/*--------------------------------*- C++ -*----------------------------------*\
| =========                 |                                                 |
| \\      /  F ield         | OpenFOAM: The Open Source CFD Toolbox           |
|  \\    /   O peration     | Version:  2506                                  |
|   \\  /    A nd           | Website:  www.openfoam.com                      |
|    \\/     M anipulation  |                                                 |
\*---------------------------------------------------------------------------*/
FoamFile
{
    version     2.0;
    format      ascii;
    arch        "LSB;label=32;scalar=64";
    class       volScalarField;
    location    "0/jellyRoll";
    object      Cx;
}
// * * * * * * * * * * * * * * * * * * * * * * * * * * * * * * * * * * * * * //

dimensions      [0 1 0 0 0 0 0];

internalField   nonuniform List<scalar> 
27144
(
-0.017388389
-0.0075189963
0.0025265229
0.012521584
0.021959615
-0.047414175
-0.038190875
-0.02777435
-0.017618736
-0.0075258432
0.0025145295
0.012575212
0.022734539
0.03278823
0.042975825
-0.058408092
-0.047983775
-0.037750039
-0.02761552
-0.017545861
-0.0075104435
0.0025048196
0.012527847
0.022578458
0.032658936
0.042833961
0.053031295
0.06297835
-0.077023562
-0.068692923
-0.058106291
-0.047732104
-0.03758266
-0.027529409
-0.017510039
-0.0075023369
0.0025009764
0.012505814
0.022517353
0.032545302
0.042626455
0.052841189
0.063348501
0.073153385
-0.078044958
-0.067946568
-0.057718309
-0.047571142
-0.03751986
-0.02750587
-0.01750188
-0.0075004819
0.0025001768
0.01250105
0.022503164
0.032509696
0.042534316
0.052618891
0.062811844
0.072946947
0.083177667
-0.088549159
-0.078042093
-0.067685195
-0.057558545
-0.047516113
-0.037504288
-0.02750137
-0.017500513
-0.0075001628
0.0025000474
0.012500291
0.02250077
0.032502149
0.04250757
0.052529159
0.062598512
0.072800962
0.083284473
0.092439059
-0.097815188
-0.088258012
-0.07777799
-0.067570607
-0.057515587
-0.04750384
-0.037501239
-0.02750052
-0.017500239
-0.0075000885
0.0025000203
0.012500138
0.022500321
0.03250072
0.042501959
0.052507174
0.06253211
0.072643962
0.08299308
0.093794331
-0.098665825
-0.087986307
-0.077632743
-0.067526289
-0.057505048
-0.047501388
-0.037500572
-0.027500287
-0.017500147
-0.0075000588
0.0025000114
0.012500085
0.022500186
0.032500367
0.042500805
0.052502411
0.062511148
0.072559901
0.082756233
0.093183964
0.10231435
-0.098186627
-0.08775501
-0.077557727
-0.067510005
-0.057502048
-0.047500697
-0.037500337
-0.027500186
-0.017500101
-0.0075000417
0.0025000072
0.012500058
0.022500123
0.032500227
0.04250044
0.052501079
0.062504226
0.07252368
0.082620469
0.092915979
0.10345252
-0.10682362
-0.097803294
-0.087616322
-0.077523383
-0.067503898
-0.057500934
-0.04750039
-0.037500215
-0.027500128
-0.017500072
-0.007500031
0.0025000049
0.012500042
0.022500086
0.03250015
0.042500262
0.052500542
0.062501749
0.072509552
0.08255537
0.092718459
0.10270857
-0.10753252
-0.097757078
-0.087571081
-0.077511822
-0.067501814
-0.057500486
-0.047500241
-0.03750015
-0.027500096
-0.017500057
-0.0075000247
0.002500004
0.012500033
0.022500067
0.03250011
0.042500173
0.052500306
0.062500834
0.072504514
0.082530061
0.092644528
0.10278411
-0.1077046
-0.097776626
-0.087568386
-0.077510539
-0.067501522
-0.057500405
-0.04750021
-0.037500136
-0.027500089
-0.017500053
-0.0075000231
0.0025000043
0.012500032
0.022500064
0.032500103
0.042500158
0.052500265
0.062500692
0.072503818
0.082527098
0.09264229
0.10284949
-0.10720041
-0.097741719
-0.087582133
-0.077515427
-0.067502531
-0.057500644
-0.047500292
-0.037500172
-0.027500106
-0.017500061
-0.0075000261
0.0025000056
0.012500038
0.022500077
0.03250013
0.042500214
0.052500405
0.062501178
0.072506298
0.082538652
0.092663404
0.10270375
-0.10675571
-0.097980131
-0.087669347
-0.07753654
-0.067506278
-0.05750137
-0.047500506
-0.037500259
-0.027500149
-0.017500082
-0.0075000339
0.0025000079
0.012500052
0.022500108
0.032500192
0.04250035
0.052500778
0.062502718
0.072515174
0.082584563
0.092823751
0.10333805
-0.098164915
-0.087846109
-0.077588996
-0.067516542
-0.057503184
-0.047500945
-0.037500419
-0.027500221
-0.017500117
-0.0075000472
0.0025000113
0.012500074
0.022500158
0.0325003
0.042500611
0.052501631
0.062506895
0.072538125
0.082680291
0.093052232
0.10287626
-0.098493427
-0.08813291
-0.077699782
-0.067543923
-0.057508587
-0.047502118
-0.037500768
-0.027500359
-0.017500177
-0.0075000689
0.0025000165
0.01250011
0.022500249
0.032500519
0.042501253
0.052504216
0.062519841
0.072597504
0.082869494
0.093327041
-0.088338378
-0.077896583
-0.067613741
-0.057528633
-0.047507126
-0.037502013
-0.027500738
-0.017500314
-0.0075001121
0.0025000269
0.012500187
0.022500474
0.032501208
0.042503827
0.052514937
0.062560979
0.072732735
0.083171741
0.09346016
-0.088270389
-0.078142818
-0.067774988
-0.057607585
-0.047531648
-0.037508272
-0.027502425
-0.01750082
-0.0075002447
0.0025000603
0.012500448
0.022501394
0.032504505
0.042516716
0.052561868
0.062685068
0.07293824
0.083835874
-0.077840199
-0.068172578
-0.057855379
-0.047621572
-0.037537455
-0.027511734
-0.017503711
-0.0075009359
0.0025002263
0.012501866
0.022506545
0.032521294
0.042569957
0.052715935
0.063039643
0.073017608
0.081745906
-0.068458292
-0.05818824
-0.047818387
-0.037636594
-0.027553728
-0.01751904
-0.0075047367
0.0025009922
0.012509193
0.02253137
0.032586172
0.042720099
0.052968625
0.06371255
0.072284775
-0.057394337
-0.048306093
-0.037844182
-0.027668843
-0.017567996
-0.0075177727
0.0025030379
0.012531029
0.022603399
0.032727466
0.042933474
0.053100102
-0.037182048
-0.027920062
-0.017595094
-0.0075286675
0.0024989463
0.012527339
0.022900126
0.032607143
-0.017279924
-0.0074485872
0.0024810753
0.012405787
0.022074516
-0.047388969
-0.038108337
-0.02760765
-0.015199873
-0.0049952951
0.0049974944
0.015212771
0.022766698
0.032627347
0.042887299
-0.058200078
-0.045507253
-0.035180986
-0.024981561
-0.014929589
-0.0050027284
0.0050048833
0.014933144
0.024982815
0.035169296
0.045467254
0.052984723
0.062998729
-0.076679547
-0.067626363
-0.055372659
-0.045106489
-0.035102873
-0.025047274
-0.015017244
-0.0050027976
0.0050034389
0.015017575
0.025045387
0.03509539
0.045090669
0.055361101
0.063076497
0.072459911
-0.077658043
-0.065213562
-0.055060189
-0.045094972
-0.035051849
-0.02502713
-0.01501225
-0.005003307
0.0050033172
0.015011987
0.025025901
0.035048524
0.045088441
0.05505153
0.065205364
0.072756119
0.082995128
-0.088331445
-0.075451683
-0.065077005
-0.055090121
-0.045050545
-0.035028804
-0.025015566
-0.0150076
-0.0050022853
0.0050021097
0.015007281
0.025014859
0.035027354
0.045047984
0.055086296
0.065072395
0.075453885
0.083243537
0.092333027
-0.097644114
-0.085581243
-0.075188623
-0.06512437
-0.055058867
-0.045031617
-0.035017697
-0.02500995
-0.015005086
-0.0050016161
0.0050013983
0.015004792
0.025009477
0.035016915
0.045030394
0.055057108
0.065122287
0.075187464
0.085583701
0.093815071
-0.098418583
-0.085405011
-0.075186505
-0.065080921
-0.055039242
-0.045020811
-0.035011869
-0.025006834
-0.015003588
-0.0050011782
0.0050009655
0.015003327
0.025006466
0.035011324
0.045020006
0.055038067
0.065079082
0.075182398
0.085393877
0.093078981
0.10214491
-0.097913345
-0.085293572
-0.075103533
-0.065047175
-0.05502415
-0.045013646
-0.035008136
-0.02500484
-0.015002605
-0.0050008773
0.0050006878
0.01500238
0.025004539
0.035007709
0.045013024
0.055023219
0.065045614
0.075100097
0.085285191
0.092908165
0.10324282
-0.10650908
-0.094964931
-0.084970703
-0.075040219
-0.065023405
-0.055013907
-0.045008796
-0.035005666
-0.025003542
-0.015001968
-0.0050006776
0.0050005164
0.015001781
0.025003301
0.035005331
0.045008316
0.055013207
0.065022346
0.075038504
0.084968038
0.094963201
0.10229827
-0.10726551
-0.095015843
-0.085026449
-0.075016045
-0.065011971
-0.055008705
-0.045006287
-0.035004393
-0.025002882
-0.015001646
-0.0050005743
0.0050004372
0.015001492
0.025002691
0.035004139
0.045005936
0.055008211
0.065011264
0.075014955
0.085024402
0.095012472
0.10243252
-0.1074613
-0.095016003
-0.085026174
-0.075015883
-0.065011897
-0.055008669
-0.045006272
-0.03500439
-0.025002885
-0.015001649
-0.0050005726
0.0050004473
0.015001514
0.025002731
0.035004201
0.045006028
0.055008344
0.065011461
0.075015269
0.085024871
0.095012609
0.10255693
-0.10691077
-0.09496328
-0.084969012
-0.075039617
-0.065023195
-0.055013812
-0.045008758
-0.035005664
-0.025003557
-0.015001982
-0.0050006769
0.0050005437
0.015001847
0.025003419
0.035005518
0.045008596
0.055013615
0.065022966
0.075039582
0.084969985
0.094964753
0.10226694
-0.10652879
-0.097754007
-0.08528965
-0.075102681
-0.06504695
-0.055024035
-0.045013603
-0.03500815
-0.025004882
-0.015002646
-0.0050008911
0.005000722
0.015002483
0.025004734
0.035008028
0.045013513
0.055023954
0.065046773
0.075102343
0.085290355
0.09280316
0.10304023
-0.097868846
-0.085403139
-0.075186774
-0.065080896
-0.055039081
-0.045020731
-0.035011892
-0.025006916
-0.015003676
-0.0050012285
0.0050009857
0.015003448
0.025006729
0.035011788
0.045020771
0.05503933
0.065081217
0.075186088
0.085400843
0.092984593
0.10264504
-0.098245198
-0.085595231
-0.075191072
-0.065123977
-0.055058196
-0.045031239
-0.03501761
-0.02501004
-0.015005233
-0.0050017334
0.0050013637
0.015004887
0.025009775
0.035017544
0.045031586
0.055059449
0.065127033
0.075195763
0.085598231
0.093220886
-0.0881287
-0.075453672
-0.06507314
-0.0550874
-0.045048933
-0.035028135
-0.02501548
-0.015007768
-0.0050025047
0.0050019296
0.015007213
0.025015077
0.035028165
0.045049847
0.055090288
0.065081054
0.07547078
0.083151596
0.093298837
-0.088131974
-0.078013095
-0.065207615
-0.055054046
-0.04508974
-0.035049257
-0.02502628
-0.015012244
-0.0050036552
0.0050027462
0.015011285
0.025025585
0.035049527
0.045091492
0.055056975
0.06521497
0.072902572
0.083661298
-0.077465929
-0.06767662
-0.055372961
-0.045094442
-0.035095745
-0.025044291
-0.015016445
-0.0050032299
0.0050017772
0.015014584
0.025042746
0.035096583
0.04509739
0.0553656
0.062875891
0.072351976
0.081690626
-0.067991954
-0.058029363
-0.045490943
-0.035170369
-0.024975089
-0.014926553
-0.0050027633
0.0050007153
0.014922983
0.024971382
0.03517243
0.045499203
0.052970491
0.063470104
0.071666682
-0.057212377
-0.048454511
-0.037811365
-0.027658981
-0.015191694
-0.0049915878
0.004992062
0.01519097
0.022661183
0.032621731
0.04280282
0.053025954
-0.037186726
-0.027862951
-0.01747919
-0.0075098249
0.0024462684
0.012403874
0.02298998
0.032481096
-0.017228509
-0.0074299727
0.0024717081
0.01235705
0.021881692
-0.047355666
-0.038118848
-0.027549009
-0.015156284
-0.0049795707
0.0049779187
0.015158059
0.022655091
0.032559884
0.042807503
-0.058142165
-0.04545963
-0.035165374
-0.024915769
-0.014868191
-0.005000747
0.0050017502
0.014870515
0.024914919
0.035148813
0.045428397
0.052875643
0.062879838
-0.07664483
-0.067463597
-0.055227507
-0.045046856
-0.035127478
-0.025068972
-0.015030723
-0.0050070487
0.0050075222
0.015031053
0.025067234
0.035120781
0.045035583
0.055213902
0.062835131
0.072365126
-0.077573575
-0.065050755
-0.054982115
-0.045126014
-0.035084534
-0.02504878
-0.015023822
-0.0050067979
0.0050066574
0.015023383
0.025047282
0.035081094
0.045120741
0.054976279
0.065053231
0.072581482
0.083126262
-0.08835929
-0.075364466
-0.065032099
-0.055130574
-0.045088215
-0.035056828
-0.025033798
-0.015017423
-0.0050053969
0.0050049496
0.015016769
0.025032619
0.035054805
0.045085359
0.055127539
0.065032181
0.07537748
0.083211954
0.092336745
-0.097672824
-0.085465945
-0.07517901
-0.065190482
-0.055108888
-0.045065752
-0.035040509
-0.025024146
-0.015012762
-0.0050041218
0.0050035655
0.015012066
0.025023136
0.035039004
0.045063638
0.055106215
0.065187702
0.075176743
0.085458453
0.093706261
-0.098359666
-0.085325393
-0.075242744
-0.065141455
-0.055081194
-0.045048312
-0.035029449
-0.025017618
-0.015009448
-0.0050031325
0.0050025724
0.015008782
0.025016721
0.035028175
0.045046497
0.055078648
0.065137878
0.075237206
0.085316034
0.092890575
0.10216714
-0.097813984
-0.085224626
-0.075136939
-0.065087058
-0.055053747
-0.04503353
-0.035021074
-0.0250129
-0.015007052
-0.0050023897
0.0050018799
0.015006457
0.025012122
0.035019991
0.045031985
0.055051521
0.065083791
0.075131931
0.085217338
0.092715024
0.10318583
-0.10646157
-0.094731197
-0.084870478
-0.075053206
-0.065044283
-0.055032181
-0.045022343
-0.035015055
-0.025009636
-0.015005419
-0.0050018743
0.0050014346
0.015004915
0.025008993
0.035014179
0.045021115
0.055030444
0.06504183
0.075049785
0.084866229
0.094727907
0.10209191
-0.10720572
-0.094804195
-0.084965575
-0.075010865
-0.065021662
-0.055020495
-0.04501628
-0.035011846
-0.025007931
-0.015004576
-0.0050016029
0.0050012249
0.015004154
0.025007416
0.035011174
0.045015372
0.055019258
0.065020001
0.075008727
0.084963184
0.0948028
0.10213163
-0.10740227
-0.094804402
-0.084965356
-0.075010626
-0.065021505
-0.055020411
-0.045016247
-0.035011845
-0.025007944
-0.015004587
-0.0050016006
0.0050012515
0.015004215
0.025007522
0.035011337
0.045015609
0.055019589
0.065020453
0.07500933
0.084963881
0.094803183
0.10227038
-0.10685052
-0.094730835
-0.084869396
-0.075052443
-0.065043839
-0.055031958
-0.045022273
-0.035015077
-0.025009696
-0.015005471
-0.0050018807
0.0050015055
0.015005091
0.025009307
0.035014669
0.045021829
0.055031443
0.065043204
0.075051668
0.084868487
0.094729919
0.10196186
-0.10649236
-0.097620282
-0.085223156
-0.075135855
-0.065086468
-0.055053482
-0.045033502
-0.035021191
-0.02501307
-0.015007197
-0.0050024453
0.0050019659
0.015006731
0.025012634
0.035020806
0.045033181
0.055053194
0.065086076
0.075135091
0.08522209
0.092596624
0.1028786
-0.097795854
-0.085322772
-0.075241605
-0.06514083
-0.055080952
-0.045048399
-0.035029743
-0.025017988
-0.015009771
-0.005003307
0.0050026183
0.015009108
0.0250174
0.0350293
0.04504818
0.055080991
0.06514092
0.075240856
0.085319391
0.092776274
0.10259535
-0.098244962
-0.085467287
-0.075177893
-0.065189422
-0.055108434
-0.045065879
-0.035040982
-0.025024787
-0.015013367
-0.0050045171
0.0050034784
0.015012356
0.025023904
0.035040395
0.045065807
0.055109184
0.065191174
0.075179738
0.085458666
0.093014121
-0.088065322
-0.07536043
-0.065029066
-0.055129222
-0.045087929
-0.035057202
-0.025034683
-0.015018416
-0.0050061481
0.0050045716
0.015016823
0.025033279
0.035056358
0.045088067
0.055131148
0.065033848
0.075371959
0.082997833
0.09316068
-0.08810451
-0.077907081
-0.065042669
-0.054978504
-0.04512375
-0.035083803
-0.025049664
-0.015025307
-0.0050080671
0.0050057207
0.015022712
0.025047291
0.035082539
0.045124153
0.054982237
0.0650528
0.072694622
0.083634717
-0.077370879
-0.067426719
-0.055213398
-0.045038944
-0.035123202
-0.025069454
-0.015032917
-0.0050089318
0.0050056716
0.015028458
0.025064992
0.035121307
0.045040601
0.055225778
0.062604011
0.072103141
0.081650574
-0.06779189
-0.057883125
-0.045432562
-0.035148812
-0.024915683
-0.014871473
-0.0050026247
0.0049992392
0.014863728
0.024905972
0.035147275
0.045441796
0.052811396
0.063407699
0.071605786
-0.05721748
-0.048244325
-0.037753521
-0.027656442
-0.015159981
-0.0049783336
0.0049789671
0.015148803
0.022515205
0.032500306
0.042670257
0.05292433
-0.037008053
-0.027841045
-0.017439091
-0.0075369994
0.0023935369
0.012323784
0.022864145
0.032396123
-0.017199197
-0.0074201952
0.0024719388
0.012353402
0.02200558
-0.047270662
-0.038128828
-0.027558552
-0.015138383
-0.0049728066
0.0049744594
0.01514795
0.022658985
0.032549256
0.042891829
-0.058147108
-0.045430723
-0.035151953
-0.024904139
-0.014858186
-0.0049976745
0.0049993093
0.014861689
0.024905728
0.035149588
0.045437434
0.052901222
0.062819928
-0.076610959
-0.067440107
-0.055199216
-0.045035274
-0.035131915
-0.025074647
-0.015033516
-0.0050075635
0.0050081602
0.015034369
0.025074593
0.035130513
0.045035652
0.055196111
0.062774897
0.072316233
-0.077548629
-0.065023095
-0.054968448
-0.045134459
-0.035099245
-0.025061062
-0.015030925
-0.0050090425
0.0050088076
0.015030628
0.025060357
0.035098131
0.045133785
0.054967898
0.065020908
0.072532038
0.083081408
-0.088327879
-0.075361735
-0.065036742
-0.055146882
-0.045108224
-0.035075118
-0.025046992
-0.015025048
-0.0050079268
0.0050072297
0.015024238
0.025045902
0.03507367
0.045106517
0.055144664
0.065033659
0.07535734
0.083182279
0.092331077
-0.097711664
-0.085469227
-0.075197748
-0.065223128
-0.055138764
-0.045089722
-0.035058328
-0.025036174
-0.01501963
-0.0050064405
0.0050055462
0.015018606
0.025034862
0.035056555
0.04508728
0.055135234
0.065217857
0.075189563
0.085451535
0.093724993
-0.098364705
-0.085326306
-0.075272292
-0.065177412
-0.055111031
-0.045070262
-0.035044862
-0.025027725
-0.015015182
-0.0050050925
0.0050041689
0.015014123
0.025026371
0.03504301
0.045067637
0.055107226
0.06517182
0.075264003
0.085314285
0.092866828
0.10213657
-0.097801267
-0.08521598
-0.075155751
-0.065112886
-0.055076242
-0.045050656
-0.035033249
-0.025020944
-0.015011653
-0.0050039847
0.0050031315
0.015010676
0.025019699
0.035031551
0.045048266
0.055072837
0.065108028
0.075148893
0.08520655
0.092686564
0.1032114
-0.10645552
-0.094694703
-0.084844875
-0.075054385
-0.065056895
-0.055046446
-0.045034549
-0.03502429
-0.025015962
-0.015009116
-0.0050031756
0.0050024343
0.015008276
0.02501491
0.035022885
0.045032617
0.055043784
0.065053292
0.075049716
0.084839528
0.094689727
0.10206833
-0.10720002
-0.094762321
-0.084932644
-0.075000538
-0.065025894
-0.055029654
-0.045025498
-0.03501936
-0.025013287
-0.015007774
-0.0050027393
0.0050020991
0.015007067
0.025012437
0.035018274
0.045024071
0.055027777
0.065023503
0.074997697
0.084929761
0.094760369
0.10209883
-0.1073965
-0.094762264
-0.084932332
-0.075000208
-0.065025663
-0.05502953
-0.045025456
-0.035019369
-0.025013317
-0.015007799
-0.0050027382
0.0050021431
0.015007169
0.025012613
0.035018544
0.045024458
0.055028311
0.065024208
0.074998597
0.084930857
0.094761531
0.10223845
-0.10684663
-0.094694051
-0.084843678
-0.075053372
-0.065056242
-0.055046128
-0.045034483
-0.035024373
-0.025016099
-0.015009226
-0.0050031966
0.0050025502
0.015008572
0.025015432
0.035023689
0.045033771
0.055045368
0.06505541
0.07505249
0.08484294
0.094694573
0.10193025
-0.10649301
-0.097592613
-0.08521412
-0.075154192
-0.065112027
-0.055075959
-0.045050777
-0.035033583
-0.025021328
-0.015011955
-0.005004104
0.0050032702
0.015011135
0.025020544
0.035032867
0.045050157
0.055075429
0.065111472
0.0751534
0.085213413
0.092558592
0.10284588
-0.097783882
-0.085322109
-0.075270408
-0.065176762
-0.055111192
-0.045070931
-0.035045744
-0.0250286
-0.015015866
-0.0050054431
0.0050042431
0.015014686
0.025027487
0.035044773
0.045070175
0.055110671
0.065176148
0.07526872
0.085318346
0.092756018
0.10262268
-0.098232578
-0.085461777
-0.075196547
-0.065223219
-0.055139928
-0.045091453
-0.03506016
-0.025037887
-0.015020982
-0.0050072216
0.0050054283
0.015019182
0.02503616
0.035058635
0.045090245
0.055139173
0.065222445
0.075193656
0.08545084
0.092999133
-0.088050447
-0.075363169
-0.065038055
-0.055149871
-0.045111653
-0.035078312
-0.025049996
-0.015027492
-0.0050094181
0.0050067553
0.015024706
0.025047247
0.035075845
0.045109562
0.055148467
0.065036629
0.075359051
0.082974782
0.093204426
-0.088099211
-0.077895641
-0.065025423
-0.054973466
-0.045139445
-0.035103828
-0.025065969
-0.015035202
-0.0050116415
0.0050078159
0.015030829
0.025061552
0.035100049
0.045135978
0.054970827
0.065020995
0.072642538
0.083531678
-0.077380231
-0.067374957
-0.055196727
-0.045039835
-0.035136735
-0.025082548
-0.015041132
-0.0050117338
0.0050066556
0.01503402
0.025075144
0.035131488
0.045034704
0.055191282
0.062524812
0.07205677
0.081655554
-0.06775432
-0.057833505
-0.045435288
-0.03515432
-0.024918815
-0.014872522
-0.0050033958
0.004998098
0.014860047
0.024904126
0.035148164
0.045425492
0.052758036
0.063230358
0.071583579
-0.057212107
-0.048325862
-0.037778561
-0.027659301
-0.015165923
-0.0049779738
0.004976905
0.015143413
0.022500041
0.032499055
0.042655149
0.052864356
-0.037055825
-0.027870267
-0.017468626
-0.0075388698
0.0023935348
0.012318425
0.022840282
0.032433425
-0.017161253
-0.0074218347
0.0024767789
0.012368306
0.021894477
-0.047322756
-0.038078044
-0.02750987
-0.01512679
-0.0049699943
0.0049732087
0.015137255
0.022627217
0.032557772
0.042883502
-0.058085346
-0.045420116
-0.035145792
-0.024896891
-0.014853425
-0.0049962287
0.0049976002
0.014856279
0.02489917
0.035145145
0.045429037
0.05288083
0.063012382
-0.076629296
-0.067386759
-0.055177073
-0.045027668
-0.035131433
-0.025075737
-0.015034267
-0.0050078336
0.005008043
0.015034879
0.025076722
0.035134122
0.045037767
0.055204934
0.062839634
0.072296976
-0.07755957
-0.065012453
-0.054963386
-0.04513729
-0.035106354
-0.025068142
-0.015035426
-0.0050106319
0.0050100657
0.015035077
0.025068269
0.035107812
0.045141416
0.05496961
0.065011859
0.072502715
0.082950257
-0.08833861
-0.075359615
-0.065039587
-0.055155505
-0.04512035
-0.035087334
-0.025056595
-0.01503093
-0.0050099838
0.0050089511
0.015029954
0.025055764
0.035086831
0.045120175
0.055154332
0.065034217
0.075343019
0.083123469
0.092311697
-0.09769907
-0.085468584
-0.07520528
-0.06523858
-0.055157243
-0.045106803
-0.035072081
-0.025045915
-0.015025389
-0.0050084501
0.0050071964
0.015024064
0.025044432
0.035070288
0.04510433
0.055153185
0.065231575
0.075194012
0.085453818
0.093733683
-0.098355681
-0.085327889
-0.075284785
-0.065197658
-0.055131802
-0.045087376
-0.035057558
-0.025036434
-0.015020285
-0.0050068773
0.0050055957
0.015018867
0.025034712
0.035055286
0.045084165
0.055127081
0.065190769
0.075275302
0.085315951
0.092877076
0.10216051
-0.097796189
-0.085214596
-0.075164487
-0.065129139
-0.055093003
-0.04506456
-0.035043728
-0.025028184
-0.01501592
-0.0050054877
0.0050043079
0.015014594
0.025026537
0.03504153
0.045061521
0.055088745
0.065123295
0.075156816
0.08520404
0.092678239
0.10316319
-0.10645601
-0.094687459
-0.084836473
-0.075054487
-0.065064902
-0.055057251
-0.045044674
-0.035032471
-0.025021824
-0.015012639
-0.0050044291
0.0050034081
0.015011496
0.025020419
0.035030635
0.045042212
0.055053958
0.065060639
0.075049329
0.084831033
0.0946831
0.10205991
-0.10719774
-0.094751743
-0.08491922
-0.074994255
-0.065028054
-0.05503642
-0.045033224
-0.035026125
-0.02501833
-0.015010866
-0.0050038463
0.0050029677
0.015009905
0.025017195
0.035024713
0.045031429
0.055034155
0.065025325
0.074991219
0.084916311
0.094749823
0.10209391
-0.10739483
-0.094751846
-0.084918925
-0.074993889
-0.065027791
-0.055036294
-0.045033179
-0.035026146
-0.025018378
-0.015010904
-0.0050038463
0.0050030283
0.015010045
0.025017436
0.035025079
0.045031953
0.055034889
0.065026266
0.074992354
0.084917586
0.09475112
0.10223401
-0.10684369
-0.094687185
-0.084835314
-0.075053293
-0.065064081
-0.055056856
-0.045044627
-0.035032625
-0.025022041
-0.015012807
-0.0050044642
0.0050035681
0.015011904
0.02502113
0.035031717
0.045043751
0.055056055
0.06506344
0.075052839
0.084834987
0.094686523
0.10192609
-0.10649261
-0.097588274
-0.085211985
-0.075162527
-0.065128041
-0.055092738
-0.045064872
-0.035044312
-0.025028798
-0.015016383
-0.0050056678
0.0050045013
0.015015228
0.025027681
0.035043285
0.045064022
0.055092185
0.065127896
0.075162776
0.085212674
0.092552109
0.10285593
-0.097786192
-0.085323448
-0.075282845
-0.065197183
-0.055132503
-0.045088758
-0.035059131
-0.025037868
-0.015021346
-0.0050073943
0.0050057133
0.015019664
0.02503622
0.035057595
0.045087475
0.055131719
0.065197014
0.075282919
0.085323994
0.092753829
0.10259826
-0.098240728
-0.085465768
-0.075205263
-0.065240165
-0.05516038
-0.045110497
-0.035075557
-0.025048855
-0.015027531
-0.005009588
0.0050071015
0.015024972
0.02504624
0.035072952
0.045108045
0.055158598
0.065239518
0.075204633
0.085456891
0.092993808
-0.088069156
-0.075367324
-0.065045887
-0.055163801
-0.04512828
-0.035093956
-0.025062042
-0.015034906
-0.0050121203
0.0050085182
0.015031036
0.025057929
0.035089632
0.045123621
0.055159557
0.065043802
0.075365293
0.082972923
0.093142957
-0.088204077
-0.07793781
-0.065030098
-0.054981951
-0.04515155
-0.035117127
-0.025077326
-0.015042341
-0.0050142856
0.0050093691
0.015036648
0.025071247
0.035110951
0.045143789
0.054972759
0.065023849
0.072647368
0.083566766
-0.077384877
-0.067391242
-0.0552135
-0.045049048
-0.035145551
-0.025090285
-0.015046099
-0.0050135183
0.0050075029
0.015037871
0.025081879
0.035139378
0.045040179
0.055200945
0.062526957
0.072070471
0.081662405
-0.067841631
-0.05787626
-0.045440845
-0.035154641
-0.024922636
-0.01487529
-0.0050040736
0.0049983273
0.014862272
0.024909738
0.035158134
0.045443985
0.052775382
0.063314408
0.07161683
-0.057210241
-0.048286778
-0.037770704
-0.027664211
-0.015169767
-0.0049780182
0.0049777198
0.015147645
0.022510081
0.032514032
0.042666017
0.052869413
-0.037056962
-0.027875703
-0.017467943
-0.0075364266
0.0023946404
0.012329701
0.022876338
0.032429147
-0.017241426
-0.0074197581
0.00247593
0.012349693
0.021888709
-0.047266424
-0.038121331
-0.027517248
-0.015132595
-0.004970146
0.0049709237
0.015125482
0.022607636
0.032521991
0.042815755
-0.058082597
-0.045407793
-0.035139079
-0.024895432
-0.014853886
-0.0049965696
0.0049958947
0.014851598
0.024891469
0.035138436
0.045439751
0.052884177
0.062804299
-0.076631665
-0.067402093
-0.05517609
-0.045024807
-0.035130448
-0.02507652
-0.015035429
-0.0050085975
0.0050074513
0.015034405
0.025077049
0.035136194
0.045042224
0.055205556
0.062788111
0.072310965
-0.077530174
-0.065005798
-0.054963074
-0.045139204
-0.035110155
-0.025072271
-0.015038449
-0.0050119352
0.0050105451
0.01503745
0.025072547
0.035113213
0.045146163
0.0549715
0.065011604
0.072505872
0.083003951
-0.08833126
-0.075346909
-0.06503938
-0.055160232
-0.045127595
-0.035095151
-0.025063403
-0.015035394
-0.0050116804
0.0050100863
0.015034003
0.025062531
0.035095118
0.045128151
0.055159639
0.065035758
0.075344004
0.083134899
0.092319128
-0.097695784
-0.085460963
-0.075205397
-0.065244716
-0.055167301
-0.045118096
-0.03508222
-0.02505358
-0.015030132
-0.0050101711
0.0050084859
0.015028433
0.025051845
0.035080284
0.045115436
0.05516296
0.065237913
0.075197066
0.085455994
0.093748491
-0.098348821
-0.085326648
-0.075288794
-0.065207048
-0.0551443
-0.045099764
-0.035067626
-0.025043582
-0.015024558
-0.0050084042
0.0050067756
0.015022799
0.02504153
0.035064973
0.04509607
0.055139096
0.065200034
0.075280468
0.085318484
0.09286553
0.10212046
-0.097807822
-0.085214081
-0.075167799
-0.06513748
-0.055104151
-0.045075187
-0.035052215
-0.025034214
-0.015019548
-0.0050067788
0.0050053233
0.015017932
0.025032248
0.035049629
0.04507172
0.055099528
0.065131581
0.075160886
0.08520643
0.092681533
0.10319151
-0.10646421
-0.094685854
-0.08483339
-0.075054594
-0.065069501
-0.055064826
-0.045052568
-0.035039137
-0.025026759
-0.015015666
-0.0050055089
0.0050042758
0.015014299
0.025025106
0.035037023
0.04504982
0.055061318
0.065065227
0.075049866
0.084828848
0.094681853
0.10206549
-0.10719906
-0.094748793
-0.084914281
-0.074991669
-0.065029587
-0.055041236
-0.045039222
-0.035031658
-0.025022601
-0.015013537
-0.0050047999
0.0050037554
0.015012404
0.025021287
0.035030067
0.045037265
0.055038886
0.065026959
0.074988984
0.084911902
0.094747215
0.10209366
-0.10739512
-0.094748678
-0.084913932
-0.074991263
-0.06502928
-0.055041076
-0.04503916
-0.03503168
-0.025022656
-0.01501358
-0.0050047967
0.0050038318
0.015012576
0.025021577
0.035030504
0.045037895
0.055039759
0.065028025
0.074990195
0.084913132
0.094748152
0.10223292
-0.10684326
-0.094684793
-0.084832126
-0.075053259
-0.065068545
-0.055064337
-0.0450525
-0.035039318
-0.025027016
-0.015015861
-0.0050055405
0.00500448
0.015014797
0.025025959
0.035038308
0.045051624
0.055063727
0.065068362
0.075053582
0.084832891
0.094685027
0.10192417
-0.10647551
-0.097585835
-0.085210833
-0.075165514
-0.065136154
-0.055103802
-0.045075556
-0.035052934
-0.025034954
-0.015020093
-0.0050069725
0.005005582
0.015018712
0.025033615
0.035051712
0.045074624
0.055103441
0.0651367
0.075167244
0.085213377
0.092550834
0.1028665
-0.097781258
-0.085320958
-0.075286179
-0.065206231
-0.055145036
-0.045101463
-0.035069589
-0.02504533
-0.015025825
-0.0050089817
0.005006974
0.015023792
0.02504329
0.03506762
0.045099822
0.055144291
0.065207123
0.075289377
0.085329652
0.092763674
0.10262702
-0.098198493
-0.085455676
-0.07520393
-0.065245786
-0.055170842
-0.04512271
-0.035086668
-0.025057273
-0.015032727
-0.0050114472
0.0050085039
0.01502963
0.025053963
0.03508315
0.045119285
0.055168614
0.065246741
0.075209318
0.085465393
0.093022788
-0.088048628
-0.075349687
-0.065044656
-0.055169886
-0.045137763
-0.035103863
-0.025070311
-0.015040163
-0.0050140173
0.0050098703
0.015035595
0.025065116
0.035097816
0.045130746
0.055163729
0.065045323
0.075364671
0.082981345
0.093193299
-0.08810272
-0.077877343
-0.065022349
-0.05498576
-0.04515866
-0.035124925
-0.025083684
-0.015046289
-0.0050157246
0.005010385
0.015040022
0.025076317
0.035115785
0.045145457
0.054968655
0.065017664
0.072653477
0.083619002
-0.077372622
-0.067391455
-0.055223277
-0.045058298
-0.03515181
-0.025093529
-0.015047565
-0.0050140067
0.0050080518
0.015039632
0.025084405
0.035141148
0.045037068
0.05517897
0.062513275
0.072084073
0.081695567
-0.067821671
-0.057874113
-0.045474116
-0.035162867
-0.024920629
-0.014872687
-0.0050033487
0.0049983155
0.014862429
0.024910187
0.035158829
0.045440513
0.052769908
0.063258863
0.071610045
-0.057174522
-0.048448413
-0.037758854
-0.027663847
-0.015160406
-0.0049764549
0.0049765466
0.015145087
0.022512286
0.032517095
0.042684441
0.052905207
-0.036971514
-0.027921996
-0.017470133
-0.0075370191
0.0023930265
0.012326126
0.022872453
0.032438049
-0.017150778
-0.0074153523
0.0024752769
0.012363362
0.021875534
-0.04729829
-0.038042294
-0.027533505
-0.015132901
-0.0049706601
0.0049701121
0.015123052
0.022598581
0.032529526
0.042850529
-0.058111674
-0.045410918
-0.035132446
-0.024896404
-0.01485629
-0.0049978989
0.0049948735
0.014850523
0.024894327
0.035152284
0.045467662
0.052943402
0.062892079
-0.076617527
-0.067421835
-0.055179747
-0.045025843
-0.035130633
-0.025078248
-0.015037427
-0.0050098101
0.0050069961
0.015034649
0.025078689
0.035139653
0.045044671
0.055189102
0.062790451
0.072341435
-0.077506801
-0.065011527
-0.054965402
-0.045142039
-0.035113295
-0.025075521
-0.015040986
-0.0050131746
0.0050106889
0.015038922
0.025075173
0.03511629
0.045148033
0.054969256
0.065005877
0.072503962
0.082966547
-0.088304802
-0.075356682
-0.065044444
-0.05516471
-0.045132711
-0.035100543
-0.025068208
-0.015038715
-0.0050130606
0.0050107402
0.015036591
0.02506667
0.035099834
0.045132086
0.055161733
0.06503557
0.075340094
0.083128412
0.092334259
-0.097680444
-0.0854612
-0.075209275
-0.065249538
-0.055173359
-0.045125184
-0.035089205
-0.025059378
-0.015033928
-0.0050116198
0.0050094404
0.015031714
0.025057101
0.035086649
0.04512167
0.05516773
0.065240556
0.075197057
0.085455224
0.093768677
-0.098341388
-0.085326561
-0.075291332
-0.065211894
-0.055151215
-0.04510771
-0.03507511
-0.025049318
-0.015028137
-0.0050097053
0.0050077525
0.015026031
0.025046875
0.035072006
0.045103503
0.055145462
0.06520431
0.075282573
0.08531971
0.092879963
0.10216331
-0.097788845
-0.085213049
-0.075169214
-0.06514143
-0.055110472
-0.045082545
-0.035058812
-0.025039132
-0.015022538
-0.0050078432
0.005006186
0.015020706
0.025036925
0.035055963
0.045078841
0.055105777
0.065135746
0.075162976
0.085207107
0.092684497
0.10320595
-0.10645247
-0.094683707
-0.084831962
-0.075054585
-0.065071878
-0.055069461
-0.045058308
-0.035044411
-0.025030739
-0.015018137
-0.0050063785
0.0050050296
0.015016648
0.025028958
0.035042174
0.045055516
0.055066097
0.065067999
0.075050645
0.08482874
0.094681578
0.10206516
-0.10719913
-0.094747636
-0.084912253
-0.074990627
-0.065030689
-0.055044493
-0.045043655
-0.035036005
-0.025026028
-0.015015702
-0.0050055556
0.0050044497
0.015014509
0.025024662
0.035034384
0.045041746
0.055042318
0.065028441
0.074988555
0.084910602
0.0947466
0.10209303
-0.10739455
-0.094747362
-0.084911855
-0.074990215
-0.065030367
-0.055044299
-0.045043567
-0.035036004
-0.025026074
-0.015015738
-0.0050055416
0.005004542
0.015014705
0.025024986
0.035034868
0.045042418
0.055043209
0.065029486
0.074989686
0.084911711
0.094747509
0.1022332
-0.1068434
-0.094684222
-0.084830769
-0.075053335
-0.065070938
-0.055068946
-0.045058182
-0.035044545
-0.025030971
-0.015018305
-0.0050063758
0.0050052836
0.015017219
0.02502991
0.035043584
0.045057426
0.055068538
0.065071049
0.075054094
0.084832083
0.094685603
0.10192612
-0.10648696
-0.097588195
-0.085211054
-0.07516706
-0.065140054
-0.055109977
-0.045082766
-0.035059456
-0.025039819
-0.015023031
-0.0050079722
0.0050065331
0.015021605
0.025038451
0.035058236
0.045081886
0.055109706
0.065140704
0.075168933
0.085214333
0.092551885
0.10286965
-0.097782242
-0.085322859
-0.075288434
-0.065210525
-0.055151452
-0.045109092
-0.035076901
-0.025050957
-0.015029315
-0.0050101776
0.0050080904
0.015027197
0.02504882
0.035074828
0.045107355
0.055150587
0.065211138
0.075291027
0.085328698
0.092760295
0.10260194
-0.098223277
-0.085460338
-0.075205803
-0.065248807
-0.055175659
-0.045129124
-0.035093352
-0.025062907
-0.015036384
-0.005012722
0.0050096724
0.015033146
0.025059392
0.035089539
0.045125368
0.055173016
0.065248739
0.075208793
0.085463656
0.093014364
-0.088047617
-0.075351523
-0.065044771
-0.055171682
-0.045141716
-0.035108866
-0.025074833
-0.015043159
-0.0050150657
0.0050108596
0.015038476
0.025069293
0.035102115
0.045133875
0.055164729
0.065043205
0.075357793
0.082967751
0.093164508
-0.088053272
-0.077855049
-0.065017884
-0.054982853
-0.045160178
-0.03512807
-0.025086397
-0.015047983
-0.0050162845
0.0050110709
0.015041844
0.025078549
0.035117136
0.045144689
0.054964922
0.065010419
0.072642298
0.083555243
-0.077378889
-0.06738915
-0.055209553
-0.045058568
-0.035154262
-0.025093944
-0.015047301
-0.0050138758
0.0050084166
0.015040366
0.02508458
0.035138871
0.045030136
0.055166213
0.062484976
0.072074815
0.081692877
-0.067833127
-0.05787621
-0.045473443
-0.03516848
-0.024915282
-0.014868157
-0.0050023244
0.0049982019
0.014861984
0.024908057
0.035152524
0.045416736
0.052733941
0.063136457
0.071609662
-0.05721806
-0.048372471
-0.037809834
-0.027644662
-0.015144797
-0.0049746633
0.0049745678
0.015140534
0.022504133
0.032512858
0.042673886
0.052864034
-0.037091941
-0.027799858
-0.017425204
-0.0075317139
0.0023911178
0.012311208
0.022820003
0.032428204
-0.01721433
-0.0074218178
0.0024787585
0.012354847
0.021878576
-0.047277328
-0.038031773
-0.027541028
-0.015142616
-0.0049741343
0.004970185
0.015127238
0.022601637
0.032573553
0.042899495
-0.058095272
-0.045419997
-0.035139433
-0.024901081
-0.014860417
-0.0049999964
0.0049947667
0.014852306
0.024897967
0.035151299
0.04543926
0.05290792
0.062849504
-0.076636984
-0.067384529
-0.055172985
-0.045031594
-0.035135836
-0.025082253
-0.015040402
-0.0050113524
0.0050069333
0.015035742
0.025080137
0.035139243
0.045039275
0.055191481
0.062766836
0.072342446
-0.077585755
-0.065018213
-0.054968389
-0.045146913
-0.035117861
-0.025079255
-0.015043611
-0.0050144323
0.0050108216
0.015040134
0.025076804
0.035117295
0.045147551
0.054968991
0.065010021
0.072506638
0.08293508
-0.088358596
-0.075371879
-0.065050612
-0.05516922
-0.045137419
-0.035105078
-0.025072025
-0.015041344
-0.0050142012
0.0050111416
0.01503828
0.025069122
0.035102345
0.045134111
0.055163486
0.065037897
0.075339612
0.083111174
0.092320643
-0.097689226
-0.085469042
-0.075214444
-0.065253578
-0.055177591
-0.045129915
-0.035093986
-0.025063503
-0.015036719
-0.005012729
0.0050101004
0.015033939
0.025060449
0.035090392
0.045125151
0.055170631
0.065242653
0.075197548
0.085446093
0.093681052
-0.098351785
-0.085329248
-0.07529346
-0.065214704
-0.055155087
-0.045112445
-0.03508004
-0.025053549
-0.015030955
-0.0050107483
0.0050085562
0.015028558
0.025050716
0.035076481
0.045107799
0.055148962
0.065206708
0.075283671
0.085319691
0.092869202
0.10214596
-0.097797754
-0.085213053
-0.075169825
-0.065143304
-0.055113751
-0.045086928
-0.035063431
-0.025042963
-0.015024992
-0.0050087071
0.0050069593
0.015023049
0.025040624
0.035060469
0.045083194
0.055109201
0.065137983
0.075164108
0.085208065
0.092684718
0.10320497
-0.10645359
-0.094682967
-0.084831078
-0.07505436
-0.065072938
-0.055071952
-0.045061922
-0.03504831
-0.025033921
-0.015020121
-0.0050070498
0.0050057058
0.015018635
0.025032143
0.035046115
0.045059289
0.055068933
0.065069607
0.075051195
0.084828749
0.094682278
0.10206461
-0.10719852
-0.09474697
-0.084911126
-0.074990018
-0.065031249
-0.055046417
-0.045046626
-0.035039267
-0.025028742
-0.015017412
-0.0050061203
0.0050050748
0.015016285
0.025027453
0.035037764
0.04504493
0.055044567
0.065029456
0.074988521
0.084910082
0.094746272
0.10209293
-0.10739484
-0.094746655
-0.084910792
-0.07498971
-0.065031013
-0.05504627
-0.04504654
-0.035039241
-0.025028764
-0.015017428
-0.005006089
0.0050051839
0.0150165
0.025027802
0.035038266
0.045045588
0.055045409
0.06503041
0.074989476
0.084910919
0.094746766
0.10223252
-0.1068417
-0.094682611
-0.084830129
-0.075053401
-0.065072219
-0.055071524
-0.045061755
-0.035048349
-0.025034068
-0.015020214
-0.0050069844
0.0050060154
0.015019267
0.025033169
0.035047581
0.045061187
0.055071251
0.065072345
0.075054044
0.084831242
0.09468403
0.10192684
-0.10647897
-0.097584735
-0.085210297
-0.075167974
-0.065142097
-0.055113171
-0.045086894
-0.035063803
-0.025043415
-0.015025293
-0.0050086957
0.0050074154
0.015024054
0.025042272
0.035062829
0.045086223
0.055112919
0.065142388
0.075168973
0.085212942
0.092551738
0.10287729
-0.097780773
-0.085324521
-0.075290584
-0.065213065
-0.055154704
-0.045113065
-0.035081133
-0.025054654
-0.015031745
-0.0050109539
0.0050090837
0.01502989
0.025052841
0.035079441
0.045111656
0.05515382
0.065212734
0.075290665
0.085325807
0.092756588
0.102591
-0.098223386
-0.085467489
-0.075209912
-0.065251479
-0.055178138
-0.045132085
-0.035096693
-0.025065979
-0.015038457
-0.0050133692
0.0050106247
0.015035596
0.025062968
0.035093525
0.045129038
0.055175761
0.06524981
0.075207696
0.085462195
0.093023697
-0.088069043
-0.075361881
-0.065047616
-0.055172389
-0.045142915
-0.035110777
-0.025076828
-0.015044575
-0.0050154579
0.0050116572
0.015040408
0.02507199
0.035105048
0.045136687
0.055167082
0.065043544
0.075351727
0.082963786
0.093209599
-0.088134341
-0.077894174
-0.065018074
-0.054979166
-0.045158847
-0.035128365
-0.025087326
-0.015048764
-0.0050164611
0.005011676
0.015043216
0.02508022
0.035118672
0.045146768
0.054969079
0.065010973
0.07262763
0.083492564
-0.077370563
-0.06737188
-0.055196504
-0.045053639
-0.03515278
-0.025094082
-0.015047785
-0.005014024
0.0050088041
0.015041349
0.025085033
0.035137769
0.04503167
0.055182337
0.062507201
0.072063386
0.081675863
-0.067760218
-0.057835486
-0.045458384
-0.035162253
-0.024915481
-0.014869603
-0.0050028732
0.004998402
0.014863872
0.024907507
0.035142992
0.045417458
0.05274828
0.063268888
0.071613242
-0.057221012
-0.048358674
-0.037792805
-0.02764002
-0.015153149
-0.0049769022
0.0049746403
0.015150767
0.022514598
0.032499016
0.042645311
0.052852381
-0.03706955
-0.027798392
-0.01743174
-0.0075360885
0.0023876558
0.012319648
0.022915356
0.032404401
-0.017175454
-0.0074298088
0.0024735336
0.012356299
0.021897602
-0.047397645
-0.038060208
-0.027537008
-0.01514655
-0.0049777476
0.0049704955
0.015130751
0.022598546
0.032553338
0.042879219
-0.058093713
-0.045447767
-0.035154055
-0.02490945
-0.014865334
-0.0050021959
0.004995571
0.014855669
0.024898708
0.035139945
0.045406903
0.0528617
0.062908593
-0.076641791
-0.067392916
-0.055192335
-0.045044385
-0.035144639
-0.02508809
-0.015043993
-0.0050128545
0.0050074607
0.015037737
0.025081324
0.03513641
0.045033354
0.05519429
0.062798731
0.072329425
-0.077557884
-0.0650207
-0.054977235
-0.04515464
-0.035123831
-0.025083517
-0.015046292
-0.0050155271
0.0050112136
0.01504157
0.025078279
0.035117743
0.045147612
0.054972175
0.065017962
0.072526431
0.083070635
-0.088337287
-0.075361846
-0.065051092
-0.055173491
-0.045142263
-0.035109371
-0.025075359
-0.015043504
-0.0050150508
0.005011565
0.015039685
0.025070966
0.035104116
0.04513587
0.055166112
0.065041967
0.075348601
0.083147597
0.09231587
-0.097699644
-0.08546783
-0.075212165
-0.065254309
-0.055180263
-0.045133361
-0.035097424
-0.02506638
-0.015038644
-0.0050134545
0.0050106296
0.01503552
0.025062665
0.035092812
0.045127555
0.055173091
0.065245313
0.075200722
0.085454363
0.093720882
-0.098364853
-0.085327526
-0.075292634
-0.065215389
-0.055157076
-0.045115224
-0.035083073
-0.025056288
-0.01503284
-0.0050114229
0.0050092002
0.015030352
0.025053269
0.03507925
0.045110418
0.055151238
0.065208532
0.075285064
0.085321779
0.092881196
0.10215707
-0.097795035
-0.085210363
-0.075168987
-0.065143741
-0.055115299
-0.04508928
-0.035066206
-0.025045567
-0.015026813
-0.0050093225
0.0050076566
0.015024934
0.025043272
0.035063321
0.045085738
0.055111193
0.065139262
0.075164601
0.085208045
0.092687203
0.10321864
-0.10645498
-0.094680812
-0.084829616
-0.075053615
-0.065073152
-0.055073136
-0.045063901
-0.03505076
-0.025036255
-0.015021688
-0.0050075509
0.0050063543
0.015020348
0.025034634
0.035048772
0.045061572
0.05507057
0.065070477
0.075051304
0.084828161
0.094681425
0.10206993
-0.10719841
-0.094745804
-0.084909992
-0.07498936
-0.065031365
-0.055047395
-0.045048354
-0.035041433
-0.025030789
-0.01501877
-0.0050065246
0.0050056661
0.015017836
0.025029707
0.035040181
0.045046969
0.055045928
0.065030048
0.074988417
0.08490953
0.09474569
0.10209343
-0.10739481
-0.094745777
-0.084909887
-0.074989259
-0.065031274
-0.055047321
-0.045048295
-0.0350414
-0.025030787
-0.015018766
-0.0050064764
0.0050057883
0.015018067
0.025030073
0.035040681
0.045047613
0.055046738
0.065030931
0.074989234
0.084910152
0.094746095
0.10223227
-0.10684077
-0.094680877
-0.084829308
-0.075053303
-0.065072848
-0.055072876
-0.045063732
-0.03505071
-0.025036295
-0.015021689
-0.0050074157
0.0050067122
0.015021024
0.025035709
0.035050255
0.045063445
0.055072799
0.06507296
0.075053641
0.084829981
0.09468162
0.10192404
-0.10648797
-0.097585346
-0.08520963
-0.075168237
-0.065143113
-0.055114799
-0.04508901
-0.035066231
-0.025045694
-0.015026857
-0.0050091432
0.005008216
0.015026009
0.025044992
0.035065733
0.045088757
0.055114745
0.065143126
0.07516819
0.085209654
0.092546464
0.10286131
-0.097781241
-0.085323989
-0.07529121
-0.065214291
-0.055156302
-0.045114967
-0.035083225
-0.025056626
-0.015033085
-0.0050112899
0.0050099178
0.015031805
0.02505551
0.03508235
0.045114366
0.055155904
0.065213623
0.075289495
0.085321355
0.092751894
0.1026123
-0.098209391
-0.085464421
-0.075210166
-0.065252455
-0.055179231
-0.045133299
-0.035098089
-0.025067328
-0.015039356
-0.0050134961
0.0050114491
0.015037353
0.025065434
0.035096381
0.045131917
0.05517826
0.065251288
0.075206964
0.085455107
0.093010819
-0.088060895
-0.07535972
-0.065048161
-0.055172559
-0.045143038
-0.035111238
-0.025077492
-0.015045041
-0.0050153919
0.0050124541
0.015042007
0.025074325
0.035107957
0.045140008
0.055170605
0.065047088
0.075358798
0.082967661
0.093200633
-0.088152699
-0.077905488
-0.065019813
-0.054978723
-0.045157732
-0.035127959
-0.025087579
-0.015049056
-0.0050163492
0.0050123831
0.015044676
0.025082522
0.03512181
0.045150991
0.054974098
0.065017806
0.072636825
0.08356313
-0.077389888
-0.067373734
-0.055199694
-0.045051542
-0.035152156
-0.025094979
-0.015048655
-0.0050142164
0.0050092716
0.015042682
0.025087459
0.035141102
0.045036787
0.055184623
0.062510184
0.072066716
0.0816743
-0.067784141
-0.057855767
-0.04545453
-0.035163457
-0.024920675
-0.014873091
-0.0050038932
0.0049984363
0.014864941
0.024910183
0.035144491
0.045424609
0.052758476
0.063249473
0.071607134
-0.057237536
-0.048352404
-0.037783829
-0.027650005
-0.015162553
-0.0049786061
0.004974074
0.01514838
0.022514138
0.032485918
0.042632654
0.052886778
-0.037051759
-0.027829279
-0.017474509
-0.0075374255
0.0023869877
0.012324075
0.022889437
0.032393792
-0.017164156
-0.0074360347
0.0024717944
0.012370748
0.021913258
-0.04729568
-0.038098271
-0.027569029
-0.015154852
-0.0049796541
0.0049737142
0.015151062
0.022634938
0.032557852
0.042822105
-0.058137769
-0.045452969
-0.035160848
-0.024917684
-0.014870185
-0.0050034877
0.004997957
0.014864066
0.024909324
0.035143922
0.045410046
0.052846
0.062846144
-0.0766271
-0.067441461
-0.055222818
-0.045057534
-0.035152205
-0.025093346
-0.015047087
-0.0050137372
0.0050088985
0.015041504
0.025085556
0.035139085
0.045035376
0.055197058
0.062796121
0.072347801
-0.077539014
-0.065030414
-0.054989786
-0.045162964
-0.035129332
-0.025087218
-0.015048447
-0.0050161482
0.0050120973
0.015043703
0.025080842
0.035119907
0.045149589
0.054974891
0.065021903
0.072519148
0.082950027
-0.088300319
-0.075354849
-0.065052285
-0.055177997
-0.045146672
-0.035112918
-0.025077942
-0.015045046
-0.0050154856
0.0050122185
0.01504122
0.025072956
0.035106139
0.045137917
0.055168645
0.065045556
0.075351672
0.083128833
0.092333052
-0.097696721
-0.085455444
-0.075207873
-0.065253984
-0.055182054
-0.045135794
-0.035099785
-0.025068287
-0.015039836
-0.0050137724
0.005011214
0.015036869
0.025064477
0.035094776
0.045129546
0.055175185
0.065247662
0.075202915
0.085452163
0.093716568
-0.098347166
-0.085323049
-0.075290351
-0.065215046
-0.055158011
-0.045116799
-0.035084832
-0.025057862
-0.015033891
-0.0050116948
0.005009787
0.01503167
0.025055033
0.035081154
0.045112249
0.055152865
0.065209786
0.075285327
0.085317949
0.092877658
0.10216063
-0.097778546
-0.085207135
-0.075167685
-0.065143525
-0.055115935
-0.045090478
-0.035067672
-0.025047029
-0.015027863
-0.005009603
0.005008266
0.015026298
0.02504503
0.03506512
0.045087358
0.055112453
0.065139944
0.075164228
0.085203736
0.092677387
0.10316907
-0.10644395
-0.094678662
-0.084828288
-0.075052757
-0.065072996
-0.055073626
-0.045064895
-0.035052067
-0.025037634
-0.015022743
-0.0050078464
0.0050069663
0.015021716
0.025036341
0.03505044
0.045062983
0.05507157
0.065070927
0.075051056
0.084827289
0.094678671
0.10205787
-0.1071977
-0.094744481
-0.084908812
-0.074988675
-0.065031252
-0.055047836
-0.045049252
-0.035042653
-0.025032097
-0.015019763
-0.0050068064
0.0050062526
0.015019137
0.025031338
0.035041744
0.045048239
0.055046783
0.065030413
0.074988284
0.084908975
0.094745076
0.10209252
-0.10739427
-0.094744819
-0.084909045
-0.074988833
-0.065031327
-0.055047846
-0.045049232
-0.035042634
-0.025032092
-0.015019756
-0.0050067541
0.0050063736
0.015019374
0.025031701
0.035042241
0.045048885
0.055047605
0.065031309
0.074989129
0.084909681
0.094745384
0.10223173
-0.10684018
-0.094681262
-0.084829209
-0.075053279
-0.065073193
-0.055073595
-0.045064775
-0.03505198
-0.025037603
-0.015022684
-0.0050076839
0.0050073278
0.015022384
0.025037406
0.03505191
0.045064853
0.055073805
0.065073444
0.075053524
0.084829404
0.094680867
0.10192259
-0.10646279
-0.097577627
-0.085208771
-0.075168605
-0.065143759
-0.055115681
-0.045090092
-0.035067419
-0.025046882
-0.015027705
-0.0050093191
0.0050088468
0.01502734
0.02504672
0.035067531
0.045090393
0.055116019
0.065143806
0.075168022
0.085208239
0.092542845
0.1028488
-0.0977787
-0.085324856
-0.075291917
-0.065215104
-0.05515713
-0.045115829
-0.035084153
-0.025057492
-0.015033651
-0.0050113013
0.0050105806
0.015033088
0.025057241
0.035084308
0.045116323
0.055157603
0.065214758
0.075289592
0.085320192
0.092747157
0.10260436
-0.098227493
-0.085465847
-0.075210771
-0.065253023
-0.055179562
-0.045133572
-0.035098466
-0.025067734
-0.015039558
-0.0050133015
0.005012185
0.015038664
0.025067266
0.035098638
0.045134413
0.055180738
0.065253431
0.075207851
0.085451077
0.092992987
-0.088055786
-0.075358119
-0.065047298
-0.055171737
-0.045142275
-0.03511081
-0.025077308
-0.015044859
-0.0050149884
0.0050132761
0.015043411
0.025076466
0.035110893
0.045143608
0.0551747
0.065051823
0.075363065
0.082966416
0.093162489
-0.088083046
-0.077874022
-0.065016871
-0.054976823
-0.045155745
-0.035126771
-0.025086921
-0.015048579
-0.0050158199
0.0050132201
0.015046178
0.025085296
0.035126323
0.045156935
0.054981466
0.065029996
0.072650817
0.083570102
-0.077376005
-0.067379016
-0.05520074
-0.045049813
-0.035151333
-0.025094502
-0.015048138
-0.0050137787
0.0050098649
0.015044011
0.025091288
0.035149143
0.045047216
0.055200476
0.062521984
0.072091139
0.081709469
-0.067816894
-0.057867562
-0.045463279
-0.035170028
-0.024923221
-0.014872917
-0.0050038245
0.0049982422
0.014865356
0.024916608
0.035162661
0.045438736
0.052763336
0.063245906
0.071623744
-0.057207293
-0.048370138
-0.037809155
-0.027668526
-0.015161754
-0.0049789407
0.0049726017
0.015149131
0.022522681
0.032516451
0.042649886
0.052842651
-0.03709527
-0.027902454
-0.017457547
-0.0075367657
0.0023863424
0.012316789
0.022910867
0.032477713
-0.017183277
-0.0074369849
0.0024732493
0.012364956
0.021993932
-0.047355098
-0.038027133
-0.02756626
-0.015154645
-0.0049807038
0.0049754848
0.015161109
0.022685919
0.032559637
0.042881648
-0.058175764
-0.045466311
-0.035165696
-0.024919628
-0.014871554
-0.0050038411
0.0050001692
0.014870666
0.024919119
0.03515664
0.045435683
0.052897569
0.062926918
-0.076659083
-0.067479932
-0.055241685
-0.04506633
-0.035157283
-0.02509625
-0.015048597
-0.0050138709
0.0050105539
0.015045268
0.025090693
0.035144804
0.045041281
0.055194561
0.062802254
0.072359826
-0.077545577
-0.065039501
-0.054996637
-0.04516757
-0.035132498
-0.025089269
-0.015049513
-0.0050161751
0.0050132588
0.015046044
0.025083922
0.035123152
0.045152295
0.054975353
0.065025142
0.072536823
0.083044607
-0.08832526
-0.075356036
-0.06505468
-0.055180525
-0.045148929
-0.035114764
-0.025079269
-0.015045742
-0.0050154433
0.0050130826
0.015042854
0.025075087
0.035108406
0.045139999
0.055170366
0.065048536
0.075363492
0.083153468
0.092298845
-0.097668362
-0.085450445
-0.075206494
-0.065254128
-0.055182914
-0.045136904
-0.035100895
-0.025069184
-0.01504032
-0.0050136893
0.0050119243
0.015038141
0.025066139
0.035096588
0.045131302
0.055176811
0.065249489
0.075205689
0.085456637
0.093713825
-0.098359816
-0.085322047
-0.075289467
-0.06521488
-0.055158368
-0.045117458
-0.035085604
-0.025058568
-0.01503429
-0.0050116202
0.0050103996
0.015032752
0.025056423
0.035082666
0.045113703
0.055154136
0.065210815
0.075286003
0.085316924
0.092862432
0.10213193
-0.097783945
-0.08520717
-0.075167315
-0.065143431
-0.055116181
-0.045090974
-0.035068322
-0.025047677
-0.015028279
-0.0050095784
0.0050088123
0.015027278
0.025046252
0.035066389
0.045088535
0.055113396
0.065140539
0.075164396
0.085204426
0.092673605
0.10318169
-0.10644586
-0.094678701
-0.084827834
-0.075052377
-0.065072909
-0.055073843
-0.045065347
-0.035052665
-0.025038272
-0.015023229
-0.0050079001
0.0050074829
0.015022664
0.025037448
0.035051535
0.045063943
0.055072286
0.065071321
0.07505112
0.084826983
0.094678892
0.1020591
-0.10719576
-0.09474224
-0.084907643
-0.074988138
-0.065031149
-0.055048053
-0.045049703
-0.035043253
-0.025032759
-0.015020304
-0.0050069271
0.0050067521
0.015020062
0.025032381
0.035042732
0.045049079
0.055047398
0.065030759
0.074988371
0.084908898
0.094744843
0.10209258
-0.10739313
-0.094742539
-0.084907972
-0.074988429
-0.065031334
-0.055048142
-0.04504974
-0.035043273
-0.025032776
-0.015020315
-0.0050068902
0.0050068524
0.015020271
0.025032712
0.035043201
0.045049717
0.055048245
0.065031713
0.074989292
0.084909643
0.094745239
0.10223223
-0.10684203
-0.094680726
-0.084828867
-0.075053393
-0.065073479
-0.055074047
-0.045065364
-0.035052651
-0.025038259
-0.01502318
-0.0050077762
0.0050077737
0.015023235
0.02503841
0.035052907
0.045065771
0.05507457
0.065074014
0.075053837
0.084829297
0.094680785
0.10192388
-0.10647452
-0.09757889
-0.085211354
-0.075169505
-0.065144411
-0.055116286
-0.045090711
-0.035068044
-0.025047435
-0.015028054
-0.0050093156
0.0050092831
0.015028143
0.025047736
0.035068625
0.045091469
0.05511701
0.06514466
0.075168627
0.085208528
0.092544545
0.10286957
-0.0977861
-0.085327113
-0.075293382
-0.065216045
-0.055157722
-0.045116288
-0.035084572
-0.02505783
-0.015033801
-0.005011162
0.0050110675
0.015033903
0.02505831
0.03508554
0.045117633
0.055158926
0.065216099
0.075290944
0.08532122
0.092749296
0.10260881
-0.098245571
-0.085463534
-0.075213954
-0.065254336
-0.055179729
-0.045133467
-0.035098389
-0.025067676
-0.015039422
-0.0050129693
0.0050127797
0.015039559
0.025068469
0.035100113
0.045136076
0.055182511
0.065255394
0.075210296
0.085455664
0.092997348
-0.088044806
-0.075367566
-0.065048821
-0.055170242
-0.045140763
-0.035109772
-0.025076594
-0.015044284
-0.0050143962
0.0050140229
0.015044452
0.025077952
0.035112903
0.045145972
0.055177152
0.065054053
0.075363286
0.082964629
0.093156173
-0.088111063
-0.077894266
-0.065012625
-0.054969323
-0.045151221
-0.035124065
-0.025085164
-0.015047357
-0.0050149255
0.0050141013
0.015047359
0.025087304
0.035129685
0.045161095
0.054985287
0.065031258
0.072651153
0.083545061
-0.077368475
-0.067361656
-0.05517626
-0.04504042
-0.035146191
-0.025091054
-0.01504594
-0.0050126079
0.0050106765
0.015044941
0.025093878
0.035155961
0.045057176
0.055208304
0.062537258
0.072101912
0.08170686
-0.067776416
-0.057829294
-0.045451115
-0.035159329
-0.024914435
-0.014868242
-0.0050025757
0.0049984425
0.014863606
0.024916118
0.035178665
0.045476136
0.052792006
0.063306142
0.071628639
-0.057197092
-0.048400219
-0.037797493
-0.027652275
-0.015148626
-0.0049785159
0.0049716086
0.015136243
0.022506248
0.03253041
0.042720354
0.052950474
-0.037065067
-0.027834063
-0.017428933
-0.0075407315
0.0023857132
0.012310378
0.02283847
0.032430906
-0.017244431
-0.0074394368
0.002471587
0.012365848
0.021933627
-0.047429885
-0.038105459
-0.027557397
-0.015155591
-0.0049819313
0.004975421
0.015157299
0.022665482
0.032570487
0.042856284
-0.058177113
-0.045473577
-0.035173212
-0.024921373
-0.014871621
-0.0050038147
0.0050011053
0.014872225
0.024922323
0.035165035
0.045440395
0.052889513
0.062821451
-0.0766226
-0.067471145
-0.055223084
-0.045061694
-0.035157116
-0.025096503
-0.015048586
-0.0050134545
0.0050117886
0.015047514
0.025094072
0.035149375
0.045044369
0.055188647
0.062757131
0.072334155
-0.077567762
-0.065035043
-0.05499007
-0.045164682
-0.035131719
-0.025089141
-0.015049358
-0.0050156517
0.0050144122
0.015047939
0.025086474
0.035126096
0.045154635
0.054974962
0.065014411
0.072523426
0.083072657
-0.088333853
-0.075362925
-0.065053954
-0.0551785
-0.045147625
-0.035114217
-0.025079076
-0.01504553
-0.005014936
0.0050140572
0.015044347
0.025077022
0.035110569
0.045141902
0.055170951
0.065045408
0.075349665
0.083158801
0.09232794
-0.097645543
-0.085452562
-0.075207684
-0.065253909
-0.055182223
-0.045136356
-0.035100618
-0.025069043
-0.015040125
-0.0050132565
0.0050127168
0.015039315
0.02506764
0.035098277
0.045132904
0.055177868
0.065249359
0.075203805
0.085456459
0.093779156
-0.098345358
-0.085325287
-0.075290193
-0.065214923
-0.05515817
-0.045117298
-0.035085538
-0.025058544
-0.015034158
-0.00501128
0.0050110323
0.015033687
0.025057598
0.035083975
0.045114979
0.055155162
0.065211396
0.075286234
0.085318013
0.092864768
0.1021265
-0.097801216
-0.08520945
-0.075167826
-0.065143606
-0.055116224
-0.045091009
-0.035068427
-0.025047764
-0.015028254
-0.0050093392
0.0050093164
0.015028029
0.025047177
0.035067384
0.045089494
0.055114194
0.065141104
0.075164849
0.08520593
0.09268056
0.10320919
-0.10645798
-0.094679153
-0.084827652
-0.075052492
-0.065073041
-0.055074002
-0.04506551
-0.035052835
-0.025038451
-0.015023303
-0.0050077612
0.005007894
0.015023291
0.025038184
0.035052296
0.045064658
0.055072882
0.06507175
0.075051413
0.084827193
0.094680066
0.10206499
-0.10719022
-0.094738082
-0.08490647
-0.07498785
-0.065031197
-0.055048228
-0.045049938
-0.035043502
-0.025032994
-0.015020463
-0.005006872
0.0050070938
0.01502061
0.025033001
0.035043358
0.045049659
0.055047897
0.065031151
0.07498867
0.084909182
0.09474524
0.10209302
-0.10738161
-0.094737308
-0.084906491
-0.074988065
-0.065031406
-0.055048388
-0.045050049
-0.035043592
-0.025033063
-0.015020516
-0.0050068742
0.0050071461
0.015020754
0.025033263
0.035043766
0.045050258
0.055048749
0.065032177
0.07498973
0.084910044
0.094745678
0.10223204
-0.1068349
-0.094678856
-0.0848284
-0.075053475
-0.065073759
-0.055074425
-0.045065772
-0.035053039
-0.025038585
-0.015023368
-0.0050077546
0.0050080327
0.015023664
0.025038921
0.035053453
0.045066327
0.05507515
0.065074663
0.075054568
0.084830174
0.094679858
0.10192113
-0.10650879
-0.097592973
-0.085213367
-0.075170245
-0.065144968
-0.055116804
-0.045091201
-0.035068489
-0.025047744
-0.015028191
-0.0050092559
0.0050095353
0.01502855
0.025048232
0.035069158
0.045092065
0.055117713
0.065145592
0.075169902
0.085208802
0.09254013
0.1028448
-0.097784702
-0.085328314
-0.075294316
-0.065216738
-0.055158284
-0.045116789
-0.035084952
-0.02505805
-0.015033838
-0.0050110281
0.0050113546
0.015034317
0.025058792
0.035086059
0.045118213
0.055159713
0.065217381
0.07529318
0.085323846
0.092746926
0.10259188
-0.098220661
-0.085464528
-0.075215526
-0.065255131
-0.055180099
-0.045133722
-0.035098532
-0.025067668
-0.015039276
-0.005012688
0.0050131568
0.015040006
0.025068938
0.035100543
0.045136497
0.055183141
0.065256829
0.075214123
0.085465642
0.093010419
-0.088061972
-0.075377754
-0.065049901
-0.055169598
-0.045140154
-0.035109293
-0.025076117
-0.01504377
-0.0050138594
0.0050145671
0.015044988
0.025078383
0.03511312
0.045145901
0.055176904
0.065054619
0.075372383
0.082980026
0.093203442
-0.088248726
-0.077949931
-0.065012529
-0.05496441
-0.045148222
-0.03512217
-0.02508373
-0.015046194
-0.0050139967
0.0050149205
0.015048104
0.025087754
0.035129455
0.045159684
0.054981953
0.065028227
0.072652903
0.083563945
-0.077380766
-0.067343826
-0.055157361
-0.045031431
-0.0351414
-0.025087903
-0.015043799
-0.0050111976
0.0050118922
0.01504622
0.025094645
0.035155067
0.045053058
0.055194595
0.062521338
0.07208871
0.081685366
-0.06770571
-0.057777445
-0.04542083
-0.03514853
-0.024909492
-0.014865436
-0.0050009549
0.0050001047
0.014866574
0.024918848
0.035177083
0.045472486
0.05278641
0.063252736
0.071632542
-0.057196869
-0.04828092
-0.037768732
-0.027641283
-0.015150786
-0.0049784489
0.0049734479
0.015145306
0.022504212
0.032529818
0.042739454
0.052980646
-0.037056906
-0.027834051
-0.017437047
-0.0075432633
0.0023868002
0.012310169
0.0228054
0.032422082
-0.017255397
-0.0074406564
0.0024727541
0.012361558
0.021992445
-0.047325559
-0.038138498
-0.027569596
-0.015159925
-0.0049819192
0.0049757726
0.015161307
0.022670332
0.03258578
0.042909412
-0.058088037
-0.045447513
-0.035164987
-0.024919731
-0.014870953
-0.0050030505
0.0050018669
0.014873515
0.024924112
0.035164773
0.045440857
0.052886167
0.062899289
-0.076643993
-0.067383009
-0.055191566
-0.045048401
-0.035151087
-0.025093978
-0.015047306
-0.005012511
0.0050128124
0.015048877
0.025095808
0.035151372
0.045048359
0.055205053
0.062797736
0.07234721
-0.07756691
-0.065020592
-0.054978254
-0.045157444
-0.035127782
-0.025087158
-0.015048218
-0.0050147262
0.0050154747
0.015049337
0.025088291
0.035128453
0.045158052
0.05498073
0.065020046
0.072504418
0.082873166
-0.088331248
-0.075358025
-0.06504947
-0.055173646
-0.045143906
-0.035111859
-0.025077687
-0.015044617
-0.0050141234
0.0050150121
0.015045584
0.025078617
0.035112574
0.045144384
0.055173776
0.065047121
0.075345592
0.083094006
0.092321336
-0.097663464
-0.085456028
-0.075207962
-0.065252617
-0.055180275
-0.045134567
-0.035099289
-0.02506813
-0.015039439
-0.0050125965
0.0050134934
0.015040317
0.02506891
0.035099819
0.045134669
0.055179646
0.065250515
0.075203442
0.085453232
0.093734204
-0.09838086
-0.085326364
-0.075290775
-0.065214694
-0.055157476
-0.045116504
-0.035084837
-0.025057977
-0.015033667
-0.0050107779
0.0050116299
0.015034441
0.025058547
0.03508509
0.045116208
0.055156365
0.065212349
0.075286731
0.085318815
0.092871507
0.10214702
-0.097789553
-0.085209707
-0.075168389
-0.065143785
-0.055116095
-0.045090723
-0.035068098
-0.025047436
-0.015027933
-0.0050089777
0.0050097491
0.015028572
0.025047841
0.035068156
0.045090305
0.055114978
0.065141756
0.075165271
0.085205478
0.092677642
0.10316747
-0.10644908
-0.094679199
-0.084828193
-0.075052954
-0.06507335
-0.055074125
-0.045065487
-0.035052723
-0.025038297
-0.015023106
-0.005007514
0.0050081931
0.01502366
0.02503863
0.035052793
0.045065186
0.055073391
0.065072178
0.075051698
0.084827412
0.094679404
0.10205958
-0.1071789
-0.094736199
-0.084906367
-0.074988109
-0.0650315
-0.055048455
-0.045050059
-0.035043531
-0.025032949
-0.015020363
-0.0050067171
0.0050072944
0.015020852
0.025033288
0.035043684
0.045050013
0.055048261
0.065031505
0.074988998
0.084909487
0.094745591
0.10209294
-0.10736837
-0.094734896
-0.0849061
-0.074988204
-0.0650317
-0.055048679
-0.045050273
-0.035043722
-0.025033111
-0.015020491
-0.0050067871
0.0050072743
0.015020909
0.02503345
0.035043988
0.045050523
0.055049072
0.065032583
0.074990266
0.084910772
0.094746499
0.10223221
-0.10682097
-0.094677292
-0.084828458
-0.075053691
-0.065074122
-0.055074839
-0.045066129
-0.035053285
-0.025038719
-0.0150234
-0.0050077114
0.0050081197
0.015023762
0.025039032
0.035053597
0.045066528
0.055075465
0.065075203
0.075055514
0.084831544
0.094683323
0.10192349
-0.10648213
-0.0975834
-0.085212879
-0.075170447
-0.065145416
-0.055117369
-0.045091732
-0.035068885
-0.025047961
-0.015028266
-0.0050092344
0.0050095982
0.015028607
0.025048275
0.035069194
0.04509217
0.055118009
0.065146297
0.07517154
0.085213808
0.092546697
0.10285593
-0.097785297
-0.085328708
-0.075294061
-0.065217143
-0.055159073
-0.045117593
-0.035085531
-0.025058352
-0.01503393
-0.005010999
0.0050114156
0.015034336
0.025058726
0.035085916
0.045118097
0.055159827
0.065218066
0.075295369
0.08533148
0.092757131
0.10259691
-0.098240735
-0.08546049
-0.075213009
-0.065255216
-0.055181296
-0.045134963
-0.035099368
-0.025068036
-0.015039331
-0.0050125919
0.005013259
0.015039985
0.025068687
0.035100031
0.045135902
0.055182761
0.06525688
0.075215486
0.085474359
0.09302149
-0.088039608
-0.075363887
-0.065049293
-0.055171896
-0.045142221
-0.035110478
-0.025076497
-0.01504367
-0.0050135842
0.0050147978
0.015044955
0.025077814
0.03511187
0.045144325
0.055175662
0.065053209
0.075366382
0.082985106
0.093201157
-0.088122243
-0.077905626
-0.06501268
-0.054970519
-0.04515201
-0.035123822
-0.025083892
-0.015045674
-0.0050133435
0.0050154581
0.015048239
0.02508674
0.035126585
0.045155877
0.054980081
0.065024842
0.072648682
0.083575049
-0.077364677
-0.067352876
-0.055172174
-0.045038426
-0.035143409
-0.025087193
-0.015042311
-0.0050098732
0.0050130958
0.01504723
0.025093443
0.03514847
0.045041722
0.055191598
0.062516792
0.072077564
0.081655296
-0.067747778
-0.057786975
-0.045438384
-0.035150016
-0.024905898
-0.014862036
-0.0049987256
0.0050024583
0.014871009
0.024921272
0.035163414
0.04542442
0.052749584
0.063209034
0.071631543
-0.057180328
-0.048318373
-0.03777635
-0.027642609
-0.015146205
-0.0049758649
0.004976557
0.015157151
0.022530727
0.032532604
0.042686021
0.052843992
-0.037092679
-0.027870027
-0.017463885
-0.0075426326
0.0023870495
0.012322072
0.022945211
0.032453602
-0.017189347
-0.0074406959
0.0024700454
0.012359485
0.021917294
-0.047369055
-0.038003854
-0.027552166
-0.01514608
-0.0049792366
0.0049753801
0.015158639
0.022669122
0.032562991
0.042838948
-0.058112733
-0.045431266
-0.035151372
-0.024912649
-0.014867195
-0.0050013903
0.0050025731
0.014873771
0.024922548
0.035157689
0.045431891
0.052894721
0.062899591
-0.07661
-0.067422823
-0.055187351
-0.045038794
-0.035144652
-0.025090464
-0.015045269
-0.0050112632
0.0050136484
0.015049578
0.025096305
0.035151614
0.045050511
0.055215119
0.062822364
0.072337664
-0.077534832
-0.065013205
-0.054970356
-0.045150805
-0.035123513
-0.025084659
-0.01504671
-0.005013698
0.0050163373
0.015050249
0.025089423
0.035130106
0.045161234
0.054987399
0.065036497
0.072541313
0.083081981
-0.088318846
-0.075358531
-0.065045751
-0.055169057
-0.045139955
-0.035109092
-0.0250759
-0.015043445
-0.0050132621
0.0050158008
0.015046465
0.025079757
0.035114196
0.045146885
0.055177885
0.065054643
0.075366274
0.083168777
0.092333707
-0.097647549
-0.085456482
-0.075208172
-0.065251318
-0.055178142
-0.045132434
-0.035097572
-0.025066879
-0.015038537
-0.0050118923
0.0050141344
0.015041019
0.025069792
0.035101015
0.045136328
0.055181957
0.065253833
0.075208623
0.085457677
0.093712399
-0.098355079
-0.085324492
-0.075290934
-0.065214391
-0.055156617
-0.045115412
-0.03508379
-0.025057082
-0.015032978
-0.005010233
0.0050120938
0.015034907
0.025059118
0.035085842
0.045117208
0.055157639
0.065213918
0.075288555
0.085320525
0.092875742
0.10215475
-0.097789868
-0.085210061
-0.075168898
-0.065143959
-0.055115865
-0.045090217
-0.035067435
-0.025046794
-0.015027392
-0.0050085681
0.0050100421
0.015028816
0.025048124
0.035068551
0.045090838
0.055115645
0.065142468
0.075165787
0.085205005
0.092679747
0.10320302
-0.10645189
-0.094680484
-0.084829293
-0.075053754
-0.065073781
-0.055074183
-0.045065283
-0.035052351
-0.025037835
-0.015022674
-0.0050072049
0.0050083314
0.015023704
0.025038695
0.035052925
0.045065416
0.055073703
0.065072498
0.075051869
0.084827188
0.094678582
0.10206478
-0.10718981
-0.094740614
-0.084907994
-0.074989045
-0.065032039
-0.055048689
-0.045050038
-0.035043323
-0.025032624
-0.01502001
-0.0050064858
0.0050073155
0.015020749
0.025033183
0.035043632
0.045050047
0.055048374
0.065031661
0.074989121
0.084909455
0.094745366
0.10209285
-0.1073797
-0.094739604
-0.084907773
-0.074989095
-0.065032253
-0.055048995
-0.045050377
-0.035043642
-0.025032898
-0.01502023
-0.0050066351
0.0050072192
0.015020713
0.025033224
0.035043799
0.045050415
0.05504907
0.065032687
0.074990451
0.08491099
0.09474669
0.10223238
-0.10682845
-0.094680651
-0.084829539
-0.075054317
-0.065074643
-0.055075258
-0.045066383
-0.035053351
-0.025038636
-0.015023256
-0.0050076385
0.0050080195
0.015023519
0.025038718
0.035053286
0.045066285
0.055075352
0.065075263
0.075055779
0.084831966
0.09468446
0.10192603
-0.10647249
-0.097590062
-0.085213891
-0.07517069
-0.065145967
-0.055118021
-0.045092264
-0.035069187
-0.025048049
-0.015028245
-0.0050092343
0.0050094682
0.01502832
0.02504786
0.035068727
0.045091732
0.055117708
0.065146204
0.075171768
0.085215297
0.092553941
0.10288659
-0.097794097
-0.085328046
-0.075293796
-0.065217949
-0.055160286
-0.04511866
-0.035086222
-0.025058674
-0.015034025
-0.00501105
0.0050112619
0.015033987
0.025058163
0.035085187
0.045117335
0.055159152
0.065217478
0.075294743
0.085329819
0.092764344
0.10263572
-0.098241071
-0.085459724
-0.075211832
-0.065256736
-0.055183732
-0.045137052
-0.035100702
-0.025068672
-0.015039531
-0.0050126556
0.0050131008
0.015039555
0.025067873
0.035098863
0.045134588
0.055181489
0.06525524
0.075212346
0.085463447
0.093021554
-0.088052813
-0.075362766
-0.065052863
-0.055177175
-0.045146294
-0.035112866
-0.025077545
-0.015043936
-0.0050135813
0.005014693
0.015044432
0.025076599
0.035109944
0.045142216
0.055173874
0.065050102
0.075358516
0.082974209
0.093203184
-0.088116974
-0.077895655
-0.065025366
-0.054983427
-0.045160025
-0.03512802
-0.025085456
-0.015045868
-0.0050131176
0.0050155399
0.015047682
0.025084883
0.035123245
0.045152822
0.054980416
0.065024133
0.07263342
0.083534827
-0.077367565
-0.06738074
-0.055207785
-0.045054419
-0.035150775
-0.025089259
-0.015042036
-0.0050091435
0.0050136252
0.015046965
0.025090613
0.035141896
0.045037483
0.05520434
0.062541623
0.072075709
0.081645303
-0.067802983
-0.057851257
-0.045470085
-0.035162845
-0.024906147
-0.014859363
-0.0049970552
0.0050038043
0.014872323
0.024917361
0.035145953
0.045419989
0.052755424
0.063351635
0.0716237
-0.057232248
-0.048412021
-0.037778741
-0.027621124
-0.015129978
-0.0049722999
0.0049788399
0.015164247
0.022532001
0.032505355
0.042631738
0.052813557
-0.037047744
-0.027713166
-0.017383886
-0.0075354516
0.0023902564
0.012325048
0.022913704
0.032431686
-0.017153673
-0.007432958
0.0024711343
0.012362692
0.021975614
-0.047267655
-0.03811196
-0.027567851
-0.015146188
-0.0049768211
0.0049766691
0.015159014
0.022677938
0.032551614
0.042879516
-0.058123167
-0.045420849
-0.035155803
-0.024912995
-0.014865822
-0.0050001416
0.0050030413
0.014873248
0.024921009
0.03515987
0.045447485
0.052890083
0.062868569
-0.076587509
-0.067379744
-0.055170893
-0.04503222
-0.035142563
-0.02508911
-0.015044121
-0.0050104288
0.0050141202
0.01504975
0.025096551
0.035152888
0.045053296
0.055212749
0.062817924
0.072362018
-0.077553812
-0.065002804
-0.054962214
-0.045145937
-0.035120919
-0.025083086
-0.015045658
-0.0050129729
0.0050168445
0.015050697
0.025090109
0.035131403
0.045163204
0.054988899
0.065033453
0.072540807
0.083058687
-0.088340732
-0.075358539
-0.065042447
-0.055165127
-0.045136797
-0.035106912
-0.02507442
-0.01504244
-0.0050125913
0.0050162628
0.015046881
0.025080339
0.035115157
0.045148258
0.055179318
0.065055055
0.07536064
0.083165902
0.092346926
-0.09765338
-0.085461757
-0.075210108
-0.065250564
-0.055176315
-0.045130503
-0.03509592
-0.025065599
-0.015037615
-0.0050112946
0.0050144811
0.015041252
0.025070079
0.035101514
0.045137115
0.055182995
0.065255056
0.075209952
0.085460439
0.093717378
-0.098344879
-0.085327248
-0.075292348
-0.065214397
-0.05515578
-0.045114207
-0.035082543
-0.025055966
-0.015032144
-0.0050097237
0.0050122936
0.015034907
0.025059081
0.035085915
0.045117494
0.055158191
0.065214777
0.07528985
0.085321848
0.09287234
0.10214208
-0.097791211
-0.085211735
-0.075169959
-0.065144228
-0.055115494
-0.045089446
-0.035066458
-0.025045813
-0.015026604
-0.0050081357
0.0050100878
0.015028583
0.025047803
0.035068297
0.045090759
0.05511579
0.065142807
0.075166136
0.085203459
0.092674491
0.10316938
-0.10645535
-0.09468249
-0.084830948
-0.075054787
-0.065074193
-0.055074058
-0.045064762
-0.035051581
-0.02503696
-0.015021917
-0.0050068235
0.0050082256
0.015023253
0.025038152
0.035052452
0.0450651
0.055073582
0.065072541
0.075051922
0.084827164
0.094677215
0.10205277
-0.10719813
-0.094744801
-0.084910062
-0.074990161
-0.065032536
-0.055048709
-0.04504968
-0.035042694
-0.02503185
-0.01501929
-0.0050061394
0.0050070887
0.015020139
0.025032484
0.03504301
0.045049569
0.055048082
0.065031528
0.074989034
0.08490921
0.09474489
0.10209132
-0.10739172
-0.094744338
-0.084909716
-0.074990096
-0.065032752
-0.055049107
-0.04505014
-0.035043132
-0.025032221
-0.01501958
-0.0050063508
0.0050069246
0.015020018
0.025032421
0.035043045
0.045049786
0.055048614
0.065032392
0.074990224
0.084910647
0.094746095
0.10223162
-0.10683981
-0.094681233
-0.084830127
-0.075054809
-0.06507507
-0.055075454
-0.045066293
-0.035052991
-0.025038111
-0.015022747
-0.0050074486
0.0050077048
0.01502281
0.02503784
0.035052387
0.045065476
0.055074695
0.065074753
0.075055252
0.084831226
0.094682299
0.10192326
-0.10647651
-0.097586442
-0.085211079
-0.075170683
-0.065146524
-0.055118543
-0.045092496
-0.035069095
-0.02504775
-0.015027934
-0.0050091536
0.0050091528
0.015027626
0.025046909
0.035067672
0.045090694
0.055116781
0.065145386
0.075170686
0.085211594
0.092547235
0.10285898
-0.097792166
-0.085323919
-0.075294298
-0.06521938
-0.055161634
-0.045119537
-0.035086595
-0.025058682
-0.015033905
-0.005011059
0.0050109365
0.01503328
0.025057115
0.035083912
0.045115977
0.055157876
0.065216362
0.075293291
0.085326232
0.092754066
0.10261077
-0.098206364
-0.085456608
-0.075215378
-0.06526044
-0.055186703
-0.04513903
-0.035101762
-0.025069069
-0.015039589
-0.0050127217
0.0050127704
0.015038805
0.025066657
0.035097239
0.045132698
0.055179634
0.065253999
0.075211567
0.085462757
0.093006671
-0.088030895
-0.075373471
-0.065060744
-0.055182746
-0.045149857
-0.035114828
-0.025078374
-0.015044145
-0.0050136502
0.005014384
0.015043611
0.025075114
0.035107747
0.045139361
0.055170758
0.065048705
0.07536176
0.082969165
0.09318981
-0.088114534
-0.077907037
-0.065038086
-0.054991975
-0.045165404
-0.035131048
-0.025086798
-0.015046196
-0.0050131147
0.0050152927
0.015046748
0.025082985
0.035120233
0.045148407
0.054974007
0.065020722
0.072632911
0.083509996
-0.077382807
-0.067396482
-0.05521616
-0.04506092
-0.035155161
-0.025091561
-0.015042639
-0.0050090037
0.0050134688
0.015045758
0.025088064
0.035138098
0.045031819
0.055190769
0.06253808
0.072072003
0.081668608
-0.067813972
-0.057870599
-0.04547709
-0.035172544
-0.024913882
-0.014862092
-0.0049968014
0.0050037156
0.014869821
0.024912105
0.035139623
0.045415022
0.052763987
0.063363998
0.071605986
-0.057193918
-0.048439126
-0.037828533
-0.027652569
-0.015145084
-0.0049722721
0.004978473
0.015155261
0.022530553
0.032484122
0.042619793
0.052889734
-0.037125907
-0.027864925
-0.017431614
-0.0075367487
0.002389172
0.012322895
0.022968324
0.032390868
-0.01718091
-0.0074275773
0.00247392
0.012364287
0.021984845
-0.04733213
-0.038105716
-0.027547077
-0.015148406
-0.0049758424
0.0049764259
0.01515301
0.022660531
0.032550467
0.042852834
-0.058094932
-0.045431037
-0.035164043
-0.024916571
-0.014867145
-0.0050000957
0.0050028679
0.014871844
0.024920314
0.035161952
0.045454146
0.0529139
0.062880694
-0.07660634
-0.067354016
-0.05515796
-0.045032606
-0.035144433
-0.025090131
-0.015044441
-0.0050103568
0.005014119
0.015049634
0.025097227
0.035155215
0.045057343
0.055215335
0.062808256
0.072354578
-0.077523114
-0.064996952
-0.054958533
-0.045144536
-0.035120347
-0.025082662
-0.015045288
-0.005012723
0.0050169064
0.015050696
0.025090456
0.035132432
0.045164701
0.054989471
0.065030916
0.072525483
0.082912831
-0.088338044
-0.07535369
-0.065040247
-0.055163084
-0.045135075
-0.035105526
-0.02507333
-0.015041681
-0.0050122077
0.0050162859
0.015046692
0.025080192
0.035115247
0.045148538
0.055179369
0.065054405
0.075360823
0.083126455
0.092341038
-0.09773032
-0.085472685
-0.075210193
-0.065249883
-0.055174966
-0.045128863
-0.035094307
-0.025064221
-0.015036642
-0.0050108442
0.0050144115
0.015040795
0.025069464
0.035100945
0.045136693
0.055182715
0.065255014
0.075210792
0.085467754
0.09374539
-0.098378091
-0.085331038
-0.075293234
-0.065214153
-0.05515474
-0.045112698
-0.035080888
-0.025054453
-0.015031042
-0.0050092455
0.005012097
0.015034179
0.025058072
0.035084894
0.04511664
0.05515763
0.065214654
0.075290483
0.085324946
0.092881557
0.10216177
-0.097791687
-0.085213932
-0.075170859
-0.065144145
-0.05511465
-0.045088098
-0.035064858
-0.025044213
-0.015025391
-0.0050076468
0.0050097607
0.015027591
0.025046496
0.035067007
0.045089677
0.05511506
0.065142542
0.075166498
0.085205754
0.092679499
0.10318847
-0.10645846
-0.094685201
-0.084832472
-0.075055567
-0.065074199
-0.055073391
-0.045063585
-0.03505009
-0.025035389
-0.015020675
-0.0050063472
0.0050078111
0.015022105
0.025036686
0.035051035
0.045063921
0.055072758
0.065072145
0.07505197
0.084827393
0.09467785
0.10205404
-0.10719903
-0.094746738
-0.084911502
-0.074990901
-0.065032605
-0.055048168
-0.045048645
-0.035041317
-0.025030371
-0.015018133
-0.0050057095
0.0050066394
0.015018959
0.025030961
0.035041522
0.045048326
0.055047177
0.065031006
0.074988866
0.084909292
0.094744977
0.10209126
-0.10739362
-0.094746043
-0.084910805
-0.074990665
-0.065032798
-0.055048627
-0.045049192
-0.035041834
-0.025030802
-0.015018459
-0.005005953
0.0050064374
0.015018783
0.025030822
0.035041461
0.045048419
0.055047557
0.065031701
0.074989884
0.084910605
0.094746248
0.10223195
-0.10683841
-0.094680546
-0.084830156
-0.075055054
-0.065075087
-0.055075039
-0.045065427
-0.035051769
-0.025036744
-0.015021659
-0.0050070773
0.0050071765
0.015021505
0.025036143
0.035050652
0.045063892
0.055073387
0.065073793
0.075054665
0.084831126
0.094682739
0.1019219
-0.10647202
-0.097577653
-0.085209813
-0.075171035
-0.065146853
-0.055118429
-0.045091872
-0.035068066
-0.025046573
-0.015027011
-0.0050088592
0.0050086316
0.015026359
0.025045178
0.035065806
0.04508888
0.055115189
0.065144143
0.075169813
0.085211267
0.092544504
0.10284869
-0.097771176
-0.085323581
-0.075296334
-0.0652209
-0.05516233
-0.045119455
-0.035085974
-0.025057841
-0.015033219
-0.0050108592
0.0050104517
0.015032112
0.02505544
0.035081955
0.045113944
0.055156018
0.065215034
0.0752927
0.085326369
0.092754909
0.10261367
-0.098183963
-0.085462609
-0.075222063
-0.065264492
-0.055188832
-0.045139804
-0.035101682
-0.025068582
-0.015039102
-0.005012588
0.0050123394
0.015037745
0.025065031
0.03509518
0.045130328
0.055177337
0.065252984
0.075213233
0.085465092
0.093011633
-0.088055524
-0.075390036
-0.065068372
-0.055186511
-0.045151441
-0.035115184
-0.02507812
-0.015043756
-0.0050135066
0.0050140323
0.015042652
0.025073557
0.035105528
0.045136153
0.055166829
0.065047846
0.075371669
0.082981792
0.093173114
-0.088168601
-0.077949365
-0.06504577
-0.054995481
-0.045166732
-0.035131188
-0.025086418
-0.015045691
-0.0050128354
0.0050150551
0.015045869
0.025081597
0.035118037
0.045143423
0.054963186
0.065012962
0.072652298
0.083605938
-0.077389024
-0.067389493
-0.055213095
-0.04505845
-0.035153367
-0.025090323
-0.015041636
-0.0050083962
0.0050133582
0.0150448
0.025087213
0.035137526
0.045024916
0.05515609
0.062490727
0.072072232
0.081672153
-0.067764477
-0.057854703
-0.045456789
-0.035163104
-0.024909492
-0.01485966
-0.0049955373
0.0050037306
0.014868
0.024912975
0.035149899
0.045415487
0.0527254
0.063160756
0.071624027
-0.057222896
-0.048348425
-0.037792343
-0.0276456
-0.015137526
-0.004969312
0.0049795743
0.015151055
0.022514561
0.03250558
0.042650254
0.052872548
-0.037050026
-0.027832106
-0.017430816
-0.0075319917
0.0023933251
0.012322879
0.022845839
0.03245305
-0.01722324
-0.0074235156
0.0024755441
0.012352085
0.021936905
-0.047342814
-0.038157269
-0.027561172
-0.015152183
-0.0049753103
0.0049768367
0.015153653
0.022655115
0.03258985
0.042896255
-0.058125634
-0.045453812
-0.035169556
-0.024919981
-0.014869152
-0.0050004574
0.0050027818
0.01487213
0.024925768
0.035175507
0.045460285
0.052918067
0.062928085
-0.076620689
-0.067394434
-0.055180472
-0.045038767
-0.035146469
-0.02509121
-0.015045104
-0.0050106253
0.0050138635
0.015049506
0.025098393
0.035158267
0.045060429
0.055220871
0.062814938
0.07235823
-0.077532185
-0.065009309
-0.054963209
-0.045145699
-0.035120245
-0.025082294
-0.015045027
-0.005012716
0.005016543
0.015050102
0.025090102
0.035132639
0.045165173
0.0549904
0.065031253
0.072532397
0.083050961
-0.088334231
-0.07536025
-0.065043215
-0.055163545
-0.045134172
-0.035104091
-0.025071984
-0.015040784
-0.0050119597
0.0050158154
0.015045634
0.02507886
0.035113945
0.045147344
0.055178243
0.065053178
0.075362139
0.08316617
0.092345375
-0.097670982
-0.085465141
-0.075210694
-0.065249835
-0.05517379
-0.045126888
-0.035092053
-0.025062204
-0.015035279
-0.0050104188
0.0050138221
0.015039324
0.025067443
0.035098742
0.045134569
0.0551808
0.065253382
0.075209808
0.085464745
0.093754156
-0.098356855
-0.085330102
-0.075292949
-0.06521318
-0.055152888
-0.0451102
-0.035078159
-0.02505196
-0.015029334
-0.0050086886
0.0050113944
0.015032372
0.02505553
0.035082152
0.045114052
0.055155436
0.06521299
0.07528933
0.085323039
0.092880014
0.10215354
-0.097803584
-0.085216046
-0.075170857
-0.065143101
-0.055112705
-0.045085507
-0.035061957
-0.025041549
-0.015023546
-0.0050070433
0.005009021
0.015025633
0.025043754
0.035064046
0.045087004
0.055112928
0.06514116
0.075166094
0.085207154
0.092680657
0.10317898
-0.10646194
-0.094686924
-0.084833292
-0.075055617
-0.065073303
-0.055071645
-0.045061172
-0.035047336
-0.025032858
-0.01501899
-0.0050058009
0.0050071413
0.015020307
0.025034055
0.035048193
0.045061389
0.055070816
0.065070959
0.075051637
0.08482783
0.094679375
0.10206143
-0.10719957
-0.094747769
-0.084912253
-0.074990975
-0.065031864
-0.055046627
-0.045046449
-0.035038792
-0.025028077
-0.015016622
-0.0050052338
0.0050060436
0.015017325
0.025028544
0.035038854
0.045045936
0.055045359
0.06502988
0.074988457
0.084909511
0.094745472
0.10209249
-0.10739468
-0.094746771
-0.08491135
-0.07499064
-0.065032039
-0.055047109
-0.04504703
-0.035039333
-0.025028513
-0.015016947
-0.0050054782
0.0050058388
0.015017135
0.025028372
0.035038741
0.045045948
0.055045625
0.065030418
0.074989265
0.084910584
0.094746597
0.10223231
-0.10684299
-0.094681442
-0.084830497
-0.07505492
-0.065074215
-0.055073401
-0.045063133
-0.035049094
-0.025034237
-0.015019985
-0.0050065378
0.0050065035
0.015019676
0.025033423
0.035047657
0.045061129
0.055071104
0.065072124
0.075053682
0.084830815
0.094684115
0.10192481
-0.10649213
-0.097584651
-0.085211751
-0.075171261
-0.065146101
-0.055116797
-0.045089548
-0.035065331
-0.025043991
-0.015025201
-0.0050082604
0.0050078952
0.015024366
0.025042304
0.035062596
0.045085828
0.055112525
0.065142019
0.075168329
0.085211751
0.092549289
0.10287151
-0.097784752
-0.085328674
-0.075297861
-0.065220845
-0.055161113
-0.045117419
-0.035083524
-0.025055483
-0.015031545
-0.0050102857
0.005009756
0.015030238
0.025052697
0.035078835
0.045110816
0.055153122
0.065212484
0.075290203
0.085323409
0.092754443
0.10261533
-0.098221344
-0.08547397
-0.075225589
-0.065265663
-0.055188455
-0.045138369
-0.035099701
-0.025066633
-0.015037694
-0.0050120849
0.00501177
0.015036162
0.025062681
0.035092381
0.045127346
0.055174378
0.065250158
0.075209708
0.085459664
0.093008514
-0.088070334
-0.075393292
-0.065070648
-0.055187147
-0.045150654
-0.035113609
-0.025076462
-0.015042523
-0.0050130213
0.0050136369
0.015041424
0.025071697
0.03510325
0.045133397
0.055163527
0.065044409
0.075365352
0.082983233
0.093188206
-0.088195948
-0.077957855
-0.065048862
-0.054997499
-0.045166192
-0.035129495
-0.025084652
-0.015044385
-0.0050122456
0.005014864
0.015044984
0.025080381
0.035116782
0.045141311
0.054959126
0.065007544
0.072649507
0.083616571
-0.077386581
-0.067397629
-0.055221031
-0.045057079
-0.035150268
-0.025087553
-0.015039758
-0.0050075074
0.0050133669
0.01504411
0.025086825
0.035139053
0.04502714
0.055161055
0.062478076
0.07206014
0.08166076
-0.067852732
-0.057884878
-0.045449022
-0.03515489
-0.024902946
-0.014855952
-0.0049940519
0.0050039164
0.014866997
0.024912923
0.035158962
0.045432966
0.052730412
0.06315404
0.071619191
-0.057214295
-0.048277214
-0.037789571
-0.027628669
-0.015128626
-0.0049670239
0.0049800583
0.015149771
0.02252298
0.032520452
0.042673232
0.052841614
-0.03708009
-0.027779191
-0.017401971
-0.0075283712
0.0023958433
0.012320952
0.022942351
0.032424724
-0.017236195
-0.0074179375
0.0024782643
0.012376866
0.021938007
-0.047410158
-0.038064583
-0.027573121
-0.015159081
-0.0049752465
0.0049783937
0.015154685
0.022651571
0.032597902
0.042944476
-0.05810193
-0.045450044
-0.035162339
-0.024920417
-0.014870914
-0.0050009541
0.0050025548
0.014871718
0.024925223
0.035178327
0.045456708
0.052897561
0.062952124
-0.076677419
-0.067414412
-0.055169702
-0.045037157
-0.035144182
-0.025090236
-0.015045071
-0.0050109176
0.0050131567
0.015048387
0.025097332
0.035157976
0.045059382
0.055220952
0.062835592
0.07233083
-0.077584163
-0.065014701
-0.054961516
-0.045143909
-0.035118011
-0.025080535
-0.015044098
-0.0050126832
0.0050156165
0.015048293
0.025087797
0.035130308
0.045162802
0.054988158
0.065026982
0.072517103
0.08297038
-0.08833952
-0.075366931
-0.065045143
-0.055162013
-0.04513139
-0.035100933
-0.025069278
-0.015039099
-0.0050116118
0.0050147274
0.015043216
0.025075492
0.035110172
0.045143551
0.055174521
0.065048852
0.075354216
0.083145523
0.092353732
-0.097678096
-0.085457575
-0.075209627
-0.065248105
-0.055170641
-0.045122855
-0.035087815
-0.025058566
-0.015032965
-0.0050098015
0.0050126026
0.015036396
0.025063214
0.035093902
0.045129735
0.055176299
0.065249047
0.075204786
0.085452568
0.093708405
-0.098341745
-0.085327729
-0.075290901
-0.065210209
-0.055148783
-0.045105309
-0.035073206
-0.025047828
-0.015026702
-0.0050079349
0.0050101698
0.015029257
0.025050926
0.035076748
0.045108666
0.055150686
0.065209068
0.07528612
0.085319326
0.092866395
0.10213481
-0.09780592
-0.08521641
-0.075169292
-0.065140162
-0.055108556
-0.045080521
-0.035056987
-0.025037585
-0.015021109
-0.0050063293
0.0050079611
0.015022845
0.025039446
0.035058777
0.045081763
0.055108531
0.065137957
0.075164348
0.085207968
0.092682215
0.10320593
-0.10646596
-0.09468757
-0.084833303
-0.075054504
-0.065070904
-0.055068046
-0.045056768
-0.035042944
-0.025029424
-0.015016928
-0.005005188
0.0050062795
0.015017998
0.025030397
0.035043629
0.045056853
0.055067124
0.065068513
0.0750506
0.084828244
0.094681631
0.10206625
-0.10719883
-0.094748044
-0.084912274
-0.074990183
-0.06502994
-0.055043561
-0.045042629
-0.035034971
-0.025025041
-0.015014768
-0.0050046671
0.0050052981
0.015015304
0.025025361
0.035034923
0.045042026
0.055042221
0.065027901
0.074987676
0.084909726
0.094746338
0.10209355
-0.10739501
-0.094746789
-0.084911197
-0.074989768
-0.065030078
-0.055044017
-0.045043176
-0.035035473
-0.025025438
-0.015015058
-0.0050048826
0.0050051181
0.015015132
0.025025198
0.035034801
0.045042006
0.055042415
0.065028296
0.074988223
0.084910354
0.094746916
0.10223245
-0.10684198
-0.094681338
-0.084830125
-0.0750536
-0.065071702
-0.055069712
-0.045058627
-0.035044579
-0.025030672
-0.015017809
-0.0050058361
0.0050057231
0.015017436
0.025029811
0.035043108
0.045056548
0.055067253
0.065069349
0.075051991
0.084829852
0.094683056
0.10192579
-0.10648611
-0.097583932
-0.085210902
-0.075169453
-0.065142943
-0.055112445
-0.045084354
-0.035060123
-0.025039795
-0.01502258
-0.0050073885
0.0050069941
0.015021747
0.025038141
0.035057431
0.045080617
0.055108025
0.065138505
0.075165817
0.085210541
0.092550132
0.10286565
-0.097783041
-0.085328703
-0.075295994
-0.065217371
-0.055156512
-0.045112113
-0.035078193
-0.025051014
-0.015028641
-0.0050092897
0.0050087874
0.015027412
0.025048358
0.035073673
0.045105644
0.055148514
0.065208585
0.07528659
0.085318545
0.09274778
0.10259166
-0.098247443
-0.085473197
-0.075223218
-0.065261975
-0.05518407
-0.045133542
-0.035094872
-0.025062521
-0.015034989
-0.0050111199
0.005010907
0.015033633
0.025058862
0.035087946
0.045122985
0.055170488
0.065246621
0.075205408
0.085449214
0.092997976
-0.088069445
-0.075392032
-0.065066727
-0.055183281
-0.045146602
-0.035109562
-0.025073045
-0.015040254
-0.005012189
0.0050130131
0.015039493
0.025068842
0.035100005
0.045130324
0.055160917
0.065041976
0.075360419
0.082964903
0.093168664
-0.088238252
-0.077965509
-0.065047745
-0.054994939
-0.045162969
-0.035126079
-0.025081843
-0.015042565
-0.0050115428
0.0050145014
0.015043693
0.025078461
0.03511467
0.045139435
0.05495706
0.06500435
0.07263866
0.083529472
-0.077368322
-0.067401131
-0.055222195
-0.045054792
-0.035147113
-0.025085255
-0.015038401
-0.0050069565
0.0050132086
0.015043216
0.025085267
0.035137001
0.045024861
0.055149277
0.062475994
0.072061581
0.081678762
-0.067871605
-0.057891027
-0.045447286
-0.03515199
-0.024902466
-0.014855584
-0.0049937975
0.0050037848
0.014865552
0.024909176
0.035151665
0.045425762
0.052737415
0.063165415
0.071604066
-0.057219987
-0.048318108
-0.037766954
-0.027632446
-0.015130583
-0.0049675333
0.0049797401
0.015145663
0.022506662
0.032507984
0.042693544
0.052929726
-0.037037115
-0.027837714
-0.017396885
-0.0075300862
0.0023951696
0.012321018
0.02284764
0.032402699
-0.017181012
-0.007423831
0.0024803278
0.012369296
0.021976228
-0.047410948
-0.038036849
-0.027569739
-0.015155166
-0.0049763535
0.0049763688
0.015152807
0.022653912
0.032562399
0.04288623
-0.058108131
-0.045445666
-0.035153734
-0.024915867
-0.014869983
-0.0050016104
0.0050009919
0.01486907
0.024920392
0.035170377
0.045458691
0.052909573
0.062892044
-0.076663266
-0.067343317
-0.055158434
-0.045032046
-0.035139592
-0.025087249
-0.015043831
-0.0050111202
0.005011589
0.015045333
0.025092795
0.035152461
0.045054306
0.055213892
0.062818553
0.07232162
-0.077570421
-0.065006596
-0.054955842
-0.04513906
-0.035113238
-0.025076705
-0.015041911
-0.0050124057
0.0050139217
0.015044634
0.025082504
0.03512419
0.045156854
0.054982788
0.065022859
0.072513615
0.083004176
-0.088316525
-0.075360939
-0.065040888
-0.055156565
-0.045125245
-0.035094727
-0.025064128
-0.01503595
-0.0050108979
0.0050128848
0.01503888
0.025069075
0.035102662
0.04513614
0.055168047
0.065043788
0.075348616
0.083144435
0.092341925
-0.097658316
-0.085457216
-0.075205767
-0.065242327
-0.055163407
-0.045114815
-0.035080201
-0.025052497
-0.015029262
-0.0050088246
0.0050107621
0.01503177
0.025056136
0.035085247
0.045120727
0.055168248
0.06524251
0.075199798
0.085447799
0.093711485
-0.098354124
-0.085325231
-0.075286274
-0.065203413
-0.055140336
-0.045096336
-0.035065124
-0.025041847
-0.015023172
-0.005006962
0.0050085677
0.015025064
0.025044242
0.035067969
0.04509911
0.055141867
0.065202105
0.075281525
0.085318119
0.092864101
0.10212426
-0.097807228
-0.085214188
-0.075165224
-0.065133906
-0.05510054
-0.045072081
-0.035049792
-0.025032415
-0.01501812
-0.0050054799
0.0050066734
0.015019412
0.025033833
0.035051192
0.045073066
0.055100438
0.065131842
0.075160689
0.085207258
0.092686705
0.10321777
-0.10645759
-0.094686113
-0.084832209
-0.075051824
-0.065066229
-0.055061702
-0.045049934
-0.035037059
-0.025025163
-0.015014404
-0.005004444
0.0050052394
0.01501519
0.025025881
0.035037562
0.045049955
0.055060864
0.065064091
0.075048346
0.084827692
0.094681787
0.10206694
-0.10719891
-0.094747757
-0.084911902
-0.074988632
-0.065026594
-0.055038631
-0.045037086
-0.035029976
-0.025021285
-0.015012496
-0.0050039665
0.005004409
0.015012861
0.025021481
0.035029876
0.045036533
0.055037451
0.065024802
0.074986453
0.084909798
0.094746683
0.10209348
-0.10739455
-0.094746257
-0.084910777
-0.074988193
-0.06502669
-0.055039022
-0.045037551
-0.035030399
-0.025021614
-0.015012732
-0.0050041381
0.0050042692
0.01501273
0.025021354
0.035029779
0.045036517
0.055037618
0.065025141
0.074986902
0.084910237
0.094746713
0.10223284
-0.106841
-0.094680487
-0.084829103
-0.075050789
-0.065066825
-0.055063107
-0.045051513
-0.03503843
-0.02502619
-0.015015119
-0.0050049551
0.0050048112
0.015014761
0.02502543
0.035037159
0.045049733
0.055061011
0.065064858
0.075049569
0.08482908
0.09468255
0.10192532
-0.10647023
-0.097575255
-0.085206745
-0.075164728
-0.065136056
-0.055103797
-0.045075318
-0.035052397
-0.025034223
-0.0150193
-0.0050063015
0.0050059453
0.015018589
0.025032846
0.035050169
0.045072232
0.055100185
0.065132567
0.075162206
0.08520821
0.09254808
0.10286746
-0.097788155
-0.085325904
-0.075289582
-0.065208965
-0.055146737
-0.045102036
-0.035069271
-0.025044446
-0.0150247
-0.0050079743
0.005007564
0.01502371
0.025042317
0.035065638
0.045096868
0.055140494
0.065202496
0.075283086
0.085317203
0.092744063
0.10260857
-0.098234564
-0.085469012
-0.075213656
-0.065252337
-0.055174341
-0.045123809
-0.035086105
-0.025055692
-0.015030769
-0.0050097032
0.0050096086
0.015029778
0.025052857
0.035080646
0.045115608
0.055164352
0.065242414
0.075204272
0.085449259
0.092974929
-0.088060252
-0.075373369
-0.065055503
-0.055174314
-0.045138285
-0.035101993
-0.025067058
-0.015036558
-0.0050109608
0.0050118936
0.015036261
0.02506403
0.035094689
0.045125968
0.055158534
0.065041805
0.075366812
0.082976709
0.0931371
-0.088191916
-0.077937603
-0.065034069
-0.054987105
-0.045156072
-0.035120026
-0.025077345
-0.01503993
-0.0050107045
0.0050137614
0.015041655
0.025075556
0.035111839
0.045138515
0.054960288
0.065011088
0.072649829
0.083607257
-0.077356328
-0.067388559
-0.055210462
-0.045048078
-0.035142076
-0.025082452
-0.015037112
-0.0050066053
0.0050129949
0.015042877
0.025084633
0.035135731
0.045025376
0.05516152
0.062476056
0.072069361
0.081652503
-0.067799576
-0.057867659
-0.045444802
-0.035149884
-0.024902679
-0.014856122
-0.0049940146
0.0050043183
0.014868491
0.024913516
0.035149645
0.045415415
0.052720991
0.063129041
0.071645063
-0.057229438
-0.048346246
-0.037788848
-0.027638199
-0.01513391
-0.0049679992
0.004981083
0.015152927
0.022515438
0.032502899
0.042638719
0.052825566
-0.037092093
-0.027829547
-0.017406927
-0.0075295834
0.0023958616
0.012321029
0.022842383
0.032426675
-0.017210069
-0.0074325496
0.0024759351
0.012345521
0.021929994
-0.047334517
-0.038086457
-0.027548622
-0.015157397
-0.0049786419
0.0049737305
0.015145151
0.022652663
0.032576859
0.042871209
-0.058126575
-0.045430929
-0.035153143
-0.024915272
-0.014869911
-0.0050026413
0.0049988689
0.014864674
0.024913128
0.035157724
0.045442686
0.052893512
0.06290194
-0.0766554
-0.067369677
-0.055170433
-0.045029411
-0.035135116
-0.025083458
-0.015041778
-0.0050111345
0.0050093906
0.015040507
0.025085254
0.035143057
0.04504612
0.055208069
0.062814241
0.072368673
-0.077559916
-0.065007753
-0.05495532
-0.045133202
-0.035105651
-0.025070196
-0.015037973
-0.0050115649
0.0050114826
0.015038777
0.025073504
0.035113465
0.045147171
0.054976044
0.065021693
0.072522943
0.082969205
-0.088326349
-0.075354832
-0.065033093
-0.055147648
-0.045114676
-0.03508439
-0.025055771
-0.015030905
-0.0050095658
0.0050103708
0.015032448
0.025058995
0.03509027
0.045123505
0.055157635
0.065037582
0.075345469
0.083133512
0.092341759
-0.097711102
-0.085457266
-0.075196716
-0.065230186
-0.055149623
-0.045101086
-0.035068502
-0.02504397
-0.015024273
-0.0050074474
0.0050085139
0.015025803
0.025046438
0.035072246
0.045105884
0.055154087
0.065231542
0.075193101
0.085448971
0.093726238
-0.098345435
-0.085320157
-0.075276216
-0.065189486
-0.055124922
-0.045082243
-0.035054105
-0.025034252
-0.01501885
-0.0050057381
0.0050067249
0.015020075
0.025035907
0.035056215
0.045084491
0.05512645
0.065188985
0.075272925
0.085314666
0.092875243
0.1021638
-0.097798899
-0.085209756
-0.075156939
-0.065121852
-0.055087049
-0.045060161
-0.035040679
-0.02502614
-0.015014517
-0.0050044321
0.0050051987
0.015015373
0.025027125
0.035041713
0.045060967
0.055087096
0.06512038
0.075153333
0.085202951
0.092681847
0.10319905
-0.10645563
-0.094685978
-0.084830764
-0.075047335
-0.065058392
-0.055052121
-0.045040949
-0.035029875
-0.025020042
-0.015011402
-0.0050035403
0.0050040558
0.015011918
0.025020528
0.035030231
0.04504098
0.055051525
0.065056768
0.075044488
0.084826887
0.094680826
0.10206291
-0.10719856
-0.094748326
-0.084912605
-0.074987139
-0.065022041
-0.055031925
-0.045030041
-0.035023924
-0.025016811
-0.015009812
-0.0050031277
0.0050034038
0.015010036
0.025016917
0.035023828
0.045029628
0.055031065
0.065020687
0.074985392
0.084910796
0.094747242
0.10209317
-0.10739431
-0.094747323
-0.084911801
-0.074986854
-0.065022155
-0.055032251
-0.045030411
-0.035024252
-0.025017062
-0.015009987
-0.0050032505
0.0050033074
0.015009948
0.025016834
0.035023767
0.045029634
0.05503122
0.065021033
0.074985947
0.084911496
0.094747748
0.10223232
-0.10683915
-0.094681373
-0.084828522
-0.07504668
-0.065058946
-0.055053258
-0.045042187
-0.035030933
-0.025020822
-0.015011931
-0.005003904
0.0050037645
0.015011634
0.025020234
0.035029976
0.045040887
0.055051784
0.065057658
0.07504609
0.084829037
0.094682982
0.1019241
-0.10645163
-0.097570752
-0.085204409
-0.075156672
-0.065123557
-0.055089582
-0.045062654
-0.035042665
-0.025027509
-0.015015386
-0.005005006
0.0050047167
0.015014839
0.025026487
0.035041048
0.045060497
0.055087187
0.065121517
0.075155758
0.085206382
0.09254551
0.10285663
-0.09779233
-0.085321403
-0.075278343
-0.06519349
-0.055129751
-0.045086572
-0.035057259
-0.025036217
-0.015019959
-0.0050064145
0.0050060957
0.015019228
0.025034704
0.03505474
0.045083119
0.05512588
0.065190155
0.075276207
0.08531894
0.092749112
0.10259256
-0.09825314
-0.085454272
-0.075199645
-0.06523661
-0.055157713
-0.045107942
-0.035072995
-0.025046343
-0.015025309
-0.0050079525
0.0050078804
0.015024614
0.02504441
0.035069364
0.04510272
0.055151947
0.065232563
0.075199232
0.085460343
0.093008135
-0.088037889
-0.07535227
-0.065041522
-0.055160824
-0.045124788
-0.035089934
-0.025057845
-0.015031131
-0.0050093224
0.0050100468
0.01503102
0.025055933
0.035085327
0.045117351
0.055152413
0.065037289
0.075360047
0.082982872
0.093210073
-0.088061213
-0.077878109
-0.065024463
-0.054978567
-0.045146225
-0.035110539
-0.025070187
-0.015035915
-0.0050096727
0.0050121131
0.015037525
0.025069586
0.035106251
0.045137022
0.054966109
0.065018819
0.07264885
0.083612239
-0.077361179
-0.067388291
-0.055206694
-0.045039864
-0.035135096
-0.025078365
-0.015035425
-0.0050065464
0.0050118401
0.015040709
0.025081739
0.035134809
0.045032886
0.055190635
0.062517564
0.072074205
0.08166535
-0.067828563
-0.057859513
-0.045422693
-0.035139316
-0.024900942
-0.01485696
-0.0049949908
0.0050039194
0.014869795
0.02491519
0.035153191
0.045432108
0.052759033
0.063302352
0.07162506
-0.057191371
-0.048283108
-0.037747801
-0.027633368
-0.015136027
-0.0049697858
0.0049817106
0.015164306
0.022540063
0.032511667
0.042669468
0.052893741
-0.037033101
-0.027821097
-0.017415398
-0.0075332334
0.0023971433
0.012326366
0.022989665
0.032419095
-0.017198173
-0.0074348795
0.002477631
0.012360059
0.021876282
-0.047309983
-0.038089439
-0.027579122
-0.015162071
-0.0049806903
0.0049746908
0.015148031
0.022629837
0.032563154
0.042853812
-0.058134704
-0.04542675
-0.035156624
-0.024918191
-0.014870884
-0.0050034192
0.004997901
0.014862099
0.024906798
0.035148326
0.045441464
0.052904873
0.062882316
-0.076647438
-0.067430273
-0.05518693
-0.045025078
-0.035127764
-0.025077166
-0.015037963
-0.005010352
0.0050071813
0.015034346
0.025074548
0.035129503
0.045036681
0.055208355
0.062811604
0.072344068
-0.077541727
-0.065004076
-0.054952104
-0.045121847
-0.035092506
-0.025059294
-0.015031452
-0.0050097483
0.0050085858
0.015030703
0.025060114
0.03509691
0.045132075
0.054968037
0.065022308
0.072525601
0.082974435
-0.088318923
-0.07533262
-0.065017872
-0.055131302
-0.045097188
-0.035068706
-0.0250441
-0.015024057
-0.0050075715
0.0050075309
0.015024496
0.025045738
0.03507249
0.045103869
0.055140452
0.065027647
0.075344882
0.08313239
0.092322263
-0.097659204
-0.085445429
-0.075177612
-0.0652064
-0.055126127
-0.045081081
-0.035053082
-0.025033354
-0.01501822
-0.0050056705
0.0050060824
0.015018964
0.025034805
0.035055597
0.045084765
0.055130506
0.065210438
0.07518097
0.085450528
0.093731264
-0.098345243
-0.085311389
-0.075255147
-0.065163488
-0.055101045
-0.04506361
-0.035040714
-0.025025286
-0.015013778
-0.0050042393
0.0050047385
0.015014456
0.025026305
0.035042159
0.045065373
0.055102714
0.06516435
0.075254601
0.085308756
0.092871229
0.10214082
-0.097801057
-0.085202566
-0.075140927
-0.065101321
-0.055068244
-0.045045425
-0.035029944
-0.025018906
-0.015010402
-0.0050031987
0.0050036222
0.015010897
0.02501952
0.035030652
0.045046083
0.055068531
0.065100713
0.075138785
0.085197869
0.092680132
0.10320241
-0.10645763
-0.094686369
-0.084830577
-0.075040822
-0.065046904
-0.05503978
-0.045030273
-0.035021585
-0.025014261
-0.015008046
-0.0050025104
0.0050028014
0.015008346
0.025014558
0.035021828
0.045030341
0.055039473
0.065045931
0.075038881
0.084827559
0.094682548
0.10206228
-0.1071985
-0.094752813
-0.08491773
-0.074987525
-0.065016763
-0.055023777
-0.045021816
-0.035017054
-0.025011833
-0.015006857
-0.0050021916
0.0050023412
0.015006978
0.025011884
0.035016987
0.045021559
0.055023247
0.06501588
0.074986274
0.084916286
0.094751759
0.10209345
-0.10739456
-0.094752699
-0.084917617
-0.074987579
-0.065016959
-0.055024046
-0.045022088
-0.035017285
-0.025012004
-0.015006974
-0.0050022694
0.0050022832
0.015006926
0.025011838
0.035016958
0.045021582
0.05502338
0.065016215
0.074986921
0.084917309
0.094752966
0.10223308
-0.10684083
-0.094685756
-0.084830428
-0.075041138
-0.065047638
-0.055040708
-0.045031179
-0.035022329
-0.025014795
-0.015008397
-0.0050027419
0.0050026283
0.015008182
0.025014394
0.035021698
0.045030344
0.055039787
0.065046857
0.075040798
0.084830801
0.094686991
0.10192524
-0.10646718
-0.097582198
-0.085202419
-0.07514204
-0.065103027
-0.055070197
-0.045047225
-0.035031339
-0.025019847
-0.015010978
-0.0050035585
0.0050033421
0.015010597
0.025019164
0.03503029
0.04504588
0.055068798
0.065101992
0.075141832
0.085203914
0.092548498
0.10285796
-0.097794132
-0.085313599
-0.07525776
-0.065166751
-0.055104597
-0.045066715
-0.03504295
-0.025026651
-0.015014514
-0.0050046472
0.0050043941
0.015013996
0.025025643
0.035041338
0.045064616
0.055102478
0.065165437
0.07525801
0.085315215
0.092756665
0.10261836
-0.098222336
-0.085445957
-0.075181074
-0.065211319
-0.055132062
-0.04508607
-0.035056328
-0.025035032
-0.015018902
-0.0050059333
0.0050057912
0.015018353
0.025033707
0.035054004
0.045082916
0.055128908
0.065210317
0.075184083
0.085457411
0.093017543
-0.088028249
-0.07534042
-0.065025004
-0.055141314
-0.045104973
-0.035072906
-0.025045617
-0.015024161
-0.0050072883
0.0050075327
0.015023828
0.025044122
0.035069817
0.045100312
0.055136413
0.06502399
0.075346763
0.082966934
0.093195583
-0.088109767
-0.077889106
-0.065018364
-0.054969455
-0.045132688
-0.035096579
-0.0250593
-0.015029879
-0.005008229
0.0050092988
0.015030214
0.025058052
0.035093139
0.04512656
0.054962017
0.06501728
0.072632616
0.083506386
-0.077380536
-0.067393112
-0.055206796
-0.045035523
-0.035127984
-0.025072854
-0.015032916
-0.0050067252
0.005009091
0.01503445
0.025072263
0.035125429
0.045030851
0.05520524
0.062542478
0.072079754
0.081657314
-0.067824457
-0.057865842
-0.045431487
-0.035144009
-0.02490454
-0.014860153
-0.0049973272
0.0050011178
0.014863082
0.024903299
0.035143277
0.045434702
0.052775877
0.063358196
0.071653587
-0.057218453
-0.048299877
-0.037754448
-0.027639195
-0.015144126
-0.0049734508
0.0049783617
0.015149865
0.02251758
0.032499898
0.042672597
0.052868459
-0.037036305
-0.027843289
-0.017416845
-0.0075356966
0.0023934243
0.012328077
0.022897283
0.032396817
-0.01718311
-0.0074402121
0.0024749615
0.0123785
0.021983088
-0.047283967
-0.038171825
-0.027578172
-0.015168013
-0.0049837767
0.0049778237
0.015154502
0.02264989
0.03255128
0.042880446
-0.058143068
-0.045422725
-0.03515359
-0.024918567
-0.014872875
-0.0050036602
0.004998302
0.014863307
0.024902683
0.035137113
0.045426187
0.052890776
0.062951981
-0.076639197
-0.067425393
-0.055179915
-0.045013288
-0.035109438
-0.025063029
-0.015030207
-0.0050081976
0.0050051089
0.015026262
0.025058997
0.035108899
0.045023789
0.055213401
0.062841257
0.072345107
-0.077523116
-0.065010626
-0.05494401
-0.045100009
-0.035070575
-0.025042956
-0.015022144
-0.00500687
0.0050055628
0.015020952
0.025042671
0.035073052
0.045107952
0.054959786
0.065032307
0.072538162
0.083059117
-0.088301308
-0.075329128
-0.065000418
-0.055105321
-0.045071885
-0.035047817
-0.025029563
-0.015015783
-0.0050049951
0.005004651
0.015015702
0.025030244
0.035050057
0.04507656
0.055112925
0.065010949
0.075345825
0.083161243
0.092333247
-0.097719861
-0.085440253
-0.075146436
-0.065165755
-0.05509252
-0.045055682
-0.03503481
-0.025021207
-0.015011391
-0.0050035684
0.0050036392
0.01501166
0.025021932
0.035036295
0.045058162
0.055096031
0.065170306
0.075152606
0.08544537
0.093750696
-0.098361259
-0.085293922
-0.075213629
-0.06512265
-0.055069922
-0.045041672
-0.035025636
-0.025015515
-0.015008339
-0.0050025798
0.0050027755
0.015008646
0.025016047
0.035026484
0.045042849
0.055071313
0.065124042
0.075214707
0.085292141
0.092872021
0.10215114
-0.097790582
-0.085192653
-0.075112627
-0.065072519
-0.055045455
-0.045028769
-0.035018319
-0.025011317
-0.015006153
-0.0050019012
0.0050020915
0.015006394
0.025011638
0.035018735
0.04502922
0.055045799
0.065072495
0.07511178
0.085189384
0.092675653
0.10315815
-0.10645141
-0.094705094
-0.084839555
-0.075032219
-0.065032368
-0.055025592
-0.045018627
-0.035012908
-0.025008377
-0.015004682
-0.0050014653
0.0050016016
0.015004828
0.025008531
0.035013049
0.045018698
0.055025482
0.0650319
0.075031142
0.084837743
0.094701761
0.10205982
-0.10719868
-0.094775105
-0.084934167
-0.074991257
-0.065010991
-0.055014761
-0.045013112
-0.035010035
-0.025006866
-0.01500395
-0.0050012638
0.0050013317
0.015004003
0.025006889
0.035009997
0.04501298
0.055014473
0.065010463
0.07499039
0.084932998
0.094774273
0.10209711
-0.10739553
-0.094775786
-0.084934765
-0.074991612
-0.065011234
-0.055014963
-0.045013285
-0.035010172
-0.025006965
-0.015004015
-0.0050013057
0.0050013017
0.015003979
0.025006867
0.035009989
0.045013005
0.055014576
0.065010722
0.074990939
0.084934002
0.094775698
0.10223762
-0.10684414
-0.094707671
-0.084841194
-0.075033415
-0.065033196
-0.055026274
-0.0450192
-0.035013351
-0.025008685
-0.01500488
-0.0050015873
0.0050015132
0.015004751
0.025008456
0.035012999
0.045018739
0.055025746
0.065032639
0.075032769
0.084840449
0.094707227
0.10193142
-0.10649897
-0.097593069
-0.085197931
-0.07511507
-0.065074207
-0.055046843
-0.045029904
-0.03501916
-0.025011866
-0.01500648
-0.0050020902
0.0050019538
0.015006252
0.025011475
0.035018575
0.045029166
0.055046079
0.065073555
0.075114448
0.085196578
0.092553221
0.10287582
-0.097791804
-0.085299884
-0.07521731
-0.065125465
-0.055072377
-0.045043662
-0.03502702
-0.025016338
-0.015008762
-0.0050027936
0.0050026165
0.015008436
0.025015738
0.035026093
0.045042484
0.055071247
0.065124845
0.075217255
0.08529892
0.092756125
0.10259856
-0.098283368
-0.085449247
-0.07515069
-0.065169717
-0.055096684
-0.04505907
-0.035036959
-0.02502229
-0.015011806
-0.005003698
0.0050035255
0.015011394
0.02502142
0.035035506
0.045057122
0.055094815
0.065169456
0.075152734
0.085449549
0.0930294
-0.088044362
-0.07532958
-0.065005414
-0.055113074
-0.045077856
-0.035051024
-0.025030744
-0.015015916
-0.0050048148
0.0050047152
0.015015426
0.025029497
0.035048727
0.045074377
0.055109043
0.065004497
0.075336352
0.082963315
0.093228867
-0.088053019
-0.07786129
-0.065021246
-0.054960965
-0.045110514
-0.035074908
-0.025043612
-0.015021378
-0.0050059809
0.0050059964
0.015020722
0.025041705
0.03507125
0.04510411
0.054949658
0.06501252
0.072632006
0.083545768
-0.077364565
-0.067395854
-0.055211869
-0.045029375
-0.035113534
-0.025061377
-0.015027333
-0.0050060255
0.0050060112
0.015025881
0.025057625
0.035107615
0.045019917
0.055181589
0.062521116
0.072073432
0.081664698
-0.067857549
-0.057886362
-0.04544458
-0.035152959
-0.024911229
-0.014866574
-0.004999784
0.0049990977
0.014860993
0.024897996
0.035137539
0.045439371
0.052773685
0.063235699
0.0716376
-0.057215206
-0.048319313
-0.037805762
-0.027655957
-0.015162268
-0.0049788578
0.0049759766
0.015142588
0.022496727
0.03247785
0.042661008
0.052931363
-0.037112249
-0.027842813
-0.017448413
-0.0075415172
0.0023900397
0.012311207
0.022840911
0.032359553
-0.017255932
-0.0074434272
0.00247816
0.012390031
0.021977921
-0.047323481
-0.038048057
-0.027597694
-0.015201345
-0.0049934525
0.0049890236
0.015187015
0.022660498
0.03253952
0.042820102
-0.058077537
-0.045425009
-0.035134703
-0.024961369
-0.014922188
-0.0050019324
0.0049986547
0.014915794
0.024951068
0.03512939
0.045428442
0.052900659
0.062895154
-0.076633913
-0.067421458
-0.055255132
-0.045036451
-0.035069368
-0.025033531
-0.0150127
-0.0050023975
0.0050007592
0.01501057
0.025031742
0.035071256
0.045046197
0.055280177
0.062859874
0.072372101
-0.077576049
-0.065128722
-0.054989946
-0.045058237
-0.035035527
-0.025020608
-0.015010047
-0.0050030249
0.0050023477
0.015009412
0.025020515
0.03503719
0.045063001
0.054998472
0.065138833
0.072592849
0.083075582
-0.0883327
-0.075393858
-0.065029479
-0.055060407
-0.045034984
-0.035021575
-0.025012473
-0.015006432
-0.0050020238
0.0050018081
0.015006321
0.025012704
0.035022548
0.04503703
0.0550634
0.065032777
0.075400476
0.083169265
0.092308271
-0.097656822
-0.08551318
-0.075129972
-0.065095596
-0.055044993
-0.045024649
-0.035014243
-0.025008311
-0.015004368
-0.0050013698
0.005001349
0.015004424
0.025008552
0.035014804
0.045025613
0.055046314
0.065097345
0.075133059
0.085519259
0.093766127
-0.098331063
-0.085323724
-0.075141112
-0.06506251
-0.055031425
-0.04501704
-0.035009929
-0.025005833
-0.015003091
-0.0050009588
0.0050010042
0.015003179
0.02500601
0.035010237
0.04501749
0.055031989
0.065063202
0.075141945
0.085322437
0.092878449
0.10212879
-0.09779474
-0.08522544
-0.075072271
-0.065035085
-0.055019097
-0.04501122
-0.035006862
-0.025004148
-0.015002234
-0.0050006903
0.0050007457
0.015002306
0.025004256
0.03500701
0.045011394
0.055019253
0.06503514
0.075072012
0.085224538
0.092700634
0.10318287
-0.10645533
-0.094876951
-0.084912056
-0.075016843
-0.065014588
-0.055010193
-0.045007004
-0.035004716
-0.025003015
-0.015001673
-0.0050005237
0.0050005654
0.015001718
0.025003067
0.035004767
0.045007035
0.05501016
0.065014397
0.075016318
0.084911198
0.094877419
0.10211057
-0.1072062
-0.094915647
-0.084968257
-0.074994905
-0.065004365
-0.05500556
-0.045004788
-0.035003603
-0.025002443
-0.015001397
-0.0050004473
0.0050004679
0.015001413
0.025002448
0.035003591
0.045004741
0.055005448
0.065004101
0.074994268
0.084966891
0.094914218
0.10214973
-0.10740185
-0.09491783
-0.084969357
-0.07499529
-0.065004522
-0.055005652
-0.045004856
-0.035003654
-0.025002478
-0.01500142
-0.0050004616
0.005000459
0.015001406
0.025002443
0.03500359
0.045004755
0.055005496
0.065004227
0.07499457
0.084967678
0.09491607
0.10228568
-0.1068531
-0.09488324
-0.084915186
-0.07501805
-0.06501511
-0.055010504
-0.04500723
-0.035004881
-0.025003127
-0.015001742
-0.0050005653
0.0050005384
0.015001695
0.025003045
0.035004758
0.045007065
0.055010295
0.06501477
0.075017133
0.084912574
0.094879901
0.10198496
-0.10649426
-0.097625711
-0.085230877
-0.075074633
-0.065036173
-0.055019737
-0.045011674
-0.035007178
-0.02500435
-0.015002349
-0.005000755
0.0050007034
0.015002265
0.025004208
0.035006969
0.04501141
0.055019453
0.065035816
0.075073649
0.085227556
0.092589454
0.10288239
-0.097782176
-0.085329528
-0.075145332
-0.065064468
-0.055032592
-0.045017865
-0.035010473
-0.025006146
-0.015003246
-0.0050010299
0.0050009569
0.015003119
0.025005919
0.035010126
0.045017431
0.055032204
0.065064255
0.075144697
0.085326644
0.092764961
0.10258254
-0.098197575
-0.085521872
-0.075134905
-0.065098273
-0.055047072
-0.04502619
-0.035015177
-0.025008763
-0.015004533
-0.0050014113
0.0050013234
0.015004352
0.025008403
0.035014577
0.045025392
0.05504646
0.065098802
0.075136587
0.085517539
0.093015662
-0.08806122
-0.075389455
-0.065031774
-0.055065006
-0.04503833
-0.0350233
-0.025013096
-0.015006525
-0.0050019527
0.0050018561
0.015006264
0.025012507
0.035022185
0.045036519
0.055063085
0.065033731
0.075400841
0.082966064
0.093158928
-0.088094191
-0.07789457
-0.065137682
-0.055004675
-0.045066559
-0.03503898
-0.025021358
-0.015009824
-0.0050026637
0.0050025585
0.015009432
0.025020372
0.035036862
0.045061914
0.054994703
0.065132526
0.072682636
0.083521238
-0.077369132
-0.067453902
-0.055297563
-0.045054717
-0.035075528
-0.025033641
-0.015011388
-0.0050013447
0.0050012496
0.015010791
0.025032106
0.035072269
0.045045282
0.055256178
0.062554938
0.072109423
0.081673615
-0.067836372
-0.057907118
-0.045445746
-0.035141083
-0.024956448
-0.014917467
-0.0049993143
0.0049993567
0.014916869
0.024954614
0.035139167
0.045448153
0.052777342
0.063177173
0.071624998
-0.057236538
-0.048329384
-0.037807642
-0.027671621
-0.015188592
-0.004987814
0.0049879916
0.015191896
0.022540277
0.032506755
0.042698665
0.052949856
-0.037091645
-0.027869452
-0.017470256
-0.0075465594
0.0023889077
0.012328
0.022948199
0.03239106
-0.01722833
-0.0074523708
0.0024839486
0.012401511
0.021984771
-0.047411872
-0.038139141
-0.027615203
-0.01757238
-0.0075440813
0.0024536089
0.012470432
0.022575255
0.032606056
0.042912641
-0.058096155
-0.047834464
-0.037691596
-0.027595645
-0.017541507
-0.007594674
0.0024087861
0.012409134
0.022417382
0.032547944
0.04270036
0.052767572
0.062934881
-0.076734602
-0.067603108
-0.0577734
-0.047651601
-0.037647392
-0.027610849
-0.017594528
-0.0075907881
0.0024085695
0.012407038
0.022416581
0.032444726
0.042494916
0.052584945
0.062800008
0.072491727
-0.077735727
-0.06767975
-0.05762939
-0.04763329
-0.037608677
-0.027599979
-0.017595006
-0.0075926249
0.0024086107
0.012410138
0.022413501
0.032421354
0.042436274
0.052471976
0.062529536
0.072653194
0.083077797
-0.088341726
-0.077904991
-0.06765958
-0.057634101
-0.047607119
-0.037599086
-0.027595061
-0.017593226
-0.0075921948
0.0024085243
0.012409312
0.022410621
0.032413346
0.042419783
0.052432919
0.062475002
0.072616274
0.08300932
0.092337699
-0.097679139
-0.088035718
-0.077729738
-0.067657061
-0.057611667
-0.047599763
-0.037595223
-0.027593462
-0.017592553
-0.0075919725
0.0024084848
0.012408967
0.022409645
0.032410855
0.042413548
0.052421092
0.062442579
0.072519282
0.082718657
0.093600129
-0.09838649
-0.08777668
-0.077699228
-0.067623292
-0.057602719
-0.047596005
-0.037593765
-0.027592786
-0.017592234
-0.007591852
0.0024084655
0.012408796
0.022409225
0.03240991
0.042411288
0.052414915
0.062426783
0.072464692
0.082579853
0.092800056
0.10213277
-0.097836618
-0.08763947
-0.077647115
-0.067607558
-0.05759722
-0.047594165
-0.037592988
-0.027592402
-0.01759204
-0.0075917749
0.002408453
0.012408688
0.022408979
0.032409405
0.042410168
0.052411915
0.06241716
0.072436586
0.082493512
0.092618824
0.10322155
-0.10651098
-0.097489792
-0.087557806
-0.077605049
-0.067597708
-0.057594241
-0.047593049
-0.037592488
-0.027592149
-0.017591911
-0.0075917232
0.0024084449
0.012408616
0.022408816
0.03240908
0.042409481
0.052410222
0.062412097
0.072418011
0.082423557
0.092420995
0.10220298
-0.10723089
-0.097390051
-0.087578362
-0.077589629
-0.06759296
-0.057592698
-0.047592428
-0.037592198
-0.027592003
-0.017591838
-0.0075916931
0.0024084401
0.012408575
0.022408723
0.032408896
0.042409098
0.052409333
0.062409615
0.072409403
0.082401496
0.092359369
0.10220994
-0.1074211
-0.097422071
-0.087579638
-0.077590249
-0.067592118
-0.057592371
-0.047592285
-0.037592129
-0.027591967
-0.017591818
-0.0075916847
0.002408441
0.012408568
0.022408705
0.032408858
0.042409018
0.052409153
0.062409145
0.072408192
0.082403106
0.092363677
0.10230823
-0.10690895
-0.097391731
-0.087587332
-0.07759302
-0.06759464
-0.057593207
-0.047592622
-0.037592286
-0.027592045
-0.017591856
-0.0075916978
0.0024084473
0.012408595
0.022408762
0.032408968
0.042409245
0.052409668
0.062410538
0.072412322
0.082403207
0.092373815
0.10210925
-0.10652587
-0.097697688
-0.08764753
-0.0776255
-0.067601784
-0.057595376
-0.047593452
-0.037592662
-0.027592232
-0.017591948
-0.0075917316
0.0024084587
0.012408655
0.022408893
0.032409226
0.042409779
0.052410942
0.062414239
0.072425977
0.082457046
0.092541669
0.10300556
-0.097820818
-0.087698044
-0.077672446
-0.067615401
-0.057599448
-0.047594883
-0.037593275
-0.027592531
-0.017592094
-0.0075917846
0.0024084764
0.012408749
0.022409099
0.032409637
0.042410667
0.05241326
0.062421437
0.072451149
0.082529695
0.092679074
0.10262253
-0.098236251
-0.087910522
-0.077741862
-0.067637618
-0.057607468
-0.04759754
-0.037594333
-0.027593013
-0.017592317
-0.0075918641
0.0024085024
0.01240889
0.02240942
0.032410317
0.042412265
0.052417707
0.062436222
0.072487268
0.082651435
0.092930625
-0.088013659
-0.077844811
-0.067685225
-0.057621064
-0.047603996
-0.037596819
-0.027594023
-0.017592724
-0.0075919929
0.0024085444
0.012409134
0.022410048
0.032411831
0.042416012
0.052428181
0.062456841
0.072581314
0.082847278
0.09317659
-0.088125745
-0.077950724
-0.06772775
-0.057660302
-0.047619197
-0.037604469
-0.027596866
-0.01759372
-0.0075922593
0.0024086344
0.012409703
0.022411747
0.032416264
0.042427487
0.052445306
0.062515304
0.07270042
0.083631634
-0.077533246
-0.067662162
-0.057749281
-0.047674553
-0.037624615
-0.027605601
-0.017596127
-0.0075925048
0.002408736
0.012410823
0.022416787
0.032430807
0.042452637
0.052524998
0.062624152
0.072447543
0.081728041
-0.067942472
-0.057917182
-0.047788275
-0.037700005
-0.027617831
-0.017586427
-0.0075880079
0.0024089804
0.01240162
0.022415223
0.032466167
0.042561556
0.052685578
0.063339891
0.071726907
-0.057250016
-0.0482872
-0.037740962
-0.027621915
-0.017587315
-0.0075977077
0.0024081269
0.012425147
0.022483819
0.032574486
0.04272089
0.052906379
-0.037050749
-0.027856647
-0.017469081
-0.0075142901
0.0024418256
0.012412069
0.023007762
0.032469048
-0.037139208
-0.03248876
-0.037116117
-0.032476092
-0.021930113
-0.027903239
-0.022953954
-0.021930606
-0.027837322
-0.022928874
-0.012400203
-0.01748603
-0.012412733
-0.017270065
-0.012404567
-0.017558136
-0.012487734
-0.0024876857
-0.0075238481
-0.0024430817
-0.0074605564
-0.0024977789
-0.007486848
-0.0024942676
0.0074510615
0.0024390396
0.0075232063
0.0024907863
0.007456761
0.0024883163
0.0074886188
0.017237777
0.012414843
0.017489906
0.012411785
0.017265878
0.012493242
0.017557028
0.022976848
0.02789645
0.021963452
0.022962296
0.027829444
0.032457293
0.037123908
0.032449136
0.037085077
-0.057195649
-0.052957972
-0.057210873
-0.052958413
-0.042908454
-0.048326908
-0.042712961
-0.047354427
-0.042894675
-0.048238203
-0.042749981
0.047348717
0.042723288
0.048263232
0.042912671
0.047336756
0.042806967
0.048248342
0.05289965
0.057205421
0.052939124
0.057226327
-0.071697811
-0.071838646
-0.062769484
-0.06780897
-0.063260239
-0.062855057
-0.067979507
-0.063437438
0.06339971
0.067897819
0.062961676
0.063520015
0.068051415
0.07164089
0.071825835
-0.081708309
-0.081873204
-0.072544544
-0.077561029
-0.072426435
-0.076928379
-0.072807066
-0.07783215
-0.07283036
0.076662023
0.072404514
0.077528141
0.072772772
0.076899829
0.072810517
0.07781314
0.081698695
0.081860674
-0.083042226
-0.088130318
-0.083581343
-0.083223215
-0.088199294
-0.083697686
0.083595923
0.088123452
0.08327515
0.083707294
0.088215099
-0.092358519
-0.093191439
-0.092398818
-0.093291703
0.093218832
0.092389449
0.093302239
-0.093571193
-0.09825544
-0.092936607
-0.097720519
-0.09358521
-0.098317657
-0.093027895
0.097699718
0.092928626
0.09820166
0.093602675
0.097724587
0.093035779
0.098316506
-0.10218995
-0.10262421
-0.10224946
-0.10269159
0.10260586
0.10223062
0.10268166
-0.10323381
-0.10652614
-0.10300133
-0.10331506
-0.10671059
-0.10320999
0.10299924
0.10653975
0.10328751
0.10320297
0.1067066
-0.10218155
-0.10689973
-0.10209156
-0.10669101
-0.10244269
-0.10698608
-0.10230666
-0.10221036
-0.10741755
-0.10230883
-0.10727216
-0.10236073
-0.10744275
-0.10243031
0.10723328
0.10230207
0.10741347
0.10235652
0.10727267
0.10241278
0.10743384
-0.10231234
-0.10723739
-0.10222029
-0.10744803
-0.10243624
-0.10728441
-0.10237933
-0.10210809
-0.10653131
-0.10220455
-0.10700641
-0.10233903
-0.10672815
-0.10248685
0.10691258
0.10219764
0.10653084
0.10234484
0.10701258
0.10246234
0.10671337
-0.10301623
-0.10324539
-0.10672075
-0.10322372
-0.10330474
0.106543
0.10321725
0.10318986
0.10669771
0.1032633
-0.10264708
-0.10216486
-0.10268695
-0.10223907
-0.092943247
-0.09765812
-0.093570703
-0.098337287
-0.093070821
-0.097733524
-0.093622427
0.098217598
0.09355955
0.097648589
0.09304882
0.098296503
0.093589405
0.097700558
0.092332594
0.093302735
0.092393619
0.088141998
0.083095536
0.083717799
0.088197073
0.083209719
-0.072424011
-0.07668003
-0.072523334
-0.077817703
-0.072840468
-0.076907507
-0.072810589
0.07757414
0.072576704
0.07675941
0.072862704
0.07785228
0.072840462
0.076958771
0.081879471
-0.071680183
-0.071846595
-0.06343158
-0.06294917
-0.068038703
-0.063522848
-0.062938282
0.067872509
0.06286635
0.063510969
0.068041696
0.0629317
0.071877399
0.048269079
0.042904052
0.047343802
0.042778114
0.048233566
0.042866484
0.04732652
0.057211564
0.052946753
0.05722522
-0.032421197
-0.037084883
-0.032460014
-0.022937733
-0.021981468
-0.027816523
-0.022924701
-0.021955837
-0.012395157
-0.017228401
-0.012368443
-0.017524786
-0.012473385
-0.017227157
-0.012382088
-0.0024384764
-0.0074420758
-0.002484816
-0.0074790307
-0.0024897816
-0.0074477929
-0.0024907657
0.0075205628
0.0024832778
0.0074471466
0.0024985005
0.0074861354
0.0024986637
0.0074594828
0.017516011
0.012388719
0.017298363
0.012489154
0.017568991
0.012404202
0.0172945
0.027908767
0.022053747
0.022999919
0.02787143
0.022043358
0.037117222
0.032468012
0.037052528
0.10654838
0.10210113
0.10690981
0.10247526
0.10672013
0.10232186
0.10699483
0.10741752
0.10222285
0.10724105
0.10242847
0.10744374
0.1023896
0.10729316
0.1021456
0.1026713
0.10221506
-0.09317115
-0.092330302
-0.093308474
-0.092402751
-0.083613239
-0.083085128
-0.088192437
-0.08368176
-0.083197216
-0.081692987
-0.081855997
-0.052939273
-0.057252471
-0.053021178
-0.042714898
-0.047370233
-0.042879555
-0.048319934
-0.042811683
-0.047404788
-0.042903039
-0.037177629
-0.032643623
-0.037156964
-0.032552354
-0.02192989
-0.027934629
-0.023002205
-0.02206802
-0.027956886
-0.023023059
-0.012509309
-0.017628255
-0.012548104
-0.017325246
-0.012447137
-0.017559486
-0.012457967
-0.0024958467
-0.0075308511
-0.0024949482
-0.0074755975
-0.0024995643
-0.0075481285
-0.0024480067
0.0075274399
0.0025164847
0.0075417107
0.0025008924
0.0074875195
0.0024568028
0.0075589536
0.017413433
0.01257916
0.017649736
0.012462818
0.017380997
0.012475664
0.017583221
0.023006238
0.027920517
0.022089214
0.023008943
0.027938458
0.03264875
0.037135667
0.032542734
0.037150506
-0.057435162
-0.053107645
-0.057316798
-0.053000461
-0.042975443
-0.048338485
-0.042946435
-0.047371773
-0.042973622
-0.048331252
-0.042839722
-0.032819436
-0.037870709
-0.032765004
-0.038205695
-0.032727958
-0.037868607
-0.032675297
-0.022718451
-0.02769511
-0.022637698
-0.027702567
-0.022646609
-0.027713577
-0.022535065
-0.012562491
-0.017581194
-0.012542142
-0.017623106
-0.012505243
-0.017635208
-0.012448319
-0.0025019206
-0.0075184326
-0.0025033276
-0.0075628045
-0.0024577047
-0.007615234
-0.0024092359
0.0075376694
0.002508738
0.0075246269
0.0024667359
0.007572622
0.0024149809
0.0076216736
0.017640798
0.012549768
0.017591951
0.012517893
0.017640135
0.012456357
0.01764515
0.027777083
0.022645313
0.027689745
0.022654977
0.02769984
0.022542208
0.027711269
0.038146184
0.032744849
0.037838909
0.03270858
0.03816049
0.032660418
0.037841775
0.047460209
0.042934165
0.048352242
0.042945772
0.047401388
0.042817701
0.048333837
0.053099896
0.057349459
0.052966325
0.057245567
-0.072381372
-0.071891504
-0.063045928
-0.068485362
-0.063822327
-0.063020224
-0.068131953
-0.063603739
-0.053102755
-0.058273554
-0.053031707
-0.058308499
-0.052958336
-0.058120303
-0.052883022
-0.042851685
-0.04785751
-0.042732152
-0.047985924
-0.04281642
-0.047915297
-0.042656703
-0.032668833
-0.037650927
-0.032595875
-0.037798308
-0.03262382
-0.03776869
-0.032514829
-0.02257706
-0.027561495
-0.022538427
-0.027651547
-0.022458144
-0.027655143
-0.022437797
-0.012523847
-0.017522449
-0.012511781
-0.017565861
-0.012425174
-0.017603572
-0.01241006
-0.0025020867
-0.0075052031
-0.0025011114
-0.0076016189
-0.0024107578
-0.0075933746
-0.0024095041
0.0075136138
0.0025022543
0.0075065369
0.0024141005
0.0076053782
0.0024111629
0.0075951994
0.017550013
0.012513384
0.017523941
0.012429691
0.01757059
0.01241208
0.017605303
0.02761308
0.02253861
0.027558598
0.022460839
0.027649089
0.022438091
0.027652145
0.037733065
0.032589047
0.03763916
0.032613922
0.037780759
0.032507529
0.037755724
0.047964994
0.042714498
0.047826689
0.042794916
0.047960392
0.042637994
0.047886529
0.058297574
0.05296909
0.058176455
0.052910088
0.058253922
0.052841287
0.058084674
0.06376615
0.068463314
0.063026156
0.063629695
0.068167783
0.072253095
0.071818113
-0.081781799
-0.081756648
-0.073239908
-0.077874977
-0.073056573
-0.076839299
-0.072773197
-0.077667681
-0.0726325
-0.063398691
-0.068211524
-0.06307436
-0.068016458
-0.063117315
-0.067920219
-0.062863415
-0.052880312
-0.057886885
-0.052734673
-0.058043034
-0.052756568
-0.057912238
-0.052643506
-0.042638581
-0.047635075
-0.04257536
-0.047779163
-0.04256592
-0.047743892
-0.042497596
-0.032549091
-0.037541739
-0.03252336
-0.037700209
-0.032475038
-0.037650649
-0.032447728
-0.022517582
-0.02751326
-0.022507646
-0.02763182
-0.022429926
-0.02761628
-0.022423442
-0.012505276
-0.017504289
-0.012502273
-0.017602251
-0.012411887
-0.017600473
-0.012413149
-0.0025005419
-0.0075010266
-0.0025002552
-0.0075927442
-0.0024092177
-0.0075938031
-0.0024089502
0.00750283
0.0025004064
0.0075011909
0.0024099892
0.007593561
0.0024092562
0.0075941065
0.017510438
0.012502429
0.017504346
0.012412709
0.017602773
0.0124134
0.017600503
0.02752784
0.022507408
0.027512393
0.022429552
0.027629572
0.022422966
0.027614788
0.037575463
0.032521411
0.037537983
0.032470059
0.037691282
0.032444732
0.03764524
0.0477097
0.042568349
0.047622355
0.042551901
0.047757145
0.042488845
0.047729993
0.058053311
0.052713985
0.057857696
0.052726329
0.058013684
0.052624422
0.057890197
0.068652415
0.063040279
0.068169032
0.063106613
0.068000387
0.062841631
0.067890156
0.07689491
0.072974911
0.077799622
0.072691422
0.076719759
0.072579742
0.077605791
0.081721404
0.081718408
-0.083262009
-0.088288637
-0.0838271
-0.083112754
-0.088170908
-0.083683509
-0.073004015
-0.078181105
-0.072933997
-0.077860461
-0.072808999
-0.078083207
-0.072797291
-0.062833404
-0.067789662
-0.062688471
-0.067859069
-0.062690294
-0.06783227
-0.062596595
-0.052629105
-0.057615012
-0.052565146
-0.057751651
-0.052550348
-0.057720463
-0.052485999
-0.042537723
-0.047534602
-0.042517819
-0.04768461
-0.042463888
-0.04764291
-0.042442207
-0.032510623
-0.037509134
-0.032504859
-0.0376267
-0.032430793
-0.037612368
-0.032421255
-0.022503315
-0.027502677
-0.022501552
-0.027606141
-0.022417031
-0.027599645
-0.022413558
-0.012501014
-0.017500897
-0.012500513
-0.017597076
-0.012411384
-0.017594765
-0.01241034
-0.0025001295
-0.0075002526
-0.0025000772
-0.0075931385
-0.0024088142
-0.0075925764
-0.0024087308
0.007500529
0.0025000878
0.007500261
0.0024089253
0.0075932356
0.0024087493
0.0075925828
0.017501864
0.012500513
0.017500871
0.012411437
0.017596987
0.012410313
0.017594658
0.027505444
0.022501467
0.027502475
0.022416663
0.027605221
0.022413302
0.027599114
0.037518057
0.032504444
0.037508335
0.032429037
0.037623578
0.032420301
0.037610715
0.047564974
0.042516312
0.047531855
0.04245877
0.04767654
0.042439525
0.047638649
0.057703353
0.05256041
0.057607238
0.052538788
0.057736621
0.052479665
0.057711258
0.067911314
0.062675232
0.067765834
0.062671334
0.067831072
0.062583188
0.067811553
0.077961554
0.072890741
0.078107559
0.072769291
0.077816924
0.072768429
0.078050467
0.083772983
0.088266452
0.083083373
0.083669213
0.088160298
-0.092458519
-0.093449116
-0.092383402
-0.093234443
-0.08329994
-0.088295571
-0.083116756
-0.088449757
-0.083177473
-0.088185857
-0.082987337
-0.072821101
-0.07789084
-0.072719407
-0.078037258
-0.07271492
-0.077958146
-0.072645731
-0.062605489
-0.06761551
-0.062559007
-0.067731512
-0.062528752
-0.067731861
-0.062483551
-0.052531269
-0.057529798
-0.052515018
-0.057670658
-0.052456377
-0.057639026
-0.052439212
-0.042508205
-0.047507575
-0.042503948
-0.047621933
-0.042427921
-0.047610501
-0.042420097
-0.032502335
-0.037502149
-0.032501263
-0.037604274
-0.032416044
-0.037599025
-0.032413306
-0.022500819
-0.027500777
-0.022500503
-0.02759685
-0.022411597
-0.027594809
-0.022410616
-0.0125003
-0.017500322
-0.012500203
-0.017593842
-0.012409669
-0.017593026
-0.012409354
-0.0025000491
-0.0075001099
-0.0025000385
-0.0075923642
-0.0024086021
-0.0075920925
-0.0024085997
0.007500159
0.0025000325
0.0075001024
0.0024085869
0.0075923388
0.002408569
0.0075920555
0.01750049
0.012500192
0.017500304
0.012409624
0.017593746
0.012409303
0.017592947
0.027501271
0.022500473
0.027500725
0.022411423
0.027596525
0.022410494
0.027594613
0.037503945
0.032501174
0.037501997
0.032415508
0.037603374
0.032413002
0.037598548
0.047514948
0.04250368
0.047507092
0.042426497
0.047619679
0.042419366
0.047609368
0.057554721
0.05251413
0.057528127
0.052452926
0.057665353
0.052437469
0.05763632
0.067672754
0.062555912
0.06761019
0.062520609
0.067719048
0.062479453
0.067726079
0.078014853
0.07271324
0.077889021
0.072698794
0.078021239
0.072639602
0.077955785
0.088554796
0.083122658
0.088305048
0.083172367
0.088446834
0.082992555
0.08819859
0.093444387
0.092373192
0.093260076
-0.09380699
-0.098524196
-0.093372963
-0.097694521
-0.093682285
-0.098307634
-0.093144736
-0.082984688
-0.088122765
-0.082867992
-0.088229262
-0.082866831
-0.088091627
-0.082778989
-0.072644962
-0.077694372
-0.072594392
-0.077834556
-0.07257987
-0.077819534
-0.072528584
-0.062533189
-0.067543006
-0.062519083
-0.067691821
-0.062462282
-0.067660375
-0.062447521
-0.052507528
-0.057508581
-0.052504125
-0.057623102
-0.052427751
-0.057613801
-0.052421214
-0.04250208
-0.047502162
-0.042501256
-0.047603915
-0.042415856
-0.047599544
-0.042413553
-0.032500768
-0.037500787
-0.032500528
-0.037596794
-0.032411694
-0.037595048
-0.032410842
-0.022500342
-0.027500364
-0.022500257
-0.027594078
-0.022409977
-0.027593295
-0.022409651
-0.012500148
-0.017500176
-0.012500117
-0.017592796
-0.0124091
-0.017592435
-0.012408993
-0.0025000277
-0.007500067
-0.0025000247
-0.0075920565
-0.0024085219
-0.0075919095
-0.0024085405
0.0075000803
0.0025000173
0.0075000588
0.0024084867
0.0075920161
0.0024085042
0.00759187
0.017500224
0.012500108
0.017500164
0.012409052
0.017592728
0.012408948
0.017592378
0.027500488
0.02250024
0.027500342
0.022409886
0.02759394
0.022409578
0.027593196
0.037501164
0.032500498
0.037500744
0.032411503
0.037596506
0.032410712
0.037594868
0.047503637
0.042501194
0.04750207
0.04241545
0.047603307
0.042413311
0.047599206
0.057514956
0.052503984
0.057508365
0.052426861
0.057621778
0.052420748
0.05761315
0.067569059
0.062518768
0.067542667
0.062460406
0.067689524
0.062446652
0.067659306
0.07778034
0.072594137
0.077693339
0.072577971
0.077835146
0.072527295
0.07781743
0.088262257
0.082862585
0.088101784
0.082871926
0.088237502
0.08277429
0.088081293
0.09780837
0.093334692
0.098495081
0.093700938
0.097711768
0.093136648
0.098323995
-0.10233106
-0.10287657
-0.10224522
-0.10276165
-0.093261632
-0.098223703
-0.093082247
-0.098526518
-0.093035972
-0.098072428
-0.092901669
-0.082767318
-0.087855741
-0.082686293
-0.087961869
-0.082697451
-0.087849925
-0.082621012
-0.072560713
-0.07758828
-0.072538613
-0.077768178
-0.072499769
-0.077721546
-0.072475632
-0.062511256
-0.067516147
-0.062506847
-0.067641387
-0.062435576
-0.067627368
-0.062427147
-0.052502477
-0.057503123
-0.052501616
-0.057607392
-0.052417353
-0.057602341
-0.052414816
-0.042500843
-0.047500945
-0.042500612
-0.047597529
-0.042412125
-0.047595746
-0.042411235
-0.032500389
-0.037500422
-0.032500303
-0.037594384
-0.032410248
-0.037593598
-0.03240989
-0.0225002
-0.027500221
-0.022500162
-0.027593065
-0.022409375
-0.027592671
-0.022409223
-0.012500094
-0.017500116
-0.012500079
-0.017592362
-0.012408863
-0.017592159
-0.012408811
-0.0025000186
-0.0075000464
-0.0025000174
-0.0075919077
-0.0024084876
-0.0075918142
-0.002408505
0.0075000509
0.0025000107
0.007500039
0.0024084522
0.0075918694
0.0024084719
0.007591779
0.017500136
0.012500071
0.017500107
0.012408821
0.01759231
0.012408773
0.017592114
0.02750027
0.022500151
0.027500207
0.022409314
0.027592984
0.02240917
0.027592605
0.037500543
0.032500286
0.0375004
0.032410149
0.037594251
0.03240981
0.037593495
0.047501338
0.042500585
0.047500911
0.042411959
0.047597305
0.042411109
0.047595581
0.057504965
0.052501575
0.057503077
0.052417067
0.057607003
0.052414612
0.057602053
0.067526089
0.062506779
0.067515917
0.062435034
0.067640516
0.062426718
0.067626512
0.077629334
0.072537622
0.077584559
0.072498003
0.077763678
0.072473676
0.077716446
0.087951524
0.082674911
0.087823305
0.082686727
0.087937562
0.082609143
0.08782373
0.098592542
0.093015434
0.098091279
0.092998559
0.098499769
0.092858014
0.098010121
0.10278892
0.1021991
0.10270725
-0.10353889
-0.10676769
-0.1033566
-0.10338406
-0.10662565
-0.10315514
-0.092953179
-0.098002667
-0.092823088
-0.098071179
-0.092808769
-0.097877212
-0.09269507
-0.082627832
-0.08767603
-0.082584876
-0.087765739
-0.082567398
-0.087741537
-0.08251269
-0.072524344
-0.077536993
-0.072515214
-0.07768638
-0.072455818
-0.077653283
-0.072439771
-0.062504276
-0.067506202
-0.06250272
-0.06761696
-0.062421626
-0.067608272
-0.062417415
-0.05250111
-0.057501354
-0.052500782
-0.05759956
-0.052413126
-0.057596979
-0.052411835
-0.042500462
-0.047500507
-0.042500355
-0.047594931
-0.0424106
-0.047593957
-0.04241012
-0.032500241
-0.03750026
-0.032500195
-0.037593318
-0.032409595
-0.037592865
-0.032409387
-0.022500133
-0.027500148
-0.022500111
-0.027592565
-0.02240907
-0.027592327
-0.022408976
-0.012500065
-0.017500082
-0.012500056
-0.017592124
-0.012408732
-0.017591996
-0.012408699
-0.0025000134
-0.0075000338
-0.0025000127
-0.0075918163
-0.0024084687
-0.0075917549
-0.0024084804
0.0075000351
0.002500007
0.007500028
0.0024084377
0.0075917834
0.0024084525
0.0075917255
0.017500092
0.012500049
0.017500074
0.012408696
0.017592082
0.012408668
0.01759196
0.027500174
0.022500103
0.027500138
0.022409023
0.027592506
0.022408935
0.027592277
0.037500319
0.032500183
0.037500245
0.032409526
0.037593229
0.032409328
0.037592791
0.047500671
0.042500336
0.047500484
0.042410495
0.047594796
0.042410032
0.047593842
0.057502012
0.052500756
0.057501326
0.052412958
0.057599328
0.052411699
0.057596788
0.067509853
0.062502692
0.067506157
0.062421269
0.067616265
0.062417153
0.067607803
0.077555321
0.072515009
0.077536188
0.07245424
0.077682497
0.072438861
0.077651252
0.087736123
0.082582387
0.087670706
0.082558645
0.087747634
0.08250859
0.087734021
0.098094467
0.092816304
0.097997059
0.092777962
0.098020408
0.092684853
0.097864957
0.10334328
0.10675295
0.10332812
0.1031448
0.10660729
-0.10268373
-0.10719215
-0.10267807
-0.10663594
-0.10240797
-0.10703225
-0.10236125
-0.092711312
-0.097740831
-0.09265949
-0.09768692
-0.092558165
-0.097602646
-0.092516023
-0.082554921
-0.087583164
-0.082537674
-0.087644157
-0.08246996
-0.087666949
-0.082445191
-0.07250948
-0.077515491
-0.072506152
-0.077628406
-0.072429209
-0.077612707
-0.072421758
-0.062501764
-0.067502516
-0.062501175
-0.067603086
-0.062414728
-0.067598987
-0.062412704
-0.052500565
-0.057500643
-0.052500413
-0.057595639
-0.052410986
-0.057594321
-0.052410308
-0.042500278
-0.047500293
-0.042500221
-0.047593535
-0.042409774
-0.047592999
-0.042409501
-0.032500161
-0.037500172
-0.032500135
-0.037592707
-0.032409217
-0.037592448
-0.032409093
-0.022500094
-0.027500106
-0.022500081
-0.027592263
-0.022408885
-0.027592126
-0.022408828
-0.012500047
-0.017500061
-0.012500042
-0.017591973
-0.01240865
-0.017591899
-0.01240863
-0.00250001
-0.0075000263
-0.0025000095
-0.0075917557
-0.0024084574
-0.0075917197
-0.0024084634
0.0075000255
0.0025000049
0.0075000215
0.0024084317
0.0075917284
0.0024084405
0.0075916957
0.017500066
0.012500037
0.017500055
0.012408621
0.017591939
0.012408604
0.01759187
0.027500119
0.022500075
0.027500099
0.022408848
0.027592217
0.022408796
0.027592087
0.037500202
0.032500126
0.037500161
0.032409164
0.037592641
0.032409049
0.037592392
0.04750037
0.042500207
0.047500276
0.042409696
0.047593437
0.042409436
0.047592916
0.057500911
0.052500394
0.057500622
0.052410866
0.057595486
0.052410211
0.057594195
0.067503911
0.062501161
0.067502532
0.062414528
0.067602805
0.062412559
0.067598801
0.077523564
0.072506256
0.077515807
0.072428767
0.077627689
0.072421547
0.077612467
0.087617617
0.082538516
0.087584897
0.082468831
0.087642997
0.082445004
0.087667082
0.097821178
0.092664207
0.097753598
0.09255872
0.097691449
0.0925174
0.097607451
0.10683436
0.10271151
0.10721352
0.10241374
0.10663732
0.10237003
0.10703678
-0.10280962
-0.10771305
-0.10289411
-0.10738406
-0.10251416
-0.10757371
-0.10262285
-0.092648412
-0.097779219
-0.092649227
-0.09763637
-0.09251502
-0.097674524
-0.092522967
-0.082530284
-0.087568592
-0.082528064
-0.087663707
-0.08244383
-0.087665383
-0.082445448
-0.07250452
-0.077510549
-0.0725039
-0.077609296
-0.072418427
-0.077609494
-0.072416962
-0.062500854
-0.067501521
-0.062500711
-0.067597114
-0.062411642
-0.067596075
-0.062411072
-0.052500323
-0.057500406
-0.052500278
-0.057593761
-0.052409933
-0.057593364
-0.052409719
-0.042500185
-0.04750021
-0.042500166
-0.047592803
-0.042409337
-0.047592629
-0.042409246
-0.032500118
-0.037500136
-0.032500109
-0.037592369
-0.032409011
-0.037592283
-0.032408969
-0.022500073
-0.027500089
-0.022500069
-0.027592092
-0.022408784
-0.027592047
-0.022408764
-0.012500038
-0.017500053
-0.012500036
-0.017591886
-0.012408606
-0.017591862
-0.012408599
-0.0025000082
-0.0075000231
-0.0025000079
-0.0075917193
-0.0024084521
-0.0075917073
-0.0024084535
0.0075000204
0.0025000041
0.0075000192
0.0024084309
0.0075916971
0.0024084342
0.0075916874
0.017500051
0.012500032
0.017500048
0.012408582
0.01759186
0.012408578
0.017591839
0.027500089
0.022500063
0.027500083
0.022408755
0.027592058
0.022408739
0.027592017
0.03750014
0.032500102
0.037500128
0.032408971
0.037592321
0.032408936
0.037592242
0.047500227
0.042500157
0.047500198
0.04240928
0.047592732
0.042409199
0.04759257
0.057500466
0.052500263
0.057500387
0.052409847
0.057593656
0.052409651
0.057593275
0.0675018
0.062500687
0.067501482
0.062411512
0.06759695
0.062410966
0.067595919
0.077511797
0.072503805
0.077510231
0.072418196
0.077608924
0.072416712
0.077608944
0.087569941
0.082526982
0.087565136
0.082443089
0.087662023
0.082444161
0.087662131
0.097745508
0.092640733
0.097755569
0.092511509
0.097629278
0.092516056
0.097659902
0.10751684
0.10283575
0.10767222
0.10250569
0.1073827
0.10260187
0.10756445
-0.10288193
-0.1075257
-0.10280491
-0.10757534
-0.1026208
-0.10738462
-0.10251375
-0.092648994
-0.097755778
-0.092647725
-0.097673342
-0.092522594
-0.097635458
-0.092514123
-0.082528007
-0.087570596
-0.082530154
-0.087665173
-0.082445344
-0.087663033
-0.082443473
-0.0725039
-0.077511798
-0.072504524
-0.077609449
-0.072416944
-0.077609132
-0.072418357
-0.062500711
-0.067501821
-0.062500856
-0.067596067
-0.062411068
-0.067597083
-0.062411626
-0.052500277
-0.057500485
-0.052500322
-0.057593361
-0.052409717
-0.05759375
-0.052409926
-0.042500166
-0.04750024
-0.042500184
-0.047592627
-0.042409245
-0.047592797
-0.042409334
-0.032500109
-0.03750015
-0.032500117
-0.037592282
-0.032408969
-0.037592367
-0.03240901
-0.022500069
-0.027500096
-0.022500073
-0.027592046
-0.022408764
-0.027592092
-0.022408784
-0.012500036
-0.017500057
-0.012500038
-0.017591862
-0.012408599
-0.017591887
-0.012408606
-0.0025000079
-0.0075000246
-0.002500008
-0.0075917071
-0.0024084534
-0.0075917192
-0.0024084507
0.0075000194
0.0025000044
0.007500021
0.0024084349
0.0075916882
0.0024084326
0.0075917008
0.017500049
0.012500034
0.017500053
0.012408579
0.01759184
0.012408587
0.017591867
0.027500084
0.022500069
0.027500091
0.022408741
0.02759202
0.022408763
0.027592069
0.037500129
0.032500113
0.037500144
0.032408939
0.037592248
0.032408985
0.037592339
0.0475002
0.042500178
0.047500232
0.042409204
0.047592578
0.042409302
0.047592759
0.05750039
0.052500313
0.057500475
0.052409658
0.05759329
0.052409882
0.057593697
0.067501489
0.062500846
0.067501817
0.062410979
0.067595946
0.062411571
0.067597028
0.077510269
0.072504547
0.077511869
0.072416745
0.077609019
0.072418329
0.07760913
0.087565595
0.082530231
0.087570402
0.082444302
0.087662499
0.082443461
0.087662645
0.097761119
0.092645461
0.097751325
0.092516973
0.097662387
0.092512655
0.097632002
0.107682
0.10278997
0.10751794
0.10260534
0.10756605
0.10250657
0.10737875
-0.10269156
-0.1068179
-0.10268309
-0.10703744
-0.10236611
-0.10663651
-0.10240583
-0.092658274
-0.097795922
-0.09270768
-0.097602341
-0.092514213
-0.097680547
-0.092552917
-0.082537362
-0.087613133
-0.082553896
-0.087665487
-0.082444419
-0.08764053
-0.082468271
-0.072506159
-0.077523154
-0.072509476
-0.077612377
-0.072421635
-0.077627743
-0.072429
-0.062501182
-0.067503927
-0.062501782
-0.067598941
-0.062412684
-0.067603025
-0.062414708
-0.052500413
-0.05750094
-0.052500565
-0.057594307
-0.052410299
-0.057595625
-0.052410975
-0.04250022
-0.047500388
-0.042500277
-0.047592991
-0.042409496
-0.047593526
-0.042409768
-0.032500134
-0.037500214
-0.03250016
-0.037592445
-0.032409093
-0.037592703
-0.032409217
-0.022500081
-0.027500128
-0.022500094
-0.027592126
-0.022408829
-0.027592264
-0.022408887
-0.012500042
-0.017500072
-0.012500048
-0.017591899
-0.01240863
-0.017591975
-0.012408651
-0.0025000092
-0.0075000308
-0.0025000097
-0.0075917192
-0.002408462
-0.0075917562
-0.0024084554
0.0075000225
0.0025000057
0.007500027
0.0024084434
0.0075917006
0.0024084349
0.007591736
0.017500058
0.012500044
0.017500069
0.012408611
0.01759188
0.012408631
0.017591955
0.027500102
0.02250009
0.027500124
0.022408809
0.027592104
0.022408867
0.027592244
0.037500167
0.032500156
0.03750021
0.03240907
0.037592421
0.032409196
0.037592683
0.047500286
0.042500272
0.047500384
0.042409469
0.04759296
0.042409747
0.047593502
0.057500636
0.052500558
0.05750093
0.052410262
0.057594267
0.052410948
0.057595591
0.067502552
0.06250177
0.067503936
0.062412646
0.06759894
0.062414675
0.067603028
0.077515885
0.072509626
0.077523795
0.07242176
0.077612845
0.072429173
0.077628467
0.087584892
0.082555951
0.087618694
0.082445596
0.087667847
0.082470291
0.087645289
0.09775286
0.092719477
0.09782139
0.09251817
0.097608357
0.092561575
0.097693944
0.1072075
0.10270497
0.10681264
0.10237043
0.10704026
0.1024158
0.10664558
-0.10333289
-0.10347506
-0.10661439
-0.1031441
-0.10334898
-0.092808835
-0.09810566
-0.09292522
-0.097860459
-0.092683132
-0.098033265
-0.092788208
-0.082582736
-0.087745067
-0.082625453
-0.087734706
-0.082509896
-0.08775627
-0.082564166
-0.072515236
-0.077557461
-0.072524543
-0.077652332
-0.072439546
-0.077685549
-0.07245578
-0.062502763
-0.067510186
-0.062504367
-0.067608244
-0.062417421
-0.067617055
-0.062421691
-0.052500786
-0.057502082
-0.05250112
-0.057596977
-0.052411828
-0.057599579
-0.052413124
-0.042500354
-0.047500698
-0.04250046
-0.047593948
-0.042410114
-0.04759492
-0.042410592
-0.032500195
-0.037500336
-0.032500241
-0.037592862
-0.032409387
-0.037593313
-0.032409596
-0.022500112
-0.027500186
-0.022500133
-0.027592329
-0.022408979
-0.027592568
-0.022409075
-0.012500056
-0.017500101
-0.012500066
-0.017591999
-0.012408702
-0.01759213
-0.012408737
-0.0025000124
-0.0075000421
-0.0025000133
-0.007591756
-0.0024084792
-0.0075918201
-0.0024084681
0.0075000297
0.002500008
0.007500037
0.0024084566
0.0075917336
0.0024084407
0.0075917932
0.017500078
0.012500061
0.017500097
0.01240868
0.017591978
0.01240871
0.017592105
0.027500145
0.022500129
0.027500182
0.022408959
0.027592309
0.022409052
0.027592548
0.037500256
0.032500238
0.037500334
0.032409369
0.037592845
0.032409578
0.037593302
0.047500502
0.042500459
0.047500696
0.042410097
0.04759393
0.042410584
0.047594918
0.057501351
0.052501111
0.057502051
0.052411805
0.057596939
0.052413117
0.057599552
0.067506193
0.06250427
0.067509928
0.062417354
0.067608151
0.062421597
0.067616813
0.077536854
0.072523992
0.077556569
0.072439521
0.077652749
0.072455307
0.077684923
0.087675861
0.08262479
0.0877486
0.082511704
0.087739932
0.08256403
0.087759139
0.097999203
0.092939619
0.098159558
0.092692841
0.097871581
0.0927971
0.098050769
0.10673418
0.10351015
0.10313827
0.1066053
0.1033466
-0.10283331
-0.10236138
-0.102716
-0.10220825
-0.093057897
-0.098654985
-0.093242288
-0.0980377
-0.092883308
-0.098521517
-0.093027946
-0.082685635
-0.087982654
-0.082769183
-0.087841611
-0.082619134
-0.087959984
-0.082699129
-0.072539284
-0.077635369
-0.072562261
-0.07772172
-0.07247613
-0.077770414
-0.07250122
-0.062507021
-0.067526997
-0.062511511
-0.067627721
-0.062427305
-0.06764209
-0.062435809
-0.05250163
-0.057505124
-0.052502485
-0.057602386
-0.052414812
-0.057607419
-0.052417311
-0.042500609
-0.047501379
-0.042500833
-0.047595727
-0.042411219
-0.047597474
-0.042412086
-0.032500302
-0.037500565
-0.032500386
-0.037593589
-0.032409888
-0.037594358
-0.032410239
-0.022500163
-0.027500286
-0.0225002
-0.027592674
-0.022409229
-0.027593065
-0.022409383
-0.01250008
-0.017500148
-0.012500095
-0.017592167
-0.012408819
-0.017592373
-0.012408874
-0.0025000176
-0.0075000601
-0.0025000193
-0.0075918194
-0.0024085066
-0.0075919176
-0.0024084921
0.007500041
0.0025000114
0.0075000524
0.0024084745
0.0075917878
0.0024084508
0.0075918774
0.017500112
0.012500088
0.017500142
0.012408788
0.017592138
0.012408834
0.017592338
0.027500218
0.022500194
0.027500283
0.022409204
0.027592654
0.022409351
0.027593043
0.037500419
0.032500384
0.037500569
0.032409874
0.037593583
0.032410226
0.037594367
0.047500949
0.042500843
0.047501401
0.042411224
0.047595747
0.042412117
0.047597553
0.057503159
0.052502522
0.057505171
0.052414842
0.057602407
0.052417446
0.057607637
0.067516117
0.062511519
0.067526753
0.062427247
0.067627395
0.062436072
0.067642218
0.077586112
0.072561034
0.077631454
0.072475231
0.077719607
0.072500671
0.077767973
0.087839488
0.082759903
0.087961843
0.082615924
0.087838525
0.082693524
0.087949858
0.098190836
0.09321058
0.098640491
0.092884719
0.0980566
0.09302019
0.098528093
0.10234967
0.10275146
0.10224429
-0.093363464
-0.097805354
-0.093804052
-0.098314196
-0.093149452
-0.097695869
-0.09369844
-0.082875626
-0.088291697
-0.083005939
-0.088100693
-0.082786365
-0.088252313
-0.082882919
-0.072596972
-0.077786029
-0.072647881
-0.077824553
-0.07253099
-0.077842062
-0.072582392
-0.0625193
-0.067571072
-0.062532982
-0.067661262
-0.062447642
-0.067692079
-0.062461743
-0.052504081
-0.057515292
-0.052507296
-0.057613675
-0.052421039
-0.057622448
-0.052427206
-0.042501225
-0.047503689
-0.042501989
-0.047599396
-0.04241345
-0.047603517
-0.042415599
-0.032500518
-0.037501187
-0.03250074
-0.037594984
-0.03241081
-0.037596633
-0.032411608
-0.022500255
-0.027500506
-0.022500337
-0.027593283
-0.022409654
-0.027594035
-0.022409965
-0.012500119
-0.017500238
-0.012500149
-0.017592445
-0.012409005
-0.017592801
-0.012409114
-0.0025000264
-0.0075000911
-0.0025000304
-0.0075919216
-0.0024085493
-0.0075920744
-0.0024085369
0.0075000594
0.0025000178
0.0075000787
0.0024084999
0.0075918731
0.0024084722
0.0075920107
0.017500169
0.012500138
0.017500227
0.012408959
0.017592403
0.012409052
0.017592746
0.027500355
0.022500328
0.027500503
0.022409618
0.02759326
0.022409919
0.027594011
0.037500779
0.032500746
0.037501212
0.032410805
0.037595012
0.032411612
0.037596698
0.047502181
0.042502051
0.047503834
0.042413527
0.047599568
0.04241575
0.047603854
0.057508871
0.052507632
0.057516069
0.052421365
0.057614285
0.052427868
0.057623786
0.067544719
0.062534692
0.067574367
0.062448652
0.06766271
0.062464223
0.067696362
0.0776979
0.072653285
0.077793833
0.072532477
0.077824634
0.07258871
0.077850079
0.088106972
0.083011378
0.088272921
0.082783732
0.088091638
0.08288986
0.088253874
0.098478902
0.093795579
0.097812607
0.093145238
0.098323984
0.093722894
0.097734819
-0.093476953
-0.092463359
-0.093256229
-0.09238254
-0.083140973
-0.088587644
-0.083311937
-0.088210506
-0.083004013
-0.08845995
-0.083181071
-0.07271991
-0.078027451
-0.072812018
-0.077963649
-0.072645678
-0.078030965
-0.07270747
-0.062557407
-0.067678419
-0.062600802
-0.067729827
-0.062481377
-0.067724601
-0.062523278
-0.052514264
-0.057555333
-0.052529223
-0.057637204
-0.052437872
-0.057666443
-0.052453333
-0.042503697
-0.047514913
-0.042507546
-0.047609581
-0.042419515
-0.047619871
-0.042426618
-0.03250119
-0.03750394
-0.032502151
-0.037598668
-0.032413105
-0.037603476
-0.032415584
-0.022500484
-0.02750127
-0.022500765
-0.027594699
-0.022410567
-0.027596583
-0.022411458
-0.012500202
-0.017500486
-0.01250029
-0.01759301
-0.01240936
-0.017593779
-0.012409653
-0.0025000428
-0.0075001631
-0.0025000558
-0.0075921101
-0.0024086227
-0.0075923814
-0.0024086378
0.0075000964
0.0025000349
0.007500142
0.0024085439
0.0075920321
0.0024085323
0.0075922751
0.0175003
0.012500269
0.017500468
0.012409284
0.017592943
0.012409549
0.017593683
0.027500738
0.022500754
0.027501277
0.022410513
0.027594679
0.022411385
0.027596565
0.037502069
0.032502195
0.037504062
0.032413132
0.037598789
0.032415649
0.037603699
0.047507418
0.042507809
0.047515454
0.042419778
0.047610135
0.042427054
0.047620701
0.057530201
0.052530352
0.057557845
0.052438956
0.057639454
0.052454862
0.057669521
0.067621094
0.062606488
0.067690594
0.062485677
0.067737792
0.062529374
0.067736282
0.077919658
0.072835321
0.078075372
0.072658223
0.0779822
0.072726977
0.078060486
0.088337209
0.083383553
0.088614007
0.083024099
0.088221437
0.083208864
0.088461099
0.09245852
0.093287318
0.092380813
-0.083804089
-0.083223312
-0.088147239
-0.083648645
-0.083059677
-0.072912191
-0.078007783
-0.072973429
-0.078062012
-0.072780504
-0.077832035
-0.072782586
-0.062677897
-0.067921834
-0.062812954
-0.067819152
-0.062586453
-0.06784006
-0.06267458
-0.052560217
-0.05770256
-0.052618135
-0.057712342
-0.052479987
-0.057737438
-0.052538963
-0.042516186
-0.047564434
-0.042533975
-0.04763875
-0.042439583
-0.047676587
-0.042458732
-0.032504401
-0.037517861
-0.032509533
-0.037610752
-0.03242031
-0.037623507
-0.032428867
-0.02250141
-0.027505239
-0.022502939
-0.027599075
-0.022413236
-0.02760493
-0.022416295
-0.012500478
-0.017501668
-0.012500911
-0.017594589
-0.01241027
-0.017596643
-0.012411177
-0.002500088
-0.0075004508
-0.0025001497
-0.0075925754
-0.0024087847
-0.0075930969
-0.0024089049
0.0075002161
0.0025001083
0.0075004056
0.0024086488
0.0075924368
0.0024087082
0.0075928871
0.017500793
0.012500858
0.017501612
0.012410128
0.017594458
0.012410952
0.017596415
0.027502445
0.022502903
0.027505277
0.022413134
0.027599067
0.022416108
0.027604904
0.03750854
0.03250975
0.037518438
0.032420446
0.037611151
0.032429108
0.037624227
0.047532593
0.042535073
0.047566107
0.042440285
0.047639894
0.042459909
0.047678054
0.057610809
0.052620438
0.057705817
0.052481714
0.057715511
0.052540349
0.057738646
0.067788551
0.062819595
0.067933035
0.062592589
0.067831315
0.062677184
0.067848341
0.078191233
0.072992777
0.078009419
0.072801263
0.078086833
0.072799111
0.077839812
0.08831811
0.083194037
0.083661639
0.088122393
0.08304666
-0.081754621
-0.081751526
-0.073011488
-0.076946565
-0.073182375
-0.077634788
-0.072599292
-0.076754334
-0.072707838
-0.063037289
-0.068660105
-0.063343296
-0.0678996
-0.062843095
-0.067991182
-0.063095945
-0.052712964
-0.058047482
-0.052839544
-0.057890336
-0.05262472
-0.058011525
-0.052728007
-0.042567609
-0.047706811
-0.042624229
-0.047730162
-0.042488736
-0.047758019
-0.042551947
-0.032520906
-0.037574267
-0.032543995
-0.037645009
-0.032444225
-0.037691006
-0.032468966
-0.022506677
-0.027525933
-0.022515202
-0.027613935
-0.02242192
-0.027627397
-0.022426811
-0.012501982
-0.017508588
-0.012504548
-0.017599512
-0.01241266
-0.017600189
-0.012410794
-0.0025003041
-0.0075021161
-0.0025006817
-0.0075936613
-0.0024091134
-0.0075924038
-0.0024095483
0.007500846
0.0025004905
0.0075018858
0.0024088128
0.0075933302
0.0024090228
0.007591801
0.01750357
0.012504221
0.017508146
0.012412274
0.017599088
0.01241003
0.017599258
0.027511743
0.0225147
0.027525639
0.022421524
0.027613791
0.022425798
0.027626764
0.037538634
0.032544534
0.037576459
0.032444571
0.037646245
0.032469169
0.037693014
0.047624545
0.042629036
0.047713169
0.042490738
0.047732035
0.042555511
0.047760729
0.057857033
0.052843544
0.058043851
0.052624571
0.057885633
0.052724529
0.057993747
0.068183831
0.06332924
0.068640432
0.062834879
0.067898251
0.063056192
0.067967915
0.077815632
0.073185199
0.076926256
0.072613254
0.07764392
0.072743509
0.076788585
0.081751733
-0.072302723
-0.071808973
-0.063757556
-0.06298718
-0.068105271
-0.063587255
-0.062986977
-0.052968207
-0.05831346
-0.053013649
-0.058083488
-0.052848813
-0.058264825
-0.052934559
-0.042709526
-0.047949469
-0.042824212
-0.047890793
-0.042639662
-0.047976578
-0.042803775
-0.032586671
-0.037730957
-0.032653984
-0.037756547
-0.032505981
-0.037787607
-0.032613133
-0.022533003
-0.027600884
-0.022565685
-0.027647605
-0.022432035
-0.027640026
-0.022448106
-0.012510117
-0.017538256
-0.012520433
-0.017599527
-0.012407902
-0.017558297
-0.012421121
-0.0025015231
-0.0075096537
-0.0025032474
-0.0075926995
-0.0024101902
-0.0076003956
-0.0024121887
0.0075041169
0.0025018286
0.0075081456
0.0024092075
0.0075915623
0.0024103337
0.0075983157
0.017517738
0.012518085
0.017535033
0.012406398
0.017597523
0.012418196
0.017554116
0.027552407
0.022561044
0.027596161
0.022429679
0.027645531
0.022442571
0.027634179
0.03764032
0.032650218
0.037732496
0.032505155
0.037759014
0.032608766
0.037788031
0.047830344
0.042838376
0.047972318
0.042645772
0.047895131
0.042812092
0.047985434
0.058171828
0.053042963
0.058300913
0.052840911
0.058044311
0.052933961
0.058234122
0.068416002
0.062951073
0.063474211
0.068037199
0.062876788
0.071838691
-0.053083066
-0.057302174
-0.053035157
-0.042918214
-0.047378965
-0.042944952
-0.048362983
-0.042840438
-0.04737919
-0.042970374
-0.03273813
-0.03816238
-0.032782882
-0.037869145
-0.032666653
-0.038239249
-0.032736677
-0.022616018
-0.027734829
-0.022686691
-0.027699059
-0.022520374
-0.027692131
-0.022631189
-0.012536228
-0.017602427
-0.012551266
-0.017623337
-0.012441527
-0.017606749
-0.012493069
-0.0025060012
-0.0075254778
-0.0025111495
-0.0076134712
-0.002411965
-0.0075602265
-0.0024630509
0.0075138094
0.002501985
0.007521109
0.0024086875
0.00760995
0.0024572293
0.0075565445
0.017560182
0.012541522
0.017578739
0.012436726
0.017615083
0.012487196
0.017589763
0.027655096
0.022649081
0.027700367
0.022507508
0.027684589
0.022598233
0.02765519
0.037842466
0.032757981
0.038178473
0.032652905
0.037863221
0.032697167
0.038208473
0.048355496
0.042986228
0.047440446
0.042852487
0.048379175
0.043004668
0.047433538
0.05738083
0.05303642
0.057291892
-0.032626902
-0.037266337
-0.032596325
-0.022977511
-0.022007323
-0.027964746
-0.023019358
-0.022098147
-0.012541612
-0.0173529
-0.012492492
-0.017537318
-0.01243993
-0.017306018
-0.012418107
-0.0025173772
-0.0075362821
-0.0025293631
-0.0075471902
-0.0024560884
-0.0074872517
-0.0025055861
0.007528176
0.002508033
0.0075359931
0.002448777
0.0075440376
0.0025024715
0.0074792888
0.017546707
0.012484901
0.017291918
0.012436412
0.017509471
0.012420273
0.017278925
0.027851769
0.021850617
0.022936275
0.027886308
0.021953297
0.037162889
0.03250838
0.037166281
-0.037074351
-0.032472471
-0.037033002
-0.032427611
-0.021969028
-0.02786574
-0.022974563
-0.021883795
-0.027818091
-0.022854252
-0.012407111
-0.017517355
-0.012417209
-0.017217731
-0.01238545
-0.017454317
-0.012342428
-0.0024886941
-0.0075191196
-0.0024483423
-0.0074407019
-0.0024863086
-0.0075565401
-0.0023958557
0.0074526054
0.002447528
0.007523161
0.0024748098
0.0074304635
0.0023894381
0.0075520732
0.017292758
0.012425064
0.017540412
0.012372216
0.017204144
0.012341289
0.017469541
0.023039333
0.027897573
0.021983027
0.022945762
0.02791232
0.032472981
0.037099767
0.032460432
0.037091917
-0.057245076
-0.053029133
-0.057213136
-0.052953383
-0.042890671
-0.048413132
-0.042779697
-0.047386812
-0.042853776
-0.048403655
-0.042701719
-0.032622419
-0.037790408
-0.032625165
-0.038056146
-0.032572965
-0.037807163
-0.032534781
0.038118983
0.032622879
0.037780396
0.032596656
0.038110776
0.03253722
0.037801535
0.047330673
0.04274954
0.048332681
0.042875599
0.047256823
0.042658233
0.04824224
0.052950037
0.057201645
0.052829146
0.057214744
-0.071662717
-0.071606812
-0.06292033
-0.067892133
-0.063479548
-0.062885743
-0.067827897
-0.063343569
0.063574313
0.067996052
0.062921776
0.063379766
0.067858859
0.071677443
0.071628822
-0.081683592
-0.081674879
-0.072472105
-0.077473116
-0.072353876
-0.076649939
-0.072379981
-0.077411959
-0.07215895
0.076649289
0.072331119
0.077443993
0.072383762
0.076620519
0.072146819
0.077375482
0.081666953
0.08163196
-0.082998373
-0.088070893
-0.083622814
-0.083016648
-0.088118334
-0.083561558
0.083629628
0.088091271
0.083025196
0.083586127
0.088131019
-0.092318127
-0.093215738
-0.092337336
-0.093159623
0.093274746
0.092327701
0.093166647
-0.093771093
-0.098246871
-0.093201235
-0.097648487
-0.093723699
-0.098238232
-0.093047463
0.09767701
0.093200704
0.098235821
0.093729608
0.097658602
0.093046154
0.098245552
-0.10219461
-0.10265449
-0.10216908
-0.10263503
-0.093099312
-0.097889825
-0.092993318
-0.098378953
-0.092937803
-0.09782756
-0.092829531
0.098386199
0.092969569
0.097864458
0.092929987
0.098376669
0.092817955
0.097819915
0.10264015
0.10216956
0.10263047
-0.1032675
-0.10652564
-0.10304422
-0.10321197
-0.10647699
-0.10290248
0.1030324
0.10651605
0.10320398
0.10288797
0.10648398
-0.10229902
-0.10690954
-0.10226533
-0.10646661
-0.10214333
-0.1068635
-0.10202296
0.10651142
0.10226698
0.10691073
0.10214512
0.10647497
0.10202364
0.10686473
-0.10243523
-0.10746074
-0.10256287
-0.1072208
-0.10219652
-0.10741797
-0.10233409
0.10726471
0.10255633
0.10745799
0.10219575
0.1072208
0.10233208
0.10741679
-0.10256291
-0.10726647
-0.1024359
-0.10741764
-0.10233417
-0.10722114
-0.10219709
0.10745815
0.10243228
0.10726315
0.10233247
0.10741776
0.10219581
0.10722107
-0.10226657
-0.10650881
-0.10229674
-0.10686472
-0.10202422
-0.1064709
-0.10214667
0.10691165
0.10230263
0.10652005
0.10202403
0.10686573
0.10214925
0.10647895
-0.10303582
-0.1032456
-0.10650644
-0.10291333
-0.10322183
0.10652712
0.10323968
0.1029047
0.10651283
0.10320289
-0.1026257
-0.10216045
-0.10261879
-0.10216043
-0.092981889
-0.098398953
-0.093094896
-0.097817808
-0.092824
-0.098379505
-0.092941017
0.097879346
0.093097701
0.098414188
0.092822019
0.097814688
0.09293706
0.098376207
0.10218606
0.10260968
0.10216782
-0.093213769
-0.097680432
-0.093820745
-0.098260252
-0.093068037
-0.097703283
-0.093781666
0.098267788
0.093839867
0.097705635
0.093061862
0.098252315
0.093774289
0.097697401
-0.093278359
-0.092331699
-0.093223739
-0.092324061
0.092332321
0.093217021
0.092330886
-0.083674835
-0.083061475
-0.088120369
-0.083564153
-0.083019624
0.088119955
0.083028737
0.083651986
0.088201504
0.083106708
-0.081700416
-0.081657493
-0.072342187
-0.076659328
-0.072453719
-0.077388779
-0.072153559
-0.076637687
-0.072393703
0.077472169
0.072487249
0.076695014
0.072155493
0.077379059
0.072389811
0.07662034
0.081640587
-0.07163672
-0.071624225
-0.063595835
-0.063008996
-0.067953626
-0.063492868
-0.063024101
0.067900286
0.062880054
0.063438107
0.06790893
0.062949354
0.071627284
-0.053056086
-0.05720452
-0.052874072
-0.042802594
-0.047439979
-0.042954926
-0.048298721
-0.04266919
-0.047304738
-0.0428539
-0.032628437
-0.038184412
-0.032646669
-0.037794663
-0.032526609
-0.038068616
-0.032572851
0.037809156
0.0326312
0.038174633
0.032527337
0.037802203
0.032577937
0.03806683
0.048417374
0.042952527
0.047402931
0.042702576
0.048406472
0.042869039
0.047412949
0.057218349
0.052950353
0.057183506
-0.032510191
-0.03702762
-0.032425944
-0.022963515
-0.021921402
-0.027806969
-0.022842303
-0.021883642
-0.012384694
-0.017197899
-0.012345753
-0.017427966
-0.012316108
-0.017170909
-0.012337437
-0.0024465944
-0.0074440518
-0.0024861195
-0.0075442524
-0.0023881076
-0.0074289107
-0.0024748943
0.007514052
0.0024845578
0.0074452793
0.0023938214
0.0075530296
0.0024825437
0.0074388107
0.017495089
0.012395362
0.017238445
0.012332593
0.017437999
0.012372141
0.017176923
0.027876015
0.021945892
0.022873044
0.027835376
0.021898415
0.037164475
0.032454274
0.037068218
-0.03710829
-0.032421018
-0.037137861
-0.032421236
-0.021946001
-0.027808803
-0.022882237
-0.021969255
-0.027818989
-0.022887126
-0.012368273
-0.017445686
-0.01232805
-0.017245885
-0.012368032
-0.017446509
-0.012322634
-0.0024832998
-0.0075445837
-0.0023947507
-0.007421531
-0.0024744475
-0.0075374011
-0.0023901664
0.0074209863
0.0023873951
0.0075382774
0.0024709455
0.0074187094
0.0023866932
0.0075337907
0.017178732
0.012320613
0.017429007
0.012353057
0.017213236
0.01231584
0.017438433
0.022858692
0.027857449
0.021952224
0.022897057
0.027826754
0.03243291
0.037013412
0.032381224
0.037009845
-0.057194181
-0.05291253
-0.057187774
-0.052887233
-0.042894446
-0.048360312
-0.04270101
-0.047346215
-0.042923981
-0.048332327
-0.04269954
-0.03257323
-0.037815512
-0.032526995
-0.03815443
-0.032578642
-0.037822564
-0.032524105
0.038030485
0.032510264
0.037763382
0.032539462
0.038040637
0.032498363
0.037767452
0.047248112
0.042626119
0.04823081
0.042831409
0.0473285
0.042651488
0.048323193
0.052822179
0.057205113
0.052901279
0.057199843
-0.07160155
-0.071597844
-0.06293227
-0.067843681
-0.063367358
-0.062854382
-0.067795626
-0.063282664
0.063311412
0.067809214
0.062870592
0.063293489
0.067801348
0.071619029
0.071606991
-0.081687122
-0.08168065
-0.072359546
-0.077394182
-0.072108872
-0.076641077
-0.072345459
-0.077383715
-0.072083229
0.076631718
0.072101165
0.077363488
0.072345055
0.076625485
0.072077184
0.077362961
0.081631901
0.081644247
-0.083027748
-0.088159927
-0.083566088
-0.083000741
-0.088123553
-0.083537588
0.083663321
0.088234723
0.083138183
0.083670007
0.088231845
-0.092363885
-0.093190073
-0.092345678
-0.093209238
0.09315394
0.092334701
0.093165222
-0.09373095
-0.098231002
-0.09302229
-0.097694454
-0.093746938
-0.09824163
-0.093022061
0.097652076
0.093012185
0.098233386
0.093710545
0.097666405
0.092994252
0.098196631
-0.10215733
-0.10262471
-0.10216055
-0.10262416
-0.092898721
-0.097805
-0.092785277
-0.098360984
-0.09288958
-0.097799143
-0.092770372
0.098362563
0.092776027
0.097800374
0.09286855
0.098331733
0.092756062
0.097783867
0.10262307
0.10213374
0.1026071
-0.1031957
-0.10648085
-0.10286776
-0.10320181
-0.1064892
-0.10286437
0.10285832
0.10647214
0.10319809
0.10286229
0.10648641
-0.10209383
-0.10684979
-0.10196106
-0.10645556
-0.10207468
-0.10684593
-0.10193571
0.10645835
0.10196095
0.1068493
0.10207205
0.10645321
0.10193475
0.10684455
-0.10213187
-0.10740301
-0.10227097
-0.10720122
-0.10210622
-0.10739727
-0.10224548
0.10720618
0.10227033
0.10740277
0.10210551
0.10720067
0.10224528
0.1073977
-0.10227089
-0.10720666
-0.10213258
-0.10739765
-0.10224571
-0.10720119
-0.10210671
0.10740254
0.10213195
0.10720608
0.10224545
0.10739759
0.10210653
0.10720193
-0.10196225
-0.1064577
-0.10209465
-0.10684756
-0.1019374
-0.10645563
-0.10207583
0.10685031
0.10209675
0.10646074
0.10193606
0.10684451
0.10207665
0.10645706
-0.10287721
-0.10320812
-0.10648808
-0.10287049
-0.103207
0.10649685
0.10321084
0.10287151
0.10649247
0.10321289
-0.10260644
-0.10215274
-0.10259913
-0.10214094
-0.09278043
-0.098358661
-0.092899216
-0.097785401
-0.092762736
-0.098344123
-0.092880844
0.097790597
0.092889528
0.098349028
0.092759843
0.097788599
0.092870412
0.098334416
0.10214967
0.10261614
0.10213562
-0.093033385
-0.097699403
-0.093758731
-0.098223555
-0.093014587
-0.097683978
-0.093743855
0.098219377
0.093716962
0.097664311
0.092995143
0.098200806
0.093712155
0.097665228
-0.09321401
-0.09233281
-0.093203786
-0.092336923
0.092322684
0.093173909
0.09234451
-0.083534059
-0.082992134
-0.088114898
-0.083531947
-0.082999424
0.088182586
0.083105194
0.08356415
0.088145347
0.083028228
-0.081662017
-0.081668099
-0.072095686
-0.076632981
-0.072350952
-0.077363544
-0.072067841
-0.076606219
-0.07231915
0.077368834
0.072355997
0.076620684
0.072074281
0.077375954
0.072324123
0.076624485
0.08167106
-0.071596226
-0.071578301
-0.063311489
-0.062883326
-0.067709562
-0.063182317
-0.062778389
0.06789369
0.062965344
0.063285184
0.067790505
0.062846862
0.071581059
-0.052831125
-0.057223554
-0.052918307
-0.042624928
-0.04725823
-0.04278936
-0.04834208
-0.042655784
-0.047369193
-0.042845488
-0.032503068
-0.038004726
-0.032547955
-0.037765999
-0.032502647
-0.038045199
-0.032555331
0.037766866
0.032538328
0.038013397
0.032492347
0.037767883
0.032534432
0.038049259
0.04836858
0.042840743
0.047395326
0.042655844
0.048286737
0.042862425
0.047324033
0.057203951
0.052863622
0.057190052
-0.032421689
-0.037057804
-0.032426372
-0.022882114
-0.021945271
-0.027859823
-0.022921727
-0.021956363
-0.012319715
-0.017215782
-0.012360627
-0.017454831
-0.012326191
-0.017228868
-0.012369694
-0.0023871135
-0.0074202915
-0.0024713817
-0.0075370677
-0.0023873175
-0.0074203004
-0.0024721739
0.0075448807
0.0024791856
0.0074338546
0.0023925243
0.0075417112
0.0024778326
0.0074306963
0.017428039
0.012369642
0.017196556
0.012321852
0.017431148
0.012371926
0.017224355
0.027825283
0.02191213
0.022855629
0.027786259
0.02193378
0.036985548
0.032381375
0.037033035
-0.037114291
-0.0324237
-0.03705133
-0.032402547
-0.021965669
-0.027859289
-0.022915217
-0.021862198
-0.027800501
-0.022823248
-0.012359076
-0.017432099
-0.012314983
-0.017165585
-0.012353625
-0.017399113
-0.012304999
-0.0024720399
-0.0075336166
-0.002387925
-0.0074205879
-0.0024719407
-0.0075307722
-0.0023868552
0.0074189616
0.0023873221
0.0075330726
0.0024719398
0.0074171915
0.0023878173
0.0075322348
0.01722072
0.01231587
0.01744709
0.012353639
0.017211807
0.012313162
0.017429999
0.022937592
0.027849695
0.021933975
0.022861794
0.027803237
0.032383195
0.037079006
0.032399242
0.037073081
-0.057205791
-0.052845633
-0.057205245
-0.052846959
-0.042889013
-0.048259611
-0.042669255
-0.047276456
-0.042830122
-0.048273501
-0.042646255
-0.032571894
-0.037804402
-0.032514918
-0.038062554
-0.032547602
-0.037776503
-0.032499133
0.038104064
0.032502224
0.037790446
0.032550792
0.038087949
0.032501427
0.03778761
0.04735334
0.042678533
0.048343429
0.042878557
0.047324103
0.042667827
0.048297285
0.052915251
0.057203616
0.052873053
0.057200788
-0.071596584
-0.071602918
-0.062947559
-0.067856985
-0.063351942
-0.062921011
-0.067809374
-0.063320737
0.063239721
0.067764948
0.062864376
0.063291897
0.067803576
0.071595483
0.071582758
-0.081650387
-0.081643771
-0.072329987
-0.077357323
-0.072066986
-0.076607357
-0.072325408
-0.077353321
-0.07206018
0.076599213
0.072058196
0.077349873
0.072303785
0.0765864
0.072045964
0.077338738
0.081643328
0.081632733
-0.083005703
-0.088114262
-0.083542318
-0.083023623
-0.088136108
-0.083560553
0.083613581
0.088179556
0.082972214
0.08351283
0.088081814
-0.092334111
-0.093233878
-0.09233702
-0.093237368
0.093184384
0.092319439
0.093185701
-0.093769874
-0.098256004
-0.093029805
-0.097717487
-0.093771726
-0.098233799
-0.093025055
0.097682583
0.092998528
0.098209473
0.093730707
0.097684923
0.093006774
0.098228322
-0.10216933
-0.10262028
-0.10214652
-0.10260014
-0.092889863
-0.097794897
-0.092765622
-0.098348751
-0.092884406
-0.097785039
-0.092760688
0.098332384
0.092750169
0.097777738
0.092871936
0.098345104
0.092749513
0.097780121
0.10259742
0.10214214
0.10260782
-0.10319844
-0.10648478
-0.10285678
-0.10319796
-0.10647794
-0.10285964
0.10287009
0.10649968
0.10316419
0.10284228
0.106473
-0.10206939
-0.10684428
-0.10192961
-0.10645392
-0.10206648
-0.10684254
-0.1019256
0.10645255
0.10192835
0.10684423
0.10206067
0.10644799
0.10192352
0.10684196
-0.10209969
-0.10739521
-0.10223857
-0.10719875
-0.10209579
-0.10739512
-0.10223506
0.10719945
0.10223842
0.10739597
0.10209484
0.10719826
0.10223464
0.10739498
-0.10223908
-0.10719809
-0.10209942
-0.10739587
-0.10223547
-0.10719816
-0.10209596
0.10739544
0.10209969
0.10719929
0.10223469
0.10739434
0.1020965
0.10719959
-0.10193125
-0.10645448
-0.10207053
-0.10684424
-0.10192737
-0.10645431
-0.10206939
0.10684351
0.10206979
0.10645726
0.10192744
0.10684319
0.10207027
0.10645524
-0.10286638
-0.10320628
-0.10649668
-0.10287166
-0.10321142
0.10647647
0.10319018
0.10287263
0.10649055
0.10321749
-0.10260042
-0.10214576
-0.10261505
-0.10215006
-0.092758491
-0.098348187
-0.092878952
-0.097787718
-0.092757634
-0.098351714
-0.092880105
0.097788463
0.092869537
0.098340704
0.092752839
0.097781651
0.092866304
0.098335993
0.10214497
0.10260226
0.10214445
-0.093013421
-0.097683176
-0.093733102
-0.098245362
-0.093019455
-0.097694894
-0.093748451
0.098216889
0.093730839
0.09767744
0.092990232
0.098205306
0.09369056
0.097642884
-0.09318927
-0.092324629
-0.0932063
-0.092317821
0.092359519
0.093146924
0.092343316
-0.083524271
-0.082990479
-0.088176995
-0.083619566
-0.08310903
0.088125704
0.082979577
0.083568679
0.088154543
0.083030235
-0.081680949
-0.081693505
-0.07206933
-0.076633386
-0.072326403
-0.077393803
-0.072077438
-0.076645684
-0.072335576
0.077348919
0.072312538
0.076596169
0.072054072
0.07733439
0.072319324
0.076584159
0.081630906
-0.071588661
-0.07158314
-0.063227676
-0.062825245
-0.067808139
-0.063303579
-0.062894339
0.067769545
0.062801102
0.063241269
0.067773511
0.062835555
0.071599047
-0.052895898
-0.057211448
-0.05286142
-0.042665395
-0.047347476
-0.042867512
-0.048279796
-0.042660942
-0.047299082
-0.042875781
-0.032507812
-0.038072641
-0.032562326
-0.037782282
-0.032509692
-0.038086433
-0.032563425
0.037775957
0.032556121
0.038071419
0.032509419
0.037790263
0.032573623
0.038106318
0.04828368
0.042865967
0.04732439
0.042657143
0.048251979
0.042877592
0.047281702
0.057188848
0.052842654
0.057226781
-0.032423217
-0.037058719
-0.032416337
-0.02293739
-0.02200135
-0.027867446
-0.022939294
-0.022017338
-0.012329528
-0.017252989
-0.012368891
-0.0174738
-0.012328847
-0.017264068
-0.012363198
-0.0023879333
-0.0074247171
-0.0024744267
-0.0075374045
-0.0023865614
-0.0074205232
-0.002470779
0.0075412304
0.0024817581
0.0074318037
0.0023945507
0.0075428638
0.002482817
0.0074327413
0.017427671
0.012359888
0.017220836
0.01232361
0.017429784
0.012373243
0.017211103
0.027792136
0.021917224
0.022859952
0.027826088
0.021913692
0.037080776
0.032452045
0.037115352
-0.037054686
-0.032402979
-0.037122731
-0.032427063
-0.021821082
-0.027755999
-0.022778601
-0.021884855
-0.027817679
-0.022834792
-0.012350906
-0.017386423
-0.012300692
-0.017182868
-0.012351802
-0.017405123
-0.012303992
-0.0024742298
-0.0075297325
-0.0023866725
-0.0074194547
-0.0024737875
-0.0075294327
-0.0023864869
0.0074233738
0.0023897358
0.0075346623
0.0024785527
0.007426348
0.0023904369
0.0075349004
0.017196019
0.012315602
0.017422094
0.012363709
0.017198015
0.012312941
0.017421498
0.022858197
0.027810736
0.021916504
0.022876252
0.027838627
0.032409941
0.037104454
0.032414368
0.037073947
-0.057183385
-0.052880742
-0.05717112
-0.052819174
-0.042860365
-0.048307334
-0.042659307
-0.047286256
-0.04292613
-0.048247616
-0.042670803
-0.032547186
-0.03778218
-0.032497052
-0.038153135
-0.032568322
-0.037804594
-0.032504616
0.038118214
0.032501042
0.037790938
0.032549932
0.038086211
0.03249207
0.037775712
0.047278605
0.042660211
0.048257398
0.042873154
0.047301146
0.042655267
0.048279702
0.052837911
0.057195709
0.052862546
0.057185621
-0.071593244
-0.071603027
-0.062783146
-0.067730841
-0.063207597
-0.062838419
-0.06779211
-0.063264323
0.063433529
0.067917251
0.062908417
0.063337764
0.06781239
0.071566718
0.071559089
-0.081661115
-0.08166561
-0.072330833
-0.077367687
-0.072062118
-0.076645275
-0.072342471
-0.077372817
-0.072064323
0.076575038
0.072040861
0.077332934
0.072290104
0.076573616
0.072039564
0.07733638
0.08163842
0.08164362
-0.083042787
-0.088153861
-0.083570489
-0.083032338
-0.088139597
-0.083561322
0.083486062
0.088057787
0.082996847
0.083521729
0.088095457
-0.092333336
-0.093216399
-0.092340437
-0.093210215
0.093185202
0.092312908
0.093201455
-0.093755036
-0.098238438
-0.093022703
-0.097691942
-0.093749496
-0.098250108
-0.093023269
0.097688943
0.0930144
0.098251067
0.093747289
0.097691841
0.093006671
0.098210928
-0.10216136
-0.10260035
-0.10216716
-0.10261254
-0.092884536
-0.097785549
-0.092759993
-0.098362179
-0.092885319
-0.097789888
-0.092760514
0.098361606
0.092750292
0.097783845
0.092867536
0.098330389
0.0927468
0.097773645
0.10261658
0.10214117
0.10259342
-0.10320203
-0.10648365
-0.10286045
-0.10322214
-0.10647862
-0.10286798
0.10283851
0.10645583
0.1031963
0.10285499
0.10647773
-0.10206702
-0.10684181
-0.10192471
-0.10645857
-0.10206882
-0.10684224
-0.10192518
0.10645139
0.10192215
0.10683926
0.10206376
0.10645607
0.10192318
0.10684036
-0.10209443
-0.10739525
-0.10223404
-0.10719837
-0.10209425
-0.10739455
-0.10223317
0.1071983
0.10223371
0.10739504
0.10209387
0.10719911
0.1022329
0.10739448
-0.10223404
-0.10719874
-0.10209522
-0.1073948
-0.10223333
-0.10719873
-0.10209472
0.1073953
0.10209529
0.10719908
0.10223323
0.10739512
0.10209416
0.10719815
-0.10192634
-0.10645381
-0.10206779
-0.10684271
-0.10192593
-0.10645548
-0.10206708
0.10684268
0.10206763
0.10645564
0.10192535
0.10684328
0.10206709
0.10645509
-0.10286335
-0.10320302
-0.106476
-0.1028416
-0.1031887
0.10649298
0.10320287
0.10286288
0.10648802
0.10321385
-0.10261407
-0.10214348
-0.10260468
-0.10213423
-0.092755923
-0.098348965
-0.092878245
-0.097781088
-0.092752201
-0.098337136
-0.092871093
0.09778152
0.092870292
0.098342382
0.092760354
0.097793897
0.092883178
0.098364756
0.10214539
0.10262252
0.10216515
-0.093019299
-0.097703677
-0.093759793
-0.098221626
-0.09300927
-0.097695986
-0.093747259
0.09820973
0.093690173
0.097642318
0.093013565
0.098248304
0.093724886
0.097679011
-0.093221806
-0.092327646
-0.093209978
-0.092328581
0.092340576
0.093183676
0.092332192
-0.083638757
-0.083124358
-0.088144037
-0.083562275
-0.083031303
0.088142524
0.083029091
0.083599218
0.088167891
0.083076434
-0.081682731
-0.081665935
-0.072078912
-0.076636911
-0.072338332
-0.077371518
-0.072078926
-0.076645732
-0.072360302
0.07736915
0.072345392
0.076637159
0.072083285
0.077398572
0.072353274
0.076659221
0.081688282
-0.07158641
-0.07161076
-0.063346427
-0.062926704
-0.067825946
-0.063331483
-0.062889913
0.067814022
0.06291968
0.063364258
0.067864566
0.062975577
0.071606013
-0.052861235
-0.057187234
-0.052905683
-0.042651487
-0.047306105
-0.042852758
-0.048330302
-0.042641763
-0.047342574
-0.042791627
-0.032505755
-0.03806571
-0.032558275
-0.037743209
-0.032497803
-0.037974907
-0.032541891
0.037798229
0.032571757
0.038111748
0.032518369
0.037809397
0.032575264
0.038131017
0.048276612
0.042874183
0.047295762
0.042689541
0.048335615
0.042904582
0.047349497
0.057245115
0.052920759
0.057256236
-0.032417952
-0.036965296
-0.032410413
-0.022944136
-0.021985666
-0.027934421
-0.02300991
-0.022050937
-0.012326157
-0.017234856
-0.012357891
-0.017476131
-0.012325139
-0.017228281
-0.012350528
-0.0023863815
-0.0074186581
-0.0024705208
-0.0075380625
-0.0023883706
-0.0074248078
-0.0024760126
0.0075454152
0.002481774
0.0074360662
0.0023937191
0.0075461837
0.0024796816
0.0074386088
0.017434825
0.012388038
0.017215297
0.012328624
0.017430355
0.012383236
0.017190241
0.027824269
0.021914157
0.022887465
0.027831346
0.021914265
0.03712058
0.032426915
0.037137633
-0.037107888
-0.032400019
-0.037069321
-0.032371403
-0.021959344
-0.027774806
-0.022844359
-0.021991163
-0.027770893
-0.022874585
-0.012356264
-0.017428157
-0.012308747
-0.017240655
-0.012337944
-0.017431524
-0.012303571
-0.0024740821
-0.0075302839
-0.0023869047
-0.0074180063
-0.0024747425
-0.0075287002
-0.002386922
0.0074202598
0.0023890974
0.0075314188
0.0024765106
0.0074236979
0.0023889794
0.0075315303
0.017184403
0.012304946
0.017406544
0.012353362
0.017158309
0.012302682
0.017391483
0.022841899
0.027789108
0.02184687
0.022811631
0.027738797
0.032391699
0.037018783
0.032350544
0.036982903
-0.057175934
-0.052806349
-0.057195641
-0.052830239
-0.042894902
-0.048231391
-0.042654739
-0.047255453
-0.042841034
-0.048234956
-0.042632215
-0.032552366
-0.037790881
-0.032496842
-0.038068577
-0.032531501
-0.037765034
-0.032484602
0.0380182
0.032475633
0.037748227
0.032500558
0.037983084
0.032468134
0.037741169
0.047306873
0.042637347
0.048289236
0.042803326
0.047383149
0.042653438
0.048375177
0.052863026
0.057181634
0.052931144
0.057195544
-0.07162118
-0.071611232
-0.062808737
-0.067773737
-0.063233996
-0.062878404
-0.06782574
-0.063292048
0.063247118
0.067769057
0.063035134
0.063458974
0.067944033
0.071583238
0.071613387
-0.081651725
-0.081654572
-0.072343428
-0.077358713
-0.072059037
-0.076604573
-0.072326037
-0.077347791
-0.072051863
0.076597807
0.072048175
0.077348128
0.072336415
0.076620875
0.072059681
0.077361217
0.081651566
0.081663593
-0.082990365
-0.088121261
-0.083521464
-0.082876114
-0.088013572
-0.083427176
0.083526676
0.088100134
0.082978186
0.08350649
0.08807876
-0.092349032
-0.093205616
-0.092341269
-0.093194831
0.093208146
0.092326632
0.093212439
-0.093745163
-0.098230342
-0.09301649
-0.097689228
-0.093736052
-0.098236543
-0.093013567
0.097701541
0.093003551
0.098195453
0.093755142
0.097702937
0.093019691
0.098248654
-0.10215009
-0.10260044
-0.10215244
-0.10258632
-0.092880168
-0.097784833
-0.092757945
-0.098351597
-0.092878122
-0.097778319
-0.092754723
0.098318879
0.092747229
0.097772904
0.092878579
0.098357613
0.092752499
0.09778271
0.10259504
0.10215719
0.10260442
-0.10324187
-0.10649147
-0.10287912
-0.10320645
-0.10648487
-0.10286263
0.1028538
0.10647941
0.10321822
0.10286242
0.1064879
-0.10207242
-0.10684225
-0.1019257
-0.10645726
-0.10206754
-0.10684175
-0.10192477
0.10645648
0.10192448
0.10684275
0.10206693
0.10645754
0.10192426
0.1068428
-0.10209453
-0.10739417
-0.10223279
-0.1071995
-0.10209446
-0.10739417
-0.1022326
0.10719826
0.10223288
0.10739492
0.10209323
0.10719779
0.10223271
0.10739491
-0.10223319
-0.10719894
-0.1020946
-0.10739467
-0.10223281
-0.10719874
-0.10209428
0.10739487
0.1020937
0.10719825
0.10223287
0.10739503
0.10209356
0.10719782
-0.10192589
-0.10645842
-0.10206784
-0.10684407
-0.10192554
-0.10645414
-0.10206699
0.10684294
0.10206587
0.10644981
0.10192426
0.10684224
0.10206586
0.10645437
-0.10283564
-0.10318853
-0.10648222
-0.10285459
-0.10319629
0.10648758
0.10320067
0.10285144
0.10647394
0.10318068
-0.10261579
-0.10212367
-0.1026047
-0.102128
-0.092750098
-0.098324698
-0.09286435
-0.097777578
-0.092748919
-0.098320319
-0.092862838
0.09779831
0.092890567
0.098377283
0.092762757
0.097793857
0.092889834
0.09837492
0.10217833
0.10261592
0.10218166
-0.092998708
-0.097675205
-0.093733434
-0.098194371
-0.092998029
-0.097684399
-0.093737182
0.098262686
0.093734544
0.097686762
0.093020856
0.098256281
0.093729217
0.097679441
-0.093194196
-0.092335079
-0.093200412
-0.09234098
0.092336672
0.093182231
0.092323134
-0.083515069
-0.082985014
-0.088046023
-0.083451764
-0.082907875
0.088196339
0.083107449
0.083522041
0.088080228
0.082988203
-0.081672547
-0.081670137
-0.072075056
-0.076645632
-0.07235223
-0.077369843
-0.072072288
-0.076639644
-0.07234784
0.077405516
0.072353135
0.076668072
0.072079582
0.077401529
0.072356632
0.076676826
0.081688883
-0.071605709
-0.071603972
-0.063325219
-0.062871525
-0.067875017
-0.063380906
-0.06295552
0.067774849
0.062864781
0.063137725
0.067700951
0.062744195
0.071622119
-0.052988831
-0.057209661
-0.052962071
-0.042677982
-0.047456836
-0.042824949
-0.048424085
-0.042706769
-0.047426566
-0.042888676
-0.032501487
-0.037995111
-0.0325459
-0.037795881
-0.03251073
-0.038084449
-0.03256049
0.037801452
0.032574541
0.03810272
0.032514707
0.037794254
0.032574473
0.038084304
0.048326299
0.042889656
0.047346396
0.042678119
0.048334116
0.042879457
0.047371628
0.057244337
0.052910658
0.057229247
-0.032414764
-0.037072921
-0.032423824
-0.022987703
-0.022028587
-0.02782757
-0.02288317
-0.021966398
-0.012324916
-0.017232748
-0.012358309
-0.017445756
-0.012318979
-0.017234604
-0.012361479
-0.0023877576
-0.0074223204
-0.0024740681
-0.0075345644
-0.0023863612
-0.0074209782
-0.0024707293
0.0075454729
0.0024783602
0.0074395252
0.002392422
0.0075417327
0.0024785077
0.007434968
0.017430147
0.012380672
0.017207865
0.012317805
0.017416419
0.012367547
0.017181379
0.027840109
0.021930911
0.0228648
0.02784248
0.021914288
0.037101549
0.032452956
0.037083093
-0.037035028
-0.032404953
-0.037001466
-0.032429039
-0.021873068
-0.027827725
-0.022853015
-0.021852205
-0.02785446
-0.022855125
-0.01233595
-0.01740085
-0.012297945
-0.017137218
-0.01234526
-0.017398816
-0.012301835
-0.0024734669
-0.0075269326
-0.0023862686
-0.0074197823
-0.0024711097
-0.0075293647
-0.0023861465
0.0074246774
0.0023888056
0.0075323914
0.0024748907
0.0074230431
0.002388767
0.0075319477
0.017178455
0.012306092
0.017398868
0.0123567
0.017182456
0.012304362
0.017395588
0.022832423
0.027781942
0.021852271
0.022797416
0.027815198
0.032394163
0.037033124
0.032465153
0.037117382
-0.057187253
-0.052854282
-0.057184601
-0.052869106
-0.04283133
-0.048273123
-0.042629964
-0.04731661
-0.042805493
-0.048289586
-0.042624042
-0.032536216
-0.0377519
-0.032481753
-0.038011712
-0.032538455
-0.037741
-0.032480546
0.038032044
0.032484263
0.037770226
0.03257547
0.038125885
0.032507366
0.037809805
0.047457176
0.04269479
0.048458113
0.042938229
0.04746461
0.04272951
0.048454227
0.052993477
0.057190935
0.052970269
0.057164277
-0.071613578
-0.07161711
-0.062894937
-0.067837054
-0.063316928
-0.062837224
-0.067788424
-0.063260506
0.063310096
0.067815219
0.062646258
0.063087425
0.067648134
0.071613856
0.071611086
-0.08166073
-0.081660679
-0.072331899
-0.077354894
-0.072055843
-0.076632328
-0.072341706
-0.077365291
-0.07206342
0.076628945
0.072059629
0.077357796
0.072343126
0.076647509
0.07205863
0.077363422
0.081646593
0.081651951
-0.082897811
-0.088027328
-0.083445615
-0.083089688
-0.088190702
-0.083607666
0.083501231
0.088087933
0.082968427
0.083495173
0.088081807
-0.092338911
-0.093180837
-0.092340776
-0.093202551
0.093233101
0.092322993
0.093174119
-0.093726521
-0.098217958
-0.093007433
-0.097693722
-0.093742608
-0.098228866
-0.093012977
0.097713733
0.093022627
0.098249179
0.093720189
0.097682721
0.093003168
0.098218256
-0.10214349
-0.10260374
-0.1021543
-0.10261074
-0.092874751
-0.097780664
-0.092753994
-0.098349643
-0.09287807
-0.097786333
-0.092756448
0.098357217
0.092752736
0.097780672
0.092871524
0.098340872
0.092751414
0.097782325
0.10259371
0.1021427
0.10261198
-0.1031821
-0.1064823
-0.10285949
-0.10320653
-0.10650355
-0.10286279
0.10286052
0.10648945
0.103176
0.1028493
0.10646232
-0.1020651
-0.10684263
-0.10192469
-0.10645604
-0.10206787
-0.10684258
-0.10192493
0.10645557
0.10192337
0.10684177
0.10206099
0.10645012
0.10192182
0.10683999
-0.10209426
-0.1073944
-0.10223268
-0.10719855
-0.10209401
-0.10739496
-0.1022328
0.10719788
0.1022325
0.10739448
0.10209278
0.10719814
0.1022323
0.10739431
-0.10223272
-0.10719884
-0.10209414
-0.10739516
-0.10223281
-0.10719843
-0.10209376
0.1073957
0.10209428
0.10719838
0.10223308
0.10739528
0.10209477
0.10719888
-0.10192546
-0.10645898
-0.10206947
-0.10684277
-0.10192493
-0.106461
-0.10207028
0.10684248
0.10207144
0.10646249
0.10192747
0.10684488
0.10207347
0.1064653
-0.10286416
-0.10321123
-0.1064924
-0.10287104
-0.10322469
0.10648614
0.10321529
0.10286766
0.10651571
0.10322535
-0.1026078
-0.1021486
-0.1026188
-0.10213654
-0.092751588
-0.098339061
-0.092869811
-0.09778608
-0.092753491
-0.098338518
-0.092872956
0.097787418
0.092884401
0.098358971
0.092759209
0.097786182
0.092884829
0.098359843
0.10216469
0.10260211
0.10215341
-0.093007873
-0.097690416
-0.093740894
-0.098223442
-0.093015407
-0.09771303
-0.093767577
0.098235341
0.093720236
0.097667754
0.093022136
0.098250826
0.093745948
0.097701561
-0.093201821
-0.092336198
-0.093232131
-0.092330539
0.092307048
0.093198602
0.092313359
-0.083470812
-0.082932883
-0.088134832
-0.083541555
-0.083019139
0.088112555
0.083044021
0.083583425
0.08815966
0.083082288
-0.081668972
-0.081667543
-0.072076321
-0.076662342
-0.072364592
-0.07737699
-0.07207426
-0.07665484
-0.07235839
0.077396209
0.072350383
0.076664934
0.072069523
0.077382024
0.072344791
0.076645366
0.081692614
-0.071621151
-0.071614202
-0.063317992
-0.062903846
-0.067764396
-0.063243947
-0.062827766
0.067686149
0.062739703
0.063213424
0.067754792
0.062827821
0.071613754
-0.052937506
-0.057215015
-0.052951647
-0.042710368
-0.047366337
-0.042907691
-0.048402183
-0.042709445
-0.047396097
-0.042899462
-0.032512354
-0.038112953
-0.032558737
-0.03780785
-0.032508542
-0.03810958
-0.032550707
0.037801433
0.032571149
0.038124729
0.032508424
0.037794696
0.0325664
0.03812499
0.048270952
0.042911793
0.047309148
0.042654314
0.048218627
0.04289212
0.04725549
0.057219665
0.052812277
0.05723604
-0.03240379
-0.037084929
-0.032388708
-0.022863455
-0.02195075
-0.027794893
-0.022865039
-0.021892388
-0.012308022
-0.017203394
-0.012339843
-0.017413064
-0.012307582
-0.017165672
-0.012344703
-0.0023867239
-0.0074190367
-0.0024728963
-0.0075325474
-0.0023880447
-0.0074210085
-0.0024743101
0.0075383115
0.0024779849
0.0074314379
0.0023885093
0.0075355826
0.0024727423
0.0074239168
0.017402176
0.012357338
0.017162405
0.012314503
0.017422614
0.012359629
0.01719547
0.027793459
0.021853956
0.022870432
0.027822186
0.021921632
0.037120971
0.032418532
0.037117518
-0.037026472
-0.032382868
-0.037031305
-0.032356287
-0.021984486
-0.027836843
-0.022914902
-0.021956625
-0.027797947
-0.022878385
-0.01235432
-0.017434513
-0.012311747
-0.017228364
-0.01236219
-0.017435756
-0.012316692
-0.0024743951
-0.0075329034
-0.0023878537
-0.007423323
-0.0024754986
-0.0075357746
-0.0023896612
0.0074265765
0.0023895655
0.007533296
0.0024758669
0.0074255679
0.0023882638
0.0075336613
0.017187019
0.012305514
0.017401497
0.012363513
0.017205318
0.012309945
0.017412561
0.022815209
0.027824505
0.021900195
0.02283529
0.02783222
0.032460431
0.037071695
0.032427201
0.037021358
-0.057203069
-0.052836444
-0.057199066
-0.052897852
-0.042835024
-0.048247956
-0.042631679
-0.047355209
-0.042869904
-0.048331419
-0.042665071
-0.032528169
-0.037749524
-0.032480672
-0.038058753
-0.032524895
-0.037768296
-0.032485475
0.038096865
0.032507429
0.03779746
0.032554112
0.038050777
0.03249693
0.037771316
0.04740848
0.042698879
0.048384234
0.042846883
0.04727898
0.0426465
0.048251016
0.052929009
0.057190673
0.052846337
0.057225746
-0.071601951
-0.071592185
-0.062806321
-0.067753456
-0.063215406
-0.062780986
-0.067732478
-0.063186309
0.063262715
0.06779276
0.062945405
0.063348534
0.067851565
0.071611003
0.071611396
-0.081670293
-0.08167766
-0.072329707
-0.077382534
-0.072066349
-0.076638986
-0.072326251
-0.077385812
-0.072066198
0.076642811
0.07206208
0.077369472
0.072340406
0.076634933
0.07206738
0.077375555
0.081660558
0.081676651
-0.083101104
-0.088198505
-0.083625908
-0.083039198
-0.088152067
-0.08357473
0.083468235
0.088045051
0.082986719
0.08351025
0.088084159
-0.092344569
-0.093198808
-0.092346645
-0.093205531
0.093120257
0.092323794
0.093147337
-0.0937381
-0.098233775
-0.093015502
-0.097690976
-0.0937455
-0.098249461
-0.093022305
0.097643781
0.092993674
0.098210139
0.093698058
0.097648876
0.093003373
0.098237608
-0.10215987
-0.10261217
-0.10216867
-0.1026249
-0.09288078
-0.097788549
-0.092758298
-0.09836455
-0.092886143
-0.097794294
-0.09276067
0.098341169
0.092751708
0.097783541
0.092875669
0.098355917
0.092753406
0.097783228
0.10261209
0.10215196
0.10260325
-0.10319729
-0.10648303
-0.10284831
-0.10319647
-0.10647724
-0.10285146
0.10286083
0.10647455
0.10320151
0.10285978
0.10648212
-0.10206521
-0.10684258
-0.1019248
-0.10645487
-0.10206493
-0.1068414
-0.10192396
0.10645673
0.10192228
0.10684063
0.10206631
0.10645689
0.1019228
0.10684073
-0.10209387
-0.10739458
-0.10223254
-0.10719827
-0.10209346
-0.10739433
-0.10223223
0.10719831
0.10223232
0.10739475
0.10209321
0.10719889
0.10223224
0.10739442
-0.10223255
-0.10719802
-0.10209323
-0.10739472
-0.10223227
-0.10719791
-0.10209282
0.10739418
0.10209442
0.10719886
0.10223235
0.10739446
0.10209347
0.10719794
-0.10192369
-0.10645386
-0.10206594
-0.10684023
-0.10192269
-0.1064508
-0.1020631
0.10684494
0.10207127
0.10645711
0.10192481
0.10684329
0.1020667
0.10645506
-0.10286415
-0.10320692
-0.10646532
-0.10285888
-0.10319433
0.10650387
0.10321621
0.10286443
0.10648517
0.10320648
-0.1026068
-0.10212971
-0.10260658
-0.10213615
-0.092751875
-0.098333219
-0.09287223
-0.097780894
-0.092751552
-0.098344288
-0.092873825
0.09778098
0.092883091
0.098357491
0.092753262
0.097777919
0.092876185
0.098342564
0.10215368
0.10259155
0.10213657
-0.093016457
-0.097711527
-0.093768749
-0.098237305
-0.093016539
-0.097692162
-0.093757416
0.098255473
0.09375359
0.097704474
0.093015587
0.098229484
0.093750545
0.097696042
-0.093236494
-0.0923408
-0.093221404
-0.092326219
0.092312395
0.093204964
0.09231673
-0.083551134
-0.083018326
-0.088133533
-0.083554436
-0.083028472
0.088054472
0.082960935
0.083496732
0.088064426
0.082967994
-0.081677658
-0.081685346
-0.07207271
-0.07664147
-0.072356215
-0.077390672
-0.072078792
-0.076664085
-0.072362772
0.077363813
0.072339317
0.076623648
0.072063379
0.077361453
0.07234071
0.076621143
0.081680469
-0.071626106
-0.071628409
-0.063224164
-0.062815916
-0.067755701
-0.063229986
-0.062845861
0.067791522
0.062871613
0.063302917
0.067827158
0.06288755
0.071609667
-0.05293079
-0.057248927
-0.052934355
-0.042688874
-0.047355794
-0.042872417
-0.048352801
-0.042675313
-0.047349505
-0.042848415
-0.032501821
-0.038082346
-0.032539025
-0.037779371
-0.032498592
-0.038052477
-0.032534614
0.037777325
0.032551827
0.038089017
0.032487157
0.037754289
0.032529684
0.03803525
0.048248815
0.042865319
0.047278107
0.042634881
0.048279784
0.04282751
0.047296424
0.057231547
0.05287166
0.057205011
-0.032373426
-0.037039591
-0.032373987
-0.022882278
-0.021912567
-0.027833305
-0.022947259
-0.022028125
-0.012316892
-0.017199869
-0.012361865
-0.017465546
-0.012323961
-0.017252975
-0.01235955
-0.0023893156
-0.0074250575
-0.0024754744
-0.0075377962
-0.0023894772
-0.0074244645
-0.0024742646
0.0075357679
0.0024717098
0.0074224196
0.002388038
0.0075366377
0.0024735854
0.0074227383
0.017440149
0.012363197
0.01720321
0.012324774
0.017461124
0.012366099
0.017249397
0.027835978
0.021950902
0.022940257
0.027838254
0.022015274
0.037091472
0.032370688
0.037023529
-0.037032122
-0.032388533
-0.037065865
-0.032407429
-0.021901821
-0.027814434
-0.022877385
-0.021889454
-0.027851293
-0.022887558
-0.012361874
-0.017420021
-0.012316351
-0.017169694
-0.012368576
-0.017419844
-0.012319542
-0.0024785069
-0.0075390545
-0.0023920548
-0.0074363258
-0.0024836502
-0.0075428892
-0.0023949412
0.0074235541
0.0023867097
0.0075328088
0.0024728224
0.0074249979
0.002385931
0.0075338168
0.017212867
0.012308453
0.017411188
0.012355742
0.017196487
0.012309848
0.017408092
0.02281049
0.027781009
0.021882171
0.022798159
0.027769868
0.032413846
0.037080598
0.032410165
0.037071516
-0.057194229
-0.052950721
-0.057207433
-0.052907511
-0.042862416
-0.048391149
-0.042680002
-0.047341193
-0.042865223
-0.048339201
-0.042675077
-0.032538583
-0.037777677
-0.032494259
-0.038082269
-0.032554359
-0.037786578
-0.032504503
0.038104437
0.032494288
0.037777034
0.032547522
0.038073353
0.032490971
0.037763981
0.047243481
0.042638166
0.048207397
0.042856181
0.047240559
0.042622294
0.048192453
0.052814409
0.057234073
0.052802028
0.057219431
-0.071617328
-0.071638907
-0.062791315
-0.067753281
-0.063213912
-0.062876006
-0.067821826
-0.063293991
0.063312285
0.067818937
0.062890721
0.063306952
0.067809891
0.071599031
0.071584674
-0.081643804
-0.081640325
-0.072344062
-0.077367197
-0.072066961
-0.076658299
-0.072365131
-0.077368905
-0.07207328
0.076636342
0.072071148
0.077394767
0.072323083
0.076628626
0.07206704
0.07738043
0.081702267
0.081681839
-0.083039998
-0.088151383
-0.083571907
-0.082984627
-0.088097002
-0.08351884
0.083571699
0.088145663
0.082984211
0.083509279
0.088090309
-0.092335077
-0.093202561
-0.092320109
-0.093205187
0.093176207
0.09232565
0.093205538
-0.093745861
-0.098254109
-0.093023057
-0.097696715
-0.093751666
-0.098222946
-0.09301495
0.097672623
0.093014173
0.098255224
0.093742978
0.097700098
0.093020254
0.098260028
-0.10216423
-0.10261576
-0.10213555
-0.10259531
-0.09288542
-0.097790724
-0.092759009
-0.098340531
-0.092876658
-0.097778809
-0.092753181
0.098363682
0.092754623
0.097783251
0.092883299
0.098366557
0.092754167
0.097784007
0.10259784
0.10216424
0.10260062
-0.10319678
-0.1064896
-0.10285666
-0.10318188
-0.10649224
-0.10285096
0.10287153
0.10649868
0.10321932
0.1028692
0.106499
-0.1020643
-0.10684112
-0.10192305
-0.10645039
-0.10206106
-0.10683972
-0.10192134
0.10646079
0.10192368
0.10684215
0.1020664
0.10645534
0.10192347
0.10684361
-0.10209315
-0.10739414
-0.10223194
-0.10719912
-0.10209286
-0.1073937
-0.10223157
0.10719914
0.10223224
0.1073945
0.10209316
0.10719861
0.10223205
0.10739434
-0.10223213
-0.10719826
-0.10209289
-0.10739452
-0.10223182
-0.10719847
-0.10209279
0.10739468
0.102093
0.10719746
0.10223199
0.10739445
0.10209273
0.10719771
-0.10192292
-0.10645527
-0.10206625
-0.10684207
-0.10192245
-0.10645272
-0.10206382
0.10684242
0.10206523
0.10645519
0.10192281
0.10684239
0.10206143
0.10644637
-0.10287369
-0.10322038
-0.10648548
-0.10286213
-0.10320468
0.10648291
0.10320693
0.1028619
0.1064831
0.103193
-0.10261486
-0.10212204
-0.10261646
-0.10211754
-0.092750794
-0.098322431
-0.092867979
-0.097782379
-0.092751247
-0.098331847
-0.092870198
0.097782325
0.092872111
0.098340954
0.092748458
0.097779219
0.092864788
0.098330109
0.10213735
0.10261044
0.10213096
-0.093009444
-0.097704369
-0.093757145
-0.098213907
-0.093010699
-0.097708162
-0.093758534
0.098231433
0.093744307
0.09769846
0.092996286
0.098207758
0.093711024
0.097667567
-0.093217239
-0.092317594
-0.09321648
-0.092318541
0.09231664
0.093163388
0.092325498
-0.083577043
-0.083066354
-0.088073327
-0.083509211
-0.082981729
0.088125581
0.083047874
0.08356455
0.088139027
0.083042808
-0.08168129
-0.081675034
-0.072078036
-0.076658006
-0.072353303
-0.077382646
-0.072075471
-0.076654197
-0.072354695
0.077368275
0.072341838
0.076634436
0.072073123
0.077380523
0.072339801
0.076637012
0.081684684
-0.071612998
-0.071617267
-0.063275328
-0.062886698
-0.067818139
-0.063282266
-0.06285105
0.06776784
0.062848382
0.063182356
0.067704972
0.062799251
0.071596688
-0.052910615
-0.057180326
-0.052890725
-0.042680401
-0.047372491
-0.042872788
-0.048337426
-0.04268243
-0.047362393
-0.042873551
-0.032502411
-0.038067403
-0.032539484
-0.037789373
-0.032511331
-0.038066994
-0.032552656
0.037744062
0.032531083
0.038004193
0.032499
0.037755609
0.0325568
0.038025794
0.048308859
0.042811166
0.047328257
0.04263783
0.048298706
0.042823871
0.047322468
0.057221747
0.052887749
0.057244755
-0.032373977
-0.037056192
-0.03239589
-0.022948178
-0.022042821
-0.027833479
-0.022935882
-0.021997592
-0.012325672
-0.017268442
-0.012356763
-0.017464763
-0.012325462
-0.017242587
-0.012360815
-0.002389601
-0.0074215694
-0.002474199
-0.007536203
-0.0023891835
-0.0074176971
-0.0024727641
0.0075354815
0.0024707677
0.0074204673
0.0023865957
0.0075334963
0.0024710709
0.0074188067
0.017454635
0.012369052
0.017262097
0.012317724
0.017426894
0.012364138
0.017196501
0.027825755
0.021991412
0.022847469
0.027859748
0.021887224
0.03697889
0.032441626
0.036991239
-0.037094581
-0.032415014
-0.037063477
-0.032430371
-0.021900638
-0.027860483
-0.022898346
-0.02193692
-0.02791436
-0.022956213
-0.012372871
-0.017422547
-0.012322057
-0.017158206
-0.012363271
-0.017432231
-0.012322106
-0.0024845083
-0.0075439919
-0.0023956841
-0.0074341763
-0.0024820167
-0.0075438738
-0.0023948718
0.0074264177
0.0023859723
0.0075366981
0.0024714638
0.0074254792
0.0023865055
0.0075387262
0.017201683
0.012319917
0.017428262
0.012377371
0.017245369
0.01232969
0.017464504
0.022862071
0.027831547
0.022015837
0.022961915
0.027901405
0.03244355
0.037062286
0.032428703
0.037057016
-0.057210406
-0.052874199
-0.057217923
-0.052928791
-0.042874096
-0.048288289
-0.042668899
-0.047365679
-0.042854467
-0.048357347
-0.042671287
-0.032563476
-0.037789978
-0.032510221
-0.038063236
-0.032563596
-0.037779658
-0.032509487
0.038051968
0.03249554
0.037756648
0.03256265
0.03806562
0.032504116
0.037768564
0.047239454
0.042612618
0.048196664
0.042848415
0.047274332
0.042635488
0.048243714
0.052804837
0.057188881
0.052845133
0.057229031
-0.071617879
-0.071618165
-0.062910095
-0.067841854
-0.063337735
-0.062938148
-0.067866564
-0.063366854
0.06328943
0.067808955
0.062937751
0.063351199
0.067866188
0.071614492
0.071645694
-0.081647274
-0.081652797
-0.072345335
-0.077361972
-0.072070969
-0.076614939
-0.072345509
-0.077357844
-0.072073903
0.076637667
0.072070543
0.077369385
0.072362568
0.076643076
0.072077656
0.07737271
0.081658998
0.081667153
-0.082991919
-0.088086557
-0.083518158
-0.083018678
-0.088119482
-0.083542386
0.083488308
0.088076503
0.083014383
0.083539625
0.088107903
-0.092310267
-0.093182824
-0.09232874
-0.093166667
0.093170579
0.092320327
0.093156428
-0.093729703
-0.098235941
-0.0930111
-0.097660982
-0.093714942
-0.098235702
-0.093007242
0.097666226
0.093010934
0.098245792
0.093705047
0.097656741
0.092998369
0.098218323
-0.10214167
-0.10260254
-0.10215812
-0.10261431
-0.092875553
-0.09777917
-0.092751314
-0.098355536
-0.092876412
-0.097785683
-0.092752796
0.098360409
0.092749533
0.097779853
0.092867231
0.098341244
0.092742385
0.097766633
0.10260578
0.10214635
0.10258037
-0.10316336
-0.10647404
-0.10284382
-0.10319723
-0.10648088
-0.10285602
0.1028378
0.10645837
0.10315038
0.10282815
0.10645255
-0.10205719
-0.10684065
-0.10192083
-0.10644718
-0.1020581
-0.10684136
-0.10192051
0.1064482
0.10192154
0.10684071
0.10205484
0.10644561
0.10192066
0.10684042
-0.10209192
-0.10739451
-0.10223145
-0.10719664
-0.102091
-0.10739373
-0.10223064
0.10719803
0.10223186
0.10739432
0.10209235
0.10719807
0.10223194
0.10739474
-0.10223143
-0.10719795
-0.10209222
-0.10739417
-0.1022309
-0.10719777
-0.10209174
0.10739402
0.10209277
0.10719814
0.10223189
0.10739421
0.10209311
0.10719853
-0.1019214
-0.106451
-0.10206106
-0.10684014
-0.1019209
-0.10644692
-0.10205836
0.10684298
0.10206032
0.10644717
0.10192331
0.10684187
0.10206545
0.10645472
-0.10285498
-0.10319309
-0.10645489
-0.10284456
-0.10317701
0.1064775
0.10317843
0.1028608
0.10647994
0.10319202
-0.1026026
-0.10214485
-0.1025998
-0.10216001
-0.092750963
-0.098337733
-0.092874342
-0.097782046
-0.092753855
-0.098367452
-0.092883254
0.097777005
0.092864104
0.098333103
0.092749002
0.097781098
0.09286918
0.098349603
0.10213065
0.10260789
0.1021564
-0.09301621
-0.097707172
-0.093755138
-0.098258844
-0.093020734
-0.097682446
-0.093734647
0.098206906
0.093707694
0.097664861
0.092997885
0.098228964
0.093702905
0.097654648
-0.093215886
-0.092337481
-0.093193025
-0.092357365
0.092311091
0.093154283
0.092312352
-0.083497878
-0.082963304
-0.088139838
-0.083545111
-0.083013812
0.088141136
0.083062396
0.083570314
0.088120387
0.083061253
-0.081677804
-0.081670269
-0.072070292
-0.076640094
-0.072343112
-0.077372856
-0.072066696
-0.07663923
-0.07233855
0.077408331
0.072366181
0.076673897
0.07210629
0.077430149
0.072391046
0.076710518
0.081716223
-0.071593997
-0.071598125
-0.063323385
-0.062912543
-0.067823623
-0.063302156
-0.062897877
0.067781968
0.062855414
0.063344793
0.067854761
0.062930322
0.071642048
-0.052917956
-0.057209963
-0.052928398
-0.042702354
-0.04737819
-0.042899986
-0.048377873
-0.042713762
-0.047388047
-0.042924328
-0.032525263
-0.038109211
-0.032581745
-0.037818099
-0.032527411
-0.038132737
-0.032585182
0.037779901
0.032586104
0.038073212
0.032527367
0.037811515
0.032591861
0.038126215
0.048240266
0.042862344
0.047264747
0.042687873
0.048311409
0.042900637
0.047327399
0.057236002
0.052873471
0.057212094
-0.032444226
-0.037111695
-0.032439845
-0.022949275
-0.021974575
-0.027899364
-0.022952939
-0.021985524
-0.012324698
-0.017215922
-0.012361484
-0.017453624
-0.012323745
-0.01721834
-0.012362453
-0.0023894928
-0.007419439
-0.0024727851
-0.007538715
-0.0023911945
-0.0074242393
-0.0024760044
0.0075331202
0.0024712812
0.0074196705
0.0023858278
0.0075320935
0.0024711537
0.0074184418
0.01743764
0.012359522
0.017200431
0.012314355
0.017448691
0.012349845
0.017248278
0.027939604
0.02194322
0.022909076
0.02786186
0.022005369
0.037039167
0.032462548
0.037121422
-0.03702022
-0.032411314
-0.037054809
-0.032408236
-0.021906742
-0.027863306
-0.022903225
-0.021931218
-0.027816392
-0.022875757
-0.012376542
-0.017432372
-0.012326709
-0.017222602
-0.012381993
-0.017440482
-0.012330371
-0.0024792581
-0.0075456847
-0.0023942322
-0.0074382103
-0.0024800758
-0.0075473374
-0.0023950299
0.0074245825
0.0023870731
0.0075381379
0.0024722418
0.0074240221
0.0023864479
0.0075369034
0.017222169
0.012326404
0.01746078
0.012354845
0.017187234
0.012320379
0.017444309
0.022963394
0.027883061
0.021952088
0.022941007
0.027864433
0.032398386
0.037065559
0.032394318
0.037077662
-0.057222248
-0.052917867
-0.057203903
-0.052908557
-0.042827638
-0.048347249
-0.042663063
-0.047360131
-0.042865821
-0.048350261
-0.042682313
-0.032549419
-0.037769236
-0.032504357
-0.038069818
-0.032555201
-0.03778795
-0.032509887
0.038087922
0.032510005
0.037784719
0.032560538
0.038097169
0.032514327
0.037793499
0.047325195
0.042661778
0.048292387
0.042877998
0.047321223
0.04267047
0.048309642
0.052884523
0.05724999
0.052905106
0.057239263
-0.07163625
-0.071621128
-0.062979448
-0.067901603
-0.06340956
-0.062994256
-0.067921038
-0.063436006
0.063324669
0.067836872
0.062830155
0.063229444
0.067763848
0.071636638
0.071621435
-0.081694567
-0.08168887
-0.072367452
-0.077391448
-0.072087529
-0.076640744
-0.072351936
-0.077388283
-0.072085838
0.076649281
0.072079976
0.077382987
0.072345531
0.07663487
0.072073626
0.077378882
0.081679293
0.081675351
-0.082979645
-0.088095154
-0.083512235
-0.082980712
-0.088089782
-0.083511454
0.083560804
0.088114553
0.083149118
0.083647377
0.08818979
-0.092351763
-0.093173461
-0.092335012
-0.09312991
0.093161764
0.092302831
0.093235919
-0.093711045
-0.098240443
-0.093004824
-0.097636677
-0.093680476
-0.098209078
-0.092991452
0.097665908
0.092995985
0.098209168
0.093771697
0.097711268
0.093006488
0.098207863
-0.10216191
-0.10262626
-0.1021473
-0.10261259
-0.092876205
-0.097789732
-0.092753793
-0.098342079
-0.092869513
-0.097784633
-0.092752581
0.098330328
0.092740785
0.097764621
0.09286285
0.098323129
0.092743757
0.097775495
0.1025774
0.10212377
0.10261245
-0.10317094
-0.10647029
-0.10284136
-0.10317419
-0.10646162
-0.10284109
0.10285505
0.10648314
0.10319241
0.10286009
0.10649484
-0.10205646
-0.10683985
-0.10191945
-0.10644568
-0.10205707
-0.10683921
-0.10191901
0.1064461
0.1019219
0.10684236
0.10206308
0.10645085
0.10192364
0.10684364
-0.10208989
-0.10739229
-0.10222915
-0.10719354
-0.10208802
-0.10738889
-0.10222617
0.10719807
0.10223204
0.10739472
0.1020928
0.10719775
0.10223193
0.10739433
-0.10222959
-0.10719731
-0.10209102
-0.10738791
-0.10222586
-0.10719347
-0.10208834
0.10739484
0.10209332
0.10719867
0.10223203
0.10739455
0.10209296
0.10719876
-0.10192165
-0.10644945
-0.10206123
-0.10684134
-0.10192221
-0.10646024
-0.1020703
0.10684251
0.10207006
0.10646441
0.10192241
0.10684171
0.10206508
0.10645743
-0.10284758
-0.1031762
-0.10651231
-0.10288176
-0.10323934
0.10649179
0.10321811
0.10286018
0.10649179
0.10320062
-0.10261251
-0.10216481
-0.10259692
-0.10215544
-0.092755467
-0.09836106
-0.092881331
-0.097783645
-0.092755633
-0.098351794
-0.092878098
0.097781259
0.092868776
0.09834421
0.092747431
0.097774951
0.092868067
0.09833504
0.10214866
0.10259669
0.10213918
-0.09301278
-0.097664258
-0.093710326
-0.098233588
-0.093011198
-0.097679859
-0.093736149
0.098217477
0.093704817
0.097654996
0.0930021
0.098214265
0.093728644
0.097685336
-0.093163351
-0.092335273
-0.09319873
-0.092327795
0.092331422
0.093184468
0.092315836
-0.083539111
-0.083001885
-0.088142206
-0.083580228
-0.08304654
0.088116621
0.083027894
0.083523001
0.088086253
0.082994214
-0.081664136
-0.081659427
-0.072061397
-0.076623896
-0.072328287
-0.077368589
-0.07206102
-0.076627588
-0.072330867
0.077419259
0.072382747
0.076698564
0.072090037
0.077391321
0.072368189
0.076661712
0.08167721
-0.071605341
-0.07160959
-0.063243525
-0.062833536
-0.067707454
-0.063154191
-0.062764305
0.067820774
0.062895021
0.063263522
0.06778908
0.062860826
0.071631706
-0.052950441
-0.057207132
-0.052924086
-0.042699061
-0.047408264
-0.042880701
-0.048374526
-0.042674798
-0.047384391
-0.04285031
-0.032513627
-0.038080072
-0.032560523
-0.037777991
-0.032501042
-0.038054479
-0.032547517
0.037831822
0.032583785
0.038148429
0.0325325
0.037842579
0.032586803
0.0381626
0.048389209
0.042924112
0.047396399
0.04273828
0.048401328
0.042945194
0.047398067
0.057221293
0.052943688
0.057222042
-0.032411715
-0.037053659
-0.032410649
-0.022880259
-0.021918979
-0.027780218
-0.022835678
-0.021883989
-0.012320542
-0.017189743
-0.012366121
-0.017418405
-0.012318733
-0.017187435
-0.012363934
-0.0023927714
-0.0074310314
-0.0024794268
-0.007541797
-0.0023931041
-0.0074336473
-0.0024797427
0.0075320515
0.0024719628
0.0074210742
0.0023866099
0.0075333609
0.0024743747
0.0074257711
0.017426703
0.012351824
0.017230487
0.012308694
0.01739347
0.012364891
0.017173235
0.027791483
0.021945198
0.02275978
0.027762226
0.021804663
0.037130545
0.032446262
0.037132125
-0.037089625
-0.032434882
-0.037114518
-0.032468167
-0.021979692
-0.027839836
-0.022891405
-0.021921895
-0.027826348
-0.022856512
-0.012372348
-0.017449962
-0.012330204
-0.017230431
-0.012378795
-0.017443329
-0.01233232
-0.002483525
-0.0075483789
-0.0023965888
-0.0074418066
-0.0024860876
-0.0075499853
-0.00239781
0.0074253301
0.0023860631
0.0075375815
0.0024732598
0.0074292508
0.0023865389
0.0075393538
0.017200498
0.012322066
0.017440147
0.012368769
0.017195427
0.012323582
0.01743923
0.022909986
0.027849978
0.02192596
0.022903249
0.02782343
0.032424048
0.037089583
0.032412243
0.037143184
-0.057219321
-0.052982382
-0.057217177
-0.05290812
-0.04290301
-0.048426127
-0.042712035
-0.047354324
-0.042901988
-0.048351111
-0.04270264
-0.032574652
-0.037809485
-0.032521289
-0.038126871
-0.032591011
-0.037817478
-0.032528683
0.03810055
0.032518953
0.037797927
0.032576153
0.038139873
0.032524268
0.03781307
0.047302853
0.042667901
0.048306857
0.042902099
0.047307672
0.042681508
0.048295983
0.052886511
0.057215869
0.052878405
0.057204949
-0.071615828
-0.07161384
-0.062999304
-0.067909876
-0.063420426
-0.062866405
-0.067798563
-0.063282272
0.063226849
0.067761534
0.062821506
0.063241216
0.067780513
0.071613429
0.071615387
-0.081674907
-0.081689525
-0.072346053
-0.077374876
-0.072080822
-0.076645009
-0.072344563
-0.077389454
-0.072078306
0.076620301
0.072065296
0.077368775
0.072341335
0.076640697
0.072064045
0.077371565
0.081674331
0.081676437
-0.083048744
-0.088148689
-0.083570815
-0.08306418
-0.088159622
-0.08358462
0.083580899
0.088163587
0.082860784
0.083409189
0.087989546
-0.092341077
-0.093139916
-0.092339141
-0.093173596
0.093250819
0.09232949
0.093195206
-0.093685379
-0.098212675
-0.092993817
-0.097675304
-0.093714161
-0.098261688
-0.093014509
0.097720645
0.093009253
0.098210117
0.093738175
0.097689004
0.093004601
0.098212952
-0.10214479
-0.10261875
-0.10216427
-0.10264385
-0.092872745
-0.097790583
-0.092756304
-0.098375875
-0.09288684
-0.097801944
-0.092762205
0.098325382
0.092745044
0.097774987
0.092866547
0.09833213
0.092745044
0.097771259
0.10260224
0.10214014
0.10258705
-0.10322541
-0.10649098
-0.10286793
-0.10319044
-0.1064792
-0.10285175
0.10286157
0.10649797
0.10320628
0.10285974
0.10649301
-0.10206483
-0.10683969
-0.10191942
-0.10645467
-0.10206224
-0.10683933
-0.1019181
0.1064535
0.10192492
0.10684443
0.10206278
0.10644912
0.10192435
0.10684394
-0.10208544
-0.10738343
-0.10222179
-0.1071843
-0.10208145
-0.10737306
-0.10221555
0.1071976
0.10223187
0.10739393
0.10209312
0.10719779
0.10223216
0.10739468
-0.10222089
-0.10718684
-0.10208356
-0.10737328
-0.10221494
-0.10717964
-0.10207796
0.10739459
0.10209271
0.10719859
0.10223216
0.10739471
0.10209266
0.10719793
-0.10191805
-0.10645666
-0.10206758
-0.10682549
-0.10191177
-0.1064456
-0.1020618
0.10684093
0.10205711
0.1064433
0.1019216
0.10684137
0.10205727
0.10644464
-0.10287785
-0.10324262
-0.10648694
-0.10287204
-0.10321163
0.10647224
0.10315646
0.10284122
0.10647398
0.10316366
-0.10260309
-0.10214648
-0.10259885
-0.10215073
-0.092755927
-0.098349024
-0.092875812
-0.097782233
-0.092755006
-0.098345338
-0.09287471
0.097771877
0.092872171
0.098343841
0.092749214
0.09777063
0.092874769
0.098342092
0.10214445
0.10258026
0.10214718
-0.093005326
-0.097670474
-0.093724195
-0.098213693
-0.093001643
-0.097662544
-0.093710346
0.098230526
0.093743323
0.097697134
0.093010596
0.098220682
0.093732094
0.097681918
-0.093183445
-0.09235177
-0.093163925
-0.092353536
0.092328118
0.093186732
0.092336683
-0.083666555
-0.083143074
-0.088218769
-0.083632082
-0.083099993
0.088139341
0.083037607
0.083651105
0.088223003
0.08313868
-0.081669478
-0.081672533
-0.072066271
-0.076647657
-0.072342953
-0.077373221
-0.072062307
-0.076626758
-0.072330225
0.077397316
0.072367686
0.076669374
0.07208618
0.077394216
0.07236834
0.076669551
0.081680411
-0.071623425
-0.07161984
-0.063135699
-0.062749949
-0.067720463
-0.063153579
-0.062769449
0.067791211
0.062848921
0.063190987
0.067744927
0.062786304
0.07163947
-0.052852205
-0.057200829
-0.052856426
-0.0426498
-0.047293658
-0.042839396
-0.048282176
-0.042649808
-0.047296401
-0.042844575
-0.032497795
-0.038052578
-0.032548504
-0.037771925
-0.032500376
-0.038067086
-0.032558485
0.037834634
0.032576219
0.038132712
0.03253022
0.037824152
0.032578868
0.038120897
0.048439171
0.042936977
0.047447191
0.042714274
0.048372624
0.042919581
0.047393716
0.057224141
0.052929544
0.057221751
-0.032411612
-0.037076694
-0.032431686
-0.022881768
-0.021946064
-0.027854644
-0.022909051
-0.021973912
-0.012325496
-0.017215024
-0.012375353
-0.017453646
-0.01232955
-0.017239104
-0.012374377
-0.0023928752
-0.0074333749
-0.0024776713
-0.0075441782
-0.0023937342
-0.0074338032
-0.0024806395
0.0075336811
0.0024742458
0.0074242502
0.0023865408
0.0075350254
0.0024724663
0.0074223925
0.017410063
0.012356564
0.017193958
0.01231891
0.017452874
0.012357561
0.017246825
0.027776714
0.021872921
0.022927154
0.027845788
0.022008842
0.037105542
0.032421108
0.037100713
-0.037133914
-0.032447923
-0.037068941
-0.032424452
-0.021964418
-0.027853166
-0.022904192
-0.022011078
-0.027890913
-0.02296309
-0.012388724
-0.01746016
-0.012337481
-0.017235961
-0.012375437
-0.017461147
-0.012332499
-0.0024844036
-0.0075505481
-0.0023976285
-0.0074376376
-0.0024848353
-0.0075485734
-0.0023976705
0.0074304065
0.0023864942
0.0075400272
0.0024717165
0.0074274178
0.0023857859
0.0075388738
0.017235212
0.012324796
0.01745547
0.012370123
0.017247037
0.012326705
0.017459457
0.022924683
0.027855056
0.021998709
0.022931526
0.02789897
0.03243489
0.037147321
0.032464574
0.037062788
-0.05720165
-0.05288735
-0.057196418
-0.052909018
-0.042911826
-0.048313927
-0.042694169
-0.047378462
-0.042872501
-0.048347041
-0.042676366
-0.032587661
-0.03781514
-0.032526716
-0.038074449
-0.032566318
-0.037785966
-0.032512847
0.038146251
0.03252685
0.037812802
0.032581771
0.038073878
0.032519972
0.037786005
0.047299756
0.042679572
0.048277344
0.042865938
0.047347004
0.042666169
0.048320089
0.052860527
0.057218957
0.052895935
0.05721221
-0.071597115
-0.071594845
-0.062749882
-0.067716669
-0.063174327
-0.062838907
-0.06779287
-0.063266557
0.063312064
0.067829234
0.062919899
0.063339766
0.06783107
0.0716135
0.071598399
-0.081694249
-0.08168449
-0.072331664
-0.077392398
-0.072071357
-0.076634546
-0.072326831
-0.077381234
-0.072064516
0.076642789
0.072066685
0.077369574
0.072335695
0.076630059
0.072071528
0.077375507
0.081665553
0.081667118
-0.083043036
-0.088140102
-0.083562594
-0.082992044
-0.08809169
-0.083518906
0.083412388
0.087983392
0.083010475
0.083530998
0.088113205
-0.092331939
-0.093161043
-0.092330454
-0.093142837
0.09318583
0.092332082
0.093155793
-0.093708983
-0.09826846
-0.093018065
-0.097644445
-0.093691823
-0.098245983
-0.093007083
0.09768681
0.093009271
0.098230251
0.093709057
0.097670055
0.093008308
0.098239841
-0.10217405
-0.10261062
-0.10216006
-0.10259627
-0.092889416
-0.097791737
-0.092760101
-0.09837057
-0.092883146
-0.097784317
-0.092756249
0.098345964
0.092746465
0.097774094
0.092874755
0.09835406
0.092748102
0.09777536
0.10259565
0.10215264
0.10259064
-0.10318616
-0.10647022
-0.10285281
-0.10320243
-0.10647767
-0.10286118
0.10284331
0.10647443
0.10320823
0.10286671
0.10648833
-0.10205954
-0.10683642
-0.10191645
-0.10645245
-0.102062
-0.1068361
-0.10191737
0.10644699
0.10192295
0.10684265
0.10206377
0.10645049
0.10192321
0.10684229
-0.10207864
-0.10736612
-0.10221185
-0.10718141
-0.1020803
-0.1073711
-0.10221439
0.107198
0.10223213
0.10739444
0.10209285
0.10719791
0.10223219
0.1073946
-0.10221169
-0.10717563
-0.10207497
-0.10737108
-0.10221346
-0.10717587
-0.10207563
0.10739439
0.10209331
0.10719836
0.10223235
0.10739445
0.10209409
0.10719898
-0.10190826
-0.10643884
-0.10205572
-0.10682189
-0.10190899
-0.10643812
-0.10205587
0.10684196
0.10206389
0.10645349
0.10192571
0.10684361
0.10206969
0.10645771
-0.10284834
-0.10318863
-0.10646716
-0.10285943
-0.10320205
0.10648692
0.10320005
0.10286466
0.10648803
0.10320895
-0.1026019
-0.10215991
-0.10260856
-0.1021492
-0.092756599
-0.098362075
-0.092879984
-0.09778926
-0.092758841
-0.098359665
-0.092881019
0.097783009
0.092883933
0.098355325
0.092766341
0.097803825
0.09289727
0.098390015
0.10215319
0.10263743
0.10219385
-0.093008789
-0.097652289
-0.093708984
-0.098239112
-0.093010954
-0.097671353
-0.093714409
0.098239267
0.093745004
0.097691356
0.093039629
0.098289267
0.093773882
0.097716636
-0.093158075
-0.092332901
-0.093166486
-0.092325145
0.092330549
0.093238546
0.09233745
-0.083553501
-0.083018032
-0.088105981
-0.083536207
-0.083008082
0.088154796
0.08304383
0.083499397
0.088078279
0.082950985
-0.081669506
-0.081666204
-0.072061187
-0.076625118
-0.072335069
-0.077368949
-0.072068026
-0.07664259
-0.072353082
0.077369215
0.072358495
0.076638666
0.07208017
0.077376035
0.072372477
0.076661993
0.081662864
-0.071626542
-0.071640166
-0.063171665
-0.062763232
-0.067737617
-0.063172507
-0.062739888
0.067762439
0.062791993
0.063315969
0.067839772
0.062873775
0.07164339
-0.052878666
-0.057171344
-0.052948118
-0.042663849
-0.047333992
-0.042860104
-0.048396894
-0.042674859
-0.047404306
-0.042836529
-0.032499473
-0.038073804
-0.032556782
-0.037771011
-0.032490923
-0.038042653
-0.032531398
0.037822715
0.032596139
0.038161222
0.032520596
0.037795915
0.032582953
0.038122187
0.048268889
0.04292291
0.047294491
0.042646223
0.048197265
0.04287781
0.047233221
0.057201687
0.052793462
0.057175706
-0.032429227
-0.037053927
-0.03237998
-0.022940982
-0.02201693
-0.027783006
-0.022872037
-0.021909408
-0.012330507
-0.017263101
-0.012377218
-0.017424306
-0.012321616
-0.017197154
-0.012378379
-0.0023928132
-0.0074301971
-0.002479592
-0.0075388617
-0.0023900817
-0.0074275157
-0.0024749958
0.0075363707
0.0024719935
0.0074231253
0.0023886022
0.0075370968
0.0024736004
0.0074229632
0.017455038
0.012360681
0.017225611
0.012321783
0.017442081
0.01236179
0.017212972
0.027883164
0.021999401
0.022879749
0.027840508
0.021912078
0.037151459
0.03244622
0.037125123
-0.037005187
-0.032431364
-0.037050508
-0.032435356
-0.021903959
-0.027837904
-0.022868212
-0.021822346
-0.027801742
-0.022817104
-0.01236824
-0.017424749
-0.012322707
-0.017152798
-0.012366825
-0.017399928
-0.012316554
-0.0024885253
-0.0075471007
-0.0023984772
-0.0074421023
-0.0024878011
-0.0075454169
-0.0023974512
0.0074223045
0.0023845742
0.0075357079
0.0024692549
0.007422504
0.0023845963
0.0075355166
0.017180511
0.01231986
0.017436437
0.012358131
0.017196447
0.012319762
0.017443297
0.022909203
0.027876038
0.021951668
0.022931627
0.027882377
0.032435044
0.037025281
0.032410473
0.037047009
-0.057191346
-0.052909302
-0.057219965
-0.052867524
-0.042826493
-0.048333042
-0.0426519
-0.047319659
-0.042843928
-0.048285684
-0.042647205
-0.032548921
-0.037757047
-0.032499354
-0.038047456
-0.032556038
-0.037767246
-0.032501299
0.038037897
0.032509832
0.037767909
0.032555569
0.038056173
0.03250626
0.037770212
0.047338498
0.042649274
0.048304904
0.042849569
0.047272787
0.042643481
0.048240082
0.052892067
0.057199075
0.052819703
0.05717842
-0.071593324
-0.071594561
-0.062914786
-0.067854403
-0.063348586
-0.062836311
-0.067776188
-0.063250036
0.063339473
0.067836533
0.062940681
0.063386034
0.067882288
0.071587948
0.071613408
-0.081664775
-0.081661421
-0.072319743
-0.077361976
-0.072056902
-0.076607771
-0.072317776
-0.077357098
-0.072051196
0.076650372
0.072082364
0.077399546
0.072360478
0.076667666
0.072091153
0.077403484
0.081688783
0.081692601
-0.082960534
-0.088081894
-0.083504624
-0.083075981
-0.08818699
-0.083601462
0.08359545
0.088171905
0.08306019
0.083586752
0.088163183
-0.092333218
-0.093156162
-0.092344944
-0.093190954
0.093167257
0.092353229
0.093179871
-0.093700887
-0.098228452
-0.093002574
-0.097676331
-0.093724057
-0.098232274
-0.093005672
0.09767342
0.093008306
0.098239384
0.093719543
0.097670545
0.093010466
0.098244768
-0.10216233
-0.10260445
-0.10216083
-0.10260684
-0.09287709
-0.097783095
-0.092753961
-0.09835364
-0.092875892
-0.097783234
-0.09275338
0.098355225
0.09274837
0.097774917
0.092876388
0.098358383
0.092748382
0.097776341
0.10258709
0.10216274
0.10259265
-0.10319776
-0.1064874
-0.10286482
-0.10319064
-0.10648434
-0.10286172
0.10286217
0.10649508
0.10319176
0.10285321
0.1064783
-0.10206326
-0.10684047
-0.10191987
-0.10645469
-0.10206433
-0.10684279
-0.10192157
0.10645369
0.10192328
0.10684278
0.10205959
0.10645017
0.10192099
0.10684086
-0.10208517
-0.10738137
-0.10222056
-0.10719545
-0.10208933
-0.10738909
-0.10222627
0.10719813
0.10223213
0.10739452
0.10209202
0.10719737
0.10223193
0.1073948
-0.10221912
-0.1071824
-0.10208021
-0.1073871
-0.1022249
-0.10719047
-0.10208594
0.10739452
0.10209405
0.10719869
0.10223216
0.10739442
0.10209363
0.10719844
-0.10191323
-0.10644463
-0.10206045
-0.10683508
-0.10191826
-0.10645441
-0.10206646
0.10684372
0.10207195
0.10645526
0.10192474
0.10684228
0.10206858
0.10645468
-0.10286757
-0.10322347
-0.10648927
-0.10287784
-0.10324209
0.10650525
0.1032327
0.10287882
0.10649307
0.10322322
-0.10262148
-0.10214979
-0.10264348
-0.10215011
-0.092760552
-0.098352718
-0.092879796
-0.097800449
-0.092760214
-0.098349301
-0.092874829
0.097800535
0.092886488
0.098361937
0.092756309
0.097785078
0.092870195
0.098326084
0.10216459
0.10260971
0.10212338
-0.093015606
-0.097707132
-0.093753416
-0.098224051
-0.093002864
-0.097672994
-0.093714109
0.098247339
0.093743223
0.09770508
0.093000033
0.098190384
0.093722294
0.097666622
-0.093219765
-0.092332071
-0.093168786
-0.092326985
0.092352673
0.093173334
0.092338109
-0.083550482
-0.083024063
-0.088118691
-0.083540734
-0.083013245
0.088134009
0.082995797
0.083517285
0.088104846
0.082975944
-0.081665348
-0.081668695
-0.072076152
-0.076647882
-0.072368991
-0.077376828
-0.072083625
-0.076657612
-0.072372761
0.077364949
0.072365958
0.076651509
0.072065117
0.077344722
0.072336718
0.076606616
0.081632949
-0.071642281
-0.071632639
-0.063269623
-0.062873726
-0.067857375
-0.063355091
-0.062955371
0.067865844
0.062896708
0.063363295
0.067867831
0.062914376
0.071597313
-0.052957772
-0.05722945
-0.052934579
-0.042686566
-0.047406404
-0.042840387
-0.048382648
-0.042715131
-0.047380741
-0.042912622
-0.032494444
-0.038042541
-0.032535772
-0.037813692
-0.032515125
-0.03812051
-0.032572225
0.037766075
0.032561051
0.038053421
0.032492936
0.037749601
0.03254155
0.038027021
0.04823232
0.042838648
0.047265579
0.042639449
0.048335791
0.042827537
0.04736491
0.05716565
0.052909069
0.057173595
-0.032399663
-0.037115488
-0.032445359
-0.022748795
-0.021787721
-0.027795356
-0.022807945
-0.02187809
-0.012308724
-0.01715491
-0.012363424
-0.017402806
-0.012308245
-0.017187494
-0.012355916
-0.0023888549
-0.0074266221
-0.0024751495
-0.0075361388
-0.0023895604
-0.0074303387
-0.0024780364
0.0075387364
0.002476527
0.0074241944
0.0023906661
0.0075403752
0.0024772023
0.0074268658
0.01745609
0.012362229
0.017229945
0.012329892
0.017485833
0.012362822
0.017270554
0.027853137
0.021964466
0.023009508
0.027906211
0.022095053
0.037049206
0.032395271
0.037028783
-0.037089774
-0.032434126
-0.037087998
-0.032415911
-0.021871177
-0.027881539
-0.022886614
-0.021895449
-0.027850786
-0.022884028
-0.01237354
-0.017412101
-0.012319425
-0.01719496
-0.012384003
-0.017425763
-0.012324129
-0.0024807497
-0.0075421856
-0.0023940929
-0.0074284197
-0.0024777954
-0.0075403559
-0.0023918068
0.0074244909
0.0023863176
0.0075370183
0.0024745831
0.0074280423
0.0023883299
0.0075386539
0.017199965
0.012322009
0.0174473
0.012363204
0.017197743
0.012322525
0.017445876
0.022945119
0.027865864
0.021964034
0.022943414
0.027859676
0.032391114
0.037061807
0.032392782
0.037067244
-0.057233448
-0.052832599
-0.057229785
-0.052863997
-0.042894803
-0.048231014
-0.042657535
-0.04731405
-0.042897839
-0.048274871
-0.042670202
-0.032572831
-0.037791114
-0.032511966
-0.038112825
-0.032568578
-0.037799446
-0.032515356
0.038075587
0.032506545
0.037781948
0.032550833
0.038076602
0.032506209
0.037784553
0.047361045
0.042670151
0.048326859
0.042878671
0.047378309
0.042678957
0.048352334
0.052883835
0.057180601
0.05290926
0.057178718
-0.071588749
-0.071576281
-0.062844804
-0.06776007
-0.063239562
-0.062863685
-0.067769364
-0.063252747
0.063320709
0.067828109
0.062871952
0.063316532
0.067832158
0.071614929
0.071596861
-0.08163921
-0.081617509
-0.072304531
-0.077336168
-0.072039471
-0.076559364
-0.072288246
-0.077318945
-0.072029313
0.076666499
0.072089136
0.077399678
0.072343418
0.076637873
0.072078855
0.077381028
0.081691217
0.081677957
-0.083066009
-0.088172663
-0.083595009
-0.082993123
-0.088116165
-0.08353888
0.083580491
0.088155996
0.08295072
0.083476747
0.088076899
-0.092333394
-0.093157873
-0.092336721
-0.093177883
0.09317476
0.09232617
0.093186677
-0.093705467
-0.098213296
-0.093000558
-0.097675871
-0.09372539
-0.098227065
-0.093013026
0.097669701
0.093004359
0.098220531
0.093731249
0.097680221
0.093008111
0.098219989
-0.10215383
-0.10260572
-0.10215245
-0.10261005
-0.092873939
-0.097782823
-0.092753868
-0.098353047
-0.092881357
-0.097786448
-0.092757546
0.098344063
0.092748094
0.097778674
0.092873577
0.098341884
0.092750022
0.097782862
0.10260758
0.10214033
0.10261887
-0.10319738
-0.1064809
-0.10285509
-0.1031994
-0.10648289
-0.10285676
0.10283459
0.10644853
0.10314375
0.10282412
0.10643488
-0.10206399
-0.10684175
-0.10192199
-0.10645643
-0.10206557
-0.10684123
-0.10192298
0.10644438
0.10191872
0.10683866
0.1020492
0.10643907
0.10191738
0.10683743
-0.10209167
-0.10739322
-0.10222977
-0.10719865
-0.10209292
-0.10739456
-0.10223151
0.10719718
0.10223154
0.10739463
0.10209095
0.10719716
0.10223115
0.1073938
-0.10222871
-0.10719522
-0.10208973
-0.10739333
-0.10223069
-0.10719796
-0.10209173
0.1073936
0.10209327
0.10719868
0.10223159
0.10739397
0.10209289
0.10719814
-0.10192089
-0.10644956
-0.10206263
-0.10684003
-0.10192095
-0.10644471
-0.10205922
0.10684079
0.10206367
0.1064523
0.10192219
0.10684058
0.10206052
0.10645037
-0.10286377
-0.10320977
-0.10646926
-0.10285377
-0.10318441
0.1064702
0.10319882
0.10284824
0.1064714
0.10318324
-0.10263222
-0.10214871
-0.10260426
-0.10214928
-0.092754802
-0.098340308
-0.092868133
-0.097779201
-0.092748499
-0.098340251
-0.092865954
0.09778328
0.092871755
0.098336227
0.09275497
0.097786014
0.092877922
0.098350856
0.1021384
0.10261645
0.10214597
-0.092992129
-0.097643294
-0.093687319
-0.09821779
-0.0929978
-0.097680172
-0.09372462
0.098217369
0.093735234
0.09768738
0.093016414
0.098241942
0.093749564
0.097705721
-0.093132901
-0.092326433
-0.093186792
-0.09232923
0.092319348
0.093206718
0.092317719
-0.083547604
-0.083017226
-0.088188788
-0.083619507
-0.083107264
0.088077265
0.082974127
0.083581933
0.088155779
0.083065423
-0.081683808
-0.081699622
-0.072086588
-0.076651706
-0.072365687
-0.077398018
-0.072090549
-0.076659901
-0.072362424
0.077371064
0.072345954
0.076635855
0.072076961
0.077383269
0.07235947
0.076658979
0.08167659
-0.071627007
-0.071624531
-0.063304784
-0.062870492
-0.067837634
-0.063300454
-0.062890443
0.067872093
0.062917773
0.063270479
0.067809191
0.062838233
0.071619496
-0.052975001
-0.057214113
-0.052918554
-0.042733624
-0.047444583
-0.042937855
-0.048364892
-0.042704139
-0.047370836
-0.042897225
-0.032526488
-0.038144029
-0.032585624
-0.037811588
-0.032521552
-0.038109606
-0.032575478
0.037729918
0.032528461
0.037975531
0.032490667
0.037742359
0.032547548
0.038010889
0.048321787
0.042776062
0.047338819
0.042617961
0.048252632
0.042797016
0.047270773
0.057172156
0.052840113
0.057179102
-0.03244362
-0.037091409
-0.032430152
-0.022922764
-0.021976963
-0.027866391
-0.022907414
-0.021947802
-0.012312958
-0.017198734
-0.012353317
-0.017435483
-0.012316217
-0.01720543
-0.012361771
-0.0023898606
-0.0074294686
-0.0024782777
-0.0075352513
-0.0023882127
-0.0074250889
-0.0024754117
0.0075378651
0.0024727493
0.0074226982
0.0023903313
0.0075376091
0.0024748902
0.0074235072
0.017462075
0.012352848
0.017224946
0.012318518
0.017424057
0.012361947
0.01719003
0.027887003
0.022025111
0.022840188
0.027825536
0.021868704
0.036972715
0.032439221
0.037012956
-0.037083269
-0.032395252
-0.037137798
-0.032417125
-0.021888851
-0.027809308
-0.022865557
-0.021943861
-0.027838292
-0.02290564
-0.012369002
-0.017421345
-0.012319666
-0.017196769
-0.012361637
-0.017433583
-0.012318562
-0.0024778297
-0.0075385923
-0.0023909302
-0.0074230986
-0.0024744507
-0.0075364769
-0.0023894038
0.0074274319
0.0023884184
0.0075380149
0.0024721451
0.0074201796
0.0023878978
0.0075347028
0.017217662
0.012321347
0.017443953
0.012360534
0.017194846
0.012316019
0.017426832
0.022916322
0.027846551
0.021933709
0.022863159
0.027812948
0.032411436
0.037052656
0.032410247
0.037018282
-0.057219505
-0.05288256
-0.057206441
-0.052858431
-0.042898708
-0.048299252
-0.042680217
-0.04730942
-0.042927377
-0.04828168
-0.042694187
-0.032561766
-0.037804458
-0.032517077
-0.038153254
-0.032579211
-0.03782392
-0.032526799
0.038052246
0.03250443
0.03777592
0.032549854
0.038024692
0.032507628
0.037772074
0.047364223
0.042670282
0.048347936
0.042826307
0.047363774
0.042663496
0.048348798
0.05291576
0.05719424
0.052918581
0.05724004
-0.071586403
-0.07159646
-0.062760638
-0.067717379
-0.063151704
-0.062720744
-0.067670841
-0.063123457
0.063316535
0.067820024
0.062889317
0.063294465
0.067807873
0.071616212
0.071636114
-0.081650194
-0.081669725
-0.072306261
-0.07734919
-0.072037828
-0.076638271
-0.072320926
-0.077369835
-0.072048419
0.076652382
0.07208188
0.077388672
0.07237121
0.076684895
0.072091672
0.077413138
0.081681973
0.081711567
-0.082971106
-0.088111374
-0.083513564
-0.08294311
-0.088090821
-0.083490318
0.083456731
0.088034268
0.08306124
0.083574406
0.088158726
-0.092352301
-0.093249881
-0.092362861
-0.093226449
0.093203071
0.092356883
0.093242755
-0.093779668
-0.098280053
-0.093038439
-0.097708468
-0.093759805
-0.098269442
-0.093033721
0.097704769
0.093020714
0.098249804
0.093776113
0.097720363
0.0930261
0.098241545
-0.10217181
-0.10259795
-0.10217437
-0.10259651
-0.092893972
-0.097787466
-0.092761153
-0.098371603
-0.092892362
-0.097787041
-0.092761844
0.098359374
0.092754756
0.097791892
0.092882412
0.098354146
0.092754853
0.097787151
0.10263246
0.10215204
0.10261537
-0.10319292
-0.10648132
-0.10285707
-0.10320212
-0.10647445
-0.10285481
0.10284996
0.1064645
0.10319116
0.10285662
0.1064763
-0.10206665
-0.10684086
-0.1019236
-0.10646111
-0.10206771
-0.10684101
-0.10192455
0.10644231
0.10191916
0.10684013
0.10205701
0.10644238
0.10192111
0.10684216
-0.10209367
-0.1073948
-0.10223222
-0.10719904
-0.10209414
-0.10739478
-0.10223259
0.107197
0.10223129
0.10739392
0.10209207
0.10719768
0.10223177
0.10739441
-0.10223146
-0.10719904
-0.10209259
-0.10739419
-0.10223201
-0.10719837
-0.10209291
0.10739483
0.10209283
0.107198
0.10223208
0.10739437
0.10209335
0.10719844
-0.10192079
-0.10645188
-0.10206131
-0.10684073
-0.10192232
-0.10645187
-0.10206266
0.10684035
0.10205925
0.10644597
0.10192387
0.10684187
0.10206488
0.10645189
-0.10285544
-0.10319013
-0.1064797
-0.10285871
-0.10319683
0.10647132
0.10317627
0.10286333
0.10648492
0.10320688
-0.10259573
-0.10212225
-0.10260257
-0.10212682
-0.092744304
-0.098315917
-0.092858276
-0.097775729
-0.092746917
-0.098328545
-0.092863236
0.097785732
0.092877745
0.098351652
0.092755219
0.09778661
0.092877216
0.098353618
0.10215331
0.1026119
0.10215554
-0.092989273
-0.097678107
-0.093725032
-0.098201796
-0.092994218
-0.097662765
-0.093711964
0.098235145
0.093724325
0.097679132
0.093009487
0.098231685
0.093720498
0.097665021
-0.093185795
-0.092322511
-0.093167908
-0.092340008
0.092312565
0.093171904
0.09233241
-0.083626015
-0.083100281
-0.088229984
-0.083659095
-0.083135296
0.088154021
0.083085823
0.083624424
0.088195982
0.083100669
-0.081684525
-0.081680203
-0.072084411
-0.076639105
-0.0723415
-0.077384126
-0.072081353
-0.076626316
-0.072330451
0.077379053
0.072351164
0.076645393
0.072066428
0.077381789
0.072339196
0.07664541
0.081677899
-0.071599843
-0.071588537
-0.063256898
-0.062843608
-0.067812699
-0.063299237
-0.062874164
0.067729949
0.062737647
0.063088716
0.067666034
0.062675235
0.07162212
-0.052913981
-0.057197957
-0.052897608
-0.042681429
-0.047349782
-0.042857091
-0.048324948
-0.042680478
-0.047333224
-0.042885469
-0.032511575
-0.038068053
-0.0325616
-0.037797375
-0.03250696
-0.038107013
-0.032560951
0.037774446
0.032569725
0.03807767
0.032518563
0.03779841
0.032583724
0.03811923
0.048298375
0.042856059
0.047322804
0.04266595
0.048280572
0.042882852
0.047297755
0.05716991
0.052857286
0.05718486
-0.032424396
-0.037088373
-0.032422058
-0.022868617
-0.02194108
-0.027806748
-0.02284343
-0.021919858
-0.012312576
-0.017221209
-0.012358038
-0.017416339
-0.012303909
-0.017204317
-0.012343117
-0.0023858583
-0.0074203054
-0.0024726639
-0.0075285023
-0.0023844195
-0.0074169035
-0.0024727251
0.0075413105
0.0024801025
0.0074309841
0.0023954596
0.0075433998
0.0024831442
0.0074345905
0.017430271
0.012374078
0.017221767
0.012323092
0.017434733
0.012369018
0.017186751
0.027818683
0.021904501
0.022920342
0.027881509
0.021938666
0.03708033
0.032451959
0.03712272
-0.037132546
-0.032438134
-0.037072043
-0.032426431
-0.021929973
-0.027840263
-0.022872083
-0.021972716
-0.027820478
-0.022879955
-0.012365234
-0.017438822
-0.012320171
-0.01724095
-0.012359722
-0.017447915
-0.012320091
-0.0024748534
-0.0075363064
-0.0023888495
-0.0074210148
-0.0024743126
-0.0075351872
-0.002387948
0.0074230503
0.0023892741
0.0075353522
0.0024777047
0.0074279234
0.0023910104
0.0075385194
0.017185194
0.012313819
0.017427685
0.012356493
0.017202707
0.012318295
0.017436875
0.022888258
0.027875993
0.021950285
0.022902911
0.027916156
0.032459578
0.03710153
0.032504409
0.03714392
-0.057226482
-0.052879969
-0.057223266
-0.052957961
-0.042945578
-0.048316465
-0.04270936
-0.047417777
-0.042902752
-0.048398365
-0.042708353
-0.032587423
-0.037829147
-0.032530707
-0.038101862
-0.032573317
-0.0378103
-0.032523624
0.038113572
0.032528883
0.037807309
0.032619556
0.038168851
0.032546086
0.037836054
0.047331549
0.04268646
0.048314125
0.042938451
0.047335663
0.042707101
0.048317318
0.05289122
0.057252724
0.052894581
0.057231153
-0.07160372
-0.071642165
-0.062856114
-0.06778365
-0.063248356
-0.062918245
-0.067856579
-0.063324998
0.063320148
0.067835943
0.062939944
0.063354085
0.067837203
0.071627592
0.071593132
-0.081639117
-0.081640325
-0.072325366
-0.077359084
-0.072055064
-0.076632239
-0.072355242
-0.077362541
-0.072069838
0.076650064
0.072083008
0.077386213
0.072329745
0.076611435
0.072069461
0.077364926
0.081681737
0.081662045
-0.08298702
-0.0881207
-0.083527453
-0.083044543
-0.088153367
-0.083578149
0.083573109
0.088155888
0.082992442
0.083528239
0.08811199
-0.092344974
-0.093175064
-0.092334563
-0.093184141
0.09321778
0.092342293
0.093189214
-0.093722406
-0.098235019
-0.093016123
-0.097676986
-0.093727238
-0.098232991
-0.093011203
0.097706917
0.093020893
0.098241149
0.09373188
0.097678328
0.093012772
0.098240269
-0.10215555
-0.1026107
-0.1021523
-0.10261826
-0.092884201
-0.097789934
-0.092761551
-0.098352196
-0.092879563
-0.097791442
-0.092760527
0.09835305
0.09275248
0.097781393
0.092875414
0.098353088
0.092749091
0.097775013
0.1026048
0.10215862
0.10258832
-0.10321735
-0.10648949
-0.10286294
-0.10322352
-0.10649446
-0.1028727
0.10285204
0.1064802
0.10319647
0.10286325
0.10649717
-0.10207018
-0.10684355
-0.10192608
-0.10646398
-0.10207319
-0.1068427
-0.10192646
0.10645102
0.10192204
0.10684232
0.10206595
0.1064549
0.10192302
0.10684266
-0.10209472
-0.10739493
-0.10223284
-0.10719934
-0.10209484
-0.10739471
-0.10223289
0.10719768
0.10223226
0.10739515
0.10209319
0.10719898
0.10223209
0.10739403
-0.10223237
-0.10719731
-0.10209284
-0.10739461
-0.10223248
-0.10719748
-0.10209296
0.10739452
0.10209356
0.10719805
0.10223249
0.10739472
0.10209411
0.10719936
-0.10192365
-0.10644817
-0.10206332
-0.10684235
-0.10192361
-0.10644829
-0.10206383
0.10684195
0.10207089
0.10646329
0.10192453
0.10684124
0.10206893
0.10645814
-0.10286973
-0.10321194
-0.10648988
-0.10286573
-0.10320117
0.10648932
0.1032282
0.10286169
0.10648128
0.10319839
-0.10261534
-0.10214531
-0.10262561
-0.10215348
-0.092752243
-0.098341187
-0.092872184
-0.097789718
-0.092755861
-0.098350537
-0.092879005
0.097786567
0.092874712
0.098348038
0.092750207
0.097777573
0.092868427
0.098333641
0.10215158
0.10259759
0.10213621
-0.093008552
-0.097695717
-0.093746019
-0.098240333
-0.093018687
-0.097708167
-0.093757397
0.098230558
0.093729579
0.097688224
0.093004092
0.098214251
0.093743181
0.097693897
-0.093208642
-0.092330857
-0.093217746
-0.092317772
0.092335431
0.093202155
0.092311729
-0.083646108
-0.083119631
-0.088146399
-0.083593411
-0.083049863
0.088187884
0.0830921
0.083531989
0.088093126
0.083000698
-0.081673371
-0.081650449
-0.072084445
-0.076647228
-0.072347508
-0.077359962
-0.072076902
-0.07660972
-0.072335621
0.077364997
0.072332477
0.076620644
0.072057689
0.077360105
0.072327457
0.076617259
0.081658329
-0.071602071
-0.071601478
-0.063368417
-0.062944372
-0.067818491
-0.06331191
-0.062884927
0.067720668
0.062776191
0.063306484
0.067830841
0.062932754
0.071606166
-0.052860257
-0.057219015
-0.052919672
-0.042668746
-0.047290958
-0.042882134
-0.048346377
-0.0426625
-0.04736033
-0.042843719
-0.032499
-0.03809975
-0.032547057
-0.037770745
-0.032492817
-0.038048305
-0.032542026
0.037807971
0.03257792
0.038132236
0.032514548
0.037812289
0.03256202
0.03812771
0.048256975
0.042896143
0.047286665
0.042703243
0.048360983
0.042927629
0.047387761
0.057229382
0.052917958
0.057241436
-0.03239042
-0.037040319
-0.032405798
-0.022821009
-0.021880053
-0.027801814
-0.022830302
-0.021885101
-0.012302226
-0.017179432
-0.012349339
-0.017397194
-0.012303054
-0.017166905
-0.012356089
-0.002383939
-0.0074193925
-0.0024724778
-0.0075290862
-0.0023836814
-0.0074208808
-0.0024712742
0.0075429488
0.0024830273
0.0074331845
0.0023962579
0.0075430638
0.0024845732
0.0074351388
0.017434991
0.012363232
0.017177762
0.012318532
0.017424823
0.012361572
0.017209609
0.027883172
0.02194708
0.022843367
0.027772693
0.021915647
0.037129516
0.032397615
0.03710527
-0.037063933
-0.032425146
-0.037077241
-0.032454716
-0.021997456
-0.027863832
-0.022934251
-0.021961698
-0.027915402
-0.022958843
-0.012355264
-0.01745653
-0.012319793
-0.017186122
-0.012353634
-0.017445756
-0.012318119
-0.0024721358
-0.0075341192
-0.0023869341
-0.0074219317
-0.0024737776
-0.0075352399
-0.0023874703
0.0074291928
0.0023921291
0.0075411009
0.0024797398
0.0074291573
0.0023927095
0.0075416828
0.017232965
0.01232644
0.017444047
0.012379821
0.017235271
0.012328162
0.017445585
0.022880689
0.027840324
0.021948955
0.022879208
0.027810912
0.032437128
0.037134901
0.032401512
0.037114245
-0.057201199
-0.052945886
-0.057212371
-0.052916458
-0.042869584
-0.048398652
-0.04269495
-0.04735466
-0.042866732
-0.048344529
-0.042681174
-0.032566493
-0.037792706
-0.032517693
-0.038072138
-0.032573723
-0.037786083
-0.032514968
0.038172529
0.032541511
0.037838824
0.032575033
0.038147298
0.032530067
0.037826674
0.047307485
0.042705181
0.04828432
0.042922348
0.047320042
0.042698544
0.048299184
0.05285823
0.057214928
0.052867626
0.057183904
-0.071662415
-0.071646213
-0.062824642
-0.067809055
-0.06324585
-0.062720258
-0.067704214
-0.063117903
0.063372921
0.067867742
0.062909971
0.063355725
0.067856755
0.071593298
0.071607242
-0.081689435
-0.081702676
-0.072375108
-0.077401526
-0.072084963
-0.0766766
-0.07235933
-0.077411757
-0.072082631
0.076631308
0.072068239
0.077374023
0.072339327
0.076621177
0.072064598
0.077357333
0.08166795
0.081651445
-0.083077659
-0.088166668
-0.083597458
-0.083084031
-0.088144695
-0.083592674
0.083511499
0.088111078
0.082994462
0.083531253
0.088115919
-0.09233139
-0.093177604
-0.09231236
-0.093161187
0.093161525
0.092346102
0.09319253
-0.093721627
-0.098217098
-0.093004331
-0.097673515
-0.093711524
-0.098236551
-0.093006314
0.097668419
0.092997961
0.098207259
0.09372867
0.097683304
0.09299782
0.09821052
-0.10214161
-0.10260635
-0.10215406
-0.1026217
-0.092875158
-0.097787452
-0.09275902
-0.098353665
-0.092877679
-0.097792874
-0.092759923
0.098332776
0.092746894
0.097771317
0.092864583
0.098331417
0.092749343
0.097784558
0.10258144
0.10213195
0.10262522
-0.10321982
-0.10648951
-0.10287266
-0.10322707
-0.10650552
-0.10288308
0.10286743
0.10649873
0.10319708
0.10286249
0.10648027
-0.10207395
-0.10684243
-0.10192685
-0.10645738
-0.10207324
-0.10684471
-0.10192755
0.10645353
0.10192329
0.10684162
0.10206544
0.10645264
0.10192334
0.10684053
-0.10209481
-0.10739516
-0.10223318
-0.10719907
-0.10209494
-0.10739481
-0.10223306
0.10719945
0.10223207
0.10739381
0.10209333
0.10719844
0.10223236
0.10739455
-0.10223274
-0.107198
-0.10209319
-0.10739523
-0.10223273
-0.10719787
-0.10209302
0.10739432
0.10209434
0.10719948
0.10223271
0.10739486
0.10209397
0.10719811
-0.10192341
-0.10644928
-0.10206376
-0.10684192
-0.10192296
-0.10645321
-0.10206313
0.10684388
0.10206946
0.10645548
0.10192611
0.1068442
0.1020707
0.10645813
-0.10286183
-0.10320072
-0.10648567
-0.10285382
-0.10319712
0.10649815
0.10321106
0.10287051
0.10650698
0.10321831
-0.10260104
-0.10214926
-0.10260309
-0.10213846
-0.09275494
-0.098355279
-0.0928803
-0.097781843
-0.092753966
-0.098344623
-0.092876584
0.097774638
0.092864328
0.098335383
0.092745822
0.097776976
0.092857489
0.098327417
0.10213841
0.10260562
0.10212142
-0.093018895
-0.097685408
-0.093742835
-0.098224806
-0.093009786
-0.097675534
-0.093720667
0.098221653
0.093718578
0.097667092
0.092983608
0.098203632
0.093683377
0.097644253
-0.093200548
-0.092330303
-0.09317032
-0.092323514
0.092295554
0.093135196
0.092316486
-0.08367988
-0.083154685
-0.088198079
-0.083644492
-0.083111946
0.088070404
0.083005858
0.083604718
0.08817206
0.083091574
-0.081646852
-0.081641717
-0.07208225
-0.076630725
-0.072350892
-0.077366515
-0.072083325
-0.07665075
-0.072369966
0.077377044
0.072332603
0.076638082
0.072068187
0.077384801
0.072353668
0.076662053
0.081674801
-0.071618956
-0.071637285
-0.063361672
-0.062938955
-0.06783712
-0.063345085
-0.062935773
0.06772456
0.062769372
0.063053527
0.067634174
0.06265623
0.071632
-0.052902065
-0.057234599
-0.052902642
-0.042655281
-0.04732821
-0.042837207
-0.048316249
-0.042661365
-0.047326137
-0.042848054
-0.032494391
-0.038045545
-0.032550759
-0.037774746
-0.03249824
-0.038061181
-0.032552748
0.037799495
0.032556056
0.038104135
0.032500786
0.037771126
0.032550645
0.038047425
0.048368772
0.042902309
0.047385361
0.042650782
0.048276591
0.042848008
0.047308248
0.057202492
0.052848775
0.057197978
-0.032432139
-0.037048807
-0.032415299
-0.022844935
-0.021877153
-0.027835915
-0.022856708
-0.021868334
-0.012301743
-0.017157894
-0.012348609
-0.017401543
-0.012305413
-0.017161284
-0.012357564
-0.0023850293
-0.0074237455
-0.0024743496
-0.0075308777
-0.0023858657
-0.0074240676
-0.0024765733
0.0075429745
0.0024823668
0.0074342239
0.0023932833
0.007542213
0.0024763315
0.0074310997
0.017425148
0.012371552
0.017214139
0.012321437
0.017424172
0.012372695
0.017196364
0.027796648
0.021918587
0.022874181
0.027839057
0.021910835
0.037072795
0.032414629
0.03702822
-0.037042569
-0.032405048
-0.037018525
-0.032379743
-0.021930195
-0.027868343
-0.022939495
-0.021908107
-0.027815447
-0.022894844
-0.012360242
-0.017437865
-0.012318665
-0.017185326
-0.012365292
-0.017430642
-0.012319385
-0.0024745645
-0.0075364951
-0.002388342
-0.0074281663
-0.0024768649
-0.0075388694
-0.0023901915
0.0074293449
0.0023922453
0.0075403948
0.0024768631
0.007427534
0.0023900417
0.0075373042
0.0172239
0.012323571
0.017444258
0.012346636
0.017192333
0.012313098
0.017433326
0.022900105
0.02781702
0.021968323
0.022913694
0.027866773
0.032391079
0.037075491
0.032427591
0.037105575
-0.05724884
-0.052953014
-0.05727855
-0.052961307
-0.042851791
-0.048391635
-0.042678482
-0.04740034
-0.042829033
-0.048386181
-0.042668636
-0.032548073
-0.037772417
-0.032503563
-0.038019715
-0.032533168
-0.037765449
-0.032496562
0.038102159
0.032522379
0.037811625
0.032578469
0.038131271
0.032523858
0.037814076
0.047370047
0.042696237
0.048362116
0.042915674
0.047356297
0.042697957
0.048342464
0.052917152
0.057180133
0.05289987
0.057194614
-0.071631815
-0.071626694
-0.062715633
-0.067661293
-0.063081971
-0.062819856
-0.067716517
-0.063167751
0.063333943
0.067829577
0.062894887
0.063322963
0.067830415
0.071586139
0.071610477
-0.081684343
-0.081673002
-0.072347558
-0.077399754
-0.072074031
-0.07664898
-0.072342479
-0.077384112
-0.072068146
0.076590938
0.072057588
0.077339124
0.072345993
0.076635137
0.072069964
0.077367549
0.081642057
0.081661042
-0.083036738
-0.088118984
-0.083558527
-0.083011942
-0.088121814
-0.083543592
0.083537167
0.088118376
0.082969642
0.083506376
0.088104358
-0.092318269
-0.093152547
-0.092337329
-0.09319249
0.093171241
0.092346097
0.093153739
-0.093705968
-0.098235228
-0.09300622
-0.097688597
-0.093733171
-0.098235112
-0.093011648
0.097667645
0.092993924
0.098206928
0.093700628
0.097651164
0.09299675
0.098215773
-0.10215099
-0.10261333
-0.10215058
-0.10258986
-0.092877537
-0.097789196
-0.092758264
-0.098351371
-0.092877328
-0.097780761
-0.092755525
0.098331047
0.092750609
0.097787294
0.092867746
0.098338457
0.092750091
0.097782365
0.1026282
0.10213661
0.10261049
-0.10322738
-0.10650619
-0.10288336
-0.10321393
-0.10648894
-0.10286282
0.10286705
0.10648129
0.10322286
0.10287266
0.1064983
-0.10207306
-0.10684463
-0.10192723
-0.10645865
-0.10207014
-0.10684382
-0.10192619
0.10645475
0.10192405
0.10684149
0.10206779
0.10645535
0.10192462
0.1068436
-0.10209473
-0.10739485
-0.10223289
-0.1071986
-0.10209435
-0.10739472
-0.1022327
0.10719837
0.10223241
0.10739451
0.10209343
0.10719806
0.10223232
0.10739458
-0.10223226
-0.10719797
-0.10209255
-0.10739432
-0.10223198
-0.1071982
-0.10209206
0.10739533
0.1020936
0.10719765
0.10223244
0.10739426
0.10209378
0.10719861
-0.10192131
-0.10644799
-0.10205895
-0.10683899
-0.10191891
-0.10644115
-0.10205297
0.10684375
0.10206839
0.10645587
0.10192461
0.10684267
0.10206713
0.10645652
-0.10284423
-0.10317396
-0.10644517
-0.10282951
-0.10314459
0.10649473
0.1032026
0.1028641
0.10648584
0.10320035
-0.10262192
-0.1021502
-0.10262119
-0.10216873
-0.092755522
-0.098351656
-0.092880463
-0.097790265
-0.092756999
-0.098368873
-0.092886603
0.097775465
0.092852165
0.09831209
0.092746337
0.097777147
0.092860827
0.09832892
0.10211543
0.10260661
0.10213555
-0.093016552
-0.097693721
-0.093741648
-0.098261401
-0.093024369
-0.097698608
-0.093746218
0.098173038
0.09367919
0.097637126
0.092990214
0.098200619
0.093710254
0.097661583
-0.093196331
-0.092323265
-0.093201863
-0.092325544
0.092354051
0.093171996
0.092344139
-0.083627254
-0.083101597
-0.08811935
-0.08355799
-0.083028242
0.088194134
0.083067105
0.083598252
0.088181863
0.083058187
-0.081647473
-0.081652061
-0.072071703
-0.076614414
-0.072338694
-0.07735404
-0.072067467
-0.076614451
-0.072337103
0.077370243
0.072363953
0.076656384
0.072066948
0.077363117
0.072339591
0.076623963
0.081653267
-0.071605207
-0.071595904
-0.06328604
-0.062878187
-0.067801637
-0.063293441
-0.06285973
0.067696952
0.062744431
0.063234599
0.067783522
0.062829323
0.071614022
-0.05292147
-0.05719564
-0.052903808
-0.042682353
-0.047362806
-0.042898927
-0.048336954
-0.042662295
-0.047360381
-0.042858452
-0.03250452
-0.038100131
-0.032568934
-0.037771613
-0.032499472
-0.03806329
-0.032564178
0.037769404
0.032557531
0.038058271
0.032510405
0.037782808
0.032566857
0.03808627
0.048231944
0.042845119
0.047263768
0.042663159
0.04832072
0.04286749
0.047346392
0.057217356
0.052898073
0.057209121
-0.032445465
-0.037061694
-0.032451988
-0.022849301
-0.021882825
-0.027845492
-0.022852373
-0.021930669
-0.012306621
-0.017173817
-0.012357307
-0.01741985
-0.012307363
-0.017211809
-0.012351148
-0.0023827533
-0.0074194828
-0.0024677442
-0.0075303008
-0.0023822385
-0.0074204946
-0.0024665733
0.0075446321
0.0024820932
0.007437687
0.0023973884
0.0075462823
0.0024845577
0.0074388302
0.017415357
0.012371887
0.01717314
0.012323864
0.017436623
0.012366285
0.017179507
0.027835195
0.021854039
0.02293596
0.027889684
0.021946248
0.037043243
0.032424706
0.037075684
-0.037091898
-0.03240819
-0.037124189
-0.032411964
-0.021952856
-0.027818771
-0.022900931
-0.021975728
-0.027841493
-0.022934955
-0.012355817
-0.0174394
-0.012319265
-0.017208147
-0.012359387
-0.01744733
-0.012322906
-0.0024780126
-0.0075410587
-0.0023915148
-0.0074347299
-0.0024791847
-0.0075432382
-0.0023925049
0.0074281832
0.0023890763
0.0075360832
0.0024792955
0.0074296926
0.0023897492
0.0075365766
0.017168706
0.012308866
0.017419694
0.01234867
0.017178179
0.012308621
0.017412121
0.022898901
0.027884225
0.021897062
0.022848337
0.027812961
0.032451631
0.037079323
0.032425322
0.037041258
-0.057249242
-0.05289841
-0.057221822
-0.052846537
-0.042873623
-0.04831979
-0.042671531
-0.047297687
-0.042895128
-0.048263778
-0.042667454
-0.032553576
-0.037784869
-0.032504956
-0.038110356
-0.032564529
-0.037794799
-0.032512959
0.038091357
0.032516784
0.037793296
0.032555917
0.038040794
0.032504128
0.037770475
0.047325667
0.042672524
0.048309601
0.042823155
0.047311568
0.042651414
0.048306018
0.052871619
0.057192974
0.052874752
0.057172673
-0.071620928
-0.071627313
-0.062793271
-0.067713352
-0.063169216
-0.062845088
-0.067774346
-0.063242493
0.063331174
0.067833964
0.062868676
0.063307961
0.067827118
0.071624929
0.071614835
-0.08167793
-0.081688191
-0.072348867
-0.077387768
-0.072071083
-0.07665645
-0.072354595
-0.077392194
-0.072075713
0.076676726
0.072081957
0.077390765
0.072355668
0.076662572
0.072081461
0.077393655
0.081669809
0.081687364
-0.083010591
-0.088112806
-0.083542534
-0.083093278
-0.088184699
-0.083600803
0.083502769
0.088087294
0.0830062
0.083524314
0.088104704
-0.092331437
-0.093229245
-0.092333364
-0.093183847
0.093188103
0.092331073
0.093180646
-0.093763516
-0.098233135
-0.093015166
-0.09767985
-0.093725648
-0.098211612
-0.093002263
0.097681934
0.093010857
0.098255531
0.093723309
0.097678278
0.09300309
0.098216729
-0.10214837
-0.1026016
-0.10213506
-0.10261952
-0.092875844
-0.097782548
-0.092754899
-0.098336643
-0.092870621
-0.097787002
-0.092754345
0.098361224
0.092748924
0.097776983
0.092869545
0.098338775
0.092746371
0.097771535
0.1025893
0.10213521
0.1025846
-0.10320545
-0.10648245
-0.10286408
-0.10321252
-0.10649841
-0.10287074
0.10286113
0.10648182
0.10317665
0.10284377
0.10646303
-0.10206935
-0.10684285
-0.10192585
-0.10646116
-0.10207174
-0.10684361
-0.10192641
0.10644811
0.10192308
0.10684117
0.10205908
0.10644692
0.10192231
0.10684074
-0.10209427
-0.10739471
-0.10223279
-0.10719814
-0.10209436
-0.10739528
-0.1022333
0.10719812
0.10223214
0.1073942
0.10209317
0.10719821
0.10223226
0.10739387
-0.10223204
-0.10719792
-0.10209206
-0.10739467
-0.10223258
-0.1071977
-0.10209271
0.10739406
0.10209386
0.10719893
0.10223283
0.10739498
0.10209404
0.10719822
-0.10191927
-0.10644635
-0.1020559
-0.10684082
-0.10192141
-0.10645278
-0.10206129
0.10684224
0.1020644
0.1064522
0.10192506
0.10684407
0.10206408
0.10644934
-0.10283757
-0.10316189
-0.1064764
-0.10285449
-0.10320243
0.10648275
0.10318941
0.1028613
0.1064997
0.10319892
-0.10262413
-0.102169
-0.10263365
-0.10215849
-0.0927577
-0.098366583
-0.092884876
-0.097796354
-0.092757983
-0.098363033
-0.092880026
0.097776123
0.092871301
0.098343614
0.092753686
0.097782971
0.092879527
0.098356846
0.1021436
0.10260222
0.10216305
-0.093017852
-0.097683907
-0.093726792
-0.098237249
-0.093005262
-0.097652562
-0.093694073
0.098227296
0.093744121
0.097687945
0.093017818
0.098245495
0.093748327
0.097693761
-0.093178759
-0.092322845
-0.093140088
-0.092330767
0.092335171
0.09321104
0.092326081
-0.083490916
-0.082949657
-0.088131085
-0.083558612
-0.083045082
0.088185478
0.083091249
0.083518329
0.088093455
0.082981366
-0.081658425
-0.081684077
-0.072072024
-0.076632934
-0.072350933
-0.077384508
-0.072081325
-0.076654267
-0.072362771
0.077374199
0.072348923
0.07663697
0.072081519
0.077380247
0.072372295
0.07666301
0.081669929
-0.071612302
-0.071630086
-0.063311736
-0.062876096
-0.067848395
-0.063335237
-0.062910524
0.067825952
0.062884146
0.063261465
0.067804517
0.062829059
0.071649698
-0.052865464
-0.057206769
-0.052865459
-0.04263015
-0.047310238
-0.042811132
-0.048271707
-0.042619642
-0.047285977
-0.042794002
-0.032489967
-0.038018283
-0.032551223
-0.037742833
-0.032487408
-0.038016658
-0.032547373
0.037781978
0.032564701
0.038066734
0.032508961
0.037788491
0.032561032
0.038094528
0.048324845
0.042874306
0.04735985
0.042668659
0.048283809
0.042888698
0.047325699
0.057210377
0.05286268
0.057202906
-0.032446724
-0.037040231
-0.03243797
-0.022848033
-0.021904612
-0.027828456
-0.022851149
-0.021886392
-0.012308903
-0.017196082
-0.012355866
-0.017410721
-0.012309943
-0.017177011
-0.012358643
-0.0023854445
-0.0074269789
-0.0024751309
-0.0075349358
-0.0023872241
-0.0074285273
-0.0024770451
0.0075465282
0.0024852926
0.0074370314
0.0023956529
0.0075470242
0.0024828921
0.0074377331
0.017449693
0.012361927
0.01717296
0.012332042
0.01746022
0.012376514
0.017217907
0.027925643
0.021975705
0.02297377
0.027879347
0.02199752
0.037067354
0.032406324
0.037095566
-0.037064814
-0.032405684
-0.037086771
-0.032416342
-0.021947801
-0.027884028
-0.022943846
-0.021933079
-0.027866199
-0.02291559
-0.012374432
-0.017446851
-0.012327684
-0.017193553
-0.012367809
-0.017439198
-0.012325316
-0.0024798069
-0.0075447084
-0.0023933387
-0.0074359472
-0.0024809465
-0.0075455371
-0.0023942472
0.0074289194
0.002389585
0.0075380681
0.0024787429
0.0074310804
0.0023901036
0.0075414794
0.017189608
0.012315117
0.017418544
0.012379336
0.017227433
0.012328116
0.017448552
0.022841183
0.027826115
0.021961252
0.022918129
0.027887018
0.032440347
0.037061367
0.032433542
0.03705284
-0.057215695
-0.052862447
-0.057208241
-0.052849278
-0.042872387
-0.048276142
-0.042662038
-0.047283291
-0.042899167
-0.04825922
-0.04267141
-0.03256564
-0.037793194
-0.032517431
-0.038126926
-0.03257874
-0.037809323
-0.032526199
0.038070092
0.032504831
0.037778112
0.032564397
0.03807717
0.032504894
0.037780516
0.047356679
0.042665769
0.048347998
0.042863503
0.047329566
0.042664064
0.04831726
0.052909142
0.057181847
0.052888986
0.057218552
-0.071632583
-0.071618329
-0.062900033
-0.067835634
-0.063312136
-0.062915996
-0.06783638
-0.063336537
0.063320984
0.067828638
0.062919204
0.063335172
0.067840006
0.071613337
0.071614003
-0.08167369
-0.081663481
-0.072356602
-0.077375819
-0.07207261
-0.076646109
-0.072353069
-0.077367499
-0.072068543
0.07663823
0.072076812
0.077382432
0.072348766
0.076637855
0.072077381
0.077376361
0.081683785
0.081671796
-0.083007193
-0.088106963
-0.083526393
-0.082847992
-0.087983739
-0.083402212
0.083502056
0.088074829
0.082998847
0.083529617
0.088104232
-0.092335336
-0.093155487
-0.092331661
-0.093177182
0.093186086
0.092336272
0.093193682
-0.093705123
-0.098219447
-0.093000953
-0.097676498
-0.093726111
-0.098235649
-0.093010564
0.09768239
0.093006984
0.098220991
0.093738036
0.09769288
0.093019205
0.098261649
-0.10215205
-0.10261913
-0.10215875
-0.10261577
-0.09287184
-0.097788425
-0.092754179
-0.098355271
-0.092876654
-0.097787741
-0.09275377
0.098340392
0.092748125
0.097777562
0.092878983
0.098365493
0.092750503
0.097786087
0.10259987
0.10216903
0.10261472
-0.10321626
-0.10650396
-0.10287166
-0.10319257
-0.10648141
-0.10285594
0.10285956
0.10647719
0.10321524
0.10286424
0.10649186
-0.10207001
-0.10684392
-0.10192608
-0.10645384
-0.10206589
-0.10684235
-0.10192555
0.10645141
0.10192248
0.10684035
0.10206529
0.10645618
0.10192394
0.10684094
-0.10209468
-0.10739509
-0.10223358
-0.10719888
-0.10209571
-0.10739505
-0.10223486
0.10719816
0.10223284
0.10739442
0.10209488
0.10719835
0.10223439
0.10739467
-0.10223307
-0.10719806
-0.10209348
-0.10739492
-0.10223481
-0.10719864
-0.10209575
0.10739435
0.10209455
0.10719877
0.10223474
0.10739471
0.1020962
0.1071989
-0.10192273
-0.10645068
-0.10206237
-0.10684225
-0.10192584
-0.10645485
-0.10206614
0.10684312
0.10206483
0.10644865
0.10192732
0.10684245
0.10207155
0.10646131
-0.10285723
-0.10319798
-0.1064812
-0.10285314
-0.10319173
0.10649312
0.10319536
0.10286411
0.10648323
0.10321839
-0.10263569
-0.10214538
-0.10261109
-0.10214059
-0.092756845
-0.098345991
-0.092874735
-0.097787744
-0.092756574
-0.098349084
-0.092878539
0.097789037
0.092881266
0.098355716
0.092756847
0.097785483
0.092883588
0.09835781
0.10215549
0.10260027
0.10215322
-0.093000685
-0.097652837
-0.09369794
-0.098231405
-0.09301147
-0.09768517
-0.093733577
0.0982389
0.093739507
0.097683721
0.09302301
0.09824954
0.093748733
0.097695759
-0.093147641
-0.092326108
-0.093193599
-0.092325659
0.092327791
0.093207056
0.092336919
-0.083543888
-0.083025089
-0.08809639
-0.083514906
-0.082993185
0.088097845
0.082969129
0.083546421
0.088125579
0.083016263
-0.081679136
-0.081674332
-0.072079356
-0.076647269
-0.072359607
-0.07736381
-0.072071085
-0.076614925
-0.072340252
0.077362926
0.072372305
0.076637398
0.072079675
0.077368804
0.072368664
0.07664252
0.081660647
-0.071636723
-0.071615538
-0.063297981
-0.062880124
-0.067845554
-0.063327835
-0.06290984
0.067884156
0.062916833
0.063440559
0.06794621
0.063013322
0.07164916
-0.052885357
-0.05721489
-0.052876331
-0.042636105
-0.047311941
-0.042820248
-0.048294192
-0.042655702
-0.047316396
-0.042852392
-0.032493822
-0.038032731
-0.032554135
-0.037777469
-0.032505319
-0.038069462
-0.032563007
0.037786316
0.032549988
0.038099961
0.032483536
0.037757782
0.032525319
0.03802592
0.048295395
0.042902821
0.047333189
0.042652847
0.048319556
0.042832316
0.047339973
0.057197639
0.052893888
0.057205276
-0.032441591
-0.037063771
-0.032433976
-0.022861402
-0.021913068
-0.027840891
-0.02286647
-0.021935106
-0.012311331
-0.017187011
-0.012355728
-0.017428224
-0.01231552
-0.017202867
-0.012355399
-0.0023877032
-0.0074275247
-0.0024747737
-0.007538105
-0.0023890767
-0.0074293015
-0.002475832
0.0075439552
0.0024786888
0.0074326629
0.0023923382
0.0075414732
0.0024802146
0.0074342962
0.017445874
0.012375922
0.01722557
0.012319557
0.017429857
0.012366399
0.017206505
0.027812252
0.021945642
0.022875245
0.027798187
0.021920619
0.037099078
0.032383211
0.037017439
-0.037163833
-0.03244581
-0.037118718
-0.032455825
-0.021910607
-0.027854475
-0.02289336
-0.021956912
-0.02788158
-0.022938108
-0.012361378
-0.017434632
-0.012324656
-0.017212734
-0.012373099
-0.017458806
-0.01233538
-0.0024848009
-0.007547816
-0.0023963186
-0.0074431061
-0.0024867328
-0.0075522695
-0.0023979632
0.0074284024
0.0023889068
0.0075421536
0.0024741123
0.0074285508
0.0023889538
0.0075443573
0.017250325
0.012331862
0.017457676
0.012379205
0.017263003
0.012334957
0.017457252
0.022909926
0.027833173
0.021944837
0.022856337
0.027790534
0.032400315
0.037065444
0.032411098
0.037033937
-0.05722552
-0.052845288
-0.057197396
-0.052871467
-0.042926625
-0.048261628
-0.042682182
-0.047319773
-0.042883632
-0.048299952
-0.042671014
-0.032596576
-0.037823078
-0.032533662
-0.03811581
-0.032591035
-0.037801906
-0.032529352
0.038084787
0.03249861
0.037777272
0.03253976
0.038031965
0.032490879
0.037757255
0.047288526
0.042657106
0.048261699
0.042845585
0.047364703
0.042649154
0.048318779
0.052842196
0.05721968
0.052898855
0.057211889
-0.071611557
-0.071607482
-0.062916563
-0.067827263
-0.063314171
-0.062799261
-0.067752241
-0.063220587
0.063374916
0.067867653
0.062963188
0.063397035
0.067880785
0.071609325
0.071602635
-0.081668594
-0.081674129
-0.07234427
-0.077374063
-0.072069646
-0.076630256
-0.072336644
-0.07738033
-0.072079628
0.076628819
0.072078272
0.07736823
0.072346561
0.076616966
0.072087032
0.077358327
0.08164923
0.081632326
-0.082944534
-0.088059831
-0.083472021
-0.083034544
-0.088130524
-0.083555533
0.083582675
0.08816007
0.083008596
0.083547996
0.088113914
-0.092327341
-0.093227296
-0.092328657
-0.093186383
0.093214241
0.09231991
0.093199692
-0.093760319
-0.098257785
-0.093019418
-0.097675233
-0.093730474
-0.098225352
-0.09300893
0.097703944
0.093011904
0.098234516
0.093744349
0.097686161
0.093004164
0.09820168
-0.10215565
-0.10260878
-0.10215079
-0.10260491
-0.092878496
-0.097785358
-0.092751908
-0.098343892
-0.092873046
-0.097780519
-0.092751171
0.098348054
0.092746353
0.097780538
0.092864474
0.098324404
0.092744307
0.097771539
0.10261205
0.10212538
0.10259579
-0.10319688
-0.10646476
-0.10285798
-0.10318756
-0.10646696
-0.10285489
0.10283651
0.10645454
0.10316222
0.1028449
0.10646156
-0.10206566
-0.10684133
-0.10192694
-0.10645457
-0.10207686
-0.10684413
-0.10194232
0.10644592
0.10192523
0.1068401
0.10207172
0.1064459
0.10194044
0.10684222
-0.10209783
-0.10739518
-0.10223726
-0.10720027
-0.10211205
-0.10739743
-0.10225059
0.10719843
0.10223679
0.10739479
0.10211131
0.10720008
0.10224994
0.10739654
-0.10223766
-0.10719954
-0.1020992
-0.10739698
-0.102251
-0.10720214
-0.10211423
0.10739578
0.10209917
0.1071991
0.10225089
0.10739755
0.10211369
0.10720127
-0.10193036
-0.10646156
-0.1020737
-0.10684774
-0.10194669
-0.10645875
-0.10208531
0.10684596
0.10207529
0.10646139
0.10194615
0.1068469
0.10208277
0.10645642
-0.10286709
-0.10321727
-0.10650021
-0.10286862
-0.1032019
0.10649797
0.10323111
0.10286526
0.10649485
0.10319785
-0.10260633
-0.10218244
-0.10260267
-0.10216837
-0.092759001
-0.098383075
-0.092889212
-0.097786605
-0.092758797
-0.098361921
-0.092885058
0.097786131
0.092886204
0.098370387
0.092754434
0.097780817
0.092882051
0.098360875
0.10216733
0.10259565
0.10216351
-0.093029996
-0.097698267
-0.093751027
-0.098257598
-0.093028879
-0.097703399
-0.093757998
0.098268423
0.093767625
0.097714379
0.09302106
0.098248321
0.093746642
0.097703199
-0.093210568
-0.092330747
-0.09321107
-0.09232783
0.092324488
0.093199088
0.092315301
-0.083478494
-0.082946379
-0.088068921
-0.083501069
-0.08297246
0.088129455
0.083024623
0.083487426
0.088054886
0.082947152
-0.081672999
-0.081658834
-0.072073216
-0.076627002
-0.072348903
-0.077365672
-0.072085637
-0.076638885
-0.072362298
0.077367464
0.072355227
0.076637085
0.072073795
0.0773557
0.072342609
0.076618324
0.081652158
-0.071619563
-0.071628321
-0.063356918
-0.062936213
-0.067815358
-0.06330557
-0.062893405
0.06777662
0.062818605
0.063166446
0.067713339
0.062775222
0.071626108
-0.052888998
-0.057234503
-0.052899377
-0.042686733
-0.047334386
-0.042908182
-0.048324988
-0.04269611
-0.047344566
-0.042920061
-0.032517345
-0.038126494
-0.032573124
-0.037812714
-0.032522001
-0.03812796
-0.032570212
0.037753015
0.032511489
0.038005714
0.032489359
0.037775955
0.032524714
0.038054667
0.048369931
0.042825865
0.047382128
0.042687743
0.048379424
0.042883254
0.047390085
0.057210423
0.052945814
0.057233728
-0.032421782
-0.037101116
-0.032399462
-0.022912444
-0.021975834
-0.027866759
-0.022966017
-0.022017641
-0.012323739
-0.017222065
-0.012365044
-0.017467591
-0.01233001
-0.017236541
-0.012366699
-0.0023908271
-0.0074320307
-0.0024771877
-0.0075437747
-0.0023915874
-0.0074315633
-0.0024763352
0.0075374476
0.0024771801
0.0074292176
0.0023883939
0.0075357894
0.0024734082
0.0074232102
0.017419825
0.012350635
0.017210644
0.012310094
0.017405933
0.012347214
0.017153162
0.027780188
0.021929125
0.022815396
0.027770763
0.02182391
0.036984981
0.03236064
0.03700396
-0.037058384
-0.032444728
-0.037076314
-0.032478574
-0.022031636
-0.027899392
-0.022977275
-0.022010113
-0.027922468
-0.02305321
-0.012386045
-0.01749112
-0.012348904
-0.017243515
-0.012391058
-0.01750861
-0.012402755
-0.0024850184
-0.0075579582
-0.0023966242
-0.0074443198
-0.0024855863
-0.0075102621
-0.0024468099
0.0074381135
0.0023901275
0.0075527173
0.0024805722
0.0074434437
0.0024423308
0.0075080538
0.017267205
0.012345497
0.017475511
0.012397318
0.017237828
0.012401766
0.01749589
0.022899283
0.027820947
0.021985607
0.023002522
0.027879257
0.032408264
0.03700206
0.032439476
0.037082372
-0.057174702
-0.052878978
-0.05718941
-0.052989379
-0.04282647
-0.048311313
-0.042652976
-0.047369169
-0.042846049
-0.04836835
-0.042712495
-0.032577417
-0.037777216
-0.032521084
-0.038066014
-0.032595043
-0.037728188
-0.032576802
0.038006406
0.032492377
0.03775255
0.032574805
0.038092136
0.032563893
0.037732529
0.047347068
0.042643375
0.048312719
0.042889738
0.047336985
0.042718281
0.048320243
0.052884742
0.057183245
0.052938613
0.057176127
-0.071612567
-0.071639506
-0.062799832
-0.067781325
-0.063243103
-0.062820973
-0.06780487
-0.063334216
0.063355908
0.067840283
0.062832543
0.063362462
0.067811088
0.07161655
0.071609036
-0.081667838
-0.081679812
-0.072352154
-0.077389714
-0.072111643
-0.076668651
-0.072407812
-0.077436455
-0.072257331
0.076658871
0.072123054
0.077397326
0.072386591
0.076652261
0.072253176
0.077435887
0.081663224
0.081687598
-0.083031183
-0.088142492
-0.083567786
-0.083004666
-0.08811131
-0.083612993
0.083597461
0.088139246
0.083047193
0.083637087
0.088102819
-0.092344128
-0.093163244
-0.092347154
-0.093267391
0.093210449
0.092310321
0.093298241
-0.093717869
-0.098195373
-0.093011839
-0.097685655
-0.093776884
-0.098236962
-0.093130881
0.097696988
0.093019261
0.098200205
0.093812856
0.097729939
0.093125572
0.098193323
-0.102139
-0.10261616
-0.10216452
-0.10261879
-0.092884002
-0.097783047
-0.092766713
-0.098358652
-0.09299421
-0.097793262
-0.092871804
0.098320371
0.092761466
0.097778673
0.092979567
0.098315765
0.092864447
0.097782112
0.10261834
0.10211594
0.10261443
-0.10319561
-0.10649073
-0.10288282
-0.10321565
-0.10650496
-0.1029827
0.10287639
0.10649129
0.10320863
0.10298677
0.10652122
-0.10210864
-0.10685078
-0.10198075
-0.10647705
-0.10220717
-0.10686451
-0.1021528
0.10645872
0.10198113
0.1068502
0.10221691
0.10649041
0.10215707
0.10686834
-0.1021502
-0.10740126
-0.10228534
-0.10721732
-0.10231104
-0.10740989
-0.10243348
0.1072056
0.10228482
0.10740138
0.10231098
0.10721678
0.10243191
0.10740986
-0.10228622
-0.10720682
-0.10215247
-0.10741095
-0.1024351
-0.10721826
-0.10231512
0.10740167
0.10215217
0.1072068
0.10243373
0.10741029
0.10231567
0.10721999
-0.10198564
-0.10646063
-0.10211614
-0.10686815
-0.10216038
-0.1064797
-0.10221578
0.10685257
0.10211461
0.10646235
0.10216074
0.10687062
0.10221742
0.10648424
-0.10288573
-0.10319156
-0.10649535
-0.10298967
-0.10322309
0.1064937
0.10319551
0.10299808
0.10652538
0.10322857
-0.10261039
-0.10211626
-0.10262352
-0.10212379
-0.092770546
-0.098322089
-0.092886914
-0.097791882
-0.092873267
-0.098327126
-0.09298794
0.097772392
0.092886139
0.098335239
0.092867472
0.097782411
0.09298793
0.098344969
0.10215586
0.10260061
0.1021454
-0.093025238
-0.097709385
-0.093769493
-0.098202094
-0.093127433
-0.09768835
-0.093783471
0.098204793
0.093720534
0.097661287
0.093119736
0.098212228
0.09375194
0.097651364
-0.093221206
-0.092343974
-0.0932692
-0.092337296
0.092325119
0.093234742
0.092332388
-0.083518615
-0.082974676
-0.088094079
-0.083574716
-0.082959833
0.088091538
0.082981074
0.083710413
0.088197114
0.083127388
-0.081644893
-0.081649352
-0.072115875
-0.076639491
-0.072379061
-0.07740129
-0.072253804
-0.07662908
-0.072405201
0.077383137
0.072354421
0.076627532
0.072265111
0.077442706
0.072412065
0.076666072
0.081700052
-0.071638572
-0.07163874
-0.063337892
-0.062914364
-0.067913169
-0.063496767
-0.062985378
0.067732687
0.062786979
0.063231672
0.067719257
0.062737276
0.071647021
-0.052897627
-0.057230556
-0.052934724
-0.042690787
-0.047347498
-0.042905782
-0.048299552
-0.042719722
-0.047306434
-0.042878938
-0.032520237
-0.03811424
-0.032568921
-0.037740554
-0.032568476
-0.038095056
-0.032568805
0.037792527
0.032552297
0.038076589
0.032576082
0.037750799
0.032589737
0.038113449
0.048397039
0.042886733
0.047399512
0.042745762
0.048392692
0.042897486
0.047385744
0.05723713
0.053004638
0.057211324
-0.032404556
-0.037070351
-0.03241215
-0.022953205
-0.0219776
-0.027873292
-0.023011168
-0.021977428
-0.012333014
-0.017219903
-0.012364134
-0.017482346
-0.012384178
-0.017207929
-0.012368306
-0.0023905308
-0.0074294164
-0.0024768214
-0.0074996882
-0.0024416423
-0.0074347088
-0.0024804559
0.007543043
0.0024757229
0.0074249488
0.0024419664
0.0075012725
0.0024787667
0.0074315295
0.017463695
0.012359498
0.017216029
0.012394217
0.01752911
0.012368265
0.017293915
0.027865373
0.022001136
0.023087426
0.027926974
0.022104061
0.037036135
0.032452205
0.037107328
-0.032624444
-0.037751669
-0.032576977
-0.038122235
-0.032662773
-0.037715292
-0.032636278
-0.022578396
-0.027639063
-0.022482788
-0.02762539
-0.022618585
-0.027591608
-0.022568543
-0.012470874
-0.017599146
-0.012425749
-0.017561859
-0.012517937
-0.017540005
-0.012517841
-0.0024565728
-0.007602971
-0.0024084114
-0.0075044856
-0.0025012961
-0.0075066081
-0.0025017403
0.0075422617
0.0024066229
0.00760129
0.0024983556
0.007502363
0.0025005162
0.0075052846
0.017570637
0.012423872
0.017595091
0.012519013
0.017560352
0.012516851
0.017537589
0.027602467
0.022475507
0.027629917
0.022612932
0.027616133
0.022562617
0.027584822
0.038130712
0.032571212
0.037759229
0.032638194
0.038110618
0.03263145
0.037734684
-0.052757965
-0.057825616
-0.052660644
-0.058131364
-0.052789018
-0.057893063
-0.052746547
-0.042681664
-0.047754296
-0.042543934
-0.047754737
-0.04267785
-0.047665046
-0.042608601
-0.032546787
-0.037689141
-0.032462284
-0.03762649
-0.032583405
-0.037572695
-0.032546516
-0.022421499
-0.027619276
-0.022415198
-0.027554903
-0.022537185
-0.027529422
-0.02251874
-0.012410758
-0.017589342
-0.012402051
-0.017522415
-0.012511182
-0.017511158
-0.012505814
-0.0024099385
-0.0075895627
-0.0024091169
-0.0075046387
-0.002501329
-0.0075025669
-0.0025007704
0.0075933832
0.0024084196
0.0075887688
0.0025007419
0.0075038941
0.0025004811
0.0075022303
0.017538731
0.012401071
0.017587976
0.012510356
0.017520938
0.012505382
0.017510536
0.027592357
0.022413785
0.027619082
0.022534976
0.027553653
0.022518117
0.027529849
0.037702842
0.032465613
0.037699172
0.032587049
0.037644136
0.032550778
0.037584928
0.047843143
0.042560669
0.047774858
0.042718757
0.047813116
0.042632527
0.04769915
0.058152255
0.05268628
0.057877866
0.052831663
0.058186096
0.052780525
0.05793724
-0.062764446
-0.067630377
-0.062606237
-0.067875277
-0.062903589
-0.067806202
-0.062752933
-0.052568686
-0.057717967
-0.05251345
-0.05777852
-0.052671237
-0.057674168
-0.052606452
-0.042483866
-0.047658956
-0.042446111
-0.047605612
-0.042563462
-0.047561325
-0.042534671
-0.03244197
-0.03761903
-0.032428984
-0.037538901
-0.032523619
-0.037519709
-0.032511336
-0.022417061
-0.027604855
-0.022416678
-0.027514327
-0.02250871
-0.027506573
-0.022503896
-0.012407619
-0.017596517
-0.012410985
-0.017505104
-0.01250273
-0.017502252
-0.012501234
-0.0024090178
-0.0075928454
-0.0024088264
-0.0075012461
-0.0025003988
-0.0075005889
-0.0025001931
0.007590284
0.002408568
0.0075925679
0.0025002599
0.0075010848
0.0025001266
0.0075005165
0.017593844
0.012410696
0.017596248
0.012502533
0.017504879
0.012501156
0.017502185
0.027611338
0.02241661
0.027605404
0.022508618
0.027514996
0.02250393
0.027506994
0.037654055
0.032430724
0.037622771
0.032526337
0.037545582
0.032512682
0.037522734
0.047665761
0.042451928
0.047666391
0.042575694
0.04762088
0.042539855
0.047567727
0.057796286
0.052520757
0.057724974
0.052684646
0.057790358
0.0526108
0.057673761
0.067618468
0.062611537
0.067624455
0.062912054
0.067877965
0.062745661
0.06778707
-0.072660621
-0.07795013
-0.072680153
-0.077979347
-0.072842969
-0.078020278
-0.072805097
-0.06253056
-0.067723187
-0.062506669
-0.067740694
-0.062665105
-0.067681729
-0.062606897
-0.052468939
-0.057653099
-0.052441599
-0.057604075
-0.052560517
-0.057560548
-0.052532709
-0.042433425
-0.047614983
-0.042425836
-0.047533163
-0.042517708
-0.047516961
-0.042508736
-0.032420403
-0.037602763
-0.032415767
-0.037509577
-0.032505282
-0.037504584
-0.032502544
-0.022413498
-0.027596441
-0.022411705
-0.027503039
-0.022501777
-0.027501471
-0.0225009
-0.012410306
-0.017593712
-0.012409757
-0.017501058
-0.012500597
-0.017500548
-0.012500331
-0.0024087793
-0.0075923238
-0.0024086797
-0.0075003026
-0.0025001047
-0.0075001739
-0.0025000631
0.0075924505
0.0024085856
0.0075922322
0.0025000683
0.0075002659
0.0025000423
0.0075001546
0.01759487
0.012409677
0.017593666
0.012500562
0.017501036
0.012500314
0.017500542
0.027600318
0.02241174
0.027596657
0.022501812
0.027503245
0.022500921
0.027501563
0.037610564
0.032416252
0.037603664
0.032505861
0.037510783
0.032502775
0.037505029
0.047636729
0.042427076
0.04761638
0.042519624
0.04753532
0.042509394
0.047517575
0.05763087
0.052442503
0.057652877
0.052561581
0.057602383
0.052532626
0.05755883
0.067674422
0.062504591
0.067719397
0.062658751
0.067729467
0.06260263
0.067674725
0.077738758
0.072677054
0.077953997
0.072829875
0.077990113
0.072797701
0.078026321
-0.083016653
-0.088005049
-0.082824233
-0.088374345
-0.083076922
-0.08801011
-0.082894598
-0.072619384
-0.077838324
-0.07256958
-0.077882455
-0.072723168
-0.077754871
-0.072647056
-0.06247656
-0.067683001
-0.062453087
-0.067624286
-0.062566206
-0.067577992
-0.062538983
-0.052432614
-0.057619406
-0.052427016
-0.057534163
-0.052517166
-0.05751881
-0.052509021
-0.042419188
-0.047602954
-0.042415594
-0.047508546
-0.042504317
-0.047504397
-0.042502284
-0.032413084
-0.037596315
-0.032411696
-0.037502326
-0.032501322
-0.037501277
-0.032500789
-0.022410591
-0.027593837
-0.022410029
-0.027500829
-0.022500521
-0.027500513
-0.02250035
-0.012409357
-0.01759268
-0.01240915
-0.017500347
-0.012500212
-0.017500235
-0.012500153
-0.0024085848
-0.0075919963
-0.0024085637
-0.0075001212
-0.0025000416
-0.007500086
-0.002500031
0.0075921377
0.0024085337
0.0075919716
0.0025000291
0.0075001098
0.0025000244
0.00750008
0.017593204
0.012409132
0.017592683
0.012500204
0.017500345
0.01250015
0.017500235
0.027595184
0.022410059
0.027593923
0.022500533
0.02750087
0.022500358
0.027500534
0.037599531
0.03241184
0.03759655
0.032501416
0.03750249
0.032500831
0.037501344
0.047607718
0.042415869
0.047603224
0.042504532
0.047508679
0.042502358
0.047504417
0.057633654
0.05242709
0.057619108
0.052516913
0.057533029
0.052508841
0.057518199
0.067656669
0.062452185
0.067681562
0.062563629
0.067619696
0.062537625
0.067575634
0.07790169
0.072568141
0.077838424
0.07271745
0.077873029
0.072644107
0.077753929
0.08832168
0.082826203
0.08801533
0.083056558
0.088357998
0.082893635
0.088025678
-0.082711963
-0.087892433
-0.082639328
-0.087972577
-0.082791654
-0.087854039
-0.08270859
-0.072518981
-0.077732714
-0.072481805
-0.077671302
-0.072592602
-0.077613665
-0.072557478
-0.062442852
-0.067635402
-0.062434719
-0.067546527
-0.062522115
-0.067527306
-0.062512521
-0.052421002
-0.057606809
-0.052417302
-0.057510294
-0.05250485
-0.057505755
-0.052502788
-0.042413375
-0.047597203
-0.042412126
-0.047502442
-0.042501325
-0.047501473
-0.04250087
-0.032410757
-0.037594143
-0.032410265
-0.037500818
-0.032500526
-0.037500561
-0.032500389
-0.022409617
-0.027592919
-0.022409406
-0.027500374
-0.022500255
-0.027500277
-0.022500201
-0.012408972
-0.01759228
-0.012408891
-0.017500185
-0.012500117
-0.017500141
-0.012500095
-0.0024085012
-0.007591853
-0.0024085084
-0.0075000713
-0.0025000215
-0.0075000544
-0.0025000186
0.0075919598
0.0024085045
0.0075918525
0.0025000182
0.0075000685
0.0025000174
0.0075000538
0.017592561
0.012408895
0.017592293
0.012500116
0.017500187
0.012500095
0.017500144
0.02759352
0.02240943
0.027592965
0.022500262
0.027500388
0.022500206
0.027500285
0.037595363
0.032410328
0.037594233
0.032500548
0.03750085
0.032500403
0.037500579
0.047599924
0.042412226
0.047597308
0.042501358
0.047502447
0.042500889
0.04750148
0.057611579
0.052417372
0.057606835
0.052504767
0.057510029
0.052502762
0.057505668
0.067656734
0.062434713
0.067635558
0.062521594
0.067545801
0.062512382
0.067527259
0.077732424
0.072482504
0.077734868
0.0725923
0.077674445
0.072557929
0.077615782
0.088051202
0.082643317
0.087897013
0.082799336
0.087992632
0.082714449
0.087863582
-0.092812113
-0.097819844
-0.092683923
-0.098418066
-0.092923376
-0.09785492
-0.092789266
-0.082578695
-0.087692614
-0.082526961
-0.087759073
-0.082645235
-0.087678351
-0.082597157
-0.072464167
-0.077669021
-0.072449513
-0.077574437
-0.072535432
-0.077547656
-0.072521747
-0.062426697
-0.067614389
-0.062420936
-0.067516114
-0.062507232
-0.067509588
-0.062504317
-0.052414838
-0.057599145
-0.052413111
-0.057503401
-0.052501722
-0.057502096
-0.052501141
-0.042411211
-0.047594735
-0.04241061
-0.047500997
-0.042500618
-0.047500696
-0.042500465
-0.032409861
-0.037593184
-0.032409612
-0.037500433
-0.032500301
-0.037500329
-0.032500241
-0.022409202
-0.027592478
-0.022409088
-0.027500228
-0.022500161
-0.02750018
-0.022500133
-0.012408788
-0.017592066
-0.012408746
-0.017500121
-0.012500077
-0.017500096
-0.012500065
-0.0024084638
-0.007591772
-0.0024084773
-0.0075000481
-0.0025000133
-0.0075000379
-0.002500012
0.0075918552
0.0024084825
0.0075917787
0.0025000134
0.0075000486
0.0025000127
0.0075000392
0.017592247
0.012408755
0.01759208
0.012500078
0.017500124
0.012500066
0.017500099
0.027592821
0.022409106
0.027592504
0.022500166
0.027500234
0.022500137
0.027500184
0.037593829
0.032409643
0.037593226
0.032500311
0.037500445
0.032500248
0.037500337
0.047596083
0.042410657
0.047594784
0.042500632
0.047501006
0.042500474
0.047500704
0.057602782
0.052413158
0.057599188
0.052501722
0.057503383
0.052501147
0.057502096
0.067623495
0.062420989
0.067614475
0.062507215
0.067516192
0.062504322
0.067509633
0.077700258
0.072449678
0.077669175
0.072535853
0.077575562
0.0725219
0.077547961
0.087775678
0.082526621
0.087690079
0.082647142
0.087761269
0.082597342
0.087677409
0.098336987
0.092675645
0.097801823
0.092927017
0.098406815
0.092782233
0.097840454
-0.092622601
-0.09768167
-0.092544388
-0.097861884
-0.092722463
-0.097770765
-0.092655715
-0.082494384
-0.087642379
-0.082457275
-0.087626734
-0.08256508
-0.087584587
-0.082541646
-0.072436641
-0.077624056
-0.072425728
-0.077530416
-0.072513358
-0.077518748
-0.072508036
-0.062417143
-0.067601396
-0.062414113
-0.067505812
-0.062502653
-0.067503466
-0.062501634
-0.052411882
-0.057595246
-0.052410892
-0.05750137
-0.052500788
-0.057500881
-0.052500548
-0.042410133
-0.047593381
-0.042409756
-0.047500522
-0.042500356
-0.047500375
-0.042500274
-0.03240938
-0.037592615
-0.032409213
-0.037500268
-0.032500195
-0.037500207
-0.032500159
-0.022408963
-0.027592202
-0.022408886
-0.027500153
-0.02250011
-0.027500122
-0.022500092
-0.012408678
-0.01759193
-0.012408651
-0.017500084
-0.012500054
-0.017500068
-0.012500046
-0.0024084465
-0.007591722
-0.0024084573
-0.0075000341
-0.0025000086
-0.0075000272
-0.0025000082
0.007591782
0.0024084643
0.0075917287
0.0025000097
0.0075000354
0.002500009
0.0075000285
0.017592052
0.012408659
0.01759194
0.012500055
0.017500087
0.012500047
0.01750007
0.027592422
0.022408897
0.027592215
0.022500113
0.027500157
0.022500095
0.027500125
0.037593019
0.032409229
0.037592631
0.0325002
0.037500274
0.032500161
0.03750021
0.047594199
0.042409774
0.047593395
0.042500362
0.047500528
0.042500277
0.047500379
0.057597246
0.052410904
0.057595242
0.052500794
0.057501373
0.05250055
0.057500881
0.067607559
0.062414097
0.067601327
0.062502654
0.067505812
0.062501629
0.067503439
0.077646853
0.072425582
0.077623684
0.072513333
0.077530222
0.07250795
0.077518472
0.087637323
0.082456578
0.087641254
0.082564248
0.087624433
0.082540875
0.087582713
0.097831583
0.092543783
0.097683644
0.092717979
0.097848236
0.092653813
0.097766355
-0.092419466
-0.097378236
-0.092371251
-0.09757404
-0.092569689
-0.097467276
-0.09251071
-0.082424008
-0.087583283
-0.082403197
-0.087543278
-0.082522369
-0.08751377
-0.08250878
-0.072418184
-0.077592165
-0.072412345
-0.077510258
-0.072504449
-0.077504422
-0.072502064
-0.062412134
-0.067594466
-0.06241053
-0.067501979
-0.062500982
-0.067500979
-0.062500544
-0.052410221
-0.057593153
-0.052409659
-0.057500578
-0.052500382
-0.057500351
-0.052500261
-0.042409471
-0.047592592
-0.04240924
-0.047500283
-0.042500212
-0.047500203
-0.042500164
-0.03240907
-0.037592265
-0.032408964
-0.03750017
-0.03250013
-0.037500134
-0.032500108
-0.022408807
-0.027592031
-0.022408759
-0.027500105
-0.022500078
-0.027500087
-0.022500067
-0.012408609
-0.017591847
-0.012408592
-0.017500061
-0.012500038
-0.017500051
-0.012500034
-0.0024084382
-0.0075916922
-0.0024084454
-0.0075000248
-0.0025000062
-0.0075000209
-0.0025000061
0.0075917292
0.0024084503
0.0075916973
0.0025000069
0.007500026
0.002500007
0.0075000219
0.01759192
0.012408597
0.017591852
0.01250004
0.017500062
0.012500035
0.017500052
0.027592159
0.022408764
0.027592035
0.022500079
0.027500107
0.022500068
0.027500088
0.037592499
0.032408969
0.037592267
0.032500132
0.037500172
0.032500109
0.037500135
0.047593057
0.042409243
0.047592587
0.042500213
0.047500285
0.042500164
0.047500203
0.057594231
0.052409652
0.057593126
0.052500382
0.057500576
0.052500259
0.057500346
0.067597631
0.062410485
0.06759436
0.062500973
0.067501949
0.062500531
0.067500941
0.077604753
0.072412156
0.077591795
0.072504363
0.077510051
0.072501965
0.077504187
0.087557647
0.082402656
0.087582731
0.082522013
0.087542928
0.082508339
0.087513198
0.097498071
0.092371473
0.097382253
0.092570815
0.097586786
0.09251045
0.09747231
-0.092361785
-0.097419583
-0.092366017
-0.097452838
-0.092489243
-0.0974646
-0.092486928
-0.082402423
-0.087578849
-0.082404027
-0.087499819
-0.082501644
-0.087495941
-0.08249916
-0.072409645
-0.077590083
-0.072408421
-0.077501228
-0.072500725
-0.077499985
-0.072500166
-0.062409674
-0.067592088
-0.062409199
-0.067500419
-0.062500289
-0.067500167
-0.06250017
-0.052409348
-0.057592363
-0.052409169
-0.057500225
-0.052500187
-0.057500159
-0.052500149
-0.042409102
-0.047592281
-0.042409025
-0.04750016
-0.042500134
-0.047500135
-0.042500119
-0.032408895
-0.037592126
-0.032408861
-0.037500116
-0.032500093
-0.037500104
-0.032500086
-0.022408721
-0.027591966
-0.022408705
-0.027500078
-0.022500059
-0.027500072
-0.022500056
-0.012408571
-0.017591817
-0.012408566
-0.017500047
-0.012500031
-0.017500044
-0.01250003
-0.0024084361
-0.0075916841
-0.0024084392
-0.0075000197
-0.0025000051
-0.0075000185
-0.0025000048
0.0075916972
0.0024084414
0.0075916855
0.0025000059
0.0075000205
0.0025000052
0.0075000189
0.017591842
0.012408568
0.017591818
0.012500032
0.017500047
0.01250003
0.017500044
0.027592006
0.022408705
0.027591963
0.022500061
0.027500079
0.022500056
0.027500072
0.037592199
0.032408858
0.03759212
0.032500094
0.037500116
0.032500086
0.037500103
0.047592422
0.042409018
0.047592267
0.042500133
0.047500159
0.042500118
0.047500132
0.057592671
0.052409151
0.057592326
0.052500184
0.057500219
0.052500145
0.057500151
0.067592849
0.062409139
0.067591952
0.062500272
0.067500374
0.062500151
0.067500115
0.077589149
0.072408152
0.077589478
0.072500594
0.07750089
0.072500016
0.077499571
0.08757677
0.082402827
0.087576491
0.082500829
0.087498026
0.082498094
0.08749342
0.097387533
0.092362033
0.097413814
0.0924856
0.09744694
0.092481443
0.097454772
-0.092367503
-0.097397955
-0.092366479
-0.097467505
-0.092488462
-0.097462563
-0.09249389
-0.08240439
-0.087580885
-0.082403595
-0.087496526
-0.0824994
-0.087501906
-0.082502446
-0.07240849
-0.077590158
-0.072409868
-0.077500067
-0.072500193
-0.077501505
-0.07250081
-0.062409215
-0.067593065
-0.062409726
-0.067500176
-0.062500174
-0.067500449
-0.062500301
-0.052409176
-0.057592731
-0.052409372
-0.057500161
-0.052500151
-0.057500232
-0.052500192
-0.04240903
-0.047592448
-0.042409117
-0.047500136
-0.04250012
-0.047500164
-0.042500137
-0.032408864
-0.037592213
-0.032408906
-0.037500105
-0.032500087
-0.037500118
-0.032500096
-0.022408708
-0.027592013
-0.022408728
-0.027500073
-0.022500056
-0.02750008
-0.022500061
-0.012408567
-0.017591844
-0.012408575
-0.017500044
-0.01250003
-0.017500048
-0.012500032
-0.00240844
-0.007591697
-0.0024084386
-0.0075000187
-0.002500005
-0.0075000204
-0.0025000052
0.0075916851
0.0024084377
0.0075916955
0.0025000051
0.0075000189
0.0025000051
0.0075000202
0.017591818
0.012408573
0.01759184
0.01250003
0.017500044
0.012500032
0.017500047
0.027591964
0.022408722
0.027592005
0.022500056
0.027500072
0.02250006
0.027500078
0.037592121
0.032408896
0.037592199
0.032500086
0.037500103
0.032500094
0.037500116
0.047592271
0.042409102
0.047592427
0.042500118
0.047500133
0.042500134
0.04750016
0.057592336
0.052409346
0.057592689
0.052500146
0.057500153
0.052500186
0.057500223
0.067591983
0.062409656
0.067592913
0.062500155
0.067500125
0.062500283
0.067500398
0.077589613
0.072409549
0.077589441
0.072500044
0.077499663
0.07250066
0.077501085
0.087577265
0.082402203
0.087578445
0.082498381
0.08749429
0.082501437
0.087499889
0.097417749
0.092363098
0.097395732
0.092483629
0.097461413
0.092490257
0.097460258
-0.092378807
-0.097507295
-0.092428808
-0.097485117
-0.092518706
-0.097598708
-0.092579082
-0.082405052
-0.087562787
-0.082426398
-0.087517285
-0.082510134
-0.08754756
-0.08252406
-0.072412709
-0.077606192
-0.072418713
-0.077504898
-0.072502216
-0.077510869
-0.072504668
-0.062410618
-0.067597973
-0.062412275
-0.067501031
-0.062500566
-0.067502057
-0.062501016
-0.052409699
-0.057594331
-0.052410285
-0.057500363
-0.052500269
-0.057500597
-0.052500395
-0.042409266
-0.047593101
-0.042409513
-0.04750021
-0.042500169
-0.047500293
-0.04250022
-0.032408982
-0.037592524
-0.032409098
-0.037500138
-0.032500111
-0.037500177
-0.032500135
-0.022408771
-0.027592173
-0.022408825
-0.02750009
-0.022500069
-0.02750011
-0.022500081
-0.012408599
-0.017591925
-0.012408619
-0.017500053
-0.012500036
-0.017500063
-0.01250004
-0.0024084495
-0.0075917319
-0.0024084437
-0.0075000218
-0.0025000065
-0.0075000263
-0.0025000072
0.0075916947
0.0024084394
0.0075917263
0.002500006
0.0075000214
0.0025000064
0.0075000254
0.017591851
0.012408613
0.017591916
0.012500035
0.017500052
0.012500039
0.017500062
0.027592034
0.022408813
0.027592157
0.022500068
0.027500088
0.022500079
0.027500107
0.03759227
0.032409078
0.0375925
0.032500109
0.037500135
0.032500132
0.037500172
0.0475926
0.042409486
0.047593069
0.042500165
0.047500205
0.042500215
0.047500288
0.057593165
0.05241025
0.05759428
0.052500263
0.057500355
0.052500388
0.057500589
0.067594474
0.062412193
0.067597783
0.062500547
0.067500975
0.062500998
0.067501996
0.077592126
0.07241826
0.077605055
0.072502035
0.07750435
0.072504445
0.07751014
0.087583889
0.082423866
0.087557528
0.082508716
0.087514176
0.082521934
0.087542198
0.09738743
0.092420037
0.097495482
0.092513041
0.097479672
0.092567858
0.097578575
-0.092553335
-0.09784784
-0.092629078
-0.097789348
-0.092664294
-0.097864878
-0.092727525
-0.08245993
-0.087644322
-0.082497661
-0.087588861
-0.082543433
-0.087630909
-0.082567364
-0.072426451
-0.077649162
-0.072437784
-0.077519502
-0.072508351
-0.07753165
-0.072513937
-0.062414321
-0.067608172
-0.062417477
-0.06750359
-0.06250169
-0.067506053
-0.062502756
-0.052410983
-0.057597423
-0.052412022
-0.057500911
-0.052500567
-0.05750142
-0.052500818
-0.042409813
-0.047594272
-0.042410218
-0.04750039
-0.042500285
-0.047500544
-0.042500373
-0.032409251
-0.037593058
-0.032409433
-0.037500216
-0.032500166
-0.037500282
-0.032500206
-0.022408909
-0.027592445
-0.022408994
-0.027500129
-0.022500097
-0.027500161
-0.022500116
-0.012408664
-0.017592064
-0.012408693
-0.017500072
-0.012500048
-0.017500088
-0.012500057
-0.0024084643
-0.0075917867
-0.002408454
-0.0075000291
-0.0025000095
-0.0075000362
-0.00250001
0.0075917247
0.0024084459
0.0075917778
0.0025000084
0.0075000278
0.0025000086
0.0075000346
0.017591935
0.012408682
0.017592047
0.012500047
0.017500069
0.012500055
0.017500085
0.027592211
0.022408972
0.027592417
0.022500093
0.027500124
0.022500112
0.027500156
0.037592633
0.032409399
0.037593017
0.032500161
0.03750021
0.032500199
0.037500274
0.047593416
0.042410173
0.047594224
0.042500279
0.047500383
0.042500364
0.047500535
0.057595329
0.052411975
0.057597376
0.05250056
0.057500904
0.052500811
0.057501415
0.067601601
0.062417414
0.067608024
0.062501675
0.067503539
0.062502748
0.067506022
0.077624256
0.072437382
0.077648046
0.07250813
0.077518718
0.072513773
0.077531036
0.087641091
0.082495058
0.087638611
0.082540994
0.087581972
0.082565444
0.087625477
0.097680502
0.0926184
0.097829012
0.092647671
0.097751059
0.092714974
0.097836485
-0.092686021
-0.09836581
-0.092811924
-0.097839452
-0.092789118
-0.09840764
-0.092932359
-0.082531956
-0.087786172
-0.082587813
-0.087684636
-0.082601963
-0.087773499
-0.082655721
-0.072451412
-0.077705178
-0.072467354
-0.07755025
-0.072522981
-0.077579969
-0.072537918
-0.062421455
-0.06762488
-0.062427499
-0.06751009
-0.062504517
-0.067517077
-0.062507597
-0.052413308
-0.057603174
-0.052415142
-0.057502182
-0.052501189
-0.05750355
-0.0525018
-0.042410724
-0.04759623
-0.042411384
-0.047500729
-0.042500489
-0.047501048
-0.042500655
-0.03240968
-0.0375939
-0.032409958
-0.037500348
-0.032500256
-0.037500461
-0.032500321
-0.022409125
-0.027592858
-0.022409249
-0.02750019
-0.022500141
-0.027500243
-0.022500171
-0.012408763
-0.017592267
-0.012408807
-0.017500102
-0.012500069
-0.017500127
-0.012500081
-0.0024084857
-0.0075918654
-0.0024084701
-0.0075000402
-0.0025000135
-0.0075000505
-0.0025000141
0.0075917735
0.0024084599
0.007591852
0.0025000117
0.0075000381
0.0025000121
0.0075000479
0.017592073
0.012408789
0.017592241
0.012500066
0.017500098
0.012500077
0.017500122
0.027592496
0.022409214
0.02759281
0.022500135
0.027500183
0.022500163
0.027500233
0.037593223
0.032409897
0.037593825
0.032500247
0.037500337
0.032500309
0.037500446
0.047594827
0.042411303
0.047596154
0.042500477
0.047500718
0.042500639
0.047501032
0.057599421
0.052415092
0.05760319
0.052501181
0.057502183
0.052501793
0.057503565
0.067615349
0.062427606
0.067625069
0.062504525
0.06751009
0.062507646
0.067517159
0.077671561
0.072467425
0.077704546
0.072522881
0.077549856
0.072537914
0.077579565
0.08769384
0.082585559
0.087782288
0.08260015
0.087681723
0.082653442
0.087770475
0.097805516
0.09280661
0.098355325
0.092785715
0.097826337
0.092929512
0.098388935
-0.082654135
-0.088058669
-0.082729554
-0.087888054
-0.08272987
-0.088031102
-0.082820685
-0.072486303
-0.077739816
-0.072523796
-0.077623684
-0.072561576
-0.077683639
-0.0725973
-0.062435822
-0.067659467
-0.062444279
-0.067528832
-0.062513094
-0.0675483
-0.062522874
-0.052417748
-0.057612658
-0.052421763
-0.057505993
-0.052502919
-0.057510684
-0.052505097
-0.042412375
-0.047600344
-0.042413803
-0.047501559
-0.042500931
-0.047502608
-0.042501438
-0.032410396
-0.037595529
-0.032410959
-0.037500604
-0.032500418
-0.037500893
-0.032500573
-0.022409463
-0.027593593
-0.02240969
-0.027500297
-0.022500213
-0.027500404
-0.022500272
-0.01240891
-0.017592595
-0.012408987
-0.017500149
-0.012500099
-0.017500194
-0.012500121
-0.0024085134
-0.0075919783
-0.0024084977
-0.0075000564
-0.002500019
-0.0075000723
-0.0025000211
0.0075918484
0.0024084867
0.007591962
0.0025000167
0.0075000534
0.0025000189
0.0075000692
0.017592284
0.012408962
0.017592555
0.012500095
0.017500142
0.012500116
0.017500186
0.02759295
0.02240963
0.027593505
0.022500204
0.027500283
0.022500259
0.027500384
0.037594231
0.032410838
0.037595369
0.032500401
0.037500581
0.032500544
0.037500854
0.047597438
0.042413614
0.047600164
0.042500905
0.047501535
0.04250139
0.047502564
0.057607589
0.052421695
0.057612948
0.052502919
0.057506067
0.052505108
0.057510892
0.067638412
0.062445291
0.067661749
0.062513317
0.067529278
0.062523555
0.067549892
0.077741943
0.072527414
0.077743607
0.07256213
0.077623123
0.072600188
0.077686278
0.087903521
0.082730402
0.088051473
0.082725137
0.087880043
0.082819316
0.088017933
-0.082835187
-0.08832511
-0.08302017
-0.088052814
-0.082914823
-0.08837507
-0.083079927
-0.072572903
-0.077905831
-0.072620137
-0.077763932
-0.072650362
-0.07788317
-0.072724829
-0.062454987
-0.067661819
-0.062480002
-0.067579505
-0.06254003
-0.067625931
-0.062568307
-0.052428362
-0.057637506
-0.052435449
-0.057519567
-0.052509568
-0.057535983
-0.05251853
-0.042416324
-0.047609246
-0.042420638
-0.04750477
-0.042502525
-0.047509467
-0.042504891
-0.032412001
-0.037600019
-0.03241361
-0.037501425
-0.032500874
-0.037502653
-0.032501493
-0.02241012
-0.027595343
-0.022410705
-0.027500559
-0.022500373
-0.027500909
-0.022500554
-0.01240916
-0.017593261
-0.012409345
-0.017500244
-0.012500156
-0.017500356
-0.01250021
-0.0024085541
-0.0075921686
-0.0024085531
-0.0075000849
-0.0025000288
-0.007500116
-0.0025000348
0.0075919761
0.0024085496
0.0075921569
0.0025000269
0.007500082
0.0025000346
0.0075001146
0.017592675
0.01240932
0.017593207
0.01250015
0.017500234
0.012500206
0.017500345
0.027593901
0.022410609
0.027595172
0.022500355
0.027500529
0.02250053
0.027500862
0.037596568
0.032413335
0.037599587
0.032500826
0.037501351
0.032501406
0.037502506
0.047603655
0.042420021
0.047608458
0.042502423
0.04750466
0.042504661
0.047509167
0.057621493
0.052434716
0.057637567
0.05250956
0.057519971
0.052518328
0.057536435
0.067689903
0.062482396
0.067669535
0.062541527
0.067583388
0.062570726
0.067632762
0.077856775
0.0726356
0.077929707
0.072658088
0.077775232
0.072739143
0.077906688
0.088019459
0.083047785
0.088342529
0.082929135
0.088059738
0.083119973
0.088409221
-0.072679283
-0.077734682
-0.072658176
-0.07800755
-0.072806897
-0.077971593
-0.072850794
-0.062514089
-0.067692586
-0.062548081
-0.06768647
-0.062612363
-0.067753724
-0.062677291
-0.052447337
-0.057645156
-0.052480966
-0.057565148
-0.052536132
-0.057614845
-0.052568591
-0.042428595
-0.047641859
-0.042438924
-0.04751927
-0.042510161
-0.04753871
-0.042521157
-0.032416655
-0.037611903
-0.032421955
-0.037505361
-0.032502914
-0.037511397
-0.032506079
-0.022411841
-0.027600592
-0.022413592
-0.027501618
-0.022500942
-0.027503303
-0.022501811
-0.012409707
-0.017594899
-0.012410133
-0.017500549
-0.012500316
-0.017501016
-0.012500542
-0.0024086232
-0.0075924648
-0.0024086503
-0.0075001582
-0.0025000484
-0.0075002571
-0.0025000715
0.0075922634
0.0024087035
0.007592521
0.0025000531
0.0075001629
0.0025000905
0.0075002822
0.017593678
0.012410194
0.017594929
0.012500319
0.017500544
0.012500576
0.01750105
0.027596648
0.022413547
0.027600359
0.02250092
0.02750155
0.022501819
0.027503229
0.037603757
0.032421385
0.037610734
0.032502756
0.03750506
0.03250582
0.037510808
0.047617531
0.042436854
0.047638345
0.04250964
0.047518498
0.042520037
0.047536839
0.057658696
0.052475658
0.057638371
0.052535254
0.05756494
0.052565942
0.057612501
0.067736956
0.062542908
0.067698024
0.062614712
0.067695744
0.062678301
0.067763225
0.07798418
0.072680999
0.077769519
0.072827475
0.078047464
0.072874583
0.07801242
-0.062644246
-0.067668551
-0.062846426
-0.067830409
-0.06278016
-0.067924219
-0.06295505
-0.052535684
-0.057830734
-0.052606959
-0.057697644
-0.052624104
-0.057822273
-0.052705605
-0.042455924
-0.047677557
-0.042500249
-0.0475739
-0.042542528
-0.047630977
-0.042579776
-0.032431415
-0.037656199
-0.032445201
-0.037523736
-0.032512953
-0.037546847
-0.032526327
-0.02241656
-0.02761118
-0.022416116
-0.027506969
-0.022503805
-0.027514581
-0.022508084
-0.012410571
-0.017593308
-0.012406569
-0.01750205
-0.012501051
-0.017504381
-0.012502164
-0.0024085874
-0.0075900129
-0.0024085164
-0.0075004603
-0.0025001141
-0.0075008856
-0.0025001964
0.0075926886
0.0024088863
0.0075905135
0.0025001752
0.0075005513
0.0025003689
0.0075011624
0.017596401
0.012407306
0.017594271
0.012501196
0.017502241
0.01250264
0.017505082
0.027605542
0.022417116
0.027611823
0.022503994
0.027506999
0.022508882
0.02751512
0.037622948
0.032444946
0.037654302
0.03251258
0.037522626
0.032526041
0.037545114
0.047668325
0.042495601
0.047667671
0.042540329
0.047570104
0.042575484
0.047623583
0.057731595
0.052587471
0.057795151
0.052618107
0.057689229
0.052694424
0.057807167
0.067656362
0.062793719
0.067637779
0.062776222
0.067837536
0.062941314
0.067925565
-0.052711456
-0.058189693
-0.052796954
-0.057966918
-0.052801881
-0.058205795
-0.052869904
-0.042565485
-0.047858658
-0.042701963
-0.047711116
-0.042636626
-0.047839176
-0.042722218
-0.032464789
-0.037699946
-0.032544517
-0.037584834
-0.032549436
-0.037641897
-0.032583082
-0.022412224
-0.027589036
-0.022413836
-0.027528328
-0.022516415
-0.027549541
-0.022530743
-0.012399806
-0.01753506
-0.012406138
-0.017509025
-0.012504296
-0.017517102
-0.01250759
-0.0024081849
-0.0075915787
-0.0024081801
-0.0075016416
-0.0025002766
-0.0075024173
-0.0025002538
0.0075891443
0.0024097396
0.0075939295
0.0025007212
0.0075023786
0.0025012335
0.0075041778
0.017589005
0.012410097
0.017541214
0.012505624
0.017511093
0.012510798
0.017522218
0.027620426
0.022421304
0.02759619
0.022518933
0.027530487
0.022537434
0.027556176
0.037699228
0.032549989
0.037702447
0.032550055
0.0375831
0.032586858
0.037638096
0.047776282
0.042700842
0.047847631
0.042632773
0.047698057
0.042711085
0.047805728
0.057864071
0.052771294
0.058143682
0.052783438
0.057945968
0.052830423
0.058189663
-0.032560702
-0.038069508
-0.032578857
-0.037723779
-0.032623511
-0.038091618
-0.032627595
-0.022467531
-0.027583589
-0.022555397
-0.027576545
-0.022552526
-0.027607495
-0.022592995
-0.012417657
-0.017555841
-0.012458107
-0.017528281
-0.012510633
-0.017542675
-0.01250452
-0.0024054613
-0.0075359964
-0.0024520767
-0.0075021171
-0.0024993513
-0.0074967966
-0.0024967892
0.0076017503
0.0024557721
0.0075418603
0.0025015433
0.007505446
0.002500623
0.0075019517
0.017600211
0.01247094
0.017581215
0.012517022
0.017540308
0.012517377
0.017567043
0.027638282
0.02259125
0.027617001
0.022568785
0.027592961
0.022629292
0.027642389
0.037756132
0.032611949
0.038123922
0.032628854
0.037712557
0.032640883
0.03807237
-0.022733982
-0.027665107
-0.022675457
-0.027560533
-0.022659836
-0.027680109
-0.022549948
0.027629577
0.022690715
0.027673632
0.022704193
0.027605222
0.022569164
0.027695542
-0.053034029
-0.058006788
-0.052992905
-0.058155762
-0.052964505
-0.057929761
-0.052854288
0.058190488
0.052963244
0.058013049
0.052900175
0.058152469
0.052821946
0.057928998
-0.063049298
-0.067667987
-0.062882987
-0.067496199
-0.062902027
-0.067507236
-0.062669319
0.067656027
0.062879268
0.067662336
0.062913212
0.067508477
0.062666677
0.067503725
-0.072777953
-0.078006011
-0.072894095
-0.077594926
-0.072630803
-0.077951241
-0.072734581
0.077641282
0.072879512
0.077998385
0.072625498
0.077593242
0.072737318
0.077964592
-0.083235553
-0.088094872
-0.083117457
-0.088332996
-0.083183952
-0.088062199
-0.083004234
0.088348749
0.083127619
0.088118898
0.083200851
0.088337879
0.083015108
0.088069883
-0.092927792
-0.097763934
-0.092806402
-0.097842224
-0.092770499
-0.097668076
-0.092651805
0.097890561
0.092796152
0.097752659
0.092760195
0.097835226
0.092643977
0.097661696
-0.092798046
-0.097895031
-0.092915099
-0.097667411
-0.09264781
-0.097838548
-0.092764744
0.097758814
0.092919027
0.097898189
0.092649513
0.097667432
0.092764301
0.097834658
-0.08313693
-0.088359084
-0.083256543
-0.088087413
-0.083016364
-0.088330426
-0.083186461
0.088139802
0.083269408
0.088364307
0.083033037
0.088094698
0.083226086
0.088359886
-0.072885132
-0.07766401
-0.072764014
-0.077946594
-0.072724591
-0.077586049
-0.072618928
0.078026611
0.072775998
0.077667911
0.072748793
0.07799087
0.072635871
0.077620186
-0.062890574
-0.067664317
-0.063091034
-0.067521874
-0.062684714
-0.0675493
-0.062957828
0.067669347
0.063040549
0.067632067
0.0626809
0.067520545
0.062937693
0.067532914
-0.052986398
-0.058202114
-0.053034526
-0.057968626
-0.052847443
-0.058178204
-0.052935458
0.057978165
0.053015142
0.058155403
0.052849672
0.057944068
0.052957256
0.058143547
-0.022665817
-0.027606543
-0.022723952
-0.02767427
-0.022544437
-0.027555193
-0.022651536
0.027653091
0.022726117
0.027603202
0.022541247
0.027672053
0.02265977
0.02756309
-0.022646617
-0.02766069
-0.022527479
-0.027551899
-0.022645368
-0.027653222
-0.022517503
0.027568997
0.022535674
0.02766486
0.02265166
0.027550068
0.022521184
0.027648261
-0.052926118
-0.0578996
-0.052812936
-0.058122576
-0.052901174
-0.057865805
-0.052785636
0.058130325
0.052782856
0.057877373
0.052896692
0.058119457
0.052773847
0.057855393
-0.062855655
-0.067436624
-0.062595333
-0.067434128
-0.062811966
-0.067398691
-0.062552426
0.067449518
0.062582448
0.067424081
0.062799151
0.06742381
0.062539027
0.067387104
-0.072568306
-0.077922804
-0.072681637
-0.077555156
-0.07253836
-0.077901318
-0.072654092
0.07760794
0.072703024
0.077970479
0.072555181
0.077604102
0.072679764
0.077961979
-0.083174508
-0.088061735
-0.082986543
-0.08834025
-0.083159644
-0.088061816
-0.082979085
0.088364586
0.082997842
0.088055877
0.083208007
0.088363194
0.08298858
0.08805269
-0.092723091
-0.097618688
-0.092597686
-0.097806433
-0.092704764
-0.097599773
-0.092569729
0.097808922
0.092590723
0.097614031
0.092694326
0.097798016
0.09256134
0.097593518
-0.092595756
-0.097814132
-0.092719988
-0.09760047
-0.092567984
-0.097804274
-0.092700854
0.097621996
0.092719176
0.097814241
0.092568337
0.097601157
0.092700768
0.097806822
-0.082986425
-0.088326846
-0.083158314
-0.088054688
-0.082973706
-0.088327555
-0.083150854
0.088057255
0.083197432
0.088341905
0.082978713
0.088049627
0.083170645
0.088342208
-0.072671051
-0.077553749
-0.072554346
-0.077893752
-0.072647071
-0.077544836
-0.072526967
0.077955641
0.072573138
0.077595071
0.072657805
0.077914469
0.072534474
0.077559848
-0.06258666
-0.067443783
-0.062835683
-0.067378358
-0.062529528
-0.067385463
-0.062759272
0.067444731
0.062876474
0.067485685
0.062549772
0.067397262
0.062804706
0.067424991
-0.052793117
-0.058139214
-0.052888293
-0.057827802
-0.052770576
-0.058113376
-0.052901636
0.057911354
0.052927109
0.05815247
0.052773634
0.057852742
0.052884525
0.058103461
-0.022528265
-0.027555601
-0.022649887
-0.027655293
-0.022528962
-0.027566163
-0.022665998
0.027645798
0.022634857
0.027541496
0.022501921
0.027632348
0.022622746
0.027524391
-0.022647968
-0.027647699
-0.022511555
-0.027529387
-0.022611541
-0.027632474
-0.022495155
0.027554012
0.022517478
0.027645061
0.022633311
0.027536472
0.022506974
0.02763788
-0.052884264
-0.057876551
-0.052774653
-0.058132532
-0.052875445
-0.057856534
-0.052761293
0.058111417
0.052770758
0.057839998
0.052888073
0.058119699
0.052771904
0.057858069
-0.062817854
-0.067382211
-0.062537069
-0.067415221
-0.062794181
-0.067366907
-0.062519847
0.067398478
0.062520617
0.067366867
0.06279465
0.067410297
0.062521647
0.067361823
-0.072528015
-0.07789798
-0.072647143
-0.077553106
-0.072524609
-0.07790347
-0.072645778
0.07757292
0.072658374
0.077929708
0.072511696
0.077529398
0.072635284
0.077882952
-0.083157946
-0.088068532
-0.082982144
-0.088337575
-0.083164941
-0.088072471
-0.082985739
0.08834261
0.082979695
0.088051104
0.083139596
0.088307009
0.082964058
0.088041242
-0.092697898
-0.097591865
-0.092560426
-0.097795558
-0.092692768
-0.097587332
-0.092554472
0.097794582
0.092551336
0.097587696
0.092679917
0.097780038
0.092543283
0.097575825
-0.092558796
-0.097799535
-0.092694373
-0.097591016
-0.092554047
-0.097799973
-0.092691759
0.097590388
0.092693821
0.097799297
0.09255465
0.097592825
0.092691437
0.097801937
-0.082974589
-0.08831848
-0.083151911
-0.088061621
-0.082986354
-0.088337183
-0.083181575
0.088054112
0.083160815
0.088346837
0.082971652
0.088038649
0.083166145
0.088341669
-0.072644563
-0.077547936
-0.072523575
-0.077931119
-0.072656478
-0.077586925
-0.072535975
0.077894051
0.07251575
0.077535232
0.072642614
0.077902956
0.07251557
0.077544917
-0.062521417
-0.067396339
-0.062765044
-0.067384034
-0.062531382
-0.067423353
-0.062796841
0.067374854
0.062771057
0.067401617
0.062519339
0.067369807
0.062771493
0.067402644
-0.052767243
-0.05811705
-0.052895451
-0.057860067
-0.052772474
-0.058134936
-0.052887645
0.057826457
0.05287311
0.058087967
0.052760715
0.057838624
0.052874225
0.058123532
-0.022534104
-0.027573295
-0.022675381
-0.027662087
-0.022538189
-0.02757506
-0.02267938
0.027633589
0.022618525
0.027528272
0.022504944
0.027641292
0.022628762
0.027544464
-0.022590069
-0.027624174
-0.022485407
-0.027529509
-0.022606912
-0.027628106
-0.022488079
0.027536078
0.022500946
0.02763438
0.022626658
0.027538677
0.022495329
0.027628861
-0.052870479
-0.05781474
-0.052745958
-0.058081047
-0.052845865
-0.057818288
-0.0527356
0.058148683
0.052777182
0.057896527
0.052882061
0.058120298
0.052773069
0.057868446
-0.06275474
-0.067357632
-0.062505065
-0.067404997
-0.062765779
-0.067359454
-0.062503794
0.06744806
0.062531713
0.067367467
0.062808889
0.067414029
0.062524827
0.067359983
-0.07252289
-0.077906029
-0.072643112
-0.077553473
-0.072518366
-0.077897338
-0.07263656
0.077516067
0.072623756
0.077865139
0.072503386
0.077528397
0.072623111
0.077873657
-0.083167573
-0.088066502
-0.082984072
-0.088336356
-0.083160615
-0.088061334
-0.082978379
0.088291902
0.082956907
0.088036835
0.083132273
0.088303718
0.082959573
0.08804371
-0.092691894
-0.097586466
-0.09255263
-0.097804069
-0.092693579
-0.097589951
-0.092552834
0.097778707
0.092540503
0.097573087
0.09267915
0.097785145
0.092541052
0.097577132
-0.09255178
-0.09779742
-0.092689766
-0.097586638
-0.09255053
-0.09779566
-0.092687987
0.097587927
0.092690079
0.097797814
0.092551392
0.097588501
0.09269208
0.097802031
-0.082990402
-0.088350554
-0.08319073
-0.088060697
-0.082980515
-0.088336674
-0.083165341
0.088037512
0.083168591
0.088340594
0.082980296
0.088050892
0.083179537
0.088343906
-0.072658143
-0.077592088
-0.072538368
-0.077906292
-0.072645463
-0.077560028
-0.072527888
0.077908919
0.072524529
0.077556528
0.072653556
0.077924022
0.07253348
0.077578058
-0.062540927
-0.067441708
-0.062818977
-0.067392643
-0.062544247
-0.067443554
-0.062819959
0.067379856
0.0627985
0.067426531
0.062530485
0.067388239
0.062813751
0.067445768
-0.052780533
-0.058139454
-0.052891505
-0.057871981
-0.052791251
-0.05811869
-0.052911397
0.057869707
0.052896723
0.058159636
0.052785385
0.05788596
0.052920604
0.058179411
-0.022542448
-0.02758092
-0.022686892
-0.027667233
-0.022547823
-0.027598856
-0.022708491
0.027646013
0.022638654
0.027549197
0.022513438
0.027649425
0.022644966
0.027554049
-0.0226115
-0.027624153
-0.02248975
-0.027515018
-0.022620715
-0.027621518
-0.022492414
0.027512684
0.02248492
0.02761555
0.022592307
0.027491095
0.022477317
0.027606811
-0.052839676
-0.057815021
-0.052732683
-0.058110886
-0.052855525
-0.057837258
-0.052742253
0.058096445
0.052773145
0.057847145
0.05292648
0.058156421
0.052795508
0.057901945
-0.062761587
-0.067357964
-0.062503236
-0.06741708
-0.062781595
-0.067360358
-0.062508819
0.067406198
0.062521299
0.067361616
0.06284523
0.067465592
0.062532511
0.067376685
-0.072507272
-0.077874259
-0.072625069
-0.077493558
-0.07249571
-0.077839165
-0.07261389
0.077533747
0.072623269
0.077876336
0.072507117
0.077528712
0.072621274
0.077869042
-0.083142467
-0.088054316
-0.082968845
-0.088301232
-0.083109574
-0.088042027
-0.082956773
0.088306256
0.082961613
0.088048047
0.083129908
0.088306294
0.082961237
0.088050173
-0.092693437
-0.097592533
-0.092552668
-0.097794984
-0.09268882
-0.097586014
-0.092550023
0.0977887
0.092543073
0.097580667
0.09268568
0.09779854
0.092545422
0.097585313
-0.092549653
-0.097796627
-0.092687271
-0.097585827
-0.092548815
-0.097794349
-0.092686161
0.097587377
0.092691711
0.097798105
0.092550344
0.097584328
0.092690452
0.097792552
-0.082968093
-0.088321862
-0.083140665
-0.088044736
-0.082959389
-0.088309884
-0.083117754
0.088055271
0.08318224
0.088349829
0.082970457
0.088042637
0.083148832
0.08831069
-0.072630404
-0.077534774
-0.072515283
-0.077848764
-0.072617137
-0.077506514
-0.072503599
0.07792804
0.072534377
0.077586342
0.072644712
0.077897541
0.072525782
0.077555456
-0.062545205
-0.067441924
-0.062820489
-0.067394304
-0.062547448
-0.067457759
-0.062834969
0.067376507
0.062769284
0.067408518
0.062490565
0.067358976
0.062717442
0.067372682
-0.052805107
-0.058113523
-0.052946059
-0.057895743
-0.052812236
-0.058154749
-0.05295015
0.057844536
0.052906037
0.058140956
0.05274721
0.057794564
0.052889747
0.058099392
-0.022541437
-0.027590775
-0.022695869
-0.027652556
-0.022523905
-0.027554502
-0.022651916
0.027649577
0.022640243
0.027555955
0.022508538
0.027646869
0.022633166
0.027552727
-0.022620952
-0.027625602
-0.022494549
-0.027544633
-0.0226272
-0.027629731
-0.022498902
0.027509989
0.022479394
0.02761546
0.022594939
0.027530812
0.022482401
0.02762786
-0.05286728
-0.057844409
-0.052748348
-0.058094245
-0.052869007
-0.057825396
-0.052745333
0.058119021
0.052790076
0.057854538
0.052919225
0.058047661
0.052767785
0.0577833
-0.062788709
-0.067361824
-0.062510128
-0.067404318
-0.062766326
-0.067358263
-0.062502604
0.067421042
0.062515288
0.067365025
0.062715293
0.067359433
0.062492503
0.06734777
-0.07250334
-0.077852312
-0.072621698
-0.077570524
-0.072525019
-0.077915581
-0.072645991
0.077522461
0.072617989
0.077863931
0.072502884
0.077522104
0.072616772
0.0778605
-0.083119028
-0.088040268
-0.08296031
-0.088348906
-0.08317558
-0.088059037
-0.082981016
0.088314818
0.082959073
0.088053224
0.083120956
0.088303474
0.082948764
0.088030985
-0.092686613
-0.097583948
-0.09254899
-0.097797959
-0.092689464
-0.097587679
-0.092550124
0.097792708
0.092544803
0.097582446
0.09268269
0.097785684
0.092543739
0.097578373
-0.092549045
-0.097798971
-0.092687739
-0.097589249
-0.092548645
-0.097802944
-0.092688699
0.097590167
0.092692246
0.097800897
0.092552468
0.097591357
0.092692906
0.097804772
-0.082962191
-0.088308159
-0.08312268
-0.088063602
-0.082974923
-0.088331164
-0.083149299
0.088036916
0.083150949
0.088307922
0.0829693
0.088047775
0.083156552
0.088321953
-0.072618049
-0.077514216
-0.072505362
-0.077883482
-0.072628118
-0.077542159
-0.07251279
0.077902402
0.072523981
0.077564924
0.072637707
0.077904513
0.072519488
0.077567773
-0.062537376
-0.067443218
-0.062810713
-0.06737753
-0.062521429
-0.067411489
-0.062774558
0.067353512
0.062710474
0.067364248
0.062496025
0.067361117
0.062741558
0.067390096
-0.052803048
-0.058146765
-0.052937775
-0.057845758
-0.052790214
-0.0581227
-0.052930716
0.057785056
0.05286484
0.058087
0.052736035
0.057813824
0.052851881
0.058119121
-0.022513298
-0.027537355
-0.022633869
-0.027640306
-0.022509927
-0.027531501
-0.022631333
0.027641885
0.02261845
0.0275364
0.022508654
0.027642567
0.022634788
0.027544977
-0.022643946
-0.027630474
-0.022504521
-0.027528673
-0.022634905
-0.027630303
-0.022504898
0.027536755
0.02248579
0.027631417
0.022607448
0.02753531
0.022487464
0.027628941
-0.052860505
-0.057810594
-0.052740751
-0.058090706
-0.052885035
-0.057803998
-0.052749317
0.058104505
0.052769111
0.057832253
0.052881565
0.058150331
0.052767126
0.057869836
-0.062744164
-0.067352137
-0.062493991
-0.067376232
-0.062733938
-0.067350468
-0.062491974
0.06740511
0.062504174
0.067357321
0.06280485
0.067431734
0.062519338
0.067368971
-0.072534543
-0.07793275
-0.072657143
-0.077569018
-0.072531205
-0.07791753
-0.072654328
0.077518521
0.07261921
0.077855928
0.072516851
0.07754011
0.072629094
0.077875615
-0.083189893
-0.088063982
-0.082988921
-0.088347814
-0.083175211
-0.088062765
-0.082986012
0.088290213
0.082940472
0.088010351
0.083127453
0.088304504
0.082947593
0.08802061
-0.092690282
-0.097585527
-0.092549885
-0.097797571
-0.092690273
-0.097584768
-0.092548963
0.097793435
0.092544932
0.097582191
0.092685999
0.097794356
0.092546263
0.097583901
-0.092546623
-0.097794878
-0.092685814
-0.097582199
-0.092545186
-0.097790885
-0.09268425
0.097591844
0.092690693
0.097800181
0.092548826
0.097586549
0.092687648
0.097795425
-0.082980968
-0.088339585
-0.083158843
-0.088064276
-0.082981487
-0.088331995
-0.08316034
0.088045919
0.083129137
0.08829616
0.082963177
0.088045379
0.083130437
0.088300872
-0.072634972
-0.077549315
-0.072517168
-0.077901539
-0.072641231
-0.077559623
-0.072524176
0.077873695
0.072508168
0.077529958
0.072627705
0.077873379
0.072508512
0.077530302
-0.062513075
-0.06740261
-0.062760119
-0.067370629
-0.062511628
-0.067401769
-0.062761108
0.067367008
0.062769014
0.067408742
0.062513943
0.067371254
0.0627842
0.067422625
-0.052782126
-0.058118788
-0.052920373
-0.057844687
-0.052782527
-0.058149894
-0.052924414
0.05783683
0.052870003
0.058130094
0.052756679
0.057845842
0.052880096
0.05811944
-0.022513771
-0.027533567
-0.022641379
-0.027645076
-0.022523652
-0.02754773
-0.022666301
0.027642173
0.022653133
0.027549906
0.022516878
0.027639643
0.022660651
0.027548074
-0.022636915
-0.027636559
-0.022508559
-0.027556729
-0.022648017
-0.027647305
-0.022516578
0.027517921
0.02248612
0.027624327
0.022601413
0.027516544
0.022491345
0.027625989
-0.052909707
-0.057818079
-0.052764045
-0.058122971
-0.05290593
-0.057853151
-0.052777553
0.058146906
0.052758265
0.05786441
0.05284848
0.058126802
0.052750378
0.057855105
-0.062751071
-0.067359515
-0.062502493
-0.067428166
-0.062790929
-0.067375032
-0.062522637
0.067421421
0.062522086
0.067370111
0.062796137
0.067418191
0.0625231
0.067370441
-0.072525382
-0.077906953
-0.072647523
-0.077539634
-0.072521498
-0.07788597
-0.072639674
0.07756834
0.072637735
0.077898152
0.072520336
0.07754203
0.072634183
0.077879073
-0.083165314
-0.088057805
-0.08297971
-0.088311602
-0.083142485
-0.088049094
-0.08296915
0.088318569
0.082957712
0.088036062
0.083133738
0.088311718
0.082958505
0.088042957
-0.092688165
-0.097583534
-0.092547005
-0.097785275
-0.092682705
-0.097577772
-0.092543042
0.097798699
0.092547011
0.0975876
0.092684997
0.097796622
0.092544254
0.097584639
-0.092545187
-0.097797548
-0.092685154
-0.097581464
-0.092543559
-0.097793321
-0.092683762
0.097584023
0.092685568
0.097795017
0.092544051
0.097581132
0.092682208
0.09778878
-0.082979424
-0.088326182
-0.083160835
-0.088055064
-0.082972243
-0.088305606
-0.083138658
0.088046098
0.083151171
0.088314955
0.082967403
0.088037893
0.083157897
0.088326507
-0.072642234
-0.077566851
-0.072526214
-0.077880709
-0.072633856
-0.077539879
-0.072517552
0.077897992
0.072517516
0.077556474
0.072644592
0.077906326
0.072525012
0.077563495
-0.062516878
-0.06741254
-0.062777911
-0.067378868
-0.062523037
-0.067427961
-0.062789601
0.067368369
0.062764449
0.06740168
0.062508586
0.067368349
0.062743917
0.067381923
-0.052782524
-0.058150838
-0.052915815
-0.057851527
-0.052780052
-0.058108873
-0.052902582
0.057834877
0.052888383
0.058124646
0.052757959
0.05782288
0.05288958
0.058130249
-0.022529442
-0.027551997
-0.02267245
-0.027657642
-0.022533811
-0.027560674
-0.022673858
0.027639511
0.022645251
0.027544077
0.022515474
0.027649143
0.02263889
0.027562013
-0.022660213
-0.027655331
-0.022524376
-0.027586728
-0.022679291
-0.027660761
-0.022530926
0.027546893
0.022507808
0.027639446
0.022678226
0.027580475
0.022528316
0.02765591
-0.052902138
-0.057878258
-0.052788543
-0.058158787
-0.052928268
-0.05790136
-0.05280667
0.058098734
0.052749873
0.057846972
0.05287541
0.058147937
0.052765462
0.057873919
-0.062818418
-0.067384164
-0.062539137
-0.067458755
-0.062841869
-0.067396157
-0.062555558
0.067425722
0.062525153
0.06737448
0.062815354
0.067446999
0.062530315
0.067381573
-0.072521501
-0.077882646
-0.072637535
-0.077546178
-0.072524433
-0.077888147
-0.072639001
0.077530363
0.072633596
0.07787188
0.072528449
0.077552993
0.072642803
0.077892719
-0.083135834
-0.088038422
-0.082962431
-0.088317871
-0.08314336
-0.088034977
-0.082960238
0.088312139
0.082955667
0.088032691
0.083142981
0.088311325
0.082959362
0.088029124
-0.092679344
-0.097573446
-0.092540417
-0.097787122
-0.092681071
-0.097576264
-0.092540375
0.097778738
0.092538604
0.097571823
0.092671823
0.097768252
0.092535175
0.09756607
-0.092541989
-0.097786438
-0.092681517
-0.097574842
-0.092541792
-0.097781991
-0.092681239
0.09757791
0.092680322
0.097783959
0.092544111
0.097582461
0.092682262
0.097789397
-0.082971158
-0.088319981
-0.083138445
-0.088053702
-0.082974053
-0.088343626
-0.083155911
0.088034326
0.083158362
0.088318683
0.082964809
0.088030962
0.083155713
0.088314081
-0.072629752
-0.077530493
-0.072511796
-0.077888068
-0.072632482
-0.077541598
-0.072511845
0.077913079
0.072535944
0.077577702
0.072654067
0.077913322
0.07254338
0.077581672
-0.062525656
-0.067428657
-0.062800534
-0.067375015
-0.062518523
-0.067425196
-0.062789942
0.067385304
0.062774103
0.067418455
0.062538156
0.067400629
0.062813696
0.067454445
-0.05278647
-0.05814175
-0.052918378
-0.057859106
-0.052784356
-0.058138618
-0.052923418
0.057843638
0.05288006
0.058140247
0.052780006
0.057872339
0.052897979
0.058142611
-0.02253812
-0.027588961
-0.022683301
-0.027667065
-0.022534222
-0.027587297
-0.022679254
0.027661994
0.022660914
0.027593899
0.022518624
0.027658847
0.02265231
0.027570522
-0.022659822
-0.027654797
-0.022525404
-0.027549242
-0.022645198
-0.027650936
-0.022519998
0.027580457
0.022535743
0.027661472
0.022677688
0.027573377
0.022535175
0.027661765
-0.052934108
-0.0579223
-0.052817613
-0.058168495
-0.052935096
-0.057928713
-0.052821979
0.058161755
0.052772781
0.057871097
0.05290034
0.058132186
0.052767319
0.057838885
-0.062864903
-0.067406543
-0.062566659
-0.067484365
-0.062874042
-0.067406937
-0.062568743
0.067434408
0.062524601
0.067377994
0.062764353
0.067401272
0.062510523
0.067365156
-0.072530202
-0.077883146
-0.072641187
-0.077548874
-0.072533756
-0.077887551
-0.07264542
0.077572739
0.072651803
0.077911188
0.072540101
0.077598642
0.072656656
0.077936279
-0.083139099
-0.088034844
-0.082958322
-0.088317301
-0.083139949
-0.088022878
-0.082956435
0.088303577
0.082967159
0.08803507
0.083178534
0.088325579
0.082980714
0.088062672
-0.092681247
-0.097574628
-0.092540653
-0.09778537
-0.092682582
-0.097576184
-0.092542326
0.097777053
0.092537082
0.097573979
0.092677831
0.097786844
0.092540041
0.09757933
-0.092544551
-0.097787164
-0.092684637
-0.09759234
-0.092549878
-0.097806449
-0.092690818
0.097585074
0.092683785
0.0977962
0.092542035
0.097579149
0.092680528
0.097787415
-0.082975092
-0.088328548
-0.08315727
-0.088056103
-0.082985182
-0.088333421
-0.083175883
0.088032718
0.083150387
0.088318474
0.082969404
0.088041759
0.083146443
0.08830858
-0.072637582
-0.07754296
-0.072512969
-0.077918563
-0.072650443
-0.077564588
-0.072522516
0.077903271
0.072539195
0.077568559
0.072648087
0.077895689
0.072531456
0.077553706
-0.062501962
-0.06739625
-0.062756173
-0.067346647
-0.062481193
-0.067364242
-0.062713881
0.067398553
0.06280448
0.067443971
0.06252894
0.067390143
0.062783781
0.067425182
-0.052771962
-0.058110702
-0.052920808
-0.057793304
-0.052750045
-0.058095328
-0.0528986
0.057868931
0.052932002
0.05814774
0.052791549
0.057854038
0.052934342
0.058138112
-0.022520215
-0.027554746
-0.022647174
-0.027639646
-0.022509345
-0.027529372
-0.022625523
0.027649016
0.0226199
0.027538304
0.022497055
0.027643437
0.022592594
0.027522214
-0.022647482
-0.027655101
-0.022520518
-0.027557521
-0.022640699
-0.027658125
-0.022520772
0.027567034
0.022531801
0.027661148
0.02266194
0.027560981
0.022531158
0.027661374
-0.052956573
-0.057918368
-0.05281983
-0.058132115
-0.052916974
-0.057860887
-0.052790167
0.058115124
0.052761719
0.057828808
0.052884064
0.058104958
0.052762186
0.057832996
-0.062856563
-0.067398733
-0.062557719
-0.067421064
-0.062793905
-0.067379422
-0.062530264
0.06739416
0.062506606
0.067360967
0.062767851
0.067405296
0.062511794
0.06736405
-0.072537305
-0.077909013
-0.072651966
-0.077575969
-0.072536176
-0.077916711
-0.072653222
0.077564789
0.072640562
0.077903788
0.072502835
0.077498058
0.07261668
0.077836884
-0.083160326
-0.088030165
-0.082963536
-0.088340456
-0.083167951
-0.088041856
-0.082969549
0.088332692
0.082975137
0.088066713
0.083099417
0.08828724
0.08295117
0.088038018
-0.09268805
-0.097584722
-0.092545367
-0.097796695
-0.092688885
-0.097581575
-0.092545568
0.097793149
0.092541827
0.097582631
0.092679713
0.097789628
0.092541483
0.097580911
-0.092551047
-0.097809207
-0.092692382
-0.097588982
-0.092549866
-0.097799259
-0.092689858
0.097572792
0.092676612
0.09777365
0.092541727
0.09757362
0.092678801
0.09777593
-0.082993952
-0.088377281
-0.083208962
-0.088053677
-0.082988398
-0.088374409
-0.083199173
0.088055692
0.083166825
0.088333523
0.08298879
0.08806063
0.083193494
0.088358489
-0.072661611
-0.077597143
-0.072532906
-0.077937207
-0.072656113
-0.077582315
-0.072526362
0.077912502
0.07253423
0.077568427
0.072658062
0.07793839
0.072537905
0.077593583
-0.062473543
-0.067360601
-0.062701028
-0.067346801
-0.062476057
-0.067364878
-0.062706696
0.067385109
0.062772012
0.067418852
0.062513595
0.067378487
0.062750533
0.067401973
-0.052731865
-0.058080727
-0.052863828
-0.057781333
-0.052730183
-0.058088038
-0.052862844
0.057842181
0.052940459
0.058129481
0.052766587
0.057817855
0.052909198
0.058108642
-0.02251172
-0.027546355
-0.022641007
-0.027644876
-0.022515567
-0.027558084
-0.022653779
0.027646837
0.022610832
0.027530439
0.022522297
0.027659019
0.022657778
0.0275624
-0.022659075
-0.027661031
-0.022526078
-0.027577533
-0.0226746
-0.027658426
-0.022527398
0.027573749
0.02253435
0.027665641
0.022675002
0.027586887
0.0225362
0.027667618
-0.052891861
-0.057815559
-0.052767106
-0.05810121
-0.052896963
-0.05783493
-0.052766684
0.058135761
0.052770608
0.057860935
0.052899742
0.058138303
0.052779241
0.057873771
-0.062748087
-0.067362325
-0.062509761
-0.067404972
-0.062772958
-0.067361693
-0.062509945
0.067428191
0.062523549
0.067372014
0.062814336
0.067433173
0.062534539
0.067379354
-0.072529611
-0.077906637
-0.072648024
-0.077545927
-0.072520456
-0.077887186
-0.072639238
0.077498303
0.072616272
0.077835053
0.07252308
0.077546426
0.072636423
0.077884134
-0.083158502
-0.088036503
-0.082966101
-0.088312417
-0.083141203
-0.088026876
-0.082959638
0.088274394
0.082945078
0.08802804
0.083138271
0.088316333
0.082957356
0.088031318
-0.092686339
-0.097579253
-0.092544555
-0.097790775
-0.092685071
-0.097580723
-0.09254431
0.097779425
0.092540071
0.097575043
0.092680056
0.097789415
0.092541323
0.097581459
-0.092548499
-0.097793755
-0.092688725
-0.097586115
-0.092549536
-0.0977987
-0.092690831
0.097582637
0.092686926
0.09779254
0.09255201
0.09759061
0.092694325
0.097804382
-0.08297517
-0.088327543
-0.083163791
-0.088038597
-0.082969092
-0.088314366
-0.083149855
0.088061764
0.083171666
0.088341151
0.082978148
0.088064981
0.083145499
0.088323244
-0.072644313
-0.077552392
-0.072516641
-0.077893299
-0.072638329
-0.077545379
-0.072515359
0.077911314
0.072527141
0.077560911
0.072637519
0.07788042
0.072519593
0.077532088
-0.062484021
-0.067378396
-0.0627192
-0.067363108
-0.062498028
-0.067388404
-0.06273409
0.067378035
0.062760213
0.06740853
0.062531493
0.067387097
0.062802629
0.067442615
-0.052739109
-0.058075326
-0.052874524
-0.057798728
-0.052760208
-0.058069548
-0.052907298
0.057816492
0.05286528
0.058094795
0.052746433
0.057842521
0.052841887
0.058092141
-0.022513778
-0.027559376
-0.022659
-0.027627868
-0.022498332
-0.027520549
-0.022624188
0.027666166
0.022672513
0.027581322
0.022528747
0.027660826
0.022656318
0.027566631
-0.022640413
-0.027647023
-0.022515464
-0.027539707
-0.022621214
-0.02764285
-0.022508097
0.027577774
0.02253414
0.027663103
0.022675578
0.027577893
0.022534779
0.027661029
-0.052897112
-0.05785572
-0.052767998
-0.058115228
-0.052878565
-0.05783435
-0.05275571
0.058126376
0.052779247
0.057874496
0.052870405
0.05811816
0.052774864
0.057880195
-0.062796488
-0.067361742
-0.062512479
-0.067394884
-0.062764377
-0.06735133
-0.062500576
0.067440967
0.062541656
0.06738711
0.062837394
0.067460473
0.062547746
0.067395157
-0.07251486
-0.077882728
-0.072636334
-0.077562874
-0.072516712
-0.077912103
-0.072641059
0.077582006
0.072654413
0.07791859
0.072546425
0.0775823
0.072659734
0.077921687
-0.083142041
-0.088032735
-0.082962465
-0.088351353
-0.083173687
-0.088050407
-0.082974887
0.088340016
0.082970306
0.088042657
0.083173643
0.088349943
0.082976181
0.088049672
-0.092684306
-0.097581975
-0.092544619
-0.097788491
-0.092684124
-0.09758164
-0.092544985
0.09778823
0.092540509
0.097580132
0.092677515
0.097782772
0.092537494
0.097574259
-0.092551125
-0.097807091
-0.09269384
-0.097593523
-0.092551589
-0.097813886
-0.092694966
0.097596346
0.092696103
0.097810744
0.092551221
0.097591283
0.092691471
0.097803082
-0.08297167
-0.088321223
-0.083152467
-0.088039914
-0.08296914
-0.088322849
-0.083152339
0.088056544
0.08315149
0.088341366
0.082968021
0.088043261
0.083143111
0.088324263
-0.072639502
-0.077549756
-0.072519688
-0.077896767
-0.072643973
-0.077551309
-0.072525184
0.077882565
0.072515751
0.077534356
0.072629273
0.077876197
0.07250916
0.077524749
-0.062520144
-0.067426059
-0.062780485
-0.067395122
-0.062539199
-0.067453107
-0.062818513
0.067392897
0.062825018
0.067458218
0.062544885
0.067393103
0.062831077
0.067456572
-0.052786478
-0.058144716
-0.052934899
-0.057885975
-0.052802745
-0.058168039
-0.052940102
0.057858419
0.052853052
0.058094193
0.052769027
0.057868906
0.052892255
0.058111688
-0.022485478
-0.027493212
-0.022581134
-0.027636958
-0.022495607
-0.027529224
-0.022605547
0.027657322
0.02266861
0.027567867
0.022538275
0.027657071
0.022698679
0.027583505
-0.022644526
-0.027651428
-0.022514036
-0.027560044
-0.022644646
-0.027652069
-0.022515826
0.027571803
0.022534304
0.027658774
0.022673991
0.027566767
0.022531212
0.027655956
-0.052864501
-0.057827752
-0.052746536
-0.058122254
-0.052872235
-0.057823613
-0.052743605
0.058104735
0.052777337
0.05786289
0.05290479
0.058106394
0.052783004
0.057861372
-0.062750458
-0.067341454
-0.062490656
-0.067371856
-0.062742096
-0.06733127
-0.062480598
0.067444155
0.062543527
0.067391994
0.062812156
0.067438969
0.062539517
0.067386703
-0.072508971
-0.0779088
-0.072636993
-0.077527874
-0.07249914
-0.077885547
-0.07262795
0.077574067
0.07265396
0.077911365
0.072526836
0.07753559
0.072639891
0.077873161
-0.0831717
-0.088043481
-0.082974941
-0.088327789
-0.083153533
-0.088048265
-0.082973312
0.088344943
0.082973269
0.088047646
0.083131246
0.088310979
0.082964866
0.088043521
-0.092685465
-0.09758126
-0.092545643
-0.097793358
-0.092687535
-0.097582479
-0.092547055
0.097775435
0.092534394
0.097566643
0.092674343
0.097770885
0.092533769
0.0975637
-0.092548125
-0.097800532
-0.092689054
-0.097579061
-0.092543715
-0.097786186
-0.092681981
0.097582736
0.092686804
0.097792965
0.092544428
0.097577379
0.092684295
0.097787074
-0.082970472
-0.088321283
-0.083158541
-0.088051211
-0.082984793
-0.088344107
-0.083186115
0.088045061
0.083141208
0.088308259
0.082978546
0.088054772
0.083166286
0.08832794
-0.07265252
-0.077560836
-0.072532805
-0.077938331
-0.072667435
-0.077593341
-0.072545371
0.077880832
0.072513721
0.077533312
0.072644948
0.077911515
0.072524277
0.07756619
-0.062541446
-0.067440568
-0.062808481
-0.067396854
-0.06254001
-0.067442519
-0.06280439
0.067391163
0.062822719
0.067453675
0.062515812
0.067378909
0.062776903
0.067424425
-0.052803262
-0.058129512
-0.05294514
-0.057867686
-0.05279549
-0.058140927
-0.052925986
0.057862303
0.052885418
0.058108658
0.052742376
0.057822999
0.052859276
0.058086451
-0.022512486
-0.027564681
-0.022650204
-0.027654047
-0.022515768
-0.027567005
-0.022652604
0.02765002
0.022680994
0.027571221
0.02251544
0.027643216
0.022635287
0.027547243
-0.022639676
-0.027650805
-0.022516015
-0.027559227
-0.022652281
-0.027656564
-0.022520882
0.027558634
0.022525842
0.027652485
0.022643117
0.027548926
0.022521406
0.02765232
-0.052872683
-0.057790714
-0.052736417
-0.058075793
-0.052865568
-0.057781414
-0.052736309
0.058120448
0.052788532
0.05786602
0.052922919
0.058156113
0.052794579
0.057874218
-0.062708614
-0.067326103
-0.062469288
-0.067346396
-0.062701785
-0.067331299
-0.062471704
0.067433858
0.062537051
0.067384464
0.062803843
0.067433473
0.062537587
0.067387889
-0.072498117
-0.077872898
-0.072623416
-0.077518147
-0.07249904
-0.077866295
-0.072621987
0.077528221
0.072637725
0.077866415
0.072536582
0.077571858
0.072647538
0.077905068
-0.083146783
-0.08807056
-0.082976898
-0.088336284
-0.083141134
-0.088064499
-0.082974366
0.088309788
0.082967298
0.088051366
0.083164291
0.088348827
0.082981233
0.088071795
-0.092688956
-0.097582464
-0.092548199
-0.097796042
-0.092691258
-0.097584624
-0.092550311
0.097785217
0.092536915
0.097572291
0.092681041
0.097786829
0.092539553
0.097576004
-0.092542143
-0.097784312
-0.092679532
-0.097580002
-0.092543327
-0.097788529
-0.092681507
0.097577665
0.092684035
0.097785579
0.09254725
0.09758466
0.09268722
0.097795715
-0.082992875
-0.088341242
-0.083195327
-0.088060046
-0.083000461
-0.088368511
-0.083211983
0.08804795
0.083177337
0.0883258
0.082985414
0.088052217
0.083189459
0.088351048
-0.072675468
-0.077596458
-0.072548759
-0.077962414
-0.072682061
-0.077606338
-0.072552639
0.077927138
0.072527916
0.077578341
0.072654142
0.077934364
0.072526903
0.077583181
-0.062535856
-0.067414528
-0.062787109
-0.067391686
-0.062540587
-0.067428774
-0.062803774
0.06736047
0.062722226
0.067381344
0.062474038
0.067346594
0.062688353
0.067349877
-0.052787759
-0.058132271
-0.052916391
-0.057862555
-0.052785237
-0.058121754
-0.052905415
0.057776121
0.052856486
0.058050221
0.052717679
0.057754442
0.052850415
0.058045809
-0.022508473
-0.027549274
-0.022634872
-0.027636358
-0.02249858
-0.027533581
-0.022617823
0.027647331
0.022633936
0.02754951
0.022523069
0.027657728
0.022661616
0.027575633
-0.022646499
-0.027659083
-0.022521975
-0.027556074
-0.022650575
-0.02765835
-0.022525147
0.027578085
0.022526954
0.027665701
0.022662699
0.027596406
0.022531135
0.027675365
-0.052890851
-0.057828024
-0.052757064
-0.058139415
-0.052925417
-0.057854512
-0.052775285
0.058175786
0.052797177
0.057887874
0.052913667
0.058164017
0.052797112
0.05789462
-0.062752482
-0.067351096
-0.062491418
-0.06743125
-0.062786319
-0.067367644
-0.062505832
0.067441993
0.062542211
0.067389983
0.062827211
0.067440561
0.062546489
0.067387974
-0.072507579
-0.077882666
-0.072629995
-0.077559104
-0.072524044
-0.077908848
-0.07264507
0.077565879
0.072646589
0.077906588
0.072521018
0.077541443
0.072638108
0.077887607
-0.083151096
-0.088049063
-0.082972749
-0.088338187
-0.083167614
-0.088049889
-0.082976538
0.088344337
0.082980806
0.08806484
0.083150698
0.088329289
0.082971476
0.088050001
-0.09269403
-0.097589595
-0.092552801
-0.09780692
-0.092695376
-0.097593392
-0.092554863
0.09778369
0.092540989
0.097576949
0.092681116
0.097787247
0.092543086
0.097581492
-0.092545554
-0.097795791
-0.092685336
-0.097584982
-0.092546591
-0.097795455
-0.092686897
0.097589133
0.092689362
0.097802822
0.092549283
0.097586849
0.092686717
0.097794264
-0.08300408
-0.088353402
-0.083206731
-0.088071087
-0.083002948
-0.088337453
-0.083193568
0.088055304
0.08318261
0.088347859
0.082971413
0.088046516
0.083149103
0.088306181
-0.072681505
-0.077599959
-0.072551626
-0.077942712
-0.072677153
-0.077578585
-0.072544978
0.077926005
0.072521425
0.077573286
0.072639501
0.077895613
0.072513318
0.077544727
-0.062548929
-0.067447582
-0.062827587
-0.067397111
-0.062549636
-0.067438528
-0.062817673
0.067347986
0.062712185
0.067368988
0.062488321
0.067355089
0.062758053
0.067405241
-0.052788157
-0.058144976
-0.05289769
-0.05787754
-0.052792787
-0.058140855
-0.052915457
0.057788859
0.052863007
0.058103542
0.052750663
0.057835553
0.052900913
0.058150267
-0.022492007
-0.027520055
-0.02260665
-0.027628043
-0.022491399
-0.027525932
-0.022609578
0.027657187
0.022666015
0.027574046
0.022510086
0.027643761
0.022627681
0.027532103
-0.02267207
-0.027662279
-0.022532492
-0.027590514
-0.022684621
-0.027665349
-0.022536488
0.027569084
0.022527424
0.027667991
0.022647592
0.027552181
0.022523749
0.027659193
-0.052914901
-0.057823545
-0.052766713
-0.058082416
-0.052899573
-0.057780571
-0.052750843
0.05815552
0.052792231
0.057895689
0.052894163
0.05812383
0.052787269
0.057881421
-0.062756721
-0.067365551
-0.062496553
-0.067366212
-0.062700435
-0.067348607
-0.062474276
0.067450068
0.062547883
0.067387577
0.062829598
0.067446906
0.062544555
0.067384256
-0.072537974
-0.077925017
-0.072656033
-0.077588391
-0.072539481
-0.077925483
-0.072657683
0.077533308
0.072633903
0.077878853
0.072515427
0.077535089
0.072632399
0.077882031
-0.083174652
-0.088047308
-0.082977536
-0.088318936
-0.083167697
-0.088037727
-0.082972822
0.088337623
0.082965568
0.088040892
0.083146403
0.088331249
0.08296411
0.088044643
-0.092695337
-0.097594249
-0.092555681
-0.097809346
-0.092696126
-0.097597205
-0.092556406
0.097790802
0.092544639
0.097584299
0.092684627
0.097794828
0.092545988
0.097585352
-0.092546115
-0.097793181
-0.092686127
-0.097580854
-0.092543992
-0.097791345
-0.092684621
0.097589615
0.092687037
0.097798059
0.092549904
0.097591065
0.092686693
0.097800884
-0.083005075
-0.088362688
-0.083214816
-0.08805823
-0.082997878
-0.088348407
-0.083203114
0.088031358
0.083142972
0.088290468
0.082970046
0.088029904
0.08317149
0.088327861
-0.072681861
-0.077605385
-0.07255184
-0.077953736
-0.072675649
-0.077593258
-0.072547037
0.07789459
0.072514071
0.077548096
0.072646683
0.077920582
0.072522043
0.077574612
-0.062552906
-0.067457541
-0.062832795
-0.067398094
-0.062548704
-0.067448865
-0.062824186
0.067347185
0.062712188
0.06736985
0.06246455
0.067340914
0.062671021
0.067338687
-0.05279595
-0.058153586
-0.052915023
-0.057887295
-0.052794479
-0.058160896
-0.052916697
0.057786004
0.052890229
0.058084462
0.052715811
0.05774593
0.052851093
0.058052557
-0.022494576
-0.027540354
-0.022617281
-0.02763575
-0.022497733
-0.027543747
-0.02262292
0.027640292
0.022624896
0.027533537
0.022510241
0.02764283
0.022635435
0.027547703
-0.022673801
-0.027656276
-0.02253116
-0.02754572
-0.022654009
-0.027646801
-0.022523189
0.027552794
0.022523953
0.02765656
0.022660198
0.027570851
0.022524633
0.027659799
-0.052916349
-0.057776743
-0.052752396
-0.058150994
-0.05292641
-0.057808093
-0.052760383
0.058116664
0.052787952
0.057872034
0.052905583
0.05812604
0.0527848
0.05786955
-0.06267985
-0.06733722
-0.062463719
-0.067359889
-0.062705983
-0.067338627
-0.062469531
0.06743371
0.062539747
0.067379106
0.062813401
0.067436461
0.062536548
0.067380706
-0.072531659
-0.077911222
-0.072652104
-0.077558327
-0.072526409
-0.077901643
-0.072646863
0.077534638
0.072631312
0.077881981
0.072517467
0.077532748
0.072630799
0.077874107
-0.083157578
-0.088034474
-0.082969287
-0.088329705
-0.083155579
-0.08804866
-0.082971896
0.088325851
0.082960513
0.088037132
0.083136534
0.088326188
0.082956326
0.088031926
-0.092694623
-0.097596423
-0.092555617
-0.097800769
-0.092691531
-0.097590757
-0.092553175
0.097801409
0.092546863
0.097587506
0.092685701
0.09779988
0.092546076
0.097587259
-0.092541071
-0.097784082
-0.092681714
-0.09756806
-0.092538255
-0.097773947
-0.092678968
0.097587462
0.092684057
0.097794457
0.092546203
0.097584479
0.092683107
0.097791791
-0.082991327
-0.088344871
-0.083190796
-0.088052394
-0.082976723
-0.088321097
-0.083160047
0.088038782
0.083185085
0.088363396
0.082981822
0.088050704
0.083183897
0.088358091
-0.072663742
-0.077580525
-0.072535707
-0.077903656
-0.072646818
-0.077551275
-0.072523228
0.077924232
0.072523279
0.077568874
0.072649711
0.07792188
0.072523764
0.07756542
-0.062540024
-0.06742709
-0.062801857
-0.067384791
-0.062536498
-0.067425831
-0.062800431
0.067350261
0.062700007
0.06736498
0.062499615
0.067365549
0.062751511
0.067402255
-0.052788284
-0.058147448
-0.052917704
-0.057856669
-0.052778235
-0.058114299
-0.052901073
0.057772776
0.052848602
0.058084328
0.052744174
0.057814757
0.052880758
0.05810256
-0.022499091
-0.027545394
-0.022622628
-0.027637668
-0.022499541
-0.02754851
-0.022623811
0.027648115
0.022636391
0.027553819
0.022530938
0.027660366
0.022674181
0.027581165
-0.022654973
-0.02764905
-0.022523721
-0.027563033
-0.022669926
-0.027656664
-0.022530178
0.027572541
0.022519973
0.027656447
0.022630536
0.027544866
0.02251063
0.027645208
-0.052897228
-0.057810425
-0.052754908
-0.058123443
-0.052875821
-0.057831675
-0.052754189
0.058125303
0.052780052
0.057868456
0.052890758
0.058106623
0.052776707
0.057859026
-0.062719838
-0.067345397
-0.062479607
-0.06740025
-0.062757032
-0.067359071
-0.062497603
0.067441951
0.062536385
0.067384338
0.062807869
0.067436775
0.062534678
0.067383515
-0.072527312
-0.07790121
-0.072645373
-0.077577652
-0.0725306
-0.07791286
-0.072643726
0.077537872
0.072632555
0.077874091
0.072526627
0.077549269
0.072635175
0.077881776
-0.083155356
-0.088059191
-0.082974031
-0.088342049
-0.083166511
-0.088048616
-0.082969434
0.088319074
0.082957308
0.088039806
0.08313655
0.088315219
0.082957684
0.08803859
-0.092690221
-0.097590436
-0.092552182
-0.097801458
-0.092689955
-0.097591266
-0.092551351
0.097789325
0.09254351
0.097581611
0.092678489
0.097781211
0.09254067
0.097575092
-0.092539213
-0.097779418
-0.092680786
-0.097578843
-0.09254274
-0.097793709
-0.092685066
0.097581586
0.092682761
0.097787531
0.092546713
0.097583546
0.092685273
0.097791701
-0.082963393
-0.088305221
-0.083135377
-0.088027399
-0.082958039
-0.088318379
-0.083147801
0.088060615
0.083179656
0.088346017
0.082972526
0.088054163
0.083147516
0.088318473
-0.072636024
-0.077530019
-0.072517168
-0.077894491
-0.072636158
-0.07755617
-0.072523208
0.077921342
0.072527867
0.077573227
0.072638138
0.077888156
0.072522266
0.077542768
-0.062538806
-0.067439077
-0.062809201
-0.067393512
-0.062541785
-0.067448581
-0.062817372
0.06737768
0.062786609
0.067426639
0.062528939
0.067386326
0.062791949
0.067433841
-0.052772766
-0.058112535
-0.052884579
-0.057869934
-0.052774262
-0.05813272
-0.052886711
0.057844026
0.052888594
0.058119214
0.052763548
0.057844395
0.052880267
0.058109786
-0.02249872
-0.027539074
-0.022621469
-0.027633834
-0.022500547
-0.027541157
-0.022624329
0.02766618
0.022698399
0.027597167
0.022533777
0.027658353
0.022687236
0.027577664
-0.022677391
-0.027663766
-0.022534757
-0.027577305
-0.022669392
-0.027667183
-0.022534947
0.027548192
0.022509608
0.027644608
0.022655363
0.027568281
0.022515893
0.027648501
-0.052881321
-0.057856882
-0.052761487
-0.058134904
-0.052877885
-0.057865448
-0.052762722
0.058114564
0.052782176
0.057865694
0.052905147
0.058150673
0.052785854
0.057882733
-0.062792527
-0.067371451
-0.06251451
-0.067434639
-0.062805238
-0.067374035
-0.062521071
0.067434813
0.062536417
0.067383176
0.062822498
0.067443234
0.06254198
0.067387163
-0.072516946
-0.077878926
-0.072628611
-0.077494757
-0.072503801
-0.077833761
-0.072612841
0.077542419
0.072636154
0.077878646
0.072530266
0.077550189
0.072641841
0.077890856
-0.083136584
-0.088031697
-0.082954743
-0.088284273
-0.083095544
-0.08802801
-0.082941373
0.088307229
0.082958374
0.088039552
0.083145216
0.08832167
0.082963482
0.088046937
-0.092688795
-0.097589968
-0.092549876
-0.097792787
-0.092685334
-0.097583607
-0.092547231
0.097788928
0.092541042
0.097578782
0.092680978
0.097793449
0.092541537
0.097580796
-0.092545449
-0.097795347
-0.092686683
-0.097583912
-0.092548594
-0.097793853
-0.092687488
0.097585607
0.092687853
0.097795552
0.092551032
0.097590146
0.092689845
0.097801827
-0.082955587
-0.088313207
-0.083142744
-0.088040079
-0.082953973
-0.088310712
-0.083132556
0.08804877
0.083140087
0.08832023
0.082966589
0.088053031
0.083148972
0.088328283
-0.072632059
-0.077550188
-0.072519718
-0.077874815
-0.072624368
-0.077535273
-0.072513325
0.077878328
0.072518575
0.077532893
0.072633479
0.077888746
0.072522005
0.077546232
-0.062541218
-0.067441113
-0.062808643
-0.067392491
-0.062543815
-0.067444893
-0.062818643
0.067396752
0.062830812
0.067467411
0.062543383
0.067397002
0.062849638
0.067482286
-0.052777282
-0.058135716
-0.05289566
-0.057876347
-0.052781928
-0.058143614
-0.052898127
0.057875798
0.052889176
0.058126627
0.052785113
0.057897953
0.052907572
0.058154351
-0.022505615
-0.027548829
-0.022630902
-0.027646895
-0.02251382
-0.027554398
-0.022640327
0.027642539
0.022651105
0.027543623
0.022503438
0.027628262
0.022630252
0.02752454
-0.022665596
-0.027670465
-0.02253621
-0.027588949
-0.022684574
-0.027676156
-0.022546764
0.027549228
0.022513881
0.027642468
0.022634331
0.027531093
0.022513786
0.027638371
-0.052876364
-0.057857823
-0.052758385
-0.058094759
-0.052874217
-0.057823974
-0.052750717
0.058157192
0.052785314
0.057896487
0.052905067
0.05815108
0.052789053
0.057901714
-0.062794758
-0.067371944
-0.062518835
-0.067399167
-0.062768325
-0.067378572
-0.062524257
0.067456912
0.062551801
0.067395665
0.062856623
0.067467067
0.062570283
0.06741327
-0.072514345
-0.07785714
-0.072621726
-0.077559693
-0.072539202
-0.077898556
-0.072648024
0.077566787
0.072650249
0.077910443
0.072549772
0.077558655
0.072662815
0.077910925
-0.083114278
-0.088045047
-0.082947272
-0.088321099
-0.083146414
-0.088043505
-0.082957376
0.088333977
0.082968602
0.088056158
0.083154589
0.088315435
0.082969595
0.088052952
-0.092682998
-0.097582973
-0.09254668
-0.097787947
-0.092685209
-0.097590309
-0.09255816
0.097777159
0.092540465
0.097573905
0.092678185
0.097776071
0.092553254
0.097583682
-0.092553632
-0.097803836
-0.092691363
-0.097602884
-0.092567175
-0.097800955
-0.092694575
0.097594565
0.092690245
0.097805169
0.092563526
0.097598213
0.092689972
0.097794821
-0.082950903
-0.088301174
-0.083119439
-0.088048748
-0.082955427
-0.088301329
-0.083125163
0.088055842
0.083145297
0.088321521
0.082957428
0.088043044
0.083128348
0.088297755
-0.072621117
-0.077521342
-0.07251221
-0.077872187
-0.072635121
-0.077529804
-0.072528138
0.077887654
0.072519315
0.077545954
0.072640087
0.077876539
0.072524735
0.077526581
-0.062549176
-0.06745142
-0.062829179
-0.067409046
-0.062564239
-0.067446027
-0.062825713
0.067379521
0.062774997
0.067416253
0.06251747
0.067378294
0.062740416
0.067383093
-0.052787717
-0.058150043
-0.052906396
-0.057884591
-0.05279327
-0.058157358
-0.052913956
0.057838217
0.052913735
0.058115019
0.052768096
0.05781404
0.052919384
0.058115159
-0.022524913
-0.027563504
-0.022661444
-0.02766528
-0.022538427
-0.027575196
-0.022684023
0.027622453
0.022614858
0.027513001
0.022506617
0.027632436
0.022617763
0.027517871
-0.022711065
-0.027683211
-0.022562962
-0.027609468
-0.022748728
-0.027636138
-0.022659217
0.02754448
0.022531383
0.027649783
0.02271874
0.027577681
0.022640034
0.027616076
-0.052882675
-0.057829931
-0.052760031
-0.058092791
-0.052928605
-0.057849056
-0.05284875
0.058116756
0.052790591
0.057888602
0.052921439
0.05810266
0.052866545
0.05787915
-0.062794815
-0.067420742
-0.062563911
-0.067476367
-0.062868745
-0.067511618
-0.062711938
0.067465249
0.062600746
0.067447542
0.06289728
0.067485875
0.062728732
0.067518383
-0.072582421
-0.077924536
-0.072686065
-0.077610808
-0.072688109
-0.077945878
-0.072812108
0.077591892
0.072696966
0.077941276
0.072692161
0.077625113
0.072817253
0.07795864
-0.083163462
-0.0880466
-0.0829674
-0.08832616
-0.08318194
-0.088054221
-0.083037502
0.088313069
0.082978131
0.088061445
0.083182698
0.088301339
0.083043865
0.088064243
-0.0927046
-0.097617387
-0.092586432
-0.097809197
-0.092810164
-0.097659411
-0.092697282
0.097790461
0.09258416
0.097615822
0.092807092
0.097807776
0.092696971
0.097663035
-0.09259436
-0.097799794
-0.092710821
-0.097670424
-0.092705377
-0.097818204
-0.0928164
0.097620952
0.092705293
0.097793661
0.09269854
0.097665853
0.092809269
0.097811249
-0.08296705
-0.088318683
-0.083142198
-0.088058567
-0.083039763
-0.088319445
-0.083169759
0.08803997
0.083149791
0.088312201
0.083049357
0.088052289
0.083212876
0.088341881
-0.072670456
-0.077542296
-0.072568288
-0.077924762
-0.072800989
-0.077581135
-0.072673558
0.077911496
0.072574313
0.077558551
0.07282683
0.077983088
0.072698416
0.07764843
-0.062608985
-0.067471682
-0.062863
-0.06754764
-0.06275867
-0.067539981
-0.062956528
0.067418236
0.062761413
0.067398379
0.062710542
0.067517581
0.062837569
0.067450692
-0.05280861
-0.058164723
-0.052923326
-0.057941564
-0.052896234
-0.058177344
-0.052946803
0.057822982
0.052928028
0.058117812
0.052861442
0.057835765
0.052946848
0.05809839
-0.022550248
-0.0275777
-0.022693752
-0.027620179
-0.022643241
-0.027578878
-0.022722347
0.027660289
0.022682524
0.02756659
0.022654666
0.027630534
0.022753387
0.027606039
)
;

boundaryField
{
    jellyRoll_to_cap
    {
        type            calculated;
        value           nonuniform List<scalar> 
1528
(
-0.017295905
-0.0074631094
0.0025044047
0.012414426
0.021977789
-0.047297838
-0.038076103
-0.027650763
-0.01758396
-0.0075082876
0.002499694
0.012527084
0.022640715
0.032679348
0.042910881
-0.058169644
-0.047762051
-0.037623128
-0.02755034
-0.017520332
-0.0075040804
0.0025006964
0.012509385
0.022531763
0.032583396
0.042732672
0.052891872
0.062917131
-0.07710292
-0.068064368
-0.057800856
-0.047595609
-0.037530841
-0.027510028
-0.017503215
-0.0075006758
0.0025001425
0.012501529
0.022505737
0.03252008
0.042565767
0.052678706
0.062964383
0.072962415
-0.078168918
-0.067764509
-0.057596721
-0.047525229
-0.037505373
-0.027501151
-0.017500272
-0.0075000488
0.002500013
0.012500126
0.022500577
0.032502835
0.042513203
0.052551902
0.062658084
0.072904392
0.083363356
-0.088428239
-0.077894984
-0.067613011
-0.057525757
-0.047504452
-0.037500592
-0.027500075
-0.017500011
-0.0075000013
0.0025000007
0.012500005
0.022500031
0.032500239
0.042501755
0.052510761
0.062552842
0.072708735
0.083103148
0.092415988
-0.097762118
-0.08799376
-0.077652494
-0.067534386
-0.057505203
-0.047500547
-0.037500041
-0.027500003
-0.0175
-0.0074999999
0.0025
0.0125
0.022500001
0.032500013
0.042500156
0.052501666
0.062513488
0.07257559
0.082787368
0.093649477
-0.098482769
-0.087751577
-0.077559228
-0.06750891
-0.057500842
-0.04750005
-0.037500002
-0.0275
-0.0175
-0.0075
0.0025
0.0125
0.0225
0.0325
0.04250001
0.052500204
0.062502865
0.072524701
0.082630793
0.092971928
0.10229669
-0.097914736
-0.08761761
-0.077521799
-0.067502303
-0.057500137
-0.047500005
-0.0375
-0.0275
-0.0175
-0.0075
0.0025
0.0125
0.0225
0.0325
0.042500001
0.052500026
0.062500603
0.072507597
0.08255341
0.092722233
0.10337184
-0.10683421
-0.097632117
-0.087542494
-0.077507088
-0.067500612
-0.057500027
-0.0475
-0.0375
-0.0275
-0.0175
-0.0075
0.0025
0.0125
0.0225
0.0325
0.0425
0.052500005
0.06250014
0.072502211
0.082518515
0.092583204
0.10267852
-0.10728757
-0.097475854
-0.087502568
-0.077500966
-0.06750009
-0.057500003
-0.0475
-0.0375
-0.0275
-0.0175
-0.0075
0.0025
0.0125
0.0225
0.0325
0.0425
0.052500001
0.062500017
0.072500258
0.082501305
0.092493943
0.10240325
-0.10745938
-0.097484944
-0.087499445
-0.077500245
-0.067500025
-0.0575
-0.0475
-0.0375
-0.0275
-0.0175
-0.0075
0.0025
0.0125
0.0225
0.0325
0.0425
0.0525
0.062500002
0.072500016
0.082499466
0.092490939
0.10246366
-0.10706346
-0.097521666
-0.087518574
-0.07750337
-0.067500273
-0.05750001
-0.0475
-0.0375
-0.0275
-0.0175
-0.0075
0.0025
0.0125
0.0225
0.0325
0.0425
0.052500002
0.062500059
0.072500971
0.082507651
0.092523679
0.10244809
-0.10690212
-0.097865764
-0.087583825
-0.077513576
-0.067501233
-0.057500058
-0.047500001
-0.0375
-0.0275
-0.0175
-0.0075
0.0025
0.0125
0.0225
0.0325
0.0425
0.052500011
0.062500301
0.072504336
0.082533949
0.092655923
0.10334078
-0.097897381
-0.087674385
-0.077537865
-0.067504757
-0.057500344
-0.047500014
-0.0375
-0.0275
-0.0175
-0.0075
0.0025
0.0125
0.0225
0.0325
0.042500002
0.052500076
0.062501383
0.072514375
0.082585811
0.092802481
0.10269854
-0.098413788
-0.087896977
-0.077605646
-0.067518802
-0.057502208
-0.047500177
-0.037500011
-0.0275
-0.0175
-0.0075
0.0025
0.0125
0.0225
0.032500002
0.042500041
0.052500655
0.062506885
0.072547321
0.082709517
0.093117039
-0.088128415
-0.077752174
-0.067565624
-0.057512386
-0.047501755
-0.037500192
-0.027500019
-0.017500002
-0.0075000001
0.0025
0.0125
0.022500004
0.03250005
0.042500562
0.052504848
0.062530803
0.072641668
0.082943264
0.093399362
-0.08826227
-0.078064777
-0.067684674
-0.057554892
-0.047512562
-0.037502277
-0.027500359
-0.017500061
-0.0075000095
0.0025000022
0.012500026
0.022500138
0.03250084
0.042505173
0.052526701
0.062605767
0.072844138
0.083812739
-0.07803505
-0.067911003
-0.057694741
-0.04756244
-0.037516813
-0.027503868
-0.017500898
-0.0075001578
0.0025000502
0.012500482
0.02250198
0.032507886
0.042531389
0.052608876
0.062798015
0.073088391
0.082011472
-0.068161086
-0.058037672
-0.047707424
-0.037576587
-0.027523139
-0.017506966
-0.0075012051
0.0025004593
0.012504229
0.022515025
0.032542847
0.0426268
0.052801406
0.06358105
0.07197295
-0.057246991
-0.048307287
-0.037756259
-0.027578766
-0.01753043
-0.0075030338
0.0025015105
0.012517722
0.022569113
0.032640665
0.042830185
0.052985086
-0.037040398
-0.027803261
-0.017584213
-0.0074885948
0.00250067
0.01250701
0.022940116
0.032485398
-0.037050241
-0.032474717
-0.021966088
-0.027832413
-0.022937883
-0.012410887
-0.017622056
-0.0125075
-0.0025050571
-0.0074949668
-0.0024947314
0.0074635018
0.0024895053
0.007499799
0.017300865
0.012513386
0.017618495
0.022928015
0.027809645
0.032472287
0.037039978
-0.05721904
-0.052916976
-0.042852249
-0.048199708
-0.042766508
0.047357901
0.042863481
0.048289159
0.052981446
0.057242625
-0.071954024
-0.062918377
-0.068124904
-0.063548297
0.063534534
0.068111582
0.071963607
-0.082009226
-0.072995705
-0.0780433
-0.073057176
0.077094142
0.073037916
0.078033246
0.082022656
-0.083337743
-0.088258065
-0.083763302
0.083740587
0.088226951
-0.092413873
-0.093337754
0.093351138
-0.093628938
-0.098388425
-0.093078012
0.097759944
0.093091696
0.098400076
-0.10230347
-0.10273157
0.10272482
-0.10339884
-0.10686643
-0.10335416
0.10336157
0.10690404
-0.10263104
-0.10703178
-0.10239477
-0.10240833
-0.10745085
-0.10246681
0.10728745
0.10244102
0.10743441
-0.10247501
-0.10730653
-0.10243379
-0.10243898
-0.10687717
-0.10268914
0.10707667
0.10265606
0.10685786
-0.10337878
-0.10338642
0.10687406
0.10335902
-0.10270836
-0.1022822
-0.09314046
-0.097798918
-0.09369478
0.098378035
0.093657588
0.097760974
0.092450014
0.088294521
0.08334256
-0.07307398
-0.0770972
-0.073013604
0.078053745
0.073006022
0.077102401
-0.071975348
-0.063610005
-0.062963922
0.068131613
0.062939091
0.048267832
0.042873469
0.047342639
0.057246245
-0.032470837
-0.022890682
-0.021947468
-0.012497247
-0.017261305
-0.012405306
-0.0024921413
-0.0074475923
-0.0024998563
0.0074951474
0.0025006279
0.0074667936
0.017616489
0.012411453
0.017291725
0.027825697
0.021941268
0.037036727
0.10686726
0.1024193
0.10705124
0.10745039
0.10245036
0.10731973
0.10227135
-0.093386448
-0.092446234
-0.083755132
-0.083314816
-0.082000494
-0.052994578
-0.042859635
-0.047354176
-0.042896985
-0.03270351
-0.037736783
-0.032648281
-0.022659612
-0.027594437
-0.022572209
-0.012525656
-0.017542586
-0.012518966
-0.002502412
-0.0075071168
-0.0025017864
0.0075057708
0.0025008735
0.0075058529
0.017580602
0.012518172
0.017539782
0.027639647
0.02256459
0.027586719
0.038089035
0.032643824
0.037769192
-0.05281889
-0.057964572
-0.05275906
-0.042679559
-0.047657746
-0.042599051
-0.032579225
-0.037564489
-0.032539683
-0.022533797
-0.027524115
-0.022514941
-0.012510009
-0.017508706
-0.012504384
-0.0025010621
-0.0075018319
-0.0025005052
0.0075034905
0.0025003615
0.0075016519
0.017519098
0.012504127
0.017508291
0.027549347
0.022514476
0.027524534
0.037643704
0.032543942
0.037577213
0.047854884
0.042625606
0.047698544
0.058214322
0.052796895
0.057996116
-0.062982324
-0.067887457
-0.062775415
-0.052667334
-0.057674175
-0.052597998
-0.042553378
-0.047551506
-0.042526433
-0.032517662
-0.037513628
-0.032507017
-0.022505782
-0.027503637
-0.022501935
-0.012501614
-0.017501013
-0.01250049
-0.002500184
-0.0075002018
-0.0025000523
0.0075006179
0.0025000465
0.0075001927
0.017503105
0.012500477
0.017501
0.027510605
0.022501964
0.027503933
0.03753718
0.032508049
0.037516166
0.047610996
0.042531099
0.047557398
0.057804778
0.05260091
0.057670024
0.068043493
0.062760951
0.067859077
-0.072920891
-0.078080883
-0.072820517
-0.06266641
-0.067680161
-0.062598907
-0.05255148
-0.057551469
-0.052524854
-0.042511733
-0.047511101
-0.042504651
-0.032502466
-0.037501889
-0.032500765
-0.022500554
-0.027500316
-0.022500136
-0.012500125
-0.017500061
-0.012500026
-0.0025000123
-0.0075000096
-0.002500002
0.0075000503
0.002500003
0.007500011
0.017500273
0.012500028
0.017500063
0.027501268
0.022500145
0.027500353
0.03750624
0.032500876
0.03750214
0.04752689
0.042505061
0.047511445
0.057593971
0.052524488
0.057549359
0.067750908
0.062594022
0.067672081
0.078180815
0.072810918
0.078085998
-0.083138614
-0.08806308
-0.082902268
-0.072715419
-0.077742196
-0.072631429
-0.062555592
-0.067564553
-0.062528961
-0.052511117
-0.057512002
-0.052504603
-0.042501662
-0.04750163
-0.042500536
-0.032500209
-0.037500166
-0.03250005
-0.022500028
-0.027500015
-0.022500005
-0.012500004
-0.017500001
-0.0125
-0.0025000001
-0.0075
-0.0024999999
0.007500002
0.0025000001
0.0075000005
0.017500013
0.012500001
0.017500002
0.027500086
0.022500006
0.027500018
0.03750066
0.032500058
0.037500182
0.047504461
0.042500551
0.047501596
0.057524523
0.052504392
0.057511381
0.067607875
0.062527566
0.067561958
0.077881222
0.072627851
0.077741126
0.088398098
0.082899303
0.088083602
-0.08277876
-0.087855977
-0.082691653
-0.072576132
-0.077595585
-0.072543306
-0.062514013
-0.06751764
-0.062506445
-0.052501765
-0.057502129
-0.052500633
-0.042500156
-0.04750017
-0.042500042
-0.032500011
-0.037500009
-0.032500002
-0.022500001
-0.0275
-0.0225
-0.0125
-0.0175
-0.0125
-0.0025
-0.0075
-0.0025
0.0075
0.0025
0.0075
0.0175
0.0125
0.0175
0.027500003
0.0225
0.0275
0.037500045
0.032500002
0.03750001
0.047500524
0.04250004
0.047500159
0.057504935
0.052500595
0.057502033
0.067533582
0.062506295
0.067517558
0.077656169
0.072543636
0.077597602
0.088019443
0.08269833
0.087867754
-0.092961622
-0.097922832
-0.092804181
-0.082628762
-0.087667802
-0.082582888
-0.072524324
-0.077535792
-0.072513535
-0.062502902
-0.067504489
-0.062501304
-0.052500217
-0.057500333
-0.052500075
-0.04250001
-0.047500015
-0.042500003
-0.0325
-0.0375
-0.0325
-0.0225
-0.0275
-0.0225
-0.0125
-0.0175
-0.0125
-0.0025
-0.0075
-0.0025
0.0075
0.0025
0.0075
0.0175
0.0125
0.0175
0.0275
0.0225
0.0275
0.037500002
0.0325
0.0375
0.047500046
0.042500003
0.047500014
0.057500811
0.052500071
0.057500325
0.067508953
0.062501298
0.067504519
0.077560348
0.072513673
0.077536134
0.087754621
0.082583259
0.087667472
0.098481847
0.092797018
0.097909181
-0.092726866
-0.097843653
-0.092665834
-0.082554254
-0.087579924
-0.082534709
-0.072507607
-0.077513144
-0.072504301
-0.062500604
-0.067501211
-0.062500292
-0.052500027
-0.05750006
-0.05250001
-0.042500001
-0.047500001
-0.0425
-0.0325
-0.0375
-0.0325
-0.0225
-0.0275
-0.0225
-0.0125
-0.0175
-0.0125
-0.0025
-0.0075
-0.0025
0.0075
0.0025
0.0075
0.0175
0.0125
0.0175
0.0275
0.0225
0.0275
0.0375
0.0325
0.0375
0.047500005
0.0425
0.047500002
0.057500136
0.052500011
0.057500061
0.067502305
0.062500293
0.0675012
0.077521628
0.072504245
0.07751291
0.087615184
0.082533922
0.087577637
0.097896969
0.092663292
0.097836665
-0.092582389
-0.097501879
-0.09252155
-0.082518816
-0.08751542
-0.082507725
-0.07250226
-0.077503072
-0.072500997
-0.062500139
-0.067500266
-0.062500059
-0.052500004
-0.05750001
-0.052500001
-0.0425
-0.0475
-0.0425
-0.0325
-0.0375
-0.0325
-0.0225
-0.0275
-0.0225
-0.0125
-0.0175
-0.0125
-0.0025
-0.0075
-0.0025
0.0075
0.0025
0.0075
0.0175
0.0125
0.0175
0.0275
0.0225
0.0275
0.0375
0.0325
0.0375
0.047500001
0.0425
0.0475
0.057500028
0.052500002
0.057500012
0.067500602
0.062500058
0.067500254
0.07750693
0.07250094
0.077502897
0.087542083
0.08250735
0.087514881
0.097649014
0.09252097
0.097508179
-0.092498129
-0.097481936
-0.092494793
-0.082502036
-0.087499012
-0.082500156
-0.072500338
-0.077500206
-0.07250009
-0.062500019
-0.067500025
-0.062500004
-0.0525
-0.0575
-0.0525
-0.0425
-0.0475
-0.0425
-0.0325
-0.0375
-0.0325
-0.0225
-0.0275
-0.0225
-0.0125
-0.0175
-0.0125
-0.0025
-0.0075
-0.0025
0.0075
0.0025
0.0075
0.0175
0.0125
0.0175
0.0275
0.0225
0.0275
0.0375
0.0325
0.0375
0.0475
0.0425
0.0475
0.057500003
0.0525
0.0575
0.067500073
0.062500001
0.067500004
0.077500702
0.072499999
0.077499886
0.08750075
0.082499197
0.087496476
0.097468166
0.092488648
0.097469908
-0.092496256
-0.097486146
-0.092502519
-0.082500315
-0.087504385
-0.082502634
-0.072500097
-0.077501127
-0.072500362
-0.062500004
-0.067500094
-0.062500019
-0.0525
-0.057500003
-0.0525
-0.0425
-0.0475
-0.0425
-0.0325
-0.0375
-0.0325
-0.0225
-0.0275
-0.0225
-0.0125
-0.0175
-0.0125
-0.0025
-0.0075
-0.0025
0.0075
0.0025
0.0075
0.0175
0.0125
0.0175
0.0275
0.0225
0.0275
0.0375
0.0325
0.0375
0.0475
0.0425
0.0475
0.0575
0.0525
0.057500003
0.067500008
0.062500018
0.067500081
0.077499961
0.072500295
0.077500853
0.087497373
0.082501861
0.087502693
0.09747799
0.092498866
0.097484061
-0.092529372
-0.0976599
-0.092591493
-0.082508783
-0.087546354
-0.082520127
-0.072501054
-0.077507456
-0.072502347
-0.062500058
-0.067500621
-0.062500137
-0.052500001
-0.057500025
-0.052500003
-0.0425
-0.0475
-0.0425
-0.0325
-0.0375
-0.0325
-0.0225
-0.0275
-0.0225
-0.0125
-0.0175
-0.0125
-0.0025
-0.0075
-0.0025
0.0075
0.0025
0.0075
0.0175
0.0125
0.0175
0.0275
0.0225
0.0275
0.0375
0.0325
0.0375
0.0475
0.0425
0.047500001
0.057500011
0.052500004
0.057500028
0.067500262
0.062500142
0.067500613
0.077503002
0.072502237
0.077506945
0.087515797
0.082518315
0.087541157
0.097516451
0.092579576
0.097637582
-0.092673925
-0.097918213
-0.092731578
-0.082536002
-0.087621548
-0.082555949
-0.072504431
-0.077522624
-0.072507921
-0.062500291
-0.067502388
-0.06250062
-0.052500009
-0.057500136
-0.052500026
-0.0425
-0.047500004
-0.0425
-0.0325
-0.0375
-0.0325
-0.0225
-0.0275
-0.0225
-0.0125
-0.0175
-0.0125
-0.0025
-0.0075
-0.0025
0.0075
0.0025
0.0075
0.0175
0.0125
0.0175
0.0275
0.0225
0.0275
0.0375
0.0325
0.0375
0.047500001
0.0425
0.047500004
0.057500062
0.052500027
0.057500142
0.067501238
0.06250063
0.067502405
0.077513041
0.072507876
0.077522273
0.087576949
0.082554534
0.087616519
0.097815677
0.092719569
0.097887097
-0.092802702
-0.098467885
-0.092973472
-0.082587351
-0.087767612
-0.082639365
-0.072514398
-0.077564288
-0.072526361
-0.062501373
-0.06750956
-0.06250308
-0.052500075
-0.05750088
-0.052500224
-0.042500002
-0.047500051
-0.042500011
-0.0325
-0.037500002
-0.0325
-0.0225
-0.0275
-0.0225
-0.0125
-0.0175
-0.0125
-0.0025
-0.0075
-0.0025
0.0075
0.0025
0.0075
0.0175
0.0125
0.0175
0.0275
0.0225
0.0275
0.0375
0.0325
0.037500002
0.047500014
0.04250001
0.04750005
0.057500349
0.052500223
0.057500883
0.067504776
0.062503089
0.067509586
0.077537753
0.072526329
0.077564088
0.087672384
0.082637242
0.087765828
0.097887114
0.09297599
0.098459723
-0.082715281
-0.08807496
-0.082812939
-0.072546982
-0.077665446
-0.072580466
-0.062506777
-0.067535781
-0.062514476
-0.052500656
-0.057505363
-0.052501834
-0.042500044
-0.047500578
-0.04250017
-0.032500002
-0.037500047
-0.032500013
-0.0225
-0.027500003
-0.022500001
-0.0125
-0.0175
-0.0125
-0.0025
-0.0075
-0.0025
0.0075
0.0025
0.0075
0.0175
0.0125
0.0175
0.0275
0.0225
0.027500002
0.037500009
0.03250001
0.037500041
0.047500173
0.042500159
0.047500566
0.057502238
0.052501842
0.057505493
0.067519051
0.062514939
0.067536992
0.077604776
0.072582992
0.077667524
0.087889555
0.0828106
0.088059366
-0.08292699
-0.088439129
-0.08314597
-0.072634386
-0.077896041
-0.072717222
-0.062529614
-0.067614123
-0.062557088
-0.052504833
-0.057526922
-0.052511893
-0.042500599
-0.047504905
-0.042501899
-0.03250006
-0.0375007
-0.032500251
-0.022500006
-0.027500089
-0.022500032
-0.012500001
-0.017500012
-0.012500005
-0.0025
-0.0075000017
-0.0025000005
0.0075000001
0.0025000004
0.0075000016
0.017500001
0.012500004
0.017500011
0.027500014
0.022500027
0.027500076
0.037500173
0.032500222
0.037500643
0.047501711
0.042501794
0.047504753
0.0575127
0.052511813
0.057527382
0.067569001
0.062559262
0.067620431
0.077763191
0.072731185
0.077920229
0.088141075
0.083197702
0.088495683
-0.072823433
-0.078164056
-0.072933007
-0.062603476
-0.0677781
-0.062676521
-0.05252721
-0.057605455
-0.052557789
-0.042505471
-0.047529405
-0.04251421
-0.032500915
-0.037506563
-0.032502915
-0.022500144
-0.027501268
-0.02250056
-0.012500025
-0.017500253
-0.012500111
-0.0025000023
-0.0075000426
-0.0025000101
0.0075000099
0.002500012
0.0075000483
0.01750006
0.012500124
0.017500269
0.027500333
0.022500565
0.02750123
0.03750212
0.032502761
0.037506186
0.047512109
0.042513455
0.047528099
0.057555009
0.052555934
0.057604235
0.067693734
0.062678631
0.067787979
0.078112737
0.072957005
0.078212017
-0.06279936
-0.068114387
-0.063025366
-0.052613323
-0.057840497
-0.052700114
-0.042533074
-0.047620108
-0.04256915
-0.032508178
-0.037538154
-0.032519957
-0.022501851
-0.027510195
-0.022505276
-0.012500407
-0.017502703
-0.012501254
-0.0025000356
-0.007500482
-0.0025001024
0.0075001931
0.0025001698
0.007500632
0.017501011
0.012501565
0.017503213
0.027503889
0.022505893
0.027510608
0.037515931
0.032519637
0.037536568
0.047559633
0.042565138
0.047613992
0.057687936
0.05269142
0.057828662
0.06791838
0.063012375
0.068107004
-0.052815628
-0.058241228
-0.052917184
-0.042628505
-0.047870518
-0.042732515
-0.032542483
-0.03764113
-0.032579278
-0.022512921
-0.027545329
-0.022527762
-0.012503234
-0.01751554
-0.012506929
-0.0025002225
-0.0075022578
-0.0025003512
0.0075016864
0.002500947
0.0075036283
0.017508643
0.012509589
0.017519881
0.027524931
0.022533608
0.027551622
0.037575091
0.032583259
0.03763728
0.047696877
0.042724365
0.047844663
0.058019397
0.052889129
0.058238733
-0.032635894
-0.038066992
-0.032665019
-0.0225543
-0.027635065
-0.022621423
-0.012512437
-0.017562559
-0.012511843
-0.0024998083
-0.0075007006
-0.0024981565
0.0075057328
0.0025011948
0.0075048366
0.017541347
0.0125235
0.017584164
0.027594329
0.022652619
0.027663856
0.037744683
0.03268441
0.038064306
)
;
    }
    jellyRoll_to_shell
    {
        type            calculated;
        value           nonuniform List<scalar> 
9976
(
-0.036678483
-0.024670303
-0.028227799
-0.017421318
-0.017333068
-0.0075419338
-0.0075443047
0.0025345153
0.002535146
0.012545491
0.012533673
0.021851869
0.021563475
0.024678066
0.032700633
-0.056939469
-0.047456391
-0.047016813
-0.050094391
-0.038161806
-0.027799915
-0.017631202
-0.0075295102
0.0025154941
0.012583092
0.022770092
0.032822311
0.042935922
0.043268097
0.050061957
0.053446611
-0.065522334
-0.068595043
-0.058440024
-0.048021324
-0.037750325
-0.027609725
-0.017541869
-0.0075089415
0.0025040106
0.01252466
0.022573303
0.032654283
0.042844774
0.053084678
0.062942232
0.06262385
0.065573895
0.071414543
-0.077062506
-0.076577872
-0.079061972
-0.069093569
-0.058142267
-0.04771728
-0.0375688
-0.027521726
-0.017506627
-0.0075013111
0.002500529
0.012503612
0.02251221
0.032535291
0.042611173
0.052835776
0.063468388
0.073461142
0.078938649
0.081371483
-0.085980286
-0.088306123
-0.078145307
-0.067973649
-0.057703355
-0.047555771
-0.037511913
-0.027502506
-0.017500569
-0.0075000951
0.002500036
0.012500276
0.02250114
0.032504854
0.042523657
0.052602288
0.062810824
0.073008049
0.083254014
0.085927643
-0.094094118
-0.088615851
-0.078056566
-0.067666045
-0.057543781
-0.04750871
-0.037501254
-0.027500165
-0.017500026
-0.007500003
0.0025000014
0.012500011
0.022500057
0.032500397
0.04250312
0.052519006
0.06258117
0.072788626
0.083355219
0.092477026
0.092307629
0.094074191
-0.097880195
-0.097908436
-0.099459868
-0.088306448
-0.077755851
-0.067552716
-0.057507793
-0.047500896
-0.037500077
-0.027500006
-0.0175
-0.0075
0.0025
0.0125
0.022500001
0.032500019
0.042500255
0.05250261
0.062520279
0.072621613
0.082993054
0.093889414
0.099391755
-0.10368684
-0.098752552
-0.087990189
-0.077610215
-0.067515283
-0.057501311
-0.047500073
-0.037500003
-0.0275
-0.0175
-0.0075
0.0025
0.0125
0.0225
0.0325
0.042500015
0.052500332
0.062504819
0.072543349
0.082736379
0.093236571
0.10235574
0.10251234
0.10366869
-0.10628931
-0.10717111
-0.098258816
-0.087741105
-0.077542606
-0.067504236
-0.057500229
-0.047500006
-0.0375
-0.0275
-0.0175
-0.0075
0.0025
0.0125
0.0225
0.0325
0.042500001
0.052500049
0.062501121
0.072514239
0.08260282
0.092928662
0.10351039
0.10626145
-0.10687851
-0.10860658
-0.097857283
-0.087606149
-0.07751522
-0.06750116
-0.057500044
-0.047500001
-0.0375
-0.0275
-0.0175
-0.0075
0.0025
0.0125
0.0225
0.0325
0.0425
0.052500009
0.062500286
0.072504813
0.082544648
0.092727512
0.10284471
0.10860946
-0.10755608
-0.10971273
-0.09779352
-0.087564257
-0.077507243
-0.067500429
-0.057500013
-0.0475
-0.0375
-0.0275
-0.0175
-0.0075
0.0025
0.0125
0.0225
0.0325
0.0425
0.052500002
0.062500089
0.072501981
0.08252331
0.092648412
0.102856
0.10971085
-0.10772228
-0.10994257
-0.097807309
-0.087562015
-0.077506567
-0.067500372
-0.057500011
-0.0475
-0.0375
-0.0275
-0.0175
-0.0075
0.0025
0.0125
0.0225
0.0325
0.0425
0.052500001
0.062500068
0.072501648
0.082520937
0.092644367
0.10290278
0.10994324
-0.1072448
-0.10925869
-0.09778785
-0.087574453
-0.077509663
-0.067500678
-0.057500026
-0.0475
-0.0375
-0.0275
-0.0175
-0.0075
0.0025
0.0125
0.0225
0.0325
0.0425
0.052500004
0.062500145
0.07250288
0.08253024
0.09266915
0.1028119
0.10926307
-0.10682405
-0.10786845
-0.10717615
-0.098041391
-0.08765704
-0.077525532
-0.067502331
-0.057500117
-0.047500003
-0.0375
-0.0275
-0.0175
-0.0075
0.0025
0.0125
0.0225
0.0325
0.0425
0.052500018
0.062500527
0.072508212
0.082569871
0.092833163
0.10339182
0.10786039
-0.10499655
-0.098245133
-0.087837648
-0.077570207
-0.067508472
-0.057500601
-0.047500026
-0.037500001
-0.0275
-0.0175
-0.0075
0.0025
0.0125
0.0225
0.0325
0.042500004
0.052500121
0.062502264
0.072524828
0.082658871
0.093080644
0.10288705
0.10502675
-0.098606856
-0.10111068
-0.088157997
-0.077675758
-0.06752949
-0.057503256
-0.047500258
-0.037500015
-0.027500001
-0.0175
-0.0075
0.0025
0.0125
0.0225
0.032500003
0.04250007
0.052501004
0.062510564
0.072576299
0.08285328
0.093397103
0.10252864
0.10111497
-0.097918849
-0.096079567
-0.088434721
-0.077885703
-0.067593632
-0.057517946
-0.047502698
-0.037500294
-0.027500027
-0.017500003
-0.0075000003
0.0025000001
0.012500001
0.022500008
0.032500096
0.042500991
0.05250769
0.062545026
0.072711322
0.08320465
0.093538729
0.096092038
-0.08837192
-0.090382855
-0.0882549
-0.078188653
-0.067767228
-0.057590949
-0.047521159
-0.037503641
-0.027500588
-0.017500105
-0.0075000153
0.0025000049
0.012500044
0.022500249
0.032501522
0.042509409
0.052547559
0.062669573
0.072952556
0.083952268
0.092329485
0.090391704
-0.083607108
-0.077951417
-0.068288845
-0.057853379
-0.047604551
-0.037526891
-0.027506836
-0.017501742
-0.0075003311
0.0025000857
0.01250079
0.022503451
0.032513873
0.042555619
0.052701583
0.063079686
0.073208955
0.081698156
0.083543182
0.081296381
-0.076556321
-0.074187742
-0.068616726
-0.068586301
-0.058257175
-0.04781487
-0.037624486
-0.027545294
-0.017514981
-0.0075033838
0.002500723
0.012507006
0.022525747
0.032575627
0.042710702
0.052989186
0.06380045
0.072771818
0.073984836
0.071433901
-0.057401458
-0.059824236
-0.057014182
-0.048321349
-0.037871933
-0.027671893
-0.017567952
-0.0075177274
0.0025034027
0.012531977
0.022606701
0.032738357
0.04296399
0.053138439
0.053421156
0.062636001
0.059811345
-0.046902375
-0.037123829
-0.039863669
-0.036701618
-0.027843106
-0.028215132
-0.017620441
-0.0075403267
0.0024981092
0.012553018
0.022851571
0.032676618
0.032676966
0.043267351
0.039888113
-0.0173361
-0.0075644048
0.0025187895
0.012502523
0.021492728
-0.036687547
-0.024887611
-0.028304823
-0.017260652
-0.0074465405
0.0024785971
0.012402295
0.021766525
0.025083889
0.032529324
-0.056767214
-0.04703754
-0.050312501
0.04327758
0.050230319
0.053319265
-0.06559346
-0.068395822
0.062734193
0.065709388
0.07124546
-0.076513898
-0.079025467
0.078998352
0.08140637
-0.086026014
-0.088222025
0.086034646
-0.094188038
0.092252893
0.094130273
-0.097804783
-0.099443317
0.099433457
-0.10367846
0.10239666
0.10364431
-0.10624326
-0.10709045
0.10624084
-0.10861759
0.10861682
-0.10971742
0.10971758
-0.10994328
0.10994345
-0.10926604
0.10927182
-0.10783826
-0.10709688
0.10786472
-0.10502878
0.10504762
-0.10105922
0.10245379
0.10108601
-0.0978592
-0.096126845
0.096141974
-0.090324977
-0.088269058
0.092292587
0.090314026
-0.08374862
0.083735892
0.081391654
-0.076458514
-0.073867937
-0.06853857
0.073956532
0.071239469
-0.059805481
-0.056765272
0.053422196
0.062677104
0.059907026
-0.046994163
-0.039938508
-0.036575909
-0.028295456
0.032539498
0.043343251
0.040026587
-0.017149658
-0.0074469834
0.0024846097
0.012400025
0.021670423
-0.036614793
-0.02488873
-0.028249723
-0.017202866
-0.0074315142
0.0024715133
0.012360716
0.021479451
0.024876385
0.032512712
-0.056817505
-0.04692897
-0.05022355
0.043206781
0.05011736
0.053268281
-0.065620756
-0.068416916
0.062714523
0.065555402
0.071242987
-0.076423473
-0.078925985
0.078915507
0.081355529
-0.086120631
-0.088281722
0.086207701
-0.094136112
0.092275321
0.094167576
-0.097867179
-0.09946588
0.099454215
-0.10365446
0.10247159
0.10371963
-0.1062397
-0.10707285
0.10621962
-0.10861917
0.10861421
-0.10971841
0.10971804
-0.10994355
0.10994335
-0.10926841
0.10926905
-0.1078422
-0.10710073
0.10783629
-0.105039
0.10503822
-0.10108919
0.10243382
0.10108154
-0.097871082
-0.096161609
0.096126943
-0.090337121
-0.088238248
0.092262553
0.090318917
-0.083709416
0.083729035
0.081367241
-0.076574709
-0.073957916
-0.068339193
0.073977537
0.071276976
-0.059822986
-0.056762168
0.053397247
0.062702735
0.059765031
-0.046951143
-0.039919011
-0.036651304
-0.028301615
0.032469917
0.043223936
0.039942126
-0.017188622
-0.0074210777
0.0024789032
0.012377448
0.021576906
-0.036621208
-0.025014309
-0.028330404
-0.017155325
-0.007422197
0.0024716255
0.012353819
0.021538935
0.024965208
0.032430763
-0.056795625
-0.04688708
-0.050088353
0.043296488
0.050255135
0.053396212
-0.065622585
-0.068449856
0.062717687
0.065508053
0.07129268
-0.076468325
-0.078951758
0.079012248
0.081355158
-0.086095997
-0.08827662
0.086166821
-0.094117341
0.092284402
0.09417915
-0.097909033
-0.09945432
0.099475651
-0.10368804
0.10239551
0.1036596
-0.10623316
-0.10707669
0.10624217
-0.10862109
0.10862405
-0.10971881
0.10971841
-0.10994337
0.10994345
-0.10926956
0.10926943
-0.10782129
-0.10708565
0.10782956
-0.10503861
0.10506437
-0.10107854
0.10239696
0.10107014
-0.097853124
-0.096146917
0.096158668
-0.090326247
-0.088247796
0.092278502
0.09036558
-0.083718983
0.083681939
0.081315317
-0.076443955
-0.073958151
-0.068319156
0.074024803
0.071379438
-0.059860564
-0.056788776
0.05333829
0.062680364
0.059877239
-0.046964943
-0.039964309
-0.036587677
-0.028337306
0.032518981
0.043280188
0.039971542
-0.017226918
-0.0074265107
0.002483388
0.012362195
0.021592485
-0.036661042
-0.024883436
-0.028187169
-0.017132076
-0.0074273088
0.0024779299
0.012380363
0.021632132
0.025035066
0.032468653
-0.056868577
-0.04693338
-0.05020884
0.043304844
0.050162156
0.053292191
-0.065477073
-0.068271768
0.062706393
0.065726772
0.071245893
-0.076524733
-0.079015764
0.079011383
0.081449655
-0.086132911
-0.08832355
0.08604721
-0.094145838
0.092260228
0.094180359
-0.097915507
-0.099466124
0.099425569
-0.10369138
0.10243764
0.10368367
-0.10623454
-0.10708693
0.10622123
-0.10861398
0.10861219
-0.10971801
0.10971802
-0.10994351
0.10994341
-0.10926939
0.10926998
-0.10784461
-0.10710679
0.10783959
-0.10504824
0.10504192
-0.10108546
0.10245047
0.10107808
-0.097880773
-0.096175002
0.096107152
-0.090334907
-0.088372452
0.092295724
0.090345698
-0.083699899
0.083750591
0.081404434
-0.076443549
-0.073951749
-0.068425059
0.073929831
0.071265368
-0.059902092
-0.056854716
0.053326827
0.062754122
0.059781315
-0.046958002
-0.040030729
-0.036651868
-0.028338496
0.032497317
0.043284094
0.039991329
-0.017196835
-0.0074183893
0.0024823423
0.012403351
0.02133212
-0.036672906
-0.025015601
-0.028213773
-0.01724373
-0.0074231502
0.0024768041
0.012355474
0.021535011
0.024916987
0.032474943
-0.056910606
-0.046946095
-0.050109181
0.043208577
0.050126421
0.053325274
-0.065518114
-0.068333707
0.062681131
0.06549639
0.071196791
-0.076539441
-0.079012518
0.078983525
0.081347756
-0.086086426
-0.088280056
0.086105642
-0.09411964
0.092237731
0.094152476
-0.097868543
-0.099451082
0.099435861
-0.10367092
0.10241471
0.10369865
-0.10626389
-0.10713091
0.10622909
-0.10859837
0.10861912
-0.10971832
0.10971794
-0.10994354
0.10994338
-0.10926998
0.10926943
-0.10782748
-0.1070546
0.10783645
-0.10506215
0.10506297
-0.10104838
0.10243613
0.10110999
-0.097870291
-0.096147791
0.096152997
-0.090345066
-0.088248755
0.092320441
0.090327122
-0.083667273
0.083725728
0.081416565
-0.076628595
-0.073974942
-0.068385365
0.073964049
0.071279383
-0.059730338
-0.056707192
0.053371521
0.0627564
0.059895439
-0.04688388
-0.039965059
-0.036665711
-0.028412788
0.03251027
0.043293924
0.039940325
-0.01718588
-0.0074239082
0.0024776821
0.012393203
0.02162566
-0.03654222
-0.024943222
-0.028295544
-0.017097644
-0.0074186735
0.0024756764
0.012378218
0.021585199
0.024975394
0.032476757
-0.056839771
-0.046947003
-0.050170226
0.043208505
0.050295119
0.053491508
-0.065609923
-0.068427948
0.062699644
0.065605132
0.071142365
-0.076526493
-0.07900977
0.079005967
0.081479259
-0.086008135
-0.088166168
0.086058399
-0.09412209
0.092277919
0.094174268
-0.097844179
-0.099445421
0.099441518
-0.10366715
0.10243785
0.10368719
-0.10622575
-0.10708306
0.10622954
-0.10862941
0.10861571
-0.10971743
0.10971793
-0.10994357
0.10994324
-0.10927094
0.10927148
-0.10780961
-0.10707135
0.10781772
-0.10505511
0.10504462
-0.10106879
0.10242073
0.10109172
-0.09788289
-0.096155312
0.096132374
-0.090343588
-0.088187934
0.092277148
0.090318253
-0.083749677
0.083658671
0.081318
-0.076532678
-0.073964183
-0.068407349
0.073911847
0.07120358
-0.059888921
-0.056825323
0.053329311
0.062742405
0.059836185
-0.046896006
-0.040052494
-0.036648329
-0.028245567
0.032493612
0.043343637
0.040084177
-0.017181059
-0.0074221061
0.0024787547
0.01236559
0.021467473
-0.036660393
-0.025008661
-0.028302855
-0.017183715
-0.0074251649
0.0024810778
0.012363447
0.021674176
0.024992395
0.03254125
-0.056843662
-0.046938738
-0.050107206
0.043295374
0.050229225
0.05340781
-0.065509569
-0.068317362
0.062712396
0.065567488
0.071276059
-0.076554226
-0.079070772
0.079002582
0.081397081
-0.086178946
-0.088346957
0.08602646
-0.09414086
0.092320337
0.094218818
-0.097858218
-0.099438055
0.09945336
-0.10369857
0.10242113
0.10367631
-0.10622203
-0.1070785
0.10625091
-0.10861629
0.1086088
-0.10971757
0.10971821
-0.10994343
0.10994333
-0.10926986
0.10926951
-0.10782668
-0.10710374
0.10784647
-0.10504467
0.10502389
-0.1010621
0.10245683
0.10109467
-0.097916351
-0.096179408
0.09617087
-0.090354026
-0.088267926
0.092203077
0.090331811
-0.083816966
0.083726106
0.081329867
-0.076422482
-0.073932324
-0.068317679
0.074015873
0.071339886
-0.059756325
-0.056715254
0.053317083
0.062755322
0.059851786
-0.046909994
-0.040120533
-0.036746698
-0.028244747
0.032469659
0.043286032
0.039975785
-0.017160779
-0.0074288692
0.0024708042
0.012368206
0.021534374
-0.036623571
-0.025022433
-0.028268871
-0.017125355
-0.0074343602
0.0024742539
0.012363492
0.021547122
0.0248263
0.032474824
-0.056788143
-0.04694091
-0.050281446
0.043319392
0.050036417
0.053263748
-0.065506162
-0.068309075
0.062755412
0.065589483
0.071210022
-0.076556111
-0.07902626
0.079048785
0.081328174
-0.08611372
-0.088295388
0.086169293
-0.094213549
0.092221041
0.094127648
-0.097871843
-0.099450668
0.099447615
-0.10365118
0.10245839
0.10367119
-0.10623577
-0.10711265
0.10624056
-0.10861831
0.10861972
-0.1097173
0.10971805
-0.10994342
0.10994328
-0.10926897
0.10926695
-0.10782962
-0.10711398
0.10781766
-0.1050523
0.10504355
-0.1010522
0.10244208
0.10108421
-0.097907529
-0.096172628
0.096162958
-0.090323801
-0.088328728
0.092351887
0.090327754
-0.083669078
0.083582065
0.081184951
-0.076457647
-0.073973663
-0.068348598
0.073989318
0.071290268
-0.059829895
-0.056738341
0.053355925
0.062742305
0.059907606
-0.046986157
-0.039851641
-0.036473161
-0.028283388
0.032466525
0.043200431
0.040005829
-0.017253422
-0.0074223495
0.002469661
0.012373818
0.021669664
-0.036700714
-0.024919709
-0.028314627
-0.017099033
-0.0074413529
0.0024720792
0.012381075
0.021511654
0.02489827
0.032532334
-0.056764755
-0.046933258
-0.05014644
0.043241257
0.050107067
0.053266998
-0.065619156
-0.068420217
0.062693648
0.065569972
0.071312937
-0.07655865
-0.079049823
0.078967942
0.081378575
-0.086078154
-0.088265285
0.086040876
-0.094186649
0.092319946
0.094201225
-0.097869027
-0.099443134
0.099458773
-0.10368024
0.10247206
0.1037037
-0.10621483
-0.10708826
0.10621664
-0.10862247
0.10860648
-0.10971776
0.10971842
-0.10994352
0.10994345
-0.10927116
0.10926776
-0.10785809
-0.10712327
0.10785372
-0.10504062
0.10504559
-0.10108194
0.10240686
0.10106497
-0.097879004
-0.096174563
0.09612968
-0.090342021
-0.088223645
0.092250683
0.090320334
-0.083744617
0.08365475
0.081306654
-0.076453426
-0.073869254
-0.068390323
0.073905566
0.071213277
-0.059920419
-0.056834712
0.05328651
0.062765742
0.059864298
-0.046900354
-0.039998556
-0.036614791
-0.028381468
0.032556724
0.043282448
0.040118337
-0.017167276
-0.0074192889
0.00247095
0.012364522
0.021521441
-0.036711967
-0.024943919
-0.02832957
-0.017128022
-0.0074419032
0.0024739446
0.012366525
0.0215369
0.024997488
0.032449104
-0.056765419
-0.046964076
-0.050236378
0.043299777
0.050140068
0.053350156
-0.065665662
-0.068490466
0.062758713
0.065599255
0.071146599
-0.076439535
-0.078929958
0.079064533
0.081316248
-0.086080494
-0.088223578
0.086143498
-0.094191833
0.092295128
0.094218531
-0.097855515
-0.099457077
0.099447383
-0.10367417
0.10240484
0.10366778
-0.10623167
-0.10708155
0.10620763
-0.10861479
0.10862766
-0.10971733
0.10971855
-0.10994207
0.10994334
-0.10926931
0.10927296
-0.10783392
-0.10707947
0.10783163
-0.10504469
0.10505329
-0.10109742
0.10241505
0.1010832
-0.097847251
-0.096129757
0.096120436
-0.090334431
-0.088253955
0.092355386
0.090337549
-0.083680208
0.083696066
0.081385828
-0.076490431
-0.074063326
-0.068354337
0.073913629
0.071192537
-0.059893818
-0.056831096
0.053430159
0.062742374
0.059920495
-0.046925651
-0.040036713
-0.036678281
-0.0282898
0.032489763
0.043318296
0.040020055
-0.017145874
-0.0074355783
0.0024724997
0.012354288
0.021621469
-0.036613101
-0.024823532
-0.028298199
-0.01723061
-0.0074439249
0.0024717611
0.012372414
0.021534602
0.02497288
0.032490088
-0.056693647
-0.046962917
-0.050315962
0.043245089
0.050161228
0.053353758
-0.065699021
-0.068515985
0.062735715
0.065508333
0.071271447
-0.076505431
-0.079001535
0.078981979
0.081374546
-0.086143237
-0.088304888
0.086179566
-0.094216033
0.092248803
0.094148439
-0.097834311
-0.099464116
0.099418108
-0.10366396
0.10241906
0.10370725
-0.1062657
-0.10709841
0.10624407
-0.1086092
0.1086145
-0.10971166
0.10971846
-0.10993001
0.10994339
-0.10925698
0.10926871
-0.10783673
-0.10713825
0.10784329
-0.10504904
0.10503737
-0.10108064
0.10242851
0.10108171
-0.097856396
-0.096143753
0.096161828
-0.090347555
-0.088391413
0.092229877
0.090331606
-0.0838244
0.083823495
0.081501357
-0.076481989
-0.073895359
-0.068259721
0.073971634
0.0712813
-0.059913127
-0.056844458
0.053471102
0.062742866
0.059863169
-0.046929917
-0.040003701
-0.036663305
-0.028292848
0.032483493
0.043323914
0.039998467
-0.017182224
-0.007437337
0.0024755155
0.012363893
0.021517502
-0.03662188
-0.024864038
-0.028310698
-0.017239036
-0.0074442649
0.0024733392
0.0123609
0.021532645
0.024901451
0.032492608
-0.056809505
-0.046912409
-0.050142473
0.0433343
0.050149559
0.053318436
-0.065444691
-0.068256965
0.062733331
0.065603106
0.071214662
-0.07647667
-0.079005352
0.078964086
0.081348608
-0.086129693
-0.088294072
0.085971002
-0.094134819
0.092250155
0.094160332
-0.097829584
-0.09944347
0.09944033
-0.10365026
0.1024616
0.10371621
-0.10623081
-0.10706925
0.10621206
-0.10861426
0.10861461
-0.10969653
0.10971832
-0.10991508
0.10994343
-0.10924725
0.10926898
-0.10782968
-0.10708534
0.10781765
-0.10503617
0.10503571
-0.10110868
0.10239005
0.10108821
-0.097805274
-0.096121876
0.096158116
-0.090330403
-0.088272128
0.092213497
0.090323685
-0.083689169
0.083709913
0.08134854
-0.076541019
-0.074082154
-0.068320216
0.073893972
0.071195343
-0.059767727
-0.056717951
0.053303214
0.062719545
0.059820634
-0.046946976
-0.040051285
-0.036711765
-0.028344959
0.032513924
0.043352778
0.039980541
-0.017244374
-0.0074318178
0.0024718409
0.012361758
0.021535662
-0.036687853
-0.024944519
-0.028298446
-0.017150779
-0.0074468895
0.0024705143
0.01236368
0.02155795
0.025020367
0.032513455
-0.056811754
-0.04691564
-0.050145605
0.043236888
0.050180871
0.053369494
-0.065654432
-0.068460242
0.062702517
0.065615081
0.071289038
-0.076492248
-0.079005521
0.07904418
0.081392509
-0.086053014
-0.088222865
0.086157122
-0.094163224
0.092311886
0.094216391
-0.097832962
-0.099444513
0.09945925
-0.10366451
0.10244088
0.10367601
-0.10623772
-0.10711386
0.10622587
-0.10862664
0.1086216
-0.10970999
0.10971781
-0.10992718
0.10994342
-0.1092532
0.10926739
-0.10778849
-0.10708743
0.10785316
-0.10505786
0.10507698
-0.10108953
0.10243722
0.1010998
-0.097882385
-0.096183295
0.096153447
-0.090325971
-0.088272006
0.092389804
0.090352969
-0.083744582
0.083736382
0.081397502
-0.076486518
-0.073912695
-0.068368023
0.07390336
0.071176551
-0.05986904
-0.056784879
0.05327805
0.062660019
0.05986099
-0.046928357
-0.039917582
-0.036627258
-0.028130453
0.032509192
0.043253421
0.040002698
-0.017125991
-0.0074312478
0.0024774349
0.012363044
0.021511016
-0.036549712
-0.024897964
-0.028362008
-0.017086045
-0.0074370827
0.0024709349
0.012366797
0.021533785
0.024997022
0.032447245
-0.056824419
-0.04690477
-0.050034698
0.04328832
0.050188003
0.053364448
-0.065531094
-0.068330757
0.062672461
0.06558367
0.071301896
-0.076500612
-0.078982591
0.079015551
0.081393484
-0.086159453
-0.088331359
0.08614417
-0.094170332
0.092211072
0.09409016
-0.097817151
-0.099428588
0.099459401
-0.10370518
0.10241302
0.10367102
-0.1062335
-0.10710102
0.10622244
-0.10861409
0.10860361
-0.10971878
0.1097183
-0.10994145
0.10994339
-0.10926645
0.10926916
-0.10783543
-0.10710804
0.10782336
-0.10507531
0.10505268
-0.10107736
0.10242575
0.10107232
-0.097845633
-0.096100703
0.096150769
-0.090328548
-0.088269185
0.092311805
0.090318141
-0.083726095
0.083680186
0.081342571
-0.076523637
-0.073948903
-0.06837643
0.073886777
0.071212951
-0.059775038
-0.056715049
0.053370978
0.062680416
0.059896609
-0.046922123
-0.040057238
-0.036640505
-0.02833562
0.032468353
0.043148456
0.039897284
-0.017156763
-0.0074353467
0.0024719036
0.012347673
0.021620623
-0.036680878
-0.025002389
-0.028250699
-0.017134227
-0.0074309091
0.0024740757
0.012369106
0.021589495
0.024987531
0.032487971
-0.056805231
-0.046926306
-0.050140269
0.043242673
0.050219347
0.053394192
-0.065448778
-0.068281377
0.062696025
0.065587009
0.071270283
-0.076525694
-0.07902162
0.078896873
0.081370694
-0.086069722
-0.088236358
0.086008461
-0.094152099
0.092248886
0.094140663
-0.097919265
-0.099462491
0.099448638
-0.1036833
0.10243459
0.10367696
-0.10622445
-0.10709913
0.1062556
-0.10861824
0.10860716
-0.10971839
0.10971841
-0.10994358
0.10994341
-0.10927027
0.1092696
-0.107824
-0.1070858
0.10782872
-0.10504911
0.10504944
-0.10104548
0.10241936
0.10109053
-0.097895049
-0.096150647
0.09614183
-0.090304471
-0.088316856
0.09221926
0.090303515
-0.083681367
0.083718815
0.081361252
-0.076510604
-0.073845204
-0.068315792
0.074016198
0.071332901
-0.059883269
-0.05682419
0.053358527
0.062689746
0.059932908
-0.046908719
-0.039986428
-0.036633596
-0.028288921
0.032536221
0.043260872
0.039978764
-0.017202717
-0.0074231017
0.002481061
0.012385447
0.021580359
-0.036562085
-0.024987906
-0.028292402
-0.017199163
-0.0074258616
0.002476283
0.012354621
0.021536342
0.02495279
0.032530565
-0.056805137
-0.046900381
-0.050102284
0.043306225
0.050128803
0.053343664
-0.065553035
-0.06836302
0.062770362
0.065578254
0.071260196
-0.076425267
-0.078935819
0.07896097
0.081395981
-0.086056053
-0.08826517
0.086142331
-0.094124749
0.092363027
0.09425078
-0.0978177
-0.099425815
0.099430749
-0.10366146
0.10242774
0.10368058
-0.10624949
-0.10708239
0.10622247
-0.10861161
0.10862505
-0.10971846
0.10971808
-0.10994329
0.10994338
-0.10926595
0.10927208
-0.10787415
-0.10714499
0.10784105
-0.1050648
0.10505888
-0.10107201
0.10240461
0.10108334
-0.097889391
-0.096167235
0.096150931
-0.090313422
-0.088341139
0.092286396
0.090334073
-0.083642601
0.083766221
0.081406211
-0.076504868
-0.073978812
-0.068439415
0.0739822
0.07133479
-0.059883642
-0.05684411
0.053292843
0.062774126
0.059895866
-0.046935625
-0.040076703
-0.036652016
-0.02821881
0.032481758
0.04331771
0.040083839
-0.017149687
-0.0074239463
0.0024841353
0.012367951
0.021427297
-0.036602675
-0.024973788
-0.028326223
-0.017208211
-0.0074182455
0.0024785419
0.012386758
0.021477386
0.024826738
0.032480543
-0.056931662
-0.046980643
-0.05029172
0.043374096
0.050148392
0.053310138
-0.065554937
-0.068389386
0.062718028
0.065630746
0.071233468
-0.076539167
-0.079023898
0.078950339
0.081427044
-0.08616163
-0.088322734
0.086054179
-0.094145394
0.092250107
0.094122349
-0.097873022
-0.099470353
0.099445847
-0.10366045
0.10243162
0.10369094
-0.10625627
-0.10711038
0.10622587
-0.10861024
0.10862259
-0.10971788
0.10971758
-0.10994333
0.10994349
-0.10926689
0.10926567
-0.10783919
-0.10709448
0.10783239
-0.10502906
0.10502473
-0.10109444
0.10245423
0.10107976
-0.097865018
-0.096157968
0.09614017
-0.090321918
-0.088398988
0.092277162
0.09029004
-0.083697971
0.083585486
0.081255395
-0.076542155
-0.073912215
-0.068464408
0.073891344
0.071227894
-0.059758941
-0.056707799
0.05341915
0.062733588
0.059868898
-0.046943388
-0.039982721
-0.036642022
-0.028307441
0.032458543
0.043301237
0.03997115
-0.017112654
-0.0074300329
0.0024836846
0.01238152
0.021575609
-0.036605581
-0.025067433
-0.028336182
-0.017116172
-0.0074264964
0.0024820692
0.012375911
0.021619006
0.024995762
0.032441045
-0.056660976
-0.046948605
-0.050239952
0.043271681
0.050189938
0.053400738
-0.06537967
-0.068199622
0.062680637
0.065593458
0.071274686
-0.076442326
-0.07896175
0.078985106
0.081329015
-0.086107766
-0.088282701
0.086110227
-0.094201318
0.092235584
0.094129061
-0.09784572
-0.099460061
0.09943048
-0.10366388
0.102444
0.10369915
-0.10626331
-0.10711178
0.10627839
-0.10861948
0.10860408
-0.10971813
0.10971775
-0.10994349
0.10994322
-0.10927183
0.10926838
-0.10782793
-0.10705894
0.10783055
-0.10505882
0.10505335
-0.1010915
0.10238276
0.10104877
-0.097864867
-0.096159282
0.096095039
-0.090309896
-0.088348636
0.092244718
0.090367786
-0.083824096
0.083730842
0.081397196
-0.07654108
-0.073928051
-0.068364044
0.074001974
0.071290094
-0.059818737
-0.05672979
0.053276677
0.062743066
0.05989766
-0.046909555
-0.040024897
-0.036622832
-0.028287686
0.03250143
0.043261382
0.040020739
-0.01713395
-0.0074232249
0.0024824342
0.012383904
0.021466068
-0.036686019
-0.024971274
-0.028267645
-0.017177825
-0.0074381251
0.0024766639
0.012346942
0.021436712
0.024878901
0.032528069
-0.056831949
-0.046909138
-0.050150342
0.043273377
0.050137103
0.053332953
-0.065451641
-0.068259654
0.062710498
0.065603956
0.071170675
-0.076437035
-0.078925547
0.079033189
0.081471619
-0.086097961
-0.088269641
0.086049996
-0.094146726
0.092320195
0.094215551
-0.097898563
-0.09945329
0.09945763
-0.10368329
0.10245702
0.10367958
-0.10623324
-0.10708935
0.10622172
-0.10861525
0.10861164
-0.10971806
0.10971811
-0.10994359
0.1099435
-0.1092718
0.10927029
-0.10783155
-0.10707107
0.10783807
-0.10505755
0.10503515
-0.10110745
0.10246163
0.10107188
-0.097845993
-0.096150294
0.096162474
-0.090325798
-0.088216982
0.09239473
0.090330478
-0.083641327
0.083651543
0.081289055
-0.076551258
-0.073957817
-0.06840184
0.073890142
0.071224066
-0.059942218
-0.056918863
0.053369234
0.062735016
0.059877856
-0.046957879
-0.040043185
-0.036767632
-0.028277667
0.032486721
0.043279689
0.039952759
-0.017169807
-0.0074332153
0.0024872218
0.012362191
0.021546733
-0.036586898
-0.02490138
-0.028357593
-0.017140299
-0.0074391707
0.0024791271
0.012366742
0.021565936
0.024929173
0.032520526
-0.056732263
-0.046999746
-0.050189372
0.043242472
0.050204841
0.053390217
-0.065602605
-0.068419123
0.062688409
0.065584217
0.071244918
-0.076521911
-0.07899359
0.07903577
0.081210582
-0.086109359
-0.088243175
0.08607525
-0.094167593
0.092257596
0.094158356
-0.097859833
-0.09947886
0.099472875
-0.10367632
0.10242046
0.10367054
-0.10625954
-0.10711173
0.10623995
-0.108626
0.10861172
-0.10971818
0.10971762
-0.10994352
0.10994352
-0.10926914
0.10926807
-0.10781859
-0.10708712
0.10785663
-0.10506149
0.10505635
-0.10108482
0.10243113
0.10108498
-0.097835589
-0.096124283
0.096146984
-0.090330947
-0.088284913
0.092249947
0.090337648
-0.083774316
0.083685339
0.081313008
-0.076427452
-0.073924186
-0.068397657
0.073933739
0.071251463
-0.059794966
-0.056740615
0.053335827
0.062705848
0.0598067
-0.046950561
-0.039824929
-0.036510148
-0.028309218
0.032457491
0.043330568
0.040132388
-0.017152181
-0.0074327466
0.00247838
0.012384011
0.021486773
-0.036635003
-0.024949946
-0.028306067
-0.01713191
-0.0074464818
0.0024754213
0.01238418
0.021546353
0.024895546
0.032456886
-0.056824547
-0.046964891
-0.050153754
0.04330625
0.050175468
0.053289112
-0.065595419
-0.068409089
0.062713483
0.065620421
0.071233407
-0.076492295
-0.078980311
0.078958876
0.081431683
-0.086046844
-0.088221607
0.086144815
-0.094152833
0.092237215
0.094132743
-0.097898314
-0.099437382
0.099447229
-0.10366062
0.10240244
0.10366056
-0.10624024
-0.10707266
0.10621803
-0.10860399
0.10861001
-0.10971859
0.1097178
-0.10994343
0.1099434
-0.10927199
0.10926953
-0.10784415
-0.10709918
0.10782739
-0.1050379
0.10503372
-0.10112231
0.10243377
0.1011085
-0.097862008
-0.096179001
0.09618421
-0.090335908
-0.088211601
0.09230407
0.090335073
-0.0837544
0.083828037
0.081462952
-0.076512572
-0.073848924
-0.068444515
0.073908766
0.071232504
-0.059794018
-0.056739097
0.053410757
0.062730832
0.059846342
-0.046964315
-0.040031147
-0.036600749
-0.028294017
0.032429712
0.043200706
0.039939669
-0.017187373
-0.0074367791
0.0024782869
0.01235276
0.021580557
-0.036639507
-0.024961121
-0.028361459
-0.017220957
-0.0074464807
0.0024789578
0.012397047
0.021606392
0.0249035
0.032490266
-0.056800416
-0.04693173
-0.05016225
0.043212009
0.05015687
0.053348957
-0.065523015
-0.068345105
0.062687719
0.065609055
0.071289313
-0.076510231
-0.079007964
0.079003142
0.081426637
-0.086118173
-0.088286691
0.086144641
-0.094220322
0.092236802
0.094158181
-0.097813916
-0.099431991
0.099437688
-0.10368838
0.10239738
0.10367882
-0.10624458
-0.10709102
0.10623528
-0.10862248
0.1086273
-0.1097181
0.10971692
-0.1099432
0.10994341
-0.10926788
0.109269
-0.10784188
-0.10707493
0.10783391
-0.1050496
0.1050332
-0.10106131
0.10242497
0.1010792
-0.09791344
-0.096172335
0.096111459
-0.090348782
-0.088236101
0.092288739
0.090337828
-0.083763098
0.083693345
0.08132331
-0.076551399
-0.073926231
-0.068395032
0.073892354
0.071240078
-0.059971751
-0.056876736
0.053417077
0.062755441
0.059901393
-0.04695949
-0.040003419
-0.03659017
-0.02832972
0.032442652
0.043275439
0.039980938
-0.017171674
-0.0074312133
0.0024760714
0.012359177
0.021561162
-0.036660206
-0.02493064
-0.028338264
-0.017166045
-0.0074569821
0.0024847734
0.012405576
0.021508758
0.024987132
0.032508191
-0.056850812
-0.04689695
-0.050265827
0.043299505
0.050192528
0.053333729
-0.065416589
-0.068273779
0.062721711
0.065595963
0.071274062
-0.076448579
-0.078913494
0.078913214
0.081378841
-0.086066342
-0.088246436
0.086103078
-0.094195219
0.092288051
0.094189356
-0.097860266
-0.099460245
0.09945161
-0.103682
0.10243696
0.10371334
-0.10623385
-0.10714585
0.10621368
-0.10857241
0.10862137
-0.10971578
0.10971637
-0.10994317
0.10994325
-0.10926308
0.10926521
-0.10708704
-0.1078106
0.1078362
-0.1050664
0.10504841
-0.10108411
0.10106555
0.10242069
-0.097813551
-0.096114802
0.09610807
-0.090318311
-0.088271156
0.092305091
0.090335764
-0.083709723
0.083760872
0.081383826
-0.076413142
-0.074011385
-0.068452778
0.074002872
0.071272491
-0.059854254
-0.056783037
0.053335551
0.062746766
0.059879707
-0.046927295
-0.040030613
-0.036678707
-0.028284548
0.03252159
0.04328786
0.040053447
-0.017188289
-0.0074470105
0.002483258
0.012383814
0.021713316
-0.037164973
-0.032707033
-0.021831264
-0.027854563
-0.022924329
-0.012558343
-0.017659337
-0.012569975
-0.0025122051
-0.0075490712
-0.002497363
0.0075403282
0.0025182222
0.0075555105
0.017423225
0.012604674
0.017686604
0.022943138
0.027876887
0.032710017
0.037114213
-0.057472219
-0.053162021
-0.042975906
-0.04835604
-0.04299476
0.047447404
0.042969716
0.048341592
0.053118456
0.057406424
-0.073041156
-0.063010129
-0.06865999
-0.063905914
0.063829624
0.068630977
0.072863978
-0.081723515
-0.07349567
-0.077949776
-0.073239451
0.07701999
0.073157101
0.077911843
0.081711067
-0.083291088
-0.088357855
-0.083876849
0.083852187
0.088365721
-0.092471736
-0.093540634
0.093555708
-0.093896514
-0.098636089
-0.093463867
0.09788109
0.093415478
0.098596159
-0.10239965
-0.10290047
0.10277074
-0.10361239
-0.10682639
-0.10343108
0.10342305
0.10681645
-0.10281095
-0.10722768
-0.10277385
0.10689996
0.10282747
0.1072662
-0.10289037
-0.10773216
-0.10296461
0.10753438
0.10288294
0.10767441
-0.10294751
-0.10755114
-0.10288689
0.10768793
0.10286055
0.10752968
-0.10279489
-0.10688334
-0.10281205
0.10725003
0.10282309
0.10687499
-0.10340103
-0.10352592
0.10678111
0.10357152
-0.10284479
-0.10243476
0.10239696
-0.09345378
-0.097861919
-0.093892881
0.098570855
0.093866508
0.097836065
-0.093587232
-0.092488706
0.092477045
-0.083878442
-0.083297543
0.088450659
0.083280722
-0.08174045
-0.073197604
-0.077049831
-0.073469535
0.077921799
0.073484295
0.077042989
-0.072954454
-0.063823997
-0.062950246
0.068628143
0.062953818
-0.053108255
-0.042963384
-0.047455981
-0.042957217
0.048360997
0.042959054
0.04745006
0.057434251
-0.03269184
-0.022849172
-0.021811066
-0.012563101
-0.017373132
-0.01251716
-0.0025222483
-0.0075551368
-0.0025407504
0.007542437
0.0025102104
0.0075505422
0.017587372
0.012532555
0.017384757
0.02782259
0.021800668
0.037116676
-0.021500975
-0.021747285
-0.012406392
-0.017250728
-0.012412919
0.017175306
0.01241983
0.017231621
0.021746442
-0.04004975
-0.043289496
-0.046983779
-0.04004027
-0.043239007
-0.032546227
-0.036721837
-0.032525773
-0.024911373
-0.028149572
-0.0024884089
-0.0074735198
-0.0024944781
0.0074553619
0.0024852531
0.0074674358
0.028338151
0.0249652
0.028159663
0.03671416
0.040097272
0.032492286
0.036770767
0.040061486
-0.059895949
-0.062676589
-0.059843364
-0.062696083
-0.053444297
-0.056819569
-0.05336944
-0.050234993
0.046951798
0.043217698
0.050155068
0.046986588
0.056718555
0.059801882
0.053275282
0.056807854
0.059852545
0.06271692
-0.071275318
-0.073977135
-0.071326614
-0.074003356
-0.076481388
-0.065518993
-0.068347808
0.068415306
0.065639349
0.0684609
0.073932568
0.076420889
0.071337348
0.073999321
0.076482165
-0.081440976
-0.083802294
-0.081364267
-0.07894849
-0.083733978
0.078948655
0.08376507
0.081356962
0.083754158
-0.090363635
-0.092322005
-0.090355234
-0.09231281
-0.08609289
-0.088259556
0.0882685
0.090329943
0.086144319
0.088309103
0.09033938
0.092258638
-0.096140252
-0.094172402
-0.096166439
-0.097839362
0.096170019
0.097875279
0.094135451
0.096168962
0.097848907
-0.10111256
-0.10244625
-0.099431253
-0.10113986
-0.10244447
0.10105886
0.099433658
0.10112776
0.10244387
-0.10504287
-0.10366257
-0.10504924
0.10503542
0.10366639
0.10504814
-0.10783464
-0.10783665
-0.10627548
-0.10716708
0.10706694
0.10783662
0.10624164
0.10707035
0.10780919
-0.1092645
-0.10858017
-0.10926519
-0.10994321
-0.10971596
-0.10994303
0.1099433
0.10971707
0.10994315
-0.10971694
-0.10994316
-0.10971656
-0.10859405
-0.10926441
-0.1086042
0.10861809
0.10926388
0.10860596
-0.10625909
-0.10710156
-0.10782571
-0.10626667
0.1070736
0.10622999
0.10709031
0.10782731
0.10625293
-0.1037073
-0.10245924
-0.10506318
-0.10367385
-0.10246415
-0.099430611
-0.10114616
-0.099426925
-0.097829176
0.09942415
0.097824609
0.10110509
0.099404617
0.097815129
0.10243883
0.094190327
0.096134321
0.094139154
0.092266192
-0.092265047
-0.092254302
-0.09033767
0.0882831
0.08611952
0.088241672
0.090336482
0.086070027
-0.078908922
-0.076465295
-0.078943135
0.078911727
0.076481399
0.078912005
0.076470475
0.083693623
0.081336341
-0.071384493
-0.074007377
-0.071346609
-0.065611961
-0.062753917
-0.068402666
-0.065601205
-0.062751742
0.068358907
0.065550701
0.068410574
0.065598765
0.06272903
0.074013088
0.071306658
-0.059836086
0.050145808
0.046889497
0.043178644
0.050139144
0.046964163
0.056796727
0.053284207
0.056801701
0.059845987
-0.043252461
-0.047002364
-0.040062243
-0.043197162
-0.032472496
-0.036787252
-0.032515101
-0.024918547
-0.02155407
-0.028149892
-0.02486708
-0.021687298
-0.012364546
-0.017221105
-0.012383838
-0.0024878413
-0.0074665134
-0.0024901804
0.0074498132
0.0024997395
0.0074676131
0.01727346
0.01240911
0.017286937
0.028349544
0.025079106
0.028208305
0.024976498
0.021811396
0.036671797
0.0325126
0.036703174
0.039972457
0.10926387
0.10860416
0.10926583
0.10971686
0.1099431
0.10971665
0.10367241
0.10505032
0.10365884
-0.09416941
-0.096151947
-0.094130602
-0.086109461
-0.088255331
-0.086087812
-0.081336602
-0.083716649
-0.081340738
-0.053385528
-0.050193473
-0.056808569
-0.053380743
-0.050261885
-0.032871668
-0.037905935
-0.032782406
-0.022745016
-0.027701955
-0.02264102
-0.012571924
-0.017581741
-0.012541897
-0.0025027966
-0.0075180939
-0.0025036122
0.0075414352
0.0025081917
0.0075236966
0.017657756
0.012548974
0.017593385
0.02781575
0.022650446
0.027697036
0.038110481
0.032758246
0.037866945
-0.053181138
-0.058362355
-0.053060946
-0.042864241
-0.047858827
-0.042722198
-0.032663849
-0.037639094
-0.032584831
-0.022572153
-0.027552809
-0.022531856
-0.01252093
-0.017517904
-0.012508933
-0.0025017397
-0.0075037442
-0.0025007593
0.0075116957
0.0025015824
0.0075047737
0.017545861
0.012510288
0.01751928
0.027608049
0.022532109
0.027549987
0.037732982
0.032578369
0.037627689
0.047998882
0.04270463
0.047826075
0.058321829
0.052988415
0.058239131
-0.063529575
-0.068331799
-0.063114796
-0.052877636
-0.057887039
-0.052718944
-0.042622248
-0.047617104
-0.042560012
-0.032538448
-0.037530317
-0.032515347
-0.022512329
-0.027507907
-0.022504137
-0.012503216
-0.017502109
-0.012500979
-0.0025002663
-0.0075003848
-0.002500077
0.0075016379
0.0025001495
0.0075004759
0.017506969
0.012501082
0.017502166
0.027520518
0.022504012
0.027507327
0.037562393
0.032513935
0.037527405
0.047694985
0.042554055
0.047605362
0.05808208
0.052698703
0.057856527
0.069059311
0.06307839
0.068290108
-0.073067083
-0.078233905
-0.072945527
-0.062831731
-0.067781782
-0.062672171
-0.052611372
-0.057597565
-0.052550136
-0.042526187
-0.047523384
-0.042510074
-0.032505409
-0.037504126
-0.03250167
-0.022501199
-0.027500691
-0.022500298
-0.012500251
-0.01750013
-0.012500054
-0.0025000182
-0.007500019
-0.0025000035
0.0075001171
0.002500007
0.0075000238
0.017500577
0.012500059
0.017500131
0.027502285
0.022500277
0.027500617
0.037510716
0.032501488
0.037503709
0.047550689
0.042509152
0.047521452
0.057689438
0.052546432
0.057590976
0.06793777
0.062659999
0.067758109
0.07806098
0.072898828
0.078146716
-0.083367919
-0.088375857
-0.083137567
-0.072808931
-0.077879129
-0.07269794
-0.062587173
-0.067595182
-0.062543176
-0.052520411
-0.057518742
-0.052507675
-0.042503411
-0.047502919
-0.04250102
-0.03250045
-0.037500333
-0.032500105
-0.022500064
-0.027500034
-0.022500011
-0.01250001
-0.017500004
-0.012500001
-0.0025000005
-0.0075000004
-0.0024999999
0.0075000041
0.0025000001
0.0075000004
0.017500025
0.012500001
0.017500004
0.027500144
0.02250001
0.027500029
0.037501129
0.032500092
0.037500302
0.047508051
0.042500943
0.047502722
0.057540836
0.052507208
0.057517639
0.067654392
0.062540759
0.067590391
0.078026926
0.072692515
0.077879687
0.088633375
0.083147793
0.088394556
-0.082980153
-0.088144909
-0.082852705
-0.072621982
-0.077670131
-0.072573658
-0.062520942
-0.067528584
-0.062510019
-0.052502736
-0.057503197
-0.052500945
-0.042500272
-0.04750026
-0.042500066
-0.032500021
-0.037500015
-0.032500003
-0.022500001
-0.027500001
-0.0225
-0.0125
-0.0175
-0.0125
-0.0025
-0.0075
-0.0025
0.0075000001
0.0025
0.0075
0.0175
0.0125
0.0175
0.027500005
0.0225
0.027500001
0.037500071
0.032500003
0.037500015
0.047500848
0.042500063
0.047500252
0.057507483
0.052500927
0.057503159
0.067551615
0.062509954
0.067528609
0.07775982
0.072574001
0.077669872
0.088315946
0.082847822
0.088120621
-0.093335089
-0.098319075
-0.093116996
-0.082746487
-0.087847356
-0.082664752
-0.072543638
-0.077569184
-0.072525319
-0.062504755
-0.06750808
-0.062502245
-0.052500325
-0.057500542
-0.052500114
-0.042500015
-0.047500021
-0.042500003
-0.0325
-0.0375
-0.0325
-0.0225
-0.0275
-0.0225
-0.0125
-0.0175
-0.0125
-0.0025
-0.0075
-0.0025
0.0075
0.0025
0.0075
0.0175
0.0125
0.0175
0.0275
0.0225
0.0275
0.037500003
0.0325
0.0375
0.047500075
0.042500004
0.047500023
0.057501335
0.052500124
0.057500572
0.067515386
0.062502312
0.06750811
0.077607577
0.072524829
0.077566306
0.087951521
0.082654488
0.087812891
0.098658932
0.093040059
0.098133959
-0.092967049
-0.098065913
-0.092830744
-0.082609066
-0.087663322
-0.082569838
-0.07251447
-0.077525715
-0.07250816
-0.062501066
-0.067502216
-0.062500512
-0.052500041
-0.057500099
-0.052500016
-0.042500001
-0.047500002
-0.0425
-0.0325
-0.0375
-0.0325
-0.0225
-0.0275
-0.0225
-0.0125
-0.0175
-0.0125
-0.0025
-0.0075
-0.0025
0.0075
0.0025
0.0075
0.0175
0.0125
0.0175
0.0275
0.0225
0.0275
0.0375
0.0325
0.0375
0.047500008
0.0425
0.047500003
0.057500251
0.05250002
0.057500116
0.0675043
0.062500559
0.067502327
0.077540995
0.072508268
0.077525508
0.087722713
0.082568298
0.087659445
0.098135006
0.092827028
0.09806572
-0.092716814
-0.097785315
-0.092664701
-0.082543486
-0.087575187
-0.082529027
-0.072504555
-0.077509592
-0.072502693
-0.062500249
-0.067500641
-0.062500129
-0.052500006
-0.057500021
-0.052500003
-0.0425
-0.0475
-0.0425
-0.0325
-0.0375
-0.0325
-0.0225
-0.0275
-0.0225
-0.0125
-0.0175
-0.0125
-0.0025
-0.0075
-0.0025
0.0075
0.0025
0.0075
0.0175
0.0125
0.0175
0.0275
0.0225
0.0275
0.0375
0.0325
0.0375
0.047500001
0.0425
0.0475
0.057500055
0.052500004
0.057500027
0.067501264
0.06250015
0.067500715
0.077515774
0.072502901
0.077510118
0.087608578
0.082530317
0.087577636
0.097883389
0.092670986
0.097802912
-0.092652254
-0.097810341
-0.092651304
-0.082523301
-0.087562201
-0.0825218
-0.072501919
-0.077506559
-0.072501685
-0.062500081
-0.067500368
-0.062500068
-0.052500001
-0.05750001
-0.052500001
-0.0425
-0.0475
-0.0425
-0.0325
-0.0375
-0.0325
-0.0225
-0.0275
-0.0225
-0.0125
-0.0175
-0.0125
-0.0025
-0.0075
-0.0025
0.0075
0.0025
0.0075
0.0175
0.0125
0.0175
0.0275
0.0225
0.0275
0.0375
0.0325
0.0375
0.0475
0.0425
0.0475
0.057500014
0.052500001
0.05750001
0.067500457
0.062500067
0.067500363
0.077507345
0.072501644
0.077506333
0.087563425
0.082520841
0.087558684
0.097779951
0.092642531
0.097782561
-0.092651313
-0.097792782
-0.092651822
-0.082521772
-0.087563894
-0.082523293
-0.072501693
-0.077507281
-0.07250195
-0.06250007
-0.067500447
-0.062500087
-0.052500001
-0.057500015
-0.052500002
-0.0425
-0.0475
-0.0425
-0.0325
-0.0375
-0.0325
-0.0225
-0.0275
-0.0225
-0.0125
-0.0175
-0.0125
-0.0025
-0.0075
-0.0025
0.0075
0.0025
0.0075
0.0175
0.0125
0.0175
0.0275
0.0225
0.0275
0.0375
0.0325
0.0375
0.0475
0.0425
0.0475
0.057500011
0.052500002
0.057500015
0.067500364
0.062500089
0.067500455
0.077506356
0.072501984
0.077507367
0.087559179
0.082523399
0.087563796
0.097789724
0.092649014
0.097787106
-0.092663973
-0.097850368
-0.092714727
-0.082528988
-0.087603245
-0.082542864
-0.072502757
-0.077515209
-0.07250464
-0.062500143
-0.06750122
-0.062500277
-0.052500004
-0.057500054
-0.052500009
-0.0425
-0.047500001
-0.0425
-0.0325
-0.0375
-0.0325
-0.0225
-0.0275
-0.0225
-0.0125
-0.0175
-0.0125
-0.0025
-0.0075
-0.0025
0.0075
0.0025
0.0075
0.0175
0.0125
0.0175
0.0275
0.0225
0.0275
0.0375
0.0325
0.0375
0.047500001
0.0425
0.047500001
0.057500026
0.052500008
0.05750005
0.067500697
0.06250027
0.067501223
0.077510072
0.07250476
0.077515764
0.087577192
0.082544781
0.087608924
0.09780087
0.092727363
0.097882015
-0.092816358
-0.098145341
-0.09293651
-0.082568178
-0.087731599
-0.082607403
-0.072508299
-0.077542656
-0.072514779
-0.062500563
-0.067504443
-0.062501158
-0.052500021
-0.057500263
-0.052500052
-0.0425
-0.047500009
-0.042500001
-0.0325
-0.0375
-0.0325
-0.0225
-0.0275
-0.0225
-0.0125
-0.0175
-0.0125
-0.0025
-0.0075
-0.0025
0.0075
0.0025
0.0075
0.0175
0.0125
0.0175
0.0275
0.0225
0.0275
0.0375
0.0325
0.0375
0.047500003
0.042500001
0.047500007
0.057500105
0.052500044
0.057500234
0.067502247
0.062501069
0.067504192
0.077525762
0.072514213
0.077541642
0.087663931
0.082606346
0.087735239
0.098061208
0.092952506
0.09822054
-0.093091191
-0.098764571
-0.093314748
-0.082665127
-0.08798694
-0.082748768
-0.072526044
-0.077613117
-0.072545201
-0.062502409
-0.067515968
-0.062505
-0.052500132
-0.057501398
-0.05250035
-0.042500004
-0.04750008
-0.042500016
-0.0325
-0.037500003
-0.0325
-0.0225
-0.0275
-0.0225
-0.0125
-0.0175
-0.0125
-0.0025
-0.0075
-0.0025
0.0075
0.0025
0.0075
0.0175
0.0125
0.0175
0.0275
0.0225
0.0275
0.037500001
0.0325
0.037500003
0.047500023
0.042500017
0.047500081
0.05750056
0.052500349
0.057501379
0.06750802
0.062504908
0.067515585
0.077566991
0.072543728
0.077608596
0.087829413
0.082738022
0.087960482
0.098270665
0.093267453
0.098725224
-0.082860335
-0.088351431
-0.083005161
-0.072576252
-0.077764213
-0.072625062
-0.062510258
-0.067553258
-0.062520883
-0.052500954
-0.057507663
-0.052502646
-0.042500064
-0.047500851
-0.042500252
-0.032500003
-0.037500069
-0.032500018
-0.0225
-0.027500005
-0.022500001
-0.0125
-0.0175
-0.0125
-0.0025
-0.0075
-0.0025
0.0075
0.0025
0.0075
0.0175
0.0125
0.0175
0.0275
0.022500001
0.027500004
0.037500016
0.032500019
0.037500076
0.047500276
0.042500274
0.047500916
0.05750339
0.05250283
0.057508177
0.067529945
0.062522194
0.067556021
0.077672742
0.072629884
0.077771896
0.088123173
0.083010598
0.088320515
-0.083167397
-0.088680015
-0.083388938
-0.072699063
-0.078037833
-0.072799773
-0.062541945
-0.067659662
-0.062583118
-0.052507231
-0.057541192
-0.052518925
-0.042500926
-0.04750795
-0.042503062
-0.032500089
-0.037501106
-0.032500387
-0.022500009
-0.027500137
-0.02250005
-0.012500001
-0.01750002
-0.012500008
-0.0025000001
-0.0075000025
-0.0025000003
0.0075000004
0.0025000009
0.0075000027
0.017500003
0.012500008
0.01750002
0.027500028
0.022500052
0.027500144
0.037500318
0.032500411
0.037501176
0.047502871
0.042503236
0.047508344
0.057519157
0.052519824
0.05754336
0.06760049
0.062588419
0.067671938
0.077910455
0.072824573
0.078096958
0.088422672
0.083492638
0.088711061
-0.072922818
-0.078115043
-0.07303683
-0.062662126
-0.067948187
-0.062810675
-0.052546045
-0.05768798
-0.052601227
-0.042508993
-0.047550008
-0.042523274
-0.032501452
-0.037510533
-0.032504739
-0.022500245
-0.027502153
-0.022501003
-0.012500043
-0.017500469
-0.012500205
-0.0025000028
-0.007500079
-0.0025000179
0.0075000171
0.0025000225
0.0075000824
0.017500106
0.012500205
0.017500463
0.027500606
0.022501007
0.027502197
0.037503833
0.032504911
0.037511009
0.047521973
0.042524263
0.047551667
0.057594057
0.052603778
0.057691857
0.067781402
0.062818885
0.067960986
0.078257498
0.073061297
0.078117565
-0.06307301
-0.069064473
-0.063463061
-0.052697456
-0.058073516
-0.052833616
-0.042553271
-0.047691364
-0.04260853
-0.032513525
-0.037561165
-0.032534069
-0.022503488
-0.027518861
-0.022510419
-0.012500807
-0.01750553
-0.012502705
-0.002500086
-0.0075011594
-0.0025003279
0.0075003265
0.0025002733
0.0075010828
0.017501708
0.012502562
0.017505301
0.02750689
0.022510131
0.0275187
0.037527958
0.032534691
0.037563285
0.047607773
0.042613564
0.047699015
0.057857322
0.052840685
0.058075322
0.068308667
0.06345799
0.069054027
-0.052986956
-0.058324874
-0.053056719
-0.042698424
-0.047983915
-0.04283297
-0.032576166
-0.037729795
-0.032648589
-0.022526932
-0.027594401
-0.022560665
-0.012507616
-0.017534366
-0.012517962
-0.0025010258
-0.007508289
-0.0025026859
0.0075030292
0.0025015662
0.0075072052
0.017514076
0.012516084
0.017532032
0.027544414
0.02255707
0.027590584
0.03762854
0.032644746
0.037729871
0.047829283
0.04284749
0.048007586
0.058249552
0.053106464
0.058334786
-0.03274958
-0.03811277
-0.032820733
-0.022616037
-0.027746413
-0.022701182
-0.012536495
-0.017614132
-0.012558973
-0.0025057603
-0.0075290532
-0.0025126771
0.0075137946
0.0025023201
0.0075254582
0.017562404
0.012550593
0.017593693
0.027660108
0.022674888
0.0277228
0.037863135
0.032792321
0.038119126
-0.021487532
-0.021557008
-0.012509118
-0.017271601
-0.012440019
-0.0024957918
-0.0074760675
-0.0025051299
0.0075532761
0.002501394
0.0074889515
0.017374002
0.012460202
0.01735531
0.021735202
-0.039840954
-0.043238634
-0.047070843
-0.040050679
-0.04331705
-0.032696497
-0.036626841
-0.032580125
-0.024877457
-0.028375179
0.028182991
0.024950337
0.028339491
0.03665887
0.039865751
0.032578294
0.036641784
0.039940954
0.04698103
0.043288632
0.046950254
-0.059810768
-0.06261996
-0.059837873
-0.062719257
-0.053398695
-0.056795256
-0.053376126
-0.050270265
0.050168797
0.056841381
0.059682428
0.053356967
0.056745437
0.059766782
0.062727072
-0.071627196
-0.07429477
-0.071414065
-0.074120228
-0.076595961
-0.065598339
-0.068485407
0.068608513
0.065701758
0.068568346
0.073882937
0.076430006
0.07120068
0.073782512
0.076392843
-0.081404637
-0.083595804
-0.081421151
-0.079074053
-0.083702092
0.078934132
0.083605613
0.081430315
0.083730986
-0.090385114
-0.092299707
-0.090326428
-0.092249312
-0.086042126
-0.088253234
0.088275824
0.090408442
0.086020212
0.088247889
0.090337745
0.092279753
-0.096095326
-0.094126141
-0.096070289
-0.09781541
0.096064832
0.09784313
0.094138515
0.096067551
0.097780927
-0.1011118
-0.10251086
-0.099446546
-0.10105596
-0.10241879
0.10111833
0.099393074
0.10106712
0.10238388
-0.10500852
-0.10369014
-0.10506838
0.10499777
0.10361743
0.10502062
-0.10786422
-0.10786911
-0.10626974
-0.10714351
0.1071649
0.10786457
0.10625249
0.10711798
0.10785048
-0.10925726
-0.10861954
-0.10926399
0.10926047
0.10861917
0.1092677
-0.10994234
-0.10971483
-0.1099432
0.10994262
0.10971389
0.1099432
-0.10971311
-0.10994306
-0.10971614
0.10971216
0.10994421
0.10971777
-0.1086081
-0.10926425
-0.10861234
0.1086124
0.10927344
0.10862689
-0.10785903
-0.10627565
-0.10713937
-0.10624469
0.10715257
0.10627723
0.10710601
0.10784374
0.10625857
-0.10367433
-0.10251461
-0.10502105
-0.10367145
-0.10240762
0.10372054
0.105065
0.10373914
0.10247319
-0.099463799
-0.10105001
-0.099449772
-0.097826035
0.099432409
0.097894417
0.10107792
0.099420949
0.097812487
-0.094020139
-0.092257995
-0.096063341
-0.094110567
-0.092255201
0.094087829
0.096098846
0.094146865
0.092291384
-0.090345647
-0.085940149
-0.088216978
-0.085999205
0.088242151
0.085935284
0.088138276
0.090307151
0.086002373
-0.081384673
-0.079034083
-0.083759912
-0.081445245
-0.079006463
-0.076460477
0.078994486
0.076523469
0.079085607
0.076595769
0.083647346
0.081289844
-0.071578607
-0.07398853
-0.071395123
-0.065556407
-0.062632224
-0.068469792
-0.065632189
-0.062723117
0.068546744
0.06553917
0.068372426
0.065511487
0.062713368
0.073982583
0.0712951
-0.059939897
-0.053428696
-0.05003003
-0.05696368
-0.053454304
-0.050198684
-0.043198995
-0.046889816
-0.043290595
0.050091833
0.047015811
0.043355242
0.050237639
0.046981245
0.056971423
0.053449294
0.057008445
0.059994109
-0.039999355
-0.032687106
-0.036660252
-0.032650871
-0.024707815
-0.021560232
-0.028389857
-0.025067538
-0.021740882
-0.012525587
-0.017263286
-0.012411218
-0.0025390558
-0.0074964527
-0.0025094087
0.0075684214
0.0025106212
0.0074842127
0.017239258
0.012412511
0.017229222
0.028138029
0.024639137
0.028283143
0.024961962
0.021639296
0.036694212
0.032525949
0.036645259
0.0400535
-0.02160158
-0.021551489
-0.012409204
-0.017183655
-0.012393202
-0.0024899795
-0.007443056
-0.0024881018
0.0074519674
0.00247415
0.0074299101
0.017265412
0.01237228
0.017142141
0.021561757
-0.040025187
-0.043257727
-0.046935971
-0.039966648
-0.043218571
-0.032533486
-0.036647235
-0.032500238
-0.024896531
-0.028260743
0.028337308
0.025018364
0.028378331
0.036622802
0.039970148
0.032524745
0.036696656
0.040112827
0.047025136
0.043301628
0.047005598
-0.0598119
-0.062751438
-0.05986737
-0.062716736
-0.053411488
-0.056797494
-0.053417417
-0.050247344
0.050155671
0.056889942
0.059961449
0.053266483
0.056874581
0.059919412
0.062724245
-0.071361876
-0.07403799
-0.071279842
-0.073977586
-0.076459751
-0.06556036
-0.068372142
0.06855074
0.065599618
0.068409488
0.073875743
0.076493871
0.071273415
0.07397059
0.076506625
-0.081488422
-0.083799486
-0.081507062
-0.078966448
-0.083859467
0.078967187
0.083741546
0.081414676
0.083800906
-0.090318061
-0.092281227
-0.090345619
-0.092317893
-0.086089358
-0.088267124
0.088217282
0.090327651
0.086101549
0.088270699
0.090327835
0.092240549
-0.096079689
-0.09420474
-0.096107651
-0.097842614
0.096126304
0.097832524
0.094129357
0.096112434
0.09782856
-0.10107743
-0.10240087
-0.099467385
-0.10109185
-0.10242312
0.10106192
0.099434169
0.10109465
0.10248817
-0.10507036
-0.10366584
-0.10505997
0.10503576
0.1037295
0.10505777
-0.10782726
-0.10781016
-0.1062393
-0.10705842
0.10707717
0.10782016
0.10622119
0.1070592
0.10782628
-0.10926518
-0.10861374
-0.10927001
0.1092682
0.1086209
0.10927183
-0.10994337
-0.10971799
-0.10994337
0.10994331
0.1097182
0.10994339
-0.10971703
-0.10994333
-0.10971743
0.10971806
0.10994311
0.10971735
-0.10861596
-0.10926769
-0.10862124
0.10864501
0.10926755
0.10864949
-0.10785043
-0.10622481
-0.10710768
-0.10624524
0.10709329
0.10622746
0.10707895
0.10786863
0.10621208
-0.10365327
-0.10239431
-0.10504397
-0.1036466
-0.10240473
0.10371103
0.1050409
0.10368385
0.10243792
-0.099444524
-0.101096
-0.09946055
-0.097894579
0.099417656
0.097839062
0.10109685
0.099440119
0.097861249
-0.094168314
-0.092284767
-0.096161521
-0.094126125
-0.092227854
0.094169351
0.096155674
0.094183744
0.092297624
-0.090319892
-0.086098903
-0.08826707
-0.086101616
0.088228182
0.086072244
0.088354318
0.090327705
0.086183712
-0.081425684
-0.079000628
-0.083771521
-0.081393446
-0.079041089
-0.07656884
0.078986917
0.07651692
0.078915963
0.076475182
0.083743934
0.081350813
-0.071220018
-0.073958154
-0.07124427
-0.065724402
-0.062714993
-0.0685454
-0.065719126
-0.062696235
0.068401883
0.065581056
0.068479987
0.065669711
0.062674153
0.074035426
0.071340404
-0.059740108
-0.053459961
-0.050321862
-0.056697572
-0.053318329
-0.050197285
-0.043340443
-0.047004163
-0.043252381
0.050220451
0.046960272
0.043245123
0.050223066
0.046943806
0.056928029
0.053422393
0.056701928
0.059715178
-0.039919109
-0.032578932
-0.036522508
-0.032487417
-0.025011286
-0.021667614
-0.028243071
-0.024864812
-0.021551737
-0.012329852
-0.017132006
-0.012331527
-0.0024874987
-0.0074332412
-0.0024747511
0.0074442576
0.0024832636
0.0074424716
0.017198341
0.012377893
0.017122219
0.028322036
0.025072514
0.028283996
0.024969695
0.021556026
0.036635464
0.032542985
0.036684942
0.039982877
-0.021536793
-0.02160726
-0.012371376
-0.017233588
-0.012373649
-0.0024853417
-0.0074215989
-0.0024734883
0.0074218539
0.0024704267
0.0074201994
0.017129562
0.012354453
0.017183153
0.021555673
-0.040009205
-0.043286614
-0.046954065
-0.04005029
-0.043337618
-0.032483477
-0.036606695
-0.032472557
-0.024930448
-0.028265523
0.028313725
0.024941782
0.028279516
0.036717679
0.040056138
0.032438336
0.036611589
0.039989634
0.046951598
0.043215934
0.046950996
-0.059881739
-0.062711105
-0.05985427
-0.062705943
-0.053375321
-0.056775776
-0.053351309
-0.050212182
0.05024097
0.056756558
0.059820692
0.05337911
0.056730674
0.059774632
0.062703163
-0.071265853
-0.073978765
-0.071321451
-0.074020422
-0.07646683
-0.065528913
-0.068350504
0.06835868
0.06556015
0.068365936
0.073986313
0.076493741
0.07119289
0.073916737
0.076519358
-0.081331809
-0.083694385
-0.081284678
-0.078972943
-0.083640001
0.078975604
0.083725093
0.081298435
0.083684348
-0.090380568
-0.09228376
-0.090362788
-0.092218828
-0.086093233
-0.088266587
0.088387589
0.090328009
0.086221467
0.088383392
0.090329274
0.092290816
-0.096138181
-0.094097247
-0.096163422
-0.097886495
0.096115316
0.097827028
0.094179433
0.096125637
0.097857138
-0.10108691
-0.10240629
-0.099455489
-0.10108709
-0.10242973
0.10109845
0.099474445
0.10106775
0.1023998
-0.10505879
-0.10368362
-0.10506385
0.10506156
0.10367568
0.10505151
-0.10782129
-0.10782974
-0.10624489
-0.10707393
0.10706837
0.10783218
0.10624173
0.10708543
0.10782632
-0.10927089
-0.10862595
-0.10926969
0.10927026
0.10861709
0.10926904
-0.10994347
-0.10971851
-0.10994357
0.10994343
0.10971793
0.10994342
-0.10971798
-0.10994356
-0.10971899
0.10971769
0.10994336
0.10971785
-0.10862056
-0.10926966
-0.10862168
0.10862625
0.10926926
0.10861565
-0.10782913
-0.1062344
-0.10707862
-0.1062339
0.10708055
0.10622284
0.10710947
0.10784435
0.10625498
-0.10365641
-0.10241718
-0.10503976
-0.10367971
-0.10242439
0.10369319
0.10506164
0.10368995
0.10241373
-0.099434827
-0.10106944
-0.099412923
-0.097842092
0.099462871
0.097847128
0.10105739
0.09944973
0.097857127
-0.0941294
-0.092250128
-0.096153892
-0.094211057
-0.092344544
0.094184022
0.096137105
0.094143409
0.092255614
-0.090335954
-0.086088823
-0.088247226
-0.086092854
0.088357509
0.086183382
0.088286965
0.090343949
0.086101099
-0.081327536
-0.079044826
-0.083698105
-0.081334805
-0.078976273
-0.076458314
0.079046901
0.076562795
0.079021555
0.076473691
0.083751832
0.081425546
-0.071247424
-0.073845719
-0.071168599
-0.065546132
-0.062713776
-0.068250177
-0.065429607
-0.062728848
0.0684866
0.065665629
0.068356335
0.065543145
0.062676428
0.073990432
0.071348882
-0.059862922
-0.053272186
-0.050117279
-0.056799925
-0.053397683
-0.050211904
-0.043179674
-0.046946811
-0.043240788
0.050199224
0.046941231
0.043276665
0.050147301
0.046972872
0.05671805
0.053329593
0.056864007
0.059879788
-0.04002912
-0.032509123
-0.036723343
-0.032509674
-0.024898515
-0.021543963
-0.028325038
-0.024946356
-0.021514396
-0.012365663
-0.017190983
-0.012375134
-0.002470858
-0.0074202014
-0.0024721087
0.0074377983
0.0024772796
0.0074338549
0.01715885
0.012381042
0.017208035
0.028285176
0.024970961
0.028230558
0.024938157
0.02161829
0.036616799
0.032445114
0.036585537
0.039953338
-0.021575169
-0.021547421
-0.012364272
-0.017125825
-0.012363238
-0.0024711465
-0.0074246258
-0.0024715706
0.0074208411
0.0024711953
0.0074179454
0.017184245
0.012356463
0.017186803
0.021602688
-0.040053634
-0.043307317
-0.046861122
-0.040039585
-0.043219915
-0.032481337
-0.036686289
-0.032470679
-0.02494124
-0.028248641
0.028316532
0.02494593
0.028245701
0.036600647
0.040033503
0.032461874
0.036636266
0.040022634
0.046961738
0.04328812
0.046961367
-0.059880492
-0.062716766
-0.059942412
-0.062724001
-0.053292534
-0.05685953
-0.053297879
-0.050106065
0.050174772
0.056790412
0.059840925
0.053341625
0.056821534
0.059859715
0.062709022
-0.071295467
-0.073984368
-0.071249958
-0.073926886
-0.076465221
-0.065592715
-0.068382818
0.068326339
0.065559858
0.068378827
0.073950549
0.076522203
0.071302443
0.073960543
0.076525716
-0.081279834
-0.083657756
-0.08132879
-0.078944463
-0.083706267
0.079037127
0.083723157
0.081382399
0.083741851
-0.090344528
-0.092218119
-0.090348813
-0.092203591
-0.086113591
-0.088295416
0.08833277
0.090323998
0.086055067
0.088240627
0.090316927
0.09224679
-0.096188349
-0.09409487
-0.096191906
-0.097917785
0.096146661
0.097887623
0.094162569
0.096154663
0.097864327
-0.1010926
-0.10244534
-0.099458203
-0.10107033
-0.10238926
0.10106989
0.099445625
0.1010801
0.10241457
-0.10506155
-0.10365958
-0.10504626
0.10504149
0.10366954
0.10504669
-0.10783518
-0.1078326
-0.10622942
-0.10709177
0.10710119
0.1078416
0.10621917
0.10708563
0.10785067
-0.10927038
-0.10861519
-0.1092703
0.10926952
0.10862027
0.10927083
-0.10994363
-0.10971851
-0.10994358
0.10994351
0.10971833
0.10994338
-0.10971895
-0.10994338
-0.10971836
0.10971836
0.10994349
0.10971853
-0.10861815
-0.10926914
-0.10861886
0.10860473
0.10927075
0.10861978
-0.10783996
-0.10624202
-0.10710702
-0.10625629
0.10709275
0.10624521
0.10707754
0.10782433
0.10623681
-0.10368588
-0.10243677
-0.10504468
-0.10368641
-0.10245441
0.1036534
0.10504362
0.10369016
0.10242925
-0.099428735
-0.10108525
-0.09945006
-0.097890526
0.099447385
0.097871674
0.1010725
0.099438979
0.097811507
-0.09424802
-0.092352298
-0.096163754
-0.0941623
-0.092257913
0.094140343
0.096110464
0.094182533
0.092297911
-0.090323956
-0.086071534
-0.08835142
-0.086183961
0.088243395
0.086072046
0.088299648
0.090346665
0.086126203
-0.081386961
-0.07897807
-0.083682344
-0.081353389
-0.079006198
-0.076467125
0.078974429
0.076459768
0.078943294
0.076461705
0.083697191
0.081306405
-0.071301959
-0.074038824
-0.071346119
-0.065495458
-0.062726529
-0.068385527
-0.065573904
-0.062724074
0.06834035
0.065500378
0.06834158
0.065508729
0.062726542
0.073838327
0.071172183
-0.059832969
-0.053362211
-0.050216996
-0.056755798
-0.053317596
-0.050154747
-0.04327036
-0.04694907
-0.043291961
0.050193059
0.047005407
0.043300388
0.050162593
0.046995744
0.056853179
0.053297872
0.056764337
0.059817475
-0.039938133
-0.032490489
-0.036515735
-0.032473721
-0.024993867
-0.021627725
-0.028330877
-0.024986093
-0.021650821
-0.012370365
-0.017247022
-0.012361089
-0.0024756605
-0.0074205828
-0.0024704791
0.0074360906
0.0024843188
0.0074360868
0.017208305
0.012382152
0.017184135
0.02823857
0.024888489
0.028284702
0.024791357
0.021453072
0.036641781
0.032533135
0.036621993
0.039987251
-0.021551935
-0.021570255
-0.012361829
-0.017151241
-0.012359851
-0.0024756118
-0.00742321
-0.0024750507
0.0074262238
0.0024803314
0.0074309788
0.017159128
0.012373505
0.017163468
0.021623495
-0.040054652
-0.043256686
-0.0469838
-0.040135746
-0.043368741
-0.032468711
-0.036635146
-0.032482535
-0.024940971
-0.028282614
0.028260265
0.025030168
0.028309887
0.036636561
0.040069893
0.032482268
0.036613968
0.040015281
0.046972022
0.043289386
0.04695081
-0.05992185
-0.062696562
-0.059934759
-0.062695468
-0.053361057
-0.056906829
-0.053281007
-0.050148352
0.050166142
0.05676039
0.059805676
0.053330239
0.056787192
0.059842984
0.062689125
-0.071256342
-0.073968157
-0.071228954
-0.073947055
-0.07657098
-0.065569114
-0.068364296
0.068547255
0.0656094
0.068387198
0.073916253
0.076500664
0.071181645
0.073840018
0.076482898
-0.081420809
-0.083783835
-0.0814115
-0.079051734
-0.083762037
0.078996388
0.083821949
0.081393258
0.083782624
-0.090342426
-0.092249367
-0.090351253
-0.092290046
-0.086119074
-0.088305561
0.088222777
0.090304772
0.086096618
0.088250411
0.09029781
0.09223544
-0.096174369
-0.094185978
-0.09616892
-0.097904891
0.096155261
0.09784708
0.094144931
0.096166162
0.097854641
-0.10107467
-0.10242351
-0.099473404
-0.1010932
-0.10243935
0.10110034
0.099424592
0.10106371
0.10243339
-0.10505111
-0.10368484
-0.10505446
0.10505874
0.10370453
0.10504357
-0.10781769
-0.10780674
-0.10625572
-0.1070981
0.10707442
0.10783776
0.1062325
0.10710486
0.10783835
-0.10926987
-0.10860202
-0.10926999
0.1092726
0.10861706
0.10927334
-0.10994336
-0.10971837
-0.10994345
0.10994336
0.1097179
0.10994348
-0.10971841
-0.10994353
-0.10971838
0.10971812
0.10994339
0.10971818
-0.10861587
-0.10926956
-0.10861146
0.10861606
0.10926793
0.10860741
-0.10782453
-0.10624574
-0.10705507
-0.10621381
0.10709818
0.10622968
0.10710238
0.10783182
0.10625209
-0.10371789
-0.10247454
-0.10504817
-0.10367753
-0.10241969
0.10370739
0.10505688
0.1036811
0.10244077
-0.099438322
-0.10106781
-0.099450916
-0.097891984
0.099426999
0.097796096
0.10110173
0.099421923
0.097833326
-0.094129343
-0.092237822
-0.096164854
-0.094116728
-0.092222227
0.094183227
0.096144957
0.094173419
0.092280732
-0.090334882
-0.086208989
-0.088292505
-0.086125799
0.088280856
0.08610641
0.088316705
0.090332321
0.086147207
-0.081346932
-0.078955995
-0.083677866
-0.081293576
-0.079043983
-0.07658405
0.07891907
0.076433726
0.079001514
0.07645887
0.083767956
0.08145
-0.071260714
-0.074014495
-0.071272399
-0.065613226
-0.062709658
-0.068390068
-0.065595212
-0.062684292
0.068387842
0.065585732
0.068464948
0.065656359
0.06276708
0.074046377
0.071361351
-0.059872966
-0.053317789
-0.050171075
-0.056843575
-0.053376433
-0.050185059
-0.043261464
-0.046936306
-0.043164028
0.050151802
0.046952151
0.043313083
0.050214325
0.046953681
0.05670419
0.053392453
0.05678678
0.05985392
-0.03996994
-0.032485797
-0.036703018
-0.03249266
-0.024879026
-0.021487801
-0.028428058
-0.024891879
-0.021410944
-0.01235515
-0.017173744
-0.012342347
-0.0024701408
-0.0074278858
-0.0024781022
0.0074396323
0.0024795034
0.0074436792
0.017183063
0.012395902
0.017138394
0.028273862
0.024743821
0.028278141
0.024951601
0.021498234
0.0366344
0.032490516
0.036662872
0.0400501
-0.021769468
-0.021699321
-0.012362676
-0.01723941
-0.012334452
-0.002475221
-0.0074216696
-0.0024765431
0.0074230941
0.002477812
0.0074288982
0.017155255
0.012364072
0.017117822
0.021537382
-0.040107527
-0.043327859
-0.046890885
-0.039974807
-0.043251898
-0.032456209
-0.036610101
-0.032430827
-0.024974218
-0.028206774
0.028244467
0.02492102
0.028173802
0.036609817
0.039924397
0.032427738
0.036672746
0.039940895
0.046904679
0.043170286
0.04692119
-0.059957581
-0.062708318
-0.059874676
-0.062720337
-0.053262165
-0.056830449
-0.053291202
-0.050083878
0.050225168
0.056818073
0.05983571
0.053403869
0.056795456
0.059851425
0.062706046
-0.07120175
-0.073907429
-0.071185074
-0.073842958
-0.076483018
-0.06557946
-0.068414408
0.068319441
0.065762622
0.068578193
0.07386716
0.076485479
0.071235853
0.07390009
0.076474828
-0.081356208
-0.083725952
-0.081314381
-0.078980359
-0.083705125
0.078976831
0.083732674
0.081431934
0.08379614
-0.090362075
-0.092237102
-0.090349154
-0.092237001
-0.085989917
-0.088144516
0.088263755
0.090306675
0.086074646
0.088240145
0.090324808
0.092298206
-0.096166334
-0.094134205
-0.096159214
-0.097856409
0.096175076
0.097878904
0.094201812
0.096176422
0.09786783
-0.10108524
-0.10241667
-0.099437049
-0.10108868
-0.10242241
0.10104284
0.099427072
0.10109081
0.1024411
-0.10503939
-0.10367556
-0.10503018
0.10504346
0.10369621
0.10505094
-0.10782391
-0.10783478
-0.10622928
-0.10710863
0.10708669
0.10783639
0.10623927
0.10709723
0.10783264
-0.10926968
-0.10861275
-0.10926962
0.10927112
0.10861289
0.10926886
-0.10994364
-0.10971786
-0.1099436
0.10994339
0.10971785
0.10994337
-0.10971837
-0.10994358
-0.10971864
0.1097183
0.10994334
0.10971809
-0.10861264
-0.10926992
-0.1086173
0.10862533
0.10927081
0.10862003
-0.10781748
-0.10621913
-0.10706973
-0.10623491
0.10708852
0.10624898
0.10707831
0.10783451
0.10622098
-0.10365872
-0.10238068
-0.10505359
-0.10368752
-0.10240685
0.10366912
0.10505767
0.10365551
0.10241661
-0.099450368
-0.10104956
-0.099427373
-0.097854662
0.099429852
0.097849278
0.10110532
0.099447627
0.097860987
-0.094153343
-0.092277916
-0.096152193
-0.094171672
-0.092302656
0.09421171
0.096145872
0.094182931
0.092284873
-0.090350756
-0.086082959
-0.08816893
-0.086004857
0.088341281
0.08617372
0.088227354
0.090318321
0.086058584
-0.08130063
-0.079116458
-0.083704435
-0.08135129
-0.079065792
-0.076560517
0.078974391
0.07643677
0.079001188
0.076503171
0.083671315
0.081351002
-0.07126135
-0.073952521
-0.071262164
-0.065589274
-0.06267508
-0.068470452
-0.065659235
-0.062718835
0.068340621
0.065537012
0.068244385
0.065428004
0.062745519
0.073890998
0.071197931
-0.059852335
-0.053493653
-0.050257477
-0.056806177
-0.053441437
-0.050222351
-0.043181847
-0.046885767
-0.043271199
0.050225132
0.046992972
0.043280512
0.050176764
0.046950376
0.056837125
0.053389473
0.056725793
0.059772357
-0.03996917
-0.032494895
-0.036599671
-0.032497322
-0.024958099
-0.021491681
-0.028277652
-0.024977975
-0.02165376
-0.012356185
-0.017217691
-0.012366443
-0.0024750542
-0.007423154
-0.0024702031
0.0074459318
0.0024784544
0.0074409918
0.017176968
0.012377203
0.017138923
0.028294772
0.02502017
0.028301509
0.024882247
0.021480363
0.036585691
0.032537219
0.036605725
0.039931139
-0.02151831
-0.021531132
-0.012338714
-0.017072648
-0.012352677
-0.0024749114
-0.007424734
-0.0024708335
0.0074296766
0.0024749718
0.0074272386
0.01714654
0.01236791
0.01716339
0.021640915
-0.039897814
-0.043236617
-0.046964716
-0.039974443
-0.043196309
-0.032478869
-0.03664526
-0.032519788
-0.025003125
-0.028331959
0.028234973
0.024958973
0.028275874
0.036681366
0.039975972
0.032550178
0.036651428
0.040057676
0.046905906
0.043332903
0.046917085
-0.059892335
-0.062709493
-0.059940554
-0.062704861
-0.05332449
-0.056892486
-0.05334667
-0.05019898
0.050274746
0.056883018
0.059932662
0.05346443
0.056963808
0.059996733
0.062672186
-0.071215412
-0.073881504
-0.071246046
-0.073951417
-0.076576261
-0.065549385
-0.068356864
0.068385583
0.065337503
0.068151999
0.073846536
0.076523767
0.071178381
0.073898097
0.07658865
-0.08132696
-0.083712216
-0.081372095
-0.079035583
-0.083746534
0.079051633
0.083841283
0.081465829
0.083823517
-0.090351939
-0.092229318
-0.090350535
-0.092236305
-0.086185683
-0.08836026
0.088239715
0.090342402
0.086061583
0.088243045
0.09032814
0.092222081
-0.096144805
-0.094124999
-0.096161592
-0.097861356
0.09619251
0.097887452
0.094126913
0.096143353
0.097862104
-0.10107819
-0.10239792
-0.099444913
-0.10108512
-0.10241736
0.10109567
0.099465503
0.10108276
0.10240941
-0.10504873
-0.10368522
-0.10505828
0.10503841
0.10366772
0.10505111
-0.10784525
-0.10784876
-0.10623702
-0.10708725
0.10711053
0.10784576
0.1062321
0.10709138
0.10784212
-0.10926964
-0.10862885
-0.10926862
0.10926896
0.10861233
0.10926955
-0.10994345
-0.1097172
-0.10994333
0.10994337
0.10971805
0.10994347
-0.10971861
-0.10994348
-0.10971842
0.10971787
0.10994327
0.10971799
-0.10861481
-0.10927099
-0.10861189
0.10861455
0.10927107
0.10862284
-0.10782696
-0.10624323
-0.10710829
-0.10627058
0.10707778
0.10623437
0.10710563
0.10782797
0.10624947
-0.10370668
-0.10244183
-0.10506498
-0.10369445
-0.10242255
0.10366971
0.10503285
0.10366657
0.1024352
-0.099447984
-0.10106659
-0.09946229
-0.097915725
0.099440545
0.09783507
0.10109937
0.09944153
0.097872201
-0.094137109
-0.092259568
-0.096180967
-0.094173072
-0.092287982
0.09419651
0.096162699
0.094170685
0.092263072
-0.090346601
-0.086016968
-0.088290715
-0.086111479
0.08829938
0.086127351
0.088356384
0.090333501
0.086184728
-0.081415143
-0.079038807
-0.083854278
-0.081489799
-0.078955299
-0.076471245
0.079118879
0.07659671
0.079034388
0.076545296
0.083700444
0.081328832
-0.071256037
-0.073900835
-0.071179977
-0.065589739
-0.062731828
-0.068314889
-0.065518976
-0.062727517
0.068222685
0.065435462
0.068320983
0.065508995
0.062757888
0.073994059
0.071312189
-0.05978747
-0.053406173
-0.050182684
-0.056737439
-0.053432493
-0.050246311
-0.043303226
-0.046907706
-0.043285213
0.050036536
0.046864523
0.043328426
0.050031292
0.046906022
0.05680158
0.05325646
0.056819506
0.059881125
-0.040163238
-0.032462921
-0.036747239
-0.032444511
-0.024907562
-0.021592466
-0.028241872
-0.024849025
-0.021447258
-0.012337103
-0.017117334
-0.01234684
-0.0024737211
-0.0074247945
-0.0024750057
0.007437862
0.0024717973
0.0074268932
0.017119455
0.012366436
0.017162913
0.028228385
0.024837154
0.028276132
0.024953129
0.021572884
0.036680096
0.032477854
0.036608279
0.040027601
-0.021595388
-0.021651483
-0.01235803
-0.01721132
-0.012368134
-0.0024753885
-0.0074255336
-0.0024759001
0.0074323184
0.0024769436
0.0074301871
0.017166005
0.012374959
0.017187189
0.021557708
-0.04000568
-0.043248584
-0.046964898
-0.039997219
-0.043275027
-0.032451173
-0.036595246
-0.032406018
-0.025001044
-0.02824565
0.02828688
0.024889495
0.028303219
0.036620092
0.040015903
0.032501449
0.036561133
0.039942035
0.046944718
0.043255293
0.046921724
-0.059877795
-0.062722248
-0.0598753
-0.062735346
-0.053291228
-0.056817602
-0.053369229
-0.050219301
0.050084762
0.056844114
0.059881843
0.053300838
0.056733134
0.059796305
0.062759702
-0.071264923
-0.073939261
-0.071256119
-0.07393921
-0.076518293
-0.065487357
-0.06829043
0.068365093
0.065650176
0.06844403
0.073982553
0.076524218
0.071281533
0.073968163
0.076480864
-0.081403175
-0.083758078
-0.081373373
-0.079054626
-0.083698544
0.078974808
0.083748631
0.081367759
0.083733338
-0.090342833
-0.092253745
-0.090336882
-0.092295208
-0.086111805
-0.088280472
0.088198624
0.090324159
0.086084533
0.08824895
0.09033747
0.092340683
-0.096156324
-0.094177775
-0.096162043
-0.097852731
0.096093603
0.097803934
0.094241702
0.096117894
0.097830097
-0.10108495
-0.10244484
-0.099435285
-0.10109853
-0.10244687
0.10108837
0.099450677
0.10109731
0.10243454
-0.10505446
-0.10369406
-0.10506435
0.10505165
0.10365981
0.10502983
-0.10783636
-0.10784969
-0.10623232
-0.10709188
0.10708895
0.10781634
0.10623574
0.10708326
0.10781559
-0.10926801
-0.10861551
-0.10926785
0.10926993
0.10861271
0.10927016
-0.10994338
-0.10971751
-0.10994339
0.10994349
0.10971791
0.10994354
-0.10971812
-0.10994341
-0.10971777
0.10971819
0.10994327
0.10971812
-0.10860949
-0.10926932
-0.10860573
0.10862708
0.10926844
0.10861409
-0.10782557
-0.10625501
-0.10709518
-0.10624569
0.10710216
0.10623613
0.10708778
0.10782208
0.10623247
-0.10364779
-0.10238846
-0.10504309
-0.10366488
-0.10241972
0.10368299
0.1050287
0.10370906
0.10245696
-0.099456114
-0.10106737
-0.099445609
-0.097906099
0.099443102
0.097888184
0.10107671
0.099448635
0.097882367
-0.094138491
-0.092279743
-0.096168965
-0.094134599
-0.092250581
0.094108582
0.096166718
0.094183921
0.092284404
-0.090339719
-0.086121802
-0.088284676
-0.086117987
0.088226679
0.086070905
0.088227482
0.090328628
0.086087636
-0.081449208
-0.078883816
-0.083712491
-0.081352298
-0.078904749
-0.076414361
0.078983782
0.076497868
0.079030091
0.07654497
0.08360703
0.081214003
-0.071231572
-0.073917515
-0.071209574
-0.065504379
-0.062728943
-0.068308809
-0.065488209
-0.062757947
0.068365786
0.065561274
0.068415967
0.065607125
0.062726101
0.074034986
0.071337608
-0.059787667
-0.053403358
-0.050197177
-0.05668487
-0.05340277
-0.050198722
-0.04326027
-0.046906816
-0.043229135
0.050164946
0.046986357
0.043226486
0.050189882
0.046959211
0.056794994
0.053342202
0.05688734
0.059928743
-0.039977684
-0.032431527
-0.036638398
-0.032437102
-0.024957319
-0.021544433
-0.028294704
-0.025038051
-0.021665026
-0.012368776
-0.017229798
-0.01235754
-0.0024759795
-0.0074268113
-0.0024739393
0.0074243519
0.0024738147
0.0074242056
0.017155307
0.012367999
0.017223505
0.028293962
0.024979113
0.028300748
0.025043266
0.021639596
0.036599594
0.032429889
0.036651783
0.04000184
-0.021601063
-0.021431395
-0.012369032
-0.017113396
-0.01237901
-0.0024790299
-0.0074426932
-0.0024856588
0.0074276377
0.0024737919
0.0074297395
0.017206747
0.012362344
0.017180334
0.021601445
-0.040008
-0.04324198
-0.046888414
-0.040030467
-0.043256503
-0.032452468
-0.036645006
-0.032471127
-0.024915056
-0.028315797
0.028226022
0.024878796
0.028202641
0.036554897
0.040011461
0.0324799
0.036634782
0.040007685
0.046902401
0.043293046
0.04695439
-0.059823001
-0.062711652
-0.059797334
-0.062726621
-0.053445454
-0.056752704
-0.053381515
-0.050171727
0.050066022
0.056777028
0.059846793
0.053257095
0.056820888
0.05985592
0.062722531
-0.071180116
-0.073875679
-0.071155332
-0.073879639
-0.076617137
-0.065582069
-0.068396316
0.068399824
0.065582016
0.068387066
0.073873484
0.076498885
0.071235427
0.073903327
0.07642789
-0.081355715
-0.083698678
-0.08143838
-0.079083682
-0.083780399
0.078953861
0.083691178
0.081324319
0.083661523
-0.09032821
-0.092318793
-0.090318005
-0.092260825
-0.08605665
-0.088257751
0.088331999
0.090331114
0.086071864
0.088242666
0.090333146
0.092273338
-0.096161141
-0.094164093
-0.09616615
-0.097852185
0.096142839
0.097865989
0.094162824
0.096164828
0.097893186
-0.10110387
-0.10240669
-0.099433074
-0.1010793
-0.1024015
0.10109954
0.099454964
0.10110292
0.10246637
-0.10505625
-0.10365637
-0.1050306
0.10502319
0.10369326
0.10503474
-0.10786225
-0.10786235
-0.10621738
-0.10710044
0.1070988
0.10783084
0.10624192
0.10711216
0.10784445
-0.10926804
-0.10862652
-0.10926978
0.10926979
0.10861975
0.10926909
-0.10994344
-0.10971741
-0.10994352
0.10994356
0.10971844
0.10994355
-0.10971759
-0.10994349
-0.10971815
0.10971806
0.10994339
0.10971826
-0.10861123
-0.10926931
-0.10861631
0.10860574
0.10926707
0.10861827
-0.10784195
-0.1062771
-0.10711466
-0.10626688
0.10709095
0.10625359
0.10710377
0.1078485
0.10624899
-0.10368772
-0.10242846
-0.10505896
-0.10370526
-0.10242741
0.10368399
0.10504839
0.10366865
0.10241109
-0.099456928
-0.1010626
-0.099449603
-0.097891483
0.099435506
0.097865396
0.10106817
0.099449743
0.097846658
-0.094188151
-0.092285366
-0.096175609
-0.094168075
-0.092260101
0.094259218
0.096125134
0.094210691
0.092319712
-0.090327504
-0.086147389
-0.088241893
-0.086065334
0.08830589
0.086150481
0.088302422
0.090340562
0.086130271
-0.081334216
-0.07896061
-0.083712481
-0.081367018
-0.078957751
-0.076460443
0.079075893
0.076608247
0.079011586
0.07649847
0.083632468
0.081278364
-0.071277216
-0.074005203
-0.071309555
-0.065539775
-0.062755053
-0.068396164
-0.065562176
-0.062695817
0.068330069
0.065538732
0.068240523
0.065450144
0.062773917
0.073964436
0.071269003
-0.059814961
-0.053369835
-0.050239846
-0.056775723
-0.053353546
-0.050203911
-0.043270931
-0.046976451
-0.043271402
0.05019537
0.046938596
0.043219557
0.050188647
0.046953583
0.056845522
0.053353574
0.056804019
0.059895002
-0.039872734
-0.032431301
-0.036532075
-0.032459624
-0.024981706
-0.021645839
-0.028282532
-0.024959924
-0.021594157
-0.012351253
-0.017212489
-0.012360083
-0.0024739344
-0.0074166315
-0.0024719299
0.0074211599
0.0024704705
0.0074198736
0.017259169
0.012372256
0.017161153
0.028280946
0.024959828
0.028324972
0.024858429
0.021509469
0.036657612
0.032522332
0.036639187
0.040012635
-0.02142587
-0.021450876
-0.012385108
-0.017074735
-0.012367725
-0.002486536
-0.0074385503
-0.0024829293
0.0074301677
0.0024711883
0.0074272706
0.017165885
0.012384631
0.017212731
0.02150741
-0.04008406
-0.043283657
-0.046990684
-0.040068792
-0.043242038
-0.03247648
-0.036734976
-0.032506609
-0.025040164
-0.028397556
0.028285631
0.024951069
0.028384521
0.036651126
0.0399778
0.032499036
0.036662138
0.040033785
0.04698189
0.043265708
0.046974015
-0.059809722
-0.062729999
-0.059773678
-0.062735691
-0.05333174
-0.056713519
-0.053401491
-0.050286716
0.050152503
0.056793618
0.059805224
0.053305038
0.056800781
0.059849698
0.062741629
-0.071230505
-0.073909196
-0.071251831
-0.073935466
-0.076417102
-0.06563546
-0.068449285
0.068374323
0.065633722
0.068456537
0.074021641
0.076487131
0.07127338
0.073962764
0.076568139
-0.081437981
-0.083788951
-0.081332085
-0.078885433
-0.083714609
0.079030204
0.083746505
0.081369368
0.083744362
-0.090310966
-0.092263481
-0.090333315
-0.092317057
-0.086115899
-0.088283744
0.088213351
0.090343392
0.086112126
0.088268502
0.090327925
0.092300281
-0.096154994
-0.094217092
-0.096132061
-0.097850002
0.096128745
0.097862083
0.094193463
0.096121
0.097840639
-0.10108619
-0.1024334
-0.099455769
-0.10109357
-0.10243555
0.10109867
0.099443521
0.1010759
0.1024343
-0.10503848
-0.10367522
-0.10505024
0.10504139
0.10368585
0.10502577
-0.10785676
-0.10785752
-0.1062443
-0.10711452
0.1070902
0.10784159
0.10618443
0.10706236
0.10782827
-0.10926854
-0.10861155
-0.10926723
0.10926991
0.10861266
0.10927088
-0.10994344
-0.10971794
-0.10994297
0.10994352
0.1097185
0.10994351
-0.10971859
-0.10994357
-0.10971934
0.10971827
0.10994339
0.10971825
-0.10860633
-0.10927081
-0.10860383
0.10862155
0.10927123
0.10862348
-0.10784583
-0.10623399
-0.10710658
-0.10622019
0.10709337
0.10622772
0.1070852
0.10784091
0.10623429
-0.10367178
-0.10242863
-0.10503141
-0.10366338
-0.10244044
0.10367257
0.10504789
0.10366394
0.10242423
-0.099447543
-0.10111526
-0.099456603
-0.097853607
0.09945598
0.097864626
0.10108826
0.099430956
0.097821364
-0.094128753
-0.092237285
-0.096151667
-0.094125119
-0.092253946
0.094160637
0.096122655
0.094213164
0.092298211
-0.090355826
-0.086057063
-0.08826951
-0.08609989
0.088318739
0.086152372
0.0882946
0.090326277
0.08612946
-0.081399617
-0.078965542
-0.083739858
-0.081391034
-0.079060703
-0.07655301
0.079014066
0.076505726
0.079051937
0.076531804
0.083666194
0.081360601
-0.071164245
-0.073980088
-0.071313213
-0.06560037
-0.062733047
-0.068409187
-0.065586409
-0.062735481
0.068345337
0.06552656
0.068438358
0.065627823
0.062732461
0.073812635
0.071099761
-0.059939708
-0.053385582
-0.050189632
-0.056860277
-0.053396435
-0.0501832
-0.043294169
-0.046906221
-0.043328028
0.050083941
0.046933361
0.043312132
0.050111331
0.046879116
0.056776172
0.053325818
0.056794973
0.059852952
-0.040079958
-0.032512793
-0.036653338
-0.032499535
-0.024990611
-0.021542844
-0.028376491
-0.024921801
-0.021451336
-0.012362498
-0.017174924
-0.012364359
-0.0024716982
-0.0074257786
-0.0024758461
0.007421782
0.0024711742
0.0074202761
0.017155269
0.012347401
0.017240646
0.028441111
0.024948834
0.028324037
0.024992838
0.021670846
0.036701701
0.03253445
0.036731691
0.04011176
-0.02147278
-0.021573055
-0.012387213
-0.017196611
-0.012392825
-0.0024786237
-0.0074425998
-0.002479417
0.0074266427
0.0024726446
0.0074268753
0.017174485
0.012354347
0.017125373
0.021526549
-0.040017712
-0.04320588
-0.046948564
-0.039967358
-0.043258134
-0.032487935
-0.036605315
-0.032476011
-0.024939958
-0.028262315
0.028351626
0.02500835
0.028324928
0.036693248
0.04009696
0.032443699
0.036735974
0.040136528
0.046940382
0.04328319
0.046871268
-0.059836025
-0.062736603
-0.059813302
-0.062720097
-0.053378565
-0.056760843
-0.053363095
-0.050205984
0.050118775
0.056805878
0.05987395
0.053378557
0.056810837
0.059873847
0.062750559
-0.071129513
-0.073816871
-0.071114117
-0.07377787
-0.07649555
-0.065699038
-0.068522171
0.068416165
0.065500681
0.068318704
0.073847798
0.076595539
0.071220974
0.073909682
0.0765753
-0.081373019
-0.083736549
-0.081407657
-0.079014505
-0.083770303
0.079054943
0.083702116
0.081329094
0.083709907
-0.090353177
-0.09231515
-0.090340993
-0.092257797
-0.086076427
-0.088235674
0.088302261
0.090299113
0.086245705
0.088396264
0.090305671
0.092282525
-0.096138813
-0.094163214
-0.096100914
-0.097818011
0.096131901
0.097857419
0.094210942
0.096199945
0.097908789
-0.10109914
-0.1024397
-0.09946428
-0.1010838
-0.10239133
0.10106133
0.099441247
0.10104748
0.10242619
-0.105062
-0.10364682
-0.10504863
0.10502477
0.10370365
0.10505808
-0.10784673
-0.10782996
-0.10621751
-0.10707438
0.10707847
0.10784848
0.10625164
0.10710431
0.10785375
-0.10926855
-0.10860956
-0.10926843
0.10927007
0.10862324
0.10926786
-0.10994136
-0.10971539
-0.10993765
0.10994347
0.10971832
0.10994342
-0.10971858
-0.1099374
-0.10971415
0.10971815
0.10994343
0.10971786
-0.10861467
-0.10926508
-0.1086181
0.1086187
0.10927051
0.10862111
-0.10783443
-0.10622171
-0.10711268
-0.10625583
0.10710501
0.1062554
0.10709442
0.10783164
0.10624165
-0.10367867
-0.10244885
-0.10503562
-0.10365079
-0.10240401
0.10367346
0.10503969
0.10367224
0.10241087
-0.099446996
-0.10108058
-0.099435919
-0.097865626
0.099442242
0.097824005
0.10107083
0.099461469
0.097879613
-0.094147745
-0.092242323
-0.096162456
-0.094127563
-0.09222361
0.094243744
0.09614933
0.094157058
0.09225514
-0.090316333
-0.086076426
-0.088296717
-0.086121304
0.088275145
0.086099146
0.088243662
0.090314053
0.08607542
-0.081339111
-0.079023529
-0.083739532
-0.081411996
-0.078951848
-0.076447373
0.078995504
0.076480374
0.078975805
0.07647883
0.083748076
0.081396289
-0.071417141
-0.073957961
-0.071287468
-0.065526411
-0.062716066
-0.068260199
-0.065442018
-0.062738643
0.068386895
0.065581628
0.068351414
0.065546851
0.062760212
0.074020741
0.071333052
-0.05989788
-0.053434726
-0.05024569
-0.056820603
-0.053403757
-0.050246922
-0.043261979
-0.04693661
-0.043229909
0.050206192
0.046899049
0.043341605
0.050237578
0.04692791
0.05683581
0.053410602
0.05682619
0.059910884
-0.039987459
-0.032477601
-0.036657874
-0.032489302
-0.024862017
-0.021454042
-0.02821253
-0.024940209
-0.021585413
-0.012373966
-0.017151453
-0.012371034
-0.0024802875
-0.0074391458
-0.002480547
0.0074244588
0.0024758325
0.007431335
0.017228939
0.012380592
0.017147648
0.028227722
0.024877849
0.028189451
0.024769514
0.021464109
0.036595269
0.032512036
0.036535798
0.039985113
-0.021510336
-0.021424445
-0.012374849
-0.017213153
-0.012385264
-0.0024841662
-0.0074468182
-0.0024877254
0.0074282913
0.0024742504
0.007433628
0.01715519
0.012376175
0.017145655
0.021474398
-0.039992288
-0.043287311
-0.04696227
-0.040058201
-0.04329872
-0.032504221
-0.036660307
-0.032546582
-0.024717745
-0.028275934
0.028307687
0.024909486
0.028264099
0.036723086
0.040100174
0.032465438
0.03660624
0.040005963
0.046885337
0.043316144
0.046928396
-0.059769356
-0.062744038
-0.0598339
-0.062732621
-0.053472562
-0.056786796
-0.053373908
-0.050234803
0.050165542
0.056736414
0.059799773
0.05334948
0.056816972
0.059830181
0.062715776
-0.071199821
-0.073885288
-0.071287513
-0.073968681
-0.07649169
-0.065555929
-0.068365594
0.068324794
0.065525119
0.068347865
0.073947063
0.076490322
0.071196687
0.073878966
0.076484411
-0.081351619
-0.083725864
-0.081319407
-0.07899475
-0.083686892
0.078977105
0.083761504
0.081421373
0.083785239
-0.090343097
-0.092332065
-0.090344256
-0.092288298
-0.086155185
-0.08831362
0.088335608
0.090334206
0.085967996
0.088127948
0.090342242
0.092223026
-0.09610987
-0.094174106
-0.096140251
-0.097857941
0.096210918
0.097901999
0.09412404
0.096159897
0.097863738
-0.10107873
-0.10241099
-0.099459099
-0.10111783
-0.10245891
0.10104297
0.099434508
0.10106139
0.10243596
-0.10505724
-0.10367316
-0.10506757
0.10505536
0.10371095
0.10504097
-0.10781994
-0.10781744
-0.10625621
-0.10706541
0.10710176
0.10784085
0.10622575
0.10708984
0.1078341
-0.10926641
-0.10862009
-0.10926917
0.10926732
0.10861433
0.1092679
-0.10993139
-0.10970443
-0.10991888
0.10994339
0.10971851
0.10994343
-0.1097063
-0.10992111
-0.10969746
0.10971784
0.10994339
0.10971785
-0.10860564
-0.10925059
-0.10860217
0.10863051
0.10926762
0.10862666
-0.10784114
-0.10626966
-0.10710654
-0.10624191
0.10706031
0.10619902
0.10705226
0.10783299
0.10618908
-0.10365511
-0.10239459
-0.10504285
-0.10367576
-0.10242289
0.10368309
0.10502879
0.10370339
0.10243862
-0.099455641
-0.10108583
-0.099435398
-0.097823546
0.099470634
0.097898605
0.10107924
0.099460339
0.097863989
-0.094120459
-0.092241491
-0.096123521
-0.094179539
-0.09230817
0.094123729
0.096143964
0.094142514
0.092253419
-0.090362366
-0.08621512
-0.088345737
-0.086185361
0.088288731
0.086109445
0.088380955
0.09033607
0.086211335
-0.081490759
-0.078975246
-0.083702379
-0.081341727
-0.078986238
-0.07647918
0.079011632
0.076500529
0.079028345
0.076535845
0.083769201
0.081445948
-0.071213813
-0.073978832
-0.071343504
-0.065439496
-0.062740177
-0.068285255
-0.06546192
-0.062751254
0.068362504
0.065542665
0.068294755
0.065467739
0.062734387
0.073892407
0.071207436
-0.059840681
-0.053307418
-0.050146279
-0.056768505
-0.05331732
-0.050167897
-0.043239338
-0.04693903
-0.04324542
0.050225152
0.04688678
0.0433182
0.050155937
0.046885257
0.05680707
0.053411459
0.056770109
0.059821008
-0.040057468
-0.032485072
-0.036707359
-0.032508021
-0.024986824
-0.021610472
-0.028319425
-0.024896192
-0.021526158
-0.0123844
-0.017211953
-0.012378078
-0.0024770974
-0.0074369606
-0.0024819748
0.007428674
0.0024728653
0.007424791
0.017172814
0.012357775
0.017229636
0.028207953
0.024823518
0.028304002
0.024975961
0.021616496
0.036592939
0.032478805
0.036606988
0.039988247
-0.02151826
-0.021559272
-0.012398119
-0.017197672
-0.01237831
-0.0024849098
-0.0074405522
-0.002485597
0.0074352218
0.0024721839
0.0074307787
0.017209695
0.01237498
0.017227183
0.021612893
-0.040028739
-0.043325864
-0.046908577
-0.039934483
-0.043271333
-0.032513134
-0.036581844
-0.032493315
-0.025022223
-0.028370344
0.028309021
0.024982928
0.028378073
0.036603696
0.040017269
0.032547389
0.036579329
0.039930821
0.04695624
0.043267053
0.046975593
-0.059837701
-0.062709892
-0.059803639
-0.062701003
-0.053356662
-0.056781002
-0.053392093
-0.05014999
0.050214878
0.056866142
0.059926772
0.053367707
0.056780409
0.05983116
0.062734529
-0.071315388
-0.073989751
-0.071301301
-0.073980145
-0.076516054
-0.0655653
-0.068368388
0.068410018
0.065620115
0.068408605
0.073921491
0.076475012
0.071264115
0.073950904
0.076453838
-0.081355365
-0.083702126
-0.081363596
-0.079039949
-0.083716619
0.078963079
0.083700545
0.081372717
0.083723387
-0.090336678
-0.092240604
-0.090330434
-0.092259803
-0.086083136
-0.088243969
0.088140581
0.090327788
0.086101724
0.08827008
0.090329291
0.092289382
-0.096127955
-0.094154916
-0.096112253
-0.097823299
0.096154199
0.097843256
0.094191272
0.096126192
0.09781182
-0.10112982
-0.10245982
-0.099439008
-0.10110395
-0.10243719
0.10109336
0.099436935
0.10110756
0.10245668
-0.10503429
-0.10365999
-0.10502653
0.10503789
0.10368186
0.10502331
-0.10781172
-0.10783862
-0.10623346
-0.10710362
0.10708292
0.10783783
0.10623026
0.10712543
0.10786536
-0.10926693
-0.10861214
-0.10926359
0.10926756
0.10861749
0.10926762
-0.10991017
-0.10969941
-0.10991686
0.10994352
0.10971795
0.10994347
-0.10969241
-0.10991772
-0.10969446
0.10971789
0.1099435
0.10971805
-0.10860328
-0.10924739
-0.10858582
0.1086185
0.10926872
0.10861569
-0.10780418
-0.10622311
-0.10708474
-0.1062442
0.1070682
0.10622332
0.10709457
0.10783327
0.10625459
-0.10368154
-0.1024512
-0.10504531
-0.10366615
-0.10242414
0.10363685
0.1050739
0.10364356
0.10242183
-0.099430876
-0.10109671
-0.099448813
-0.097841555
0.099459117
0.0978798
0.10112685
0.099444429
0.097895249
-0.094219055
-0.092327794
-0.096135871
-0.094176888
-0.092263498
0.094104525
0.096186016
0.094158797
0.09228551
-0.090313653
-0.086110127
-0.088262454
-0.086103713
0.088293978
0.086131719
0.088200702
0.090336498
0.086038113
-0.081317306
-0.079038411
-0.083762553
-0.081387916
-0.079008099
-0.076523477
0.078970705
0.076493895
0.078994332
0.076524041
0.083738949
0.081380227
-0.071430903
-0.073973236
-0.071301908
-0.065482215
-0.062715741
-0.068289458
-0.065455137
-0.062689166
0.06831713
0.065488624
0.06841742
0.065602157
0.062682356
0.07394936
0.07124813
-0.059824215
-0.053349166
-0.050205902
-0.056784602
-0.053439084
-0.050260477
-0.043257791
-0.046920917
-0.043201877
0.050114906
0.046931474
0.043310739
0.050104799
0.046984969
0.056775601
0.053249559
0.056826573
0.059835232
-0.03995105
-0.032507246
-0.036645204
-0.032450381
-0.024970651
-0.021577412
-0.028225508
-0.024983827
-0.021545885
-0.012381538
-0.017155614
-0.012392521
-0.0024804703
-0.0074303698
-0.0024739352
0.0074254571
0.0024735955
0.0074248041
0.017187736
0.012365314
0.017181115
0.028354563
0.024943616
0.028290654
0.024831359
0.021461334
0.036531298
0.032513679
0.036603451
0.039993275
-0.0215571
-0.021423857
-0.012375306
-0.01710505
-0.012378432
-0.0024911412
-0.007450541
-0.0024905172
0.0074246373
0.0024691846
0.0074252722
0.017121114
0.012360881
0.01714511
0.021550783
-0.039949689
-0.04321419
-0.046900129
-0.040021033
-0.043248913
-0.032524908
-0.036704781
-0.032521879
-0.024818581
-0.028242458
0.028341954
0.025033091
0.028350919
0.03652255
0.039851252
0.032476739
0.036510808
0.039872052
0.046957798
0.043266945
0.046922413
-0.059817698
-0.062689249
-0.059883688
-0.062720347
-0.05339756
-0.056850738
-0.053337818
-0.050099385
0.050063486
0.05678819
0.059807783
0.053271185
0.056825706
0.059850815
0.062682414
-0.071261921
-0.073934798
-0.071268496
-0.073939762
-0.076469876
-0.065532334
-0.06834473
0.06841185
0.065666167
0.068475506
0.07398061
0.076504558
0.071262474
0.073976807
0.076511825
-0.081338401
-0.083707013
-0.081380078
-0.078965412
-0.083756071
0.079014671
0.083716311
0.08137234
0.083690787
-0.090345727
-0.09227315
-0.090355977
-0.092300036
-0.086174707
-0.088338711
0.088331351
0.090333113
0.086135481
0.088307095
0.09036274
0.092285699
-0.096119793
-0.094176476
-0.096149888
-0.097860712
0.096133956
0.097857429
0.094155358
0.096138606
0.097864028
-0.10108652
-0.10242538
-0.099443219
-0.1010843
-0.10245307
0.10109877
0.099466644
0.10110249
0.10244565
-0.10504277
-0.1037028
-0.10505036
0.10502452
0.10367963
0.10503369
-0.10786035
-0.10785567
-0.10623565
-0.10710656
0.10713489
0.10787917
0.10622405
0.10710922
0.10784873
-0.10926897
-0.10862686
-0.10927147
0.10926816
0.10861309
0.10926967
-0.10992935
-0.10971679
-0.10993828
0.10994345
0.10971809
0.1099434
-0.10970264
-0.10993635
-0.10971112
0.10971763
0.10994331
0.10971742
-0.10858671
-0.10926278
-0.10859993
0.10862223
0.1092676
0.10861557
-0.10780621
-0.10627098
-0.10710446
-0.10629746
0.10712748
0.10628345
0.10712328
0.10784767
0.10626741
-0.10365833
-0.10241151
-0.10508216
-0.10368754
-0.10242948
0.1036906
0.10505425
0.1036864
0.10240313
-0.099442971
-0.10108381
-0.099456254
-0.097852558
0.099441719
0.097866083
0.1010572
0.099435249
0.09782102
-0.094180928
-0.092276442
-0.096136522
-0.0941473
-0.092247797
0.094251843
0.096130615
0.09421395
0.092331145
-0.090329576
-0.086122082
-0.088273854
-0.086105616
0.088253115
0.086074103
0.088232262
0.09033219
0.086060885
-0.081365008
-0.078939771
-0.083727781
-0.081359502
-0.078962485
-0.076495389
0.079029704
0.076558963
0.078972693
0.076485332
0.083676374
0.081309004
-0.071204297
-0.073913927
-0.071192553
-0.065550749
-0.062752195
-0.068440163
-0.065637271
-0.062758929
0.068447281
0.065625641
0.068456441
0.06564119
0.062681125
0.073782868
0.071096538
-0.059807074
-0.053430804
-0.050284552
-0.056714005
-0.053391959
-0.0502439
-0.043199888
-0.046957324
-0.043307375
0.050145374
0.046982774
0.043219736
0.050246723
0.04696879
0.056858489
0.05340184
0.056867117
0.059891901
-0.040009061
-0.03248297
-0.036623623
-0.032523547
-0.02484903
-0.021550647
-0.028245533
-0.02494348
-0.021637768
-0.012377969
-0.017169782
-0.012364276
-0.0024753651
-0.0074371651
-0.002479718
0.0074256497
0.0024784459
0.0074291995
0.017197287
0.012358663
0.017242371
0.028310556
0.024877891
0.028388843
0.02503754
0.02161526
0.0366508
0.032462968
0.03662167
0.039936731
-0.021366431
-0.021519541
-0.012387444
-0.017152979
-0.012401723
-0.0024811051
-0.0074304782
-0.002477915
0.0074273938
0.0024753108
0.0074322104
0.017146347
0.012366835
0.017142771
0.021462329
-0.039993399
-0.043331644
-0.046908337
-0.040030996
-0.043321803
-0.032494995
-0.036618359
-0.032470846
-0.024972104
-0.028315041
0.028328095
0.024950704
0.028322542
0.036544979
0.039919852
0.032452289
0.036664085
0.040029549
0.046950908
0.043278676
0.046985325
-0.059875073
-0.062750869
-0.059836981
-0.06275198
-0.053285642
-0.056789587
-0.053329248
-0.050084915
0.050246236
0.056881376
0.059895731
0.053392594
0.056783042
0.059799512
0.062675749
-0.071361112
-0.074027649
-0.071291332
-0.073936235
-0.076464027
-0.065562833
-0.068354915
0.068392672
0.065591713
0.068407147
0.074024787
0.076523978
0.071356945
0.074055952
0.076484036
-0.081394342
-0.08377551
-0.081400325
-0.078955101
-0.083787789
0.078984437
0.08374853
0.081361651
0.083730221
-0.090330441
-0.092270171
-0.090326559
-0.092287425
-0.086085449
-0.088258114
0.088301493
0.090361463
0.086052968
0.088233667
0.090331359
0.092240781
-0.096124232
-0.094184489
-0.096141537
-0.097859145
0.096132777
0.097847604
0.094142279
0.096149267
0.097871035
-0.10107426
-0.10244075
-0.099460224
-0.10108514
-0.1024053
0.10108323
0.099458844
0.10107524
0.10243768
-0.10505301
-0.10366952
-0.10505455
0.10504756
0.10369502
0.10505935
-0.10783897
-0.10782098
-0.10623905
-0.10708225
0.10707238
0.10781799
0.10621942
0.10705754
0.10781573
-0.10927045
-0.10861265
-0.10927153
0.10926971
0.10860063
0.10926936
-0.10994249
-0.10971849
-0.10994352
0.10994345
0.10971853
0.10994352
-0.10971618
-0.10994319
-0.10971765
0.10971794
0.10994337
0.10971804
-0.10860687
-0.1092672
-0.10861308
0.10860671
0.1092701
0.1086129
-0.10783122
-0.10626643
-0.10708361
-0.10623155
0.10709595
0.10625258
0.10709
0.10783308
0.10624133
-0.10369576
-0.10242942
-0.1050541
-0.10367725
-0.10240679
0.10368407
0.10505072
0.10367012
0.10242577
-0.099482823
-0.10107478
-0.099492828
-0.097907622
0.099431616
0.097851386
0.10109235
0.099447364
0.097878316
-0.094084511
-0.092186475
-0.096150845
-0.094111643
-0.092209815
0.094213232
0.096169303
0.094210659
0.092301609
-0.090326035
-0.086110552
-0.088350683
-0.086198337
0.088226291
0.086058145
0.088328323
0.090319052
0.086148063
-0.081363708
-0.079004757
-0.083718888
-0.081352359
-0.079040437
-0.076535865
0.078994321
0.076478399
0.079030983
0.076536816
0.083748792
0.081413279
-0.071248381
-0.073938206
-0.071247888
-0.065573554
-0.062714857
-0.068422027
-0.065584165
-0.062740624
0.068468639
0.065652069
0.068383329
0.065562138
0.062683438
0.074054298
0.07134323
-0.059914716
-0.053463719
-0.050276266
-0.056833865
-0.053383303
-0.050188754
-0.043329932
-0.046918452
-0.043290693
0.050206787
0.0469279
0.043192058
0.050131027
0.046931507
0.056873242
0.053305679
0.056928471
0.0599494
-0.040043249
-0.032506716
-0.036653058
-0.032492686
-0.025060967
-0.02161034
-0.028333512
-0.02495422
-0.021527892
-0.012355198
-0.01716408
-0.012368132
-0.0024798797
-0.0074288423
-0.0024762961
0.0074241309
0.0024746505
0.0074251928
0.017180469
0.012368682
0.017153356
0.028365714
0.025064649
0.028281559
0.024927849
0.021572217
0.036620078
0.032532435
0.036627464
0.039930948
-0.021575097
-0.021604449
-0.01237912
-0.017150926
-0.012366652
-0.0024788051
-0.0074249491
-0.0024740935
0.0074315687
0.0024714435
0.0074213819
0.017184874
0.012367693
0.017158968
0.021594837
-0.040082049
-0.043312547
-0.046948863
-0.040133153
-0.043352926
-0.032447109
-0.036690625
-0.032468161
-0.025036111
-0.028292147
0.028308004
0.024976579
0.028256305
0.036644792
0.039970432
0.032488251
0.036580627
0.039868874
0.046955834
0.043202635
0.04693748
-0.059864384
-0.062730043
-0.059841795
-0.062723364
-0.053356956
-0.056809242
-0.053321321
-0.050130794
0.050206505
0.056748312
0.059776892
0.053386816
0.056820148
0.059897119
0.062746553
-0.071285891
-0.073959236
-0.07135107
-0.07402179
-0.076548833
-0.065401714
-0.068206921
0.06838855
0.065544874
0.068369823
0.073977542
0.076396768
0.07119792
0.073903025
0.076452415
-0.081436296
-0.083813014
-0.081504592
-0.079071311
-0.083828655
0.078955255
0.083736192
0.081340212
0.083672313
-0.090349863
-0.092268171
-0.090361772
-0.092244513
-0.086025725
-0.088207332
0.088167081
0.090342672
0.086149128
0.08830486
0.090361587
0.092273085
-0.096203873
-0.094109271
-0.096179592
-0.097873722
0.09616678
0.097876221
0.094145786
0.096195927
0.097860538
-0.10111928
-0.10245672
-0.09943735
-0.10111281
-0.10244779
0.101101
0.099422374
0.10109153
0.10242105
-0.10503128
-0.10366684
-0.10502849
0.10507128
0.10367789
0.10505869
-0.10783704
-0.1078213
-0.10621853
-0.10709218
0.10707943
0.10781936
0.10624246
0.10707911
0.10782625
-0.10927455
-0.10860935
-0.10927387
0.10926751
0.10861839
0.10926729
-0.10994352
-0.1097183
-0.10994349
0.10994355
0.10971831
0.10994353
-0.10971762
-0.10994338
-0.10971752
0.109718
0.10994345
0.10971797
-0.10861405
-0.10926884
-0.10861523
0.10861569
0.10926835
0.10861091
-0.10783889
-0.10623917
-0.10710394
-0.10624331
0.10707626
0.10622893
0.10708591
0.1078198
0.10624949
-0.1036827
-0.10239609
-0.10504661
-0.10368658
-0.10241696
0.10366403
0.10505181
0.10368539
0.10244074
-0.099479748
-0.10106165
-0.099463742
-0.097861067
0.099433489
0.097838939
0.10109257
0.099449401
0.097837916
-0.094147579
-0.09223994
-0.096127169
-0.0941643
-0.092274376
0.094134574
0.096132852
0.094155445
0.092259497
-0.090325345
-0.086174856
-0.088361145
-0.086208489
0.08832753
0.086165789
0.088346143
0.090329394
0.086174996
-0.081331404
-0.079034191
-0.083661824
-0.081321017
-0.079015899
-0.076485839
0.078995735
0.076502985
0.079020291
0.076510417
0.083688789
0.08135484
-0.071161193
-0.073873462
-0.071216669
-0.065514433
-0.062734628
-0.06838911
-0.065568553
-0.062699276
0.068286189
0.065461566
0.06820445
0.065391867
0.062714398
0.073928487
0.071271389
-0.059847784
-0.053383237
-0.050193962
-0.056806854
-0.05337117
-0.050167395
-0.043238935
-0.046900702
-0.043288414
0.050220708
0.046974048
0.043295018
0.050169171
0.046934053
0.056914154
0.053332855
0.056793409
0.059811235
-0.040052059
-0.032497322
-0.036631903
-0.032488542
-0.024902743
-0.021559007
-0.028259471
-0.024964953
-0.02166284
-0.012364196
-0.017186618
-0.012344505
-0.0024735115
-0.0074197313
-0.0024747401
0.0074347419
0.0024846501
0.0074395178
0.017207205
0.012376438
0.017129938
0.028266152
0.024906622
0.028353666
0.024911962
0.021438718
0.036617636
0.032522375
0.036711388
0.040092965
-0.021629996
-0.021696475
-0.01237159
-0.017227275
-0.012361623
-0.0024753398
-0.0074225396
-0.0024751949
0.0074260758
0.002478584
0.0074321103
0.017138787
0.012358088
0.017164896
0.021485703
-0.040004473
-0.04337207
-0.046909011
-0.039893325
-0.043292447
-0.032494412
-0.036494853
-0.032490447
-0.024994012
-0.028263227
0.028342468
0.024865458
0.028399934
0.036584064
0.039980416
0.032577961
0.03659102
0.040048812
0.0469114
0.043358733
0.046914277
-0.059870974
-0.062749754
-0.059959565
-0.062740617
-0.053340408
-0.056909424
-0.053445677
-0.050207912
0.050140729
0.056774688
0.059876446
0.053358753
0.056681383
0.059744601
0.06274593
-0.071280178
-0.073936049
-0.071212537
-0.073889032
-0.076473722
-0.065632511
-0.068455637
0.068414012
0.065618089
0.068416714
0.073948526
0.076470202
0.071319631
0.073991744
0.07637573
-0.081418882
-0.083746906
-0.081338053
-0.078947974
-0.083692224
0.078892791
0.083747901
0.081394268
0.083751675
-0.090350963
-0.092238765
-0.090341973
-0.092255168
-0.086119491
-0.088310877
0.088313228
0.090355632
0.086081012
0.088258188
0.090344966
0.092325578
-0.096134973
-0.094157161
-0.096145757
-0.097841677
0.0961733
0.097870736
0.094215353
0.096147172
0.097853025
-0.10109304
-0.10241464
-0.099439163
-0.10109147
-0.10241619
0.10108657
0.099454134
0.10109838
0.10241346
-0.1050489
-0.10366232
-0.10505282
0.10504979
0.10365335
0.10502965
-0.10780741
-0.10781304
-0.10626299
-0.10709432
0.10708184
0.10784441
0.10622038
0.10708462
0.10784201
-0.10927136
-0.10861475
-0.10927376
0.10926978
0.10863303
0.10926992
-0.10994355
-0.10971834
-0.10994352
0.10994338
0.1097178
0.10994347
-0.10971777
-0.1099433
-0.10971768
0.1097179
0.10994342
0.10971788
-0.1086143
-0.10926583
-0.10861535
0.10860865
0.10927139
0.10861697
-0.10787484
-0.10626312
-0.1071354
-0.10625768
0.10713277
0.10626462
0.10711182
0.10784946
0.10623825
-0.10368168
-0.10241117
-0.10506328
-0.10366585
-0.10241432
0.1036627
0.10504113
0.10367052
0.10241065
-0.099460287
-0.10108535
-0.099468364
-0.097912467
0.099449624
0.09786775
0.10106541
0.09942948
0.097865491
-0.094187085
-0.092286381
-0.096177808
-0.094159023
-0.092247894
0.094177802
0.096168467
0.094191304
0.092276091
-0.090304716
-0.086186094
-0.088297102
-0.08612894
0.088340761
0.086174436
0.08825825
0.090305138
0.086086087
-0.081313862
-0.079016911
-0.083624826
-0.08125914
-0.07900585
-0.076508024
0.079019532
0.076513228
0.07898158
0.076480928
0.083660967
0.081321291
-0.071275135
-0.073912602
-0.071238672
-0.065644971
-0.06271627
-0.068388316
-0.065566461
-0.062718576
0.068280731
0.06546309
0.06844053
0.06563237
0.062772549
0.073989606
0.071334254
-0.059758676
-0.053314943
-0.050131425
-0.056713823
-0.053398197
-0.050230461
-0.043298104
-0.046945045
-0.04323041
0.050096016
0.046938751
0.043340271
0.050215449
0.046946364
0.056829654
0.053390771
0.056804195
0.059888138
-0.03997256
-0.032445027
-0.036635788
-0.032482097
-0.024986667
-0.021625011
-0.028252542
-0.025023927
-0.021617855
-0.012357404
-0.017127583
-0.012368956
-0.0024745168
-0.0074258277
-0.0024724384
0.0074373845
0.0024865081
0.007440593
0.017110554
0.01236613
0.017191382
0.028359977
0.024963734
0.0281994
0.024967642
0.021657493
0.036683707
0.032449209
0.036580395
0.04001008
-0.021583295
-0.021477623
-0.012354412
-0.017120082
-0.012354093
-0.0024722687
-0.0074245367
-0.0024747014
0.0074317568
0.0024806867
0.0074310678
0.017212796
0.012390363
0.017213723
0.021626607
-0.039911979
-0.043247916
-0.046974088
-0.039882576
-0.043259804
-0.032499127
-0.036550975
-0.032540552
-0.024984814
-0.028402159
0.028289529
0.024979803
0.028251595
0.036570034
0.04005348
0.03244357
0.03661351
0.040078087
0.046964143
0.043339564
0.046964698
-0.059963457
-0.062719198
-0.059766267
-0.06274361
-0.053430246
-0.056732797
-0.053387465
-0.050222585
0.050174362
0.056662115
0.05972403
0.053329461
0.056780533
0.059810559
0.06266989
-0.071213947
-0.073900906
-0.071303216
-0.073965544
-0.076447954
-0.065426824
-0.068254261
0.068462188
0.065609152
0.068441135
0.073903915
0.076430036
0.071207382
0.073901672
0.076518299
-0.081389116
-0.083739235
-0.081385971
-0.078965914
-0.083710112
0.079010337
0.083773326
0.081470388
0.083823207
-0.09033273
-0.092251573
-0.090304708
-0.092245185
-0.086158731
-0.088321489
0.088240275
0.090367238
0.086086574
0.088263335
0.090357784
0.092225484
-0.096141452
-0.094162959
-0.09613245
-0.097858823
0.096123868
0.097820212
0.094111847
0.096155068
0.097839923
-0.10107655
-0.10240391
-0.099459728
-0.10109542
-0.10243858
0.10107962
0.099432479
0.10107552
0.10244252
-0.10504371
-0.10367278
-0.10505198
0.10502643
0.10370751
0.10506438
-0.10782146
-0.10784494
-0.10627085
-0.10711894
0.1071058
0.10785162
0.10625991
0.10710693
0.10784437
-0.10927323
-0.10862127
-0.10926913
0.10926778
0.10860902
0.10926735
-0.10994339
-0.10971797
-0.10994346
0.10994358
0.10971726
0.10994347
-0.10971744
-0.10994337
-0.10971783
0.10971773
0.10994334
0.10971755
-0.10861946
-0.10927
-0.10861894
0.10861906
0.10926577
0.10862221
-0.10782967
-0.10623335
-0.10707967
-0.10623143
0.10708527
0.1062291
0.10709367
0.10783918
0.10625132
-0.10365391
-0.10242802
-0.10504106
-0.10367475
-0.1024234
0.10368853
0.10503683
0.10365322
0.10240368
-0.099445074
-0.10108142
-0.099439803
-0.097843419
0.09944868
0.097858055
0.101068
0.099458885
0.097839815
-0.094121777
-0.092220872
-0.096136313
-0.094153367
-0.092248204
0.094209607
0.096105561
0.094118294
0.092213931
-0.090308804
-0.086225882
-0.088359113
-0.086178064
0.088247159
0.086084641
0.088346252
0.090315885
0.086176211
-0.081346453
-0.079022725
-0.08376179
-0.081420431
-0.079100378
-0.076645775
0.079013013
0.076488048
0.079025253
0.076534824
0.083775377
0.081425992
-0.071228787
-0.073967659
-0.071243823
-0.065630985
-0.0627185
-0.068405675
-0.065603374
-0.062742398
0.068285016
0.065486303
0.068156728
0.065342684
0.062725044
0.073961557
0.071270642
-0.059820497
-0.053368185
-0.050195294
-0.056756934
-0.053364255
-0.050178211
-0.043228527
-0.046934139
-0.043241618
0.050231867
0.046929508
0.043252566
0.050170526
0.046978912
0.056836238
0.053312111
0.056898678
0.059950555
-0.039972178
-0.032517517
-0.036617182
-0.03248449
-0.024981547
-0.021560189
-0.028300521
-0.024946926
-0.02150465
-0.012356771
-0.017113815
-0.012369967
-0.0024766267
-0.0074298245
-0.0024798836
0.0074389089
0.0024746165
0.0074341226
0.0171953
0.012383635
0.017159465
0.028241163
0.024896271
0.028304776
0.024791772
0.021374758
0.036544522
0.032486557
0.036623598
0.039973022
-0.021532457
-0.021555321
-0.012365626
-0.017133871
-0.012373809
-0.0024752799
-0.007432075
-0.0024777562
0.0074325734
0.0024776415
0.0074322526
0.017194254
0.012344543
0.017147527
0.021577931
-0.039896426
-0.043234136
-0.046904936
-0.039988053
-0.04320053
-0.032480356
-0.036703227
-0.032451184
-0.02499947
-0.02826406
0.028258839
0.025000694
0.028331802
0.036703413
0.040091462
0.032482608
0.036697019
0.040137305
0.046889236
0.043325723
0.046905983
-0.05973144
-0.06278445
-0.059920571
-0.062802518
-0.053430577
-0.056807375
-0.053438597
-0.050204399
0.050170885
0.05685833
0.059894837
0.053372121
0.056853278
0.059907358
0.062707587
-0.071319807
-0.073986703
-0.071289557
-0.073959452
-0.076458257
-0.065460548
-0.068278096
0.068404444
0.065586744
0.068403354
0.073968791
0.076514858
0.071272883
0.073982749
0.076542261
-0.081379576
-0.083703645
-0.081379925
-0.078949515
-0.083726678
0.079027175
0.083725269
0.081374703
0.083739021
-0.090316442
-0.092291379
-0.090346779
-0.092303767
-0.086090634
-0.088269817
0.08827138
0.090344356
0.086067587
0.088247215
0.090354033
0.092269083
-0.096120472
-0.094191237
-0.096152918
-0.097885782
0.096139503
0.097826181
0.09415793
0.096120634
0.097820497
-0.10109437
-0.10242577
-0.099464362
-0.10108456
-0.10243213
0.10106893
0.099447592
0.10108366
0.1024623
-0.10504315
-0.10368416
-0.1050338
0.10506066
0.10370586
0.10504261
-0.10783665
-0.10782685
-0.10622915
-0.10709923
0.10712379
0.10783978
0.10626418
0.10712928
0.10784464
-0.10926882
-0.10861181
-0.1092694
0.10926748
0.10861154
0.10926699
-0.10994346
-0.10971809
-0.10994344
0.1099435
0.1097182
0.10994352
-0.1097184
-0.1099436
-0.10971859
0.1097177
0.10994341
0.10971829
-0.10862196
-0.10927139
-0.10861542
0.10862328
0.10927059
0.10861758
-0.10783826
-0.10622828
-0.10706311
-0.10621005
0.10708862
0.10625689
0.1071022
0.10784122
0.1062464
-0.10365921
-0.10240962
-0.10505262
-0.10364717
-0.1024244
0.10366309
0.10505439
0.1037125
0.10244269
-0.099451377
-0.10111279
-0.099423875
-0.097844601
0.099471763
0.097831679
0.10106159
0.099468756
0.097868778
-0.094150652
-0.092240022
-0.096166342
-0.094142971
-0.092237551
0.09410425
0.096126153
0.094229052
0.09235673
-0.090315691
-0.086187834
-0.088273211
-0.086121159
0.088320497
0.086139714
0.088315258
0.090356557
0.086139198
-0.081438993
-0.079011526
-0.083754289
-0.081387169
-0.078940369
-0.07645956
0.078984257
0.076525999
0.079025662
0.076527434
0.083630829
0.081272242
-0.071239303
-0.07392887
-0.071223417
-0.065532214
-0.062730131
-0.06836714
-0.065550743
-0.062682775
0.068241071
0.065418782
0.06836057
0.065546299
0.062734691
0.073918711
0.071247986
-0.059879763
-0.053393418
-0.050176167
-0.056852213
-0.053380917
-0.050187966
-0.043310081
-0.046931586
-0.043255812
0.05011728
0.046973296
0.043270241
0.050148357
0.046898031
0.056831015
0.05337881
0.056878945
0.059921419
-0.040059306
-0.032521834
-0.036711466
-0.032538092
-0.024960475
-0.02157769
-0.028313551
-0.024939105
-0.021618083
-0.01236815
-0.017197662
-0.012355405
-0.0024671764
-0.0074246072
-0.0024655647
0.0074438904
0.0024854925
0.0074448671
0.017128467
0.012371808
0.017117603
0.028291208
0.024861854
0.028362182
0.025059991
0.021560695
0.036651076
0.032489025
0.036578069
0.039964853
-0.021590108
-0.021535558
-0.012356001
-0.017163505
-0.012359378
-0.0024786447
-0.007440308
-0.0024800333
0.007434282
0.0024819375
0.0074362225
0.017115866
0.012352428
0.017142981
0.021406037
-0.040043152
-0.043278006
-0.046991409
-0.040002637
-0.043322983
-0.032478594
-0.036643064
-0.032476373
-0.024956868
-0.028294087
0.028362401
0.024747178
0.028259075
0.036668417
0.040049689
0.032506053
0.036696802
0.04000286
0.046908689
0.043205902
0.046840505
-0.059910334
-0.06277061
-0.059840771
-0.062749455
-0.053358907
-0.056774166
-0.053297642
-0.050150684
0.050099488
0.056865273
0.059920544
0.053341234
0.056880945
0.059937985
0.06269246
-0.071280611
-0.073994344
-0.071283959
-0.073987517
-0.07646871
-0.065533041
-0.068337941
0.068403336
0.065582293
0.06839971
0.073904666
0.076551284
0.07112388
0.073831787
0.076522959
-0.081378681
-0.083736366
-0.081429113
-0.078962122
-0.083789449
0.079026106
0.0838093
0.081338698
0.083669186
-0.090341753
-0.092254974
-0.090336357
-0.092272923
-0.086188033
-0.088342633
0.088235009
0.09034905
0.086094925
0.088271935
0.090341305
0.092302752
-0.096185766
-0.094163048
-0.096142684
-0.097864358
0.096154495
0.097874565
0.094201582
0.096145916
0.097866896
-0.10108272
-0.10242555
-0.099455139
-0.10106882
-0.10241516
0.10110639
0.099450488
0.10106989
0.10237693
-0.10504489
-0.10367811
-0.10505859
0.10502413
0.10364362
0.10502912
-0.1078343
-0.107847
-0.10626207
-0.10711139
0.10708938
0.10783047
0.10621107
0.10708748
0.10783085
-0.10927021
-0.10861963
-0.10927047
0.10926732
0.1086047
0.10926684
-0.10994337
-0.10971799
-0.10994327
0.1099435
0.10971785
0.10994353
-0.10971882
-0.10994355
-0.10971879
0.1097184
0.10994344
0.10971837
-0.10861127
-0.10927032
-0.10860897
0.10861867
0.10926775
0.10861758
-0.10782807
-0.10622478
-0.10710254
-0.1062634
0.10709198
0.10622263
0.10709812
0.10784357
0.10622811
-0.10366353
-0.10243172
-0.1050674
-0.10368486
-0.10244522
0.10371754
0.10504477
0.10368474
0.10243547
-0.099438959
-0.10110404
-0.099468298
-0.097834881
0.099443938
0.097885731
0.10108384
0.099435074
0.097879535
-0.094198453
-0.092282729
-0.096115094
-0.094155443
-0.092251725
0.094272206
0.096163023
0.094200486
0.092314567
-0.090331832
-0.086046884
-0.088304324
-0.086138879
0.088336147
0.08617604
0.088232732
0.090327652
0.086066743
-0.081267141
-0.079024129
-0.083718651
-0.081369342
-0.079007402
-0.07650863
0.07906614
0.076569254
0.079004876
0.076529943
0.08365729
0.081304124
-0.071245758
-0.073953767
-0.071266078
-0.065578619
-0.062686746
-0.068430625
-0.065605503
-0.062712934
0.068410989
0.06560971
0.068363995
0.065539622
0.062724215
0.073902874
0.071203674
-0.059863893
-0.053329303
-0.050161585
-0.056812005
-0.053327787
-0.050166355
-0.043206784
-0.04694004
-0.043184002
0.050153408
0.046925043
0.043309109
0.050101057
0.046933861
0.056842525
0.053327482
0.056743547
0.059784926
-0.039901707
-0.032544274
-0.036640238
-0.032533524
-0.024928736
-0.021572104
-0.028287449
-0.024938849
-0.021532748
-0.012363171
-0.017135994
-0.012368058
-0.0024778419
-0.0074346833
-0.0024797576
0.0074416969
0.0024840913
0.0074422994
0.017088316
0.012382336
0.017165328
0.028411015
0.025144415
0.028345179
0.025069197
0.021560786
0.036620214
0.032466806
0.036694891
0.040058445
-0.021397916
-0.021470641
-0.012382893
-0.01714452
-0.012373324
-0.0024804768
-0.00744061
-0.0024817385
0.0074334515
0.002480827
0.0074344222
0.017155981
0.012389406
0.017192387
0.02156791
-0.039981575
-0.043283554
-0.046991854
-0.04008145
-0.043321665
-0.032459362
-0.036618099
-0.032460595
-0.024917654
-0.028328418
0.028278855
0.025011427
0.028370091
0.036673219
0.040034493
0.032503131
0.036637485
0.040035096
0.046906195
0.043262808
0.046990941
-0.059790711
-0.062737036
-0.05980486
-0.062728611
-0.053327753
-0.056750041
-0.053310433
-0.050183038
0.050253223
0.056814827
0.05984548
0.053355725
0.056764848
0.059840414
0.062728614
-0.071257969
-0.073947061
-0.071269003
-0.073981734
-0.076564116
-0.065623485
-0.068413557
0.068404694
0.06558828
0.068414968
0.073918031
0.07652922
0.071210142
0.073904698
0.076518517
-0.08143047
-0.083794028
-0.081369321
-0.079038483
-0.083737386
0.079008896
0.08357647
0.081290524
0.083658718
-0.090330677
-0.092274666
-0.0903345
-0.092281741
-0.08595338
-0.088116395
0.088241076
0.090339859
0.086091977
0.088252015
0.090343099
0.092260131
-0.09612113
-0.094180724
-0.096144409
-0.097866039
0.096148572
0.097885824
0.09414709
0.096152282
0.097899894
-0.10108333
-0.10242107
-0.099472037
-0.10109612
-0.10239982
0.10107667
0.099488596
0.10111604
0.10247767
-0.10506031
-0.10365052
-0.10505714
0.10503943
0.10369876
0.10504754
-0.1078499
-0.10782047
-0.10623905
-0.10707661
0.10711481
0.10784863
0.10625228
0.10711636
0.10784429
-0.10927106
-0.1086165
-0.1092708
0.10926889
0.10861676
0.10927042
-0.10994338
-0.1097184
-0.10994354
0.1099434
0.10971774
0.10994339
-0.10971845
-0.10994352
-0.10971838
0.10971852
0.10994349
0.10971875
-0.10860408
-0.1092709
-0.10861297
0.10861393
0.10927013
0.10860031
-0.10782694
-0.10626184
-0.10709252
-0.10624723
0.10711026
0.10624302
0.10710846
0.10782356
0.10624395
-0.10368885
-0.1024534
-0.10504397
-0.10365658
-0.10241468
0.10367886
0.10503029
0.1036757
0.10244556
-0.099455748
-0.10107634
-0.099426646
-0.097858901
0.099422554
0.09784547
0.10109373
0.099419402
0.097852374
-0.094143311
-0.09223285
-0.096165175
-0.094174955
-0.092254873
0.094131151
0.096159164
0.094192469
0.092324129
-0.090331837
-0.086113871
-0.088266577
-0.086099693
0.088235484
0.086068853
0.088268612
0.09034321
0.086109663
-0.081416713
-0.078926108
-0.083738491
-0.081355556
-0.078960493
-0.076455152
0.078953825
0.076488087
0.078972625
0.076504812
0.083728324
0.081357678
-0.071259014
-0.073817687
-0.07116079
-0.065558104
-0.062733967
-0.068432126
-0.065599039
-0.062735614
0.068471845
0.065642407
0.068570191
0.065739142
0.062719431
0.073920713
0.071236575
-0.059776302
-0.053353032
-0.050211515
-0.056705188
-0.05333671
-0.050188768
-0.04321334
-0.046976102
-0.043254698
0.050109217
0.046922862
0.043222149
0.050152277
0.046915703
0.056793027
0.053361615
0.056839751
0.059885695
-0.039905226
-0.032530927
-0.036557988
-0.03250977
-0.024918429
-0.02154608
-0.028298776
-0.024919112
-0.021570127
-0.012361837
-0.017173126
-0.01235802
-0.0024755469
-0.0074344626
-0.0024766466
0.0074355106
0.0024817201
0.0074401958
0.017197169
0.012373585
0.017175127
0.028258603
0.024861668
0.028252202
0.024836418
0.021449376
0.036751031
0.032459749
0.036720445
0.040051044
-0.021530832
-0.021546476
-0.012362952
-0.017163787
-0.012375531
-0.0024866367
-0.0074485503
-0.0024887508
0.007429579
0.0024740264
0.0074288054
0.017230318
0.012383961
0.01726261
0.02160824
-0.040086591
-0.043360167
-0.046904629
-0.040009708
-0.043292179
-0.032498563
-0.036641948
-0.032526134
-0.02499278
-0.02834379
0.028290331
0.024862907
0.028233986
0.036634196
0.040051885
0.032494685
0.03650772
0.039825814
0.047006958
0.043249023
0.046975319
-0.059904721
-0.062749083
-0.059888665
-0.062715149
-0.053299509
-0.0568452
-0.053340994
-0.050137056
0.050178738
0.056781924
0.059845604
0.053373987
0.056736496
0.059781088
0.062697646
-0.071244929
-0.073941152
-0.071237842
-0.073914491
-0.07643269
-0.065489129
-0.068305171
0.06845059
0.065642358
0.068468644
0.073921976
0.076474458
0.071304963
0.074012796
0.076470043
-0.081330843
-0.083704085
-0.081332678
-0.078941819
-0.08369637
0.078940927
0.083793752
0.08148694
0.083844333
-0.09034078
-0.092256025
-0.090339322
-0.092206246
-0.086126535
-0.088297535
0.088314647
0.090327137
0.086085345
0.088277102
0.09031365
0.092219223
-0.096191201
-0.094103383
-0.096146406
-0.097842934
0.096174496
0.097886408
0.094135605
0.096164644
0.097853125
-0.10109774
-0.10241898
-0.099439888
-0.10108355
-0.1024367
0.10108386
0.099423652
0.10105122
0.10236164
-0.10504577
-0.10368651
-0.10504565
0.10505834
0.10364562
0.10504582
-0.10780146
-0.10781858
-0.10623135
-0.10708254
0.10707445
0.10783746
0.10621192
0.10706645
0.10782858
-0.10927071
-0.10860742
-0.1092704
0.10926902
0.10861465
0.109268
-0.10994353
-0.10971862
-0.10994349
0.10994336
0.1097175
0.1099433
-0.10971826
-0.10994345
-0.10971799
0.10971879
0.10994337
0.10971861
-0.10862309
-0.10926973
-0.10863606
0.10861143
0.10926876
0.10861805
-0.10784209
-0.10622427
-0.10706981
-0.10621608
0.10710749
0.10624151
0.10709748
0.10784133
0.10622116
-0.10366663
-0.1024488
-0.10503769
-0.10365838
-0.1024268
0.10366359
0.10504053
0.10367787
0.10242331
-0.099421311
-0.10110991
-0.099478827
-0.097904488
0.099427724
0.097878898
0.10110272
0.099449351
0.097871763
-0.094146265
-0.092238857
-0.096173364
-0.094138066
-0.092232881
0.094192077
0.096157409
0.094154097
0.092251282
-0.090337366
-0.086054986
-0.08823908
-0.086074793
0.088294314
0.086122191
0.088210049
0.090326984
0.086048656
-0.08137579
-0.079008256
-0.083809855
-0.081428862
-0.079015829
-0.076550379
0.079033693
0.076551696
0.079011489
0.076538537
0.083831968
0.081446662
-0.071177804
-0.073939691
-0.071234128
-0.065626998
-0.062728596
-0.068374995
-0.06554702
-0.062746286
0.068331381
0.065522385
0.068257968
0.065448145
0.062760724
0.07395181
0.07128815
-0.059902965
-0.053352203
-0.050211143
-0.05681062
-0.053359406
-0.050184707
-0.043321479
-0.046954334
-0.043335442
0.050225928
0.046930209
0.043279741
0.050225928
0.046941956
0.056795034
0.053421099
0.056752301
0.059832488
-0.040035987
-0.032478906
-0.036597412
-0.032441918
-0.024926007
-0.021537092
-0.02832891
-0.024929743
-0.021503913
-0.012368228
-0.017198623
-0.012367028
-0.0024777496
-0.0074350518
-0.0024757746
0.0074349196
0.0024731529
0.0074267247
0.017198665
0.012350939
0.017103875
0.028231828
0.024869515
0.028209229
0.024848496
0.021449016
0.036618448
0.032412007
0.036520553
0.039952223
-0.021552975
-0.02147308
-0.012388686
-0.017187969
-0.012394149
-0.0024859585
-0.0074459295
-0.0024866079
0.0074407781
0.0024811752
0.0074458108
0.017258332
0.012405209
0.017193044
0.021502969
-0.039914661
-0.043212047
-0.046939895
-0.039928001
-0.043222608
-0.032522992
-0.036635239
-0.032562141
-0.02493429
-0.028390523
0.028273892
0.024934337
0.028340824
0.036523638
0.039799847
0.032506263
0.036674108
0.040050303
0.046962802
0.043302074
0.046996885
-0.059827034
-0.062688431
-0.059891021
-0.062687775
-0.053346199
-0.056856779
-0.053405016
-0.050238255
0.050209762
0.056716985
0.05974845
0.053331913
0.056702014
0.059742223
0.062688436
-0.07135077
-0.074029658
-0.071311454
-0.074003053
-0.076498975
-0.065517837
-0.068353715
0.068404718
0.06552874
0.068354985
0.074011303
0.07651634
0.071283599
0.073962653
0.076473288
-0.081370037
-0.083735186
-0.081458842
-0.078979252
-0.083808929
0.078987162
0.083763811
0.081394994
0.08374125
-0.090345472
-0.092340737
-0.090348635
-0.092362567
-0.086073938
-0.088247575
0.088324719
0.090309583
0.086112507
0.088281008
0.090307651
0.092272025
-0.096121269
-0.094240906
-0.096156236
-0.097860017
0.096169742
0.097860932
0.094194407
0.096191048
0.097899122
-0.10106172
-0.10241083
-0.09944231
-0.10109184
-0.10242344
0.10105903
0.099448875
0.10105131
0.10242137
-0.10506208
-0.10367726
-0.10505549
0.10506343
0.10372064
0.1050593
-0.1078423
-0.10783947
-0.10624463
-0.10710137
0.10707676
0.1078458
0.10623761
0.10710568
0.10788948
-0.10926981
-0.10861638
-0.10926845
0.10926868
0.10864595
0.10926727
-0.10994354
-0.10971725
-0.10994345
0.1099433
0.10971666
0.10994325
-0.10971742
-0.1099431
-0.10971732
0.10971826
0.10994341
0.10971781
-0.10863062
-0.10926764
-0.10860978
0.10861567
0.1092701
0.10863345
-0.10782831
-0.10623867
-0.10709695
-0.10625851
0.10709082
0.10621146
0.10709237
0.10784111
0.10623918
-0.1036394
-0.10235969
-0.10505643
-0.1036724
-0.10240145
0.10369119
0.10504176
0.10367716
0.1024103
-0.099493735
-0.10105553
-0.099435072
-0.09785718
0.099459928
0.097832332
0.10107061
0.099436397
0.097829601
-0.094144826
-0.09226287
-0.096156321
-0.094195573
-0.09230294
0.094178919
0.096118942
0.094187615
0.092303927
-0.090335677
-0.086066502
-0.088225974
-0.086034946
0.088236166
0.086075431
0.088360999
0.090345084
0.086201559
-0.081394404
-0.079002548
-0.08369978
-0.081330303
-0.0789525
-0.076464053
0.07896199
0.07646009
0.078969769
0.076474586
0.083733921
0.08137061
-0.071220525
-0.073973472
-0.071313859
-0.065559849
-0.062742114
-0.068490622
-0.065646316
-0.062724813
0.068289835
0.065447416
0.068236648
0.065409291
0.062735719
0.07387919
0.071210458
-0.059940898
-0.053348538
-0.050176157
-0.056863529
-0.053309974
-0.050133491
-0.04331831
-0.046951407
-0.043284985
0.050199044
0.046907255
0.043284926
0.050211425
0.046906564
0.056818872
0.053410404
0.056865787
0.059939015
-0.040044824
-0.032453351
-0.03664496
-0.032465496
-0.024935295
-0.021499647
-0.028328828
-0.024997397
-0.021555093
-0.012363566
-0.017149021
-0.012369526
-0.0024765327
-0.0074377701
-0.002481627
0.0074261263
0.0024790639
0.0074310567
0.017170478
0.012358929
0.017270318
0.02832929
0.024980798
0.028402442
0.025148431
0.021761542
0.036568842
0.032517665
0.036707152
0.04007737
)
;
    }
}


// ************************************************************************* //
