/*--------------------------------*- C++ -*----------------------------------*\
| =========                 |                                                 |
| \\      /  F ield         | OpenFOAM: The Open Source CFD Toolbox           |
|  \\    /   O peration     | Version:  2506                                  |
|   \\  /    A nd           | Website:  www.openfoam.com                      |
|    \\/     M anipulation  |                                                 |
\*---------------------------------------------------------------------------*/
FoamFile
{
    version     2.0;
    format      ascii;
    arch        "LSB;label=32;scalar=64";
    class       faceList;
    location    "constant/cap_rotated/polyMesh";
    object      faces;
}
// * * * * * * * * * * * * * * * * * * * * * * * * * * * * * * * * * * * * * //


6084
(
4(245 385 105 70)
4(4 0 9 14)
4(14 9 105 385)
4(0 70 105 9)
4(246 386 106 71)
4(385 105 106 386)
4(70 71 106 105)
4(247 387 107 72)
4(386 106 107 387)
4(71 72 107 106)
4(248 388 108 73)
4(387 107 108 388)
4(72 73 108 107)
4(249 389 109 74)
4(388 108 109 389)
4(73 74 109 108)
4(250 390 110 75)
4(389 109 110 390)
4(74 75 110 109)
4(251 391 111 76)
4(390 110 111 391)
4(75 76 111 110)
4(252 392 112 77)
4(391 111 112 392)
4(76 77 112 111)
4(253 393 113 78)
4(392 112 113 393)
4(77 78 113 112)
4(254 394 114 79)
4(393 113 114 394)
4(78 79 114 113)
4(255 395 115 80)
4(394 114 115 395)
4(79 80 115 114)
4(256 396 116 81)
4(395 115 116 396)
4(80 81 116 115)
4(257 397 117 82)
4(396 116 117 397)
4(81 82 117 116)
4(258 398 118 83)
4(397 117 118 398)
4(82 83 118 117)
4(259 399 119 84)
4(398 118 119 399)
4(83 84 119 118)
4(260 400 120 85)
4(399 119 120 400)
4(84 85 120 119)
4(261 401 121 86)
4(400 120 121 401)
4(85 86 121 120)
4(262 402 122 87)
4(401 121 122 402)
4(86 87 122 121)
4(263 403 123 88)
4(402 122 123 403)
4(87 88 123 122)
4(264 404 124 89)
4(403 123 124 404)
4(88 89 124 123)
4(265 405 125 90)
4(404 124 125 405)
4(89 90 125 124)
4(266 406 126 91)
4(405 125 126 406)
4(90 91 126 125)
4(267 407 127 92)
4(406 126 127 407)
4(91 92 127 126)
4(268 408 128 93)
4(407 127 128 408)
4(92 93 128 127)
4(269 409 129 94)
4(408 128 129 409)
4(93 94 129 128)
4(270 410 130 95)
4(409 129 130 410)
4(94 95 130 129)
4(271 411 131 96)
4(410 130 131 411)
4(95 96 131 130)
4(272 412 132 97)
4(411 131 132 412)
4(96 97 132 131)
4(273 413 133 98)
4(412 132 133 413)
4(97 98 133 132)
4(274 414 134 99)
4(413 133 134 414)
4(98 99 134 133)
4(275 415 135 100)
4(414 134 135 415)
4(99 100 135 134)
4(276 416 136 101)
4(415 135 136 416)
4(100 101 136 135)
4(277 417 137 102)
4(416 136 137 417)
4(101 102 137 136)
4(278 418 138 103)
4(417 137 138 418)
4(102 103 138 137)
4(279 419 139 104)
4(418 138 139 419)
4(103 104 139 138)
4(419 139 9 14)
4(104 0 9 139)
4(385 350 140 105)
4(14 9 10 13)
4(13 10 140 350)
4(9 105 140 10)
4(386 351 141 106)
4(350 140 141 351)
4(105 106 141 140)
4(387 352 142 107)
4(351 141 142 352)
4(106 107 142 141)
4(388 353 143 108)
4(352 142 143 353)
4(107 108 143 142)
4(389 354 144 109)
4(353 143 144 354)
4(108 109 144 143)
4(390 355 145 110)
4(354 144 145 355)
4(109 110 145 144)
4(391 356 146 111)
4(355 145 146 356)
4(110 111 146 145)
4(392 357 147 112)
4(356 146 147 357)
4(111 112 147 146)
4(393 358 148 113)
4(357 147 148 358)
4(112 113 148 147)
4(394 359 149 114)
4(358 148 149 359)
4(113 114 149 148)
4(395 360 150 115)
4(359 149 150 360)
4(114 115 150 149)
4(396 361 151 116)
4(360 150 151 361)
4(115 116 151 150)
4(397 362 152 117)
4(361 151 152 362)
4(116 117 152 151)
4(398 363 153 118)
4(362 152 153 363)
4(117 118 153 152)
4(399 364 154 119)
4(363 153 154 364)
4(118 119 154 153)
4(400 365 155 120)
4(364 154 155 365)
4(119 120 155 154)
4(401 366 156 121)
4(365 155 156 366)
4(120 121 156 155)
4(402 367 157 122)
4(366 156 157 367)
4(121 122 157 156)
4(403 368 158 123)
4(367 157 158 368)
4(122 123 158 157)
4(404 369 159 124)
4(368 158 159 369)
4(123 124 159 158)
4(405 370 160 125)
4(369 159 160 370)
4(124 125 160 159)
4(406 371 161 126)
4(370 160 161 371)
4(125 126 161 160)
4(407 372 162 127)
4(371 161 162 372)
4(126 127 162 161)
4(408 373 163 128)
4(372 162 163 373)
4(127 128 163 162)
4(409 374 164 129)
4(373 163 164 374)
4(128 129 164 163)
4(410 375 165 130)
4(374 164 165 375)
4(129 130 165 164)
4(411 376 166 131)
4(375 165 166 376)
4(130 131 166 165)
4(412 377 167 132)
4(376 166 167 377)
4(131 132 167 166)
4(413 378 168 133)
4(377 167 168 378)
4(132 133 168 167)
4(414 379 169 134)
4(378 168 169 379)
4(133 134 169 168)
4(415 380 170 135)
4(379 169 170 380)
4(134 135 170 169)
4(416 381 171 136)
4(380 170 171 381)
4(135 136 171 170)
4(417 382 172 137)
4(381 171 172 382)
4(136 137 172 171)
4(418 383 173 138)
4(382 172 173 383)
4(137 138 173 172)
4(419 384 174 139)
4(383 173 174 384)
4(138 139 174 173)
4(384 174 10 13)
4(139 9 10 174)
4(350 315 175 140)
4(13 10 11 12)
4(12 11 175 315)
4(10 140 175 11)
4(351 316 176 141)
4(315 175 176 316)
4(140 141 176 175)
4(352 317 177 142)
4(316 176 177 317)
4(141 142 177 176)
4(353 318 178 143)
4(317 177 178 318)
4(142 143 178 177)
4(354 319 179 144)
4(318 178 179 319)
4(143 144 179 178)
4(355 320 180 145)
4(319 179 180 320)
4(144 145 180 179)
4(356 321 181 146)
4(320 180 181 321)
4(145 146 181 180)
4(357 322 182 147)
4(321 181 182 322)
4(146 147 182 181)
4(358 323 183 148)
4(322 182 183 323)
4(147 148 183 182)
4(359 324 184 149)
4(323 183 184 324)
4(148 149 184 183)
4(360 325 185 150)
4(324 184 185 325)
4(149 150 185 184)
4(361 326 186 151)
4(325 185 186 326)
4(150 151 186 185)
4(362 327 187 152)
4(326 186 187 327)
4(151 152 187 186)
4(363 328 188 153)
4(327 187 188 328)
4(152 153 188 187)
4(364 329 189 154)
4(328 188 189 329)
4(153 154 189 188)
4(365 330 190 155)
4(329 189 190 330)
4(154 155 190 189)
4(366 331 191 156)
4(330 190 191 331)
4(155 156 191 190)
4(367 332 192 157)
4(331 191 192 332)
4(156 157 192 191)
4(368 333 193 158)
4(332 192 193 333)
4(157 158 193 192)
4(369 334 194 159)
4(333 193 194 334)
4(158 159 194 193)
4(370 335 195 160)
4(334 194 195 335)
4(159 160 195 194)
4(371 336 196 161)
4(335 195 196 336)
4(160 161 196 195)
4(372 337 197 162)
4(336 196 197 337)
4(161 162 197 196)
4(373 338 198 163)
4(337 197 198 338)
4(162 163 198 197)
4(374 339 199 164)
4(338 198 199 339)
4(163 164 199 198)
4(375 340 200 165)
4(339 199 200 340)
4(164 165 200 199)
4(376 341 201 166)
4(340 200 201 341)
4(165 166 201 200)
4(377 342 202 167)
4(341 201 202 342)
4(166 167 202 201)
4(378 343 203 168)
4(342 202 203 343)
4(167 168 203 202)
4(379 344 204 169)
4(343 203 204 344)
4(168 169 204 203)
4(380 345 205 170)
4(344 204 205 345)
4(169 170 205 204)
4(381 346 206 171)
4(345 205 206 346)
4(170 171 206 205)
4(382 347 207 172)
4(346 206 207 347)
4(171 172 207 206)
4(383 348 208 173)
4(347 207 208 348)
4(172 173 208 207)
4(384 349 209 174)
4(348 208 209 349)
4(173 174 209 208)
4(349 209 11 12)
4(174 10 11 209)
4(315 280 210 175)
4(12 11 3 5)
4(11 175 210 3)
4(316 281 211 176)
4(175 176 211 210)
4(317 282 212 177)
4(176 177 212 211)
4(318 283 213 178)
4(177 178 213 212)
4(319 284 214 179)
4(178 179 214 213)
4(320 285 215 180)
4(179 180 215 214)
4(321 286 216 181)
4(180 181 216 215)
4(322 287 217 182)
4(181 182 217 216)
4(323 288 218 183)
4(182 183 218 217)
4(324 289 219 184)
4(183 184 219 218)
4(325 290 220 185)
4(184 185 220 219)
4(326 291 221 186)
4(185 186 221 220)
4(327 292 222 187)
4(186 187 222 221)
4(328 293 223 188)
4(187 188 223 222)
4(329 294 224 189)
4(188 189 224 223)
4(330 295 225 190)
4(189 190 225 224)
4(331 296 226 191)
4(190 191 226 225)
4(332 297 227 192)
4(191 192 227 226)
4(333 298 228 193)
4(192 193 228 227)
4(334 299 229 194)
4(193 194 229 228)
4(335 300 230 195)
4(194 195 230 229)
4(336 301 231 196)
4(195 196 231 230)
4(337 302 232 197)
4(196 197 232 231)
4(338 303 233 198)
4(197 198 233 232)
4(339 304 234 199)
4(198 199 234 233)
4(340 305 235 200)
4(199 200 235 234)
4(341 306 236 201)
4(200 201 236 235)
4(342 307 237 202)
4(201 202 237 236)
4(343 308 238 203)
4(202 203 238 237)
4(344 309 239 204)
4(203 204 239 238)
4(345 310 240 205)
4(204 205 240 239)
4(346 311 241 206)
4(205 206 241 240)
4(347 312 242 207)
4(206 207 242 241)
4(348 313 243 208)
4(207 208 243 242)
4(349 314 244 209)
4(208 209 244 243)
4(209 11 3 244)
4(70 105 1190 420)
4(0 15 37 9)
4(9 37 1190 105)
4(15 420 1190 37)
4(71 106 1191 421)
4(105 1190 1191 106)
4(420 421 1191 1190)
4(72 107 1192 422)
4(106 1191 1192 107)
4(421 422 1192 1191)
4(73 108 1193 423)
4(107 1192 1193 108)
4(422 423 1193 1192)
4(74 109 1194 424)
4(108 1193 1194 109)
4(423 424 1194 1193)
4(75 110 1195 425)
4(109 1194 1195 110)
4(424 425 1195 1194)
4(76 111 1196 426)
4(110 1195 1196 111)
4(425 426 1196 1195)
4(77 112 1197 427)
4(111 1196 1197 112)
4(426 427 1197 1196)
4(78 113 1198 428)
4(112 1197 1198 113)
4(427 428 1198 1197)
4(79 114 1199 429)
4(113 1198 1199 114)
4(428 429 1199 1198)
4(80 115 1200 430)
4(114 1199 1200 115)
4(429 430 1200 1199)
4(81 116 1201 431)
4(115 1200 1201 116)
4(430 431 1201 1200)
4(82 117 1202 432)
4(116 1201 1202 117)
4(431 432 1202 1201)
4(83 118 1203 433)
4(117 1202 1203 118)
4(432 433 1203 1202)
4(84 119 1204 434)
4(118 1203 1204 119)
4(433 434 1204 1203)
4(85 120 1205 435)
4(119 1204 1205 120)
4(434 435 1205 1204)
4(86 121 1206 436)
4(120 1205 1206 121)
4(435 436 1206 1205)
4(87 122 1207 437)
4(121 1206 1207 122)
4(436 437 1207 1206)
4(88 123 1208 438)
4(122 1207 1208 123)
4(437 438 1208 1207)
4(89 124 1209 439)
4(123 1208 1209 124)
4(438 439 1209 1208)
4(90 125 1210 440)
4(124 1209 1210 125)
4(439 440 1210 1209)
4(91 126 1211 441)
4(125 1210 1211 126)
4(440 441 1211 1210)
4(92 127 1212 442)
4(126 1211 1212 127)
4(441 442 1212 1211)
4(93 128 1213 443)
4(127 1212 1213 128)
4(442 443 1213 1212)
4(94 129 1214 444)
4(128 1213 1214 129)
4(443 444 1214 1213)
4(95 130 1215 445)
4(129 1214 1215 130)
4(444 445 1215 1214)
4(96 131 1216 446)
4(130 1215 1216 131)
4(445 446 1216 1215)
4(97 132 1217 447)
4(131 1216 1217 132)
4(446 447 1217 1216)
4(98 133 1218 448)
4(132 1217 1218 133)
4(447 448 1218 1217)
4(99 134 1219 449)
4(133 1218 1219 134)
4(448 449 1219 1218)
4(100 135 1220 450)
4(134 1219 1220 135)
4(449 450 1220 1219)
4(101 136 1221 451)
4(135 1220 1221 136)
4(450 451 1221 1220)
4(102 137 1222 452)
4(136 1221 1222 137)
4(451 452 1222 1221)
4(103 138 1223 453)
4(137 1222 1223 138)
4(452 453 1223 1222)
4(104 139 1224 454)
4(138 1223 1224 139)
4(453 454 1224 1223)
4(139 1224 37 9)
4(454 15 37 1224)
4(105 140 1225 1190)
4(9 37 38 10)
4(10 38 1225 140)
4(37 1190 1225 38)
4(106 141 1226 1191)
4(140 1225 1226 141)
4(1190 1191 1226 1225)
4(107 142 1227 1192)
4(141 1226 1227 142)
4(1191 1192 1227 1226)
4(108 143 1228 1193)
4(142 1227 1228 143)
4(1192 1193 1228 1227)
4(109 144 1229 1194)
4(143 1228 1229 144)
4(1193 1194 1229 1228)
4(110 145 1230 1195)
4(144 1229 1230 145)
4(1194 1195 1230 1229)
4(111 146 1231 1196)
4(145 1230 1231 146)
4(1195 1196 1231 1230)
4(112 147 1232 1197)
4(146 1231 1232 147)
4(1196 1197 1232 1231)
4(113 148 1233 1198)
4(147 1232 1233 148)
4(1197 1198 1233 1232)
4(114 149 1234 1199)
4(148 1233 1234 149)
4(1198 1199 1234 1233)
4(115 150 1235 1200)
4(149 1234 1235 150)
4(1199 1200 1235 1234)
4(116 151 1236 1201)
4(150 1235 1236 151)
4(1200 1201 1236 1235)
4(117 152 1237 1202)
4(151 1236 1237 152)
4(1201 1202 1237 1236)
4(118 153 1238 1203)
4(152 1237 1238 153)
4(1202 1203 1238 1237)
4(119 154 1239 1204)
4(153 1238 1239 154)
4(1203 1204 1239 1238)
4(120 155 1240 1205)
4(154 1239 1240 155)
4(1204 1205 1240 1239)
4(121 156 1241 1206)
4(155 1240 1241 156)
4(1205 1206 1241 1240)
4(122 157 1242 1207)
4(156 1241 1242 157)
4(1206 1207 1242 1241)
4(123 158 1243 1208)
4(157 1242 1243 158)
4(1207 1208 1243 1242)
4(124 159 1244 1209)
4(158 1243 1244 159)
4(1208 1209 1244 1243)
4(125 160 1245 1210)
4(159 1244 1245 160)
4(1209 1210 1245 1244)
4(126 161 1246 1211)
4(160 1245 1246 161)
4(1210 1211 1246 1245)
4(127 162 1247 1212)
4(161 1246 1247 162)
4(1211 1212 1247 1246)
4(128 163 1248 1213)
4(162 1247 1248 163)
4(1212 1213 1248 1247)
4(129 164 1249 1214)
4(163 1248 1249 164)
4(1213 1214 1249 1248)
4(130 165 1250 1215)
4(164 1249 1250 165)
4(1214 1215 1250 1249)
4(131 166 1251 1216)
4(165 1250 1251 166)
4(1215 1216 1251 1250)
4(132 167 1252 1217)
4(166 1251 1252 167)
4(1216 1217 1252 1251)
4(133 168 1253 1218)
4(167 1252 1253 168)
4(1217 1218 1253 1252)
4(134 169 1254 1219)
4(168 1253 1254 169)
4(1218 1219 1254 1253)
4(135 170 1255 1220)
4(169 1254 1255 170)
4(1219 1220 1255 1254)
4(136 171 1256 1221)
4(170 1255 1256 171)
4(1220 1221 1256 1255)
4(137 172 1257 1222)
4(171 1256 1257 172)
4(1221 1222 1257 1256)
4(138 173 1258 1223)
4(172 1257 1258 173)
4(1222 1223 1258 1257)
4(139 174 1259 1224)
4(173 1258 1259 174)
4(1223 1224 1259 1258)
4(174 1259 38 10)
4(1224 37 38 1259)
4(140 175 1260 1225)
4(10 38 39 11)
4(11 39 1260 175)
4(38 1225 1260 39)
4(141 176 1261 1226)
4(175 1260 1261 176)
4(1225 1226 1261 1260)
4(142 177 1262 1227)
4(176 1261 1262 177)
4(1226 1227 1262 1261)
4(143 178 1263 1228)
4(177 1262 1263 178)
4(1227 1228 1263 1262)
4(144 179 1264 1229)
4(178 1263 1264 179)
4(1228 1229 1264 1263)
4(145 180 1265 1230)
4(179 1264 1265 180)
4(1229 1230 1265 1264)
4(146 181 1266 1231)
4(180 1265 1266 181)
4(1230 1231 1266 1265)
4(147 182 1267 1232)
4(181 1266 1267 182)
4(1231 1232 1267 1266)
4(148 183 1268 1233)
4(182 1267 1268 183)
4(1232 1233 1268 1267)
4(149 184 1269 1234)
4(183 1268 1269 184)
4(1233 1234 1269 1268)
4(150 185 1270 1235)
4(184 1269 1270 185)
4(1234 1235 1270 1269)
4(151 186 1271 1236)
4(185 1270 1271 186)
4(1235 1236 1271 1270)
4(152 187 1272 1237)
4(186 1271 1272 187)
4(1236 1237 1272 1271)
4(153 188 1273 1238)
4(187 1272 1273 188)
4(1237 1238 1273 1272)
4(154 189 1274 1239)
4(188 1273 1274 189)
4(1238 1239 1274 1273)
4(155 190 1275 1240)
4(189 1274 1275 190)
4(1239 1240 1275 1274)
4(156 191 1276 1241)
4(190 1275 1276 191)
4(1240 1241 1276 1275)
4(157 192 1277 1242)
4(191 1276 1277 192)
4(1241 1242 1277 1276)
4(158 193 1278 1243)
4(192 1277 1278 193)
4(1242 1243 1278 1277)
4(159 194 1279 1244)
4(193 1278 1279 194)
4(1243 1244 1279 1278)
4(160 195 1280 1245)
4(194 1279 1280 195)
4(1244 1245 1280 1279)
4(161 196 1281 1246)
4(195 1280 1281 196)
4(1245 1246 1281 1280)
4(162 197 1282 1247)
4(196 1281 1282 197)
4(1246 1247 1282 1281)
4(163 198 1283 1248)
4(197 1282 1283 198)
4(1247 1248 1283 1282)
4(164 199 1284 1249)
4(198 1283 1284 199)
4(1248 1249 1284 1283)
4(165 200 1285 1250)
4(199 1284 1285 200)
4(1249 1250 1285 1284)
4(166 201 1286 1251)
4(200 1285 1286 201)
4(1250 1251 1286 1285)
4(167 202 1287 1252)
4(201 1286 1287 202)
4(1251 1252 1287 1286)
4(168 203 1288 1253)
4(202 1287 1288 203)
4(1252 1253 1288 1287)
4(169 204 1289 1254)
4(203 1288 1289 204)
4(1253 1254 1289 1288)
4(170 205 1290 1255)
4(204 1289 1290 205)
4(1254 1255 1290 1289)
4(171 206 1291 1256)
4(205 1290 1291 206)
4(1255 1256 1291 1290)
4(172 207 1292 1257)
4(206 1291 1292 207)
4(1256 1257 1292 1291)
4(173 208 1293 1258)
4(207 1292 1293 208)
4(1257 1258 1293 1292)
4(174 209 1294 1259)
4(208 1293 1294 209)
4(1258 1259 1294 1293)
4(209 1294 39 11)
4(1259 38 39 1294)
4(175 210 805 1260)
4(11 39 26 3)
4(39 1260 805 26)
4(176 211 806 1261)
4(1260 1261 806 805)
4(177 212 807 1262)
4(1261 1262 807 806)
4(178 213 808 1263)
4(1262 1263 808 807)
4(179 214 809 1264)
4(1263 1264 809 808)
4(180 215 810 1265)
4(1264 1265 810 809)
4(181 216 811 1266)
4(1265 1266 811 810)
4(182 217 812 1267)
4(1266 1267 812 811)
4(183 218 813 1268)
4(1267 1268 813 812)
4(184 219 814 1269)
4(1268 1269 814 813)
4(185 220 815 1270)
4(1269 1270 815 814)
4(186 221 816 1271)
4(1270 1271 816 815)
4(187 222 817 1272)
4(1271 1272 817 816)
4(188 223 818 1273)
4(1272 1273 818 817)
4(189 224 819 1274)
4(1273 1274 819 818)
4(190 225 820 1275)
4(1274 1275 820 819)
4(191 226 821 1276)
4(1275 1276 821 820)
4(192 227 822 1277)
4(1276 1277 822 821)
4(193 228 823 1278)
4(1277 1278 823 822)
4(194 229 824 1279)
4(1278 1279 824 823)
4(195 230 825 1280)
4(1279 1280 825 824)
4(196 231 826 1281)
4(1280 1281 826 825)
4(197 232 827 1282)
4(1281 1282 827 826)
4(198 233 828 1283)
4(1282 1283 828 827)
4(199 234 829 1284)
4(1283 1284 829 828)
4(200 235 830 1285)
4(1284 1285 830 829)
4(201 236 831 1286)
4(1285 1286 831 830)
4(202 237 832 1287)
4(1286 1287 832 831)
4(203 238 833 1288)
4(1287 1288 833 832)
4(204 239 834 1289)
4(1288 1289 834 833)
4(205 240 835 1290)
4(1289 1290 835 834)
4(206 241 836 1291)
4(1290 1291 836 835)
4(207 242 837 1292)
4(1291 1292 837 836)
4(208 243 838 1293)
4(1292 1293 838 837)
4(209 244 839 1294)
4(1293 1294 839 838)
4(1294 39 26 839)
4(420 1190 1295 455)
4(15 16 40 37)
4(37 40 1295 1190)
4(16 455 1295 40)
4(421 1191 1296 456)
4(1190 1295 1296 1191)
4(455 456 1296 1295)
4(422 1192 1297 457)
4(1191 1296 1297 1192)
4(456 457 1297 1296)
4(423 1193 1298 458)
4(1192 1297 1298 1193)
4(457 458 1298 1297)
4(424 1194 1299 459)
4(1193 1298 1299 1194)
4(458 459 1299 1298)
4(425 1195 1300 460)
4(1194 1299 1300 1195)
4(459 460 1300 1299)
4(426 1196 1301 461)
4(1195 1300 1301 1196)
4(460 461 1301 1300)
4(427 1197 1302 462)
4(1196 1301 1302 1197)
4(461 462 1302 1301)
4(428 1198 1303 463)
4(1197 1302 1303 1198)
4(462 463 1303 1302)
4(429 1199 1304 464)
4(1198 1303 1304 1199)
4(463 464 1304 1303)
4(430 1200 1305 465)
4(1199 1304 1305 1200)
4(464 465 1305 1304)
4(431 1201 1306 466)
4(1200 1305 1306 1201)
4(465 466 1306 1305)
4(432 1202 1307 467)
4(1201 1306 1307 1202)
4(466 467 1307 1306)
4(433 1203 1308 468)
4(1202 1307 1308 1203)
4(467 468 1308 1307)
4(434 1204 1309 469)
4(1203 1308 1309 1204)
4(468 469 1309 1308)
4(435 1205 1310 470)
4(1204 1309 1310 1205)
4(469 470 1310 1309)
4(436 1206 1311 471)
4(1205 1310 1311 1206)
4(470 471 1311 1310)
4(437 1207 1312 472)
4(1206 1311 1312 1207)
4(471 472 1312 1311)
4(438 1208 1313 473)
4(1207 1312 1313 1208)
4(472 473 1313 1312)
4(439 1209 1314 474)
4(1208 1313 1314 1209)
4(473 474 1314 1313)
4(440 1210 1315 475)
4(1209 1314 1315 1210)
4(474 475 1315 1314)
4(441 1211 1316 476)
4(1210 1315 1316 1211)
4(475 476 1316 1315)
4(442 1212 1317 477)
4(1211 1316 1317 1212)
4(476 477 1317 1316)
4(443 1213 1318 478)
4(1212 1317 1318 1213)
4(477 478 1318 1317)
4(444 1214 1319 479)
4(1213 1318 1319 1214)
4(478 479 1319 1318)
4(445 1215 1320 480)
4(1214 1319 1320 1215)
4(479 480 1320 1319)
4(446 1216 1321 481)
4(1215 1320 1321 1216)
4(480 481 1321 1320)
4(447 1217 1322 482)
4(1216 1321 1322 1217)
4(481 482 1322 1321)
4(448 1218 1323 483)
4(1217 1322 1323 1218)
4(482 483 1323 1322)
4(449 1219 1324 484)
4(1218 1323 1324 1219)
4(483 484 1324 1323)
4(450 1220 1325 485)
4(1219 1324 1325 1220)
4(484 485 1325 1324)
4(451 1221 1326 486)
4(1220 1325 1326 1221)
4(485 486 1326 1325)
4(452 1222 1327 487)
4(1221 1326 1327 1222)
4(486 487 1327 1326)
4(453 1223 1328 488)
4(1222 1327 1328 1223)
4(487 488 1328 1327)
4(454 1224 1329 489)
4(1223 1328 1329 1224)
4(488 489 1329 1328)
4(1224 1329 40 37)
4(489 16 40 1329)
4(1190 1225 1330 1295)
4(37 40 41 38)
4(38 41 1330 1225)
4(40 1295 1330 41)
4(1191 1226 1331 1296)
4(1225 1330 1331 1226)
4(1295 1296 1331 1330)
4(1192 1227 1332 1297)
4(1226 1331 1332 1227)
4(1296 1297 1332 1331)
4(1193 1228 1333 1298)
4(1227 1332 1333 1228)
4(1297 1298 1333 1332)
4(1194 1229 1334 1299)
4(1228 1333 1334 1229)
4(1298 1299 1334 1333)
4(1195 1230 1335 1300)
4(1229 1334 1335 1230)
4(1299 1300 1335 1334)
4(1196 1231 1336 1301)
4(1230 1335 1336 1231)
4(1300 1301 1336 1335)
4(1197 1232 1337 1302)
4(1231 1336 1337 1232)
4(1301 1302 1337 1336)
4(1198 1233 1338 1303)
4(1232 1337 1338 1233)
4(1302 1303 1338 1337)
4(1199 1234 1339 1304)
4(1233 1338 1339 1234)
4(1303 1304 1339 1338)
4(1200 1235 1340 1305)
4(1234 1339 1340 1235)
4(1304 1305 1340 1339)
4(1201 1236 1341 1306)
4(1235 1340 1341 1236)
4(1305 1306 1341 1340)
4(1202 1237 1342 1307)
4(1236 1341 1342 1237)
4(1306 1307 1342 1341)
4(1203 1238 1343 1308)
4(1237 1342 1343 1238)
4(1307 1308 1343 1342)
4(1204 1239 1344 1309)
4(1238 1343 1344 1239)
4(1308 1309 1344 1343)
4(1205 1240 1345 1310)
4(1239 1344 1345 1240)
4(1309 1310 1345 1344)
4(1206 1241 1346 1311)
4(1240 1345 1346 1241)
4(1310 1311 1346 1345)
4(1207 1242 1347 1312)
4(1241 1346 1347 1242)
4(1311 1312 1347 1346)
4(1208 1243 1348 1313)
4(1242 1347 1348 1243)
4(1312 1313 1348 1347)
4(1209 1244 1349 1314)
4(1243 1348 1349 1244)
4(1313 1314 1349 1348)
4(1210 1245 1350 1315)
4(1244 1349 1350 1245)
4(1314 1315 1350 1349)
4(1211 1246 1351 1316)
4(1245 1350 1351 1246)
4(1315 1316 1351 1350)
4(1212 1247 1352 1317)
4(1246 1351 1352 1247)
4(1316 1317 1352 1351)
4(1213 1248 1353 1318)
4(1247 1352 1353 1248)
4(1317 1318 1353 1352)
4(1214 1249 1354 1319)
4(1248 1353 1354 1249)
4(1318 1319 1354 1353)
4(1215 1250 1355 1320)
4(1249 1354 1355 1250)
4(1319 1320 1355 1354)
4(1216 1251 1356 1321)
4(1250 1355 1356 1251)
4(1320 1321 1356 1355)
4(1217 1252 1357 1322)
4(1251 1356 1357 1252)
4(1321 1322 1357 1356)
4(1218 1253 1358 1323)
4(1252 1357 1358 1253)
4(1322 1323 1358 1357)
4(1219 1254 1359 1324)
4(1253 1358 1359 1254)
4(1323 1324 1359 1358)
4(1220 1255 1360 1325)
4(1254 1359 1360 1255)
4(1324 1325 1360 1359)
4(1221 1256 1361 1326)
4(1255 1360 1361 1256)
4(1325 1326 1361 1360)
4(1222 1257 1362 1327)
4(1256 1361 1362 1257)
4(1326 1327 1362 1361)
4(1223 1258 1363 1328)
4(1257 1362 1363 1258)
4(1327 1328 1363 1362)
4(1224 1259 1364 1329)
4(1258 1363 1364 1259)
4(1328 1329 1364 1363)
4(1259 1364 41 38)
4(1329 40 41 1364)
4(1225 1260 1365 1330)
4(38 41 42 39)
4(39 42 1365 1260)
4(41 1330 1365 42)
4(1226 1261 1366 1331)
4(1260 1365 1366 1261)
4(1330 1331 1366 1365)
4(1227 1262 1367 1332)
4(1261 1366 1367 1262)
4(1331 1332 1367 1366)
4(1228 1263 1368 1333)
4(1262 1367 1368 1263)
4(1332 1333 1368 1367)
4(1229 1264 1369 1334)
4(1263 1368 1369 1264)
4(1333 1334 1369 1368)
4(1230 1265 1370 1335)
4(1264 1369 1370 1265)
4(1334 1335 1370 1369)
4(1231 1266 1371 1336)
4(1265 1370 1371 1266)
4(1335 1336 1371 1370)
4(1232 1267 1372 1337)
4(1266 1371 1372 1267)
4(1336 1337 1372 1371)
4(1233 1268 1373 1338)
4(1267 1372 1373 1268)
4(1337 1338 1373 1372)
4(1234 1269 1374 1339)
4(1268 1373 1374 1269)
4(1338 1339 1374 1373)
4(1235 1270 1375 1340)
4(1269 1374 1375 1270)
4(1339 1340 1375 1374)
4(1236 1271 1376 1341)
4(1270 1375 1376 1271)
4(1340 1341 1376 1375)
4(1237 1272 1377 1342)
4(1271 1376 1377 1272)
4(1341 1342 1377 1376)
4(1238 1273 1378 1343)
4(1272 1377 1378 1273)
4(1342 1343 1378 1377)
4(1239 1274 1379 1344)
4(1273 1378 1379 1274)
4(1343 1344 1379 1378)
4(1240 1275 1380 1345)
4(1274 1379 1380 1275)
4(1344 1345 1380 1379)
4(1241 1276 1381 1346)
4(1275 1380 1381 1276)
4(1345 1346 1381 1380)
4(1242 1277 1382 1347)
4(1276 1381 1382 1277)
4(1346 1347 1382 1381)
4(1243 1278 1383 1348)
4(1277 1382 1383 1278)
4(1347 1348 1383 1382)
4(1244 1279 1384 1349)
4(1278 1383 1384 1279)
4(1348 1349 1384 1383)
4(1245 1280 1385 1350)
4(1279 1384 1385 1280)
4(1349 1350 1385 1384)
4(1246 1281 1386 1351)
4(1280 1385 1386 1281)
4(1350 1351 1386 1385)
4(1247 1282 1387 1352)
4(1281 1386 1387 1282)
4(1351 1352 1387 1386)
4(1248 1283 1388 1353)
4(1282 1387 1388 1283)
4(1352 1353 1388 1387)
4(1249 1284 1389 1354)
4(1283 1388 1389 1284)
4(1353 1354 1389 1388)
4(1250 1285 1390 1355)
4(1284 1389 1390 1285)
4(1354 1355 1390 1389)
4(1251 1286 1391 1356)
4(1285 1390 1391 1286)
4(1355 1356 1391 1390)
4(1252 1287 1392 1357)
4(1286 1391 1392 1287)
4(1356 1357 1392 1391)
4(1253 1288 1393 1358)
4(1287 1392 1393 1288)
4(1357 1358 1393 1392)
4(1254 1289 1394 1359)
4(1288 1393 1394 1289)
4(1358 1359 1394 1393)
4(1255 1290 1395 1360)
4(1289 1394 1395 1290)
4(1359 1360 1395 1394)
4(1256 1291 1396 1361)
4(1290 1395 1396 1291)
4(1360 1361 1396 1395)
4(1257 1292 1397 1362)
4(1291 1396 1397 1292)
4(1361 1362 1397 1396)
4(1258 1293 1398 1363)
4(1292 1397 1398 1293)
4(1362 1363 1398 1397)
4(1259 1294 1399 1364)
4(1293 1398 1399 1294)
4(1363 1364 1399 1398)
4(1294 1399 42 39)
4(1364 41 42 1399)
4(1260 805 840 1365)
4(39 42 27 26)
4(42 1365 840 27)
4(1261 806 841 1366)
4(1365 1366 841 840)
4(1262 807 842 1367)
4(1366 1367 842 841)
4(1263 808 843 1368)
4(1367 1368 843 842)
4(1264 809 844 1369)
4(1368 1369 844 843)
4(1265 810 845 1370)
4(1369 1370 845 844)
4(1266 811 846 1371)
4(1370 1371 846 845)
4(1267 812 847 1372)
4(1371 1372 847 846)
4(1268 813 848 1373)
4(1372 1373 848 847)
4(1269 814 849 1374)
4(1373 1374 849 848)
4(1270 815 850 1375)
4(1374 1375 850 849)
4(1271 816 851 1376)
4(1375 1376 851 850)
4(1272 817 852 1377)
4(1376 1377 852 851)
4(1273 818 853 1378)
4(1377 1378 853 852)
4(1274 819 854 1379)
4(1378 1379 854 853)
4(1275 820 855 1380)
4(1379 1380 855 854)
4(1276 821 856 1381)
4(1380 1381 856 855)
4(1277 822 857 1382)
4(1381 1382 857 856)
4(1278 823 858 1383)
4(1382 1383 858 857)
4(1279 824 859 1384)
4(1383 1384 859 858)
4(1280 825 860 1385)
4(1384 1385 860 859)
4(1281 826 861 1386)
4(1385 1386 861 860)
4(1282 827 862 1387)
4(1386 1387 862 861)
4(1283 828 863 1388)
4(1387 1388 863 862)
4(1284 829 864 1389)
4(1388 1389 864 863)
4(1285 830 865 1390)
4(1389 1390 865 864)
4(1286 831 866 1391)
4(1390 1391 866 865)
4(1287 832 867 1392)
4(1391 1392 867 866)
4(1288 833 868 1393)
4(1392 1393 868 867)
4(1289 834 869 1394)
4(1393 1394 869 868)
4(1290 835 870 1395)
4(1394 1395 870 869)
4(1291 836 871 1396)
4(1395 1396 871 870)
4(1292 837 872 1397)
4(1396 1397 872 871)
4(1293 838 873 1398)
4(1397 1398 873 872)
4(1294 839 874 1399)
4(1398 1399 874 873)
4(1399 42 27 874)
4(455 1295 1400 490)
4(16 17 43 40)
4(40 43 1400 1295)
4(17 490 1400 43)
4(456 1296 1401 491)
4(1295 1400 1401 1296)
4(490 491 1401 1400)
4(457 1297 1402 492)
4(1296 1401 1402 1297)
4(491 492 1402 1401)
4(458 1298 1403 493)
4(1297 1402 1403 1298)
4(492 493 1403 1402)
4(459 1299 1404 494)
4(1298 1403 1404 1299)
4(493 494 1404 1403)
4(460 1300 1405 495)
4(1299 1404 1405 1300)
4(494 495 1405 1404)
4(461 1301 1406 496)
4(1300 1405 1406 1301)
4(495 496 1406 1405)
4(462 1302 1407 497)
4(1301 1406 1407 1302)
4(496 497 1407 1406)
4(463 1303 1408 498)
4(1302 1407 1408 1303)
4(497 498 1408 1407)
4(464 1304 1409 499)
4(1303 1408 1409 1304)
4(498 499 1409 1408)
4(465 1305 1410 500)
4(1304 1409 1410 1305)
4(499 500 1410 1409)
4(466 1306 1411 501)
4(1305 1410 1411 1306)
4(500 501 1411 1410)
4(467 1307 1412 502)
4(1306 1411 1412 1307)
4(501 502 1412 1411)
4(468 1308 1413 503)
4(1307 1412 1413 1308)
4(502 503 1413 1412)
4(469 1309 1414 504)
4(1308 1413 1414 1309)
4(503 504 1414 1413)
4(470 1310 1415 505)
4(1309 1414 1415 1310)
4(504 505 1415 1414)
4(471 1311 1416 506)
4(1310 1415 1416 1311)
4(505 506 1416 1415)
4(472 1312 1417 507)
4(1311 1416 1417 1312)
4(506 507 1417 1416)
4(473 1313 1418 508)
4(1312 1417 1418 1313)
4(507 508 1418 1417)
4(474 1314 1419 509)
4(1313 1418 1419 1314)
4(508 509 1419 1418)
4(475 1315 1420 510)
4(1314 1419 1420 1315)
4(509 510 1420 1419)
4(476 1316 1421 511)
4(1315 1420 1421 1316)
4(510 511 1421 1420)
4(477 1317 1422 512)
4(1316 1421 1422 1317)
4(511 512 1422 1421)
4(478 1318 1423 513)
4(1317 1422 1423 1318)
4(512 513 1423 1422)
4(479 1319 1424 514)
4(1318 1423 1424 1319)
4(513 514 1424 1423)
4(480 1320 1425 515)
4(1319 1424 1425 1320)
4(514 515 1425 1424)
4(481 1321 1426 516)
4(1320 1425 1426 1321)
4(515 516 1426 1425)
4(482 1322 1427 517)
4(1321 1426 1427 1322)
4(516 517 1427 1426)
4(483 1323 1428 518)
4(1322 1427 1428 1323)
4(517 518 1428 1427)
4(484 1324 1429 519)
4(1323 1428 1429 1324)
4(518 519 1429 1428)
4(485 1325 1430 520)
4(1324 1429 1430 1325)
4(519 520 1430 1429)
4(486 1326 1431 521)
4(1325 1430 1431 1326)
4(520 521 1431 1430)
4(487 1327 1432 522)
4(1326 1431 1432 1327)
4(521 522 1432 1431)
4(488 1328 1433 523)
4(1327 1432 1433 1328)
4(522 523 1433 1432)
4(489 1329 1434 524)
4(1328 1433 1434 1329)
4(523 524 1434 1433)
4(1329 1434 43 40)
4(524 17 43 1434)
4(1295 1330 1435 1400)
4(40 43 44 41)
4(41 44 1435 1330)
4(43 1400 1435 44)
4(1296 1331 1436 1401)
4(1330 1435 1436 1331)
4(1400 1401 1436 1435)
4(1297 1332 1437 1402)
4(1331 1436 1437 1332)
4(1401 1402 1437 1436)
4(1298 1333 1438 1403)
4(1332 1437 1438 1333)
4(1402 1403 1438 1437)
4(1299 1334 1439 1404)
4(1333 1438 1439 1334)
4(1403 1404 1439 1438)
4(1300 1335 1440 1405)
4(1334 1439 1440 1335)
4(1404 1405 1440 1439)
4(1301 1336 1441 1406)
4(1335 1440 1441 1336)
4(1405 1406 1441 1440)
4(1302 1337 1442 1407)
4(1336 1441 1442 1337)
4(1406 1407 1442 1441)
4(1303 1338 1443 1408)
4(1337 1442 1443 1338)
4(1407 1408 1443 1442)
4(1304 1339 1444 1409)
4(1338 1443 1444 1339)
4(1408 1409 1444 1443)
4(1305 1340 1445 1410)
4(1339 1444 1445 1340)
4(1409 1410 1445 1444)
4(1306 1341 1446 1411)
4(1340 1445 1446 1341)
4(1410 1411 1446 1445)
4(1307 1342 1447 1412)
4(1341 1446 1447 1342)
4(1411 1412 1447 1446)
4(1308 1343 1448 1413)
4(1342 1447 1448 1343)
4(1412 1413 1448 1447)
4(1309 1344 1449 1414)
4(1343 1448 1449 1344)
4(1413 1414 1449 1448)
4(1310 1345 1450 1415)
4(1344 1449 1450 1345)
4(1414 1415 1450 1449)
4(1311 1346 1451 1416)
4(1345 1450 1451 1346)
4(1415 1416 1451 1450)
4(1312 1347 1452 1417)
4(1346 1451 1452 1347)
4(1416 1417 1452 1451)
4(1313 1348 1453 1418)
4(1347 1452 1453 1348)
4(1417 1418 1453 1452)
4(1314 1349 1454 1419)
4(1348 1453 1454 1349)
4(1418 1419 1454 1453)
4(1315 1350 1455 1420)
4(1349 1454 1455 1350)
4(1419 1420 1455 1454)
4(1316 1351 1456 1421)
4(1350 1455 1456 1351)
4(1420 1421 1456 1455)
4(1317 1352 1457 1422)
4(1351 1456 1457 1352)
4(1421 1422 1457 1456)
4(1318 1353 1458 1423)
4(1352 1457 1458 1353)
4(1422 1423 1458 1457)
4(1319 1354 1459 1424)
4(1353 1458 1459 1354)
4(1423 1424 1459 1458)
4(1320 1355 1460 1425)
4(1354 1459 1460 1355)
4(1424 1425 1460 1459)
4(1321 1356 1461 1426)
4(1355 1460 1461 1356)
4(1425 1426 1461 1460)
4(1322 1357 1462 1427)
4(1356 1461 1462 1357)
4(1426 1427 1462 1461)
4(1323 1358 1463 1428)
4(1357 1462 1463 1358)
4(1427 1428 1463 1462)
4(1324 1359 1464 1429)
4(1358 1463 1464 1359)
4(1428 1429 1464 1463)
4(1325 1360 1465 1430)
4(1359 1464 1465 1360)
4(1429 1430 1465 1464)
4(1326 1361 1466 1431)
4(1360 1465 1466 1361)
4(1430 1431 1466 1465)
4(1327 1362 1467 1432)
4(1361 1466 1467 1362)
4(1431 1432 1467 1466)
4(1328 1363 1468 1433)
4(1362 1467 1468 1363)
4(1432 1433 1468 1467)
4(1329 1364 1469 1434)
4(1363 1468 1469 1364)
4(1433 1434 1469 1468)
4(1364 1469 44 41)
4(1434 43 44 1469)
4(1330 1365 1470 1435)
4(41 44 45 42)
4(42 45 1470 1365)
4(44 1435 1470 45)
4(1331 1366 1471 1436)
4(1365 1470 1471 1366)
4(1435 1436 1471 1470)
4(1332 1367 1472 1437)
4(1366 1471 1472 1367)
4(1436 1437 1472 1471)
4(1333 1368 1473 1438)
4(1367 1472 1473 1368)
4(1437 1438 1473 1472)
4(1334 1369 1474 1439)
4(1368 1473 1474 1369)
4(1438 1439 1474 1473)
4(1335 1370 1475 1440)
4(1369 1474 1475 1370)
4(1439 1440 1475 1474)
4(1336 1371 1476 1441)
4(1370 1475 1476 1371)
4(1440 1441 1476 1475)
4(1337 1372 1477 1442)
4(1371 1476 1477 1372)
4(1441 1442 1477 1476)
4(1338 1373 1478 1443)
4(1372 1477 1478 1373)
4(1442 1443 1478 1477)
4(1339 1374 1479 1444)
4(1373 1478 1479 1374)
4(1443 1444 1479 1478)
4(1340 1375 1480 1445)
4(1374 1479 1480 1375)
4(1444 1445 1480 1479)
4(1341 1376 1481 1446)
4(1375 1480 1481 1376)
4(1445 1446 1481 1480)
4(1342 1377 1482 1447)
4(1376 1481 1482 1377)
4(1446 1447 1482 1481)
4(1343 1378 1483 1448)
4(1377 1482 1483 1378)
4(1447 1448 1483 1482)
4(1344 1379 1484 1449)
4(1378 1483 1484 1379)
4(1448 1449 1484 1483)
4(1345 1380 1485 1450)
4(1379 1484 1485 1380)
4(1449 1450 1485 1484)
4(1346 1381 1486 1451)
4(1380 1485 1486 1381)
4(1450 1451 1486 1485)
4(1347 1382 1487 1452)
4(1381 1486 1487 1382)
4(1451 1452 1487 1486)
4(1348 1383 1488 1453)
4(1382 1487 1488 1383)
4(1452 1453 1488 1487)
4(1349 1384 1489 1454)
4(1383 1488 1489 1384)
4(1453 1454 1489 1488)
4(1350 1385 1490 1455)
4(1384 1489 1490 1385)
4(1454 1455 1490 1489)
4(1351 1386 1491 1456)
4(1385 1490 1491 1386)
4(1455 1456 1491 1490)
4(1352 1387 1492 1457)
4(1386 1491 1492 1387)
4(1456 1457 1492 1491)
4(1353 1388 1493 1458)
4(1387 1492 1493 1388)
4(1457 1458 1493 1492)
4(1354 1389 1494 1459)
4(1388 1493 1494 1389)
4(1458 1459 1494 1493)
4(1355 1390 1495 1460)
4(1389 1494 1495 1390)
4(1459 1460 1495 1494)
4(1356 1391 1496 1461)
4(1390 1495 1496 1391)
4(1460 1461 1496 1495)
4(1357 1392 1497 1462)
4(1391 1496 1497 1392)
4(1461 1462 1497 1496)
4(1358 1393 1498 1463)
4(1392 1497 1498 1393)
4(1462 1463 1498 1497)
4(1359 1394 1499 1464)
4(1393 1498 1499 1394)
4(1463 1464 1499 1498)
4(1360 1395 1500 1465)
4(1394 1499 1500 1395)
4(1464 1465 1500 1499)
4(1361 1396 1501 1466)
4(1395 1500 1501 1396)
4(1465 1466 1501 1500)
4(1362 1397 1502 1467)
4(1396 1501 1502 1397)
4(1466 1467 1502 1501)
4(1363 1398 1503 1468)
4(1397 1502 1503 1398)
4(1467 1468 1503 1502)
4(1364 1399 1504 1469)
4(1398 1503 1504 1399)
4(1468 1469 1504 1503)
4(1399 1504 45 42)
4(1469 44 45 1504)
4(1365 840 875 1470)
4(42 45 28 27)
4(45 1470 875 28)
4(1366 841 876 1471)
4(1470 1471 876 875)
4(1367 842 877 1472)
4(1471 1472 877 876)
4(1368 843 878 1473)
4(1472 1473 878 877)
4(1369 844 879 1474)
4(1473 1474 879 878)
4(1370 845 880 1475)
4(1474 1475 880 879)
4(1371 846 881 1476)
4(1475 1476 881 880)
4(1372 847 882 1477)
4(1476 1477 882 881)
4(1373 848 883 1478)
4(1477 1478 883 882)
4(1374 849 884 1479)
4(1478 1479 884 883)
4(1375 850 885 1480)
4(1479 1480 885 884)
4(1376 851 886 1481)
4(1480 1481 886 885)
4(1377 852 887 1482)
4(1481 1482 887 886)
4(1378 853 888 1483)
4(1482 1483 888 887)
4(1379 854 889 1484)
4(1483 1484 889 888)
4(1380 855 890 1485)
4(1484 1485 890 889)
4(1381 856 891 1486)
4(1485 1486 891 890)
4(1382 857 892 1487)
4(1486 1487 892 891)
4(1383 858 893 1488)
4(1487 1488 893 892)
4(1384 859 894 1489)
4(1488 1489 894 893)
4(1385 860 895 1490)
4(1489 1490 895 894)
4(1386 861 896 1491)
4(1490 1491 896 895)
4(1387 862 897 1492)
4(1491 1492 897 896)
4(1388 863 898 1493)
4(1492 1493 898 897)
4(1389 864 899 1494)
4(1493 1494 899 898)
4(1390 865 900 1495)
4(1494 1495 900 899)
4(1391 866 901 1496)
4(1495 1496 901 900)
4(1392 867 902 1497)
4(1496 1497 902 901)
4(1393 868 903 1498)
4(1497 1498 903 902)
4(1394 869 904 1499)
4(1498 1499 904 903)
4(1395 870 905 1500)
4(1499 1500 905 904)
4(1396 871 906 1501)
4(1500 1501 906 905)
4(1397 872 907 1502)
4(1501 1502 907 906)
4(1398 873 908 1503)
4(1502 1503 908 907)
4(1399 874 909 1504)
4(1503 1504 909 908)
4(1504 45 28 909)
4(490 1400 1505 525)
4(17 18 46 43)
4(43 46 1505 1400)
4(18 525 1505 46)
4(491 1401 1506 526)
4(1400 1505 1506 1401)
4(525 526 1506 1505)
4(492 1402 1507 527)
4(1401 1506 1507 1402)
4(526 527 1507 1506)
4(493 1403 1508 528)
4(1402 1507 1508 1403)
4(527 528 1508 1507)
4(494 1404 1509 529)
4(1403 1508 1509 1404)
4(528 529 1509 1508)
4(495 1405 1510 530)
4(1404 1509 1510 1405)
4(529 530 1510 1509)
4(496 1406 1511 531)
4(1405 1510 1511 1406)
4(530 531 1511 1510)
4(497 1407 1512 532)
4(1406 1511 1512 1407)
4(531 532 1512 1511)
4(498 1408 1513 533)
4(1407 1512 1513 1408)
4(532 533 1513 1512)
4(499 1409 1514 534)
4(1408 1513 1514 1409)
4(533 534 1514 1513)
4(500 1410 1515 535)
4(1409 1514 1515 1410)
4(534 535 1515 1514)
4(501 1411 1516 536)
4(1410 1515 1516 1411)
4(535 536 1516 1515)
4(502 1412 1517 537)
4(1411 1516 1517 1412)
4(536 537 1517 1516)
4(503 1413 1518 538)
4(1412 1517 1518 1413)
4(537 538 1518 1517)
4(504 1414 1519 539)
4(1413 1518 1519 1414)
4(538 539 1519 1518)
4(505 1415 1520 540)
4(1414 1519 1520 1415)
4(539 540 1520 1519)
4(506 1416 1521 541)
4(1415 1520 1521 1416)
4(540 541 1521 1520)
4(507 1417 1522 542)
4(1416 1521 1522 1417)
4(541 542 1522 1521)
4(508 1418 1523 543)
4(1417 1522 1523 1418)
4(542 543 1523 1522)
4(509 1419 1524 544)
4(1418 1523 1524 1419)
4(543 544 1524 1523)
4(510 1420 1525 545)
4(1419 1524 1525 1420)
4(544 545 1525 1524)
4(511 1421 1526 546)
4(1420 1525 1526 1421)
4(545 546 1526 1525)
4(512 1422 1527 547)
4(1421 1526 1527 1422)
4(546 547 1527 1526)
4(513 1423 1528 548)
4(1422 1527 1528 1423)
4(547 548 1528 1527)
4(514 1424 1529 549)
4(1423 1528 1529 1424)
4(548 549 1529 1528)
4(515 1425 1530 550)
4(1424 1529 1530 1425)
4(549 550 1530 1529)
4(516 1426 1531 551)
4(1425 1530 1531 1426)
4(550 551 1531 1530)
4(517 1427 1532 552)
4(1426 1531 1532 1427)
4(551 552 1532 1531)
4(518 1428 1533 553)
4(1427 1532 1533 1428)
4(552 553 1533 1532)
4(519 1429 1534 554)
4(1428 1533 1534 1429)
4(553 554 1534 1533)
4(520 1430 1535 555)
4(1429 1534 1535 1430)
4(554 555 1535 1534)
4(521 1431 1536 556)
4(1430 1535 1536 1431)
4(555 556 1536 1535)
4(522 1432 1537 557)
4(1431 1536 1537 1432)
4(556 557 1537 1536)
4(523 1433 1538 558)
4(1432 1537 1538 1433)
4(557 558 1538 1537)
4(524 1434 1539 559)
4(1433 1538 1539 1434)
4(558 559 1539 1538)
4(1434 1539 46 43)
4(559 18 46 1539)
4(1400 1435 1540 1505)
4(43 46 47 44)
4(44 47 1540 1435)
4(46 1505 1540 47)
4(1401 1436 1541 1506)
4(1435 1540 1541 1436)
4(1505 1506 1541 1540)
4(1402 1437 1542 1507)
4(1436 1541 1542 1437)
4(1506 1507 1542 1541)
4(1403 1438 1543 1508)
4(1437 1542 1543 1438)
4(1507 1508 1543 1542)
4(1404 1439 1544 1509)
4(1438 1543 1544 1439)
4(1508 1509 1544 1543)
4(1405 1440 1545 1510)
4(1439 1544 1545 1440)
4(1509 1510 1545 1544)
4(1406 1441 1546 1511)
4(1440 1545 1546 1441)
4(1510 1511 1546 1545)
4(1407 1442 1547 1512)
4(1441 1546 1547 1442)
4(1511 1512 1547 1546)
4(1408 1443 1548 1513)
4(1442 1547 1548 1443)
4(1512 1513 1548 1547)
4(1409 1444 1549 1514)
4(1443 1548 1549 1444)
4(1513 1514 1549 1548)
4(1410 1445 1550 1515)
4(1444 1549 1550 1445)
4(1514 1515 1550 1549)
4(1411 1446 1551 1516)
4(1445 1550 1551 1446)
4(1515 1516 1551 1550)
4(1412 1447 1552 1517)
4(1446 1551 1552 1447)
4(1516 1517 1552 1551)
4(1413 1448 1553 1518)
4(1447 1552 1553 1448)
4(1517 1518 1553 1552)
4(1414 1449 1554 1519)
4(1448 1553 1554 1449)
4(1518 1519 1554 1553)
4(1415 1450 1555 1520)
4(1449 1554 1555 1450)
4(1519 1520 1555 1554)
4(1416 1451 1556 1521)
4(1450 1555 1556 1451)
4(1520 1521 1556 1555)
4(1417 1452 1557 1522)
4(1451 1556 1557 1452)
4(1521 1522 1557 1556)
4(1418 1453 1558 1523)
4(1452 1557 1558 1453)
4(1522 1523 1558 1557)
4(1419 1454 1559 1524)
4(1453 1558 1559 1454)
4(1523 1524 1559 1558)
4(1420 1455 1560 1525)
4(1454 1559 1560 1455)
4(1524 1525 1560 1559)
4(1421 1456 1561 1526)
4(1455 1560 1561 1456)
4(1525 1526 1561 1560)
4(1422 1457 1562 1527)
4(1456 1561 1562 1457)
4(1526 1527 1562 1561)
4(1423 1458 1563 1528)
4(1457 1562 1563 1458)
4(1527 1528 1563 1562)
4(1424 1459 1564 1529)
4(1458 1563 1564 1459)
4(1528 1529 1564 1563)
4(1425 1460 1565 1530)
4(1459 1564 1565 1460)
4(1529 1530 1565 1564)
4(1426 1461 1566 1531)
4(1460 1565 1566 1461)
4(1530 1531 1566 1565)
4(1427 1462 1567 1532)
4(1461 1566 1567 1462)
4(1531 1532 1567 1566)
4(1428 1463 1568 1533)
4(1462 1567 1568 1463)
4(1532 1533 1568 1567)
4(1429 1464 1569 1534)
4(1463 1568 1569 1464)
4(1533 1534 1569 1568)
4(1430 1465 1570 1535)
4(1464 1569 1570 1465)
4(1534 1535 1570 1569)
4(1431 1466 1571 1536)
4(1465 1570 1571 1466)
4(1535 1536 1571 1570)
4(1432 1467 1572 1537)
4(1466 1571 1572 1467)
4(1536 1537 1572 1571)
4(1433 1468 1573 1538)
4(1467 1572 1573 1468)
4(1537 1538 1573 1572)
4(1434 1469 1574 1539)
4(1468 1573 1574 1469)
4(1538 1539 1574 1573)
4(1469 1574 47 44)
4(1539 46 47 1574)
4(1435 1470 1575 1540)
4(44 47 48 45)
4(45 48 1575 1470)
4(47 1540 1575 48)
4(1436 1471 1576 1541)
4(1470 1575 1576 1471)
4(1540 1541 1576 1575)
4(1437 1472 1577 1542)
4(1471 1576 1577 1472)
4(1541 1542 1577 1576)
4(1438 1473 1578 1543)
4(1472 1577 1578 1473)
4(1542 1543 1578 1577)
4(1439 1474 1579 1544)
4(1473 1578 1579 1474)
4(1543 1544 1579 1578)
4(1440 1475 1580 1545)
4(1474 1579 1580 1475)
4(1544 1545 1580 1579)
4(1441 1476 1581 1546)
4(1475 1580 1581 1476)
4(1545 1546 1581 1580)
4(1442 1477 1582 1547)
4(1476 1581 1582 1477)
4(1546 1547 1582 1581)
4(1443 1478 1583 1548)
4(1477 1582 1583 1478)
4(1547 1548 1583 1582)
4(1444 1479 1584 1549)
4(1478 1583 1584 1479)
4(1548 1549 1584 1583)
4(1445 1480 1585 1550)
4(1479 1584 1585 1480)
4(1549 1550 1585 1584)
4(1446 1481 1586 1551)
4(1480 1585 1586 1481)
4(1550 1551 1586 1585)
4(1447 1482 1587 1552)
4(1481 1586 1587 1482)
4(1551 1552 1587 1586)
4(1448 1483 1588 1553)
4(1482 1587 1588 1483)
4(1552 1553 1588 1587)
4(1449 1484 1589 1554)
4(1483 1588 1589 1484)
4(1553 1554 1589 1588)
4(1450 1485 1590 1555)
4(1484 1589 1590 1485)
4(1554 1555 1590 1589)
4(1451 1486 1591 1556)
4(1485 1590 1591 1486)
4(1555 1556 1591 1590)
4(1452 1487 1592 1557)
4(1486 1591 1592 1487)
4(1556 1557 1592 1591)
4(1453 1488 1593 1558)
4(1487 1592 1593 1488)
4(1557 1558 1593 1592)
4(1454 1489 1594 1559)
4(1488 1593 1594 1489)
4(1558 1559 1594 1593)
4(1455 1490 1595 1560)
4(1489 1594 1595 1490)
4(1559 1560 1595 1594)
4(1456 1491 1596 1561)
4(1490 1595 1596 1491)
4(1560 1561 1596 1595)
4(1457 1492 1597 1562)
4(1491 1596 1597 1492)
4(1561 1562 1597 1596)
4(1458 1493 1598 1563)
4(1492 1597 1598 1493)
4(1562 1563 1598 1597)
4(1459 1494 1599 1564)
4(1493 1598 1599 1494)
4(1563 1564 1599 1598)
4(1460 1495 1600 1565)
4(1494 1599 1600 1495)
4(1564 1565 1600 1599)
4(1461 1496 1601 1566)
4(1495 1600 1601 1496)
4(1565 1566 1601 1600)
4(1462 1497 1602 1567)
4(1496 1601 1602 1497)
4(1566 1567 1602 1601)
4(1463 1498 1603 1568)
4(1497 1602 1603 1498)
4(1567 1568 1603 1602)
4(1464 1499 1604 1569)
4(1498 1603 1604 1499)
4(1568 1569 1604 1603)
4(1465 1500 1605 1570)
4(1499 1604 1605 1500)
4(1569 1570 1605 1604)
4(1466 1501 1606 1571)
4(1500 1605 1606 1501)
4(1570 1571 1606 1605)
4(1467 1502 1607 1572)
4(1501 1606 1607 1502)
4(1571 1572 1607 1606)
4(1468 1503 1608 1573)
4(1502 1607 1608 1503)
4(1572 1573 1608 1607)
4(1469 1504 1609 1574)
4(1503 1608 1609 1504)
4(1573 1574 1609 1608)
4(1504 1609 48 45)
4(1574 47 48 1609)
4(1470 875 910 1575)
4(45 48 29 28)
4(48 1575 910 29)
4(1471 876 911 1576)
4(1575 1576 911 910)
4(1472 877 912 1577)
4(1576 1577 912 911)
4(1473 878 913 1578)
4(1577 1578 913 912)
4(1474 879 914 1579)
4(1578 1579 914 913)
4(1475 880 915 1580)
4(1579 1580 915 914)
4(1476 881 916 1581)
4(1580 1581 916 915)
4(1477 882 917 1582)
4(1581 1582 917 916)
4(1478 883 918 1583)
4(1582 1583 918 917)
4(1479 884 919 1584)
4(1583 1584 919 918)
4(1480 885 920 1585)
4(1584 1585 920 919)
4(1481 886 921 1586)
4(1585 1586 921 920)
4(1482 887 922 1587)
4(1586 1587 922 921)
4(1483 888 923 1588)
4(1587 1588 923 922)
4(1484 889 924 1589)
4(1588 1589 924 923)
4(1485 890 925 1590)
4(1589 1590 925 924)
4(1486 891 926 1591)
4(1590 1591 926 925)
4(1487 892 927 1592)
4(1591 1592 927 926)
4(1488 893 928 1593)
4(1592 1593 928 927)
4(1489 894 929 1594)
4(1593 1594 929 928)
4(1490 895 930 1595)
4(1594 1595 930 929)
4(1491 896 931 1596)
4(1595 1596 931 930)
4(1492 897 932 1597)
4(1596 1597 932 931)
4(1493 898 933 1598)
4(1597 1598 933 932)
4(1494 899 934 1599)
4(1598 1599 934 933)
4(1495 900 935 1600)
4(1599 1600 935 934)
4(1496 901 936 1601)
4(1600 1601 936 935)
4(1497 902 937 1602)
4(1601 1602 937 936)
4(1498 903 938 1603)
4(1602 1603 938 937)
4(1499 904 939 1604)
4(1603 1604 939 938)
4(1500 905 940 1605)
4(1604 1605 940 939)
4(1501 906 941 1606)
4(1605 1606 941 940)
4(1502 907 942 1607)
4(1606 1607 942 941)
4(1503 908 943 1608)
4(1607 1608 943 942)
4(1504 909 944 1609)
4(1608 1609 944 943)
4(1609 48 29 944)
4(525 1505 1610 560)
4(18 19 49 46)
4(46 49 1610 1505)
4(19 560 1610 49)
4(526 1506 1611 561)
4(1505 1610 1611 1506)
4(560 561 1611 1610)
4(527 1507 1612 562)
4(1506 1611 1612 1507)
4(561 562 1612 1611)
4(528 1508 1613 563)
4(1507 1612 1613 1508)
4(562 563 1613 1612)
4(529 1509 1614 564)
4(1508 1613 1614 1509)
4(563 564 1614 1613)
4(530 1510 1615 565)
4(1509 1614 1615 1510)
4(564 565 1615 1614)
4(531 1511 1616 566)
4(1510 1615 1616 1511)
4(565 566 1616 1615)
4(532 1512 1617 567)
4(1511 1616 1617 1512)
4(566 567 1617 1616)
4(533 1513 1618 568)
4(1512 1617 1618 1513)
4(567 568 1618 1617)
4(534 1514 1619 569)
4(1513 1618 1619 1514)
4(568 569 1619 1618)
4(535 1515 1620 570)
4(1514 1619 1620 1515)
4(569 570 1620 1619)
4(536 1516 1621 571)
4(1515 1620 1621 1516)
4(570 571 1621 1620)
4(537 1517 1622 572)
4(1516 1621 1622 1517)
4(571 572 1622 1621)
4(538 1518 1623 573)
4(1517 1622 1623 1518)
4(572 573 1623 1622)
4(539 1519 1624 574)
4(1518 1623 1624 1519)
4(573 574 1624 1623)
4(540 1520 1625 575)
4(1519 1624 1625 1520)
4(574 575 1625 1624)
4(541 1521 1626 576)
4(1520 1625 1626 1521)
4(575 576 1626 1625)
4(542 1522 1627 577)
4(1521 1626 1627 1522)
4(576 577 1627 1626)
4(543 1523 1628 578)
4(1522 1627 1628 1523)
4(577 578 1628 1627)
4(544 1524 1629 579)
4(1523 1628 1629 1524)
4(578 579 1629 1628)
4(545 1525 1630 580)
4(1524 1629 1630 1525)
4(579 580 1630 1629)
4(546 1526 1631 581)
4(1525 1630 1631 1526)
4(580 581 1631 1630)
4(547 1527 1632 582)
4(1526 1631 1632 1527)
4(581 582 1632 1631)
4(548 1528 1633 583)
4(1527 1632 1633 1528)
4(582 583 1633 1632)
4(549 1529 1634 584)
4(1528 1633 1634 1529)
4(583 584 1634 1633)
4(550 1530 1635 585)
4(1529 1634 1635 1530)
4(584 585 1635 1634)
4(551 1531 1636 586)
4(1530 1635 1636 1531)
4(585 586 1636 1635)
4(552 1532 1637 587)
4(1531 1636 1637 1532)
4(586 587 1637 1636)
4(553 1533 1638 588)
4(1532 1637 1638 1533)
4(587 588 1638 1637)
4(554 1534 1639 589)
4(1533 1638 1639 1534)
4(588 589 1639 1638)
4(555 1535 1640 590)
4(1534 1639 1640 1535)
4(589 590 1640 1639)
4(556 1536 1641 591)
4(1535 1640 1641 1536)
4(590 591 1641 1640)
4(557 1537 1642 592)
4(1536 1641 1642 1537)
4(591 592 1642 1641)
4(558 1538 1643 593)
4(1537 1642 1643 1538)
4(592 593 1643 1642)
4(559 1539 1644 594)
4(1538 1643 1644 1539)
4(593 594 1644 1643)
4(1539 1644 49 46)
4(594 19 49 1644)
4(1505 1540 1645 1610)
4(46 49 50 47)
4(47 50 1645 1540)
4(49 1610 1645 50)
4(1506 1541 1646 1611)
4(1540 1645 1646 1541)
4(1610 1611 1646 1645)
4(1507 1542 1647 1612)
4(1541 1646 1647 1542)
4(1611 1612 1647 1646)
4(1508 1543 1648 1613)
4(1542 1647 1648 1543)
4(1612 1613 1648 1647)
4(1509 1544 1649 1614)
4(1543 1648 1649 1544)
4(1613 1614 1649 1648)
4(1510 1545 1650 1615)
4(1544 1649 1650 1545)
4(1614 1615 1650 1649)
4(1511 1546 1651 1616)
4(1545 1650 1651 1546)
4(1615 1616 1651 1650)
4(1512 1547 1652 1617)
4(1546 1651 1652 1547)
4(1616 1617 1652 1651)
4(1513 1548 1653 1618)
4(1547 1652 1653 1548)
4(1617 1618 1653 1652)
4(1514 1549 1654 1619)
4(1548 1653 1654 1549)
4(1618 1619 1654 1653)
4(1515 1550 1655 1620)
4(1549 1654 1655 1550)
4(1619 1620 1655 1654)
4(1516 1551 1656 1621)
4(1550 1655 1656 1551)
4(1620 1621 1656 1655)
4(1517 1552 1657 1622)
4(1551 1656 1657 1552)
4(1621 1622 1657 1656)
4(1518 1553 1658 1623)
4(1552 1657 1658 1553)
4(1622 1623 1658 1657)
4(1519 1554 1659 1624)
4(1553 1658 1659 1554)
4(1623 1624 1659 1658)
4(1520 1555 1660 1625)
4(1554 1659 1660 1555)
4(1624 1625 1660 1659)
4(1521 1556 1661 1626)
4(1555 1660 1661 1556)
4(1625 1626 1661 1660)
4(1522 1557 1662 1627)
4(1556 1661 1662 1557)
4(1626 1627 1662 1661)
4(1523 1558 1663 1628)
4(1557 1662 1663 1558)
4(1627 1628 1663 1662)
4(1524 1559 1664 1629)
4(1558 1663 1664 1559)
4(1628 1629 1664 1663)
4(1525 1560 1665 1630)
4(1559 1664 1665 1560)
4(1629 1630 1665 1664)
4(1526 1561 1666 1631)
4(1560 1665 1666 1561)
4(1630 1631 1666 1665)
4(1527 1562 1667 1632)
4(1561 1666 1667 1562)
4(1631 1632 1667 1666)
4(1528 1563 1668 1633)
4(1562 1667 1668 1563)
4(1632 1633 1668 1667)
4(1529 1564 1669 1634)
4(1563 1668 1669 1564)
4(1633 1634 1669 1668)
4(1530 1565 1670 1635)
4(1564 1669 1670 1565)
4(1634 1635 1670 1669)
4(1531 1566 1671 1636)
4(1565 1670 1671 1566)
4(1635 1636 1671 1670)
4(1532 1567 1672 1637)
4(1566 1671 1672 1567)
4(1636 1637 1672 1671)
4(1533 1568 1673 1638)
4(1567 1672 1673 1568)
4(1637 1638 1673 1672)
4(1534 1569 1674 1639)
4(1568 1673 1674 1569)
4(1638 1639 1674 1673)
4(1535 1570 1675 1640)
4(1569 1674 1675 1570)
4(1639 1640 1675 1674)
4(1536 1571 1676 1641)
4(1570 1675 1676 1571)
4(1640 1641 1676 1675)
4(1537 1572 1677 1642)
4(1571 1676 1677 1572)
4(1641 1642 1677 1676)
4(1538 1573 1678 1643)
4(1572 1677 1678 1573)
4(1642 1643 1678 1677)
4(1539 1574 1679 1644)
4(1573 1678 1679 1574)
4(1643 1644 1679 1678)
4(1574 1679 50 47)
4(1644 49 50 1679)
4(1540 1575 1680 1645)
4(47 50 51 48)
4(48 51 1680 1575)
4(50 1645 1680 51)
4(1541 1576 1681 1646)
4(1575 1680 1681 1576)
4(1645 1646 1681 1680)
4(1542 1577 1682 1647)
4(1576 1681 1682 1577)
4(1646 1647 1682 1681)
4(1543 1578 1683 1648)
4(1577 1682 1683 1578)
4(1647 1648 1683 1682)
4(1544 1579 1684 1649)
4(1578 1683 1684 1579)
4(1648 1649 1684 1683)
4(1545 1580 1685 1650)
4(1579 1684 1685 1580)
4(1649 1650 1685 1684)
4(1546 1581 1686 1651)
4(1580 1685 1686 1581)
4(1650 1651 1686 1685)
4(1547 1582 1687 1652)
4(1581 1686 1687 1582)
4(1651 1652 1687 1686)
4(1548 1583 1688 1653)
4(1582 1687 1688 1583)
4(1652 1653 1688 1687)
4(1549 1584 1689 1654)
4(1583 1688 1689 1584)
4(1653 1654 1689 1688)
4(1550 1585 1690 1655)
4(1584 1689 1690 1585)
4(1654 1655 1690 1689)
4(1551 1586 1691 1656)
4(1585 1690 1691 1586)
4(1655 1656 1691 1690)
4(1552 1587 1692 1657)
4(1586 1691 1692 1587)
4(1656 1657 1692 1691)
4(1553 1588 1693 1658)
4(1587 1692 1693 1588)
4(1657 1658 1693 1692)
4(1554 1589 1694 1659)
4(1588 1693 1694 1589)
4(1658 1659 1694 1693)
4(1555 1590 1695 1660)
4(1589 1694 1695 1590)
4(1659 1660 1695 1694)
4(1556 1591 1696 1661)
4(1590 1695 1696 1591)
4(1660 1661 1696 1695)
4(1557 1592 1697 1662)
4(1591 1696 1697 1592)
4(1661 1662 1697 1696)
4(1558 1593 1698 1663)
4(1592 1697 1698 1593)
4(1662 1663 1698 1697)
4(1559 1594 1699 1664)
4(1593 1698 1699 1594)
4(1663 1664 1699 1698)
4(1560 1595 1700 1665)
4(1594 1699 1700 1595)
4(1664 1665 1700 1699)
4(1561 1596 1701 1666)
4(1595 1700 1701 1596)
4(1665 1666 1701 1700)
4(1562 1597 1702 1667)
4(1596 1701 1702 1597)
4(1666 1667 1702 1701)
4(1563 1598 1703 1668)
4(1597 1702 1703 1598)
4(1667 1668 1703 1702)
4(1564 1599 1704 1669)
4(1598 1703 1704 1599)
4(1668 1669 1704 1703)
4(1565 1600 1705 1670)
4(1599 1704 1705 1600)
4(1669 1670 1705 1704)
4(1566 1601 1706 1671)
4(1600 1705 1706 1601)
4(1670 1671 1706 1705)
4(1567 1602 1707 1672)
4(1601 1706 1707 1602)
4(1671 1672 1707 1706)
4(1568 1603 1708 1673)
4(1602 1707 1708 1603)
4(1672 1673 1708 1707)
4(1569 1604 1709 1674)
4(1603 1708 1709 1604)
4(1673 1674 1709 1708)
4(1570 1605 1710 1675)
4(1604 1709 1710 1605)
4(1674 1675 1710 1709)
4(1571 1606 1711 1676)
4(1605 1710 1711 1606)
4(1675 1676 1711 1710)
4(1572 1607 1712 1677)
4(1606 1711 1712 1607)
4(1676 1677 1712 1711)
4(1573 1608 1713 1678)
4(1607 1712 1713 1608)
4(1677 1678 1713 1712)
4(1574 1609 1714 1679)
4(1608 1713 1714 1609)
4(1678 1679 1714 1713)
4(1609 1714 51 48)
4(1679 50 51 1714)
4(1575 910 945 1680)
4(48 51 30 29)
4(51 1680 945 30)
4(1576 911 946 1681)
4(1680 1681 946 945)
4(1577 912 947 1682)
4(1681 1682 947 946)
4(1578 913 948 1683)
4(1682 1683 948 947)
4(1579 914 949 1684)
4(1683 1684 949 948)
4(1580 915 950 1685)
4(1684 1685 950 949)
4(1581 916 951 1686)
4(1685 1686 951 950)
4(1582 917 952 1687)
4(1686 1687 952 951)
4(1583 918 953 1688)
4(1687 1688 953 952)
4(1584 919 954 1689)
4(1688 1689 954 953)
4(1585 920 955 1690)
4(1689 1690 955 954)
4(1586 921 956 1691)
4(1690 1691 956 955)
4(1587 922 957 1692)
4(1691 1692 957 956)
4(1588 923 958 1693)
4(1692 1693 958 957)
4(1589 924 959 1694)
4(1693 1694 959 958)
4(1590 925 960 1695)
4(1694 1695 960 959)
4(1591 926 961 1696)
4(1695 1696 961 960)
4(1592 927 962 1697)
4(1696 1697 962 961)
4(1593 928 963 1698)
4(1697 1698 963 962)
4(1594 929 964 1699)
4(1698 1699 964 963)
4(1595 930 965 1700)
4(1699 1700 965 964)
4(1596 931 966 1701)
4(1700 1701 966 965)
4(1597 932 967 1702)
4(1701 1702 967 966)
4(1598 933 968 1703)
4(1702 1703 968 967)
4(1599 934 969 1704)
4(1703 1704 969 968)
4(1600 935 970 1705)
4(1704 1705 970 969)
4(1601 936 971 1706)
4(1705 1706 971 970)
4(1602 937 972 1707)
4(1706 1707 972 971)
4(1603 938 973 1708)
4(1707 1708 973 972)
4(1604 939 974 1709)
4(1708 1709 974 973)
4(1605 940 975 1710)
4(1709 1710 975 974)
4(1606 941 976 1711)
4(1710 1711 976 975)
4(1607 942 977 1712)
4(1711 1712 977 976)
4(1608 943 978 1713)
4(1712 1713 978 977)
4(1609 944 979 1714)
4(1713 1714 979 978)
4(1714 51 30 979)
4(560 1610 1715 595)
4(19 20 52 49)
4(49 52 1715 1610)
4(20 595 1715 52)
4(561 1611 1716 596)
4(1610 1715 1716 1611)
4(595 596 1716 1715)
4(562 1612 1717 597)
4(1611 1716 1717 1612)
4(596 597 1717 1716)
4(563 1613 1718 598)
4(1612 1717 1718 1613)
4(597 598 1718 1717)
4(564 1614 1719 599)
4(1613 1718 1719 1614)
4(598 599 1719 1718)
4(565 1615 1720 600)
4(1614 1719 1720 1615)
4(599 600 1720 1719)
4(566 1616 1721 601)
4(1615 1720 1721 1616)
4(600 601 1721 1720)
4(567 1617 1722 602)
4(1616 1721 1722 1617)
4(601 602 1722 1721)
4(568 1618 1723 603)
4(1617 1722 1723 1618)
4(602 603 1723 1722)
4(569 1619 1724 604)
4(1618 1723 1724 1619)
4(603 604 1724 1723)
4(570 1620 1725 605)
4(1619 1724 1725 1620)
4(604 605 1725 1724)
4(571 1621 1726 606)
4(1620 1725 1726 1621)
4(605 606 1726 1725)
4(572 1622 1727 607)
4(1621 1726 1727 1622)
4(606 607 1727 1726)
4(573 1623 1728 608)
4(1622 1727 1728 1623)
4(607 608 1728 1727)
4(574 1624 1729 609)
4(1623 1728 1729 1624)
4(608 609 1729 1728)
4(575 1625 1730 610)
4(1624 1729 1730 1625)
4(609 610 1730 1729)
4(576 1626 1731 611)
4(1625 1730 1731 1626)
4(610 611 1731 1730)
4(577 1627 1732 612)
4(1626 1731 1732 1627)
4(611 612 1732 1731)
4(578 1628 1733 613)
4(1627 1732 1733 1628)
4(612 613 1733 1732)
4(579 1629 1734 614)
4(1628 1733 1734 1629)
4(613 614 1734 1733)
4(580 1630 1735 615)
4(1629 1734 1735 1630)
4(614 615 1735 1734)
4(581 1631 1736 616)
4(1630 1735 1736 1631)
4(615 616 1736 1735)
4(582 1632 1737 617)
4(1631 1736 1737 1632)
4(616 617 1737 1736)
4(583 1633 1738 618)
4(1632 1737 1738 1633)
4(617 618 1738 1737)
4(584 1634 1739 619)
4(1633 1738 1739 1634)
4(618 619 1739 1738)
4(585 1635 1740 620)
4(1634 1739 1740 1635)
4(619 620 1740 1739)
4(586 1636 1741 621)
4(1635 1740 1741 1636)
4(620 621 1741 1740)
4(587 1637 1742 622)
4(1636 1741 1742 1637)
4(621 622 1742 1741)
4(588 1638 1743 623)
4(1637 1742 1743 1638)
4(622 623 1743 1742)
4(589 1639 1744 624)
4(1638 1743 1744 1639)
4(623 624 1744 1743)
4(590 1640 1745 625)
4(1639 1744 1745 1640)
4(624 625 1745 1744)
4(591 1641 1746 626)
4(1640 1745 1746 1641)
4(625 626 1746 1745)
4(592 1642 1747 627)
4(1641 1746 1747 1642)
4(626 627 1747 1746)
4(593 1643 1748 628)
4(1642 1747 1748 1643)
4(627 628 1748 1747)
4(594 1644 1749 629)
4(1643 1748 1749 1644)
4(628 629 1749 1748)
4(1644 1749 52 49)
4(629 20 52 1749)
4(1610 1645 1750 1715)
4(49 52 53 50)
4(50 53 1750 1645)
4(52 1715 1750 53)
4(1611 1646 1751 1716)
4(1645 1750 1751 1646)
4(1715 1716 1751 1750)
4(1612 1647 1752 1717)
4(1646 1751 1752 1647)
4(1716 1717 1752 1751)
4(1613 1648 1753 1718)
4(1647 1752 1753 1648)
4(1717 1718 1753 1752)
4(1614 1649 1754 1719)
4(1648 1753 1754 1649)
4(1718 1719 1754 1753)
4(1615 1650 1755 1720)
4(1649 1754 1755 1650)
4(1719 1720 1755 1754)
4(1616 1651 1756 1721)
4(1650 1755 1756 1651)
4(1720 1721 1756 1755)
4(1617 1652 1757 1722)
4(1651 1756 1757 1652)
4(1721 1722 1757 1756)
4(1618 1653 1758 1723)
4(1652 1757 1758 1653)
4(1722 1723 1758 1757)
4(1619 1654 1759 1724)
4(1653 1758 1759 1654)
4(1723 1724 1759 1758)
4(1620 1655 1760 1725)
4(1654 1759 1760 1655)
4(1724 1725 1760 1759)
4(1621 1656 1761 1726)
4(1655 1760 1761 1656)
4(1725 1726 1761 1760)
4(1622 1657 1762 1727)
4(1656 1761 1762 1657)
4(1726 1727 1762 1761)
4(1623 1658 1763 1728)
4(1657 1762 1763 1658)
4(1727 1728 1763 1762)
4(1624 1659 1764 1729)
4(1658 1763 1764 1659)
4(1728 1729 1764 1763)
4(1625 1660 1765 1730)
4(1659 1764 1765 1660)
4(1729 1730 1765 1764)
4(1626 1661 1766 1731)
4(1660 1765 1766 1661)
4(1730 1731 1766 1765)
4(1627 1662 1767 1732)
4(1661 1766 1767 1662)
4(1731 1732 1767 1766)
4(1628 1663 1768 1733)
4(1662 1767 1768 1663)
4(1732 1733 1768 1767)
4(1629 1664 1769 1734)
4(1663 1768 1769 1664)
4(1733 1734 1769 1768)
4(1630 1665 1770 1735)
4(1664 1769 1770 1665)
4(1734 1735 1770 1769)
4(1631 1666 1771 1736)
4(1665 1770 1771 1666)
4(1735 1736 1771 1770)
4(1632 1667 1772 1737)
4(1666 1771 1772 1667)
4(1736 1737 1772 1771)
4(1633 1668 1773 1738)
4(1667 1772 1773 1668)
4(1737 1738 1773 1772)
4(1634 1669 1774 1739)
4(1668 1773 1774 1669)
4(1738 1739 1774 1773)
4(1635 1670 1775 1740)
4(1669 1774 1775 1670)
4(1739 1740 1775 1774)
4(1636 1671 1776 1741)
4(1670 1775 1776 1671)
4(1740 1741 1776 1775)
4(1637 1672 1777 1742)
4(1671 1776 1777 1672)
4(1741 1742 1777 1776)
4(1638 1673 1778 1743)
4(1672 1777 1778 1673)
4(1742 1743 1778 1777)
4(1639 1674 1779 1744)
4(1673 1778 1779 1674)
4(1743 1744 1779 1778)
4(1640 1675 1780 1745)
4(1674 1779 1780 1675)
4(1744 1745 1780 1779)
4(1641 1676 1781 1746)
4(1675 1780 1781 1676)
4(1745 1746 1781 1780)
4(1642 1677 1782 1747)
4(1676 1781 1782 1677)
4(1746 1747 1782 1781)
4(1643 1678 1783 1748)
4(1677 1782 1783 1678)
4(1747 1748 1783 1782)
4(1644 1679 1784 1749)
4(1678 1783 1784 1679)
4(1748 1749 1784 1783)
4(1679 1784 53 50)
4(1749 52 53 1784)
4(1645 1680 1785 1750)
4(50 53 54 51)
4(51 54 1785 1680)
4(53 1750 1785 54)
4(1646 1681 1786 1751)
4(1680 1785 1786 1681)
4(1750 1751 1786 1785)
4(1647 1682 1787 1752)
4(1681 1786 1787 1682)
4(1751 1752 1787 1786)
4(1648 1683 1788 1753)
4(1682 1787 1788 1683)
4(1752 1753 1788 1787)
4(1649 1684 1789 1754)
4(1683 1788 1789 1684)
4(1753 1754 1789 1788)
4(1650 1685 1790 1755)
4(1684 1789 1790 1685)
4(1754 1755 1790 1789)
4(1651 1686 1791 1756)
4(1685 1790 1791 1686)
4(1755 1756 1791 1790)
4(1652 1687 1792 1757)
4(1686 1791 1792 1687)
4(1756 1757 1792 1791)
4(1653 1688 1793 1758)
4(1687 1792 1793 1688)
4(1757 1758 1793 1792)
4(1654 1689 1794 1759)
4(1688 1793 1794 1689)
4(1758 1759 1794 1793)
4(1655 1690 1795 1760)
4(1689 1794 1795 1690)
4(1759 1760 1795 1794)
4(1656 1691 1796 1761)
4(1690 1795 1796 1691)
4(1760 1761 1796 1795)
4(1657 1692 1797 1762)
4(1691 1796 1797 1692)
4(1761 1762 1797 1796)
4(1658 1693 1798 1763)
4(1692 1797 1798 1693)
4(1762 1763 1798 1797)
4(1659 1694 1799 1764)
4(1693 1798 1799 1694)
4(1763 1764 1799 1798)
4(1660 1695 1800 1765)
4(1694 1799 1800 1695)
4(1764 1765 1800 1799)
4(1661 1696 1801 1766)
4(1695 1800 1801 1696)
4(1765 1766 1801 1800)
4(1662 1697 1802 1767)
4(1696 1801 1802 1697)
4(1766 1767 1802 1801)
4(1663 1698 1803 1768)
4(1697 1802 1803 1698)
4(1767 1768 1803 1802)
4(1664 1699 1804 1769)
4(1698 1803 1804 1699)
4(1768 1769 1804 1803)
4(1665 1700 1805 1770)
4(1699 1804 1805 1700)
4(1769 1770 1805 1804)
4(1666 1701 1806 1771)
4(1700 1805 1806 1701)
4(1770 1771 1806 1805)
4(1667 1702 1807 1772)
4(1701 1806 1807 1702)
4(1771 1772 1807 1806)
4(1668 1703 1808 1773)
4(1702 1807 1808 1703)
4(1772 1773 1808 1807)
4(1669 1704 1809 1774)
4(1703 1808 1809 1704)
4(1773 1774 1809 1808)
4(1670 1705 1810 1775)
4(1704 1809 1810 1705)
4(1774 1775 1810 1809)
4(1671 1706 1811 1776)
4(1705 1810 1811 1706)
4(1775 1776 1811 1810)
4(1672 1707 1812 1777)
4(1706 1811 1812 1707)
4(1776 1777 1812 1811)
4(1673 1708 1813 1778)
4(1707 1812 1813 1708)
4(1777 1778 1813 1812)
4(1674 1709 1814 1779)
4(1708 1813 1814 1709)
4(1778 1779 1814 1813)
4(1675 1710 1815 1780)
4(1709 1814 1815 1710)
4(1779 1780 1815 1814)
4(1676 1711 1816 1781)
4(1710 1815 1816 1711)
4(1780 1781 1816 1815)
4(1677 1712 1817 1782)
4(1711 1816 1817 1712)
4(1781 1782 1817 1816)
4(1678 1713 1818 1783)
4(1712 1817 1818 1713)
4(1782 1783 1818 1817)
4(1679 1714 1819 1784)
4(1713 1818 1819 1714)
4(1783 1784 1819 1818)
4(1714 1819 54 51)
4(1784 53 54 1819)
4(1680 945 980 1785)
4(51 54 31 30)
4(54 1785 980 31)
4(1681 946 981 1786)
4(1785 1786 981 980)
4(1682 947 982 1787)
4(1786 1787 982 981)
4(1683 948 983 1788)
4(1787 1788 983 982)
4(1684 949 984 1789)
4(1788 1789 984 983)
4(1685 950 985 1790)
4(1789 1790 985 984)
4(1686 951 986 1791)
4(1790 1791 986 985)
4(1687 952 987 1792)
4(1791 1792 987 986)
4(1688 953 988 1793)
4(1792 1793 988 987)
4(1689 954 989 1794)
4(1793 1794 989 988)
4(1690 955 990 1795)
4(1794 1795 990 989)
4(1691 956 991 1796)
4(1795 1796 991 990)
4(1692 957 992 1797)
4(1796 1797 992 991)
4(1693 958 993 1798)
4(1797 1798 993 992)
4(1694 959 994 1799)
4(1798 1799 994 993)
4(1695 960 995 1800)
4(1799 1800 995 994)
4(1696 961 996 1801)
4(1800 1801 996 995)
4(1697 962 997 1802)
4(1801 1802 997 996)
4(1698 963 998 1803)
4(1802 1803 998 997)
4(1699 964 999 1804)
4(1803 1804 999 998)
4(1700 965 1000 1805)
4(1804 1805 1000 999)
4(1701 966 1001 1806)
4(1805 1806 1001 1000)
4(1702 967 1002 1807)
4(1806 1807 1002 1001)
4(1703 968 1003 1808)
4(1807 1808 1003 1002)
4(1704 969 1004 1809)
4(1808 1809 1004 1003)
4(1705 970 1005 1810)
4(1809 1810 1005 1004)
4(1706 971 1006 1811)
4(1810 1811 1006 1005)
4(1707 972 1007 1812)
4(1811 1812 1007 1006)
4(1708 973 1008 1813)
4(1812 1813 1008 1007)
4(1709 974 1009 1814)
4(1813 1814 1009 1008)
4(1710 975 1010 1815)
4(1814 1815 1010 1009)
4(1711 976 1011 1816)
4(1815 1816 1011 1010)
4(1712 977 1012 1817)
4(1816 1817 1012 1011)
4(1713 978 1013 1818)
4(1817 1818 1013 1012)
4(1714 979 1014 1819)
4(1818 1819 1014 1013)
4(1819 54 31 1014)
4(595 1715 1820 630)
4(20 21 55 52)
4(52 55 1820 1715)
4(21 630 1820 55)
4(596 1716 1821 631)
4(1715 1820 1821 1716)
4(630 631 1821 1820)
4(597 1717 1822 632)
4(1716 1821 1822 1717)
4(631 632 1822 1821)
4(598 1718 1823 633)
4(1717 1822 1823 1718)
4(632 633 1823 1822)
4(599 1719 1824 634)
4(1718 1823 1824 1719)
4(633 634 1824 1823)
4(600 1720 1825 635)
4(1719 1824 1825 1720)
4(634 635 1825 1824)
4(601 1721 1826 636)
4(1720 1825 1826 1721)
4(635 636 1826 1825)
4(602 1722 1827 637)
4(1721 1826 1827 1722)
4(636 637 1827 1826)
4(603 1723 1828 638)
4(1722 1827 1828 1723)
4(637 638 1828 1827)
4(604 1724 1829 639)
4(1723 1828 1829 1724)
4(638 639 1829 1828)
4(605 1725 1830 640)
4(1724 1829 1830 1725)
4(639 640 1830 1829)
4(606 1726 1831 641)
4(1725 1830 1831 1726)
4(640 641 1831 1830)
4(607 1727 1832 642)
4(1726 1831 1832 1727)
4(641 642 1832 1831)
4(608 1728 1833 643)
4(1727 1832 1833 1728)
4(642 643 1833 1832)
4(609 1729 1834 644)
4(1728 1833 1834 1729)
4(643 644 1834 1833)
4(610 1730 1835 645)
4(1729 1834 1835 1730)
4(644 645 1835 1834)
4(611 1731 1836 646)
4(1730 1835 1836 1731)
4(645 646 1836 1835)
4(612 1732 1837 647)
4(1731 1836 1837 1732)
4(646 647 1837 1836)
4(613 1733 1838 648)
4(1732 1837 1838 1733)
4(647 648 1838 1837)
4(614 1734 1839 649)
4(1733 1838 1839 1734)
4(648 649 1839 1838)
4(615 1735 1840 650)
4(1734 1839 1840 1735)
4(649 650 1840 1839)
4(616 1736 1841 651)
4(1735 1840 1841 1736)
4(650 651 1841 1840)
4(617 1737 1842 652)
4(1736 1841 1842 1737)
4(651 652 1842 1841)
4(618 1738 1843 653)
4(1737 1842 1843 1738)
4(652 653 1843 1842)
4(619 1739 1844 654)
4(1738 1843 1844 1739)
4(653 654 1844 1843)
4(620 1740 1845 655)
4(1739 1844 1845 1740)
4(654 655 1845 1844)
4(621 1741 1846 656)
4(1740 1845 1846 1741)
4(655 656 1846 1845)
4(622 1742 1847 657)
4(1741 1846 1847 1742)
4(656 657 1847 1846)
4(623 1743 1848 658)
4(1742 1847 1848 1743)
4(657 658 1848 1847)
4(624 1744 1849 659)
4(1743 1848 1849 1744)
4(658 659 1849 1848)
4(625 1745 1850 660)
4(1744 1849 1850 1745)
4(659 660 1850 1849)
4(626 1746 1851 661)
4(1745 1850 1851 1746)
4(660 661 1851 1850)
4(627 1747 1852 662)
4(1746 1851 1852 1747)
4(661 662 1852 1851)
4(628 1748 1853 663)
4(1747 1852 1853 1748)
4(662 663 1853 1852)
4(629 1749 1854 664)
4(1748 1853 1854 1749)
4(663 664 1854 1853)
4(1749 1854 55 52)
4(664 21 55 1854)
4(1715 1750 1855 1820)
4(52 55 56 53)
4(53 56 1855 1750)
4(55 1820 1855 56)
4(1716 1751 1856 1821)
4(1750 1855 1856 1751)
4(1820 1821 1856 1855)
4(1717 1752 1857 1822)
4(1751 1856 1857 1752)
4(1821 1822 1857 1856)
4(1718 1753 1858 1823)
4(1752 1857 1858 1753)
4(1822 1823 1858 1857)
4(1719 1754 1859 1824)
4(1753 1858 1859 1754)
4(1823 1824 1859 1858)
4(1720 1755 1860 1825)
4(1754 1859 1860 1755)
4(1824 1825 1860 1859)
4(1721 1756 1861 1826)
4(1755 1860 1861 1756)
4(1825 1826 1861 1860)
4(1722 1757 1862 1827)
4(1756 1861 1862 1757)
4(1826 1827 1862 1861)
4(1723 1758 1863 1828)
4(1757 1862 1863 1758)
4(1827 1828 1863 1862)
4(1724 1759 1864 1829)
4(1758 1863 1864 1759)
4(1828 1829 1864 1863)
4(1725 1760 1865 1830)
4(1759 1864 1865 1760)
4(1829 1830 1865 1864)
4(1726 1761 1866 1831)
4(1760 1865 1866 1761)
4(1830 1831 1866 1865)
4(1727 1762 1867 1832)
4(1761 1866 1867 1762)
4(1831 1832 1867 1866)
4(1728 1763 1868 1833)
4(1762 1867 1868 1763)
4(1832 1833 1868 1867)
4(1729 1764 1869 1834)
4(1763 1868 1869 1764)
4(1833 1834 1869 1868)
4(1730 1765 1870 1835)
4(1764 1869 1870 1765)
4(1834 1835 1870 1869)
4(1731 1766 1871 1836)
4(1765 1870 1871 1766)
4(1835 1836 1871 1870)
4(1732 1767 1872 1837)
4(1766 1871 1872 1767)
4(1836 1837 1872 1871)
4(1733 1768 1873 1838)
4(1767 1872 1873 1768)
4(1837 1838 1873 1872)
4(1734 1769 1874 1839)
4(1768 1873 1874 1769)
4(1838 1839 1874 1873)
4(1735 1770 1875 1840)
4(1769 1874 1875 1770)
4(1839 1840 1875 1874)
4(1736 1771 1876 1841)
4(1770 1875 1876 1771)
4(1840 1841 1876 1875)
4(1737 1772 1877 1842)
4(1771 1876 1877 1772)
4(1841 1842 1877 1876)
4(1738 1773 1878 1843)
4(1772 1877 1878 1773)
4(1842 1843 1878 1877)
4(1739 1774 1879 1844)
4(1773 1878 1879 1774)
4(1843 1844 1879 1878)
4(1740 1775 1880 1845)
4(1774 1879 1880 1775)
4(1844 1845 1880 1879)
4(1741 1776 1881 1846)
4(1775 1880 1881 1776)
4(1845 1846 1881 1880)
4(1742 1777 1882 1847)
4(1776 1881 1882 1777)
4(1846 1847 1882 1881)
4(1743 1778 1883 1848)
4(1777 1882 1883 1778)
4(1847 1848 1883 1882)
4(1744 1779 1884 1849)
4(1778 1883 1884 1779)
4(1848 1849 1884 1883)
4(1745 1780 1885 1850)
4(1779 1884 1885 1780)
4(1849 1850 1885 1884)
4(1746 1781 1886 1851)
4(1780 1885 1886 1781)
4(1850 1851 1886 1885)
4(1747 1782 1887 1852)
4(1781 1886 1887 1782)
4(1851 1852 1887 1886)
4(1748 1783 1888 1853)
4(1782 1887 1888 1783)
4(1852 1853 1888 1887)
4(1749 1784 1889 1854)
4(1783 1888 1889 1784)
4(1853 1854 1889 1888)
4(1784 1889 56 53)
4(1854 55 56 1889)
4(1750 1785 1890 1855)
4(53 56 57 54)
4(54 57 1890 1785)
4(56 1855 1890 57)
4(1751 1786 1891 1856)
4(1785 1890 1891 1786)
4(1855 1856 1891 1890)
4(1752 1787 1892 1857)
4(1786 1891 1892 1787)
4(1856 1857 1892 1891)
4(1753 1788 1893 1858)
4(1787 1892 1893 1788)
4(1857 1858 1893 1892)
4(1754 1789 1894 1859)
4(1788 1893 1894 1789)
4(1858 1859 1894 1893)
4(1755 1790 1895 1860)
4(1789 1894 1895 1790)
4(1859 1860 1895 1894)
4(1756 1791 1896 1861)
4(1790 1895 1896 1791)
4(1860 1861 1896 1895)
4(1757 1792 1897 1862)
4(1791 1896 1897 1792)
4(1861 1862 1897 1896)
4(1758 1793 1898 1863)
4(1792 1897 1898 1793)
4(1862 1863 1898 1897)
4(1759 1794 1899 1864)
4(1793 1898 1899 1794)
4(1863 1864 1899 1898)
4(1760 1795 1900 1865)
4(1794 1899 1900 1795)
4(1864 1865 1900 1899)
4(1761 1796 1901 1866)
4(1795 1900 1901 1796)
4(1865 1866 1901 1900)
4(1762 1797 1902 1867)
4(1796 1901 1902 1797)
4(1866 1867 1902 1901)
4(1763 1798 1903 1868)
4(1797 1902 1903 1798)
4(1867 1868 1903 1902)
4(1764 1799 1904 1869)
4(1798 1903 1904 1799)
4(1868 1869 1904 1903)
4(1765 1800 1905 1870)
4(1799 1904 1905 1800)
4(1869 1870 1905 1904)
4(1766 1801 1906 1871)
4(1800 1905 1906 1801)
4(1870 1871 1906 1905)
4(1767 1802 1907 1872)
4(1801 1906 1907 1802)
4(1871 1872 1907 1906)
4(1768 1803 1908 1873)
4(1802 1907 1908 1803)
4(1872 1873 1908 1907)
4(1769 1804 1909 1874)
4(1803 1908 1909 1804)
4(1873 1874 1909 1908)
4(1770 1805 1910 1875)
4(1804 1909 1910 1805)
4(1874 1875 1910 1909)
4(1771 1806 1911 1876)
4(1805 1910 1911 1806)
4(1875 1876 1911 1910)
4(1772 1807 1912 1877)
4(1806 1911 1912 1807)
4(1876 1877 1912 1911)
4(1773 1808 1913 1878)
4(1807 1912 1913 1808)
4(1877 1878 1913 1912)
4(1774 1809 1914 1879)
4(1808 1913 1914 1809)
4(1878 1879 1914 1913)
4(1775 1810 1915 1880)
4(1809 1914 1915 1810)
4(1879 1880 1915 1914)
4(1776 1811 1916 1881)
4(1810 1915 1916 1811)
4(1880 1881 1916 1915)
4(1777 1812 1917 1882)
4(1811 1916 1917 1812)
4(1881 1882 1917 1916)
4(1778 1813 1918 1883)
4(1812 1917 1918 1813)
4(1882 1883 1918 1917)
4(1779 1814 1919 1884)
4(1813 1918 1919 1814)
4(1883 1884 1919 1918)
4(1780 1815 1920 1885)
4(1814 1919 1920 1815)
4(1884 1885 1920 1919)
4(1781 1816 1921 1886)
4(1815 1920 1921 1816)
4(1885 1886 1921 1920)
4(1782 1817 1922 1887)
4(1816 1921 1922 1817)
4(1886 1887 1922 1921)
4(1783 1818 1923 1888)
4(1817 1922 1923 1818)
4(1887 1888 1923 1922)
4(1784 1819 1924 1889)
4(1818 1923 1924 1819)
4(1888 1889 1924 1923)
4(1819 1924 57 54)
4(1889 56 57 1924)
4(1785 980 1015 1890)
4(54 57 32 31)
4(57 1890 1015 32)
4(1786 981 1016 1891)
4(1890 1891 1016 1015)
4(1787 982 1017 1892)
4(1891 1892 1017 1016)
4(1788 983 1018 1893)
4(1892 1893 1018 1017)
4(1789 984 1019 1894)
4(1893 1894 1019 1018)
4(1790 985 1020 1895)
4(1894 1895 1020 1019)
4(1791 986 1021 1896)
4(1895 1896 1021 1020)
4(1792 987 1022 1897)
4(1896 1897 1022 1021)
4(1793 988 1023 1898)
4(1897 1898 1023 1022)
4(1794 989 1024 1899)
4(1898 1899 1024 1023)
4(1795 990 1025 1900)
4(1899 1900 1025 1024)
4(1796 991 1026 1901)
4(1900 1901 1026 1025)
4(1797 992 1027 1902)
4(1901 1902 1027 1026)
4(1798 993 1028 1903)
4(1902 1903 1028 1027)
4(1799 994 1029 1904)
4(1903 1904 1029 1028)
4(1800 995 1030 1905)
4(1904 1905 1030 1029)
4(1801 996 1031 1906)
4(1905 1906 1031 1030)
4(1802 997 1032 1907)
4(1906 1907 1032 1031)
4(1803 998 1033 1908)
4(1907 1908 1033 1032)
4(1804 999 1034 1909)
4(1908 1909 1034 1033)
4(1805 1000 1035 1910)
4(1909 1910 1035 1034)
4(1806 1001 1036 1911)
4(1910 1911 1036 1035)
4(1807 1002 1037 1912)
4(1911 1912 1037 1036)
4(1808 1003 1038 1913)
4(1912 1913 1038 1037)
4(1809 1004 1039 1914)
4(1913 1914 1039 1038)
4(1810 1005 1040 1915)
4(1914 1915 1040 1039)
4(1811 1006 1041 1916)
4(1915 1916 1041 1040)
4(1812 1007 1042 1917)
4(1916 1917 1042 1041)
4(1813 1008 1043 1918)
4(1917 1918 1043 1042)
4(1814 1009 1044 1919)
4(1918 1919 1044 1043)
4(1815 1010 1045 1920)
4(1919 1920 1045 1044)
4(1816 1011 1046 1921)
4(1920 1921 1046 1045)
4(1817 1012 1047 1922)
4(1921 1922 1047 1046)
4(1818 1013 1048 1923)
4(1922 1923 1048 1047)
4(1819 1014 1049 1924)
4(1923 1924 1049 1048)
4(1924 57 32 1049)
4(630 1820 1925 665)
4(21 22 58 55)
4(55 58 1925 1820)
4(22 665 1925 58)
4(631 1821 1926 666)
4(1820 1925 1926 1821)
4(665 666 1926 1925)
4(632 1822 1927 667)
4(1821 1926 1927 1822)
4(666 667 1927 1926)
4(633 1823 1928 668)
4(1822 1927 1928 1823)
4(667 668 1928 1927)
4(634 1824 1929 669)
4(1823 1928 1929 1824)
4(668 669 1929 1928)
4(635 1825 1930 670)
4(1824 1929 1930 1825)
4(669 670 1930 1929)
4(636 1826 1931 671)
4(1825 1930 1931 1826)
4(670 671 1931 1930)
4(637 1827 1932 672)
4(1826 1931 1932 1827)
4(671 672 1932 1931)
4(638 1828 1933 673)
4(1827 1932 1933 1828)
4(672 673 1933 1932)
4(639 1829 1934 674)
4(1828 1933 1934 1829)
4(673 674 1934 1933)
4(640 1830 1935 675)
4(1829 1934 1935 1830)
4(674 675 1935 1934)
4(641 1831 1936 676)
4(1830 1935 1936 1831)
4(675 676 1936 1935)
4(642 1832 1937 677)
4(1831 1936 1937 1832)
4(676 677 1937 1936)
4(643 1833 1938 678)
4(1832 1937 1938 1833)
4(677 678 1938 1937)
4(644 1834 1939 679)
4(1833 1938 1939 1834)
4(678 679 1939 1938)
4(645 1835 1940 680)
4(1834 1939 1940 1835)
4(679 680 1940 1939)
4(646 1836 1941 681)
4(1835 1940 1941 1836)
4(680 681 1941 1940)
4(647 1837 1942 682)
4(1836 1941 1942 1837)
4(681 682 1942 1941)
4(648 1838 1943 683)
4(1837 1942 1943 1838)
4(682 683 1943 1942)
4(649 1839 1944 684)
4(1838 1943 1944 1839)
4(683 684 1944 1943)
4(650 1840 1945 685)
4(1839 1944 1945 1840)
4(684 685 1945 1944)
4(651 1841 1946 686)
4(1840 1945 1946 1841)
4(685 686 1946 1945)
4(652 1842 1947 687)
4(1841 1946 1947 1842)
4(686 687 1947 1946)
4(653 1843 1948 688)
4(1842 1947 1948 1843)
4(687 688 1948 1947)
4(654 1844 1949 689)
4(1843 1948 1949 1844)
4(688 689 1949 1948)
4(655 1845 1950 690)
4(1844 1949 1950 1845)
4(689 690 1950 1949)
4(656 1846 1951 691)
4(1845 1950 1951 1846)
4(690 691 1951 1950)
4(657 1847 1952 692)
4(1846 1951 1952 1847)
4(691 692 1952 1951)
4(658 1848 1953 693)
4(1847 1952 1953 1848)
4(692 693 1953 1952)
4(659 1849 1954 694)
4(1848 1953 1954 1849)
4(693 694 1954 1953)
4(660 1850 1955 695)
4(1849 1954 1955 1850)
4(694 695 1955 1954)
4(661 1851 1956 696)
4(1850 1955 1956 1851)
4(695 696 1956 1955)
4(662 1852 1957 697)
4(1851 1956 1957 1852)
4(696 697 1957 1956)
4(663 1853 1958 698)
4(1852 1957 1958 1853)
4(697 698 1958 1957)
4(664 1854 1959 699)
4(1853 1958 1959 1854)
4(698 699 1959 1958)
4(1854 1959 58 55)
4(699 22 58 1959)
4(1820 1855 1960 1925)
4(55 58 59 56)
4(56 59 1960 1855)
4(58 1925 1960 59)
4(1821 1856 1961 1926)
4(1855 1960 1961 1856)
4(1925 1926 1961 1960)
4(1822 1857 1962 1927)
4(1856 1961 1962 1857)
4(1926 1927 1962 1961)
4(1823 1858 1963 1928)
4(1857 1962 1963 1858)
4(1927 1928 1963 1962)
4(1824 1859 1964 1929)
4(1858 1963 1964 1859)
4(1928 1929 1964 1963)
4(1825 1860 1965 1930)
4(1859 1964 1965 1860)
4(1929 1930 1965 1964)
4(1826 1861 1966 1931)
4(1860 1965 1966 1861)
4(1930 1931 1966 1965)
4(1827 1862 1967 1932)
4(1861 1966 1967 1862)
4(1931 1932 1967 1966)
4(1828 1863 1968 1933)
4(1862 1967 1968 1863)
4(1932 1933 1968 1967)
4(1829 1864 1969 1934)
4(1863 1968 1969 1864)
4(1933 1934 1969 1968)
4(1830 1865 1970 1935)
4(1864 1969 1970 1865)
4(1934 1935 1970 1969)
4(1831 1866 1971 1936)
4(1865 1970 1971 1866)
4(1935 1936 1971 1970)
4(1832 1867 1972 1937)
4(1866 1971 1972 1867)
4(1936 1937 1972 1971)
4(1833 1868 1973 1938)
4(1867 1972 1973 1868)
4(1937 1938 1973 1972)
4(1834 1869 1974 1939)
4(1868 1973 1974 1869)
4(1938 1939 1974 1973)
4(1835 1870 1975 1940)
4(1869 1974 1975 1870)
4(1939 1940 1975 1974)
4(1836 1871 1976 1941)
4(1870 1975 1976 1871)
4(1940 1941 1976 1975)
4(1837 1872 1977 1942)
4(1871 1976 1977 1872)
4(1941 1942 1977 1976)
4(1838 1873 1978 1943)
4(1872 1977 1978 1873)
4(1942 1943 1978 1977)
4(1839 1874 1979 1944)
4(1873 1978 1979 1874)
4(1943 1944 1979 1978)
4(1840 1875 1980 1945)
4(1874 1979 1980 1875)
4(1944 1945 1980 1979)
4(1841 1876 1981 1946)
4(1875 1980 1981 1876)
4(1945 1946 1981 1980)
4(1842 1877 1982 1947)
4(1876 1981 1982 1877)
4(1946 1947 1982 1981)
4(1843 1878 1983 1948)
4(1877 1982 1983 1878)
4(1947 1948 1983 1982)
4(1844 1879 1984 1949)
4(1878 1983 1984 1879)
4(1948 1949 1984 1983)
4(1845 1880 1985 1950)
4(1879 1984 1985 1880)
4(1949 1950 1985 1984)
4(1846 1881 1986 1951)
4(1880 1985 1986 1881)
4(1950 1951 1986 1985)
4(1847 1882 1987 1952)
4(1881 1986 1987 1882)
4(1951 1952 1987 1986)
4(1848 1883 1988 1953)
4(1882 1987 1988 1883)
4(1952 1953 1988 1987)
4(1849 1884 1989 1954)
4(1883 1988 1989 1884)
4(1953 1954 1989 1988)
4(1850 1885 1990 1955)
4(1884 1989 1990 1885)
4(1954 1955 1990 1989)
4(1851 1886 1991 1956)
4(1885 1990 1991 1886)
4(1955 1956 1991 1990)
4(1852 1887 1992 1957)
4(1886 1991 1992 1887)
4(1956 1957 1992 1991)
4(1853 1888 1993 1958)
4(1887 1992 1993 1888)
4(1957 1958 1993 1992)
4(1854 1889 1994 1959)
4(1888 1993 1994 1889)
4(1958 1959 1994 1993)
4(1889 1994 59 56)
4(1959 58 59 1994)
4(1855 1890 1995 1960)
4(56 59 60 57)
4(57 60 1995 1890)
4(59 1960 1995 60)
4(1856 1891 1996 1961)
4(1890 1995 1996 1891)
4(1960 1961 1996 1995)
4(1857 1892 1997 1962)
4(1891 1996 1997 1892)
4(1961 1962 1997 1996)
4(1858 1893 1998 1963)
4(1892 1997 1998 1893)
4(1962 1963 1998 1997)
4(1859 1894 1999 1964)
4(1893 1998 1999 1894)
4(1963 1964 1999 1998)
4(1860 1895 2000 1965)
4(1894 1999 2000 1895)
4(1964 1965 2000 1999)
4(1861 1896 2001 1966)
4(1895 2000 2001 1896)
4(1965 1966 2001 2000)
4(1862 1897 2002 1967)
4(1896 2001 2002 1897)
4(1966 1967 2002 2001)
4(1863 1898 2003 1968)
4(1897 2002 2003 1898)
4(1967 1968 2003 2002)
4(1864 1899 2004 1969)
4(1898 2003 2004 1899)
4(1968 1969 2004 2003)
4(1865 1900 2005 1970)
4(1899 2004 2005 1900)
4(1969 1970 2005 2004)
4(1866 1901 2006 1971)
4(1900 2005 2006 1901)
4(1970 1971 2006 2005)
4(1867 1902 2007 1972)
4(1901 2006 2007 1902)
4(1971 1972 2007 2006)
4(1868 1903 2008 1973)
4(1902 2007 2008 1903)
4(1972 1973 2008 2007)
4(1869 1904 2009 1974)
4(1903 2008 2009 1904)
4(1973 1974 2009 2008)
4(1870 1905 2010 1975)
4(1904 2009 2010 1905)
4(1974 1975 2010 2009)
4(1871 1906 2011 1976)
4(1905 2010 2011 1906)
4(1975 1976 2011 2010)
4(1872 1907 2012 1977)
4(1906 2011 2012 1907)
4(1976 1977 2012 2011)
4(1873 1908 2013 1978)
4(1907 2012 2013 1908)
4(1977 1978 2013 2012)
4(1874 1909 2014 1979)
4(1908 2013 2014 1909)
4(1978 1979 2014 2013)
4(1875 1910 2015 1980)
4(1909 2014 2015 1910)
4(1979 1980 2015 2014)
4(1876 1911 2016 1981)
4(1910 2015 2016 1911)
4(1980 1981 2016 2015)
4(1877 1912 2017 1982)
4(1911 2016 2017 1912)
4(1981 1982 2017 2016)
4(1878 1913 2018 1983)
4(1912 2017 2018 1913)
4(1982 1983 2018 2017)
4(1879 1914 2019 1984)
4(1913 2018 2019 1914)
4(1983 1984 2019 2018)
4(1880 1915 2020 1985)
4(1914 2019 2020 1915)
4(1984 1985 2020 2019)
4(1881 1916 2021 1986)
4(1915 2020 2021 1916)
4(1985 1986 2021 2020)
4(1882 1917 2022 1987)
4(1916 2021 2022 1917)
4(1986 1987 2022 2021)
4(1883 1918 2023 1988)
4(1917 2022 2023 1918)
4(1987 1988 2023 2022)
4(1884 1919 2024 1989)
4(1918 2023 2024 1919)
4(1988 1989 2024 2023)
4(1885 1920 2025 1990)
4(1919 2024 2025 1920)
4(1989 1990 2025 2024)
4(1886 1921 2026 1991)
4(1920 2025 2026 1921)
4(1990 1991 2026 2025)
4(1887 1922 2027 1992)
4(1921 2026 2027 1922)
4(1991 1992 2027 2026)
4(1888 1923 2028 1993)
4(1922 2027 2028 1923)
4(1992 1993 2028 2027)
4(1889 1924 2029 1994)
4(1923 2028 2029 1924)
4(1993 1994 2029 2028)
4(1924 2029 60 57)
4(1994 59 60 2029)
4(1890 1015 1050 1995)
4(57 60 33 32)
4(60 1995 1050 33)
4(1891 1016 1051 1996)
4(1995 1996 1051 1050)
4(1892 1017 1052 1997)
4(1996 1997 1052 1051)
4(1893 1018 1053 1998)
4(1997 1998 1053 1052)
4(1894 1019 1054 1999)
4(1998 1999 1054 1053)
4(1895 1020 1055 2000)
4(1999 2000 1055 1054)
4(1896 1021 1056 2001)
4(2000 2001 1056 1055)
4(1897 1022 1057 2002)
4(2001 2002 1057 1056)
4(1898 1023 1058 2003)
4(2002 2003 1058 1057)
4(1899 1024 1059 2004)
4(2003 2004 1059 1058)
4(1900 1025 1060 2005)
4(2004 2005 1060 1059)
4(1901 1026 1061 2006)
4(2005 2006 1061 1060)
4(1902 1027 1062 2007)
4(2006 2007 1062 1061)
4(1903 1028 1063 2008)
4(2007 2008 1063 1062)
4(1904 1029 1064 2009)
4(2008 2009 1064 1063)
4(1905 1030 1065 2010)
4(2009 2010 1065 1064)
4(1906 1031 1066 2011)
4(2010 2011 1066 1065)
4(1907 1032 1067 2012)
4(2011 2012 1067 1066)
4(1908 1033 1068 2013)
4(2012 2013 1068 1067)
4(1909 1034 1069 2014)
4(2013 2014 1069 1068)
4(1910 1035 1070 2015)
4(2014 2015 1070 1069)
4(1911 1036 1071 2016)
4(2015 2016 1071 1070)
4(1912 1037 1072 2017)
4(2016 2017 1072 1071)
4(1913 1038 1073 2018)
4(2017 2018 1073 1072)
4(1914 1039 1074 2019)
4(2018 2019 1074 1073)
4(1915 1040 1075 2020)
4(2019 2020 1075 1074)
4(1916 1041 1076 2021)
4(2020 2021 1076 1075)
4(1917 1042 1077 2022)
4(2021 2022 1077 1076)
4(1918 1043 1078 2023)
4(2022 2023 1078 1077)
4(1919 1044 1079 2024)
4(2023 2024 1079 1078)
4(1920 1045 1080 2025)
4(2024 2025 1080 1079)
4(1921 1046 1081 2026)
4(2025 2026 1081 1080)
4(1922 1047 1082 2027)
4(2026 2027 1082 1081)
4(1923 1048 1083 2028)
4(2027 2028 1083 1082)
4(1924 1049 1084 2029)
4(2028 2029 1084 1083)
4(2029 60 33 1084)
4(665 1925 2030 700)
4(22 23 61 58)
4(58 61 2030 1925)
4(23 700 2030 61)
4(666 1926 2031 701)
4(1925 2030 2031 1926)
4(700 701 2031 2030)
4(667 1927 2032 702)
4(1926 2031 2032 1927)
4(701 702 2032 2031)
4(668 1928 2033 703)
4(1927 2032 2033 1928)
4(702 703 2033 2032)
4(669 1929 2034 704)
4(1928 2033 2034 1929)
4(703 704 2034 2033)
4(670 1930 2035 705)
4(1929 2034 2035 1930)
4(704 705 2035 2034)
4(671 1931 2036 706)
4(1930 2035 2036 1931)
4(705 706 2036 2035)
4(672 1932 2037 707)
4(1931 2036 2037 1932)
4(706 707 2037 2036)
4(673 1933 2038 708)
4(1932 2037 2038 1933)
4(707 708 2038 2037)
4(674 1934 2039 709)
4(1933 2038 2039 1934)
4(708 709 2039 2038)
4(675 1935 2040 710)
4(1934 2039 2040 1935)
4(709 710 2040 2039)
4(676 1936 2041 711)
4(1935 2040 2041 1936)
4(710 711 2041 2040)
4(677 1937 2042 712)
4(1936 2041 2042 1937)
4(711 712 2042 2041)
4(678 1938 2043 713)
4(1937 2042 2043 1938)
4(712 713 2043 2042)
4(679 1939 2044 714)
4(1938 2043 2044 1939)
4(713 714 2044 2043)
4(680 1940 2045 715)
4(1939 2044 2045 1940)
4(714 715 2045 2044)
4(681 1941 2046 716)
4(1940 2045 2046 1941)
4(715 716 2046 2045)
4(682 1942 2047 717)
4(1941 2046 2047 1942)
4(716 717 2047 2046)
4(683 1943 2048 718)
4(1942 2047 2048 1943)
4(717 718 2048 2047)
4(684 1944 2049 719)
4(1943 2048 2049 1944)
4(718 719 2049 2048)
4(685 1945 2050 720)
4(1944 2049 2050 1945)
4(719 720 2050 2049)
4(686 1946 2051 721)
4(1945 2050 2051 1946)
4(720 721 2051 2050)
4(687 1947 2052 722)
4(1946 2051 2052 1947)
4(721 722 2052 2051)
4(688 1948 2053 723)
4(1947 2052 2053 1948)
4(722 723 2053 2052)
4(689 1949 2054 724)
4(1948 2053 2054 1949)
4(723 724 2054 2053)
4(690 1950 2055 725)
4(1949 2054 2055 1950)
4(724 725 2055 2054)
4(691 1951 2056 726)
4(1950 2055 2056 1951)
4(725 726 2056 2055)
4(692 1952 2057 727)
4(1951 2056 2057 1952)
4(726 727 2057 2056)
4(693 1953 2058 728)
4(1952 2057 2058 1953)
4(727 728 2058 2057)
4(694 1954 2059 729)
4(1953 2058 2059 1954)
4(728 729 2059 2058)
4(695 1955 2060 730)
4(1954 2059 2060 1955)
4(729 730 2060 2059)
4(696 1956 2061 731)
4(1955 2060 2061 1956)
4(730 731 2061 2060)
4(697 1957 2062 732)
4(1956 2061 2062 1957)
4(731 732 2062 2061)
4(698 1958 2063 733)
4(1957 2062 2063 1958)
4(732 733 2063 2062)
4(699 1959 2064 734)
4(1958 2063 2064 1959)
4(733 734 2064 2063)
4(1959 2064 61 58)
4(734 23 61 2064)
4(1925 1960 2065 2030)
4(58 61 62 59)
4(59 62 2065 1960)
4(61 2030 2065 62)
4(1926 1961 2066 2031)
4(1960 2065 2066 1961)
4(2030 2031 2066 2065)
4(1927 1962 2067 2032)
4(1961 2066 2067 1962)
4(2031 2032 2067 2066)
4(1928 1963 2068 2033)
4(1962 2067 2068 1963)
4(2032 2033 2068 2067)
4(1929 1964 2069 2034)
4(1963 2068 2069 1964)
4(2033 2034 2069 2068)
4(1930 1965 2070 2035)
4(1964 2069 2070 1965)
4(2034 2035 2070 2069)
4(1931 1966 2071 2036)
4(1965 2070 2071 1966)
4(2035 2036 2071 2070)
4(1932 1967 2072 2037)
4(1966 2071 2072 1967)
4(2036 2037 2072 2071)
4(1933 1968 2073 2038)
4(1967 2072 2073 1968)
4(2037 2038 2073 2072)
4(1934 1969 2074 2039)
4(1968 2073 2074 1969)
4(2038 2039 2074 2073)
4(1935 1970 2075 2040)
4(1969 2074 2075 1970)
4(2039 2040 2075 2074)
4(1936 1971 2076 2041)
4(1970 2075 2076 1971)
4(2040 2041 2076 2075)
4(1937 1972 2077 2042)
4(1971 2076 2077 1972)
4(2041 2042 2077 2076)
4(1938 1973 2078 2043)
4(1972 2077 2078 1973)
4(2042 2043 2078 2077)
4(1939 1974 2079 2044)
4(1973 2078 2079 1974)
4(2043 2044 2079 2078)
4(1940 1975 2080 2045)
4(1974 2079 2080 1975)
4(2044 2045 2080 2079)
4(1941 1976 2081 2046)
4(1975 2080 2081 1976)
4(2045 2046 2081 2080)
4(1942 1977 2082 2047)
4(1976 2081 2082 1977)
4(2046 2047 2082 2081)
4(1943 1978 2083 2048)
4(1977 2082 2083 1978)
4(2047 2048 2083 2082)
4(1944 1979 2084 2049)
4(1978 2083 2084 1979)
4(2048 2049 2084 2083)
4(1945 1980 2085 2050)
4(1979 2084 2085 1980)
4(2049 2050 2085 2084)
4(1946 1981 2086 2051)
4(1980 2085 2086 1981)
4(2050 2051 2086 2085)
4(1947 1982 2087 2052)
4(1981 2086 2087 1982)
4(2051 2052 2087 2086)
4(1948 1983 2088 2053)
4(1982 2087 2088 1983)
4(2052 2053 2088 2087)
4(1949 1984 2089 2054)
4(1983 2088 2089 1984)
4(2053 2054 2089 2088)
4(1950 1985 2090 2055)
4(1984 2089 2090 1985)
4(2054 2055 2090 2089)
4(1951 1986 2091 2056)
4(1985 2090 2091 1986)
4(2055 2056 2091 2090)
4(1952 1987 2092 2057)
4(1986 2091 2092 1987)
4(2056 2057 2092 2091)
4(1953 1988 2093 2058)
4(1987 2092 2093 1988)
4(2057 2058 2093 2092)
4(1954 1989 2094 2059)
4(1988 2093 2094 1989)
4(2058 2059 2094 2093)
4(1955 1990 2095 2060)
4(1989 2094 2095 1990)
4(2059 2060 2095 2094)
4(1956 1991 2096 2061)
4(1990 2095 2096 1991)
4(2060 2061 2096 2095)
4(1957 1992 2097 2062)
4(1991 2096 2097 1992)
4(2061 2062 2097 2096)
4(1958 1993 2098 2063)
4(1992 2097 2098 1993)
4(2062 2063 2098 2097)
4(1959 1994 2099 2064)
4(1993 2098 2099 1994)
4(2063 2064 2099 2098)
4(1994 2099 62 59)
4(2064 61 62 2099)
4(1960 1995 2100 2065)
4(59 62 63 60)
4(60 63 2100 1995)
4(62 2065 2100 63)
4(1961 1996 2101 2066)
4(1995 2100 2101 1996)
4(2065 2066 2101 2100)
4(1962 1997 2102 2067)
4(1996 2101 2102 1997)
4(2066 2067 2102 2101)
4(1963 1998 2103 2068)
4(1997 2102 2103 1998)
4(2067 2068 2103 2102)
4(1964 1999 2104 2069)
4(1998 2103 2104 1999)
4(2068 2069 2104 2103)
4(1965 2000 2105 2070)
4(1999 2104 2105 2000)
4(2069 2070 2105 2104)
4(1966 2001 2106 2071)
4(2000 2105 2106 2001)
4(2070 2071 2106 2105)
4(1967 2002 2107 2072)
4(2001 2106 2107 2002)
4(2071 2072 2107 2106)
4(1968 2003 2108 2073)
4(2002 2107 2108 2003)
4(2072 2073 2108 2107)
4(1969 2004 2109 2074)
4(2003 2108 2109 2004)
4(2073 2074 2109 2108)
4(1970 2005 2110 2075)
4(2004 2109 2110 2005)
4(2074 2075 2110 2109)
4(1971 2006 2111 2076)
4(2005 2110 2111 2006)
4(2075 2076 2111 2110)
4(1972 2007 2112 2077)
4(2006 2111 2112 2007)
4(2076 2077 2112 2111)
4(1973 2008 2113 2078)
4(2007 2112 2113 2008)
4(2077 2078 2113 2112)
4(1974 2009 2114 2079)
4(2008 2113 2114 2009)
4(2078 2079 2114 2113)
4(1975 2010 2115 2080)
4(2009 2114 2115 2010)
4(2079 2080 2115 2114)
4(1976 2011 2116 2081)
4(2010 2115 2116 2011)
4(2080 2081 2116 2115)
4(1977 2012 2117 2082)
4(2011 2116 2117 2012)
4(2081 2082 2117 2116)
4(1978 2013 2118 2083)
4(2012 2117 2118 2013)
4(2082 2083 2118 2117)
4(1979 2014 2119 2084)
4(2013 2118 2119 2014)
4(2083 2084 2119 2118)
4(1980 2015 2120 2085)
4(2014 2119 2120 2015)
4(2084 2085 2120 2119)
4(1981 2016 2121 2086)
4(2015 2120 2121 2016)
4(2085 2086 2121 2120)
4(1982 2017 2122 2087)
4(2016 2121 2122 2017)
4(2086 2087 2122 2121)
4(1983 2018 2123 2088)
4(2017 2122 2123 2018)
4(2087 2088 2123 2122)
4(1984 2019 2124 2089)
4(2018 2123 2124 2019)
4(2088 2089 2124 2123)
4(1985 2020 2125 2090)
4(2019 2124 2125 2020)
4(2089 2090 2125 2124)
4(1986 2021 2126 2091)
4(2020 2125 2126 2021)
4(2090 2091 2126 2125)
4(1987 2022 2127 2092)
4(2021 2126 2127 2022)
4(2091 2092 2127 2126)
4(1988 2023 2128 2093)
4(2022 2127 2128 2023)
4(2092 2093 2128 2127)
4(1989 2024 2129 2094)
4(2023 2128 2129 2024)
4(2093 2094 2129 2128)
4(1990 2025 2130 2095)
4(2024 2129 2130 2025)
4(2094 2095 2130 2129)
4(1991 2026 2131 2096)
4(2025 2130 2131 2026)
4(2095 2096 2131 2130)
4(1992 2027 2132 2097)
4(2026 2131 2132 2027)
4(2096 2097 2132 2131)
4(1993 2028 2133 2098)
4(2027 2132 2133 2028)
4(2097 2098 2133 2132)
4(1994 2029 2134 2099)
4(2028 2133 2134 2029)
4(2098 2099 2134 2133)
4(2029 2134 63 60)
4(2099 62 63 2134)
4(1995 1050 1085 2100)
4(60 63 34 33)
4(63 2100 1085 34)
4(1996 1051 1086 2101)
4(2100 2101 1086 1085)
4(1997 1052 1087 2102)
4(2101 2102 1087 1086)
4(1998 1053 1088 2103)
4(2102 2103 1088 1087)
4(1999 1054 1089 2104)
4(2103 2104 1089 1088)
4(2000 1055 1090 2105)
4(2104 2105 1090 1089)
4(2001 1056 1091 2106)
4(2105 2106 1091 1090)
4(2002 1057 1092 2107)
4(2106 2107 1092 1091)
4(2003 1058 1093 2108)
4(2107 2108 1093 1092)
4(2004 1059 1094 2109)
4(2108 2109 1094 1093)
4(2005 1060 1095 2110)
4(2109 2110 1095 1094)
4(2006 1061 1096 2111)
4(2110 2111 1096 1095)
4(2007 1062 1097 2112)
4(2111 2112 1097 1096)
4(2008 1063 1098 2113)
4(2112 2113 1098 1097)
4(2009 1064 1099 2114)
4(2113 2114 1099 1098)
4(2010 1065 1100 2115)
4(2114 2115 1100 1099)
4(2011 1066 1101 2116)
4(2115 2116 1101 1100)
4(2012 1067 1102 2117)
4(2116 2117 1102 1101)
4(2013 1068 1103 2118)
4(2117 2118 1103 1102)
4(2014 1069 1104 2119)
4(2118 2119 1104 1103)
4(2015 1070 1105 2120)
4(2119 2120 1105 1104)
4(2016 1071 1106 2121)
4(2120 2121 1106 1105)
4(2017 1072 1107 2122)
4(2121 2122 1107 1106)
4(2018 1073 1108 2123)
4(2122 2123 1108 1107)
4(2019 1074 1109 2124)
4(2123 2124 1109 1108)
4(2020 1075 1110 2125)
4(2124 2125 1110 1109)
4(2021 1076 1111 2126)
4(2125 2126 1111 1110)
4(2022 1077 1112 2127)
4(2126 2127 1112 1111)
4(2023 1078 1113 2128)
4(2127 2128 1113 1112)
4(2024 1079 1114 2129)
4(2128 2129 1114 1113)
4(2025 1080 1115 2130)
4(2129 2130 1115 1114)
4(2026 1081 1116 2131)
4(2130 2131 1116 1115)
4(2027 1082 1117 2132)
4(2131 2132 1117 1116)
4(2028 1083 1118 2133)
4(2132 2133 1118 1117)
4(2029 1084 1119 2134)
4(2133 2134 1119 1118)
4(2134 63 34 1119)
4(700 2030 2135 735)
4(23 24 64 61)
4(61 64 2135 2030)
4(24 735 2135 64)
4(701 2031 2136 736)
4(2030 2135 2136 2031)
4(735 736 2136 2135)
4(702 2032 2137 737)
4(2031 2136 2137 2032)
4(736 737 2137 2136)
4(703 2033 2138 738)
4(2032 2137 2138 2033)
4(737 738 2138 2137)
4(704 2034 2139 739)
4(2033 2138 2139 2034)
4(738 739 2139 2138)
4(705 2035 2140 740)
4(2034 2139 2140 2035)
4(739 740 2140 2139)
4(706 2036 2141 741)
4(2035 2140 2141 2036)
4(740 741 2141 2140)
4(707 2037 2142 742)
4(2036 2141 2142 2037)
4(741 742 2142 2141)
4(708 2038 2143 743)
4(2037 2142 2143 2038)
4(742 743 2143 2142)
4(709 2039 2144 744)
4(2038 2143 2144 2039)
4(743 744 2144 2143)
4(710 2040 2145 745)
4(2039 2144 2145 2040)
4(744 745 2145 2144)
4(711 2041 2146 746)
4(2040 2145 2146 2041)
4(745 746 2146 2145)
4(712 2042 2147 747)
4(2041 2146 2147 2042)
4(746 747 2147 2146)
4(713 2043 2148 748)
4(2042 2147 2148 2043)
4(747 748 2148 2147)
4(714 2044 2149 749)
4(2043 2148 2149 2044)
4(748 749 2149 2148)
4(715 2045 2150 750)
4(2044 2149 2150 2045)
4(749 750 2150 2149)
4(716 2046 2151 751)
4(2045 2150 2151 2046)
4(750 751 2151 2150)
4(717 2047 2152 752)
4(2046 2151 2152 2047)
4(751 752 2152 2151)
4(718 2048 2153 753)
4(2047 2152 2153 2048)
4(752 753 2153 2152)
4(719 2049 2154 754)
4(2048 2153 2154 2049)
4(753 754 2154 2153)
4(720 2050 2155 755)
4(2049 2154 2155 2050)
4(754 755 2155 2154)
4(721 2051 2156 756)
4(2050 2155 2156 2051)
4(755 756 2156 2155)
4(722 2052 2157 757)
4(2051 2156 2157 2052)
4(756 757 2157 2156)
4(723 2053 2158 758)
4(2052 2157 2158 2053)
4(757 758 2158 2157)
4(724 2054 2159 759)
4(2053 2158 2159 2054)
4(758 759 2159 2158)
4(725 2055 2160 760)
4(2054 2159 2160 2055)
4(759 760 2160 2159)
4(726 2056 2161 761)
4(2055 2160 2161 2056)
4(760 761 2161 2160)
4(727 2057 2162 762)
4(2056 2161 2162 2057)
4(761 762 2162 2161)
4(728 2058 2163 763)
4(2057 2162 2163 2058)
4(762 763 2163 2162)
4(729 2059 2164 764)
4(2058 2163 2164 2059)
4(763 764 2164 2163)
4(730 2060 2165 765)
4(2059 2164 2165 2060)
4(764 765 2165 2164)
4(731 2061 2166 766)
4(2060 2165 2166 2061)
4(765 766 2166 2165)
4(732 2062 2167 767)
4(2061 2166 2167 2062)
4(766 767 2167 2166)
4(733 2063 2168 768)
4(2062 2167 2168 2063)
4(767 768 2168 2167)
4(734 2064 2169 769)
4(2063 2168 2169 2064)
4(768 769 2169 2168)
4(2064 2169 64 61)
4(769 24 64 2169)
4(2030 2065 2170 2135)
4(61 64 65 62)
4(62 65 2170 2065)
4(64 2135 2170 65)
4(2031 2066 2171 2136)
4(2065 2170 2171 2066)
4(2135 2136 2171 2170)
4(2032 2067 2172 2137)
4(2066 2171 2172 2067)
4(2136 2137 2172 2171)
4(2033 2068 2173 2138)
4(2067 2172 2173 2068)
4(2137 2138 2173 2172)
4(2034 2069 2174 2139)
4(2068 2173 2174 2069)
4(2138 2139 2174 2173)
4(2035 2070 2175 2140)
4(2069 2174 2175 2070)
4(2139 2140 2175 2174)
4(2036 2071 2176 2141)
4(2070 2175 2176 2071)
4(2140 2141 2176 2175)
4(2037 2072 2177 2142)
4(2071 2176 2177 2072)
4(2141 2142 2177 2176)
4(2038 2073 2178 2143)
4(2072 2177 2178 2073)
4(2142 2143 2178 2177)
4(2039 2074 2179 2144)
4(2073 2178 2179 2074)
4(2143 2144 2179 2178)
4(2040 2075 2180 2145)
4(2074 2179 2180 2075)
4(2144 2145 2180 2179)
4(2041 2076 2181 2146)
4(2075 2180 2181 2076)
4(2145 2146 2181 2180)
4(2042 2077 2182 2147)
4(2076 2181 2182 2077)
4(2146 2147 2182 2181)
4(2043 2078 2183 2148)
4(2077 2182 2183 2078)
4(2147 2148 2183 2182)
4(2044 2079 2184 2149)
4(2078 2183 2184 2079)
4(2148 2149 2184 2183)
4(2045 2080 2185 2150)
4(2079 2184 2185 2080)
4(2149 2150 2185 2184)
4(2046 2081 2186 2151)
4(2080 2185 2186 2081)
4(2150 2151 2186 2185)
4(2047 2082 2187 2152)
4(2081 2186 2187 2082)
4(2151 2152 2187 2186)
4(2048 2083 2188 2153)
4(2082 2187 2188 2083)
4(2152 2153 2188 2187)
4(2049 2084 2189 2154)
4(2083 2188 2189 2084)
4(2153 2154 2189 2188)
4(2050 2085 2190 2155)
4(2084 2189 2190 2085)
4(2154 2155 2190 2189)
4(2051 2086 2191 2156)
4(2085 2190 2191 2086)
4(2155 2156 2191 2190)
4(2052 2087 2192 2157)
4(2086 2191 2192 2087)
4(2156 2157 2192 2191)
4(2053 2088 2193 2158)
4(2087 2192 2193 2088)
4(2157 2158 2193 2192)
4(2054 2089 2194 2159)
4(2088 2193 2194 2089)
4(2158 2159 2194 2193)
4(2055 2090 2195 2160)
4(2089 2194 2195 2090)
4(2159 2160 2195 2194)
4(2056 2091 2196 2161)
4(2090 2195 2196 2091)
4(2160 2161 2196 2195)
4(2057 2092 2197 2162)
4(2091 2196 2197 2092)
4(2161 2162 2197 2196)
4(2058 2093 2198 2163)
4(2092 2197 2198 2093)
4(2162 2163 2198 2197)
4(2059 2094 2199 2164)
4(2093 2198 2199 2094)
4(2163 2164 2199 2198)
4(2060 2095 2200 2165)
4(2094 2199 2200 2095)
4(2164 2165 2200 2199)
4(2061 2096 2201 2166)
4(2095 2200 2201 2096)
4(2165 2166 2201 2200)
4(2062 2097 2202 2167)
4(2096 2201 2202 2097)
4(2166 2167 2202 2201)
4(2063 2098 2203 2168)
4(2097 2202 2203 2098)
4(2167 2168 2203 2202)
4(2064 2099 2204 2169)
4(2098 2203 2204 2099)
4(2168 2169 2204 2203)
4(2099 2204 65 62)
4(2169 64 65 2204)
4(2065 2100 2205 2170)
4(62 65 66 63)
4(63 66 2205 2100)
4(65 2170 2205 66)
4(2066 2101 2206 2171)
4(2100 2205 2206 2101)
4(2170 2171 2206 2205)
4(2067 2102 2207 2172)
4(2101 2206 2207 2102)
4(2171 2172 2207 2206)
4(2068 2103 2208 2173)
4(2102 2207 2208 2103)
4(2172 2173 2208 2207)
4(2069 2104 2209 2174)
4(2103 2208 2209 2104)
4(2173 2174 2209 2208)
4(2070 2105 2210 2175)
4(2104 2209 2210 2105)
4(2174 2175 2210 2209)
4(2071 2106 2211 2176)
4(2105 2210 2211 2106)
4(2175 2176 2211 2210)
4(2072 2107 2212 2177)
4(2106 2211 2212 2107)
4(2176 2177 2212 2211)
4(2073 2108 2213 2178)
4(2107 2212 2213 2108)
4(2177 2178 2213 2212)
4(2074 2109 2214 2179)
4(2108 2213 2214 2109)
4(2178 2179 2214 2213)
4(2075 2110 2215 2180)
4(2109 2214 2215 2110)
4(2179 2180 2215 2214)
4(2076 2111 2216 2181)
4(2110 2215 2216 2111)
4(2180 2181 2216 2215)
4(2077 2112 2217 2182)
4(2111 2216 2217 2112)
4(2181 2182 2217 2216)
4(2078 2113 2218 2183)
4(2112 2217 2218 2113)
4(2182 2183 2218 2217)
4(2079 2114 2219 2184)
4(2113 2218 2219 2114)
4(2183 2184 2219 2218)
4(2080 2115 2220 2185)
4(2114 2219 2220 2115)
4(2184 2185 2220 2219)
4(2081 2116 2221 2186)
4(2115 2220 2221 2116)
4(2185 2186 2221 2220)
4(2082 2117 2222 2187)
4(2116 2221 2222 2117)
4(2186 2187 2222 2221)
4(2083 2118 2223 2188)
4(2117 2222 2223 2118)
4(2187 2188 2223 2222)
4(2084 2119 2224 2189)
4(2118 2223 2224 2119)
4(2188 2189 2224 2223)
4(2085 2120 2225 2190)
4(2119 2224 2225 2120)
4(2189 2190 2225 2224)
4(2086 2121 2226 2191)
4(2120 2225 2226 2121)
4(2190 2191 2226 2225)
4(2087 2122 2227 2192)
4(2121 2226 2227 2122)
4(2191 2192 2227 2226)
4(2088 2123 2228 2193)
4(2122 2227 2228 2123)
4(2192 2193 2228 2227)
4(2089 2124 2229 2194)
4(2123 2228 2229 2124)
4(2193 2194 2229 2228)
4(2090 2125 2230 2195)
4(2124 2229 2230 2125)
4(2194 2195 2230 2229)
4(2091 2126 2231 2196)
4(2125 2230 2231 2126)
4(2195 2196 2231 2230)
4(2092 2127 2232 2197)
4(2126 2231 2232 2127)
4(2196 2197 2232 2231)
4(2093 2128 2233 2198)
4(2127 2232 2233 2128)
4(2197 2198 2233 2232)
4(2094 2129 2234 2199)
4(2128 2233 2234 2129)
4(2198 2199 2234 2233)
4(2095 2130 2235 2200)
4(2129 2234 2235 2130)
4(2199 2200 2235 2234)
4(2096 2131 2236 2201)
4(2130 2235 2236 2131)
4(2200 2201 2236 2235)
4(2097 2132 2237 2202)
4(2131 2236 2237 2132)
4(2201 2202 2237 2236)
4(2098 2133 2238 2203)
4(2132 2237 2238 2133)
4(2202 2203 2238 2237)
4(2099 2134 2239 2204)
4(2133 2238 2239 2134)
4(2203 2204 2239 2238)
4(2134 2239 66 63)
4(2204 65 66 2239)
4(2100 1085 1120 2205)
4(63 66 35 34)
4(66 2205 1120 35)
4(2101 1086 1121 2206)
4(2205 2206 1121 1120)
4(2102 1087 1122 2207)
4(2206 2207 1122 1121)
4(2103 1088 1123 2208)
4(2207 2208 1123 1122)
4(2104 1089 1124 2209)
4(2208 2209 1124 1123)
4(2105 1090 1125 2210)
4(2209 2210 1125 1124)
4(2106 1091 1126 2211)
4(2210 2211 1126 1125)
4(2107 1092 1127 2212)
4(2211 2212 1127 1126)
4(2108 1093 1128 2213)
4(2212 2213 1128 1127)
4(2109 1094 1129 2214)
4(2213 2214 1129 1128)
4(2110 1095 1130 2215)
4(2214 2215 1130 1129)
4(2111 1096 1131 2216)
4(2215 2216 1131 1130)
4(2112 1097 1132 2217)
4(2216 2217 1132 1131)
4(2113 1098 1133 2218)
4(2217 2218 1133 1132)
4(2114 1099 1134 2219)
4(2218 2219 1134 1133)
4(2115 1100 1135 2220)
4(2219 2220 1135 1134)
4(2116 1101 1136 2221)
4(2220 2221 1136 1135)
4(2117 1102 1137 2222)
4(2221 2222 1137 1136)
4(2118 1103 1138 2223)
4(2222 2223 1138 1137)
4(2119 1104 1139 2224)
4(2223 2224 1139 1138)
4(2120 1105 1140 2225)
4(2224 2225 1140 1139)
4(2121 1106 1141 2226)
4(2225 2226 1141 1140)
4(2122 1107 1142 2227)
4(2226 2227 1142 1141)
4(2123 1108 1143 2228)
4(2227 2228 1143 1142)
4(2124 1109 1144 2229)
4(2228 2229 1144 1143)
4(2125 1110 1145 2230)
4(2229 2230 1145 1144)
4(2126 1111 1146 2231)
4(2230 2231 1146 1145)
4(2127 1112 1147 2232)
4(2231 2232 1147 1146)
4(2128 1113 1148 2233)
4(2232 2233 1148 1147)
4(2129 1114 1149 2234)
4(2233 2234 1149 1148)
4(2130 1115 1150 2235)
4(2234 2235 1150 1149)
4(2131 1116 1151 2236)
4(2235 2236 1151 1150)
4(2132 1117 1152 2237)
4(2236 2237 1152 1151)
4(2133 1118 1153 2238)
4(2237 2238 1153 1152)
4(2134 1119 1154 2239)
4(2238 2239 1154 1153)
4(2239 66 35 1154)
4(735 2135 2240 770)
4(24 25 67 64)
4(64 67 2240 2135)
4(25 770 2240 67)
4(736 2136 2241 771)
4(2135 2240 2241 2136)
4(770 771 2241 2240)
4(737 2137 2242 772)
4(2136 2241 2242 2137)
4(771 772 2242 2241)
4(738 2138 2243 773)
4(2137 2242 2243 2138)
4(772 773 2243 2242)
4(739 2139 2244 774)
4(2138 2243 2244 2139)
4(773 774 2244 2243)
4(740 2140 2245 775)
4(2139 2244 2245 2140)
4(774 775 2245 2244)
4(741 2141 2246 776)
4(2140 2245 2246 2141)
4(775 776 2246 2245)
4(742 2142 2247 777)
4(2141 2246 2247 2142)
4(776 777 2247 2246)
4(743 2143 2248 778)
4(2142 2247 2248 2143)
4(777 778 2248 2247)
4(744 2144 2249 779)
4(2143 2248 2249 2144)
4(778 779 2249 2248)
4(745 2145 2250 780)
4(2144 2249 2250 2145)
4(779 780 2250 2249)
4(746 2146 2251 781)
4(2145 2250 2251 2146)
4(780 781 2251 2250)
4(747 2147 2252 782)
4(2146 2251 2252 2147)
4(781 782 2252 2251)
4(748 2148 2253 783)
4(2147 2252 2253 2148)
4(782 783 2253 2252)
4(749 2149 2254 784)
4(2148 2253 2254 2149)
4(783 784 2254 2253)
4(750 2150 2255 785)
4(2149 2254 2255 2150)
4(784 785 2255 2254)
4(751 2151 2256 786)
4(2150 2255 2256 2151)
4(785 786 2256 2255)
4(752 2152 2257 787)
4(2151 2256 2257 2152)
4(786 787 2257 2256)
4(753 2153 2258 788)
4(2152 2257 2258 2153)
4(787 788 2258 2257)
4(754 2154 2259 789)
4(2153 2258 2259 2154)
4(788 789 2259 2258)
4(755 2155 2260 790)
4(2154 2259 2260 2155)
4(789 790 2260 2259)
4(756 2156 2261 791)
4(2155 2260 2261 2156)
4(790 791 2261 2260)
4(757 2157 2262 792)
4(2156 2261 2262 2157)
4(791 792 2262 2261)
4(758 2158 2263 793)
4(2157 2262 2263 2158)
4(792 793 2263 2262)
4(759 2159 2264 794)
4(2158 2263 2264 2159)
4(793 794 2264 2263)
4(760 2160 2265 795)
4(2159 2264 2265 2160)
4(794 795 2265 2264)
4(761 2161 2266 796)
4(2160 2265 2266 2161)
4(795 796 2266 2265)
4(762 2162 2267 797)
4(2161 2266 2267 2162)
4(796 797 2267 2266)
4(763 2163 2268 798)
4(2162 2267 2268 2163)
4(797 798 2268 2267)
4(764 2164 2269 799)
4(2163 2268 2269 2164)
4(798 799 2269 2268)
4(765 2165 2270 800)
4(2164 2269 2270 2165)
4(799 800 2270 2269)
4(766 2166 2271 801)
4(2165 2270 2271 2166)
4(800 801 2271 2270)
4(767 2167 2272 802)
4(2166 2271 2272 2167)
4(801 802 2272 2271)
4(768 2168 2273 803)
4(2167 2272 2273 2168)
4(802 803 2273 2272)
4(769 2169 2274 804)
4(2168 2273 2274 2169)
4(803 804 2274 2273)
4(2169 2274 67 64)
4(804 25 67 2274)
4(2135 2170 2275 2240)
4(64 67 68 65)
4(65 68 2275 2170)
4(67 2240 2275 68)
4(2136 2171 2276 2241)
4(2170 2275 2276 2171)
4(2240 2241 2276 2275)
4(2137 2172 2277 2242)
4(2171 2276 2277 2172)
4(2241 2242 2277 2276)
4(2138 2173 2278 2243)
4(2172 2277 2278 2173)
4(2242 2243 2278 2277)
4(2139 2174 2279 2244)
4(2173 2278 2279 2174)
4(2243 2244 2279 2278)
4(2140 2175 2280 2245)
4(2174 2279 2280 2175)
4(2244 2245 2280 2279)
4(2141 2176 2281 2246)
4(2175 2280 2281 2176)
4(2245 2246 2281 2280)
4(2142 2177 2282 2247)
4(2176 2281 2282 2177)
4(2246 2247 2282 2281)
4(2143 2178 2283 2248)
4(2177 2282 2283 2178)
4(2247 2248 2283 2282)
4(2144 2179 2284 2249)
4(2178 2283 2284 2179)
4(2248 2249 2284 2283)
4(2145 2180 2285 2250)
4(2179 2284 2285 2180)
4(2249 2250 2285 2284)
4(2146 2181 2286 2251)
4(2180 2285 2286 2181)
4(2250 2251 2286 2285)
4(2147 2182 2287 2252)
4(2181 2286 2287 2182)
4(2251 2252 2287 2286)
4(2148 2183 2288 2253)
4(2182 2287 2288 2183)
4(2252 2253 2288 2287)
4(2149 2184 2289 2254)
4(2183 2288 2289 2184)
4(2253 2254 2289 2288)
4(2150 2185 2290 2255)
4(2184 2289 2290 2185)
4(2254 2255 2290 2289)
4(2151 2186 2291 2256)
4(2185 2290 2291 2186)
4(2255 2256 2291 2290)
4(2152 2187 2292 2257)
4(2186 2291 2292 2187)
4(2256 2257 2292 2291)
4(2153 2188 2293 2258)
4(2187 2292 2293 2188)
4(2257 2258 2293 2292)
4(2154 2189 2294 2259)
4(2188 2293 2294 2189)
4(2258 2259 2294 2293)
4(2155 2190 2295 2260)
4(2189 2294 2295 2190)
4(2259 2260 2295 2294)
4(2156 2191 2296 2261)
4(2190 2295 2296 2191)
4(2260 2261 2296 2295)
4(2157 2192 2297 2262)
4(2191 2296 2297 2192)
4(2261 2262 2297 2296)
4(2158 2193 2298 2263)
4(2192 2297 2298 2193)
4(2262 2263 2298 2297)
4(2159 2194 2299 2264)
4(2193 2298 2299 2194)
4(2263 2264 2299 2298)
4(2160 2195 2300 2265)
4(2194 2299 2300 2195)
4(2264 2265 2300 2299)
4(2161 2196 2301 2266)
4(2195 2300 2301 2196)
4(2265 2266 2301 2300)
4(2162 2197 2302 2267)
4(2196 2301 2302 2197)
4(2266 2267 2302 2301)
4(2163 2198 2303 2268)
4(2197 2302 2303 2198)
4(2267 2268 2303 2302)
4(2164 2199 2304 2269)
4(2198 2303 2304 2199)
4(2268 2269 2304 2303)
4(2165 2200 2305 2270)
4(2199 2304 2305 2200)
4(2269 2270 2305 2304)
4(2166 2201 2306 2271)
4(2200 2305 2306 2201)
4(2270 2271 2306 2305)
4(2167 2202 2307 2272)
4(2201 2306 2307 2202)
4(2271 2272 2307 2306)
4(2168 2203 2308 2273)
4(2202 2307 2308 2203)
4(2272 2273 2308 2307)
4(2169 2204 2309 2274)
4(2203 2308 2309 2204)
4(2273 2274 2309 2308)
4(2204 2309 68 65)
4(2274 67 68 2309)
4(2170 2205 2310 2275)
4(65 68 69 66)
4(66 69 2310 2205)
4(68 2275 2310 69)
4(2171 2206 2311 2276)
4(2205 2310 2311 2206)
4(2275 2276 2311 2310)
4(2172 2207 2312 2277)
4(2206 2311 2312 2207)
4(2276 2277 2312 2311)
4(2173 2208 2313 2278)
4(2207 2312 2313 2208)
4(2277 2278 2313 2312)
4(2174 2209 2314 2279)
4(2208 2313 2314 2209)
4(2278 2279 2314 2313)
4(2175 2210 2315 2280)
4(2209 2314 2315 2210)
4(2279 2280 2315 2314)
4(2176 2211 2316 2281)
4(2210 2315 2316 2211)
4(2280 2281 2316 2315)
4(2177 2212 2317 2282)
4(2211 2316 2317 2212)
4(2281 2282 2317 2316)
4(2178 2213 2318 2283)
4(2212 2317 2318 2213)
4(2282 2283 2318 2317)
4(2179 2214 2319 2284)
4(2213 2318 2319 2214)
4(2283 2284 2319 2318)
4(2180 2215 2320 2285)
4(2214 2319 2320 2215)
4(2284 2285 2320 2319)
4(2181 2216 2321 2286)
4(2215 2320 2321 2216)
4(2285 2286 2321 2320)
4(2182 2217 2322 2287)
4(2216 2321 2322 2217)
4(2286 2287 2322 2321)
4(2183 2218 2323 2288)
4(2217 2322 2323 2218)
4(2287 2288 2323 2322)
4(2184 2219 2324 2289)
4(2218 2323 2324 2219)
4(2288 2289 2324 2323)
4(2185 2220 2325 2290)
4(2219 2324 2325 2220)
4(2289 2290 2325 2324)
4(2186 2221 2326 2291)
4(2220 2325 2326 2221)
4(2290 2291 2326 2325)
4(2187 2222 2327 2292)
4(2221 2326 2327 2222)
4(2291 2292 2327 2326)
4(2188 2223 2328 2293)
4(2222 2327 2328 2223)
4(2292 2293 2328 2327)
4(2189 2224 2329 2294)
4(2223 2328 2329 2224)
4(2293 2294 2329 2328)
4(2190 2225 2330 2295)
4(2224 2329 2330 2225)
4(2294 2295 2330 2329)
4(2191 2226 2331 2296)
4(2225 2330 2331 2226)
4(2295 2296 2331 2330)
4(2192 2227 2332 2297)
4(2226 2331 2332 2227)
4(2296 2297 2332 2331)
4(2193 2228 2333 2298)
4(2227 2332 2333 2228)
4(2297 2298 2333 2332)
4(2194 2229 2334 2299)
4(2228 2333 2334 2229)
4(2298 2299 2334 2333)
4(2195 2230 2335 2300)
4(2229 2334 2335 2230)
4(2299 2300 2335 2334)
4(2196 2231 2336 2301)
4(2230 2335 2336 2231)
4(2300 2301 2336 2335)
4(2197 2232 2337 2302)
4(2231 2336 2337 2232)
4(2301 2302 2337 2336)
4(2198 2233 2338 2303)
4(2232 2337 2338 2233)
4(2302 2303 2338 2337)
4(2199 2234 2339 2304)
4(2233 2338 2339 2234)
4(2303 2304 2339 2338)
4(2200 2235 2340 2305)
4(2234 2339 2340 2235)
4(2304 2305 2340 2339)
4(2201 2236 2341 2306)
4(2235 2340 2341 2236)
4(2305 2306 2341 2340)
4(2202 2237 2342 2307)
4(2236 2341 2342 2237)
4(2306 2307 2342 2341)
4(2203 2238 2343 2308)
4(2237 2342 2343 2238)
4(2307 2308 2343 2342)
4(2204 2239 2344 2309)
4(2238 2343 2344 2239)
4(2308 2309 2344 2343)
4(2239 2344 69 66)
4(2309 68 69 2344)
4(2205 1120 1155 2310)
4(66 69 36 35)
4(69 2310 1155 36)
4(2206 1121 1156 2311)
4(2310 2311 1156 1155)
4(2207 1122 1157 2312)
4(2311 2312 1157 1156)
4(2208 1123 1158 2313)
4(2312 2313 1158 1157)
4(2209 1124 1159 2314)
4(2313 2314 1159 1158)
4(2210 1125 1160 2315)
4(2314 2315 1160 1159)
4(2211 1126 1161 2316)
4(2315 2316 1161 1160)
4(2212 1127 1162 2317)
4(2316 2317 1162 1161)
4(2213 1128 1163 2318)
4(2317 2318 1163 1162)
4(2214 1129 1164 2319)
4(2318 2319 1164 1163)
4(2215 1130 1165 2320)
4(2319 2320 1165 1164)
4(2216 1131 1166 2321)
4(2320 2321 1166 1165)
4(2217 1132 1167 2322)
4(2321 2322 1167 1166)
4(2218 1133 1168 2323)
4(2322 2323 1168 1167)
4(2219 1134 1169 2324)
4(2323 2324 1169 1168)
4(2220 1135 1170 2325)
4(2324 2325 1170 1169)
4(2221 1136 1171 2326)
4(2325 2326 1171 1170)
4(2222 1137 1172 2327)
4(2326 2327 1172 1171)
4(2223 1138 1173 2328)
4(2327 2328 1173 1172)
4(2224 1139 1174 2329)
4(2328 2329 1174 1173)
4(2225 1140 1175 2330)
4(2329 2330 1175 1174)
4(2226 1141 1176 2331)
4(2330 2331 1176 1175)
4(2227 1142 1177 2332)
4(2331 2332 1177 1176)
4(2228 1143 1178 2333)
4(2332 2333 1178 1177)
4(2229 1144 1179 2334)
4(2333 2334 1179 1178)
4(2230 1145 1180 2335)
4(2334 2335 1180 1179)
4(2231 1146 1181 2336)
4(2335 2336 1181 1180)
4(2232 1147 1182 2337)
4(2336 2337 1182 1181)
4(2233 1148 1183 2338)
4(2337 2338 1183 1182)
4(2234 1149 1184 2339)
4(2338 2339 1184 1183)
4(2235 1150 1185 2340)
4(2339 2340 1185 1184)
4(2236 1151 1186 2341)
4(2340 2341 1186 1185)
4(2237 1152 1187 2342)
4(2341 2342 1187 1186)
4(2238 1153 1188 2343)
4(2342 2343 1188 1187)
4(2239 1154 1189 2344)
4(2343 2344 1189 1188)
4(2344 69 36 1189)
4(1 770 2240 6)
4(1 6 67 25)
3(6 2240 67)
4(1 771 2241 6)
3(6 2241 2240)
4(1 772 2242 6)
3(6 2242 2241)
4(1 773 2243 6)
3(6 2243 2242)
4(1 774 2244 6)
3(6 2244 2243)
4(1 775 2245 6)
3(6 2245 2244)
4(1 776 2246 6)
3(6 2246 2245)
4(1 777 2247 6)
3(6 2247 2246)
4(1 778 2248 6)
3(6 2248 2247)
4(1 779 2249 6)
3(6 2249 2248)
4(1 780 2250 6)
3(6 2250 2249)
4(1 781 2251 6)
3(6 2251 2250)
4(1 782 2252 6)
3(6 2252 2251)
4(1 783 2253 6)
3(6 2253 2252)
4(1 784 2254 6)
3(6 2254 2253)
4(1 785 2255 6)
3(6 2255 2254)
4(1 786 2256 6)
3(6 2256 2255)
4(1 787 2257 6)
3(6 2257 2256)
4(1 788 2258 6)
3(6 2258 2257)
4(1 789 2259 6)
3(6 2259 2258)
4(1 790 2260 6)
3(6 2260 2259)
4(1 791 2261 6)
3(6 2261 2260)
4(1 792 2262 6)
3(6 2262 2261)
4(1 793 2263 6)
3(6 2263 2262)
4(1 794 2264 6)
3(6 2264 2263)
4(1 795 2265 6)
3(6 2265 2264)
4(1 796 2266 6)
3(6 2266 2265)
4(1 797 2267 6)
3(6 2267 2266)
4(1 798 2268 6)
3(6 2268 2267)
4(1 799 2269 6)
3(6 2269 2268)
4(1 800 2270 6)
3(6 2270 2269)
4(1 801 2271 6)
3(6 2271 2270)
4(1 802 2272 6)
3(6 2272 2271)
4(1 803 2273 6)
3(6 2273 2272)
4(1 804 2274 6)
3(6 2274 2273)
3(6 67 2274)
4(6 2240 2275 7)
4(6 7 68 67)
3(7 2275 68)
4(6 2241 2276 7)
3(7 2276 2275)
4(6 2242 2277 7)
3(7 2277 2276)
4(6 2243 2278 7)
3(7 2278 2277)
4(6 2244 2279 7)
3(7 2279 2278)
4(6 2245 2280 7)
3(7 2280 2279)
4(6 2246 2281 7)
3(7 2281 2280)
4(6 2247 2282 7)
3(7 2282 2281)
4(6 2248 2283 7)
3(7 2283 2282)
4(6 2249 2284 7)
3(7 2284 2283)
4(6 2250 2285 7)
3(7 2285 2284)
4(6 2251 2286 7)
3(7 2286 2285)
4(6 2252 2287 7)
3(7 2287 2286)
4(6 2253 2288 7)
3(7 2288 2287)
4(6 2254 2289 7)
3(7 2289 2288)
4(6 2255 2290 7)
3(7 2290 2289)
4(6 2256 2291 7)
3(7 2291 2290)
4(6 2257 2292 7)
3(7 2292 2291)
4(6 2258 2293 7)
3(7 2293 2292)
4(6 2259 2294 7)
3(7 2294 2293)
4(6 2260 2295 7)
3(7 2295 2294)
4(6 2261 2296 7)
3(7 2296 2295)
4(6 2262 2297 7)
3(7 2297 2296)
4(6 2263 2298 7)
3(7 2298 2297)
4(6 2264 2299 7)
3(7 2299 2298)
4(6 2265 2300 7)
3(7 2300 2299)
4(6 2266 2301 7)
3(7 2301 2300)
4(6 2267 2302 7)
3(7 2302 2301)
4(6 2268 2303 7)
3(7 2303 2302)
4(6 2269 2304 7)
3(7 2304 2303)
4(6 2270 2305 7)
3(7 2305 2304)
4(6 2271 2306 7)
3(7 2306 2305)
4(6 2272 2307 7)
3(7 2307 2306)
4(6 2273 2308 7)
3(7 2308 2307)
4(6 2274 2309 7)
3(7 2309 2308)
3(7 68 2309)
4(7 2275 2310 8)
4(7 8 69 68)
3(8 2310 69)
4(7 2276 2311 8)
3(8 2311 2310)
4(7 2277 2312 8)
3(8 2312 2311)
4(7 2278 2313 8)
3(8 2313 2312)
4(7 2279 2314 8)
3(8 2314 2313)
4(7 2280 2315 8)
3(8 2315 2314)
4(7 2281 2316 8)
3(8 2316 2315)
4(7 2282 2317 8)
3(8 2317 2316)
4(7 2283 2318 8)
3(8 2318 2317)
4(7 2284 2319 8)
3(8 2319 2318)
4(7 2285 2320 8)
3(8 2320 2319)
4(7 2286 2321 8)
3(8 2321 2320)
4(7 2287 2322 8)
3(8 2322 2321)
4(7 2288 2323 8)
3(8 2323 2322)
4(7 2289 2324 8)
3(8 2324 2323)
4(7 2290 2325 8)
3(8 2325 2324)
4(7 2291 2326 8)
3(8 2326 2325)
4(7 2292 2327 8)
3(8 2327 2326)
4(7 2293 2328 8)
3(8 2328 2327)
4(7 2294 2329 8)
3(8 2329 2328)
4(7 2295 2330 8)
3(8 2330 2329)
4(7 2296 2331 8)
3(8 2331 2330)
4(7 2297 2332 8)
3(8 2332 2331)
4(7 2298 2333 8)
3(8 2333 2332)
4(7 2299 2334 8)
3(8 2334 2333)
4(7 2300 2335 8)
3(8 2335 2334)
4(7 2301 2336 8)
3(8 2336 2335)
4(7 2302 2337 8)
3(8 2337 2336)
4(7 2303 2338 8)
3(8 2338 2337)
4(7 2304 2339 8)
3(8 2339 2338)
4(7 2305 2340 8)
3(8 2340 2339)
4(7 2306 2341 8)
3(8 2341 2340)
4(7 2307 2342 8)
3(8 2342 2341)
4(7 2308 2343 8)
3(8 2343 2342)
4(7 2309 2344 8)
3(8 2344 2343)
3(8 69 2344)
4(8 2310 1155 2)
4(8 2 36 69)
4(8 2311 1156 2)
4(8 2312 1157 2)
4(8 2313 1158 2)
4(8 2314 1159 2)
4(8 2315 1160 2)
4(8 2316 1161 2)
4(8 2317 1162 2)
4(8 2318 1163 2)
4(8 2319 1164 2)
4(8 2320 1165 2)
4(8 2321 1166 2)
4(8 2322 1167 2)
4(8 2323 1168 2)
4(8 2324 1169 2)
4(8 2325 1170 2)
4(8 2326 1171 2)
4(8 2327 1172 2)
4(8 2328 1173 2)
4(8 2329 1174 2)
4(8 2330 1175 2)
4(8 2331 1176 2)
4(8 2332 1177 2)
4(8 2333 1178 2)
4(8 2334 1179 2)
4(8 2335 1180 2)
4(8 2336 1181 2)
4(8 2337 1182 2)
4(8 2338 1183 2)
4(8 2339 1184 2)
4(8 2340 1185 2)
4(8 2341 1186 2)
4(8 2342 1187 2)
4(8 2343 1188 2)
4(8 2344 1189 2)
4(14 13 350 385)
4(385 350 351 386)
4(386 351 352 387)
4(387 352 353 388)
4(388 353 354 389)
4(389 354 355 390)
4(390 355 356 391)
4(391 356 357 392)
4(392 357 358 393)
4(393 358 359 394)
4(394 359 360 395)
4(395 360 361 396)
4(396 361 362 397)
4(397 362 363 398)
4(398 363 364 399)
4(399 364 365 400)
4(400 365 366 401)
4(401 366 367 402)
4(402 367 368 403)
4(403 368 369 404)
4(404 369 370 405)
4(405 370 371 406)
4(406 371 372 407)
4(407 372 373 408)
4(408 373 374 409)
4(409 374 375 410)
4(410 375 376 411)
4(411 376 377 412)
4(412 377 378 413)
4(413 378 379 414)
4(414 379 380 415)
4(415 380 381 416)
4(416 381 382 417)
4(417 382 383 418)
4(418 383 384 419)
4(419 384 13 14)
4(4 14 385 245)
4(245 385 386 246)
4(246 386 387 247)
4(247 387 388 248)
4(248 388 389 249)
4(249 389 390 250)
4(250 390 391 251)
4(251 391 392 252)
4(252 392 393 253)
4(253 393 394 254)
4(254 394 395 255)
4(255 395 396 256)
4(256 396 397 257)
4(257 397 398 258)
4(258 398 399 259)
4(259 399 400 260)
4(260 400 401 261)
4(261 401 402 262)
4(262 402 403 263)
4(263 403 404 264)
4(264 404 405 265)
4(265 405 406 266)
4(266 406 407 267)
4(267 407 408 268)
4(268 408 409 269)
4(269 409 410 270)
4(270 410 411 271)
4(271 411 412 272)
4(272 412 413 273)
4(273 413 414 274)
4(274 414 415 275)
4(275 415 416 276)
4(276 416 417 277)
4(277 417 418 278)
4(278 418 419 279)
4(279 419 14 4)
4(0 70 420 15)
4(70 71 421 420)
4(71 72 422 421)
4(72 73 423 422)
4(73 74 424 423)
4(74 75 425 424)
4(75 76 426 425)
4(76 77 427 426)
4(77 78 428 427)
4(78 79 429 428)
4(79 80 430 429)
4(80 81 431 430)
4(81 82 432 431)
4(82 83 433 432)
4(83 84 434 433)
4(84 85 435 434)
4(85 86 436 435)
4(86 87 437 436)
4(87 88 438 437)
4(88 89 439 438)
4(89 90 440 439)
4(90 91 441 440)
4(91 92 442 441)
4(92 93 443 442)
4(93 94 444 443)
4(94 95 445 444)
4(95 96 446 445)
4(96 97 447 446)
4(97 98 448 447)
4(98 99 449 448)
4(99 100 450 449)
4(100 101 451 450)
4(101 102 452 451)
4(102 103 453 452)
4(103 104 454 453)
4(104 0 15 454)
4(15 420 455 16)
4(420 421 456 455)
4(421 422 457 456)
4(422 423 458 457)
4(423 424 459 458)
4(424 425 460 459)
4(425 426 461 460)
4(426 427 462 461)
4(427 428 463 462)
4(428 429 464 463)
4(429 430 465 464)
4(430 431 466 465)
4(431 432 467 466)
4(432 433 468 467)
4(433 434 469 468)
4(434 435 470 469)
4(435 436 471 470)
4(436 437 472 471)
4(437 438 473 472)
4(438 439 474 473)
4(439 440 475 474)
4(440 441 476 475)
4(441 442 477 476)
4(442 443 478 477)
4(443 444 479 478)
4(444 445 480 479)
4(445 446 481 480)
4(446 447 482 481)
4(447 448 483 482)
4(448 449 484 483)
4(449 450 485 484)
4(450 451 486 485)
4(451 452 487 486)
4(452 453 488 487)
4(453 454 489 488)
4(454 15 16 489)
4(16 455 490 17)
4(455 456 491 490)
4(456 457 492 491)
4(457 458 493 492)
4(458 459 494 493)
4(459 460 495 494)
4(460 461 496 495)
4(461 462 497 496)
4(462 463 498 497)
4(463 464 499 498)
4(464 465 500 499)
4(465 466 501 500)
4(466 467 502 501)
4(467 468 503 502)
4(468 469 504 503)
4(469 470 505 504)
4(470 471 506 505)
4(471 472 507 506)
4(472 473 508 507)
4(473 474 509 508)
4(474 475 510 509)
4(475 476 511 510)
4(476 477 512 511)
4(477 478 513 512)
4(478 479 514 513)
4(479 480 515 514)
4(480 481 516 515)
4(481 482 517 516)
4(482 483 518 517)
4(483 484 519 518)
4(484 485 520 519)
4(485 486 521 520)
4(486 487 522 521)
4(487 488 523 522)
4(488 489 524 523)
4(489 16 17 524)
4(17 490 525 18)
4(490 491 526 525)
4(491 492 527 526)
4(492 493 528 527)
4(493 494 529 528)
4(494 495 530 529)
4(495 496 531 530)
4(496 497 532 531)
4(497 498 533 532)
4(498 499 534 533)
4(499 500 535 534)
4(500 501 536 535)
4(501 502 537 536)
4(502 503 538 537)
4(503 504 539 538)
4(504 505 540 539)
4(505 506 541 540)
4(506 507 542 541)
4(507 508 543 542)
4(508 509 544 543)
4(509 510 545 544)
4(510 511 546 545)
4(511 512 547 546)
4(512 513 548 547)
4(513 514 549 548)
4(514 515 550 549)
4(515 516 551 550)
4(516 517 552 551)
4(517 518 553 552)
4(518 519 554 553)
4(519 520 555 554)
4(520 521 556 555)
4(521 522 557 556)
4(522 523 558 557)
4(523 524 559 558)
4(524 17 18 559)
4(18 525 560 19)
4(525 526 561 560)
4(526 527 562 561)
4(527 528 563 562)
4(528 529 564 563)
4(529 530 565 564)
4(530 531 566 565)
4(531 532 567 566)
4(532 533 568 567)
4(533 534 569 568)
4(534 535 570 569)
4(535 536 571 570)
4(536 537 572 571)
4(537 538 573 572)
4(538 539 574 573)
4(539 540 575 574)
4(540 541 576 575)
4(541 542 577 576)
4(542 543 578 577)
4(543 544 579 578)
4(544 545 580 579)
4(545 546 581 580)
4(546 547 582 581)
4(547 548 583 582)
4(548 549 584 583)
4(549 550 585 584)
4(550 551 586 585)
4(551 552 587 586)
4(552 553 588 587)
4(553 554 589 588)
4(554 555 590 589)
4(555 556 591 590)
4(556 557 592 591)
4(557 558 593 592)
4(558 559 594 593)
4(559 18 19 594)
4(19 560 595 20)
4(560 561 596 595)
4(561 562 597 596)
4(562 563 598 597)
4(563 564 599 598)
4(564 565 600 599)
4(565 566 601 600)
4(566 567 602 601)
4(567 568 603 602)
4(568 569 604 603)
4(569 570 605 604)
4(570 571 606 605)
4(571 572 607 606)
4(572 573 608 607)
4(573 574 609 608)
4(574 575 610 609)
4(575 576 611 610)
4(576 577 612 611)
4(577 578 613 612)
4(578 579 614 613)
4(579 580 615 614)
4(580 581 616 615)
4(581 582 617 616)
4(582 583 618 617)
4(583 584 619 618)
4(584 585 620 619)
4(585 586 621 620)
4(586 587 622 621)
4(587 588 623 622)
4(588 589 624 623)
4(589 590 625 624)
4(590 591 626 625)
4(591 592 627 626)
4(592 593 628 627)
4(593 594 629 628)
4(594 19 20 629)
4(20 595 630 21)
4(595 596 631 630)
4(596 597 632 631)
4(597 598 633 632)
4(598 599 634 633)
4(599 600 635 634)
4(600 601 636 635)
4(601 602 637 636)
4(602 603 638 637)
4(603 604 639 638)
4(604 605 640 639)
4(605 606 641 640)
4(606 607 642 641)
4(607 608 643 642)
4(608 609 644 643)
4(609 610 645 644)
4(610 611 646 645)
4(611 612 647 646)
4(612 613 648 647)
4(613 614 649 648)
4(614 615 650 649)
4(615 616 651 650)
4(616 617 652 651)
4(617 618 653 652)
4(618 619 654 653)
4(619 620 655 654)
4(620 621 656 655)
4(621 622 657 656)
4(622 623 658 657)
4(623 624 659 658)
4(624 625 660 659)
4(625 626 661 660)
4(626 627 662 661)
4(627 628 663 662)
4(628 629 664 663)
4(629 20 21 664)
4(21 630 665 22)
4(630 631 666 665)
4(631 632 667 666)
4(632 633 668 667)
4(633 634 669 668)
4(634 635 670 669)
4(635 636 671 670)
4(636 637 672 671)
4(637 638 673 672)
4(638 639 674 673)
4(639 640 675 674)
4(640 641 676 675)
4(641 642 677 676)
4(642 643 678 677)
4(643 644 679 678)
4(644 645 680 679)
4(645 646 681 680)
4(646 647 682 681)
4(647 648 683 682)
4(648 649 684 683)
4(649 650 685 684)
4(650 651 686 685)
4(651 652 687 686)
4(652 653 688 687)
4(653 654 689 688)
4(654 655 690 689)
4(655 656 691 690)
4(656 657 692 691)
4(657 658 693 692)
4(658 659 694 693)
4(659 660 695 694)
4(660 661 696 695)
4(661 662 697 696)
4(662 663 698 697)
4(663 664 699 698)
4(664 21 22 699)
4(22 665 700 23)
4(665 666 701 700)
4(666 667 702 701)
4(667 668 703 702)
4(668 669 704 703)
4(669 670 705 704)
4(670 671 706 705)
4(671 672 707 706)
4(672 673 708 707)
4(673 674 709 708)
4(674 675 710 709)
4(675 676 711 710)
4(676 677 712 711)
4(677 678 713 712)
4(678 679 714 713)
4(679 680 715 714)
4(680 681 716 715)
4(681 682 717 716)
4(682 683 718 717)
4(683 684 719 718)
4(684 685 720 719)
4(685 686 721 720)
4(686 687 722 721)
4(687 688 723 722)
4(688 689 724 723)
4(689 690 725 724)
4(690 691 726 725)
4(691 692 727 726)
4(692 693 728 727)
4(693 694 729 728)
4(694 695 730 729)
4(695 696 731 730)
4(696 697 732 731)
4(697 698 733 732)
4(698 699 734 733)
4(699 22 23 734)
4(23 700 735 24)
4(700 701 736 735)
4(701 702 737 736)
4(702 703 738 737)
4(703 704 739 738)
4(704 705 740 739)
4(705 706 741 740)
4(706 707 742 741)
4(707 708 743 742)
4(708 709 744 743)
4(709 710 745 744)
4(710 711 746 745)
4(711 712 747 746)
4(712 713 748 747)
4(713 714 749 748)
4(714 715 750 749)
4(715 716 751 750)
4(716 717 752 751)
4(717 718 753 752)
4(718 719 754 753)
4(719 720 755 754)
4(720 721 756 755)
4(721 722 757 756)
4(722 723 758 757)
4(723 724 759 758)
4(724 725 760 759)
4(725 726 761 760)
4(726 727 762 761)
4(727 728 763 762)
4(728 729 764 763)
4(729 730 765 764)
4(730 731 766 765)
4(731 732 767 766)
4(732 733 768 767)
4(733 734 769 768)
4(734 23 24 769)
4(24 735 770 25)
4(735 736 771 770)
4(736 737 772 771)
4(737 738 773 772)
4(738 739 774 773)
4(739 740 775 774)
4(740 741 776 775)
4(741 742 777 776)
4(742 743 778 777)
4(743 744 779 778)
4(744 745 780 779)
4(745 746 781 780)
4(746 747 782 781)
4(747 748 783 782)
4(748 749 784 783)
4(749 750 785 784)
4(750 751 786 785)
4(751 752 787 786)
4(752 753 788 787)
4(753 754 789 788)
4(754 755 790 789)
4(755 756 791 790)
4(756 757 792 791)
4(757 758 793 792)
4(758 759 794 793)
4(759 760 795 794)
4(760 761 796 795)
4(761 762 797 796)
4(762 763 798 797)
4(763 764 799 798)
4(764 765 800 799)
4(765 766 801 800)
4(766 767 802 801)
4(767 768 803 802)
4(768 769 804 803)
4(769 24 25 804)
3(1 25 770)
3(1 770 771)
3(1 771 772)
3(1 772 773)
3(1 773 774)
3(1 774 775)
3(1 775 776)
3(1 776 777)
3(1 777 778)
3(1 778 779)
3(1 779 780)
3(1 780 781)
3(1 781 782)
3(1 782 783)
3(1 783 784)
3(1 784 785)
3(1 785 786)
3(1 786 787)
3(1 787 788)
3(1 788 789)
3(1 789 790)
3(1 790 791)
3(1 791 792)
3(1 792 793)
3(1 793 794)
3(1 794 795)
3(1 795 796)
3(1 796 797)
3(1 797 798)
3(1 798 799)
3(1 799 800)
3(1 800 801)
3(1 801 802)
3(1 802 803)
3(1 803 804)
3(1 804 25)
4(4 245 70 0)
4(245 246 71 70)
4(246 247 72 71)
4(247 248 73 72)
4(248 249 74 73)
4(249 250 75 74)
4(250 251 76 75)
4(251 252 77 76)
4(252 253 78 77)
4(253 254 79 78)
4(254 255 80 79)
4(255 256 81 80)
4(256 257 82 81)
4(257 258 83 82)
4(258 259 84 83)
4(259 260 85 84)
4(260 261 86 85)
4(261 262 87 86)
4(262 263 88 87)
4(263 264 89 88)
4(264 265 90 89)
4(265 266 91 90)
4(266 267 92 91)
4(267 268 93 92)
4(268 269 94 93)
4(269 270 95 94)
4(270 271 96 95)
4(271 272 97 96)
4(272 273 98 97)
4(273 274 99 98)
4(274 275 100 99)
4(275 276 101 100)
4(276 277 102 101)
4(277 278 103 102)
4(278 279 104 103)
4(279 4 0 104)
4(12 5 280 315)
4(315 280 281 316)
4(316 281 282 317)
4(317 282 283 318)
4(318 283 284 319)
4(319 284 285 320)
4(320 285 286 321)
4(321 286 287 322)
4(322 287 288 323)
4(323 288 289 324)
4(324 289 290 325)
4(325 290 291 326)
4(326 291 292 327)
4(327 292 293 328)
4(328 293 294 329)
4(329 294 295 330)
4(330 295 296 331)
4(331 296 297 332)
4(332 297 298 333)
4(333 298 299 334)
4(334 299 300 335)
4(335 300 301 336)
4(336 301 302 337)
4(337 302 303 338)
4(338 303 304 339)
4(339 304 305 340)
4(340 305 306 341)
4(341 306 307 342)
4(342 307 308 343)
4(343 308 309 344)
4(344 309 310 345)
4(345 310 311 346)
4(346 311 312 347)
4(347 312 313 348)
4(348 313 314 349)
4(349 314 5 12)
4(13 12 315 350)
4(350 315 316 351)
4(351 316 317 352)
4(352 317 318 353)
4(353 318 319 354)
4(354 319 320 355)
4(355 320 321 356)
4(356 321 322 357)
4(357 322 323 358)
4(358 323 324 359)
4(359 324 325 360)
4(360 325 326 361)
4(361 326 327 362)
4(362 327 328 363)
4(363 328 329 364)
4(364 329 330 365)
4(365 330 331 366)
4(366 331 332 367)
4(367 332 333 368)
4(368 333 334 369)
4(369 334 335 370)
4(370 335 336 371)
4(371 336 337 372)
4(372 337 338 373)
4(373 338 339 374)
4(374 339 340 375)
4(375 340 341 376)
4(376 341 342 377)
4(377 342 343 378)
4(378 343 344 379)
4(379 344 345 380)
4(380 345 346 381)
4(381 346 347 382)
4(382 347 348 383)
4(383 348 349 384)
4(384 349 12 13)
4(5 3 210 280)
4(280 210 211 281)
4(281 211 212 282)
4(282 212 213 283)
4(283 213 214 284)
4(284 214 215 285)
4(285 215 216 286)
4(286 216 217 287)
4(287 217 218 288)
4(288 218 219 289)
4(289 219 220 290)
4(290 220 221 291)
4(291 221 222 292)
4(292 222 223 293)
4(293 223 224 294)
4(294 224 225 295)
4(295 225 226 296)
4(296 226 227 297)
4(297 227 228 298)
4(298 228 229 299)
4(299 229 230 300)
4(300 230 231 301)
4(301 231 232 302)
4(302 232 233 303)
4(303 233 234 304)
4(304 234 235 305)
4(305 235 236 306)
4(306 236 237 307)
4(307 237 238 308)
4(308 238 239 309)
4(309 239 240 310)
4(310 240 241 311)
4(311 241 242 312)
4(312 242 243 313)
4(313 243 244 314)
4(314 244 3 5)
4(3 26 805 210)
4(210 805 806 211)
4(211 806 807 212)
4(212 807 808 213)
4(213 808 809 214)
4(214 809 810 215)
4(215 810 811 216)
4(216 811 812 217)
4(217 812 813 218)
4(218 813 814 219)
4(219 814 815 220)
4(220 815 816 221)
4(221 816 817 222)
4(222 817 818 223)
4(223 818 819 224)
4(224 819 820 225)
4(225 820 821 226)
4(226 821 822 227)
4(227 822 823 228)
4(228 823 824 229)
4(229 824 825 230)
4(230 825 826 231)
4(231 826 827 232)
4(232 827 828 233)
4(233 828 829 234)
4(234 829 830 235)
4(235 830 831 236)
4(236 831 832 237)
4(237 832 833 238)
4(238 833 834 239)
4(239 834 835 240)
4(240 835 836 241)
4(241 836 837 242)
4(242 837 838 243)
4(243 838 839 244)
4(244 839 26 3)
4(26 27 840 805)
4(805 840 841 806)
4(806 841 842 807)
4(807 842 843 808)
4(808 843 844 809)
4(809 844 845 810)
4(810 845 846 811)
4(811 846 847 812)
4(812 847 848 813)
4(813 848 849 814)
4(814 849 850 815)
4(815 850 851 816)
4(816 851 852 817)
4(817 852 853 818)
4(818 853 854 819)
4(819 854 855 820)
4(820 855 856 821)
4(821 856 857 822)
4(822 857 858 823)
4(823 858 859 824)
4(824 859 860 825)
4(825 860 861 826)
4(826 861 862 827)
4(827 862 863 828)
4(828 863 864 829)
4(829 864 865 830)
4(830 865 866 831)
4(831 866 867 832)
4(832 867 868 833)
4(833 868 869 834)
4(834 869 870 835)
4(835 870 871 836)
4(836 871 872 837)
4(837 872 873 838)
4(838 873 874 839)
4(839 874 27 26)
4(27 28 875 840)
4(840 875 876 841)
4(841 876 877 842)
4(842 877 878 843)
4(843 878 879 844)
4(844 879 880 845)
4(845 880 881 846)
4(846 881 882 847)
4(847 882 883 848)
4(848 883 884 849)
4(849 884 885 850)
4(850 885 886 851)
4(851 886 887 852)
4(852 887 888 853)
4(853 888 889 854)
4(854 889 890 855)
4(855 890 891 856)
4(856 891 892 857)
4(857 892 893 858)
4(858 893 894 859)
4(859 894 895 860)
4(860 895 896 861)
4(861 896 897 862)
4(862 897 898 863)
4(863 898 899 864)
4(864 899 900 865)
4(865 900 901 866)
4(866 901 902 867)
4(867 902 903 868)
4(868 903 904 869)
4(869 904 905 870)
4(870 905 906 871)
4(871 906 907 872)
4(872 907 908 873)
4(873 908 909 874)
4(874 909 28 27)
4(28 29 910 875)
4(875 910 911 876)
4(876 911 912 877)
4(877 912 913 878)
4(878 913 914 879)
4(879 914 915 880)
4(880 915 916 881)
4(881 916 917 882)
4(882 917 918 883)
4(883 918 919 884)
4(884 919 920 885)
4(885 920 921 886)
4(886 921 922 887)
4(887 922 923 888)
4(888 923 924 889)
4(889 924 925 890)
4(890 925 926 891)
4(891 926 927 892)
4(892 927 928 893)
4(893 928 929 894)
4(894 929 930 895)
4(895 930 931 896)
4(896 931 932 897)
4(897 932 933 898)
4(898 933 934 899)
4(899 934 935 900)
4(900 935 936 901)
4(901 936 937 902)
4(902 937 938 903)
4(903 938 939 904)
4(904 939 940 905)
4(905 940 941 906)
4(906 941 942 907)
4(907 942 943 908)
4(908 943 944 909)
4(909 944 29 28)
4(29 30 945 910)
4(910 945 946 911)
4(911 946 947 912)
4(912 947 948 913)
4(913 948 949 914)
4(914 949 950 915)
4(915 950 951 916)
4(916 951 952 917)
4(917 952 953 918)
4(918 953 954 919)
4(919 954 955 920)
4(920 955 956 921)
4(921 956 957 922)
4(922 957 958 923)
4(923 958 959 924)
4(924 959 960 925)
4(925 960 961 926)
4(926 961 962 927)
4(927 962 963 928)
4(928 963 964 929)
4(929 964 965 930)
4(930 965 966 931)
4(931 966 967 932)
4(932 967 968 933)
4(933 968 969 934)
4(934 969 970 935)
4(935 970 971 936)
4(936 971 972 937)
4(937 972 973 938)
4(938 973 974 939)
4(939 974 975 940)
4(940 975 976 941)
4(941 976 977 942)
4(942 977 978 943)
4(943 978 979 944)
4(944 979 30 29)
4(30 31 980 945)
4(945 980 981 946)
4(946 981 982 947)
4(947 982 983 948)
4(948 983 984 949)
4(949 984 985 950)
4(950 985 986 951)
4(951 986 987 952)
4(952 987 988 953)
4(953 988 989 954)
4(954 989 990 955)
4(955 990 991 956)
4(956 991 992 957)
4(957 992 993 958)
4(958 993 994 959)
4(959 994 995 960)
4(960 995 996 961)
4(961 996 997 962)
4(962 997 998 963)
4(963 998 999 964)
4(964 999 1000 965)
4(965 1000 1001 966)
4(966 1001 1002 967)
4(967 1002 1003 968)
4(968 1003 1004 969)
4(969 1004 1005 970)
4(970 1005 1006 971)
4(971 1006 1007 972)
4(972 1007 1008 973)
4(973 1008 1009 974)
4(974 1009 1010 975)
4(975 1010 1011 976)
4(976 1011 1012 977)
4(977 1012 1013 978)
4(978 1013 1014 979)
4(979 1014 31 30)
4(31 32 1015 980)
4(980 1015 1016 981)
4(981 1016 1017 982)
4(982 1017 1018 983)
4(983 1018 1019 984)
4(984 1019 1020 985)
4(985 1020 1021 986)
4(986 1021 1022 987)
4(987 1022 1023 988)
4(988 1023 1024 989)
4(989 1024 1025 990)
4(990 1025 1026 991)
4(991 1026 1027 992)
4(992 1027 1028 993)
4(993 1028 1029 994)
4(994 1029 1030 995)
4(995 1030 1031 996)
4(996 1031 1032 997)
4(997 1032 1033 998)
4(998 1033 1034 999)
4(999 1034 1035 1000)
4(1000 1035 1036 1001)
4(1001 1036 1037 1002)
4(1002 1037 1038 1003)
4(1003 1038 1039 1004)
4(1004 1039 1040 1005)
4(1005 1040 1041 1006)
4(1006 1041 1042 1007)
4(1007 1042 1043 1008)
4(1008 1043 1044 1009)
4(1009 1044 1045 1010)
4(1010 1045 1046 1011)
4(1011 1046 1047 1012)
4(1012 1047 1048 1013)
4(1013 1048 1049 1014)
4(1014 1049 32 31)
4(32 33 1050 1015)
4(1015 1050 1051 1016)
4(1016 1051 1052 1017)
4(1017 1052 1053 1018)
4(1018 1053 1054 1019)
4(1019 1054 1055 1020)
4(1020 1055 1056 1021)
4(1021 1056 1057 1022)
4(1022 1057 1058 1023)
4(1023 1058 1059 1024)
4(1024 1059 1060 1025)
4(1025 1060 1061 1026)
4(1026 1061 1062 1027)
4(1027 1062 1063 1028)
4(1028 1063 1064 1029)
4(1029 1064 1065 1030)
4(1030 1065 1066 1031)
4(1031 1066 1067 1032)
4(1032 1067 1068 1033)
4(1033 1068 1069 1034)
4(1034 1069 1070 1035)
4(1035 1070 1071 1036)
4(1036 1071 1072 1037)
4(1037 1072 1073 1038)
4(1038 1073 1074 1039)
4(1039 1074 1075 1040)
4(1040 1075 1076 1041)
4(1041 1076 1077 1042)
4(1042 1077 1078 1043)
4(1043 1078 1079 1044)
4(1044 1079 1080 1045)
4(1045 1080 1081 1046)
4(1046 1081 1082 1047)
4(1047 1082 1083 1048)
4(1048 1083 1084 1049)
4(1049 1084 33 32)
4(33 34 1085 1050)
4(1050 1085 1086 1051)
4(1051 1086 1087 1052)
4(1052 1087 1088 1053)
4(1053 1088 1089 1054)
4(1054 1089 1090 1055)
4(1055 1090 1091 1056)
4(1056 1091 1092 1057)
4(1057 1092 1093 1058)
4(1058 1093 1094 1059)
4(1059 1094 1095 1060)
4(1060 1095 1096 1061)
4(1061 1096 1097 1062)
4(1062 1097 1098 1063)
4(1063 1098 1099 1064)
4(1064 1099 1100 1065)
4(1065 1100 1101 1066)
4(1066 1101 1102 1067)
4(1067 1102 1103 1068)
4(1068 1103 1104 1069)
4(1069 1104 1105 1070)
4(1070 1105 1106 1071)
4(1071 1106 1107 1072)
4(1072 1107 1108 1073)
4(1073 1108 1109 1074)
4(1074 1109 1110 1075)
4(1075 1110 1111 1076)
4(1076 1111 1112 1077)
4(1077 1112 1113 1078)
4(1078 1113 1114 1079)
4(1079 1114 1115 1080)
4(1080 1115 1116 1081)
4(1081 1116 1117 1082)
4(1082 1117 1118 1083)
4(1083 1118 1119 1084)
4(1084 1119 34 33)
4(34 35 1120 1085)
4(1085 1120 1121 1086)
4(1086 1121 1122 1087)
4(1087 1122 1123 1088)
4(1088 1123 1124 1089)
4(1089 1124 1125 1090)
4(1090 1125 1126 1091)
4(1091 1126 1127 1092)
4(1092 1127 1128 1093)
4(1093 1128 1129 1094)
4(1094 1129 1130 1095)
4(1095 1130 1131 1096)
4(1096 1131 1132 1097)
4(1097 1132 1133 1098)
4(1098 1133 1134 1099)
4(1099 1134 1135 1100)
4(1100 1135 1136 1101)
4(1101 1136 1137 1102)
4(1102 1137 1138 1103)
4(1103 1138 1139 1104)
4(1104 1139 1140 1105)
4(1105 1140 1141 1106)
4(1106 1141 1142 1107)
4(1107 1142 1143 1108)
4(1108 1143 1144 1109)
4(1109 1144 1145 1110)
4(1110 1145 1146 1111)
4(1111 1146 1147 1112)
4(1112 1147 1148 1113)
4(1113 1148 1149 1114)
4(1114 1149 1150 1115)
4(1115 1150 1151 1116)
4(1116 1151 1152 1117)
4(1117 1152 1153 1118)
4(1118 1153 1154 1119)
4(1119 1154 35 34)
4(35 36 1155 1120)
4(1120 1155 1156 1121)
4(1121 1156 1157 1122)
4(1122 1157 1158 1123)
4(1123 1158 1159 1124)
4(1124 1159 1160 1125)
4(1125 1160 1161 1126)
4(1126 1161 1162 1127)
4(1127 1162 1163 1128)
4(1128 1163 1164 1129)
4(1129 1164 1165 1130)
4(1130 1165 1166 1131)
4(1131 1166 1167 1132)
4(1132 1167 1168 1133)
4(1133 1168 1169 1134)
4(1134 1169 1170 1135)
4(1135 1170 1171 1136)
4(1136 1171 1172 1137)
4(1137 1172 1173 1138)
4(1138 1173 1174 1139)
4(1139 1174 1175 1140)
4(1140 1175 1176 1141)
4(1141 1176 1177 1142)
4(1142 1177 1178 1143)
4(1143 1178 1179 1144)
4(1144 1179 1180 1145)
4(1145 1180 1181 1146)
4(1146 1181 1182 1147)
4(1147 1182 1183 1148)
4(1148 1183 1184 1149)
4(1149 1184 1185 1150)
4(1150 1185 1186 1151)
4(1151 1186 1187 1152)
4(1152 1187 1188 1153)
4(1153 1188 1189 1154)
4(1154 1189 36 35)
3(2 1155 36)
3(2 1156 1155)
3(2 1157 1156)
3(2 1158 1157)
3(2 1159 1158)
3(2 1160 1159)
3(2 1161 1160)
3(2 1162 1161)
3(2 1163 1162)
3(2 1164 1163)
3(2 1165 1164)
3(2 1166 1165)
3(2 1167 1166)
3(2 1168 1167)
3(2 1169 1168)
3(2 1170 1169)
3(2 1171 1170)
3(2 1172 1171)
3(2 1173 1172)
3(2 1174 1173)
3(2 1175 1174)
3(2 1176 1175)
3(2 1177 1176)
3(2 1178 1177)
3(2 1179 1178)
3(2 1180 1179)
3(2 1181 1180)
3(2 1182 1181)
3(2 1183 1182)
3(2 1184 1183)
3(2 1185 1184)
3(2 1186 1185)
3(2 1187 1186)
3(2 1188 1187)
3(2 1189 1188)
3(2 36 1189)
)


// ************************************************************************* //
