/*--------------------------------*- C++ -*----------------------------------*\
| =========                 |                                                 |
| \\      /  F ield         | OpenFOAM: The Open Source CFD Toolbox           |
|  \\    /   O peration     | Version:  2506                                  |
|   \\  /    A nd           | Website:  www.openfoam.com                      |
|    \\/     M anipulation  |                                                 |
\*---------------------------------------------------------------------------*/
FoamFile
{
    version     2.0;
    format      ascii;
    arch        "LSB;label=32;scalar=64";
    class       volScalarField;
    location    "0/cap";
    object      V;
}
// * * * * * * * * * * * * * * * * * * * * * * * * * * * * * * * * * * * * * //

dimensions      [0 3 0 0 0 0 0];

internalField   nonuniform List<scalar> 
14720
(
7.0589829e-11
1.4475211e-10
1.2454202e-10
1.237265e-10
1.2464515e-10
1.2416291e-10
1.6760782e-10
1.1686477e-10
6.4662435e-11
1.6598076e-10
1.1951074e-10
1.3127859e-10
1.3059363e-10
1.324641e-10
1.3279612e-10
1.3047498e-10
1.3307758e-10
1.2518808e-10
1.2090285e-10
1.2970195e-10
1.0238958e-10
1.1800438e-10
1.3028974e-10
1.3389544e-10
1.3324063e-10
1.3111759e-10
1.2993793e-10
1.2986762e-10
1.3018086e-10
1.3262815e-10
1.335375e-10
1.3177534e-10
1.2040194e-10
1.6047689e-10
1.0177749e-10
1.3090231e-10
1.3199882e-10
1.3481521e-10
1.3122996e-10
1.2904814e-10
1.2787353e-10
1.2716298e-10
1.2705448e-10
1.2738193e-10
1.284929e-10
1.2984051e-10
1.3238098e-10
1.3519589e-10
1.3191543e-10
1.6649338e-10
6.4847563e-11
1.1806034e-10
1.3164437e-10
1.3152563e-10
1.2985273e-10
1.2793824e-10
1.2691365e-10
1.2626266e-10
1.2610815e-10
1.2605541e-10
1.2599597e-10
1.2656821e-10
1.2717913e-10
1.2868264e-10
1.3068527e-10
1.3230741e-10
1.2766478e-10
1.4625885e-10
1.6576756e-10
1.2988774e-10
1.3480358e-10
1.2978793e-10
1.2742024e-10
1.2648088e-10
1.2600234e-10
1.2565615e-10
1.2573786e-10
1.2566697e-10
1.2570362e-10
1.2587287e-10
1.260897e-10
1.2680831e-10
1.2828432e-10
1.317073e-10
1.3578005e-10
1.2100071e-10
8.1748792e-11
7.0216282e-11
1.1963704e-10
1.337998e-10
1.3127506e-10
1.2803323e-10
1.2651945e-10
1.2588388e-10
1.2565903e-10
1.2552661e-10
1.2549352e-10
1.2551005e-10
1.2551585e-10
1.2558353e-10
1.257365e-10
1.2612897e-10
1.2703656e-10
1.2924401e-10
1.328807e-10
1.3240546e-10
1.6400573e-10
1.4284623e-10
1.314181e-10
1.3298143e-10
1.290952e-10
1.2682028e-10
1.2598484e-10
1.256306e-10
1.2556352e-10
1.2548298e-10
1.2544502e-10
1.2540013e-10
1.2543015e-10
1.2543543e-10
1.2554954e-10
1.2577081e-10
1.2619851e-10
1.2766034e-10
1.3068176e-10
1.3447778e-10
1.1812325e-10
1.281788e-10
1.3063858e-10
1.3108719e-10
1.2792052e-10
1.2625801e-10
1.2574706e-10
1.2555996e-10
1.2545134e-10
1.2541499e-10
1.2533636e-10
1.2538356e-10
1.2537506e-10
1.253984e-10
1.2556707e-10
1.2568811e-10
1.2594246e-10
1.2686799e-10
1.2922294e-10
1.3276345e-10
1.2284793e-10
9.8044799e-11
1.2453989e-10
1.3249283e-10
1.2961092e-10
1.2712449e-10
1.2610159e-10
1.2574807e-10
1.2554174e-10
1.2541927e-10
1.2534902e-10
1.253207e-10
1.2536651e-10
1.2540424e-10
1.2540463e-10
1.2544351e-10
1.2552372e-10
1.2583037e-10
1.2648016e-10
1.2838771e-10
1.3204549e-10
1.3016142e-10
1.2292448e-10
1.2491964e-10
1.3327366e-10
1.2964433e-10
1.2697857e-10
1.2604955e-10
1.2566226e-10
1.2547926e-10
1.253867e-10
1.2540616e-10
1.2540746e-10
1.2544841e-10
1.2529776e-10
1.2544564e-10
1.2546179e-10
1.2557043e-10
1.2570542e-10
1.2647303e-10
1.282198e-10
1.3212843e-10
1.3247262e-10
1.2590756e-10
1.2203707e-10
1.3073259e-10
1.3005299e-10
1.2732632e-10
1.2615309e-10
1.256621e-10
1.254881e-10
1.2548118e-10
1.2543186e-10
1.2538525e-10
1.2528093e-10
1.2541727e-10
1.2547648e-10
1.2546079e-10
1.2564998e-10
1.2584545e-10
1.2668888e-10
1.2859145e-10
1.3167903e-10
1.2572197e-10
1.1698752e-10
1.6703163e-10
1.3304984e-10
1.3240068e-10
1.2825232e-10
1.2647162e-10
1.2583599e-10
1.2565495e-10
1.2552176e-10
1.2541231e-10
1.2544299e-10
1.2547698e-10
1.2538382e-10
1.2550103e-10
1.2548786e-10
1.2562821e-10
1.2601348e-10
1.2729205e-10
1.3008498e-10
1.3439933e-10
1.1706481e-10
6.4331776e-11
1.1841378e-10
1.2471842e-10
1.3336401e-10
1.300458e-10
1.2725391e-10
1.2612853e-10
1.2574621e-10
1.2558702e-10
1.2547248e-10
1.2550411e-10
1.2557823e-10
1.2552047e-10
1.2555881e-10
1.2565559e-10
1.2588799e-10
1.2657106e-10
1.2845416e-10
1.318336e-10
1.3188844e-10
1.2463918e-10
1.2116884e-10
1.3199281e-10
1.3297175e-10
1.2883109e-10
1.2680533e-10
1.2614848e-10
1.2577154e-10
1.2559716e-10
1.2550526e-10
1.2547426e-10
1.2565066e-10
1.2576846e-10
1.2592594e-10
1.2636463e-10
1.2772173e-10
1.3070754e-10
1.3426816e-10
1.2496902e-10
1.2872846e-10
1.2668218e-10
1.2020484e-10
1.3537647e-10
1.308502e-10
1.2837063e-10
1.2698525e-10
1.2626092e-10
1.2596315e-10
1.2577518e-10
1.2580049e-10
1.258905e-10
1.26109e-10
1.2664062e-10
1.2769589e-10
1.2961307e-10
1.33147e-10
1.363127e-10
1.2502965e-10
1.6060406e-10
1.3041488e-10
1.3278784e-10
1.3206716e-10
1.2941485e-10
1.2775028e-10
1.2696735e-10
1.2646022e-10
1.2638521e-10
1.2669858e-10
1.2729726e-10
1.2853393e-10
1.3080988e-10
1.3312098e-10
1.3228469e-10
1.2734913e-10
8.8589122e-11
1.6368031e-10
1.2655966e-10
1.3570675e-10
1.3310749e-10
1.3086071e-10
1.2913938e-10
1.2832351e-10
1.2834976e-10
1.287221e-10
1.3024084e-10
1.320682e-10
1.3453547e-10
1.3573674e-10
1.2732159e-10
1.0054545e-10
1.4720025e-10
1.2087686e-10
1.3198496e-10
1.3444468e-10
1.3251799e-10
1.3195006e-10
1.3238058e-10
1.319983e-10
1.350234e-10
1.3228857e-10
1.2539027e-10
1.2497643e-10
9.0227416e-11
8.150023e-11
1.6610604e-10
1.1924333e-10
1.2001799e-10
1.2988207e-10
1.3235288e-10
1.2579015e-10
1.1711028e-10
1.2294746e-10
1.3004307e-10
1.0210327e-10
1.2423186e-10
1.2629067e-10
1.1630288e-10
6.195831e-11
7.1971135e-11
1.4245024e-10
1.1912269e-10
1.2607977e-10
1.2786531e-10
1.2183596e-10
1.5643439e-10
1.1430399e-10
7.3892725e-11
1.6314634e-10
1.1037796e-09
1.0515506e-09
1.0365025e-09
1.0417184e-09
1.041431e-09
1.035894e-09
1.0498957e-09
1.1009588e-09
1.1925119e-10
1.2098551e-10
9.3484372e-11
1.0964077e-09
1.0733082e-09
1.0227086e-09
1.0504119e-09
1.0433924e-09
1.0393858e-09
1.0392459e-09
1.0430585e-09
1.0498539e-09
1.0218087e-09
1.0738393e-09
1.1006381e-09
1.4285067e-10
9.384048e-11
1.1776061e-09
1.0403983e-09
1.058624e-09
1.0474853e-09
1.0378155e-09
1.0311588e-09
1.0275278e-09
1.0274905e-09
1.0309935e-09
1.0374579e-09
1.0466903e-09
1.0579577e-09
1.0408609e-09
1.1739846e-09
1.4380123e-10
7.3049217e-11
1.0993967e-09
1.0406208e-09
1.0589557e-09
1.0452898e-09
1.0339169e-09
1.025523e-09
1.0202961e-09
1.0179286e-09
1.0178734e-09
1.0202481e-09
1.0252934e-09
1.033354e-09
1.0445656e-09
1.058262e-09
1.0400532e-09
1.100454e-09
1.3327839e-10
1.6412444e-10
1.0743977e-09
1.0587375e-09
1.0451365e-09
1.0321161e-09
1.0227505e-09
1.0167544e-09
1.0132867e-09
1.0117971e-09
1.0117833e-09
1.0133379e-09
1.0166593e-09
1.02238e-09
1.0315818e-09
1.0443462e-09
1.0579096e-09
1.074776e-09
1.2367168e-10
7.8877262e-11
6.9942019e-11
1.1024785e-09
1.0227098e-09
1.0475292e-09
1.0338891e-09
1.0227429e-09
1.0157603e-09
1.0115919e-09
1.0092076e-09
1.0081426e-09
1.0081248e-09
1.0091685e-09
1.0114888e-09
1.0156104e-09
1.022501e-09
1.0334352e-09
1.0469995e-09
1.0229862e-09
1.1054003e-09
1.4850057e-10
1.3732417e-10
1.0518253e-09
1.0504741e-09
1.0377942e-09
1.0254474e-09
1.0167835e-09
1.0115663e-09
1.0085127e-09
1.0068162e-09
1.006009e-09
1.0060004e-09
1.0067267e-09
1.0084057e-09
1.0115023e-09
1.0167339e-09
1.0252936e-09
1.0374901e-09
1.0500935e-09
1.0516315e-09
1.2500358e-10
1.1946587e-10
1.0365208e-09
1.0431049e-09
1.0310758e-09
1.0203304e-09
1.0133688e-09
1.0092187e-09
1.0067603e-09
1.0054275e-09
1.0047189e-09
1.0047483e-09
1.005318e-09
1.006675e-09
1.0091494e-09
1.0134149e-09
1.0203452e-09
1.0311128e-09
1.0433228e-09
1.0362444e-09
1.1952666e-10
1.0505085e-10
1.2609721e-10
1.0418731e-09
1.0388662e-09
1.0273619e-09
1.0179516e-09
1.0118372e-09
1.0081438e-09
1.005948e-09
1.004734e-09
1.0041815e-09
1.004189e-09
1.0047585e-09
1.0059975e-09
1.0081146e-09
1.0118602e-09
1.018029e-09
1.0277275e-09
1.0396576e-09
1.0416205e-09
1.2187625e-10
1.2690524e-10
1.2796628e-10
1.0419999e-09
1.0388152e-09
1.0272971e-09
1.0179015e-09
1.0117408e-09
1.0080676e-09
1.0059373e-09
1.0047063e-09
1.0041596e-09
1.0041421e-09
1.0047521e-09
1.0060561e-09
1.0082084e-09
1.0118517e-09
1.018e-09
1.027737e-09
1.0396284e-09
1.0416077e-09
1.2323762e-10
1.2823122e-10
1.2228183e-10
1.0367492e-09
1.0427884e-09
1.0308223e-09
1.020245e-09
1.0133265e-09
1.0092167e-09
1.0068009e-09
1.0053726e-09
1.0047155e-09
1.004716e-09
1.0054208e-09
1.0068421e-09
1.0092792e-09
1.013417e-09
1.0203964e-09
1.0313104e-09
1.0435149e-09
1.0368883e-09
1.2032985e-10
1.2255112e-10
1.5867269e-10
1.0498453e-09
1.0495488e-09
1.0374958e-09
1.0254127e-09
1.016798e-09
1.0116273e-09
1.0084915e-09
1.0067432e-09
1.0060283e-09
1.0060587e-09
1.0068239e-09
1.0085651e-09
1.0115886e-09
1.0168363e-09
1.0255483e-09
1.0379022e-09
1.0501417e-09
1.0507597e-09
1.2311601e-10
6.5654389e-11
1.1495617e-10
1.0975758e-09
1.0212628e-09
1.047444e-09
1.0338947e-09
1.0227976e-09
1.0157988e-09
1.0115349e-09
1.0092063e-09
1.0081907e-09
1.0082295e-09
1.0092907e-09
1.0116159e-09
1.0158074e-09
1.0228649e-09
1.0340778e-09
1.0476382e-09
1.022273e-09
1.1028985e-09
1.2075506e-10
1.1807691e-10
1.0746222e-09
1.0592412e-09
1.0454348e-09
1.03212e-09
1.022728e-09
1.0168272e-09
1.0134247e-09
1.0118149e-09
1.0118639e-09
1.0135224e-09
1.0169284e-09
1.0228931e-09
1.0323697e-09
1.0457066e-09
1.0591097e-09
1.0732439e-09
1.1528557e-10
1.2265848e-10
1.2395697e-10
1.1054892e-09
1.0415514e-09
1.0591578e-09
1.0450703e-09
1.0337876e-09
1.0255372e-09
1.0204539e-09
1.0180162e-09
1.018098e-09
1.0206046e-09
1.0257557e-09
1.0341623e-09
1.0455585e-09
1.0596678e-09
1.0416277e-09
1.0993105e-09
1.1627615e-10
1.4358644e-10
1.1742621e-09
1.0401082e-09
1.0582996e-09
1.0473982e-09
1.0378237e-09
1.0312204e-09
1.0277507e-09
1.0279373e-09
1.0315935e-09
1.0381868e-09
1.0477337e-09
1.0587332e-09
1.0402852e-09
1.1751888e-09
1.1744836e-10
8.4900427e-11
1.4495252e-10
1.096524e-09
1.0726328e-09
1.0227285e-09
1.0504005e-09
1.0434086e-09
1.0398158e-09
1.0401905e-09
1.0440606e-09
1.0506475e-09
1.0221325e-09
1.0727089e-09
1.0985369e-09
1.1728928e-10
8.7376442e-11
1.3262702e-10
1.2351925e-10
1.1048762e-09
1.0523289e-09
1.0372514e-09
1.0423797e-09
1.0421964e-09
1.0364788e-09
1.0497907e-09
1.1005347e-09
1.152771e-10
1.1716321e-10
8.5249019e-11
7.9406264e-11
1.4964744e-10
1.2571454e-10
1.1980204e-10
1.2204122e-10
1.2327765e-10
1.2030851e-10
1.2340278e-10
1.1985743e-10
1.2320558e-10
1.0660458e-10
1.2730175e-10
1.2851707e-10
1.2282036e-10
6.8184185e-11
7.0176069e-11
1.3354112e-10
1.1888533e-10
1.2497048e-10
1.2687251e-10
1.2082693e-10
1.5509228e-10
1.1144185e-10
7.2726565e-11
1.5967041e-10
1.0707708e-09
1.0113824e-09
9.9232479e-10
9.9593592e-10
9.9551725e-10
9.910541e-10
1.0085315e-09
1.0677743e-09
1.195624e-10
1.1969597e-10
8.8091712e-11
1.0662834e-09
1.0425124e-09
9.7934222e-10
1.0331203e-09
1.0293581e-09
1.0274042e-09
1.0271974e-09
1.0287473e-09
1.0319624e-09
9.7827152e-10
1.0434588e-09
1.0672783e-09
1.4077057e-10
8.7462836e-11
1.146384e-09
9.9749147e-10
1.042828e-09
1.0423479e-09
1.0388975e-09
1.0344114e-09
1.0317654e-09
1.0316585e-09
1.0340867e-09
1.0383337e-09
1.0418234e-09
1.0428785e-09
9.9746535e-10
1.1438218e-09
1.4403922e-10
7.2521013e-11
1.0682168e-09
9.9827862e-10
1.0513074e-09
1.0473192e-09
1.0412284e-09
1.0354757e-09
1.0313321e-09
1.0292445e-09
1.0291827e-09
1.0311627e-09
1.0351738e-09
1.040855e-09
1.0470271e-09
1.0509834e-09
9.9770803e-10
1.0673365e-09
1.3358521e-10
1.5982324e-10
1.0431249e-09
1.0432049e-09
1.0474547e-09
1.0418925e-09
1.0355372e-09
1.030796e-09
1.0276732e-09
1.026151e-09
1.0261214e-09
1.0275929e-09
1.0306268e-09
1.0352793e-09
1.0415886e-09
1.0471267e-09
1.0430644e-09
1.043696e-09
1.3012471e-10
7.7787828e-11
7.0058031e-11
1.0706078e-09
9.7947948e-10
1.0424592e-09
1.041247e-09
1.035529e-09
1.0305998e-09
1.0270344e-09
1.0247637e-09
1.0236664e-09
1.0236481e-09
1.0247043e-09
1.0269243e-09
1.0304529e-09
1.0353534e-09
1.0410415e-09
1.042329e-09
9.7956366e-10
1.0713333e-09
1.4734877e-10
1.3872873e-10
1.0122446e-09
1.0333036e-09
1.0389118e-09
1.0354552e-09
1.030787e-09
1.0270242e-09
1.0243828e-09
1.022733e-09
1.0219271e-09
1.0219171e-09
1.0226819e-09
1.0243102e-09
1.0269544e-09
1.0307249e-09
1.0353706e-09
1.0387802e-09
1.0329261e-09
1.0108946e-09
1.3161264e-10
1.1733546e-10
9.9099503e-10
1.0289671e-09
1.0342574e-09
1.0312794e-09
1.0276644e-09
1.0247555e-09
1.0227176e-09
1.0214526e-09
1.0208276e-09
1.0208257e-09
1.0214202e-09
1.0226843e-09
1.024737e-09
1.0276894e-09
1.0313262e-09
1.0343412e-09
1.0290146e-09
9.9067384e-10
1.2598375e-10
1.0274161e-10
1.2480711e-10
9.9533539e-10
1.0270221e-09
1.0315685e-09
1.0291793e-09
1.0261329e-09
1.0236532e-09
1.0219103e-09
1.020826e-09
1.0203059e-09
1.0203104e-09
1.0208365e-09
1.0219355e-09
1.0236853e-09
1.0262056e-09
1.0293091e-09
1.0318035e-09
1.0272234e-09
9.9504252e-10
1.2809619e-10
1.251451e-10
1.2690574e-10
9.9569412e-10
1.0270242e-09
1.0315285e-09
1.0291441e-09
1.0261051e-09
1.0236358e-09
1.0219051e-09
1.0208189e-09
1.0203016e-09
1.0203059e-09
1.0208497e-09
1.0219673e-09
1.0237228e-09
1.0262216e-09
1.0293208e-09
1.0318377e-09
1.0273276e-09
9.9541195e-10
1.2943125e-10
1.2678415e-10
1.2119661e-10
9.9133909e-10
1.0286647e-09
1.0340257e-09
1.0311753e-09
1.0276239e-09
1.0247442e-09
1.0227173e-09
1.0214408e-09
1.0208338e-09
1.0208454e-09
1.0214791e-09
1.0227727e-09
1.0248207e-09
1.0277485e-09
1.0313952e-09
1.0344462e-09
1.0293277e-09
9.9245491e-10
1.2698431e-10
1.2020869e-10
1.5523595e-10
1.0085574e-09
1.031869e-09
1.0384082e-09
1.0353157e-09
1.0307605e-09
1.0270263e-09
1.0243766e-09
1.0227244e-09
1.021954e-09
1.021972e-09
1.0227715e-09
1.0244313e-09
1.0270795e-09
1.0308625e-09
1.0355173e-09
1.0388229e-09
1.0325842e-09
1.0090825e-09
1.3053404e-10
6.5700149e-11
1.1159204e-10
1.0646695e-09
9.7784141e-10
1.0421207e-09
1.0412014e-09
1.0355357e-09
1.0306059e-09
1.0270321e-09
1.024785e-09
1.0237164e-09
1.0237363e-09
1.0248314e-09
1.0270848e-09
1.0306562e-09
1.0356271e-09
1.0413543e-09
1.0423989e-09
9.7884497e-10
1.0690418e-09
1.2738587e-10
1.1832e-10
1.0447279e-09
1.0437879e-09
1.0475561e-09
1.0418849e-09
1.0355219e-09
1.0308231e-09
1.0277418e-09
1.0262261e-09
1.026244e-09
1.0277785e-09
1.0308746e-09
1.035596e-09
1.0419947e-09
1.0476237e-09
1.0434029e-09
1.0425549e-09
1.2208227e-10
1.2452829e-10
1.2457496e-10
1.0735746e-09
9.9919199e-10
1.0514102e-09
1.0472629e-09
1.0411702e-09
1.0354913e-09
1.0314301e-09
1.0293668e-09
1.0293783e-09
1.0314458e-09
1.0355348e-09
1.0412162e-09
1.0474089e-09
1.0517018e-09
9.9903208e-10
1.0683285e-09
1.2403362e-10
1.404727e-10
1.1437962e-09
9.9678291e-10
1.0424635e-09
1.0422522e-09
1.0388667e-09
1.0345519e-09
1.0319608e-09
1.0319349e-09
1.0344779e-09
1.0388239e-09
1.0419692e-09
1.0424521e-09
9.9773104e-10
1.1492517e-09
1.2350834e-10
8.8754073e-11
1.4267116e-10
1.0636923e-09
1.0416588e-09
9.7931936e-10
1.0329407e-09
1.029696e-09
1.027678e-09
1.0274641e-09
1.0291695e-09
1.032741e-09
9.779939e-10
1.0409804e-09
1.0653465e-09
1.2330487e-10
9.1416777e-11
1.3379216e-10
1.3026736e-10
1.0711683e-09
1.0101026e-09
9.9348521e-10
9.9620363e-10
9.9532119e-10
9.9110249e-10
1.010682e-09
1.0673319e-09
1.2176451e-10
1.245692e-10
8.6784182e-11
7.7416734e-11
1.4751923e-10
1.307877e-10
1.2716943e-10
1.2842772e-10
1.2946147e-10
1.2670076e-10
1.3018554e-10
1.2707574e-10
1.2386445e-10
1.0476422e-10
1.2542974e-10
1.2690034e-10
1.199925e-10
6.4992531e-11
7.0333897e-11
1.3889937e-10
1.1683116e-10
1.244158e-10
1.2626193e-10
1.2069361e-10
1.5466086e-10
1.1131164e-10
7.203739e-11
1.5904671e-10
1.0629752e-09
1.0023944e-09
9.8047096e-10
9.8409414e-10
9.8405888e-10
9.8078968e-10
9.979642e-10
1.0581512e-09
1.1985606e-10
1.1989226e-10
8.8916507e-11
1.0592923e-09
1.0303529e-09
9.653037e-10
1.0185241e-09
1.0146868e-09
1.013117e-09
1.0130069e-09
1.0142747e-09
1.0171455e-09
9.6425382e-10
1.0325952e-09
1.0583275e-09
1.3896813e-10
8.8833234e-11
1.1355474e-09
9.8397278e-10
1.0280408e-09
1.0288245e-09
1.02777e-09
1.0251174e-09
1.023433e-09
1.0233275e-09
1.0247763e-09
1.0271409e-09
1.0284623e-09
1.028588e-09
9.8410098e-10
1.1352697e-09
1.4457139e-10
7.2216719e-11
1.0607138e-09
9.8471381e-10
1.0370983e-09
1.0363088e-09
1.0346849e-09
1.0317836e-09
1.0288168e-09
1.0270682e-09
1.0270027e-09
1.0286294e-09
1.0314886e-09
1.0344725e-09
1.0363674e-09
1.0370618e-09
9.8456091e-10
1.0614059e-09
1.3387135e-10
1.6000541e-10
1.0319076e-09
1.0286754e-09
1.0365469e-09
1.0372178e-09
1.0343266e-09
1.0308501e-09
1.028271e-09
1.0269611e-09
1.0269248e-09
1.0281662e-09
1.0306865e-09
1.0341731e-09
1.0371523e-09
1.0364567e-09
1.0286317e-09
1.0325472e-09
1.2981812e-10
7.6546978e-11
6.9055815e-11
1.0615563e-09
9.6521542e-10
1.0289649e-09
1.0347259e-09
1.034264e-09
1.031421e-09
1.0288848e-09
1.0270942e-09
1.0261766e-09
1.026157e-09
1.0270338e-09
1.028793e-09
1.0313289e-09
1.0341907e-09
1.0346373e-09
1.028859e-09
9.6499522e-10
1.0601201e-09
1.4687554e-10
1.4109488e-10
1.002802e-09
1.0185223e-09
1.0277392e-09
1.0317633e-09
1.0308179e-09
1.0288686e-09
1.027166e-09
1.0259536e-09
1.0253241e-09
1.0253128e-09
1.0259192e-09
1.0271203e-09
1.0288315e-09
1.0308e-09
1.0317431e-09
1.0276785e-09
1.0181927e-09
1.0011421e-09
1.3182622e-10
1.1614935e-10
9.7986254e-10
1.0143868e-09
1.024934e-09
1.0287222e-09
1.0282279e-09
1.0270736e-09
1.0259437e-09
1.0251067e-09
1.0246645e-09
1.0246605e-09
1.0250954e-09
1.0259371e-09
1.0270872e-09
1.0282803e-09
1.0288268e-09
1.0251056e-09
1.0146637e-09
9.8096682e-10
1.2573976e-10
1.0344999e-10
1.2417991e-10
9.8341794e-10
1.0127833e-09
1.0232132e-09
1.0269562e-09
1.0269161e-09
1.0261572e-09
1.0253143e-09
1.0246613e-09
1.0243154e-09
1.0243186e-09
1.0246736e-09
1.0253419e-09
1.0262101e-09
1.0270145e-09
1.0271275e-09
1.0234559e-09
1.0130046e-09
9.8373686e-10
1.2743668e-10
1.2486916e-10
1.262951e-10
9.8380504e-10
1.0128035e-09
1.0231984e-09
1.0269425e-09
1.0269035e-09
1.0261502e-09
1.0253118e-09
1.0246607e-09
1.0243172e-09
1.0243242e-09
1.0246862e-09
1.0253611e-09
1.0262306e-09
1.0270274e-09
1.0271304e-09
1.0234463e-09
1.0129825e-09
9.8358046e-10
1.2860646e-10
1.2658897e-10
1.2029956e-10
9.7994052e-10
1.0141016e-09
1.0247292e-09
1.0286244e-09
1.0281906e-09
1.0270617e-09
1.0259408e-09
1.0251076e-09
1.0246765e-09
1.0246861e-09
1.0251378e-09
1.0259929e-09
1.027142e-09
1.0283226e-09
1.0288513e-09
1.0250733e-09
1.0146495e-09
9.80926e-10
1.2591332e-10
1.1890184e-10
1.5110464e-10
1.0000487e-09
1.0173567e-09
1.0272572e-09
1.0315939e-09
1.0307905e-09
1.0288638e-09
1.0271656e-09
1.0259609e-09
1.0253506e-09
1.0253619e-09
1.0259893e-09
1.0272082e-09
1.028925e-09
1.0308917e-09
1.0317971e-09
1.0276475e-09
1.018179e-09
1.0013949e-09
1.2974821e-10
6.5646208e-11
1.1224088e-10
1.0587947e-09
9.6433183e-10
1.0286755e-09
1.0346759e-09
1.034332e-09
1.0314273e-09
1.0288909e-09
1.0271202e-09
1.0262235e-09
1.0262305e-09
1.0271336e-09
1.02891e-09
1.0314521e-09
1.034382e-09
1.0347843e-09
1.0288917e-09
9.6506501e-10
1.0617889e-09
1.2750942e-10
1.1808121e-10
1.033042e-09
1.0291329e-09
1.0366577e-09
1.037283e-09
1.0342764e-09
1.0308638e-09
1.0283219e-09
1.0270323e-09
1.0270262e-09
1.0283026e-09
1.0308426e-09
1.0342538e-09
1.0372808e-09
1.0365844e-09
1.0286816e-09
1.031485e-09
1.2144827e-10
1.2882567e-10
1.2261064e-10
1.0639978e-09
9.8549727e-10
1.0371782e-09
1.0363475e-09
1.0346504e-09
1.0318035e-09
1.0288977e-09
1.0271697e-09
1.0271339e-09
1.0288041e-09
1.0317038e-09
1.0345139e-09
1.0362781e-09
1.0371792e-09
9.8504029e-10
1.0581538e-09
1.2421347e-10
1.401855e-10
1.1367675e-09
9.8319869e-10
1.0278636e-09
1.0287886e-09
1.0277499e-09
1.0252809e-09
1.0235768e-09
1.0234589e-09
1.0249981e-09
1.0275149e-09
1.0283466e-09
1.0275697e-09
9.8367354e-10
1.140408e-09
1.2205668e-10
8.7861956e-11
1.4203526e-10
1.0548086e-09
1.0308423e-09
9.6533407e-10
1.0183918e-09
1.0152206e-09
1.0133262e-09
1.0129967e-09
1.0144489e-09
1.018195e-09
9.6435295e-10
1.0296016e-09
1.0542854e-09
1.2256687e-10
9.2371802e-11
1.3327556e-10
1.3012707e-10
1.0623532e-09
1.000611e-09
9.8264531e-10
9.844311e-10
9.8349559e-10
9.8017787e-10
1.0024923e-09
1.0609657e-09
1.2100787e-10
1.2259944e-10
8.6035142e-11
7.8067057e-11
1.4705223e-10
1.3020703e-10
1.2664394e-10
1.2769585e-10
1.2862541e-10
1.2576019e-10
1.2932808e-10
1.2627301e-10
1.2463623e-10
1.0657516e-10
1.252939e-10
1.2655973e-10
1.1920997e-10
6.2802978e-11
6.984369e-11
1.3672874e-10
1.1644022e-10
1.2420428e-10
1.2612053e-10
1.2032716e-10
1.538376e-10
1.1146458e-10
7.2318322e-11
1.5803766e-10
1.0604458e-09
9.9943528e-10
9.7669854e-10
9.7983905e-10
9.7988491e-10
9.7734105e-10
9.9538309e-10
1.0555481e-09
1.1883071e-10
1.1778234e-10
8.7200171e-11
1.0539091e-09
1.0252123e-09
9.5908469e-10
1.0110168e-09
1.006534e-09
1.0046055e-09
1.0045195e-09
1.0062125e-09
1.0096899e-09
9.5820923e-10
1.0283042e-09
1.0592956e-09
1.3980853e-10
8.9428433e-11
1.1342325e-09
9.7840856e-10
1.0200121e-09
1.0196514e-09
1.0183993e-09
1.0160471e-09
1.0146661e-09
1.0145645e-09
1.0157287e-09
1.0178329e-09
1.0194715e-09
1.0209485e-09
9.7930798e-10
1.1318046e-09
1.4275496e-10
7.2501463e-11
1.0597087e-09
9.7937427e-10
1.0289059e-09
1.0269723e-09
1.0259922e-09
1.0247394e-09
1.0230453e-09
1.0219169e-09
1.0218548e-09
1.0228699e-09
1.0245013e-09
1.0259304e-09
1.027213e-09
1.0290437e-09
9.7894859e-10
1.0594642e-09
1.3362908e-10
1.5761273e-10
1.0276685e-09
1.0208535e-09
1.0273509e-09
1.0293474e-09
1.0292071e-09
1.0279954e-09
1.0265275e-09
1.0255583e-09
1.0255249e-09
1.0264331e-09
1.0278837e-09
1.0291605e-09
1.0293739e-09
1.0273309e-09
1.0206509e-09
1.0276723e-09
1.2912605e-10
7.4846162e-11
6.8881509e-11
1.0571444e-09
9.5878838e-10
1.0197864e-09
1.0261637e-09
1.0292454e-09
1.0294732e-09
1.0284179e-09
1.0273647e-09
1.0267785e-09
1.0267618e-09
1.0273141e-09
1.0283563e-09
1.0294358e-09
1.0292426e-09
1.0261578e-09
1.0197276e-09
9.5855974e-10
1.0558621e-09
1.4565186e-10
1.3647836e-10
9.9812539e-10
1.0106413e-09
1.0182914e-09
1.0247281e-09
1.0279634e-09
1.0283865e-09
1.0279544e-09
1.02744e-09
1.0271181e-09
1.0271118e-09
1.0274198e-09
1.0279302e-09
1.0283825e-09
1.027997e-09
1.0247866e-09
1.0183623e-09
1.0106734e-09
9.9769424e-10
1.3011572e-10
1.1627415e-10
9.7579024e-10
1.0060698e-09
1.0158299e-09
1.0229545e-09
1.0264757e-09
1.0273398e-09
1.0274329e-09
1.0272588e-09
1.0271092e-09
1.0271092e-09
1.02726e-09
1.0274408e-09
1.0273726e-09
1.0265549e-09
1.0230763e-09
1.0160356e-09
1.0064904e-09
9.7725213e-10
1.2587112e-10
1.0436284e-10
1.2410916e-10
9.7914356e-10
1.0042419e-09
1.0144603e-09
1.0218179e-09
1.025504e-09
1.0267566e-09
1.0271112e-09
1.027106e-09
1.0270442e-09
1.0270493e-09
1.0271208e-09
1.0271403e-09
1.026816e-09
1.02561e-09
1.0219638e-09
1.0146506e-09
1.0044596e-09
9.7954476e-10
1.2714297e-10
1.2500461e-10
1.2616172e-10
9.7977442e-10
1.0043548e-09
1.0144548e-09
1.0217952e-09
1.0254969e-09
1.0267502e-09
1.0271089e-09
1.0271083e-09
1.0270476e-09
1.0270545e-09
1.0271291e-09
1.0271511e-09
1.0268259e-09
1.0256137e-09
1.0219527e-09
1.0146181e-09
1.0044126e-09
9.7939886e-10
1.2821409e-10
1.2631236e-10
1.2066654e-10
9.7672401e-10
1.0060688e-09
1.0157068e-09
1.0228625e-09
1.026442e-09
1.0273279e-09
1.0274286e-09
1.0272632e-09
1.0271217e-09
1.0271298e-09
1.0272867e-09
1.0274717e-09
1.0273994e-09
1.0265622e-09
1.023041e-09
1.0159283e-09
1.0063678e-09
9.7689683e-10
1.2551108e-10
1.1992245e-10
1.5295888e-10
9.9604721e-10
1.0099449e-09
1.0179532e-09
1.0245624e-09
1.0279211e-09
1.0283943e-09
1.0279535e-09
1.0274472e-09
1.0271391e-09
1.0271463e-09
1.0274635e-09
1.0279794e-09
1.0284412e-09
1.0280199e-09
1.0247143e-09
1.0182131e-09
1.0105652e-09
9.9850657e-10
1.3008511e-10
6.7220364e-11
1.1185928e-10
1.0567002e-09
9.5837107e-10
1.0195559e-09
1.0259989e-09
1.0292037e-09
1.0294857e-09
1.0284145e-09
1.0273837e-09
1.0268106e-09
1.0268094e-09
1.0273746e-09
1.0284001e-09
1.0294783e-09
1.0292341e-09
1.0260508e-09
1.0196572e-09
9.5861098e-10
1.0573045e-09
1.2667444e-10
1.1910324e-10
1.0278251e-09
1.020989e-09
1.0272663e-09
1.0293822e-09
1.0292818e-09
1.0280292e-09
1.02657e-09
1.0256048e-09
1.0255868e-09
1.0265157e-09
1.0279455e-09
1.0291855e-09
1.0293013e-09
1.0271411e-09
1.0206638e-09
1.0265319e-09
1.2054991e-10
1.2355442e-10
1.1611938e-10
1.0561922e-09
9.7914121e-10
1.0289145e-09
1.0272014e-09
1.0261607e-09
1.0248244e-09
1.0231094e-09
1.021964e-09
1.0219125e-09
1.0229744e-09
1.0246474e-09
1.0259446e-09
1.0269822e-09
1.0287761e-09
9.7928295e-10
1.0558092e-09
1.2336572e-10
1.4078514e-10
1.1333968e-09
9.7815448e-10
1.0202328e-09
1.0197765e-09
1.0184605e-09
1.0161215e-09
1.0146729e-09
1.0145605e-09
1.0158574e-09
1.0181786e-09
1.0193694e-09
1.019767e-09
9.7820282e-10
1.1365327e-09
1.2208781e-10
8.7358218e-11
1.4280157e-10
1.0541299e-09
1.0262311e-09
9.5922874e-10
1.0110041e-09
1.0066834e-09
1.0045143e-09
1.0043031e-09
1.0062282e-09
1.0107494e-09
9.5860524e-10
1.0256764e-09
1.0537292e-09
1.2228824e-10
9.3616214e-11
1.3230176e-10
1.2894753e-10
1.0599282e-09
9.9883375e-10
9.7733803e-10
9.7952406e-10
9.791131e-10
9.7644841e-10
9.9892226e-10
1.0578568e-09
1.2076343e-10
1.2290957e-10
8.7211307e-11
7.6505864e-11
1.4738655e-10
1.3070564e-10
1.2586236e-10
1.2715371e-10
1.2820112e-10
1.2542014e-10
1.2920306e-10
1.267518e-10
1.2642574e-10
1.0293972e-10
1.2519243e-10
1.2643584e-10
1.1938302e-10
6.5251161e-11
7.015264e-11
1.3645164e-10
1.1696168e-10
1.2422726e-10
1.261565e-10
1.2032722e-10
1.5598132e-10
1.1299158e-10
7.2171323e-11
1.5917394e-10
1.0595912e-09
9.965704e-10
9.7566279e-10
9.7797956e-10
9.7776469e-10
9.7527505e-10
9.9434506e-10
1.0540381e-09
1.168744e-10
1.2440702e-10
9.0423111e-11
1.0523948e-09
1.023251e-09
9.5604796e-10
1.0068077e-09
1.0022541e-09
1.0000332e-09
9.9989869e-10
1.0018607e-09
1.0059255e-09
9.5514644e-10
1.0248384e-09
1.0577627e-09
1.3940896e-10
8.7785313e-11
1.1317632e-09
9.7552529e-10
1.0159915e-09
1.0145648e-09
1.0126774e-09
1.0100562e-09
1.0085192e-09
1.0084278e-09
1.0098021e-09
1.0123144e-09
1.0144553e-09
1.0166135e-09
9.7662425e-10
1.1312561e-09
1.4402285e-10
7.2373829e-11
1.0564035e-09
9.7636647e-10
1.0244528e-09
1.0215055e-09
1.0198051e-09
1.0182808e-09
1.0167661e-09
1.0159126e-09
1.0158588e-09
1.0166346e-09
1.01813e-09
1.0197873e-09
1.0217208e-09
1.0246963e-09
9.7624999e-10
1.0571994e-09
1.3291627e-10
1.5902091e-10
1.0254185e-09
1.0166496e-09
1.0218038e-09
1.0230346e-09
1.0230325e-09
1.0225335e-09
1.0218546e-09
1.0214386e-09
1.0214101e-09
1.0217904e-09
1.0224695e-09
1.0230147e-09
1.0230862e-09
1.0218132e-09
1.0164474e-09
1.0247917e-09
1.2914478e-10
7.7122245e-11
6.8485657e-11
1.0559482e-09
9.5580129e-10
1.0147229e-09
1.019938e-09
1.0230592e-09
1.024556e-09
1.0248726e-09
1.0246748e-09
1.0244614e-09
1.0244481e-09
1.0246485e-09
1.0248521e-09
1.0245568e-09
1.0230985e-09
1.0199813e-09
1.0147463e-09
9.5589766e-10
1.0572295e-09
1.4796669e-10
1.3637102e-10
9.969645e-10
1.0068017e-09
1.0126794e-09
1.0183014e-09
1.0225402e-09
1.0248735e-09
1.0256652e-09
1.0258257e-09
1.0258137e-09
1.0258049e-09
1.025816e-09
1.0256723e-09
1.0249051e-09
1.0226057e-09
1.0183949e-09
1.0128267e-09
1.0070539e-09
9.980261e-10
1.3186404e-10
1.1655425e-10
9.7422863e-10
1.0017664e-09
1.0098634e-09
1.0166864e-09
1.0218321e-09
1.0246557e-09
1.0258141e-09
1.0262462e-09
1.0263744e-09
1.0263711e-09
1.0262494e-09
1.0258393e-09
1.0247081e-09
1.0219047e-09
1.0168122e-09
1.01003e-09
1.0019515e-09
9.7444702e-10
1.251418e-10
1.0341932e-10
1.2396059e-10
9.7726992e-10
9.9970096e-10
1.0083245e-09
1.0158142e-09
1.0214102e-09
1.024437e-09
1.0257955e-09
1.0263673e-09
1.0265655e-09
1.0265667e-09
1.0263826e-09
1.0258352e-09
1.0245018e-09
1.0214928e-09
1.0159488e-09
1.0084601e-09
9.9976229e-10
9.7731459e-10
1.2688573e-10
1.2489702e-10
1.2614582e-10
9.7800634e-10
9.9986242e-10
1.0083487e-09
1.0157992e-09
1.0213781e-09
1.0244292e-09
1.0257909e-09
1.0263618e-09
1.0265626e-09
1.0265663e-09
1.0263828e-09
1.025834e-09
1.0244956e-09
1.0214757e-09
1.0159205e-09
1.0084369e-09
9.9979966e-10
9.7758375e-10
1.2812517e-10
1.2647376e-10
1.2046742e-10
9.7552557e-10
1.0019221e-09
1.0098068e-09
1.0166149e-09
1.0217793e-09
1.0246393e-09
1.0258065e-09
1.0262384e-09
1.0263683e-09
1.0263711e-09
1.0262537e-09
1.0258396e-09
1.0246921e-09
1.0218593e-09
1.0167222e-09
1.0098896e-09
1.0019103e-09
9.7517407e-10
1.255523e-10
1.2013326e-10
1.5326693e-10
9.9544609e-10
1.0061605e-09
1.012367e-09
1.0181511e-09
1.0224816e-09
1.0248563e-09
1.0256675e-09
1.025828e-09
1.0258132e-09
1.0258104e-09
1.0258257e-09
1.0256757e-09
1.0248785e-09
1.0225265e-09
1.0182302e-09
1.0124673e-09
1.0062138e-09
9.9481696e-10
1.2954207e-10
6.5114952e-11
1.0824793e-10
1.0529234e-09
9.5500046e-10
1.0144442e-09
1.019835e-09
1.0230548e-09
1.0245803e-09
1.0249049e-09
1.0246907e-09
1.0244706e-09
1.024459e-09
1.0246619e-09
1.0248708e-09
1.0245403e-09
1.0230207e-09
1.0198437e-09
1.0145681e-09
9.5539671e-10
1.0552467e-09
1.2565703e-10
1.1914874e-10
1.0252639e-09
1.0167316e-09
1.0218336e-09
1.0231585e-09
1.0231381e-09
1.0226069e-09
1.0218762e-09
1.021445e-09
1.0214152e-09
1.0218048e-09
1.0225044e-09
1.0229974e-09
1.0229883e-09
1.0216953e-09
1.0167052e-09
1.0251665e-09
1.2081382e-10
1.2727043e-10
1.16292e-10
1.0538844e-09
9.7637587e-10
1.0248779e-09
1.0219542e-09
1.0200465e-09
1.0183977e-09
1.0167866e-09
1.0158931e-09
1.0158333e-09
1.016641e-09
1.018196e-09
1.0197655e-09
1.0215156e-09
1.0244579e-09
9.7661879e-10
1.0547581e-09
1.2388344e-10
1.3975464e-10
1.1339209e-09
9.76915e-10
1.0168209e-09
1.0148832e-09
1.0128327e-09
1.0100441e-09
1.0084166e-09
1.0083191e-09
1.0098113e-09
1.0125482e-09
1.0144876e-09
1.015846e-09
9.7550442e-10
1.1341401e-09
1.2213097e-10
8.6640586e-11
1.4241509e-10
1.0577415e-09
1.0260244e-09
9.5607474e-10
1.0070756e-09
1.0020854e-09
9.9971839e-10
9.9957296e-10
1.0017873e-09
1.0068207e-09
9.5614971e-10
1.023775e-09
1.0530009e-09
1.2162361e-10
9.201422e-11
1.3364805e-10
1.2927476e-10
1.0561137e-09
9.9811092e-10
9.7486563e-10
9.7717042e-10
9.7693691e-10
9.7451347e-10
9.9732891e-10
1.0595895e-09
1.2019737e-10
1.2378285e-10
8.6307623e-11
7.4373393e-11
1.4600871e-10
1.3307134e-10
1.2508014e-10
1.2684914e-10
1.2803199e-10
1.2534941e-10
1.2962467e-10
1.27194e-10
1.2148578e-10
1.0307153e-10
1.2487238e-10
1.2640555e-10
1.2015478e-10
6.5620269e-11
7.0414494e-11
1.3171787e-10
1.1756349e-10
1.2426951e-10
1.259834e-10
1.2029451e-10
1.5283299e-10
1.134666e-10
7.1519707e-11
1.5969001e-10
1.0555182e-09
9.9333717e-10
9.7498512e-10
9.7687262e-10
9.764197e-10
9.7390245e-10
9.9508638e-10
1.0582964e-09
1.1733804e-10
1.2105904e-10
8.9354755e-11
1.0531352e-09
1.0236267e-09
9.5413525e-10
1.0042801e-09
9.9983339e-10
9.9747931e-10
9.9733645e-10
9.995834e-10
1.0045601e-09
9.5468655e-10
1.0236221e-09
1.0536465e-09
1.3939122e-10
8.6492807e-11
1.1348852e-09
9.7525008e-10
1.014503e-09
1.0118593e-09
1.0092506e-09
1.0063239e-09
1.0046512e-09
1.0045939e-09
1.0062234e-09
1.009276e-09
1.0120549e-09
1.0146808e-09
9.7538743e-10
1.1339499e-09
1.4562042e-10
7.2046594e-11
1.0545203e-09
9.7550666e-10
1.0226418e-09
1.0186272e-09
1.0158955e-09
1.0136475e-09
1.0117279e-09
1.0107096e-09
1.0106887e-09
1.0116887e-09
1.0136322e-09
1.0159624e-09
1.0187089e-09
1.0226272e-09
9.7526916e-10
1.0557881e-09
1.3267591e-10
1.5809228e-10
1.0241969e-09
1.01473e-09
1.018831e-09
1.0188243e-09
1.0176591e-09
1.0164047e-09
1.0153814e-09
1.0148331e-09
1.0148243e-09
1.0153632e-09
1.0163951e-09
1.0176814e-09
1.0188469e-09
1.0187436e-09
1.0144243e-09
1.0230652e-09
1.2848571e-10
7.6526891e-11
6.940051e-11
1.0559068e-09
9.5455859e-10
1.0120906e-09
1.016019e-09
1.0176563e-09
1.0179795e-09
1.0177847e-09
1.0175108e-09
1.0173268e-09
1.0173222e-09
1.0175034e-09
1.0177874e-09
1.0180023e-09
1.0176987e-09
1.0160594e-09
1.0121717e-09
9.5494633e-10
1.0571629e-09
1.4528818e-10
1.408228e-10
9.972239e-10
1.0049635e-09
1.0094318e-09
1.0137002e-09
1.0164016e-09
1.0177761e-09
1.0184036e-09
1.018628e-09
1.018684e-09
1.0186828e-09
1.0186305e-09
1.0184205e-09
1.0178167e-09
1.016476e-09
1.0138169e-09
1.0096226e-09
1.0052754e-09
9.9754564e-10
1.3239258e-10
1.1680444e-10
9.7371314e-10
9.9958228e-10
1.0062336e-09
1.0116712e-09
1.0153555e-09
1.0174934e-09
1.0186191e-09
1.0191522e-09
1.019358e-09
1.0193597e-09
1.019163e-09
1.0186475e-09
1.0175467e-09
1.0154419e-09
1.011804e-09
1.006358e-09
9.9953264e-10
9.7297526e-10
1.2497361e-10
1.0114278e-10
1.2407656e-10
9.7638728e-10
9.9725723e-10
1.00451e-09
1.010621e-09
1.0147941e-09
1.0173017e-09
1.0186684e-09
1.0193509e-09
1.0196289e-09
1.0196328e-09
1.0193673e-09
1.0187039e-09
1.0173604e-09
1.0148786e-09
1.0107448e-09
1.0046104e-09
9.972145e-10
9.7613034e-10
1.2679762e-10
1.2491603e-10
1.2618183e-10
9.7683809e-10
9.9735374e-10
1.0045249e-09
1.0106191e-09
1.01478e-09
1.0172941e-09
1.0186642e-09
1.0193477e-09
1.0196263e-09
1.019631e-09
1.0193651e-09
1.0186995e-09
1.017351e-09
1.014861e-09
1.0107173e-09
1.00459e-09
9.9729943e-10
9.7657547e-10
1.2811544e-10
1.266801e-10
1.2051645e-10
9.743588e-10
9.9957811e-10
1.00617e-09
1.0116218e-09
1.0153213e-09
1.0174763e-09
1.0186097e-09
1.0191455e-09
1.0193522e-09
1.019355e-09
1.0191568e-09
1.0186349e-09
1.01752e-09
1.0153867e-09
1.011699e-09
1.0062081e-09
9.9957945e-10
9.7441173e-10
1.2551978e-10
1.1979323e-10
1.5531876e-10
9.9436556e-10
1.0043316e-09
1.009164e-09
1.0135798e-09
1.0163665e-09
1.0177666e-09
1.0183981e-09
1.0186231e-09
1.0186778e-09
1.0186758e-09
1.0186201e-09
1.0184003e-09
1.0177801e-09
1.0163958e-09
1.013617e-09
1.0091326e-09
1.0040001e-09
9.9308457e-10
1.2946297e-10
6.7054357e-11
1.09223e-10
1.0538226e-09
9.5393468e-10
1.011886e-09
1.0159506e-09
1.0176875e-09
1.0179985e-09
1.0177935e-09
1.0175126e-09
1.0173198e-09
1.0173095e-09
1.0174842e-09
1.0177541e-09
1.0179553e-09
1.0176389e-09
1.0159314e-09
1.0119107e-09
9.5399476e-10
1.0549069e-09
1.2610905e-10
1.1855507e-10
1.0244189e-09
1.0148768e-09
1.018884e-09
1.0189618e-09
1.0177296e-09
1.0164485e-09
1.0153929e-09
1.014819e-09
1.0147956e-09
1.0153241e-09
1.0163419e-09
1.0175985e-09
1.0187888e-09
1.0187859e-09
1.0149747e-09
1.0244928e-09
1.2058421e-10
1.2521269e-10
1.1698256e-10
1.0546254e-09
9.7552521e-10
1.0230161e-09
1.0190639e-09
1.0161355e-09
1.0137612e-09
1.0117391e-09
1.0106651e-09
1.0106188e-09
1.0116095e-09
1.0135607e-09
1.0158585e-09
1.0186182e-09
1.0226625e-09
9.7592006e-10
1.0549577e-09
1.2357138e-10
1.4011692e-10
1.1319143e-09
9.7609716e-10
1.0151868e-09
1.0121875e-09
1.0094313e-09
1.0063136e-09
1.0045283e-09
1.0044423e-09
1.0061044e-09
1.0091769e-09
1.0118627e-09
1.0142849e-09
9.7497479e-10
1.13322e-09
1.2179069e-10
8.5897543e-11
1.4458017e-10
1.0582401e-09
1.0254205e-09
9.5433221e-10
1.0045745e-09
9.9968788e-10
9.9717265e-10
9.9702122e-10
9.9939658e-10
1.0045177e-09
9.5479353e-10
1.0235502e-09
1.0535602e-09
1.2133333e-10
9.3634472e-11
1.3251076e-10
1.2878335e-10
1.0541327e-09
9.9390465e-10
9.7447784e-10
9.7623842e-10
9.7576843e-10
9.7362725e-10
9.954707e-10
1.0591676e-09
1.2060489e-10
1.2253745e-10
9.0226206e-11
7.3454609e-11
1.4723754e-10
1.2989638e-10
1.2561444e-10
1.2691359e-10
1.2797008e-10
1.2517508e-10
1.2933945e-10
1.2729113e-10
1.2484269e-10
1.0277516e-10
1.2515225e-10
1.2659457e-10
1.1886008e-10
6.5267715e-11
6.8303439e-11
1.3308768e-10
1.1781057e-10
1.2427844e-10
1.2603465e-10
1.2009075e-10
1.5408742e-10
1.1238945e-10
7.15678e-11
1.5862822e-10
1.0552346e-09
9.9472591e-10
9.7451337e-10
9.7635865e-10
9.7601053e-10
9.7392837e-10
9.9526017e-10
1.0607521e-09
1.1799242e-10
1.1401914e-10
9.0066357e-11
1.0584046e-09
1.0255118e-09
9.5428228e-10
1.0038587e-09
9.9878302e-10
9.9626432e-10
9.9617511e-10
9.9871827e-10
1.0043349e-09
9.5551339e-10
1.0247541e-09
1.0545189e-09
1.3965091e-10
8.7243096e-11
1.1357468e-09
9.7670876e-10
1.014838e-09
1.0108383e-09
1.0074391e-09
1.004228e-09
1.0025525e-09
1.0025291e-09
1.0042336e-09
1.0076183e-09
1.0111723e-09
1.0148046e-09
9.7640036e-10
1.1343076e-09
1.439448e-10
7.2484953e-11
1.0545385e-09
9.7649631e-10
1.0226662e-09
1.0170495e-09
1.0129433e-09
1.010126e-09
1.0081341e-09
1.0071542e-09
1.0071491e-09
1.0081427e-09
1.0101775e-09
1.0130333e-09
1.0170278e-09
1.0224254e-09
9.7570089e-10
1.054189e-09
1.3277839e-10
1.5890582e-10
1.0258702e-09
1.0148875e-09
1.0171401e-09
1.0152662e-09
1.0131573e-09
1.0116068e-09
1.0105988e-09
1.0100991e-09
1.0100977e-09
1.0106011e-09
1.0116226e-09
1.0131818e-09
1.0152455e-09
1.0169871e-09
1.0144022e-09
1.0246356e-09
1.2909839e-10
7.6854441e-11
6.9573034e-11
1.0582853e-09
9.5511326e-10
1.0110754e-09
1.0130044e-09
1.0131336e-09
1.0127774e-09
1.0123932e-09
1.0120974e-09
1.0119375e-09
1.0119376e-09
1.0121006e-09
1.0124053e-09
1.0128016e-09
1.0131646e-09
1.0130452e-09
1.0112104e-09
9.5581077e-10
1.0613225e-09
1.4715187e-10
1.3745854e-10
9.9582329e-10
1.0042549e-09
1.0075783e-09
1.0101589e-09
1.011601e-09
1.0123873e-09
1.0127843e-09
1.0129624e-09
1.0130265e-09
1.0130282e-09
1.0129698e-09
1.0128033e-09
1.0124248e-09
1.011666e-09
1.0102744e-09
1.0078166e-09
1.0047795e-09
9.9662629e-10
1.3166303e-10
1.1690813e-10
9.7382841e-10
9.9867419e-10
1.0041766e-09
1.0080946e-09
1.0105732e-09
1.0120815e-09
1.012955e-09
1.0134197e-09
1.0136186e-09
1.0136219e-09
1.0134315e-09
1.0129811e-09
1.0121292e-09
1.0106506e-09
1.0082127e-09
1.004318e-09
9.9869321e-10
9.7321101e-10
1.2499651e-10
1.0334878e-10
1.240925e-10
9.7620076e-10
9.9615401e-10
1.0024513e-09
1.007083e-09
1.0100577e-09
1.0119123e-09
1.0130116e-09
1.0136117e-09
1.0138748e-09
1.0138789e-09
1.0136264e-09
1.0130418e-09
1.011964e-09
1.0101364e-09
1.0071939e-09
1.0025643e-09
9.961473e-10
9.7593169e-10
1.2689557e-10
1.2495114e-10
1.2613878e-10
9.7638642e-10
9.9618185e-10
1.002447e-09
1.0070719e-09
1.0100459e-09
1.0119046e-09
1.0130068e-09
1.0136087e-09
1.0138723e-09
1.013876e-09
1.0136227e-09
1.0130359e-09
1.0119543e-09
1.010121e-09
1.0071727e-09
1.0025499e-09
9.9621754e-10
9.7629832e-10
1.2815657e-10
1.265585e-10
1.2013462e-10
9.7399128e-10
9.9858865e-10
1.0041002e-09
1.0080407e-09
1.0105381e-09
1.0120608e-09
1.0129425e-09
1.0134114e-09
1.0136115e-09
1.0136138e-09
1.0134204e-09
1.0129636e-09
1.0121006e-09
1.0106024e-09
1.0081316e-09
1.0042116e-09
9.9877382e-10
9.7463066e-10
1.2563768e-10
1.19487e-10
1.5327879e-10
9.947252e-10
1.0038547e-09
1.0073793e-09
1.0100597e-09
1.011558e-09
1.0123638e-09
1.0127704e-09
1.0129518e-09
1.0130154e-09
1.013014e-09
1.0129498e-09
1.0127732e-09
1.0123792e-09
1.0115921e-09
1.0101118e-09
1.0074104e-09
1.0037691e-09
9.9381662e-10
1.2986106e-10
6.7779306e-11
1.1329153e-10
1.057533e-09
9.5471862e-10
1.0109318e-09
1.0129587e-09
1.0131452e-09
1.0127689e-09
1.0123864e-09
1.0120881e-09
1.0119223e-09
1.0119139e-09
1.0120651e-09
1.0123543e-09
1.0127377e-09
1.0131182e-09
1.0129529e-09
1.0109099e-09
9.5444958e-10
1.055863e-09
1.255094e-10
1.182934e-10
1.0252387e-09
1.0150587e-09
1.0172102e-09
1.0153229e-09
1.0131584e-09
1.0116189e-09
1.0105942e-09
1.0100757e-09
1.0100551e-09
1.0105339e-09
1.0115245e-09
1.0130522e-09
1.0152039e-09
1.0171319e-09
1.0151109e-09
1.0264004e-09
1.2072055e-10
1.2529141e-10
1.1846803e-10
1.0558576e-09
9.774624e-10
1.0230869e-09
1.0172721e-09
1.013065e-09
1.0101906e-09
1.0081377e-09
1.007112e-09
1.0070701e-09
1.0080133e-09
1.0099799e-09
1.0127944e-09
1.0169474e-09
1.0227595e-09
9.7717302e-10
1.0588371e-09
1.2532233e-10
1.3963014e-10
1.1384017e-09
9.7731795e-10
1.0150719e-09
1.0111334e-09
1.0075866e-09
1.0042396e-09
1.0024675e-09
1.0023929e-09
1.0040195e-09
1.0071797e-09
1.0105851e-09
1.0144535e-09
9.7665779e-10
1.1340083e-09
1.2141977e-10
8.8821349e-11
1.4544248e-10
1.0573777e-09
1.0257025e-09
9.5493327e-10
1.0040703e-09
9.9876092e-10
9.9608155e-10
9.9597031e-10
9.9845182e-10
1.0033711e-09
9.5403329e-10
1.0247521e-09
1.0585956e-09
1.2210601e-10
9.4204926e-11
1.3321352e-10
1.2906439e-10
1.0562643e-09
9.9427983e-10
9.7444504e-10
9.7598659e-10
9.7576222e-10
9.7401891e-10
9.9335403e-10
1.0553908e-09
1.2021537e-10
1.2447841e-10
8.8323557e-11
7.5404528e-11
1.4576598e-10
1.2962022e-10
1.2586938e-10
1.2700155e-10
1.2806454e-10
1.2553525e-10
1.2942647e-10
1.2635258e-10
1.2325725e-10
1.0369517e-10
1.2507541e-10
1.2644778e-10
1.1970511e-10
6.4795939e-11
6.9655163e-11
1.3823965e-10
1.1737362e-10
1.2434311e-10
1.2620299e-10
1.2069857e-10
1.5492731e-10
1.1331512e-10
7.1730815e-11
1.5982246e-10
1.0609359e-09
9.9859896e-10
9.7625353e-10
9.7798174e-10
9.7787625e-10
9.7644706e-10
9.9829004e-10
1.0628875e-09
1.1810005e-10
1.2230933e-10
8.9043937e-11
1.0641957e-09
1.0303688e-09
9.5801036e-10
1.0051784e-09
9.9958453e-10
9.9715601e-10
9.9714046e-10
9.9968381e-10
1.0055458e-09
9.5882186e-10
1.0308657e-09
1.0649817e-09
1.4177595e-10
8.5885473e-11
1.1401402e-09
9.8196975e-10
1.0160174e-09
1.010324e-09
1.0063435e-09
1.0032766e-09
1.0018382e-09
1.0018392e-09
1.003324e-09
1.006505e-09
1.0105917e-09
1.0161349e-09
9.8205438e-10
1.1440038e-09
1.4503545e-10
7.2265663e-11
1.063777e-09
9.8148909e-10
1.022971e-09
1.0148599e-09
1.009936e-09
1.0071492e-09
1.0054639e-09
1.0046789e-09
1.0046815e-09
1.0054845e-09
1.0072034e-09
1.0100047e-09
1.0148699e-09
1.0228929e-09
9.8121034e-10
1.0593252e-09
1.327695e-10
1.6059435e-10
1.0313261e-09
1.0160686e-09
1.0148923e-09
1.0114482e-09
1.009079e-09
1.0076828e-09
1.0068876e-09
1.0065243e-09
1.0065255e-09
1.0068953e-09
1.0077001e-09
1.0090971e-09
1.0114394e-09
1.0147974e-09
1.0155576e-09
1.0291626e-09
1.295827e-10
7.8967705e-11
6.8545475e-11
1.0611356e-09
9.5838798e-10
1.0104265e-09
1.0099581e-09
1.0090767e-09
1.0084303e-09
1.0080459e-09
1.0078321e-09
1.0077356e-09
1.0077368e-09
1.0078374e-09
1.0080575e-09
1.008448e-09
1.0091003e-09
1.0099953e-09
1.0105129e-09
9.5888136e-10
1.0643592e-09
1.4801836e-10
1.3138238e-10
9.9774414e-10
1.0052331e-09
1.0063606e-09
1.0071479e-09
1.0076746e-09
1.0080407e-09
1.0082868e-09
1.0084347e-09
1.0085031e-09
1.0085049e-09
1.0084414e-09
1.0083019e-09
1.0080686e-09
1.0077244e-09
1.0072435e-09
1.0065707e-09
1.0056941e-09
9.9883032e-10
1.3101182e-10
1.181924e-10
9.7661343e-10
9.9956145e-10
1.0032291e-09
1.0054295e-09
1.0068654e-09
1.007819e-09
1.0084285e-09
1.0087852e-09
1.0089495e-09
1.008952e-09
1.0087944e-09
1.0084482e-09
1.0078545e-09
1.0069256e-09
1.0055291e-09
1.0033872e-09
9.9977286e-10
9.7660743e-10
1.2590785e-10
1.0373348e-10
1.243776e-10
9.7802659e-10
9.9708633e-10
1.0017591e-09
1.00462e-09
1.0064869e-09
1.0077133e-09
1.0084905e-09
1.0089438e-09
1.0091525e-09
1.0091557e-09
1.0089549e-09
1.0085131e-09
1.0077534e-09
1.0065519e-09
1.0047181e-09
1.0018861e-09
9.9718622e-10
9.7788824e-10
1.2716389e-10
1.2541668e-10
1.263884e-10
9.7805265e-10
9.9704182e-10
1.0017222e-09
1.004597e-09
1.0064729e-09
1.0077053e-09
1.008486e-09
1.0089407e-09
1.0091499e-09
1.0091535e-09
1.0089519e-09
1.0085084e-09
1.0077463e-09
1.0065411e-09
1.0047028e-09
1.0018722e-09
9.9720024e-10
9.7795764e-10
1.2833528e-10
1.2699147e-10
1.2071927e-10
9.7630877e-10
9.9937075e-10
1.0031069e-09
1.0053567e-09
1.0068239e-09
1.0077961e-09
1.0084152e-09
1.0087761e-09
1.008942e-09
1.0089447e-09
1.0087848e-09
1.0084338e-09
1.0078327e-09
1.0068902e-09
1.0054716e-09
1.0033064e-09
9.9972174e-10
9.7671713e-10
1.2585626e-10
1.2050537e-10
1.5575264e-10
9.9753264e-10
1.0049402e-09
1.0061619e-09
1.0070296e-09
1.007611e-09
1.0080068e-09
1.0082679e-09
1.0084215e-09
1.0084913e-09
1.0084912e-09
1.0084227e-09
1.0082753e-09
1.0080301e-09
1.0076624e-09
1.0071259e-09
1.0063304e-09
1.0052404e-09
9.98462e-10
1.3036075e-10
6.6765276e-11
1.1307893e-10
1.0615739e-09
9.5814084e-10
1.0102031e-09
1.0098194e-09
1.0090037e-09
1.0083914e-09
1.0080256e-09
1.0078174e-09
1.0077194e-09
1.0077145e-09
1.0078045e-09
1.0080107e-09
1.0083878e-09
1.0090244e-09
1.0098631e-09
1.0102292e-09
9.581005e-10
1.0622085e-09
1.2612739e-10
1.1860962e-10
1.0307918e-09
1.0159974e-09
1.0147754e-09
1.0113717e-09
1.0090421e-09
1.0076685e-09
1.0068742e-09
1.0065016e-09
1.0064882e-09
1.0068349e-09
1.0076077e-09
1.0089869e-09
1.0113523e-09
1.0147476e-09
1.0158156e-09
1.0299306e-09
1.2112285e-10
1.2532323e-10
1.1969194e-10
1.0617863e-09
9.824933e-10
1.0230272e-09
1.0148028e-09
1.0099415e-09
1.0071652e-09
1.0054599e-09
1.004649e-09
1.0046206e-09
1.0053694e-09
1.006998e-09
1.0097578e-09
1.0147316e-09
1.0229529e-09
9.8192037e-10
1.0609772e-09
1.2392244e-10
1.3903873e-10
1.1464674e-09
9.8174189e-10
1.015869e-09
1.0105141e-09
1.0064432e-09
1.0033002e-09
1.001804e-09
1.0017561e-09
1.0031314e-09
1.0060178e-09
1.0099295e-09
1.0156982e-09
9.8181208e-10
1.1449589e-09
1.2233319e-10
8.8798945e-11
1.4654532e-10
1.0611831e-09
1.0301244e-09
9.5906865e-10
1.0054114e-09
9.9965792e-10
9.9711176e-10
9.9706795e-10
9.9948522e-10
1.0044194e-09
9.572112e-10
1.0304093e-09
1.0640341e-09
1.2293752e-10
9.3125324e-11
1.3292548e-10
1.295151e-10
1.0660541e-09
9.9831786e-10
9.7622817e-10
9.7781204e-10
9.7790883e-10
9.7689821e-10
9.9584629e-10
1.0592013e-09
1.20761e-10
1.2492043e-10
8.6376653e-11
7.6169473e-11
1.4977785e-10
1.3138443e-10
1.2569899e-10
1.2712006e-10
1.283095e-10
1.2602827e-10
1.301541e-10
1.2595931e-10
1.2483265e-10
1.0414839e-10
1.2515275e-10
1.2703482e-10
1.2143083e-10
6.7653563e-11
6.9562139e-11
1.347794e-10
1.1767673e-10
1.2453023e-10
1.2644921e-10
1.2061533e-10
1.5522855e-10
1.157281e-10
7.3318134e-11
1.6182471e-10
1.0710209e-09
1.0116887e-09
9.919487e-10
9.9299107e-10
9.9270472e-10
9.9160914e-10
1.0122467e-09
1.0730358e-09
1.1783306e-10
1.2171466e-10
9.0674705e-11
1.0754014e-09
1.0343706e-09
9.7252847e-10
9.9570161e-10
9.9073974e-10
9.8861935e-10
9.8858784e-10
9.9075366e-10
9.9599951e-10
9.7292951e-10
1.0345819e-09
1.0756788e-09
1.4049611e-10
9.022813e-11
1.1455281e-09
9.9639854e-10
1.0044072e-09
9.956166e-10
9.9187164e-10
9.9018868e-10
9.8924794e-10
9.8924584e-10
9.9020743e-10
9.9194855e-10
9.9566866e-10
1.0043359e-09
9.9656387e-10
1.1481631e-09
1.4595983e-10
7.381099e-11
1.0769054e-09
9.9657243e-10
1.0073949e-09
9.9756946e-10
9.9359852e-10
9.9173832e-10
9.9088834e-10
9.9054367e-10
9.9054471e-10
9.9089554e-10
9.9175367e-10
9.9359915e-10
9.975607e-10
1.0075087e-09
9.964828e-10
1.0729659e-09
1.329992e-10
1.6081925e-10
1.0351158e-09
1.0044234e-09
9.9757626e-10
9.9424868e-10
9.9259552e-10
9.9196293e-10
9.9171432e-10
9.9162512e-10
9.9162579e-10
9.9171686e-10
9.919668e-10
9.925955e-10
9.9425035e-10
9.9759692e-10
1.0042556e-09
1.0335408e-09
1.2800958e-10
7.8292689e-11
6.9089146e-11
1.0704096e-09
9.7222391e-10
9.9552306e-10
9.9358009e-10
9.9259087e-10
9.9232492e-10
9.923208e-10
9.9237482e-10
9.9241312e-10
9.9241414e-10
9.9237757e-10
9.9232551e-10
9.9233246e-10
9.9260657e-10
9.9362297e-10
9.9564619e-10
9.7286091e-10
1.0746156e-09
1.4874211e-10
1.4025923e-10
1.0118172e-09
9.9550938e-10
9.9179041e-10
9.9171098e-10
9.9195171e-10
9.9231645e-10
9.9262977e-10
9.9284373e-10
9.9295076e-10
9.9295209e-10
9.9284783e-10
9.9263798e-10
9.9233169e-10
9.9198208e-10
9.9177593e-10
9.919515e-10
9.9598114e-10
1.0128985e-09
1.2958967e-10
1.1823332e-10
9.9163569e-10
9.90566e-10
9.9011248e-10
9.9085268e-10
9.9169536e-10
9.9236525e-10
9.9283933e-10
9.9313804e-10
9.9328236e-10
9.9328417e-10
9.9314352e-10
9.9285051e-10
9.92386e-10
9.9173438e-10
9.9092393e-10
9.9024374e-10
9.9081648e-10
9.9197523e-10
1.2416999e-10
1.0462869e-10
1.243281e-10
9.9255065e-10
9.8850175e-10
9.8917327e-10
9.9049765e-10
9.9159784e-10
9.9239761e-10
9.9294233e-10
9.9327867e-10
9.9343959e-10
9.9344173e-10
9.9328522e-10
9.9295562e-10
9.924228e-10
9.9164305e-10
9.9057664e-10
9.8930213e-10
9.886801e-10
9.9278973e-10
1.2507487e-10
1.265536e-10
1.2663833e-10
9.9224594e-10
9.8836619e-10
9.8911808e-10
9.9047438e-10
9.9158722e-10
9.9239198e-10
9.9293886e-10
9.9327667e-10
9.934381e-10
9.9343982e-10
9.9328346e-10
9.9295371e-10
9.9241952e-10
9.9163873e-10
9.90572e-10
9.893041e-10
9.8871759e-10
9.9293423e-10
1.2623199e-10
1.2800359e-10
1.2028192e-10
9.9034926e-10
9.9017392e-10
9.8995385e-10
9.9078309e-10
9.9166246e-10
9.923478e-10
9.9282932e-10
9.9313181e-10
9.9327754e-10
9.9327908e-10
9.9313816e-10
9.9284396e-10
9.9237622e-10
9.9171882e-10
9.9090154e-10
9.9022157e-10
9.9079949e-10
9.9171763e-10
1.2365416e-10
1.2127444e-10
1.5564769e-10
1.0122932e-09
9.9523806e-10
9.9156041e-10
9.9158731e-10
9.9189114e-10
9.9228611e-10
9.9261319e-10
9.9283307e-10
9.9294205e-10
9.9294322e-10
9.9283755e-10
9.9262468e-10
9.923127e-10
9.9194855e-10
9.9171284e-10
9.9186019e-10
9.9588916e-10
1.0122289e-09
1.2846053e-10
6.9258374e-11
1.1241693e-10
1.0733078e-09
9.7191982e-10
9.9508344e-10
9.933486e-10
9.924861e-10
9.9227762e-10
9.9229724e-10
9.9235999e-10
9.9240002e-10
9.9240003e-10
9.9236031e-10
9.923028e-10
9.9230018e-10
9.9254556e-10
9.9346867e-10
9.9533698e-10
9.7237691e-10
1.0724032e-09
1.2567572e-10
1.1804928e-10
1.0336686e-09
1.0034743e-09
9.9714566e-10
9.940651e-10
9.9252049e-10
9.9193138e-10
9.9169551e-10
9.9160775e-10
9.9160467e-10
9.916862e-10
9.9192165e-10
9.9253829e-10
9.9415697e-10
9.9729158e-10
1.0035353e-09
1.0331314e-09
1.1987058e-10
1.2778932e-10
1.2328433e-10
1.0761862e-09
9.9591308e-10
1.0068325e-09
9.9725623e-10
9.9348105e-10
9.9170532e-10
9.9087206e-10
9.9052554e-10
9.9051516e-10
9.9083787e-10
9.9164412e-10
9.9346454e-10
9.9746629e-10
1.0072005e-09
9.9559298e-10
1.0731414e-09
1.2115879e-10
1.417058e-10
1.1488988e-09
9.9602398e-10
1.0038299e-09
9.9547508e-10
9.9188295e-10
9.9019917e-10
9.8924882e-10
9.8921905e-10
9.9010242e-10
9.9164132e-10
9.9520967e-10
1.00413e-09
9.9664708e-10
1.1473704e-09
1.2236897e-10
8.8891248e-11
1.4659916e-10
1.0758652e-09
1.0338706e-09
9.7291435e-10
9.9594801e-10
9.9082949e-10
9.8870715e-10
9.8861779e-10
9.9063593e-10
9.9524661e-10
9.7161736e-10
1.034218e-09
1.0764198e-09
1.2227356e-10
9.506941e-11
1.3313076e-10
1.2815742e-10
1.0755612e-09
1.0121913e-09
9.9181654e-10
9.9309729e-10
9.9281691e-10
9.9178931e-10
1.0105654e-09
1.0703063e-09
1.1996249e-10
1.2301344e-10
8.9338655e-11
7.8016395e-11
1.4925952e-10
1.297801e-10
1.2415345e-10
1.2515233e-10
1.2628423e-10
1.2398076e-10
1.2850455e-10
1.2433085e-10
1.3066679e-10
1.0764413e-10
1.2679099e-10
1.281648e-10
1.2184488e-10
6.8347428e-11
6.4363682e-11
1.2984125e-10
1.1620944e-10
1.2303835e-10
1.2536127e-10
1.1879892e-10
1.4921391e-10
1.0629514e-10
6.7121757e-11
1.5367585e-10
1.2119527e-10
1.2170425e-10
1.1978748e-10
1.1934563e-10
1.1953274e-10
1.1909708e-10
1.2073381e-10
1.2178182e-10
1.2790715e-10
1.139826e-10
8.5658981e-11
1.1871432e-10
1.2271006e-10
1.2424811e-10
1.2943703e-10
1.2871803e-10
1.2824854e-10
1.2820561e-10
1.2841151e-10
1.2920607e-10
1.2951786e-10
1.2816027e-10
1.2045358e-10
1.4707011e-10
8.46061e-11
1.2908614e-10
1.2741297e-10
1.3080575e-10
1.2914265e-10
1.2850945e-10
1.2840016e-10
1.2824908e-10
1.2822732e-10
1.2830949e-10
1.2854929e-10
1.2867172e-10
1.3000894e-10
1.3136498e-10
1.3394336e-10
1.5501065e-10
6.6224571e-11
1.1876665e-10
1.2752473e-10
1.3110806e-10
1.2924711e-10
1.2863273e-10
1.2834631e-10
1.2824239e-10
1.2820253e-10
1.2819475e-10
1.2821399e-10
1.2827698e-10
1.2844936e-10
1.2894913e-10
1.3002404e-10
1.3240893e-10
1.2987443e-10
1.3604751e-10
1.5464058e-10
1.2266905e-10
1.3079803e-10
1.2924794e-10
1.2864237e-10
1.2835129e-10
1.2826329e-10
1.2823281e-10
1.2822092e-10
1.282176e-10
1.2822049e-10
1.2823394e-10
1.282792e-10
1.2844407e-10
1.2898869e-10
1.2991378e-10
1.3047804e-10
1.3507151e-10
7.2204644e-11
6.4075461e-11
1.2081501e-10
1.2413264e-10
1.2910654e-10
1.2862809e-10
1.2835071e-10
1.2827286e-10
1.2825139e-10
1.2824522e-10
1.2824294e-10
1.2824158e-10
1.2824009e-10
1.2823971e-10
1.2824555e-10
1.2828372e-10
1.2844802e-10
1.289845e-10
1.2924777e-10
1.2722429e-10
1.5248048e-10
1.2806432e-10
1.2144982e-10
1.2938747e-10
1.2849484e-10
1.2834304e-10
1.2826242e-10
1.2825109e-10
1.2825352e-10
1.2825716e-10
1.2825934e-10
1.2825918e-10
1.282564e-10
1.2825128e-10
1.2824478e-10
1.2824412e-10
1.2828376e-10
1.2848939e-10
1.2890339e-10
1.2899629e-10
1.3589383e-10
1.1674572e-10
1.1963526e-10
1.2867205e-10
1.2839147e-10
1.2824004e-10
1.2823198e-10
1.2824471e-10
1.2825704e-10
1.2826547e-10
1.2826992e-10
1.2827056e-10
1.2826752e-10
1.2826051e-10
1.2824951e-10
1.2823652e-10
1.2823482e-10
1.2831298e-10
1.2870192e-10
1.27514e-10
1.3049176e-10
9.4798443e-11
1.2275313e-10
1.1928006e-10
1.2824668e-10
1.2824855e-10
1.2820113e-10
1.2822e-10
1.2824242e-10
1.2825905e-10
1.2826976e-10
1.2827563e-10
1.2827672e-10
1.2827347e-10
1.282656e-10
1.2825291e-10
1.2823577e-10
1.2821971e-10
1.2824075e-10
1.2842099e-10
1.2691238e-10
1.3165518e-10
1.1693889e-10
1.2510613e-10
1.1951993e-10
1.2821574e-10
1.2822691e-10
1.281928e-10
1.2821636e-10
1.2824084e-10
1.2825879e-10
1.2827037e-10
1.2827656e-10
1.282779e-10
1.2827462e-10
1.2826656e-10
1.2825337e-10
1.2823531e-10
1.2821718e-10
1.2823107e-10
1.2839459e-10
1.2697983e-10
1.3289183e-10
1.1964661e-10
1.1796889e-10
1.1884126e-10
1.2834212e-10
1.2829103e-10
1.2820873e-10
1.2821834e-10
1.2823915e-10
1.2825591e-10
1.2826714e-10
1.2827315e-10
1.2827448e-10
1.2827123e-10
1.28263e-10
1.2825008e-10
1.2823374e-10
1.2822293e-10
1.2826919e-10
1.2853351e-10
1.2706702e-10
1.3041905e-10
1.1020219e-10
1.4903299e-10
1.2069281e-10
1.2908897e-10
1.2851085e-10
1.2826688e-10
1.2823086e-10
1.2823838e-10
1.2825048e-10
1.2825995e-10
1.2826527e-10
1.2826624e-10
1.2826291e-10
1.282552e-10
1.2824392e-10
1.2823342e-10
1.2824734e-10
1.2838969e-10
1.2898884e-10
1.2828864e-10
1.344727e-10
6.0222163e-11
1.0566805e-10
1.2171543e-10
1.2931724e-10
1.2860071e-10
1.2842896e-10
1.2827323e-10
1.2824339e-10
1.2824371e-10
1.2824883e-10
1.2825247e-10
1.2825283e-10
1.2824994e-10
1.2824373e-10
1.2823786e-10
1.28247e-10
1.2833107e-10
1.2867138e-10
1.2889315e-10
1.2884404e-10
1.3072162e-10
1.2816664e-10
1.2790348e-10
1.2985193e-10
1.2889635e-10
1.284268e-10
1.2827829e-10
1.282422e-10
1.2823557e-10
1.2823494e-10
1.2823441e-10
1.2823294e-10
1.2823281e-10
1.2824699e-10
1.2832722e-10
1.2862525e-10
1.2942454e-10
1.2966362e-10
1.3705247e-10
1.2144981e-10
1.1454224e-10
1.2018514e-10
1.3106199e-10
1.2988233e-10
1.289326e-10
1.2843224e-10
1.2828056e-10
1.282337e-10
1.2821872e-10
1.2821597e-10
1.2822157e-10
1.2824556e-10
1.2833094e-10
1.2863662e-10
1.2954618e-10
1.3044154e-10
1.2945351e-10
1.2720534e-10
1.4803006e-10
1.3371002e-10
1.3213327e-10
1.2978326e-10
1.2894821e-10
1.2848862e-10
1.2831577e-10
1.2824188e-10
1.2822967e-10
1.2826676e-10
1.2838141e-10
1.2865796e-10
1.2947499e-10
1.3065642e-10
1.3351965e-10
1.4096636e-10
8.4240192e-11
1.5450286e-10
1.2985543e-10
1.3031263e-10
1.2919654e-10
1.2892427e-10
1.2872501e-10
1.2843921e-10
1.2839648e-10
1.2852942e-10
1.2896268e-10
1.287943e-10
1.2968973e-10
1.2989028e-10
1.4082164e-10
8.6213021e-11
1.3697705e-10
1.3486601e-10
1.2714383e-10
1.2898585e-10
1.2755205e-10
1.270108e-10
1.2698639e-10
1.2703339e-10
1.2825926e-10
1.2864484e-10
1.3689186e-10
1.2800273e-10
8.3668103e-11
7.1937447e-11
1.5325107e-10
1.3533517e-10
1.30361e-10
1.3193923e-10
1.3285554e-10
1.302089e-10
1.3417075e-10
1.3120431e-10
1.1994618e-10
9.2849743e-11
1.1726843e-10
1.1968211e-10
1.1311705e-10
6.0289943e-11
5.5626186e-11
9.6837919e-11
1.181503e-10
1.2655328e-10
1.2807379e-10
1.2703101e-10
1.260858e-10
1.1550733e-10
7.5534171e-11
3.3731619e-11
8.2443363e-11
1.7536394e-10
6.8409942e-11
1.2379596e-10
1.942523e-10
1.3125412e-10
1.8410889e-10
2.0284595e-10
9.7538495e-11
9.6288875e-11
1.532084e-10
1.3732737e-10
1.247039e-10
1.3950262e-10
1.3276487e-10
1.2957317e-10
1.4873725e-10
1.5451899e-10
1.3139083e-10
1.3524445e-10
1.5577581e-10
1.5246912e-10
1.435735e-10
1.7856203e-10
1.427795e-10
1.2692155e-10
2.2092331e-10
1.8726096e-10
9.714739e-11
9.9995917e-11
1.2199988e-10
6.8412497e-11
1.3487462e-10
1.9561283e-10
1.7443621e-10
8.4526794e-11
9.3544274e-11
3.3143104e-11
1.5806452e-10
1.7725419e-10
1.601932e-10
1.887502e-10
1.1110202e-10
1.0272842e-10
1.3663515e-10
1.0099055e-10
1.3279816e-10
1.58199e-10
1.3786756e-10
1.344564e-10
1.0089214e-10
1.3911185e-10
1.578997e-10
1.0858951e-10
1.8708943e-10
1.3660319e-10
1.043075e-10
1.6024732e-10
3.3051491e-11
1.6008976e-10
1.7702414e-10
9.4311342e-11
1.5051147e-10
1.5119641e-10
1.8345607e-10
1.8344578e-10
1.0733267e-10
1.0850078e-10
1.1641475e-10
1.3643823e-10
1.6760361e-10
1.1744048e-10
1.0916118e-10
1.6757959e-10
1.3765718e-10
1.8407774e-10
1.522292e-10
1.069884e-10
1.8593307e-10
1.5505595e-10
9.3418749e-11
1.501881e-10
1.8319234e-10
1.8246336e-10
1.0770026e-10
1.1202212e-10
1.4180814e-10
1.4232148e-10
1.3510066e-10
1.4447783e-10
1.1393762e-10
1.3388036e-10
1.4276524e-10
1.8668781e-10
1.4902143e-10
1.0890432e-10
1.8076527e-10
9.5230007e-11
3.3109256e-11
1.7789621e-10
1.5861288e-10
1.5894435e-10
1.0863442e-10
1.3549236e-10
1.1673381e-10
1.6891339e-10
1.3874253e-10
1.0777028e-10
1.6954172e-10
1.1808484e-10
1.8155553e-10
3.3966406e-11
1.5981715e-10
1.5831549e-10
8.4627179e-11
1.7453905e-10
1.8908945e-10
1.0470738e-10
1.1074452e-10
1.3804462e-10
1.0488652e-10
1.8964723e-10
1.3721112e-10
1.114314e-10
8.4299991e-11
1.7515303e-10
6.7537233e-11
1.9328687e-10
1.2241295e-10
1.3303784e-10
1.0206918e-10
1.5891751e-10
1.341718e-10
1.3838321e-10
1.5799221e-10
1.0198481e-10
1.4021755e-10
1.3361977e-10
1.9172898e-10
6.8518257e-11
1.3193416e-10
1.2243588e-10
3.4101341e-11
1.8562926e-10
9.8915651e-11
2.2038963e-10
9.7669385e-11
9.9009386e-11
1.8981303e-10
9.8145267e-11
2.2236767e-10
3.5492097e-11
7.40661e-11
1.1162013e-10
1.7718493e-10
1.2593848e-10
1.4371858e-10
1.4069389e-10
1.2907803e-10
1.7959676e-10
1.4248436e-10
1.4533606e-10
7.8438823e-11
1.1362539e-10
1.2307004e-10
1.2715761e-10
1.3516946e-10
1.4992608e-10
1.3399781e-10
1.5521664e-10
1.4933477e-10
1.3746342e-10
1.5297803e-10
1.3384015e-10
1.2435285e-10
1.2738514e-10
1.2878744e-10
1.2827576e-10
1.326708e-10
1.5637563e-10
1.3154457e-10
1.5223975e-10
1.5529508e-10
1.3250424e-10
1.5091599e-10
1.3436636e-10
1.295126e-10
1.2692183e-10
1.189428e-10
9.5528005e-11
1.3583977e-10
1.433651e-10
1.5464911e-10
1.2808955e-10
1.407584e-10
1.4148167e-10
1.243522e-10
1.6312956e-10
1.1544209e-10
9.0017367e-11
5.5402926e-11
2.052892e-10
9.7007654e-11
1.8579279e-10
9.7571533e-11
9.6226621e-11
2.0553633e-10
9.83785e-11
1.8293696e-10
4.792317e-11
1.2555098e-10
1.3277659e-10
7.0474328e-11
1.9497157e-10
1.3313737e-10
1.3903268e-10
1.008119e-10
1.5668179e-10
1.3704279e-10
1.3293569e-10
1.5673365e-10
1.0188264e-10
1.3118381e-10
1.2298771e-10
1.9279842e-10
7.1061448e-11
1.7537941e-10
8.6349784e-11
1.1014511e-10
1.3542594e-10
1.9082579e-10
1.0398989e-10
1.3556625e-10
1.0954776e-10
1.032648e-10
1.9146811e-10
1.7163616e-10
8.5205754e-11
1.5870862e-10
1.5960323e-10
3.4110351e-11
1.7847071e-10
1.1667582e-10
1.6923489e-10
1.0966202e-10
1.3708616e-10
1.6872339e-10
1.1835106e-10
1.3737776e-10
1.0911535e-10
1.6146111e-10
1.6079328e-10
1.8550235e-10
3.6663063e-11
9.0693569e-11
1.8020051e-10
1.0730138e-10
1.4970336e-10
1.8267279e-10
1.4125273e-10
1.3501203e-10
1.1116738e-10
1.4238342e-10
1.3403446e-10
1.4286364e-10
1.423856e-10
1.133775e-10
1.0663538e-10
1.8203569e-10
1.8459903e-10
1.5012339e-10
9.4510009e-11
1.481482e-10
1.8259019e-10
1.0636352e-10
1.5121985e-10
1.825765e-10
1.3547259e-10
1.6845982e-10
1.0936974e-10
1.1728285e-10
1.6747511e-10
1.3601589e-10
1.1435376e-10
1.0968063e-10
1.0662103e-10
1.8321864e-10
1.832077e-10
1.5104982e-10
1.5097508e-10
9.3584201e-11
1.805757e-10
1.6025808e-10
3.5543286e-11
1.5831801e-10
1.0478799e-10
1.3714034e-10
1.8852453e-10
1.1009247e-10
1.5687362e-10
1.3708852e-10
1.0147401e-10
1.344652e-10
1.380287e-10
1.5781166e-10
1.3285635e-10
1.0051818e-10
1.3595218e-10
1.0366109e-10
1.1170965e-10
1.912218e-10
1.6065255e-10
1.7857439e-10
1.5817535e-10
3.3300834e-11
9.4659664e-11
8.500299e-11
1.7408233e-10
1.9553266e-10
1.3243727e-10
7.0523168e-11
1.2226161e-10
9.8505522e-11
9.5333306e-11
1.8708342e-10
2.0067283e-10
1.2309809e-10
1.3924703e-10
1.5354038e-10
1.377357e-10
1.501461e-10
1.5444572e-10
1.3101055e-10
1.2840951e-10
1.5481178e-10
1.4893166e-10
1.3139219e-10
1.3544321e-10
1.4003148e-10
1.2518805e-10
1.4384971e-10
1.7977794e-10
9.6325029e-11
9.7997292e-11
2.2126064e-10
1.9019619e-10
1.2934741e-10
1.9431367e-10
1.2391134e-10
7.0090113e-11
1.7314629e-10
8.4216164e-11
5.1907344e-11
9.3018802e-11
1.1846764e-10
1.2899613e-10
1.3333563e-10
1.2847094e-10
1.23173e-10
1.1205102e-10
7.7517928e-11
3.3366188e-11
6.4042981e-11
4.308496e-11
9.3298187e-11
1.1200392e-10
7.6340668e-11
9.3475127e-11
1.1730995e-10
1.2012159e-10
1.0092847e-10
1.0524856e-10
1.1954064e-10
1.1728225e-10
1.0455657e-10
1.0084572e-10
1.1158921e-10
9.6074223e-11
9.2355247e-11
7.6384832e-11
6.0925682e-11
4.3402714e-11
6.9998253e-11
1.2219465e-10
5.3711904e-11
1.0271885e-10
1.0623575e-10
1.5206674e-10
1.3022797e-10
4.7980139e-11
8.7921971e-11
1.3079328e-10
1.1433526e-10
6.3430759e-11
1.3092728e-10
1.5207196e-10
8.8166402e-11
4.7728339e-11
1.164132e-10
1.3147617e-10
1.2286322e-10
7.1946463e-11
1.0259462e-10
5.3051683e-11
8.2125411e-11
6.3252191e-11
1.1348628e-10
1.3666326e-10
1.2793994e-10
4.8135976e-11
9.6119716e-11
1.1551978e-10
1.159138e-10
6.4899357e-11
1.276093e-10
1.3610322e-10
9.731498e-11
4.6775795e-11
1.1568745e-10
1.1524778e-10
8.3197815e-11
6.3984162e-11
9.0228803e-11
7.1081403e-11
1.4735216e-10
1.5455462e-10
1.4029086e-10
7.0143945e-11
1.2540506e-10
1.3616539e-10
1.2793908e-10
8.4873581e-11
1.4032273e-10
1.5418007e-10
1.2847427e-10
6.9495463e-11
1.2851192e-10
1.3357528e-10
9.0304783e-11
6.9946584e-11
8.2427259e-11
6.4147046e-11
8.5912947e-11
1.4087261e-10
1.479619e-10
1.3457613e-10
6.9508235e-11
1.2932925e-10
1.2782128e-10
8.2942704e-11
6.3395644e-11
1.3655229e-10
1.1309605e-10
1.2791428e-10
4.8847789e-11
1.1714334e-10
9.9662097e-11
1.1678465e-10
6.5315589e-11
1.2750628e-10
1.1372168e-10
1.1433792e-10
4.8151603e-11
1.1563709e-10
9.9098706e-11
7.1978808e-11
1.2135515e-10
5.4211943e-11
1.0394534e-10
1.1972305e-10
5.424506e-11
1.0367795e-10
1.516803e-10
1.0620321e-10
1.3032198e-10
4.7473483e-11
1.3086656e-10
8.91634e-11
1.1546278e-10
6.4846074e-11
1.3151614e-10
1.0750001e-10
1.3239894e-10
4.8119081e-11
1.1629382e-10
8.7971897e-11
6.0460589e-11
4.3706854e-11
9.5797242e-11
1.12559e-10
7.4216409e-11
9.3451237e-11
1.1061323e-10
7.6580597e-11
9.4588491e-11
1.172681e-10
1.2046389e-10
1.0114832e-10
1.0421234e-10
1.1619055e-10
1.0601009e-10
1.0188512e-10
9.4877834e-11
9.4693838e-11
7.827827e-11
6.0211543e-11
4.331826e-11
4.48005e-11
1.3094308e-10
6.5048531e-11
1.5265996e-10
8.6062061e-11
1.1616291e-10
4.6051702e-11
1.3223967e-10
1.0530972e-10
1.5118818e-10
6.3581065e-11
1.1705085e-10
8.6489751e-11
1.3349849e-10
4.804097e-11
1.2028542e-10
7.2722414e-11
1.0245368e-10
5.3035738e-11
7.1614125e-11
1.0501513e-10
5.3642291e-11
1.275031e-10
6.6476857e-11
1.3655738e-10
9.8982084e-11
1.1371296e-10
4.8514629e-11
1.153825e-10
1.1260375e-10
1.3644921e-10
6.5542309e-11
1.1540917e-10
9.8455605e-11
1.1532211e-10
4.7838503e-11
8.3046805e-11
6.455511e-11
1.4032054e-10
8.6281447e-11
1.5475571e-10
1.2797938e-10
1.2735738e-10
7.1861717e-11
1.3598041e-10
1.5019148e-10
1.5462694e-10
8.8575455e-11
1.2800399e-10
1.2911923e-10
1.3569451e-10
7.1452555e-11
6.578743e-11
9.1093537e-11
7.2484354e-11
7.1178689e-11
1.3778115e-10
1.1320028e-10
6.6704434e-11
1.1517729e-10
1.1824431e-10
9.765238e-11
4.983348e-11
1.2045443e-10
5.5069809e-11
1.0182112e-10
1.528068e-10
1.0649081e-10
6.4577598e-11
1.1666409e-10
1.318999e-10
8.9128286e-11
4.8679742e-11
1.1166923e-10
7.2110942e-11
9.3036391e-11
1.1982888e-10
1.0121418e-10
1.0331517e-10
1.1702964e-10
1.0399114e-10
1.0174176e-10
9.7457444e-11
9.3105742e-11
7.4426192e-11
4.1358053e-11
1.5424152e-10
1.4760245e-10
1.4061924e-10
7.0310984e-11
1.3473901e-10
1.2788674e-10
1.2878412e-10
6.3958435e-11
4.3335299e-11
1.2011779e-10
1.0168621e-10
1.0636099e-10
1.2013249e-10
1.1831993e-10
1.035808e-10
1.0015822e-10
1.108829e-10
9.5040433e-11
9.1888829e-11
7.7188796e-11
1.4059934e-10
8.3991006e-11
1.4704046e-10
1.3625799e-10
1.2861649e-10
7.1209796e-11
1.2893924e-10
1.5243147e-10
1.4752998e-10
8.4166512e-11
1.3060804e-10
1.3538007e-10
1.2955007e-10
6.8721057e-11
8.3806293e-11
6.5747756e-11
1.2860952e-10
6.6140507e-11
1.157652e-10
1.1614432e-10
1.157911e-10
4.8138736e-11
9.9898698e-11
6.648422e-11
1.3046667e-10
6.4995258e-11
1.0408846e-10
1.3094493e-10
1.1606286e-10
4.6574676e-11
8.4896037e-11
7.1776277e-11
1.0436853e-10
5.4839617e-11
6.2354623e-11
4.2090118e-11
1.5565687e-10
1.6115739e-10
1.3972359e-10
1.3952117e-10
1.365356e-10
1.3580076e-10
1.3377825e-10
1.3135915e-10
1.3733005e-10
1.3706607e-10
1.3141619e-10
1.3170901e-10
1.3629086e-10
1.3498629e-10
1.3167046e-10
1.3165842e-10
1.3308742e-10
1.359677e-10
1.3169961e-10
1.3408513e-10
1.5989955e-10
1.5462777e-10
1.4016931e-10
1.3904467e-10
1.525289e-10
1.3825709e-10
1.4501937e-10
1.3610719e-10
1.3792363e-10
1.3474492e-10
1.3330232e-10
1.3115391e-10
1.336522e-10
1.325618e-10
1.2982191e-10
1.2888896e-10
1.3035462e-10
1.2899334e-10
1.2812736e-10
1.2732821e-10
1.2885332e-10
1.2886289e-10
1.2698463e-10
1.2698318e-10
1.2888424e-10
1.2846669e-10
1.2680235e-10
1.2697243e-10
1.2897896e-10
1.3067315e-10
1.2724962e-10
1.2780463e-10
1.3276364e-10
1.3357316e-10
1.2892022e-10
1.298906e-10
1.3502327e-10
1.385463e-10
1.3123698e-10
1.3291645e-10
1.3682798e-10
1.514276e-10
1.3471355e-10
1.442763e-10
1.3518034e-10
1.4115229e-10
1.3135527e-10
1.3230082e-10
1.3686818e-10
1.3267404e-10
1.3096714e-10
1.2938754e-10
1.3012822e-10
1.2871987e-10
1.2783776e-10
1.272226e-10
1.2773886e-10
1.2719351e-10
1.2641402e-10
1.2621966e-10
1.2684933e-10
1.2632954e-10
1.2586393e-10
1.2561257e-10
1.2612228e-10
1.2617454e-10
1.2548391e-10
1.2547985e-10
1.2598408e-10
1.2644923e-10
1.2541265e-10
1.2579348e-10
1.2629923e-10
1.264597e-10
1.2546631e-10
1.2621264e-10
1.2755736e-10
1.2784364e-10
1.2617366e-10
1.2637392e-10
1.2847996e-10
1.2966367e-10
1.2702983e-10
1.2817033e-10
1.3171798e-10
1.3632228e-10
1.2931905e-10
1.3068492e-10
1.3951889e-10
1.3774705e-10
1.3251361e-10
1.3230352e-10
1.3414137e-10
1.318507e-10
1.4113558e-10
1.3270184e-10
1.2995929e-10
1.2935596e-10
1.2939119e-10
1.2820554e-10
1.2850452e-10
1.2762652e-10
1.2730537e-10
1.2634785e-10
1.2668135e-10
1.2630155e-10
1.2614902e-10
1.2577193e-10
1.2604936e-10
1.2594077e-10
1.256137e-10
1.2526636e-10
1.2543089e-10
1.2550069e-10
1.251072e-10
1.2521386e-10
1.2554749e-10
1.2547761e-10
1.2535451e-10
1.2509586e-10
1.2552958e-10
1.2537532e-10
1.2516481e-10
1.2524094e-10
1.2497218e-10
1.2572448e-10
1.2528475e-10
1.2527327e-10
1.2578062e-10
1.2584162e-10
1.2551124e-10
1.2553279e-10
1.2596214e-10
1.2672812e-10
1.2588033e-10
1.2595621e-10
1.2740845e-10
1.2819781e-10
1.2638841e-10
1.2680738e-10
1.2923331e-10
1.2958739e-10
1.2787706e-10
1.2868224e-10
1.3179764e-10
1.3439464e-10
1.3216657e-10
1.3918094e-10
1.5103706e-10
1.4414102e-10
1.3680864e-10
1.3618922e-10
1.3689714e-10
1.3120251e-10
1.3285306e-10
1.2969764e-10
1.2830851e-10
1.268556e-10
1.2765191e-10
1.2647513e-10
1.2614313e-10
1.2586418e-10
1.258011e-10
1.2547269e-10
1.256825e-10
1.2540512e-10
1.2543449e-10
1.2520015e-10
1.2548128e-10
1.2499676e-10
1.2523059e-10
1.2524684e-10
1.2505639e-10
1.253312e-10
1.2502877e-10
1.2518555e-10
1.2541416e-10
1.2539872e-10
1.2514333e-10
1.2499106e-10
1.2526901e-10
1.2522169e-10
1.2508933e-10
1.2531741e-10
1.2525155e-10
1.2529658e-10
1.2504276e-10
1.2538077e-10
1.2542301e-10
1.2509301e-10
1.2499343e-10
1.2538615e-10
1.2534622e-10
1.2551867e-10
1.2511793e-10
1.2512721e-10
1.259126e-10
1.2607458e-10
1.2551113e-10
1.2572277e-10
1.2707724e-10
1.2813389e-10
1.2627487e-10
1.2733877e-10
1.3079754e-10
1.3557986e-10
1.2919861e-10
1.3223941e-10
1.4381451e-10
1.5407861e-10
1.3544542e-10
1.3780222e-10
1.3802806e-10
1.3206946e-10
1.3431768e-10
1.3076937e-10
1.3034233e-10
1.2839977e-10
1.2862124e-10
1.2711487e-10
1.2691397e-10
1.2602736e-10
1.2615793e-10
1.2551469e-10
1.2583571e-10
1.2544247e-10
1.2541205e-10
1.2525394e-10
1.2528877e-10
1.2537648e-10
1.2507772e-10
1.2523328e-10
1.2517995e-10
1.2499697e-10
1.2544574e-10
1.2527178e-10
1.2513588e-10
1.250986e-10
1.2533841e-10
1.2519619e-10
1.2512648e-10
1.2518978e-10
1.2516522e-10
1.2518871e-10
1.2522159e-10
1.2511226e-10
1.2508468e-10
1.2514999e-10
1.2511049e-10
1.2536717e-10
1.2533625e-10
1.2488776e-10
1.2514501e-10
1.2540506e-10
1.2511923e-10
1.2527732e-10
1.2521987e-10
1.2543151e-10
1.2521025e-10
1.2527031e-10
1.2555038e-10
1.2556052e-10
1.2535004e-10
1.253123e-10
1.2620617e-10
1.2676395e-10
1.2569271e-10
1.2614372e-10
1.2793851e-10
1.3017693e-10
1.2707882e-10
1.2879079e-10
1.326119e-10
1.3842219e-10
1.3028923e-10
1.3426041e-10
1.5644328e-10
1.4001567e-10
1.6060557e-10
1.3919609e-10
1.3293788e-10
1.2997933e-10
1.3230005e-10
1.2891428e-10
1.2789726e-10
1.2672679e-10
1.2714826e-10
1.2606048e-10
1.2585597e-10
1.2539497e-10
1.2562433e-10
1.2537599e-10
1.2542218e-10
1.2528059e-10
1.2524354e-10
1.2524018e-10
1.2514642e-10
1.2506724e-10
1.253085e-10
1.2517293e-10
1.252309e-10
1.2522838e-10
1.252183e-10
1.2497958e-10
1.2513853e-10
1.2518206e-10
1.2514743e-10
1.2527967e-10
1.2511413e-10
1.2524949e-10
1.2510842e-10
1.2533307e-10
1.2500752e-10
1.2513822e-10
1.2517179e-10
1.2527251e-10
1.2503204e-10
1.2513706e-10
1.2544197e-10
1.2530812e-10
1.2503599e-10
1.2518058e-10
1.2495244e-10
1.252103e-10
1.2506898e-10
1.2518469e-10
1.2539536e-10
1.2507446e-10
1.2524839e-10
1.2546208e-10
1.2513017e-10
1.254681e-10
1.2528785e-10
1.2573684e-10
1.2532066e-10
1.2565759e-10
1.265031e-10
1.2781728e-10
1.2632044e-10
1.2702177e-10
1.2937334e-10
1.3262094e-10
1.2888033e-10
1.3175064e-10
1.4039556e-10
1.5427844e-10
1.3991024e-10
1.6052684e-10
1.3601995e-10
1.3338061e-10
1.3545128e-10
1.3112743e-10
1.3042285e-10
1.2800683e-10
1.2895602e-10
1.2696592e-10
1.2702372e-10
1.2576536e-10
1.2667438e-10
1.2565659e-10
1.2544848e-10
1.2508656e-10
1.2562317e-10
1.2538666e-10
1.2526449e-10
1.2519684e-10
1.2529421e-10
1.2507515e-10
1.2520007e-10
1.2507931e-10
1.2510906e-10
1.2524622e-10
1.2512282e-10
1.2479965e-10
1.2534215e-10
1.2524382e-10
1.2510588e-10
1.2523107e-10
1.2529699e-10
1.2544623e-10
1.2493341e-10
1.2499291e-10
1.2502554e-10
1.2499396e-10
1.2509463e-10
1.2511377e-10
1.2514023e-10
1.253497e-10
1.2504301e-10
1.2472646e-10
1.251373e-10
1.2505795e-10
1.2511568e-10
1.252366e-10
1.2517604e-10
1.248591e-10
1.2541054e-10
1.2494376e-10
1.2494987e-10
1.2509724e-10
1.253847e-10
1.2536235e-10
1.2528641e-10
1.2534198e-10
1.2530658e-10
1.2532636e-10
1.2537946e-10
1.254677e-10
1.2594186e-10
1.2659782e-10
1.2582731e-10
1.2628159e-10
1.2806574e-10
1.2998037e-10
1.2723917e-10
1.2890517e-10
1.3416763e-10
1.3654755e-10
1.3167584e-10
1.3513329e-10
1.3682639e-10
1.3112115e-10
1.3763503e-10
1.3114369e-10
1.282095e-10
1.2677434e-10
1.2833787e-10
1.2676984e-10
1.2610079e-10
1.2552188e-10
1.258297e-10
1.2589715e-10
1.2550081e-10
1.252567e-10
1.2535386e-10
1.2508328e-10
1.2540708e-10
1.2508773e-10
1.2566437e-10
1.2500136e-10
1.2526087e-10
1.2513519e-10
1.2529006e-10
1.2523214e-10
1.2507702e-10
1.250231e-10
1.2502854e-10
1.2523224e-10
1.2491277e-10
1.2539719e-10
1.2517121e-10
1.2491446e-10
1.248939e-10
1.2504447e-10
1.25327e-10
1.2519365e-10
1.2508794e-10
1.2508156e-10
1.2520457e-10
1.2510339e-10
1.2517846e-10
1.2528361e-10
1.249552e-10
1.2536962e-10
1.2502774e-10
1.2538741e-10
1.2520355e-10
1.2509909e-10
1.2512997e-10
1.2500506e-10
1.2505647e-10
1.2509246e-10
1.2503284e-10
1.2522881e-10
1.2516668e-10
1.2551184e-10
1.2529459e-10
1.253567e-10
1.2532853e-10
1.2537018e-10
1.2557136e-10
1.2627763e-10
1.257385e-10
1.2609443e-10
1.2728315e-10
1.2871269e-10
1.268214e-10
1.2870753e-10
1.3186092e-10
1.379285e-10
1.3236546e-10
1.3798187e-10
1.3760344e-10
1.3106572e-10
1.3519635e-10
1.3083653e-10
1.2854735e-10
1.2663888e-10
1.2868083e-10
1.2673751e-10
1.2591068e-10
1.2598034e-10
1.2598595e-10
1.2568851e-10
1.2541022e-10
1.2533834e-10
1.2524255e-10
1.2551476e-10
1.252493e-10
1.2473521e-10
1.2521492e-10
1.2517994e-10
1.2514056e-10
1.253541e-10
1.2515378e-10
1.2485485e-10
1.2501035e-10
1.2518574e-10
1.2502252e-10
1.2517609e-10
1.2520358e-10
1.2469975e-10
1.2526431e-10
1.2510904e-10
1.2524001e-10
1.2530206e-10
1.2504884e-10
1.2497287e-10
1.2539084e-10
1.2498729e-10
1.2480092e-10
1.2517054e-10
1.2487649e-10
1.250786e-10
1.2518668e-10
1.251378e-10
1.2519181e-10
1.2517722e-10
1.2515306e-10
1.2523035e-10
1.2515302e-10
1.2529659e-10
1.2496254e-10
1.2527983e-10
1.2523691e-10
1.2492484e-10
1.2503526e-10
1.2525363e-10
1.2501413e-10
1.2552208e-10
1.2522035e-10
1.2542017e-10
1.2569911e-10
1.2615498e-10
1.256238e-10
1.2600597e-10
1.2697601e-10
1.289923e-10
1.2701211e-10
1.2887717e-10
1.3220196e-10
1.3678772e-10
1.3158568e-10
1.3425858e-10
1.3412366e-10
1.3065438e-10
1.3661441e-10
1.3390458e-10
1.2890437e-10
1.2714259e-10
1.3074461e-10
1.2763932e-10
1.2624224e-10
1.2588822e-10
1.2658845e-10
1.2585254e-10
1.2548189e-10
1.2520742e-10
1.2557361e-10
1.2519986e-10
1.251329e-10
1.2505026e-10
1.2544368e-10
1.2531594e-10
1.2506624e-10
1.2514644e-10
1.2529706e-10
1.250597e-10
1.252277e-10
1.2512788e-10
1.2535649e-10
1.2521737e-10
1.2518499e-10
1.2515897e-10
1.2510908e-10
1.251241e-10
1.2513205e-10
1.2523443e-10
1.2509547e-10
1.2514684e-10
1.2490015e-10
1.2512947e-10
1.2465627e-10
1.2526468e-10
1.2516676e-10
1.2506312e-10
1.2533287e-10
1.2494644e-10
1.2524372e-10
1.2522644e-10
1.2529768e-10
1.2500257e-10
1.2502008e-10
1.2559159e-10
1.2518297e-10
1.2520916e-10
1.2533506e-10
1.2539343e-10
1.2494424e-10
1.2516331e-10
1.2526683e-10
1.2535678e-10
1.2522135e-10
1.2546001e-10
1.2591022e-10
1.2628583e-10
1.2612311e-10
1.2675315e-10
1.2723789e-10
1.291326e-10
1.2804779e-10
1.3062906e-10
1.3172659e-10
1.3417732e-10
1.3379212e-10
1.3658745e-10
1.6006417e-10
1.393748e-10
1.5598612e-10
1.397045e-10
1.3233723e-10
1.2885536e-10
1.3311742e-10
1.3029419e-10
1.2686929e-10
1.2611951e-10
1.277923e-10
1.2659623e-10
1.2553844e-10
1.2533967e-10
1.2602393e-10
1.2549001e-10
1.2531765e-10
1.2501854e-10
1.2522159e-10
1.2522632e-10
1.2535021e-10
1.2532901e-10
1.2516826e-10
1.2522645e-10
1.2520263e-10
1.2510181e-10
1.2507101e-10
1.2508521e-10
1.2508735e-10
1.2518622e-10
1.2505989e-10
1.2504189e-10
1.2520114e-10
1.2519924e-10
1.2514725e-10
1.2509512e-10
1.2534781e-10
1.2540168e-10
1.2513454e-10
1.2510265e-10
1.2493259e-10
1.2519425e-10
1.2508565e-10
1.2515435e-10
1.2522422e-10
1.2505908e-10
1.2533988e-10
1.2528433e-10
1.2505226e-10
1.2514138e-10
1.2523815e-10
1.2512634e-10
1.2509416e-10
1.252762e-10
1.2528406e-10
1.2557573e-10
1.2525471e-10
1.2552982e-10
1.253217e-10
1.2586202e-10
1.2628715e-10
1.2728086e-10
1.2682491e-10
1.2793193e-10
1.2890605e-10
1.3209987e-10
1.2966467e-10
1.3315772e-10
1.391814e-10
1.6250156e-10
1.3945593e-10
1.5608688e-10
1.3460643e-10
1.3111255e-10
1.3855179e-10
1.332896e-10
1.2879786e-10
1.2725624e-10
1.3032331e-10
1.287242e-10
1.260531e-10
1.2566791e-10
1.2651017e-10
1.2594896e-10
1.2532027e-10
1.2558422e-10
1.2561005e-10
1.2581999e-10
1.2518248e-10
1.2521393e-10
1.252414e-10
1.2520498e-10
1.2525878e-10
1.2507751e-10
1.251213e-10
1.2508971e-10
1.2511445e-10
1.2525355e-10
1.2509695e-10
1.2525074e-10
1.2523802e-10
1.2520836e-10
1.2507479e-10
1.2508627e-10
1.2547433e-10
1.2505013e-10
1.2539199e-10
1.2502519e-10
1.2530541e-10
1.2500851e-10
1.2529271e-10
1.2493982e-10
1.2523877e-10
1.2512333e-10
1.2532697e-10
1.2478897e-10
1.2524485e-10
1.2526469e-10
1.2532858e-10
1.2533832e-10
1.2526103e-10
1.2543432e-10
1.2547524e-10
1.2551222e-10
1.2564573e-10
1.2630581e-10
1.2603967e-10
1.2675073e-10
1.2719765e-10
1.2872729e-10
1.2826037e-10
1.303214e-10
1.309309e-10
1.3507863e-10
1.3306732e-10
1.3828794e-10
1.3735414e-10
1.3652046e-10
1.5152759e-10
1.4338102e-10
1.3267393e-10
1.2972662e-10
1.3688202e-10
1.3144762e-10
1.2753662e-10
1.2631779e-10
1.2849781e-10
1.2687395e-10
1.2570996e-10
1.2553322e-10
1.2645195e-10
1.2569152e-10
1.2557636e-10
1.253971e-10
1.2543179e-10
1.2542571e-10
1.2523032e-10
1.252675e-10
1.2547684e-10
1.2527072e-10
1.2509297e-10
1.253263e-10
1.2520304e-10
1.2544898e-10
1.2501808e-10
1.2492853e-10
1.2518633e-10
1.2528851e-10
1.2494295e-10
1.2505935e-10
1.2522392e-10
1.2525579e-10
1.25354e-10
1.2532139e-10
1.2518729e-10
1.2529796e-10
1.2550474e-10
1.2497695e-10
1.2509698e-10
1.2534988e-10
1.2543027e-10
1.2529193e-10
1.2549822e-10
1.2562397e-10
1.2546365e-10
1.2600962e-10
1.2581854e-10
1.2616657e-10
1.2672152e-10
1.2757313e-10
1.2709016e-10
1.2822358e-10
1.2966067e-10
1.324635e-10
1.3069541e-10
1.367473e-10
1.3613311e-10
1.3844955e-10
1.4397479e-10
1.5282777e-10
1.4056109e-10
1.3244509e-10
1.3373683e-10
1.3179095e-10
1.2942956e-10
1.2779621e-10
1.301589e-10
1.2950119e-10
1.2700908e-10
1.2652572e-10
1.2838036e-10
1.2761531e-10
1.2597086e-10
1.2529839e-10
1.2687405e-10
1.2621486e-10
1.2543829e-10
1.2553725e-10
1.2583579e-10
1.2573188e-10
1.2531916e-10
1.2535951e-10
1.254853e-10
1.2553681e-10
1.2515604e-10
1.2533905e-10
1.2527037e-10
1.2537781e-10
1.2530021e-10
1.2531771e-10
1.2530314e-10
1.2541868e-10
1.2530452e-10
1.254392e-10
1.2556888e-10
1.2555565e-10
1.2543156e-10
1.2557769e-10
1.2560334e-10
1.2585042e-10
1.2577097e-10
1.2610619e-10
1.262882e-10
1.2679146e-10
1.265983e-10
1.2692807e-10
1.2768686e-10
1.2880493e-10
1.2823551e-10
1.2982917e-10
1.2991904e-10
1.3057812e-10
1.3260342e-10
1.4140148e-10
1.3252113e-10
1.376007e-10
1.3280167e-10
1.3292223e-10
1.3622642e-10
1.4193905e-10
1.3120381e-10
1.2956254e-10
1.3642714e-10
1.3251034e-10
1.2815123e-10
1.2731014e-10
1.3015638e-10
1.2883693e-10
1.265865e-10
1.2621216e-10
1.2808401e-10
1.2718974e-10
1.2620511e-10
1.2575581e-10
1.2665139e-10
1.2609889e-10
1.2559333e-10
1.2560859e-10
1.2611153e-10
1.2613972e-10
1.2546858e-10
1.2556015e-10
1.2616416e-10
1.2613965e-10
1.2587801e-10
1.2592184e-10
1.2636536e-10
1.2669223e-10
1.2625615e-10
1.2670912e-10
1.2733299e-10
1.2785419e-10
1.2738369e-10
1.2805915e-10
1.287619e-10
1.3050215e-10
1.2972051e-10
1.3146741e-10
1.3283154e-10
1.3689102e-10
1.3278405e-10
1.3182717e-10
1.4104786e-10
1.3457229e-10
1.4369935e-10
1.3630446e-10
1.5210164e-10
1.3744109e-10
1.3305366e-10
1.3085787e-10
1.382909e-10
1.3500438e-10
1.2955082e-10
1.2866189e-10
1.3363594e-10
1.320834e-10
1.27911e-10
1.2714064e-10
1.2987534e-10
1.2834898e-10
1.2725301e-10
1.2679943e-10
1.284114e-10
1.2846925e-10
1.2723073e-10
1.2738515e-10
1.2893403e-10
1.2909356e-10
1.2732504e-10
1.2810078e-10
1.293021e-10
1.3099032e-10
1.2889116e-10
1.3008294e-10
1.3299615e-10
1.3386049e-10
1.3130865e-10
1.3297872e-10
1.3493391e-10
1.3920218e-10
1.3647939e-10
1.4596862e-10
1.3889277e-10
1.5121263e-10
1.3991585e-10
1.4001866e-10
1.5753666e-10
1.625136e-10
1.3385818e-10
1.3101487e-10
1.3692249e-10
1.3489967e-10
1.3191984e-10
1.320392e-10
1.3814981e-10
1.3880668e-10
1.323236e-10
1.3221084e-10
1.3892761e-10
1.3717462e-10
1.320071e-10
1.3403991e-10
1.3468958e-10
1.3609303e-10
1.407102e-10
1.4052224e-10
1.6116393e-10
1.5493265e-10
6.6420533e-11
6.5301817e-11
1.0375303e-10
1.1919704e-10
1.0657473e-10
1.2208526e-10
1.2541883e-10
1.2672356e-10
1.2812038e-10
1.2939584e-10
1.260448e-10
1.2343944e-10
1.2926697e-10
1.2778793e-10
1.1827375e-10
9.7789411e-11
1.2213451e-10
1.0506524e-10
6.1305683e-11
6.7603662e-11
8.0500137e-11
1.349157e-10
8.0453646e-11
1.3255161e-10
1.1747877e-10
1.6536015e-10
1.2433035e-10
7.255119e-11
1.156572e-10
1.6289582e-10
1.3403342e-10
1.6566053e-10
1.1863278e-10
1.1701518e-10
1.4464317e-10
1.5659759e-10
1.3778054e-10
1.3479867e-10
1.2228806e-10
1.2052869e-10
1.2525966e-10
1.198259e-10
1.2192685e-10
1.3233311e-10
1.3363063e-10
1.2431053e-10
1.2950105e-10
1.3210463e-10
1.2563442e-10
1.2734719e-10
1.3623743e-10
1.3795201e-10
1.2424001e-10
1.3258436e-10
1.3080266e-10
1.2737088e-10
1.2567758e-10
1.3809743e-10
1.3664413e-10
1.2818759e-10
1.2676453e-10
1.2196198e-10
1.2228533e-10
1.1990166e-10
1.3417264e-10
1.3279972e-10
1.438875e-10
1.1760129e-10
1.1887222e-10
1.5691289e-10
1.4207939e-10
1.3504071e-10
1.3701776e-10
7.0390961e-11
1.2495093e-10
1.6504908e-10
1.1615182e-10
7.1204433e-11
1.338197e-10
1.621223e-10
1.3083087e-10
7.9647591e-11
1.3187884e-10
7.9740673e-11
8.9349111e-11
9.2483735e-11
1.2651537e-10
1.4491233e-10
1.2467825e-10
7.2803836e-11
1.2247499e-10
1.4517769e-10
1.3019541e-10
1.2251373e-10
1.2031698e-10
1.2576426e-10
1.6490089e-10
1.2999262e-10
1.3651074e-10
1.3910683e-10
1.6489394e-10
1.2539453e-10
1.2057905e-10
1.2940523e-10
1.6403407e-10
1.3886733e-10
1.3643694e-10
6.4801488e-11
1.2585546e-10
1.4485008e-10
1.2360339e-10
7.3093472e-11
1.3072317e-10
1.4465756e-10
8.9362146e-11
9.0848856e-11
1.0162303e-10
9.7540522e-11
1.6031372e-10
1.6555497e-10
1.2752819e-10
9.4786852e-11
1.581489e-10
1.6473838e-10
1.4407048e-10
1.0203344e-10
1.280319e-10
1.6692691e-10
1.5798389e-10
9.6243426e-11
1.4426926e-10
1.6503454e-10
1.0422263e-10
9.7579544e-11
9.0091747e-11
9.1439108e-11
1.6598798e-10
1.600335e-10
1.2755656e-10
9.5443577e-11
1.6499472e-10
1.5804676e-10
1.4423038e-10
9.8890425e-11
1.2807389e-10
1.5857063e-10
1.6312977e-10
9.2092309e-11
1.4406246e-10
1.5835268e-10
9.0168886e-11
9.4581438e-11
1.4572916e-10
1.292485e-10
1.2551452e-10
7.30412e-11
1.4494227e-10
1.2367188e-10
1.3064466e-10
6.5041057e-11
1.2464269e-10
1.2359611e-10
1.4650247e-10
7.337042e-11
1.3074747e-10
1.2224282e-10
8.0170927e-11
1.3374311e-10
8.0143075e-11
1.3437973e-10
1.2082866e-10
1.2235734e-10
1.2614169e-10
1.6456398e-10
1.3665578e-10
1.3055103e-10
1.3941896e-10
1.6597661e-10
1.2601265e-10
1.2243011e-10
1.3713204e-10
1.6578122e-10
1.3942423e-10
1.304074e-10
1.3333408e-10
8.1198438e-11
1.3345872e-10
1.6441259e-10
1.1672906e-10
1.2420826e-10
7.0282863e-11
1.6112653e-10
1.1647919e-10
1.3351859e-10
7.0489678e-11
1.2390637e-10
1.1642167e-10
1.6214234e-10
7.2034931e-11
1.3306454e-10
1.142894e-10
6.2996194e-11
6.7986066e-11
1.1789718e-10
1.6724032e-10
1.1700425e-10
1.4016003e-10
1.361644e-10
1.5912157e-10
1.3524765e-10
1.4160793e-10
1.1801134e-10
1.6727169e-10
1.3588678e-10
1.3804753e-10
1.3545734e-10
1.5838141e-10
6.2303274e-11
6.8208441e-11
9.9045273e-11
1.1694747e-10
1.0689331e-10
1.2009269e-10
1.2142183e-10
1.2371305e-10
1.2607688e-10
1.2100065e-10
1.3296393e-10
1.2183021e-10
1.3397941e-10
1.2848838e-10
1.2694177e-10
1.242761e-10
1.3313018e-10
1.2011181e-10
1.3421307e-10
1.2219309e-10
1.1678979e-10
1.0442056e-10
1.21972e-10
1.2471946e-10
1.2566774e-10
1.2832543e-10
1.2919243e-10
1.3020074e-10
1.2531283e-10
1.3270068e-10
1.2585558e-10
1.3658468e-10
1.2752715e-10
1.382693e-10
1.2454133e-10
1.3201243e-10
1.2500171e-10
1.3638217e-10
1.2523126e-10
1.3788163e-10
1.2704709e-10
1.2507989e-10
1.2657748e-10
1.2845823e-10
1.2551326e-10
1.2420265e-10
1.2885032e-10
1.2749464e-10
1.3297452e-10
1.233892e-10
1.3067631e-10
1.2734306e-10
1.3830073e-10
1.2547509e-10
1.3663234e-10
1.2496582e-10
1.3018451e-10
1.2423069e-10
1.3800269e-10
1.272224e-10
1.3643046e-10
1.2571515e-10
1.2487716e-10
1.2880008e-10
1.2807004e-10
1.1910954e-10
1.0286222e-10
1.2241786e-10
1.0474095e-10
1.2656462e-10
1.2479877e-10
1.2161059e-10
1.2204628e-10
1.3412361e-10
1.1972572e-10
1.3275619e-10
1.2280759e-10
1.2058616e-10
1.2557864e-10
1.3387008e-10
1.2222198e-10
1.3261784e-10
1.2049362e-10
1.0091954e-10
1.2224096e-10
1.0715617e-10
6.8438433e-11
6.8680052e-11
1.1725008e-10
1.428636e-10
1.1800202e-10
1.5882093e-10
1.3525239e-10
1.3849316e-10
1.3591745e-10
1.6502091e-10
1.1863391e-10
1.4390176e-10
1.3518304e-10
1.5780724e-10
1.3710679e-10
1.4229409e-10
6.6654656e-11
1.2460875e-10
7.0250133e-11
1.6361055e-10
1.1768668e-10
1.3402142e-10
7.1441438e-11
1.609735e-10
1.1793694e-10
1.6616905e-10
7.3609424e-11
1.3415723e-10
1.1568499e-10
1.6368268e-10
7.3967301e-11
1.301745e-10
8.099599e-11
1.2967488e-10
7.9981381e-11
1.2506707e-10
1.6618357e-10
1.2057597e-10
1.2855976e-10
1.3842617e-10
1.6386458e-10
1.3638336e-10
1.2056954e-10
1.2014473e-10
1.6403386e-10
1.3869323e-10
1.2929333e-10
1.3629418e-10
1.6449505e-10
7.9826414e-11
1.3146045e-10
8.0906835e-11
1.2508439e-10
6.631935e-11
1.4656963e-10
1.2224191e-10
1.3070271e-10
7.2532893e-11
1.4599292e-10
1.2449683e-10
1.4706063e-10
6.6893533e-11
1.2988197e-10
1.2110681e-10
1.4528084e-10
7.2826027e-11
9.0057222e-11
9.3468061e-11
1.2761096e-10
1.0236457e-10
1.6540333e-10
1.5947208e-10
1.4449829e-10
9.4385402e-11
1.6462912e-10
1.5869687e-10
1.6543818e-10
1.0106872e-10
1.4389457e-10
1.5764963e-10
1.6399127e-10
9.482961e-11
9.2430358e-11
9.9711849e-11
9.8494111e-11
1.2680747e-10
1.0052936e-10
1.5954766e-10
1.6308149e-10
1.4334799e-10
9.2402568e-11
1.5745228e-10
1.6531594e-10
1.6034251e-10
1.0278451e-10
1.4378676e-10
1.6324618e-10
1.5847692e-10
9.4107171e-11
9.6583622e-11
9.0305045e-11
9.3692202e-11
1.2484527e-10
6.7544699e-11
1.2394387e-10
1.4676437e-10
1.3051452e-10
7.418094e-11
1.2138928e-10
1.2577363e-10
1.6583621e-10
1.2188153e-10
1.3669578e-10
1.3892558e-10
1.647957e-10
1.2936826e-10
1.2040823e-10
1.2145531e-10
1.6600834e-10
1.3881251e-10
1.3637048e-10
1.2945968e-10
1.6428164e-10
1.4613498e-10
1.2566535e-10
6.5711074e-11
1.3061408e-10
1.4614933e-10
1.228564e-10
7.3269447e-11
9.2945478e-11
1.3251097e-10
8.047793e-11
1.3116615e-10
1.2441712e-10
7.2096938e-11
1.1567518e-10
1.6347969e-10
1.3413679e-10
7.3370404e-11
1.1531801e-10
1.1676357e-10
1.4677412e-10
1.6395575e-10
1.3739191e-10
1.353039e-10
1.425281e-10
1.5837362e-10
1.2523129e-10
1.2412301e-10
1.2262679e-10
1.3252536e-10
1.3379625e-10
1.2051221e-10
1.2245896e-10
1.32216e-10
1.2302538e-10
1.2393581e-10
1.3631071e-10
1.3794167e-10
1.2534741e-10
1.2709783e-10
1.2980745e-10
1.2458828e-10
1.2430491e-10
1.3798439e-10
1.3636739e-10
1.2717724e-10
1.2561198e-10
1.2135649e-10
1.2363724e-10
1.2886547e-10
1.3396491e-10
1.3268596e-10
1.2256172e-10
1.2021863e-10
1.1791109e-10
1.6709309e-10
1.4361446e-10
1.3497641e-10
1.3537148e-10
1.5822217e-10
1.3802342e-10
1.6421324e-10
1.1545787e-10
7.1571928e-11
1.3284078e-10
1.6210727e-10
1.1465109e-10
7.1952735e-11
8.0513248e-11
1.3216034e-10
7.9996519e-11
6.5986258e-11
6.7676423e-11
1.2061881e-10
1.0754195e-10
1.2338669e-10
1.2688763e-10
1.2746307e-10
1.2914474e-10
1.2448859e-10
1.2895994e-10
1.2769004e-10
9.9748735e-11
1.231347e-10
1.0453112e-10
6.7617788e-11
6.3816662e-11
6.5225812e-11
1.0689788e-10
1.2176053e-10
1.0783386e-10
1.2075934e-10
1.2773215e-10
1.2872805e-10
1.2648388e-10
1.2779062e-10
1.2861387e-10
1.2722363e-10
1.2770908e-10
1.2632414e-10
1.2152707e-10
1.0525494e-10
1.2076774e-10
1.0337465e-10
6.732666e-11
6.8612469e-11
7.9516271e-11
1.2234326e-10
7.7593712e-11
1.2669186e-10
1.1514083e-10
1.4795683e-10
1.2067046e-10
7.103478e-11
1.1407882e-10
1.4833114e-10
1.2687858e-10
1.5353765e-10
1.2559952e-10
1.2271824e-10
1.3596478e-10
1.5424826e-10
1.3071874e-10
1.292244e-10
1.2193234e-10
1.1952155e-10
1.2014104e-10
1.1933795e-10
1.2146157e-10
1.2595812e-10
1.2599472e-10
1.2792986e-10
1.2203798e-10
1.2333747e-10
1.254374e-10
1.2735843e-10
1.2758344e-10
1.2877135e-10
1.2588006e-10
1.2333684e-10
1.2206886e-10
1.2728888e-10
1.2525691e-10
1.2873897e-10
1.2748219e-10
1.188722e-10
1.20222e-10
1.1968502e-10
1.2115673e-10
1.1809857e-10
1.2582716e-10
1.2562023e-10
1.3890349e-10
1.2330507e-10
1.2450689e-10
1.5733697e-10
1.3398082e-10
1.2968536e-10
1.2984502e-10
7.0878512e-11
1.1992418e-10
1.4722739e-10
1.1311584e-10
6.9772275e-11
1.2584621e-10
1.4706388e-10
1.2366891e-10
7.9290777e-11
1.2689714e-10
7.7509145e-11
8.2658837e-11
8.6318806e-11
1.1949255e-10
1.3167068e-10
1.1640382e-10
7.3356276e-11
1.201278e-10
1.3242942e-10
1.2317117e-10
1.189887e-10
1.2330721e-10
1.154965e-10
1.616616e-10
1.1887709e-10
1.2920862e-10
1.2118158e-10
1.6342946e-10
1.1556757e-10
1.2347714e-10
1.1911302e-10
1.6153263e-10
1.213991e-10
1.2932704e-10
7.3071059e-11
1.1700644e-10
1.3195279e-10
1.212952e-10
7.2562323e-11
1.2382234e-10
1.3366043e-10
8.3803171e-11
8.9683499e-11
8.7009919e-11
9.1611529e-11
1.4205135e-10
1.4667702e-10
1.1725988e-10
9.1498547e-11
1.4016246e-10
1.4567131e-10
1.2244369e-10
9.3167631e-11
1.1735442e-10
1.4595818e-10
1.4185122e-10
9.0083324e-11
1.2257686e-10
1.4459019e-10
8.6075644e-11
9.1790669e-11
8.3219707e-11
8.889064e-11
1.4715077e-10
1.4288563e-10
1.1759683e-10
9.1183208e-11
1.4518377e-10
1.4194097e-10
1.2286742e-10
8.9971172e-11
1.1679196e-10
1.4229984e-10
1.4444582e-10
8.9199604e-11
1.2223183e-10
1.4086328e-10
8.6402196e-11
8.9228268e-11
1.3157948e-10
1.202542e-10
1.1664756e-10
7.3005841e-11
1.3336318e-10
1.1972469e-10
1.23191e-10
7.359095e-11
1.1756935e-10
1.2155962e-10
1.339631e-10
7.3013791e-11
1.2297038e-10
1.1822327e-10
7.9985305e-11
1.2441621e-10
7.8214134e-11
1.253652e-10
1.2362095e-10
1.1970408e-10
1.157981e-10
1.618679e-10
1.2923659e-10
1.187129e-10
1.2123557e-10
1.6381075e-10
1.1558801e-10
1.187675e-10
1.2901949e-10
1.6070038e-10
1.2115764e-10
1.185343e-10
1.2125332e-10
7.7787272e-11
1.2527531e-10
1.4650873e-10
1.1506259e-10
1.2004852e-10
7.0518809e-11
1.4769327e-10
1.1388097e-10
1.2661176e-10
7.2854117e-11
1.2071067e-10
1.1533681e-10
1.4864303e-10
7.1424535e-11
1.2772016e-10
1.159912e-10
6.6980441e-11
6.7326212e-11
1.242369e-10
1.5748556e-10
1.235265e-10
1.3834088e-10
1.3140396e-10
1.5621289e-10
1.2974413e-10
1.3987061e-10
1.2311418e-10
1.5555085e-10
1.3086363e-10
1.3623492e-10
1.2876142e-10
1.531936e-10
6.643229e-11
6.4860026e-11
1.0580955e-10
1.2164666e-10
1.0454761e-10
1.2086399e-10
1.1991146e-10
1.2191298e-10
1.2024427e-10
1.1835644e-10
1.2571679e-10
1.2119938e-10
1.2583147e-10
1.1860159e-10
1.2009046e-10
1.2177775e-10
1.2504423e-10
1.1724974e-10
1.2554437e-10
1.2086769e-10
1.2204326e-10
1.0355441e-10
1.2072405e-10
1.2771456e-10
1.2892042e-10
1.2632979e-10
1.2792341e-10
1.2215489e-10
1.2804557e-10
1.2345899e-10
1.2531331e-10
1.2752769e-10
1.2740069e-10
1.2880186e-10
1.2558703e-10
1.2316303e-10
1.2756597e-10
1.2724336e-10
1.2490792e-10
1.2854937e-10
1.2702207e-10
1.2820783e-10
1.2579342e-10
1.2737003e-10
1.2869449e-10
1.2750846e-10
1.2771631e-10
1.2660002e-10
1.2347522e-10
1.2608362e-10
1.22208e-10
1.273712e-10
1.2883432e-10
1.2553389e-10
1.2767416e-10
1.2766613e-10
1.2206892e-10
1.2596313e-10
1.2863613e-10
1.2710472e-10
1.275525e-10
1.2534023e-10
1.2729692e-10
1.2737732e-10
1.2630905e-10
1.2232447e-10
1.0606305e-10
1.2178709e-10
1.052584e-10
1.2043462e-10
1.1963462e-10
1.199978e-10
1.21758e-10
1.2611618e-10
1.187443e-10
1.25914e-10
1.2231153e-10
1.1988565e-10
1.1957914e-10
1.261385e-10
1.2176556e-10
1.2607171e-10
1.1898163e-10
1.0708354e-10
1.219036e-10
1.0545941e-10
6.6904029e-11
6.7054222e-11
1.2381349e-10
1.394334e-10
1.2458913e-10
1.5585959e-10
1.2957459e-10
1.344504e-10
1.2995847e-10
1.5528097e-10
1.2456647e-10
1.3814322e-10
1.2963698e-10
1.5602091e-10
1.3042661e-10
1.3505144e-10
6.6118141e-11
1.2014337e-10
7.1050702e-11
1.4706099e-10
1.1342992e-10
1.2593636e-10
6.9974163e-11
1.4679972e-10
1.1519448e-10
1.4829629e-10
7.214911e-11
1.273644e-10
1.1577421e-10
1.4805584e-10
7.1089576e-11
1.2217094e-10
7.6835728e-11
1.2626838e-10
7.4546222e-11
1.1504242e-10
1.6154109e-10
1.2314421e-10
1.180078e-10
1.2079707e-10
1.5914469e-10
1.2886489e-10
1.1878728e-10
1.2312969e-10
1.6278576e-10
1.2093212e-10
1.1828935e-10
1.2901405e-10
1.6143537e-10
7.9312266e-11
1.2485891e-10
7.7637627e-11
1.1817581e-10
7.3310871e-11
1.3268246e-10
1.2499255e-10
1.2523809e-10
7.270729e-11
1.3373554e-10
1.191745e-10
1.3188675e-10
7.2876439e-11
1.2326135e-10
1.2020544e-10
1.333317e-10
7.2397087e-11
8.4879747e-11
8.9528902e-11
1.1788528e-10
9.3030905e-11
1.4680724e-10
1.4313841e-10
1.2350978e-10
9.2308587e-11
1.4688572e-10
1.4335129e-10
1.4643119e-10
9.2354666e-11
1.2250466e-10
1.4111866e-10
1.4430206e-10
8.8922819e-11
8.9958163e-11
8.8045627e-11
9.2368722e-11
1.1661517e-10
8.9305571e-11
1.4165795e-10
1.4328682e-10
1.2146957e-10
8.7317139e-11
1.393644e-10
1.4600605e-10
1.4271134e-10
9.1709002e-11
1.2232459e-10
1.442046e-10
1.4081293e-10
9.0229076e-11
9.1668296e-11
8.5313557e-11
8.8633546e-11
1.1715593e-10
7.3300818e-11
1.2091893e-10
1.332479e-10
1.2366092e-10
7.2995467e-11
1.2097989e-10
1.1510777e-10
1.6382255e-10
1.1770282e-10
1.2895299e-10
1.2064255e-10
1.6060473e-10
1.1723733e-10
1.2319312e-10
1.1878884e-10
1.6288693e-10
1.2067967e-10
1.2860742e-10
1.1781675e-10
1.5963745e-10
1.3237831e-10
1.2132516e-10
7.3164452e-11
1.2365934e-10
1.3307636e-10
1.2135733e-10
7.2707548e-11
8.8202165e-11
1.1841354e-10
7.709042e-11
1.218186e-10
1.2111113e-10
7.4221902e-11
1.1487414e-10
1.4880659e-10
1.2771407e-10
7.263782e-11
1.155264e-10
1.2333726e-10
1.4195735e-10
1.5542649e-10
1.3074896e-10
1.2943543e-10
1.3558221e-10
1.5448622e-10
1.2029692e-10
1.1938247e-10
1.2223483e-10
1.2583281e-10
1.2604185e-10
1.1843674e-10
1.2143798e-10
1.2327434e-10
1.2591244e-10
1.2771965e-10
1.2755377e-10
1.2870228e-10
1.2532318e-10
1.2715623e-10
1.2205069e-10
1.277546e-10
1.2592865e-10
1.2868025e-10
1.2746494e-10
1.2716979e-10
1.2518695e-10
1.1983371e-10
1.2234705e-10
1.1936723e-10
1.2590758e-10
1.2569463e-10
1.2136845e-10
1.1851525e-10
1.238645e-10
1.5799695e-10
1.3686405e-10
1.291725e-10
1.3104852e-10
1.5423269e-10
1.3824952e-10
1.4780821e-10
1.1397359e-10
7.1517544e-11
1.2645762e-10
1.4853669e-10
1.1305311e-10
7.1399409e-11
7.8575585e-11
1.2489966e-10
7.6067773e-11
6.4972055e-11
6.5981932e-11
1.2239368e-10
1.0477411e-10
1.2101266e-10
1.2840704e-10
1.2631804e-10
1.2742446e-10
1.2729832e-10
1.2759072e-10
1.2608088e-10
1.0544694e-10
1.2106755e-10
1.0560891e-10
6.5174227e-11
6.6102854e-11
6.3191107e-11
1.0570588e-10
1.2054534e-10
1.0491718e-10
1.2033274e-10
1.255862e-10
1.2711634e-10
1.2528818e-10
1.2683381e-10
1.2706113e-10
1.2547992e-10
1.2666156e-10
1.2520065e-10
1.207392e-10
1.0166523e-10
1.2051583e-10
1.0219247e-10
6.8339233e-11
6.634811e-11
7.5222499e-11
1.2581928e-10
7.6372164e-11
1.238674e-10
1.1276038e-10
1.4712856e-10
1.2728979e-10
7.0571137e-11
1.1483814e-10
1.4807816e-10
1.2806401e-10
1.5612515e-10
1.3136309e-10
1.3082551e-10
1.3589545e-10
1.5220227e-10
1.3178634e-10
1.294902e-10
1.2119217e-10
1.2709922e-10
1.2695092e-10
1.1761107e-10
1.2065569e-10
1.2602117e-10
1.2615272e-10
1.2693433e-10
1.2842406e-10
1.295643e-10
1.2452464e-10
1.2649396e-10
1.2769958e-10
1.2882828e-10
1.248038e-10
1.2952921e-10
1.2829083e-10
1.2642255e-10
1.2442526e-10
1.2880931e-10
1.2763625e-10
1.1710156e-10
1.2668264e-10
1.2639237e-10
1.2055953e-10
1.1696091e-10
1.2610549e-10
1.2589544e-10
1.3450829e-10
1.3039313e-10
1.3093093e-10
1.5452167e-10
1.3607695e-10
1.2990727e-10
1.3088256e-10
6.8770307e-11
1.2614142e-10
1.4673018e-10
1.1077688e-10
6.8959016e-11
1.256376e-10
1.4698437e-10
1.279886e-10
7.6989082e-11
1.292105e-10
7.6427449e-11
8.8016399e-11
8.8697032e-11
1.2209631e-10
1.332178e-10
1.2486364e-10
7.2599193e-11
1.196652e-10
1.3346758e-10
1.2410682e-10
1.1847901e-10
1.3008868e-10
1.2218584e-10
1.5958281e-10
1.1771872e-10
1.2968095e-10
1.2094138e-10
1.6049435e-10
1.2268946e-10
1.303047e-10
1.1962179e-10
1.5899831e-10
1.2175062e-10
1.2965755e-10
7.1977833e-11
1.2430746e-10
1.3378075e-10
1.1861764e-10
7.1331051e-11
1.236118e-10
1.3302034e-10
8.9706903e-11
8.9005267e-11
9.4287759e-11
9.3717075e-11
1.398997e-10
1.4469067e-10
1.229931e-10
8.7177115e-11
1.3937757e-10
1.4427106e-10
1.2199096e-10
8.8386656e-11
1.2304617e-10
1.4418583e-10
1.3949365e-10
8.7313717e-11
1.2168419e-10
1.4282366e-10
9.2607045e-11
9.1652951e-11
9.0040903e-11
8.9762208e-11
1.4440757e-10
1.4099861e-10
1.2331108e-10
8.7337595e-11
1.4449853e-10
1.4048383e-10
1.2229379e-10
8.8220251e-11
1.2277637e-10
1.3961746e-10
1.4384166e-10
8.8643301e-11
1.220289e-10
1.3985464e-10
8.7718042e-11
8.8206051e-11
1.3400055e-10
1.1737765e-10
1.2356802e-10
7.2676616e-11
1.3388392e-10
1.1665874e-10
1.2304235e-10
7.3273239e-11
1.2348067e-10
1.1714324e-10
1.3374923e-10
7.2787984e-11
1.2397064e-10
1.1910929e-10
7.7520941e-11
1.2402857e-10
7.8082325e-11
1.269847e-10
1.2993676e-10
1.1828086e-10
1.2220273e-10
1.6048201e-10
1.2978743e-10
1.1900081e-10
1.2143346e-10
1.6024597e-10
1.2254266e-10
1.1949319e-10
1.2989488e-10
1.6025873e-10
1.2148667e-10
1.1891082e-10
1.283238e-10
7.6917843e-11
1.2643994e-10
1.4774905e-10
1.1253575e-10
1.2714815e-10
6.8777809e-11
1.4711728e-10
1.1201358e-10
1.2658034e-10
6.9388293e-11
1.2767598e-10
1.1393905e-10
1.476975e-10
7.0259527e-11
1.2637198e-10
1.1124126e-10
6.6175435e-11
6.5385436e-11
1.3273609e-10
1.5374847e-10
1.3038959e-10
1.3903915e-10
1.3258541e-10
1.5346974e-10
1.298123e-10
1.3491334e-10
1.2980734e-10
1.5290325e-10
1.3204702e-10
1.3838848e-10
1.2968761e-10
1.536841e-10
6.5324045e-11
6.5722657e-11
1.0314977e-10
1.1979289e-10
1.0448326e-10
1.2005604e-10
1.2641692e-10
1.2055912e-10
1.2658378e-10
1.1729149e-10
1.2579312e-10
1.2030751e-10
1.258853e-10
1.1673024e-10
1.2644726e-10
1.2065115e-10
1.2559645e-10
1.166663e-10
1.2590952e-10
1.2047894e-10
1.207698e-10
1.0289572e-10
1.2090245e-10
1.2563695e-10
1.2715983e-10
1.2523441e-10
1.2672358e-10
1.2827296e-10
1.2690923e-10
1.2953204e-10
1.2435186e-10
1.2753918e-10
1.2641702e-10
1.2876216e-10
1.2455454e-10
1.2937239e-10
1.2672342e-10
1.2747501e-10
1.2424817e-10
1.2868513e-10
1.2633032e-10
1.2700574e-10
1.2498229e-10
1.2659973e-10
1.2700942e-10
1.2581169e-10
1.2674089e-10
1.2526359e-10
1.2957147e-10
1.2503368e-10
1.2844085e-10
1.2644902e-10
1.2880259e-10
1.244892e-10
1.2766149e-10
1.2671972e-10
1.2832876e-10
1.2479539e-10
1.2870715e-10
1.2633992e-10
1.2756015e-10
1.2425444e-10
1.2539442e-10
1.266404e-10
1.2497157e-10
1.2096171e-10
1.0364916e-10
1.2053111e-10
1.0399493e-10
1.2689622e-10
1.1791045e-10
1.2670357e-10
1.2062946e-10
1.2607867e-10
1.1727988e-10
1.2583669e-10
1.210887e-10
1.272026e-10
1.1912252e-10
1.261556e-10
1.2028458e-10
1.2651308e-10
1.1869454e-10
1.0667949e-10
1.1886231e-10
1.0659123e-10
6.6931482e-11
6.4901683e-11
1.304529e-10
1.3374568e-10
1.3082015e-10
1.5296641e-10
1.295186e-10
1.357132e-10
1.3116688e-10
1.5478596e-10
1.306071e-10
1.3215923e-10
1.2988352e-10
1.5422773e-10
1.2983645e-10
1.3040899e-10
6.6113273e-11
1.261898e-10
6.9486535e-11
1.4651438e-10
1.1201885e-10
1.2605879e-10
6.8172516e-11
1.4583153e-10
1.1363079e-10
1.4749607e-10
7.0229747e-11
1.270648e-10
1.1405886e-10
1.4644705e-10
6.8640542e-11
1.2614456e-10
7.4781293e-11
1.2727813e-10
7.4700089e-11
1.220982e-10
1.5929976e-10
1.3017466e-10
1.1839041e-10
1.2116517e-10
1.5821842e-10
1.2962151e-10
1.1824134e-10
1.2995266e-10
1.5975441e-10
1.2123573e-10
1.1865546e-10
1.29508e-10
1.5896766e-10
7.6787496e-11
1.2730643e-10
7.5876825e-11
1.2596904e-10
7.208795e-11
1.3347763e-10
1.2261082e-10
1.2517577e-10
7.1937228e-11
1.3315262e-10
1.1923082e-10
1.3355972e-10
7.2581972e-11
1.2385889e-10
1.1944197e-10
1.3291958e-10
7.2467549e-11
8.8089127e-11
8.7630664e-11
1.2332059e-10
8.9192829e-11
1.4381294e-10
1.4211666e-10
1.2309917e-10
9.1653386e-11
1.4587653e-10
1.413888e-10
1.4514833e-10
9.0409187e-11
1.2237409e-10
1.4054488e-10
1.446975e-10
9.1104793e-11
8.7558208e-11
9.1479493e-11
9.2323045e-11
1.2206863e-10
8.7245315e-11
1.3951052e-10
1.4197733e-10
1.2101751e-10
8.5248841e-11
1.3866383e-10
1.45676e-10
1.402665e-10
9.0955507e-11
1.223048e-10
1.444825e-10
1.4014406e-10
9.1565457e-11
8.9152958e-11
8.9099918e-11
8.9809417e-11
1.2423663e-10
7.238733e-11
1.1955525e-10
1.3370761e-10
1.2359622e-10
7.2335089e-11
1.1813128e-10
1.2212637e-10
1.6084374e-10
1.1825191e-10
1.2983964e-10
1.2132387e-10
1.5993974e-10
1.1842052e-10
1.2964105e-10
1.1766715e-10
1.5903354e-10
1.2088725e-10
1.2930025e-10
1.1797895e-10
1.5913287e-10
1.3252276e-10
1.219206e-10
7.2347586e-11
1.2390334e-10
1.3250354e-10
1.2076484e-10
7.2446434e-11
8.6450549e-11
1.2434125e-10
7.7270287e-11
1.247579e-10
1.2776096e-10
7.0244912e-11
1.1386965e-10
1.4827331e-10
1.2719445e-10
7.0357431e-11
1.132302e-10
1.3091718e-10
1.3196182e-10
1.5637272e-10
1.3012578e-10
1.3019633e-10
1.3156968e-10
1.5504632e-10
1.2706245e-10
1.1866767e-10
1.2120614e-10
1.2670318e-10
1.2647725e-10
1.1861686e-10
1.2087624e-10
1.2951936e-10
1.2490319e-10
1.2680945e-10
1.2778504e-10
1.2882134e-10
1.2455011e-10
1.2644409e-10
1.2823989e-10
1.2675378e-10
1.2472525e-10
1.287263e-10
1.2749126e-10
1.2632944e-10
1.2421818e-10
1.2669803e-10
1.2076536e-10
1.1828517e-10
1.2589961e-10
1.2593287e-10
1.2010088e-10
1.1746071e-10
1.3194951e-10
1.5315416e-10
1.3598601e-10
1.2966113e-10
1.3221144e-10
1.5281541e-10
1.3805312e-10
1.472414e-10
1.1279574e-10
7.0052093e-11
1.263946e-10
1.4690509e-10
1.1159576e-10
6.9283421e-11
7.5472792e-11
1.2533687e-10
7.6084973e-11
6.6865464e-11
6.6338082e-11
1.2056745e-10
1.0541309e-10
1.2013342e-10
1.269309e-10
1.2521143e-10
1.2674475e-10
1.2546942e-10
1.2658512e-10
1.2499251e-10
1.0590341e-10
1.19209e-10
1.0437604e-10
6.5478703e-11
6.2586861e-11
6.3744124e-11
1.041107e-10
1.2038585e-10
1.0292018e-10
1.2044949e-10
1.2534876e-10
1.2635421e-10
1.2530609e-10
1.263919e-10
1.2640284e-10
1.2511922e-10
1.2648961e-10
1.2513701e-10
1.2072957e-10
1.0367536e-10
1.2019319e-10
1.0325288e-10
6.7469409e-11
6.7310077e-11
7.6701769e-11
1.2174927e-10
7.523272e-11
1.237647e-10
1.1523284e-10
1.4718777e-10
1.2822601e-10
7.0340502e-11
1.1354632e-10
1.4725751e-10
1.2738015e-10
1.509643e-10
1.3256615e-10
1.2918541e-10
1.3635998e-10
1.5159149e-10
1.3165927e-10
1.2888102e-10
1.2043515e-10
1.2559464e-10
1.2593205e-10
1.1640927e-10
1.2024864e-10
1.2508247e-10
1.2542445e-10
1.2626435e-10
1.275572e-10
1.2869184e-10
1.2425642e-10
1.2613485e-10
1.2707427e-10
1.2821497e-10
1.2436971e-10
1.2870474e-10
1.2758811e-10
1.261488e-10
1.2424746e-10
1.2824276e-10
1.2715146e-10
1.1756155e-10
1.2615097e-10
1.2609144e-10
1.2044159e-10
1.1744783e-10
1.257232e-10
1.2574157e-10
1.3111299e-10
1.2986126e-10
1.2963307e-10
1.5493253e-10
1.3112307e-10
1.2952135e-10
1.2929245e-10
6.6787263e-11
1.251771e-10
1.4484797e-10
1.11123e-10
6.7206526e-11
1.2505702e-10
1.451707e-10
1.298689e-10
7.6578074e-11
1.2959058e-10
7.7439625e-11
8.9146714e-11
8.7384429e-11
1.1847358e-10
1.3309155e-10
1.2362177e-10
7.2051142e-11
1.2153742e-10
1.3264047e-10
1.2410307e-10
1.1683446e-10
1.2940789e-10
1.2081774e-10
1.5860135e-10
1.1726503e-10
1.2895135e-10
1.2032259e-10
1.6052116e-10
1.2203437e-10
1.299568e-10
1.1952964e-10
1.5931877e-10
1.2130506e-10
1.2939628e-10
7.159095e-11
1.2379255e-10
1.3271741e-10
1.1592118e-10
7.2383831e-11
1.2264848e-10
1.3317573e-10
8.7895567e-11
8.8303689e-11
8.9087578e-11
9.1585409e-11
1.4000553e-10
1.428624e-10
1.2209753e-10
9.0713408e-11
1.408402e-10
1.4483957e-10
1.221184e-10
8.7879486e-11
1.2190493e-10
1.4353102e-10
1.3955938e-10
8.834057e-11
1.2179369e-10
1.4414534e-10
9.2035848e-11
9.2748419e-11
8.8033762e-11
8.8941691e-11
1.4259638e-10
1.3956573e-10
1.2196541e-10
8.9127275e-11
1.4456148e-10
1.4040665e-10
1.2209636e-10
8.8866493e-11
1.2246425e-10
1.4040587e-10
1.4351453e-10
8.7279121e-11
1.2164967e-10
1.3948721e-10
8.9251754e-11
8.9028117e-11
1.3331562e-10
1.1472173e-10
1.2249759e-10
7.2696208e-11
1.3376365e-10
1.1925908e-10
1.2385307e-10
7.2540628e-11
1.239502e-10
1.1891297e-10
1.3335291e-10
7.1504065e-11
1.234739e-10
1.1788326e-10
7.8556527e-11
1.2750393e-10
7.5789279e-11
1.2742758e-10
1.2964106e-10
1.1897356e-10
1.2159966e-10
1.5851934e-10
1.2907561e-10
1.1852481e-10
1.2084533e-10
1.5973912e-10
1.215583e-10
1.1849967e-10
1.2948896e-10
1.5977598e-10
1.2099411e-10
1.188044e-10
1.2592688e-10
7.7316838e-11
1.2757407e-10
1.4674849e-10
1.1046464e-10
1.2616947e-10
6.8835831e-11
1.4644857e-10
1.1027517e-10
1.256205e-10
7.0003506e-11
1.2535197e-10
1.0873077e-10
1.4631386e-10
6.8933235e-11
1.2536542e-10
1.1088439e-10
6.2632256e-11
6.491898e-11
1.3295845e-10
1.5112076e-10
1.2942256e-10
1.3852481e-10
1.3201246e-10
1.5255738e-10
1.2931975e-10
1.3823136e-10
1.2962116e-10
1.5271524e-10
1.3072284e-10
1.3531562e-10
1.294502e-10
1.5345212e-10
6.5616375e-11
6.5845974e-11
1.0198027e-10
1.1983585e-10
1.0377296e-10
1.1987723e-10
1.2539614e-10
1.2001577e-10
1.2570619e-10
1.1671923e-10
1.2516354e-10
1.2001267e-10
1.2530403e-10
1.1691015e-10
1.2591391e-10
1.2025305e-10
1.2569543e-10
1.1762443e-10
1.2562044e-10
1.2037616e-10
1.1986528e-10
1.0490425e-10
1.2017326e-10
1.2505266e-10
1.265379e-10
1.2516352e-10
1.2651279e-10
1.2740137e-10
1.2625505e-10
1.2863456e-10
1.2410054e-10
1.269609e-10
1.2611547e-10
1.281608e-10
1.2416421e-10
1.2862947e-10
1.2629608e-10
1.2703644e-10
1.2408166e-10
1.2817101e-10
1.2614024e-10
1.2669787e-10
1.248312e-10
1.2656457e-10
1.2657272e-10
1.2514575e-10
1.2636695e-10
1.254678e-10
1.2867866e-10
1.2433207e-10
1.2751957e-10
1.2612276e-10
1.2820798e-10
1.2432792e-10
1.2711068e-10
1.2624377e-10
1.2739481e-10
1.2404954e-10
1.2812375e-10
1.260678e-10
1.2691499e-10
1.2391067e-10
1.2472132e-10
1.264517e-10
1.2469765e-10
1.2004559e-10
1.0320059e-10
1.2047828e-10
1.0274833e-10
1.2587465e-10
1.166046e-10
1.254703e-10
1.2033574e-10
1.2549487e-10
1.1647186e-10
1.2510378e-10
1.1998341e-10
1.260827e-10
1.1766193e-10
1.2538848e-10
1.1988409e-10
1.2538299e-10
1.1667159e-10
1.0475964e-10
1.1955662e-10
1.0221342e-10
6.3885181e-11
6.418966e-11
1.2914215e-10
1.3791436e-10
1.3182305e-10
1.5214743e-10
1.2893115e-10
1.3920945e-10
1.3169861e-10
1.5300965e-10
1.306664e-10
1.3286984e-10
1.2960011e-10
1.5375788e-10
1.3142595e-10
1.3633865e-10
6.6156175e-11
1.2628224e-10
6.8542186e-11
1.4600194e-10
1.1135922e-10
1.2584146e-10
6.8494414e-11
1.4618907e-10
1.1513802e-10
1.4605994e-10
6.7778349e-11
1.2715609e-10
1.1330321e-10
1.4742317e-10
7.0826983e-11
1.2671552e-10
7.440154e-11
1.2722065e-10
7.5083868e-11
1.2127328e-10
1.5782156e-10
1.2940648e-10
1.1838473e-10
1.2084051e-10
1.5803487e-10
1.2908088e-10
1.1883386e-10
1.295775e-10
1.5909797e-10
1.2045353e-10
1.1733883e-10
1.2920976e-10
1.5908273e-10
7.5116004e-11
1.2320718e-10
7.5865251e-11
1.2504885e-10
7.2353284e-11
1.3315413e-10
1.2092488e-10
1.2401037e-10
7.1435376e-11
1.3287114e-10
1.213245e-10
1.3240489e-10
7.176655e-11
1.2359889e-10
1.2008228e-10
1.3225525e-10
7.1780273e-11
8.801403e-11
8.8431027e-11
1.2296704e-10
8.937528e-11
1.452559e-10
1.4165222e-10
1.2288957e-10
9.0859286e-11
1.4613165e-10
1.3907937e-10
1.434904e-10
8.7490521e-11
1.2199527e-10
1.3934231e-10
1.4551206e-10
8.8984577e-11
8.7283568e-11
9.320295e-11
9.330974e-11
1.2115291e-10
8.4505778e-11
1.3785045e-10
1.4393421e-10
1.2136661e-10
8.7027419e-11
1.3884296e-10
1.4552766e-10
1.3947022e-10
9.0504395e-11
1.2213561e-10
1.456553e-10
1.3899184e-10
8.9023023e-11
9.4483991e-11
8.9176503e-11
8.8721478e-11
1.2344602e-10
7.2059803e-11
1.1798276e-10
1.3248138e-10
1.2271528e-10
7.1723648e-11
1.1711188e-10
1.2172361e-10
1.6168595e-10
1.1908711e-10
1.2917998e-10
1.2089354e-10
1.5927871e-10
1.1864083e-10
1.2911157e-10
1.1773142e-10
1.5865646e-10
1.2059071e-10
1.2935823e-10
1.1797191e-10
1.6115638e-10
1.3145623e-10
1.176168e-10
7.1379385e-11
1.2204118e-10
1.3150696e-10
1.1635316e-10
7.1608318e-11
8.6546039e-11
1.2695705e-10
7.693771e-11
1.2694088e-10
1.2700613e-10
6.9095881e-11
1.1341969e-10
1.4606655e-10
1.2647206e-10
6.8809245e-11
1.1292171e-10
1.3000525e-10
1.32237e-10
1.542447e-10
1.2989168e-10
1.2968054e-10
1.3181788e-10
1.5451316e-10
1.2638251e-10
1.1877591e-10
1.2078107e-10
1.2603241e-10
1.2579953e-10
1.1804491e-10
1.2049399e-10
1.2871709e-10
1.2449219e-10
1.2630185e-10
1.2717387e-10
1.282005e-10
1.2429563e-10
1.2609621e-10
1.273902e-10
1.2623989e-10
1.2416018e-10
1.2812888e-10
1.2693637e-10
1.2604786e-10
1.2404307e-10
1.2572624e-10
1.199689e-10
1.172414e-10
1.2532485e-10
1.2543132e-10
1.1985273e-10
1.1753811e-10
1.3300421e-10
1.5100654e-10
1.4151098e-10
1.2911301e-10
1.3234929e-10
1.5172135e-10
1.39403e-10
1.465124e-10
1.1072886e-10
6.9206571e-11
1.2665248e-10
1.4742471e-10
1.1208843e-10
6.9859576e-11
7.7213971e-11
1.2413485e-10
7.9249389e-11
6.5433675e-11
6.5736359e-11
1.1998592e-10
1.0466967e-10
1.2000098e-10
1.2649249e-10
1.2522386e-10
1.2634752e-10
1.251021e-10
1.2637237e-10
1.2512264e-10
1.0509788e-10
1.1895117e-10
1.061677e-10
6.292231e-11
6.4176277e-11
6.4078277e-11
1.0328763e-10
1.2028406e-10
1.0329052e-10
1.2035805e-10
1.2513122e-10
1.2657978e-10
1.2511839e-10
1.2649061e-10
1.2630881e-10
1.2533522e-10
1.2643948e-10
1.2519909e-10
1.1981857e-10
1.0382724e-10
1.1970956e-10
1.04048e-10
6.5889794e-11
6.7450915e-11
7.5967233e-11
1.253741e-10
7.762672e-11
1.2612375e-10
1.1273559e-10
1.468306e-10
1.2707506e-10
6.9523773e-11
1.121302e-10
1.4718644e-10
1.2679068e-10
1.5180549e-10
1.3179009e-10
1.2910484e-10
1.3867857e-10
1.5219471e-10
1.3204517e-10
1.2906367e-10
1.2021344e-10
1.2516369e-10
1.2550878e-10
1.1649917e-10
1.202334e-10
1.250329e-10
1.2534369e-10
1.2618337e-10
1.2714011e-10
1.283027e-10
1.2415786e-10
1.2611176e-10
1.269247e-10
1.2806211e-10
1.2428391e-10
1.2832162e-10
1.2723058e-10
1.260976e-10
1.2418645e-10
1.280822e-10
1.2698428e-10
1.1746217e-10
1.2578792e-10
1.2581188e-10
1.20298e-10
1.1785902e-10
1.2558013e-10
1.2580801e-10
1.348151e-10
1.2954264e-10
1.3029991e-10
1.5593703e-10
1.3161907e-10
1.2978433e-10
1.2959161e-10
6.8691667e-11
1.256462e-10
1.4651814e-10
1.1231792e-10
6.7365126e-11
1.2558185e-10
1.4483176e-10
1.2741941e-10
7.7231923e-11
1.2774379e-10
7.4985554e-11
8.6062456e-11
8.8026929e-11
1.1866717e-10
1.3233969e-10
1.2325431e-10
7.23708e-11
1.1686741e-10
1.3295147e-10
1.2259602e-10
1.1770664e-10
1.2878944e-10
1.2065028e-10
1.5953935e-10
1.1818776e-10
1.2891117e-10
1.2050853e-10
1.5961576e-10
1.2131309e-10
1.295645e-10
1.1840309e-10
1.5937587e-10
1.2074314e-10
1.2941076e-10
7.2199626e-11
1.2340485e-10
1.3325991e-10
1.2331448e-10
7.1698729e-11
1.2508647e-10
1.3333037e-10
8.7948602e-11
8.9104073e-11
9.1247206e-11
9.2753188e-11
1.3747323e-10
1.430578e-10
1.2144859e-10
8.9792883e-11
1.4006038e-10
1.4528836e-10
1.2200789e-10
8.9168569e-11
1.2217229e-10
1.4458163e-10
1.4023072e-10
8.8192706e-11
1.2180856e-10
1.4342702e-10
9.3123572e-11
9.1615798e-11
8.8303107e-11
8.7092668e-11
1.4289314e-10
1.4040449e-10
1.2205879e-10
9.0044905e-11
1.4591188e-10
1.395298e-10
1.2213215e-10
8.516005e-11
1.2159243e-10
1.3897509e-10
1.4357323e-10
8.8203342e-11
1.2175424e-10
1.4016457e-10
8.9927917e-11
8.906626e-11
1.3390839e-10
1.2192419e-10
1.2479859e-10
7.2001932e-11
1.3302092e-10
1.1956754e-10
1.2382358e-10
7.1385675e-11
1.2455602e-10
1.2144458e-10
1.3372337e-10
7.1647542e-11
1.2475815e-10
1.2261792e-10
7.4319016e-11
1.2598673e-10
7.5989967e-11
1.2610889e-10
1.290117e-10
1.1786017e-10
1.208572e-10
1.5882008e-10
1.2909824e-10
1.1796527e-10
1.2055633e-10
1.5802106e-10
1.2095626e-10
1.18214e-10
1.2884352e-10
1.575827e-10
1.2038516e-10
1.1754779e-10
1.2718607e-10
7.4476802e-11
1.251764e-10
1.4616128e-10
1.0985417e-10
1.253944e-10
6.8964988e-11
1.4653243e-10
1.1170043e-10
1.2592551e-10
6.8580496e-11
1.2512115e-10
1.1032662e-10
1.4712403e-10
7.0761038e-11
1.2510393e-10
1.0876478e-10
6.6269823e-11
6.4641673e-11
1.3141291e-10
1.5364478e-10
1.2951926e-10
1.3771835e-10
1.3151847e-10
1.515901e-10
1.2893968e-10
1.3262193e-10
1.2966744e-10
1.5423698e-10
1.3116743e-10
1.3682906e-10
1.295072e-10
1.541066e-10
6.5895674e-11
6.5361808e-11
1.0153456e-10
1.2024877e-10
1.0200378e-10
1.2057429e-10
1.2521768e-10
1.2008229e-10
1.254039e-10
1.1606604e-10
1.2488923e-10
1.2008916e-10
1.251685e-10
1.1772041e-10
1.25748e-10
1.2050558e-10
1.2546723e-10
1.1729999e-10
1.25357e-10
1.2006057e-10
1.2057328e-10
1.0376575e-10
1.1952826e-10
1.251053e-10
1.2652906e-10
1.2513203e-10
1.2648514e-10
1.270538e-10
1.2613125e-10
1.2825664e-10
1.2405385e-10
1.2681116e-10
1.2606913e-10
1.2801388e-10
1.2415211e-10
1.2825905e-10
1.2612261e-10
1.2684916e-10
1.2401329e-10
1.2801614e-10
1.2611519e-10
1.2644339e-10
1.2491467e-10
1.2664869e-10
1.264348e-10
1.254076e-10
1.264998e-10
1.2525892e-10
1.2831964e-10
1.2439714e-10
1.2726199e-10
1.2612892e-10
1.2809478e-10
1.2433073e-10
1.2705541e-10
1.2604509e-10
1.2702983e-10
1.2401734e-10
1.2798964e-10
1.2600732e-10
1.2684672e-10
1.2401599e-10
1.249446e-10
1.262847e-10
1.2486365e-10
1.2101542e-10
1.0368202e-10
1.2100598e-10
1.0392261e-10
1.2574493e-10
1.1708974e-10
1.2549952e-10
1.2069396e-10
1.256116e-10
1.1737134e-10
1.2550032e-10
1.2002551e-10
1.2547497e-10
1.165135e-10
1.2539378e-10
1.202475e-10
1.2539253e-10
1.1701551e-10
1.0086256e-10
1.2035455e-10
1.0325358e-10
6.6222316e-11
6.5779754e-11
1.2916568e-10
1.3343047e-10
1.3040877e-10
1.5425026e-10
1.2933905e-10
1.3458674e-10
1.3032018e-10
1.5568736e-10
1.3158896e-10
1.3657595e-10
1.2949124e-10
1.5359987e-10
1.3125074e-10
1.3667478e-10
6.5060838e-11
1.2574752e-10
6.8086589e-11
1.4617042e-10
1.0999624e-10
1.247037e-10
6.7842593e-11
1.4565834e-10
1.1205826e-10
1.4733759e-10
7.0449453e-11
1.2590593e-10
1.1182973e-10
1.4564994e-10
6.8310084e-11
1.2773914e-10
7.8102612e-11
1.2969057e-10
7.8973198e-11
1.213342e-10
1.6031856e-10
1.295194e-10
1.1971744e-10
1.2119745e-10
1.6064132e-10
1.2937149e-10
1.1717191e-10
1.2899689e-10
1.5818279e-10
1.2048454e-10
1.1796554e-10
1.2898186e-10
1.5864205e-10
7.5730783e-11
1.2628304e-10
7.5608592e-11
1.2239426e-10
7.1511407e-11
1.3221154e-10
1.144418e-10
1.2174532e-10
7.2529657e-11
1.3257973e-10
1.1866567e-10
1.324325e-10
7.2272248e-11
1.2372756e-10
1.199393e-10
1.3274107e-10
7.218312e-11
8.7584454e-11
8.7734527e-11
1.224811e-10
9.0887138e-11
1.4407189e-10
1.3976923e-10
1.220937e-10
8.8338567e-11
1.4445389e-10
1.392933e-10
1.4466952e-10
8.8426702e-11
1.2189446e-10
1.3965832e-10
1.4448814e-10
8.9309942e-11
8.7594683e-11
9.0083445e-11
9.3012846e-11
1.2154905e-10
8.9064792e-11
1.3933953e-10
1.4402469e-10
1.2141195e-10
8.8426404e-11
1.3866568e-10
1.4520287e-10
1.3950962e-10
8.8826654e-11
1.2165143e-10
1.4410777e-10
1.3905969e-10
8.8937885e-11
9.196856e-11
8.7496794e-11
8.7720482e-11
1.2272421e-10
7.1716377e-11
1.1729828e-10
1.3254559e-10
1.2334638e-10
7.2020487e-11
1.1868083e-10
1.2073348e-10
1.5839214e-10
1.1756756e-10
1.2926339e-10
1.2051607e-10
1.5972087e-10
1.1781462e-10
1.289227e-10
1.179891e-10
1.5816835e-10
1.2032992e-10
1.2895809e-10
1.1755248e-10
1.5896928e-10
1.321309e-10
1.1814257e-10
7.2105122e-11
1.242885e-10
1.3207214e-10
1.2275755e-10
7.1937069e-11
8.6586188e-11
1.2405945e-10
7.6917138e-11
1.2486609e-10
1.2691311e-10
6.9991515e-11
1.1308731e-10
1.4758185e-10
1.2669821e-10
7.0450016e-11
1.1242881e-10
1.3009317e-10
1.3342816e-10
1.5573666e-10
1.318185e-10
1.2918852e-10
1.3742752e-10
1.5215876e-10
1.2570019e-10
1.1744486e-10
1.2020067e-10
1.2515109e-10
1.2523618e-10
1.1663817e-10
1.1988335e-10
1.2823273e-10
1.2419577e-10
1.2605577e-10
1.2679996e-10
1.279347e-10
1.2400187e-10
1.259511e-10
1.2702064e-10
1.260581e-10
1.2405856e-10
1.279419e-10
1.2679348e-10
1.2600509e-10
1.2402828e-10
1.2541952e-10
1.1991609e-10
1.1694831e-10
1.2523511e-10
1.2527301e-10
1.1997539e-10
1.1681834e-10
1.315966e-10
1.5172908e-10
1.3614337e-10
1.2934977e-10
1.3131049e-10
1.5285784e-10
1.3542631e-10
1.4578816e-10
1.132608e-10
6.8014355e-11
1.2689209e-10
1.4586566e-10
1.138391e-10
6.8345872e-11
7.6187956e-11
1.250062e-10
7.4880752e-11
6.7452603e-11
6.4527109e-11
1.1963608e-10
1.0310272e-10
1.1951364e-10
1.2632495e-10
1.2501611e-10
1.2625932e-10
1.2510342e-10
1.2646853e-10
1.2510087e-10
1.0388191e-10
1.1968661e-10
1.0310472e-10
6.6205078e-11
6.5418602e-11
6.6550094e-11
1.0332253e-10
1.2065038e-10
1.041454e-10
1.2021636e-10
1.2516669e-10
1.2635928e-10
1.2521639e-10
1.26355e-10
1.2666174e-10
1.2483862e-10
1.2653696e-10
1.2494927e-10
1.1997857e-10
1.0329232e-10
1.2054185e-10
1.0282736e-10
6.718862e-11
6.5598886e-11
7.7633163e-11
1.2379495e-10
7.8050007e-11
1.2270974e-10
1.1338598e-10
1.4750947e-10
1.2719835e-10
7.0892442e-11
1.130315e-10
1.480733e-10
1.2691583e-10
1.5376408e-10
1.3152581e-10
1.2947117e-10
1.3241462e-10
1.5384938e-10
1.3013868e-10
1.2940161e-10
1.2043132e-10
1.2540934e-10
1.2556941e-10
1.1742374e-10
1.2038765e-10
1.2556871e-10
1.2552703e-10
1.2610034e-10
1.2706729e-10
1.2816657e-10
1.2422484e-10
1.260583e-10
1.2696315e-10
1.2802726e-10
1.2409469e-10
1.2817915e-10
1.2704043e-10
1.2607885e-10
1.2408039e-10
1.280136e-10
1.2688219e-10
1.1756212e-10
1.2564108e-10
1.2578471e-10
1.2034174e-10
1.1687006e-10
1.2543002e-10
1.2530994e-10
1.3387816e-10
1.2993098e-10
1.3025284e-10
1.5280467e-10
1.332152e-10
1.2906639e-10
1.3007249e-10
6.8144213e-11
1.2602808e-10
1.4500729e-10
1.1219908e-10
6.9889756e-11
1.2628094e-10
1.4696347e-10
1.2448734e-10
7.3109723e-11
1.2247911e-10
7.4800322e-11
8.7582947e-11
8.7804666e-11
1.1600646e-10
1.3274237e-10
1.2231695e-10
7.1978059e-11
1.1615766e-10
1.326451e-10
1.222911e-10
1.1753205e-10
1.2889694e-10
1.2049855e-10
1.5981858e-10
1.1728148e-10
1.289665e-10
1.202816e-10
1.5660024e-10
1.203081e-10
1.2871711e-10
1.1648028e-10
1.5733117e-10
1.1995228e-10
1.2863939e-10
7.1250658e-11
1.25361e-10
1.3309209e-10
1.2178656e-10
7.1948254e-11
1.2437814e-10
1.3248359e-10
8.7974115e-11
8.6642881e-11
9.1361801e-11
9.0082343e-11
1.3988534e-10
1.4475475e-10
1.2199445e-10
8.7479322e-11
1.3853235e-10
1.4189969e-10
1.2111375e-10
8.9174025e-11
1.2157458e-10
1.4258796e-10
1.4018843e-10
9.1325641e-11
1.2173352e-10
1.4373735e-10
8.9246674e-11
8.9668927e-11
8.7792236e-11
8.7290798e-11
1.4275542e-10
1.3879779e-10
1.2155757e-10
9.0989194e-11
1.4446917e-10
1.4029744e-10
1.2182248e-10
9.1387669e-11
1.2206618e-10
1.403604e-10
1.4332711e-10
8.9553191e-11
1.21947e-10
1.4026289e-10
8.7185906e-11
8.792692e-11
1.3295383e-10
1.1923546e-10
1.2368956e-10
7.1924603e-11
1.3264546e-10
1.2089817e-10
1.2411393e-10
7.1831714e-11
1.2356681e-10
1.1899194e-10
1.3290689e-10
7.1615883e-11
1.2281128e-10
1.171617e-10
7.6326867e-11
1.2638334e-10
7.5569004e-11
1.2465975e-10
1.2922582e-10
1.1803329e-10
1.2071586e-10
1.5878357e-10
1.2910421e-10
1.1751444e-10
1.2038526e-10
1.5935162e-10
1.2040665e-10
1.1718553e-10
1.2894199e-10
1.5941617e-10
1.2027297e-10
1.1775194e-10
1.2288275e-10
7.7297242e-11
1.2566585e-10
1.4550226e-10
1.1167892e-10
1.2594196e-10
7.0601157e-11
1.4708367e-10
1.1087447e-10
1.2592752e-10
7.1673503e-11
1.2591617e-10
1.0986664e-10
1.4672304e-10
6.969594e-11
1.2660184e-10
1.1242602e-10
6.6703508e-11
6.5742045e-11
1.3136453e-10
1.5405944e-10
1.29486e-10
1.3641135e-10
1.314156e-10
1.5262942e-10
1.2919382e-10
1.3812534e-10
1.2906518e-10
1.5106011e-10
1.3226877e-10
1.3878448e-10
1.2932723e-10
1.5270302e-10
6.3741479e-11
6.4857546e-11
1.0224324e-10
1.2012282e-10
1.0325187e-10
1.1980562e-10
1.2518204e-10
1.20033e-10
1.2528625e-10
1.1671332e-10
1.2513162e-10
1.1994571e-10
1.2516695e-10
1.165487e-10
1.2529855e-10
1.199628e-10
1.2488862e-10
1.1612751e-10
1.2507031e-10
1.1982562e-10
1.1992669e-10
1.0184606e-10
1.1992328e-10
1.2479329e-10
1.2654297e-10
1.2475295e-10
1.2661823e-10
1.2688722e-10
1.2609395e-10
1.2811712e-10
1.2392803e-10
1.2676048e-10
1.2610842e-10
1.2799707e-10
1.2398004e-10
1.2811164e-10
1.2614261e-10
1.2671444e-10
1.2391649e-10
1.2796579e-10
1.2610071e-10
1.2666368e-10
1.248772e-10
1.2658287e-10
1.2645082e-10
1.2543564e-10
1.2660811e-10
1.2543379e-10
1.2820452e-10
1.2436164e-10
1.2715032e-10
1.2617511e-10
1.2808557e-10
1.2433927e-10
1.2702848e-10
1.2610623e-10
1.2698986e-10
1.2408966e-10
1.2801722e-10
1.2615998e-10
1.2687471e-10
1.240802e-10
1.2494563e-10
1.2669882e-10
1.2498853e-10
1.2044085e-10
1.0249798e-10
1.2038115e-10
1.0301777e-10
1.2566667e-10
1.1683908e-10
1.2546254e-10
1.2046039e-10
1.2557506e-10
1.172454e-10
1.255513e-10
1.2030688e-10
1.2562747e-10
1.1745194e-10
1.2541603e-10
1.2014763e-10
1.2549652e-10
1.1747273e-10
1.0408281e-10
1.1959366e-10
1.0445269e-10
6.5803659e-11
6.7142207e-11
1.2933964e-10
1.3731502e-10
1.3096899e-10
1.5499539e-10
1.2970661e-10
1.3938413e-10
1.3148599e-10
1.5416364e-10
1.3074489e-10
1.3543769e-10
1.2918368e-10
1.5346055e-10
1.2975816e-10
1.3213777e-10
6.5711717e-11
1.2397867e-10
6.7045137e-11
1.4426896e-10
1.0871606e-10
1.2435405e-10
6.8782598e-11
1.4596297e-10
1.1111031e-10
1.4610403e-10
6.8514441e-11
1.2585583e-10
1.1225892e-10
1.4585716e-10
6.8329293e-11
1.2833345e-10
7.7619504e-11
1.2606706e-10
7.829925e-11
1.2117899e-10
1.5963975e-10
1.2916141e-10
1.1849988e-10
1.2078933e-10
1.5986079e-10
1.2910578e-10
1.1834593e-10
1.2910558e-10
1.585977e-10
1.2063784e-10
1.1827973e-10
1.291791e-10
1.59297e-10
7.5665105e-11
1.2677271e-10
7.6582534e-11
1.2228839e-10
7.286551e-11
1.3264731e-10
1.1552107e-10
1.2197455e-10
7.2236064e-11
1.3227594e-10
1.2081814e-10
1.3226445e-10
7.1952432e-11
1.2355167e-10
1.201339e-10
1.3201589e-10
7.2213547e-11
8.6852046e-11
8.7064852e-11
1.2229126e-10
9.0127519e-11
1.4482254e-10
1.4006752e-10
1.2234796e-10
9.0391884e-11
1.4537749e-10
1.3988206e-10
1.4481272e-10
9.005539e-11
1.2192939e-10
1.3923782e-10
1.4501877e-10
8.8486932e-11
8.6968128e-11
9.1442375e-11
9.3652195e-11
1.2153658e-10
8.6709316e-11
1.3987437e-10
1.4408807e-10
1.2161031e-10
8.690732e-11
1.3903213e-10
1.4399426e-10
1.3877428e-10
8.8930405e-11
1.2154982e-10
1.4436811e-10
1.3892735e-10
8.7335829e-11
9.4537295e-11
9.0315473e-11
8.8653845e-11
1.2498958e-10
7.1689516e-11
1.2316354e-10
1.3302282e-10
1.2471021e-10
7.1473385e-11
1.220974e-10
1.2072833e-10
1.5846087e-10
1.1785404e-10
1.2924644e-10
1.2055228e-10
1.5872157e-10
1.1806119e-10
1.2876899e-10
1.1652915e-10
1.5780857e-10
1.2024677e-10
1.2919601e-10
1.1713096e-10
1.6008003e-10
1.3222171e-10
1.2038161e-10
7.2332652e-11
1.2292289e-10
1.3291824e-10
1.175964e-10
7.2221435e-11
8.8432409e-11
1.258815e-10
7.506718e-11
1.2695288e-10
1.2575349e-10
6.9384142e-11
1.0991014e-10
1.4671042e-10
1.2530276e-10
6.9517392e-11
1.0938597e-10
1.2927564e-10
1.4287567e-10
1.5160632e-10
1.3187527e-10
1.2983009e-10
1.3908039e-10
1.5472287e-10
1.2524827e-10
1.1633773e-10
1.1983497e-10
1.2518047e-10
1.2516713e-10
1.1636232e-10
1.1978737e-10
1.2802181e-10
1.2394805e-10
1.2599555e-10
1.2674089e-10
1.278843e-10
1.2397474e-10
1.2596229e-10
1.2688406e-10
1.2600559e-10
1.2405047e-10
1.2787794e-10
1.2668313e-10
1.2597904e-10
1.2389147e-10
1.2537779e-10
1.2010581e-10
1.1689597e-10
1.2511383e-10
1.2505723e-10
1.1982349e-10
1.1654336e-10
1.3149971e-10
1.5406553e-10
1.3614648e-10
1.2905118e-10
1.3115833e-10
1.5225244e-10
1.3518057e-10
1.4778244e-10
1.1259935e-10
7.0963027e-11
1.2747223e-10
1.4838086e-10
1.1342536e-10
7.1528136e-11
7.4992275e-11
1.222468e-10
7.793566e-11
6.3101429e-11
6.6577629e-11
1.1970935e-10
1.0097558e-10
1.1939764e-10
1.2643451e-10
1.2503645e-10
1.2636503e-10
1.2512552e-10
1.2648637e-10
1.2490767e-10
1.0307559e-10
1.1963011e-10
1.0295162e-10
6.4625597e-11
6.6687225e-11
6.8538725e-11
1.0351948e-10
1.1965751e-10
1.0345092e-10
1.1991714e-10
1.2538158e-10
1.2631685e-10
1.2536919e-10
1.2657174e-10
1.2621763e-10
1.2510479e-10
1.2627026e-10
1.2489551e-10
1.203761e-10
1.0342307e-10
1.2003531e-10
1.0289721e-10
6.5645712e-11
6.6078836e-11
7.739569e-11
1.2437776e-10
7.6681003e-11
1.2768185e-10
1.1104243e-10
1.4763508e-10
1.2600279e-10
6.8036344e-11
1.103481e-10
1.4584801e-10
1.2517493e-10
1.5462726e-10
1.295408e-10
1.2951462e-10
1.3095192e-10
1.558323e-10
1.2921302e-10
1.2971808e-10
1.2027563e-10
1.2575878e-10
1.2562857e-10
1.1777152e-10
1.2037907e-10
1.2582857e-10
1.2561573e-10
1.2605511e-10
1.270659e-10
1.2811349e-10
1.2428404e-10
1.261192e-10
1.2701549e-10
1.2805646e-10
1.2409882e-10
1.2806398e-10
1.2693574e-10
1.2597021e-10
1.239976e-10
1.279789e-10
1.2682984e-10
1.1696163e-10
1.2546148e-10
1.2532592e-10
1.2013727e-10
1.1692264e-10
1.2535275e-10
1.2529474e-10
1.321301e-10
1.2911095e-10
1.3013795e-10
1.5416957e-10
1.3593756e-10
1.2940842e-10
1.310653e-10
6.9855059e-11
1.2704721e-10
1.4698136e-10
1.1271724e-10
7.1063356e-11
1.2718758e-10
1.4835391e-10
1.2469949e-10
7.5606925e-11
1.2416538e-10
7.6559448e-11
8.739666e-11
8.6455979e-11
1.1871069e-10
1.3216186e-10
1.2292453e-10
7.1471628e-11
1.1917622e-10
1.3170665e-10
1.2310142e-10
1.1778344e-10
1.290862e-10
1.205745e-10
1.5887531e-10
1.1841956e-10
1.28945e-10
1.2063212e-10
1.5870282e-10
1.2030758e-10
1.2891926e-10
1.1747459e-10
1.5853706e-10
1.2034487e-10
1.2879949e-10
7.2353578e-11
1.2404466e-10
1.3261696e-10
1.1867499e-10
7.1695177e-11
1.2289619e-10
1.3223534e-10
8.6780318e-11
8.7130196e-11
9.3399261e-11
9.8679339e-11
1.3960577e-10
1.4527823e-10
1.2214835e-10
8.8381053e-11
1.3879284e-10
1.4745285e-10
1.2257135e-10
9.0010419e-11
1.2179171e-10
1.4421375e-10
1.3886528e-10
8.893278e-11
1.2155681e-10
1.4374057e-10
9.0869463e-11
9.1144879e-11
8.8482484e-11
8.9378101e-11
1.4386466e-10
1.3868765e-10
1.2145678e-10
8.2481208e-11
1.4346535e-10
1.368954e-10
1.2093529e-10
9.1302093e-11
1.2255936e-10
1.4062184e-10
1.4471322e-10
9.1031275e-11
1.22264e-10
1.4043601e-10
8.7664768e-11
8.7164787e-11
1.3326932e-10
1.2196155e-10
1.246139e-10
7.2112984e-11
1.3346953e-10
1.21918e-10
1.2467285e-10
7.1535282e-11
1.2266914e-10
1.1712498e-10
1.3237292e-10
7.1888234e-11
1.2336918e-10
1.2002759e-10
7.4835412e-11
1.2441254e-10
7.4451861e-11
1.2562046e-10
1.2902045e-10
1.1726683e-10
1.2040565e-10
1.5765135e-10
1.2892033e-10
1.175298e-10
1.204025e-10
1.5757979e-10
1.2009217e-10
1.168813e-10
1.2878461e-10
1.5889128e-10
1.2012163e-10
1.1686848e-10
1.2342633e-10
7.5952317e-11
1.2222172e-10
1.4620918e-10
1.116617e-10
1.2622536e-10
6.8946238e-11
1.4607202e-10
1.1285699e-10
1.2653122e-10
6.9179799e-11
1.2649445e-10
1.1237028e-10
1.4717733e-10
7.0314234e-11
1.2753835e-10
1.1413426e-10
6.3011249e-11
6.4884507e-11
1.3260793e-10
1.5199871e-10
1.2931326e-10
1.3774867e-10
1.3194166e-10
1.5270184e-10
1.2928572e-10
1.38866e-10
1.2970802e-10
1.5434829e-10
1.3214154e-10
1.3795462e-10
1.2874867e-10
1.5041391e-10
6.5845814e-11
6.3933885e-11
1.0399927e-10
1.1967662e-10
1.0309523e-10
1.1971513e-10
1.2522322e-10
1.1995674e-10
1.2526842e-10
1.1672248e-10
1.2517564e-10
1.199713e-10
1.2522949e-10
1.1606629e-10
1.2513281e-10
1.1981423e-10
1.2471319e-10
1.1574977e-10
1.2508737e-10
1.1995732e-10
1.1984828e-10
1.0198118e-10
1.2040848e-10
1.2516542e-10
1.2660351e-10
1.2504541e-10
1.2670303e-10
1.2688423e-10
1.2615613e-10
1.2810424e-10
1.2406184e-10
1.2683247e-10
1.2616938e-10
1.2804065e-10
1.2394475e-10
1.2805999e-10
1.2614165e-10
1.2676106e-10
1.2400735e-10
1.2799721e-10
1.2612578e-10
1.2666999e-10
1.2507036e-10
1.2663743e-10
1.2656317e-10
1.2527717e-10
1.2662972e-10
1.2510761e-10
1.2816861e-10
1.2429237e-10
1.2709031e-10
1.2616418e-10
1.2808192e-10
1.2417499e-10
1.2696187e-10
1.2618123e-10
1.26973e-10
1.2412092e-10
1.2804199e-10
1.2611781e-10
1.269196e-10
1.2410632e-10
1.250526e-10
1.2650356e-10
1.2500667e-10
1.2047867e-10
1.0362902e-10
1.2003462e-10
1.0300752e-10
1.2565912e-10
1.1755745e-10
1.2574422e-10
1.2025211e-10
1.2546206e-10
1.1705114e-10
1.2540048e-10
1.2018257e-10
1.2558944e-10
1.1730143e-10
1.2550721e-10
1.2023011e-10
1.2568692e-10
1.1760609e-10
1.0329047e-10
1.19841e-10
1.0349519e-10
6.714661e-11
6.6297891e-11
1.2980874e-10
1.335935e-10
1.3024226e-10
1.5396571e-10
1.2930896e-10
1.3233878e-10
1.3001666e-10
1.5425465e-10
1.3007631e-10
1.3357259e-10
1.2961906e-10
1.5535628e-10
1.2941089e-10
1.3199195e-10
6.7276561e-11
1.2461818e-10
6.8357271e-11
1.4549409e-10
1.1247421e-10
1.2597285e-10
6.8801309e-11
1.4614495e-10
1.12349e-10
1.4658328e-10
6.9481053e-11
1.2537653e-10
1.0989683e-10
1.4733839e-10
7.0456111e-11
1.2662074e-10
7.8079008e-11
1.2599638e-10
7.4648154e-11
1.2088731e-10
1.6056167e-10
1.2935526e-10
1.1794576e-10
1.2059595e-10
1.5752669e-10
1.2873447e-10
1.1776175e-10
1.2914011e-10
1.5900105e-10
1.2040005e-10
1.1739833e-10
1.2890966e-10
1.5773386e-10
7.6562711e-11
1.2459692e-10
7.508867e-11
1.2257487e-10
7.198532e-11
1.3213805e-10
1.2151116e-10
1.2401156e-10
7.2130053e-11
1.3269867e-10
1.1984646e-10
1.3194427e-10
7.2045671e-11
1.2443698e-10
1.2136042e-10
1.3316097e-10
7.2156913e-11
8.6862292e-11
8.7432371e-11
1.2246575e-10
9.0688138e-11
1.4628678e-10
1.3951902e-10
1.2127017e-10
8.9134027e-11
1.4122662e-10
1.3808582e-10
1.4501196e-10
8.8817658e-11
1.2207575e-10
1.39467e-10
1.4579172e-10
8.8467476e-11
8.7869241e-11
9.4356238e-11
8.7712638e-11
1.2180707e-10
8.8303979e-11
1.3921163e-10
1.4146863e-10
1.2144571e-10
8.8587981e-11
1.4002334e-10
1.4280613e-10
1.3870364e-10
8.5033506e-11
1.2142862e-10
1.4388268e-10
1.3815442e-10
8.4943817e-11
9.5610494e-11
8.7339921e-11
8.8597274e-11
1.2477614e-10
7.1610301e-11
1.2262097e-10
1.3360108e-10
1.2563803e-10
7.2294052e-11
1.2511848e-10
1.2031842e-10
1.5644645e-10
1.1699878e-10
1.2929626e-10
1.2042067e-10
1.5882742e-10
1.1736194e-10
1.2934842e-10
1.1794284e-10
1.6022128e-10
1.2042183e-10
1.2915457e-10
1.1779401e-10
1.5937188e-10
1.3327969e-10
1.1583842e-10
7.1840111e-11
1.2341526e-10
1.3340181e-10
1.1838253e-10
7.2161513e-11
8.9089749e-11
1.2449663e-10
7.3547077e-11
1.244034e-10
1.2592664e-10
7.0622694e-11
1.1182879e-10
1.4638148e-10
1.2555574e-10
7.0067476e-11
1.1161083e-10
1.2987474e-10
1.3168551e-10
1.5561068e-10
1.2879419e-10
1.2937593e-10
1.2903462e-10
1.5400972e-10
1.2545365e-10
1.1721354e-10
1.2018367e-10
1.255301e-10
1.2545899e-10
1.1698199e-10
1.20226e-10
1.2800117e-10
1.241028e-10
1.2599632e-10
1.2687286e-10
1.2795231e-10
1.2408133e-10
1.2600663e-10
1.2672812e-10
1.2600422e-10
1.2376829e-10
1.2791229e-10
1.2670231e-10
1.2596549e-10
1.2380308e-10
1.252396e-10
1.196145e-10
1.1674645e-10
1.2524119e-10
1.2544227e-10
1.1982193e-10
1.1732829e-10
1.314351e-10
1.5327644e-10
1.3662215e-10
1.2930229e-10
1.3034071e-10
1.5335277e-10
1.3310714e-10
1.4871725e-10
1.1257644e-10
7.0858792e-11
1.2649164e-10
1.4700655e-10
1.1180425e-10
7.0378298e-11
7.8280895e-11
1.2539292e-10
7.6801408e-11
7.0009283e-11
6.8758231e-11
1.2003604e-10
1.0216282e-10
1.2007984e-10
1.2634981e-10
1.2499179e-10
1.2639239e-10
1.2462664e-10
1.26444e-10
1.2468282e-10
1.0285283e-10
1.1915065e-10
1.0396647e-10
6.592584e-11
6.7068729e-11
6.42333e-11
1.0448223e-10
1.2033679e-10
1.0421933e-10
1.2033632e-10
1.2523603e-10
1.2666048e-10
1.2532807e-10
1.2631427e-10
1.2644832e-10
1.2490272e-10
1.2633131e-10
1.2523201e-10
1.1980727e-10
1.0259334e-10
1.2007623e-10
1.0326045e-10
6.6407017e-11
6.5969457e-11
7.5447414e-11
1.2589605e-10
7.4729682e-11
1.238594e-10
1.1232461e-10
1.4566804e-10
1.2591402e-10
6.9506213e-11
1.1256911e-10
1.4664928e-10
1.2652405e-10
1.5453978e-10
1.3014962e-10
1.2967799e-10
1.3677195e-10
1.5219683e-10
1.3136644e-10
1.292189e-10
1.2051978e-10
1.2585941e-10
1.2572473e-10
1.1729823e-10
1.2043416e-10
1.2556956e-10
1.2562863e-10
1.261548e-10
1.2710909e-10
1.2816177e-10
1.2427012e-10
1.2606032e-10
1.2705996e-10
1.2811792e-10
1.2401515e-10
1.2809539e-10
1.2693738e-10
1.2602793e-10
1.2416968e-10
1.2809185e-10
1.270001e-10
1.1695371e-10
1.2545909e-10
1.254462e-10
1.2029564e-10
1.1729429e-10
1.2557294e-10
1.2564264e-10
1.336413e-10
1.2946784e-10
1.3053603e-10
1.5406888e-10
1.3283778e-10
1.2956114e-10
1.3034932e-10
7.0128364e-11
1.2687385e-10
1.4778018e-10
1.1336356e-10
6.992552e-11
1.2713103e-10
1.483333e-10
1.2434238e-10
7.9611322e-11
1.2511128e-10
7.833686e-11
8.666097e-11
8.7175735e-11
1.224568e-10
1.3171392e-10
1.2420842e-10
7.1657991e-11
1.223614e-10
1.323773e-10
1.2443462e-10
1.1784106e-10
1.2903625e-10
1.2060891e-10
1.5779949e-10
1.1722183e-10
1.289674e-10
1.2048133e-10
1.6065906e-10
1.2068944e-10
1.2930653e-10
1.1827125e-10
1.6048987e-10
1.208694e-10
1.2941872e-10
7.1709515e-11
1.2156979e-10
1.3205369e-10
1.1662423e-10
7.2185974e-11
1.2269078e-10
1.3283638e-10
8.7351241e-11
8.7800114e-11
9.4792488e-11
8.9504969e-11
1.3978835e-10
1.460491e-10
1.2270437e-10
9.3838831e-11
1.4188113e-10
1.4608187e-10
1.2301499e-10
8.8945624e-11
1.2181431e-10
1.4365021e-10
1.3999106e-10
9.0047642e-11
1.2218237e-10
1.4430524e-10
9.2393624e-11
9.0285149e-11
8.6431751e-11
8.7526873e-11
1.4411367e-10
1.3799628e-10
1.2125071e-10
8.8251428e-11
1.4250295e-10
1.3882314e-10
1.2118067e-10
8.8119841e-11
1.2182102e-10
1.3872731e-10
1.4447014e-10
9.048957e-11
1.2211905e-10
1.400356e-10
8.7129594e-11
8.6951764e-11
1.3256422e-10
1.2099087e-10
1.2424861e-10
7.2636293e-11
1.3299755e-10
1.1887016e-10
1.236392e-10
7.2731541e-11
1.2297067e-10
1.1782461e-10
1.3263069e-10
7.26685e-11
1.2226661e-10
1.1573076e-10
7.5342878e-11
1.2527875e-10
7.6771937e-11
1.2617459e-10
1.2929786e-10
1.1784335e-10
1.2070428e-10
1.5979984e-10
1.2958999e-10
1.1844971e-10
1.2102667e-10
1.5922345e-10
1.2061723e-10
1.1786215e-10
1.2957479e-10
1.6131292e-10
1.2099232e-10
1.1854105e-10
1.2494253e-10
7.8819948e-11
1.2512603e-10
1.4681853e-10
1.1185665e-10
1.2648513e-10
7.0031719e-11
1.4718694e-10
1.1283241e-10
1.2666722e-10
6.9305795e-11
1.2817101e-10
1.1585779e-10
1.4731777e-10
7.0046244e-11
1.2762635e-10
1.1452787e-10
6.3901044e-11
6.3094995e-11
1.3167842e-10
1.5224445e-10
1.2914357e-10
1.3729964e-10
1.3139545e-10
1.5115099e-10
1.2899291e-10
1.3583374e-10
1.2887769e-10
1.5133341e-10
1.3108403e-10
1.3463842e-10
1.2918117e-10
1.5254316e-10
6.5312954e-11
6.4177349e-11
1.038596e-10
1.1994135e-10
1.0425499e-10
1.2030926e-10
1.2528789e-10
1.2012745e-10
1.2540649e-10
1.1706717e-10
1.2542074e-10
1.2036383e-10
1.2554285e-10
1.1636533e-10
1.2528863e-10
1.2014597e-10
1.2529359e-10
1.1673686e-10
1.2540138e-10
1.2015707e-10
1.2056533e-10
1.0309587e-10
1.2015239e-10
1.2498205e-10
1.2658506e-10
1.2519333e-10
1.2670716e-10
1.2696696e-10
1.261497e-10
1.2815278e-10
1.2421748e-10
1.2702769e-10
1.262151e-10
1.2817482e-10
1.2402894e-10
1.2811382e-10
1.2613445e-10
1.2693591e-10
1.2405617e-10
1.281427e-10
1.2623281e-10
1.2656783e-10
1.2489046e-10
1.2681749e-10
1.2650406e-10
1.2528326e-10
1.2659076e-10
1.2544386e-10
1.2817964e-10
1.2421029e-10
1.2705145e-10
1.2620019e-10
1.281934e-10
1.2433498e-10
1.2710241e-10
1.2614902e-10
1.2704162e-10
1.2416082e-10
1.28168e-10
1.2618546e-10
1.2707003e-10
1.2425928e-10
1.2511503e-10
1.2653569e-10
1.2532772e-10
1.1982384e-10
1.0223302e-10
1.2040999e-10
1.0406975e-10
1.2550341e-10
1.1663819e-10
1.2530427e-10
1.2047026e-10
1.2562884e-10
1.1742526e-10
1.2562886e-10
1.2020107e-10
1.2588357e-10
1.1772869e-10
1.2568813e-10
1.2037198e-10
1.2587308e-10
1.1749485e-10
1.0353121e-10
1.2012687e-10
1.0286373e-10
6.4881293e-11
6.6164802e-11
1.2930665e-10
1.3785794e-10
1.3136337e-10
1.5402924e-10
1.2949042e-10
1.3340924e-10
1.303314e-10
1.5591138e-10
1.2911506e-10
1.3008072e-10
1.3001139e-10
1.5582961e-10
1.3015103e-10
1.3361519e-10
6.71058e-11
1.2658387e-10
6.8257341e-11
1.4591963e-10
1.1207649e-10
1.264568e-10
6.990142e-11
1.4757265e-10
1.1037653e-10
1.4768931e-10
7.0245049e-11
1.2548553e-10
1.1034485e-10
1.46633e-10
6.9120309e-11
1.2633011e-10
7.6693074e-11
1.2606601e-10
7.8217828e-11
1.2082661e-10
1.5922845e-10
1.2918695e-10
1.184686e-10
1.2096352e-10
1.5973181e-10
1.2939393e-10
1.1776776e-10
1.2938353e-10
1.5874543e-10
1.2091155e-10
1.1821049e-10
1.2950783e-10
1.5920939e-10
7.499801e-11
1.2639623e-10
7.4990525e-11
1.2344612e-10
7.2208425e-11
1.3328781e-10
1.1565938e-10
1.2266575e-10
7.1906459e-11
1.3334018e-10
1.2301235e-10
1.3378782e-10
7.2310405e-11
1.253025e-10
1.2325215e-10
1.3378974e-10
7.2092026e-11
8.95332e-11
8.9412298e-11
1.2199861e-10
8.6921174e-11
1.4487441e-10
1.3878307e-10
1.2203007e-10
8.5296155e-11
1.448694e-10
1.3862574e-10
1.4281493e-10
8.575357e-11
1.2154465e-10
1.395235e-10
1.4274603e-10
8.7577129e-11
8.8710142e-11
9.4364361e-11
9.6374388e-11
1.2230171e-10
8.8790532e-11
1.3974632e-10
1.4689928e-10
1.226761e-10
8.9306533e-11
1.3925368e-10
1.4543575e-10
1.3925341e-10
8.8097052e-11
1.2227877e-10
1.4417509e-10
1.4030637e-10
8.9552413e-11
9.1253011e-11
8.8212169e-11
8.6723394e-11
1.2387706e-10
7.2510756e-11
1.1911225e-10
1.3239653e-10
1.2342567e-10
7.2011382e-11
1.1907694e-10
1.2078135e-10
1.579526e-10
1.1850366e-10
1.2920882e-10
1.207966e-10
1.5904375e-10
1.1827909e-10
1.2885005e-10
1.1680538e-10
1.5760417e-10
1.2026438e-10
1.2897122e-10
1.1691801e-10
1.577609e-10
1.3293961e-10
1.21807e-10
7.1636413e-11
1.2513654e-10
1.3319407e-10
1.2354185e-10
7.2384786e-11
8.7981539e-11
1.2864183e-10
7.6361142e-11
1.2641425e-10
1.2506891e-10
6.8355431e-11
1.0996297e-10
1.4697108e-10
1.2643385e-10
6.9906181e-11
1.1205723e-10
1.2994894e-10
1.3261489e-10
1.5647335e-10
1.3037871e-10
1.2984827e-10
1.3347609e-10
1.5549029e-10
1.2562461e-10
1.1780481e-10
1.2027787e-10
1.258114e-10
1.2557632e-10
1.1782223e-10
1.2024686e-10
1.2809232e-10
1.2412999e-10
1.2609682e-10
1.2697337e-10
1.2807904e-10
1.2410967e-10
1.2604691e-10
1.2689372e-10
1.2602451e-10
1.2392003e-10
1.2810762e-10
1.2695528e-10
1.2615683e-10
1.2395852e-10
1.257815e-10
1.2020614e-10
1.180245e-10
1.2566775e-10
1.2569193e-10
1.2047807e-10
1.1742129e-10
1.3024904e-10
1.5375209e-10
1.3353423e-10
1.2925883e-10
1.2993594e-10
1.5312255e-10
1.3340155e-10
1.4712148e-10
1.1206023e-10
7.0865848e-11
1.2560385e-10
1.476628e-10
1.098319e-10
7.1482559e-11
7.42763e-11
1.2367441e-10
7.406065e-11
6.822361e-11
6.6865547e-11
1.1975282e-10
1.0418693e-10
1.1969075e-10
1.2662513e-10
1.2505206e-10
1.2634066e-10
1.247411e-10
1.2683668e-10
1.2451974e-10
1.0585762e-10
1.2051292e-10
1.0367325e-10
6.5595906e-11
6.4432053e-11
6.5197421e-11
1.0426659e-10
1.2024246e-10
1.0514098e-10
1.2129926e-10
1.2545902e-10
1.267408e-10
1.258477e-10
1.2746877e-10
1.2665492e-10
1.2564342e-10
1.2734882e-10
1.2595945e-10
1.2087279e-10
1.0477238e-10
1.2097288e-10
1.044446e-10
6.6962889e-11
6.6299373e-11
7.6399974e-11
1.2614812e-10
7.7438261e-11
1.2658347e-10
1.1281058e-10
1.4766729e-10
1.2709246e-10
6.9509381e-11
1.1406738e-10
1.465323e-10
1.2710048e-10
1.5299035e-10
1.3211095e-10
1.2960874e-10
1.3709769e-10
1.5488004e-10
1.3152216e-10
1.2973494e-10
1.2045944e-10
1.257198e-10
1.2576388e-10
1.1784841e-10
1.2078396e-10
1.2561547e-10
1.2557348e-10
1.2623161e-10
1.2719705e-10
1.2829173e-10
1.2448455e-10
1.2646349e-10
1.269458e-10
1.2806095e-10
1.2440318e-10
1.2828437e-10
1.2722448e-10
1.2641024e-10
1.2446768e-10
1.2804352e-10
1.2693725e-10
1.1790777e-10
1.2587447e-10
1.2601508e-10
1.2068703e-10
1.1773232e-10
1.2558693e-10
1.2568575e-10
1.3271803e-10
1.2996232e-10
1.3054272e-10
1.5428063e-10
1.3442127e-10
1.2962904e-10
1.3089506e-10
6.9551269e-11
1.2717669e-10
1.4710209e-10
1.1527131e-10
6.8928044e-11
1.2766687e-10
1.4746632e-10
1.2501424e-10
7.5488972e-11
1.2776161e-10
7.7362305e-11
8.8720601e-11
8.9818272e-11
1.2055146e-10
1.3314321e-10
1.2430157e-10
7.2673467e-11
1.1949206e-10
1.3394443e-10
1.2384002e-10
1.182894e-10
1.296275e-10
1.2103355e-10
1.605237e-10
1.186446e-10
1.2952483e-10
1.2113922e-10
1.5894284e-10
1.2110127e-10
1.2944422e-10
1.1896723e-10
1.606824e-10
1.2128816e-10
1.2964448e-10
7.2167625e-11
1.2472957e-10
1.3345474e-10
1.2069158e-10
7.2684363e-11
1.2434025e-10
1.338774e-10
8.8446263e-11
8.8819749e-11
9.0562957e-11
9.494831e-11
1.4063258e-10
1.4367616e-10
1.2256276e-10
8.8932477e-11
1.4165857e-10
1.4622043e-10
1.2321978e-10
9.168923e-11
1.2293003e-10
1.4461112e-10
1.4160054e-10
9.0808578e-11
1.2329884e-10
1.4624501e-10
8.943812e-11
9.4051987e-11
9.1084977e-11
8.9544002e-11
1.4176439e-10
1.3995911e-10
1.2168319e-10
8.9253871e-11
1.4582396e-10
1.4132678e-10
1.2283497e-10
9.1663993e-11
1.2267997e-10
1.4099958e-10
1.4558395e-10
8.8774222e-11
1.2285339e-10
1.4051704e-10
8.734251e-11
8.8536873e-11
1.3415669e-10
1.1751926e-10
1.237273e-10
7.2569257e-11
1.3418028e-10
1.2160755e-10
1.2482282e-10
7.2934528e-11
1.22029e-10
1.1451248e-10
1.3364517e-10
7.3483465e-11
1.2277499e-10
1.1697187e-10
7.785732e-11
1.2886301e-10
7.6886318e-11
1.2966585e-10
1.3005038e-10
1.1956384e-10
1.2164229e-10
1.6089082e-10
1.2993004e-10
1.1983524e-10
1.2171603e-10
1.6054849e-10
1.2140455e-10
1.1931337e-10
1.2953758e-10
1.6136688e-10
1.2134737e-10
1.1921657e-10
1.2771421e-10
7.8771432e-11
1.2708277e-10
1.463837e-10
1.1125644e-10
1.2597673e-10
6.8899922e-11
1.4691892e-10
1.1237846e-10
1.2611503e-10
6.9746016e-11
1.2720383e-10
1.1295574e-10
1.4774412e-10
7.0878493e-11
1.2679527e-10
1.1273908e-10
6.7932408e-11
6.7676376e-11
1.3017529e-10
1.5598368e-10
1.3013263e-10
1.3511089e-10
1.3084542e-10
1.553751e-10
1.2990563e-10
1.3446401e-10
1.3010438e-10
1.5561874e-10
1.3029405e-10
1.3259912e-10
1.3001742e-10
1.558827e-10
6.6445501e-11
6.7695073e-11
1.047966e-10
1.2089837e-10
1.0450625e-10
1.2101377e-10
1.2614785e-10
1.2078265e-10
1.2591287e-10
1.1807544e-10
1.258733e-10
1.2072267e-10
1.2562282e-10
1.1758656e-10
1.2572498e-10
1.2040884e-10
1.2588871e-10
1.1818156e-10
1.2555637e-10
1.2060946e-10
1.2031406e-10
1.0513579e-10
1.2076256e-10
1.2539192e-10
1.2693623e-10
1.2570938e-10
1.2771501e-10
1.2724965e-10
1.263631e-10
1.2837359e-10
1.2442068e-10
1.2694116e-10
1.2657992e-10
1.2811593e-10
1.2429877e-10
1.2833276e-10
1.2641513e-10
1.2690982e-10
1.2445416e-10
1.280413e-10
1.2644967e-10
1.2719398e-10
1.2601916e-10
1.273889e-10
1.2696338e-10
1.2567952e-10
1.2770766e-10
1.2638701e-10
1.2839146e-10
1.2449876e-10
1.2730417e-10
1.2661645e-10
1.2813239e-10
1.2465311e-10
1.2700066e-10
1.2636115e-10
1.2720986e-10
1.2432584e-10
1.2803811e-10
1.2644536e-10
1.2689225e-10
1.2438289e-10
1.2536874e-10
1.2744777e-10
1.2576557e-10
1.2085709e-10
1.0412344e-10
1.2083506e-10
1.0455472e-10
1.2588418e-10
1.1783487e-10
1.2601681e-10
1.2063225e-10
1.2553245e-10
1.1789129e-10
1.2570522e-10
1.2053191e-10
1.2606161e-10
1.1761789e-10
1.2555358e-10
1.2062624e-10
1.2578775e-10
1.1779456e-10
1.0334667e-10
1.2105267e-10
1.0427172e-10
6.7109274e-11
6.7238259e-11
1.3002573e-10
1.3139264e-10
1.3000969e-10
1.5531772e-10
1.2979896e-10
1.351957e-10
1.3080935e-10
1.5571547e-10
1.311689e-10
1.3583662e-10
1.301084e-10
1.5568193e-10
1.3115121e-10
1.3582777e-10
6.6752854e-11
1.2675038e-10
7.0111398e-11
1.4759086e-10
1.1255756e-10
1.2633408e-10
6.9235999e-11
1.4688049e-10
1.1074218e-10
1.4812139e-10
7.0114275e-11
1.2672936e-10
1.1253487e-10
1.4844663e-10
7.1384667e-11
1.2516511e-10
7.7863711e-11
1.2859915e-10
7.8154593e-11
1.2133102e-10
1.6092652e-10
1.2994126e-10
1.1940995e-10
1.2145393e-10
1.6107298e-10
1.2977919e-10
1.182559e-10
1.2954537e-10
1.5944384e-10
1.2123672e-10
1.1866168e-10
1.299563e-10
1.6333805e-10
7.6821609e-11
1.2401815e-10
8.1657419e-11
1.2388584e-10
7.2039833e-11
1.3334929e-10
1.1964644e-10
1.2399771e-10
7.2757567e-11
1.3361067e-10
1.1922706e-10
1.3354413e-10
7.2108435e-11
1.2202407e-10
1.1447529e-10
1.3354401e-10
7.2401977e-11
8.846593e-11
8.8099597e-11
1.2248115e-10
8.6826664e-11
1.4545799e-10
1.4054401e-10
1.2308177e-10
8.9516476e-11
1.4644718e-10
1.3952798e-10
1.4511327e-10
8.8437696e-11
1.2287333e-10
1.4120126e-10
1.4506685e-10
8.8600789e-11
8.9685878e-11
9.6275192e-11
9.5479362e-11
1.2288473e-10
8.829235e-11
1.3951081e-10
1.4584596e-10
1.2287409e-10
8.7956971e-11
1.399608e-10
1.4650024e-10
1.4007733e-10
9.1042371e-11
1.2321895e-10
1.4681708e-10
1.4069636e-10
9.0975862e-11
9.4220856e-11
8.7878304e-11
8.8939083e-11
1.2391076e-10
7.2139283e-11
1.1998955e-10
1.3353494e-10
1.237778e-10
7.2576912e-11
1.1929075e-10
1.2084722e-10
1.5920669e-10
1.1754947e-10
1.2984264e-10
1.2101361e-10
1.6177889e-10
1.1827692e-10
1.2915054e-10
1.1758419e-10
1.5754195e-10
1.2137851e-10
1.2983723e-10
1.194253e-10
1.6167675e-10
1.3319865e-10
1.2214647e-10
7.2679266e-11
1.2440971e-10
1.3335303e-10
1.2134851e-10
7.2481954e-11
8.7351916e-11
1.2306144e-10
7.837231e-11
1.2496889e-10
1.2873387e-10
7.1986939e-11
1.1590955e-10
1.4896856e-10
1.2834044e-10
7.1825159e-11
1.1509186e-10
1.2957786e-10
1.353781e-10
1.5338182e-10
1.3083005e-10
1.291272e-10
1.3393594e-10
1.5240782e-10
1.256896e-10
1.1741052e-10
1.2034736e-10
1.2550595e-10
1.2550103e-10
1.1767571e-10
1.2069448e-10
1.2825902e-10
1.2419355e-10
1.262062e-10
1.2689222e-10
1.2802048e-10
1.2443233e-10
1.2640236e-10
1.272089e-10
1.2630318e-10
1.2418941e-10
1.2806731e-10
1.2700984e-10
1.2644453e-10
1.2453096e-10
1.2618494e-10
1.2095128e-10
1.1802909e-10
1.2584138e-10
1.2609541e-10
1.2110086e-10
1.1844789e-10
1.3009064e-10
1.5620774e-10
1.3307817e-10
1.3003368e-10
1.2957889e-10
1.5662898e-10
1.3205244e-10
1.4830468e-10
1.10835e-10
7.099866e-11
1.2559616e-10
1.4750598e-10
1.1135814e-10
6.9779304e-11
7.4627712e-11
1.2889031e-10
7.7503919e-11
6.4832627e-11
6.4022905e-11
1.2017196e-10
1.0531262e-10
1.2123184e-10
1.2673113e-10
1.2587737e-10
1.2737746e-10
1.2480488e-10
1.2742545e-10
1.2596265e-10
1.0398276e-10
1.2163013e-10
1.048327e-10
6.7689888e-11
6.772918e-11
7.1751619e-11
1.045836e-10
1.2196542e-10
1.0189198e-10
1.2150924e-10
1.2678541e-10
1.2839198e-10
1.265786e-10
1.2774644e-10
1.2824836e-10
1.2659797e-10
1.2754136e-10
1.2571363e-10
1.2163e-10
1.0548238e-10
1.2147746e-10
1.0609193e-10
6.6665162e-11
6.7407033e-11
7.8842942e-11
1.2738073e-10
7.7450683e-11
1.219139e-10
1.1610567e-10
1.4618148e-10
1.2627177e-10
6.9794574e-11
1.1550093e-10
1.4414569e-10
1.1803736e-10
1.5591482e-10
1.2932403e-10
1.2827633e-10
1.3392996e-10
1.5969853e-10
1.2149284e-10
1.2146413e-10
1.2071201e-10
1.2393954e-10
1.23834e-10
1.1704582e-10
1.1991106e-10
1.1655598e-10
1.1629492e-10
1.2653934e-10
1.2520252e-10
1.263265e-10
1.2383538e-10
1.2584727e-10
1.1774305e-10
1.1880192e-10
1.2437498e-10
1.2628509e-10
1.251291e-10
1.2570272e-10
1.2349329e-10
1.1873998e-10
1.1759573e-10
1.1794995e-10
1.2379297e-10
1.2403642e-10
1.1985443e-10
1.1763818e-10
1.16174e-10
1.1647412e-10
1.3695171e-10
1.2826515e-10
1.3004266e-10
1.5618942e-10
1.3711453e-10
1.2073228e-10
1.2228523e-10
7.017049e-11
1.2661384e-10
1.4744823e-10
1.1442208e-10
7.0220015e-11
1.1817261e-10
1.4460684e-10
1.2627233e-10
7.8108893e-11
1.207925e-10
7.7328356e-11
8.938049e-11
8.3406025e-11
1.1883441e-10
1.3317735e-10
1.2238182e-10
7.3587448e-11
1.208815e-10
1.3074472e-10
1.1512133e-10
1.1820239e-10
1.2806944e-10
1.1976411e-10
1.6093372e-10
1.1693361e-10
1.2050815e-10
1.1159051e-10
1.6153202e-10
1.1973053e-10
1.281545e-10
1.1659511e-10
1.6082718e-10
1.1150908e-10
1.2054833e-10
7.3091651e-11
1.2343262e-10
1.336463e-10
1.2389156e-10
7.2809353e-11
1.1595928e-10
1.3087477e-10
8.9783312e-11
8.3777377e-11
9.375826e-11
8.9367022e-11
1.4148974e-10
1.4500396e-10
1.2221203e-10
9.1847312e-11
1.4058465e-10
1.4522871e-10
1.1423498e-10
8.9339486e-11
1.2221866e-10
1.460706e-10
1.3979032e-10
9.054531e-11
1.1397084e-10
1.4483523e-10
9.6044781e-11
8.9753543e-11
8.8717774e-11
8.3740661e-11
1.4514648e-10
1.4119022e-10
1.2201404e-10
8.9325897e-11
1.4428554e-10
1.3960713e-10
1.1388958e-10
8.8754309e-11
1.2196895e-10
1.3932929e-10
1.4593514e-10
9.1870229e-11
1.1439709e-10
1.4037488e-10
8.8449917e-11
8.3434496e-11
1.3365033e-10
1.2510517e-10
1.2459618e-10
7.2795359e-11
1.3074493e-10
1.2163611e-10
1.1555708e-10
7.3396808e-11
1.2282819e-10
1.2118699e-10
1.3043296e-10
7.373121e-11
1.148329e-10
1.2028613e-10
7.6088292e-11
1.2961875e-10
7.7415395e-11
1.2306997e-10
1.2821734e-10
1.1881382e-10
1.201215e-10
1.6065648e-10
1.2066551e-10
1.172735e-10
1.117152e-10
1.6183249e-10
1.1975103e-10
1.1803196e-10
1.2032778e-10
1.6023867e-10
1.1153246e-10
1.1666959e-10
1.2620542e-10
7.7581483e-11
1.209198e-10
1.4591308e-10
1.1347378e-10
1.2521501e-10
6.9864226e-11
1.4468321e-10
1.1351532e-10
1.1747141e-10
7.2519974e-11
1.2603675e-10
1.1332473e-10
1.4587993e-10
7.1702023e-11
1.1840064e-10
1.142128e-10
6.6565235e-11
6.9118325e-11
1.3052469e-10
1.5579873e-10
1.2847951e-10
1.3734722e-10
1.2214684e-10
1.576414e-10
1.2105862e-10
1.3574219e-10
1.287826e-10
1.5732244e-10
1.2215294e-10
1.3607801e-10
1.2094098e-10
1.5613841e-10
6.8728262e-11
6.8123531e-11
1.0616391e-10
1.2058008e-10
1.0510116e-10
1.1965584e-10
1.2416455e-10
1.2029637e-10
1.2374735e-10
1.1773571e-10
1.1658957e-10
1.1936216e-10
1.1608261e-10
1.1803642e-10
1.2374923e-10
1.2046119e-10
1.1638777e-10
1.1706801e-10
1.1603671e-10
1.1933539e-10
1.2148836e-10
1.0403604e-10
1.2038466e-10
1.2655385e-10
1.2863946e-10
1.2612003e-10
1.2788547e-10
1.2509807e-10
1.2659956e-10
1.2631133e-10
1.2349423e-10
1.1754605e-10
1.2578218e-10
1.1868465e-10
1.2430154e-10
1.262385e-10
1.2637623e-10
1.1752049e-10
1.2333848e-10
1.1872994e-10
1.2575858e-10
1.280592e-10
1.2557875e-10
1.2775242e-10
1.2864167e-10
1.2718625e-10
1.2812749e-10
1.2669487e-10
1.2631227e-10
1.2455587e-10
1.2511661e-10
1.2582397e-10
1.1866661e-10
1.2361451e-10
1.1747495e-10
1.2634616e-10
1.2505407e-10
1.2426745e-10
1.1873297e-10
1.2567542e-10
1.1756612e-10
1.2338035e-10
1.2656666e-10
1.273904e-10
1.2580869e-10
1.2113109e-10
1.0512012e-10
1.194063e-10
1.0395053e-10
1.2359126e-10
1.1768225e-10
1.238229e-10
1.1890953e-10
1.15789e-10
1.1645035e-10
1.1594414e-10
1.2027681e-10
1.2392186e-10
1.1746968e-10
1.1598964e-10
1.1906903e-10
1.1622005e-10
1.163805e-10
1.0390337e-10
1.1978244e-10
1.01843e-10
6.7225795e-11
6.8021919e-11
1.2829785e-10
1.3922635e-10
1.3047589e-10
1.5504632e-10
1.2049512e-10
1.4040175e-10
1.2319745e-10
1.5649975e-10
1.2948184e-10
1.3587485e-10
1.2085241e-10
1.5698542e-10
1.2176481e-10
1.3554444e-10
6.8715056e-11
1.2552573e-10
7.1291231e-11
1.4768531e-10
1.1325336e-10
1.1827229e-10
7.210656e-11
1.4666893e-10
1.1344842e-10
1.4755763e-10
7.0991176e-11
1.1786952e-10
1.1487828e-10
1.4365719e-10
6.8909708e-11
1.2708979e-10
7.7333017e-11
1.2053087e-10
7.6526244e-11
1.1979806e-10
1.6100326e-10
1.2811116e-10
1.1663803e-10
1.1151476e-10
1.607743e-10
1.2061017e-10
1.1856006e-10
1.2793603e-10
1.6193118e-10
1.1173685e-10
1.1757255e-10
1.2051648e-10
1.6165558e-10
8.0315135e-11
1.2315822e-10
7.8284403e-11
1.2388914e-10
7.4089073e-11
1.3324967e-10
1.2520593e-10
1.1640286e-10
7.3368146e-11
1.307433e-10
1.1622482e-10
1.3293155e-10
7.3147082e-11
1.1486261e-10
1.205972e-10
1.3075035e-10
7.3822153e-11
8.8415239e-11
8.3329671e-11
1.2269352e-10
9.1684257e-11
1.4694341e-10
1.404239e-10
1.1437081e-10
9.1528586e-11
1.457865e-10
1.4070282e-10
1.4648553e-10
9.0551737e-11
1.1448892e-10
1.4113751e-10
1.4519914e-10
9.3471051e-11
8.3186352e-11
9.501193e-11
8.9916509e-11
1.2238134e-10
9.0579631e-11
1.4087273e-10
1.447957e-10
1.1420578e-10
9.0135216e-11
1.4010647e-10
1.4584581e-10
1.4121889e-10
9.0470202e-11
1.1379316e-10
1.4347024e-10
1.3946739e-10
9.0594255e-11
8.7126847e-11
8.8647659e-11
8.3628262e-11
1.2328337e-10
7.3644837e-11
1.2155423e-10
1.3108408e-10
1.1641655e-10
7.346008e-11
1.2453904e-10
1.1947363e-10
1.6150525e-10
1.1727432e-10
1.2057927e-10
1.1125419e-10
1.6048979e-10
1.1579504e-10
1.2794659e-10
1.1892123e-10
1.6059898e-10
1.1156967e-10
1.2053708e-10
1.1672108e-10
1.6044116e-10
1.3338342e-10
1.2049737e-10
7.3288978e-11
1.1588536e-10
1.3117156e-10
1.2269424e-10
7.3246138e-11
8.347958e-11
1.2464357e-10
7.6500293e-11
1.1830232e-10
1.2716325e-10
7.2410395e-11
1.1543439e-10
1.472743e-10
1.1867485e-10
7.3476325e-11
1.1414659e-10
1.2820825e-10
1.3577302e-10
1.5563543e-10
1.2212967e-10
1.2047114e-10
1.3655664e-10
1.550426e-10
1.2381064e-10
1.1858543e-10
1.2069261e-10
1.1630489e-10
1.1611108e-10
1.1717678e-10
1.1942901e-10
1.2626778e-10
1.2445459e-10
1.2638557e-10
1.1765501e-10
1.1877236e-10
1.2359075e-10
1.2574339e-10
1.2518762e-10
1.2641852e-10
1.2447173e-10
1.1873788e-10
1.1758361e-10
1.2570481e-10
1.2351277e-10
1.2435086e-10
1.208951e-10
1.1866757e-10
1.1617553e-10
1.1634393e-10
1.1988568e-10
1.1720379e-10
1.2861388e-10
1.5742282e-10
1.3439829e-10
1.2023873e-10
1.2181227e-10
1.5416289e-10
1.3668478e-10
1.4608796e-10
1.113635e-10
6.9173603e-11
1.1739923e-10
1.4510362e-10
1.1266445e-10
7.0453635e-11
7.7626301e-11
1.2079763e-10
7.687882e-11
6.7440712e-11
6.7336315e-11
1.2169785e-10
1.0527185e-10
1.1998308e-10
1.2804173e-10
1.2598244e-10
1.2761597e-10
1.2673967e-10
1.2761086e-10
1.2579531e-10
1.0635208e-10
1.2151877e-10
1.0537118e-10
6.513027e-11
1.5230064e-10
1.3492457e-10
1.3491293e-10
1.2260474e-10
1.328921e-10
1.226947e-10
1.2657905e-10
1.1905957e-10
1.3085986e-10
1.3056219e-10
1.1122399e-10
1.1408696e-10
1.2551484e-10
1.2514339e-10
1.2555727e-10
1.3184799e-10
1.3288875e-10
1.1710513e-10
1.1933115e-10
1.256902e-10
1.2625871e-10
1.2304593e-10
1.3282518e-10
1.3173135e-10
1.1923285e-10
1.1774147e-10
1.2625431e-10
1.2560723e-10
1.1596306e-10
1.3030049e-10
1.3037774e-10
1.1375703e-10
1.1015233e-10
1.2484203e-10
1.2487602e-10
1.3186744e-10
1.340368e-10
1.3595967e-10
1.2884112e-10
1.1819655e-10
1.2590201e-10
1.2416344e-10
1.2759982e-10
1.3516173e-10
1.3718356e-10
1.3341757e-10
1.2006829e-10
1.2791116e-10
1.2973379e-10
1.2151377e-10
1.2714755e-10
1.2857576e-10
1.2653302e-10
1.2761103e-10
1.2972254e-10
1.2897877e-10
1.2102267e-10
1.2887184e-10
1.282831e-10
1.28815e-10
1.2862184e-10
1.2833614e-10
1.2771306e-10
1.1916764e-10
1.2756629e-10
1.2711491e-10
1.2746125e-10
1.2681703e-10
1.2695998e-10
1.2639795e-10
1.1957369e-10
1.2695087e-10
1.269537e-10
1.2671938e-10
1.2675737e-10
1.2613249e-10
1.2605689e-10
1.1926315e-10
1.2693587e-10
1.2692051e-10
1.2669137e-10
1.2660855e-10
1.2604864e-10
1.2610543e-10
1.1957727e-10
1.2706335e-10
1.2751107e-10
1.2688861e-10
1.2729789e-10
1.2635386e-10
1.2691975e-10
1.2182077e-10
1.2824965e-10
1.2902661e-10
1.2820646e-10
1.2860607e-10
1.2774947e-10
1.2858485e-10
1.2135009e-10
1.2876321e-10
1.2725843e-10
1.2782164e-10
1.2661103e-10
1.292611e-10
1.2994365e-10
1.5420765e-10
1.3714536e-10
1.3472752e-10
1.2039176e-10
1.3418215e-10
1.2971129e-10
1.2649846e-10
1.2071227e-10
1.2968338e-10
1.2984331e-10
1.2219277e-10
1.2747114e-10
1.3065471e-10
1.3032748e-10
1.2827074e-10
1.3058235e-10
1.2990713e-10
1.297498e-10
1.2974176e-10
1.2944899e-10
1.283259e-10
1.2943206e-10
1.2929602e-10
1.2889485e-10
1.2879158e-10
1.2785076e-10
1.273528e-10
1.2659483e-10
1.2921022e-10
1.2889835e-10
1.2899299e-10
1.2709271e-10
1.2653406e-10
1.2607522e-10
1.2573429e-10
1.2843647e-10
1.2870859e-10
1.2854477e-10
1.2604858e-10
1.2571929e-10
1.2548425e-10
1.2532327e-10
1.282143e-10
1.2842205e-10
1.2838836e-10
1.2554556e-10
1.2548505e-10
1.2523533e-10
1.2520181e-10
1.2823887e-10
1.2838516e-10
1.284219e-10
1.2548224e-10
1.2554145e-10
1.2520147e-10
1.2523485e-10
1.2870745e-10
1.2853852e-10
1.2871472e-10
1.2571166e-10
1.2604017e-10
1.2532156e-10
1.2548429e-10
1.2952181e-10
1.2900154e-10
1.2894213e-10
1.2654614e-10
1.2717321e-10
1.25745e-10
1.2611135e-10
1.2429194e-10
1.2892365e-10
1.2930133e-10
1.2797046e-10
1.2887287e-10
1.2662928e-10
1.2734618e-10
1.2249705e-10
1.298368e-10
1.3045666e-10
1.2951087e-10
1.2961061e-10
1.2824153e-10
1.2920621e-10
1.1855711e-10
1.2979468e-10
1.2971378e-10
1.2698632e-10
1.2222257e-10
1.303512e-10
1.3071683e-10
1.3372596e-10
1.3385801e-10
1.3341049e-10
1.3145948e-10
1.3325022e-10
1.3363994e-10
1.3265247e-10
1.3135231e-10
1.322354e-10
1.3059707e-10
1.318626e-10
1.2962238e-10
1.3044825e-10
1.2830762e-10
1.3005341e-10
1.2987433e-10
1.2951892e-10
1.2808746e-10
1.2698555e-10
1.2690376e-10
1.2607215e-10
1.2866919e-10
1.289884e-10
1.2869202e-10
1.2624833e-10
1.2577652e-10
1.2560585e-10
1.2534819e-10
1.2854889e-10
1.2849024e-10
1.2839412e-10
1.2548719e-10
1.2531144e-10
1.2520869e-10
1.2513103e-10
1.2831354e-10
1.2831338e-10
1.2827129e-10
1.2519809e-10
1.2512826e-10
1.2508684e-10
1.2506048e-10
1.2822908e-10
1.2823976e-10
1.2822963e-10
1.2509093e-10
1.2507612e-10
1.2504683e-10
1.250413e-10
1.2824901e-10
1.2822912e-10
1.2824069e-10
1.25076e-10
1.2509088e-10
1.2504132e-10
1.2504695e-10
1.2840308e-10
1.2827084e-10
1.2831653e-10
1.2512781e-10
1.2519865e-10
1.2506053e-10
1.2508716e-10
1.285254e-10
1.2839567e-10
1.2849792e-10
1.2531482e-10
1.2549626e-10
1.251323e-10
1.2521166e-10
1.2913881e-10
1.2869194e-10
1.2898677e-10
1.2578302e-10
1.2623544e-10
1.2534894e-10
1.2560089e-10
1.3076242e-10
1.2950225e-10
1.2986901e-10
1.2693571e-10
1.2802311e-10
1.2605524e-10
1.2688818e-10
1.2748046e-10
1.3061858e-10
1.3232502e-10
1.2972798e-10
1.319212e-10
1.2830922e-10
1.304627e-10
1.2938813e-10
1.3366289e-10
1.3422878e-10
1.33801e-10
1.3192448e-10
1.3306179e-10
1.3435755e-10
1.2994493e-10
1.2076639e-10
1.2982518e-10
1.2212886e-10
1.3109283e-10
1.2758499e-10
1.3010545e-10
1.3225059e-10
1.3136754e-10
1.3059628e-10
1.3199974e-10
1.304091e-10
1.2964337e-10
1.2830036e-10
1.299908e-10
1.2999508e-10
1.2956114e-10
1.2849119e-10
1.2698461e-10
1.2698723e-10
1.2606375e-10
1.2895442e-10
1.2897229e-10
1.2864446e-10
1.2605475e-10
1.2554327e-10
1.2553695e-10
1.252615e-10
1.2845118e-10
1.2844508e-10
1.2833759e-10
1.2528708e-10
1.2515795e-10
1.2513741e-10
1.250791e-10
1.2827736e-10
1.2828332e-10
1.2824889e-10
1.2509753e-10
1.2506419e-10
1.2505579e-10
1.2504324e-10
1.2821458e-10
1.2823448e-10
1.2822322e-10
1.2504814e-10
1.2503774e-10
1.250386e-10
1.2503533e-10
1.2819506e-10
1.2821926e-10
1.2821688e-10
1.2503318e-10
1.2503085e-10
1.2503434e-10
1.2503363e-10
1.2820275e-10
1.2821677e-10
1.2821961e-10
1.2503086e-10
1.2503319e-10
1.2503363e-10
1.2503433e-10
1.2824331e-10
1.282233e-10
1.2823536e-10
1.2503771e-10
1.2504823e-10
1.2503531e-10
1.250386e-10
1.2834846e-10
1.2824914e-10
1.2828461e-10
1.2506446e-10
1.2509817e-10
1.2504327e-10
1.2505605e-10
1.2863226e-10
1.2833727e-10
1.2844621e-10
1.2515761e-10
1.2528441e-10
1.2507904e-10
1.2513756e-10
1.2925484e-10
1.2864525e-10
1.2898214e-10
1.2553812e-10
1.2605862e-10
1.2526144e-10
1.2554252e-10
1.3119562e-10
1.2959171e-10
1.3005835e-10
1.2701897e-10
1.2859219e-10
1.2609306e-10
1.2706006e-10
1.2771394e-10
1.3069815e-10
1.3150138e-10
1.3060941e-10
1.3229492e-10
1.2842672e-10
1.2991247e-10
1.1851227e-10
1.2985773e-10
1.2045263e-10
1.3098187e-10
1.2156274e-10
1.3043439e-10
1.2708073e-10
1.3507444e-10
1.2779071e-10
1.3694965e-10
1.3603928e-10
1.2694625e-10
1.2067798e-10
1.2894216e-10
1.3052751e-10
1.2814998e-10
1.2981762e-10
1.2972097e-10
1.2934905e-10
1.2947054e-10
1.2818915e-10
1.2986776e-10
1.3001372e-10
1.2950031e-10
1.2808379e-10
1.2690618e-10
1.2693191e-10
1.2605615e-10
1.2897036e-10
1.2895047e-10
1.2864271e-10
1.2605608e-10
1.2553632e-10
1.2553985e-10
1.2526134e-10
1.2844264e-10
1.2844278e-10
1.2833076e-10
1.2526746e-10
1.2513347e-10
1.251334e-10
1.2507345e-10
1.282796e-10
1.2828313e-10
1.2824862e-10
1.2508008e-10
1.250532e-10
1.2505292e-10
1.2504247e-10
1.282341e-10
1.2824383e-10
1.2823393e-10
1.2504525e-10
1.2503925e-10
1.250411e-10
1.2503936e-10
1.2822047e-10
1.2823636e-10
1.2823368e-10
1.2503838e-10
1.2503671e-10
1.2504019e-10
1.2504016e-10
1.2821767e-10
1.2823557e-10
1.2823525e-10
1.2503667e-10
1.250363e-10
1.250407e-10
1.2504073e-10
1.2822112e-10
1.282352e-10
1.2823573e-10
1.250363e-10
1.2503668e-10
1.2504072e-10
1.250407e-10
1.2823307e-10
1.2823369e-10
1.2823658e-10
1.2503669e-10
1.2503839e-10
1.2504014e-10
1.2504022e-10
1.2826359e-10
1.282339e-10
1.2824405e-10
1.2503928e-10
1.2504541e-10
1.2503938e-10
1.2504118e-10
1.2835216e-10
1.2824846e-10
1.2828373e-10
1.2505327e-10
1.2508026e-10
1.2504261e-10
1.250532e-10
1.2864943e-10
1.2833175e-10
1.2844601e-10
1.2513436e-10
1.2527157e-10
1.2507402e-10
1.2513538e-10
1.2928023e-10
1.2865083e-10
1.2896165e-10
1.2555124e-10
1.260868e-10
1.2526692e-10
1.2554983e-10
1.3082857e-10
1.2951803e-10
1.3001774e-10
1.2694576e-10
1.2811972e-10
1.2607439e-10
1.2694657e-10
1.2244293e-10
1.2981218e-10
1.2814214e-10
1.2929132e-10
1.2930785e-10
1.2819799e-10
1.294721e-10
1.5546623e-10
1.3712e-10
1.2771921e-10
1.2676936e-10
1.3495273e-10
1.2944005e-10
1.2116158e-10
1.2690698e-10
1.213941e-10
1.284475e-10
1.2534452e-10
1.2943595e-10
1.2757884e-10
1.2884123e-10
1.2921453e-10
1.2935935e-10
1.2883969e-10
1.2868079e-10
1.2725696e-10
1.2779748e-10
1.2654954e-10
1.2897198e-10
1.2864221e-10
1.2867857e-10
1.2620676e-10
1.2559427e-10
1.2575509e-10
1.2534064e-10
1.2844327e-10
1.284467e-10
1.2833593e-10
1.2528412e-10
1.251374e-10
1.2515572e-10
1.2507879e-10
1.2828294e-10
1.2827907e-10
1.2824838e-10
1.2507996e-10
1.25053e-10
1.2505312e-10
1.2504251e-10
1.2824561e-10
1.2824554e-10
1.282385e-10
1.2504665e-10
1.2504187e-10
1.2504186e-10
1.2504112e-10
1.2823972e-10
1.2824475e-10
1.2824425e-10
1.2504277e-10
1.2504189e-10
1.250431e-10
1.2504382e-10
1.2824021e-10
1.2824946e-10
1.2825021e-10
1.2504314e-10
1.2504314e-10
1.2504538e-10
1.2504608e-10
1.2824161e-10
1.2825287e-10
1.2825329e-10
1.2504383e-10
1.250438e-10
1.2504688e-10
1.2504709e-10
1.28243e-10
1.2825324e-10
1.2825293e-10
1.2504381e-10
1.2504383e-10
1.2504708e-10
1.2504689e-10
1.2824528e-10
1.2825009e-10
1.2824949e-10
1.2504319e-10
1.2504323e-10
1.2504614e-10
1.2504546e-10
1.2825159e-10
1.2824418e-10
1.2824485e-10
1.2504191e-10
1.2504285e-10
1.2504381e-10
1.250432e-10
1.2827351e-10
1.2823849e-10
1.282459e-10
1.2504194e-10
1.2504682e-10
1.2504121e-10
1.2504198e-10
1.2835329e-10
1.2824867e-10
1.2828007e-10
1.2505325e-10
1.2508085e-10
1.2504262e-10
1.2505342e-10
1.2863557e-10
1.2833738e-10
1.2844867e-10
1.2513932e-10
1.2528801e-10
1.2507925e-10
1.2515677e-10
1.2912198e-10
1.286834e-10
1.2864974e-10
1.2559968e-10
1.2621365e-10
1.2534215e-10
1.2575776e-10
1.2420999e-10
1.2886839e-10
1.2942633e-10
1.272769e-10
1.2868814e-10
1.2656256e-10
1.277813e-10
1.2160497e-10
1.2872402e-10
1.2198035e-10
1.2963837e-10
1.2689442e-10
1.2902833e-10
1.2782002e-10
1.3456343e-10
1.530905e-10
1.3484568e-10
1.2031766e-10
1.2289146e-10
1.3228637e-10
1.2653437e-10
1.2875728e-10
1.2088525e-10
1.2818908e-10
1.2838427e-10
1.2825757e-10
1.2845162e-10
1.276472e-10
1.2886728e-10
1.291555e-10
1.2896432e-10
1.2705617e-10
1.2605592e-10
1.2648769e-10
1.2571587e-10
1.2848255e-10
1.285353e-10
1.283877e-10
1.2547693e-10
1.2520515e-10
1.2530367e-10
1.251285e-10
1.2828194e-10
1.2827484e-10
1.2824792e-10
1.2509629e-10
1.2505545e-10
1.2506345e-10
1.2504286e-10
1.282435e-10
1.2823362e-10
1.2823368e-10
1.2504507e-10
1.2504103e-10
1.2503907e-10
1.2503933e-10
1.2824458e-10
1.2823952e-10
1.2824408e-10
1.2504274e-10
1.2504305e-10
1.2504188e-10
1.2504376e-10
1.2825122e-10
1.282512e-10
1.2825536e-10
1.2504538e-10
1.2504626e-10
1.250462e-10
1.2504786e-10
1.2825642e-10
1.2826036e-10
1.2826314e-10
1.2504783e-10
1.2504848e-10
1.2504947e-10
1.2505046e-10
1.2825922e-10
1.2826558e-10
1.282666e-10
1.2504922e-10
1.2504941e-10
1.250513e-10
1.2505164e-10
1.2825939e-10
1.2826655e-10
1.2826563e-10
1.2504941e-10
1.2504922e-10
1.2505163e-10
1.250513e-10
1.2825735e-10
1.2826316e-10
1.2826063e-10
1.2504848e-10
1.2504785e-10
1.2505046e-10
1.2504947e-10
1.2825378e-10
1.2825549e-10
1.2825146e-10
1.2504627e-10
1.2504554e-10
1.2504786e-10
1.2504628e-10
1.2825185e-10
1.2824422e-10
1.2824003e-10
1.2504319e-10
1.2504285e-10
1.2504383e-10
1.2504199e-10
1.2826397e-10
1.2823395e-10
1.2823442e-10
1.2504115e-10
1.250454e-10
1.2503948e-10
1.2503937e-10
1.2834686e-10
1.2824866e-10
1.2827626e-10
1.2505574e-10
1.2509665e-10
1.2504302e-10
1.2506338e-10
1.2850871e-10
1.2839011e-10
1.2853989e-10
1.2520566e-10
1.2547847e-10
1.2512868e-10
1.2530474e-10
1.2947336e-10
1.2898013e-10
1.2919034e-10
1.260688e-10
1.2710046e-10
1.2572179e-10
1.2650812e-10
1.2191732e-10
1.2828582e-10
1.2105913e-10
1.2846114e-10
1.2872913e-10
1.2770503e-10
1.2858634e-10
1.3111006e-10
1.3486867e-10
1.5160198e-10
1.2383903e-10
1.1883394e-10
1.2662108e-10
1.3131429e-10
1.3056989e-10
1.1895796e-10
1.3024752e-10
1.0955164e-10
1.2447446e-10
1.1334572e-10
1.2460112e-10
1.2746442e-10
1.1904543e-10
1.2704032e-10
1.2732107e-10
1.2683057e-10
1.2673822e-10
1.2630993e-10
1.2868879e-10
1.2840552e-10
1.2853341e-10
1.2600558e-10
1.2547017e-10
1.2570174e-10
1.2531874e-10
1.2830925e-10
1.2830836e-10
1.2826916e-10
1.2519308e-10
1.2508478e-10
1.251274e-10
1.2505993e-10
1.2823338e-10
1.2821326e-10
1.282225e-10
1.250473e-10
1.2503812e-10
1.2503739e-10
1.2503504e-10
1.282359e-10
1.2822006e-10
1.2823345e-10
1.2503805e-10
1.2504003e-10
1.2503642e-10
1.2503989e-10
1.2824917e-10
1.2823994e-10
1.2825003e-10
1.2504304e-10
1.250453e-10
1.2504294e-10
1.2504588e-10
1.282603e-10
1.282564e-10
1.2826314e-10
1.2504777e-10
1.2504945e-10
1.2504836e-10
1.2505039e-10
1.282675e-10
1.2826744e-10
1.282713e-10
1.2505104e-10
1.2505206e-10
1.2505199e-10
1.2505321e-10
1.2827061e-10
1.2827349e-10
1.2827472e-10
1.2505287e-10
1.250532e-10
1.2505397e-10
1.2505436e-10
1.2826999e-10
1.2827467e-10
1.2827356e-10
1.2505319e-10
1.2505288e-10
1.2505436e-10
1.2505398e-10
1.2826581e-10
1.2827131e-10
1.2826765e-10
1.2505206e-10
1.2505106e-10
1.2505321e-10
1.2505206e-10
1.2825748e-10
1.2826322e-10
1.2825679e-10
1.2504947e-10
1.2504786e-10
1.2505046e-10
1.2504851e-10
1.2824557e-10
1.2825031e-10
1.2824061e-10
1.2504545e-10
1.2504331e-10
1.2504615e-10
1.2504324e-10
1.2823337e-10
1.2823395e-10
1.2822117e-10
1.2504032e-10
1.2503849e-10
1.2504014e-10
1.2503678e-10
1.2824291e-10
1.2822333e-10
1.2821464e-10
1.250385e-10
1.2504769e-10
1.2503537e-10
1.2503769e-10
1.2839829e-10
1.2826964e-10
1.2830808e-10
1.2508495e-10
1.2519273e-10
1.2505954e-10
1.2512518e-10
1.2869826e-10
1.2853092e-10
1.2839891e-10
1.2547008e-10
1.2601477e-10
1.2531283e-10
1.2569188e-10
1.1969602e-10
1.2702979e-10
1.1904874e-10
1.268647e-10
1.2744141e-10
1.262743e-10
1.2669268e-10
1.1600584e-10
1.3021698e-10
1.1828824e-10
1.2469423e-10
1.0987956e-10
1.2482586e-10
1.1339988e-10
1.3163617e-10
1.2533301e-10
1.326834e-10
1.1672249e-10
1.2557164e-10
1.1880593e-10
1.2613063e-10
1.2693055e-10
1.1955981e-10
1.2697184e-10
1.2671932e-10
1.2615295e-10
1.2688657e-10
1.2613811e-10
1.284235e-10
1.2823189e-10
1.2839802e-10
1.2556341e-10
1.2524452e-10
1.2552411e-10
1.252199e-10
1.2823911e-10
1.2823203e-10
1.282303e-10
1.2509448e-10
1.2504769e-10
1.2508241e-10
1.2504303e-10
1.2821824e-10
1.281943e-10
1.282161e-10
1.2503312e-10
1.2503407e-10
1.2503103e-10
1.2503335e-10
1.2823502e-10
1.28217e-10
1.282347e-10
1.2503639e-10
1.250404e-10
1.2503601e-10
1.2504053e-10
1.2825252e-10
1.2824115e-10
1.2825302e-10
1.2504361e-10
1.2504674e-10
1.2504373e-10
1.2504702e-10
1.2826546e-10
1.2825893e-10
1.2826639e-10
1.2504914e-10
1.2505123e-10
1.2504935e-10
1.2505156e-10
1.2827336e-10
1.2827045e-10
1.282746e-10
1.2505281e-10
1.2505398e-10
1.2505313e-10
1.2505437e-10
1.2827677e-10
1.2827669e-10
1.2827801e-10
1.2505467e-10
1.2505506e-10
1.2505506e-10
1.2505547e-10
1.2827572e-10
1.2827795e-10
1.2827683e-10
1.2505505e-10
1.2505468e-10
1.2505546e-10
1.2505507e-10
1.2827003e-10
1.2827467e-10
1.2827071e-10
1.2505397e-10
1.2505289e-10
1.2505435e-10
1.2505322e-10
1.2825962e-10
1.282666e-10
1.2825949e-10
1.250513e-10
1.2504924e-10
1.2505162e-10
1.2504944e-10
1.2824329e-10
1.282534e-10
1.2824198e-10
1.2504688e-10
1.2504386e-10
1.2504709e-10
1.250439e-10
1.2822159e-10
1.2823541e-10
1.2821842e-10
1.2504075e-10
1.2503682e-10
1.2504086e-10
1.2503653e-10
1.2820366e-10
1.2821739e-10
1.2819654e-10
1.2503445e-10
1.2503346e-10
1.2503396e-10
1.250315e-10
1.282501e-10
1.282313e-10
1.28232e-10
1.2504719e-10
1.2509138e-10
1.2504262e-10
1.2507927e-10
1.2823854e-10
1.2839257e-10
1.282203e-10
1.2523395e-10
1.2553815e-10
1.252084e-10
1.2549771e-10
1.1925682e-10
1.2695793e-10
1.195849e-10
1.2608735e-10
1.266022e-10
1.260682e-10
1.2679034e-10
1.2250071e-10
1.3281919e-10
1.2530409e-10
1.2570273e-10
1.1629652e-10
1.262836e-10
1.1869402e-10
1.3258908e-10
1.2281887e-10
1.3148402e-10
1.1820841e-10
1.2599611e-10
1.1671053e-10
1.2544806e-10
1.2694746e-10
1.1918811e-10
1.2688409e-10
1.2683162e-10
1.2612787e-10
1.2668873e-10
1.2611345e-10
1.2838925e-10
1.2822175e-10
1.2841144e-10
1.2551835e-10
1.2521614e-10
1.2554032e-10
1.2523409e-10
1.2822774e-10
1.2824269e-10
1.2823627e-10
1.2508086e-10
1.2504232e-10
1.2508972e-10
1.2504583e-10
1.2821525e-10
1.2819988e-10
1.2821755e-10
1.2503069e-10
1.2503323e-10
1.2503227e-10
1.2503368e-10
1.2823428e-10
1.2821952e-10
1.2823467e-10
1.2503593e-10
1.2504048e-10
1.2503627e-10
1.2504037e-10
1.2825285e-10
1.282422e-10
1.2825243e-10
1.2504364e-10
1.2504693e-10
1.2504353e-10
1.2504666e-10
1.282663e-10
1.2825894e-10
1.2826538e-10
1.2504933e-10
1.2505148e-10
1.2504914e-10
1.2505116e-10
1.2827447e-10
1.2826971e-10
1.2827329e-10
1.2505306e-10
1.2505436e-10
1.2505274e-10
1.2505398e-10
1.2827796e-10
1.2827546e-10
1.2827667e-10
1.2505505e-10
1.2505546e-10
1.2505466e-10
1.2505506e-10
1.2827679e-10
1.2827667e-10
1.2827575e-10
1.2505546e-10
1.2505507e-10
1.2505505e-10
1.2505469e-10
1.2827065e-10
1.2827348e-10
1.2827004e-10
1.2505435e-10
1.250532e-10
1.2505397e-10
1.2505289e-10
1.282594e-10
1.2826556e-10
1.2825952e-10
1.2505162e-10
1.2504942e-10
1.250513e-10
1.2504923e-10
1.282419e-10
1.2825298e-10
1.2824335e-10
1.2504708e-10
1.2504388e-10
1.2504688e-10
1.2504384e-10
1.2821826e-10
1.282359e-10
1.2822162e-10
1.2504083e-10
1.2503647e-10
1.2504073e-10
1.2503684e-10
1.2819614e-10
1.2821995e-10
1.2820391e-10
1.2503389e-10
1.2503146e-10
1.2503444e-10
1.2503345e-10
1.2823224e-10
1.2824153e-10
1.2825217e-10
1.2504261e-10
1.2507969e-10
1.2504737e-10
1.2509198e-10
1.2822807e-10
1.2842703e-10
1.2825614e-10
1.2521069e-10
1.2550521e-10
1.2523804e-10
1.255524e-10
1.1964218e-10
1.269618e-10
1.1938212e-10
1.2609358e-10
1.2689025e-10
1.2614448e-10
1.2680358e-10
1.2535482e-10
1.3185374e-10
1.2269235e-10
1.2641277e-10
1.1927526e-10
1.2600299e-10
1.1758249e-10
1.299226e-10
1.1512902e-10
1.2997895e-10
1.1256714e-10
1.2473974e-10
1.0854445e-10
1.2455369e-10
1.2693738e-10
1.1932879e-10
1.2735667e-10
1.2651906e-10
1.2624911e-10
1.2693265e-10
1.2672593e-10
1.2850169e-10
1.2861618e-10
1.2865954e-10
1.2565708e-10
1.2529786e-10
1.2594757e-10
1.2543882e-10
1.282607e-10
1.2837651e-10
1.2830142e-10
1.2511794e-10
1.2505615e-10
1.2518099e-10
1.2507973e-10
1.2822001e-10
1.2823576e-10
1.2823075e-10
1.2503575e-10
1.2503428e-10
1.2504523e-10
1.2503728e-10
1.2823229e-10
1.282303e-10
1.2823483e-10
1.2503608e-10
1.2503977e-10
1.2503764e-10
1.2503979e-10
1.2824954e-10
1.2824403e-10
1.2824873e-10
1.2504288e-10
1.2504585e-10
1.2504285e-10
1.2504521e-10
1.2826278e-10
1.2825656e-10
1.2826007e-10
1.2504833e-10
1.2505038e-10
1.2504773e-10
1.2504938e-10
1.2827104e-10
1.2826518e-10
1.2826729e-10
1.2505198e-10
1.2505319e-10
1.2505098e-10
1.2505199e-10
1.2827449e-10
1.2826972e-10
1.2827054e-10
1.2505396e-10
1.2505437e-10
1.2505274e-10
1.2505308e-10
1.2827343e-10
1.2827044e-10
1.2826989e-10
1.2505436e-10
1.2505397e-10
1.2505313e-10
1.2505288e-10
1.2826749e-10
1.2826739e-10
1.2826555e-10
1.2505319e-10
1.2505205e-10
1.2505204e-10
1.2505105e-10
1.2825647e-10
1.2826034e-10
1.2825726e-10
1.2505044e-10
1.2504848e-10
1.2504944e-10
1.2504783e-10
1.282403e-10
1.2824938e-10
1.2824524e-10
1.2504612e-10
1.2504317e-10
1.2504543e-10
1.2504324e-10
1.2822066e-10
1.2823641e-10
1.2823299e-10
1.2504006e-10
1.2503668e-10
1.2504025e-10
1.2503836e-10
1.2821389e-10
1.2823446e-10
1.2824237e-10
1.2503525e-10
1.2503741e-10
1.250384e-10
1.2504742e-10
1.2830787e-10
1.2831298e-10
1.2839882e-10
1.2505928e-10
1.2512445e-10
1.2508437e-10
1.2519183e-10
1.2840842e-10
1.2870351e-10
1.2869707e-10
1.2531251e-10
1.2569329e-10
1.2546674e-10
1.2600332e-10
1.1912717e-10
1.2750515e-10
1.1966641e-10
1.2632078e-10
1.2675276e-10
1.2681754e-10
1.2730005e-10
1.1839923e-10
1.3055367e-10
1.1591121e-10
1.2520517e-10
1.1413704e-10
1.2485992e-10
1.10421e-10
1.3400293e-10
1.3488796e-10
1.3664932e-10
1.3108597e-10
1.2585039e-10
1.2270766e-10
1.2377379e-10
1.2810261e-10
1.2193011e-10
1.2889108e-10
1.2826233e-10
1.275479e-10
1.2870682e-10
1.2830451e-10
1.2892428e-10
1.293888e-10
1.2884717e-10
1.2643101e-10
1.2568179e-10
1.2701343e-10
1.26033e-10
1.2837396e-10
1.2847606e-10
1.2846783e-10
1.252891e-10
1.251221e-10
1.2545991e-10
1.2519676e-10
1.2824332e-10
1.2833415e-10
1.2827614e-10
1.2506035e-10
1.2504147e-10
1.250919e-10
1.2505326e-10
1.2823202e-10
1.28259e-10
1.2824144e-10
1.250383e-10
1.2503881e-10
1.2504389e-10
1.2504029e-10
1.2824331e-10
1.2824964e-10
1.282437e-10
1.2504149e-10
1.2504356e-10
1.2504224e-10
1.2504283e-10
1.2825498e-10
1.2825274e-10
1.2825085e-10
1.2504609e-10
1.2504771e-10
1.2504519e-10
1.2504612e-10
1.2826284e-10
1.2825674e-10
1.282563e-10
1.2504938e-10
1.2505039e-10
1.2504775e-10
1.2504835e-10
1.2826635e-10
1.2825904e-10
1.2825905e-10
1.2505115e-10
1.2505149e-10
1.2504915e-10
1.2504936e-10
1.2826542e-10
1.2825888e-10
1.2825926e-10
1.2505154e-10
1.2505129e-10
1.2504934e-10
1.2504915e-10
1.2826029e-10
1.2825638e-10
1.2825713e-10
1.2505044e-10
1.2504945e-10
1.2504833e-10
1.2504775e-10
1.2825114e-10
1.2825108e-10
1.2825347e-10
1.2504783e-10
1.2504623e-10
1.2504618e-10
1.250454e-10
1.2823941e-10
1.2824448e-10
1.2825104e-10
1.2504376e-10
1.2504186e-10
1.250431e-10
1.2504266e-10
1.282333e-10
1.2824331e-10
1.2826213e-10
1.2503931e-10
1.250391e-10
1.2504092e-10
1.2504493e-10
1.2827452e-10
1.2828125e-10
1.2834337e-10
1.2504279e-10
1.250631e-10
1.2505511e-10
1.2509588e-10
1.2854218e-10
1.2848713e-10
1.2851434e-10
1.2512907e-10
1.2530708e-10
1.2520651e-10
1.2548733e-10
1.29203e-10
1.2892843e-10
1.2953423e-10
1.2572824e-10
1.2651967e-10
1.2609866e-10
1.2717766e-10
1.2098412e-10
1.2909028e-10
1.219404e-10
1.2769103e-10
1.2852177e-10
1.2863757e-10
1.2906878e-10
1.4970672e-10
1.3537407e-10
1.2911594e-10
1.2607813e-10
1.3376302e-10
1.2397352e-10
1.2157132e-10
1.285602e-10
1.2155931e-10
1.2713667e-10
1.2743439e-10
1.2886e-10
1.2681812e-10
1.296618e-10
1.2879289e-10
1.2407782e-10
1.2913049e-10
1.2769925e-10
1.2652223e-10
1.285577e-10
1.2719403e-10
1.2864869e-10
1.2903697e-10
1.2892215e-10
1.257277e-10
1.2532471e-10
1.2615018e-10
1.2556087e-10
1.2832522e-10
1.2860001e-10
1.2842662e-10
1.2514743e-10
1.2507462e-10
1.2526715e-10
1.2512909e-10
1.2824501e-10
1.2834173e-10
1.2827771e-10
1.2505106e-10
1.2504131e-10
1.2507605e-10
1.2505097e-10
1.2823715e-10
1.2826968e-10
1.2824387e-10
1.2504115e-10
1.2504078e-10
1.2504554e-10
1.2504127e-10
1.2824362e-10
1.2825004e-10
1.2823908e-10
1.2504282e-10
1.250436e-10
1.2504236e-10
1.250416e-10
1.2824994e-10
1.2824441e-10
1.2823988e-10
1.2504522e-10
1.2504589e-10
1.2504291e-10
1.2504296e-10
1.2825301e-10
1.2824249e-10
1.2824141e-10
1.2504674e-10
1.2504703e-10
1.2504363e-10
1.2504377e-10
1.2825269e-10
1.2824104e-10
1.2824267e-10
1.25047e-10
1.2504674e-10
1.2504379e-10
1.2504376e-10
1.2824913e-10
1.2823975e-10
1.2824473e-10
1.2504586e-10
1.2504527e-10
1.2504295e-10
1.2504301e-10
1.2824424e-10
1.2823903e-10
1.2825068e-10
1.2504368e-10
1.2504301e-10
1.2504178e-10
1.2504263e-10
1.2824464e-10
1.2824483e-10
1.2827167e-10
1.2504105e-10
1.2504167e-10
1.2504171e-10
1.2504637e-10
1.2827637e-10
1.282812e-10
1.2834684e-10
1.2504214e-10
1.2505236e-10
1.250524e-10
1.2507828e-10
1.2843891e-10
1.2843487e-10
1.2861124e-10
1.2507702e-10
1.2515234e-10
1.2513288e-10
1.2527269e-10
1.2864673e-10
1.2894452e-10
1.2907836e-10
1.2533744e-10
1.257637e-10
1.2557253e-10
1.2618167e-10
1.2951876e-10
1.2921864e-10
1.2424986e-10
1.2660829e-10
1.2797475e-10
1.2726602e-10
1.2878525e-10
1.2195058e-10
1.2733169e-10
1.2149623e-10
1.2939385e-10
1.2835868e-10
1.3005317e-10
1.2768281e-10
1.3697149e-10
1.5470601e-10
1.3461727e-10
1.2292966e-10
1.292708e-10
1.3598685e-10
1.2609363e-10
1.2959276e-10
1.2216659e-10
1.301314e-10
1.2919921e-10
1.2795917e-10
1.2893193e-10
1.2882219e-10
1.2940197e-10
1.3053124e-10
1.297156e-10
1.2679022e-10
1.2598521e-10
1.2776487e-10
1.2675857e-10
1.286125e-10
1.2916918e-10
1.2892744e-10
1.2550476e-10
1.2524498e-10
1.2599059e-10
1.2550662e-10
1.2832168e-10
1.2861959e-10
1.284291e-10
1.2512596e-10
1.2506991e-10
1.2525301e-10
1.2512639e-10
1.2824589e-10
1.28344e-10
1.2827556e-10
1.2505111e-10
1.2504162e-10
1.2507649e-10
1.2505166e-10
1.282331e-10
1.2826101e-10
1.2823315e-10
1.2504059e-10
1.2503904e-10
1.250445e-10
1.2503893e-10
1.2823333e-10
1.2823187e-10
1.2822037e-10
1.2503991e-10
1.2503991e-10
1.2503808e-10
1.2503654e-10
1.2823484e-10
1.2822033e-10
1.2821757e-10
1.2504047e-10
1.250406e-10
1.2503651e-10
1.2503618e-10
1.2823507e-10
1.2821692e-10
1.2822056e-10
1.2504061e-10
1.2504059e-10
1.2503614e-10
1.2503653e-10
1.2823562e-10
1.2821946e-10
1.2823178e-10
1.2503991e-10
1.2504001e-10
1.250364e-10
1.2503809e-10
1.2824269e-10
1.2823236e-10
1.282613e-10
1.2503914e-10
1.2504079e-10
1.2503886e-10
1.250447e-10
1.2828082e-10
1.2827696e-10
1.2834817e-10
1.2504219e-10
1.2505247e-10
1.2505245e-10
1.2507906e-10
1.2843491e-10
1.2843917e-10
1.2863562e-10
1.2507256e-10
1.2513069e-10
1.251321e-10
1.2526469e-10
1.2891013e-10
1.2895242e-10
1.2919534e-10
1.2525198e-10
1.2551252e-10
1.2552331e-10
1.2600965e-10
1.2988817e-10
1.2974422e-10
1.3056668e-10
1.2599479e-10
1.2682162e-10
1.2677504e-10
1.278082e-10
1.2804298e-10
1.3019663e-10
1.2228284e-10
1.2800841e-10
1.2937851e-10
1.2888733e-10
1.2923986e-10
1.2804516e-10
1.34739e-10
1.5385954e-10
1.2918997e-10
1.2167875e-10
1.2691523e-10
1.3470815e-10
1.2936982e-10
1.1848067e-10
1.2941887e-10
1.2641688e-10
1.2953284e-10
1.2106607e-10
1.300773e-10
1.3039794e-10
1.271704e-10
1.3203787e-10
1.2934505e-10
1.2809937e-10
1.3146276e-10
1.3016597e-10
1.2949419e-10
1.309819e-10
1.2990632e-10
1.2688888e-10
1.2601736e-10
1.2834258e-10
1.2690527e-10
1.2861868e-10
1.291947e-10
1.289127e-10
1.2551003e-10
1.252474e-10
1.2600683e-10
1.2551281e-10
1.2833035e-10
1.2861273e-10
1.2843951e-10
1.2513104e-10
1.2507624e-10
1.2527307e-10
1.2515273e-10
1.2824757e-10
1.2834314e-10
1.2827596e-10
1.2505479e-10
1.2504289e-10
1.2509613e-10
1.2506402e-10
1.2822301e-10
1.2824208e-10
1.2821491e-10
1.2503835e-10
1.2503525e-10
1.2504811e-10
1.250379e-10
1.2821677e-10
1.2820243e-10
1.2819571e-10
1.2503417e-10
1.2503352e-10
1.2503331e-10
1.2503115e-10
1.2821885e-10
1.2819428e-10
1.2820239e-10
1.2503342e-10
1.2503405e-10
1.2503082e-10
1.2503294e-10
1.2823291e-10
1.2821172e-10
1.2823992e-10
1.2503483e-10
1.2503803e-10
1.25037e-10
1.2504694e-10
1.282792e-10
1.2827077e-10
1.2833878e-10
1.2504224e-10
1.2505433e-10
1.2506173e-10
1.2509326e-10
1.284378e-10
1.2843729e-10
1.2861801e-10
1.2507684e-10
1.2513489e-10
1.2515031e-10
1.2527694e-10
1.2896448e-10
1.2894188e-10
1.2925045e-10
1.2525909e-10
1.2553586e-10
1.2553473e-10
1.260596e-10
1.2993637e-10
1.3001172e-10
1.3110727e-10
1.2605961e-10
1.2693959e-10
1.2701074e-10
1.2849049e-10
1.3107631e-10
1.3213322e-10
1.272093e-10
1.2812478e-10
1.2931285e-10
1.3022684e-10
1.3141268e-10
1.2016965e-10
1.2948846e-10
1.1880979e-10
1.2974453e-10
1.2637919e-10
1.2976196e-10
1.2123472e-10
1.3331368e-10
1.2898043e-10
1.3367671e-10
1.3336643e-10
1.325859e-10
1.3079084e-10
1.3315508e-10
1.3048555e-10
1.27366e-10
1.3125274e-10
1.3026388e-10
1.2818662e-10
1.3175945e-10
1.2959383e-10
1.2943699e-10
1.3066646e-10
1.2990835e-10
1.2682008e-10
1.2600411e-10
1.2791788e-10
1.2683609e-10
1.2867151e-10
1.2908075e-10
1.2864143e-10
1.25573e-10
1.2533691e-10
1.2617965e-10
1.2576075e-10
1.2839384e-10
1.2851388e-10
1.2855003e-10
1.2520834e-10
1.2513223e-10
1.2549095e-10
1.2531612e-10
1.2827315e-10
1.2840522e-10
1.2831667e-10
1.2508758e-10
1.2506127e-10
1.2520159e-10
1.2513151e-10
1.2823202e-10
1.2825437e-10
1.2823519e-10
1.2504793e-10
1.2504265e-10
1.2509517e-10
1.2508114e-10
1.282401e-10
1.2823039e-10
1.2824967e-10
1.2504203e-10
1.2504674e-10
1.2507939e-10
1.2509138e-10
1.2830923e-10
1.2830396e-10
1.2839392e-10
1.2505904e-10
1.25084e-10
1.2512509e-10
1.2519251e-10
1.2847377e-10
1.2852649e-10
1.2848462e-10
1.2512558e-10
1.251978e-10
1.2529912e-10
1.2546195e-10
1.2894623e-10
1.2860723e-10
1.290567e-10
1.2532507e-10
1.2557096e-10
1.2572182e-10
1.2615191e-10
1.2986811e-10
1.2994825e-10
1.3076358e-10
1.2603531e-10
1.2689984e-10
1.2685836e-10
1.2802339e-10
1.3236491e-10
1.3148106e-10
1.2775995e-10
1.2838366e-10
1.30574e-10
1.2982868e-10
1.3232761e-10
1.3393843e-10
1.3406805e-10
1.2894983e-10
1.3280283e-10
1.3354692e-10
1.3413836e-10
1.3143863e-10
1.297042e-10
1.1869269e-10
1.207132e-10
1.3090972e-10
1.2993731e-10
1.2192832e-10
1.2724327e-10
1.2966294e-10
1.2233124e-10
1.2793115e-10
1.2901135e-10
1.2800287e-10
1.2907871e-10
1.2918165e-10
1.2886991e-10
1.2417033e-10
1.2945272e-10
1.2723121e-10
1.2658234e-10
1.2870709e-10
1.2790789e-10
1.2900726e-10
1.2950123e-10
1.2922844e-10
1.2610012e-10
1.257529e-10
1.2716507e-10
1.2658167e-10
1.2855551e-10
1.2873163e-10
1.2844495e-10
1.254935e-10
1.2533196e-10
1.2607013e-10
1.2574088e-10
1.2840539e-10
1.2827864e-10
1.2824792e-10
1.2524889e-10
1.252173e-10
1.2558158e-10
1.2552558e-10
1.2842408e-10
1.2823015e-10
1.2824302e-10
1.2521172e-10
1.2523633e-10
1.2551165e-10
1.2554496e-10
1.2869815e-10
1.2839713e-10
1.2869571e-10
1.2531487e-10
1.2547295e-10
1.2569649e-10
1.2602708e-10
1.2886384e-10
1.2917077e-10
1.2943323e-10
1.2571623e-10
1.2604102e-10
1.2651568e-10
1.2706695e-10
1.2912558e-10
1.2933507e-10
1.2403215e-10
1.2649526e-10
1.2714117e-10
1.2769659e-10
1.2844542e-10
1.3039572e-10
1.2794097e-10
1.2252054e-10
1.2803945e-10
1.2902038e-10
1.2904893e-10
1.2946697e-10
1.3026825e-10
1.2070767e-10
1.1933379e-10
1.3017775e-10
1.3160663e-10
1.2690941e-10
1.2325037e-10
1.3667698e-10
1.5491112e-10
1.2722375e-10
1.2604607e-10
1.2867738e-10
1.3632937e-10
1.1970601e-10
1.2868638e-10
1.2154284e-10
1.2176607e-10
1.2969834e-10
1.291428e-10
1.2685461e-10
1.2787324e-10
1.2830721e-10
1.2175955e-10
1.209306e-10
1.2849908e-10
1.2782745e-10
1.2868964e-10
1.2870342e-10
1.2711956e-10
1.1962209e-10
1.1914481e-10
1.2693451e-10
1.2640647e-10
1.2728975e-10
1.26875e-10
1.2702099e-10
1.1944415e-10
1.196761e-10
1.2620412e-10
1.261528e-10
1.2693701e-10
1.2696751e-10
1.2692171e-10
1.1961558e-10
1.1925251e-10
1.2611266e-10
1.2610425e-10
1.2687655e-10
1.2666901e-10
1.2749768e-10
1.1900319e-10
1.1962491e-10
1.263103e-10
1.2687333e-10
1.2659063e-10
1.2734296e-10
1.2897202e-10
1.2092818e-10
1.2196986e-10
1.2775148e-10
1.2848762e-10
1.2858956e-10
1.2896032e-10
1.2707429e-10
1.2191244e-10
1.2155838e-10
1.2897583e-10
1.2948594e-10
1.2789641e-10
1.2645728e-10
1.3499194e-10
1.2783155e-10
1.5538227e-10
1.2876323e-10
1.2608057e-10
1.2160789e-10
1.3635571e-10
1.3445846e-10
1.3035499e-10
1.5121826e-10
1.2373649e-10
1.2682122e-10
1.1899926e-10
1.3287677e-10
1.3040894e-10
1.1559432e-10
1.1883383e-10
1.248883e-10
1.2507508e-10
1.1044096e-10
1.1425875e-10
1.3294364e-10
1.2310961e-10
1.2542085e-10
1.2608317e-10
1.2657239e-10
1.17805e-10
1.1923159e-10
1.3158837e-10
1.2524664e-10
1.2264229e-10
1.2656114e-10
1.2543987e-10
1.1899675e-10
1.1654325e-10
1.3052826e-10
1.1893537e-10
1.1638748e-10
1.2436365e-10
1.2509602e-10
1.1257967e-10
1.0966586e-10
1.3612966e-10
1.4829512e-10
1.319896e-10
1.2685098e-10
1.2498399e-10
1.3156386e-10
1.235291e-10
1.247141e-10
1.3230154e-10
1.3230662e-10
1.2234109e-10
1.2340404e-10
1.3019895e-10
1.3174301e-10
1.3333699e-10
1.3429555e-10
1.3455726e-10
1.2482563e-10
1.2432878e-10
1.3305744e-10
1.3260854e-10
1.3114122e-10
1.325044e-10
1.3163083e-10
1.2319954e-10
1.2325499e-10
1.3176989e-10
1.3127275e-10
1.3301451e-10
1.3170822e-10
1.3188652e-10
1.2427901e-10
1.2498272e-10
1.3140444e-10
1.3158916e-10
1.3183933e-10
1.3184437e-10
1.3168218e-10
1.2494585e-10
1.2416743e-10
1.3157404e-10
1.3136857e-10
1.3050937e-10
1.3166134e-10
1.3262709e-10
1.2318027e-10
1.2325737e-10
1.3126362e-10
1.3178996e-10
1.3100889e-10
1.3470461e-10
1.3410626e-10
1.2429173e-10
1.2453126e-10
1.3260946e-10
1.32907e-10
1.1924959e-10
1.3268698e-10
1.321729e-10
1.2324666e-10
1.2207948e-10
1.3172663e-10
1.3005861e-10
1.1985688e-10
1.2680732e-10
1.3580596e-10
1.1897175e-10
1.2052213e-10
1.3121225e-10
1.3220292e-10
1.3239578e-10
1.3609546e-10
1.3431168e-10
1.2456484e-10
1.3160284e-10
1.3441839e-10
1.3404747e-10
1.3340908e-10
1.3320713e-10
1.3193604e-10
1.2828525e-10
1.3377594e-10
1.3382403e-10
1.3329909e-10
1.3253571e-10
1.3097082e-10
1.3012641e-10
1.3429023e-10
1.3393833e-10
1.3325211e-10
1.3304405e-10
1.3018523e-10
1.2929653e-10
1.2861508e-10
1.331154e-10
1.3251057e-10
1.3244258e-10
1.319459e-10
1.2990001e-10
1.2827968e-10
1.2819643e-10
1.3230867e-10
1.3229367e-10
1.3167053e-10
1.3158042e-10
1.2979824e-10
1.2813339e-10
1.2825263e-10
1.3227024e-10
1.3225033e-10
1.3155936e-10
1.3164637e-10
1.3123793e-10
1.2856153e-10
1.2919424e-10
1.3249563e-10
1.3313935e-10
1.3190889e-10
1.3240578e-10
1.3321613e-10
1.3015215e-10
1.3098055e-10
1.3395734e-10
1.342348e-10
1.3303875e-10
1.3321363e-10
1.339325e-10
1.3191188e-10
1.3292574e-10
1.3374813e-10
1.2817135e-10
1.3322228e-10
1.3362971e-10
1.2999891e-10
1.3360952e-10
1.3567347e-10
1.3135251e-10
1.2449492e-10
1.3374539e-10
1.3426585e-10
1.1836673e-10
1.3585821e-10
1.2739989e-10
1.2080187e-10
1.1911285e-10
1.3234307e-10
1.3158083e-10
1.3077406e-10
1.3066741e-10
1.3238771e-10
1.318578e-10
1.3658376e-10
1.3643272e-10
1.3590833e-10
1.3554836e-10
1.3223112e-10
1.3283173e-10
1.2969428e-10
1.3529061e-10
1.3479874e-10
1.3422159e-10
1.3291667e-10
1.3195554e-10
1.3059511e-10
1.3568503e-10
1.3476904e-10
1.3411677e-10
1.3360523e-10
1.2998167e-10
1.2928411e-10
1.2841115e-10
1.3362199e-10
1.3270662e-10
1.3273035e-10
1.3198655e-10
1.2839289e-10
1.2768359e-10
1.2725126e-10
1.3217946e-10
1.3185293e-10
1.3138199e-10
1.3094291e-10
1.2741103e-10
1.268577e-10
1.265768e-10
1.3136566e-10
1.3098546e-10
1.3056317e-10
1.3028869e-10
1.2710008e-10
1.2642244e-10
1.2636807e-10
1.3074548e-10
1.3065974e-10
1.3012142e-10
1.3004943e-10
1.2726101e-10
1.263583e-10
1.2651468e-10
1.3064906e-10
1.3076459e-10
1.3004588e-10
1.301376e-10
1.277653e-10
1.2653243e-10
1.2695759e-10
1.3096234e-10
1.3133218e-10
1.3027258e-10
1.3057745e-10
1.2906206e-10
1.2725212e-10
1.2763416e-10
1.3185845e-10
1.3214416e-10
1.3093356e-10
1.3132997e-10
1.3093086e-10
1.2828884e-10
1.2927969e-10
1.3259763e-10
1.3341713e-10
1.3188599e-10
1.3262473e-10
1.3443637e-10
1.3042606e-10
1.3175726e-10
1.3447937e-10
1.3548588e-10
1.3343533e-10
1.3397876e-10
1.3307293e-10
1.3287221e-10
1.3268194e-10
1.3527589e-10
1.301038e-10
1.3421959e-10
1.3500134e-10
1.3196688e-10
1.3235803e-10
1.3115312e-10
1.368473e-10
1.316745e-10
1.3601385e-10
1.3658851e-10
1.2652799e-10
1.2010008e-10
1.3602441e-10
1.1901749e-10
1.3126518e-10
1.2064151e-10
1.3222454e-10
1.3234593e-10
1.3553397e-10
1.329857e-10
1.2956553e-10
1.3483138e-10
1.3522404e-10
1.3425092e-10
1.3080225e-10
1.308246e-10
1.2947888e-10
1.3424198e-10
1.3358118e-10
1.3357832e-10
1.3293099e-10
1.2883961e-10
1.2846551e-10
1.2759118e-10
1.3297747e-10
1.3238904e-10
1.3210316e-10
1.3138092e-10
1.2733978e-10
1.2706996e-10
1.2662719e-10
1.3164022e-10
1.3105701e-10
1.3081344e-10
1.3035395e-10
1.2660317e-10
1.2633437e-10
1.2602993e-10
1.3059057e-10
1.3023389e-10
1.3000929e-10
1.2971566e-10
1.2615502e-10
1.2585026e-10
1.2583108e-10
1.2994093e-10
1.2976922e-10
1.2951914e-10
1.2941975e-10
1.2605005e-10
1.2584189e-10
1.2574806e-10
1.2967382e-10
1.2961589e-10
1.2937019e-10
1.2931963e-10
1.2604221e-10
1.2575564e-10
1.2579157e-10
1.2961229e-10
1.2964781e-10
1.2931618e-10
1.2935028e-10
1.2635796e-10
1.2583969e-10
1.2595632e-10
1.2972914e-10
1.299624e-10
1.2942142e-10
1.2956474e-10
1.2680137e-10
1.2613115e-10
1.262829e-10
1.3021851e-10
1.3052628e-10
1.2974039e-10
1.2997068e-10
1.2787696e-10
1.2659425e-10
1.2696044e-10
1.3095376e-10
1.315466e-10
1.3028623e-10
1.307226e-10
1.2964214e-10
1.2751291e-10
1.2821195e-10
1.3224872e-10
1.3283643e-10
1.3127039e-10
1.3194604e-10
1.3140989e-10
1.2926028e-10
1.3047018e-10
1.3347548e-10
1.3419461e-10
1.3277243e-10
1.3339523e-10
1.3190105e-10
1.3262803e-10
1.3492256e-10
1.3479166e-10
1.2969738e-10
1.3408004e-10
1.351216e-10
1.1819272e-10
1.36405e-10
1.2059693e-10
1.3165337e-10
1.1959213e-10
1.3257532e-10
1.2111378e-10
1.3578099e-10
1.3194349e-10
1.3416942e-10
1.2451129e-10
1.343641e-10
1.3153792e-10
1.3397679e-10
1.320557e-10
1.329792e-10
1.3074341e-10
1.3568499e-10
1.3415976e-10
1.3476839e-10
1.3364964e-10
1.2832099e-10
1.2887462e-10
1.2760934e-10
1.3296207e-10
1.3206458e-10
1.3240451e-10
1.3137948e-10
1.26844e-10
1.2683296e-10
1.2635088e-10
1.3125549e-10
1.3064367e-10
1.3064192e-10
1.3011172e-10
1.2616026e-10
1.2609917e-10
1.2586849e-10
1.3021129e-10
1.2984928e-10
1.2977428e-10
1.2949912e-10
1.2572794e-10
1.2576254e-10
1.2565277e-10
1.296156e-10
1.2938128e-10
1.2932446e-10
1.291703e-10
1.257158e-10
1.2554952e-10
1.2557272e-10
1.2926164e-10
1.2920494e-10
1.290802e-10
1.2903562e-10
1.2570576e-10
1.2555348e-10
1.2550197e-10
1.2918362e-10
1.2915129e-10
1.2901356e-10
1.2898707e-10
1.2567164e-10
1.2553015e-10
1.2560046e-10
1.2914041e-10
1.2916751e-10
1.2899192e-10
1.2902499e-10
1.2578688e-10
1.2555863e-10
1.2568513e-10
1.2921241e-10
1.2932018e-10
1.2904517e-10
1.2913117e-10
1.2588898e-10
1.2562797e-10
1.2578554e-10
1.2942075e-10
1.2957821e-10
1.291806e-10
1.2932096e-10
1.2637319e-10
1.2580635e-10
1.2597643e-10
1.2978722e-10
1.3013384e-10
1.2945105e-10
1.2970703e-10
1.2732731e-10
1.2632642e-10
1.2675241e-10
1.3056934e-10
1.3115843e-10
1.3005769e-10
1.3056162e-10
1.2958618e-10
1.2748598e-10
1.2865269e-10
1.3195381e-10
1.3279362e-10
1.3126391e-10
1.3224144e-10
1.3421539e-10
1.3040141e-10
1.3260199e-10
1.3392658e-10
1.3544921e-10
1.3343844e-10
1.3458416e-10
1.3089974e-10
1.3397518e-10
1.3237235e-10
1.3448329e-10
1.2499711e-10
1.3397273e-10
1.3173912e-10
1.3255122e-10
1.2499106e-10
1.3248391e-10
1.2209637e-10
1.3027825e-10
1.2316238e-10
1.3172579e-10
1.3276313e-10
1.3321466e-10
1.317152e-10
1.2821052e-10
1.3369247e-10
1.3365716e-10
1.3319691e-10
1.2949411e-10
1.29933e-10
1.2839747e-10
1.3362339e-10
1.3279653e-10
1.3267627e-10
1.3198257e-10
1.2703782e-10
1.2727603e-10
1.2651645e-10
1.3167513e-10
1.3080588e-10
1.3102981e-10
1.3031264e-10
1.2610728e-10
1.2614954e-10
1.2587208e-10
1.3021811e-10
1.2977396e-10
1.2984062e-10
1.2949179e-10
1.2578315e-10
1.2568892e-10
1.2565627e-10
1.2951598e-10
1.2930864e-10
1.2928366e-10
1.2913767e-10
1.2553273e-10
1.2567218e-10
1.2557865e-10
1.29188e-10
1.2905342e-10
1.2907383e-10
1.289769e-10
1.2549906e-10
1.2556412e-10
1.255036e-10
1.2900163e-10
1.2894833e-10
1.2893828e-10
1.2889016e-10
1.2550303e-10
1.2547705e-10
1.2547718e-10
1.289313e-10
1.289183e-10
1.2886719e-10
1.2885554e-10
1.2549735e-10
1.2543794e-10
1.2546572e-10
1.289187e-10
1.2893496e-10
1.2884354e-10
1.2885961e-10
1.2560821e-10
1.2551825e-10
1.2542331e-10
1.2895764e-10
1.2902681e-10
1.288811e-10
1.2889719e-10
1.2572047e-10
1.2549858e-10
1.2561133e-10
1.2906275e-10
1.2919264e-10
1.2894307e-10
1.2904894e-10
1.2591314e-10
1.2564409e-10
1.2575613e-10
1.2928427e-10
1.2950364e-10
1.2912791e-10
1.2929432e-10
1.2641827e-10
1.2590628e-10
1.2611129e-10
1.2975576e-10
1.3016089e-10
1.2949053e-10
1.2981232e-10
1.2789926e-10
1.2654722e-10
1.2722925e-10
1.3074494e-10
1.3156113e-10
1.302825e-10
1.3096956e-10
1.3112088e-10
1.2832694e-10
1.2989921e-10
1.3263294e-10
1.3349974e-10
1.3190142e-10
1.3260764e-10
1.3399794e-10
1.3153877e-10
1.3325993e-10
1.3368624e-10
1.2832953e-10
1.3311992e-10
1.3371735e-10
1.1950773e-10
1.3300449e-10
1.2478379e-10
1.3033548e-10
1.2228114e-10
1.3186092e-10
1.2313921e-10
1.3432163e-10
1.333971e-10
1.3443671e-10
1.2445371e-10
1.3293223e-10
1.2447531e-10
1.3259937e-10
1.3095387e-10
1.3240024e-10
1.3010674e-10
1.3416239e-10
1.3319966e-10
1.3389294e-10
1.3301737e-10
1.2775947e-10
1.2838467e-10
1.2718594e-10
1.3217679e-10
1.3138807e-10
1.3184294e-10
1.3091397e-10
1.2623681e-10
1.2648175e-10
1.2604676e-10
1.3055065e-10
1.2996899e-10
1.3018928e-10
1.2971138e-10
1.257752e-10
1.2581996e-10
1.2568899e-10
1.2960905e-10
1.293317e-10
1.2940768e-10
1.2919451e-10
1.2554597e-10
1.2562611e-10
1.2553018e-10
1.291734e-10
1.2903808e-10
1.2907366e-10
1.289593e-10
1.2551759e-10
1.2550329e-10
1.2539827e-10
1.2899481e-10
1.289163e-10
1.2890506e-10
1.2883028e-10
1.2547794e-10
1.2544337e-10
1.2548137e-10
1.2888833e-10
1.2885186e-10
1.2882712e-10
1.2881435e-10
1.2547625e-10
1.2541891e-10
1.254766e-10
1.2883372e-10
1.2882766e-10
1.2878837e-10
1.2878964e-10
1.2543856e-10
1.2543591e-10
1.2547755e-10
1.288079e-10
1.2882668e-10
1.2878345e-10
1.2880308e-10
1.254449e-10
1.2552188e-10
1.2546934e-10
1.2883494e-10
1.2885863e-10
1.2881417e-10
1.2881549e-10
1.2552746e-10
1.2539035e-10
1.2550596e-10
1.2887999e-10
1.2897013e-10
1.2882072e-10
1.2889951e-10
1.2564179e-10
1.2559791e-10
1.2555345e-10
1.2903478e-10
1.2917329e-10
1.2897194e-10
1.2905532e-10
1.2599483e-10
1.2566782e-10
1.2589954e-10
1.2932748e-10
1.2960738e-10
1.2919332e-10
1.2943292e-10
1.2675656e-10
1.2604817e-10
1.2648737e-10
1.2994327e-10
1.305077e-10
1.2970886e-10
1.3018104e-10
1.2898953e-10
1.2724245e-10
1.2829209e-10
1.3131881e-10
1.3209283e-10
1.3090067e-10
1.3178019e-10
1.3284116e-10
1.3000849e-10
1.3222751e-10
1.3307893e-10
1.341146e-10
1.3295115e-10
1.3384545e-10
1.3079319e-10
1.3471415e-10
1.3339454e-10
1.3299851e-10
1.24383e-10
1.3272087e-10
1.2454037e-10
1.3238198e-10
1.3124022e-10
1.3153089e-10
1.2339771e-10
1.3174136e-10
1.234127e-10
1.3125934e-10
1.2923904e-10
1.3008147e-10
1.2845804e-10
1.3307567e-10
1.3240106e-10
1.3243723e-10
1.3186066e-10
1.2682676e-10
1.2749427e-10
1.2661122e-10
1.3136115e-10
1.3055033e-10
1.3098068e-10
1.303001e-10
1.2586653e-10
1.2620649e-10
1.2589331e-10
1.2994048e-10
1.2953603e-10
1.2978531e-10
1.2944133e-10
1.2562191e-10
1.2572819e-10
1.2555464e-10
1.2929952e-10
1.2911218e-10
1.292239e-10
1.2904348e-10
1.2548005e-10
1.2551302e-10
1.2551266e-10
1.2901565e-10
1.289148e-10
1.2895876e-10
1.2888855e-10
1.2532857e-10
1.2551329e-10
1.2545434e-10
1.2886774e-10
1.287912e-10
1.2885204e-10
1.2879791e-10
1.2545526e-10
1.2547242e-10
1.255148e-10
1.2880051e-10
1.287893e-10
1.2879351e-10
1.2878448e-10
1.2534541e-10
1.253502e-10
1.2532722e-10
1.2874533e-10
1.2873661e-10
1.2872565e-10
1.2871027e-10
1.254079e-10
1.2538661e-10
1.2545641e-10
1.2875063e-10
1.2876708e-10
1.2872943e-10
1.287537e-10
1.2528261e-10
1.2539841e-10
1.2536956e-10
1.2875758e-10
1.2875379e-10
1.287444e-10
1.28753e-10
1.2548406e-10
1.2540889e-10
1.2535893e-10
1.287915e-10
1.2886645e-10
1.2877443e-10
1.2880694e-10
1.2548932e-10
1.2540226e-10
1.2547897e-10
1.289269e-10
1.2899829e-10
1.2884597e-10
1.2893732e-10
1.2581615e-10
1.2562453e-10
1.2575544e-10
1.2913383e-10
1.2933215e-10
1.290619e-10
1.2923773e-10
1.2622921e-10
1.258993e-10
1.2615321e-10
1.2955715e-10
1.2993051e-10
1.2945014e-10
1.2977511e-10
1.2776438e-10
1.266515e-10
1.2739695e-10
1.3054676e-10
1.3130904e-10
1.3031343e-10
1.3098426e-10
1.3100161e-10
1.2859214e-10
1.301969e-10
1.3239275e-10
1.3309087e-10
1.3194913e-10
1.3256432e-10
1.3107645e-10
1.3189489e-10
1.3143321e-10
1.3194497e-10
1.2359713e-10
1.3147157e-10
1.2355927e-10
1.3153393e-10
1.3332987e-10
1.3165838e-10
1.2439282e-10
1.3134633e-10
1.2515392e-10
1.3152491e-10
1.2810676e-10
1.2958349e-10
1.2800328e-10
1.3214788e-10
1.3155415e-10
1.3212456e-10
1.3144267e-10
1.2645354e-10
1.2696466e-10
1.2650272e-10
1.3070494e-10
1.3012715e-10
1.3058959e-10
1.3007136e-10
1.2582621e-10
1.2603266e-10
1.2576201e-10
1.2967712e-10
1.2937728e-10
1.2962011e-10
1.293341e-10
1.2554574e-10
1.2578986e-10
1.2550508e-10
1.2919737e-10
1.2901713e-10
1.2917654e-10
1.2898709e-10
1.2547406e-10
1.2553982e-10
1.2549196e-10
1.2894739e-10
1.2886666e-10
1.2892717e-10
1.2885557e-10
1.2537821e-10
1.2539576e-10
1.2543032e-10
1.2881777e-10
1.287696e-10
1.287989e-10
1.2877053e-10
1.2546261e-10
1.2539538e-10
1.253197e-10
1.2875083e-10
1.2875646e-10
1.2874542e-10
1.2871293e-10
1.2534148e-10
1.2543229e-10
1.2541463e-10
1.2871403e-10
1.2871137e-10
1.2873318e-10
1.2873024e-10
1.2537673e-10
1.2541289e-10
1.2536392e-10
1.2872005e-10
1.2873043e-10
1.2872734e-10
1.28717e-10
1.2545457e-10
1.2533471e-10
1.2547654e-10
1.2874277e-10
1.2877499e-10
1.2872042e-10
1.2877467e-10
1.2549672e-10
1.2545008e-10
1.2543551e-10
1.2878045e-10
1.2883319e-10
1.2879061e-10
1.2881742e-10
1.2544231e-10
1.2542549e-10
1.2547399e-10
1.2884447e-10
1.2891208e-10
1.2883651e-10
1.2891205e-10
1.2568788e-10
1.2556059e-10
1.2573814e-10
1.2900937e-10
1.2918044e-10
1.2900331e-10
1.2916413e-10
1.2605525e-10
1.2581385e-10
1.260386e-10
1.2937553e-10
1.2967067e-10
1.2934078e-10
1.2962949e-10
1.2723877e-10
1.264766e-10
1.2711661e-10
1.3015471e-10
1.3078458e-10
1.300996e-10
1.3069829e-10
1.2997225e-10
1.2818284e-10
1.2994062e-10
1.3172129e-10
1.3237946e-10
1.3161687e-10
1.3237813e-10
1.3295472e-10
1.322714e-10
1.3347268e-10
1.3160253e-10
1.2453663e-10
1.3177915e-10
1.2515276e-10
1.3161191e-10
1.3194348e-10
1.3133763e-10
1.2511649e-10
1.3150158e-10
1.2423945e-10
1.3125619e-10
1.2797315e-10
1.2972897e-10
1.2809136e-10
1.321332e-10
1.3143658e-10
1.3214917e-10
1.3153062e-10
1.2653213e-10
1.2706783e-10
1.264917e-10
1.3058857e-10
1.3007763e-10
1.3067238e-10
1.3012237e-10
1.258216e-10
1.2603022e-10
1.2587948e-10
1.2962251e-10
1.2933936e-10
1.2965549e-10
1.293768e-10
1.2540757e-10
1.2566382e-10
1.2553137e-10
1.291378e-10
1.2895586e-10
1.2915891e-10
1.2899451e-10
1.2550124e-10
1.2547629e-10
1.2536841e-10
1.2890321e-10
1.2884668e-10
1.289136e-10
1.2882722e-10
1.2542454e-10
1.2538906e-10
1.2543047e-10
1.2879396e-10
1.2877095e-10
1.2880402e-10
1.2878305e-10
1.2524854e-10
1.2544431e-10
1.2536645e-10
1.2874758e-10
1.2869253e-10
1.2876877e-10
1.2872479e-10
1.2544174e-10
1.253515e-10
1.2532198e-10
1.2872505e-10
1.2873085e-10
1.2871636e-10
1.2870139e-10
1.2533228e-10
1.2526678e-10
1.2537498e-10
1.2872762e-10
1.2870533e-10
1.2868621e-10
1.2871696e-10
1.2538886e-10
1.253981e-10
1.2540939e-10
1.2870694e-10
1.2875425e-10
1.2873574e-10
1.2876945e-10
1.2545888e-10
1.2544537e-10
1.25476e-10
1.28791e-10
1.2882781e-10
1.2880149e-10
1.2884265e-10
1.2555017e-10
1.2542401e-10
1.2556603e-10
1.2885485e-10
1.2893704e-10
1.2886163e-10
1.2896379e-10
1.2556582e-10
1.2554574e-10
1.2566588e-10
1.2900508e-10
1.2911958e-10
1.2902448e-10
1.2916491e-10
1.2606712e-10
1.2578262e-10
1.2607088e-10
1.2930637e-10
1.2962941e-10
1.2935318e-10
1.296717e-10
1.2712475e-10
1.2649203e-10
1.2714536e-10
1.3009765e-10
1.3069222e-10
1.3015972e-10
1.3076194e-10
1.3000178e-10
1.2829625e-10
1.2996535e-10
1.3161394e-10
1.3236815e-10
1.3169227e-10
1.3233124e-10
1.3301192e-10
1.3169348e-10
1.3159119e-10
1.3170147e-10
1.2501221e-10
1.3139163e-10
1.2409329e-10
1.3127707e-10
1.3067257e-10
1.324772e-10
1.232486e-10
1.3114418e-10
1.2329181e-10
1.3171806e-10
1.2845441e-10
1.3115926e-10
1.2909047e-10
1.3239763e-10
1.3182311e-10
1.3305321e-10
1.3232532e-10
1.2665341e-10
1.2771928e-10
1.2683567e-10
1.3091232e-10
1.3028756e-10
1.3126945e-10
1.3052963e-10
1.258335e-10
1.2629147e-10
1.259064e-10
1.2976302e-10
1.2942142e-10
1.2993901e-10
1.2954081e-10
1.2553547e-10
1.2580684e-10
1.2566371e-10
1.2919756e-10
1.2902913e-10
1.2931359e-10
1.2912337e-10
1.2546431e-10
1.2560384e-10
1.2550109e-10
1.2894425e-10
1.2887058e-10
1.2903332e-10
1.2892969e-10
1.2543807e-10
1.2554747e-10
1.2547396e-10
1.2884892e-10
1.2879971e-10
1.2890347e-10
1.2883359e-10
1.2540324e-10
1.2541638e-10
1.2540487e-10
1.2877866e-10
1.2874554e-10
1.2879866e-10
1.2876823e-10
1.253918e-10
1.2538999e-10
1.2538431e-10
1.2873039e-10
1.2871809e-10
1.2875593e-10
1.2874215e-10
1.2538397e-10
1.2525143e-10
1.2544221e-10
1.2869016e-10
1.2873159e-10
1.2871381e-10
1.287697e-10
1.2539728e-10
1.254693e-10
1.2538543e-10
1.2875612e-10
1.28776e-10
1.2878844e-10
1.2880051e-10
1.2548309e-10
1.2549486e-10
1.2543422e-10
1.2881565e-10
1.2885556e-10
1.2884322e-10
1.2887397e-10
1.2567229e-10
1.2549797e-10
1.2557075e-10
1.2888582e-10
1.290051e-10
1.2891945e-10
1.2902484e-10
1.2574893e-10
1.2554919e-10
1.2571404e-10
1.2907053e-10
1.2922451e-10
1.2909887e-10
1.2929239e-10
1.2612587e-10
1.2589453e-10
1.2627052e-10
1.2942837e-10
1.2976964e-10
1.2954049e-10
1.2994978e-10
1.2740409e-10
1.269578e-10
1.2786283e-10
1.3033293e-10
1.309911e-10
1.3060555e-10
1.3137372e-10
1.3024574e-10
1.2926785e-10
1.3118055e-10
1.319486e-10
1.325314e-10
1.3243841e-10
1.3311613e-10
1.3062624e-10
1.3250167e-10
1.3058616e-10
1.3127445e-10
1.2317918e-10
1.3174757e-10
1.2325683e-10
1.3441269e-10
1.3109196e-10
1.3419916e-10
1.2428969e-10
1.3250427e-10
1.2427738e-10
1.3281734e-10
1.3005972e-10
1.3303549e-10
1.3107309e-10
1.3384122e-10
1.3297121e-10
1.3413339e-10
1.332148e-10
1.2718138e-10
1.2907808e-10
1.2773462e-10
1.3178133e-10
1.3089746e-10
1.3216487e-10
1.3137675e-10
1.2604742e-10
1.2687515e-10
1.2627011e-10
1.3019208e-10
1.2971325e-10
1.3056645e-10
1.299786e-10
1.2563587e-10
1.259261e-10
1.2576748e-10
1.2941393e-10
1.2918965e-10
1.295987e-10
1.2933844e-10
1.2559814e-10
1.2566024e-10
1.2560017e-10
1.2909207e-10
1.2898581e-10
1.2919471e-10
1.2905949e-10
1.2544245e-10
1.2550268e-10
1.2544687e-10
1.2891967e-10
1.2884202e-10
1.2897329e-10
1.2888494e-10
1.2543471e-10
1.2542001e-10
1.2542008e-10
1.288087e-10
1.2879155e-10
1.2885322e-10
1.2882709e-10
1.2544276e-10
1.2544878e-10
1.2543666e-10
1.2878957e-10
1.287846e-10
1.288312e-10
1.2882419e-10
1.2550706e-10
1.2546004e-10
1.2544095e-10
1.2879226e-10
1.2881045e-10
1.288338e-10
1.2883559e-10
1.2545337e-10
1.2543192e-10
1.2547252e-10
1.2879271e-10
1.2882865e-10
1.2883897e-10
1.2888136e-10
1.2546411e-10
1.255647e-10
1.2557127e-10
1.2886717e-10
1.2890441e-10
1.2893109e-10
1.2899479e-10
1.2556263e-10
1.2559311e-10
1.2563212e-10
1.289483e-10
1.2905454e-10
1.2904922e-10
1.2917772e-10
1.2582046e-10
1.2577862e-10
1.2603547e-10
1.2917531e-10
1.2940613e-10
1.2933692e-10
1.2962809e-10
1.2647035e-10
1.2622964e-10
1.268411e-10
1.297103e-10
1.3019747e-10
1.2998177e-10
1.3057197e-10
1.2843146e-10
1.2782716e-10
1.2912151e-10
1.3096237e-10
1.3185957e-10
1.3143479e-10
1.322009e-10
1.3233077e-10
1.3086995e-10
1.3298898e-10
1.3300956e-10
1.3385593e-10
1.3318759e-10
1.3413852e-10
1.3357769e-10
1.3402767e-10
1.3121389e-10
1.3256878e-10
1.2447219e-10
1.328346e-10
1.2458165e-10
1.3251875e-10
1.1891632e-10
1.3170773e-10
1.2302404e-10
1.3152203e-10
1.2147579e-10
1.2963632e-10
1.319349e-10
1.3392305e-10
1.3321746e-10
1.33649e-10
1.3325544e-10
1.2810298e-10
1.3377706e-10
1.2847063e-10
1.3135895e-10
1.2960607e-10
1.3273199e-10
1.3201656e-10
1.336697e-10
1.328338e-10
1.2655388e-10
1.2790823e-10
1.2698357e-10
1.3103517e-10
1.3032075e-10
1.3164274e-10
1.307847e-10
1.2599812e-10
1.2645461e-10
1.2624093e-10
1.2984365e-10
1.2953785e-10
1.3020474e-10
1.2981594e-10
1.2564882e-10
1.2590143e-10
1.2573862e-10
1.2931118e-10
1.2913911e-10
1.2953593e-10
1.2930089e-10
1.254842e-10
1.2562566e-10
1.2554612e-10
1.2903847e-10
1.2893815e-10
1.2917281e-10
1.2904934e-10
1.2551176e-10
1.2551799e-10
1.2555313e-10
1.289036e-10
1.2888498e-10
1.2899969e-10
1.2896542e-10
1.2549941e-10
1.2548215e-10
1.2547599e-10
1.2887568e-10
1.2886805e-10
1.2893043e-10
1.2891499e-10
1.2545736e-10
1.2556846e-10
1.2547781e-10
1.2888688e-10
1.2887171e-10
1.2893939e-10
1.2893908e-10
1.2545758e-10
1.2556588e-10
1.2549715e-10
1.2889182e-10
1.2891535e-10
1.2897387e-10
1.2901171e-10
1.2555337e-10
1.2562676e-10
1.2552285e-10
1.289712e-10
1.2903752e-10
1.2907762e-10
1.2915105e-10
1.2575161e-10
1.2576066e-10
1.2590204e-10
1.291363e-10
1.2930127e-10
1.293035e-10
1.2952629e-10
1.261655e-10
1.2611397e-10
1.2644249e-10
1.2950543e-10
1.2985555e-10
1.2978624e-10
1.3021937e-10
1.2733666e-10
1.2705291e-10
1.2799077e-10
1.303391e-10
1.3105593e-10
1.3083446e-10
1.316835e-10
1.2999822e-10
1.2946094e-10
1.3130901e-10
1.3201935e-10
1.3271072e-10
1.3281318e-10
1.3365511e-10
1.3338387e-10
1.3312215e-10
1.3388977e-10
1.3323671e-10
1.3367989e-10
1.3376897e-10
1.281878e-10
1.246366e-10
1.3172193e-10
1.1957554e-10
1.3152245e-10
1.2326587e-10
1.2994523e-10
1.2233299e-10
1.3433413e-10
1.2998797e-10
1.3564358e-10
1.3134906e-10
1.3400456e-10
1.2458688e-10
1.3441818e-10
1.307774e-10
1.3478588e-10
1.3214718e-10
1.3481024e-10
1.336883e-10
1.3571109e-10
1.3420507e-10
1.2754793e-10
1.2986309e-10
1.2832471e-10
1.3240324e-10
1.3136644e-10
1.3299517e-10
1.3207001e-10
1.2638681e-10
1.2749262e-10
1.2679731e-10
1.3063668e-10
1.3012465e-10
1.3127002e-10
1.3063022e-10
1.2592836e-10
1.2638846e-10
1.2613799e-10
1.2978747e-10
1.2950999e-10
1.3018232e-10
1.2983241e-10
1.2568725e-10
1.2600752e-10
1.2584713e-10
1.2933695e-10
1.2919446e-10
1.2962095e-10
1.2942535e-10
1.2563376e-10
1.2575303e-10
1.2577439e-10
1.2911049e-10
1.2906192e-10
1.2931477e-10
1.2923604e-10
1.2545725e-10
1.2565352e-10
1.2565696e-10
1.2899851e-10
1.289663e-10
1.2916212e-10
1.2913241e-10
1.2552549e-10
1.2564427e-10
1.2567522e-10
1.2897602e-10
1.2901009e-10
1.291351e-10
1.29173e-10
1.2568515e-10
1.257054e-10
1.2578688e-10
1.290761e-10
1.291454e-10
1.2922955e-10
1.2933293e-10
1.2568613e-10
1.2580609e-10
1.2596987e-10
1.2922144e-10
1.2931901e-10
1.2943018e-10
1.2962475e-10
1.2606995e-10
1.2619514e-10
1.2647152e-10
1.2951509e-10
1.2977975e-10
1.2987416e-10
1.3022942e-10
1.2691548e-10
1.2686057e-10
1.2746461e-10
1.3013798e-10
1.3068556e-10
1.3068234e-10
1.3131121e-10
1.2887544e-10
1.2845418e-10
1.2982273e-10
1.3144126e-10
1.3243819e-10
1.3216673e-10
1.3304469e-10
1.3288284e-10
1.3193943e-10
1.3483066e-10
1.336697e-10
1.3478809e-10
1.3419575e-10
1.3576241e-10
1.3233918e-10
1.3589762e-10
1.3045588e-10
1.3402978e-10
1.3153109e-10
1.3442766e-10
1.2457166e-10
1.3622207e-10
1.1869713e-10
1.2719216e-10
1.209801e-10
1.3250523e-10
1.1975915e-10
1.3172867e-10
1.329122e-10
1.3159384e-10
1.3234038e-10
1.3530873e-10
1.342804e-10
1.2968357e-10
1.3484607e-10
1.2936418e-10
1.3168811e-10
1.3090306e-10
1.3361283e-10
1.3292137e-10
1.3431648e-10
1.3363543e-10
1.276148e-10
1.2983836e-10
1.2886097e-10
1.3208108e-10
1.3137604e-10
1.3298786e-10
1.3240285e-10
1.2644873e-10
1.2799776e-10
1.2729e-10
1.307783e-10
1.3029399e-10
1.3165124e-10
1.3103043e-10
1.2613082e-10
1.2683231e-10
1.2655129e-10
1.2998654e-10
1.2975094e-10
1.3056677e-10
1.3022728e-10
1.2589537e-10
1.2631007e-10
1.2617966e-10
1.2957523e-10
1.2944983e-10
1.2997282e-10
1.2978629e-10
1.2580588e-10
1.2601856e-10
1.2601395e-10
1.2935573e-10
1.2933081e-10
1.2965448e-10
1.2961091e-10
1.258369e-10
1.2599897e-10
1.2608098e-10
1.2933491e-10
1.2938235e-10
1.2961465e-10
1.2968731e-10
1.2600681e-10
1.2621372e-10
1.2633487e-10
1.2946591e-10
1.2959943e-10
1.2981861e-10
1.2999607e-10
1.2632831e-10
1.2652584e-10
1.2686737e-10
1.2976484e-10
1.3002731e-10
1.3024971e-10
1.3060894e-10
1.2708916e-10
1.2736598e-10
1.2802948e-10
1.3038352e-10
1.3085605e-10
1.3110275e-10
1.3171723e-10
1.2843894e-10
1.289633e-10
1.3006419e-10
1.3145626e-10
1.3216958e-10
1.3250136e-10
1.3312184e-10
1.310869e-10
1.3114435e-10
1.3193472e-10
1.3306881e-10
1.3376116e-10
1.3378266e-10
1.34478e-10
1.3593925e-10
1.3286117e-10
1.3303147e-10
1.3445779e-10
1.3555303e-10
1.3514128e-10
1.3008476e-10
1.2072908e-10
1.2730744e-10
1.1848483e-10
1.3245716e-10
1.2073389e-10
1.3147642e-10
1.1912376e-10
1.3236915e-10
1.3023676e-10
1.3061234e-10
1.3635926e-10
1.357796e-10
1.3109293e-10
1.3603819e-10
1.331796e-10
1.3236887e-10
1.3589143e-10
1.349279e-10
1.3434445e-10
1.2966475e-10
1.3537141e-10
1.3067607e-10
1.3468819e-10
1.3284899e-10
1.3415959e-10
1.3363402e-10
1.3565823e-10
1.347419e-10
1.2846502e-10
1.3124206e-10
1.3003527e-10
1.3277089e-10
1.3200647e-10
1.3362205e-10
1.3272612e-10
1.2726273e-10
1.291558e-10
1.2837764e-10
1.3140344e-10
1.3094796e-10
1.3220397e-10
1.3183764e-10
1.2663442e-10
1.2778626e-10
1.2731296e-10
1.3059052e-10
1.3030851e-10
1.313249e-10
1.309467e-10
1.264161e-10
1.2716181e-10
1.2711428e-10
1.3013749e-10
1.3007726e-10
1.3074938e-10
1.3068978e-10
1.2647783e-10
1.2714999e-10
1.2723552e-10
1.3008242e-10
1.3017432e-10
1.3072215e-10
1.3082724e-10
1.2691599e-10
1.2747415e-10
1.2788014e-10
1.3036689e-10
1.3062466e-10
1.3106527e-10
1.3142635e-10
1.2781876e-10
1.2848736e-10
1.2916334e-10
1.3100334e-10
1.314666e-10
1.319387e-10
1.3226583e-10
1.2945294e-10
1.300906e-10
1.3143391e-10
1.3208379e-10
1.3284923e-10
1.3280223e-10
1.3373761e-10
1.3223735e-10
1.330907e-10
1.3494327e-10
1.3374411e-10
1.3426707e-10
1.3489056e-10
1.3578086e-10
1.3245543e-10
1.3554864e-10
1.3185142e-10
1.3436315e-10
1.3487079e-10
1.353113e-10
1.2958326e-10
1.3116255e-10
1.3083219e-10
1.3119213e-10
1.3592167e-10
1.3656811e-10
1.3629681e-10
1.3132911e-10
1.3598963e-10
1.1841602e-10
1.2019368e-10
1.3109818e-10
1.3224501e-10
1.1924156e-10
1.2072809e-10
1.3425694e-10
1.3021341e-10
1.3213768e-10
1.343223e-10
1.3399275e-10
1.24584e-10
1.3150799e-10
1.3183076e-10
1.3391164e-10
1.3345094e-10
1.3376741e-10
1.3326097e-10
1.2825688e-10
1.3378872e-10
1.2998816e-10
1.3322242e-10
1.3236021e-10
1.3320289e-10
1.329814e-10
1.3427087e-10
1.3389837e-10
1.2847729e-10
1.3087911e-10
1.2989642e-10
1.3236152e-10
1.3187733e-10
1.3301741e-10
1.3241152e-10
1.2817415e-10
1.2980418e-10
1.2984633e-10
1.3167812e-10
1.316223e-10
1.3229767e-10
1.3236361e-10
1.285031e-10
1.3006588e-10
1.3019475e-10
1.3170293e-10
1.3182355e-10
1.3246971e-10
1.3251018e-10
1.2939141e-10
1.3046941e-10
1.3147914e-10
1.3207786e-10
1.3256157e-10
1.3272746e-10
1.3331422e-10
1.3114465e-10
1.3284951e-10
1.3343754e-10
1.3316729e-10
1.3335304e-10
1.3411526e-10
1.3434182e-10
1.3325193e-10
1.3356903e-10
1.3430007e-10
1.3338305e-10
1.338916e-10
1.337811e-10
1.2833553e-10
1.3638985e-10
1.3257364e-10
1.2996598e-10
1.3413757e-10
1.3450601e-10
1.3157732e-10
1.2450475e-10
1.2666863e-10
1.1937515e-10
1.1828579e-10
1.3218081e-10
1.3116029e-10
1.2057542e-10
1.1930148e-10
1.3214731e-10
1.1962604e-10
1.2528444e-10
1.3011894e-10
1.3177299e-10
1.2241702e-10
1.2365129e-10
1.3477289e-10
1.3198656e-10
1.3380681e-10
1.3310792e-10
1.3275136e-10
1.2497956e-10
1.2465527e-10
1.3149487e-10
1.3068075e-10
1.3094967e-10
1.3179396e-10
1.3126818e-10
1.233376e-10
1.2330973e-10
1.3223733e-10
1.3291457e-10
1.3385975e-10
1.3154836e-10
1.3182462e-10
1.2448917e-10
1.2529839e-10
1.3218167e-10
1.3389292e-10
1.3268726e-10
1.3189564e-10
1.3167215e-10
1.2532063e-10
1.2446958e-10
1.3277308e-10
1.3101666e-10
1.306065e-10
1.3149859e-10
1.3191479e-10
1.2336154e-10
1.2329169e-10
1.3451797e-10
1.3338196e-10
1.3085403e-10
1.327278e-10
1.328885e-10
1.2428925e-10
1.2402309e-10
1.3211273e-10
1.2429679e-10
1.1900236e-10
1.3148196e-10
1.2995986e-10
1.2267841e-10
1.218395e-10
)
;

boundaryField
{
    externalWall
    {
        type            calculated;
        value           uniform 0;
    }
    cap_to_jellyRoll
    {
        type            calculated;
        value           uniform 0;
    }
    cap_to_shell
    {
        type            calculated;
        value           uniform 0;
    }
}


// ************************************************************************* //
