/*--------------------------------*- C++ -*----------------------------------*\
| =========                 |                                                 |
| \\      /  F ield         | OpenFOAM: The Open Source CFD Toolbox           |
|  \\    /   O peration     | Version:  2506                                  |
|   \\  /    A nd           | Website:  www.openfoam.com                      |
|    \\/     M anipulation  |                                                 |
\*---------------------------------------------------------------------------*/
FoamFile
{
    version     2.0;
    format      ascii;
    arch        "LSB;label=32;scalar=64";
    class       labelList;
    location    "constant/shell/polyMesh";
    object      cellRegionAddressing;
}
// * * * * * * * * * * * * * * * * * * * * * * * * * * * * * * * * * * * * * //


33412
(
0
1
2
3
4
5
6
7
8
9
10
11
12
13
14
15
16
17
18
19
20
21
22
23
24
25
26
27
28
29
30
31
32
33
34
35
36
37
38
39
40
41
42
43
44
45
46
47
48
49
50
51
52
53
54
55
56
57
58
59
60
61
62
63
64
65
66
67
68
69
70
71
72
73
74
75
76
77
78
79
80
81
82
83
84
85
86
87
88
89
90
91
92
93
94
95
96
97
98
99
100
101
102
103
104
105
106
107
108
109
110
111
112
113
114
115
116
117
118
119
120
121
122
123
124
125
126
127
128
129
130
131
132
133
134
135
136
137
138
139
140
141
142
143
144
145
146
147
148
149
150
151
152
153
154
155
156
157
158
159
160
161
162
163
164
165
166
167
168
169
170
171
172
173
174
175
176
177
178
179
180
181
182
183
184
185
186
187
188
189
190
191
192
193
194
195
196
197
198
199
200
201
202
203
204
205
206
207
208
209
210
211
212
213
214
215
216
217
218
219
220
221
222
223
224
225
226
227
228
229
230
231
232
233
234
235
236
237
238
239
240
241
242
243
244
245
246
247
248
249
250
251
252
253
254
255
256
257
258
259
260
261
262
263
264
265
266
267
268
269
270
271
272
273
274
275
276
277
278
279
280
281
282
283
284
285
286
287
288
289
290
291
292
293
294
295
296
297
298
299
300
301
302
303
304
305
306
307
308
309
310
311
312
313
314
315
316
317
318
319
320
321
322
323
324
325
326
327
328
329
330
331
332
333
334
335
336
337
338
339
340
341
342
343
344
345
346
347
348
349
350
351
352
353
354
355
356
357
358
359
360
361
362
363
364
365
366
367
368
369
370
371
372
373
374
375
376
377
378
379
380
381
382
383
384
385
386
387
388
389
390
391
392
393
394
395
396
397
398
399
400
401
402
403
404
405
406
407
408
409
410
411
412
413
414
415
416
417
418
419
420
421
422
423
424
425
426
427
428
429
430
431
432
433
434
435
436
437
438
439
440
441
442
443
444
445
446
447
448
449
450
451
452
453
454
455
456
457
458
459
460
461
462
463
464
465
466
467
468
469
470
471
472
473
474
475
476
477
478
479
480
481
482
483
484
485
486
487
488
489
490
491
492
493
494
495
496
497
498
499
500
501
502
503
504
505
506
507
508
509
510
511
512
513
514
515
516
517
518
519
520
521
522
523
524
525
526
527
528
529
530
531
532
533
534
535
536
537
538
539
540
541
542
543
544
545
546
547
548
549
550
551
552
553
554
555
556
557
558
559
560
561
562
563
564
565
566
567
568
569
570
571
572
573
574
575
576
577
578
579
580
581
582
583
584
585
586
587
588
589
590
591
592
593
594
595
596
597
598
599
600
601
602
603
604
605
606
607
608
609
610
611
612
613
614
615
616
617
618
619
620
621
622
623
624
625
626
627
628
629
630
631
632
633
634
635
636
637
638
639
640
641
642
643
644
645
646
647
648
649
650
651
652
653
654
655
656
657
658
659
660
661
662
663
664
665
666
667
668
669
670
671
672
673
674
675
676
677
678
679
680
681
682
683
684
685
686
687
688
689
690
691
692
693
694
695
696
697
698
699
700
701
702
703
704
705
706
707
708
709
710
711
712
713
714
715
716
717
718
719
720
721
722
723
724
725
726
727
728
729
730
731
732
733
734
735
736
737
738
739
740
741
742
743
744
745
746
747
748
749
750
751
752
753
754
755
756
757
758
759
760
761
762
763
764
765
766
767
768
769
770
771
772
773
774
775
776
777
778
779
780
781
782
783
784
785
786
787
788
789
790
791
792
793
794
795
796
797
798
799
800
801
802
803
804
805
806
807
808
809
810
811
812
813
814
815
816
817
818
819
820
821
822
823
824
825
826
827
828
829
830
831
832
833
834
835
836
837
838
839
840
841
842
843
844
845
846
847
848
849
850
851
852
853
854
855
856
857
858
859
860
861
862
863
864
865
866
867
868
869
870
871
872
873
874
875
876
877
878
879
880
881
882
883
884
885
886
887
888
889
890
891
892
893
894
895
896
897
898
899
900
901
902
903
904
905
906
907
908
909
910
911
912
913
914
915
916
917
918
919
920
921
922
923
924
925
926
927
928
929
930
931
932
933
934
935
936
937
938
939
940
941
942
943
944
945
946
947
948
949
950
951
952
953
954
955
956
957
958
959
960
961
962
963
964
965
966
967
968
969
970
971
972
973
974
975
976
977
978
979
980
981
982
983
984
985
986
987
988
989
990
991
992
993
994
995
996
997
998
999
1000
1001
1002
1003
1004
1005
1006
1007
1008
1009
1010
1011
1012
1013
1014
1015
1016
1017
1018
1019
1020
1021
1022
1023
1024
1025
1026
1027
1028
1029
1030
1031
1032
1033
1034
1035
1036
1037
1038
1039
1040
1041
1042
1043
1044
1045
1046
1047
1048
1049
1050
1051
1052
1053
1054
1055
1056
1065
1066
1067
1068
1080
1081
1096
1097
1098
1114
1115
1133
1134
1153
1154
1173
1174
1194
1195
1215
1216
1236
1237
1257
1258
1278
1279
1298
1299
1317
1318
1335
1336
1352
1353
1367
1368
1379
1380
1381
1382
1383
1389
1390
1391
1392
1393
1394
1395
1396
1397
1398
1399
1400
1401
1402
1403
1404
1405
1414
1415
1416
1417
1429
1430
1445
1446
1447
1463
1464
1482
1483
1502
1503
1522
1523
1543
1544
1564
1565
1585
1586
1606
1607
1627
1628
1647
1648
1666
1667
1684
1685
1701
1702
1716
1717
1728
1729
1730
1731
1732
1738
1739
1740
1741
1742
1743
1744
1745
1746
1747
1748
1749
1750
1751
1752
1753
1754
1763
1764
1765
1766
1778
1779
1794
1795
1796
1812
1813
1831
1832
1851
1852
1871
1872
1892
1893
1913
1914
1934
1935
1955
1956
1976
1977
1996
1997
2015
2016
2033
2034
2050
2051
2065
2066
2077
2078
2079
2080
2081
2087
2088
2089
2090
2091
2092
2093
2094
2095
2096
2097
2098
2099
2100
2101
2102
2103
2112
2113
2114
2115
2127
2128
2143
2144
2145
2161
2162
2180
2181
2200
2201
2220
2221
2241
2242
2262
2263
2283
2284
2304
2305
2325
2326
2345
2346
2364
2365
2382
2383
2399
2400
2414
2415
2426
2427
2428
2429
2430
2436
2437
2438
2439
2440
2441
2442
2443
2444
2445
2446
2447
2448
2449
2450
2451
2452
2461
2462
2463
2464
2476
2477
2492
2493
2494
2510
2511
2529
2530
2549
2550
2569
2570
2590
2591
2611
2612
2632
2633
2653
2654
2674
2675
2694
2695
2713
2714
2731
2732
2748
2749
2763
2764
2775
2776
2777
2778
2779
2785
2786
2787
2788
2789
2790
2791
2792
2793
2794
2795
2796
2797
2798
2799
2800
2801
2810
2811
2812
2813
2825
2826
2841
2842
2843
2859
2860
2878
2879
2898
2899
2918
2919
2939
2940
2960
2961
2981
2982
3002
3003
3023
3024
3043
3044
3062
3063
3080
3081
3097
3098
3112
3113
3124
3125
3126
3127
3128
3134
3135
3136
3137
3138
3139
3140
3141
3142
3143
3144
3145
3146
3147
3148
3149
3150
3159
3160
3161
3162
3174
3175
3190
3191
3192
3208
3209
3227
3228
3247
3248
3267
3268
3288
3289
3309
3310
3330
3331
3351
3352
3372
3373
3392
3393
3411
3412
3429
3430
3446
3447
3461
3462
3473
3474
3475
3476
3477
3483
3484
3485
3486
3487
3488
3489
3490
3491
3492
3493
3494
3495
3496
3497
3498
3499
3508
3509
3510
3511
3523
3524
3539
3540
3541
3557
3558
3576
3577
3596
3597
3616
3617
3637
3638
3658
3659
3679
3680
3700
3701
3721
3722
3741
3742
3760
3761
3778
3779
3795
3796
3810
3811
3822
3823
3824
3825
3826
3832
3833
3834
3835
3836
3837
3838
3839
3840
3841
3842
3843
3844
3845
3846
3847
3848
3857
3858
3859
3860
3872
3873
3888
3889
3890
3906
3907
3925
3926
3945
3946
3965
3966
3986
3987
4007
4008
4028
4029
4049
4050
4070
4071
4090
4091
4109
4110
4127
4128
4144
4145
4159
4160
4171
4172
4173
4174
4175
4181
4182
4183
4184
4185
4186
4187
4188
4189
4190
4191
4192
4193
4194
4195
4196
4197
4206
4207
4208
4209
4221
4222
4237
4238
4239
4255
4256
4274
4275
4294
4295
4314
4315
4335
4336
4356
4357
4377
4378
4398
4399
4419
4420
4439
4440
4458
4459
4476
4477
4493
4494
4508
4509
4520
4521
4522
4523
4524
4530
4531
4532
4533
4534
4535
4536
4537
4538
4539
4540
4541
4542
4543
4544
4545
4546
4555
4556
4557
4558
4570
4571
4586
4587
4588
4604
4605
4623
4624
4643
4644
4663
4664
4684
4685
4705
4706
4726
4727
4747
4748
4768
4769
4788
4789
4807
4808
4825
4826
4842
4843
4857
4858
4869
4870
4871
4872
4873
4879
4880
4881
4882
4883
4884
4885
4886
4887
4888
4889
4890
4891
4892
4893
4894
4895
4904
4905
4906
4907
4919
4920
4935
4936
4937
4953
4954
4972
4973
4992
4993
5012
5013
5033
5034
5054
5055
5075
5076
5096
5097
5117
5118
5137
5138
5156
5157
5174
5175
5191
5192
5206
5207
5218
5219
5220
5221
5222
5228
5229
5230
5231
5232
5233
5234
5235
5236
5237
5238
5239
5240
5241
5242
5243
5244
5253
5254
5255
5256
5268
5269
5284
5285
5286
5302
5303
5321
5322
5341
5342
5361
5362
5382
5383
5403
5404
5424
5425
5445
5446
5466
5467
5486
5487
5505
5506
5523
5524
5540
5541
5555
5556
5567
5568
5569
5570
5571
5577
5578
5579
5580
5581
5582
5583
5584
5585
5586
5587
5588
5589
5590
5591
5592
5593
5602
5603
5604
5605
5617
5618
5633
5634
5635
5651
5652
5670
5671
5690
5691
5710
5711
5731
5732
5752
5753
5773
5774
5794
5795
5815
5816
5835
5836
5854
5855
5872
5873
5889
5890
5904
5905
5916
5917
5918
5919
5920
5926
5927
5928
5929
5930
5931
5932
5933
5934
5935
5936
5937
5938
5939
5940
5941
5942
5951
5952
5953
5954
5966
5967
5982
5983
5984
6000
6001
6019
6020
6039
6040
6059
6060
6080
6081
6101
6102
6122
6123
6143
6144
6164
6165
6184
6185
6203
6204
6221
6222
6238
6239
6253
6254
6265
6266
6267
6268
6269
6275
6276
6277
6278
6279
6280
6281
6282
6283
6284
6285
6286
6287
6288
6289
6290
6291
6300
6301
6302
6303
6315
6316
6331
6332
6333
6349
6350
6368
6369
6388
6389
6408
6409
6429
6430
6450
6451
6471
6472
6492
6493
6513
6514
6533
6534
6552
6553
6570
6571
6587
6588
6602
6603
6614
6615
6616
6617
6618
6624
6625
6626
6627
6628
6629
6630
6631
6632
6633
6634
6635
6636
6637
6638
6639
6640
6649
6650
6651
6652
6664
6665
6680
6681
6682
6698
6699
6717
6718
6737
6738
6757
6758
6778
6779
6799
6800
6820
6821
6841
6842
6862
6863
6882
6883
6901
6902
6919
6920
6936
6937
6951
6952
6963
6964
6965
6966
6967
6973
6974
6975
6976
6977
6978
6979
6980
6981
6982
6983
6984
6985
6986
6987
6988
6989
6998
6999
7000
7001
7013
7014
7029
7030
7031
7047
7048
7066
7067
7086
7087
7106
7107
7127
7128
7148
7149
7169
7170
7190
7191
7211
7212
7231
7232
7250
7251
7268
7269
7285
7286
7300
7301
7312
7313
7314
7315
7316
7322
7323
7324
7325
7326
7327
7328
7329
7330
7331
7332
7333
7334
7335
7336
7337
7338
7347
7348
7349
7350
7362
7363
7378
7379
7380
7396
7397
7415
7416
7435
7436
7455
7456
7476
7477
7497
7498
7518
7519
7539
7540
7560
7561
7580
7581
7599
7600
7617
7618
7634
7635
7649
7650
7661
7662
7663
7664
7665
7671
7672
7673
7674
7675
7676
7677
7678
7679
7680
7681
7682
7683
7684
7685
7686
7687
7696
7697
7698
7699
7711
7712
7727
7728
7729
7745
7746
7764
7765
7784
7785
7804
7805
7825
7826
7846
7847
7867
7868
7888
7889
7909
7910
7929
7930
7948
7949
7966
7967
7983
7984
7998
7999
8010
8011
8012
8013
8014
8020
8021
8022
8023
8024
8025
8026
8027
8028
8029
8030
8031
8032
8033
8034
8035
8036
8045
8046
8047
8048
8060
8061
8076
8077
8078
8094
8095
8113
8114
8133
8134
8153
8154
8174
8175
8195
8196
8216
8217
8237
8238
8258
8259
8278
8279
8297
8298
8315
8316
8332
8333
8347
8348
8359
8360
8361
8362
8363
8369
8370
8371
8372
8373
8374
8375
8376
8377
8378
8379
8380
8381
8382
8383
8384
8385
8394
8395
8396
8397
8409
8410
8425
8426
8427
8443
8444
8462
8463
8482
8483
8502
8503
8523
8524
8544
8545
8565
8566
8586
8587
8607
8608
8627
8628
8646
8647
8664
8665
8681
8682
8696
8697
8708
8709
8710
8711
8712
8718
8719
8720
8721
8722
8723
8724
8725
8726
8727
8728
8729
8730
8731
8732
8733
8734
8743
8744
8745
8746
8758
8759
8774
8775
8776
8792
8793
8811
8812
8831
8832
8851
8852
8872
8873
8893
8894
8914
8915
8935
8936
8956
8957
8976
8977
8995
8996
9013
9014
9030
9031
9045
9046
9057
9058
9059
9060
9061
9067
9068
9069
9070
9071
9072
9073
9074
9075
9076
9077
9078
9079
9080
9081
9082
9083
9092
9093
9094
9095
9107
9108
9123
9124
9125
9141
9142
9160
9161
9180
9181
9200
9201
9221
9222
9242
9243
9263
9264
9284
9285
9305
9306
9325
9326
9344
9345
9362
9363
9379
9380
9394
9395
9406
9407
9408
9409
9410
9416
9417
9418
9419
9420
9421
9422
9423
9424
9425
9426
9427
9428
9429
9430
9431
9432
9441
9442
9443
9444
9456
9457
9472
9473
9474
9490
9491
9509
9510
9529
9530
9549
9550
9570
9571
9591
9592
9612
9613
9633
9634
9654
9655
9674
9675
9693
9694
9711
9712
9728
9729
9743
9744
9755
9756
9757
9758
9759
9765
9766
9767
9768
9769
9770
9771
9772
9773
9774
9775
9776
9777
9778
9779
9780
9781
9790
9791
9792
9793
9805
9806
9821
9822
9823
9839
9840
9858
9859
9878
9879
9898
9899
9919
9920
9940
9941
9961
9962
9982
9983
10003
10004
10023
10024
10042
10043
10060
10061
10077
10078
10092
10093
10104
10105
10106
10107
10108
10114
10115
10116
10117
10118
10119
10120
10121
10122
10123
10124
10125
10126
10127
10128
10129
10130
10139
10140
10141
10142
10154
10155
10170
10171
10172
10188
10189
10207
10208
10227
10228
10247
10248
10268
10269
10289
10290
10310
10311
10331
10332
10352
10353
10372
10373
10391
10392
10409
10410
10426
10427
10441
10442
10453
10454
10455
10456
10457
10463
10464
10465
10466
10467
10468
10469
10470
10471
10472
10473
10474
10475
10476
10477
10478
10479
10488
10489
10490
10491
10503
10504
10519
10520
10521
10537
10538
10556
10557
10576
10577
10596
10597
10617
10618
10638
10639
10659
10660
10680
10681
10701
10702
10721
10722
10740
10741
10758
10759
10775
10776
10790
10791
10802
10803
10804
10805
10806
10812
10813
10814
10815
10816
10817
10818
10819
10820
10821
10822
10823
10824
10825
10826
10827
10828
10837
10838
10839
10840
10852
10853
10868
10869
10870
10886
10887
10905
10906
10925
10926
10945
10946
10966
10967
10987
10988
11008
11009
11029
11030
11050
11051
11070
11071
11089
11090
11107
11108
11124
11125
11139
11140
11151
11152
11153
11154
11155
11161
11162
11163
11164
11165
11166
11167
11168
11169
11170
11171
11172
11173
11174
11175
11176
11177
11186
11187
11188
11189
11201
11202
11217
11218
11219
11235
11236
11254
11255
11274
11275
11294
11295
11315
11316
11336
11337
11357
11358
11378
11379
11399
11400
11419
11420
11438
11439
11456
11457
11473
11474
11488
11489
11500
11501
11502
11503
11504
11510
11511
11512
11513
11514
11515
11516
11517
11518
11519
11520
11521
11522
11523
11524
11525
11526
11535
11536
11537
11538
11550
11551
11566
11567
11568
11584
11585
11603
11604
11623
11624
11643
11644
11664
11665
11685
11686
11706
11707
11727
11728
11748
11749
11768
11769
11787
11788
11805
11806
11822
11823
11837
11838
11849
11850
11851
11852
11853
11859
11860
11861
11862
11863
11864
11865
11866
11867
11868
11869
11870
11871
11872
11873
11874
11875
11884
11885
11886
11887
11899
11900
11915
11916
11917
11933
11934
11952
11953
11972
11973
11992
11993
12013
12014
12034
12035
12055
12056
12076
12077
12097
12098
12117
12118
12136
12137
12154
12155
12171
12172
12186
12187
12198
12199
12200
12201
12202
12208
12209
12210
12211
12212
12213
12214
12215
12216
12217
12218
12219
12220
12221
12222
12223
12224
12233
12234
12235
12236
12248
12249
12264
12265
12266
12282
12283
12301
12302
12321
12322
12341
12342
12362
12363
12383
12384
12404
12405
12425
12426
12446
12447
12466
12467
12485
12486
12503
12504
12520
12521
12535
12536
12547
12548
12549
12550
12551
12557
12558
12559
12560
12561
12562
12563
12564
12565
12566
12567
12568
12569
12570
12571
12572
12573
12582
12583
12584
12585
12597
12598
12613
12614
12615
12631
12632
12650
12651
12670
12671
12690
12691
12711
12712
12732
12733
12753
12754
12774
12775
12795
12796
12815
12816
12834
12835
12852
12853
12869
12870
12884
12885
12896
12897
12898
12899
12900
12906
12907
12908
12909
12910
12911
12912
12913
12914
12915
12916
12917
12918
12919
12920
12921
12922
12931
12932
12933
12934
12946
12947
12962
12963
12964
12980
12981
12999
13000
13019
13020
13039
13040
13060
13061
13081
13082
13102
13103
13123
13124
13144
13145
13164
13165
13183
13184
13201
13202
13218
13219
13233
13234
13245
13246
13247
13248
13249
13255
13256
13257
13258
13259
13260
13261
13262
13263
13264
13265
13266
13267
13268
13269
13270
13271
13280
13281
13282
13283
13295
13296
13311
13312
13313
13329
13330
13348
13349
13368
13369
13388
13389
13409
13410
13430
13431
13451
13452
13472
13473
13493
13494
13513
13514
13532
13533
13550
13551
13567
13568
13582
13583
13594
13595
13596
13597
13598
13604
13605
13606
13607
13608
13609
13610
13611
13612
13613
13614
13615
13616
13617
13618
13619
13620
13629
13630
13631
13632
13644
13645
13660
13661
13662
13678
13679
13697
13698
13717
13718
13737
13738
13758
13759
13779
13780
13800
13801
13821
13822
13842
13843
13862
13863
13881
13882
13899
13900
13916
13917
13931
13932
13943
13944
13945
13946
13947
13953
13954
13955
13956
13957
13958
13959
13960
13961
13962
13963
13964
13965
13966
13967
13968
13969
13978
13979
13980
13981
13993
13994
14009
14010
14011
14027
14028
14046
14047
14066
14067
14086
14087
14107
14108
14128
14129
14149
14150
14170
14171
14191
14192
14211
14212
14230
14231
14248
14249
14265
14266
14280
14281
14292
14293
14294
14295
14296
14302
14303
14304
14305
14306
14307
14308
14309
14310
14311
14312
14313
14314
14315
14316
14317
14318
14327
14328
14329
14330
14342
14343
14358
14359
14360
14376
14377
14395
14396
14415
14416
14435
14436
14456
14457
14477
14478
14498
14499
14519
14520
14540
14541
14560
14561
14579
14580
14597
14598
14614
14615
14629
14630
14641
14642
14643
14644
14645
14651
14652
14653
14654
14655
14656
14657
14658
14659
14660
14661
14662
14663
14664
14665
14666
14667
14676
14677
14678
14679
14691
14692
14707
14708
14709
14725
14726
14744
14745
14764
14765
14784
14785
14805
14806
14826
14827
14847
14848
14868
14869
14889
14890
14909
14910
14928
14929
14946
14947
14963
14964
14978
14979
14990
14991
14992
14993
14994
15000
15001
15002
15003
15004
15005
15006
15007
15008
15009
15010
15011
15012
15013
15014
15015
15016
15025
15026
15027
15028
15040
15041
15056
15057
15058
15074
15075
15093
15094
15113
15114
15133
15134
15154
15155
15175
15176
15196
15197
15217
15218
15238
15239
15258
15259
15277
15278
15295
15296
15312
15313
15327
15328
15339
15340
15341
15342
15343
15349
15350
15351
15352
15353
15354
15355
15356
15357
15358
15359
15360
15361
15362
15363
15364
15365
15374
15375
15376
15377
15389
15390
15405
15406
15407
15423
15424
15442
15443
15462
15463
15482
15483
15503
15504
15524
15525
15545
15546
15566
15567
15587
15588
15607
15608
15626
15627
15644
15645
15661
15662
15676
15677
15688
15689
15690
15691
15692
15698
15699
15700
15701
15702
15703
15704
15705
15706
15707
15708
15709
15710
15711
15712
15713
15714
15723
15724
15725
15726
15738
15739
15754
15755
15756
15772
15773
15791
15792
15811
15812
15831
15832
15852
15853
15873
15874
15894
15895
15915
15916
15936
15937
15956
15957
15975
15976
15993
15994
16010
16011
16025
16026
16037
16038
16039
16040
16041
16047
16048
16049
16050
16051
16052
16053
16054
16055
16056
16057
16058
16059
16060
16061
16062
16063
16072
16073
16074
16075
16087
16088
16103
16104
16105
16121
16122
16140
16141
16160
16161
16180
16181
16201
16202
16222
16223
16243
16244
16264
16265
16285
16286
16305
16306
16324
16325
16342
16343
16359
16360
16374
16375
16386
16387
16388
16389
16390
16396
16397
16398
16399
16400
16401
16402
16403
16404
16405
16406
16407
16408
16409
16410
16411
16412
16421
16422
16423
16424
16436
16437
16452
16453
16454
16470
16471
16489
16490
16509
16510
16529
16530
16550
16551
16571
16572
16592
16593
16613
16614
16634
16635
16654
16655
16673
16674
16691
16692
16708
16709
16723
16724
16735
16736
16737
16738
16739
16745
16746
16747
16748
16749
16750
16751
16752
16753
16754
16755
16756
16757
16758
16759
16760
16761
16770
16771
16772
16773
16785
16786
16801
16802
16803
16819
16820
16838
16839
16858
16859
16878
16879
16899
16900
16920
16921
16941
16942
16962
16963
16983
16984
17003
17004
17022
17023
17040
17041
17057
17058
17072
17073
17084
17085
17086
17087
17088
17094
17095
17096
17097
17098
17099
17100
17101
17102
17103
17104
17105
17106
17107
17108
17109
17110
17119
17120
17121
17122
17134
17135
17150
17151
17152
17168
17169
17187
17188
17207
17208
17227
17228
17248
17249
17269
17270
17290
17291
17311
17312
17332
17333
17352
17353
17371
17372
17389
17390
17406
17407
17421
17422
17433
17434
17435
17436
17437
17443
17444
17445
17446
17447
17448
17449
17450
17451
17452
17453
17454
17455
17456
17457
17458
17459
17468
17469
17470
17471
17483
17484
17499
17500
17501
17517
17518
17536
17537
17556
17557
17576
17577
17597
17598
17618
17619
17639
17640
17660
17661
17681
17682
17701
17702
17720
17721
17738
17739
17755
17756
17770
17771
17782
17783
17784
17785
17786
17792
17793
17794
17795
17796
17797
17798
17799
17800
17801
17802
17803
17804
17805
17806
17807
17808
17817
17818
17819
17820
17832
17833
17848
17849
17850
17866
17867
17885
17886
17905
17906
17925
17926
17946
17947
17967
17968
17988
17989
18009
18010
18030
18031
18050
18051
18069
18070
18087
18088
18104
18105
18119
18120
18131
18132
18133
18134
18135
18141
18142
18143
18144
18145
18146
18147
18148
18149
18150
18151
18152
18153
18154
18155
18156
18157
18166
18167
18168
18169
18181
18182
18197
18198
18199
18215
18216
18234
18235
18254
18255
18274
18275
18295
18296
18316
18317
18337
18338
18358
18359
18379
18380
18399
18400
18418
18419
18436
18437
18453
18454
18468
18469
18480
18481
18482
18483
18484
18490
18491
18492
18493
18494
18495
18496
18497
18498
18499
18500
18501
18502
18503
18504
18505
18506
18515
18516
18517
18518
18530
18531
18546
18547
18548
18564
18565
18583
18584
18603
18604
18623
18624
18644
18645
18665
18666
18686
18687
18707
18708
18728
18729
18748
18749
18767
18768
18785
18786
18802
18803
18817
18818
18829
18830
18831
18832
18833
18839
18840
18841
18842
18843
18844
18845
18846
18847
18848
18849
18850
18851
18852
18853
18854
18855
18864
18865
18866
18867
18879
18880
18895
18896
18897
18913
18914
18932
18933
18952
18953
18972
18973
18993
18994
19014
19015
19035
19036
19056
19057
19077
19078
19097
19098
19116
19117
19134
19135
19151
19152
19166
19167
19178
19179
19180
19181
19182
19188
19189
19190
19191
19192
19193
19194
19195
19196
19197
19198
19199
19200
19201
19202
19203
19204
19213
19214
19215
19216
19228
19229
19244
19245
19246
19262
19263
19281
19282
19301
19302
19321
19322
19342
19343
19363
19364
19384
19385
19405
19406
19426
19427
19446
19447
19465
19466
19483
19484
19500
19501
19515
19516
19527
19528
19529
19530
19531
19537
19538
19539
19540
19541
19542
19543
19544
19545
19546
19547
19548
19549
19550
19551
19552
19553
19562
19563
19564
19565
19577
19578
19593
19594
19595
19611
19612
19630
19631
19650
19651
19670
19671
19691
19692
19712
19713
19733
19734
19754
19755
19775
19776
19795
19796
19814
19815
19832
19833
19849
19850
19864
19865
19876
19877
19878
19879
19880
19886
19887
19888
19889
19890
19891
19892
19893
19894
19895
19896
19897
19898
19899
19900
19901
19902
19911
19912
19913
19914
19926
19927
19942
19943
19944
19960
19961
19979
19980
19999
20000
20019
20020
20040
20041
20061
20062
20082
20083
20103
20104
20124
20125
20144
20145
20163
20164
20181
20182
20198
20199
20213
20214
20225
20226
20227
20228
20229
20235
20236
20237
20238
20239
20240
20241
20242
20243
20244
20245
20246
20247
20248
20249
20250
20251
20260
20261
20262
20263
20275
20276
20291
20292
20293
20309
20310
20328
20329
20348
20349
20368
20369
20389
20390
20410
20411
20431
20432
20452
20453
20473
20474
20493
20494
20512
20513
20530
20531
20547
20548
20562
20563
20574
20575
20576
20577
20578
20584
20585
20586
20587
20588
20589
20590
24430
24431
24432
24433
24434
24435
24436
24437
24438
24439
24440
24441
24442
24443
24444
24445
24446
24447
24448
24449
24450
24451
24452
24453
24454
24455
24456
24457
24458
24459
24460
24461
24462
24463
24464
24465
24466
24467
24468
24469
24470
24471
24472
24473
24474
24475
24476
24477
24478
24479
24480
24481
24482
24483
24484
24485
24486
24487
24488
24489
24490
24491
24492
24493
24494
24495
24496
24497
24498
24499
24500
24501
24502
24503
24504
24505
24506
24507
24508
24509
24510
24511
24512
24513
24514
24515
24516
24517
24518
24519
24520
24521
24522
24523
24524
24525
24526
24527
24528
24529
24530
24531
24532
24533
24534
24535
24536
24537
24538
24539
24540
24541
24542
24543
24544
24545
24546
24547
24548
24549
24550
24551
24552
24553
24554
24555
24556
24557
24558
24559
24560
24561
24562
24563
24564
24565
24566
24567
24568
24569
24570
24571
24572
24573
24574
24575
24576
24577
24578
24579
24580
24581
24582
24583
24584
24585
24586
24587
24588
24589
24590
24591
24592
24593
24594
24595
24596
24597
24598
24599
24600
24601
24602
24603
24604
24605
24606
24607
24608
24609
24610
24611
24612
24613
24614
24615
24616
24617
24618
24619
24620
24621
24622
24623
24624
24625
24626
24627
24628
24629
24630
24631
24632
24633
24634
24635
24636
24637
24638
24639
24640
24641
24642
24643
24644
24645
24646
24647
24648
24649
24650
24651
24652
24653
24654
24655
24656
24657
24658
24659
24660
24661
24662
24663
24664
24665
24666
24667
24668
24669
24670
24671
24672
24673
24674
24675
24676
24677
24678
24679
24680
24681
24682
24683
24684
24685
24686
24687
24688
24689
24690
24691
24692
24693
24694
24695
24696
24697
24698
24699
24700
24701
24702
24703
24704
24705
24706
24707
24708
24709
24710
24711
24712
24713
24714
24715
24716
24717
24718
24719
24720
24721
24722
24723
24724
24725
24726
24727
24728
24729
24731
24732
24733
24734
24735
24738
24739
24740
24741
24742
24745
24746
24747
24748
24749
24752
24753
24754
24755
24756
24759
24760
24761
24762
24763
24765
24766
24767
24768
24769
24770
24771
24772
24773
24774
24775
24776
24777
24778
24779
24780
24781
24782
24783
24784
24787
24788
24789
24794
24795
24796
24801
24802
24803
24804
24805
24808
24809
24810
24811
24812
24813
24814
24815
24816
24817
24818
24819
24820
24822
24823
24824
24825
24829
24830
24831
24833
24836
24837
24838
24839
24840
24842
24843
24844
24845
24846
24847
24848
24850
24851
24852
24857
24858
24859
24864
24865
24866
24867
24868
24870
24871
24872
24873
24874
24875
24876
24877
24878
24879
24880
24881
24885
24886
24887
24889
24892
24893
24894
24895
24896
24897
24898
24899
24900
24901
24902
24904
24906
24907
24908
24910
24912
24913
24914
24915
24916
24917
24918
24919
24920
24921
24922
24927
24928
24929
24934
24935
24936
24937
24938
24939
24940
24941
24942
24943
24944
24945
24946
24948
24949
24950
24951
24952
24954
24955
24956
24957
24958
24960
24962
24963
24964
24966
24968
24969
24970
24971
24972
24974
24976
24977
24978
24980
24982
24983
24984
24985
24986
24988
24990
24991
24992
24994
24996
24997
24998
24999
25000
25002
25004
25005
25006
25008
25010
25011
25012
25013
25014
25016
25017
25018
25019
25020
25022
25023
25024
25025
25026
25027
25028
25029
25030
25031
25032
25033
25034
25039
25040
25041
25046
25047
25048
25049
25050
25051
25052
25053
25054
25055
25056
25058
25060
25061
25062
25064
25066
25067
25068
25069
25070
25071
25072
25073
25074
25075
25076
25079
25081
25082
25083
25087
25088
25089
25090
25091
25092
25093
25094
25095
25096
25097
25098
25100
25101
25102
25103
25104
25109
25110
25111
25116
25117
25118
25120
25121
25122
25123
25124
25125
25126
25128
25129
25130
25131
25132
25135
25137
25138
25139
25143
25144
25145
25146
25148
25149
25150
25151
25152
25153
25154
25155
25156
25157
25158
25159
25160
25163
25164
25165
25166
25167
25172
25173
25174
25179
25180
25181
25184
25185
25186
25187
25188
25189
25190
25191
25192
25193
25194
25195
25196
25197
25198
25199
25200
25201
25202
25203
25205
25206
25207
25208
25209
25212
25213
25214
25215
25216
25219
25220
25221
25222
25223
25226
25227
25228
25229
25230
25233
25234
25235
25236
25237
25239
25240
25241
25242
25243
25244
25245
25246
25247
25248
25249
25251
25252
25255
25256
25259
25260
25263
25264
25267
25269
25270
25273
25274
25275
25280
25281
25287
25294
25301
25308
25315
25317
25322
25323
25324
25329
25330
25333
25335
25336
25337
25342
25363
25370
25371
25372
25377
25379
25381
25382
25395
25402
25404
25409
25411
25413
25414
25434
25436
25441
25443
25444
25445
25457
25464
25465
25466
25471
25472
25476
25482
25484
25489
25492
25493
25494
25513
25514
25515
25520
25522
25523
25529
25531
25536
25538
25539
25543
25549
25551
25556
25559
25560
25564
25570
25572
25577
25580
25581
25585
25591
25593
25598
25601
25602
25606
25612
25614
25619
25622
25625
25626
25631
25632
25633
25639
25640
25641
25660
25661
25662
25667
25668
25672
25678
25680
25685
25688
25689
25690
25696
25704
25709
25710
25711
25716
25719
25720
25739
25740
25741
25747
25750
25751
25757
25765
25770
25771
25772
25778
25780
25781
25782
25788
25789
25809
25810
25815
25816
25817
25823
25826
25827
25828
25834
25835
25841
25842
25848
25849
25855
25856
25862
25863
25868
25869
25870
25875
25876
25877
25882
25885
25887
25890
25893
25896
26187
26188
26189
26190
26191
26192
26193
26194
26195
26196
26197
26198
26199
26200
26201
26202
26203
26204
26205
26206
26207
26208
26209
26210
26211
26212
26213
26214
26215
26216
26217
26218
26219
26220
26221
26222
26223
26224
26225
26226
26227
26228
26229
26230
26231
26232
26233
26234
26235
26236
26237
26238
26239
26240
26241
26242
26243
26244
26245
26246
26247
26248
26249
26250
26251
26252
26253
26254
26255
26256
26257
26258
26259
26260
26261
26262
26263
26264
26265
26266
26267
26268
26269
26270
26271
26272
26273
26274
26275
26276
26277
26278
26279
26280
26281
26282
26283
26284
26285
26286
26287
26288
26289
26290
26291
26292
26293
26294
26295
26296
26297
26298
26299
26300
26301
26302
26303
26304
26305
26306
26307
26308
26309
26310
26311
26312
26313
26314
26315
26316
26317
26318
26319
26320
26321
26322
26323
26324
26325
26326
26327
26328
26329
26330
26331
26332
26333
26334
26335
26336
26337
26338
26339
26340
26341
26342
26343
26344
26345
26346
26347
26348
26349
26350
26351
26352
26353
26354
26355
26356
26357
26358
26359
26360
26361
26362
26363
26364
26365
26366
26367
26368
26369
26370
26371
26372
26373
26374
26375
26376
26377
26378
26379
26380
26381
26382
26383
26384
26385
26386
26387
26388
26389
26390
26391
26392
26393
26394
26395
26396
26397
26398
26399
26400
26401
26402
26403
26404
26405
26406
26407
26408
26409
26410
26411
26412
26413
26414
26415
26416
26417
26418
26419
26420
26421
26422
26423
26424
26425
26426
26427
26428
26429
26430
26431
26432
26433
26434
26435
26436
26437
26438
26439
26440
26441
26442
26443
26444
26445
26446
26447
26448
26449
26450
26451
26452
26453
26454
26455
26456
26457
26458
26459
26460
26461
26462
26463
26464
26465
26466
26467
26468
26469
26470
26471
26472
26473
26474
26475
26476
26477
26478
26479
26480
26481
26482
26483
26484
26485
26486
26487
26488
26489
26490
26491
26492
26493
26494
26495
26496
26497
26498
26499
26500
26501
26502
26503
26504
26505
26506
26507
26508
26509
26510
26511
26512
26513
26514
26515
26516
26517
26518
26519
26520
26521
26522
26523
26524
26525
26526
26527
26528
26529
26530
26531
26532
26533
26534
26535
26536
26537
26538
26539
26540
26541
26542
26543
26544
26545
26546
26547
26548
26549
26550
26551
26552
26553
26554
26555
26556
26557
26558
26559
26560
26561
26562
26563
26564
26565
26566
26567
26568
26569
26570
26571
26572
26573
26574
26575
26576
26577
26578
26579
26580
26581
26582
26583
26584
26585
26586
26587
26588
26589
26590
26591
26592
26593
26594
26595
26596
26597
26598
26599
26600
26601
26602
26603
26604
26605
26606
26607
26608
26609
26610
26611
26612
26613
26614
26615
26616
26617
26618
26619
26620
26621
26622
26623
26624
26625
26626
26627
26628
26629
26630
26631
26632
26633
26634
26635
26636
26637
26638
26639
26640
26641
26642
26643
26644
26645
26646
26647
26648
26649
26650
26651
26652
26653
26654
26655
26656
26657
26658
26659
26660
26661
26662
26663
26664
26665
26666
26667
26668
26669
26670
26671
26672
26673
26674
26675
26676
26677
26678
26679
26680
26681
26682
26683
26684
26685
26686
26687
26688
26689
26690
26691
26692
26693
26694
26695
26696
26697
26698
26699
26700
26701
26702
26703
26704
26705
26706
26707
26708
26709
26710
26711
26712
26713
26714
26715
26716
26717
26718
26719
26720
26721
26722
26723
26724
26725
26726
26727
26728
26729
26730
26731
26732
26733
26734
26735
26736
26737
26738
26739
26740
26741
26742
26743
26744
26745
26746
26747
26748
26749
26750
26751
26752
26753
26754
26755
26756
26757
26758
26759
26760
26761
26762
26763
26764
26765
26766
26767
26768
26769
26770
26771
26772
26773
26774
26775
26776
26777
26778
26779
26780
26781
26782
26783
26784
26785
26786
26787
26788
26789
26790
26791
26792
26793
26794
26795
26796
26797
26798
26799
26800
26801
26802
26803
26804
26805
26806
26807
26808
26809
26810
26811
26812
26813
26814
26815
26816
26817
26818
26819
26820
26821
26822
26823
26824
26825
26826
26827
26828
26829
26830
26831
26832
26833
26834
26835
26836
26837
26838
26839
26840
26841
26842
26843
26844
26845
26846
26847
26848
26849
26850
26851
26852
26853
26854
26855
26856
26857
26858
26859
26860
26861
26862
26863
26864
26865
26866
26867
26868
26869
26870
26871
26872
26873
26874
26875
26876
26877
26878
26879
26880
26881
26882
26883
26884
26885
26886
26887
26888
26889
26890
26891
26892
26893
26894
26895
26896
26897
26898
26899
26900
26901
26902
26903
26904
26905
26906
26907
26908
26909
26910
26911
26912
26913
26914
26915
26916
26917
26918
26919
26920
26921
26922
26923
26924
26925
26926
26927
26928
26929
26930
26931
26932
26933
26934
26935
26936
26937
26938
26939
26940
26941
26942
26943
26944
26945
26946
26947
26948
26949
26950
26951
26952
26953
26954
26955
26956
26957
26958
26959
26960
26961
26962
26963
26964
26965
26966
26967
26968
26969
26970
26971
26972
26973
26974
26975
26976
26977
26978
26979
26980
26981
26982
26983
26984
26985
26986
26987
26988
26989
26990
26991
26992
26993
26994
26995
26996
26997
26998
26999
27000
27001
27002
27003
27004
27005
27006
27007
27008
27009
27010
27011
27012
27013
27014
27015
27016
27017
27018
27019
27020
27021
27022
27023
27024
27025
27026
27027
27028
27029
27030
27031
27032
27033
27034
27035
27036
27037
27038
27039
27040
27041
27042
27043
27044
27045
27046
27047
27048
27049
27050
27051
27052
27053
27054
27055
27056
27057
27058
27059
27060
27061
27062
27063
27064
27065
27066
27067
27068
27069
27070
27071
27072
27073
27074
27075
27076
27077
27078
27079
27080
27081
27082
27083
27084
27085
27086
27087
27088
27089
27090
27091
27092
27093
27094
27095
27096
27097
27098
27099
27100
27101
27102
27103
27104
27105
27106
27107
27108
27109
27110
27111
27112
27113
27114
27115
27116
27117
27118
27119
27120
27121
27122
27123
27124
27125
27126
27127
27128
27129
27130
27131
27132
27133
27134
27135
27136
27137
27138
27139
27140
27141
27142
27143
27144
27145
27146
27147
27148
27149
27150
27151
27152
27153
27154
27155
27156
27157
27158
27159
27160
27161
27162
27163
27164
27165
27166
27167
27168
27169
27170
27171
27172
27173
27174
27175
27176
27177
27178
27179
27180
27181
27182
27183
27184
27185
27186
27187
27188
27189
27190
27191
27192
27193
27194
27195
27196
27197
27198
27199
27200
27201
27202
27203
27204
27205
27206
27207
27208
27209
27210
27211
27212
27213
27214
27215
27216
27217
27218
27219
27220
27221
27222
27223
27224
27225
27226
27227
27228
27229
27230
27231
27232
27233
27234
27235
27236
27237
27238
27239
27240
27241
27242
27243
27244
27245
27246
27247
27248
27249
27250
27251
27252
27253
27254
27255
27256
27257
27258
27259
27260
27261
27262
27263
27264
27265
27266
27267
27268
27269
27270
27271
27272
27273
27274
27275
27276
27277
27278
27279
27280
27281
27282
27283
27284
27285
27286
27287
27288
27289
27290
27291
27292
27293
27294
27295
27296
27297
27298
27299
27300
27301
27302
27303
27304
27305
27306
27307
27308
27309
27310
27311
27312
27313
27314
27315
27316
27317
27318
27319
27320
27321
27322
27323
27324
27325
27326
27327
27328
27329
27330
27331
27332
27333
27334
27335
27336
27337
27338
27339
27340
27341
27342
27343
27344
27345
27346
27347
27348
27349
27350
27351
27352
27353
27354
27355
27356
27357
27358
27359
27360
27361
27362
27363
27364
27365
27366
27367
27368
27369
27370
27371
27372
27373
27374
27375
27376
27377
27378
27379
27380
27381
27382
27383
27384
27385
27386
27387
27388
27389
27390
27391
27392
27393
27394
27395
27396
27397
27398
27399
27400
27401
27402
27403
27404
27405
27406
27407
27408
27409
27410
27411
27412
27413
27414
27415
27416
27417
27418
27419
27420
27421
27422
27423
27424
27425
27426
27427
27428
27429
27430
27431
27432
27433
27434
27435
27436
27437
27438
27439
27440
27441
27442
27443
27444
27445
27446
27447
27448
27449
27450
27451
27452
27453
27454
27455
27456
27457
27458
27459
27460
27461
27462
27463
27464
27465
27466
27467
27468
27469
27470
27471
27472
27473
27474
27475
27476
27477
27478
27479
27480
27481
27482
27483
27484
27485
27486
27487
27488
27489
27490
27491
27492
27493
27494
27495
27496
27497
27498
27499
27500
27501
27502
27503
27504
27505
27506
27507
27508
27509
27510
27511
27512
27513
27514
27515
27516
27517
27518
27519
27520
27521
27522
27523
27524
27525
27526
27527
27528
27529
27530
27531
27532
27533
27534
27535
27536
27537
27538
27539
27540
27541
27542
27543
27544
27545
27546
27547
27548
27549
27550
27551
27552
27553
27554
27555
27556
27557
27558
27559
27560
27561
27562
27563
27564
27565
27566
27567
27568
27569
27570
27571
27572
27573
27574
27575
27576
27577
27578
27579
27580
27581
27582
27583
27584
27585
27586
27587
27588
27589
27590
27591
27592
27593
27594
27595
27596
27597
27598
27599
27600
27601
27602
27603
27604
27605
27606
27607
27608
27609
27610
27611
27612
27613
27614
27615
27616
27617
27618
27619
27620
27621
27622
27623
27624
27625
27626
27627
27628
27629
27630
27631
27632
27633
27634
27635
27636
27637
27638
27639
27640
27641
27642
27643
27644
27645
27646
27647
27648
27649
27650
27651
27652
27653
27654
27655
27656
27657
27658
27659
27660
27661
27662
27663
27664
27665
27666
27667
27668
27669
27670
27671
27672
27673
27674
27675
27676
27677
27678
27679
27680
27681
27682
27683
27684
27685
27686
27687
27688
27689
27690
27691
27692
27693
27694
27695
27696
27697
27698
27699
27700
27701
27702
27703
27704
27705
27706
27707
27708
27709
27710
27711
27712
27713
27714
27715
27716
27717
27718
27719
27720
27721
27722
27723
27724
27725
27726
27727
27728
27729
27730
27731
27732
27733
27734
27735
27736
27737
27738
27739
27740
27741
27742
27743
27744
27745
27746
27747
27748
27749
27750
27751
27752
27753
27754
27755
27756
27757
27758
27759
27760
27761
27762
27763
27764
27765
27766
27767
27768
27769
27770
27771
27772
27773
27774
27775
27776
27777
27778
27779
27780
27781
27782
27783
27784
27785
27786
27787
27788
27789
27790
27791
27792
27793
27794
27795
27796
27797
27798
27799
27800
27801
27802
27803
27804
27805
27806
27807
27808
27809
27810
27811
27812
27813
27814
27815
27816
27817
27818
27819
27820
27821
27822
27823
27824
27825
27826
27827
27828
27829
27830
27831
27832
27833
27834
27835
27836
27837
27838
27839
27840
27841
27842
27843
27844
27845
27846
27847
27848
27849
27850
27851
27852
27853
27854
27855
27856
27857
27858
27859
27860
27861
27862
27863
27864
27865
27866
27867
27868
27869
27870
27871
27872
27873
27874
27875
27876
27877
27878
27879
27880
27881
27882
27883
27884
27885
27886
27887
27888
27889
27890
27891
27892
27893
27894
27895
27896
27897
27898
27899
27900
27901
27902
27903
27904
27905
27906
27907
27908
27909
27910
27911
27912
27913
27914
27915
27916
27917
27918
27919
27920
27921
27922
27923
27924
27925
27926
27927
27928
27929
27930
27931
27932
27933
27934
27935
27936
27937
27938
27939
27940
27941
27942
27943
27944
27945
27946
27947
27948
27949
27950
27951
27952
27953
27954
27955
27956
27957
27958
27959
27960
27961
27962
27963
27964
27965
27966
27967
27968
27969
27970
27971
27972
27973
27974
27975
27976
27977
27978
27979
27980
27981
27982
27983
27984
27985
27986
27987
27988
27989
27990
27991
27992
27993
27994
27995
27996
27997
27998
27999
28000
28001
28002
28003
28004
28005
28006
28007
28008
28009
28010
28011
28012
28013
28014
28015
28016
28017
28018
28019
28020
28021
28022
28023
28024
28025
28026
28027
28028
28029
28030
28031
28032
28033
28034
28035
28036
28037
28038
28039
28040
28041
28042
28043
28044
28045
28046
28047
28048
28049
28050
28051
28052
28053
28054
28055
28056
28057
28058
28059
28060
28061
28062
28063
28064
28065
28066
28067
28068
28069
28070
28071
28072
28073
28074
28075
28076
28077
28078
28079
28080
28081
28082
28083
28084
28085
28086
28087
28088
28089
28090
28091
28092
28093
28094
28095
28096
28097
28098
28099
28100
28101
28102
28103
28104
28105
28106
28107
28108
28109
28110
28111
28112
28113
28114
28115
28116
28117
28118
28119
28120
28121
28122
28123
28124
28125
28126
28127
28128
28129
28130
28131
28132
28133
28134
28135
28136
28137
28138
28139
28140
28141
28142
28143
28144
28145
28146
28147
28148
28149
28150
28151
28152
28153
28154
28155
28156
28157
28158
28159
28160
28161
28162
28163
28164
28165
28166
28167
28168
28169
28170
28171
28172
28173
28174
28175
28176
28177
28178
28179
28180
28181
28182
28183
28184
28185
28186
28187
28188
28189
28190
28191
28192
28193
28194
28195
28196
28197
28198
28199
28200
28201
28202
28203
28204
28205
28206
28207
28208
28209
28210
28211
28212
28213
28214
28215
28216
28217
28218
28219
28220
28221
28222
28223
28224
28225
28226
28227
28228
28229
28230
28231
28232
28233
28234
28235
28236
28237
28238
28239
28240
28241
28242
28243
28244
28245
28246
28247
28248
28249
28250
28251
28252
28253
28254
28255
28256
28257
28258
28259
28260
28261
28262
28263
28264
28265
28266
28267
28268
28269
28270
28271
28272
28273
28274
28275
28276
28277
28278
28279
28280
28281
28282
28283
28284
28285
28286
28287
28288
28289
28290
28291
28292
28293
28294
28295
28296
28297
28298
28299
28300
28301
28302
28303
28304
28305
28306
28307
28308
28309
28310
28311
28312
28313
28314
28315
28316
28317
28318
28319
28320
28321
28322
28323
28324
28325
28326
28327
28328
28329
28330
28331
28332
28333
28334
28335
28336
28337
28338
28339
28340
28341
28342
28343
28344
28345
28346
28347
28348
28349
28350
28351
28352
28353
28354
28355
28356
28357
28358
28359
28360
28361
28362
28363
28364
28365
28366
28367
28368
28369
28370
28371
28372
28373
28374
28375
28376
28377
28378
28379
28380
28381
28382
28383
28384
28385
28386
28387
28388
28389
28390
28391
28392
28393
28394
28395
28396
28397
28398
28399
28400
28401
28402
28403
28404
28405
28406
28407
28408
28409
28410
28411
28412
28413
28414
28415
28416
28417
28418
28419
28420
28421
28422
28423
28424
28425
28426
28427
28428
28429
28430
28431
28432
28433
28434
28435
28436
28437
28438
28439
28440
28441
28442
28443
28444
28445
28446
28447
28448
28449
28450
28451
28452
28453
28454
28455
28456
28457
28458
28459
28460
28461
28462
28463
28464
28465
28466
28467
28468
28469
28470
28471
28472
28473
28474
28475
28476
28477
28478
28479
28480
28481
28482
28483
28484
28485
28486
28487
28488
28489
28490
28491
28492
28493
28494
28495
28496
28497
28498
28499
28500
28501
28502
28503
28504
28505
28506
28507
28508
28509
28510
28511
28512
28513
28514
28515
28516
28517
28518
28519
28520
28521
28522
28523
28524
28525
28526
28527
28528
28529
28530
28531
28532
28533
28534
28535
28536
28537
28538
28539
28540
28541
28542
28543
28544
28545
28546
28547
28548
28549
28550
28551
28552
28553
28554
28555
28556
28557
28558
28559
28560
28561
28562
28563
28564
28565
28566
28567
28568
28569
28570
28571
28572
28573
28574
28575
28576
28577
28578
28579
28580
28581
28582
28583
28584
28585
28586
28587
28588
28589
28590
28591
28592
28593
28594
28595
28596
28597
28598
28599
28600
28601
28602
28603
28604
28605
28606
28607
28608
28609
28610
28611
28612
28613
28614
28615
28616
28617
28618
28619
28620
28621
28622
28623
28624
28625
28626
28627
28628
28629
28630
28631
28632
28633
28634
28635
28636
28637
28638
28639
28640
28641
28642
28643
28644
28645
28646
28647
28648
28649
28650
28651
28652
28653
28654
28655
28656
28657
28658
28659
28660
28661
28662
28663
28664
28665
28666
28667
28668
28669
28670
28671
28672
28673
28674
28675
28676
28677
28678
28679
28680
28681
28682
28683
28684
28685
28686
28687
28688
28689
28690
28691
28692
28693
28694
28695
28696
28697
28698
28699
28700
28701
28702
28703
28704
28705
28706
28707
28708
28709
28710
28711
28712
28713
28714
28715
28716
28717
28718
28719
28720
28721
28722
28723
28724
28725
28726
28727
28728
28729
28730
28731
28732
28733
28734
28735
28736
28737
28738
28739
28740
28741
28742
28743
28744
28745
28746
28747
28748
28749
28750
28751
28752
28753
28754
28755
28756
28757
28758
28759
28760
28761
28762
28763
28764
28765
28766
28767
28768
28769
28770
28771
28772
28773
28774
28775
28776
28777
28778
28779
28780
28781
28782
28783
28784
28785
28786
28787
28788
28789
28790
28791
28792
28793
28794
28795
28796
28797
28798
28799
28800
28801
28802
28803
28804
28805
28806
28807
28808
28809
28810
28811
28812
28813
28814
28815
28816
28817
28818
28819
28820
28821
28822
28823
28824
28825
28826
28827
28828
28829
28830
28831
28832
28833
28834
28835
28836
28837
28838
28839
28840
28841
28842
28843
28844
28845
28846
28847
28848
28849
28850
28851
28852
28853
28854
28855
28856
28857
28858
28859
28860
28861
28862
28863
28864
28865
28866
28867
28868
28869
28870
28871
28872
28873
28874
28875
28876
28877
28878
28879
28880
28881
28882
28883
28884
28885
28886
28887
28888
28889
28890
28891
28892
28893
28894
28895
28896
28897
28898
28899
28900
28901
28902
28903
28904
28905
28906
28907
28908
28909
28910
28911
28912
28913
28914
28915
28916
28917
28918
28919
28920
28921
28922
28923
28924
28925
28926
28927
28928
28929
28930
28931
28932
28933
28934
28935
28936
28937
28938
28939
28940
28941
28942
28943
28944
28945
28946
28947
28948
28949
28950
28951
28952
28953
28954
28955
28956
28957
28958
28959
28960
28961
28962
28963
28964
28965
28966
28967
28968
28969
28970
28971
28972
28973
28974
28975
28976
28977
28978
28979
28980
28981
28982
28983
28984
28985
28986
28987
28988
28989
28990
28991
28992
28993
28994
28995
28996
28997
28998
28999
29000
29001
29002
29003
29004
29005
29006
29007
29008
29009
29010
29011
29012
29013
29014
29015
29016
29017
29018
29019
29020
29021
29022
29023
29024
29025
29026
29027
29028
29029
29030
29031
29032
29033
29034
29035
29036
29037
29038
29039
29040
29041
29042
29043
29044
29045
29046
29047
29048
29049
29050
29051
29052
29053
29054
29055
29056
29057
29058
29059
29060
29061
29062
29063
29064
29065
29066
29067
29068
29069
29070
29071
29072
29073
29074
29075
29076
29077
29078
29079
29080
29081
29082
29083
29084
29085
29086
29087
29088
29089
29090
29091
29092
29093
29094
29095
29096
29097
29098
29099
29100
29101
29102
29103
29104
29105
29106
29107
29108
29109
29110
29111
29112
29113
29114
29115
29116
29117
29118
29119
29120
29121
29122
29123
29124
29125
29126
29127
29128
29129
29130
29131
29132
29133
29134
29135
29136
29137
29138
29139
29140
29141
29142
29143
29144
29145
29146
29147
29148
29149
29150
29151
29152
29153
29154
29155
29156
29157
29158
29159
29160
29161
29162
29163
29164
29165
29166
29167
29168
29169
29170
29171
29172
29173
29174
29175
29176
29177
29178
29179
29180
29181
29182
29183
29184
29185
29186
29187
29188
29189
29190
29191
29192
29193
29194
29195
29196
29197
29198
29199
29200
29201
29202
29203
29204
29205
29206
29207
29208
29209
29210
29211
29212
29213
29214
29215
29216
29217
29218
29219
29220
29221
29222
29223
29224
29225
29226
29227
29228
29229
29230
29231
29232
29233
29234
29235
29236
29237
29238
29239
29240
29241
29242
29243
29244
29245
29246
29247
29248
29249
29250
29251
29252
29253
29254
29255
29256
29257
29258
29259
29260
29261
29262
29263
29264
29265
29266
29267
29268
29269
29270
29271
29272
29273
29274
29275
29276
29277
29278
29279
29280
29281
29282
29283
29284
29285
29286
29287
29288
29289
29290
29291
29292
29293
29294
29295
29296
29297
29298
29299
29300
29301
29302
29303
29304
29305
29306
29307
29308
29309
29310
29311
29312
29313
29314
29315
29316
29317
29318
29319
29320
29321
29322
29323
29324
29325
29326
29327
29328
29329
29330
29331
29332
29333
29334
29335
29336
29337
29338
29339
29340
29341
29342
29343
29344
29345
29346
29347
29348
29349
29350
29351
29352
29353
29354
29355
29356
29357
29358
29359
29360
29361
29362
29363
29364
29365
29366
29367
29368
29369
29370
29371
29372
29373
29374
29375
29376
29377
29378
29379
29380
29381
29382
29383
29384
29385
29386
29387
29388
29389
29390
29391
29392
29393
29394
29395
29396
29397
29398
29399
29400
29401
29402
29403
29404
29405
29406
29407
29408
29409
29410
29411
29412
29413
29414
29415
29416
29417
29418
29419
29420
29421
29422
29423
29424
29425
29426
29427
29428
29429
29430
29431
29432
29433
29434
29435
29436
29437
29438
29439
29440
29441
29442
29443
29444
29445
29446
29447
29448
29449
29450
29451
29452
29453
29454
29455
29456
29457
29458
29459
29460
29461
29462
29463
29464
29465
29466
29467
29468
29469
29470
29471
29472
29473
29474
29475
29476
29477
29478
29479
29480
29481
29482
29483
29484
29485
29486
29487
29488
29489
29490
29491
29492
29493
29494
29495
29496
29497
29498
29499
29500
29501
29502
29503
29504
29505
29506
29507
29508
29509
29510
29511
29512
29513
29514
29515
29516
29517
29518
29519
29520
29521
29522
29523
29524
29525
29526
29527
29528
29529
29530
29531
29532
29533
29534
29535
29536
29537
29538
29539
29540
29541
29542
29543
29544
29545
29546
29547
29548
29549
29550
29551
29552
29553
29554
29555
29556
29557
29558
29559
29560
29561
29562
29563
29564
29565
29566
29567
29568
29569
29570
29571
29572
29573
29574
29575
29576
29577
29578
29579
29580
29581
29582
29583
29584
29585
29586
29587
29588
29589
29590
29591
29592
29593
29594
29595
29596
29597
29598
29599
29600
29601
29602
29603
29604
29605
29606
29607
29608
29609
29610
29611
29612
29613
29614
29615
29616
29617
29618
29619
29620
29621
29622
29623
29624
29625
29626
29627
29628
29629
29630
29631
29632
29633
29634
29635
29636
29637
29638
29639
29640
29641
29642
29643
29644
29645
29646
29647
29648
29649
29650
29651
29652
29653
29654
29655
29656
29657
29658
29659
29660
29661
29662
29663
29664
29665
29666
29667
29668
29669
29670
29671
29672
29673
29674
29675
29676
29677
29678
29679
29680
29681
29682
29683
29684
29685
29686
29687
29688
29689
29690
29691
29692
29693
29694
29695
29696
29697
29698
29699
29700
29701
29702
29703
29704
29705
29706
29707
29708
29709
29710
29711
29712
29713
29714
29715
29716
29717
29718
29719
29720
29721
29722
29723
29724
29725
29726
29727
29728
29729
29730
29731
29732
29733
29734
29735
29736
29737
29738
29739
29740
29741
29742
29743
29744
29745
29746
29747
29748
29749
29750
29751
29752
29753
29754
29755
29756
29757
29758
29759
29760
29761
29762
29763
29764
29765
29766
29767
29768
29769
29770
29771
29772
29773
29774
29775
29776
29777
29778
29779
29780
29781
29782
29783
29784
29785
29786
29787
29788
29789
29790
29791
29792
29793
29794
29795
29796
29797
29798
29799
29800
29801
29802
29803
29804
29805
29806
29807
29808
29809
29810
29811
29812
29813
29814
29815
29816
29817
29818
29819
29820
29821
29822
29823
29824
29825
29826
29827
29828
29829
29830
29831
29832
29833
29834
29835
29836
29837
29838
29839
29840
29841
29842
29843
29844
29845
29846
29847
29848
29849
29850
29851
29852
29853
29854
29855
29856
29857
29858
29859
29860
29861
29862
29863
29864
29865
29866
29867
29868
29869
29870
29871
29872
29873
29874
29875
29876
29877
29878
29879
29880
29881
29882
29883
29884
29885
29886
29887
29888
29889
29890
29891
29892
29893
29894
29895
29896
29897
29898
29899
29900
29901
29902
29903
29904
29905
29906
29907
29908
29909
29910
29911
29912
29913
29914
29915
29916
29917
29918
29919
29920
29921
29922
29923
29924
29925
29926
29927
29928
29929
29930
29931
29932
29933
29934
29935
29936
29937
29938
29939
29940
29941
29942
29943
29944
29945
29946
29947
29948
29949
29950
29951
29952
29953
29954
29955
29956
29957
29958
29959
29960
29961
29962
29963
29964
29965
29966
29967
29968
29969
29970
29971
29972
29973
29974
29975
29976
29977
29978
29979
29980
29981
29982
29983
29984
29985
29986
29987
29988
29989
29990
29991
29992
29993
29994
29995
29996
29997
29998
29999
30000
30001
30002
30003
30004
30005
30006
30007
30008
30009
30010
30011
30012
30013
30014
30015
30016
30017
30018
30019
30020
30021
30022
30023
30024
30025
30026
30027
30028
30029
30030
30031
30032
30033
30034
30035
30036
30037
30038
30039
30040
30041
30042
30043
30044
30045
30046
30047
30048
30049
30050
30051
30052
30053
30054
30055
30056
30057
30058
30059
30060
30061
30062
30063
30064
30065
30066
30067
30068
30069
30070
30071
30072
30073
30074
30075
30076
30077
30078
30079
30080
30081
30082
30083
30084
30085
30086
30087
30088
30089
30090
30091
30092
30093
30094
30095
30096
30097
30098
30099
30100
30101
30102
30103
30104
30105
30106
30107
30108
30109
30110
30111
30112
30113
30114
30115
30116
30117
30118
30119
30120
30121
30122
30123
30124
30125
30126
30127
30128
30129
30130
30131
30132
30133
30134
30135
30136
30137
30138
30139
30140
30141
30142
30143
30144
30145
30146
30147
30148
30149
30150
30151
30152
30153
30154
30155
30156
30157
30158
30159
30160
30161
30162
30163
30164
30165
30166
30167
30168
30169
30170
30171
30172
30173
30174
30175
30176
30177
30178
30179
30180
30181
30182
30183
30184
30185
30186
30187
30188
30189
30190
30191
30192
30193
30194
30195
30196
30197
30198
30199
30200
30201
30202
30203
30204
30205
30206
30207
30208
30209
30210
30211
30212
30213
30214
30215
30216
30217
30218
30219
30220
30221
30222
30223
30224
30225
30226
30227
30228
30229
30230
30231
30232
30233
30234
30235
30236
30237
30238
30239
30240
30241
30242
30243
30244
30245
30246
30247
30248
30249
30250
30251
30252
30253
30254
30255
30256
30257
30258
30259
30260
30261
30262
30263
30264
30265
30266
30267
30268
30269
30270
30271
30272
30273
30274
30275
30276
30277
30278
30279
30280
30281
30282
30283
30284
30285
30286
30287
30288
30289
30290
30291
30292
30293
30294
30295
30296
30297
30298
30299
30300
30301
30302
30303
30304
30305
30306
30307
30308
30309
30310
30311
30312
30313
30314
30315
30316
30317
30318
30319
30320
30321
30322
30323
30324
30325
30326
30327
30328
30329
30330
30331
30332
30333
30334
30335
30336
30337
30338
30339
30340
30341
30342
30343
30344
30345
30346
30347
30348
30349
30350
30351
30352
30353
30354
30355
30356
30357
30358
30359
30360
30361
30362
30363
30364
30365
30366
30367
30368
30369
30370
30371
30372
30373
30374
30375
30376
30377
30378
30379
30380
30381
30382
30383
30384
30385
30386
30387
30388
30389
30390
30391
30392
30393
30394
30395
30396
30397
30398
30399
30400
30401
30402
30403
30404
30405
30406
30407
30408
30409
30410
30411
30412
30413
30414
30415
30416
30417
30418
30419
30420
30421
30422
30423
30424
30425
30426
30427
30428
30429
30430
30431
30432
30433
30434
30435
30436
30437
30438
30439
30440
30441
30442
30443
30444
30445
30446
30447
30448
30449
30450
30451
30452
30453
30454
30455
30456
30457
30458
30459
30460
30461
30462
30463
30464
30465
30466
30467
30468
30469
30470
30471
30472
30473
30474
30475
30476
30477
30478
30479
30480
30481
30482
30483
30484
30485
30486
30487
30488
30489
30490
30491
30492
30493
30494
30495
30496
30497
30498
30499
30500
30501
30502
30503
30504
30505
30506
30507
30508
30509
30510
30511
30512
30513
30514
30515
30516
30517
30518
30519
30520
30521
30522
30523
30524
30525
30526
30527
30528
30529
30530
30531
30532
30533
30534
30535
30536
30537
30538
30539
30540
30541
30542
30543
30544
30545
30546
30547
30548
30549
30550
30551
30552
30553
30554
30555
30556
30557
30558
30559
30560
30561
30562
30563
30564
30565
30566
30567
30568
30569
30570
30571
30572
30573
30574
30575
30576
30577
30578
30579
30580
30581
30582
30583
30584
30585
30586
30587
30588
30589
30590
30591
30592
30593
30594
30595
30596
30597
30598
30599
30600
30601
30602
30603
30604
30605
30606
30607
30608
30609
30610
30611
30612
30613
30614
30615
30616
30617
30618
30619
30620
30621
30622
30623
30624
30625
30626
30627
30628
30629
30630
30631
30632
30633
30634
30635
30636
30637
30638
30639
30640
30641
30642
30643
30644
30645
30646
30647
30648
30649
30650
30651
30652
30653
30654
30655
30656
30657
30658
30659
30660
30661
30662
30663
30664
30665
30666
30667
30668
30669
30670
30671
30672
30673
30674
30675
30676
30677
30678
30683
30684
30685
30690
30691
30692
30697
30698
30699
30704
30705
30706
30711
30712
30713
30718
30719
30720
30721
30722
30723
30724
30729
30730
30731
30736
30737
30738
30743
30744
30745
30750
30751
30752
30757
30758
30759
30764
30765
30766
30771
30772
30773
30778
30779
30780
30785
30786
30787
30792
30793
30794
30795
30796
30797
30798
30803
30804
30805
30810
30811
30812
30817
30818
30819
30824
30825
30826
30831
30832
30833
30838
30839
30840
30845
30846
30847
30852
30853
30854
30859
30860
30861
30866
30867
30868
30873
30874
30875
30880
30881
30882
30883
30884
30889
30890
30891
30896
30897
30898
30903
30904
30905
30910
30911
30912
30917
30918
30919
30924
30925
30926
30931
30932
30933
30938
30939
30940
30945
30946
30947
30952
30953
30954
30959
30960
30961
30966
30967
30968
30973
30974
30975
30980
30981
30982
30983
30984
30985
30986
30991
30992
30993
30998
30999
31000
31005
31006
31007
31012
31013
31014
31019
31020
31021
31026
31027
31028
31033
31034
31035
31040
31041
31042
31047
31048
31049
31054
31055
31056
31061
31062
31063
31068
31069
31070
31075
31076
31077
31082
31083
31084
31089
31090
31091
31096
31097
31098
31099
31100
31101
31106
31107
31108
31113
31114
31115
31120
31121
31122
31127
31128
31129
31134
31135
31136
31141
31142
31143
31148
31149
31150
31155
31156
31157
31162
31163
31164
31169
31170
31171
31176
31177
31178
31183
31184
31185
31190
31191
31192
31197
31198
31199
31204
31205
31206
31211
31212
31213
31214
31215
31220
31221
31222
31227
31228
31229
31234
31235
31236
31241
31242
31243
31248
31249
31250
31255
31256
31257
31262
31263
31264
31269
31270
31271
31276
31277
31278
31283
31284
31285
31290
31291
31292
31297
31298
31299
31304
31305
31306
31311
31312
31313
31318
31319
31320
31325
31326
31327
31332
31333
31334
31339
31340
31341
31342
31343
31344
31345
31346
31347
31352
31353
31354
31359
31360
31361
31366
31367
31368
31373
31374
31375
31380
31381
31382
31387
31388
31389
31394
31395
31396
31401
31402
31403
31408
31409
31410
31415
31416
31417
31422
31423
31424
31429
31430
31431
31436
31437
31438
31443
31444
31445
31450
31451
31452
31457
31458
31459
31464
31465
31466
31471
31472
31473
31474
31475
31476
31477
31478
31479
31480
31485
31486
31487
31492
31493
31494
31499
31500
31501
31506
31507
31508
31513
31514
31515
31520
31521
31522
31527
31528
31529
31534
31535
31536
31541
31542
31543
31548
31549
31550
31555
31556
31557
31562
31563
31564
31569
31570
31571
31576
31577
31578
31583
31584
31585
31590
31591
31592
31597
31598
31599
31604
31605
31606
31607
31608
31609
31610
31611
31612
31613
31618
31619
31620
31625
31626
31627
31632
31633
31634
31639
31640
31641
31646
31647
31648
31653
31654
31655
31660
31661
31662
31667
31668
31669
31674
31675
31676
31681
31682
31683
31688
31689
31690
31695
31696
31697
31702
31703
31704
31709
31710
31711
31716
31717
31718
31723
31724
31725
31730
31731
31732
31737
31738
31739
31740
31741
31742
31743
31744
31745
31746
31751
31752
31753
31758
31759
31760
31765
31766
31767
31772
31773
31774
31779
31780
31781
31786
31787
31788
31793
31794
31795
31800
31801
31802
31807
31808
31809
31814
31815
31816
31821
31822
31823
31828
31829
31830
31835
31836
31837
31842
31843
31844
31849
31850
31851
31856
31857
31858
31863
31864
31865
31870
31871
31872
31873
31874
31875
31876
31877
31882
31883
31884
31889
31890
31891
31896
31897
31898
31903
31904
31905
31910
31911
31912
31917
31918
31919
31924
31925
31926
31931
31932
31933
31938
31939
31940
31945
31946
31947
31952
31953
31954
31959
31960
31961
31966
31967
31968
31973
31974
31975
31980
31981
31982
31987
31988
31989
31994
31995
31996
32001
32002
32003
32004
32009
32010
32011
32016
32017
32018
32023
32024
32025
32030
32031
32032
32037
32038
32039
32044
32045
32046
32051
32052
32053
32058
32059
32060
32065
32066
32067
32072
32073
32074
32079
32080
32081
32086
32087
32088
32093
32094
32095
32100
32101
32102
32107
32108
32109
32114
32115
32116
32117
32118
32119
32120
32125
32126
32127
32132
32133
32134
32139
32140
32141
32146
32147
32148
32153
32154
32155
32160
32161
32162
32167
32168
32169
32174
32175
32176
32181
32182
32183
32188
32189
32190
32195
32196
32197
32202
32203
32204
32209
32210
32211
32216
32217
32218
32223
32224
32225
32230
32231
32232
32233
32234
32235
32240
32241
32242
32247
32248
32249
32254
32255
32256
32261
32262
32263
32268
32269
32270
32275
32276
32277
32282
32283
32284
32289
32290
32291
32296
32297
32298
32303
32304
32305
32310
32311
32312
32317
32318
32319
32324
32325
32326
32331
32332
32333
32334
32335
32340
32341
32342
32347
32348
32349
32354
32355
32356
32361
32362
32363
32368
32369
32370
32375
32376
32377
32382
32383
32384
32389
32390
32391
32396
32397
32398
32403
32404
32405
32410
32411
32412
32417
32418
32419
32420
32421
32422
32427
32428
32429
32434
32435
32436
32441
32442
32443
32448
32449
32450
32455
32456
32457
32462
32463
32464
32469
32470
32471
32476
32477
32478
32483
32484
32485
32490
32491
32492
32493
32494
32495
32500
32501
32502
32507
32508
32509
32514
32515
32516
32521
32522
32523
32528
32529
32530
32535
32536
32537
32538
32539
32540
32541
32542
32543
32544
32545
32546
32547
32548
32549
32550
32551
32552
32553
32554
32555
32556
32557
32558
32559
32560
32561
32562
32563
32564
32565
32566
32567
32568
32569
32570
32571
32572
32573
32574
32575
32576
32577
32578
32579
32580
32581
32582
32583
32584
32585
32586
32587
32588
32589
32591
32592
32593
32595
32598
32599
32602
32605
32606
32609
32612
32613
32616
32619
32620
32623
32625
32626
32627
32629
32630
32631
32632
32633
32634
32635
32636
32637
32638
32639
32640
32641
32642
32643
32644
32645
32646
32647
32648
32649
32650
32653
32654
32685
32688
32689
32692
32693
32694
32695
32696
32697
32698
32699
32700
32701
32702
32703
32704
32706
32707
32708
32713
32717
32721
32724
32726
32727
32728
32730
32731
32732
32733
32734
32735
32736
32738
32739
32740
32756
32758
32759
32760
32762
32763
32764
32765
32766
32767
32768
32769
32770
32771
32775
32779
32783
32786
32787
32788
32789
32790
32791
32792
32793
32794
32795
32796
32798
32800
32802
32804
32806
32808
32810
32811
32812
32813
32814
32815
32816
32817
32818
32819
32820
32835
32836
32837
32838
32839
32840
32841
32842
32843
32844
32845
32847
32848
32849
32865
32867
32868
32869
32871
32872
32873
32874
32875
32876
32877
32879
32881
32883
32885
32887
32889
32891
32892
32893
32894
32895
32896
32897
32898
32900
32902
32904
32906
32908
32910
32912
32913
32914
32915
32916
32917
32918
32919
32921
32923
32925
32927
32929
32931
32933
32934
32935
32936
32937
32938
32939
32940
32942
32944
32946
32948
32950
32952
32954
32955
32956
32957
32958
32959
32961
32962
32963
32965
32966
32981
32982
32983
32985
32986
32987
32988
32989
32990
32991
32992
32993
32994
32995
33010
33011
33012
33013
33014
33015
33016
33017
33018
33019
33020
33022
33024
33026
33028
33030
33032
33034
33035
33036
33037
33038
33039
33040
33041
33042
33043
33044
33046
33050
33054
33058
33059
33060
33061
33062
33063
33064
33065
33066
33067
33069
33070
33071
33073
33074
33089
33090
33091
33093
33094
33095
33096
33097
33098
33100
33101
33102
33104
33105
33107
33111
33115
33119
33120
33121
33122
33124
33125
33126
33127
33128
33129
33130
33131
33132
33133
33134
33135
33136
33138
33139
33142
33143
33173
33174
33177
33178
33179
33180
33181
33182
33183
33184
33185
33186
33187
33188
33189
33190
33191
33192
33193
33194
33195
33196
33198
33199
33200
33202
33203
33205
33206
33209
33210
33212
33213
33216
33217
33219
33220
33223
33224
33226
33227
33230
33231
33232
33233
33234
33236
33237
33238
33239
33240
33241
33242
33243
33244
33245
33246
33247
33248
33249
33250
33251
33252
33253
33254
33255
33256
33257
33258
33259
33260
33261
33262
33263
33264
33265
33266
33267
33268
33269
33270
33271
33272
33273
33274
33275
33276
33277
33278
33279
33280
33281
33282
33283
33284
33285
33286
33287
33288
33289
33290
33291
33292
33293
33294
33295
33296
33298
33299
33300
33302
33305
33306
33309
33312
33313
33316
33319
33320
33323
33326
33327
33330
33332
33333
33334
33336
33337
33338
33339
33340
33341
33342
33343
33344
33345
33346
33347
33348
33349
33350
33351
33352
33353
33354
33355
33356
33357
33360
33361
33392
33395
33396
33399
33400
33401
33402
33403
33404
33405
33406
33407
33408
33409
33410
33411
33413
33414
33415
33420
33424
33428
33431
33433
33434
33435
33437
33438
33439
33440
33441
33442
33443
33445
33446
33447
33463
33465
33466
33467
33469
33470
33471
33472
33473
33474
33475
33476
33477
33478
33482
33486
33490
33493
33494
33495
33496
33497
33498
33499
33500
33501
33502
33503
33505
33507
33509
33511
33513
33515
33517
33518
33519
33520
33521
33522
33523
33524
33525
33526
33527
33542
33543
33544
33545
33546
33547
33548
33549
33550
33551
33552
33554
33555
33556
33572
33574
33575
33576
33578
33579
33580
33581
33582
33583
33584
33586
33588
33590
33592
33594
33596
33598
33599
33600
33601
33602
33603
33604
33605
33607
33609
33611
33613
33615
33617
33619
33620
33621
33622
33623
33624
33625
33626
33628
33630
33632
33634
33636
33638
33640
33641
33642
33643
33644
33645
33646
33647
33649
33651
33653
33655
33657
33659
33661
33662
33663
33664
33665
33666
33668
33669
33670
33672
33673
33688
33689
33690
33692
33693
33694
33695
33696
33697
33698
33699
33700
33701
33702
33717
33718
33719
33720
33721
33722
33723
33724
33725
33726
33727
33729
33731
33733
33735
33737
33739
33741
33742
33743
33744
33745
33746
33747
33748
33749
33750
33751
33753
33757
33761
33765
33766
33767
33768
33769
33770
33771
33772
33773
33774
33776
33777
33778
33780
33781
33796
33797
33798
33800
33801
33802
33803
33804
33805
33807
33808
33809
33811
33812
33814
33818
33822
33826
33827
33828
33829
33831
33832
33833
33834
33835
33836
33837
33838
33839
33840
33841
33842
33843
33845
33846
33849
33850
33880
33881
33884
33885
33886
33887
33888
33889
33890
33891
33892
33893
33894
33895
33896
33897
33898
33899
33900
33901
33902
33903
33905
33906
33907
33909
33910
33912
33913
33916
33917
33919
33920
33923
33924
33926
33927
33930
33931
33933
33934
33937
33938
33939
33940
33941
33943
33944
33945
33946
33947
33948
33949
33950
33951
33952
33953
33954
33955
33956
33957
33958
33959
33960
33961
33962
33963
33964
33965
33966
33967
33968
33969
33970
33971
33972
33973
33974
33975
33976
33977
33978
33979
33980
33981
33982
33983
33984
33985
33986
33987
33988
33989
33990
33991
33992
33993
33994
33995
33996
33997
33998
33999
34000
34001
34002
34003
34005
34006
34007
34009
34012
34013
34016
34019
34020
34023
34026
34027
34030
34033
34034
34037
34039
34040
34041
34043
34044
34045
34046
34047
34048
34049
34050
34051
34052
34053
34054
34055
34056
34057
34058
34059
34060
34061
34062
34063
34064
34067
34068
34099
34102
34103
34106
34107
34108
34109
34110
34111
34112
34113
34114
34115
34116
34117
34118
34120
34121
34122
34127
34131
34135
34138
34140
34141
34142
34144
34145
34146
34147
34148
34149
34150
34152
34153
34154
34170
34172
34173
34174
34176
34177
34178
34179
34180
34181
34182
34183
34184
34185
34189
34193
34197
34200
34201
34202
34203
34204
34205
34206
34207
34208
34209
34210
34212
34214
34216
34218
34220
34222
34224
34225
34226
34227
34228
34229
34230
34231
34232
34233
34234
34249
34250
34251
34252
34253
34254
34255
34256
34257
34258
34259
34261
34262
34263
34279
34281
34282
34283
34285
34286
34287
34288
34289
34290
34291
34293
34295
34297
34299
34301
34303
34305
34306
34307
34308
34309
34310
34311
34312
34314
34316
34318
34320
34322
34324
34326
34327
34328
34329
34330
34331
34332
34333
34335
34337
34339
34341
34343
34345
34347
34348
34349
34350
34351
34352
34353
34354
34356
34358
34360
34362
34364
34366
34368
34369
34370
34371
34372
34373
34375
34376
34377
34379
34380
34395
34396
34397
34399
34400
34401
34402
34403
34404
34405
34406
34407
34408
34409
34424
34425
34426
34427
34428
34429
34430
34431
34432
34433
34434
34436
34438
34440
34442
34444
34446
34448
34449
34450
34451
34452
34453
34454
34455
34456
34457
34458
34460
34464
34468
34472
34473
34474
34475
34476
34477
34478
34479
34480
34481
34483
34484
34485
34487
34488
34503
34504
34505
34507
34508
34509
34510
34511
34512
34514
34515
34516
34518
34519
34521
34525
34529
34533
34534
34535
34536
34538
34539
34540
34541
34542
34543
34544
34545
34546
34547
34548
34549
34550
34552
34553
34556
34557
34587
34588
34591
34592
34593
34594
34595
34596
34597
34598
34599
34600
34601
34602
34603
34604
34605
34606
34607
34608
34609
34610
34612
34613
34614
34616
34617
34619
34620
34623
34624
34626
34627
34630
34631
34633
34634
34637
34638
34640
34641
34644
34645
34646
34647
34648
34650
34651
34652
34653
34654
34655
34656
34657
34658
34659
34660
34661
34662
34663
34664
34665
34666
34667
34668
34669
34670
34671
34672
34673
34674
34675
34676
34677
34678
34679
34680
34681
34682
34683
34684
34685
34686
34687
34688
34689
34690
34691
34692
34693
34694
34695
34696
34697
34698
34699
34700
34701
34702
34703
34704
34705
34706
34707
34708
34709
34710
34712
34713
34714
34716
34719
34720
34723
34726
34727
34730
34733
34734
34737
34740
34741
34744
34746
34747
34748
34750
34751
34752
34753
34754
34755
34756
34757
34758
34759
34760
34761
34762
34763
34764
34765
34766
34767
34768
34769
34770
34771
34774
34775
34806
34809
34810
34813
34814
34815
34816
34817
34818
34819
34820
34821
34822
34823
34824
34825
34827
34828
34829
34834
34838
34842
34845
34847
34848
34849
34851
34852
34853
34854
34855
34856
34857
34859
34860
34861
34877
34879
34880
34881
34883
34884
34885
34886
34887
34888
34889
34890
34891
34892
34896
34900
34904
34907
34908
34909
34910
34911
34912
34913
34914
34915
34916
34917
34919
34921
34923
34925
34927
34929
34931
34932
34933
34934
34935
34936
34937
34938
34939
34940
34941
34956
34957
34958
34959
34960
34961
34962
34963
34964
34965
34966
34968
34969
34970
34986
34988
34989
34990
34992
34993
34994
34995
34996
34997
34998
35000
35002
35004
35006
35008
35010
35012
35013
35014
35015
35016
35017
35018
35019
35021
35023
35025
35027
35029
35031
35033
35034
35035
35036
35037
35038
35039
35040
35042
35044
35046
35048
35050
35052
35054
35055
35056
35057
35058
35059
35060
35061
35063
35065
35067
35069
35071
35073
35075
35076
35077
35078
35079
35080
35082
35083
35084
35086
35087
35102
35103
35104
35106
35107
35108
35109
35110
35111
35112
35113
35114
35115
35116
35131
35132
35133
35134
35135
35136
35137
35138
35139
35140
35141
35143
35145
35147
35149
35151
35153
35155
35156
35157
35158
35159
35160
35161
35162
35163
35164
35165
35167
35171
35175
35179
35180
35181
35182
35183
35184
35185
35186
35187
35188
35190
35191
35192
35194
35195
35210
35211
35212
35214
35215
35216
35217
35218
35219
35221
35222
35223
35225
35226
35228
35232
35236
35240
35241
35242
35243
35245
35246
35247
35248
35249
35250
35251
35252
35253
35254
35255
35256
35257
35259
35260
35263
35264
35294
35295
35298
35299
35300
35301
35302
35303
35304
35305
35306
35307
35308
35309
35310
35311
35312
35313
35314
35315
35316
35317
35319
35320
35321
35323
35324
35326
35327
35330
35331
35333
35334
35337
35338
35340
35341
35344
35345
35347
35348
35351
35352
35353
35354
35355
35357
35358
35359
35360
35361
35362
35363
35364
35365
35366
35367
35368
35369
35370
35371
35372
35373
35374
35375
35376
35377
35378
35379
35380
35381
35382
35383
35384
35385
35386
35387
35388
35389
35390
35391
35392
35393
35394
35395
35396
35397
35398
35399
35400
35401
35402
35403
35404
35405
35406
35407
35408
35409
35410
35411
35412
35413
35414
35415
35416
35417
35419
35420
35421
35423
35426
35427
35430
35433
35434
35437
35440
35441
35444
35447
35448
35451
35453
35454
35455
35457
35458
35459
35460
35461
35462
35463
35464
35465
35466
35467
35468
35469
35470
35471
35472
35473
35474
35475
35476
35477
35478
35481
35482
35513
35516
35517
35520
35521
35522
35523
35524
35525
35526
35527
35528
35529
35530
35531
35532
35534
35535
35536
35541
35545
35549
35552
35554
35555
35556
35558
35559
35560
35561
35562
35563
35564
35566
35567
35568
35584
35586
35587
35588
35590
35591
35592
35593
35594
35595
35596
35597
35598
35599
35603
35607
35611
35614
35615
35616
35617
35618
35619
35620
35621
35622
35623
35624
35626
35628
35630
35632
35634
35636
35638
35639
35640
35641
35642
35643
35644
35645
35646
35647
35648
35663
35664
35665
35666
35667
35668
35669
35670
35671
35672
35673
35675
35676
35677
35693
35695
35696
35697
35699
35700
35701
35702
35703
35704
35705
35707
35709
35711
35713
35715
35717
35719
35720
35721
35722
35723
35724
35725
35726
35728
35730
35732
35734
35736
35738
35740
35741
35742
35743
35744
35745
35746
35747
35749
35751
35753
35755
35757
35759
35761
35762
35763
35764
35765
35766
35767
35768
35770
35772
35774
35776
35778
35780
35782
35783
35784
35785
35786
35787
35789
35790
35791
35793
35794
35809
35810
35811
35813
35814
35815
35816
35817
35818
35819
35820
35821
35822
35823
35838
35839
35840
35841
35842
35843
35844
35845
35846
35847
35848
35850
35852
35854
35856
35858
35860
35862
35863
35864
35865
35866
35867
35868
35869
35870
35871
35872
35874
35878
35882
35886
35887
35888
35889
35890
35891
35892
35893
35894
35895
35897
35898
35899
35901
35902
35917
35918
35919
35921
35922
35923
35924
35925
35926
35928
35929
35930
35932
35933
35935
35939
35943
35947
35948
35949
35950
35952
35953
35954
35955
35956
35957
35958
35959
35960
35961
35962
35963
35964
35966
35967
35970
35971
36001
36002
36005
36006
36007
36008
36009
36010
36011
36012
36013
36014
36015
36016
36017
36018
36019
36020
36021
36022
36023
36024
36026
36027
36028
36030
36031
36033
36034
36037
36038
36040
36041
36044
36045
36047
36048
36051
36052
36054
36055
36058
36059
36060
36061
36062
36064
36065
36066
36067
36068
36069
36070
36071
36072
36073
36074
36075
36076
36077
36078
36079
36080
36081
36082
36083
36084
36085
36086
36087
36088
36089
36090
36091
36092
36093
36094
36095
36096
36097
36098
36099
36100
36101
36102
36103
36104
36105
36106
36107
36108
36109
36110
36111
36112
36113
36114
36115
36116
36117
36118
36119
36120
36121
36122
36123
36124
36126
36127
36128
36130
36133
36134
36137
36140
36141
36144
36147
36148
36151
36154
36155
36158
36160
36161
36162
36164
36165
36166
36167
36168
36169
36170
36171
36172
36173
36174
36175
36176
36177
36178
36179
36180
36181
36182
36183
36184
36185
36188
36189
36220
36223
36224
36227
36228
36229
36230
36231
36232
36233
36234
36235
36236
36237
36238
36239
36241
36242
36243
36248
36252
36256
36259
36261
36262
36263
36265
36266
36267
36268
36269
36270
36271
36273
36274
36275
36291
36293
36294
36295
36297
36298
36299
36300
36301
36302
36303
36304
36305
36306
36310
36314
36318
36321
36322
36323
36324
36325
36326
36327
36328
36329
36330
36331
36333
36335
36337
36339
36341
36343
36345
36346
36347
36348
36349
36350
36351
36352
36353
36354
36355
36370
36371
36372
36373
36374
36375
36376
36377
36378
36379
36380
36382
36383
36384
36400
36402
36403
36404
36406
36407
36408
36409
36410
36411
36412
36414
36416
36418
36420
36422
36424
36426
36427
36428
36429
36430
36431
36432
36433
36435
36437
36439
36441
36443
36445
36447
36448
36449
36450
36451
36452
36453
36454
36456
36458
36460
36462
36464
36466
36468
36469
36470
36471
36472
36473
36474
36475
36477
36479
36481
36483
36485
36487
36489
36490
36491
36492
36493
36494
36496
36497
36498
36500
36501
36516
36517
36518
36520
36521
36522
36523
36524
36525
36526
36527
36528
36529
36530
36545
36546
36547
36548
36549
36550
36551
36552
36553
36554
36555
36557
36559
36561
36563
36565
36567
36569
36570
36571
36572
36573
36574
36575
36576
36577
36578
36579
36581
36585
36589
36593
36594
36595
36596
36597
36598
36599
36600
36601
36602
36604
36605
36606
36608
36609
36624
36625
36626
36628
36629
36630
36631
36632
36633
36635
36636
36637
36639
36640
36642
36646
36650
36654
36655
36656
36657
36659
36660
36661
36662
36663
36664
36665
36666
36667
36668
36669
36670
36671
36673
36674
36677
36678
36708
36709
36712
36713
36714
36715
36716
36717
36718
36719
36720
36721
36722
36723
36724
36725
36726
36727
36728
36729
36730
36731
36733
36734
36735
36737
36738
36740
36741
36744
36745
36747
36748
36751
36752
36754
36755
36758
36759
36761
36762
36765
36766
36767
36768
36769
36771
36772
36773
36774
36775
36776
36777
36778
36779
36780
36781
36782
36783
36784
36785
36786
36787
36788
36789
36790
36791
36792
36793
36794
36795
36796
36797
36798
36799
36800
36801
36802
36803
36804
36805
36806
36807
36808
36809
36810
36811
36812
36813
36814
36815
36816
36817
36818
36819
36820
36821
36822
36823
36824
36825
36826
36827
36828
36829
36830
36831
36833
36834
36835
36837
36840
36841
36844
36847
36848
36851
36854
36855
36858
36861
36862
36865
36867
36868
36869
36871
36872
36873
36874
36875
36876
36877
36878
36879
36880
36881
36882
36883
36884
36885
36886
36887
36888
36889
36890
36891
36892
36895
36896
36927
36930
36931
36934
36935
36936
36937
36938
36939
36940
36941
36942
36943
36944
36945
36946
36948
36949
36950
36955
36959
36963
36966
36968
36969
36970
36972
36973
36974
36975
36976
36977
36978
36980
36981
36982
36998
37000
37001
37002
37004
37005
37006
37007
37008
37009
37010
37011
37012
37013
37017
37021
37025
37028
37029
37030
37031
37032
37033
37034
37035
37036
37037
37038
37040
37042
37044
37046
37048
37050
37052
37053
37054
37055
37056
37057
37058
37059
37060
37061
37062
37077
37078
37079
37080
37081
37082
37083
37084
37085
37086
37087
37089
37090
37091
37107
37109
37110
37111
37113
37114
37115
37116
37117
37118
37119
37121
37123
37125
37127
37129
37131
37133
37134
37135
37136
37137
37138
37139
37140
37142
37144
37146
37148
37150
37152
37154
37155
37156
37157
37158
37159
37160
37161
37163
37165
37167
37169
37171
37173
37175
37176
37177
37178
37179
37180
37181
37182
37184
37186
37188
37190
37192
37194
37196
37197
37198
37199
37200
37201
37203
37204
37205
37207
37208
37223
37224
37225
37227
37228
37229
37230
37231
37232
37233
37234
37235
37236
37237
37252
37253
37254
37255
37256
37257
37258
37259
37260
37261
37262
37264
37266
37268
37270
37272
37274
37276
37277
37278
37279
37280
37281
37282
37283
37284
37285
37286
37288
37292
37296
37300
37301
37302
37303
37304
37305
37306
37307
37308
37309
37311
37312
37313
37315
37316
37331
37332
37333
37335
37336
37337
37338
37339
37340
37342
37343
37344
37346
37347
37349
37353
37357
37361
37362
37363
37364
37366
37367
37368
37369
37370
37371
37372
37373
37374
37375
37376
37377
37378
37380
37381
37384
37385
37415
37416
37419
37420
37421
37422
37423
37424
37425
37426
37427
37428
37429
37430
37431
37432
37433
37434
37435
37436
37437
37438
37440
37441
37442
37444
37445
37447
37448
37451
37452
37454
37455
37458
37459
37461
37462
37465
37466
37468
37469
37472
37473
37474
37475
37476
37478
37479
37480
37481
37482
37483
37484
37485
37486
37487
37488
37489
37490
37491
37492
37493
37494
37495
37496
37497
37498
37499
37500
37501
37502
37503
37504
37505
37506
37507
37508
37509
37510
37511
37512
37513
37514
37515
37516
37517
37518
37519
37520
37521
37522
37523
37524
37525
37526
37527
37528
37529
37530
37531
37532
37533
37534
37535
37536
37537
37538
37540
37541
37542
37544
37547
37548
37551
37554
37555
37558
37561
37562
37565
37568
37569
37572
37574
37575
37576
37578
37579
37580
37581
37582
37583
37584
37585
37586
37587
37588
37589
37590
37591
37592
37593
37594
37595
37596
37597
37598
37599
37602
37603
37634
37637
37638
37641
37642
37643
37644
37645
37646
37647
37648
37649
37650
37651
37652
37653
37655
37656
37657
37662
37666
37670
37673
37675
37676
37677
37679
37680
37681
37682
37683
37684
37685
37687
37688
37689
37705
37707
37708
37709
37711
37712
37713
37714
37715
37716
37717
37718
37719
37720
37724
37728
37732
37735
37736
37737
37738
37739
37740
37741
37742
37743
37744
37745
37747
37749
37751
37753
37755
37757
37759
37760
37761
37762
37763
37764
37765
37766
37767
37768
37769
37784
37785
37786
37787
37788
37789
37790
37791
37792
37793
37794
37796
37797
37798
37814
37816
37817
37818
37820
37821
37822
37823
37824
37825
37826
37828
37830
37832
37834
37836
37838
37840
37841
37842
37843
37844
37845
37846
37847
37849
37851
37853
37855
37857
37859
37861
37862
37863
37864
37865
37866
37867
37868
37870
37872
37874
37876
37878
37880
37882
37883
37884
37885
37886
37887
37888
37889
37891
37893
37895
37897
37899
37901
37903
37904
37905
37906
37907
37908
37910
37911
37912
37914
37915
37930
37931
37932
37934
37935
37936
37937
37938
37939
37940
37941
37942
37943
37944
37959
37960
37961
37962
37963
37964
37965
37966
37967
37968
37969
37971
37973
37975
37977
37979
37981
37983
37984
37985
37986
37987
37988
37989
37990
37991
37992
37993
37995
37999
38003
38007
38008
38009
38010
38011
38012
38013
38014
38015
38016
38018
38019
38020
38022
38023
38038
38039
38040
38042
38043
38044
38045
38046
38047
38049
38050
38051
38053
38054
38056
38060
38064
38068
38069
38070
38071
38073
38074
38075
38076
38077
38078
38079
38080
38081
38082
38083
38084
38085
38087
38088
38091
38092
38122
38123
38126
38127
38128
38129
38130
38131
38132
38133
38134
38135
38136
38137
38138
38139
38140
38141
38142
38143
38144
38145
38147
38148
38149
38151
38152
38154
38155
38158
38159
38161
38162
38165
38166
38168
38169
38172
38173
38175
38176
38179
38180
38181
38182
38183
38185
38186
38187
38188
38189
38190
38191
38192
38193
38194
38195
38196
38197
38198
38199
38200
38201
38202
38203
38204
38205
38206
38207
38208
38209
38210
38211
38212
38213
38214
38215
38216
38217
38218
38219
38220
38221
38222
38223
38224
38225
38226
38227
38228
38229
38230
38231
38232
38233
38234
38235
38236
38237
38238
38239
38240
38241
38242
38243
38244
38245
38247
38248
38249
38251
38254
38255
38258
38261
38262
38265
38268
38269
38272
38275
38276
38279
38281
38282
38283
38285
38286
38287
38288
38289
38290
38291
38292
38293
38294
38295
38296
38297
38298
38299
38300
38301
38302
38303
38304
38305
38306
38309
38310
38341
38344
38345
38348
38349
38350
38351
38352
38353
38354
38355
38356
38357
38358
38359
38360
38362
38363
38364
38369
38373
38377
38380
38382
38383
38384
38386
38387
38388
38389
38390
38391
38392
38394
38395
38396
38412
38414
38415
38416
38418
38419
38420
38421
38422
38423
38424
38425
38426
38427
38431
38435
38439
38442
38443
38444
38445
38446
38447
38448
38449
38450
38451
38452
38454
38456
38458
38460
38462
38464
38466
38467
38468
38469
38470
38471
38472
38473
38474
38475
38476
38491
38492
38493
38494
38495
38496
38497
38498
38499
38500
38501
38503
38504
38505
38521
38523
38524
38525
38527
38528
38529
38530
38531
38532
38533
38535
38537
38539
38541
38543
38545
38547
38548
38549
38550
38551
38552
38553
38554
38556
38558
38560
38562
38564
38566
38568
38569
38570
38571
38572
38573
38574
38575
38577
38579
38581
38583
38585
38587
38589
38590
38591
38592
38593
38594
38595
38596
38598
38600
38602
38604
38606
38608
38610
38611
38612
38613
38614
38615
38617
38618
38619
38621
38622
38637
38638
38639
38641
38642
38643
38644
38645
38646
38647
38648
38649
38650
38651
38666
38667
38668
38669
38670
38671
38672
38673
38674
38675
38676
38678
38680
38682
38684
38686
38688
38690
38691
38692
38693
38694
38695
38696
38697
38698
38699
38700
38702
38706
38710
38714
38715
38716
38717
38718
38719
38720
38721
38722
38723
38725
38726
38727
38729
38730
38745
38746
38747
38749
38750
38751
38752
38753
38754
38756
38757
38758
38760
38761
38763
38767
38771
38775
38776
38777
38778
38780
38781
38782
38783
38784
38785
38786
38787
38788
38789
38790
38791
38792
38794
38795
38798
38799
38829
38830
38833
38834
38835
38836
38837
38838
38839
38840
38841
38842
38843
38844
38845
38846
38847
38848
38849
38850
38851
38852
38854
38855
38856
38858
38859
38861
38862
38865
38866
38868
38869
38872
38873
38875
38876
38879
38880
38882
38883
38886
38887
38888
38889
38890
38892
38893
38894
38895
38896
38897
38898
38899
38900
38901
38902
38903
38904
38905
38906
38907
38908
38909
38910
38911
38912
38913
38914
38915
38916
38917
38918
38919
38920
38921
38922
38923
38924
38925
38926
38927
38928
38929
38930
38931
38932
38933
38934
38935
38936
38937
38938
38939
38940
38941
38942
38943
38944
38945
38946
38947
38948
38949
38950
38951
38952
38954
38955
38956
38958
38961
38962
38965
38968
38969
38972
38975
38976
38979
38982
38983
38986
38988
38989
38990
38992
38993
38994
38995
38996
38997
38998
38999
39000
39001
39002
39003
39004
39005
39006
39007
39008
39009
39010
39011
39012
39013
39016
39017
39048
39051
39052
39055
39056
39057
39058
39059
39060
39061
39062
39063
39064
39065
39066
39067
39069
39070
39071
39076
39080
39084
39087
39089
39090
39091
39093
39094
39095
39096
39097
39098
39099
39101
39102
39103
39119
39121
39122
39123
39125
39126
39127
39128
39129
39130
39131
39132
39133
39134
39138
39142
39146
39149
39150
39151
39152
39153
39154
39155
39156
39157
39158
39159
39161
39163
39165
39167
39169
39171
39173
39174
39175
39176
39177
39178
39179
39180
39181
39182
39183
39198
39199
39200
39201
39202
39203
39204
39205
39206
39207
39208
39210
39211
39212
39228
39230
39231
39232
39234
39235
39236
39237
39238
39239
39240
39242
39244
39246
39248
39250
39252
39254
39255
39256
39257
39258
39259
39260
39261
39263
39265
39267
39269
39271
39273
39275
39276
39277
39278
39279
39280
39281
39282
39284
39286
39288
39290
39292
39294
39296
39297
39298
39299
39300
39301
39302
39303
39305
39307
39309
39311
39313
39315
39317
39318
39319
39320
39321
39322
39324
39325
39326
39328
39329
39344
39345
39346
39348
39349
39350
39351
39352
39353
39354
39355
39356
39357
39358
39373
39374
39375
39376
39377
39378
39379
39380
39381
39382
39383
39385
39387
39389
39391
39393
39395
39397
39398
39399
39400
39401
39402
39403
39404
39405
39406
39407
39409
39413
39417
39421
39422
39423
39424
39425
39426
39427
39428
39429
39430
39432
39433
39434
39436
39437
39452
39453
39454
39456
39457
39458
39459
39460
39461
39463
39464
39465
39467
39468
39470
39474
39478
39482
39483
39484
39485
39487
39488
39489
39490
39491
39492
39493
39494
39495
39496
39497
39498
39499
39501
39502
39505
39506
39536
39537
39540
39541
39542
39543
39544
39545
39546
39547
39548
39549
39550
39551
39552
39553
39554
39555
39556
39557
39558
39559
39561
39562
39563
39565
39566
39568
39569
39572
39573
39575
39576
39579
39580
39582
39583
39586
39587
39589
39590
39593
39594
39595
39596
39597
39599
39600
39601
39602
39603
39604
39605
39606
39607
39608
39609
39610
39611
39612
39613
39614
39615
39616
39617
39618
39619
39620
39621
39622
39623
39624
39625
39626
39627
39628
39629
39630
39631
39632
39633
39634
39635
39636
39637
39638
39639
39640
39641
39642
39643
39644
39645
39646
39647
39648
39649
39650
39651
39652
39653
39654
39655
39656
39657
39658
39659
39661
39662
39663
39665
39668
39669
39672
39675
39676
39679
39682
39683
39686
39689
39690
39693
39695
39696
39697
39699
39700
39701
39702
39703
39704
39705
39706
39707
39708
39709
39710
39711
39712
39713
39714
39715
39716
39717
39718
39719
39720
39723
39724
39755
39758
39759
39762
39763
39764
39765
39766
39767
39768
39769
39770
39771
39772
39773
39774
39776
39777
39778
39783
39787
39791
39794
39796
39797
39798
39800
39801
39802
39803
39804
39805
39806
39808
39809
39810
39826
39828
39829
39830
39832
39833
39834
39835
39836
39837
39838
39839
39840
39841
39845
39849
39853
39856
39857
39858
39859
39860
39861
39862
39863
39864
39865
39866
39868
39870
39872
39874
39876
39878
39880
39881
39882
39883
39884
39885
39886
39887
39888
39889
39890
39905
39906
39907
39908
39909
39910
39911
39912
39913
39914
39915
39917
39918
39919
39935
39937
39938
39939
39941
39942
39943
39944
39945
39946
39947
39949
39951
39953
39955
39957
39959
39961
39962
39963
39964
39965
39966
39967
39968
39970
39972
39974
39976
39978
39980
39982
39983
39984
39985
39986
39987
39988
39989
39991
39993
39995
39997
39999
40001
40003
40004
40005
40006
40007
40008
40009
40010
40012
40014
40016
40018
40020
40022
40024
40025
40026
40027
40028
40029
40031
40032
40033
40035
40036
40051
40052
40053
40055
40056
40057
40058
40059
40060
40061
40062
40063
40064
40065
40080
40081
40082
40083
40084
40085
40086
40087
40088
40089
40090
40092
40094
40096
40098
40100
40102
40104
40105
40106
40107
40108
40109
40110
40111
40112
40113
40114
40116
40120
40124
40128
40129
40130
40131
40132
40133
40134
40135
40136
40137
40139
40140
40141
40143
40144
40159
40160
40161
40163
40164
40165
40166
40167
40168
40170
40171
40172
40174
40175
40177
40181
40185
40189
40190
40191
40192
40194
40195
40196
40197
40198
40199
40200
40201
40202
40203
40204
40205
40206
40208
40209
40212
40213
40243
40244
40247
40248
40249
40250
40251
40252
40253
40254
40255
40256
40257
40258
40259
40260
40261
40262
40263
40264
40265
40266
40268
40269
40270
40272
40273
40275
40276
40279
40280
40282
40283
40286
40287
40289
40290
40293
40294
40296
40297
40300
40301
40302
40303
40304
40306
40307
40308
40309
40310
40311
40312
40313
40314
40315
40316
40317
40318
40319
40320
40321
40322
40323
40324
40325
40326
40327
40328
40329
40330
40331
40332
40333
40334
40335
40336
40337
40338
40339
40340
40341
40342
40343
40344
40345
40346
40347
40348
40349
40350
40351
40352
40353
40354
40355
40356
40357
40358
40359
40360
40361
40362
40363
40364
40365
40366
40368
40369
40370
40372
40375
40376
40379
40382
40383
40386
40389
40390
40393
40396
40397
40400
40402
40403
40404
40406
40407
40408
40409
40410
40411
40412
40413
40414
40415
40416
40417
40418
40419
40420
40421
40422
40423
40424
40425
40426
40427
40430
40431
40462
40465
40466
40469
40470
40471
40472
40473
40474
40475
40476
40477
40478
40479
40480
40481
40483
40484
40485
40490
40494
40498
40501
40503
40504
40505
40507
40508
40509
40510
40511
40512
40513
40515
40516
40517
40533
40535
40536
40537
40539
40540
40541
40542
40543
40544
40545
40546
40547
40548
40552
40556
40560
40563
40564
40565
40566
40567
40568
40569
40570
40571
40572
40573
40575
40577
40579
40581
40583
40585
40587
40588
40589
40590
40591
40592
40593
40594
40595
40596
40597
40612
40613
40614
40615
40616
40617
40618
40619
40620
40621
40622
40624
40625
40626
40642
40644
40645
40646
40648
40649
40650
40651
40652
40653
40654
40656
40658
40660
40662
40664
40666
40668
40669
40670
40671
40672
40673
40674
40675
40677
40679
40681
40683
40685
40687
40689
40690
40691
40692
40693
40694
40695
40696
40698
40700
40702
40704
40706
40708
40710
40711
40712
40713
40714
40715
40716
40717
40719
40721
40723
40725
40727
40729
40731
40732
40733
40734
40735
40736
40738
40739
40740
40742
40743
40758
40759
40760
40762
40763
40764
40765
40766
40767
40768
40769
40770
40771
40772
40787
40788
40789
40790
40791
40792
40793
40794
40795
40796
40797
40799
40801
40803
40805
40807
40809
40811
40812
40813
40814
40815
40816
40817
40818
40819
40820
40821
40823
40827
40831
40835
40836
40837
40838
40839
40840
40841
40842
40843
40844
40846
40847
40848
40850
40851
40866
40867
40868
40870
40871
40872
40873
40874
40875
40877
40878
40879
40881
40882
40884
40888
40892
40896
40897
40898
40899
40901
40902
40903
40904
40905
40906
40907
40908
40909
40910
40911
40912
40913
40915
40916
40919
40920
40950
40951
40954
40955
40956
40957
40958
40959
40960
40961
40962
40963
40964
40965
40966
40967
40968
40969
40970
40971
40972
40973
40975
40976
40977
40979
40980
40982
40983
40986
40987
40989
40990
40993
40994
40996
40997
41000
41001
41003
41004
41007
41008
41009
41010
41011
41013
41014
41015
41016
41017
41018
41019
41020
41021
41022
41023
41024
41025
41026
41027
41028
41029
41030
41031
41032
41033
41034
41035
41036
41037
41038
41039
41040
41041
41042
41043
41044
41045
41046
41047
41048
41049
41050
41051
41052
41053
41054
41055
41056
41057
41058
41059
41060
41061
41062
41063
41064
41065
41066
41067
41068
41069
41070
41071
41072
41073
41075
41076
41077
41079
41082
41083
41086
41089
41090
41093
41096
41097
41100
41103
41104
41107
41109
41110
41111
41113
41114
41115
41116
41117
41118
41119
41120
41121
41122
41123
41124
41125
41126
41127
41128
41129
41130
41131
41132
41133
41134
41137
41138
41169
41172
41173
41176
41177
41178
41179
41180
41181
41182
41183
41184
41185
41186
41187
41188
41190
41191
41192
41197
41201
41205
41208
41210
41211
41212
41214
41215
41216
41217
41218
41219
41220
41222
41223
41224
41240
41242
41243
41244
41246
41247
41248
41249
41250
41251
41252
41253
41254
41255
41259
41263
41267
41270
41271
41272
41273
41274
41275
41276
41277
41278
41279
41280
41282
41284
41286
41288
41290
41292
41294
41295
41296
41297
41298
41299
41300
41301
41302
41303
41304
41319
41320
41321
41322
41323
41324
41325
41326
41327
41328
41329
41331
41332
41333
41349
41351
41352
41353
41355
41356
41357
41358
41359
41360
41361
41363
41365
41367
41369
41371
41373
41375
41376
41377
41378
41379
41380
41381
41382
41384
41386
41388
41390
41392
41394
41396
41397
41398
41399
41400
41401
41402
41403
41405
41407
41409
41411
41413
41415
41417
41418
41419
41420
41421
41422
41423
41424
41426
41428
41430
41432
41434
41436
41438
41439
41440
41441
41442
41443
41445
41446
41447
41449
41450
41465
41466
41467
41469
41470
41471
41472
41473
41474
41475
41476
41477
41478
41479
41494
41495
41496
41497
41498
41499
41500
41501
41502
41503
41504
41506
41508
41510
41512
41514
41516
41518
41519
41520
41521
41522
41523
41524
41525
41526
41527
41528
41530
41534
41538
41542
41543
41544
41545
41546
41547
41548
41549
41550
41551
41553
41554
41555
41557
41558
41573
41574
41575
41577
41578
41579
41580
41581
41582
41584
41585
41586
41588
41589
41591
41595
41599
41603
41604
41605
41606
41608
41609
41610
41611
41612
41613
41614
41615
41616
41617
41618
41619
41620
41622
41623
41626
41627
41657
41658
41661
41662
41663
41664
41665
41666
41667
41668
41669
41670
41671
41672
41673
41674
41675
41676
41677
41678
41679
41680
41682
41683
41684
41686
41687
41689
41690
41693
41694
41696
41697
41700
41701
41703
41704
41707
41708
41710
41711
41714
41715
41716
41717
41718
41720
41721
41722
41723
41724
41725
41726
41727
41728
41729
41730
41731
41732
41733
41734
41735
41736
41737
41738
41739
41740
41741
41742
41743
41744
41745
41746
41747
41748
41749
41750
41751
41752
41753
41754
41755
41756
41757
41758
41759
41760
41761
41762
41763
41764
41765
41766
41767
41768
41769
41770
41771
41772
41773
41774
41775
41776
41777
41778
41779
41780
41782
41783
41784
41786
41789
41790
41793
41796
41797
41800
41803
41804
41807
41810
41811
41814
41816
41817
41818
41820
41821
41822
41823
41824
41825
41826
41827
41828
41829
41830
41831
41832
41833
41834
41835
41836
41837
41838
41839
41840
41841
41844
41845
41876
41879
41880
41883
41884
41885
41886
41887
41888
41889
41890
41891
41892
41893
41894
41895
41897
41898
41899
41904
41908
41912
41915
41917
41918
41919
41921
41922
41923
41924
41925
41926
41927
41929
41930
41931
41947
41949
41950
41951
41953
41954
41955
41956
41957
41958
41959
41960
41961
41962
41966
41970
41974
41977
41978
41979
41980
41981
41982
41983
41984
41985
41986
41987
41989
41991
41993
41995
41997
41999
42001
42002
42003
42004
42005
42006
42007
42008
42009
42010
42011
42026
42027
42028
42029
42030
42031
42032
42033
42034
42035
42036
42038
42039
42040
42056
42058
42059
42060
42062
42063
42064
42065
42066
42067
42068
42070
42072
42074
42076
42078
42080
42082
42083
42084
42085
42086
42087
42088
42089
42091
42093
42095
42097
42099
42101
42103
42104
42105
42106
42107
42108
42109
42110
42112
42114
42116
42118
42120
42122
42124
42125
42126
42127
42128
42129
42130
42131
42133
42135
42137
42139
42141
42143
42145
42146
42147
42148
42149
42150
42152
42153
42154
42156
42157
42172
42173
42174
42176
42177
42178
42179
42180
42181
42182
42183
42184
42185
42186
42201
42202
42203
42204
42205
42206
42207
42208
42209
42210
42211
42213
42215
42217
42219
42221
42223
42225
42226
42227
42228
42229
42230
42231
42232
42233
42234
42235
42237
42241
42245
42249
42250
42251
42252
42253
42254
42255
42256
42257
42258
42260
42261
42262
42264
42265
42280
42281
42282
42284
42285
42286
42287
42288
42289
42291
42292
42293
42295
42296
42298
42302
42306
42310
42311
42312
42313
42315
42316
42317
42318
42319
42320
42321
42322
42323
42324
42325
42326
42327
42329
42330
42333
42334
42364
42365
42368
42369
42370
42371
42372
42373
42374
42375
42376
42377
42378
42379
42380
42381
42382
42383
42384
42385
42386
42387
42389
42390
42391
42393
42394
42396
42397
42400
42401
42403
42404
42407
42408
42410
42411
42414
42415
42417
42418
42421
42422
42423
42424
42425
42427
42428
42429
42430
42431
42432
42433
42434
42435
42436
42437
42438
42439
42440
42441
42442
42443
42444
42445
42446
42447
42448
42449
42450
42451
42452
42453
42454
42455
42456
42457
42458
42459
42460
42461
42462
42463
42464
42465
42466
42467
42468
42469
42470
42471
42472
42473
42474
42475
42476
42477
42478
42479
42480
42481
42482
42483
42484
42485
42486
42487
42489
42490
42491
42493
42496
42497
42500
42503
42504
42507
42510
42511
42514
42517
42518
42521
42523
42524
42525
42527
42528
42529
42530
42531
42532
42533
42534
42535
42536
42537
42538
42539
42540
42541
42542
42543
42544
42545
42546
42547
42548
42551
42552
42583
42586
42587
42590
42591
42592
42593
42594
42595
42596
42597
42598
42599
42600
42601
42602
42604
42605
42606
42611
42615
42619
42622
42624
42625
42626
42628
42629
42630
42631
42632
42633
42634
42636
42637
42638
42654
42656
42657
42658
42660
42661
42662
42663
42664
42665
42666
42667
42668
42669
42673
42677
42681
42684
42685
42686
42687
42688
42689
42690
42691
42692
42693
42694
42696
42698
42700
42702
42704
42706
42708
42709
42710
42711
42712
42713
42714
42715
42716
42717
42718
42733
42734
42735
42736
42737
42738
42739
42740
42741
42742
42743
42745
42746
42747
42763
42765
42766
42767
42769
42770
42771
42772
42773
42774
42775
42777
42779
42781
42783
42785
42787
42789
42790
42791
42792
42793
42794
42795
42796
42798
42800
42802
42804
42806
42808
42810
42811
42812
42813
42814
42815
42816
42817
42819
42821
42823
42825
42827
42829
42831
42832
42833
42834
42835
42836
42837
42838
42840
42842
42844
42846
42848
42850
42852
42853
42854
42855
42856
42857
42859
42860
42861
42863
42864
42879
42880
42881
42883
42884
42885
42886
42887
42888
42889
42890
42891
42892
42893
42908
42909
42910
42911
42912
42913
42914
42915
42916
42917
42918
42920
42922
42924
42926
42928
42930
42932
42933
42934
42935
42936
42937
42938
42939
42940
42941
42942
42944
42948
42952
42956
42957
42958
42959
42960
42961
42962
42963
42964
42965
42967
42968
42969
42971
42972
42987
42988
42989
42991
42992
42993
42994
42995
42996
42998
42999
43000
43002
43003
43005
43009
43013
43017
43018
43019
43020
43022
43023
43024
43025
43026
43027
43028
43029
43030
43031
43032
43033
43034
43036
43037
43040
43041
43071
43072
43075
43076
43077
43078
43079
43080
43081
43082
43083
43084
43085
43086
43087
43088
43089
43090
43091
43092
43093
43094
43096
43097
43098
43100
43101
43103
43104
43107
43108
43110
43111
43114
43115
43117
43118
43121
43122
43124
43125
43128
43129
43130
43131
43132
43134
43135
43136
43137
43138
43139
43140
43141
43142
43143
43144
43145
43146
43147
43148
43149
43150
43151
43152
43153
43154
43155
43156
43157
43158
43159
43160
43161
43162
43163
43164
43165
43166
43167
43168
43169
43170
43171
43172
43173
43174
43175
43176
43177
43178
43179
43180
43181
43182
43183
43184
43185
43186
43187
43188
43189
43190
43191
43192
43193
43194
43196
43197
43198
43200
43203
43204
43207
43210
43211
43214
43217
43218
43221
43224
43225
43228
43230
43231
43232
43234
43235
43236
43237
43238
43239
43240
43241
43242
43243
43244
43245
43246
43247
43248
43249
43250
43251
43252
43253
43254
43255
43258
43259
43290
43293
43294
43297
43298
43299
43300
43301
43302
43303
43304
43305
43306
43307
43308
43309
43311
43312
43313
43318
43322
43326
43329
43331
43332
43333
43335
43336
43337
43338
43339
43340
43341
43343
43344
43345
43361
43363
43364
43365
43367
43368
43369
43370
43371
43372
43373
43374
43375
43376
43380
43384
43388
43391
43392
43393
43394
43395
43396
43397
43398
43399
43400
43401
43403
43405
43407
43409
43411
43413
43415
43416
43417
43418
43419
43420
43421
43422
43423
43424
43425
43440
43441
43442
43443
43444
43445
43446
43447
43448
43449
43450
43452
43453
43454
43470
43472
43473
43474
43476
43477
43478
43479
43480
43481
43482
43484
43486
43488
43490
43492
43494
43496
43497
43498
43499
43500
43501
43502
43503
43505
43507
43509
43511
43513
43515
43517
43518
43519
43520
43521
43522
43523
43524
43526
43528
43530
43532
43534
43536
43538
43539
43540
43541
43542
43543
43544
43545
43547
43549
43551
43553
43555
43557
43559
43560
43561
43562
43563
43564
43566
43567
43568
43570
43571
43586
43587
43588
43590
43591
43592
43593
43594
43595
43596
43597
43598
43599
43600
43615
43616
43617
43618
43619
43620
43621
43622
43623
43624
43625
43627
43629
43631
43633
43635
43637
43639
43640
43641
43642
43643
43644
43645
43646
43647
43648
43649
43651
43655
43659
43663
43664
43665
43666
43667
43668
43669
43670
43671
43672
43674
43675
43676
43678
43679
43694
43695
43696
43698
43699
43700
43701
43702
43703
43705
43706
43707
43709
43710
43712
43716
43720
43724
43725
43726
43727
43729
43730
43731
43732
43733
43734
43735
43736
43737
43738
43739
43740
43741
43743
43744
43747
43748
43778
43779
43782
43783
43784
43785
43786
43787
43788
43789
43790
43791
43792
43793
43794
43795
43796
43797
43798
43799
43800
43801
43803
43804
43805
43807
43808
43810
43811
43814
43815
43817
43818
43821
43822
43824
43825
43828
43829
43831
43832
43835
43836
43837
43838
43839
43841
43842
43843
43844
43845
43846
43847
43848
43849
43850
43851
43852
43853
43854
43855
43856
43857
43858
43859
43860
43861
43862
43863
43864
43865
43866
43867
43868
43869
43870
43871
43872
43873
43874
43875
43876
43877
43878
43879
43880
43881
43882
43883
43884
43885
43886
43887
43888
43889
43890
43891
43892
43893
43894
43895
43896
43897
43898
43899
43900
43901
43903
43904
43905
43907
43910
43911
43914
43917
43918
43921
43924
43925
43928
43931
43932
43935
43937
43938
43939
43941
43942
43943
43944
43945
43946
43947
43948
43949
43950
43951
43952
43953
43954
43955
43956
43957
43958
43959
43960
43961
43962
43965
43966
43997
44000
44001
44004
44005
44006
44007
44008
44009
44010
44011
44012
44013
44014
44015
44016
44018
44019
44020
44025
44029
44033
44036
44038
44039
44040
44042
44043
44044
44045
44046
44047
44048
44050
44051
44052
44068
44070
44071
44072
44074
44075
44076
44077
44078
44079
44080
44081
44082
44083
44087
44091
44095
44098
44099
44100
44101
44102
44103
44104
44105
44106
44107
44108
44110
44112
44114
44116
44118
44120
44122
44123
44124
44125
44126
44127
44128
44129
44130
44131
44132
44147
44148
44149
44150
44151
44152
44153
44154
44155
44156
44157
44159
44160
44161
44177
44179
44180
44181
44183
44184
44185
44186
44187
44188
44189
44191
44193
44195
44197
44199
44201
44203
44204
44205
44206
44207
44208
44209
44210
44212
44214
44216
44218
44220
44222
44224
44225
44226
44227
44228
44229
44230
44231
44233
44235
44237
44239
44241
44243
44245
44246
44247
44248
44249
44250
44251
44252
44254
44256
44258
44260
44262
44264
44266
44267
44268
44269
44270
44271
44273
44274
44275
44277
44278
44293
44294
44295
44297
44298
44299
44300
44301
44302
44303
44304
44305
44306
44307
44322
44323
44324
44325
44326
44327
44328
44329
44330
44331
44332
44334
44336
44338
44340
44342
44344
44346
44347
44348
44349
44350
44351
44352
44353
44354
44355
44356
44358
44362
44366
44370
44371
44372
44373
44374
44375
44376
44377
44378
44379
44381
44382
44383
44385
44386
44401
44402
44403
44405
44406
44407
44408
44409
44410
44412
44413
44414
44416
44417
44419
44423
44427
44431
44432
44433
44434
44436
44437
44438
44439
44440
44441
44442
44443
44444
44445
44446
44447
44448
44450
44451
44454
44455
44485
44486
44489
44490
44491
44492
44493
44494
44495
44496
44497
44498
44499
44500
44501
44502
44503
44504
44505
44506
44507
44508
44510
44511
44512
44514
44515
44517
44518
44521
44522
44524
44525
44528
44529
44531
44532
44535
44536
44538
44539
44542
44543
44544
44545
44546
44548
44549
44550
44551
44552
44553
44554
44555
44556
44557
44558
44559
44560
44561
44562
44563
44564
44565
44566
44567
44568
44569
44570
44571
44572
44573
44574
44575
44576
44577
44578
44579
44580
44581
44582
44583
44584
44585
44586
44587
44588
44589
44590
44591
44592
44593
44594
44595
44596
44597
44598
44599
44600
44601
44602
44603
44604
44605
44606
44607
44608
44610
44611
44612
44614
44617
44618
44621
44624
44625
44628
44631
44632
44635
44638
44639
44642
44644
44645
44646
44648
44649
44650
44651
44652
44653
44654
44655
44656
44657
44658
44659
44660
44661
44662
44663
44664
44665
44666
44667
44668
44669
44672
44673
44704
44707
44708
44711
44712
44713
44714
44715
44716
44717
44718
44719
44720
44721
44722
44723
44725
44726
44727
44732
44736
44740
44743
44745
44746
44747
44749
44750
44751
44752
44753
44754
44755
44757
44758
44759
44775
44777
44778
44779
44781
44782
44783
44784
44785
44786
44787
44788
44789
44790
44794
44798
44802
44805
44806
44807
44808
44809
44810
44811
44812
44813
44814
44815
44817
44819
44821
44823
44825
44827
44829
44830
44831
44832
44833
44834
44835
44836
44837
44838
44839
44854
44855
44856
44857
44858
44859
44860
44861
44862
44863
44864
44866
44867
44868
44884
44886
44887
44888
44890
44891
44892
44893
44894
44895
44896
44898
44900
44902
44904
44906
44908
44910
44911
44912
44913
44914
44915
44916
44917
44919
44921
44923
44925
44927
44929
44931
44932
44933
44934
44935
44936
44937
44938
44940
44942
44944
44946
44948
44950
44952
44953
44954
44955
44956
44957
44958
44959
44961
44963
44965
44967
44969
44971
44973
44974
44975
44976
44977
44978
44980
44981
44982
44984
44985
45000
45001
45002
45004
45005
45006
45007
45008
45009
45010
45011
45012
45013
45014
45029
45030
45031
45032
45033
45034
45035
45036
45037
45038
45039
45041
45043
45045
45047
45049
45051
45053
45054
45055
45056
45057
45058
45059
45060
45061
45062
45063
45065
45069
45073
45077
45078
45079
45080
45081
45082
45083
45084
45085
45086
45088
45089
45090
45092
45093
45108
45109
45110
45112
45113
45114
45115
45116
45117
45119
45120
45121
45123
45124
45126
45130
45134
45138
45139
45140
45141
45143
45144
45145
45146
45147
45148
45149
45150
45151
45152
45153
45154
45155
45157
45158
45161
45162
45192
45193
45196
45197
45198
45199
45200
45201
45202
45203
45204
45205
45206
45207
45208
45209
45210
45211
45212
45213
45214
45215
45217
45218
45219
45221
45222
45224
45225
45228
45229
45231
45232
45235
45236
45238
45239
45242
45243
45245
45246
45249
45250
45251
45252
45253
45255
45256
45257
45258
45259
45260
45261
45262
45263
45264
45265
45266
45267
45268
45269
45270
45271
45272
45273
45274
45275
45276
45277
45278
45279
45280
45281
45282
45283
45284
45285
45286
45287
45288
45289
45290
45291
45292
45293
45294
45295
45296
45297
45298
45299
45300
45301
45302
45303
45304
45305
45306
45307
45308
45309
45310
45311
45312
45313
45314
45315
45317
45318
45319
45321
45324
45325
45328
45331
45332
45335
45338
45339
45342
45345
45346
45349
45351
45352
45353
45355
45356
45357
45358
45359
45360
45361
45362
45363
45364
45365
45366
45367
45368
45369
45370
45371
45372
45373
45374
45375
45376
45379
45380
45411
45414
45415
45418
45419
45420
45421
45422
45423
45424
45425
45426
45427
45428
45429
45430
45432
45433
45434
45439
45443
45447
45450
45452
45453
45454
45456
45457
45458
45459
45460
45461
45462
45464
45465
45466
45482
45484
45485
45486
45488
45489
45490
45491
45492
45493
45494
45495
45496
45497
45501
45505
45509
45512
45513
45514
45515
45516
45517
45518
45519
45520
45521
45522
45524
45526
45528
45530
45532
45534
45536
45537
45538
45539
45540
45541
45542
45543
45544
45545
45546
45561
45562
45563
45564
45565
45566
45567
45568
45569
45570
45571
45573
45574
45575
45591
45593
45594
45595
45597
45598
45599
45600
45601
45602
45603
45605
45607
45609
45611
45613
45615
45617
45618
45619
45620
45621
45622
45623
45624
45626
45628
45630
45632
45634
45636
45638
45639
45640
45641
45642
45643
45644
45645
45647
45649
45651
45653
45655
45657
45659
45660
45661
45662
45663
45664
45665
45666
45668
45670
45672
45674
45676
45678
45680
45681
45682
45683
45684
45685
45687
45688
45689
45691
45692
45707
45708
45709
45711
45712
45713
45714
45715
45716
45717
45718
45719
45720
45721
45736
45737
45738
45739
45740
45741
45742
45743
45744
45745
45746
45748
45750
45752
45754
45756
45758
45760
45761
45762
45763
45764
45765
45766
45767
45768
45769
45770
45772
45776
45780
45784
45785
45786
45787
45788
45789
45790
45791
45792
45793
45795
45796
45797
45799
45800
45815
45816
45817
45819
45820
45821
45822
45823
45824
45826
45827
45828
45830
45831
45833
45837
45841
45845
45846
45847
45848
45850
45851
45852
45853
45854
45855
45856
45857
45858
45859
45860
45861
45862
45864
45865
45868
45869
45899
45900
45903
45904
45905
45906
45907
45908
45909
45910
45911
45912
45913
45914
45915
45916
45917
45918
45919
45920
45921
45922
45924
45925
45926
45928
45929
45931
45932
45935
45936
45938
45939
45942
45943
45945
45946
45949
45950
45952
45953
45956
45957
45958
45959
45960
45962
45963
45964
45965
45966
45967
45968
45969
45970
45971
45972
45973
45974
45975
45976
45977
45978
45979
45980
45981
45982
45983
45984
45985
45986
45987
45988
45989
45990
45991
45992
45993
45994
45995
45996
45997
45998
45999
46000
46001
46002
46003
46004
46005
46006
46007
46008
46009
46010
46011
46012
46013
46014
46015
46016
46017
46018
46019
46020
46021
46022
46024
46025
46026
46028
46031
46032
46035
46038
46039
46042
46045
46046
46049
46052
46053
46056
46058
46059
46060
46062
46063
46064
46065
46066
46067
46068
46069
46070
46071
46072
46073
46074
46075
46076
46077
46078
46079
46080
46081
46082
46083
46086
46087
46118
46121
46122
46125
46126
46127
46128
46129
46130
46131
46132
46133
46134
46135
46136
46137
46139
46140
46141
46146
46150
46154
46157
46159
46160
46161
46163
46164
46165
46166
46167
46168
46169
46171
46172
46173
46189
46191
46192
46193
46195
46196
46197
46198
46199
46200
46201
46202
46203
46204
46208
46212
46216
46219
46220
46221
46222
46223
46224
46225
46226
46227
46228
46229
46231
46233
46235
46237
46239
46241
46243
46244
46245
46246
46247
46248
46249
46250
46251
46252
46253
46268
46269
46270
46271
46272
46273
46274
46275
46276
46277
46278
46280
46281
46282
46298
46300
46301
46302
46304
46305
46306
46307
46308
46309
46310
46312
46314
46316
46318
46320
46322
46324
46325
46326
46327
46328
46329
46330
46331
46333
46335
46337
46339
46341
46343
46345
46346
46347
46348
46349
46350
46351
46352
46354
46356
46358
46360
46362
46364
46366
46367
46368
46369
46370
46371
46372
46373
46375
46377
46379
46381
46383
46385
46387
46388
46389
46390
46391
46392
46394
46395
46396
46398
46399
46414
46415
46416
46418
46419
46420
46421
46422
46423
46424
46425
46426
46427
46428
46443
46444
46445
46446
46447
46448
46449
46450
46451
46452
46453
46455
46457
46459
46461
46463
46465
46467
46468
46469
46470
46471
46472
46473
46474
46475
46476
46477
46479
46483
46487
46491
46492
46493
46494
46495
46496
46497
46498
46499
46500
46502
46503
46504
46506
46507
46522
46523
46524
46526
46527
46528
46529
46530
46531
46533
46534
46535
46537
46538
46540
46544
46548
46552
46553
46554
46555
46557
46558
46559
46560
46561
46562
46563
46564
46565
46566
46567
46568
46569
46571
46572
46575
46576
46606
46607
46610
46611
46612
46613
46614
46615
46616
46617
46618
46619
46620
46621
46622
46623
46624
46625
46626
46627
46628
46629
46631
46632
46633
46635
46636
46638
46639
46642
46643
46645
46646
46649
46650
46652
46653
46656
46657
46659
46660
46663
46664
46665
46666
46667
46669
46670
46671
46672
46673
46674
46675
46676
46677
46678
46679
46680
46681
46682
46683
46684
46685
46686
46687
46688
46689
46690
46691
46692
46693
46694
46695
46696
46697
46698
46699
46700
46701
46702
46703
46704
46705
46706
46707
46708
46709
46710
46711
46712
46713
46714
46715
46716
46717
46718
46719
46720
46721
46722
46723
46724
46725
46726
46727
46728
46729
46731
46732
46733
46735
46738
46739
46742
46745
46746
46749
46752
46753
46756
46759
46760
46763
46765
46766
46767
46769
46770
46771
46772
46773
46774
46775
46776
46777
46778
46779
46780
46781
46782
46783
46784
46785
46786
46787
46788
46789
46790
46793
46794
46825
46828
46829
46832
46833
46834
46835
46836
46837
46838
46839
46840
46841
46842
46843
46844
46846
46847
46848
46853
46857
46861
46864
46866
46867
46868
46870
46871
46872
46873
46874
46875
46876
46878
46879
46880
46896
46898
46899
46900
46902
46903
46904
46905
46906
46907
46908
46909
46910
46911
46915
46919
46923
46926
46927
46928
46929
46930
46931
46932
46933
46934
46935
46936
46938
46940
46942
46944
46946
46948
46950
46951
46952
46953
46954
46955
46956
46957
46958
46959
46960
46975
46976
46977
46978
46979
46980
46981
46982
46983
46984
46985
46987
46988
46989
47005
47007
47008
47009
47011
47012
47013
47014
47015
47016
47017
47019
47021
47023
47025
47027
47029
47031
47032
47033
47034
47035
47036
47037
47038
47040
47042
47044
47046
47048
47050
47052
47053
47054
47055
47056
47057
47058
47059
47061
47063
47065
47067
47069
47071
47073
47074
47075
47076
47077
47078
47079
47080
47082
47084
47086
47088
47090
47092
47094
47095
47096
47097
47098
47099
47101
47102
47103
47105
47106
47121
47122
47123
47125
47126
47127
47128
47129
47130
47131
47132
47133
47134
47135
47150
47151
47152
47153
47154
47155
47156
47157
47158
47159
47160
47162
47164
47166
47168
47170
47172
47174
47175
47176
47177
47178
47179
47180
47181
47182
47183
47184
47186
47190
47194
47198
47199
47200
47201
47202
47203
47204
47205
47206
47207
47209
47210
47211
47213
47214
47229
47230
47231
47233
47234
47235
47236
47237
47238
47240
47241
47242
47244
47245
47247
47251
47255
47259
47260
47261
47262
47264
47265
47266
47267
47268
47269
47270
47271
47272
47273
47274
47275
47276
47278
47279
47282
47283
47313
47314
47317
47318
47319
47320
47321
47322
47323
47324
47325
47326
47327
47328
47329
47330
47331
47332
47333
47334
47335
47336
47338
47339
47340
47342
47343
47345
47346
47349
47350
47352
47353
47356
47357
47359
47360
47363
47364
47366
47367
47370
47371
47372
47373
47374
47376
47377
47378
47379
47380
47381
47382
47383
47384
47385
47386
47387
47388
47389
47390
47391
47392
47393
47394
47395
47396
47397
47398
47399
47400
47401
47402
47403
47404
47405
47406
47407
47408
47409
47410
47411
47412
47413
47414
47415
47416
47417
47418
47419
47420
47421
47422
47423
47424
47425
47426
47427
47428
47429
47430
47431
47432
47433
47434
47435
47436
47438
47439
47440
47442
47445
47446
47449
47452
47453
47456
47459
47460
47463
47466
47467
47470
47472
47473
47474
47476
47477
47478
47479
47480
47481
47482
47483
47484
47485
47486
47487
47488
47489
47490
47491
47492
47493
47494
47495
47496
47497
47500
47501
47532
47535
47536
47539
47540
47541
47542
47543
47544
47545
47546
47547
47548
47549
47550
47551
47553
47554
47555
47560
47564
47568
47571
47573
47574
47575
47577
47578
47579
47580
47581
47582
47583
47585
47586
47587
47603
47605
47606
47607
47609
47610
47611
47612
47613
47614
47615
47616
47617
47618
47622
47626
47630
47633
47634
47635
47636
47637
47638
47639
47640
47641
47642
47643
47645
47647
47649
47651
47653
47655
47657
47658
47659
47660
47661
47662
47663
47664
47665
47666
47667
47682
47683
47684
47685
47686
47687
47688
47689
47690
47691
47692
47694
47695
47696
47712
47714
47715
47716
47718
47719
47720
47721
47722
47723
47724
47726
47728
47730
47732
47734
47736
47738
47739
47740
47741
47742
47743
47744
47745
47747
47749
47751
47753
47755
47757
47759
47760
47761
47762
47763
47764
47765
47766
47768
47770
47772
47774
47776
47778
47780
47781
47782
47783
47784
47785
47786
47787
47789
47791
47793
47795
47797
47799
47801
47802
47803
47804
47805
47806
47808
47809
47810
47812
47813
47828
47829
47830
47832
47833
47834
47835
47836
47837
47838
47839
47840
47841
47842
47857
47858
47859
47860
47861
47862
47863
47864
47865
47866
47867
47869
47871
47873
47875
47877
47879
47881
47882
47883
47884
47885
47886
47887
47888
47889
47890
47891
47893
47897
47901
47905
47906
47907
47908
47909
47910
47911
47912
47913
47914
47916
47917
47918
47920
47921
47936
47937
47938
47940
47941
47942
47943
47944
47945
47947
47948
47949
47951
47952
47954
47958
47962
47966
47967
47968
47969
47971
47972
47973
47974
47975
47976
47977
47978
47979
47980
47981
47982
47983
47985
47986
47989
47990
48020
48021
48024
48025
48026
48027
48028
48029
48030
48031
48032
48033
48034
48035
48036
48037
48038
48039
48040
48041
48042
48043
48045
48046
48047
48049
48050
48052
48053
48056
48057
48059
48060
48063
48064
48066
48067
48070
48071
48073
48074
48077
48078
48079
48080
48081
48083
48084
48085
48086
48087
48088
48089
48090
48091
48092
48093
48094
48095
48096
48097
48098
48099
48100
48101
48102
48103
48104
48105
48106
48107
48108
48109
48110
48111
48112
48113
48114
48115
48116
48117
48118
48119
48120
48121
48122
48123
48124
48125
48126
48127
48128
48129
48130
48131
48132
48133
48134
48135
48136
48137
48138
48139
48140
48141
48142
48143
48145
48146
48147
48149
48152
48153
48156
48159
48160
48163
48166
48167
48170
48173
48174
48177
48179
48180
48181
48183
48184
48185
48186
48187
48188
48189
48190
48191
48192
48193
48194
48195
48196
48197
48198
48199
48200
48201
48202
48203
48204
48207
48208
48239
48242
48243
48246
48247
48248
48249
48250
48251
48252
48253
48254
48255
48256
48257
48258
48260
48261
48262
48267
48271
48275
48278
48280
48281
48282
48284
48285
48286
48287
48288
48289
48290
48292
48293
48294
48310
48312
48313
48314
48316
48317
48318
48319
48320
48321
48322
48323
48324
48325
48329
48333
48337
48340
48341
48342
48343
48344
48345
48346
48347
48348
48349
48350
48352
48354
48356
48358
48360
48362
48364
48365
48366
48367
48368
48369
48370
48371
48372
48373
48374
48389
48390
48391
48392
48393
48394
48395
48396
48397
48398
48399
48401
48402
48403
48419
48421
48422
48423
48425
48426
48427
48428
48429
48430
48431
48433
48435
48437
48439
48441
48443
48445
48446
48447
48448
48449
48450
48451
48452
48454
48456
48458
48460
48462
48464
48466
48467
48468
48469
48470
48471
48472
48473
48475
48477
48479
48481
48483
48485
48487
48488
48489
48490
48491
48492
48493
48494
48496
48498
48500
48502
48504
48506
48508
48509
48510
48511
48512
48513
48515
48516
48517
48519
48520
48535
48536
48537
48539
48540
48541
48542
48543
48544
48545
48546
48547
48548
48549
48564
48565
48566
48567
48568
48569
48570
48571
48572
48573
48574
48576
48578
48580
48582
48584
48586
48588
48589
48590
48591
48592
48593
48594
48595
48596
48597
48598
48600
48604
48608
48612
48613
48614
48615
48616
48617
48618
48619
48620
48621
48623
48624
48625
48627
48628
48643
48644
48645
48647
48648
48649
48650
48651
48652
48654
48655
48656
48658
48659
48661
48665
48669
48673
48674
48675
48676
48678
48679
48680
48681
48682
48683
48684
48685
48686
48687
48688
48689
48690
48692
48693
48696
48697
48727
48728
48731
48732
48733
48734
48735
48736
48737
48738
48739
48740
48741
48742
48743
48744
48745
48746
48747
48748
48749
48750
48752
48753
48754
48756
48757
48759
48760
48763
48764
48766
48767
48770
48771
48773
48774
48777
48778
48780
48781
48784
48785
48786
48787
48788
48790
48791
48792
48793
48794
48795
48796
48797
48798
48799
48800
48801
48802
48803
48804
48805
48806
48807
48808
48809
48810
48811
48812
48813
48814
48815
48816
48817
48818
48819
48820
48821
48822
48823
48824
48825
48826
48827
48828
48829
48830
48831
48832
48833
48834
48835
48836
48837
48838
48839
48840
48841
48842
48843
48844
48845
48846
48847
48848
48849
48850
48852
48853
48854
48856
48859
48860
48863
48866
48867
48870
48873
48874
48877
48880
48881
48884
48886
48887
48888
48890
48891
48892
48893
48894
48895
48896
48897
48898
48899
48900
48901
48902
48903
48904
48905
48906
48907
48908
48909
48910
48911
48914
48915
48946
48949
48950
48953
48954
48955
48956
48957
48958
48959
48960
48961
48962
48963
48964
48965
48967
48968
48969
48974
48978
48982
48985
48987
48988
48989
48991
48992
48993
48994
48995
48996
48997
48999
49000
49001
49017
49019
49020
49021
49023
49024
49025
49026
49027
49028
49029
49030
49031
49032
49036
49040
49044
49047
49048
49049
49050
49051
49052
49053
49054
49055
49056
49057
49059
49061
49063
49065
49067
49069
49071
49072
49073
49074
49075
49076
49077
49078
49079
49080
49081
49096
49097
49098
49099
49100
49101
49102
49103
49104
49105
49106
49108
49109
49110
49126
49128
49129
49130
49132
49133
49134
49135
49136
49137
49138
49140
49142
49144
49146
49148
49150
49152
49153
49154
49155
49156
49157
49158
49159
49161
49163
49165
49167
49169
49171
49173
49174
49175
49176
49177
49178
49179
49180
49182
49184
49186
49188
49190
49192
49194
49195
49196
49197
49198
49199
49200
49201
49203
49205
49207
49209
49211
49213
49215
49216
49217
49218
49219
49220
49222
49223
49224
49226
49227
49242
49243
49244
49246
49247
49248
49249
49250
49251
49252
49253
49254
49255
49256
49271
49272
49273
49274
49275
49276
49277
49278
49279
49280
49281
49283
49285
49287
49289
49291
49293
49295
49296
49297
49298
49299
49300
49301
49302
49303
49304
49305
49307
49311
49315
49319
49320
49321
49322
49323
49324
49325
49326
49327
49328
49330
49331
49332
49334
49335
49350
49351
49352
49354
49355
49356
49357
49358
49359
49361
49362
49363
49365
49366
49368
49372
49376
49380
49381
49382
49383
49385
49386
49387
49388
49389
49390
49391
49392
49393
49394
49395
49396
49397
49399
49400
49403
49404
49434
49435
49438
49439
49440
49441
49442
49443
49444
49445
49446
49447
49448
49449
49450
49451
49452
49453
49454
49455
49456
49457
49459
49460
49461
49463
49464
49466
49467
49470
49471
49473
49474
49477
49478
49480
49481
49484
49485
49487
49488
49491
49492
49493
49494
49495
49497
49498
49499
49500
49501
49502
49503
49504
49505
49506
49507
49508
49509
49510
49511
49512
49513
49514
49515
49516
49517
49518
49519
49520
49521
49522
49523
49524
49525
49526
49527
49528
49529
49530
49531
49532
49533
49534
49535
49536
49537
49538
49539
49540
49541
49542
49543
49544
49545
49546
49547
49548
49549
49550
49551
49552
49553
49554
49555
49556
49557
49559
49560
49561
49563
49566
49567
49570
49573
49574
49577
49580
49581
49584
49587
49588
49591
49593
49594
49595
49597
49598
49599
49600
49601
49602
49603
49604
49605
49606
49607
49608
49609
49610
49611
49612
49613
49614
49615
49616
49617
49618
49621
49622
49653
49656
49657
49660
49661
49662
49663
49664
49665
49666
49667
49668
49669
49670
49671
49672
49674
49675
49676
49681
49685
49689
49692
49694
49695
49696
49698
49699
49700
49701
49702
49703
49704
49706
49707
49708
49724
49726
49727
49728
49730
49731
49732
49733
49734
49735
49736
49737
49738
49739
49743
49747
49751
49754
49755
49756
49757
49758
49759
49760
49761
49762
49763
49764
49766
49768
49770
49772
49774
49776
49778
49779
49780
49781
49782
49783
49784
49785
49786
49787
49788
49803
49804
49805
49806
49807
49808
49809
49810
49811
49812
49813
49815
49816
49817
49833
49835
49836
49837
49839
49840
49841
49842
49843
49844
49845
49847
49849
49851
49853
49855
49857
49859
49860
49861
49862
49863
49864
49865
49866
49868
49870
49872
49874
49876
49878
49880
49881
49882
49883
49884
49885
49886
49887
49889
49891
49893
49895
49897
49899
49901
49902
49903
49904
49905
49906
49907
49908
49910
49912
49914
49916
49918
49920
49922
49923
49924
49925
49926
49927
49929
49930
49931
49933
49934
49949
49950
49951
49953
49954
49955
49956
49957
49958
49959
49960
49961
49962
49963
49978
49979
49980
49981
49982
49983
49984
49985
49986
49987
49988
49990
49992
49994
49996
49998
50000
50002
50003
50004
50005
50006
50007
50008
50009
50010
50011
50012
50014
50018
50022
50026
50027
50028
50029
50030
50031
50032
50033
50034
50035
50037
50038
50039
50041
50042
50057
50058
50059
50061
50062
50063
50064
50065
50066
50068
50069
50070
50072
50073
50075
50079
50083
50087
50088
50089
50090
50092
50093
50094
50095
50096
50097
50098
50099
50100
50101
50102
50103
50104
50106
50107
50110
50111
50141
50142
50145
50146
50147
50148
50149
50150
50151
50152
50153
50154
50155
50156
50157
50158
50159
50160
50161
50162
50163
50164
50166
50167
50168
50170
50171
50173
50174
50177
50178
50180
50181
50184
50185
50187
50188
50191
50192
50194
50195
50198
50199
50200
50201
50202
50204
50205
50206
50207
50208
50209
50210
50211
50212
50213
50214
50215
50216
50217
50218
50219
50220
50221
50222
50223
50224
50225
50226
50227
50228
50229
50230
50231
50232
50233
50234
50235
50236
50237
50238
50239
50240
50241
50242
50243
50244
50245
50246
50247
50248
50249
50250
50251
50252
50253
50254
50255
50256
50257
50258
50259
50260
50261
50262
50263
50264
50266
50267
50268
50270
50273
50274
50277
50280
50281
50284
50287
50288
50291
50294
50295
50298
50300
50301
50302
50304
50305
50306
50307
50308
50309
50310
50311
50312
50313
50314
50315
50316
50317
50318
50319
50320
50321
50322
50323
50324
50325
50328
50329
50360
50363
50364
50367
50368
50369
50370
50371
50372
50373
50374
50375
50376
50377
50378
50379
50381
50382
50383
50388
50392
50396
50399
50401
50402
50403
50405
50406
50407
50408
50409
50410
50411
50413
50414
50415
50431
50433
50434
50435
50437
50438
50439
50440
50441
50442
50443
50444
50445
50446
50450
50454
50458
50461
50462
50463
50464
50465
50466
50467
50468
50469
50470
50471
50473
50475
50477
50479
50481
50483
50485
50486
50487
50488
50489
50490
50491
50492
50493
50494
50495
50510
50511
50512
50513
50514
50515
50516
50517
50518
50519
50520
50522
50523
50524
50540
50542
50543
50544
50546
50547
50548
50549
50550
50551
50552
50554
50556
50558
50560
50562
50564
50566
50567
50568
50569
50570
50571
50572
50573
50575
50577
50579
50581
50583
50585
50587
50588
50589
50590
50591
50592
50593
50594
50596
50598
50600
50602
50604
50606
50608
50609
50610
50611
50612
50613
50614
50615
50617
50619
50621
50623
50625
50627
50629
50630
50631
50632
50633
50634
50636
50637
50638
50640
50641
50656
50657
50658
50660
50661
50662
50663
50664
50665
50666
50667
50668
50669
50670
50685
50686
50687
50688
50689
50690
50691
50692
50693
50694
50695
50697
50699
50701
50703
50705
50707
50709
50710
50711
50712
50713
50714
50715
50716
50717
50718
50719
50721
50725
50729
50733
50734
50735
50736
50737
50738
50739
50740
50741
50742
50744
50745
50746
50748
50749
50764
50765
50766
50768
50769
50770
50771
50772
50773
50775
50776
50777
50779
50780
50782
50786
50790
50794
50795
50796
50797
50799
50800
50801
50802
50803
50804
50805
50806
50807
50808
50809
50810
50811
50813
50814
50817
50818
50848
50849
50852
50853
50854
50855
50856
50857
50858
50859
50860
50861
50862
50863
50864
50865
50866
50867
50868
50869
50870
50871
50873
50874
50875
50877
50878
50880
50881
50884
50885
50887
50888
50891
50892
50894
50895
50898
50899
50901
50902
50905
50906
50907
50908
50909
50911
50912
50913
50914
50915
50916
50917
50918
50919
50920
50921
50922
50923
50924
50925
50926
50927
50928
50929
50930
50931
50932
50933
50934
50935
50936
50937
50938
50939
50940
50941
50942
50943
50944
50945
50946
50947
50948
50949
50950
50951
50952
50953
50954
50955
50956
50957
50958
50959
50960
50961
50962
50963
50964
50965
50966
50967
50968
50969
50970
50971
50973
50974
50975
50977
50980
50981
50984
50987
50988
50991
50994
50995
50998
51001
51002
51005
51007
51008
51009
51011
51012
51013
51014
51015
51016
51017
51018
51019
51020
51021
51022
51023
51024
51025
51026
51027
51028
51029
51030
51031
51032
51035
51036
51067
51070
51071
51074
51075
51076
51077
51078
51079
51080
51081
51082
51083
51084
51085
51086
51088
51089
51090
51095
51099
51103
51106
51108
51109
51110
51112
51113
51114
51115
51116
51117
51118
51120
51121
51122
51138
51140
51141
51142
51144
51145
51146
51147
51148
51149
51150
51151
51152
51153
51157
51161
51165
51168
51169
51170
51171
51172
51173
51174
51175
51176
51177
51178
51180
51182
51184
51186
51188
51190
51192
51193
51194
51195
51196
51197
51198
51199
51200
51201
51202
51217
51218
51219
51220
51221
51222
51223
51224
51225
51226
51227
51229
51230
51231
51247
51249
51250
51251
51253
51254
51255
51256
51257
51258
51259
51261
51263
51265
51267
51269
51271
51273
51274
51275
51276
51277
51278
51279
51280
51282
51284
51286
51288
51290
51292
51294
51295
51296
51297
51298
51299
51300
51301
51303
51305
51307
51309
51311
51313
51315
51316
51317
51318
51319
51320
51321
51322
51324
51326
51328
51330
51332
51334
51336
51337
51338
51339
51340
51341
51343
51344
51345
51347
51348
51363
51364
51365
51367
51368
51369
51370
51371
51372
51373
51374
51375
51376
51377
51392
51393
51394
51395
51396
51397
51398
51399
51400
51401
51402
51404
51406
51408
51410
51412
51414
51416
51417
51418
51419
51420
51421
51422
51423
51424
51425
51426
51428
51432
51436
51440
51441
51442
51443
51444
51445
51446
51447
51448
51449
51451
51452
51453
51455
51456
51471
51472
51473
51475
51476
51477
51478
51479
51480
51482
51483
51484
51486
51487
51489
51493
51497
51501
51502
51503
51504
51506
51507
51508
51509
51510
51511
51512
51513
51514
51515
51516
51517
51518
51520
51521
51524
51525
51555
51556
51559
51560
51561
51562
51563
51564
51565
51566
51567
51568
51569
51570
51571
51572
51573
51574
51575
51576
51577
51578
51580
51581
51582
51584
51585
51587
51588
51591
51592
51594
51595
51598
51599
51601
51602
51605
51606
51608
51609
51612
51613
51614
51615
51616
51618
51619
51620
51621
51622
51623
51624
51625
51626
51627
51628
51629
51630
51631
51632
51633
51634
51635
51636
51637
51638
51639
51640
51641
51642
51643
51644
51645
51646
51647
51648
51649
51650
51651
51652
51653
51654
51655
51656
51657
51658
51659
51660
51661
51662
51663
51664
51665
51666
51667
51668
51669
51670
51671
51672
51673
51674
51675
51676
51677
51678
51680
51681
51682
51684
51687
51688
51691
51694
51695
51698
51701
51702
51705
51708
51709
51712
51714
51715
51716
51718
51719
51720
51721
51722
51723
51724
51725
51726
51727
51728
51729
51730
51731
51732
51733
51734
51735
51736
51737
51738
51739
51742
51743
51774
51777
51778
51781
51782
51783
51784
51785
51786
51787
51788
51789
51790
51791
51792
51793
51795
51796
51797
51802
51806
51810
51813
51815
51816
51817
51819
51820
51821
51822
51823
51824
51825
51827
51828
51829
51845
51847
51848
51849
51851
51852
51853
51854
51855
51856
51857
51858
51859
51860
51864
51868
51872
51875
51876
51877
51878
51879
51880
51881
51882
51883
51884
51885
51887
51889
51891
51893
51895
51897
51899
51900
51901
51902
51903
51904
51905
51906
51907
51908
51909
51924
51925
51926
51927
51928
51929
51930
51931
51932
51933
51934
51936
51937
51938
51954
51956
51957
51958
51960
51961
51962
51963
51964
51965
51966
51968
51970
51972
51974
51976
51978
51980
51981
51982
51983
51984
51985
51986
51987
51989
51991
51993
51995
51997
51999
52001
52002
52003
52004
52005
52006
52007
52008
52010
52012
52014
52016
52018
52020
52022
52023
52024
52025
52026
52027
52028
52029
52031
52033
52035
52037
52039
52041
52043
52044
52045
52046
52047
52048
52050
52051
52052
52054
52055
52070
52071
52072
52074
52075
52076
52077
52078
52079
52080
52081
52082
52083
52084
52099
52100
52101
52102
52103
52104
52105
52106
52107
52108
52109
52111
52113
52115
52117
52119
52121
52123
52124
52125
52126
52127
52128
52129
52130
52131
52132
52133
52135
52139
52143
52147
52148
52149
52150
52151
52152
52153
52154
52155
52156
52158
52159
52160
52162
52163
52178
52179
52180
52182
52183
52184
52185
52186
52187
52189
52190
52191
52193
52194
52196
52200
52204
52208
52209
52210
52211
52213
52214
52215
52216
52217
52218
52219
52220
52221
52222
52223
52224
52225
52227
52228
52231
52232
52262
52263
52266
52267
52268
52269
52270
52271
52272
52273
52274
52275
52276
52277
52278
52279
52280
52281
52282
52283
52284
52285
52287
52288
52289
52291
52292
52294
52295
52298
52299
52301
52302
52305
52306
52308
52309
52312
52313
52315
52316
52319
52320
52321
52322
52323
52325
52326
52327
52328
52329
52330
52331
52332
52333
52334
52335
52336
52337
52338
52339
52340
52341
52342
52343
52344
52345
52346
52347
52348
52349
52350
52351
52352
52353
52354
52355
52356
52357
52358
52359
52360
52361
52362
52363
52364
52365
52366
52367
52368
52369
52370
52371
52372
52373
52374
52375
52376
52377
52378
52379
52380
52381
52382
52383
52384
52385
52387
52388
52389
52391
52394
52395
52398
52401
52402
52405
52408
52409
52412
52415
52416
52419
52421
52422
52423
52425
52426
52427
52428
52429
52430
52431
52432
52433
52434
52435
52436
52437
52438
52439
52440
52441
52442
52443
52444
52445
52446
52449
52450
52481
52484
52485
52488
52489
52490
52491
52492
52493
52494
52495
52496
52497
52498
52499
52500
52502
52503
52504
52509
52513
52517
52520
52522
52523
52524
52526
52527
52528
52529
52530
52531
52532
52534
52535
52536
52552
52554
52555
52556
52558
52559
52560
52561
52562
52563
52564
52565
52566
52567
52571
52575
52579
52582
52583
52584
52585
52586
52587
52588
52589
52590
52591
52592
52594
52596
52598
52600
52602
52604
52606
52607
52608
52609
52610
52611
52612
52613
52614
52615
52616
52631
52632
52633
52634
52635
52636
52637
52638
52639
52640
52641
52643
52644
52645
52661
52663
52664
52665
52667
52668
52669
52670
52671
52672
52673
52675
52677
52679
52681
52683
52685
52687
52688
52689
52690
52691
52692
52693
52694
52696
52698
52700
52702
52704
52706
52708
52709
52710
52711
52712
52713
52714
52715
52717
52719
52721
52723
52725
52727
52729
52730
52731
52732
52733
52734
52735
52736
52738
52740
52742
52744
52746
52748
52750
52751
52752
52753
52754
52755
52757
52758
52759
52761
52762
52777
52778
52779
52781
52782
52783
52784
52785
52786
52787
52788
52789
52790
52791
52806
52807
52808
52809
52810
52811
52812
52813
52814
52815
52816
52818
52820
52822
52824
52826
52828
52830
52831
52832
52833
52834
52835
52836
52837
52838
52839
52840
52842
52846
52850
52854
52855
52856
52857
52858
52859
52860
52861
52862
52863
52865
52866
52867
52869
52870
52885
52886
52887
52889
52890
52891
52892
52893
52894
52896
52897
52898
52900
52901
52903
52907
52911
52915
52916
52917
52918
52920
52921
52922
52923
52924
52925
52926
52927
52928
52929
52930
52931
52932
52934
52935
52938
52939
52969
52970
52973
52974
52975
52976
52977
52978
52979
52980
52981
52982
52983
52984
52985
52986
52987
52988
52989
52990
52991
52992
52994
52995
52996
52998
52999
53001
53002
53005
53006
53008
53009
53012
53013
53015
53016
53019
53020
53022
53023
53026
53027
53028
53029
53030
53032
53033
53034
53035
53036
53037
53038
53039
53040
53041
53042
53043
53044
53045
53046
53047
53048
53049
53050
53051
53052
53053
53054
53055
53056
53057
53058
53059
53060
53061
53062
53063
53064
53065
53066
53067
53068
53069
53070
53071
53072
53073
53074
53075
53076
53077
53078
53079
53080
53081
53082
53083
53084
53085
53086
53087
53088
53089
53090
53091
53092
53094
53095
53096
53098
53101
53102
53105
53108
53109
53112
53115
53116
53119
53122
53123
53126
53128
53129
53130
53132
53133
53134
53135
53136
53137
53138
53139
53140
53141
53142
53143
53144
53145
53146
53147
53148
53149
53150
53151
53152
53153
53156
53157
53188
53191
53192
53195
53196
53197
53198
53199
53200
53201
53202
53203
53204
53205
53206
53207
53209
53210
53211
53216
53220
53224
53227
53229
53230
53231
53233
53234
53235
53236
53237
53238
53239
53241
53242
53243
53259
53261
53262
53263
53265
53266
53267
53268
53269
53270
53271
53272
53273
53274
53278
53282
53286
53289
53290
53291
53292
53293
53294
53295
53296
53297
53298
53299
53301
53303
53305
53307
53309
53311
53313
53314
53315
53316
53317
53318
53319
53320
53321
53322
53323
53338
53339
53340
53341
53342
53343
53344
53345
53346
53347
53348
53350
53351
53352
53368
53370
53371
53372
53374
53375
53376
53377
53378
53379
53380
53382
53384
53386
53388
53390
53392
53394
53395
53396
53397
53398
53399
53400
53401
53403
53405
53407
53409
53411
53413
53415
53416
53417
53418
53419
53420
53421
53422
53424
53426
53428
53430
53432
53434
53436
53437
53438
53439
53440
53441
53442
53443
53445
53447
53449
53451
53453
53455
53457
53458
53459
53460
53461
53462
53464
53465
53466
53468
53469
53484
53485
53486
53488
53489
53490
53491
53492
53493
53494
53495
53496
53497
53498
53513
53514
53515
53516
53517
53518
53519
53520
53521
53522
53523
53525
53527
53529
53531
53533
53535
53537
53538
53539
53540
53541
53542
53543
53544
53545
53546
53547
53549
53553
53557
53561
53562
53563
53564
53565
53566
53567
53568
53569
53570
53572
53573
53574
53576
53577
53592
53593
53594
53596
53597
53598
53599
53600
53601
53603
53604
53605
53607
53608
53610
53614
53618
53622
53623
53624
53625
53627
53628
53629
53630
53631
53632
53633
53634
53635
53636
53637
53638
53639
53641
53642
53645
53646
53676
53677
53680
53681
53682
53683
53684
53685
53686
53687
53688
53689
53690
53691
53692
53693
53694
53695
53696
53697
53698
53699
53701
53702
53703
53705
53706
53708
53709
53712
53713
53715
53716
53719
53720
53722
53723
53726
53727
53729
53730
53733
53734
53735
53736
53737
53739
53740
53741
53742
53743
53744
53745
53746
53747
53748
53749
53750
53751
53752
53753
53754
53755
53756
53757
53758
53759
53760
53761
53762
53763
53764
53765
53766
53767
53768
53769
53770
53771
53772
53773
53774
53775
53776
53777
53778
53779
53780
53781
53782
53783
53784
53785
53786
53787
53788
53789
53790
53791
53792
53793
53794
53795
53796
53797
53798
53799
53801
53802
53803
53805
53808
53809
53812
53815
53816
53819
53822
53823
53826
53829
53830
53833
53835
53836
53837
53839
53840
53841
53842
53843
53844
53845
53846
53847
53848
53849
53850
53851
53852
53853
53854
53855
53856
53857
53858
53859
53860
53863
53864
53895
53898
53899
53902
53903
53904
53905
53906
53907
53908
53909
53910
53911
53912
53913
53914
53916
53917
53918
53923
53927
53931
53934
53936
53937
53938
53940
53941
53942
53943
53944
53945
53946
53948
53949
53950
53966
53968
53969
53970
53972
53973
53974
53975
53976
53977
53978
53979
53980
53981
53985
53989
53993
53996
53997
53998
53999
54000
54001
54002
54003
54004
54005
54006
54008
54010
54012
54014
54016
54018
54020
54021
54022
54023
54024
54025
54026
54027
54028
54029
54030
54045
54046
54047
54048
54049
54050
54051
54052
54053
54054
54055
54057
54058
54059
54075
54077
54078
54079
54081
54082
54083
54084
54085
54086
54087
54089
54091
54093
54095
54097
54099
54101
54102
54103
54104
54105
54106
54107
54108
54110
54112
54114
54116
54118
54120
54122
54123
54124
54125
54126
54127
54128
54129
54131
54133
54135
54137
54139
54141
54143
54144
54145
54146
54147
54148
54149
54150
54152
54154
54156
54158
54160
54162
54164
54165
54166
54167
54168
54169
54171
54172
54173
54175
54176
54191
54192
54193
54195
54196
54197
54198
54199
54200
54201
54202
54203
54204
54205
54220
54221
54222
54223
54224
54225
54226
54227
54228
54229
54230
54232
54234
54236
54238
54240
54242
54244
54245
54246
54247
54248
54249
54250
54251
54252
54253
54254
54256
54260
54264
54268
54269
54270
54271
54272
54273
54274
54275
54276
54277
54279
54280
54281
54283
54284
54299
54300
54301
54303
54304
54305
54306
54307
54308
54310
54311
54312
54314
54315
54317
54321
54325
54329
54330
54331
54332
54334
54335
54336
54337
54338
54339
54340
54341
54342
54343
54344
54345
54346
54348
54349
54352
54353
54383
54384
54387
54388
54389
54390
54391
54392
54393
54394
54395
54396
54397
54398
54399
54400
54401
54402
54403
54404
54405
54406
54408
54409
54410
54412
54413
54415
54416
54419
54420
54422
54423
54426
54427
54429
54430
54433
54434
54436
54437
54440
54441
54442
54443
54444
54446
54447
54448
54449
54450
54451
54452
54453
54454
54455
54456
54457
54458
54459
54460
54461
54462
54463
54464
54465
54466
54467
54468
54469
54470
54471
54472
54473
54474
54475
54476
54477
54478
54479
54480
54481
54482
54483
54484
54485
54486
54487
54488
54489
54490
54491
54492
54493
54494
54495
54496
54497
54498
54499
54500
54501
54502
54503
54504
54505
54506
54508
54509
54510
54512
54515
54516
54519
54522
54523
54526
54529
54530
54533
54536
54537
54540
54542
54543
54544
54546
54547
54548
54549
54550
54551
54552
54553
54554
54555
54556
54557
54558
54559
54560
54561
54562
54563
54564
54565
54566
54567
54570
54571
54602
54605
54606
54609
54610
54611
54612
54613
54614
54615
54616
54617
54618
54619
54620
54621
54623
54624
54625
54630
54634
54638
54641
54643
54644
54645
54647
54648
54649
54650
54651
54652
54653
54655
54656
54657
54673
54675
54676
54677
54679
54680
54681
54682
54683
54684
54685
54686
54687
54688
54692
54696
54700
54703
54704
54705
54706
54707
54708
54709
54710
54711
54712
54713
54715
54717
54719
54721
54723
54725
54727
54728
54729
54730
54731
54732
54733
54734
54735
54736
54737
54752
54753
54754
54755
54756
54757
54758
54759
54760
54761
54762
54764
54765
54766
54782
54784
54785
54786
54788
54789
54790
54791
54792
54793
54794
54796
54798
54800
54802
54804
54806
54808
54809
54810
54811
54812
54813
54814
54815
54817
54819
54821
54823
54825
54827
54829
54830
54831
54832
54833
54834
54835
54836
54838
54840
54842
54844
54846
54848
54850
54851
54852
54853
54854
54855
54856
54857
54859
54861
54863
54865
54867
54869
54871
54872
54873
54874
54875
54876
54878
54879
54880
54882
54883
54898
54899
54900
54902
54903
54904
54905
54906
54907
54908
54909
54910
54911
54912
54927
54928
54929
54930
54931
54932
54933
54934
54935
54936
54937
54939
54941
54943
54945
54947
54949
54951
54952
54953
54954
54955
54956
54957
54958
54959
54960
54961
54963
54967
54971
54975
54976
54977
54978
54979
54980
54981
54982
54983
54984
54986
54987
54988
54990
54991
55006
55007
55008
55010
55011
55012
55013
55014
55015
55017
55018
55019
55021
55022
55024
55028
55032
55036
55037
55038
55039
55041
55042
55043
55044
55045
55046
55047
55048
55049
55050
55051
55052
55053
55055
55056
55059
55060
55090
55091
55094
55095
55096
55097
55098
55099
55100
55101
55102
55103
55104
55105
55106
55107
55108
55109
55110
55111
55112
55113
55115
55116
55117
55119
55120
55122
55123
55126
55127
55129
55130
55133
55134
55136
55137
55140
55141
55143
55144
55147
55148
55149
55150
55151
55153
55154
55155
55156
55157
55158
55159
55160
55161
55162
55163
55164
55165
55166
55167
55168
55169
55170
55171
55172
55173
55174
55175
55176
55177
55178
55179
55180
55181
55182
55183
55184
55185
55186
55187
55188
55189
55190
55191
55192
55193
55194
55195
55196
55197
55198
55199
55200
55201
55202
55203
55204
55205
55206
55207
55208
55209
55210
55211
55212
55213
55215
55216
55217
55219
55222
55223
55226
55229
55230
55233
55236
55237
55240
55243
55244
55247
55249
55250
55251
55253
55254
55255
55256
55257
55258
55259
55260
55261
55262
55263
55264
55265
55266
55267
55268
55269
55270
55271
55272
55273
55274
55277
55278
55309
55312
55313
55316
55317
55318
55319
55320
55321
55322
55323
55324
55325
55326
55327
55328
55330
55331
55332
55337
55341
55345
55348
55350
55351
55352
55354
55355
55356
55357
55358
55359
55360
55362
55363
55364
55380
55382
55383
55384
55386
55387
55388
55389
55390
55391
55392
55393
55394
55395
55399
55403
55407
55410
55411
55412
55413
55414
55415
55416
55417
55418
55419
55420
55422
55424
55426
55428
55430
55432
55434
55435
55436
55437
55438
55439
55440
55441
55442
55443
55444
55459
55460
55461
55462
55463
55464
55465
55466
55467
55468
55469
55471
55472
55473
55489
55491
55492
55493
55495
55496
55497
55498
55499
55500
55501
55503
55505
55507
55509
55511
55513
55515
55516
55517
55518
55519
55520
55521
55522
55524
55526
55528
55530
55532
55534
55536
55537
55538
55539
55540
55541
55542
55543
55545
55547
55549
55551
55553
55555
55557
55558
55559
55560
55561
55562
55563
55564
55566
55568
55570
55572
55574
55576
55578
55579
55580
55581
55582
55583
55585
55586
55587
55589
55590
55605
55606
55607
55609
55610
55611
55612
55613
55614
55615
55616
55617
55618
55619
55634
55635
55636
55637
55638
55639
55640
55641
55642
55643
55644
55646
55648
55650
55652
55654
55656
55658
55659
55660
55661
55662
55663
55664
55665
55666
55667
55668
55670
55674
55678
55682
55683
55684
55685
55686
55687
55688
55689
55690
55691
55693
55694
55695
55697
55698
55713
55714
55715
55717
55718
55719
55720
55721
55722
55724
55725
55726
55728
55729
55731
55735
55739
55743
55744
55745
55746
55748
55749
55750
55751
55752
55753
55754
55755
55756
55757
55758
55759
55760
55762
55763
55766
55767
55797
55798
55801
55802
55803
55804
55805
55806
55807
55808
55809
55810
55811
55812
55813
55814
55815
55816
55817
55818
55819
55820
55822
55823
55824
55826
55827
55829
55830
55833
55834
55836
55837
55840
55841
55843
55844
55847
55848
55850
55851
55854
55855
55856
55857
55858
55860
55861
55862
55863
55864
55865
55866
55867
55868
55869
55870
55871
55872
55873
55874
55875
55876
55877
55878
55879
55880
55881
55882
55883
55884
55885
55886
55887
55888
55889
55890
55891
55892
55893
55894
55895
55896
55897
55898
55899
55900
55901
55902
55903
55904
55905
55906
55907
55908
55909
55910
55911
55912
55913
55914
55915
55916
55917
55918
55919
55920
55922
55923
55924
55926
55929
55930
55933
55936
55937
55940
55943
55944
55947
55950
55951
55954
55956
55957
55958
55960
55961
55962
55963
55964
55965
55966
55967
55968
55969
55970
55971
55972
55973
55974
55975
55976
55977
55978
55979
55980
55981
55984
55985
56016
56019
56020
56023
56024
56025
56026
56027
56028
56029
56030
56031
56032
56033
56034
56035
56037
56038
56039
56044
56048
56052
56055
56057
56058
56059
56061
56062
56063
56064
56065
56066
56067
56069
56070
56071
56087
56089
56090
56091
56093
56094
56095
56096
56097
56098
56099
56100
56101
56102
56106
56110
56114
56117
56118
56119
56120
56121
56122
56123
56124
56125
56126
56127
56129
56131
56133
56135
56137
56139
56141
56142
56143
56144
56145
56146
56147
56148
56149
56150
56151
56166
56167
56168
56169
56170
56171
56172
56173
56174
56175
56176
56178
56179
56180
56196
56198
56199
56200
56202
56203
56204
56205
56206
56207
56208
56210
56212
56214
56216
56218
56220
56222
56223
56224
56225
56226
56227
56228
56229
56231
56233
56235
56237
56239
56241
56243
56244
56245
56246
56247
56248
56249
56250
56252
56254
56256
56258
56260
56262
56264
56265
56266
56267
56268
56269
56270
56271
56273
56275
56277
56279
56281
56283
56285
56286
56287
56288
56289
56290
56292
56293
56294
56296
56297
56312
56313
56314
56316
56317
56318
56319
56320
56321
56322
56323
56324
56325
56326
56341
56342
56343
56344
56345
56346
56347
56348
56349
56350
56351
56353
56355
56357
56359
56361
56363
56365
56366
56367
56368
56369
56370
56371
56372
56373
56374
56375
56377
56381
56385
56389
56390
56391
56392
56393
56394
56395
56396
56397
56398
56400
56401
56402
56404
56405
56420
56421
56422
56424
56425
56426
56427
56428
56429
56431
56432
56433
56435
56436
56438
56442
56446
56450
56451
56452
56453
56455
56456
56457
56458
56459
56460
56461
56462
56463
56464
56465
56466
56467
56469
56470
56473
56474
56504
56505
56508
56509
56510
56511
56512
56513
56514
56515
56516
56517
56518
56519
56520
56521
56522
56523
56524
56525
56526
56527
56529
56530
56531
56533
56534
56536
56537
56540
56541
56543
56544
56547
56548
56550
56551
56554
56555
56557
56558
56561
56562
56563
56564
56565
56567
56568
56569
56570
56571
56572
56573
56574
56575
56576
56577
56578
56579
56580
56581
56582
56583
56584
56585
56586
56587
56588
56589
56590
56591
56592
56593
56594
56595
56596
56597
56598
56599
56600
56601
56602
56603
56604
56605
56606
56607
56608
56609
56610
56611
56612
56613
56614
56615
56616
56617
56618
56619
56620
56621
56622
56623
56624
56625
56626
56627
56629
56630
56631
56633
56636
56637
56640
56643
56644
56647
56650
56651
56654
56657
56658
56661
56663
56664
56665
56667
56668
56669
56670
56671
56672
56673
56674
56675
56676
56677
56678
56679
56680
56681
56682
56683
56684
56685
56686
56687
56688
56691
56692
56723
56726
56727
56730
56731
56732
56733
56734
56735
56736
56737
56738
56739
56740
56741
56742
56744
56745
56746
56751
56755
56759
56762
56764
56765
56766
56768
56769
56770
56771
56772
56773
56774
56776
56777
56778
56794
56796
56797
56798
56800
56801
56802
56803
56804
56805
56806
56807
56808
56809
56813
56817
56821
56824
56825
56826
56827
56828
56829
56830
56831
56832
56833
56834
56836
56838
56840
56842
56844
56846
56848
56849
56850
56851
56852
56853
56854
56855
56856
56857
56858
56873
56874
56875
56876
56877
56878
56879
56880
56881
56882
56883
56885
56886
56887
56903
56905
56906
56907
56909
56910
56911
56912
56913
56914
56915
56917
56919
56921
56923
56925
56927
56929
56930
56931
56932
56933
56934
56935
56936
56938
56940
56942
56944
56946
56948
56950
56951
56952
56953
56954
56955
56956
56957
56959
56961
56963
56965
56967
56969
56971
56972
56973
56974
56975
56976
56977
56978
56980
56982
56984
56986
56988
56990
56992
56993
56994
56995
56996
56997
56999
57000
57001
57003
57004
57019
57020
57021
57023
57024
57025
57026
57027
57028
57029
57030
57031
57032
57033
57048
57049
57050
57051
57052
57053
57054
57055
57056
57057
57058
57060
57062
57064
57066
57068
57070
57072
57073
57074
57075
57076
57077
57078
57079
57080
57081
57082
57084
57088
57092
57096
57097
57098
57099
57100
57101
57102
57103
57104
57105
57107
57108
57109
57111
57112
57127
57128
57129
57131
57132
57133
57134
57135
57136
57138
57139
57140
57142
57143
57145
57149
57153
57157
57158
57159
57160
57162
57163
57164
57165
57166
57167
57168
57169
57170
57171
57172
57173
57174
57176
57177
57180
57181
57211
57212
57215
57216
57217
57218
57219
57220
57221
57222
57223
57224
57225
57226
57227
57228
57229
57230
57231
57232
57233
57234
57236
57237
57238
57240
57241
57243
57244
57247
57248
57250
57251
57254
57255
57257
57258
57261
57262
57264
57265
57268
57269
57270
57271
57272
57274
57275
57276
57277
57278
57279
57280
57281
57282
57283
57284
57285
57286
57287
57288
57289
57290
57291
57292
57293
57294
57295
57296
57297
57298
57299
57300
57301
57302
57303
57304
57305
57306
57307
57308
57309
57310
57311
57312
57313
57314
57315
57316
57317
57318
57319
57320
57321
57322
57323
57324
57325
57326
57327
57328
57329
57330
57331
57332
57333
57334
57336
57337
57338
57340
57343
57344
57347
57350
57351
57354
57357
57358
57361
57364
57365
57368
57370
57371
57372
57374
57375
57376
57377
57378
57379
57380
57381
57382
57383
57384
57385
57386
57387
57388
57389
57390
57391
57392
57393
57394
57395
57398
57399
57430
57433
57434
57437
57438
57439
57440
57441
57442
57443
57444
57445
57446
57447
57448
57449
57451
57452
57453
57458
57462
57466
57469
57471
57472
57473
57475
57476
57477
57478
57479
57480
57481
57483
57484
57485
57501
57503
57504
57505
57507
57508
57509
57510
57511
57512
57513
57514
57515
57516
57520
57524
57528
57531
57532
57533
57534
57535
57536
57537
57538
57539
57540
57541
57543
57545
57547
57549
57551
57553
57555
57556
57557
57558
57559
57560
57561
57562
57563
57564
57565
57580
57581
57582
57583
57584
57585
57586
57587
57588
57589
57590
57592
57593
57594
57610
57612
57613
57614
57616
57617
57618
57619
57620
57621
57622
57624
57626
57628
57630
57632
57634
57636
57637
57638
57639
57640
57641
57642
57643
57645
57647
57649
57651
57653
57655
57657
57658
57659
57660
57661
57662
57663
57664
57666
57668
57670
57672
57674
57676
57678
57679
57680
57681
57682
57683
57684
57685
57687
57689
57691
57693
57695
57697
57699
57700
57701
57702
57703
57704
57706
57707
57708
57710
57711
57726
57727
57728
57730
57731
57732
57733
57734
57735
57736
57737
57738
57739
57740
57755
57756
57757
57758
57759
57760
57761
57762
57763
57764
57765
57767
57769
57771
57773
57775
57777
57779
57780
57781
57782
57783
57784
57785
57786
57787
57788
57789
57791
57795
57799
57803
57804
57805
57806
57807
57808
57809
57810
57811
57812
57814
57815
57816
57818
57819
57834
57835
57836
57838
57839
57840
57841
57842
57843
57845
57846
57847
57849
57850
57852
57856
57860
57864
57865
57866
57867
57869
57870
57871
57872
57873
57874
57875
57876
57877
57878
57879
57880
57881
57883
57884
57887
57888
57918
57919
57922
57923
57924
57925
57926
57927
57928
57929
57930
57931
57932
57933
57934
57935
57936
57937
57938
57939
57940
57941
57943
57944
57945
57947
57948
57950
57951
57954
57955
57957
57958
57961
57962
57964
57965
57968
57969
57971
57972
57975
57976
57977
57978
57979
57981
57982
57983
57984
57985
57986
57987
57988
57989
57990
57991
57992
57993
57994
57995
57996
57997
57998
57999
58000
58001
58002
58003
58004
58005
58006
58007
58008
58009
58010
58011
58012
58013
58014
58015
58016
58017
58018
58019
58020
58021
58022
58023
58024
58025
58026
58027
58028
58029
58030
58031
58032
58033
58034
58035
58036
58037
58038
58039
58040
58041
58043
58044
58045
58047
58050
58051
58054
58057
58058
58061
58064
58065
58068
58071
58072
58075
58077
58078
58079
58081
58082
58083
58084
58085
58086
58087
58088
58089
58090
58091
58092
58093
58094
58095
58096
58097
58098
58099
58100
58101
58102
58105
58106
58137
58140
58141
58144
58145
58146
58147
58148
58149
58150
58151
58152
58153
58154
58155
58156
58158
58159
58160
58165
58169
58173
58176
58178
58179
58180
58182
58183
58184
58185
58186
58187
58188
58190
58191
58192
58208
58210
58211
58212
58214
58215
58216
58217
58218
58219
58220
58221
58222
58223
58227
58231
58235
58238
58239
58240
58241
58242
58243
58244
58245
58246
58247
58248
58250
58252
58254
58256
58258
58260
58262
58263
58264
58265
58266
58267
58268
58269
58270
58271
58272
58287
58288
58289
58290
58291
58292
58293
58294
58295
58296
58297
58299
58300
58301
58317
58319
58320
58321
58323
58324
58325
58326
58327
58328
58329
58331
58333
58335
58337
58339
58341
58343
58344
58345
58346
58347
58348
58349
58350
58352
58354
58356
58358
58360
58362
58364
58365
58366
58367
58368
58369
58370
58371
58373
58375
58377
58379
58381
58383
58385
58386
58387
58388
58389
58390
58391
58392
58394
58396
58398
58400
58402
58404
58406
58407
58408
58409
58410
58411
58413
58414
58415
58417
58418
58433
58434
58435
58437
58438
58439
58440
58441
58442
58443
58444
58445
58446
58447
58462
58463
58464
58465
58466
58467
58468
58469
58470
58471
58472
58474
58476
58478
58480
58482
58484
58486
58487
58488
58489
58490
58491
58492
58493
58494
58495
58496
58498
58502
58506
58510
58511
58512
58513
58514
58515
58516
58517
58518
58519
58521
58522
58523
58525
58526
58541
58542
58543
58545
58546
58547
58548
58549
58550
58552
58553
58554
58556
58557
58559
58563
58567
58571
58572
58573
58574
58576
58577
58578
58579
58580
58581
58582
58583
58584
58585
58586
58587
58588
58590
58591
58594
58595
58625
58626
58629
58630
58631
58632
58633
58634
58635
58636
58637
58638
58639
58640
58641
58642
58643
58644
58645
58646
58647
58648
58650
58651
58652
58654
58655
58657
58658
58661
58662
58664
58665
58668
58669
58671
58672
58675
58676
58678
58679
58682
58683
58684
58685
58686
58688
58689
58690
58691
58692
58693
58694
58695
58696
58697
58698
58699
58700
58701
58702
58703
58704
58705
58706
58707
58708
58709
58710
58711
58712
58713
58714
58715
58716
58717
58718
58719
58720
58721
58722
58723
58724
58725
58726
58727
58728
58729
58730
58731
58732
58733
58734
58735
58736
58737
58738
58739
58740
58741
58742
58743
58744
58745
58746
58747
58748
58750
58751
58752
58754
58757
58758
58761
58764
58765
58768
58771
58772
58775
58778
58779
58782
58784
58785
58786
58788
58789
58790
58791
58792
58793
58794
58795
58796
58797
58798
58799
58800
58801
58802
58803
58804
58805
58806
58807
58808
58809
58812
58813
58844
58847
58848
58851
58852
58853
58854
58855
58856
58857
58858
58859
58860
58861
58862
58863
58865
58866
58867
58872
58876
58880
58883
58885
58886
58887
58889
58890
58891
58892
58893
58894
58895
58897
58898
58899
58915
58917
58918
58919
58921
58922
58923
58924
58925
58926
58927
58928
58929
58930
58934
58938
58942
58945
58946
58947
58948
58949
58950
58951
58952
58953
58954
58955
58957
58959
58961
58963
58965
58967
58969
58970
58971
58972
58973
58974
58975
58976
58977
58978
58979
58994
58995
58996
58997
58998
58999
59000
59001
59002
59003
59004
59006
59007
59008
59024
59026
59027
59028
59030
59031
59032
59033
59034
59035
59036
59038
59040
59042
59044
59046
59048
59050
59051
59052
59053
59054
59055
59056
59057
59059
59061
59063
59065
59067
59069
59071
59072
59073
59074
59075
59076
59077
59078
59080
59082
59084
59086
59088
59090
59092
59093
59094
59095
59096
59097
59098
59099
59101
59103
59105
59107
59109
59111
59113
59114
59115
59116
59117
59118
59120
59121
59122
59124
59125
59140
59141
59142
59144
59145
59146
59147
59148
59149
59150
59151
59152
59153
59154
59169
59170
59171
59172
59173
59174
59175
59176
59177
59178
59179
59181
59183
59185
59187
59189
59191
59193
59194
59195
59196
59197
59198
59199
59200
59201
59202
59203
59205
59209
59213
59217
59218
59219
59220
59221
59222
59223
59224
59225
59226
59228
59229
59230
59232
59233
59248
59249
59250
59252
59253
59254
59255
59256
59257
59259
59260
59261
59263
59264
59266
59270
59274
59278
59279
59280
59281
59283
59284
59285
59286
59287
59288
59289
59290
59291
59292
59293
59294
59295
59297
59298
59301
59302
59332
59333
59336
59337
59338
59339
59340
59341
59342
59343
59344
59345
59346
59347
59348
59349
59350
59351
59352
59353
59354
59355
59357
59358
59359
59361
59362
59364
59365
59368
59369
59371
59372
59375
59376
59378
59379
59382
59383
59385
59386
59389
59390
59391
59392
59393
59395
59396
59397
59398
59399
59400
59401
59402
59403
59404
59405
59406
59407
59408
59409
59410
59411
59412
59413
59414
59415
59416
59417
59418
59419
59420
59421
59422
59423
59424
59425
59426
59427
59428
59429
59430
59431
59432
59433
59434
59435
59436
59437
59438
59439
59440
59441
59442
59443
59444
59445
59446
59447
59448
59449
59450
59451
59452
59453
59454
59455
59457
59458
59459
59461
59464
59465
59468
59471
59472
59475
59478
59479
59482
59485
59486
59489
59491
59492
59493
59495
59496
59497
59498
59499
59500
59501
59502
59503
59504
59505
59506
59507
59508
59509
59510
59511
59512
59513
59514
59515
59516
59519
59520
59551
59554
59555
59558
59559
59560
59561
59562
59563
59564
59565
59566
59567
59568
59569
59570
59572
59573
59574
59579
59583
59587
59590
59592
59593
59594
59596
59597
59598
59599
59600
59601
59602
59604
59605
59606
59622
59624
59625
59626
59628
59629
59630
59631
59632
59633
59634
59635
59636
59637
59641
59645
59649
59652
59653
59654
59655
59656
59657
59658
59659
59660
59661
59662
59664
59666
59668
59670
59672
59674
59676
59677
59678
59679
59680
59681
59682
59683
59684
59685
59686
59701
59702
59703
59704
59705
59706
59707
59708
59709
59710
59711
59713
59714
59715
59731
59733
59734
59735
59737
59738
59739
59740
59741
59742
59743
59745
59747
59749
59751
59753
59755
59757
59758
59759
59760
59761
59762
59763
59764
59766
59768
59770
59772
59774
59776
59778
59779
59780
59781
59782
59783
59784
59785
59787
59789
59791
59793
59795
59797
59799
59800
59801
59802
59803
59804
59805
59806
59808
59810
59812
59814
59816
59818
59820
59821
59822
59823
59824
59825
59827
59828
59829
59831
59832
59847
59848
59849
59851
59852
59853
59854
59855
59856
59857
59858
59859
59860
59861
59876
59877
59878
59879
59880
59881
59882
59883
59884
59885
59886
59888
59890
59892
59894
59896
59898
59900
59901
59902
59903
59904
59905
59906
59907
59908
59909
59910
59912
59916
59920
59924
59925
59926
59927
59928
59929
59930
59931
59932
59933
59935
59936
59937
59939
59940
59955
59956
59957
59959
59960
59961
59962
59963
59964
59966
59967
59968
59970
59971
59973
59977
59981
59985
59986
59987
59988
59990
59991
59992
59993
59994
59995
59996
59997
59998
59999
60000
60001
60002
60004
60005
60008
60009
60039
60040
60043
60044
60045
60046
60047
60048
60049
60050
60051
60052
60053
60054
60055
60056
60057
60058
60059
60060
60061
60062
60064
60065
60066
60068
60069
60071
60072
60075
60076
60078
60079
60082
60083
60085
60086
60089
60090
60092
60093
60096
60097
60098
60099
60100
60102
60103
60104
60105
60106
60107
60108
60109
60110
60111
60112
60113
60114
60115
60116
60117
60118
60119
60120
60121
60122
60123
60124
60125
60126
60127
60128
60129
60130
60131
60132
60133
60134
60135
60136
60137
60138
60139
60140
60141
60142
60143
60144
60145
60146
60147
60148
60149
60150
60151
60152
60153
60154
60155
60156
60157
60158
60159
60160
60161
60162
60164
60165
60166
60168
60171
60172
60175
60178
60179
60182
60185
60186
60189
60192
60193
60196
60198
60199
60200
60202
60203
60204
60205
60206
60207
60208
60209
60210
60211
60212
60213
60214
60215
60216
60217
60218
60219
60220
60221
60222
60223
60226
60227
60258
60261
60262
60265
60266
60267
60268
60269
60270
60271
60272
60273
60274
60275
60276
60277
60279
60280
60281
60286
60290
60294
60297
60299
60300
60301
60303
60304
60305
60306
60307
60308
60309
60311
60312
60313
60329
60331
60332
60333
60335
60336
60337
60338
60339
60340
60341
60342
60343
60344
60348
60352
60356
60359
60360
60361
60362
60363
60364
60365
60366
60367
60368
60369
60371
60373
60375
60377
60379
60381
60383
60384
60385
60386
60387
60388
60389
60390
60391
60392
60393
60408
60409
60410
60411
60412
60413
60414
60415
60416
60417
60418
60420
60421
60422
60438
60440
60441
60442
60444
60445
60446
60447
60448
60449
60450
60452
60454
60456
60458
60460
60462
60464
60465
60466
60467
60468
60469
60470
60471
60473
60475
60477
60479
60481
60483
60485
60486
60487
60488
60489
60490
60491
60492
60494
60496
60498
60500
60502
60504
60506
60507
60508
60509
60510
60511
60512
60513
60515
60517
60519
60521
60523
60525
60527
60528
60529
60530
60531
60532
60534
60535
60536
60538
60539
60554
60555
60556
60558
60559
60560
60561
60562
60563
60564
60565
60566
60567
60568
60583
60584
60585
60586
60587
60588
60589
60590
60591
60592
60593
60595
60597
60599
60601
60603
60605
60607
60608
60609
60610
60611
60612
60613
60614
60615
60616
60617
60619
60623
60627
60631
60632
60633
60634
60635
60636
60637
60638
60639
60640
60642
60643
60644
60646
60647
60662
60663
60664
60666
60667
60668
60669
60670
60671
60673
60674
60675
60677
60678
60680
60684
60688
60692
60693
60694
60695
60697
60698
60699
60700
60701
60702
60703
60704
60705
60706
60707
60708
60709
60711
60712
60715
60716
60746
60747
60750
60751
60752
60753
60754
60755
60756
60757
60758
60759
60760
60761
60762
60763
60764
60765
60766
60767
60768
60769
60771
60772
60773
60775
60776
60778
60779
60782
60783
60785
60786
60789
60790
60792
60793
60796
60797
60799
60800
60803
60804
60805
60806
60807
60809
60810
60811
60812
60813
60814
60815
60816
60817
60818
60819
60820
60821
60822
60823
60824
60825
60826
60827
60828
60829
60830
60831
60832
60833
60834
60835
60836
60837
60838
60839
60840
60841
60842
60843
60844
60845
60846
60847
60848
60849
60850
60851
60852
60853
60854
60855
60856
60857
60858
60859
60860
60861
60862
60863
60864
60865
60866
60867
60868
60869
60871
60872
60873
60875
60878
60879
60882
60885
60886
60889
60892
60893
60896
60899
60900
60903
60905
60906
60907
60909
60910
60911
60912
60913
60914
60915
60916
60917
60918
60919
60920
60921
60922
60923
60924
60925
60926
60927
60928
60929
60930
60933
60934
60965
60968
60969
60972
60973
60974
60975
60976
60977
60978
60979
60980
60981
60982
60983
60984
60986
60987
60988
60993
60997
61001
61004
61006
61007
61008
61010
61011
61012
61013
61014
61015
61016
61018
61019
61020
61036
61038
61039
61040
61042
61043
61044
61045
61046
61047
61048
61049
61050
61051
61055
61059
61063
61066
61067
61068
61069
61070
61071
61072
61073
61074
61075
61076
61078
61080
61082
61084
61086
61088
61090
61091
61092
61093
61094
61095
61096
61097
61098
61099
61100
61115
61116
61117
61118
61119
61120
61121
61122
61123
61124
61125
61127
61128
61129
61145
61147
61148
61149
61151
61152
61153
61154
61155
61156
61157
61159
61161
61163
61165
61167
61169
61171
61172
61173
61174
61175
61176
61177
61178
61180
61182
61184
61186
61188
61190
61192
61193
61194
61195
61196
61197
61198
61199
61201
61203
61205
61207
61209
61211
61213
61214
61215
61216
61217
61218
61219
61220
61222
61224
61226
61228
61230
61232
61234
61235
61236
61237
61238
61239
61241
61242
61243
61245
61246
61261
61262
61263
61265
61266
61267
61268
61269
61270
61271
61272
61273
61274
61275
61290
61291
61292
61293
61294
61295
61296
61297
61298
61299
61300
61302
61304
61306
61308
61310
61312
61314
61315
61316
61317
61318
61319
61320
61321
61322
61323
61324
61326
61330
61334
61338
61339
61340
61341
61342
61343
61344
61345
61346
61347
61349
61350
61351
61353
61354
61369
61370
61371
61373
61374
61375
61376
61377
61378
61380
61381
61382
61384
61385
61387
61391
61395
61399
61400
61401
61402
61404
61405
61406
61407
61408
61409
61410
61411
61412
61413
61414
61415
61416
61418
61419
61422
61423
61453
61454
61457
61458
61459
61460
61461
61462
61463
61464
61465
61466
61467
61468
61469
61470
61471
61472
61473
61474
61475
61476
61478
61479
61480
61482
61483
61485
61486
61489
61490
61492
61493
61496
61497
61499
61500
61503
61504
61506
61507
61510
61511
61512
61513
61514
61516
61517
61518
61519
61520
61521
61522
61523
61524
61525
61526
61527
61528
61529
61530
61531
61532
61533
61534
61535
61536
61537
61538
61539
61540
61541
61542
61543
61544
61545
61546
61547
61548
61549
61550
61551
61552
61553
61554
61555
61556
61557
61558
61559
61560
61561
61562
61563
61564
61565
61566
61567
61568
61569
61570
61571
61572
61573
61574
61575
61576
61578
61579
61580
61582
61585
61586
61589
61592
61593
61596
61599
61600
61603
61606
61607
61610
61612
61613
61614
61616
61617
61618
61619
61620
61621
61622
61623
61624
61625
61626
61627
61628
61629
61630
61631
61632
61633
61634
61635
61636
61637
61640
61641
61672
61675
61676
61679
61680
61681
61682
61683
61684
61685
61686
61687
61688
61689
61690
61691
61693
61694
61695
61700
61704
61708
61711
61713
61714
61715
61717
61718
61719
61720
61721
61722
61723
61725
61726
61727
61743
61745
61746
61747
61749
61750
61751
61752
61753
61754
61755
61756
61757
61758
61762
61766
61770
61773
61774
61775
61776
61777
61778
61779
61780
61781
61782
61783
61785
61787
61789
61791
61793
61795
61797
61798
61799
61800
61801
61802
61803
61804
61805
61806
61807
61822
61823
61824
61825
61826
61827
61828
61829
61830
61831
61832
61834
61835
61836
61852
61854
61855
61856
61858
61859
61860
61861
61862
61863
61864
61866
61868
61870
61872
61874
61876
61878
61879
61880
61881
61882
61883
61884
61885
61887
61889
61891
61893
61895
61897
61899
61900
61901
61902
61903
61904
61905
61906
61908
61910
61912
61914
61916
61918
61920
61921
61922
61923
61924
61925
61926
61927
61929
61931
61933
61935
61937
61939
61941
61942
61943
61944
61945
61946
61948
61949
61950
61952
61953
61968
61969
61970
61972
61973
61974
61975
61976
61977
61978
61979
61980
61981
61982
61997
61998
61999
62000
62001
62002
62003
62004
62005
62006
62007
62009
62011
62013
62015
62017
62019
62021
62022
62023
62024
62025
62026
62027
62028
62029
62030
62031
62033
62037
62041
62045
62046
62047
62048
62049
62050
62051
62052
62053
62054
62056
62057
62058
62060
62061
62076
62077
62078
62080
62081
62082
62083
62084
62085
62087
62088
62089
62091
62092
62094
62098
62102
62106
62107
62108
62109
62111
62112
62113
62114
62115
62116
62117
62118
62119
62120
62121
62122
62123
62125
62126
62129
62130
62160
62161
62164
62165
62166
62167
62168
62169
62170
62171
62172
62173
62174
62175
62176
62177
62178
62179
62180
62181
62182
62183
62185
62186
62187
62189
62190
62192
62193
62196
62197
62199
62200
62203
62204
62206
62207
62210
62211
62213
62214
62217
62218
62219
62220
62221
62223
62224
62225
62226
62227
62228
62229
62230
62231
62232
62233
62234
62235
62236
62237
62238
62239
62240
62241
62242
62243
62244
62245
62246
62247
62248
62249
62250
62251
62252
62253
62254
62255
62256
62257
62258
62259
62260
62261
62262
62263
62264
62265
62266
62267
62268
62269
62270
62271
62272
62273
62274
62275
62276
62277
62278
62279
62280
62281
62282
62283
62285
62286
62287
62289
62292
62293
62296
62299
62300
62303
62306
62307
62310
62313
62314
62317
62319
62320
62321
62323
62324
62325
62326
62327
62328
62329
62330
62331
62332
62333
62334
62335
62336
62337
62338
62339
62340
62341
62342
62343
62344
62347
62348
62379
62382
62383
62386
62387
62388
62389
62390
62391
62392
62393
62394
62395
62396
62397
62398
62400
62401
62402
62407
62411
62415
62418
62420
62421
62422
62424
62425
62426
62427
62428
62429
62430
62432
62433
62434
62450
62452
62453
62454
62456
62457
62458
62459
62460
62461
62462
62463
62464
62465
62469
62473
62477
62480
62481
62482
62483
62484
62485
62486
62487
62488
62489
62490
62492
62494
62496
62498
62500
62502
62504
62505
62506
62507
62508
62509
62510
62511
62512
62513
62514
62529
62530
62531
62532
62533
62534
62535
62536
62537
62538
62539
62541
62542
62543
62559
62561
62562
62563
62565
62566
62567
62568
62569
62570
62571
62573
62575
62577
62579
62581
62583
62585
62586
62587
62588
62589
62590
62591
62592
62594
62596
62598
62600
62602
62604
62606
62607
62608
62609
62610
62611
62612
62613
62615
62617
62619
62621
62623
62625
62627
62628
62629
62630
62631
62632
62633
62634
62636
62638
62640
62642
62644
62646
62648
62649
62650
62651
62652
62653
62655
62656
62657
62659
62660
62675
62676
62677
62679
62680
62681
62682
62683
62684
62685
62686
62687
62688
62689
62704
62705
62706
62707
62708
62709
62710
62711
62712
62713
62714
62716
62718
62720
62722
62724
62726
62728
62729
62730
62731
62732
62733
62734
62735
62736
62737
62738
62740
62744
62748
62752
62753
62754
62755
62756
62757
62758
62759
62760
62761
62763
62764
62765
62767
62768
62783
62784
62785
62787
62788
62789
62790
62791
62792
62794
62795
62796
62798
62799
62801
62805
62809
62813
62814
62815
62816
62818
62819
62820
62821
62822
62823
62824
62825
62826
62827
62828
62829
62830
62832
62833
62836
62837
62867
62868
62871
62872
62873
62874
62875
62876
62877
62878
62879
62880
62881
62882
62883
62884
62885
62886
62887
62888
62889
62890
62892
62893
62894
62896
62897
62899
62900
62903
62904
62906
62907
62910
62911
62913
62914
62917
62918
62920
62921
62924
62925
62926
62927
62928
62930
62931
62932
62933
62934
62935
62936
62937
62938
62939
62940
62941
62942
62943
62944
62945
62946
62947
62948
62949
62950
62951
62952
62953
62954
62955
62956
62957
62958
62959
62960
62961
62962
62963
62964
62965
62966
62967
62968
62969
62970
62971
62972
62973
62974
62975
62976
62977
62978
62979
62980
62981
62982
62983
62984
62985
62986
62987
62988
62989
62990
62992
62993
62994
62996
62999
63000
63003
63006
63007
63010
63013
63014
63017
63020
63021
63024
63026
63027
63028
63030
63031
63032
63033
63034
63035
63036
63037
63038
63039
63040
63041
63042
63043
63044
63045
63046
63047
63048
63049
63050
63051
63054
63055
63086
63089
63090
63093
63094
63095
63096
63097
63098
63099
63100
63101
63102
63103
63104
63105
63107
63108
63109
63114
63118
63122
63125
63127
63128
63129
63131
63132
63133
63134
63135
63136
63137
63139
63140
63141
63157
63159
63160
63161
63163
63164
63165
63166
63167
63168
63169
63170
63171
63172
63176
63180
63184
63187
63188
63189
63190
63191
63192
63193
63194
63195
63196
63197
63199
63201
63203
63205
63207
63209
63211
63212
63213
63214
63215
63216
63217
63218
63219
63220
63221
63236
63237
63238
63239
63240
63241
63242
63243
63244
63245
63246
63248
63249
63250
63266
63268
63269
63270
63272
63273
63274
63275
63276
63277
63278
63280
63282
63284
63286
63288
63290
63292
63293
63294
63295
63296
63297
63298
63299
63301
63303
63305
63307
63309
63311
63313
63314
63315
63316
63317
63318
63319
63320
63322
63324
63326
63328
63330
63332
63334
63335
63336
63337
63338
63339
63340
63341
63343
63345
63347
63349
63351
63353
63355
63356
63357
63358
63359
63360
63362
63363
63364
63366
63367
63382
63383
63384
63386
63387
63388
63389
63390
63391
63392
63393
63394
63395
63396
63411
63412
63413
63414
63415
63416
63417
63418
63419
63420
63421
63423
63425
63427
63429
63431
63433
63435
63436
63437
63438
63439
63440
63441
63442
63443
63444
63445
63447
63451
63455
63459
63460
63461
63462
63463
63464
63465
63466
63467
63468
63470
63471
63472
63474
63475
63490
63491
63492
63494
63495
63496
63497
63498
63499
63501
63502
63503
63505
63506
63508
63512
63516
63520
63521
63522
63523
63525
63526
63527
63528
63529
63530
63531
63532
63533
63534
63535
63536
63537
63539
63540
63543
63544
63574
63575
63578
63579
63580
63581
63582
63583
63584
63585
63586
63587
63588
63589
63590
63591
63592
63593
63594
63595
63596
63597
63599
63600
63601
63603
63604
63606
63607
63610
63611
63613
63614
63617
63618
63620
63621
63624
63625
63627
63628
63631
63632
63633
63634
63635
63637
63638
63639
63640
63641
63642
63643
63644
63645
63646
63647
63648
63649
63650
63651
63652
63653
63654
63655
63656
63657
63658
63659
63660
63661
63662
63663
63664
63665
63666
63667
63668
63669
63670
63671
63672
63673
63674
63675
63676
63677
63678
63679
63680
63681
63682
63683
63684
63685
63686
63687
63688
63689
63690
63691
63692
63693
63694
63695
63696
63697
63699
63700
63701
63703
63706
63707
63710
63713
63714
63717
63720
63721
63724
63727
63728
63731
63733
63734
63735
63737
63738
63739
63740
63741
63742
63743
63744
63745
63746
63747
63748
63749
63750
63751
63752
63753
63754
63755
63756
63757
63758
63761
63762
63793
63796
63797
63800
63801
63802
63803
63804
63805
63806
63807
63808
63809
63810
63811
63812
63814
63815
63816
63821
63825
63829
63832
63834
63835
63836
63838
63839
63840
63841
63842
63843
63844
63846
63847
63848
63864
63866
63867
63868
63870
63871
63872
63873
63874
63875
63876
63877
63878
63879
63883
63887
63891
63894
63895
63896
63897
63898
63899
63900
63901
63902
63903
63904
63906
63908
63910
63912
63914
63916
63918
63919
63920
63921
63922
63923
63924
63925
63926
63927
63928
63943
63944
63945
63946
63947
63948
63949
63950
63951
63952
63953
63955
63956
63957
63973
63975
63976
63977
63979
63980
63981
63982
63983
63984
63985
63987
63989
63991
63993
63995
63997
63999
64000
64001
64002
64003
64004
64005
64006
64008
64010
64012
64014
64016
64018
64020
64021
64022
64023
64024
64025
64026
64027
64029
64031
64033
64035
64037
64039
64041
64042
64043
64044
64045
64046
64047
64048
64050
64052
64054
64056
64058
64060
64062
64063
64064
64065
64066
64067
64069
64070
64071
64073
64074
64089
64090
64091
64093
64094
64095
64096
64097
64098
64099
64100
64101
64102
64103
64118
64119
64120
64121
64122
64123
64124
64125
64126
64127
64128
64130
64132
64134
64136
64138
64140
64142
64143
64144
64145
64146
64147
64148
64149
64150
64151
64152
64154
64158
64162
64166
64167
64168
64169
64170
64171
64172
64173
64174
64175
64177
64178
64179
64181
64182
64197
64198
64199
64201
64202
64203
64204
64205
64206
64208
64209
64210
64212
64213
64215
64219
64223
64227
64228
64229
64230
64232
64233
64234
64235
64236
64237
64238
64239
64240
64241
64242
64243
64244
64246
64247
64250
64251
64281
64282
64285
64286
64287
64288
64289
64290
64291
64292
64293
64294
64295
64296
64297
64298
64299
64300
64301
64302
64303
64304
64306
64307
64308
64310
64311
64313
64314
64317
64318
64320
64321
64324
64325
64327
64328
64331
64332
64334
64335
64338
64339
64340
64341
64342
64344
64345
64346
64347
64348
64349
64350
64351
64352
64353
64354
64355
64356
64357
64358
64359
64360
64361
64362
64363
64364
64365
64366
64367
64368
64369
64370
64371
64372
64373
64374
64375
64376
64377
64378
64379
64380
64381
64382
64383
64384
64385
64386
64387
64388
64389
64390
64391
64392
64393
64394
64395
64396
64397
64398
64399
64400
64401
64402
64403
64404
64406
64407
64408
64410
64413
64414
64417
64420
64421
64424
64427
64428
64431
64434
64435
64438
64440
64441
64442
64444
64445
64446
64447
64448
64449
64450
64451
64452
64453
64454
64455
64456
64457
64458
64459
64460
64461
64462
64463
64464
64465
64468
64469
64500
64503
64504
64507
64508
64509
64510
64511
64512
64513
64514
64515
64516
64517
64518
64519
64521
64522
64523
64528
64532
64536
64539
64541
64542
64543
64545
64546
64547
64548
64549
64550
64551
64553
64554
64555
64571
64573
64574
64575
64577
64578
64579
64580
64581
64582
64583
64584
64585
64586
64590
64594
64598
64601
64602
64603
64604
64605
64606
64607
64608
64609
64610
64611
64613
64615
64617
64619
64621
64623
64625
64626
64627
64628
64629
64630
64631
64632
64633
64634
64635
64650
64651
64652
64653
64654
64655
64656
64657
64658
64659
64660
64662
64663
64664
64680
64682
64683
64684
64686
64687
64688
64689
64690
64691
64692
64694
64696
64698
64700
64702
64704
64706
64707
64708
64709
64710
64711
64712
64713
64715
64717
64719
64721
64723
64725
64727
64728
64729
64730
64731
64732
64733
64734
64736
64738
64740
64742
64744
64746
64748
64749
64750
64751
64752
64753
64754
64755
64757
64759
64761
64763
64765
64767
64769
64770
64771
64772
64773
64774
64776
64777
64778
64780
64781
64796
64797
64798
64800
64801
64802
64803
64804
64805
64806
64807
64808
64809
64810
64825
64826
64827
64828
64829
64830
64831
64832
64833
64834
64835
64837
64839
64841
64843
64845
64847
64849
64850
64851
64852
64853
64854
64855
64856
64857
64858
64859
64861
64865
64869
64873
64874
64875
64876
64877
64878
64879
64880
64881
64882
64884
64885
64886
64888
64889
64904
64905
64906
64908
64909
64910
64911
64912
64913
64915
64916
64917
64919
64920
64922
64926
64930
64934
64935
64936
64937
64939
64940
64941
64942
64943
64944
64945
64946
64947
64948
64949
64950
64951
64953
64954
64957
64958
64988
64989
64992
64993
64994
64995
64996
64997
64998
64999
65000
65001
65002
65003
65004
65005
65006
65007
65008
65009
65010
65011
65013
65014
65015
65017
65018
65020
65021
65024
65025
65027
65028
65031
65032
65034
65035
65038
65039
65041
65042
65045
65046
65047
65048
65049
65051
65052
65053
65054
65055
65056
65057
65058
65059
65060
65061
65062
65063
65064
65065
65066
65067
65068
65069
65070
65071
65072
65073
65074
65075
65076
65077
65078
65079
65080
65081
65082
65083
65084
65085
65086
65087
65088
65089
65090
65091
65092
65093
65094
65095
65096
65097
65098
65099
65100
65101
65102
65103
65104
65105
65106
65107
65108
65109
65110
65111
65113
65114
65115
65117
65120
65121
65124
65127
65128
65131
65134
65135
65138
65141
65142
65145
65147
65148
65149
65151
65152
65153
65154
65155
65156
65157
65158
65159
65160
65161
65162
65163
65164
65165
65166
65167
65168
65169
65170
65171
65172
65175
65176
65207
65210
65211
65214
65215
65216
65217
65218
65219
65220
65221
65222
65223
65224
65225
65226
65228
65229
65230
65235
65239
65243
65246
65248
65249
65250
65252
65253
65254
65255
65256
65257
65258
65260
65261
65262
65278
65280
65281
65282
65284
65285
65286
65287
65288
65289
65290
65291
65292
65293
65297
65301
65305
65308
65309
65310
65311
65312
65313
65314
65315
65316
65317
65318
65320
65322
65324
65326
65328
65330
65332
65333
65334
65335
65336
65337
65338
65339
65340
65341
65342
65357
65358
65359
65360
65361
65362
65363
65364
65365
65366
65367
65369
65370
65371
65387
65389
65390
65391
65393
65394
65395
65396
65397
65398
65399
65401
65403
65405
65407
65409
65411
65413
65414
65415
65416
65417
65418
65419
65420
65422
65424
65426
65428
65430
65432
65434
65435
65436
65437
65438
65439
65440
65441
65443
65445
65447
65449
65451
65453
65455
65456
65457
65458
65459
65460
65461
65462
65464
65466
65468
65470
65472
65474
65476
65477
65478
65479
65480
65481
65483
65484
65485
65487
65488
65503
65504
65505
65507
65508
65509
65510
65511
65512
65513
65514
65515
65516
65517
65532
65533
65534
65535
65536
65537
65538
65539
65540
65541
65542
65544
65546
65548
65550
65552
65554
65556
65557
65558
65559
65560
65561
65562
65563
65564
65565
65566
65568
65572
65576
65580
65581
65582
65583
65584
65585
65586
65587
65588
65589
65591
65592
65593
65595
65596
65611
65612
65613
65615
65616
65617
65618
65619
65620
65622
65623
65624
65626
65627
65629
65633
65637
65641
65642
65643
65644
65646
65647
65648
65649
65650
65651
65652
65653
65654
65655
65656
65657
65658
65660
65661
65664
65665
65695
65696
65699
65700
65701
65702
65703
65704
65705
65706
65707
65708
65709
65710
65711
65712
65713
65714
65715
65716
65717
65718
65720
65721
65722
65724
65725
65727
65728
65731
65732
65734
65735
65738
65739
65741
65742
65745
65746
65748
65749
65752
65753
65754
65755
65756
65758
65759
65760
65761
65762
65763
65764
65765
65766
65767
65768
65769
65770
65771
65772
65773
65774
65775
65776
65777
65778
65779
65780
65781
65782
65783
65784
65785
65786
65787
65788
65789
65790
65791
65792
65793
65794
65795
65796
65797
65798
65799
65800
65801
65802
65803
65804
65805
65806
65807
65808
65809
65810
65811
65812
65813
65814
65815
65816
65817
65818
65820
65821
65822
65824
65827
65828
65831
65834
65835
65838
65841
65842
65845
65848
65849
65852
65854
65855
65856
65858
65859
65860
65861
65862
65863
65864
65865
65866
65867
65868
65869
65870
65871
65872
65873
65874
65875
65876
65877
65878
65879
65882
65883
65914
65917
65918
65921
65922
65923
65924
65925
65926
65927
65928
65929
65930
65931
65932
65933
65935
65936
65937
65942
65946
65950
65953
65955
65956
65957
65959
65960
65961
65962
65963
65964
65965
65967
65968
65969
65985
65987
65988
65989
65991
65992
65993
65994
65995
65996
65997
65998
65999
66000
66004
66008
66012
66015
66016
66017
66018
66019
66020
66021
66022
66023
66024
66025
66027
66029
66031
66033
66035
66037
66039
66040
66041
66042
66043
66044
66045
66046
66047
66048
66049
66064
66065
66066
66067
66068
66069
66070
66071
66072
66073
66074
66076
66077
66078
66094
66096
66097
66098
66100
66101
66102
66103
66104
66105
66106
66108
66110
66112
66114
66116
66118
66120
66121
66122
66123
66124
66125
66126
66127
66129
66131
66133
66135
66137
66139
66141
66142
66143
66144
66145
66146
66147
66148
66150
66152
66154
66156
66158
66160
66162
66163
66164
66165
66166
66167
66168
66169
66171
66173
66175
66177
66179
66181
66183
66184
66185
66186
66187
66188
66190
66191
66192
66194
66195
66210
66211
66212
66214
66215
66216
66217
66218
66219
66220
66221
66222
66223
66224
66239
66240
66241
66242
66243
66244
66245
66246
66247
66248
66249
66251
66253
66255
66257
66259
66261
66263
66264
66265
66266
66267
66268
66269
66270
66271
66272
66273
66275
66279
66283
66287
66288
66289
66290
66291
66292
66293
66294
66295
66296
66298
66299
66300
66302
66303
66318
66319
66320
66322
66323
66324
66325
66326
66327
66329
66330
66331
66333
66334
66336
66340
66344
66348
66349
66350
66351
66353
66354
66355
66356
66357
66358
66359
66360
66361
66362
66363
66364
66365
66367
66368
66371
66372
66402
66403
66406
66407
66408
66409
66410
66411
66412
66413
66414
66415
66416
66417
66418
66419
66420
66421
66422
66423
66424
66425
66427
66428
66429
66431
66432
66434
66435
66438
66439
66441
66442
66445
66446
66448
66449
66452
66453
66455
66456
66459
66460
66461
66462
66463
66465
66466
66467
66468
66469
66470
66471
66472
66473
66474
66475
66476
66477
66478
66479
66480
66481
66482
66483
66484
66485
66486
66487
66488
66489
66490
66491
66492
66493
66494
66495
66496
66497
66498
66499
66500
66501
66502
66503
66504
66505
66506
66507
66508
66509
66510
66511
66512
66513
66514
66515
66516
66517
66518
66519
66520
66521
66522
66523
66524
66525
66527
66528
66529
66531
66534
66535
66538
66541
66542
66545
66548
66549
66552
66555
66556
66559
66561
66562
66563
66565
66566
66567
66568
66569
66570
66571
66572
66573
66574
66575
66576
66577
66578
66579
66580
66581
66582
66583
66584
66585
66586
66589
66590
66621
66624
66625
66628
66629
66630
66631
66632
66633
66634
66635
66636
66637
66638
66639
66640
66642
66643
66644
66649
66653
66657
66660
66662
66663
66664
66666
66667
66668
66669
66670
66671
66672
66674
66675
66676
66692
66694
66695
66696
66698
66699
66700
66701
66702
66703
66704
66705
66706
66707
66711
66715
66719
66722
66723
66724
66725
66726
66727
66728
66729
66730
66731
66732
66734
66736
66738
66740
66742
66744
66746
66747
66748
66749
66750
66751
66752
66753
66754
66755
66756
66771
66772
66773
66774
66775
66776
66777
66778
66779
66780
66781
66783
66784
66785
66801
66803
66804
66805
66807
66808
66809
66810
66811
66812
66813
66815
66817
66819
66821
66823
66825
66827
66828
66829
66830
66831
66832
66833
66834
66836
66838
66840
66842
66844
66846
66848
66849
66850
66851
66852
66853
66854
66855
66857
66859
66861
66863
66865
66867
66869
66870
66871
66872
66873
66874
66875
66876
66878
66880
66882
66884
66886
66888
66890
66891
66892
66893
66894
66895
66897
66898
66899
66901
66902
66917
66918
66919
66921
66922
66923
66924
66925
66926
66927
66928
66929
66930
66931
66946
66947
66948
66949
66950
66951
66952
66953
66954
66955
66956
66958
66960
66962
66964
66966
66968
66970
66971
66972
66973
66974
66975
66976
66977
66978
66979
66980
66982
66986
66990
66994
66995
66996
66997
66998
66999
67000
67001
67002
67003
67005
67006
67007
67009
67010
67025
67026
67027
67029
67030
67031
67032
67033
67034
67036
67037
67038
67040
67041
67043
67047
67051
67055
67056
67057
67058
67060
67061
67062
67063
67064
67065
67066
67067
67068
67069
67070
67071
67072
67074
67075
67078
67079
67109
67110
67113
67114
67115
67116
67117
67118
67119
67120
67121
67122
67123
67124
67125
67126
67127
67128
67129
67130
67131
67132
67134
67135
67136
67138
67139
67141
67142
67145
67146
67148
67149
67152
67153
67155
67156
67159
67160
67162
67163
67166
67167
67168
67169
67170
67172
67173
67174
67175
67176
67177
67178
67179
67180
67181
67182
67183
67184
67185
67186
67187
67188
67189
67190
67191
67192
67193
67194
67195
67196
67197
67198
67199
67200
67201
67202
67203
67204
67205
67206
67207
67208
67209
67210
67211
67212
67213
67214
67215
67216
67217
67218
67219
67220
67221
67222
67223
67224
67225
67226
67227
67228
67229
67230
67231
67232
67234
67235
67236
67238
67241
67242
67245
67248
67249
67252
67255
67256
67259
67262
67263
67266
67268
67269
67270
67272
67273
67274
67275
67276
67277
67278
67279
67280
67281
67282
67283
67284
67285
67286
67287
67288
67289
67290
67291
67292
67293
67296
67297
67328
67331
67332
67335
67336
67337
67338
67339
67340
67341
67342
67343
67344
67345
67346
67347
67349
67350
67351
67356
67360
67364
67367
67369
67370
67371
67373
67374
67375
67376
67377
67378
67379
67381
67382
67383
67399
67401
67402
67403
67405
67406
67407
67408
67409
67410
67411
67412
67413
67414
67418
67422
67426
67429
67430
67431
67432
67433
67434
67435
67436
67437
67438
67439
67441
67443
67445
67447
67449
67451
67453
67454
67455
67456
67457
67458
67459
67460
67461
67462
67463
67478
67479
67480
67481
67482
67483
67484
67485
67486
67487
67488
67490
67491
67492
67508
67510
67511
67512
67514
67515
67516
67517
67518
67519
67520
67522
67524
67526
67528
67530
67532
67534
67535
67536
67537
67538
67539
67540
67541
67543
67545
67547
67549
67551
67553
67555
67556
67557
67558
67559
67560
67561
67562
67564
67566
67568
67570
67572
67574
67576
67577
67578
67579
67580
67581
67582
67583
67585
67587
67589
67591
67593
67595
67597
67598
67599
67600
67601
67602
67604
67605
67606
67608
67609
67624
67625
67626
67628
67629
67630
67631
67632
67633
67634
67635
67636
67637
67638
67653
67654
67655
67656
67657
67658
67659
67660
67661
67662
67663
67665
67667
67669
67671
67673
67675
67677
67678
67679
67680
67681
67682
67683
67684
67685
67686
67687
67689
67693
67697
67701
67702
67703
67704
67705
67706
67707
67708
67709
67710
67712
67713
67714
67716
67717
67732
67733
67734
67736
67737
67738
67739
67740
67741
67743
67744
67745
67747
67748
67750
67754
67758
67762
67763
67764
67765
67767
67768
67769
67770
67771
67772
67773
67774
67775
67776
67777
67778
67779
67781
67782
67785
67786
67816
67817
67820
67821
67822
67823
67824
67825
67826
67827
67828
67829
67830
67831
67832
67833
67834
67835
67836
67837
67838
67839
67841
67842
67843
67845
67846
67848
67849
67852
67853
67855
67856
67859
67860
67862
67863
67866
67867
67869
67870
67873
67874
67875
67876
67877
67879
67880
67881
67882
67883
67884
67885
67886
67887
67888
67889
67890
67891
67892
67893
67894
67895
67896
67897
67898
67899
67900
67901
67902
67903
67904
67905
67906
67907
67908
67909
67910
67911
67912
67913
67914
67915
67916
67917
67918
67919
67920
67921
67922
67923
67924
67925
67926
67927
67928
67929
67930
67931
67932
67933
67934
67935
67936
67937
67938
67939
67941
67942
67943
67945
67948
67949
67952
67955
67956
67959
67962
67963
67966
67969
67970
67973
67975
67976
67977
67979
67980
67981
67982
67983
67984
67985
67986
67987
67988
67989
67990
67991
67992
67993
67994
67995
67996
67997
67998
67999
68000
68003
68004
68035
68038
68039
68042
68043
68044
68045
68046
68047
68048
68049
68050
68051
68052
68053
68054
68056
68057
68058
68063
68067
68071
68074
68076
68077
68078
68080
68081
68082
68083
68084
68085
68086
68088
68089
68090
68106
68108
68109
68110
68112
68113
68114
68115
68116
68117
68118
68119
68120
68121
68125
68129
68133
68136
68137
68138
68139
68140
68141
68142
68143
68144
68145
68146
68148
68150
68152
68154
68156
68158
68160
68161
68162
68163
68164
68165
68166
68167
68168
68169
68170
68185
68186
68187
68188
68189
68190
68191
68192
68193
68194
68195
68197
68198
68199
68215
68217
68218
68219
68221
68222
68223
68224
68225
68226
68227
68229
68231
68233
68235
68237
68239
68241
68242
68243
68244
68245
68246
68247
68248
68250
68252
68254
68256
68258
68260
68262
68263
68264
68265
68266
68267
68268
68269
68271
68273
68275
68277
68279
68281
68283
68284
68285
68286
68287
68288
68289
68290
68292
68294
68296
68298
68300
68302
68304
68305
68306
68307
68308
68309
68311
68312
68313
68315
68316
68331
68332
68333
68335
68336
68337
68338
68339
68340
68341
68342
68343
68344
68345
68360
68361
68362
68363
68364
68365
68366
68367
68368
68369
68370
68372
68374
68376
68378
68380
68382
68384
68385
68386
68387
68388
68389
68390
68391
68392
68393
68394
68396
68400
68404
68408
68409
68410
68411
68412
68413
68414
68415
68416
68417
68419
68420
68421
68423
68424
68439
68440
68441
68443
68444
68445
68446
68447
68448
68450
68451
68452
68454
68455
68457
68461
68465
68469
68470
68471
68472
68474
68475
68476
68477
68478
68479
68480
68481
68482
68483
68484
68485
68486
68488
68489
68492
68493
68523
68524
68527
68528
68529
68530
68531
68532
68533
68534
68535
68536
68537
68538
68539
68540
68541
68542
68543
68544
68545
68546
68548
68549
68550
68552
68553
68555
68556
68559
68560
68562
68563
68566
68567
68569
68570
68573
68574
68576
68577
68580
68581
68582
68583
68584
68586
68587
68588
68589
68590
68591
68592
68593
68594
68595
68596
68597
68598
68599
68600
68601
68602
68603
68604
68605
68606
68607
68608
68609
68610
68611
68612
68613
68614
68615
68616
68617
68618
68619
68620
68621
68622
68623
68624
68625
68626
68627
68628
68629
68630
68631
68632
68633
68634
68635
68636
68637
68638
68639
68640
68641
68642
68643
68644
68645
68646
68648
68649
68650
68652
68655
68656
68659
68662
68663
68666
68669
68670
68673
68676
68677
68680
68682
68683
68684
68686
68687
68688
68689
68690
68691
68692
68693
68694
68695
68696
68697
68698
68699
68700
68701
68702
68703
68704
68705
68706
68707
68710
68711
68742
68745
68746
68749
68750
68751
68752
68753
68754
68755
68756
68757
68758
68759
68760
68761
68763
68764
68765
68770
68774
68778
68781
68783
68784
68785
68787
68788
68789
68790
68791
68792
68793
68795
68796
68797
68813
68815
68816
68817
68819
68820
68821
68822
68823
68824
68825
68826
68827
68828
68832
68836
68840
68843
68844
68845
68846
68847
68848
68849
68850
68851
68852
68853
68855
68857
68859
68861
68863
68865
68867
68868
68869
68870
68871
68872
68873
68874
68875
68876
68877
68892
68893
68894
68895
68896
68897
68898
68899
68900
68901
68902
68904
68905
68906
68922
68924
68925
68926
68928
68929
68930
68931
68932
68933
68934
68936
68938
68940
68942
68944
68946
68948
68949
68950
68951
68952
68953
68954
68955
68957
68959
68961
68963
68965
68967
68969
68970
68971
68972
68973
68974
68975
68976
68978
68980
68982
68984
68986
68988
68990
68991
68992
68993
68994
68995
68996
68997
68999
69001
69003
69005
69007
69009
69011
69012
69013
69014
69015
69016
69018
69019
69020
69022
69023
69038
69039
69040
69042
69043
69044
69045
69046
69047
69048
69049
69050
69051
69052
69067
69068
69069
69070
69071
69072
69073
69074
69075
69076
69077
69079
69081
69083
69085
69087
69089
69091
69092
69093
69094
69095
69096
69097
69098
69099
69100
69101
69103
69107
69111
69115
69116
69117
69118
69119
69120
69121
69122
69123
69124
69126
69127
69128
69130
69131
69146
69147
69148
69150
69151
69152
69153
69154
69155
69157
69158
69159
69161
69162
69164
69168
69172
69176
69177
69178
69179
69181
69182
69183
69184
69185
69186
69187
69188
69189
69190
69191
69192
69193
69195
69196
69199
69200
69230
69231
69234
69235
69236
69237
69238
69239
69240
69241
69242
69243
69244
69245
69246
69247
69248
69249
69250
69251
69252
69253
69255
69256
69257
69259
69260
69262
69263
69266
69267
69269
69270
69273
69274
69276
69277
69280
69281
69283
69284
69287
69288
69289
69290
69291
69293
69294
69295
69296
69297
69298
69299
69300
69301
69302
69303
69304
69305
69306
69307
69308
69309
69310
69311
69312
69313
69314
69315
69316
69317
69318
69319
69320
69321
69322
69323
69324
69325
69326
69327
69328
69329
69330
69331
69332
69333
69334
69335
69336
69337
69338
69339
69340
69341
69342
69343
69344
69345
69346
69347
69348
69349
69350
69351
69352
69353
69355
69356
69357
69359
69362
69363
69366
69369
69370
69373
69376
69377
69380
69383
69384
69387
69389
69390
69391
69393
69394
69395
69396
69397
69398
69399
69400
69401
69402
69403
69404
69405
69406
69407
69408
69409
69410
69411
69412
69413
69414
69417
69418
69449
69452
69453
69456
69457
69458
69459
69460
69461
69462
69463
69464
69465
69466
69467
69468
69470
69471
69472
69477
69481
69485
69488
69490
69491
69492
69494
69495
69496
69497
69498
69499
69500
69502
69503
69504
69520
69522
69523
69524
69526
69527
69528
69529
69530
69531
69532
69533
69534
69535
69539
69543
69547
69550
69551
69552
69553
69554
69555
69556
69557
69558
69559
69560
69562
69564
69566
69568
69570
69572
69574
69575
69576
69577
69578
69579
69580
69581
69582
69583
69584
69599
69600
69601
69602
69603
69604
69605
69606
69607
69608
69609
69611
69612
69613
69629
69631
69632
69633
69635
69636
69637
69638
69639
69640
69641
69643
69645
69647
69649
69651
69653
69655
69656
69657
69658
69659
69660
69661
69662
69664
69666
69668
69670
69672
69674
69676
69677
69678
69679
69680
69681
69682
69683
69685
69687
69689
69691
69693
69695
69697
69698
69699
69700
69701
69702
69703
69704
69706
69708
69710
69712
69714
69716
69718
69719
69720
69721
69722
69723
69725
69726
69727
69729
69730
69745
69746
69747
69749
69750
69751
69752
69753
69754
69755
69756
69757
69758
69759
69774
69775
69776
69777
69778
69779
69780
69781
69782
69783
69784
69786
69788
69790
69792
69794
69796
69798
69799
69800
69801
69802
69803
69804
69805
69806
69807
69808
69810
69814
69818
69822
69823
69824
69825
69826
69827
69828
69829
69830
69831
69833
69834
69835
69837
69838
69853
69854
69855
69857
69858
69859
69860
69861
69862
69864
69865
69866
69868
69869
69871
69875
69879
69883
69884
69885
69886
69888
69889
69890
69891
69892
69893
69894
69895
69896
69897
69898
69899
69900
69902
69903
69906
69907
69937
69938
69941
69942
69943
69944
69945
69946
69947
69948
69949
69950
69951
69952
69953
69954
69955
69956
69957
69958
69959
69960
69962
69963
69964
69966
69967
69969
69970
69973
69974
69976
69977
69980
69981
69983
69984
69987
69988
69990
69991
69994
69995
69996
69997
69998
70000
70001
70002
70003
70004
70005
70006
70007
70008
70009
70010
70011
70012
70013
70014
70015
70016
70017
70018
70019
70020
70021
70022
70023
70024
70025
70026
70027
70028
70029
70030
70031
70032
70033
70034
70035
70036
70037
70038
70039
70040
70041
70042
70043
70044
70045
70046
70047
70048
70049
70050
70051
70052
70053
70054
70055
70056
70057
70058
70059
70060
70062
70063
70064
70066
70069
70070
70073
70076
70077
70080
70083
70084
70087
70090
70091
70094
70096
70097
70098
70100
70101
70102
70103
70104
70105
70106
70107
70108
70109
70110
70111
70112
70113
70114
70115
70116
70117
70118
70119
70120
70121
70124
70125
70156
70159
70160
70163
70164
70165
70166
70167
70168
70169
70170
70171
70172
70173
70174
70175
70177
70178
70179
70184
70188
70192
70195
70197
70198
70199
70201
70202
70203
70204
70205
70206
70207
70209
70210
70211
70227
70229
70230
70231
70233
70234
70235
70236
70237
70238
70239
70240
70241
70242
70246
70250
70254
70257
70258
70259
70260
70261
70262
70263
70264
70265
70266
70267
70269
70271
70273
70275
70277
70279
70281
70282
70283
70284
70285
70286
70287
70288
70289
70290
70291
70306
70307
70308
70309
70310
70311
70312
70313
70314
70315
70316
70318
70319
70320
70336
70338
70339
70340
70342
70343
70344
70345
70346
70347
70348
70350
70352
70354
70356
70358
70360
70362
70363
70364
70365
70366
70367
70368
70369
70371
70373
70375
70377
70379
70381
70383
70384
70385
70386
70387
70388
70389
70390
70392
70394
70396
70398
70400
70402
70404
70405
70406
70407
70408
70409
70410
70411
70413
70415
70417
70419
70421
70423
70425
70426
70427
70428
70429
70430
70432
70433
70434
70436
70437
70452
70453
70454
70456
70457
70458
70459
70460
70461
70462
70463
70464
70465
70466
70481
70482
70483
70484
70485
70486
70487
70488
70489
70490
70491
70493
70495
70497
70499
70501
70503
70505
70506
70507
70508
70509
70510
70511
70512
70513
70514
70515
70517
70521
70525
70529
70530
70531
70532
70533
70534
70535
70536
70537
70538
70540
70541
70542
70544
70545
70560
70561
70562
70564
70565
70566
70567
70568
70569
70571
70572
70573
70575
70576
70578
70582
70586
70590
70591
70592
70593
70595
70596
70597
70598
70599
70600
70601
70602
70603
70604
70605
70606
70607
70609
70610
70613
70614
70644
70645
70648
70649
70650
70651
70652
70653
70654
70655
70656
70657
70658
70659
70660
70661
70662
70663
70664
70665
70666
70667
70669
70670
70671
70673
70674
70676
70677
70680
70681
70683
70684
70687
70688
70690
70691
70694
70695
70697
70698
70701
70702
70703
70704
70705
70707
70708
70709
70710
70711
70712
70713
70714
70715
70716
70717
70718
70719
70720
70721
70722
70723
70724
70725
70726
70727
70728
70729
70730
70731
70732
70733
70734
70735
70736
70737
70738
70739
70740
70741
70742
70743
70744
70745
70746
70747
70748
70749
70750
70751
70752
70753
70754
70755
70756
70757
70758
70759
70760
70761
70762
70763
70764
70765
70766
70767
70769
70770
70771
70773
70776
70777
70780
70783
70784
70787
70790
70791
70794
70797
70798
70801
70803
70804
70805
70807
70808
70809
70810
70811
70812
70813
70814
70815
70816
70817
70818
70819
70820
70821
70822
70823
70824
70825
70826
70827
70828
70831
70832
70891
70894
70895
70898
70899
70900
70901
70902
70903
70904
70905
70906
70907
70908
70909
70910
70912
70913
70914
70919
70993
70997
71000
71002
71003
71004
71006
71007
71008
71009
71010
71011
71012
71014
71015
71016
71116
71118
71119
71120
71122
71123
71124
71125
71126
71127
71128
71129
71130
71131
71135
71237
71241
71244
71245
71246
71247
71248
71249
71250
71251
71252
71253
71254
71256
71258
71260
71374
71376
71378
71380
71381
71382
71383
71384
71385
71386
71387
71388
71389
71390
71517
71518
71519
71520
71521
71522
71523
71524
71525
71526
71527
71529
71530
71531
71659
71661
71662
71663
71665
71666
71667
71668
71669
71670
71671
71673
71675
71677
71805
71807
71809
71811
71812
71813
71814
71815
71816
71817
71818
71820
71822
71824
71952
71954
71956
71958
71959
71960
71961
71962
71963
71964
71965
71967
71969
71971
72099
72101
72103
72105
72106
72107
72108
72109
72110
72111
72112
72114
72116
72118
72246
72248
72250
72252
72253
72254
72255
72256
72257
72259
72260
72261
72263
72264
72391
72392
72393
72395
72396
72397
72398
72399
72400
72401
72402
72403
72404
72405
72532
72533
72534
72535
72536
72537
72538
72539
72540
72541
72542
72544
72546
72548
72662
72664
72666
72668
72669
72670
72671
72672
72673
72674
72675
72676
72677
72678
72680
72684
72786
72790
72791
72792
72793
72794
72795
72796
72797
72798
72799
72801
72802
72803
72805
72806
72905
72906
72907
72909
72910
72911
72912
72913
72914
72916
72917
72918
72920
72921
72923
72927
73001
73005
73006
73007
73008
73010
73011
73012
73013
73014
73015
73016
73017
73018
73019
73020
73021
73022
73024
73025
73028
73029
73087
73088
73091
73092
73093
73094
73095
73096
73097
73098
73099
73100
73101
73102
73103
73104
73105
73106
73107
73108
73109
73110
73112
73113
73114
73116
73117
73119
73120
73123
73124
73126
73127
73130
73131
73133
73134
73137
73138
73140
73141
73144
73145
73146
73147
73148
73150
73151
73152
73153
73154
73155
73156
73157
73158
73159
73160
73161
73162
73163
73164
73165
73166
73167
73168
73169
73170
73171
73172
73173
73174
73175
73176
73177
82236
82237
82238
82239
82240
82241
82242
82243
82244
82245
82246
82247
82248
82249
82250
82251
82252
82253
82254
82255
82256
82257
82258
82259
82260
82261
82262
82263
82264
82265
82266
82267
82268
82269
82270
82271
82272
82273
82274
82275
82276
82277
82278
82279
82280
82281
82282
82283
82284
82285
82286
82287
82288
82289
82290
82291
82292
82293
82294
82295
82296
82297
82298
82299
82300
82301
82302
82303
82304
82305
82306
82307
82308
82309
82310
82311
82312
82313
82314
82315
82316
82317
82318
82319
82320
82321
82322
82323
82324
82325
82326
82327
82328
82329
82330
82331
82332
82333
82334
82335
82336
82337
82338
82339
82340
82341
82342
82343
82344
82345
82346
82347
82348
82349
82350
82351
82352
82353
82354
82355
82356
82357
82358
82359
82360
82361
82362
82363
82364
82365
82366
82367
82368
82369
82370
82371
82372
82373
82374
82375
)


// ************************************************************************* //
