/*--------------------------------*- C++ -*----------------------------------*\
| =========                 |                                                 |
| \\      /  F ield         | OpenFOAM: The Open Source CFD Toolbox           |
|  \\    /   O peration     | Version:  2506                                  |
|   \\  /    A nd           | Website:  www.openfoam.com                      |
|    \\/     M anipulation  |                                                 |
\*---------------------------------------------------------------------------*/
FoamFile
{
    version     2.0;
    format      ascii;
    arch        "LSB;label=32;scalar=64";
    class       labelList;
    location    "constant/shell/polyMesh";
    object      faceRegionAddressing;
}
// * * * * * * * * * * * * * * * * * * * * * * * * * * * * * * * * * * * * * //


61396
(
4439
4440
4441
4442
4445
4446
4447
4448
4451
4452
4453
4454
4457
4458
4459
4460
4463
4465
4466
4561
4562
4563
4565
4566
4567
4568
4569
4571
4572
4573
4574
4575
4577
4578
4579
4580
4581
4583
4584
4585
4586
4587
4589
4590
4591
4592
4593
4595
4596
4597
4598
4599
4601
4602
4603
4604
4605
4607
4608
4609
4610
4611
4613
4615
4616
4617
4618
4621
4624
4625
4696
4697
4698
4701
4702
4703
4704
4706
4707
4708
4709
4710
4711
4713
4714
4716
4717
4718
4719
4721
4722
4723
4724
4725
4727
4728
4729
4730
4731
4733
4734
4735
4736
4737
4739
4740
4741
4742
4743
4745
4746
4747
4748
4749
4751
4752
4753
4754
4755
4757
4758
4759
4760
4761
4762
4763
4764
4766
4767
4768
4769
4770
4772
4774
4775
4776
4777
4844
4845
4846
4849
4850
4851
4852
4853
4855
4856
4858
4859
4860
4861
4863
4864
4865
4866
4868
4869
4870
4871
4872
4874
4875
4876
4877
4878
4880
4881
4882
4883
4884
4886
4887
4888
4889
4890
4892
4893
4894
4895
4896
4898
4899
4900
4901
4902
4904
4905
4906
4907
4908
4910
4911
4912
4913
4914
4915
4917
4918
4919
4920
4921
4923
4924
4925
4926
4927
4928
4929
4930
4932
4934
4935
4936
4937
4938
4995
4996
4997
5000
5001
5002
5003
5004
5006
5007
5009
5010
5011
5013
5014
5015
5016
5017
5019
5020
5021
5022
5023
5025
5026
5027
5028
5029
5031
5032
5033
5034
5035
5037
5038
5039
5040
5041
5043
5044
5045
5046
5047
5049
5050
5051
5052
5053
5055
5056
5057
5058
5059
5061
5062
5063
5064
5065
5067
5068
5069
5070
5071
5073
5074
5075
5076
5077
5079
5080
5081
5082
5083
5084
5086
5087
5088
5089
5090
5091
5092
5093
5095
5097
5098
5099
5100
5101
5151
5152
5153
5156
5157
5158
5159
5160
5162
5163
5165
5166
5167
5169
5170
5171
5172
5173
5175
5176
5177
5178
5179
5181
5182
5183
5184
5185
5187
5188
5189
5190
5191
5193
5194
5195
5196
5197
5199
5200
5201
5202
5203
5205
5206
5207
5208
5209
5211
5212
5213
5214
5215
5217
5218
5219
5220
5221
5223
5224
5225
5226
5227
5229
5230
5231
5232
5233
5235
5236
5237
5238
5239
5241
5242
5243
5244
5245
5247
5248
5249
5250
5251
5252
5254
5255
5256
5257
5258
5259
5260
5261
5263
5265
5266
5267
5268
5269
5316
5317
5318
5319
5321
5322
5323
5325
5326
5327
5329
5330
5331
5332
5333
5335
5336
5337
5338
5339
5341
5342
5343
5344
5345
5347
5348
5349
5350
5351
5353
5354
5355
5356
5357
5359
5360
5361
5362
5363
5365
5366
5367
5368
5369
5371
5372
5373
5374
5375
5377
5378
5379
5380
5381
5383
5384
5385
5386
5387
5389
5390
5391
5392
5393
5395
5396
5397
5398
5399
5401
5402
5403
5404
5405
5407
5408
5409
5410
5411
5413
5414
5415
5416
5417
5419
5420
5421
5422
5423
5424
5426
5427
5428
5429
5430
5431
5432
5433
5435
5437
5440
5441
5480
5481
5482
5483
5485
5486
5487
5488
5489
5491
5493
5494
5495
5496
5498
5499
5500
5501
5502
5504
5505
5506
5507
5508
5510
5511
5512
5513
5514
5516
5517
5518
5519
5520
5522
5523
5524
5525
5526
5528
5529
5530
5531
5532
5534
5535
5536
5537
5538
5540
5541
5542
5543
5544
5546
5547
5548
5549
5550
5552
5553
5554
5555
5556
5558
5559
5560
5561
5562
5564
5565
5566
5567
5568
5570
5571
5572
5573
5574
5576
5577
5578
5579
5580
5582
5583
5584
5585
5586
5588
5589
5590
5591
5592
5594
5595
5596
5597
5598
5599
5600
5601
5602
5604
5606
5607
5608
5609
5610
5650
5651
5652
5653
5655
5656
5657
5659
5660
5661
5663
5664
5665
5666
5667
5669
5670
5671
5672
5673
5675
5676
5677
5678
5679
5681
5682
5683
5684
5685
5687
5688
5689
5690
5691
5693
5694
5695
5696
5697
5699
5700
5701
5702
5703
5705
5706
5707
5708
5709
5711
5712
5713
5714
5715
5717
5718
5719
5720
5721
5723
5724
5725
5726
5727
5729
5730
5731
5732
5733
5735
5736
5737
5738
5739
5741
5742
5743
5744
5745
5747
5748
5749
5750
5751
5753
5754
5755
5756
5757
5759
5760
5761
5762
5763
5765
5766
5767
5768
5769
5770
5772
5773
5774
5775
5776
5777
5778
5779
5781
5783
5786
5787
5821
5822
5823
5824
5826
5827
5829
5830
5831
5832
5834
5835
5836
5837
5838
5840
5841
5842
5843
5844
5846
5847
5848
5849
5850
5852
5853
5854
5855
5856
5858
5859
5860
5861
5862
5864
5865
5866
5867
5868
5870
5871
5872
5873
5874
5876
5877
5878
5879
5880
5882
5883
5884
5885
5886
5888
5889
5890
5891
5892
5894
5895
5896
5897
5898
5900
5901
5902
5903
5904
5906
5907
5908
5909
5910
5912
5913
5914
5915
5916
5918
5919
5920
5921
5922
5924
5925
5926
5927
5928
5930
5931
5932
5933
5934
5936
5937
5938
5939
5940
5942
5943
5944
5945
5946
5947
5948
5949
5950
5952
5954
5955
5957
5958
5989
5991
5992
5993
5994
5995
5996
5997
5999
6000
6002
6003
6004
6005
6007
6008
6009
6010
6011
6013
6014
6015
6016
6017
6019
6020
6021
6022
6023
6025
6026
6027
6028
6029
6031
6032
6033
6034
6035
6037
6038
6039
6040
6041
6043
6044
6045
6046
6047
6049
6050
6051
6052
6053
6055
6056
6057
6058
6059
6061
6062
6063
6064
6065
6067
6068
6069
6070
6071
6073
6074
6075
6076
6077
6079
6080
6081
6082
6083
6085
6086
6087
6088
6089
6091
6092
6093
6094
6095
6097
6098
6099
6100
6101
6103
6104
6105
6106
6107
6109
6110
6111
6112
6113
6115
6116
6117
6118
6119
6120
6121
6122
6123
6125
6127
6128
6129
6130
6131
6162
6163
6164
6165
6167
6168
6169
6170
6171
6173
6175
6176
6177
6178
6180
6181
6182
6183
6184
6186
6187
6188
6189
6190
6192
6193
6194
6195
6196
6198
6199
6200
6201
6202
6204
6205
6206
6207
6208
6210
6211
6212
6213
6214
6216
6217
6218
6219
6220
6222
6223
6224
6225
6226
6228
6229
6230
6231
6232
6234
6235
6236
6237
6238
6240
6241
6242
6243
6244
6246
6247
6248
6249
6250
6252
6253
6254
6255
6256
6258
6259
6260
6261
6262
6264
6265
6266
6267
6268
6270
6271
6272
6273
6274
6276
6277
6278
6279
6280
6282
6283
6284
6285
6286
6288
6289
6290
6291
6292
6293
6294
6295
6296
6298
6300
6301
6302
6303
6304
6335
6336
6337
6338
6340
6341
6342
6343
6344
6346
6348
6349
6350
6351
6353
6354
6355
6356
6357
6359
6360
6361
6362
6363
6365
6366
6367
6368
6369
6371
6372
6373
6374
6375
6377
6378
6379
6380
6381
6383
6384
6385
6386
6387
6389
6390
6391
6392
6393
6395
6396
6397
6398
6399
6401
6402
6403
6404
6405
6407
6408
6409
6410
6411
6413
6414
6415
6416
6417
6419
6420
6421
6422
6423
6425
6426
6427
6428
6429
6431
6432
6433
6434
6435
6437
6438
6439
6440
6441
6443
6444
6445
6446
6447
6449
6450
6451
6452
6453
6455
6456
6457
6458
6459
6461
6462
6463
6464
6465
6466
6467
6468
6469
6471
6473
6474
6475
6476
6477
6508
6510
6511
6512
6513
6514
6515
6516
6518
6519
6521
6522
6523
6524
6526
6527
6528
6529
6530
6532
6533
6534
6535
6536
6538
6539
6540
6541
6542
6544
6545
6546
6547
6548
6550
6551
6552
6553
6554
6556
6557
6558
6559
6560
6562
6563
6564
6565
6566
6568
6569
6570
6571
6572
6574
6575
6576
6577
6578
6580
6581
6582
6583
6584
6586
6587
6588
6589
6590
6592
6593
6594
6595
6596
6598
6599
6600
6601
6602
6604
6605
6606
6607
6608
6610
6611
6612
6613
6614
6616
6617
6618
6619
6620
6622
6623
6624
6625
6626
6628
6629
6630
6631
6632
6634
6635
6636
6637
6638
6639
6640
6641
6642
6644
6646
6647
6648
6649
6650
6681
6683
6685
6686
6687
6688
6689
6691
6692
6694
6695
6696
6697
6699
6700
6701
6702
6703
6705
6706
6707
6708
6709
6711
6712
6713
6714
6715
6717
6718
6719
6720
6721
6723
6724
6725
6726
6727
6729
6730
6731
6732
6733
6735
6736
6737
6738
6739
6741
6742
6743
6744
6745
6747
6748
6749
6750
6751
6753
6754
6755
6756
6757
6759
6760
6761
6762
6763
6765
6766
6767
6768
6769
6771
6772
6773
6774
6775
6777
6778
6779
6780
6781
6783
6784
6785
6786
6787
6789
6790
6791
6792
6793
6795
6796
6797
6798
6799
6801
6802
6803
6804
6805
6807
6808
6809
6810
6811
6812
6813
6814
6815
6817
6819
6820
6821
6822
6823
6858
6859
6860
6861
6863
6864
6866
6867
6868
6869
6871
6872
6873
6874
6875
6877
6878
6879
6880
6881
6883
6884
6885
6886
6887
6889
6890
6891
6892
6893
6895
6896
6897
6898
6899
6901
6902
6903
6904
6905
6907
6908
6909
6910
6911
6913
6914
6915
6916
6917
6919
6920
6921
6922
6923
6925
6926
6927
6928
6929
6931
6932
6933
6934
6935
6937
6938
6939
6940
6941
6943
6944
6945
6946
6947
6949
6950
6951
6952
6953
6955
6956
6957
6958
6959
6961
6962
6963
6964
6965
6967
6968
6969
6970
6971
6973
6974
6975
6976
6977
6979
6980
6981
6982
6983
6984
6985
6986
6987
6989
6991
6992
6994
6995
7032
7033
7034
7035
7037
7038
7039
7040
7042
7043
7045
7046
7047
7048
7050
7051
7052
7053
7054
7056
7057
7058
7059
7060
7062
7063
7064
7065
7066
7068
7069
7070
7071
7072
7074
7075
7076
7077
7078
7080
7081
7082
7083
7084
7086
7087
7088
7089
7090
7092
7093
7094
7095
7096
7098
7099
7100
7101
7102
7104
7105
7106
7107
7108
7110
7111
7112
7113
7114
7116
7117
7118
7119
7120
7122
7123
7124
7125
7126
7128
7129
7130
7131
7132
7134
7135
7136
7137
7138
7140
7141
7142
7143
7144
7146
7147
7148
7149
7150
7151
7152
7153
7155
7156
7158
7159
7160
7161
7162
7203
7205
7207
7208
7209
7210
7211
7213
7214
7216
7217
7218
7219
7221
7222
7223
7224
7225
7227
7228
7229
7230
7231
7233
7234
7235
7236
7237
7239
7240
7241
7242
7243
7245
7246
7247
7248
7249
7251
7252
7253
7254
7255
7257
7258
7259
7260
7261
7263
7264
7265
7266
7267
7269
7270
7271
7272
7273
7275
7276
7277
7278
7279
7281
7282
7283
7284
7285
7287
7288
7289
7290
7291
7293
7294
7295
7296
7297
7299
7300
7301
7302
7303
7305
7306
7307
7308
7309
7311
7312
7313
7314
7315
7317
7318
7319
7320
7321
7322
7323
7324
7325
7327
7329
7330
7331
7332
7333
7377
7378
7379
7380
7382
7383
7384
7385
7387
7388
7390
7391
7392
7393
7395
7396
7397
7398
7399
7401
7402
7403
7404
7405
7407
7408
7409
7410
7411
7413
7414
7415
7416
7417
7419
7420
7421
7422
7423
7425
7426
7427
7428
7429
7431
7432
7433
7434
7435
7437
7438
7439
7440
7441
7443
7444
7445
7446
7447
7449
7450
7451
7452
7453
7455
7456
7457
7458
7459
7461
7462
7463
7464
7465
7467
7468
7469
7470
7471
7473
7474
7475
7476
7477
7479
7480
7481
7482
7483
7484
7485
7486
7488
7489
7491
7492
7493
7494
7495
7547
7548
7549
7550
7551
7552
7553
7554
7555
7557
7558
7560
7561
7562
7563
7565
7566
7567
7568
7569
7571
7572
7573
7574
7575
7577
7578
7579
7580
7581
7583
7584
7585
7586
7587
7589
7590
7591
7592
7593
7595
7596
7597
7598
7599
7601
7602
7603
7604
7605
7607
7608
7609
7610
7611
7613
7614
7615
7616
7617
7619
7620
7621
7622
7623
7625
7626
7627
7628
7629
7631
7632
7633
7634
7635
7637
7638
7639
7640
7641
7642
7643
7644
7646
7647
7649
7650
7651
7652
7653
7655
7656
7659
7713
7714
7715
7716
7717
7718
7719
7720
7721
7723
7724
7726
7727
7728
7729
7731
7732
7733
7734
7735
7737
7738
7739
7740
7741
7743
7744
7745
7746
7747
7749
7750
7751
7752
7753
7755
7756
7757
7758
7759
7761
7762
7763
7764
7765
7767
7768
7769
7770
7771
7773
7774
7775
7776
7777
7779
7780
7781
7782
7783
7785
7786
7787
7788
7789
7791
7792
7793
7794
7795
7796
7797
7798
7800
7801
7803
7804
7805
7806
7807
7809
7810
7813
7877
7878
7879
7880
7881
7882
7883
7884
7885
7887
7888
7889
7890
7891
7893
7894
7896
7897
7898
7899
7901
7902
7903
7904
7905
7907
7908
7909
7910
7911
7913
7914
7915
7916
7917
7919
7920
7921
7922
7923
7925
7926
7927
7928
7929
7931
7932
7933
7934
7935
7937
7938
7939
7940
7941
7942
7943
7944
7946
7947
7948
7949
7950
7951
7953
7955
7956
7957
7958
7959
7961
7962
7965
8035
8037
8039
8041
8042
8043
8044
8045
8046
8047
8048
8049
8051
8052
8053
8054
8055
8057
8058
8059
8060
8061
8063
8064
8065
8066
8067
8069
8070
8071
8072
8073
8075
8076
8077
8078
8079
8081
8082
8083
8084
8085
8087
8088
8089
8090
8091
8093
8095
8096
8097
8098
8099
8101
8102
8103
8104
8105
8195
8197
8199
8201
8202
8203
8205
8207
8208
8209
8210
8211
8213
8214
8215
8216
8217
8219
8220
8221
8222
8223
8225
8226
8227
8228
8229
8231
8232
8233
8234
8235
8237
8238
8239
8241
8987
8989
8990
8991
8992
8993
8995
8996
8997
8998
8999
9001
9002
9003
9004
9005
9007
9008
9009
9010
9011
9013
9015
9016
9111
9113
9114
9115
9116
9117
9118
9119
9120
9122
9123
9124
9125
9128
9159
9160
9161
9162
9164
9165
9167
9168
9169
9170
9171
9173
9175
9176
9248
9251
9252
9253
9254
9255
9256
9257
9259
9320
9321
9323
9325
9326
9328
9329
9330
9331
9398
9401
9402
9403
9404
9405
9406
9409
9488
9489
9490
9491
9493
9551
9554
9555
9556
9653
9654
9656
9658
9708
9711
9712
9713
9714
9715
9716
9719
9822
9823
9824
9825
9826
9827
9874
9875
9876
9878
9879
9994
9996
9998
9999
10037
10038
10040
10041
10042
10163
10164
10166
10167
10168
10209
10210
10211
10213
10214
10341
10343
10345
10346
10381
10382
10383
10386
10513
10514
10515
10517
10518
10548
10549
10551
10552
10553
10686
10687
10689
10690
10691
10721
10722
10724
10725
10726
10859
10860
10862
10863
10864
10894
10895
10897
10898
10899
11032
11033
11035
11036
11037
11067
11068
11070
11071
11072
11205
11206
11208
11209
11210
11240
11241
11243
11245
11378
11379
11381
11382
11383
11419
11420
11421
11423
11424
11551
11552
11553
11555
11556
11593
11594
11596
11597
11598
11719
11722
11723
11724
11764
11765
11767
11769
11770
11772
11774
11775
11890
11891
11892
11893
11894
11895
11938
11939
11941
11942
11943
12052
12055
12056
12057
12109
12110
12111
12113
12114
12217
12218
12219
12222
12277
12279
12281
12282
12373
12374
12375
12378
12443
12444
12445
12446
12447
12448
12521
12524
12525
12526
12527
12528
12529
12532
12603
12604
12606
12608
12609
12611
12612
12613
12614
12663
12666
12667
12668
12669
12670
12671
12672
12673
12674
12764
12765
12767
12769
12770
12771
12772
12773
12775
12776
12778
12779
12780
12781
12782
12784
12785
12786
12787
12788
12790
12791
12792
12793
12794
12796
12797
12798
12799
12800
12802
12803
12804
12805
12806
12807
12808
12809
12811
13559
13561
13562
13563
13564
13565
13567
13568
13569
13570
13571
13573
13574
13575
13576
13577
13579
13580
13581
13582
13583
13585
13587
13588
13683
13685
13686
13687
13688
13689
13690
13691
13692
13694
13695
13696
13697
13700
13731
13732
13733
13734
13736
13737
13739
13740
13741
13742
13743
13745
13747
13748
13820
13823
13824
13825
13826
13827
13828
13829
13831
13918
13919
13921
13923
13924
13926
13927
13928
13929
13996
13999
14000
14001
14002
14003
14004
14007
14126
14127
14128
14129
14131
14189
14192
14193
14194
14317
14318
14320
14322
14372
14375
14376
14377
14378
14379
14380
14383
14514
14515
14516
14517
14518
14519
14566
14567
14568
14570
14571
14716
14718
14720
14721
14759
14760
14762
14763
14764
14917
14918
14920
14921
14922
14963
14964
14965
14967
14968
15119
15121
15123
15124
15159
15160
15161
15164
15315
15316
15317
15319
15320
15350
15351
15353
15354
15355
15522
15523
15525
15526
15527
15557
15558
15560
15561
15562
15721
15722
15724
15725
15726
15756
15757
15759
15760
15761
15920
15921
15923
15924
15925
15955
15956
15958
15959
15960
16125
16126
16128
16129
16130
16160
16161
16163
16165
16320
16321
16323
16324
16325
16361
16362
16363
16365
16366
16517
16518
16519
16521
16522
16559
16560
16562
16563
16564
16715
16718
16719
16720
16760
16761
16763
16765
16766
16768
16770
16771
16912
16913
16914
16915
16916
16917
16960
16961
16963
16964
16965
17098
17101
17102
17103
17155
17156
17157
17159
17160
17285
17286
17287
17290
17345
17347
17349
17350
17473
17474
17475
17478
17543
17544
17545
17546
17547
17548
17637
17640
17641
17642
17643
17644
17645
17648
17719
17720
17722
17724
17725
17727
17728
17729
17730
17775
17778
17779
17780
17781
17782
17783
17784
17785
17786
17876
17877
17879
17881
17882
17883
17884
17885
17887
17888
17890
17891
17892
17893
17894
17896
17897
17898
17899
17900
17902
17903
17904
17905
17906
17908
17909
17910
17911
17912
17914
17915
17916
17917
17918
17919
17920
17921
17923
18671
18673
18674
18675
18676
18677
18679
18680
18681
18682
18683
18685
18686
18687
18688
18689
18691
18692
18693
18694
18695
18697
18699
18700
18795
18797
18798
18799
18800
18801
18802
18803
18804
18806
18807
18808
18809
18812
18843
18844
18845
18846
18848
18849
18851
18852
18853
18854
18855
18857
18859
18860
18932
18935
18936
18937
18938
18939
18940
18941
18943
19014
19015
19017
19019
19020
19022
19023
19024
19025
19092
19095
19096
19097
19098
19099
19100
19103
19182
19183
19184
19185
19187
19245
19248
19249
19250
19325
19326
19328
19330
19380
19383
19384
19385
19386
19387
19388
19391
19466
19467
19468
19469
19470
19471
19518
19519
19520
19522
19523
19604
19606
19608
19609
19647
19648
19650
19651
19652
19733
19734
19736
19737
19738
19779
19780
19781
19783
19784
19863
19865
19867
19868
19903
19904
19905
19908
19987
19988
19989
19991
19992
20022
20023
20025
20026
20027
20114
20115
20117
20118
20119
20149
20150
20152
20153
20154
20233
20234
20236
20237
20238
20268
20269
20271
20272
20273
20352
20353
20355
20356
20357
20387
20388
20390
20391
20392
20477
20478
20480
20481
20482
20512
20513
20515
20517
20600
20601
20603
20604
20605
20641
20642
20643
20645
20646
20725
20726
20727
20729
20730
20767
20768
20770
20771
20772
20851
20854
20855
20856
20896
20897
20899
20901
20902
20904
20906
20907
20984
20985
20986
20987
20988
20989
21032
21033
21035
21036
21037
21114
21117
21118
21119
21171
21172
21173
21175
21176
21253
21254
21255
21258
21313
21315
21317
21318
21401
21402
21403
21406
21471
21472
21473
21474
21475
21476
21549
21552
21553
21554
21555
21556
21557
21560
21631
21632
21634
21636
21637
21639
21640
21641
21642
21687
21690
21691
21692
21693
21694
21695
21696
21697
21698
21788
21789
21791
21793
21794
21795
21796
21797
21799
21800
21802
21803
21804
21805
21806
21808
21809
21810
21811
21812
21814
21815
21816
21817
21818
21820
21821
21822
21823
21824
21826
21827
21828
21829
21830
21831
21832
21833
21835
22583
22585
22586
22587
22588
22589
22591
22592
22593
22594
22595
22597
22598
22599
22600
22601
22603
22604
22605
22606
22607
22609
22611
22612
22707
22709
22710
22711
22712
22713
22714
22715
22716
22718
22719
22720
22721
22724
22755
22756
22757
22758
22760
22761
22763
22764
22765
22766
22767
22769
22771
22772
22844
22847
22848
22849
22850
22851
22852
22853
22855
22926
22927
22929
22931
22932
22934
22935
22936
22937
23004
23007
23008
23009
23010
23011
23012
23015
23094
23095
23096
23097
23099
23157
23160
23161
23162
23237
23238
23240
23242
23292
23295
23296
23297
23298
23299
23300
23303
23378
23379
23380
23381
23382
23383
23430
23431
23432
23434
23435
23516
23518
23520
23521
23559
23560
23562
23563
23564
23645
23646
23648
23649
23650
23691
23692
23693
23695
23696
23775
23777
23779
23780
23815
23816
23817
23820
23899
23900
23901
23903
23904
23934
23935
23937
23938
23939
24026
24027
24029
24030
24031
24061
24062
24064
24065
24066
24145
24146
24148
24149
24150
24180
24181
24183
24184
24185
24264
24265
24267
24268
24269
24299
24300
24302
24303
24304
24389
24390
24392
24393
24394
24424
24425
24427
24429
24512
24513
24515
24516
24517
24553
24554
24555
24557
24558
24637
24638
24639
24641
24642
24679
24680
24682
24683
24684
24763
24766
24767
24768
24808
24809
24811
24813
24814
24816
24818
24819
24896
24897
24898
24899
24900
24901
24944
24945
24947
24948
24949
25026
25029
25030
25031
25083
25084
25085
25087
25088
25165
25166
25167
25170
25225
25227
25229
25230
25313
25314
25315
25318
25383
25384
25385
25386
25387
25388
25461
25464
25465
25466
25467
25468
25469
25472
25543
25544
25546
25548
25549
25551
25552
25553
25554
25599
25602
25603
25604
25605
25606
25607
25608
25609
25610
25700
25701
25703
25705
25706
25707
25708
25709
25711
25712
25714
25715
25716
25717
25718
25720
25721
25722
25723
25724
25726
25727
25728
25729
25730
25732
25733
25734
25735
25736
25738
25739
25740
25741
25742
25743
25744
25745
25747
26495
26497
26498
26499
26500
26501
26503
26504
26505
26506
26507
26509
26510
26511
26512
26513
26515
26516
26517
26518
26519
26521
26523
26524
26619
26621
26622
26623
26624
26625
26626
26627
26628
26630
26631
26632
26633
26636
26667
26668
26669
26670
26672
26673
26675
26676
26677
26678
26679
26681
26683
26684
26756
26759
26760
26761
26762
26763
26764
26765
26767
26838
26839
26841
26843
26844
26846
26847
26848
26849
26916
26919
26920
26921
26922
26923
26924
26927
27006
27007
27008
27009
27011
27069
27072
27073
27074
27149
27150
27152
27154
27204
27207
27208
27209
27210
27211
27212
27215
27290
27291
27292
27293
27294
27295
27342
27343
27344
27346
27347
27428
27430
27432
27433
27471
27472
27474
27475
27476
27557
27558
27560
27561
27562
27603
27604
27605
27607
27608
27687
27689
27691
27692
27727
27728
27729
27732
27811
27812
27813
27815
27816
27846
27847
27849
27850
27851
27938
27939
27941
27942
27943
27973
27974
27976
27977
27978
28057
28058
28060
28061
28062
28092
28093
28095
28096
28097
28176
28177
28179
28180
28181
28211
28212
28214
28215
28216
28301
28302
28304
28305
28306
28336
28337
28339
28341
28424
28425
28427
28428
28429
28465
28466
28467
28469
28470
28549
28550
28551
28553
28554
28591
28592
28594
28595
28596
28675
28678
28679
28680
28720
28721
28723
28725
28726
28728
28730
28731
28808
28809
28810
28811
28812
28813
28856
28857
28859
28860
28861
28938
28941
28942
28943
28995
28996
28997
28999
29000
29077
29078
29079
29082
29137
29139
29141
29142
29225
29226
29227
29230
29295
29296
29297
29298
29299
29300
29373
29376
29377
29378
29379
29380
29381
29384
29455
29456
29458
29460
29461
29463
29464
29465
29466
29511
29514
29515
29516
29517
29518
29519
29520
29521
29522
29612
29613
29615
29617
29618
29619
29620
29621
29623
29624
29626
29627
29628
29629
29630
29632
29633
29634
29635
29636
29638
29639
29640
29641
29642
29644
29645
29646
29647
29648
29650
29651
29652
29653
29654
29655
29656
29657
29659
30407
30409
30410
30411
30412
30413
30415
30416
30417
30418
30419
30421
30422
30423
30424
30425
30427
30428
30429
30430
30431
30433
30435
30436
30531
30533
30534
30535
30536
30537
30538
30539
30540
30542
30543
30544
30545
30548
30579
30580
30581
30582
30584
30585
30587
30588
30589
30590
30591
30593
30595
30596
30668
30671
30672
30673
30674
30675
30676
30677
30679
30750
30751
30753
30755
30756
30758
30759
30760
30761
30828
30831
30832
30833
30834
30835
30836
30839
30918
30919
30920
30921
30923
30981
30984
30985
30986
31061
31062
31064
31066
31116
31119
31120
31121
31122
31123
31124
31127
31202
31203
31204
31205
31206
31207
31254
31255
31256
31258
31259
31340
31342
31344
31345
31383
31384
31386
31387
31388
31469
31470
31472
31473
31474
31515
31516
31517
31519
31520
31599
31601
31603
31604
31639
31640
31641
31644
31723
31724
31725
31727
31728
31758
31759
31761
31762
31763
31850
31851
31853
31854
31855
31885
31886
31888
31889
31890
31969
31970
31972
31973
31974
32004
32005
32007
32008
32009
32088
32089
32091
32092
32093
32123
32124
32126
32127
32128
32213
32214
32216
32217
32218
32248
32249
32251
32253
32336
32337
32339
32340
32341
32377
32378
32379
32381
32382
32461
32462
32463
32465
32466
32503
32504
32506
32507
32508
32587
32590
32591
32592
32632
32633
32635
32637
32638
32640
32642
32643
32720
32721
32722
32723
32724
32725
32768
32769
32771
32772
32773
32850
32853
32854
32855
32907
32908
32909
32911
32912
32989
32990
32991
32994
33049
33051
33053
33054
33137
33138
33139
33142
33207
33208
33209
33210
33211
33212
33285
33288
33289
33290
33291
33292
33293
33296
33367
33368
33370
33372
33373
33375
33376
33377
33378
33423
33426
33427
33428
33429
33430
33431
33432
33433
33434
33524
33525
33527
33529
33530
33531
33532
33533
33535
33536
33538
33539
33540
33541
33542
33544
33545
33546
33547
33548
33550
33551
33552
33553
33554
33556
33557
33558
33559
33560
33562
33563
33564
33565
33566
33567
33568
33569
33571
34319
34321
34322
34323
34324
34325
34327
34328
34329
34330
34331
34333
34334
34335
34336
34337
34339
34340
34341
34342
34343
34345
34347
34348
34443
34445
34446
34447
34448
34449
34450
34451
34452
34454
34455
34456
34457
34460
34491
34492
34493
34494
34496
34497
34499
34500
34501
34502
34503
34505
34507
34508
34580
34583
34584
34585
34586
34587
34588
34589
34591
34662
34663
34665
34667
34668
34670
34671
34672
34673
34740
34743
34744
34745
34746
34747
34748
34751
34830
34831
34832
34833
34835
34893
34896
34897
34898
34973
34974
34976
34978
35028
35031
35032
35033
35034
35035
35036
35039
35114
35115
35116
35117
35118
35119
35166
35167
35168
35170
35171
35252
35254
35256
35257
35295
35296
35298
35299
35300
35381
35382
35384
35385
35386
35427
35428
35429
35431
35432
35511
35513
35515
35516
35551
35552
35553
35556
35635
35636
35637
35639
35640
35670
35671
35673
35674
35675
35762
35763
35765
35766
35767
35797
35798
35800
35801
35802
35881
35882
35884
35885
35886
35916
35917
35919
35920
35921
36000
36001
36003
36004
36005
36035
36036
36038
36039
36040
36125
36126
36128
36129
36130
36160
36161
36163
36165
36248
36249
36251
36252
36253
36289
36290
36291
36293
36294
36373
36374
36375
36377
36378
36415
36416
36418
36419
36420
36499
36502
36503
36504
36544
36545
36547
36549
36550
36552
36554
36555
36632
36633
36634
36635
36636
36637
36680
36681
36683
36684
36685
36762
36765
36766
36767
36819
36820
36821
36823
36824
36901
36902
36903
36906
36961
36963
36965
36966
37049
37050
37051
37054
37119
37120
37121
37122
37123
37124
37197
37200
37201
37202
37203
37204
37205
37208
37279
37280
37282
37284
37285
37287
37288
37289
37290
37335
37338
37339
37340
37341
37342
37343
37344
37345
37346
37436
37437
37439
37441
37442
37443
37444
37445
37447
37448
37450
37451
37452
37453
37454
37456
37457
37458
37459
37460
37462
37463
37464
37465
37466
37468
37469
37470
37471
37472
37474
37475
37476
37477
37478
37479
37480
37481
37483
38231
38233
38234
38235
38236
38237
38239
38240
38241
38242
38243
38245
38246
38247
38248
38249
38251
38252
38253
38254
38255
38257
38259
38260
38355
38357
38358
38359
38360
38361
38362
38363
38364
38366
38367
38368
38369
38372
38403
38404
38405
38406
38408
38409
38411
38412
38413
38414
38415
38417
38419
38420
38492
38495
38496
38497
38498
38499
38500
38501
38503
38574
38575
38577
38579
38580
38582
38583
38584
38585
38652
38655
38656
38657
38658
38659
38660
38663
38742
38743
38744
38745
38747
38805
38808
38809
38810
38885
38886
38888
38890
38940
38943
38944
38945
38946
38947
38948
38951
39026
39027
39028
39029
39030
39031
39078
39079
39080
39082
39083
39164
39166
39168
39169
39207
39208
39210
39211
39212
39293
39294
39296
39297
39298
39339
39340
39341
39343
39344
39423
39425
39427
39428
39463
39464
39465
39468
39547
39548
39549
39551
39552
39582
39583
39585
39586
39587
39674
39675
39677
39678
39679
39709
39710
39712
39713
39714
39793
39794
39796
39797
39798
39828
39829
39831
39832
39833
39912
39913
39915
39916
39917
39947
39948
39950
39951
39952
40037
40038
40040
40041
40042
40072
40073
40075
40077
40160
40161
40163
40164
40165
40201
40202
40203
40205
40206
40285
40286
40287
40289
40290
40327
40328
40330
40331
40332
40411
40414
40415
40416
40456
40457
40459
40461
40462
40464
40466
40467
40544
40545
40546
40547
40548
40549
40592
40593
40595
40596
40597
40674
40677
40678
40679
40731
40732
40733
40735
40736
40813
40814
40815
40818
40873
40875
40877
40878
40961
40962
40963
40966
41031
41032
41033
41034
41035
41036
41109
41112
41113
41114
41115
41116
41117
41120
41191
41192
41194
41196
41197
41199
41200
41201
41202
41247
41250
41251
41252
41253
41254
41255
41256
41257
41258
41348
41349
41351
41353
41354
41355
41356
41357
41359
41360
41362
41363
41364
41365
41366
41368
41369
41370
41371
41372
41374
41375
41376
41377
41378
41380
41381
41382
41383
41384
41386
41387
41388
41389
41390
41391
41392
41393
41395
42143
42145
42146
42147
42148
42149
42151
42152
42153
42154
42155
42157
42158
42159
42160
42161
42163
42164
42165
42166
42167
42169
42171
42172
42267
42269
42270
42271
42272
42273
42274
42275
42276
42278
42279
42280
42281
42284
42315
42316
42317
42318
42320
42321
42323
42324
42325
42326
42327
42329
42331
42332
42404
42407
42408
42409
42410
42411
42412
42413
42415
42486
42487
42489
42491
42492
42494
42495
42496
42497
42564
42567
42568
42569
42570
42571
42572
42575
42654
42655
42656
42657
42659
42717
42720
42721
42722
42797
42798
42800
42802
42852
42855
42856
42857
42858
42859
42860
42863
42938
42939
42940
42941
42942
42943
42990
42991
42992
42994
42995
43076
43078
43080
43081
43119
43120
43122
43123
43124
43205
43206
43208
43209
43210
43251
43252
43253
43255
43256
43335
43337
43339
43340
43375
43376
43377
43380
43459
43460
43461
43463
43464
43494
43495
43497
43498
43499
43586
43587
43589
43590
43591
43621
43622
43624
43625
43626
43705
43706
43708
43709
43710
43740
43741
43743
43744
43745
43824
43825
43827
43828
43829
43859
43860
43862
43863
43864
43949
43950
43952
43953
43954
43984
43985
43987
43989
44072
44073
44075
44076
44077
44113
44114
44115
44117
44118
44197
44198
44199
44201
44202
44239
44240
44242
44243
44244
44323
44326
44327
44328
44368
44369
44371
44373
44374
44376
44378
44379
44456
44457
44458
44459
44460
44461
44504
44505
44507
44508
44509
44586
44589
44590
44591
44643
44644
44645
44647
44648
44725
44726
44727
44730
44785
44787
44789
44790
44873
44874
44875
44878
44943
44944
44945
44946
44947
44948
45021
45024
45025
45026
45027
45028
45029
45032
45103
45104
45106
45108
45109
45111
45112
45113
45114
45159
45162
45163
45164
45165
45166
45167
45168
45169
45170
45260
45261
45263
45265
45266
45267
45268
45269
45271
45272
45274
45275
45276
45277
45278
45280
45281
45282
45283
45284
45286
45287
45288
45289
45290
45292
45293
45294
45295
45296
45298
45299
45300
45301
45302
45303
45304
45305
45307
46055
46057
46058
46059
46060
46061
46063
46064
46065
46066
46067
46069
46070
46071
46072
46073
46075
46076
46077
46078
46079
46081
46083
46084
46179
46181
46182
46183
46184
46185
46186
46187
46188
46190
46191
46192
46193
46196
46227
46228
46229
46230
46232
46233
46235
46236
46237
46238
46239
46241
46243
46244
46316
46319
46320
46321
46322
46323
46324
46325
46327
46398
46399
46401
46403
46404
46406
46407
46408
46409
46476
46479
46480
46481
46482
46483
46484
46487
46566
46567
46568
46569
46571
46629
46632
46633
46634
46709
46710
46712
46714
46764
46767
46768
46769
46770
46771
46772
46775
46850
46851
46852
46853
46854
46855
46902
46903
46904
46906
46907
46988
46990
46992
46993
47031
47032
47034
47035
47036
47117
47118
47120
47121
47122
47163
47164
47165
47167
47168
47247
47249
47251
47252
47287
47288
47289
47292
47371
47372
47373
47375
47376
47406
47407
47409
47410
47411
47498
47499
47501
47502
47503
47533
47534
47536
47537
47538
47617
47618
47620
47621
47622
47652
47653
47655
47656
47657
47736
47737
47739
47740
47741
47771
47772
47774
47775
47776
47861
47862
47864
47865
47866
47896
47897
47899
47901
47984
47985
47987
47988
47989
48025
48026
48027
48029
48030
48109
48110
48111
48113
48114
48151
48152
48154
48155
48156
48235
48238
48239
48240
48280
48281
48283
48285
48286
48288
48290
48291
48368
48369
48370
48371
48372
48373
48416
48417
48419
48420
48421
48498
48501
48502
48503
48555
48556
48557
48559
48560
48637
48638
48639
48642
48697
48699
48701
48702
48785
48786
48787
48790
48855
48856
48857
48858
48859
48860
48933
48936
48937
48938
48939
48940
48941
48944
49015
49016
49018
49020
49021
49023
49024
49025
49026
49071
49074
49075
49076
49077
49078
49079
49080
49081
49082
49172
49173
49175
49177
49178
49179
49180
49181
49183
49184
49186
49187
49188
49189
49190
49192
49193
49194
49195
49196
49198
49199
49200
49201
49202
49204
49205
49206
49207
49208
49210
49211
49212
49213
49214
49215
49216
49217
49219
49967
49969
49970
49971
49972
49973
49975
49976
49977
49978
49979
49981
49982
49983
49984
49985
49987
49988
49989
49990
49991
49993
49995
49996
50091
50093
50094
50095
50096
50097
50098
50099
50100
50102
50103
50104
50105
50108
50139
50140
50141
50142
50144
50145
50147
50148
50149
50150
50151
50153
50155
50156
50228
50231
50232
50233
50234
50235
50236
50237
50239
50310
50311
50313
50315
50316
50318
50319
50320
50321
50388
50391
50392
50393
50394
50395
50396
50399
50478
50479
50480
50481
50483
50541
50544
50545
50546
50621
50622
50624
50626
50676
50679
50680
50681
50682
50683
50684
50687
50762
50763
50764
50765
50766
50767
50814
50815
50816
50818
50819
50900
50902
50904
50905
50943
50944
50946
50947
50948
51029
51030
51032
51033
51034
51075
51076
51077
51079
51080
51159
51161
51163
51164
51199
51200
51201
51204
51283
51284
51285
51287
51288
51318
51319
51321
51322
51323
51410
51411
51413
51414
51415
51445
51446
51448
51449
51450
51529
51530
51532
51533
51534
51564
51565
51567
51568
51569
51648
51649
51651
51652
51653
51683
51684
51686
51687
51688
51773
51774
51776
51777
51778
51808
51809
51811
51813
51896
51897
51899
51900
51901
51937
51938
51939
51941
51942
52021
52022
52023
52025
52026
52063
52064
52066
52067
52068
52147
52150
52151
52152
52192
52193
52195
52197
52198
52200
52202
52203
52280
52281
52282
52283
52284
52285
52328
52329
52331
52332
52333
52410
52413
52414
52415
52467
52468
52469
52471
52472
52549
52550
52551
52554
52609
52611
52613
52614
52697
52698
52699
52702
52767
52768
52769
52770
52771
52772
52845
52848
52849
52850
52851
52852
52853
52856
52927
52928
52930
52932
52933
52935
52936
52937
52938
52983
52986
52987
52988
52989
52990
52991
52992
52993
52994
53084
53085
53087
53089
53090
53091
53092
53093
53095
53096
53098
53099
53100
53101
53102
53104
53105
53106
53107
53108
53110
53111
53112
53113
53114
53116
53117
53118
53119
53120
53122
53123
53124
53125
53126
53127
53128
53129
53131
53879
53881
53882
53883
53884
53885
53887
53888
53889
53890
53891
53893
53894
53895
53896
53897
53899
53900
53901
53902
53903
53905
53907
53908
54003
54005
54006
54007
54008
54009
54010
54011
54012
54014
54015
54016
54017
54020
54051
54052
54053
54054
54056
54057
54059
54060
54061
54062
54063
54065
54067
54068
54140
54143
54144
54145
54146
54147
54148
54149
54151
54222
54223
54225
54227
54228
54230
54231
54232
54233
54300
54303
54304
54305
54306
54307
54308
54311
54390
54391
54392
54393
54395
54453
54456
54457
54458
54533
54534
54536
54538
54588
54591
54592
54593
54594
54595
54596
54599
54674
54675
54676
54677
54678
54679
54726
54727
54728
54730
54731
54812
54814
54816
54817
54855
54856
54858
54859
54860
54941
54942
54944
54945
54946
54987
54988
54989
54991
54992
55071
55073
55075
55076
55111
55112
55113
55116
55195
55196
55197
55199
55200
55230
55231
55233
55234
55235
55322
55323
55325
55326
55327
55357
55358
55360
55361
55362
55441
55442
55444
55445
55446
55476
55477
55479
55480
55481
55560
55561
55563
55564
55565
55595
55596
55598
55599
55600
55685
55686
55688
55689
55690
55720
55721
55723
55725
55808
55809
55811
55812
55813
55849
55850
55851
55853
55854
55933
55934
55935
55937
55938
55975
55976
55978
55979
55980
56059
56062
56063
56064
56104
56105
56107
56109
56110
56112
56114
56115
56192
56193
56194
56195
56196
56197
56240
56241
56243
56244
56245
56322
56325
56326
56327
56379
56380
56381
56383
56384
56461
56462
56463
56466
56521
56523
56525
56526
56609
56610
56611
56614
56679
56680
56681
56682
56683
56684
56757
56760
56761
56762
56763
56764
56765
56768
56839
56840
56842
56844
56845
56847
56848
56849
56850
56895
56898
56899
56900
56901
56902
56903
56904
56905
56906
56996
56997
56999
57001
57002
57003
57004
57005
57007
57008
57010
57011
57012
57013
57014
57016
57017
57018
57019
57020
57022
57023
57024
57025
57026
57028
57029
57030
57031
57032
57034
57035
57036
57037
57038
57039
57040
57041
57043
57791
57793
57794
57795
57796
57797
57799
57800
57801
57802
57803
57805
57806
57807
57808
57809
57811
57812
57813
57814
57815
57817
57819
57820
57915
57917
57918
57919
57920
57921
57922
57923
57924
57926
57927
57928
57929
57932
57963
57964
57965
57966
57968
57969
57971
57972
57973
57974
57975
57977
57979
57980
58052
58055
58056
58057
58058
58059
58060
58061
58063
58134
58135
58137
58139
58140
58142
58143
58144
58145
58212
58215
58216
58217
58218
58219
58220
58223
58302
58303
58304
58305
58307
58365
58368
58369
58370
58445
58446
58448
58450
58500
58503
58504
58505
58506
58507
58508
58511
58586
58587
58588
58589
58590
58591
58638
58639
58640
58642
58643
58724
58726
58728
58729
58767
58768
58770
58771
58772
58853
58854
58856
58857
58858
58899
58900
58901
58903
58904
58983
58985
58987
58988
59023
59024
59025
59028
59107
59108
59109
59111
59112
59142
59143
59145
59146
59147
59234
59235
59237
59238
59239
59269
59270
59272
59273
59274
59353
59354
59356
59357
59358
59388
59389
59391
59392
59393
59472
59473
59475
59476
59477
59507
59508
59510
59511
59512
59597
59598
59600
59601
59602
59632
59633
59635
59637
59720
59721
59723
59724
59725
59761
59762
59763
59765
59766
59845
59846
59847
59849
59850
59887
59888
59890
59891
59892
59971
59974
59975
59976
60016
60017
60019
60021
60022
60024
60026
60027
60104
60105
60106
60107
60108
60109
60152
60153
60155
60156
60157
60234
60237
60238
60239
60291
60292
60293
60295
60296
60373
60374
60375
60378
60433
60435
60437
60438
60521
60522
60523
60526
60591
60592
60593
60594
60595
60596
60669
60672
60673
60674
60675
60676
60677
60680
60751
60752
60754
60756
60757
60759
60760
60761
60762
60807
60810
60811
60812
60813
60814
60815
60816
60817
60818
60908
60909
60911
60913
60914
60915
60916
60917
60919
60920
60922
60923
60924
60925
60926
60928
60929
60930
60931
60932
60934
60935
60936
60937
60938
60940
60941
60942
60943
60944
60946
60947
60948
60949
60950
60951
60952
60953
60955
61703
61705
61706
61707
61708
61709
61711
61712
61713
61714
61715
61717
61718
61719
61720
61721
61723
61724
61725
61726
61727
61729
61731
61732
61827
61829
61830
61831
61832
61833
61834
61835
61836
61838
61839
61840
61841
61844
61875
61876
61877
61878
61880
61881
61883
61884
61885
61886
61887
61889
61891
61892
61964
61967
61968
61969
61970
61971
61972
61973
61975
62046
62047
62049
62051
62052
62054
62055
62056
62057
62124
62127
62128
62129
62130
62131
62132
62135
62214
62215
62216
62217
62219
62277
62280
62281
62282
62357
62358
62360
62362
62412
62415
62416
62417
62418
62419
62420
62423
62498
62499
62500
62501
62502
62503
62550
62551
62552
62554
62555
62636
62638
62640
62641
62679
62680
62682
62683
62684
62765
62766
62768
62769
62770
62811
62812
62813
62815
62816
62895
62897
62899
62900
62935
62936
62937
62940
63019
63020
63021
63023
63024
63054
63055
63057
63058
63059
63146
63147
63149
63150
63151
63181
63182
63184
63185
63186
63265
63266
63268
63269
63270
63300
63301
63303
63304
63305
63384
63385
63387
63388
63389
63419
63420
63422
63423
63424
63509
63510
63512
63513
63514
63544
63545
63547
63549
63632
63633
63635
63636
63637
63673
63674
63675
63677
63678
63757
63758
63759
63761
63762
63799
63800
63802
63803
63804
63883
63886
63887
63888
63928
63929
63931
63933
63934
63936
63938
63939
64016
64017
64018
64019
64020
64021
64064
64065
64067
64068
64069
64146
64149
64150
64151
64203
64204
64205
64207
64208
64285
64286
64287
64290
64345
64347
64349
64350
64433
64434
64435
64438
64503
64504
64505
64506
64507
64508
64581
64584
64585
64586
64587
64588
64589
64592
64663
64664
64666
64668
64669
64671
64672
64673
64674
64719
64722
64723
64724
64725
64726
64727
64728
64729
64730
64820
64821
64823
64825
64826
64827
64828
64829
64831
64832
64834
64835
64836
64837
64838
64840
64841
64842
64843
64844
64846
64847
64848
64849
64850
64852
64853
64854
64855
64856
64858
64859
64860
64861
64862
64863
64864
64865
64867
65615
65617
65618
65619
65620
65621
65623
65624
65625
65626
65627
65629
65630
65631
65632
65633
65635
65636
65637
65638
65639
65641
65643
65644
65739
65741
65742
65743
65744
65745
65746
65747
65748
65750
65751
65752
65753
65756
65787
65788
65789
65790
65792
65793
65795
65796
65797
65798
65799
65801
65803
65804
65876
65879
65880
65881
65882
65883
65884
65885
65887
65958
65959
65961
65963
65964
65966
65967
65968
65969
66036
66039
66040
66041
66042
66043
66044
66047
66126
66127
66128
66129
66131
66189
66192
66193
66194
66269
66270
66272
66274
66324
66327
66328
66329
66330
66331
66332
66335
66410
66411
66412
66413
66414
66415
66462
66463
66464
66466
66467
66548
66550
66552
66553
66591
66592
66594
66595
66596
66677
66678
66680
66681
66682
66723
66724
66725
66727
66728
66807
66809
66811
66812
66847
66848
66849
66852
66931
66932
66933
66935
66936
66966
66967
66969
66970
66971
67058
67059
67061
67062
67063
67093
67094
67096
67097
67098
67177
67178
67180
67181
67182
67212
67213
67215
67216
67217
67296
67297
67299
67300
67301
67331
67332
67334
67335
67336
67421
67422
67424
67425
67426
67456
67457
67459
67461
67544
67545
67547
67548
67549
67585
67586
67587
67589
67590
67669
67670
67671
67673
67674
67711
67712
67714
67715
67716
67795
67798
67799
67800
67840
67841
67843
67845
67846
67848
67850
67851
67928
67929
67930
67931
67932
67933
67976
67977
67979
67980
67981
68058
68061
68062
68063
68115
68116
68117
68119
68120
68197
68198
68199
68202
68257
68259
68261
68262
68345
68346
68347
68350
68415
68416
68417
68418
68419
68420
68493
68496
68497
68498
68499
68500
68501
68504
68575
68576
68578
68580
68581
68583
68584
68585
68586
68631
68634
68635
68636
68637
68638
68639
68640
68641
68642
68732
68733
68735
68737
68738
68739
68740
68741
68743
68744
68746
68747
68748
68749
68750
68752
68753
68754
68755
68756
68758
68759
68760
68761
68762
68764
68765
68766
68767
68768
68770
68771
68772
68773
68774
68775
68776
68777
68779
69527
69529
69530
69531
69532
69533
69535
69536
69537
69538
69539
69541
69542
69543
69544
69545
69547
69548
69549
69550
69551
69553
69555
69556
69651
69653
69654
69655
69656
69657
69658
69659
69660
69662
69663
69664
69665
69668
69699
69700
69701
69702
69704
69705
69707
69708
69709
69710
69711
69713
69715
69716
69788
69791
69792
69793
69794
69795
69796
69797
69799
69870
69871
69873
69875
69876
69878
69879
69880
69881
69948
69951
69952
69953
69954
69955
69956
69959
70038
70039
70040
70041
70043
70101
70104
70105
70106
70181
70182
70184
70186
70236
70239
70240
70241
70242
70243
70244
70247
70322
70323
70324
70325
70326
70327
70374
70375
70376
70378
70379
70460
70462
70464
70465
70503
70504
70506
70507
70508
70589
70590
70592
70593
70594
70635
70636
70637
70639
70640
70719
70721
70723
70724
70759
70760
70761
70764
70843
70844
70845
70847
70848
70878
70879
70881
70882
70883
70970
70971
70973
70974
70975
71005
71006
71008
71009
71010
71089
71090
71092
71093
71094
71124
71125
71127
71128
71129
71208
71209
71211
71212
71213
71243
71244
71246
71247
71248
71333
71334
71336
71337
71338
71368
71369
71371
71373
71456
71457
71459
71460
71461
71497
71498
71499
71501
71502
71581
71582
71583
71585
71586
71623
71624
71626
71627
71628
71707
71710
71711
71712
71752
71753
71755
71757
71758
71760
71762
71763
71840
71841
71842
71843
71844
71845
71888
71889
71891
71892
71893
71970
71973
71974
71975
72027
72028
72029
72031
72032
72109
72110
72111
72114
72169
72171
72173
72174
72257
72258
72259
72262
72327
72328
72329
72330
72331
72332
72405
72408
72409
72410
72411
72412
72413
72416
72487
72488
72490
72492
72493
72495
72496
72497
72498
72543
72546
72547
72548
72549
72550
72551
72552
72553
72554
72644
72645
72647
72649
72650
72651
72652
72653
72655
72656
72658
72659
72660
72661
72662
72664
72665
72666
72667
72668
72670
72671
72672
72673
72674
72676
72677
72678
72679
72680
72682
72683
72684
72685
72686
72687
72688
72689
72691
73439
73441
73442
73443
73444
73445
73447
73448
73449
73450
73451
73453
73454
73455
73456
73457
73459
73460
73461
73462
73463
73465
73467
73468
73563
73565
73566
73567
73568
73569
73570
73571
73572
73574
73575
73576
73577
73580
73611
73612
73613
73614
73616
73617
73619
73620
73621
73622
73623
73625
73627
73628
73700
73703
73704
73705
73706
73707
73708
73709
73711
73782
73783
73785
73787
73788
73790
73791
73792
73793
73860
73863
73864
73865
73866
73867
73868
73871
73950
73951
73952
73953
73955
74013
74016
74017
74018
74093
74094
74096
74098
74148
74151
74152
74153
74154
74155
74156
74159
74234
74235
74236
74237
74238
74239
74286
74287
74288
74290
74291
74372
74374
74376
74377
74415
74416
74418
74419
74420
74501
74502
74504
74505
74506
74547
74548
74549
74551
74552
74631
74633
74635
74636
74671
74672
74673
74676
74755
74756
74757
74759
74760
74790
74791
74793
74794
74795
74882
74883
74885
74886
74887
74917
74918
74920
74921
74922
75001
75002
75004
75005
75006
75036
75037
75039
75040
75041
75120
75121
75123
75124
75125
75155
75156
75158
75159
75160
75245
75246
75248
75249
75250
75280
75281
75283
75285
75368
75369
75371
75372
75373
75409
75410
75411
75413
75414
75493
75494
75495
75497
75498
75535
75536
75538
75539
75540
75619
75622
75623
75624
75664
75665
75667
75669
75670
75672
75674
75675
75752
75753
75754
75755
75756
75757
75800
75801
75803
75804
75805
75882
75885
75886
75887
75939
75940
75941
75943
75944
76021
76022
76023
76026
76081
76083
76085
76086
76169
76170
76171
76174
76239
76240
76241
76242
76243
76244
76317
76320
76321
76322
76323
76324
76325
76328
76399
76400
76402
76404
76405
76407
76408
76409
76410
76455
76458
76459
76460
76461
76462
76463
76464
76465
76466
76556
76557
76559
76561
76562
76563
76564
76565
76567
76568
76570
76571
76572
76573
76574
76576
76577
76578
76579
76580
76582
76583
76584
76585
76586
76588
76589
76590
76591
76592
76594
76595
76596
76597
76598
76599
76600
76601
76603
77351
77353
77354
77355
77356
77357
77359
77360
77361
77362
77363
77365
77366
77367
77368
77369
77371
77372
77373
77374
77375
77377
77379
77380
77475
77477
77478
77479
77480
77481
77482
77483
77484
77486
77487
77488
77489
77492
77523
77524
77525
77526
77528
77529
77531
77532
77533
77534
77535
77537
77539
77540
77612
77615
77616
77617
77618
77619
77620
77621
77623
77694
77695
77697
77699
77700
77702
77703
77704
77705
77772
77775
77776
77777
77778
77779
77780
77783
77862
77863
77864
77865
77867
77925
77928
77929
77930
78005
78006
78008
78010
78060
78063
78064
78065
78066
78067
78068
78071
78146
78147
78148
78149
78150
78151
78198
78199
78200
78202
78203
78284
78286
78288
78289
78327
78328
78330
78331
78332
78413
78414
78416
78417
78418
78459
78460
78461
78463
78464
78543
78545
78547
78548
78583
78584
78585
78588
78667
78668
78669
78671
78672
78702
78703
78705
78706
78707
78794
78795
78797
78798
78799
78829
78830
78832
78833
78834
78913
78914
78916
78917
78918
78948
78949
78951
78952
78953
79032
79033
79035
79036
79037
79067
79068
79070
79071
79072
79157
79158
79160
79161
79162
79192
79193
79195
79197
79280
79281
79283
79284
79285
79321
79322
79323
79325
79326
79405
79406
79407
79409
79410
79447
79448
79450
79451
79452
79531
79534
79535
79536
79576
79577
79579
79581
79582
79584
79586
79587
79664
79665
79666
79667
79668
79669
79712
79713
79715
79716
79717
79794
79797
79798
79799
79851
79852
79853
79855
79856
79933
79934
79935
79938
79993
79995
79997
79998
80081
80082
80083
80086
80151
80152
80153
80154
80155
80156
80229
80232
80233
80234
80235
80236
80237
80240
80311
80312
80314
80316
80317
80319
80320
80321
80322
80367
80370
80371
80372
80373
80374
80375
80376
80377
80378
80468
80469
80471
80473
80474
80475
80476
80477
80479
80480
80482
80483
80484
80485
80486
80488
80489
80490
80491
80492
80494
80495
80496
80497
80498
80500
80501
80502
80503
80504
80506
80507
80508
80509
80510
80511
80512
80513
80515
81263
81265
81266
81267
81268
81269
81271
81272
81273
81274
81275
81277
81278
81279
81280
81281
81283
81284
81285
81286
81287
81289
81291
81292
81387
81389
81390
81391
81392
81393
81394
81395
81396
81398
81399
81400
81401
81404
81435
81436
81437
81438
81440
81441
81443
81444
81445
81446
81447
81449
81451
81452
81524
81527
81528
81529
81530
81531
81532
81533
81535
81606
81607
81609
81611
81612
81614
81615
81616
81617
81684
81687
81688
81689
81690
81691
81692
81695
81774
81775
81776
81777
81779
81837
81840
81841
81842
81917
81918
81920
81922
81972
81975
81976
81977
81978
81979
81980
81983
82058
82059
82060
82061
82062
82063
82110
82111
82112
82114
82115
82196
82198
82200
82201
82239
82240
82242
82243
82244
82325
82326
82328
82329
82330
82371
82372
82373
82375
82376
82455
82457
82459
82460
82495
82496
82497
82500
82579
82580
82581
82583
82584
82614
82615
82617
82618
82619
82706
82707
82709
82710
82711
82741
82742
82744
82745
82746
82825
82826
82828
82829
82830
82860
82861
82863
82864
82865
82944
82945
82947
82948
82949
82979
82980
82982
82983
82984
83069
83070
83072
83073
83074
83104
83105
83107
83109
83192
83193
83195
83196
83197
83233
83234
83235
83237
83238
83317
83318
83319
83321
83322
83359
83360
83362
83363
83364
83443
83446
83447
83448
83488
83489
83491
83493
83494
83496
83498
83499
83576
83577
83578
83579
83580
83581
83624
83625
83627
83628
83629
83706
83709
83710
83711
83763
83764
83765
83767
83768
83845
83846
83847
83850
83905
83907
83909
83910
83993
83994
83995
83998
84063
84064
84065
84066
84067
84068
84141
84144
84145
84146
84147
84148
84149
84152
84223
84224
84226
84228
84229
84231
84232
84233
84234
84279
84282
84283
84284
84285
84286
84287
84288
84289
84290
84380
84381
84383
84385
84386
84387
84388
84389
84391
84392
84394
84395
84396
84397
84398
84400
84401
84402
84403
84404
84406
84407
84408
84409
84410
84412
84413
84414
84415
84416
84418
84419
84420
84421
84422
84423
84424
84425
84427
85175
85177
85178
85179
85180
85181
85183
85184
85185
85186
85187
85189
85190
85191
85192
85193
85195
85196
85197
85198
85199
85201
85203
85204
85299
85301
85302
85303
85304
85305
85306
85307
85308
85310
85311
85312
85313
85316
85347
85348
85349
85350
85352
85353
85355
85356
85357
85358
85359
85361
85363
85364
85436
85439
85440
85441
85442
85443
85444
85445
85447
85518
85519
85521
85523
85524
85526
85527
85528
85529
85596
85599
85600
85601
85602
85603
85604
85607
85686
85687
85688
85689
85691
85749
85752
85753
85754
85829
85830
85832
85834
85884
85887
85888
85889
85890
85891
85892
85895
85970
85971
85972
85973
85974
85975
86022
86023
86024
86026
86027
86108
86110
86112
86113
86151
86152
86154
86155
86156
86237
86238
86240
86241
86242
86283
86284
86285
86287
86288
86367
86369
86371
86372
86407
86408
86409
86412
86491
86492
86493
86495
86496
86526
86527
86529
86530
86531
86618
86619
86621
86622
86623
86653
86654
86656
86657
86658
86737
86738
86740
86741
86742
86772
86773
86775
86776
86777
86856
86857
86859
86860
86861
86891
86892
86894
86895
86896
86981
86982
86984
86985
86986
87016
87017
87019
87021
87104
87105
87107
87108
87109
87145
87146
87147
87149
87150
87229
87230
87231
87233
87234
87271
87272
87274
87275
87276
87355
87358
87359
87360
87400
87401
87403
87405
87406
87408
87410
87411
87488
87489
87490
87491
87492
87493
87536
87537
87539
87540
87541
87618
87621
87622
87623
87675
87676
87677
87679
87680
87757
87758
87759
87762
87817
87819
87821
87822
87905
87906
87907
87910
87975
87976
87977
87978
87979
87980
88053
88056
88057
88058
88059
88060
88061
88064
88135
88136
88138
88140
88141
88143
88144
88145
88146
88191
88194
88195
88196
88197
88198
88199
88200
88201
88202
88292
88293
88295
88297
88298
88299
88300
88301
88303
88304
88306
88307
88308
88309
88310
88312
88313
88314
88315
88316
88318
88319
88320
88321
88322
88324
88325
88326
88327
88328
88330
88331
88332
88333
88334
88335
88336
88337
88339
89087
89089
89090
89091
89092
89093
89095
89096
89097
89098
89099
89101
89102
89103
89104
89105
89107
89108
89109
89110
89111
89113
89115
89116
89211
89213
89214
89215
89216
89217
89218
89219
89220
89222
89223
89224
89225
89228
89259
89260
89261
89262
89264
89265
89267
89268
89269
89270
89271
89273
89275
89276
89348
89351
89352
89353
89354
89355
89356
89357
89359
89430
89431
89433
89435
89436
89438
89439
89440
89441
89508
89511
89512
89513
89514
89515
89516
89519
89598
89599
89600
89601
89603
89661
89664
89665
89666
89741
89742
89744
89746
89796
89799
89800
89801
89802
89803
89804
89807
89882
89883
89884
89885
89886
89887
89934
89935
89936
89938
89939
90020
90022
90024
90025
90063
90064
90066
90067
90068
90149
90150
90152
90153
90154
90195
90196
90197
90199
90200
90279
90281
90283
90284
90319
90320
90321
90324
90403
90404
90405
90407
90408
90438
90439
90441
90442
90443
90530
90531
90533
90534
90535
90565
90566
90568
90569
90570
90649
90650
90652
90653
90654
90684
90685
90687
90688
90689
90768
90769
90771
90772
90773
90803
90804
90806
90807
90808
90893
90894
90896
90897
90898
90928
90929
90931
90933
91016
91017
91019
91020
91021
91057
91058
91059
91061
91062
91141
91142
91143
91145
91146
91183
91184
91186
91187
91188
91267
91270
91271
91272
91312
91313
91315
91317
91318
91320
91322
91323
91400
91401
91402
91403
91404
91405
91448
91449
91451
91452
91453
91530
91533
91534
91535
91587
91588
91589
91591
91592
91669
91670
91671
91674
91729
91731
91733
91734
91817
91818
91819
91822
91887
91888
91889
91890
91891
91892
91965
91968
91969
91970
91971
91972
91973
91976
92047
92048
92050
92052
92053
92055
92056
92057
92058
92103
92106
92107
92108
92109
92110
92111
92112
92113
92114
92204
92205
92207
92209
92210
92211
92212
92213
92215
92216
92218
92219
92220
92221
92222
92224
92225
92226
92227
92228
92230
92231
92232
92233
92234
92236
92237
92238
92239
92240
92242
92243
92244
92245
92246
92247
92248
92249
92251
92999
93001
93002
93003
93004
93005
93007
93008
93009
93010
93011
93013
93014
93015
93016
93017
93019
93020
93021
93022
93023
93025
93027
93028
93123
93125
93126
93127
93128
93129
93130
93131
93132
93134
93135
93136
93137
93140
93171
93172
93173
93174
93176
93177
93179
93180
93181
93182
93183
93185
93187
93188
93260
93263
93264
93265
93266
93267
93268
93269
93271
93342
93343
93345
93347
93348
93350
93351
93352
93353
93420
93423
93424
93425
93426
93427
93428
93431
93510
93511
93512
93513
93515
93573
93576
93577
93578
93653
93654
93656
93658
93708
93711
93712
93713
93714
93715
93716
93719
93794
93795
93796
93797
93798
93799
93846
93847
93848
93850
93851
93932
93934
93936
93937
93975
93976
93978
93979
93980
94061
94062
94064
94065
94066
94107
94108
94109
94111
94112
94191
94193
94195
94196
94231
94232
94233
94236
94315
94316
94317
94319
94320
94350
94351
94353
94354
94355
94442
94443
94445
94446
94447
94477
94478
94480
94481
94482
94561
94562
94564
94565
94566
94596
94597
94599
94600
94601
94680
94681
94683
94684
94685
94715
94716
94718
94719
94720
94805
94806
94808
94809
94810
94840
94841
94843
94845
94928
94929
94931
94932
94933
94969
94970
94971
94973
94974
95053
95054
95055
95057
95058
95095
95096
95098
95099
95100
95179
95182
95183
95184
95224
95225
95227
95229
95230
95232
95234
95235
95312
95313
95314
95315
95316
95317
95360
95361
95363
95364
95365
95442
95445
95446
95447
95499
95500
95501
95503
95504
95581
95582
95583
95586
95641
95643
95645
95646
95729
95730
95731
95734
95799
95800
95801
95802
95803
95804
95877
95880
95881
95882
95883
95884
95885
95888
95959
95960
95962
95964
95965
95967
95968
95969
95970
96015
96018
96019
96020
96021
96022
96023
96024
96025
96026
96116
96117
96119
96121
96122
96123
96124
96125
96127
96128
96130
96131
96132
96133
96134
96136
96137
96138
96139
96140
96142
96143
96144
96145
96146
96148
96149
96150
96151
96152
96154
96155
96156
96157
96158
96159
96160
96161
96163
96911
96913
96914
96915
96916
96917
96919
96920
96921
96922
96923
96925
96926
96927
96928
96929
96931
96932
96933
96934
96935
96937
96939
96940
97035
97037
97038
97039
97040
97041
97042
97043
97044
97046
97047
97048
97049
97052
97083
97084
97085
97086
97088
97089
97091
97092
97093
97094
97095
97097
97099
97100
97172
97175
97176
97177
97178
97179
97180
97181
97183
97266
97267
97269
97271
97272
97274
97275
97276
97277
97344
97347
97348
97349
97350
97351
97352
97355
97464
97465
97466
97467
97469
97527
97530
97531
97532
97643
97644
97646
97648
97698
97701
97702
97703
97704
97705
97706
97709
97826
97827
97828
97829
97830
97831
97878
97879
97880
97882
97883
98012
98014
98016
98017
98055
98056
98058
98059
98060
98195
98196
98198
98199
98200
98241
98242
98243
98245
98246
98379
98381
98383
98384
98419
98420
98421
98424
98557
98558
98559
98561
98562
98592
98593
98595
98596
98597
98744
98745
98747
98748
98749
98779
98780
98782
98783
98784
98923
98924
98926
98927
98928
98958
98959
98961
98962
98963
99102
99103
99105
99106
99107
99137
99138
99140
99141
99142
99287
99288
99290
99291
99292
99322
99323
99325
99327
99464
99465
99467
99468
99469
99505
99506
99507
99509
99510
99643
99644
99645
99647
99648
99685
99686
99688
99689
99690
99823
99826
99827
99828
99868
99869
99871
99873
99874
99876
99878
99879
100004
100005
100006
100007
100008
100009
100052
100053
100055
100056
100057
100176
100179
100180
100181
100233
100234
100235
100237
100238
100351
100352
100353
100356
100411
100413
100415
100416
100529
100530
100531
100534
100599
100600
100601
100602
100603
100604
100689
100692
100693
100694
100695
100696
100697
100700
100771
100772
100774
100776
100777
100779
100780
100781
100782
100827
100830
100831
100832
100833
100834
100835
100836
100837
100838
100928
100929
100931
100933
100934
100935
100936
100937
100939
100940
100942
100943
100944
100945
100946
100948
100949
100950
100951
100952
100954
100955
100956
100957
100958
100960
100961
100962
100963
100964
100966
100967
100968
100969
100970
100971
100972
100973
100975
101723
101724
101725
101726
101727
101729
101730
101731
101732
101733
101735
101736
101737
101738
101739
101741
101742
101743
101744
101745
101747
101749
101750
101751
101847
101848
101849
101851
101852
101853
101854
101856
101857
101858
101859
101860
101863
101864
101895
101896
101897
101899
101900
101902
101903
101904
101905
101906
101907
101909
101910
101911
101985
101986
101987
101989
101990
101991
101993
101994
101995
102053
102055
102056
102057
102058
102059
102060
102061
102063
102132
102133
102134
102135
102136
102137
102140
102141
102210
102211
102213
102214
102215
102275
102276
102277
102278
102364
102366
102367
102368
102420
102421
102422
102423
102424
102425
102428
102429
102518
102519
102520
102521
102522
102523
102570
102571
102573
102574
102575
102674
102676
102677
102678
102717
102719
102720
102721
102722
102825
102827
102828
102829
102830
102871
102872
102874
102875
102876
102986
102988
102989
102990
103025
103026
103029
103030
103139
103140
103142
103143
103144
103174
103175
103176
103177
103178
103292
103294
103295
103296
103297
103327
103328
103329
103330
103331
103446
103447
103448
103449
103450
103480
103481
103482
103483
103484
103598
103600
103601
103602
103603
103633
103634
103635
103636
103637
103752
103753
103754
103755
103756
103786
103787
103789
103790
103907
103908
103909
103910
103911
103947
103949
103950
103951
103952
104061
104063
104064
104065
104066
104103
104104
104105
104106
104108
104212
104213
104214
104216
104256
104257
104259
104260
104264
104265
104266
104267
104366
104367
104368
104369
104370
104371
104415
104416
104417
104418
104419
104516
104517
104518
104519
104571
104572
104574
104575
104576
104667
104668
104671
104672
104729
104730
104731
104732
104813
104814
104817
104818
104883
104884
104885
104886
104887
104888
104959
104960
104961
104962
104963
104964
104967
104968
105039
105041
105043
105044
105045
105046
105047
105049
105050
105101
105102
105103
105104
105105
105106
105107
105108
105109
105110
105200
105201
105203
105205
105206
105207
105208
105210
105211
105213
105214
105215
105216
105217
105219
105220
105221
105222
105223
105225
105226
105227
105228
105229
105231
105232
105233
105234
105235
105237
105238
105239
105240
105241
105242
105243
105244
105246
105247
134137
134138
134140
134141
134142
134143
134144
134145
134146
134147
134149
134150
134151
134153
134154
134155
134156
134157
134158
134159
134160
134161
134162
134164
134165
134166
134168
134169
134171
134172
134173
134174
134175
134176
134177
134178
134179
134180
134182
134183
134185
134186
134188
134189
134190
134192
134193
134195
134196
134197
134198
134199
134200
134201
134203
134204
134206
134207
134209
134210
134212
134213
134214
134216
134217
134219
134220
134221
134222
134223
134224
134225
134227
134228
134230
134231
134233
134234
134236
134237
134238
134240
134241
134243
134244
134245
134246
134247
134248
134249
134251
134252
134254
134255
134257
134258
134260
134261
134262
134264
134265
134267
134268
134269
134270
134271
134272
134273
134275
134276
134278
134279
134281
134282
134284
134285
134286
134288
134289
134291
134292
134293
134294
134295
134296
134297
134299
134300
134302
134303
134305
134306
134308
134309
134310
134312
134313
134315
134316
134317
134318
134319
134320
134321
134322
134323
134324
134326
134327
134329
134330
134332
134333
134334
134336
134337
134339
134340
134341
134342
134343
134344
134345
134346
134347
134348
134350
134351
134353
134354
134356
134357
134358
134359
134360
134361
134362
134364
134366
134367
134368
134369
134370
134371
134372
134373
134374
134375
134377
134378
134379
134380
134381
134382
134383
134384
134387
134388
134390
134391
134392
134393
134394
134395
134396
134397
134398
134399
134401
134402
134403
134405
134406
134408
134409
134410
134411
134412
134413
134414
134415
134416
134417
134419
134420
134422
134423
134425
134426
134428
134430
134431
134432
134433
134434
134435
134437
134438
134440
134441
134443
134444
134446
134447
134449
134450
134451
134453
134454
134455
134456
134457
134458
134460
134461
134462
134464
134465
134467
134468
134470
134471
134472
134474
134475
134477
134478
134479
134480
134481
134482
134483
134484
134485
134486
134488
134489
134491
134492
134494
134495
134496
134497
134498
134499
134500
134502
134505
134506
134507
134508
134509
134510
134511
134512
134513
134514
134515
134516
134517
134518
134519
134520
134521
134522
134525
134526
134527
134528
134529
134530
134531
134532
134533
134534
134536
134537
134539
134540
134542
134544
134545
134546
134547
134548
134549
134551
134552
134554
134555
134557
134558
134560
134561
134563
134564
134565
134567
134568
134569
134570
134571
134572
134573
134574
134575
134576
134578
134579
134581
134582
134584
134585
134586
134587
134588
134589
134590
134591
134592
134595
134596
134597
134599
134600
134601
134602
134603
134604
134605
134606
134607
134608
134609
134610
134611
134612
134615
134616
134617
134618
134619
134620
134621
134622
134623
134624
134626
134627
134629
134630
134632
134634
134635
134636
134637
134638
134639
134641
134642
134644
134645
134647
134648
134650
134651
134653
134654
134655
134657
134658
134659
134660
134661
134662
134664
134665
134666
134668
134669
134671
134672
134674
134675
134676
134677
134678
134679
134680
134681
134682
134685
134686
134687
134689
134690
134691
134692
134693
134694
134695
134696
134698
134699
134700
134701
134702
134705
134706
134707
134708
134709
134710
134712
134713
134714
134715
134716
134717
134719
134720
134722
134724
134725
134726
134727
134728
134729
134731
134732
134734
134735
134737
134738
134740
134741
134743
134744
134745
134747
134748
134749
134750
134751
134752
134753
134754
134755
134756
134758
134759
134761
134762
134764
134765
134766
134767
134769
134770
134771
134772
134775
134776
134777
134778
134779
134781
134782
134783
134785
134786
134788
134789
134790
134792
134793
134794
134795
134796
134797
134799
134800
134801
134802
134803
134804
134806
134807
134809
134810
134812
134813
134814
134816
134817
134818
134819
134820
134821
134822
134823
134824
134825
134827
134828
134829
134830
134831
134832
134833
134834
134836
134837
134838
134839
134840
134841
134843
134844
134845
134846
134847
134848
134850
134851
134852
134853
134854
134855
134857
134858
134860
134862
134863
134864
134865
134866
134867
134869
134870
134872
134873
134875
134876
134878
134879
134881
134882
134883
134885
134886
134887
134888
134889
134890
134892
134893
134894
134896
134897
134899
134900
134901
134902
134903
134904
134905
134907
134908
134909
134910
134911
134913
134914
134915
134916
134917
134919
134920
134921
134923
134924
134926
134927
134928
134930
134931
134932
134933
134934
134935
134937
134938
134939
134940
134941
134942
134944
134945
134947
134948
134950
134951
134952
134954
134955
134956
134957
134958
134959
134960
134961
134962
134963
134965
134966
134967
134968
134969
134971
134972
134974
134975
134976
134978
134979
134980
134981
134982
134983
134985
134986
134987
134989
134990
134992
134993
134995
134996
134998
134999
135000
135002
135003
135004
135005
135006
135007
135008
135009
135010
135011
135013
135014
135016
135017
135019
135020
135022
135023
135024
135026
135027
135028
135029
135030
135031
135033
135034
135035
135037
135038
135040
135041
135043
135044
135046
135047
135048
135050
135051
135052
135053
135054
135055
135057
135058
135059
135061
135062
135064
135065
135066
135067
135068
135070
135071
135072
135073
135074
135075
135077
135078
135079
135080
135081
135082
135084
135085
135086
135087
135088
135089
135091
135092
135094
135095
135097
135098
135099
135100
135101
135103
135104
135106
135107
135109
135110
135112
135113
135115
135116
135117
135118
135120
135121
135122
135123
135124
135126
135127
135128
135130
135131
135133
135134
135135
135136
135137
135138
135139
135141
135142
135143
135144
135145
135147
135148
135149
135150
135151
135153
135154
135155
135156
135157
135159
135160
135161
135162
135163
135165
135166
135167
135168
135170
135171
135172
135173
135174
135175
135176
135178
135179
135181
135182
135184
135185
135186
135187
135188
135190
135191
135193
135194
135196
135197
135199
135200
135202
135203
135204
135205
135207
135208
135209
135210
135211
135213
135214
135215
135217
135218
135220
135221
135222
135223
135224
135226
135227
135228
135229
135231
135232
135233
135234
135236
135237
135238
135239
135241
135242
135244
135245
135246
135248
135249
135250
135251
135252
135253
135255
135256
135257
135259
135260
135262
135263
135265
135266
135268
135269
135270
135272
135273
135274
135275
135276
135277
135279
135280
135281
135283
135284
135286
135287
135289
135290
135292
135293
135294
135296
135297
135298
135299
135300
135301
135303
135304
135305
135306
135307
135308
135310
135311
135313
135314
135316
135317
135318
135320
135321
135322
135323
135324
135325
135327
135328
135329
135331
135332
135333
135334
135335
135337
135338
135340
135341
135342
135344
135345
135346
135347
135348
135349
135351
135352
135353
135354
135355
135356
135358
135359
135361
135362
135364
135365
135366
135368
135369
135370
135371
135372
135373
135374
135375
135376
135377
135379
135380
135381
135382
135383
135384
135385
135387
135388
135389
135390
135391
135393
135394
135395
135396
135398
135399
135400
135401
135402
135403
135404
135406
135407
135408
135410
135411
135413
135414
135415
135416
135417
135418
135419
135421
135422
135424
135425
135427
135428
135430
135431
135432
135434
135435
135436
135437
135439
135440
135441
135442
135443
135444
135445
135447
135448
135449
135451
135452
135454
135455
135456
135457
135458
135460
135461
135462
135463
135465
135466
135467
135468
135470
135471
135472
135473
135475
135476
135478
135479
135480
135482
135483
135484
135485
135486
135487
135489
135490
135491
135492
135493
135494
135496
135497
135499
135500
135502
135503
135504
135506
135507
135508
135509
135510
135511
135512
135513
135514
135515
135517
135518
135519
135520
135521
135522
135523
135525
135526
135527
135528
135529
135531
135532
135533
135534
135537
135538
135539
135540
135541
135542
135544
135545
135546
135548
135549
135551
135552
135553
135554
135555
135556
135557
135559
135560
135561
135562
135563
135565
135566
135568
135569
135570
135572
135573
135574
135575
135577
135578
135579
135580
135581
135582
135583
135585
135586
135587
135589
135590
135591
135592
135593
135594
135595
135596
135599
135600
135601
135603
135604
135605
135606
135609
135610
135611
135612
135613
135615
135616
135617
135618
135619
135620
135621
135622
135624
135627
135628
135629
135630
135631
135632
135634
135635
135636
135638
135639
135641
135642
135643
135644
135645
135646
135647
135649
135650
135652
135653
135655
135656
135658
135659
135660
135662
135663
135664
135665
135667
135668
135669
135670
135671
135672
135673
135675
135676
135677
135679
135680
135682
135683
135684
135685
135686
135689
135690
135691
135692
135693
135694
135695
135696
135699
135700
135701
135702
135703
135705
135706
135707
135708
135709
135710
135711
135712
135714
135717
135718
135719
135720
135721
135722
135724
135725
135726
135728
135729
135731
135732
135733
135734
135735
135736
135737
135739
135740
135741
135742
135743
135745
135746
135748
135749
135750
135752
135753
135754
135755
135757
135758
135759
135760
135761
135762
135763
135765
135766
135767
135769
135770
135771
135772
135773
135774
135775
135776
135779
135780
135781
135782
135783
135784
135785
135786
135789
135790
135791
135792
135793
135795
135796
135798
135799
135800
135801
135802
135803
135804
135807
135808
135810
135811
135812
135814
135815
135816
135818
135819
135821
135822
135823
135824
135825
135826
135827
135829
135830
135831
135832
135833
135834
135835
135836
135838
135839
135840
135842
135843
135845
135846
135847
135848
135849
135850
135851
135853
135854
135856
135857
135859
135860
135862
135863
135864
135866
135867
135868
135869
135871
135872
135873
135874
135875
135876
135877
135879
135880
135881
135883
135884
135886
135887
135889
135890
135891
135893
135894
135896
135897
135898
135899
135900
135901
135902
135904
135905
135906
135907
135908
135909
135910
135911
135912
135913
135914
135917
135918
135919
135920
135921
135922
135924
135927
135928
135929
135930
135931
135932
135933
135934
135936
135937
135938
135939
135940
135941
135942
135943
135945
135946
135948
135949
135950
135952
135953
135954
135956
135957
135959
135960
135961
135962
135963
135964
135965
135967
135968
135969
135970
135971
135972
135973
135974
135976
135977
135978
135980
135981
135983
135984
135985
135986
135987
135988
135989
135991
135992
135993
135994
135995
135997
135998
136000
136001
136002
136004
136005
136007
136008
136009
136010
136011
136012
136013
136015
136016
136018
136019
136021
136022
136024
136025
136026
136028
136029
136031
136032
136033
136034
136035
136036
136037
136039
136040
136042
136043
136045
136046
136048
136049
136050
136052
136053
136055
136056
136057
136058
136059
136060
136061
136063
136064
136066
136067
136069
136070
136072
136073
136074
136076
136077
136079
136080
136081
136082
136083
136084
136085
136087
136088
136090
136091
136093
136094
136096
136097
136098
136100
136101
136103
136104
136105
136106
136107
136108
136109
136111
136112
136114
136115
136116
136117
136118
136120
136121
136122
136124
136125
136127
136128
136129
136130
136131
136132
136133
136135
136136
136137
136138
136139
136140
136141
136142
136143
136144
136145
136146
136148
136149
136150
136151
136152
136153
136155
136156
136158
136159
136160
136161
136163
136164
136165
136166
136167
136168
136170
136175
136176
136179
136180
136182
136183
136186
136187
136188
136190
136191
136192
136193
136195
136196
136197
136198
136200
136202
136204
136209
136210
136211
136212
136214
136215
136216
136217
136218
136219
136221
136222
136223
136224
136226
136227
136230
136233
136234
136241
136242
136243
136244
136245
136246
136247
136249
136255
136258
136259
136265
136266
136267
136268
136270
136271
136279
136280
136283
136306
136307
136309
136310
136311
136312
136313
136314
136317
136318
136319
136321
136322
136323
136326
136329
136334
136335
136336
136344
136346
136348
136349
136469
136470
136481
136490
136491
136499
136503
136518
136519
136520
136521
136534
136535
136537
136538
136540
136541
136542
136543
136544
136547
136548
136549
136551
136552
136555
136556
136562
136563
136564
136572
136574
136577
136634
136635
136636
136644
136646
136648
136649
136657
136658
136660
136661
136662
136663
136664
136665
136666
136667
136668
136669
136671
136675
136678
136680
136689
136690
136691
136692
136705
136706
136709
136710
136712
136713
136718
136719
136721
136751
136752
136765
136774
136775
136777
136781
136783
136784
136785
136787
136788
136797
136806
136807
136808
136809
136822
136823
136826
136827
136829
136830
136835
136836
136841
136891
136892
136893
136898
136899
136900
136901
136902
136904
136905
136912
136914
136939
136940
136941
136942
136943
136944
136945
136948
136949
136950
136951
136952
136954
136955
136982
136983
136996
137005
137006
137008
137009
137010
137011
137012
137013
137014
137016
137017
137018
137019
137023
137026
137029
137030
137031
137032
137033
137034
137036
137037
137038
137039
137043
137044
137046
137047
137050
137051
137057
137058
137064
137074
137075
137076
137081
137082
137084
137088
137089
137095
137102
137103
137104
137105
137106
137107
137110
137116
137117
137119
137146
137147
137148
137149
137150
137151
137152
137155
137156
137157
137158
137161
137162
137212
137213
137214
137215
137216
137217
137218
137220
137221
137222
137223
137224
137227
137231
137254
137255
137256
137261
137262
137263
137264
137268
137269
137275
137276
137282
137283
137289
137294
137299
137300
137301
137306
137307
137308
137309
137313
137314
137320
137321
137327
137328
137334
137339
137344
137345
137346
137347
137348
137349
137351
137353
137354
137358
137359
137361
137362
137366
137390
137391
137404
137416
137417
137418
137419
137420
137421
137424
137428
137430
137432
137434
137435
137436
137437
137438
137439
137441
137443
137444
137445
137446
137448
137451
137453
137457
137530
137531
137532
137533
137534
137535
137536
137538
137540
137541
137542
137543
137544
137546
137549
137550
137552
137556
137633
137634
137635
137647
137648
137660
137661
137662
137663
137674
137676
137678
137679
137680
137682
137683
137688
137689
137690
137693
137696
137705
137706
137707
137713
137714
137719
137720
137729
137730
137731
137737
137738
137744
137749
137750
137751
137752
137753
137755
137756
137758
137759
137760
137761
137763
137766
137769
137772
137824
137825
137826
137827
137828
137829
137830
137831
137832
137834
137835
137836
137838
137840
137842
137843
137845
137848
137849
137850
137855
137856
137857
137858
137862
137863
137869
137870
137873
137874
137876
137877
137882
137883
137917
137918
137920
137921
137922
137923
137924
137925
137926
137927
137928
137929
137930
137931
137935
137938
137940
137949
137950
137951
137952
137965
137966
137968
137969
137970
137971
137972
137973
137974
137977
137978
137979
137980
137983
137984
138008
138009
138023
138085
138086
138087
138088
138089
138090
138091
138094
138097
138098
138100
138102
138130
138131
138133
138134
138135
138136
138137
138139
138140
138144
138148
138149
138156
138157
138170
138183
138184
138185
138186
138199
138200
138202
138203
138204
138205
138206
138207
138208
138211
138214
138216
138217
138218
138224
138225
138238
138247
138248
138249
138250
138251
138252
138253
138254
138256
138257
138258
138259
138262
138266
138299
138300
138301
138302
138303
138304
138305
138313
138314
138316
138317
138319
138320
138321
138322
138323
138324
138325
138328
138329
138330
138331
138332
138334
138361
138362
138364
138365
138366
138367
138368
138369
138370
138372
138373
138374
138376
138377
138381
138383
138385
138392
138393
138394
138395
138396
138397
138398
138406
138407
138409
138410
138417
138418
138431
138539
138540
138541
138542
138553
138554
138560
138561
138562
138563
138564
138565
138566
138574
138575
138577
138578
138580
138581
138582
138583
138584
138585
138586
138587
138589
138590
138591
138592
138593
138595
138598
138602
138603
138605
138606
138611
138612
138641
138642
138651
138655
138664
138665
138666
138670
138671
138672
138674
138676
138678
138683
138685
138686
138687
138688
138689
138690
138691
138692
138693
138694
138696
138697
138698
138699
138700
138702
138704
138706
138710
138711
138713
138714
138719
138720
138722
138731
138732
138740
142946
142947
142948
142949
142950
142956
142957
142958
142959
142961
142962
142963
142964
142965
142966
142967
142968
142970
142971
142973
142974
142975
142976
142977
142979
142980
142981
142982
142983
142984
142985
142987
142989
142990
142991
142992
142994
142995
142997
142998
142999
143004
143006
143008
143009
143010
143011
143012
143013
143014
143015
143016
143017
143018
143019
143020
143021
143022
143027
143028
143029
143030
143032
143034
143039
143046
143047
143064
143065
143095
143096
143097
143098
143099
143100
143101
143102
143103
143105
143106
143107
143109
143110
143111
143113
143114
143115
143116
143117
143118
143120
143121
143122
143123
143125
143126
143128
143129
143130
143131
143132
143133
143134
143135
143136
143138
143139
143140
143142
143143
143144
143164
143165
143166
143167
143168
143169
143170
143171
143172
143174
143175
143176
143178
143179
143180
143182
143183
143184
143185
143186
143187
143189
143190
143191
143192
143193
143195
143196
143197
143199
143200
143201
143202
143203
143204
143205
143206
143207
143209
143210
143211
143213
143215
143216
143217
143222
143223
143224
143225
143228
143232
143233
143234
143235
143240
143242
143246
143251
143252
143253
143258
143259
143263
143300
143301
143302
143307
143308
143312
143319
143320
143332
143338
143339
143340
143341
143342
143343
143345
143347
143349
143372
143373
143374
143375
143377
143378
143385
143386
143388
143425
143426
143427
143431
143432
143434
143436
143455
143456
143457
143458
143459
143460
143461
143462
143463
143465
143466
143467
143468
143469
143471
143473
143474
143475
143476
143477
143478
143479
143480
143481
143483
143484
143485
143486
143487
143489
143491
143492
143493
143494
143495
143496
143497
143498
143500
143501
143502
143503
144104
144105
144199
144200
144201
144206
144207
144208
144211
151126
151127
151128
151129
151137
151138
151139
151140
151141
151142
151143
151144
151145
151146
151149
151150
151151
151152
151153
151154
151155
151156
151157
151158
151159
151160
151161
151162
151163
151164
151165
151166
151167
151168
151169
151170
151171
151172
151173
151174
151175
151176
151177
151178
151179
151180
151181
151182
151183
151184
151185
151186
151187
151188
151189
151190
151191
151192
151193
151194
151195
151196
151197
151198
151199
151200
151201
151202
151203
151204
151205
151206
151207
151208
151209
151210
151211
151212
151213
151214
151215
151218
151219
151220
151221
151223
151227
151228
151229
151230
151234
151235
151236
151245
151246
151248
151300
151301
151302
151303
151304
151307
151308
151309
151310
151311
151314
151315
151316
151319
151323
151324
151326
151348
151359
151360
151361
151362
151363
151364
151365
151366
151367
151368
151369
151370
151372
151373
151375
151376
151378
151379
151380
151381
151382
151383
151384
151385
151386
151387
151388
151390
151391
151393
151394
151396
151397
151398
151399
151400
151401
151402
151403
151404
151405
151406
151408
151409
151411
151412
151414
151415
151416
151417
151418
151419
151420
151421
151422
151423
151424
151426
151427
151429
151430
151432
151433
151434
151435
151436
151437
151438
151439
151440
151441
151442
151444
151445
151447
151448
151450
151451
151452
151453
151454
151455
151456
151457
151458
151459
151460
151462
151463
151465
151466
151468
151469
151470
151471
151472
151473
151474
151475
151476
151477
151478
151480
151481
151483
151484
151486
151487
151488
151489
151490
151491
151492
151493
151494
151496
151497
151499
151505
151516
151525
151536
151537
151538
151539
151540
151541
151542
151543
151544
151545
151546
151547
151549
151550
151552
151553
151555
151556
151557
151558
151559
151560
151561
151562
151563
151564
151565
151567
151568
151570
151571
151573
151574
151575
151576
151577
151578
151579
151580
151581
151582
151583
151585
151586
151588
151589
151591
151592
151593
151594
151595
151596
151597
151598
151599
151600
151601
151603
151604
151606
151607
151609
151610
151611
151612
151613
151614
151615
151616
151617
151618
151619
151621
151622
151624
151625
151627
151628
151629
151630
151631
151632
151633
151634
151635
151636
151637
151639
151640
151642
151643
151645
151646
151647
151648
151649
151650
151651
151652
151653
151654
151655
151657
151658
151660
151661
151663
151664
151665
151666
151667
151668
151669
151670
151671
151672
151673
151675
151676
151678
151679
151681
151682
151683
151684
151685
151686
151687
151688
151689
151690
151691
151693
151694
151696
151697
151699
151700
151701
151702
151703
151704
151705
151706
151707
151708
151709
151711
151712
151714
151715
151717
151718
151719
151720
151721
151722
151723
151724
151725
151726
151727
151729
151730
151732
151733
151735
151736
151737
151738
151739
151740
151741
151742
151743
151745
151746
151748
151754
151765
151774
151785
151786
151787
151788
151789
151790
151791
151792
151793
151794
151795
151796
151798
151799
151801
151802
151804
151805
151806
151807
151808
151809
151810
151811
151812
151813
151814
151816
151817
151819
151820
151822
151823
151824
151825
151826
151827
151828
151829
151830
151831
151832
151834
151835
151837
151838
151840
151841
151842
151843
151844
151845
151846
151847
151848
151849
151850
151852
151853
151855
151856
151858
151859
151860
151861
151862
151863
151864
151865
151866
151867
151868
151870
151871
151873
151874
151876
151877
151878
151879
151880
151881
151882
151883
151884
151885
151886
151888
151889
151891
151892
151894
151895
151896
151897
151898
151899
151900
151901
151902
151903
151904
151906
151907
151909
151910
151912
151913
151914
151915
151916
151917
151918
151919
151920
151921
151922
151924
151925
151927
151928
151930
151931
151932
151933
151934
151935
151936
151937
151938
151939
151940
151942
151943
151945
151946
151948
151949
151950
151951
151952
151953
151954
151955
151956
151957
151958
151960
151961
151963
151964
151966
151967
151968
151969
151970
151971
151972
151973
151974
151975
151976
151978
151979
151981
151982
151984
151985
151986
151987
151988
151989
151990
151991
151992
151993
151994
151996
151997
151999
152000
152002
152003
152004
152005
152006
152007
152008
152009
152010
152011
152012
152014
152015
152017
152018
152020
152021
152022
152023
152024
152025
152026
152027
152028
152030
152031
152033
152039
152050
152071
152072
152073
152074
152075
152076
152077
152078
152079
152080
152081
152083
152084
152086
152087
152089
152090
152091
152092
152093
152094
152095
152096
152097
152098
152099
152101
152102
152104
152105
152107
152108
152109
152110
152111
152112
152113
152114
152115
152116
152117
152119
152120
152122
152123
152125
152126
152127
152128
152129
152130
152131
152132
152133
152134
152135
152137
152138
152140
152141
152143
152144
152145
152146
152147
152148
152149
152150
152151
152152
152153
152155
152156
152158
152159
152161
152162
152163
152164
152165
152166
152167
152168
152169
152170
152171
152173
152174
152176
152177
152179
152180
152181
152182
152183
152184
152185
152186
152187
152188
152189
152191
152192
152194
152195
152197
152198
152199
152200
152201
152202
152203
152204
152205
152206
152207
152209
152210
152212
152213
152215
152216
152217
152218
152219
152220
152221
152222
152223
152224
152225
152227
152228
152230
152231
152233
152234
152235
152236
152237
152238
152239
152240
152241
152242
152243
152245
152246
152248
152249
152251
152252
152253
152254
152255
152256
152257
152258
152259
152260
152261
152263
152264
152266
152267
152269
152270
152271
152272
152273
152274
152275
152276
152277
152278
152279
152281
152282
152284
152285
152287
152288
152289
152290
152291
152292
152293
152294
152295
152296
152297
152299
152300
152302
152303
152305
152306
152307
152308
152309
152310
152311
152312
152313
152314
152315
152317
152318
152320
152321
152323
152324
152325
152326
152327
152328
152329
152330
152331
152332
152333
152335
152336
152338
152339
152341
152342
152343
152344
152345
152346
152347
152348
152349
152351
152352
152354
152395
152396
152397
152398
152399
152402
152403
152404
152405
152406
152407
152408
152409
152410
152411
152412
152413
152414
152415
152416
152417
152419
152420
152422
152423
152425
152426
152427
152428
152429
152430
152431
152432
152433
152434
152435
152437
152438
152440
152441
152443
152444
152445
152446
152447
152448
152449
152450
152451
152452
152453
152455
152456
152458
152459
152461
152462
152463
152464
152465
152466
152467
152468
152469
152470
152471
152473
152474
152476
152477
152479
152480
152481
152482
152483
152484
152485
152486
152487
152488
152489
152491
152492
152494
152495
152497
152498
152499
152500
152501
152502
152503
152504
152505
152506
152507
152509
152510
152512
152513
152515
152516
152517
152518
152519
152520
152521
152522
152523
152524
152525
152527
152528
152530
152531
152533
152534
152535
152536
152537
152538
152539
152540
152541
152542
152543
152545
152546
152548
152549
152551
152552
152553
152554
152555
152556
152557
152558
152559
152560
152561
152563
152564
152566
152567
152569
152570
152571
152572
152573
152574
152575
152576
152577
152578
152579
152581
152582
152584
152585
152587
152588
152589
152590
152591
152592
152593
152594
152595
152596
152597
152599
152600
152602
152603
152605
152606
152607
152608
152609
152610
152611
152612
152613
152614
152615
152617
152618
152620
152621
152623
152624
152625
152626
152627
152628
152629
152630
152631
152632
152633
152635
152636
152638
152639
152641
152642
152643
152644
152645
152646
152647
152648
152649
152650
152651
152653
152654
152656
152657
152659
152660
152661
152662
152663
152664
152665
152666
152667
152668
152669
152671
152672
152674
152675
152677
152678
152679
152680
152681
152682
152683
152684
152685
152686
152687
152689
152690
152692
152693
152695
152696
152697
152698
152699
152700
152701
152702
152703
152704
152705
152707
152708
152710
152711
152713
152714
152715
152716
152717
152718
152719
152720
152721
152723
152724
152726
152730
152731
152732
152735
152739
152740
152742
152776
152777
152778
152779
152780
152781
152782
152783
152784
152785
152786
152788
152789
152791
152792
152794
152795
152796
152797
152798
152799
152800
152801
152802
152803
152804
152806
152807
152809
152810
152812
152813
152814
152815
152816
152817
152818
152819
152820
152821
152822
152824
152825
152827
152828
152830
152831
152832
152833
152834
152835
152836
152837
152838
152839
152840
152842
152843
152845
152846
152848
152849
152850
152851
152852
152853
152854
152855
152856
152857
152858
152860
152861
152863
152864
152866
152867
152868
152869
152870
152871
152872
152873
152874
152875
152876
152878
152879
152881
152882
152884
152885
152886
152887
152888
152889
152890
152891
152892
152893
152894
152896
152897
152899
152900
152902
152903
152904
152905
152906
152907
152908
152909
152910
152911
152912
152914
152915
152917
152918
152920
152921
152922
152923
152924
152925
152926
152927
152928
152929
152930
152932
152933
152935
152936
152938
152939
152940
152941
152942
152943
152944
152945
152946
152947
152948
152950
152951
152953
152954
152956
152957
152958
152959
152960
152961
152962
152963
152964
152965
152966
152968
152969
152971
152972
152974
152975
152976
152977
152978
152979
152980
152981
152982
152983
152984
152986
152987
152989
152990
152992
152993
152994
152995
152996
152997
152998
152999
153000
153001
153002
153004
153005
153007
153008
153010
153011
153012
153013
153014
153015
153016
153017
153018
153019
153020
153022
153023
153025
153026
153028
153029
153030
153031
153032
153033
153034
153035
153036
153037
153038
153040
153041
153043
153044
153046
153047
153048
153049
153050
153051
153052
153053
153054
153055
153056
153058
153059
153061
153062
153064
153065
153066
153067
153068
153069
153070
153071
153072
153073
153074
153076
153077
153079
153080
153082
153083
153084
153085
153086
153087
153088
153089
153090
153092
153093
153095
153112
153113
153117
153118
153122
153123
153128
153129
153130
153131
153132
153133
153134
153135
153136
153137
153138
153139
153140
153142
153143
153145
153146
153148
153149
153150
153151
153152
153153
153154
153155
153156
153157
153158
153160
153161
153163
153164
153166
153167
153168
153169
153170
153171
153172
153173
153174
153175
153176
153178
153179
153181
153182
153184
153185
153186
153187
153188
153189
153190
153191
153192
153193
153194
153196
153197
153199
153200
153202
153203
153204
153205
153206
153207
153208
153209
153210
153211
153212
153214
153215
153217
153218
153220
153221
153222
153223
153224
153225
153226
153227
153228
153229
153230
153232
153233
153235
153236
153238
153239
153240
153241
153242
153243
153244
153245
153246
153247
153248
153250
153251
153253
153254
153256
153257
153258
153259
153260
153261
153262
153263
153264
153265
153266
153268
153269
153271
153272
153274
153275
153276
153277
153278
153279
153280
153281
153282
153283
153284
153286
153287
153289
153290
153292
153293
153294
153295
153296
153297
153298
153299
153300
153301
153302
153304
153305
153307
153308
153310
153311
153312
153313
153314
153315
153316
153317
153318
153319
153320
153322
153323
153325
153326
153328
153329
153330
153331
153332
153333
153334
153335
153336
153337
153338
153340
153341
153343
153344
153346
153347
153348
153349
153350
153351
153352
153353
153354
153355
153356
153358
153359
153361
153362
153364
153365
153366
153367
153368
153369
153370
153371
153372
153373
153374
153376
153377
153379
153380
153382
153383
153384
153385
153386
153387
153388
153389
153390
153391
153392
153394
153395
153397
153398
153400
153401
153402
153403
153404
153405
153406
153407
153408
153409
153410
153412
153413
153415
153416
153418
153419
153420
153421
153422
153423
153424
153425
153426
153427
153428
153430
153431
153433
153434
153436
153437
153438
153439
153440
153441
153442
153443
153444
153445
153446
153448
153449
153451
153452
153454
153455
153456
153457
153458
153459
153460
153461
153462
153463
153464
153466
153467
153469
153470
153472
153473
153474
153475
153476
153477
153478
153479
153480
153482
153483
153485
153490
153495
153500
153501
153529
153530
153531
153532
153533
153534
153537
153538
153539
153540
153541
153542
153543
153544
153545
153546
153547
153548
153549
153550
153551
153552
153553
153554
153556
153557
153559
153560
153562
153563
153564
153565
153566
153567
153568
153569
153570
153571
153572
153574
153575
153577
153578
153580
153581
153582
153583
153584
153585
153586
153587
153588
153589
153590
153592
153593
153595
153596
153598
153599
153600
153601
153602
153603
153604
153605
153606
153607
153608
153610
153611
153613
153614
153616
153617
153618
153619
153620
153621
153622
153623
153624
153625
153626
153628
153629
153631
153632
153634
153635
153636
153637
153638
153639
153640
153641
153642
153643
153644
153646
153647
153649
153650
153652
153653
153654
153655
153656
153657
153658
153659
153660
153661
153662
153664
153665
153667
153668
153670
153671
153672
153673
153674
153675
153676
153677
153678
153679
153680
153682
153683
153685
153686
153688
153689
153690
153691
153692
153693
153694
153695
153696
153697
153698
153700
153701
153703
153704
153706
153707
153708
153709
153710
153711
153712
153713
153714
153715
153716
153718
153719
153721
153722
153724
153725
153726
153727
153728
153729
153730
153731
153732
153733
153734
153736
153737
153739
153740
153742
153743
153744
153745
153746
153747
153748
153749
153750
153751
153752
153754
153755
153757
153758
153760
153761
153762
153763
153764
153765
153766
153767
153768
153769
153770
153772
153773
153775
153776
153778
153779
153780
153781
153782
153783
153784
153785
153786
153787
153788
153790
153791
153793
153794
153796
153797
153798
153799
153800
153801
153802
153803
153804
153805
153806
153808
153809
153811
153812
153814
153815
153816
153817
153818
153819
153820
153821
153822
153823
153824
153826
153827
153829
153830
153832
153833
153834
153835
153836
153837
153838
153839
153840
153841
153842
153844
153845
153847
153848
153850
153851
153852
153853
153854
153855
153856
153857
153858
153859
153860
153862
153863
153865
153866
153868
153869
153870
153871
153872
153873
153874
153875
153876
153877
153878
153880
153881
153883
153884
153886
153887
153888
153889
153890
153891
153892
153893
153894
153896
153897
153899
153903
153904
153905
153907
153909
153913
153914
153915
153917
153918
153961
153962
153963
153964
153965
153966
153967
153968
153969
153970
153971
153972
153973
153974
153975
153976
153977
153978
153979
153980
153981
153982
153983
153985
153986
153988
153989
153991
153992
153993
153994
153995
153996
153997
153998
153999
154000
154001
154003
154004
154006
154007
154009
154010
154011
154012
154013
154014
154015
154016
154017
154018
154019
154021
154022
154024
154025
154027
154028
154029
154030
154031
154032
154033
154034
154035
154036
154037
154039
154040
154042
154043
154045
154046
154047
154048
154049
154050
154051
154052
154053
154054
154055
154057
154058
154060
154061
154063
154064
154065
154066
154067
154068
154069
154070
154071
154072
154073
154075
154076
154078
154079
154081
154082
154083
154084
154085
154086
154087
154088
154089
154090
154091
154093
154094
154096
154097
154099
154100
154101
154102
154103
154104
154105
154106
154107
154108
154109
154111
154112
154114
154115
154117
154118
154119
154120
154121
154122
154123
154124
154125
154126
154127
154129
154130
154132
154133
154135
154136
154137
154138
154139
154140
154141
154142
154143
154144
154145
154147
154148
154150
154151
154153
154154
154155
154156
154157
154158
154159
154160
154161
154162
154163
154165
154166
154168
154169
154171
154172
154173
154174
154175
154176
154177
154178
154179
154180
154181
154183
154184
154186
154187
154189
154190
154191
154192
154193
154194
154195
154196
154197
154198
154199
154201
154202
154204
154205
154207
154208
154209
154210
154211
154212
154213
154214
154215
154216
154217
154219
154220
154222
154223
154225
154226
154227
154228
154229
154230
154231
154232
154233
154234
154235
154237
154238
154240
154241
154243
154244
154245
154246
154247
154248
154249
154250
154251
154252
154253
154255
154256
154258
154259
154261
154262
154263
154264
154265
154266
154267
154268
154269
154270
154271
154273
154274
154276
154277
154279
154280
154281
154282
154283
154284
154285
154286
154287
154288
154289
154291
154292
154294
154295
154297
154298
154299
154300
154301
154302
154303
154304
154305
154306
154307
154309
154310
154312
154313
154315
154316
154317
154318
154319
154320
154321
154322
154323
154325
154326
154328
154330
154331
154332
154333
154334
154336
154337
154338
154340
154341
154342
154344
154381
154382
154383
154384
154385
154386
154387
154388
154389
154390
154391
154393
154394
154396
154397
154399
154400
154401
154402
154403
154404
154405
154406
154407
154408
154409
154411
154412
154414
154415
154417
154418
154419
154420
154421
154422
154423
154424
154425
154426
154427
154429
154430
154432
154433
154435
154436
154437
154438
154439
154440
154441
154442
154443
154444
154445
154447
154448
154450
154451
154453
154454
154455
154456
154457
154458
154459
154460
154461
154462
154463
154465
154466
154468
154469
154471
154472
154473
154474
154475
154476
154477
154478
154479
154480
154481
154483
154484
154486
154487
154489
154490
154491
154492
154493
154494
154495
154496
154497
154498
154499
154501
154502
154504
154505
154507
154508
154509
154510
154511
154512
154513
154514
154515
154516
154517
154519
154520
154522
154523
154525
154526
154527
154528
154529
154530
154531
154532
154533
154534
154535
154537
154538
154540
154541
154543
154544
154545
154546
154547
154548
154549
154550
154551
154552
154553
154555
154556
154558
154559
154561
154562
154563
154564
154565
154566
154567
154568
154569
154570
154571
154573
154574
154576
154577
154579
154580
154581
154582
154583
154584
154585
154586
154587
154588
154589
154591
154592
154594
154595
154597
154598
154599
154600
154601
154602
154603
154604
154605
154606
154607
154609
154610
154612
154613
154615
154616
154617
154618
154619
154620
154621
154622
154623
154624
154625
154627
154628
154630
154631
154633
154634
154635
154636
154637
154638
154639
154640
154641
154642
154643
154645
154646
154648
154649
154651
154652
154653
154654
154655
154656
154657
154658
154659
154660
154661
154663
154664
154666
154667
154669
154670
154671
154672
154673
154674
154675
154676
154677
154678
154679
154681
154682
154684
154685
154687
154688
154689
154690
154691
154692
154693
154694
154695
154696
154697
154699
154700
154702
154703
154705
154706
154707
154708
154709
154710
154711
154712
154713
154714
154715
154717
154718
154720
154721
154723
154724
154725
154726
154727
154728
154729
154730
154731
154733
154734
154736
154771
154772
154773
154774
154775
154776
154777
154778
154779
154780
154781
154783
154784
154786
154787
154789
154790
154791
154792
154793
154794
154795
154796
154797
154798
154799
154801
154802
154804
154805
154807
154808
154809
154810
154811
154812
154813
154814
154815
154816
154817
154819
154820
154822
154823
154825
154826
154827
154828
154829
154830
154831
154832
154833
154834
154835
154837
154838
154840
154841
154843
154844
154845
154846
154847
154848
154849
154850
154851
154852
154853
154855
154856
154858
154859
154861
154862
154863
154864
154865
154866
154867
154868
154869
154870
154871
154873
154874
154876
154877
154879
154880
154881
154882
154883
154884
154885
154886
154887
154888
154889
154891
154892
154894
154895
154897
154898
154899
154900
154901
154902
154903
154904
154905
154906
154907
154909
154910
154912
154913
154915
154916
154917
154918
154919
154920
154921
154922
154923
154924
154925
154927
154928
154930
154931
154933
154934
154935
154936
154937
154938
154939
154940
154941
154942
154943
154945
154946
154948
154949
154951
154952
154953
154954
154955
154956
154957
154958
154959
154960
154961
154963
154964
154966
154967
154969
154970
154971
154972
154973
154974
154975
154976
154977
154978
154979
154981
154982
154984
154985
154987
154988
154989
154990
154991
154992
154993
154994
154995
154996
154997
154999
155000
155002
155003
155005
155006
155007
155008
155009
155010
155011
155012
155013
155014
155015
155017
155018
155020
155021
155023
155024
155025
155026
155027
155028
155029
155030
155031
155032
155033
155035
155036
155038
155039
155041
155042
155043
155044
155045
155046
155047
155048
155049
155050
155051
155053
155054
155056
155057
155059
155060
155061
155062
155063
155064
155065
155066
155067
155068
155069
155071
155072
155074
155075
155077
155078
155079
155080
155081
155082
155083
155084
155085
155086
155087
155089
155090
155092
155093
155095
155096
155097
155098
155099
155100
155101
155102
155103
155104
155105
155107
155108
155110
155111
155113
155114
155115
155116
155117
155118
155119
155120
155121
155123
155124
155126
155164
155165
155166
155167
155168
155169
155170
155171
155172
155173
155174
155175
155176
155177
155178
155179
155180
155181
155182
155183
155184
155185
155186
155187
155188
155189
155191
155192
155194
155195
155197
155198
155199
155200
155201
155202
155203
155204
155205
155206
155207
155209
155210
155212
155213
155215
155216
155217
155218
155219
155220
155221
155222
155223
155224
155225
155227
155228
155230
155231
155233
155234
155235
155236
155237
155238
155239
155240
155241
155242
155243
155245
155246
155248
155249
155251
155252
155253
155254
155255
155256
155257
155258
155259
155260
155261
155263
155264
155266
155267
155269
155270
155271
155272
155273
155274
155275
155276
155277
155278
155279
155281
155282
155284
155285
155287
155288
155289
155290
155291
155292
155293
155294
155295
155296
155297
155299
155300
155302
155303
155305
155306
155307
155308
155309
155310
155311
155312
155313
155314
155315
155317
155318
155320
155321
155323
155324
155325
155326
155327
155328
155329
155330
155331
155332
155333
155335
155336
155338
155339
155341
155342
155343
155344
155345
155346
155347
155348
155349
155350
155351
155353
155354
155356
155357
155359
155360
155361
155362
155363
155364
155365
155366
155367
155368
155369
155371
155372
155374
155375
155377
155378
155379
155380
155381
155382
155383
155384
155385
155386
155387
155389
155390
155392
155393
155395
155396
155397
155398
155399
155400
155401
155402
155403
155404
155405
155407
155408
155410
155411
155413
155414
155415
155416
155417
155418
155419
155420
155421
155422
155423
155425
155426
155428
155429
155431
155432
155433
155434
155435
155436
155437
155438
155439
155440
155441
155443
155444
155446
155447
155449
155450
155451
155452
155453
155454
155455
155456
155457
155458
155459
155461
155462
155464
155465
155467
155468
155469
155470
155471
155472
155473
155474
155475
155476
155477
155479
155480
155482
155483
155485
155486
155487
155488
155489
155490
155491
155492
155493
155494
155495
155497
155498
155500
155501
155503
155504
155505
155506
155507
155508
155509
155510
155511
155512
155513
155515
155516
155518
155519
155521
155522
155523
155524
155525
155526
155527
155528
155529
155531
155532
155534
155536
155537
155538
155539
155540
155542
155543
155544
155545
155547
155548
155549
155550
155552
155553
155593
155594
155597
155598
155599
155601
155602
155606
155607
155608
155609
155610
155611
155612
155613
155614
155615
155616
155617
155618
155620
155621
155623
155624
155626
155627
155628
155629
155630
155631
155632
155633
155634
155635
155636
155638
155639
155641
155642
155644
155645
155646
155647
155648
155649
155650
155651
155652
155653
155654
155656
155657
155659
155660
155662
155663
155664
155665
155666
155667
155668
155669
155670
155671
155672
155674
155675
155677
155678
155680
155681
155682
155683
155684
155685
155686
155687
155688
155689
155690
155692
155693
155695
155696
155698
155699
155700
155701
155702
155703
155704
155705
155706
155707
155708
155710
155711
155713
155714
155716
155717
155718
155719
155720
155721
155722
155723
155724
155725
155726
155728
155729
155731
155732
155734
155735
155736
155737
155738
155739
155740
155741
155742
155743
155744
155746
155747
155749
155750
155752
155753
155754
155755
155756
155757
155758
155759
155760
155761
155762
155764
155765
155767
155768
155770
155771
155772
155773
155774
155775
155776
155777
155778
155779
155780
155782
155783
155785
155786
155788
155789
155790
155791
155792
155793
155794
155795
155796
155797
155798
155800
155801
155803
155804
155806
155807
155808
155809
155810
155811
155812
155813
155814
155815
155816
155818
155819
155821
155822
155824
155825
155826
155827
155828
155829
155830
155831
155832
155833
155834
155836
155837
155839
155840
155842
155843
155844
155845
155846
155847
155848
155849
155850
155851
155852
155854
155855
155857
155858
155860
155861
155862
155863
155864
155865
155866
155867
155868
155869
155870
155872
155873
155875
155876
155878
155879
155880
155881
155882
155883
155884
155885
155886
155887
155888
155890
155891
155893
155894
155896
155897
155898
155899
155900
155901
155902
155903
155904
155905
155906
155908
155909
155911
155912
155914
155915
155916
155917
155918
155919
155920
155921
155922
155923
155924
155926
155927
155929
155930
155932
155933
155934
155935
155936
155937
155938
155939
155940
155941
155942
155944
155945
155947
155948
155950
155951
155952
155953
155954
155955
155956
155957
155958
155960
155961
155963
155966
155968
155972
155973
155976
155978
155979
156001
156002
156006
156011
156012
156018
156019
156020
156021
156022
156023
156024
156025
156026
156027
156028
156030
156032
156034
156035
156036
156037
156038
156039
156040
156041
156042
156043
156044
156046
156047
156049
156050
156052
156053
156054
156055
156056
156057
156058
156059
156060
156061
156062
156064
156065
156067
156068
156070
156071
156072
156073
156074
156075
156076
156077
156078
156079
156080
156082
156083
156085
156086
156088
156089
156090
156091
156092
156093
156094
156095
156096
156097
156098
156100
156101
156103
156104
156106
156107
156108
156109
156110
156111
156112
156113
156114
156115
156116
156118
156119
156121
156122
156124
156125
156126
156127
156128
156129
156130
156131
156132
156133
156134
156136
156137
156139
156140
156142
156143
156144
156145
156146
156147
156148
156149
156150
156151
156152
156154
156155
156157
156158
156160
156161
156162
156163
156164
156165
156166
156167
156168
156169
156170
156172
156173
156175
156176
156178
156179
156180
156181
156182
156183
156184
156185
156186
156187
156188
156190
156191
156193
156194
156196
156197
156198
156199
156200
156201
156202
156203
156204
156205
156206
156208
156209
156211
156212
156214
156215
156216
156217
156218
156219
156220
156221
156222
156223
156224
156226
156227
156229
156230
156232
156233
156234
156235
156236
156237
156238
156239
156240
156241
156242
156244
156245
156247
156248
156250
156251
156252
156253
156254
156255
156256
156257
156258
156259
156260
156262
156263
156265
156266
156268
156269
156270
156271
156272
156273
156274
156275
156276
156277
156278
156280
156281
156283
156284
156286
156287
156288
156289
156290
156291
156292
156293
156294
156295
156296
156298
156299
156301
156302
156304
156305
156306
156307
156308
156309
156310
156311
156312
156313
156314
156316
156317
156319
156320
156322
156323
156324
156325
156326
156327
156328
156329
156330
156331
156332
156334
156335
156337
156338
156340
156341
156342
156343
156344
156345
156346
156347
156348
156349
156350
156352
156353
156355
156356
156358
156359
156360
156361
156362
156363
156364
156365
156367
156373
156378
156384
156403
156404
156405
156406
156407
156408
156409
156410
156411
156412
156413
156415
156416
156418
156419
156421
156422
156423
156424
156425
156426
156427
156428
156429
156430
156431
156433
156434
156436
156437
156439
156440
156441
156442
156443
156444
156445
156446
156447
156448
156449
156451
156452
156454
156455
156457
156458
156459
156460
156461
156462
156463
156464
156465
156466
156467
156469
156470
156472
156473
156475
156476
156477
156478
156479
156480
156481
156482
156483
156484
156485
156487
156488
156490
156491
156493
156494
156495
156496
156497
156498
156499
156500
156501
156502
156503
156505
156506
156508
156509
156511
156512
156513
156514
156515
156516
156517
156518
156519
156520
156521
156523
156524
156526
156527
156529
156530
156531
156532
156533
156534
156535
156536
156537
156538
156539
156541
156542
156544
156545
156547
156548
156549
156550
156551
156552
156553
156554
156555
156556
156557
156559
156560
156562
156563
156565
156566
156567
156568
156569
156570
156571
156572
156573
156574
156575
156577
156578
156580
156581
156583
156584
156585
156586
156587
156588
156589
156590
156591
156592
156593
156595
156596
156598
156599
156601
156602
156603
156604
156605
156606
156607
156608
156609
156610
156611
156613
156614
156616
156617
156619
156620
156621
156622
156623
156624
156625
156626
156627
156628
156629
156631
156632
156634
156635
156637
156638
156639
156640
156641
156642
156643
156644
156645
156646
156647
156649
156650
156652
156653
156655
156656
156657
156658
156659
156660
156661
156662
156663
156664
156665
156667
156668
156670
156671
156673
156674
156675
156676
156677
156678
156679
156680
156681
156682
156683
156685
156686
156688
156689
156691
156692
156693
156694
156695
156696
156697
156698
156699
156700
156701
156703
156704
156706
156707
156709
156710
156711
156712
156713
156714
156715
156716
156717
156719
156720
156722
156757
156758
156761
156763
156765
156766
156771
156772
156773
156774
156775
156776
156777
156778
156779
156780
156781
156783
156785
156787
156788
156789
156790
156791
156792
156793
156794
156795
156796
156797
156799
156800
156802
156803
156805
156806
156807
156808
156809
156810
156811
156812
156813
156814
156815
156817
156818
156820
156821
156823
156824
156825
156826
156827
156828
156829
156830
156831
156832
156833
156835
156836
156838
156839
156841
156842
156843
156844
156845
156846
156847
156848
156849
156850
156851
156853
156854
156856
156857
156859
156860
156861
156862
156863
156864
156865
156866
156867
156868
156869
156871
156872
156874
156875
156877
156878
156879
156880
156881
156882
156883
156884
156885
156886
156887
156889
156890
156892
156893
156895
156896
156897
156898
156899
156900
156901
156902
156903
156904
156905
156907
156908
156910
156911
156913
156914
156915
156916
156917
156918
156919
156920
156921
156922
156923
156925
156926
156928
156929
156931
156932
156933
156934
156935
156936
156937
156938
156939
156940
156941
156943
156944
156946
156947
156949
156950
156951
156952
156953
156954
156955
156956
156957
156958
156959
156961
156962
156964
156965
156967
156968
156969
156970
156971
156972
156973
156974
156975
156976
156977
156979
156980
156982
156983
156985
156986
156987
156988
156989
156990
156991
156992
156993
156994
156995
156997
156998
157000
157001
157003
157004
157005
157006
157007
157008
157009
157010
157011
157012
157013
157015
157016
157018
157019
157021
157022
157023
157024
157025
157026
157027
157028
157029
157030
157031
157033
157034
157036
157037
157039
157040
157041
157042
157043
157044
157045
157046
157047
157048
157049
157051
157052
157054
157055
157057
157058
157059
157060
157061
157062
157063
157064
157065
157066
157067
157069
157070
157072
157073
157075
157076
157077
157078
157079
157080
157081
157082
157084
157088
157090
157094
157095
157098
157101
157135
157136
157137
157138
157139
157140
157141
157142
157143
157144
157146
157148
157150
157151
157152
157153
157154
157155
157156
157157
157158
157159
157160
157162
157163
157165
157166
157168
157169
157170
157171
157172
157173
157174
157175
157176
157177
157178
157180
157181
157183
157184
157186
157187
157188
157189
157190
157191
157192
157193
157194
157195
157196
157198
157199
157201
157202
157204
157205
157206
157207
157208
157209
157210
157211
157212
157213
157214
157216
157217
157219
157220
157222
157223
157224
157225
157226
157227
157228
157229
157230
157231
157232
157234
157235
157237
157238
157240
157241
157242
157243
157244
157245
157246
157247
157248
157249
157250
157252
157253
157255
157256
157258
157259
157260
157261
157262
157263
157264
157265
157266
157267
157268
157270
157271
157273
157274
157276
157277
157278
157279
157280
157281
157282
157283
157284
157285
157286
157288
157289
157291
157292
157294
157295
157296
157297
157298
157299
157300
157301
157302
157303
157304
157306
157307
157309
157310
157312
157313
157314
157315
157316
157317
157318
157319
157320
157321
157322
157324
157325
157327
157328
157330
157331
157332
157333
157334
157335
157336
157337
157338
157339
157340
157342
157343
157345
157346
157348
157349
157350
157351
157352
157353
157354
157355
157356
157357
157358
157360
157361
157363
157364
157366
157367
157368
157369
157370
157371
157372
157373
157374
157375
157376
157378
157379
157381
157382
157384
157385
157386
157387
157388
157389
157390
157391
157392
157393
157394
157396
157397
157399
157400
157402
157403
157404
157405
157406
157407
157408
157409
157411
157430
157440
157447
157448
157449
157450
157451
157452
157453
157454
157455
157456
157458
157460
157462
157463
157464
157465
157466
157467
157468
157469
157470
157471
157472
157474
157475
157477
157478
157480
157481
157482
157483
157484
157485
157486
157487
157488
157489
157490
157492
157493
157495
157496
157498
157499
157500
157501
157502
157503
157504
157505
157506
157507
157508
157510
157511
157513
157514
157516
157517
157518
157519
157520
157521
157522
157523
157524
157525
157526
157528
157529
157531
157532
157534
157535
157536
157537
157538
157539
157540
157541
157542
157543
157544
157546
157547
157549
157550
157552
157553
157554
157555
157556
157557
157558
157559
157560
157561
157562
157564
157565
157567
157568
157570
157571
157572
157573
157574
157575
157576
157577
157578
157579
157580
157582
157583
157585
157586
157588
157589
157590
157591
157592
157593
157594
157595
157596
157597
157598
157600
157601
157603
157604
157606
157607
157608
157609
157610
157611
157612
157613
157614
157615
157616
157618
157619
157621
157622
157624
157625
157626
157627
157628
157629
157630
157631
157632
157633
157634
157636
157637
157639
157640
157642
157643
157644
157645
157646
157647
157648
157649
157650
157651
157652
157654
157655
157657
157658
157660
157661
157662
157663
157664
157665
157666
157667
157668
157669
157670
157672
157673
157675
157676
157678
157679
157680
157681
157682
157683
157684
157685
157687
157709
157719
157726
157727
157728
157729
157730
157731
157732
157733
157734
157735
157737
157739
157741
157742
157743
157744
157745
157746
157747
157748
157749
157750
157752
157754
157756
157757
157758
157759
157760
157761
157762
157763
157764
157765
157766
157768
157769
157771
157772
157774
157775
157776
157777
157778
157779
157780
157781
157782
157783
157784
157786
157787
157789
157790
157792
157793
157794
157795
157796
157797
157798
157799
157800
157801
157802
157804
157805
157807
157808
157810
157811
157812
157813
157814
157815
157816
157817
157818
157819
157820
157822
157823
157825
157826
157828
157829
157830
157831
157832
157833
157834
157835
157836
157837
157838
157840
157841
157843
157844
157846
157847
157848
157849
157850
157851
157852
157853
157854
157855
157856
157858
157859
157861
157862
157864
157865
157866
157867
157868
157869
157870
157871
157872
157873
157874
157876
157877
157879
157880
157882
157883
157884
157885
157886
157887
157888
157889
157890
157891
157892
157894
157895
157897
157898
157900
157901
157902
157903
157904
157905
157906
157907
157908
157909
157911
157913
157915
157916
157917
157918
157919
157920
157921
157922
157924
157946
157956
157963
157964
157965
157966
157967
157968
157969
157970
157971
157972
157974
157976
157978
157979
157980
157981
157982
157983
157984
157985
157986
157987
157989
157991
157993
157994
157995
157996
157997
157998
157999
158000
158001
158002
158004
158006
158008
158009
158010
158011
158012
158013
158014
158015
158016
158017
158019
158021
158023
158024
158025
158026
158027
158028
158029
158030
158031
158032
158034
158036
158038
158039
158040
158041
158042
158043
158044
158045
158046
158047
158049
158051
158053
158054
158055
158056
158057
158058
158059
158060
158061
158062
158064
158066
158068
158069
158070
158071
158072
158073
158074
158075
158077
158116
158117
158120
158122
158124
158125
158130
158132
158134
158138
158139
158142
158145
158198
158204
158207
158208
158215
158216
158219
158220
158222
158224
158225
158226
158230
158232
158233
158234
158235
158236
158237
158238
158240
158241
158242
158243
158244
158245
158247
158248
158250
158251
158252
158253
158254
158255
158256
158258
158259
158260
158261
158262
158263
158265
158266
158268
158269
158270
158271
158272
158273
158274
158276
158277
158278
158279
158280
158281
158283
158284
158286
158287
158288
158289
158290
158291
158292
158294
158295
158296
158297
158298
158299
158301
158302
158304
158306
158308
158312
158313
158315
158316
158319
158324
158330
158334
158632
158633
158634
158635
158636
158644
158645
158646
158647
158648
158649
158650
158651
158652
158653
158654
158655
158659
158660
158661
158662
158663
158664
158665
158667
158668
158669
158670
158671
158672
158673
158675
158676
158677
158678
158679
158680
158682
158683
158685
158686
158687
158688
158689
158690
158691
158693
158694
158695
158696
158697
158698
158700
158701
158703
158704
158705
158706
158707
158708
158709
158711
158712
158713
158714
158715
158716
158718
158719
158721
158722
158723
158724
158725
158726
158727
158729
158730
158731
158732
158733
158734
158736
158737
158739
158742
158743
158744
158745
158746
158748
158752
158754
158755
158756
158757
158761
158762
158763
158765
158773
158774
158775
158777
158778
158833
158834
158835
158836
158837
158838
158839
158842
158843
158844
158845
158846
158847
158848
158849
158850
158851
158852
158853
158854
158855
158858
158859
158860
158861
158862
158863
158865
158868
158870
158876
158879
158880
158978
158987
158988
158996
159002
159005
159006
159013
159014
159015
159016
159017
159018
159020
159021
159022
159023
159024
159025
159027
159028
159030
159033
159034
159035
159037
159039
159043
159044
159045
159047
159048
159073
159074
159075
159088
159089
159090
159091
159092
159093
159094
159095
159098
159099
159100
159101
159102
159103
159104
159105
159108
159110
159116
159120
159296
159302
159305
159306
159313
159314
159315
159316
159317
159318
159319
159320
159321
159322
159324
159325
159327
159328
159329
159330
159335
159347
159348
159358
159359
159360
159373
159374
159375
159377
159379
159383
159384
159386
159387
159390
159599
159608
159609
159616
159617
159620
159621
159623
159625
159627
159631
159633
159638
159650
159651
159661
159662
159663
159676
159677
159678
159680
159682
159686
159687
159690
159692
159693
159949
159950
159953
159954
159955
159956
159958
159960
159964
159965
159966
159971
159983
159984
160009
160010
160011
160012
160013
160016
160017
160018
160019
160020
160021
160022
160023
160026
160292
160301
160302
160309
160310
160311
160312
160313
160315
160316
160317
160318
160320
160321
160323
160325
160326
160363
160364
160365
160366
160367
160368
160369
160372
160373
160374
160375
160376
160377
160378
160379
160380
160384
160389
160395
160675
160676
160679
160680
160684
160685
160686
160690
160692
160695
160696
160697
160699
160701
160705
160706
160707
160709
160710
160744
160745
160746
160747
160748
160751
160752
160753
160755
160756
160757
160758
160761
161068
161069
161070
161071
161072
161074
161075
161076
161077
161079
161080
161082
161084
161085
161101
161102
161106
161107
161108
161112
161113
161114
161119
161120
161121
161125
161130
161135
161136
161446
161447
161450
161451
161452
161455
161456
161457
161461
161462
161463
161467
161472
161477
161478
161503
161504
161505
161506
161507
161509
161512
161513
161514
161515
161516
161517
161519
161520
161846
161855
161856
161865
161866
161867
161869
161871
161875
161876
161877
161879
161880
161917
161918
161919
161920
161921
161923
161924
161925
161926
161928
161929
161930
161931
161933
161934
162271
162272
162273
162274
162275
162277
162278
162279
162280
162282
162283
162284
162285
162287
162288
162322
162323
162324
162325
162326
162328
162329
162330
162331
162333
162334
162335
162336
162338
162339
162676
162677
162678
162679
162680
162682
162683
162684
162685
162687
162688
162689
162690
162692
162693
162727
162728
162729
162730
162731
162733
162734
162735
162736
162738
162739
162740
162741
162743
162744
163081
163082
163083
163084
163085
163087
163088
163089
163090
163092
163093
163094
163095
163097
163098
163132
163133
163134
163135
163136
163138
163139
163140
163141
163143
163144
163145
163146
163148
163149
163486
163487
163488
163489
163490
163492
163493
163494
163495
163497
163498
163499
163500
163502
163503
163537
163538
163541
163542
163543
163544
163546
163548
163552
163553
163554
163558
163568
163569
163883
163884
163885
163894
163895
163896
163898
163900
163904
163905
163908
163910
163911
163930
163931
163935
163936
163941
163942
163943
163948
163950
163954
163959
163964
163965
164275
164276
164279
164280
164281
164284
164285
164286
164290
164291
164292
164296
164301
164307
164329
164330
164331
164332
164333
164335
164336
164337
164338
164340
164341
164342
164343
164345
164346
164653
164654
164655
164656
164657
164659
164660
164661
164662
164664
164665
164666
164667
164669
164670
164701
164702
164705
164706
164708
164710
164711
164712
164716
164718
164722
164727
164732
164733
165013
165014
165017
165018
165019
165022
165023
165024
165028
165029
165030
165032
165034
165038
165039
165042
165045
165079
165080
165081
165082
165083
165084
165085
165086
165087
165088
165090
165091
165093
165094
165095
165096
165100
165110
165111
165365
165366
165367
165376
165377
165378
165379
165380
165381
165382
165383
165386
165387
165388
165390
165391
165392
165393
165396
165413
165424
165425
165435
165436
165437
165439
165441
165445
165447
165449
165450
165703
165704
165705
165706
165707
165712
165713
165714
165715
165716
165717
165720
165740
165751
165752
165762
165763
165764
165765
165766
165768
165772
165774
165775
165776
165777
165781
165791
165792
165986
165987
165988
165997
165998
165999
166000
166001
166002
166003
166004
166009
166010
166011
166012
166013
166014
166017
166037
166048
166049
166057
166058
166059
166060
166061
166062
166064
166065
166066
166068
166069
166071
166072
166074
166077
166078
166079
166081
166087
166088
166089
166091
166092
166263
166264
166265
166266
166267
166273
166274
166275
166276
166277
166278
166279
166280
166281
166282
166283
166286
166287
166288
166289
166290
166291
166293
166296
166333
166334
166337
166338
166340
166342
166343
166344
166348
166350
166351
166352
166353
166354
166355
166356
166358
166359
166360
166362
166363
166365
166366
166368
166371
166372
166373
166374
166375
166381
166382
166383
166384
166385
166386
166390
166400
166401
166481
166482
166483
166492
166493
166494
166497
166498
166499
166500
166501
166507
166508
166509
166510
166511
166512
166513
166514
166515
166516
166517
166518
166520
166521
166522
166523
166524
166525
166527
166528
166530
166532
166534
166538
166539
166542
166545
166595
166601
166604
166605
166612
166613
166616
166617
166619
166621
166622
166623
166627
166629
166630
166631
166632
166633
166634
166635
166637
166638
166639
166640
166641
166642
166644
166645
166647
166648
166649
166650
166651
166652
166653
166655
166656
166657
166658
166659
166660
166662
166663
166665
166666
166667
166668
166669
166670
166671
166673
166674
166675
166676
166677
166678
166680
166681
166683
166684
166685
166686
166687
166688
166689
166691
166692
166693
166694
166695
166696
166698
166699
166701
166703
166705
166709
166710
166712
166713
166716
166721
166727
166731
167008
167009
167010
167011
167012
167020
167021
167022
167023
167024
167025
167026
167027
167028
167029
167030
167031
167035
167036
167037
167038
167039
167040
167041
167043
167044
167045
167046
167047
167048
167049
167051
167052
167053
167054
167055
167056
167058
167059
167061
167062
167063
167064
167065
167066
167067
167069
167070
167071
167072
167073
167074
167076
167077
167079
167080
167081
167082
167083
167084
167085
167087
167088
167089
167090
167091
167092
167094
167095
167097
167098
167099
167100
167101
167102
167103
167105
167106
167107
167108
167109
167110
167112
167113
167115
167118
167119
167120
167121
167122
167124
167128
167130
167131
167132
167133
167137
167138
167139
167141
167149
167150
167151
167153
167154
167209
167210
167211
167212
167213
167214
167215
167218
167219
167220
167221
167222
167223
167224
167225
167226
167227
167228
167229
167230
167231
167234
167235
167236
167237
167238
167239
167241
167244
167246
167252
167255
167256
167342
167351
167352
167360
167366
167369
167370
167377
167378
167379
167380
167381
167382
167384
167385
167386
167387
167388
167389
167391
167392
167394
167397
167398
167399
167401
167403
167407
167408
167409
167411
167412
167437
167438
167439
167452
167453
167454
167455
167456
167457
167458
167459
167462
167463
167464
167465
167466
167467
167468
167469
167472
167474
167480
167484
167555
167561
167564
167565
167572
167573
167574
167575
167576
167577
167578
167579
167580
167581
167583
167584
167586
167587
167588
167589
167594
167606
167607
167617
167618
167619
167632
167633
167634
167636
167638
167642
167643
167645
167646
167649
167672
167683
167684
167692
167693
167696
167697
167699
167701
167703
167707
167709
167714
167726
167727
167737
167738
167739
167752
167753
167754
167756
167758
167762
167763
167766
167768
167769
167812
167813
167816
167817
167818
167819
167821
167823
167827
167828
167829
167834
167846
167847
167872
167873
167874
167875
167876
167879
167880
167881
167882
167883
167884
167885
167886
167889
167909
167920
167921
167929
167930
167931
167932
167933
167935
167936
167937
167938
167940
167941
167943
167945
167946
167983
167984
167985
167986
167987
167988
167989
167992
167993
167994
167995
167996
167997
167998
167999
168000
168004
168009
168015
168019
168020
168024
168025
168030
168031
168032
168037
168039
168042
168043
168044
168046
168048
168052
168053
168054
168056
168057
168091
168092
168093
168094
168095
168098
168099
168100
168102
168103
168104
168105
168108
168142
168143
168144
168145
168146
168148
168149
168150
168151
168153
168154
168156
168158
168159
168175
168176
168180
168181
168182
168186
168187
168188
168193
168194
168195
168199
168204
168209
168210
168247
168248
168251
168252
168253
168256
168257
168258
168262
168263
168264
168268
168273
168278
168279
168304
168305
168306
168307
168308
168310
168313
168314
168315
168316
168317
168318
168320
168321
168341
168352
168353
168363
168364
168365
168367
168369
168373
168374
168375
168377
168378
168415
168416
168417
168418
168419
168421
168422
168423
168424
168426
168427
168428
168429
168431
168432
168466
168467
168468
168469
168470
168472
168473
168474
168475
168477
168478
168479
168480
168482
168483
168517
168518
168519
168520
168521
168523
168524
168525
168526
168528
168529
168530
168531
168533
168534
168568
168569
168570
168571
168572
168574
168575
168576
168577
168579
168580
168581
168582
168584
168585
168619
168620
168621
168622
168623
168625
168626
168627
168628
168630
168631
168632
168633
168635
168636
168670
168671
168672
168673
168674
168676
168677
168678
168679
168681
168682
168683
168684
168686
168687
168721
168722
168723
168724
168725
168727
168728
168729
168730
168732
168733
168734
168735
168737
168738
168772
168773
168774
168775
168776
168778
168779
168780
168781
168783
168784
168785
168786
168788
168789
168823
168824
168827
168828
168829
168830
168832
168834
168838
168839
168840
168844
168854
168855
168864
168865
168866
168877
168878
168879
168881
168883
168887
168888
168891
168893
168894
168913
168914
168918
168919
168924
168925
168926
168931
168933
168937
168942
168947
168948
168991
168992
168995
168996
168997
169000
169001
169002
169006
169007
169008
169012
169017
169023
169045
169046
169047
169048
169049
169051
169052
169053
169054
169056
169057
169058
169059
169061
169062
169096
169097
169098
169099
169100
169102
169103
169104
169105
169107
169108
169109
169110
169112
169113
169144
169145
169148
169149
169151
169153
169154
169155
169159
169161
169165
169170
169175
169176
169180
169181
169185
169186
169187
169191
169192
169193
169198
169199
169200
169202
169204
169208
169209
169212
169215
169249
169250
169251
169252
169253
169254
169255
169256
169257
169258
169260
169261
169263
169264
169265
169266
169271
169283
169284
169294
169295
169296
169309
169310
169311
169312
169313
169314
169315
169316
169319
169320
169321
169323
169324
169325
169326
169329
169346
169357
169358
169368
169369
169370
169372
169374
169378
169380
169382
169383
169429
169430
169431
169432
169433
169438
169439
169440
169441
169442
169443
169446
169466
169477
169478
169488
169489
169490
169491
169492
169494
169498
169500
169501
169502
169503
169508
169520
169521
169531
169532
169533
169546
169547
169548
169549
169550
169551
169552
169553
169558
169559
169560
169561
169562
169563
169566
169586
169597
169598
169606
169607
169608
169609
169610
169611
169613
169614
169615
169617
169618
169620
169621
169623
169627
169628
169629
169631
169639
169640
169641
169643
169644
169723
169724
169725
169726
169727
169735
169736
169737
169738
169739
169740
169741
169742
169743
169744
169745
169748
169749
169750
169751
169752
169753
169755
169758
169795
169796
169799
169800
169802
169804
169805
169806
169810
169812
169813
169814
169815
169816
169817
169818
169820
169821
169822
169824
169825
169827
169828
169830
169833
169834
169835
169836
169837
169843
169844
169845
169846
169847
169848
169853
169865
169866
169947
169948
169949
169960
169961
169962
169965
169966
169967
169968
169969
169975
169976
169977
169978
169979
169980
169981
169982
169983
169984
169985
169986
169988
169989
169990
169991
169992
169993
169995
169996
169998
170000
170002
170006
170007
170010
170013
170063
170069
170072
170073
170080
170081
170084
170085
170087
170089
170090
170091
170095
170097
170098
170099
170100
170101
170102
170103
170105
170106
170107
170108
170109
170110
170112
170113
170115
170116
170117
170118
170119
170120
170121
170123
170124
170125
170126
170127
170128
170130
170131
170133
170134
170135
170136
170137
170138
170139
170141
170142
170143
170144
170145
170146
170148
170149
170151
170152
170153
170154
170155
170156
170157
170159
170160
170161
170162
170163
170164
170166
170167
170169
170171
170173
170177
170178
170180
170181
170184
170189
170195
170199
170476
170477
170478
170479
170480
170488
170489
170490
170491
170492
170493
170494
170495
170496
170497
170498
170499
170503
170504
170505
170506
170507
170508
170509
170511
170512
170513
170514
170515
170516
170517
170519
170520
170521
170522
170523
170524
170526
170527
170529
170530
170531
170532
170533
170534
170535
170537
170538
170539
170540
170541
170542
170544
170545
170547
170548
170549
170550
170551
170552
170553
170555
170556
170557
170558
170559
170560
170562
170563
170565
170566
170567
170568
170569
170570
170571
170573
170574
170575
170576
170577
170578
170580
170581
170583
170586
170587
170588
170589
170590
170592
170596
170598
170599
170600
170601
170605
170606
170607
170609
170617
170618
170619
170621
170622
170677
170678
170679
170680
170681
170682
170683
170686
170687
170688
170689
170690
170691
170692
170693
170694
170695
170696
170697
170698
170699
170702
170703
170704
170705
170706
170707
170709
170712
170714
170720
170723
170724
170810
170819
170820
170828
170834
170837
170838
170845
170846
170847
170848
170849
170850
170852
170853
170854
170855
170856
170857
170859
170860
170862
170865
170866
170867
170869
170871
170875
170876
170877
170879
170880
170905
170906
170907
170920
170921
170922
170923
170924
170925
170926
170927
170930
170931
170932
170933
170934
170935
170936
170937
170940
170942
170948
170952
171023
171029
171032
171033
171040
171041
171042
171043
171044
171045
171046
171047
171048
171049
171051
171052
171054
171055
171056
171057
171062
171074
171075
171085
171086
171087
171100
171101
171102
171104
171106
171110
171111
171113
171114
171117
171140
171151
171152
171160
171161
171164
171165
171167
171169
171171
171175
171177
171182
171194
171195
171205
171206
171207
171220
171221
171222
171224
171226
171230
171231
171234
171236
171237
171280
171281
171284
171285
171286
171287
171289
171291
171295
171296
171297
171302
171314
171315
171340
171341
171342
171343
171344
171347
171348
171349
171350
171351
171352
171353
171354
171357
171377
171388
171389
171397
171398
171399
171400
171401
171403
171404
171405
171406
171408
171409
171411
171413
171414
171451
171452
171453
171454
171455
171456
171457
171460
171461
171462
171463
171464
171465
171466
171467
171468
171472
171477
171483
171487
171488
171492
171493
171498
171499
171500
171505
171507
171510
171511
171512
171514
171516
171520
171521
171522
171524
171525
171559
171560
171561
171562
171563
171566
171567
171568
171570
171571
171572
171573
171576
171610
171611
171612
171613
171614
171616
171617
171618
171619
171621
171622
171624
171626
171627
171643
171644
171648
171649
171650
171654
171655
171656
171661
171662
171663
171667
171672
171677
171678
171715
171716
171719
171720
171721
171724
171725
171726
171730
171731
171732
171736
171741
171746
171747
171772
171773
171774
171775
171776
171778
171781
171782
171783
171784
171785
171786
171788
171789
171809
171820
171821
171831
171832
171833
171835
171837
171841
171842
171843
171845
171846
171883
171884
171885
171886
171887
171889
171890
171891
171892
171894
171895
171896
171897
171899
171900
171934
171935
171936
171937
171938
171940
171941
171942
171943
171945
171946
171947
171948
171950
171951
171985
171986
171987
171988
171989
171991
171992
171993
171994
171996
171997
171998
171999
172001
172002
172036
172037
172038
172039
172040
172042
172043
172044
172045
172047
172048
172049
172050
172052
172053
172087
172088
172089
172090
172091
172093
172094
172095
172096
172098
172099
172100
172101
172103
172104
172138
172139
172140
172141
172142
172144
172145
172146
172147
172149
172150
172151
172152
172154
172155
172189
172190
172191
172192
172193
172195
172196
172197
172198
172200
172201
172202
172203
172205
172206
172240
172241
172242
172243
172244
172246
172247
172248
172249
172251
172252
172253
172254
172256
172257
172291
172292
172295
172296
172297
172298
172300
172302
172306
172307
172308
172312
172322
172323
172332
172333
172334
172345
172346
172347
172349
172351
172355
172356
172359
172361
172362
172381
172382
172386
172387
172392
172393
172394
172399
172401
172405
172410
172415
172416
172459
172460
172463
172464
172465
172468
172469
172470
172474
172475
172476
172480
172485
172491
172513
172514
172515
172516
172517
172519
172520
172521
172522
172524
172525
172526
172527
172529
172530
172564
172565
172566
172567
172568
172570
172571
172572
172573
172575
172576
172577
172578
172580
172581
172612
172613
172616
172617
172619
172621
172622
172623
172627
172629
172633
172638
172643
172644
172648
172649
172653
172654
172655
172659
172660
172661
172666
172667
172668
172670
172672
172676
172677
172680
172683
172717
172718
172719
172720
172721
172722
172723
172724
172725
172726
172728
172729
172731
172732
172733
172734
172739
172751
172752
172762
172763
172764
172777
172778
172779
172780
172781
172782
172783
172784
172787
172788
172789
172791
172792
172793
172794
172797
172814
172825
172826
172836
172837
172838
172840
172842
172846
172848
172850
172851
172897
172898
172899
172900
172901
172906
172907
172908
172909
172910
172911
172914
172934
172945
172946
172956
172957
172958
172959
172960
172962
172966
172968
172969
172970
172971
172976
172988
172989
172999
173000
173001
173014
173015
173016
173017
173018
173019
173020
173021
173026
173027
173028
173029
173030
173031
173034
173054
173065
173066
173074
173075
173076
173077
173078
173079
173081
173082
173083
173085
173086
173088
173089
173091
173095
173096
173097
173099
173107
173108
173109
173111
173112
173191
173192
173193
173194
173195
173203
173204
173205
173206
173207
173208
173209
173210
173211
173212
173213
173216
173217
173218
173219
173220
173221
173223
173226
173263
173264
173267
173268
173270
173272
173273
173274
173278
173280
173281
173282
173283
173284
173285
173286
173288
173289
173290
173292
173293
173295
173296
173298
173301
173302
173303
173304
173305
173311
173312
173313
173314
173315
173316
173321
173333
173334
173415
173416
173417
173428
173429
173430
173433
173434
173435
173436
173437
173443
173444
173445
173446
173447
173448
173449
173450
173451
173452
173453
173454
173456
173457
173458
173459
173460
173461
173463
173464
173466
173468
173470
173474
173475
173478
173481
173531
173537
173540
173541
173548
173549
173552
173553
173555
173557
173558
173559
173563
173565
173566
173567
173568
173569
173570
173571
173573
173574
173575
173576
173577
173578
173580
173581
173583
173584
173585
173586
173587
173588
173589
173591
173592
173593
173594
173595
173596
173598
173599
173601
173602
173603
173604
173605
173606
173607
173609
173610
173611
173612
173613
173614
173616
173617
173619
173620
173621
173622
173623
173624
173625
173627
173628
173629
173630
173631
173632
173634
173635
173637
173639
173641
173645
173646
173648
173649
173652
173657
173663
173667
173944
173945
173946
173947
173948
173956
173957
173958
173959
173960
173961
173962
173963
173964
173965
173966
173967
173971
173972
173973
173974
173975
173976
173977
173979
173980
173981
173982
173983
173984
173985
173987
173988
173989
173990
173991
173992
173994
173995
173997
173998
173999
174000
174001
174002
174003
174005
174006
174007
174008
174009
174010
174012
174013
174015
174016
174017
174018
174019
174020
174021
174023
174024
174025
174026
174027
174028
174030
174031
174033
174034
174035
174036
174037
174038
174039
174041
174042
174043
174044
174045
174046
174048
174049
174051
174054
174055
174056
174057
174058
174060
174064
174066
174067
174068
174069
174073
174074
174075
174077
174085
174086
174087
174089
174090
174145
174146
174147
174148
174149
174150
174151
174154
174155
174156
174157
174158
174159
174160
174161
174162
174163
174164
174165
174166
174167
174170
174171
174172
174173
174174
174175
174177
174180
174182
174188
174191
174192
174278
174287
174288
174296
174302
174305
174306
174313
174314
174315
174316
174317
174318
174320
174321
174322
174323
174324
174325
174327
174328
174330
174333
174334
174335
174337
174339
174343
174344
174345
174347
174348
174373
174374
174375
174388
174389
174390
174391
174392
174393
174394
174395
174398
174399
174400
174401
174402
174403
174404
174405
174408
174410
174416
174420
174491
174497
174500
174501
174508
174509
174510
174511
174512
174513
174514
174515
174516
174517
174519
174520
174522
174523
174524
174525
174530
174542
174543
174553
174554
174555
174568
174569
174570
174572
174574
174578
174579
174581
174582
174585
174608
174619
174620
174628
174629
174632
174633
174635
174637
174639
174643
174645
174650
174662
174663
174673
174674
174675
174688
174689
174690
174692
174694
174698
174699
174702
174704
174705
174748
174749
174752
174753
174754
174755
174757
174759
174763
174764
174765
174770
174782
174783
174808
174809
174810
174811
174812
174815
174816
174817
174818
174819
174820
174821
174822
174825
174845
174856
174857
174865
174866
174867
174868
174869
174871
174872
174873
174874
174876
174877
174879
174881
174882
174919
174920
174921
174922
174923
174924
174925
174928
174929
174930
174931
174932
174933
174934
174935
174936
174940
174945
174951
174955
174956
174960
174961
174966
174967
174968
174973
174975
174978
174979
174980
174982
174984
174988
174989
174990
174992
174993
175027
175028
175029
175030
175031
175034
175035
175036
175038
175039
175040
175041
175044
175078
175079
175080
175081
175082
175084
175085
175086
175087
175089
175090
175092
175094
175095
175111
175112
175116
175117
175118
175122
175123
175124
175129
175130
175131
175135
175140
175145
175146
175183
175184
175187
175188
175189
175192
175193
175194
175198
175199
175200
175204
175209
175214
175215
175240
175241
175242
175243
175244
175246
175249
175250
175251
175252
175253
175254
175256
175257
175277
175288
175289
175299
175300
175301
175303
175305
175309
175310
175311
175313
175314
175351
175352
175353
175354
175355
175357
175358
175359
175360
175362
175363
175364
175365
175367
175368
175402
175403
175404
175405
175406
175408
175409
175410
175411
175413
175414
175415
175416
175418
175419
175453
175454
175455
175456
175457
175459
175460
175461
175462
175464
175465
175466
175467
175469
175470
175504
175505
175506
175507
175508
175510
175511
175512
175513
175515
175516
175517
175518
175520
175521
175555
175556
175557
175558
175559
175561
175562
175563
175564
175566
175567
175568
175569
175571
175572
175606
175607
175608
175609
175610
175612
175613
175614
175615
175617
175618
175619
175620
175622
175623
175657
175658
175659
175660
175661
175663
175664
175665
175666
175668
175669
175670
175671
175673
175674
175708
175709
175710
175711
175712
175714
175715
175716
175717
175719
175720
175721
175722
175724
175725
175759
175760
175763
175764
175765
175766
175768
175770
175774
175775
175776
175780
175790
175791
175800
175801
175802
175813
175814
175815
175817
175819
175823
175824
175827
175829
175830
175849
175850
175854
175855
175860
175861
175862
175867
175869
175873
175878
175883
175884
175927
175928
175931
175932
175933
175936
175937
175938
175942
175943
175944
175948
175953
175959
175981
175982
175983
175984
175985
175987
175988
175989
175990
175992
175993
175994
175995
175997
175998
176032
176033
176034
176035
176036
176038
176039
176040
176041
176043
176044
176045
176046
176048
176049
176080
176081
176084
176085
176087
176089
176090
176091
176095
176097
176101
176106
176111
176112
176116
176117
176121
176122
176123
176127
176128
176129
176134
176135
176136
176138
176140
176144
176145
176148
176151
176185
176186
176187
176188
176189
176190
176191
176192
176193
176194
176196
176197
176199
176200
176201
176202
176207
176219
176220
176230
176231
176232
176245
176246
176247
176248
176249
176250
176251
176252
176255
176256
176257
176259
176260
176261
176262
176265
176282
176293
176294
176304
176305
176306
176308
176310
176314
176316
176318
176319
176365
176366
176367
176368
176369
176374
176375
176376
176377
176378
176379
176382
176402
176413
176414
176424
176425
176426
176427
176428
176430
176434
176436
176437
176438
176439
176444
176456
176457
176467
176468
176469
176482
176483
176484
176485
176486
176487
176488
176489
176494
176495
176496
176497
176498
176499
176502
176522
176533
176534
176542
176543
176544
176545
176546
176547
176549
176550
176551
176553
176554
176556
176557
176559
176563
176564
176565
176567
176575
176576
176577
176579
176580
176659
176660
176661
176662
176663
176671
176672
176673
176674
176675
176676
176677
176678
176679
176680
176681
176684
176685
176686
176687
176688
176689
176691
176694
176731
176732
176735
176736
176738
176740
176741
176742
176746
176748
176749
176750
176751
176752
176753
176754
176756
176757
176758
176760
176761
176763
176764
176766
176769
176770
176771
176772
176773
176779
176780
176781
176782
176783
176784
176789
176801
176802
176883
176884
176885
176896
176897
176898
176901
176902
176903
176904
176905
176911
176912
176913
176914
176915
176916
176917
176918
176919
176920
176921
176922
176924
176925
176926
176927
176928
176929
176931
176932
176934
176936
176938
176942
176943
176946
176949
176999
177005
177008
177009
177016
177017
177020
177021
177023
177025
177026
177027
177031
177033
177034
177035
177036
177037
177038
177039
177041
177042
177043
177044
177045
177046
177048
177049
177051
177052
177053
177054
177055
177056
177057
177059
177060
177061
177062
177063
177064
177066
177067
177069
177070
177071
177072
177073
177074
177075
177077
177078
177079
177080
177081
177082
177084
177085
177087
177088
177089
177090
177091
177092
177093
177095
177096
177097
177098
177099
177100
177102
177103
177105
177107
177109
177113
177114
177116
177117
177120
177125
177131
177135
177412
177413
177414
177415
177416
177424
177425
177426
177427
177428
177429
177430
177431
177432
177433
177434
177435
177439
177440
177441
177442
177443
177444
177445
177447
177448
177449
177450
177451
177452
177453
177455
177456
177457
177458
177459
177460
177462
177463
177465
177466
177467
177468
177469
177470
177471
177473
177474
177475
177476
177477
177478
177480
177481
177483
177484
177485
177486
177487
177488
177489
177491
177492
177493
177494
177495
177496
177498
177499
177501
177502
177503
177504
177505
177506
177507
177509
177510
177511
177512
177513
177514
177516
177517
177519
177522
177523
177524
177525
177526
177528
177532
177534
177535
177536
177537
177541
177542
177543
177545
177553
177554
177555
177557
177558
177613
177614
177615
177616
177617
177618
177619
177622
177623
177624
177625
177626
177627
177628
177629
177630
177631
177632
177633
177634
177635
177638
177639
177640
177641
177642
177643
177645
177648
177650
177656
177659
177660
177746
177755
177756
177764
177770
177773
177774
177781
177782
177783
177784
177785
177786
177788
177789
177790
177791
177792
177793
177795
177796
177798
177801
177802
177803
177805
177807
177811
177812
177813
177815
177816
177841
177842
177843
177856
177857
177858
177859
177860
177861
177862
177863
177866
177867
177868
177869
177870
177871
177872
177873
177876
177878
177884
177888
177959
177965
177968
177969
177976
177977
177978
177979
177980
177981
177982
177983
177984
177985
177987
177988
177990
177991
177992
177993
177998
178010
178011
178021
178022
178023
178036
178037
178038
178040
178042
178046
178047
178049
178050
178053
178076
178087
178088
178096
178097
178100
178101
178103
178105
178107
178111
178113
178118
178130
178131
178141
178142
178143
178156
178157
178158
178160
178162
178166
178167
178170
178172
178173
178216
178217
178220
178221
178222
178223
178225
178227
178231
178232
178233
178238
178250
178251
178276
178277
178278
178279
178280
178283
178284
178285
178286
178287
178288
178289
178290
178293
178313
178324
178325
178333
178334
178335
178336
178337
178339
178340
178341
178342
178344
178345
178347
178349
178350
178387
178388
178389
178390
178391
178392
178393
178396
178397
178398
178399
178400
178401
178402
178403
178404
178408
178413
178419
178423
178424
178428
178429
178434
178435
178436
178441
178443
178446
178447
178448
178450
178452
178456
178457
178458
178460
178461
178495
178496
178497
178498
178499
178502
178503
178504
178506
178507
178508
178509
178512
178546
178547
178548
178549
178550
178552
178553
178554
178555
178557
178558
178560
178562
178563
178579
178580
178584
178585
178586
178590
178591
178592
178597
178598
178599
178603
178608
178613
178614
178651
178652
178655
178656
178657
178660
178661
178662
178666
178667
178668
178672
178677
178682
178683
178708
178709
178710
178711
178712
178714
178717
178718
178719
178720
178721
178722
178724
178725
178745
178756
178757
178767
178768
178769
178771
178773
178777
178778
178779
178781
178782
178819
178820
178821
178822
178823
178825
178826
178827
178828
178830
178831
178832
178833
178835
178836
178870
178871
178872
178873
178874
178876
178877
178878
178879
178881
178882
178883
178884
178886
178887
178921
178922
178923
178924
178925
178927
178928
178929
178930
178932
178933
178934
178935
178937
178938
178972
178973
178974
178975
178976
178978
178979
178980
178981
178983
178984
178985
178986
178988
178989
179023
179024
179025
179026
179027
179029
179030
179031
179032
179034
179035
179036
179037
179039
179040
179074
179075
179076
179077
179078
179080
179081
179082
179083
179085
179086
179087
179088
179090
179091
179125
179126
179127
179128
179129
179131
179132
179133
179134
179136
179137
179138
179139
179141
179142
179176
179177
179178
179179
179180
179182
179183
179184
179185
179187
179188
179189
179190
179192
179193
179227
179228
179231
179232
179233
179234
179236
179238
179242
179243
179244
179248
179258
179259
179268
179269
179270
179281
179282
179283
179285
179287
179291
179292
179295
179297
179298
179317
179318
179322
179323
179328
179329
179330
179335
179337
179341
179346
179351
179352
179395
179396
179399
179400
179401
179404
179405
179406
179410
179411
179412
179416
179421
179427
179449
179450
179451
179452
179453
179455
179456
179457
179458
179460
179461
179462
179463
179465
179466
179500
179501
179502
179503
179504
179506
179507
179508
179509
179511
179512
179513
179514
179516
179517
179548
179549
179552
179553
179555
179557
179558
179559
179563
179565
179569
179574
179579
179580
179584
179585
179589
179590
179591
179595
179596
179597
179602
179603
179604
179606
179608
179612
179613
179616
179619
179653
179654
179655
179656
179657
179658
179659
179660
179661
179662
179664
179665
179667
179668
179669
179670
179675
179687
179688
179698
179699
179700
179713
179714
179715
179716
179717
179718
179719
179720
179723
179724
179725
179727
179728
179729
179730
179733
179750
179761
179762
179772
179773
179774
179776
179778
179782
179784
179786
179787
179833
179834
179835
179836
179837
179842
179843
179844
179845
179846
179847
179850
179870
179881
179882
179892
179893
179894
179895
179896
179898
179902
179904
179905
179906
179907
179912
179924
179925
179935
179936
179937
179950
179951
179952
179953
179954
179955
179956
179957
179962
179963
179964
179965
179966
179967
179970
179990
180001
180002
180010
180011
180012
180013
180014
180015
180017
180018
180019
180021
180022
180024
180025
180027
180031
180032
180033
180035
180043
180044
180045
180047
180048
180127
180128
180129
180130
180131
180139
180140
180141
180142
180143
180144
180145
180146
180147
180148
180149
180152
180153
180154
180155
180156
180157
180159
180162
180199
180200
180203
180204
180206
180208
180209
180210
180214
180216
180217
180218
180219
180220
180221
180222
180224
180225
180226
180228
180229
180231
180232
180234
180237
180238
180239
180240
180241
180247
180248
180249
180250
180251
180252
180257
180269
180270
180351
180352
180353
180364
180365
180366
180369
180370
180371
180372
180373
180379
180380
180381
180382
180383
180384
180385
180386
180387
180388
180389
180390
180392
180393
180394
180395
180396
180397
180399
180400
180402
180404
180406
180410
180411
180414
180417
180467
180473
180476
180477
180484
180485
180488
180489
180491
180493
180494
180495
180499
180501
180502
180503
180504
180505
180506
180507
180509
180510
180511
180512
180513
180514
180516
180517
180519
180520
180521
180522
180523
180524
180525
180527
180528
180529
180530
180531
180532
180534
180535
180537
180538
180539
180540
180541
180542
180543
180545
180546
180547
180548
180549
180550
180552
180553
180555
180556
180557
180558
180559
180560
180561
180563
180564
180565
180566
180567
180568
180570
180571
180573
180575
180577
180581
180582
180584
180585
180588
180593
180599
180603
180880
180881
180882
180883
180884
180892
180893
180894
180895
180896
180897
180898
180899
180900
180901
180902
180903
180907
180908
180909
180910
180911
180912
180913
180915
180916
180917
180918
180919
180920
180921
180923
180924
180925
180926
180927
180928
180930
180931
180933
180934
180935
180936
180937
180938
180939
180941
180942
180943
180944
180945
180946
180948
180949
180951
180952
180953
180954
180955
180956
180957
180959
180960
180961
180962
180963
180964
180966
180967
180969
180970
180971
180972
180973
180974
180975
180977
180978
180979
180980
180981
180982
180984
180985
180987
180990
180991
180992
180993
180994
180996
181000
181002
181003
181004
181005
181009
181010
181011
181013
181021
181022
181023
181025
181026
181081
181082
181083
181084
181085
181086
181087
181090
181091
181092
181093
181094
181095
181096
181097
181098
181099
181100
181101
181102
181103
181106
181107
181108
181109
181110
181111
181113
181116
181118
181124
181127
181128
181214
181223
181224
181232
181238
181241
181242
181249
181250
181251
181252
181253
181254
181256
181257
181258
181259
181260
181261
181263
181264
181266
181269
181270
181271
181273
181275
181279
181280
181281
181283
181284
181309
181310
181311
181324
181325
181326
181327
181328
181329
181330
181331
181334
181335
181336
181337
181338
181339
181340
181341
181344
181346
181352
181356
181427
181433
181436
181437
181444
181445
181446
181447
181448
181449
181450
181451
181452
181453
181455
181456
181458
181459
181460
181461
181466
181478
181479
181489
181490
181491
181504
181505
181506
181508
181510
181514
181515
181517
181518
181521
181544
181555
181556
181564
181565
181568
181569
181571
181573
181575
181579
181581
181586
181598
181599
181609
181610
181611
181624
181625
181626
181628
181630
181634
181635
181638
181640
181641
181684
181685
181688
181689
181690
181691
181693
181695
181699
181700
181701
181706
181718
181719
181744
181745
181746
181747
181748
181751
181752
181753
181754
181755
181756
181757
181758
181761
181781
181792
181793
181801
181802
181803
181804
181805
181807
181808
181809
181810
181812
181813
181815
181817
181818
181855
181856
181857
181858
181859
181860
181861
181864
181865
181866
181867
181868
181869
181870
181871
181872
181876
181881
181887
181891
181892
181896
181897
181902
181903
181904
181909
181911
181914
181915
181916
181918
181920
181924
181925
181926
181928
181929
181963
181964
181965
181966
181967
181970
181971
181972
181974
181975
181976
181977
181980
182014
182015
182016
182017
182018
182020
182021
182022
182023
182025
182026
182028
182030
182031
182047
182048
182052
182053
182054
182058
182059
182060
182065
182066
182067
182071
182076
182081
182082
182119
182120
182123
182124
182125
182128
182129
182130
182134
182135
182136
182140
182145
182150
182151
182176
182177
182178
182179
182180
182182
182185
182186
182187
182188
182189
182190
182192
182193
182213
182224
182225
182235
182236
182237
182239
182241
182245
182246
182247
182249
182250
182287
182288
182289
182290
182291
182293
182294
182295
182296
182298
182299
182300
182301
182303
182304
182338
182339
182340
182341
182342
182344
182345
182346
182347
182349
182350
182351
182352
182354
182355
182389
182390
182391
182392
182393
182395
182396
182397
182398
182400
182401
182402
182403
182405
182406
182440
182441
182442
182443
182444
182446
182447
182448
182449
182451
182452
182453
182454
182456
182457
182491
182492
182493
182494
182495
182497
182498
182499
182500
182502
182503
182504
182505
182507
182508
182542
182543
182544
182545
182546
182548
182549
182550
182551
182553
182554
182555
182556
182558
182559
182593
182594
182595
182596
182597
182599
182600
182601
182602
182604
182605
182606
182607
182609
182610
182644
182645
182646
182647
182648
182650
182651
182652
182653
182655
182656
182657
182658
182660
182661
182695
182696
182699
182700
182701
182702
182704
182706
182710
182711
182712
182716
182726
182727
182736
182737
182738
182749
182750
182751
182753
182755
182759
182760
182763
182765
182766
182785
182786
182790
182791
182796
182797
182798
182803
182805
182809
182814
182819
182820
182863
182864
182867
182868
182869
182872
182873
182874
182878
182879
182880
182884
182889
182895
182917
182918
182919
182920
182921
182923
182924
182925
182926
182928
182929
182930
182931
182933
182934
182968
182969
182970
182971
182972
182974
182975
182976
182977
182979
182980
182981
182982
182984
182985
183016
183017
183020
183021
183023
183025
183026
183027
183031
183033
183037
183042
183047
183048
183052
183053
183057
183058
183059
183063
183064
183065
183070
183071
183072
183074
183076
183080
183081
183084
183087
183121
183122
183123
183124
183125
183126
183127
183128
183129
183130
183132
183133
183135
183136
183137
183138
183143
183155
183156
183166
183167
183168
183181
183182
183183
183184
183185
183186
183187
183188
183191
183192
183193
183195
183196
183197
183198
183201
183218
183229
183230
183240
183241
183242
183244
183246
183250
183252
183254
183255
183301
183302
183303
183304
183305
183310
183311
183312
183313
183314
183315
183318
183338
183349
183350
183360
183361
183362
183363
183364
183366
183370
183372
183373
183374
183375
183380
183392
183393
183403
183404
183405
183418
183419
183420
183421
183422
183423
183424
183425
183430
183431
183432
183433
183434
183435
183438
183458
183469
183470
183478
183479
183480
183481
183482
183483
183485
183486
183487
183489
183490
183492
183493
183495
183499
183500
183501
183503
183511
183512
183513
183515
183516
183595
183596
183597
183598
183599
183607
183608
183609
183610
183611
183612
183613
183614
183615
183616
183617
183620
183621
183622
183623
183624
183625
183627
183630
183667
183668
183671
183672
183674
183676
183677
183678
183682
183684
183685
183686
183687
183688
183689
183690
183692
183693
183694
183696
183697
183699
183700
183702
183705
183706
183707
183708
183709
183715
183716
183717
183718
183719
183720
183725
183737
183738
183819
183820
183821
183832
183833
183834
183837
183838
183839
183840
183841
183847
183848
183849
183850
183851
183852
183853
183854
183855
183856
183857
183858
183860
183861
183862
183863
183864
183865
183867
183868
183870
183872
183874
183878
183879
183882
183885
183935
183941
183944
183945
183952
183953
183956
183957
183959
183961
183962
183963
183967
183969
183970
183971
183972
183973
183974
183975
183977
183978
183979
183980
183981
183982
183984
183985
183987
183988
183989
183990
183991
183992
183993
183995
183996
183997
183998
183999
184000
184002
184003
184005
184006
184007
184008
184009
184010
184011
184013
184014
184015
184016
184017
184018
184020
184021
184023
184024
184025
184026
184027
184028
184029
184031
184032
184033
184034
184035
184036
184038
184039
184041
184043
184045
184049
184050
184052
184053
184056
184061
184067
184071
184348
184349
184350
184351
184352
184360
184361
184362
184363
184364
184365
184366
184367
184368
184369
184370
184371
184375
184376
184377
184378
184379
184380
184381
184383
184384
184385
184386
184387
184388
184389
184391
184392
184393
184394
184395
184396
184398
184399
184401
184402
184403
184404
184405
184406
184407
184409
184410
184411
184412
184413
184414
184416
184417
184419
184420
184421
184422
184423
184424
184425
184427
184428
184429
184430
184431
184432
184434
184435
184437
184438
184439
184440
184441
184442
184443
184445
184446
184447
184448
184449
184450
184452
184453
184455
184458
184459
184460
184461
184462
184464
184468
184470
184471
184472
184473
184477
184478
184479
184481
184489
184490
184491
184493
184494
184549
184550
184551
184552
184553
184554
184555
184558
184559
184560
184561
184562
184563
184564
184565
184566
184567
184568
184569
184570
184571
184574
184575
184576
184577
184578
184579
184581
184584
184586
184592
184595
184596
184682
184691
184692
184700
184706
184709
184710
184717
184718
184719
184720
184721
184722
184724
184725
184726
184727
184728
184729
184731
184732
184734
184737
184738
184739
184741
184743
184747
184748
184749
184751
184752
184777
184778
184779
184792
184793
184794
184795
184796
184797
184798
184799
184802
184803
184804
184805
184806
184807
184808
184809
184812
184814
184820
184824
184895
184901
184904
184905
184912
184913
184914
184915
184916
184917
184918
184919
184920
184921
184923
184924
184926
184927
184928
184929
184934
184946
184947
184957
184958
184959
184972
184973
184974
184976
184978
184982
184983
184985
184986
184989
185012
185023
185024
185032
185033
185036
185037
185039
185041
185043
185047
185049
185054
185066
185067
185077
185078
185079
185092
185093
185094
185096
185098
185102
185103
185106
185108
185109
185152
185153
185156
185157
185158
185159
185161
185163
185167
185168
185169
185174
185186
185187
185212
185213
185214
185215
185216
185219
185220
185221
185222
185223
185224
185225
185226
185229
185249
185260
185261
185269
185270
185271
185272
185273
185275
185276
185277
185278
185280
185281
185283
185285
185286
185323
185324
185325
185326
185327
185328
185329
185332
185333
185334
185335
185336
185337
185338
185339
185340
185344
185349
185355
185359
185360
185364
185365
185370
185371
185372
185377
185379
185382
185383
185384
185386
185388
185392
185393
185394
185396
185397
185431
185432
185433
185434
185435
185438
185439
185440
185442
185443
185444
185445
185448
185482
185483
185484
185485
185486
185488
185489
185490
185491
185493
185494
185496
185498
185499
185515
185516
185520
185521
185522
185526
185527
185528
185533
185534
185535
185539
185544
185549
185550
185587
185588
185591
185592
185593
185596
185597
185598
185602
185603
185604
185608
185613
185618
185619
185644
185645
185646
185647
185648
185650
185653
185654
185655
185656
185657
185658
185660
185661
185681
185692
185693
185703
185704
185705
185707
185709
185713
185714
185715
185717
185718
185755
185756
185757
185758
185759
185761
185762
185763
185764
185766
185767
185768
185769
185771
185772
185806
185807
185808
185809
185810
185812
185813
185814
185815
185817
185818
185819
185820
185822
185823
185857
185858
185859
185860
185861
185863
185864
185865
185866
185868
185869
185870
185871
185873
185874
185908
185909
185910
185911
185912
185914
185915
185916
185917
185919
185920
185921
185922
185924
185925
185959
185960
185961
185962
185963
185965
185966
185967
185968
185970
185971
185972
185973
185975
185976
186010
186011
186012
186013
186014
186016
186017
186018
186019
186021
186022
186023
186024
186026
186027
186061
186062
186063
186064
186065
186067
186068
186069
186070
186072
186073
186074
186075
186077
186078
186112
186113
186114
186115
186116
186118
186119
186120
186121
186123
186124
186125
186126
186128
186129
186163
186164
186167
186168
186169
186170
186172
186174
186178
186179
186180
186184
186194
186195
186204
186205
186206
186217
186218
186219
186221
186223
186227
186228
186231
186233
186234
186253
186254
186258
186259
186264
186265
186266
186271
186273
186277
186282
186287
186288
186331
186332
186335
186336
186337
186340
186341
186342
186346
186347
186348
186352
186357
186363
186385
186386
186387
186388
186389
186391
186392
186393
186394
186396
186397
186398
186399
186401
186402
186436
186437
186438
186439
186440
186442
186443
186444
186445
186447
186448
186449
186450
186452
186453
186484
186485
186488
186489
186491
186493
186494
186495
186499
186501
186505
186510
186515
186516
186520
186521
186525
186526
186527
186531
186532
186533
186538
186539
186540
186542
186544
186548
186549
186552
186555
186589
186590
186591
186592
186593
186594
186595
186596
186597
186598
186600
186601
186603
186604
186605
186606
186611
186623
186624
186634
186635
186636
186649
186650
186651
186652
186653
186654
186655
186656
186659
186660
186661
186663
186664
186665
186666
186669
186686
186697
186698
186708
186709
186710
186712
186714
186718
186720
186722
186723
186769
186770
186771
186772
186773
186778
186779
186780
186781
186782
186783
186786
186806
186817
186818
186828
186829
186830
186831
186832
186834
186838
186840
186841
186842
186843
186848
186860
186861
186871
186872
186873
186886
186887
186888
186889
186890
186891
186892
186893
186898
186899
186900
186901
186902
186903
186906
186926
186937
186938
186946
186947
186948
186949
186950
186951
186953
186954
186955
186957
186958
186960
186961
186963
186967
186968
186969
186971
186979
186980
186981
186983
186984
187063
187064
187065
187066
187067
187075
187076
187077
187078
187079
187080
187081
187082
187083
187084
187085
187088
187089
187090
187091
187092
187093
187095
187098
187135
187136
187139
187140
187142
187144
187145
187146
187150
187152
187153
187154
187155
187156
187157
187158
187160
187161
187162
187164
187165
187167
187168
187170
187173
187174
187175
187176
187177
187183
187184
187185
187186
187187
187188
187193
187205
187206
187287
187288
187289
187300
187301
187302
187305
187306
187307
187308
187309
187315
187316
187317
187318
187319
187320
187321
187322
187323
187324
187325
187326
187328
187329
187330
187331
187332
187333
187335
187336
187338
187340
187342
187346
187347
187350
187353
187403
187409
187412
187413
187420
187421
187424
187425
187427
187429
187430
187431
187435
187437
187438
187439
187440
187441
187442
187443
187445
187446
187447
187448
187449
187450
187452
187453
187455
187456
187457
187458
187459
187460
187461
187463
187464
187465
187466
187467
187468
187470
187471
187473
187474
187475
187476
187477
187478
187479
187481
187482
187483
187484
187485
187486
187488
187489
187491
187492
187493
187494
187495
187496
187497
187499
187500
187501
187502
187503
187504
187506
187507
187509
187511
187513
187517
187518
187520
187521
187524
187529
187535
187539
187816
187817
187818
187819
187820
187828
187829
187830
187831
187832
187833
187834
187835
187836
187837
187838
187839
187843
187844
187845
187846
187847
187848
187849
187851
187852
187853
187854
187855
187856
187857
187859
187860
187861
187862
187863
187864
187866
187867
187869
187870
187871
187872
187873
187874
187875
187877
187878
187879
187880
187881
187882
187884
187885
187887
187888
187889
187890
187891
187892
187893
187895
187896
187897
187898
187899
187900
187902
187903
187905
187906
187907
187908
187909
187910
187911
187913
187914
187915
187916
187917
187918
187920
187921
187923
187926
187927
187928
187929
187930
187932
187936
187938
187939
187940
187941
187945
187946
187947
187949
187957
187958
187959
187961
187962
188017
188018
188019
188020
188021
188022
188023
188026
188027
188028
188029
188030
188031
188032
188033
188034
188035
188036
188037
188038
188039
188042
188043
188044
188045
188046
188047
188049
188052
188054
188060
188063
188064
188150
188159
188160
188168
188174
188177
188178
188185
188186
188187
188188
188189
188190
188192
188193
188194
188195
188196
188197
188199
188200
188202
188205
188206
188207
188209
188211
188215
188216
188217
188219
188220
188245
188246
188247
188260
188261
188262
188263
188264
188265
188266
188267
188270
188271
188272
188273
188274
188275
188276
188277
188280
188282
188288
188292
188363
188369
188372
188373
188380
188381
188382
188383
188384
188385
188386
188387
188388
188389
188391
188392
188394
188395
188396
188397
188402
188414
188415
188425
188426
188427
188440
188441
188442
188444
188446
188450
188451
188453
188454
188457
188480
188491
188492
188500
188501
188504
188505
188507
188509
188511
188515
188517
188522
188534
188535
188545
188546
188547
188560
188561
188562
188564
188566
188570
188571
188574
188576
188577
188620
188621
188624
188625
188626
188627
188629
188631
188635
188636
188637
188642
188654
188655
188680
188681
188682
188683
188684
188687
188688
188689
188690
188691
188692
188693
188694
188697
188717
188728
188729
188737
188738
188739
188740
188741
188743
188744
188745
188746
188748
188749
188751
188753
188754
188791
188792
188793
188794
188795
188796
188797
188800
188801
188802
188803
188804
188805
188806
188807
188808
188812
188817
188823
188827
188828
188832
188833
188838
188839
188840
188845
188847
188850
188851
188852
188854
188856
188860
188861
188862
188864
188865
188899
188900
188901
188902
188903
188906
188907
188908
188910
188911
188912
188913
188916
188950
188951
188952
188953
188954
188956
188957
188958
188959
188961
188962
188964
188966
188967
188983
188984
188988
188989
188990
188994
188995
188996
189001
189002
189003
189007
189012
189017
189018
189055
189056
189059
189060
189061
189064
189065
189066
189070
189071
189072
189076
189081
189086
189087
189112
189113
189114
189115
189116
189118
189121
189122
189123
189124
189125
189126
189128
189129
189149
189160
189161
189171
189172
189173
189175
189177
189181
189182
189183
189185
189186
189223
189224
189225
189226
189227
189229
189230
189231
189232
189234
189235
189236
189237
189239
189240
189274
189275
189276
189277
189278
189280
189281
189282
189283
189285
189286
189287
189288
189290
189291
189325
189326
189327
189328
189329
189331
189332
189333
189334
189336
189337
189338
189339
189341
189342
189376
189377
189378
189379
189380
189382
189383
189384
189385
189387
189388
189389
189390
189392
189393
189427
189428
189429
189430
189431
189433
189434
189435
189436
189438
189439
189440
189441
189443
189444
189478
189479
189480
189481
189482
189484
189485
189486
189487
189489
189490
189491
189492
189494
189495
189529
189530
189531
189532
189533
189535
189536
189537
189538
189540
189541
189542
189543
189545
189546
189580
189581
189582
189583
189584
189586
189587
189588
189589
189591
189592
189593
189594
189596
189597
189631
189632
189635
189636
189637
189638
189640
189642
189646
189647
189648
189652
189662
189663
189672
189673
189674
189685
189686
189687
189689
189691
189695
189696
189699
189701
189702
189721
189722
189726
189727
189732
189733
189734
189739
189741
189745
189750
189755
189756
189799
189800
189803
189804
189805
189808
189809
189810
189814
189815
189816
189820
189825
189831
189853
189854
189855
189856
189857
189859
189860
189861
189862
189864
189865
189866
189867
189869
189870
189904
189905
189906
189907
189908
189910
189911
189912
189913
189915
189916
189917
189918
189920
189921
189952
189953
189956
189957
189959
189961
189962
189963
189967
189969
189973
189978
189983
189984
189988
189989
189993
189994
189995
189999
190000
190001
190006
190007
190008
190010
190012
190016
190017
190020
190023
190057
190058
190059
190060
190061
190062
190063
190064
190065
190066
190068
190069
190071
190072
190073
190074
190079
190091
190092
190102
190103
190104
190117
190118
190119
190120
190121
190122
190123
190124
190127
190128
190129
190131
190132
190133
190134
190137
190154
190165
190166
190176
190177
190178
190180
190182
190186
190188
190190
190191
190237
190238
190239
190240
190241
190246
190247
190248
190249
190250
190251
190254
190274
190285
190286
190296
190297
190298
190299
190300
190302
190306
190308
190309
190310
190311
190316
190328
190329
190339
190340
190341
190354
190355
190356
190357
190358
190359
190360
190361
190366
190367
190368
190369
190370
190371
190374
190394
190405
190406
190414
190415
190416
190417
190418
190419
190421
190422
190423
190425
190426
190428
190429
190431
190435
190436
190437
190439
190447
190448
190449
190451
190452
190531
190532
190533
190534
190535
190543
190544
190545
190546
190547
190548
190549
190550
190551
190552
190553
190556
190557
190558
190559
190560
190561
190563
190566
190603
190604
190607
190608
190610
190612
190613
190614
190618
190620
190621
190622
190623
190624
190625
190626
190628
190629
190630
190632
190633
190635
190636
190638
190641
190642
190643
190644
190645
190651
190652
190653
190654
190655
190656
190661
190673
190674
190755
190756
190757
190768
190769
190770
190773
190774
190775
190776
190777
190783
190784
190785
190786
190787
190788
190789
190790
190791
190792
190793
190794
190796
190797
190798
190799
190800
190801
190803
190804
190806
190808
190810
190814
190815
190818
190821
190871
190877
190880
190881
190888
190889
190892
190893
190895
190897
190898
190899
190903
190905
190906
190907
190908
190909
190910
190911
190913
190914
190915
190916
190917
190918
190920
190921
190923
190924
190925
190926
190927
190928
190929
190931
190932
190933
190934
190935
190936
190938
190939
190941
190942
190943
190944
190945
190946
190947
190949
190950
190951
190952
190953
190954
190956
190957
190959
190960
190961
190962
190963
190964
190965
190967
190968
190969
190970
190971
190972
190974
190975
190977
190979
190981
190985
190986
190988
190989
190992
190997
191003
191007
191284
191285
191286
191287
191288
191296
191297
191298
191299
191300
191301
191302
191303
191304
191305
191306
191307
191311
191312
191313
191314
191315
191316
191317
191319
191320
191321
191322
191323
191324
191325
191327
191328
191329
191330
191331
191332
191334
191335
191337
191338
191339
191340
191341
191342
191343
191345
191346
191347
191348
191349
191350
191352
191353
191355
191356
191357
191358
191359
191360
191361
191363
191364
191365
191366
191367
191368
191370
191371
191373
191374
191375
191376
191377
191378
191379
191381
191382
191383
191384
191385
191386
191388
191389
191391
191394
191395
191396
191397
191398
191400
191404
191406
191407
191408
191409
191413
191414
191415
191417
191425
191426
191427
191429
191430
191485
191486
191487
191488
191489
191490
191491
191494
191495
191496
191497
191498
191499
191500
191501
191502
191503
191504
191505
191506
191507
191510
191511
191512
191513
191514
191515
191517
191520
191522
191528
191531
191532
191618
191627
191628
191636
191642
191645
191646
191653
191654
191655
191656
191657
191658
191660
191661
191662
191663
191664
191665
191667
191668
191670
191673
191674
191675
191677
191679
191683
191684
191685
191687
191688
191713
191714
191715
191728
191729
191730
191731
191732
191733
191734
191735
191738
191739
191740
191741
191742
191743
191744
191745
191748
191750
191756
191760
191831
191837
191840
191841
191848
191849
191850
191851
191852
191853
191854
191855
191856
191857
191859
191860
191862
191863
191864
191865
191870
191882
191883
191893
191894
191895
191908
191909
191910
191912
191914
191918
191919
191921
191922
191925
191948
191959
191960
191968
191969
191972
191973
191975
191977
191979
191983
191985
191990
192002
192003
192013
192014
192015
192028
192029
192030
192032
192034
192038
192039
192042
192044
192045
192088
192089
192092
192093
192094
192095
192097
192099
192103
192104
192105
192110
192122
192123
192148
192149
192150
192151
192152
192155
192156
192157
192158
192159
192160
192161
192162
192165
192185
192196
192197
192205
192206
192207
192208
192209
192211
192212
192213
192214
192216
192217
192219
192221
192222
192259
192260
192261
192262
192263
192264
192265
192268
192269
192270
192271
192272
192273
192274
192275
192276
192280
192285
192291
192295
192296
192300
192301
192306
192307
192308
192313
192315
192318
192319
192320
192322
192324
192328
192329
192330
192332
192333
192367
192368
192369
192370
192371
192374
192375
192376
192378
192379
192380
192381
192384
192418
192419
192420
192421
192422
192424
192425
192426
192427
192429
192430
192432
192434
192435
192451
192452
192456
192457
192458
192462
192463
192464
192469
192470
192471
192475
192480
192485
192486
192523
192524
192527
192528
192529
192532
192533
192534
192538
192539
192540
192544
192549
192554
192555
192580
192581
192582
192583
192584
192586
192589
192590
192591
192592
192593
192594
192596
192597
192617
192628
192629
192639
192640
192641
192643
192645
192649
192650
192651
192653
192654
192691
192692
192693
192694
192695
192697
192698
192699
192700
192702
192703
192704
192705
192707
192708
192742
192743
192744
192745
192746
192748
192749
192750
192751
192753
192754
192755
192756
192758
192759
192793
192794
192795
192796
192797
192799
192800
192801
192802
192804
192805
192806
192807
192809
192810
192844
192845
192846
192847
192848
192850
192851
192852
192853
192855
192856
192857
192858
192860
192861
192895
192896
192897
192898
192899
192901
192902
192903
192904
192906
192907
192908
192909
192911
192912
192946
192947
192948
192949
192950
192952
192953
192954
192955
192957
192958
192959
192960
192962
192963
192997
192998
192999
193000
193001
193003
193004
193005
193006
193008
193009
193010
193011
193013
193014
193048
193049
193050
193051
193052
193054
193055
193056
193057
193059
193060
193061
193062
193064
193065
193099
193100
193103
193104
193105
193106
193108
193110
193114
193115
193116
193120
193130
193131
193140
193141
193142
193153
193154
193155
193157
193159
193163
193164
193167
193169
193170
193189
193190
193194
193195
193200
193201
193202
193207
193209
193213
193218
193223
193224
193267
193268
193271
193272
193273
193276
193277
193278
193282
193283
193284
193288
193293
193299
193321
193322
193323
193324
193325
193327
193328
193329
193330
193332
193333
193334
193335
193337
193338
193372
193373
193374
193375
193376
193378
193379
193380
193381
193383
193384
193385
193386
193388
193389
193420
193421
193424
193425
193427
193429
193430
193431
193435
193437
193441
193446
193451
193452
193456
193457
193461
193462
193463
193467
193468
193469
193474
193475
193476
193478
193480
193484
193485
193488
193491
193525
193526
193527
193528
193529
193530
193531
193532
193533
193534
193536
193537
193539
193540
193541
193542
193547
193559
193560
193570
193571
193572
193585
193586
193587
193588
193589
193590
193591
193592
193595
193596
193597
193599
193600
193601
193602
193605
193622
193633
193634
193644
193645
193646
193648
193650
193654
193656
193658
193659
193705
193706
193707
193708
193709
193714
193715
193716
193717
193718
193719
193722
193742
193753
193754
193764
193765
193766
193767
193768
193770
193774
193776
193777
193778
193779
193784
193796
193797
193807
193808
193809
193822
193823
193824
193825
193826
193827
193828
193829
193834
193835
193836
193837
193838
193839
193842
193862
193873
193874
193882
193883
193884
193885
193886
193887
193889
193890
193891
193893
193894
193896
193897
193899
193903
193904
193905
193907
193915
193916
193917
193919
193920
193999
194000
194001
194002
194003
194011
194012
194013
194014
194015
194016
194017
194018
194019
194020
194021
194024
194025
194026
194027
194028
194029
194031
194034
194071
194072
194075
194076
194078
194080
194081
194082
194086
194088
194089
194090
194091
194092
194093
194094
194096
194097
194098
194100
194101
194103
194104
194106
194109
194110
194111
194112
194113
194119
194120
194121
194122
194123
194124
194129
194141
194142
194223
194224
194225
194236
194237
194238
194241
194242
194243
194244
194245
194251
194252
194253
194254
194255
194256
194257
194258
194259
194260
194261
194262
194264
194265
194266
194267
194268
194269
194271
194272
194274
194276
194278
194282
194283
194286
194289
194339
194345
194348
194349
194356
194357
194360
194361
194363
194365
194366
194367
194371
194373
194374
194375
194376
194377
194378
194379
194381
194382
194383
194384
194385
194386
194388
194389
194391
194392
194393
194394
194395
194396
194397
194399
194400
194401
194402
194403
194404
194406
194407
194409
194410
194411
194412
194413
194414
194415
194417
194418
194419
194420
194421
194422
194424
194425
194427
194428
194429
194430
194431
194432
194433
194435
194436
194437
194438
194439
194440
194442
194443
194445
194447
194449
194453
194454
194456
194457
194460
194465
194471
194475
194752
194753
194754
194755
194756
194764
194765
194766
194767
194768
194769
194770
194771
194772
194773
194774
194775
194779
194780
194781
194782
194783
194784
194785
194787
194788
194789
194790
194791
194792
194793
194795
194796
194797
194798
194799
194800
194802
194803
194805
194806
194807
194808
194809
194810
194811
194813
194814
194815
194816
194817
194818
194820
194821
194823
194824
194825
194826
194827
194828
194829
194831
194832
194833
194834
194835
194836
194838
194839
194841
194842
194843
194844
194845
194846
194847
194849
194850
194851
194852
194853
194854
194856
194857
194859
194862
194863
194864
194865
194866
194868
194872
194874
194875
194876
194877
194881
194882
194883
194885
194893
194894
194895
194897
194898
194953
194954
194955
194956
194957
194958
194959
194962
194963
194964
194965
194966
194967
194968
194969
194970
194971
194972
194973
194974
194975
194978
194979
194980
194981
194982
194983
194985
194988
194990
194996
194999
195000
195086
195095
195096
195104
195110
195113
195114
195121
195122
195123
195124
195125
195126
195128
195129
195130
195131
195132
195133
195135
195136
195138
195141
195142
195143
195145
195147
195151
195152
195153
195155
195156
195181
195182
195183
195196
195197
195198
195199
195200
195201
195202
195203
195206
195207
195208
195209
195210
195211
195212
195213
195216
195218
195224
195228
195299
195305
195308
195309
195316
195317
195318
195319
195320
195321
195322
195323
195324
195325
195327
195328
195330
195331
195332
195333
195338
195350
195351
195361
195362
195363
195376
195377
195378
195380
195382
195386
195387
195389
195390
195393
195416
195427
195428
195436
195437
195440
195441
195443
195445
195447
195451
195453
195458
195470
195471
195481
195482
195483
195496
195497
195498
195500
195502
195506
195507
195510
195512
195513
195556
195557
195560
195561
195562
195563
195565
195567
195571
195572
195573
195578
195590
195591
195616
195617
195618
195619
195620
195623
195624
195625
195626
195627
195628
195629
195630
195633
195653
195664
195665
195673
195674
195675
195676
195677
195679
195680
195681
195682
195684
195685
195687
195689
195690
195727
195728
195729
195730
195731
195732
195733
195736
195737
195738
195739
195740
195741
195742
195743
195744
195748
195753
195759
195763
195764
195768
195769
195774
195775
195776
195781
195783
195786
195787
195788
195790
195792
195796
195797
195798
195800
195801
195835
195836
195837
195838
195839
195842
195843
195844
195846
195847
195848
195849
195852
195886
195887
195888
195889
195890
195892
195893
195894
195895
195897
195898
195900
195902
195903
195919
195920
195924
195925
195926
195930
195931
195932
195937
195938
195939
195943
195948
195953
195954
195991
195992
195995
195996
195997
196000
196001
196002
196006
196007
196008
196012
196017
196022
196023
196048
196049
196050
196051
196052
196054
196057
196058
196059
196060
196061
196062
196064
196065
196085
196096
196097
196107
196108
196109
196111
196113
196117
196118
196119
196121
196122
196159
196160
196161
196162
196163
196165
196166
196167
196168
196170
196171
196172
196173
196175
196176
196210
196211
196212
196213
196214
196216
196217
196218
196219
196221
196222
196223
196224
196226
196227
196261
196262
196263
196264
196265
196267
196268
196269
196270
196272
196273
196274
196275
196277
196278
196312
196313
196314
196315
196316
196318
196319
196320
196321
196323
196324
196325
196326
196328
196329
196363
196364
196365
196366
196367
196369
196370
196371
196372
196374
196375
196376
196377
196379
196380
196414
196415
196416
196417
196418
196420
196421
196422
196423
196425
196426
196427
196428
196430
196431
196465
196466
196467
196468
196469
196471
196472
196473
196474
196476
196477
196478
196479
196481
196482
196516
196517
196518
196519
196520
196522
196523
196524
196525
196527
196528
196529
196530
196532
196533
196567
196568
196571
196572
196573
196574
196576
196578
196582
196583
196584
196588
196598
196599
196608
196609
196610
196621
196622
196623
196625
196627
196631
196632
196635
196637
196638
196657
196658
196662
196663
196668
196669
196670
196675
196677
196681
196686
196691
196692
196735
196736
196739
196740
196741
196744
196745
196746
196750
196751
196752
196756
196761
196767
196789
196790
196791
196792
196793
196795
196796
196797
196798
196800
196801
196802
196803
196805
196806
196840
196841
196842
196843
196844
196846
196847
196848
196849
196851
196852
196853
196854
196856
196857
196888
196889
196892
196893
196895
196897
196898
196899
196903
196905
196909
196914
196919
196920
196924
196925
196929
196930
196931
196935
196936
196937
196942
196943
196944
196946
196948
196952
196953
196956
196959
196993
196994
196995
196996
196997
196998
196999
197000
197001
197002
197004
197005
197007
197008
197009
197010
197015
197027
197028
197038
197039
197040
197053
197054
197055
197056
197057
197058
197059
197060
197063
197064
197065
197067
197068
197069
197070
197073
197090
197101
197102
197112
197113
197114
197116
197118
197122
197124
197126
197127
197173
197174
197175
197176
197177
197182
197183
197184
197185
197186
197187
197190
197210
197221
197222
197232
197233
197234
197235
197236
197238
197242
197244
197245
197246
197247
197252
197264
197265
197275
197276
197277
197290
197291
197292
197293
197294
197295
197296
197297
197302
197303
197304
197305
197306
197307
197310
197330
197341
197342
197350
197351
197352
197353
197354
197355
197357
197358
197359
197361
197362
197364
197365
197367
197371
197372
197373
197375
197383
197384
197385
197387
197388
197467
197468
197469
197470
197471
197479
197480
197481
197482
197483
197484
197485
197486
197487
197488
197489
197492
197493
197494
197495
197496
197497
197499
197502
197539
197540
197543
197544
197546
197548
197549
197550
197554
197556
197557
197558
197559
197560
197561
197562
197564
197565
197566
197568
197569
197571
197572
197574
197577
197578
197579
197580
197581
197587
197588
197589
197590
197591
197592
197597
197609
197610
197691
197692
197693
197704
197705
197706
197709
197710
197711
197712
197713
197719
197720
197721
197722
197723
197724
197725
197726
197727
197728
197729
197730
197732
197733
197734
197735
197736
197737
197739
197740
197742
197744
197746
197750
197751
197754
197757
197807
197813
197816
197817
197824
197825
197828
197829
197831
197833
197834
197835
197839
197841
197842
197843
197844
197845
197846
197847
197849
197850
197851
197852
197853
197854
197856
197857
197859
197860
197861
197862
197863
197864
197865
197867
197868
197869
197870
197871
197872
197874
197875
197877
197878
197879
197880
197881
197882
197883
197885
197886
197887
197888
197889
197890
197892
197893
197895
197896
197897
197898
197899
197900
197901
197903
197904
197905
197906
197907
197908
197910
197911
197913
197915
197917
197921
197922
197924
197925
197928
197933
197939
197943
198220
198221
198222
198223
198224
198232
198233
198234
198235
198236
198237
198238
198239
198240
198241
198242
198243
198247
198248
198249
198250
198251
198252
198253
198255
198256
198257
198258
198259
198260
198261
198263
198264
198265
198266
198267
198268
198270
198271
198273
198274
198275
198276
198277
198278
198279
198281
198282
198283
198284
198285
198286
198288
198289
198291
198292
198293
198294
198295
198296
198297
198299
198300
198301
198302
198303
198304
198306
198307
198309
198310
198311
198312
198313
198314
198315
198317
198318
198319
198320
198321
198322
198324
198325
198327
198330
198331
198332
198333
198334
198336
198340
198342
198343
198344
198345
198349
198350
198351
198353
198361
198362
198363
198365
198366
198421
198422
198423
198424
198425
198426
198427
198430
198431
198432
198433
198434
198435
198436
198437
198438
198439
198440
198441
198442
198443
198446
198447
198448
198449
198450
198451
198453
198456
198458
198464
198467
198468
198554
198563
198564
198572
198578
198581
198582
198589
198590
198591
198592
198593
198594
198596
198597
198598
198599
198600
198601
198603
198604
198606
198609
198610
198611
198613
198615
198619
198620
198621
198623
198624
198649
198650
198651
198664
198665
198666
198667
198668
198669
198670
198671
198674
198675
198676
198677
198678
198679
198680
198681
198684
198686
198692
198696
198767
198773
198776
198777
198784
198785
198786
198787
198788
198789
198790
198791
198792
198793
198795
198796
198798
198799
198800
198801
198806
198818
198819
198829
198830
198831
198844
198845
198846
198848
198850
198854
198855
198857
198858
198861
198884
198895
198896
198904
198905
198908
198909
198911
198913
198915
198919
198921
198926
198938
198939
198949
198950
198951
198964
198965
198966
198968
198970
198974
198975
198978
198980
198981
199024
199025
199028
199029
199030
199031
199033
199035
199039
199040
199041
199046
199058
199059
199084
199085
199086
199087
199088
199091
199092
199093
199094
199095
199096
199097
199098
199101
199121
199132
199133
199141
199142
199143
199144
199145
199147
199148
199149
199150
199152
199153
199155
199157
199158
199195
199196
199197
199198
199199
199200
199201
199204
199205
199206
199207
199208
199209
199210
199211
199212
199216
199221
199227
199231
199232
199236
199237
199242
199243
199244
199249
199251
199254
199255
199256
199258
199260
199264
199265
199266
199268
199269
199303
199304
199305
199306
199307
199310
199311
199312
199314
199315
199316
199317
199320
199354
199355
199356
199357
199358
199360
199361
199362
199363
199365
199366
199368
199370
199371
199387
199388
199392
199393
199394
199398
199399
199400
199405
199406
199407
199411
199416
199421
199422
199459
199460
199463
199464
199465
199468
199469
199470
199474
199475
199476
199480
199485
199490
199491
199516
199517
199518
199519
199520
199522
199525
199526
199527
199528
199529
199530
199532
199533
199553
199564
199565
199575
199576
199577
199579
199581
199585
199586
199587
199589
199590
199627
199628
199629
199630
199631
199633
199634
199635
199636
199638
199639
199640
199641
199643
199644
199678
199679
199680
199681
199682
199684
199685
199686
199687
199689
199690
199691
199692
199694
199695
199729
199730
199731
199732
199733
199735
199736
199737
199738
199740
199741
199742
199743
199745
199746
199780
199781
199782
199783
199784
199786
199787
199788
199789
199791
199792
199793
199794
199796
199797
199831
199832
199833
199834
199835
199837
199838
199839
199840
199842
199843
199844
199845
199847
199848
199882
199883
199884
199885
199886
199888
199889
199890
199891
199893
199894
199895
199896
199898
199899
199933
199934
199935
199936
199937
199939
199940
199941
199942
199944
199945
199946
199947
199949
199950
199984
199985
199986
199987
199988
199990
199991
199992
199993
199995
199996
199997
199998
200000
200001
200035
200036
200039
200040
200041
200042
200044
200046
200050
200051
200052
200056
200066
200067
200076
200077
200078
200089
200090
200091
200093
200095
200099
200100
200103
200105
200106
200125
200126
200130
200131
200136
200137
200138
200143
200145
200149
200154
200159
200160
200203
200204
200207
200208
200209
200212
200213
200214
200218
200219
200220
200224
200229
200235
200257
200258
200259
200260
200261
200263
200264
200265
200266
200268
200269
200270
200271
200273
200274
200308
200309
200310
200311
200312
200314
200315
200316
200317
200319
200320
200321
200322
200324
200325
200356
200357
200360
200361
200363
200365
200366
200367
200371
200373
200377
200382
200387
200388
200392
200393
200397
200398
200399
200403
200404
200405
200410
200411
200412
200414
200416
200420
200421
200424
200427
200461
200462
200463
200464
200465
200466
200467
200468
200469
200470
200472
200473
200475
200476
200477
200478
200483
200495
200496
200506
200507
200508
200521
200522
200523
200524
200525
200526
200527
200528
200531
200532
200533
200535
200536
200537
200538
200541
200558
200569
200570
200580
200581
200582
200584
200586
200590
200592
200594
200595
200641
200642
200643
200644
200645
200650
200651
200652
200653
200654
200655
200658
200678
200689
200690
200700
200701
200702
200703
200704
200706
200710
200712
200713
200714
200715
200720
200732
200733
200743
200744
200745
200758
200759
200760
200761
200762
200763
200764
200765
200770
200771
200772
200773
200774
200775
200778
200798
200809
200810
200818
200819
200820
200821
200822
200823
200825
200826
200827
200829
200830
200832
200833
200835
200839
200840
200841
200843
200851
200852
200853
200855
200856
200935
200936
200937
200938
200939
200947
200948
200949
200950
200951
200952
200953
200954
200955
200956
200957
200960
200961
200962
200963
200964
200965
200967
200970
201007
201008
201011
201012
201014
201016
201017
201018
201022
201024
201025
201026
201027
201028
201029
201030
201032
201033
201034
201036
201037
201039
201040
201042
201045
201046
201047
201048
201049
201055
201056
201057
201058
201059
201060
201065
201077
201078
201159
201160
201161
201172
201173
201174
201177
201178
201179
201180
201181
201187
201188
201189
201190
201191
201192
201193
201194
201195
201196
201197
201198
201200
201201
201202
201203
201204
201205
201207
201208
201210
201212
201214
201218
201219
201222
201225
201275
201281
201284
201285
201292
201293
201296
201297
201299
201301
201302
201303
201307
201309
201310
201311
201312
201313
201314
201315
201317
201318
201319
201320
201321
201322
201324
201325
201327
201328
201329
201330
201331
201332
201333
201335
201336
201337
201338
201339
201340
201342
201343
201345
201346
201347
201348
201349
201350
201351
201353
201354
201355
201356
201357
201358
201360
201361
201363
201364
201365
201366
201367
201368
201369
201371
201372
201373
201374
201375
201376
201378
201379
201381
201383
201385
201389
201390
201392
201393
201396
201401
201407
201411
201688
201689
201690
201691
201692
201700
201701
201702
201703
201704
201705
201706
201707
201708
201709
201710
201711
201715
201716
201717
201718
201719
201720
201721
201723
201724
201725
201726
201727
201728
201729
201731
201732
201733
201734
201735
201736
201738
201739
201741
201742
201743
201744
201745
201746
201747
201749
201750
201751
201752
201753
201754
201756
201757
201759
201760
201761
201762
201763
201764
201765
201767
201768
201769
201770
201771
201772
201774
201775
201777
201778
201779
201780
201781
201782
201783
201785
201786
201787
201788
201789
201790
201792
201793
201795
201798
201799
201800
201801
201802
201804
201808
201810
201811
201812
201813
201817
201818
201819
201821
201829
201830
201831
201833
201834
201889
201890
201891
201892
201893
201894
201895
201898
201899
201900
201901
201902
201903
201904
201905
201906
201907
201908
201909
201910
201911
201914
201915
201916
201917
201918
201919
201921
201924
201926
201932
201935
201936
202022
202031
202032
202040
202046
202049
202050
202057
202058
202059
202060
202061
202062
202064
202065
202066
202067
202068
202069
202071
202072
202074
202077
202078
202079
202081
202083
202087
202088
202089
202091
202092
202117
202118
202119
202132
202133
202134
202135
202136
202137
202138
202139
202142
202143
202144
202145
202146
202147
202148
202149
202152
202154
202160
202164
202235
202241
202244
202245
202252
202253
202254
202255
202256
202257
202258
202259
202260
202261
202263
202264
202266
202267
202268
202269
202274
202286
202287
202297
202298
202299
202312
202313
202314
202316
202318
202322
202323
202325
202326
202329
202352
202363
202364
202372
202373
202376
202377
202379
202381
202383
202387
202389
202394
202406
202407
202417
202418
202419
202432
202433
202434
202436
202438
202442
202443
202446
202448
202449
202492
202493
202496
202497
202498
202499
202501
202503
202507
202508
202509
202514
202526
202527
202552
202553
202554
202555
202556
202559
202560
202561
202562
202563
202564
202565
202566
202569
202589
202600
202601
202609
202610
202611
202612
202613
202615
202616
202617
202618
202620
202621
202623
202625
202626
202663
202664
202665
202666
202667
202668
202669
202672
202673
202674
202675
202676
202677
202678
202679
202680
202684
202689
202695
202699
202700
202704
202705
202710
202711
202712
202717
202719
202722
202723
202724
202726
202728
202732
202733
202734
202736
202737
202771
202772
202773
202774
202775
202778
202779
202780
202782
202783
202784
202785
202788
202822
202823
202824
202825
202826
202828
202829
202830
202831
202833
202834
202836
202838
202839
202855
202856
202860
202861
202862
202866
202867
202868
202873
202874
202875
202879
202884
202889
202890
202927
202928
202931
202932
202933
202936
202937
202938
202942
202943
202944
202948
202953
202958
202959
202984
202985
202986
202987
202988
202990
202993
202994
202995
202996
202997
202998
203000
203001
203021
203032
203033
203043
203044
203045
203047
203049
203053
203054
203055
203057
203058
203095
203096
203097
203098
203099
203101
203102
203103
203104
203106
203107
203108
203109
203111
203112
203146
203147
203148
203149
203150
203152
203153
203154
203155
203157
203158
203159
203160
203162
203163
203197
203198
203199
203200
203201
203203
203204
203205
203206
203208
203209
203210
203211
203213
203214
203248
203249
203250
203251
203252
203254
203255
203256
203257
203259
203260
203261
203262
203264
203265
203299
203300
203301
203302
203303
203305
203306
203307
203308
203310
203311
203312
203313
203315
203316
203350
203351
203352
203353
203354
203356
203357
203358
203359
203361
203362
203363
203364
203366
203367
203401
203402
203403
203404
203405
203407
203408
203409
203410
203412
203413
203414
203415
203417
203418
203452
203453
203454
203455
203456
203458
203459
203460
203461
203463
203464
203465
203466
203468
203469
203503
203504
203507
203508
203509
203510
203512
203514
203518
203519
203520
203524
203534
203535
203544
203545
203546
203557
203558
203559
203561
203563
203567
203568
203571
203573
203574
203593
203594
203598
203599
203604
203605
203606
203611
203613
203617
203622
203627
203628
203671
203672
203675
203676
203677
203680
203681
203682
203686
203687
203688
203692
203697
203703
203725
203726
203727
203728
203729
203731
203732
203733
203734
203736
203737
203738
203739
203741
203742
203776
203777
203778
203779
203780
203782
203783
203784
203785
203787
203788
203789
203790
203792
203793
203824
203825
203828
203829
203831
203833
203834
203835
203839
203841
203845
203850
203855
203856
203860
203861
203865
203866
203867
203871
203872
203873
203878
203879
203880
203882
203884
203888
203889
203892
203895
203929
203930
203931
203932
203933
203934
203935
203936
203937
203938
203940
203941
203943
203944
203945
203946
203951
203963
203964
203974
203975
203976
203989
203990
203991
203992
203993
203994
203995
203996
203999
204000
204001
204003
204004
204005
204006
204009
204026
204037
204038
204048
204049
204050
204052
204054
204058
204060
204062
204063
204109
204110
204111
204112
204113
204118
204119
204120
204121
204122
204123
204126
204146
204157
204158
204168
204169
204170
204171
204172
204174
204178
204180
204181
204182
204183
204188
204200
204201
204211
204212
204213
204226
204227
204228
204229
204230
204231
204232
204233
204238
204239
204240
204241
204242
204243
204246
204266
204277
204278
204286
204287
204288
204289
204290
204291
204293
204294
204295
204297
204298
204300
204301
204303
204307
204308
204309
204311
204319
204320
204321
204323
204324
204403
204404
204405
204406
204407
204415
204416
204417
204418
204419
204420
204421
204422
204423
204424
204425
204428
204429
204430
204431
204432
204433
204435
204438
204475
204476
204479
204480
204482
204484
204485
204486
204490
204492
204493
204494
204495
204496
204497
204498
204500
204501
204502
204504
204505
204507
204508
204510
204513
204514
204515
204516
204517
204523
204524
204525
204526
204527
204528
204533
204545
204546
204627
204628
204629
204640
204641
204642
204645
204646
204647
204648
204649
204655
204656
204657
204658
204659
204660
204661
204662
204663
204664
204665
204666
204668
204669
204670
204671
204672
204673
204675
204676
204678
204680
204682
204686
204687
204690
204693
204743
204749
204752
204753
204760
204761
204764
204765
204767
204769
204770
204771
204775
204777
204778
204779
204780
204781
204782
204783
204785
204786
204787
204788
204789
204790
204792
204793
204795
204796
204797
204798
204799
204800
204801
204803
204804
204805
204806
204807
204808
204810
204811
204813
204814
204815
204816
204817
204818
204819
204821
204822
204823
204824
204825
204826
204828
204829
204831
204832
204833
204834
204835
204836
204837
204839
204840
204841
204842
204843
204844
204846
204847
204849
204851
204853
204857
204858
204860
204861
204864
204869
204875
204879
205156
205157
205158
205159
205160
205168
205169
205170
205171
205172
205173
205174
205175
205176
205177
205178
205179
205183
205184
205185
205186
205187
205188
205189
205191
205192
205193
205194
205195
205196
205197
205199
205200
205201
205202
205203
205204
205206
205207
205209
205210
205211
205212
205213
205214
205215
205217
205218
205219
205220
205221
205222
205224
205225
205227
205228
205229
205230
205231
205232
205233
205235
205236
205237
205238
205239
205240
205242
205243
205245
205246
205247
205248
205249
205250
205251
205253
205254
205255
205256
205257
205258
205260
205261
205263
205266
205267
205268
205269
205270
205272
205276
205278
205279
205280
205281
205285
205286
205287
205289
205297
205298
205299
205301
205302
205357
205358
205359
205360
205361
205362
205363
205366
205367
205368
205369
205370
205371
205372
205373
205374
205375
205376
205377
205378
205379
205382
205383
205384
205385
205386
205387
205389
205392
205394
205400
205403
205404
205490
205499
205500
205508
205514
205517
205518
205525
205526
205527
205528
205529
205530
205532
205533
205534
205535
205536
205537
205539
205540
205542
205545
205546
205547
205549
205551
205555
205556
205557
205559
205560
205585
205586
205587
205600
205601
205602
205603
205604
205605
205606
205607
205610
205611
205612
205613
205614
205615
205616
205617
205620
205622
205628
205632
205703
205709
205712
205713
205720
205721
205722
205723
205724
205725
205726
205727
205728
205729
205731
205732
205734
205735
205736
205737
205742
205754
205755
205765
205766
205767
205780
205781
205782
205784
205786
205790
205791
205793
205794
205797
205820
205831
205832
205840
205841
205844
205845
205847
205849
205851
205855
205857
205862
205874
205875
205885
205886
205887
205900
205901
205902
205904
205906
205910
205911
205914
205916
205917
205960
205961
205964
205965
205966
205967
205969
205971
205975
205976
205977
205982
205994
205995
206020
206021
206022
206023
206024
206027
206028
206029
206030
206031
206032
206033
206034
206037
206057
206068
206069
206077
206078
206079
206080
206081
206083
206084
206085
206086
206088
206089
206091
206093
206094
206131
206132
206133
206134
206135
206136
206137
206140
206141
206142
206143
206144
206145
206146
206147
206148
206152
206157
206163
206167
206168
206172
206173
206178
206179
206180
206185
206187
206190
206191
206192
206194
206196
206200
206201
206202
206204
206205
206239
206240
206241
206242
206243
206246
206247
206248
206250
206251
206252
206253
206256
206290
206291
206292
206293
206294
206296
206297
206298
206299
206301
206302
206304
206306
206307
206323
206324
206328
206329
206330
206334
206335
206336
206341
206342
206343
206347
206352
206357
206358
206395
206396
206399
206400
206401
206404
206405
206406
206410
206411
206412
206416
206421
206426
206427
206452
206453
206454
206455
206456
206458
206461
206462
206463
206464
206465
206466
206468
206469
206489
206500
206501
206511
206512
206513
206515
206517
206521
206522
206523
206525
206526
206563
206564
206565
206566
206567
206569
206570
206571
206572
206574
206575
206576
206577
206579
206580
206614
206615
206616
206617
206618
206620
206621
206622
206623
206625
206626
206627
206628
206630
206631
206665
206666
206667
206668
206669
206671
206672
206673
206674
206676
206677
206678
206679
206681
206682
206716
206717
206718
206719
206720
206722
206723
206724
206725
206727
206728
206729
206730
206732
206733
206767
206768
206769
206770
206771
206773
206774
206775
206776
206778
206779
206780
206781
206783
206784
206818
206819
206820
206821
206822
206824
206825
206826
206827
206829
206830
206831
206832
206834
206835
206869
206870
206871
206872
206873
206875
206876
206877
206878
206880
206881
206882
206883
206885
206886
206920
206921
206922
206923
206924
206926
206927
206928
206929
206931
206932
206933
206934
206936
206937
206971
206972
206975
206976
206977
206978
206980
206982
206986
206987
206988
206992
207002
207003
207012
207013
207014
207025
207026
207027
207029
207031
207035
207036
207039
207041
207042
207061
207062
207066
207067
207072
207073
207074
207079
207081
207085
207090
207095
207096
207139
207140
207143
207144
207145
207148
207149
207150
207154
207155
207156
207160
207165
207171
207193
207194
207195
207196
207197
207199
207200
207201
207202
207204
207205
207206
207207
207209
207210
207244
207245
207246
207247
207248
207250
207251
207252
207253
207255
207256
207257
207258
207260
207261
207292
207293
207296
207297
207299
207301
207302
207303
207307
207309
207313
207318
207323
207324
207328
207329
207333
207334
207335
207339
207340
207341
207346
207347
207348
207350
207352
207356
207357
207360
207363
207397
207398
207399
207400
207401
207402
207403
207404
207405
207406
207408
207409
207411
207412
207413
207414
207419
207431
207432
207442
207443
207444
207457
207458
207459
207460
207461
207462
207463
207464
207467
207468
207469
207471
207472
207473
207474
207477
207494
207505
207506
207516
207517
207518
207520
207522
207526
207528
207530
207531
207577
207578
207579
207580
207581
207586
207587
207588
207589
207590
207591
207594
207614
207625
207626
207636
207637
207638
207639
207640
207642
207646
207648
207649
207650
207651
207656
207668
207669
207679
207680
207681
207694
207695
207696
207697
207698
207699
207700
207701
207706
207707
207708
207709
207710
207711
207714
207734
207745
207746
207754
207755
207756
207757
207758
207759
207761
207762
207763
207765
207766
207768
207769
207771
207775
207776
207777
207779
207787
207788
207789
207791
207792
207871
207872
207873
207874
207875
207883
207884
207885
207886
207887
207888
207889
207890
207891
207892
207893
207896
207897
207898
207899
207900
207901
207903
207906
207943
207944
207947
207948
207950
207952
207953
207954
207958
207960
207961
207962
207963
207964
207965
207966
207968
207969
207970
207972
207973
207975
207976
207978
207981
207982
207983
207984
207985
207991
207992
207993
207994
207995
207996
208001
208013
208014
208095
208096
208097
208108
208109
208110
208113
208114
208115
208116
208117
208123
208124
208125
208126
208127
208128
208129
208130
208131
208132
208133
208134
208136
208137
208138
208139
208140
208141
208143
208144
208146
208148
208150
208154
208155
208158
208161
208211
208217
208220
208221
208228
208229
208232
208233
208235
208237
208238
208239
208243
208245
208246
208247
208248
208249
208250
208251
208253
208254
208255
208256
208257
208258
208260
208261
208263
208264
208265
208266
208267
208268
208269
208271
208272
208273
208274
208275
208276
208278
208279
208281
208282
208283
208284
208285
208286
208287
208289
208290
208291
208292
208293
208294
208296
208297
208299
208300
208301
208302
208303
208304
208305
208307
208308
208309
208310
208311
208312
208314
208315
208317
208319
208321
208325
208326
208328
208329
208332
208337
208343
208347
208624
208625
208626
208627
208628
208636
208637
208638
208639
208640
208641
208642
208643
208644
208645
208646
208647
208651
208652
208653
208654
208655
208656
208657
208659
208660
208661
208662
208663
208664
208665
208667
208668
208669
208670
208671
208672
208674
208675
208677
208678
208679
208680
208681
208682
208683
208685
208686
208687
208688
208689
208690
208692
208693
208695
208696
208697
208698
208699
208700
208701
208703
208704
208705
208706
208707
208708
208710
208711
208713
208714
208715
208716
208717
208718
208719
208721
208722
208723
208724
208725
208726
208728
208729
208731
208734
208735
208736
208737
208738
208740
208744
208746
208747
208748
208749
208753
208754
208755
208757
208765
208766
208767
208769
208770
208825
208826
208827
208828
208829
208830
208831
208834
208835
208836
208837
208838
208839
208840
208841
208842
208843
208844
208845
208846
208847
208850
208851
208852
208853
208854
208855
208857
208860
208862
208868
208871
208872
208958
208967
208968
208976
208982
208985
208986
208993
208994
208995
208996
208997
208998
209000
209001
209002
209003
209004
209005
209007
209008
209010
209013
209014
209015
209017
209019
209023
209024
209025
209027
209028
209053
209054
209055
209068
209069
209070
209071
209072
209073
209074
209075
209078
209079
209080
209081
209082
209083
209084
209085
209088
209090
209096
209100
209171
209177
209180
209181
209188
209189
209190
209191
209192
209193
209194
209195
209196
209197
209199
209200
209202
209203
209204
209205
209210
209222
209223
209233
209234
209235
209248
209249
209250
209252
209254
209258
209259
209261
209262
209265
209288
209299
209300
209308
209309
209312
209313
209315
209317
209319
209323
209325
209330
209342
209343
209353
209354
209355
209368
209369
209370
209372
209374
209378
209379
209382
209384
209385
209428
209429
209432
209433
209434
209435
209437
209439
209443
209444
209445
209450
209462
209463
209488
209489
209490
209491
209492
209495
209496
209497
209498
209499
209500
209501
209502
209505
209525
209536
209537
209545
209546
209547
209548
209549
209551
209552
209553
209554
209556
209557
209559
209561
209562
209599
209600
209601
209602
209603
209604
209605
209608
209609
209610
209611
209612
209613
209614
209615
209616
209620
209625
209631
209635
209636
209640
209641
209646
209647
209648
209653
209655
209658
209659
209660
209662
209664
209668
209669
209670
209672
209673
209707
209708
209709
209710
209711
209714
209715
209716
209718
209719
209720
209721
209724
209758
209759
209760
209761
209762
209764
209765
209766
209767
209769
209770
209772
209774
209775
209791
209792
209796
209797
209798
209802
209803
209804
209809
209810
209811
209815
209820
209825
209826
209863
209864
209867
209868
209869
209872
209873
209874
209878
209879
209880
209884
209889
209894
209895
209920
209921
209922
209923
209924
209926
209929
209930
209931
209932
209933
209934
209936
209937
209957
209968
209969
209979
209980
209981
209983
209985
209989
209990
209991
209993
209994
210031
210032
210033
210034
210035
210037
210038
210039
210040
210042
210043
210044
210045
210047
210048
210082
210083
210084
210085
210086
210088
210089
210090
210091
210093
210094
210095
210096
210098
210099
210133
210134
210135
210136
210137
210139
210140
210141
210142
210144
210145
210146
210147
210149
210150
210184
210185
210186
210187
210188
210190
210191
210192
210193
210195
210196
210197
210198
210200
210201
210235
210236
210237
210238
210239
210241
210242
210243
210244
210246
210247
210248
210249
210251
210252
210286
210287
210288
210289
210290
210292
210293
210294
210295
210297
210298
210299
210300
210302
210303
210337
210338
210339
210340
210341
210343
210344
210345
210346
210348
210349
210350
210351
210353
210354
210388
210389
210390
210391
210392
210394
210395
210396
210397
210399
210400
210401
210402
210404
210405
210439
210440
210443
210444
210445
210446
210448
210450
210454
210455
210456
210460
210470
210471
210480
210481
210482
210493
210494
210495
210497
210499
210503
210504
210507
210509
210510
210529
210530
210534
210535
210540
210541
210542
210547
210549
210553
210558
210563
210564
210607
210608
210611
210612
210613
210616
210617
210618
210622
210623
210624
210628
210633
210639
210661
210662
210663
210664
210665
210667
210668
210669
210670
210672
210673
210674
210675
210677
210678
210712
210713
210714
210715
210716
210718
210719
210720
210721
210723
210724
210725
210726
210728
210729
210760
210761
210764
210765
210767
210769
210770
210771
210775
210777
210781
210786
210791
210792
210796
210797
210801
210802
210803
210807
210808
210809
210814
210815
210816
210818
210820
210824
210825
210828
210831
210865
210866
210867
210868
210869
210870
210871
210872
210873
210874
210876
210877
210879
210880
210881
210882
210887
210899
210900
210910
210911
210912
210925
210926
210927
210928
210929
210930
210931
210932
210935
210936
210937
210939
210940
210941
210942
210945
210962
210973
210974
210984
210985
210986
210988
210990
210994
210996
210998
210999
211045
211046
211047
211048
211049
211054
211055
211056
211057
211058
211059
211062
211082
211093
211094
211104
211105
211106
211107
211108
211110
211114
211116
211117
211118
211119
211124
211136
211137
211147
211148
211149
211162
211163
211164
211165
211166
211167
211168
211169
211174
211175
211176
211177
211178
211179
211182
211202
211213
211214
211222
211223
211224
211225
211226
211227
211229
211230
211231
211233
211234
211236
211237
211239
211243
211244
211245
211247
211255
211256
211257
211259
211260
211339
211340
211341
211342
211343
211351
211352
211353
211354
211355
211356
211357
211358
211359
211360
211361
211364
211365
211366
211367
211368
211369
211371
211374
211411
211412
211415
211416
211418
211420
211421
211422
211426
211428
211429
211430
211431
211432
211433
211434
211436
211437
211438
211440
211441
211443
211444
211446
211449
211450
211451
211452
211453
211459
211460
211461
211462
211463
211464
211469
211481
211482
211563
211564
211565
211576
211577
211578
211581
211582
211583
211584
211585
211591
211592
211593
211594
211595
211596
211597
211598
211599
211600
211601
211602
211604
211605
211606
211607
211608
211609
211611
211612
211614
211616
211618
211622
211623
211626
211629
211679
211685
211688
211689
211696
211697
211700
211701
211703
211705
211706
211707
211711
211713
211714
211715
211716
211717
211718
211719
211721
211722
211723
211724
211725
211726
211728
211729
211731
211732
211733
211734
211735
211736
211737
211739
211740
211741
211742
211743
211744
211746
211747
211749
211750
211751
211752
211753
211754
211755
211757
211758
211759
211760
211761
211762
211764
211765
211767
211768
211769
211770
211771
211772
211773
211775
211776
211777
211778
211779
211780
211782
211783
211785
211787
211789
211793
211794
211796
211797
211800
211805
211811
211815
212092
212093
212094
212095
212096
212104
212105
212106
212107
212108
212109
212110
212111
212112
212113
212114
212115
212119
212120
212121
212122
212123
212124
212125
212127
212128
212129
212130
212131
212132
212133
212135
212136
212137
212138
212139
212140
212142
212143
212145
212146
212147
212148
212149
212150
212151
212153
212154
212155
212156
212157
212158
212160
212161
212163
212164
212165
212166
212167
212168
212169
212171
212172
212173
212174
212175
212176
212178
212179
212181
212182
212183
212184
212185
212186
212187
212189
212190
212191
212192
212193
212194
212196
212197
212199
212202
212203
212204
212205
212206
212208
212212
212214
212215
212216
212217
212221
212222
212223
212225
212233
212234
212235
212237
212238
212293
212294
212295
212296
212297
212298
212299
212302
212303
212304
212305
212306
212307
212308
212309
212310
212311
212312
212313
212314
212315
212318
212319
212320
212321
212322
212323
212325
212328
212330
212336
212339
212340
212426
212435
212436
212444
212450
212453
212454
212461
212462
212463
212464
212465
212466
212468
212469
212470
212471
212472
212473
212475
212476
212478
212481
212482
212483
212485
212487
212491
212492
212493
212495
212496
212521
212522
212523
212536
212537
212538
212539
212540
212541
212542
212543
212546
212547
212548
212549
212550
212551
212552
212553
212556
212558
212564
212568
212639
212645
212648
212649
212656
212657
212658
212659
212660
212661
212662
212663
212664
212665
212667
212668
212670
212671
212672
212673
212678
212690
212691
212701
212702
212703
212716
212717
212718
212720
212722
212726
212727
212729
212730
212733
212756
212767
212768
212776
212777
212780
212781
212783
212785
212787
212791
212793
212798
212810
212811
212821
212822
212823
212836
212837
212838
212840
212842
212846
212847
212850
212852
212853
212896
212897
212900
212901
212902
212903
212905
212907
212911
212912
212913
212918
212930
212931
212956
212957
212958
212959
212960
212963
212964
212965
212966
212967
212968
212969
212970
212973
212993
213004
213005
213013
213014
213015
213016
213017
213019
213020
213021
213022
213024
213025
213027
213029
213030
213067
213068
213069
213070
213071
213072
213073
213076
213077
213078
213079
213080
213081
213082
213083
213084
213088
213093
213099
213103
213104
213108
213109
213114
213115
213116
213121
213123
213126
213127
213128
213130
213132
213136
213137
213138
213140
213141
213175
213176
213177
213178
213179
213182
213183
213184
213186
213187
213188
213189
213192
213226
213227
213228
213229
213230
213232
213233
213234
213235
213237
213238
213240
213242
213243
213259
213260
213264
213265
213266
213270
213271
213272
213277
213278
213279
213283
213288
213293
213294
213331
213332
213335
213336
213337
213340
213341
213342
213346
213347
213348
213352
213357
213362
213363
213388
213389
213390
213391
213392
213394
213397
213398
213399
213400
213401
213402
213404
213405
213425
213436
213437
213447
213448
213449
213451
213453
213457
213458
213459
213461
213462
213499
213500
213501
213502
213503
213505
213506
213507
213508
213510
213511
213512
213513
213515
213516
213550
213551
213552
213553
213554
213556
213557
213558
213559
213561
213562
213563
213564
213566
213567
213601
213602
213603
213604
213605
213607
213608
213609
213610
213612
213613
213614
213615
213617
213618
213652
213653
213654
213655
213656
213658
213659
213660
213661
213663
213664
213665
213666
213668
213669
213703
213704
213705
213706
213707
213709
213710
213711
213712
213714
213715
213716
213717
213719
213720
213754
213755
213756
213757
213758
213760
213761
213762
213763
213765
213766
213767
213768
213770
213771
213805
213806
213807
213808
213809
213811
213812
213813
213814
213816
213817
213818
213819
213821
213822
213856
213857
213858
213859
213860
213862
213863
213864
213865
213867
213868
213869
213870
213872
213873
213907
213908
213911
213912
213913
213914
213916
213918
213922
213923
213924
213928
213938
213939
213948
213949
213950
213961
213962
213963
213965
213967
213971
213972
213975
213977
213978
213997
213998
214002
214003
214008
214009
214010
214015
214017
214021
214026
214031
214032
214075
214076
214079
214080
214081
214084
214085
214086
214090
214091
214092
214096
214101
214107
214129
214130
214131
214132
214133
214135
214136
214137
214138
214140
214141
214142
214143
214145
214146
214180
214181
214182
214183
214184
214186
214187
214188
214189
214191
214192
214193
214194
214196
214197
214228
214229
214232
214233
214235
214237
214238
214239
214243
214245
214249
214254
214259
214260
214264
214265
214269
214270
214271
214275
214276
214277
214282
214283
214284
214286
214288
214292
214293
214296
214299
214333
214334
214335
214336
214337
214338
214339
214340
214341
214342
214344
214345
214347
214348
214349
214350
214355
214367
214368
214378
214379
214380
214393
214394
214395
214396
214397
214398
214399
214400
214403
214404
214405
214407
214408
214409
214410
214413
214430
214441
214442
214452
214453
214454
214456
214458
214462
214464
214466
214467
214513
214514
214515
214516
214517
214522
214523
214524
214525
214526
214527
214530
214550
214561
214562
214572
214573
214574
214575
214576
214578
214582
214584
214585
214586
214587
214592
214604
214605
214615
214616
214617
214630
214631
214632
214633
214634
214635
214636
214637
214642
214643
214644
214645
214646
214647
214650
214670
214681
214682
214690
214691
214692
214693
214694
214695
214697
214698
214699
214701
214702
214704
214705
214707
214711
214712
214713
214715
214723
214724
214725
214727
214728
214807
214808
214809
214810
214811
214819
214820
214821
214822
214823
214824
214825
214826
214827
214828
214829
214832
214833
214834
214835
214836
214837
214839
214842
214879
214880
214883
214884
214886
214888
214889
214890
214894
214896
214897
214898
214899
214900
214901
214902
214904
214905
214906
214908
214909
214911
214912
214914
214917
214918
214919
214920
214921
214927
214928
214929
214930
214931
214932
214937
214949
214950
215031
215032
215033
215044
215045
215046
215049
215050
215051
215052
215053
215059
215060
215061
215062
215063
215064
215065
215066
215067
215068
215069
215070
215072
215073
215074
215075
215076
215077
215079
215080
215082
215084
215086
215090
215091
215094
215097
215147
215153
215156
215157
215164
215165
215168
215169
215171
215173
215174
215175
215179
215181
215182
215183
215184
215185
215186
215187
215189
215190
215191
215192
215193
215194
215196
215197
215199
215200
215201
215202
215203
215204
215205
215207
215208
215209
215210
215211
215212
215214
215215
215217
215218
215219
215220
215221
215222
215223
215225
215226
215227
215228
215229
215230
215232
215233
215235
215236
215237
215238
215239
215240
215241
215243
215244
215245
215246
215247
215248
215250
215251
215253
215255
215257
215261
215262
215264
215265
215268
215273
215279
215283
215560
215561
215562
215563
215564
215572
215573
215574
215575
215576
215577
215578
215579
215580
215581
215582
215583
215587
215588
215589
215590
215591
215592
215593
215595
215596
215597
215598
215599
215600
215601
215603
215604
215605
215606
215607
215608
215610
215611
215613
215614
215615
215616
215617
215618
215619
215621
215622
215623
215624
215625
215626
215628
215629
215631
215632
215633
215634
215635
215636
215637
215639
215640
215641
215642
215643
215644
215646
215647
215649
215650
215651
215652
215653
215654
215655
215657
215658
215659
215660
215661
215662
215664
215665
215667
215670
215671
215672
215673
215674
215676
215680
215682
215683
215684
215685
215689
215690
215691
215693
215701
215702
215703
215705
215706
215761
215762
215763
215764
215765
215766
215767
215770
215771
215772
215773
215774
215775
215776
215777
215778
215779
215780
215781
215782
215783
215786
215787
215788
215789
215790
215791
215793
215796
215798
215804
215807
215808
215894
215903
215904
215912
215918
215921
215922
215929
215930
215931
215932
215933
215934
215936
215937
215938
215939
215940
215941
215943
215944
215946
215949
215950
215951
215953
215955
215959
215960
215961
215963
215964
215989
215990
215991
216004
216005
216006
216007
216008
216009
216010
216011
216014
216015
216016
216017
216018
216019
216020
216021
216024
216026
216032
216036
216107
216113
216116
216117
216124
216125
216126
216127
216128
216129
216130
216131
216132
216133
216135
216136
216138
216139
216140
216141
216146
216158
216159
216169
216170
216171
216184
216185
216186
216188
216190
216194
216195
216197
216198
216201
216224
216235
216236
216244
216245
216248
216249
216251
216253
216255
216259
216261
216266
216278
216279
216289
216290
216291
216304
216305
216306
216308
216310
216314
216315
216318
216320
216321
216364
216365
216368
216369
216370
216371
216373
216375
216379
216380
216381
216386
216398
216399
216424
216425
216426
216427
216428
216431
216432
216433
216434
216435
216436
216437
216438
216441
216461
216472
216473
216481
216482
216483
216484
216485
216487
216488
216489
216490
216492
216493
216495
216497
216498
216535
216536
216537
216538
216539
216540
216541
216544
216545
216546
216547
216548
216549
216550
216551
216552
216556
216561
216567
216571
216572
216576
216577
216582
216583
216584
216589
216591
216594
216595
216596
216598
216600
216604
216605
216606
216608
216609
216643
216644
216645
216646
216647
216650
216651
216652
216654
216655
216656
216657
216660
216694
216695
216696
216697
216698
216700
216701
216702
216703
216705
216706
216708
216710
216711
216727
216728
216732
216733
216734
216738
216739
216740
216745
216746
216747
216751
216756
216761
216762
216799
216800
216803
216804
216805
216808
216809
216810
216814
216815
216816
216820
216825
216830
216831
216856
216857
216858
216859
216860
216862
216865
216866
216867
216868
216869
216870
216872
216873
216893
216904
216905
216915
216916
216917
216919
216921
216925
216926
216927
216929
216930
216967
216968
216969
216970
216971
216973
216974
216975
216976
216978
216979
216980
216981
216983
216984
217018
217019
217020
217021
217022
217024
217025
217026
217027
217029
217030
217031
217032
217034
217035
217069
217070
217071
217072
217073
217075
217076
217077
217078
217080
217081
217082
217083
217085
217086
217120
217121
217122
217123
217124
217126
217127
217128
217129
217131
217132
217133
217134
217136
217137
217171
217172
217173
217174
217175
217177
217178
217179
217180
217182
217183
217184
217185
217187
217188
217222
217223
217224
217225
217226
217228
217229
217230
217231
217233
217234
217235
217236
217238
217239
217273
217274
217275
217276
217277
217279
217280
217281
217282
217284
217285
217286
217287
217289
217290
217324
217325
217326
217327
217328
217330
217331
217332
217333
217335
217336
217337
217338
217340
217341
217375
217376
217379
217380
217381
217382
217384
217386
217390
217391
217392
217396
217406
217407
217416
217417
217418
217429
217430
217431
217433
217435
217439
217440
217443
217445
217446
217465
217466
217470
217471
217476
217477
217478
217483
217485
217489
217494
217499
217500
217543
217544
217547
217548
217549
217552
217553
217554
217558
217559
217560
217564
217569
217575
217597
217598
217599
217600
217601
217603
217604
217605
217606
217608
217609
217610
217611
217613
217614
217648
217649
217650
217651
217652
217654
217655
217656
217657
217659
217660
217661
217662
217664
217665
217696
217697
217700
217701
217703
217705
217706
217707
217711
217713
217717
217722
217727
217728
217732
217733
217737
217738
217739
217743
217744
217745
217750
217751
217752
217754
217756
217760
217761
217764
217767
217801
217802
217803
217804
217805
217806
217807
217808
217809
217810
217812
217813
217815
217816
217817
217818
217823
217835
217836
217846
217847
217848
217861
217862
217863
217864
217865
217866
217867
217868
217871
217872
217873
217875
217876
217877
217878
217881
217898
217909
217910
217920
217921
217922
217924
217926
217930
217932
217934
217935
217981
217982
217983
217984
217985
217990
217991
217992
217993
217994
217995
217998
218018
218029
218030
218040
218041
218042
218043
218044
218046
218050
218052
218053
218054
218055
218060
218072
218073
218083
218084
218085
218098
218099
218100
218101
218102
218103
218104
218105
218110
218111
218112
218113
218114
218115
218118
218138
218149
218150
218158
218159
218160
218161
218162
218163
218165
218166
218167
218169
218170
218172
218173
218175
218179
218180
218181
218183
218191
218192
218193
218195
218196
218275
218276
218277
218278
218279
218287
218288
218289
218290
218291
218292
218293
218294
218295
218296
218297
218300
218301
218302
218303
218304
218305
218307
218310
218347
218348
218351
218352
218354
218356
218357
218358
218362
218364
218365
218366
218367
218368
218369
218370
218372
218373
218374
218376
218377
218379
218380
218382
218385
218386
218387
218388
218389
218395
218396
218397
218398
218399
218400
218405
218417
218418
218499
218500
218501
218512
218513
218514
218517
218518
218519
218520
218521
218527
218528
218529
218530
218531
218532
218533
218534
218535
218536
218537
218538
218540
218541
218542
218543
218544
218545
218547
218548
218550
218552
218554
218558
218559
218562
218565
218615
218621
218624
218625
218632
218633
218636
218637
218639
218641
218642
218643
218647
218649
218650
218651
218652
218653
218654
218655
218657
218658
218659
218660
218661
218662
218664
218665
218667
218668
218669
218670
218671
218672
218673
218675
218676
218677
218678
218679
218680
218682
218683
218685
218686
218687
218688
218689
218690
218691
218693
218694
218695
218696
218697
218698
218700
218701
218703
218704
218705
218706
218707
218708
218709
218711
218712
218713
218714
218715
218716
218718
218719
218721
218723
218725
218729
218730
218732
218733
218736
218741
218747
218751
219028
219029
219030
219031
219032
219040
219041
219042
219043
219044
219045
219046
219047
219048
219049
219050
219051
219055
219056
219057
219058
219059
219060
219061
219063
219064
219065
219066
219067
219068
219069
219071
219072
219073
219074
219075
219076
219078
219079
219081
219082
219083
219084
219085
219086
219087
219089
219090
219091
219092
219093
219094
219096
219097
219099
219100
219101
219102
219103
219104
219105
219107
219108
219109
219110
219111
219112
219114
219115
219117
219118
219119
219120
219121
219122
219123
219125
219126
219127
219128
219129
219130
219132
219133
219135
219138
219139
219140
219141
219142
219144
219148
219150
219151
219152
219153
219157
219158
219159
219161
219169
219170
219171
219173
219174
219229
219230
219231
219232
219233
219234
219235
219238
219239
219240
219241
219242
219243
219244
219245
219246
219247
219248
219249
219250
219251
219254
219255
219256
219257
219258
219259
219261
219264
219266
219272
219275
219276
219362
219371
219372
219380
219386
219389
219390
219397
219398
219399
219400
219401
219402
219404
219405
219406
219407
219408
219409
219411
219412
219414
219417
219418
219419
219421
219423
219427
219428
219429
219431
219432
219457
219458
219459
219472
219473
219474
219475
219476
219477
219478
219479
219482
219483
219484
219485
219486
219487
219488
219489
219492
219494
219500
219504
219575
219581
219584
219585
219592
219593
219594
219595
219596
219597
219598
219599
219600
219601
219603
219604
219606
219607
219608
219609
219614
219626
219627
219637
219638
219639
219652
219653
219654
219656
219658
219662
219663
219665
219666
219669
219692
219703
219704
219712
219713
219716
219717
219719
219721
219723
219727
219729
219734
219746
219747
219757
219758
219759
219772
219773
219774
219776
219778
219782
219783
219786
219788
219789
219832
219833
219836
219837
219838
219839
219841
219843
219847
219848
219849
219854
219866
219867
219892
219893
219894
219895
219896
219899
219900
219901
219902
219903
219904
219905
219906
219909
219929
219940
219941
219949
219950
219951
219952
219953
219955
219956
219957
219958
219960
219961
219963
219965
219966
220003
220004
220005
220006
220007
220008
220009
220012
220013
220014
220015
220016
220017
220018
220019
220020
220024
220029
220035
220039
220040
220044
220045
220050
220051
220052
220057
220059
220062
220063
220064
220066
220068
220072
220073
220074
220076
220077
220111
220112
220113
220114
220115
220118
220119
220120
220122
220123
220124
220125
220128
220162
220163
220164
220165
220166
220168
220169
220170
220171
220173
220174
220176
220178
220179
220195
220196
220200
220201
220202
220206
220207
220208
220213
220214
220215
220219
220224
220229
220230
220267
220268
220271
220272
220273
220276
220277
220278
220282
220283
220284
220288
220293
220298
220299
220324
220325
220326
220327
220328
220330
220333
220334
220335
220336
220337
220338
220340
220341
220361
220372
220373
220383
220384
220385
220387
220389
220393
220394
220395
220397
220398
220435
220436
220437
220438
220439
220441
220442
220443
220444
220446
220447
220448
220449
220451
220452
220486
220487
220488
220489
220490
220492
220493
220494
220495
220497
220498
220499
220500
220502
220503
220537
220538
220539
220540
220541
220543
220544
220545
220546
220548
220549
220550
220551
220553
220554
220588
220589
220590
220591
220592
220594
220595
220596
220597
220599
220600
220601
220602
220604
220605
220639
220640
220641
220642
220643
220645
220646
220647
220648
220650
220651
220652
220653
220655
220656
220690
220691
220692
220693
220694
220696
220697
220698
220699
220701
220702
220703
220704
220706
220707
220741
220742
220743
220744
220745
220747
220748
220749
220750
220752
220753
220754
220755
220757
220758
220792
220793
220794
220795
220796
220798
220799
220800
220801
220803
220804
220805
220806
220808
220809
220843
220844
220847
220848
220849
220850
220852
220854
220858
220859
220860
220864
220874
220875
220884
220885
220886
220897
220898
220899
220901
220903
220907
220908
220911
220913
220914
220933
220934
220938
220939
220944
220945
220946
220951
220953
220957
220962
220967
220968
221011
221012
221015
221016
221017
221020
221021
221022
221026
221027
221028
221032
221037
221043
221065
221066
221067
221068
221069
221071
221072
221073
221074
221076
221077
221078
221079
221081
221082
221116
221117
221118
221119
221120
221122
221123
221124
221125
221127
221128
221129
221130
221132
221133
221164
221165
221168
221169
221171
221173
221174
221175
221179
221181
221185
221190
221195
221196
221200
221201
221205
221206
221207
221211
221212
221213
221218
221219
221220
221222
221224
221228
221229
221232
221235
221269
221270
221271
221272
221273
221274
221275
221276
221277
221278
221280
221281
221283
221284
221285
221286
221291
221303
221304
221314
221315
221316
221329
221330
221331
221332
221333
221334
221335
221336
221339
221340
221341
221343
221344
221345
221346
221349
221366
221377
221378
221388
221389
221390
221392
221394
221398
221400
221402
221403
221449
221450
221451
221452
221453
221458
221459
221460
221461
221462
221463
221466
221486
221497
221498
221508
221509
221510
221511
221512
221514
221518
221520
221521
221522
221523
221528
221540
221541
221551
221552
221553
221566
221567
221568
221569
221570
221571
221572
221573
221578
221579
221580
221581
221582
221583
221586
221606
221617
221618
221626
221627
221628
221629
221630
221631
221633
221634
221635
221637
221638
221640
221641
221643
221647
221648
221649
221651
221659
221660
221661
221663
221664
221743
221744
221745
221746
221747
221755
221756
221757
221758
221759
221760
221761
221762
221763
221764
221765
221768
221769
221770
221771
221772
221773
221775
221778
221815
221816
221819
221820
221822
221824
221825
221826
221830
221832
221833
221834
221835
221836
221837
221838
221840
221841
221842
221844
221845
221847
221848
221850
221853
221854
221855
221856
221857
221863
221864
221865
221866
221867
221868
221873
221885
221886
221967
221968
221969
221980
221981
221982
221985
221986
221987
221988
221989
221995
221996
221997
221998
221999
222000
222001
222002
222003
222004
222005
222006
222008
222009
222010
222011
222012
222013
222015
222016
222018
222020
222022
222026
222027
222030
222033
222083
222089
222092
222093
222100
222101
222104
222105
222107
222109
222110
222111
222115
222117
222118
222119
222120
222121
222122
222123
222125
222126
222127
222128
222129
222130
222132
222133
222135
222136
222137
222138
222139
222140
222141
222143
222144
222145
222146
222147
222148
222150
222151
222153
222154
222155
222156
222157
222158
222159
222161
222162
222163
222164
222165
222166
222168
222169
222171
222172
222173
222174
222175
222176
222177
222179
222180
222181
222182
222183
222184
222186
222187
222189
222191
222193
222197
222198
222200
222201
222204
222209
222215
222219
222496
222497
222498
222499
222500
222508
222509
222510
222511
222512
222513
222514
222515
222516
222517
222518
222519
222523
222524
222525
222526
222527
222528
222529
222531
222532
222533
222534
222535
222536
222537
222539
222540
222541
222542
222543
222544
222546
222547
222549
222550
222551
222552
222553
222554
222555
222557
222558
222559
222560
222561
222562
222564
222565
222567
222568
222569
222570
222571
222572
222573
222575
222576
222577
222578
222579
222580
222582
222583
222585
222586
222587
222588
222589
222590
222591
222593
222594
222595
222596
222597
222598
222600
222601
222603
222606
222607
222608
222609
222610
222612
222616
222618
222619
222620
222621
222625
222626
222627
222629
222637
222638
222639
222641
222642
222697
222698
222699
222700
222701
222702
222703
222706
222707
222708
222709
222710
222711
222712
222713
222714
222715
222716
222717
222718
222719
222722
222723
222724
222725
222726
222727
222729
222732
222734
222740
222743
222744
222830
222839
222840
222848
222854
222857
222858
222865
222866
222867
222868
222869
222870
222872
222873
222874
222875
222876
222877
222879
222880
222882
222885
222886
222887
222889
222891
222895
222896
222897
222899
222900
222925
222926
222927
222940
222941
222942
222943
222944
222945
222946
222947
222950
222951
222952
222953
222954
222955
222956
222957
222960
222962
222968
222972
223043
223049
223052
223053
223060
223061
223062
223063
223064
223065
223066
223067
223068
223069
223071
223072
223074
223075
223076
223077
223082
223094
223095
223105
223106
223107
223120
223121
223122
223124
223126
223130
223131
223133
223134
223137
223160
223171
223172
223180
223181
223184
223185
223187
223189
223191
223195
223197
223202
223214
223215
223225
223226
223227
223240
223241
223242
223244
223246
223250
223251
223254
223256
223257
223300
223301
223304
223305
223306
223307
223309
223311
223315
223316
223317
223322
223334
223335
223360
223361
223362
223363
223364
223367
223368
223369
223370
223371
223372
223373
223374
223377
223397
223408
223409
223417
223418
223419
223420
223421
223423
223424
223425
223426
223428
223429
223431
223433
223434
223471
223472
223473
223474
223475
223476
223477
223480
223481
223482
223483
223484
223485
223486
223487
223488
223492
223497
223503
223507
223508
223512
223513
223518
223519
223520
223525
223527
223530
223531
223532
223534
223536
223540
223541
223542
223544
223545
223579
223580
223581
223582
223583
223586
223587
223588
223590
223591
223592
223593
223596
223630
223631
223632
223633
223634
223636
223637
223638
223639
223641
223642
223644
223646
223647
223663
223664
223668
223669
223670
223674
223675
223676
223681
223682
223683
223687
223692
223697
223698
223735
223736
223739
223740
223741
223744
223745
223746
223750
223751
223752
223756
223761
223766
223767
223792
223793
223794
223795
223796
223798
223801
223802
223803
223804
223805
223806
223808
223809
223829
223840
223841
223851
223852
223853
223855
223857
223861
223862
223863
223865
223866
223903
223904
223905
223906
223907
223909
223910
223911
223912
223914
223915
223916
223917
223919
223920
223954
223955
223956
223957
223958
223960
223961
223962
223963
223965
223966
223967
223968
223970
223971
224005
224006
224007
224008
224009
224011
224012
224013
224014
224016
224017
224018
224019
224021
224022
224056
224057
224058
224059
224060
224062
224063
224064
224065
224067
224068
224069
224070
224072
224073
224107
224108
224109
224110
224111
224113
224114
224115
224116
224118
224119
224120
224121
224123
224124
224158
224159
224160
224161
224162
224164
224165
224166
224167
224169
224170
224171
224172
224174
224175
224209
224210
224211
224212
224213
224215
224216
224217
224218
224220
224221
224222
224223
224225
224226
224260
224261
224262
224263
224264
224266
224267
224268
224269
224271
224272
224273
224274
224276
224277
224311
224312
224315
224316
224317
224318
224320
224322
224326
224327
224328
224332
224342
224343
224352
224353
224354
224365
224366
224367
224369
224371
224375
224376
224379
224381
224382
224401
224402
224406
224407
224412
224413
224414
224419
224421
224425
224430
224435
224436
224479
224480
224483
224484
224485
224488
224489
224490
224494
224495
224496
224500
224505
224511
224533
224534
224535
224536
224537
224539
224540
224541
224542
224544
224545
224546
224547
224549
224550
224584
224585
224586
224587
224588
224590
224591
224592
224593
224595
224596
224597
224598
224600
224601
224632
224633
224636
224637
224639
224641
224642
224643
224647
224649
224653
224658
224663
224664
224668
224669
224673
224674
224675
224679
224680
224681
224686
224687
224688
224690
224692
224696
224697
224700
224703
224737
224738
224739
224740
224741
224742
224743
224744
224745
224746
224748
224749
224751
224752
224753
224754
224759
224771
224772
224782
224783
224784
224797
224798
224799
224800
224801
224802
224803
224804
224807
224808
224809
224811
224812
224813
224814
224817
224834
224845
224846
224856
224857
224858
224860
224862
224866
224868
224870
224871
224917
224918
224919
224920
224921
224926
224927
224928
224929
224930
224931
224934
224954
224965
224966
224976
224977
224978
224979
224980
224982
224986
224988
224989
224990
224991
224996
225008
225009
225019
225020
225021
225034
225035
225036
225037
225038
225039
225040
225041
225046
225047
225048
225049
225050
225051
225054
225074
225085
225086
225094
225095
225096
225097
225098
225099
225101
225102
225103
225105
225106
225108
225109
225111
225115
225116
225117
225119
225127
225128
225129
225131
225132
225211
225212
225213
225214
225215
225223
225224
225225
225226
225227
225228
225229
225230
225231
225232
225233
225236
225237
225238
225239
225240
225241
225243
225246
225283
225284
225287
225288
225290
225292
225293
225294
225298
225300
225301
225302
225303
225304
225305
225306
225308
225309
225310
225312
225313
225315
225316
225318
225321
225322
225323
225324
225325
225331
225332
225333
225334
225335
225336
225341
225353
225354
225435
225436
225437
225448
225449
225450
225453
225454
225455
225456
225457
225463
225464
225465
225466
225467
225468
225469
225470
225471
225472
225473
225474
225476
225477
225478
225479
225480
225481
225483
225484
225486
225488
225490
225494
225495
225498
225501
225551
225557
225560
225561
225568
225569
225572
225573
225575
225577
225578
225579
225583
225585
225586
225587
225588
225589
225590
225591
225593
225594
225595
225596
225597
225598
225600
225601
225603
225604
225605
225606
225607
225608
225609
225611
225612
225613
225614
225615
225616
225618
225619
225621
225622
225623
225624
225625
225626
225627
225629
225630
225631
225632
225633
225634
225636
225637
225639
225640
225641
225642
225643
225644
225645
225647
225648
225649
225650
225651
225652
225654
225655
225657
225659
225661
225665
225666
225668
225669
225672
225677
225683
225687
225964
225965
225966
225967
225968
225976
225977
225978
225979
225980
225981
225982
225983
225984
225985
225986
225987
225991
225992
225993
225994
225995
225996
225997
225999
226000
226001
226002
226003
226004
226005
226007
226008
226009
226010
226011
226012
226014
226015
226017
226018
226019
226020
226021
226022
226023
226025
226026
226027
226028
226029
226030
226032
226033
226035
226036
226037
226038
226039
226040
226041
226043
226044
226045
226046
226047
226048
226050
226051
226053
226054
226055
226056
226057
226058
226059
226061
226062
226063
226064
226065
226066
226068
226069
226071
226074
226075
226076
226077
226078
226080
226084
226086
226087
226088
226089
226093
226094
226095
226097
226105
226106
226107
226109
226110
226165
226166
226167
226168
226169
226170
226171
226174
226175
226176
226177
226178
226179
226180
226181
226182
226183
226184
226185
226186
226187
226190
226191
226192
226193
226194
226195
226197
226200
226202
226208
226211
226212
226298
226307
226308
226316
226322
226325
226326
226333
226334
226335
226336
226337
226338
226340
226341
226342
226343
226344
226345
226347
226348
226350
226353
226354
226355
226357
226359
226363
226364
226365
226367
226368
226393
226394
226395
226408
226409
226410
226411
226412
226413
226414
226415
226418
226419
226420
226421
226422
226423
226424
226425
226428
226430
226436
226440
226511
226517
226520
226521
226528
226529
226530
226531
226532
226533
226534
226535
226536
226537
226539
226540
226542
226543
226544
226545
226550
226562
226563
226573
226574
226575
226588
226589
226590
226592
226594
226598
226599
226601
226602
226605
226628
226639
226640
226648
226649
226652
226653
226655
226657
226659
226663
226665
226670
226682
226683
226693
226694
226695
226708
226709
226710
226712
226714
226718
226719
226722
226724
226725
226768
226769
226772
226773
226774
226775
226777
226779
226783
226784
226785
226790
226802
226803
226828
226829
226830
226831
226832
226835
226836
226837
226838
226839
226840
226841
226842
226845
226865
226876
226877
226885
226886
226887
226888
226889
226891
226892
226893
226894
226896
226897
226899
226901
226902
226939
226940
226941
226942
226943
226944
226945
226948
226949
226950
226951
226952
226953
226954
226955
226956
226960
226965
226971
226975
226976
226980
226981
226986
226987
226988
226993
226995
226998
226999
227000
227002
227004
227008
227009
227010
227012
227013
227047
227048
227049
227050
227051
227054
227055
227056
227058
227059
227060
227061
227064
227098
227099
227100
227101
227102
227104
227105
227106
227107
227109
227110
227112
227114
227115
227131
227132
227136
227137
227138
227142
227143
227144
227149
227150
227151
227155
227160
227165
227166
227203
227204
227207
227208
227209
227212
227213
227214
227218
227219
227220
227224
227229
227234
227235
227260
227261
227262
227263
227264
227266
227269
227270
227271
227272
227273
227274
227276
227277
227297
227308
227309
227319
227320
227321
227323
227325
227329
227330
227331
227333
227334
227371
227372
227373
227374
227375
227377
227378
227379
227380
227382
227383
227384
227385
227387
227388
227422
227423
227424
227425
227426
227428
227429
227430
227431
227433
227434
227435
227436
227438
227439
227473
227474
227475
227476
227477
227479
227480
227481
227482
227484
227485
227486
227487
227489
227490
227524
227525
227526
227527
227528
227530
227531
227532
227533
227535
227536
227537
227538
227540
227541
227575
227576
227577
227578
227579
227581
227582
227583
227584
227586
227587
227588
227589
227591
227592
227626
227627
227628
227629
227630
227632
227633
227634
227635
227637
227638
227639
227640
227642
227643
227677
227678
227679
227680
227681
227683
227684
227685
227686
227688
227689
227690
227691
227693
227694
227728
227729
227730
227731
227732
227734
227735
227736
227737
227739
227740
227741
227742
227744
227745
227779
227780
227783
227784
227785
227786
227788
227790
227794
227795
227796
227800
227810
227811
227820
227821
227822
227833
227834
227835
227837
227839
227843
227844
227847
227849
227850
227869
227870
227874
227875
227880
227881
227882
227887
227889
227893
227898
227903
227904
227947
227948
227951
227952
227953
227956
227957
227958
227962
227963
227964
227968
227973
227979
228001
228002
228003
228004
228005
228007
228008
228009
228010
228012
228013
228014
228015
228017
228018
228052
228053
228054
228055
228056
228058
228059
228060
228061
228063
228064
228065
228066
228068
228069
228100
228101
228104
228105
228107
228109
228110
228111
228115
228117
228121
228126
228131
228132
228136
228137
228141
228142
228143
228147
228148
228149
228154
228155
228156
228158
228160
228164
228165
228168
228171
228205
228206
228207
228208
228209
228210
228211
228212
228213
228214
228216
228217
228219
228220
228221
228222
228227
228239
228240
228250
228251
228252
228265
228266
228267
228268
228269
228270
228271
228272
228275
228276
228277
228279
228280
228281
228282
228285
228302
228313
228314
228324
228325
228326
228328
228330
228334
228336
228338
228339
228385
228386
228387
228388
228389
228394
228395
228396
228397
228398
228399
228402
228422
228433
228434
228444
228445
228446
228447
228448
228450
228454
228456
228457
228458
228459
228464
228476
228477
228487
228488
228489
228502
228503
228504
228505
228506
228507
228508
228509
228514
228515
228516
228517
228518
228519
228522
228542
228553
228554
228562
228563
228564
228565
228566
228567
228569
228570
228571
228573
228574
228576
228577
228579
228583
228584
228585
228587
228595
228596
228597
228599
228600
228679
228680
228681
228682
228683
228691
228692
228693
228694
228695
228696
228697
228698
228699
228700
228701
228704
228705
228706
228707
228708
228709
228711
228714
228751
228752
228755
228756
228758
228760
228761
228762
228766
228768
228769
228770
228771
228772
228773
228774
228776
228777
228778
228780
228781
228783
228784
228786
228789
228790
228791
228792
228793
228799
228800
228801
228802
228803
228804
228809
228821
228822
228903
228904
228905
228916
228917
228918
228921
228922
228923
228924
228925
228931
228932
228933
228934
228935
228936
228937
228938
228939
228940
228941
228942
228944
228945
228946
228947
228948
228949
228951
228952
228954
228956
228958
228962
228963
228966
228969
229019
229025
229028
229029
229036
229037
229040
229041
229043
229045
229046
229047
229051
229053
229054
229055
229056
229057
229058
229059
229061
229062
229063
229064
229065
229066
229068
229069
229071
229072
229073
229074
229075
229076
229077
229079
229080
229081
229082
229083
229084
229086
229087
229089
229090
229091
229092
229093
229094
229095
229097
229098
229099
229100
229101
229102
229104
229105
229107
229108
229109
229110
229111
229112
229113
229115
229116
229117
229118
229119
229120
229122
229123
229125
229127
229129
229133
229134
229136
229137
229140
229145
229151
229155
229432
229433
229434
229435
229436
229444
229445
229446
229447
229448
229449
229450
229451
229452
229453
229454
229455
229459
229460
229461
229462
229463
229464
229465
229467
229468
229469
229470
229471
229472
229473
229475
229476
229477
229478
229479
229480
229482
229483
229485
229486
229487
229488
229489
229490
229491
229493
229494
229495
229496
229497
229498
229500
229501
229503
229504
229505
229506
229507
229508
229509
229511
229512
229513
229514
229515
229516
229518
229519
229521
229522
229523
229524
229525
229526
229527
229529
229530
229531
229532
229533
229534
229536
229537
229539
229542
229543
229544
229545
229546
229548
229552
229554
229555
229556
229557
229561
229562
229563
229565
229573
229574
229575
229577
229578
229633
229634
229635
229636
229637
229638
229639
229642
229643
229644
229645
229646
229647
229648
229649
229650
229651
229652
229653
229654
229655
229658
229659
229660
229661
229662
229663
229665
229668
229670
229676
229679
229680
229766
229775
229776
229784
229790
229793
229794
229801
229802
229803
229804
229805
229806
229808
229809
229810
229811
229812
229813
229815
229816
229818
229821
229822
229823
229825
229827
229831
229832
229833
229835
229836
229861
229862
229863
229876
229877
229878
229879
229880
229881
229882
229883
229886
229887
229888
229889
229890
229891
229892
229893
229896
229898
229904
229908
229979
229985
229988
229989
229996
229997
229998
229999
230000
230001
230002
230003
230004
230005
230007
230008
230010
230011
230012
230013
230018
230030
230031
230041
230042
230043
230056
230057
230058
230060
230062
230066
230067
230069
230070
230073
230096
230107
230108
230116
230117
230120
230121
230123
230125
230127
230131
230133
230138
230150
230151
230161
230162
230163
230176
230177
230178
230180
230182
230186
230187
230190
230192
230193
230236
230237
230240
230241
230242
230243
230245
230247
230251
230252
230253
230258
230270
230271
230296
230297
230298
230299
230300
230303
230304
230305
230306
230307
230308
230309
230310
230313
230333
230344
230345
230353
230354
230355
230356
230357
230359
230360
230361
230362
230364
230365
230367
230369
230370
230407
230408
230409
230410
230411
230412
230413
230416
230417
230418
230419
230420
230421
230422
230423
230424
230428
230433
230439
230443
230444
230448
230449
230454
230455
230456
230461
230463
230466
230467
230468
230470
230472
230476
230477
230478
230480
230481
230515
230516
230517
230518
230519
230522
230523
230524
230526
230527
230528
230529
230532
230566
230567
230568
230569
230570
230572
230573
230574
230575
230577
230578
230580
230582
230583
230599
230600
230604
230605
230606
230610
230611
230612
230617
230618
230619
230623
230628
230633
230634
230671
230672
230675
230676
230677
230680
230681
230682
230686
230687
230688
230692
230697
230702
230703
230728
230729
230730
230731
230732
230734
230737
230738
230739
230740
230741
230742
230744
230745
230765
230776
230777
230787
230788
230789
230791
230793
230797
230798
230799
230801
230802
230839
230840
230841
230842
230843
230845
230846
230847
230848
230850
230851
230852
230853
230855
230856
230890
230891
230892
230893
230894
230896
230897
230898
230899
230901
230902
230903
230904
230906
230907
230941
230942
230943
230944
230945
230947
230948
230949
230950
230952
230953
230954
230955
230957
230958
230992
230993
230994
230995
230996
230998
230999
231000
231001
231003
231004
231005
231006
231008
231009
231043
231044
231045
231046
231047
231049
231050
231051
231052
231054
231055
231056
231057
231059
231060
231094
231095
231096
231097
231098
231100
231101
231102
231103
231105
231106
231107
231108
231110
231111
231145
231146
231147
231148
231149
231151
231152
231153
231154
231156
231157
231158
231159
231161
231162
231196
231197
231198
231199
231200
231202
231203
231204
231205
231207
231208
231209
231210
231212
231213
231247
231248
231251
231252
231253
231254
231256
231258
231262
231263
231264
231268
231278
231279
231288
231289
231290
231301
231302
231303
231305
231307
231311
231312
231315
231317
231318
231337
231338
231342
231343
231348
231349
231350
231355
231357
231361
231366
231371
231372
231415
231416
231419
231420
231421
231424
231425
231426
231430
231431
231432
231436
231441
231447
231469
231470
231471
231472
231473
231475
231476
231477
231478
231480
231481
231482
231483
231485
231486
231520
231521
231522
231523
231524
231526
231527
231528
231529
231531
231532
231533
231534
231536
231537
231568
231569
231572
231573
231575
231577
231578
231579
231583
231585
231589
231594
231599
231600
231604
231605
231609
231610
231611
231615
231616
231617
231622
231623
231624
231626
231628
231632
231633
231636
231639
231673
231674
231675
231676
231677
231678
231679
231680
231681
231682
231684
231685
231687
231688
231689
231690
231695
231707
231708
231718
231719
231720
231733
231734
231735
231736
231737
231738
231739
231740
231743
231744
231745
231747
231748
231749
231750
231753
231770
231781
231782
231792
231793
231794
231796
231798
231802
231804
231806
231807
231853
231854
231855
231856
231857
231862
231863
231864
231865
231866
231867
231870
231890
231901
231902
231912
231913
231914
231915
231916
231918
231922
231924
231925
231926
231927
231932
231944
231945
231955
231956
231957
231970
231971
231972
231973
231974
231975
231976
231977
231982
231983
231984
231985
231986
231987
231990
232010
232021
232022
232030
232031
232032
232033
232034
232035
232037
232038
232039
232041
232042
232044
232045
232047
232051
232052
232053
232055
232063
232064
232065
232067
232068
232147
232148
232149
232150
232151
232159
232160
232161
232162
232163
232164
232165
232166
232167
232168
232169
232172
232173
232174
232175
232176
232177
232179
232182
232219
232220
232223
232224
232226
232228
232229
232230
232234
232236
232237
232238
232239
232240
232241
232242
232244
232245
232246
232248
232249
232251
232252
232254
232257
232258
232259
232260
232261
232267
232268
232269
232270
232271
232272
232277
232289
232290
232371
232372
232373
232384
232385
232386
232389
232390
232391
232392
232393
232399
232400
232401
232402
232403
232404
232405
232406
232407
232408
232409
232410
232412
232413
232414
232415
232416
232417
232419
232420
232422
232424
232426
232430
232431
232434
232437
232487
232493
232496
232497
232504
232505
232508
232509
232511
232513
232514
232515
232519
232521
232522
232523
232524
232525
232526
232527
232529
232530
232531
232532
232533
232534
232536
232537
232539
232540
232541
232542
232543
232544
232545
232547
232548
232549
232550
232551
232552
232554
232555
232557
232558
232559
232560
232561
232562
232563
232565
232566
232567
232568
232569
232570
232572
232573
232575
232576
232577
232578
232579
232580
232581
232583
232584
232585
232586
232587
232588
232590
232591
232593
232595
232597
232601
232602
232604
232605
232608
232613
232619
232623
232900
232901
232902
232903
232904
232912
232913
232914
232915
232916
232917
232918
232919
232920
232921
232922
232923
232927
232928
232929
232930
232931
232932
232933
232935
232936
232937
232938
232939
232940
232941
232943
232944
232945
232946
232947
232948
232950
232951
232953
232954
232955
232956
232957
232958
232959
232961
232962
232963
232964
232965
232966
232968
232969
232971
232972
232973
232974
232975
232976
232977
232979
232980
232981
232982
232983
232984
232986
232987
232989
232990
232991
232992
232993
232994
232995
232997
232998
232999
233000
233001
233002
233004
233005
233007
233010
233011
233012
233013
233014
233016
233020
233022
233023
233024
233025
233029
233030
233031
233033
233041
233042
233043
233045
233046
233101
233102
233103
233104
233105
233106
233107
233110
233111
233112
233113
233114
233115
233116
233117
233118
233119
233120
233121
233122
233123
233126
233127
233128
233129
233130
233131
233133
233136
233138
233144
233147
233148
233234
233243
233244
233252
233258
233261
233262
233269
233270
233271
233272
233273
233274
233276
233277
233278
233279
233280
233281
233283
233284
233286
233289
233290
233291
233293
233295
233299
233300
233301
233303
233304
233329
233330
233331
233344
233345
233346
233347
233348
233349
233350
233351
233354
233355
233356
233357
233358
233359
233360
233361
233364
233366
233372
233376
233447
233453
233456
233457
233464
233465
233466
233467
233468
233469
233470
233471
233472
233473
233475
233476
233478
233479
233480
233481
233486
233498
233499
233509
233510
233511
233524
233525
233526
233528
233530
233534
233535
233537
233538
233541
233564
233575
233576
233584
233585
233588
233589
233591
233593
233595
233599
233601
233606
233618
233619
233629
233630
233631
233644
233645
233646
233648
233650
233654
233655
233658
233660
233661
233704
233705
233708
233709
233710
233711
233713
233715
233719
233720
233721
233726
233738
233739
233764
233765
233766
233767
233768
233771
233772
233773
233774
233775
233776
233777
233778
233781
233801
233812
233813
233821
233822
233823
233824
233825
233827
233828
233829
233830
233832
233833
233835
233837
233838
233875
233876
233877
233878
233879
233880
233881
233884
233885
233886
233887
233888
233889
233890
233891
233892
233896
233901
233907
233911
233912
233916
233917
233922
233923
233924
233929
233931
233934
233935
233936
233938
233940
233944
233945
233946
233948
233949
233983
233984
233985
233986
233987
233990
233991
233992
233994
233995
233996
233997
234000
234034
234035
234036
234037
234038
234040
234041
234042
234043
234045
234046
234048
234050
234051
234067
234068
234072
234073
234074
234078
234079
234080
234085
234086
234087
234091
234096
234101
234102
234139
234140
234143
234144
234145
234148
234149
234150
234154
234155
234156
234160
234165
234170
234171
234196
234197
234198
234199
234200
234202
234205
234206
234207
234208
234209
234210
234212
234213
234233
234244
234245
234255
234256
234257
234259
234261
234265
234266
234267
234269
234270
234307
234308
234309
234310
234311
234313
234314
234315
234316
234318
234319
234320
234321
234323
234324
234358
234359
234360
234361
234362
234364
234365
234366
234367
234369
234370
234371
234372
234374
234375
234409
234410
234411
234412
234413
234415
234416
234417
234418
234420
234421
234422
234423
234425
234426
234460
234461
234462
234463
234464
234466
234467
234468
234469
234471
234472
234473
234474
234476
234477
234511
234512
234513
234514
234515
234517
234518
234519
234520
234522
234523
234524
234525
234527
234528
234562
234563
234564
234565
234566
234568
234569
234570
234571
234573
234574
234575
234576
234578
234579
234613
234614
234615
234616
234617
234619
234620
234621
234622
234624
234625
234626
234627
234629
234630
234664
234665
234666
234667
234668
234670
234671
234672
234673
234675
234676
234677
234678
234680
234681
234715
234716
234719
234720
234721
234722
234724
234726
234730
234731
234732
234736
234746
234747
234756
234757
234758
234769
234770
234771
234773
234775
234779
234780
234783
234785
234786
234805
234806
234810
234811
234816
234817
234818
234823
234825
234829
234834
234839
234840
234883
234884
234887
234888
234889
234892
234893
234894
234898
234899
234900
234904
234909
234915
234937
234938
234939
234940
234941
234943
234944
234945
234946
234948
234949
234950
234951
234953
234954
234988
234989
234990
234991
234992
234994
234995
234996
234997
234999
235000
235001
235002
235004
235005
235036
235037
235040
235041
235043
235045
235046
235047
235051
235053
235057
235062
235067
235068
235072
235073
235077
235078
235079
235083
235084
235085
235090
235091
235092
235094
235096
235100
235101
235104
235107
235141
235142
235143
235144
235145
235146
235147
235148
235149
235150
235152
235153
235155
235156
235157
235158
235163
235175
235176
235186
235187
235188
235201
235202
235203
235204
235205
235206
235207
235208
235211
235212
235213
235215
235216
235217
235218
235221
235238
235249
235250
235260
235261
235262
235264
235266
235270
235272
235274
235275
235321
235322
235323
235324
235325
235330
235331
235332
235333
235334
235335
235338
235358
235369
235370
235380
235381
235382
235383
235384
235386
235390
235392
235393
235394
235395
235400
235412
235413
235423
235424
235425
235438
235439
235440
235441
235442
235443
235444
235445
235450
235451
235452
235453
235454
235455
235458
235478
235489
235490
235498
235499
235500
235501
235502
235503
235505
235506
235507
235509
235510
235512
235513
235515
235519
235520
235521
235523
235531
235532
235533
235535
235536
235615
235616
235617
235618
235619
235627
235628
235629
235630
235631
235632
235633
235634
235635
235636
235637
235640
235641
235642
235643
235644
235645
235647
235650
235687
235688
235691
235692
235694
235696
235697
235698
235702
235704
235705
235706
235707
235708
235709
235710
235712
235713
235714
235716
235717
235719
235720
235722
235725
235726
235727
235728
235729
235735
235736
235737
235738
235739
235740
235745
235757
235758
235839
235840
235841
235852
235853
235854
235857
235858
235859
235860
235861
235867
235868
235869
235870
235871
235872
235873
235874
235875
235876
235877
235878
235880
235881
235882
235883
235884
235885
235887
235888
235890
235892
235894
235898
235899
235902
235905
235955
235961
235964
235965
235972
235973
235976
235977
235979
235981
235982
235983
235987
235989
235990
235991
235992
235993
235994
235995
235997
235998
235999
236000
236001
236002
236004
236005
236007
236008
236009
236010
236011
236012
236013
236015
236016
236017
236018
236019
236020
236022
236023
236025
236026
236027
236028
236029
236030
236031
236033
236034
236035
236036
236037
236038
236040
236041
236043
236044
236045
236046
236047
236048
236049
236051
236052
236053
236054
236055
236056
236058
236059
236061
236063
236065
236069
236070
236072
236073
236076
236081
236087
236091
236368
236369
236370
236371
236372
236380
236381
236382
236383
236384
236385
236386
236387
236388
236389
236390
236391
236395
236396
236397
236398
236399
236400
236401
236403
236404
236405
236406
236407
236408
236409
236411
236412
236413
236414
236415
236416
236418
236419
236421
236422
236423
236424
236425
236426
236427
236429
236430
236431
236432
236433
236434
236436
236437
236439
236440
236441
236442
236443
236444
236445
236447
236448
236449
236450
236451
236452
236454
236455
236457
236458
236459
236460
236461
236462
236463
236465
236466
236467
236468
236469
236470
236472
236473
236475
236478
236479
236480
236481
236482
236484
236488
236490
236491
236492
236493
236497
236498
236499
236501
236509
236510
236511
236513
236514
236569
236570
236571
236572
236573
236574
236575
236578
236579
236580
236581
236582
236583
236584
236585
236586
236587
236588
236589
236590
236591
236594
236595
236596
236597
236598
236599
236601
236604
236606
236612
236615
236616
236702
236711
236712
236720
236726
236729
236730
236737
236738
236739
236740
236741
236742
236744
236745
236746
236747
236748
236749
236751
236752
236754
236757
236758
236759
236761
236763
236767
236768
236769
236771
236772
236797
236798
236799
236812
236813
236814
236815
236816
236817
236818
236819
236822
236823
236824
236825
236826
236827
236828
236829
236832
236834
236840
236844
236915
236921
236924
236925
236932
236933
236934
236935
236936
236937
236938
236939
236940
236941
236943
236944
236946
236947
236948
236949
236954
236966
236967
236977
236978
236979
236992
236993
236994
236996
236998
237002
237003
237005
237006
237009
237032
237043
237044
237052
237053
237056
237057
237059
237061
237063
237067
237069
237074
237086
237087
237097
237098
237099
237112
237113
237114
237116
237118
237122
237123
237126
237128
237129
237172
237173
237176
237177
237178
237179
237181
237183
237187
237188
237189
237194
237206
237207
237232
237233
237234
237235
237236
237239
237240
237241
237242
237243
237244
237245
237246
237249
237269
237280
237281
237289
237290
237291
237292
237293
237295
237296
237297
237298
237300
237301
237303
237305
237306
237343
237344
237345
237346
237347
237348
237349
237352
237353
237354
237355
237356
237357
237358
237359
237360
237364
237369
237375
237379
237380
237384
237385
237390
237391
237392
237397
237399
237402
237403
237404
237406
237408
237412
237413
237414
237416
237417
237451
237452
237453
237454
237455
237458
237459
237460
237462
237463
237464
237465
237468
237502
237503
237504
237505
237506
237508
237509
237510
237511
237513
237514
237516
237518
237519
237535
237536
237540
237541
237542
237546
237547
237548
237553
237554
237555
237559
237564
237569
237570
237607
237608
237611
237612
237613
237616
237617
237618
237622
237623
237624
237628
237633
237638
237639
237664
237665
237666
237667
237668
237670
237673
237674
237675
237676
237677
237678
237680
237681
237701
237712
237713
237723
237724
237725
237727
237729
237733
237734
237735
237737
237738
237775
237776
237777
237778
237779
237781
237782
237783
237784
237786
237787
237788
237789
237791
237792
237826
237827
237828
237829
237830
237832
237833
237834
237835
237837
237838
237839
237840
237842
237843
237877
237878
237879
237880
237881
237883
237884
237885
237886
237888
237889
237890
237891
237893
237894
237928
237929
237930
237931
237932
237934
237935
237936
237937
237939
237940
237941
237942
237944
237945
237979
237980
237981
237982
237983
237985
237986
237987
237988
237990
237991
237992
237993
237995
237996
238030
238031
238032
238033
238034
238036
238037
238038
238039
238041
238042
238043
238044
238046
238047
238081
238082
238083
238084
238085
238087
238088
238089
238090
238092
238093
238094
238095
238097
238098
238132
238133
238134
238135
238136
238138
238139
238140
238141
238143
238144
238145
238146
238148
238149
238183
238184
238187
238188
238189
238190
238192
238194
238198
238199
238200
238204
238214
238215
238224
238225
238226
238237
238238
238239
238241
238243
238247
238248
238251
238253
238254
238273
238274
238278
238279
238284
238285
238286
238291
238293
238297
238302
238307
238308
238351
238352
238355
238356
238357
238360
238361
238362
238366
238367
238368
238372
238377
238383
238405
238406
238407
238408
238409
238411
238412
238413
238414
238416
238417
238418
238419
238421
238422
238456
238457
238458
238459
238460
238462
238463
238464
238465
238467
238468
238469
238470
238472
238473
238504
238505
238508
238509
238511
238513
238514
238515
238519
238521
238525
238530
238535
238536
238540
238541
238545
238546
238547
238551
238552
238553
238558
238559
238560
238562
238564
238568
238569
238572
238575
238609
238610
238611
238612
238613
238614
238615
238616
238617
238618
238620
238621
238623
238624
238625
238626
238631
238643
238644
238654
238655
238656
238669
238670
238671
238672
238673
238674
238675
238676
238679
238680
238681
238683
238684
238685
238686
238689
238706
238717
238718
238728
238729
238730
238732
238734
238738
238740
238742
238743
238789
238790
238791
238792
238793
238798
238799
238800
238801
238802
238803
238806
238826
238837
238838
238848
238849
238850
238851
238852
238854
238858
238860
238861
238862
238863
238868
238880
238881
238891
238892
238893
238906
238907
238908
238909
238910
238911
238912
238913
238918
238919
238920
238921
238922
238923
238926
238946
238957
238958
238966
238967
238968
238969
238970
238971
238973
238974
238975
238977
238978
238980
238981
238983
238987
238988
238989
238991
238999
239000
239001
239003
239004
239083
239084
239085
239086
239087
239095
239096
239097
239098
239099
239100
239101
239102
239103
239104
239105
239108
239109
239110
239111
239112
239113
239115
239118
239155
239156
239159
239160
239162
239164
239165
239166
239170
239172
239173
239174
239175
239176
239177
239178
239180
239181
239182
239184
239185
239187
239188
239190
239193
239194
239195
239196
239197
239203
239204
239205
239206
239207
239208
239213
239225
239226
239307
239308
239309
239320
239321
239322
239325
239326
239327
239328
239329
239335
239336
239337
239338
239339
239340
239341
239342
239343
239344
239345
239346
239348
239349
239350
239351
239352
239353
239355
239356
239358
239360
239362
239366
239367
239370
239373
239423
239429
239432
239433
239440
239441
239444
239445
239447
239449
239450
239451
239455
239457
239458
239459
239460
239461
239462
239463
239465
239466
239467
239468
239469
239470
239472
239473
239475
239476
239477
239478
239479
239480
239481
239483
239484
239485
239486
239487
239488
239490
239491
239493
239494
239495
239496
239497
239498
239499
239501
239502
239503
239504
239505
239506
239508
239509
239511
239512
239513
239514
239515
239516
239517
239519
239520
239521
239522
239523
239524
239526
239527
239529
239531
239533
239537
239538
239540
239541
239544
239549
239555
239559
239833
239834
239835
239836
239837
239844
239845
239846
239847
239848
239849
239850
239851
239852
239853
239857
239858
239859
239860
239861
239863
239864
239865
239866
239867
239868
239870
239871
239872
239873
239874
239876
239878
239879
239880
239881
239882
239883
239885
239886
239887
239888
239889
239891
239893
239894
239895
239896
239897
239898
239900
239901
239902
239903
239904
239906
239908
239909
239910
239911
239912
239913
239915
239916
239917
239918
239919
239921
239925
239926
239927
239928
239929
239931
239934
239936
239937
239941
239942
239943
239945
239952
239953
239955
240004
240005
240006
240007
240008
240009
240010
240013
240014
240015
240016
240017
240018
240019
240020
240021
240022
240023
240026
240027
240028
240029
240030
240035
240041
240044
240113
240122
240128
240134
240137
240142
240143
240144
240145
240146
240147
240149
240150
240151
240152
240153
240155
240159
240160
240161
240163
240165
240168
240169
240171
240193
240194
240195
240206
240207
240208
240209
240210
240211
240212
240215
240216
240217
240218
240219
240220
240224
240230
240296
240302
240305
240310
240311
240312
240313
240314
240315
240316
240317
240318
240319
240321
240323
240324
240329
240340
240349
240350
240351
240362
240363
240365
240367
240371
240372
240374
240395
240406
240412
240413
240416
240417
240419
240421
240425
240431
240443
240444
240454
240455
240456
240467
240468
240470
240472
240476
240477
240481
240517
240518
240521
240522
240523
240524
240526
240530
240531
240536
240547
240568
240569
240570
240571
240572
240575
240576
240577
240578
240579
240580
240599
240610
240616
240617
240618
240619
240620
240622
240623
240624
240625
240627
240630
240667
240668
240669
240670
240671
240672
240673
240676
240677
240678
240679
240680
240681
240685
240690
240697
240698
240702
240703
240708
240709
240713
240717
240718
240719
240721
240723
240726
240727
240729
240760
240761
240762
240763
240764
240767
240768
240769
240771
240772
240802
240803
240804
240805
240806
240808
240809
240810
240811
240813
240816
240829
240830
240834
240835
240836
240840
240841
240845
240846
240850
240855
240859
240895
240896
240899
240900
240901
240904
240905
240908
240909
240913
240918
240922
240946
240947
240948
240949
240950
240952
240955
240956
240957
240958
240960
240977
240988
240996
240997
240998
241000
241002
241005
241006
241008
241045
241046
241047
241048
241049
241051
241052
241053
241054
241056
241057
241059
241087
241088
241089
241090
241091
241093
241094
241095
241096
241098
241099
241101
241135
241136
241137
241138
241139
241141
241142
241143
241144
241146
241147
241149
241177
241178
241179
241180
241181
241183
241184
241185
241186
241188
241189
241191
241225
241226
241227
241228
241229
241231
241232
241233
241234
241236
241237
241239
241267
241268
241269
241270
241271
241273
241274
241275
241276
241278
241279
241281
241315
241316
241317
241318
241319
241321
241322
241323
241324
241326
241327
241329
241357
241358
241359
241360
241361
241363
241364
241365
241366
241368
241369
241371
241405
241406
241409
241410
241411
241412
241414
241418
241419
241423
241432
241440
241441
241442
241451
241452
241454
241456
241460
241461
241465
241483
241484
241488
241489
241494
241495
241499
241504
241509
241513
241555
241556
241559
241560
241561
241564
241565
241568
241569
241573
241578
241600
241601
241602
241603
241604
241606
241607
241608
241609
241611
241612
241614
241642
241643
241644
241645
241646
241648
241649
241650
241651
241653
241654
241656
241684
241685
241688
241689
241691
241693
241694
241697
241702
241707
241711
241714
241715
241719
241720
241721
241725
241726
241730
241731
241733
241735
241739
241740
241774
241775
241776
241777
241778
241779
241780
241781
241782
241783
241785
241787
241788
241793
241804
241813
241814
241815
241826
241827
241828
241829
241830
241831
241832
241835
241836
241837
241839
241840
241856
241867
241875
241876
241877
241879
241881
241884
241887
241927
241928
241929
241930
241931
241936
241937
241938
241939
241958
241969
241977
241978
241979
241980
241981
241983
241986
241988
241989
241994
242005
242014
242015
242016
242027
242028
242029
242030
242031
242032
242033
242038
242039
242040
242041
242060
242071
242077
242078
242079
242080
242081
242082
242084
242085
242086
242088
242090
242095
242096
242097
242099
242106
242107
242109
242182
242183
242184
242185
242186
242193
242194
242195
242196
242197
242198
242199
242200
242201
242204
242205
242206
242207
242208
242242
242243
242246
242247
242249
242251
242252
242255
242257
242258
242259
242260
242261
242262
242264
242265
242266
242268
242270
242274
242275
242276
242277
242278
242283
242284
242285
242286
242291
242302
242370
242371
242372
242381
242382
242385
242386
242387
242388
242389
242394
242395
242396
242397
242398
242399
242400
242401
242402
242403
242405
242406
242407
242408
242409
242411
242414
242416
242420
242421
242468
242474
242477
242482
242483
242486
242487
242489
242491
242492
242495
242497
242498
242499
242500
242501
242502
242504
242505
242506
242507
242508
242510
242512
242513
242514
242515
242516
242517
242519
242520
242521
242522
242523
242525
242527
242528
242529
242530
242531
242532
242534
242535
242536
242537
242538
242540
242542
242543
242544
242545
242546
242547
242549
242550
242551
242552
242553
242555
242558
242560
242564
242565
242567
242573
242579
243191
-4428
-4434
-4435
4437
4438
4443
4444
4449
4450
4455
4456
4461
4462
4464
-4470
-4557
-4558
4560
4564
4570
4576
4582
4588
4594
4600
4606
4612
4614
4619
4620
4622
4623
4695
4699
4700
4705
4712
4715
4720
4726
4732
4738
4744
4750
4756
4765
4771
4773
4778
-4780
-4782
4843
4847
4848
4854
4857
4862
4867
4873
4879
4885
4891
4897
4903
4909
4916
4922
4931
4933
-4940
-4942
4994
4998
4999
5005
5008
5012
5018
5024
5030
5036
5042
5048
5054
5060
5066
5072
5078
5085
5094
5096
-5103
-5105
5150
5154
5155
5161
5164
5168
5174
5180
5186
5192
5198
5204
5210
5216
5222
5228
5234
5240
5246
5253
5262
5264
-5271
-5313
-5314
5320
5324
5328
5334
5340
5346
5352
5358
5364
5370
5376
5382
5388
5394
5400
5406
5412
5418
5425
5434
5436
5438
5439
5479
5484
5490
5492
5497
5503
5509
5515
5521
5527
5533
5539
5545
5551
5557
5563
5569
5575
5581
5587
5593
5603
5605
-5612
-5646
5654
5658
5662
5668
5674
5680
5686
5692
5698
5704
5710
5716
5722
5728
5734
5740
5746
5752
5758
5764
5771
5780
5782
5784
5785
-5818
-5819
5825
5828
5833
5839
5845
5851
5857
5863
5869
5875
5881
5887
5893
5899
5905
5911
5917
5923
5929
5935
5941
5951
5953
5956
5988
5990
5998
6001
6006
6012
6018
6024
6030
6036
6042
6048
6054
6060
6066
6072
6078
6084
6090
6096
6102
6108
6114
6124
6126
-6133
6161
6166
6172
6174
6179
6185
6191
6197
6203
6209
6215
6221
6227
6233
6239
6245
6251
6257
6263
6269
6275
6281
6287
6297
6299
-6305
6334
6339
6345
6347
6352
6358
6364
6370
6376
6382
6388
6394
6400
6406
6412
6418
6424
6430
6436
6442
6448
6454
6460
6470
6472
-6478
6507
6509
6517
6520
6525
6531
6537
6543
6549
6555
6561
6567
6573
6579
6585
6591
6597
6603
6609
6615
6621
6627
6633
6643
6645
-6652
6680
6682
6684
6690
6693
6698
6704
6710
6716
6722
6728
6734
6740
6746
6752
6758
6764
6770
6776
6782
6788
6794
6800
6806
6816
6818
-6825
-6854
6862
6865
6870
6876
6882
6888
6894
6900
6906
6912
6918
6924
6930
6936
6942
6948
6954
6960
6966
6972
6978
6988
6990
6993
7031
7036
7041
7044
7049
7055
7061
7067
7073
7079
7085
7091
7097
7103
7109
7115
7121
7127
7133
7139
7145
7154
7157
-7164
-7165
7202
7204
7206
7212
7215
7220
7226
7232
7238
7244
7250
7256
7262
7268
7274
7280
7286
7292
7298
7304
7310
7316
7326
7328
-7335
7376
7381
7386
7389
7394
7400
7406
7412
7418
7424
7430
7436
7442
7448
7454
7460
7466
7472
7478
7487
7490
-7497
-7498
-7541
-7542
7546
7556
7559
7564
7570
7576
7582
7588
7594
7600
7606
7612
7618
7624
7630
7636
7645
7648
7654
7657
7658
-7707
-7708
7712
7722
7725
7730
7736
7742
7748
7754
7760
7766
7772
7778
7784
7790
7799
7802
7808
7811
7812
-7871
-7872
7876
7886
7892
7895
7900
7906
7912
7918
7924
7930
7936
7945
7952
7954
7960
7963
7964
-8029
8034
8036
8038
8040
8050
8056
8062
8068
8074
8080
8086
8092
8094
8100
-8107
-8108
-8189
8194
8196
8198
8200
8204
8206
8212
8218
8224
8230
8236
8240
-8243
-8244
-8248
-8346
-8352
-8358
-8364
-8370
-8978
-8984
-8985
8988
8994
9000
9006
9012
9014
-9020
-9108
-9109
9112
9166
9172
9174
9249
9250
9327
-9333
-9335
9399
9400
-9495
-9497
9552
9553
-9660
-9662
9709
9710
-9829
-9871
-9872
9995
9997
10039
-10171
-10205
10342
10344
-10378
-10379
10516
10550
-10694
10723
-10867
10896
-11040
11069
-11213
11242
11244
-11386
-11415
11554
11595
-11726
-11727
11766
11768
-11898
11940
-12059
-12060
-12104
-12105
12220
12221
-12272
-12273
12376
12377
-12438
-12439
12530
12531
-12598
12605
12607
-12676
-12677
-12759
12766
12768
12774
12810
-12813
-12814
-12819
-12918
-12924
-12930
-12936
-12942
-13550
-13556
-13557
13560
13566
13572
13578
13584
13586
-13592
-13680
-13681
13684
13738
13744
13746
13821
13822
13925
-13931
-13933
13997
13998
-14133
-14135
14190
14191
-14324
-14326
14373
14374
-14521
-14563
-14564
14717
14719
14761
-14925
-14959
15120
15122
-15156
-15157
15318
15352
-15530
15559
-15729
15758
-15928
15957
-16133
16162
16164
-16328
-16357
16520
16561
-16722
-16723
16762
16764
-16920
16962
-17105
-17106
-17150
-17151
17288
17289
-17340
-17341
17476
17477
-17538
-17539
17646
17647
-17714
17721
17723
-17788
-17789
-17871
17878
17880
17886
17922
-17925
-17926
-17931
-18030
-18036
-18042
-18048
-18054
-18662
-18668
-18669
18672
18678
18684
18690
18696
18698
-18704
-18792
-18793
18796
18850
18856
18858
18933
18934
19021
-19027
-19029
19093
19094
-19189
-19191
19246
19247
-19332
-19334
19381
19382
-19473
-19515
-19516
19605
19607
19649
-19741
-19775
19864
19866
-19900
-19901
19990
20024
-20122
20151
-20241
20270
-20360
20389
-20485
20514
20516
-20608
-20637
20728
20769
-20858
-20859
20898
20900
-20992
21034
-21121
-21122
-21166
-21167
21256
21257
-21308
-21309
21404
21405
-21466
-21467
21558
21559
-21626
21633
21635
-21700
-21701
-21783
21790
21792
21798
21834
-21837
-21838
-21843
-21942
-21948
-21954
-21960
-21966
-22574
-22580
-22581
22584
22590
22596
22602
22608
22610
-22616
-22704
-22705
22708
22762
22768
22770
22845
22846
22933
-22939
-22941
23005
23006
-23101
-23103
23158
23159
-23244
-23246
23293
23294
-23385
-23427
-23428
23517
23519
23561
-23653
-23687
23776
23778
-23812
-23813
23902
23936
-24034
24063
-24153
24182
-24272
24301
-24397
24426
24428
-24520
-24549
24640
24681
-24770
-24771
24810
24812
-24904
24946
-25033
-25034
-25078
-25079
25168
25169
-25220
-25221
25316
25317
-25378
-25379
25470
25471
-25538
25545
25547
-25612
-25613
-25695
25702
25704
25710
25746
-25749
-25750
-25755
-25854
-25860
-25866
-25872
-25878
-26486
-26492
-26493
26496
26502
26508
26514
26520
26522
-26528
-26616
-26617
26620
26674
26680
26682
26757
26758
26845
-26851
-26853
26917
26918
-27013
-27015
27070
27071
-27156
-27158
27205
27206
-27297
-27339
-27340
27429
27431
27473
-27565
-27599
27688
27690
-27724
-27725
27814
27848
-27946
27975
-28065
28094
-28184
28213
-28309
28338
28340
-28432
-28461
28552
28593
-28682
-28683
28722
28724
-28816
28858
-28945
-28946
-28990
-28991
29080
29081
-29132
-29133
29228
29229
-29290
-29291
29382
29383
-29450
29457
29459
-29524
-29525
-29607
29614
29616
29622
29658
-29661
-29662
-29667
-29766
-29772
-29778
-29784
-29790
-30398
-30404
-30405
30408
30414
30420
30426
30432
30434
-30440
-30528
-30529
30532
30586
30592
30594
30669
30670
30757
-30763
-30765
30829
30830
-30925
-30927
30982
30983
-31068
-31070
31117
31118
-31209
-31251
-31252
31341
31343
31385
-31477
-31511
31600
31602
-31636
-31637
31726
31760
-31858
31887
-31977
32006
-32096
32125
-32221
32250
32252
-32344
-32373
32464
32505
-32594
-32595
32634
32636
-32728
32770
-32857
-32858
-32902
-32903
32992
32993
-33044
-33045
33140
33141
-33202
-33203
33294
33295
-33362
33369
33371
-33436
-33437
-33519
33526
33528
33534
33570
-33573
-33574
-33579
-33678
-33684
-33690
-33696
-33702
-34310
-34316
-34317
34320
34326
34332
34338
34344
34346
-34352
-34440
-34441
34444
34498
34504
34506
34581
34582
34669
-34675
-34677
34741
34742
-34837
-34839
34894
34895
-34980
-34982
35029
35030
-35121
-35163
-35164
35253
35255
35297
-35389
-35423
35512
35514
-35548
-35549
35638
35672
-35770
35799
-35889
35918
-36008
36037
-36133
36162
36164
-36256
-36285
36376
36417
-36506
-36507
36546
36548
-36640
36682
-36769
-36770
-36814
-36815
36904
36905
-36956
-36957
37052
37053
-37114
-37115
37206
37207
-37274
37281
37283
-37348
-37349
-37431
37438
37440
37446
37482
-37485
-37486
-37491
-37590
-37596
-37602
-37608
-37614
-38222
-38228
-38229
38232
38238
38244
38250
38256
38258
-38264
-38352
-38353
38356
38410
38416
38418
38493
38494
38581
-38587
-38589
38653
38654
-38749
-38751
38806
38807
-38892
-38894
38941
38942
-39033
-39075
-39076
39165
39167
39209
-39301
-39335
39424
39426
-39460
-39461
39550
39584
-39682
39711
-39801
39830
-39920
39949
-40045
40074
40076
-40168
-40197
40288
40329
-40418
-40419
40458
40460
-40552
40594
-40681
-40682
-40726
-40727
40816
40817
-40868
-40869
40964
40965
-41026
-41027
41118
41119
-41186
41193
41195
-41260
-41261
-41343
41350
41352
41358
41394
-41397
-41398
-41403
-41502
-41508
-41514
-41520
-41526
-42134
-42140
-42141
42144
42150
42156
42162
42168
42170
-42176
-42264
-42265
42268
42322
42328
42330
42405
42406
42493
-42499
-42501
42565
42566
-42661
-42663
42718
42719
-42804
-42806
42853
42854
-42945
-42987
-42988
43077
43079
43121
-43213
-43247
43336
43338
-43372
-43373
43462
43496
-43594
43623
-43713
43742
-43832
43861
-43957
43986
43988
-44080
-44109
44200
44241
-44330
-44331
44370
44372
-44464
44506
-44593
-44594
-44638
-44639
44728
44729
-44780
-44781
44876
44877
-44938
-44939
45030
45031
-45098
45105
45107
-45172
-45173
-45255
45262
45264
45270
45306
-45309
-45310
-45315
-45414
-45420
-45426
-45432
-45438
-46046
-46052
-46053
46056
46062
46068
46074
46080
46082
-46088
-46176
-46177
46180
46234
46240
46242
46317
46318
46405
-46411
-46413
46477
46478
-46573
-46575
46630
46631
-46716
-46718
46765
46766
-46857
-46899
-46900
46989
46991
47033
-47125
-47159
47248
47250
-47284
-47285
47374
47408
-47506
47535
-47625
47654
-47744
47773
-47869
47898
47900
-47992
-48021
48112
48153
-48242
-48243
48282
48284
-48376
48418
-48505
-48506
-48550
-48551
48640
48641
-48692
-48693
48788
48789
-48850
-48851
48942
48943
-49010
49017
49019
-49084
-49085
-49167
49174
49176
49182
49218
-49221
-49222
-49227
-49326
-49332
-49338
-49344
-49350
-49958
-49964
-49965
49968
49974
49980
49986
49992
49994
-50000
-50088
-50089
50092
50146
50152
50154
50229
50230
50317
-50323
-50325
50389
50390
-50485
-50487
50542
50543
-50628
-50630
50677
50678
-50769
-50811
-50812
50901
50903
50945
-51037
-51071
51160
51162
-51196
-51197
51286
51320
-51418
51447
-51537
51566
-51656
51685
-51781
51810
51812
-51904
-51933
52024
52065
-52154
-52155
52194
52196
-52288
52330
-52417
-52418
-52462
-52463
52552
52553
-52604
-52605
52700
52701
-52762
-52763
52854
52855
-52922
52929
52931
-52996
-52997
-53079
53086
53088
53094
53130
-53133
-53134
-53139
-53238
-53244
-53250
-53256
-53262
-53870
-53876
-53877
53880
53886
53892
53898
53904
53906
-53912
-54000
-54001
54004
54058
54064
54066
54141
54142
54229
-54235
-54237
54301
54302
-54397
-54399
54454
54455
-54540
-54542
54589
54590
-54681
-54723
-54724
54813
54815
54857
-54949
-54983
55072
55074
-55108
-55109
55198
55232
-55330
55359
-55449
55478
-55568
55597
-55693
55722
55724
-55816
-55845
55936
55977
-56066
-56067
56106
56108
-56200
56242
-56329
-56330
-56374
-56375
56464
56465
-56516
-56517
56612
56613
-56674
-56675
56766
56767
-56834
56841
56843
-56908
-56909
-56991
56998
57000
57006
57042
-57045
-57046
-57051
-57150
-57156
-57162
-57168
-57174
-57782
-57788
-57789
57792
57798
57804
57810
57816
57818
-57824
-57912
-57913
57916
57970
57976
57978
58053
58054
58141
-58147
-58149
58213
58214
-58309
-58311
58366
58367
-58452
-58454
58501
58502
-58593
-58635
-58636
58725
58727
58769
-58861
-58895
58984
58986
-59020
-59021
59110
59144
-59242
59271
-59361
59390
-59480
59509
-59605
59634
59636
-59728
-59757
59848
59889
-59978
-59979
60018
60020
-60112
60154
-60241
-60242
-60286
-60287
60376
60377
-60428
-60429
60524
60525
-60586
-60587
60678
60679
-60746
60753
60755
-60820
-60821
-60903
60910
60912
60918
60954
-60957
-60958
-60963
-61062
-61068
-61074
-61080
-61086
-61694
-61700
-61701
61704
61710
61716
61722
61728
61730
-61736
-61824
-61825
61828
61882
61888
61890
61965
61966
62053
-62059
-62061
62125
62126
-62221
-62223
62278
62279
-62364
-62366
62413
62414
-62505
-62547
-62548
62637
62639
62681
-62773
-62807
62896
62898
-62932
-62933
63022
63056
-63154
63183
-63273
63302
-63392
63421
-63517
63546
63548
-63640
-63669
63760
63801
-63890
-63891
63930
63932
-64024
64066
-64153
-64154
-64198
-64199
64288
64289
-64340
-64341
64436
64437
-64498
-64499
64590
64591
-64658
64665
64667
-64732
-64733
-64815
64822
64824
64830
64866
-64869
-64870
-64875
-64974
-64980
-64986
-64992
-64998
-65606
-65612
-65613
65616
65622
65628
65634
65640
65642
-65648
-65736
-65737
65740
65794
65800
65802
65877
65878
65965
-65971
-65973
66037
66038
-66133
-66135
66190
66191
-66276
-66278
66325
66326
-66417
-66459
-66460
66549
66551
66593
-66685
-66719
66808
66810
-66844
-66845
66934
66968
-67066
67095
-67185
67214
-67304
67333
-67429
67458
67460
-67552
-67581
67672
67713
-67802
-67803
67842
67844
-67936
67978
-68065
-68066
-68110
-68111
68200
68201
-68252
-68253
68348
68349
-68410
-68411
68502
68503
-68570
68577
68579
-68644
-68645
-68727
68734
68736
68742
68778
-68781
-68782
-68787
-68886
-68892
-68898
-68904
-68910
-69518
-69524
-69525
69528
69534
69540
69546
69552
69554
-69560
-69648
-69649
69652
69706
69712
69714
69789
69790
69877
-69883
-69885
69949
69950
-70045
-70047
70102
70103
-70188
-70190
70237
70238
-70329
-70371
-70372
70461
70463
70505
-70597
-70631
70720
70722
-70756
-70757
70846
70880
-70978
71007
-71097
71126
-71216
71245
-71341
71370
71372
-71464
-71493
71584
71625
-71714
-71715
71754
71756
-71848
71890
-71977
-71978
-72022
-72023
72112
72113
-72164
-72165
72260
72261
-72322
-72323
72414
72415
-72482
72489
72491
-72556
-72557
-72639
72646
72648
72654
72690
-72693
-72694
-72699
-72798
-72804
-72810
-72816
-72822
-73430
-73436
-73437
73440
73446
73452
73458
73464
73466
-73472
-73560
-73561
73564
73618
73624
73626
73701
73702
73789
-73795
-73797
73861
73862
-73957
-73959
74014
74015
-74100
-74102
74149
74150
-74241
-74283
-74284
74373
74375
74417
-74509
-74543
74632
74634
-74668
-74669
74758
74792
-74890
74919
-75009
75038
-75128
75157
-75253
75282
75284
-75376
-75405
75496
75537
-75626
-75627
75666
75668
-75760
75802
-75889
-75890
-75934
-75935
76024
76025
-76076
-76077
76172
76173
-76234
-76235
76326
76327
-76394
76401
76403
-76468
-76469
-76551
76558
76560
76566
76602
-76605
-76606
-76611
-76710
-76716
-76722
-76728
-76734
-77342
-77348
-77349
77352
77358
77364
77370
77376
77378
-77384
-77472
-77473
77476
77530
77536
77538
77613
77614
77701
-77707
-77709
77773
77774
-77869
-77871
77926
77927
-78012
-78014
78061
78062
-78153
-78195
-78196
78285
78287
78329
-78421
-78455
78544
78546
-78580
-78581
78670
78704
-78802
78831
-78921
78950
-79040
79069
-79165
79194
79196
-79288
-79317
79408
79449
-79538
-79539
79578
79580
-79672
79714
-79801
-79802
-79846
-79847
79936
79937
-79988
-79989
80084
80085
-80146
-80147
80238
80239
-80306
80313
80315
-80380
-80381
-80463
80470
80472
80478
80514
-80517
-80518
-80523
-80622
-80628
-80634
-80640
-80646
-81254
-81260
-81261
81264
81270
81276
81282
81288
81290
-81296
-81384
-81385
81388
81442
81448
81450
81525
81526
81613
-81619
-81621
81685
81686
-81781
-81783
81838
81839
-81924
-81926
81973
81974
-82065
-82107
-82108
82197
82199
82241
-82333
-82367
82456
82458
-82492
-82493
82582
82616
-82714
82743
-82833
82862
-82952
82981
-83077
83106
83108
-83200
-83229
83320
83361
-83450
-83451
83490
83492
-83584
83626
-83713
-83714
-83758
-83759
83848
83849
-83900
-83901
83996
83997
-84058
-84059
84150
84151
-84218
84225
84227
-84292
-84293
-84375
84382
84384
84390
84426
-84429
-84430
-84435
-84534
-84540
-84546
-84552
-84558
-85166
-85172
-85173
85176
85182
85188
85194
85200
85202
-85208
-85296
-85297
85300
85354
85360
85362
85437
85438
85525
-85531
-85533
85597
85598
-85693
-85695
85750
85751
-85836
-85838
85885
85886
-85977
-86019
-86020
86109
86111
86153
-86245
-86279
86368
86370
-86404
-86405
86494
86528
-86626
86655
-86745
86774
-86864
86893
-86989
87018
87020
-87112
-87141
87232
87273
-87362
-87363
87402
87404
-87496
87538
-87625
-87626
-87670
-87671
87760
87761
-87812
-87813
87908
87909
-87970
-87971
88062
88063
-88130
88137
88139
-88204
-88205
-88287
88294
88296
88302
88338
-88341
-88342
-88347
-88446
-88452
-88458
-88464
-88470
-89078
-89084
-89085
89088
89094
89100
89106
89112
89114
-89120
-89208
-89209
89212
89266
89272
89274
89349
89350
89437
-89443
-89445
89509
89510
-89605
-89607
89662
89663
-89748
-89750
89797
89798
-89889
-89931
-89932
90021
90023
90065
-90157
-90191
90280
90282
-90316
-90317
90406
90440
-90538
90567
-90657
90686
-90776
90805
-90901
90930
90932
-91024
-91053
91144
91185
-91274
-91275
91314
91316
-91408
91450
-91537
-91538
-91582
-91583
91672
91673
-91724
-91725
91820
91821
-91882
-91883
91974
91975
-92042
92049
92051
-92116
-92117
-92199
92206
92208
92214
92250
-92253
-92254
-92259
-92358
-92364
-92370
-92376
-92382
-92990
-92996
-92997
93000
93006
93012
93018
93024
93026
-93032
-93120
-93121
93124
93178
93184
93186
93261
93262
93349
-93355
-93357
93421
93422
-93517
-93519
93574
93575
-93660
-93662
93709
93710
-93801
-93843
-93844
93933
93935
93977
-94069
-94103
94192
94194
-94228
-94229
94318
94352
-94450
94479
-94569
94598
-94688
94717
-94813
94842
94844
-94936
-94965
95056
95097
-95186
-95187
95226
95228
-95320
95362
-95449
-95450
-95494
-95495
95584
95585
-95636
-95637
95732
95733
-95794
-95795
95886
95887
-95954
95961
95963
-96028
-96029
-96111
96118
96120
96126
96162
-96165
-96166
-96171
-96270
-96276
-96282
-96288
-96294
-96902
-96908
-96909
96912
96918
96924
96930
96936
96938
-96944
-97032
-97033
97036
97090
97096
97098
97173
97174
97273
-97279
-97281
97345
97346
-97471
-97473
97528
97529
-97650
-97652
97699
97700
-97833
-97875
-97876
98013
98015
98057
-98203
-98237
98380
98382
-98416
-98417
98560
98594
-98752
98781
-98931
98960
-99110
99139
-99295
99324
99326
-99472
-99501
99646
99687
-99830
-99831
99870
99872
-100012
100054
-100183
-100184
-100228
-100229
100354
100355
-100406
-100407
100532
100533
-100594
-100595
100698
100699
-100766
100773
100775
-100840
-100841
-100923
100930
100932
100938
100974
-100977
-100978
-100983
-101082
-101088
-101094
-101100
-101106
-101713
-101717
-101718
101728
101734
101740
101746
101748
101752
-101755
-101841
-101842
101850
101901
101908
101912
101984
101988
102062
-102064
-102066
102130
102131
-102216
-102219
102273
102274
-102369
-102371
102418
102419
-102524
-102565
-102566
102675
102679
102718
-102831
-102866
102985
102987
-103020
-103021
103141
103179
-103298
103332
-103451
103485
-103604
103638
-103757
103788
103791
-103912
-103942
104062
104107
-104217
-104218
104258
104261
-104372
104414
-104520
-104521
-104565
-104566
104669
104670
-104721
-104722
104815
104816
-104877
-104878
104965
104966
-105033
105040
105042
-105111
-105112
-105194
105202
105204
105209
105245
-105248
-105249
-105254
-105353
-105359
-105365
-105371
-105377
-132408
-132411
-132425
-132429
-132432
-132446
-132450
-132453
-132467
-132471
-132474
-132488
-132492
-132495
-132509
-132513
-132516
-132534
-132537
-132552
-132555
-132605
-132609
-132612
-132623
-132626
-132628
-132644
-132646
-132650
-132669
-132672
-132705
-132716
-132719
-132721
-132737
-132739
-132743
-132757
-132777
-132788
-132791
-132793
-132809
-132811
-132815
-132829
-132849
-132860
-132863
-132865
-132881
-132883
-132887
-132901
-132932
-132935
-132937
-132953
-132955
-132959
-132989
-132992
-132996
-133014
-133016
-133049
-133052
-133054
-133070
-133072
-133076
-133107
-133113
-133129
-133145
-133148
-133152
-133170
-133172
-133187
-133190
-133194
-133207
-133212
-133214
-133228
-133232
-133235
-133249
-133253
-133256
-133270
-133274
-133277
-133291
-133295
-133298
-133313
-133316
-133320
-133333
-133338
-133340
-133355
-133362
-133375
-133380
-133395
-133401
-133417
-133450
-133455
-133457
-133474
-133478
-133482
-133511
-133518
-133531
-133536
-133567
-133572
-133574
-133591
-133595
-133599
-133622
-133639
-133644
-133646
-133663
-133667
-133671
-133694
-133711
-133716
-133718
-133735
-133739
-133743
-133766
-133783
-133788
-133790
-133807
-133811
-133815
-133857
-133862
-133876
-133881
-133883
-133900
-133904
-133908
-133923
-133925
-133973
-133992
-133997
-134013
-134015
-134018
-134034
-134036
-134039
-134055
-134057
-134060
-134076
-134078
-134081
-134097
-134099
-134117
134139
134148
134152
134163
134167
134170
134187
134191
134194
134211
134215
134218
134235
134239
134242
134259
134263
134266
134283
134287
134290
134307
134311
134314
134331
134335
134338
134355
134363
134365
134376
134385
134386
134389
134400
134404
134407
134424
134427
134429
134445
134448
134452
134469
134473
134476
134493
134501
134503
134504
134523
134524
134538
134541
134543
134559
134562
134566
134583
134593
134594
134613
134614
134628
134631
134633
134649
134652
134656
134673
134683
134684
134697
134703
134704
134711
134718
134721
134723
134739
134742
134746
134763
134768
134773
134774
134780
134784
134787
134791
134808
134811
134815
134835
134842
134849
134856
134859
134861
134877
134880
134884
134906
134912
134918
134922
134925
134929
134946
134949
134953
134970
134973
134977
134994
134997
135001
135018
135021
135025
135042
135045
135049
135069
135076
135083
135090
135093
135096
135111
135114
135119
135140
135146
135152
135158
135164
135169
135177
135180
135183
135198
135201
135206
135225
135230
135235
135240
135243
135247
135264
135267
135271
135288
135291
135295
135312
135315
135319
135336
135339
135343
135360
135363
135367
135386
135392
135397
135405
135409
135412
135429
135433
135438
135459
135464
135469
135474
135477
135481
135498
135501
135505
135524
135530
135535
135536
135543
135547
135550
135567
135571
135576
135597
135598
135602
135607
135608
135614
135625
135626
135633
135637
135640
135657
135661
135666
135687
135688
135697
135698
135704
135715
135716
135723
135727
135730
135747
135751
135756
135777
135778
135787
135788
135794
135797
135805
135806
135809
135813
135817
135820
135837
135841
135844
135861
135865
135870
135888
135892
135895
135915
135916
135923
135925
135926
135935
135944
135947
135951
135955
135958
135975
135979
135982
135999
136003
136006
136023
136027
136030
136047
136051
136054
136071
136075
136078
136095
136099
136102
136119
136123
136126
136147
136154
136157
136162
-136171
-136172
136178
136189
136199
136203
136213
136225
136229
-136237
136248
136250
-136251
-136261
136269
-136273
-136275
136282
-136292
-136302
-136304
136308
136320
136325
-136510
-136514
-136526
-136527
-136530
-136531
136539
136550
136554
136659
136670
136673
136674
-136681
-136685
-136697
-136698
-136701
-136702
136776
136790
136791
-136798
-136802
-136814
-136815
-136818
-136819
136894
136907
136908
-136923
-136924
-136930
-136936
-136937
137007
137015
137021
137022
137028
137035
-137040
-137041
137049
-137098
137108
137109
137111
-137112
137121
-137130
-137131
-137137
-137143
-137144
137219
137225
137230
-137250
-137257
-137265
-137271
137326
137333
137338
137350
-137355
-137356
137364
-137413
137422
137423
-137425
137433
137440
137447
137454
137537
137545
137553
137677
137681
137691
137694
137695
137728
137736
137742
137745
137754
137762
137768
137833
137841
137847
137872
137875
137884
137886
137887
137888
-137895
-137901
-137908
-137910
-137914
137936
137975
137976
137981
137986
137987
138007
-138015
-138018
138021
-138029
138092
138093
138103
138105
138116
138117
138132
138145
138147
138209
138210
138220
138222
138223
-138231
-138234
138237
-138244
138255
138264
138267
138326
138327
138335
138337
138338
138350
138351
138371
138384
138387
138588
138596
138599
138601
138604
138613
138614
138616
138618
138640
138652
138653
138654
-138667
138673
138675
-138679
138684
138695
138705
138708
138709
138712
138721
138724
138726
138730
138741
138742
138743
-142932
-142941
-142942
-142952
-142954
142960
142969
142972
142978
142986
142988
142993
142996
-143000
-143001
143005
143007
-143023
143031
143033
143035
-143036
143040
143045
-143052
143057
143063
-143070
143075
143104
143108
143112
143119
143124
143127
143137
143141
143145
143173
143177
143181
143188
143194
143198
143208
143212
143214
-143218
143226
143227
-143229
-143236
143241
-143243
-143247
143250
143348
143360
143361
-143421
-143428
143433
143435
-143437
143439
143464
143470
143472
143482
143488
143490
143499
143504
143505
144103
-144113
144116
-144202
144209
144210
-144212
-144372
-144375
-144378
-144390
-144393
-144396
-144408
-144411
-144414
-144426
-144429
-144432
-144444
-144447
-144450
-144462
-144465
-144468
-144480
-144483
-144486
-144498
-144501
-144504
-144558
-144561
-144564
-144576
-144579
-144582
-144594
-144597
-144600
-144612
-144615
-144618
-144630
-144633
-144636
-144648
-144651
-144654
-144666
-144669
-144672
-144684
-144687
-144690
-144702
-144705
-144708
-144720
-144723
-144726
-144738
-144741
-144744
-144756
-144759
-144762
-144801
-144804
-144807
-144819
-144822
-144825
-144837
-144840
-144843
-144855
-144858
-144861
-144873
-144876
-144879
-144891
-144894
-144897
-144909
-144912
-144915
-144927
-144930
-144933
-144945
-144948
-144951
-144963
-144966
-144969
-144981
-144984
-144987
-144999
-145002
-145005
-145017
-145020
-145023
-145035
-145038
-145041
-145080
-145083
-145086
-145098
-145101
-145104
-145116
-145119
-145122
-145134
-145137
-145140
-145152
-145155
-145158
-145170
-145173
-145176
-145188
-145191
-145194
-145206
-145209
-145212
-145224
-145227
-145230
-145242
-145245
-145248
-145260
-145263
-145266
-145278
-145281
-145284
-145296
-145299
-145302
-145314
-145317
-145320
-145332
-145335
-145338
-145350
-145353
-145356
-145395
-145398
-145401
-145413
-145416
-145419
-145431
-145434
-145437
-145449
-145452
-145455
-145467
-145470
-145473
-145485
-145488
-145491
-145503
-145506
-145509
-145521
-145524
-145527
-145539
-145542
-145545
-145557
-145560
-145563
-145575
-145578
-145581
-145593
-145596
-145599
-145611
-145614
-145617
-145629
-145632
-145635
-145647
-145650
-145653
-145665
-145668
-145671
-145683
-145686
-145689
-145701
-145704
-145707
-145746
-145749
-145752
-145764
-145767
-145770
-145782
-145785
-145788
-145800
-145803
-145806
-145818
-145821
-145824
-145836
-145839
-145842
-145854
-145857
-145860
-145872
-145875
-145878
-145890
-145893
-145896
-145908
-145911
-145914
-145926
-145929
-145932
-145944
-145947
-145950
-145962
-145965
-145968
-145980
-145983
-145986
-145998
-146001
-146004
-146016
-146019
-146022
-146034
-146037
-146040
-146052
-146055
-146058
-146097
-146100
-146103
-146115
-146118
-146121
-146133
-146136
-146139
-146151
-146154
-146157
-146169
-146172
-146175
-146187
-146190
-146193
-146205
-146208
-146211
-146223
-146226
-146229
-146241
-146244
-146247
-146259
-146262
-146265
-146277
-146280
-146283
-146295
-146298
-146301
-146313
-146316
-146319
-146331
-146334
-146337
-146349
-146352
-146355
-146367
-146370
-146373
-146385
-146388
-146391
-146403
-146406
-146409
-146421
-146424
-146427
-146439
-146442
-146445
-146484
-146487
-146490
-146502
-146505
-146508
-146520
-146523
-146526
-146538
-146541
-146544
-146556
-146559
-146562
-146574
-146577
-146580
-146592
-146595
-146598
-146610
-146613
-146616
-146628
-146631
-146634
-146646
-146649
-146652
-146664
-146667
-146670
-146682
-146685
-146688
-146700
-146703
-146706
-146718
-146721
-146724
-146736
-146739
-146742
-146754
-146757
-146760
-146772
-146775
-146778
-146790
-146793
-146796
-146808
-146811
-146814
-146826
-146829
-146832
-146871
-146874
-146877
-146889
-146892
-146895
-146907
-146910
-146913
-146925
-146928
-146931
-146943
-146946
-146949
-146961
-146964
-146967
-146979
-146982
-146985
-146997
-147000
-147003
-147015
-147018
-147021
-147033
-147036
-147039
-147051
-147054
-147057
-147069
-147072
-147075
-147087
-147090
-147093
-147105
-147108
-147111
-147123
-147126
-147129
-147141
-147144
-147147
-147159
-147162
-147165
-147177
-147180
-147183
-147195
-147198
-147201
-147213
-147216
-147219
-147258
-147261
-147264
-147276
-147279
-147282
-147294
-147297
-147300
-147312
-147315
-147318
-147330
-147333
-147336
-147348
-147351
-147354
-147366
-147369
-147372
-147384
-147387
-147390
-147402
-147405
-147408
-147420
-147423
-147426
-147438
-147441
-147444
-147456
-147459
-147462
-147474
-147477
-147480
-147492
-147495
-147498
-147510
-147513
-147516
-147528
-147531
-147534
-147546
-147549
-147552
-147564
-147567
-147570
-147582
-147585
-147588
-147600
-147603
-147606
-147645
-147648
-147651
-147663
-147666
-147669
-147681
-147684
-147687
-147699
-147702
-147705
-147717
-147720
-147723
-147735
-147738
-147741
-147753
-147756
-147759
-147771
-147774
-147777
-147789
-147792
-147795
-147807
-147810
-147813
-147825
-147828
-147831
-147843
-147846
-147849
-147861
-147864
-147867
-147879
-147882
-147885
-147897
-147900
-147903
-147915
-147918
-147921
-147933
-147936
-147939
-147951
-147954
-147957
-147969
-147972
-147975
-147987
-147990
-147993
-148032
-148035
-148038
-148050
-148053
-148056
-148068
-148071
-148074
-148086
-148089
-148092
-148104
-148107
-148110
-148122
-148125
-148128
-148140
-148143
-148146
-148158
-148161
-148164
-148176
-148179
-148182
-148194
-148197
-148200
-148212
-148215
-148218
-148230
-148233
-148236
-148248
-148251
-148254
-148266
-148269
-148272
-148284
-148287
-148290
-148302
-148305
-148308
-148320
-148323
-148326
-148338
-148341
-148344
-148356
-148359
-148362
-148374
-148377
-148380
-148419
-148422
-148425
-148437
-148440
-148443
-148455
-148458
-148461
-148473
-148476
-148479
-148491
-148494
-148497
-148509
-148512
-148515
-148527
-148530
-148533
-148545
-148548
-148551
-148563
-148566
-148569
-148581
-148584
-148587
-148599
-148602
-148605
-148617
-148620
-148623
-148635
-148638
-148641
-148653
-148656
-148659
-148671
-148674
-148677
-148689
-148692
-148695
-148707
-148710
-148713
-148725
-148728
-148731
-148743
-148746
-148749
-148761
-148764
-148767
-148803
-148806
-148809
-148821
-148824
-148827
-148839
-148842
-148845
-148857
-148860
-148863
-148875
-148878
-148881
-148893
-148896
-148899
-148911
-148914
-148917
-148929
-148932
-148935
-148947
-148950
-148953
-148965
-148968
-148971
-148983
-148986
-148989
-149001
-149004
-149007
-149019
-149022
-149025
-149037
-149040
-149043
-149055
-149058
-149061
-149073
-149076
-149079
-149091
-149094
-149097
-149109
-149112
-149115
-149127
-149130
-149133
-149145
-149148
-149151
-149187
-149190
-149193
-149205
-149208
-149211
-149223
-149226
-149229
-149241
-149244
-149247
-149259
-149262
-149265
-149277
-149280
-149283
-149295
-149298
-149301
-149313
-149316
-149319
-149331
-149334
-149337
-149349
-149352
-149355
-149367
-149370
-149373
-149385
-149388
-149391
-149403
-149406
-149409
-149421
-149424
-149427
-149439
-149442
-149445
-149457
-149460
-149463
-149475
-149478
-149481
-149493
-149496
-149499
-149535
-149538
-149541
-149553
-149556
-149559
-149571
-149574
-149577
-149589
-149592
-149595
-149607
-149610
-149613
-149625
-149628
-149631
-149643
-149646
-149649
-149661
-149664
-149667
-149679
-149682
-149685
-149697
-149700
-149703
-149715
-149718
-149721
-149733
-149736
-149739
-149751
-149754
-149757
-149769
-149772
-149775
-149787
-149790
-149793
-149805
-149808
-149811
-149823
-149826
-149829
-149841
-149844
-149847
-149880
-149883
-149886
-149898
-149901
-149904
-149916
-149919
-149922
-149934
-149937
-149940
-149952
-149955
-149958
-149970
-149973
-149976
-149988
-149991
-149994
-150006
-150009
-150012
-150024
-150027
-150030
-150042
-150045
-150048
-150060
-150063
-150066
-150078
-150081
-150084
-150096
-150099
-150102
-150114
-150117
-150120
-150132
-150135
-150138
-150150
-150153
-150156
-150189
-150192
-150195
-150207
-150210
-150213
-150225
-150228
-150231
-150243
-150246
-150249
-150261
-150264
-150267
-150279
-150282
-150285
-150297
-150300
-150303
-150315
-150318
-150321
-150333
-150336
-150339
-150351
-150354
-150357
-150369
-150372
-150375
-150387
-150390
-150393
-150405
-150408
-150411
-150423
-150426
-150429
-150462
-150465
-150468
-150480
-150483
-150486
-150498
-150501
-150504
-150516
-150519
-150522
-150534
-150537
-150540
-150552
-150555
-150558
-150570
-150573
-150576
-150588
-150591
-150594
-150606
-150609
-150612
-150624
-150627
-150630
-150642
-150645
-150648
-150660
-150663
-150666
-150711
-150714
-150717
-150729
-150732
-150735
-150747
-150750
-150753
-150765
-150768
-150771
-150783
-150786
-150789
-150801
-150804
-150807
-150819
-150822
-150825
-150837
-150840
-150843
-150967
-150980
-150990
-150998
-151001
-151011
-151019
-151022
-151032
-151040
-151043
-151053
-151061
-151064
-151082
-151095
-151106
-151113
-151121
-151123
-151131
-151133
-151147
-151148
-151216
151222
-151224
-151231
151237
-151239
-151241
151247
-151278
-151288
-151298
-151305
-151306
-151312
151317
151318
-151320
151325
-151342
-151345
-151353
-151356
151504
-151509
151515
-151519
-151522
-151530
-151533
151753
-151758
151764
-151768
-151771
-151779
-151782
152038
-152043
152049
-152059
-152069
-152370
-152381
-152392
-152400
-152401
-152728
152733
152734
-152736
152741
-152766
-152774
-153108
-153114
-153119
-153124
153489
153494
153499
-153513
-153526
-153535
-153536
-153901
153906
153908
-153910
153916
-153947
-153953
-153958
154335
154339
154343
-155150
-155156
-155161
155541
155546
155551
-155585
-155595
155600
-155603
155965
155967
155974
155975
155977
-156003
156007
-156008
-156013
156017
156372
156377
156382
156383
-156751
-156759
156762
156764
-156767
156770
157087
157089
157096
157097
157099
157100
157429
-157436
157439
157697
157698
157708
-157715
157718
157934
157935
157945
-157952
157955
158087
158088
-158109
-158118
158121
158123
-158126
158129
158131
158133
158140
158141
158143
158144
-158191
158197
158205
158206
-158217
158221
158223
-158227
158231
158239
158246
158249
158257
158264
158267
158275
158282
158285
158293
158300
158303
158305
158307
158314
158317
158318
158323
158331
158332
158333
-158489
-158501
-158509
-158516
-158519
-158527
-158534
-158537
-158545
-158552
-158555
-158563
-158570
-158573
-158588
-158599
-158609
-158616
-158617
-158624
-158626
-158627
-158629
-158638
-158640
-158657
-158658
-158740
158747
-158749
-158758
158764
-158767
-158769
158776
-158785
-158792
-158795
-158808
-158818
-158819
-158827
-158830
-158831
-158840
-158841
-159031
159036
159038
-159040
159046
-159054
-159062
-159064
-159067
-159070
-159080
-159081
-159084
-159085
159323
159334
-159337
-159340
159346
-159349
-159352
-159355
-159365
-159366
-159369
-159370
159626
159637
-159640
-159643
159649
-159652
-159655
-159658
-159668
-159669
-159672
-159673
159959
159970
-159973
-159976
159982
-159985
-159994
-159995
-160000
-160006
-160007
160314
160319
160324
-160341
-160350
-160360
-160370
-160371
-160693
160698
160700
-160702
160708
-160731
-160732
-160736
-160741
-160742
161073
161078
161083
-161097
-161103
-161109
-161115
161466
161471
161476
-161488
-161500
-161510
-161511
-161863
161868
161870
-161872
161878
-161904
-161909
-161914
162276
162281
162286
-162309
-162314
-162319
162681
162686
162691
-162714
-162719
-162724
163086
163091
163096
-163119
-163124
-163129
163491
163496
163501
-163529
-163539
163545
-163549
163897
163899
163906
163907
163909
-163932
163937
-163938
-163944
163949
164295
164300
164305
164306
-164316
-164321
-164326
164658
164663
164668
-164695
-164703
164707
164709
-164713
164717
165031
165033
165040
165041
165043
165044
-165066
-165071
-165076
165092
165384
165385
165389
165394
165395
165412
-165418
-165420
165423
-165430
165446
165708
165709
165718
165719
165728
165729
165739
-165745
-165747
165750
-165757
165773
166005
166006
166015
166016
166025
166026
166036
-166042
-166044
166047
-166054
166063
166070
166073
166284
166285
166292
166294
166295
166304
166305
-166326
-166335
166339
166341
-166345
166349
166357
166364
166367
166519
166526
166529
166531
166533
166540
166541
166543
166544
-166588
166594
166602
166603
-166614
166618
166620
-166624
166628
166636
166643
166646
166654
166661
166664
166672
166679
166682
166690
166697
166700
166702
166704
166711
166714
166715
166720
166728
166729
166730
-166865
-166877
-166885
-166892
-166895
-166903
-166910
-166913
-166921
-166928
-166931
-166939
-166946
-166949
-166964
-166975
-166985
-166992
-166993
-167000
-167002
-167003
-167005
-167014
-167016
-167033
-167034
-167116
167123
-167125
-167134
167140
-167143
-167145
167152
-167161
-167168
-167171
-167184
-167194
-167195
-167203
-167206
-167207
-167216
-167217
-167395
167400
167402
-167404
167410
-167418
-167426
-167428
-167431
-167434
-167444
-167445
-167448
-167449
167582
167593
-167596
-167599
167605
-167608
-167611
-167614
-167624
-167625
-167628
-167629
167702
167713
-167716
-167719
167725
-167728
-167731
-167734
-167744
-167745
-167748
-167749
167822
167833
-167836
-167839
167845
-167848
-167857
-167858
-167863
-167869
-167870
167934
167939
167944
-167961
-167970
-167980
-167990
-167991
-168040
168045
168047
-168049
168055
-168078
-168079
-168083
-168088
-168089
168147
168152
168157
-168171
-168177
-168183
-168189
168267
168272
168277
-168289
-168301
-168311
-168312
-168361
168366
168368
-168370
168376
-168402
-168407
-168412
168471
168476
168481
-168504
-168509
-168514
168573
168578
168583
-168606
-168611
-168616
168675
168680
168685
-168708
-168713
-168718
168777
168782
168787
-168815
-168825
168831
-168835
168880
168882
168889
168890
168892
-168915
168920
-168921
-168927
168932
169011
169016
169021
169022
-169032
-169037
-169042
169101
169106
169111
-169138
-169146
169150
169152
-169156
169160
169201
169203
169210
169211
169213
169214
-169236
-169241
-169246
169262
169317
169318
169322
169327
169328
169345
-169351
-169353
169356
-169363
169379
169434
169435
169444
169445
169454
169455
169465
-169471
-169473
169476
-169483
169499
169554
169555
169564
169565
169574
169575
169585
-169591
-169593
169596
-169603
169612
169619
169622
169746
169747
169754
169756
169757
169766
169767
-169788
-169797
169801
169803
-169807
169811
169819
169826
169829
169987
169994
169997
169999
170001
170008
170009
170011
170012
-170056
170062
170070
170071
-170082
170086
170088
-170092
170096
170104
170111
170114
170122
170129
170132
170140
170147
170150
170158
170165
170168
170170
170172
170179
170182
170183
170188
170196
170197
170198
-170333
-170345
-170353
-170360
-170363
-170371
-170378
-170381
-170389
-170396
-170399
-170407
-170414
-170417
-170432
-170443
-170453
-170460
-170461
-170468
-170470
-170471
-170473
-170482
-170484
-170501
-170502
-170584
170591
-170593
-170602
170608
-170611
-170613
170620
-170629
-170636
-170639
-170652
-170662
-170663
-170671
-170674
-170675
-170684
-170685
-170863
170868
170870
-170872
170878
-170886
-170894
-170896
-170899
-170902
-170912
-170913
-170916
-170917
171050
171061
-171064
-171067
171073
-171076
-171079
-171082
-171092
-171093
-171096
-171097
171170
171181
-171184
-171187
171193
-171196
-171199
-171202
-171212
-171213
-171216
-171217
171290
171301
-171304
-171307
171313
-171316
-171325
-171326
-171331
-171337
-171338
171402
171407
171412
-171429
-171438
-171448
-171458
-171459
-171508
171513
171515
-171517
171523
-171546
-171547
-171551
-171556
-171557
171615
171620
171625
-171639
-171645
-171651
-171657
171735
171740
171745
-171757
-171769
-171779
-171780
-171829
171834
171836
-171838
171844
-171870
-171875
-171880
171939
171944
171949
-171972
-171977
-171982
172041
172046
172051
-172074
-172079
-172084
172143
172148
172153
-172176
-172181
-172186
172245
172250
172255
-172283
-172293
172299
-172303
172348
172350
172357
172358
172360
-172383
172388
-172389
-172395
172400
172479
172484
172489
172490
-172500
-172505
-172510
172569
172574
172579
-172606
-172614
172618
172620
-172624
172628
172669
172671
172678
172679
172681
172682
-172704
-172709
-172714
172730
172785
172786
172790
172795
172796
172813
-172819
-172821
172824
-172831
172847
172902
172903
172912
172913
172922
172923
172933
-172939
-172941
172944
-172951
172967
173022
173023
173032
173033
173042
173043
173053
-173059
-173061
173064
-173071
173080
173087
173090
173214
173215
173222
173224
173225
173234
173235
-173256
-173265
173269
173271
-173275
173279
173287
173294
173297
173455
173462
173465
173467
173469
173476
173477
173479
173480
-173524
173530
173538
173539
-173550
173554
173556
-173560
173564
173572
173579
173582
173590
173597
173600
173608
173615
173618
173626
173633
173636
173638
173640
173647
173650
173651
173656
173664
173665
173666
-173801
-173813
-173821
-173828
-173831
-173839
-173846
-173849
-173857
-173864
-173867
-173875
-173882
-173885
-173900
-173911
-173921
-173928
-173929
-173936
-173938
-173939
-173941
-173950
-173952
-173969
-173970
-174052
174059
-174061
-174070
174076
-174079
-174081
174088
-174097
-174104
-174107
-174120
-174130
-174131
-174139
-174142
-174143
-174152
-174153
-174331
174336
174338
-174340
174346
-174354
-174362
-174364
-174367
-174370
-174380
-174381
-174384
-174385
174518
174529
-174532
-174535
174541
-174544
-174547
-174550
-174560
-174561
-174564
-174565
174638
174649
-174652
-174655
174661
-174664
-174667
-174670
-174680
-174681
-174684
-174685
174758
174769
-174772
-174775
174781
-174784
-174793
-174794
-174799
-174805
-174806
174870
174875
174880
-174897
-174906
-174916
-174926
-174927
-174976
174981
174983
-174985
174991
-175014
-175015
-175019
-175024
-175025
175083
175088
175093
-175107
-175113
-175119
-175125
175203
175208
175213
-175225
-175237
-175247
-175248
-175297
175302
175304
-175306
175312
-175338
-175343
-175348
175407
175412
175417
-175440
-175445
-175450
175509
175514
175519
-175542
-175547
-175552
175611
175616
175621
-175644
-175649
-175654
175713
175718
175723
-175751
-175761
175767
-175771
175816
175818
175825
175826
175828
-175851
175856
-175857
-175863
175868
175947
175952
175957
175958
-175968
-175973
-175978
176037
176042
176047
-176074
-176082
176086
176088
-176092
176096
176137
176139
176146
176147
176149
176150
-176172
-176177
-176182
176198
176253
176254
176258
176263
176264
176281
-176287
-176289
176292
-176299
176315
176370
176371
176380
176381
176390
176391
176401
-176407
-176409
176412
-176419
176435
176490
176491
176500
176501
176510
176511
176521
-176527
-176529
176532
-176539
176548
176555
176558
176682
176683
176690
176692
176693
176702
176703
-176724
-176733
176737
176739
-176743
176747
176755
176762
176765
176923
176930
176933
176935
176937
176944
176945
176947
176948
-176992
176998
177006
177007
-177018
177022
177024
-177028
177032
177040
177047
177050
177058
177065
177068
177076
177083
177086
177094
177101
177104
177106
177108
177115
177118
177119
177124
177132
177133
177134
-177269
-177281
-177289
-177296
-177299
-177307
-177314
-177317
-177325
-177332
-177335
-177343
-177350
-177353
-177368
-177379
-177389
-177396
-177397
-177404
-177406
-177407
-177409
-177418
-177420
-177437
-177438
-177520
177527
-177529
-177538
177544
-177547
-177549
177556
-177565
-177572
-177575
-177588
-177598
-177599
-177607
-177610
-177611
-177620
-177621
-177799
177804
177806
-177808
177814
-177822
-177830
-177832
-177835
-177838
-177848
-177849
-177852
-177853
177986
177997
-178000
-178003
178009
-178012
-178015
-178018
-178028
-178029
-178032
-178033
178106
178117
-178120
-178123
178129
-178132
-178135
-178138
-178148
-178149
-178152
-178153
178226
178237
-178240
-178243
178249
-178252
-178261
-178262
-178267
-178273
-178274
178338
178343
178348
-178365
-178374
-178384
-178394
-178395
-178444
178449
178451
-178453
178459
-178482
-178483
-178487
-178492
-178493
178551
178556
178561
-178575
-178581
-178587
-178593
178671
178676
178681
-178693
-178705
-178715
-178716
-178765
178770
178772
-178774
178780
-178806
-178811
-178816
178875
178880
178885
-178908
-178913
-178918
178977
178982
178987
-179010
-179015
-179020
179079
179084
179089
-179112
-179117
-179122
179181
179186
179191
-179219
-179229
179235
-179239
179284
179286
179293
179294
179296
-179319
179324
-179325
-179331
179336
179415
179420
179425
179426
-179436
-179441
-179446
179505
179510
179515
-179542
-179550
179554
179556
-179560
179564
179605
179607
179614
179615
179617
179618
-179640
-179645
-179650
179666
179721
179722
179726
179731
179732
179749
-179755
-179757
179760
-179767
179783
179838
179839
179848
179849
179858
179859
179869
-179875
-179877
179880
-179887
179903
179958
179959
179968
179969
179978
179979
179989
-179995
-179997
180000
-180007
180016
180023
180026
180150
180151
180158
180160
180161
180170
180171
-180192
-180201
180205
180207
-180211
180215
180223
180230
180233
180391
180398
180401
180403
180405
180412
180413
180415
180416
-180460
180466
180474
180475
-180486
180490
180492
-180496
180500
180508
180515
180518
180526
180533
180536
180544
180551
180554
180562
180569
180572
180574
180576
180583
180586
180587
180592
180600
180601
180602
-180737
-180749
-180757
-180764
-180767
-180775
-180782
-180785
-180793
-180800
-180803
-180811
-180818
-180821
-180836
-180847
-180857
-180864
-180865
-180872
-180874
-180875
-180877
-180886
-180888
-180905
-180906
-180988
180995
-180997
-181006
181012
-181015
-181017
181024
-181033
-181040
-181043
-181056
-181066
-181067
-181075
-181078
-181079
-181088
-181089
-181267
181272
181274
-181276
181282
-181290
-181298
-181300
-181303
-181306
-181316
-181317
-181320
-181321
181454
181465
-181468
-181471
181477
-181480
-181483
-181486
-181496
-181497
-181500
-181501
181574
181585
-181588
-181591
181597
-181600
-181603
-181606
-181616
-181617
-181620
-181621
181694
181705
-181708
-181711
181717
-181720
-181729
-181730
-181735
-181741
-181742
181806
181811
181816
-181833
-181842
-181852
-181862
-181863
-181912
181917
181919
-181921
181927
-181950
-181951
-181955
-181960
-181961
182019
182024
182029
-182043
-182049
-182055
-182061
182139
182144
182149
-182161
-182173
-182183
-182184
-182233
182238
182240
-182242
182248
-182274
-182279
-182284
182343
182348
182353
-182376
-182381
-182386
182445
182450
182455
-182478
-182483
-182488
182547
182552
182557
-182580
-182585
-182590
182649
182654
182659
-182687
-182697
182703
-182707
182752
182754
182761
182762
182764
-182787
182792
-182793
-182799
182804
182883
182888
182893
182894
-182904
-182909
-182914
182973
182978
182983
-183010
-183018
183022
183024
-183028
183032
183073
183075
183082
183083
183085
183086
-183108
-183113
-183118
183134
183189
183190
183194
183199
183200
183217
-183223
-183225
183228
-183235
183251
183306
183307
183316
183317
183326
183327
183337
-183343
-183345
183348
-183355
183371
183426
183427
183436
183437
183446
183447
183457
-183463
-183465
183468
-183475
183484
183491
183494
183618
183619
183626
183628
183629
183638
183639
-183660
-183669
183673
183675
-183679
183683
183691
183698
183701
183859
183866
183869
183871
183873
183880
183881
183883
183884
-183928
183934
183942
183943
-183954
183958
183960
-183964
183968
183976
183983
183986
183994
184001
184004
184012
184019
184022
184030
184037
184040
184042
184044
184051
184054
184055
184060
184068
184069
184070
-184205
-184217
-184225
-184232
-184235
-184243
-184250
-184253
-184261
-184268
-184271
-184279
-184286
-184289
-184304
-184315
-184325
-184332
-184333
-184340
-184342
-184343
-184345
-184354
-184356
-184373
-184374
-184456
184463
-184465
-184474
184480
-184483
-184485
184492
-184501
-184508
-184511
-184524
-184534
-184535
-184543
-184546
-184547
-184556
-184557
-184735
184740
184742
-184744
184750
-184758
-184766
-184768
-184771
-184774
-184784
-184785
-184788
-184789
184922
184933
-184936
-184939
184945
-184948
-184951
-184954
-184964
-184965
-184968
-184969
185042
185053
-185056
-185059
185065
-185068
-185071
-185074
-185084
-185085
-185088
-185089
185162
185173
-185176
-185179
185185
-185188
-185197
-185198
-185203
-185209
-185210
185274
185279
185284
-185301
-185310
-185320
-185330
-185331
-185380
185385
185387
-185389
185395
-185418
-185419
-185423
-185428
-185429
185487
185492
185497
-185511
-185517
-185523
-185529
185607
185612
185617
-185629
-185641
-185651
-185652
-185701
185706
185708
-185710
185716
-185742
-185747
-185752
185811
185816
185821
-185844
-185849
-185854
185913
185918
185923
-185946
-185951
-185956
186015
186020
186025
-186048
-186053
-186058
186117
186122
186127
-186155
-186165
186171
-186175
186220
186222
186229
186230
186232
-186255
186260
-186261
-186267
186272
186351
186356
186361
186362
-186372
-186377
-186382
186441
186446
186451
-186478
-186486
186490
186492
-186496
186500
186541
186543
186550
186551
186553
186554
-186576
-186581
-186586
186602
186657
186658
186662
186667
186668
186685
-186691
-186693
186696
-186703
186719
186774
186775
186784
186785
186794
186795
186805
-186811
-186813
186816
-186823
186839
186894
186895
186904
186905
186914
186915
186925
-186931
-186933
186936
-186943
186952
186959
186962
187086
187087
187094
187096
187097
187106
187107
-187128
-187137
187141
187143
-187147
187151
187159
187166
187169
187327
187334
187337
187339
187341
187348
187349
187351
187352
-187396
187402
187410
187411
-187422
187426
187428
-187432
187436
187444
187451
187454
187462
187469
187472
187480
187487
187490
187498
187505
187508
187510
187512
187519
187522
187523
187528
187536
187537
187538
-187673
-187685
-187693
-187700
-187703
-187711
-187718
-187721
-187729
-187736
-187739
-187747
-187754
-187757
-187772
-187783
-187793
-187800
-187801
-187808
-187810
-187811
-187813
-187822
-187824
-187841
-187842
-187924
187931
-187933
-187942
187948
-187951
-187953
187960
-187969
-187976
-187979
-187992
-188002
-188003
-188011
-188014
-188015
-188024
-188025
-188203
188208
188210
-188212
188218
-188226
-188234
-188236
-188239
-188242
-188252
-188253
-188256
-188257
188390
188401
-188404
-188407
188413
-188416
-188419
-188422
-188432
-188433
-188436
-188437
188510
188521
-188524
-188527
188533
-188536
-188539
-188542
-188552
-188553
-188556
-188557
188630
188641
-188644
-188647
188653
-188656
-188665
-188666
-188671
-188677
-188678
188742
188747
188752
-188769
-188778
-188788
-188798
-188799
-188848
188853
188855
-188857
188863
-188886
-188887
-188891
-188896
-188897
188955
188960
188965
-188979
-188985
-188991
-188997
189075
189080
189085
-189097
-189109
-189119
-189120
-189169
189174
189176
-189178
189184
-189210
-189215
-189220
189279
189284
189289
-189312
-189317
-189322
189381
189386
189391
-189414
-189419
-189424
189483
189488
189493
-189516
-189521
-189526
189585
189590
189595
-189623
-189633
189639
-189643
189688
189690
189697
189698
189700
-189723
189728
-189729
-189735
189740
189819
189824
189829
189830
-189840
-189845
-189850
189909
189914
189919
-189946
-189954
189958
189960
-189964
189968
190009
190011
190018
190019
190021
190022
-190044
-190049
-190054
190070
190125
190126
190130
190135
190136
190153
-190159
-190161
190164
-190171
190187
190242
190243
190252
190253
190262
190263
190273
-190279
-190281
190284
-190291
190307
190362
190363
190372
190373
190382
190383
190393
-190399
-190401
190404
-190411
190420
190427
190430
190554
190555
190562
190564
190565
190574
190575
-190596
-190605
190609
190611
-190615
190619
190627
190634
190637
190795
190802
190805
190807
190809
190816
190817
190819
190820
-190864
190870
190878
190879
-190890
190894
190896
-190900
190904
190912
190919
190922
190930
190937
190940
190948
190955
190958
190966
190973
190976
190978
190980
190987
190990
190991
190996
191004
191005
191006
-191141
-191153
-191161
-191168
-191171
-191179
-191186
-191189
-191197
-191204
-191207
-191215
-191222
-191225
-191240
-191251
-191261
-191268
-191269
-191276
-191278
-191279
-191281
-191290
-191292
-191309
-191310
-191392
191399
-191401
-191410
191416
-191419
-191421
191428
-191437
-191444
-191447
-191460
-191470
-191471
-191479
-191482
-191483
-191492
-191493
-191671
191676
191678
-191680
191686
-191694
-191702
-191704
-191707
-191710
-191720
-191721
-191724
-191725
191858
191869
-191872
-191875
191881
-191884
-191887
-191890
-191900
-191901
-191904
-191905
191978
191989
-191992
-191995
192001
-192004
-192007
-192010
-192020
-192021
-192024
-192025
192098
192109
-192112
-192115
192121
-192124
-192133
-192134
-192139
-192145
-192146
192210
192215
192220
-192237
-192246
-192256
-192266
-192267
-192316
192321
192323
-192325
192331
-192354
-192355
-192359
-192364
-192365
192423
192428
192433
-192447
-192453
-192459
-192465
192543
192548
192553
-192565
-192577
-192587
-192588
-192637
192642
192644
-192646
192652
-192678
-192683
-192688
192747
192752
192757
-192780
-192785
-192790
192849
192854
192859
-192882
-192887
-192892
192951
192956
192961
-192984
-192989
-192994
193053
193058
193063
-193091
-193101
193107
-193111
193156
193158
193165
193166
193168
-193191
193196
-193197
-193203
193208
193287
193292
193297
193298
-193308
-193313
-193318
193377
193382
193387
-193414
-193422
193426
193428
-193432
193436
193477
193479
193486
193487
193489
193490
-193512
-193517
-193522
193538
193593
193594
193598
193603
193604
193621
-193627
-193629
193632
-193639
193655
193710
193711
193720
193721
193730
193731
193741
-193747
-193749
193752
-193759
193775
193830
193831
193840
193841
193850
193851
193861
-193867
-193869
193872
-193879
193888
193895
193898
194022
194023
194030
194032
194033
194042
194043
-194064
-194073
194077
194079
-194083
194087
194095
194102
194105
194263
194270
194273
194275
194277
194284
194285
194287
194288
-194332
194338
194346
194347
-194358
194362
194364
-194368
194372
194380
194387
194390
194398
194405
194408
194416
194423
194426
194434
194441
194444
194446
194448
194455
194458
194459
194464
194472
194473
194474
-194609
-194621
-194629
-194636
-194639
-194647
-194654
-194657
-194665
-194672
-194675
-194683
-194690
-194693
-194708
-194719
-194729
-194736
-194737
-194744
-194746
-194747
-194749
-194758
-194760
-194777
-194778
-194860
194867
-194869
-194878
194884
-194887
-194889
194896
-194905
-194912
-194915
-194928
-194938
-194939
-194947
-194950
-194951
-194960
-194961
-195139
195144
195146
-195148
195154
-195162
-195170
-195172
-195175
-195178
-195188
-195189
-195192
-195193
195326
195337
-195340
-195343
195349
-195352
-195355
-195358
-195368
-195369
-195372
-195373
195446
195457
-195460
-195463
195469
-195472
-195475
-195478
-195488
-195489
-195492
-195493
195566
195577
-195580
-195583
195589
-195592
-195601
-195602
-195607
-195613
-195614
195678
195683
195688
-195705
-195714
-195724
-195734
-195735
-195784
195789
195791
-195793
195799
-195822
-195823
-195827
-195832
-195833
195891
195896
195901
-195915
-195921
-195927
-195933
196011
196016
196021
-196033
-196045
-196055
-196056
-196105
196110
196112
-196114
196120
-196146
-196151
-196156
196215
196220
196225
-196248
-196253
-196258
196317
196322
196327
-196350
-196355
-196360
196419
196424
196429
-196452
-196457
-196462
196521
196526
196531
-196559
-196569
196575
-196579
196624
196626
196633
196634
196636
-196659
196664
-196665
-196671
196676
196755
196760
196765
196766
-196776
-196781
-196786
196845
196850
196855
-196882
-196890
196894
196896
-196900
196904
196945
196947
196954
196955
196957
196958
-196980
-196985
-196990
197006
197061
197062
197066
197071
197072
197089
-197095
-197097
197100
-197107
197123
197178
197179
197188
197189
197198
197199
197209
-197215
-197217
197220
-197227
197243
197298
197299
197308
197309
197318
197319
197329
-197335
-197337
197340
-197347
197356
197363
197366
197490
197491
197498
197500
197501
197510
197511
-197532
-197541
197545
197547
-197551
197555
197563
197570
197573
197731
197738
197741
197743
197745
197752
197753
197755
197756
-197800
197806
197814
197815
-197826
197830
197832
-197836
197840
197848
197855
197858
197866
197873
197876
197884
197891
197894
197902
197909
197912
197914
197916
197923
197926
197927
197932
197940
197941
197942
-198077
-198089
-198097
-198104
-198107
-198115
-198122
-198125
-198133
-198140
-198143
-198151
-198158
-198161
-198176
-198187
-198197
-198204
-198205
-198212
-198214
-198215
-198217
-198226
-198228
-198245
-198246
-198328
198335
-198337
-198346
198352
-198355
-198357
198364
-198373
-198380
-198383
-198396
-198406
-198407
-198415
-198418
-198419
-198428
-198429
-198607
198612
198614
-198616
198622
-198630
-198638
-198640
-198643
-198646
-198656
-198657
-198660
-198661
198794
198805
-198808
-198811
198817
-198820
-198823
-198826
-198836
-198837
-198840
-198841
198914
198925
-198928
-198931
198937
-198940
-198943
-198946
-198956
-198957
-198960
-198961
199034
199045
-199048
-199051
199057
-199060
-199069
-199070
-199075
-199081
-199082
199146
199151
199156
-199173
-199182
-199192
-199202
-199203
-199252
199257
199259
-199261
199267
-199290
-199291
-199295
-199300
-199301
199359
199364
199369
-199383
-199389
-199395
-199401
199479
199484
199489
-199501
-199513
-199523
-199524
-199573
199578
199580
-199582
199588
-199614
-199619
-199624
199683
199688
199693
-199716
-199721
-199726
199785
199790
199795
-199818
-199823
-199828
199887
199892
199897
-199920
-199925
-199930
199989
199994
199999
-200027
-200037
200043
-200047
200092
200094
200101
200102
200104
-200127
200132
-200133
-200139
200144
200223
200228
200233
200234
-200244
-200249
-200254
200313
200318
200323
-200350
-200358
200362
200364
-200368
200372
200413
200415
200422
200423
200425
200426
-200448
-200453
-200458
200474
200529
200530
200534
200539
200540
200557
-200563
-200565
200568
-200575
200591
200646
200647
200656
200657
200666
200667
200677
-200683
-200685
200688
-200695
200711
200766
200767
200776
200777
200786
200787
200797
-200803
-200805
200808
-200815
200824
200831
200834
200958
200959
200966
200968
200969
200978
200979
-201000
-201009
201013
201015
-201019
201023
201031
201038
201041
201199
201206
201209
201211
201213
201220
201221
201223
201224
-201268
201274
201282
201283
-201294
201298
201300
-201304
201308
201316
201323
201326
201334
201341
201344
201352
201359
201362
201370
201377
201380
201382
201384
201391
201394
201395
201400
201408
201409
201410
-201545
-201557
-201565
-201572
-201575
-201583
-201590
-201593
-201601
-201608
-201611
-201619
-201626
-201629
-201644
-201655
-201665
-201672
-201673
-201680
-201682
-201683
-201685
-201694
-201696
-201713
-201714
-201796
201803
-201805
-201814
201820
-201823
-201825
201832
-201841
-201848
-201851
-201864
-201874
-201875
-201883
-201886
-201887
-201896
-201897
-202075
202080
202082
-202084
202090
-202098
-202106
-202108
-202111
-202114
-202124
-202125
-202128
-202129
202262
202273
-202276
-202279
202285
-202288
-202291
-202294
-202304
-202305
-202308
-202309
202382
202393
-202396
-202399
202405
-202408
-202411
-202414
-202424
-202425
-202428
-202429
202502
202513
-202516
-202519
202525
-202528
-202537
-202538
-202543
-202549
-202550
202614
202619
202624
-202641
-202650
-202660
-202670
-202671
-202720
202725
202727
-202729
202735
-202758
-202759
-202763
-202768
-202769
202827
202832
202837
-202851
-202857
-202863
-202869
202947
202952
202957
-202969
-202981
-202991
-202992
-203041
203046
203048
-203050
203056
-203082
-203087
-203092
203151
203156
203161
-203184
-203189
-203194
203253
203258
203263
-203286
-203291
-203296
203355
203360
203365
-203388
-203393
-203398
203457
203462
203467
-203495
-203505
203511
-203515
203560
203562
203569
203570
203572
-203595
203600
-203601
-203607
203612
203691
203696
203701
203702
-203712
-203717
-203722
203781
203786
203791
-203818
-203826
203830
203832
-203836
203840
203881
203883
203890
203891
203893
203894
-203916
-203921
-203926
203942
203997
203998
204002
204007
204008
204025
-204031
-204033
204036
-204043
204059
204114
204115
204124
204125
204134
204135
204145
-204151
-204153
204156
-204163
204179
204234
204235
204244
204245
204254
204255
204265
-204271
-204273
204276
-204283
204292
204299
204302
204426
204427
204434
204436
204437
204446
204447
-204468
-204477
204481
204483
-204487
204491
204499
204506
204509
204667
204674
204677
204679
204681
204688
204689
204691
204692
-204736
204742
204750
204751
-204762
204766
204768
-204772
204776
204784
204791
204794
204802
204809
204812
204820
204827
204830
204838
204845
204848
204850
204852
204859
204862
204863
204868
204876
204877
204878
-205013
-205025
-205033
-205040
-205043
-205051
-205058
-205061
-205069
-205076
-205079
-205087
-205094
-205097
-205112
-205123
-205133
-205140
-205141
-205148
-205150
-205151
-205153
-205162
-205164
-205181
-205182
-205264
205271
-205273
-205282
205288
-205291
-205293
205300
-205309
-205316
-205319
-205332
-205342
-205343
-205351
-205354
-205355
-205364
-205365
-205543
205548
205550
-205552
205558
-205566
-205574
-205576
-205579
-205582
-205592
-205593
-205596
-205597
205730
205741
-205744
-205747
205753
-205756
-205759
-205762
-205772
-205773
-205776
-205777
205850
205861
-205864
-205867
205873
-205876
-205879
-205882
-205892
-205893
-205896
-205897
205970
205981
-205984
-205987
205993
-205996
-206005
-206006
-206011
-206017
-206018
206082
206087
206092
-206109
-206118
-206128
-206138
-206139
-206188
206193
206195
-206197
206203
-206226
-206227
-206231
-206236
-206237
206295
206300
206305
-206319
-206325
-206331
-206337
206415
206420
206425
-206437
-206449
-206459
-206460
-206509
206514
206516
-206518
206524
-206550
-206555
-206560
206619
206624
206629
-206652
-206657
-206662
206721
206726
206731
-206754
-206759
-206764
206823
206828
206833
-206856
-206861
-206866
206925
206930
206935
-206963
-206973
206979
-206983
207028
207030
207037
207038
207040
-207063
207068
-207069
-207075
207080
207159
207164
207169
207170
-207180
-207185
-207190
207249
207254
207259
-207286
-207294
207298
207300
-207304
207308
207349
207351
207358
207359
207361
207362
-207384
-207389
-207394
207410
207465
207466
207470
207475
207476
207493
-207499
-207501
207504
-207511
207527
207582
207583
207592
207593
207602
207603
207613
-207619
-207621
207624
-207631
207647
207702
207703
207712
207713
207722
207723
207733
-207739
-207741
207744
-207751
207760
207767
207770
207894
207895
207902
207904
207905
207914
207915
-207936
-207945
207949
207951
-207955
207959
207967
207974
207977
208135
208142
208145
208147
208149
208156
208157
208159
208160
-208204
208210
208218
208219
-208230
208234
208236
-208240
208244
208252
208259
208262
208270
208277
208280
208288
208295
208298
208306
208313
208316
208318
208320
208327
208330
208331
208336
208344
208345
208346
-208481
-208493
-208501
-208508
-208511
-208519
-208526
-208529
-208537
-208544
-208547
-208555
-208562
-208565
-208580
-208591
-208601
-208608
-208609
-208616
-208618
-208619
-208621
-208630
-208632
-208649
-208650
-208732
208739
-208741
-208750
208756
-208759
-208761
208768
-208777
-208784
-208787
-208800
-208810
-208811
-208819
-208822
-208823
-208832
-208833
-209011
209016
209018
-209020
209026
-209034
-209042
-209044
-209047
-209050
-209060
-209061
-209064
-209065
209198
209209
-209212
-209215
209221
-209224
-209227
-209230
-209240
-209241
-209244
-209245
209318
209329
-209332
-209335
209341
-209344
-209347
-209350
-209360
-209361
-209364
-209365
209438
209449
-209452
-209455
209461
-209464
-209473
-209474
-209479
-209485
-209486
209550
209555
209560
-209577
-209586
-209596
-209606
-209607
-209656
209661
209663
-209665
209671
-209694
-209695
-209699
-209704
-209705
209763
209768
209773
-209787
-209793
-209799
-209805
209883
209888
209893
-209905
-209917
-209927
-209928
-209977
209982
209984
-209986
209992
-210018
-210023
-210028
210087
210092
210097
-210120
-210125
-210130
210189
210194
210199
-210222
-210227
-210232
210291
210296
210301
-210324
-210329
-210334
210393
210398
210403
-210431
-210441
210447
-210451
210496
210498
210505
210506
210508
-210531
210536
-210537
-210543
210548
210627
210632
210637
210638
-210648
-210653
-210658
210717
210722
210727
-210754
-210762
210766
210768
-210772
210776
210817
210819
210826
210827
210829
210830
-210852
-210857
-210862
210878
210933
210934
210938
210943
210944
210961
-210967
-210969
210972
-210979
210995
211050
211051
211060
211061
211070
211071
211081
-211087
-211089
211092
-211099
211115
211170
211171
211180
211181
211190
211191
211201
-211207
-211209
211212
-211219
211228
211235
211238
211362
211363
211370
211372
211373
211382
211383
-211404
-211413
211417
211419
-211423
211427
211435
211442
211445
211603
211610
211613
211615
211617
211624
211625
211627
211628
-211672
211678
211686
211687
-211698
211702
211704
-211708
211712
211720
211727
211730
211738
211745
211748
211756
211763
211766
211774
211781
211784
211786
211788
211795
211798
211799
211804
211812
211813
211814
-211949
-211961
-211969
-211976
-211979
-211987
-211994
-211997
-212005
-212012
-212015
-212023
-212030
-212033
-212048
-212059
-212069
-212076
-212077
-212084
-212086
-212087
-212089
-212098
-212100
-212117
-212118
-212200
212207
-212209
-212218
212224
-212227
-212229
212236
-212245
-212252
-212255
-212268
-212278
-212279
-212287
-212290
-212291
-212300
-212301
-212479
212484
212486
-212488
212494
-212502
-212510
-212512
-212515
-212518
-212528
-212529
-212532
-212533
212666
212677
-212680
-212683
212689
-212692
-212695
-212698
-212708
-212709
-212712
-212713
212786
212797
-212800
-212803
212809
-212812
-212815
-212818
-212828
-212829
-212832
-212833
212906
212917
-212920
-212923
212929
-212932
-212941
-212942
-212947
-212953
-212954
213018
213023
213028
-213045
-213054
-213064
-213074
-213075
-213124
213129
213131
-213133
213139
-213162
-213163
-213167
-213172
-213173
213231
213236
213241
-213255
-213261
-213267
-213273
213351
213356
213361
-213373
-213385
-213395
-213396
-213445
213450
213452
-213454
213460
-213486
-213491
-213496
213555
213560
213565
-213588
-213593
-213598
213657
213662
213667
-213690
-213695
-213700
213759
213764
213769
-213792
-213797
-213802
213861
213866
213871
-213899
-213909
213915
-213919
213964
213966
213973
213974
213976
-213999
214004
-214005
-214011
214016
214095
214100
214105
214106
-214116
-214121
-214126
214185
214190
214195
-214222
-214230
214234
214236
-214240
214244
214285
214287
214294
214295
214297
214298
-214320
-214325
-214330
214346
214401
214402
214406
214411
214412
214429
-214435
-214437
214440
-214447
214463
214518
214519
214528
214529
214538
214539
214549
-214555
-214557
214560
-214567
214583
214638
214639
214648
214649
214658
214659
214669
-214675
-214677
214680
-214687
214696
214703
214706
214830
214831
214838
214840
214841
214850
214851
-214872
-214881
214885
214887
-214891
214895
214903
214910
214913
215071
215078
215081
215083
215085
215092
215093
215095
215096
-215140
215146
215154
215155
-215166
215170
215172
-215176
215180
215188
215195
215198
215206
215213
215216
215224
215231
215234
215242
215249
215252
215254
215256
215263
215266
215267
215272
215280
215281
215282
-215417
-215429
-215437
-215444
-215447
-215455
-215462
-215465
-215473
-215480
-215483
-215491
-215498
-215501
-215516
-215527
-215537
-215544
-215545
-215552
-215554
-215555
-215557
-215566
-215568
-215585
-215586
-215668
215675
-215677
-215686
215692
-215695
-215697
215704
-215713
-215720
-215723
-215736
-215746
-215747
-215755
-215758
-215759
-215768
-215769
-215947
215952
215954
-215956
215962
-215970
-215978
-215980
-215983
-215986
-215996
-215997
-216000
-216001
216134
216145
-216148
-216151
216157
-216160
-216163
-216166
-216176
-216177
-216180
-216181
216254
216265
-216268
-216271
216277
-216280
-216283
-216286
-216296
-216297
-216300
-216301
216374
216385
-216388
-216391
216397
-216400
-216409
-216410
-216415
-216421
-216422
216486
216491
216496
-216513
-216522
-216532
-216542
-216543
-216592
216597
216599
-216601
216607
-216630
-216631
-216635
-216640
-216641
216699
216704
216709
-216723
-216729
-216735
-216741
216819
216824
216829
-216841
-216853
-216863
-216864
-216913
216918
216920
-216922
216928
-216954
-216959
-216964
217023
217028
217033
-217056
-217061
-217066
217125
217130
217135
-217158
-217163
-217168
217227
217232
217237
-217260
-217265
-217270
217329
217334
217339
-217367
-217377
217383
-217387
217432
217434
217441
217442
217444
-217467
217472
-217473
-217479
217484
217563
217568
217573
217574
-217584
-217589
-217594
217653
217658
217663
-217690
-217698
217702
217704
-217708
217712
217753
217755
217762
217763
217765
217766
-217788
-217793
-217798
217814
217869
217870
217874
217879
217880
217897
-217903
-217905
217908
-217915
217931
217986
217987
217996
217997
218006
218007
218017
-218023
-218025
218028
-218035
218051
218106
218107
218116
218117
218126
218127
218137
-218143
-218145
218148
-218155
218164
218171
218174
218298
218299
218306
218308
218309
218318
218319
-218340
-218349
218353
218355
-218359
218363
218371
218378
218381
218539
218546
218549
218551
218553
218560
218561
218563
218564
-218608
218614
218622
218623
-218634
218638
218640
-218644
218648
218656
218663
218666
218674
218681
218684
218692
218699
218702
218710
218717
218720
218722
218724
218731
218734
218735
218740
218748
218749
218750
-218885
-218897
-218905
-218912
-218915
-218923
-218930
-218933
-218941
-218948
-218951
-218959
-218966
-218969
-218984
-218995
-219005
-219012
-219013
-219020
-219022
-219023
-219025
-219034
-219036
-219053
-219054
-219136
219143
-219145
-219154
219160
-219163
-219165
219172
-219181
-219188
-219191
-219204
-219214
-219215
-219223
-219226
-219227
-219236
-219237
-219415
219420
219422
-219424
219430
-219438
-219446
-219448
-219451
-219454
-219464
-219465
-219468
-219469
219602
219613
-219616
-219619
219625
-219628
-219631
-219634
-219644
-219645
-219648
-219649
219722
219733
-219736
-219739
219745
-219748
-219751
-219754
-219764
-219765
-219768
-219769
219842
219853
-219856
-219859
219865
-219868
-219877
-219878
-219883
-219889
-219890
219954
219959
219964
-219981
-219990
-220000
-220010
-220011
-220060
220065
220067
-220069
220075
-220098
-220099
-220103
-220108
-220109
220167
220172
220177
-220191
-220197
-220203
-220209
220287
220292
220297
-220309
-220321
-220331
-220332
-220381
220386
220388
-220390
220396
-220422
-220427
-220432
220491
220496
220501
-220524
-220529
-220534
220593
220598
220603
-220626
-220631
-220636
220695
220700
220705
-220728
-220733
-220738
220797
220802
220807
-220835
-220845
220851
-220855
220900
220902
220909
220910
220912
-220935
220940
-220941
-220947
220952
221031
221036
221041
221042
-221052
-221057
-221062
221121
221126
221131
-221158
-221166
221170
221172
-221176
221180
221221
221223
221230
221231
221233
221234
-221256
-221261
-221266
221282
221337
221338
221342
221347
221348
221365
-221371
-221373
221376
-221383
221399
221454
221455
221464
221465
221474
221475
221485
-221491
-221493
221496
-221503
221519
221574
221575
221584
221585
221594
221595
221605
-221611
-221613
221616
-221623
221632
221639
221642
221766
221767
221774
221776
221777
221786
221787
-221808
-221817
221821
221823
-221827
221831
221839
221846
221849
222007
222014
222017
222019
222021
222028
222029
222031
222032
-222076
222082
222090
222091
-222102
222106
222108
-222112
222116
222124
222131
222134
222142
222149
222152
222160
222167
222170
222178
222185
222188
222190
222192
222199
222202
222203
222208
222216
222217
222218
-222353
-222365
-222373
-222380
-222383
-222391
-222398
-222401
-222409
-222416
-222419
-222427
-222434
-222437
-222452
-222463
-222473
-222480
-222481
-222488
-222490
-222491
-222493
-222502
-222504
-222521
-222522
-222604
222611
-222613
-222622
222628
-222631
-222633
222640
-222649
-222656
-222659
-222672
-222682
-222683
-222691
-222694
-222695
-222704
-222705
-222883
222888
222890
-222892
222898
-222906
-222914
-222916
-222919
-222922
-222932
-222933
-222936
-222937
223070
223081
-223084
-223087
223093
-223096
-223099
-223102
-223112
-223113
-223116
-223117
223190
223201
-223204
-223207
223213
-223216
-223219
-223222
-223232
-223233
-223236
-223237
223310
223321
-223324
-223327
223333
-223336
-223345
-223346
-223351
-223357
-223358
223422
223427
223432
-223449
-223458
-223468
-223478
-223479
-223528
223533
223535
-223537
223543
-223566
-223567
-223571
-223576
-223577
223635
223640
223645
-223659
-223665
-223671
-223677
223755
223760
223765
-223777
-223789
-223799
-223800
-223849
223854
223856
-223858
223864
-223890
-223895
-223900
223959
223964
223969
-223992
-223997
-224002
224061
224066
224071
-224094
-224099
-224104
224163
224168
224173
-224196
-224201
-224206
224265
224270
224275
-224303
-224313
224319
-224323
224368
224370
224377
224378
224380
-224403
224408
-224409
-224415
224420
224499
224504
224509
224510
-224520
-224525
-224530
224589
224594
224599
-224626
-224634
224638
224640
-224644
224648
224689
224691
224698
224699
224701
224702
-224724
-224729
-224734
224750
224805
224806
224810
224815
224816
224833
-224839
-224841
224844
-224851
224867
224922
224923
224932
224933
224942
224943
224953
-224959
-224961
224964
-224971
224987
225042
225043
225052
225053
225062
225063
225073
-225079
-225081
225084
-225091
225100
225107
225110
225234
225235
225242
225244
225245
225254
225255
-225276
-225285
225289
225291
-225295
225299
225307
225314
225317
225475
225482
225485
225487
225489
225496
225497
225499
225500
-225544
225550
225558
225559
-225570
225574
225576
-225580
225584
225592
225599
225602
225610
225617
225620
225628
225635
225638
225646
225653
225656
225658
225660
225667
225670
225671
225676
225684
225685
225686
-225821
-225833
-225841
-225848
-225851
-225859
-225866
-225869
-225877
-225884
-225887
-225895
-225902
-225905
-225920
-225931
-225941
-225948
-225949
-225956
-225958
-225959
-225961
-225970
-225972
-225989
-225990
-226072
226079
-226081
-226090
226096
-226099
-226101
226108
-226117
-226124
-226127
-226140
-226150
-226151
-226159
-226162
-226163
-226172
-226173
-226351
226356
226358
-226360
226366
-226374
-226382
-226384
-226387
-226390
-226400
-226401
-226404
-226405
226538
226549
-226552
-226555
226561
-226564
-226567
-226570
-226580
-226581
-226584
-226585
226658
226669
-226672
-226675
226681
-226684
-226687
-226690
-226700
-226701
-226704
-226705
226778
226789
-226792
-226795
226801
-226804
-226813
-226814
-226819
-226825
-226826
226890
226895
226900
-226917
-226926
-226936
-226946
-226947
-226996
227001
227003
-227005
227011
-227034
-227035
-227039
-227044
-227045
227103
227108
227113
-227127
-227133
-227139
-227145
227223
227228
227233
-227245
-227257
-227267
-227268
-227317
227322
227324
-227326
227332
-227358
-227363
-227368
227427
227432
227437
-227460
-227465
-227470
227529
227534
227539
-227562
-227567
-227572
227631
227636
227641
-227664
-227669
-227674
227733
227738
227743
-227771
-227781
227787
-227791
227836
227838
227845
227846
227848
-227871
227876
-227877
-227883
227888
227967
227972
227977
227978
-227988
-227993
-227998
228057
228062
228067
-228094
-228102
228106
228108
-228112
228116
228157
228159
228166
228167
228169
228170
-228192
-228197
-228202
228218
228273
228274
228278
228283
228284
228301
-228307
-228309
228312
-228319
228335
228390
228391
228400
228401
228410
228411
228421
-228427
-228429
228432
-228439
228455
228510
228511
228520
228521
228530
228531
228541
-228547
-228549
228552
-228559
228568
228575
228578
228702
228703
228710
228712
228713
228722
228723
-228744
-228753
228757
228759
-228763
228767
228775
228782
228785
228943
228950
228953
228955
228957
228964
228965
228967
228968
-229012
229018
229026
229027
-229038
229042
229044
-229048
229052
229060
229067
229070
229078
229085
229088
229096
229103
229106
229114
229121
229124
229126
229128
229135
229138
229139
229144
229152
229153
229154
-229289
-229301
-229309
-229316
-229319
-229327
-229334
-229337
-229345
-229352
-229355
-229363
-229370
-229373
-229388
-229399
-229409
-229416
-229417
-229424
-229426
-229427
-229429
-229438
-229440
-229457
-229458
-229540
229547
-229549
-229558
229564
-229567
-229569
229576
-229585
-229592
-229595
-229608
-229618
-229619
-229627
-229630
-229631
-229640
-229641
-229819
229824
229826
-229828
229834
-229842
-229850
-229852
-229855
-229858
-229868
-229869
-229872
-229873
230006
230017
-230020
-230023
230029
-230032
-230035
-230038
-230048
-230049
-230052
-230053
230126
230137
-230140
-230143
230149
-230152
-230155
-230158
-230168
-230169
-230172
-230173
230246
230257
-230260
-230263
230269
-230272
-230281
-230282
-230287
-230293
-230294
230358
230363
230368
-230385
-230394
-230404
-230414
-230415
-230464
230469
230471
-230473
230479
-230502
-230503
-230507
-230512
-230513
230571
230576
230581
-230595
-230601
-230607
-230613
230691
230696
230701
-230713
-230725
-230735
-230736
-230785
230790
230792
-230794
230800
-230826
-230831
-230836
230895
230900
230905
-230928
-230933
-230938
230997
231002
231007
-231030
-231035
-231040
231099
231104
231109
-231132
-231137
-231142
231201
231206
231211
-231239
-231249
231255
-231259
231304
231306
231313
231314
231316
-231339
231344
-231345
-231351
231356
231435
231440
231445
231446
-231456
-231461
-231466
231525
231530
231535
-231562
-231570
231574
231576
-231580
231584
231625
231627
231634
231635
231637
231638
-231660
-231665
-231670
231686
231741
231742
231746
231751
231752
231769
-231775
-231777
231780
-231787
231803
231858
231859
231868
231869
231878
231879
231889
-231895
-231897
231900
-231907
231923
231978
231979
231988
231989
231998
231999
232009
-232015
-232017
232020
-232027
232036
232043
232046
232170
232171
232178
232180
232181
232190
232191
-232212
-232221
232225
232227
-232231
232235
232243
232250
232253
232411
232418
232421
232423
232425
232432
232433
232435
232436
-232480
232486
232494
232495
-232506
232510
232512
-232516
232520
232528
232535
232538
232546
232553
232556
232564
232571
232574
232582
232589
232592
232594
232596
232603
232606
232607
232612
232620
232621
232622
-232757
-232769
-232777
-232784
-232787
-232795
-232802
-232805
-232813
-232820
-232823
-232831
-232838
-232841
-232856
-232867
-232877
-232884
-232885
-232892
-232894
-232895
-232897
-232906
-232908
-232925
-232926
-233008
233015
-233017
-233026
233032
-233035
-233037
233044
-233053
-233060
-233063
-233076
-233086
-233087
-233095
-233098
-233099
-233108
-233109
-233287
233292
233294
-233296
233302
-233310
-233318
-233320
-233323
-233326
-233336
-233337
-233340
-233341
233474
233485
-233488
-233491
233497
-233500
-233503
-233506
-233516
-233517
-233520
-233521
233594
233605
-233608
-233611
233617
-233620
-233623
-233626
-233636
-233637
-233640
-233641
233714
233725
-233728
-233731
233737
-233740
-233749
-233750
-233755
-233761
-233762
233826
233831
233836
-233853
-233862
-233872
-233882
-233883
-233932
233937
233939
-233941
233947
-233970
-233971
-233975
-233980
-233981
234039
234044
234049
-234063
-234069
-234075
-234081
234159
234164
234169
-234181
-234193
-234203
-234204
-234253
234258
234260
-234262
234268
-234294
-234299
-234304
234363
234368
234373
-234396
-234401
-234406
234465
234470
234475
-234498
-234503
-234508
234567
234572
234577
-234600
-234605
-234610
234669
234674
234679
-234707
-234717
234723
-234727
234772
234774
234781
234782
234784
-234807
234812
-234813
-234819
234824
234903
234908
234913
234914
-234924
-234929
-234934
234993
234998
235003
-235030
-235038
235042
235044
-235048
235052
235093
235095
235102
235103
235105
235106
-235128
-235133
-235138
235154
235209
235210
235214
235219
235220
235237
-235243
-235245
235248
-235255
235271
235326
235327
235336
235337
235346
235347
235357
-235363
-235365
235368
-235375
235391
235446
235447
235456
235457
235466
235467
235477
-235483
-235485
235488
-235495
235504
235511
235514
235638
235639
235646
235648
235649
235658
235659
-235680
-235689
235693
235695
-235699
235703
235711
235718
235721
235879
235886
235889
235891
235893
235900
235901
235903
235904
-235948
235954
235962
235963
-235974
235978
235980
-235984
235988
235996
236003
236006
236014
236021
236024
236032
236039
236042
236050
236057
236060
236062
236064
236071
236074
236075
236080
236088
236089
236090
-236225
-236237
-236245
-236252
-236255
-236263
-236270
-236273
-236281
-236288
-236291
-236299
-236306
-236309
-236324
-236335
-236345
-236352
-236353
-236360
-236362
-236363
-236365
-236374
-236376
-236393
-236394
-236476
236483
-236485
-236494
236500
-236503
-236505
236512
-236521
-236528
-236531
-236544
-236554
-236555
-236563
-236566
-236567
-236576
-236577
-236755
236760
236762
-236764
236770
-236778
-236786
-236788
-236791
-236794
-236804
-236805
-236808
-236809
236942
236953
-236956
-236959
236965
-236968
-236971
-236974
-236984
-236985
-236988
-236989
237062
237073
-237076
-237079
237085
-237088
-237091
-237094
-237104
-237105
-237108
-237109
237182
237193
-237196
-237199
237205
-237208
-237217
-237218
-237223
-237229
-237230
237294
237299
237304
-237321
-237330
-237340
-237350
-237351
-237400
237405
237407
-237409
237415
-237438
-237439
-237443
-237448
-237449
237507
237512
237517
-237531
-237537
-237543
-237549
237627
237632
237637
-237649
-237661
-237671
-237672
-237721
237726
237728
-237730
237736
-237762
-237767
-237772
237831
237836
237841
-237864
-237869
-237874
237933
237938
237943
-237966
-237971
-237976
238035
238040
238045
-238068
-238073
-238078
238137
238142
238147
-238175
-238185
238191
-238195
238240
238242
238249
238250
238252
-238275
238280
-238281
-238287
238292
238371
238376
238381
238382
-238392
-238397
-238402
238461
238466
238471
-238498
-238506
238510
238512
-238516
238520
238561
238563
238570
238571
238573
238574
-238596
-238601
-238606
238622
238677
238678
238682
238687
238688
238705
-238711
-238713
238716
-238723
238739
238794
238795
238804
238805
238814
238815
238825
-238831
-238833
238836
-238843
238859
238914
238915
238924
238925
238934
238935
238945
-238951
-238953
238956
-238963
238972
238979
238982
239106
239107
239114
239116
239117
239126
239127
-239148
-239157
239161
239163
-239167
239171
239179
239186
239189
239347
239354
239357
239359
239361
239368
239369
239371
239372
-239416
239422
239430
239431
-239442
239446
239448
-239452
239456
239464
239471
239474
239482
239489
239492
239500
239507
239510
239518
239525
239528
239530
239532
239539
239542
239543
239548
239556
239557
239558
-239693
-239705
-239713
-239720
-239723
-239731
-239738
-239741
-239749
-239756
-239759
-239767
-239774
-239777
-239792
-239803
-239813
-239820
-239821
-239827
-239828
-239829
-239830
-239839
-239841
-239855
-239856
-239923
239930
-239932
-239938
239944
-239947
-239949
239954
-239962
-239968
-239970
-239982
-239992
-239993
-240000
-240002
-240003
-240011
-240012
-240157
240162
240164
-240166
240170
-240177
-240184
-240185
-240187
-240190
-240200
-240201
-240203
-240204
240320
240328
-240331
-240334
240339
-240341
-240343
-240346
-240356
-240357
-240359
-240360
240422
240430
-240433
-240436
240442
-240445
-240448
-240451
-240461
-240462
-240464
-240465
240527
240535
-240538
-240541
240546
-240548
-240556
-240557
-240562
-240566
-240567
240621
240626
240629
-240645
-240654
-240664
-240674
-240675
-240715
240720
240722
-240724
240728
-240750
-240751
-240755
-240758
-240759
240807
240812
240815
-240827
-240831
-240837
-240842
240912
240917
240921
-240931
-240943
-240953
-240954
-240994
240999
241001
-241003
241007
-241032
-241037
-241042
241092
241097
241100
-241122
-241127
-241132
241182
241187
241190
-241212
-241217
-241222
241272
241277
241280
-241302
-241307
-241312
241362
241367
241370
-241397
-241407
241413
-241416
241453
241455
241462
241463
241464
-241485
241490
-241491
-241496
241500
241572
241577
241581
241582
-241590
-241595
-241598
241647
241652
241655
-241678
-241686
241690
241692
-241695
241698
241732
241734
241741
241742
241743
241744
-241764
-241769
-241772
241786
241833
241834
241838
241841
241842
241855
-241861
-241863
241866
-241871
241885
241932
241933
241940
241941
241949
241950
241957
-241963
-241965
241968
-241973
241987
242034
242035
242042
242043
242051
242052
242059
-242065
-242067
242070
-242075
242083
242089
242091
242202
242203
242209
242210
242211
242219
242220
-242238
-242244
242248
242250
-242253
242256
242263
242269
242271
242404
242410
242412
242413
242415
242422
242423
242424
242425
-242464
242467
242475
242476
-242484
242488
242490
-242493
242496
242503
242509
242511
242518
242524
242526
242533
242539
242541
242548
242554
242556
242557
242559
242566
242568
242569
242572
242580
242581
242582
243190
-243195
243200
9121
9126
9127
-9129
-9130
-9135
-9136
-9141
-9142
-9147
-9148
-9153
-9154
-9156
9163
9258
-9260
-9261
-9262
-9266
-9272
-9278
-9284
-9290
-9296
-9302
-9308
-9314
-9315
9322
9324
9407
9408
-9410
-9416
-9422
-9428
-9434
-9440
-9446
-9452
-9458
-9464
-9470
-9476
-9482
-9483
-9485
9492
-9557
-9558
-9559
-9563
-9569
-9575
-9581
-9587
-9593
-9599
-9605
-9611
-9617
-9623
-9629
-9635
-9641
-9647
9655
9657
9717
9718
-9720
-9726
-9732
-9738
-9744
-9750
-9756
-9762
-9768
-9774
-9780
-9786
-9792
-9798
-9804
-9810
-9816
-9819
9877
-9880
-9886
-9892
-9898
-9904
-9910
-9916
-9922
-9928
-9934
-9940
-9946
-9952
-9958
-9964
-9970
-9976
-9982
-9988
-9989
-9991
-10043
-10044
-10045
-10049
-10055
-10061
-10067
-10073
-10079
-10085
-10091
-10097
-10103
-10109
-10115
-10121
-10127
-10133
-10139
-10145
-10151
-10157
10165
10212
-10215
-10221
-10227
-10233
-10239
-10245
-10251
-10257
-10263
-10269
-10275
-10281
-10287
-10293
-10299
-10305
-10311
-10317
-10323
-10329
-10335
-10336
-10338
10384
10385
-10387
-10393
-10399
-10405
-10411
-10417
-10423
-10429
-10435
-10441
-10447
-10453
-10459
-10465
-10471
-10477
-10483
-10489
-10495
-10501
-10507
-10510
-10554
-10556
-10560
-10566
-10572
-10578
-10584
-10590
-10596
-10602
-10608
-10614
-10620
-10626
-10632
-10638
-10644
-10650
-10656
-10662
-10668
-10674
-10680
10688
-10727
-10729
-10733
-10739
-10745
-10751
-10757
-10763
-10769
-10775
-10781
-10787
-10793
-10799
-10805
-10811
-10817
-10823
-10829
-10835
-10841
-10847
-10853
10861
-10900
-10902
-10906
-10912
-10918
-10924
-10930
-10936
-10942
-10948
-10954
-10960
-10966
-10972
-10978
-10984
-10990
-10996
-11002
-11008
-11014
-11020
-11026
11034
-11073
-11075
-11079
-11085
-11091
-11097
-11103
-11109
-11115
-11121
-11127
-11133
-11139
-11145
-11151
-11157
-11163
-11169
-11175
-11181
-11187
-11193
-11199
11207
-11246
-11248
-11250
-11252
-11258
-11264
-11270
-11276
-11282
-11288
-11294
-11300
-11306
-11312
-11318
-11324
-11330
-11336
-11342
-11348
-11354
-11360
-11366
-11372
11380
11422
-11425
-11431
-11437
-11443
-11449
-11455
-11461
-11467
-11473
-11479
-11485
-11491
-11497
-11503
-11509
-11515
-11521
-11527
-11533
-11539
-11545
-11548
-11599
-11601
-11605
-11611
-11617
-11623
-11629
-11635
-11641
-11647
-11653
-11659
-11665
-11671
-11677
-11683
-11689
-11695
-11701
-11707
-11713
11720
11721
11771
11773
-11776
-11782
-11788
-11794
-11800
-11806
-11812
-11818
-11824
-11830
-11836
-11842
-11848
-11854
-11860
-11866
-11872
-11878
-11884
-11887
-11944
-11946
-11948
-11950
-11956
-11962
-11968
-11974
-11980
-11986
-11992
-11998
-12004
-12010
-12016
-12022
-12028
-12034
-12040
-12046
12053
12054
12112
-12115
-12121
-12127
-12133
-12139
-12145
-12151
-12157
-12163
-12169
-12175
-12181
-12187
-12193
-12199
-12205
-12211
-12214
-12215
12278
12280
-12283
-12287
-12289
-12295
-12301
-12307
-12313
-12319
-12325
-12331
-12337
-12343
-12349
-12355
-12361
-12367
-12370
-12371
-12449
-12451
-12453
-12455
-12461
-12467
-12473
-12479
-12485
-12491
-12497
-12503
-12509
-12515
-12519
12522
12523
12610
-12615
-12617
-12619
-12621
-12625
-12627
-12633
-12639
-12645
-12651
-12657
-12661
12664
12665
12777
12783
12789
12795
12801
13693
13698
13699
-13702
-13708
-13714
-13720
-13726
-13728
13735
13830
-13833
-13834
-13913
13920
13922
14005
14006
-14121
-14122
14130
-14196
-14197
14319
14321
14381
14382
-14510
14569
-14711
-14712
-14766
-14767
14919
14966
-15114
-15116
15162
15163
-15311
-15358
15524
-15565
15723
-15764
15922
-15963
16127
-16168
-16170
16322
16364
-16514
-16567
16716
16717
16767
16769
-16908
-16967
-16969
17099
17100
17158
-17282
-17283
17346
17348
-17354
-17470
-17471
-17550
-17552
-17634
17638
17639
17726
-17733
-17735
-17740
-17773
17776
17777
17889
17895
17901
17907
17913
18805
18810
18811
-18814
-18820
-18826
-18832
-18838
-18840
18847
18942
-18945
-18946
-19009
19016
19018
19101
19102
-19177
-19178
19186
-19252
-19253
19327
19329
19389
19390
-19462
19521
-19599
-19600
-19654
-19655
19735
19782
-19858
-19860
19906
19907
-19983
-20030
20116
-20157
20235
-20276
20354
-20395
20479
-20520
-20522
20602
20644
-20722
-20775
20852
20853
20903
20905
-20980
-21039
-21041
21115
21116
21174
-21250
-21251
21314
21316
-21322
-21398
-21399
-21478
-21480
-21546
21550
21551
21638
-21645
-21647
-21652
-21685
21688
21689
21801
21807
21813
21819
21825
22717
22722
22723
-22726
-22732
-22738
-22744
-22750
-22752
22759
22854
-22857
-22858
-22921
22928
22930
23013
23014
-23089
-23090
23098
-23164
-23165
23239
23241
23301
23302
-23374
23433
-23511
-23512
-23566
-23567
23647
23694
-23770
-23772
23818
23819
-23895
-23942
24028
-24069
24147
-24188
24266
-24307
24391
-24432
-24434
24514
24556
-24634
-24687
24764
24765
24815
24817
-24892
-24951
-24953
25027
25028
25086
-25162
-25163
25226
25228
-25234
-25310
-25311
-25390
-25392
-25458
25462
25463
25550
-25557
-25559
-25564
-25597
25600
25601
25713
25719
25725
25731
25737
26629
26634
26635
-26638
-26644
-26650
-26656
-26662
-26664
26671
26766
-26769
-26770
-26833
26840
26842
26925
26926
-27001
-27002
27010
-27076
-27077
27151
27153
27213
27214
-27286
27345
-27423
-27424
-27478
-27479
27559
27606
-27682
-27684
27730
27731
-27807
-27854
27940
-27981
28059
-28100
28178
-28219
28303
-28344
-28346
28426
28468
-28546
-28599
28676
28677
28727
28729
-28804
-28863
-28865
28939
28940
28998
-29074
-29075
29138
29140
-29146
-29222
-29223
-29302
-29304
-29370
29374
29375
29462
-29469
-29471
-29476
-29509
29512
29513
29625
29631
29637
29643
29649
30541
30546
30547
-30550
-30556
-30562
-30568
-30574
-30576
30583
30678
-30681
-30682
-30745
30752
30754
30837
30838
-30913
-30914
30922
-30988
-30989
31063
31065
31125
31126
-31198
31257
-31335
-31336
-31390
-31391
31471
31518
-31594
-31596
31642
31643
-31719
-31766
31852
-31893
31971
-32012
32090
-32131
32215
-32256
-32258
32338
32380
-32458
-32511
32588
32589
32639
32641
-32716
-32775
-32777
32851
32852
32910
-32986
-32987
33050
33052
-33058
-33134
-33135
-33214
-33216
-33282
33286
33287
33374
-33381
-33383
-33388
-33421
33424
33425
33537
33543
33549
33555
33561
34453
34458
34459
-34462
-34468
-34474
-34480
-34486
-34488
34495
34590
-34593
-34594
-34657
34664
34666
34749
34750
-34825
-34826
34834
-34900
-34901
34975
34977
35037
35038
-35110
35169
-35247
-35248
-35302
-35303
35383
35430
-35506
-35508
35554
35555
-35631
-35678
35764
-35805
35883
-35924
36002
-36043
36127
-36168
-36170
36250
36292
-36370
-36423
36500
36501
36551
36553
-36628
-36687
-36689
36763
36764
36822
-36898
-36899
36962
36964
-36970
-37046
-37047
-37126
-37128
-37194
37198
37199
37286
-37293
-37295
-37300
-37333
37336
37337
37449
37455
37461
37467
37473
38365
38370
38371
-38374
-38380
-38386
-38392
-38398
-38400
38407
38502
-38505
-38506
-38569
38576
38578
38661
38662
-38737
-38738
38746
-38812
-38813
38887
38889
38949
38950
-39022
39081
-39159
-39160
-39214
-39215
39295
39342
-39418
-39420
39466
39467
-39543
-39590
39676
-39717
39795
-39836
39914
-39955
40039
-40080
-40082
40162
40204
-40282
-40335
40412
40413
40463
40465
-40540
-40599
-40601
40675
40676
40734
-40810
-40811
40874
40876
-40882
-40958
-40959
-41038
-41040
-41106
41110
41111
41198
-41205
-41207
-41212
-41245
41248
41249
41361
41367
41373
41379
41385
42277
42282
42283
-42286
-42292
-42298
-42304
-42310
-42312
42319
42414
-42417
-42418
-42481
42488
42490
42573
42574
-42649
-42650
42658
-42724
-42725
42799
42801
42861
42862
-42934
42993
-43071
-43072
-43126
-43127
43207
43254
-43330
-43332
43378
43379
-43455
-43502
43588
-43629
43707
-43748
43826
-43867
43951
-43992
-43994
44074
44116
-44194
-44247
44324
44325
44375
44377
-44452
-44511
-44513
44587
44588
44646
-44722
-44723
44786
44788
-44794
-44870
-44871
-44950
-44952
-45018
45022
45023
45110
-45117
-45119
-45124
-45157
45160
45161
45273
45279
45285
45291
45297
46189
46194
46195
-46198
-46204
-46210
-46216
-46222
-46224
46231
46326
-46329
-46330
-46393
46400
46402
46485
46486
-46561
-46562
46570
-46636
-46637
46711
46713
46773
46774
-46846
46905
-46983
-46984
-47038
-47039
47119
47166
-47242
-47244
47290
47291
-47367
-47414
47500
-47541
47619
-47660
47738
-47779
47863
-47904
-47906
47986
48028
-48106
-48159
48236
48237
48287
48289
-48364
-48423
-48425
48499
48500
48558
-48634
-48635
48698
48700
-48706
-48782
-48783
-48862
-48864
-48930
48934
48935
49022
-49029
-49031
-49036
-49069
49072
49073
49185
49191
49197
49203
49209
50101
50106
50107
-50110
-50116
-50122
-50128
-50134
-50136
50143
50238
-50241
-50242
-50305
50312
50314
50397
50398
-50473
-50474
50482
-50548
-50549
50623
50625
50685
50686
-50758
50817
-50895
-50896
-50950
-50951
51031
51078
-51154
-51156
51202
51203
-51279
-51326
51412
-51453
51531
-51572
51650
-51691
51775
-51816
-51818
51898
51940
-52018
-52071
52148
52149
52199
52201
-52276
-52335
-52337
52411
52412
52470
-52546
-52547
52610
52612
-52618
-52694
-52695
-52774
-52776
-52842
52846
52847
52934
-52941
-52943
-52948
-52981
52984
52985
53097
53103
53109
53115
53121
54013
54018
54019
-54022
-54028
-54034
-54040
-54046
-54048
54055
54150
-54153
-54154
-54217
54224
54226
54309
54310
-54385
-54386
54394
-54460
-54461
54535
54537
54597
54598
-54670
54729
-54807
-54808
-54862
-54863
54943
54990
-55066
-55068
55114
55115
-55191
-55238
55324
-55365
55443
-55484
55562
-55603
55687
-55728
-55730
55810
55852
-55930
-55983
56060
56061
56111
56113
-56188
-56247
-56249
56323
56324
56382
-56458
-56459
56522
56524
-56530
-56606
-56607
-56686
-56688
-56754
56758
56759
56846
-56853
-56855
-56860
-56893
56896
56897
57009
57015
57021
57027
57033
57925
57930
57931
-57934
-57940
-57946
-57952
-57958
-57960
57967
58062
-58065
-58066
-58129
58136
58138
58221
58222
-58297
-58298
58306
-58372
-58373
58447
58449
58509
58510
-58582
58641
-58719
-58720
-58774
-58775
58855
58902
-58978
-58980
59026
59027
-59103
-59150
59236
-59277
59355
-59396
59474
-59515
59599
-59640
-59642
59722
59764
-59842
-59895
59972
59973
60023
60025
-60100
-60159
-60161
60235
60236
60294
-60370
-60371
60434
60436
-60442
-60518
-60519
-60598
-60600
-60666
60670
60671
60758
-60765
-60767
-60772
-60805
60808
60809
60921
60927
60933
60939
60945
61837
61842
61843
-61846
-61852
-61858
-61864
-61870
-61872
61879
61974
-61977
-61978
-62041
62048
62050
62133
62134
-62209
-62210
62218
-62284
-62285
62359
62361
62421
62422
-62494
62553
-62631
-62632
-62686
-62687
62767
62814
-62890
-62892
62938
62939
-63015
-63062
63148
-63189
63267
-63308
63386
-63427
63511
-63552
-63554
63634
63676
-63754
-63807
63884
63885
63935
63937
-64012
-64071
-64073
64147
64148
64206
-64282
-64283
64346
64348
-64354
-64430
-64431
-64510
-64512
-64578
64582
64583
64670
-64677
-64679
-64684
-64717
64720
64721
64833
64839
64845
64851
64857
65749
65754
65755
-65758
-65764
-65770
-65776
-65782
-65784
65791
65886
-65889
-65890
-65953
65960
65962
66045
66046
-66121
-66122
66130
-66196
-66197
66271
66273
66333
66334
-66406
66465
-66543
-66544
-66598
-66599
66679
66726
-66802
-66804
66850
66851
-66927
-66974
67060
-67101
67179
-67220
67298
-67339
67423
-67464
-67466
67546
67588
-67666
-67719
67796
67797
67847
67849
-67924
-67983
-67985
68059
68060
68118
-68194
-68195
68258
68260
-68266
-68342
-68343
-68422
-68424
-68490
68494
68495
68582
-68589
-68591
-68596
-68629
68632
68633
68745
68751
68757
68763
68769
69661
69666
69667
-69670
-69676
-69682
-69688
-69694
-69696
69703
69798
-69801
-69802
-69865
69872
69874
69957
69958
-70033
-70034
70042
-70108
-70109
70183
70185
70245
70246
-70318
70377
-70455
-70456
-70510
-70511
70591
70638
-70714
-70716
70762
70763
-70839
-70886
70972
-71013
71091
-71132
71210
-71251
71335
-71376
-71378
71458
71500
-71578
-71631
71708
71709
71759
71761
-71836
-71895
-71897
71971
71972
72030
-72106
-72107
72170
72172
-72178
-72254
-72255
-72334
-72336
-72402
72406
72407
72494
-72501
-72503
-72508
-72541
72544
72545
72657
72663
72669
72675
72681
73573
73578
73579
-73582
-73588
-73594
-73600
-73606
-73608
73615
73710
-73713
-73714
-73777
73784
73786
73869
73870
-73945
-73946
73954
-74020
-74021
74095
74097
74157
74158
-74230
74289
-74367
-74368
-74422
-74423
74503
74550
-74626
-74628
74674
74675
-74751
-74798
74884
-74925
75003
-75044
75122
-75163
75247
-75288
-75290
75370
75412
-75490
-75543
75620
75621
75671
75673
-75748
-75807
-75809
75883
75884
75942
-76018
-76019
76082
76084
-76090
-76166
-76167
-76246
-76248
-76314
76318
76319
76406
-76413
-76415
-76420
-76453
76456
76457
76569
76575
76581
76587
76593
77485
77490
77491
-77494
-77500
-77506
-77512
-77518
-77520
77527
77622
-77625
-77626
-77689
77696
77698
77781
77782
-77857
-77858
77866
-77932
-77933
78007
78009
78069
78070
-78142
78201
-78279
-78280
-78334
-78335
78415
78462
-78538
-78540
78586
78587
-78663
-78710
78796
-78837
78915
-78956
79034
-79075
79159
-79200
-79202
79282
79324
-79402
-79455
79532
79533
79583
79585
-79660
-79719
-79721
79795
79796
79854
-79930
-79931
79994
79996
-80002
-80078
-80079
-80158
-80160
-80226
80230
80231
80318
-80325
-80327
-80332
-80365
80368
80369
80481
80487
80493
80499
80505
81397
81402
81403
-81406
-81412
-81418
-81424
-81430
-81432
81439
81534
-81537
-81538
-81601
81608
81610
81693
81694
-81769
-81770
81778
-81844
-81845
81919
81921
81981
81982
-82054
82113
-82191
-82192
-82246
-82247
82327
82374
-82450
-82452
82498
82499
-82575
-82622
82708
-82749
82827
-82868
82946
-82987
83071
-83112
-83114
83194
83236
-83314
-83367
83444
83445
83495
83497
-83572
-83631
-83633
83707
83708
83766
-83842
-83843
83906
83908
-83914
-83990
-83991
-84070
-84072
-84138
84142
84143
84230
-84237
-84239
-84244
-84277
84280
84281
84393
84399
84405
84411
84417
85309
85314
85315
-85318
-85324
-85330
-85336
-85342
-85344
85351
85446
-85449
-85450
-85513
85520
85522
85605
85606
-85681
-85682
85690
-85756
-85757
85831
85833
85893
85894
-85966
86025
-86103
-86104
-86158
-86159
86239
86286
-86362
-86364
86410
86411
-86487
-86534
86620
-86661
86739
-86780
86858
-86899
86983
-87024
-87026
87106
87148
-87226
-87279
87356
87357
87407
87409
-87484
-87543
-87545
87619
87620
87678
-87754
-87755
87818
87820
-87826
-87902
-87903
-87982
-87984
-88050
88054
88055
88142
-88149
-88151
-88156
-88189
88192
88193
88305
88311
88317
88323
88329
89221
89226
89227
-89230
-89236
-89242
-89248
-89254
-89256
89263
89358
-89361
-89362
-89425
89432
89434
89517
89518
-89593
-89594
89602
-89668
-89669
89743
89745
89805
89806
-89878
89937
-90015
-90016
-90070
-90071
90151
90198
-90274
-90276
90322
90323
-90399
-90446
90532
-90573
90651
-90692
90770
-90811
90895
-90936
-90938
91018
91060
-91138
-91191
91268
91269
91319
91321
-91396
-91455
-91457
91531
91532
91590
-91666
-91667
91730
91732
-91738
-91814
-91815
-91894
-91896
-91962
91966
91967
92054
-92061
-92063
-92068
-92101
92104
92105
92217
92223
92229
92235
92241
93133
93138
93139
-93142
-93148
-93154
-93160
-93166
-93168
93175
93270
-93273
-93274
-93337
93344
93346
93429
93430
-93505
-93506
93514
-93580
-93581
93655
93657
93717
93718
-93790
93849
-93927
-93928
-93982
-93983
94063
94110
-94186
-94188
94234
94235
-94311
-94358
94444
-94485
94563
-94604
94682
-94723
94807
-94848
-94850
94930
94972
-95050
-95103
95180
95181
95231
95233
-95308
-95367
-95369
95443
95444
95502
-95578
-95579
95642
95644
-95650
-95726
-95727
-95806
-95808
-95874
95878
95879
95966
-95973
-95975
-95980
-96013
96016
96017
96129
96135
96141
96147
96153
97045
97050
97051
-97054
-97060
-97066
-97072
-97078
-97080
97087
97182
-97185
-97186
-97261
97268
97270
97353
97354
-97459
-97460
97468
-97534
-97535
97645
97647
97707
97708
-97822
97881
-98007
-98008
-98062
-98063
98197
98244
-98374
-98376
98422
98423
-98553
-98600
98746
-98787
98925
-98966
99104
-99145
99289
-99330
-99332
99466
99508
-99640
-99693
99824
99825
99875
99877
-100000
-100059
-100061
100177
100178
100236
-100348
-100349
100412
100414
-100420
-100526
-100527
-100606
-100608
-100686
100690
100691
100778
-100785
-100787
-100792
-100825
100828
100829
100941
100947
100953
100959
100965
101855
101861
101862
-101865
-101875
-101881
-101883
-101889
-101891
101898
101992
-101996
-101997
-102049
102052
102054
102138
102139
-102204
-102205
102212
-102279
-102280
102363
102365
102426
102427
-102513
102572
-102668
-102669
-102723
-102724
102826
102873
-102979
-102980
103027
103028
-103134
-103181
103293
-103337
103445
-103487
103599
-103643
103751
-103794
-103796
103906
103948
-104056
-104109
104211
104215
104262
104263
-104361
-104420
-104422
104514
104515
104573
-104663
-104664
104727
104728
-104735
-104809
-104810
-104889
-104891
-104953
104957
104958
105048
-105051
-105053
-105059
-105095
105099
105100
105212
105218
105224
105230
105236
134181
134184
134202
134205
134208
134226
134229
134232
134250
134253
134256
134274
134277
134280
134298
134301
134304
134325
134328
134349
134352
134418
134421
134436
134439
134442
134459
134463
134466
134487
134490
134535
134550
134553
134556
134577
134580
134598
134625
134640
134643
134646
134663
134667
134670
134688
134730
134733
134736
134757
134760
134798
134805
134826
134868
134871
134874
134891
134895
134898
134936
134943
134964
134984
134988
134991
135012
135015
135032
135036
135039
135056
135060
135063
135102
135105
135108
135125
135129
135132
135189
135192
135195
135212
135216
135219
135254
135258
135261
135278
135282
135285
135302
135309
135326
135330
135350
135357
135378
135420
135423
135426
135446
135450
135453
135488
135495
135516
135558
135564
135584
135588
135623
135648
135651
135654
135674
135678
135681
135713
135738
135744
135764
135768
135828
135852
135855
135858
135878
135882
135885
135903
135966
135990
135996
136014
136017
136020
136038
136041
136044
136062
136065
136068
136086
136089
136092
136110
136113
136134
136169
136184
136194
136205
136207
136220
136231
136235
136256
136315
136316
136327
136330
136331
136333
136345
136347
136367
136368
-136401
-136412
-136415
-136425
-136436
-136439
136468
-136478
136480
136489
-136496
136500
136501
-136508
136545
136546
136558
136559
136561
136573
136575
136576
-136608
-136620
-136623
-136625
136633
-136641
136645
136647
-136654
136676
136708
136711
136720
136723
136724
136739
136740
136750
-136761
136764
-136778
136782
136786
-136792
136795
136825
136828
136837
136838
136840
-136882
-136895
136903
-136909
136946
136947
136957
136958
136970
136971
136981
-136989
-136992
136995
-137002
137024
137056
137063
137068
137069
-137077
137083
-137085
-137091
137096
137153
137154
137159
137164
137165
-137196
-137203
-137209
137228
137281
137288
137293
-137302
-137310
-137316
137352
137365
137378
137379
137389
-137397
-137400
137403
-137410
137442
137449
137455
-137484
-137492
-137499
-137512
-137522
-137528
137539
137547
137554
-137583
-137591
-137597
-137612
-137621
-137628
137632
-137641
-137642
137646
-137653
-137656
-137667
-137668
-137670
137704
-137709
137712
137718
-137722
137757
137764
137770
-137793
-137806
-137807
-137814
-137821
-137822
137837
-137851
-137859
-137865
-137866
137919
137933
137934
-137941
-137945
-137957
-137958
-137961
-138037
-138052
-138054
-138067
-138068
-138082
-138083
-138095
-138096
-138127
138138
-138141
138155
-138159
-138163
138169
-138172
-138175
-138179
-138191
-138195
-138196
-138212
-138213
138261
-138277
-138278
-138289
-138292
-138293
-138295
-138307
-138309
-138310
138363
138375
138378
138380
-138388
-138400
-138402
138416
-138421
-138424
138430
-138434
-138445
-138455
-138458
-138469
-138480
-138483
-138493
-138504
-138507
-138517
-138527
-138530
-138532
-138536
-138546
-138550
-138551
-138556
-138568
-138570
-138571
-143085
-143091
-143094
-143154
-143160
-143163
-143254
-143260
-143264
143299
143306
143311
143318
-143326
143331
-143335
143344
-143346
-143368
143376
-143380
-143382
143387
151371
151374
151377
151389
151392
151395
151407
151410
151413
151425
151428
151431
151443
151446
151449
151461
151464
151467
151479
151482
151485
151495
151498
151500
151548
151551
151554
151566
151569
151572
151584
151587
151590
151602
151605
151608
151620
151623
151626
151638
151641
151644
151656
151659
151662
151674
151677
151680
151692
151695
151698
151710
151713
151716
151728
151731
151734
151744
151747
151749
151797
151800
151803
151815
151818
151821
151833
151836
151839
151851
151854
151857
151869
151872
151875
151887
151890
151893
151905
151908
151911
151923
151926
151929
151941
151944
151947
151959
151962
151965
151977
151980
151983
151995
151998
152001
152013
152016
152019
152029
152032
152034
152082
152085
152088
152100
152103
152106
152118
152121
152124
152136
152139
152142
152154
152157
152160
152172
152175
152178
152190
152193
152196
152208
152211
152214
152226
152229
152232
152244
152247
152250
152262
152265
152268
152280
152283
152286
152298
152301
152304
152316
152319
152322
152334
152337
152340
152350
152353
152355
152418
152421
152424
152436
152439
152442
152454
152457
152460
152472
152475
152478
152490
152493
152496
152508
152511
152514
152526
152529
152532
152544
152547
152550
152562
152565
152568
152580
152583
152586
152598
152601
152604
152616
152619
152622
152634
152637
152640
152652
152655
152658
152670
152673
152676
152688
152691
152694
152706
152709
152712
152722
152725
152727
152787
152790
152793
152805
152808
152811
152823
152826
152829
152841
152844
152847
152859
152862
152865
152877
152880
152883
152895
152898
152901
152913
152916
152919
152931
152934
152937
152949
152952
152955
152967
152970
152973
152985
152988
152991
153003
153006
153009
153021
153024
153027
153039
153042
153045
153057
153060
153063
153075
153078
153081
153091
153094
153096
153141
153144
153147
153159
153162
153165
153177
153180
153183
153195
153198
153201
153213
153216
153219
153231
153234
153237
153249
153252
153255
153267
153270
153273
153285
153288
153291
153303
153306
153309
153321
153324
153327
153339
153342
153345
153357
153360
153363
153375
153378
153381
153393
153396
153399
153411
153414
153417
153429
153432
153435
153447
153450
153453
153465
153468
153471
153481
153484
153486
153555
153558
153561
153573
153576
153579
153591
153594
153597
153609
153612
153615
153627
153630
153633
153645
153648
153651
153663
153666
153669
153681
153684
153687
153699
153702
153705
153717
153720
153723
153735
153738
153741
153753
153756
153759
153771
153774
153777
153789
153792
153795
153807
153810
153813
153825
153828
153831
153843
153846
153849
153861
153864
153867
153879
153882
153885
153895
153898
153900
153984
153987
153990
154002
154005
154008
154020
154023
154026
154038
154041
154044
154056
154059
154062
154074
154077
154080
154092
154095
154098
154110
154113
154116
154128
154131
154134
154146
154149
154152
154164
154167
154170
154182
154185
154188
154200
154203
154206
154218
154221
154224
154236
154239
154242
154254
154257
154260
154272
154275
154278
154290
154293
154296
154308
154311
154314
154324
154327
154329
154392
154395
154398
154410
154413
154416
154428
154431
154434
154446
154449
154452
154464
154467
154470
154482
154485
154488
154500
154503
154506
154518
154521
154524
154536
154539
154542
154554
154557
154560
154572
154575
154578
154590
154593
154596
154608
154611
154614
154626
154629
154632
154644
154647
154650
154662
154665
154668
154680
154683
154686
154698
154701
154704
154716
154719
154722
154732
154735
154737
154782
154785
154788
154800
154803
154806
154818
154821
154824
154836
154839
154842
154854
154857
154860
154872
154875
154878
154890
154893
154896
154908
154911
154914
154926
154929
154932
154944
154947
154950
154962
154965
154968
154980
154983
154986
154998
155001
155004
155016
155019
155022
155034
155037
155040
155052
155055
155058
155070
155073
155076
155088
155091
155094
155106
155109
155112
155122
155125
155127
155190
155193
155196
155208
155211
155214
155226
155229
155232
155244
155247
155250
155262
155265
155268
155280
155283
155286
155298
155301
155304
155316
155319
155322
155334
155337
155340
155352
155355
155358
155370
155373
155376
155388
155391
155394
155406
155409
155412
155424
155427
155430
155442
155445
155448
155460
155463
155466
155478
155481
155484
155496
155499
155502
155514
155517
155520
155530
155533
155535
155619
155622
155625
155637
155640
155643
155655
155658
155661
155673
155676
155679
155691
155694
155697
155709
155712
155715
155727
155730
155733
155745
155748
155751
155763
155766
155769
155781
155784
155787
155799
155802
155805
155817
155820
155823
155835
155838
155841
155853
155856
155859
155871
155874
155877
155889
155892
155895
155907
155910
155913
155925
155928
155931
155943
155946
155949
155959
155962
155964
156029
156031
156033
156045
156048
156051
156063
156066
156069
156081
156084
156087
156099
156102
156105
156117
156120
156123
156135
156138
156141
156153
156156
156159
156171
156174
156177
156189
156192
156195
156207
156210
156213
156225
156228
156231
156243
156246
156249
156261
156264
156267
156279
156282
156285
156297
156300
156303
156315
156318
156321
156333
156336
156339
156351
156354
156357
156366
156368
156369
156414
156417
156420
156432
156435
156438
156450
156453
156456
156468
156471
156474
156486
156489
156492
156504
156507
156510
156522
156525
156528
156540
156543
156546
156558
156561
156564
156576
156579
156582
156594
156597
156600
156612
156615
156618
156630
156633
156636
156648
156651
156654
156666
156669
156672
156684
156687
156690
156702
156705
156708
156718
156721
156723
156782
156784
156786
156798
156801
156804
156816
156819
156822
156834
156837
156840
156852
156855
156858
156870
156873
156876
156888
156891
156894
156906
156909
156912
156924
156927
156930
156942
156945
156948
156960
156963
156966
156978
156981
156984
156996
156999
157002
157014
157017
157020
157032
157035
157038
157050
157053
157056
157068
157071
157074
157083
157085
157086
157145
157147
157149
157161
157164
157167
157179
157182
157185
157197
157200
157203
157215
157218
157221
157233
157236
157239
157251
157254
157257
157269
157272
157275
157287
157290
157293
157305
157308
157311
157323
157326
157329
157341
157344
157347
157359
157362
157365
157377
157380
157383
157395
157398
157401
157410
157412
157413
157457
157459
157461
157473
157476
157479
157491
157494
157497
157509
157512
157515
157527
157530
157533
157545
157548
157551
157563
157566
157569
157581
157584
157587
157599
157602
157605
157617
157620
157623
157635
157638
157641
157653
157656
157659
157671
157674
157677
157686
157688
157689
157736
157738
157740
157751
157753
157755
157767
157770
157773
157785
157788
157791
157803
157806
157809
157821
157824
157827
157839
157842
157845
157857
157860
157863
157875
157878
157881
157893
157896
157899
157910
157912
157914
157923
157925
157926
157973
157975
157977
157988
157990
157992
158003
158005
158007
158018
158020
158022
158033
158035
158037
158048
158050
158052
158063
158065
158067
158076
158078
158079
158656
158666
158674
158681
158684
158692
158699
158702
158710
158717
158720
158728
158735
158738
158753
158856
158857
158864
158866
158867
158869
158877
158878
158894
158895
158977
-158984
158986
158995
-159000
159003
159004
-159010
159019
159026
159029
159096
159097
159106
159107
159109
159117
159118
159119
-159287
159295
-159300
159303
159304
-159310
159326
159376
159378
159385
159388
159389
159401
159402
159598
-159605
159607
-159618
159622
159624
-159628
159632
159679
159681
159688
159689
159691
-159941
-159951
159957
-159961
160014
160015
160024
160025
160034
160035
160291
-160296
-160298
160300
-160306
160322
160383
160388
160393
160394
-160677
160681
-160682
-160687
160691
160749
160750
160754
160759
160760
-161055
-161060
-161065
161081
161124
161129
161134
-161448
-161453
-161458
161508
161518
161528
161529
161845
-161850
-161852
161854
-161860
161922
161927
161932
-162258
-162263
-162268
162327
162332
162337
-162663
-162668
-162673
162732
162737
162742
-163068
-163073
-163078
163137
163142
163147
-163473
-163478
-163483
163547
163557
-163563
163567
-163879
-163881
-163888
-163889
-163891
163953
-163957
163958
163963
-163967
-164277
-164282
-164287
-164288
164334
164339
164344
-164360
-164640
-164641
-164645
-164650
-164651
164721
-164725
164726
164731
-164735
-165015
-165020
-165025
-165026
165089
165099
-165105
165109
-165361
-165363
-165370
-165371
-165373
-165433
165438
165440
-165442
165448
-165464
-165690
-165691
-165700
-165701
-165710
-165711
-165760
165767
-165769
165780
-165784
-165786
165790
-165794
-165982
-165984
-165991
-165994
-165995
-166007
-166008
166067
-166075
166080
-166083
-166084
166090
-166099
-166106
-166109
-166248
-166249
-166256
-166258
-166259
-166261
-166269
-166270
-166271
166361
-166369
-166377
-166378
166389
-166393
-166395
166399
-166403
-166411
-166418
-166421
-166429
-166436
-166439
-166447
-166454
-166457
-166465
-166472
-166475
-166477
-166479
-166486
-166489
-166490
-166495
-166503
-166504
-166505
167032
167042
167050
167057
167060
167068
167075
167078
167086
167093
167096
167104
167111
167114
167129
167232
167233
167240
167242
167243
167245
167253
167254
167270
167271
167341
-167348
167350
167359
-167364
167367
167368
-167374
167383
167390
167393
167460
167461
167470
167471
167473
167481
167482
167483
-167548
167554
-167559
167562
167563
-167569
167585
167635
167637
167644
167647
167648
167660
167661
167671
-167679
167682
-167694
167698
167700
-167704
167708
167755
167757
167764
167765
167767
-167803
-167814
167820
-167824
167877
167878
167887
167888
167897
167898
167908
-167914
-167916
167919
-167926
167942
168003
168008
168013
168014
-168021
168026
-168027
-168033
168038
168096
168097
168101
168106
168107
-168129
-168134
-168139
168155
168198
168203
168208
-168249
-168254
-168259
168309
168319
168329
168330
168340
-168346
-168348
168351
-168358
168420
168425
168430
-168453
-168458
-168463
168522
168527
168532
-168555
-168560
-168565
168624
168629
168634
-168657
-168662
-168667
168726
168731
168736
-168759
-168764
-168769
168833
168843
-168849
168853
-168859
-168861
-168870
-168871
-168873
168936
-168940
168941
168946
-168950
-168993
-168998
-169003
-169004
169050
169055
169060
-169074
-169083
-169084
-169088
-169093
-169094
169164
-169167
169169
169174
-169177
-169182
-169188
-169194
-169195
169259
169270
-169276
169282
-169288
-169291
-169301
-169302
-169305
-169366
169371
169373
-169375
169381
-169400
-169412
-169413
-169426
-169427
-169436
-169437
-169486
169493
-169495
169507
-169510
-169513
169519
-169522
-169525
-169528
-169538
-169542
-169543
-169556
-169557
169616
-169624
169630
-169633
-169635
169642
-169651
-169658
-169661
-169707
-169708
-169715
-169717
-169718
-169720
-169729
-169731
-169732
169823
-169831
-169839
-169840
169852
-169856
-169858
169864
-169868
-169876
-169883
-169886
-169894
-169901
-169904
-169912
-169919
-169922
-169930
-169937
-169940
-169942
-169945
-169953
-169957
-169958
-169963
-169971
-169972
-169973
170500
170510
170518
170525
170528
170536
170543
170546
170554
170561
170564
170572
170579
170582
170597
170700
170701
170708
170710
170711
170713
170721
170722
170738
170739
170809
-170816
170818
170827
-170832
170835
170836
-170842
170851
170858
170861
170928
170929
170938
170939
170941
170949
170950
170951
-171016
171022
-171027
171030
171031
-171037
171053
171103
171105
171112
171115
171116
171128
171129
171139
-171147
171150
-171162
171166
171168
-171172
171176
171223
171225
171232
171233
171235
-171271
-171282
171288
-171292
171345
171346
171355
171356
171365
171366
171376
-171382
-171384
171387
-171394
171410
171471
171476
171481
171482
-171489
171494
-171495
-171501
171506
171564
171565
171569
171574
171575
-171597
-171602
-171607
171623
171666
171671
171676
-171717
-171722
-171727
171777
171787
171797
171798
171808
-171814
-171816
171819
-171826
171888
171893
171898
-171921
-171926
-171931
171990
171995
172000
-172023
-172028
-172033
172092
172097
172102
-172125
-172130
-172135
172194
172199
172204
-172227
-172232
-172237
172301
172311
-172317
172321
-172327
-172329
-172338
-172339
-172341
172404
-172408
172409
172414
-172418
-172461
-172466
-172471
-172472
172518
172523
172528
-172542
-172551
-172552
-172556
-172561
-172562
172632
-172635
172637
172642
-172645
-172650
-172656
-172662
-172663
172727
172738
-172744
172750
-172756
-172759
-172769
-172770
-172773
-172834
172839
172841
-172843
172849
-172868
-172880
-172881
-172894
-172895
-172904
-172905
-172954
172961
-172963
172975
-172978
-172981
172987
-172990
-172993
-172996
-173006
-173010
-173011
-173024
-173025
173084
-173092
173098
-173101
-173103
173110
-173119
-173126
-173129
-173175
-173176
-173183
-173185
-173186
-173188
-173197
-173199
-173200
173291
-173299
-173307
-173308
173320
-173324
-173326
173332
-173336
-173344
-173351
-173354
-173362
-173369
-173372
-173380
-173387
-173390
-173398
-173405
-173408
-173410
-173413
-173421
-173425
-173426
-173431
-173439
-173440
-173441
173968
173978
173986
173993
173996
174004
174011
174014
174022
174029
174032
174040
174047
174050
174065
174168
174169
174176
174178
174179
174181
174189
174190
174206
174207
174277
-174284
174286
174295
-174300
174303
174304
-174310
174319
174326
174329
174396
174397
174406
174407
174409
174417
174418
174419
-174484
174490
-174495
174498
174499
-174505
174521
174571
174573
174580
174583
174584
174596
174597
174607
-174615
174618
-174630
174634
174636
-174640
174644
174691
174693
174700
174701
174703
-174739
-174750
174756
-174760
174813
174814
174823
174824
174833
174834
174844
-174850
-174852
174855
-174862
174878
174939
174944
174949
174950
-174957
174962
-174963
-174969
174974
175032
175033
175037
175042
175043
-175065
-175070
-175075
175091
175134
175139
175144
-175185
-175190
-175195
175245
175255
175265
175266
175276
-175282
-175284
175287
-175294
175356
175361
175366
-175389
-175394
-175399
175458
175463
175468
-175491
-175496
-175501
175560
175565
175570
-175593
-175598
-175603
175662
175667
175672
-175695
-175700
-175705
175769
175779
-175785
175789
-175795
-175797
-175806
-175807
-175809
175872
-175876
175877
175882
-175886
-175929
-175934
-175939
-175940
175986
175991
175996
-176010
-176019
-176020
-176024
-176029
-176030
176100
-176103
176105
176110
-176113
-176118
-176124
-176130
-176131
176195
176206
-176212
176218
-176224
-176227
-176237
-176238
-176241
-176302
176307
176309
-176311
176317
-176336
-176348
-176349
-176362
-176363
-176372
-176373
-176422
176429
-176431
176443
-176446
-176449
176455
-176458
-176461
-176464
-176474
-176478
-176479
-176492
-176493
176552
-176560
176566
-176569
-176571
176578
-176587
-176594
-176597
-176643
-176644
-176651
-176653
-176654
-176656
-176665
-176667
-176668
176759
-176767
-176775
-176776
176788
-176792
-176794
176800
-176804
-176812
-176819
-176822
-176830
-176837
-176840
-176848
-176855
-176858
-176866
-176873
-176876
-176878
-176881
-176889
-176893
-176894
-176899
-176907
-176908
-176909
177436
177446
177454
177461
177464
177472
177479
177482
177490
177497
177500
177508
177515
177518
177533
177636
177637
177644
177646
177647
177649
177657
177658
177674
177675
177745
-177752
177754
177763
-177768
177771
177772
-177778
177787
177794
177797
177864
177865
177874
177875
177877
177885
177886
177887
-177952
177958
-177963
177966
177967
-177973
177989
178039
178041
178048
178051
178052
178064
178065
178075
-178083
178086
-178098
178102
178104
-178108
178112
178159
178161
178168
178169
178171
-178207
-178218
178224
-178228
178281
178282
178291
178292
178301
178302
178312
-178318
-178320
178323
-178330
178346
178407
178412
178417
178418
-178425
178430
-178431
-178437
178442
178500
178501
178505
178510
178511
-178533
-178538
-178543
178559
178602
178607
178612
-178653
-178658
-178663
178713
178723
178733
178734
178744
-178750
-178752
178755
-178762
178824
178829
178834
-178857
-178862
-178867
178926
178931
178936
-178959
-178964
-178969
179028
179033
179038
-179061
-179066
-179071
179130
179135
179140
-179163
-179168
-179173
179237
179247
-179253
179257
-179263
-179265
-179274
-179275
-179277
179340
-179344
179345
179350
-179354
-179397
-179402
-179407
-179408
179454
179459
179464
-179478
-179487
-179488
-179492
-179497
-179498
179568
-179571
179573
179578
-179581
-179586
-179592
-179598
-179599
179663
179674
-179680
179686
-179692
-179695
-179705
-179706
-179709
-179770
179775
179777
-179779
179785
-179804
-179816
-179817
-179830
-179831
-179840
-179841
-179890
179897
-179899
179911
-179914
-179917
179923
-179926
-179929
-179932
-179942
-179946
-179947
-179960
-179961
180020
-180028
180034
-180037
-180039
180046
-180055
-180062
-180065
-180111
-180112
-180119
-180121
-180122
-180124
-180133
-180135
-180136
180227
-180235
-180243
-180244
180256
-180260
-180262
180268
-180272
-180280
-180287
-180290
-180298
-180305
-180308
-180316
-180323
-180326
-180334
-180341
-180344
-180346
-180349
-180357
-180361
-180362
-180367
-180375
-180376
-180377
180904
180914
180922
180929
180932
180940
180947
180950
180958
180965
180968
180976
180983
180986
181001
181104
181105
181112
181114
181115
181117
181125
181126
181142
181143
181213
-181220
181222
181231
-181236
181239
181240
-181246
181255
181262
181265
181332
181333
181342
181343
181345
181353
181354
181355
-181420
181426
-181431
181434
181435
-181441
181457
181507
181509
181516
181519
181520
181532
181533
181543
-181551
181554
-181566
181570
181572
-181576
181580
181627
181629
181636
181637
181639
-181675
-181686
181692
-181696
181749
181750
181759
181760
181769
181770
181780
-181786
-181788
181791
-181798
181814
181875
181880
181885
181886
-181893
181898
-181899
-181905
181910
181968
181969
181973
181978
181979
-182001
-182006
-182011
182027
182070
182075
182080
-182121
-182126
-182131
182181
182191
182201
182202
182212
-182218
-182220
182223
-182230
182292
182297
182302
-182325
-182330
-182335
182394
182399
182404
-182427
-182432
-182437
182496
182501
182506
-182529
-182534
-182539
182598
182603
182608
-182631
-182636
-182641
182705
182715
-182721
182725
-182731
-182733
-182742
-182743
-182745
182808
-182812
182813
182818
-182822
-182865
-182870
-182875
-182876
182922
182927
182932
-182946
-182955
-182956
-182960
-182965
-182966
183036
-183039
183041
183046
-183049
-183054
-183060
-183066
-183067
183131
183142
-183148
183154
-183160
-183163
-183173
-183174
-183177
-183238
183243
183245
-183247
183253
-183272
-183284
-183285
-183298
-183299
-183308
-183309
-183358
183365
-183367
183379
-183382
-183385
183391
-183394
-183397
-183400
-183410
-183414
-183415
-183428
-183429
183488
-183496
183502
-183505
-183507
183514
-183523
-183530
-183533
-183579
-183580
-183587
-183589
-183590
-183592
-183601
-183603
-183604
183695
-183703
-183711
-183712
183724
-183728
-183730
183736
-183740
-183748
-183755
-183758
-183766
-183773
-183776
-183784
-183791
-183794
-183802
-183809
-183812
-183814
-183817
-183825
-183829
-183830
-183835
-183843
-183844
-183845
184372
184382
184390
184397
184400
184408
184415
184418
184426
184433
184436
184444
184451
184454
184469
184572
184573
184580
184582
184583
184585
184593
184594
184610
184611
184681
-184688
184690
184699
-184704
184707
184708
-184714
184723
184730
184733
184800
184801
184810
184811
184813
184821
184822
184823
-184888
184894
-184899
184902
184903
-184909
184925
184975
184977
184984
184987
184988
185000
185001
185011
-185019
185022
-185034
185038
185040
-185044
185048
185095
185097
185104
185105
185107
-185143
-185154
185160
-185164
185217
185218
185227
185228
185237
185238
185248
-185254
-185256
185259
-185266
185282
185343
185348
185353
185354
-185361
185366
-185367
-185373
185378
185436
185437
185441
185446
185447
-185469
-185474
-185479
185495
185538
185543
185548
-185589
-185594
-185599
185649
185659
185669
185670
185680
-185686
-185688
185691
-185698
185760
185765
185770
-185793
-185798
-185803
185862
185867
185872
-185895
-185900
-185905
185964
185969
185974
-185997
-186002
-186007
186066
186071
186076
-186099
-186104
-186109
186173
186183
-186189
186193
-186199
-186201
-186210
-186211
-186213
186276
-186280
186281
186286
-186290
-186333
-186338
-186343
-186344
186390
186395
186400
-186414
-186423
-186424
-186428
-186433
-186434
186504
-186507
186509
186514
-186517
-186522
-186528
-186534
-186535
186599
186610
-186616
186622
-186628
-186631
-186641
-186642
-186645
-186706
186711
186713
-186715
186721
-186740
-186752
-186753
-186766
-186767
-186776
-186777
-186826
186833
-186835
186847
-186850
-186853
186859
-186862
-186865
-186868
-186878
-186882
-186883
-186896
-186897
186956
-186964
186970
-186973
-186975
186982
-186991
-186998
-187001
-187047
-187048
-187055
-187057
-187058
-187060
-187069
-187071
-187072
187163
-187171
-187179
-187180
187192
-187196
-187198
187204
-187208
-187216
-187223
-187226
-187234
-187241
-187244
-187252
-187259
-187262
-187270
-187277
-187280
-187282
-187285
-187293
-187297
-187298
-187303
-187311
-187312
-187313
187840
187850
187858
187865
187868
187876
187883
187886
187894
187901
187904
187912
187919
187922
187937
188040
188041
188048
188050
188051
188053
188061
188062
188078
188079
188149
-188156
188158
188167
-188172
188175
188176
-188182
188191
188198
188201
188268
188269
188278
188279
188281
188289
188290
188291
-188356
188362
-188367
188370
188371
-188377
188393
188443
188445
188452
188455
188456
188468
188469
188479
-188487
188490
-188502
188506
188508
-188512
188516
188563
188565
188572
188573
188575
-188611
-188622
188628
-188632
188685
188686
188695
188696
188705
188706
188716
-188722
-188724
188727
-188734
188750
188811
188816
188821
188822
-188829
188834
-188835
-188841
188846
188904
188905
188909
188914
188915
-188937
-188942
-188947
188963
189006
189011
189016
-189057
-189062
-189067
189117
189127
189137
189138
189148
-189154
-189156
189159
-189166
189228
189233
189238
-189261
-189266
-189271
189330
189335
189340
-189363
-189368
-189373
189432
189437
189442
-189465
-189470
-189475
189534
189539
189544
-189567
-189572
-189577
189641
189651
-189657
189661
-189667
-189669
-189678
-189679
-189681
189744
-189748
189749
189754
-189758
-189801
-189806
-189811
-189812
189858
189863
189868
-189882
-189891
-189892
-189896
-189901
-189902
189972
-189975
189977
189982
-189985
-189990
-189996
-190002
-190003
190067
190078
-190084
190090
-190096
-190099
-190109
-190110
-190113
-190174
190179
190181
-190183
190189
-190208
-190220
-190221
-190234
-190235
-190244
-190245
-190294
190301
-190303
190315
-190318
-190321
190327
-190330
-190333
-190336
-190346
-190350
-190351
-190364
-190365
190424
-190432
190438
-190441
-190443
190450
-190459
-190466
-190469
-190515
-190516
-190523
-190525
-190526
-190528
-190537
-190539
-190540
190631
-190639
-190647
-190648
190660
-190664
-190666
190672
-190676
-190684
-190691
-190694
-190702
-190709
-190712
-190720
-190727
-190730
-190738
-190745
-190748
-190750
-190753
-190761
-190765
-190766
-190771
-190779
-190780
-190781
191308
191318
191326
191333
191336
191344
191351
191354
191362
191369
191372
191380
191387
191390
191405
191508
191509
191516
191518
191519
191521
191529
191530
191546
191547
191617
-191624
191626
191635
-191640
191643
191644
-191650
191659
191666
191669
191736
191737
191746
191747
191749
191757
191758
191759
-191824
191830
-191835
191838
191839
-191845
191861
191911
191913
191920
191923
191924
191936
191937
191947
-191955
191958
-191970
191974
191976
-191980
191984
192031
192033
192040
192041
192043
-192079
-192090
192096
-192100
192153
192154
192163
192164
192173
192174
192184
-192190
-192192
192195
-192202
192218
192279
192284
192289
192290
-192297
192302
-192303
-192309
192314
192372
192373
192377
192382
192383
-192405
-192410
-192415
192431
192474
192479
192484
-192525
-192530
-192535
192585
192595
192605
192606
192616
-192622
-192624
192627
-192634
192696
192701
192706
-192729
-192734
-192739
192798
192803
192808
-192831
-192836
-192841
192900
192905
192910
-192933
-192938
-192943
193002
193007
193012
-193035
-193040
-193045
193109
193119
-193125
193129
-193135
-193137
-193146
-193147
-193149
193212
-193216
193217
193222
-193226
-193269
-193274
-193279
-193280
193326
193331
193336
-193350
-193359
-193360
-193364
-193369
-193370
193440
-193443
193445
193450
-193453
-193458
-193464
-193470
-193471
193535
193546
-193552
193558
-193564
-193567
-193577
-193578
-193581
-193642
193647
193649
-193651
193657
-193676
-193688
-193689
-193702
-193703
-193712
-193713
-193762
193769
-193771
193783
-193786
-193789
193795
-193798
-193801
-193804
-193814
-193818
-193819
-193832
-193833
193892
-193900
193906
-193909
-193911
193918
-193927
-193934
-193937
-193983
-193984
-193991
-193993
-193994
-193996
-194005
-194007
-194008
194099
-194107
-194115
-194116
194128
-194132
-194134
194140
-194144
-194152
-194159
-194162
-194170
-194177
-194180
-194188
-194195
-194198
-194206
-194213
-194216
-194218
-194221
-194229
-194233
-194234
-194239
-194247
-194248
-194249
194776
194786
194794
194801
194804
194812
194819
194822
194830
194837
194840
194848
194855
194858
194873
194976
194977
194984
194986
194987
194989
194997
194998
195014
195015
195085
-195092
195094
195103
-195108
195111
195112
-195118
195127
195134
195137
195204
195205
195214
195215
195217
195225
195226
195227
-195292
195298
-195303
195306
195307
-195313
195329
195379
195381
195388
195391
195392
195404
195405
195415
-195423
195426
-195438
195442
195444
-195448
195452
195499
195501
195508
195509
195511
-195547
-195558
195564
-195568
195621
195622
195631
195632
195641
195642
195652
-195658
-195660
195663
-195670
195686
195747
195752
195757
195758
-195765
195770
-195771
-195777
195782
195840
195841
195845
195850
195851
-195873
-195878
-195883
195899
195942
195947
195952
-195993
-195998
-196003
196053
196063
196073
196074
196084
-196090
-196092
196095
-196102
196164
196169
196174
-196197
-196202
-196207
196266
196271
196276
-196299
-196304
-196309
196368
196373
196378
-196401
-196406
-196411
196470
196475
196480
-196503
-196508
-196513
196577
196587
-196593
196597
-196603
-196605
-196614
-196615
-196617
196680
-196684
196685
196690
-196694
-196737
-196742
-196747
-196748
196794
196799
196804
-196818
-196827
-196828
-196832
-196837
-196838
196908
-196911
196913
196918
-196921
-196926
-196932
-196938
-196939
197003
197014
-197020
197026
-197032
-197035
-197045
-197046
-197049
-197110
197115
197117
-197119
197125
-197144
-197156
-197157
-197170
-197171
-197180
-197181
-197230
197237
-197239
197251
-197254
-197257
197263
-197266
-197269
-197272
-197282
-197286
-197287
-197300
-197301
197360
-197368
197374
-197377
-197379
197386
-197395
-197402
-197405
-197451
-197452
-197459
-197461
-197462
-197464
-197473
-197475
-197476
197567
-197575
-197583
-197584
197596
-197600
-197602
197608
-197612
-197620
-197627
-197630
-197638
-197645
-197648
-197656
-197663
-197666
-197674
-197681
-197684
-197686
-197689
-197697
-197701
-197702
-197707
-197715
-197716
-197717
198244
198254
198262
198269
198272
198280
198287
198290
198298
198305
198308
198316
198323
198326
198341
198444
198445
198452
198454
198455
198457
198465
198466
198482
198483
198553
-198560
198562
198571
-198576
198579
198580
-198586
198595
198602
198605
198672
198673
198682
198683
198685
198693
198694
198695
-198760
198766
-198771
198774
198775
-198781
198797
198847
198849
198856
198859
198860
198872
198873
198883
-198891
198894
-198906
198910
198912
-198916
198920
198967
198969
198976
198977
198979
-199015
-199026
199032
-199036
199089
199090
199099
199100
199109
199110
199120
-199126
-199128
199131
-199138
199154
199215
199220
199225
199226
-199233
199238
-199239
-199245
199250
199308
199309
199313
199318
199319
-199341
-199346
-199351
199367
199410
199415
199420
-199461
-199466
-199471
199521
199531
199541
199542
199552
-199558
-199560
199563
-199570
199632
199637
199642
-199665
-199670
-199675
199734
199739
199744
-199767
-199772
-199777
199836
199841
199846
-199869
-199874
-199879
199938
199943
199948
-199971
-199976
-199981
200045
200055
-200061
200065
-200071
-200073
-200082
-200083
-200085
200148
-200152
200153
200158
-200162
-200205
-200210
-200215
-200216
200262
200267
200272
-200286
-200295
-200296
-200300
-200305
-200306
200376
-200379
200381
200386
-200389
-200394
-200400
-200406
-200407
200471
200482
-200488
200494
-200500
-200503
-200513
-200514
-200517
-200578
200583
200585
-200587
200593
-200612
-200624
-200625
-200638
-200639
-200648
-200649
-200698
200705
-200707
200719
-200722
-200725
200731
-200734
-200737
-200740
-200750
-200754
-200755
-200768
-200769
200828
-200836
200842
-200845
-200847
200854
-200863
-200870
-200873
-200919
-200920
-200927
-200929
-200930
-200932
-200941
-200943
-200944
201035
-201043
-201051
-201052
201064
-201068
-201070
201076
-201080
-201088
-201095
-201098
-201106
-201113
-201116
-201124
-201131
-201134
-201142
-201149
-201152
-201154
-201157
-201165
-201169
-201170
-201175
-201183
-201184
-201185
201712
201722
201730
201737
201740
201748
201755
201758
201766
201773
201776
201784
201791
201794
201809
201912
201913
201920
201922
201923
201925
201933
201934
201950
201951
202021
-202028
202030
202039
-202044
202047
202048
-202054
202063
202070
202073
202140
202141
202150
202151
202153
202161
202162
202163
-202228
202234
-202239
202242
202243
-202249
202265
202315
202317
202324
202327
202328
202340
202341
202351
-202359
202362
-202374
202378
202380
-202384
202388
202435
202437
202444
202445
202447
-202483
-202494
202500
-202504
202557
202558
202567
202568
202577
202578
202588
-202594
-202596
202599
-202606
202622
202683
202688
202693
202694
-202701
202706
-202707
-202713
202718
202776
202777
202781
202786
202787
-202809
-202814
-202819
202835
202878
202883
202888
-202929
-202934
-202939
202989
202999
203009
203010
203020
-203026
-203028
203031
-203038
203100
203105
203110
-203133
-203138
-203143
203202
203207
203212
-203235
-203240
-203245
203304
203309
203314
-203337
-203342
-203347
203406
203411
203416
-203439
-203444
-203449
203513
203523
-203529
203533
-203539
-203541
-203550
-203551
-203553
203616
-203620
203621
203626
-203630
-203673
-203678
-203683
-203684
203730
203735
203740
-203754
-203763
-203764
-203768
-203773
-203774
203844
-203847
203849
203854
-203857
-203862
-203868
-203874
-203875
203939
203950
-203956
203962
-203968
-203971
-203981
-203982
-203985
-204046
204051
204053
-204055
204061
-204080
-204092
-204093
-204106
-204107
-204116
-204117
-204166
204173
-204175
204187
-204190
-204193
204199
-204202
-204205
-204208
-204218
-204222
-204223
-204236
-204237
204296
-204304
204310
-204313
-204315
204322
-204331
-204338
-204341
-204387
-204388
-204395
-204397
-204398
-204400
-204409
-204411
-204412
204503
-204511
-204519
-204520
204532
-204536
-204538
204544
-204548
-204556
-204563
-204566
-204574
-204581
-204584
-204592
-204599
-204602
-204610
-204617
-204620
-204622
-204625
-204633
-204637
-204638
-204643
-204651
-204652
-204653
205180
205190
205198
205205
205208
205216
205223
205226
205234
205241
205244
205252
205259
205262
205277
205380
205381
205388
205390
205391
205393
205401
205402
205418
205419
205489
-205496
205498
205507
-205512
205515
205516
-205522
205531
205538
205541
205608
205609
205618
205619
205621
205629
205630
205631
-205696
205702
-205707
205710
205711
-205717
205733
205783
205785
205792
205795
205796
205808
205809
205819
-205827
205830
-205842
205846
205848
-205852
205856
205903
205905
205912
205913
205915
-205951
-205962
205968
-205972
206025
206026
206035
206036
206045
206046
206056
-206062
-206064
206067
-206074
206090
206151
206156
206161
206162
-206169
206174
-206175
-206181
206186
206244
206245
206249
206254
206255
-206277
-206282
-206287
206303
206346
206351
206356
-206397
-206402
-206407
206457
206467
206477
206478
206488
-206494
-206496
206499
-206506
206568
206573
206578
-206601
-206606
-206611
206670
206675
206680
-206703
-206708
-206713
206772
206777
206782
-206805
-206810
-206815
206874
206879
206884
-206907
-206912
-206917
206981
206991
-206997
207001
-207007
-207009
-207018
-207019
-207021
207084
-207088
207089
207094
-207098
-207141
-207146
-207151
-207152
207198
207203
207208
-207222
-207231
-207232
-207236
-207241
-207242
207312
-207315
207317
207322
-207325
-207330
-207336
-207342
-207343
207407
207418
-207424
207430
-207436
-207439
-207449
-207450
-207453
-207514
207519
207521
-207523
207529
-207548
-207560
-207561
-207574
-207575
-207584
-207585
-207634
207641
-207643
207655
-207658
-207661
207667
-207670
-207673
-207676
-207686
-207690
-207691
-207704
-207705
207764
-207772
207778
-207781
-207783
207790
-207799
-207806
-207809
-207855
-207856
-207863
-207865
-207866
-207868
-207877
-207879
-207880
207971
-207979
-207987
-207988
208000
-208004
-208006
208012
-208016
-208024
-208031
-208034
-208042
-208049
-208052
-208060
-208067
-208070
-208078
-208085
-208088
-208090
-208093
-208101
-208105
-208106
-208111
-208119
-208120
-208121
208648
208658
208666
208673
208676
208684
208691
208694
208702
208709
208712
208720
208727
208730
208745
208848
208849
208856
208858
208859
208861
208869
208870
208886
208887
208957
-208964
208966
208975
-208980
208983
208984
-208990
208999
209006
209009
209076
209077
209086
209087
209089
209097
209098
209099
-209164
209170
-209175
209178
209179
-209185
209201
209251
209253
209260
209263
209264
209276
209277
209287
-209295
209298
-209310
209314
209316
-209320
209324
209371
209373
209380
209381
209383
-209419
-209430
209436
-209440
209493
209494
209503
209504
209513
209514
209524
-209530
-209532
209535
-209542
209558
209619
209624
209629
209630
-209637
209642
-209643
-209649
209654
209712
209713
209717
209722
209723
-209745
-209750
-209755
209771
209814
209819
209824
-209865
-209870
-209875
209925
209935
209945
209946
209956
-209962
-209964
209967
-209974
210036
210041
210046
-210069
-210074
-210079
210138
210143
210148
-210171
-210176
-210181
210240
210245
210250
-210273
-210278
-210283
210342
210347
210352
-210375
-210380
-210385
210449
210459
-210465
210469
-210475
-210477
-210486
-210487
-210489
210552
-210556
210557
210562
-210566
-210609
-210614
-210619
-210620
210666
210671
210676
-210690
-210699
-210700
-210704
-210709
-210710
210780
-210783
210785
210790
-210793
-210798
-210804
-210810
-210811
210875
210886
-210892
210898
-210904
-210907
-210917
-210918
-210921
-210982
210987
210989
-210991
210997
-211016
-211028
-211029
-211042
-211043
-211052
-211053
-211102
211109
-211111
211123
-211126
-211129
211135
-211138
-211141
-211144
-211154
-211158
-211159
-211172
-211173
211232
-211240
211246
-211249
-211251
211258
-211267
-211274
-211277
-211323
-211324
-211331
-211333
-211334
-211336
-211345
-211347
-211348
211439
-211447
-211455
-211456
211468
-211472
-211474
211480
-211484
-211492
-211499
-211502
-211510
-211517
-211520
-211528
-211535
-211538
-211546
-211553
-211556
-211558
-211561
-211569
-211573
-211574
-211579
-211587
-211588
-211589
212116
212126
212134
212141
212144
212152
212159
212162
212170
212177
212180
212188
212195
212198
212213
212316
212317
212324
212326
212327
212329
212337
212338
212354
212355
212425
-212432
212434
212443
-212448
212451
212452
-212458
212467
212474
212477
212544
212545
212554
212555
212557
212565
212566
212567
-212632
212638
-212643
212646
212647
-212653
212669
212719
212721
212728
212731
212732
212744
212745
212755
-212763
212766
-212778
212782
212784
-212788
212792
212839
212841
212848
212849
212851
-212887
-212898
212904
-212908
212961
212962
212971
212972
212981
212982
212992
-212998
-213000
213003
-213010
213026
213087
213092
213097
213098
-213105
213110
-213111
-213117
213122
213180
213181
213185
213190
213191
-213213
-213218
-213223
213239
213282
213287
213292
-213333
-213338
-213343
213393
213403
213413
213414
213424
-213430
-213432
213435
-213442
213504
213509
213514
-213537
-213542
-213547
213606
213611
213616
-213639
-213644
-213649
213708
213713
213718
-213741
-213746
-213751
213810
213815
213820
-213843
-213848
-213853
213917
213927
-213933
213937
-213943
-213945
-213954
-213955
-213957
214020
-214024
214025
214030
-214034
-214077
-214082
-214087
-214088
214134
214139
214144
-214158
-214167
-214168
-214172
-214177
-214178
214248
-214251
214253
214258
-214261
-214266
-214272
-214278
-214279
214343
214354
-214360
214366
-214372
-214375
-214385
-214386
-214389
-214450
214455
214457
-214459
214465
-214484
-214496
-214497
-214510
-214511
-214520
-214521
-214570
214577
-214579
214591
-214594
-214597
214603
-214606
-214609
-214612
-214622
-214626
-214627
-214640
-214641
214700
-214708
214714
-214717
-214719
214726
-214735
-214742
-214745
-214791
-214792
-214799
-214801
-214802
-214804
-214813
-214815
-214816
214907
-214915
-214923
-214924
214936
-214940
-214942
214948
-214952
-214960
-214967
-214970
-214978
-214985
-214988
-214996
-215003
-215006
-215014
-215021
-215024
-215026
-215029
-215037
-215041
-215042
-215047
-215055
-215056
-215057
215584
215594
215602
215609
215612
215620
215627
215630
215638
215645
215648
215656
215663
215666
215681
215784
215785
215792
215794
215795
215797
215805
215806
215822
215823
215893
-215900
215902
215911
-215916
215919
215920
-215926
215935
215942
215945
216012
216013
216022
216023
216025
216033
216034
216035
-216100
216106
-216111
216114
216115
-216121
216137
216187
216189
216196
216199
216200
216212
216213
216223
-216231
216234
-216246
216250
216252
-216256
216260
216307
216309
216316
216317
216319
-216355
-216366
216372
-216376
216429
216430
216439
216440
216449
216450
216460
-216466
-216468
216471
-216478
216494
216555
216560
216565
216566
-216573
216578
-216579
-216585
216590
216648
216649
216653
216658
216659
-216681
-216686
-216691
216707
216750
216755
216760
-216801
-216806
-216811
216861
216871
216881
216882
216892
-216898
-216900
216903
-216910
216972
216977
216982
-217005
-217010
-217015
217074
217079
217084
-217107
-217112
-217117
217176
217181
217186
-217209
-217214
-217219
217278
217283
217288
-217311
-217316
-217321
217385
217395
-217401
217405
-217411
-217413
-217422
-217423
-217425
217488
-217492
217493
217498
-217502
-217545
-217550
-217555
-217556
217602
217607
217612
-217626
-217635
-217636
-217640
-217645
-217646
217716
-217719
217721
217726
-217729
-217734
-217740
-217746
-217747
217811
217822
-217828
217834
-217840
-217843
-217853
-217854
-217857
-217918
217923
217925
-217927
217933
-217952
-217964
-217965
-217978
-217979
-217988
-217989
-218038
218045
-218047
218059
-218062
-218065
218071
-218074
-218077
-218080
-218090
-218094
-218095
-218108
-218109
218168
-218176
218182
-218185
-218187
218194
-218203
-218210
-218213
-218259
-218260
-218267
-218269
-218270
-218272
-218281
-218283
-218284
218375
-218383
-218391
-218392
218404
-218408
-218410
218416
-218420
-218428
-218435
-218438
-218446
-218453
-218456
-218464
-218471
-218474
-218482
-218489
-218492
-218494
-218497
-218505
-218509
-218510
-218515
-218523
-218524
-218525
219052
219062
219070
219077
219080
219088
219095
219098
219106
219113
219116
219124
219131
219134
219149
219252
219253
219260
219262
219263
219265
219273
219274
219290
219291
219361
-219368
219370
219379
-219384
219387
219388
-219394
219403
219410
219413
219480
219481
219490
219491
219493
219501
219502
219503
-219568
219574
-219579
219582
219583
-219589
219605
219655
219657
219664
219667
219668
219680
219681
219691
-219699
219702
-219714
219718
219720
-219724
219728
219775
219777
219784
219785
219787
-219823
-219834
219840
-219844
219897
219898
219907
219908
219917
219918
219928
-219934
-219936
219939
-219946
219962
220023
220028
220033
220034
-220041
220046
-220047
-220053
220058
220116
220117
220121
220126
220127
-220149
-220154
-220159
220175
220218
220223
220228
-220269
-220274
-220279
220329
220339
220349
220350
220360
-220366
-220368
220371
-220378
220440
220445
220450
-220473
-220478
-220483
220542
220547
220552
-220575
-220580
-220585
220644
220649
220654
-220677
-220682
-220687
220746
220751
220756
-220779
-220784
-220789
220853
220863
-220869
220873
-220879
-220881
-220890
-220891
-220893
220956
-220960
220961
220966
-220970
-221013
-221018
-221023
-221024
221070
221075
221080
-221094
-221103
-221104
-221108
-221113
-221114
221184
-221187
221189
221194
-221197
-221202
-221208
-221214
-221215
221279
221290
-221296
221302
-221308
-221311
-221321
-221322
-221325
-221386
221391
221393
-221395
221401
-221420
-221432
-221433
-221446
-221447
-221456
-221457
-221506
221513
-221515
221527
-221530
-221533
221539
-221542
-221545
-221548
-221558
-221562
-221563
-221576
-221577
221636
-221644
221650
-221653
-221655
221662
-221671
-221678
-221681
-221727
-221728
-221735
-221737
-221738
-221740
-221749
-221751
-221752
221843
-221851
-221859
-221860
221872
-221876
-221878
221884
-221888
-221896
-221903
-221906
-221914
-221921
-221924
-221932
-221939
-221942
-221950
-221957
-221960
-221962
-221965
-221973
-221977
-221978
-221983
-221991
-221992
-221993
222520
222530
222538
222545
222548
222556
222563
222566
222574
222581
222584
222592
222599
222602
222617
222720
222721
222728
222730
222731
222733
222741
222742
222758
222759
222829
-222836
222838
222847
-222852
222855
222856
-222862
222871
222878
222881
222948
222949
222958
222959
222961
222969
222970
222971
-223036
223042
-223047
223050
223051
-223057
223073
223123
223125
223132
223135
223136
223148
223149
223159
-223167
223170
-223182
223186
223188
-223192
223196
223243
223245
223252
223253
223255
-223291
-223302
223308
-223312
223365
223366
223375
223376
223385
223386
223396
-223402
-223404
223407
-223414
223430
223491
223496
223501
223502
-223509
223514
-223515
-223521
223526
223584
223585
223589
223594
223595
-223617
-223622
-223627
223643
223686
223691
223696
-223737
-223742
-223747
223797
223807
223817
223818
223828
-223834
-223836
223839
-223846
223908
223913
223918
-223941
-223946
-223951
224010
224015
224020
-224043
-224048
-224053
224112
224117
224122
-224145
-224150
-224155
224214
224219
224224
-224247
-224252
-224257
224321
224331
-224337
224341
-224347
-224349
-224358
-224359
-224361
224424
-224428
224429
224434
-224438
-224481
-224486
-224491
-224492
224538
224543
224548
-224562
-224571
-224572
-224576
-224581
-224582
224652
-224655
224657
224662
-224665
-224670
-224676
-224682
-224683
224747
224758
-224764
224770
-224776
-224779
-224789
-224790
-224793
-224854
224859
224861
-224863
224869
-224888
-224900
-224901
-224914
-224915
-224924
-224925
-224974
224981
-224983
224995
-224998
-225001
225007
-225010
-225013
-225016
-225026
-225030
-225031
-225044
-225045
225104
-225112
225118
-225121
-225123
225130
-225139
-225146
-225149
-225195
-225196
-225203
-225205
-225206
-225208
-225217
-225219
-225220
225311
-225319
-225327
-225328
225340
-225344
-225346
225352
-225356
-225364
-225371
-225374
-225382
-225389
-225392
-225400
-225407
-225410
-225418
-225425
-225428
-225430
-225433
-225441
-225445
-225446
-225451
-225459
-225460
-225461
225988
225998
226006
226013
226016
226024
226031
226034
226042
226049
226052
226060
226067
226070
226085
226188
226189
226196
226198
226199
226201
226209
226210
226226
226227
226297
-226304
226306
226315
-226320
226323
226324
-226330
226339
226346
226349
226416
226417
226426
226427
226429
226437
226438
226439
-226504
226510
-226515
226518
226519
-226525
226541
226591
226593
226600
226603
226604
226616
226617
226627
-226635
226638
-226650
226654
226656
-226660
226664
226711
226713
226720
226721
226723
-226759
-226770
226776
-226780
226833
226834
226843
226844
226853
226854
226864
-226870
-226872
226875
-226882
226898
226959
226964
226969
226970
-226977
226982
-226983
-226989
226994
227052
227053
227057
227062
227063
-227085
-227090
-227095
227111
227154
227159
227164
-227205
-227210
-227215
227265
227275
227285
227286
227296
-227302
-227304
227307
-227314
227376
227381
227386
-227409
-227414
-227419
227478
227483
227488
-227511
-227516
-227521
227580
227585
227590
-227613
-227618
-227623
227682
227687
227692
-227715
-227720
-227725
227789
227799
-227805
227809
-227815
-227817
-227826
-227827
-227829
227892
-227896
227897
227902
-227906
-227949
-227954
-227959
-227960
228006
228011
228016
-228030
-228039
-228040
-228044
-228049
-228050
228120
-228123
228125
228130
-228133
-228138
-228144
-228150
-228151
228215
228226
-228232
228238
-228244
-228247
-228257
-228258
-228261
-228322
228327
228329
-228331
228337
-228356
-228368
-228369
-228382
-228383
-228392
-228393
-228442
228449
-228451
228463
-228466
-228469
228475
-228478
-228481
-228484
-228494
-228498
-228499
-228512
-228513
228572
-228580
228586
-228589
-228591
228598
-228607
-228614
-228617
-228663
-228664
-228671
-228673
-228674
-228676
-228685
-228687
-228688
228779
-228787
-228795
-228796
228808
-228812
-228814
228820
-228824
-228832
-228839
-228842
-228850
-228857
-228860
-228868
-228875
-228878
-228886
-228893
-228896
-228898
-228901
-228909
-228913
-228914
-228919
-228927
-228928
-228929
229456
229466
229474
229481
229484
229492
229499
229502
229510
229517
229520
229528
229535
229538
229553
229656
229657
229664
229666
229667
229669
229677
229678
229694
229695
229765
-229772
229774
229783
-229788
229791
229792
-229798
229807
229814
229817
229884
229885
229894
229895
229897
229905
229906
229907
-229972
229978
-229983
229986
229987
-229993
230009
230059
230061
230068
230071
230072
230084
230085
230095
-230103
230106
-230118
230122
230124
-230128
230132
230179
230181
230188
230189
230191
-230227
-230238
230244
-230248
230301
230302
230311
230312
230321
230322
230332
-230338
-230340
230343
-230350
230366
230427
230432
230437
230438
-230445
230450
-230451
-230457
230462
230520
230521
230525
230530
230531
-230553
-230558
-230563
230579
230622
230627
230632
-230673
-230678
-230683
230733
230743
230753
230754
230764
-230770
-230772
230775
-230782
230844
230849
230854
-230877
-230882
-230887
230946
230951
230956
-230979
-230984
-230989
231048
231053
231058
-231081
-231086
-231091
231150
231155
231160
-231183
-231188
-231193
231257
231267
-231273
231277
-231283
-231285
-231294
-231295
-231297
231360
-231364
231365
231370
-231374
-231417
-231422
-231427
-231428
231474
231479
231484
-231498
-231507
-231508
-231512
-231517
-231518
231588
-231591
231593
231598
-231601
-231606
-231612
-231618
-231619
231683
231694
-231700
231706
-231712
-231715
-231725
-231726
-231729
-231790
231795
231797
-231799
231805
-231824
-231836
-231837
-231850
-231851
-231860
-231861
-231910
231917
-231919
231931
-231934
-231937
231943
-231946
-231949
-231952
-231962
-231966
-231967
-231980
-231981
232040
-232048
232054
-232057
-232059
232066
-232075
-232082
-232085
-232131
-232132
-232139
-232141
-232142
-232144
-232153
-232155
-232156
232247
-232255
-232263
-232264
232276
-232280
-232282
232288
-232292
-232300
-232307
-232310
-232318
-232325
-232328
-232336
-232343
-232346
-232354
-232361
-232364
-232366
-232369
-232377
-232381
-232382
-232387
-232395
-232396
-232397
232924
232934
232942
232949
232952
232960
232967
232970
232978
232985
232988
232996
233003
233006
233021
233124
233125
233132
233134
233135
233137
233145
233146
233162
233163
233233
-233240
233242
233251
-233256
233259
233260
-233266
233275
233282
233285
233352
233353
233362
233363
233365
233373
233374
233375
-233440
233446
-233451
233454
233455
-233461
233477
233527
233529
233536
233539
233540
233552
233553
233563
-233571
233574
-233586
233590
233592
-233596
233600
233647
233649
233656
233657
233659
-233695
-233706
233712
-233716
233769
233770
233779
233780
233789
233790
233800
-233806
-233808
233811
-233818
233834
233895
233900
233905
233906
-233913
233918
-233919
-233925
233930
233988
233989
233993
233998
233999
-234021
-234026
-234031
234047
234090
234095
234100
-234141
-234146
-234151
234201
234211
234221
234222
234232
-234238
-234240
234243
-234250
234312
234317
234322
-234345
-234350
-234355
234414
234419
234424
-234447
-234452
-234457
234516
234521
234526
-234549
-234554
-234559
234618
234623
234628
-234651
-234656
-234661
234725
234735
-234741
234745
-234751
-234753
-234762
-234763
-234765
234828
-234832
234833
234838
-234842
-234885
-234890
-234895
-234896
234942
234947
234952
-234966
-234975
-234976
-234980
-234985
-234986
235056
-235059
235061
235066
-235069
-235074
-235080
-235086
-235087
235151
235162
-235168
235174
-235180
-235183
-235193
-235194
-235197
-235258
235263
235265
-235267
235273
-235292
-235304
-235305
-235318
-235319
-235328
-235329
-235378
235385
-235387
235399
-235402
-235405
235411
-235414
-235417
-235420
-235430
-235434
-235435
-235448
-235449
235508
-235516
235522
-235525
-235527
235534
-235543
-235550
-235553
-235599
-235600
-235607
-235609
-235610
-235612
-235621
-235623
-235624
235715
-235723
-235731
-235732
235744
-235748
-235750
235756
-235760
-235768
-235775
-235778
-235786
-235793
-235796
-235804
-235811
-235814
-235822
-235829
-235832
-235834
-235837
-235845
-235849
-235850
-235855
-235863
-235864
-235865
236392
236402
236410
236417
236420
236428
236435
236438
236446
236453
236456
236464
236471
236474
236489
236592
236593
236600
236602
236603
236605
236613
236614
236630
236631
236701
-236708
236710
236719
-236724
236727
236728
-236734
236743
236750
236753
236820
236821
236830
236831
236833
236841
236842
236843
-236908
236914
-236919
236922
236923
-236929
236945
236995
236997
237004
237007
237008
237020
237021
237031
-237039
237042
-237054
237058
237060
-237064
237068
237115
237117
237124
237125
237127
-237163
-237174
237180
-237184
237237
237238
237247
237248
237257
237258
237268
-237274
-237276
237279
-237286
237302
237363
237368
237373
237374
-237381
237386
-237387
-237393
237398
237456
237457
237461
237466
237467
-237489
-237494
-237499
237515
237558
237563
237568
-237609
-237614
-237619
237669
237679
237689
237690
237700
-237706
-237708
237711
-237718
237780
237785
237790
-237813
-237818
-237823
237882
237887
237892
-237915
-237920
-237925
237984
237989
237994
-238017
-238022
-238027
238086
238091
238096
-238119
-238124
-238129
238193
238203
-238209
238213
-238219
-238221
-238230
-238231
-238233
238296
-238300
238301
238306
-238310
-238353
-238358
-238363
-238364
238410
238415
238420
-238434
-238443
-238444
-238448
-238453
-238454
238524
-238527
238529
238534
-238537
-238542
-238548
-238554
-238555
238619
238630
-238636
238642
-238648
-238651
-238661
-238662
-238665
-238726
238731
238733
-238735
238741
-238760
-238772
-238773
-238786
-238787
-238796
-238797
-238846
238853
-238855
238867
-238870
-238873
238879
-238882
-238885
-238888
-238898
-238902
-238903
-238916
-238917
238976
-238984
238990
-238993
-238995
239002
-239011
-239018
-239021
-239067
-239068
-239075
-239077
-239078
-239080
-239089
-239091
-239092
239183
-239191
-239199
-239200
239212
-239216
-239218
239224
-239228
-239236
-239243
-239246
-239254
-239261
-239264
-239272
-239279
-239282
-239290
-239297
-239300
-239302
-239305
-239313
-239317
-239318
-239323
-239331
-239332
-239333
239854
239862
239869
239875
239877
239884
239890
239892
239899
239905
239907
239914
239920
239922
239935
240024
240025
240031
240032
240033
240034
240042
240043
240056
240057
240112
-240119
240121
240127
-240132
240135
240136
-240140
240148
240154
240156
240213
240214
240221
240222
240223
240231
240232
240233
-240292
240295
-240300
240303
240304
-240308
240322
240364
240366
240373
240375
240376
240386
240387
240394
-240402
240405
-240414
240418
240420
-240423
240426
240469
240471
240478
240479
240480
-240511
-240519
240525
-240528
240573
240574
240581
240582
240590
240591
240598
-240604
-240606
240609
-240614
240628
240684
240689
240693
240694
-240699
240704
-240705
-240710
240714
240765
240766
240770
240773
240774
-240792
-240797
-240800
240814
240849
240854
240858
-240897
-240902
-240906
240951
240959
240968
240969
240976
-240982
-240984
240987
-240992
241050
241055
241058
-241077
-241082
-241085
241140
241145
241148
-241167
-241172
-241175
241230
241235
241238
-241257
-241262
-241265
241320
241325
241328
-241347
-241352
-241355
241415
241422
-241428
241431
-241435
-241437
-241446
-241447
-241448
241503
-241507
241508
241512
-241515
-241557
-241562
-241566
-241567
241605
241610
241613
-241625
-241632
-241633
-241637
-241640
-241641
241701
-241704
241706
241710
-241712
-241716
-241722
-241727
-241728
241784
241792
-241798
241803
-241807
-241810
-241820
-241821
-241823
-241873
241878
241880
-241882
241886
-241903
-241913
-241914
-241925
-241926
-241934
-241935
-241975
241982
-241984
241993
-241996
-241999
242004
-242006
-242008
-242011
-242021
-242024
-242025
-242036
-242037
242087
-242092
242098
-242101
-242103
242108
-242116
-242122
-242124
-242169
-242170
-242176
-242177
-242178
-242179
-242188
-242190
-242191
242267
-242272
-242280
-242281
242290
-242294
-242296
242301
-242304
-242311
-242317
-242319
-242326
-242332
-242334
-242341
-242347
-242349
-242356
-242362
-242364
-242365
-242368
-242376
-242379
-242380
-242383
-242391
-242392
-242393
-105995
-106005
-106011
-106013
-106019
-106119
-106125
-106131
-106167
-106178
-106183
-106256
-106262
-106328
-106334
-106406
-106412
-106496
-106559
-106661
-106716
-106722
-106830
-106882
-107002
-107045
-107171
-107217
-107349
-107389
-107521
-107556
-107699
-107733
-107872
-107902
-108045
-108079
-108218
-108252
-108386
-108427
-108559
-108601
-108727
-108776
-108783
-108898
-108946
-109060
-109122
-109225
-109285
-109386
-109451
-109529
-109535
-109616
-109617
-109671
-109677
-109772
-109778
-109788
-109795
-109801
-109802
-109808
-109814
136177
136181
136185
136201
136206
136208
136228
136232
136236
136257
136260
136281
136284
136324
136328
136332
136350
136482
136502
136536
136553
136557
136560
136578
136650
136672
136677
136679
136707
136722
136725
136766
136789
136796
136824
136839
136842
136906
136913
136953
136956
136959
136997
137020
137025
137027
137045
137048
137052
137070
137090
137097
137118
137120
137160
137163
137166
137226
137229
137232
137270
137277
137295
137315
137322
137340
137360
137363
137367
137405
137429
137431
137450
137452
137456
137548
137551
137555
137649
137675
137692
137697
137721
137743
137765
137767
137771
137839
137844
137846
137864
137871
137885
137889
137932
137937
137939
137967
137982
137985
137988
138022
138099
138101
138104
138146
138150
138171
138201
138215
138219
138221
138239
138260
138263
138265
138315
138318
138333
138336
138339
138379
138382
138386
138408
138411
138432
138555
138576
138579
138594
138597
138600
138615
138617
138656
138677
138682
138701
138703
138707
138723
138725
138744
-138799
-138802
-138861
-138865
-138868
-138885
-138889
-138892
-139014
-139018
-139021
-139110
-139113
-139117
-139135
-139138
-139261
-139324
-139369
-139758
-139761
-139764
-139779
-139782
-139787
-139836
-139839
-139843
-139935
-139938
-139942
-139974
-139977
-139981
-140016
-140019
-140022
-140037
-140044
-140100
-140107
-140124
-140132
-140283
-140291
-140310
-140407
-140448
-140452
-140529
-140662
-140666
-140745
-140751
-140970
-140974
-140977
-140994
-140997
-141000
-141015
-141018
-141021
)


// ************************************************************************* //
