/*--------------------------------*- C++ -*----------------------------------*\
| =========                 |                                                 |
| \\      /  F ield         | OpenFOAM: The Open Source CFD Toolbox           |
|  \\    /   O peration     | Version:  2506                                  |
|   \\  /    A nd           | Website:  www.openfoam.com                      |
|    \\/     M anipulation  |                                                 |
\*---------------------------------------------------------------------------*/
FoamFile
{
    version     2.0;
    format      ascii;
    arch        "LSB;label=32;scalar=64";
    class       faceList;
    location    "constant/cap/polyMesh";
    object      faces;
}
// * * * * * * * * * * * * * * * * * * * * * * * * * * * * * * * * * * * * * //


35200
(
4(0 2988 4089 2987)
4(4078 2986 3943 2888)
4(3943 2987 4089 2888)
4(4089 2988 4078 2888)
4(1 2991 4092 2990)
4(4079 2989 3944 2889)
4(3944 2990 4092 2889)
4(4092 2991 4079 2889)
4(2 2994 4095 2993)
4(4080 2992 3945 2890)
4(3945 2993 4095 2890)
4(4095 2994 4080 2890)
4(3 2997 4098 2996)
4(4081 2995 3946 2891)
4(3946 2996 4098 2891)
4(4098 2997 4081 2891)
4(4 3000 4101 2999)
4(3947 2999 4101 2892)
4(4101 3000 4082 2892)
4(5 3007 4114 3006)
4(4085 3005 3950 2895)
4(3950 3006 4114 2895)
4(4114 3007 4085 2895)
4(6 3008 4087 3010)
4(6 3010 4117 3009)
4(4087 3008 3951 4510)
4(3951 3009 4117 4510)
4(4117 3010 4087 4510)
4(7 3011 4090 3013)
4(7 3013 4625 3012)
4(4090 3011 3952 4511)
4(3952 3012 4625 4511)
4(4625 3013 4090 4511)
4(8 3014 4093 3016)
4(8 3016 4628 3015)
4(4093 3014 3953 4512)
4(3953 3015 4628 4512)
4(4628 3016 4093 4512)
4(9 3017 4096 3019)
4(9 3019 4631 3018)
4(4096 3017 3954 4513)
4(3954 3018 4631 4513)
4(4631 3019 4096 4513)
4(10 3020 4099 3022)
4(10 3022 4634 3021)
4(4099 3020 3955 4514)
4(3955 3021 4634 4514)
4(4634 3022 4099 4514)
4(11 3023 4102 3025)
4(4102 3023 3956 2896)
4(3956 3024 4120 2896)
4(4120 3025 4102 2896)
4(11 3025 4120 3024)
4(12 3026 4105 3028)
4(12 3028 4121 3027)
4(4105 3026 3957 2897)
4(3957 3027 4121 2897)
4(4121 3028 4105 2897)
4(13 3029 4108 3031)
4(13 3031 4124 3030)
4(4108 3029 3958 2898)
4(3958 3030 4124 2898)
4(4124 3031 4108 2898)
4(14 3034 4127 3033)
4(4110 3032 3959 2899)
4(3959 3033 4127 2899)
4(4127 3034 4110 2899)
4(15 3037 4130 3036)
4(3960 3036 4130 2900)
4(4130 3037 4111 2900)
4(4113 3039 3962 2902)
4(3962 3040 4137 2902)
4(4137 3041 4113 2902)
4(17 3042 4115 3044)
4(17 3044 4140 3043)
4(4115 3042 3963 4515)
4(3963 3043 4140 4515)
4(4140 3044 4115 4515)
4(18 3045 4118 3047)
4(18 3047 4639 3046)
4(4118 3045 3964 4715)
4(3964 3046 4639 4715)
4(4639 3047 4118 4715)
4(19 3048 4626 3050)
4(19 3050 4731 3049)
4(4626 3048 10391 4743)
4(10391 3049 4731 4743)
4(4731 3050 4626 4743)
4(20 3051 4629 4543)
4(20 4543 10723 5797)
4(4629 3051 10392 4744)
4(10392 5797 10723 4744)
4(10723 4543 4629 4744)
4(21 3052 4632 4544)
4(21 4544 10726 5798)
4(4632 3052 10393 4745)
4(10393 5798 10726 4745)
4(10726 4544 4632 4745)
4(22 3053 4635 4545)
4(22 4545 10729 5799)
4(4635 3053 10394 4746)
4(10394 5799 10729 4746)
4(10729 4545 4635 4746)
4(23 3054 4637 4546)
4(23 4546 10732 5800)
4(4637 3054 10395 4747)
4(10395 5800 10732 4747)
4(10732 4546 4637 4747)
4(24 3055 4122 3056)
4(24 3056 10735 5801)
4(4122 3055 10396 4748)
4(10396 5801 10735 4748)
4(10735 3056 4122 4748)
4(25 3057 4125 3058)
4(25 3058 10738 5802)
4(4125 3057 10397 4749)
4(10397 5802 10738 4749)
4(10738 3058 4125 4749)
4(26 3059 4128 3060)
4(26 3060 10741 5803)
4(4128 3059 10398 4750)
4(10398 5803 10741 4750)
4(10741 3060 4128 4750)
4(27 3061 4131 3063)
4(4131 3061 3965 2903)
4(3965 3062 4143 2903)
4(4143 3063 4131 2903)
4(27 3063 4143 3062)
4(28 3064 4134 3066)
4(28 3066 4144 3065)
4(4134 3064 3966 4516)
4(3966 3065 4144 4516)
4(4144 3066 4134 4516)
4(4136 3067 3967 2904)
4(3967 3068 4147 2904)
4(4147 3069 4136 2904)
4(29 3069 4147 3068)
4(4138 3072 3970 4518)
4(3970 3073 4644 4518)
4(4644 3074 4138 4518)
4(32 3075 4141 3077)
4(4141 3075 3971 2906)
4(3971 3076 4153 2906)
4(4153 3077 4141 2906)
4(32 3077 4153 3076)
4(33 3080 4154 3079)
4(33 3078 4640 3080)
4(4640 3078 10399 4751)
4(10399 3079 4154 4751)
4(4154 3080 4640 4751)
4(34 3081 4732 4547)
4(34 4547 10746 5804)
4(4732 3081 10400 4752)
4(10400 5804 10746 4752)
4(10746 4547 4732 4752)
4(35 5805 10724 4719)
4(35 4719 10749 5806)
4(10724 5805 10401 4753)
4(10401 5806 10749 4753)
4(10749 4719 10724 4753)
4(36 5807 10727 5809)
4(36 5809 10752 5808)
4(10727 5807 10402 4754)
4(10402 5808 10752 4754)
4(10752 5809 10727 4754)
4(37 5810 10730 5812)
4(37 5812 10755 5811)
4(10730 5810 10403 4755)
4(10403 5811 10755 4755)
4(10755 5812 10730 4755)
4(38 5813 10733 5815)
4(38 5815 10758 5814)
4(10733 5813 10404 4756)
4(10404 5814 10758 4756)
4(10758 5815 10733 4756)
4(39 5816 10736 5818)
4(39 5818 10761 5817)
4(10736 5816 10405 4757)
4(10405 5817 10761 4757)
4(10761 5818 10736 4757)
4(40 5819 10739 5821)
4(40 5821 10764 5820)
4(10739 5819 10406 4758)
4(10406 5820 10764 4758)
4(10764 5821 10739 4758)
4(41 5822 10742 5824)
4(41 5824 10767 5823)
4(10742 5822 10407 4759)
4(10407 5823 10767 4759)
4(10767 5824 10742 4759)
4(42 5825 10744 5827)
4(42 5827 10770 5826)
4(10744 5825 10408 4760)
4(10408 5826 10770 4760)
4(10770 5827 10744 4760)
4(43 3082 4145 3083)
4(43 3083 10773 5828)
4(4145 3082 10409 4761)
4(10409 5828 10773 4761)
4(10773 3083 4145 4761)
4(44 3084 4642 3085)
4(44 3085 10776 5829)
4(4642 3084 10410 4762)
4(10410 5829 10776 4762)
4(10776 3085 4642 4762)
4(45 3086 4149 3088)
4(4149 3086 3972 4716)
4(3972 3087 4734 4716)
4(4734 3088 4149 4716)
4(45 3088 4734 3087)
4(46 3089 4151 3091)
4(4151 3089 3973 2907)
4(3973 3090 4157 2907)
4(4157 3091 4151 2907)
4(46 3091 4157 3090)
4(4645 3094 3976 4520)
4(3976 3095 4649 4520)
4(4649 4548 4645 4520)
4(49 3096 4647 4549)
4(49 4549 4652 3097)
4(4647 3096 3977 4521)
4(3977 3097 4652 4521)
4(4652 4549 4647 4521)
4(50 3098 4155 3100)
4(50 3100 4655 3099)
4(4155 3098 10411 4763)
4(10411 3099 4655 4763)
4(4655 3100 4155 4763)
4(51 5830 10747 3101)
4(51 3101 10781 5831)
4(10747 5830 10412 4764)
4(10412 5831 10781 4764)
4(10781 3101 10747 4764)
4(52 5832 10750 5834)
4(52 5834 10784 5833)
4(10750 5832 10413 4765)
4(10413 5833 10784 4765)
4(10784 5834 10750 4765)
4(53 5835 10753 5837)
4(53 5837 10787 5836)
4(10753 5835 10414 4766)
4(10414 5836 10787 4766)
4(10787 5837 10753 4766)
4(54 5838 10756 5840)
4(54 5840 10790 5839)
4(10756 5838 10415 4767)
4(10415 5839 10790 4767)
4(10790 5840 10756 4767)
4(55 5841 10759 5843)
4(55 5843 10793 5842)
4(10759 5841 10416 4768)
4(10416 5842 10793 4768)
4(10793 5843 10759 4768)
4(56 5844 10762 5846)
4(56 5846 10796 5845)
4(10762 5844 10417 4769)
4(10417 5845 10796 4769)
4(10796 5846 10762 4769)
4(57 5847 10765 5849)
4(57 5849 10799 5848)
4(10765 5847 10418 4770)
4(10418 5848 10799 4770)
4(10799 5849 10765 4770)
4(58 5850 10768 5852)
4(58 5852 10802 5851)
4(10768 5850 10419 4771)
4(10419 5851 10802 4771)
4(10802 5852 10768 4771)
4(59 5853 10771 5855)
4(59 5855 10805 5854)
4(10771 5853 10420 4772)
4(10420 5854 10805 4772)
4(10805 5855 10771 4772)
4(60 5856 10774 5858)
4(60 5858 10808 5857)
4(10774 5856 10421 4773)
4(10421 5857 10808 4773)
4(10808 5858 10774 4773)
4(61 5859 10777 5861)
4(61 5861 10811 5860)
4(10777 5859 10422 4774)
4(10422 5860 10811 4774)
4(10811 5861 10777 4774)
4(62 5862 10779 5864)
4(62 5864 10814 5863)
4(10779 5862 10423 4775)
4(10423 5863 10814 4775)
4(10814 5864 10779 4775)
4(63 3102 4735 4720)
4(63 4720 10817 5865)
4(4735 3102 10424 4776)
4(10424 5865 10817 4776)
4(10817 4720 4735 4776)
4(64 3103 4159 3105)
4(4159 3103 3978 4522)
4(3978 3104 4658 4522)
4(4658 3105 4159 4522)
4(64 3105 4658 3104)
4(65 3106 4161 3108)
4(4161 3106 3979 2909)
4(3979 3107 4163 2909)
4(4163 3108 4161 2909)
4(65 3108 4163 3107)
4(4650 3111 3981 4523)
4(3981 3112 4169 4523)
4(4169 3113 4650 4523)
4(68 3114 4653 4550)
4(68 4550 4661 3115)
4(4653 3114 3982 4524)
4(3982 3115 4661 4524)
4(4661 4550 4653 4524)
4(69 3116 4656 4551)
4(69 4551 4664 3117)
4(4656 3116 10425 4777)
4(10425 3117 4664 4777)
4(4664 4551 4656 4777)
4(70 5866 10782 4552)
4(70 4552 10822 5867)
4(10782 5866 10426 4778)
4(10426 5867 10822 4778)
4(10822 4552 10782 4778)
4(71 5868 10785 5870)
4(71 5870 10825 5869)
4(10785 5868 10427 4779)
4(10427 5869 10825 4779)
4(10825 5870 10785 4779)
4(72 5871 10788 5873)
4(72 5873 10828 5872)
4(10788 5871 10428 4780)
4(10428 5872 10828 4780)
4(10828 5873 10788 4780)
4(73 5874 10791 5876)
4(73 5876 10831 5875)
4(10791 5874 10429 4781)
4(10429 5875 10831 4781)
4(10831 5876 10791 4781)
4(74 5877 10794 5879)
4(74 5879 10834 5878)
4(10794 5877 10430 4782)
4(10430 5878 10834 4782)
4(10834 5879 10794 4782)
4(75 5880 10797 5882)
4(75 5882 10837 5881)
4(10797 5880 10431 4783)
4(10431 5881 10837 4783)
4(10837 5882 10797 4783)
4(76 5883 10800 5885)
4(76 5885 10840 5884)
4(10800 5883 10432 4784)
4(10432 5884 10840 4784)
4(10840 5885 10800 4784)
4(77 5886 10803 5888)
4(77 5888 10843 5887)
4(10803 5886 10433 4785)
4(10433 5887 10843 4785)
4(10843 5888 10803 4785)
4(78 5889 10806 5891)
4(78 5891 10846 5890)
4(10806 5889 10434 4786)
4(10434 5890 10846 4786)
4(10846 5891 10806 4786)
4(79 5892 10809 5894)
4(79 5894 10849 5893)
4(10809 5892 10435 4787)
4(10435 5893 10849 4787)
4(10849 5894 10809 4787)
4(80 5895 10812 5897)
4(80 5897 10852 5896)
4(10812 5895 10436 4788)
4(10436 5896 10852 4788)
4(10852 5897 10812 4788)
4(81 5898 10815 5900)
4(81 5900 10855 5899)
4(10815 5898 10437 4789)
4(10437 5899 10855 4789)
4(10855 5900 10815 4789)
4(82 5901 10818 5903)
4(82 5903 10858 5902)
4(10818 5901 10438 4790)
4(10438 5902 10858 4790)
4(10858 5903 10818 4790)
4(83 5904 10820 5906)
4(83 5906 10861 5905)
4(10820 5904 10439 4791)
4(10439 5905 10861 4791)
4(10861 5906 10820 4791)
4(84 3118 4659 4553)
4(84 4553 10864 5907)
4(4659 3118 10440 4792)
4(10440 5907 10864 4792)
4(10864 4553 4659 4792)
4(85 3119 4165 3121)
4(4165 3119 3983 4525)
4(3983 3120 4667 4525)
4(4667 3121 4165 4525)
4(85 3121 4667 3120)
4(86 3122 4167 3124)
4(4167 3122 3984 2911)
4(3984 3123 4171 2911)
4(4171 3124 4167 2911)
4(86 3124 4171 3123)
4(88 3131 4177 3130)
4(88 3129 4662 3131)
4(4662 3129 3986 4526)
4(3986 3130 4177 4526)
4(4177 3131 4662 4526)
4(89 3132 4665 4554)
4(89 4554 4670 3133)
4(4665 3132 10441 4793)
4(10441 3133 4670 4793)
4(4670 4554 4665 4793)
4(90 5908 10823 4555)
4(90 4555 10869 5909)
4(10823 5908 10442 4794)
4(10442 5909 10869 4794)
4(10869 4555 10823 4794)
4(91 5910 10826 5912)
4(91 5912 10872 5911)
4(10826 5910 10443 4795)
4(10443 5911 10872 4795)
4(10872 5912 10826 4795)
4(92 5913 10829 5915)
4(92 5915 10875 5914)
4(10829 5913 10444 4796)
4(10444 5914 10875 4796)
4(10875 5915 10829 4796)
4(93 5916 10832 5918)
4(93 5918 10878 5917)
4(10832 5916 10445 4797)
4(10445 5917 10878 4797)
4(10878 5918 10832 4797)
4(94 5919 10835 5921)
4(94 5921 10881 5920)
4(10835 5919 10446 4798)
4(10446 5920 10881 4798)
4(10881 5921 10835 4798)
4(95 5922 10838 5924)
4(95 5924 10884 5923)
4(10838 5922 10447 4799)
4(10447 5923 10884 4799)
4(10884 5924 10838 4799)
4(96 5925 10841 5927)
4(96 5927 10887 5926)
4(10841 5925 10448 4800)
4(10448 5926 10887 4800)
4(10887 5927 10841 4800)
4(97 5928 10844 5930)
4(97 5930 10890 5929)
4(10844 5928 10449 4801)
4(10449 5929 10890 4801)
4(10890 5930 10844 4801)
4(98 5931 10847 5933)
4(98 5933 10893 5932)
4(10847 5931 10450 4802)
4(10450 5932 10893 4802)
4(10893 5933 10847 4802)
4(99 5934 10850 5936)
4(99 5936 10896 5935)
4(10850 5934 10451 4803)
4(10451 5935 10896 4803)
4(10896 5936 10850 4803)
4(100 5937 10853 5939)
4(100 5939 10899 5938)
4(10853 5937 10452 4804)
4(10452 5938 10899 4804)
4(10899 5939 10853 4804)
4(101 5940 10856 5942)
4(101 5942 10902 5941)
4(10856 5940 10453 4805)
4(10453 5941 10902 4805)
4(10902 5942 10856 4805)
4(102 5943 10859 5945)
4(102 5945 10905 5944)
4(10859 5943 10454 4806)
4(10454 5944 10905 4806)
4(10905 5945 10859 4806)
4(103 5946 10862 5948)
4(103 5948 10908 5947)
4(10862 5946 10455 4807)
4(10455 5947 10908 4807)
4(10908 5948 10862 4807)
4(104 5949 10865 5951)
4(104 5951 10911 5950)
4(10865 5949 10456 4808)
4(10456 5950 10911 4808)
4(10911 5951 10865 4808)
4(105 5952 10867 5954)
4(105 5954 10914 5953)
4(10867 5952 10457 4809)
4(10457 5953 10914 4809)
4(10914 5954 10867 4809)
4(106 3134 4668 4556)
4(106 4556 10917 5955)
4(4668 3134 10458 4810)
4(10458 5955 10917 4810)
4(10917 4556 4668 4810)
4(107 3135 4173 3137)
4(4173 3135 3987 4717)
4(3987 3136 4737 4717)
4(4737 3137 4173 4717)
4(107 3137 4737 3136)
4(3988 3139 4181 2913)
4(4181 3140 4175 2913)
4(108 3140 4181 3139)
4(109 3142 4178 3144)
4(4178 3142 3989 2914)
4(3989 3143 4185 2914)
4(4185 3144 4178 2914)
4(110 3147 4187 3146)
4(4180 3145 3990 2915)
4(3990 3146 4187 2915)
4(4187 3147 4180 2915)
4(110 3145 4180 3147)
4(111 3149 4190 3148)
4(111 5956 10870 3149)
4(10870 5956 10459 4811)
4(10459 3148 4190 4811)
4(4190 3149 10870 4811)
4(112 5957 10873 5959)
4(112 5959 10922 5958)
4(10873 5957 10460 4812)
4(10460 5958 10922 4812)
4(10922 5959 10873 4812)
4(113 5960 10876 5962)
4(113 5962 10925 5961)
4(10876 5960 10461 4813)
4(10461 5961 10925 4813)
4(10925 5962 10876 4813)
4(114 5963 10879 5965)
4(114 5965 10928 5964)
4(10879 5963 10462 4814)
4(10462 5964 10928 4814)
4(10928 5965 10879 4814)
4(115 5966 10882 5968)
4(115 5968 10931 5967)
4(10882 5966 10463 4815)
4(10463 5967 10931 4815)
4(10931 5968 10882 4815)
4(116 5969 10885 5971)
4(116 5971 10934 5970)
4(10885 5969 10464 4816)
4(10464 5970 10934 4816)
4(10934 5971 10885 4816)
4(117 5972 10888 5974)
4(117 5974 10937 5973)
4(10888 5972 10465 4817)
4(10465 5973 10937 4817)
4(10937 5974 10888 4817)
4(118 5975 10891 5977)
4(118 5977 10940 5976)
4(10891 5975 10466 4818)
4(10466 5976 10940 4818)
4(10940 5977 10891 4818)
4(119 5978 10894 5980)
4(119 5980 10943 5979)
4(10894 5978 10467 4819)
4(10467 5979 10943 4819)
4(10943 5980 10894 4819)
4(120 5981 10897 5983)
4(120 5983 10946 5982)
4(10897 5981 10468 4820)
4(10468 5982 10946 4820)
4(10946 5983 10897 4820)
4(121 5984 10900 5986)
4(121 5986 10949 5985)
4(10900 5984 10469 4821)
4(10469 5985 10949 4821)
4(10949 5986 10900 4821)
4(122 5987 10903 5989)
4(122 5989 10952 5988)
4(10903 5987 10470 4822)
4(10470 5988 10952 4822)
4(10952 5989 10903 4822)
4(123 5990 10906 5992)
4(123 5992 10955 5991)
4(10906 5990 10471 4823)
4(10471 5991 10955 4823)
4(10955 5992 10906 4823)
4(124 5993 10909 5995)
4(124 5995 10958 5994)
4(10909 5993 10472 4824)
4(10472 5994 10958 4824)
4(10958 5995 10909 4824)
4(125 5996 10912 5998)
4(125 5998 10961 5997)
4(10912 5996 10473 4825)
4(10473 5997 10961 4825)
4(10961 5998 10912 4825)
4(126 5999 10915 6001)
4(126 6001 10964 6000)
4(10915 5999 10474 4826)
4(10474 6000 10964 4826)
4(10964 6001 10915 4826)
4(127 6002 10918 6004)
4(127 6004 10967 6003)
4(10918 6002 10475 4827)
4(10475 6003 10967 4827)
4(10967 6004 10918 4827)
4(128 6005 10920 6007)
4(128 6007 10970 6006)
4(10920 6005 10476 4828)
4(10476 6006 10970 4828)
4(10970 6007 10920 4828)
4(129 3150 4738 4721)
4(4738 3150 3991 4718)
4(3991 3151 4740 4718)
4(4740 4721 4738 4718)
4(129 4721 4740 3151)
4(130 3152 4183 3154)
4(4183 3152 3992 2916)
4(3992 3153 4193 2916)
4(4193 3154 4183 2916)
4(130 3154 4193 3153)
4(132 3158 4188 3160)
4(132 3160 4198 3159)
4(4188 3158 3994 2918)
4(3994 3159 4198 2918)
4(4198 3160 4188 2918)
4(133 3161 4191 3163)
4(133 3163 4201 3162)
4(4191 3161 10477 4829)
4(10477 3162 4201 4829)
4(4201 3163 4191 4829)
4(134 6008 10923 3164)
4(134 3164 10975 6009)
4(10923 6008 10478 4830)
4(10478 6009 10975 4830)
4(10975 3164 10923 4830)
4(135 6010 10926 6012)
4(135 6012 10978 6011)
4(10926 6010 10479 4831)
4(10479 6011 10978 4831)
4(10978 6012 10926 4831)
4(136 6013 10929 6015)
4(136 6015 10981 6014)
4(10929 6013 10480 4832)
4(10480 6014 10981 4832)
4(10981 6015 10929 4832)
4(137 6016 10932 6018)
4(137 6018 10984 6017)
4(10932 6016 10481 4833)
4(10481 6017 10984 4833)
4(10984 6018 10932 4833)
4(138 6019 10935 6021)
4(138 6021 10987 6020)
4(10935 6019 10482 4834)
4(10482 6020 10987 4834)
4(10987 6021 10935 4834)
4(139 6022 10938 6024)
4(139 6024 10990 6023)
4(10938 6022 10483 4835)
4(10483 6023 10990 4835)
4(10990 6024 10938 4835)
4(140 6025 10941 6027)
4(140 6027 10993 6026)
4(10941 6025 10484 4836)
4(10484 6026 10993 4836)
4(10993 6027 10941 4836)
4(141 6028 10944 6030)
4(141 6030 10996 6029)
4(10944 6028 10485 4837)
4(10485 6029 10996 4837)
4(10996 6030 10944 4837)
4(142 6031 10947 6033)
4(142 6033 10999 6032)
4(10947 6031 10486 4838)
4(10486 6032 10999 4838)
4(10999 6033 10947 4838)
4(143 6034 10950 6036)
4(143 6036 11002 6035)
4(10950 6034 10487 4839)
4(10487 6035 11002 4839)
4(11002 6036 10950 4839)
4(144 6037 10953 6039)
4(144 6039 11005 6038)
4(10953 6037 10488 4840)
4(10488 6038 11005 4840)
4(11005 6039 10953 4840)
4(145 6040 10956 6042)
4(145 6042 11008 6041)
4(10956 6040 10489 4841)
4(10489 6041 11008 4841)
4(11008 6042 10956 4841)
4(146 6043 10959 6045)
4(146 6045 11011 6044)
4(10959 6043 10490 4842)
4(10490 6044 11011 4842)
4(11011 6045 10959 4842)
4(147 6046 10962 6048)
4(147 6048 11014 6047)
4(10962 6046 10491 4843)
4(10491 6047 11014 4843)
4(11014 6048 10962 4843)
4(148 6049 10965 6051)
4(148 6051 11017 6050)
4(10965 6049 10492 4844)
4(10492 6050 11017 4844)
4(11017 6051 10965 4844)
4(149 6052 10968 6054)
4(149 6054 11020 6053)
4(10968 6052 10493 4845)
4(10493 6053 11020 4845)
4(11020 6054 10968 4845)
4(150 6055 10971 6057)
4(150 6057 11023 6056)
4(10971 6055 10494 4846)
4(10494 6056 11023 4846)
4(11023 6057 10971 4846)
4(151 6058 10973 6060)
4(151 6060 11026 6059)
4(10973 6058 10495 4847)
4(10495 6059 11026 4847)
4(11026 6060 10973 4847)
4(152 3165 4741 4722)
4(152 4722 11029 6061)
4(4741 3165 10496 4848)
4(10496 6061 11029 4848)
4(11029 4722 4741 4848)
4(153 3166 4195 3168)
4(4195 3166 3995 2919)
4(3995 3167 4204 2919)
4(4204 3168 4195 2919)
4(153 3168 4204 3167)
4(154 3171 4205 3170)
4(3996 3170 4205 4527)
4(4205 3171 4197 4527)
4(155 3174 4202 3176)
4(4202 3174 3998 2920)
4(3998 3175 4209 2920)
4(4209 3176 4202 2920)
4(155 3176 4209 3175)
4(156 3178 4211 3177)
4(156 6062 10976 3178)
4(10976 6062 10497 4849)
4(10497 3177 4211 4849)
4(4211 3178 10976 4849)
4(157 6063 10979 6065)
4(157 6065 11034 6064)
4(10979 6063 10498 4850)
4(10498 6064 11034 4850)
4(11034 6065 10979 4850)
4(158 6066 10982 6068)
4(158 6068 11037 6067)
4(10982 6066 10499 4851)
4(10499 6067 11037 4851)
4(11037 6068 10982 4851)
4(159 6069 10985 6071)
4(159 6071 11040 6070)
4(10985 6069 10500 4852)
4(10500 6070 11040 4852)
4(11040 6071 10985 4852)
4(160 6072 10988 6074)
4(160 6074 11043 6073)
4(10988 6072 10501 4853)
4(10501 6073 11043 4853)
4(11043 6074 10988 4853)
4(161 6075 10991 6077)
4(161 6077 11046 6076)
4(10991 6075 10502 4854)
4(10502 6076 11046 4854)
4(11046 6077 10991 4854)
4(162 6078 10994 6080)
4(162 6080 11049 6079)
4(10994 6078 10503 4855)
4(10503 6079 11049 4855)
4(11049 6080 10994 4855)
4(163 6081 10997 6083)
4(163 6083 11052 6082)
4(10997 6081 10504 4856)
4(10504 6082 11052 4856)
4(11052 6083 10997 4856)
4(164 6084 11000 6086)
4(164 6086 11055 6085)
4(11000 6084 10505 4857)
4(10505 6085 11055 4857)
4(11055 6086 11000 4857)
4(165 6087 11003 6089)
4(165 6089 11058 6088)
4(11003 6087 10506 4858)
4(10506 6088 11058 4858)
4(11058 6089 11003 4858)
4(166 6090 11006 6092)
4(166 6092 11061 6091)
4(11006 6090 10507 4859)
4(10507 6091 11061 4859)
4(11061 6092 11006 4859)
4(167 6093 11009 6095)
4(167 6095 11064 6094)
4(11009 6093 10508 4860)
4(10508 6094 11064 4860)
4(11064 6095 11009 4860)
4(168 6096 11012 6098)
4(168 6098 11067 6097)
4(11012 6096 10509 4861)
4(10509 6097 11067 4861)
4(11067 6098 11012 4861)
4(169 6099 11015 6101)
4(169 6101 11070 6100)
4(11015 6099 10510 4862)
4(10510 6100 11070 4862)
4(11070 6101 11015 4862)
4(170 6102 11018 6104)
4(170 6104 11073 6103)
4(11018 6102 10511 4863)
4(10511 6103 11073 4863)
4(11073 6104 11018 4863)
4(171 6105 11021 6107)
4(171 6107 11076 6106)
4(11021 6105 10512 4864)
4(10512 6106 11076 4864)
4(11076 6107 11021 4864)
4(172 6108 11024 6110)
4(172 6110 11079 6109)
4(11024 6108 10513 4865)
4(10513 6109 11079 4865)
4(11079 6110 11024 4865)
4(173 6111 11027 6113)
4(173 6113 11082 6112)
4(11027 6111 10514 4866)
4(10514 6112 11082 4866)
4(11082 6113 11027 4866)
4(174 6114 11030 6116)
4(174 6116 11085 6115)
4(11030 6114 10515 4867)
4(10515 6115 11085 4867)
4(11085 6116 11030 4867)
4(175 6117 11032 6119)
4(175 6119 11088 6118)
4(11032 6117 10516 4868)
4(10516 6118 11088 4868)
4(11088 6119 11032 4868)
4(176 3179 4206 3181)
4(4206 3179 3999 2921)
4(3999 3180 4214 2921)
4(4214 3181 4206 2921)
4(176 3181 4214 3180)
4(177 3184 4215 3183)
4(4000 3183 4215 2922)
4(4215 3184 4208 2922)
4(177 3182 4208 3184)
4(4210 3186 4001 2923)
4(4001 3187 4221 2923)
4(4221 3188 4210 2923)
4(178 3186 4210 3188)
4(179 3189 4212 3191)
4(179 3191 4222 3190)
4(4212 3189 4002 2924)
4(4002 3190 4222 2924)
4(4222 3191 4212 2924)
4(180 3193 4225 3192)
4(180 6120 11035 3193)
4(11035 6120 10517 4869)
4(10517 3192 4225 4869)
4(4225 3193 11035 4869)
4(181 6121 11038 6123)
4(181 6123 11093 6122)
4(11038 6121 10518 4870)
4(10518 6122 11093 4870)
4(11093 6123 11038 4870)
4(182 6124 11041 6126)
4(182 6126 11096 6125)
4(11041 6124 10519 4871)
4(10519 6125 11096 4871)
4(11096 6126 11041 4871)
4(183 6127 11044 6129)
4(183 6129 11099 6128)
4(11044 6127 10520 4872)
4(10520 6128 11099 4872)
4(11099 6129 11044 4872)
4(184 6130 11047 6132)
4(184 6132 11102 6131)
4(11047 6130 10521 4873)
4(10521 6131 11102 4873)
4(11102 6132 11047 4873)
4(185 6133 11050 6135)
4(185 6135 11105 6134)
4(11050 6133 10522 4874)
4(10522 6134 11105 4874)
4(11105 6135 11050 4874)
4(186 6136 11053 6138)
4(186 6138 11108 6137)
4(11053 6136 10523 4875)
4(10523 6137 11108 4875)
4(11108 6138 11053 4875)
4(187 6139 11056 6141)
4(187 6141 11111 6140)
4(11056 6139 10524 4876)
4(10524 6140 11111 4876)
4(11111 6141 11056 4876)
4(188 6142 11059 6144)
4(188 6144 11114 6143)
4(11059 6142 10525 4877)
4(10525 6143 11114 4877)
4(11114 6144 11059 4877)
4(189 6145 11062 6147)
4(189 6147 11117 6146)
4(11062 6145 10526 4878)
4(10526 6146 11117 4878)
4(11117 6147 11062 4878)
4(190 6148 11065 6150)
4(190 6150 11120 6149)
4(11065 6148 10527 4879)
4(10527 6149 11120 4879)
4(11120 6150 11065 4879)
4(191 6151 11068 6153)
4(191 6153 11123 6152)
4(11068 6151 10528 4880)
4(10528 6152 11123 4880)
4(11123 6153 11068 4880)
4(192 6154 11071 6156)
4(192 6156 11126 6155)
4(11071 6154 10529 4881)
4(10529 6155 11126 4881)
4(11126 6156 11071 4881)
4(193 6157 11074 6159)
4(193 6159 11129 6158)
4(11074 6157 10530 4882)
4(10530 6158 11129 4882)
4(11129 6159 11074 4882)
4(194 6160 11077 6162)
4(194 6162 11132 6161)
4(11077 6160 10531 4883)
4(10531 6161 11132 4883)
4(11132 6162 11077 4883)
4(195 6163 11080 6165)
4(195 6165 11135 6164)
4(11080 6163 10532 4884)
4(10532 6164 11135 4884)
4(11135 6165 11080 4884)
4(196 6166 11083 6168)
4(196 6168 11138 6167)
4(11083 6166 10533 4885)
4(10533 6167 11138 4885)
4(11138 6168 11083 4885)
4(197 6169 11086 6171)
4(197 6171 11141 6170)
4(11086 6169 10534 4886)
4(10534 6170 11141 4886)
4(11141 6171 11086 4886)
4(198 6172 11089 6174)
4(198 6174 11144 6173)
4(11089 6172 10535 4887)
4(10535 6173 11144 4887)
4(11144 6174 11089 4887)
4(199 6175 11091 6177)
4(199 6177 11147 6176)
4(11091 6175 10536 4888)
4(10536 6176 11147 4888)
4(11147 6177 11091 4888)
4(200 3194 4216 3196)
4(4216 3194 4003 2925)
4(4003 3195 4228 2925)
4(4228 3196 4216 2925)
4(200 3196 4228 3195)
4(201 3197 4219 3199)
4(201 3199 4229 3198)
4(4219 3197 4004 2926)
4(4004 3198 4229 2926)
4(4229 3199 4219 2926)
4(203 3202 4223 3204)
4(4223 3202 4005 2927)
4(4005 3203 4235 2927)
4(4235 3204 4223 2927)
4(204 3205 4226 3207)
4(204 3207 4236 3206)
4(4226 3205 4006 2928)
4(4006 3206 4236 2928)
4(4236 3207 4226 2928)
4(205 3209 4239 3208)
4(205 6178 11094 3209)
4(11094 6178 10537 4889)
4(10537 3208 4239 4889)
4(4239 3209 11094 4889)
4(206 6179 11097 6181)
4(206 6181 11152 6180)
4(11097 6179 10538 4890)
4(10538 6180 11152 4890)
4(11152 6181 11097 4890)
4(207 6182 11100 6184)
4(207 6184 11155 6183)
4(11100 6182 10539 4891)
4(10539 6183 11155 4891)
4(11155 6184 11100 4891)
4(208 6185 11103 6187)
4(208 6187 11158 6186)
4(11103 6185 10540 4892)
4(10540 6186 11158 4892)
4(11158 6187 11103 4892)
4(209 6188 11106 6190)
4(209 6190 11161 6189)
4(11106 6188 10541 4893)
4(10541 6189 11161 4893)
4(11161 6190 11106 4893)
4(210 6191 11109 6193)
4(210 6193 11164 6192)
4(11109 6191 10542 4894)
4(10542 6192 11164 4894)
4(11164 6193 11109 4894)
4(211 6194 11112 6196)
4(211 6196 11167 6195)
4(11112 6194 10543 4895)
4(10543 6195 11167 4895)
4(11167 6196 11112 4895)
4(212 6197 11115 6199)
4(212 6199 11170 6198)
4(11115 6197 10544 4896)
4(10544 6198 11170 4896)
4(11170 6199 11115 4896)
4(213 6200 11118 6202)
4(213 6202 11173 6201)
4(11118 6200 10545 4897)
4(10545 6201 11173 4897)
4(11173 6202 11118 4897)
4(214 6203 11121 6205)
4(214 6205 11176 6204)
4(11121 6203 10546 4898)
4(10546 6204 11176 4898)
4(11176 6205 11121 4898)
4(215 6206 11124 6208)
4(215 6208 11179 6207)
4(11124 6206 10547 4899)
4(10547 6207 11179 4899)
4(11179 6208 11124 4899)
4(216 6209 11127 6211)
4(216 6211 11182 6210)
4(11127 6209 10548 4900)
4(10548 6210 11182 4900)
4(11182 6211 11127 4900)
4(217 6212 11130 6214)
4(217 6214 11185 6213)
4(11130 6212 10549 4901)
4(10549 6213 11185 4901)
4(11185 6214 11130 4901)
4(218 6215 11133 6217)
4(218 6217 11188 6216)
4(11133 6215 10550 4902)
4(10550 6216 11188 4902)
4(11188 6217 11133 4902)
4(219 6218 11136 6220)
4(219 6220 11191 6219)
4(11136 6218 10551 4903)
4(10551 6219 11191 4903)
4(11191 6220 11136 4903)
4(220 6221 11139 6223)
4(220 6223 11194 6222)
4(11139 6221 10552 4904)
4(10552 6222 11194 4904)
4(11194 6223 11139 4904)
4(221 6224 11142 6226)
4(221 6226 11197 6225)
4(11142 6224 10553 4905)
4(10553 6225 11197 4905)
4(11197 6226 11142 4905)
4(222 6227 11145 6229)
4(222 6229 11200 6228)
4(11145 6227 10554 4906)
4(10554 6228 11200 4906)
4(11200 6229 11145 4906)
4(223 6230 11148 6232)
4(223 6232 11203 6231)
4(11148 6230 10555 4907)
4(10555 6231 11203 4907)
4(11203 6232 11148 4907)
4(224 6233 11150 6235)
4(224 6235 11206 6234)
4(11150 6233 10556 4908)
4(10556 6234 11206 4908)
4(11206 6235 11150 4908)
4(225 3210 4230 3212)
4(4230 3210 4007 2929)
4(4007 3211 4242 2929)
4(4242 3212 4230 2929)
4(225 3212 4242 3211)
4(226 3213 4233 3215)
4(226 3215 4243 3214)
4(4233 3213 4008 2930)
4(4008 3214 4243 2930)
4(4243 3215 4233 2930)
4(228 3218 4237 3220)
4(4237 3218 4009 2931)
4(4009 3219 4249 2931)
4(4249 3220 4237 2931)
4(229 3221 4240 3223)
4(229 3223 4250 3222)
4(4240 3221 4010 2932)
4(4010 3222 4250 2932)
4(4250 3223 4240 2932)
4(230 3225 4253 3224)
4(230 6236 11153 3225)
4(11153 6236 10557 4909)
4(10557 3224 4253 4909)
4(4253 3225 11153 4909)
4(231 6237 11156 6239)
4(231 6239 11211 6238)
4(11156 6237 10558 4910)
4(10558 6238 11211 4910)
4(11211 6239 11156 4910)
4(232 6240 11159 6242)
4(232 6242 11214 6241)
4(11159 6240 10559 4911)
4(10559 6241 11214 4911)
4(11214 6242 11159 4911)
4(233 6243 11162 6245)
4(233 6245 11217 6244)
4(11162 6243 10560 4912)
4(10560 6244 11217 4912)
4(11217 6245 11162 4912)
4(234 6246 11165 6248)
4(234 6248 11220 6247)
4(11165 6246 10561 4913)
4(10561 6247 11220 4913)
4(11220 6248 11165 4913)
4(235 6249 11168 6251)
4(235 6251 11223 6250)
4(11168 6249 10562 4914)
4(10562 6250 11223 4914)
4(11223 6251 11168 4914)
4(236 6252 11171 6254)
4(236 6254 11226 6253)
4(11171 6252 10563 4915)
4(10563 6253 11226 4915)
4(11226 6254 11171 4915)
4(237 6255 11174 6257)
4(237 6257 11229 6256)
4(11174 6255 10564 4916)
4(10564 6256 11229 4916)
4(11229 6257 11174 4916)
4(238 6258 11177 6260)
4(238 6260 11232 6259)
4(11177 6258 10565 4917)
4(10565 6259 11232 4917)
4(11232 6260 11177 4917)
4(239 6261 11180 6263)
4(239 6263 11235 6262)
4(11180 6261 10566 4918)
4(10566 6262 11235 4918)
4(11235 6263 11180 4918)
4(240 6264 11183 6266)
4(240 6266 11238 6265)
4(11183 6264 10567 4919)
4(10567 6265 11238 4919)
4(11238 6266 11183 4919)
4(241 6267 11186 6269)
4(241 6269 11241 6268)
4(11186 6267 10568 4920)
4(10568 6268 11241 4920)
4(11241 6269 11186 4920)
4(242 6270 11189 6272)
4(242 6272 11244 6271)
4(11189 6270 10569 4921)
4(10569 6271 11244 4921)
4(11244 6272 11189 4921)
4(243 6273 11192 6275)
4(243 6275 11247 6274)
4(11192 6273 10570 4922)
4(10570 6274 11247 4922)
4(11247 6275 11192 4922)
4(244 6276 11195 6278)
4(244 6278 11250 6277)
4(11195 6276 10571 4923)
4(10571 6277 11250 4923)
4(11250 6278 11195 4923)
4(245 6279 11198 6281)
4(245 6281 11253 6280)
4(11198 6279 10572 4924)
4(10572 6280 11253 4924)
4(11253 6281 11198 4924)
4(246 6282 11201 6284)
4(246 6284 11256 6283)
4(11201 6282 10573 4925)
4(10573 6283 11256 4925)
4(11256 6284 11201 4925)
4(247 6285 11204 6287)
4(247 6287 11259 6286)
4(11204 6285 10574 4926)
4(10574 6286 11259 4926)
4(11259 6287 11204 4926)
4(248 6288 11207 6290)
4(248 6290 11262 6289)
4(11207 6288 10575 4927)
4(10575 6289 11262 4927)
4(11262 6290 11207 4927)
4(249 6291 11209 6293)
4(249 6293 11265 6292)
4(11209 6291 10576 4928)
4(10576 6292 11265 4928)
4(11265 6293 11209 4928)
4(250 3226 4244 3228)
4(4244 3226 4011 2933)
4(4011 3227 4256 2933)
4(4256 3228 4244 2933)
4(250 3228 4256 3227)
4(251 3229 4247 3231)
4(251 3231 4257 3230)
4(4247 3229 4012 2934)
4(4012 3230 4257 2934)
4(4257 3231 4247 2934)
4(253 3234 4251 3236)
4(4251 3234 4013 2935)
4(4013 3235 4263 2935)
4(4263 3236 4251 2935)
4(254 3237 4254 3239)
4(254 3239 4264 3238)
4(4254 3237 4014 4529)
4(4014 3238 4264 4529)
4(4264 3239 4254 4529)
4(255 3241 4675 3240)
4(255 6294 11212 3241)
4(11212 6294 10577 4929)
4(10577 3240 4675 4929)
4(4675 3241 11212 4929)
4(256 6295 11215 6297)
4(256 6297 11270 6296)
4(11215 6295 10578 4930)
4(10578 6296 11270 4930)
4(11270 6297 11215 4930)
4(257 6298 11218 6300)
4(257 6300 11273 6299)
4(11218 6298 10579 4931)
4(10579 6299 11273 4931)
4(11273 6300 11218 4931)
4(258 6301 11221 6303)
4(258 6303 11276 6302)
4(11221 6301 10580 4932)
4(10580 6302 11276 4932)
4(11276 6303 11221 4932)
4(259 6304 11224 6306)
4(259 6306 11279 6305)
4(11224 6304 10581 4933)
4(10581 6305 11279 4933)
4(11279 6306 11224 4933)
4(260 6307 11227 6309)
4(260 6309 11282 6308)
4(11227 6307 10582 4934)
4(10582 6308 11282 4934)
4(11282 6309 11227 4934)
4(261 6310 11230 6312)
4(261 6312 11285 6311)
4(11230 6310 10583 4935)
4(10583 6311 11285 4935)
4(11285 6312 11230 4935)
4(262 6313 11233 6315)
4(262 6315 11288 6314)
4(11233 6313 10584 4936)
4(10584 6314 11288 4936)
4(11288 6315 11233 4936)
4(263 6316 11236 6318)
4(263 6318 11291 6317)
4(11236 6316 10585 4937)
4(10585 6317 11291 4937)
4(11291 6318 11236 4937)
4(264 6319 11239 6321)
4(264 6321 11294 6320)
4(11239 6319 10586 4938)
4(10586 6320 11294 4938)
4(11294 6321 11239 4938)
4(265 6322 11242 6324)
4(265 6324 11297 6323)
4(11242 6322 10587 4939)
4(10587 6323 11297 4939)
4(11297 6324 11242 4939)
4(266 6325 11245 6327)
4(266 6327 11300 6326)
4(11245 6325 10588 4940)
4(10588 6326 11300 4940)
4(11300 6327 11245 4940)
4(267 6328 11248 6330)
4(267 6330 11303 6329)
4(11248 6328 10589 4941)
4(10589 6329 11303 4941)
4(11303 6330 11248 4941)
4(268 6331 11251 6333)
4(268 6333 11306 6332)
4(11251 6331 10590 4942)
4(10590 6332 11306 4942)
4(11306 6333 11251 4942)
4(269 6334 11254 6336)
4(269 6336 11309 6335)
4(11254 6334 10591 4943)
4(10591 6335 11309 4943)
4(11309 6336 11254 4943)
4(270 6337 11257 6339)
4(270 6339 11312 6338)
4(11257 6337 10592 4944)
4(10592 6338 11312 4944)
4(11312 6339 11257 4944)
4(271 6340 11260 6342)
4(271 6342 11315 6341)
4(11260 6340 10593 4945)
4(10593 6341 11315 4945)
4(11315 6342 11260 4945)
4(272 6343 11263 6345)
4(272 6345 11318 6344)
4(11263 6343 10594 4946)
4(10594 6344 11318 4946)
4(11318 6345 11263 4946)
4(273 6346 11266 6348)
4(273 6348 11321 6347)
4(11266 6346 10595 4947)
4(10595 6347 11321 4947)
4(11321 6348 11266 4947)
4(274 6349 11268 6351)
4(274 6351 11324 6350)
4(11268 6349 10596 4948)
4(10596 6350 11324 4948)
4(11324 6351 11268 4948)
4(275 3242 4258 3244)
4(4258 3242 4015 2936)
4(4015 3243 4267 2936)
4(4267 3244 4258 2936)
4(275 3244 4267 3243)
4(276 3245 4261 3247)
4(276 3247 4268 3246)
4(4261 3245 4016 2937)
4(4016 3246 4268 2937)
4(4268 3247 4261 2937)
4(278 3250 4265 3252)
4(4265 3250 4017 2938)
4(4274 3252 4265 2938)
4(279 3255 4275 3254)
4(279 3253 4676 3255)
4(4676 3253 4018 4949)
4(4018 3254 4275 4949)
4(4275 3255 4676 4949)
4(280 6352 11271 4557)
4(280 4557 11329 3256)
4(11271 6352 10597 4950)
4(10597 3256 11329 4950)
4(11329 4557 11271 4950)
4(281 6353 11274 6355)
4(281 6355 11332 6354)
4(11274 6353 10598 4951)
4(10598 6354 11332 4951)
4(11332 6355 11274 4951)
4(282 6356 11277 6358)
4(282 6358 11335 6357)
4(11277 6356 10599 4952)
4(10599 6357 11335 4952)
4(11335 6358 11277 4952)
4(283 6359 11280 6361)
4(283 6361 11338 6360)
4(11280 6359 10600 4953)
4(10600 6360 11338 4953)
4(11338 6361 11280 4953)
4(284 6362 11283 6364)
4(284 6364 11341 6363)
4(11283 6362 10601 4954)
4(10601 6363 11341 4954)
4(11341 6364 11283 4954)
4(285 6365 11286 6367)
4(285 6367 11344 6366)
4(11286 6365 10602 4955)
4(10602 6366 11344 4955)
4(11344 6367 11286 4955)
4(286 6368 11289 6370)
4(286 6370 11347 6369)
4(11289 6368 10603 4956)
4(10603 6369 11347 4956)
4(11347 6370 11289 4956)
4(287 6371 11292 6373)
4(287 6373 11350 6372)
4(11292 6371 10604 4957)
4(10604 6372 11350 4957)
4(11350 6373 11292 4957)
4(288 6374 11295 6376)
4(288 6376 11353 6375)
4(11295 6374 10605 4958)
4(10605 6375 11353 4958)
4(11353 6376 11295 4958)
4(289 6377 11298 6379)
4(289 6379 11356 6378)
4(11298 6377 10606 4959)
4(10606 6378 11356 4959)
4(11356 6379 11298 4959)
4(290 6380 11301 6382)
4(290 6382 11359 6381)
4(11301 6380 10607 4960)
4(10607 6381 11359 4960)
4(11359 6382 11301 4960)
4(291 6383 11304 6385)
4(291 6385 11362 6384)
4(11304 6383 10608 4961)
4(10608 6384 11362 4961)
4(11362 6385 11304 4961)
4(292 6386 11307 6388)
4(292 6388 11365 6387)
4(11307 6386 10609 4962)
4(10609 6387 11365 4962)
4(11365 6388 11307 4962)
4(293 6389 11310 6391)
4(293 6391 11368 6390)
4(11310 6389 10610 4963)
4(10610 6390 11368 4963)
4(11368 6391 11310 4963)
4(294 6392 11313 6394)
4(294 6394 11371 6393)
4(11313 6392 10611 4964)
4(10611 6393 11371 4964)
4(11371 6394 11313 4964)
4(295 6395 11316 6397)
4(295 6397 11374 6396)
4(11316 6395 10612 4965)
4(10612 6396 11374 4965)
4(11374 6397 11316 4965)
4(296 6398 11319 6400)
4(296 6400 11377 6399)
4(11319 6398 10613 4966)
4(10613 6399 11377 4966)
4(11377 6400 11319 4966)
4(297 6401 11322 6403)
4(297 6403 11380 6402)
4(11322 6401 10614 4967)
4(10614 6402 11380 4967)
4(11380 6403 11322 4967)
4(298 6404 11325 6406)
4(298 6406 11383 6405)
4(11325 6404 10615 4968)
4(10615 6405 11383 4968)
4(11383 6406 11325 4968)
4(299 6407 11327 6409)
4(299 6409 11386 6408)
4(11327 6407 10616 4969)
4(10616 6408 11386 4969)
4(11386 6409 11327 4969)
4(300 3257 4269 3259)
4(4269 3257 4019 2939)
4(4019 3258 4278 2939)
4(4278 3259 4269 2939)
4(300 3259 4278 3258)
4(301 3260 4272 3262)
4(301 3262 4279 3261)
4(4272 3260 4020 2940)
4(4020 3261 4279 2940)
4(4279 3262 4272 2940)
4(303 3268 4285 3267)
4(303 3266 11330 3268)
4(11330 3266 4022 4970)
4(4022 3267 4285 4970)
4(4285 3268 11330 4970)
4(304 6410 11333 6411)
4(304 6411 11391 3269)
4(11333 6410 10617 4971)
4(10617 3269 11391 4971)
4(11391 6411 11333 4971)
4(305 6412 11336 6414)
4(305 6414 11393 6413)
4(11336 6412 10618 4972)
4(10618 6413 11393 4972)
4(11393 6414 11336 4972)
4(306 6415 11339 6417)
4(306 6417 11395 6416)
4(11339 6415 10619 4973)
4(10619 6416 11395 4973)
4(11395 6417 11339 4973)
4(307 6418 11342 6420)
4(307 6420 11398 6419)
4(11342 6418 10620 4974)
4(10620 6419 11398 4974)
4(11398 6420 11342 4974)
4(308 6421 11345 6423)
4(308 6423 11401 6422)
4(11345 6421 10621 4975)
4(10621 6422 11401 4975)
4(11401 6423 11345 4975)
4(309 6424 11348 6426)
4(309 6426 11404 6425)
4(11348 6424 10622 4976)
4(10622 6425 11404 4976)
4(11404 6426 11348 4976)
4(310 6427 11351 6429)
4(310 6429 11407 6428)
4(11351 6427 10623 4977)
4(10623 6428 11407 4977)
4(11407 6429 11351 4977)
4(311 6430 11354 6432)
4(311 6432 11410 6431)
4(11354 6430 10624 4978)
4(10624 6431 11410 4978)
4(11410 6432 11354 4978)
4(312 6433 11357 6435)
4(312 6435 11413 6434)
4(11357 6433 10625 4979)
4(10625 6434 11413 4979)
4(11413 6435 11357 4979)
4(313 6436 11360 6438)
4(313 6438 11416 6437)
4(11360 6436 10626 4980)
4(10626 6437 11416 4980)
4(11416 6438 11360 4980)
4(314 6439 11363 6441)
4(314 6441 11419 6440)
4(11363 6439 10627 4981)
4(10627 6440 11419 4981)
4(11419 6441 11363 4981)
4(315 6442 11366 6444)
4(315 6444 11422 6443)
4(11366 6442 10628 4982)
4(10628 6443 11422 4982)
4(11422 6444 11366 4982)
4(316 6445 11369 6447)
4(316 6447 11425 6446)
4(11369 6445 10629 4983)
4(10629 6446 11425 4983)
4(11425 6447 11369 4983)
4(317 6448 11372 6450)
4(317 6450 11428 6449)
4(11372 6448 10630 4984)
4(10630 6449 11428 4984)
4(11428 6450 11372 4984)
4(318 6451 11375 6453)
4(318 6453 11431 6452)
4(11375 6451 10631 4985)
4(10631 6452 11431 4985)
4(11431 6453 11375 4985)
4(319 6454 11378 6456)
4(319 6456 11434 6455)
4(11378 6454 10632 4986)
4(10632 6455 11434 4986)
4(11434 6456 11378 4986)
4(320 6457 11381 6459)
4(320 6459 11437 6458)
4(11381 6457 10633 4987)
4(10633 6458 11437 4987)
4(11437 6459 11381 4987)
4(321 6460 11384 6462)
4(321 6462 11440 6461)
4(11384 6460 10634 4988)
4(10634 6461 11440 4988)
4(11440 6462 11384 4988)
4(322 6463 11387 6465)
4(322 6465 11443 6464)
4(11387 6463 10635 4989)
4(10635 6464 11443 4989)
4(11443 6465 11387 4989)
4(323 6466 11389 6468)
4(323 6468 11446 6467)
4(11389 6466 10636 4990)
4(10636 6467 11446 4990)
4(11446 6468 11389 4990)
4(324 3270 4280 3272)
4(4280 3270 4023 2942)
4(4023 3271 4290 2942)
4(4290 3272 4280 2942)
4(324 3272 4290 3271)
4(325 3273 4283 3275)
4(325 3275 4292 3274)
4(4024 3274 4292 2943)
4(4292 3275 4283 2943)
4(4288 3277 4025 2944)
4(4025 3278 4297 2944)
4(4297 3279 4288 2944)
4(326 3277 4288 3279)
4(327 3282 4298 3281)
4(4289 3280 4026 2945)
4(4026 3281 4298 2945)
4(4298 3282 4289 2945)
4(327 3280 4289 3282)
4(328 3284 4301 3283)
4(328 6469 11396 3284)
4(11396 6469 10637 4991)
4(10637 3283 4301 4991)
4(4301 3284 11396 4991)
4(329 6470 11399 6472)
4(329 6472 11450 6471)
4(11399 6470 10638 4992)
4(10638 6471 11450 4992)
4(11450 6472 11399 4992)
4(330 6473 11402 6475)
4(330 6475 11453 6474)
4(11402 6473 10639 4993)
4(10639 6474 11453 4993)
4(11453 6475 11402 4993)
4(331 6476 11405 6478)
4(331 6478 11456 6477)
4(11405 6476 10640 4994)
4(10640 6477 11456 4994)
4(11456 6478 11405 4994)
4(332 6479 11408 6481)
4(332 6481 11459 6480)
4(11408 6479 10641 4995)
4(10641 6480 11459 4995)
4(11459 6481 11408 4995)
4(333 6482 11411 6484)
4(333 6484 11462 6483)
4(11411 6482 10642 4996)
4(10642 6483 11462 4996)
4(11462 6484 11411 4996)
4(334 6485 11414 6487)
4(334 6487 11465 6486)
4(11414 6485 10643 4997)
4(10643 6486 11465 4997)
4(11465 6487 11414 4997)
4(335 6488 11417 6490)
4(335 6490 11468 6489)
4(11417 6488 10644 4998)
4(10644 6489 11468 4998)
4(11468 6490 11417 4998)
4(336 6491 11420 6493)
4(336 6493 11471 6492)
4(11420 6491 10645 4999)
4(10645 6492 11471 4999)
4(11471 6493 11420 4999)
4(337 6494 11423 6496)
4(337 6496 11474 6495)
4(11423 6494 10646 5000)
4(10646 6495 11474 5000)
4(11474 6496 11423 5000)
4(338 6497 11426 6499)
4(338 6499 11477 6498)
4(11426 6497 10647 5001)
4(10647 6498 11477 5001)
4(11477 6499 11426 5001)
4(339 6500 11429 6502)
4(339 6502 11480 6501)
4(11429 6500 10648 5002)
4(10648 6501 11480 5002)
4(11480 6502 11429 5002)
4(340 6503 11432 6505)
4(340 6505 11483 6504)
4(11432 6503 10649 5003)
4(10649 6504 11483 5003)
4(11483 6505 11432 5003)
4(341 6506 11435 6508)
4(341 6508 11486 6507)
4(11435 6506 10650 5004)
4(10650 6507 11486 5004)
4(11486 6508 11435 5004)
4(342 6509 11438 6511)
4(342 6511 11489 6510)
4(11438 6509 10651 5005)
4(10651 6510 11489 5005)
4(11489 6511 11438 5005)
4(343 6512 11441 6514)
4(343 6514 11492 6513)
4(11441 6512 10652 5006)
4(10652 6513 11492 5006)
4(11492 6514 11441 5006)
4(344 6515 11444 6517)
4(344 6517 11495 6516)
4(11444 6515 10653 5007)
4(10653 6516 11495 5007)
4(11495 6517 11444 5007)
4(345 6518 11447 6520)
4(345 6520 11498 6519)
4(11447 6518 10654 5008)
4(10654 6519 11498 5008)
4(11498 6520 11447 5008)
4(4291 3285 4027 2946)
4(4027 3286 4304 2946)
4(4304 3287 4291 2946)
4(346 3285 4291 3287)
4(346 3287 4304 3286)
4(347 3288 4293 3290)
4(347 3290 4305 3289)
4(4293 3288 4028 2947)
4(4028 3289 4305 2947)
4(4305 3290 4293 2947)
4(349 3294 4299 3296)
4(4299 3294 4029 2948)
4(4311 3296 4299 2948)
4(350 3297 4302 3299)
4(350 3299 4312 3298)
4(4302 3297 4030 2949)
4(4030 3298 4312 2949)
4(4312 3299 4302 2949)
4(351 3301 4315 3300)
4(351 6521 11451 3301)
4(11451 6521 10655 5009)
4(10655 3300 4315 5009)
4(4315 3301 11451 5009)
4(352 6522 11454 6524)
4(352 6524 11503 6523)
4(11454 6522 10656 5010)
4(10656 6523 11503 5010)
4(11503 6524 11454 5010)
4(353 6525 11457 6527)
4(353 6527 11505 6526)
4(11457 6525 10657 5011)
4(10657 6526 11505 5011)
4(11505 6527 11457 5011)
4(354 6528 11460 6530)
4(354 6530 11508 6529)
4(11460 6528 10658 5012)
4(10658 6529 11508 5012)
4(11508 6530 11460 5012)
4(355 6531 11463 6533)
4(355 6533 11511 6532)
4(11463 6531 10659 5013)
4(10659 6532 11511 5013)
4(11511 6533 11463 5013)
4(356 6534 11466 6536)
4(356 6536 11514 6535)
4(11466 6534 10660 5014)
4(10660 6535 11514 5014)
4(11514 6536 11466 5014)
4(357 6537 11469 6539)
4(357 6539 11517 6538)
4(11469 6537 10661 5015)
4(10661 6538 11517 5015)
4(11517 6539 11469 5015)
4(358 6540 11472 6542)
4(358 6542 11520 6541)
4(11472 6540 10662 5016)
4(10662 6541 11520 5016)
4(11520 6542 11472 5016)
4(359 6543 11475 6545)
4(359 6545 11523 6544)
4(11475 6543 10663 5017)
4(10663 6544 11523 5017)
4(11523 6545 11475 5017)
4(360 6546 11478 6548)
4(360 6548 11526 6547)
4(11478 6546 10664 5018)
4(10664 6547 11526 5018)
4(11526 6548 11478 5018)
4(361 6549 11481 6551)
4(361 6551 11529 6550)
4(11481 6549 10665 5019)
4(10665 6550 11529 5019)
4(11529 6551 11481 5019)
4(362 6552 11484 6554)
4(362 6554 11532 6553)
4(11484 6552 10666 5020)
4(10666 6553 11532 5020)
4(11532 6554 11484 5020)
4(363 6555 11487 6557)
4(363 6557 11535 6556)
4(11487 6555 10667 5021)
4(10667 6556 11535 5021)
4(11535 6557 11487 5021)
4(364 6558 11490 6560)
4(364 6560 11538 6559)
4(11490 6558 10668 5022)
4(10668 6559 11538 5022)
4(11538 6560 11490 5022)
4(365 6561 11493 6563)
4(365 6563 11541 6562)
4(11493 6561 10669 5023)
4(10669 6562 11541 5023)
4(11541 6563 11493 5023)
4(366 6564 11496 6566)
4(366 6566 11544 6565)
4(11496 6564 10670 5024)
4(10670 6565 11544 5024)
4(11544 6566 11496 5024)
4(367 6567 11499 6569)
4(367 6569 11547 6568)
4(11499 6567 10671 5025)
4(10671 6568 11547 5025)
4(11547 6569 11499 5025)
4(368 6570 11501 6572)
4(368 6572 11550 6571)
4(11501 6570 10672 5026)
4(10672 6571 11550 5026)
4(11550 6572 11501 5026)
4(369 3302 4306 3304)
4(4306 3302 4031 2950)
4(4031 3303 4319 2950)
4(4319 3304 4306 2950)
4(369 3304 4319 3303)
4(370 3305 4309 3307)
4(370 3307 4320 3306)
4(4309 3305 4032 2951)
4(4032 3306 4320 2951)
4(4320 3307 4309 2951)
4(372 3311 4316 3313)
4(4316 3311 4033 2952)
4(4033 3312 4326 2952)
4(4326 3313 4316 2952)
4(373 3316 4327 3315)
4(4318 3314 4034 2953)
4(4034 3315 4327 2953)
4(4327 3316 4318 2953)
4(373 3314 4318 3316)
4(374 3318 4330 3317)
4(374 6573 11506 3318)
4(11506 6573 10673 5027)
4(10673 3317 4330 5027)
4(4330 3318 11506 5027)
4(375 6574 11509 6576)
4(375 6576 11554 6575)
4(11509 6574 10674 5028)
4(10674 6575 11554 5028)
4(11554 6576 11509 5028)
4(376 6577 11512 6579)
4(376 6579 11556 6578)
4(11512 6577 10675 5029)
4(10675 6578 11556 5029)
4(11556 6579 11512 5029)
4(377 6580 11515 6582)
4(377 6582 11559 6581)
4(11515 6580 10676 5030)
4(10676 6581 11559 5030)
4(11559 6582 11515 5030)
4(378 6583 11518 6585)
4(378 6585 11562 6584)
4(11518 6583 10677 5031)
4(10677 6584 11562 5031)
4(11562 6585 11518 5031)
4(379 6586 11521 6588)
4(379 6588 11565 6587)
4(11521 6586 10678 5032)
4(10678 6587 11565 5032)
4(11565 6588 11521 5032)
4(380 6589 11524 6591)
4(380 6591 11568 6590)
4(11524 6589 10679 5033)
4(10679 6590 11568 5033)
4(11568 6591 11524 5033)
4(381 6592 11527 6594)
4(381 6594 11571 6593)
4(11527 6592 10680 5034)
4(10680 6593 11571 5034)
4(11571 6594 11527 5034)
4(382 6595 11530 6597)
4(382 6597 11574 6596)
4(11530 6595 10681 5035)
4(10681 6596 11574 5035)
4(11574 6597 11530 5035)
4(383 6598 11533 6600)
4(383 6600 11577 6599)
4(11533 6598 10682 5036)
4(10682 6599 11577 5036)
4(11577 6600 11533 5036)
4(384 6601 11536 6603)
4(384 6603 11580 6602)
4(11536 6601 10683 5037)
4(10683 6602 11580 5037)
4(11580 6603 11536 5037)
4(385 6604 11539 6606)
4(385 6606 11583 6605)
4(11539 6604 10684 5038)
4(10684 6605 11583 5038)
4(11583 6606 11539 5038)
4(386 6607 11542 6609)
4(386 6609 11586 6608)
4(11542 6607 10685 5039)
4(10685 6608 11586 5039)
4(11586 6609 11542 5039)
4(387 6610 11545 6612)
4(387 6612 11589 6611)
4(11545 6610 10686 5040)
4(10686 6611 11589 5040)
4(11589 6612 11545 5040)
4(388 6613 11548 6615)
4(388 6615 11592 6614)
4(11548 6613 10687 5041)
4(10687 6614 11592 5041)
4(11592 6615 11548 5041)
4(389 6616 11551 6618)
4(389 6618 11595 6617)
4(11551 6616 10688 5042)
4(10688 6617 11595 5042)
4(11595 6618 11551 5042)
4(4678 3319 4035 4530)
4(4035 3320 4679 4530)
4(4679 4558 4678 4530)
4(390 3319 4678 4558)
4(390 4558 4679 3320)
4(391 3321 4321 3323)
4(391 3323 4681 3322)
4(4321 3321 4036 4531)
4(4036 3322 4681 4531)
4(4681 3323 4321 4531)
4(394 3329 4331 3331)
4(394 3331 4336 3330)
4(4331 3329 4038 2955)
4(4038 3330 4336 2955)
4(4336 3331 4331 2955)
4(395 3334 4338 3333)
4(4333 3332 4039 2956)
4(4039 3333 4338 2956)
4(4338 3334 4333 2956)
4(395 3332 4333 3334)
4(396 3336 4341 3335)
4(396 6619 11557 3336)
4(11557 6619 10689 5043)
4(10689 3335 4341 5043)
4(4341 3336 11557 5043)
4(397 6620 11560 6622)
4(397 6622 11599 6621)
4(11560 6620 10690 5044)
4(10690 6621 11599 5044)
4(11599 6622 11560 5044)
4(398 6623 11563 6625)
4(398 6625 11601 6624)
4(11563 6623 10691 5045)
4(10691 6624 11601 5045)
4(11601 6625 11563 5045)
4(399 6626 11566 6628)
4(399 6628 11604 6627)
4(11566 6626 10692 5046)
4(10692 6627 11604 5046)
4(11604 6628 11566 5046)
4(400 6629 11569 6631)
4(400 6631 11607 6630)
4(11569 6629 10693 5047)
4(10693 6630 11607 5047)
4(11607 6631 11569 5047)
4(401 6632 11572 6634)
4(401 6634 11610 6633)
4(11572 6632 10694 5048)
4(10694 6633 11610 5048)
4(11610 6634 11572 5048)
4(402 6635 11575 6637)
4(402 6637 11613 6636)
4(11575 6635 10695 5049)
4(10695 6636 11613 5049)
4(11613 6637 11575 5049)
4(403 6638 11578 6640)
4(403 6640 11616 6639)
4(11578 6638 10696 5050)
4(10696 6639 11616 5050)
4(11616 6640 11578 5050)
4(404 6641 11581 6643)
4(404 6643 11619 6642)
4(11581 6641 10697 5051)
4(10697 6642 11619 5051)
4(11619 6643 11581 5051)
4(405 6644 11584 6646)
4(405 6646 11622 6645)
4(11584 6644 10698 5052)
4(10698 6645 11622 5052)
4(11622 6646 11584 5052)
4(406 6647 11587 6649)
4(406 6649 11625 6648)
4(11587 6647 10699 5053)
4(10699 6648 11625 5053)
4(11625 6649 11587 5053)
4(407 6650 11590 6652)
4(407 6652 11628 6651)
4(11590 6650 10700 5054)
4(10700 6651 11628 5054)
4(11628 6652 11590 5054)
4(408 6653 11593 6655)
4(408 6655 11631 6654)
4(11593 6653 10701 5055)
4(10701 6654 11631 5055)
4(11631 6655 11593 5055)
4(409 6656 11596 6658)
4(409 6658 11634 6657)
4(11596 6656 10702 5056)
4(10702 6657 11634 5056)
4(11634 6658 11596 5056)
4(4680 3337 4040 4532)
4(4040 3338 4686 4532)
4(4686 4559 4680 4532)
4(410 3337 4680 4559)
4(410 4559 4686 3338)
4(4334 3339 4041 2957)
4(4041 3340 4344 2957)
4(4344 3341 4334 2957)
4(411 3339 4334 3341)
4(411 3341 4344 3340)
4(412 3344 4346 3343)
4(4346 3344 4335 2958)
4(412 3342 4335 3344)
4(415 3348 4342 3350)
4(415 3350 4350 3349)
4(4342 3348 4044 2960)
4(4044 3349 4350 2960)
4(4350 3350 4342 2960)
4(416 3353 4352 3352)
4(4685 3351 4045 4533)
4(4045 3352 4352 4533)
4(4352 3353 4685 4533)
4(416 3351 4685 3353)
4(417 4560 4689 3354)
4(417 6659 11602 4560)
4(11602 6659 10703 5057)
4(10703 3354 4689 5057)
4(4689 4560 11602 5057)
4(418 6660 11605 6662)
4(418 6662 11638 6661)
4(11605 6660 10704 5058)
4(10704 6661 11638 5058)
4(11638 6662 11605 5058)
4(419 6663 11608 6665)
4(419 6665 11640 6664)
4(11608 6663 10705 5059)
4(10705 6664 11640 5059)
4(11640 6665 11608 5059)
4(420 6666 11611 6668)
4(420 6668 11642 6667)
4(11611 6666 10706 5060)
4(10706 6667 11642 5060)
4(11642 6668 11611 5060)
4(421 6669 11614 6671)
4(421 6671 11645 6670)
4(11614 6669 10707 5061)
4(10707 6670 11645 5061)
4(11645 6671 11614 5061)
4(422 6672 11617 6674)
4(422 6674 11648 6673)
4(11617 6672 10708 5062)
4(10708 6673 11648 5062)
4(11648 6674 11617 5062)
4(423 6675 11620 6677)
4(423 6677 11651 6676)
4(11620 6675 10709 5063)
4(10709 6676 11651 5063)
4(11651 6677 11620 5063)
4(424 6678 11623 6680)
4(424 6680 11654 6679)
4(11623 6678 10710 5064)
4(10710 6679 11654 5064)
4(11654 6680 11623 5064)
4(425 6681 11626 6683)
4(425 6683 11657 6682)
4(11626 6681 10711 5065)
4(10711 6682 11657 5065)
4(11657 6683 11626 5065)
4(426 6684 11629 6686)
4(426 6686 11660 6685)
4(11629 6684 10712 5066)
4(10712 6685 11660 5066)
4(11660 6686 11629 5066)
4(427 6687 11632 6689)
4(427 6689 11663 6688)
4(11632 6687 10713 5067)
4(10713 6688 11663 5067)
4(11663 6689 11632 5067)
4(428 6690 11635 6692)
4(428 6692 11666 6691)
4(11635 6690 10714 5068)
4(10714 6691 11666 5068)
4(11666 6692 11635 5068)
4(4687 3355 4046 4534)
4(4046 3356 4692 4534)
4(4692 4561 4687 4534)
4(429 3355 4687 4561)
4(429 4561 4692 3356)
4(4345 3357 4047 2961)
4(4047 3358 4358 2961)
4(4358 3359 4345 2961)
4(430 3357 4345 3359)
4(430 3359 4358 3358)
4(431 3360 4347 3362)
4(431 3362 4359 3361)
4(4359 3362 4347 2962)
4(434 3368 4363 3367)
4(4355 3366 4050 2964)
4(4050 3367 4363 2964)
4(4363 3368 4355 2964)
4(434 3366 4355 3368)
4(435 3371 4365 3370)
4(4356 3369 4051 2965)
4(4051 3370 4365 2965)
4(4365 3371 4356 2965)
4(435 3369 4356 3371)
4(436 3374 4368 3373)
4(4357 3372 4052 2966)
4(4052 3373 4368 2966)
4(4368 3374 4357 2966)
4(436 3372 4357 3374)
4(437 3376 4371 3375)
4(437 6693 11643 3376)
4(11643 6693 10715 5069)
4(10715 3375 4371 5069)
4(4371 3376 11643 5069)
4(438 6694 11646 6696)
4(438 6696 11669 6695)
4(11646 6694 10716 5070)
4(10716 6695 11669 5070)
4(11669 6696 11646 5070)
4(439 6697 11649 6699)
4(439 6699 11671 6698)
4(11649 6697 10717 5071)
4(10717 6698 11671 5071)
4(11671 6699 11649 5071)
4(440 6700 11652 6702)
4(440 6702 11673 6701)
4(11652 6700 10718 5072)
4(10718 6701 11673 5072)
4(11673 6702 11652 5072)
4(441 6703 11655 6705)
4(441 6705 11675 6704)
4(11655 6703 10719 5073)
4(10719 6704 11675 5073)
4(11675 6705 11655 5073)
4(442 6706 11658 6708)
4(442 6708 11677 6707)
4(11658 6706 10720 5074)
4(10720 6707 11677 5074)
4(11677 6708 11658 5074)
4(443 6709 11661 6711)
4(443 6711 11679 6710)
4(11661 6709 10721 5075)
4(10721 6710 11679 5075)
4(11679 6711 11661 5075)
4(444 6712 11664 6714)
4(444 6714 11681 6713)
4(11664 6712 10722 5076)
4(10722 6713 11681 5076)
4(11681 6714 11664 5076)
4(4691 3377 4053 4535)
4(4053 3378 4701 4535)
4(4701 4562 4691 4535)
4(445 3377 4691 4562)
4(445 4562 4701 3378)
4(446 4563 4702 3380)
4(4693 3379 4054 4536)
4(4054 3380 4702 4536)
4(4702 4563 4693 4536)
4(446 3379 4693 4563)
4(447 3381 4694 4564)
4(447 4564 4704 3382)
4(4694 3381 4055 4537)
4(4055 3382 4704 4537)
4(4704 4564 4694 4537)
4(448 3383 4360 3385)
4(4379 3385 4360 2967)
4(448 3385 4379 3384)
4(451 3389 4369 3391)
4(4369 3389 4057 2968)
4(4382 3391 4369 2968)
4(452 3392 4372 3394)
4(452 3394 4383 3393)
4(4372 3392 4058 2969)
4(4058 3393 4383 2969)
4(4383 3394 4372 2969)
4(453 3397 4386 3396)
4(4696 3395 4059 4538)
4(4059 3396 4386 4538)
4(4386 3397 4696 4538)
4(453 3395 4696 3397)
4(454 4565 4707 3399)
4(4697 3398 4060 4539)
4(4060 3399 4707 4539)
4(4707 4565 4697 4539)
4(454 3398 4697 4565)
4(455 4566 4709 3401)
4(4698 3400 4061 4540)
4(4061 3401 4709 4540)
4(4709 4566 4698 4540)
4(455 3400 4698 4566)
4(4374 3402 4062 2970)
4(4062 3403 4391 2970)
4(4391 3404 4374 2970)
4(456 3404 4391 3403)
4(456 3402 4374 3404)
4(457 3407 4393 3406)
4(4375 3405 4063 2971)
4(4063 3406 4393 2971)
4(4393 3407 4375 2971)
4(457 3405 4375 3407)
4(458 3410 4396 3409)
4(4699 3408 4064 4541)
4(4064 3409 4396 4541)
4(4396 3410 4699 4541)
4(458 3408 4699 3410)
4(459 4567 4712 3412)
4(4700 3411 4065 4542)
4(4065 3412 4712 4542)
4(4712 4567 4700 4542)
4(459 3411 4700 4567)
4(4376 3413 4066 2972)
4(4066 3414 4400 2972)
4(4400 3415 4376 2972)
4(460 3415 4400 3414)
4(460 3413 4376 3415)
4(461 3418 4402 3417)
4(4377 3416 4067 2973)
4(4067 3417 4402 2973)
4(4402 3418 4377 2973)
4(461 3416 4377 3418)
4(462 3421 4405 3420)
4(4378 3419 4068 2974)
4(4068 3420 4405 2974)
4(4405 3421 4378 2974)
4(462 3419 4378 3421)
4(4389 3429 4069 2975)
4(4411 3431 4389 2975)
4(466 3429 4389 3431)
4(467 3434 4412 3433)
4(4390 3432 4070 2976)
4(4412 3434 4390 2976)
4(467 3432 4390 3434)
4(468 3437 4414 3436)
4(4392 3435 4071 2977)
4(4071 3436 4414 2977)
4(4414 3437 4392 2977)
4(468 3435 4392 3437)
4(469 3438 4394 3440)
4(469 3440 4417 3439)
4(4394 3438 4072 2978)
4(4072 3439 4417 2978)
4(4417 3440 4394 2978)
4(470 3441 4397 3443)
4(470 3443 4420 3442)
4(4397 3441 4073 2979)
4(4073 3442 4420 2979)
4(4420 3443 4397 2979)
4(471 3446 4423 3445)
4(4399 3444 4074 2980)
4(4074 3445 4423 2980)
4(4423 3446 4399 2980)
4(471 3444 4399 3446)
4(472 3449 4426 3448)
4(4401 3447 4075 2981)
4(4075 3448 4426 2981)
4(4426 3449 4401 2981)
4(472 3447 4401 3449)
4(473 3450 4403 3452)
4(473 3452 4429 3451)
4(4403 3450 4076 2982)
4(4429 3452 4403 2982)
4(481 3473 4094 3472)
4(481 6715 11696 3473)
4(11685 3472 4094 5079)
4(4094 3473 11696 5079)
4(11696 6715 11685 5079)
4(482 3475 4097 3474)
4(482 6716 11699 3475)
4(11686 3474 4097 5080)
4(4097 3475 11699 5080)
4(11699 6716 11686 5080)
4(483 3477 4100 3476)
4(483 6717 11702 3477)
4(11687 3476 4100 5081)
4(4100 3477 11702 5081)
4(11702 6717 11687 5081)
4(484 3479 4103 3478)
4(484 6718 11705 3479)
4(11688 3478 4103 5082)
4(4103 3479 11705 5082)
4(11705 6718 11688 5082)
4(485 3481 4106 3480)
4(485 6719 11708 3481)
4(4106 3481 11708 5083)
4(11708 6719 11689 5083)
4(486 3487 4119 3486)
4(486 6720 11721 3487)
4(11692 3486 4119 5086)
4(4119 3487 11721 5086)
4(11721 6720 11692 5086)
4(487 3489 4627 3488)
4(487 3488 11694 6721)
4(487 6721 11724 3489)
4(11694 3488 4627 5087)
4(4627 3489 11724 5087)
4(11724 6721 11694 5087)
4(488 4568 4630 3490)
4(488 3490 11697 6722)
4(488 6722 11727 4568)
4(11697 3490 4630 14348)
4(4630 4568 11727 14348)
4(11727 6722 11697 14348)
6(490 4570 503 984 971 6724)
6(502 14396 983 984 503 4575)
6(970 7513 971 984 983 14412)
4(489 4569 4633 3491)
4(490 3491 4633 4570)
4(502 4575 4633 4569)
4(503 4570 4633 4575)
4(489 3491 11700 6723)
4(490 6724 11700 3491)
4(970 6723 11700 7513)
4(971 7513 11700 6724)
4(489 6723 14508 4569)
4(502 4569 14508 14396)
4(970 14412 14508 6723)
4(983 14396 14508 14412)
6(491 4571 504 985 972 6725)
5(503 984 985 504 4576)
5(971 7515 972 985 984)
4(490 4570 4636 3492)
4(491 3492 4636 4571)
4(503 4576 4636 4570)
4(504 4571 4636 4576)
4(490 3492 11703 6724)
4(491 6725 11703 3492)
4(971 6724 11703 7515)
4(972 7515 11703 6725)
6(492 3495 505 986 973 6726)
5(504 985 986 505 4577)
5(972 7517 973 986 985)
4(491 4571 4638 3493)
4(492 3493 4638 3495)
4(504 4577 4638 4571)
4(505 3495 4638 4577)
4(491 3493 11706 6725)
4(492 6726 11706 3493)
4(972 6725 11706 7517)
4(973 7517 11706 6726)
4(493 3497 14511 6727)
6(505 986 987 14397 506 3510)
6(973 7519 974 14413 987 986)
4(492 3495 4123 3494)
4(493 3494 4123 3497)
4(505 3510 4123 3495)
4(506 3497 4123 3510)
4(492 3494 11709 6726)
4(493 6727 11709 3494)
4(973 6726 11709 7519)
4(974 7519 11709 6727)
4(506 14397 14511 3497)
4(974 6727 14511 14413)
4(987 14413 14511 14397)
4(493 3497 4126 3496)
4(493 3496 11712 6727)
4(11712 3496 4126 14349)
4(4126 3497 14511 14349)
4(14511 6727 11712 14349)
4(494 3499 4129 3498)
4(494 3498 11715 6728)
4(11715 3498 4129 5088)
4(4129 3499 11730 5088)
4(11730 6728 11715 5088)
4(494 6728 11730 3499)
4(495 3501 4132 3500)
4(495 6729 11731 3501)
4(11717 3500 4132 5089)
4(4132 3501 11731 5089)
4(11731 6729 11717 5089)
4(496 3503 4135 3502)
4(496 6730 11734 3503)
4(4135 3503 11734 5090)
4(11734 6730 11718 5090)
4(497 3506 4142 3505)
4(11720 3505 4142 5092)
4(4142 3506 11741 5092)
4(11741 6731 11720 5092)
4(498 3508 4641 3507)
4(498 3507 11722 6732)
4(498 6732 11744 3508)
4(11722 3507 4641 14350)
4(4641 3508 11744 14350)
4(11744 6732 11722 14350)
6(500 4723 516 997 981 6734)
6(515 14398 996 997 516 4724)
6(980 7539 981 997 996 14414)
4(499 4572 4733 3509)
4(500 3509 4733 4723)
4(515 4724 4733 4572)
4(516 4723 4733 4724)
4(499 3509 11725 6733)
4(500 6734 11725 3509)
4(980 6733 11725 7539)
4(981 7539 11725 6734)
4(499 6733 14514 4572)
4(515 4572 14514 14398)
4(980 14414 14514 6733)
4(996 14398 14514 14414)
6(501 6735 517 998 982 6736)
5(516 997 998 517 6752)
5(981 7541 982 998 997)
4(500 4723 10725 4573)
4(501 4573 10725 6735)
4(516 6752 10725 4723)
4(517 6735 10725 6752)
4(500 4573 11728 6734)
4(501 6736 11728 4573)
4(981 6734 11728 7541)
4(982 7541 11728 6736)
6(502 6737 518 999 983 14396)
5(517 998 999 518 6754)
5(982 14415 983 999 998)
4(501 6735 10728 4574)
4(502 4574 10728 6737)
4(517 6754 10728 6735)
4(518 6737 10728 6754)
4(501 4574 14509 6736)
4(502 14396 14509 4574)
4(982 6736 14509 14415)
4(983 14415 14509 14396)
5(503 6738 519 1000 984)
5(518 999 1000 519 6756)
4(983 984 1000 999)
4(502 6737 10731 4575)
4(503 4575 10731 6738)
4(518 6756 10731 6737)
4(519 6738 10731 6756)
5(504 6739 520 1001 985)
5(519 1000 1001 520 6758)
4(984 985 1001 1000)
4(503 6738 10734 4576)
4(504 4576 10734 6739)
4(519 6758 10734 6738)
4(520 6739 10734 6758)
5(505 6740 521 1002 986)
5(520 1001 1002 521 6760)
4(985 986 1002 1001)
4(504 6739 10737 4577)
4(505 4577 10737 6740)
4(520 6760 10737 6739)
4(521 6740 10737 6760)
6(506 6741 522 1003 987 14397)
5(521 1002 1003 522 6762)
4(986 987 1003 1002)
4(505 6740 10740 3510)
4(506 3510 10740 6741)
4(521 6762 10740 6740)
4(522 6741 10740 6762)
6(507 6742 523 1004 988 6743)
5(522 1003 1004 523 6764)
5(987 14417 988 1004 1003)
4(506 6741 10743 3511)
4(507 3511 10743 6742)
4(522 6764 10743 6741)
4(523 6742 10743 6764)
4(506 3511 14512 14397)
4(507 6743 14512 3511)
4(987 14397 14512 14417)
4(988 14417 14512 6743)
6(508 3514 524 1005 989 6744)
5(523 1004 1005 524 6766)
5(988 7544 989 1005 1004)
4(507 6742 10745 3512)
4(508 3512 10745 3514)
4(523 6766 10745 6742)
4(524 3514 10745 6766)
4(507 3512 11732 6743)
4(508 6744 11732 3512)
4(988 6743 11732 7544)
4(989 7544 11732 6744)
4(509 3516 14517 6745)
6(524 1005 1006 14399 525 3524)
6(989 7546 990 14419 1006 1005)
4(508 3514 4146 3513)
4(509 3513 4146 3516)
4(524 3524 4146 3514)
4(525 3516 4146 3524)
4(508 3513 11735 6744)
4(509 6745 11735 3513)
4(989 6744 11735 7546)
4(990 7546 11735 6745)
4(525 14399 14517 3516)
4(990 6745 14517 14419)
4(1006 14419 14517 14399)
4(509 3516 4643 3515)
4(509 3515 11738 6745)
4(11738 3515 4643 14351)
4(4643 3516 14517 14351)
4(14517 6745 11738 14351)
4(510 3518 4150 3517)
4(11740 3517 4150 5093)
4(4150 3518 11747 5093)
4(11747 6746 11740 5093)
4(510 6746 11747 3518)
4(512 4578 4648 3520)
4(11742 3520 4648 5096)
4(4648 4578 11753 5096)
4(11753 6748 11742 5096)
6(514 3523 532 1013 995 6750)
6(531 6775 1012 1013 532 3529)
6(994 7558 995 1013 1012 7559)
4(513 3522 4156 3521)
4(514 3521 4156 3523)
4(531 3529 4156 3522)
4(532 3523 4156 3529)
4(513 3521 11745 6749)
4(514 6750 11745 3521)
4(994 6749 11745 7558)
4(995 7558 11745 6750)
4(513 6749 11756 3522)
4(531 3522 11756 6775)
4(994 7559 11756 6749)
4(1012 6775 11756 7559)
6(515 6751 533 1014 996 14398)
5(532 1013 1014 533 6776)
5(995 14420 996 1014 1013)
4(514 3523 10748 4579)
4(515 4579 10748 6751)
4(532 6776 10748 3523)
4(533 6751 10748 6776)
4(514 4579 14515 6750)
4(515 14398 14515 4579)
4(995 6750 14515 14420)
4(996 14420 14515 14398)
5(516 6753 534 1015 997)
5(533 1014 1015 534 6778)
4(996 997 1015 1014)
4(515 6751 10751 4724)
4(516 4724 10751 6753)
4(533 6778 10751 6751)
4(534 6753 10751 6778)
5(517 6755 535 1016 998)
5(534 1015 1016 535 6780)
4(997 998 1016 1015)
4(516 6753 10754 6752)
4(517 6752 10754 6755)
4(534 6780 10754 6753)
4(535 6755 10754 6780)
5(518 6757 536 1017 999)
5(535 1016 1017 536 6782)
4(998 999 1017 1016)
4(517 6755 10757 6754)
4(518 6754 10757 6757)
4(535 6782 10757 6755)
4(536 6757 10757 6782)
5(519 6759 537 1018 1000)
5(536 1017 1018 537 6784)
4(999 1000 1018 1017)
4(518 6757 10760 6756)
4(519 6756 10760 6759)
4(536 6784 10760 6757)
4(537 6759 10760 6784)
5(520 6761 538 1019 1001)
5(537 1018 1019 538 6786)
4(1000 1001 1019 1018)
4(519 6759 10763 6758)
4(520 6758 10763 6761)
4(537 6786 10763 6759)
4(538 6761 10763 6786)
5(521 6763 539 1020 1002)
5(538 1019 1020 539 6788)
4(1001 1002 1020 1019)
4(520 6761 10766 6760)
4(521 6760 10766 6763)
4(538 6788 10766 6761)
4(539 6763 10766 6788)
5(522 6765 540 1021 1003)
5(539 1020 1021 540 6790)
4(1002 1003 1021 1020)
4(521 6763 10769 6762)
4(522 6762 10769 6765)
4(539 6790 10769 6763)
4(540 6765 10769 6790)
5(523 6767 541 1022 1004)
5(540 1021 1022 541 6792)
4(1003 1004 1022 1021)
4(522 6765 10772 6764)
4(523 6764 10772 6767)
4(540 6792 10772 6765)
4(541 6767 10772 6792)
5(524 6768 542 1023 1005)
5(541 1022 1023 542 6794)
4(1004 1005 1023 1022)
4(523 6767 10775 6766)
4(524 6766 10775 6768)
4(541 6794 10775 6767)
4(542 6768 10775 6794)
6(525 6769 543 1024 1006 14399)
5(542 1023 1024 543 6796)
4(1005 1006 1024 1023)
4(524 6768 10778 3524)
4(525 3524 10778 6769)
4(542 6796 10778 6768)
4(543 6769 10778 6796)
6(526 4725 544 1025 1007 6770)
5(543 1024 1025 544 6798)
5(1006 14422 1007 1025 1024)
4(525 6769 10780 4580)
4(526 4580 10780 4725)
4(543 6798 10780 6769)
4(544 4725 10780 6798)
4(525 4580 14518 14399)
4(526 6770 14518 4580)
4(1006 14399 14518 14422)
4(1007 14422 14518 6770)
4(527 3527 11759 6771)
6(544 1025 1026 6801 545 4726)
6(1007 7562 1008 7565 1026 1025)
4(526 4725 4736 3525)
4(527 3525 4736 3527)
4(544 4726 4736 4725)
4(545 3527 4736 4726)
4(526 3525 11749 6770)
4(527 6771 11749 3525)
4(1007 6770 11749 7562)
4(1008 7562 11749 6771)
4(545 6801 11759 3527)
4(1008 6771 11759 7565)
4(1026 7565 11759 6801)
4(527 3527 4160 3526)
4(527 3526 11751 6771)
4(11751 3526 4160 5097)
4(4160 3527 11759 5097)
4(11759 6771 11751 5097)
4(529 4582 4654 4581)
4(11754 4581 4654 5100)
4(4654 4582 11765 5100)
4(11765 6773 11754 5100)
6(531 4585 551 1032 1012 6775)
6(550 6806 1031 1032 551 4590)
6(1011 7572 1012 1032 1031 7573)
4(530 4584 4657 4583)
4(531 4583 4657 4585)
4(550 4590 4657 4584)
4(551 4585 4657 4590)
4(530 4583 11757 6774)
4(531 6775 11757 4583)
4(1011 6774 11757 7572)
4(1012 7572 11757 6775)
4(530 6774 11768 4584)
4(550 4584 11768 6806)
4(1011 7573 11768 6774)
4(1031 6806 11768 7573)
5(532 6777 552 1033 1013)
5(551 1032 1033 552 6807)
4(1012 1013 1033 1032)
4(531 4585 10783 3529)
4(532 3529 10783 6777)
4(551 6807 10783 4585)
4(552 6777 10783 6807)
5(533 6779 553 1034 1014)
5(552 1033 1034 553 6809)
4(1013 1014 1034 1033)
4(532 6777 10786 6776)
4(533 6776 10786 6779)
4(552 6809 10786 6777)
4(553 6779 10786 6809)
5(534 6781 554 1035 1015)
5(553 1034 1035 554 6811)
4(1014 1015 1035 1034)
4(533 6779 10789 6778)
4(534 6778 10789 6781)
4(553 6811 10789 6779)
4(554 6781 10789 6811)
5(535 6783 555 1036 1016)
5(554 1035 1036 555 6813)
4(1015 1016 1036 1035)
4(534 6781 10792 6780)
4(535 6780 10792 6783)
4(554 6813 10792 6781)
4(555 6783 10792 6813)
5(536 6785 556 1037 1017)
5(555 1036 1037 556 6815)
4(1016 1017 1037 1036)
4(535 6783 10795 6782)
4(536 6782 10795 6785)
4(555 6815 10795 6783)
4(556 6785 10795 6815)
5(537 6787 557 1038 1018)
5(556 1037 1038 557 6817)
4(1017 1018 1038 1037)
4(536 6785 10798 6784)
4(537 6784 10798 6787)
4(556 6817 10798 6785)
4(557 6787 10798 6817)
5(538 6789 558 1039 1019)
5(557 1038 1039 558 6819)
4(1018 1019 1039 1038)
4(537 6787 10801 6786)
4(538 6786 10801 6789)
4(557 6819 10801 6787)
4(558 6789 10801 6819)
5(539 6791 559 1040 1020)
5(558 1039 1040 559 6821)
4(1019 1020 1040 1039)
4(538 6789 10804 6788)
4(539 6788 10804 6791)
4(558 6821 10804 6789)
4(559 6791 10804 6821)
5(540 6793 560 1041 1021)
5(559 1040 1041 560 6823)
4(1020 1021 1041 1040)
4(539 6791 10807 6790)
4(540 6790 10807 6793)
4(559 6823 10807 6791)
4(560 6793 10807 6823)
5(541 6795 561 1042 1022)
5(560 1041 1042 561 6825)
4(1021 1022 1042 1041)
4(540 6793 10810 6792)
4(541 6792 10810 6795)
4(560 6825 10810 6793)
4(561 6795 10810 6825)
5(542 6797 562 1043 1023)
5(561 1042 1043 562 6827)
4(1022 1023 1043 1042)
4(541 6795 10813 6794)
4(542 6794 10813 6797)
4(561 6827 10813 6795)
4(562 6797 10813 6827)
5(543 6799 563 1044 1024)
5(562 1043 1044 563 6829)
4(1023 1024 1044 1043)
4(542 6797 10816 6796)
4(543 6796 10816 6799)
4(562 6829 10816 6797)
4(563 6799 10816 6829)
5(544 6800 564 1045 1025)
5(563 1044 1045 564 6831)
4(1024 1025 1045 1044)
4(543 6799 10819 6798)
4(544 6798 10819 6800)
4(563 6831 10819 6799)
4(564 6800 10819 6831)
6(545 4586 565 1046 1026 6801)
5(564 1045 1046 565 6833)
4(1025 1026 1046 1045)
4(544 6800 10821 4726)
4(545 4726 10821 4586)
4(564 6833 10821 6800)
4(565 4586 10821 6833)
4(546 3532 11771 6802)
6(565 1046 1047 6836 566 4592)
6(1026 7576 1027 7579 1047 1046)
4(545 4586 4660 3530)
4(546 3530 4660 3532)
4(565 4592 4660 4586)
4(566 3532 4660 4592)
4(545 3530 11761 6801)
4(546 6802 11761 3530)
4(1026 6801 11761 7576)
4(1027 7576 11761 6802)
4(566 6836 11771 3532)
4(1027 6802 11771 7579)
4(1047 7579 11771 6836)
4(546 3532 4166 3531)
4(546 3531 11763 6802)
4(11763 3531 4166 5101)
4(4166 3532 11771 5101)
4(11771 6802 11763 5101)
4(548 3534 4663 4587)
4(11766 4587 4663 5103)
4(4663 3534 11777 5103)
4(11777 6804 11766 5103)
6(550 4591 571 1052 1031 6806)
6(570 6840 1051 1052 571 4595)
6(1030 7586 1031 1052 1051 7587)
4(549 4589 4666 4588)
4(550 4588 4666 4591)
4(570 4595 4666 4589)
4(571 4591 4666 4595)
4(549 4588 11769 6805)
4(550 6806 11769 4588)
4(1030 6805 11769 7586)
4(1031 7586 11769 6806)
4(549 6805 11779 4589)
4(570 4589 11779 6840)
4(1030 7587 11779 6805)
4(1051 6840 11779 7587)
5(551 6808 572 1053 1032)
5(571 1052 1053 572 6841)
4(1031 1032 1053 1052)
4(550 4591 10824 4590)
4(551 4590 10824 6808)
4(571 6841 10824 4591)
4(572 6808 10824 6841)
5(552 6810 573 1054 1033)
5(572 1053 1054 573 6843)
4(1032 1033 1054 1053)
4(551 6808 10827 6807)
4(552 6807 10827 6810)
4(572 6843 10827 6808)
4(573 6810 10827 6843)
5(553 6812 574 1055 1034)
5(573 1054 1055 574 6845)
4(1033 1034 1055 1054)
4(552 6810 10830 6809)
4(553 6809 10830 6812)
4(573 6845 10830 6810)
4(574 6812 10830 6845)
5(554 6814 575 1056 1035)
5(574 1055 1056 575 6847)
4(1034 1035 1056 1055)
4(553 6812 10833 6811)
4(554 6811 10833 6814)
4(574 6847 10833 6812)
4(575 6814 10833 6847)
5(555 6816 576 1057 1036)
5(575 1056 1057 576 6849)
4(1035 1036 1057 1056)
4(554 6814 10836 6813)
4(555 6813 10836 6816)
4(575 6849 10836 6814)
4(576 6816 10836 6849)
5(556 6818 577 1058 1037)
5(576 1057 1058 577 6851)
4(1036 1037 1058 1057)
4(555 6816 10839 6815)
4(556 6815 10839 6818)
4(576 6851 10839 6816)
4(577 6818 10839 6851)
5(557 6820 578 1059 1038)
5(577 1058 1059 578 6853)
4(1037 1038 1059 1058)
4(556 6818 10842 6817)
4(557 6817 10842 6820)
4(577 6853 10842 6818)
4(578 6820 10842 6853)
5(558 6822 579 1060 1039)
5(578 1059 1060 579 6855)
4(1038 1039 1060 1059)
4(557 6820 10845 6819)
4(558 6819 10845 6822)
4(578 6855 10845 6820)
4(579 6822 10845 6855)
5(559 6824 580 1061 1040)
5(579 1060 1061 580 6857)
4(1039 1040 1061 1060)
4(558 6822 10848 6821)
4(559 6821 10848 6824)
4(579 6857 10848 6822)
4(580 6824 10848 6857)
5(560 6826 581 1062 1041)
5(580 1061 1062 581 6859)
4(1040 1041 1062 1061)
4(559 6824 10851 6823)
4(560 6823 10851 6826)
4(580 6859 10851 6824)
4(581 6826 10851 6859)
5(561 6828 582 1063 1042)
5(581 1062 1063 582 6861)
4(1041 1042 1063 1062)
4(560 6826 10854 6825)
4(561 6825 10854 6828)
4(581 6861 10854 6826)
4(582 6828 10854 6861)
5(562 6830 583 1064 1043)
5(582 1063 1064 583 6863)
4(1042 1043 1064 1063)
4(561 6828 10857 6827)
4(562 6827 10857 6830)
4(582 6863 10857 6828)
4(583 6830 10857 6863)
5(563 6832 584 1065 1044)
5(583 1064 1065 584 6865)
4(1043 1044 1065 1064)
4(562 6830 10860 6829)
4(563 6829 10860 6832)
4(583 6865 10860 6830)
4(584 6832 10860 6865)
5(564 6834 585 1066 1045)
5(584 1065 1066 585 6867)
4(1044 1045 1066 1065)
4(563 6832 10863 6831)
4(564 6831 10863 6834)
4(584 6867 10863 6832)
4(585 6834 10863 6867)
5(565 6835 586 1067 1046)
5(585 1066 1067 586 6869)
4(1045 1046 1067 1066)
4(564 6834 10866 6833)
4(565 6833 10866 6835)
4(585 6869 10866 6834)
4(586 6835 10866 6869)
6(566 4593 587 1068 1047 6836)
5(586 1067 1068 587 6871)
4(1046 1047 1068 1067)
4(565 6835 10868 4592)
4(566 4592 10868 4593)
4(586 6871 10868 6835)
4(587 4593 10868 6871)
4(567 3537 11782 6837)
6(587 1068 1069 6874 588 4597)
6(1047 7590 1048 7593 1069 1068)
4(566 4593 4669 3535)
4(567 3535 4669 3537)
4(587 4597 4669 4593)
4(588 3537 4669 4597)
4(566 3535 11773 6836)
4(567 6837 11773 3535)
4(1047 6836 11773 7590)
4(1048 7590 11773 6837)
4(588 6874 11782 3537)
4(1048 6837 11782 7593)
4(1069 7593 11782 6874)
4(567 3537 4174 3536)
4(567 3536 11775 6837)
4(11775 3536 4174 5104)
4(4174 3537 11782 5104)
4(11782 6837 11775 5104)
4(569 3541 4671 4594)
4(569 4594 11780 6839)
4(569 6839 11788 3541)
4(11780 4594 4671 14352)
4(4671 3541 11788 14352)
4(11788 6839 11780 14352)
5(571 6842 593 1074 1052)
6(592 14400 1073 1074 593 6878)
5(1051 1052 1074 1073 14424)
4(570 4596 10871 4595)
4(571 4595 10871 6842)
4(592 6878 10871 4596)
4(593 6842 10871 6878)
4(570 6840 14520 4596)
4(592 4596 14520 14400)
4(1051 14424 14520 6840)
4(1073 14400 14520 14424)
5(572 6844 594 1075 1053)
5(593 1074 1075 594 6879)
4(1052 1053 1075 1074)
4(571 6842 10874 6841)
4(572 6841 10874 6844)
4(593 6879 10874 6842)
4(594 6844 10874 6879)
5(573 6846 595 1076 1054)
5(594 1075 1076 595 6881)
4(1053 1054 1076 1075)
4(572 6844 10877 6843)
4(573 6843 10877 6846)
4(594 6881 10877 6844)
4(595 6846 10877 6881)
5(574 6848 596 1077 1055)
5(595 1076 1077 596 6883)
4(1054 1055 1077 1076)
4(573 6846 10880 6845)
4(574 6845 10880 6848)
4(595 6883 10880 6846)
4(596 6848 10880 6883)
5(575 6850 597 1078 1056)
5(596 1077 1078 597 6885)
4(1055 1056 1078 1077)
4(574 6848 10883 6847)
4(575 6847 10883 6850)
4(596 6885 10883 6848)
4(597 6850 10883 6885)
5(576 6852 598 1079 1057)
5(597 1078 1079 598 6887)
4(1056 1057 1079 1078)
4(575 6850 10886 6849)
4(576 6849 10886 6852)
4(597 6887 10886 6850)
4(598 6852 10886 6887)
5(577 6854 599 1080 1058)
5(598 1079 1080 599 6889)
4(1057 1058 1080 1079)
4(576 6852 10889 6851)
4(577 6851 10889 6854)
4(598 6889 10889 6852)
4(599 6854 10889 6889)
5(578 6856 600 1081 1059)
5(599 1080 1081 600 6891)
4(1058 1059 1081 1080)
4(577 6854 10892 6853)
4(578 6853 10892 6856)
4(599 6891 10892 6854)
4(600 6856 10892 6891)
5(579 6858 601 1082 1060)
5(600 1081 1082 601 6893)
4(1059 1060 1082 1081)
4(578 6856 10895 6855)
4(579 6855 10895 6858)
4(600 6893 10895 6856)
4(601 6858 10895 6893)
5(580 6860 602 1083 1061)
5(601 1082 1083 602 6895)
4(1060 1061 1083 1082)
4(579 6858 10898 6857)
4(580 6857 10898 6860)
4(601 6895 10898 6858)
4(602 6860 10898 6895)
5(581 6862 603 1084 1062)
5(602 1083 1084 603 6897)
4(1061 1062 1084 1083)
4(580 6860 10901 6859)
4(581 6859 10901 6862)
4(602 6897 10901 6860)
4(603 6862 10901 6897)
5(582 6864 604 1085 1063)
5(603 1084 1085 604 6899)
4(1062 1063 1085 1084)
4(581 6862 10904 6861)
4(582 6861 10904 6864)
4(603 6899 10904 6862)
4(604 6864 10904 6899)
5(583 6866 605 1086 1064)
5(604 1085 1086 605 6901)
4(1063 1064 1086 1085)
4(582 6864 10907 6863)
4(583 6863 10907 6866)
4(604 6901 10907 6864)
4(605 6866 10907 6901)
5(584 6868 606 1087 1065)
5(605 1086 1087 606 6903)
4(1064 1065 1087 1086)
4(583 6866 10910 6865)
4(584 6865 10910 6868)
4(605 6903 10910 6866)
4(606 6868 10910 6903)
5(585 6870 607 1088 1066)
5(606 1087 1088 607 6905)
4(1065 1066 1088 1087)
4(584 6868 10913 6867)
4(585 6867 10913 6870)
4(606 6905 10913 6868)
4(607 6870 10913 6905)
5(586 6872 608 1089 1067)
5(607 1088 1089 608 6907)
4(1066 1067 1089 1088)
4(585 6870 10916 6869)
4(586 6869 10916 6872)
4(607 6907 10916 6870)
4(608 6872 10916 6907)
5(587 6873 609 1090 1068)
5(608 1089 1090 609 6909)
4(1067 1068 1090 1089)
4(586 6872 10919 6871)
4(587 6871 10919 6873)
4(608 6909 10919 6872)
4(609 6873 10919 6909)
4(588 4727 14523 6874)
6(609 1090 1091 14401 610 6911)
5(1068 1069 14425 1091 1090)
4(587 6873 10921 4597)
4(588 4597 10921 4727)
4(609 6911 10921 6873)
4(610 4727 10921 6911)
4(610 14401 14523 4727)
4(1069 6874 14523 14425)
4(1091 14425 14523 14401)
4(588 4727 4739 3542)
4(588 3542 11784 6874)
4(11784 3542 4739 14353)
4(4739 4727 14523 14353)
4(14523 6874 11784 14353)
4(589 3544 4184 3543)
4(4184 3544 11791 5106)
4(11791 6875 11786 5106)
4(589 6875 11791 3544)
4(590 3547 4189 3546)
4(590 3546 11789 6876)
4(11789 3546 4189 5107)
4(4189 3547 11795 5107)
4(11795 6876 11789 5107)
6(592 3550 615 1096 1073 14400)
6(614 6916 1095 1096 615 3557)
6(1072 14426 1073 1096 1095 7612)
4(591 3549 4192 3548)
4(592 3548 4192 3550)
4(614 3557 4192 3549)
4(615 3550 4192 3557)
4(591 6877 11797 3549)
4(614 3549 11797 6916)
4(1072 7612 11797 6877)
4(1095 6916 11797 7612)
4(591 3548 14521 6877)
4(592 14400 14521 3548)
4(1072 6877 14521 14426)
4(1073 14426 14521 14400)
5(593 6880 616 1097 1074)
5(615 1096 1097 616 6917)
4(1073 1074 1097 1096)
4(592 3550 10924 6878)
4(593 6878 10924 6880)
4(615 6917 10924 3550)
4(616 6880 10924 6917)
5(594 6882 617 1098 1075)
5(616 1097 1098 617 6919)
4(1074 1075 1098 1097)
4(593 6880 10927 6879)
4(594 6879 10927 6882)
4(616 6919 10927 6880)
4(617 6882 10927 6919)
5(595 6884 618 1099 1076)
5(617 1098 1099 618 6921)
4(1075 1076 1099 1098)
4(594 6882 10930 6881)
4(595 6881 10930 6884)
4(617 6921 10930 6882)
4(618 6884 10930 6921)
5(596 6886 619 1100 1077)
5(618 1099 1100 619 6923)
4(1076 1077 1100 1099)
4(595 6884 10933 6883)
4(596 6883 10933 6886)
4(618 6923 10933 6884)
4(619 6886 10933 6923)
5(597 6888 620 1101 1078)
5(619 1100 1101 620 6925)
4(1077 1078 1101 1100)
4(596 6886 10936 6885)
4(597 6885 10936 6888)
4(619 6925 10936 6886)
4(620 6888 10936 6925)
5(598 6890 621 1102 1079)
5(620 1101 1102 621 6927)
4(1078 1079 1102 1101)
4(597 6888 10939 6887)
4(598 6887 10939 6890)
4(620 6927 10939 6888)
4(621 6890 10939 6927)
5(599 6892 622 1103 1080)
5(621 1102 1103 622 6929)
4(1079 1080 1103 1102)
4(598 6890 10942 6889)
4(599 6889 10942 6892)
4(621 6929 10942 6890)
4(622 6892 10942 6929)
5(600 6894 623 1104 1081)
5(622 1103 1104 623 6931)
4(1080 1081 1104 1103)
4(599 6892 10945 6891)
4(600 6891 10945 6894)
4(622 6931 10945 6892)
4(623 6894 10945 6931)
5(601 6896 624 1105 1082)
5(623 1104 1105 624 6933)
4(1081 1082 1105 1104)
4(600 6894 10948 6893)
4(601 6893 10948 6896)
4(623 6933 10948 6894)
4(624 6896 10948 6933)
5(602 6898 625 1106 1083)
5(624 1105 1106 625 6935)
4(1082 1083 1106 1105)
4(601 6896 10951 6895)
4(602 6895 10951 6898)
4(624 6935 10951 6896)
4(625 6898 10951 6935)
5(603 6900 626 1107 1084)
5(625 1106 1107 626 6937)
4(1083 1084 1107 1106)
4(602 6898 10954 6897)
4(603 6897 10954 6900)
4(625 6937 10954 6898)
4(626 6900 10954 6937)
5(604 6902 627 1108 1085)
5(626 1107 1108 627 6939)
4(1084 1085 1108 1107)
4(603 6900 10957 6899)
4(604 6899 10957 6902)
4(626 6939 10957 6900)
4(627 6902 10957 6939)
5(605 6904 628 1109 1086)
5(627 1108 1109 628 6941)
4(1085 1086 1109 1108)
4(604 6902 10960 6901)
4(605 6901 10960 6904)
4(627 6941 10960 6902)
4(628 6904 10960 6941)
5(606 6906 629 1110 1087)
5(628 1109 1110 629 6943)
4(1086 1087 1110 1109)
4(605 6904 10963 6903)
4(606 6903 10963 6906)
4(628 6943 10963 6904)
4(629 6906 10963 6943)
5(607 6908 630 1111 1088)
5(629 1110 1111 630 6945)
4(1087 1088 1111 1110)
4(606 6906 10966 6905)
4(607 6905 10966 6908)
4(629 6945 10966 6906)
4(630 6908 10966 6945)
5(608 6910 631 1112 1089)
5(630 1111 1112 631 6947)
4(1088 1089 1112 1111)
4(607 6908 10969 6907)
4(608 6907 10969 6910)
4(630 6947 10969 6908)
4(631 6910 10969 6947)
5(609 6912 632 1113 1090)
5(631 1112 1113 632 6949)
4(1089 1090 1113 1112)
4(608 6910 10972 6909)
4(609 6909 10972 6912)
4(631 6949 10972 6910)
4(632 6912 10972 6949)
6(610 4729 633 1114 1091 14401)
5(632 1113 1114 633 6951)
4(1090 1091 1114 1113)
4(609 6912 10974 6911)
4(610 6911 10974 4729)
4(632 6951 10974 6912)
4(633 4729 10974 6951)
4(611 3552 11800 6913)
6(633 1114 1115 6954 634 4730)
6(1091 14428 1092 7615 1115 1114)
4(610 4729 4742 4728)
4(611 4728 4742 3552)
4(633 4730 4742 4729)
4(634 3552 4742 4730)
4(634 6954 11800 3552)
4(1092 6913 11800 7615)
4(1115 7615 11800 6954)
4(610 4728 14524 14401)
4(611 6913 14524 4728)
4(1091 14401 14524 14428)
4(1092 14428 14524 6913)
4(611 3552 4196 3551)
4(611 3551 11793 6913)
4(11793 3551 4196 5108)
4(4196 3552 11800 5108)
4(11800 6913 11793 5108)
4(613 3556 4203 3555)
4(613 3555 11798 6915)
4(613 6915 11805 3556)
4(11798 3555 4203 5110)
4(4203 3556 11805 5110)
4(11805 6915 11798 5110)
5(615 6918 638 1119 1096)
6(637 6958 1118 1119 638 6957)
5(1095 1096 1119 1118 7623)
4(614 3558 10977 3557)
4(615 3557 10977 6918)
4(637 6957 10977 3558)
4(638 6918 10977 6957)
4(614 6916 11808 3558)
4(637 3558 11808 6958)
4(1095 7623 11808 6916)
4(1118 6958 11808 7623)
5(616 6920 639 1120 1097)
5(638 1119 1120 639 6959)
4(1096 1097 1120 1119)
4(615 6918 10980 6917)
4(616 6917 10980 6920)
4(638 6959 10980 6918)
4(639 6920 10980 6959)
5(617 6922 640 1121 1098)
5(639 1120 1121 640 6961)
4(1097 1098 1121 1120)
4(616 6920 10983 6919)
4(617 6919 10983 6922)
4(639 6961 10983 6920)
4(640 6922 10983 6961)
5(618 6924 641 1122 1099)
5(640 1121 1122 641 6963)
4(1098 1099 1122 1121)
4(617 6922 10986 6921)
4(618 6921 10986 6924)
4(640 6963 10986 6922)
4(641 6924 10986 6963)
5(619 6926 642 1123 1100)
5(641 1122 1123 642 6965)
4(1099 1100 1123 1122)
4(618 6924 10989 6923)
4(619 6923 10989 6926)
4(641 6965 10989 6924)
4(642 6926 10989 6965)
5(620 6928 643 1124 1101)
5(642 1123 1124 643 6967)
4(1100 1101 1124 1123)
4(619 6926 10992 6925)
4(620 6925 10992 6928)
4(642 6967 10992 6926)
4(643 6928 10992 6967)
5(621 6930 644 1125 1102)
5(643 1124 1125 644 6969)
4(1101 1102 1125 1124)
4(620 6928 10995 6927)
4(621 6927 10995 6930)
4(643 6969 10995 6928)
4(644 6930 10995 6969)
5(622 6932 645 1126 1103)
5(644 1125 1126 645 6971)
4(1102 1103 1126 1125)
4(621 6930 10998 6929)
4(622 6929 10998 6932)
4(644 6971 10998 6930)
4(645 6932 10998 6971)
5(623 6934 646 1127 1104)
5(645 1126 1127 646 6973)
4(1103 1104 1127 1126)
4(622 6932 11001 6931)
4(623 6931 11001 6934)
4(645 6973 11001 6932)
4(646 6934 11001 6973)
5(624 6936 647 1128 1105)
5(646 1127 1128 647 6975)
4(1104 1105 1128 1127)
4(623 6934 11004 6933)
4(624 6933 11004 6936)
4(646 6975 11004 6934)
4(647 6936 11004 6975)
5(625 6938 648 1129 1106)
5(647 1128 1129 648 6977)
4(1105 1106 1129 1128)
4(624 6936 11007 6935)
4(625 6935 11007 6938)
4(647 6977 11007 6936)
4(648 6938 11007 6977)
5(626 6940 649 1130 1107)
5(648 1129 1130 649 6979)
4(1106 1107 1130 1129)
4(625 6938 11010 6937)
4(626 6937 11010 6940)
4(648 6979 11010 6938)
4(649 6940 11010 6979)
5(627 6942 650 1131 1108)
5(649 1130 1131 650 6981)
4(1107 1108 1131 1130)
4(626 6940 11013 6939)
4(627 6939 11013 6942)
4(649 6981 11013 6940)
4(650 6942 11013 6981)
5(628 6944 651 1132 1109)
5(650 1131 1132 651 6983)
4(1108 1109 1132 1131)
4(627 6942 11016 6941)
4(628 6941 11016 6944)
4(650 6983 11016 6942)
4(651 6944 11016 6983)
5(629 6946 652 1133 1110)
5(651 1132 1133 652 6985)
4(1109 1110 1133 1132)
4(628 6944 11019 6943)
4(629 6943 11019 6946)
4(651 6985 11019 6944)
4(652 6946 11019 6985)
5(630 6948 653 1134 1111)
5(652 1133 1134 653 6987)
4(1110 1111 1134 1133)
4(629 6946 11022 6945)
4(630 6945 11022 6948)
4(652 6987 11022 6946)
4(653 6948 11022 6987)
5(631 6950 654 1135 1112)
5(653 1134 1135 654 6989)
4(1111 1112 1135 1134)
4(630 6948 11025 6947)
4(631 6947 11025 6950)
4(653 6989 11025 6948)
4(654 6950 11025 6989)
5(632 6952 655 1136 1113)
5(654 1135 1136 655 6991)
4(1112 1113 1136 1135)
4(631 6950 11028 6949)
4(632 6949 11028 6952)
4(654 6991 11028 6950)
4(655 6952 11028 6991)
5(633 6953 656 1137 1114)
5(655 1136 1137 656 6993)
4(1113 1114 1137 1136)
4(632 6952 11031 6951)
4(633 6951 11031 6953)
4(655 6993 11031 6952)
4(656 6953 11031 6993)
4(634 3560 11811 6954)
6(656 1137 1138 6997 657 6995)
5(1114 1115 7626 1138 1137)
4(633 6953 11033 4730)
4(634 4730 11033 3560)
4(656 6995 11033 6953)
4(657 3560 11033 6995)
4(657 6997 11811 3560)
4(1115 6954 11811 7626)
4(1138 7626 11811 6997)
4(634 3560 4207 3559)
4(634 3559 11802 6954)
4(11802 3559 4207 5111)
4(4207 3560 11811 5111)
4(11811 6954 11802 5111)
4(635 3562 4672 3561)
4(635 6955 11812 3562)
4(4672 3562 11812 5112)
4(11812 6955 11804 5112)
4(636 3565 4213 3564)
4(636 3564 11809 6956)
4(636 6956 11818 3565)
4(11809 3564 4213 14354)
4(4213 3565 11818 14354)
4(11818 6956 11809 14354)
5(638 6960 662 1143 1119)
6(661 14402 1142 1143 662 7001)
5(1118 1119 1143 1142 14430)
4(637 3566 11036 6957)
4(638 6957 11036 6960)
4(661 7001 11036 3566)
4(662 6960 11036 7001)
4(637 6958 14526 3566)
4(661 3566 14526 14402)
4(1118 14430 14526 6958)
4(1142 14402 14526 14430)
5(639 6962 663 1144 1120)
5(662 1143 1144 663 7002)
4(1119 1120 1144 1143)
4(638 6960 11039 6959)
4(639 6959 11039 6962)
4(662 7002 11039 6960)
4(663 6962 11039 7002)
5(640 6964 664 1145 1121)
5(663 1144 1145 664 7004)
4(1120 1121 1145 1144)
4(639 6962 11042 6961)
4(640 6961 11042 6964)
4(663 7004 11042 6962)
4(664 6964 11042 7004)
5(641 6966 665 1146 1122)
5(664 1145 1146 665 7006)
4(1121 1122 1146 1145)
4(640 6964 11045 6963)
4(641 6963 11045 6966)
4(664 7006 11045 6964)
4(665 6966 11045 7006)
5(642 6968 666 1147 1123)
5(665 1146 1147 666 7008)
4(1122 1123 1147 1146)
4(641 6966 11048 6965)
4(642 6965 11048 6968)
4(665 7008 11048 6966)
4(666 6968 11048 7008)
5(643 6970 667 1148 1124)
5(666 1147 1148 667 7010)
4(1123 1124 1148 1147)
4(642 6968 11051 6967)
4(643 6967 11051 6970)
4(666 7010 11051 6968)
4(667 6970 11051 7010)
5(644 6972 668 1149 1125)
5(667 1148 1149 668 7012)
4(1124 1125 1149 1148)
4(643 6970 11054 6969)
4(644 6969 11054 6972)
4(667 7012 11054 6970)
4(668 6972 11054 7012)
5(645 6974 669 1150 1126)
5(668 1149 1150 669 7014)
4(1125 1126 1150 1149)
4(644 6972 11057 6971)
4(645 6971 11057 6974)
4(668 7014 11057 6972)
4(669 6974 11057 7014)
5(646 6976 670 1151 1127)
5(669 1150 1151 670 7016)
4(1126 1127 1151 1150)
4(645 6974 11060 6973)
4(646 6973 11060 6976)
4(669 7016 11060 6974)
4(670 6976 11060 7016)
5(647 6978 671 1152 1128)
5(670 1151 1152 671 7018)
4(1127 1128 1152 1151)
4(646 6976 11063 6975)
4(647 6975 11063 6978)
4(670 7018 11063 6976)
4(671 6978 11063 7018)
5(648 6980 672 1153 1129)
5(671 1152 1153 672 7020)
4(1128 1129 1153 1152)
4(647 6978 11066 6977)
4(648 6977 11066 6980)
4(671 7020 11066 6978)
4(672 6980 11066 7020)
5(649 6982 673 1154 1130)
5(672 1153 1154 673 7022)
4(1129 1130 1154 1153)
4(648 6980 11069 6979)
4(649 6979 11069 6982)
4(672 7022 11069 6980)
4(673 6982 11069 7022)
5(650 6984 674 1155 1131)
5(673 1154 1155 674 7024)
4(1130 1131 1155 1154)
4(649 6982 11072 6981)
4(650 6981 11072 6984)
4(673 7024 11072 6982)
4(674 6984 11072 7024)
5(651 6986 675 1156 1132)
5(674 1155 1156 675 7026)
4(1131 1132 1156 1155)
4(650 6984 11075 6983)
4(651 6983 11075 6986)
4(674 7026 11075 6984)
4(675 6986 11075 7026)
5(652 6988 676 1157 1133)
5(675 1156 1157 676 7028)
4(1132 1133 1157 1156)
4(651 6986 11078 6985)
4(652 6985 11078 6988)
4(675 7028 11078 6986)
4(676 6988 11078 7028)
5(653 6990 677 1158 1134)
5(676 1157 1158 677 7030)
4(1133 1134 1158 1157)
4(652 6988 11081 6987)
4(653 6987 11081 6990)
4(676 7030 11081 6988)
4(677 6990 11081 7030)
5(654 6992 678 1159 1135)
5(677 1158 1159 678 7032)
4(1134 1135 1159 1158)
4(653 6990 11084 6989)
4(654 6989 11084 6992)
4(677 7032 11084 6990)
4(678 6992 11084 7032)
5(655 6994 679 1160 1136)
5(678 1159 1160 679 7034)
4(1135 1136 1160 1159)
4(654 6992 11087 6991)
4(655 6991 11087 6994)
4(678 7034 11087 6992)
4(679 6994 11087 7034)
5(656 6996 680 1161 1137)
5(679 1160 1161 680 7036)
4(1136 1137 1161 1160)
4(655 6994 11090 6993)
4(656 6993 11090 6996)
4(679 7036 11090 6994)
4(680 6996 11090 7036)
4(657 3568 14529 6997)
6(680 1161 1162 14403 681 7038)
5(1137 1138 14431 1162 1161)
4(656 6996 11092 6995)
4(657 6995 11092 3568)
4(680 7038 11092 6996)
4(681 3568 11092 7038)
4(681 14403 14529 3568)
4(1138 6997 14529 14431)
4(1162 14431 14529 14403)
4(657 3568 4217 3567)
4(657 3567 11813 6997)
4(11813 3567 4217 14355)
4(4217 3568 14529 14355)
4(14529 6997 11813 14355)
4(658 3570 4220 3569)
4(658 3569 11815 6998)
4(4220 3570 11821 5114)
4(11821 6998 11815 5114)
4(658 6998 11821 3570)
4(659 3573 4224 3572)
4(659 3572 11819 6999)
4(11819 3572 4224 5115)
4(4224 3573 11825 5115)
4(11825 6999 11819 5115)
6(661 3576 686 1167 1142 14402)
6(685 7043 1166 1167 686 3584)
6(1141 14432 1142 1167 1166 7646)
4(660 3575 4227 3574)
4(661 3574 4227 3576)
4(685 3584 4227 3575)
4(686 3576 4227 3584)
4(660 7000 11826 3575)
4(685 3575 11826 7043)
4(1141 7646 11826 7000)
4(1166 7043 11826 7646)
4(660 3574 14527 7000)
4(661 14402 14527 3574)
4(1141 7000 14527 14432)
4(1142 14432 14527 14402)
5(662 7003 687 1168 1143)
5(686 1167 1168 687 7044)
4(1142 1143 1168 1167)
4(661 3576 11095 7001)
4(662 7001 11095 7003)
4(686 7044 11095 3576)
4(687 7003 11095 7044)
5(663 7005 688 1169 1144)
5(687 1168 1169 688 7045)
4(1143 1144 1169 1168)
4(662 7003 11098 7002)
4(663 7002 11098 7005)
4(687 7045 11098 7003)
4(688 7005 11098 7045)
5(664 7007 689 1170 1145)
5(688 1169 1170 689 7047)
4(1144 1145 1170 1169)
4(663 7005 11101 7004)
4(664 7004 11101 7007)
4(688 7047 11101 7005)
4(689 7007 11101 7047)
5(665 7009 690 1171 1146)
5(689 1170 1171 690 7049)
4(1145 1146 1171 1170)
4(664 7007 11104 7006)
4(665 7006 11104 7009)
4(689 7049 11104 7007)
4(690 7009 11104 7049)
5(666 7011 691 1172 1147)
5(690 1171 1172 691 7051)
4(1146 1147 1172 1171)
4(665 7009 11107 7008)
4(666 7008 11107 7011)
4(690 7051 11107 7009)
4(691 7011 11107 7051)
5(667 7013 692 1173 1148)
5(691 1172 1173 692 7053)
4(1147 1148 1173 1172)
4(666 7011 11110 7010)
4(667 7010 11110 7013)
4(691 7053 11110 7011)
4(692 7013 11110 7053)
5(668 7015 693 1174 1149)
5(692 1173 1174 693 7055)
4(1148 1149 1174 1173)
4(667 7013 11113 7012)
4(668 7012 11113 7015)
4(692 7055 11113 7013)
4(693 7015 11113 7055)
5(669 7017 694 1175 1150)
5(693 1174 1175 694 7057)
4(1149 1150 1175 1174)
4(668 7015 11116 7014)
4(669 7014 11116 7017)
4(693 7057 11116 7015)
4(694 7017 11116 7057)
5(670 7019 695 1176 1151)
5(694 1175 1176 695 7059)
4(1150 1151 1176 1175)
4(669 7017 11119 7016)
4(670 7016 11119 7019)
4(694 7059 11119 7017)
4(695 7019 11119 7059)
5(671 7021 696 1177 1152)
5(695 1176 1177 696 7061)
4(1151 1152 1177 1176)
4(670 7019 11122 7018)
4(671 7018 11122 7021)
4(695 7061 11122 7019)
4(696 7021 11122 7061)
5(672 7023 697 1178 1153)
5(696 1177 1178 697 7063)
4(1152 1153 1178 1177)
4(671 7021 11125 7020)
4(672 7020 11125 7023)
4(696 7063 11125 7021)
4(697 7023 11125 7063)
5(673 7025 698 1179 1154)
5(697 1178 1179 698 7065)
4(1153 1154 1179 1178)
4(672 7023 11128 7022)
4(673 7022 11128 7025)
4(697 7065 11128 7023)
4(698 7025 11128 7065)
5(674 7027 699 1180 1155)
5(698 1179 1180 699 7067)
4(1154 1155 1180 1179)
4(673 7025 11131 7024)
4(674 7024 11131 7027)
4(698 7067 11131 7025)
4(699 7027 11131 7067)
5(675 7029 700 1181 1156)
5(699 1180 1181 700 7069)
4(1155 1156 1181 1180)
4(674 7027 11134 7026)
4(675 7026 11134 7029)
4(699 7069 11134 7027)
4(700 7029 11134 7069)
5(676 7031 701 1182 1157)
5(700 1181 1182 701 7071)
4(1156 1157 1182 1181)
4(675 7029 11137 7028)
4(676 7028 11137 7031)
4(700 7071 11137 7029)
4(701 7031 11137 7071)
5(677 7033 702 1183 1158)
5(701 1182 1183 702 7073)
4(1157 1158 1183 1182)
4(676 7031 11140 7030)
4(677 7030 11140 7033)
4(701 7073 11140 7031)
4(702 7033 11140 7073)
5(678 7035 703 1184 1159)
5(702 1183 1184 703 7075)
4(1158 1159 1184 1183)
4(677 7033 11143 7032)
4(678 7032 11143 7035)
4(702 7075 11143 7033)
4(703 7035 11143 7075)
5(679 7037 704 1185 1160)
5(703 1184 1185 704 7077)
4(1159 1160 1185 1184)
4(678 7035 11146 7034)
4(679 7034 11146 7037)
4(703 7077 11146 7035)
4(704 7037 11146 7077)
5(680 7039 705 1186 1161)
5(704 1185 1186 705 7079)
4(1160 1161 1186 1185)
4(679 7037 11149 7036)
4(680 7036 11149 7039)
4(704 7079 11149 7037)
4(705 7039 11149 7079)
6(681 3578 706 1187 1162 14403)
5(705 1186 1187 706 7081)
4(1161 1162 1187 1186)
4(680 7039 11151 7038)
4(681 7038 11151 3578)
4(705 7081 11151 7039)
4(706 3578 11151 7081)
4(682 3580 11829 7040)
6(706 1187 1188 7083 707 3587)
6(1162 14434 1163 7649 1188 1187)
4(681 3578 4231 3577)
4(682 3577 4231 3580)
4(706 3587 4231 3578)
4(707 3580 4231 3587)
4(707 7083 11829 3580)
4(1163 7040 11829 7649)
4(1188 7649 11829 7083)
4(681 3577 14530 14403)
4(682 7040 14530 3577)
4(1162 14403 14530 14434)
4(1163 14434 14530 7040)
4(682 3580 4234 3579)
4(682 3579 11823 7040)
4(11823 3579 4234 5116)
4(4234 3580 11829 5116)
4(11829 7040 11823 5116)
4(684 3583 4238 3582)
4(684 3582 11827 7042)
4(11827 3582 4238 5117)
4(4238 3583 11833 5117)
4(11833 7042 11827 5117)
5(686 3586 711 1192 1167)
6(710 7086 1191 1192 711 3594)
5(1166 1167 1192 1191 7656)
4(685 3585 4241 3584)
4(686 3584 4241 3586)
4(710 3594 4241 3585)
4(711 3586 4241 3594)
4(685 7043 11834 3585)
4(710 3585 11834 7086)
4(1166 7656 11834 7043)
4(1191 7086 11834 7656)
5(687 7046 712 1193 1168)
5(711 1192 1193 712 7087)
4(1167 1168 1193 1192)
4(686 3586 11154 7044)
4(687 7044 11154 7046)
4(711 7087 11154 3586)
4(712 7046 11154 7087)
5(688 7048 713 1194 1169)
5(712 1193 1194 713 7088)
4(1168 1169 1194 1193)
4(687 7046 11157 7045)
4(688 7045 11157 7048)
4(712 7088 11157 7046)
4(713 7048 11157 7088)
5(689 7050 714 1195 1170)
5(713 1194 1195 714 7090)
4(1169 1170 1195 1194)
4(688 7048 11160 7047)
4(689 7047 11160 7050)
4(713 7090 11160 7048)
4(714 7050 11160 7090)
5(690 7052 715 1196 1171)
5(714 1195 1196 715 7092)
4(1170 1171 1196 1195)
4(689 7050 11163 7049)
4(690 7049 11163 7052)
4(714 7092 11163 7050)
4(715 7052 11163 7092)
5(691 7054 716 1197 1172)
5(715 1196 1197 716 7094)
4(1171 1172 1197 1196)
4(690 7052 11166 7051)
4(691 7051 11166 7054)
4(715 7094 11166 7052)
4(716 7054 11166 7094)
5(692 7056 717 1198 1173)
5(716 1197 1198 717 7096)
4(1172 1173 1198 1197)
4(691 7054 11169 7053)
4(692 7053 11169 7056)
4(716 7096 11169 7054)
4(717 7056 11169 7096)
5(693 7058 718 1199 1174)
5(717 1198 1199 718 7098)
4(1173 1174 1199 1198)
4(692 7056 11172 7055)
4(693 7055 11172 7058)
4(717 7098 11172 7056)
4(718 7058 11172 7098)
5(694 7060 719 1200 1175)
5(718 1199 1200 719 7100)
4(1174 1175 1200 1199)
4(693 7058 11175 7057)
4(694 7057 11175 7060)
4(718 7100 11175 7058)
4(719 7060 11175 7100)
5(695 7062 720 1201 1176)
5(719 1200 1201 720 7102)
4(1175 1176 1201 1200)
4(694 7060 11178 7059)
4(695 7059 11178 7062)
4(719 7102 11178 7060)
4(720 7062 11178 7102)
5(696 7064 721 1202 1177)
5(720 1201 1202 721 7104)
4(1176 1177 1202 1201)
4(695 7062 11181 7061)
4(696 7061 11181 7064)
4(720 7104 11181 7062)
4(721 7064 11181 7104)
5(697 7066 722 1203 1178)
5(721 1202 1203 722 7106)
4(1177 1178 1203 1202)
4(696 7064 11184 7063)
4(697 7063 11184 7066)
4(721 7106 11184 7064)
4(722 7066 11184 7106)
5(698 7068 723 1204 1179)
5(722 1203 1204 723 7108)
4(1178 1179 1204 1203)
4(697 7066 11187 7065)
4(698 7065 11187 7068)
4(722 7108 11187 7066)
4(723 7068 11187 7108)
5(699 7070 724 1205 1180)
5(723 1204 1205 724 7110)
4(1179 1180 1205 1204)
4(698 7068 11190 7067)
4(699 7067 11190 7070)
4(723 7110 11190 7068)
4(724 7070 11190 7110)
5(700 7072 725 1206 1181)
5(724 1205 1206 725 7112)
4(1180 1181 1206 1205)
4(699 7070 11193 7069)
4(700 7069 11193 7072)
4(724 7112 11193 7070)
4(725 7072 11193 7112)
5(701 7074 726 1207 1182)
5(725 1206 1207 726 7114)
4(1181 1182 1207 1206)
4(700 7072 11196 7071)
4(701 7071 11196 7074)
4(725 7114 11196 7072)
4(726 7074 11196 7114)
5(702 7076 727 1208 1183)
5(726 1207 1208 727 7116)
4(1182 1183 1208 1207)
4(701 7074 11199 7073)
4(702 7073 11199 7076)
4(726 7116 11199 7074)
4(727 7076 11199 7116)
5(703 7078 728 1209 1184)
5(727 1208 1209 728 7118)
4(1183 1184 1209 1208)
4(702 7076 11202 7075)
4(703 7075 11202 7078)
4(727 7118 11202 7076)
4(728 7078 11202 7118)
5(704 7080 729 1210 1185)
5(728 1209 1210 729 7120)
4(1184 1185 1210 1209)
4(703 7078 11205 7077)
4(704 7077 11205 7080)
4(728 7120 11205 7078)
4(729 7080 11205 7120)
5(705 7082 730 1211 1186)
5(729 1210 1211 730 7122)
4(1185 1186 1211 1210)
4(704 7080 11208 7079)
4(705 7079 11208 7082)
4(729 7122 11208 7080)
4(730 7082 11208 7122)
5(706 3588 731 1212 1187)
5(730 1211 1212 731 7124)
4(1186 1187 1212 1211)
4(705 7082 11210 7081)
4(706 7081 11210 3588)
4(730 7124 11210 7082)
4(731 3588 11210 7124)
4(707 3590 11837 7083)
6(731 1212 1213 7126 732 3597)
5(1187 1188 7659 1213 1212)
4(706 3588 4245 3587)
4(707 3587 4245 3590)
4(731 3597 4245 3588)
4(732 3590 4245 3597)
4(732 7126 11837 3590)
4(1188 7083 11837 7659)
4(1213 7659 11837 7126)
4(707 3590 4248 3589)
4(707 3589 11831 7083)
4(11831 3589 4248 5118)
4(4248 3590 11837 5118)
4(11837 7083 11831 5118)
4(709 3593 4252 3592)
4(709 3592 11835 7085)
4(11835 3592 4252 5119)
4(4252 3593 11841 5119)
4(11841 7085 11835 5119)
5(711 3596 736 1217 1192)
6(735 7129 1216 1217 736 3604)
5(1191 1192 1217 1216 7666)
4(710 3595 4255 3594)
4(711 3594 4255 3596)
4(735 3604 4255 3595)
4(736 3596 4255 3604)
4(710 7086 11842 3595)
4(735 3595 11842 7129)
4(1191 7666 11842 7086)
4(1216 7129 11842 7666)
5(712 7089 737 1218 1193)
5(736 1217 1218 737 7130)
4(1192 1193 1218 1217)
4(711 3596 11213 7087)
4(712 7087 11213 7089)
4(736 7130 11213 3596)
4(737 7089 11213 7130)
5(713 7091 738 1219 1194)
5(737 1218 1219 738 7131)
4(1193 1194 1219 1218)
4(712 7089 11216 7088)
4(713 7088 11216 7091)
4(737 7131 11216 7089)
4(738 7091 11216 7131)
5(714 7093 739 1220 1195)
5(738 1219 1220 739 7133)
4(1194 1195 1220 1219)
4(713 7091 11219 7090)
4(714 7090 11219 7093)
4(738 7133 11219 7091)
4(739 7093 11219 7133)
5(715 7095 740 1221 1196)
5(739 1220 1221 740 7135)
4(1195 1196 1221 1220)
4(714 7093 11222 7092)
4(715 7092 11222 7095)
4(739 7135 11222 7093)
4(740 7095 11222 7135)
5(716 7097 741 1222 1197)
5(740 1221 1222 741 7137)
4(1196 1197 1222 1221)
4(715 7095 11225 7094)
4(716 7094 11225 7097)
4(740 7137 11225 7095)
4(741 7097 11225 7137)
5(717 7099 742 1223 1198)
5(741 1222 1223 742 7139)
4(1197 1198 1223 1222)
4(716 7097 11228 7096)
4(717 7096 11228 7099)
4(741 7139 11228 7097)
4(742 7099 11228 7139)
5(718 7101 743 1224 1199)
5(742 1223 1224 743 7141)
4(1198 1199 1224 1223)
4(717 7099 11231 7098)
4(718 7098 11231 7101)
4(742 7141 11231 7099)
4(743 7101 11231 7141)
5(719 7103 744 1225 1200)
5(743 1224 1225 744 7143)
4(1199 1200 1225 1224)
4(718 7101 11234 7100)
4(719 7100 11234 7103)
4(743 7143 11234 7101)
4(744 7103 11234 7143)
5(720 7105 745 1226 1201)
5(744 1225 1226 745 7145)
4(1200 1201 1226 1225)
4(719 7103 11237 7102)
4(720 7102 11237 7105)
4(744 7145 11237 7103)
4(745 7105 11237 7145)
5(721 7107 746 1227 1202)
5(745 1226 1227 746 7147)
4(1201 1202 1227 1226)
4(720 7105 11240 7104)
4(721 7104 11240 7107)
4(745 7147 11240 7105)
4(746 7107 11240 7147)
5(722 7109 747 1228 1203)
5(746 1227 1228 747 7149)
4(1202 1203 1228 1227)
4(721 7107 11243 7106)
4(722 7106 11243 7109)
4(746 7149 11243 7107)
4(747 7109 11243 7149)
5(723 7111 748 1229 1204)
5(747 1228 1229 748 7151)
4(1203 1204 1229 1228)
4(722 7109 11246 7108)
4(723 7108 11246 7111)
4(747 7151 11246 7109)
4(748 7111 11246 7151)
5(724 7113 749 1230 1205)
5(748 1229 1230 749 7153)
4(1204 1205 1230 1229)
4(723 7111 11249 7110)
4(724 7110 11249 7113)
4(748 7153 11249 7111)
4(749 7113 11249 7153)
5(725 7115 750 1231 1206)
5(749 1230 1231 750 7155)
4(1205 1206 1231 1230)
4(724 7113 11252 7112)
4(725 7112 11252 7115)
4(749 7155 11252 7113)
4(750 7115 11252 7155)
5(726 7117 751 1232 1207)
5(750 1231 1232 751 7157)
4(1206 1207 1232 1231)
4(725 7115 11255 7114)
4(726 7114 11255 7117)
4(750 7157 11255 7115)
4(751 7117 11255 7157)
5(727 7119 752 1233 1208)
5(751 1232 1233 752 7159)
4(1207 1208 1233 1232)
4(726 7117 11258 7116)
4(727 7116 11258 7119)
4(751 7159 11258 7117)
4(752 7119 11258 7159)
5(728 7121 753 1234 1209)
5(752 1233 1234 753 7161)
4(1208 1209 1234 1233)
4(727 7119 11261 7118)
4(728 7118 11261 7121)
4(752 7161 11261 7119)
4(753 7121 11261 7161)
5(729 7123 754 1235 1210)
5(753 1234 1235 754 7163)
4(1209 1210 1235 1234)
4(728 7121 11264 7120)
4(729 7120 11264 7123)
4(753 7163 11264 7121)
4(754 7123 11264 7163)
5(730 7125 755 1236 1211)
5(754 1235 1236 755 7165)
4(1210 1211 1236 1235)
4(729 7123 11267 7122)
4(730 7122 11267 7125)
4(754 7165 11267 7123)
4(755 7125 11267 7165)
5(731 3598 756 1237 1212)
5(755 1236 1237 756 7167)
4(1211 1212 1237 1236)
4(730 7125 11269 7124)
4(731 7124 11269 3598)
4(755 7167 11269 7125)
4(756 3598 11269 7167)
4(732 3600 11845 7126)
6(756 1237 1238 7169 757 3606)
5(1212 1213 7669 1238 1237)
4(731 3598 4259 3597)
4(732 3597 4259 3600)
4(756 3606 4259 3598)
4(757 3600 4259 3606)
4(757 7169 11845 3600)
4(1213 7126 11845 7669)
4(1238 7669 11845 7169)
4(732 3600 4262 3599)
4(732 3599 11839 7126)
4(11839 3599 4262 5120)
4(4262 3600 11845 5120)
4(11845 7126 11839 5120)
4(734 3603 4266 3602)
4(734 3602 11843 7128)
4(11843 3602 4266 5121)
4(4266 3603 11849 5121)
4(11849 7128 11843 5121)
6(736 4599 761 14404 1242 1217)
4(760 7172 14532 4600)
6(1216 1217 1242 14436 1241 7676)
4(735 3605 4677 3604)
4(736 3604 4677 4599)
4(760 4600 4677 3605)
4(761 4599 4677 4600)
4(735 7129 11850 3605)
4(760 3605 11850 7172)
4(1216 7676 11850 7129)
4(1241 7172 11850 7676)
4(761 4600 14532 14404)
4(1241 14436 14532 7172)
4(1242 14404 14532 14436)
5(737 7132 762 1243 1218)
6(761 14404 1242 1243 762 7173)
4(1217 1218 1243 1242)
4(736 4599 11272 7130)
4(737 7130 11272 7132)
4(761 7173 11272 4599)
4(762 7132 11272 7173)
5(738 7134 763 1244 1219)
5(762 1243 1244 763 7175)
4(1218 1219 1244 1243)
4(737 7132 11275 7131)
4(738 7131 11275 7134)
4(762 7175 11275 7132)
4(763 7134 11275 7175)
5(739 7136 764 1245 1220)
5(763 1244 1245 764 7177)
4(1219 1220 1245 1244)
4(738 7134 11278 7133)
4(739 7133 11278 7136)
4(763 7177 11278 7134)
4(764 7136 11278 7177)
5(740 7138 765 1246 1221)
5(764 1245 1246 765 7179)
4(1220 1221 1246 1245)
4(739 7136 11281 7135)
4(740 7135 11281 7138)
4(764 7179 11281 7136)
4(765 7138 11281 7179)
5(741 7140 766 1247 1222)
5(765 1246 1247 766 7181)
4(1221 1222 1247 1246)
4(740 7138 11284 7137)
4(741 7137 11284 7140)
4(765 7181 11284 7138)
4(766 7140 11284 7181)
5(742 7142 767 1248 1223)
5(766 1247 1248 767 7183)
4(1222 1223 1248 1247)
4(741 7140 11287 7139)
4(742 7139 11287 7142)
4(766 7183 11287 7140)
4(767 7142 11287 7183)
5(743 7144 768 1249 1224)
5(767 1248 1249 768 7185)
4(1223 1224 1249 1248)
4(742 7142 11290 7141)
4(743 7141 11290 7144)
4(767 7185 11290 7142)
4(768 7144 11290 7185)
5(744 7146 769 1250 1225)
5(768 1249 1250 769 7187)
4(1224 1225 1250 1249)
4(743 7144 11293 7143)
4(744 7143 11293 7146)
4(768 7187 11293 7144)
4(769 7146 11293 7187)
5(745 7148 770 1251 1226)
5(769 1250 1251 770 7189)
4(1225 1226 1251 1250)
4(744 7146 11296 7145)
4(745 7145 11296 7148)
4(769 7189 11296 7146)
4(770 7148 11296 7189)
5(746 7150 771 1252 1227)
5(770 1251 1252 771 7191)
4(1226 1227 1252 1251)
4(745 7148 11299 7147)
4(746 7147 11299 7150)
4(770 7191 11299 7148)
4(771 7150 11299 7191)
5(747 7152 772 1253 1228)
5(771 1252 1253 772 7193)
4(1227 1228 1253 1252)
4(746 7150 11302 7149)
4(747 7149 11302 7152)
4(771 7193 11302 7150)
4(772 7152 11302 7193)
5(748 7154 773 1254 1229)
5(772 1253 1254 773 7195)
4(1228 1229 1254 1253)
4(747 7152 11305 7151)
4(748 7151 11305 7154)
4(772 7195 11305 7152)
4(773 7154 11305 7195)
5(749 7156 774 1255 1230)
5(773 1254 1255 774 7197)
4(1229 1230 1255 1254)
4(748 7154 11308 7153)
4(749 7153 11308 7156)
4(773 7197 11308 7154)
4(774 7156 11308 7197)
5(750 7158 775 1256 1231)
5(774 1255 1256 775 7199)
4(1230 1231 1256 1255)
4(749 7156 11311 7155)
4(750 7155 11311 7158)
4(774 7199 11311 7156)
4(775 7158 11311 7199)
5(751 7160 776 1257 1232)
5(775 1256 1257 776 7201)
4(1231 1232 1257 1256)
4(750 7158 11314 7157)
4(751 7157 11314 7160)
4(775 7201 11314 7158)
4(776 7160 11314 7201)
5(752 7162 777 1258 1233)
5(776 1257 1258 777 7203)
4(1232 1233 1258 1257)
4(751 7160 11317 7159)
4(752 7159 11317 7162)
4(776 7203 11317 7160)
4(777 7162 11317 7203)
5(753 7164 778 1259 1234)
5(777 1258 1259 778 7205)
4(1233 1234 1259 1258)
4(752 7162 11320 7161)
4(753 7161 11320 7164)
4(777 7205 11320 7162)
4(778 7164 11320 7205)
5(754 7166 779 1260 1235)
5(778 1259 1260 779 7207)
4(1234 1235 1260 1259)
4(753 7164 11323 7163)
4(754 7163 11323 7166)
4(778 7207 11323 7164)
4(779 7166 11323 7207)
5(755 7168 780 1261 1236)
5(779 1260 1261 780 7209)
4(1235 1236 1261 1260)
4(754 7166 11326 7165)
4(755 7165 11326 7168)
4(779 7209 11326 7166)
4(780 7168 11326 7209)
6(756 3607 781 14405 1262 1237)
6(780 1261 1262 14405 781 7211)
4(1236 1237 1262 1261)
4(755 7168 11328 7167)
4(756 7167 11328 3607)
4(780 7211 11328 7168)
4(781 3607 11328 7211)
4(757 3609 11853 7169)
4(781 14405 14533 3614)
6(1237 1238 7679 1263 14439 1262)
4(756 3607 4270 3606)
4(757 3606 4270 3609)
4(781 3614 4270 3607)
4(782 3609 4270 3614)
4(782 7213 11853 3609)
4(1238 7169 11853 7679)
4(1263 7679 11853 7213)
4(782 3614 14533 7213)
4(1262 14439 14533 14405)
4(1263 7213 14533 14439)
4(757 3609 4273 3608)
4(757 3608 11847 7169)
4(11847 3608 4273 5122)
4(4273 3609 11853 5122)
4(11853 7169 11847 5122)
4(759 3612 4277 3611)
4(759 3611 11851 7171)
4(11851 3611 4277 5123)
4(11857 7171 11851 5123)
4(760 3613 11331 4600)
4(760 7172 11858 3613)
4(14532 4600 11331 14356)
4(11331 3613 11858 14356)
4(11858 7172 14532 14356)
5(762 7176 786 1267 1243)
6(785 7219 1266 1267 786 7217)
5(1242 1243 1267 1266 14437)
4(761 7174 11334 7173)
4(762 7173 11334 7176)
4(785 7217 11334 7174)
4(786 7176 11334 7217)
4(761 14404 14534 7174)
4(785 7174 14534 7219)
4(1242 14437 14534 14404)
4(1266 7219 14534 14437)
5(763 7178 787 1268 1244)
5(786 1267 1268 787 7220)
4(1243 1244 1268 1267)
4(762 7176 11337 7175)
4(763 7175 11337 7178)
4(786 7220 11337 7176)
4(787 7178 11337 7220)
5(764 7180 788 1269 1245)
5(787 1268 1269 788 7222)
4(1244 1245 1269 1268)
4(763 7178 11340 7177)
4(764 7177 11340 7180)
4(787 7222 11340 7178)
4(788 7180 11340 7222)
5(765 7182 789 1270 1246)
5(788 1269 1270 789 7224)
4(1245 1246 1270 1269)
4(764 7180 11343 7179)
4(765 7179 11343 7182)
4(788 7224 11343 7180)
4(789 7182 11343 7224)
5(766 7184 790 1271 1247)
5(789 1270 1271 790 7226)
4(1246 1247 1271 1270)
4(765 7182 11346 7181)
4(766 7181 11346 7184)
4(789 7226 11346 7182)
4(790 7184 11346 7226)
5(767 7186 791 1272 1248)
5(790 1271 1272 791 7228)
4(1247 1248 1272 1271)
4(766 7184 11349 7183)
4(767 7183 11349 7186)
4(790 7228 11349 7184)
4(791 7186 11349 7228)
5(768 7188 792 1273 1249)
5(791 1272 1273 792 7230)
4(1248 1249 1273 1272)
4(767 7186 11352 7185)
4(768 7185 11352 7188)
4(791 7230 11352 7186)
4(792 7188 11352 7230)
5(769 7190 793 1274 1250)
5(792 1273 1274 793 7232)
4(1249 1250 1274 1273)
4(768 7188 11355 7187)
4(769 7187 11355 7190)
4(792 7232 11355 7188)
4(793 7190 11355 7232)
5(770 7192 794 1275 1251)
5(793 1274 1275 794 7234)
4(1250 1251 1275 1274)
4(769 7190 11358 7189)
4(770 7189 11358 7192)
4(793 7234 11358 7190)
4(794 7192 11358 7234)
5(771 7194 795 1276 1252)
5(794 1275 1276 795 7236)
4(1251 1252 1276 1275)
4(770 7192 11361 7191)
4(771 7191 11361 7194)
4(794 7236 11361 7192)
4(795 7194 11361 7236)
5(772 7196 796 1277 1253)
5(795 1276 1277 796 7238)
4(1252 1253 1277 1276)
4(771 7194 11364 7193)
4(772 7193 11364 7196)
4(795 7238 11364 7194)
4(796 7196 11364 7238)
5(773 7198 797 1278 1254)
5(796 1277 1278 797 7240)
4(1253 1254 1278 1277)
4(772 7196 11367 7195)
4(773 7195 11367 7198)
4(796 7240 11367 7196)
4(797 7198 11367 7240)
5(774 7200 798 1279 1255)
5(797 1278 1279 798 7242)
4(1254 1255 1279 1278)
4(773 7198 11370 7197)
4(774 7197 11370 7200)
4(797 7242 11370 7198)
4(798 7200 11370 7242)
5(775 7202 799 1280 1256)
5(798 1279 1280 799 7244)
4(1255 1256 1280 1279)
4(774 7200 11373 7199)
4(775 7199 11373 7202)
4(798 7244 11373 7200)
4(799 7202 11373 7244)
5(776 7204 800 1281 1257)
5(799 1280 1281 800 7246)
4(1256 1257 1281 1280)
4(775 7202 11376 7201)
4(776 7201 11376 7204)
4(799 7246 11376 7202)
4(800 7204 11376 7246)
5(777 7206 801 1282 1258)
5(800 1281 1282 801 7248)
4(1257 1258 1282 1281)
4(776 7204 11379 7203)
4(777 7203 11379 7206)
4(800 7248 11379 7204)
4(801 7206 11379 7248)
5(778 7208 802 1283 1259)
5(801 1282 1283 802 7250)
4(1258 1259 1283 1282)
4(777 7206 11382 7205)
4(778 7205 11382 7208)
4(801 7250 11382 7206)
4(802 7208 11382 7250)
5(779 7210 803 1284 1260)
5(802 1283 1284 803 7252)
4(1259 1260 1284 1283)
4(778 7208 11385 7207)
4(779 7207 11385 7210)
4(802 7252 11385 7208)
4(803 7210 11385 7252)
5(780 7212 804 1285 1261)
5(803 1284 1285 804 7254)
4(1260 1261 1285 1284)
4(779 7210 11388 7209)
4(780 7209 11388 7212)
4(803 7254 11388 7210)
4(804 7212 11388 7254)
4(781 3615 14536 14405)
6(804 1285 1286 7258 805 7256)
5(1261 1262 14440 1286 1285)
4(780 7212 11390 7211)
4(781 7211 11390 3615)
4(804 7256 11390 7212)
4(805 3615 11390 7256)
4(805 7258 14536 3615)
4(1262 14405 14536 14440)
4(1286 14440 14536 7258)
4(781 3615 4281 3614)
4(14533 3614 4281 14357)
4(4281 3615 14536 14357)
4(14536 14405 14533 14357)
4(782 3617 4284 3616)
4(782 3616 11855 7213)
4(11855 3616 4284 5124)
4(4284 3617 11862 5124)
4(11862 7213 11855 5124)
4(782 7213 11862 3617)
4(784 3620 11392 7215)
4(784 7216 11867 3620)
4(11861 7215 11392 5126)
4(11392 3620 11867 5126)
4(11867 7216 11861 5126)
4(784 7215 11861 7216)
5(786 7221 809 1290 1267)
6(808 7261 1289 1290 809 3628)
5(1266 1267 1290 1289 7697)
4(785 7218 11394 7217)
4(786 7217 11394 7221)
4(808 3628 11394 7218)
4(809 7221 11394 3628)
4(785 7219 11870 7218)
4(808 7218 11870 7261)
4(1266 7697 11870 7219)
4(1289 7261 11870 7697)
5(787 7223 810 1291 1268)
5(809 1290 1291 810 7262)
4(1267 1268 1291 1290)
4(786 7221 11397 7220)
4(787 7220 11397 7223)
4(809 7262 11397 7221)
4(810 7223 11397 7262)
5(788 7225 811 1292 1269)
5(810 1291 1292 811 7263)
4(1268 1269 1292 1291)
4(787 7223 11400 7222)
4(788 7222 11400 7225)
4(810 7263 11400 7223)
4(811 7225 11400 7263)
5(789 7227 812 1293 1270)
5(811 1292 1293 812 7265)
4(1269 1270 1293 1292)
4(788 7225 11403 7224)
4(789 7224 11403 7227)
4(811 7265 11403 7225)
4(812 7227 11403 7265)
5(790 7229 813 1294 1271)
5(812 1293 1294 813 7267)
4(1270 1271 1294 1293)
4(789 7227 11406 7226)
4(790 7226 11406 7229)
4(812 7267 11406 7227)
4(813 7229 11406 7267)
5(791 7231 814 1295 1272)
5(813 1294 1295 814 7269)
4(1271 1272 1295 1294)
4(790 7229 11409 7228)
4(791 7228 11409 7231)
4(813 7269 11409 7229)
4(814 7231 11409 7269)
5(792 7233 815 1296 1273)
5(814 1295 1296 815 7271)
4(1272 1273 1296 1295)
4(791 7231 11412 7230)
4(792 7230 11412 7233)
4(814 7271 11412 7231)
4(815 7233 11412 7271)
5(793 7235 816 1297 1274)
5(815 1296 1297 816 7273)
4(1273 1274 1297 1296)
4(792 7233 11415 7232)
4(793 7232 11415 7235)
4(815 7273 11415 7233)
4(816 7235 11415 7273)
5(794 7237 817 1298 1275)
5(816 1297 1298 817 7275)
4(1274 1275 1298 1297)
4(793 7235 11418 7234)
4(794 7234 11418 7237)
4(816 7275 11418 7235)
4(817 7237 11418 7275)
5(795 7239 818 1299 1276)
5(817 1298 1299 818 7277)
4(1275 1276 1299 1298)
4(794 7237 11421 7236)
4(795 7236 11421 7239)
4(817 7277 11421 7237)
4(818 7239 11421 7277)
5(796 7241 819 1300 1277)
5(818 1299 1300 819 7279)
4(1276 1277 1300 1299)
4(795 7239 11424 7238)
4(796 7238 11424 7241)
4(818 7279 11424 7239)
4(819 7241 11424 7279)
5(797 7243 820 1301 1278)
5(819 1300 1301 820 7281)
4(1277 1278 1301 1300)
4(796 7241 11427 7240)
4(797 7240 11427 7243)
4(819 7281 11427 7241)
4(820 7243 11427 7281)
5(798 7245 821 1302 1279)
5(820 1301 1302 821 7283)
4(1278 1279 1302 1301)
4(797 7243 11430 7242)
4(798 7242 11430 7245)
4(820 7283 11430 7243)
4(821 7245 11430 7283)
5(799 7247 822 1303 1280)
5(821 1302 1303 822 7285)
4(1279 1280 1303 1302)
4(798 7245 11433 7244)
4(799 7244 11433 7247)
4(821 7285 11433 7245)
4(822 7247 11433 7285)
5(800 7249 823 1304 1281)
5(822 1303 1304 823 7287)
4(1280 1281 1304 1303)
4(799 7247 11436 7246)
4(800 7246 11436 7249)
4(822 7287 11436 7247)
4(823 7249 11436 7287)
5(801 7251 824 1305 1282)
5(823 1304 1305 824 7289)
4(1281 1282 1305 1304)
4(800 7249 11439 7248)
4(801 7248 11439 7251)
4(823 7289 11439 7249)
4(824 7251 11439 7289)
5(802 7253 825 1306 1283)
5(824 1305 1306 825 7291)
4(1282 1283 1306 1305)
4(801 7251 11442 7250)
4(802 7250 11442 7253)
4(824 7291 11442 7251)
4(825 7253 11442 7291)
5(803 7255 826 1307 1284)
5(825 1306 1307 826 7293)
4(1283 1284 1307 1306)
4(802 7253 11445 7252)
4(803 7252 11445 7255)
4(825 7293 11445 7253)
4(826 7255 11445 7293)
5(804 7257 827 1308 1285)
5(826 1307 1308 827 7295)
4(1284 1285 1308 1307)
4(803 7255 11448 7254)
4(804 7254 11448 7257)
4(826 7295 11448 7255)
4(827 7257 11448 7295)
4(805 3622 11873 7258)
6(827 1308 1309 7297 828 3631)
5(1285 1286 7700 1309 1308)
4(804 7257 11449 7256)
4(805 7256 11449 3622)
4(827 3631 11449 7257)
4(828 3622 11449 3631)
4(828 7297 11873 3622)
4(1286 7258 11873 7700)
4(1309 7700 11873 7297)
4(805 3622 4294 3621)
4(11863 3621 4294 5127)
4(4294 3622 11873 5127)
4(11873 7258 11863 5127)
4(805 3621 11863 7258)
4(806 3624 4296 3623)
4(806 3623 11865 7259)
4(806 7259 11874 3624)
4(4296 3624 11874 5128)
4(11874 7259 11865 5128)
4(807 3627 4300 3626)
4(807 3626 11871 7260)
4(11871 3626 4300 5129)
4(4300 3627 11879 5129)
4(11879 7260 11871 5129)
6(809 3630 832 14406 1313 1290)
4(831 7300 14538 3639)
6(1289 1290 1313 14442 1312 7709)
4(808 3629 4303 3628)
4(809 3628 4303 3630)
4(831 3639 4303 3629)
4(832 3630 4303 3639)
4(808 7261 11880 3629)
4(831 3629 11880 7300)
4(1289 7709 11880 7261)
4(1312 7300 11880 7709)
4(832 3639 14538 14406)
4(1312 14442 14538 7300)
4(1313 14406 14538 14442)
5(810 7264 833 1314 1291)
6(832 14406 1313 1314 833 7301)
4(1290 1291 1314 1313)
4(809 3630 11452 7262)
4(810 7262 11452 7264)
4(832 7301 11452 3630)
4(833 7264 11452 7301)
5(811 7266 834 1315 1292)
5(833 1314 1315 834 7302)
4(1291 1292 1315 1314)
4(810 7264 11455 7263)
4(811 7263 11455 7266)
4(833 7302 11455 7264)
4(834 7266 11455 7302)
5(812 7268 835 1316 1293)
5(834 1315 1316 835 7304)
4(1292 1293 1316 1315)
4(811 7266 11458 7265)
4(812 7265 11458 7268)
4(834 7304 11458 7266)
4(835 7268 11458 7304)
5(813 7270 836 1317 1294)
5(835 1316 1317 836 7306)
4(1293 1294 1317 1316)
4(812 7268 11461 7267)
4(813 7267 11461 7270)
4(835 7306 11461 7268)
4(836 7270 11461 7306)
5(814 7272 837 1318 1295)
5(836 1317 1318 837 7308)
4(1294 1295 1318 1317)
4(813 7270 11464 7269)
4(814 7269 11464 7272)
4(836 7308 11464 7270)
4(837 7272 11464 7308)
5(815 7274 838 1319 1296)
5(837 1318 1319 838 7310)
4(1295 1296 1319 1318)
4(814 7272 11467 7271)
4(815 7271 11467 7274)
4(837 7310 11467 7272)
4(838 7274 11467 7310)
5(816 7276 839 1320 1297)
5(838 1319 1320 839 7312)
4(1296 1297 1320 1319)
4(815 7274 11470 7273)
4(816 7273 11470 7276)
4(838 7312 11470 7274)
4(839 7276 11470 7312)
5(817 7278 840 1321 1298)
5(839 1320 1321 840 7314)
4(1297 1298 1321 1320)
4(816 7276 11473 7275)
4(817 7275 11473 7278)
4(839 7314 11473 7276)
4(840 7278 11473 7314)
5(818 7280 841 1322 1299)
5(840 1321 1322 841 7316)
4(1298 1299 1322 1321)
4(817 7278 11476 7277)
4(818 7277 11476 7280)
4(840 7316 11476 7278)
4(841 7280 11476 7316)
5(819 7282 842 1323 1300)
5(841 1322 1323 842 7318)
4(1299 1300 1323 1322)
4(818 7280 11479 7279)
4(819 7279 11479 7282)
4(841 7318 11479 7280)
4(842 7282 11479 7318)
5(820 7284 843 1324 1301)
5(842 1323 1324 843 7320)
4(1300 1301 1324 1323)
4(819 7282 11482 7281)
4(820 7281 11482 7284)
4(842 7320 11482 7282)
4(843 7284 11482 7320)
5(821 7286 844 1325 1302)
5(843 1324 1325 844 7322)
4(1301 1302 1325 1324)
4(820 7284 11485 7283)
4(821 7283 11485 7286)
4(843 7322 11485 7284)
4(844 7286 11485 7322)
5(822 7288 845 1326 1303)
5(844 1325 1326 845 7324)
4(1302 1303 1326 1325)
4(821 7286 11488 7285)
4(822 7285 11488 7288)
4(844 7324 11488 7286)
4(845 7288 11488 7324)
5(823 7290 846 1327 1304)
5(845 1326 1327 846 7326)
4(1303 1304 1327 1326)
4(822 7288 11491 7287)
4(823 7287 11491 7290)
4(845 7326 11491 7288)
4(846 7290 11491 7326)
5(824 7292 847 1328 1305)
5(846 1327 1328 847 7328)
4(1304 1305 1328 1327)
4(823 7290 11494 7289)
4(824 7289 11494 7292)
4(846 7328 11494 7290)
4(847 7292 11494 7328)
5(825 7294 848 1329 1306)
5(847 1328 1329 848 7330)
4(1305 1306 1329 1328)
4(824 7292 11497 7291)
4(825 7291 11497 7294)
4(847 7330 11497 7292)
4(848 7294 11497 7330)
5(826 7296 849 1330 1307)
5(848 1329 1330 849 7332)
4(1306 1307 1330 1329)
4(825 7294 11500 7293)
4(826 7293 11500 7296)
4(848 7332 11500 7294)
4(849 7296 11500 7332)
6(827 3632 850 14407 1331 1308)
6(849 1330 1331 14407 850 7334)
4(1307 1308 1331 1330)
4(826 7296 11502 7295)
4(827 7295 11502 3632)
4(849 7334 11502 7296)
4(850 3632 11502 7334)
4(828 3634 11883 7297)
4(850 14407 14539 3642)
6(1308 1309 7712 1332 14445 1331)
4(827 3632 4307 3631)
4(828 3631 4307 3634)
4(850 3642 4307 3632)
4(851 3634 4307 3642)
4(851 7336 11883 3634)
4(1309 7297 11883 7712)
4(1332 7712 11883 7336)
4(851 3642 14539 7336)
4(1331 14445 14539 14407)
4(1332 7336 14539 14445)
4(828 3634 4310 3633)
4(828 3633 11875 7297)
4(11875 3633 4310 5130)
4(4310 3634 11883 5130)
4(11883 7297 11875 5130)
4(830 3638 4314 3637)
4(830 3637 11881 7299)
4(11881 3637 4314 5131)
4(11887 7299 11881 5131)
4(831 3640 4317 3639)
4(831 7300 11888 3640)
4(14538 3639 4317 14358)
4(4317 3640 11888 14358)
4(11888 7300 14538 14358)
5(833 7303 855 1336 1314)
6(854 7339 1335 1336 855 3650)
5(1313 1314 1336 1335 14443)
4(832 3641 11504 7301)
4(833 7301 11504 7303)
4(854 3650 11504 3641)
4(855 7303 11504 3650)
4(832 14406 14540 3641)
4(854 3641 14540 7339)
4(1313 14443 14540 14406)
4(1335 7339 14540 14443)
5(834 7305 856 1337 1315)
5(855 1336 1337 856 7340)
4(1314 1315 1337 1336)
4(833 7303 11507 7302)
4(834 7302 11507 7305)
4(855 7340 11507 7303)
4(856 7305 11507 7340)
5(835 7307 857 1338 1316)
5(856 1337 1338 857 7341)
4(1315 1316 1338 1337)
4(834 7305 11510 7304)
4(835 7304 11510 7307)
4(856 7341 11510 7305)
4(857 7307 11510 7341)
5(836 7309 858 1339 1317)
5(857 1338 1339 858 7343)
4(1316 1317 1339 1338)
4(835 7307 11513 7306)
4(836 7306 11513 7309)
4(857 7343 11513 7307)
4(858 7309 11513 7343)
5(837 7311 859 1340 1318)
5(858 1339 1340 859 7345)
4(1317 1318 1340 1339)
4(836 7309 11516 7308)
4(837 7308 11516 7311)
4(858 7345 11516 7309)
4(859 7311 11516 7345)
5(838 7313 860 1341 1319)
5(859 1340 1341 860 7347)
4(1318 1319 1341 1340)
4(837 7311 11519 7310)
4(838 7310 11519 7313)
4(859 7347 11519 7311)
4(860 7313 11519 7347)
5(839 7315 861 1342 1320)
5(860 1341 1342 861 7349)
4(1319 1320 1342 1341)
4(838 7313 11522 7312)
4(839 7312 11522 7315)
4(860 7349 11522 7313)
4(861 7315 11522 7349)
5(840 7317 862 1343 1321)
5(861 1342 1343 862 7351)
4(1320 1321 1343 1342)
4(839 7315 11525 7314)
4(840 7314 11525 7317)
4(861 7351 11525 7315)
4(862 7317 11525 7351)
5(841 7319 863 1344 1322)
5(862 1343 1344 863 7353)
4(1321 1322 1344 1343)
4(840 7317 11528 7316)
4(841 7316 11528 7319)
4(862 7353 11528 7317)
4(863 7319 11528 7353)
5(842 7321 864 1345 1323)
5(863 1344 1345 864 7355)
4(1322 1323 1345 1344)
4(841 7319 11531 7318)
4(842 7318 11531 7321)
4(863 7355 11531 7319)
4(864 7321 11531 7355)
5(843 7323 865 1346 1324)
5(864 1345 1346 865 7357)
4(1323 1324 1346 1345)
4(842 7321 11534 7320)
4(843 7320 11534 7323)
4(864 7357 11534 7321)
4(865 7323 11534 7357)
5(844 7325 866 1347 1325)
5(865 1346 1347 866 7359)
4(1324 1325 1347 1346)
4(843 7323 11537 7322)
4(844 7322 11537 7325)
4(865 7359 11537 7323)
4(866 7325 11537 7359)
5(845 7327 867 1348 1326)
5(866 1347 1348 867 7361)
4(1325 1326 1348 1347)
4(844 7325 11540 7324)
4(845 7324 11540 7327)
4(866 7361 11540 7325)
4(867 7327 11540 7361)
5(846 7329 868 1349 1327)
5(867 1348 1349 868 7363)
4(1326 1327 1349 1348)
4(845 7327 11543 7326)
4(846 7326 11543 7329)
4(867 7363 11543 7327)
4(868 7329 11543 7363)
5(847 7331 869 1350 1328)
5(868 1349 1350 869 7365)
4(1327 1328 1350 1349)
4(846 7329 11546 7328)
4(847 7328 11546 7331)
4(868 7365 11546 7329)
4(869 7331 11546 7365)
5(848 7333 870 1351 1329)
5(869 1350 1351 870 7367)
4(1328 1329 1351 1350)
4(847 7331 11549 7330)
4(848 7330 11549 7333)
4(869 7367 11549 7331)
4(870 7333 11549 7367)
5(849 7335 871 1352 1330)
5(870 1351 1352 871 7369)
4(1329 1330 1352 1351)
4(848 7333 11552 7332)
4(849 7332 11552 7335)
4(870 7369 11552 7333)
4(871 7335 11552 7369)
4(850 3643 14542 14407)
6(871 1352 1353 7371 872 4601)
5(1330 1331 14446 1353 1352)
4(849 7335 11553 7334)
4(850 7334 11553 3643)
4(871 4601 11553 7335)
4(872 3643 11553 4601)
4(872 7371 14542 3643)
4(1331 14407 14542 14446)
4(1353 14446 14542 7371)
4(850 3643 4322 3642)
4(14539 3642 4322 14359)
4(4322 3643 14542 14359)
4(14542 14407 14539 14359)
4(851 3645 4325 3644)
4(851 3644 11885 7336)
4(11885 3644 4325 5132)
4(4325 3645 11892 5132)
4(11892 7336 11885 5132)
4(851 7336 11892 3645)
4(853 3649 4329 3648)
4(11891 3648 4329 5133)
4(4329 3649 11897 5133)
4(11897 7338 11891 5133)
4(853 3648 11891 7338)
6(855 3652 876 7375 1357 1336)
4(875 7374 11901 3656)
6(1335 1336 1357 7741 1356 7731)
4(854 3651 4332 3650)
4(855 3650 4332 3652)
4(875 3656 4332 3651)
4(876 3652 4332 3656)
4(854 7339 11898 3651)
4(875 3651 11898 7374)
4(1335 7731 11898 7339)
4(1356 7374 11898 7731)
4(876 3656 11901 7375)
4(1356 7741 11901 7374)
4(1357 7375 11901 7741)
5(856 7342 877 1358 1337)
6(876 7375 1357 1358 877 3658)
4(1336 1337 1358 1357)
4(855 3652 11555 7340)
4(856 7340 11555 7342)
4(876 3658 11555 3652)
4(877 7342 11555 3658)
5(857 7344 878 1359 1338)
5(877 1358 1359 878 7376)
4(1337 1338 1359 1358)
4(856 7342 11558 7341)
4(857 7341 11558 7344)
4(877 7376 11558 7342)
4(878 7344 11558 7376)
5(858 7346 879 1360 1339)
5(878 1359 1360 879 7377)
4(1338 1339 1360 1359)
4(857 7344 11561 7343)
4(858 7343 11561 7346)
4(878 7377 11561 7344)
4(879 7346 11561 7377)
5(859 7348 880 1361 1340)
5(879 1360 1361 880 7379)
4(1339 1340 1361 1360)
4(858 7346 11564 7345)
4(859 7345 11564 7348)
4(879 7379 11564 7346)
4(880 7348 11564 7379)
5(860 7350 881 1362 1341)
5(880 1361 1362 881 7381)
4(1340 1341 1362 1361)
4(859 7348 11567 7347)
4(860 7347 11567 7350)
4(880 7381 11567 7348)
4(881 7350 11567 7381)
5(861 7352 882 1363 1342)
5(881 1362 1363 882 7383)
4(1341 1342 1363 1362)
4(860 7350 11570 7349)
4(861 7349 11570 7352)
4(881 7383 11570 7350)
4(882 7352 11570 7383)
5(862 7354 883 1364 1343)
5(882 1363 1364 883 7385)
4(1342 1343 1364 1363)
4(861 7352 11573 7351)
4(862 7351 11573 7354)
4(882 7385 11573 7352)
4(883 7354 11573 7385)
5(863 7356 884 1365 1344)
5(883 1364 1365 884 7387)
4(1343 1344 1365 1364)
4(862 7354 11576 7353)
4(863 7353 11576 7356)
4(883 7387 11576 7354)
4(884 7356 11576 7387)
5(864 7358 885 1366 1345)
5(884 1365 1366 885 7389)
4(1344 1345 1366 1365)
4(863 7356 11579 7355)
4(864 7355 11579 7358)
4(884 7389 11579 7356)
4(885 7358 11579 7389)
5(865 7360 886 1367 1346)
5(885 1366 1367 886 7391)
4(1345 1346 1367 1366)
4(864 7358 11582 7357)
4(865 7357 11582 7360)
4(885 7391 11582 7358)
4(886 7360 11582 7391)
5(866 7362 887 1368 1347)
5(886 1367 1368 887 7393)
4(1346 1347 1368 1367)
4(865 7360 11585 7359)
4(866 7359 11585 7362)
4(886 7393 11585 7360)
4(887 7362 11585 7393)
5(867 7364 888 1369 1348)
5(887 1368 1369 888 7395)
4(1347 1348 1369 1368)
4(866 7362 11588 7361)
4(867 7361 11588 7364)
4(887 7395 11588 7362)
4(888 7364 11588 7395)
5(868 7366 889 1370 1349)
5(888 1369 1370 889 7397)
4(1348 1349 1370 1369)
4(867 7364 11591 7363)
4(868 7363 11591 7366)
4(888 7397 11591 7364)
4(889 7366 11591 7397)
5(869 7368 890 1371 1350)
5(889 1370 1371 890 7399)
4(1349 1350 1371 1370)
4(868 7366 11594 7365)
4(869 7365 11594 7368)
4(889 7399 11594 7366)
4(890 7368 11594 7399)
5(870 7370 891 1372 1351)
5(890 1371 1372 891 7401)
4(1350 1351 1372 1371)
4(869 7368 11597 7367)
4(870 7367 11597 7370)
4(890 7401 11597 7368)
4(891 7370 11597 7401)
6(871 4602 892 7403 1373 1352)
6(891 1372 1373 7403 892 4605)
4(1351 1352 1373 1372)
4(870 7370 11598 7369)
4(871 7369 11598 4602)
4(891 4605 11598 7370)
4(892 4602 11598 4605)
4(872 4603 11902 7371)
4(892 7403 11903 3661)
6(1352 1353 7734 1374 7746 1373)
4(871 4602 4682 4601)
4(872 4601 4682 4603)
4(892 3661 4682 4602)
4(893 4603 4682 3661)
4(893 7404 11902 4603)
4(1353 7371 11902 7734)
4(1374 7734 11902 7404)
4(893 3661 11903 7404)
4(1373 7746 11903 7403)
4(1374 7404 11903 7746)
4(872 4603 4684 3653)
4(11893 3653 4684 5134)
4(4684 4603 11902 5134)
4(11902 7371 11893 5134)
4(872 3653 11893 7371)
4(875 3657 4340 3656)
4(875 7374 11907 3657)
4(11901 3656 4340 5136)
4(4340 3657 11907 5136)
4(11907 7374 11901 5136)
6(877 3660 897 7408 1378 1358)
4(896 7407 11912 3666)
6(1357 1358 1378 7755 1377 7744)
4(876 3659 4343 3658)
4(877 3658 4343 3660)
4(896 3666 4343 3659)
4(897 3660 4343 3666)
4(876 7375 11909 3659)
4(896 3659 11909 7407)
4(1357 7744 11909 7375)
4(1377 7407 11909 7744)
4(897 3666 11912 7408)
4(1377 7755 11912 7407)
4(1378 7408 11912 7755)
5(878 7378 898 1379 1359)
6(897 7408 1378 1379 898 4607)
4(1358 1359 1379 1378)
4(877 3660 11600 7376)
4(878 7376 11600 7378)
4(897 4607 11600 3660)
4(898 7378 11600 4607)
5(879 7380 899 1380 1360)
5(898 1379 1380 899 7409)
4(1359 1360 1380 1379)
4(878 7378 11603 7377)
4(879 7377 11603 7380)
4(898 7409 11603 7378)
4(899 7380 11603 7409)
5(880 7382 900 1381 1361)
5(899 1380 1381 900 7410)
4(1360 1361 1381 1380)
4(879 7380 11606 7379)
4(880 7379 11606 7382)
4(899 7410 11606 7380)
4(900 7382 11606 7410)
5(881 7384 901 1382 1362)
5(900 1381 1382 901 7412)
4(1361 1362 1382 1381)
4(880 7382 11609 7381)
4(881 7381 11609 7384)
4(900 7412 11609 7382)
4(901 7384 11609 7412)
5(882 7386 902 1383 1363)
5(901 1382 1383 902 7414)
4(1362 1363 1383 1382)
4(881 7384 11612 7383)
4(882 7383 11612 7386)
4(901 7414 11612 7384)
4(902 7386 11612 7414)
5(883 7388 903 1384 1364)
5(902 1383 1384 903 7416)
4(1363 1364 1384 1383)
4(882 7386 11615 7385)
4(883 7385 11615 7388)
4(902 7416 11615 7386)
4(903 7388 11615 7416)
5(884 7390 904 1385 1365)
5(903 1384 1385 904 7418)
4(1364 1365 1385 1384)
4(883 7388 11618 7387)
4(884 7387 11618 7390)
4(903 7418 11618 7388)
4(904 7390 11618 7418)
5(885 7392 905 1386 1366)
5(904 1385 1386 905 7420)
4(1365 1366 1386 1385)
4(884 7390 11621 7389)
4(885 7389 11621 7392)
4(904 7420 11621 7390)
4(905 7392 11621 7420)
5(886 7394 906 1387 1367)
5(905 1386 1387 906 7422)
4(1366 1367 1387 1386)
4(885 7392 11624 7391)
4(886 7391 11624 7394)
4(905 7422 11624 7392)
4(906 7394 11624 7422)
5(887 7396 907 1388 1368)
5(906 1387 1388 907 7424)
4(1367 1368 1388 1387)
4(886 7394 11627 7393)
4(887 7393 11627 7396)
4(906 7424 11627 7394)
4(907 7396 11627 7424)
5(888 7398 908 1389 1369)
5(907 1388 1389 908 7426)
4(1368 1369 1389 1388)
4(887 7396 11630 7395)
4(888 7395 11630 7398)
4(907 7426 11630 7396)
4(908 7398 11630 7426)
5(889 7400 909 1390 1370)
5(908 1389 1390 909 7428)
4(1369 1370 1390 1389)
4(888 7398 11633 7397)
4(889 7397 11633 7400)
4(908 7428 11633 7398)
4(909 7400 11633 7428)
5(890 7402 910 1391 1371)
5(909 1390 1391 910 7430)
4(1370 1371 1391 1390)
4(889 7400 11636 7399)
4(890 7399 11636 7402)
4(909 7430 11636 7400)
4(910 7402 11636 7430)
6(891 4606 911 7432 1392 1372)
6(910 1391 1392 7432 911 4609)
4(1371 1372 1392 1391)
4(890 7402 11637 7401)
4(891 7401 11637 4606)
4(910 4609 11637 7402)
4(911 4606 11637 4609)
4(892 3662 11913 7403)
4(911 7432 11914 3669)
6(1372 1373 7747 1393 7760 1392)
4(891 4606 4688 4605)
4(892 4605 4688 3662)
4(911 3669 4688 4606)
4(912 3662 4688 3669)
4(912 7433 11913 3662)
4(1373 7403 11913 7747)
4(1393 7747 11913 7433)
4(912 3669 11914 7433)
4(1392 7760 11914 7432)
4(1393 7433 11914 7760)
4(892 3662 4348 3661)
4(11903 3661 4348 5137)
4(4348 3662 11913 5137)
4(11913 7403 11903 5137)
4(893 3664 4349 3663)
4(893 3663 11905 7404)
4(893 7404 11915 3664)
4(11915 7404 11905 5138)
4(896 3667 4354 3666)
4(896 7407 11919 3667)
4(11912 3666 4354 5140)
4(4354 3667 11919 5140)
4(11919 7407 11912 5140)
6(898 4608 916 7437 1397 1379)
4(915 7436 11924 3674)
6(1378 1379 1397 7769 1396 7758)
4(897 3668 4690 4607)
4(898 4607 4690 4608)
4(915 3674 4690 3668)
4(916 4608 4690 3674)
4(897 7408 11921 3668)
4(915 3668 11921 7436)
4(1378 7758 11921 7408)
4(1396 7436 11921 7758)
4(916 3674 11924 7437)
4(1396 7769 11924 7436)
4(1397 7437 11924 7769)
6(899 7411 917 14408 1398 1380)
4(916 7437 14544 3676)
5(1379 1380 1398 14448 1397)
4(898 4608 11639 7409)
4(899 7409 11639 7411)
4(916 3676 11639 4608)
4(917 7411 11639 3676)
4(917 3676 14544 14408)
4(1397 14448 14544 7437)
4(1398 14408 14544 14448)
5(900 7413 918 1399 1381)
6(917 14408 1398 1399 918 3678)
4(1380 1381 1399 1398)
4(899 7411 11641 7410)
4(900 7410 11641 7413)
4(917 3678 11641 7411)
4(918 7413 11641 3678)
5(901 7415 919 1400 1382)
5(918 1399 1400 919 7438)
4(1381 1382 1400 1399)
4(900 7413 11644 7412)
4(901 7412 11644 7415)
4(918 7438 11644 7413)
4(919 7415 11644 7438)
5(902 7417 920 1401 1383)
5(919 1400 1401 920 7439)
4(1382 1383 1401 1400)
4(901 7415 11647 7414)
4(902 7414 11647 7417)
4(919 7439 11647 7415)
4(920 7417 11647 7439)
5(903 7419 921 1402 1384)
5(920 1401 1402 921 7441)
4(1383 1384 1402 1401)
4(902 7417 11650 7416)
4(903 7416 11650 7419)
4(920 7441 11650 7417)
4(921 7419 11650 7441)
5(904 7421 922 1403 1385)
5(921 1402 1403 922 7443)
4(1384 1385 1403 1402)
4(903 7419 11653 7418)
4(904 7418 11653 7421)
4(921 7443 11653 7419)
4(922 7421 11653 7443)
5(905 7423 923 1404 1386)
5(922 1403 1404 923 7445)
4(1385 1386 1404 1403)
4(904 7421 11656 7420)
4(905 7420 11656 7423)
4(922 7445 11656 7421)
4(923 7423 11656 7445)
5(906 7425 924 1405 1387)
5(923 1404 1405 924 7447)
4(1386 1387 1405 1404)
4(905 7423 11659 7422)
4(906 7422 11659 7425)
4(923 7447 11659 7423)
4(924 7425 11659 7447)
5(907 7427 925 1406 1388)
5(924 1405 1406 925 7449)
4(1387 1388 1406 1405)
4(906 7425 11662 7424)
4(907 7424 11662 7427)
4(924 7449 11662 7425)
4(925 7427 11662 7449)
5(908 7429 926 1407 1389)
5(925 1406 1407 926 7451)
4(1388 1389 1407 1406)
4(907 7427 11665 7426)
4(908 7426 11665 7429)
4(925 7451 11665 7427)
4(926 7429 11665 7451)
6(909 7431 927 14409 1408 1390)
6(926 1407 1408 14409 927 4611)
4(1389 1390 1408 1407)
4(908 7429 11667 7428)
4(909 7428 11667 7431)
4(926 4611 11667 7429)
4(927 7431 11667 4611)
6(910 4610 928 7453 1409 1391)
4(927 14409 14545 4613)
5(1390 1391 1409 14451 1408)
4(909 7431 11668 7430)
4(910 7430 11668 4610)
4(927 4613 11668 7431)
4(928 4610 11668 4613)
4(928 4613 14545 7453)
4(1408 14451 14545 14409)
4(1409 7453 14545 14451)
4(911 3670 11925 7432)
4(928 7453 11926 4615)
6(1391 1392 7761 1410 7774 1409)
4(910 4610 4695 4609)
4(911 4609 4695 3670)
4(928 4615 4695 4610)
4(929 3670 4695 4615)
4(929 7454 11925 3670)
4(1392 7432 11925 7761)
4(1410 7761 11925 7454)
4(929 4615 11926 7454)
4(1409 7774 11926 7453)
4(1410 7454 11926 7774)
4(911 3670 4361 3669)
4(11914 3669 4361 5141)
4(4361 3670 11925 5141)
4(11925 7432 11914 5141)
4(912 3672 4362 3671)
4(912 3671 11916 7433)
4(912 7433 11927 3672)
4(11927 7433 11916 5142)
4(915 3675 4367 3674)
4(915 7436 11931 3675)
4(11924 3674 4367 5144)
4(4367 3675 11931 5144)
4(11931 7436 11924 5144)
4(916 3677 4370 3676)
4(916 7437 11933 3677)
4(14544 3676 4370 14360)
4(4370 3677 11933 14360)
4(11933 7437 14544 14360)
6(918 3680 934 7459 1415 1399)
4(933 7458 11937 3686)
6(1398 1399 1415 7786 1414 14449)
4(917 3679 4373 3678)
4(918 3678 4373 3680)
4(933 3686 4373 3679)
4(934 3680 4373 3686)
4(934 3686 11937 7459)
4(1414 7786 11937 7458)
4(1415 7459 11937 7786)
4(917 14408 14546 3679)
4(933 3679 14546 7458)
4(1398 14449 14546 14408)
4(1414 7458 14546 14449)
6(919 7440 935 7460 1416 1400)
4(934 7459 11938 4617)
5(1399 1400 1416 7789 1415)
4(918 3680 11670 7438)
4(919 7438 11670 7440)
4(934 4617 11670 3680)
4(935 7440 11670 4617)
4(935 4617 11938 7460)
4(1415 7789 11938 7459)
4(1416 7460 11938 7789)
6(920 7442 936 14410 1417 1401)
4(935 7460 14548 4618)
5(1400 1401 1417 14454 1416)
4(919 7440 11672 7439)
4(920 7439 11672 7442)
4(935 4618 11672 7440)
4(936 7442 11672 4618)
4(936 4618 14548 14410)
4(1416 14454 14548 7460)
4(1417 14410 14548 14454)
5(921 7444 937 1418 1402)
6(936 14410 1417 1418 937 4620)
4(1401 1402 1418 1417)
4(920 7442 11674 7441)
4(921 7441 11674 7444)
4(936 4620 11674 7442)
4(937 7444 11674 4620)
5(922 7446 938 1419 1403)
5(937 1418 1419 938 3689)
4(1402 1403 1419 1418)
4(921 7444 11676 7443)
4(922 7443 11676 7446)
4(937 3689 11676 7444)
4(938 7446 11676 3689)
5(923 7448 939 1420 1404)
5(938 1419 1420 939 3691)
4(1403 1404 1420 1419)
4(922 7446 11678 7445)
4(923 7445 11678 7448)
4(938 3691 11678 7446)
4(939 7448 11678 3691)
6(924 7450 940 14411 1421 1405)
6(939 1420 1421 14411 940 4622)
4(1404 1405 1421 1420)
4(923 7448 11680 7447)
4(924 7447 11680 7450)
4(939 4622 11680 7448)
4(940 7450 11680 4622)
6(925 7452 941 7461 1422 1406)
4(940 14411 14549 4623)
5(1405 1406 1422 14457 1421)
4(924 7450 11682 7449)
4(925 7449 11682 7452)
4(940 4623 11682 7450)
4(941 7452 11682 4623)
4(941 4623 14549 7461)
4(1421 14457 14549 14411)
4(1422 7461 14549 14457)
6(926 4612 942 7462 1423 1407)
4(941 7461 11939 3694)
5(1406 1407 1423 7794 1422)
4(925 7452 11683 7451)
4(926 7451 11683 4612)
4(941 3694 11683 7452)
4(942 4612 11683 3694)
4(942 3694 11939 7462)
4(1422 7794 11939 7461)
4(1423 7462 11939 7794)
4(927 4614 14550 14409)
4(942 7462 11940 3696)
6(1407 1408 14452 1424 7797 1423)
4(926 4612 4703 4611)
4(927 4611 4703 4614)
4(942 3696 4703 4612)
4(943 4614 4703 3696)
4(943 3696 11940 7463)
4(1423 7797 11940 7462)
4(1424 7463 11940 7797)
4(943 7463 14550 4614)
4(1408 14409 14550 14452)
4(1424 14452 14550 7463)
4(927 4614 4705 4613)
4(14545 4613 4705 14361)
4(4705 4614 14550 14361)
4(14550 14409 14545 14361)
4(928 4616 4706 4615)
4(11926 4615 4706 5145)
4(4706 4616 11941 5145)
4(11941 7453 11926 5145)
4(928 7453 11941 4616)
4(929 3682 4381 3681)
4(929 3681 11928 7454)
4(929 7454 11943 3682)
4(11943 7454 11928 5146)
4(932 3685 4385 3684)
4(11936 3684 4385 5147)
4(11947 7457 11936 5147)
4(932 3684 11936 7457)
4(933 3687 4388 3686)
4(933 7458 11948 3687)
4(11937 3686 4388 5148)
4(4388 3687 11948 5148)
4(11948 7458 11937 5148)
4(934 3688 4708 4617)
4(934 7459 11951 3688)
4(11938 4617 4708 5149)
4(4708 3688 11951 5149)
4(11951 7459 11938 5149)
4(935 4619 4710 4618)
4(935 7460 11954 4619)
4(14548 4618 4710 14362)
4(4710 4619 11954 14362)
4(11954 7460 14548 14362)
6(937 3690 950 7470 1431 1418)
4(949 7469 11958 3708)
6(1417 1418 1431 7816 1430 14455)
4(936 4621 4711 4620)
4(937 4620 4711 3690)
4(949 3708 4711 4621)
4(950 3690 4711 3708)
4(950 3708 11958 7470)
4(1430 7816 11958 7469)
4(1431 7470 11958 7816)
4(936 14410 14552 4621)
4(949 4621 14552 7469)
4(1417 14455 14552 14410)
4(1430 7469 14552 14455)
6(938 3692 951 7471 1432 1419)
4(950 7470 11959 3710)
5(1418 1419 1432 7819 1431)
4(937 3690 4395 3689)
4(938 3689 4395 3692)
4(950 3710 4395 3690)
4(951 3692 4395 3710)
4(951 3710 11959 7471)
4(1431 7819 11959 7470)
4(1432 7471 11959 7819)
6(939 3693 952 7472 1433 1420)
4(951 7471 11960 3712)
5(1419 1420 1433 7822 1432)
4(938 3692 4398 3691)
4(939 3691 4398 3693)
4(951 3712 4398 3692)
4(952 3693 4398 3712)
4(952 3712 11960 7472)
4(1432 7822 11960 7471)
4(1433 7472 11960 7822)
4(940 4624 14554 14411)
4(952 7472 11961 3714)
6(1420 1421 14458 1434 7825 1433)
4(939 3693 4713 4622)
4(940 4622 4713 4624)
4(952 3714 4713 3693)
4(953 4624 4713 3714)
4(953 3714 11961 7473)
4(1433 7825 11961 7472)
4(1434 7473 11961 7825)
4(953 7473 14554 4624)
4(1421 14411 14554 14458)
4(1434 14458 14554 7473)
4(940 4624 4714 4623)
4(14549 4623 4714 14363)
4(4714 4624 14554 14363)
4(14554 14411 14549 14363)
4(941 3695 4404 3694)
4(11939 3694 4404 5150)
4(4404 3695 11962 5150)
4(11962 7461 11939 5150)
4(941 7461 11962 3695)
4(942 3697 4407 3696)
4(942 7462 11964 3697)
4(11940 3696 4407 5151)
4(4407 3697 11964 5151)
4(11964 7462 11940 5151)
4(943 3699 4410 3698)
4(943 7463 11967 3699)
4(11942 3698 4410 5152)
4(4410 3699 11967 5152)
4(11967 7463 11942 5152)
4(943 3698 11942 7463)
4(947 3705 4413 3704)
4(947 3704 11955 7467)
4(11955 3704 4413 5153)
4(11973 7467 11955 5153)
4(948 3707 4416 3706)
4(948 7468 11974 3707)
4(11957 3706 4416 5154)
4(11974 7468 11957 5154)
4(948 3706 11957 7468)
4(949 3709 4419 3708)
4(949 7469 11976 3709)
4(11958 3708 4419 5155)
4(4419 3709 11976 5155)
4(11976 7469 11958 5155)
4(950 3711 4422 3710)
4(950 7470 11979 3711)
4(11959 3710 4422 5156)
4(4422 3711 11979 5156)
4(11979 7470 11959 5156)
4(951 3713 4425 3712)
4(951 7471 11982 3713)
4(11960 3712 4425 5157)
4(4425 3713 11982 5157)
4(11982 7471 11960 5157)
4(952 3715 4428 3714)
4(952 7472 11985 3715)
4(11961 3714 4428 5158)
4(4428 3715 11985 5158)
4(11985 7472 11961 5158)
4(953 3717 4431 3716)
4(953 7473 11988 3717)
4(11963 3716 4431 5159)
4(4431 3717 11988 5159)
4(11988 7473 11963 5159)
4(953 3716 11963 7473)
4(954 3719 4433 3718)
4(954 3718 11965 7474)
4(954 7474 11991 3719)
4(11965 3718 4433 5160)
4(11991 7474 11965 5160)
4(962 7486 11701 7485)
4(962 7487 12008 7486)
4(11997 7485 11701 5163)
4(11701 7486 12008 5163)
4(12008 7487 11997 5163)
4(963 7489 11704 7488)
4(963 7490 12011 7489)
4(11998 7488 11704 5164)
4(11704 7489 12011 5164)
4(12011 7490 11998 5164)
4(964 7492 11707 7491)
4(964 7493 12014 7492)
4(11999 7491 11707 5165)
4(11707 7492 12014 5165)
4(12014 7493 11999 5165)
4(965 7495 11710 7494)
4(965 7496 12017 7495)
4(12000 7494 11710 5166)
4(11710 7495 12017 5166)
4(12017 7496 12000 5166)
4(966 7498 11713 7497)
4(966 7499 12020 7498)
4(11713 7498 12020 5167)
4(12020 7499 12001 5167)
4(967 7505 11726 7504)
4(967 7506 12033 7505)
4(12004 7504 11726 5170)
4(11726 7505 12033 5170)
4(12033 7506 12004 5170)
4(968 7508 11729 7507)
4(968 7507 12006 7509)
4(968 7509 12036 7508)
4(12006 7507 11729 5171)
4(11729 7508 12036 5171)
4(12036 7509 12006 5171)
4(969 7510 12009 7512)
4(969 7512 12039 7511)
4(969 7511 14510 7510)
4(12009 7510 14510 14364)
4(14510 7511 12039 14364)
4(12039 7512 12009 14364)
5(971 984 1465 1452 7516)
5(983 14416 1464 1465 984)
6(1451 7881 1452 1465 1464 14460)
4(970 7513 12012 7514)
4(971 7516 12012 7513)
4(1451 7514 12012 7881)
4(1452 7881 12012 7516)
4(970 7514 14556 14412)
4(983 14412 14556 14416)
4(1451 14460 14556 7514)
4(1464 14416 14556 14460)
5(972 985 1466 1453 7518)
4(984 1465 1466 985)
5(1452 7883 1453 1466 1465)
4(971 7515 12015 7516)
4(972 7518 12015 7515)
4(1452 7516 12015 7883)
4(1453 7883 12015 7518)
5(973 986 1467 1454 7520)
4(985 1466 1467 986)
5(1453 7885 1454 1467 1466)
4(972 7517 12018 7518)
4(973 7520 12018 7517)
4(1453 7518 12018 7885)
4(1454 7885 12018 7520)
4(974 14413 14559 7522)
5(986 1467 1468 14418 987)
6(1454 7887 1455 14461 1468 1467)
4(973 7519 12021 7520)
4(974 7522 12021 7519)
4(1454 7520 12021 7887)
4(1455 7887 12021 7522)
4(987 14418 14559 14413)
4(1455 7522 14559 14461)
4(1468 14461 14559 14418)
4(974 7521 12024 7522)
4(974 14413 14513 7521)
4(12024 7521 14513 14365)
4(14513 14413 14559 14365)
4(14559 7522 12024 14365)
4(975 7524 11733 7523)
4(975 7523 12027 7525)
4(12027 7523 11733 5172)
4(11733 7524 12042 5172)
4(12042 7525 12027 5172)
4(975 7525 12042 7524)
4(976 7527 11736 7526)
4(976 7528 12043 7527)
4(12029 7526 11736 5173)
4(11736 7527 12043 5173)
4(12043 7528 12029 5173)
4(977 7530 11739 7529)
4(977 7531 12046 7530)
4(11739 7530 12046 5174)
4(12046 7531 12030 5174)
4(978 7534 11746 7533)
4(12032 7533 11746 5176)
4(11746 7534 12053 5176)
4(12053 7535 12032 5176)
4(979 7536 12034 7538)
4(979 7538 12056 7537)
4(979 7537 14516 7536)
4(12034 7536 14516 14366)
4(14516 7537 12056 14366)
4(12056 7538 12034 14366)
5(981 997 1478 1462 7542)
5(996 14421 1477 1478 997)
6(1461 7907 1462 1478 1477 14462)
4(980 7539 12037 7540)
4(981 7542 12037 7539)
4(1461 7540 12037 7907)
4(1462 7907 12037 7542)
4(980 7540 14562 14414)
4(996 14414 14562 14421)
4(1461 14462 14562 7540)
4(1477 14421 14562 14462)
5(982 998 1479 1463 7543)
4(997 1478 1479 998)
5(1462 7909 1463 1479 1478)
4(981 7541 12040 7542)
4(982 7543 12040 7541)
4(1462 7542 12040 7909)
4(1463 7909 12040 7543)
5(983 999 1480 1464 14416)
4(998 1479 1480 999)
5(1463 14463 1464 1480 1479)
4(982 14415 14557 7543)
4(983 14416 14557 14415)
4(1463 7543 14557 14463)
4(1464 14463 14557 14416)
4(984 1000 1481 1465)
4(999 1480 1481 1000)
4(1464 1465 1481 1480)
4(985 1001 1482 1466)
4(1000 1481 1482 1001)
4(1465 1466 1482 1481)
4(986 1002 1483 1467)
4(1001 1482 1483 1002)
4(1466 1467 1483 1482)
5(987 1003 1484 1468 14418)
4(1002 1483 1484 1003)
4(1467 1468 1484 1483)
5(988 1004 1485 1469 7545)
4(1003 1484 1485 1004)
5(1468 14465 1469 1485 1484)
4(987 14417 14560 14418)
4(988 7545 14560 14417)
4(1468 14418 14560 14465)
4(1469 14465 14560 7545)
5(989 1005 1486 1470 7547)
4(1004 1485 1486 1005)
5(1469 7912 1470 1486 1485)
4(988 7544 12044 7545)
4(989 7547 12044 7544)
4(1469 7545 12044 7912)
4(1470 7912 12044 7547)
4(990 14419 14565 7549)
5(1005 1486 1487 14423 1006)
6(1470 7914 1471 14467 1487 1486)
4(989 7546 12047 7547)
4(990 7549 12047 7546)
4(1470 7547 12047 7914)
4(1471 7914 12047 7549)
4(1006 14423 14565 14419)
4(1471 7549 14565 14467)
4(1487 14467 14565 14423)
4(990 7548 12050 7549)
4(990 14419 14519 7548)
4(12050 7548 14519 14367)
4(14519 14419 14565 14367)
4(14565 7549 12050 14367)
4(991 7551 11750 7550)
4(12052 7550 11750 5177)
4(11750 7551 12059 5177)
4(12059 7552 12052 5177)
4(991 7552 12059 7551)
4(993 7556 11758 7555)
4(12054 7555 11758 5180)
4(11758 7556 12065 5180)
4(12065 7557 12054 5180)
5(995 1013 1494 1476 7561)
5(1012 7575 1493 1494 1013)
6(1475 7926 1476 1494 1493 7927)
4(994 7558 12057 7560)
4(995 7561 12057 7558)
4(1475 7560 12057 7926)
4(1476 7926 12057 7561)
4(994 7560 12068 7559)
4(1012 7559 12068 7575)
4(1475 7927 12068 7560)
4(1493 7575 12068 7927)
5(996 1014 1495 1477 14421)
4(1013 1494 1495 1014)
5(1476 14468 1477 1495 1494)
4(995 14420 14563 7561)
4(996 14421 14563 14420)
4(1476 7561 14563 14468)
4(1477 14468 14563 14421)
4(997 1015 1496 1478)
4(1014 1495 1496 1015)
4(1477 1478 1496 1495)
4(998 1016 1497 1479)
4(1015 1496 1497 1016)
4(1478 1479 1497 1496)
4(999 1017 1498 1480)
4(1016 1497 1498 1017)
4(1479 1480 1498 1497)
4(1000 1018 1499 1481)
4(1017 1498 1499 1018)
4(1480 1481 1499 1498)
4(1001 1019 1500 1482)
4(1018 1499 1500 1019)
4(1481 1482 1500 1499)
4(1002 1020 1501 1483)
4(1019 1500 1501 1020)
4(1482 1483 1501 1500)
4(1003 1021 1502 1484)
4(1020 1501 1502 1021)
4(1483 1484 1502 1501)
4(1004 1022 1503 1485)
4(1021 1502 1503 1022)
4(1484 1485 1503 1502)
4(1005 1023 1504 1486)
4(1022 1503 1504 1023)
4(1485 1486 1504 1503)
5(1006 1024 1505 1487 14423)
4(1023 1504 1505 1024)
4(1486 1487 1505 1504)
5(1007 1025 1506 1488 7563)
4(1024 1505 1506 1025)
5(1487 14470 1488 1506 1505)
4(1006 14422 14566 14423)
4(1007 7563 14566 14422)
4(1487 14423 14566 14470)
4(1488 14470 14566 7563)
4(1008 7565 12071 7566)
5(1025 1506 1507 7577 1026)
6(1488 7930 1489 7933 1507 1506)
4(1007 7562 12061 7563)
4(1008 7566 12061 7562)
4(1488 7563 12061 7930)
4(1489 7930 12061 7566)
4(1026 7577 12071 7565)
4(1489 7566 12071 7933)
4(1507 7933 12071 7577)
4(1008 7565 11762 7564)
4(1008 7564 12063 7566)
4(12063 7564 11762 5181)
4(11762 7565 12071 5181)
4(12071 7566 12063 5181)
4(1010 7570 11770 7569)
4(12066 7569 11770 5184)
4(11770 7570 12077 5184)
4(12077 7571 12066 5184)
5(1012 1032 1513 1493 7575)
5(1031 7589 1512 1513 1032)
6(1492 7940 1493 1513 1512 7941)
4(1011 7572 12069 7574)
4(1012 7575 12069 7572)
4(1492 7574 12069 7940)
4(1493 7940 12069 7575)
4(1011 7574 12080 7573)
4(1031 7573 12080 7589)
4(1492 7941 12080 7574)
4(1512 7589 12080 7941)
4(1013 1033 1514 1494)
4(1032 1513 1514 1033)
4(1493 1494 1514 1513)
4(1014 1034 1515 1495)
4(1033 1514 1515 1034)
4(1494 1495 1515 1514)
4(1015 1035 1516 1496)
4(1034 1515 1516 1035)
4(1495 1496 1516 1515)
4(1016 1036 1517 1497)
4(1035 1516 1517 1036)
4(1496 1497 1517 1516)
4(1017 1037 1518 1498)
4(1036 1517 1518 1037)
4(1497 1498 1518 1517)
4(1018 1038 1519 1499)
4(1037 1518 1519 1038)
4(1498 1499 1519 1518)
4(1019 1039 1520 1500)
4(1038 1519 1520 1039)
4(1499 1500 1520 1519)
4(1020 1040 1521 1501)
4(1039 1520 1521 1040)
4(1500 1501 1521 1520)
4(1021 1041 1522 1502)
4(1040 1521 1522 1041)
4(1501 1502 1522 1521)
4(1022 1042 1523 1503)
4(1041 1522 1523 1042)
4(1502 1503 1523 1522)
4(1023 1043 1524 1504)
4(1042 1523 1524 1043)
4(1503 1504 1524 1523)
4(1024 1044 1525 1505)
4(1043 1524 1525 1044)
4(1504 1505 1525 1524)
4(1025 1045 1526 1506)
4(1044 1525 1526 1045)
4(1505 1506 1526 1525)
5(1026 1046 1527 1507 7577)
4(1045 1526 1527 1046)
4(1506 1507 1527 1526)
4(1027 7579 12083 7580)
5(1046 1527 1528 7591 1047)
6(1507 7944 1508 7947 1528 1527)
4(1026 7576 12073 7577)
4(1027 7580 12073 7576)
4(1507 7577 12073 7944)
4(1508 7944 12073 7580)
4(1047 7591 12083 7579)
4(1508 7580 12083 7947)
4(1528 7947 12083 7591)
4(1027 7579 11774 7578)
4(1027 7578 12075 7580)
4(12075 7578 11774 5185)
4(11774 7579 12083 5185)
4(12083 7580 12075 5185)
4(1029 7584 11781 7583)
4(12078 7583 11781 5187)
4(11781 7584 12089 5187)
4(12089 7585 12078 5187)
5(1031 1052 1533 1512 7589)
5(1051 7602 1532 1533 1052)
6(1511 7954 1512 1533 1532 7955)
4(1030 7586 12081 7588)
4(1031 7589 12081 7586)
4(1511 7588 12081 7954)
4(1512 7954 12081 7589)
4(1030 7588 12091 7587)
4(1051 7587 12091 7602)
4(1511 7955 12091 7588)
4(1532 7602 12091 7955)
4(1032 1053 1534 1513)
4(1052 1533 1534 1053)
4(1512 1513 1534 1533)
4(1033 1054 1535 1514)
4(1053 1534 1535 1054)
4(1513 1514 1535 1534)
4(1034 1055 1536 1515)
4(1054 1535 1536 1055)
4(1514 1515 1536 1535)
4(1035 1056 1537 1516)
4(1055 1536 1537 1056)
4(1515 1516 1537 1536)
4(1036 1057 1538 1517)
4(1056 1537 1538 1057)
4(1516 1517 1538 1537)
4(1037 1058 1539 1518)
4(1057 1538 1539 1058)
4(1517 1518 1539 1538)
4(1038 1059 1540 1519)
4(1058 1539 1540 1059)
4(1518 1519 1540 1539)
4(1039 1060 1541 1520)
4(1059 1540 1541 1060)
4(1519 1520 1541 1540)
4(1040 1061 1542 1521)
4(1060 1541 1542 1061)
4(1520 1521 1542 1541)
4(1041 1062 1543 1522)
4(1061 1542 1543 1062)
4(1521 1522 1543 1542)
4(1042 1063 1544 1523)
4(1062 1543 1544 1063)
4(1522 1523 1544 1543)
4(1043 1064 1545 1524)
4(1063 1544 1545 1064)
4(1523 1524 1545 1544)
4(1044 1065 1546 1525)
4(1064 1545 1546 1065)
4(1524 1525 1546 1545)
4(1045 1066 1547 1526)
4(1065 1546 1547 1066)
4(1525 1526 1547 1546)
4(1046 1067 1548 1527)
4(1066 1547 1548 1067)
4(1526 1527 1548 1547)
5(1047 1068 1549 1528 7591)
4(1067 1548 1549 1068)
4(1527 1528 1549 1548)
4(1048 7593 12094 7594)
5(1068 1549 1550 7604 1069)
6(1528 7958 1529 7961 1550 1549)
4(1047 7590 12085 7591)
4(1048 7594 12085 7590)
4(1528 7591 12085 7958)
4(1529 7958 12085 7594)
4(1069 7604 12094 7593)
4(1529 7594 12094 7961)
4(1550 7961 12094 7604)
4(1048 7593 11785 7592)
4(1048 7592 12087 7594)
4(12087 7592 11785 5188)
4(11785 7593 12094 5188)
4(12094 7594 12087 5188)
4(1050 7599 12092 7601)
4(1050 7601 12100 7600)
4(1050 7600 14522 7599)
4(12092 7599 14522 14368)
4(14522 7600 12100 14368)
4(12100 7601 12092 14368)
4(1052 1074 1555 1533)
5(1073 14427 1554 1555 1074)
5(1532 1533 1555 1554 14472)
4(1051 7602 14568 14424)
4(1073 14424 14568 14427)
4(1532 14472 14568 7602)
4(1554 14427 14568 14472)
4(1053 1075 1556 1534)
4(1074 1555 1556 1075)
4(1533 1534 1556 1555)
4(1054 1076 1557 1535)
4(1075 1556 1557 1076)
4(1534 1535 1557 1556)
4(1055 1077 1558 1536)
4(1076 1557 1558 1077)
4(1535 1536 1558 1557)
4(1056 1078 1559 1537)
4(1077 1558 1559 1078)
4(1536 1537 1559 1558)
4(1057 1079 1560 1538)
4(1078 1559 1560 1079)
4(1537 1538 1560 1559)
4(1058 1080 1561 1539)
4(1079 1560 1561 1080)
4(1538 1539 1561 1560)
4(1059 1081 1562 1540)
4(1080 1561 1562 1081)
4(1539 1540 1562 1561)
4(1060 1082 1563 1541)
4(1081 1562 1563 1082)
4(1540 1541 1563 1562)
4(1061 1083 1564 1542)
4(1082 1563 1564 1083)
4(1541 1542 1564 1563)
4(1062 1084 1565 1543)
4(1083 1564 1565 1084)
4(1542 1543 1565 1564)
4(1063 1085 1566 1544)
4(1084 1565 1566 1085)
4(1543 1544 1566 1565)
4(1064 1086 1567 1545)
4(1085 1566 1567 1086)
4(1544 1545 1567 1566)
4(1065 1087 1568 1546)
4(1086 1567 1568 1087)
4(1545 1546 1568 1567)
4(1066 1088 1569 1547)
4(1087 1568 1569 1088)
4(1546 1547 1569 1568)
4(1067 1089 1570 1548)
4(1088 1569 1570 1089)
4(1547 1548 1570 1569)
4(1068 1090 1571 1549)
4(1089 1570 1571 1090)
4(1548 1549 1571 1570)
4(1069 14425 14571 7604)
5(1090 1571 1572 14429 1091)
5(1549 1550 14473 1572 1571)
4(1091 14429 14571 14425)
4(1550 7604 14571 14473)
4(1572 14473 14571 14429)
4(1069 7603 12096 7604)
4(1069 14425 14525 7603)
4(12096 7603 14525 14369)
4(14525 14425 14571 14369)
4(14571 7604 12096 14369)
4(1070 7606 11794 7605)
4(11794 7606 12103 5190)
4(12103 7607 12098 5190)
4(1070 7607 12103 7606)
4(1071 7610 11799 7609)
4(1071 7609 12101 7611)
4(12101 7609 11799 5191)
4(11799 7610 12107 5191)
4(12107 7611 12101 5191)
5(1073 1096 1577 1554 14427)
5(1095 7624 1576 1577 1096)
6(1553 14474 1554 1577 1576 7980)
4(1072 7613 12109 7612)
4(1095 7612 12109 7624)
4(1553 7980 12109 7613)
4(1576 7624 12109 7980)
4(1072 14426 14569 7613)
4(1073 14427 14569 14426)
4(1553 7613 14569 14474)
4(1554 14474 14569 14427)
4(1074 1097 1578 1555)
4(1096 1577 1578 1097)
4(1554 1555 1578 1577)
4(1075 1098 1579 1556)
4(1097 1578 1579 1098)
4(1555 1556 1579 1578)
4(1076 1099 1580 1557)
4(1098 1579 1580 1099)
4(1556 1557 1580 1579)
4(1077 1100 1581 1558)
4(1099 1580 1581 1100)
4(1557 1558 1581 1580)
4(1078 1101 1582 1559)
4(1100 1581 1582 1101)
4(1558 1559 1582 1581)
4(1079 1102 1583 1560)
4(1101 1582 1583 1102)
4(1559 1560 1583 1582)
4(1080 1103 1584 1561)
4(1102 1583 1584 1103)
4(1560 1561 1584 1583)
4(1081 1104 1585 1562)
4(1103 1584 1585 1104)
4(1561 1562 1585 1584)
4(1082 1105 1586 1563)
4(1104 1585 1586 1105)
4(1562 1563 1586 1585)
4(1083 1106 1587 1564)
4(1105 1586 1587 1106)
4(1563 1564 1587 1586)
4(1084 1107 1588 1565)
4(1106 1587 1588 1107)
4(1564 1565 1588 1587)
4(1085 1108 1589 1566)
4(1107 1588 1589 1108)
4(1565 1566 1589 1588)
4(1086 1109 1590 1567)
4(1108 1589 1590 1109)
4(1566 1567 1590 1589)
4(1087 1110 1591 1568)
4(1109 1590 1591 1110)
4(1567 1568 1591 1590)
4(1088 1111 1592 1569)
4(1110 1591 1592 1111)
4(1568 1569 1592 1591)
4(1089 1112 1593 1570)
4(1111 1592 1593 1112)
4(1569 1570 1593 1592)
4(1090 1113 1594 1571)
4(1112 1593 1594 1113)
4(1570 1571 1594 1593)
5(1091 1114 1595 1572 14429)
4(1113 1594 1595 1114)
4(1571 1572 1595 1594)
4(1092 7615 12112 7616)
5(1114 1595 1596 7627 1115)
6(1572 14476 1573 7983 1596 1595)
4(1115 7627 12112 7615)
4(1573 7616 12112 7983)
4(1596 7983 12112 7627)
4(1091 14428 14572 14429)
4(1092 7616 14572 14428)
4(1572 14429 14572 14476)
4(1573 14476 14572 7616)
4(1092 7615 11803 7614)
4(1092 7614 12105 7616)
4(12105 7614 11803 5192)
4(11803 7615 12112 5192)
4(12112 7616 12105 5192)
4(1094 7621 11810 7620)
4(1094 7620 12110 7622)
4(1094 7622 12117 7621)
4(12110 7620 11810 5194)
4(11810 7621 12117 5194)
4(12117 7622 12110 5194)
4(1096 1119 1600 1577)
5(1118 7636 1599 1600 1119)
5(1576 1577 1600 1599 7991)
4(1095 7624 12120 7623)
4(1118 7623 12120 7636)
4(1576 7991 12120 7624)
4(1599 7636 12120 7991)
4(1097 1120 1601 1578)
4(1119 1600 1601 1120)
4(1577 1578 1601 1600)
4(1098 1121 1602 1579)
4(1120 1601 1602 1121)
4(1578 1579 1602 1601)
4(1099 1122 1603 1580)
4(1121 1602 1603 1122)
4(1579 1580 1603 1602)
4(1100 1123 1604 1581)
4(1122 1603 1604 1123)
4(1580 1581 1604 1603)
4(1101 1124 1605 1582)
4(1123 1604 1605 1124)
4(1581 1582 1605 1604)
4(1102 1125 1606 1583)
4(1124 1605 1606 1125)
4(1582 1583 1606 1605)
4(1103 1126 1607 1584)
4(1125 1606 1607 1126)
4(1583 1584 1607 1606)
4(1104 1127 1608 1585)
4(1126 1607 1608 1127)
4(1584 1585 1608 1607)
4(1105 1128 1609 1586)
4(1127 1608 1609 1128)
4(1585 1586 1609 1608)
4(1106 1129 1610 1587)
4(1128 1609 1610 1129)
4(1586 1587 1610 1609)
4(1107 1130 1611 1588)
4(1129 1610 1611 1130)
4(1587 1588 1611 1610)
4(1108 1131 1612 1589)
4(1130 1611 1612 1131)
4(1588 1589 1612 1611)
4(1109 1132 1613 1590)
4(1131 1612 1613 1132)
4(1589 1590 1613 1612)
4(1110 1133 1614 1591)
4(1132 1613 1614 1133)
4(1590 1591 1614 1613)
4(1111 1134 1615 1592)
4(1133 1614 1615 1134)
4(1591 1592 1615 1614)
4(1112 1135 1616 1593)
4(1134 1615 1616 1135)
4(1592 1593 1616 1615)
4(1113 1136 1617 1594)
4(1135 1616 1617 1136)
4(1593 1594 1617 1616)
4(1114 1137 1618 1595)
4(1136 1617 1618 1137)
4(1594 1595 1618 1617)
4(1115 7626 12123 7627)
5(1137 1618 1619 7638 1138)
5(1595 1596 7994 1619 1618)
4(1138 7638 12123 7626)
4(1596 7627 12123 7994)
4(1619 7994 12123 7638)
4(1115 7626 11814 7625)
4(1115 7625 12114 7627)
4(12114 7625 11814 5195)
4(11814 7626 12123 5195)
4(12123 7627 12114 5195)
4(1116 7629 11816 7628)
4(1116 7630 12124 7629)
4(11816 7629 12124 5196)
4(12124 7630 12116 5196)
4(1117 7633 12121 7635)
4(1117 7635 12130 7634)
4(1117 7634 14528 7633)
4(12121 7633 14528 14370)
4(14528 7634 12130 14370)
4(12130 7635 12121 14370)
4(1119 1143 1624 1600)
5(1142 14433 1623 1624 1143)
5(1599 1600 1624 1623 14478)
4(1118 7636 14574 14430)
4(1142 14430 14574 14433)
4(1599 14478 14574 7636)
4(1623 14433 14574 14478)
4(1120 1144 1625 1601)
4(1143 1624 1625 1144)
4(1600 1601 1625 1624)
4(1121 1145 1626 1602)
4(1144 1625 1626 1145)
4(1601 1602 1626 1625)
4(1122 1146 1627 1603)
4(1145 1626 1627 1146)
4(1602 1603 1627 1626)
4(1123 1147 1628 1604)
4(1146 1627 1628 1147)
4(1603 1604 1628 1627)
4(1124 1148 1629 1605)
4(1147 1628 1629 1148)
4(1604 1605 1629 1628)
4(1125 1149 1630 1606)
4(1148 1629 1630 1149)
4(1605 1606 1630 1629)
4(1126 1150 1631 1607)
4(1149 1630 1631 1150)
4(1606 1607 1631 1630)
4(1127 1151 1632 1608)
4(1150 1631 1632 1151)
4(1607 1608 1632 1631)
4(1128 1152 1633 1609)
4(1151 1632 1633 1152)
4(1608 1609 1633 1632)
4(1129 1153 1634 1610)
4(1152 1633 1634 1153)
4(1609 1610 1634 1633)
4(1130 1154 1635 1611)
4(1153 1634 1635 1154)
4(1610 1611 1635 1634)
4(1131 1155 1636 1612)
4(1154 1635 1636 1155)
4(1611 1612 1636 1635)
4(1132 1156 1637 1613)
4(1155 1636 1637 1156)
4(1612 1613 1637 1636)
4(1133 1157 1638 1614)
4(1156 1637 1638 1157)
4(1613 1614 1638 1637)
4(1134 1158 1639 1615)
4(1157 1638 1639 1158)
4(1614 1615 1639 1638)
4(1135 1159 1640 1616)
4(1158 1639 1640 1159)
4(1615 1616 1640 1639)
4(1136 1160 1641 1617)
4(1159 1640 1641 1160)
4(1616 1617 1641 1640)
4(1137 1161 1642 1618)
4(1160 1641 1642 1161)
4(1617 1618 1642 1641)
4(1138 14431 14577 7638)
5(1161 1642 1643 14435 1162)
5(1618 1619 14479 1643 1642)
4(1162 14435 14577 14431)
4(1619 7638 14577 14479)
4(1643 14479 14577 14435)
4(1138 7637 12125 7638)
4(1138 14431 14531 7637)
4(12125 7637 14531 14371)
4(14531 14431 14577 14371)
4(14577 7638 12125 14371)
4(1139 7640 11824 7639)
4(1139 7639 12127 7641)
4(11824 7640 12133 5198)
4(12133 7641 12127 5198)
4(1139 7641 12133 7640)
4(1140 7644 11828 7643)
4(1140 7643 12131 7645)
4(12131 7643 11828 5199)
4(11828 7644 12137 5199)
4(12137 7645 12131 5199)
5(1142 1167 1648 1623 14433)
5(1166 7657 1647 1648 1167)
6(1622 14480 1623 1648 1647 8014)
4(1141 7647 12138 7646)
4(1166 7646 12138 7657)
4(1622 8014 12138 7647)
4(1647 7657 12138 8014)
4(1141 14432 14575 7647)
4(1142 14433 14575 14432)
4(1622 7647 14575 14480)
4(1623 14480 14575 14433)
4(1143 1168 1649 1624)
4(1167 1648 1649 1168)
4(1623 1624 1649 1648)
4(1144 1169 1650 1625)
4(1168 1649 1650 1169)
4(1624 1625 1650 1649)
4(1145 1170 1651 1626)
4(1169 1650 1651 1170)
4(1625 1626 1651 1650)
4(1146 1171 1652 1627)
4(1170 1651 1652 1171)
4(1626 1627 1652 1651)
4(1147 1172 1653 1628)
4(1171 1652 1653 1172)
4(1627 1628 1653 1652)
4(1148 1173 1654 1629)
4(1172 1653 1654 1173)
4(1628 1629 1654 1653)
4(1149 1174 1655 1630)
4(1173 1654 1655 1174)
4(1629 1630 1655 1654)
4(1150 1175 1656 1631)
4(1174 1655 1656 1175)
4(1630 1631 1656 1655)
4(1151 1176 1657 1632)
4(1175 1656 1657 1176)
4(1631 1632 1657 1656)
4(1152 1177 1658 1633)
4(1176 1657 1658 1177)
4(1632 1633 1658 1657)
4(1153 1178 1659 1634)
4(1177 1658 1659 1178)
4(1633 1634 1659 1658)
4(1154 1179 1660 1635)
4(1178 1659 1660 1179)
4(1634 1635 1660 1659)
4(1155 1180 1661 1636)
4(1179 1660 1661 1180)
4(1635 1636 1661 1660)
4(1156 1181 1662 1637)
4(1180 1661 1662 1181)
4(1636 1637 1662 1661)
4(1157 1182 1663 1638)
4(1181 1662 1663 1182)
4(1637 1638 1663 1662)
4(1158 1183 1664 1639)
4(1182 1663 1664 1183)
4(1638 1639 1664 1663)
4(1159 1184 1665 1640)
4(1183 1664 1665 1184)
4(1639 1640 1665 1664)
4(1160 1185 1666 1641)
4(1184 1665 1666 1185)
4(1640 1641 1666 1665)
4(1161 1186 1667 1642)
4(1185 1666 1667 1186)
4(1641 1642 1667 1666)
5(1162 1187 1668 1643 14435)
4(1186 1667 1668 1187)
4(1642 1643 1668 1667)
4(1163 7649 12141 7650)
5(1187 1668 1669 7660 1188)
6(1643 14482 1644 8017 1669 1668)
4(1188 7660 12141 7649)
4(1644 7650 12141 8017)
4(1669 8017 12141 7660)
4(1162 14434 14578 14435)
4(1163 7650 14578 14434)
4(1643 14435 14578 14482)
4(1644 14482 14578 7650)
4(1163 7649 11832 7648)
4(1163 7648 12135 7650)
4(12135 7648 11832 5200)
4(11832 7649 12141 5200)
4(12141 7650 12135 5200)
4(1165 7654 11836 7653)
4(1165 7653 12139 7655)
4(12139 7653 11836 5201)
4(11836 7654 12145 5201)
4(12145 7655 12139 5201)
4(1167 1192 1673 1648)
5(1191 7667 1672 1673 1192)
5(1647 1648 1673 1672 8024)
4(1166 7657 12146 7656)
4(1191 7656 12146 7667)
4(1647 8024 12146 7657)
4(1672 7667 12146 8024)
4(1168 1193 1674 1649)
4(1192 1673 1674 1193)
4(1648 1649 1674 1673)
4(1169 1194 1675 1650)
4(1193 1674 1675 1194)
4(1649 1650 1675 1674)
4(1170 1195 1676 1651)
4(1194 1675 1676 1195)
4(1650 1651 1676 1675)
4(1171 1196 1677 1652)
4(1195 1676 1677 1196)
4(1651 1652 1677 1676)
4(1172 1197 1678 1653)
4(1196 1677 1678 1197)
4(1652 1653 1678 1677)
4(1173 1198 1679 1654)
4(1197 1678 1679 1198)
4(1653 1654 1679 1678)
4(1174 1199 1680 1655)
4(1198 1679 1680 1199)
4(1654 1655 1680 1679)
4(1175 1200 1681 1656)
4(1199 1680 1681 1200)
4(1655 1656 1681 1680)
4(1176 1201 1682 1657)
4(1200 1681 1682 1201)
4(1656 1657 1682 1681)
4(1177 1202 1683 1658)
4(1201 1682 1683 1202)
4(1657 1658 1683 1682)
4(1178 1203 1684 1659)
4(1202 1683 1684 1203)
4(1658 1659 1684 1683)
4(1179 1204 1685 1660)
4(1203 1684 1685 1204)
4(1659 1660 1685 1684)
4(1180 1205 1686 1661)
4(1204 1685 1686 1205)
4(1660 1661 1686 1685)
4(1181 1206 1687 1662)
4(1205 1686 1687 1206)
4(1661 1662 1687 1686)
4(1182 1207 1688 1663)
4(1206 1687 1688 1207)
4(1662 1663 1688 1687)
4(1183 1208 1689 1664)
4(1207 1688 1689 1208)
4(1663 1664 1689 1688)
4(1184 1209 1690 1665)
4(1208 1689 1690 1209)
4(1664 1665 1690 1689)
4(1185 1210 1691 1666)
4(1209 1690 1691 1210)
4(1665 1666 1691 1690)
4(1186 1211 1692 1667)
4(1210 1691 1692 1211)
4(1666 1667 1692 1691)
4(1187 1212 1693 1668)
4(1211 1692 1693 1212)
4(1667 1668 1693 1692)
4(1188 7659 12149 7660)
5(1212 1693 1694 7670 1213)
5(1668 1669 8027 1694 1693)
4(1213 7670 12149 7659)
4(1669 7660 12149 8027)
4(1694 8027 12149 7670)
4(1188 7659 11840 7658)
4(1188 7658 12143 7660)
4(12143 7658 11840 5202)
4(11840 7659 12149 5202)
4(12149 7660 12143 5202)
4(1190 7664 11844 7663)
4(1190 7663 12147 7665)
4(12147 7663 11844 5203)
4(11844 7664 12153 5203)
4(12153 7665 12147 5203)
4(1192 1217 1698 1673)
5(1216 7677 1697 1698 1217)
5(1672 1673 1698 1697 8034)
4(1191 7667 12154 7666)
4(1216 7666 12154 7677)
4(1672 8034 12154 7667)
4(1697 7677 12154 8034)
4(1193 1218 1699 1674)
4(1217 1698 1699 1218)
4(1673 1674 1699 1698)
4(1194 1219 1700 1675)
4(1218 1699 1700 1219)
4(1674 1675 1700 1699)
4(1195 1220 1701 1676)
4(1219 1700 1701 1220)
4(1675 1676 1701 1700)
4(1196 1221 1702 1677)
4(1220 1701 1702 1221)
4(1676 1677 1702 1701)
4(1197 1222 1703 1678)
4(1221 1702 1703 1222)
4(1677 1678 1703 1702)
4(1198 1223 1704 1679)
4(1222 1703 1704 1223)
4(1678 1679 1704 1703)
4(1199 1224 1705 1680)
4(1223 1704 1705 1224)
4(1679 1680 1705 1704)
4(1200 1225 1706 1681)
4(1224 1705 1706 1225)
4(1680 1681 1706 1705)
4(1201 1226 1707 1682)
4(1225 1706 1707 1226)
4(1681 1682 1707 1706)
4(1202 1227 1708 1683)
4(1226 1707 1708 1227)
4(1682 1683 1708 1707)
4(1203 1228 1709 1684)
4(1227 1708 1709 1228)
4(1683 1684 1709 1708)
4(1204 1229 1710 1685)
4(1228 1709 1710 1229)
4(1684 1685 1710 1709)
4(1205 1230 1711 1686)
4(1229 1710 1711 1230)
4(1685 1686 1711 1710)
4(1206 1231 1712 1687)
4(1230 1711 1712 1231)
4(1686 1687 1712 1711)
4(1207 1232 1713 1688)
4(1231 1712 1713 1232)
4(1687 1688 1713 1712)
4(1208 1233 1714 1689)
4(1232 1713 1714 1233)
4(1688 1689 1714 1713)
4(1209 1234 1715 1690)
4(1233 1714 1715 1234)
4(1689 1690 1715 1714)
4(1210 1235 1716 1691)
4(1234 1715 1716 1235)
4(1690 1691 1716 1715)
4(1211 1236 1717 1692)
4(1235 1716 1717 1236)
4(1691 1692 1717 1716)
4(1212 1237 1718 1693)
4(1236 1717 1718 1237)
4(1692 1693 1718 1717)
4(1213 7669 12157 7670)
5(1237 1718 1719 7680 1238)
5(1693 1694 8037 1719 1718)
4(1238 7680 12157 7669)
4(1694 7670 12157 8037)
4(1719 8037 12157 7680)
4(1213 7669 11848 7668)
4(1213 7668 12151 7670)
4(12151 7668 11848 5204)
4(11848 7669 12157 5204)
4(12157 7670 12151 5204)
4(1215 7674 11852 7673)
4(1215 7673 12155 7675)
4(12155 7673 11852 5205)
4(11852 7674 12161 5205)
4(12161 7675 12155 5205)
5(1217 1242 14438 1723 1698)
4(1241 7687 14580 14436)
6(1697 1698 1723 14484 1722 8044)
4(1216 7677 12162 7676)
4(1241 7676 12162 7687)
4(1697 8044 12162 7677)
4(1722 7687 12162 8044)
4(1242 14436 14580 14438)
4(1722 14484 14580 7687)
4(1723 14438 14580 14484)
4(1218 1243 1724 1699)
5(1242 14438 1723 1724 1243)
4(1698 1699 1724 1723)
4(1219 1244 1725 1700)
4(1243 1724 1725 1244)
4(1699 1700 1725 1724)
4(1220 1245 1726 1701)
4(1244 1725 1726 1245)
4(1700 1701 1726 1725)
4(1221 1246 1727 1702)
4(1245 1726 1727 1246)
4(1701 1702 1727 1726)
4(1222 1247 1728 1703)
4(1246 1727 1728 1247)
4(1702 1703 1728 1727)
4(1223 1248 1729 1704)
4(1247 1728 1729 1248)
4(1703 1704 1729 1728)
4(1224 1249 1730 1705)
4(1248 1729 1730 1249)
4(1704 1705 1730 1729)
4(1225 1250 1731 1706)
4(1249 1730 1731 1250)
4(1705 1706 1731 1730)
4(1226 1251 1732 1707)
4(1250 1731 1732 1251)
4(1706 1707 1732 1731)
4(1227 1252 1733 1708)
4(1251 1732 1733 1252)
4(1707 1708 1733 1732)
4(1228 1253 1734 1709)
4(1252 1733 1734 1253)
4(1708 1709 1734 1733)
4(1229 1254 1735 1710)
4(1253 1734 1735 1254)
4(1709 1710 1735 1734)
4(1230 1255 1736 1711)
4(1254 1735 1736 1255)
4(1710 1711 1736 1735)
4(1231 1256 1737 1712)
4(1255 1736 1737 1256)
4(1711 1712 1737 1736)
4(1232 1257 1738 1713)
4(1256 1737 1738 1257)
4(1712 1713 1738 1737)
4(1233 1258 1739 1714)
4(1257 1738 1739 1258)
4(1713 1714 1739 1738)
4(1234 1259 1740 1715)
4(1258 1739 1740 1259)
4(1714 1715 1740 1739)
4(1235 1260 1741 1716)
4(1259 1740 1741 1260)
4(1715 1716 1741 1740)
4(1236 1261 1742 1717)
4(1260 1741 1742 1261)
4(1716 1717 1742 1741)
5(1237 1262 14441 1743 1718)
5(1261 1742 1743 14441 1262)
4(1717 1718 1743 1742)
4(1238 7679 12165 7680)
4(1262 14441 14581 14439)
6(1718 1719 8047 1744 14487 1743)
4(1263 7690 12165 7679)
4(1719 7680 12165 8047)
4(1744 8047 12165 7690)
4(1263 14439 14581 7690)
4(1743 14487 14581 14441)
4(1744 7690 14581 14487)
4(1238 7679 11856 7678)
4(1238 7678 12159 7680)
4(12159 7678 11856 5206)
4(11856 7679 12165 5206)
4(12165 7680 12159 5206)
4(1240 7684 11860 7683)
4(1240 7683 12163 7685)
4(12163 7683 11860 5207)
4(12169 7685 12163 5207)
4(1241 7687 12170 7686)
4(1241 7686 14535 14436)
4(14580 14436 14535 14372)
4(14535 7686 12170 14372)
4(12170 7687 14580 14372)
4(1243 1267 1748 1724)
5(1266 7698 1747 1748 1267)
5(1723 1724 1748 1747 14485)
4(1242 14438 14582 14437)
4(1266 14437 14582 7698)
4(1723 14485 14582 14438)
4(1747 7698 14582 14485)
4(1244 1268 1749 1725)
4(1267 1748 1749 1268)
4(1724 1725 1749 1748)
4(1245 1269 1750 1726)
4(1268 1749 1750 1269)
4(1725 1726 1750 1749)
4(1246 1270 1751 1727)
4(1269 1750 1751 1270)
4(1726 1727 1751 1750)
4(1247 1271 1752 1728)
4(1270 1751 1752 1271)
4(1727 1728 1752 1751)
4(1248 1272 1753 1729)
4(1271 1752 1753 1272)
4(1728 1729 1753 1752)
4(1249 1273 1754 1730)
4(1272 1753 1754 1273)
4(1729 1730 1754 1753)
4(1250 1274 1755 1731)
4(1273 1754 1755 1274)
4(1730 1731 1755 1754)
4(1251 1275 1756 1732)
4(1274 1755 1756 1275)
4(1731 1732 1756 1755)
4(1252 1276 1757 1733)
4(1275 1756 1757 1276)
4(1732 1733 1757 1756)
4(1253 1277 1758 1734)
4(1276 1757 1758 1277)
4(1733 1734 1758 1757)
4(1254 1278 1759 1735)
4(1277 1758 1759 1278)
4(1734 1735 1759 1758)
4(1255 1279 1760 1736)
4(1278 1759 1760 1279)
4(1735 1736 1760 1759)
4(1256 1280 1761 1737)
4(1279 1760 1761 1280)
4(1736 1737 1761 1760)
4(1257 1281 1762 1738)
4(1280 1761 1762 1281)
4(1737 1738 1762 1761)
4(1258 1282 1763 1739)
4(1281 1762 1763 1282)
4(1738 1739 1763 1762)
4(1259 1283 1764 1740)
4(1282 1763 1764 1283)
4(1739 1740 1764 1763)
4(1260 1284 1765 1741)
4(1283 1764 1765 1284)
4(1740 1741 1765 1764)
4(1261 1285 1766 1742)
4(1284 1765 1766 1285)
4(1741 1742 1766 1765)
4(1262 14440 14584 14441)
5(1285 1766 1767 7701 1286)
5(1742 1743 14488 1767 1766)
4(1286 7701 14584 14440)
4(1743 14441 14584 14488)
4(1767 14488 14584 7701)
4(1262 14440 14537 14439)
4(14581 14439 14537 14373)
4(14537 14440 14584 14373)
4(14584 14441 14581 14373)
4(1263 7689 11866 7688)
4(1263 7688 12167 7690)
4(12167 7688 11866 5208)
4(11866 7689 12174 5208)
4(12174 7690 12167 5208)
4(1263 7690 12174 7689)
4(1265 7695 11872 7694)
4(1265 7696 12179 7695)
4(12173 7694 11872 5210)
4(11872 7695 12179 5210)
4(12179 7696 12173 5210)
4(1265 7694 12173 7696)
4(1267 1290 1771 1748)
5(1289 7710 1770 1771 1290)
5(1747 1748 1771 1770 8065)
4(1266 7698 12182 7697)
4(1289 7697 12182 7710)
4(1747 8065 12182 7698)
4(1770 7710 12182 8065)
4(1268 1291 1772 1749)
4(1290 1771 1772 1291)
4(1748 1749 1772 1771)
4(1269 1292 1773 1750)
4(1291 1772 1773 1292)
4(1749 1750 1773 1772)
4(1270 1293 1774 1751)
4(1292 1773 1774 1293)
4(1750 1751 1774 1773)
4(1271 1294 1775 1752)
4(1293 1774 1775 1294)
4(1751 1752 1775 1774)
4(1272 1295 1776 1753)
4(1294 1775 1776 1295)
4(1752 1753 1776 1775)
4(1273 1296 1777 1754)
4(1295 1776 1777 1296)
4(1753 1754 1777 1776)
4(1274 1297 1778 1755)
4(1296 1777 1778 1297)
4(1754 1755 1778 1777)
4(1275 1298 1779 1756)
4(1297 1778 1779 1298)
4(1755 1756 1779 1778)
4(1276 1299 1780 1757)
4(1298 1779 1780 1299)
4(1756 1757 1780 1779)
4(1277 1300 1781 1758)
4(1299 1780 1781 1300)
4(1757 1758 1781 1780)
4(1278 1301 1782 1759)
4(1300 1781 1782 1301)
4(1758 1759 1782 1781)
4(1279 1302 1783 1760)
4(1301 1782 1783 1302)
4(1759 1760 1783 1782)
4(1280 1303 1784 1761)
4(1302 1783 1784 1303)
4(1760 1761 1784 1783)
4(1281 1304 1785 1762)
4(1303 1784 1785 1304)
4(1761 1762 1785 1784)
4(1282 1305 1786 1763)
4(1304 1785 1786 1305)
4(1762 1763 1786 1785)
4(1283 1306 1787 1764)
4(1305 1786 1787 1306)
4(1763 1764 1787 1786)
4(1284 1307 1788 1765)
4(1306 1787 1788 1307)
4(1764 1765 1788 1787)
4(1285 1308 1789 1766)
4(1307 1788 1789 1308)
4(1765 1766 1789 1788)
4(1286 7700 12185 7701)
5(1308 1789 1790 7713 1309)
5(1766 1767 8068 1790 1789)
4(1309 7713 12185 7700)
4(1767 7701 12185 8068)
4(1790 8068 12185 7713)
4(1286 7700 11876 7699)
4(12175 7699 11876 5211)
4(11876 7700 12185 5211)
4(12185 7701 12175 5211)
4(1286 7699 12175 7701)
4(1287 7703 11878 7702)
4(1287 7702 12177 7704)
4(1287 7704 12186 7703)
4(11878 7703 12186 5212)
4(12186 7704 12177 5212)
4(1288 7707 11882 7706)
4(1288 7706 12183 7708)
4(12183 7706 11882 5213)
4(11882 7707 12191 5213)
4(12191 7708 12183 5213)
5(1290 1313 14444 1794 1771)
4(1312 7721 14586 14442)
6(1770 1771 1794 14490 1793 8077)
4(1289 7710 12192 7709)
4(1312 7709 12192 7721)
4(1770 8077 12192 7710)
4(1793 7721 12192 8077)
4(1313 14442 14586 14444)
4(1793 14490 14586 7721)
4(1794 14444 14586 14490)
4(1291 1314 1795 1772)
5(1313 14444 1794 1795 1314)
4(1771 1772 1795 1794)
4(1292 1315 1796 1773)
4(1314 1795 1796 1315)
4(1772 1773 1796 1795)
4(1293 1316 1797 1774)
4(1315 1796 1797 1316)
4(1773 1774 1797 1796)
4(1294 1317 1798 1775)
4(1316 1797 1798 1317)
4(1774 1775 1798 1797)
4(1295 1318 1799 1776)
4(1317 1798 1799 1318)
4(1775 1776 1799 1798)
4(1296 1319 1800 1777)
4(1318 1799 1800 1319)
4(1776 1777 1800 1799)
4(1297 1320 1801 1778)
4(1319 1800 1801 1320)
4(1777 1778 1801 1800)
4(1298 1321 1802 1779)
4(1320 1801 1802 1321)
4(1778 1779 1802 1801)
4(1299 1322 1803 1780)
4(1321 1802 1803 1322)
4(1779 1780 1803 1802)
4(1300 1323 1804 1781)
4(1322 1803 1804 1323)
4(1780 1781 1804 1803)
4(1301 1324 1805 1782)
4(1323 1804 1805 1324)
4(1781 1782 1805 1804)
4(1302 1325 1806 1783)
4(1324 1805 1806 1325)
4(1782 1783 1806 1805)
4(1303 1326 1807 1784)
4(1325 1806 1807 1326)
4(1783 1784 1807 1806)
4(1304 1327 1808 1785)
4(1326 1807 1808 1327)
4(1784 1785 1808 1807)
4(1305 1328 1809 1786)
4(1327 1808 1809 1328)
4(1785 1786 1809 1808)
4(1306 1329 1810 1787)
4(1328 1809 1810 1329)
4(1786 1787 1810 1809)
4(1307 1330 1811 1788)
4(1329 1810 1811 1330)
4(1787 1788 1811 1810)
5(1308 1331 14447 1812 1789)
5(1330 1811 1812 14447 1331)
4(1788 1789 1812 1811)
4(1309 7712 12195 7713)
4(1331 14447 14587 14445)
6(1789 1790 8080 1813 14493 1812)
4(1332 7724 12195 7712)
4(1790 7713 12195 8080)
4(1813 8080 12195 7724)
4(1332 14445 14587 7724)
4(1812 14493 14587 14447)
4(1813 7724 14587 14493)
4(1309 7712 11886 7711)
4(1309 7711 12187 7713)
4(12187 7711 11886 5214)
4(11886 7712 12195 5214)
4(12195 7713 12187 5214)
4(1311 7718 11890 7717)
4(1311 7717 12193 7719)
4(12193 7717 11890 5215)
4(12199 7719 12193 5215)
4(1312 7721 12200 7720)
4(1312 7720 14541 14442)
4(14586 14442 14541 14374)
4(14541 7720 12200 14374)
4(12200 7721 14586 14374)
4(1314 1336 1817 1795)
5(1335 7732 1816 1817 1336)
5(1794 1795 1817 1816 14491)
4(1313 14444 14588 14443)
4(1335 14443 14588 7732)
4(1794 14491 14588 14444)
4(1816 7732 14588 14491)
4(1315 1337 1818 1796)
4(1336 1817 1818 1337)
4(1795 1796 1818 1817)
4(1316 1338 1819 1797)
4(1337 1818 1819 1338)
4(1796 1797 1819 1818)
4(1317 1339 1820 1798)
4(1338 1819 1820 1339)
4(1797 1798 1820 1819)
4(1318 1340 1821 1799)
4(1339 1820 1821 1340)
4(1798 1799 1821 1820)
4(1319 1341 1822 1800)
4(1340 1821 1822 1341)
4(1799 1800 1822 1821)
4(1320 1342 1823 1801)
4(1341 1822 1823 1342)
4(1800 1801 1823 1822)
4(1321 1343 1824 1802)
4(1342 1823 1824 1343)
4(1801 1802 1824 1823)
4(1322 1344 1825 1803)
4(1343 1824 1825 1344)
4(1802 1803 1825 1824)
4(1323 1345 1826 1804)
4(1344 1825 1826 1345)
4(1803 1804 1826 1825)
4(1324 1346 1827 1805)
4(1345 1826 1827 1346)
4(1804 1805 1827 1826)
4(1325 1347 1828 1806)
4(1346 1827 1828 1347)
4(1805 1806 1828 1827)
4(1326 1348 1829 1807)
4(1347 1828 1829 1348)
4(1806 1807 1829 1828)
4(1327 1349 1830 1808)
4(1348 1829 1830 1349)
4(1807 1808 1830 1829)
4(1328 1350 1831 1809)
4(1349 1830 1831 1350)
4(1808 1809 1831 1830)
4(1329 1351 1832 1810)
4(1350 1831 1832 1351)
4(1809 1810 1832 1831)
4(1330 1352 1833 1811)
4(1351 1832 1833 1352)
4(1810 1811 1833 1832)
4(1331 14446 14590 14447)
5(1352 1833 1834 7735 1353)
5(1811 1812 14494 1834 1833)
4(1353 7735 14590 14446)
4(1812 14447 14590 14494)
4(1834 14494 14590 7735)
4(1331 14446 14543 14445)
4(14587 14445 14543 14375)
4(14543 14446 14590 14375)
4(14590 14447 14587 14375)
4(1332 7723 11896 7722)
4(1332 7722 12197 7724)
4(12197 7722 11896 5216)
4(11896 7723 12204 5216)
4(12204 7724 12197 5216)
4(1332 7724 12204 7723)
4(1334 7729 11900 7728)
4(12203 7728 11900 5217)
4(11900 7729 12209 5217)
4(12209 7730 12203 5217)
4(1334 7728 12203 7730)
5(1336 1357 7745 1838 1817)
4(1356 7743 12213 7741)
6(1816 1817 1838 8109 1837 8099)
4(1335 7732 12210 7731)
4(1356 7731 12210 7743)
4(1816 8099 12210 7732)
4(1837 7743 12210 8099)
4(1357 7741 12213 7745)
4(1837 8109 12213 7743)
4(1838 7745 12213 8109)
4(1337 1358 1839 1818)
5(1357 7745 1838 1839 1358)
4(1817 1818 1839 1838)
4(1338 1359 1840 1819)
4(1358 1839 1840 1359)
4(1818 1819 1840 1839)
4(1339 1360 1841 1820)
4(1359 1840 1841 1360)
4(1819 1820 1841 1840)
4(1340 1361 1842 1821)
4(1360 1841 1842 1361)
4(1820 1821 1842 1841)
4(1341 1362 1843 1822)
4(1361 1842 1843 1362)
4(1821 1822 1843 1842)
4(1342 1363 1844 1823)
4(1362 1843 1844 1363)
4(1822 1823 1844 1843)
4(1343 1364 1845 1824)
4(1363 1844 1845 1364)
4(1823 1824 1845 1844)
4(1344 1365 1846 1825)
4(1364 1845 1846 1365)
4(1824 1825 1846 1845)
4(1345 1366 1847 1826)
4(1365 1846 1847 1366)
4(1825 1826 1847 1846)
4(1346 1367 1848 1827)
4(1366 1847 1848 1367)
4(1826 1827 1848 1847)
4(1347 1368 1849 1828)
4(1367 1848 1849 1368)
4(1827 1828 1849 1848)
4(1348 1369 1850 1829)
4(1368 1849 1850 1369)
4(1828 1829 1850 1849)
4(1349 1370 1851 1830)
4(1369 1850 1851 1370)
4(1829 1830 1851 1850)
4(1350 1371 1852 1831)
4(1370 1851 1852 1371)
4(1830 1831 1852 1851)
4(1351 1372 1853 1832)
4(1371 1852 1853 1372)
4(1831 1832 1853 1852)
5(1352 1373 7748 1854 1833)
5(1372 1853 1854 7748 1373)
4(1832 1833 1854 1853)
4(1353 7734 12214 7735)
4(1373 7748 12215 7746)
6(1833 1834 8102 1855 8114 1854)
4(1374 7751 12214 7734)
4(1834 7735 12214 8102)
4(1855 8102 12214 7751)
4(1374 7746 12215 7751)
4(1854 8114 12215 7748)
4(1855 7751 12215 8114)
4(1353 7734 11906 7733)
4(12205 7733 11906 5218)
4(11906 7734 12214 5218)
4(12214 7735 12205 5218)
4(1353 7733 12205 7735)
4(1356 7742 11911 7741)
4(1356 7743 12219 7742)
4(12213 7741 11911 5220)
4(11911 7742 12219 5220)
4(12219 7743 12213 5220)
5(1358 1378 7759 1859 1839)
4(1377 7757 12224 7755)
6(1838 1839 1859 8123 1858 8112)
4(1357 7745 12221 7744)
4(1377 7744 12221 7757)
4(1838 8112 12221 7745)
4(1858 7757 12221 8112)
4(1378 7755 12224 7759)
4(1858 8123 12224 7757)
4(1859 7759 12224 8123)
4(1359 1379 1860 1840)
5(1378 7759 1859 1860 1379)
4(1839 1840 1860 1859)
4(1360 1380 1861 1841)
4(1379 1860 1861 1380)
4(1840 1841 1861 1860)
4(1361 1381 1862 1842)
4(1380 1861 1862 1381)
4(1841 1842 1862 1861)
4(1362 1382 1863 1843)
4(1381 1862 1863 1382)
4(1842 1843 1863 1862)
4(1363 1383 1864 1844)
4(1382 1863 1864 1383)
4(1843 1844 1864 1863)
4(1364 1384 1865 1845)
4(1383 1864 1865 1384)
4(1844 1845 1865 1864)
4(1365 1385 1866 1846)
4(1384 1865 1866 1385)
4(1845 1846 1866 1865)
4(1366 1386 1867 1847)
4(1385 1866 1867 1386)
4(1846 1847 1867 1866)
4(1367 1387 1868 1848)
4(1386 1867 1868 1387)
4(1847 1848 1868 1867)
4(1368 1388 1869 1849)
4(1387 1868 1869 1388)
4(1848 1849 1869 1868)
4(1369 1389 1870 1850)
4(1388 1869 1870 1389)
4(1849 1850 1870 1869)
4(1370 1390 1871 1851)
4(1389 1870 1871 1390)
4(1850 1851 1871 1870)
4(1371 1391 1872 1852)
4(1390 1871 1872 1391)
4(1851 1852 1872 1871)
5(1372 1392 7762 1873 1853)
5(1391 1872 1873 7762 1392)
4(1852 1853 1873 1872)
4(1373 7747 12225 7748)
4(1392 7762 12226 7760)
6(1853 1854 8115 1874 8128 1873)
4(1393 7765 12225 7747)
4(1854 7748 12225 8115)
4(1874 8115 12225 7765)
4(1393 7760 12226 7765)
4(1873 8128 12226 7762)
4(1874 7765 12226 8128)
4(1373 7747 11917 7746)
4(12215 7746 11917 5221)
4(11917 7747 12225 5221)
4(12225 7748 12215 5221)
4(1374 7750 11918 7749)
4(1374 7749 12217 7751)
4(1374 7751 12227 7750)
4(12227 7751 12217 5222)
4(1377 7756 11923 7755)
4(1377 7757 12231 7756)
4(12224 7755 11923 5224)
4(11923 7756 12231 5224)
4(12231 7757 12224 5224)
5(1379 1397 7773 1878 1860)
4(1396 7771 12236 7769)
6(1859 1860 1878 8137 1877 8126)
4(1378 7759 12233 7758)
4(1396 7758 12233 7771)
4(1859 8126 12233 7759)
4(1877 7771 12233 8126)
4(1397 7769 12236 7773)
4(1877 8137 12236 7771)
4(1878 7773 12236 8137)
5(1380 1398 14450 1879 1861)
4(1397 7773 14592 14448)
5(1860 1861 1879 14496 1878)
4(1398 14448 14592 14450)
4(1878 14496 14592 7773)
4(1879 14450 14592 14496)
4(1381 1399 1880 1862)
5(1398 14450 1879 1880 1399)
4(1861 1862 1880 1879)
4(1382 1400 1881 1863)
4(1399 1880 1881 1400)
4(1862 1863 1881 1880)
4(1383 1401 1882 1864)
4(1400 1881 1882 1401)
4(1863 1864 1882 1881)
4(1384 1402 1883 1865)
4(1401 1882 1883 1402)
4(1864 1865 1883 1882)
4(1385 1403 1884 1866)
4(1402 1883 1884 1403)
4(1865 1866 1884 1883)
4(1386 1404 1885 1867)
4(1403 1884 1885 1404)
4(1866 1867 1885 1884)
4(1387 1405 1886 1868)
4(1404 1885 1886 1405)
4(1867 1868 1886 1885)
4(1388 1406 1887 1869)
4(1405 1886 1887 1406)
4(1868 1869 1887 1886)
4(1389 1407 1888 1870)
4(1406 1887 1888 1407)
4(1869 1870 1888 1887)
5(1390 1408 14453 1889 1871)
5(1407 1888 1889 14453 1408)
4(1870 1871 1889 1888)
5(1391 1409 7776 1890 1872)
4(1408 14453 14593 14451)
5(1871 1872 1890 14499 1889)
4(1409 14451 14593 7776)
4(1889 14499 14593 14453)
4(1890 7776 14593 14499)
4(1392 7761 12237 7762)
4(1409 7776 12238 7774)
6(1872 1873 8129 1891 8142 1890)
4(1410 7779 12237 7761)
4(1873 7762 12237 8129)
4(1891 8129 12237 7779)
4(1410 7774 12238 7779)
4(1890 8142 12238 7776)
4(1891 7779 12238 8142)
4(1392 7761 11929 7760)
4(12226 7760 11929 5225)
4(11929 7761 12237 5225)
4(12237 7762 12226 5225)
4(1393 7764 11930 7763)
4(1393 7763 12228 7765)
4(1393 7765 12239 7764)
4(12239 7765 12228 5226)
4(1396 7770 11935 7769)
4(1396 7771 12243 7770)
4(12236 7769 11935 5228)
4(11935 7770 12243 5228)
4(12243 7771 12236 5228)
4(1397 7773 12245 7772)
4(1397 7772 14547 14448)
4(14592 14448 14547 14376)
4(14547 7772 12245 14376)
4(12245 7773 14592 14376)
5(1399 1415 7791 1896 1880)
4(1414 7788 12249 7786)
6(1879 1880 1896 8154 1895 14497)
4(1415 7786 12249 7791)
4(1895 8154 12249 7788)
4(1896 7791 12249 8154)
4(1398 14450 14594 14449)
4(1414 14449 14594 7788)
4(1879 14497 14594 14450)
4(1895 7788 14594 14497)
5(1400 1416 7793 1897 1881)
4(1415 7791 12250 7789)
5(1880 1881 1897 8157 1896)
4(1416 7789 12250 7793)
4(1896 8157 12250 7791)
4(1897 7793 12250 8157)
5(1401 1417 14456 1898 1882)
4(1416 7793 14596 14454)
5(1881 1882 1898 14502 1897)
4(1417 14454 14596 14456)
4(1897 14502 14596 7793)
4(1898 14456 14596 14502)
4(1402 1418 1899 1883)
5(1417 14456 1898 1899 1418)
4(1882 1883 1899 1898)
4(1403 1419 1900 1884)
4(1418 1899 1900 1419)
4(1883 1884 1900 1899)
4(1404 1420 1901 1885)
4(1419 1900 1901 1420)
4(1884 1885 1901 1900)
5(1405 1421 14459 1902 1886)
5(1420 1901 1902 14459 1421)
4(1885 1886 1902 1901)
5(1406 1422 7796 1903 1887)
4(1421 14459 14597 14457)
5(1886 1887 1903 14505 1902)
4(1422 14457 14597 7796)
4(1902 14505 14597 14459)
4(1903 7796 14597 14505)
5(1407 1423 7799 1904 1888)
4(1422 7796 12251 7794)
5(1887 1888 1904 8162 1903)
4(1423 7794 12251 7799)
4(1903 8162 12251 7796)
4(1904 7799 12251 8162)
4(1408 14452 14598 14453)
4(1423 7799 12252 7797)
6(1888 1889 14500 1905 8165 1904)
4(1424 7797 12252 7802)
4(1904 8165 12252 7799)
4(1905 7802 12252 8165)
4(1424 7802 14598 14452)
4(1889 14453 14598 14500)
4(1905 14500 14598 7802)
4(1408 14452 14551 14451)
4(14593 14451 14551 14377)
4(14551 14452 14598 14377)
4(14598 14453 14593 14377)
4(1409 7775 11945 7774)
4(12238 7774 11945 5229)
4(11945 7775 12253 5229)
4(12253 7776 12238 5229)
4(1409 7776 12253 7775)
4(1410 7778 11946 7777)
4(1410 7777 12240 7779)
4(1410 7779 12255 7778)
4(12255 7779 12240 5230)
4(1413 7784 11950 7783)
4(12248 7783 11950 5231)
4(12259 7785 12248 5231)
4(1413 7783 12248 7785)
4(1414 7787 11953 7786)
4(1414 7788 12260 7787)
4(12249 7786 11953 5232)
4(11953 7787 12260 5232)
4(12260 7788 12249 5232)
4(1415 7790 11956 7789)
4(1415 7791 12263 7790)
4(12250 7789 11956 5233)
4(11956 7790 12263 5233)
4(12263 7791 12250 5233)
4(1416 7793 12266 7792)
4(1416 7792 14553 14454)
4(14596 14454 14553 14378)
4(14553 7792 12266 14378)
4(12266 7793 14596 14378)
5(1418 1431 7821 1912 1899)
4(1430 7818 12270 7816)
6(1898 1899 1912 8184 1911 14503)
4(1431 7816 12270 7821)
4(1911 8184 12270 7818)
4(1912 7821 12270 8184)
4(1417 14456 14600 14455)
4(1430 14455 14600 7818)
4(1898 14503 14600 14456)
4(1911 7818 14600 14503)
5(1419 1432 7824 1913 1900)
4(1431 7821 12271 7819)
5(1899 1900 1913 8187 1912)
4(1432 7819 12271 7824)
4(1912 8187 12271 7821)
4(1913 7824 12271 8187)
5(1420 1433 7827 1914 1901)
4(1432 7824 12272 7822)
5(1900 1901 1914 8190 1913)
4(1433 7822 12272 7827)
4(1913 8190 12272 7824)
4(1914 7827 12272 8190)
4(1421 14458 14602 14459)
4(1433 7827 12273 7825)
6(1901 1902 14506 1915 8193 1914)
4(1434 7825 12273 7830)
4(1914 8193 12273 7827)
4(1915 7830 12273 8193)
4(1434 7830 14602 14458)
4(1902 14459 14602 14506)
4(1915 14506 14602 7830)
4(1421 14458 14555 14457)
4(14597 14457 14555 14379)
4(14555 14458 14602 14379)
4(14602 14459 14597 14379)
4(1422 7795 11966 7794)
4(12251 7794 11966 5234)
4(11966 7795 12274 5234)
4(12274 7796 12251 5234)
4(1422 7796 12274 7795)
4(1423 7798 11969 7797)
4(1423 7799 12276 7798)
4(12252 7797 11969 5235)
4(11969 7798 12276 5235)
4(12276 7799 12252 5235)
4(1424 7801 11972 7800)
4(1424 7802 12279 7801)
4(12254 7800 11972 5236)
4(11972 7801 12279 5236)
4(12279 7802 12254 5236)
4(1424 7800 12254 7802)
4(1428 7811 11975 7810)
4(1428 7810 12267 7812)
4(12267 7810 11975 5237)
4(12285 7812 12267 5237)
4(1429 7814 11978 7813)
4(1429 7815 12286 7814)
4(12269 7813 11978 5238)
4(12286 7815 12269 5238)
4(1429 7813 12269 7815)
4(1430 7817 11981 7816)
4(1430 7818 12288 7817)
4(12270 7816 11981 5239)
4(11981 7817 12288 5239)
4(12288 7818 12270 5239)
4(1431 7820 11984 7819)
4(1431 7821 12291 7820)
4(12271 7819 11984 5240)
4(11984 7820 12291 5240)
4(12291 7821 12271 5240)
4(1432 7823 11987 7822)
4(1432 7824 12294 7823)
4(12272 7822 11987 5241)
4(11987 7823 12294 5241)
4(12294 7824 12272 5241)
4(1433 7826 11990 7825)
4(1433 7827 12297 7826)
4(12273 7825 11990 5242)
4(11990 7826 12297 5242)
4(12297 7827 12273 5242)
4(1434 7829 11993 7828)
4(1434 7830 12300 7829)
4(12275 7828 11993 5243)
4(11993 7829 12300 5243)
4(12300 7830 12275 5243)
4(1434 7828 12275 7830)
4(1435 7832 11995 7831)
4(1435 7831 12277 7833)
4(1435 7833 12303 7832)
4(12277 7831 11995 5244)
4(12303 7833 12277 5244)
4(1443 7854 12013 7853)
4(1443 7855 12320 7854)
4(12309 7853 12013 5247)
4(12013 7854 12320 5247)
4(12320 7855 12309 5247)
4(1444 7857 12016 7856)
4(1444 7858 12323 7857)
4(12310 7856 12016 5248)
4(12016 7857 12323 5248)
4(12323 7858 12310 5248)
4(1445 7860 12019 7859)
4(1445 7861 12326 7860)
4(12311 7859 12019 5249)
4(12019 7860 12326 5249)
4(12326 7861 12311 5249)
4(1446 7863 12022 7862)
4(1446 7864 12329 7863)
4(12312 7862 12022 5250)
4(12022 7863 12329 5250)
4(12329 7864 12312 5250)
4(1447 7866 12025 7865)
4(1447 7867 12332 7866)
4(12025 7866 12332 5251)
4(12332 7867 12313 5251)
4(1448 7873 12038 7872)
4(1448 7874 12345 7873)
4(12316 7872 12038 5254)
4(12038 7873 12345 5254)
4(12345 7874 12316 5254)
4(1449 7876 12041 7875)
4(1449 7875 12318 7877)
4(1449 7877 12348 7876)
4(12318 7875 12041 5255)
4(12041 7876 12348 5255)
4(12348 7877 12318 5255)
4(1450 7878 12321 7880)
4(1450 7880 12351 7879)
4(1450 7879 14558 7878)
4(12321 7878 14558 14380)
4(14558 7879 12351 14380)
4(12351 7880 12321 14380)
6(1452 1465 1946 8253 1933 7884)
6(1464 14464 1945 8289 1946 1465)
4(1932 8249 12355 8250)
4(1451 7881 12324 7882)
4(1452 7884 12324 7881)
4(1932 7882 12324 8249)
4(1933 8249 12324 7884)
4(1933 8253 12355 8249)
4(1945 8250 12355 8289)
4(1946 8289 12355 8253)
4(1451 7882 14604 14460)
4(1464 14460 14604 14464)
4(1932 8250 14604 7882)
4(1945 14464 14604 8250)
6(1453 1466 1947 8256 1934 7886)
5(1465 1946 8292 1947 1466)
4(1933 8252 12356 8253)
4(1452 7883 12327 7884)
4(1453 7886 12327 7883)
4(1933 7884 12327 8252)
4(1934 8252 12327 7886)
4(1934 8256 12356 8252)
4(1946 8253 12356 8292)
4(1947 8292 12356 8256)
6(1454 1467 1948 8259 1935 7888)
5(1466 1947 8295 1948 1467)
4(1934 8255 12357 8256)
4(1453 7885 12330 7886)
4(1454 7888 12330 7885)
4(1934 7886 12330 8255)
4(1935 8255 12330 7888)
4(1935 8259 12357 8255)
4(1947 8256 12357 8295)
4(1948 8295 12357 8259)
4(1455 14461 14606 7890)
6(1467 1948 8298 1949 14466 1468)
4(1935 8258 12358 8259)
4(1454 7887 12333 7888)
4(1455 7890 12333 7887)
4(1935 7888 12333 8258)
4(1936 8258 12333 7890)
4(1936 8262 12358 8258)
4(1948 8259 12358 8298)
4(1949 8298 12358 8262)
4(1468 14466 14606 14461)
4(1936 7890 14606 8262)
4(1949 8262 14606 14466)
4(1455 7889 12336 7890)
4(1455 14461 14561 7889)
4(12336 7889 14561 14381)
4(14561 14461 14606 14381)
4(14606 7890 12336 14381)
4(1456 7892 12045 7891)
4(1456 7891 12339 7893)
4(12339 7891 12045 5256)
4(12045 7892 12359 5256)
4(12359 7893 12339 5256)
4(1456 7893 12359 7892)
4(1457 7895 12048 7894)
4(1457 7896 12361 7895)
4(12341 7894 12048 5257)
4(12048 7895 12361 5257)
4(12361 7896 12341 5257)
4(1458 7898 12051 7897)
4(1458 7899 12364 7898)
4(12051 7898 12364 5258)
4(12364 7899 12342 5258)
4(1459 7902 12058 7901)
4(12344 7901 12058 5260)
4(12058 7902 12371 5260)
4(12371 7903 12344 5260)
4(1460 7904 12346 7906)
4(1460 7906 12374 7905)
4(1460 7905 14564 7904)
4(12346 7904 14564 14382)
4(14564 7905 12374 14382)
4(12374 7906 12346 14382)
6(1462 1478 1959 8284 1943 7910)
6(1477 14469 1958 8327 1959 1478)
4(1942 8280 12378 8281)
4(1461 7907 12349 7908)
4(1462 7910 12349 7907)
4(1942 7908 12349 8280)
4(1943 8280 12349 7910)
4(1943 8284 12378 8280)
4(1958 8281 12378 8327)
4(1959 8327 12378 8284)
4(1461 7908 14608 14462)
4(1477 14462 14608 14469)
4(1942 8281 14608 7908)
4(1958 14469 14608 8281)
6(1463 1479 1960 8287 1944 7911)
5(1478 1959 8330 1960 1479)
4(1943 8283 12379 8284)
4(1462 7909 12352 7910)
4(1463 7911 12352 7909)
4(1943 7910 12352 8283)
4(1944 8283 12352 7911)
4(1944 8287 12379 8283)
4(1959 8284 12379 8330)
4(1960 8330 12379 8287)
6(1464 1480 1961 8290 1945 14464)
5(1479 1960 8333 1961 1480)
4(1944 8286 12380 8287)
4(1945 8290 12380 8286)
4(1960 8287 12380 8333)
4(1961 8333 12380 8290)
4(1463 14463 14605 7911)
4(1464 14464 14605 14463)
4(1944 7911 14605 8286)
4(1945 8286 14605 14464)
5(1465 1481 1962 8293 1946)
5(1480 1961 8336 1962 1481)
4(1945 8289 12381 8290)
4(1946 8293 12381 8289)
4(1961 8290 12381 8336)
4(1962 8336 12381 8293)
5(1466 1482 1963 8296 1947)
5(1481 1962 8339 1963 1482)
4(1946 8292 12382 8293)
4(1947 8296 12382 8292)
4(1962 8293 12382 8339)
4(1963 8339 12382 8296)
5(1467 1483 1964 8299 1948)
5(1482 1963 8342 1964 1483)
4(1947 8295 12383 8296)
4(1948 8299 12383 8295)
4(1963 8296 12383 8342)
4(1964 8342 12383 8299)
6(1468 1484 1965 8302 1949 14466)
5(1483 1964 8345 1965 1484)
4(1948 8298 12384 8299)
4(1949 8302 12384 8298)
4(1964 8299 12384 8345)
4(1965 8345 12384 8302)
6(1469 1485 1966 8305 1950 7913)
5(1484 1965 8348 1966 1485)
4(1949 8301 12385 8302)
4(1950 8305 12385 8301)
4(1965 8302 12385 8348)
4(1966 8348 12385 8305)
4(1468 14465 14607 14466)
4(1469 7913 14607 14465)
4(1949 14466 14607 8301)
4(1950 8301 14607 7913)
6(1470 1486 1967 8308 1951 7915)
5(1485 1966 8351 1967 1486)
4(1950 8304 12386 8305)
4(1469 7912 12362 7913)
4(1470 7915 12362 7912)
4(1950 7913 12362 8304)
4(1951 8304 12362 7915)
4(1951 8308 12386 8304)
4(1966 8305 12386 8351)
4(1967 8351 12386 8308)
4(1471 14467 14610 7917)
6(1486 1967 8354 1968 14471 1487)
4(1951 8307 12387 8308)
4(1470 7914 12365 7915)
4(1471 7917 12365 7914)
4(1951 7915 12365 8307)
4(1952 8307 12365 7917)
4(1952 8311 12387 8307)
4(1967 8308 12387 8354)
4(1968 8354 12387 8311)
4(1487 14471 14610 14467)
4(1952 7917 14610 8311)
4(1968 8311 14610 14471)
4(1471 7916 12368 7917)
4(1471 14467 14567 7916)
4(12368 7916 14567 14383)
4(14567 14467 14610 14383)
4(14610 7917 12368 14383)
4(1472 7919 12062 7918)
4(12370 7918 12062 5261)
4(12062 7919 12388 5261)
4(12388 7920 12370 5261)
4(1472 7920 12388 7919)
4(1474 7924 12070 7923)
4(12372 7923 12070 5264)
4(12070 7924 12395 5264)
4(12395 7925 12372 5264)
6(1476 1494 1975 8325 1957 7929)
6(1493 7943 1974 8374 1975 1494)
4(1956 8321 12401 8322)
4(1475 7926 12375 7928)
4(1476 7929 12375 7926)
4(1956 7928 12375 8321)
4(1957 8321 12375 7929)
4(1475 7928 12398 7927)
4(1493 7927 12398 7943)
4(1956 8322 12398 7928)
4(1974 7943 12398 8322)
4(1957 8325 12401 8321)
4(1974 8322 12401 8374)
4(1975 8374 12401 8325)
6(1477 1495 1976 8328 1958 14469)
5(1494 1975 8377 1976 1495)
4(1957 8324 12402 8325)
4(1958 8328 12402 8324)
4(1975 8325 12402 8377)
4(1976 8377 12402 8328)
4(1476 14468 14609 7929)
4(1477 14469 14609 14468)
4(1957 7929 14609 8324)
4(1958 8324 14609 14469)
5(1478 1496 1977 8331 1959)
5(1495 1976 8380 1977 1496)
4(1958 8327 12403 8328)
4(1959 8331 12403 8327)
4(1976 8328 12403 8380)
4(1977 8380 12403 8331)
5(1479 1497 1978 8334 1960)
5(1496 1977 8383 1978 1497)
4(1959 8330 12404 8331)
4(1960 8334 12404 8330)
4(1977 8331 12404 8383)
4(1978 8383 12404 8334)
5(1480 1498 1979 8337 1961)
5(1497 1978 8386 1979 1498)
4(1960 8333 12405 8334)
4(1961 8337 12405 8333)
4(1978 8334 12405 8386)
4(1979 8386 12405 8337)
5(1481 1499 1980 8340 1962)
5(1498 1979 8389 1980 1499)
4(1961 8336 12406 8337)
4(1962 8340 12406 8336)
4(1979 8337 12406 8389)
4(1980 8389 12406 8340)
5(1482 1500 1981 8343 1963)
5(1499 1980 8392 1981 1500)
4(1962 8339 12407 8340)
4(1963 8343 12407 8339)
4(1980 8340 12407 8392)
4(1981 8392 12407 8343)
5(1483 1501 1982 8346 1964)
5(1500 1981 8395 1982 1501)
4(1963 8342 12408 8343)
4(1964 8346 12408 8342)
4(1981 8343 12408 8395)
4(1982 8395 12408 8346)
5(1484 1502 1983 8349 1965)
5(1501 1982 8398 1983 1502)
4(1964 8345 12409 8346)
4(1965 8349 12409 8345)
4(1982 8346 12409 8398)
4(1983 8398 12409 8349)
5(1485 1503 1984 8352 1966)
5(1502 1983 8401 1984 1503)
4(1965 8348 12410 8349)
4(1966 8352 12410 8348)
4(1983 8349 12410 8401)
4(1984 8401 12410 8352)
5(1486 1504 1985 8355 1967)
5(1503 1984 8404 1985 1504)
4(1966 8351 12411 8352)
4(1967 8355 12411 8351)
4(1984 8352 12411 8404)
4(1985 8404 12411 8355)
6(1487 1505 1986 8358 1968 14471)
5(1504 1985 8407 1986 1505)
4(1967 8354 12412 8355)
4(1968 8358 12412 8354)
4(1985 8355 12412 8407)
4(1986 8407 12412 8358)
6(1488 1506 1987 8361 1969 7931)
5(1505 1986 8410 1987 1506)
4(1968 8357 12413 8358)
4(1969 8361 12413 8357)
4(1986 8358 12413 8410)
4(1987 8410 12413 8361)
4(1487 14470 14611 14471)
4(1488 7931 14611 14470)
4(1968 14471 14611 8357)
4(1969 8357 14611 7931)
4(1489 7933 12414 7934)
6(1506 1987 8413 1988 7945 1507)
4(1969 8360 12415 8361)
4(1488 7930 12391 7931)
4(1489 7934 12391 7930)
4(1969 7931 12391 8360)
4(1970 8360 12391 7934)
4(1507 7945 12414 7933)
4(1970 7934 12414 8364)
4(1988 8364 12414 7945)
4(1970 8364 12415 8360)
4(1987 8361 12415 8413)
4(1988 8413 12415 8364)
4(1489 7933 12074 7932)
4(1489 7932 12393 7934)
4(12393 7932 12074 5265)
4(12074 7933 12414 5265)
4(12414 7934 12393 5265)
4(1491 7938 12082 7937)
4(12396 7937 12082 5268)
4(12082 7938 12421 5268)
4(12421 7939 12396 5268)
6(1493 1513 1994 8375 1974 7943)
6(1512 7957 1993 8430 1994 1513)
4(1973 8371 12427 8372)
4(1492 7940 12399 7942)
4(1493 7943 12399 7940)
4(1973 7942 12399 8371)
4(1974 8371 12399 7943)
4(1492 7942 12424 7941)
4(1512 7941 12424 7957)
4(1973 8372 12424 7942)
4(1993 7957 12424 8372)
4(1974 8375 12427 8371)
4(1993 8372 12427 8430)
4(1994 8430 12427 8375)
5(1494 1514 1995 8378 1975)
5(1513 1994 8433 1995 1514)
4(1974 8374 12428 8375)
4(1975 8378 12428 8374)
4(1994 8375 12428 8433)
4(1995 8433 12428 8378)
5(1495 1515 1996 8381 1976)
5(1514 1995 8436 1996 1515)
4(1975 8377 12429 8378)
4(1976 8381 12429 8377)
4(1995 8378 12429 8436)
4(1996 8436 12429 8381)
5(1496 1516 1997 8384 1977)
5(1515 1996 8439 1997 1516)
4(1976 8380 12430 8381)
4(1977 8384 12430 8380)
4(1996 8381 12430 8439)
4(1997 8439 12430 8384)
5(1497 1517 1998 8387 1978)
5(1516 1997 8442 1998 1517)
4(1977 8383 12431 8384)
4(1978 8387 12431 8383)
4(1997 8384 12431 8442)
4(1998 8442 12431 8387)
5(1498 1518 1999 8390 1979)
5(1517 1998 8445 1999 1518)
4(1978 8386 12432 8387)
4(1979 8390 12432 8386)
4(1998 8387 12432 8445)
4(1999 8445 12432 8390)
5(1499 1519 2000 8393 1980)
5(1518 1999 8448 2000 1519)
4(1979 8389 12433 8390)
4(1980 8393 12433 8389)
4(1999 8390 12433 8448)
4(2000 8448 12433 8393)
5(1500 1520 2001 8396 1981)
5(1519 2000 8451 2001 1520)
4(1980 8392 12434 8393)
4(1981 8396 12434 8392)
4(2000 8393 12434 8451)
4(2001 8451 12434 8396)
5(1501 1521 2002 8399 1982)
5(1520 2001 8454 2002 1521)
4(1981 8395 12435 8396)
4(1982 8399 12435 8395)
4(2001 8396 12435 8454)
4(2002 8454 12435 8399)
5(1502 1522 2003 8402 1983)
5(1521 2002 8457 2003 1522)
4(1982 8398 12436 8399)
4(1983 8402 12436 8398)
4(2002 8399 12436 8457)
4(2003 8457 12436 8402)
5(1503 1523 2004 8405 1984)
5(1522 2003 8460 2004 1523)
4(1983 8401 12437 8402)
4(1984 8405 12437 8401)
4(2003 8402 12437 8460)
4(2004 8460 12437 8405)
5(1504 1524 2005 8408 1985)
5(1523 2004 8463 2005 1524)
4(1984 8404 12438 8405)
4(1985 8408 12438 8404)
4(2004 8405 12438 8463)
4(2005 8463 12438 8408)
5(1505 1525 2006 8411 1986)
5(1524 2005 8466 2006 1525)
4(1985 8407 12439 8408)
4(1986 8411 12439 8407)
4(2005 8408 12439 8466)
4(2006 8466 12439 8411)
5(1506 1526 2007 8414 1987)
5(1525 2006 8469 2007 1526)
4(1986 8410 12440 8411)
4(1987 8414 12440 8410)
4(2006 8411 12440 8469)
4(2007 8469 12440 8414)
6(1507 1527 2008 8417 1988 7945)
5(1526 2007 8472 2008 1527)
4(1987 8413 12441 8414)
4(1988 8417 12441 8413)
4(2007 8414 12441 8472)
4(2008 8472 12441 8417)
4(1508 7947 12442 7948)
6(1527 2008 8475 2009 7959 1528)
4(1988 8416 12443 8417)
4(1507 7944 12417 7945)
4(1508 7948 12417 7944)
4(1988 7945 12417 8416)
4(1989 8416 12417 7948)
4(1528 7959 12442 7947)
4(1989 7948 12442 8420)
4(2009 8420 12442 7959)
4(1989 8420 12443 8416)
4(2008 8417 12443 8475)
4(2009 8475 12443 8420)
4(1508 7947 12086 7946)
4(1508 7946 12419 7948)
4(12419 7946 12086 5269)
4(12086 7947 12442 5269)
4(12442 7948 12419 5269)
4(1510 7952 12093 7951)
4(12422 7951 12093 5271)
4(12093 7952 12449 5271)
4(12449 7953 12422 5271)
6(1512 1533 2014 8431 1993 7957)
6(1532 7970 2013 8491 2014 1533)
4(1992 8427 12454 8428)
4(1511 7954 12425 7956)
4(1512 7957 12425 7954)
4(1992 7956 12425 8427)
4(1993 8427 12425 7957)
4(1511 7956 12451 7955)
4(1532 7955 12451 7970)
4(1992 8428 12451 7956)
4(2013 7970 12451 8428)
4(1993 8431 12454 8427)
4(2013 8428 12454 8491)
4(2014 8491 12454 8431)
5(1513 1534 2015 8434 1994)
5(1533 2014 8494 2015 1534)
4(1993 8430 12455 8431)
4(1994 8434 12455 8430)
4(2014 8431 12455 8494)
4(2015 8494 12455 8434)
5(1514 1535 2016 8437 1995)
5(1534 2015 8497 2016 1535)
4(1994 8433 12456 8434)
4(1995 8437 12456 8433)
4(2015 8434 12456 8497)
4(2016 8497 12456 8437)
5(1515 1536 2017 8440 1996)
5(1535 2016 8500 2017 1536)
4(1995 8436 12457 8437)
4(1996 8440 12457 8436)
4(2016 8437 12457 8500)
4(2017 8500 12457 8440)
5(1516 1537 2018 8443 1997)
5(1536 2017 8503 2018 1537)
4(1996 8439 12458 8440)
4(1997 8443 12458 8439)
4(2017 8440 12458 8503)
4(2018 8503 12458 8443)
5(1517 1538 2019 8446 1998)
5(1537 2018 8506 2019 1538)
4(1997 8442 12459 8443)
4(1998 8446 12459 8442)
4(2018 8443 12459 8506)
4(2019 8506 12459 8446)
5(1518 1539 2020 8449 1999)
5(1538 2019 8509 2020 1539)
4(1998 8445 12460 8446)
4(1999 8449 12460 8445)
4(2019 8446 12460 8509)
4(2020 8509 12460 8449)
5(1519 1540 2021 8452 2000)
5(1539 2020 8512 2021 1540)
4(1999 8448 12461 8449)
4(2000 8452 12461 8448)
4(2020 8449 12461 8512)
4(2021 8512 12461 8452)
5(1520 1541 2022 8455 2001)
5(1540 2021 8515 2022 1541)
4(2000 8451 12462 8452)
4(2001 8455 12462 8451)
4(2021 8452 12462 8515)
4(2022 8515 12462 8455)
5(1521 1542 2023 8458 2002)
5(1541 2022 8518 2023 1542)
4(2001 8454 12463 8455)
4(2002 8458 12463 8454)
4(2022 8455 12463 8518)
4(2023 8518 12463 8458)
5(1522 1543 2024 8461 2003)
5(1542 2023 8521 2024 1543)
4(2002 8457 12464 8458)
4(2003 8461 12464 8457)
4(2023 8458 12464 8521)
4(2024 8521 12464 8461)
5(1523 1544 2025 8464 2004)
5(1543 2024 8524 2025 1544)
4(2003 8460 12465 8461)
4(2004 8464 12465 8460)
4(2024 8461 12465 8524)
4(2025 8524 12465 8464)
5(1524 1545 2026 8467 2005)
5(1544 2025 8527 2026 1545)
4(2004 8463 12466 8464)
4(2005 8467 12466 8463)
4(2025 8464 12466 8527)
4(2026 8527 12466 8467)
5(1525 1546 2027 8470 2006)
5(1545 2026 8530 2027 1546)
4(2005 8466 12467 8467)
4(2006 8470 12467 8466)
4(2026 8467 12467 8530)
4(2027 8530 12467 8470)
5(1526 1547 2028 8473 2007)
5(1546 2027 8533 2028 1547)
4(2006 8469 12468 8470)
4(2007 8473 12468 8469)
4(2027 8470 12468 8533)
4(2028 8533 12468 8473)
5(1527 1548 2029 8476 2008)
5(1547 2028 8536 2029 1548)
4(2007 8472 12469 8473)
4(2008 8476 12469 8472)
4(2028 8473 12469 8536)
4(2029 8536 12469 8476)
6(1528 1549 2030 8479 2009 7959)
5(1548 2029 8539 2030 1549)
4(2008 8475 12470 8476)
4(2009 8479 12470 8475)
4(2029 8476 12470 8539)
4(2030 8539 12470 8479)
4(1529 7961 12471 7962)
6(1549 2030 8542 2031 7972 1550)
4(2009 8478 12472 8479)
4(1528 7958 12445 7959)
4(1529 7962 12445 7958)
4(2009 7959 12445 8478)
4(2010 8478 12445 7962)
4(1550 7972 12471 7961)
4(2010 7962 12471 8482)
4(2031 8482 12471 7972)
4(2010 8482 12472 8478)
4(2030 8479 12472 8542)
4(2031 8542 12472 8482)
4(1529 7961 12097 7960)
4(1529 7960 12447 7962)
4(12447 7960 12097 5272)
4(12097 7961 12471 5272)
4(12471 7962 12447 5272)
4(1531 7967 12452 7969)
4(1531 7969 12478 7968)
4(1531 7968 14570 7967)
4(12452 7967 14570 14384)
4(14570 7968 12478 14384)
4(12478 7969 12452 14384)
5(1533 1555 2036 8495 2014)
6(1554 14475 2035 8558 2036 1555)
4(2013 8491 12482 8492)
4(2014 8495 12482 8491)
4(2035 8492 12482 8558)
4(2036 8558 12482 8495)
4(1532 7970 14612 14472)
4(1554 14472 14612 14475)
4(2013 8492 14612 7970)
4(2035 14475 14612 8492)
5(1534 1556 2037 8498 2015)
5(1555 2036 8561 2037 1556)
4(2014 8494 12483 8495)
4(2015 8498 12483 8494)
4(2036 8495 12483 8561)
4(2037 8561 12483 8498)
5(1535 1557 2038 8501 2016)
5(1556 2037 8564 2038 1557)
4(2015 8497 12484 8498)
4(2016 8501 12484 8497)
4(2037 8498 12484 8564)
4(2038 8564 12484 8501)
5(1536 1558 2039 8504 2017)
5(1557 2038 8567 2039 1558)
4(2016 8500 12485 8501)
4(2017 8504 12485 8500)
4(2038 8501 12485 8567)
4(2039 8567 12485 8504)
5(1537 1559 2040 8507 2018)
5(1558 2039 8570 2040 1559)
4(2017 8503 12486 8504)
4(2018 8507 12486 8503)
4(2039 8504 12486 8570)
4(2040 8570 12486 8507)
5(1538 1560 2041 8510 2019)
5(1559 2040 8573 2041 1560)
4(2018 8506 12487 8507)
4(2019 8510 12487 8506)
4(2040 8507 12487 8573)
4(2041 8573 12487 8510)
5(1539 1561 2042 8513 2020)
5(1560 2041 8576 2042 1561)
4(2019 8509 12488 8510)
4(2020 8513 12488 8509)
4(2041 8510 12488 8576)
4(2042 8576 12488 8513)
5(1540 1562 2043 8516 2021)
5(1561 2042 8579 2043 1562)
4(2020 8512 12489 8513)
4(2021 8516 12489 8512)
4(2042 8513 12489 8579)
4(2043 8579 12489 8516)
5(1541 1563 2044 8519 2022)
5(1562 2043 8582 2044 1563)
4(2021 8515 12490 8516)
4(2022 8519 12490 8515)
4(2043 8516 12490 8582)
4(2044 8582 12490 8519)
5(1542 1564 2045 8522 2023)
5(1563 2044 8585 2045 1564)
4(2022 8518 12491 8519)
4(2023 8522 12491 8518)
4(2044 8519 12491 8585)
4(2045 8585 12491 8522)
5(1543 1565 2046 8525 2024)
5(1564 2045 8588 2046 1565)
4(2023 8521 12492 8522)
4(2024 8525 12492 8521)
4(2045 8522 12492 8588)
4(2046 8588 12492 8525)
5(1544 1566 2047 8528 2025)
5(1565 2046 8591 2047 1566)
4(2024 8524 12493 8525)
4(2025 8528 12493 8524)
4(2046 8525 12493 8591)
4(2047 8591 12493 8528)
5(1545 1567 2048 8531 2026)
5(1566 2047 8594 2048 1567)
4(2025 8527 12494 8528)
4(2026 8531 12494 8527)
4(2047 8528 12494 8594)
4(2048 8594 12494 8531)
5(1546 1568 2049 8534 2027)
5(1567 2048 8597 2049 1568)
4(2026 8530 12495 8531)
4(2027 8534 12495 8530)
4(2048 8531 12495 8597)
4(2049 8597 12495 8534)
5(1547 1569 2050 8537 2028)
5(1568 2049 8600 2050 1569)
4(2027 8533 12496 8534)
4(2028 8537 12496 8533)
4(2049 8534 12496 8600)
4(2050 8600 12496 8537)
5(1548 1570 2051 8540 2029)
5(1569 2050 8603 2051 1570)
4(2028 8536 12497 8537)
4(2029 8540 12497 8536)
4(2050 8537 12497 8603)
4(2051 8603 12497 8540)
5(1549 1571 2052 8543 2030)
5(1570 2051 8606 2052 1571)
4(2029 8539 12498 8540)
4(2030 8543 12498 8539)
4(2051 8540 12498 8606)
4(2052 8606 12498 8543)
4(1550 14473 14614 7972)
6(1571 2052 8609 2053 14477 1572)
4(2030 8542 12499 8543)
4(2031 8546 12499 8542)
4(2052 8543 12499 8609)
4(2053 8609 12499 8546)
4(1572 14477 14614 14473)
4(2031 7972 14614 8546)
4(2053 8546 14614 14477)
4(1550 7971 12474 7972)
4(1550 14473 14573 7971)
4(12474 7971 14573 14385)
4(14573 14473 14614 14385)
4(14614 7972 12474 14385)
4(1551 7974 12106 7973)
4(12106 7974 12500 5274)
4(12500 7975 12476 5274)
4(1551 7975 12500 7974)
4(1552 7978 12111 7977)
4(1552 7977 12479 7979)
4(12479 7977 12111 5275)
4(12111 7978 12505 5275)
4(12505 7979 12479 5275)
6(1554 1577 2058 8559 2035 14475)
6(1576 7992 2057 8624 2058 1577)
4(2034 8555 12510 8556)
4(1553 7981 12507 7980)
4(1576 7980 12507 7992)
4(2034 8556 12507 7981)
4(2057 7992 12507 8556)
4(2035 8559 12510 8555)
4(2057 8556 12510 8624)
4(2058 8624 12510 8559)
4(1553 14474 14613 7981)
4(1554 14475 14613 14474)
4(2034 7981 14613 8555)
4(2035 8555 14613 14475)
5(1555 1578 2059 8562 2036)
5(1577 2058 8627 2059 1578)
4(2035 8558 12511 8559)
4(2036 8562 12511 8558)
4(2058 8559 12511 8627)
4(2059 8627 12511 8562)
5(1556 1579 2060 8565 2037)
5(1578 2059 8630 2060 1579)
4(2036 8561 12512 8562)
4(2037 8565 12512 8561)
4(2059 8562 12512 8630)
4(2060 8630 12512 8565)
5(1557 1580 2061 8568 2038)
5(1579 2060 8633 2061 1580)
4(2037 8564 12513 8565)
4(2038 8568 12513 8564)
4(2060 8565 12513 8633)
4(2061 8633 12513 8568)
5(1558 1581 2062 8571 2039)
5(1580 2061 8636 2062 1581)
4(2038 8567 12514 8568)
4(2039 8571 12514 8567)
4(2061 8568 12514 8636)
4(2062 8636 12514 8571)
5(1559 1582 2063 8574 2040)
5(1581 2062 8639 2063 1582)
4(2039 8570 12515 8571)
4(2040 8574 12515 8570)
4(2062 8571 12515 8639)
4(2063 8639 12515 8574)
5(1560 1583 2064 8577 2041)
5(1582 2063 8642 2064 1583)
4(2040 8573 12516 8574)
4(2041 8577 12516 8573)
4(2063 8574 12516 8642)
4(2064 8642 12516 8577)
5(1561 1584 2065 8580 2042)
5(1583 2064 8645 2065 1584)
4(2041 8576 12517 8577)
4(2042 8580 12517 8576)
4(2064 8577 12517 8645)
4(2065 8645 12517 8580)
5(1562 1585 2066 8583 2043)
5(1584 2065 8648 2066 1585)
4(2042 8579 12518 8580)
4(2043 8583 12518 8579)
4(2065 8580 12518 8648)
4(2066 8648 12518 8583)
5(1563 1586 2067 8586 2044)
5(1585 2066 8651 2067 1586)
4(2043 8582 12519 8583)
4(2044 8586 12519 8582)
4(2066 8583 12519 8651)
4(2067 8651 12519 8586)
5(1564 1587 2068 8589 2045)
5(1586 2067 8654 2068 1587)
4(2044 8585 12520 8586)
4(2045 8589 12520 8585)
4(2067 8586 12520 8654)
4(2068 8654 12520 8589)
5(1565 1588 2069 8592 2046)
5(1587 2068 8657 2069 1588)
4(2045 8588 12521 8589)
4(2046 8592 12521 8588)
4(2068 8589 12521 8657)
4(2069 8657 12521 8592)
5(1566 1589 2070 8595 2047)
5(1588 2069 8660 2070 1589)
4(2046 8591 12522 8592)
4(2047 8595 12522 8591)
4(2069 8592 12522 8660)
4(2070 8660 12522 8595)
5(1567 1590 2071 8598 2048)
5(1589 2070 8663 2071 1590)
4(2047 8594 12523 8595)
4(2048 8598 12523 8594)
4(2070 8595 12523 8663)
4(2071 8663 12523 8598)
5(1568 1591 2072 8601 2049)
5(1590 2071 8666 2072 1591)
4(2048 8597 12524 8598)
4(2049 8601 12524 8597)
4(2071 8598 12524 8666)
4(2072 8666 12524 8601)
5(1569 1592 2073 8604 2050)
5(1591 2072 8669 2073 1592)
4(2049 8600 12525 8601)
4(2050 8604 12525 8600)
4(2072 8601 12525 8669)
4(2073 8669 12525 8604)
5(1570 1593 2074 8607 2051)
5(1592 2073 8672 2074 1593)
4(2050 8603 12526 8604)
4(2051 8607 12526 8603)
4(2073 8604 12526 8672)
4(2074 8672 12526 8607)
5(1571 1594 2075 8610 2052)
5(1593 2074 8675 2075 1594)
4(2051 8606 12527 8607)
4(2052 8610 12527 8606)
4(2074 8607 12527 8675)
4(2075 8675 12527 8610)
6(1572 1595 2076 8613 2053 14477)
5(1594 2075 8678 2076 1595)
4(2052 8609 12528 8610)
4(2053 8613 12528 8609)
4(2075 8610 12528 8678)
4(2076 8678 12528 8613)
4(1573 7983 12529 7984)
6(1595 2076 8681 2077 7995 1596)
4(2053 8612 12530 8613)
4(1596 7995 12529 7983)
4(2054 7984 12529 8616)
4(2077 8616 12529 7995)
4(2054 8616 12530 8612)
4(2076 8613 12530 8681)
4(2077 8681 12530 8616)
4(1572 14476 14615 14477)
4(1573 7984 14615 14476)
4(2053 14477 14615 8612)
4(2054 8612 14615 7984)
4(1573 7983 12115 7982)
4(1573 7982 12503 7984)
4(12503 7982 12115 5276)
4(12115 7983 12529 5276)
4(12529 7984 12503 5276)
4(1575 7989 12122 7988)
4(1575 7988 12508 7990)
4(1575 7990 12535 7989)
4(12508 7988 12122 5278)
4(12122 7989 12535 5278)
4(12535 7990 12508 5278)
5(1577 1600 2081 8628 2058)
6(1599 8004 2080 8695 2081 1600)
4(2057 8624 12541 8625)
4(1576 7992 12538 7991)
4(1599 7991 12538 8004)
4(2057 8625 12538 7992)
4(2080 8004 12538 8625)
4(2058 8628 12541 8624)
4(2080 8625 12541 8695)
4(2081 8695 12541 8628)
5(1578 1601 2082 8631 2059)
5(1600 2081 8698 2082 1601)
4(2058 8627 12542 8628)
4(2059 8631 12542 8627)
4(2081 8628 12542 8698)
4(2082 8698 12542 8631)
5(1579 1602 2083 8634 2060)
5(1601 2082 8701 2083 1602)
4(2059 8630 12543 8631)
4(2060 8634 12543 8630)
4(2082 8631 12543 8701)
4(2083 8701 12543 8634)
5(1580 1603 2084 8637 2061)
5(1602 2083 8704 2084 1603)
4(2060 8633 12544 8634)
4(2061 8637 12544 8633)
4(2083 8634 12544 8704)
4(2084 8704 12544 8637)
5(1581 1604 2085 8640 2062)
5(1603 2084 8707 2085 1604)
4(2061 8636 12545 8637)
4(2062 8640 12545 8636)
4(2084 8637 12545 8707)
4(2085 8707 12545 8640)
5(1582 1605 2086 8643 2063)
5(1604 2085 8710 2086 1605)
4(2062 8639 12546 8640)
4(2063 8643 12546 8639)
4(2085 8640 12546 8710)
4(2086 8710 12546 8643)
5(1583 1606 2087 8646 2064)
5(1605 2086 8713 2087 1606)
4(2063 8642 12547 8643)
4(2064 8646 12547 8642)
4(2086 8643 12547 8713)
4(2087 8713 12547 8646)
5(1584 1607 2088 8649 2065)
5(1606 2087 8716 2088 1607)
4(2064 8645 12548 8646)
4(2065 8649 12548 8645)
4(2087 8646 12548 8716)
4(2088 8716 12548 8649)
5(1585 1608 2089 8652 2066)
5(1607 2088 8719 2089 1608)
4(2065 8648 12549 8649)
4(2066 8652 12549 8648)
4(2088 8649 12549 8719)
4(2089 8719 12549 8652)
5(1586 1609 2090 8655 2067)
5(1608 2089 8722 2090 1609)
4(2066 8651 12550 8652)
4(2067 8655 12550 8651)
4(2089 8652 12550 8722)
4(2090 8722 12550 8655)
5(1587 1610 2091 8658 2068)
5(1609 2090 8725 2091 1610)
4(2067 8654 12551 8655)
4(2068 8658 12551 8654)
4(2090 8655 12551 8725)
4(2091 8725 12551 8658)
5(1588 1611 2092 8661 2069)
5(1610 2091 8728 2092 1611)
4(2068 8657 12552 8658)
4(2069 8661 12552 8657)
4(2091 8658 12552 8728)
4(2092 8728 12552 8661)
5(1589 1612 2093 8664 2070)
5(1611 2092 8731 2093 1612)
4(2069 8660 12553 8661)
4(2070 8664 12553 8660)
4(2092 8661 12553 8731)
4(2093 8731 12553 8664)
5(1590 1613 2094 8667 2071)
5(1612 2093 8734 2094 1613)
4(2070 8663 12554 8664)
4(2071 8667 12554 8663)
4(2093 8664 12554 8734)
4(2094 8734 12554 8667)
5(1591 1614 2095 8670 2072)
5(1613 2094 8737 2095 1614)
4(2071 8666 12555 8667)
4(2072 8670 12555 8666)
4(2094 8667 12555 8737)
4(2095 8737 12555 8670)
5(1592 1615 2096 8673 2073)
5(1614 2095 8740 2096 1615)
4(2072 8669 12556 8670)
4(2073 8673 12556 8669)
4(2095 8670 12556 8740)
4(2096 8740 12556 8673)
5(1593 1616 2097 8676 2074)
5(1615 2096 8743 2097 1616)
4(2073 8672 12557 8673)
4(2074 8676 12557 8672)
4(2096 8673 12557 8743)
4(2097 8743 12557 8676)
5(1594 1617 2098 8679 2075)
5(1616 2097 8746 2098 1617)
4(2074 8675 12558 8676)
4(2075 8679 12558 8675)
4(2097 8676 12558 8746)
4(2098 8746 12558 8679)
5(1595 1618 2099 8682 2076)
5(1617 2098 8749 2099 1618)
4(2075 8678 12559 8679)
4(2076 8682 12559 8678)
4(2098 8679 12559 8749)
4(2099 8749 12559 8682)
4(1596 7994 12560 7995)
6(1618 2099 8752 2100 8006 1619)
4(2076 8681 12561 8682)
4(1619 8006 12560 7994)
4(2077 7995 12560 8685)
4(2100 8685 12560 8006)
4(2077 8685 12561 8681)
4(2099 8682 12561 8752)
4(2100 8752 12561 8685)
4(1596 7994 12126 7993)
4(1596 7993 12532 7995)
4(12532 7993 12126 5279)
4(12126 7994 12560 5279)
4(12560 7995 12532 5279)
4(1597 7997 12128 7996)
4(1597 7998 12562 7997)
4(12128 7997 12562 5280)
4(12562 7998 12534 5280)
4(1598 8001 12539 8003)
4(1598 8003 12568 8002)
4(1598 8002 14576 8001)
4(12539 8001 14576 14386)
4(14576 8002 12568 14386)
4(12568 8003 12539 14386)
5(1600 1624 2105 8699 2081)
6(1623 14481 2104 8768 2105 1624)
4(2080 8695 12572 8696)
4(2081 8699 12572 8695)
4(2104 8696 12572 8768)
4(2105 8768 12572 8699)
4(1599 8004 14616 14478)
4(1623 14478 14616 14481)
4(2080 8696 14616 8004)
4(2104 14481 14616 8696)
5(1601 1625 2106 8702 2082)
5(1624 2105 8771 2106 1625)
4(2081 8698 12573 8699)
4(2082 8702 12573 8698)
4(2105 8699 12573 8771)
4(2106 8771 12573 8702)
5(1602 1626 2107 8705 2083)
5(1625 2106 8774 2107 1626)
4(2082 8701 12574 8702)
4(2083 8705 12574 8701)
4(2106 8702 12574 8774)
4(2107 8774 12574 8705)
5(1603 1627 2108 8708 2084)
5(1626 2107 8777 2108 1627)
4(2083 8704 12575 8705)
4(2084 8708 12575 8704)
4(2107 8705 12575 8777)
4(2108 8777 12575 8708)
5(1604 1628 2109 8711 2085)
5(1627 2108 8780 2109 1628)
4(2084 8707 12576 8708)
4(2085 8711 12576 8707)
4(2108 8708 12576 8780)
4(2109 8780 12576 8711)
5(1605 1629 2110 8714 2086)
5(1628 2109 8783 2110 1629)
4(2085 8710 12577 8711)
4(2086 8714 12577 8710)
4(2109 8711 12577 8783)
4(2110 8783 12577 8714)
5(1606 1630 2111 8717 2087)
5(1629 2110 8786 2111 1630)
4(2086 8713 12578 8714)
4(2087 8717 12578 8713)
4(2110 8714 12578 8786)
4(2111 8786 12578 8717)
5(1607 1631 2112 8720 2088)
5(1630 2111 8789 2112 1631)
4(2087 8716 12579 8717)
4(2088 8720 12579 8716)
4(2111 8717 12579 8789)
4(2112 8789 12579 8720)
5(1608 1632 2113 8723 2089)
5(1631 2112 8792 2113 1632)
4(2088 8719 12580 8720)
4(2089 8723 12580 8719)
4(2112 8720 12580 8792)
4(2113 8792 12580 8723)
5(1609 1633 2114 8726 2090)
5(1632 2113 8795 2114 1633)
4(2089 8722 12581 8723)
4(2090 8726 12581 8722)
4(2113 8723 12581 8795)
4(2114 8795 12581 8726)
5(1610 1634 2115 8729 2091)
5(1633 2114 8798 2115 1634)
4(2090 8725 12582 8726)
4(2091 8729 12582 8725)
4(2114 8726 12582 8798)
4(2115 8798 12582 8729)
5(1611 1635 2116 8732 2092)
5(1634 2115 8801 2116 1635)
4(2091 8728 12583 8729)
4(2092 8732 12583 8728)
4(2115 8729 12583 8801)
4(2116 8801 12583 8732)
5(1612 1636 2117 8735 2093)
5(1635 2116 8804 2117 1636)
4(2092 8731 12584 8732)
4(2093 8735 12584 8731)
4(2116 8732 12584 8804)
4(2117 8804 12584 8735)
5(1613 1637 2118 8738 2094)
5(1636 2117 8807 2118 1637)
4(2093 8734 12585 8735)
4(2094 8738 12585 8734)
4(2117 8735 12585 8807)
4(2118 8807 12585 8738)
5(1614 1638 2119 8741 2095)
5(1637 2118 8810 2119 1638)
4(2094 8737 12586 8738)
4(2095 8741 12586 8737)
4(2118 8738 12586 8810)
4(2119 8810 12586 8741)
5(1615 1639 2120 8744 2096)
5(1638 2119 8813 2120 1639)
4(2095 8740 12587 8741)
4(2096 8744 12587 8740)
4(2119 8741 12587 8813)
4(2120 8813 12587 8744)
5(1616 1640 2121 8747 2097)
5(1639 2120 8816 2121 1640)
4(2096 8743 12588 8744)
4(2097 8747 12588 8743)
4(2120 8744 12588 8816)
4(2121 8816 12588 8747)
5(1617 1641 2122 8750 2098)
5(1640 2121 8819 2122 1641)
4(2097 8746 12589 8747)
4(2098 8750 12589 8746)
4(2121 8747 12589 8819)
4(2122 8819 12589 8750)
5(1618 1642 2123 8753 2099)
5(1641 2122 8822 2123 1642)
4(2098 8749 12590 8750)
4(2099 8753 12590 8749)
4(2122 8750 12590 8822)
4(2123 8822 12590 8753)
4(1619 14479 14618 8006)
6(1642 2123 8825 2124 14483 1643)
4(2099 8752 12591 8753)
4(2100 8756 12591 8752)
4(2123 8753 12591 8825)
4(2124 8825 12591 8756)
4(1643 14483 14618 14479)
4(2100 8006 14618 8756)
4(2124 8756 14618 14483)
4(1619 8005 12563 8006)
4(1619 14479 14579 8005)
4(12563 8005 14579 14387)
4(14579 14479 14618 14387)
4(14618 8006 12563 14387)
4(1620 8008 12136 8007)
4(1620 8007 12565 8009)
4(12136 8008 12592 5282)
4(12592 8009 12565 5282)
4(1620 8009 12592 8008)
4(1621 8012 12140 8011)
4(1621 8011 12569 8013)
4(12569 8011 12140 5283)
4(12140 8012 12597 5283)
4(12597 8013 12569 5283)
6(1623 1648 2129 8769 2104 14481)
6(1647 8025 2128 8839 2129 1648)
4(2103 8765 12601 8766)
4(1622 8015 12598 8014)
4(1647 8014 12598 8025)
4(2103 8766 12598 8015)
4(2128 8025 12598 8766)
4(2104 8769 12601 8765)
4(2128 8766 12601 8839)
4(2129 8839 12601 8769)
4(1622 14480 14617 8015)
4(1623 14481 14617 14480)
4(2103 8015 14617 8765)
4(2104 8765 14617 14481)
5(1624 1649 2130 8772 2105)
5(1648 2129 8842 2130 1649)
4(2104 8768 12602 8769)
4(2105 8772 12602 8768)
4(2129 8769 12602 8842)
4(2130 8842 12602 8772)
5(1625 1650 2131 8775 2106)
5(1649 2130 8845 2131 1650)
4(2105 8771 12603 8772)
4(2106 8775 12603 8771)
4(2130 8772 12603 8845)
4(2131 8845 12603 8775)
5(1626 1651 2132 8778 2107)
5(1650 2131 8848 2132 1651)
4(2106 8774 12604 8775)
4(2107 8778 12604 8774)
4(2131 8775 12604 8848)
4(2132 8848 12604 8778)
5(1627 1652 2133 8781 2108)
5(1651 2132 8851 2133 1652)
4(2107 8777 12605 8778)
4(2108 8781 12605 8777)
4(2132 8778 12605 8851)
4(2133 8851 12605 8781)
5(1628 1653 2134 8784 2109)
5(1652 2133 8854 2134 1653)
4(2108 8780 12606 8781)
4(2109 8784 12606 8780)
4(2133 8781 12606 8854)
4(2134 8854 12606 8784)
5(1629 1654 2135 8787 2110)
5(1653 2134 8857 2135 1654)
4(2109 8783 12607 8784)
4(2110 8787 12607 8783)
4(2134 8784 12607 8857)
4(2135 8857 12607 8787)
5(1630 1655 2136 8790 2111)
5(1654 2135 8860 2136 1655)
4(2110 8786 12608 8787)
4(2111 8790 12608 8786)
4(2135 8787 12608 8860)
4(2136 8860 12608 8790)
5(1631 1656 2137 8793 2112)
5(1655 2136 8863 2137 1656)
4(2111 8789 12609 8790)
4(2112 8793 12609 8789)
4(2136 8790 12609 8863)
4(2137 8863 12609 8793)
5(1632 1657 2138 8796 2113)
5(1656 2137 8866 2138 1657)
4(2112 8792 12610 8793)
4(2113 8796 12610 8792)
4(2137 8793 12610 8866)
4(2138 8866 12610 8796)
5(1633 1658 2139 8799 2114)
5(1657 2138 8869 2139 1658)
4(2113 8795 12611 8796)
4(2114 8799 12611 8795)
4(2138 8796 12611 8869)
4(2139 8869 12611 8799)
5(1634 1659 2140 8802 2115)
5(1658 2139 8872 2140 1659)
4(2114 8798 12612 8799)
4(2115 8802 12612 8798)
4(2139 8799 12612 8872)
4(2140 8872 12612 8802)
5(1635 1660 2141 8805 2116)
5(1659 2140 8875 2141 1660)
4(2115 8801 12613 8802)
4(2116 8805 12613 8801)
4(2140 8802 12613 8875)
4(2141 8875 12613 8805)
5(1636 1661 2142 8808 2117)
5(1660 2141 8878 2142 1661)
4(2116 8804 12614 8805)
4(2117 8808 12614 8804)
4(2141 8805 12614 8878)
4(2142 8878 12614 8808)
5(1637 1662 2143 8811 2118)
5(1661 2142 8881 2143 1662)
4(2117 8807 12615 8808)
4(2118 8811 12615 8807)
4(2142 8808 12615 8881)
4(2143 8881 12615 8811)
5(1638 1663 2144 8814 2119)
5(1662 2143 8884 2144 1663)
4(2118 8810 12616 8811)
4(2119 8814 12616 8810)
4(2143 8811 12616 8884)
4(2144 8884 12616 8814)
5(1639 1664 2145 8817 2120)
5(1663 2144 8887 2145 1664)
4(2119 8813 12617 8814)
4(2120 8817 12617 8813)
4(2144 8814 12617 8887)
4(2145 8887 12617 8817)
5(1640 1665 2146 8820 2121)
5(1664 2145 8890 2146 1665)
4(2120 8816 12618 8817)
4(2121 8820 12618 8816)
4(2145 8817 12618 8890)
4(2146 8890 12618 8820)
5(1641 1666 2147 8823 2122)
5(1665 2146 8893 2147 1666)
4(2121 8819 12619 8820)
4(2122 8823 12619 8819)
4(2146 8820 12619 8893)
4(2147 8893 12619 8823)
5(1642 1667 2148 8826 2123)
5(1666 2147 8896 2148 1667)
4(2122 8822 12620 8823)
4(2123 8826 12620 8822)
4(2147 8823 12620 8896)
4(2148 8896 12620 8826)
6(1643 1668 2149 8829 2124 14483)
5(1667 2148 8899 2149 1668)
4(2123 8825 12621 8826)
4(2124 8829 12621 8825)
4(2148 8826 12621 8899)
4(2149 8899 12621 8829)
4(1644 8017 12622 8018)
6(1668 2149 8902 2150 8028 1669)
4(2124 8828 12623 8829)
4(1669 8028 12622 8017)
4(2125 8018 12622 8832)
4(2150 8832 12622 8028)
4(2125 8832 12623 8828)
4(2149 8829 12623 8902)
4(2150 8902 12623 8832)
4(1643 14482 14619 14483)
4(1644 8018 14619 14482)
4(2124 14483 14619 8828)
4(2125 8828 14619 8018)
4(1644 8017 12144 8016)
4(1644 8016 12595 8018)
4(12595 8016 12144 5284)
4(12144 8017 12622 5284)
4(12622 8018 12595 5284)
4(1646 8022 12148 8021)
4(1646 8021 12599 8023)
4(12599 8021 12148 5285)
4(12148 8022 12627 5285)
4(12627 8023 12599 5285)
5(1648 1673 2154 8843 2129)
6(1672 8035 2153 8913 2154 1673)
4(2128 8839 12631 8840)
4(1647 8025 12628 8024)
4(1672 8024 12628 8035)
4(2128 8840 12628 8025)
4(2153 8035 12628 8840)
4(2129 8843 12631 8839)
4(2153 8840 12631 8913)
4(2154 8913 12631 8843)
5(1649 1674 2155 8846 2130)
5(1673 2154 8916 2155 1674)
4(2129 8842 12632 8843)
4(2130 8846 12632 8842)
4(2154 8843 12632 8916)
4(2155 8916 12632 8846)
5(1650 1675 2156 8849 2131)
5(1674 2155 8919 2156 1675)
4(2130 8845 12633 8846)
4(2131 8849 12633 8845)
4(2155 8846 12633 8919)
4(2156 8919 12633 8849)
5(1651 1676 2157 8852 2132)
5(1675 2156 8922 2157 1676)
4(2131 8848 12634 8849)
4(2132 8852 12634 8848)
4(2156 8849 12634 8922)
4(2157 8922 12634 8852)
5(1652 1677 2158 8855 2133)
5(1676 2157 8925 2158 1677)
4(2132 8851 12635 8852)
4(2133 8855 12635 8851)
4(2157 8852 12635 8925)
4(2158 8925 12635 8855)
5(1653 1678 2159 8858 2134)
5(1677 2158 8928 2159 1678)
4(2133 8854 12636 8855)
4(2134 8858 12636 8854)
4(2158 8855 12636 8928)
4(2159 8928 12636 8858)
5(1654 1679 2160 8861 2135)
5(1678 2159 8931 2160 1679)
4(2134 8857 12637 8858)
4(2135 8861 12637 8857)
4(2159 8858 12637 8931)
4(2160 8931 12637 8861)
5(1655 1680 2161 8864 2136)
5(1679 2160 8934 2161 1680)
4(2135 8860 12638 8861)
4(2136 8864 12638 8860)
4(2160 8861 12638 8934)
4(2161 8934 12638 8864)
5(1656 1681 2162 8867 2137)
5(1680 2161 8937 2162 1681)
4(2136 8863 12639 8864)
4(2137 8867 12639 8863)
4(2161 8864 12639 8937)
4(2162 8937 12639 8867)
5(1657 1682 2163 8870 2138)
5(1681 2162 8940 2163 1682)
4(2137 8866 12640 8867)
4(2138 8870 12640 8866)
4(2162 8867 12640 8940)
4(2163 8940 12640 8870)
5(1658 1683 2164 8873 2139)
5(1682 2163 8943 2164 1683)
4(2138 8869 12641 8870)
4(2139 8873 12641 8869)
4(2163 8870 12641 8943)
4(2164 8943 12641 8873)
5(1659 1684 2165 8876 2140)
5(1683 2164 8946 2165 1684)
4(2139 8872 12642 8873)
4(2140 8876 12642 8872)
4(2164 8873 12642 8946)
4(2165 8946 12642 8876)
5(1660 1685 2166 8879 2141)
5(1684 2165 8949 2166 1685)
4(2140 8875 12643 8876)
4(2141 8879 12643 8875)
4(2165 8876 12643 8949)
4(2166 8949 12643 8879)
5(1661 1686 2167 8882 2142)
5(1685 2166 8952 2167 1686)
4(2141 8878 12644 8879)
4(2142 8882 12644 8878)
4(2166 8879 12644 8952)
4(2167 8952 12644 8882)
5(1662 1687 2168 8885 2143)
5(1686 2167 8955 2168 1687)
4(2142 8881 12645 8882)
4(2143 8885 12645 8881)
4(2167 8882 12645 8955)
4(2168 8955 12645 8885)
5(1663 1688 2169 8888 2144)
5(1687 2168 8958 2169 1688)
4(2143 8884 12646 8885)
4(2144 8888 12646 8884)
4(2168 8885 12646 8958)
4(2169 8958 12646 8888)
5(1664 1689 2170 8891 2145)
5(1688 2169 8961 2170 1689)
4(2144 8887 12647 8888)
4(2145 8891 12647 8887)
4(2169 8888 12647 8961)
4(2170 8961 12647 8891)
5(1665 1690 2171 8894 2146)
5(1689 2170 8964 2171 1690)
4(2145 8890 12648 8891)
4(2146 8894 12648 8890)
4(2170 8891 12648 8964)
4(2171 8964 12648 8894)
5(1666 1691 2172 8897 2147)
5(1690 2171 8967 2172 1691)
4(2146 8893 12649 8894)
4(2147 8897 12649 8893)
4(2171 8894 12649 8967)
4(2172 8967 12649 8897)
5(1667 1692 2173 8900 2148)
5(1691 2172 8970 2173 1692)
4(2147 8896 12650 8897)
4(2148 8900 12650 8896)
4(2172 8897 12650 8970)
4(2173 8970 12650 8900)
5(1668 1693 2174 8903 2149)
5(1692 2173 8973 2174 1693)
4(2148 8899 12651 8900)
4(2149 8903 12651 8899)
4(2173 8900 12651 8973)
4(2174 8973 12651 8903)
4(1669 8027 12652 8028)
6(1693 2174 8976 2175 8038 1694)
4(2149 8902 12653 8903)
4(1694 8038 12652 8027)
4(2150 8028 12652 8906)
4(2175 8906 12652 8038)
4(2150 8906 12653 8902)
4(2174 8903 12653 8976)
4(2175 8976 12653 8906)
4(1669 8027 12152 8026)
4(1669 8026 12625 8028)
4(12625 8026 12152 5286)
4(12152 8027 12652 5286)
4(12652 8028 12625 5286)
4(1671 8032 12156 8031)
4(1671 8031 12629 8033)
4(12629 8031 12156 5287)
4(12156 8032 12657 5287)
4(12657 8033 12629 5287)
5(1673 1698 2179 8917 2154)
6(1697 8045 2178 8987 2179 1698)
4(2153 8913 12661 8914)
4(1672 8035 12658 8034)
4(1697 8034 12658 8045)
4(2153 8914 12658 8035)
4(2178 8045 12658 8914)
4(2154 8917 12661 8913)
4(2178 8914 12661 8987)
4(2179 8987 12661 8917)
5(1674 1699 2180 8920 2155)
5(1698 2179 8990 2180 1699)
4(2154 8916 12662 8917)
4(2155 8920 12662 8916)
4(2179 8917 12662 8990)
4(2180 8990 12662 8920)
5(1675 1700 2181 8923 2156)
5(1699 2180 8993 2181 1700)
4(2155 8919 12663 8920)
4(2156 8923 12663 8919)
4(2180 8920 12663 8993)
4(2181 8993 12663 8923)
5(1676 1701 2182 8926 2157)
5(1700 2181 8996 2182 1701)
4(2156 8922 12664 8923)
4(2157 8926 12664 8922)
4(2181 8923 12664 8996)
4(2182 8996 12664 8926)
5(1677 1702 2183 8929 2158)
5(1701 2182 8999 2183 1702)
4(2157 8925 12665 8926)
4(2158 8929 12665 8925)
4(2182 8926 12665 8999)
4(2183 8999 12665 8929)
5(1678 1703 2184 8932 2159)
5(1702 2183 9002 2184 1703)
4(2158 8928 12666 8929)
4(2159 8932 12666 8928)
4(2183 8929 12666 9002)
4(2184 9002 12666 8932)
5(1679 1704 2185 8935 2160)
5(1703 2184 9005 2185 1704)
4(2159 8931 12667 8932)
4(2160 8935 12667 8931)
4(2184 8932 12667 9005)
4(2185 9005 12667 8935)
5(1680 1705 2186 8938 2161)
5(1704 2185 9008 2186 1705)
4(2160 8934 12668 8935)
4(2161 8938 12668 8934)
4(2185 8935 12668 9008)
4(2186 9008 12668 8938)
5(1681 1706 2187 8941 2162)
5(1705 2186 9011 2187 1706)
4(2161 8937 12669 8938)
4(2162 8941 12669 8937)
4(2186 8938 12669 9011)
4(2187 9011 12669 8941)
5(1682 1707 2188 8944 2163)
5(1706 2187 9014 2188 1707)
4(2162 8940 12670 8941)
4(2163 8944 12670 8940)
4(2187 8941 12670 9014)
4(2188 9014 12670 8944)
5(1683 1708 2189 8947 2164)
5(1707 2188 9017 2189 1708)
4(2163 8943 12671 8944)
4(2164 8947 12671 8943)
4(2188 8944 12671 9017)
4(2189 9017 12671 8947)
5(1684 1709 2190 8950 2165)
5(1708 2189 9020 2190 1709)
4(2164 8946 12672 8947)
4(2165 8950 12672 8946)
4(2189 8947 12672 9020)
4(2190 9020 12672 8950)
5(1685 1710 2191 8953 2166)
5(1709 2190 9023 2191 1710)
4(2165 8949 12673 8950)
4(2166 8953 12673 8949)
4(2190 8950 12673 9023)
4(2191 9023 12673 8953)
5(1686 1711 2192 8956 2167)
5(1710 2191 9026 2192 1711)
4(2166 8952 12674 8953)
4(2167 8956 12674 8952)
4(2191 8953 12674 9026)
4(2192 9026 12674 8956)
5(1687 1712 2193 8959 2168)
5(1711 2192 9029 2193 1712)
4(2167 8955 12675 8956)
4(2168 8959 12675 8955)
4(2192 8956 12675 9029)
4(2193 9029 12675 8959)
5(1688 1713 2194 8962 2169)
5(1712 2193 9032 2194 1713)
4(2168 8958 12676 8959)
4(2169 8962 12676 8958)
4(2193 8959 12676 9032)
4(2194 9032 12676 8962)
5(1689 1714 2195 8965 2170)
5(1713 2194 9035 2195 1714)
4(2169 8961 12677 8962)
4(2170 8965 12677 8961)
4(2194 8962 12677 9035)
4(2195 9035 12677 8965)
5(1690 1715 2196 8968 2171)
5(1714 2195 9038 2196 1715)
4(2170 8964 12678 8965)
4(2171 8968 12678 8964)
4(2195 8965 12678 9038)
4(2196 9038 12678 8968)
5(1691 1716 2197 8971 2172)
5(1715 2196 9041 2197 1716)
4(2171 8967 12679 8968)
4(2172 8971 12679 8967)
4(2196 8968 12679 9041)
4(2197 9041 12679 8971)
5(1692 1717 2198 8974 2173)
5(1716 2197 9044 2198 1717)
4(2172 8970 12680 8971)
4(2173 8974 12680 8970)
4(2197 8971 12680 9044)
4(2198 9044 12680 8974)
5(1693 1718 2199 8977 2174)
5(1717 2198 9047 2199 1718)
4(2173 8973 12681 8974)
4(2174 8977 12681 8973)
4(2198 8974 12681 9047)
4(2199 9047 12681 8977)
4(1694 8037 12682 8038)
6(1718 2199 9050 2200 8048 1719)
4(2174 8976 12683 8977)
4(1719 8048 12682 8037)
4(2175 8038 12682 8980)
4(2200 8980 12682 8048)
4(2175 8980 12683 8976)
4(2199 8977 12683 9050)
4(2200 9050 12683 8980)
4(1694 8037 12160 8036)
4(1694 8036 12655 8038)
4(12655 8036 12160 5288)
4(12160 8037 12682 5288)
4(12682 8038 12655 5288)
4(1696 8042 12164 8041)
4(1696 8041 12659 8043)
4(12659 8041 12164 5289)
4(12164 8042 12687 5289)
4(12687 8043 12659 5289)
6(1698 1723 14486 2204 8991 2179)
4(1722 8055 14620 14484)
4(2178 8987 12691 8988)
4(1697 8045 12688 8044)
4(1722 8044 12688 8055)
4(2178 8988 12688 8045)
4(2203 8055 12688 8988)
4(2179 8991 12691 8987)
4(2203 8988 12691 9061)
4(2204 9061 12691 8991)
4(1723 14484 14620 14486)
4(2203 9061 14620 8055)
4(2204 14486 14620 9061)
5(1699 1724 2205 8994 2180)
6(1723 14486 2204 9064 2205 1724)
4(2179 8990 12692 8991)
4(2180 8994 12692 8990)
4(2204 8991 12692 9064)
4(2205 9064 12692 8994)
5(1700 1725 2206 8997 2181)
5(1724 2205 9067 2206 1725)
4(2180 8993 12693 8994)
4(2181 8997 12693 8993)
4(2205 8994 12693 9067)
4(2206 9067 12693 8997)
5(1701 1726 2207 9000 2182)
5(1725 2206 9070 2207 1726)
4(2181 8996 12694 8997)
4(2182 9000 12694 8996)
4(2206 8997 12694 9070)
4(2207 9070 12694 9000)
5(1702 1727 2208 9003 2183)
5(1726 2207 9073 2208 1727)
4(2182 8999 12695 9000)
4(2183 9003 12695 8999)
4(2207 9000 12695 9073)
4(2208 9073 12695 9003)
5(1703 1728 2209 9006 2184)
5(1727 2208 9076 2209 1728)
4(2183 9002 12696 9003)
4(2184 9006 12696 9002)
4(2208 9003 12696 9076)
4(2209 9076 12696 9006)
5(1704 1729 2210 9009 2185)
5(1728 2209 9079 2210 1729)
4(2184 9005 12697 9006)
4(2185 9009 12697 9005)
4(2209 9006 12697 9079)
4(2210 9079 12697 9009)
5(1705 1730 2211 9012 2186)
5(1729 2210 9082 2211 1730)
4(2185 9008 12698 9009)
4(2186 9012 12698 9008)
4(2210 9009 12698 9082)
4(2211 9082 12698 9012)
5(1706 1731 2212 9015 2187)
5(1730 2211 9085 2212 1731)
4(2186 9011 12699 9012)
4(2187 9015 12699 9011)
4(2211 9012 12699 9085)
4(2212 9085 12699 9015)
5(1707 1732 2213 9018 2188)
5(1731 2212 9088 2213 1732)
4(2187 9014 12700 9015)
4(2188 9018 12700 9014)
4(2212 9015 12700 9088)
4(2213 9088 12700 9018)
5(1708 1733 2214 9021 2189)
5(1732 2213 9091 2214 1733)
4(2188 9017 12701 9018)
4(2189 9021 12701 9017)
4(2213 9018 12701 9091)
4(2214 9091 12701 9021)
5(1709 1734 2215 9024 2190)
5(1733 2214 9094 2215 1734)
4(2189 9020 12702 9021)
4(2190 9024 12702 9020)
4(2214 9021 12702 9094)
4(2215 9094 12702 9024)
5(1710 1735 2216 9027 2191)
5(1734 2215 9097 2216 1735)
4(2190 9023 12703 9024)
4(2191 9027 12703 9023)
4(2215 9024 12703 9097)
4(2216 9097 12703 9027)
5(1711 1736 2217 9030 2192)
5(1735 2216 9100 2217 1736)
4(2191 9026 12704 9027)
4(2192 9030 12704 9026)
4(2216 9027 12704 9100)
4(2217 9100 12704 9030)
5(1712 1737 2218 9033 2193)
5(1736 2217 9103 2218 1737)
4(2192 9029 12705 9030)
4(2193 9033 12705 9029)
4(2217 9030 12705 9103)
4(2218 9103 12705 9033)
5(1713 1738 2219 9036 2194)
5(1737 2218 9106 2219 1738)
4(2193 9032 12706 9033)
4(2194 9036 12706 9032)
4(2218 9033 12706 9106)
4(2219 9106 12706 9036)
5(1714 1739 2220 9039 2195)
5(1738 2219 9109 2220 1739)
4(2194 9035 12707 9036)
4(2195 9039 12707 9035)
4(2219 9036 12707 9109)
4(2220 9109 12707 9039)
5(1715 1740 2221 9042 2196)
5(1739 2220 9112 2221 1740)
4(2195 9038 12708 9039)
4(2196 9042 12708 9038)
4(2220 9039 12708 9112)
4(2221 9112 12708 9042)
5(1716 1741 2222 9045 2197)
5(1740 2221 9115 2222 1741)
4(2196 9041 12709 9042)
4(2197 9045 12709 9041)
4(2221 9042 12709 9115)
4(2222 9115 12709 9045)
5(1717 1742 2223 9048 2198)
5(1741 2222 9118 2223 1742)
4(2197 9044 12710 9045)
4(2198 9048 12710 9044)
4(2222 9045 12710 9118)
4(2223 9118 12710 9048)
6(1718 1743 14489 2224 9051 2199)
6(1742 2223 9121 2224 14489 1743)
4(2198 9047 12711 9048)
4(2199 9051 12711 9047)
4(2223 9048 12711 9121)
4(2224 9121 12711 9051)
4(1719 8047 12712 8048)
4(1743 14489 14621 14487)
4(2199 9050 12713 9051)
4(1744 8058 12712 8047)
4(2200 8048 12712 9054)
4(2225 9054 12712 8058)
4(2200 9054 12713 9050)
4(2224 9051 12713 9124)
4(2225 9124 12713 9054)
4(1744 14487 14621 8058)
4(2224 9124 14621 14489)
4(2225 8058 14621 9124)
4(1719 8047 12168 8046)
4(1719 8046 12685 8048)
4(12685 8046 12168 5290)
4(12168 8047 12712 5290)
4(12712 8048 12685 5290)
4(1721 8052 12172 8051)
4(1721 8051 12689 8053)
4(12689 8051 12172 5291)
4(12717 8053 12689 5291)
4(1722 8055 12718 8054)
4(1722 8054 14583 14484)
4(14620 14484 14583 14388)
4(14583 8054 12718 14388)
4(12718 8055 14620 14388)
5(1724 1748 2229 9068 2205)
6(1747 8066 2228 9136 2229 1748)
4(2204 9064 12723 9065)
4(2205 9068 12723 9064)
4(2228 9065 12723 9136)
4(2229 9136 12723 9068)
4(1723 14486 14622 14485)
4(1747 14485 14622 8066)
4(2204 9065 14622 14486)
4(2228 8066 14622 9065)
5(1725 1749 2230 9071 2206)
5(1748 2229 9139 2230 1749)
4(2205 9067 12724 9068)
4(2206 9071 12724 9067)
4(2229 9068 12724 9139)
4(2230 9139 12724 9071)
5(1726 1750 2231 9074 2207)
5(1749 2230 9142 2231 1750)
4(2206 9070 12725 9071)
4(2207 9074 12725 9070)
4(2230 9071 12725 9142)
4(2231 9142 12725 9074)
5(1727 1751 2232 9077 2208)
5(1750 2231 9145 2232 1751)
4(2207 9073 12726 9074)
4(2208 9077 12726 9073)
4(2231 9074 12726 9145)
4(2232 9145 12726 9077)
5(1728 1752 2233 9080 2209)
5(1751 2232 9148 2233 1752)
4(2208 9076 12727 9077)
4(2209 9080 12727 9076)
4(2232 9077 12727 9148)
4(2233 9148 12727 9080)
5(1729 1753 2234 9083 2210)
5(1752 2233 9151 2234 1753)
4(2209 9079 12728 9080)
4(2210 9083 12728 9079)
4(2233 9080 12728 9151)
4(2234 9151 12728 9083)
5(1730 1754 2235 9086 2211)
5(1753 2234 9154 2235 1754)
4(2210 9082 12729 9083)
4(2211 9086 12729 9082)
4(2234 9083 12729 9154)
4(2235 9154 12729 9086)
5(1731 1755 2236 9089 2212)
5(1754 2235 9157 2236 1755)
4(2211 9085 12730 9086)
4(2212 9089 12730 9085)
4(2235 9086 12730 9157)
4(2236 9157 12730 9089)
5(1732 1756 2237 9092 2213)
5(1755 2236 9160 2237 1756)
4(2212 9088 12731 9089)
4(2213 9092 12731 9088)
4(2236 9089 12731 9160)
4(2237 9160 12731 9092)
5(1733 1757 2238 9095 2214)
5(1756 2237 9163 2238 1757)
4(2213 9091 12732 9092)
4(2214 9095 12732 9091)
4(2237 9092 12732 9163)
4(2238 9163 12732 9095)
5(1734 1758 2239 9098 2215)
5(1757 2238 9166 2239 1758)
4(2214 9094 12733 9095)
4(2215 9098 12733 9094)
4(2238 9095 12733 9166)
4(2239 9166 12733 9098)
5(1735 1759 2240 9101 2216)
5(1758 2239 9169 2240 1759)
4(2215 9097 12734 9098)
4(2216 9101 12734 9097)
4(2239 9098 12734 9169)
4(2240 9169 12734 9101)
5(1736 1760 2241 9104 2217)
5(1759 2240 9172 2241 1760)
4(2216 9100 12735 9101)
4(2217 9104 12735 9100)
4(2240 9101 12735 9172)
4(2241 9172 12735 9104)
5(1737 1761 2242 9107 2218)
5(1760 2241 9175 2242 1761)
4(2217 9103 12736 9104)
4(2218 9107 12736 9103)
4(2241 9104 12736 9175)
4(2242 9175 12736 9107)
5(1738 1762 2243 9110 2219)
5(1761 2242 9178 2243 1762)
4(2218 9106 12737 9107)
4(2219 9110 12737 9106)
4(2242 9107 12737 9178)
4(2243 9178 12737 9110)
5(1739 1763 2244 9113 2220)
5(1762 2243 9181 2244 1763)
4(2219 9109 12738 9110)
4(2220 9113 12738 9109)
4(2243 9110 12738 9181)
4(2244 9181 12738 9113)
5(1740 1764 2245 9116 2221)
5(1763 2244 9184 2245 1764)
4(2220 9112 12739 9113)
4(2221 9116 12739 9112)
4(2244 9113 12739 9184)
4(2245 9184 12739 9116)
5(1741 1765 2246 9119 2222)
5(1764 2245 9187 2246 1765)
4(2221 9115 12740 9116)
4(2222 9119 12740 9115)
4(2245 9116 12740 9187)
4(2246 9187 12740 9119)
5(1742 1766 2247 9122 2223)
5(1765 2246 9190 2247 1766)
4(2222 9118 12741 9119)
4(2223 9122 12741 9118)
4(2246 9119 12741 9190)
4(2247 9190 12741 9122)
4(1743 14488 14623 14489)
6(1766 2247 9193 2248 8069 1767)
4(2223 9121 12742 9122)
4(2224 9125 12742 9121)
4(2247 9122 12742 9193)
4(2248 9193 12742 9125)
4(1767 8069 14623 14488)
4(2224 14489 14623 9125)
4(2248 9125 14623 8069)
4(1743 14488 14585 14487)
4(14621 14487 14585 14389)
4(14585 14488 14623 14389)
4(14623 14489 14621 14389)
4(1744 8057 12178 8056)
4(1744 8056 12715 8058)
4(12715 8056 12178 5292)
4(12178 8057 12743 5292)
4(12743 8058 12715 5292)
4(1744 8058 12743 8057)
4(1746 8063 12184 8062)
4(1746 8064 12749 8063)
4(12721 8062 12184 5294)
4(12184 8063 12749 5294)
4(12749 8064 12721 5294)
4(1746 8062 12721 8064)
5(1748 1771 2252 9140 2229)
6(1770 8078 2251 9206 2252 1771)
4(2228 9136 12755 9137)
4(1747 8066 12752 8065)
4(1770 8065 12752 8078)
4(2228 9137 12752 8066)
4(2251 8078 12752 9137)
4(2229 9140 12755 9136)
4(2251 9137 12755 9206)
4(2252 9206 12755 9140)
5(1749 1772 2253 9143 2230)
5(1771 2252 9209 2253 1772)
4(2229 9139 12756 9140)
4(2230 9143 12756 9139)
4(2252 9140 12756 9209)
4(2253 9209 12756 9143)
5(1750 1773 2254 9146 2231)
5(1772 2253 9212 2254 1773)
4(2230 9142 12757 9143)
4(2231 9146 12757 9142)
4(2253 9143 12757 9212)
4(2254 9212 12757 9146)
5(1751 1774 2255 9149 2232)
5(1773 2254 9215 2255 1774)
4(2231 9145 12758 9146)
4(2232 9149 12758 9145)
4(2254 9146 12758 9215)
4(2255 9215 12758 9149)
5(1752 1775 2256 9152 2233)
5(1774 2255 9218 2256 1775)
4(2232 9148 12759 9149)
4(2233 9152 12759 9148)
4(2255 9149 12759 9218)
4(2256 9218 12759 9152)
5(1753 1776 2257 9155 2234)
5(1775 2256 9221 2257 1776)
4(2233 9151 12760 9152)
4(2234 9155 12760 9151)
4(2256 9152 12760 9221)
4(2257 9221 12760 9155)
5(1754 1777 2258 9158 2235)
5(1776 2257 9224 2258 1777)
4(2234 9154 12761 9155)
4(2235 9158 12761 9154)
4(2257 9155 12761 9224)
4(2258 9224 12761 9158)
5(1755 1778 2259 9161 2236)
5(1777 2258 9227 2259 1778)
4(2235 9157 12762 9158)
4(2236 9161 12762 9157)
4(2258 9158 12762 9227)
4(2259 9227 12762 9161)
5(1756 1779 2260 9164 2237)
5(1778 2259 9230 2260 1779)
4(2236 9160 12763 9161)
4(2237 9164 12763 9160)
4(2259 9161 12763 9230)
4(2260 9230 12763 9164)
5(1757 1780 2261 9167 2238)
5(1779 2260 9233 2261 1780)
4(2237 9163 12764 9164)
4(2238 9167 12764 9163)
4(2260 9164 12764 9233)
4(2261 9233 12764 9167)
5(1758 1781 2262 9170 2239)
5(1780 2261 9236 2262 1781)
4(2238 9166 12765 9167)
4(2239 9170 12765 9166)
4(2261 9167 12765 9236)
4(2262 9236 12765 9170)
5(1759 1782 2263 9173 2240)
5(1781 2262 9239 2263 1782)
4(2239 9169 12766 9170)
4(2240 9173 12766 9169)
4(2262 9170 12766 9239)
4(2263 9239 12766 9173)
5(1760 1783 2264 9176 2241)
5(1782 2263 9242 2264 1783)
4(2240 9172 12767 9173)
4(2241 9176 12767 9172)
4(2263 9173 12767 9242)
4(2264 9242 12767 9176)
5(1761 1784 2265 9179 2242)
5(1783 2264 9245 2265 1784)
4(2241 9175 12768 9176)
4(2242 9179 12768 9175)
4(2264 9176 12768 9245)
4(2265 9245 12768 9179)
5(1762 1785 2266 9182 2243)
5(1784 2265 9248 2266 1785)
4(2242 9178 12769 9179)
4(2243 9182 12769 9178)
4(2265 9179 12769 9248)
4(2266 9248 12769 9182)
5(1763 1786 2267 9185 2244)
5(1785 2266 9251 2267 1786)
4(2243 9181 12770 9182)
4(2244 9185 12770 9181)
4(2266 9182 12770 9251)
4(2267 9251 12770 9185)
5(1764 1787 2268 9188 2245)
5(1786 2267 9254 2268 1787)
4(2244 9184 12771 9185)
4(2245 9188 12771 9184)
4(2267 9185 12771 9254)
4(2268 9254 12771 9188)
5(1765 1788 2269 9191 2246)
5(1787 2268 9257 2269 1788)
4(2245 9187 12772 9188)
4(2246 9191 12772 9187)
4(2268 9188 12772 9257)
4(2269 9257 12772 9191)
5(1766 1789 2270 9194 2247)
5(1788 2269 9260 2270 1789)
4(2246 9190 12773 9191)
4(2247 9194 12773 9190)
4(2269 9191 12773 9260)
4(2270 9260 12773 9194)
4(1767 8068 12774 8069)
6(1789 2270 9263 2271 8081 1790)
4(2247 9193 12775 9194)
4(1790 8081 12774 8068)
4(2248 8069 12774 9197)
4(2271 9197 12774 8081)
4(2248 9197 12775 9193)
4(2270 9194 12775 9263)
4(2271 9263 12775 9197)
4(1767 8068 12188 8067)
4(12744 8067 12188 5295)
4(12188 8068 12774 5295)
4(12774 8069 12744 5295)
4(1767 8067 12744 8069)
4(1768 8071 12190 8070)
4(1768 8070 12747 8072)
4(1768 8072 12776 8071)
4(12190 8071 12776 5296)
4(12776 8072 12747 5296)
4(1769 8075 12194 8074)
4(1769 8074 12753 8076)
4(12753 8074 12194 5297)
4(12194 8075 12781 5297)
4(12781 8076 12753 5297)
6(1771 1794 14492 2275 9210 2252)
4(1793 8089 14624 14490)
4(2251 9206 12785 9207)
4(1770 8078 12782 8077)
4(1793 8077 12782 8089)
4(2251 9207 12782 8078)
4(2274 8089 12782 9207)
4(2252 9210 12785 9206)
4(2274 9207 12785 9275)
4(2275 9275 12785 9210)
4(1794 14490 14624 14492)
4(2274 9275 14624 8089)
4(2275 14492 14624 9275)
5(1772 1795 2276 9213 2253)
6(1794 14492 2275 9278 2276 1795)
4(2252 9209 12786 9210)
4(2253 9213 12786 9209)
4(2275 9210 12786 9278)
4(2276 9278 12786 9213)
5(1773 1796 2277 9216 2254)
5(1795 2276 9281 2277 1796)
4(2253 9212 12787 9213)
4(2254 9216 12787 9212)
4(2276 9213 12787 9281)
4(2277 9281 12787 9216)
5(1774 1797 2278 9219 2255)
5(1796 2277 9284 2278 1797)
4(2254 9215 12788 9216)
4(2255 9219 12788 9215)
4(2277 9216 12788 9284)
4(2278 9284 12788 9219)
5(1775 1798 2279 9222 2256)
5(1797 2278 9287 2279 1798)
4(2255 9218 12789 9219)
4(2256 9222 12789 9218)
4(2278 9219 12789 9287)
4(2279 9287 12789 9222)
5(1776 1799 2280 9225 2257)
5(1798 2279 9290 2280 1799)
4(2256 9221 12790 9222)
4(2257 9225 12790 9221)
4(2279 9222 12790 9290)
4(2280 9290 12790 9225)
5(1777 1800 2281 9228 2258)
5(1799 2280 9293 2281 1800)
4(2257 9224 12791 9225)
4(2258 9228 12791 9224)
4(2280 9225 12791 9293)
4(2281 9293 12791 9228)
5(1778 1801 2282 9231 2259)
5(1800 2281 9296 2282 1801)
4(2258 9227 12792 9228)
4(2259 9231 12792 9227)
4(2281 9228 12792 9296)
4(2282 9296 12792 9231)
5(1779 1802 2283 9234 2260)
5(1801 2282 9299 2283 1802)
4(2259 9230 12793 9231)
4(2260 9234 12793 9230)
4(2282 9231 12793 9299)
4(2283 9299 12793 9234)
5(1780 1803 2284 9237 2261)
5(1802 2283 9302 2284 1803)
4(2260 9233 12794 9234)
4(2261 9237 12794 9233)
4(2283 9234 12794 9302)
4(2284 9302 12794 9237)
5(1781 1804 2285 9240 2262)
5(1803 2284 9305 2285 1804)
4(2261 9236 12795 9237)
4(2262 9240 12795 9236)
4(2284 9237 12795 9305)
4(2285 9305 12795 9240)
5(1782 1805 2286 9243 2263)
5(1804 2285 9308 2286 1805)
4(2262 9239 12796 9240)
4(2263 9243 12796 9239)
4(2285 9240 12796 9308)
4(2286 9308 12796 9243)
5(1783 1806 2287 9246 2264)
5(1805 2286 9311 2287 1806)
4(2263 9242 12797 9243)
4(2264 9246 12797 9242)
4(2286 9243 12797 9311)
4(2287 9311 12797 9246)
5(1784 1807 2288 9249 2265)
5(1806 2287 9314 2288 1807)
4(2264 9245 12798 9246)
4(2265 9249 12798 9245)
4(2287 9246 12798 9314)
4(2288 9314 12798 9249)
5(1785 1808 2289 9252 2266)
5(1807 2288 9317 2289 1808)
4(2265 9248 12799 9249)
4(2266 9252 12799 9248)
4(2288 9249 12799 9317)
4(2289 9317 12799 9252)
5(1786 1809 2290 9255 2267)
5(1808 2289 9320 2290 1809)
4(2266 9251 12800 9252)
4(2267 9255 12800 9251)
4(2289 9252 12800 9320)
4(2290 9320 12800 9255)
5(1787 1810 2291 9258 2268)
5(1809 2290 9323 2291 1810)
4(2267 9254 12801 9255)
4(2268 9258 12801 9254)
4(2290 9255 12801 9323)
4(2291 9323 12801 9258)
5(1788 1811 2292 9261 2269)
5(1810 2291 9326 2292 1811)
4(2268 9257 12802 9258)
4(2269 9261 12802 9257)
4(2291 9258 12802 9326)
4(2292 9326 12802 9261)
6(1789 1812 14495 2293 9264 2270)
6(1811 2292 9329 2293 14495 1812)
4(2269 9260 12803 9261)
4(2270 9264 12803 9260)
4(2292 9261 12803 9329)
4(2293 9329 12803 9264)
4(1790 8080 12804 8081)
4(1812 14495 14625 14493)
4(2270 9263 12805 9264)
4(1813 8092 12804 8080)
4(2271 8081 12804 9267)
4(2294 9267 12804 8092)
4(2271 9267 12805 9263)
4(2293 9264 12805 9332)
4(2294 9332 12805 9267)
4(1813 14493 14625 8092)
4(2293 9332 14625 14495)
4(2294 8092 14625 9332)
4(1790 8080 12198 8079)
4(1790 8079 12777 8081)
4(12777 8079 12198 5298)
4(12198 8080 12804 5298)
4(12804 8081 12777 5298)
4(1792 8086 12202 8085)
4(1792 8085 12783 8087)
4(12783 8085 12202 5299)
4(12809 8087 12783 5299)
4(1793 8089 12810 8088)
4(1793 8088 14589 14490)
4(14624 14490 14589 14390)
4(14589 8088 12810 14390)
4(12810 8089 14624 14390)
5(1795 1817 2298 9282 2276)
6(1816 8100 2297 9344 2298 1817)
4(2275 9278 12815 9279)
4(2276 9282 12815 9278)
4(2297 9279 12815 9344)
4(2298 9344 12815 9282)
4(1794 14492 14626 14491)
4(1816 14491 14626 8100)
4(2275 9279 14626 14492)
4(2297 8100 14626 9279)
5(1796 1818 2299 9285 2277)
5(1817 2298 9347 2299 1818)
4(2276 9281 12816 9282)
4(2277 9285 12816 9281)
4(2298 9282 12816 9347)
4(2299 9347 12816 9285)
5(1797 1819 2300 9288 2278)
5(1818 2299 9350 2300 1819)
4(2277 9284 12817 9285)
4(2278 9288 12817 9284)
4(2299 9285 12817 9350)
4(2300 9350 12817 9288)
5(1798 1820 2301 9291 2279)
5(1819 2300 9353 2301 1820)
4(2278 9287 12818 9288)
4(2279 9291 12818 9287)
4(2300 9288 12818 9353)
4(2301 9353 12818 9291)
5(1799 1821 2302 9294 2280)
5(1820 2301 9356 2302 1821)
4(2279 9290 12819 9291)
4(2280 9294 12819 9290)
4(2301 9291 12819 9356)
4(2302 9356 12819 9294)
5(1800 1822 2303 9297 2281)
5(1821 2302 9359 2303 1822)
4(2280 9293 12820 9294)
4(2281 9297 12820 9293)
4(2302 9294 12820 9359)
4(2303 9359 12820 9297)
5(1801 1823 2304 9300 2282)
5(1822 2303 9362 2304 1823)
4(2281 9296 12821 9297)
4(2282 9300 12821 9296)
4(2303 9297 12821 9362)
4(2304 9362 12821 9300)
5(1802 1824 2305 9303 2283)
5(1823 2304 9365 2305 1824)
4(2282 9299 12822 9300)
4(2283 9303 12822 9299)
4(2304 9300 12822 9365)
4(2305 9365 12822 9303)
5(1803 1825 2306 9306 2284)
5(1824 2305 9368 2306 1825)
4(2283 9302 12823 9303)
4(2284 9306 12823 9302)
4(2305 9303 12823 9368)
4(2306 9368 12823 9306)
5(1804 1826 2307 9309 2285)
5(1825 2306 9371 2307 1826)
4(2284 9305 12824 9306)
4(2285 9309 12824 9305)
4(2306 9306 12824 9371)
4(2307 9371 12824 9309)
5(1805 1827 2308 9312 2286)
5(1826 2307 9374 2308 1827)
4(2285 9308 12825 9309)
4(2286 9312 12825 9308)
4(2307 9309 12825 9374)
4(2308 9374 12825 9312)
5(1806 1828 2309 9315 2287)
5(1827 2308 9377 2309 1828)
4(2286 9311 12826 9312)
4(2287 9315 12826 9311)
4(2308 9312 12826 9377)
4(2309 9377 12826 9315)
5(1807 1829 2310 9318 2288)
5(1828 2309 9380 2310 1829)
4(2287 9314 12827 9315)
4(2288 9318 12827 9314)
4(2309 9315 12827 9380)
4(2310 9380 12827 9318)
5(1808 1830 2311 9321 2289)
5(1829 2310 9383 2311 1830)
4(2288 9317 12828 9318)
4(2289 9321 12828 9317)
4(2310 9318 12828 9383)
4(2311 9383 12828 9321)
5(1809 1831 2312 9324 2290)
5(1830 2311 9386 2312 1831)
4(2289 9320 12829 9321)
4(2290 9324 12829 9320)
4(2311 9321 12829 9386)
4(2312 9386 12829 9324)
5(1810 1832 2313 9327 2291)
5(1831 2312 9389 2313 1832)
4(2290 9323 12830 9324)
4(2291 9327 12830 9323)
4(2312 9324 12830 9389)
4(2313 9389 12830 9327)
5(1811 1833 2314 9330 2292)
5(1832 2313 9392 2314 1833)
4(2291 9326 12831 9327)
4(2292 9330 12831 9326)
4(2313 9327 12831 9392)
4(2314 9392 12831 9330)
4(1812 14494 14627 14495)
6(1833 2314 9395 2315 8103 1834)
4(2292 9329 12832 9330)
4(2293 9333 12832 9329)
4(2314 9330 12832 9395)
4(2315 9395 12832 9333)
4(1834 8103 14627 14494)
4(2293 14495 14627 9333)
4(2315 9333 14627 8103)
4(1812 14494 14591 14493)
4(14625 14493 14591 14391)
4(14591 14494 14627 14391)
4(14627 14495 14625 14391)
4(1813 8091 12208 8090)
4(1813 8090 12807 8092)
4(12807 8090 12208 5300)
4(12208 8091 12833 5300)
4(12833 8092 12807 5300)
4(1813 8092 12833 8091)
4(1815 8097 12212 8096)
4(12813 8096 12212 5301)
4(12212 8097 12839 5301)
4(12839 8098 12813 5301)
4(1815 8096 12813 8098)
6(1817 1838 8113 2319 9348 2298)
4(1837 8111 12843 8109)
4(2297 9344 12844 9345)
4(1816 8100 12840 8099)
4(1837 8099 12840 8111)
4(2297 9345 12840 8100)
4(2318 8111 12840 9345)
4(1838 8109 12843 8113)
4(2318 9406 12843 8111)
4(2319 8113 12843 9406)
4(2298 9348 12844 9344)
4(2318 9345 12844 9406)
4(2319 9406 12844 9348)
5(1818 1839 2320 9351 2299)
6(1838 8113 2319 9409 2320 1839)
4(2298 9347 12845 9348)
4(2299 9351 12845 9347)
4(2319 9348 12845 9409)
4(2320 9409 12845 9351)
5(1819 1840 2321 9354 2300)
5(1839 2320 9412 2321 1840)
4(2299 9350 12846 9351)
4(2300 9354 12846 9350)
4(2320 9351 12846 9412)
4(2321 9412 12846 9354)
5(1820 1841 2322 9357 2301)
5(1840 2321 9415 2322 1841)
4(2300 9353 12847 9354)
4(2301 9357 12847 9353)
4(2321 9354 12847 9415)
4(2322 9415 12847 9357)
5(1821 1842 2323 9360 2302)
5(1841 2322 9418 2323 1842)
4(2301 9356 12848 9357)
4(2302 9360 12848 9356)
4(2322 9357 12848 9418)
4(2323 9418 12848 9360)
5(1822 1843 2324 9363 2303)
5(1842 2323 9421 2324 1843)
4(2302 9359 12849 9360)
4(2303 9363 12849 9359)
4(2323 9360 12849 9421)
4(2324 9421 12849 9363)
5(1823 1844 2325 9366 2304)
5(1843 2324 9424 2325 1844)
4(2303 9362 12850 9363)
4(2304 9366 12850 9362)
4(2324 9363 12850 9424)
4(2325 9424 12850 9366)
5(1824 1845 2326 9369 2305)
5(1844 2325 9427 2326 1845)
4(2304 9365 12851 9366)
4(2305 9369 12851 9365)
4(2325 9366 12851 9427)
4(2326 9427 12851 9369)
5(1825 1846 2327 9372 2306)
5(1845 2326 9430 2327 1846)
4(2305 9368 12852 9369)
4(2306 9372 12852 9368)
4(2326 9369 12852 9430)
4(2327 9430 12852 9372)
5(1826 1847 2328 9375 2307)
5(1846 2327 9433 2328 1847)
4(2306 9371 12853 9372)
4(2307 9375 12853 9371)
4(2327 9372 12853 9433)
4(2328 9433 12853 9375)
5(1827 1848 2329 9378 2308)
5(1847 2328 9436 2329 1848)
4(2307 9374 12854 9375)
4(2308 9378 12854 9374)
4(2328 9375 12854 9436)
4(2329 9436 12854 9378)
5(1828 1849 2330 9381 2309)
5(1848 2329 9439 2330 1849)
4(2308 9377 12855 9378)
4(2309 9381 12855 9377)
4(2329 9378 12855 9439)
4(2330 9439 12855 9381)
5(1829 1850 2331 9384 2310)
5(1849 2330 9442 2331 1850)
4(2309 9380 12856 9381)
4(2310 9384 12856 9380)
4(2330 9381 12856 9442)
4(2331 9442 12856 9384)
5(1830 1851 2332 9387 2311)
5(1850 2331 9445 2332 1851)
4(2310 9383 12857 9384)
4(2311 9387 12857 9383)
4(2331 9384 12857 9445)
4(2332 9445 12857 9387)
5(1831 1852 2333 9390 2312)
5(1851 2332 9448 2333 1852)
4(2311 9386 12858 9387)
4(2312 9390 12858 9386)
4(2332 9387 12858 9448)
4(2333 9448 12858 9390)
5(1832 1853 2334 9393 2313)
5(1852 2333 9451 2334 1853)
4(2312 9389 12859 9390)
4(2313 9393 12859 9389)
4(2333 9390 12859 9451)
4(2334 9451 12859 9393)
6(1833 1854 8116 2335 9396 2314)
6(1853 2334 9454 2335 8116 1854)
4(2313 9392 12860 9393)
4(2314 9396 12860 9392)
4(2334 9393 12860 9454)
4(2335 9454 12860 9396)
4(1834 8102 12861 8103)
4(1854 8116 12862 8114)
4(2314 9395 12863 9396)
4(1855 8119 12861 8102)
4(2315 8103 12861 9399)
4(2336 9399 12861 8119)
4(1855 8114 12862 8119)
4(2335 9457 12862 8116)
4(2336 8119 12862 9457)
4(2315 9399 12863 9395)
4(2335 9396 12863 9457)
4(2336 9457 12863 9399)
4(1834 8102 12218 8101)
4(12834 8101 12218 5302)
4(12218 8102 12861 5302)
4(12861 8103 12834 5302)
4(1834 8101 12834 8103)
4(1837 8110 12223 8109)
4(1837 8111 12867 8110)
4(12843 8109 12223 5304)
4(12223 8110 12867 5304)
4(12867 8111 12843 5304)
6(1839 1859 8127 2340 9413 2320)
4(1858 8125 12872 8123)
4(2319 9409 12873 9410)
4(1838 8113 12869 8112)
4(1858 8112 12869 8125)
4(2319 9410 12869 8113)
4(2339 8125 12869 9410)
4(1859 8123 12872 8127)
4(2339 9466 12872 8125)
4(2340 8127 12872 9466)
4(2320 9413 12873 9409)
4(2339 9410 12873 9466)
4(2340 9466 12873 9413)
5(1840 1860 2341 9416 2321)
6(1859 8127 2340 9469 2341 1860)
4(2320 9412 12874 9413)
4(2321 9416 12874 9412)
4(2340 9413 12874 9469)
4(2341 9469 12874 9416)
5(1841 1861 2342 9419 2322)
5(1860 2341 9472 2342 1861)
4(2321 9415 12875 9416)
4(2322 9419 12875 9415)
4(2341 9416 12875 9472)
4(2342 9472 12875 9419)
5(1842 1862 2343 9422 2323)
5(1861 2342 9475 2343 1862)
4(2322 9418 12876 9419)
4(2323 9422 12876 9418)
4(2342 9419 12876 9475)
4(2343 9475 12876 9422)
5(1843 1863 2344 9425 2324)
5(1862 2343 9478 2344 1863)
4(2323 9421 12877 9422)
4(2324 9425 12877 9421)
4(2343 9422 12877 9478)
4(2344 9478 12877 9425)
5(1844 1864 2345 9428 2325)
5(1863 2344 9481 2345 1864)
4(2324 9424 12878 9425)
4(2325 9428 12878 9424)
4(2344 9425 12878 9481)
4(2345 9481 12878 9428)
5(1845 1865 2346 9431 2326)
5(1864 2345 9484 2346 1865)
4(2325 9427 12879 9428)
4(2326 9431 12879 9427)
4(2345 9428 12879 9484)
4(2346 9484 12879 9431)
5(1846 1866 2347 9434 2327)
5(1865 2346 9487 2347 1866)
4(2326 9430 12880 9431)
4(2327 9434 12880 9430)
4(2346 9431 12880 9487)
4(2347 9487 12880 9434)
5(1847 1867 2348 9437 2328)
5(1866 2347 9490 2348 1867)
4(2327 9433 12881 9434)
4(2328 9437 12881 9433)
4(2347 9434 12881 9490)
4(2348 9490 12881 9437)
5(1848 1868 2349 9440 2329)
5(1867 2348 9493 2349 1868)
4(2328 9436 12882 9437)
4(2329 9440 12882 9436)
4(2348 9437 12882 9493)
4(2349 9493 12882 9440)
5(1849 1869 2350 9443 2330)
5(1868 2349 9496 2350 1869)
4(2329 9439 12883 9440)
4(2330 9443 12883 9439)
4(2349 9440 12883 9496)
4(2350 9496 12883 9443)
5(1850 1870 2351 9446 2331)
5(1869 2350 9499 2351 1870)
4(2330 9442 12884 9443)
4(2331 9446 12884 9442)
4(2350 9443 12884 9499)
4(2351 9499 12884 9446)
5(1851 1871 2352 9449 2332)
5(1870 2351 9502 2352 1871)
4(2331 9445 12885 9446)
4(2332 9449 12885 9445)
4(2351 9446 12885 9502)
4(2352 9502 12885 9449)
5(1852 1872 2353 9452 2333)
5(1871 2352 9505 2353 1872)
4(2332 9448 12886 9449)
4(2333 9452 12886 9448)
4(2352 9449 12886 9505)
4(2353 9505 12886 9452)
6(1853 1873 8130 2354 9455 2334)
6(1872 2353 9508 2354 8130 1873)
4(2333 9451 12887 9452)
4(2334 9455 12887 9451)
4(2353 9452 12887 9508)
4(2354 9508 12887 9455)
4(1854 8115 12888 8116)
4(1873 8130 12889 8128)
4(2334 9454 12890 9455)
4(1874 8133 12888 8115)
4(2335 8116 12888 9458)
4(2355 9458 12888 8133)
4(1874 8128 12889 8133)
4(2354 9511 12889 8130)
4(2355 8133 12889 9511)
4(2335 9458 12890 9454)
4(2354 9455 12890 9511)
4(2355 9511 12890 9458)
4(1854 8115 12229 8114)
4(12862 8114 12229 5305)
4(12229 8115 12888 5305)
4(12888 8116 12862 5305)
4(1855 8118 12230 8117)
4(1855 8117 12865 8119)
4(1855 8119 12891 8118)
4(12891 8119 12865 5306)
4(1858 8124 12235 8123)
4(1858 8125 12895 8124)
4(12872 8123 12235 5308)
4(12235 8124 12895 5308)
4(12895 8125 12872 5308)
6(1860 1878 8141 2359 9473 2341)
4(1877 8139 12900 8137)
4(2340 9469 12901 9470)
4(1859 8127 12897 8126)
4(1877 8126 12897 8139)
4(2340 9470 12897 8127)
4(2358 8139 12897 9470)
4(1878 8137 12900 8141)
4(2358 9520 12900 8139)
4(2359 8141 12900 9520)
4(2341 9473 12901 9469)
4(2358 9470 12901 9520)
4(2359 9520 12901 9473)
6(1861 1879 14498 2360 9476 2342)
4(1878 8141 14628 14496)
4(2341 9472 12902 9473)
4(2342 9476 12902 9472)
4(2359 9473 12902 9523)
4(2360 9523 12902 9476)
4(1879 14496 14628 14498)
4(2359 9523 14628 8141)
4(2360 14498 14628 9523)
5(1862 1880 2361 9479 2343)
6(1879 14498 2360 9526 2361 1880)
4(2342 9475 12903 9476)
4(2343 9479 12903 9475)
4(2360 9476 12903 9526)
4(2361 9526 12903 9479)
5(1863 1881 2362 9482 2344)
5(1880 2361 9529 2362 1881)
4(2343 9478 12904 9479)
4(2344 9482 12904 9478)
4(2361 9479 12904 9529)
4(2362 9529 12904 9482)
5(1864 1882 2363 9485 2345)
5(1881 2362 9532 2363 1882)
4(2344 9481 12905 9482)
4(2345 9485 12905 9481)
4(2362 9482 12905 9532)
4(2363 9532 12905 9485)
5(1865 1883 2364 9488 2346)
5(1882 2363 9535 2364 1883)
4(2345 9484 12906 9485)
4(2346 9488 12906 9484)
4(2363 9485 12906 9535)
4(2364 9535 12906 9488)
5(1866 1884 2365 9491 2347)
5(1883 2364 9538 2365 1884)
4(2346 9487 12907 9488)
4(2347 9491 12907 9487)
4(2364 9488 12907 9538)
4(2365 9538 12907 9491)
5(1867 1885 2366 9494 2348)
5(1884 2365 9541 2366 1885)
4(2347 9490 12908 9491)
4(2348 9494 12908 9490)
4(2365 9491 12908 9541)
4(2366 9541 12908 9494)
5(1868 1886 2367 9497 2349)
5(1885 2366 9544 2367 1886)
4(2348 9493 12909 9494)
4(2349 9497 12909 9493)
4(2366 9494 12909 9544)
4(2367 9544 12909 9497)
5(1869 1887 2368 9500 2350)
5(1886 2367 9547 2368 1887)
4(2349 9496 12910 9497)
4(2350 9500 12910 9496)
4(2367 9497 12910 9547)
4(2368 9547 12910 9500)
5(1870 1888 2369 9503 2351)
5(1887 2368 9550 2369 1888)
4(2350 9499 12911 9500)
4(2351 9503 12911 9499)
4(2368 9500 12911 9550)
4(2369 9550 12911 9503)
6(1871 1889 14501 2370 9506 2352)
6(1888 2369 9553 2370 14501 1889)
4(2351 9502 12912 9503)
4(2352 9506 12912 9502)
4(2369 9503 12912 9553)
4(2370 9553 12912 9506)
6(1872 1890 8144 2371 9509 2353)
4(1889 14501 14629 14499)
4(2352 9505 12913 9506)
4(2353 9509 12913 9505)
4(2370 9506 12913 9556)
4(2371 9556 12913 9509)
4(1890 14499 14629 8144)
4(2370 9556 14629 14501)
4(2371 8144 14629 9556)
4(1873 8129 12914 8130)
4(1890 8144 12915 8142)
4(2353 9508 12916 9509)
4(1891 8147 12914 8129)
4(2354 8130 12914 9512)
4(2372 9512 12914 8147)
4(1891 8142 12915 8147)
4(2371 9559 12915 8144)
4(2372 8147 12915 9559)
4(2354 9512 12916 9508)
4(2371 9509 12916 9559)
4(2372 9559 12916 9512)
4(1873 8129 12241 8128)
4(12889 8128 12241 5309)
4(12241 8129 12914 5309)
4(12914 8130 12889 5309)
4(1874 8132 12242 8131)
4(1874 8131 12892 8133)
4(1874 8133 12917 8132)
4(12917 8133 12892 5310)
4(1877 8138 12247 8137)
4(1877 8139 12921 8138)
4(12900 8137 12247 5312)
4(12247 8138 12921 5312)
4(12921 8139 12900 5312)
4(1878 8141 12923 8140)
4(1878 8140 14595 14496)
4(14628 14496 14595 14392)
4(14595 8140 12923 14392)
4(12923 8141 14628 14392)
6(1880 1896 8159 2377 9530 2361)
4(1895 8156 12928 8154)
4(2360 9526 12929 9527)
4(1896 8154 12928 8159)
4(2376 9571 12928 8156)
4(2377 8159 12928 9571)
4(2361 9530 12929 9526)
4(2376 9527 12929 9571)
4(2377 9571 12929 9530)
4(1879 14498 14630 14497)
4(1895 14497 14630 8156)
4(2360 9527 14630 14498)
4(2376 8156 14630 9527)
6(1881 1897 8161 2378 9533 2362)
4(1896 8159 12930 8157)
4(2361 9529 12931 9530)
4(1897 8157 12930 8161)
4(2377 9574 12930 8159)
4(2378 8161 12930 9574)
4(2362 9533 12931 9529)
4(2377 9530 12931 9574)
4(2378 9574 12931 9533)
6(1882 1898 14504 2379 9536 2363)
4(1897 8161 14631 14502)
4(2362 9532 12932 9533)
4(2363 9536 12932 9532)
4(2378 9533 12932 9577)
4(2379 9577 12932 9536)
4(1898 14502 14631 14504)
4(2378 9577 14631 8161)
4(2379 14504 14631 9577)
5(1883 1899 2380 9539 2364)
6(1898 14504 2379 9580 2380 1899)
4(2363 9535 12933 9536)
4(2364 9539 12933 9535)
4(2379 9536 12933 9580)
4(2380 9580 12933 9539)
5(1884 1900 2381 9542 2365)
5(1899 2380 9583 2381 1900)
4(2364 9538 12934 9539)
4(2365 9542 12934 9538)
4(2380 9539 12934 9583)
4(2381 9583 12934 9542)
5(1885 1901 2382 9545 2366)
5(1900 2381 9586 2382 1901)
4(2365 9541 12935 9542)
4(2366 9545 12935 9541)
4(2381 9542 12935 9586)
4(2382 9586 12935 9545)
6(1886 1902 14507 2383 9548 2367)
6(1901 2382 9589 2383 14507 1902)
4(2366 9544 12936 9545)
4(2367 9548 12936 9544)
4(2382 9545 12936 9589)
4(2383 9589 12936 9548)
6(1887 1903 8164 2384 9551 2368)
4(1902 14507 14632 14505)
4(2367 9547 12937 9548)
4(2368 9551 12937 9547)
4(2383 9548 12937 9592)
4(2384 9592 12937 9551)
4(1903 14505 14632 8164)
4(2383 9592 14632 14507)
4(2384 8164 14632 9592)
6(1888 1904 8167 2385 9554 2369)
4(1903 8164 12938 8162)
4(2368 9550 12939 9551)
4(1904 8162 12938 8167)
4(2384 9595 12938 8164)
4(2385 8167 12938 9595)
4(2369 9554 12939 9550)
4(2384 9551 12939 9595)
4(2385 9595 12939 9554)
4(1889 14500 14633 14501)
4(1904 8167 12940 8165)
4(2369 9553 12941 9554)
4(1905 8165 12940 8170)
4(2385 9598 12940 8167)
4(2386 8170 12940 9598)
4(2370 9557 12941 9553)
4(2385 9554 12941 9598)
4(2386 9598 12941 9557)
4(1905 8170 14633 14500)
4(2370 14501 14633 9557)
4(2386 9557 14633 8170)
4(1889 14500 14599 14499)
4(14629 14499 14599 14393)
4(14599 14500 14633 14393)
4(14633 14501 14629 14393)
4(1890 8143 12257 8142)
4(12915 8142 12257 5313)
4(12257 8143 12942 5313)
4(12942 8144 12915 5313)
4(1890 8144 12942 8143)
4(1891 8146 12258 8145)
4(1891 8145 12918 8147)
4(1891 8147 12945 8146)
4(12945 8147 12918 5314)
4(1894 8152 12262 8151)
4(12926 8151 12262 5315)
4(12949 8153 12926 5315)
4(1894 8151 12926 8153)
4(1895 8155 12265 8154)
4(1895 8156 12950 8155)
4(12928 8154 12265 5316)
4(12265 8155 12950 5316)
4(12950 8156 12928 5316)
4(1896 8158 12268 8157)
4(1896 8159 12953 8158)
4(12930 8157 12268 5317)
4(12268 8158 12953 5317)
4(12953 8159 12930 5317)
4(1897 8161 12956 8160)
4(1897 8160 14601 14502)
4(14631 14502 14601 14394)
4(14601 8160 12956 14394)
4(12956 8161 14631 14394)
6(1899 1912 8189 2393 9584 2380)
4(1911 8186 12961 8184)
4(2379 9580 12962 9581)
4(1912 8184 12961 8189)
4(2392 9617 12961 8186)
4(2393 8189 12961 9617)
4(2380 9584 12962 9580)
4(2392 9581 12962 9617)
4(2393 9617 12962 9584)
4(1898 14504 14634 14503)
4(1911 14503 14634 8186)
4(2379 9581 14634 14504)
4(2392 8186 14634 9581)
6(1900 1913 8192 2394 9587 2381)
4(1912 8189 12963 8187)
4(2380 9583 12964 9584)
4(1913 8187 12963 8192)
4(2393 9620 12963 8189)
4(2394 8192 12963 9620)
4(2381 9587 12964 9583)
4(2393 9584 12964 9620)
4(2394 9620 12964 9587)
6(1901 1914 8195 2395 9590 2382)
4(1913 8192 12965 8190)
4(2381 9586 12966 9587)
4(1914 8190 12965 8195)
4(2394 9623 12965 8192)
4(2395 8195 12965 9623)
4(2382 9590 12966 9586)
4(2394 9587 12966 9623)
4(2395 9623 12966 9590)
4(1902 14506 14635 14507)
4(1914 8195 12967 8193)
4(2382 9589 12968 9590)
4(1915 8193 12967 8198)
4(2395 9626 12967 8195)
4(2396 8198 12967 9626)
4(2383 9593 12968 9589)
4(2395 9590 12968 9626)
4(2396 9626 12968 9593)
4(1915 8198 14635 14506)
4(2383 14507 14635 9593)
4(2396 9593 14635 8198)
4(1902 14506 14603 14505)
4(14632 14505 14603 14395)
4(14603 14506 14635 14395)
4(14635 14507 14632 14395)
4(1903 8163 12278 8162)
4(12938 8162 12278 5318)
4(12278 8163 12969 5318)
4(12969 8164 12938 5318)
4(1903 8164 12969 8163)
4(1904 8166 12281 8165)
4(1904 8167 12972 8166)
4(12940 8165 12281 5319)
4(12281 8166 12972 5319)
4(12972 8167 12940 5319)
4(1905 8169 12284 8168)
4(1905 8170 12975 8169)
4(12943 8168 12284 5320)
4(12284 8169 12975 5320)
4(12975 8170 12943 5320)
4(1905 8168 12943 8170)
4(1909 8179 12287 8178)
4(1909 8178 12957 8180)
4(12957 8178 12287 5321)
4(12981 8180 12957 5321)
4(1910 8182 12290 8181)
4(1910 8183 12982 8182)
4(12959 8181 12290 5322)
4(12982 8183 12959 5322)
4(1910 8181 12959 8183)
4(1911 8185 12293 8184)
4(1911 8186 12984 8185)
4(12961 8184 12293 5323)
4(12293 8185 12984 5323)
4(12984 8186 12961 5323)
4(1912 8188 12296 8187)
4(1912 8189 12987 8188)
4(12963 8187 12296 5324)
4(12296 8188 12987 5324)
4(12987 8189 12963 5324)
4(1913 8191 12299 8190)
4(1913 8192 12990 8191)
4(12965 8190 12299 5325)
4(12299 8191 12990 5325)
4(12990 8192 12965 5325)
4(1914 8194 12302 8193)
4(1914 8195 12993 8194)
4(12967 8193 12302 5326)
4(12302 8194 12993 5326)
4(12993 8195 12967 5326)
4(1915 8197 12305 8196)
4(1915 8198 12996 8197)
4(12970 8196 12305 5327)
4(12305 8197 12996 5327)
4(12996 8198 12970 5327)
4(1915 8196 12970 8198)
4(1916 8200 12307 8199)
4(1916 8199 12973 8201)
4(1916 8201 12999 8200)
4(12973 8199 12307 5328)
4(12999 8201 12973 5328)
4(1924 8222 12325 8221)
4(1924 8223 13015 8222)
4(13005 8221 12325 5331)
4(12325 8222 13015 5331)
4(13015 8223 13005 5331)
4(1925 8225 12328 8224)
4(1925 8226 13017 8225)
4(13006 8224 12328 5332)
4(12328 8225 13017 5332)
4(13017 8226 13006 5332)
4(1926 8228 12331 8227)
4(1926 8229 13019 8228)
4(13007 8227 12331 5333)
4(12331 8228 13019 5333)
4(13019 8229 13007 5333)
4(1927 8231 12334 8230)
4(1927 8232 13021 8231)
4(13008 8230 12334 5334)
4(12334 8231 13021 5334)
4(13021 8232 13008 5334)
4(1928 8234 12337 8233)
4(1928 8235 13023 8234)
4(12337 8234 13023 5335)
4(13023 8235 13009 5335)
4(1929 8241 12350 8240)
4(1929 8242 13033 8241)
4(13012 8240 12350 5338)
4(12350 8241 13033 5338)
4(13033 8242 13012 5338)
4(1930 8244 12353 8243)
4(1930 8243 13014 8245)
4(1930 8245 13035 8244)
4(13014 8243 12353 5339)
4(12353 8244 13035 5339)
4(13035 8245 13014 5339)
4(1931 8246 13016 8248)
4(1931 8248 13037 8247)
4(13016 8246 12354 5340)
4(12354 8247 13037 5340)
4(13037 8248 13016 5340)
4(1931 8247 12354 8246)
4(1932 8249 13018 8251)
4(1932 8251 13040 8250)
4(13018 8249 12355 5341)
4(12355 8250 13040 5341)
4(13040 8251 13018 5341)
4(1933 8252 13020 8254)
4(1933 8254 13043 8253)
4(13020 8252 12356 5342)
4(12356 8253 13043 5342)
4(13043 8254 13020 5342)
4(1934 8255 13022 8257)
4(1934 8257 13046 8256)
4(13022 8255 12357 5343)
4(12357 8256 13046 5343)
4(13046 8257 13022 5343)
4(1935 8258 13024 8260)
4(1935 8260 13049 8259)
4(13024 8258 12358 5344)
4(12358 8259 13049 5344)
4(13049 8260 13024 5344)
4(1936 8261 13026 8263)
4(1936 8263 13052 8262)
4(13026 8261 12360 5345)
4(12360 8262 13052 5345)
4(13052 8263 13026 5345)
4(1936 8262 12360 8261)
4(1937 8265 12363 8264)
4(1937 8264 13028 8266)
4(1937 8266 13055 8265)
4(13028 8264 12363 5346)
4(12363 8265 13055 5346)
4(13055 8266 13028 5346)
4(1938 8268 12366 8267)
4(1938 8269 13058 8268)
4(13029 8267 12366 5347)
4(12366 8268 13058 5347)
4(13058 8269 13029 5347)
4(1939 8271 12369 8270)
4(1939 8272 13061 8271)
4(12369 8271 13061 5348)
4(13061 8272 13030 5348)
4(1940 8275 12376 8274)
4(13032 8274 12376 5350)
4(12376 8275 13066 5350)
4(13066 8276 13032 5350)
4(1941 8277 13034 8279)
4(1941 8279 13068 8278)
4(13034 8277 12377 5351)
4(12377 8278 13068 5351)
4(13068 8279 13034 5351)
4(1941 8278 12377 8277)
4(1942 8280 13036 8282)
4(1942 8282 13070 8281)
4(13036 8280 12378 5352)
4(12378 8281 13070 5352)
4(13070 8282 13036 5352)
4(1943 8283 13038 8285)
4(1943 8285 13073 8284)
4(13038 8283 12379 5353)
4(12379 8284 13073 5353)
4(13073 8285 13038 5353)
4(1944 8286 13041 8288)
4(1944 8288 13076 8287)
4(13041 8286 12380 5354)
4(12380 8287 13076 5354)
4(13076 8288 13041 5354)
4(1945 8289 13044 8291)
4(1945 8291 13079 8290)
4(13044 8289 12381 5355)
4(12381 8290 13079 5355)
4(13079 8291 13044 5355)
4(1946 8292 13047 8294)
4(1946 8294 13082 8293)
4(13047 8292 12382 5356)
4(12382 8293 13082 5356)
4(13082 8294 13047 5356)
4(1947 8295 13050 8297)
4(1947 8297 13085 8296)
4(13050 8295 12383 5357)
4(12383 8296 13085 5357)
4(13085 8297 13050 5357)
4(1948 8298 13053 8300)
4(1948 8300 13088 8299)
4(13053 8298 12384 5358)
4(12384 8299 13088 5358)
4(13088 8300 13053 5358)
4(1949 8301 13056 8303)
4(1949 8303 13091 8302)
4(13056 8301 12385 5359)
4(12385 8302 13091 5359)
4(13091 8303 13056 5359)
4(1950 8304 13059 8306)
4(1950 8306 13094 8305)
4(13059 8304 12386 5360)
4(12386 8305 13094 5360)
4(13094 8306 13059 5360)
4(1951 8307 13062 8309)
4(1951 8309 13097 8308)
4(13062 8307 12387 5361)
4(12387 8308 13097 5361)
4(13097 8309 13062 5361)
4(1952 8310 13064 8312)
4(1952 8312 13100 8311)
4(13064 8310 12389 5362)
4(12389 8311 13100 5362)
4(13100 8312 13064 5362)
4(1952 8311 12389 8310)
4(1953 8314 12392 8313)
4(1953 8315 13103 8314)
4(13065 8313 12392 5363)
4(12392 8314 13103 5363)
4(13103 8315 13065 5363)
4(1955 8319 12400 8318)
4(13067 8318 12400 5366)
4(12400 8319 13109 5366)
4(13109 8320 13067 5366)
4(1956 8321 13069 8323)
4(1956 8323 13111 8322)
4(13069 8321 12401 5367)
4(12401 8322 13111 5367)
4(13111 8323 13069 5367)
4(1957 8324 13071 8326)
4(1957 8326 13113 8325)
4(13071 8324 12402 5368)
4(12402 8325 13113 5368)
4(13113 8326 13071 5368)
4(1958 8327 13074 8329)
4(1958 8329 13116 8328)
4(13074 8327 12403 5369)
4(12403 8328 13116 5369)
4(13116 8329 13074 5369)
4(1959 8330 13077 8332)
4(1959 8332 13119 8331)
4(13077 8330 12404 5370)
4(12404 8331 13119 5370)
4(13119 8332 13077 5370)
4(1960 8333 13080 8335)
4(1960 8335 13122 8334)
4(13080 8333 12405 5371)
4(12405 8334 13122 5371)
4(13122 8335 13080 5371)
4(1961 8336 13083 8338)
4(1961 8338 13125 8337)
4(13083 8336 12406 5372)
4(12406 8337 13125 5372)
4(13125 8338 13083 5372)
4(1962 8339 13086 8341)
4(1962 8341 13128 8340)
4(13086 8339 12407 5373)
4(12407 8340 13128 5373)
4(13128 8341 13086 5373)
4(1963 8342 13089 8344)
4(1963 8344 13131 8343)
4(13089 8342 12408 5374)
4(12408 8343 13131 5374)
4(13131 8344 13089 5374)
4(1964 8345 13092 8347)
4(1964 8347 13134 8346)
4(13092 8345 12409 5375)
4(12409 8346 13134 5375)
4(13134 8347 13092 5375)
4(1965 8348 13095 8350)
4(1965 8350 13137 8349)
4(13095 8348 12410 5376)
4(12410 8349 13137 5376)
4(13137 8350 13095 5376)
4(1966 8351 13098 8353)
4(1966 8353 13140 8352)
4(13098 8351 12411 5377)
4(12411 8352 13140 5377)
4(13140 8353 13098 5377)
4(1967 8354 13101 8356)
4(1967 8356 13143 8355)
4(13101 8354 12412 5378)
4(12412 8355 13143 5378)
4(13143 8356 13101 5378)
4(1968 8357 13104 8359)
4(1968 8359 13146 8358)
4(13104 8357 12413 5379)
4(12413 8358 13146 5379)
4(13146 8359 13104 5379)
4(1969 8360 13107 8362)
4(1969 8362 13149 8361)
4(13107 8360 12415 5380)
4(12415 8361 13149 5380)
4(13149 8362 13107 5380)
4(1970 8364 12418 8363)
4(1970 8363 13108 8365)
4(1970 8365 13152 8364)
4(13108 8363 12418 5381)
4(12418 8364 13152 5381)
4(13152 8365 13108 5381)
4(1972 8369 12426 8368)
4(13110 8368 12426 5384)
4(12426 8369 13158 5384)
4(13158 8370 13110 5384)
4(1973 8371 13112 8373)
4(1973 8373 13160 8372)
4(13112 8371 12427 5385)
4(12427 8372 13160 5385)
4(13160 8373 13112 5385)
4(1974 8374 13114 8376)
4(1974 8376 13162 8375)
4(13114 8374 12428 5386)
4(12428 8375 13162 5386)
4(13162 8376 13114 5386)
4(1975 8377 13117 8379)
4(1975 8379 13165 8378)
4(13117 8377 12429 5387)
4(12429 8378 13165 5387)
4(13165 8379 13117 5387)
4(1976 8380 13120 8382)
4(1976 8382 13168 8381)
4(13120 8380 12430 5388)
4(12430 8381 13168 5388)
4(13168 8382 13120 5388)
4(1977 8383 13123 8385)
4(1977 8385 13171 8384)
4(13123 8383 12431 5389)
4(12431 8384 13171 5389)
4(13171 8385 13123 5389)
4(1978 8386 13126 8388)
4(1978 8388 13174 8387)
4(13126 8386 12432 5390)
4(12432 8387 13174 5390)
4(13174 8388 13126 5390)
4(1979 8389 13129 8391)
4(1979 8391 13177 8390)
4(13129 8389 12433 5391)
4(12433 8390 13177 5391)
4(13177 8391 13129 5391)
4(1980 8392 13132 8394)
4(1980 8394 13180 8393)
4(13132 8392 12434 5392)
4(12434 8393 13180 5392)
4(13180 8394 13132 5392)
4(1981 8395 13135 8397)
4(1981 8397 13183 8396)
4(13135 8395 12435 5393)
4(12435 8396 13183 5393)
4(13183 8397 13135 5393)
4(1982 8398 13138 8400)
4(1982 8400 13186 8399)
4(13138 8398 12436 5394)
4(12436 8399 13186 5394)
4(13186 8400 13138 5394)
4(1983 8401 13141 8403)
4(1983 8403 13189 8402)
4(13141 8401 12437 5395)
4(12437 8402 13189 5395)
4(13189 8403 13141 5395)
4(1984 8404 13144 8406)
4(1984 8406 13192 8405)
4(13144 8404 12438 5396)
4(12438 8405 13192 5396)
4(13192 8406 13144 5396)
4(1985 8407 13147 8409)
4(1985 8409 13195 8408)
4(13147 8407 12439 5397)
4(12439 8408 13195 5397)
4(13195 8409 13147 5397)
4(1986 8410 13150 8412)
4(1986 8412 13198 8411)
4(13150 8410 12440 5398)
4(12440 8411 13198 5398)
4(13198 8412 13150 5398)
4(1987 8413 13153 8415)
4(1987 8415 13201 8414)
4(13153 8413 12441 5399)
4(12441 8414 13201 5399)
4(13201 8415 13153 5399)
4(1988 8416 13156 8418)
4(1988 8418 13204 8417)
4(13156 8416 12443 5400)
4(12443 8417 13204 5400)
4(13204 8418 13156 5400)
4(1989 8420 12446 8419)
4(1989 8419 13157 8421)
4(1989 8421 13207 8420)
4(13157 8419 12446 5401)
4(12446 8420 13207 5401)
4(13207 8421 13157 5401)
4(1991 8425 12453 8424)
4(13159 8424 12453 5403)
4(12453 8425 13213 5403)
4(13213 8426 13159 5403)
4(1992 8427 13161 8429)
4(1992 8429 13215 8428)
4(13161 8427 12454 5404)
4(12454 8428 13215 5404)
4(13215 8429 13161 5404)
4(1993 8430 13163 8432)
4(1993 8432 13217 8431)
4(13163 8430 12455 5405)
4(12455 8431 13217 5405)
4(13217 8432 13163 5405)
4(1994 8433 13166 8435)
4(1994 8435 13220 8434)
4(13166 8433 12456 5406)
4(12456 8434 13220 5406)
4(13220 8435 13166 5406)
4(1995 8436 13169 8438)
4(1995 8438 13223 8437)
4(13169 8436 12457 5407)
4(12457 8437 13223 5407)
4(13223 8438 13169 5407)
4(1996 8439 13172 8441)
4(1996 8441 13226 8440)
4(13172 8439 12458 5408)
4(12458 8440 13226 5408)
4(13226 8441 13172 5408)
4(1997 8442 13175 8444)
4(1997 8444 13229 8443)
4(13175 8442 12459 5409)
4(12459 8443 13229 5409)
4(13229 8444 13175 5409)
4(1998 8445 13178 8447)
4(1998 8447 13232 8446)
4(13178 8445 12460 5410)
4(12460 8446 13232 5410)
4(13232 8447 13178 5410)
4(1999 8448 13181 8450)
4(1999 8450 13235 8449)
4(13181 8448 12461 5411)
4(12461 8449 13235 5411)
4(13235 8450 13181 5411)
4(2000 8451 13184 8453)
4(2000 8453 13238 8452)
4(13184 8451 12462 5412)
4(12462 8452 13238 5412)
4(13238 8453 13184 5412)
4(2001 8454 13187 8456)
4(2001 8456 13241 8455)
4(13187 8454 12463 5413)
4(12463 8455 13241 5413)
4(13241 8456 13187 5413)
4(2002 8457 13190 8459)
4(2002 8459 13244 8458)
4(13190 8457 12464 5414)
4(12464 8458 13244 5414)
4(13244 8459 13190 5414)
4(2003 8460 13193 8462)
4(2003 8462 13247 8461)
4(13193 8460 12465 5415)
4(12465 8461 13247 5415)
4(13247 8462 13193 5415)
4(2004 8463 13196 8465)
4(2004 8465 13250 8464)
4(13196 8463 12466 5416)
4(12466 8464 13250 5416)
4(13250 8465 13196 5416)
4(2005 8466 13199 8468)
4(2005 8468 13253 8467)
4(13199 8466 12467 5417)
4(12467 8467 13253 5417)
4(13253 8468 13199 5417)
4(2006 8469 13202 8471)
4(2006 8471 13256 8470)
4(13202 8469 12468 5418)
4(12468 8470 13256 5418)
4(13256 8471 13202 5418)
4(2007 8472 13205 8474)
4(2007 8474 13259 8473)
4(13205 8472 12469 5419)
4(12469 8473 13259 5419)
4(13259 8474 13205 5419)
4(2008 8475 13208 8477)
4(2008 8477 13262 8476)
4(13208 8475 12470 5420)
4(12470 8476 13262 5420)
4(13262 8477 13208 5420)
4(2009 8478 13211 8480)
4(2009 8480 13265 8479)
4(13211 8478 12472 5421)
4(12472 8479 13265 5421)
4(13265 8480 13211 5421)
4(2010 8482 12475 8481)
4(2010 8481 13212 8483)
4(2010 8483 13268 8482)
4(13212 8481 12475 5422)
4(12475 8482 13268 5422)
4(13268 8483 13212 5422)
4(2012 8488 13216 8490)
4(2012 8490 13275 8489)
4(13216 8488 12481 5424)
4(12481 8489 13275 5424)
4(13275 8490 13216 5424)
4(2012 8489 12481 8488)
4(2013 8491 13218 8493)
4(2013 8493 13277 8492)
4(13218 8491 12482 5425)
4(12482 8492 13277 5425)
4(13277 8493 13218 5425)
4(2014 8494 13221 8496)
4(2014 8496 13280 8495)
4(13221 8494 12483 5426)
4(12483 8495 13280 5426)
4(13280 8496 13221 5426)
4(2015 8497 13224 8499)
4(2015 8499 13283 8498)
4(13224 8497 12484 5427)
4(12484 8498 13283 5427)
4(13283 8499 13224 5427)
4(2016 8500 13227 8502)
4(2016 8502 13286 8501)
4(13227 8500 12485 5428)
4(12485 8501 13286 5428)
4(13286 8502 13227 5428)
4(2017 8503 13230 8505)
4(2017 8505 13289 8504)
4(13230 8503 12486 5429)
4(12486 8504 13289 5429)
4(13289 8505 13230 5429)
4(2018 8506 13233 8508)
4(2018 8508 13292 8507)
4(13233 8506 12487 5430)
4(12487 8507 13292 5430)
4(13292 8508 13233 5430)
4(2019 8509 13236 8511)
4(2019 8511 13295 8510)
4(13236 8509 12488 5431)
4(12488 8510 13295 5431)
4(13295 8511 13236 5431)
4(2020 8512 13239 8514)
4(2020 8514 13298 8513)
4(13239 8512 12489 5432)
4(12489 8513 13298 5432)
4(13298 8514 13239 5432)
4(2021 8515 13242 8517)
4(2021 8517 13301 8516)
4(13242 8515 12490 5433)
4(12490 8516 13301 5433)
4(13301 8517 13242 5433)
4(2022 8518 13245 8520)
4(2022 8520 13304 8519)
4(13245 8518 12491 5434)
4(12491 8519 13304 5434)
4(13304 8520 13245 5434)
4(2023 8521 13248 8523)
4(2023 8523 13307 8522)
4(13248 8521 12492 5435)
4(12492 8522 13307 5435)
4(13307 8523 13248 5435)
4(2024 8524 13251 8526)
4(2024 8526 13310 8525)
4(13251 8524 12493 5436)
4(12493 8525 13310 5436)
4(13310 8526 13251 5436)
4(2025 8527 13254 8529)
4(2025 8529 13313 8528)
4(13254 8527 12494 5437)
4(12494 8528 13313 5437)
4(13313 8529 13254 5437)
4(2026 8530 13257 8532)
4(2026 8532 13316 8531)
4(13257 8530 12495 5438)
4(12495 8531 13316 5438)
4(13316 8532 13257 5438)
4(2027 8533 13260 8535)
4(2027 8535 13319 8534)
4(13260 8533 12496 5439)
4(12496 8534 13319 5439)
4(13319 8535 13260 5439)
4(2028 8536 13263 8538)
4(2028 8538 13322 8537)
4(13263 8536 12497 5440)
4(12497 8537 13322 5440)
4(13322 8538 13263 5440)
4(2029 8539 13266 8541)
4(2029 8541 13325 8540)
4(13266 8539 12498 5441)
4(12498 8540 13325 5441)
4(13325 8541 13266 5441)
4(2030 8542 13269 8544)
4(2030 8544 13328 8543)
4(13269 8542 12499 5442)
4(12499 8543 13328 5442)
4(13328 8544 13269 5442)
4(2031 8545 13272 8547)
4(2031 8547 13331 8546)
4(13272 8545 12501 5443)
4(12501 8546 13331 5443)
4(13331 8547 13272 5443)
4(2031 8546 12501 8545)
4(2032 8549 12504 8548)
4(2032 8550 13334 8549)
4(12504 8549 13334 5444)
4(13334 8550 13273 5444)
4(2033 8553 12509 8552)
4(2033 8552 13276 8554)
4(13276 8552 12509 5445)
4(12509 8553 13339 5445)
4(13339 8554 13276 5445)
4(2034 8555 13278 8557)
4(2034 8557 13341 8556)
4(13278 8555 12510 5446)
4(12510 8556 13341 5446)
4(13341 8557 13278 5446)
4(2035 8558 13281 8560)
4(2035 8560 13343 8559)
4(13281 8558 12511 5447)
4(12511 8559 13343 5447)
4(13343 8560 13281 5447)
4(2036 8561 13284 8563)
4(2036 8563 13346 8562)
4(13284 8561 12512 5448)
4(12512 8562 13346 5448)
4(13346 8563 13284 5448)
4(2037 8564 13287 8566)
4(2037 8566 13349 8565)
4(13287 8564 12513 5449)
4(12513 8565 13349 5449)
4(13349 8566 13287 5449)
4(2038 8567 13290 8569)
4(2038 8569 13352 8568)
4(13290 8567 12514 5450)
4(12514 8568 13352 5450)
4(13352 8569 13290 5450)
4(2039 8570 13293 8572)
4(2039 8572 13355 8571)
4(13293 8570 12515 5451)
4(12515 8571 13355 5451)
4(13355 8572 13293 5451)
4(2040 8573 13296 8575)
4(2040 8575 13358 8574)
4(13296 8573 12516 5452)
4(12516 8574 13358 5452)
4(13358 8575 13296 5452)
4(2041 8576 13299 8578)
4(2041 8578 13361 8577)
4(13299 8576 12517 5453)
4(12517 8577 13361 5453)
4(13361 8578 13299 5453)
4(2042 8579 13302 8581)
4(2042 8581 13364 8580)
4(13302 8579 12518 5454)
4(12518 8580 13364 5454)
4(13364 8581 13302 5454)
4(2043 8582 13305 8584)
4(2043 8584 13367 8583)
4(13305 8582 12519 5455)
4(12519 8583 13367 5455)
4(13367 8584 13305 5455)
4(2044 8585 13308 8587)
4(2044 8587 13370 8586)
4(13308 8585 12520 5456)
4(12520 8586 13370 5456)
4(13370 8587 13308 5456)
4(2045 8588 13311 8590)
4(2045 8590 13373 8589)
4(13311 8588 12521 5457)
4(12521 8589 13373 5457)
4(13373 8590 13311 5457)
4(2046 8591 13314 8593)
4(2046 8593 13376 8592)
4(13314 8591 12522 5458)
4(12522 8592 13376 5458)
4(13376 8593 13314 5458)
4(2047 8594 13317 8596)
4(2047 8596 13379 8595)
4(13317 8594 12523 5459)
4(12523 8595 13379 5459)
4(13379 8596 13317 5459)
4(2048 8597 13320 8599)
4(2048 8599 13382 8598)
4(13320 8597 12524 5460)
4(12524 8598 13382 5460)
4(13382 8599 13320 5460)
4(2049 8600 13323 8602)
4(2049 8602 13385 8601)
4(13323 8600 12525 5461)
4(12525 8601 13385 5461)
4(13385 8602 13323 5461)
4(2050 8603 13326 8605)
4(2050 8605 13388 8604)
4(13326 8603 12526 5462)
4(12526 8604 13388 5462)
4(13388 8605 13326 5462)
4(2051 8606 13329 8608)
4(2051 8608 13391 8607)
4(13329 8606 12527 5463)
4(12527 8607 13391 5463)
4(13391 8608 13329 5463)
4(2052 8609 13332 8611)
4(2052 8611 13394 8610)
4(13332 8609 12528 5464)
4(12528 8610 13394 5464)
4(13394 8611 13332 5464)
4(2053 8612 13335 8614)
4(2053 8614 13397 8613)
4(13335 8612 12530 5465)
4(12530 8613 13397 5465)
4(13397 8614 13335 5465)
4(2054 8616 12533 8615)
4(2054 8615 13338 8617)
4(2054 8617 13400 8616)
4(13338 8615 12533 5466)
4(12533 8616 13400 5466)
4(13400 8617 13338 5466)
4(2056 8622 12540 8621)
4(2056 8621 13342 8623)
4(2056 8623 13406 8622)
4(13342 8621 12540 5468)
4(12540 8622 13406 5468)
4(13406 8623 13342 5468)
4(2057 8624 13344 8626)
4(2057 8626 13408 8625)
4(13344 8624 12541 5469)
4(12541 8625 13408 5469)
4(13408 8626 13344 5469)
4(2058 8627 13347 8629)
4(2058 8629 13411 8628)
4(13347 8627 12542 5470)
4(12542 8628 13411 5470)
4(13411 8629 13347 5470)
4(2059 8630 13350 8632)
4(2059 8632 13414 8631)
4(13350 8630 12543 5471)
4(12543 8631 13414 5471)
4(13414 8632 13350 5471)
4(2060 8633 13353 8635)
4(2060 8635 13417 8634)
4(13353 8633 12544 5472)
4(12544 8634 13417 5472)
4(13417 8635 13353 5472)
4(2061 8636 13356 8638)
4(2061 8638 13420 8637)
4(13356 8636 12545 5473)
4(12545 8637 13420 5473)
4(13420 8638 13356 5473)
4(2062 8639 13359 8641)
4(2062 8641 13423 8640)
4(13359 8639 12546 5474)
4(12546 8640 13423 5474)
4(13423 8641 13359 5474)
4(2063 8642 13362 8644)
4(2063 8644 13426 8643)
4(13362 8642 12547 5475)
4(12547 8643 13426 5475)
4(13426 8644 13362 5475)
4(2064 8645 13365 8647)
4(2064 8647 13429 8646)
4(13365 8645 12548 5476)
4(12548 8646 13429 5476)
4(13429 8647 13365 5476)
4(2065 8648 13368 8650)
4(2065 8650 13432 8649)
4(13368 8648 12549 5477)
4(12549 8649 13432 5477)
4(13432 8650 13368 5477)
4(2066 8651 13371 8653)
4(2066 8653 13435 8652)
4(13371 8651 12550 5478)
4(12550 8652 13435 5478)
4(13435 8653 13371 5478)
4(2067 8654 13374 8656)
4(2067 8656 13438 8655)
4(13374 8654 12551 5479)
4(12551 8655 13438 5479)
4(13438 8656 13374 5479)
4(2068 8657 13377 8659)
4(2068 8659 13441 8658)
4(13377 8657 12552 5480)
4(12552 8658 13441 5480)
4(13441 8659 13377 5480)
4(2069 8660 13380 8662)
4(2069 8662 13444 8661)
4(13380 8660 12553 5481)
4(12553 8661 13444 5481)
4(13444 8662 13380 5481)
4(2070 8663 13383 8665)
4(2070 8665 13447 8664)
4(13383 8663 12554 5482)
4(12554 8664 13447 5482)
4(13447 8665 13383 5482)
4(2071 8666 13386 8668)
4(2071 8668 13450 8667)
4(13386 8666 12555 5483)
4(12555 8667 13450 5483)
4(13450 8668 13386 5483)
4(2072 8669 13389 8671)
4(2072 8671 13453 8670)
4(13389 8669 12556 5484)
4(12556 8670 13453 5484)
4(13453 8671 13389 5484)
4(2073 8672 13392 8674)
4(2073 8674 13456 8673)
4(13392 8672 12557 5485)
4(12557 8673 13456 5485)
4(13456 8674 13392 5485)
4(2074 8675 13395 8677)
4(2074 8677 13459 8676)
4(13395 8675 12558 5486)
4(12558 8676 13459 5486)
4(13459 8677 13395 5486)
4(2075 8678 13398 8680)
4(2075 8680 13462 8679)
4(13398 8678 12559 5487)
4(12559 8679 13462 5487)
4(13462 8680 13398 5487)
4(2076 8681 13401 8683)
4(2076 8683 13465 8682)
4(13401 8681 12561 5488)
4(12561 8682 13465 5488)
4(13465 8683 13401 5488)
4(2077 8685 12564 8684)
4(2077 8684 13404 8686)
4(2077 8686 13468 8685)
4(13404 8684 12564 5489)
4(12564 8685 13468 5489)
4(13468 8686 13404 5489)
4(2078 8688 12566 8687)
4(2078 8689 13471 8688)
4(12566 8688 13471 5490)
4(13471 8689 13405 5490)
4(2079 8692 13409 8694)
4(2079 8694 13476 8693)
4(13409 8692 12571 5492)
4(12571 8693 13476 5492)
4(13476 8694 13409 5492)
4(2079 8693 12571 8692)
4(2080 8695 13412 8697)
4(2080 8697 13478 8696)
4(13412 8695 12572 5493)
4(12572 8696 13478 5493)
4(13478 8697 13412 5493)
4(2081 8698 13415 8700)
4(2081 8700 13481 8699)
4(13415 8698 12573 5494)
4(12573 8699 13481 5494)
4(13481 8700 13415 5494)
4(2082 8701 13418 8703)
4(2082 8703 13484 8702)
4(13418 8701 12574 5495)
4(12574 8702 13484 5495)
4(13484 8703 13418 5495)
4(2083 8704 13421 8706)
4(2083 8706 13487 8705)
4(13421 8704 12575 5496)
4(12575 8705 13487 5496)
4(13487 8706 13421 5496)
4(2084 8707 13424 8709)
4(2084 8709 13490 8708)
4(13424 8707 12576 5497)
4(12576 8708 13490 5497)
4(13490 8709 13424 5497)
4(2085 8710 13427 8712)
4(2085 8712 13493 8711)
4(13427 8710 12577 5498)
4(12577 8711 13493 5498)
4(13493 8712 13427 5498)
4(2086 8713 13430 8715)
4(2086 8715 13496 8714)
4(13430 8713 12578 5499)
4(12578 8714 13496 5499)
4(13496 8715 13430 5499)
4(2087 8716 13433 8718)
4(2087 8718 13499 8717)
4(13433 8716 12579 5500)
4(12579 8717 13499 5500)
4(13499 8718 13433 5500)
4(2088 8719 13436 8721)
4(2088 8721 13502 8720)
4(13436 8719 12580 5501)
4(12580 8720 13502 5501)
4(13502 8721 13436 5501)
4(2089 8722 13439 8724)
4(2089 8724 13505 8723)
4(13439 8722 12581 5502)
4(12581 8723 13505 5502)
4(13505 8724 13439 5502)
4(2090 8725 13442 8727)
4(2090 8727 13508 8726)
4(13442 8725 12582 5503)
4(12582 8726 13508 5503)
4(13508 8727 13442 5503)
4(2091 8728 13445 8730)
4(2091 8730 13511 8729)
4(13445 8728 12583 5504)
4(12583 8729 13511 5504)
4(13511 8730 13445 5504)
4(2092 8731 13448 8733)
4(2092 8733 13514 8732)
4(13448 8731 12584 5505)
4(12584 8732 13514 5505)
4(13514 8733 13448 5505)
4(2093 8734 13451 8736)
4(2093 8736 13517 8735)
4(13451 8734 12585 5506)
4(12585 8735 13517 5506)
4(13517 8736 13451 5506)
4(2094 8737 13454 8739)
4(2094 8739 13520 8738)
4(13454 8737 12586 5507)
4(12586 8738 13520 5507)
4(13520 8739 13454 5507)
4(2095 8740 13457 8742)
4(2095 8742 13523 8741)
4(13457 8740 12587 5508)
4(12587 8741 13523 5508)
4(13523 8742 13457 5508)
4(2096 8743 13460 8745)
4(2096 8745 13526 8744)
4(13460 8743 12588 5509)
4(12588 8744 13526 5509)
4(13526 8745 13460 5509)
4(2097 8746 13463 8748)
4(2097 8748 13529 8747)
4(13463 8746 12589 5510)
4(12589 8747 13529 5510)
4(13529 8748 13463 5510)
4(2098 8749 13466 8751)
4(2098 8751 13532 8750)
4(13466 8749 12590 5511)
4(12590 8750 13532 5511)
4(13532 8751 13466 5511)
4(2099 8752 13469 8754)
4(2099 8754 13535 8753)
4(13469 8752 12591 5512)
4(12591 8753 13535 5512)
4(13535 8754 13469 5512)
4(2100 8755 13472 8757)
4(2100 8757 13538 8756)
4(13472 8755 12593 5513)
4(12593 8756 13538 5513)
4(13538 8757 13472 5513)
4(2100 8756 12593 8755)
4(2101 8759 12596 8758)
4(2101 8758 13474 8760)
4(2101 8760 13541 8759)
4(12596 8759 13541 5514)
4(13541 8760 13474 5514)
4(2102 8763 12600 8762)
4(2102 8762 13477 8764)
4(13477 8762 12600 5515)
4(12600 8763 13546 5515)
4(13546 8764 13477 5515)
4(2103 8765 13479 8767)
4(2103 8767 13547 8766)
4(13479 8765 12601 5516)
4(12601 8766 13547 5516)
4(13547 8767 13479 5516)
4(2104 8768 13482 8770)
4(2104 8770 13549 8769)
4(13482 8768 12602 5517)
4(12602 8769 13549 5517)
4(13549 8770 13482 5517)
4(2105 8771 13485 8773)
4(2105 8773 13552 8772)
4(13485 8771 12603 5518)
4(12603 8772 13552 5518)
4(13552 8773 13485 5518)
4(2106 8774 13488 8776)
4(2106 8776 13555 8775)
4(13488 8774 12604 5519)
4(12604 8775 13555 5519)
4(13555 8776 13488 5519)
4(2107 8777 13491 8779)
4(2107 8779 13558 8778)
4(13491 8777 12605 5520)
4(12605 8778 13558 5520)
4(13558 8779 13491 5520)
4(2108 8780 13494 8782)
4(2108 8782 13561 8781)
4(13494 8780 12606 5521)
4(12606 8781 13561 5521)
4(13561 8782 13494 5521)
4(2109 8783 13497 8785)
4(2109 8785 13564 8784)
4(13497 8783 12607 5522)
4(12607 8784 13564 5522)
4(13564 8785 13497 5522)
4(2110 8786 13500 8788)
4(2110 8788 13567 8787)
4(13500 8786 12608 5523)
4(12608 8787 13567 5523)
4(13567 8788 13500 5523)
4(2111 8789 13503 8791)
4(2111 8791 13570 8790)
4(13503 8789 12609 5524)
4(12609 8790 13570 5524)
4(13570 8791 13503 5524)
4(2112 8792 13506 8794)
4(2112 8794 13573 8793)
4(13506 8792 12610 5525)
4(12610 8793 13573 5525)
4(13573 8794 13506 5525)
4(2113 8795 13509 8797)
4(2113 8797 13576 8796)
4(13509 8795 12611 5526)
4(12611 8796 13576 5526)
4(13576 8797 13509 5526)
4(2114 8798 13512 8800)
4(2114 8800 13579 8799)
4(13512 8798 12612 5527)
4(12612 8799 13579 5527)
4(13579 8800 13512 5527)
4(2115 8801 13515 8803)
4(2115 8803 13582 8802)
4(13515 8801 12613 5528)
4(12613 8802 13582 5528)
4(13582 8803 13515 5528)
4(2116 8804 13518 8806)
4(2116 8806 13585 8805)
4(13518 8804 12614 5529)
4(12614 8805 13585 5529)
4(13585 8806 13518 5529)
4(2117 8807 13521 8809)
4(2117 8809 13588 8808)
4(13521 8807 12615 5530)
4(12615 8808 13588 5530)
4(13588 8809 13521 5530)
4(2118 8810 13524 8812)
4(2118 8812 13591 8811)
4(13524 8810 12616 5531)
4(12616 8811 13591 5531)
4(13591 8812 13524 5531)
4(2119 8813 13527 8815)
4(2119 8815 13594 8814)
4(13527 8813 12617 5532)
4(12617 8814 13594 5532)
4(13594 8815 13527 5532)
4(2120 8816 13530 8818)
4(2120 8818 13597 8817)
4(13530 8816 12618 5533)
4(12618 8817 13597 5533)
4(13597 8818 13530 5533)
4(2121 8819 13533 8821)
4(2121 8821 13600 8820)
4(13533 8819 12619 5534)
4(12619 8820 13600 5534)
4(13600 8821 13533 5534)
4(2122 8822 13536 8824)
4(2122 8824 13603 8823)
4(13536 8822 12620 5535)
4(12620 8823 13603 5535)
4(13603 8824 13536 5535)
4(2123 8825 13539 8827)
4(2123 8827 13606 8826)
4(13539 8825 12621 5536)
4(12621 8826 13606 5536)
4(13606 8827 13539 5536)
4(2124 8828 13542 8830)
4(2124 8830 13609 8829)
4(13542 8828 12623 5537)
4(12623 8829 13609 5537)
4(13609 8830 13542 5537)
4(2125 8832 12626 8831)
4(2125 8831 13545 8833)
4(2125 8833 13612 8832)
4(13545 8831 12626 5538)
4(12626 8832 13612 5538)
4(13612 8833 13545 5538)
4(2127 8837 12630 8836)
4(2127 8836 13548 8838)
4(13548 8836 12630 5539)
4(12630 8837 13617 5539)
4(13617 8838 13548 5539)
4(2128 8839 13550 8841)
4(2128 8841 13618 8840)
4(13550 8839 12631 5540)
4(12631 8840 13618 5540)
4(13618 8841 13550 5540)
4(2129 8842 13553 8844)
4(2129 8844 13620 8843)
4(13553 8842 12632 5541)
4(12632 8843 13620 5541)
4(13620 8844 13553 5541)
4(2130 8845 13556 8847)
4(2130 8847 13623 8846)
4(13556 8845 12633 5542)
4(12633 8846 13623 5542)
4(13623 8847 13556 5542)
4(2131 8848 13559 8850)
4(2131 8850 13626 8849)
4(13559 8848 12634 5543)
4(12634 8849 13626 5543)
4(13626 8850 13559 5543)
4(2132 8851 13562 8853)
4(2132 8853 13629 8852)
4(13562 8851 12635 5544)
4(12635 8852 13629 5544)
4(13629 8853 13562 5544)
4(2133 8854 13565 8856)
4(2133 8856 13632 8855)
4(13565 8854 12636 5545)
4(12636 8855 13632 5545)
4(13632 8856 13565 5545)
4(2134 8857 13568 8859)
4(2134 8859 13635 8858)
4(13568 8857 12637 5546)
4(12637 8858 13635 5546)
4(13635 8859 13568 5546)
4(2135 8860 13571 8862)
4(2135 8862 13638 8861)
4(13571 8860 12638 5547)
4(12638 8861 13638 5547)
4(13638 8862 13571 5547)
4(2136 8863 13574 8865)
4(2136 8865 13641 8864)
4(13574 8863 12639 5548)
4(12639 8864 13641 5548)
4(13641 8865 13574 5548)
4(2137 8866 13577 8868)
4(2137 8868 13644 8867)
4(13577 8866 12640 5549)
4(12640 8867 13644 5549)
4(13644 8868 13577 5549)
4(2138 8869 13580 8871)
4(2138 8871 13647 8870)
4(13580 8869 12641 5550)
4(12641 8870 13647 5550)
4(13647 8871 13580 5550)
4(2139 8872 13583 8874)
4(2139 8874 13650 8873)
4(13583 8872 12642 5551)
4(12642 8873 13650 5551)
4(13650 8874 13583 5551)
4(2140 8875 13586 8877)
4(2140 8877 13653 8876)
4(13586 8875 12643 5552)
4(12643 8876 13653 5552)
4(13653 8877 13586 5552)
4(2141 8878 13589 8880)
4(2141 8880 13656 8879)
4(13589 8878 12644 5553)
4(12644 8879 13656 5553)
4(13656 8880 13589 5553)
4(2142 8881 13592 8883)
4(2142 8883 13659 8882)
4(13592 8881 12645 5554)
4(12645 8882 13659 5554)
4(13659 8883 13592 5554)
4(2143 8884 13595 8886)
4(2143 8886 13662 8885)
4(13595 8884 12646 5555)
4(12646 8885 13662 5555)
4(13662 8886 13595 5555)
4(2144 8887 13598 8889)
4(2144 8889 13665 8888)
4(13598 8887 12647 5556)
4(12647 8888 13665 5556)
4(13665 8889 13598 5556)
4(2145 8890 13601 8892)
4(2145 8892 13668 8891)
4(13601 8890 12648 5557)
4(12648 8891 13668 5557)
4(13668 8892 13601 5557)
4(2146 8893 13604 8895)
4(2146 8895 13671 8894)
4(13604 8893 12649 5558)
4(12649 8894 13671 5558)
4(13671 8895 13604 5558)
4(2147 8896 13607 8898)
4(2147 8898 13674 8897)
4(13607 8896 12650 5559)
4(12650 8897 13674 5559)
4(13674 8898 13607 5559)
4(2148 8899 13610 8901)
4(2148 8901 13677 8900)
4(13610 8899 12651 5560)
4(12651 8900 13677 5560)
4(13677 8901 13610 5560)
4(2149 8902 13613 8904)
4(2149 8904 13680 8903)
4(13613 8902 12653 5561)
4(12653 8903 13680 5561)
4(13680 8904 13613 5561)
4(2150 8906 12656 8905)
4(2150 8905 13616 8907)
4(2150 8907 13683 8906)
4(13616 8905 12656 5562)
4(12656 8906 13683 5562)
4(13683 8907 13616 5562)
4(2152 8911 12660 8910)
4(2152 8910 13619 8912)
4(13619 8910 12660 5563)
4(12660 8911 13688 5563)
4(13688 8912 13619 5563)
4(2153 8913 13621 8915)
4(2153 8915 13689 8914)
4(13621 8913 12661 5564)
4(12661 8914 13689 5564)
4(13689 8915 13621 5564)
4(2154 8916 13624 8918)
4(2154 8918 13691 8917)
4(13624 8916 12662 5565)
4(12662 8917 13691 5565)
4(13691 8918 13624 5565)
4(2155 8919 13627 8921)
4(2155 8921 13694 8920)
4(13627 8919 12663 5566)
4(12663 8920 13694 5566)
4(13694 8921 13627 5566)
4(2156 8922 13630 8924)
4(2156 8924 13697 8923)
4(13630 8922 12664 5567)
4(12664 8923 13697 5567)
4(13697 8924 13630 5567)
4(2157 8925 13633 8927)
4(2157 8927 13700 8926)
4(13633 8925 12665 5568)
4(12665 8926 13700 5568)
4(13700 8927 13633 5568)
4(2158 8928 13636 8930)
4(2158 8930 13703 8929)
4(13636 8928 12666 5569)
4(12666 8929 13703 5569)
4(13703 8930 13636 5569)
4(2159 8931 13639 8933)
4(2159 8933 13706 8932)
4(13639 8931 12667 5570)
4(12667 8932 13706 5570)
4(13706 8933 13639 5570)
4(2160 8934 13642 8936)
4(2160 8936 13709 8935)
4(13642 8934 12668 5571)
4(12668 8935 13709 5571)
4(13709 8936 13642 5571)
4(2161 8937 13645 8939)
4(2161 8939 13712 8938)
4(13645 8937 12669 5572)
4(12669 8938 13712 5572)
4(13712 8939 13645 5572)
4(2162 8940 13648 8942)
4(2162 8942 13715 8941)
4(13648 8940 12670 5573)
4(12670 8941 13715 5573)
4(13715 8942 13648 5573)
4(2163 8943 13651 8945)
4(2163 8945 13718 8944)
4(13651 8943 12671 5574)
4(12671 8944 13718 5574)
4(13718 8945 13651 5574)
4(2164 8946 13654 8948)
4(2164 8948 13721 8947)
4(13654 8946 12672 5575)
4(12672 8947 13721 5575)
4(13721 8948 13654 5575)
4(2165 8949 13657 8951)
4(2165 8951 13724 8950)
4(13657 8949 12673 5576)
4(12673 8950 13724 5576)
4(13724 8951 13657 5576)
4(2166 8952 13660 8954)
4(2166 8954 13727 8953)
4(13660 8952 12674 5577)
4(12674 8953 13727 5577)
4(13727 8954 13660 5577)
4(2167 8955 13663 8957)
4(2167 8957 13730 8956)
4(13663 8955 12675 5578)
4(12675 8956 13730 5578)
4(13730 8957 13663 5578)
4(2168 8958 13666 8960)
4(2168 8960 13733 8959)
4(13666 8958 12676 5579)
4(12676 8959 13733 5579)
4(13733 8960 13666 5579)
4(2169 8961 13669 8963)
4(2169 8963 13736 8962)
4(13669 8961 12677 5580)
4(12677 8962 13736 5580)
4(13736 8963 13669 5580)
4(2170 8964 13672 8966)
4(2170 8966 13739 8965)
4(13672 8964 12678 5581)
4(12678 8965 13739 5581)
4(13739 8966 13672 5581)
4(2171 8967 13675 8969)
4(2171 8969 13742 8968)
4(13675 8967 12679 5582)
4(12679 8968 13742 5582)
4(13742 8969 13675 5582)
4(2172 8970 13678 8972)
4(2172 8972 13745 8971)
4(13678 8970 12680 5583)
4(12680 8971 13745 5583)
4(13745 8972 13678 5583)
4(2173 8973 13681 8975)
4(2173 8975 13748 8974)
4(13681 8973 12681 5584)
4(12681 8974 13748 5584)
4(13748 8975 13681 5584)
4(2174 8976 13684 8978)
4(2174 8978 13751 8977)
4(13684 8976 12683 5585)
4(12683 8977 13751 5585)
4(13751 8978 13684 5585)
4(2175 8980 12686 8979)
4(2175 8979 13687 8981)
4(2175 8981 13754 8980)
4(13687 8979 12686 5586)
4(12686 8980 13754 5586)
4(13754 8981 13687 5586)
4(2177 8985 12690 8984)
4(2177 8984 13690 8986)
4(13690 8984 12690 5587)
4(12690 8985 13759 5587)
4(13759 8986 13690 5587)
4(2178 8987 13692 8989)
4(2178 8989 13760 8988)
4(13692 8987 12691 5588)
4(12691 8988 13760 5588)
4(13760 8989 13692 5588)
4(2179 8990 13695 8992)
4(2179 8992 13762 8991)
4(13695 8990 12692 5589)
4(12692 8991 13762 5589)
4(13762 8992 13695 5589)
4(2180 8993 13698 8995)
4(2180 8995 13765 8994)
4(13698 8993 12693 5590)
4(12693 8994 13765 5590)
4(13765 8995 13698 5590)
4(2181 8996 13701 8998)
4(2181 8998 13768 8997)
4(13701 8996 12694 5591)
4(12694 8997 13768 5591)
4(13768 8998 13701 5591)
4(2182 8999 13704 9001)
4(2182 9001 13771 9000)
4(13704 8999 12695 5592)
4(12695 9000 13771 5592)
4(13771 9001 13704 5592)
4(2183 9002 13707 9004)
4(2183 9004 13774 9003)
4(13707 9002 12696 5593)
4(12696 9003 13774 5593)
4(13774 9004 13707 5593)
4(2184 9005 13710 9007)
4(2184 9007 13777 9006)
4(13710 9005 12697 5594)
4(12697 9006 13777 5594)
4(13777 9007 13710 5594)
4(2185 9008 13713 9010)
4(2185 9010 13780 9009)
4(13713 9008 12698 5595)
4(12698 9009 13780 5595)
4(13780 9010 13713 5595)
4(2186 9011 13716 9013)
4(2186 9013 13783 9012)
4(13716 9011 12699 5596)
4(12699 9012 13783 5596)
4(13783 9013 13716 5596)
4(2187 9014 13719 9016)
4(2187 9016 13786 9015)
4(13719 9014 12700 5597)
4(12700 9015 13786 5597)
4(13786 9016 13719 5597)
4(2188 9017 13722 9019)
4(2188 9019 13789 9018)
4(13722 9017 12701 5598)
4(12701 9018 13789 5598)
4(13789 9019 13722 5598)
4(2189 9020 13725 9022)
4(2189 9022 13792 9021)
4(13725 9020 12702 5599)
4(12702 9021 13792 5599)
4(13792 9022 13725 5599)
4(2190 9023 13728 9025)
4(2190 9025 13795 9024)
4(13728 9023 12703 5600)
4(12703 9024 13795 5600)
4(13795 9025 13728 5600)
4(2191 9026 13731 9028)
4(2191 9028 13798 9027)
4(13731 9026 12704 5601)
4(12704 9027 13798 5601)
4(13798 9028 13731 5601)
4(2192 9029 13734 9031)
4(2192 9031 13801 9030)
4(13734 9029 12705 5602)
4(12705 9030 13801 5602)
4(13801 9031 13734 5602)
4(2193 9032 13737 9034)
4(2193 9034 13804 9033)
4(13737 9032 12706 5603)
4(12706 9033 13804 5603)
4(13804 9034 13737 5603)
4(2194 9035 13740 9037)
4(2194 9037 13807 9036)
4(13740 9035 12707 5604)
4(12707 9036 13807 5604)
4(13807 9037 13740 5604)
4(2195 9038 13743 9040)
4(2195 9040 13810 9039)
4(13743 9038 12708 5605)
4(12708 9039 13810 5605)
4(13810 9040 13743 5605)
4(2196 9041 13746 9043)
4(2196 9043 13813 9042)
4(13746 9041 12709 5606)
4(12709 9042 13813 5606)
4(13813 9043 13746 5606)
4(2197 9044 13749 9046)
4(2197 9046 13816 9045)
4(13749 9044 12710 5607)
4(12710 9045 13816 5607)
4(13816 9046 13749 5607)
4(2198 9047 13752 9049)
4(2198 9049 13819 9048)
4(13752 9047 12711 5608)
4(12711 9048 13819 5608)
4(13819 9049 13752 5608)
4(2199 9050 13755 9052)
4(2199 9052 13822 9051)
4(13755 9050 12713 5609)
4(12713 9051 13822 5609)
4(13822 9052 13755 5609)
4(2200 9054 12716 9053)
4(2200 9053 13758 9055)
4(2200 9055 13825 9054)
4(13758 9053 12716 5610)
4(12716 9054 13825 5610)
4(13825 9055 13758 5610)
4(2202 9059 12720 9058)
4(2202 9058 13761 9060)
4(13761 9058 12720 5611)
4(13830 9060 13761 5611)
4(2203 9061 13763 9063)
4(2203 9063 13831 9062)
4(13763 9061 12722 5612)
4(12722 9062 13831 5612)
4(13831 9063 13763 5612)
4(2203 9062 12722 9061)
4(2204 9064 13766 9066)
4(2204 9066 13833 9065)
4(13766 9064 12723 5613)
4(12723 9065 13833 5613)
4(13833 9066 13766 5613)
4(2205 9067 13769 9069)
4(2205 9069 13836 9068)
4(13769 9067 12724 5614)
4(12724 9068 13836 5614)
4(13836 9069 13769 5614)
4(2206 9070 13772 9072)
4(2206 9072 13839 9071)
4(13772 9070 12725 5615)
4(12725 9071 13839 5615)
4(13839 9072 13772 5615)
4(2207 9073 13775 9075)
4(2207 9075 13842 9074)
4(13775 9073 12726 5616)
4(12726 9074 13842 5616)
4(13842 9075 13775 5616)
4(2208 9076 13778 9078)
4(2208 9078 13845 9077)
4(13778 9076 12727 5617)
4(12727 9077 13845 5617)
4(13845 9078 13778 5617)
4(2209 9079 13781 9081)
4(2209 9081 13848 9080)
4(13781 9079 12728 5618)
4(12728 9080 13848 5618)
4(13848 9081 13781 5618)
4(2210 9082 13784 9084)
4(2210 9084 13851 9083)
4(13784 9082 12729 5619)
4(12729 9083 13851 5619)
4(13851 9084 13784 5619)
4(2211 9085 13787 9087)
4(2211 9087 13854 9086)
4(13787 9085 12730 5620)
4(12730 9086 13854 5620)
4(13854 9087 13787 5620)
4(2212 9088 13790 9090)
4(2212 9090 13857 9089)
4(13790 9088 12731 5621)
4(12731 9089 13857 5621)
4(13857 9090 13790 5621)
4(2213 9091 13793 9093)
4(2213 9093 13860 9092)
4(13793 9091 12732 5622)
4(12732 9092 13860 5622)
4(13860 9093 13793 5622)
4(2214 9094 13796 9096)
4(2214 9096 13863 9095)
4(13796 9094 12733 5623)
4(12733 9095 13863 5623)
4(13863 9096 13796 5623)
4(2215 9097 13799 9099)
4(2215 9099 13866 9098)
4(13799 9097 12734 5624)
4(12734 9098 13866 5624)
4(13866 9099 13799 5624)
4(2216 9100 13802 9102)
4(2216 9102 13869 9101)
4(13802 9100 12735 5625)
4(12735 9101 13869 5625)
4(13869 9102 13802 5625)
4(2217 9103 13805 9105)
4(2217 9105 13872 9104)
4(13805 9103 12736 5626)
4(12736 9104 13872 5626)
4(13872 9105 13805 5626)
4(2218 9106 13808 9108)
4(2218 9108 13875 9107)
4(13808 9106 12737 5627)
4(12737 9107 13875 5627)
4(13875 9108 13808 5627)
4(2219 9109 13811 9111)
4(2219 9111 13878 9110)
4(13811 9109 12738 5628)
4(12738 9110 13878 5628)
4(13878 9111 13811 5628)
4(2220 9112 13814 9114)
4(2220 9114 13881 9113)
4(13814 9112 12739 5629)
4(12739 9113 13881 5629)
4(13881 9114 13814 5629)
4(2221 9115 13817 9117)
4(2221 9117 13884 9116)
4(13817 9115 12740 5630)
4(12740 9116 13884 5630)
4(13884 9117 13817 5630)
4(2222 9118 13820 9120)
4(2222 9120 13887 9119)
4(13820 9118 12741 5631)
4(12741 9119 13887 5631)
4(13887 9120 13820 5631)
4(2223 9121 13823 9123)
4(2223 9123 13890 9122)
4(13823 9121 12742 5632)
4(12742 9122 13890 5632)
4(13890 9123 13823 5632)
4(2224 9124 13826 9126)
4(2224 9126 13893 9125)
4(13826 9124 12745 5633)
4(12745 9125 13893 5633)
4(13893 9126 13826 5633)
4(2224 9125 12745 9124)
4(2225 9128 12748 9127)
4(2225 9127 13829 9129)
4(2225 9129 13896 9128)
4(13829 9127 12748 5634)
4(12748 9128 13896 5634)
4(13896 9129 13829 5634)
4(2227 9134 12754 9133)
4(2227 9133 13834 9135)
4(2227 9135 13901 9134)
4(13834 9133 12754 5636)
4(12754 9134 13901 5636)
4(13901 9135 13834 5636)
4(2228 9136 13837 9138)
4(2228 9138 13903 9137)
4(13837 9136 12755 5637)
4(12755 9137 13903 5637)
4(13903 9138 13837 5637)
4(2229 9139 13840 9141)
4(2229 9141 13906 9140)
4(13840 9139 12756 5638)
4(12756 9140 13906 5638)
4(13906 9141 13840 5638)
4(2230 9142 13843 9144)
4(2230 9144 13909 9143)
4(13843 9142 12757 5639)
4(12757 9143 13909 5639)
4(13909 9144 13843 5639)
4(2231 9145 13846 9147)
4(2231 9147 13912 9146)
4(13846 9145 12758 5640)
4(12758 9146 13912 5640)
4(13912 9147 13846 5640)
4(2232 9148 13849 9150)
4(2232 9150 13915 9149)
4(13849 9148 12759 5641)
4(12759 9149 13915 5641)
4(13915 9150 13849 5641)
4(2233 9151 13852 9153)
4(2233 9153 13918 9152)
4(13852 9151 12760 5642)
4(12760 9152 13918 5642)
4(13918 9153 13852 5642)
4(2234 9154 13855 9156)
4(2234 9156 13921 9155)
4(13855 9154 12761 5643)
4(12761 9155 13921 5643)
4(13921 9156 13855 5643)
4(2235 9157 13858 9159)
4(2235 9159 13924 9158)
4(13858 9157 12762 5644)
4(12762 9158 13924 5644)
4(13924 9159 13858 5644)
4(2236 9160 13861 9162)
4(2236 9162 13927 9161)
4(13861 9160 12763 5645)
4(12763 9161 13927 5645)
4(13927 9162 13861 5645)
4(2237 9163 13864 9165)
4(2237 9165 13930 9164)
4(13864 9163 12764 5646)
4(12764 9164 13930 5646)
4(13930 9165 13864 5646)
4(2238 9166 13867 9168)
4(2238 9168 13933 9167)
4(13867 9166 12765 5647)
4(12765 9167 13933 5647)
4(13933 9168 13867 5647)
4(2239 9169 13870 9171)
4(2239 9171 13936 9170)
4(13870 9169 12766 5648)
4(12766 9170 13936 5648)
4(13936 9171 13870 5648)
4(2240 9172 13873 9174)
4(2240 9174 13939 9173)
4(13873 9172 12767 5649)
4(12767 9173 13939 5649)
4(13939 9174 13873 5649)
4(2241 9175 13876 9177)
4(2241 9177 13942 9176)
4(13876 9175 12768 5650)
4(12768 9176 13942 5650)
4(13942 9177 13876 5650)
4(2242 9178 13879 9180)
4(2242 9180 13945 9179)
4(13879 9178 12769 5651)
4(12769 9179 13945 5651)
4(13945 9180 13879 5651)
4(2243 9181 13882 9183)
4(2243 9183 13948 9182)
4(13882 9181 12770 5652)
4(12770 9182 13948 5652)
4(13948 9183 13882 5652)
4(2244 9184 13885 9186)
4(2244 9186 13951 9185)
4(13885 9184 12771 5653)
4(12771 9185 13951 5653)
4(13951 9186 13885 5653)
4(2245 9187 13888 9189)
4(2245 9189 13954 9188)
4(13888 9187 12772 5654)
4(12772 9188 13954 5654)
4(13954 9189 13888 5654)
4(2246 9190 13891 9192)
4(2246 9192 13957 9191)
4(13891 9190 12773 5655)
4(12773 9191 13957 5655)
4(13957 9192 13891 5655)
4(2247 9193 13894 9195)
4(2247 9195 13960 9194)
4(13894 9193 12775 5656)
4(12775 9194 13960 5656)
4(13960 9195 13894 5656)
4(2248 9197 12778 9196)
4(2248 9196 13897 9198)
4(2248 9198 13963 9197)
4(13897 9196 12778 5657)
4(12778 9197 13963 5657)
4(13963 9198 13897 5657)
4(2249 9200 12780 9199)
4(2249 9199 13900 9201)
4(2249 9201 13966 9200)
4(12780 9200 13966 5658)
4(13966 9201 13900 5658)
4(2250 9204 12784 9203)
4(2250 9203 13904 9205)
4(13904 9203 12784 5659)
4(12784 9204 13970 5659)
4(13970 9205 13904 5659)
4(2251 9206 13907 9208)
4(2251 9208 13971 9207)
4(13907 9206 12785 5660)
4(12785 9207 13971 5660)
4(13971 9208 13907 5660)
4(2252 9209 13910 9211)
4(2252 9211 13973 9210)
4(13910 9209 12786 5661)
4(12786 9210 13973 5661)
4(13973 9211 13910 5661)
4(2253 9212 13913 9214)
4(2253 9214 13976 9213)
4(13913 9212 12787 5662)
4(12787 9213 13976 5662)
4(13976 9214 13913 5662)
4(2254 9215 13916 9217)
4(2254 9217 13979 9216)
4(13916 9215 12788 5663)
4(12788 9216 13979 5663)
4(13979 9217 13916 5663)
4(2255 9218 13919 9220)
4(2255 9220 13982 9219)
4(13919 9218 12789 5664)
4(12789 9219 13982 5664)
4(13982 9220 13919 5664)
4(2256 9221 13922 9223)
4(2256 9223 13985 9222)
4(13922 9221 12790 5665)
4(12790 9222 13985 5665)
4(13985 9223 13922 5665)
4(2257 9224 13925 9226)
4(2257 9226 13988 9225)
4(13925 9224 12791 5666)
4(12791 9225 13988 5666)
4(13988 9226 13925 5666)
4(2258 9227 13928 9229)
4(2258 9229 13991 9228)
4(13928 9227 12792 5667)
4(12792 9228 13991 5667)
4(13991 9229 13928 5667)
4(2259 9230 13931 9232)
4(2259 9232 13994 9231)
4(13931 9230 12793 5668)
4(12793 9231 13994 5668)
4(13994 9232 13931 5668)
4(2260 9233 13934 9235)
4(2260 9235 13997 9234)
4(13934 9233 12794 5669)
4(12794 9234 13997 5669)
4(13997 9235 13934 5669)
4(2261 9236 13937 9238)
4(2261 9238 14000 9237)
4(13937 9236 12795 5670)
4(12795 9237 14000 5670)
4(14000 9238 13937 5670)
4(2262 9239 13940 9241)
4(2262 9241 14003 9240)
4(13940 9239 12796 5671)
4(12796 9240 14003 5671)
4(14003 9241 13940 5671)
4(2263 9242 13943 9244)
4(2263 9244 14006 9243)
4(13943 9242 12797 5672)
4(12797 9243 14006 5672)
4(14006 9244 13943 5672)
4(2264 9245 13946 9247)
4(2264 9247 14009 9246)
4(13946 9245 12798 5673)
4(12798 9246 14009 5673)
4(14009 9247 13946 5673)
4(2265 9248 13949 9250)
4(2265 9250 14012 9249)
4(13949 9248 12799 5674)
4(12799 9249 14012 5674)
4(14012 9250 13949 5674)
4(2266 9251 13952 9253)
4(2266 9253 14015 9252)
4(13952 9251 12800 5675)
4(12800 9252 14015 5675)
4(14015 9253 13952 5675)
4(2267 9254 13955 9256)
4(2267 9256 14018 9255)
4(13955 9254 12801 5676)
4(12801 9255 14018 5676)
4(14018 9256 13955 5676)
4(2268 9257 13958 9259)
4(2268 9259 14021 9258)
4(13958 9257 12802 5677)
4(12802 9258 14021 5677)
4(14021 9259 13958 5677)
4(2269 9260 13961 9262)
4(2269 9262 14024 9261)
4(13961 9260 12803 5678)
4(12803 9261 14024 5678)
4(14024 9262 13961 5678)
4(2270 9263 13964 9265)
4(2270 9265 14027 9264)
4(13964 9263 12805 5679)
4(12805 9264 14027 5679)
4(14027 9265 13964 5679)
4(2271 9267 12808 9266)
4(2271 9266 13967 9268)
4(2271 9268 14030 9267)
4(13967 9266 12808 5680)
4(12808 9267 14030 5680)
4(14030 9268 13967 5680)
4(2273 9273 12812 9272)
4(2273 9272 13972 9274)
4(13972 9272 12812 5681)
4(14035 9274 13972 5681)
4(2274 9275 13974 9277)
4(2274 9277 14036 9276)
4(13974 9275 12814 5682)
4(12814 9276 14036 5682)
4(14036 9277 13974 5682)
4(2274 9276 12814 9275)
4(2275 9278 13977 9280)
4(2275 9280 14038 9279)
4(13977 9278 12815 5683)
4(12815 9279 14038 5683)
4(14038 9280 13977 5683)
4(2276 9281 13980 9283)
4(2276 9283 14041 9282)
4(13980 9281 12816 5684)
4(12816 9282 14041 5684)
4(14041 9283 13980 5684)
4(2277 9284 13983 9286)
4(2277 9286 14044 9285)
4(13983 9284 12817 5685)
4(12817 9285 14044 5685)
4(14044 9286 13983 5685)
4(2278 9287 13986 9289)
4(2278 9289 14047 9288)
4(13986 9287 12818 5686)
4(12818 9288 14047 5686)
4(14047 9289 13986 5686)
4(2279 9290 13989 9292)
4(2279 9292 14050 9291)
4(13989 9290 12819 5687)
4(12819 9291 14050 5687)
4(14050 9292 13989 5687)
4(2280 9293 13992 9295)
4(2280 9295 14053 9294)
4(13992 9293 12820 5688)
4(12820 9294 14053 5688)
4(14053 9295 13992 5688)
4(2281 9296 13995 9298)
4(2281 9298 14056 9297)
4(13995 9296 12821 5689)
4(12821 9297 14056 5689)
4(14056 9298 13995 5689)
4(2282 9299 13998 9301)
4(2282 9301 14059 9300)
4(13998 9299 12822 5690)
4(12822 9300 14059 5690)
4(14059 9301 13998 5690)
4(2283 9302 14001 9304)
4(2283 9304 14062 9303)
4(14001 9302 12823 5691)
4(12823 9303 14062 5691)
4(14062 9304 14001 5691)
4(2284 9305 14004 9307)
4(2284 9307 14065 9306)
4(14004 9305 12824 5692)
4(12824 9306 14065 5692)
4(14065 9307 14004 5692)
4(2285 9308 14007 9310)
4(2285 9310 14068 9309)
4(14007 9308 12825 5693)
4(12825 9309 14068 5693)
4(14068 9310 14007 5693)
4(2286 9311 14010 9313)
4(2286 9313 14071 9312)
4(14010 9311 12826 5694)
4(12826 9312 14071 5694)
4(14071 9313 14010 5694)
4(2287 9314 14013 9316)
4(2287 9316 14074 9315)
4(14013 9314 12827 5695)
4(12827 9315 14074 5695)
4(14074 9316 14013 5695)
4(2288 9317 14016 9319)
4(2288 9319 14077 9318)
4(14016 9317 12828 5696)
4(12828 9318 14077 5696)
4(14077 9319 14016 5696)
4(2289 9320 14019 9322)
4(2289 9322 14080 9321)
4(14019 9320 12829 5697)
4(12829 9321 14080 5697)
4(14080 9322 14019 5697)
4(2290 9323 14022 9325)
4(2290 9325 14083 9324)
4(14022 9323 12830 5698)
4(12830 9324 14083 5698)
4(14083 9325 14022 5698)
4(2291 9326 14025 9328)
4(2291 9328 14086 9327)
4(14025 9326 12831 5699)
4(12831 9327 14086 5699)
4(14086 9328 14025 5699)
4(2292 9329 14028 9331)
4(2292 9331 14089 9330)
4(14028 9329 12832 5700)
4(12832 9330 14089 5700)
4(14089 9331 14028 5700)
4(2293 9332 14031 9334)
4(2293 9334 14092 9333)
4(14031 9332 12835 5701)
4(12835 9333 14092 5701)
4(14092 9334 14031 5701)
4(2293 9333 12835 9332)
4(2294 9336 12838 9335)
4(2294 9335 14034 9337)
4(2294 9337 14095 9336)
4(14034 9335 12838 5702)
4(12838 9336 14095 5702)
4(14095 9337 14034 5702)
4(2296 9342 12842 9341)
4(2296 9341 14039 9343)
4(14039 9341 12842 5703)
4(12842 9342 14100 5703)
4(14100 9343 14039 5703)
4(2297 9344 14042 9346)
4(2297 9346 14101 9345)
4(14042 9344 12844 5704)
4(12844 9345 14101 5704)
4(14101 9346 14042 5704)
4(2298 9347 14045 9349)
4(2298 9349 14103 9348)
4(14045 9347 12845 5705)
4(12845 9348 14103 5705)
4(14103 9349 14045 5705)
4(2299 9350 14048 9352)
4(2299 9352 14106 9351)
4(14048 9350 12846 5706)
4(12846 9351 14106 5706)
4(14106 9352 14048 5706)
4(2300 9353 14051 9355)
4(2300 9355 14109 9354)
4(14051 9353 12847 5707)
4(12847 9354 14109 5707)
4(14109 9355 14051 5707)
4(2301 9356 14054 9358)
4(2301 9358 14112 9357)
4(14054 9356 12848 5708)
4(12848 9357 14112 5708)
4(14112 9358 14054 5708)
4(2302 9359 14057 9361)
4(2302 9361 14115 9360)
4(14057 9359 12849 5709)
4(12849 9360 14115 5709)
4(14115 9361 14057 5709)
4(2303 9362 14060 9364)
4(2303 9364 14118 9363)
4(14060 9362 12850 5710)
4(12850 9363 14118 5710)
4(14118 9364 14060 5710)
4(2304 9365 14063 9367)
4(2304 9367 14121 9366)
4(14063 9365 12851 5711)
4(12851 9366 14121 5711)
4(14121 9367 14063 5711)
4(2305 9368 14066 9370)
4(2305 9370 14124 9369)
4(14066 9368 12852 5712)
4(12852 9369 14124 5712)
4(14124 9370 14066 5712)
4(2306 9371 14069 9373)
4(2306 9373 14127 9372)
4(14069 9371 12853 5713)
4(12853 9372 14127 5713)
4(14127 9373 14069 5713)
4(2307 9374 14072 9376)
4(2307 9376 14130 9375)
4(14072 9374 12854 5714)
4(12854 9375 14130 5714)
4(14130 9376 14072 5714)
4(2308 9377 14075 9379)
4(2308 9379 14133 9378)
4(14075 9377 12855 5715)
4(12855 9378 14133 5715)
4(14133 9379 14075 5715)
4(2309 9380 14078 9382)
4(2309 9382 14136 9381)
4(14078 9380 12856 5716)
4(12856 9381 14136 5716)
4(14136 9382 14078 5716)
4(2310 9383 14081 9385)
4(2310 9385 14139 9384)
4(14081 9383 12857 5717)
4(12857 9384 14139 5717)
4(14139 9385 14081 5717)
4(2311 9386 14084 9388)
4(2311 9388 14142 9387)
4(14084 9386 12858 5718)
4(12858 9387 14142 5718)
4(14142 9388 14084 5718)
4(2312 9389 14087 9391)
4(2312 9391 14145 9390)
4(14087 9389 12859 5719)
4(12859 9390 14145 5719)
4(14145 9391 14087 5719)
4(2313 9392 14090 9394)
4(2313 9394 14148 9393)
4(14090 9392 12860 5720)
4(12860 9393 14148 5720)
4(14148 9394 14090 5720)
4(2314 9395 14093 9397)
4(2314 9397 14151 9396)
4(14093 9395 12863 5721)
4(12863 9396 14151 5721)
4(14151 9397 14093 5721)
4(2315 9399 12866 9398)
4(2315 9398 14096 9400)
4(2315 9400 14154 9399)
4(14096 9398 12866 5722)
4(12866 9399 14154 5722)
4(14154 9400 14096 5722)
4(2318 9407 12871 9406)
4(2318 9406 14104 9408)
4(2318 9408 14159 9407)
4(14104 9406 12871 5724)
4(12871 9407 14159 5724)
4(14159 9408 14104 5724)
4(2319 9409 14107 9411)
4(2319 9411 14160 9410)
4(14107 9409 12873 5725)
4(12873 9410 14160 5725)
4(14160 9411 14107 5725)
4(2320 9412 14110 9414)
4(2320 9414 14162 9413)
4(14110 9412 12874 5726)
4(12874 9413 14162 5726)
4(14162 9414 14110 5726)
4(2321 9415 14113 9417)
4(2321 9417 14165 9416)
4(14113 9415 12875 5727)
4(12875 9416 14165 5727)
4(14165 9417 14113 5727)
4(2322 9418 14116 9420)
4(2322 9420 14168 9419)
4(14116 9418 12876 5728)
4(12876 9419 14168 5728)
4(14168 9420 14116 5728)
4(2323 9421 14119 9423)
4(2323 9423 14171 9422)
4(14119 9421 12877 5729)
4(12877 9422 14171 5729)
4(14171 9423 14119 5729)
4(2324 9424 14122 9426)
4(2324 9426 14174 9425)
4(14122 9424 12878 5730)
4(12878 9425 14174 5730)
4(14174 9426 14122 5730)
4(2325 9427 14125 9429)
4(2325 9429 14177 9428)
4(14125 9427 12879 5731)
4(12879 9428 14177 5731)
4(14177 9429 14125 5731)
4(2326 9430 14128 9432)
4(2326 9432 14180 9431)
4(14128 9430 12880 5732)
4(12880 9431 14180 5732)
4(14180 9432 14128 5732)
4(2327 9433 14131 9435)
4(2327 9435 14183 9434)
4(14131 9433 12881 5733)
4(12881 9434 14183 5733)
4(14183 9435 14131 5733)
4(2328 9436 14134 9438)
4(2328 9438 14186 9437)
4(14134 9436 12882 5734)
4(12882 9437 14186 5734)
4(14186 9438 14134 5734)
4(2329 9439 14137 9441)
4(2329 9441 14189 9440)
4(14137 9439 12883 5735)
4(12883 9440 14189 5735)
4(14189 9441 14137 5735)
4(2330 9442 14140 9444)
4(2330 9444 14192 9443)
4(14140 9442 12884 5736)
4(12884 9443 14192 5736)
4(14192 9444 14140 5736)
4(2331 9445 14143 9447)
4(2331 9447 14195 9446)
4(14143 9445 12885 5737)
4(12885 9446 14195 5737)
4(14195 9447 14143 5737)
4(2332 9448 14146 9450)
4(2332 9450 14198 9449)
4(14146 9448 12886 5738)
4(12886 9449 14198 5738)
4(14198 9450 14146 5738)
4(2333 9451 14149 9453)
4(2333 9453 14201 9452)
4(14149 9451 12887 5739)
4(12887 9452 14201 5739)
4(14201 9453 14149 5739)
4(2334 9454 14152 9456)
4(2334 9456 14204 9455)
4(14152 9454 12890 5740)
4(12890 9455 14204 5740)
4(14204 9456 14152 5740)
4(2335 9458 12893 9457)
4(2335 9457 14155 9459)
4(2335 9459 14207 9458)
4(14155 9457 12893 5741)
4(12893 9458 14207 5741)
4(14207 9459 14155 5741)
4(2336 9461 12894 9460)
4(2336 9460 14158 9462)
4(2336 9462 14210 9461)
4(14210 9462 14158 5742)
4(2339 9467 12899 9466)
4(2339 9466 14163 9468)
4(2339 9468 14212 9467)
4(14163 9466 12899 5744)
4(12899 9467 14212 5744)
4(14212 9468 14163 5744)
4(2340 9469 14166 9471)
4(2340 9471 14213 9470)
4(14166 9469 12901 5745)
4(12901 9470 14213 5745)
4(14213 9471 14166 5745)
4(2341 9472 14169 9474)
4(2341 9474 14215 9473)
4(14169 9472 12902 5746)
4(12902 9473 14215 5746)
4(14215 9474 14169 5746)
4(2342 9475 14172 9477)
4(2342 9477 14218 9476)
4(14172 9475 12903 5747)
4(12903 9476 14218 5747)
4(14218 9477 14172 5747)
4(2343 9478 14175 9480)
4(2343 9480 14221 9479)
4(14175 9478 12904 5748)
4(12904 9479 14221 5748)
4(14221 9480 14175 5748)
4(2344 9481 14178 9483)
4(2344 9483 14224 9482)
4(14178 9481 12905 5749)
4(12905 9482 14224 5749)
4(14224 9483 14178 5749)
4(2345 9484 14181 9486)
4(2345 9486 14227 9485)
4(14181 9484 12906 5750)
4(12906 9485 14227 5750)
4(14227 9486 14181 5750)
4(2346 9487 14184 9489)
4(2346 9489 14230 9488)
4(14184 9487 12907 5751)
4(12907 9488 14230 5751)
4(14230 9489 14184 5751)
4(2347 9490 14187 9492)
4(2347 9492 14233 9491)
4(14187 9490 12908 5752)
4(12908 9491 14233 5752)
4(14233 9492 14187 5752)
4(2348 9493 14190 9495)
4(2348 9495 14236 9494)
4(14190 9493 12909 5753)
4(12909 9494 14236 5753)
4(14236 9495 14190 5753)
4(2349 9496 14193 9498)
4(2349 9498 14239 9497)
4(14193 9496 12910 5754)
4(12910 9497 14239 5754)
4(14239 9498 14193 5754)
4(2350 9499 14196 9501)
4(2350 9501 14242 9500)
4(14196 9499 12911 5755)
4(12911 9500 14242 5755)
4(14242 9501 14196 5755)
4(2351 9502 14199 9504)
4(2351 9504 14245 9503)
4(14199 9502 12912 5756)
4(12912 9503 14245 5756)
4(14245 9504 14199 5756)
4(2352 9505 14202 9507)
4(2352 9507 14248 9506)
4(14202 9505 12913 5757)
4(12913 9506 14248 5757)
4(14248 9507 14202 5757)
4(2353 9508 14205 9510)
4(2353 9510 14251 9509)
4(14205 9508 12916 5758)
4(12916 9509 14251 5758)
4(14251 9510 14205 5758)
4(2354 9512 12919 9511)
4(2354 9511 14208 9513)
4(2354 9513 14254 9512)
4(14208 9511 12919 5759)
4(12919 9512 14254 5759)
4(14254 9513 14208 5759)
4(2355 9515 12920 9514)
4(2355 9514 14211 9516)
4(2355 9516 14257 9515)
4(14257 9516 14211 5760)
4(2358 9521 12925 9520)
4(2358 9520 14216 9522)
4(2358 9522 14259 9521)
4(14216 9520 12925 5762)
4(12925 9521 14259 5762)
4(14259 9522 14216 5762)
4(2359 9523 14219 9525)
4(2359 9525 14260 9524)
4(14219 9523 12927 5763)
4(12927 9524 14260 5763)
4(14260 9525 14219 5763)
4(2359 9524 12927 9523)
4(2360 9526 14222 9528)
4(2360 9528 14262 9527)
4(14222 9526 12929 5764)
4(12929 9527 14262 5764)
4(14262 9528 14222 5764)
4(2361 9529 14225 9531)
4(2361 9531 14265 9530)
4(14225 9529 12931 5765)
4(12931 9530 14265 5765)
4(14265 9531 14225 5765)
4(2362 9532 14228 9534)
4(2362 9534 14268 9533)
4(14228 9532 12932 5766)
4(12932 9533 14268 5766)
4(14268 9534 14228 5766)
4(2363 9535 14231 9537)
4(2363 9537 14271 9536)
4(14231 9535 12933 5767)
4(12933 9536 14271 5767)
4(14271 9537 14231 5767)
4(2364 9538 14234 9540)
4(2364 9540 14274 9539)
4(14234 9538 12934 5768)
4(12934 9539 14274 5768)
4(14274 9540 14234 5768)
4(2365 9541 14237 9543)
4(2365 9543 14277 9542)
4(14237 9541 12935 5769)
4(12935 9542 14277 5769)
4(14277 9543 14237 5769)
4(2366 9544 14240 9546)
4(2366 9546 14280 9545)
4(14240 9544 12936 5770)
4(12936 9545 14280 5770)
4(14280 9546 14240 5770)
4(2367 9547 14243 9549)
4(2367 9549 14283 9548)
4(14243 9547 12937 5771)
4(12937 9548 14283 5771)
4(14283 9549 14243 5771)
4(2368 9550 14246 9552)
4(2368 9552 14286 9551)
4(14246 9550 12939 5772)
4(12939 9551 14286 5772)
4(14286 9552 14246 5772)
4(2369 9553 14249 9555)
4(2369 9555 14289 9554)
4(14249 9553 12941 5773)
4(12941 9554 14289 5773)
4(14289 9555 14249 5773)
4(2370 9556 14252 9558)
4(2370 9558 14292 9557)
4(14252 9556 12944 5774)
4(12944 9557 14292 5774)
4(14292 9558 14252 5774)
4(2370 9557 12944 9556)
4(2371 9560 12947 9559)
4(2371 9559 14255 9561)
4(2371 9561 14295 9560)
4(14255 9559 12947 5775)
4(12947 9560 14295 5775)
4(14295 9561 14255 5775)
4(2372 9563 12948 9562)
4(2372 9562 14258 9564)
4(2372 9564 14298 9563)
4(14298 9564 14258 5776)
4(2375 9569 12952 9568)
4(2375 9568 14263 9570)
4(14263 9568 12952 5777)
4(14300 9570 14263 5777)
4(2376 9572 12955 9571)
4(2376 9571 14266 9573)
4(2376 9573 14301 9572)
4(14266 9571 12955 5778)
4(12955 9572 14301 5778)
4(14301 9573 14266 5778)
4(2377 9575 12958 9574)
4(2377 9574 14269 9576)
4(2377 9576 14303 9575)
4(14269 9574 12958 5779)
4(12958 9575 14303 5779)
4(14303 9576 14269 5779)
4(2378 9577 14272 9579)
4(2378 9579 14305 9578)
4(14272 9577 12960 5780)
4(12960 9578 14305 5780)
4(14305 9579 14272 5780)
4(2378 9578 12960 9577)
4(2379 9580 14275 9582)
4(2379 9582 14308 9581)
4(14275 9580 12962 5781)
4(12962 9581 14308 5781)
4(14308 9582 14275 5781)
4(2380 9583 14278 9585)
4(2380 9585 14311 9584)
4(14278 9583 12964 5782)
4(12964 9584 14311 5782)
4(14311 9585 14278 5782)
4(2381 9586 14281 9588)
4(2381 9588 14314 9587)
4(14281 9586 12966 5783)
4(12966 9587 14314 5783)
4(14314 9588 14281 5783)
4(2382 9589 14284 9591)
4(2382 9591 14317 9590)
4(14284 9589 12968 5784)
4(12968 9590 14317 5784)
4(14317 9591 14284 5784)
4(2383 9592 14287 9594)
4(2383 9594 14320 9593)
4(14287 9592 12971 5785)
4(12971 9593 14320 5785)
4(14320 9594 14287 5785)
4(2383 9593 12971 9592)
4(2384 9596 12974 9595)
4(2384 9595 14290 9597)
4(2384 9597 14323 9596)
4(14290 9595 12974 5786)
4(12974 9596 14323 5786)
4(14323 9597 14290 5786)
4(2385 9599 12977 9598)
4(2385 9598 14293 9600)
4(2385 9600 14326 9599)
4(14293 9598 12977 5787)
4(12977 9599 14326 5787)
4(14326 9600 14293 5787)
4(2386 9602 12980 9601)
4(2386 9601 14296 9603)
4(2386 9603 14329 9602)
4(14296 9601 12980 5788)
4(12980 9602 14329 5788)
4(14329 9603 14296 5788)
4(2390 9612 12983 9611)
4(2390 9611 14306 9613)
4(14306 9611 12983 5789)
4(14333 9613 14306 5789)
4(2391 9615 12986 9614)
4(2391 9614 14309 9616)
4(2391 9616 14334 9615)
4(14309 9614 12986 5790)
4(14334 9616 14309 5790)
4(2392 9618 12989 9617)
4(2392 9617 14312 9619)
4(2392 9619 14335 9618)
4(14312 9617 12989 5791)
4(12989 9618 14335 5791)
4(14335 9619 14312 5791)
4(2393 9621 12992 9620)
4(2393 9620 14315 9622)
4(2393 9622 14337 9621)
4(14315 9620 12992 5792)
4(12992 9621 14337 5792)
4(14337 9622 14315 5792)
4(2394 9624 12995 9623)
4(2394 9623 14318 9625)
4(2394 9625 14339 9624)
4(14318 9623 12995 5793)
4(12995 9624 14339 5793)
4(14339 9625 14318 5793)
4(2395 9627 12998 9626)
4(2395 9626 14321 9628)
4(2395 9628 14341 9627)
4(14321 9626 12998 5794)
4(12998 9627 14341 5794)
4(14341 9628 14321 5794)
4(2396 9630 13001 9629)
4(2396 9629 14324 9631)
4(2396 9631 14343 9630)
4(14324 9629 13001 5795)
4(13001 9630 14343 5795)
4(14343 9631 14324 5795)
4(2397 9633 13003 9632)
4(2397 9632 14327 9634)
4(2397 9634 14345 9633)
4(14327 9632 13003 5796)
4(14345 9634 14327 5796)
4(4087 2886 3941 3008)
4(4087 3010 4084 2886)
4(4087 2886 4086 3013)
4(7 3013 4086 2985)
4(7 3008 4087 3013)
4(4088 2886 4087 3488)
4(487 3488 4087 3010)
4(487 3469 4088 3488)
4(488 3471 4086 3013)
4(488 3013 4087 3488)
4(488 3488 4088 3471)
4(4089 2987 3942 2887)
4(4089 2887 4077 2988)
4(4090 2887 3942 3011)
4(4090 3013 4086 2887)
4(4090 2887 4089 3016)
4(8 3016 4089 2987)
4(8 3011 4090 3016)
4(4091 3473 4089 2887)
4(481 2988 4089 3473)
4(481 3473 4091 3470)
4(4091 2887 4090 3490)
4(488 3490 4090 3013)
4(488 3471 4091 3490)
4(489 3473 4089 3016)
4(489 3016 4090 3490)
4(489 3490 4091 3473)
4(4092 2990 3943 2888)
4(4092 2888 4078 2991)
4(4093 2888 3943 3014)
4(4093 3016 4089 2888)
4(4093 2888 4092 3019)
4(9 3019 4092 2990)
4(9 3014 4093 3019)
4(4094 3472 4078 2888)
4(4094 2888 4089 3473)
4(4094 3475 4092 2888)
4(482 2991 4092 3475)
4(482 3475 4094 3472)
4(4094 2888 4093 3491)
4(489 3491 4093 3016)
4(489 3473 4094 3491)
4(490 3475 4092 3019)
4(490 3019 4093 3491)
4(490 3491 4094 3475)
4(4095 2993 3944 2889)
4(4095 2889 4079 2994)
4(4096 2889 3944 3017)
4(4096 3019 4092 2889)
4(4096 2889 4095 3022)
4(10 3022 4095 2993)
4(10 3017 4096 3022)
4(4097 3474 4079 2889)
4(4097 2889 4092 3475)
4(4097 3477 4095 2889)
4(483 2994 4095 3477)
4(483 3477 4097 3474)
4(4097 2889 4096 3492)
4(490 3492 4096 3019)
4(490 3475 4097 3492)
4(491 3477 4095 3022)
4(491 3022 4096 3492)
4(491 3492 4097 3477)
4(4098 2996 3945 2890)
4(4098 2890 4080 2997)
4(4099 2890 3945 3020)
4(4099 3022 4095 2890)
4(4099 2890 4098 3025)
4(11 3025 4098 2996)
4(11 3020 4099 3025)
4(4100 3476 4080 2890)
4(4100 2890 4095 3477)
4(4100 3479 4098 2890)
4(484 2997 4098 3479)
4(484 3479 4100 3476)
4(4100 2890 4099 3493)
4(491 3493 4099 3022)
4(491 3477 4100 3493)
4(492 3479 4098 3025)
4(492 3025 4099 3493)
4(492 3493 4100 3479)
4(4101 2999 3946 2891)
4(4101 2891 4081 3000)
4(4102 2891 3946 3023)
4(4102 3025 4098 2891)
4(4102 2891 4101 3028)
4(12 3028 4101 2999)
4(12 3023 4102 3028)
4(4103 3478 4081 2891)
4(4103 2891 4098 3479)
4(4103 3481 4101 2891)
4(485 3000 4101 3481)
4(485 3481 4103 3478)
4(4103 2891 4102 3494)
4(492 3494 4102 3025)
4(492 3479 4103 3494)
4(493 3481 4101 3028)
4(493 3028 4102 3494)
4(493 3494 4103 3481)
4(4105 2892 3947 3026)
4(4105 3028 4101 2892)
4(4105 2892 4104 3031)
4(13 3031 4104 3001)
4(13 3026 4105 3031)
4(4106 2892 4101 3481)
4(4106 2892 4105 3496)
4(493 3496 4105 3028)
4(493 3481 4106 3496)
4(494 3482 4104 3031)
4(494 3031 4105 3496)
4(494 3496 4106 3482)
4(4108 2893 3948 3029)
4(4108 3031 4104 2893)
4(4108 2893 4107 3034)
4(14 3029 4108 3034)
4(4109 2893 4108 3498)
4(494 3498 4108 3031)
4(494 3482 4109 3498)
4(495 3034 4108 3498)
4(495 3498 4109 3483)
4(4114 3006 3949 2894)
4(4114 2894 4083 3007)
4(4115 2894 3949 3042)
4(4115 3044 4112 2894)
4(4115 2894 4114 3047)
4(18 3047 4114 3006)
4(18 3042 4115 3047)
4(4116 3487 4114 2894)
4(486 3007 4114 3487)
4(486 3487 4116 3484)
4(4116 2894 4115 3507)
4(498 3507 4115 3044)
4(498 3485 4116 3507)
4(499 3487 4114 3047)
4(499 3047 4115 3507)
4(499 3507 4116 3487)
4(4117 3009 3950 2895)
4(4117 2895 4085 3010)
4(4118 2895 3950 3045)
4(4118 3047 4114 2895)
4(4118 2895 4117 3050)
4(19 3050 4117 3009)
4(19 3045 4118 3050)
4(4119 3486 4085 2895)
4(4119 2895 4114 3487)
4(4119 3489 4117 2895)
4(487 3010 4117 3489)
4(487 3489 4119 3486)
4(4119 2895 4118 3509)
4(499 3509 4118 3047)
4(499 3487 4119 3509)
4(500 3489 4117 3050)
4(500 3050 4118 3509)
4(500 3509 4119 3489)
4(4121 3027 3956 2896)
4(4121 2896 4102 3028)
4(4122 2896 3956 3055)
4(4122 3056 4120 2896)
4(24 3024 4120 3056)
4(4122 2896 4121 3058)
4(25 3058 4121 3027)
4(25 3055 4122 3058)
4(4123 3494 4102 2896)
4(4123 2896 4120 3495)
4(492 3495 4120 3025)
4(4123 3497 4121 2896)
4(493 3028 4121 3497)
4(4123 2896 4122 3510)
4(505 3056 4120 3495)
4(505 3510 4122 3056)
4(506 3497 4121 3058)
4(506 3058 4122 3510)
4(4124 3030 3957 2897)
4(4124 2897 4105 3031)
4(4125 2897 3957 3057)
4(4125 3058 4121 2897)
4(4125 2897 4124 3060)
4(26 3060 4124 3030)
4(26 3057 4125 3060)
4(4126 3496 4105 2897)
4(4126 2897 4121 3497)
4(4126 3499 4124 2897)
4(494 3031 4124 3499)
4(494 3499 4126 3496)
4(4126 2897 4125 3511)
4(506 3511 4125 3058)
4(506 3497 4126 3511)
4(507 3499 4124 3060)
4(507 3060 4125 3511)
4(507 3511 4126 3499)
4(4127 3033 3958 2898)
4(4127 2898 4108 3034)
4(4128 2898 3958 3059)
4(4128 3060 4124 2898)
4(4128 2898 4127 3063)
4(27 3063 4127 3033)
4(27 3059 4128 3063)
4(4129 3498 4108 2898)
4(4129 2898 4124 3499)
4(4129 3501 4127 2898)
4(495 3034 4127 3501)
4(495 3501 4129 3498)
4(4129 2898 4128 3512)
4(507 3512 4128 3060)
4(507 3499 4129 3512)
4(508 3501 4127 3063)
4(508 3063 4128 3512)
4(508 3512 4129 3501)
4(4130 3036 3959 2899)
4(4130 2899 4110 3037)
4(4131 2899 3959 3061)
4(4131 3063 4127 2899)
4(4131 2899 4130 3066)
4(28 3066 4130 3036)
4(28 3061 4131 3066)
4(4132 3500 4110 2899)
4(4132 2899 4127 3501)
4(4132 3503 4130 2899)
4(496 3037 4130 3503)
4(496 3503 4132 3500)
4(4132 2899 4131 3513)
4(508 3513 4131 3063)
4(508 3501 4132 3513)
4(509 3503 4130 3066)
4(509 3066 4131 3513)
4(509 3513 4132 3503)
4(4134 2900 3960 3064)
4(4134 3066 4130 2900)
4(4134 2900 4133 3069)
4(29 3064 4134 3069)
4(4135 2900 4130 3503)
4(4135 2900 4134 3515)
4(509 3515 4134 3066)
4(509 3503 4135 3515)
4(510 3069 4134 3515)
4(510 3515 4135 3504)
4(4138 2901 4137 3077)
4(32 3077 4137 3040)
4(32 3072 4138 3077)
4(513 3506 4137 3077)
4(513 3077 4138 3520)
4(513 3520 4139 3506)
4(4140 3043 3962 2902)
4(4140 2902 4113 3044)
4(4141 2902 3962 3075)
4(4141 3077 4137 2902)
4(4141 2902 4140 3080)
4(33 3075 4141 3080)
4(33 3080 4140 3043)
4(4142 3505 4113 2902)
4(4142 2902 4137 3506)
4(4142 3508 4140 2902)
4(498 3044 4140 3508)
4(498 3508 4142 3505)
4(4142 2902 4141 3521)
4(513 3521 4141 3077)
4(513 3506 4142 3521)
4(514 3080 4141 3521)
4(514 3508 4140 3080)
4(514 3521 4142 3508)
4(4144 3065 3965 2903)
4(4144 2903 4131 3066)
4(4145 2903 3965 3082)
4(4145 3083 4143 2903)
4(43 3062 4143 3083)
4(4145 2903 4144 3085)
4(44 3085 4144 3065)
4(44 3082 4145 3085)
4(4146 3513 4131 2903)
4(4146 2903 4143 3514)
4(508 3514 4143 3063)
4(4146 3516 4144 2903)
4(509 3066 4144 3516)
4(4146 2903 4145 3524)
4(524 3083 4143 3514)
4(524 3524 4145 3083)
4(525 3516 4144 3085)
4(525 3085 4145 3524)
4(4148 3070 3967 2904)
4(4148 2904 4136 3071)
4(4149 2904 3967 3086)
4(4149 3088 4147 2904)
4(45 3068 4147 3088)
4(4149 2904 4148 3091)
4(46 3091 4148 3070)
4(46 3086 4149 3091)
4(4150 3517 4136 2904)
4(4150 2904 4147 3518)
4(510 3518 4147 3069)
4(4150 3519 4148 2904)
4(511 3519 4150 3517)
4(4150 2904 4149 3525)
4(526 3088 4147 3518)
4(526 3525 4149 3088)
4(526 3518 4150 3525)
4(527 3519 4148 3091)
4(527 3091 4149 3525)
4(527 3525 4150 3519)
4(4151 3091 4148 2905)
4(527 3526 4151 3091)
4(527 3519 4152 3526)
4(4154 3079 3971 2906)
4(4154 2906 4141 3080)
4(4155 2906 3971 3098)
4(4155 3100 4153 2906)
4(50 3076 4153 3100)
4(4155 2906 4154 3101)
4(51 3101 4154 3079)
4(51 3098 4155 3101)
4(4156 3521 4141 2906)
4(4156 2906 4153 3522)
4(513 3522 4153 3077)
4(4156 3523 4154 2906)
4(514 3080 4154 3523)
4(4156 2906 4155 3529)
4(531 3100 4153 3522)
4(531 3529 4155 3100)
4(532 3523 4154 3101)
4(532 3101 4155 3529)
4(4158 3092 3973 2907)
4(4158 2907 4151 3093)
4(4159 2907 3973 3103)
4(4159 3105 4157 2907)
4(64 3090 4157 3105)
4(4159 2907 4158 3108)
4(65 3108 4158 3092)
4(65 3103 4159 3108)
4(4160 3526 4151 2907)
4(4160 2907 4157 3527)
4(527 3527 4157 3091)
4(4160 3528 4158 2907)
4(528 3528 4160 3526)
4(4160 2907 4159 3530)
4(545 3530 4159 3105)
4(545 3105 4157 3527)
4(545 3527 4160 3530)
4(546 3528 4158 3108)
4(546 3108 4159 3530)
4(546 3530 4160 3528)
4(4161 3108 4158 2908)
4(546 3531 4161 3108)
4(546 3528 4162 3531)
4(4164 3109 3979 2909)
4(4164 2909 4161 3110)
4(4165 2909 3979 3119)
4(4165 3121 4163 2909)
4(85 3107 4163 3121)
4(4165 2909 4164 3124)
4(86 3124 4164 3109)
4(86 3119 4165 3124)
4(4166 3531 4161 2909)
4(4166 2909 4163 3532)
4(546 3532 4163 3108)
4(4166 3533 4164 2909)
4(547 3533 4166 3531)
4(4166 2909 4165 3535)
4(566 3121 4163 3532)
4(566 3535 4165 3121)
4(566 3532 4166 3535)
4(567 3533 4164 3124)
4(567 3124 4165 3535)
4(567 3535 4166 3533)
4(4167 3124 4164 2910)
4(567 3536 4167 3124)
4(567 3533 4168 3536)
4(4172 3125 3984 2911)
4(4172 2911 4167 3126)
4(4173 2911 3984 3135)
4(4173 3137 4171 2911)
4(107 3123 4171 3137)
4(4173 2911 4172 3140)
4(108 3135 4173 3140)
4(4174 3536 4167 2911)
4(4174 2911 4171 3537)
4(567 3537 4171 3124)
4(4174 3538 4172 2911)
4(568 3538 4174 3536)
4(4174 2911 4173 3542)
4(588 3137 4171 3537)
4(588 3542 4173 3137)
4(588 3537 4174 3542)
4(589 3140 4173 3542)
4(589 3542 4174 3538)
4(4177 3130 3985 2912)
4(4177 2912 4170 3131)
4(4178 2912 3985 3142)
4(4178 3144 4176 2912)
4(4178 2912 4177 3147)
4(110 3142 4178 3147)
4(110 3147 4177 3130)
4(4179 3541 4177 2912)
4(569 3131 4177 3541)
4(569 3541 4179 3539)
4(4179 2912 4178 3546)
4(590 3546 4178 3144)
4(590 3540 4179 3546)
4(591 3147 4178 3546)
4(591 3541 4177 3147)
4(591 3546 4179 3541)
4(4183 2913 3988 3152)
4(4183 3154 4181 2913)
4(130 3139 4181 3154)
4(4183 2913 4182 3156)
4(131 3152 4183 3156)
4(4184 2913 4181 3544)
4(589 3544 4181 3140)
4(4184 2913 4183 3551)
4(611 3551 4183 3154)
4(611 3154 4181 3544)
4(611 3544 4184 3551)
4(612 3156 4183 3551)
4(612 3551 4184 3545)
4(4187 3146 3989 2914)
4(4187 2914 4178 3147)
4(4188 2914 3989 3158)
4(4188 3160 4185 2914)
4(4188 2914 4187 3163)
4(133 3163 4187 3146)
4(133 3158 4188 3163)
4(4189 3546 4178 2914)
4(4189 2914 4185 3547)
4(4189 3549 4187 2914)
4(591 3147 4187 3549)
4(591 3549 4189 3546)
4(4189 2914 4188 3555)
4(613 3555 4188 3160)
4(613 3547 4189 3555)
4(614 3549 4187 3163)
4(614 3163 4188 3555)
4(614 3555 4189 3549)
4(4190 3148 3990 2915)
4(4190 2915 4180 3149)
4(111 3149 4180 3145)
4(4191 2915 3990 3161)
4(4191 3163 4187 2915)
4(4191 2915 4190 3164)
4(134 3164 4190 3148)
4(134 3161 4191 3164)
4(4192 3548 4180 2915)
4(4192 2915 4187 3549)
4(591 3147 4180 3548)
4(4192 3550 4190 2915)
4(592 3548 4180 3149)
4(592 3149 4190 3550)
4(4192 2915 4191 3557)
4(614 3557 4191 3163)
4(615 3550 4190 3164)
4(615 3164 4191 3557)
4(4194 3155 3992 2916)
4(4194 2916 4183 3156)
4(4195 2916 3992 3166)
4(4195 3168 4193 2916)
4(153 3153 4193 3168)
4(4195 2916 4194 3171)
4(154 3166 4195 3171)
4(4196 3551 4183 2916)
4(4196 2916 4193 3552)
4(611 3552 4193 3154)
4(4196 3553 4194 2916)
4(612 3553 4196 3551)
4(4196 2916 4195 3559)
4(634 3559 4195 3168)
4(634 3168 4193 3552)
4(634 3552 4196 3559)
4(635 3171 4195 3559)
4(635 3559 4196 3553)
4(4198 3159 3993 2917)
4(4198 2917 4186 3160)
4(4199 2917 4198 3176)
4(155 3176 4198 3159)
4(155 3172 4199 3176)
4(4200 3556 4198 2917)
4(613 3160 4198 3556)
4(613 3556 4200 3554)
4(636 3556 4198 3176)
4(636 3176 4199 3563)
4(636 3563 4200 3556)
4(4201 3162 3994 2918)
4(4201 2918 4188 3163)
4(4202 2918 3994 3174)
4(4202 3176 4198 2918)
4(4202 2918 4201 3178)
4(156 3174 4202 3178)
4(156 3178 4201 3162)
4(4203 3555 4188 2918)
4(4203 2918 4198 3556)
4(4203 3558 4201 2918)
4(614 3163 4201 3558)
4(614 3558 4203 3555)
4(4203 2918 4202 3564)
4(636 3564 4202 3176)
4(636 3556 4203 3564)
4(637 3178 4202 3564)
4(637 3558 4201 3178)
4(637 3564 4203 3558)
4(4205 3170 3995 2919)
4(4205 2919 4195 3171)
4(4206 2919 3995 3179)
4(4206 3181 4204 2919)
4(176 3167 4204 3181)
4(4206 2919 4205 3184)
4(177 3179 4206 3184)
4(177 3184 4205 3170)
4(4207 3559 4195 2919)
4(4207 2919 4204 3560)
4(634 3560 4204 3168)
4(4207 3562 4205 2919)
4(635 3171 4205 3562)
4(635 3562 4207 3559)
4(4207 2919 4206 3567)
4(657 3567 4206 3181)
4(657 3181 4204 3560)
4(657 3560 4207 3567)
4(658 3184 4206 3567)
4(658 3562 4205 3184)
4(658 3567 4207 3562)
4(4211 3177 3998 2920)
4(4211 2920 4202 3178)
4(4212 2920 3998 3189)
4(4212 3191 4209 2920)
4(179 3175 4209 3191)
4(4212 2920 4211 3193)
4(180 3189 4212 3193)
4(180 3193 4211 3177)
4(4213 3564 4202 2920)
4(4213 2920 4209 3565)
4(636 3565 4209 3176)
4(4213 3566 4211 2920)
4(637 3178 4211 3566)
4(637 3566 4213 3564)
4(4213 2920 4212 3574)
4(660 3574 4212 3191)
4(660 3191 4209 3565)
4(660 3565 4213 3574)
4(661 3193 4212 3574)
4(661 3566 4211 3193)
4(661 3574 4213 3566)
4(4215 3183 3999 2921)
4(4215 2921 4206 3184)
4(4216 2921 3999 3194)
4(4216 3196 4214 2921)
4(200 3180 4214 3196)
4(4216 2921 4215 3199)
4(201 3199 4215 3183)
4(201 3194 4216 3199)
4(4217 3567 4206 2921)
4(4217 2921 4214 3568)
4(657 3568 4214 3181)
4(4217 3570 4215 2921)
4(658 3184 4215 3570)
4(658 3570 4217 3567)
4(4217 2921 4216 3577)
4(681 3577 4216 3196)
4(681 3196 4214 3568)
4(681 3568 4217 3577)
4(682 3570 4215 3199)
4(682 3199 4216 3577)
4(682 3577 4217 3570)
4(4219 2922 4000 3197)
4(4219 3199 4215 2922)
4(4219 2922 4218 3201)
4(202 3197 4219 3201)
4(4220 2922 4215 3570)
4(658 3184 4208 3569)
4(4220 2922 4219 3579)
4(682 3579 4219 3199)
4(682 3570 4220 3579)
4(683 3201 4219 3579)
4(683 3579 4220 3571)
4(4222 3190 4001 2923)
4(4222 2923 4210 3191)
4(179 3191 4210 3186)
4(4223 2923 4001 3202)
4(4223 3204 4221 2923)
4(4223 2923 4222 3207)
4(204 3207 4222 3190)
4(204 3202 4223 3207)
4(4224 3572 4210 2923)
4(4224 2923 4221 3573)
4(659 3188 4210 3572)
4(4224 3575 4222 2923)
4(660 3191 4222 3575)
4(660 3572 4210 3191)
4(660 3575 4224 3572)
4(4224 2923 4223 3582)
4(684 3582 4223 3204)
4(684 3573 4224 3582)
4(685 3575 4222 3207)
4(685 3207 4223 3582)
4(685 3582 4224 3575)
4(4225 3192 4002 2924)
4(4225 2924 4212 3193)
4(4226 2924 4002 3205)
4(4226 3207 4222 2924)
4(4226 2924 4225 3209)
4(205 3205 4226 3209)
4(205 3209 4225 3192)
4(4227 3574 4212 2924)
4(4227 2924 4222 3575)
4(4227 3576 4225 2924)
4(661 3193 4225 3576)
4(4227 2924 4226 3584)
4(685 3584 4226 3207)
4(686 3209 4226 3584)
4(686 3576 4225 3209)
4(4229 3198 4003 2925)
4(4229 2925 4216 3199)
4(4230 2925 4003 3210)
4(4230 3212 4228 2925)
4(225 3195 4228 3212)
4(4230 2925 4229 3215)
4(226 3215 4229 3198)
4(226 3210 4230 3215)
4(4231 3577 4216 2925)
4(4231 2925 4228 3578)
4(681 3578 4228 3196)
4(4231 3580 4229 2925)
4(682 3199 4229 3580)
4(4231 2925 4230 3587)
4(706 3587 4230 3212)
4(706 3212 4228 3578)
4(707 3580 4229 3215)
4(707 3215 4230 3587)
4(4232 3200 4004 2926)
4(4232 2926 4219 3201)
4(4233 2926 4004 3213)
4(4233 3215 4229 2926)
4(4233 2926 4232 3217)
4(227 3213 4233 3217)
4(4234 3579 4219 2926)
4(4234 2926 4229 3580)
4(4234 3581 4232 2926)
4(683 3581 4234 3579)
4(4234 2926 4233 3589)
4(707 3589 4233 3215)
4(707 3580 4234 3589)
4(708 3217 4233 3589)
4(708 3589 4234 3581)
4(4236 3206 4005 2927)
4(4236 2927 4223 3207)
4(4237 2927 4005 3218)
4(4237 3220 4235 2927)
4(4237 2927 4236 3223)
4(229 3223 4236 3206)
4(229 3218 4237 3223)
4(4238 3582 4223 2927)
4(4238 2927 4235 3583)
4(4238 3585 4236 2927)
4(685 3207 4236 3585)
4(685 3585 4238 3582)
4(4238 2927 4237 3592)
4(709 3592 4237 3220)
4(709 3583 4238 3592)
4(710 3585 4236 3223)
4(710 3223 4237 3592)
4(710 3592 4238 3585)
4(4239 3208 4006 2928)
4(4239 2928 4226 3209)
4(4240 2928 4006 3221)
4(4240 3223 4236 2928)
4(4240 2928 4239 3225)
4(230 3221 4240 3225)
4(230 3225 4239 3208)
4(4241 3584 4226 2928)
4(4241 2928 4236 3585)
4(4241 3586 4239 2928)
4(686 3209 4239 3586)
4(4241 2928 4240 3594)
4(710 3594 4240 3223)
4(711 3225 4240 3594)
4(711 3586 4239 3225)
4(4243 3214 4007 2929)
4(4243 2929 4230 3215)
4(4244 2929 4007 3226)
4(4244 3228 4242 2929)
4(250 3211 4242 3228)
4(4244 2929 4243 3231)
4(251 3231 4243 3214)
4(251 3226 4244 3231)
4(4245 3587 4230 2929)
4(4245 2929 4242 3588)
4(706 3588 4242 3212)
4(4245 3590 4243 2929)
4(707 3215 4243 3590)
4(4245 2929 4244 3597)
4(731 3597 4244 3228)
4(731 3228 4242 3588)
4(732 3590 4243 3231)
4(732 3231 4244 3597)
4(4246 3216 4008 2930)
4(4246 2930 4233 3217)
4(4247 2930 4008 3229)
4(4247 3231 4243 2930)
4(4247 2930 4246 3233)
4(252 3229 4247 3233)
4(4248 3589 4233 2930)
4(4248 2930 4243 3590)
4(4248 3591 4246 2930)
4(708 3591 4248 3589)
4(4248 2930 4247 3599)
4(732 3599 4247 3231)
4(732 3590 4248 3599)
4(733 3233 4247 3599)
4(733 3599 4248 3591)
4(4250 3222 4009 2931)
4(4250 2931 4237 3223)
4(4251 2931 4009 3234)
4(4251 3236 4249 2931)
4(4251 2931 4250 3239)
4(254 3239 4250 3222)
4(254 3234 4251 3239)
4(4252 3592 4237 2931)
4(4252 2931 4249 3593)
4(4252 3595 4250 2931)
4(710 3223 4250 3595)
4(710 3595 4252 3592)
4(4252 2931 4251 3602)
4(734 3602 4251 3236)
4(734 3593 4252 3602)
4(735 3595 4250 3239)
4(735 3239 4251 3602)
4(735 3602 4252 3595)
4(4253 3224 4010 2932)
4(4253 2932 4240 3225)
4(4254 2932 4010 3237)
4(4254 3239 4250 2932)
4(4254 2932 4253 3241)
4(255 3237 4254 3241)
4(255 3241 4253 3224)
4(4255 3594 4240 2932)
4(4255 2932 4250 3595)
4(4255 3596 4253 2932)
4(711 3225 4253 3596)
4(4255 2932 4254 3604)
4(735 3604 4254 3239)
4(736 3241 4254 3604)
4(736 3596 4253 3241)
4(4257 3230 4011 2933)
4(4257 2933 4244 3231)
4(4258 2933 4011 3242)
4(4258 3244 4256 2933)
4(275 3227 4256 3244)
4(4258 2933 4257 3247)
4(276 3247 4257 3230)
4(276 3242 4258 3247)
4(4259 3597 4244 2933)
4(4259 2933 4256 3598)
4(731 3598 4256 3228)
4(4259 3600 4257 2933)
4(732 3231 4257 3600)
4(4259 2933 4258 3606)
4(756 3606 4258 3244)
4(756 3244 4256 3598)
4(757 3600 4257 3247)
4(757 3247 4258 3606)
4(4260 3232 4012 2934)
4(4260 2934 4247 3233)
4(4261 2934 4012 3245)
4(4261 3247 4257 2934)
4(4261 2934 4260 3249)
4(277 3245 4261 3249)
4(4262 3599 4247 2934)
4(4262 2934 4257 3600)
4(4262 3601 4260 2934)
4(733 3601 4262 3599)
4(4262 2934 4261 3608)
4(757 3608 4261 3247)
4(757 3600 4262 3608)
4(758 3249 4261 3608)
4(758 3608 4262 3601)
4(4264 3238 4013 2935)
4(4264 2935 4251 3239)
4(4265 2935 4013 3250)
4(4265 3252 4263 2935)
4(4265 2935 4264 3255)
4(279 3250 4265 3255)
4(279 3255 4264 3238)
4(4266 3602 4251 2935)
4(4266 2935 4263 3603)
4(4266 3605 4264 2935)
4(735 3239 4264 3605)
4(735 3605 4266 3602)
4(4266 2935 4265 3611)
4(759 3611 4265 3252)
4(759 3603 4266 3611)
4(760 3255 4265 3611)
4(760 3605 4264 3255)
4(760 3611 4266 3605)
4(4268 3246 4015 2936)
4(4268 2936 4258 3247)
4(4269 2936 4015 3257)
4(4269 3259 4267 2936)
4(300 3243 4267 3259)
4(4269 2936 4268 3262)
4(301 3262 4268 3246)
4(301 3257 4269 3262)
4(4270 3606 4258 2936)
4(4270 2936 4267 3607)
4(756 3607 4267 3244)
4(4270 3609 4268 2936)
4(757 3247 4268 3609)
4(4270 2936 4269 3614)
4(781 3614 4269 3259)
4(781 3259 4267 3607)
4(782 3609 4268 3262)
4(782 3262 4269 3614)
4(4271 3248 4016 2937)
4(4271 2937 4261 3249)
4(4272 2937 4016 3260)
4(4272 3262 4268 2937)
4(4272 2937 4271 3264)
4(302 3260 4272 3264)
4(4273 3608 4261 2937)
4(4273 2937 4268 3609)
4(4273 3610 4271 2937)
4(758 3610 4273 3608)
4(4273 2937 4272 3616)
4(782 3616 4272 3262)
4(782 3609 4273 3616)
4(783 3264 4272 3616)
4(783 3616 4273 3610)
4(4275 3254 4017 2938)
4(4275 2938 4265 3255)
4(4276 2938 4275 3268)
4(303 3265 4276 3268)
4(303 3268 4275 3254)
4(4277 3611 4265 2938)
4(4277 3613 4275 2938)
4(760 3255 4275 3613)
4(760 3613 4277 3611)
4(784 3268 4276 3619)
4(784 3613 4275 3268)
4(784 3619 4277 3613)
4(4279 3261 4019 2939)
4(4279 2939 4269 3262)
4(4280 2939 4019 3270)
4(4280 3272 4278 2939)
4(324 3258 4278 3272)
4(4280 2939 4279 3275)
4(325 3275 4279 3261)
4(325 3270 4280 3275)
4(4281 3614 4269 2939)
4(4281 2939 4278 3615)
4(781 3615 4278 3259)
4(4281 3617 4279 2939)
4(782 3262 4279 3617)
4(782 3617 4281 3614)
4(4281 2939 4280 3621)
4(805 3621 4280 3272)
4(805 3272 4278 3615)
4(805 3615 4281 3621)
4(806 3617 4279 3275)
4(806 3275 4280 3621)
4(806 3621 4281 3617)
4(4282 2940 4272 3264)
4(4283 3275 4279 2940)
4(4284 3616 4272 2940)
4(4284 2940 4279 3617)
4(783 3618 4284 3616)
4(806 3623 4283 3275)
4(806 3617 4284 3623)
4(4285 3267 4021 2941)
4(4285 2941 4276 3268)
4(4286 2941 4285 3279)
4(326 3279 4285 3267)
4(4287 3620 4285 2941)
4(784 3268 4285 3620)
4(784 3620 4287 3619)
4(807 3620 4285 3279)
4(807 3625 4287 3620)
4(4292 3274 4023 2942)
4(4292 2942 4280 3275)
4(4293 2942 4023 3288)
4(4293 3290 4290 2942)
4(347 3271 4290 3290)
4(4293 2942 4292 3293)
4(348 3293 4292 3274)
4(348 3288 4293 3293)
4(4294 3621 4280 2942)
4(4294 2942 4290 3622)
4(805 3622 4290 3272)
4(4294 3624 4292 2942)
4(806 3275 4292 3624)
4(806 3624 4294 3621)
4(4294 2942 4293 3633)
4(828 3633 4293 3290)
4(828 3290 4290 3622)
4(828 3622 4294 3633)
4(829 3624 4292 3293)
4(829 3293 4293 3633)
4(829 3633 4294 3624)
4(4295 3293 4292 2943)
4(4296 2943 4292 3624)
4(829 3624 4296 3635)
4(4298 3281 4025 2944)
4(4298 2944 4288 3282)
4(327 3282 4288 3277)
4(4299 2944 4025 3294)
4(4299 3296 4297 2944)
4(4299 2944 4298 3299)
4(350 3299 4298 3281)
4(350 3294 4299 3299)
4(4300 3626 4288 2944)
4(4300 2944 4297 3627)
4(807 3279 4288 3626)
4(4300 3629 4298 2944)
4(808 3282 4298 3629)
4(808 3626 4288 3282)
4(808 3629 4300 3626)
4(4300 2944 4299 3637)
4(830 3637 4299 3296)
4(830 3627 4300 3637)
4(831 3629 4298 3299)
4(831 3299 4299 3637)
4(831 3637 4300 3629)
4(4301 3283 4026 2945)
4(4301 2945 4289 3284)
4(328 3284 4289 3280)
4(4302 2945 4026 3297)
4(4302 3299 4298 2945)
4(4302 2945 4301 3301)
4(351 3297 4302 3301)
4(351 3301 4301 3283)
4(4303 3628 4289 2945)
4(4303 2945 4298 3629)
4(808 3282 4289 3628)
4(4303 3630 4301 2945)
4(809 3628 4289 3284)
4(809 3284 4301 3630)
4(4303 2945 4302 3639)
4(831 3639 4302 3299)
4(832 3301 4302 3639)
4(832 3630 4301 3301)
4(4305 3289 4027 2946)
4(4305 2946 4291 3290)
4(347 3290 4291 3285)
4(4306 2946 4027 3302)
4(4306 3304 4304 2946)
4(369 3286 4304 3304)
4(4306 2946 4305 3307)
4(370 3307 4305 3289)
4(370 3302 4306 3307)
4(4307 3631 4291 2946)
4(4307 2946 4304 3632)
4(827 3287 4291 3631)
4(827 3632 4304 3287)
4(4307 3634 4305 2946)
4(828 3290 4305 3634)
4(828 3631 4291 3290)
4(4307 2946 4306 3642)
4(850 3642 4306 3304)
4(850 3304 4304 3632)
4(851 3634 4305 3307)
4(851 3307 4306 3642)
4(4308 3292 4028 2947)
4(4308 2947 4293 3293)
4(4309 2947 4028 3305)
4(4309 3307 4305 2947)
4(4309 2947 4308 3309)
4(371 3305 4309 3309)
4(4310 3633 4293 2947)
4(4310 2947 4305 3634)
4(4310 3636 4308 2947)
4(829 3636 4310 3633)
4(4310 2947 4309 3644)
4(851 3644 4309 3307)
4(851 3634 4310 3644)
4(852 3309 4309 3644)
4(852 3644 4310 3636)
4(4312 3298 4029 2948)
4(4312 2948 4299 3299)
4(4313 2948 4312 3313)
4(372 3313 4312 3298)
4(4314 3637 4299 2948)
4(4314 3640 4312 2948)
4(831 3299 4312 3640)
4(831 3640 4314 3637)
4(853 3640 4312 3313)
4(853 3647 4314 3640)
4(4315 3300 4030 2949)
4(4315 2949 4302 3301)
4(4316 2949 4030 3311)
4(4316 3313 4312 2949)
4(4316 2949 4315 3316)
4(373 3311 4316 3316)
4(373 3316 4315 3300)
4(4317 3639 4302 2949)
4(4317 2949 4312 3640)
4(4317 3641 4315 2949)
4(832 3301 4315 3641)
4(832 3641 4317 3639)
4(4317 2949 4316 3648)
4(853 3648 4316 3313)
4(853 3640 4317 3648)
4(854 3316 4316 3648)
4(854 3641 4315 3316)
4(854 3648 4317 3641)
4(4320 3306 4031 2950)
4(4320 2950 4306 3307)
4(4321 2950 4031 3321)
4(4321 3323 4319 2950)
4(391 3303 4319 3323)
4(4321 2950 4320 3326)
4(392 3326 4320 3306)
4(392 3321 4321 3326)
4(4322 3642 4306 2950)
4(4322 2950 4319 3643)
4(850 3643 4319 3304)
4(4322 3645 4320 2950)
4(851 3307 4320 3645)
4(851 3645 4322 3642)
4(4322 2950 4321 3653)
4(872 3653 4321 3323)
4(872 3323 4319 3643)
4(872 3643 4322 3653)
4(873 3645 4320 3326)
4(873 3326 4321 3653)
4(873 3653 4322 3645)
4(4323 2951 4309 3309)
4(4324 3326 4320 2951)
4(4325 3644 4309 2951)
4(4325 2951 4320 3645)
4(852 3646 4325 3644)
4(873 3645 4325 3654)
4(4327 3315 4033 2952)
4(4327 2952 4316 3316)
4(4328 2952 4033 3327)
4(4328 3328 4326 2952)
4(4328 2952 4327 3331)
4(394 3331 4327 3315)
4(394 3327 4328 3331)
4(4329 3648 4316 2952)
4(4329 2952 4326 3649)
4(4329 3651 4327 2952)
4(854 3316 4327 3651)
4(854 3651 4329 3648)
4(4329 2952 4328 3655)
4(874 3649 4329 3655)
4(875 3651 4327 3331)
4(875 3331 4328 3655)
4(875 3655 4329 3651)
4(4330 3317 4034 2953)
4(4330 2953 4318 3318)
4(374 3318 4318 3314)
4(4331 2953 4034 3329)
4(4331 3331 4327 2953)
4(4331 2953 4330 3334)
4(395 3329 4331 3334)
4(395 3334 4330 3317)
4(4332 3650 4318 2953)
4(4332 2953 4327 3651)
4(854 3316 4318 3650)
4(4332 3652 4330 2953)
4(855 3650 4318 3318)
4(855 3318 4330 3652)
4(4332 2953 4331 3656)
4(875 3656 4331 3331)
4(876 3334 4331 3656)
4(876 3652 4330 3334)
4(4336 2954 4328 3331)
4(875 3331 4336 3657)
4(875 3657 4337 3655)
4(4338 3333 4038 2955)
4(4338 2955 4331 3334)
4(4339 2955 4038 3346)
4(4339 3347 4336 2955)
4(4339 2955 4338 3350)
4(415 3350 4338 3333)
4(415 3346 4339 3350)
4(4340 3656 4331 2955)
4(4340 2955 4336 3657)
4(4340 3659 4338 2955)
4(876 3334 4338 3659)
4(876 3659 4340 3656)
4(4340 2955 4339 3665)
4(895 3657 4340 3665)
4(896 3659 4338 3350)
4(896 3350 4339 3665)
4(896 3665 4340 3659)
4(4341 3335 4039 2956)
4(4341 2956 4333 3336)
4(396 3336 4333 3332)
4(4342 2956 4039 3348)
4(4342 3350 4338 2956)
4(4342 2956 4341 3353)
4(416 3348 4342 3353)
4(416 3353 4341 3335)
4(4343 3658 4333 2956)
4(4343 2956 4338 3659)
4(876 3334 4333 3658)
4(4343 3660 4341 2956)
4(877 3658 4333 3336)
4(877 3336 4341 3660)
4(4343 2956 4342 3666)
4(896 3666 4342 3350)
4(897 3353 4342 3666)
4(897 3660 4341 3353)
4(4346 3343 4041 2957)
4(4346 2957 4334 3344)
4(412 3344 4334 3339)
4(4347 2957 4041 3360)
4(4347 3362 4344 2957)
4(431 3340 4344 3362)
4(4347 2957 4346 3363)
4(4348 3661 4334 2957)
4(4348 2957 4344 3662)
4(892 3341 4334 3661)
4(892 3662 4344 3341)
4(4348 3664 4346 2957)
4(893 3344 4346 3664)
4(893 3661 4334 3344)
4(893 3664 4348 3661)
4(4348 2957 4347 3671)
4(912 3671 4347 3362)
4(912 3362 4344 3662)
4(912 3662 4348 3671)
4(913 3671 4348 3664)
4(893 3344 4335 3663)
4(4350 2959 4339 3350)
4(896 3350 4350 3667)
4(896 3667 4351 3665)
4(4352 3352 4044 2960)
4(4352 2960 4342 3353)
4(4353 2960 4044 3364)
4(4353 3365 4350 2960)
4(4353 2960 4352 3368)
4(434 3364 4353 3368)
4(434 3368 4352 3352)
4(4354 3666 4342 2960)
4(4354 2960 4350 3667)
4(4354 3668 4352 2960)
4(897 3353 4352 3668)
4(897 3668 4354 3666)
4(4354 2960 4353 3673)
4(914 3667 4354 3673)
4(915 3368 4353 3673)
4(915 3668 4352 3368)
4(915 3673 4354 3668)
4(4359 3361 4047 2961)
4(4359 2961 4345 3362)
4(431 3362 4345 3357)
4(4360 2961 4047 3383)
4(4360 3385 4358 2961)
4(448 3358 4358 3385)
4(4360 2961 4359 3386)
4(4361 3669 4345 2961)
4(4361 2961 4358 3670)
4(911 3359 4345 3669)
4(911 3670 4358 3359)
4(4361 3672 4359 2961)
4(912 3362 4359 3672)
4(912 3669 4345 3362)
4(912 3672 4361 3669)
4(4361 2961 4360 3681)
4(929 3681 4360 3385)
4(929 3385 4358 3670)
4(929 3670 4361 3681)
4(930 3681 4361 3672)
4(4363 2963 4353 3368)
4(915 3368 4363 3675)
4(915 3675 4364 3673)
4(4365 3370 4050 2964)
4(4365 2964 4355 3371)
4(435 3371 4355 3366)
4(4366 2964 4050 3387)
4(4366 3388 4363 2964)
4(4366 2964 4365 3391)
4(451 3391 4365 3370)
4(4367 3674 4355 2964)
4(4367 2964 4363 3675)
4(915 3368 4355 3674)
4(4367 3677 4365 2964)
4(916 3371 4365 3677)
4(916 3674 4355 3371)
4(916 3677 4367 3674)
4(4367 2964 4366 3683)
4(931 3675 4367 3683)
4(932 3677 4365 3391)
4(932 3683 4367 3677)
4(4368 3373 4051 2965)
4(4368 2965 4356 3374)
4(436 3374 4356 3369)
4(4369 2965 4051 3389)
4(4369 3391 4365 2965)
4(4369 2965 4368 3394)
4(452 3394 4368 3373)
4(452 3389 4369 3394)
4(4370 3676 4356 2965)
4(4370 2965 4365 3677)
4(916 3371 4356 3676)
4(4370 3679 4368 2965)
4(917 3374 4368 3679)
4(917 3676 4356 3374)
4(917 3679 4370 3676)
4(4370 2965 4369 3684)
4(932 3684 4369 3391)
4(932 3677 4370 3684)
4(933 3679 4368 3394)
4(933 3394 4369 3684)
4(933 3684 4370 3679)
4(4371 3375 4052 2966)
4(4371 2966 4357 3376)
4(437 3376 4357 3372)
4(4372 2966 4052 3392)
4(4372 3394 4368 2966)
4(4372 2966 4371 3397)
4(453 3392 4372 3397)
4(453 3397 4371 3375)
4(4373 3678 4357 2966)
4(4373 2966 4368 3679)
4(917 3374 4357 3678)
4(4373 3680 4371 2966)
4(918 3678 4357 3376)
4(918 3376 4371 3680)
4(4373 2966 4372 3686)
4(933 3686 4372 3394)
4(934 3397 4372 3686)
4(934 3680 4371 3397)
4(929 3682 4379 3385)
4(4383 3393 4057 2968)
4(4383 2968 4369 3394)
4(4384 2968 4383 3428)
4(465 3428 4383 3393)
4(4385 3684 4369 2968)
4(4385 3687 4383 2968)
4(933 3394 4383 3687)
4(933 3687 4385 3684)
4(946 3687 4383 3428)
4(946 3702 4385 3687)
4(4386 3396 4058 2969)
4(4386 2969 4372 3397)
4(4387 2969 4058 3427)
4(4387 3428 4383 2969)
4(4387 2969 4386 3431)
4(466 3431 4386 3396)
4(4388 3686 4372 2969)
4(4388 2969 4383 3687)
4(4388 3688 4386 2969)
4(934 3397 4386 3688)
4(934 3688 4388 3686)
4(4388 2969 4387 3703)
4(946 3687 4388 3703)
4(947 3688 4386 3431)
4(947 3703 4388 3688)
4(4393 3406 4062 2970)
4(4393 2970 4374 3407)
4(457 3407 4374 3402)
4(4394 2970 4062 3438)
4(4394 3440 4391 2970)
4(469 3403 4391 3440)
4(4394 2970 4393 3443)
4(470 3443 4393 3406)
4(470 3438 4394 3443)
4(4395 3689 4374 2970)
4(4395 2970 4391 3690)
4(937 3690 4391 3404)
4(937 3404 4374 3689)
4(4395 3692 4393 2970)
4(938 3407 4393 3692)
4(938 3689 4374 3407)
4(4395 2970 4394 3710)
4(950 3710 4394 3440)
4(950 3440 4391 3690)
4(951 3692 4393 3443)
4(951 3443 4394 3710)
4(4396 3409 4063 2971)
4(4396 2971 4375 3410)
4(458 3410 4375 3405)
4(4397 2971 4063 3441)
4(4397 3443 4393 2971)
4(4397 2971 4396 3446)
4(471 3441 4397 3446)
4(471 3446 4396 3409)
4(4398 3691 4375 2971)
4(4398 2971 4393 3692)
4(938 3407 4375 3691)
4(4398 3693 4396 2971)
4(939 3410 4396 3693)
4(939 3691 4375 3410)
4(4398 2971 4397 3712)
4(951 3712 4397 3443)
4(952 3446 4397 3712)
4(952 3693 4396 3446)
4(4402 3417 4066 2972)
4(4402 2972 4376 3418)
4(461 3418 4376 3413)
4(4403 2972 4066 3450)
4(4403 3452 4400 2972)
4(473 3414 4400 3452)
4(4403 2972 4402 3455)
4(474 3455 4402 3417)
4(474 3450 4403 3455)
4(4404 3694 4376 2972)
4(4404 2972 4400 3695)
4(941 3695 4400 3415)
4(941 3415 4376 3694)
4(4404 3697 4402 2972)
4(942 3418 4402 3697)
4(942 3694 4376 3418)
4(942 3697 4404 3694)
4(4404 2972 4403 3718)
4(954 3718 4403 3452)
4(954 3452 4400 3695)
4(954 3695 4404 3718)
4(955 3697 4402 3455)
4(955 3455 4403 3718)
4(955 3718 4404 3697)
4(4405 3420 4067 2973)
4(4405 2973 4377 3421)
4(462 3421 4377 3416)
4(4406 2973 4067 3453)
4(4406 3455 4402 2973)
4(4406 2973 4405 3457)
4(475 3457 4405 3420)
4(4407 3696 4377 2973)
4(4407 2973 4402 3697)
4(942 3418 4377 3696)
4(4407 3699 4405 2973)
4(943 3421 4405 3699)
4(943 3696 4377 3421)
4(943 3699 4407 3696)
4(4407 2973 4406 3720)
4(955 3697 4407 3720)
4(956 3699 4405 3457)
4(956 3720 4407 3699)
4(4408 2974 4378 3424)
4(463 3424 4378 3419)
4(4409 3457 4405 2974)
4(4410 3698 4378 2974)
4(4410 2974 4405 3699)
4(943 3421 4378 3698)
4(944 3698 4378 3424)
4(944 3701 4410 3698)
4(956 3699 4410 3722)
4(4412 2975 4389 3434)
4(467 3434 4389 3429)
4(4413 3704 4389 2975)
4(947 3431 4389 3704)
4(948 3434 4412 3707)
4(948 3704 4389 3434)
4(948 3707 4413 3704)
4(4414 3436 4070 2976)
4(4414 2976 4390 3437)
4(468 3437 4390 3432)
4(4415 2976 4414 3460)
4(476 3460 4414 3436)
4(4416 3706 4390 2976)
4(948 3434 4390 3706)
4(4416 3709 4414 2976)
4(949 3437 4414 3709)
4(949 3706 4390 3437)
4(949 3709 4416 3706)
4(957 3709 4414 3460)
4(957 3723 4416 3709)
4(4417 3439 4071 2977)
4(4417 2977 4392 3440)
4(469 3440 4392 3435)
4(4418 2977 4071 3459)
4(4418 3460 4414 2977)
4(4418 2977 4417 3462)
4(477 3462 4417 3439)
4(4419 3708 4392 2977)
4(4419 2977 4414 3709)
4(949 3437 4392 3708)
4(4419 3711 4417 2977)
4(950 3440 4417 3711)
4(950 3708 4392 3440)
4(950 3711 4419 3708)
4(4419 2977 4418 3724)
4(957 3709 4419 3724)
4(958 3711 4417 3462)
4(958 3724 4419 3711)
4(4420 3442 4072 2978)
4(4420 2978 4394 3443)
4(4421 2978 4072 3461)
4(4421 3462 4417 2978)
4(4421 2978 4420 3464)
4(478 3464 4420 3442)
4(4422 3710 4394 2978)
4(4422 2978 4417 3711)
4(4422 3713 4420 2978)
4(951 3443 4420 3713)
4(951 3713 4422 3710)
4(4422 2978 4421 3725)
4(958 3711 4422 3725)
4(959 3713 4420 3464)
4(959 3725 4422 3713)
4(4423 3445 4073 2979)
4(4423 2979 4397 3446)
4(4424 2979 4073 3463)
4(4424 3464 4420 2979)
4(4424 2979 4423 3466)
4(479 3466 4423 3445)
4(4425 3712 4397 2979)
4(4425 2979 4420 3713)
4(4425 3715 4423 2979)
4(952 3446 4423 3715)
4(952 3715 4425 3712)
4(4425 2979 4424 3726)
4(959 3713 4425 3726)
4(960 3715 4423 3466)
4(960 3726 4425 3715)
4(4426 3448 4074 2980)
4(4426 2980 4399 3449)
4(472 3449 4399 3444)
4(4427 2980 4074 3465)
4(4427 3466 4423 2980)
4(4427 2980 4426 3468)
4(480 3468 4426 3448)
4(4428 3714 4399 2980)
4(4428 2980 4423 3715)
4(952 3446 4399 3714)
4(4428 3717 4426 2980)
4(953 3449 4426 3717)
4(953 3714 4399 3449)
4(953 3717 4428 3714)
4(4428 2980 4427 3727)
4(960 3715 4428 3727)
4(961 3717 4426 3468)
4(961 3727 4428 3717)
4(4429 2981 4401 3452)
4(473 3452 4401 3447)
4(4430 3468 4426 2981)
4(4431 3716 4401 2981)
4(4431 2981 4426 3717)
4(953 3449 4401 3716)
4(954 3452 4429 3719)
4(954 3716 4401 3452)
4(954 3719 4431 3716)
4(961 3717 4431 3728)
4(4432 2982 4403 3455)
4(4433 3718 4403 2982)
4(955 3721 4433 3718)
4(4625 3012 3951 4510)
4(4087 3013 4625 4510)
4(3951 3048 4626 4510)
4(4626 3050 4117 4510)
4(4626 4510 4625 4543)
4(20 4543 4625 3012)
4(20 3048 4626 4543)
4(4627 3488 4087 4510)
4(4117 3489 4627 4510)
4(4627 4568 4625 4510)
4(488 3013 4625 4568)
4(488 4568 4627 3488)
4(4627 4510 4626 4573)
4(500 4573 4626 3050)
4(500 3489 4627 4573)
4(501 4568 4625 4543)
4(501 4543 4626 4573)
4(501 4573 4627 4568)
4(4628 3015 3952 4511)
4(4090 3016 4628 4511)
4(3952 3051 4629 4511)
4(4629 4543 4625 4511)
4(4629 4511 4628 4544)
4(21 4544 4628 3015)
4(21 3051 4629 4544)
4(4630 3490 4090 4511)
4(4630 4511 4625 4568)
4(4630 4569 4628 4511)
4(489 3016 4628 4569)
4(489 4569 4630 3490)
4(4630 4511 4629 4574)
4(501 4574 4629 4543)
4(501 4568 4630 4574)
4(502 4569 4628 4544)
4(502 4544 4629 4574)
4(502 4574 4630 4569)
4(4631 3018 3953 4512)
4(4093 3019 4631 4512)
4(3953 3052 4632 4512)
4(4632 4544 4628 4512)
4(4632 4512 4631 4545)
4(22 4545 4631 3018)
4(22 3052 4632 4545)
4(4633 3491 4093 4512)
4(4633 4512 4628 4569)
4(4633 4570 4631 4512)
4(490 3019 4631 4570)
4(4633 4512 4632 4575)
4(502 4575 4632 4544)
4(503 4570 4631 4545)
4(503 4545 4632 4575)
4(4634 3021 3954 4513)
4(4096 3022 4634 4513)
4(3954 3053 4635 4513)
4(4635 4545 4631 4513)
4(4635 4513 4634 4546)
4(23 4546 4634 3021)
4(23 3053 4635 4546)
4(4636 3492 4096 4513)
4(4636 4513 4631 4570)
4(4636 4571 4634 4513)
4(491 3022 4634 4571)
4(4636 4513 4635 4576)
4(503 4576 4635 4545)
4(504 4571 4634 4546)
4(504 4546 4635 4576)
4(3955 4514 4120 3024)
4(4120 4514 4099 3025)
4(3955 3054 4637 4514)
4(4637 4546 4634 4514)
4(4120 3056 4637 4514)
4(24 3054 4637 3056)
4(4638 3493 4099 4514)
4(4638 4514 4634 4571)
4(4638 3495 4120 4514)
4(4638 4514 4637 4577)
4(504 4577 4637 4546)
4(505 3056 4637 4577)
4(4639 3046 3963 4515)
4(4115 3047 4639 4515)
4(3963 3078 4640 4515)
4(4640 3080 4140 4515)
4(4640 4515 4639 4547)
4(34 4547 4639 3046)
4(34 3078 4640 4547)
4(4641 3507 4115 4515)
4(4140 3508 4641 4515)
4(4641 4572 4639 4515)
4(499 3047 4639 4572)
4(499 4572 4641 3507)
4(4641 4515 4640 4579)
4(514 4579 4640 3080)
4(514 3508 4641 4579)
4(515 4572 4639 4547)
4(515 4547 4640 4579)
4(515 4579 4641 4572)
4(3966 4516 4147 3068)
4(4147 4516 4134 3069)
4(3966 3084 4642 4516)
4(4642 3085 4144 4516)
4(4147 3088 4642 4516)
4(45 3084 4642 3088)
4(4643 3515 4134 4516)
4(4144 3516 4643 4516)
4(4643 3518 4147 4516)
4(510 3518 4643 3515)
4(4643 4516 4642 4580)
4(525 4580 4642 3085)
4(525 3516 4643 4580)
4(526 3088 4642 4580)
4(526 4580 4643 3518)
4(4645 4517 4644 4549)
4(49 4549 4644 3073)
4(49 3094 4645 4549)
4(530 4578 4644 4549)
4(530 4549 4645 4581)
4(530 4581 4646 4578)
4(3970 4518 4153 3076)
4(4153 4518 4138 3077)
4(3970 3096 4647 4518)
4(4647 4549 4644 4518)
4(4153 3100 4647 4518)
4(50 3096 4647 3100)
4(4648 3520 4138 4518)
4(4648 4518 4644 4578)
4(4648 3522 4153 4518)
4(513 3522 4648 3520)
4(4648 4518 4647 4583)
4(530 4583 4647 4549)
4(530 4578 4648 4583)
4(531 3100 4647 4583)
4(531 4583 4648 3522)
4(4650 4519 4649 4550)
4(68 4550 4649 3095)
4(68 3111 4650 4550)
4(549 4582 4649 4550)
4(549 4550 4650 4587)
4(549 4587 4651 4582)
4(4652 3097 3976 4520)
4(4652 4520 4645 4549)
4(3976 3114 4653 4520)
4(4653 4550 4649 4520)
4(4653 4520 4652 4551)
4(69 4551 4652 3097)
4(69 3114 4653 4551)
4(4654 4581 4645 4520)
4(4654 4520 4649 4582)
4(4654 4584 4652 4520)
4(530 4549 4652 4584)
4(530 4584 4654 4581)
4(4654 4520 4653 4588)
4(549 4588 4653 4550)
4(549 4582 4654 4588)
4(550 4584 4652 4551)
4(550 4551 4653 4588)
4(550 4588 4654 4584)
4(4655 3099 3977 4521)
4(4655 4521 4647 3100)
4(3977 3116 4656 4521)
4(4656 4551 4652 4521)
4(4656 4521 4655 4552)
4(70 4552 4655 3099)
4(70 3116 4656 4552)
4(4657 4583 4647 4521)
4(4657 4521 4652 4584)
4(4657 4585 4655 4521)
4(531 3100 4655 4585)
4(4657 4521 4656 4590)
4(550 4590 4656 4551)
4(551 4585 4655 4552)
4(551 4552 4656 4590)
4(3978 4522 4163 3107)
4(4163 4522 4159 3108)
4(3978 3118 4659 4522)
4(4659 4553 4658 4522)
4(84 3104 4658 4553)
4(4163 3121 4659 4522)
4(85 3118 4659 3121)
4(4660 3530 4159 4522)
4(4660 4522 4658 4586)
4(545 4586 4658 3105)
4(4660 3532 4163 4522)
4(4660 4522 4659 4592)
4(565 4553 4658 4586)
4(565 4592 4659 4553)
4(566 3121 4659 4592)
4(4661 3115 3981 4523)
4(4661 4523 4650 4550)
4(3981 3129 4662 4523)
4(4662 3131 4169 4523)
4(4662 4523 4661 4554)
4(89 4554 4661 3115)
4(89 3129 4662 4554)
4(4663 4587 4650 4523)
4(4169 3534 4663 4523)
4(4663 4589 4661 4523)
4(549 4550 4661 4589)
4(549 4589 4663 4587)
4(4663 4523 4662 4594)
4(569 4594 4662 3131)
4(569 3534 4663 4594)
4(570 4589 4661 4554)
4(570 4554 4662 4594)
4(570 4594 4663 4589)
4(4664 3117 3982 4524)
4(4664 4524 4653 4551)
4(3982 3132 4665 4524)
4(4665 4554 4661 4524)
4(4665 4524 4664 4555)
4(90 4555 4664 3117)
4(90 3132 4665 4555)
4(4666 4588 4653 4524)
4(4666 4524 4661 4589)
4(4666 4591 4664 4524)
4(550 4551 4664 4591)
4(4666 4524 4665 4595)
4(570 4595 4665 4554)
4(571 4591 4664 4555)
4(571 4555 4665 4595)
4(3983 4525 4171 3123)
4(4171 4525 4165 3124)
4(3983 3134 4668 4525)
4(4668 4556 4667 4525)
4(106 3120 4667 4556)
4(4171 3137 4668 4525)
4(107 3134 4668 3137)
4(4669 3535 4165 4525)
4(4669 4525 4667 4593)
4(566 4593 4667 3121)
4(4669 3537 4171 4525)
4(4669 4525 4668 4597)
4(587 4556 4667 4593)
4(587 4597 4668 4556)
4(588 3137 4668 4597)
4(4670 3133 3986 4526)
4(4670 4526 4662 4554)
4(4180 4526 3986 3145)
4(4177 4526 4180 3147)
4(4670 3149 4180 4526)
4(111 3149 4670 3133)
4(4671 4594 4662 4526)
4(4177 3541 4671 4526)
4(4671 4596 4670 4526)
4(570 4554 4670 4596)
4(570 4596 4671 4594)
4(4180 3548 4671 4526)
4(591 3541 4671 3548)
4(592 4596 4670 3149)
4(592 3548 4671 4596)
4(4205 4527 4208 3184)
4(4205 3562 4672 4527)
4(658 3562 4672 3569)
4(3997 4528 4209 3175)
4(4209 4528 4199 3176)
4(4210 4528 3997 3186)
4(4210 3188 4673 4528)
4(4209 3191 4210 4528)
4(4674 3565 4209 4528)
4(636 3565 4674 3563)
4(4210 3572 4674 4528)
4(659 4598 4674 3572)
4(660 3572 4674 3565)
4(4675 3240 4014 4529)
4(4254 3241 4675 4529)
4(4014 3253 4676 4529)
4(4676 3255 4264 4529)
4(4676 4529 4675 4557)
4(280 4557 4675 3240)
4(280 3253 4676 4557)
4(4677 3604 4254 4529)
4(4264 3605 4677 4529)
4(4677 4599 4675 4529)
4(736 3241 4675 4599)
4(4677 4529 4676 4600)
4(760 4600 4676 3255)
4(761 4599 4675 4557)
4(761 4557 4676 4600)
4(4681 3322 4035 4530)
4(4681 4530 4678 3323)
4(391 3323 4678 3319)
4(4334 4530 4035 3339)
4(4334 3341 4679 4530)
4(411 3320 4679 3341)
4(4681 3344 4334 4530)
4(412 3344 4681 3322)
4(4682 4601 4678 4530)
4(4682 4530 4679 4602)
4(871 4558 4678 4601)
4(871 4602 4679 4558)
4(4682 4603 4681 4530)
4(872 3323 4681 4603)
4(872 4601 4678 3323)
4(4334 3661 4682 4530)
4(892 3341 4679 4602)
4(893 4603 4681 3344)
4(4683 3325 4036 4531)
4(4321 3326 4683 4531)
4(4335 4531 4036 3342)
4(4335 3344 4681 4531)
4(4683 3345 4335 4531)
4(4684 3653 4321 4531)
4(4684 4531 4681 4603)
4(4684 4604 4683 4531)
4(873 4604 4684 3653)
4(4335 3663 4684 4531)
4(893 4603 4684 3663)
4(894 3663 4684 4604)
4(4040 4532 4344 3340)
4(4344 4532 4680 3341)
4(411 3341 4680 3337)
4(4345 4532 4040 3357)
4(4345 3359 4686 4532)
4(430 3338 4686 3359)
4(4344 3362 4345 4532)
4(4688 4605 4680 4532)
4(4688 4532 4686 4606)
4(891 4559 4680 4605)
4(891 4606 4686 4559)
4(4688 3662 4344 4532)
4(892 4605 4680 3341)
4(4345 3669 4688 4532)
4(911 3359 4686 4606)
4(4689 3354 4045 4533)
4(4689 4533 4685 4560)
4(417 4560 4685 3351)
4(4355 4533 4045 3366)
4(4352 4533 4355 3368)
4(4689 3371 4355 4533)
4(435 3371 4689 3354)
4(4690 4607 4685 4533)
4(4352 3668 4690 4533)
4(897 3353 4685 4607)
4(4690 4608 4689 4533)
4(898 4607 4685 4560)
4(898 4560 4689 4608)
4(4355 3674 4690 4533)
4(916 4608 4689 3371)
4(4046 4534 4358 3358)
4(4358 4534 4687 3359)
4(430 3359 4687 3355)
4(4046 3381 4694 4534)
4(4694 4564 4692 4534)
4(447 3356 4692 4564)
4(4358 3385 4694 4534)
4(448 3381 4694 3385)
4(4695 4609 4687 4534)
4(4695 4534 4692 4610)
4(910 4561 4687 4609)
4(910 4610 4692 4561)
4(4695 3670 4358 4534)
4(911 4609 4687 3359)
4(4695 4534 4694 4615)
4(928 4615 4694 4564)
4(928 4564 4692 4610)
4(929 3385 4694 4615)
4(4702 3380 4053 4535)
4(4702 4535 4691 4563)
4(446 4563 4691 3377)
4(4377 4535 4053 3416)
4(4377 3418 4701 4535)
4(461 3378 4701 3418)
4(4702 3421 4377 4535)
4(462 3421 4702 3380)
4(4703 4611 4691 4535)
4(4703 4535 4701 4612)
4(926 4562 4691 4611)
4(926 4612 4701 4562)
4(4703 4614 4702 4535)
4(927 4563 4702 4614)
4(927 4611 4691 4563)
4(4377 3696 4703 4535)
4(942 3418 4701 4612)
4(943 4614 4702 3421)
4(4704 3382 4054 4536)
4(4704 4536 4693 4564)
4(447 4564 4693 3379)
4(4378 4536 4054 3419)
4(4378 3421 4702 4536)
4(4704 3424 4378 4536)
4(463 3424 4704 3382)
4(4705 4613 4693 4536)
4(4705 4536 4702 4614)
4(927 4563 4693 4613)
4(4705 4616 4704 4536)
4(928 4564 4704 4616)
4(928 4613 4693 4564)
4(928 4616 4705 4613)
4(4378 3698 4705 4536)
4(943 4614 4705 3698)
4(944 4616 4704 3424)
4(944 3698 4705 4616)
4(4055 4537 4379 3384)
4(4379 4537 4694 3385)
4(4380 4537 4055 3422)
4(4380 3424 4704 4537)
4(4379 3425 4380 4537)
4(4706 4615 4694 4537)
4(4706 4537 4704 4616)
4(4706 3682 4379 4537)
4(929 3682 4706 4615)
4(4380 3700 4706 4537)
4(944 4616 4706 3700)
4(945 3700 4706 3682)
4(4707 3399 4059 4538)
4(4707 4538 4696 4565)
4(454 4565 4696 3395)
4(4389 4538 4059 3429)
4(4386 4538 4389 3431)
4(4707 3434 4389 4538)
4(467 3434 4707 3399)
4(4708 4617 4696 4538)
4(4386 3688 4708 4538)
4(934 3397 4696 4617)
4(4708 4619 4707 4538)
4(935 4565 4707 4619)
4(935 4617 4696 4565)
4(935 4619 4708 4617)
4(4389 3704 4708 4538)
4(947 3688 4708 3704)
4(948 4619 4707 3434)
4(948 3704 4708 4619)
4(4709 3401 4060 4539)
4(4709 4539 4697 4566)
4(455 4566 4697 3398)
4(4390 4539 4060 3432)
4(4390 3434 4707 4539)
4(4709 3437 4390 4539)
4(468 3437 4709 3401)
4(4710 4618 4697 4539)
4(4710 4539 4707 4619)
4(935 4565 4697 4618)
4(4710 4621 4709 4539)
4(936 4566 4709 4621)
4(936 4618 4697 4566)
4(936 4621 4710 4618)
4(4390 3706 4710 4539)
4(948 4619 4710 3706)
4(949 4621 4709 3437)
4(949 3706 4710 4621)
4(4061 4540 4391 3403)
4(4391 4540 4698 3404)
4(456 3404 4698 3400)
4(4392 4540 4061 3435)
4(4392 3437 4709 4540)
4(4391 3440 4392 4540)
4(4711 4620 4698 4540)
4(4711 4540 4709 4621)
4(936 4566 4698 4620)
4(4711 3690 4391 4540)
4(937 4620 4698 3404)
4(4392 3708 4711 4540)
4(4712 3412 4064 4541)
4(4712 4541 4699 4567)
4(459 4567 4699 3408)
4(4399 4541 4064 3444)
4(4396 4541 4399 3446)
4(4712 3449 4399 4541)
4(472 3449 4712 3412)
4(4713 4622 4699 4541)
4(4396 3693 4713 4541)
4(939 3410 4699 4622)
4(4713 4624 4712 4541)
4(940 4567 4712 4624)
4(940 4622 4699 4567)
4(4399 3714 4713 4541)
4(953 4624 4712 3449)
4(4065 4542 4400 3414)
4(4400 4542 4700 3415)
4(460 3415 4700 3411)
4(4401 4542 4065 3447)
4(4401 3449 4712 4542)
4(4400 3452 4401 4542)
4(4714 4623 4700 4542)
4(4714 4542 4712 4624)
4(940 4567 4700 4623)
4(4714 3695 4400 4542)
4(941 4623 4700 3415)
4(941 3695 4714 4623)
4(4401 3716 4714 4542)
4(953 4624 4714 3716)
4(954 3716 4714 3695)
4(4731 3049 3964 4715)
4(4118 3050 4731 4715)
4(3964 3081 4732 4715)
4(4732 4547 4639 4715)
4(4732 4715 4731 4719)
4(35 4719 4731 3049)
4(35 3081 4732 4719)
4(4733 3509 4118 4715)
4(4639 4572 4733 4715)
4(4733 4723 4731 4715)
4(500 3050 4731 4723)
4(4733 4715 4732 4724)
4(515 4724 4732 4547)
4(516 4723 4731 4719)
4(516 4719 4732 4724)
4(3972 4716 4157 3090)
4(4157 4716 4149 3091)
4(3972 3102 4735 4716)
4(4735 4720 4734 4716)
4(63 3087 4734 4720)
4(4157 3105 4735 4716)
4(64 3102 4735 3105)
4(4736 3525 4149 4716)
4(4736 4716 4734 4725)
4(526 4725 4734 3088)
4(4736 3527 4157 4716)
4(4736 4716 4735 4726)
4(544 4720 4734 4725)
4(544 4726 4735 4720)
4(545 3105 4735 4726)
4(3987 4717 4181 3139)
4(4181 4717 4173 3140)
4(3987 3150 4738 4717)
4(4738 4721 4737 4717)
4(129 3136 4737 4721)
4(4181 3154 4738 4717)
4(130 3150 4738 3154)
4(4739 3542 4173 4717)
4(4739 4717 4737 4727)
4(588 4727 4737 3137)
4(4739 3544 4181 4717)
4(589 3544 4739 3542)
4(4739 4717 4738 4728)
4(610 4728 4738 4721)
4(610 4721 4737 4727)
4(610 4727 4739 4728)
4(611 3154 4738 4728)
4(611 4728 4739 3544)
4(3991 4718 4193 3153)
4(4193 4718 4738 3154)
4(3991 3165 4741 4718)
4(4741 4722 4740 4718)
4(152 3151 4740 4722)
4(4193 3168 4741 4718)
4(153 3165 4741 3168)
4(4742 4728 4738 4718)
4(4742 4718 4740 4729)
4(610 4729 4740 4721)
4(4742 3552 4193 4718)
4(4742 4718 4741 4730)
4(633 4722 4740 4729)
4(633 4730 4741 4722)
4(634 3168 4741 4730)
4(10723 5797 10391 4743)
4(4626 4543 10723 4743)
4(10724 4743 10391 5805)
4(10724 4719 4731 4743)
4(10724 4743 10723 5809)
4(36 5809 10723 5797)
4(36 5805 10724 5809)
4(10725 4573 4626 4743)
4(4731 4723 10725 4743)
4(10725 6735 10723 4743)
4(501 4543 10723 6735)
4(10725 4743 10724 6752)
4(516 6752 10724 4719)
4(517 6735 10723 5809)
4(517 5809 10724 6752)
4(10726 5798 10392 4744)
4(4629 4544 10726 4744)
4(10727 4744 10392 5807)
4(10727 5809 10723 4744)
4(10727 4744 10726 5812)
4(37 5812 10726 5798)
4(37 5807 10727 5812)
4(10728 4574 4629 4744)
4(10728 4744 10723 6735)
4(10728 6737 10726 4744)
4(502 4544 10726 6737)
4(10728 4744 10727 6754)
4(517 6754 10727 5809)
4(518 6737 10726 5812)
4(518 5812 10727 6754)
4(10729 5799 10393 4745)
4(4632 4545 10729 4745)
4(10730 4745 10393 5810)
4(10730 5812 10726 4745)
4(10730 4745 10729 5815)
4(38 5815 10729 5799)
4(38 5810 10730 5815)
4(10731 4575 4632 4745)
4(10731 4745 10726 6737)
4(10731 6738 10729 4745)
4(503 4545 10729 6738)
4(10731 4745 10730 6756)
4(518 6756 10730 5812)
4(519 6738 10729 5815)
4(519 5815 10730 6756)
4(10732 5800 10394 4746)
4(4635 4546 10732 4746)
4(10733 4746 10394 5813)
4(10733 5815 10729 4746)
4(10733 4746 10732 5818)
4(39 5818 10732 5800)
4(39 5813 10733 5818)
4(10734 4576 4635 4746)
4(10734 4746 10729 6738)
4(10734 6739 10732 4746)
4(504 4546 10732 6739)
4(10734 4746 10733 6758)
4(519 6758 10733 5815)
4(520 6739 10732 5818)
4(520 5818 10733 6758)
4(10735 5801 10395 4747)
4(4637 3056 10735 4747)
4(10736 4747 10395 5816)
4(10736 5818 10732 4747)
4(10736 4747 10735 5821)
4(40 5821 10735 5801)
4(40 5816 10736 5821)
4(10737 4577 4637 4747)
4(10737 4747 10732 6739)
4(10737 6740 10735 4747)
4(505 3056 10735 6740)
4(10737 4747 10736 6760)
4(520 6760 10736 5818)
4(521 6740 10735 5821)
4(521 5821 10736 6760)
4(10738 5802 10396 4748)
4(4122 3058 10738 4748)
4(10739 4748 10396 5819)
4(10739 5821 10735 4748)
4(10739 4748 10738 5824)
4(41 5824 10738 5802)
4(41 5819 10739 5824)
4(10740 3510 4122 4748)
4(10740 4748 10735 6740)
4(10740 6741 10738 4748)
4(506 3058 10738 6741)
4(10740 4748 10739 6762)
4(521 6762 10739 5821)
4(522 6741 10738 5824)
4(522 5824 10739 6762)
4(10741 5803 10397 4749)
4(4125 3060 10741 4749)
4(10742 4749 10397 5822)
4(10742 5824 10738 4749)
4(10742 4749 10741 5827)
4(42 5827 10741 5803)
4(42 5822 10742 5827)
4(10743 3511 4125 4749)
4(10743 4749 10738 6741)
4(10743 6742 10741 4749)
4(507 3060 10741 6742)
4(10743 4749 10742 6764)
4(522 6764 10742 5824)
4(523 6742 10741 5827)
4(523 5827 10742 6764)
4(4143 3062 10398 4750)
4(4143 4750 4128 3063)
4(10744 4750 10398 5825)
4(10744 5827 10741 4750)
4(4143 3083 10744 4750)
4(43 5825 10744 3083)
4(10745 3512 4128 4750)
4(10745 4750 10741 6742)
4(10745 3514 4143 4750)
4(10745 4750 10744 6766)
4(523 6766 10744 5827)
4(524 3083 10744 6766)
4(10746 5804 10399 4751)
4(4640 4547 10746 4751)
4(10747 4751 10399 5830)
4(10747 3101 4154 4751)
4(10747 4751 10746 5834)
4(52 5834 10746 5804)
4(52 5830 10747 5834)
4(10748 4579 4640 4751)
4(4154 3523 10748 4751)
4(10748 6751 10746 4751)
4(515 4547 10746 6751)
4(10748 4751 10747 6776)
4(532 6776 10747 3101)
4(533 6751 10746 5834)
4(533 5834 10747 6776)
4(10749 5806 10400 4752)
4(4732 4719 10749 4752)
4(10750 4752 10400 5832)
4(10750 5834 10746 4752)
4(10750 4752 10749 5837)
4(53 5837 10749 5806)
4(53 5832 10750 5837)
4(10751 4724 4732 4752)
4(10751 4752 10746 6751)
4(10751 6753 10749 4752)
4(516 4719 10749 6753)
4(10751 4752 10750 6778)
4(533 6778 10750 5834)
4(534 6753 10749 5837)
4(534 5837 10750 6778)
4(10752 5808 10401 4753)
4(10752 4753 10724 5809)
4(10753 4753 10401 5835)
4(10753 5837 10749 4753)
4(10753 4753 10752 5840)
4(54 5840 10752 5808)
4(54 5835 10753 5840)
4(10754 6752 10724 4753)
4(10754 4753 10749 6753)
4(10754 6755 10752 4753)
4(517 5809 10752 6755)
4(10754 4753 10753 6780)
4(534 6780 10753 5837)
4(535 6755 10752 5840)
4(535 5840 10753 6780)
4(10755 5811 10402 4754)
4(10755 4754 10727 5812)
4(10756 4754 10402 5838)
4(10756 5840 10752 4754)
4(10756 4754 10755 5843)
4(55 5843 10755 5811)
4(55 5838 10756 5843)
4(10757 6754 10727 4754)
4(10757 4754 10752 6755)
4(10757 6757 10755 4754)
4(518 5812 10755 6757)
4(10757 4754 10756 6782)
4(535 6782 10756 5840)
4(536 6757 10755 5843)
4(536 5843 10756 6782)
4(10758 5814 10403 4755)
4(10758 4755 10730 5815)
4(10759 4755 10403 5841)
4(10759 5843 10755 4755)
4(10759 4755 10758 5846)
4(56 5846 10758 5814)
4(56 5841 10759 5846)
4(10760 6756 10730 4755)
4(10760 4755 10755 6757)
4(10760 6759 10758 4755)
4(519 5815 10758 6759)
4(10760 4755 10759 6784)
4(536 6784 10759 5843)
4(537 6759 10758 5846)
4(537 5846 10759 6784)
4(10761 5817 10404 4756)
4(10761 4756 10733 5818)
4(10762 4756 10404 5844)
4(10762 5846 10758 4756)
4(10762 4756 10761 5849)
4(57 5849 10761 5817)
4(57 5844 10762 5849)
4(10763 6758 10733 4756)
4(10763 4756 10758 6759)
4(10763 6761 10761 4756)
4(520 5818 10761 6761)
4(10763 4756 10762 6786)
4(537 6786 10762 5846)
4(538 6761 10761 5849)
4(538 5849 10762 6786)
4(10764 5820 10405 4757)
4(10764 4757 10736 5821)
4(10765 4757 10405 5847)
4(10765 5849 10761 4757)
4(10765 4757 10764 5852)
4(58 5852 10764 5820)
4(58 5847 10765 5852)
4(10766 6760 10736 4757)
4(10766 4757 10761 6761)
4(10766 6763 10764 4757)
4(521 5821 10764 6763)
4(10766 4757 10765 6788)
4(538 6788 10765 5849)
4(539 6763 10764 5852)
4(539 5852 10765 6788)
4(10767 5823 10406 4758)
4(10767 4758 10739 5824)
4(10768 4758 10406 5850)
4(10768 5852 10764 4758)
4(10768 4758 10767 5855)
4(59 5855 10767 5823)
4(59 5850 10768 5855)
4(10769 6762 10739 4758)
4(10769 4758 10764 6763)
4(10769 6765 10767 4758)
4(522 5824 10767 6765)
4(10769 4758 10768 6790)
4(539 6790 10768 5852)
4(540 6765 10767 5855)
4(540 5855 10768 6790)
4(10770 5826 10407 4759)
4(10770 4759 10742 5827)
4(10771 4759 10407 5853)
4(10771 5855 10767 4759)
4(10771 4759 10770 5858)
4(60 5858 10770 5826)
4(60 5853 10771 5858)
4(10772 6764 10742 4759)
4(10772 4759 10767 6765)
4(10772 6767 10770 4759)
4(523 5827 10770 6767)
4(10772 4759 10771 6792)
4(540 6792 10771 5855)
4(541 6767 10770 5858)
4(541 5858 10771 6792)
4(10773 5828 10408 4760)
4(10773 4760 10744 3083)
4(10774 4760 10408 5856)
4(10774 5858 10770 4760)
4(10774 4760 10773 5861)
4(61 5861 10773 5828)
4(61 5856 10774 5861)
4(10775 6766 10744 4760)
4(10775 4760 10770 6767)
4(10775 6768 10773 4760)
4(524 3083 10773 6768)
4(10775 4760 10774 6794)
4(541 6794 10774 5858)
4(542 6768 10773 5861)
4(542 5861 10774 6794)
4(10776 5829 10409 4761)
4(4145 3085 10776 4761)
4(10777 4761 10409 5859)
4(10777 5861 10773 4761)
4(10777 4761 10776 5864)
4(62 5864 10776 5829)
4(62 5859 10777 5864)
4(10778 3524 4145 4761)
4(10778 4761 10773 6768)
4(10778 6769 10776 4761)
4(525 3085 10776 6769)
4(10778 4761 10777 6796)
4(542 6796 10777 5861)
4(543 6769 10776 5864)
4(543 5864 10777 6796)
4(4734 3087 10410 4762)
4(4734 4762 4642 3088)
4(10779 4762 10410 5862)
4(10779 5864 10776 4762)
4(4734 4720 10779 4762)
4(63 5862 10779 4720)
4(10780 4580 4642 4762)
4(10780 4762 10776 6769)
4(10780 4725 4734 4762)
4(10780 4762 10779 6798)
4(543 6798 10779 5864)
4(544 4720 10779 6798)
4(10781 5831 10411 4763)
4(4155 3101 10781 4763)
4(10782 4763 10411 5866)
4(10782 4552 4655 4763)
4(10782 4763 10781 5870)
4(71 5870 10781 5831)
4(71 5866 10782 5870)
4(10783 3529 4155 4763)
4(4655 4585 10783 4763)
4(10783 6777 10781 4763)
4(532 3101 10781 6777)
4(10783 4763 10782 6807)
4(551 6807 10782 4552)
4(552 6777 10781 5870)
4(552 5870 10782 6807)
4(10784 5833 10412 4764)
4(10784 4764 10747 5834)
4(10785 4764 10412 5868)
4(10785 5870 10781 4764)
4(10785 4764 10784 5873)
4(72 5873 10784 5833)
4(72 5868 10785 5873)
4(10786 6776 10747 4764)
4(10786 4764 10781 6777)
4(10786 6779 10784 4764)
4(533 5834 10784 6779)
4(10786 4764 10785 6809)
4(552 6809 10785 5870)
4(553 6779 10784 5873)
4(553 5873 10785 6809)
4(10787 5836 10413 4765)
4(10787 4765 10750 5837)
4(10788 4765 10413 5871)
4(10788 5873 10784 4765)
4(10788 4765 10787 5876)
4(73 5876 10787 5836)
4(73 5871 10788 5876)
4(10789 6778 10750 4765)
4(10789 4765 10784 6779)
4(10789 6781 10787 4765)
4(534 5837 10787 6781)
4(10789 4765 10788 6811)
4(553 6811 10788 5873)
4(554 6781 10787 5876)
4(554 5876 10788 6811)
4(10790 5839 10414 4766)
4(10790 4766 10753 5840)
4(10791 4766 10414 5874)
4(10791 5876 10787 4766)
4(10791 4766 10790 5879)
4(74 5879 10790 5839)
4(74 5874 10791 5879)
4(10792 6780 10753 4766)
4(10792 4766 10787 6781)
4(10792 6783 10790 4766)
4(535 5840 10790 6783)
4(10792 4766 10791 6813)
4(554 6813 10791 5876)
4(555 6783 10790 5879)
4(555 5879 10791 6813)
4(10793 5842 10415 4767)
4(10793 4767 10756 5843)
4(10794 4767 10415 5877)
4(10794 5879 10790 4767)
4(10794 4767 10793 5882)
4(75 5882 10793 5842)
4(75 5877 10794 5882)
4(10795 6782 10756 4767)
4(10795 4767 10790 6783)
4(10795 6785 10793 4767)
4(536 5843 10793 6785)
4(10795 4767 10794 6815)
4(555 6815 10794 5879)
4(556 6785 10793 5882)
4(556 5882 10794 6815)
4(10796 5845 10416 4768)
4(10796 4768 10759 5846)
4(10797 4768 10416 5880)
4(10797 5882 10793 4768)
4(10797 4768 10796 5885)
4(76 5885 10796 5845)
4(76 5880 10797 5885)
4(10798 6784 10759 4768)
4(10798 4768 10793 6785)
4(10798 6787 10796 4768)
4(537 5846 10796 6787)
4(10798 4768 10797 6817)
4(556 6817 10797 5882)
4(557 6787 10796 5885)
4(557 5885 10797 6817)
4(10799 5848 10417 4769)
4(10799 4769 10762 5849)
4(10800 4769 10417 5883)
4(10800 5885 10796 4769)
4(10800 4769 10799 5888)
4(77 5888 10799 5848)
4(77 5883 10800 5888)
4(10801 6786 10762 4769)
4(10801 4769 10796 6787)
4(10801 6789 10799 4769)
4(538 5849 10799 6789)
4(10801 4769 10800 6819)
4(557 6819 10800 5885)
4(558 6789 10799 5888)
4(558 5888 10800 6819)
4(10802 5851 10418 4770)
4(10802 4770 10765 5852)
4(10803 4770 10418 5886)
4(10803 5888 10799 4770)
4(10803 4770 10802 5891)
4(78 5891 10802 5851)
4(78 5886 10803 5891)
4(10804 6788 10765 4770)
4(10804 4770 10799 6789)
4(10804 6791 10802 4770)
4(539 5852 10802 6791)
4(10804 4770 10803 6821)
4(558 6821 10803 5888)
4(559 6791 10802 5891)
4(559 5891 10803 6821)
4(10805 5854 10419 4771)
4(10805 4771 10768 5855)
4(10806 4771 10419 5889)
4(10806 5891 10802 4771)
4(10806 4771 10805 5894)
4(79 5894 10805 5854)
4(79 5889 10806 5894)
4(10807 6790 10768 4771)
4(10807 4771 10802 6791)
4(10807 6793 10805 4771)
4(540 5855 10805 6793)
4(10807 4771 10806 6823)
4(559 6823 10806 5891)
4(560 6793 10805 5894)
4(560 5894 10806 6823)
4(10808 5857 10420 4772)
4(10808 4772 10771 5858)
4(10809 4772 10420 5892)
4(10809 5894 10805 4772)
4(10809 4772 10808 5897)
4(80 5897 10808 5857)
4(80 5892 10809 5897)
4(10810 6792 10771 4772)
4(10810 4772 10805 6793)
4(10810 6795 10808 4772)
4(541 5858 10808 6795)
4(10810 4772 10809 6825)
4(560 6825 10809 5894)
4(561 6795 10808 5897)
4(561 5897 10809 6825)
4(10811 5860 10421 4773)
4(10811 4773 10774 5861)
4(10812 4773 10421 5895)
4(10812 5897 10808 4773)
4(10812 4773 10811 5900)
4(81 5900 10811 5860)
4(81 5895 10812 5900)
4(10813 6794 10774 4773)
4(10813 4773 10808 6795)
4(10813 6797 10811 4773)
4(542 5861 10811 6797)
4(10813 4773 10812 6827)
4(561 6827 10812 5897)
4(562 6797 10811 5900)
4(562 5900 10812 6827)
4(10814 5863 10422 4774)
4(10814 4774 10777 5864)
4(10815 4774 10422 5898)
4(10815 5900 10811 4774)
4(10815 4774 10814 5903)
4(82 5903 10814 5863)
4(82 5898 10815 5903)
4(10816 6796 10777 4774)
4(10816 4774 10811 6797)
4(10816 6799 10814 4774)
4(543 5864 10814 6799)
4(10816 4774 10815 6829)
4(562 6829 10815 5900)
4(563 6799 10814 5903)
4(563 5903 10815 6829)
4(10817 5865 10423 4775)
4(10817 4775 10779 4720)
4(10818 4775 10423 5901)
4(10818 5903 10814 4775)
4(10818 4775 10817 5906)
4(83 5906 10817 5865)
4(83 5901 10818 5906)
4(10819 6798 10779 4775)
4(10819 4775 10814 6799)
4(10819 6800 10817 4775)
4(544 4720 10817 6800)
4(10819 4775 10818 6831)
4(563 6831 10818 5903)
4(564 6800 10817 5906)
4(564 5906 10818 6831)
4(4658 3104 10424 4776)
4(4735 3105 4658 4776)
4(10820 4776 10424 5904)
4(10820 5906 10817 4776)
4(4658 4553 10820 4776)
4(84 5904 10820 4553)
4(10821 4726 4735 4776)
4(10821 4776 10817 6800)
4(10821 4586 4658 4776)
4(10821 4776 10820 6833)
4(564 6833 10820 5906)
4(565 4553 10820 6833)
4(10822 5867 10425 4777)
4(4656 4552 10822 4777)
4(10823 4777 10425 5908)
4(10823 4555 4664 4777)
4(10823 4777 10822 5912)
4(91 5912 10822 5867)
4(91 5908 10823 5912)
4(10824 4590 4656 4777)
4(4664 4591 10824 4777)
4(10824 6808 10822 4777)
4(551 4552 10822 6808)
4(10824 4777 10823 6841)
4(571 6841 10823 4555)
4(572 6808 10822 5912)
4(572 5912 10823 6841)
4(10825 5869 10426 4778)
4(10825 4778 10782 5870)
4(10826 4778 10426 5910)
4(10826 5912 10822 4778)
4(10826 4778 10825 5915)
4(92 5915 10825 5869)
4(92 5910 10826 5915)
4(10827 6807 10782 4778)
4(10827 4778 10822 6808)
4(10827 6810 10825 4778)
4(552 5870 10825 6810)
4(10827 4778 10826 6843)
4(572 6843 10826 5912)
4(573 6810 10825 5915)
4(573 5915 10826 6843)
4(10828 5872 10427 4779)
4(10828 4779 10785 5873)
4(10829 4779 10427 5913)
4(10829 5915 10825 4779)
4(10829 4779 10828 5918)
4(93 5918 10828 5872)
4(93 5913 10829 5918)
4(10830 6809 10785 4779)
4(10830 4779 10825 6810)
4(10830 6812 10828 4779)
4(553 5873 10828 6812)
4(10830 4779 10829 6845)
4(573 6845 10829 5915)
4(574 6812 10828 5918)
4(574 5918 10829 6845)
4(10831 5875 10428 4780)
4(10831 4780 10788 5876)
4(10832 4780 10428 5916)
4(10832 5918 10828 4780)
4(10832 4780 10831 5921)
4(94 5921 10831 5875)
4(94 5916 10832 5921)
4(10833 6811 10788 4780)
4(10833 4780 10828 6812)
4(10833 6814 10831 4780)
4(554 5876 10831 6814)
4(10833 4780 10832 6847)
4(574 6847 10832 5918)
4(575 6814 10831 5921)
4(575 5921 10832 6847)
4(10834 5878 10429 4781)
4(10834 4781 10791 5879)
4(10835 4781 10429 5919)
4(10835 5921 10831 4781)
4(10835 4781 10834 5924)
4(95 5924 10834 5878)
4(95 5919 10835 5924)
4(10836 6813 10791 4781)
4(10836 4781 10831 6814)
4(10836 6816 10834 4781)
4(555 5879 10834 6816)
4(10836 4781 10835 6849)
4(575 6849 10835 5921)
4(576 6816 10834 5924)
4(576 5924 10835 6849)
4(10837 5881 10430 4782)
4(10837 4782 10794 5882)
4(10838 4782 10430 5922)
4(10838 5924 10834 4782)
4(10838 4782 10837 5927)
4(96 5927 10837 5881)
4(96 5922 10838 5927)
4(10839 6815 10794 4782)
4(10839 4782 10834 6816)
4(10839 6818 10837 4782)
4(556 5882 10837 6818)
4(10839 4782 10838 6851)
4(576 6851 10838 5924)
4(577 6818 10837 5927)
4(577 5927 10838 6851)
4(10840 5884 10431 4783)
4(10840 4783 10797 5885)
4(10841 4783 10431 5925)
4(10841 5927 10837 4783)
4(10841 4783 10840 5930)
4(97 5930 10840 5884)
4(97 5925 10841 5930)
4(10842 6817 10797 4783)
4(10842 4783 10837 6818)
4(10842 6820 10840 4783)
4(557 5885 10840 6820)
4(10842 4783 10841 6853)
4(577 6853 10841 5927)
4(578 6820 10840 5930)
4(578 5930 10841 6853)
4(10843 5887 10432 4784)
4(10843 4784 10800 5888)
4(10844 4784 10432 5928)
4(10844 5930 10840 4784)
4(10844 4784 10843 5933)
4(98 5933 10843 5887)
4(98 5928 10844 5933)
4(10845 6819 10800 4784)
4(10845 4784 10840 6820)
4(10845 6822 10843 4784)
4(558 5888 10843 6822)
4(10845 4784 10844 6855)
4(578 6855 10844 5930)
4(579 6822 10843 5933)
4(579 5933 10844 6855)
4(10846 5890 10433 4785)
4(10846 4785 10803 5891)
4(10847 4785 10433 5931)
4(10847 5933 10843 4785)
4(10847 4785 10846 5936)
4(99 5936 10846 5890)
4(99 5931 10847 5936)
4(10848 6821 10803 4785)
4(10848 4785 10843 6822)
4(10848 6824 10846 4785)
4(559 5891 10846 6824)
4(10848 4785 10847 6857)
4(579 6857 10847 5933)
4(580 6824 10846 5936)
4(580 5936 10847 6857)
4(10849 5893 10434 4786)
4(10849 4786 10806 5894)
4(10850 4786 10434 5934)
4(10850 5936 10846 4786)
4(10850 4786 10849 5939)
4(100 5939 10849 5893)
4(100 5934 10850 5939)
4(10851 6823 10806 4786)
4(10851 4786 10846 6824)
4(10851 6826 10849 4786)
4(560 5894 10849 6826)
4(10851 4786 10850 6859)
4(580 6859 10850 5936)
4(581 6826 10849 5939)
4(581 5939 10850 6859)
4(10852 5896 10435 4787)
4(10852 4787 10809 5897)
4(10853 4787 10435 5937)
4(10853 5939 10849 4787)
4(10853 4787 10852 5942)
4(101 5942 10852 5896)
4(101 5937 10853 5942)
4(10854 6825 10809 4787)
4(10854 4787 10849 6826)
4(10854 6828 10852 4787)
4(561 5897 10852 6828)
4(10854 4787 10853 6861)
4(581 6861 10853 5939)
4(582 6828 10852 5942)
4(582 5942 10853 6861)
4(10855 5899 10436 4788)
4(10855 4788 10812 5900)
4(10856 4788 10436 5940)
4(10856 5942 10852 4788)
4(10856 4788 10855 5945)
4(102 5945 10855 5899)
4(102 5940 10856 5945)
4(10857 6827 10812 4788)
4(10857 4788 10852 6828)
4(10857 6830 10855 4788)
4(562 5900 10855 6830)
4(10857 4788 10856 6863)
4(582 6863 10856 5942)
4(583 6830 10855 5945)
4(583 5945 10856 6863)
4(10858 5902 10437 4789)
4(10858 4789 10815 5903)
4(10859 4789 10437 5943)
4(10859 5945 10855 4789)
4(10859 4789 10858 5948)
4(103 5948 10858 5902)
4(103 5943 10859 5948)
4(10860 6829 10815 4789)
4(10860 4789 10855 6830)
4(10860 6832 10858 4789)
4(563 5903 10858 6832)
4(10860 4789 10859 6865)
4(583 6865 10859 5945)
4(584 6832 10858 5948)
4(584 5948 10859 6865)
4(10861 5905 10438 4790)
4(10861 4790 10818 5906)
4(10862 4790 10438 5946)
4(10862 5948 10858 4790)
4(10862 4790 10861 5951)
4(104 5951 10861 5905)
4(104 5946 10862 5951)
4(10863 6831 10818 4790)
4(10863 4790 10858 6832)
4(10863 6834 10861 4790)
4(564 5906 10861 6834)
4(10863 4790 10862 6867)
4(584 6867 10862 5948)
4(585 6834 10861 5951)
4(585 5951 10862 6867)
4(10864 5907 10439 4791)
4(10864 4791 10820 4553)
4(10865 4791 10439 5949)
4(10865 5951 10861 4791)
4(10865 4791 10864 5954)
4(105 5954 10864 5907)
4(105 5949 10865 5954)
4(10866 6833 10820 4791)
4(10866 4791 10861 6834)
4(10866 6835 10864 4791)
4(565 4553 10864 6835)
4(10866 4791 10865 6869)
4(585 6869 10865 5951)
4(586 6835 10864 5954)
4(586 5954 10865 6869)
4(4667 3120 10440 4792)
4(4667 4792 4659 3121)
4(10867 4792 10440 5952)
4(10867 5954 10864 4792)
4(4667 4556 10867 4792)
4(106 5952 10867 4556)
4(10868 4592 4659 4792)
4(10868 4792 10864 6835)
4(10868 4593 4667 4792)
4(10868 4792 10867 6871)
4(586 6871 10867 5954)
4(587 4556 10867 6871)
4(10869 5909 10441 4793)
4(4665 4555 10869 4793)
4(10870 4793 10441 5956)
4(10870 3149 4670 4793)
4(10870 4793 10869 5959)
4(112 5959 10869 5909)
4(112 5956 10870 5959)
4(10871 4595 4665 4793)
4(4670 4596 10871 4793)
4(10871 6842 10869 4793)
4(571 4555 10869 6842)
4(10871 4793 10870 6878)
4(592 6878 10870 3149)
4(593 6842 10869 5959)
4(593 5959 10870 6878)
4(10872 5911 10442 4794)
4(10872 4794 10823 5912)
4(10873 4794 10442 5957)
4(10873 5959 10869 4794)
4(10873 4794 10872 5962)
4(113 5962 10872 5911)
4(113 5957 10873 5962)
4(10874 6841 10823 4794)
4(10874 4794 10869 6842)
4(10874 6844 10872 4794)
4(572 5912 10872 6844)
4(10874 4794 10873 6879)
4(593 6879 10873 5959)
4(594 6844 10872 5962)
4(594 5962 10873 6879)
4(10875 5914 10443 4795)
4(10875 4795 10826 5915)
4(10876 4795 10443 5960)
4(10876 5962 10872 4795)
4(10876 4795 10875 5965)
4(114 5965 10875 5914)
4(114 5960 10876 5965)
4(10877 6843 10826 4795)
4(10877 4795 10872 6844)
4(10877 6846 10875 4795)
4(573 5915 10875 6846)
4(10877 4795 10876 6881)
4(594 6881 10876 5962)
4(595 6846 10875 5965)
4(595 5965 10876 6881)
4(10878 5917 10444 4796)
4(10878 4796 10829 5918)
4(10879 4796 10444 5963)
4(10879 5965 10875 4796)
4(10879 4796 10878 5968)
4(115 5968 10878 5917)
4(115 5963 10879 5968)
4(10880 6845 10829 4796)
4(10880 4796 10875 6846)
4(10880 6848 10878 4796)
4(574 5918 10878 6848)
4(10880 4796 10879 6883)
4(595 6883 10879 5965)
4(596 6848 10878 5968)
4(596 5968 10879 6883)
4(10881 5920 10445 4797)
4(10881 4797 10832 5921)
4(10882 4797 10445 5966)
4(10882 5968 10878 4797)
4(10882 4797 10881 5971)
4(116 5971 10881 5920)
4(116 5966 10882 5971)
4(10883 6847 10832 4797)
4(10883 4797 10878 6848)
4(10883 6850 10881 4797)
4(575 5921 10881 6850)
4(10883 4797 10882 6885)
4(596 6885 10882 5968)
4(597 6850 10881 5971)
4(597 5971 10882 6885)
4(10884 5923 10446 4798)
4(10884 4798 10835 5924)
4(10885 4798 10446 5969)
4(10885 5971 10881 4798)
4(10885 4798 10884 5974)
4(117 5974 10884 5923)
4(117 5969 10885 5974)
4(10886 6849 10835 4798)
4(10886 4798 10881 6850)
4(10886 6852 10884 4798)
4(576 5924 10884 6852)
4(10886 4798 10885 6887)
4(597 6887 10885 5971)
4(598 6852 10884 5974)
4(598 5974 10885 6887)
4(10887 5926 10447 4799)
4(10887 4799 10838 5927)
4(10888 4799 10447 5972)
4(10888 5974 10884 4799)
4(10888 4799 10887 5977)
4(118 5977 10887 5926)
4(118 5972 10888 5977)
4(10889 6851 10838 4799)
4(10889 4799 10884 6852)
4(10889 6854 10887 4799)
4(577 5927 10887 6854)
4(10889 4799 10888 6889)
4(598 6889 10888 5974)
4(599 6854 10887 5977)
4(599 5977 10888 6889)
4(10890 5929 10448 4800)
4(10890 4800 10841 5930)
4(10891 4800 10448 5975)
4(10891 5977 10887 4800)
4(10891 4800 10890 5980)
4(119 5980 10890 5929)
4(119 5975 10891 5980)
4(10892 6853 10841 4800)
4(10892 4800 10887 6854)
4(10892 6856 10890 4800)
4(578 5930 10890 6856)
4(10892 4800 10891 6891)
4(599 6891 10891 5977)
4(600 6856 10890 5980)
4(600 5980 10891 6891)
4(10893 5932 10449 4801)
4(10893 4801 10844 5933)
4(10894 4801 10449 5978)
4(10894 5980 10890 4801)
4(10894 4801 10893 5983)
4(120 5983 10893 5932)
4(120 5978 10894 5983)
4(10895 6855 10844 4801)
4(10895 4801 10890 6856)
4(10895 6858 10893 4801)
4(579 5933 10893 6858)
4(10895 4801 10894 6893)
4(600 6893 10894 5980)
4(601 6858 10893 5983)
4(601 5983 10894 6893)
4(10896 5935 10450 4802)
4(10896 4802 10847 5936)
4(10897 4802 10450 5981)
4(10897 5983 10893 4802)
4(10897 4802 10896 5986)
4(121 5986 10896 5935)
4(121 5981 10897 5986)
4(10898 6857 10847 4802)
4(10898 4802 10893 6858)
4(10898 6860 10896 4802)
4(580 5936 10896 6860)
4(10898 4802 10897 6895)
4(601 6895 10897 5983)
4(602 6860 10896 5986)
4(602 5986 10897 6895)
4(10899 5938 10451 4803)
4(10899 4803 10850 5939)
4(10900 4803 10451 5984)
4(10900 5986 10896 4803)
4(10900 4803 10899 5989)
4(122 5989 10899 5938)
4(122 5984 10900 5989)
4(10901 6859 10850 4803)
4(10901 4803 10896 6860)
4(10901 6862 10899 4803)
4(581 5939 10899 6862)
4(10901 4803 10900 6897)
4(602 6897 10900 5986)
4(603 6862 10899 5989)
4(603 5989 10900 6897)
4(10902 5941 10452 4804)
4(10902 4804 10853 5942)
4(10903 4804 10452 5987)
4(10903 5989 10899 4804)
4(10903 4804 10902 5992)
4(123 5992 10902 5941)
4(123 5987 10903 5992)
4(10904 6861 10853 4804)
4(10904 4804 10899 6862)
4(10904 6864 10902 4804)
4(582 5942 10902 6864)
4(10904 4804 10903 6899)
4(603 6899 10903 5989)
4(604 6864 10902 5992)
4(604 5992 10903 6899)
4(10905 5944 10453 4805)
4(10905 4805 10856 5945)
4(10906 4805 10453 5990)
4(10906 5992 10902 4805)
4(10906 4805 10905 5995)
4(124 5995 10905 5944)
4(124 5990 10906 5995)
4(10907 6863 10856 4805)
4(10907 4805 10902 6864)
4(10907 6866 10905 4805)
4(583 5945 10905 6866)
4(10907 4805 10906 6901)
4(604 6901 10906 5992)
4(605 6866 10905 5995)
4(605 5995 10906 6901)
4(10908 5947 10454 4806)
4(10908 4806 10859 5948)
4(10909 4806 10454 5993)
4(10909 5995 10905 4806)
4(10909 4806 10908 5998)
4(125 5998 10908 5947)
4(125 5993 10909 5998)
4(10910 6865 10859 4806)
4(10910 4806 10905 6866)
4(10910 6868 10908 4806)
4(584 5948 10908 6868)
4(10910 4806 10909 6903)
4(605 6903 10909 5995)
4(606 6868 10908 5998)
4(606 5998 10909 6903)
4(10911 5950 10455 4807)
4(10911 4807 10862 5951)
4(10912 4807 10455 5996)
4(10912 5998 10908 4807)
4(10912 4807 10911 6001)
4(126 6001 10911 5950)
4(126 5996 10912 6001)
4(10913 6867 10862 4807)
4(10913 4807 10908 6868)
4(10913 6870 10911 4807)
4(585 5951 10911 6870)
4(10913 4807 10912 6905)
4(606 6905 10912 5998)
4(607 6870 10911 6001)
4(607 6001 10912 6905)
4(10914 5953 10456 4808)
4(10914 4808 10865 5954)
4(10915 4808 10456 5999)
4(10915 6001 10911 4808)
4(10915 4808 10914 6004)
4(127 6004 10914 5953)
4(127 5999 10915 6004)
4(10916 6869 10865 4808)
4(10916 4808 10911 6870)
4(10916 6872 10914 4808)
4(586 5954 10914 6872)
4(10916 4808 10915 6907)
4(607 6907 10915 6001)
4(608 6872 10914 6004)
4(608 6004 10915 6907)
4(10917 5955 10457 4809)
4(10917 4809 10867 4556)
4(10918 4809 10457 6002)
4(10918 6004 10914 4809)
4(10918 4809 10917 6007)
4(128 6007 10917 5955)
4(128 6002 10918 6007)
4(10919 6871 10867 4809)
4(10919 4809 10914 6872)
4(10919 6873 10917 4809)
4(587 4556 10917 6873)
4(10919 4809 10918 6909)
4(608 6909 10918 6004)
4(609 6873 10917 6007)
4(609 6007 10918 6909)
4(4737 3136 10458 4810)
4(4737 4810 4668 3137)
4(10920 4810 10458 6005)
4(10920 6007 10917 4810)
4(4737 4721 10920 4810)
4(129 6005 10920 4721)
4(10921 4597 4668 4810)
4(10921 4810 10917 6873)
4(10921 4727 4737 4810)
4(10921 4810 10920 6911)
4(609 6911 10920 6007)
4(610 4721 10920 6911)
4(10922 5958 10459 4811)
4(10922 4811 10870 5959)
4(10923 4811 10459 6008)
4(10923 3164 4190 4811)
4(10923 4811 10922 6012)
4(135 6012 10922 5958)
4(135 6008 10923 6012)
4(10924 6878 10870 4811)
4(4190 3550 10924 4811)
4(10924 6880 10922 4811)
4(593 5959 10922 6880)
4(10924 4811 10923 6917)
4(615 6917 10923 3164)
4(616 6880 10922 6012)
4(616 6012 10923 6917)
4(10925 5961 10460 4812)
4(10925 4812 10873 5962)
4(10926 4812 10460 6010)
4(10926 6012 10922 4812)
4(10926 4812 10925 6015)
4(136 6015 10925 5961)
4(136 6010 10926 6015)
4(10927 6879 10873 4812)
4(10927 4812 10922 6880)
4(10927 6882 10925 4812)
4(594 5962 10925 6882)
4(10927 4812 10926 6919)
4(616 6919 10926 6012)
4(617 6882 10925 6015)
4(617 6015 10926 6919)
4(10928 5964 10461 4813)
4(10928 4813 10876 5965)
4(10929 4813 10461 6013)
4(10929 6015 10925 4813)
4(10929 4813 10928 6018)
4(137 6018 10928 5964)
4(137 6013 10929 6018)
4(10930 6881 10876 4813)
4(10930 4813 10925 6882)
4(10930 6884 10928 4813)
4(595 5965 10928 6884)
4(10930 4813 10929 6921)
4(617 6921 10929 6015)
4(618 6884 10928 6018)
4(618 6018 10929 6921)
4(10931 5967 10462 4814)
4(10931 4814 10879 5968)
4(10932 4814 10462 6016)
4(10932 6018 10928 4814)
4(10932 4814 10931 6021)
4(138 6021 10931 5967)
4(138 6016 10932 6021)
4(10933 6883 10879 4814)
4(10933 4814 10928 6884)
4(10933 6886 10931 4814)
4(596 5968 10931 6886)
4(10933 4814 10932 6923)
4(618 6923 10932 6018)
4(619 6886 10931 6021)
4(619 6021 10932 6923)
4(10934 5970 10463 4815)
4(10934 4815 10882 5971)
4(10935 4815 10463 6019)
4(10935 6021 10931 4815)
4(10935 4815 10934 6024)
4(139 6024 10934 5970)
4(139 6019 10935 6024)
4(10936 6885 10882 4815)
4(10936 4815 10931 6886)
4(10936 6888 10934 4815)
4(597 5971 10934 6888)
4(10936 4815 10935 6925)
4(619 6925 10935 6021)
4(620 6888 10934 6024)
4(620 6024 10935 6925)
4(10937 5973 10464 4816)
4(10937 4816 10885 5974)
4(10938 4816 10464 6022)
4(10938 6024 10934 4816)
4(10938 4816 10937 6027)
4(140 6027 10937 5973)
4(140 6022 10938 6027)
4(10939 6887 10885 4816)
4(10939 4816 10934 6888)
4(10939 6890 10937 4816)
4(598 5974 10937 6890)
4(10939 4816 10938 6927)
4(620 6927 10938 6024)
4(621 6890 10937 6027)
4(621 6027 10938 6927)
4(10940 5976 10465 4817)
4(10940 4817 10888 5977)
4(10941 4817 10465 6025)
4(10941 6027 10937 4817)
4(10941 4817 10940 6030)
4(141 6030 10940 5976)
4(141 6025 10941 6030)
4(10942 6889 10888 4817)
4(10942 4817 10937 6890)
4(10942 6892 10940 4817)
4(599 5977 10940 6892)
4(10942 4817 10941 6929)
4(621 6929 10941 6027)
4(622 6892 10940 6030)
4(622 6030 10941 6929)
4(10943 5979 10466 4818)
4(10943 4818 10891 5980)
4(10944 4818 10466 6028)
4(10944 6030 10940 4818)
4(10944 4818 10943 6033)
4(142 6033 10943 5979)
4(142 6028 10944 6033)
4(10945 6891 10891 4818)
4(10945 4818 10940 6892)
4(10945 6894 10943 4818)
4(600 5980 10943 6894)
4(10945 4818 10944 6931)
4(622 6931 10944 6030)
4(623 6894 10943 6033)
4(623 6033 10944 6931)
4(10946 5982 10467 4819)
4(10946 4819 10894 5983)
4(10947 4819 10467 6031)
4(10947 6033 10943 4819)
4(10947 4819 10946 6036)
4(143 6036 10946 5982)
4(143 6031 10947 6036)
4(10948 6893 10894 4819)
4(10948 4819 10943 6894)
4(10948 6896 10946 4819)
4(601 5983 10946 6896)
4(10948 4819 10947 6933)
4(623 6933 10947 6033)
4(624 6896 10946 6036)
4(624 6036 10947 6933)
4(10949 5985 10468 4820)
4(10949 4820 10897 5986)
4(10950 4820 10468 6034)
4(10950 6036 10946 4820)
4(10950 4820 10949 6039)
4(144 6039 10949 5985)
4(144 6034 10950 6039)
4(10951 6895 10897 4820)
4(10951 4820 10946 6896)
4(10951 6898 10949 4820)
4(602 5986 10949 6898)
4(10951 4820 10950 6935)
4(624 6935 10950 6036)
4(625 6898 10949 6039)
4(625 6039 10950 6935)
4(10952 5988 10469 4821)
4(10952 4821 10900 5989)
4(10953 4821 10469 6037)
4(10953 6039 10949 4821)
4(10953 4821 10952 6042)
4(145 6042 10952 5988)
4(145 6037 10953 6042)
4(10954 6897 10900 4821)
4(10954 4821 10949 6898)
4(10954 6900 10952 4821)
4(603 5989 10952 6900)
4(10954 4821 10953 6937)
4(625 6937 10953 6039)
4(626 6900 10952 6042)
4(626 6042 10953 6937)
4(10955 5991 10470 4822)
4(10955 4822 10903 5992)
4(10956 4822 10470 6040)
4(10956 6042 10952 4822)
4(10956 4822 10955 6045)
4(146 6045 10955 5991)
4(146 6040 10956 6045)
4(10957 6899 10903 4822)
4(10957 4822 10952 6900)
4(10957 6902 10955 4822)
4(604 5992 10955 6902)
4(10957 4822 10956 6939)
4(626 6939 10956 6042)
4(627 6902 10955 6045)
4(627 6045 10956 6939)
4(10958 5994 10471 4823)
4(10958 4823 10906 5995)
4(10959 4823 10471 6043)
4(10959 6045 10955 4823)
4(10959 4823 10958 6048)
4(147 6048 10958 5994)
4(147 6043 10959 6048)
4(10960 6901 10906 4823)
4(10960 4823 10955 6902)
4(10960 6904 10958 4823)
4(605 5995 10958 6904)
4(10960 4823 10959 6941)
4(627 6941 10959 6045)
4(628 6904 10958 6048)
4(628 6048 10959 6941)
4(10961 5997 10472 4824)
4(10961 4824 10909 5998)
4(10962 4824 10472 6046)
4(10962 6048 10958 4824)
4(10962 4824 10961 6051)
4(148 6051 10961 5997)
4(148 6046 10962 6051)
4(10963 6903 10909 4824)
4(10963 4824 10958 6904)
4(10963 6906 10961 4824)
4(606 5998 10961 6906)
4(10963 4824 10962 6943)
4(628 6943 10962 6048)
4(629 6906 10961 6051)
4(629 6051 10962 6943)
4(10964 6000 10473 4825)
4(10964 4825 10912 6001)
4(10965 4825 10473 6049)
4(10965 6051 10961 4825)
4(10965 4825 10964 6054)
4(149 6054 10964 6000)
4(149 6049 10965 6054)
4(10966 6905 10912 4825)
4(10966 4825 10961 6906)
4(10966 6908 10964 4825)
4(607 6001 10964 6908)
4(10966 4825 10965 6945)
4(629 6945 10965 6051)
4(630 6908 10964 6054)
4(630 6054 10965 6945)
4(10967 6003 10474 4826)
4(10967 4826 10915 6004)
4(10968 4826 10474 6052)
4(10968 6054 10964 4826)
4(10968 4826 10967 6057)
4(150 6057 10967 6003)
4(150 6052 10968 6057)
4(10969 6907 10915 4826)
4(10969 4826 10964 6908)
4(10969 6910 10967 4826)
4(608 6004 10967 6910)
4(10969 4826 10968 6947)
4(630 6947 10968 6054)
4(631 6910 10967 6057)
4(631 6057 10968 6947)
4(10970 6006 10475 4827)
4(10970 4827 10918 6007)
4(10971 4827 10475 6055)
4(10971 6057 10967 4827)
4(10971 4827 10970 6060)
4(151 6060 10970 6006)
4(151 6055 10971 6060)
4(10972 6909 10918 4827)
4(10972 4827 10967 6910)
4(10972 6912 10970 4827)
4(609 6007 10970 6912)
4(10972 4827 10971 6949)
4(631 6949 10971 6057)
4(632 6912 10970 6060)
4(632 6060 10971 6949)
4(4740 3151 10476 4828)
4(4740 4828 10920 4721)
4(10973 4828 10476 6058)
4(10973 6060 10970 4828)
4(4740 4722 10973 4828)
4(152 6058 10973 4722)
4(10974 6911 10920 4828)
4(10974 4828 10970 6912)
4(10974 4729 4740 4828)
4(10974 4828 10973 6951)
4(632 6951 10973 6060)
4(633 4722 10973 6951)
4(10975 6009 10477 4829)
4(4191 3164 10975 4829)
4(10976 4829 10477 6062)
4(10976 3178 4201 4829)
4(10976 4829 10975 6065)
4(157 6065 10975 6009)
4(157 6062 10976 6065)
4(10977 3557 4191 4829)
4(4201 3558 10977 4829)
4(10977 6918 10975 4829)
4(615 3164 10975 6918)
4(10977 4829 10976 6957)
4(637 6957 10976 3178)
4(638 6918 10975 6065)
4(638 6065 10976 6957)
4(10978 6011 10478 4830)
4(10978 4830 10923 6012)
4(10979 4830 10478 6063)
4(10979 6065 10975 4830)
4(10979 4830 10978 6068)
4(158 6068 10978 6011)
4(158 6063 10979 6068)
4(10980 6917 10923 4830)
4(10980 4830 10975 6918)
4(10980 6920 10978 4830)
4(616 6012 10978 6920)
4(10980 4830 10979 6959)
4(638 6959 10979 6065)
4(639 6920 10978 6068)
4(639 6068 10979 6959)
4(10981 6014 10479 4831)
4(10981 4831 10926 6015)
4(10982 4831 10479 6066)
4(10982 6068 10978 4831)
4(10982 4831 10981 6071)
4(159 6071 10981 6014)
4(159 6066 10982 6071)
4(10983 6919 10926 4831)
4(10983 4831 10978 6920)
4(10983 6922 10981 4831)
4(617 6015 10981 6922)
4(10983 4831 10982 6961)
4(639 6961 10982 6068)
4(640 6922 10981 6071)
4(640 6071 10982 6961)
4(10984 6017 10480 4832)
4(10984 4832 10929 6018)
4(10985 4832 10480 6069)
4(10985 6071 10981 4832)
4(10985 4832 10984 6074)
4(160 6074 10984 6017)
4(160 6069 10985 6074)
4(10986 6921 10929 4832)
4(10986 4832 10981 6922)
4(10986 6924 10984 4832)
4(618 6018 10984 6924)
4(10986 4832 10985 6963)
4(640 6963 10985 6071)
4(641 6924 10984 6074)
4(641 6074 10985 6963)
4(10987 6020 10481 4833)
4(10987 4833 10932 6021)
4(10988 4833 10481 6072)
4(10988 6074 10984 4833)
4(10988 4833 10987 6077)
4(161 6077 10987 6020)
4(161 6072 10988 6077)
4(10989 6923 10932 4833)
4(10989 4833 10984 6924)
4(10989 6926 10987 4833)
4(619 6021 10987 6926)
4(10989 4833 10988 6965)
4(641 6965 10988 6074)
4(642 6926 10987 6077)
4(642 6077 10988 6965)
4(10990 6023 10482 4834)
4(10990 4834 10935 6024)
4(10991 4834 10482 6075)
4(10991 6077 10987 4834)
4(10991 4834 10990 6080)
4(162 6080 10990 6023)
4(162 6075 10991 6080)
4(10992 6925 10935 4834)
4(10992 4834 10987 6926)
4(10992 6928 10990 4834)
4(620 6024 10990 6928)
4(10992 4834 10991 6967)
4(642 6967 10991 6077)
4(643 6928 10990 6080)
4(643 6080 10991 6967)
4(10993 6026 10483 4835)
4(10993 4835 10938 6027)
4(10994 4835 10483 6078)
4(10994 6080 10990 4835)
4(10994 4835 10993 6083)
4(163 6083 10993 6026)
4(163 6078 10994 6083)
4(10995 6927 10938 4835)
4(10995 4835 10990 6928)
4(10995 6930 10993 4835)
4(621 6027 10993 6930)
4(10995 4835 10994 6969)
4(643 6969 10994 6080)
4(644 6930 10993 6083)
4(644 6083 10994 6969)
4(10996 6029 10484 4836)
4(10996 4836 10941 6030)
4(10997 4836 10484 6081)
4(10997 6083 10993 4836)
4(10997 4836 10996 6086)
4(164 6086 10996 6029)
4(164 6081 10997 6086)
4(10998 6929 10941 4836)
4(10998 4836 10993 6930)
4(10998 6932 10996 4836)
4(622 6030 10996 6932)
4(10998 4836 10997 6971)
4(644 6971 10997 6083)
4(645 6932 10996 6086)
4(645 6086 10997 6971)
4(10999 6032 10485 4837)
4(10999 4837 10944 6033)
4(11000 4837 10485 6084)
4(11000 6086 10996 4837)
4(11000 4837 10999 6089)
4(165 6089 10999 6032)
4(165 6084 11000 6089)
4(11001 6931 10944 4837)
4(11001 4837 10996 6932)
4(11001 6934 10999 4837)
4(623 6033 10999 6934)
4(11001 4837 11000 6973)
4(645 6973 11000 6086)
4(646 6934 10999 6089)
4(646 6089 11000 6973)
4(11002 6035 10486 4838)
4(11002 4838 10947 6036)
4(11003 4838 10486 6087)
4(11003 6089 10999 4838)
4(11003 4838 11002 6092)
4(166 6092 11002 6035)
4(166 6087 11003 6092)
4(11004 6933 10947 4838)
4(11004 4838 10999 6934)
4(11004 6936 11002 4838)
4(624 6036 11002 6936)
4(11004 4838 11003 6975)
4(646 6975 11003 6089)
4(647 6936 11002 6092)
4(647 6092 11003 6975)
4(11005 6038 10487 4839)
4(11005 4839 10950 6039)
4(11006 4839 10487 6090)
4(11006 6092 11002 4839)
4(11006 4839 11005 6095)
4(167 6095 11005 6038)
4(167 6090 11006 6095)
4(11007 6935 10950 4839)
4(11007 4839 11002 6936)
4(11007 6938 11005 4839)
4(625 6039 11005 6938)
4(11007 4839 11006 6977)
4(647 6977 11006 6092)
4(648 6938 11005 6095)
4(648 6095 11006 6977)
4(11008 6041 10488 4840)
4(11008 4840 10953 6042)
4(11009 4840 10488 6093)
4(11009 6095 11005 4840)
4(11009 4840 11008 6098)
4(168 6098 11008 6041)
4(168 6093 11009 6098)
4(11010 6937 10953 4840)
4(11010 4840 11005 6938)
4(11010 6940 11008 4840)
4(626 6042 11008 6940)
4(11010 4840 11009 6979)
4(648 6979 11009 6095)
4(649 6940 11008 6098)
4(649 6098 11009 6979)
4(11011 6044 10489 4841)
4(11011 4841 10956 6045)
4(11012 4841 10489 6096)
4(11012 6098 11008 4841)
4(11012 4841 11011 6101)
4(169 6101 11011 6044)
4(169 6096 11012 6101)
4(11013 6939 10956 4841)
4(11013 4841 11008 6940)
4(11013 6942 11011 4841)
4(627 6045 11011 6942)
4(11013 4841 11012 6981)
4(649 6981 11012 6098)
4(650 6942 11011 6101)
4(650 6101 11012 6981)
4(11014 6047 10490 4842)
4(11014 4842 10959 6048)
4(11015 4842 10490 6099)
4(11015 6101 11011 4842)
4(11015 4842 11014 6104)
4(170 6104 11014 6047)
4(170 6099 11015 6104)
4(11016 6941 10959 4842)
4(11016 4842 11011 6942)
4(11016 6944 11014 4842)
4(628 6048 11014 6944)
4(11016 4842 11015 6983)
4(650 6983 11015 6101)
4(651 6944 11014 6104)
4(651 6104 11015 6983)
4(11017 6050 10491 4843)
4(11017 4843 10962 6051)
4(11018 4843 10491 6102)
4(11018 6104 11014 4843)
4(11018 4843 11017 6107)
4(171 6107 11017 6050)
4(171 6102 11018 6107)
4(11019 6943 10962 4843)
4(11019 4843 11014 6944)
4(11019 6946 11017 4843)
4(629 6051 11017 6946)
4(11019 4843 11018 6985)
4(651 6985 11018 6104)
4(652 6946 11017 6107)
4(652 6107 11018 6985)
4(11020 6053 10492 4844)
4(11020 4844 10965 6054)
4(11021 4844 10492 6105)
4(11021 6107 11017 4844)
4(11021 4844 11020 6110)
4(172 6110 11020 6053)
4(172 6105 11021 6110)
4(11022 6945 10965 4844)
4(11022 4844 11017 6946)
4(11022 6948 11020 4844)
4(630 6054 11020 6948)
4(11022 4844 11021 6987)
4(652 6987 11021 6107)
4(653 6948 11020 6110)
4(653 6110 11021 6987)
4(11023 6056 10493 4845)
4(11023 4845 10968 6057)
4(11024 4845 10493 6108)
4(11024 6110 11020 4845)
4(11024 4845 11023 6113)
4(173 6113 11023 6056)
4(173 6108 11024 6113)
4(11025 6947 10968 4845)
4(11025 4845 11020 6948)
4(11025 6950 11023 4845)
4(631 6057 11023 6950)
4(11025 4845 11024 6989)
4(653 6989 11024 6110)
4(654 6950 11023 6113)
4(654 6113 11024 6989)
4(11026 6059 10494 4846)
4(11026 4846 10971 6060)
4(11027 4846 10494 6111)
4(11027 6113 11023 4846)
4(11027 4846 11026 6116)
4(174 6116 11026 6059)
4(174 6111 11027 6116)
4(11028 6949 10971 4846)
4(11028 4846 11023 6950)
4(11028 6952 11026 4846)
4(632 6060 11026 6952)
4(11028 4846 11027 6991)
4(654 6991 11027 6113)
4(655 6952 11026 6116)
4(655 6116 11027 6991)
4(11029 6061 10495 4847)
4(11029 4847 10973 4722)
4(11030 4847 10495 6114)
4(11030 6116 11026 4847)
4(11030 4847 11029 6119)
4(175 6119 11029 6061)
4(175 6114 11030 6119)
4(11031 6951 10973 4847)
4(11031 4847 11026 6952)
4(11031 6953 11029 4847)
4(633 4722 11029 6953)
4(11031 4847 11030 6993)
4(655 6993 11030 6116)
4(656 6953 11029 6119)
4(656 6119 11030 6993)
4(4204 3167 10496 4848)
4(4741 3168 4204 4848)
4(11032 4848 10496 6117)
4(11032 6119 11029 4848)
4(4204 3181 11032 4848)
4(176 6117 11032 3181)
4(11033 4730 4741 4848)
4(11033 4848 11029 6953)
4(11033 3560 4204 4848)
4(11033 4848 11032 6995)
4(656 6995 11032 6119)
4(657 3181 11032 6995)
4(11034 6064 10497 4849)
4(11034 4849 10976 6065)
4(11035 4849 10497 6120)
4(11035 3193 4211 4849)
4(11035 4849 11034 6123)
4(181 6123 11034 6064)
4(181 6120 11035 6123)
4(11036 6957 10976 4849)
4(4211 3566 11036 4849)
4(11036 6960 11034 4849)
4(638 6065 11034 6960)
4(11036 4849 11035 7001)
4(661 7001 11035 3193)
4(662 6960 11034 6123)
4(662 6123 11035 7001)
4(11037 6067 10498 4850)
4(11037 4850 10979 6068)
4(11038 4850 10498 6121)
4(11038 6123 11034 4850)
4(11038 4850 11037 6126)
4(182 6126 11037 6067)
4(182 6121 11038 6126)
4(11039 6959 10979 4850)
4(11039 4850 11034 6960)
4(11039 6962 11037 4850)
4(639 6068 11037 6962)
4(11039 4850 11038 7002)
4(662 7002 11038 6123)
4(663 6962 11037 6126)
4(663 6126 11038 7002)
4(11040 6070 10499 4851)
4(11040 4851 10982 6071)
4(11041 4851 10499 6124)
4(11041 6126 11037 4851)
4(11041 4851 11040 6129)
4(183 6129 11040 6070)
4(183 6124 11041 6129)
4(11042 6961 10982 4851)
4(11042 4851 11037 6962)
4(11042 6964 11040 4851)
4(640 6071 11040 6964)
4(11042 4851 11041 7004)
4(663 7004 11041 6126)
4(664 6964 11040 6129)
4(664 6129 11041 7004)
4(11043 6073 10500 4852)
4(11043 4852 10985 6074)
4(11044 4852 10500 6127)
4(11044 6129 11040 4852)
4(11044 4852 11043 6132)
4(184 6132 11043 6073)
4(184 6127 11044 6132)
4(11045 6963 10985 4852)
4(11045 4852 11040 6964)
4(11045 6966 11043 4852)
4(641 6074 11043 6966)
4(11045 4852 11044 7006)
4(664 7006 11044 6129)
4(665 6966 11043 6132)
4(665 6132 11044 7006)
4(11046 6076 10501 4853)
4(11046 4853 10988 6077)
4(11047 4853 10501 6130)
4(11047 6132 11043 4853)
4(11047 4853 11046 6135)
4(185 6135 11046 6076)
4(185 6130 11047 6135)
4(11048 6965 10988 4853)
4(11048 4853 11043 6966)
4(11048 6968 11046 4853)
4(642 6077 11046 6968)
4(11048 4853 11047 7008)
4(665 7008 11047 6132)
4(666 6968 11046 6135)
4(666 6135 11047 7008)
4(11049 6079 10502 4854)
4(11049 4854 10991 6080)
4(11050 4854 10502 6133)
4(11050 6135 11046 4854)
4(11050 4854 11049 6138)
4(186 6138 11049 6079)
4(186 6133 11050 6138)
4(11051 6967 10991 4854)
4(11051 4854 11046 6968)
4(11051 6970 11049 4854)
4(643 6080 11049 6970)
4(11051 4854 11050 7010)
4(666 7010 11050 6135)
4(667 6970 11049 6138)
4(667 6138 11050 7010)
4(11052 6082 10503 4855)
4(11052 4855 10994 6083)
4(11053 4855 10503 6136)
4(11053 6138 11049 4855)
4(11053 4855 11052 6141)
4(187 6141 11052 6082)
4(187 6136 11053 6141)
4(11054 6969 10994 4855)
4(11054 4855 11049 6970)
4(11054 6972 11052 4855)
4(644 6083 11052 6972)
4(11054 4855 11053 7012)
4(667 7012 11053 6138)
4(668 6972 11052 6141)
4(668 6141 11053 7012)
4(11055 6085 10504 4856)
4(11055 4856 10997 6086)
4(11056 4856 10504 6139)
4(11056 6141 11052 4856)
4(11056 4856 11055 6144)
4(188 6144 11055 6085)
4(188 6139 11056 6144)
4(11057 6971 10997 4856)
4(11057 4856 11052 6972)
4(11057 6974 11055 4856)
4(645 6086 11055 6974)
4(11057 4856 11056 7014)
4(668 7014 11056 6141)
4(669 6974 11055 6144)
4(669 6144 11056 7014)
4(11058 6088 10505 4857)
4(11058 4857 11000 6089)
4(11059 4857 10505 6142)
4(11059 6144 11055 4857)
4(11059 4857 11058 6147)
4(189 6147 11058 6088)
4(189 6142 11059 6147)
4(11060 6973 11000 4857)
4(11060 4857 11055 6974)
4(11060 6976 11058 4857)
4(646 6089 11058 6976)
4(11060 4857 11059 7016)
4(669 7016 11059 6144)
4(670 6976 11058 6147)
4(670 6147 11059 7016)
4(11061 6091 10506 4858)
4(11061 4858 11003 6092)
4(11062 4858 10506 6145)
4(11062 6147 11058 4858)
4(11062 4858 11061 6150)
4(190 6150 11061 6091)
4(190 6145 11062 6150)
4(11063 6975 11003 4858)
4(11063 4858 11058 6976)
4(11063 6978 11061 4858)
4(647 6092 11061 6978)
4(11063 4858 11062 7018)
4(670 7018 11062 6147)
4(671 6978 11061 6150)
4(671 6150 11062 7018)
4(11064 6094 10507 4859)
4(11064 4859 11006 6095)
4(11065 4859 10507 6148)
4(11065 6150 11061 4859)
4(11065 4859 11064 6153)
4(191 6153 11064 6094)
4(191 6148 11065 6153)
4(11066 6977 11006 4859)
4(11066 4859 11061 6978)
4(11066 6980 11064 4859)
4(648 6095 11064 6980)
4(11066 4859 11065 7020)
4(671 7020 11065 6150)
4(672 6980 11064 6153)
4(672 6153 11065 7020)
4(11067 6097 10508 4860)
4(11067 4860 11009 6098)
4(11068 4860 10508 6151)
4(11068 6153 11064 4860)
4(11068 4860 11067 6156)
4(192 6156 11067 6097)
4(192 6151 11068 6156)
4(11069 6979 11009 4860)
4(11069 4860 11064 6980)
4(11069 6982 11067 4860)
4(649 6098 11067 6982)
4(11069 4860 11068 7022)
4(672 7022 11068 6153)
4(673 6982 11067 6156)
4(673 6156 11068 7022)
4(11070 6100 10509 4861)
4(11070 4861 11012 6101)
4(11071 4861 10509 6154)
4(11071 6156 11067 4861)
4(11071 4861 11070 6159)
4(193 6159 11070 6100)
4(193 6154 11071 6159)
4(11072 6981 11012 4861)
4(11072 4861 11067 6982)
4(11072 6984 11070 4861)
4(650 6101 11070 6984)
4(11072 4861 11071 7024)
4(673 7024 11071 6156)
4(674 6984 11070 6159)
4(674 6159 11071 7024)
4(11073 6103 10510 4862)
4(11073 4862 11015 6104)
4(11074 4862 10510 6157)
4(11074 6159 11070 4862)
4(11074 4862 11073 6162)
4(194 6162 11073 6103)
4(194 6157 11074 6162)
4(11075 6983 11015 4862)
4(11075 4862 11070 6984)
4(11075 6986 11073 4862)
4(651 6104 11073 6986)
4(11075 4862 11074 7026)
4(674 7026 11074 6159)
4(675 6986 11073 6162)
4(675 6162 11074 7026)
4(11076 6106 10511 4863)
4(11076 4863 11018 6107)
4(11077 4863 10511 6160)
4(11077 6162 11073 4863)
4(11077 4863 11076 6165)
4(195 6165 11076 6106)
4(195 6160 11077 6165)
4(11078 6985 11018 4863)
4(11078 4863 11073 6986)
4(11078 6988 11076 4863)
4(652 6107 11076 6988)
4(11078 4863 11077 7028)
4(675 7028 11077 6162)
4(676 6988 11076 6165)
4(676 6165 11077 7028)
4(11079 6109 10512 4864)
4(11079 4864 11021 6110)
4(11080 4864 10512 6163)
4(11080 6165 11076 4864)
4(11080 4864 11079 6168)
4(196 6168 11079 6109)
4(196 6163 11080 6168)
4(11081 6987 11021 4864)
4(11081 4864 11076 6988)
4(11081 6990 11079 4864)
4(653 6110 11079 6990)
4(11081 4864 11080 7030)
4(676 7030 11080 6165)
4(677 6990 11079 6168)
4(677 6168 11080 7030)
4(11082 6112 10513 4865)
4(11082 4865 11024 6113)
4(11083 4865 10513 6166)
4(11083 6168 11079 4865)
4(11083 4865 11082 6171)
4(197 6171 11082 6112)
4(197 6166 11083 6171)
4(11084 6989 11024 4865)
4(11084 4865 11079 6990)
4(11084 6992 11082 4865)
4(654 6113 11082 6992)
4(11084 4865 11083 7032)
4(677 7032 11083 6168)
4(678 6992 11082 6171)
4(678 6171 11083 7032)
4(11085 6115 10514 4866)
4(11085 4866 11027 6116)
4(11086 4866 10514 6169)
4(11086 6171 11082 4866)
4(11086 4866 11085 6174)
4(198 6174 11085 6115)
4(198 6169 11086 6174)
4(11087 6991 11027 4866)
4(11087 4866 11082 6992)
4(11087 6994 11085 4866)
4(655 6116 11085 6994)
4(11087 4866 11086 7034)
4(678 7034 11086 6171)
4(679 6994 11085 6174)
4(679 6174 11086 7034)
4(11088 6118 10515 4867)
4(11088 4867 11030 6119)
4(11089 4867 10515 6172)
4(11089 6174 11085 4867)
4(11089 4867 11088 6177)
4(199 6177 11088 6118)
4(199 6172 11089 6177)
4(11090 6993 11030 4867)
4(11090 4867 11085 6994)
4(11090 6996 11088 4867)
4(656 6119 11088 6996)
4(11090 4867 11089 7036)
4(679 7036 11089 6174)
4(680 6996 11088 6177)
4(680 6177 11089 7036)
4(4214 3180 10516 4868)
4(4214 4868 11032 3181)
4(11091 4868 10516 6175)
4(11091 6177 11088 4868)
4(4214 3196 11091 4868)
4(200 6175 11091 3196)
4(11092 6995 11032 4868)
4(11092 4868 11088 6996)
4(11092 3568 4214 4868)
4(11092 4868 11091 7038)
4(680 7038 11091 6177)
4(681 3196 11091 7038)
4(11093 6122 10517 4869)
4(11093 4869 11035 6123)
4(11094 4869 10517 6178)
4(11094 3209 4225 4869)
4(11094 4869 11093 6181)
4(206 6181 11093 6122)
4(206 6178 11094 6181)
4(11095 7001 11035 4869)
4(4225 3576 11095 4869)
4(11095 7003 11093 4869)
4(662 6123 11093 7003)
4(11095 4869 11094 7044)
4(686 7044 11094 3209)
4(687 7003 11093 6181)
4(687 6181 11094 7044)
4(11096 6125 10518 4870)
4(11096 4870 11038 6126)
4(11097 4870 10518 6179)
4(11097 6181 11093 4870)
4(11097 4870 11096 6184)
4(207 6184 11096 6125)
4(207 6179 11097 6184)
4(11098 7002 11038 4870)
4(11098 4870 11093 7003)
4(11098 7005 11096 4870)
4(663 6126 11096 7005)
4(11098 4870 11097 7045)
4(687 7045 11097 6181)
4(688 7005 11096 6184)
4(688 6184 11097 7045)
4(11099 6128 10519 4871)
4(11099 4871 11041 6129)
4(11100 4871 10519 6182)
4(11100 6184 11096 4871)
4(11100 4871 11099 6187)
4(208 6187 11099 6128)
4(208 6182 11100 6187)
4(11101 7004 11041 4871)
4(11101 4871 11096 7005)
4(11101 7007 11099 4871)
4(664 6129 11099 7007)
4(11101 4871 11100 7047)
4(688 7047 11100 6184)
4(689 7007 11099 6187)
4(689 6187 11100 7047)
4(11102 6131 10520 4872)
4(11102 4872 11044 6132)
4(11103 4872 10520 6185)
4(11103 6187 11099 4872)
4(11103 4872 11102 6190)
4(209 6190 11102 6131)
4(209 6185 11103 6190)
4(11104 7006 11044 4872)
4(11104 4872 11099 7007)
4(11104 7009 11102 4872)
4(665 6132 11102 7009)
4(11104 4872 11103 7049)
4(689 7049 11103 6187)
4(690 7009 11102 6190)
4(690 6190 11103 7049)
4(11105 6134 10521 4873)
4(11105 4873 11047 6135)
4(11106 4873 10521 6188)
4(11106 6190 11102 4873)
4(11106 4873 11105 6193)
4(210 6193 11105 6134)
4(210 6188 11106 6193)
4(11107 7008 11047 4873)
4(11107 4873 11102 7009)
4(11107 7011 11105 4873)
4(666 6135 11105 7011)
4(11107 4873 11106 7051)
4(690 7051 11106 6190)
4(691 7011 11105 6193)
4(691 6193 11106 7051)
4(11108 6137 10522 4874)
4(11108 4874 11050 6138)
4(11109 4874 10522 6191)
4(11109 6193 11105 4874)
4(11109 4874 11108 6196)
4(211 6196 11108 6137)
4(211 6191 11109 6196)
4(11110 7010 11050 4874)
4(11110 4874 11105 7011)
4(11110 7013 11108 4874)
4(667 6138 11108 7013)
4(11110 4874 11109 7053)
4(691 7053 11109 6193)
4(692 7013 11108 6196)
4(692 6196 11109 7053)
4(11111 6140 10523 4875)
4(11111 4875 11053 6141)
4(11112 4875 10523 6194)
4(11112 6196 11108 4875)
4(11112 4875 11111 6199)
4(212 6199 11111 6140)
4(212 6194 11112 6199)
4(11113 7012 11053 4875)
4(11113 4875 11108 7013)
4(11113 7015 11111 4875)
4(668 6141 11111 7015)
4(11113 4875 11112 7055)
4(692 7055 11112 6196)
4(693 7015 11111 6199)
4(693 6199 11112 7055)
4(11114 6143 10524 4876)
4(11114 4876 11056 6144)
4(11115 4876 10524 6197)
4(11115 6199 11111 4876)
4(11115 4876 11114 6202)
4(213 6202 11114 6143)
4(213 6197 11115 6202)
4(11116 7014 11056 4876)
4(11116 4876 11111 7015)
4(11116 7017 11114 4876)
4(669 6144 11114 7017)
4(11116 4876 11115 7057)
4(693 7057 11115 6199)
4(694 7017 11114 6202)
4(694 6202 11115 7057)
4(11117 6146 10525 4877)
4(11117 4877 11059 6147)
4(11118 4877 10525 6200)
4(11118 6202 11114 4877)
4(11118 4877 11117 6205)
4(214 6205 11117 6146)
4(214 6200 11118 6205)
4(11119 7016 11059 4877)
4(11119 4877 11114 7017)
4(11119 7019 11117 4877)
4(670 6147 11117 7019)
4(11119 4877 11118 7059)
4(694 7059 11118 6202)
4(695 7019 11117 6205)
4(695 6205 11118 7059)
4(11120 6149 10526 4878)
4(11120 4878 11062 6150)
4(11121 4878 10526 6203)
4(11121 6205 11117 4878)
4(11121 4878 11120 6208)
4(215 6208 11120 6149)
4(215 6203 11121 6208)
4(11122 7018 11062 4878)
4(11122 4878 11117 7019)
4(11122 7021 11120 4878)
4(671 6150 11120 7021)
4(11122 4878 11121 7061)
4(695 7061 11121 6205)
4(696 7021 11120 6208)
4(696 6208 11121 7061)
4(11123 6152 10527 4879)
4(11123 4879 11065 6153)
4(11124 4879 10527 6206)
4(11124 6208 11120 4879)
4(11124 4879 11123 6211)
4(216 6211 11123 6152)
4(216 6206 11124 6211)
4(11125 7020 11065 4879)
4(11125 4879 11120 7021)
4(11125 7023 11123 4879)
4(672 6153 11123 7023)
4(11125 4879 11124 7063)
4(696 7063 11124 6208)
4(697 7023 11123 6211)
4(697 6211 11124 7063)
4(11126 6155 10528 4880)
4(11126 4880 11068 6156)
4(11127 4880 10528 6209)
4(11127 6211 11123 4880)
4(11127 4880 11126 6214)
4(217 6214 11126 6155)
4(217 6209 11127 6214)
4(11128 7022 11068 4880)
4(11128 4880 11123 7023)
4(11128 7025 11126 4880)
4(673 6156 11126 7025)
4(11128 4880 11127 7065)
4(697 7065 11127 6211)
4(698 7025 11126 6214)
4(698 6214 11127 7065)
4(11129 6158 10529 4881)
4(11129 4881 11071 6159)
4(11130 4881 10529 6212)
4(11130 6214 11126 4881)
4(11130 4881 11129 6217)
4(218 6217 11129 6158)
4(218 6212 11130 6217)
4(11131 7024 11071 4881)
4(11131 4881 11126 7025)
4(11131 7027 11129 4881)
4(674 6159 11129 7027)
4(11131 4881 11130 7067)
4(698 7067 11130 6214)
4(699 7027 11129 6217)
4(699 6217 11130 7067)
4(11132 6161 10530 4882)
4(11132 4882 11074 6162)
4(11133 4882 10530 6215)
4(11133 6217 11129 4882)
4(11133 4882 11132 6220)
4(219 6220 11132 6161)
4(219 6215 11133 6220)
4(11134 7026 11074 4882)
4(11134 4882 11129 7027)
4(11134 7029 11132 4882)
4(675 6162 11132 7029)
4(11134 4882 11133 7069)
4(699 7069 11133 6217)
4(700 7029 11132 6220)
4(700 6220 11133 7069)
4(11135 6164 10531 4883)
4(11135 4883 11077 6165)
4(11136 4883 10531 6218)
4(11136 6220 11132 4883)
4(11136 4883 11135 6223)
4(220 6223 11135 6164)
4(220 6218 11136 6223)
4(11137 7028 11077 4883)
4(11137 4883 11132 7029)
4(11137 7031 11135 4883)
4(676 6165 11135 7031)
4(11137 4883 11136 7071)
4(700 7071 11136 6220)
4(701 7031 11135 6223)
4(701 6223 11136 7071)
4(11138 6167 10532 4884)
4(11138 4884 11080 6168)
4(11139 4884 10532 6221)
4(11139 6223 11135 4884)
4(11139 4884 11138 6226)
4(221 6226 11138 6167)
4(221 6221 11139 6226)
4(11140 7030 11080 4884)
4(11140 4884 11135 7031)
4(11140 7033 11138 4884)
4(677 6168 11138 7033)
4(11140 4884 11139 7073)
4(701 7073 11139 6223)
4(702 7033 11138 6226)
4(702 6226 11139 7073)
4(11141 6170 10533 4885)
4(11141 4885 11083 6171)
4(11142 4885 10533 6224)
4(11142 6226 11138 4885)
4(11142 4885 11141 6229)
4(222 6229 11141 6170)
4(222 6224 11142 6229)
4(11143 7032 11083 4885)
4(11143 4885 11138 7033)
4(11143 7035 11141 4885)
4(678 6171 11141 7035)
4(11143 4885 11142 7075)
4(702 7075 11142 6226)
4(703 7035 11141 6229)
4(703 6229 11142 7075)
4(11144 6173 10534 4886)
4(11144 4886 11086 6174)
4(11145 4886 10534 6227)
4(11145 6229 11141 4886)
4(11145 4886 11144 6232)
4(223 6232 11144 6173)
4(223 6227 11145 6232)
4(11146 7034 11086 4886)
4(11146 4886 11141 7035)
4(11146 7037 11144 4886)
4(679 6174 11144 7037)
4(11146 4886 11145 7077)
4(703 7077 11145 6229)
4(704 7037 11144 6232)
4(704 6232 11145 7077)
4(11147 6176 10535 4887)
4(11147 4887 11089 6177)
4(11148 4887 10535 6230)
4(11148 6232 11144 4887)
4(11148 4887 11147 6235)
4(224 6235 11147 6176)
4(224 6230 11148 6235)
4(11149 7036 11089 4887)
4(11149 4887 11144 7037)
4(11149 7039 11147 4887)
4(680 6177 11147 7039)
4(11149 4887 11148 7079)
4(704 7079 11148 6232)
4(705 7039 11147 6235)
4(705 6235 11148 7079)
4(4228 3195 10536 4888)
4(4228 4888 11091 3196)
4(11150 4888 10536 6233)
4(11150 6235 11147 4888)
4(4228 3212 11150 4888)
4(225 6233 11150 3212)
4(11151 7038 11091 4888)
4(11151 4888 11147 7039)
4(11151 3578 4228 4888)
4(11151 4888 11150 7081)
4(705 7081 11150 6235)
4(706 3212 11150 7081)
4(11152 6180 10537 4889)
4(11152 4889 11094 6181)
4(11153 4889 10537 6236)
4(11153 3225 4239 4889)
4(11153 4889 11152 6239)
4(231 6239 11152 6180)
4(231 6236 11153 6239)
4(11154 7044 11094 4889)
4(4239 3586 11154 4889)
4(11154 7046 11152 4889)
4(687 6181 11152 7046)
4(11154 4889 11153 7087)
4(711 7087 11153 3225)
4(712 7046 11152 6239)
4(712 6239 11153 7087)
4(11155 6183 10538 4890)
4(11155 4890 11097 6184)
4(11156 4890 10538 6237)
4(11156 6239 11152 4890)
4(11156 4890 11155 6242)
4(232 6242 11155 6183)
4(232 6237 11156 6242)
4(11157 7045 11097 4890)
4(11157 4890 11152 7046)
4(11157 7048 11155 4890)
4(688 6184 11155 7048)
4(11157 4890 11156 7088)
4(712 7088 11156 6239)
4(713 7048 11155 6242)
4(713 6242 11156 7088)
4(11158 6186 10539 4891)
4(11158 4891 11100 6187)
4(11159 4891 10539 6240)
4(11159 6242 11155 4891)
4(11159 4891 11158 6245)
4(233 6245 11158 6186)
4(233 6240 11159 6245)
4(11160 7047 11100 4891)
4(11160 4891 11155 7048)
4(11160 7050 11158 4891)
4(689 6187 11158 7050)
4(11160 4891 11159 7090)
4(713 7090 11159 6242)
4(714 7050 11158 6245)
4(714 6245 11159 7090)
4(11161 6189 10540 4892)
4(11161 4892 11103 6190)
4(11162 4892 10540 6243)
4(11162 6245 11158 4892)
4(11162 4892 11161 6248)
4(234 6248 11161 6189)
4(234 6243 11162 6248)
4(11163 7049 11103 4892)
4(11163 4892 11158 7050)
4(11163 7052 11161 4892)
4(690 6190 11161 7052)
4(11163 4892 11162 7092)
4(714 7092 11162 6245)
4(715 7052 11161 6248)
4(715 6248 11162 7092)
4(11164 6192 10541 4893)
4(11164 4893 11106 6193)
4(11165 4893 10541 6246)
4(11165 6248 11161 4893)
4(11165 4893 11164 6251)
4(235 6251 11164 6192)
4(235 6246 11165 6251)
4(11166 7051 11106 4893)
4(11166 4893 11161 7052)
4(11166 7054 11164 4893)
4(691 6193 11164 7054)
4(11166 4893 11165 7094)
4(715 7094 11165 6248)
4(716 7054 11164 6251)
4(716 6251 11165 7094)
4(11167 6195 10542 4894)
4(11167 4894 11109 6196)
4(11168 4894 10542 6249)
4(11168 6251 11164 4894)
4(11168 4894 11167 6254)
4(236 6254 11167 6195)
4(236 6249 11168 6254)
4(11169 7053 11109 4894)
4(11169 4894 11164 7054)
4(11169 7056 11167 4894)
4(692 6196 11167 7056)
4(11169 4894 11168 7096)
4(716 7096 11168 6251)
4(717 7056 11167 6254)
4(717 6254 11168 7096)
4(11170 6198 10543 4895)
4(11170 4895 11112 6199)
4(11171 4895 10543 6252)
4(11171 6254 11167 4895)
4(11171 4895 11170 6257)
4(237 6257 11170 6198)
4(237 6252 11171 6257)
4(11172 7055 11112 4895)
4(11172 4895 11167 7056)
4(11172 7058 11170 4895)
4(693 6199 11170 7058)
4(11172 4895 11171 7098)
4(717 7098 11171 6254)
4(718 7058 11170 6257)
4(718 6257 11171 7098)
4(11173 6201 10544 4896)
4(11173 4896 11115 6202)
4(11174 4896 10544 6255)
4(11174 6257 11170 4896)
4(11174 4896 11173 6260)
4(238 6260 11173 6201)
4(238 6255 11174 6260)
4(11175 7057 11115 4896)
4(11175 4896 11170 7058)
4(11175 7060 11173 4896)
4(694 6202 11173 7060)
4(11175 4896 11174 7100)
4(718 7100 11174 6257)
4(719 7060 11173 6260)
4(719 6260 11174 7100)
4(11176 6204 10545 4897)
4(11176 4897 11118 6205)
4(11177 4897 10545 6258)
4(11177 6260 11173 4897)
4(11177 4897 11176 6263)
4(239 6263 11176 6204)
4(239 6258 11177 6263)
4(11178 7059 11118 4897)
4(11178 4897 11173 7060)
4(11178 7062 11176 4897)
4(695 6205 11176 7062)
4(11178 4897 11177 7102)
4(719 7102 11177 6260)
4(720 7062 11176 6263)
4(720 6263 11177 7102)
4(11179 6207 10546 4898)
4(11179 4898 11121 6208)
4(11180 4898 10546 6261)
4(11180 6263 11176 4898)
4(11180 4898 11179 6266)
4(240 6266 11179 6207)
4(240 6261 11180 6266)
4(11181 7061 11121 4898)
4(11181 4898 11176 7062)
4(11181 7064 11179 4898)
4(696 6208 11179 7064)
4(11181 4898 11180 7104)
4(720 7104 11180 6263)
4(721 7064 11179 6266)
4(721 6266 11180 7104)
4(11182 6210 10547 4899)
4(11182 4899 11124 6211)
4(11183 4899 10547 6264)
4(11183 6266 11179 4899)
4(11183 4899 11182 6269)
4(241 6269 11182 6210)
4(241 6264 11183 6269)
4(11184 7063 11124 4899)
4(11184 4899 11179 7064)
4(11184 7066 11182 4899)
4(697 6211 11182 7066)
4(11184 4899 11183 7106)
4(721 7106 11183 6266)
4(722 7066 11182 6269)
4(722 6269 11183 7106)
4(11185 6213 10548 4900)
4(11185 4900 11127 6214)
4(11186 4900 10548 6267)
4(11186 6269 11182 4900)
4(11186 4900 11185 6272)
4(242 6272 11185 6213)
4(242 6267 11186 6272)
4(11187 7065 11127 4900)
4(11187 4900 11182 7066)
4(11187 7068 11185 4900)
4(698 6214 11185 7068)
4(11187 4900 11186 7108)
4(722 7108 11186 6269)
4(723 7068 11185 6272)
4(723 6272 11186 7108)
4(11188 6216 10549 4901)
4(11188 4901 11130 6217)
4(11189 4901 10549 6270)
4(11189 6272 11185 4901)
4(11189 4901 11188 6275)
4(243 6275 11188 6216)
4(243 6270 11189 6275)
4(11190 7067 11130 4901)
4(11190 4901 11185 7068)
4(11190 7070 11188 4901)
4(699 6217 11188 7070)
4(11190 4901 11189 7110)
4(723 7110 11189 6272)
4(724 7070 11188 6275)
4(724 6275 11189 7110)
4(11191 6219 10550 4902)
4(11191 4902 11133 6220)
4(11192 4902 10550 6273)
4(11192 6275 11188 4902)
4(11192 4902 11191 6278)
4(244 6278 11191 6219)
4(244 6273 11192 6278)
4(11193 7069 11133 4902)
4(11193 4902 11188 7070)
4(11193 7072 11191 4902)
4(700 6220 11191 7072)
4(11193 4902 11192 7112)
4(724 7112 11192 6275)
4(725 7072 11191 6278)
4(725 6278 11192 7112)
4(11194 6222 10551 4903)
4(11194 4903 11136 6223)
4(11195 4903 10551 6276)
4(11195 6278 11191 4903)
4(11195 4903 11194 6281)
4(245 6281 11194 6222)
4(245 6276 11195 6281)
4(11196 7071 11136 4903)
4(11196 4903 11191 7072)
4(11196 7074 11194 4903)
4(701 6223 11194 7074)
4(11196 4903 11195 7114)
4(725 7114 11195 6278)
4(726 7074 11194 6281)
4(726 6281 11195 7114)
4(11197 6225 10552 4904)
4(11197 4904 11139 6226)
4(11198 4904 10552 6279)
4(11198 6281 11194 4904)
4(11198 4904 11197 6284)
4(246 6284 11197 6225)
4(246 6279 11198 6284)
4(11199 7073 11139 4904)
4(11199 4904 11194 7074)
4(11199 7076 11197 4904)
4(702 6226 11197 7076)
4(11199 4904 11198 7116)
4(726 7116 11198 6281)
4(727 7076 11197 6284)
4(727 6284 11198 7116)
4(11200 6228 10553 4905)
4(11200 4905 11142 6229)
4(11201 4905 10553 6282)
4(11201 6284 11197 4905)
4(11201 4905 11200 6287)
4(247 6287 11200 6228)
4(247 6282 11201 6287)
4(11202 7075 11142 4905)
4(11202 4905 11197 7076)
4(11202 7078 11200 4905)
4(703 6229 11200 7078)
4(11202 4905 11201 7118)
4(727 7118 11201 6284)
4(728 7078 11200 6287)
4(728 6287 11201 7118)
4(11203 6231 10554 4906)
4(11203 4906 11145 6232)
4(11204 4906 10554 6285)
4(11204 6287 11200 4906)
4(11204 4906 11203 6290)
4(248 6290 11203 6231)
4(248 6285 11204 6290)
4(11205 7077 11145 4906)
4(11205 4906 11200 7078)
4(11205 7080 11203 4906)
4(704 6232 11203 7080)
4(11205 4906 11204 7120)
4(728 7120 11204 6287)
4(729 7080 11203 6290)
4(729 6290 11204 7120)
4(11206 6234 10555 4907)
4(11206 4907 11148 6235)
4(11207 4907 10555 6288)
4(11207 6290 11203 4907)
4(11207 4907 11206 6293)
4(249 6293 11206 6234)
4(249 6288 11207 6293)
4(11208 7079 11148 4907)
4(11208 4907 11203 7080)
4(11208 7082 11206 4907)
4(705 6235 11206 7082)
4(11208 4907 11207 7122)
4(729 7122 11207 6290)
4(730 7082 11206 6293)
4(730 6293 11207 7122)
4(4242 3211 10556 4908)
4(4242 4908 11150 3212)
4(11209 4908 10556 6291)
4(11209 6293 11206 4908)
4(4242 3228 11209 4908)
4(250 6291 11209 3228)
4(11210 7081 11150 4908)
4(11210 4908 11206 7082)
4(11210 3588 4242 4908)
4(11210 4908 11209 7124)
4(730 7124 11209 6293)
4(731 3228 11209 7124)
4(11211 6238 10557 4909)
4(11211 4909 11153 6239)
4(11212 4909 10557 6294)
4(11212 3241 4253 4909)
4(11212 4909 11211 6297)
4(256 6297 11211 6238)
4(256 6294 11212 6297)
4(11213 7087 11153 4909)
4(4253 3596 11213 4909)
4(11213 7089 11211 4909)
4(712 6239 11211 7089)
4(11213 4909 11212 7130)
4(736 7130 11212 3241)
4(737 7089 11211 6297)
4(737 6297 11212 7130)
4(11214 6241 10558 4910)
4(11214 4910 11156 6242)
4(11215 4910 10558 6295)
4(11215 6297 11211 4910)
4(11215 4910 11214 6300)
4(257 6300 11214 6241)
4(257 6295 11215 6300)
4(11216 7088 11156 4910)
4(11216 4910 11211 7089)
4(11216 7091 11214 4910)
4(713 6242 11214 7091)
4(11216 4910 11215 7131)
4(737 7131 11215 6297)
4(738 7091 11214 6300)
4(738 6300 11215 7131)
4(11217 6244 10559 4911)
4(11217 4911 11159 6245)
4(11218 4911 10559 6298)
4(11218 6300 11214 4911)
4(11218 4911 11217 6303)
4(258 6303 11217 6244)
4(258 6298 11218 6303)
4(11219 7090 11159 4911)
4(11219 4911 11214 7091)
4(11219 7093 11217 4911)
4(714 6245 11217 7093)
4(11219 4911 11218 7133)
4(738 7133 11218 6300)
4(739 7093 11217 6303)
4(739 6303 11218 7133)
4(11220 6247 10560 4912)
4(11220 4912 11162 6248)
4(11221 4912 10560 6301)
4(11221 6303 11217 4912)
4(11221 4912 11220 6306)
4(259 6306 11220 6247)
4(259 6301 11221 6306)
4(11222 7092 11162 4912)
4(11222 4912 11217 7093)
4(11222 7095 11220 4912)
4(715 6248 11220 7095)
4(11222 4912 11221 7135)
4(739 7135 11221 6303)
4(740 7095 11220 6306)
4(740 6306 11221 7135)
4(11223 6250 10561 4913)
4(11223 4913 11165 6251)
4(11224 4913 10561 6304)
4(11224 6306 11220 4913)
4(11224 4913 11223 6309)
4(260 6309 11223 6250)
4(260 6304 11224 6309)
4(11225 7094 11165 4913)
4(11225 4913 11220 7095)
4(11225 7097 11223 4913)
4(716 6251 11223 7097)
4(11225 4913 11224 7137)
4(740 7137 11224 6306)
4(741 7097 11223 6309)
4(741 6309 11224 7137)
4(11226 6253 10562 4914)
4(11226 4914 11168 6254)
4(11227 4914 10562 6307)
4(11227 6309 11223 4914)
4(11227 4914 11226 6312)
4(261 6312 11226 6253)
4(261 6307 11227 6312)
4(11228 7096 11168 4914)
4(11228 4914 11223 7097)
4(11228 7099 11226 4914)
4(717 6254 11226 7099)
4(11228 4914 11227 7139)
4(741 7139 11227 6309)
4(742 7099 11226 6312)
4(742 6312 11227 7139)
4(11229 6256 10563 4915)
4(11229 4915 11171 6257)
4(11230 4915 10563 6310)
4(11230 6312 11226 4915)
4(11230 4915 11229 6315)
4(262 6315 11229 6256)
4(262 6310 11230 6315)
4(11231 7098 11171 4915)
4(11231 4915 11226 7099)
4(11231 7101 11229 4915)
4(718 6257 11229 7101)
4(11231 4915 11230 7141)
4(742 7141 11230 6312)
4(743 7101 11229 6315)
4(743 6315 11230 7141)
4(11232 6259 10564 4916)
4(11232 4916 11174 6260)
4(11233 4916 10564 6313)
4(11233 6315 11229 4916)
4(11233 4916 11232 6318)
4(263 6318 11232 6259)
4(263 6313 11233 6318)
4(11234 7100 11174 4916)
4(11234 4916 11229 7101)
4(11234 7103 11232 4916)
4(719 6260 11232 7103)
4(11234 4916 11233 7143)
4(743 7143 11233 6315)
4(744 7103 11232 6318)
4(744 6318 11233 7143)
4(11235 6262 10565 4917)
4(11235 4917 11177 6263)
4(11236 4917 10565 6316)
4(11236 6318 11232 4917)
4(11236 4917 11235 6321)
4(264 6321 11235 6262)
4(264 6316 11236 6321)
4(11237 7102 11177 4917)
4(11237 4917 11232 7103)
4(11237 7105 11235 4917)
4(720 6263 11235 7105)
4(11237 4917 11236 7145)
4(744 7145 11236 6318)
4(745 7105 11235 6321)
4(745 6321 11236 7145)
4(11238 6265 10566 4918)
4(11238 4918 11180 6266)
4(11239 4918 10566 6319)
4(11239 6321 11235 4918)
4(11239 4918 11238 6324)
4(265 6324 11238 6265)
4(265 6319 11239 6324)
4(11240 7104 11180 4918)
4(11240 4918 11235 7105)
4(11240 7107 11238 4918)
4(721 6266 11238 7107)
4(11240 4918 11239 7147)
4(745 7147 11239 6321)
4(746 7107 11238 6324)
4(746 6324 11239 7147)
4(11241 6268 10567 4919)
4(11241 4919 11183 6269)
4(11242 4919 10567 6322)
4(11242 6324 11238 4919)
4(11242 4919 11241 6327)
4(266 6327 11241 6268)
4(266 6322 11242 6327)
4(11243 7106 11183 4919)
4(11243 4919 11238 7107)
4(11243 7109 11241 4919)
4(722 6269 11241 7109)
4(11243 4919 11242 7149)
4(746 7149 11242 6324)
4(747 7109 11241 6327)
4(747 6327 11242 7149)
4(11244 6271 10568 4920)
4(11244 4920 11186 6272)
4(11245 4920 10568 6325)
4(11245 6327 11241 4920)
4(11245 4920 11244 6330)
4(267 6330 11244 6271)
4(267 6325 11245 6330)
4(11246 7108 11186 4920)
4(11246 4920 11241 7109)
4(11246 7111 11244 4920)
4(723 6272 11244 7111)
4(11246 4920 11245 7151)
4(747 7151 11245 6327)
4(748 7111 11244 6330)
4(748 6330 11245 7151)
4(11247 6274 10569 4921)
4(11247 4921 11189 6275)
4(11248 4921 10569 6328)
4(11248 6330 11244 4921)
4(11248 4921 11247 6333)
4(268 6333 11247 6274)
4(268 6328 11248 6333)
4(11249 7110 11189 4921)
4(11249 4921 11244 7111)
4(11249 7113 11247 4921)
4(724 6275 11247 7113)
4(11249 4921 11248 7153)
4(748 7153 11248 6330)
4(749 7113 11247 6333)
4(749 6333 11248 7153)
4(11250 6277 10570 4922)
4(11250 4922 11192 6278)
4(11251 4922 10570 6331)
4(11251 6333 11247 4922)
4(11251 4922 11250 6336)
4(269 6336 11250 6277)
4(269 6331 11251 6336)
4(11252 7112 11192 4922)
4(11252 4922 11247 7113)
4(11252 7115 11250 4922)
4(725 6278 11250 7115)
4(11252 4922 11251 7155)
4(749 7155 11251 6333)
4(750 7115 11250 6336)
4(750 6336 11251 7155)
4(11253 6280 10571 4923)
4(11253 4923 11195 6281)
4(11254 4923 10571 6334)
4(11254 6336 11250 4923)
4(11254 4923 11253 6339)
4(270 6339 11253 6280)
4(270 6334 11254 6339)
4(11255 7114 11195 4923)
4(11255 4923 11250 7115)
4(11255 7117 11253 4923)
4(726 6281 11253 7117)
4(11255 4923 11254 7157)
4(750 7157 11254 6336)
4(751 7117 11253 6339)
4(751 6339 11254 7157)
4(11256 6283 10572 4924)
4(11256 4924 11198 6284)
4(11257 4924 10572 6337)
4(11257 6339 11253 4924)
4(11257 4924 11256 6342)
4(271 6342 11256 6283)
4(271 6337 11257 6342)
4(11258 7116 11198 4924)
4(11258 4924 11253 7117)
4(11258 7119 11256 4924)
4(727 6284 11256 7119)
4(11258 4924 11257 7159)
4(751 7159 11257 6339)
4(752 7119 11256 6342)
4(752 6342 11257 7159)
4(11259 6286 10573 4925)
4(11259 4925 11201 6287)
4(11260 4925 10573 6340)
4(11260 6342 11256 4925)
4(11260 4925 11259 6345)
4(272 6345 11259 6286)
4(272 6340 11260 6345)
4(11261 7118 11201 4925)
4(11261 4925 11256 7119)
4(11261 7121 11259 4925)
4(728 6287 11259 7121)
4(11261 4925 11260 7161)
4(752 7161 11260 6342)
4(753 7121 11259 6345)
4(753 6345 11260 7161)
4(11262 6289 10574 4926)
4(11262 4926 11204 6290)
4(11263 4926 10574 6343)
4(11263 6345 11259 4926)
4(11263 4926 11262 6348)
4(273 6348 11262 6289)
4(273 6343 11263 6348)
4(11264 7120 11204 4926)
4(11264 4926 11259 7121)
4(11264 7123 11262 4926)
4(729 6290 11262 7123)
4(11264 4926 11263 7163)
4(753 7163 11263 6345)
4(754 7123 11262 6348)
4(754 6348 11263 7163)
4(11265 6292 10575 4927)
4(11265 4927 11207 6293)
4(11266 4927 10575 6346)
4(11266 6348 11262 4927)
4(11266 4927 11265 6351)
4(274 6351 11265 6292)
4(274 6346 11266 6351)
4(11267 7122 11207 4927)
4(11267 4927 11262 7123)
4(11267 7125 11265 4927)
4(730 6293 11265 7125)
4(11267 4927 11266 7165)
4(754 7165 11266 6348)
4(755 7125 11265 6351)
4(755 6351 11266 7165)
4(4256 3227 10576 4928)
4(4256 4928 11209 3228)
4(11268 4928 10576 6349)
4(11268 6351 11265 4928)
4(4256 3244 11268 4928)
4(275 6349 11268 3244)
4(11269 7124 11209 4928)
4(11269 4928 11265 7125)
4(11269 3598 4256 4928)
4(11269 4928 11268 7167)
4(755 7167 11268 6351)
4(756 3244 11268 7167)
4(11270 6296 10577 4929)
4(11270 4929 11212 6297)
4(11271 4929 10577 6352)
4(11271 4557 4675 4929)
4(11271 4929 11270 6355)
4(281 6355 11270 6296)
4(281 6352 11271 6355)
4(11272 7130 11212 4929)
4(4675 4599 11272 4929)
4(11272 7132 11270 4929)
4(737 6297 11270 7132)
4(11272 4929 11271 7173)
4(761 7173 11271 4557)
4(762 7132 11270 6355)
4(762 6355 11271 7173)
4(11273 6299 10578 4930)
4(11273 4930 11215 6300)
4(11274 4930 10578 6353)
4(11274 6355 11270 4930)
4(11274 4930 11273 6358)
4(282 6358 11273 6299)
4(282 6353 11274 6358)
4(11275 7131 11215 4930)
4(11275 4930 11270 7132)
4(11275 7134 11273 4930)
4(738 6300 11273 7134)
4(11275 4930 11274 7175)
4(762 7175 11274 6355)
4(763 7134 11273 6358)
4(763 6358 11274 7175)
4(11276 6302 10579 4931)
4(11276 4931 11218 6303)
4(11277 4931 10579 6356)
4(11277 6358 11273 4931)
4(11277 4931 11276 6361)
4(283 6361 11276 6302)
4(283 6356 11277 6361)
4(11278 7133 11218 4931)
4(11278 4931 11273 7134)
4(11278 7136 11276 4931)
4(739 6303 11276 7136)
4(11278 4931 11277 7177)
4(763 7177 11277 6358)
4(764 7136 11276 6361)
4(764 6361 11277 7177)
4(11279 6305 10580 4932)
4(11279 4932 11221 6306)
4(11280 4932 10580 6359)
4(11280 6361 11276 4932)
4(11280 4932 11279 6364)
4(284 6364 11279 6305)
4(284 6359 11280 6364)
4(11281 7135 11221 4932)
4(11281 4932 11276 7136)
4(11281 7138 11279 4932)
4(740 6306 11279 7138)
4(11281 4932 11280 7179)
4(764 7179 11280 6361)
4(765 7138 11279 6364)
4(765 6364 11280 7179)
4(11282 6308 10581 4933)
4(11282 4933 11224 6309)
4(11283 4933 10581 6362)
4(11283 6364 11279 4933)
4(11283 4933 11282 6367)
4(285 6367 11282 6308)
4(285 6362 11283 6367)
4(11284 7137 11224 4933)
4(11284 4933 11279 7138)
4(11284 7140 11282 4933)
4(741 6309 11282 7140)
4(11284 4933 11283 7181)
4(765 7181 11283 6364)
4(766 7140 11282 6367)
4(766 6367 11283 7181)
4(11285 6311 10582 4934)
4(11285 4934 11227 6312)
4(11286 4934 10582 6365)
4(11286 6367 11282 4934)
4(11286 4934 11285 6370)
4(286 6370 11285 6311)
4(286 6365 11286 6370)
4(11287 7139 11227 4934)
4(11287 4934 11282 7140)
4(11287 7142 11285 4934)
4(742 6312 11285 7142)
4(11287 4934 11286 7183)
4(766 7183 11286 6367)
4(767 7142 11285 6370)
4(767 6370 11286 7183)
4(11288 6314 10583 4935)
4(11288 4935 11230 6315)
4(11289 4935 10583 6368)
4(11289 6370 11285 4935)
4(11289 4935 11288 6373)
4(287 6373 11288 6314)
4(287 6368 11289 6373)
4(11290 7141 11230 4935)
4(11290 4935 11285 7142)
4(11290 7144 11288 4935)
4(743 6315 11288 7144)
4(11290 4935 11289 7185)
4(767 7185 11289 6370)
4(768 7144 11288 6373)
4(768 6373 11289 7185)
4(11291 6317 10584 4936)
4(11291 4936 11233 6318)
4(11292 4936 10584 6371)
4(11292 6373 11288 4936)
4(11292 4936 11291 6376)
4(288 6376 11291 6317)
4(288 6371 11292 6376)
4(11293 7143 11233 4936)
4(11293 4936 11288 7144)
4(11293 7146 11291 4936)
4(744 6318 11291 7146)
4(11293 4936 11292 7187)
4(768 7187 11292 6373)
4(769 7146 11291 6376)
4(769 6376 11292 7187)
4(11294 6320 10585 4937)
4(11294 4937 11236 6321)
4(11295 4937 10585 6374)
4(11295 6376 11291 4937)
4(11295 4937 11294 6379)
4(289 6379 11294 6320)
4(289 6374 11295 6379)
4(11296 7145 11236 4937)
4(11296 4937 11291 7146)
4(11296 7148 11294 4937)
4(745 6321 11294 7148)
4(11296 4937 11295 7189)
4(769 7189 11295 6376)
4(770 7148 11294 6379)
4(770 6379 11295 7189)
4(11297 6323 10586 4938)
4(11297 4938 11239 6324)
4(11298 4938 10586 6377)
4(11298 6379 11294 4938)
4(11298 4938 11297 6382)
4(290 6382 11297 6323)
4(290 6377 11298 6382)
4(11299 7147 11239 4938)
4(11299 4938 11294 7148)
4(11299 7150 11297 4938)
4(746 6324 11297 7150)
4(11299 4938 11298 7191)
4(770 7191 11298 6379)
4(771 7150 11297 6382)
4(771 6382 11298 7191)
4(11300 6326 10587 4939)
4(11300 4939 11242 6327)
4(11301 4939 10587 6380)
4(11301 6382 11297 4939)
4(11301 4939 11300 6385)
4(291 6385 11300 6326)
4(291 6380 11301 6385)
4(11302 7149 11242 4939)
4(11302 4939 11297 7150)
4(11302 7152 11300 4939)
4(747 6327 11300 7152)
4(11302 4939 11301 7193)
4(771 7193 11301 6382)
4(772 7152 11300 6385)
4(772 6385 11301 7193)
4(11303 6329 10588 4940)
4(11303 4940 11245 6330)
4(11304 4940 10588 6383)
4(11304 6385 11300 4940)
4(11304 4940 11303 6388)
4(292 6388 11303 6329)
4(292 6383 11304 6388)
4(11305 7151 11245 4940)
4(11305 4940 11300 7152)
4(11305 7154 11303 4940)
4(748 6330 11303 7154)
4(11305 4940 11304 7195)
4(772 7195 11304 6385)
4(773 7154 11303 6388)
4(773 6388 11304 7195)
4(11306 6332 10589 4941)
4(11306 4941 11248 6333)
4(11307 4941 10589 6386)
4(11307 6388 11303 4941)
4(11307 4941 11306 6391)
4(293 6391 11306 6332)
4(293 6386 11307 6391)
4(11308 7153 11248 4941)
4(11308 4941 11303 7154)
4(11308 7156 11306 4941)
4(749 6333 11306 7156)
4(11308 4941 11307 7197)
4(773 7197 11307 6388)
4(774 7156 11306 6391)
4(774 6391 11307 7197)
4(11309 6335 10590 4942)
4(11309 4942 11251 6336)
4(11310 4942 10590 6389)
4(11310 6391 11306 4942)
4(11310 4942 11309 6394)
4(294 6394 11309 6335)
4(294 6389 11310 6394)
4(11311 7155 11251 4942)
4(11311 4942 11306 7156)
4(11311 7158 11309 4942)
4(750 6336 11309 7158)
4(11311 4942 11310 7199)
4(774 7199 11310 6391)
4(775 7158 11309 6394)
4(775 6394 11310 7199)
4(11312 6338 10591 4943)
4(11312 4943 11254 6339)
4(11313 4943 10591 6392)
4(11313 6394 11309 4943)
4(11313 4943 11312 6397)
4(295 6397 11312 6338)
4(295 6392 11313 6397)
4(11314 7157 11254 4943)
4(11314 4943 11309 7158)
4(11314 7160 11312 4943)
4(751 6339 11312 7160)
4(11314 4943 11313 7201)
4(775 7201 11313 6394)
4(776 7160 11312 6397)
4(776 6397 11313 7201)
4(11315 6341 10592 4944)
4(11315 4944 11257 6342)
4(11316 4944 10592 6395)
4(11316 6397 11312 4944)
4(11316 4944 11315 6400)
4(296 6400 11315 6341)
4(296 6395 11316 6400)
4(11317 7159 11257 4944)
4(11317 4944 11312 7160)
4(11317 7162 11315 4944)
4(752 6342 11315 7162)
4(11317 4944 11316 7203)
4(776 7203 11316 6397)
4(777 7162 11315 6400)
4(777 6400 11316 7203)
4(11318 6344 10593 4945)
4(11318 4945 11260 6345)
4(11319 4945 10593 6398)
4(11319 6400 11315 4945)
4(11319 4945 11318 6403)
4(297 6403 11318 6344)
4(297 6398 11319 6403)
4(11320 7161 11260 4945)
4(11320 4945 11315 7162)
4(11320 7164 11318 4945)
4(753 6345 11318 7164)
4(11320 4945 11319 7205)
4(777 7205 11319 6400)
4(778 7164 11318 6403)
4(778 6403 11319 7205)
4(11321 6347 10594 4946)
4(11321 4946 11263 6348)
4(11322 4946 10594 6401)
4(11322 6403 11318 4946)
4(11322 4946 11321 6406)
4(298 6406 11321 6347)
4(298 6401 11322 6406)
4(11323 7163 11263 4946)
4(11323 4946 11318 7164)
4(11323 7166 11321 4946)
4(754 6348 11321 7166)
4(11323 4946 11322 7207)
4(778 7207 11322 6403)
4(779 7166 11321 6406)
4(779 6406 11322 7207)
4(11324 6350 10595 4947)
4(11324 4947 11266 6351)
4(11325 4947 10595 6404)
4(11325 6406 11321 4947)
4(11325 4947 11324 6409)
4(299 6409 11324 6350)
4(299 6404 11325 6409)
4(11326 7165 11266 4947)
4(11326 4947 11321 7166)
4(11326 7168 11324 4947)
4(755 6351 11324 7168)
4(11326 4947 11325 7209)
4(779 7209 11325 6406)
4(780 7168 11324 6409)
4(780 6409 11325 7209)
4(4267 3243 10596 4948)
4(4267 4948 11268 3244)
4(11327 4948 10596 6407)
4(11327 6409 11324 4948)
4(4267 3259 11327 4948)
4(300 6407 11327 3259)
4(11328 7167 11268 4948)
4(11328 4948 11324 7168)
4(11328 3607 4267 4948)
4(11328 4948 11327 7211)
4(780 7211 11327 6409)
4(781 3259 11327 7211)
4(11329 3256 4018 4949)
4(4676 4557 11329 4949)
4(4018 3266 11330 4949)
4(11330 3268 4275 4949)
4(11330 4949 11329 6411)
4(304 6411 11329 3256)
4(304 3266 11330 6411)
4(11331 4600 4676 4949)
4(4275 3613 11331 4949)
4(11331 7174 11329 4949)
4(761 4557 11329 7174)
4(761 7174 11331 4600)
4(11331 4949 11330 7215)
4(784 7215 11330 3268)
4(784 3613 11331 7215)
4(785 7174 11329 6411)
4(785 6411 11330 7215)
4(785 7215 11331 7174)
4(11332 6354 10597 4950)
4(11332 4950 11271 6355)
4(11333 4950 10597 6410)
4(11333 6411 11329 4950)
4(11333 4950 11332 6414)
4(305 6414 11332 6354)
4(305 6410 11333 6414)
4(11334 7173 11271 4950)
4(11334 4950 11329 7174)
4(11334 7176 11332 4950)
4(762 6355 11332 7176)
4(11334 4950 11333 7217)
4(785 7217 11333 6411)
4(786 7176 11332 6414)
4(786 6414 11333 7217)
4(11335 6357 10598 4951)
4(11335 4951 11274 6358)
4(11336 4951 10598 6412)
4(11336 6414 11332 4951)
4(11336 4951 11335 6417)
4(306 6417 11335 6357)
4(306 6412 11336 6417)
4(11337 7175 11274 4951)
4(11337 4951 11332 7176)
4(11337 7178 11335 4951)
4(763 6358 11335 7178)
4(11337 4951 11336 7220)
4(786 7220 11336 6414)
4(787 7178 11335 6417)
4(787 6417 11336 7220)
4(11338 6360 10599 4952)
4(11338 4952 11277 6361)
4(11339 4952 10599 6415)
4(11339 6417 11335 4952)
4(11339 4952 11338 6420)
4(307 6420 11338 6360)
4(307 6415 11339 6420)
4(11340 7177 11277 4952)
4(11340 4952 11335 7178)
4(11340 7180 11338 4952)
4(764 6361 11338 7180)
4(11340 4952 11339 7222)
4(787 7222 11339 6417)
4(788 7180 11338 6420)
4(788 6420 11339 7222)
4(11341 6363 10600 4953)
4(11341 4953 11280 6364)
4(11342 4953 10600 6418)
4(11342 6420 11338 4953)
4(11342 4953 11341 6423)
4(308 6423 11341 6363)
4(308 6418 11342 6423)
4(11343 7179 11280 4953)
4(11343 4953 11338 7180)
4(11343 7182 11341 4953)
4(765 6364 11341 7182)
4(11343 4953 11342 7224)
4(788 7224 11342 6420)
4(789 7182 11341 6423)
4(789 6423 11342 7224)
4(11344 6366 10601 4954)
4(11344 4954 11283 6367)
4(11345 4954 10601 6421)
4(11345 6423 11341 4954)
4(11345 4954 11344 6426)
4(309 6426 11344 6366)
4(309 6421 11345 6426)
4(11346 7181 11283 4954)
4(11346 4954 11341 7182)
4(11346 7184 11344 4954)
4(766 6367 11344 7184)
4(11346 4954 11345 7226)
4(789 7226 11345 6423)
4(790 7184 11344 6426)
4(790 6426 11345 7226)
4(11347 6369 10602 4955)
4(11347 4955 11286 6370)
4(11348 4955 10602 6424)
4(11348 6426 11344 4955)
4(11348 4955 11347 6429)
4(310 6429 11347 6369)
4(310 6424 11348 6429)
4(11349 7183 11286 4955)
4(11349 4955 11344 7184)
4(11349 7186 11347 4955)
4(767 6370 11347 7186)
4(11349 4955 11348 7228)
4(790 7228 11348 6426)
4(791 7186 11347 6429)
4(791 6429 11348 7228)
4(11350 6372 10603 4956)
4(11350 4956 11289 6373)
4(11351 4956 10603 6427)
4(11351 6429 11347 4956)
4(11351 4956 11350 6432)
4(311 6432 11350 6372)
4(311 6427 11351 6432)
4(11352 7185 11289 4956)
4(11352 4956 11347 7186)
4(11352 7188 11350 4956)
4(768 6373 11350 7188)
4(11352 4956 11351 7230)
4(791 7230 11351 6429)
4(792 7188 11350 6432)
4(792 6432 11351 7230)
4(11353 6375 10604 4957)
4(11353 4957 11292 6376)
4(11354 4957 10604 6430)
4(11354 6432 11350 4957)
4(11354 4957 11353 6435)
4(312 6435 11353 6375)
4(312 6430 11354 6435)
4(11355 7187 11292 4957)
4(11355 4957 11350 7188)
4(11355 7190 11353 4957)
4(769 6376 11353 7190)
4(11355 4957 11354 7232)
4(792 7232 11354 6432)
4(793 7190 11353 6435)
4(793 6435 11354 7232)
4(11356 6378 10605 4958)
4(11356 4958 11295 6379)
4(11357 4958 10605 6433)
4(11357 6435 11353 4958)
4(11357 4958 11356 6438)
4(313 6438 11356 6378)
4(313 6433 11357 6438)
4(11358 7189 11295 4958)
4(11358 4958 11353 7190)
4(11358 7192 11356 4958)
4(770 6379 11356 7192)
4(11358 4958 11357 7234)
4(793 7234 11357 6435)
4(794 7192 11356 6438)
4(794 6438 11357 7234)
4(11359 6381 10606 4959)
4(11359 4959 11298 6382)
4(11360 4959 10606 6436)
4(11360 6438 11356 4959)
4(11360 4959 11359 6441)
4(314 6441 11359 6381)
4(314 6436 11360 6441)
4(11361 7191 11298 4959)
4(11361 4959 11356 7192)
4(11361 7194 11359 4959)
4(771 6382 11359 7194)
4(11361 4959 11360 7236)
4(794 7236 11360 6438)
4(795 7194 11359 6441)
4(795 6441 11360 7236)
4(11362 6384 10607 4960)
4(11362 4960 11301 6385)
4(11363 4960 10607 6439)
4(11363 6441 11359 4960)
4(11363 4960 11362 6444)
4(315 6444 11362 6384)
4(315 6439 11363 6444)
4(11364 7193 11301 4960)
4(11364 4960 11359 7194)
4(11364 7196 11362 4960)
4(772 6385 11362 7196)
4(11364 4960 11363 7238)
4(795 7238 11363 6441)
4(796 7196 11362 6444)
4(796 6444 11363 7238)
4(11365 6387 10608 4961)
4(11365 4961 11304 6388)
4(11366 4961 10608 6442)
4(11366 6444 11362 4961)
4(11366 4961 11365 6447)
4(316 6447 11365 6387)
4(316 6442 11366 6447)
4(11367 7195 11304 4961)
4(11367 4961 11362 7196)
4(11367 7198 11365 4961)
4(773 6388 11365 7198)
4(11367 4961 11366 7240)
4(796 7240 11366 6444)
4(797 7198 11365 6447)
4(797 6447 11366 7240)
4(11368 6390 10609 4962)
4(11368 4962 11307 6391)
4(11369 4962 10609 6445)
4(11369 6447 11365 4962)
4(11369 4962 11368 6450)
4(317 6450 11368 6390)
4(317 6445 11369 6450)
4(11370 7197 11307 4962)
4(11370 4962 11365 7198)
4(11370 7200 11368 4962)
4(774 6391 11368 7200)
4(11370 4962 11369 7242)
4(797 7242 11369 6447)
4(798 7200 11368 6450)
4(798 6450 11369 7242)
4(11371 6393 10610 4963)
4(11371 4963 11310 6394)
4(11372 4963 10610 6448)
4(11372 6450 11368 4963)
4(11372 4963 11371 6453)
4(318 6453 11371 6393)
4(318 6448 11372 6453)
4(11373 7199 11310 4963)
4(11373 4963 11368 7200)
4(11373 7202 11371 4963)
4(775 6394 11371 7202)
4(11373 4963 11372 7244)
4(798 7244 11372 6450)
4(799 7202 11371 6453)
4(799 6453 11372 7244)
4(11374 6396 10611 4964)
4(11374 4964 11313 6397)
4(11375 4964 10611 6451)
4(11375 6453 11371 4964)
4(11375 4964 11374 6456)
4(319 6456 11374 6396)
4(319 6451 11375 6456)
4(11376 7201 11313 4964)
4(11376 4964 11371 7202)
4(11376 7204 11374 4964)
4(776 6397 11374 7204)
4(11376 4964 11375 7246)
4(799 7246 11375 6453)
4(800 7204 11374 6456)
4(800 6456 11375 7246)
4(11377 6399 10612 4965)
4(11377 4965 11316 6400)
4(11378 4965 10612 6454)
4(11378 6456 11374 4965)
4(11378 4965 11377 6459)
4(320 6459 11377 6399)
4(320 6454 11378 6459)
4(11379 7203 11316 4965)
4(11379 4965 11374 7204)
4(11379 7206 11377 4965)
4(777 6400 11377 7206)
4(11379 4965 11378 7248)
4(800 7248 11378 6456)
4(801 7206 11377 6459)
4(801 6459 11378 7248)
4(11380 6402 10613 4966)
4(11380 4966 11319 6403)
4(11381 4966 10613 6457)
4(11381 6459 11377 4966)
4(11381 4966 11380 6462)
4(321 6462 11380 6402)
4(321 6457 11381 6462)
4(11382 7205 11319 4966)
4(11382 4966 11377 7206)
4(11382 7208 11380 4966)
4(778 6403 11380 7208)
4(11382 4966 11381 7250)
4(801 7250 11381 6459)
4(802 7208 11380 6462)
4(802 6462 11381 7250)
4(11383 6405 10614 4967)
4(11383 4967 11322 6406)
4(11384 4967 10614 6460)
4(11384 6462 11380 4967)
4(11384 4967 11383 6465)
4(322 6465 11383 6405)
4(322 6460 11384 6465)
4(11385 7207 11322 4967)
4(11385 4967 11380 7208)
4(11385 7210 11383 4967)
4(779 6406 11383 7210)
4(11385 4967 11384 7252)
4(802 7252 11384 6462)
4(803 7210 11383 6465)
4(803 6465 11384 7252)
4(11386 6408 10615 4968)
4(11386 4968 11325 6409)
4(11387 4968 10615 6463)
4(11387 6465 11383 4968)
4(11387 4968 11386 6468)
4(323 6468 11386 6408)
4(323 6463 11387 6468)
4(11388 7209 11325 4968)
4(11388 4968 11383 7210)
4(11388 7212 11386 4968)
4(780 6409 11386 7212)
4(11388 4968 11387 7254)
4(803 7254 11387 6465)
4(804 7212 11386 6468)
4(804 6468 11387 7254)
4(4278 3258 10616 4969)
4(4278 4969 11327 3259)
4(11389 4969 10616 6466)
4(11389 6468 11386 4969)
4(4278 3272 11389 4969)
4(324 6466 11389 3272)
4(11390 7211 11327 4969)
4(11390 4969 11386 7212)
4(11390 3615 4278 4969)
4(11390 4969 11389 7256)
4(804 7256 11389 6468)
4(805 3272 11389 7256)
4(11391 3269 4022 4970)
4(11391 4970 11330 6411)
4(4288 4970 4022 3277)
4(4285 4970 4288 3279)
4(11391 3282 4288 4970)
4(327 3282 11391 3269)
4(11392 7215 11330 4970)
4(4285 3620 11392 4970)
4(11392 7218 11391 4970)
4(785 6411 11391 7218)
4(785 7218 11392 7215)
4(4288 3626 11392 4970)
4(807 3620 11392 3626)
4(808 7218 11391 3282)
4(808 3626 11392 7218)
4(11393 6413 10617 4971)
4(11393 4971 11333 6414)
4(4289 4971 10617 3280)
4(4289 3282 11391 4971)
4(11393 3284 4289 4971)
4(328 3284 11393 6413)
4(11394 7217 11333 4971)
4(11394 4971 11391 7218)
4(11394 7221 11393 4971)
4(786 6414 11393 7221)
4(4289 3628 11394 4971)
4(809 7221 11393 3284)
4(11395 6416 10618 4972)
4(11395 4972 11336 6417)
4(11396 4972 10618 6469)
4(11396 3284 11393 4972)
4(11396 4972 11395 6472)
4(329 6472 11395 6416)
4(329 6469 11396 6472)
4(11397 7220 11336 4972)
4(11397 4972 11393 7221)
4(11397 7223 11395 4972)
4(787 6417 11395 7223)
4(11397 4972 11396 7262)
4(809 7262 11396 3284)
4(810 7223 11395 6472)
4(810 6472 11396 7262)
4(11398 6419 10619 4973)
4(11398 4973 11339 6420)
4(11399 4973 10619 6470)
4(11399 6472 11395 4973)
4(11399 4973 11398 6475)
4(330 6475 11398 6419)
4(330 6470 11399 6475)
4(11400 7222 11339 4973)
4(11400 4973 11395 7223)
4(11400 7225 11398 4973)
4(788 6420 11398 7225)
4(11400 4973 11399 7263)
4(810 7263 11399 6472)
4(811 7225 11398 6475)
4(811 6475 11399 7263)
4(11401 6422 10620 4974)
4(11401 4974 11342 6423)
4(11402 4974 10620 6473)
4(11402 6475 11398 4974)
4(11402 4974 11401 6478)
4(331 6478 11401 6422)
4(331 6473 11402 6478)
4(11403 7224 11342 4974)
4(11403 4974 11398 7225)
4(11403 7227 11401 4974)
4(789 6423 11401 7227)
4(11403 4974 11402 7265)
4(811 7265 11402 6475)
4(812 7227 11401 6478)
4(812 6478 11402 7265)
4(11404 6425 10621 4975)
4(11404 4975 11345 6426)
4(11405 4975 10621 6476)
4(11405 6478 11401 4975)
4(11405 4975 11404 6481)
4(332 6481 11404 6425)
4(332 6476 11405 6481)
4(11406 7226 11345 4975)
4(11406 4975 11401 7227)
4(11406 7229 11404 4975)
4(790 6426 11404 7229)
4(11406 4975 11405 7267)
4(812 7267 11405 6478)
4(813 7229 11404 6481)
4(813 6481 11405 7267)
4(11407 6428 10622 4976)
4(11407 4976 11348 6429)
4(11408 4976 10622 6479)
4(11408 6481 11404 4976)
4(11408 4976 11407 6484)
4(333 6484 11407 6428)
4(333 6479 11408 6484)
4(11409 7228 11348 4976)
4(11409 4976 11404 7229)
4(11409 7231 11407 4976)
4(791 6429 11407 7231)
4(11409 4976 11408 7269)
4(813 7269 11408 6481)
4(814 7231 11407 6484)
4(814 6484 11408 7269)
4(11410 6431 10623 4977)
4(11410 4977 11351 6432)
4(11411 4977 10623 6482)
4(11411 6484 11407 4977)
4(11411 4977 11410 6487)
4(334 6487 11410 6431)
4(334 6482 11411 6487)
4(11412 7230 11351 4977)
4(11412 4977 11407 7231)
4(11412 7233 11410 4977)
4(792 6432 11410 7233)
4(11412 4977 11411 7271)
4(814 7271 11411 6484)
4(815 7233 11410 6487)
4(815 6487 11411 7271)
4(11413 6434 10624 4978)
4(11413 4978 11354 6435)
4(11414 4978 10624 6485)
4(11414 6487 11410 4978)
4(11414 4978 11413 6490)
4(335 6490 11413 6434)
4(335 6485 11414 6490)
4(11415 7232 11354 4978)
4(11415 4978 11410 7233)
4(11415 7235 11413 4978)
4(793 6435 11413 7235)
4(11415 4978 11414 7273)
4(815 7273 11414 6487)
4(816 7235 11413 6490)
4(816 6490 11414 7273)
4(11416 6437 10625 4979)
4(11416 4979 11357 6438)
4(11417 4979 10625 6488)
4(11417 6490 11413 4979)
4(11417 4979 11416 6493)
4(336 6493 11416 6437)
4(336 6488 11417 6493)
4(11418 7234 11357 4979)
4(11418 4979 11413 7235)
4(11418 7237 11416 4979)
4(794 6438 11416 7237)
4(11418 4979 11417 7275)
4(816 7275 11417 6490)
4(817 7237 11416 6493)
4(817 6493 11417 7275)
4(11419 6440 10626 4980)
4(11419 4980 11360 6441)
4(11420 4980 10626 6491)
4(11420 6493 11416 4980)
4(11420 4980 11419 6496)
4(337 6496 11419 6440)
4(337 6491 11420 6496)
4(11421 7236 11360 4980)
4(11421 4980 11416 7237)
4(11421 7239 11419 4980)
4(795 6441 11419 7239)
4(11421 4980 11420 7277)
4(817 7277 11420 6493)
4(818 7239 11419 6496)
4(818 6496 11420 7277)
4(11422 6443 10627 4981)
4(11422 4981 11363 6444)
4(11423 4981 10627 6494)
4(11423 6496 11419 4981)
4(11423 4981 11422 6499)
4(338 6499 11422 6443)
4(338 6494 11423 6499)
4(11424 7238 11363 4981)
4(11424 4981 11419 7239)
4(11424 7241 11422 4981)
4(796 6444 11422 7241)
4(11424 4981 11423 7279)
4(818 7279 11423 6496)
4(819 7241 11422 6499)
4(819 6499 11423 7279)
4(11425 6446 10628 4982)
4(11425 4982 11366 6447)
4(11426 4982 10628 6497)
4(11426 6499 11422 4982)
4(11426 4982 11425 6502)
4(339 6502 11425 6446)
4(339 6497 11426 6502)
4(11427 7240 11366 4982)
4(11427 4982 11422 7241)
4(11427 7243 11425 4982)
4(797 6447 11425 7243)
4(11427 4982 11426 7281)
4(819 7281 11426 6499)
4(820 7243 11425 6502)
4(820 6502 11426 7281)
4(11428 6449 10629 4983)
4(11428 4983 11369 6450)
4(11429 4983 10629 6500)
4(11429 6502 11425 4983)
4(11429 4983 11428 6505)
4(340 6505 11428 6449)
4(340 6500 11429 6505)
4(11430 7242 11369 4983)
4(11430 4983 11425 7243)
4(11430 7245 11428 4983)
4(798 6450 11428 7245)
4(11430 4983 11429 7283)
4(820 7283 11429 6502)
4(821 7245 11428 6505)
4(821 6505 11429 7283)
4(11431 6452 10630 4984)
4(11431 4984 11372 6453)
4(11432 4984 10630 6503)
4(11432 6505 11428 4984)
4(11432 4984 11431 6508)
4(341 6508 11431 6452)
4(341 6503 11432 6508)
4(11433 7244 11372 4984)
4(11433 4984 11428 7245)
4(11433 7247 11431 4984)
4(799 6453 11431 7247)
4(11433 4984 11432 7285)
4(821 7285 11432 6505)
4(822 7247 11431 6508)
4(822 6508 11432 7285)
4(11434 6455 10631 4985)
4(11434 4985 11375 6456)
4(11435 4985 10631 6506)
4(11435 6508 11431 4985)
4(11435 4985 11434 6511)
4(342 6511 11434 6455)
4(342 6506 11435 6511)
4(11436 7246 11375 4985)
4(11436 4985 11431 7247)
4(11436 7249 11434 4985)
4(800 6456 11434 7249)
4(11436 4985 11435 7287)
4(822 7287 11435 6508)
4(823 7249 11434 6511)
4(823 6511 11435 7287)
4(11437 6458 10632 4986)
4(11437 4986 11378 6459)
4(11438 4986 10632 6509)
4(11438 6511 11434 4986)
4(11438 4986 11437 6514)
4(343 6514 11437 6458)
4(343 6509 11438 6514)
4(11439 7248 11378 4986)
4(11439 4986 11434 7249)
4(11439 7251 11437 4986)
4(801 6459 11437 7251)
4(11439 4986 11438 7289)
4(823 7289 11438 6511)
4(824 7251 11437 6514)
4(824 6514 11438 7289)
4(11440 6461 10633 4987)
4(11440 4987 11381 6462)
4(11441 4987 10633 6512)
4(11441 6514 11437 4987)
4(11441 4987 11440 6517)
4(344 6517 11440 6461)
4(344 6512 11441 6517)
4(11442 7250 11381 4987)
4(11442 4987 11437 7251)
4(11442 7253 11440 4987)
4(802 6462 11440 7253)
4(11442 4987 11441 7291)
4(824 7291 11441 6514)
4(825 7253 11440 6517)
4(825 6517 11441 7291)
4(11443 6464 10634 4988)
4(11443 4988 11384 6465)
4(11444 4988 10634 6515)
4(11444 6517 11440 4988)
4(11444 4988 11443 6520)
4(345 6520 11443 6464)
4(345 6515 11444 6520)
4(11445 7252 11384 4988)
4(11445 4988 11440 7253)
4(11445 7255 11443 4988)
4(803 6465 11443 7255)
4(11445 4988 11444 7293)
4(825 7293 11444 6517)
4(826 7255 11443 6520)
4(826 6520 11444 7293)
4(11446 6467 10635 4989)
4(11446 4989 11387 6468)
4(11447 4989 10635 6518)
4(11447 6520 11443 4989)
4(11447 4989 11446 3287)
4(346 3287 11446 6467)
4(346 6518 11447 3287)
4(11448 7254 11387 4989)
4(11448 4989 11443 7255)
4(11448 7257 11446 4989)
4(804 6468 11446 7257)
4(11448 4989 11447 7295)
4(826 7295 11447 6520)
4(827 7257 11446 3287)
4(827 3287 11447 7295)
4(4290 3271 10636 4990)
4(4290 4990 11389 3272)
4(4291 4990 10636 3285)
4(4291 3287 11446 4990)
4(4290 3290 4291 4990)
4(11449 7256 11389 4990)
4(11449 4990 11446 7257)
4(11449 3622 4290 4990)
4(4291 3631 11449 4990)
4(11450 6471 10637 4991)
4(11450 4991 11396 6472)
4(11451 4991 10637 6521)
4(11451 3301 4301 4991)
4(11451 4991 11450 6524)
4(352 6524 11450 6471)
4(352 6521 11451 6524)
4(11452 7262 11396 4991)
4(4301 3630 11452 4991)
4(11452 7264 11450 4991)
4(810 6472 11450 7264)
4(11452 4991 11451 7301)
4(832 7301 11451 3301)
4(833 7264 11450 6524)
4(833 6524 11451 7301)
4(11453 6474 10638 4992)
4(11453 4992 11399 6475)
4(11454 4992 10638 6522)
4(11454 6524 11450 4992)
4(11454 4992 11453 6527)
4(353 6527 11453 6474)
4(353 6522 11454 6527)
4(11455 7263 11399 4992)
4(11455 4992 11450 7264)
4(11455 7266 11453 4992)
4(811 6475 11453 7266)
4(11455 4992 11454 7302)
4(833 7302 11454 6524)
4(834 7266 11453 6527)
4(834 6527 11454 7302)
4(11456 6477 10639 4993)
4(11456 4993 11402 6478)
4(11457 4993 10639 6525)
4(11457 6527 11453 4993)
4(11457 4993 11456 6530)
4(354 6530 11456 6477)
4(354 6525 11457 6530)
4(11458 7265 11402 4993)
4(11458 4993 11453 7266)
4(11458 7268 11456 4993)
4(812 6478 11456 7268)
4(11458 4993 11457 7304)
4(834 7304 11457 6527)
4(835 7268 11456 6530)
4(835 6530 11457 7304)
4(11459 6480 10640 4994)
4(11459 4994 11405 6481)
4(11460 4994 10640 6528)
4(11460 6530 11456 4994)
4(11460 4994 11459 6533)
4(355 6533 11459 6480)
4(355 6528 11460 6533)
4(11461 7267 11405 4994)
4(11461 4994 11456 7268)
4(11461 7270 11459 4994)
4(813 6481 11459 7270)
4(11461 4994 11460 7306)
4(835 7306 11460 6530)
4(836 7270 11459 6533)
4(836 6533 11460 7306)
4(11462 6483 10641 4995)
4(11462 4995 11408 6484)
4(11463 4995 10641 6531)
4(11463 6533 11459 4995)
4(11463 4995 11462 6536)
4(356 6536 11462 6483)
4(356 6531 11463 6536)
4(11464 7269 11408 4995)
4(11464 4995 11459 7270)
4(11464 7272 11462 4995)
4(814 6484 11462 7272)
4(11464 4995 11463 7308)
4(836 7308 11463 6533)
4(837 7272 11462 6536)
4(837 6536 11463 7308)
4(11465 6486 10642 4996)
4(11465 4996 11411 6487)
4(11466 4996 10642 6534)
4(11466 6536 11462 4996)
4(11466 4996 11465 6539)
4(357 6539 11465 6486)
4(357 6534 11466 6539)
4(11467 7271 11411 4996)
4(11467 4996 11462 7272)
4(11467 7274 11465 4996)
4(815 6487 11465 7274)
4(11467 4996 11466 7310)
4(837 7310 11466 6536)
4(838 7274 11465 6539)
4(838 6539 11466 7310)
4(11468 6489 10643 4997)
4(11468 4997 11414 6490)
4(11469 4997 10643 6537)
4(11469 6539 11465 4997)
4(11469 4997 11468 6542)
4(358 6542 11468 6489)
4(358 6537 11469 6542)
4(11470 7273 11414 4997)
4(11470 4997 11465 7274)
4(11470 7276 11468 4997)
4(816 6490 11468 7276)
4(11470 4997 11469 7312)
4(838 7312 11469 6539)
4(839 7276 11468 6542)
4(839 6542 11469 7312)
4(11471 6492 10644 4998)
4(11471 4998 11417 6493)
4(11472 4998 10644 6540)
4(11472 6542 11468 4998)
4(11472 4998 11471 6545)
4(359 6545 11471 6492)
4(359 6540 11472 6545)
4(11473 7275 11417 4998)
4(11473 4998 11468 7276)
4(11473 7278 11471 4998)
4(817 6493 11471 7278)
4(11473 4998 11472 7314)
4(839 7314 11472 6542)
4(840 7278 11471 6545)
4(840 6545 11472 7314)
4(11474 6495 10645 4999)
4(11474 4999 11420 6496)
4(11475 4999 10645 6543)
4(11475 6545 11471 4999)
4(11475 4999 11474 6548)
4(360 6548 11474 6495)
4(360 6543 11475 6548)
4(11476 7277 11420 4999)
4(11476 4999 11471 7278)
4(11476 7280 11474 4999)
4(818 6496 11474 7280)
4(11476 4999 11475 7316)
4(840 7316 11475 6545)
4(841 7280 11474 6548)
4(841 6548 11475 7316)
4(11477 6498 10646 5000)
4(11477 5000 11423 6499)
4(11478 5000 10646 6546)
4(11478 6548 11474 5000)
4(11478 5000 11477 6551)
4(361 6551 11477 6498)
4(361 6546 11478 6551)
4(11479 7279 11423 5000)
4(11479 5000 11474 7280)
4(11479 7282 11477 5000)
4(819 6499 11477 7282)
4(11479 5000 11478 7318)
4(841 7318 11478 6548)
4(842 7282 11477 6551)
4(842 6551 11478 7318)
4(11480 6501 10647 5001)
4(11480 5001 11426 6502)
4(11481 5001 10647 6549)
4(11481 6551 11477 5001)
4(11481 5001 11480 6554)
4(362 6554 11480 6501)
4(362 6549 11481 6554)
4(11482 7281 11426 5001)
4(11482 5001 11477 7282)
4(11482 7284 11480 5001)
4(820 6502 11480 7284)
4(11482 5001 11481 7320)
4(842 7320 11481 6551)
4(843 7284 11480 6554)
4(843 6554 11481 7320)
4(11483 6504 10648 5002)
4(11483 5002 11429 6505)
4(11484 5002 10648 6552)
4(11484 6554 11480 5002)
4(11484 5002 11483 6557)
4(363 6557 11483 6504)
4(363 6552 11484 6557)
4(11485 7283 11429 5002)
4(11485 5002 11480 7284)
4(11485 7286 11483 5002)
4(821 6505 11483 7286)
4(11485 5002 11484 7322)
4(843 7322 11484 6554)
4(844 7286 11483 6557)
4(844 6557 11484 7322)
4(11486 6507 10649 5003)
4(11486 5003 11432 6508)
4(11487 5003 10649 6555)
4(11487 6557 11483 5003)
4(11487 5003 11486 6560)
4(364 6560 11486 6507)
4(364 6555 11487 6560)
4(11488 7285 11432 5003)
4(11488 5003 11483 7286)
4(11488 7288 11486 5003)
4(822 6508 11486 7288)
4(11488 5003 11487 7324)
4(844 7324 11487 6557)
4(845 7288 11486 6560)
4(845 6560 11487 7324)
4(11489 6510 10650 5004)
4(11489 5004 11435 6511)
4(11490 5004 10650 6558)
4(11490 6560 11486 5004)
4(11490 5004 11489 6563)
4(365 6563 11489 6510)
4(365 6558 11490 6563)
4(11491 7287 11435 5004)
4(11491 5004 11486 7288)
4(11491 7290 11489 5004)
4(823 6511 11489 7290)
4(11491 5004 11490 7326)
4(845 7326 11490 6560)
4(846 7290 11489 6563)
4(846 6563 11490 7326)
4(11492 6513 10651 5005)
4(11492 5005 11438 6514)
4(11493 5005 10651 6561)
4(11493 6563 11489 5005)
4(11493 5005 11492 6566)
4(366 6566 11492 6513)
4(366 6561 11493 6566)
4(11494 7289 11438 5005)
4(11494 5005 11489 7290)
4(11494 7292 11492 5005)
4(824 6514 11492 7292)
4(11494 5005 11493 7328)
4(846 7328 11493 6563)
4(847 7292 11492 6566)
4(847 6566 11493 7328)
4(11495 6516 10652 5006)
4(11495 5006 11441 6517)
4(11496 5006 10652 6564)
4(11496 6566 11492 5006)
4(11496 5006 11495 6569)
4(367 6569 11495 6516)
4(367 6564 11496 6569)
4(11497 7291 11441 5006)
4(11497 5006 11492 7292)
4(11497 7294 11495 5006)
4(825 6517 11495 7294)
4(11497 5006 11496 7330)
4(847 7330 11496 6566)
4(848 7294 11495 6569)
4(848 6569 11496 7330)
4(11498 6519 10653 5007)
4(11498 5007 11444 6520)
4(11499 5007 10653 6567)
4(11499 6569 11495 5007)
4(11499 5007 11498 6572)
4(368 6572 11498 6519)
4(368 6567 11499 6572)
4(11500 7293 11444 5007)
4(11500 5007 11495 7294)
4(11500 7296 11498 5007)
4(826 6520 11498 7296)
4(11500 5007 11499 7332)
4(848 7332 11499 6569)
4(849 7296 11498 6572)
4(849 6572 11499 7332)
4(4304 3286 10654 5008)
4(4304 5008 11447 3287)
4(11501 5008 10654 6570)
4(11501 6572 11498 5008)
4(4304 3304 11501 5008)
4(369 6570 11501 3304)
4(11502 7295 11447 5008)
4(11502 5008 11498 7296)
4(11502 3632 4304 5008)
4(11502 5008 11501 7334)
4(849 7334 11501 6572)
4(850 3304 11501 7334)
4(11503 6523 10655 5009)
4(11503 5009 11451 6524)
4(4318 5009 10655 3314)
4(4315 5009 4318 3316)
4(11503 3318 4318 5009)
4(374 3318 11503 6523)
4(11504 7301 11451 5009)
4(4315 3641 11504 5009)
4(11504 7303 11503 5009)
4(833 6524 11503 7303)
4(4318 3650 11504 5009)
4(855 7303 11503 3318)
4(11505 6526 10656 5010)
4(11505 5010 11454 6527)
4(11506 5010 10656 6573)
4(11506 3318 11503 5010)
4(11506 5010 11505 6576)
4(375 6576 11505 6526)
4(375 6573 11506 6576)
4(11507 7302 11454 5010)
4(11507 5010 11503 7303)
4(11507 7305 11505 5010)
4(834 6527 11505 7305)
4(11507 5010 11506 7340)
4(855 7340 11506 3318)
4(856 7305 11505 6576)
4(856 6576 11506 7340)
4(11508 6529 10657 5011)
4(11508 5011 11457 6530)
4(11509 5011 10657 6574)
4(11509 6576 11505 5011)
4(11509 5011 11508 6579)
4(376 6579 11508 6529)
4(376 6574 11509 6579)
4(11510 7304 11457 5011)
4(11510 5011 11505 7305)
4(11510 7307 11508 5011)
4(835 6530 11508 7307)
4(11510 5011 11509 7341)
4(856 7341 11509 6576)
4(857 7307 11508 6579)
4(857 6579 11509 7341)
4(11511 6532 10658 5012)
4(11511 5012 11460 6533)
4(11512 5012 10658 6577)
4(11512 6579 11508 5012)
4(11512 5012 11511 6582)
4(377 6582 11511 6532)
4(377 6577 11512 6582)
4(11513 7306 11460 5012)
4(11513 5012 11508 7307)
4(11513 7309 11511 5012)
4(836 6533 11511 7309)
4(11513 5012 11512 7343)
4(857 7343 11512 6579)
4(858 7309 11511 6582)
4(858 6582 11512 7343)
4(11514 6535 10659 5013)
4(11514 5013 11463 6536)
4(11515 5013 10659 6580)
4(11515 6582 11511 5013)
4(11515 5013 11514 6585)
4(378 6585 11514 6535)
4(378 6580 11515 6585)
4(11516 7308 11463 5013)
4(11516 5013 11511 7309)
4(11516 7311 11514 5013)
4(837 6536 11514 7311)
4(11516 5013 11515 7345)
4(858 7345 11515 6582)
4(859 7311 11514 6585)
4(859 6585 11515 7345)
4(11517 6538 10660 5014)
4(11517 5014 11466 6539)
4(11518 5014 10660 6583)
4(11518 6585 11514 5014)
4(11518 5014 11517 6588)
4(379 6588 11517 6538)
4(379 6583 11518 6588)
4(11519 7310 11466 5014)
4(11519 5014 11514 7311)
4(11519 7313 11517 5014)
4(838 6539 11517 7313)
4(11519 5014 11518 7347)
4(859 7347 11518 6585)
4(860 7313 11517 6588)
4(860 6588 11518 7347)
4(11520 6541 10661 5015)
4(11520 5015 11469 6542)
4(11521 5015 10661 6586)
4(11521 6588 11517 5015)
4(11521 5015 11520 6591)
4(380 6591 11520 6541)
4(380 6586 11521 6591)
4(11522 7312 11469 5015)
4(11522 5015 11517 7313)
4(11522 7315 11520 5015)
4(839 6542 11520 7315)
4(11522 5015 11521 7349)
4(860 7349 11521 6588)
4(861 7315 11520 6591)
4(861 6591 11521 7349)
4(11523 6544 10662 5016)
4(11523 5016 11472 6545)
4(11524 5016 10662 6589)
4(11524 6591 11520 5016)
4(11524 5016 11523 6594)
4(381 6594 11523 6544)
4(381 6589 11524 6594)
4(11525 7314 11472 5016)
4(11525 5016 11520 7315)
4(11525 7317 11523 5016)
4(840 6545 11523 7317)
4(11525 5016 11524 7351)
4(861 7351 11524 6591)
4(862 7317 11523 6594)
4(862 6594 11524 7351)
4(11526 6547 10663 5017)
4(11526 5017 11475 6548)
4(11527 5017 10663 6592)
4(11527 6594 11523 5017)
4(11527 5017 11526 6597)
4(382 6597 11526 6547)
4(382 6592 11527 6597)
4(11528 7316 11475 5017)
4(11528 5017 11523 7317)
4(11528 7319 11526 5017)
4(841 6548 11526 7319)
4(11528 5017 11527 7353)
4(862 7353 11527 6594)
4(863 7319 11526 6597)
4(863 6597 11527 7353)
4(11529 6550 10664 5018)
4(11529 5018 11478 6551)
4(11530 5018 10664 6595)
4(11530 6597 11526 5018)
4(11530 5018 11529 6600)
4(383 6600 11529 6550)
4(383 6595 11530 6600)
4(11531 7318 11478 5018)
4(11531 5018 11526 7319)
4(11531 7321 11529 5018)
4(842 6551 11529 7321)
4(11531 5018 11530 7355)
4(863 7355 11530 6597)
4(864 7321 11529 6600)
4(864 6600 11530 7355)
4(11532 6553 10665 5019)
4(11532 5019 11481 6554)
4(11533 5019 10665 6598)
4(11533 6600 11529 5019)
4(11533 5019 11532 6603)
4(384 6603 11532 6553)
4(384 6598 11533 6603)
4(11534 7320 11481 5019)
4(11534 5019 11529 7321)
4(11534 7323 11532 5019)
4(843 6554 11532 7323)
4(11534 5019 11533 7357)
4(864 7357 11533 6600)
4(865 7323 11532 6603)
4(865 6603 11533 7357)
4(11535 6556 10666 5020)
4(11535 5020 11484 6557)
4(11536 5020 10666 6601)
4(11536 6603 11532 5020)
4(11536 5020 11535 6606)
4(385 6606 11535 6556)
4(385 6601 11536 6606)
4(11537 7322 11484 5020)
4(11537 5020 11532 7323)
4(11537 7325 11535 5020)
4(844 6557 11535 7325)
4(11537 5020 11536 7359)
4(865 7359 11536 6603)
4(866 7325 11535 6606)
4(866 6606 11536 7359)
4(11538 6559 10667 5021)
4(11538 5021 11487 6560)
4(11539 5021 10667 6604)
4(11539 6606 11535 5021)
4(11539 5021 11538 6609)
4(386 6609 11538 6559)
4(386 6604 11539 6609)
4(11540 7324 11487 5021)
4(11540 5021 11535 7325)
4(11540 7327 11538 5021)
4(845 6560 11538 7327)
4(11540 5021 11539 7361)
4(866 7361 11539 6606)
4(867 7327 11538 6609)
4(867 6609 11539 7361)
4(11541 6562 10668 5022)
4(11541 5022 11490 6563)
4(11542 5022 10668 6607)
4(11542 6609 11538 5022)
4(11542 5022 11541 6612)
4(387 6612 11541 6562)
4(387 6607 11542 6612)
4(11543 7326 11490 5022)
4(11543 5022 11538 7327)
4(11543 7329 11541 5022)
4(846 6563 11541 7329)
4(11543 5022 11542 7363)
4(867 7363 11542 6609)
4(868 7329 11541 6612)
4(868 6612 11542 7363)
4(11544 6565 10669 5023)
4(11544 5023 11493 6566)
4(11545 5023 10669 6610)
4(11545 6612 11541 5023)
4(11545 5023 11544 6615)
4(388 6615 11544 6565)
4(388 6610 11545 6615)
4(11546 7328 11493 5023)
4(11546 5023 11541 7329)
4(11546 7331 11544 5023)
4(847 6566 11544 7331)
4(11546 5023 11545 7365)
4(868 7365 11545 6612)
4(869 7331 11544 6615)
4(869 6615 11545 7365)
4(11547 6568 10670 5024)
4(11547 5024 11496 6569)
4(11548 5024 10670 6613)
4(11548 6615 11544 5024)
4(11548 5024 11547 6618)
4(389 6618 11547 6568)
4(389 6613 11548 6618)
4(11549 7330 11496 5024)
4(11549 5024 11544 7331)
4(11549 7333 11547 5024)
4(848 6569 11547 7333)
4(11549 5024 11548 7367)
4(869 7367 11548 6615)
4(870 7333 11547 6618)
4(870 6618 11548 7367)
4(11550 6571 10671 5025)
4(11550 5025 11499 6572)
4(11551 5025 10671 6616)
4(11551 6618 11547 5025)
4(11551 5025 11550 4558)
4(390 4558 11550 6571)
4(390 6616 11551 4558)
4(11552 7332 11499 5025)
4(11552 5025 11547 7333)
4(11552 7335 11550 5025)
4(849 6572 11550 7335)
4(11552 5025 11551 7369)
4(870 7369 11551 6618)
4(871 7335 11550 4558)
4(871 4558 11551 7369)
4(4319 3303 10672 5026)
4(4319 5026 11501 3304)
4(4678 5026 10672 3319)
4(4678 4558 11550 5026)
4(4319 3323 4678 5026)
4(11553 7334 11501 5026)
4(11553 5026 11550 7335)
4(11553 3643 4319 5026)
4(4678 4601 11553 5026)
4(11554 6575 10673 5027)
4(11554 5027 11506 6576)
4(4333 5027 10673 3332)
4(4330 5027 4333 3334)
4(11554 3336 4333 5027)
4(396 3336 11554 6575)
4(11555 7340 11506 5027)
4(4330 3652 11555 5027)
4(11555 7342 11554 5027)
4(856 6576 11554 7342)
4(4333 3658 11555 5027)
4(877 7342 11554 3336)
4(11556 6578 10674 5028)
4(11556 5028 11509 6579)
4(11557 5028 10674 6619)
4(11557 3336 11554 5028)
4(11557 5028 11556 6622)
4(397 6622 11556 6578)
4(397 6619 11557 6622)
4(11558 7341 11509 5028)
4(11558 5028 11554 7342)
4(11558 7344 11556 5028)
4(857 6579 11556 7344)
4(11558 5028 11557 7376)
4(877 7376 11557 3336)
4(878 7344 11556 6622)
4(878 6622 11557 7376)
4(11559 6581 10675 5029)
4(11559 5029 11512 6582)
4(11560 5029 10675 6620)
4(11560 6622 11556 5029)
4(11560 5029 11559 6625)
4(398 6625 11559 6581)
4(398 6620 11560 6625)
4(11561 7343 11512 5029)
4(11561 5029 11556 7344)
4(11561 7346 11559 5029)
4(858 6582 11559 7346)
4(11561 5029 11560 7377)
4(878 7377 11560 6622)
4(879 7346 11559 6625)
4(879 6625 11560 7377)
4(11562 6584 10676 5030)
4(11562 5030 11515 6585)
4(11563 5030 10676 6623)
4(11563 6625 11559 5030)
4(11563 5030 11562 6628)
4(399 6628 11562 6584)
4(399 6623 11563 6628)
4(11564 7345 11515 5030)
4(11564 5030 11559 7346)
4(11564 7348 11562 5030)
4(859 6585 11562 7348)
4(11564 5030 11563 7379)
4(879 7379 11563 6625)
4(880 7348 11562 6628)
4(880 6628 11563 7379)
4(11565 6587 10677 5031)
4(11565 5031 11518 6588)
4(11566 5031 10677 6626)
4(11566 6628 11562 5031)
4(11566 5031 11565 6631)
4(400 6631 11565 6587)
4(400 6626 11566 6631)
4(11567 7347 11518 5031)
4(11567 5031 11562 7348)
4(11567 7350 11565 5031)
4(860 6588 11565 7350)
4(11567 5031 11566 7381)
4(880 7381 11566 6628)
4(881 7350 11565 6631)
4(881 6631 11566 7381)
4(11568 6590 10678 5032)
4(11568 5032 11521 6591)
4(11569 5032 10678 6629)
4(11569 6631 11565 5032)
4(11569 5032 11568 6634)
4(401 6634 11568 6590)
4(401 6629 11569 6634)
4(11570 7349 11521 5032)
4(11570 5032 11565 7350)
4(11570 7352 11568 5032)
4(861 6591 11568 7352)
4(11570 5032 11569 7383)
4(881 7383 11569 6631)
4(882 7352 11568 6634)
4(882 6634 11569 7383)
4(11571 6593 10679 5033)
4(11571 5033 11524 6594)
4(11572 5033 10679 6632)
4(11572 6634 11568 5033)
4(11572 5033 11571 6637)
4(402 6637 11571 6593)
4(402 6632 11572 6637)
4(11573 7351 11524 5033)
4(11573 5033 11568 7352)
4(11573 7354 11571 5033)
4(862 6594 11571 7354)
4(11573 5033 11572 7385)
4(882 7385 11572 6634)
4(883 7354 11571 6637)
4(883 6637 11572 7385)
4(11574 6596 10680 5034)
4(11574 5034 11527 6597)
4(11575 5034 10680 6635)
4(11575 6637 11571 5034)
4(11575 5034 11574 6640)
4(403 6640 11574 6596)
4(403 6635 11575 6640)
4(11576 7353 11527 5034)
4(11576 5034 11571 7354)
4(11576 7356 11574 5034)
4(863 6597 11574 7356)
4(11576 5034 11575 7387)
4(883 7387 11575 6637)
4(884 7356 11574 6640)
4(884 6640 11575 7387)
4(11577 6599 10681 5035)
4(11577 5035 11530 6600)
4(11578 5035 10681 6638)
4(11578 6640 11574 5035)
4(11578 5035 11577 6643)
4(404 6643 11577 6599)
4(404 6638 11578 6643)
4(11579 7355 11530 5035)
4(11579 5035 11574 7356)
4(11579 7358 11577 5035)
4(864 6600 11577 7358)
4(11579 5035 11578 7389)
4(884 7389 11578 6640)
4(885 7358 11577 6643)
4(885 6643 11578 7389)
4(11580 6602 10682 5036)
4(11580 5036 11533 6603)
4(11581 5036 10682 6641)
4(11581 6643 11577 5036)
4(11581 5036 11580 6646)
4(405 6646 11580 6602)
4(405 6641 11581 6646)
4(11582 7357 11533 5036)
4(11582 5036 11577 7358)
4(11582 7360 11580 5036)
4(865 6603 11580 7360)
4(11582 5036 11581 7391)
4(885 7391 11581 6643)
4(886 7360 11580 6646)
4(886 6646 11581 7391)
4(11583 6605 10683 5037)
4(11583 5037 11536 6606)
4(11584 5037 10683 6644)
4(11584 6646 11580 5037)
4(11584 5037 11583 6649)
4(406 6649 11583 6605)
4(406 6644 11584 6649)
4(11585 7359 11536 5037)
4(11585 5037 11580 7360)
4(11585 7362 11583 5037)
4(866 6606 11583 7362)
4(11585 5037 11584 7393)
4(886 7393 11584 6646)
4(887 7362 11583 6649)
4(887 6649 11584 7393)
4(11586 6608 10684 5038)
4(11586 5038 11539 6609)
4(11587 5038 10684 6647)
4(11587 6649 11583 5038)
4(11587 5038 11586 6652)
4(407 6652 11586 6608)
4(407 6647 11587 6652)
4(11588 7361 11539 5038)
4(11588 5038 11583 7362)
4(11588 7364 11586 5038)
4(867 6609 11586 7364)
4(11588 5038 11587 7395)
4(887 7395 11587 6649)
4(888 7364 11586 6652)
4(888 6652 11587 7395)
4(11589 6611 10685 5039)
4(11589 5039 11542 6612)
4(11590 5039 10685 6650)
4(11590 6652 11586 5039)
4(11590 5039 11589 6655)
4(408 6655 11589 6611)
4(408 6650 11590 6655)
4(11591 7363 11542 5039)
4(11591 5039 11586 7364)
4(11591 7366 11589 5039)
4(868 6612 11589 7366)
4(11591 5039 11590 7397)
4(888 7397 11590 6652)
4(889 7366 11589 6655)
4(889 6655 11590 7397)
4(11592 6614 10686 5040)
4(11592 5040 11545 6615)
4(11593 5040 10686 6653)
4(11593 6655 11589 5040)
4(11593 5040 11592 6658)
4(409 6658 11592 6614)
4(409 6653 11593 6658)
4(11594 7365 11545 5040)
4(11594 5040 11589 7366)
4(11594 7368 11592 5040)
4(869 6615 11592 7368)
4(11594 5040 11593 7399)
4(889 7399 11593 6655)
4(890 7368 11592 6658)
4(890 6658 11593 7399)
4(11595 6617 10687 5041)
4(11595 5041 11548 6618)
4(11596 5041 10687 6656)
4(11596 6658 11592 5041)
4(11596 5041 11595 4559)
4(410 4559 11595 6617)
4(410 6656 11596 4559)
4(11597 7367 11548 5041)
4(11597 5041 11592 7368)
4(11597 7370 11595 5041)
4(870 6618 11595 7370)
4(11597 5041 11596 7401)
4(890 7401 11596 6658)
4(891 7370 11595 4559)
4(891 4559 11596 7401)
4(4679 3320 10688 5042)
4(4679 5042 11551 4558)
4(4680 5042 10688 3337)
4(4680 4559 11595 5042)
4(4679 3341 4680 5042)
4(11598 7369 11551 5042)
4(11598 5042 11595 7370)
4(11598 4602 4679 5042)
4(4680 4605 11598 5042)
4(11599 6621 10689 5043)
4(11599 5043 11557 6622)
4(4685 5043 10689 3351)
4(4341 5043 4685 3353)
4(11599 4560 4685 5043)
4(417 4560 11599 6621)
4(11600 7376 11557 5043)
4(4341 3660 11600 5043)
4(11600 7378 11599 5043)
4(878 6622 11599 7378)
4(4685 4607 11600 5043)
4(898 7378 11599 4560)
4(11601 6624 10690 5044)
4(11601 5044 11560 6625)
4(11602 5044 10690 6659)
4(11602 4560 11599 5044)
4(11602 5044 11601 6662)
4(418 6662 11601 6624)
4(418 6659 11602 6662)
4(11603 7377 11560 5044)
4(11603 5044 11599 7378)
4(11603 7380 11601 5044)
4(879 6625 11601 7380)
4(11603 5044 11602 7409)
4(898 7409 11602 4560)
4(899 7380 11601 6662)
4(899 6662 11602 7409)
4(11604 6627 10691 5045)
4(11604 5045 11563 6628)
4(11605 5045 10691 6660)
4(11605 6662 11601 5045)
4(11605 5045 11604 6665)
4(419 6665 11604 6627)
4(419 6660 11605 6665)
4(11606 7379 11563 5045)
4(11606 5045 11601 7380)
4(11606 7382 11604 5045)
4(880 6628 11604 7382)
4(11606 5045 11605 7410)
4(899 7410 11605 6662)
4(900 7382 11604 6665)
4(900 6665 11605 7410)
4(11607 6630 10692 5046)
4(11607 5046 11566 6631)
4(11608 5046 10692 6663)
4(11608 6665 11604 5046)
4(11608 5046 11607 6668)
4(420 6668 11607 6630)
4(420 6663 11608 6668)
4(11609 7381 11566 5046)
4(11609 5046 11604 7382)
4(11609 7384 11607 5046)
4(881 6631 11607 7384)
4(11609 5046 11608 7412)
4(900 7412 11608 6665)
4(901 7384 11607 6668)
4(901 6668 11608 7412)
4(11610 6633 10693 5047)
4(11610 5047 11569 6634)
4(11611 5047 10693 6666)
4(11611 6668 11607 5047)
4(11611 5047 11610 6671)
4(421 6671 11610 6633)
4(421 6666 11611 6671)
4(11612 7383 11569 5047)
4(11612 5047 11607 7384)
4(11612 7386 11610 5047)
4(882 6634 11610 7386)
4(11612 5047 11611 7414)
4(901 7414 11611 6668)
4(902 7386 11610 6671)
4(902 6671 11611 7414)
4(11613 6636 10694 5048)
4(11613 5048 11572 6637)
4(11614 5048 10694 6669)
4(11614 6671 11610 5048)
4(11614 5048 11613 6674)
4(422 6674 11613 6636)
4(422 6669 11614 6674)
4(11615 7385 11572 5048)
4(11615 5048 11610 7386)
4(11615 7388 11613 5048)
4(883 6637 11613 7388)
4(11615 5048 11614 7416)
4(902 7416 11614 6671)
4(903 7388 11613 6674)
4(903 6674 11614 7416)
4(11616 6639 10695 5049)
4(11616 5049 11575 6640)
4(11617 5049 10695 6672)
4(11617 6674 11613 5049)
4(11617 5049 11616 6677)
4(423 6677 11616 6639)
4(423 6672 11617 6677)
4(11618 7387 11575 5049)
4(11618 5049 11613 7388)
4(11618 7390 11616 5049)
4(884 6640 11616 7390)
4(11618 5049 11617 7418)
4(903 7418 11617 6674)
4(904 7390 11616 6677)
4(904 6677 11617 7418)
4(11619 6642 10696 5050)
4(11619 5050 11578 6643)
4(11620 5050 10696 6675)
4(11620 6677 11616 5050)
4(11620 5050 11619 6680)
4(424 6680 11619 6642)
4(424 6675 11620 6680)
4(11621 7389 11578 5050)
4(11621 5050 11616 7390)
4(11621 7392 11619 5050)
4(885 6643 11619 7392)
4(11621 5050 11620 7420)
4(904 7420 11620 6677)
4(905 7392 11619 6680)
4(905 6680 11620 7420)
4(11622 6645 10697 5051)
4(11622 5051 11581 6646)
4(11623 5051 10697 6678)
4(11623 6680 11619 5051)
4(11623 5051 11622 6683)
4(425 6683 11622 6645)
4(425 6678 11623 6683)
4(11624 7391 11581 5051)
4(11624 5051 11619 7392)
4(11624 7394 11622 5051)
4(886 6646 11622 7394)
4(11624 5051 11623 7422)
4(905 7422 11623 6680)
4(906 7394 11622 6683)
4(906 6683 11623 7422)
4(11625 6648 10698 5052)
4(11625 5052 11584 6649)
4(11626 5052 10698 6681)
4(11626 6683 11622 5052)
4(11626 5052 11625 6686)
4(426 6686 11625 6648)
4(426 6681 11626 6686)
4(11627 7393 11584 5052)
4(11627 5052 11622 7394)
4(11627 7396 11625 5052)
4(887 6649 11625 7396)
4(11627 5052 11626 7424)
4(906 7424 11626 6683)
4(907 7396 11625 6686)
4(907 6686 11626 7424)
4(11628 6651 10699 5053)
4(11628 5053 11587 6652)
4(11629 5053 10699 6684)
4(11629 6686 11625 5053)
4(11629 5053 11628 6689)
4(427 6689 11628 6651)
4(427 6684 11629 6689)
4(11630 7395 11587 5053)
4(11630 5053 11625 7396)
4(11630 7398 11628 5053)
4(888 6652 11628 7398)
4(11630 5053 11629 7426)
4(907 7426 11629 6686)
4(908 7398 11628 6689)
4(908 6689 11629 7426)
4(11631 6654 10700 5054)
4(11631 5054 11590 6655)
4(11632 5054 10700 6687)
4(11632 6689 11628 5054)
4(11632 5054 11631 6692)
4(428 6692 11631 6654)
4(428 6687 11632 6692)
4(11633 7397 11590 5054)
4(11633 5054 11628 7398)
4(11633 7400 11631 5054)
4(889 6655 11631 7400)
4(11633 5054 11632 7428)
4(908 7428 11632 6689)
4(909 7400 11631 6692)
4(909 6692 11632 7428)
4(11634 6657 10701 5055)
4(11634 5055 11593 6658)
4(11635 5055 10701 6690)
4(11635 6692 11631 5055)
4(11635 5055 11634 4561)
4(429 4561 11634 6657)
4(429 6690 11635 4561)
4(11636 7399 11593 5055)
4(11636 5055 11631 7400)
4(11636 7402 11634 5055)
4(890 6658 11634 7402)
4(11636 5055 11635 7430)
4(909 7430 11635 6692)
4(910 7402 11634 4561)
4(910 4561 11635 7430)
4(4686 3338 10702 5056)
4(4686 5056 11596 4559)
4(4687 5056 10702 3355)
4(4687 4561 11634 5056)
4(4686 3359 4687 5056)
4(11637 7401 11596 5056)
4(11637 5056 11634 7402)
4(11637 4606 4686 5056)
4(4687 4609 11637 5056)
4(11638 6661 10703 5057)
4(11638 5057 11602 6662)
4(4356 5057 10703 3369)
4(4356 3371 4689 5057)
4(11638 3374 4356 5057)
4(436 3374 11638 6661)
4(11639 7409 11602 5057)
4(4689 4608 11639 5057)
4(11639 7411 11638 5057)
4(899 6662 11638 7411)
4(4356 3676 11639 5057)
4(917 7411 11638 3374)
4(11640 6664 10704 5058)
4(11640 5058 11605 6665)
4(4357 5058 10704 3372)
4(4357 3374 11638 5058)
4(11640 3376 4357 5058)
4(437 3376 11640 6664)
4(11641 7410 11605 5058)
4(11641 5058 11638 7411)
4(11641 7413 11640 5058)
4(900 6665 11640 7413)
4(4357 3678 11641 5058)
4(918 7413 11640 3376)
4(11642 6667 10705 5059)
4(11642 5059 11608 6668)
4(11643 5059 10705 6693)
4(11643 3376 11640 5059)
4(11643 5059 11642 6696)
4(438 6696 11642 6667)
4(438 6693 11643 6696)
4(11644 7412 11608 5059)
4(11644 5059 11640 7413)
4(11644 7415 11642 5059)
4(901 6668 11642 7415)
4(11644 5059 11643 7438)
4(918 7438 11643 3376)
4(919 7415 11642 6696)
4(919 6696 11643 7438)
4(11645 6670 10706 5060)
4(11645 5060 11611 6671)
4(11646 5060 10706 6694)
4(11646 6696 11642 5060)
4(11646 5060 11645 6699)
4(439 6699 11645 6670)
4(439 6694 11646 6699)
4(11647 7414 11611 5060)
4(11647 5060 11642 7415)
4(11647 7417 11645 5060)
4(902 6671 11645 7417)
4(11647 5060 11646 7439)
4(919 7439 11646 6696)
4(920 7417 11645 6699)
4(920 6699 11646 7439)
4(11648 6673 10707 5061)
4(11648 5061 11614 6674)
4(11649 5061 10707 6697)
4(11649 6699 11645 5061)
4(11649 5061 11648 6702)
4(440 6702 11648 6673)
4(440 6697 11649 6702)
4(11650 7416 11614 5061)
4(11650 5061 11645 7417)
4(11650 7419 11648 5061)
4(903 6674 11648 7419)
4(11650 5061 11649 7441)
4(920 7441 11649 6699)
4(921 7419 11648 6702)
4(921 6702 11649 7441)
4(11651 6676 10708 5062)
4(11651 5062 11617 6677)
4(11652 5062 10708 6700)
4(11652 6702 11648 5062)
4(11652 5062 11651 6705)
4(441 6705 11651 6676)
4(441 6700 11652 6705)
4(11653 7418 11617 5062)
4(11653 5062 11648 7419)
4(11653 7421 11651 5062)
4(904 6677 11651 7421)
4(11653 5062 11652 7443)
4(921 7443 11652 6702)
4(922 7421 11651 6705)
4(922 6705 11652 7443)
4(11654 6679 10709 5063)
4(11654 5063 11620 6680)
4(11655 5063 10709 6703)
4(11655 6705 11651 5063)
4(11655 5063 11654 6708)
4(442 6708 11654 6679)
4(442 6703 11655 6708)
4(11656 7420 11620 5063)
4(11656 5063 11651 7421)
4(11656 7423 11654 5063)
4(905 6680 11654 7423)
4(11656 5063 11655 7445)
4(922 7445 11655 6705)
4(923 7423 11654 6708)
4(923 6708 11655 7445)
4(11657 6682 10710 5064)
4(11657 5064 11623 6683)
4(11658 5064 10710 6706)
4(11658 6708 11654 5064)
4(11658 5064 11657 6711)
4(443 6711 11657 6682)
4(443 6706 11658 6711)
4(11659 7422 11623 5064)
4(11659 5064 11654 7423)
4(11659 7425 11657 5064)
4(906 6683 11657 7425)
4(11659 5064 11658 7447)
4(923 7447 11658 6708)
4(924 7425 11657 6711)
4(924 6711 11658 7447)
4(11660 6685 10711 5065)
4(11660 5065 11626 6686)
4(11661 5065 10711 6709)
4(11661 6711 11657 5065)
4(11661 5065 11660 6714)
4(444 6714 11660 6685)
4(444 6709 11661 6714)
4(11662 7424 11626 5065)
4(11662 5065 11657 7425)
4(11662 7427 11660 5065)
4(907 6686 11660 7427)
4(11662 5065 11661 7449)
4(924 7449 11661 6711)
4(925 7427 11660 6714)
4(925 6714 11661 7449)
4(11663 6688 10712 5066)
4(11663 5066 11629 6689)
4(11664 5066 10712 6712)
4(11664 6714 11660 5066)
4(11664 5066 11663 4562)
4(445 4562 11663 6688)
4(445 6712 11664 4562)
4(11665 7426 11629 5066)
4(11665 5066 11660 7427)
4(11665 7429 11663 5066)
4(908 6689 11663 7429)
4(11665 5066 11664 7451)
4(925 7451 11664 6714)
4(926 7429 11663 4562)
4(926 4562 11664 7451)
4(11666 6691 10713 5067)
4(11666 5067 11632 6692)
4(4691 5067 10713 3377)
4(4691 4562 11663 5067)
4(11666 4563 4691 5067)
4(446 4563 11666 6691)
4(11667 7428 11632 5067)
4(11667 5067 11663 7429)
4(11667 7431 11666 5067)
4(909 6692 11666 7431)
4(4691 4611 11667 5067)
4(927 7431 11666 4563)
4(4692 3356 10714 5068)
4(4692 5068 11635 4561)
4(4693 5068 10714 3379)
4(4693 4563 11666 5068)
4(4692 4564 4693 5068)
4(11668 7430 11635 5068)
4(11668 5068 11666 7431)
4(11668 4610 4692 5068)
4(4693 4613 11668 5068)
4(11669 6695 10715 5069)
4(11669 5069 11643 6696)
4(4696 5069 10715 3395)
4(4371 5069 4696 3397)
4(11669 4565 4696 5069)
4(454 4565 11669 6695)
4(11670 7438 11643 5069)
4(4371 3680 11670 5069)
4(11670 7440 11669 5069)
4(919 6696 11669 7440)
4(4696 4617 11670 5069)
4(935 7440 11669 4565)
4(11671 6698 10716 5070)
4(11671 5070 11646 6699)
4(4697 5070 10716 3398)
4(4697 4565 11669 5070)
4(11671 4566 4697 5070)
4(455 4566 11671 6698)
4(11672 7439 11646 5070)
4(11672 5070 11669 7440)
4(11672 7442 11671 5070)
4(920 6699 11671 7442)
4(4697 4618 11672 5070)
4(936 7442 11671 4566)
4(11673 6701 10717 5071)
4(11673 5071 11649 6702)
4(4698 5071 10717 3400)
4(4698 4566 11671 5071)
4(11673 3404 4698 5071)
4(456 3404 11673 6701)
4(11674 7441 11649 5071)
4(11674 5071 11671 7442)
4(11674 7444 11673 5071)
4(921 6702 11673 7444)
4(4698 4620 11674 5071)
4(937 7444 11673 3404)
4(11675 6704 10718 5072)
4(11675 5072 11652 6705)
4(4374 5072 10718 3402)
4(4374 3404 11673 5072)
4(11675 3407 4374 5072)
4(457 3407 11675 6704)
4(11676 7443 11652 5072)
4(11676 5072 11673 7444)
4(11676 7446 11675 5072)
4(922 6705 11675 7446)
4(4374 3689 11676 5072)
4(938 7446 11675 3407)
4(11677 6707 10719 5073)
4(11677 5073 11655 6708)
4(4375 5073 10719 3405)
4(4375 3407 11675 5073)
4(11677 3410 4375 5073)
4(458 3410 11677 6707)
4(11678 7445 11655 5073)
4(11678 5073 11675 7446)
4(11678 7448 11677 5073)
4(923 6708 11677 7448)
4(4375 3691 11678 5073)
4(939 7448 11677 3410)
4(11679 6710 10720 5074)
4(11679 5074 11658 6711)
4(4699 5074 10720 3408)
4(4699 3410 11677 5074)
4(11679 4567 4699 5074)
4(459 4567 11679 6710)
4(11680 7447 11658 5074)
4(11680 5074 11677 7448)
4(11680 7450 11679 5074)
4(924 6711 11679 7450)
4(4699 4622 11680 5074)
4(940 7450 11679 4567)
4(11681 6713 10721 5075)
4(11681 5075 11661 6714)
4(4700 5075 10721 3411)
4(4700 4567 11679 5075)
4(11681 3415 4700 5075)
4(460 3415 11681 6713)
4(11682 7449 11661 5075)
4(11682 5075 11679 7450)
4(11682 7452 11681 5075)
4(925 6714 11681 7452)
4(4700 4623 11682 5075)
4(941 7452 11681 3415)
4(4701 3378 10722 5076)
4(4701 5076 11664 4562)
4(4376 5076 10722 3413)
4(4376 3415 11681 5076)
4(4701 3418 4376 5076)
4(11683 7451 11664 5076)
4(11683 5076 11681 7452)
4(11683 4612 4701 5076)
4(4376 3694 11683 5076)
4(4088 3488 11694 5077)
4(11694 6721 11691 5077)
4(11694 5077 11693 6722)
4(488 6722 11693 3471)
4(488 3488 11694 6722)
4(11695 5077 11694 7507)
4(968 7507 11694 6721)
4(968 7482 11695 7507)
4(969 7484 11693 6722)
4(969 6722 11694 7507)
4(969 7507 11695 7484)
4(11696 3473 4091 5078)
4(11696 5078 11684 6715)
4(4091 3490 11697 5078)
4(11697 6722 11693 5078)
4(11697 5078 11696 6723)
4(489 6723 11696 3473)
4(489 3490 11697 6723)
4(11698 7486 11696 5078)
4(962 6715 11696 7486)
4(962 7486 11698 7483)
4(11698 5078 11697 7510)
4(969 7484 11698 7510)
4(969 7510 11697 6722)
4(970 7486 11696 6723)
4(970 7510 11698 7486)
4(970 6723 11697 7510)
4(11699 3475 4094 5079)
4(11699 5079 11685 6716)
4(4094 3491 11700 5079)
4(11700 6723 11696 5079)
4(11700 5079 11699 6724)
4(490 6724 11699 3475)
4(11701 7485 11685 5079)
4(11701 5079 11696 7486)
4(11701 7489 11699 5079)
4(963 6716 11699 7489)
4(963 7489 11701 7485)
4(11701 5079 11700 7513)
4(970 7486 11701 7513)
4(971 7489 11699 6724)
4(971 7513 11701 7489)
4(11702 3477 4097 5080)
4(11702 5080 11686 6717)
4(4097 3492 11703 5080)
4(11703 6724 11699 5080)
4(11703 5080 11702 6725)
4(491 6725 11702 3477)
4(11704 7488 11686 5080)
4(11704 5080 11699 7489)
4(11704 7492 11702 5080)
4(964 6717 11702 7492)
4(964 7492 11704 7488)
4(11704 5080 11703 7515)
4(971 7489 11704 7515)
4(972 7492 11702 6725)
4(972 7515 11704 7492)
4(11705 3479 4100 5081)
4(11705 5081 11687 6718)
4(4100 3493 11706 5081)
4(11706 6725 11702 5081)
4(11706 5081 11705 6726)
4(492 6726 11705 3479)
4(11707 7491 11687 5081)
4(11707 5081 11702 7492)
4(11707 7495 11705 5081)
4(965 6718 11705 7495)
4(965 7495 11707 7491)
4(11707 5081 11706 7517)
4(972 7492 11707 7517)
4(973 7495 11705 6726)
4(973 7517 11707 7495)
4(11708 3481 4103 5082)
4(11708 5082 11688 6719)
4(4103 3494 11709 5082)
4(11709 6726 11705 5082)
4(11709 5082 11708 6727)
4(493 6727 11708 3481)
4(11710 7494 11688 5082)
4(11710 5082 11705 7495)
4(11710 7498 11708 5082)
4(966 6719 11708 7498)
4(966 7498 11710 7494)
4(11710 5082 11709 7519)
4(973 7495 11710 7519)
4(974 7498 11708 6727)
4(974 7519 11710 7498)
4(4106 3496 11712 5083)
4(11712 6727 11708 5083)
4(11712 5083 11711 6728)
4(494 6728 11711 3482)
4(494 3496 11712 6728)
4(11713 5083 11708 7498)
4(11713 5083 11712 7521)
4(974 7498 11713 7521)
4(974 7521 11712 6727)
4(975 7500 11711 6728)
4(975 7521 11713 7500)
4(975 6728 11712 7521)
4(4109 3498 11715 5084)
4(11715 6728 11711 5084)
4(11715 5084 11714 6729)
4(495 3498 11715 6729)
4(11716 5084 11715 7523)
4(975 7523 11715 6728)
4(975 7500 11716 7523)
4(976 6729 11715 7523)
4(976 7523 11716 7501)
4(11721 3487 4116 5085)
4(11721 5085 11690 6720)
4(4116 3507 11722 5085)
4(11722 6732 11719 5085)
4(11722 5085 11721 6733)
4(499 6733 11721 3487)
4(499 3507 11722 6733)
4(11723 7505 11721 5085)
4(967 6720 11721 7505)
4(967 7505 11723 7502)
4(11723 5085 11722 7536)
4(979 7503 11723 7536)
4(979 7536 11722 6732)
4(980 7505 11721 6733)
4(980 7536 11723 7505)
4(980 6733 11722 7536)
4(11724 3489 4119 5086)
4(11724 5086 11692 6721)
4(4119 3509 11725 5086)
4(11725 6733 11721 5086)
4(11725 5086 11724 6734)
4(500 6734 11724 3489)
4(11726 7504 11692 5086)
4(11726 5086 11721 7505)
4(11726 7508 11724 5086)
4(968 6721 11724 7508)
4(968 7508 11726 7504)
4(11726 5086 11725 7539)
4(980 7505 11726 7539)
4(981 7508 11724 6734)
4(981 7539 11726 7508)
4(11727 4568 4627 5087)
4(11727 5087 11694 6722)
4(4627 4573 11728 5087)
4(11728 6734 11724 5087)
4(11728 5087 11727 6736)
4(501 6736 11727 4568)
4(11729 7507 11694 5087)
4(11729 5087 11724 7508)
4(11729 7511 11727 5087)
4(969 7511 11729 7507)
4(969 6722 11727 7511)
4(11729 5087 11728 7541)
4(981 7508 11729 7541)
4(982 7541 11729 7511)
4(982 7511 11727 6736)
4(11731 3501 4129 5088)
4(11731 5088 11715 6729)
4(4129 3512 11732 5088)
4(11732 6743 11730 5088)
4(507 3499 11730 6743)
4(11732 5088 11731 6744)
4(508 6744 11731 3501)
4(11733 7523 11715 5088)
4(11733 5088 11730 7524)
4(975 7524 11730 6728)
4(11733 7527 11731 5088)
4(976 6729 11731 7527)
4(976 7527 11733 7523)
4(11733 5088 11732 7544)
4(988 7524 11733 7544)
4(988 6743 11730 7524)
4(989 7527 11731 6744)
4(989 7544 11733 7527)
4(11734 3503 4132 5089)
4(11734 5089 11717 6730)
4(4132 3513 11735 5089)
4(11735 6744 11731 5089)
4(11735 5089 11734 6745)
4(509 6745 11734 3503)
4(11736 7526 11717 5089)
4(11736 5089 11731 7527)
4(11736 7530 11734 5089)
4(977 6730 11734 7530)
4(977 7530 11736 7526)
4(11736 5089 11735 7546)
4(989 7527 11736 7546)
4(990 7530 11734 6745)
4(990 7546 11736 7530)
4(4135 3515 11738 5090)
4(11738 6745 11734 5090)
4(11738 5090 11737 6746)
4(510 3515 11738 6746)
4(11739 5090 11734 7530)
4(11739 5090 11738 7548)
4(990 7530 11739 7548)
4(990 7548 11738 6745)
4(991 7548 11739 7532)
4(991 6746 11738 7548)
4(11742 5091 11741 6749)
4(513 6749 11741 3506)
4(513 3520 11742 6749)
4(994 7534 11741 6749)
4(994 6749 11742 7555)
4(994 7555 11743 7534)
4(11744 3508 4142 5092)
4(11744 5092 11720 6732)
4(4142 3521 11745 5092)
4(11745 6749 11741 5092)
4(11745 5092 11744 6750)
4(514 6750 11744 3508)
4(11746 7533 11720 5092)
4(11746 5092 11741 7534)
4(11746 7537 11744 5092)
4(979 7537 11746 7533)
4(979 6732 11744 7537)
4(11746 5092 11745 7558)
4(994 7534 11746 7558)
4(995 7558 11746 7537)
4(995 7537 11744 6750)
4(11748 3519 4150 5093)
4(11748 5093 11740 6747)
4(4150 3525 11749 5093)
4(11749 6770 11747 5093)
4(526 3518 11747 6770)
4(11749 5093 11748 6771)
4(527 6771 11748 3519)
4(11750 7550 11740 5093)
4(11750 5093 11747 7551)
4(991 7551 11747 6746)
4(11750 7553 11748 5093)
4(992 7553 11750 7550)
4(11750 5093 11749 7562)
4(1007 7551 11750 7562)
4(1007 6770 11747 7551)
4(1008 7553 11748 6771)
4(1008 7562 11750 7553)
4(11751 6771 11748 5094)
4(1008 7564 11751 6771)
4(1008 7553 11752 7564)
4(11754 5095 11753 6774)
4(530 6774 11753 4578)
4(530 4581 11754 6774)
4(1011 7556 11753 6774)
4(1011 6774 11754 7569)
4(1011 7569 11755 7556)
4(11756 3522 4648 5096)
4(11756 5096 11742 6749)
4(4648 4583 11757 5096)
4(11757 6774 11753 5096)
4(11757 5096 11756 6775)
4(11758 7555 11742 5096)
4(11758 5096 11753 7556)
4(11758 7559 11756 5096)
4(994 7559 11758 7555)
4(11758 5096 11757 7572)
4(1011 7556 11758 7572)
4(1012 7572 11758 7559)
4(11760 3528 4160 5097)
4(11760 5097 11751 6772)
4(4160 3530 11761 5097)
4(11761 6801 11759 5097)
4(11761 5097 11760 6802)
4(546 6802 11760 3528)
4(11762 7564 11751 5097)
4(11762 5097 11759 7565)
4(11762 7567 11760 5097)
4(1009 7567 11762 7564)
4(11762 5097 11761 7576)
4(1026 7565 11762 7576)
4(1027 7567 11760 6802)
4(1027 7576 11762 7567)
4(11763 6802 11760 5098)
4(1027 7578 11763 6802)
4(1027 7567 11764 7578)
4(11766 5099 11765 6805)
4(549 6805 11765 4582)
4(549 4587 11766 6805)
4(1030 7570 11765 6805)
4(1030 6805 11766 7583)
4(1030 7583 11767 7570)
4(11768 4584 4654 5100)
4(11768 5100 11754 6774)
4(4654 4588 11769 5100)
4(11769 6805 11765 5100)
4(11769 5100 11768 6806)
4(11770 7569 11754 5100)
4(11770 5100 11765 7570)
4(11770 7573 11768 5100)
4(1011 7573 11770 7569)
4(11770 5100 11769 7586)
4(1030 7570 11770 7586)
4(1031 7586 11770 7573)
4(11772 3533 4166 5101)
4(11772 5101 11763 6803)
4(4166 3535 11773 5101)
4(11773 6836 11771 5101)
4(11773 5101 11772 6837)
4(567 6837 11772 3533)
4(11774 7578 11763 5101)
4(11774 5101 11771 7579)
4(11774 7581 11772 5101)
4(1028 7581 11774 7578)
4(11774 5101 11773 7590)
4(1047 7579 11774 7590)
4(1048 7581 11772 6837)
4(1048 7590 11774 7581)
4(11775 6837 11772 5102)
4(1048 7592 11775 6837)
4(1048 7581 11776 7592)
4(11779 4589 4663 5103)
4(11779 5103 11766 6805)
4(4663 4594 11780 5103)
4(11780 6839 11777 5103)
4(11780 5103 11779 6840)
4(570 4594 11780 6840)
4(11781 7583 11766 5103)
4(11781 5103 11777 7584)
4(11781 7587 11779 5103)
4(1030 7587 11781 7583)
4(11781 5103 11780 7599)
4(1050 7584 11781 7599)
4(1050 7599 11780 6839)
4(1051 7599 11781 7587)
4(1051 6840 11780 7599)
4(11783 3538 4174 5104)
4(11783 5104 11775 6838)
4(4174 3542 11784 5104)
4(11784 6874 11782 5104)
4(11784 5104 11783 6875)
4(589 3542 11784 6875)
4(11785 7592 11775 5104)
4(11785 5104 11782 7593)
4(11785 7595 11783 5104)
4(1049 7595 11785 7592)
4(11785 5104 11784 7603)
4(1069 7593 11785 7603)
4(1069 7603 11784 6874)
4(1070 7603 11785 7595)
4(1070 6875 11784 7603)
4(11788 3541 4179 5105)
4(11788 5105 11778 6839)
4(4179 3546 11789 5105)
4(11789 6876 11787 5105)
4(11789 5105 11788 6877)
4(591 3546 11789 6877)
4(591 6877 11788 3541)
4(11790 7600 11788 5105)
4(1050 7600 11790 7597)
4(1050 6839 11788 7600)
4(11790 5105 11789 7609)
4(1071 7609 11789 6876)
4(1071 7598 11790 7609)
4(1072 6877 11789 7609)
4(1072 7609 11790 7600)
4(1072 7600 11788 6877)
4(4184 3551 11793 5106)
4(11793 6913 11791 5106)
4(611 3544 11791 6913)
4(11793 5106 11792 6914)
4(612 3551 11793 6914)
4(11794 5106 11791 7606)
4(1070 7606 11791 6875)
4(11794 5106 11793 7614)
4(1092 7614 11793 6913)
4(1092 7606 11794 7614)
4(1092 6913 11791 7606)
4(1093 6914 11793 7614)
4(1093 7614 11794 7608)
4(11797 3549 4189 5107)
4(11797 5107 11789 6877)
4(4189 3555 11798 5107)
4(11798 6915 11795 5107)
4(11798 5107 11797 6916)
4(614 3555 11798 6916)
4(11799 7609 11789 5107)
4(11799 5107 11795 7610)
4(11799 7612 11797 5107)
4(1072 7612 11799 7609)
4(11799 5107 11798 7620)
4(1094 7620 11798 6915)
4(1094 7610 11799 7620)
4(1095 6916 11798 7620)
4(1095 7620 11799 7612)
4(11801 3553 4196 5108)
4(11801 5108 11793 6914)
4(4196 3559 11802 5108)
4(11802 6954 11800 5108)
4(11802 5108 11801 6955)
4(635 3559 11802 6955)
4(11803 7614 11793 5108)
4(11803 5108 11800 7615)
4(11803 7617 11801 5108)
4(1093 7617 11803 7614)
4(11803 5108 11802 7625)
4(1115 7625 11802 6954)
4(1115 7615 11803 7625)
4(1116 6955 11802 7625)
4(1116 7625 11803 7617)
4(11805 3556 4200 5109)
4(11805 5109 11796 6915)
4(11806 5109 11805 6956)
4(636 6956 11805 3556)
4(636 3563 11806 6956)
4(11807 7621 11805 5109)
4(1094 6915 11805 7621)
4(1094 7621 11807 7619)
4(1117 7621 11805 6956)
4(1117 6956 11806 7631)
4(1117 7631 11807 7621)
4(11808 3558 4203 5110)
4(11808 5110 11798 6916)
4(4203 3564 11809 5110)
4(11809 6956 11805 5110)
4(11809 5110 11808 6958)
4(637 3564 11809 6958)
4(11810 7620 11798 5110)
4(11810 5110 11805 7621)
4(11810 7623 11808 5110)
4(1095 7623 11810 7620)
4(11810 5110 11809 7633)
4(1117 7621 11810 7633)
4(1117 7633 11809 6956)
4(1118 7633 11810 7623)
4(1118 6958 11809 7633)
4(11812 3562 4207 5111)
4(11812 5111 11802 6955)
4(4207 3567 11813 5111)
4(11813 6997 11811 5111)
4(11813 5111 11812 6998)
4(658 6998 11812 3562)
4(658 3567 11813 6998)
4(11814 7625 11802 5111)
4(11814 5111 11811 7626)
4(11814 7629 11812 5111)
4(1116 6955 11812 7629)
4(1116 7629 11814 7625)
4(11814 5111 11813 7637)
4(1138 7626 11814 7637)
4(1138 7637 11813 6997)
4(1139 7629 11812 6998)
4(1139 7637 11814 7629)
4(1139 6998 11813 7637)
4(11815 6998 11812 5112)
4(11816 5112 11812 7629)
4(1139 7639 11815 6998)
4(1139 7629 11816 7639)
4(11818 3565 4674 5113)
4(11818 5113 11806 6956)
4(4674 3572 11819 5113)
4(11819 6999 11817 5113)
4(11819 5113 11818 7000)
4(660 3572 11819 7000)
4(660 7000 11818 3565)
4(11820 7634 11818 5113)
4(1117 7634 11820 7631)
4(1117 6956 11818 7634)
4(11820 5113 11819 7643)
4(1140 7643 11819 6999)
4(1140 7632 11820 7643)
4(1141 7000 11819 7643)
4(1141 7643 11820 7634)
4(1141 7634 11818 7000)
4(4220 3579 11823 5114)
4(11823 7040 11821 5114)
4(682 3570 11821 7040)
4(11823 5114 11822 7041)
4(683 3579 11823 7041)
4(11824 5114 11821 7640)
4(1139 7640 11821 6998)
4(11824 5114 11823 7648)
4(1163 7648 11823 7040)
4(1163 7640 11824 7648)
4(1163 7040 11821 7640)
4(1164 7041 11823 7648)
4(1164 7648 11824 7642)
4(11826 3575 4224 5115)
4(11826 5115 11819 7000)
4(4224 3582 11827 5115)
4(11827 7042 11825 5115)
4(11827 5115 11826 7043)
4(685 3582 11827 7043)
4(11828 7643 11819 5115)
4(11828 5115 11825 7644)
4(11828 7646 11826 5115)
4(1141 7646 11828 7643)
4(11828 5115 11827 7653)
4(1165 7653 11827 7042)
4(1165 7644 11828 7653)
4(1166 7043 11827 7653)
4(1166 7653 11828 7646)
4(11830 3581 4234 5116)
4(11830 5116 11823 7041)
4(4234 3589 11831 5116)
4(11831 7083 11829 5116)
4(11831 5116 11830 7084)
4(708 3589 11831 7084)
4(11832 7648 11823 5116)
4(11832 5116 11829 7649)
4(11832 7651 11830 5116)
4(1164 7651 11832 7648)
4(11832 5116 11831 7658)
4(1188 7658 11831 7083)
4(1188 7649 11832 7658)
4(1189 7084 11831 7658)
4(1189 7658 11832 7651)
4(11834 3585 4238 5117)
4(11834 5117 11827 7043)
4(4238 3592 11835 5117)
4(11835 7085 11833 5117)
4(11835 5117 11834 7086)
4(710 3592 11835 7086)
4(11836 7653 11827 5117)
4(11836 5117 11833 7654)
4(11836 7656 11834 5117)
4(1166 7656 11836 7653)
4(11836 5117 11835 7663)
4(1190 7663 11835 7085)
4(1190 7654 11836 7663)
4(1191 7086 11835 7663)
4(1191 7663 11836 7656)
4(11838 3591 4248 5118)
4(11838 5118 11831 7084)
4(4248 3599 11839 5118)
4(11839 7126 11837 5118)
4(11839 5118 11838 7127)
4(733 3599 11839 7127)
4(11840 7658 11831 5118)
4(11840 5118 11837 7659)
4(11840 7661 11838 5118)
4(1189 7661 11840 7658)
4(11840 5118 11839 7668)
4(1213 7668 11839 7126)
4(1213 7659 11840 7668)
4(1214 7127 11839 7668)
4(1214 7668 11840 7661)
4(11842 3595 4252 5119)
4(11842 5119 11835 7086)
4(4252 3602 11843 5119)
4(11843 7128 11841 5119)
4(11843 5119 11842 7129)
4(735 3602 11843 7129)
4(11844 7663 11835 5119)
4(11844 5119 11841 7664)
4(11844 7666 11842 5119)
4(1191 7666 11844 7663)
4(11844 5119 11843 7673)
4(1215 7673 11843 7128)
4(1215 7664 11844 7673)
4(1216 7129 11843 7673)
4(1216 7673 11844 7666)
4(11846 3601 4262 5120)
4(11846 5120 11839 7127)
4(4262 3608 11847 5120)
4(11847 7169 11845 5120)
4(11847 5120 11846 7170)
4(758 3608 11847 7170)
4(11848 7668 11839 5120)
4(11848 5120 11845 7669)
4(11848 7671 11846 5120)
4(1214 7671 11848 7668)
4(11848 5120 11847 7678)
4(1238 7678 11847 7169)
4(1238 7669 11848 7678)
4(1239 7170 11847 7678)
4(1239 7678 11848 7671)
4(11850 3605 4266 5121)
4(11850 5121 11843 7129)
4(4266 3611 11851 5121)
4(11851 7171 11849 5121)
4(11851 5121 11850 7172)
4(760 3611 11851 7172)
4(11852 7673 11843 5121)
4(11852 5121 11849 7674)
4(11852 7676 11850 5121)
4(1216 7676 11852 7673)
4(11852 5121 11851 7683)
4(1240 7683 11851 7171)
4(1240 7674 11852 7683)
4(1241 7172 11851 7683)
4(1241 7683 11852 7676)
4(11854 3610 4273 5122)
4(11854 5122 11847 7170)
4(4273 3616 11855 5122)
4(11855 7213 11853 5122)
4(11855 5122 11854 7214)
4(783 3616 11855 7214)
4(11856 7678 11847 5122)
4(11856 5122 11853 7679)
4(11856 7681 11854 5122)
4(1239 7681 11856 7678)
4(11856 5122 11855 7688)
4(1263 7688 11855 7213)
4(1263 7679 11856 7688)
4(1264 7214 11855 7688)
4(1264 7688 11856 7681)
4(11858 3613 4277 5123)
4(11858 5123 11851 7172)
4(11859 5123 11858 7216)
4(784 3619 11859 7216)
4(784 7216 11858 3613)
4(11860 7683 11851 5123)
4(11860 7686 11858 5123)
4(1241 7686 11860 7683)
4(1241 7172 11858 7686)
4(1265 7216 11859 7693)
4(1265 7693 11860 7686)
4(1265 7686 11858 7216)
4(11864 5124 11855 7214)
4(11865 7259 11862 5124)
4(806 3617 11862 7259)
4(11866 7688 11855 5124)
4(11866 5124 11862 7689)
4(1263 7689 11862 7213)
4(1264 7691 11866 7688)
4(1287 7702 11865 7259)
4(1287 7689 11866 7702)
4(1287 7259 11862 7689)
4(11867 3620 4287 5125)
4(11867 5125 11859 7216)
4(11868 5125 11867 7260)
4(807 7260 11867 3620)
4(11869 7695 11867 5125)
4(1265 7216 11867 7695)
4(1265 7695 11869 7693)
4(1288 7695 11867 7260)
4(1288 7705 11869 7695)
4(11870 7218 11392 5126)
4(11870 5126 11861 7219)
4(785 7219 11861 7215)
4(11871 5126 11392 3626)
4(11871 7260 11867 5126)
4(11871 5126 11870 7261)
4(808 3626 11871 7261)
4(11872 7694 11861 5126)
4(11872 5126 11867 7695)
4(1265 7216 11861 7694)
4(11872 7697 11870 5126)
4(1266 7697 11872 7694)
4(1266 7694 11861 7219)
4(11872 5126 11871 7706)
4(1288 7706 11871 7260)
4(1288 7695 11872 7706)
4(1289 7261 11871 7706)
4(1289 7706 11872 7697)
4(11874 3624 4294 5127)
4(11874 5127 11863 7259)
4(806 7259 11863 3621)
4(4294 3633 11875 5127)
4(11875 7297 11873 5127)
4(11875 5127 11874 7298)
4(829 7298 11874 3624)
4(829 3633 11875 7298)
4(11876 7699 11863 5127)
4(11876 5127 11873 7700)
4(1286 7258 11863 7699)
4(11876 7703 11874 5127)
4(1287 7259 11874 7703)
4(1287 7703 11876 7699)
4(1287 7699 11863 7259)
4(11876 5127 11875 7711)
4(1309 7711 11875 7297)
4(1309 7700 11876 7711)
4(1310 7703 11874 7298)
4(1310 7298 11875 7711)
4(1310 7711 11876 7703)
4(11877 7298 11874 5128)
4(11878 5128 11874 7703)
4(1310 7703 11878 7714)
4(11880 3629 4300 5129)
4(11880 5129 11871 7261)
4(4300 3637 11881 5129)
4(11881 7299 11879 5129)
4(11881 5129 11880 7300)
4(831 3637 11881 7300)
4(11882 7706 11871 5129)
4(11882 5129 11879 7707)
4(11882 7709 11880 5129)
4(1289 7709 11882 7706)
4(11882 5129 11881 7717)
4(1311 7717 11881 7299)
4(1311 7707 11882 7717)
4(1312 7300 11881 7717)
4(1312 7717 11882 7709)
4(11884 3636 4310 5130)
4(11884 5130 11875 7298)
4(4310 3644 11885 5130)
4(11885 7336 11883 5130)
4(11885 5130 11884 7337)
4(852 3644 11885 7337)
4(11886 7711 11875 5130)
4(11886 5130 11883 7712)
4(11886 7715 11884 5130)
4(1310 7715 11886 7711)
4(11886 5130 11885 7722)
4(1332 7722 11885 7336)
4(1332 7712 11886 7722)
4(1333 7337 11885 7722)
4(1333 7722 11886 7715)
4(11888 3640 4314 5131)
4(11888 5131 11881 7300)
4(11889 5131 11888 7338)
4(853 7338 11888 3640)
4(11890 7717 11881 5131)
4(11890 7720 11888 5131)
4(1312 7720 11890 7717)
4(1312 7300 11888 7720)
4(1334 7727 11890 7720)
4(1334 7720 11888 7338)
4(11894 5132 11885 7337)
4(11895 7372 11892 5132)
4(873 3645 11892 7372)
4(11896 7722 11885 5132)
4(11896 5132 11892 7723)
4(1332 7723 11892 7336)
4(1333 7725 11896 7722)
4(1354 7723 11896 7736)
4(1354 7372 11892 7723)
4(11898 3651 4329 5133)
4(11898 5133 11891 7339)
4(854 7339 11891 3648)
4(4329 3655 11899 5133)
4(11899 7373 11897 5133)
4(11899 5133 11898 7374)
4(875 3655 11899 7374)
4(11900 7728 11891 5133)
4(11900 5133 11897 7729)
4(1334 7338 11891 7728)
4(11900 7731 11898 5133)
4(1335 7731 11900 7728)
4(1335 7728 11891 7339)
4(11900 5133 11899 7739)
4(1355 7729 11900 7739)
4(1356 7374 11899 7739)
4(1356 7739 11900 7731)
4(11904 4604 4684 5134)
4(11904 5134 11893 7372)
4(873 7372 11893 3653)
4(4684 3663 11905 5134)
4(11905 7404 11902 5134)
4(11905 5134 11904 7405)
4(11906 7733 11893 5134)
4(11906 5134 11902 7734)
4(1353 7371 11893 7733)
4(11906 7737 11904 5134)
4(1354 7737 11906 7733)
4(1354 7733 11893 7372)
4(11906 5134 11905 7749)
4(1374 7749 11905 7404)
4(1374 7734 11906 7749)
4(1375 7749 11906 7737)
4(11907 5135 11899 7374)
4(1356 7374 11907 7742)
4(1356 7742 11908 7739)
4(11909 3659 4340 5136)
4(11909 5136 11901 7375)
4(4340 3665 11910 5136)
4(11910 7406 11907 5136)
4(11910 5136 11909 7407)
4(896 3665 11910 7407)
4(11911 7741 11901 5136)
4(11911 5136 11907 7742)
4(11911 7744 11909 5136)
4(1357 7744 11911 7741)
4(11911 5136 11910 7753)
4(1376 7742 11911 7753)
4(1377 7407 11910 7753)
4(1377 7753 11911 7744)
4(11915 3664 4348 5137)
4(11915 5137 11903 7404)
4(4348 3671 11916 5137)
4(11916 7433 11913 5137)
4(11916 5137 11915 7434)
4(11917 7746 11903 5137)
4(11917 5137 11913 7747)
4(11917 7750 11915 5137)
4(1374 7404 11915 7750)
4(1374 7750 11917 7746)
4(11917 5137 11916 7763)
4(1393 7763 11916 7433)
4(1393 7747 11917 7763)
4(1394 7763 11917 7750)
4(11919 5139 11910 7407)
4(1377 7407 11919 7756)
4(1377 7756 11920 7753)
4(11921 3668 4354 5140)
4(11921 5140 11912 7408)
4(4354 3673 11922 5140)
4(11922 7435 11919 5140)
4(11922 5140 11921 7436)
4(915 3673 11922 7436)
4(11923 7755 11912 5140)
4(11923 5140 11919 7756)
4(11923 7758 11921 5140)
4(1378 7758 11923 7755)
4(11923 5140 11922 7767)
4(1395 7756 11923 7767)
4(1396 7436 11922 7767)
4(1396 7767 11923 7758)
4(11927 3672 4361 5141)
4(11927 5141 11914 7433)
4(4361 3681 11928 5141)
4(11928 7454 11925 5141)
4(11928 5141 11927 7455)
4(11929 7760 11914 5141)
4(11929 5141 11925 7761)
4(11929 7764 11927 5141)
4(1393 7433 11927 7764)
4(1393 7764 11929 7760)
4(11929 5141 11928 7777)
4(1410 7777 11928 7454)
4(1410 7761 11929 7777)
4(1411 7777 11929 7764)
4(11931 5143 11922 7436)
4(1396 7436 11931 7770)
4(1396 7770 11932 7767)
4(11933 3677 4367 5144)
4(11933 5144 11924 7437)
4(4367 3683 11934 5144)
4(11934 7456 11931 5144)
4(11934 5144 11933 7457)
4(932 7457 11933 3677)
4(11935 7769 11924 5144)
4(11935 5144 11931 7770)
4(11935 7772 11933 5144)
4(1397 7772 11935 7769)
4(1397 7437 11933 7772)
4(11935 5144 11934 7781)
4(1412 7770 11935 7781)
4(1413 7781 11935 7772)
4(1413 7772 11933 7457)
4(11943 3682 4706 5145)
4(11943 5145 11926 7454)
4(4706 3700 11944 5145)
4(11944 7464 11941 5145)
4(944 4616 11941 7464)
4(11944 5145 11943 7465)
4(11945 7774 11926 5145)
4(11945 5145 11941 7775)
4(1409 7775 11941 7453)
4(11945 7778 11943 5145)
4(1410 7454 11943 7778)
4(1410 7778 11945 7774)
4(11945 5145 11944 7803)
4(1425 7775 11945 7803)
4(1425 7464 11941 7775)
4(1426 7803 11945 7778)
4(11948 3687 4385 5147)
4(11948 5147 11936 7458)
4(933 7458 11936 3684)
4(11949 5147 11948 7466)
4(946 7466 11948 3687)
4(11950 7783 11936 5147)
4(1413 7457 11936 7783)
4(11950 7787 11948 5147)
4(1414 7458 11948 7787)
4(1414 7787 11950 7783)
4(1414 7783 11936 7458)
4(1427 7787 11948 7466)
4(1427 7807 11950 7787)
4(11951 3688 4388 5148)
4(11951 5148 11937 7459)
4(4388 3703 11952 5148)
4(11952 7466 11948 5148)
4(11952 5148 11951 7467)
4(947 7467 11951 3688)
4(11953 7786 11937 5148)
4(11953 5148 11948 7787)
4(11953 7790 11951 5148)
4(1415 7459 11951 7790)
4(1415 7790 11953 7786)
4(11953 5148 11952 7808)
4(1427 7787 11953 7808)
4(1428 7790 11951 7467)
4(1428 7808 11953 7790)
4(11954 4619 4708 5149)
4(11954 5149 11938 7460)
4(4708 3704 11955 5149)
4(11955 7467 11951 5149)
4(11955 5149 11954 7468)
4(948 3704 11955 7468)
4(948 7468 11954 4619)
4(11956 7789 11938 5149)
4(11956 5149 11951 7790)
4(11956 7792 11954 5149)
4(1416 7792 11956 7789)
4(1416 7460 11954 7792)
4(11956 5149 11955 7810)
4(1428 7810 11955 7467)
4(1428 7790 11956 7810)
4(1429 7468 11955 7810)
4(1429 7810 11956 7792)
4(1429 7792 11954 7468)
4(11964 3697 4404 5150)
4(11964 5150 11939 7462)
4(4404 3718 11965 5150)
4(11965 7474 11962 5150)
4(954 3695 11962 7474)
4(11965 5150 11964 7475)
4(955 7475 11964 3697)
4(955 3718 11965 7475)
4(11966 7794 11939 5150)
4(11966 5150 11962 7795)
4(1422 7795 11962 7461)
4(11966 7798 11964 5150)
4(1423 7462 11964 7798)
4(1423 7798 11966 7794)
4(11966 5150 11965 7831)
4(1435 7831 11965 7474)
4(1435 7795 11966 7831)
4(1435 7474 11962 7795)
4(1436 7798 11964 7475)
4(1436 7475 11965 7831)
4(1436 7831 11966 7798)
4(11967 3699 4407 5151)
4(11967 5151 11940 7463)
4(4407 3720 11968 5151)
4(11968 7475 11964 5151)
4(11968 5151 11967 7476)
4(956 7476 11967 3699)
4(11969 7797 11940 5151)
4(11969 5151 11964 7798)
4(11969 7801 11967 5151)
4(1424 7463 11967 7801)
4(1424 7801 11969 7797)
4(11969 5151 11968 7834)
4(1436 7798 11969 7834)
4(1437 7801 11967 7476)
4(1437 7834 11969 7801)
4(11970 5152 11942 7464)
4(944 7464 11942 3698)
4(11971 7476 11967 5152)
4(11972 7800 11942 5152)
4(11972 5152 11967 7801)
4(1424 7463 11942 7800)
4(1425 7804 11972 7800)
4(1425 7800 11942 7464)
4(1437 7801 11972 7837)
4(11974 5153 11955 7468)
4(11975 7810 11955 5153)
4(1429 7468 11974 7814)
4(1429 7814 11975 7810)
4(11976 3709 4416 5154)
4(11976 5154 11957 7469)
4(949 7469 11957 3706)
4(11977 5154 11976 7477)
4(957 7477 11976 3709)
4(11978 7813 11957 5154)
4(1429 7468 11957 7813)
4(11978 7817 11976 5154)
4(1430 7469 11976 7817)
4(1430 7817 11978 7813)
4(1430 7813 11957 7469)
4(1438 7817 11976 7477)
4(1438 7839 11978 7817)
4(11979 3711 4419 5155)
4(11979 5155 11958 7470)
4(4419 3724 11980 5155)
4(11980 7477 11976 5155)
4(11980 5155 11979 7478)
4(958 7478 11979 3711)
4(11981 7816 11958 5155)
4(11981 5155 11976 7817)
4(11981 7820 11979 5155)
4(1431 7470 11979 7820)
4(1431 7820 11981 7816)
4(11981 5155 11980 7840)
4(1438 7817 11981 7840)
4(1439 7820 11979 7478)
4(1439 7840 11981 7820)
4(11982 3713 4422 5156)
4(11982 5156 11959 7471)
4(4422 3725 11983 5156)
4(11983 7478 11979 5156)
4(11983 5156 11982 7479)
4(959 7479 11982 3713)
4(11984 7819 11959 5156)
4(11984 5156 11979 7820)
4(11984 7823 11982 5156)
4(1432 7471 11982 7823)
4(1432 7823 11984 7819)
4(11984 5156 11983 7842)
4(1439 7820 11984 7842)
4(1440 7823 11982 7479)
4(1440 7842 11984 7823)
4(11985 3715 4425 5157)
4(11985 5157 11960 7472)
4(4425 3726 11986 5157)
4(11986 7479 11982 5157)
4(11986 5157 11985 7480)
4(960 7480 11985 3715)
4(11987 7822 11960 5157)
4(11987 5157 11982 7823)
4(11987 7826 11985 5157)
4(1433 7472 11985 7826)
4(1433 7826 11987 7822)
4(11987 5157 11986 7844)
4(1440 7823 11987 7844)
4(1441 7826 11985 7480)
4(1441 7844 11987 7826)
4(11988 3717 4428 5158)
4(11988 5158 11961 7473)
4(4428 3727 11989 5158)
4(11989 7480 11985 5158)
4(11989 5158 11988 7481)
4(961 7481 11988 3717)
4(11990 7825 11961 5158)
4(11990 5158 11985 7826)
4(11990 7829 11988 5158)
4(1434 7473 11988 7829)
4(1434 7829 11990 7825)
4(11990 5158 11989 7846)
4(1441 7826 11990 7846)
4(1442 7829 11988 7481)
4(1442 7846 11990 7829)
4(11991 5159 11963 7474)
4(954 7474 11963 3716)
4(11992 7481 11988 5159)
4(11993 7828 11963 5159)
4(11993 5159 11988 7829)
4(1434 7473 11963 7828)
4(1435 7474 11991 7832)
4(1435 7832 11993 7828)
4(1435 7828 11963 7474)
4(1442 7829 11993 7848)
4(11994 5160 11965 7475)
4(11995 7831 11965 5160)
4(1436 7835 11995 7831)
4(12006 5161 11695 7507)
4(12006 7509 12003 5161)
4(12006 5161 12005 7512)
4(969 7512 12005 7484)
4(969 7507 12006 7512)
4(12007 5161 12006 7875)
4(1449 7875 12006 7509)
4(1449 7850 12007 7875)
4(1450 7852 12005 7512)
4(1450 7512 12006 7875)
4(1450 7875 12007 7852)
4(12008 7486 11698 5162)
4(12008 5162 11996 7487)
4(12009 5162 11698 7510)
4(12009 7512 12005 5162)
4(12009 5162 12008 7514)
4(970 7514 12008 7486)
4(970 7510 12009 7514)
4(12010 7854 12008 5162)
4(1443 7487 12008 7854)
4(1443 7854 12010 7851)
4(12010 5162 12009 7878)
4(1450 7852 12010 7878)
4(1450 7878 12009 7512)
4(1451 7854 12008 7514)
4(1451 7878 12010 7854)
4(1451 7514 12009 7878)
4(12011 7489 11701 5163)
4(12011 5163 11997 7490)
4(12012 5163 11701 7513)
4(12012 7514 12008 5163)
4(12012 5163 12011 7516)
4(971 7516 12011 7489)
4(12013 7853 11997 5163)
4(12013 5163 12008 7854)
4(12013 7857 12011 5163)
4(1444 7490 12011 7857)
4(1444 7857 12013 7853)
4(12013 5163 12012 7881)
4(1451 7854 12013 7881)
4(1452 7857 12011 7516)
4(1452 7881 12013 7857)
4(12014 7492 11704 5164)
4(12014 5164 11998 7493)
4(12015 5164 11704 7515)
4(12015 7516 12011 5164)
4(12015 5164 12014 7518)
4(972 7518 12014 7492)
4(12016 7856 11998 5164)
4(12016 5164 12011 7857)
4(12016 7860 12014 5164)
4(1445 7493 12014 7860)
4(1445 7860 12016 7856)
4(12016 5164 12015 7883)
4(1452 7857 12016 7883)
4(1453 7860 12014 7518)
4(1453 7883 12016 7860)
4(12017 7495 11707 5165)
4(12017 5165 11999 7496)
4(12018 5165 11707 7517)
4(12018 7518 12014 5165)
4(12018 5165 12017 7520)
4(973 7520 12017 7495)
4(12019 7859 11999 5165)
4(12019 5165 12014 7860)
4(12019 7863 12017 5165)
4(1446 7496 12017 7863)
4(1446 7863 12019 7859)
4(12019 5165 12018 7885)
4(1453 7860 12019 7885)
4(1454 7863 12017 7520)
4(1454 7885 12019 7863)
4(12020 7498 11710 5166)
4(12020 5166 12000 7499)
4(12021 5166 11710 7519)
4(12021 7520 12017 5166)
4(12021 5166 12020 7522)
4(974 7522 12020 7498)
4(12022 7862 12000 5166)
4(12022 5166 12017 7863)
4(12022 7866 12020 5166)
4(1447 7499 12020 7866)
4(1447 7866 12022 7862)
4(12022 5166 12021 7887)
4(1454 7863 12022 7887)
4(1455 7866 12020 7522)
4(1455 7887 12022 7866)
4(12024 5167 11713 7521)
4(12024 7522 12020 5167)
4(12024 5167 12023 7525)
4(975 7525 12023 7500)
4(975 7521 12024 7525)
4(12025 5167 12020 7866)
4(12025 5167 12024 7889)
4(1455 7866 12025 7889)
4(1455 7889 12024 7522)
4(1456 7868 12023 7525)
4(1456 7889 12025 7868)
4(1456 7525 12024 7889)
4(12027 5168 11716 7523)
4(12027 7525 12023 5168)
4(12027 5168 12026 7528)
4(976 7523 12027 7528)
4(12028 5168 12027 7891)
4(1456 7891 12027 7525)
4(1456 7868 12028 7891)
4(1457 7528 12027 7891)
4(1457 7891 12028 7869)
4(12033 7505 11723 5169)
4(12033 5169 12002 7506)
4(12034 5169 11723 7536)
4(12034 7538 12031 5169)
4(12034 5169 12033 7540)
4(980 7540 12033 7505)
4(980 7536 12034 7540)
4(12035 7873 12033 5169)
4(1448 7506 12033 7873)
4(1448 7873 12035 7870)
4(12035 5169 12034 7904)
4(1460 7871 12035 7904)
4(1460 7904 12034 7538)
4(1461 7873 12033 7540)
4(1461 7904 12035 7873)
4(1461 7540 12034 7904)
4(12036 7508 11726 5170)
4(12036 5170 12004 7509)
4(12037 5170 11726 7539)
4(12037 7540 12033 5170)
4(12037 5170 12036 7542)
4(981 7542 12036 7508)
4(12038 7872 12004 5170)
4(12038 5170 12033 7873)
4(12038 7876 12036 5170)
4(1449 7509 12036 7876)
4(1449 7876 12038 7872)
4(12038 5170 12037 7907)
4(1461 7873 12038 7907)
4(1462 7876 12036 7542)
4(1462 7907 12038 7876)
4(12039 7511 11729 5171)
4(12039 5171 12006 7512)
4(12040 5171 11729 7541)
4(12040 7542 12036 5171)
4(12040 5171 12039 7543)
4(982 7543 12039 7511)
4(12041 7875 12006 5171)
4(12041 5171 12036 7876)
4(12041 7879 12039 5171)
4(1450 7879 12041 7875)
4(1450 7512 12039 7879)
4(12041 5171 12040 7909)
4(1462 7876 12041 7909)
4(1463 7909 12041 7879)
4(1463 7879 12039 7543)
4(12043 7527 11733 5172)
4(12043 5172 12027 7528)
4(12044 5172 11733 7544)
4(12044 7545 12042 5172)
4(988 7524 12042 7545)
4(12044 5172 12043 7547)
4(989 7547 12043 7527)
4(12045 7891 12027 5172)
4(12045 5172 12042 7892)
4(1456 7892 12042 7525)
4(12045 7895 12043 5172)
4(1457 7528 12043 7895)
4(1457 7895 12045 7891)
4(12045 5172 12044 7912)
4(1469 7892 12045 7912)
4(1469 7545 12042 7892)
4(1470 7895 12043 7547)
4(1470 7912 12045 7895)
4(12046 7530 11736 5173)
4(12046 5173 12029 7531)
4(12047 5173 11736 7546)
4(12047 7547 12043 5173)
4(12047 5173 12046 7549)
4(990 7549 12046 7530)
4(12048 7894 12029 5173)
4(12048 5173 12043 7895)
4(12048 7898 12046 5173)
4(1458 7531 12046 7898)
4(1458 7898 12048 7894)
4(12048 5173 12047 7914)
4(1470 7895 12048 7914)
4(1471 7898 12046 7549)
4(1471 7914 12048 7898)
4(12050 5174 11739 7548)
4(12050 7549 12046 5174)
4(12050 5174 12049 7552)
4(991 7548 12050 7552)
4(12051 5174 12046 7898)
4(12051 5174 12050 7916)
4(1471 7898 12051 7916)
4(1471 7916 12050 7549)
4(1472 7916 12051 7900)
4(1472 7552 12050 7916)
4(12054 5175 12053 7560)
4(994 7560 12053 7534)
4(994 7555 12054 7560)
4(1475 7902 12053 7560)
4(1475 7560 12054 7923)
4(1475 7923 12055 7902)
4(12056 7537 11746 5176)
4(12056 5176 12032 7538)
4(12057 5176 11746 7558)
4(12057 7560 12053 5176)
4(12057 5176 12056 7561)
4(995 7561 12056 7537)
4(12058 7901 12032 5176)
4(12058 5176 12053 7902)
4(12058 7905 12056 5176)
4(1460 7905 12058 7901)
4(1460 7538 12056 7905)
4(12058 5176 12057 7926)
4(1475 7902 12058 7926)
4(1476 7926 12058 7905)
4(1476 7905 12056 7561)
4(12060 7553 11750 5177)
4(12060 5177 12052 7554)
4(12061 5177 11750 7562)
4(12061 7563 12059 5177)
4(1007 7551 12059 7563)
4(12061 5177 12060 7566)
4(1008 7566 12060 7553)
4(12062 7918 12052 5177)
4(12062 5177 12059 7919)
4(1472 7919 12059 7552)
4(12062 7921 12060 5177)
4(1473 7921 12062 7918)
4(12062 5177 12061 7930)
4(1488 7919 12062 7930)
4(1488 7563 12059 7919)
4(1489 7921 12060 7566)
4(1489 7930 12062 7921)
4(12063 7566 12060 5178)
4(1489 7932 12063 7566)
4(1489 7921 12064 7932)
4(12066 5179 12065 7574)
4(1011 7574 12065 7556)
4(1011 7569 12066 7574)
4(1492 7924 12065 7574)
4(1492 7574 12066 7937)
4(1492 7937 12067 7924)
4(12068 7559 11758 5180)
4(12068 5180 12054 7560)
4(12069 5180 11758 7572)
4(12069 7574 12065 5180)
4(12069 5180 12068 7575)
4(12070 7923 12054 5180)
4(12070 5180 12065 7924)
4(12070 7927 12068 5180)
4(1475 7927 12070 7923)
4(12070 5180 12069 7940)
4(1492 7924 12070 7940)
4(1493 7940 12070 7927)
4(12072 7567 11762 5181)
4(12072 5181 12063 7568)
4(12073 5181 11762 7576)
4(12073 7577 12071 5181)
4(12073 5181 12072 7580)
4(1027 7580 12072 7567)
4(12074 7932 12063 5181)
4(12074 5181 12071 7933)
4(12074 7935 12072 5181)
4(1490 7935 12074 7932)
4(12074 5181 12073 7944)
4(1507 7933 12074 7944)
4(1508 7935 12072 7580)
4(1508 7944 12074 7935)
4(12075 7580 12072 5182)
4(1508 7946 12075 7580)
4(1508 7935 12076 7946)
4(12078 5183 12077 7588)
4(1030 7588 12077 7570)
4(1030 7583 12078 7588)
4(1511 7938 12077 7588)
4(1511 7588 12078 7951)
4(1511 7951 12079 7938)
4(12080 7573 11770 5184)
4(12080 5184 12066 7574)
4(12081 5184 11770 7586)
4(12081 7588 12077 5184)
4(12081 5184 12080 7589)
4(12082 7937 12066 5184)
4(12082 5184 12077 7938)
4(12082 7941 12080 5184)
4(1492 7941 12082 7937)
4(12082 5184 12081 7954)
4(1511 7938 12082 7954)
4(1512 7954 12082 7941)
4(12084 7581 11774 5185)
4(12084 5185 12075 7582)
4(12085 5185 11774 7590)
4(12085 7591 12083 5185)
4(12085 5185 12084 7594)
4(1048 7594 12084 7581)
4(12086 7946 12075 5185)
4(12086 5185 12083 7947)
4(12086 7949 12084 5185)
4(1509 7949 12086 7946)
4(12086 5185 12085 7958)
4(1528 7947 12086 7958)
4(1529 7949 12084 7594)
4(1529 7958 12086 7949)
4(12087 7594 12084 5186)
4(1529 7960 12087 7594)
4(1529 7949 12088 7960)
4(12091 7587 11781 5187)
4(12091 5187 12078 7588)
4(12092 5187 11781 7599)
4(12092 7601 12089 5187)
4(12092 5187 12091 7602)
4(1051 7599 12092 7602)
4(12093 7951 12078 5187)
4(12093 5187 12089 7952)
4(12093 7955 12091 5187)
4(1511 7955 12093 7951)
4(12093 5187 12092 7967)
4(1531 7952 12093 7967)
4(1531 7967 12092 7601)
4(1532 7967 12093 7955)
4(1532 7602 12092 7967)
4(12095 7595 11785 5188)
4(12095 5188 12087 7596)
4(12096 5188 11785 7603)
4(12096 7604 12094 5188)
4(12096 5188 12095 7607)
4(1070 7603 12096 7607)
4(12097 7960 12087 5188)
4(12097 5188 12094 7961)
4(12097 7963 12095 5188)
4(1530 7963 12097 7960)
4(12097 5188 12096 7971)
4(1550 7961 12097 7971)
4(1550 7971 12096 7604)
4(1551 7971 12097 7963)
4(1551 7607 12096 7971)
4(12100 7600 11790 5189)
4(12100 5189 12090 7601)
4(12101 5189 11790 7609)
4(12101 7611 12099 5189)
4(12101 5189 12100 7613)
4(1072 7609 12101 7613)
4(1072 7613 12100 7600)
4(12102 7968 12100 5189)
4(1531 7968 12102 7965)
4(1531 7601 12100 7968)
4(12102 5189 12101 7977)
4(1552 7977 12101 7611)
4(1552 7966 12102 7977)
4(1553 7613 12101 7977)
4(1553 7977 12102 7968)
4(1553 7968 12100 7613)
4(12105 5190 11794 7614)
4(12105 7616 12103 5190)
4(1092 7606 12103 7616)
4(12105 5190 12104 7618)
4(1093 7614 12105 7618)
4(12106 5190 12103 7974)
4(1551 7974 12103 7607)
4(12106 5190 12105 7982)
4(1573 7982 12105 7616)
4(1573 7974 12106 7982)
4(1573 7616 12103 7974)
4(1574 7618 12105 7982)
4(1574 7982 12106 7976)
4(12109 7612 11799 5191)
4(12109 5191 12101 7613)
4(12110 5191 11799 7620)
4(12110 7622 12107 5191)
4(12110 5191 12109 7624)
4(1095 7620 12110 7624)
4(12111 7977 12101 5191)
4(12111 5191 12107 7978)
4(12111 7980 12109 5191)
4(1553 7980 12111 7977)
4(12111 5191 12110 7988)
4(1575 7988 12110 7622)
4(1575 7978 12111 7988)
4(1576 7624 12110 7988)
4(1576 7988 12111 7980)
4(12113 7617 11803 5192)
4(12113 5192 12105 7618)
4(12114 5192 11803 7625)
4(12114 7627 12112 5192)
4(12114 5192 12113 7630)
4(1116 7625 12114 7630)
4(12115 7982 12105 5192)
4(12115 5192 12112 7983)
4(12115 7985 12113 5192)
4(1574 7985 12115 7982)
4(12115 5192 12114 7993)
4(1596 7993 12114 7627)
4(1596 7983 12115 7993)
4(1597 7630 12114 7993)
4(1597 7993 12115 7985)
4(12117 7621 11807 5193)
4(12117 5193 12108 7622)
4(12118 5193 12117 7635)
4(1117 7635 12117 7621)
4(1117 7631 12118 7635)
4(12119 7989 12117 5193)
4(1575 7622 12117 7989)
4(1575 7989 12119 7987)
4(1598 7989 12117 7635)
4(1598 7635 12118 7999)
4(1598 7999 12119 7989)
4(12120 7623 11810 5194)
4(12120 5194 12110 7624)
4(12121 5194 11810 7633)
4(12121 7635 12117 5194)
4(12121 5194 12120 7636)
4(1118 7633 12121 7636)
4(12122 7988 12110 5194)
4(12122 5194 12117 7989)
4(12122 7991 12120 5194)
4(1576 7991 12122 7988)
4(12122 5194 12121 8001)
4(1598 7989 12122 8001)
4(1598 8001 12121 7635)
4(1599 8001 12122 7991)
4(1599 7636 12121 8001)
4(12124 7629 11814 5195)
4(12124 5195 12114 7630)
4(12125 5195 11814 7637)
4(12125 7638 12123 5195)
4(12125 5195 12124 7641)
4(1139 7641 12124 7629)
4(1139 7637 12125 7641)
4(12126 7993 12114 5195)
4(12126 5195 12123 7994)
4(12126 7997 12124 5195)
4(1597 7630 12124 7997)
4(1597 7997 12126 7993)
4(12126 5195 12125 8005)
4(1619 7994 12126 8005)
4(1619 8005 12125 7638)
4(1620 7997 12124 7641)
4(1620 8005 12126 7997)
4(1620 7641 12125 8005)
4(12127 7641 12124 5196)
4(12128 5196 12124 7997)
4(1620 8007 12127 7641)
4(1620 7997 12128 8007)
4(12130 7634 11820 5197)
4(12130 5197 12118 7635)
4(12131 5197 11820 7643)
4(12131 7645 12129 5197)
4(12131 5197 12130 7647)
4(1141 7643 12131 7647)
4(1141 7647 12130 7634)
4(12132 8002 12130 5197)
4(1598 8002 12132 7999)
4(1598 7635 12130 8002)
4(12132 5197 12131 8011)
4(1621 8011 12131 7645)
4(1621 8000 12132 8011)
4(1622 7647 12131 8011)
4(1622 8011 12132 8002)
4(1622 8002 12130 7647)
4(12135 5198 11824 7648)
4(12135 7650 12133 5198)
4(1163 7640 12133 7650)
4(12135 5198 12134 7652)
4(1164 7648 12135 7652)
4(12136 5198 12133 8008)
4(1620 8008 12133 7641)
4(12136 5198 12135 8016)
4(1644 8016 12135 7650)
4(1644 8008 12136 8016)
4(1644 7650 12133 8008)
4(1645 7652 12135 8016)
4(1645 8016 12136 8010)
4(12138 7646 11828 5199)
4(12138 5199 12131 7647)
4(12139 5199 11828 7653)
4(12139 7655 12137 5199)
4(12139 5199 12138 7657)
4(1166 7653 12139 7657)
4(12140 8011 12131 5199)
4(12140 5199 12137 8012)
4(12140 8014 12138 5199)
4(1622 8014 12140 8011)
4(12140 5199 12139 8021)
4(1646 8021 12139 7655)
4(1646 8012 12140 8021)
4(1647 7657 12139 8021)
4(1647 8021 12140 8014)
4(12142 7651 11832 5200)
4(12142 5200 12135 7652)
4(12143 5200 11832 7658)
4(12143 7660 12141 5200)
4(12143 5200 12142 7662)
4(1189 7658 12143 7662)
4(12144 8016 12135 5200)
4(12144 5200 12141 8017)
4(12144 8019 12142 5200)
4(1645 8019 12144 8016)
4(12144 5200 12143 8026)
4(1669 8026 12143 7660)
4(1669 8017 12144 8026)
4(1670 7662 12143 8026)
4(1670 8026 12144 8019)
4(12146 7656 11836 5201)
4(12146 5201 12139 7657)
4(12147 5201 11836 7663)
4(12147 7665 12145 5201)
4(12147 5201 12146 7667)
4(1191 7663 12147 7667)
4(12148 8021 12139 5201)
4(12148 5201 12145 8022)
4(12148 8024 12146 5201)
4(1647 8024 12148 8021)
4(12148 5201 12147 8031)
4(1671 8031 12147 7665)
4(1671 8022 12148 8031)
4(1672 7667 12147 8031)
4(1672 8031 12148 8024)
4(12150 7661 11840 5202)
4(12150 5202 12143 7662)
4(12151 5202 11840 7668)
4(12151 7670 12149 5202)
4(12151 5202 12150 7672)
4(1214 7668 12151 7672)
4(12152 8026 12143 5202)
4(12152 5202 12149 8027)
4(12152 8029 12150 5202)
4(1670 8029 12152 8026)
4(12152 5202 12151 8036)
4(1694 8036 12151 7670)
4(1694 8027 12152 8036)
4(1695 7672 12151 8036)
4(1695 8036 12152 8029)
4(12154 7666 11844 5203)
4(12154 5203 12147 7667)
4(12155 5203 11844 7673)
4(12155 7675 12153 5203)
4(12155 5203 12154 7677)
4(1216 7673 12155 7677)
4(12156 8031 12147 5203)
4(12156 5203 12153 8032)
4(12156 8034 12154 5203)
4(1672 8034 12156 8031)
4(12156 5203 12155 8041)
4(1696 8041 12155 7675)
4(1696 8032 12156 8041)
4(1697 7677 12155 8041)
4(1697 8041 12156 8034)
4(12158 7671 11848 5204)
4(12158 5204 12151 7672)
4(12159 5204 11848 7678)
4(12159 7680 12157 5204)
4(12159 5204 12158 7682)
4(1239 7678 12159 7682)
4(12160 8036 12151 5204)
4(12160 5204 12157 8037)
4(12160 8039 12158 5204)
4(1695 8039 12160 8036)
4(12160 5204 12159 8046)
4(1719 8046 12159 7680)
4(1719 8037 12160 8046)
4(1720 7682 12159 8046)
4(1720 8046 12160 8039)
4(12162 7676 11852 5205)
4(12162 5205 12155 7677)
4(12163 5205 11852 7683)
4(12163 7685 12161 5205)
4(12163 5205 12162 7687)
4(1241 7683 12163 7687)
4(12164 8041 12155 5205)
4(12164 5205 12161 8042)
4(12164 8044 12162 5205)
4(1697 8044 12164 8041)
4(12164 5205 12163 8051)
4(1721 8051 12163 7685)
4(1721 8042 12164 8051)
4(1722 7687 12163 8051)
4(1722 8051 12164 8044)
4(12166 7681 11856 5206)
4(12166 5206 12159 7682)
4(12167 5206 11856 7688)
4(12167 7690 12165 5206)
4(12167 5206 12166 7692)
4(1264 7688 12167 7692)
4(12168 8046 12159 5206)
4(12168 5206 12165 8047)
4(12168 8049 12166 5206)
4(1720 8049 12168 8046)
4(12168 5206 12167 8056)
4(1744 8056 12167 7690)
4(1744 8047 12168 8056)
4(1745 7692 12167 8056)
4(1745 8056 12168 8049)
4(12170 7686 11860 5207)
4(12170 5207 12163 7687)
4(12171 5207 12170 7696)
4(1265 7693 12171 7696)
4(1265 7696 12170 7686)
4(12172 8051 12163 5207)
4(12172 8054 12170 5207)
4(1722 8054 12172 8051)
4(1722 7687 12170 8054)
4(1746 7696 12171 8061)
4(1746 8061 12172 8054)
4(1746 8054 12170 7696)
4(12176 5208 12167 7692)
4(12177 7704 12174 5208)
4(1287 7689 12174 7704)
4(12178 8056 12167 5208)
4(12178 5208 12174 8057)
4(1744 8057 12174 7690)
4(1745 8059 12178 8056)
4(1768 8070 12177 7704)
4(1768 8057 12178 8070)
4(1768 7704 12174 8057)
4(12179 7695 11869 5209)
4(12179 5209 12171 7696)
4(12180 5209 12179 7708)
4(1288 7708 12179 7695)
4(12181 8063 12179 5209)
4(1746 7696 12179 8063)
4(1746 8063 12181 8061)
4(1769 8063 12179 7708)
4(1769 8073 12181 8063)
4(12182 7697 11872 5210)
4(12182 5210 12173 7698)
4(1266 7698 12173 7694)
4(12183 5210 11872 7706)
4(12183 7708 12179 5210)
4(12183 5210 12182 7710)
4(1289 7706 12183 7710)
4(12184 8062 12173 5210)
4(12184 5210 12179 8063)
4(1746 7696 12173 8062)
4(12184 8065 12182 5210)
4(1747 8065 12184 8062)
4(1747 8062 12173 7698)
4(12184 5210 12183 8074)
4(1769 8074 12183 7708)
4(1769 8063 12184 8074)
4(1770 7710 12183 8074)
4(1770 8074 12184 8065)
4(12186 7703 11876 5211)
4(12186 5211 12175 7704)
4(1287 7704 12175 7699)
4(12187 5211 11876 7711)
4(12187 7713 12185 5211)
4(12187 5211 12186 7716)
4(1310 7716 12186 7703)
4(1310 7711 12187 7716)
4(12188 8067 12175 5211)
4(12188 5211 12185 8068)
4(1767 7701 12175 8067)
4(12188 8071 12186 5211)
4(1768 7704 12186 8071)
4(1768 8071 12188 8067)
4(1768 8067 12175 7704)
4(12188 5211 12187 8079)
4(1790 8079 12187 7713)
4(1790 8068 12188 8079)
4(1791 8071 12186 7716)
4(1791 7716 12187 8079)
4(1791 8079 12188 8071)
4(12189 7716 12186 5212)
4(12190 5212 12186 8071)
4(1791 8071 12190 8082)
4(12192 7709 11882 5213)
4(12192 5213 12183 7710)
4(12193 5213 11882 7717)
4(12193 7719 12191 5213)
4(12193 5213 12192 7721)
4(1312 7717 12193 7721)
4(12194 8074 12183 5213)
4(12194 5213 12191 8075)
4(12194 8077 12192 5213)
4(1770 8077 12194 8074)
4(12194 5213 12193 8085)
4(1792 8085 12193 7719)
4(1792 8075 12194 8085)
4(1793 7721 12193 8085)
4(1793 8085 12194 8077)
4(12196 7715 11886 5214)
4(12196 5214 12187 7716)
4(12197 5214 11886 7722)
4(12197 7724 12195 5214)
4(12197 5214 12196 7726)
4(1333 7722 12197 7726)
4(12198 8079 12187 5214)
4(12198 5214 12195 8080)
4(12198 8083 12196 5214)
4(1791 8083 12198 8079)
4(12198 5214 12197 8090)
4(1813 8090 12197 7724)
4(1813 8080 12198 8090)
4(1814 7726 12197 8090)
4(1814 8090 12198 8083)
4(12200 7720 11890 5215)
4(12200 5215 12193 7721)
4(12201 5215 12200 7730)
4(1334 7730 12200 7720)
4(12202 8085 12193 5215)
4(12202 8088 12200 5215)
4(1793 8088 12202 8085)
4(1793 7721 12200 8088)
4(1815 8095 12202 8088)
4(1815 8088 12200 7730)
4(12206 5216 12197 7726)
4(12207 7738 12204 5216)
4(1354 7723 12204 7738)
4(12208 8090 12197 5216)
4(12208 5216 12204 8091)
4(1813 8091 12204 7724)
4(1814 8093 12208 8090)
4(1835 8091 12208 8104)
4(1835 7738 12204 8091)
4(12210 7731 11900 5217)
4(12210 5217 12203 7732)
4(1335 7732 12203 7728)
4(12211 5217 11900 7739)
4(12211 7740 12209 5217)
4(12211 5217 12210 7743)
4(1356 7739 12211 7743)
4(12212 8096 12203 5217)
4(12212 5217 12209 8097)
4(1815 7730 12203 8096)
4(12212 8099 12210 5217)
4(1816 8099 12212 8096)
4(1816 8096 12203 7732)
4(12212 5217 12211 8107)
4(1836 8097 12212 8107)
4(1837 7743 12211 8107)
4(1837 8107 12212 8099)
4(12216 7737 11906 5218)
4(12216 5218 12205 7738)
4(1354 7738 12205 7733)
4(12217 5218 11906 7749)
4(12217 7751 12214 5218)
4(12217 5218 12216 7752)
4(12218 8101 12205 5218)
4(12218 5218 12214 8102)
4(1834 7735 12205 8101)
4(12218 8105 12216 5218)
4(1835 8105 12218 8101)
4(1835 8101 12205 7738)
4(12218 5218 12217 8117)
4(1855 8117 12217 7751)
4(1855 8102 12218 8117)
4(1856 8117 12218 8105)
4(12219 5219 12211 7743)
4(1837 7743 12219 8110)
4(1837 8110 12220 8107)
4(12221 7744 11911 5220)
4(12221 5220 12213 7745)
4(12222 5220 11911 7753)
4(12222 7754 12219 5220)
4(12222 5220 12221 7757)
4(1377 7753 12222 7757)
4(12223 8109 12213 5220)
4(12223 5220 12219 8110)
4(12223 8112 12221 5220)
4(1838 8112 12223 8109)
4(12223 5220 12222 8121)
4(1857 8110 12223 8121)
4(1858 7757 12222 8121)
4(1858 8121 12223 8112)
4(12227 7750 11917 5221)
4(12227 5221 12215 7751)
4(12228 5221 11917 7763)
4(12228 7765 12225 5221)
4(12228 5221 12227 7766)
4(12229 8114 12215 5221)
4(12229 5221 12225 8115)
4(12229 8118 12227 5221)
4(1855 7751 12227 8118)
4(1855 8118 12229 8114)
4(12229 5221 12228 8131)
4(1874 8131 12228 7765)
4(1874 8115 12229 8131)
4(1875 8131 12229 8118)
4(12231 5223 12222 7757)
4(1858 7757 12231 8124)
4(1858 8124 12232 8121)
4(12233 7758 11923 5224)
4(12233 5224 12224 7759)
4(12234 5224 11923 7767)
4(12234 7768 12231 5224)
4(12234 5224 12233 7771)
4(1396 7767 12234 7771)
4(12235 8123 12224 5224)
4(12235 5224 12231 8124)
4(12235 8126 12233 5224)
4(1859 8126 12235 8123)
4(12235 5224 12234 8135)
4(1876 8124 12235 8135)
4(1877 7771 12234 8135)
4(1877 8135 12235 8126)
4(12239 7764 11929 5225)
4(12239 5225 12226 7765)
4(12240 5225 11929 7777)
4(12240 7779 12237 5225)
4(12240 5225 12239 7780)
4(12241 8128 12226 5225)
4(12241 5225 12237 8129)
4(12241 8132 12239 5225)
4(1874 7765 12239 8132)
4(1874 8132 12241 8128)
4(12241 5225 12240 8145)
4(1891 8145 12240 7779)
4(1891 8129 12241 8145)
4(1892 8145 12241 8132)
4(12243 5227 12234 7771)
4(1877 7771 12243 8138)
4(1877 8138 12244 8135)
4(12245 7772 11935 5228)
4(12245 5228 12236 7773)
4(12246 5228 11935 7781)
4(12246 7782 12243 5228)
4(12246 5228 12245 7785)
4(1413 7785 12245 7772)
4(12247 8137 12236 5228)
4(12247 5228 12243 8138)
4(12247 8140 12245 5228)
4(1878 8140 12247 8137)
4(1878 7773 12245 8140)
4(12247 5228 12246 8149)
4(1893 8138 12247 8149)
4(1894 8149 12247 8140)
4(1894 8140 12245 7785)
4(12255 7778 11945 5229)
4(12255 5229 12238 7779)
4(12256 5229 11945 7803)
4(12256 7805 12253 5229)
4(1425 7775 12253 7805)
4(12256 5229 12255 7806)
4(12257 8142 12238 5229)
4(12257 5229 12253 8143)
4(1890 8143 12253 7776)
4(12257 8146 12255 5229)
4(1891 7779 12255 8146)
4(1891 8146 12257 8142)
4(12257 5229 12256 8171)
4(1906 8143 12257 8171)
4(1906 7805 12253 8143)
4(1907 8171 12257 8146)
4(12260 7787 11950 5231)
4(12260 5231 12248 7788)
4(1414 7788 12248 7783)
4(12261 5231 12260 7809)
4(1427 7809 12260 7787)
4(12262 8151 12248 5231)
4(1894 7785 12248 8151)
4(12262 8155 12260 5231)
4(1895 7788 12260 8155)
4(1895 8155 12262 8151)
4(1895 8151 12248 7788)
4(1908 8155 12260 7809)
4(1908 8175 12262 8155)
4(12263 7790 11953 5232)
4(12263 5232 12249 7791)
4(12264 5232 11953 7808)
4(12264 7809 12260 5232)
4(12264 5232 12263 7812)
4(1428 7812 12263 7790)
4(12265 8154 12249 5232)
4(12265 5232 12260 8155)
4(12265 8158 12263 5232)
4(1896 7791 12263 8158)
4(1896 8158 12265 8154)
4(12265 5232 12264 8176)
4(1908 8155 12265 8176)
4(1909 8158 12263 7812)
4(1909 8176 12265 8158)
4(12266 7792 11956 5233)
4(12266 5233 12250 7793)
4(12267 5233 11956 7810)
4(12267 7812 12263 5233)
4(12267 5233 12266 7815)
4(1429 7810 12267 7815)
4(1429 7815 12266 7792)
4(12268 8157 12250 5233)
4(12268 5233 12263 8158)
4(12268 8160 12266 5233)
4(1897 8160 12268 8157)
4(1897 7793 12266 8160)
4(12268 5233 12267 8178)
4(1909 8178 12267 7812)
4(1909 8158 12268 8178)
4(1910 7815 12267 8178)
4(1910 8178 12268 8160)
4(1910 8160 12266 7815)
4(12276 7798 11966 5234)
4(12276 5234 12251 7799)
4(12277 5234 11966 7831)
4(12277 7833 12274 5234)
4(1435 7795 12274 7833)
4(12277 5234 12276 7836)
4(1436 7836 12276 7798)
4(1436 7831 12277 7836)
4(12278 8162 12251 5234)
4(12278 5234 12274 8163)
4(1903 8163 12274 7796)
4(12278 8166 12276 5234)
4(1904 7799 12276 8166)
4(1904 8166 12278 8162)
4(12278 5234 12277 8199)
4(1916 8199 12277 7833)
4(1916 8163 12278 8199)
4(1916 7833 12274 8163)
4(1917 8166 12276 7836)
4(1917 7836 12277 8199)
4(1917 8199 12278 8166)
4(12279 7801 11969 5235)
4(12279 5235 12252 7802)
4(12280 5235 11969 7834)
4(12280 7836 12276 5235)
4(12280 5235 12279 7838)
4(1437 7838 12279 7801)
4(12281 8165 12252 5235)
4(12281 5235 12276 8166)
4(12281 8169 12279 5235)
4(1905 7802 12279 8169)
4(1905 8169 12281 8165)
4(12281 5235 12280 8202)
4(1917 8166 12281 8202)
4(1918 8169 12279 7838)
4(1918 8202 12281 8169)
4(12282 5236 12254 7805)
4(1425 7805 12254 7800)
4(12283 7838 12279 5236)
4(12284 8168 12254 5236)
4(12284 5236 12279 8169)
4(1905 7802 12254 8168)
4(1906 8172 12284 8168)
4(1906 8168 12254 7805)
4(1918 8169 12284 8205)
4(12286 5237 12267 7815)
4(12287 8178 12267 5237)
4(1910 7815 12286 8182)
4(1910 8182 12287 8178)
4(12288 7817 11978 5238)
4(12288 5238 12269 7818)
4(1430 7818 12269 7813)
4(12289 5238 12288 7841)
4(1438 7841 12288 7817)
4(12290 8181 12269 5238)
4(1910 7815 12269 8181)
4(12290 8185 12288 5238)
4(1911 7818 12288 8185)
4(1911 8185 12290 8181)
4(1911 8181 12269 7818)
4(1919 8185 12288 7841)
4(1919 8207 12290 8185)
4(12291 7820 11981 5239)
4(12291 5239 12270 7821)
4(12292 5239 11981 7840)
4(12292 7841 12288 5239)
4(12292 5239 12291 7843)
4(1439 7843 12291 7820)
4(12293 8184 12270 5239)
4(12293 5239 12288 8185)
4(12293 8188 12291 5239)
4(1912 7821 12291 8188)
4(1912 8188 12293 8184)
4(12293 5239 12292 8208)
4(1919 8185 12293 8208)
4(1920 8188 12291 7843)
4(1920 8208 12293 8188)
4(12294 7823 11984 5240)
4(12294 5240 12271 7824)
4(12295 5240 11984 7842)
4(12295 7843 12291 5240)
4(12295 5240 12294 7845)
4(1440 7845 12294 7823)
4(12296 8187 12271 5240)
4(12296 5240 12291 8188)
4(12296 8191 12294 5240)
4(1913 7824 12294 8191)
4(1913 8191 12296 8187)
4(12296 5240 12295 8210)
4(1920 8188 12296 8210)
4(1921 8191 12294 7845)
4(1921 8210 12296 8191)
4(12297 7826 11987 5241)
4(12297 5241 12272 7827)
4(12298 5241 11987 7844)
4(12298 7845 12294 5241)
4(12298 5241 12297 7847)
4(1441 7847 12297 7826)
4(12299 8190 12272 5241)
4(12299 5241 12294 8191)
4(12299 8194 12297 5241)
4(1914 7827 12297 8194)
4(1914 8194 12299 8190)
4(12299 5241 12298 8212)
4(1921 8191 12299 8212)
4(1922 8194 12297 7847)
4(1922 8212 12299 8194)
4(12300 7829 11990 5242)
4(12300 5242 12273 7830)
4(12301 5242 11990 7846)
4(12301 7847 12297 5242)
4(12301 5242 12300 7849)
4(1442 7849 12300 7829)
4(12302 8193 12273 5242)
4(12302 5242 12297 8194)
4(12302 8197 12300 5242)
4(1915 7830 12300 8197)
4(1915 8197 12302 8193)
4(12302 5242 12301 8214)
4(1922 8194 12302 8214)
4(1923 8197 12300 7849)
4(1923 8214 12302 8197)
4(12303 5243 12275 7833)
4(1435 7833 12275 7828)
4(12304 7849 12300 5243)
4(12305 8196 12275 5243)
4(12305 5243 12300 8197)
4(1915 7830 12275 8196)
4(1916 7833 12303 8200)
4(1916 8200 12305 8196)
4(1916 8196 12275 7833)
4(1923 8197 12305 8216)
4(12306 5244 12277 7836)
4(12307 8199 12277 5244)
4(1917 8203 12307 8199)
4(12318 5245 12007 7875)
4(12318 7877 12315 5245)
4(12318 5245 12317 7880)
4(1450 7880 12317 7852)
4(1450 7875 12318 7880)
4(12319 5245 12318 8243)
4(1930 8243 12318 7877)
4(1930 8218 12319 8243)
4(1931 8220 12317 7880)
4(1931 7880 12318 8243)
4(1931 8243 12319 8220)
4(12320 7854 12010 5246)
4(12320 5246 12308 7855)
4(12321 5246 12010 7878)
4(12321 7880 12317 5246)
4(12321 5246 12320 7882)
4(1451 7882 12320 7854)
4(1451 7878 12321 7882)
4(12322 8222 12320 5246)
4(1924 7855 12320 8222)
4(1924 8222 12322 8219)
4(12322 5246 12321 8246)
4(1931 8220 12322 8246)
4(1931 8246 12321 7880)
4(1932 8222 12320 7882)
4(1932 8246 12322 8222)
4(1932 7882 12321 8246)
4(12323 7857 12013 5247)
4(12323 5247 12309 7858)
4(12324 5247 12013 7881)
4(12324 7882 12320 5247)
4(12324 5247 12323 7884)
4(1452 7884 12323 7857)
4(12325 8221 12309 5247)
4(12325 5247 12320 8222)
4(12325 8225 12323 5247)
4(1925 7858 12323 8225)
4(1925 8225 12325 8221)
4(12325 5247 12324 8249)
4(1932 8222 12325 8249)
4(1933 8225 12323 7884)
4(1933 8249 12325 8225)
4(12326 7860 12016 5248)
4(12326 5248 12310 7861)
4(12327 5248 12016 7883)
4(12327 7884 12323 5248)
4(12327 5248 12326 7886)
4(1453 7886 12326 7860)
4(12328 8224 12310 5248)
4(12328 5248 12323 8225)
4(12328 8228 12326 5248)
4(1926 7861 12326 8228)
4(1926 8228 12328 8224)
4(12328 5248 12327 8252)
4(1933 8225 12328 8252)
4(1934 8228 12326 7886)
4(1934 8252 12328 8228)
4(12329 7863 12019 5249)
4(12329 5249 12311 7864)
4(12330 5249 12019 7885)
4(12330 7886 12326 5249)
4(12330 5249 12329 7888)
4(1454 7888 12329 7863)
4(12331 8227 12311 5249)
4(12331 5249 12326 8228)
4(12331 8231 12329 5249)
4(1927 7864 12329 8231)
4(1927 8231 12331 8227)
4(12331 5249 12330 8255)
4(1934 8228 12331 8255)
4(1935 8231 12329 7888)
4(1935 8255 12331 8231)
4(12332 7866 12022 5250)
4(12332 5250 12312 7867)
4(12333 5250 12022 7887)
4(12333 7888 12329 5250)
4(12333 5250 12332 7890)
4(1455 7890 12332 7866)
4(12334 8230 12312 5250)
4(12334 5250 12329 8231)
4(12334 8234 12332 5250)
4(1928 7867 12332 8234)
4(1928 8234 12334 8230)
4(12334 5250 12333 8258)
4(1935 8231 12334 8258)
4(1936 8234 12332 7890)
4(1936 8258 12334 8234)
4(12336 5251 12025 7889)
4(12336 7890 12332 5251)
4(12336 5251 12335 7893)
4(1456 7893 12335 7868)
4(1456 7889 12336 7893)
4(12337 5251 12332 8234)
4(12337 5251 12336 8261)
4(1936 8234 12337 8261)
4(1936 8261 12336 7890)
4(1937 8236 12335 7893)
4(1937 8261 12337 8236)
4(1937 7893 12336 8261)
4(12339 5252 12028 7891)
4(12339 7893 12335 5252)
4(12339 5252 12338 7896)
4(1457 7891 12339 7896)
4(12340 5252 12339 8264)
4(1937 8264 12339 7893)
4(1937 8236 12340 8264)
4(1938 7896 12339 8264)
4(1938 8264 12340 8237)
4(12345 7873 12035 5253)
4(12345 5253 12314 7874)
4(12346 5253 12035 7904)
4(12346 7906 12343 5253)
4(12346 5253 12345 7908)
4(1461 7908 12345 7873)
4(1461 7904 12346 7908)
4(12347 8241 12345 5253)
4(1929 7874 12345 8241)
4(1929 8241 12347 8238)
4(12347 5253 12346 8277)
4(1941 8239 12347 8277)
4(1941 8277 12346 7906)
4(1942 8241 12345 7908)
4(1942 8277 12347 8241)
4(1942 7908 12346 8277)
4(12348 7876 12038 5254)
4(12348 5254 12316 7877)
4(12349 5254 12038 7907)
4(12349 7908 12345 5254)
4(12349 5254 12348 7910)
4(1462 7910 12348 7876)
4(12350 8240 12316 5254)
4(12350 5254 12345 8241)
4(12350 8244 12348 5254)
4(1930 7877 12348 8244)
4(1930 8244 12350 8240)
4(12350 5254 12349 8280)
4(1942 8241 12350 8280)
4(1943 8244 12348 7910)
4(1943 8280 12350 8244)
4(12351 7879 12041 5255)
4(12351 5255 12318 7880)
4(12352 5255 12041 7909)
4(12352 7910 12348 5255)
4(12352 5255 12351 7911)
4(1463 7911 12351 7879)
4(12353 8243 12318 5255)
4(12353 5255 12348 8244)
4(12353 8247 12351 5255)
4(1931 8247 12353 8243)
4(1931 7880 12351 8247)
4(12353 5255 12352 8283)
4(1943 8244 12353 8283)
4(1944 8283 12353 8247)
4(1944 8247 12351 7911)
4(12361 7895 12045 5256)
4(12361 5256 12339 7896)
4(12362 5256 12045 7912)
4(12362 7913 12359 5256)
4(1469 7892 12359 7913)
4(12362 5256 12361 7915)
4(1470 7915 12361 7895)
4(12363 8264 12339 5256)
4(12363 5256 12359 8265)
4(1937 8265 12359 7893)
4(12363 8268 12361 5256)
4(1938 7896 12361 8268)
4(1938 8268 12363 8264)
4(12363 5256 12362 8304)
4(1950 8265 12363 8304)
4(1950 7913 12359 8265)
4(1951 8268 12361 7915)
4(1951 8304 12363 8268)
4(12364 7898 12048 5257)
4(12364 5257 12341 7899)
4(12365 5257 12048 7914)
4(12365 7915 12361 5257)
4(12365 5257 12364 7917)
4(1471 7917 12364 7898)
4(12366 8267 12341 5257)
4(12366 5257 12361 8268)
4(12366 8271 12364 5257)
4(1939 7899 12364 8271)
4(1939 8271 12366 8267)
4(12366 5257 12365 8307)
4(1951 8268 12366 8307)
4(1952 8271 12364 7917)
4(1952 8307 12366 8271)
4(12368 5258 12051 7916)
4(12368 7917 12364 5258)
4(12368 5258 12367 7920)
4(1472 7916 12368 7920)
4(12369 5258 12364 8271)
4(12369 5258 12368 8310)
4(1952 8271 12369 8310)
4(1952 8310 12368 7917)
4(1953 8310 12369 8273)
4(1953 7920 12368 8310)
4(12372 5259 12371 7928)
4(1475 7928 12371 7902)
4(1475 7923 12372 7928)
4(1956 8275 12371 7928)
4(1956 7928 12372 8318)
4(1956 8318 12373 8275)
4(12374 7905 12058 5260)
4(12374 5260 12344 7906)
4(12375 5260 12058 7926)
4(12375 7928 12371 5260)
4(12375 5260 12374 7929)
4(1476 7929 12374 7905)
4(12376 8274 12344 5260)
4(12376 5260 12371 8275)
4(12376 8278 12374 5260)
4(1941 8278 12376 8274)
4(1941 7906 12374 8278)
4(12376 5260 12375 8321)
4(1956 8275 12376 8321)
4(1957 8321 12376 8278)
4(1957 8278 12374 7929)
4(12390 7921 12062 5261)
4(12390 5261 12370 7922)
4(12391 5261 12062 7930)
4(12391 7931 12388 5261)
4(1488 7919 12388 7931)
4(12391 5261 12390 7934)
4(1489 7934 12390 7921)
4(12392 8313 12370 5261)
4(12392 5261 12388 8314)
4(1953 8314 12388 7920)
4(12392 8316 12390 5261)
4(1954 8316 12392 8313)
4(12392 5261 12391 8360)
4(1969 8314 12392 8360)
4(1969 7931 12388 8314)
4(1970 8316 12390 7934)
4(1970 8360 12392 8316)
4(12393 7934 12390 5262)
4(1970 8363 12393 7934)
4(1970 8316 12394 8363)
4(12396 5263 12395 7942)
4(1492 7942 12395 7924)
4(1492 7937 12396 7942)
4(1973 8319 12395 7942)
4(1973 7942 12396 8368)
4(1973 8368 12397 8319)
4(12398 7927 12070 5264)
4(12398 5264 12372 7928)
4(12399 5264 12070 7940)
4(12399 7942 12395 5264)
4(12399 5264 12398 7943)
4(12400 8318 12372 5264)
4(12400 5264 12395 8319)
4(12400 8322 12398 5264)
4(1956 8322 12400 8318)
4(12400 5264 12399 8371)
4(1973 8319 12400 8371)
4(1974 8371 12400 8322)
4(12416 7935 12074 5265)
4(12416 5265 12393 7936)
4(12417 5265 12074 7944)
4(12417 7945 12414 5265)
4(12417 5265 12416 7948)
4(1508 7948 12416 7935)
4(12418 8363 12393 5265)
4(12418 5265 12414 8364)
4(12418 8366 12416 5265)
4(1971 8366 12418 8363)
4(12418 5265 12417 8416)
4(1988 8364 12418 8416)
4(1989 8366 12416 7948)
4(1989 8416 12418 8366)
4(12419 7948 12416 5266)
4(1989 8419 12419 7948)
4(1989 8366 12420 8419)
4(12422 5267 12421 7956)
4(1511 7956 12421 7938)
4(1511 7951 12422 7956)
4(1992 8369 12421 7956)
4(1992 7956 12422 8424)
4(1992 8424 12423 8369)
4(12424 7941 12082 5268)
4(12424 5268 12396 7942)
4(12425 5268 12082 7954)
4(12425 7956 12421 5268)
4(12425 5268 12424 7957)
4(12426 8368 12396 5268)
4(12426 5268 12421 8369)
4(12426 8372 12424 5268)
4(1973 8372 12426 8368)
4(12426 5268 12425 8427)
4(1992 8369 12426 8427)
4(1993 8427 12426 8372)
4(12444 7949 12086 5269)
4(12444 5269 12419 7950)
4(12445 5269 12086 7958)
4(12445 7959 12442 5269)
4(12445 5269 12444 7962)
4(1529 7962 12444 7949)
4(12446 8419 12419 5269)
4(12446 5269 12442 8420)
4(12446 8422 12444 5269)
4(1990 8422 12446 8419)
4(12446 5269 12445 8478)
4(2009 8420 12446 8478)
4(2010 8422 12444 7962)
4(2010 8478 12446 8422)
4(12447 7962 12444 5270)
4(2010 8481 12447 7962)
4(2010 8422 12448 8481)
4(12451 7955 12093 5271)
4(12451 5271 12422 7956)
4(12452 5271 12093 7967)
4(12452 7969 12449 5271)
4(12452 5271 12451 7970)
4(1532 7967 12452 7970)
4(12453 8424 12422 5271)
4(12453 5271 12449 8425)
4(12453 8428 12451 5271)
4(1992 8428 12453 8424)
4(12453 5271 12452 8488)
4(2012 8425 12453 8488)
4(2012 8488 12452 7969)
4(2013 8488 12453 8428)
4(2013 7970 12452 8488)
4(12473 7963 12097 5272)
4(12473 5272 12447 7964)
4(12474 5272 12097 7971)
4(12474 7972 12471 5272)
4(12474 5272 12473 7975)
4(1551 7971 12474 7975)
4(12475 8481 12447 5272)
4(12475 5272 12471 8482)
4(12475 8484 12473 5272)
4(2011 8484 12475 8481)
4(12475 5272 12474 8545)
4(2031 8482 12475 8545)
4(2031 8545 12474 7972)
4(2032 8545 12475 8484)
4(2032 7975 12474 8545)
4(12478 7968 12102 5273)
4(12478 5273 12450 7969)
4(12479 5273 12102 7977)
4(12479 7979 12477 5273)
4(12479 5273 12478 7981)
4(1553 7977 12479 7981)
4(1553 7981 12478 7968)
4(12480 8489 12478 5273)
4(2012 8489 12480 8486)
4(2012 7969 12478 8489)
4(12480 5273 12479 8552)
4(2033 8552 12479 7979)
4(2033 8487 12480 8552)
4(2034 7981 12479 8552)
4(2034 8552 12480 8489)
4(2034 8489 12478 7981)
4(12503 5274 12106 7982)
4(12503 7984 12500 5274)
4(1573 7974 12500 7984)
4(12503 5274 12502 7986)
4(1574 7982 12503 7986)
4(12504 5274 12500 8549)
4(2032 8549 12500 7975)
4(12504 5274 12503 8615)
4(2054 8615 12503 7984)
4(2054 8549 12504 8615)
4(2054 7984 12500 8549)
4(2055 7986 12503 8615)
4(2055 8615 12504 8551)
4(12507 7980 12111 5275)
4(12507 5275 12479 7981)
4(12508 5275 12111 7988)
4(12508 7990 12505 5275)
4(12508 5275 12507 7992)
4(1576 7988 12508 7992)
4(12509 8552 12479 5275)
4(12509 5275 12505 8553)
4(12509 8556 12507 5275)
4(2034 8556 12509 8552)
4(12509 5275 12508 8621)
4(2056 8621 12508 7990)
4(2056 8553 12509 8621)
4(2057 7992 12508 8621)
4(2057 8621 12509 8556)
4(12531 7985 12115 5276)
4(12531 5276 12503 7986)
4(12532 5276 12115 7993)
4(12532 7995 12529 5276)
4(12532 5276 12531 7998)
4(1597 7993 12532 7998)
4(12533 8615 12503 5276)
4(12533 5276 12529 8616)
4(12533 8618 12531 5276)
4(2055 8618 12533 8615)
4(12533 5276 12532 8684)
4(2077 8684 12532 7995)
4(2077 8616 12533 8684)
4(2078 7998 12532 8684)
4(2078 8684 12533 8618)
4(12535 7989 12119 5277)
4(12535 5277 12506 7990)
4(12536 5277 12535 8003)
4(1598 8003 12535 7989)
4(1598 7999 12536 8003)
4(12537 8622 12535 5277)
4(2056 7990 12535 8622)
4(2056 8622 12537 8620)
4(2079 8622 12535 8003)
4(2079 8003 12536 8690)
4(2079 8690 12537 8622)
4(12538 7991 12122 5278)
4(12538 5278 12508 7992)
4(12539 5278 12122 8001)
4(12539 8003 12535 5278)
4(12539 5278 12538 8004)
4(1599 8001 12539 8004)
4(12540 8621 12508 5278)
4(12540 5278 12535 8622)
4(12540 8625 12538 5278)
4(2057 8625 12540 8621)
4(12540 5278 12539 8692)
4(2079 8622 12540 8692)
4(2079 8692 12539 8003)
4(2080 8692 12540 8625)
4(2080 8004 12539 8692)
4(12562 7997 12126 5279)
4(12562 5279 12532 7998)
4(12563 5279 12126 8005)
4(12563 8006 12560 5279)
4(12563 5279 12562 8009)
4(1620 8009 12562 7997)
4(1620 8005 12563 8009)
4(12564 8684 12532 5279)
4(12564 5279 12560 8685)
4(12564 8688 12562 5279)
4(2078 7998 12562 8688)
4(2078 8688 12564 8684)
4(12564 5279 12563 8755)
4(2100 8685 12564 8755)
4(2100 8755 12563 8006)
4(2101 8688 12562 8009)
4(2101 8755 12564 8688)
4(2101 8009 12563 8755)
4(12565 8009 12562 5280)
4(12566 5280 12562 8688)
4(2101 8758 12565 8009)
4(2101 8688 12566 8758)
4(12568 8002 12132 5281)
4(12568 5281 12536 8003)
4(12569 5281 12132 8011)
4(12569 8013 12567 5281)
4(12569 5281 12568 8015)
4(1622 8011 12569 8015)
4(1622 8015 12568 8002)
4(12570 8693 12568 5281)
4(2079 8693 12570 8690)
4(2079 8003 12568 8693)
4(12570 5281 12569 8762)
4(2102 8762 12569 8013)
4(2102 8691 12570 8762)
4(2103 8015 12569 8762)
4(2103 8762 12570 8693)
4(2103 8693 12568 8015)
4(12595 5282 12136 8016)
4(12595 8018 12592 5282)
4(1644 8008 12592 8018)
4(12595 5282 12594 8020)
4(1645 8016 12595 8020)
4(12596 5282 12592 8759)
4(2101 8759 12592 8009)
4(12596 5282 12595 8831)
4(2125 8831 12595 8018)
4(2125 8759 12596 8831)
4(2125 8018 12592 8759)
4(2126 8020 12595 8831)
4(2126 8831 12596 8761)
4(12598 8014 12140 5283)
4(12598 5283 12569 8015)
4(12599 5283 12140 8021)
4(12599 8023 12597 5283)
4(12599 5283 12598 8025)
4(1647 8021 12599 8025)
4(12600 8762 12569 5283)
4(12600 5283 12597 8763)
4(12600 8766 12598 5283)
4(2103 8766 12600 8762)
4(12600 5283 12599 8836)
4(2127 8836 12599 8023)
4(2127 8763 12600 8836)
4(2128 8025 12599 8836)
4(2128 8836 12600 8766)
4(12624 8019 12144 5284)
4(12624 5284 12595 8020)
4(12625 5284 12144 8026)
4(12625 8028 12622 5284)
4(12625 5284 12624 8030)
4(1670 8026 12625 8030)
4(12626 8831 12595 5284)
4(12626 5284 12622 8832)
4(12626 8834 12624 5284)
4(2126 8834 12626 8831)
4(12626 5284 12625 8905)
4(2150 8905 12625 8028)
4(2150 8832 12626 8905)
4(2151 8030 12625 8905)
4(2151 8905 12626 8834)
4(12628 8024 12148 5285)
4(12628 5285 12599 8025)
4(12629 5285 12148 8031)
4(12629 8033 12627 5285)
4(12629 5285 12628 8035)
4(1672 8031 12629 8035)
4(12630 8836 12599 5285)
4(12630 5285 12627 8837)
4(12630 8840 12628 5285)
4(2128 8840 12630 8836)
4(12630 5285 12629 8910)
4(2152 8910 12629 8033)
4(2152 8837 12630 8910)
4(2153 8035 12629 8910)
4(2153 8910 12630 8840)
4(12654 8029 12152 5286)
4(12654 5286 12625 8030)
4(12655 5286 12152 8036)
4(12655 8038 12652 5286)
4(12655 5286 12654 8040)
4(1695 8036 12655 8040)
4(12656 8905 12625 5286)
4(12656 5286 12652 8906)
4(12656 8908 12654 5286)
4(2151 8908 12656 8905)
4(12656 5286 12655 8979)
4(2175 8979 12655 8038)
4(2175 8906 12656 8979)
4(2176 8040 12655 8979)
4(2176 8979 12656 8908)
4(12658 8034 12156 5287)
4(12658 5287 12629 8035)
4(12659 5287 12156 8041)
4(12659 8043 12657 5287)
4(12659 5287 12658 8045)
4(1697 8041 12659 8045)
4(12660 8910 12629 5287)
4(12660 5287 12657 8911)
4(12660 8914 12658 5287)
4(2153 8914 12660 8910)
4(12660 5287 12659 8984)
4(2177 8984 12659 8043)
4(2177 8911 12660 8984)
4(2178 8045 12659 8984)
4(2178 8984 12660 8914)
4(12684 8039 12160 5288)
4(12684 5288 12655 8040)
4(12685 5288 12160 8046)
4(12685 8048 12682 5288)
4(12685 5288 12684 8050)
4(1720 8046 12685 8050)
4(12686 8979 12655 5288)
4(12686 5288 12682 8980)
4(12686 8982 12684 5288)
4(2176 8982 12686 8979)
4(12686 5288 12685 9053)
4(2200 9053 12685 8048)
4(2200 8980 12686 9053)
4(2201 8050 12685 9053)
4(2201 9053 12686 8982)
4(12688 8044 12164 5289)
4(12688 5289 12659 8045)
4(12689 5289 12164 8051)
4(12689 8053 12687 5289)
4(12689 5289 12688 8055)
4(1722 8051 12689 8055)
4(12690 8984 12659 5289)
4(12690 5289 12687 8985)
4(12690 8988 12688 5289)
4(2178 8988 12690 8984)
4(12690 5289 12689 9058)
4(2202 9058 12689 8053)
4(2202 8985 12690 9058)
4(2203 8055 12689 9058)
4(2203 9058 12690 8988)
4(12714 8049 12168 5290)
4(12714 5290 12685 8050)
4(12715 5290 12168 8056)
4(12715 8058 12712 5290)
4(12715 5290 12714 8060)
4(1745 8056 12715 8060)
4(12716 9053 12685 5290)
4(12716 5290 12712 9054)
4(12716 9056 12714 5290)
4(2201 9056 12716 9053)
4(12716 5290 12715 9127)
4(2225 9127 12715 8058)
4(2225 9054 12716 9127)
4(2226 8060 12715 9127)
4(2226 9127 12716 9056)
4(12718 8054 12172 5291)
4(12718 5291 12689 8055)
4(12719 5291 12718 8064)
4(1746 8061 12719 8064)
4(1746 8064 12718 8054)
4(12720 9058 12689 5291)
4(12720 9062 12718 5291)
4(2203 9062 12720 9058)
4(2203 8055 12718 9062)
4(2227 8064 12719 9132)
4(2227 9132 12720 9062)
4(2227 9062 12718 8064)
4(12746 5292 12715 8060)
4(12747 8072 12743 5292)
4(1768 8057 12743 8072)
4(12748 9127 12715 5292)
4(12748 5292 12743 9128)
4(2225 9128 12743 8058)
4(2226 9130 12748 9127)
4(2249 9199 12747 8072)
4(2249 9128 12748 9199)
4(2249 8072 12743 9128)
4(12749 8063 12181 5293)
4(12749 5293 12719 8064)
4(12750 5293 12749 8076)
4(1769 8076 12749 8063)
4(12751 9134 12749 5293)
4(2227 8064 12749 9134)
4(2227 9134 12751 9132)
4(2250 9134 12749 8076)
4(2250 9202 12751 9134)
4(12752 8065 12184 5294)
4(12752 5294 12721 8066)
4(1747 8066 12721 8062)
4(12753 5294 12184 8074)
4(12753 8076 12749 5294)
4(12753 5294 12752 8078)
4(1770 8074 12753 8078)
4(12754 9133 12721 5294)
4(12754 5294 12749 9134)
4(2227 8064 12721 9133)
4(12754 9137 12752 5294)
4(2228 9137 12754 9133)
4(2228 9133 12721 8066)
4(12754 5294 12753 9203)
4(2250 9203 12753 8076)
4(2250 9134 12754 9203)
4(2251 8078 12753 9203)
4(2251 9203 12754 9137)
4(12776 8071 12188 5295)
4(12776 5295 12744 8072)
4(1768 8072 12744 8067)
4(12777 5295 12188 8079)
4(12777 8081 12774 5295)
4(12777 5295 12776 8084)
4(1791 8084 12776 8071)
4(1791 8079 12777 8084)
4(12778 9196 12744 5295)
4(12778 5295 12774 9197)
4(2248 8069 12744 9196)
4(12778 9200 12776 5295)
4(2249 8072 12776 9200)
4(2249 9200 12778 9196)
4(2249 9196 12744 8072)
4(12778 5295 12777 9266)
4(2271 9266 12777 8081)
4(2271 9197 12778 9266)
4(2272 9200 12776 8084)
4(2272 8084 12777 9266)
4(2272 9266 12778 9200)
4(12779 8084 12776 5296)
4(12780 5296 12776 9200)
4(2272 9200 12780 9269)
4(12782 8077 12194 5297)
4(12782 5297 12753 8078)
4(12783 5297 12194 8085)
4(12783 8087 12781 5297)
4(12783 5297 12782 8089)
4(1793 8085 12783 8089)
4(12784 9203 12753 5297)
4(12784 5297 12781 9204)
4(12784 9207 12782 5297)
4(2251 9207 12784 9203)
4(12784 5297 12783 9272)
4(2273 9272 12783 8087)
4(2273 9204 12784 9272)
4(2274 8089 12783 9272)
4(2274 9272 12784 9207)
4(12806 8083 12198 5298)
4(12806 5298 12777 8084)
4(12807 5298 12198 8090)
4(12807 8092 12804 5298)
4(12807 5298 12806 8094)
4(1814 8090 12807 8094)
4(12808 9266 12777 5298)
4(12808 5298 12804 9267)
4(12808 9270 12806 5298)
4(2272 9270 12808 9266)
4(12808 5298 12807 9335)
4(2294 9335 12807 8092)
4(2294 9267 12808 9335)
4(2295 8094 12807 9335)
4(2295 9335 12808 9270)
4(12810 8088 12202 5299)
4(12810 5299 12783 8089)
4(12811 5299 12810 8098)
4(1815 8098 12810 8088)
4(12812 9272 12783 5299)
4(12812 9276 12810 5299)
4(2274 9276 12812 9272)
4(2274 8089 12810 9276)
4(2296 9340 12812 9276)
4(2296 9276 12810 8098)
4(12836 5300 12807 8094)
4(12837 8106 12833 5300)
4(1835 8091 12833 8106)
4(12838 9335 12807 5300)
4(12838 5300 12833 9336)
4(2294 9336 12833 8092)
4(2295 9338 12838 9335)
4(2316 9336 12838 9401)
4(2316 8106 12833 9336)
4(12840 8099 12212 5301)
4(12840 5301 12813 8100)
4(1816 8100 12813 8096)
4(12841 5301 12212 8107)
4(12841 8108 12839 5301)
4(12841 5301 12840 8111)
4(1837 8107 12841 8111)
4(12842 9341 12813 5301)
4(12842 5301 12839 9342)
4(2296 8098 12813 9341)
4(12842 9345 12840 5301)
4(2297 9345 12842 9341)
4(2297 9341 12813 8100)
4(12842 5301 12841 9404)
4(2317 9342 12842 9404)
4(2318 8111 12841 9404)
4(2318 9404 12842 9345)
4(12864 8105 12218 5302)
4(12864 5302 12834 8106)
4(1835 8106 12834 8101)
4(12865 5302 12218 8117)
4(12865 8119 12861 5302)
4(12865 5302 12864 8120)
4(12866 9398 12834 5302)
4(12866 5302 12861 9399)
4(2315 8103 12834 9398)
4(12866 9402 12864 5302)
4(2316 9402 12866 9398)
4(2316 9398 12834 8106)
4(12866 5302 12865 9460)
4(2336 9460 12865 8119)
4(2336 9399 12866 9460)
4(2337 9460 12866 9402)
4(12867 5303 12841 8111)
4(2318 8111 12867 9407)
4(2318 9407 12868 9404)
4(12869 8112 12223 5304)
4(12869 5304 12843 8113)
4(12870 5304 12223 8121)
4(12870 8122 12867 5304)
4(12870 5304 12869 8125)
4(1858 8121 12870 8125)
4(12871 9406 12843 5304)
4(12871 5304 12867 9407)
4(12871 9410 12869 5304)
4(2319 9410 12871 9406)
4(12871 5304 12870 9464)
4(2338 9407 12871 9464)
4(2339 8125 12870 9464)
4(2339 9464 12871 9410)
4(12891 8118 12229 5305)
4(12891 5305 12862 8119)
4(12892 5305 12229 8131)
4(12892 8133 12888 5305)
4(12892 5305 12891 8134)
4(12893 9457 12862 5305)
4(12893 5305 12888 9458)
4(12893 9461 12891 5305)
4(2336 8119 12891 9461)
4(2336 9461 12893 9457)
4(12893 5305 12892 9514)
4(2355 9514 12892 8133)
4(2355 9458 12893 9514)
4(2356 9514 12893 9461)
4(12895 5307 12870 8125)
4(2339 8125 12895 9467)
4(2339 9467 12896 9464)
4(12897 8126 12235 5308)
4(12897 5308 12872 8127)
4(12898 5308 12235 8135)
4(12898 8136 12895 5308)
4(12898 5308 12897 8139)
4(1877 8135 12898 8139)
4(12899 9466 12872 5308)
4(12899 5308 12895 9467)
4(12899 9470 12897 5308)
4(2340 9470 12899 9466)
4(12899 5308 12898 9518)
4(2357 9467 12899 9518)
4(2358 8139 12898 9518)
4(2358 9518 12899 9470)
4(12917 8132 12241 5309)
4(12917 5309 12889 8133)
4(12918 5309 12241 8145)
4(12918 8147 12914 5309)
4(12918 5309 12917 8148)
4(12919 9511 12889 5309)
4(12919 5309 12914 9512)
4(12919 9515 12917 5309)
4(2355 8133 12917 9515)
4(2355 9515 12919 9511)
4(12919 5309 12918 9562)
4(2372 9562 12918 8147)
4(2372 9512 12919 9562)
4(2373 9562 12919 9515)
4(12921 5311 12898 8139)
4(2358 8139 12921 9521)
4(2358 9521 12922 9518)
4(12923 8140 12247 5312)
4(12923 5312 12900 8141)
4(12924 5312 12247 8149)
4(12924 8150 12921 5312)
4(12924 5312 12923 8153)
4(1894 8153 12923 8140)
4(12925 9520 12900 5312)
4(12925 5312 12921 9521)
4(12925 9524 12923 5312)
4(2359 9524 12925 9520)
4(2359 8141 12923 9524)
4(12925 5312 12924 9566)
4(2374 9521 12925 9566)
4(2375 9566 12925 9524)
4(2375 9524 12923 8153)
4(12945 8146 12257 5313)
4(12945 5313 12915 8147)
4(12946 5313 12257 8171)
4(12946 8173 12942 5313)
4(1906 8143 12942 8173)
4(12946 5313 12945 8174)
4(12947 9559 12915 5313)
4(12947 5313 12942 9560)
4(2371 9560 12942 8144)
4(12947 9563 12945 5313)
4(2372 8147 12945 9563)
4(2372 9563 12947 9559)
4(12947 5313 12946 9604)
4(2387 9560 12947 9604)
4(2387 8173 12942 9560)
4(2388 9604 12947 9563)
4(12950 8155 12262 5315)
4(12950 5315 12926 8156)
4(1895 8156 12926 8151)
4(12951 5315 12950 8177)
4(1908 8177 12950 8155)
4(12952 9568 12926 5315)
4(2375 8153 12926 9568)
4(12952 9572 12950 5315)
4(2376 8156 12950 9572)
4(2376 9572 12952 9568)
4(2376 9568 12926 8156)
4(2389 9572 12950 8177)
4(2389 9608 12952 9572)
4(12953 8158 12265 5316)
4(12953 5316 12928 8159)
4(12954 5316 12265 8176)
4(12954 8177 12950 5316)
4(12954 5316 12953 8180)
4(1909 8180 12953 8158)
4(12955 9571 12928 5316)
4(12955 5316 12950 9572)
4(12955 9575 12953 5316)
4(2377 8159 12953 9575)
4(2377 9575 12955 9571)
4(12955 5316 12954 9609)
4(2389 9572 12955 9609)
4(2390 9575 12953 8180)
4(2390 9609 12955 9575)
4(12956 8160 12268 5317)
4(12956 5317 12930 8161)
4(12957 5317 12268 8178)
4(12957 8180 12953 5317)
4(12957 5317 12956 8183)
4(1910 8178 12957 8183)
4(1910 8183 12956 8160)
4(12958 9574 12930 5317)
4(12958 5317 12953 9575)
4(12958 9578 12956 5317)
4(2378 9578 12958 9574)
4(2378 8161 12956 9578)
4(12958 5317 12957 9611)
4(2390 9611 12957 8180)
4(2390 9575 12958 9611)
4(2391 8183 12957 9611)
4(2391 9611 12958 9578)
4(2391 9578 12956 8183)
4(12972 8166 12278 5318)
4(12972 5318 12938 8167)
4(12973 5318 12278 8199)
4(12973 8201 12969 5318)
4(1916 8163 12969 8201)
4(12973 5318 12972 8204)
4(1917 8204 12972 8166)
4(1917 8199 12973 8204)
4(12974 9595 12938 5318)
4(12974 5318 12969 9596)
4(2384 9596 12969 8164)
4(12974 9599 12972 5318)
4(2385 8167 12972 9599)
4(2385 9599 12974 9595)
4(12974 5318 12973 9632)
4(2397 9632 12973 8201)
4(2397 9596 12974 9632)
4(2397 8201 12969 9596)
4(2398 9599 12972 8204)
4(2398 8204 12973 9632)
4(2398 9632 12974 9599)
4(12975 8169 12281 5319)
4(12975 5319 12940 8170)
4(12976 5319 12281 8202)
4(12976 8204 12972 5319)
4(12976 5319 12975 8206)
4(1918 8206 12975 8169)
4(12977 9598 12940 5319)
4(12977 5319 12972 9599)
4(12977 9602 12975 5319)
4(2386 8170 12975 9602)
4(2386 9602 12977 9598)
4(12977 5319 12976 9635)
4(2398 9599 12977 9635)
4(2399 9602 12975 8206)
4(2399 9635 12977 9602)
4(12978 5320 12943 8173)
4(1906 8173 12943 8168)
4(12979 8206 12975 5320)
4(12980 9601 12943 5320)
4(12980 5320 12975 9602)
4(2386 8170 12943 9601)
4(2387 9605 12980 9601)
4(2387 9601 12943 8173)
4(2399 9602 12980 9638)
4(12982 5321 12957 8183)
4(12983 9611 12957 5321)
4(2391 8183 12982 9615)
4(2391 9615 12983 9611)
4(12984 8185 12290 5322)
4(12984 5322 12959 8186)
4(1911 8186 12959 8181)
4(12985 5322 12984 8209)
4(1919 8209 12984 8185)
4(12986 9614 12959 5322)
4(2391 8183 12959 9614)
4(12986 9618 12984 5322)
4(2392 8186 12984 9618)
4(2392 9618 12986 9614)
4(2392 9614 12959 8186)
4(2400 9618 12984 8209)
4(2400 9640 12986 9618)
4(12987 8188 12293 5323)
4(12987 5323 12961 8189)
4(12988 5323 12293 8208)
4(12988 8209 12984 5323)
4(12988 5323 12987 8211)
4(1920 8211 12987 8188)
4(12989 9617 12961 5323)
4(12989 5323 12984 9618)
4(12989 9621 12987 5323)
4(2393 8189 12987 9621)
4(2393 9621 12989 9617)
4(12989 5323 12988 9641)
4(2400 9618 12989 9641)
4(2401 9621 12987 8211)
4(2401 9641 12989 9621)
4(12990 8191 12296 5324)
4(12990 5324 12963 8192)
4(12991 5324 12296 8210)
4(12991 8211 12987 5324)
4(12991 5324 12990 8213)
4(1921 8213 12990 8191)
4(12992 9620 12963 5324)
4(12992 5324 12987 9621)
4(12992 9624 12990 5324)
4(2394 8192 12990 9624)
4(2394 9624 12992 9620)
4(12992 5324 12991 9643)
4(2401 9621 12992 9643)
4(2402 9624 12990 8213)
4(2402 9643 12992 9624)
4(12993 8194 12299 5325)
4(12993 5325 12965 8195)
4(12994 5325 12299 8212)
4(12994 8213 12990 5325)
4(12994 5325 12993 8215)
4(1922 8215 12993 8194)
4(12995 9623 12965 5325)
4(12995 5325 12990 9624)
4(12995 9627 12993 5325)
4(2395 8195 12993 9627)
4(2395 9627 12995 9623)
4(12995 5325 12994 9645)
4(2402 9624 12995 9645)
4(2403 9627 12993 8215)
4(2403 9645 12995 9627)
4(12996 8197 12302 5326)
4(12996 5326 12967 8198)
4(12997 5326 12302 8214)
4(12997 8215 12993 5326)
4(12997 5326 12996 8217)
4(1923 8217 12996 8197)
4(12998 9626 12967 5326)
4(12998 5326 12993 9627)
4(12998 9630 12996 5326)
4(2396 8198 12996 9630)
4(2396 9630 12998 9626)
4(12998 5326 12997 9647)
4(2403 9627 12998 9647)
4(2404 9630 12996 8217)
4(2404 9647 12998 9630)
4(12999 5327 12970 8201)
4(1916 8201 12970 8196)
4(13000 8217 12996 5327)
4(13001 9629 12970 5327)
4(13001 5327 12996 9630)
4(2396 8198 12970 9629)
4(2397 8201 12999 9633)
4(2397 9633 13001 9629)
4(2397 9629 12970 8201)
4(2404 9630 13001 9649)
4(13002 5328 12973 8204)
4(13003 9632 12973 5328)
4(2398 9636 13003 9632)
4(13014 5329 12319 8243)
4(13014 8245 13011 5329)
4(13014 5329 13013 8248)
4(1931 8248 13013 8220)
4(1931 8243 13014 8248)
4(13014 3748 4434 5329)
4(2411 3748 13014 8245)
4(2412 3731 13013 8248)
4(2412 8248 13014 3748)
4(13015 8222 12322 5330)
4(13015 5330 13004 8223)
4(13016 5330 12322 8246)
4(13016 8248 13013 5330)
4(13016 5330 13015 8251)
4(1932 8251 13015 8222)
4(1932 8246 13016 8251)
4(4435 3733 13015 5330)
4(2405 8223 13015 3733)
4(13016 3750 4435 5330)
4(2412 3750 13016 8248)
4(2413 3733 13015 8251)
4(2413 8251 13016 3750)
4(13017 8225 12325 5331)
4(13017 5331 13005 8226)
4(13018 5331 12325 8249)
4(13018 8251 13015 5331)
4(13018 5331 13017 8254)
4(1933 8254 13017 8225)
4(1933 8249 13018 8254)
4(4436 3732 13005 5331)
4(4436 5331 13015 3733)
4(4436 3735 13017 5331)
4(2406 8226 13017 3735)
4(13018 3751 4436 5331)
4(2413 3751 13018 8251)
4(2414 3735 13017 8254)
4(2414 8254 13018 3751)
4(13019 8228 12328 5332)
4(13019 5332 13006 8229)
4(13020 5332 12328 8252)
4(13020 8254 13017 5332)
4(13020 5332 13019 8257)
4(1934 8257 13019 8228)
4(1934 8252 13020 8257)
4(4437 3734 13006 5332)
4(4437 5332 13017 3735)
4(4437 3737 13019 5332)
4(2407 8229 13019 3737)
4(13020 3752 4437 5332)
4(2414 3752 13020 8254)
4(2415 3737 13019 8257)
4(2415 8257 13020 3752)
4(13021 8231 12331 5333)
4(13021 5333 13007 8232)
4(13022 5333 12331 8255)
4(13022 8257 13019 5333)
4(13022 5333 13021 8260)
4(1935 8260 13021 8231)
4(1935 8255 13022 8260)
4(4438 3736 13007 5333)
4(4438 5333 13019 3737)
4(4438 3739 13021 5333)
4(2408 8232 13021 3739)
4(13022 3753 4438 5333)
4(2415 3753 13022 8257)
4(2416 3739 13021 8260)
4(2416 8260 13022 3753)
4(13023 8234 12334 5334)
4(13023 5334 13008 8235)
4(13024 5334 12334 8258)
4(13024 8260 13021 5334)
4(13024 5334 13023 8263)
4(1936 8263 13023 8234)
4(1936 8258 13024 8263)
4(4439 3738 13008 5334)
4(4439 5334 13021 3739)
4(4439 3741 13023 5334)
4(2409 8235 13023 3741)
4(13024 3754 4439 5334)
4(2416 3754 13024 8260)
4(2417 3741 13023 8263)
4(2417 8263 13024 3754)
4(13026 5335 12337 8261)
4(13026 8263 13023 5335)
4(13026 5335 13025 8266)
4(1937 8266 13025 8236)
4(1937 8261 13026 8266)
4(4440 5335 13023 3741)
4(13026 3755 4440 5335)
4(2417 3755 13026 8263)
4(2418 3742 13025 8266)
4(2418 8266 13026 3755)
4(13028 5336 12340 8264)
4(13028 8266 13025 5336)
4(13028 5336 13027 8269)
4(1938 8264 13028 8269)
4(13028 3756 4441 5336)
4(2418 3756 13028 8266)
4(2419 8269 13028 3756)
4(13033 8241 12347 5337)
4(13033 5337 13010 8242)
4(13034 5337 12347 8277)
4(13034 8279 13031 5337)
4(13034 5337 13033 8282)
4(1942 8282 13033 8241)
4(1942 8277 13034 8282)
4(4442 3747 13033 5337)
4(2410 8242 13033 3747)
4(13034 3764 4442 5337)
4(2422 3764 13034 8279)
4(2423 3747 13033 8282)
4(2423 8282 13034 3764)
4(13035 8244 12350 5338)
4(13035 5338 13012 8245)
4(13036 5338 12350 8280)
4(13036 8282 13033 5338)
4(13036 5338 13035 8285)
4(1943 8285 13035 8244)
4(1943 8280 13036 8285)
4(4443 3746 13012 5338)
4(4443 5338 13033 3747)
4(4443 3749 13035 5338)
4(2411 8245 13035 3749)
4(13036 3766 4443 5338)
4(2423 3766 13036 8282)
4(2424 3749 13035 8285)
4(2424 8285 13036 3766)
4(13037 8247 12353 5339)
4(13037 5339 13014 8248)
4(13038 5339 12353 8283)
4(13038 8285 13035 5339)
4(13038 5339 13037 8288)
4(1944 8288 13037 8247)
4(1944 8283 13038 8288)
4(13039 3748 13014 5339)
4(13039 5339 13035 3749)
4(13039 9651 13037 5339)
4(2412 8248 13037 9651)
4(13039 5339 13038 9659)
4(2424 9659 13038 8285)
4(2425 9651 13037 8288)
4(2425 8288 13038 9659)
4(13040 8250 12354 5340)
4(13040 5340 13016 8251)
4(1932 8246 12354 8250)
4(13041 5340 12354 8286)
4(13041 8288 13037 5340)
4(1944 8286 12354 8247)
4(13041 5340 13040 8291)
4(1945 8291 13040 8250)
4(1945 8286 13041 8291)
4(1945 8250 12354 8286)
4(13042 3750 13016 5340)
4(13042 5340 13037 9651)
4(13042 9652 13040 5340)
4(2413 8251 13040 9652)
4(13042 5340 13041 9661)
4(2425 9661 13041 8288)
4(2426 9652 13040 8291)
4(2426 8291 13041 9661)
4(13043 8253 12355 5341)
4(13043 5341 13018 8254)
4(13044 5341 12355 8289)
4(13044 8291 13040 5341)
4(13044 5341 13043 8294)
4(1946 8294 13043 8253)
4(1946 8289 13044 8294)
4(13045 3751 13018 5341)
4(13045 5341 13040 9652)
4(13045 9653 13043 5341)
4(2414 8254 13043 9653)
4(13045 5341 13044 9663)
4(2426 9663 13044 8291)
4(2427 9653 13043 8294)
4(2427 8294 13044 9663)
4(13046 8256 12356 5342)
4(13046 5342 13020 8257)
4(13047 5342 12356 8292)
4(13047 8294 13043 5342)
4(13047 5342 13046 8297)
4(1947 8297 13046 8256)
4(1947 8292 13047 8297)
4(13048 3752 13020 5342)
4(13048 5342 13043 9653)
4(13048 9654 13046 5342)
4(2415 8257 13046 9654)
4(13048 5342 13047 9665)
4(2427 9665 13047 8294)
4(2428 9654 13046 8297)
4(2428 8297 13047 9665)
4(13049 8259 12357 5343)
4(13049 5343 13022 8260)
4(13050 5343 12357 8295)
4(13050 8297 13046 5343)
4(13050 5343 13049 8300)
4(1948 8300 13049 8259)
4(1948 8295 13050 8300)
4(13051 3753 13022 5343)
4(13051 5343 13046 9654)
4(13051 9655 13049 5343)
4(2416 8260 13049 9655)
4(13051 5343 13050 9667)
4(2428 9667 13050 8297)
4(2429 9655 13049 8300)
4(2429 8300 13050 9667)
4(13052 8262 12358 5344)
4(13052 5344 13024 8263)
4(13053 5344 12358 8298)
4(13053 8300 13049 5344)
4(13053 5344 13052 8303)
4(1949 8303 13052 8262)
4(1949 8298 13053 8303)
4(13054 3754 13024 5344)
4(13054 5344 13049 9655)
4(13054 9656 13052 5344)
4(2417 8263 13052 9656)
4(13054 5344 13053 9669)
4(2429 9669 13053 8300)
4(2430 9656 13052 8303)
4(2430 8303 13053 9669)
4(13055 8265 12360 5345)
4(13055 5345 13026 8266)
4(1937 8261 12360 8265)
4(13056 5345 12360 8301)
4(13056 8303 13052 5345)
4(1949 8301 12360 8262)
4(13056 5345 13055 8306)
4(1950 8306 13055 8265)
4(1950 8301 13056 8306)
4(1950 8265 12360 8301)
4(13057 3755 13026 5345)
4(13057 5345 13052 9656)
4(13057 9657 13055 5345)
4(2418 8266 13055 9657)
4(13057 5345 13056 9671)
4(2430 9671 13056 8303)
4(2431 9657 13055 8306)
4(2431 8306 13056 9671)
4(13058 8268 12363 5346)
4(13058 5346 13028 8269)
4(13059 5346 12363 8304)
4(13059 8306 13055 5346)
4(13059 5346 13058 8309)
4(1951 8309 13058 8268)
4(1951 8304 13059 8309)
4(13060 3756 13028 5346)
4(13060 5346 13055 9657)
4(13060 3758 13058 5346)
4(2419 8269 13058 3758)
4(13060 5346 13059 9673)
4(2431 9673 13059 8306)
4(2432 3758 13058 8309)
4(2432 8309 13059 9673)
4(13061 8271 12366 5347)
4(13061 5347 13029 8272)
4(13062 5347 12366 8307)
4(13062 8309 13058 5347)
4(13062 5347 13061 8312)
4(1952 8312 13061 8271)
4(1952 8307 13062 8312)
4(4444 3757 13029 5347)
4(4444 5347 13058 3758)
4(4444 3760 13061 5347)
4(2420 8272 13061 3760)
4(13062 3767 4444 5347)
4(2432 3767 13062 8309)
4(2433 3760 13061 8312)
4(2433 8312 13062 3767)
4(13064 5348 12369 8310)
4(13064 8312 13061 5348)
4(13064 5348 13063 8315)
4(1953 8310 13064 8315)
4(4445 5348 13061 3760)
4(13064 3768 4445 5348)
4(2433 3768 13064 8312)
4(2434 8315 13064 3768)
4(13067 5349 13066 8323)
4(1956 8323 13066 8275)
4(1956 8318 13067 8323)
4(2437 3763 13066 8323)
4(2437 8323 13067 3772)
4(13068 8278 12376 5350)
4(13068 5350 13032 8279)
4(13069 5350 12376 8321)
4(13069 8323 13066 5350)
4(13069 5350 13068 8326)
4(1957 8326 13068 8278)
4(1957 8321 13069 8326)
4(4447 3762 13032 5350)
4(4447 5350 13066 3763)
4(4447 3765 13068 5350)
4(2422 8279 13068 3765)
4(13069 3774 4447 5350)
4(2437 3774 13069 8323)
4(2438 3765 13068 8326)
4(2438 8326 13069 3774)
4(13070 8281 12377 5351)
4(13070 5351 13034 8282)
4(1942 8277 12377 8281)
4(13071 5351 12377 8324)
4(13071 8326 13068 5351)
4(1957 8324 12377 8278)
4(13071 5351 13070 8329)
4(1958 8329 13070 8281)
4(1958 8324 13071 8329)
4(1958 8281 12377 8324)
4(13072 3764 13034 5351)
4(13072 5351 13068 3765)
4(13072 9658 13070 5351)
4(2423 8282 13070 9658)
4(13072 5351 13071 9677)
4(2438 9677 13071 8326)
4(2439 9658 13070 8329)
4(2439 8329 13071 9677)
4(13073 8284 12378 5352)
4(13073 5352 13036 8285)
4(13074 5352 12378 8327)
4(13074 8329 13070 5352)
4(13074 5352 13073 8332)
4(1959 8332 13073 8284)
4(1959 8327 13074 8332)
4(13075 3766 13036 5352)
4(13075 5352 13070 9658)
4(13075 9660 13073 5352)
4(2424 8285 13073 9660)
4(13075 5352 13074 9679)
4(2439 9679 13074 8329)
4(2440 9660 13073 8332)
4(2440 8332 13074 9679)
4(13076 8287 12379 5353)
4(13076 5353 13038 8288)
4(13077 5353 12379 8330)
4(13077 8332 13073 5353)
4(13077 5353 13076 8335)
4(1960 8335 13076 8287)
4(1960 8330 13077 8335)
4(13078 9659 13038 5353)
4(13078 5353 13073 9660)
4(13078 9662 13076 5353)
4(2425 8288 13076 9662)
4(13078 5353 13077 9681)
4(2440 9681 13077 8332)
4(2441 9662 13076 8335)
4(2441 8335 13077 9681)
4(13079 8290 12380 5354)
4(13079 5354 13041 8291)
4(13080 5354 12380 8333)
4(13080 8335 13076 5354)
4(13080 5354 13079 8338)
4(1961 8338 13079 8290)
4(1961 8333 13080 8338)
4(13081 9661 13041 5354)
4(13081 5354 13076 9662)
4(13081 9664 13079 5354)
4(2426 8291 13079 9664)
4(13081 5354 13080 9683)
4(2441 9683 13080 8335)
4(2442 9664 13079 8338)
4(2442 8338 13080 9683)
4(13082 8293 12381 5355)
4(13082 5355 13044 8294)
4(13083 5355 12381 8336)
4(13083 8338 13079 5355)
4(13083 5355 13082 8341)
4(1962 8341 13082 8293)
4(1962 8336 13083 8341)
4(13084 9663 13044 5355)
4(13084 5355 13079 9664)
4(13084 9666 13082 5355)
4(2427 8294 13082 9666)
4(13084 5355 13083 9685)
4(2442 9685 13083 8338)
4(2443 9666 13082 8341)
4(2443 8341 13083 9685)
4(13085 8296 12382 5356)
4(13085 5356 13047 8297)
4(13086 5356 12382 8339)
4(13086 8341 13082 5356)
4(13086 5356 13085 8344)
4(1963 8344 13085 8296)
4(1963 8339 13086 8344)
4(13087 9665 13047 5356)
4(13087 5356 13082 9666)
4(13087 9668 13085 5356)
4(2428 8297 13085 9668)
4(13087 5356 13086 9687)
4(2443 9687 13086 8341)
4(2444 9668 13085 8344)
4(2444 8344 13086 9687)
4(13088 8299 12383 5357)
4(13088 5357 13050 8300)
4(13089 5357 12383 8342)
4(13089 8344 13085 5357)
4(13089 5357 13088 8347)
4(1964 8347 13088 8299)
4(1964 8342 13089 8347)
4(13090 9667 13050 5357)
4(13090 5357 13085 9668)
4(13090 9670 13088 5357)
4(2429 8300 13088 9670)
4(13090 5357 13089 9689)
4(2444 9689 13089 8344)
4(2445 9670 13088 8347)
4(2445 8347 13089 9689)
4(13091 8302 12384 5358)
4(13091 5358 13053 8303)
4(13092 5358 12384 8345)
4(13092 8347 13088 5358)
4(13092 5358 13091 8350)
4(1965 8350 13091 8302)
4(1965 8345 13092 8350)
4(13093 9669 13053 5358)
4(13093 5358 13088 9670)
4(13093 9672 13091 5358)
4(2430 8303 13091 9672)
4(13093 5358 13092 9691)
4(2445 9691 13092 8347)
4(2446 9672 13091 8350)
4(2446 8350 13092 9691)
4(13094 8305 12385 5359)
4(13094 5359 13056 8306)
4(13095 5359 12385 8348)
4(13095 8350 13091 5359)
4(13095 5359 13094 8353)
4(1966 8353 13094 8305)
4(1966 8348 13095 8353)
4(13096 9671 13056 5359)
4(13096 5359 13091 9672)
4(13096 9674 13094 5359)
4(2431 8306 13094 9674)
4(13096 5359 13095 9693)
4(2446 9693 13095 8350)
4(2447 9674 13094 8353)
4(2447 8353 13095 9693)
4(13097 8308 12386 5360)
4(13097 5360 13059 8309)
4(13098 5360 12386 8351)
4(13098 8353 13094 5360)
4(13098 5360 13097 8356)
4(1967 8356 13097 8308)
4(1967 8351 13098 8356)
4(13099 9673 13059 5360)
4(13099 5360 13094 9674)
4(13099 9675 13097 5360)
4(2432 8309 13097 9675)
4(13099 5360 13098 9695)
4(2447 9695 13098 8353)
4(2448 9675 13097 8356)
4(2448 8356 13098 9695)
4(13100 8311 12387 5361)
4(13100 5361 13062 8312)
4(13101 5361 12387 8354)
4(13101 8356 13097 5361)
4(13101 5361 13100 8359)
4(1968 8359 13100 8311)
4(1968 8354 13101 8359)
4(13102 3767 13062 5361)
4(13102 5361 13097 9675)
4(13102 9676 13100 5361)
4(2433 8312 13100 9676)
4(13102 5361 13101 9697)
4(2448 9697 13101 8356)
4(2449 9676 13100 8359)
4(2449 8359 13101 9697)
4(13103 8314 12389 5362)
4(13103 5362 13064 8315)
4(1953 8310 12389 8314)
4(13104 5362 12389 8357)
4(13104 8359 13100 5362)
4(1968 8357 12389 8311)
4(13104 5362 13103 8362)
4(1969 8362 13103 8314)
4(1969 8357 13104 8362)
4(1969 8314 12389 8357)
4(13105 3768 13064 5362)
4(13105 5362 13100 9676)
4(13105 3770 13103 5362)
4(2434 8315 13103 3770)
4(13105 5362 13104 9699)
4(2449 9699 13104 8359)
4(2450 3770 13103 8362)
4(2450 8362 13104 9699)
4(13106 8316 12392 5363)
4(13106 5363 13065 8317)
4(13107 5363 12392 8360)
4(13107 8362 13103 5363)
4(13107 5363 13106 8365)
4(1970 8365 13106 8316)
4(1970 8360 13107 8365)
4(4448 3769 13065 5363)
4(4448 5363 13103 3770)
4(4448 3771 13106 5363)
4(13107 3776 4448 5363)
4(2450 3776 13107 8362)
4(2451 3771 13106 8365)
4(2451 8365 13107 3776)
4(13108 8365 13106 5364)
4(2451 3777 13108 8365)
4(13110 5365 13109 8373)
4(1973 8373 13109 8319)
4(1973 8368 13110 8373)
4(2454 3773 13109 8373)
4(2454 8373 13110 3780)
4(13111 8322 12400 5366)
4(13111 5366 13067 8323)
4(13112 5366 12400 8371)
4(13112 8373 13109 5366)
4(13112 5366 13111 8376)
4(1974 8376 13111 8322)
4(1974 8371 13112 8376)
4(4451 3772 13067 5366)
4(4451 5366 13109 3773)
4(4451 3775 13111 5366)
4(2437 8323 13111 3775)
4(13112 3782 4451 5366)
4(2454 3782 13112 8373)
4(2455 3775 13111 8376)
4(2455 8376 13112 3782)
4(13113 8325 12401 5367)
4(13113 5367 13069 8326)
4(13114 5367 12401 8374)
4(13114 8376 13111 5367)
4(13114 5367 13113 8379)
4(1975 8379 13113 8325)
4(1975 8374 13114 8379)
4(13115 3774 13069 5367)
4(13115 5367 13111 3775)
4(13115 9678 13113 5367)
4(2438 8326 13113 9678)
4(13115 5367 13114 9702)
4(2455 9702 13114 8376)
4(2456 9678 13113 8379)
4(2456 8379 13114 9702)
4(13116 8328 12402 5368)
4(13116 5368 13071 8329)
4(13117 5368 12402 8377)
4(13117 8379 13113 5368)
4(13117 5368 13116 8382)
4(1976 8382 13116 8328)
4(1976 8377 13117 8382)
4(13118 9677 13071 5368)
4(13118 5368 13113 9678)
4(13118 9680 13116 5368)
4(2439 8329 13116 9680)
4(13118 5368 13117 9704)
4(2456 9704 13117 8379)
4(2457 9680 13116 8382)
4(2457 8382 13117 9704)
4(13119 8331 12403 5369)
4(13119 5369 13074 8332)
4(13120 5369 12403 8380)
4(13120 8382 13116 5369)
4(13120 5369 13119 8385)
4(1977 8385 13119 8331)
4(1977 8380 13120 8385)
4(13121 9679 13074 5369)
4(13121 5369 13116 9680)
4(13121 9682 13119 5369)
4(2440 8332 13119 9682)
4(13121 5369 13120 9706)
4(2457 9706 13120 8382)
4(2458 9682 13119 8385)
4(2458 8385 13120 9706)
4(13122 8334 12404 5370)
4(13122 5370 13077 8335)
4(13123 5370 12404 8383)
4(13123 8385 13119 5370)
4(13123 5370 13122 8388)
4(1978 8388 13122 8334)
4(1978 8383 13123 8388)
4(13124 9681 13077 5370)
4(13124 5370 13119 9682)
4(13124 9684 13122 5370)
4(2441 8335 13122 9684)
4(13124 5370 13123 9708)
4(2458 9708 13123 8385)
4(2459 9684 13122 8388)
4(2459 8388 13123 9708)
4(13125 8337 12405 5371)
4(13125 5371 13080 8338)
4(13126 5371 12405 8386)
4(13126 8388 13122 5371)
4(13126 5371 13125 8391)
4(1979 8391 13125 8337)
4(1979 8386 13126 8391)
4(13127 9683 13080 5371)
4(13127 5371 13122 9684)
4(13127 9686 13125 5371)
4(2442 8338 13125 9686)
4(13127 5371 13126 9710)
4(2459 9710 13126 8388)
4(2460 9686 13125 8391)
4(2460 8391 13126 9710)
4(13128 8340 12406 5372)
4(13128 5372 13083 8341)
4(13129 5372 12406 8389)
4(13129 8391 13125 5372)
4(13129 5372 13128 8394)
4(1980 8394 13128 8340)
4(1980 8389 13129 8394)
4(13130 9685 13083 5372)
4(13130 5372 13125 9686)
4(13130 9688 13128 5372)
4(2443 8341 13128 9688)
4(13130 5372 13129 9712)
4(2460 9712 13129 8391)
4(2461 9688 13128 8394)
4(2461 8394 13129 9712)
4(13131 8343 12407 5373)
4(13131 5373 13086 8344)
4(13132 5373 12407 8392)
4(13132 8394 13128 5373)
4(13132 5373 13131 8397)
4(1981 8397 13131 8343)
4(1981 8392 13132 8397)
4(13133 9687 13086 5373)
4(13133 5373 13128 9688)
4(13133 9690 13131 5373)
4(2444 8344 13131 9690)
4(13133 5373 13132 9714)
4(2461 9714 13132 8394)
4(2462 9690 13131 8397)
4(2462 8397 13132 9714)
4(13134 8346 12408 5374)
4(13134 5374 13089 8347)
4(13135 5374 12408 8395)
4(13135 8397 13131 5374)
4(13135 5374 13134 8400)
4(1982 8400 13134 8346)
4(1982 8395 13135 8400)
4(13136 9689 13089 5374)
4(13136 5374 13131 9690)
4(13136 9692 13134 5374)
4(2445 8347 13134 9692)
4(13136 5374 13135 9716)
4(2462 9716 13135 8397)
4(2463 9692 13134 8400)
4(2463 8400 13135 9716)
4(13137 8349 12409 5375)
4(13137 5375 13092 8350)
4(13138 5375 12409 8398)
4(13138 8400 13134 5375)
4(13138 5375 13137 8403)
4(1983 8403 13137 8349)
4(1983 8398 13138 8403)
4(13139 9691 13092 5375)
4(13139 5375 13134 9692)
4(13139 9694 13137 5375)
4(2446 8350 13137 9694)
4(13139 5375 13138 9718)
4(2463 9718 13138 8400)
4(2464 9694 13137 8403)
4(2464 8403 13138 9718)
4(13140 8352 12410 5376)
4(13140 5376 13095 8353)
4(13141 5376 12410 8401)
4(13141 8403 13137 5376)
4(13141 5376 13140 8406)
4(1984 8406 13140 8352)
4(1984 8401 13141 8406)
4(13142 9693 13095 5376)
4(13142 5376 13137 9694)
4(13142 9696 13140 5376)
4(2447 8353 13140 9696)
4(13142 5376 13141 9720)
4(2464 9720 13141 8403)
4(2465 9696 13140 8406)
4(2465 8406 13141 9720)
4(13143 8355 12411 5377)
4(13143 5377 13098 8356)
4(13144 5377 12411 8404)
4(13144 8406 13140 5377)
4(13144 5377 13143 8409)
4(1985 8409 13143 8355)
4(1985 8404 13144 8409)
4(13145 9695 13098 5377)
4(13145 5377 13140 9696)
4(13145 9698 13143 5377)
4(2448 8356 13143 9698)
4(13145 5377 13144 9722)
4(2465 9722 13144 8406)
4(2466 9698 13143 8409)
4(2466 8409 13144 9722)
4(13146 8358 12412 5378)
4(13146 5378 13101 8359)
4(13147 5378 12412 8407)
4(13147 8409 13143 5378)
4(13147 5378 13146 8412)
4(1986 8412 13146 8358)
4(1986 8407 13147 8412)
4(13148 9697 13101 5378)
4(13148 5378 13143 9698)
4(13148 9700 13146 5378)
4(2449 8359 13146 9700)
4(13148 5378 13147 9724)
4(2466 9724 13147 8409)
4(2467 9700 13146 8412)
4(2467 8412 13147 9724)
4(13149 8361 12413 5379)
4(13149 5379 13104 8362)
4(13150 5379 12413 8410)
4(13150 8412 13146 5379)
4(13150 5379 13149 8415)
4(1987 8415 13149 8361)
4(1987 8410 13150 8415)
4(13151 9699 13104 5379)
4(13151 5379 13146 9700)
4(13151 9701 13149 5379)
4(2450 8362 13149 9701)
4(13151 5379 13150 9726)
4(2467 9726 13150 8412)
4(2468 9701 13149 8415)
4(2468 8415 13150 9726)
4(13152 8364 12415 5380)
4(13152 5380 13107 8365)
4(13153 5380 12415 8413)
4(13153 8415 13149 5380)
4(13153 5380 13152 8418)
4(1988 8418 13152 8364)
4(1988 8413 13153 8418)
4(13154 3776 13107 5380)
4(13154 5380 13149 9701)
4(13154 3778 13152 5380)
4(2451 8365 13152 3778)
4(13154 5380 13153 9728)
4(2468 9728 13153 8415)
4(2469 3778 13152 8418)
4(2469 8418 13153 9728)
4(13155 8366 12418 5381)
4(13155 5381 13108 8367)
4(13156 5381 12418 8416)
4(13156 8418 13152 5381)
4(13156 5381 13155 8421)
4(1989 8421 13155 8366)
4(1989 8416 13156 8421)
4(4452 3777 13108 5381)
4(4452 5381 13152 3778)
4(4452 3779 13155 5381)
4(13156 3784 4452 5381)
4(2469 3784 13156 8418)
4(2470 3779 13155 8421)
4(2470 8421 13156 3784)
4(13157 8421 13155 5382)
4(2470 3785 13157 8421)
4(13159 5383 13158 8429)
4(1992 8429 13158 8369)
4(1992 8424 13159 8429)
4(2473 3781 13158 8429)
4(2473 8429 13159 3788)
4(13160 8372 12426 5384)
4(13160 5384 13110 8373)
4(13161 5384 12426 8427)
4(13161 8429 13158 5384)
4(13161 5384 13160 8432)
4(1993 8432 13160 8372)
4(1993 8427 13161 8432)
4(4455 3780 13110 5384)
4(4455 5384 13158 3781)
4(4455 3783 13160 5384)
4(2454 8373 13160 3783)
4(13161 3790 4455 5384)
4(2473 3790 13161 8429)
4(2474 3783 13160 8432)
4(2474 8432 13161 3790)
4(13162 8375 12427 5385)
4(13162 5385 13112 8376)
4(13163 5385 12427 8430)
4(13163 8432 13160 5385)
4(13163 5385 13162 8435)
4(1994 8435 13162 8375)
4(1994 8430 13163 8435)
4(13164 3782 13112 5385)
4(13164 5385 13160 3783)
4(13164 9703 13162 5385)
4(2455 8376 13162 9703)
4(13164 5385 13163 9731)
4(2474 9731 13163 8432)
4(2475 9703 13162 8435)
4(2475 8435 13163 9731)
4(13165 8378 12428 5386)
4(13165 5386 13114 8379)
4(13166 5386 12428 8433)
4(13166 8435 13162 5386)
4(13166 5386 13165 8438)
4(1995 8438 13165 8378)
4(1995 8433 13166 8438)
4(13167 9702 13114 5386)
4(13167 5386 13162 9703)
4(13167 9705 13165 5386)
4(2456 8379 13165 9705)
4(13167 5386 13166 9733)
4(2475 9733 13166 8435)
4(2476 9705 13165 8438)
4(2476 8438 13166 9733)
4(13168 8381 12429 5387)
4(13168 5387 13117 8382)
4(13169 5387 12429 8436)
4(13169 8438 13165 5387)
4(13169 5387 13168 8441)
4(1996 8441 13168 8381)
4(1996 8436 13169 8441)
4(13170 9704 13117 5387)
4(13170 5387 13165 9705)
4(13170 9707 13168 5387)
4(2457 8382 13168 9707)
4(13170 5387 13169 9735)
4(2476 9735 13169 8438)
4(2477 9707 13168 8441)
4(2477 8441 13169 9735)
4(13171 8384 12430 5388)
4(13171 5388 13120 8385)
4(13172 5388 12430 8439)
4(13172 8441 13168 5388)
4(13172 5388 13171 8444)
4(1997 8444 13171 8384)
4(1997 8439 13172 8444)
4(13173 9706 13120 5388)
4(13173 5388 13168 9707)
4(13173 9709 13171 5388)
4(2458 8385 13171 9709)
4(13173 5388 13172 9737)
4(2477 9737 13172 8441)
4(2478 9709 13171 8444)
4(2478 8444 13172 9737)
4(13174 8387 12431 5389)
4(13174 5389 13123 8388)
4(13175 5389 12431 8442)
4(13175 8444 13171 5389)
4(13175 5389 13174 8447)
4(1998 8447 13174 8387)
4(1998 8442 13175 8447)
4(13176 9708 13123 5389)
4(13176 5389 13171 9709)
4(13176 9711 13174 5389)
4(2459 8388 13174 9711)
4(13176 5389 13175 9739)
4(2478 9739 13175 8444)
4(2479 9711 13174 8447)
4(2479 8447 13175 9739)
4(13177 8390 12432 5390)
4(13177 5390 13126 8391)
4(13178 5390 12432 8445)
4(13178 8447 13174 5390)
4(13178 5390 13177 8450)
4(1999 8450 13177 8390)
4(1999 8445 13178 8450)
4(13179 9710 13126 5390)
4(13179 5390 13174 9711)
4(13179 9713 13177 5390)
4(2460 8391 13177 9713)
4(13179 5390 13178 9741)
4(2479 9741 13178 8447)
4(2480 9713 13177 8450)
4(2480 8450 13178 9741)
4(13180 8393 12433 5391)
4(13180 5391 13129 8394)
4(13181 5391 12433 8448)
4(13181 8450 13177 5391)
4(13181 5391 13180 8453)
4(2000 8453 13180 8393)
4(2000 8448 13181 8453)
4(13182 9712 13129 5391)
4(13182 5391 13177 9713)
4(13182 9715 13180 5391)
4(2461 8394 13180 9715)
4(13182 5391 13181 9743)
4(2480 9743 13181 8450)
4(2481 9715 13180 8453)
4(2481 8453 13181 9743)
4(13183 8396 12434 5392)
4(13183 5392 13132 8397)
4(13184 5392 12434 8451)
4(13184 8453 13180 5392)
4(13184 5392 13183 8456)
4(2001 8456 13183 8396)
4(2001 8451 13184 8456)
4(13185 9714 13132 5392)
4(13185 5392 13180 9715)
4(13185 9717 13183 5392)
4(2462 8397 13183 9717)
4(13185 5392 13184 9745)
4(2481 9745 13184 8453)
4(2482 9717 13183 8456)
4(2482 8456 13184 9745)
4(13186 8399 12435 5393)
4(13186 5393 13135 8400)
4(13187 5393 12435 8454)
4(13187 8456 13183 5393)
4(13187 5393 13186 8459)
4(2002 8459 13186 8399)
4(2002 8454 13187 8459)
4(13188 9716 13135 5393)
4(13188 5393 13183 9717)
4(13188 9719 13186 5393)
4(2463 8400 13186 9719)
4(13188 5393 13187 9747)
4(2482 9747 13187 8456)
4(2483 9719 13186 8459)
4(2483 8459 13187 9747)
4(13189 8402 12436 5394)
4(13189 5394 13138 8403)
4(13190 5394 12436 8457)
4(13190 8459 13186 5394)
4(13190 5394 13189 8462)
4(2003 8462 13189 8402)
4(2003 8457 13190 8462)
4(13191 9718 13138 5394)
4(13191 5394 13186 9719)
4(13191 9721 13189 5394)
4(2464 8403 13189 9721)
4(13191 5394 13190 9749)
4(2483 9749 13190 8459)
4(2484 9721 13189 8462)
4(2484 8462 13190 9749)
4(13192 8405 12437 5395)
4(13192 5395 13141 8406)
4(13193 5395 12437 8460)
4(13193 8462 13189 5395)
4(13193 5395 13192 8465)
4(2004 8465 13192 8405)
4(2004 8460 13193 8465)
4(13194 9720 13141 5395)
4(13194 5395 13189 9721)
4(13194 9723 13192 5395)
4(2465 8406 13192 9723)
4(13194 5395 13193 9751)
4(2484 9751 13193 8462)
4(2485 9723 13192 8465)
4(2485 8465 13193 9751)
4(13195 8408 12438 5396)
4(13195 5396 13144 8409)
4(13196 5396 12438 8463)
4(13196 8465 13192 5396)
4(13196 5396 13195 8468)
4(2005 8468 13195 8408)
4(2005 8463 13196 8468)
4(13197 9722 13144 5396)
4(13197 5396 13192 9723)
4(13197 9725 13195 5396)
4(2466 8409 13195 9725)
4(13197 5396 13196 9753)
4(2485 9753 13196 8465)
4(2486 9725 13195 8468)
4(2486 8468 13196 9753)
4(13198 8411 12439 5397)
4(13198 5397 13147 8412)
4(13199 5397 12439 8466)
4(13199 8468 13195 5397)
4(13199 5397 13198 8471)
4(2006 8471 13198 8411)
4(2006 8466 13199 8471)
4(13200 9724 13147 5397)
4(13200 5397 13195 9725)
4(13200 9727 13198 5397)
4(2467 8412 13198 9727)
4(13200 5397 13199 9755)
4(2486 9755 13199 8468)
4(2487 9727 13198 8471)
4(2487 8471 13199 9755)
4(13201 8414 12440 5398)
4(13201 5398 13150 8415)
4(13202 5398 12440 8469)
4(13202 8471 13198 5398)
4(13202 5398 13201 8474)
4(2007 8474 13201 8414)
4(2007 8469 13202 8474)
4(13203 9726 13150 5398)
4(13203 5398 13198 9727)
4(13203 9729 13201 5398)
4(2468 8415 13201 9729)
4(13203 5398 13202 9757)
4(2487 9757 13202 8471)
4(2488 9729 13201 8474)
4(2488 8474 13202 9757)
4(13204 8417 12441 5399)
4(13204 5399 13153 8418)
4(13205 5399 12441 8472)
4(13205 8474 13201 5399)
4(13205 5399 13204 8477)
4(2008 8477 13204 8417)
4(2008 8472 13205 8477)
4(13206 9728 13153 5399)
4(13206 5399 13201 9729)
4(13206 9730 13204 5399)
4(2469 8418 13204 9730)
4(13206 5399 13205 9759)
4(2488 9759 13205 8474)
4(2489 9730 13204 8477)
4(2489 8477 13205 9759)
4(13207 8420 12443 5400)
4(13207 5400 13156 8421)
4(13208 5400 12443 8475)
4(13208 8477 13204 5400)
4(13208 5400 13207 8480)
4(2009 8480 13207 8420)
4(2009 8475 13208 8480)
4(13209 3784 13156 5400)
4(13209 5400 13204 9730)
4(13209 3786 13207 5400)
4(2470 8421 13207 3786)
4(13209 5400 13208 9761)
4(2489 9761 13208 8477)
4(2490 3786 13207 8480)
4(2490 8480 13208 9761)
4(13210 8422 12446 5401)
4(13210 5401 13157 8423)
4(13211 5401 12446 8478)
4(13211 8480 13207 5401)
4(13211 5401 13210 8483)
4(2010 8483 13210 8422)
4(2010 8478 13211 8483)
4(4456 3785 13157 5401)
4(4456 5401 13207 3786)
4(4456 3787 13210 5401)
4(13211 3792 4456 5401)
4(2490 3792 13211 8480)
4(2491 3787 13210 8483)
4(2491 8483 13211 3792)
4(13212 8483 13210 5402)
4(2491 3793 13212 8483)
4(13215 8428 12453 5403)
4(13215 5403 13159 8429)
4(13216 5403 12453 8488)
4(13216 8490 13213 5403)
4(13216 5403 13215 8493)
4(2013 8493 13215 8428)
4(2013 8488 13216 8493)
4(4458 3788 13159 5403)
4(4458 5403 13213 3789)
4(4458 3791 13215 5403)
4(2473 8429 13215 3791)
4(13216 3798 4458 5403)
4(2493 3798 13216 8490)
4(2494 3791 13215 8493)
4(2494 8493 13216 3798)
4(13217 8431 12454 5404)
4(13217 5404 13161 8432)
4(13218 5404 12454 8491)
4(13218 8493 13215 5404)
4(13218 5404 13217 8496)
4(2014 8496 13217 8431)
4(2014 8491 13218 8496)
4(13219 3790 13161 5404)
4(13219 5404 13215 3791)
4(13219 9732 13217 5404)
4(2474 8432 13217 9732)
4(13219 5404 13218 9764)
4(2494 9764 13218 8493)
4(2495 9732 13217 8496)
4(2495 8496 13218 9764)
4(13220 8434 12455 5405)
4(13220 5405 13163 8435)
4(13221 5405 12455 8494)
4(13221 8496 13217 5405)
4(13221 5405 13220 8499)
4(2015 8499 13220 8434)
4(2015 8494 13221 8499)
4(13222 9731 13163 5405)
4(13222 5405 13217 9732)
4(13222 9734 13220 5405)
4(2475 8435 13220 9734)
4(13222 5405 13221 9766)
4(2495 9766 13221 8496)
4(2496 9734 13220 8499)
4(2496 8499 13221 9766)
4(13223 8437 12456 5406)
4(13223 5406 13166 8438)
4(13224 5406 12456 8497)
4(13224 8499 13220 5406)
4(13224 5406 13223 8502)
4(2016 8502 13223 8437)
4(2016 8497 13224 8502)
4(13225 9733 13166 5406)
4(13225 5406 13220 9734)
4(13225 9736 13223 5406)
4(2476 8438 13223 9736)
4(13225 5406 13224 9768)
4(2496 9768 13224 8499)
4(2497 9736 13223 8502)
4(2497 8502 13224 9768)
4(13226 8440 12457 5407)
4(13226 5407 13169 8441)
4(13227 5407 12457 8500)
4(13227 8502 13223 5407)
4(13227 5407 13226 8505)
4(2017 8505 13226 8440)
4(2017 8500 13227 8505)
4(13228 9735 13169 5407)
4(13228 5407 13223 9736)
4(13228 9738 13226 5407)
4(2477 8441 13226 9738)
4(13228 5407 13227 9770)
4(2497 9770 13227 8502)
4(2498 9738 13226 8505)
4(2498 8505 13227 9770)
4(13229 8443 12458 5408)
4(13229 5408 13172 8444)
4(13230 5408 12458 8503)
4(13230 8505 13226 5408)
4(13230 5408 13229 8508)
4(2018 8508 13229 8443)
4(2018 8503 13230 8508)
4(13231 9737 13172 5408)
4(13231 5408 13226 9738)
4(13231 9740 13229 5408)
4(2478 8444 13229 9740)
4(13231 5408 13230 9772)
4(2498 9772 13230 8505)
4(2499 9740 13229 8508)
4(2499 8508 13230 9772)
4(13232 8446 12459 5409)
4(13232 5409 13175 8447)
4(13233 5409 12459 8506)
4(13233 8508 13229 5409)
4(13233 5409 13232 8511)
4(2019 8511 13232 8446)
4(2019 8506 13233 8511)
4(13234 9739 13175 5409)
4(13234 5409 13229 9740)
4(13234 9742 13232 5409)
4(2479 8447 13232 9742)
4(13234 5409 13233 9774)
4(2499 9774 13233 8508)
4(2500 9742 13232 8511)
4(2500 8511 13233 9774)
4(13235 8449 12460 5410)
4(13235 5410 13178 8450)
4(13236 5410 12460 8509)
4(13236 8511 13232 5410)
4(13236 5410 13235 8514)
4(2020 8514 13235 8449)
4(2020 8509 13236 8514)
4(13237 9741 13178 5410)
4(13237 5410 13232 9742)
4(13237 9744 13235 5410)
4(2480 8450 13235 9744)
4(13237 5410 13236 9776)
4(2500 9776 13236 8511)
4(2501 9744 13235 8514)
4(2501 8514 13236 9776)
4(13238 8452 12461 5411)
4(13238 5411 13181 8453)
4(13239 5411 12461 8512)
4(13239 8514 13235 5411)
4(13239 5411 13238 8517)
4(2021 8517 13238 8452)
4(2021 8512 13239 8517)
4(13240 9743 13181 5411)
4(13240 5411 13235 9744)
4(13240 9746 13238 5411)
4(2481 8453 13238 9746)
4(13240 5411 13239 9778)
4(2501 9778 13239 8514)
4(2502 9746 13238 8517)
4(2502 8517 13239 9778)
4(13241 8455 12462 5412)
4(13241 5412 13184 8456)
4(13242 5412 12462 8515)
4(13242 8517 13238 5412)
4(13242 5412 13241 8520)
4(2022 8520 13241 8455)
4(2022 8515 13242 8520)
4(13243 9745 13184 5412)
4(13243 5412 13238 9746)
4(13243 9748 13241 5412)
4(2482 8456 13241 9748)
4(13243 5412 13242 9780)
4(2502 9780 13242 8517)
4(2503 9748 13241 8520)
4(2503 8520 13242 9780)
4(13244 8458 12463 5413)
4(13244 5413 13187 8459)
4(13245 5413 12463 8518)
4(13245 8520 13241 5413)
4(13245 5413 13244 8523)
4(2023 8523 13244 8458)
4(2023 8518 13245 8523)
4(13246 9747 13187 5413)
4(13246 5413 13241 9748)
4(13246 9750 13244 5413)
4(2483 8459 13244 9750)
4(13246 5413 13245 9782)
4(2503 9782 13245 8520)
4(2504 9750 13244 8523)
4(2504 8523 13245 9782)
4(13247 8461 12464 5414)
4(13247 5414 13190 8462)
4(13248 5414 12464 8521)
4(13248 8523 13244 5414)
4(13248 5414 13247 8526)
4(2024 8526 13247 8461)
4(2024 8521 13248 8526)
4(13249 9749 13190 5414)
4(13249 5414 13244 9750)
4(13249 9752 13247 5414)
4(2484 8462 13247 9752)
4(13249 5414 13248 9784)
4(2504 9784 13248 8523)
4(2505 9752 13247 8526)
4(2505 8526 13248 9784)
4(13250 8464 12465 5415)
4(13250 5415 13193 8465)
4(13251 5415 12465 8524)
4(13251 8526 13247 5415)
4(13251 5415 13250 8529)
4(2025 8529 13250 8464)
4(2025 8524 13251 8529)
4(13252 9751 13193 5415)
4(13252 5415 13247 9752)
4(13252 9754 13250 5415)
4(2485 8465 13250 9754)
4(13252 5415 13251 9786)
4(2505 9786 13251 8526)
4(2506 9754 13250 8529)
4(2506 8529 13251 9786)
4(13253 8467 12466 5416)
4(13253 5416 13196 8468)
4(13254 5416 12466 8527)
4(13254 8529 13250 5416)
4(13254 5416 13253 8532)
4(2026 8532 13253 8467)
4(2026 8527 13254 8532)
4(13255 9753 13196 5416)
4(13255 5416 13250 9754)
4(13255 9756 13253 5416)
4(2486 8468 13253 9756)
4(13255 5416 13254 9788)
4(2506 9788 13254 8529)
4(2507 9756 13253 8532)
4(2507 8532 13254 9788)
4(13256 8470 12467 5417)
4(13256 5417 13199 8471)
4(13257 5417 12467 8530)
4(13257 8532 13253 5417)
4(13257 5417 13256 8535)
4(2027 8535 13256 8470)
4(2027 8530 13257 8535)
4(13258 9755 13199 5417)
4(13258 5417 13253 9756)
4(13258 9758 13256 5417)
4(2487 8471 13256 9758)
4(13258 5417 13257 9790)
4(2507 9790 13257 8532)
4(2508 9758 13256 8535)
4(2508 8535 13257 9790)
4(13259 8473 12468 5418)
4(13259 5418 13202 8474)
4(13260 5418 12468 8533)
4(13260 8535 13256 5418)
4(13260 5418 13259 8538)
4(2028 8538 13259 8473)
4(2028 8533 13260 8538)
4(13261 9757 13202 5418)
4(13261 5418 13256 9758)
4(13261 9760 13259 5418)
4(2488 8474 13259 9760)
4(13261 5418 13260 9792)
4(2508 9792 13260 8535)
4(2509 9760 13259 8538)
4(2509 8538 13260 9792)
4(13262 8476 12469 5419)
4(13262 5419 13205 8477)
4(13263 5419 12469 8536)
4(13263 8538 13259 5419)
4(13263 5419 13262 8541)
4(2029 8541 13262 8476)
4(2029 8536 13263 8541)
4(13264 9759 13205 5419)
4(13264 5419 13259 9760)
4(13264 9762 13262 5419)
4(2489 8477 13262 9762)
4(13264 5419 13263 9794)
4(2509 9794 13263 8538)
4(2510 9762 13262 8541)
4(2510 8541 13263 9794)
4(13265 8479 12470 5420)
4(13265 5420 13208 8480)
4(13266 5420 12470 8539)
4(13266 8541 13262 5420)
4(13266 5420 13265 8544)
4(2030 8544 13265 8479)
4(2030 8539 13266 8544)
4(13267 9761 13208 5420)
4(13267 5420 13262 9762)
4(13267 9763 13265 5420)
4(2490 8480 13265 9763)
4(13267 5420 13266 9796)
4(2510 9796 13266 8541)
4(2511 9763 13265 8544)
4(2511 8544 13266 9796)
4(13268 8482 12472 5421)
4(13268 5421 13211 8483)
4(13269 5421 12472 8542)
4(13269 8544 13265 5421)
4(13269 5421 13268 8547)
4(2031 8547 13268 8482)
4(2031 8542 13269 8547)
4(13270 3792 13211 5421)
4(13270 5421 13265 9763)
4(13270 3794 13268 5421)
4(2491 8483 13268 3794)
4(13270 5421 13269 9798)
4(2511 9798 13269 8544)
4(2512 3794 13268 8547)
4(2512 8547 13269 9798)
4(13271 8484 12475 5422)
4(13271 5422 13212 8485)
4(13272 5422 12475 8545)
4(13272 8547 13268 5422)
4(13272 5422 13271 8550)
4(2032 8545 13272 8550)
4(4459 3793 13212 5422)
4(4459 5422 13268 3794)
4(4459 3795 13271 5422)
4(13272 3800 4459 5422)
4(2512 3800 13272 8547)
4(2513 8550 13272 3800)
4(13275 8489 12480 5423)
4(13275 5423 13214 8490)
4(13276 5423 12480 8552)
4(13276 8554 13274 5423)
4(13276 5423 13275 8557)
4(2034 8557 13275 8489)
4(2034 8552 13276 8557)
4(4460 3799 13275 5423)
4(2493 8490 13275 3799)
4(13276 3804 4460 5423)
4(2514 3804 13276 8554)
4(2515 3799 13275 8557)
4(2515 8557 13276 3804)
4(13277 8492 12481 5424)
4(13277 5424 13216 8493)
4(2013 8488 12481 8492)
4(13278 5424 12481 8555)
4(13278 8557 13275 5424)
4(2034 8555 12481 8489)
4(13278 5424 13277 8560)
4(2035 8560 13277 8492)
4(2035 8555 13278 8560)
4(2035 8492 12481 8555)
4(13279 3798 13216 5424)
4(13279 5424 13275 3799)
4(13279 9765 13277 5424)
4(2494 8493 13277 9765)
4(13279 5424 13278 9801)
4(2515 9801 13278 8557)
4(2516 9765 13277 8560)
4(2516 8560 13278 9801)
4(13280 8495 12482 5425)
4(13280 5425 13218 8496)
4(13281 5425 12482 8558)
4(13281 8560 13277 5425)
4(13281 5425 13280 8563)
4(2036 8563 13280 8495)
4(2036 8558 13281 8563)
4(13282 9764 13218 5425)
4(13282 5425 13277 9765)
4(13282 9767 13280 5425)
4(2495 8496 13280 9767)
4(13282 5425 13281 9802)
4(2516 9802 13281 8560)
4(2517 9767 13280 8563)
4(2517 8563 13281 9802)
4(13283 8498 12483 5426)
4(13283 5426 13221 8499)
4(13284 5426 12483 8561)
4(13284 8563 13280 5426)
4(13284 5426 13283 8566)
4(2037 8566 13283 8498)
4(2037 8561 13284 8566)
4(13285 9766 13221 5426)
4(13285 5426 13280 9767)
4(13285 9769 13283 5426)
4(2496 8499 13283 9769)
4(13285 5426 13284 9804)
4(2517 9804 13284 8563)
4(2518 9769 13283 8566)
4(2518 8566 13284 9804)
4(13286 8501 12484 5427)
4(13286 5427 13224 8502)
4(13287 5427 12484 8564)
4(13287 8566 13283 5427)
4(13287 5427 13286 8569)
4(2038 8569 13286 8501)
4(2038 8564 13287 8569)
4(13288 9768 13224 5427)
4(13288 5427 13283 9769)
4(13288 9771 13286 5427)
4(2497 8502 13286 9771)
4(13288 5427 13287 9806)
4(2518 9806 13287 8566)
4(2519 9771 13286 8569)
4(2519 8569 13287 9806)
4(13289 8504 12485 5428)
4(13289 5428 13227 8505)
4(13290 5428 12485 8567)
4(13290 8569 13286 5428)
4(13290 5428 13289 8572)
4(2039 8572 13289 8504)
4(2039 8567 13290 8572)
4(13291 9770 13227 5428)
4(13291 5428 13286 9771)
4(13291 9773 13289 5428)
4(2498 8505 13289 9773)
4(13291 5428 13290 9808)
4(2519 9808 13290 8569)
4(2520 9773 13289 8572)
4(2520 8572 13290 9808)
4(13292 8507 12486 5429)
4(13292 5429 13230 8508)
4(13293 5429 12486 8570)
4(13293 8572 13289 5429)
4(13293 5429 13292 8575)
4(2040 8575 13292 8507)
4(2040 8570 13293 8575)
4(13294 9772 13230 5429)
4(13294 5429 13289 9773)
4(13294 9775 13292 5429)
4(2499 8508 13292 9775)
4(13294 5429 13293 9810)
4(2520 9810 13293 8572)
4(2521 9775 13292 8575)
4(2521 8575 13293 9810)
4(13295 8510 12487 5430)
4(13295 5430 13233 8511)
4(13296 5430 12487 8573)
4(13296 8575 13292 5430)
4(13296 5430 13295 8578)
4(2041 8578 13295 8510)
4(2041 8573 13296 8578)
4(13297 9774 13233 5430)
4(13297 5430 13292 9775)
4(13297 9777 13295 5430)
4(2500 8511 13295 9777)
4(13297 5430 13296 9812)
4(2521 9812 13296 8575)
4(2522 9777 13295 8578)
4(2522 8578 13296 9812)
4(13298 8513 12488 5431)
4(13298 5431 13236 8514)
4(13299 5431 12488 8576)
4(13299 8578 13295 5431)
4(13299 5431 13298 8581)
4(2042 8581 13298 8513)
4(2042 8576 13299 8581)
4(13300 9776 13236 5431)
4(13300 5431 13295 9777)
4(13300 9779 13298 5431)
4(2501 8514 13298 9779)
4(13300 5431 13299 9814)
4(2522 9814 13299 8578)
4(2523 9779 13298 8581)
4(2523 8581 13299 9814)
4(13301 8516 12489 5432)
4(13301 5432 13239 8517)
4(13302 5432 12489 8579)
4(13302 8581 13298 5432)
4(13302 5432 13301 8584)
4(2043 8584 13301 8516)
4(2043 8579 13302 8584)
4(13303 9778 13239 5432)
4(13303 5432 13298 9779)
4(13303 9781 13301 5432)
4(2502 8517 13301 9781)
4(13303 5432 13302 9816)
4(2523 9816 13302 8581)
4(2524 9781 13301 8584)
4(2524 8584 13302 9816)
4(13304 8519 12490 5433)
4(13304 5433 13242 8520)
4(13305 5433 12490 8582)
4(13305 8584 13301 5433)
4(13305 5433 13304 8587)
4(2044 8587 13304 8519)
4(2044 8582 13305 8587)
4(13306 9780 13242 5433)
4(13306 5433 13301 9781)
4(13306 9783 13304 5433)
4(2503 8520 13304 9783)
4(13306 5433 13305 9818)
4(2524 9818 13305 8584)
4(2525 9783 13304 8587)
4(2525 8587 13305 9818)
4(13307 8522 12491 5434)
4(13307 5434 13245 8523)
4(13308 5434 12491 8585)
4(13308 8587 13304 5434)
4(13308 5434 13307 8590)
4(2045 8590 13307 8522)
4(2045 8585 13308 8590)
4(13309 9782 13245 5434)
4(13309 5434 13304 9783)
4(13309 9785 13307 5434)
4(2504 8523 13307 9785)
4(13309 5434 13308 9820)
4(2525 9820 13308 8587)
4(2526 9785 13307 8590)
4(2526 8590 13308 9820)
4(13310 8525 12492 5435)
4(13310 5435 13248 8526)
4(13311 5435 12492 8588)
4(13311 8590 13307 5435)
4(13311 5435 13310 8593)
4(2046 8593 13310 8525)
4(2046 8588 13311 8593)
4(13312 9784 13248 5435)
4(13312 5435 13307 9785)
4(13312 9787 13310 5435)
4(2505 8526 13310 9787)
4(13312 5435 13311 9822)
4(2526 9822 13311 8590)
4(2527 9787 13310 8593)
4(2527 8593 13311 9822)
4(13313 8528 12493 5436)
4(13313 5436 13251 8529)
4(13314 5436 12493 8591)
4(13314 8593 13310 5436)
4(13314 5436 13313 8596)
4(2047 8596 13313 8528)
4(2047 8591 13314 8596)
4(13315 9786 13251 5436)
4(13315 5436 13310 9787)
4(13315 9789 13313 5436)
4(2506 8529 13313 9789)
4(13315 5436 13314 9824)
4(2527 9824 13314 8593)
4(2528 9789 13313 8596)
4(2528 8596 13314 9824)
4(13316 8531 12494 5437)
4(13316 5437 13254 8532)
4(13317 5437 12494 8594)
4(13317 8596 13313 5437)
4(13317 5437 13316 8599)
4(2048 8599 13316 8531)
4(2048 8594 13317 8599)
4(13318 9788 13254 5437)
4(13318 5437 13313 9789)
4(13318 9791 13316 5437)
4(2507 8532 13316 9791)
4(13318 5437 13317 9826)
4(2528 9826 13317 8596)
4(2529 9791 13316 8599)
4(2529 8599 13317 9826)
4(13319 8534 12495 5438)
4(13319 5438 13257 8535)
4(13320 5438 12495 8597)
4(13320 8599 13316 5438)
4(13320 5438 13319 8602)
4(2049 8602 13319 8534)
4(2049 8597 13320 8602)
4(13321 9790 13257 5438)
4(13321 5438 13316 9791)
4(13321 9793 13319 5438)
4(2508 8535 13319 9793)
4(13321 5438 13320 9828)
4(2529 9828 13320 8599)
4(2530 9793 13319 8602)
4(2530 8602 13320 9828)
4(13322 8537 12496 5439)
4(13322 5439 13260 8538)
4(13323 5439 12496 8600)
4(13323 8602 13319 5439)
4(13323 5439 13322 8605)
4(2050 8605 13322 8537)
4(2050 8600 13323 8605)
4(13324 9792 13260 5439)
4(13324 5439 13319 9793)
4(13324 9795 13322 5439)
4(2509 8538 13322 9795)
4(13324 5439 13323 9830)
4(2530 9830 13323 8602)
4(2531 9795 13322 8605)
4(2531 8605 13323 9830)
4(13325 8540 12497 5440)
4(13325 5440 13263 8541)
4(13326 5440 12497 8603)
4(13326 8605 13322 5440)
4(13326 5440 13325 8608)
4(2051 8608 13325 8540)
4(2051 8603 13326 8608)
4(13327 9794 13263 5440)
4(13327 5440 13322 9795)
4(13327 9797 13325 5440)
4(2510 8541 13325 9797)
4(13327 5440 13326 9832)
4(2531 9832 13326 8605)
4(2532 9797 13325 8608)
4(2532 8608 13326 9832)
4(13328 8543 12498 5441)
4(13328 5441 13266 8544)
4(13329 5441 12498 8606)
4(13329 8608 13325 5441)
4(13329 5441 13328 8611)
4(2052 8611 13328 8543)
4(2052 8606 13329 8611)
4(13330 9796 13266 5441)
4(13330 5441 13325 9797)
4(13330 9799 13328 5441)
4(2511 8544 13328 9799)
4(13330 5441 13329 9834)
4(2532 9834 13329 8608)
4(2533 9799 13328 8611)
4(2533 8611 13329 9834)
4(13331 8546 12499 5442)
4(13331 5442 13269 8547)
4(13332 5442 12499 8609)
4(13332 8611 13328 5442)
4(13332 5442 13331 8614)
4(2053 8614 13331 8546)
4(2053 8609 13332 8614)
4(13333 9798 13269 5442)
4(13333 5442 13328 9799)
4(13333 9800 13331 5442)
4(2512 8547 13331 9800)
4(13333 5442 13332 9836)
4(2533 9836 13332 8611)
4(2534 9800 13331 8614)
4(2534 8614 13332 9836)
4(13334 8549 12501 5443)
4(13334 5443 13272 8550)
4(2032 8545 12501 8549)
4(13335 5443 12501 8612)
4(13335 8614 13331 5443)
4(2053 8612 12501 8546)
4(13335 5443 13334 8617)
4(2054 8617 13334 8549)
4(2054 8612 13335 8617)
4(2054 8549 12501 8612)
4(13336 3800 13272 5443)
4(13336 5443 13331 9800)
4(13336 3802 13334 5443)
4(2513 8550 13334 3802)
4(13336 5443 13335 9838)
4(2534 9838 13335 8614)
4(2535 3802 13334 8617)
4(2535 8617 13335 9838)
4(13338 5444 12504 8615)
4(13338 8617 13334 5444)
4(13338 5444 13337 8619)
4(2055 8615 13338 8619)
4(4461 5444 13334 3802)
4(13338 3807 4461 5444)
4(2535 3807 13338 8617)
4(2536 8619 13338 3807)
4(13341 8556 12509 5445)
4(13341 5445 13276 8557)
4(13342 5445 12509 8621)
4(13342 8623 13339 5445)
4(13342 5445 13341 8626)
4(2057 8626 13341 8556)
4(2057 8621 13342 8626)
4(4462 3804 13276 5445)
4(4462 5445 13339 3805)
4(4462 3806 13341 5445)
4(2515 8557 13341 3806)
4(13342 3811 4462 5445)
4(2537 3811 13342 8623)
4(2538 3806 13341 8626)
4(2538 8626 13342 3811)
4(13343 8559 12510 5446)
4(13343 5446 13278 8560)
4(13344 5446 12510 8624)
4(13344 8626 13341 5446)
4(13344 5446 13343 8629)
4(2058 8629 13343 8559)
4(2058 8624 13344 8629)
4(13345 9801 13278 5446)
4(13345 5446 13341 3806)
4(13345 9803 13343 5446)
4(2516 8560 13343 9803)
4(13345 5446 13344 9840)
4(2538 9840 13344 8626)
4(2539 9803 13343 8629)
4(2539 8629 13344 9840)
4(13346 8562 12511 5447)
4(13346 5447 13281 8563)
4(13347 5447 12511 8627)
4(13347 8629 13343 5447)
4(13347 5447 13346 8632)
4(2059 8632 13346 8562)
4(2059 8627 13347 8632)
4(13348 9802 13281 5447)
4(13348 5447 13343 9803)
4(13348 9805 13346 5447)
4(2517 8563 13346 9805)
4(13348 5447 13347 9842)
4(2539 9842 13347 8629)
4(2540 9805 13346 8632)
4(2540 8632 13347 9842)
4(13349 8565 12512 5448)
4(13349 5448 13284 8566)
4(13350 5448 12512 8630)
4(13350 8632 13346 5448)
4(13350 5448 13349 8635)
4(2060 8635 13349 8565)
4(2060 8630 13350 8635)
4(13351 9804 13284 5448)
4(13351 5448 13346 9805)
4(13351 9807 13349 5448)
4(2518 8566 13349 9807)
4(13351 5448 13350 9844)
4(2540 9844 13350 8632)
4(2541 9807 13349 8635)
4(2541 8635 13350 9844)
4(13352 8568 12513 5449)
4(13352 5449 13287 8569)
4(13353 5449 12513 8633)
4(13353 8635 13349 5449)
4(13353 5449 13352 8638)
4(2061 8638 13352 8568)
4(2061 8633 13353 8638)
4(13354 9806 13287 5449)
4(13354 5449 13349 9807)
4(13354 9809 13352 5449)
4(2519 8569 13352 9809)
4(13354 5449 13353 9846)
4(2541 9846 13353 8635)
4(2542 9809 13352 8638)
4(2542 8638 13353 9846)
4(13355 8571 12514 5450)
4(13355 5450 13290 8572)
4(13356 5450 12514 8636)
4(13356 8638 13352 5450)
4(13356 5450 13355 8641)
4(2062 8641 13355 8571)
4(2062 8636 13356 8641)
4(13357 9808 13290 5450)
4(13357 5450 13352 9809)
4(13357 9811 13355 5450)
4(2520 8572 13355 9811)
4(13357 5450 13356 9848)
4(2542 9848 13356 8638)
4(2543 9811 13355 8641)
4(2543 8641 13356 9848)
4(13358 8574 12515 5451)
4(13358 5451 13293 8575)
4(13359 5451 12515 8639)
4(13359 8641 13355 5451)
4(13359 5451 13358 8644)
4(2063 8644 13358 8574)
4(2063 8639 13359 8644)
4(13360 9810 13293 5451)
4(13360 5451 13355 9811)
4(13360 9813 13358 5451)
4(2521 8575 13358 9813)
4(13360 5451 13359 9850)
4(2543 9850 13359 8641)
4(2544 9813 13358 8644)
4(2544 8644 13359 9850)
4(13361 8577 12516 5452)
4(13361 5452 13296 8578)
4(13362 5452 12516 8642)
4(13362 8644 13358 5452)
4(13362 5452 13361 8647)
4(2064 8647 13361 8577)
4(2064 8642 13362 8647)
4(13363 9812 13296 5452)
4(13363 5452 13358 9813)
4(13363 9815 13361 5452)
4(2522 8578 13361 9815)
4(13363 5452 13362 9852)
4(2544 9852 13362 8644)
4(2545 9815 13361 8647)
4(2545 8647 13362 9852)
4(13364 8580 12517 5453)
4(13364 5453 13299 8581)
4(13365 5453 12517 8645)
4(13365 8647 13361 5453)
4(13365 5453 13364 8650)
4(2065 8650 13364 8580)
4(2065 8645 13365 8650)
4(13366 9814 13299 5453)
4(13366 5453 13361 9815)
4(13366 9817 13364 5453)
4(2523 8581 13364 9817)
4(13366 5453 13365 9854)
4(2545 9854 13365 8647)
4(2546 9817 13364 8650)
4(2546 8650 13365 9854)
4(13367 8583 12518 5454)
4(13367 5454 13302 8584)
4(13368 5454 12518 8648)
4(13368 8650 13364 5454)
4(13368 5454 13367 8653)
4(2066 8653 13367 8583)
4(2066 8648 13368 8653)
4(13369 9816 13302 5454)
4(13369 5454 13364 9817)
4(13369 9819 13367 5454)
4(2524 8584 13367 9819)
4(13369 5454 13368 9856)
4(2546 9856 13368 8650)
4(2547 9819 13367 8653)
4(2547 8653 13368 9856)
4(13370 8586 12519 5455)
4(13370 5455 13305 8587)
4(13371 5455 12519 8651)
4(13371 8653 13367 5455)
4(13371 5455 13370 8656)
4(2067 8656 13370 8586)
4(2067 8651 13371 8656)
4(13372 9818 13305 5455)
4(13372 5455 13367 9819)
4(13372 9821 13370 5455)
4(2525 8587 13370 9821)
4(13372 5455 13371 9858)
4(2547 9858 13371 8653)
4(2548 9821 13370 8656)
4(2548 8656 13371 9858)
4(13373 8589 12520 5456)
4(13373 5456 13308 8590)
4(13374 5456 12520 8654)
4(13374 8656 13370 5456)
4(13374 5456 13373 8659)
4(2068 8659 13373 8589)
4(2068 8654 13374 8659)
4(13375 9820 13308 5456)
4(13375 5456 13370 9821)
4(13375 9823 13373 5456)
4(2526 8590 13373 9823)
4(13375 5456 13374 9860)
4(2548 9860 13374 8656)
4(2549 9823 13373 8659)
4(2549 8659 13374 9860)
4(13376 8592 12521 5457)
4(13376 5457 13311 8593)
4(13377 5457 12521 8657)
4(13377 8659 13373 5457)
4(13377 5457 13376 8662)
4(2069 8662 13376 8592)
4(2069 8657 13377 8662)
4(13378 9822 13311 5457)
4(13378 5457 13373 9823)
4(13378 9825 13376 5457)
4(2527 8593 13376 9825)
4(13378 5457 13377 9862)
4(2549 9862 13377 8659)
4(2550 9825 13376 8662)
4(2550 8662 13377 9862)
4(13379 8595 12522 5458)
4(13379 5458 13314 8596)
4(13380 5458 12522 8660)
4(13380 8662 13376 5458)
4(13380 5458 13379 8665)
4(2070 8665 13379 8595)
4(2070 8660 13380 8665)
4(13381 9824 13314 5458)
4(13381 5458 13376 9825)
4(13381 9827 13379 5458)
4(2528 8596 13379 9827)
4(13381 5458 13380 9864)
4(2550 9864 13380 8662)
4(2551 9827 13379 8665)
4(2551 8665 13380 9864)
4(13382 8598 12523 5459)
4(13382 5459 13317 8599)
4(13383 5459 12523 8663)
4(13383 8665 13379 5459)
4(13383 5459 13382 8668)
4(2071 8668 13382 8598)
4(2071 8663 13383 8668)
4(13384 9826 13317 5459)
4(13384 5459 13379 9827)
4(13384 9829 13382 5459)
4(2529 8599 13382 9829)
4(13384 5459 13383 9866)
4(2551 9866 13383 8665)
4(2552 9829 13382 8668)
4(2552 8668 13383 9866)
4(13385 8601 12524 5460)
4(13385 5460 13320 8602)
4(13386 5460 12524 8666)
4(13386 8668 13382 5460)
4(13386 5460 13385 8671)
4(2072 8671 13385 8601)
4(2072 8666 13386 8671)
4(13387 9828 13320 5460)
4(13387 5460 13382 9829)
4(13387 9831 13385 5460)
4(2530 8602 13385 9831)
4(13387 5460 13386 9868)
4(2552 9868 13386 8668)
4(2553 9831 13385 8671)
4(2553 8671 13386 9868)
4(13388 8604 12525 5461)
4(13388 5461 13323 8605)
4(13389 5461 12525 8669)
4(13389 8671 13385 5461)
4(13389 5461 13388 8674)
4(2073 8674 13388 8604)
4(2073 8669 13389 8674)
4(13390 9830 13323 5461)
4(13390 5461 13385 9831)
4(13390 9833 13388 5461)
4(2531 8605 13388 9833)
4(13390 5461 13389 9870)
4(2553 9870 13389 8671)
4(2554 9833 13388 8674)
4(2554 8674 13389 9870)
4(13391 8607 12526 5462)
4(13391 5462 13326 8608)
4(13392 5462 12526 8672)
4(13392 8674 13388 5462)
4(13392 5462 13391 8677)
4(2074 8677 13391 8607)
4(2074 8672 13392 8677)
4(13393 9832 13326 5462)
4(13393 5462 13388 9833)
4(13393 9835 13391 5462)
4(2532 8608 13391 9835)
4(13393 5462 13392 9872)
4(2554 9872 13392 8674)
4(2555 9835 13391 8677)
4(2555 8677 13392 9872)
4(13394 8610 12527 5463)
4(13394 5463 13329 8611)
4(13395 5463 12527 8675)
4(13395 8677 13391 5463)
4(13395 5463 13394 8680)
4(2075 8680 13394 8610)
4(2075 8675 13395 8680)
4(13396 9834 13329 5463)
4(13396 5463 13391 9835)
4(13396 9837 13394 5463)
4(2533 8611 13394 9837)
4(13396 5463 13395 9874)
4(2555 9874 13395 8677)
4(2556 9837 13394 8680)
4(2556 8680 13395 9874)
4(13397 8613 12528 5464)
4(13397 5464 13332 8614)
4(13398 5464 12528 8678)
4(13398 8680 13394 5464)
4(13398 5464 13397 8683)
4(2076 8683 13397 8613)
4(2076 8678 13398 8683)
4(13399 9836 13332 5464)
4(13399 5464 13394 9837)
4(13399 9839 13397 5464)
4(2534 8614 13397 9839)
4(13399 5464 13398 9876)
4(2556 9876 13398 8680)
4(2557 9839 13397 8683)
4(2557 8683 13398 9876)
4(13400 8616 12530 5465)
4(13400 5465 13335 8617)
4(13401 5465 12530 8681)
4(13401 8683 13397 5465)
4(13401 5465 13400 8686)
4(2077 8686 13400 8616)
4(2077 8681 13401 8686)
4(13402 9838 13335 5465)
4(13402 5465 13397 9839)
4(13402 3808 13400 5465)
4(2535 8617 13400 3808)
4(13402 5465 13401 9878)
4(2557 9878 13401 8683)
4(2558 3808 13400 8686)
4(2558 8686 13401 9878)
4(13403 8618 12533 5466)
4(13403 5466 13338 8619)
4(13404 5466 12533 8684)
4(13404 8686 13400 5466)
4(13404 5466 13403 8689)
4(2078 8684 13404 8689)
4(4463 3807 13338 5466)
4(4463 5466 13400 3808)
4(4463 3809 13403 5466)
4(13404 3813 4463 5466)
4(2558 3813 13404 8686)
4(2559 8689 13404 3813)
4(13406 8622 12537 5467)
4(13406 5467 13340 8623)
4(13407 5467 13406 8694)
4(2079 8694 13406 8622)
4(2079 8690 13407 8694)
4(4464 3812 13406 5467)
4(2537 8623 13406 3812)
4(2560 3812 13406 8694)
4(2560 8694 13407 3816)
4(13408 8625 12540 5468)
4(13408 5468 13342 8626)
4(13409 5468 12540 8692)
4(13409 8694 13406 5468)
4(13409 5468 13408 8697)
4(2080 8697 13408 8625)
4(2080 8692 13409 8697)
4(13410 3811 13342 5468)
4(13410 5468 13406 3812)
4(13410 9841 13408 5468)
4(2538 8626 13408 9841)
4(13410 5468 13409 9881)
4(2560 9881 13409 8694)
4(2561 9841 13408 8697)
4(2561 8697 13409 9881)
4(13411 8628 12541 5469)
4(13411 5469 13344 8629)
4(13412 5469 12541 8695)
4(13412 8697 13408 5469)
4(13412 5469 13411 8700)
4(2081 8700 13411 8628)
4(2081 8695 13412 8700)
4(13413 9840 13344 5469)
4(13413 5469 13408 9841)
4(13413 9843 13411 5469)
4(2539 8629 13411 9843)
4(13413 5469 13412 9882)
4(2561 9882 13412 8697)
4(2562 9843 13411 8700)
4(2562 8700 13412 9882)
4(13414 8631 12542 5470)
4(13414 5470 13347 8632)
4(13415 5470 12542 8698)
4(13415 8700 13411 5470)
4(13415 5470 13414 8703)
4(2082 8703 13414 8631)
4(2082 8698 13415 8703)
4(13416 9842 13347 5470)
4(13416 5470 13411 9843)
4(13416 9845 13414 5470)
4(2540 8632 13414 9845)
4(13416 5470 13415 9884)
4(2562 9884 13415 8700)
4(2563 9845 13414 8703)
4(2563 8703 13415 9884)
4(13417 8634 12543 5471)
4(13417 5471 13350 8635)
4(13418 5471 12543 8701)
4(13418 8703 13414 5471)
4(13418 5471 13417 8706)
4(2083 8706 13417 8634)
4(2083 8701 13418 8706)
4(13419 9844 13350 5471)
4(13419 5471 13414 9845)
4(13419 9847 13417 5471)
4(2541 8635 13417 9847)
4(13419 5471 13418 9886)
4(2563 9886 13418 8703)
4(2564 9847 13417 8706)
4(2564 8706 13418 9886)
4(13420 8637 12544 5472)
4(13420 5472 13353 8638)
4(13421 5472 12544 8704)
4(13421 8706 13417 5472)
4(13421 5472 13420 8709)
4(2084 8709 13420 8637)
4(2084 8704 13421 8709)
4(13422 9846 13353 5472)
4(13422 5472 13417 9847)
4(13422 9849 13420 5472)
4(2542 8638 13420 9849)
4(13422 5472 13421 9888)
4(2564 9888 13421 8706)
4(2565 9849 13420 8709)
4(2565 8709 13421 9888)
4(13423 8640 12545 5473)
4(13423 5473 13356 8641)
4(13424 5473 12545 8707)
4(13424 8709 13420 5473)
4(13424 5473 13423 8712)
4(2085 8712 13423 8640)
4(2085 8707 13424 8712)
4(13425 9848 13356 5473)
4(13425 5473 13420 9849)
4(13425 9851 13423 5473)
4(2543 8641 13423 9851)
4(13425 5473 13424 9890)
4(2565 9890 13424 8709)
4(2566 9851 13423 8712)
4(2566 8712 13424 9890)
4(13426 8643 12546 5474)
4(13426 5474 13359 8644)
4(13427 5474 12546 8710)
4(13427 8712 13423 5474)
4(13427 5474 13426 8715)
4(2086 8715 13426 8643)
4(2086 8710 13427 8715)
4(13428 9850 13359 5474)
4(13428 5474 13423 9851)
4(13428 9853 13426 5474)
4(2544 8644 13426 9853)
4(13428 5474 13427 9892)
4(2566 9892 13427 8712)
4(2567 9853 13426 8715)
4(2567 8715 13427 9892)
4(13429 8646 12547 5475)
4(13429 5475 13362 8647)
4(13430 5475 12547 8713)
4(13430 8715 13426 5475)
4(13430 5475 13429 8718)
4(2087 8718 13429 8646)
4(2087 8713 13430 8718)
4(13431 9852 13362 5475)
4(13431 5475 13426 9853)
4(13431 9855 13429 5475)
4(2545 8647 13429 9855)
4(13431 5475 13430 9894)
4(2567 9894 13430 8715)
4(2568 9855 13429 8718)
4(2568 8718 13430 9894)
4(13432 8649 12548 5476)
4(13432 5476 13365 8650)
4(13433 5476 12548 8716)
4(13433 8718 13429 5476)
4(13433 5476 13432 8721)
4(2088 8721 13432 8649)
4(2088 8716 13433 8721)
4(13434 9854 13365 5476)
4(13434 5476 13429 9855)
4(13434 9857 13432 5476)
4(2546 8650 13432 9857)
4(13434 5476 13433 9896)
4(2568 9896 13433 8718)
4(2569 9857 13432 8721)
4(2569 8721 13433 9896)
4(13435 8652 12549 5477)
4(13435 5477 13368 8653)
4(13436 5477 12549 8719)
4(13436 8721 13432 5477)
4(13436 5477 13435 8724)
4(2089 8724 13435 8652)
4(2089 8719 13436 8724)
4(13437 9856 13368 5477)
4(13437 5477 13432 9857)
4(13437 9859 13435 5477)
4(2547 8653 13435 9859)
4(13437 5477 13436 9898)
4(2569 9898 13436 8721)
4(2570 9859 13435 8724)
4(2570 8724 13436 9898)
4(13438 8655 12550 5478)
4(13438 5478 13371 8656)
4(13439 5478 12550 8722)
4(13439 8724 13435 5478)
4(13439 5478 13438 8727)
4(2090 8727 13438 8655)
4(2090 8722 13439 8727)
4(13440 9858 13371 5478)
4(13440 5478 13435 9859)
4(13440 9861 13438 5478)
4(2548 8656 13438 9861)
4(13440 5478 13439 9900)
4(2570 9900 13439 8724)
4(2571 9861 13438 8727)
4(2571 8727 13439 9900)
4(13441 8658 12551 5479)
4(13441 5479 13374 8659)
4(13442 5479 12551 8725)
4(13442 8727 13438 5479)
4(13442 5479 13441 8730)
4(2091 8730 13441 8658)
4(2091 8725 13442 8730)
4(13443 9860 13374 5479)
4(13443 5479 13438 9861)
4(13443 9863 13441 5479)
4(2549 8659 13441 9863)
4(13443 5479 13442 9902)
4(2571 9902 13442 8727)
4(2572 9863 13441 8730)
4(2572 8730 13442 9902)
4(13444 8661 12552 5480)
4(13444 5480 13377 8662)
4(13445 5480 12552 8728)
4(13445 8730 13441 5480)
4(13445 5480 13444 8733)
4(2092 8733 13444 8661)
4(2092 8728 13445 8733)
4(13446 9862 13377 5480)
4(13446 5480 13441 9863)
4(13446 9865 13444 5480)
4(2550 8662 13444 9865)
4(13446 5480 13445 9904)
4(2572 9904 13445 8730)
4(2573 9865 13444 8733)
4(2573 8733 13445 9904)
4(13447 8664 12553 5481)
4(13447 5481 13380 8665)
4(13448 5481 12553 8731)
4(13448 8733 13444 5481)
4(13448 5481 13447 8736)
4(2093 8736 13447 8664)
4(2093 8731 13448 8736)
4(13449 9864 13380 5481)
4(13449 5481 13444 9865)
4(13449 9867 13447 5481)
4(2551 8665 13447 9867)
4(13449 5481 13448 9906)
4(2573 9906 13448 8733)
4(2574 9867 13447 8736)
4(2574 8736 13448 9906)
4(13450 8667 12554 5482)
4(13450 5482 13383 8668)
4(13451 5482 12554 8734)
4(13451 8736 13447 5482)
4(13451 5482 13450 8739)
4(2094 8739 13450 8667)
4(2094 8734 13451 8739)
4(13452 9866 13383 5482)
4(13452 5482 13447 9867)
4(13452 9869 13450 5482)
4(2552 8668 13450 9869)
4(13452 5482 13451 9908)
4(2574 9908 13451 8736)
4(2575 9869 13450 8739)
4(2575 8739 13451 9908)
4(13453 8670 12555 5483)
4(13453 5483 13386 8671)
4(13454 5483 12555 8737)
4(13454 8739 13450 5483)
4(13454 5483 13453 8742)
4(2095 8742 13453 8670)
4(2095 8737 13454 8742)
4(13455 9868 13386 5483)
4(13455 5483 13450 9869)
4(13455 9871 13453 5483)
4(2553 8671 13453 9871)
4(13455 5483 13454 9910)
4(2575 9910 13454 8739)
4(2576 9871 13453 8742)
4(2576 8742 13454 9910)
4(13456 8673 12556 5484)
4(13456 5484 13389 8674)
4(13457 5484 12556 8740)
4(13457 8742 13453 5484)
4(13457 5484 13456 8745)
4(2096 8745 13456 8673)
4(2096 8740 13457 8745)
4(13458 9870 13389 5484)
4(13458 5484 13453 9871)
4(13458 9873 13456 5484)
4(2554 8674 13456 9873)
4(13458 5484 13457 9912)
4(2576 9912 13457 8742)
4(2577 9873 13456 8745)
4(2577 8745 13457 9912)
4(13459 8676 12557 5485)
4(13459 5485 13392 8677)
4(13460 5485 12557 8743)
4(13460 8745 13456 5485)
4(13460 5485 13459 8748)
4(2097 8748 13459 8676)
4(2097 8743 13460 8748)
4(13461 9872 13392 5485)
4(13461 5485 13456 9873)
4(13461 9875 13459 5485)
4(2555 8677 13459 9875)
4(13461 5485 13460 9914)
4(2577 9914 13460 8745)
4(2578 9875 13459 8748)
4(2578 8748 13460 9914)
4(13462 8679 12558 5486)
4(13462 5486 13395 8680)
4(13463 5486 12558 8746)
4(13463 8748 13459 5486)
4(13463 5486 13462 8751)
4(2098 8751 13462 8679)
4(2098 8746 13463 8751)
4(13464 9874 13395 5486)
4(13464 5486 13459 9875)
4(13464 9877 13462 5486)
4(2556 8680 13462 9877)
4(13464 5486 13463 9916)
4(2578 9916 13463 8748)
4(2579 9877 13462 8751)
4(2579 8751 13463 9916)
4(13465 8682 12559 5487)
4(13465 5487 13398 8683)
4(13466 5487 12559 8749)
4(13466 8751 13462 5487)
4(13466 5487 13465 8754)
4(2099 8754 13465 8682)
4(2099 8749 13466 8754)
4(13467 9876 13398 5487)
4(13467 5487 13462 9877)
4(13467 9879 13465 5487)
4(2557 8683 13465 9879)
4(13467 5487 13466 9918)
4(2579 9918 13466 8751)
4(2580 9879 13465 8754)
4(2580 8754 13466 9918)
4(13468 8685 12561 5488)
4(13468 5488 13401 8686)
4(13469 5488 12561 8752)
4(13469 8754 13465 5488)
4(13469 5488 13468 8757)
4(2100 8757 13468 8685)
4(2100 8752 13469 8757)
4(13470 9878 13401 5488)
4(13470 5488 13465 9879)
4(13470 9880 13468 5488)
4(2558 8686 13468 9880)
4(13470 5488 13469 9920)
4(2580 9920 13469 8754)
4(2581 9880 13468 8757)
4(2581 8757 13469 9920)
4(13471 8688 12564 5489)
4(13471 5489 13404 8689)
4(13472 5489 12564 8755)
4(13472 8757 13468 5489)
4(13472 5489 13471 8760)
4(2101 8760 13471 8688)
4(2101 8755 13472 8760)
4(13473 3813 13404 5489)
4(13473 5489 13468 9880)
4(13473 3815 13471 5489)
4(2559 8689 13471 3815)
4(13473 5489 13472 9922)
4(2581 9922 13472 8757)
4(2582 3815 13471 8760)
4(2582 8760 13472 9922)
4(13474 8760 13471 5490)
4(4465 5490 13471 3815)
4(2582 3819 13474 8760)
4(13476 8693 12570 5491)
4(13476 5491 13407 8694)
4(13477 5491 12570 8762)
4(13477 8764 13475 5491)
4(13477 5491 13476 8767)
4(2103 8767 13476 8693)
4(2103 8762 13477 8767)
4(4466 3818 13476 5491)
4(2560 8694 13476 3818)
4(13477 3822 4466 5491)
4(2583 3822 13477 8764)
4(2584 3818 13476 8767)
4(2584 8767 13477 3822)
4(13478 8696 12571 5492)
4(13478 5492 13409 8697)
4(2080 8692 12571 8696)
4(13479 5492 12571 8765)
4(13479 8767 13476 5492)
4(2103 8765 12571 8693)
4(13479 5492 13478 8770)
4(2104 8770 13478 8696)
4(2104 8765 13479 8770)
4(2104 8696 12571 8765)
4(13480 9881 13409 5492)
4(13480 5492 13476 3818)
4(13480 9883 13478 5492)
4(2561 8697 13478 9883)
4(13480 5492 13479 9924)
4(2584 9924 13479 8767)
4(2585 9883 13478 8770)
4(2585 8770 13479 9924)
4(13481 8699 12572 5493)
4(13481 5493 13412 8700)
4(13482 5493 12572 8768)
4(13482 8770 13478 5493)
4(13482 5493 13481 8773)
4(2105 8773 13481 8699)
4(2105 8768 13482 8773)
4(13483 9882 13412 5493)
4(13483 5493 13478 9883)
4(13483 9885 13481 5493)
4(2562 8700 13481 9885)
4(13483 5493 13482 9925)
4(2585 9925 13482 8770)
4(2586 9885 13481 8773)
4(2586 8773 13482 9925)
4(13484 8702 12573 5494)
4(13484 5494 13415 8703)
4(13485 5494 12573 8771)
4(13485 8773 13481 5494)
4(13485 5494 13484 8776)
4(2106 8776 13484 8702)
4(2106 8771 13485 8776)
4(13486 9884 13415 5494)
4(13486 5494 13481 9885)
4(13486 9887 13484 5494)
4(2563 8703 13484 9887)
4(13486 5494 13485 9927)
4(2586 9927 13485 8773)
4(2587 9887 13484 8776)
4(2587 8776 13485 9927)
4(13487 8705 12574 5495)
4(13487 5495 13418 8706)
4(13488 5495 12574 8774)
4(13488 8776 13484 5495)
4(13488 5495 13487 8779)
4(2107 8779 13487 8705)
4(2107 8774 13488 8779)
4(13489 9886 13418 5495)
4(13489 5495 13484 9887)
4(13489 9889 13487 5495)
4(2564 8706 13487 9889)
4(13489 5495 13488 9929)
4(2587 9929 13488 8776)
4(2588 9889 13487 8779)
4(2588 8779 13488 9929)
4(13490 8708 12575 5496)
4(13490 5496 13421 8709)
4(13491 5496 12575 8777)
4(13491 8779 13487 5496)
4(13491 5496 13490 8782)
4(2108 8782 13490 8708)
4(2108 8777 13491 8782)
4(13492 9888 13421 5496)
4(13492 5496 13487 9889)
4(13492 9891 13490 5496)
4(2565 8709 13490 9891)
4(13492 5496 13491 9931)
4(2588 9931 13491 8779)
4(2589 9891 13490 8782)
4(2589 8782 13491 9931)
4(13493 8711 12576 5497)
4(13493 5497 13424 8712)
4(13494 5497 12576 8780)
4(13494 8782 13490 5497)
4(13494 5497 13493 8785)
4(2109 8785 13493 8711)
4(2109 8780 13494 8785)
4(13495 9890 13424 5497)
4(13495 5497 13490 9891)
4(13495 9893 13493 5497)
4(2566 8712 13493 9893)
4(13495 5497 13494 9933)
4(2589 9933 13494 8782)
4(2590 9893 13493 8785)
4(2590 8785 13494 9933)
4(13496 8714 12577 5498)
4(13496 5498 13427 8715)
4(13497 5498 12577 8783)
4(13497 8785 13493 5498)
4(13497 5498 13496 8788)
4(2110 8788 13496 8714)
4(2110 8783 13497 8788)
4(13498 9892 13427 5498)
4(13498 5498 13493 9893)
4(13498 9895 13496 5498)
4(2567 8715 13496 9895)
4(13498 5498 13497 9935)
4(2590 9935 13497 8785)
4(2591 9895 13496 8788)
4(2591 8788 13497 9935)
4(13499 8717 12578 5499)
4(13499 5499 13430 8718)
4(13500 5499 12578 8786)
4(13500 8788 13496 5499)
4(13500 5499 13499 8791)
4(2111 8791 13499 8717)
4(2111 8786 13500 8791)
4(13501 9894 13430 5499)
4(13501 5499 13496 9895)
4(13501 9897 13499 5499)
4(2568 8718 13499 9897)
4(13501 5499 13500 9937)
4(2591 9937 13500 8788)
4(2592 9897 13499 8791)
4(2592 8791 13500 9937)
4(13502 8720 12579 5500)
4(13502 5500 13433 8721)
4(13503 5500 12579 8789)
4(13503 8791 13499 5500)
4(13503 5500 13502 8794)
4(2112 8794 13502 8720)
4(2112 8789 13503 8794)
4(13504 9896 13433 5500)
4(13504 5500 13499 9897)
4(13504 9899 13502 5500)
4(2569 8721 13502 9899)
4(13504 5500 13503 9939)
4(2592 9939 13503 8791)
4(2593 9899 13502 8794)
4(2593 8794 13503 9939)
4(13505 8723 12580 5501)
4(13505 5501 13436 8724)
4(13506 5501 12580 8792)
4(13506 8794 13502 5501)
4(13506 5501 13505 8797)
4(2113 8797 13505 8723)
4(2113 8792 13506 8797)
4(13507 9898 13436 5501)
4(13507 5501 13502 9899)
4(13507 9901 13505 5501)
4(2570 8724 13505 9901)
4(13507 5501 13506 9941)
4(2593 9941 13506 8794)
4(2594 9901 13505 8797)
4(2594 8797 13506 9941)
4(13508 8726 12581 5502)
4(13508 5502 13439 8727)
4(13509 5502 12581 8795)
4(13509 8797 13505 5502)
4(13509 5502 13508 8800)
4(2114 8800 13508 8726)
4(2114 8795 13509 8800)
4(13510 9900 13439 5502)
4(13510 5502 13505 9901)
4(13510 9903 13508 5502)
4(2571 8727 13508 9903)
4(13510 5502 13509 9943)
4(2594 9943 13509 8797)
4(2595 9903 13508 8800)
4(2595 8800 13509 9943)
4(13511 8729 12582 5503)
4(13511 5503 13442 8730)
4(13512 5503 12582 8798)
4(13512 8800 13508 5503)
4(13512 5503 13511 8803)
4(2115 8803 13511 8729)
4(2115 8798 13512 8803)
4(13513 9902 13442 5503)
4(13513 5503 13508 9903)
4(13513 9905 13511 5503)
4(2572 8730 13511 9905)
4(13513 5503 13512 9945)
4(2595 9945 13512 8800)
4(2596 9905 13511 8803)
4(2596 8803 13512 9945)
4(13514 8732 12583 5504)
4(13514 5504 13445 8733)
4(13515 5504 12583 8801)
4(13515 8803 13511 5504)
4(13515 5504 13514 8806)
4(2116 8806 13514 8732)
4(2116 8801 13515 8806)
4(13516 9904 13445 5504)
4(13516 5504 13511 9905)
4(13516 9907 13514 5504)
4(2573 8733 13514 9907)
4(13516 5504 13515 9947)
4(2596 9947 13515 8803)
4(2597 9907 13514 8806)
4(2597 8806 13515 9947)
4(13517 8735 12584 5505)
4(13517 5505 13448 8736)
4(13518 5505 12584 8804)
4(13518 8806 13514 5505)
4(13518 5505 13517 8809)
4(2117 8809 13517 8735)
4(2117 8804 13518 8809)
4(13519 9906 13448 5505)
4(13519 5505 13514 9907)
4(13519 9909 13517 5505)
4(2574 8736 13517 9909)
4(13519 5505 13518 9949)
4(2597 9949 13518 8806)
4(2598 9909 13517 8809)
4(2598 8809 13518 9949)
4(13520 8738 12585 5506)
4(13520 5506 13451 8739)
4(13521 5506 12585 8807)
4(13521 8809 13517 5506)
4(13521 5506 13520 8812)
4(2118 8812 13520 8738)
4(2118 8807 13521 8812)
4(13522 9908 13451 5506)
4(13522 5506 13517 9909)
4(13522 9911 13520 5506)
4(2575 8739 13520 9911)
4(13522 5506 13521 9951)
4(2598 9951 13521 8809)
4(2599 9911 13520 8812)
4(2599 8812 13521 9951)
4(13523 8741 12586 5507)
4(13523 5507 13454 8742)
4(13524 5507 12586 8810)
4(13524 8812 13520 5507)
4(13524 5507 13523 8815)
4(2119 8815 13523 8741)
4(2119 8810 13524 8815)
4(13525 9910 13454 5507)
4(13525 5507 13520 9911)
4(13525 9913 13523 5507)
4(2576 8742 13523 9913)
4(13525 5507 13524 9953)
4(2599 9953 13524 8812)
4(2600 9913 13523 8815)
4(2600 8815 13524 9953)
4(13526 8744 12587 5508)
4(13526 5508 13457 8745)
4(13527 5508 12587 8813)
4(13527 8815 13523 5508)
4(13527 5508 13526 8818)
4(2120 8818 13526 8744)
4(2120 8813 13527 8818)
4(13528 9912 13457 5508)
4(13528 5508 13523 9913)
4(13528 9915 13526 5508)
4(2577 8745 13526 9915)
4(13528 5508 13527 9955)
4(2600 9955 13527 8815)
4(2601 9915 13526 8818)
4(2601 8818 13527 9955)
4(13529 8747 12588 5509)
4(13529 5509 13460 8748)
4(13530 5509 12588 8816)
4(13530 8818 13526 5509)
4(13530 5509 13529 8821)
4(2121 8821 13529 8747)
4(2121 8816 13530 8821)
4(13531 9914 13460 5509)
4(13531 5509 13526 9915)
4(13531 9917 13529 5509)
4(2578 8748 13529 9917)
4(13531 5509 13530 9957)
4(2601 9957 13530 8818)
4(2602 9917 13529 8821)
4(2602 8821 13530 9957)
4(13532 8750 12589 5510)
4(13532 5510 13463 8751)
4(13533 5510 12589 8819)
4(13533 8821 13529 5510)
4(13533 5510 13532 8824)
4(2122 8824 13532 8750)
4(2122 8819 13533 8824)
4(13534 9916 13463 5510)
4(13534 5510 13529 9917)
4(13534 9919 13532 5510)
4(2579 8751 13532 9919)
4(13534 5510 13533 9959)
4(2602 9959 13533 8821)
4(2603 9919 13532 8824)
4(2603 8824 13533 9959)
4(13535 8753 12590 5511)
4(13535 5511 13466 8754)
4(13536 5511 12590 8822)
4(13536 8824 13532 5511)
4(13536 5511 13535 8827)
4(2123 8827 13535 8753)
4(2123 8822 13536 8827)
4(13537 9918 13466 5511)
4(13537 5511 13532 9919)
4(13537 9921 13535 5511)
4(2580 8754 13535 9921)
4(13537 5511 13536 9961)
4(2603 9961 13536 8824)
4(2604 9921 13535 8827)
4(2604 8827 13536 9961)
4(13538 8756 12591 5512)
4(13538 5512 13469 8757)
4(13539 5512 12591 8825)
4(13539 8827 13535 5512)
4(13539 5512 13538 8830)
4(2124 8830 13538 8756)
4(2124 8825 13539 8830)
4(13540 9920 13469 5512)
4(13540 5512 13535 9921)
4(13540 9923 13538 5512)
4(2581 8757 13538 9923)
4(13540 5512 13539 9963)
4(2604 9963 13539 8827)
4(2605 9923 13538 8830)
4(2605 8830 13539 9963)
4(13541 8759 12593 5513)
4(13541 5513 13472 8760)
4(2101 8755 12593 8759)
4(13542 5513 12593 8828)
4(13542 8830 13538 5513)
4(2124 8828 12593 8756)
4(13542 5513 13541 8833)
4(2125 8833 13541 8759)
4(2125 8828 13542 8833)
4(2125 8759 12593 8828)
4(13543 9922 13472 5513)
4(13543 5513 13538 9923)
4(13543 3820 13541 5513)
4(2582 8760 13541 3820)
4(13543 5513 13542 9965)
4(2605 9965 13542 8830)
4(2606 3820 13541 8833)
4(2606 8833 13542 9965)
4(13545 5514 12596 8831)
4(13545 8833 13541 5514)
4(13545 5514 13544 8835)
4(2126 8831 13545 8835)
4(4467 5514 13541 3820)
4(13545 3825 4467 5514)
4(2606 3825 13545 8833)
4(2607 8835 13545 3825)
4(13547 8766 12600 5515)
4(13547 5515 13477 8767)
4(13548 5515 12600 8836)
4(13548 8838 13546 5515)
4(13548 5515 13547 8841)
4(2128 8841 13547 8766)
4(2128 8836 13548 8841)
4(4468 3822 13477 5515)
4(4468 5515 13546 3823)
4(4468 3824 13547 5515)
4(2584 8767 13547 3824)
4(13548 3828 4468 5515)
4(2608 3828 13548 8838)
4(2609 3824 13547 8841)
4(2609 8841 13548 3828)
4(13549 8769 12601 5516)
4(13549 5516 13479 8770)
4(13550 5516 12601 8839)
4(13550 8841 13547 5516)
4(13550 5516 13549 8844)
4(2129 8844 13549 8769)
4(2129 8839 13550 8844)
4(13551 9924 13479 5516)
4(13551 5516 13547 3824)
4(13551 9926 13549 5516)
4(2585 8770 13549 9926)
4(13551 5516 13550 9967)
4(2609 9967 13550 8841)
4(2610 9926 13549 8844)
4(2610 8844 13550 9967)
4(13552 8772 12602 5517)
4(13552 5517 13482 8773)
4(13553 5517 12602 8842)
4(13553 8844 13549 5517)
4(13553 5517 13552 8847)
4(2130 8847 13552 8772)
4(2130 8842 13553 8847)
4(13554 9925 13482 5517)
4(13554 5517 13549 9926)
4(13554 9928 13552 5517)
4(2586 8773 13552 9928)
4(13554 5517 13553 9968)
4(2610 9968 13553 8844)
4(2611 9928 13552 8847)
4(2611 8847 13553 9968)
4(13555 8775 12603 5518)
4(13555 5518 13485 8776)
4(13556 5518 12603 8845)
4(13556 8847 13552 5518)
4(13556 5518 13555 8850)
4(2131 8850 13555 8775)
4(2131 8845 13556 8850)
4(13557 9927 13485 5518)
4(13557 5518 13552 9928)
4(13557 9930 13555 5518)
4(2587 8776 13555 9930)
4(13557 5518 13556 9970)
4(2611 9970 13556 8847)
4(2612 9930 13555 8850)
4(2612 8850 13556 9970)
4(13558 8778 12604 5519)
4(13558 5519 13488 8779)
4(13559 5519 12604 8848)
4(13559 8850 13555 5519)
4(13559 5519 13558 8853)
4(2132 8853 13558 8778)
4(2132 8848 13559 8853)
4(13560 9929 13488 5519)
4(13560 5519 13555 9930)
4(13560 9932 13558 5519)
4(2588 8779 13558 9932)
4(13560 5519 13559 9972)
4(2612 9972 13559 8850)
4(2613 9932 13558 8853)
4(2613 8853 13559 9972)
4(13561 8781 12605 5520)
4(13561 5520 13491 8782)
4(13562 5520 12605 8851)
4(13562 8853 13558 5520)
4(13562 5520 13561 8856)
4(2133 8856 13561 8781)
4(2133 8851 13562 8856)
4(13563 9931 13491 5520)
4(13563 5520 13558 9932)
4(13563 9934 13561 5520)
4(2589 8782 13561 9934)
4(13563 5520 13562 9974)
4(2613 9974 13562 8853)
4(2614 9934 13561 8856)
4(2614 8856 13562 9974)
4(13564 8784 12606 5521)
4(13564 5521 13494 8785)
4(13565 5521 12606 8854)
4(13565 8856 13561 5521)
4(13565 5521 13564 8859)
4(2134 8859 13564 8784)
4(2134 8854 13565 8859)
4(13566 9933 13494 5521)
4(13566 5521 13561 9934)
4(13566 9936 13564 5521)
4(2590 8785 13564 9936)
4(13566 5521 13565 9976)
4(2614 9976 13565 8856)
4(2615 9936 13564 8859)
4(2615 8859 13565 9976)
4(13567 8787 12607 5522)
4(13567 5522 13497 8788)
4(13568 5522 12607 8857)
4(13568 8859 13564 5522)
4(13568 5522 13567 8862)
4(2135 8862 13567 8787)
4(2135 8857 13568 8862)
4(13569 9935 13497 5522)
4(13569 5522 13564 9936)
4(13569 9938 13567 5522)
4(2591 8788 13567 9938)
4(13569 5522 13568 9978)
4(2615 9978 13568 8859)
4(2616 9938 13567 8862)
4(2616 8862 13568 9978)
4(13570 8790 12608 5523)
4(13570 5523 13500 8791)
4(13571 5523 12608 8860)
4(13571 8862 13567 5523)
4(13571 5523 13570 8865)
4(2136 8865 13570 8790)
4(2136 8860 13571 8865)
4(13572 9937 13500 5523)
4(13572 5523 13567 9938)
4(13572 9940 13570 5523)
4(2592 8791 13570 9940)
4(13572 5523 13571 9980)
4(2616 9980 13571 8862)
4(2617 9940 13570 8865)
4(2617 8865 13571 9980)
4(13573 8793 12609 5524)
4(13573 5524 13503 8794)
4(13574 5524 12609 8863)
4(13574 8865 13570 5524)
4(13574 5524 13573 8868)
4(2137 8868 13573 8793)
4(2137 8863 13574 8868)
4(13575 9939 13503 5524)
4(13575 5524 13570 9940)
4(13575 9942 13573 5524)
4(2593 8794 13573 9942)
4(13575 5524 13574 9982)
4(2617 9982 13574 8865)
4(2618 9942 13573 8868)
4(2618 8868 13574 9982)
4(13576 8796 12610 5525)
4(13576 5525 13506 8797)
4(13577 5525 12610 8866)
4(13577 8868 13573 5525)
4(13577 5525 13576 8871)
4(2138 8871 13576 8796)
4(2138 8866 13577 8871)
4(13578 9941 13506 5525)
4(13578 5525 13573 9942)
4(13578 9944 13576 5525)
4(2594 8797 13576 9944)
4(13578 5525 13577 9984)
4(2618 9984 13577 8868)
4(2619 9944 13576 8871)
4(2619 8871 13577 9984)
4(13579 8799 12611 5526)
4(13579 5526 13509 8800)
4(13580 5526 12611 8869)
4(13580 8871 13576 5526)
4(13580 5526 13579 8874)
4(2139 8874 13579 8799)
4(2139 8869 13580 8874)
4(13581 9943 13509 5526)
4(13581 5526 13576 9944)
4(13581 9946 13579 5526)
4(2595 8800 13579 9946)
4(13581 5526 13580 9986)
4(2619 9986 13580 8871)
4(2620 9946 13579 8874)
4(2620 8874 13580 9986)
4(13582 8802 12612 5527)
4(13582 5527 13512 8803)
4(13583 5527 12612 8872)
4(13583 8874 13579 5527)
4(13583 5527 13582 8877)
4(2140 8877 13582 8802)
4(2140 8872 13583 8877)
4(13584 9945 13512 5527)
4(13584 5527 13579 9946)
4(13584 9948 13582 5527)
4(2596 8803 13582 9948)
4(13584 5527 13583 9988)
4(2620 9988 13583 8874)
4(2621 9948 13582 8877)
4(2621 8877 13583 9988)
4(13585 8805 12613 5528)
4(13585 5528 13515 8806)
4(13586 5528 12613 8875)
4(13586 8877 13582 5528)
4(13586 5528 13585 8880)
4(2141 8880 13585 8805)
4(2141 8875 13586 8880)
4(13587 9947 13515 5528)
4(13587 5528 13582 9948)
4(13587 9950 13585 5528)
4(2597 8806 13585 9950)
4(13587 5528 13586 9990)
4(2621 9990 13586 8877)
4(2622 9950 13585 8880)
4(2622 8880 13586 9990)
4(13588 8808 12614 5529)
4(13588 5529 13518 8809)
4(13589 5529 12614 8878)
4(13589 8880 13585 5529)
4(13589 5529 13588 8883)
4(2142 8883 13588 8808)
4(2142 8878 13589 8883)
4(13590 9949 13518 5529)
4(13590 5529 13585 9950)
4(13590 9952 13588 5529)
4(2598 8809 13588 9952)
4(13590 5529 13589 9992)
4(2622 9992 13589 8880)
4(2623 9952 13588 8883)
4(2623 8883 13589 9992)
4(13591 8811 12615 5530)
4(13591 5530 13521 8812)
4(13592 5530 12615 8881)
4(13592 8883 13588 5530)
4(13592 5530 13591 8886)
4(2143 8886 13591 8811)
4(2143 8881 13592 8886)
4(13593 9951 13521 5530)
4(13593 5530 13588 9952)
4(13593 9954 13591 5530)
4(2599 8812 13591 9954)
4(13593 5530 13592 9994)
4(2623 9994 13592 8883)
4(2624 9954 13591 8886)
4(2624 8886 13592 9994)
4(13594 8814 12616 5531)
4(13594 5531 13524 8815)
4(13595 5531 12616 8884)
4(13595 8886 13591 5531)
4(13595 5531 13594 8889)
4(2144 8889 13594 8814)
4(2144 8884 13595 8889)
4(13596 9953 13524 5531)
4(13596 5531 13591 9954)
4(13596 9956 13594 5531)
4(2600 8815 13594 9956)
4(13596 5531 13595 9996)
4(2624 9996 13595 8886)
4(2625 9956 13594 8889)
4(2625 8889 13595 9996)
4(13597 8817 12617 5532)
4(13597 5532 13527 8818)
4(13598 5532 12617 8887)
4(13598 8889 13594 5532)
4(13598 5532 13597 8892)
4(2145 8892 13597 8817)
4(2145 8887 13598 8892)
4(13599 9955 13527 5532)
4(13599 5532 13594 9956)
4(13599 9958 13597 5532)
4(2601 8818 13597 9958)
4(13599 5532 13598 9998)
4(2625 9998 13598 8889)
4(2626 9958 13597 8892)
4(2626 8892 13598 9998)
4(13600 8820 12618 5533)
4(13600 5533 13530 8821)
4(13601 5533 12618 8890)
4(13601 8892 13597 5533)
4(13601 5533 13600 8895)
4(2146 8895 13600 8820)
4(2146 8890 13601 8895)
4(13602 9957 13530 5533)
4(13602 5533 13597 9958)
4(13602 9960 13600 5533)
4(2602 8821 13600 9960)
4(13602 5533 13601 10000)
4(2626 10000 13601 8892)
4(2627 9960 13600 8895)
4(2627 8895 13601 10000)
4(13603 8823 12619 5534)
4(13603 5534 13533 8824)
4(13604 5534 12619 8893)
4(13604 8895 13600 5534)
4(13604 5534 13603 8898)
4(2147 8898 13603 8823)
4(2147 8893 13604 8898)
4(13605 9959 13533 5534)
4(13605 5534 13600 9960)
4(13605 9962 13603 5534)
4(2603 8824 13603 9962)
4(13605 5534 13604 10002)
4(2627 10002 13604 8895)
4(2628 9962 13603 8898)
4(2628 8898 13604 10002)
4(13606 8826 12620 5535)
4(13606 5535 13536 8827)
4(13607 5535 12620 8896)
4(13607 8898 13603 5535)
4(13607 5535 13606 8901)
4(2148 8901 13606 8826)
4(2148 8896 13607 8901)
4(13608 9961 13536 5535)
4(13608 5535 13603 9962)
4(13608 9964 13606 5535)
4(2604 8827 13606 9964)
4(13608 5535 13607 10004)
4(2628 10004 13607 8898)
4(2629 9964 13606 8901)
4(2629 8901 13607 10004)
4(13609 8829 12621 5536)
4(13609 5536 13539 8830)
4(13610 5536 12621 8899)
4(13610 8901 13606 5536)
4(13610 5536 13609 8904)
4(2149 8904 13609 8829)
4(2149 8899 13610 8904)
4(13611 9963 13539 5536)
4(13611 5536 13606 9964)
4(13611 9966 13609 5536)
4(2605 8830 13609 9966)
4(13611 5536 13610 10006)
4(2629 10006 13610 8901)
4(2630 9966 13609 8904)
4(2630 8904 13610 10006)
4(13612 8832 12623 5537)
4(13612 5537 13542 8833)
4(13613 5537 12623 8902)
4(13613 8904 13609 5537)
4(13613 5537 13612 8907)
4(2150 8907 13612 8832)
4(2150 8902 13613 8907)
4(13614 9965 13542 5537)
4(13614 5537 13609 9966)
4(13614 3826 13612 5537)
4(2606 8833 13612 3826)
4(13614 5537 13613 10008)
4(2630 10008 13613 8904)
4(2631 3826 13612 8907)
4(2631 8907 13613 10008)
4(13615 8834 12626 5538)
4(13615 5538 13545 8835)
4(13616 5538 12626 8905)
4(13616 8907 13612 5538)
4(13616 5538 13615 8909)
4(2151 8905 13616 8909)
4(4469 3825 13545 5538)
4(4469 5538 13612 3826)
4(4469 3827 13615 5538)
4(13616 3831 4469 5538)
4(2631 3831 13616 8907)
4(2632 8909 13616 3831)
4(13618 8840 12630 5539)
4(13618 5539 13548 8841)
4(13619 5539 12630 8910)
4(13619 8912 13617 5539)
4(13619 5539 13618 8915)
4(2153 8915 13618 8840)
4(2153 8910 13619 8915)
4(4470 3828 13548 5539)
4(4470 5539 13617 3829)
4(4470 3830 13618 5539)
4(2609 8841 13618 3830)
4(13619 3834 4470 5539)
4(2633 3834 13619 8912)
4(2634 3830 13618 8915)
4(2634 8915 13619 3834)
4(13620 8843 12631 5540)
4(13620 5540 13550 8844)
4(13621 5540 12631 8913)
4(13621 8915 13618 5540)
4(13621 5540 13620 8918)
4(2154 8918 13620 8843)
4(2154 8913 13621 8918)
4(13622 9967 13550 5540)
4(13622 5540 13618 3830)
4(13622 9969 13620 5540)
4(2610 8844 13620 9969)
4(13622 5540 13621 10010)
4(2634 10010 13621 8915)
4(2635 9969 13620 8918)
4(2635 8918 13621 10010)
4(13623 8846 12632 5541)
4(13623 5541 13553 8847)
4(13624 5541 12632 8916)
4(13624 8918 13620 5541)
4(13624 5541 13623 8921)
4(2155 8921 13623 8846)
4(2155 8916 13624 8921)
4(13625 9968 13553 5541)
4(13625 5541 13620 9969)
4(13625 9971 13623 5541)
4(2611 8847 13623 9971)
4(13625 5541 13624 10011)
4(2635 10011 13624 8918)
4(2636 9971 13623 8921)
4(2636 8921 13624 10011)
4(13626 8849 12633 5542)
4(13626 5542 13556 8850)
4(13627 5542 12633 8919)
4(13627 8921 13623 5542)
4(13627 5542 13626 8924)
4(2156 8924 13626 8849)
4(2156 8919 13627 8924)
4(13628 9970 13556 5542)
4(13628 5542 13623 9971)
4(13628 9973 13626 5542)
4(2612 8850 13626 9973)
4(13628 5542 13627 10013)
4(2636 10013 13627 8921)
4(2637 9973 13626 8924)
4(2637 8924 13627 10013)
4(13629 8852 12634 5543)
4(13629 5543 13559 8853)
4(13630 5543 12634 8922)
4(13630 8924 13626 5543)
4(13630 5543 13629 8927)
4(2157 8927 13629 8852)
4(2157 8922 13630 8927)
4(13631 9972 13559 5543)
4(13631 5543 13626 9973)
4(13631 9975 13629 5543)
4(2613 8853 13629 9975)
4(13631 5543 13630 10015)
4(2637 10015 13630 8924)
4(2638 9975 13629 8927)
4(2638 8927 13630 10015)
4(13632 8855 12635 5544)
4(13632 5544 13562 8856)
4(13633 5544 12635 8925)
4(13633 8927 13629 5544)
4(13633 5544 13632 8930)
4(2158 8930 13632 8855)
4(2158 8925 13633 8930)
4(13634 9974 13562 5544)
4(13634 5544 13629 9975)
4(13634 9977 13632 5544)
4(2614 8856 13632 9977)
4(13634 5544 13633 10017)
4(2638 10017 13633 8927)
4(2639 9977 13632 8930)
4(2639 8930 13633 10017)
4(13635 8858 12636 5545)
4(13635 5545 13565 8859)
4(13636 5545 12636 8928)
4(13636 8930 13632 5545)
4(13636 5545 13635 8933)
4(2159 8933 13635 8858)
4(2159 8928 13636 8933)
4(13637 9976 13565 5545)
4(13637 5545 13632 9977)
4(13637 9979 13635 5545)
4(2615 8859 13635 9979)
4(13637 5545 13636 10019)
4(2639 10019 13636 8930)
4(2640 9979 13635 8933)
4(2640 8933 13636 10019)
4(13638 8861 12637 5546)
4(13638 5546 13568 8862)
4(13639 5546 12637 8931)
4(13639 8933 13635 5546)
4(13639 5546 13638 8936)
4(2160 8936 13638 8861)
4(2160 8931 13639 8936)
4(13640 9978 13568 5546)
4(13640 5546 13635 9979)
4(13640 9981 13638 5546)
4(2616 8862 13638 9981)
4(13640 5546 13639 10021)
4(2640 10021 13639 8933)
4(2641 9981 13638 8936)
4(2641 8936 13639 10021)
4(13641 8864 12638 5547)
4(13641 5547 13571 8865)
4(13642 5547 12638 8934)
4(13642 8936 13638 5547)
4(13642 5547 13641 8939)
4(2161 8939 13641 8864)
4(2161 8934 13642 8939)
4(13643 9980 13571 5547)
4(13643 5547 13638 9981)
4(13643 9983 13641 5547)
4(2617 8865 13641 9983)
4(13643 5547 13642 10023)
4(2641 10023 13642 8936)
4(2642 9983 13641 8939)
4(2642 8939 13642 10023)
4(13644 8867 12639 5548)
4(13644 5548 13574 8868)
4(13645 5548 12639 8937)
4(13645 8939 13641 5548)
4(13645 5548 13644 8942)
4(2162 8942 13644 8867)
4(2162 8937 13645 8942)
4(13646 9982 13574 5548)
4(13646 5548 13641 9983)
4(13646 9985 13644 5548)
4(2618 8868 13644 9985)
4(13646 5548 13645 10025)
4(2642 10025 13645 8939)
4(2643 9985 13644 8942)
4(2643 8942 13645 10025)
4(13647 8870 12640 5549)
4(13647 5549 13577 8871)
4(13648 5549 12640 8940)
4(13648 8942 13644 5549)
4(13648 5549 13647 8945)
4(2163 8945 13647 8870)
4(2163 8940 13648 8945)
4(13649 9984 13577 5549)
4(13649 5549 13644 9985)
4(13649 9987 13647 5549)
4(2619 8871 13647 9987)
4(13649 5549 13648 10027)
4(2643 10027 13648 8942)
4(2644 9987 13647 8945)
4(2644 8945 13648 10027)
4(13650 8873 12641 5550)
4(13650 5550 13580 8874)
4(13651 5550 12641 8943)
4(13651 8945 13647 5550)
4(13651 5550 13650 8948)
4(2164 8948 13650 8873)
4(2164 8943 13651 8948)
4(13652 9986 13580 5550)
4(13652 5550 13647 9987)
4(13652 9989 13650 5550)
4(2620 8874 13650 9989)
4(13652 5550 13651 10029)
4(2644 10029 13651 8945)
4(2645 9989 13650 8948)
4(2645 8948 13651 10029)
4(13653 8876 12642 5551)
4(13653 5551 13583 8877)
4(13654 5551 12642 8946)
4(13654 8948 13650 5551)
4(13654 5551 13653 8951)
4(2165 8951 13653 8876)
4(2165 8946 13654 8951)
4(13655 9988 13583 5551)
4(13655 5551 13650 9989)
4(13655 9991 13653 5551)
4(2621 8877 13653 9991)
4(13655 5551 13654 10031)
4(2645 10031 13654 8948)
4(2646 9991 13653 8951)
4(2646 8951 13654 10031)
4(13656 8879 12643 5552)
4(13656 5552 13586 8880)
4(13657 5552 12643 8949)
4(13657 8951 13653 5552)
4(13657 5552 13656 8954)
4(2166 8954 13656 8879)
4(2166 8949 13657 8954)
4(13658 9990 13586 5552)
4(13658 5552 13653 9991)
4(13658 9993 13656 5552)
4(2622 8880 13656 9993)
4(13658 5552 13657 10033)
4(2646 10033 13657 8951)
4(2647 9993 13656 8954)
4(2647 8954 13657 10033)
4(13659 8882 12644 5553)
4(13659 5553 13589 8883)
4(13660 5553 12644 8952)
4(13660 8954 13656 5553)
4(13660 5553 13659 8957)
4(2167 8957 13659 8882)
4(2167 8952 13660 8957)
4(13661 9992 13589 5553)
4(13661 5553 13656 9993)
4(13661 9995 13659 5553)
4(2623 8883 13659 9995)
4(13661 5553 13660 10035)
4(2647 10035 13660 8954)
4(2648 9995 13659 8957)
4(2648 8957 13660 10035)
4(13662 8885 12645 5554)
4(13662 5554 13592 8886)
4(13663 5554 12645 8955)
4(13663 8957 13659 5554)
4(13663 5554 13662 8960)
4(2168 8960 13662 8885)
4(2168 8955 13663 8960)
4(13664 9994 13592 5554)
4(13664 5554 13659 9995)
4(13664 9997 13662 5554)
4(2624 8886 13662 9997)
4(13664 5554 13663 10037)
4(2648 10037 13663 8957)
4(2649 9997 13662 8960)
4(2649 8960 13663 10037)
4(13665 8888 12646 5555)
4(13665 5555 13595 8889)
4(13666 5555 12646 8958)
4(13666 8960 13662 5555)
4(13666 5555 13665 8963)
4(2169 8963 13665 8888)
4(2169 8958 13666 8963)
4(13667 9996 13595 5555)
4(13667 5555 13662 9997)
4(13667 9999 13665 5555)
4(2625 8889 13665 9999)
4(13667 5555 13666 10039)
4(2649 10039 13666 8960)
4(2650 9999 13665 8963)
4(2650 8963 13666 10039)
4(13668 8891 12647 5556)
4(13668 5556 13598 8892)
4(13669 5556 12647 8961)
4(13669 8963 13665 5556)
4(13669 5556 13668 8966)
4(2170 8966 13668 8891)
4(2170 8961 13669 8966)
4(13670 9998 13598 5556)
4(13670 5556 13665 9999)
4(13670 10001 13668 5556)
4(2626 8892 13668 10001)
4(13670 5556 13669 10041)
4(2650 10041 13669 8963)
4(2651 10001 13668 8966)
4(2651 8966 13669 10041)
4(13671 8894 12648 5557)
4(13671 5557 13601 8895)
4(13672 5557 12648 8964)
4(13672 8966 13668 5557)
4(13672 5557 13671 8969)
4(2171 8969 13671 8894)
4(2171 8964 13672 8969)
4(13673 10000 13601 5557)
4(13673 5557 13668 10001)
4(13673 10003 13671 5557)
4(2627 8895 13671 10003)
4(13673 5557 13672 10043)
4(2651 10043 13672 8966)
4(2652 10003 13671 8969)
4(2652 8969 13672 10043)
4(13674 8897 12649 5558)
4(13674 5558 13604 8898)
4(13675 5558 12649 8967)
4(13675 8969 13671 5558)
4(13675 5558 13674 8972)
4(2172 8972 13674 8897)
4(2172 8967 13675 8972)
4(13676 10002 13604 5558)
4(13676 5558 13671 10003)
4(13676 10005 13674 5558)
4(2628 8898 13674 10005)
4(13676 5558 13675 10045)
4(2652 10045 13675 8969)
4(2653 10005 13674 8972)
4(2653 8972 13675 10045)
4(13677 8900 12650 5559)
4(13677 5559 13607 8901)
4(13678 5559 12650 8970)
4(13678 8972 13674 5559)
4(13678 5559 13677 8975)
4(2173 8975 13677 8900)
4(2173 8970 13678 8975)
4(13679 10004 13607 5559)
4(13679 5559 13674 10005)
4(13679 10007 13677 5559)
4(2629 8901 13677 10007)
4(13679 5559 13678 10047)
4(2653 10047 13678 8972)
4(2654 10007 13677 8975)
4(2654 8975 13678 10047)
4(13680 8903 12651 5560)
4(13680 5560 13610 8904)
4(13681 5560 12651 8973)
4(13681 8975 13677 5560)
4(13681 5560 13680 8978)
4(2174 8978 13680 8903)
4(2174 8973 13681 8978)
4(13682 10006 13610 5560)
4(13682 5560 13677 10007)
4(13682 10009 13680 5560)
4(2630 8904 13680 10009)
4(13682 5560 13681 10049)
4(2654 10049 13681 8975)
4(2655 10009 13680 8978)
4(2655 8978 13681 10049)
4(13683 8906 12653 5561)
4(13683 5561 13613 8907)
4(13684 5561 12653 8976)
4(13684 8978 13680 5561)
4(13684 5561 13683 8981)
4(2175 8981 13683 8906)
4(2175 8976 13684 8981)
4(13685 10008 13613 5561)
4(13685 5561 13680 10009)
4(13685 3832 13683 5561)
4(2631 8907 13683 3832)
4(13685 5561 13684 10051)
4(2655 10051 13684 8978)
4(2656 3832 13683 8981)
4(2656 8981 13684 10051)
4(13686 8908 12656 5562)
4(13686 5562 13616 8909)
4(13687 5562 12656 8979)
4(13687 8981 13683 5562)
4(13687 5562 13686 8983)
4(2176 8979 13687 8983)
4(4471 3831 13616 5562)
4(4471 5562 13683 3832)
4(4471 3833 13686 5562)
4(13687 3837 4471 5562)
4(2656 3837 13687 8981)
4(2657 8983 13687 3837)
4(13689 8914 12660 5563)
4(13689 5563 13619 8915)
4(13690 5563 12660 8984)
4(13690 8986 13688 5563)
4(13690 5563 13689 8989)
4(2178 8989 13689 8914)
4(2178 8984 13690 8989)
4(4472 3834 13619 5563)
4(4472 5563 13688 3835)
4(4472 3836 13689 5563)
4(2634 8915 13689 3836)
4(13690 3840 4472 5563)
4(2658 3840 13690 8986)
4(2659 3836 13689 8989)
4(2659 8989 13690 3840)
4(13691 8917 12661 5564)
4(13691 5564 13621 8918)
4(13692 5564 12661 8987)
4(13692 8989 13689 5564)
4(13692 5564 13691 8992)
4(2179 8992 13691 8917)
4(2179 8987 13692 8992)
4(13693 10010 13621 5564)
4(13693 5564 13689 3836)
4(13693 10012 13691 5564)
4(2635 8918 13691 10012)
4(13693 5564 13692 10053)
4(2659 10053 13692 8989)
4(2660 10012 13691 8992)
4(2660 8992 13692 10053)
4(13694 8920 12662 5565)
4(13694 5565 13624 8921)
4(13695 5565 12662 8990)
4(13695 8992 13691 5565)
4(13695 5565 13694 8995)
4(2180 8995 13694 8920)
4(2180 8990 13695 8995)
4(13696 10011 13624 5565)
4(13696 5565 13691 10012)
4(13696 10014 13694 5565)
4(2636 8921 13694 10014)
4(13696 5565 13695 10054)
4(2660 10054 13695 8992)
4(2661 10014 13694 8995)
4(2661 8995 13695 10054)
4(13697 8923 12663 5566)
4(13697 5566 13627 8924)
4(13698 5566 12663 8993)
4(13698 8995 13694 5566)
4(13698 5566 13697 8998)
4(2181 8998 13697 8923)
4(2181 8993 13698 8998)
4(13699 10013 13627 5566)
4(13699 5566 13694 10014)
4(13699 10016 13697 5566)
4(2637 8924 13697 10016)
4(13699 5566 13698 10056)
4(2661 10056 13698 8995)
4(2662 10016 13697 8998)
4(2662 8998 13698 10056)
4(13700 8926 12664 5567)
4(13700 5567 13630 8927)
4(13701 5567 12664 8996)
4(13701 8998 13697 5567)
4(13701 5567 13700 9001)
4(2182 9001 13700 8926)
4(2182 8996 13701 9001)
4(13702 10015 13630 5567)
4(13702 5567 13697 10016)
4(13702 10018 13700 5567)
4(2638 8927 13700 10018)
4(13702 5567 13701 10058)
4(2662 10058 13701 8998)
4(2663 10018 13700 9001)
4(2663 9001 13701 10058)
4(13703 8929 12665 5568)
4(13703 5568 13633 8930)
4(13704 5568 12665 8999)
4(13704 9001 13700 5568)
4(13704 5568 13703 9004)
4(2183 9004 13703 8929)
4(2183 8999 13704 9004)
4(13705 10017 13633 5568)
4(13705 5568 13700 10018)
4(13705 10020 13703 5568)
4(2639 8930 13703 10020)
4(13705 5568 13704 10060)
4(2663 10060 13704 9001)
4(2664 10020 13703 9004)
4(2664 9004 13704 10060)
4(13706 8932 12666 5569)
4(13706 5569 13636 8933)
4(13707 5569 12666 9002)
4(13707 9004 13703 5569)
4(13707 5569 13706 9007)
4(2184 9007 13706 8932)
4(2184 9002 13707 9007)
4(13708 10019 13636 5569)
4(13708 5569 13703 10020)
4(13708 10022 13706 5569)
4(2640 8933 13706 10022)
4(13708 5569 13707 10062)
4(2664 10062 13707 9004)
4(2665 10022 13706 9007)
4(2665 9007 13707 10062)
4(13709 8935 12667 5570)
4(13709 5570 13639 8936)
4(13710 5570 12667 9005)
4(13710 9007 13706 5570)
4(13710 5570 13709 9010)
4(2185 9010 13709 8935)
4(2185 9005 13710 9010)
4(13711 10021 13639 5570)
4(13711 5570 13706 10022)
4(13711 10024 13709 5570)
4(2641 8936 13709 10024)
4(13711 5570 13710 10064)
4(2665 10064 13710 9007)
4(2666 10024 13709 9010)
4(2666 9010 13710 10064)
4(13712 8938 12668 5571)
4(13712 5571 13642 8939)
4(13713 5571 12668 9008)
4(13713 9010 13709 5571)
4(13713 5571 13712 9013)
4(2186 9013 13712 8938)
4(2186 9008 13713 9013)
4(13714 10023 13642 5571)
4(13714 5571 13709 10024)
4(13714 10026 13712 5571)
4(2642 8939 13712 10026)
4(13714 5571 13713 10066)
4(2666 10066 13713 9010)
4(2667 10026 13712 9013)
4(2667 9013 13713 10066)
4(13715 8941 12669 5572)
4(13715 5572 13645 8942)
4(13716 5572 12669 9011)
4(13716 9013 13712 5572)
4(13716 5572 13715 9016)
4(2187 9016 13715 8941)
4(2187 9011 13716 9016)
4(13717 10025 13645 5572)
4(13717 5572 13712 10026)
4(13717 10028 13715 5572)
4(2643 8942 13715 10028)
4(13717 5572 13716 10068)
4(2667 10068 13716 9013)
4(2668 10028 13715 9016)
4(2668 9016 13716 10068)
4(13718 8944 12670 5573)
4(13718 5573 13648 8945)
4(13719 5573 12670 9014)
4(13719 9016 13715 5573)
4(13719 5573 13718 9019)
4(2188 9019 13718 8944)
4(2188 9014 13719 9019)
4(13720 10027 13648 5573)
4(13720 5573 13715 10028)
4(13720 10030 13718 5573)
4(2644 8945 13718 10030)
4(13720 5573 13719 10070)
4(2668 10070 13719 9016)
4(2669 10030 13718 9019)
4(2669 9019 13719 10070)
4(13721 8947 12671 5574)
4(13721 5574 13651 8948)
4(13722 5574 12671 9017)
4(13722 9019 13718 5574)
4(13722 5574 13721 9022)
4(2189 9022 13721 8947)
4(2189 9017 13722 9022)
4(13723 10029 13651 5574)
4(13723 5574 13718 10030)
4(13723 10032 13721 5574)
4(2645 8948 13721 10032)
4(13723 5574 13722 10072)
4(2669 10072 13722 9019)
4(2670 10032 13721 9022)
4(2670 9022 13722 10072)
4(13724 8950 12672 5575)
4(13724 5575 13654 8951)
4(13725 5575 12672 9020)
4(13725 9022 13721 5575)
4(13725 5575 13724 9025)
4(2190 9025 13724 8950)
4(2190 9020 13725 9025)
4(13726 10031 13654 5575)
4(13726 5575 13721 10032)
4(13726 10034 13724 5575)
4(2646 8951 13724 10034)
4(13726 5575 13725 10074)
4(2670 10074 13725 9022)
4(2671 10034 13724 9025)
4(2671 9025 13725 10074)
4(13727 8953 12673 5576)
4(13727 5576 13657 8954)
4(13728 5576 12673 9023)
4(13728 9025 13724 5576)
4(13728 5576 13727 9028)
4(2191 9028 13727 8953)
4(2191 9023 13728 9028)
4(13729 10033 13657 5576)
4(13729 5576 13724 10034)
4(13729 10036 13727 5576)
4(2647 8954 13727 10036)
4(13729 5576 13728 10076)
4(2671 10076 13728 9025)
4(2672 10036 13727 9028)
4(2672 9028 13728 10076)
4(13730 8956 12674 5577)
4(13730 5577 13660 8957)
4(13731 5577 12674 9026)
4(13731 9028 13727 5577)
4(13731 5577 13730 9031)
4(2192 9031 13730 8956)
4(2192 9026 13731 9031)
4(13732 10035 13660 5577)
4(13732 5577 13727 10036)
4(13732 10038 13730 5577)
4(2648 8957 13730 10038)
4(13732 5577 13731 10078)
4(2672 10078 13731 9028)
4(2673 10038 13730 9031)
4(2673 9031 13731 10078)
4(13733 8959 12675 5578)
4(13733 5578 13663 8960)
4(13734 5578 12675 9029)
4(13734 9031 13730 5578)
4(13734 5578 13733 9034)
4(2193 9034 13733 8959)
4(2193 9029 13734 9034)
4(13735 10037 13663 5578)
4(13735 5578 13730 10038)
4(13735 10040 13733 5578)
4(2649 8960 13733 10040)
4(13735 5578 13734 10080)
4(2673 10080 13734 9031)
4(2674 10040 13733 9034)
4(2674 9034 13734 10080)
4(13736 8962 12676 5579)
4(13736 5579 13666 8963)
4(13737 5579 12676 9032)
4(13737 9034 13733 5579)
4(13737 5579 13736 9037)
4(2194 9037 13736 8962)
4(2194 9032 13737 9037)
4(13738 10039 13666 5579)
4(13738 5579 13733 10040)
4(13738 10042 13736 5579)
4(2650 8963 13736 10042)
4(13738 5579 13737 10082)
4(2674 10082 13737 9034)
4(2675 10042 13736 9037)
4(2675 9037 13737 10082)
4(13739 8965 12677 5580)
4(13739 5580 13669 8966)
4(13740 5580 12677 9035)
4(13740 9037 13736 5580)
4(13740 5580 13739 9040)
4(2195 9040 13739 8965)
4(2195 9035 13740 9040)
4(13741 10041 13669 5580)
4(13741 5580 13736 10042)
4(13741 10044 13739 5580)
4(2651 8966 13739 10044)
4(13741 5580 13740 10084)
4(2675 10084 13740 9037)
4(2676 10044 13739 9040)
4(2676 9040 13740 10084)
4(13742 8968 12678 5581)
4(13742 5581 13672 8969)
4(13743 5581 12678 9038)
4(13743 9040 13739 5581)
4(13743 5581 13742 9043)
4(2196 9043 13742 8968)
4(2196 9038 13743 9043)
4(13744 10043 13672 5581)
4(13744 5581 13739 10044)
4(13744 10046 13742 5581)
4(2652 8969 13742 10046)
4(13744 5581 13743 10086)
4(2676 10086 13743 9040)
4(2677 10046 13742 9043)
4(2677 9043 13743 10086)
4(13745 8971 12679 5582)
4(13745 5582 13675 8972)
4(13746 5582 12679 9041)
4(13746 9043 13742 5582)
4(13746 5582 13745 9046)
4(2197 9046 13745 8971)
4(2197 9041 13746 9046)
4(13747 10045 13675 5582)
4(13747 5582 13742 10046)
4(13747 10048 13745 5582)
4(2653 8972 13745 10048)
4(13747 5582 13746 10088)
4(2677 10088 13746 9043)
4(2678 10048 13745 9046)
4(2678 9046 13746 10088)
4(13748 8974 12680 5583)
4(13748 5583 13678 8975)
4(13749 5583 12680 9044)
4(13749 9046 13745 5583)
4(13749 5583 13748 9049)
4(2198 9049 13748 8974)
4(2198 9044 13749 9049)
4(13750 10047 13678 5583)
4(13750 5583 13745 10048)
4(13750 10050 13748 5583)
4(2654 8975 13748 10050)
4(13750 5583 13749 10090)
4(2678 10090 13749 9046)
4(2679 10050 13748 9049)
4(2679 9049 13749 10090)
4(13751 8977 12681 5584)
4(13751 5584 13681 8978)
4(13752 5584 12681 9047)
4(13752 9049 13748 5584)
4(13752 5584 13751 9052)
4(2199 9052 13751 8977)
4(2199 9047 13752 9052)
4(13753 10049 13681 5584)
4(13753 5584 13748 10050)
4(13753 10052 13751 5584)
4(2655 8978 13751 10052)
4(13753 5584 13752 10092)
4(2679 10092 13752 9049)
4(2680 10052 13751 9052)
4(2680 9052 13752 10092)
4(13754 8980 12683 5585)
4(13754 5585 13684 8981)
4(13755 5585 12683 9050)
4(13755 9052 13751 5585)
4(13755 5585 13754 9055)
4(2200 9055 13754 8980)
4(2200 9050 13755 9055)
4(13756 10051 13684 5585)
4(13756 5585 13751 10052)
4(13756 3838 13754 5585)
4(2656 8981 13754 3838)
4(13756 5585 13755 10094)
4(2680 10094 13755 9052)
4(2681 3838 13754 9055)
4(2681 9055 13755 10094)
4(13757 8982 12686 5586)
4(13757 5586 13687 8983)
4(13758 5586 12686 9053)
4(13758 9055 13754 5586)
4(13758 5586 13757 9057)
4(2201 9053 13758 9057)
4(4473 3837 13687 5586)
4(4473 5586 13754 3838)
4(4473 3839 13757 5586)
4(13758 3843 4473 5586)
4(2681 3843 13758 9055)
4(2682 9057 13758 3843)
4(13760 8988 12690 5587)
4(13760 5587 13690 8989)
4(13761 5587 12690 9058)
4(13761 9060 13759 5587)
4(13761 5587 13760 9063)
4(2203 9063 13760 8988)
4(2203 9058 13761 9063)
4(4474 3840 13690 5587)
4(4474 5587 13759 3841)
4(4474 3842 13760 5587)
4(2659 8989 13760 3842)
4(13761 3846 4474 5587)
4(2683 3846 13761 9060)
4(2684 3842 13760 9063)
4(2684 9063 13761 3846)
4(13762 8991 12691 5588)
4(13762 5588 13692 8992)
4(13763 5588 12691 9061)
4(13763 9063 13760 5588)
4(13763 5588 13762 9066)
4(2204 9066 13762 8991)
4(2204 9061 13763 9066)
4(13764 10053 13692 5588)
4(13764 5588 13760 3842)
4(13764 10055 13762 5588)
4(2660 8992 13762 10055)
4(13764 5588 13763 10096)
4(2684 10096 13763 9063)
4(2685 10055 13762 9066)
4(2685 9066 13763 10096)
4(13765 8994 12692 5589)
4(13765 5589 13695 8995)
4(13766 5589 12692 9064)
4(13766 9066 13762 5589)
4(13766 5589 13765 9069)
4(2205 9069 13765 8994)
4(2205 9064 13766 9069)
4(13767 10054 13695 5589)
4(13767 5589 13762 10055)
4(13767 10057 13765 5589)
4(2661 8995 13765 10057)
4(13767 5589 13766 10097)
4(2685 10097 13766 9066)
4(2686 10057 13765 9069)
4(2686 9069 13766 10097)
4(13768 8997 12693 5590)
4(13768 5590 13698 8998)
4(13769 5590 12693 9067)
4(13769 9069 13765 5590)
4(13769 5590 13768 9072)
4(2206 9072 13768 8997)
4(2206 9067 13769 9072)
4(13770 10056 13698 5590)
4(13770 5590 13765 10057)
4(13770 10059 13768 5590)
4(2662 8998 13768 10059)
4(13770 5590 13769 10099)
4(2686 10099 13769 9069)
4(2687 10059 13768 9072)
4(2687 9072 13769 10099)
4(13771 9000 12694 5591)
4(13771 5591 13701 9001)
4(13772 5591 12694 9070)
4(13772 9072 13768 5591)
4(13772 5591 13771 9075)
4(2207 9075 13771 9000)
4(2207 9070 13772 9075)
4(13773 10058 13701 5591)
4(13773 5591 13768 10059)
4(13773 10061 13771 5591)
4(2663 9001 13771 10061)
4(13773 5591 13772 10101)
4(2687 10101 13772 9072)
4(2688 10061 13771 9075)
4(2688 9075 13772 10101)
4(13774 9003 12695 5592)
4(13774 5592 13704 9004)
4(13775 5592 12695 9073)
4(13775 9075 13771 5592)
4(13775 5592 13774 9078)
4(2208 9078 13774 9003)
4(2208 9073 13775 9078)
4(13776 10060 13704 5592)
4(13776 5592 13771 10061)
4(13776 10063 13774 5592)
4(2664 9004 13774 10063)
4(13776 5592 13775 10103)
4(2688 10103 13775 9075)
4(2689 10063 13774 9078)
4(2689 9078 13775 10103)
4(13777 9006 12696 5593)
4(13777 5593 13707 9007)
4(13778 5593 12696 9076)
4(13778 9078 13774 5593)
4(13778 5593 13777 9081)
4(2209 9081 13777 9006)
4(2209 9076 13778 9081)
4(13779 10062 13707 5593)
4(13779 5593 13774 10063)
4(13779 10065 13777 5593)
4(2665 9007 13777 10065)
4(13779 5593 13778 10105)
4(2689 10105 13778 9078)
4(2690 10065 13777 9081)
4(2690 9081 13778 10105)
4(13780 9009 12697 5594)
4(13780 5594 13710 9010)
4(13781 5594 12697 9079)
4(13781 9081 13777 5594)
4(13781 5594 13780 9084)
4(2210 9084 13780 9009)
4(2210 9079 13781 9084)
4(13782 10064 13710 5594)
4(13782 5594 13777 10065)
4(13782 10067 13780 5594)
4(2666 9010 13780 10067)
4(13782 5594 13781 10107)
4(2690 10107 13781 9081)
4(2691 10067 13780 9084)
4(2691 9084 13781 10107)
4(13783 9012 12698 5595)
4(13783 5595 13713 9013)
4(13784 5595 12698 9082)
4(13784 9084 13780 5595)
4(13784 5595 13783 9087)
4(2211 9087 13783 9012)
4(2211 9082 13784 9087)
4(13785 10066 13713 5595)
4(13785 5595 13780 10067)
4(13785 10069 13783 5595)
4(2667 9013 13783 10069)
4(13785 5595 13784 10109)
4(2691 10109 13784 9084)
4(2692 10069 13783 9087)
4(2692 9087 13784 10109)
4(13786 9015 12699 5596)
4(13786 5596 13716 9016)
4(13787 5596 12699 9085)
4(13787 9087 13783 5596)
4(13787 5596 13786 9090)
4(2212 9090 13786 9015)
4(2212 9085 13787 9090)
4(13788 10068 13716 5596)
4(13788 5596 13783 10069)
4(13788 10071 13786 5596)
4(2668 9016 13786 10071)
4(13788 5596 13787 10111)
4(2692 10111 13787 9087)
4(2693 10071 13786 9090)
4(2693 9090 13787 10111)
4(13789 9018 12700 5597)
4(13789 5597 13719 9019)
4(13790 5597 12700 9088)
4(13790 9090 13786 5597)
4(13790 5597 13789 9093)
4(2213 9093 13789 9018)
4(2213 9088 13790 9093)
4(13791 10070 13719 5597)
4(13791 5597 13786 10071)
4(13791 10073 13789 5597)
4(2669 9019 13789 10073)
4(13791 5597 13790 10113)
4(2693 10113 13790 9090)
4(2694 10073 13789 9093)
4(2694 9093 13790 10113)
4(13792 9021 12701 5598)
4(13792 5598 13722 9022)
4(13793 5598 12701 9091)
4(13793 9093 13789 5598)
4(13793 5598 13792 9096)
4(2214 9096 13792 9021)
4(2214 9091 13793 9096)
4(13794 10072 13722 5598)
4(13794 5598 13789 10073)
4(13794 10075 13792 5598)
4(2670 9022 13792 10075)
4(13794 5598 13793 10115)
4(2694 10115 13793 9093)
4(2695 10075 13792 9096)
4(2695 9096 13793 10115)
4(13795 9024 12702 5599)
4(13795 5599 13725 9025)
4(13796 5599 12702 9094)
4(13796 9096 13792 5599)
4(13796 5599 13795 9099)
4(2215 9099 13795 9024)
4(2215 9094 13796 9099)
4(13797 10074 13725 5599)
4(13797 5599 13792 10075)
4(13797 10077 13795 5599)
4(2671 9025 13795 10077)
4(13797 5599 13796 10117)
4(2695 10117 13796 9096)
4(2696 10077 13795 9099)
4(2696 9099 13796 10117)
4(13798 9027 12703 5600)
4(13798 5600 13728 9028)
4(13799 5600 12703 9097)
4(13799 9099 13795 5600)
4(13799 5600 13798 9102)
4(2216 9102 13798 9027)
4(2216 9097 13799 9102)
4(13800 10076 13728 5600)
4(13800 5600 13795 10077)
4(13800 10079 13798 5600)
4(2672 9028 13798 10079)
4(13800 5600 13799 10119)
4(2696 10119 13799 9099)
4(2697 10079 13798 9102)
4(2697 9102 13799 10119)
4(13801 9030 12704 5601)
4(13801 5601 13731 9031)
4(13802 5601 12704 9100)
4(13802 9102 13798 5601)
4(13802 5601 13801 9105)
4(2217 9105 13801 9030)
4(2217 9100 13802 9105)
4(13803 10078 13731 5601)
4(13803 5601 13798 10079)
4(13803 10081 13801 5601)
4(2673 9031 13801 10081)
4(13803 5601 13802 10121)
4(2697 10121 13802 9102)
4(2698 10081 13801 9105)
4(2698 9105 13802 10121)
4(13804 9033 12705 5602)
4(13804 5602 13734 9034)
4(13805 5602 12705 9103)
4(13805 9105 13801 5602)
4(13805 5602 13804 9108)
4(2218 9108 13804 9033)
4(2218 9103 13805 9108)
4(13806 10080 13734 5602)
4(13806 5602 13801 10081)
4(13806 10083 13804 5602)
4(2674 9034 13804 10083)
4(13806 5602 13805 10123)
4(2698 10123 13805 9105)
4(2699 10083 13804 9108)
4(2699 9108 13805 10123)
4(13807 9036 12706 5603)
4(13807 5603 13737 9037)
4(13808 5603 12706 9106)
4(13808 9108 13804 5603)
4(13808 5603 13807 9111)
4(2219 9111 13807 9036)
4(2219 9106 13808 9111)
4(13809 10082 13737 5603)
4(13809 5603 13804 10083)
4(13809 10085 13807 5603)
4(2675 9037 13807 10085)
4(13809 5603 13808 10125)
4(2699 10125 13808 9108)
4(2700 10085 13807 9111)
4(2700 9111 13808 10125)
4(13810 9039 12707 5604)
4(13810 5604 13740 9040)
4(13811 5604 12707 9109)
4(13811 9111 13807 5604)
4(13811 5604 13810 9114)
4(2220 9114 13810 9039)
4(2220 9109 13811 9114)
4(13812 10084 13740 5604)
4(13812 5604 13807 10085)
4(13812 10087 13810 5604)
4(2676 9040 13810 10087)
4(13812 5604 13811 10127)
4(2700 10127 13811 9111)
4(2701 10087 13810 9114)
4(2701 9114 13811 10127)
4(13813 9042 12708 5605)
4(13813 5605 13743 9043)
4(13814 5605 12708 9112)
4(13814 9114 13810 5605)
4(13814 5605 13813 9117)
4(2221 9117 13813 9042)
4(2221 9112 13814 9117)
4(13815 10086 13743 5605)
4(13815 5605 13810 10087)
4(13815 10089 13813 5605)
4(2677 9043 13813 10089)
4(13815 5605 13814 10129)
4(2701 10129 13814 9114)
4(2702 10089 13813 9117)
4(2702 9117 13814 10129)
4(13816 9045 12709 5606)
4(13816 5606 13746 9046)
4(13817 5606 12709 9115)
4(13817 9117 13813 5606)
4(13817 5606 13816 9120)
4(2222 9120 13816 9045)
4(2222 9115 13817 9120)
4(13818 10088 13746 5606)
4(13818 5606 13813 10089)
4(13818 10091 13816 5606)
4(2678 9046 13816 10091)
4(13818 5606 13817 10131)
4(2702 10131 13817 9117)
4(2703 10091 13816 9120)
4(2703 9120 13817 10131)
4(13819 9048 12710 5607)
4(13819 5607 13749 9049)
4(13820 5607 12710 9118)
4(13820 9120 13816 5607)
4(13820 5607 13819 9123)
4(2223 9123 13819 9048)
4(2223 9118 13820 9123)
4(13821 10090 13749 5607)
4(13821 5607 13816 10091)
4(13821 10093 13819 5607)
4(2679 9049 13819 10093)
4(13821 5607 13820 10133)
4(2703 10133 13820 9120)
4(2704 10093 13819 9123)
4(2704 9123 13820 10133)
4(13822 9051 12711 5608)
4(13822 5608 13752 9052)
4(13823 5608 12711 9121)
4(13823 9123 13819 5608)
4(13823 5608 13822 9126)
4(2224 9126 13822 9051)
4(2224 9121 13823 9126)
4(13824 10092 13752 5608)
4(13824 5608 13819 10093)
4(13824 10095 13822 5608)
4(2680 9052 13822 10095)
4(13824 5608 13823 10135)
4(2704 10135 13823 9123)
4(2705 10095 13822 9126)
4(2705 9126 13823 10135)
4(13825 9054 12713 5609)
4(13825 5609 13755 9055)
4(13826 5609 12713 9124)
4(13826 9126 13822 5609)
4(13826 5609 13825 9129)
4(2225 9129 13825 9054)
4(2225 9124 13826 9129)
4(13827 10094 13755 5609)
4(13827 5609 13822 10095)
4(13827 3844 13825 5609)
4(2681 9055 13825 3844)
4(13827 5609 13826 10137)
4(2705 10137 13826 9126)
4(2706 3844 13825 9129)
4(2706 9129 13826 10137)
4(13828 9056 12716 5610)
4(13828 5610 13758 9057)
4(13829 5610 12716 9127)
4(13829 9129 13825 5610)
4(13829 5610 13828 9131)
4(2226 9127 13829 9131)
4(4475 3843 13758 5610)
4(4475 5610 13825 3844)
4(4475 3845 13828 5610)
4(13829 3849 4475 5610)
4(2706 3849 13829 9129)
4(2707 9131 13829 3849)
4(13831 9062 12720 5611)
4(13831 5611 13761 9063)
4(13832 5611 13831 9135)
4(2227 9135 13831 9062)
4(2227 9132 13832 9135)
4(4476 3846 13761 5611)
4(4476 3848 13831 5611)
4(2684 9063 13831 3848)
4(2708 3848 13831 9135)
4(2708 9135 13832 3852)
4(13833 9065 12722 5612)
4(13833 5612 13763 9066)
4(2204 9061 12722 9065)
4(13834 5612 12722 9133)
4(13834 9135 13831 5612)
4(2227 9133 12722 9062)
4(13834 5612 13833 9138)
4(2228 9138 13833 9065)
4(2228 9133 13834 9138)
4(2228 9065 12722 9133)
4(13835 10096 13763 5612)
4(13835 5612 13831 3848)
4(13835 10098 13833 5612)
4(2685 9066 13833 10098)
4(13835 5612 13834 10139)
4(2708 10139 13834 9135)
4(2709 10098 13833 9138)
4(2709 9138 13834 10139)
4(13836 9068 12723 5613)
4(13836 5613 13766 9069)
4(13837 5613 12723 9136)
4(13837 9138 13833 5613)
4(13837 5613 13836 9141)
4(2229 9141 13836 9068)
4(2229 9136 13837 9141)
4(13838 10097 13766 5613)
4(13838 5613 13833 10098)
4(13838 10100 13836 5613)
4(2686 9069 13836 10100)
4(13838 5613 13837 10140)
4(2709 10140 13837 9138)
4(2710 10100 13836 9141)
4(2710 9141 13837 10140)
4(13839 9071 12724 5614)
4(13839 5614 13769 9072)
4(13840 5614 12724 9139)
4(13840 9141 13836 5614)
4(13840 5614 13839 9144)
4(2230 9144 13839 9071)
4(2230 9139 13840 9144)
4(13841 10099 13769 5614)
4(13841 5614 13836 10100)
4(13841 10102 13839 5614)
4(2687 9072 13839 10102)
4(13841 5614 13840 10142)
4(2710 10142 13840 9141)
4(2711 10102 13839 9144)
4(2711 9144 13840 10142)
4(13842 9074 12725 5615)
4(13842 5615 13772 9075)
4(13843 5615 12725 9142)
4(13843 9144 13839 5615)
4(13843 5615 13842 9147)
4(2231 9147 13842 9074)
4(2231 9142 13843 9147)
4(13844 10101 13772 5615)
4(13844 5615 13839 10102)
4(13844 10104 13842 5615)
4(2688 9075 13842 10104)
4(13844 5615 13843 10144)
4(2711 10144 13843 9144)
4(2712 10104 13842 9147)
4(2712 9147 13843 10144)
4(13845 9077 12726 5616)
4(13845 5616 13775 9078)
4(13846 5616 12726 9145)
4(13846 9147 13842 5616)
4(13846 5616 13845 9150)
4(2232 9150 13845 9077)
4(2232 9145 13846 9150)
4(13847 10103 13775 5616)
4(13847 5616 13842 10104)
4(13847 10106 13845 5616)
4(2689 9078 13845 10106)
4(13847 5616 13846 10146)
4(2712 10146 13846 9147)
4(2713 10106 13845 9150)
4(2713 9150 13846 10146)
4(13848 9080 12727 5617)
4(13848 5617 13778 9081)
4(13849 5617 12727 9148)
4(13849 9150 13845 5617)
4(13849 5617 13848 9153)
4(2233 9153 13848 9080)
4(2233 9148 13849 9153)
4(13850 10105 13778 5617)
4(13850 5617 13845 10106)
4(13850 10108 13848 5617)
4(2690 9081 13848 10108)
4(13850 5617 13849 10148)
4(2713 10148 13849 9150)
4(2714 10108 13848 9153)
4(2714 9153 13849 10148)
4(13851 9083 12728 5618)
4(13851 5618 13781 9084)
4(13852 5618 12728 9151)
4(13852 9153 13848 5618)
4(13852 5618 13851 9156)
4(2234 9156 13851 9083)
4(2234 9151 13852 9156)
4(13853 10107 13781 5618)
4(13853 5618 13848 10108)
4(13853 10110 13851 5618)
4(2691 9084 13851 10110)
4(13853 5618 13852 10150)
4(2714 10150 13852 9153)
4(2715 10110 13851 9156)
4(2715 9156 13852 10150)
4(13854 9086 12729 5619)
4(13854 5619 13784 9087)
4(13855 5619 12729 9154)
4(13855 9156 13851 5619)
4(13855 5619 13854 9159)
4(2235 9159 13854 9086)
4(2235 9154 13855 9159)
4(13856 10109 13784 5619)
4(13856 5619 13851 10110)
4(13856 10112 13854 5619)
4(2692 9087 13854 10112)
4(13856 5619 13855 10152)
4(2715 10152 13855 9156)
4(2716 10112 13854 9159)
4(2716 9159 13855 10152)
4(13857 9089 12730 5620)
4(13857 5620 13787 9090)
4(13858 5620 12730 9157)
4(13858 9159 13854 5620)
4(13858 5620 13857 9162)
4(2236 9162 13857 9089)
4(2236 9157 13858 9162)
4(13859 10111 13787 5620)
4(13859 5620 13854 10112)
4(13859 10114 13857 5620)
4(2693 9090 13857 10114)
4(13859 5620 13858 10154)
4(2716 10154 13858 9159)
4(2717 10114 13857 9162)
4(2717 9162 13858 10154)
4(13860 9092 12731 5621)
4(13860 5621 13790 9093)
4(13861 5621 12731 9160)
4(13861 9162 13857 5621)
4(13861 5621 13860 9165)
4(2237 9165 13860 9092)
4(2237 9160 13861 9165)
4(13862 10113 13790 5621)
4(13862 5621 13857 10114)
4(13862 10116 13860 5621)
4(2694 9093 13860 10116)
4(13862 5621 13861 10156)
4(2717 10156 13861 9162)
4(2718 10116 13860 9165)
4(2718 9165 13861 10156)
4(13863 9095 12732 5622)
4(13863 5622 13793 9096)
4(13864 5622 12732 9163)
4(13864 9165 13860 5622)
4(13864 5622 13863 9168)
4(2238 9168 13863 9095)
4(2238 9163 13864 9168)
4(13865 10115 13793 5622)
4(13865 5622 13860 10116)
4(13865 10118 13863 5622)
4(2695 9096 13863 10118)
4(13865 5622 13864 10158)
4(2718 10158 13864 9165)
4(2719 10118 13863 9168)
4(2719 9168 13864 10158)
4(13866 9098 12733 5623)
4(13866 5623 13796 9099)
4(13867 5623 12733 9166)
4(13867 9168 13863 5623)
4(13867 5623 13866 9171)
4(2239 9171 13866 9098)
4(2239 9166 13867 9171)
4(13868 10117 13796 5623)
4(13868 5623 13863 10118)
4(13868 10120 13866 5623)
4(2696 9099 13866 10120)
4(13868 5623 13867 10160)
4(2719 10160 13867 9168)
4(2720 10120 13866 9171)
4(2720 9171 13867 10160)
4(13869 9101 12734 5624)
4(13869 5624 13799 9102)
4(13870 5624 12734 9169)
4(13870 9171 13866 5624)
4(13870 5624 13869 9174)
4(2240 9174 13869 9101)
4(2240 9169 13870 9174)
4(13871 10119 13799 5624)
4(13871 5624 13866 10120)
4(13871 10122 13869 5624)
4(2697 9102 13869 10122)
4(13871 5624 13870 10162)
4(2720 10162 13870 9171)
4(2721 10122 13869 9174)
4(2721 9174 13870 10162)
4(13872 9104 12735 5625)
4(13872 5625 13802 9105)
4(13873 5625 12735 9172)
4(13873 9174 13869 5625)
4(13873 5625 13872 9177)
4(2241 9177 13872 9104)
4(2241 9172 13873 9177)
4(13874 10121 13802 5625)
4(13874 5625 13869 10122)
4(13874 10124 13872 5625)
4(2698 9105 13872 10124)
4(13874 5625 13873 10164)
4(2721 10164 13873 9174)
4(2722 10124 13872 9177)
4(2722 9177 13873 10164)
4(13875 9107 12736 5626)
4(13875 5626 13805 9108)
4(13876 5626 12736 9175)
4(13876 9177 13872 5626)
4(13876 5626 13875 9180)
4(2242 9180 13875 9107)
4(2242 9175 13876 9180)
4(13877 10123 13805 5626)
4(13877 5626 13872 10124)
4(13877 10126 13875 5626)
4(2699 9108 13875 10126)
4(13877 5626 13876 10166)
4(2722 10166 13876 9177)
4(2723 10126 13875 9180)
4(2723 9180 13876 10166)
4(13878 9110 12737 5627)
4(13878 5627 13808 9111)
4(13879 5627 12737 9178)
4(13879 9180 13875 5627)
4(13879 5627 13878 9183)
4(2243 9183 13878 9110)
4(2243 9178 13879 9183)
4(13880 10125 13808 5627)
4(13880 5627 13875 10126)
4(13880 10128 13878 5627)
4(2700 9111 13878 10128)
4(13880 5627 13879 10168)
4(2723 10168 13879 9180)
4(2724 10128 13878 9183)
4(2724 9183 13879 10168)
4(13881 9113 12738 5628)
4(13881 5628 13811 9114)
4(13882 5628 12738 9181)
4(13882 9183 13878 5628)
4(13882 5628 13881 9186)
4(2244 9186 13881 9113)
4(2244 9181 13882 9186)
4(13883 10127 13811 5628)
4(13883 5628 13878 10128)
4(13883 10130 13881 5628)
4(2701 9114 13881 10130)
4(13883 5628 13882 10170)
4(2724 10170 13882 9183)
4(2725 10130 13881 9186)
4(2725 9186 13882 10170)
4(13884 9116 12739 5629)
4(13884 5629 13814 9117)
4(13885 5629 12739 9184)
4(13885 9186 13881 5629)
4(13885 5629 13884 9189)
4(2245 9189 13884 9116)
4(2245 9184 13885 9189)
4(13886 10129 13814 5629)
4(13886 5629 13881 10130)
4(13886 10132 13884 5629)
4(2702 9117 13884 10132)
4(13886 5629 13885 10172)
4(2725 10172 13885 9186)
4(2726 10132 13884 9189)
4(2726 9189 13885 10172)
4(13887 9119 12740 5630)
4(13887 5630 13817 9120)
4(13888 5630 12740 9187)
4(13888 9189 13884 5630)
4(13888 5630 13887 9192)
4(2246 9192 13887 9119)
4(2246 9187 13888 9192)
4(13889 10131 13817 5630)
4(13889 5630 13884 10132)
4(13889 10134 13887 5630)
4(2703 9120 13887 10134)
4(13889 5630 13888 10174)
4(2726 10174 13888 9189)
4(2727 10134 13887 9192)
4(2727 9192 13888 10174)
4(13890 9122 12741 5631)
4(13890 5631 13820 9123)
4(13891 5631 12741 9190)
4(13891 9192 13887 5631)
4(13891 5631 13890 9195)
4(2247 9195 13890 9122)
4(2247 9190 13891 9195)
4(13892 10133 13820 5631)
4(13892 5631 13887 10134)
4(13892 10136 13890 5631)
4(2704 9123 13890 10136)
4(13892 5631 13891 10176)
4(2727 10176 13891 9192)
4(2728 10136 13890 9195)
4(2728 9195 13891 10176)
4(13893 9125 12742 5632)
4(13893 5632 13823 9126)
4(13894 5632 12742 9193)
4(13894 9195 13890 5632)
4(13894 5632 13893 9198)
4(2248 9198 13893 9125)
4(2248 9193 13894 9198)
4(13895 10135 13823 5632)
4(13895 5632 13890 10136)
4(13895 10138 13893 5632)
4(2705 9126 13893 10138)
4(13895 5632 13894 10178)
4(2728 10178 13894 9195)
4(2729 10138 13893 9198)
4(2729 9198 13894 10178)
4(13896 9128 12745 5633)
4(13896 5633 13826 9129)
4(2225 9124 12745 9128)
4(13897 5633 12745 9196)
4(13897 9198 13893 5633)
4(2248 9196 12745 9125)
4(13897 5633 13896 9201)
4(2249 9201 13896 9128)
4(2249 9196 13897 9201)
4(2249 9128 12745 9196)
4(13898 10137 13826 5633)
4(13898 5633 13893 10138)
4(13898 3850 13896 5633)
4(2706 9129 13896 3850)
4(13898 5633 13897 10180)
4(2729 10180 13897 9198)
4(2730 3850 13896 9201)
4(2730 9201 13897 10180)
4(13899 5634 13829 9131)
4(13900 9201 13896 5634)
4(4477 3849 13829 5634)
4(4477 5634 13896 3850)
4(2730 3854 13900 9201)
4(13901 9134 12751 5635)
4(13901 5635 13832 9135)
4(13902 5635 13901 9205)
4(2250 9205 13901 9134)
4(4478 3853 13901 5635)
4(2708 9135 13901 3853)
4(2731 3853 13901 9205)
4(13903 9137 12754 5636)
4(13903 5636 13834 9138)
4(13904 5636 12754 9203)
4(13904 9205 13901 5636)
4(13904 5636 13903 9208)
4(2251 9208 13903 9137)
4(2251 9203 13904 9208)
4(13905 10139 13834 5636)
4(13905 5636 13901 3853)
4(13905 10141 13903 5636)
4(2709 9138 13903 10141)
4(13905 5636 13904 3857)
4(2731 3857 13904 9205)
4(2732 10141 13903 9208)
4(2732 9208 13904 3857)
4(13906 9140 12755 5637)
4(13906 5637 13837 9141)
4(13907 5637 12755 9206)
4(13907 9208 13903 5637)
4(13907 5637 13906 9211)
4(2252 9211 13906 9140)
4(2252 9206 13907 9211)
4(13908 10140 13837 5637)
4(13908 5637 13903 10141)
4(13908 10143 13906 5637)
4(2710 9141 13906 10143)
4(13908 5637 13907 10182)
4(2732 10182 13907 9208)
4(2733 10143 13906 9211)
4(2733 9211 13907 10182)
4(13909 9143 12756 5638)
4(13909 5638 13840 9144)
4(13910 5638 12756 9209)
4(13910 9211 13906 5638)
4(13910 5638 13909 9214)
4(2253 9214 13909 9143)
4(2253 9209 13910 9214)
4(13911 10142 13840 5638)
4(13911 5638 13906 10143)
4(13911 10145 13909 5638)
4(2711 9144 13909 10145)
4(13911 5638 13910 10183)
4(2733 10183 13910 9211)
4(2734 10145 13909 9214)
4(2734 9214 13910 10183)
4(13912 9146 12757 5639)
4(13912 5639 13843 9147)
4(13913 5639 12757 9212)
4(13913 9214 13909 5639)
4(13913 5639 13912 9217)
4(2254 9217 13912 9146)
4(2254 9212 13913 9217)
4(13914 10144 13843 5639)
4(13914 5639 13909 10145)
4(13914 10147 13912 5639)
4(2712 9147 13912 10147)
4(13914 5639 13913 10185)
4(2734 10185 13913 9214)
4(2735 10147 13912 9217)
4(2735 9217 13913 10185)
4(13915 9149 12758 5640)
4(13915 5640 13846 9150)
4(13916 5640 12758 9215)
4(13916 9217 13912 5640)
4(13916 5640 13915 9220)
4(2255 9220 13915 9149)
4(2255 9215 13916 9220)
4(13917 10146 13846 5640)
4(13917 5640 13912 10147)
4(13917 10149 13915 5640)
4(2713 9150 13915 10149)
4(13917 5640 13916 10187)
4(2735 10187 13916 9217)
4(2736 10149 13915 9220)
4(2736 9220 13916 10187)
4(13918 9152 12759 5641)
4(13918 5641 13849 9153)
4(13919 5641 12759 9218)
4(13919 9220 13915 5641)
4(13919 5641 13918 9223)
4(2256 9223 13918 9152)
4(2256 9218 13919 9223)
4(13920 10148 13849 5641)
4(13920 5641 13915 10149)
4(13920 10151 13918 5641)
4(2714 9153 13918 10151)
4(13920 5641 13919 10189)
4(2736 10189 13919 9220)
4(2737 10151 13918 9223)
4(2737 9223 13919 10189)
4(13921 9155 12760 5642)
4(13921 5642 13852 9156)
4(13922 5642 12760 9221)
4(13922 9223 13918 5642)
4(13922 5642 13921 9226)
4(2257 9226 13921 9155)
4(2257 9221 13922 9226)
4(13923 10150 13852 5642)
4(13923 5642 13918 10151)
4(13923 10153 13921 5642)
4(2715 9156 13921 10153)
4(13923 5642 13922 10191)
4(2737 10191 13922 9223)
4(2738 10153 13921 9226)
4(2738 9226 13922 10191)
4(13924 9158 12761 5643)
4(13924 5643 13855 9159)
4(13925 5643 12761 9224)
4(13925 9226 13921 5643)
4(13925 5643 13924 9229)
4(2258 9229 13924 9158)
4(2258 9224 13925 9229)
4(13926 10152 13855 5643)
4(13926 5643 13921 10153)
4(13926 10155 13924 5643)
4(2716 9159 13924 10155)
4(13926 5643 13925 10193)
4(2738 10193 13925 9226)
4(2739 10155 13924 9229)
4(2739 9229 13925 10193)
4(13927 9161 12762 5644)
4(13927 5644 13858 9162)
4(13928 5644 12762 9227)
4(13928 9229 13924 5644)
4(13928 5644 13927 9232)
4(2259 9232 13927 9161)
4(2259 9227 13928 9232)
4(13929 10154 13858 5644)
4(13929 5644 13924 10155)
4(13929 10157 13927 5644)
4(2717 9162 13927 10157)
4(13929 5644 13928 10195)
4(2739 10195 13928 9229)
4(2740 10157 13927 9232)
4(2740 9232 13928 10195)
4(13930 9164 12763 5645)
4(13930 5645 13861 9165)
4(13931 5645 12763 9230)
4(13931 9232 13927 5645)
4(13931 5645 13930 9235)
4(2260 9235 13930 9164)
4(2260 9230 13931 9235)
4(13932 10156 13861 5645)
4(13932 5645 13927 10157)
4(13932 10159 13930 5645)
4(2718 9165 13930 10159)
4(13932 5645 13931 10197)
4(2740 10197 13931 9232)
4(2741 10159 13930 9235)
4(2741 9235 13931 10197)
4(13933 9167 12764 5646)
4(13933 5646 13864 9168)
4(13934 5646 12764 9233)
4(13934 9235 13930 5646)
4(13934 5646 13933 9238)
4(2261 9238 13933 9167)
4(2261 9233 13934 9238)
4(13935 10158 13864 5646)
4(13935 5646 13930 10159)
4(13935 10161 13933 5646)
4(2719 9168 13933 10161)
4(13935 5646 13934 10199)
4(2741 10199 13934 9235)
4(2742 10161 13933 9238)
4(2742 9238 13934 10199)
4(13936 9170 12765 5647)
4(13936 5647 13867 9171)
4(13937 5647 12765 9236)
4(13937 9238 13933 5647)
4(13937 5647 13936 9241)
4(2262 9241 13936 9170)
4(2262 9236 13937 9241)
4(13938 10160 13867 5647)
4(13938 5647 13933 10161)
4(13938 10163 13936 5647)
4(2720 9171 13936 10163)
4(13938 5647 13937 10201)
4(2742 10201 13937 9238)
4(2743 10163 13936 9241)
4(2743 9241 13937 10201)
4(13939 9173 12766 5648)
4(13939 5648 13870 9174)
4(13940 5648 12766 9239)
4(13940 9241 13936 5648)
4(13940 5648 13939 9244)
4(2263 9244 13939 9173)
4(2263 9239 13940 9244)
4(13941 10162 13870 5648)
4(13941 5648 13936 10163)
4(13941 10165 13939 5648)
4(2721 9174 13939 10165)
4(13941 5648 13940 10203)
4(2743 10203 13940 9241)
4(2744 10165 13939 9244)
4(2744 9244 13940 10203)
4(13942 9176 12767 5649)
4(13942 5649 13873 9177)
4(13943 5649 12767 9242)
4(13943 9244 13939 5649)
4(13943 5649 13942 9247)
4(2264 9247 13942 9176)
4(2264 9242 13943 9247)
4(13944 10164 13873 5649)
4(13944 5649 13939 10165)
4(13944 10167 13942 5649)
4(2722 9177 13942 10167)
4(13944 5649 13943 10205)
4(2744 10205 13943 9244)
4(2745 10167 13942 9247)
4(2745 9247 13943 10205)
4(13945 9179 12768 5650)
4(13945 5650 13876 9180)
4(13946 5650 12768 9245)
4(13946 9247 13942 5650)
4(13946 5650 13945 9250)
4(2265 9250 13945 9179)
4(2265 9245 13946 9250)
4(13947 10166 13876 5650)
4(13947 5650 13942 10167)
4(13947 10169 13945 5650)
4(2723 9180 13945 10169)
4(13947 5650 13946 10207)
4(2745 10207 13946 9247)
4(2746 10169 13945 9250)
4(2746 9250 13946 10207)
4(13948 9182 12769 5651)
4(13948 5651 13879 9183)
4(13949 5651 12769 9248)
4(13949 9250 13945 5651)
4(13949 5651 13948 9253)
4(2266 9253 13948 9182)
4(2266 9248 13949 9253)
4(13950 10168 13879 5651)
4(13950 5651 13945 10169)
4(13950 10171 13948 5651)
4(2724 9183 13948 10171)
4(13950 5651 13949 10209)
4(2746 10209 13949 9250)
4(2747 10171 13948 9253)
4(2747 9253 13949 10209)
4(13951 9185 12770 5652)
4(13951 5652 13882 9186)
4(13952 5652 12770 9251)
4(13952 9253 13948 5652)
4(13952 5652 13951 9256)
4(2267 9256 13951 9185)
4(2267 9251 13952 9256)
4(13953 10170 13882 5652)
4(13953 5652 13948 10171)
4(13953 10173 13951 5652)
4(2725 9186 13951 10173)
4(13953 5652 13952 10211)
4(2747 10211 13952 9253)
4(2748 10173 13951 9256)
4(2748 9256 13952 10211)
4(13954 9188 12771 5653)
4(13954 5653 13885 9189)
4(13955 5653 12771 9254)
4(13955 9256 13951 5653)
4(13955 5653 13954 9259)
4(2268 9259 13954 9188)
4(2268 9254 13955 9259)
4(13956 10172 13885 5653)
4(13956 5653 13951 10173)
4(13956 10175 13954 5653)
4(2726 9189 13954 10175)
4(13956 5653 13955 10213)
4(2748 10213 13955 9256)
4(2749 10175 13954 9259)
4(2749 9259 13955 10213)
4(13957 9191 12772 5654)
4(13957 5654 13888 9192)
4(13958 5654 12772 9257)
4(13958 9259 13954 5654)
4(13958 5654 13957 9262)
4(2269 9262 13957 9191)
4(2269 9257 13958 9262)
4(13959 10174 13888 5654)
4(13959 5654 13954 10175)
4(13959 10177 13957 5654)
4(2727 9192 13957 10177)
4(13959 5654 13958 10215)
4(2749 10215 13958 9259)
4(2750 10177 13957 9262)
4(2750 9262 13958 10215)
4(13960 9194 12773 5655)
4(13960 5655 13891 9195)
4(13961 5655 12773 9260)
4(13961 9262 13957 5655)
4(13961 5655 13960 9265)
4(2270 9265 13960 9194)
4(2270 9260 13961 9265)
4(13962 10176 13891 5655)
4(13962 5655 13957 10177)
4(13962 10179 13960 5655)
4(2728 9195 13960 10179)
4(13962 5655 13961 10217)
4(2750 10217 13961 9262)
4(2751 10179 13960 9265)
4(2751 9265 13961 10217)
4(13963 9197 12775 5656)
4(13963 5656 13894 9198)
4(13964 5656 12775 9263)
4(13964 9265 13960 5656)
4(13964 5656 13963 9268)
4(2271 9268 13963 9197)
4(2271 9263 13964 9268)
4(13965 10178 13894 5656)
4(13965 5656 13960 10179)
4(13965 10181 13963 5656)
4(2729 9198 13963 10181)
4(13965 5656 13964 10219)
4(2751 10219 13964 9265)
4(2752 10181 13963 9268)
4(2752 9268 13964 10219)
4(13966 9200 12778 5657)
4(13966 5657 13897 9201)
4(13967 5657 12778 9266)
4(13967 9268 13963 5657)
4(13967 5657 13966 9271)
4(2272 9271 13966 9200)
4(2272 9266 13967 9271)
4(13968 10180 13897 5657)
4(13968 5657 13963 10181)
4(13968 3855 13966 5657)
4(2730 9201 13966 3855)
4(13968 5657 13967 3860)
4(2752 3860 13967 9268)
4(2753 3855 13966 9271)
4(2753 9271 13967 3860)
4(13969 9271 13966 5658)
4(4479 5658 13966 3855)
4(13971 9207 12784 5659)
4(13971 5659 13904 9208)
4(13972 5659 12784 9272)
4(13972 9274 13970 5659)
4(13972 5659 13971 9277)
4(2274 9277 13971 9207)
4(2274 9272 13972 9277)
4(4480 3857 13904 5659)
4(4480 5659 13970 3858)
4(4480 3859 13971 5659)
4(2732 9208 13971 3859)
4(13972 3864 4480 5659)
4(2754 3864 13972 9274)
4(2755 3859 13971 9277)
4(2755 9277 13972 3864)
4(13973 9210 12785 5660)
4(13973 5660 13907 9211)
4(13974 5660 12785 9275)
4(13974 9277 13971 5660)
4(13974 5660 13973 9280)
4(2275 9280 13973 9210)
4(2275 9275 13974 9280)
4(13975 10182 13907 5660)
4(13975 5660 13971 3859)
4(13975 10184 13973 5660)
4(2733 9211 13973 10184)
4(13975 5660 13974 10221)
4(2755 10221 13974 9277)
4(2756 10184 13973 9280)
4(2756 9280 13974 10221)
4(13976 9213 12786 5661)
4(13976 5661 13910 9214)
4(13977 5661 12786 9278)
4(13977 9280 13973 5661)
4(13977 5661 13976 9283)
4(2276 9283 13976 9213)
4(2276 9278 13977 9283)
4(13978 10183 13910 5661)
4(13978 5661 13973 10184)
4(13978 10186 13976 5661)
4(2734 9214 13976 10186)
4(13978 5661 13977 10222)
4(2756 10222 13977 9280)
4(2757 10186 13976 9283)
4(2757 9283 13977 10222)
4(13979 9216 12787 5662)
4(13979 5662 13913 9217)
4(13980 5662 12787 9281)
4(13980 9283 13976 5662)
4(13980 5662 13979 9286)
4(2277 9286 13979 9216)
4(2277 9281 13980 9286)
4(13981 10185 13913 5662)
4(13981 5662 13976 10186)
4(13981 10188 13979 5662)
4(2735 9217 13979 10188)
4(13981 5662 13980 10224)
4(2757 10224 13980 9283)
4(2758 10188 13979 9286)
4(2758 9286 13980 10224)
4(13982 9219 12788 5663)
4(13982 5663 13916 9220)
4(13983 5663 12788 9284)
4(13983 9286 13979 5663)
4(13983 5663 13982 9289)
4(2278 9289 13982 9219)
4(2278 9284 13983 9289)
4(13984 10187 13916 5663)
4(13984 5663 13979 10188)
4(13984 10190 13982 5663)
4(2736 9220 13982 10190)
4(13984 5663 13983 10226)
4(2758 10226 13983 9286)
4(2759 10190 13982 9289)
4(2759 9289 13983 10226)
4(13985 9222 12789 5664)
4(13985 5664 13919 9223)
4(13986 5664 12789 9287)
4(13986 9289 13982 5664)
4(13986 5664 13985 9292)
4(2279 9292 13985 9222)
4(2279 9287 13986 9292)
4(13987 10189 13919 5664)
4(13987 5664 13982 10190)
4(13987 10192 13985 5664)
4(2737 9223 13985 10192)
4(13987 5664 13986 10228)
4(2759 10228 13986 9289)
4(2760 10192 13985 9292)
4(2760 9292 13986 10228)
4(13988 9225 12790 5665)
4(13988 5665 13922 9226)
4(13989 5665 12790 9290)
4(13989 9292 13985 5665)
4(13989 5665 13988 9295)
4(2280 9295 13988 9225)
4(2280 9290 13989 9295)
4(13990 10191 13922 5665)
4(13990 5665 13985 10192)
4(13990 10194 13988 5665)
4(2738 9226 13988 10194)
4(13990 5665 13989 10230)
4(2760 10230 13989 9292)
4(2761 10194 13988 9295)
4(2761 9295 13989 10230)
4(13991 9228 12791 5666)
4(13991 5666 13925 9229)
4(13992 5666 12791 9293)
4(13992 9295 13988 5666)
4(13992 5666 13991 9298)
4(2281 9298 13991 9228)
4(2281 9293 13992 9298)
4(13993 10193 13925 5666)
4(13993 5666 13988 10194)
4(13993 10196 13991 5666)
4(2739 9229 13991 10196)
4(13993 5666 13992 10232)
4(2761 10232 13992 9295)
4(2762 10196 13991 9298)
4(2762 9298 13992 10232)
4(13994 9231 12792 5667)
4(13994 5667 13928 9232)
4(13995 5667 12792 9296)
4(13995 9298 13991 5667)
4(13995 5667 13994 9301)
4(2282 9301 13994 9231)
4(2282 9296 13995 9301)
4(13996 10195 13928 5667)
4(13996 5667 13991 10196)
4(13996 10198 13994 5667)
4(2740 9232 13994 10198)
4(13996 5667 13995 10234)
4(2762 10234 13995 9298)
4(2763 10198 13994 9301)
4(2763 9301 13995 10234)
4(13997 9234 12793 5668)
4(13997 5668 13931 9235)
4(13998 5668 12793 9299)
4(13998 9301 13994 5668)
4(13998 5668 13997 9304)
4(2283 9304 13997 9234)
4(2283 9299 13998 9304)
4(13999 10197 13931 5668)
4(13999 5668 13994 10198)
4(13999 10200 13997 5668)
4(2741 9235 13997 10200)
4(13999 5668 13998 10236)
4(2763 10236 13998 9301)
4(2764 10200 13997 9304)
4(2764 9304 13998 10236)
4(14000 9237 12794 5669)
4(14000 5669 13934 9238)
4(14001 5669 12794 9302)
4(14001 9304 13997 5669)
4(14001 5669 14000 9307)
4(2284 9307 14000 9237)
4(2284 9302 14001 9307)
4(14002 10199 13934 5669)
4(14002 5669 13997 10200)
4(14002 10202 14000 5669)
4(2742 9238 14000 10202)
4(14002 5669 14001 10238)
4(2764 10238 14001 9304)
4(2765 10202 14000 9307)
4(2765 9307 14001 10238)
4(14003 9240 12795 5670)
4(14003 5670 13937 9241)
4(14004 5670 12795 9305)
4(14004 9307 14000 5670)
4(14004 5670 14003 9310)
4(2285 9310 14003 9240)
4(2285 9305 14004 9310)
4(14005 10201 13937 5670)
4(14005 5670 14000 10202)
4(14005 10204 14003 5670)
4(2743 9241 14003 10204)
4(14005 5670 14004 10240)
4(2765 10240 14004 9307)
4(2766 10204 14003 9310)
4(2766 9310 14004 10240)
4(14006 9243 12796 5671)
4(14006 5671 13940 9244)
4(14007 5671 12796 9308)
4(14007 9310 14003 5671)
4(14007 5671 14006 9313)
4(2286 9313 14006 9243)
4(2286 9308 14007 9313)
4(14008 10203 13940 5671)
4(14008 5671 14003 10204)
4(14008 10206 14006 5671)
4(2744 9244 14006 10206)
4(14008 5671 14007 10242)
4(2766 10242 14007 9310)
4(2767 10206 14006 9313)
4(2767 9313 14007 10242)
4(14009 9246 12797 5672)
4(14009 5672 13943 9247)
4(14010 5672 12797 9311)
4(14010 9313 14006 5672)
4(14010 5672 14009 9316)
4(2287 9316 14009 9246)
4(2287 9311 14010 9316)
4(14011 10205 13943 5672)
4(14011 5672 14006 10206)
4(14011 10208 14009 5672)
4(2745 9247 14009 10208)
4(14011 5672 14010 10244)
4(2767 10244 14010 9313)
4(2768 10208 14009 9316)
4(2768 9316 14010 10244)
4(14012 9249 12798 5673)
4(14012 5673 13946 9250)
4(14013 5673 12798 9314)
4(14013 9316 14009 5673)
4(14013 5673 14012 9319)
4(2288 9319 14012 9249)
4(2288 9314 14013 9319)
4(14014 10207 13946 5673)
4(14014 5673 14009 10208)
4(14014 10210 14012 5673)
4(2746 9250 14012 10210)
4(14014 5673 14013 10246)
4(2768 10246 14013 9316)
4(2769 10210 14012 9319)
4(2769 9319 14013 10246)
4(14015 9252 12799 5674)
4(14015 5674 13949 9253)
4(14016 5674 12799 9317)
4(14016 9319 14012 5674)
4(14016 5674 14015 9322)
4(2289 9322 14015 9252)
4(2289 9317 14016 9322)
4(14017 10209 13949 5674)
4(14017 5674 14012 10210)
4(14017 10212 14015 5674)
4(2747 9253 14015 10212)
4(14017 5674 14016 10248)
4(2769 10248 14016 9319)
4(2770 10212 14015 9322)
4(2770 9322 14016 10248)
4(14018 9255 12800 5675)
4(14018 5675 13952 9256)
4(14019 5675 12800 9320)
4(14019 9322 14015 5675)
4(14019 5675 14018 9325)
4(2290 9325 14018 9255)
4(2290 9320 14019 9325)
4(14020 10211 13952 5675)
4(14020 5675 14015 10212)
4(14020 10214 14018 5675)
4(2748 9256 14018 10214)
4(14020 5675 14019 10250)
4(2770 10250 14019 9322)
4(2771 10214 14018 9325)
4(2771 9325 14019 10250)
4(14021 9258 12801 5676)
4(14021 5676 13955 9259)
4(14022 5676 12801 9323)
4(14022 9325 14018 5676)
4(14022 5676 14021 9328)
4(2291 9328 14021 9258)
4(2291 9323 14022 9328)
4(14023 10213 13955 5676)
4(14023 5676 14018 10214)
4(14023 10216 14021 5676)
4(2749 9259 14021 10216)
4(14023 5676 14022 10252)
4(2771 10252 14022 9325)
4(2772 10216 14021 9328)
4(2772 9328 14022 10252)
4(14024 9261 12802 5677)
4(14024 5677 13958 9262)
4(14025 5677 12802 9326)
4(14025 9328 14021 5677)
4(14025 5677 14024 9331)
4(2292 9331 14024 9261)
4(2292 9326 14025 9331)
4(14026 10215 13958 5677)
4(14026 5677 14021 10216)
4(14026 10218 14024 5677)
4(2750 9262 14024 10218)
4(14026 5677 14025 10254)
4(2772 10254 14025 9328)
4(2773 10218 14024 9331)
4(2773 9331 14025 10254)
4(14027 9264 12803 5678)
4(14027 5678 13961 9265)
4(14028 5678 12803 9329)
4(14028 9331 14024 5678)
4(14028 5678 14027 9334)
4(2293 9334 14027 9264)
4(2293 9329 14028 9334)
4(14029 10217 13961 5678)
4(14029 5678 14024 10218)
4(14029 10220 14027 5678)
4(2751 9265 14027 10220)
4(14029 5678 14028 10256)
4(2773 10256 14028 9331)
4(2774 10220 14027 9334)
4(2774 9334 14028 10256)
4(14030 9267 12805 5679)
4(14030 5679 13964 9268)
4(14031 5679 12805 9332)
4(14031 9334 14027 5679)
4(14031 5679 14030 9337)
4(2294 9337 14030 9267)
4(2294 9332 14031 9337)
4(14032 10219 13964 5679)
4(14032 5679 14027 10220)
4(14032 3861 14030 5679)
4(2752 9268 14030 3861)
4(14032 5679 14031 10258)
4(2774 10258 14031 9334)
4(2775 3861 14030 9337)
4(2775 9337 14031 10258)
4(14033 9270 12808 5680)
4(14033 5680 13967 9271)
4(14034 5680 12808 9335)
4(14034 9337 14030 5680)
4(14034 5680 14033 9339)
4(2295 9335 14034 9339)
4(4481 3860 13967 5680)
4(4481 5680 14030 3861)
4(4481 3863 14033 5680)
4(14034 3867 4481 5680)
4(2775 3867 14034 9337)
4(2776 9339 14034 3867)
4(14036 9276 12812 5681)
4(14036 5681 13972 9277)
4(14037 5681 14036 9343)
4(2296 9343 14036 9276)
4(4482 3864 13972 5681)
4(4482 3866 14036 5681)
4(2755 9277 14036 3866)
4(2777 3866 14036 9343)
4(14038 9279 12814 5682)
4(14038 5682 13974 9280)
4(2275 9275 12814 9279)
4(14039 5682 12814 9341)
4(14039 9343 14036 5682)
4(2296 9341 12814 9276)
4(14039 5682 14038 9346)
4(2297 9346 14038 9279)
4(2297 9341 14039 9346)
4(2297 9279 12814 9341)
4(14040 10221 13974 5682)
4(14040 5682 14036 3866)
4(14040 10223 14038 5682)
4(2756 9280 14038 10223)
4(14040 5682 14039 3871)
4(2777 3871 14039 9343)
4(2778 10223 14038 9346)
4(2778 9346 14039 3871)
4(14041 9282 12815 5683)
4(14041 5683 13977 9283)
4(14042 5683 12815 9344)
4(14042 9346 14038 5683)
4(14042 5683 14041 9349)
4(2298 9349 14041 9282)
4(2298 9344 14042 9349)
4(14043 10222 13977 5683)
4(14043 5683 14038 10223)
4(14043 10225 14041 5683)
4(2757 9283 14041 10225)
4(14043 5683 14042 10260)
4(2778 10260 14042 9346)
4(2779 10225 14041 9349)
4(2779 9349 14042 10260)
4(14044 9285 12816 5684)
4(14044 5684 13980 9286)
4(14045 5684 12816 9347)
4(14045 9349 14041 5684)
4(14045 5684 14044 9352)
4(2299 9352 14044 9285)
4(2299 9347 14045 9352)
4(14046 10224 13980 5684)
4(14046 5684 14041 10225)
4(14046 10227 14044 5684)
4(2758 9286 14044 10227)
4(14046 5684 14045 10261)
4(2779 10261 14045 9349)
4(2780 10227 14044 9352)
4(2780 9352 14045 10261)
4(14047 9288 12817 5685)
4(14047 5685 13983 9289)
4(14048 5685 12817 9350)
4(14048 9352 14044 5685)
4(14048 5685 14047 9355)
4(2300 9355 14047 9288)
4(2300 9350 14048 9355)
4(14049 10226 13983 5685)
4(14049 5685 14044 10227)
4(14049 10229 14047 5685)
4(2759 9289 14047 10229)
4(14049 5685 14048 10263)
4(2780 10263 14048 9352)
4(2781 10229 14047 9355)
4(2781 9355 14048 10263)
4(14050 9291 12818 5686)
4(14050 5686 13986 9292)
4(14051 5686 12818 9353)
4(14051 9355 14047 5686)
4(14051 5686 14050 9358)
4(2301 9358 14050 9291)
4(2301 9353 14051 9358)
4(14052 10228 13986 5686)
4(14052 5686 14047 10229)
4(14052 10231 14050 5686)
4(2760 9292 14050 10231)
4(14052 5686 14051 10265)
4(2781 10265 14051 9355)
4(2782 10231 14050 9358)
4(2782 9358 14051 10265)
4(14053 9294 12819 5687)
4(14053 5687 13989 9295)
4(14054 5687 12819 9356)
4(14054 9358 14050 5687)
4(14054 5687 14053 9361)
4(2302 9361 14053 9294)
4(2302 9356 14054 9361)
4(14055 10230 13989 5687)
4(14055 5687 14050 10231)
4(14055 10233 14053 5687)
4(2761 9295 14053 10233)
4(14055 5687 14054 10267)
4(2782 10267 14054 9358)
4(2783 10233 14053 9361)
4(2783 9361 14054 10267)
4(14056 9297 12820 5688)
4(14056 5688 13992 9298)
4(14057 5688 12820 9359)
4(14057 9361 14053 5688)
4(14057 5688 14056 9364)
4(2303 9364 14056 9297)
4(2303 9359 14057 9364)
4(14058 10232 13992 5688)
4(14058 5688 14053 10233)
4(14058 10235 14056 5688)
4(2762 9298 14056 10235)
4(14058 5688 14057 10269)
4(2783 10269 14057 9361)
4(2784 10235 14056 9364)
4(2784 9364 14057 10269)
4(14059 9300 12821 5689)
4(14059 5689 13995 9301)
4(14060 5689 12821 9362)
4(14060 9364 14056 5689)
4(14060 5689 14059 9367)
4(2304 9367 14059 9300)
4(2304 9362 14060 9367)
4(14061 10234 13995 5689)
4(14061 5689 14056 10235)
4(14061 10237 14059 5689)
4(2763 9301 14059 10237)
4(14061 5689 14060 10271)
4(2784 10271 14060 9364)
4(2785 10237 14059 9367)
4(2785 9367 14060 10271)
4(14062 9303 12822 5690)
4(14062 5690 13998 9304)
4(14063 5690 12822 9365)
4(14063 9367 14059 5690)
4(14063 5690 14062 9370)
4(2305 9370 14062 9303)
4(2305 9365 14063 9370)
4(14064 10236 13998 5690)
4(14064 5690 14059 10237)
4(14064 10239 14062 5690)
4(2764 9304 14062 10239)
4(14064 5690 14063 10273)
4(2785 10273 14063 9367)
4(2786 10239 14062 9370)
4(2786 9370 14063 10273)
4(14065 9306 12823 5691)
4(14065 5691 14001 9307)
4(14066 5691 12823 9368)
4(14066 9370 14062 5691)
4(14066 5691 14065 9373)
4(2306 9373 14065 9306)
4(2306 9368 14066 9373)
4(14067 10238 14001 5691)
4(14067 5691 14062 10239)
4(14067 10241 14065 5691)
4(2765 9307 14065 10241)
4(14067 5691 14066 10275)
4(2786 10275 14066 9370)
4(2787 10241 14065 9373)
4(2787 9373 14066 10275)
4(14068 9309 12824 5692)
4(14068 5692 14004 9310)
4(14069 5692 12824 9371)
4(14069 9373 14065 5692)
4(14069 5692 14068 9376)
4(2307 9376 14068 9309)
4(2307 9371 14069 9376)
4(14070 10240 14004 5692)
4(14070 5692 14065 10241)
4(14070 10243 14068 5692)
4(2766 9310 14068 10243)
4(14070 5692 14069 10277)
4(2787 10277 14069 9373)
4(2788 10243 14068 9376)
4(2788 9376 14069 10277)
4(14071 9312 12825 5693)
4(14071 5693 14007 9313)
4(14072 5693 12825 9374)
4(14072 9376 14068 5693)
4(14072 5693 14071 9379)
4(2308 9379 14071 9312)
4(2308 9374 14072 9379)
4(14073 10242 14007 5693)
4(14073 5693 14068 10243)
4(14073 10245 14071 5693)
4(2767 9313 14071 10245)
4(14073 5693 14072 10279)
4(2788 10279 14072 9376)
4(2789 10245 14071 9379)
4(2789 9379 14072 10279)
4(14074 9315 12826 5694)
4(14074 5694 14010 9316)
4(14075 5694 12826 9377)
4(14075 9379 14071 5694)
4(14075 5694 14074 9382)
4(2309 9382 14074 9315)
4(2309 9377 14075 9382)
4(14076 10244 14010 5694)
4(14076 5694 14071 10245)
4(14076 10247 14074 5694)
4(2768 9316 14074 10247)
4(14076 5694 14075 10281)
4(2789 10281 14075 9379)
4(2790 10247 14074 9382)
4(2790 9382 14075 10281)
4(14077 9318 12827 5695)
4(14077 5695 14013 9319)
4(14078 5695 12827 9380)
4(14078 9382 14074 5695)
4(14078 5695 14077 9385)
4(2310 9385 14077 9318)
4(2310 9380 14078 9385)
4(14079 10246 14013 5695)
4(14079 5695 14074 10247)
4(14079 10249 14077 5695)
4(2769 9319 14077 10249)
4(14079 5695 14078 10283)
4(2790 10283 14078 9382)
4(2791 10249 14077 9385)
4(2791 9385 14078 10283)
4(14080 9321 12828 5696)
4(14080 5696 14016 9322)
4(14081 5696 12828 9383)
4(14081 9385 14077 5696)
4(14081 5696 14080 9388)
4(2311 9388 14080 9321)
4(2311 9383 14081 9388)
4(14082 10248 14016 5696)
4(14082 5696 14077 10249)
4(14082 10251 14080 5696)
4(2770 9322 14080 10251)
4(14082 5696 14081 10285)
4(2791 10285 14081 9385)
4(2792 10251 14080 9388)
4(2792 9388 14081 10285)
4(14083 9324 12829 5697)
4(14083 5697 14019 9325)
4(14084 5697 12829 9386)
4(14084 9388 14080 5697)
4(14084 5697 14083 9391)
4(2312 9391 14083 9324)
4(2312 9386 14084 9391)
4(14085 10250 14019 5697)
4(14085 5697 14080 10251)
4(14085 10253 14083 5697)
4(2771 9325 14083 10253)
4(14085 5697 14084 10287)
4(2792 10287 14084 9388)
4(2793 10253 14083 9391)
4(2793 9391 14084 10287)
4(14086 9327 12830 5698)
4(14086 5698 14022 9328)
4(14087 5698 12830 9389)
4(14087 9391 14083 5698)
4(14087 5698 14086 9394)
4(2313 9394 14086 9327)
4(2313 9389 14087 9394)
4(14088 10252 14022 5698)
4(14088 5698 14083 10253)
4(14088 10255 14086 5698)
4(2772 9328 14086 10255)
4(14088 5698 14087 10289)
4(2793 10289 14087 9391)
4(2794 10255 14086 9394)
4(2794 9394 14087 10289)
4(14089 9330 12831 5699)
4(14089 5699 14025 9331)
4(14090 5699 12831 9392)
4(14090 9394 14086 5699)
4(14090 5699 14089 9397)
4(2314 9397 14089 9330)
4(2314 9392 14090 9397)
4(14091 10254 14025 5699)
4(14091 5699 14086 10255)
4(14091 10257 14089 5699)
4(2773 9331 14089 10257)
4(14091 5699 14090 10291)
4(2794 10291 14090 9394)
4(2795 10257 14089 9397)
4(2795 9397 14090 10291)
4(14092 9333 12832 5700)
4(14092 5700 14028 9334)
4(14093 5700 12832 9395)
4(14093 9397 14089 5700)
4(14093 5700 14092 9400)
4(2315 9400 14092 9333)
4(2315 9395 14093 9400)
4(14094 10256 14028 5700)
4(14094 5700 14089 10257)
4(14094 10259 14092 5700)
4(2774 9334 14092 10259)
4(14094 5700 14093 10293)
4(2795 10293 14093 9397)
4(2796 10259 14092 9400)
4(2796 9400 14093 10293)
4(14095 9336 12835 5701)
4(14095 5701 14031 9337)
4(2294 9332 12835 9336)
4(14096 5701 12835 9398)
4(14096 9400 14092 5701)
4(2315 9398 12835 9333)
4(14096 5701 14095 9403)
4(2316 9403 14095 9336)
4(2316 9398 14096 9403)
4(2316 9336 12835 9398)
4(14097 10258 14031 5701)
4(14097 5701 14092 10259)
4(14097 3868 14095 5701)
4(2775 9337 14095 3868)
4(14097 5701 14096 3874)
4(2796 3874 14096 9400)
4(2797 3868 14095 9403)
4(2797 9403 14096 3874)
4(14098 5702 14034 9339)
4(14099 9403 14095 5702)
4(4483 3867 14034 5702)
4(4483 5702 14095 3868)
4(14101 9345 12842 5703)
4(14101 5703 14039 9346)
4(14102 5703 12842 9404)
4(14102 9405 14100 5703)
4(14102 5703 14101 9408)
4(2318 9408 14101 9345)
4(2318 9404 14102 9408)
4(4484 3871 14039 5703)
4(4484 5703 14100 3872)
4(4484 3873 14101 5703)
4(2778 9346 14101 3873)
4(14102 3878 4484 5703)
4(2799 3873 14101 9408)
4(2799 9408 14102 3878)
4(14103 9348 12844 5704)
4(14103 5704 14042 9349)
4(14104 5704 12844 9406)
4(14104 9408 14101 5704)
4(14104 5704 14103 9411)
4(2319 9411 14103 9348)
4(2319 9406 14104 9411)
4(14105 10260 14042 5704)
4(14105 5704 14101 3873)
4(14105 10262 14103 5704)
4(2779 9349 14103 10262)
4(14105 5704 14104 3879)
4(2799 3879 14104 9408)
4(2800 10262 14103 9411)
4(2800 9411 14104 3879)
4(14106 9351 12845 5705)
4(14106 5705 14045 9352)
4(14107 5705 12845 9409)
4(14107 9411 14103 5705)
4(14107 5705 14106 9414)
4(2320 9414 14106 9351)
4(2320 9409 14107 9414)
4(14108 10261 14045 5705)
4(14108 5705 14103 10262)
4(14108 10264 14106 5705)
4(2780 9352 14106 10264)
4(14108 5705 14107 10295)
4(2800 10295 14107 9411)
4(2801 10264 14106 9414)
4(2801 9414 14107 10295)
4(14109 9354 12846 5706)
4(14109 5706 14048 9355)
4(14110 5706 12846 9412)
4(14110 9414 14106 5706)
4(14110 5706 14109 9417)
4(2321 9417 14109 9354)
4(2321 9412 14110 9417)
4(14111 10263 14048 5706)
4(14111 5706 14106 10264)
4(14111 10266 14109 5706)
4(2781 9355 14109 10266)
4(14111 5706 14110 10296)
4(2801 10296 14110 9414)
4(2802 10266 14109 9417)
4(2802 9417 14110 10296)
4(14112 9357 12847 5707)
4(14112 5707 14051 9358)
4(14113 5707 12847 9415)
4(14113 9417 14109 5707)
4(14113 5707 14112 9420)
4(2322 9420 14112 9357)
4(2322 9415 14113 9420)
4(14114 10265 14051 5707)
4(14114 5707 14109 10266)
4(14114 10268 14112 5707)
4(2782 9358 14112 10268)
4(14114 5707 14113 10298)
4(2802 10298 14113 9417)
4(2803 10268 14112 9420)
4(2803 9420 14113 10298)
4(14115 9360 12848 5708)
4(14115 5708 14054 9361)
4(14116 5708 12848 9418)
4(14116 9420 14112 5708)
4(14116 5708 14115 9423)
4(2323 9423 14115 9360)
4(2323 9418 14116 9423)
4(14117 10267 14054 5708)
4(14117 5708 14112 10268)
4(14117 10270 14115 5708)
4(2783 9361 14115 10270)
4(14117 5708 14116 10300)
4(2803 10300 14116 9420)
4(2804 10270 14115 9423)
4(2804 9423 14116 10300)
4(14118 9363 12849 5709)
4(14118 5709 14057 9364)
4(14119 5709 12849 9421)
4(14119 9423 14115 5709)
4(14119 5709 14118 9426)
4(2324 9426 14118 9363)
4(2324 9421 14119 9426)
4(14120 10269 14057 5709)
4(14120 5709 14115 10270)
4(14120 10272 14118 5709)
4(2784 9364 14118 10272)
4(14120 5709 14119 10302)
4(2804 10302 14119 9423)
4(2805 10272 14118 9426)
4(2805 9426 14119 10302)
4(14121 9366 12850 5710)
4(14121 5710 14060 9367)
4(14122 5710 12850 9424)
4(14122 9426 14118 5710)
4(14122 5710 14121 9429)
4(2325 9429 14121 9366)
4(2325 9424 14122 9429)
4(14123 10271 14060 5710)
4(14123 5710 14118 10272)
4(14123 10274 14121 5710)
4(2785 9367 14121 10274)
4(14123 5710 14122 10304)
4(2805 10304 14122 9426)
4(2806 10274 14121 9429)
4(2806 9429 14122 10304)
4(14124 9369 12851 5711)
4(14124 5711 14063 9370)
4(14125 5711 12851 9427)
4(14125 9429 14121 5711)
4(14125 5711 14124 9432)
4(2326 9432 14124 9369)
4(2326 9427 14125 9432)
4(14126 10273 14063 5711)
4(14126 5711 14121 10274)
4(14126 10276 14124 5711)
4(2786 9370 14124 10276)
4(14126 5711 14125 10306)
4(2806 10306 14125 9429)
4(2807 10276 14124 9432)
4(2807 9432 14125 10306)
4(14127 9372 12852 5712)
4(14127 5712 14066 9373)
4(14128 5712 12852 9430)
4(14128 9432 14124 5712)
4(14128 5712 14127 9435)
4(2327 9435 14127 9372)
4(2327 9430 14128 9435)
4(14129 10275 14066 5712)
4(14129 5712 14124 10276)
4(14129 10278 14127 5712)
4(2787 9373 14127 10278)
4(14129 5712 14128 10308)
4(2807 10308 14128 9432)
4(2808 10278 14127 9435)
4(2808 9435 14128 10308)
4(14130 9375 12853 5713)
4(14130 5713 14069 9376)
4(14131 5713 12853 9433)
4(14131 9435 14127 5713)
4(14131 5713 14130 9438)
4(2328 9438 14130 9375)
4(2328 9433 14131 9438)
4(14132 10277 14069 5713)
4(14132 5713 14127 10278)
4(14132 10280 14130 5713)
4(2788 9376 14130 10280)
4(14132 5713 14131 10310)
4(2808 10310 14131 9435)
4(2809 10280 14130 9438)
4(2809 9438 14131 10310)
4(14133 9378 12854 5714)
4(14133 5714 14072 9379)
4(14134 5714 12854 9436)
4(14134 9438 14130 5714)
4(14134 5714 14133 9441)
4(2329 9441 14133 9378)
4(2329 9436 14134 9441)
4(14135 10279 14072 5714)
4(14135 5714 14130 10280)
4(14135 10282 14133 5714)
4(2789 9379 14133 10282)
4(14135 5714 14134 10312)
4(2809 10312 14134 9438)
4(2810 10282 14133 9441)
4(2810 9441 14134 10312)
4(14136 9381 12855 5715)
4(14136 5715 14075 9382)
4(14137 5715 12855 9439)
4(14137 9441 14133 5715)
4(14137 5715 14136 9444)
4(2330 9444 14136 9381)
4(2330 9439 14137 9444)
4(14138 10281 14075 5715)
4(14138 5715 14133 10282)
4(14138 10284 14136 5715)
4(2790 9382 14136 10284)
4(14138 5715 14137 10314)
4(2810 10314 14137 9441)
4(2811 10284 14136 9444)
4(2811 9444 14137 10314)
4(14139 9384 12856 5716)
4(14139 5716 14078 9385)
4(14140 5716 12856 9442)
4(14140 9444 14136 5716)
4(14140 5716 14139 9447)
4(2331 9447 14139 9384)
4(2331 9442 14140 9447)
4(14141 10283 14078 5716)
4(14141 5716 14136 10284)
4(14141 10286 14139 5716)
4(2791 9385 14139 10286)
4(14141 5716 14140 10316)
4(2811 10316 14140 9444)
4(2812 10286 14139 9447)
4(2812 9447 14140 10316)
4(14142 9387 12857 5717)
4(14142 5717 14081 9388)
4(14143 5717 12857 9445)
4(14143 9447 14139 5717)
4(14143 5717 14142 9450)
4(2332 9450 14142 9387)
4(2332 9445 14143 9450)
4(14144 10285 14081 5717)
4(14144 5717 14139 10286)
4(14144 10288 14142 5717)
4(2792 9388 14142 10288)
4(14144 5717 14143 10318)
4(2812 10318 14143 9447)
4(2813 10288 14142 9450)
4(2813 9450 14143 10318)
4(14145 9390 12858 5718)
4(14145 5718 14084 9391)
4(14146 5718 12858 9448)
4(14146 9450 14142 5718)
4(14146 5718 14145 9453)
4(2333 9453 14145 9390)
4(2333 9448 14146 9453)
4(14147 10287 14084 5718)
4(14147 5718 14142 10288)
4(14147 10290 14145 5718)
4(2793 9391 14145 10290)
4(14147 5718 14146 10320)
4(2813 10320 14146 9450)
4(2814 10290 14145 9453)
4(2814 9453 14146 10320)
4(14148 9393 12859 5719)
4(14148 5719 14087 9394)
4(14149 5719 12859 9451)
4(14149 9453 14145 5719)
4(14149 5719 14148 9456)
4(2334 9456 14148 9393)
4(2334 9451 14149 9456)
4(14150 10289 14087 5719)
4(14150 5719 14145 10290)
4(14150 10292 14148 5719)
4(2794 9394 14148 10292)
4(14150 5719 14149 10322)
4(2814 10322 14149 9453)
4(2815 10292 14148 9456)
4(2815 9456 14149 10322)
4(14151 9396 12860 5720)
4(14151 5720 14090 9397)
4(14152 5720 12860 9454)
4(14152 9456 14148 5720)
4(14152 5720 14151 9459)
4(2335 9459 14151 9396)
4(2335 9454 14152 9459)
4(14153 10291 14090 5720)
4(14153 5720 14148 10292)
4(14153 10294 14151 5720)
4(2795 9397 14151 10294)
4(14153 5720 14152 10324)
4(2815 10324 14152 9456)
4(2816 10294 14151 9459)
4(2816 9459 14152 10324)
4(14154 9399 12863 5721)
4(14154 5721 14093 9400)
4(14155 5721 12863 9457)
4(14155 9459 14151 5721)
4(14155 5721 14154 9462)
4(2336 9462 14154 9399)
4(2336 9457 14155 9462)
4(14156 10293 14093 5721)
4(14156 5721 14151 10294)
4(14156 3875 14154 5721)
4(2796 9400 14154 3875)
4(14156 5721 14155 3882)
4(2816 3882 14155 9459)
4(2817 3875 14154 9462)
4(2817 9462 14155 3882)
4(14157 9402 12866 5722)
4(14157 5722 14096 9403)
4(14158 5722 12866 9460)
4(14158 9462 14154 5722)
4(14158 5722 14157 9463)
4(4485 3874 14096 5722)
4(4485 5722 14154 3875)
4(4485 3877 14157 5722)
4(14158 3884 4485 5722)
4(2817 3884 14158 9462)
4(14159 5723 14102 9408)
4(2799 9408 14159 3880)
4(14160 9410 12871 5724)
4(14160 5724 14104 9411)
4(14161 5724 12871 9464)
4(14161 9465 14159 5724)
4(14161 5724 14160 9468)
4(2339 9468 14160 9410)
4(2339 9464 14161 9468)
4(4487 3879 14104 5724)
4(4487 5724 14159 3880)
4(4487 3881 14160 5724)
4(2800 9411 14160 3881)
4(14161 3886 4487 5724)
4(2820 3881 14160 9468)
4(2820 9468 14161 3886)
4(14162 9413 12873 5725)
4(14162 5725 14107 9414)
4(14163 5725 12873 9466)
4(14163 9468 14160 5725)
4(14163 5725 14162 9471)
4(2340 9471 14162 9413)
4(2340 9466 14163 9471)
4(14164 10295 14107 5725)
4(14164 5725 14160 3881)
4(14164 10297 14162 5725)
4(2801 9414 14162 10297)
4(14164 5725 14163 3887)
4(2820 3887 14163 9468)
4(2821 10297 14162 9471)
4(2821 9471 14163 3887)
4(14165 9416 12874 5726)
4(14165 5726 14110 9417)
4(14166 5726 12874 9469)
4(14166 9471 14162 5726)
4(14166 5726 14165 9474)
4(2341 9474 14165 9416)
4(2341 9469 14166 9474)
4(14167 10296 14110 5726)
4(14167 5726 14162 10297)
4(14167 10299 14165 5726)
4(2802 9417 14165 10299)
4(14167 5726 14166 10326)
4(2821 10326 14166 9471)
4(2822 10299 14165 9474)
4(2822 9474 14166 10326)
4(14168 9419 12875 5727)
4(14168 5727 14113 9420)
4(14169 5727 12875 9472)
4(14169 9474 14165 5727)
4(14169 5727 14168 9477)
4(2342 9477 14168 9419)
4(2342 9472 14169 9477)
4(14170 10298 14113 5727)
4(14170 5727 14165 10299)
4(14170 10301 14168 5727)
4(2803 9420 14168 10301)
4(14170 5727 14169 10327)
4(2822 10327 14169 9474)
4(2823 10301 14168 9477)
4(2823 9477 14169 10327)
4(14171 9422 12876 5728)
4(14171 5728 14116 9423)
4(14172 5728 12876 9475)
4(14172 9477 14168 5728)
4(14172 5728 14171 9480)
4(2343 9480 14171 9422)
4(2343 9475 14172 9480)
4(14173 10300 14116 5728)
4(14173 5728 14168 10301)
4(14173 10303 14171 5728)
4(2804 9423 14171 10303)
4(14173 5728 14172 10329)
4(2823 10329 14172 9477)
4(2824 10303 14171 9480)
4(2824 9480 14172 10329)
4(14174 9425 12877 5729)
4(14174 5729 14119 9426)
4(14175 5729 12877 9478)
4(14175 9480 14171 5729)
4(14175 5729 14174 9483)
4(2344 9483 14174 9425)
4(2344 9478 14175 9483)
4(14176 10302 14119 5729)
4(14176 5729 14171 10303)
4(14176 10305 14174 5729)
4(2805 9426 14174 10305)
4(14176 5729 14175 10331)
4(2824 10331 14175 9480)
4(2825 10305 14174 9483)
4(2825 9483 14175 10331)
4(14177 9428 12878 5730)
4(14177 5730 14122 9429)
4(14178 5730 12878 9481)
4(14178 9483 14174 5730)
4(14178 5730 14177 9486)
4(2345 9486 14177 9428)
4(2345 9481 14178 9486)
4(14179 10304 14122 5730)
4(14179 5730 14174 10305)
4(14179 10307 14177 5730)
4(2806 9429 14177 10307)
4(14179 5730 14178 10333)
4(2825 10333 14178 9483)
4(2826 10307 14177 9486)
4(2826 9486 14178 10333)
4(14180 9431 12879 5731)
4(14180 5731 14125 9432)
4(14181 5731 12879 9484)
4(14181 9486 14177 5731)
4(14181 5731 14180 9489)
4(2346 9489 14180 9431)
4(2346 9484 14181 9489)
4(14182 10306 14125 5731)
4(14182 5731 14177 10307)
4(14182 10309 14180 5731)
4(2807 9432 14180 10309)
4(14182 5731 14181 10335)
4(2826 10335 14181 9486)
4(2827 10309 14180 9489)
4(2827 9489 14181 10335)
4(14183 9434 12880 5732)
4(14183 5732 14128 9435)
4(14184 5732 12880 9487)
4(14184 9489 14180 5732)
4(14184 5732 14183 9492)
4(2347 9492 14183 9434)
4(2347 9487 14184 9492)
4(14185 10308 14128 5732)
4(14185 5732 14180 10309)
4(14185 10311 14183 5732)
4(2808 9435 14183 10311)
4(14185 5732 14184 10337)
4(2827 10337 14184 9489)
4(2828 10311 14183 9492)
4(2828 9492 14184 10337)
4(14186 9437 12881 5733)
4(14186 5733 14131 9438)
4(14187 5733 12881 9490)
4(14187 9492 14183 5733)
4(14187 5733 14186 9495)
4(2348 9495 14186 9437)
4(2348 9490 14187 9495)
4(14188 10310 14131 5733)
4(14188 5733 14183 10311)
4(14188 10313 14186 5733)
4(2809 9438 14186 10313)
4(14188 5733 14187 10339)
4(2828 10339 14187 9492)
4(2829 10313 14186 9495)
4(2829 9495 14187 10339)
4(14189 9440 12882 5734)
4(14189 5734 14134 9441)
4(14190 5734 12882 9493)
4(14190 9495 14186 5734)
4(14190 5734 14189 9498)
4(2349 9498 14189 9440)
4(2349 9493 14190 9498)
4(14191 10312 14134 5734)
4(14191 5734 14186 10313)
4(14191 10315 14189 5734)
4(2810 9441 14189 10315)
4(14191 5734 14190 10341)
4(2829 10341 14190 9495)
4(2830 10315 14189 9498)
4(2830 9498 14190 10341)
4(14192 9443 12883 5735)
4(14192 5735 14137 9444)
4(14193 5735 12883 9496)
4(14193 9498 14189 5735)
4(14193 5735 14192 9501)
4(2350 9501 14192 9443)
4(2350 9496 14193 9501)
4(14194 10314 14137 5735)
4(14194 5735 14189 10315)
4(14194 10317 14192 5735)
4(2811 9444 14192 10317)
4(14194 5735 14193 10343)
4(2830 10343 14193 9498)
4(2831 10317 14192 9501)
4(2831 9501 14193 10343)
4(14195 9446 12884 5736)
4(14195 5736 14140 9447)
4(14196 5736 12884 9499)
4(14196 9501 14192 5736)
4(14196 5736 14195 9504)
4(2351 9504 14195 9446)
4(2351 9499 14196 9504)
4(14197 10316 14140 5736)
4(14197 5736 14192 10317)
4(14197 10319 14195 5736)
4(2812 9447 14195 10319)
4(14197 5736 14196 10345)
4(2831 10345 14196 9501)
4(2832 10319 14195 9504)
4(2832 9504 14196 10345)
4(14198 9449 12885 5737)
4(14198 5737 14143 9450)
4(14199 5737 12885 9502)
4(14199 9504 14195 5737)
4(14199 5737 14198 9507)
4(2352 9507 14198 9449)
4(2352 9502 14199 9507)
4(14200 10318 14143 5737)
4(14200 5737 14195 10319)
4(14200 10321 14198 5737)
4(2813 9450 14198 10321)
4(14200 5737 14199 10347)
4(2832 10347 14199 9504)
4(2833 10321 14198 9507)
4(2833 9507 14199 10347)
4(14201 9452 12886 5738)
4(14201 5738 14146 9453)
4(14202 5738 12886 9505)
4(14202 9507 14198 5738)
4(14202 5738 14201 9510)
4(2353 9510 14201 9452)
4(2353 9505 14202 9510)
4(14203 10320 14146 5738)
4(14203 5738 14198 10321)
4(14203 10323 14201 5738)
4(2814 9453 14201 10323)
4(14203 5738 14202 10349)
4(2833 10349 14202 9507)
4(2834 10323 14201 9510)
4(2834 9510 14202 10349)
4(14204 9455 12887 5739)
4(14204 5739 14149 9456)
4(14205 5739 12887 9508)
4(14205 9510 14201 5739)
4(14205 5739 14204 9513)
4(2354 9513 14204 9455)
4(2354 9508 14205 9513)
4(14206 10322 14149 5739)
4(14206 5739 14201 10323)
4(14206 10325 14204 5739)
4(2815 9456 14204 10325)
4(14206 5739 14205 10351)
4(2834 10351 14205 9510)
4(2835 10325 14204 9513)
4(2835 9513 14205 10351)
4(14207 9458 12890 5740)
4(14207 5740 14152 9459)
4(14208 5740 12890 9511)
4(14208 9513 14204 5740)
4(14208 5740 14207 9516)
4(2355 9516 14207 9458)
4(2355 9511 14208 9516)
4(14209 10324 14152 5740)
4(14209 5740 14204 10325)
4(14209 3883 14207 5740)
4(2816 9459 14207 3883)
4(14209 5740 14208 3890)
4(2835 3890 14208 9513)
4(2836 3883 14207 9516)
4(2836 9516 14208 3890)
4(14210 9461 12893 5741)
4(14210 5741 14155 9462)
4(14211 5741 12893 9514)
4(14211 9516 14207 5741)
4(14211 5741 14210 9517)
4(4488 3882 14155 5741)
4(4488 5741 14207 3883)
4(4488 3885 14210 5741)
4(2817 9462 14210 3885)
4(14211 3892 4488 5741)
4(2836 3892 14211 9516)
4(14212 5743 14161 9468)
4(2820 9468 14212 3888)
4(14213 9470 12899 5744)
4(14213 5744 14163 9471)
4(14214 5744 12899 9518)
4(14214 9519 14212 5744)
4(14214 5744 14213 9522)
4(2358 9522 14213 9470)
4(2358 9518 14214 9522)
4(4491 3887 14163 5744)
4(4491 5744 14212 3888)
4(4491 3889 14213 5744)
4(2821 9471 14213 3889)
4(14214 3894 4491 5744)
4(2839 3889 14213 9522)
4(2839 9522 14214 3894)
4(14215 9473 12901 5745)
4(14215 5745 14166 9474)
4(14216 5745 12901 9520)
4(14216 9522 14213 5745)
4(14216 5745 14215 9525)
4(2359 9525 14215 9473)
4(2359 9520 14216 9525)
4(14217 10326 14166 5745)
4(14217 5745 14213 3889)
4(14217 10328 14215 5745)
4(2822 9474 14215 10328)
4(14217 5745 14216 3895)
4(2839 3895 14216 9522)
4(2840 10328 14215 9525)
4(2840 9525 14216 3895)
4(14218 9476 12902 5746)
4(14218 5746 14169 9477)
4(14219 5746 12902 9523)
4(14219 9525 14215 5746)
4(14219 5746 14218 9528)
4(2360 9528 14218 9476)
4(2360 9523 14219 9528)
4(14220 10327 14169 5746)
4(14220 5746 14215 10328)
4(14220 10330 14218 5746)
4(2823 9477 14218 10330)
4(14220 5746 14219 10353)
4(2840 10353 14219 9525)
4(2841 10330 14218 9528)
4(2841 9528 14219 10353)
4(14221 9479 12903 5747)
4(14221 5747 14172 9480)
4(14222 5747 12903 9526)
4(14222 9528 14218 5747)
4(14222 5747 14221 9531)
4(2361 9531 14221 9479)
4(2361 9526 14222 9531)
4(14223 10329 14172 5747)
4(14223 5747 14218 10330)
4(14223 10332 14221 5747)
4(2824 9480 14221 10332)
4(14223 5747 14222 10354)
4(2841 10354 14222 9528)
4(2842 10332 14221 9531)
4(2842 9531 14222 10354)
4(14224 9482 12904 5748)
4(14224 5748 14175 9483)
4(14225 5748 12904 9529)
4(14225 9531 14221 5748)
4(14225 5748 14224 9534)
4(2362 9534 14224 9482)
4(2362 9529 14225 9534)
4(14226 10331 14175 5748)
4(14226 5748 14221 10332)
4(14226 10334 14224 5748)
4(2825 9483 14224 10334)
4(14226 5748 14225 10356)
4(2842 10356 14225 9531)
4(2843 10334 14224 9534)
4(2843 9534 14225 10356)
4(14227 9485 12905 5749)
4(14227 5749 14178 9486)
4(14228 5749 12905 9532)
4(14228 9534 14224 5749)
4(14228 5749 14227 9537)
4(2363 9537 14227 9485)
4(2363 9532 14228 9537)
4(14229 10333 14178 5749)
4(14229 5749 14224 10334)
4(14229 10336 14227 5749)
4(2826 9486 14227 10336)
4(14229 5749 14228 10358)
4(2843 10358 14228 9534)
4(2844 10336 14227 9537)
4(2844 9537 14228 10358)
4(14230 9488 12906 5750)
4(14230 5750 14181 9489)
4(14231 5750 12906 9535)
4(14231 9537 14227 5750)
4(14231 5750 14230 9540)
4(2364 9540 14230 9488)
4(2364 9535 14231 9540)
4(14232 10335 14181 5750)
4(14232 5750 14227 10336)
4(14232 10338 14230 5750)
4(2827 9489 14230 10338)
4(14232 5750 14231 10360)
4(2844 10360 14231 9537)
4(2845 10338 14230 9540)
4(2845 9540 14231 10360)
4(14233 9491 12907 5751)
4(14233 5751 14184 9492)
4(14234 5751 12907 9538)
4(14234 9540 14230 5751)
4(14234 5751 14233 9543)
4(2365 9543 14233 9491)
4(2365 9538 14234 9543)
4(14235 10337 14184 5751)
4(14235 5751 14230 10338)
4(14235 10340 14233 5751)
4(2828 9492 14233 10340)
4(14235 5751 14234 10362)
4(2845 10362 14234 9540)
4(2846 10340 14233 9543)
4(2846 9543 14234 10362)
4(14236 9494 12908 5752)
4(14236 5752 14187 9495)
4(14237 5752 12908 9541)
4(14237 9543 14233 5752)
4(14237 5752 14236 9546)
4(2366 9546 14236 9494)
4(2366 9541 14237 9546)
4(14238 10339 14187 5752)
4(14238 5752 14233 10340)
4(14238 10342 14236 5752)
4(2829 9495 14236 10342)
4(14238 5752 14237 10364)
4(2846 10364 14237 9543)
4(2847 10342 14236 9546)
4(2847 9546 14237 10364)
4(14239 9497 12909 5753)
4(14239 5753 14190 9498)
4(14240 5753 12909 9544)
4(14240 9546 14236 5753)
4(14240 5753 14239 9549)
4(2367 9549 14239 9497)
4(2367 9544 14240 9549)
4(14241 10341 14190 5753)
4(14241 5753 14236 10342)
4(14241 10344 14239 5753)
4(2830 9498 14239 10344)
4(14241 5753 14240 10366)
4(2847 10366 14240 9546)
4(2848 10344 14239 9549)
4(2848 9549 14240 10366)
4(14242 9500 12910 5754)
4(14242 5754 14193 9501)
4(14243 5754 12910 9547)
4(14243 9549 14239 5754)
4(14243 5754 14242 9552)
4(2368 9552 14242 9500)
4(2368 9547 14243 9552)
4(14244 10343 14193 5754)
4(14244 5754 14239 10344)
4(14244 10346 14242 5754)
4(2831 9501 14242 10346)
4(14244 5754 14243 10368)
4(2848 10368 14243 9549)
4(2849 10346 14242 9552)
4(2849 9552 14243 10368)
4(14245 9503 12911 5755)
4(14245 5755 14196 9504)
4(14246 5755 12911 9550)
4(14246 9552 14242 5755)
4(14246 5755 14245 9555)
4(2369 9555 14245 9503)
4(2369 9550 14246 9555)
4(14247 10345 14196 5755)
4(14247 5755 14242 10346)
4(14247 10348 14245 5755)
4(2832 9504 14245 10348)
4(14247 5755 14246 10370)
4(2849 10370 14246 9552)
4(2850 10348 14245 9555)
4(2850 9555 14246 10370)
4(14248 9506 12912 5756)
4(14248 5756 14199 9507)
4(14249 5756 12912 9553)
4(14249 9555 14245 5756)
4(14249 5756 14248 9558)
4(2370 9558 14248 9506)
4(2370 9553 14249 9558)
4(14250 10347 14199 5756)
4(14250 5756 14245 10348)
4(14250 10350 14248 5756)
4(2833 9507 14248 10350)
4(14250 5756 14249 10372)
4(2850 10372 14249 9555)
4(2851 10350 14248 9558)
4(2851 9558 14249 10372)
4(14251 9509 12913 5757)
4(14251 5757 14202 9510)
4(14252 5757 12913 9556)
4(14252 9558 14248 5757)
4(14252 5757 14251 9561)
4(2371 9561 14251 9509)
4(2371 9556 14252 9561)
4(14253 10349 14202 5757)
4(14253 5757 14248 10350)
4(14253 10352 14251 5757)
4(2834 9510 14251 10352)
4(14253 5757 14252 10374)
4(2851 10374 14252 9558)
4(2852 10352 14251 9561)
4(2852 9561 14252 10374)
4(14254 9512 12916 5758)
4(14254 5758 14205 9513)
4(14255 5758 12916 9559)
4(14255 9561 14251 5758)
4(14255 5758 14254 9564)
4(2372 9564 14254 9512)
4(2372 9559 14255 9564)
4(14256 10351 14205 5758)
4(14256 5758 14251 10352)
4(14256 3891 14254 5758)
4(2835 9513 14254 3891)
4(14256 5758 14255 3898)
4(2852 3898 14255 9561)
4(2853 3891 14254 9564)
4(2853 9564 14255 3898)
4(14257 9515 12919 5759)
4(14257 5759 14208 9516)
4(14258 5759 12919 9562)
4(14258 9564 14254 5759)
4(14258 5759 14257 9565)
4(4492 3890 14208 5759)
4(4492 5759 14254 3891)
4(4492 3893 14257 5759)
4(2836 9516 14257 3893)
4(14258 3900 4492 5759)
4(2853 3900 14258 9564)
4(14259 5761 14214 9522)
4(2839 9522 14259 3896)
4(14260 9524 12925 5762)
4(14260 5762 14216 9525)
4(14261 5762 12925 9566)
4(14261 9567 14259 5762)
4(14261 5762 14260 9570)
4(2375 9570 14260 9524)
4(4495 3895 14216 5762)
4(4495 5762 14259 3896)
4(4495 3897 14260 5762)
4(2840 9525 14260 3897)
4(14261 3902 4495 5762)
4(2856 3897 14260 9570)
4(14262 9527 12927 5763)
4(14262 5763 14219 9528)
4(2360 9523 12927 9527)
4(14263 5763 12927 9568)
4(14263 9570 14260 5763)
4(2375 9568 12927 9524)
4(14263 5763 14262 9573)
4(2376 9573 14262 9527)
4(2376 9568 14263 9573)
4(2376 9527 12927 9568)
4(14264 10353 14219 5763)
4(14264 5763 14260 3897)
4(14264 10355 14262 5763)
4(2841 9528 14262 10355)
4(14264 5763 14263 3903)
4(2856 3903 14263 9570)
4(2857 10355 14262 9573)
4(2857 9573 14263 3903)
4(14265 9530 12929 5764)
4(14265 5764 14222 9531)
4(14266 5764 12929 9571)
4(14266 9573 14262 5764)
4(14266 5764 14265 9576)
4(2377 9576 14265 9530)
4(2377 9571 14266 9576)
4(14267 10354 14222 5764)
4(14267 5764 14262 10355)
4(14267 10357 14265 5764)
4(2842 9531 14265 10357)
4(14267 5764 14266 3905)
4(2857 3905 14266 9573)
4(2858 10357 14265 9576)
4(2858 9576 14266 3905)
4(14268 9533 12931 5765)
4(14268 5765 14225 9534)
4(14269 5765 12931 9574)
4(14269 9576 14265 5765)
4(14269 5765 14268 9579)
4(2378 9579 14268 9533)
4(2378 9574 14269 9579)
4(14270 10356 14225 5765)
4(14270 5765 14265 10357)
4(14270 10359 14268 5765)
4(2843 9534 14268 10359)
4(14270 5765 14269 10376)
4(2858 10376 14269 9576)
4(2859 10359 14268 9579)
4(2859 9579 14269 10376)
4(14271 9536 12932 5766)
4(14271 5766 14228 9537)
4(14272 5766 12932 9577)
4(14272 9579 14268 5766)
4(14272 5766 14271 9582)
4(2379 9582 14271 9536)
4(2379 9577 14272 9582)
4(14273 10358 14228 5766)
4(14273 5766 14268 10359)
4(14273 10361 14271 5766)
4(2844 9537 14271 10361)
4(14273 5766 14272 10377)
4(2859 10377 14272 9579)
4(2860 10361 14271 9582)
4(2860 9582 14272 10377)
4(14274 9539 12933 5767)
4(14274 5767 14231 9540)
4(14275 5767 12933 9580)
4(14275 9582 14271 5767)
4(14275 5767 14274 9585)
4(2380 9585 14274 9539)
4(2380 9580 14275 9585)
4(14276 10360 14231 5767)
4(14276 5767 14271 10361)
4(14276 10363 14274 5767)
4(2845 9540 14274 10363)
4(14276 5767 14275 10379)
4(2860 10379 14275 9582)
4(2861 10363 14274 9585)
4(2861 9585 14275 10379)
4(14277 9542 12934 5768)
4(14277 5768 14234 9543)
4(14278 5768 12934 9583)
4(14278 9585 14274 5768)
4(14278 5768 14277 9588)
4(2381 9588 14277 9542)
4(2381 9583 14278 9588)
4(14279 10362 14234 5768)
4(14279 5768 14274 10363)
4(14279 10365 14277 5768)
4(2846 9543 14277 10365)
4(14279 5768 14278 10381)
4(2861 10381 14278 9585)
4(2862 10365 14277 9588)
4(2862 9588 14278 10381)
4(14280 9545 12935 5769)
4(14280 5769 14237 9546)
4(14281 5769 12935 9586)
4(14281 9588 14277 5769)
4(14281 5769 14280 9591)
4(2382 9591 14280 9545)
4(2382 9586 14281 9591)
4(14282 10364 14237 5769)
4(14282 5769 14277 10365)
4(14282 10367 14280 5769)
4(2847 9546 14280 10367)
4(14282 5769 14281 10383)
4(2862 10383 14281 9588)
4(2863 10367 14280 9591)
4(2863 9591 14281 10383)
4(14283 9548 12936 5770)
4(14283 5770 14240 9549)
4(14284 5770 12936 9589)
4(14284 9591 14280 5770)
4(14284 5770 14283 9594)
4(2383 9594 14283 9548)
4(2383 9589 14284 9594)
4(14285 10366 14240 5770)
4(14285 5770 14280 10367)
4(14285 10369 14283 5770)
4(2848 9549 14283 10369)
4(14285 5770 14284 10385)
4(2863 10385 14284 9591)
4(2864 10369 14283 9594)
4(2864 9594 14284 10385)
4(14286 9551 12937 5771)
4(14286 5771 14243 9552)
4(14287 5771 12937 9592)
4(14287 9594 14283 5771)
4(14287 5771 14286 9597)
4(2384 9597 14286 9551)
4(2384 9592 14287 9597)
4(14288 10368 14243 5771)
4(14288 5771 14283 10369)
4(14288 10371 14286 5771)
4(2849 9552 14286 10371)
4(14288 5771 14287 10387)
4(2864 10387 14287 9594)
4(2865 10371 14286 9597)
4(2865 9597 14287 10387)
4(14289 9554 12939 5772)
4(14289 5772 14246 9555)
4(14290 5772 12939 9595)
4(14290 9597 14286 5772)
4(14290 5772 14289 9600)
4(2385 9600 14289 9554)
4(2385 9595 14290 9600)
4(14291 10370 14246 5772)
4(14291 5772 14286 10371)
4(14291 10373 14289 5772)
4(2850 9555 14289 10373)
4(14291 5772 14290 10389)
4(2865 10389 14290 9597)
4(2866 10373 14289 9600)
4(2866 9600 14290 10389)
4(14292 9557 12941 5773)
4(14292 5773 14249 9558)
4(14293 5773 12941 9598)
4(14293 9600 14289 5773)
4(14293 5773 14292 9603)
4(2386 9603 14292 9557)
4(2386 9598 14293 9603)
4(14294 10372 14249 5773)
4(14294 5773 14289 10373)
4(14294 10375 14292 5773)
4(2851 9558 14292 10375)
4(14294 5773 14293 3908)
4(2866 3908 14293 9600)
4(2867 10375 14292 9603)
4(2867 9603 14293 3908)
4(14295 9560 12944 5774)
4(14295 5774 14252 9561)
4(2371 9556 12944 9560)
4(14296 5774 12944 9601)
4(14296 9603 14292 5774)
4(2386 9601 12944 9557)
4(14296 5774 14295 9606)
4(2387 9606 14295 9560)
4(2387 9601 14296 9606)
4(2387 9560 12944 9601)
4(14297 10374 14252 5774)
4(14297 5774 14292 10375)
4(14297 3899 14295 5774)
4(2852 9561 14295 3899)
4(14297 5774 14296 3910)
4(2867 3910 14296 9603)
4(2868 3899 14295 9606)
4(2868 9606 14296 3910)
4(14298 9563 12947 5775)
4(14298 5775 14255 9564)
4(14299 5775 12947 9604)
4(14299 9606 14295 5775)
4(14299 5775 14298 9607)
4(4496 3898 14255 5775)
4(4496 5775 14295 3899)
4(4496 3901 14298 5775)
4(2853 9564 14298 3901)
4(14299 3912 4496 5775)
4(14301 9572 12952 5777)
4(14301 5777 14263 9573)
4(14302 5777 14301 9610)
4(2389 9610 14301 9572)
4(4498 3903 14263 5777)
4(4498 3906 14301 5777)
4(2857 9573 14301 3906)
4(2870 3906 14301 9610)
4(14303 9575 12955 5778)
4(14303 5778 14266 9576)
4(14304 5778 12955 9609)
4(14304 9610 14301 5778)
4(14304 5778 14303 9613)
4(2390 9613 14303 9575)
4(4499 3905 14266 5778)
4(4499 5778 14301 3906)
4(4499 3907 14303 5778)
4(2858 9576 14303 3907)
4(14304 3915 4499 5778)
4(2871 3907 14303 9613)
4(14305 9578 12958 5779)
4(14305 5779 14269 9579)
4(14306 5779 12958 9611)
4(14306 9613 14303 5779)
4(14306 5779 14305 9616)
4(2391 9616 14305 9578)
4(2391 9611 14306 9616)
4(14307 10376 14269 5779)
4(14307 5779 14303 3907)
4(14307 10378 14305 5779)
4(2859 9579 14305 10378)
4(14307 5779 14306 3916)
4(2871 3916 14306 9613)
4(2872 10378 14305 9616)
4(2872 9616 14306 3916)
4(14308 9581 12960 5780)
4(14308 5780 14272 9582)
4(2379 9577 12960 9581)
4(14309 5780 12960 9614)
4(14309 9616 14305 5780)
4(2391 9614 12960 9578)
4(14309 5780 14308 9619)
4(2392 9619 14308 9581)
4(2392 9614 14309 9619)
4(2392 9581 12960 9614)
4(14310 10377 14272 5780)
4(14310 5780 14305 10378)
4(14310 10380 14308 5780)
4(2860 9582 14308 10380)
4(14310 5780 14309 3918)
4(2872 3918 14309 9616)
4(2873 10380 14308 9619)
4(2873 9619 14309 3918)
4(14311 9584 12962 5781)
4(14311 5781 14275 9585)
4(14312 5781 12962 9617)
4(14312 9619 14308 5781)
4(14312 5781 14311 9622)
4(2393 9622 14311 9584)
4(2393 9617 14312 9622)
4(14313 10379 14275 5781)
4(14313 5781 14308 10380)
4(14313 10382 14311 5781)
4(2861 9585 14311 10382)
4(14313 5781 14312 3920)
4(2873 3920 14312 9619)
4(2874 10382 14311 9622)
4(2874 9622 14312 3920)
4(14314 9587 12964 5782)
4(14314 5782 14278 9588)
4(14315 5782 12964 9620)
4(14315 9622 14311 5782)
4(14315 5782 14314 9625)
4(2394 9625 14314 9587)
4(2394 9620 14315 9625)
4(14316 10381 14278 5782)
4(14316 5782 14311 10382)
4(14316 10384 14314 5782)
4(2862 9588 14314 10384)
4(14316 5782 14315 3922)
4(2874 3922 14315 9622)
4(2875 10384 14314 9625)
4(2875 9625 14315 3922)
4(14317 9590 12966 5783)
4(14317 5783 14281 9591)
4(14318 5783 12966 9623)
4(14318 9625 14314 5783)
4(14318 5783 14317 9628)
4(2395 9628 14317 9590)
4(2395 9623 14318 9628)
4(14319 10383 14281 5783)
4(14319 5783 14314 10384)
4(14319 10386 14317 5783)
4(2863 9591 14317 10386)
4(14319 5783 14318 3924)
4(2875 3924 14318 9625)
4(2876 10386 14317 9628)
4(2876 9628 14318 3924)
4(14320 9593 12968 5784)
4(14320 5784 14284 9594)
4(14321 5784 12968 9626)
4(14321 9628 14317 5784)
4(14321 5784 14320 9631)
4(2396 9631 14320 9593)
4(2396 9626 14321 9631)
4(14322 10385 14284 5784)
4(14322 5784 14317 10386)
4(14322 10388 14320 5784)
4(2864 9594 14320 10388)
4(14322 5784 14321 3926)
4(2876 3926 14321 9628)
4(2877 10388 14320 9631)
4(2877 9631 14321 3926)
4(14323 9596 12971 5785)
4(14323 5785 14287 9597)
4(2384 9592 12971 9596)
4(14324 5785 12971 9629)
4(14324 9631 14320 5785)
4(2396 9629 12971 9593)
4(14324 5785 14323 9634)
4(2397 9634 14323 9596)
4(2397 9629 14324 9634)
4(2397 9596 12971 9629)
4(14325 10387 14287 5785)
4(14325 5785 14320 10388)
4(14325 10390 14323 5785)
4(2865 9597 14323 10390)
4(14325 5785 14324 3928)
4(2877 3928 14324 9631)
4(2878 10390 14323 9634)
4(2878 9634 14324 3928)
4(14326 9599 12974 5786)
4(14326 5786 14290 9600)
4(14327 5786 12974 9632)
4(14327 9634 14323 5786)
4(14327 5786 14326 9637)
4(2398 9637 14326 9599)
4(2398 9632 14327 9637)
4(14328 10389 14290 5786)
4(14328 5786 14323 10390)
4(14328 3909 14326 5786)
4(2866 9600 14326 3909)
4(14328 5786 14327 3930)
4(2878 3930 14327 9634)
4(2879 3909 14326 9637)
4(2879 9637 14327 3930)
4(14329 9602 12977 5787)
4(14329 5787 14293 9603)
4(14330 5787 12977 9635)
4(14330 9637 14326 5787)
4(14330 5787 14329 9639)
4(2399 9639 14329 9602)
4(4500 3908 14293 5787)
4(4500 5787 14326 3909)
4(4500 3911 14329 5787)
4(2867 9603 14329 3911)
4(14330 3932 4500 5787)
4(2880 3911 14329 9639)
4(14331 5788 14296 9606)
4(14332 9639 14329 5788)
4(4501 3910 14296 5788)
4(4501 5788 14329 3911)
4(14334 5789 14306 9616)
4(4502 3916 14306 5789)
4(2872 9616 14334 3919)
4(14335 9618 12986 5790)
4(14335 5790 14309 9619)
4(14336 5790 14335 9642)
4(2400 9642 14335 9618)
4(4503 3918 14309 5790)
4(4503 3921 14335 5790)
4(2873 9619 14335 3921)
4(2881 3921 14335 9642)
4(14337 9621 12989 5791)
4(14337 5791 14312 9622)
4(14338 5791 12989 9641)
4(14338 9642 14335 5791)
4(14338 5791 14337 9644)
4(2401 9644 14337 9621)
4(4504 3920 14312 5791)
4(4504 5791 14335 3921)
4(4504 3923 14337 5791)
4(2874 9622 14337 3923)
4(14338 3936 4504 5791)
4(2882 3923 14337 9644)
4(14339 9624 12992 5792)
4(14339 5792 14315 9625)
4(14340 5792 12992 9643)
4(14340 9644 14337 5792)
4(14340 5792 14339 9646)
4(2402 9646 14339 9624)
4(4505 3922 14315 5792)
4(4505 5792 14337 3923)
4(4505 3925 14339 5792)
4(2875 9625 14339 3925)
4(14340 3937 4505 5792)
4(2883 3925 14339 9646)
4(14341 9627 12995 5793)
4(14341 5793 14318 9628)
4(14342 5793 12995 9645)
4(14342 9646 14339 5793)
4(14342 5793 14341 9648)
4(2403 9648 14341 9627)
4(4506 3924 14318 5793)
4(4506 5793 14339 3925)
4(4506 3927 14341 5793)
4(2876 9628 14341 3927)
4(14342 3938 4506 5793)
4(2884 3927 14341 9648)
4(14343 9630 12998 5794)
4(14343 5794 14321 9631)
4(14344 5794 12998 9647)
4(14344 9648 14341 5794)
4(14344 5794 14343 9650)
4(2404 9650 14343 9630)
4(4507 3926 14321 5794)
4(4507 5794 14341 3927)
4(4507 3929 14343 5794)
4(2877 9631 14343 3929)
4(14344 3939 4507 5794)
4(2885 3929 14343 9650)
4(14345 5795 14324 9634)
4(14346 9650 14343 5795)
4(4508 3928 14324 5795)
4(4508 5795 14343 3929)
4(2878 9634 14345 3931)
4(14347 5796 14327 9637)
4(4509 3930 14327 5796)
4(14508 4569 4630 14348)
4(11697 6723 14508 14348)
4(4630 4574 14509 14348)
4(14509 6736 11727 14348)
4(14509 14348 14508 14396)
4(14510 7510 11697 14348)
4(11727 7511 14510 14348)
4(14510 14412 14508 14348)
4(970 14412 14510 7510)
4(14510 14348 14509 14415)
4(982 7511 14510 14415)
4(983 14415 14510 14412)
4(4126 14349 11730 3499)
4(11730 14349 11712 6728)
4(4126 3511 14512 14349)
4(14512 14397 14511 14349)
4(11730 6743 14512 14349)
4(14513 7521 11712 14349)
4(14513 14349 14511 14413)
4(14513 7524 11730 14349)
4(975 7524 14513 7521)
4(14513 14349 14512 14417)
4(987 14413 14513 14417)
4(988 14417 14513 7524)
4(14514 4572 4641 14350)
4(11722 6733 14514 14350)
4(4641 4579 14515 14350)
4(14515 6750 11744 14350)
4(14515 14350 14514 14398)
4(14516 7536 11722 14350)
4(11744 7537 14516 14350)
4(14516 14414 14514 14350)
4(980 14414 14516 7536)
4(14516 14350 14515 14420)
4(995 7537 14516 14420)
4(996 14420 14516 14414)
4(4643 14351 11747 3518)
4(11747 14351 11738 6746)
4(4643 4580 14518 14351)
4(14518 14399 14517 14351)
4(11747 6770 14518 14351)
4(14519 7548 11738 14351)
4(14519 14351 14517 14419)
4(14519 7551 11747 14351)
4(991 7551 14519 7548)
4(14519 14351 14518 14422)
4(1006 14419 14519 14422)
4(1007 14422 14519 7551)
4(14520 4596 4671 14352)
4(11780 6840 14520 14352)
4(4671 3548 14521 14352)
4(14521 6877 11788 14352)
4(14521 14352 14520 14400)
4(14522 7599 11780 14352)
4(11788 7600 14522 14352)
4(14522 14424 14520 14352)
4(1051 14424 14522 7599)
4(14522 14352 14521 14426)
4(1072 7600 14522 14426)
4(1073 14426 14522 14424)
4(4739 14353 11791 3544)
4(11791 14353 11784 6875)
4(4739 4728 14524 14353)
4(14524 14401 14523 14353)
4(11791 6913 14524 14353)
4(14525 7603 11784 14353)
4(14525 14353 14523 14425)
4(14525 7606 11791 14353)
4(1070 7606 14525 7603)
4(14525 14353 14524 14428)
4(1091 14425 14525 14428)
4(1092 14428 14525 7606)
4(14526 3566 4213 14354)
4(11809 6958 14526 14354)
4(4213 3574 14527 14354)
4(14527 7000 11818 14354)
4(14527 14354 14526 14402)
4(14528 7633 11809 14354)
4(11818 7634 14528 14354)
4(14528 14430 14526 14354)
4(1118 14430 14528 7633)
4(14528 14354 14527 14432)
4(1141 7634 14528 14432)
4(1142 14432 14528 14430)
4(4217 14355 11821 3570)
4(11821 14355 11813 6998)
4(4217 3577 14530 14355)
4(14530 14403 14529 14355)
4(11821 7040 14530 14355)
4(14531 7637 11813 14355)
4(14531 14355 14529 14431)
4(14531 7640 11821 14355)
4(1139 7640 14531 7637)
4(14531 14355 14530 14434)
4(1162 14431 14531 14434)
4(1163 14434 14531 7640)
4(14534 7174 11331 14356)
4(14534 14356 14532 14404)
4(11861 14356 11331 7215)
4(11858 14356 11861 7216)
4(14534 7219 11861 14356)
4(14535 14436 14532 14356)
4(11858 7686 14535 14356)
4(14535 14437 14534 14356)
4(1242 14437 14535 14436)
4(11861 7694 14535 14356)
4(1265 7686 14535 7694)
4(1266 7694 14535 14437)
4(4281 14357 11862 3617)
4(11862 14357 14533 7213)
4(11863 14357 4281 3621)
4(11863 7258 14536 14357)
4(11862 7259 11863 14357)
4(14537 14439 14533 14357)
4(14537 14357 14536 14440)
4(14537 7689 11862 14357)
4(1263 7689 14537 14439)
4(11863 7699 14537 14357)
4(1286 14440 14537 7699)
4(1287 7699 14537 7689)
4(14540 3641 4317 14358)
4(14540 14358 14538 14406)
4(11891 14358 4317 3648)
4(11888 14358 11891 7338)
4(14540 7339 11891 14358)
4(14541 14442 14538 14358)
4(11888 7720 14541 14358)
4(14541 14443 14540 14358)
4(1313 14443 14541 14442)
4(11891 7728 14541 14358)
4(1334 7720 14541 7728)
4(1335 7728 14541 14443)
4(4322 14359 11892 3645)
4(11892 14359 14539 7336)
4(11893 14359 4322 3653)
4(11893 7371 14542 14359)
4(11892 7372 11893 14359)
4(14543 14445 14539 14359)
4(14543 14359 14542 14446)
4(14543 7723 11892 14359)
4(1332 7723 14543 14445)
4(11893 7733 14543 14359)
4(1353 14446 14543 7733)
4(1354 7733 14543 7723)
4(14546 3679 4370 14360)
4(14546 14360 14544 14408)
4(11936 14360 4370 3684)
4(11933 14360 11936 7457)
4(14546 7458 11936 14360)
4(14547 14448 14544 14360)
4(11933 7772 14547 14360)
4(14547 14449 14546 14360)
4(1398 14449 14547 14448)
4(11936 7783 14547 14360)
4(1413 7772 14547 7783)
4(1414 7783 14547 14449)
4(4705 14361 11941 4616)
4(11941 14361 14545 7453)
4(11942 14361 4705 3698)
4(11942 7463 14550 14361)
4(11941 7464 11942 14361)
4(14551 14451 14545 14361)
4(14551 14361 14550 14452)
4(14551 7775 11941 14361)
4(1409 7775 14551 14451)
4(11942 7800 14551 14361)
4(1424 14452 14551 7800)
4(1425 7800 14551 7775)
4(14552 4621 4710 14362)
4(14552 14362 14548 14410)
4(11957 14362 4710 3706)
4(11954 14362 11957 7468)
4(14552 7469 11957 14362)
4(14553 14454 14548 14362)
4(11954 7792 14553 14362)
4(14553 14455 14552 14362)
4(1417 14455 14553 14454)
4(11957 7813 14553 14362)
4(1429 7792 14553 7813)
4(1430 7813 14553 14455)
4(4714 14363 11962 3695)
4(11962 14363 14549 7461)
4(11963 14363 4714 3716)
4(11963 7473 14554 14363)
4(11962 7474 11963 14363)
4(14555 14457 14549 14363)
4(14555 14363 14554 14458)
4(14555 7795 11962 14363)
4(1422 7795 14555 14457)
4(11963 7828 14555 14363)
4(1434 14458 14555 7828)
4(1435 7828 14555 7795)
4(14556 14412 14510 14364)
4(12009 7514 14556 14364)
4(14557 14364 14510 14415)
4(14557 7543 12039 14364)
4(14557 14364 14556 14416)
4(14558 7878 12009 14364)
4(12039 7879 14558 14364)
4(14558 14460 14556 14364)
4(1451 14460 14558 7878)
4(14558 14364 14557 14463)
4(1463 7879 14558 14463)
4(1464 14463 14558 14460)
4(12042 7524 14513 14365)
4(12042 14365 12024 7525)
4(14560 14365 14513 14417)
4(14560 14418 14559 14365)
4(12042 7545 14560 14365)
4(14561 7889 12024 14365)
4(14561 14365 14559 14461)
4(14561 7892 12042 14365)
4(1456 7892 14561 7889)
4(14561 14365 14560 14465)
4(1468 14461 14561 14465)
4(1469 14465 14561 7892)
4(14562 14414 14516 14366)
4(12034 7540 14562 14366)
4(14563 14366 14516 14420)
4(14563 7561 12056 14366)
4(14563 14366 14562 14421)
4(14564 7904 12034 14366)
4(12056 7905 14564 14366)
4(14564 14462 14562 14366)
4(1461 14462 14564 7904)
4(14564 14366 14563 14468)
4(1476 7905 14564 14468)
4(1477 14468 14564 14462)
4(12059 7551 14519 14367)
4(12059 14367 12050 7552)
4(14566 14367 14519 14422)
4(14566 14423 14565 14367)
4(12059 7563 14566 14367)
4(14567 7916 12050 14367)
4(14567 14367 14565 14467)
4(14567 7919 12059 14367)
4(1472 7919 14567 7916)
4(14567 14367 14566 14470)
4(1487 14467 14567 14470)
4(1488 14470 14567 7919)
4(14568 14424 14522 14368)
4(12092 7602 14568 14368)
4(14569 14368 14522 14426)
4(14569 7613 12100 14368)
4(14569 14368 14568 14427)
4(14570 7967 12092 14368)
4(12100 7968 14570 14368)
4(14570 14472 14568 14368)
4(1532 14472 14570 7967)
4(14570 14368 14569 14474)
4(1553 7968 14570 14474)
4(1554 14474 14570 14472)
4(12103 7606 14525 14369)
4(12103 14369 12096 7607)
4(14572 14369 14525 14428)
4(14572 14429 14571 14369)
4(12103 7616 14572 14369)
4(14573 7971 12096 14369)
4(14573 14369 14571 14473)
4(14573 7974 12103 14369)
4(1551 7974 14573 7971)
4(14573 14369 14572 14476)
4(1572 14473 14573 14476)
4(1573 14476 14573 7974)
4(14574 14430 14528 14370)
4(12121 7636 14574 14370)
4(14575 14370 14528 14432)
4(14575 7647 12130 14370)
4(14575 14370 14574 14433)
4(14576 8001 12121 14370)
4(12130 8002 14576 14370)
4(14576 14478 14574 14370)
4(1599 14478 14576 8001)
4(14576 14370 14575 14480)
4(1622 8002 14576 14480)
4(1623 14480 14576 14478)
4(12133 7640 14531 14371)
4(12133 14371 12125 7641)
4(14578 14371 14531 14434)
4(14578 14435 14577 14371)
4(12133 7650 14578 14371)
4(14579 8005 12125 14371)
4(14579 14371 14577 14479)
4(14579 8008 12133 14371)
4(1620 8008 14579 8005)
4(14579 14371 14578 14482)
4(1643 14479 14579 14482)
4(1644 14482 14579 8008)
4(14582 14437 14535 14372)
4(14582 14372 14580 14438)
4(12173 14372 14535 7694)
4(12170 14372 12173 7696)
4(14582 7698 12173 14372)
4(14583 14484 14580 14372)
4(12170 8054 14583 14372)
4(14583 14485 14582 14372)
4(1723 14485 14583 14484)
4(12173 8062 14583 14372)
4(1746 8054 14583 8062)
4(1747 8062 14583 14485)
4(12174 7689 14537 14373)
4(12174 14373 14581 7690)
4(12175 14373 14537 7699)
4(12175 7701 14584 14373)
4(12174 7704 12175 14373)
4(14585 14487 14581 14373)
4(14585 14373 14584 14488)
4(14585 8057 12174 14373)
4(1744 8057 14585 14487)
4(12175 8067 14585 14373)
4(1767 14488 14585 8067)
4(1768 8067 14585 8057)
4(14588 14443 14541 14374)
4(14588 14374 14586 14444)
4(12203 14374 14541 7728)
4(12200 14374 12203 7730)
4(14588 7732 12203 14374)
4(14589 14490 14586 14374)
4(12200 8088 14589 14374)
4(14589 14491 14588 14374)
4(1794 14491 14589 14490)
4(12203 8096 14589 14374)
4(1815 8088 14589 8096)
4(1816 8096 14589 14491)
4(12204 7723 14543 14375)
4(12204 14375 14587 7724)
4(12205 14375 14543 7733)
4(12205 7735 14590 14375)
4(12204 7738 12205 14375)
4(14591 14493 14587 14375)
4(14591 14375 14590 14494)
4(14591 8091 12204 14375)
4(1813 8091 14591 14493)
4(12205 8101 14591 14375)
4(1834 14494 14591 8101)
4(1835 8101 14591 8091)
4(14594 14449 14547 14376)
4(14594 14376 14592 14450)
4(12248 14376 14547 7783)
4(12245 14376 12248 7785)
4(14594 7788 12248 14376)
4(14595 14496 14592 14376)
4(12245 8140 14595 14376)
4(14595 14497 14594 14376)
4(1879 14497 14595 14496)
4(12248 8151 14595 14376)
4(1894 8140 14595 8151)
4(1895 8151 14595 14497)
4(12253 7775 14551 14377)
4(12253 14377 14593 7776)
4(12254 14377 14551 7800)
4(12254 7802 14598 14377)
4(12253 7805 12254 14377)
4(14599 14499 14593 14377)
4(14599 14377 14598 14500)
4(14599 8143 12253 14377)
4(1890 8143 14599 14499)
4(12254 8168 14599 14377)
4(1905 14500 14599 8168)
4(1906 8168 14599 8143)
4(14600 14455 14553 14378)
4(14600 14378 14596 14456)
4(12269 14378 14553 7813)
4(12266 14378 12269 7815)
4(14600 7818 12269 14378)
4(14601 14502 14596 14378)
4(12266 8160 14601 14378)
4(14601 14503 14600 14378)
4(1898 14503 14601 14502)
4(12269 8181 14601 14378)
4(1910 8160 14601 8181)
4(1911 8181 14601 14503)
4(12274 7795 14555 14379)
4(12274 14379 14597 7796)
4(12275 14379 14555 7828)
4(12275 7830 14602 14379)
4(12274 7833 12275 14379)
4(14603 14505 14597 14379)
4(14603 14379 14602 14506)
4(14603 8163 12274 14379)
4(1903 8163 14603 14505)
4(12275 8196 14603 14379)
4(1915 14506 14603 8196)
4(1916 8196 14603 8163)
4(14604 14460 14558 14380)
4(12321 7882 14604 14380)
4(14605 14380 14558 14463)
4(14605 7911 12351 14380)
4(14605 14380 14604 14464)
4(12321 14380 12354 8246)
4(12354 14380 12351 8247)
4(12354 8250 14604 14380)
4(14605 8286 12354 14380)
4(12359 7892 14561 14381)
4(12359 14381 12336 7893)
4(14607 14381 14561 14465)
4(14607 14466 14606 14381)
4(12359 7913 14607 14381)
4(12336 14381 12360 8261)
4(12360 14381 14606 8262)
4(12360 8265 12359 14381)
4(14607 8301 12360 14381)
4(14608 14462 14564 14382)
4(12346 7908 14608 14382)
4(14609 14382 14564 14468)
4(14609 7929 12374 14382)
4(14609 14382 14608 14469)
4(12346 14382 12377 8277)
4(12377 14382 12374 8278)
4(12377 8281 14608 14382)
4(14609 8324 12377 14382)
4(12388 7919 14567 14383)
4(12388 14383 12368 7920)
4(14611 14383 14567 14470)
4(14611 14471 14610 14383)
4(12388 7931 14611 14383)
4(12368 14383 12389 8310)
4(12389 14383 14610 8311)
4(12389 8314 12388 14383)
4(14611 8357 12389 14383)
4(14612 14472 14570 14384)
4(12452 7970 14612 14384)
4(14613 14384 14570 14474)
4(14613 7981 12478 14384)
4(14613 14384 14612 14475)
4(12452 14384 12481 8488)
4(12481 14384 12478 8489)
4(12481 8492 14612 14384)
4(14613 8555 12481 14384)
4(12500 7974 14573 14385)
4(12500 14385 12474 7975)
4(14615 14385 14573 14476)
4(14615 14477 14614 14385)
4(12500 7984 14615 14385)
4(12474 14385 12501 8545)
4(12501 14385 14614 8546)
4(12501 8549 12500 14385)
4(14615 8612 12501 14385)
4(14616 14478 14576 14386)
4(12539 8004 14616 14386)
4(14617 14386 14576 14480)
4(14617 8015 12568 14386)
4(14617 14386 14616 14481)
4(12539 14386 12571 8692)
4(12571 14386 12568 8693)
4(12571 8696 14616 14386)
4(14617 8765 12571 14386)
4(12592 8008 14579 14387)
4(12592 14387 12563 8009)
4(14619 14387 14579 14482)
4(14619 14483 14618 14387)
4(12592 8018 14619 14387)
4(12563 14387 12593 8755)
4(12593 14387 14618 8756)
4(12593 8759 12592 14387)
4(14619 8828 12593 14387)
4(14622 14485 14583 14388)
4(14622 14388 14620 14486)
4(12721 14388 14583 8062)
4(12718 14388 12721 8064)
4(14622 8066 12721 14388)
4(12722 9061 14620 14388)
4(12722 14388 12718 9062)
4(12722 9065 14622 14388)
4(12721 9133 12722 14388)
4(12743 8057 14585 14389)
4(12743 14389 14621 8058)
4(12744 14389 14585 8067)
4(12744 8069 14623 14389)
4(12743 8072 12744 14389)
4(12745 9124 14621 14389)
4(12745 14389 14623 9125)
4(12745 9128 12743 14389)
4(12744 9196 12745 14389)
4(14626 14491 14589 14390)
4(14626 14390 14624 14492)
4(12813 14390 14589 8096)
4(12810 14390 12813 8098)
4(14626 8100 12813 14390)
4(12814 9275 14624 14390)
4(12814 14390 12810 9276)
4(12814 9279 14626 14390)
4(12813 9341 12814 14390)
4(12833 8091 14591 14391)
4(12833 14391 14625 8092)
4(12834 14391 14591 8101)
4(12834 8103 14627 14391)
4(12833 8106 12834 14391)
4(12835 9332 14625 14391)
4(12835 14391 14627 9333)
4(12835 9336 12833 14391)
4(12834 9398 12835 14391)
4(14630 14497 14595 14392)
4(14630 14392 14628 14498)
4(12926 14392 14595 8151)
4(12923 14392 12926 8153)
4(14630 8156 12926 14392)
4(12927 9523 14628 14392)
4(12927 14392 12923 9524)
4(12927 9527 14630 14392)
4(12926 9568 12927 14392)
4(12942 8143 14599 14393)
4(12942 14393 14629 8144)
4(12943 14393 14599 8168)
4(12943 8170 14633 14393)
4(12942 8173 12943 14393)
4(12944 9556 14629 14393)
4(12944 14393 14633 9557)
4(12944 9560 12942 14393)
4(12943 9601 12944 14393)
4(14634 14503 14601 14394)
4(14634 14394 14631 14504)
4(12959 14394 14601 8181)
4(12956 14394 12959 8183)
4(14634 8186 12959 14394)
4(12960 9577 14631 14394)
4(12960 14394 12956 9578)
4(12960 9581 14634 14394)
4(12959 9614 12960 14394)
4(12969 8163 14603 14395)
4(12969 14395 14632 8164)
4(12970 14395 14603 8196)
4(12970 8198 14635 14395)
4(12969 8201 12970 14395)
4(12971 9592 14632 14395)
4(12971 14395 14635 9593)
4(12971 9596 12969 14395)
4(12970 9629 12971 14395)
4(3941 2886 4084 2983)
4(4077 2887 3942 2984)
4(3942 2887 4086 2985)
4(0 2986 4078 2988)
4(1 2989 4079 2991)
4(2 2992 4080 2994)
4(3 2995 4081 2997)
4(4082 2998 3947 2892)
4(4 2998 4082 3000)
4(3948 2893 4104 3001)
4(4083 2894 3949 3003)
4(3949 2894 4112 3004)
4(5 3005 4085 3007)
4(14 3032 4110 3034)
4(4111 3035 3960 2900)
4(15 3035 4111 3037)
4(16 3039 4113 3041)
4(16 3041 4137 3040)
4(29 3067 4136 3069)
4(30 3070 4148 3071)
4(3968 2905 4148 3070)
4(31 3072 4138 3074)
4(31 3074 4644 3073)
4(47 3092 4158 3093)
4(3974 2908 4158 3092)
4(48 3094 4645 4548)
4(48 4548 4649 3095)
4(66 3109 4164 3110)
4(3980 2910 4164 3109)
4(67 3113 4169 3112)
4(67 3111 4650 3113)
4(87 3125 4172 3126)
4(4170 2912 3985 3127)
4(3985 2912 4176 3128)
4(108 3138 4175 3140)
4(4175 3138 3988 2913)
4(109 3144 4185 3143)
4(131 3155 4194 3156)
4(4186 2917 3993 3157)
4(154 3169 4197 3171)
4(4197 3169 3996 4527)
4(4199 4528 3997 3172)
4(3997 4528 4673 3173)
4(4208 3182 4000 2922)
4(178 3188 4221 3187)
4(202 3200 4232 3201)
4(203 3204 4235 3203)
4(227 3216 4246 3217)
4(228 3220 4249 3219)
4(252 3232 4260 3233)
4(253 3236 4263 3235)
4(277 3248 4271 3249)
4(4017 3251 4274 2938)
4(278 3252 4274 3251)
4(302 3263 4282 3264)
4(4276 2941 4021 3265)
4(4283 3273 4024 2943)
4(326 3279 4297 3278)
4(348 3293 4295 3291)
4(348 3292 4308 3293)
4(4029 3295 4311 2948)
4(349 3296 4311 3295)
4(371 3308 4323 3309)
4(372 3313 4326 3312)
4(392 3326 4324 3324)
4(392 3325 4683 3326)
4(393 3328 4328 3327)
4(4328 2954 4037 3327)
4(4335 3342 4042 2958)
4(4042 3343 4346 2958)
4(414 3347 4339 3346)
4(4339 2959 4043 3346)
4(4347 3360 4048 2962)
4(4048 3361 4359 2962)
4(433 3365 4353 3364)
4(4353 2963 4049 3364)
4(4360 3383 4056 2967)
4(4056 3384 4379 2967)
4(450 3388 4366 3387)
4(451 3391 4382 3390)
4(4057 3390 4382 2968)
4(463 3423 4408 3424)
4(463 3424 4380 3422)
4(465 3428 4387 3427)
4(466 3431 4411 3430)
4(4069 3430 4411 2975)
4(4070 3433 4412 2976)
4(4076 3451 4429 2982)
4(474 3455 4406 3453)
4(474 3454 4432 3455)
4(475 3457 4409 3456)
4(476 3460 4418 3459)
4(477 3462 4421 3461)
4(478 3464 4424 3463)
4(479 3466 4427 3465)
4(480 3468 4430 3467)
4(4088 5077 11691 3469)
4(11684 5078 4091 3470)
4(4091 5078 11693 3471)
4(481 3472 11685 6715)
4(482 3474 11686 6716)
4(483 3476 11687 6717)
4(484 3478 11688 6718)
4(485 3480 11689 6719)
4(11689 3480 4106 5083)
4(4109 5084 11711 3482)
4(11690 5085 4116 3484)
4(4116 5085 11719 3485)
4(486 3486 11692 6720)
4(495 3500 11717 6729)
4(496 3502 11718 6730)
4(11718 3502 4135 5090)
4(497 3505 11720 6731)
4(497 6731 11741 3506)
4(510 3517 11740 6746)
4(511 3519 11748 6747)
4(4152 5094 11748 3519)
4(512 3520 11742 6748)
4(512 6748 11753 4578)
4(528 3528 11760 6772)
4(4162 5098 11760 3528)
4(529 4581 11754 6773)
4(529 6773 11765 4582)
4(547 3533 11772 6803)
4(4168 5102 11772 3533)
4(548 4587 11766 6804)
4(548 6804 11777 3534)
4(568 3538 11783 6838)
4(11778 5105 4179 3539)
4(4179 5105 11787 3540)
4(589 3543 11786 6875)
4(11786 3543 4184 5106)
4(590 6876 11795 3547)
4(612 3553 11801 6914)
4(11796 5109 4200 3554)
4(635 3561 11804 6955)
4(11804 3561 4672 5112)
4(11806 5113 4674 3563)
4(4674 5113 11817 4598)
4(11815 3569 4220 5114)
4(659 6999 11825 3573)
4(683 3581 11830 7041)
4(684 7042 11833 3583)
4(708 3591 11838 7084)
4(709 7085 11841 3593)
4(733 3601 11846 7127)
4(734 7128 11849 3603)
4(758 3610 11854 7170)
4(759 7171 11857 3612)
4(4277 3612 11857 5123)
4(783 3618 11864 7214)
4(11859 5125 4287 3619)
4(11865 3623 4296 5128)
4(807 7260 11879 3627)
4(829 7298 11877 3635)
4(829 3636 11884 7298)
4(830 7299 11887 3638)
4(4314 3638 11887 5131)
4(852 3646 11894 7337)
4(853 7338 11897 3649)
4(873 7372 11895 3654)
4(873 4604 11904 7372)
4(874 7373 11899 3655)
4(11899 5135 4337 3655)
4(11905 3663 4349 5138)
4(4349 3664 11915 5138)
4(895 7406 11910 3665)
4(11910 5139 4351 3665)
4(11916 3671 4362 5142)
4(4362 3672 11927 5142)
4(914 7435 11922 3673)
4(11922 5143 4364 3673)
4(11928 3681 4381 5146)
4(4381 3682 11943 5146)
4(931 7456 11934 3683)
4(932 7457 11947 3685)
4(4385 3685 11947 5147)
4(944 7464 11944 3700)
4(944 3701 11970 7464)
4(946 7466 11952 3703)
4(947 7467 11973 3705)
4(4413 3705 11973 5153)
4(4416 3707 11974 5154)
4(4433 3719 11991 5160)
4(955 7475 11968 3720)
4(955 3721 11994 7475)
4(956 7476 11971 3722)
4(957 7477 11980 3724)
4(958 7478 11983 3725)
4(959 7479 11986 3726)
4(960 7480 11989 3727)
4(961 7481 11992 3728)
4(11695 5161 12003 7482)
4(11996 5162 11698 7483)
4(11698 5162 12005 7484)
4(962 7485 11997 7487)
4(963 7488 11998 7490)
4(964 7491 11999 7493)
4(965 7494 12000 7496)
4(966 7497 12001 7499)
4(12001 7497 11713 5167)
4(11716 5168 12023 7500)
4(12002 5169 11723 7502)
4(11723 5169 12031 7503)
4(967 7504 12004 7506)
4(976 7526 12029 7528)
4(977 7529 12030 7531)
4(12030 7529 11739 5174)
4(978 7533 12032 7535)
4(978 7535 12053 7534)
4(991 7550 12052 7552)
4(992 7553 12060 7554)
4(11752 5178 12060 7553)
4(993 7555 12054 7557)
4(993 7557 12065 7556)
4(1009 7567 12072 7568)
4(11764 5182 12072 7567)
4(1010 7569 12066 7571)
4(1010 7571 12077 7570)
4(1028 7581 12084 7582)
4(11776 5186 12084 7581)
4(1029 7583 12078 7585)
4(1029 7585 12089 7584)
4(1049 7595 12095 7596)
4(12090 5189 11790 7597)
4(11790 5189 12099 7598)
4(1070 7605 12098 7607)
4(12098 7605 11794 5190)
4(1071 7611 12107 7610)
4(1093 7617 12113 7618)
4(12108 5193 11807 7619)
4(1116 7628 12116 7630)
4(12116 7628 11816 5196)
4(12118 5197 11820 7631)
4(11820 5197 12129 7632)
4(12127 7639 11824 5198)
4(1140 7645 12137 7644)
4(1164 7651 12142 7652)
4(1165 7655 12145 7654)
4(1189 7661 12150 7662)
4(1190 7665 12153 7664)
4(1214 7671 12158 7672)
4(1215 7675 12161 7674)
4(1239 7681 12166 7682)
4(1240 7685 12169 7684)
4(11860 7684 12169 5207)
4(1264 7691 12176 7692)
4(12171 5209 11869 7693)
4(12177 7702 11878 5212)
4(1288 7708 12191 7707)
4(1310 7716 12189 7714)
4(1310 7715 12196 7716)
4(1311 7719 12199 7718)
4(11890 7718 12199 5215)
4(1333 7725 12206 7726)
4(1334 7730 12209 7729)
4(1354 7738 12207 7736)
4(1354 7737 12216 7738)
4(1355 7740 12211 7739)
4(12211 5219 11908 7739)
4(12217 7749 11918 5222)
4(11918 7750 12227 5222)
4(1376 7754 12222 7753)
4(12222 5223 11920 7753)
4(12228 7763 11930 5226)
4(11930 7764 12239 5226)
4(1395 7768 12234 7767)
4(12234 5227 11932 7767)
4(12240 7777 11946 5230)
4(11946 7778 12255 5230)
4(1412 7782 12246 7781)
4(1413 7785 12259 7784)
4(11950 7784 12259 5231)
4(1425 7805 12256 7803)
4(1425 7804 12282 7805)
4(1427 7809 12264 7808)
4(1428 7812 12285 7811)
4(11975 7811 12285 5237)
4(11978 7814 12286 5238)
4(11995 7832 12303 5244)
4(1436 7836 12280 7834)
4(1436 7835 12306 7836)
4(1437 7838 12283 7837)
4(1438 7841 12292 7840)
4(1439 7843 12295 7842)
4(1440 7845 12298 7844)
4(1441 7847 12301 7846)
4(1442 7849 12304 7848)
4(12007 5245 12315 7850)
4(12308 5246 12010 7851)
4(12010 5246 12317 7852)
4(1443 7853 12309 7855)
4(1444 7856 12310 7858)
4(1445 7859 12311 7861)
4(1446 7862 12312 7864)
4(1447 7865 12313 7867)
4(12313 7865 12025 5251)
4(12028 5252 12335 7868)
4(12314 5253 12035 7870)
4(12035 5253 12343 7871)
4(1448 7872 12316 7874)
4(1457 7894 12341 7896)
4(1458 7897 12342 7899)
4(12342 7897 12051 5258)
4(1459 7901 12344 7903)
4(1459 7903 12371 7902)
4(1472 7918 12370 7920)
4(1473 7921 12390 7922)
4(12064 5262 12390 7921)
4(1474 7923 12372 7925)
4(1474 7925 12395 7924)
4(1490 7935 12416 7936)
4(12076 5266 12416 7935)
4(1491 7937 12396 7939)
4(1491 7939 12421 7938)
4(1509 7949 12444 7950)
4(12088 5270 12444 7949)
4(1510 7951 12422 7953)
4(1510 7953 12449 7952)
4(1530 7963 12473 7964)
4(12450 5273 12102 7965)
4(12102 5273 12477 7966)
4(1551 7973 12476 7975)
4(12476 7973 12106 5274)
4(1552 7979 12505 7978)
4(1574 7985 12531 7986)
4(12506 5277 12119 7987)
4(1597 7996 12534 7998)
4(12534 7996 12128 5280)
4(12536 5281 12132 7999)
4(12132 5281 12567 8000)
4(12565 8007 12136 5282)
4(1621 8013 12597 8012)
4(1645 8019 12624 8020)
4(1646 8023 12627 8022)
4(1670 8029 12654 8030)
4(1671 8033 12657 8032)
4(1695 8039 12684 8040)
4(1696 8043 12687 8042)
4(1720 8049 12714 8050)
4(1721 8053 12717 8052)
4(12172 8052 12717 5291)
4(1745 8059 12746 8060)
4(12719 5293 12181 8061)
4(12747 8070 12190 5296)
4(1769 8076 12781 8075)
4(1791 8084 12779 8082)
4(1791 8083 12806 8084)
4(1792 8087 12809 8086)
4(12202 8086 12809 5299)
4(1814 8093 12836 8094)
4(1815 8098 12839 8097)
4(1835 8106 12837 8104)
4(1835 8105 12864 8106)
4(1836 8108 12841 8107)
4(12841 5303 12220 8107)
4(12865 8117 12230 5306)
4(12230 8118 12891 5306)
4(1857 8122 12870 8121)
4(12870 5307 12232 8121)
4(12892 8131 12242 5310)
4(12242 8132 12917 5310)
4(1876 8136 12898 8135)
4(12898 5311 12244 8135)
4(12918 8145 12258 5314)
4(12258 8146 12945 5314)
4(1893 8150 12924 8149)
4(1894 8153 12949 8152)
4(12262 8152 12949 5315)
4(1906 8173 12946 8171)
4(1906 8172 12978 8173)
4(1908 8177 12954 8176)
4(1909 8180 12981 8179)
4(12287 8179 12981 5321)
4(12290 8182 12982 5322)
4(12307 8200 12999 5328)
4(1917 8204 12976 8202)
4(1917 8203 13002 8204)
4(1918 8206 12979 8205)
4(1919 8209 12988 8208)
4(1920 8211 12991 8210)
4(1921 8213 12994 8212)
4(1922 8215 12997 8214)
4(1923 8217 13000 8216)
4(12319 5329 13011 8218)
4(13004 5330 12322 8219)
4(12322 5330 13013 8220)
4(1924 8221 13005 8223)
4(1925 8224 13006 8226)
4(1926 8227 13007 8229)
4(1927 8230 13008 8232)
4(1928 8233 13009 8235)
4(13009 8233 12337 5335)
4(12340 5336 13025 8236)
4(13010 5337 12347 8238)
4(12347 5337 13031 8239)
4(1929 8240 13012 8242)
4(1938 8267 13029 8269)
4(1939 8270 13030 8272)
4(13030 8270 12369 5348)
4(1940 8274 13032 8276)
4(1940 8276 13066 8275)
4(1953 8313 13065 8315)
4(1954 8316 13106 8317)
4(12394 5364 13106 8316)
4(1955 8318 13067 8320)
4(1955 8320 13109 8319)
4(1971 8366 13155 8367)
4(12420 5382 13155 8366)
4(1972 8368 13110 8370)
4(1972 8370 13158 8369)
4(1990 8422 13210 8423)
4(12448 5402 13210 8422)
4(1991 8424 13159 8426)
4(1991 8426 13213 8425)
4(2011 8484 13271 8485)
4(13214 5423 12480 8486)
4(12480 5423 13274 8487)
4(2032 8548 13273 8550)
4(13273 8548 12504 5444)
4(2033 8554 13339 8553)
4(2055 8618 13403 8619)
4(13340 5467 12537 8620)
4(2078 8687 13405 8689)
4(13405 8687 12566 5490)
4(13407 5491 12570 8690)
4(12570 5491 13475 8691)
4(13474 8758 12596 5514)
4(2102 8764 13546 8763)
4(2126 8834 13615 8835)
4(2127 8838 13617 8837)
4(2151 8908 13686 8909)
4(2152 8912 13688 8911)
4(2176 8982 13757 8983)
4(2177 8986 13759 8985)
4(2201 9056 13828 9057)
4(2202 9060 13830 9059)
4(12720 9059 13830 5611)
4(2226 9130 13899 9131)
4(13832 5635 12751 9132)
4(13900 9199 12780 5658)
4(2250 9205 13970 9204)
4(2272 9271 13969 9269)
4(2272 9270 14033 9271)
4(2273 9274 14035 9273)
4(12812 9273 14035 5681)
4(2295 9338 14098 9339)
4(2296 9343 14100 9342)
4(2316 9403 14099 9401)
4(2316 9402 14157 9403)
4(2317 9405 14102 9404)
4(14102 5723 12868 9404)
4(14158 9460 12894 5742)
4(12894 9461 14210 5742)
4(2338 9465 14161 9464)
4(14161 5743 12896 9464)
4(14211 9514 12920 5760)
4(12920 9515 14257 5760)
4(2357 9519 14214 9518)
4(14214 5761 12922 9518)
4(14258 9562 12948 5776)
4(12948 9563 14298 5776)
4(2374 9567 14261 9566)
4(2375 9570 14300 9569)
4(12952 9569 14300 5777)
4(2387 9606 14299 9604)
4(2387 9605 14331 9606)
4(2389 9610 14304 9609)
4(2390 9613 14333 9612)
4(12983 9612 14333 5789)
4(12986 9615 14334 5790)
4(13003 9633 14345 5796)
4(2398 9637 14330 9635)
4(2398 9636 14347 9637)
4(2399 9639 14332 9638)
4(2400 9642 14338 9641)
4(2401 9644 14340 9643)
4(2402 9646 14342 9645)
4(2403 9648 14344 9647)
4(2404 9650 14346 9649)
4(2405 3732 4436 3733)
4(2406 3734 4437 3735)
4(2407 3736 4438 3737)
4(2408 3738 4439 3739)
4(2409 3740 4440 3741)
4(2410 3746 4443 3747)
4(2411 3748 13039 3749)
4(2412 3750 13042 9651)
4(2413 3751 13045 9652)
4(2414 3752 13048 9653)
4(2415 3753 13051 9654)
4(2416 3754 13054 9655)
4(2417 3755 13057 9656)
4(2418 3756 13060 9657)
4(2419 3757 4444 3758)
4(2420 3759 4445 3760)
4(2421 3762 4447 3763)
4(2422 3764 13072 3765)
4(2423 3766 13075 9658)
4(2424 9659 13078 9660)
4(2425 9661 13081 9662)
4(2426 9663 13084 9664)
4(2427 9665 13087 9666)
4(2428 9667 13090 9668)
4(2429 9669 13093 9670)
4(2430 9671 13096 9672)
4(2431 9673 13099 9674)
4(2432 3767 13102 9675)
4(2433 3768 13105 9676)
4(2434 3769 4448 3770)
4(2436 3772 4451 3773)
4(2437 3774 13115 3775)
4(2438 9677 13118 9678)
4(2439 9679 13121 9680)
4(2440 9681 13124 9682)
4(2441 9683 13127 9684)
4(2442 9685 13130 9686)
4(2443 9687 13133 9688)
4(2444 9689 13136 9690)
4(2445 9691 13139 9692)
4(2446 9693 13142 9694)
4(2447 9695 13145 9696)
4(2448 9697 13148 9698)
4(2449 9699 13151 9700)
4(2450 3776 13154 9701)
4(2451 3777 4452 3778)
4(2453 3780 4455 3781)
4(2454 3782 13164 3783)
4(2455 9702 13167 9703)
4(2456 9704 13170 9705)
4(2457 9706 13173 9707)
4(2458 9708 13176 9709)
4(2459 9710 13179 9711)
4(2460 9712 13182 9713)
4(2461 9714 13185 9715)
4(2462 9716 13188 9717)
4(2463 9718 13191 9719)
4(2464 9720 13194 9721)
4(2465 9722 13197 9723)
4(2466 9724 13200 9725)
4(2467 9726 13203 9727)
4(2468 9728 13206 9729)
4(2469 3784 13209 9730)
4(2470 3785 4456 3786)
4(2472 3788 4458 3789)
4(2473 3790 13219 3791)
4(2474 9731 13222 9732)
4(2475 9733 13225 9734)
4(2476 9735 13228 9736)
4(2477 9737 13231 9738)
4(2478 9739 13234 9740)
4(2479 9741 13237 9742)
4(2480 9743 13240 9744)
4(2481 9745 13243 9746)
4(2482 9747 13246 9748)
4(2483 9749 13249 9750)
4(2484 9751 13252 9752)
4(2485 9753 13255 9754)
4(2486 9755 13258 9756)
4(2487 9757 13261 9758)
4(2488 9759 13264 9760)
4(2489 9761 13267 9762)
4(2490 3792 13270 9763)
4(2491 3793 4459 3794)
4(2493 3798 13279 3799)
4(2494 9764 13282 9765)
4(2495 9766 13285 9767)
4(2496 9768 13288 9769)
4(2497 9770 13291 9771)
4(2498 9772 13294 9773)
4(2499 9774 13297 9775)
4(2500 9776 13300 9777)
4(2501 9778 13303 9779)
4(2502 9780 13306 9781)
4(2503 9782 13309 9783)
4(2504 9784 13312 9785)
4(2505 9786 13315 9787)
4(2506 9788 13318 9789)
4(2507 9790 13321 9791)
4(2508 9792 13324 9793)
4(2509 9794 13327 9795)
4(2510 9796 13330 9797)
4(2511 9798 13333 9799)
4(2512 3800 13336 9800)
4(2513 3801 4461 3802)
4(2514 3804 4462 3805)
4(2515 9801 13345 3806)
4(2516 9802 13348 9803)
4(2517 9804 13351 9805)
4(2518 9806 13354 9807)
4(2519 9808 13357 9809)
4(2520 9810 13360 9811)
4(2521 9812 13363 9813)
4(2522 9814 13366 9815)
4(2523 9816 13369 9817)
4(2524 9818 13372 9819)
4(2525 9820 13375 9821)
4(2526 9822 13378 9823)
4(2527 9824 13381 9825)
4(2528 9826 13384 9827)
4(2529 9828 13387 9829)
4(2530 9830 13390 9831)
4(2531 9832 13393 9833)
4(2532 9834 13396 9835)
4(2533 9836 13399 9837)
4(2534 9838 13402 9839)
4(2535 3807 4463 3808)
4(2537 3811 13410 3812)
4(2538 9840 13413 9841)
4(2539 9842 13416 9843)
4(2540 9844 13419 9845)
4(2541 9846 13422 9847)
4(2542 9848 13425 9849)
4(2543 9850 13428 9851)
4(2544 9852 13431 9853)
4(2545 9854 13434 9855)
4(2546 9856 13437 9857)
4(2547 9858 13440 9859)
4(2548 9860 13443 9861)
4(2549 9862 13446 9863)
4(2550 9864 13449 9865)
4(2551 9866 13452 9867)
4(2552 9868 13455 9869)
4(2553 9870 13458 9871)
4(2554 9872 13461 9873)
4(2555 9874 13464 9875)
4(2556 9876 13467 9877)
4(2557 9878 13470 9879)
4(2558 3813 13473 9880)
4(2559 3814 4465 3815)
4(2560 9881 13480 3818)
4(2561 9882 13483 9883)
4(2562 9884 13486 9885)
4(2563 9886 13489 9887)
4(2564 9888 13492 9889)
4(2565 9890 13495 9891)
4(2566 9892 13498 9893)
4(2567 9894 13501 9895)
4(2568 9896 13504 9897)
4(2569 9898 13507 9899)
4(2570 9900 13510 9901)
4(2571 9902 13513 9903)
4(2572 9904 13516 9905)
4(2573 9906 13519 9907)
4(2574 9908 13522 9909)
4(2575 9910 13525 9911)
4(2576 9912 13528 9913)
4(2577 9914 13531 9915)
4(2578 9916 13534 9917)
4(2579 9918 13537 9919)
4(2580 9920 13540 9921)
4(2581 9922 13543 9923)
4(2582 3819 4467 3820)
4(2583 3822 4468 3823)
4(2584 9924 13551 3824)
4(2585 9925 13554 9926)
4(2586 9927 13557 9928)
4(2587 9929 13560 9930)
4(2588 9931 13563 9932)
4(2589 9933 13566 9934)
4(2590 9935 13569 9936)
4(2591 9937 13572 9938)
4(2592 9939 13575 9940)
4(2593 9941 13578 9942)
4(2594 9943 13581 9944)
4(2595 9945 13584 9946)
4(2596 9947 13587 9948)
4(2597 9949 13590 9950)
4(2598 9951 13593 9952)
4(2599 9953 13596 9954)
4(2600 9955 13599 9956)
4(2601 9957 13602 9958)
4(2602 9959 13605 9960)
4(2603 9961 13608 9962)
4(2604 9963 13611 9964)
4(2605 9965 13614 9966)
4(2606 3825 4469 3826)
4(2608 3828 4470 3829)
4(2609 9967 13622 3830)
4(2610 9968 13625 9969)
4(2611 9970 13628 9971)
4(2612 9972 13631 9973)
4(2613 9974 13634 9975)
4(2614 9976 13637 9977)
4(2615 9978 13640 9979)
4(2616 9980 13643 9981)
4(2617 9982 13646 9983)
4(2618 9984 13649 9985)
4(2619 9986 13652 9987)
4(2620 9988 13655 9989)
4(2621 9990 13658 9991)
4(2622 9992 13661 9993)
4(2623 9994 13664 9995)
4(2624 9996 13667 9997)
4(2625 9998 13670 9999)
4(2626 10000 13673 10001)
4(2627 10002 13676 10003)
4(2628 10004 13679 10005)
4(2629 10006 13682 10007)
4(2630 10008 13685 10009)
4(2631 3831 4471 3832)
4(2633 3834 4472 3835)
4(2634 10010 13693 3836)
4(2635 10011 13696 10012)
4(2636 10013 13699 10014)
4(2637 10015 13702 10016)
4(2638 10017 13705 10018)
4(2639 10019 13708 10020)
4(2640 10021 13711 10022)
4(2641 10023 13714 10024)
4(2642 10025 13717 10026)
4(2643 10027 13720 10028)
4(2644 10029 13723 10030)
4(2645 10031 13726 10032)
4(2646 10033 13729 10034)
4(2647 10035 13732 10036)
4(2648 10037 13735 10038)
4(2649 10039 13738 10040)
4(2650 10041 13741 10042)
4(2651 10043 13744 10044)
4(2652 10045 13747 10046)
4(2653 10047 13750 10048)
4(2654 10049 13753 10050)
4(2655 10051 13756 10052)
4(2656 3837 4473 3838)
4(2658 3840 4474 3841)
4(2659 10053 13764 3842)
4(2660 10054 13767 10055)
4(2661 10056 13770 10057)
4(2662 10058 13773 10059)
4(2663 10060 13776 10061)
4(2664 10062 13779 10063)
4(2665 10064 13782 10065)
4(2666 10066 13785 10067)
4(2667 10068 13788 10069)
4(2668 10070 13791 10071)
4(2669 10072 13794 10073)
4(2670 10074 13797 10075)
4(2671 10076 13800 10077)
4(2672 10078 13803 10079)
4(2673 10080 13806 10081)
4(2674 10082 13809 10083)
4(2675 10084 13812 10085)
4(2676 10086 13815 10087)
4(2677 10088 13818 10089)
4(2678 10090 13821 10091)
4(2679 10092 13824 10093)
4(2680 10094 13827 10095)
4(2681 3843 4475 3844)
4(2683 3846 4476 3847)
4(2684 10096 13835 3848)
4(2685 10097 13838 10098)
4(2686 10099 13841 10100)
4(2687 10101 13844 10102)
4(2688 10103 13847 10104)
4(2689 10105 13850 10106)
4(2690 10107 13853 10108)
4(2691 10109 13856 10110)
4(2692 10111 13859 10112)
4(2693 10113 13862 10114)
4(2694 10115 13865 10116)
4(2695 10117 13868 10118)
4(2696 10119 13871 10120)
4(2697 10121 13874 10122)
4(2698 10123 13877 10124)
4(2699 10125 13880 10126)
4(2700 10127 13883 10128)
4(2701 10129 13886 10130)
4(2702 10131 13889 10132)
4(2703 10133 13892 10134)
4(2704 10135 13895 10136)
4(2705 10137 13898 10138)
4(2706 3849 4477 3850)
4(2708 10139 13905 3853)
4(2709 10140 13908 10141)
4(2710 10142 13911 10143)
4(2711 10144 13914 10145)
4(2712 10146 13917 10147)
4(2713 10148 13920 10149)
4(2714 10150 13923 10151)
4(2715 10152 13926 10153)
4(2716 10154 13929 10155)
4(2717 10156 13932 10157)
4(2718 10158 13935 10159)
4(2719 10160 13938 10161)
4(2720 10162 13941 10163)
4(2721 10164 13944 10165)
4(2722 10166 13947 10167)
4(2723 10168 13950 10169)
4(2724 10170 13953 10171)
4(2725 10172 13956 10173)
4(2726 10174 13959 10175)
4(2727 10176 13962 10177)
4(2728 10178 13965 10179)
4(2729 10180 13968 10181)
4(2730 3854 4479 3855)
4(2731 3857 4480 3858)
4(2732 10182 13975 3859)
4(2733 10183 13978 10184)
4(2734 10185 13981 10186)
4(2735 10187 13984 10188)
4(2736 10189 13987 10190)
4(2737 10191 13990 10192)
4(2738 10193 13993 10194)
4(2739 10195 13996 10196)
4(2740 10197 13999 10198)
4(2741 10199 14002 10200)
4(2742 10201 14005 10202)
4(2743 10203 14008 10204)
4(2744 10205 14011 10206)
4(2745 10207 14014 10208)
4(2746 10209 14017 10210)
4(2747 10211 14020 10212)
4(2748 10213 14023 10214)
4(2749 10215 14026 10216)
4(2750 10217 14029 10218)
4(2751 10219 14032 10220)
4(2752 3860 4481 3861)
4(2754 3864 4482 3865)
4(2755 10221 14040 3866)
4(2756 10222 14043 10223)
4(2757 10224 14046 10225)
4(2758 10226 14049 10227)
4(2759 10228 14052 10229)
4(2760 10230 14055 10231)
4(2761 10232 14058 10233)
4(2762 10234 14061 10235)
4(2763 10236 14064 10237)
4(2764 10238 14067 10239)
4(2765 10240 14070 10241)
4(2766 10242 14073 10243)
4(2767 10244 14076 10245)
4(2768 10246 14079 10247)
4(2769 10248 14082 10249)
4(2770 10250 14085 10251)
4(2771 10252 14088 10253)
4(2772 10254 14091 10255)
4(2773 10256 14094 10257)
4(2774 10258 14097 10259)
4(2775 3867 4483 3868)
4(2777 3871 4484 3872)
4(2778 10260 14105 3873)
4(2779 10261 14108 10262)
4(2780 10263 14111 10264)
4(2781 10265 14114 10266)
4(2782 10267 14117 10268)
4(2783 10269 14120 10270)
4(2784 10271 14123 10272)
4(2785 10273 14126 10274)
4(2786 10275 14129 10276)
4(2787 10277 14132 10278)
4(2788 10279 14135 10280)
4(2789 10281 14138 10282)
4(2790 10283 14141 10284)
4(2791 10285 14144 10286)
4(2792 10287 14147 10288)
4(2793 10289 14150 10290)
4(2794 10291 14153 10292)
4(2795 10293 14156 10294)
4(2796 3874 4485 3875)
4(2799 3879 4487 3880)
4(2800 10295 14164 3881)
4(2801 10296 14167 10297)
4(2802 10298 14170 10299)
4(2803 10300 14173 10301)
4(2804 10302 14176 10303)
4(2805 10304 14179 10305)
4(2806 10306 14182 10307)
4(2807 10308 14185 10309)
4(2808 10310 14188 10311)
4(2809 10312 14191 10313)
4(2810 10314 14194 10315)
4(2811 10316 14197 10317)
4(2812 10318 14200 10319)
4(2813 10320 14203 10321)
4(2814 10322 14206 10323)
4(2815 10324 14209 10325)
4(2816 3882 4488 3883)
4(2817 3884 4489 3885)
4(2820 3887 4491 3888)
4(2821 10326 14217 3889)
4(2822 10327 14220 10328)
4(2823 10329 14223 10330)
4(2824 10331 14226 10332)
4(2825 10333 14229 10334)
4(2826 10335 14232 10336)
4(2827 10337 14235 10338)
4(2828 10339 14238 10340)
4(2829 10341 14241 10342)
4(2830 10343 14244 10344)
4(2831 10345 14247 10346)
4(2832 10347 14250 10348)
4(2833 10349 14253 10350)
4(2834 10351 14256 10352)
4(2835 3890 4492 3891)
4(2836 3892 4493 3893)
4(2839 3895 4495 3896)
4(2840 10353 14264 3897)
4(2841 10354 14267 10355)
4(2842 10356 14270 10357)
4(2843 10358 14273 10359)
4(2844 10360 14276 10361)
4(2845 10362 14279 10363)
4(2846 10364 14282 10365)
4(2847 10366 14285 10367)
4(2848 10368 14288 10369)
4(2849 10370 14291 10371)
4(2850 10372 14294 10373)
4(2851 10374 14297 10375)
4(2852 3898 4496 3899)
4(2853 3900 4497 3901)
4(2856 3903 4498 3904)
4(2857 3905 4499 3906)
4(2858 10376 14307 3907)
4(2859 10377 14310 10378)
4(2860 10379 14313 10380)
4(2861 10381 14316 10382)
4(2862 10383 14319 10384)
4(2863 10385 14322 10386)
4(2864 10387 14325 10388)
4(2865 10389 14328 10390)
4(2866 3908 4500 3909)
4(2867 3910 4501 3911)
4(2871 3916 4502 3917)
4(2872 3918 4503 3919)
4(2873 3920 4504 3921)
4(2874 3922 4505 3923)
4(2875 3924 4506 3925)
4(2876 3926 4507 3927)
4(2877 3928 4508 3929)
4(2878 3930 4509 3931)
4(6 2983 4084 3010)
4(6 3010 4085 3005)
4(486 3007 4085 3486)
4(487 3010 4084 3469)
4(487 3486 4085 3010)
4(4086 2886 3941 2985)
4(4088 3469 4084 2886)
4(4088 2886 4086 3471)
4(0 2988 4077 2984)
4(4091 2887 4077 3470)
4(4091 3471 4086 2887)
4(481 3470 4077 2988)
4(1 2991 4078 2986)
4(481 2988 4078 3472)
4(482 3472 4078 2991)
4(2 2994 4079 2989)
4(482 2991 4079 3474)
4(483 3474 4079 2994)
4(3 2997 4080 2992)
4(483 2994 4080 3476)
4(484 3476 4080 2997)
4(4 3000 4081 2995)
4(484 2997 4081 3478)
4(485 3478 4081 3000)
4(4104 2892 3947 3001)
4(4106 3480 4082 2892)
4(485 3000 4082 3480)
4(4106 2892 4104 3482)
4(4107 2893 3948 3002)
4(14 3034 4107 3002)
4(4109 3482 4104 2893)
4(4109 2893 4107 3483)
4(495 3483 4107 3034)
4(15 3037 4110 3032)
4(495 3034 4110 3500)
4(496 3500 4110 3037)
4(17 3004 4112 3044)
4(17 3044 4113 3039)
4(497 3041 4113 3505)
4(498 3044 4112 3485)
4(498 3505 4113 3044)
4(5 3007 4083 3003)
4(4116 2894 4083 3484)
4(4116 3485 4112 2894)
4(486 3484 4083 3007)
4(4133 2900 3960 3038)
4(29 3069 4133 3038)
4(4135 3502 4111 2900)
4(496 3037 4111 3502)
4(4135 2900 4133 3504)
4(510 3504 4133 3069)
4(30 3071 4136 3067)
4(510 3069 4136 3517)
4(511 3517 4136 3071)
4(4137 2901 3961 3040)
4(4138 3072 3961 2901)
4(4139 2901 4137 3506)
4(497 3506 4137 3041)
4(4139 3520 4138 2901)
4(512 3074 4138 3520)
4(511 3071 4148 3519)
4(4151 2905 3968 3089)
4(47 3093 4151 3089)
4(4152 3519 4148 2905)
4(4152 2905 4151 3526)
4(528 3526 4151 3093)
4(528 3093 4158 3528)
4(4161 2908 3974 3106)
4(66 3110 4161 3106)
4(4162 3528 4158 2908)
4(4162 2908 4161 3531)
4(547 3531 4161 3110)
4(547 3110 4164 3533)
4(4167 2910 3980 3122)
4(87 3126 4167 3122)
4(4168 3533 4164 2910)
4(4168 2910 4167 3536)
4(568 3536 4167 3126)
4(88 3131 4170 3127)
4(88 3112 4169 3131)
4(548 3534 4169 3113)
4(569 3539 4170 3131)
4(569 3131 4169 3534)
4(108 3140 4172 3125)
4(568 3126 4172 3538)
4(589 3538 4172 3140)
4(589 3140 4175 3543)
4(109 3128 4176 3144)
4(4179 2912 4170 3539)
4(4179 3540 4176 2912)
4(590 3144 4176 3540)
4(4182 2913 3988 3141)
4(131 3156 4182 3141)
4(4184 3543 4175 2913)
4(4184 2913 4182 3545)
4(612 3545 4182 3156)
4(132 3143 4185 3160)
4(590 3547 4185 3144)
4(613 3160 4185 3547)
4(154 3171 4194 3155)
4(612 3156 4194 3553)
4(635 3553 4194 3171)
4(635 3171 4197 3561)
4(132 3160 4186 3157)
4(4199 3172 3993 2917)
4(4200 2917 4186 3554)
4(613 3554 4186 3160)
4(4200 3563 4199 2917)
4(4218 2922 4000 3185)
4(202 3201 4218 3185)
4(4220 3569 4208 2922)
4(4220 2922 4218 3571)
4(683 3571 4218 3201)
4(203 3187 4221 3204)
4(659 3573 4221 3188)
4(684 3204 4221 3573)
4(227 3217 4232 3200)
4(683 3201 4232 3581)
4(708 3581 4232 3217)
4(228 3203 4235 3220)
4(684 3583 4235 3204)
4(709 3220 4235 3583)
4(252 3233 4246 3216)
4(708 3217 4246 3591)
4(733 3591 4246 3233)
4(253 3219 4249 3236)
4(709 3593 4249 3220)
4(734 3236 4249 3593)
4(277 3249 4260 3232)
4(733 3233 4260 3601)
4(758 3601 4260 3249)
4(278 3235 4263 3252)
4(734 3603 4263 3236)
4(759 3252 4263 3603)
4(302 3264 4271 3248)
4(758 3249 4271 3610)
4(783 3610 4271 3264)
4(4276 3265 4017 2938)
4(4277 2938 4274 3612)
4(759 3612 4274 3252)
4(4277 3619 4276 2938)
4(4282 3263 4020 2940)
4(4283 2940 4020 3273)
4(4284 3618 4282 2940)
4(783 3264 4282 3618)
4(4284 2940 4283 3623)
4(4286 3276 4021 2941)
4(326 3276 4286 3279)
4(4287 2941 4276 3619)
4(4287 3625 4286 2941)
4(807 3279 4286 3625)
4(4295 2943 4024 3291)
4(4296 3623 4283 2943)
4(4296 2943 4295 3635)
4(829 3635 4295 3293)
4(349 3278 4297 3296)
4(807 3627 4297 3279)
4(830 3296 4297 3627)
4(371 3309 4308 3292)
4(829 3293 4308 3636)
4(852 3636 4308 3309)
4(4313 3310 4029 2948)
4(372 3310 4313 3313)
4(4314 2948 4311 3638)
4(830 3638 4311 3296)
4(4314 3647 4313 2948)
4(853 3313 4313 3647)
4(4323 3308 4032 2951)
4(4324 2951 4032 3324)
4(4325 3646 4323 2951)
4(852 3309 4323 3646)
4(4325 2951 4324 3654)
4(873 3654 4324 3326)
4(393 3312 4326 3328)
4(853 3649 4326 3313)
4(874 3328 4326 3649)
4(874 3655 4328 3328)
4(4336 3330 4037 2954)
4(414 3330 4336 3347)
4(4337 2954 4328 3655)
4(4337 3657 4336 2954)
4(895 3347 4336 3657)
4(895 3665 4339 3347)
4(432 3363 4346 3343)
4(432 3360 4347 3363)
4(913 3664 4346 3363)
4(913 3363 4347 3671)
4(413 3342 4335 3345)
4(4349 3663 4335 2958)
4(4349 2958 4346 3664)
4(894 3345 4335 3663)
4(4350 3349 4043 2959)
4(433 3349 4350 3365)
4(4351 2959 4339 3665)
4(4351 3667 4350 2959)
4(914 3365 4350 3667)
4(914 3673 4353 3365)
4(449 3386 4359 3361)
4(449 3383 4360 3386)
4(930 3672 4359 3386)
4(930 3386 4360 3681)
4(4362 3671 4347 2962)
4(4362 2962 4359 3672)
4(4363 3367 4049 2963)
4(450 3367 4363 3388)
4(4364 2963 4353 3673)
4(4364 3675 4363 2963)
4(931 3388 4363 3675)
4(451 3387 4366 3391)
4(931 3683 4366 3388)
4(932 3391 4366 3683)
4(464 3425 4379 3384)
4(4381 3681 4360 2967)
4(4381 2967 4379 3682)
4(945 3682 4379 3425)
4(932 3685 4382 3391)
4(4384 3426 4057 2968)
4(465 3426 4384 3428)
4(4385 2968 4382 3685)
4(4385 3702 4384 2968)
4(946 3428 4384 3702)
4(466 3427 4387 3431)
4(946 3703 4387 3428)
4(947 3431 4387 3703)
4(475 3453 4406 3457)
4(955 3720 4406 3455)
4(956 3457 4406 3720)
4(4408 3423 4068 2974)
4(4409 2974 4068 3456)
4(4410 3701 4408 2974)
4(944 3424 4408 3701)
4(4410 2974 4409 3722)
4(956 3722 4409 3457)
4(464 3422 4380 3425)
4(944 3700 4380 3424)
4(945 3425 4380 3700)
4(947 3705 4411 3431)
4(4412 3433 4069 2975)
4(4413 2975 4411 3705)
4(4413 3707 4412 2975)
4(4415 3458 4070 2976)
4(476 3458 4415 3460)
4(4416 2976 4412 3707)
4(4416 3723 4415 2976)
4(957 3460 4415 3723)
4(477 3459 4418 3462)
4(957 3724 4418 3460)
4(958 3462 4418 3724)
4(478 3461 4421 3464)
4(958 3725 4421 3462)
4(959 3464 4421 3725)
4(479 3463 4424 3466)
4(959 3726 4424 3464)
4(960 3466 4424 3726)
4(480 3465 4427 3468)
4(960 3727 4427 3466)
4(961 3468 4427 3727)
4(4429 3451 4075 2981)
4(4430 2981 4075 3467)
4(4431 3719 4429 2981)
4(4431 2981 4430 3728)
4(961 3728 4430 3468)
4(4432 3454 4076 2982)
4(4433 2982 4429 3719)
4(4433 3721 4432 2982)
4(955 3455 4432 3721)
4(2411 3729 4434 3748)
4(2412 3748 4434 3731)
4(2405 3733 4435 3730)
4(2412 3731 4435 3750)
4(2413 3750 4435 3733)
4(2406 3735 4436 3732)
4(2413 3733 4436 3751)
4(2414 3751 4436 3735)
4(2407 3737 4437 3734)
4(2414 3735 4437 3752)
4(2415 3752 4437 3737)
4(2408 3739 4438 3736)
4(2415 3737 4438 3753)
4(2416 3753 4438 3739)
4(2409 3741 4439 3738)
4(2416 3739 4439 3754)
4(2417 3754 4439 3741)
4(2417 3741 4440 3755)
4(2418 3755 4440 3742)
4(2418 3742 4441 3756)
4(2419 3756 4441 3743)
4(2410 3747 4442 3744)
4(2422 3745 4442 3764)
4(2423 3764 4442 3747)
4(2411 3749 4443 3746)
4(2423 3747 4443 3766)
4(2424 3766 4443 3749)
4(2420 3760 4444 3757)
4(2432 3758 4444 3767)
4(2433 3767 4444 3760)
4(2433 3760 4445 3768)
4(2434 3768 4445 3761)
4(2437 3772 4446 3763)
4(2422 3765 4447 3762)
4(2437 3763 4447 3774)
4(2438 3774 4447 3765)
4(2435 3771 4448 3769)
4(2450 3770 4448 3776)
4(2451 3776 4448 3771)
4(2451 3771 4449 3777)
4(2454 3780 4450 3773)
4(2437 3775 4451 3772)
4(2454 3773 4451 3782)
4(2455 3782 4451 3775)
4(2452 3779 4452 3777)
4(2469 3778 4452 3784)
4(2470 3784 4452 3779)
4(2470 3779 4453 3785)
4(2473 3788 4454 3781)
4(2454 3783 4455 3780)
4(2473 3781 4455 3790)
4(2474 3790 4455 3783)
4(2471 3787 4456 3785)
4(2490 3786 4456 3792)
4(2491 3792 4456 3787)
4(2491 3787 4457 3793)
4(2473 3791 4458 3788)
4(2493 3789 4458 3798)
4(2494 3798 4458 3791)
4(2492 3795 4459 3793)
4(2512 3794 4459 3800)
4(2513 3800 4459 3795)
4(2493 3799 4460 3796)
4(2514 3797 4460 3804)
4(2515 3804 4460 3799)
4(2535 3802 4461 3807)
4(2536 3807 4461 3803)
4(2515 3806 4462 3804)
4(2537 3805 4462 3811)
4(2538 3811 4462 3806)
4(2536 3809 4463 3807)
4(2558 3808 4463 3813)
4(2559 3813 4463 3809)
4(2537 3812 4464 3810)
4(2560 3816 4464 3812)
4(2582 3815 4465 3819)
4(2560 3818 4466 3816)
4(2583 3817 4466 3822)
4(2584 3822 4466 3818)
4(2606 3820 4467 3825)
4(2607 3825 4467 3821)
4(2584 3824 4468 3822)
4(2608 3823 4468 3828)
4(2609 3828 4468 3824)
4(2607 3827 4469 3825)
4(2631 3826 4469 3831)
4(2632 3831 4469 3827)
4(2609 3830 4470 3828)
4(2633 3829 4470 3834)
4(2634 3834 4470 3830)
4(2632 3833 4471 3831)
4(2656 3832 4471 3837)
4(2657 3837 4471 3833)
4(2634 3836 4472 3834)
4(2658 3835 4472 3840)
4(2659 3840 4472 3836)
4(2657 3839 4473 3837)
4(2681 3838 4473 3843)
4(2682 3843 4473 3839)
4(2659 3842 4474 3840)
4(2683 3841 4474 3846)
4(2684 3846 4474 3842)
4(2682 3845 4475 3843)
4(2706 3844 4475 3849)
4(2707 3849 4475 3845)
4(2684 3848 4476 3846)
4(2708 3852 4476 3848)
4(2707 3851 4477 3849)
4(2730 3850 4477 3854)
4(2708 3853 4478 3852)
4(2731 3856 4478 3853)
4(2753 3855 4479 3862)
4(2732 3859 4480 3857)
4(2754 3858 4480 3864)
4(2755 3864 4480 3859)
4(2753 3863 4481 3860)
4(2775 3861 4481 3867)
4(2776 3867 4481 3863)
4(2755 3866 4482 3864)
4(2777 3870 4482 3866)
4(2776 3869 4483 3867)
4(2797 3868 4483 3876)
4(2778 3873 4484 3871)
4(2798 3872 4484 3878)
4(2799 3878 4484 3873)
4(2797 3877 4485 3874)
4(2817 3875 4485 3884)
4(2818 3884 4485 3877)
4(2799 3880 4486 3878)
4(2800 3881 4487 3879)
4(2819 3880 4487 3886)
4(2820 3886 4487 3881)
4(2817 3885 4488 3882)
4(2836 3883 4488 3892)
4(2837 3892 4488 3885)
4(2820 3888 4490 3886)
4(2821 3889 4491 3887)
4(2838 3888 4491 3894)
4(2839 3894 4491 3889)
4(2836 3893 4492 3890)
4(2853 3891 4492 3900)
4(2854 3900 4492 3893)
4(2839 3896 4494 3894)
4(2840 3897 4495 3895)
4(2855 3896 4495 3902)
4(2856 3902 4495 3897)
4(2853 3901 4496 3898)
4(2868 3899 4496 3912)
4(2869 3912 4496 3901)
4(2857 3906 4498 3903)
4(2870 3914 4498 3906)
4(2858 3907 4499 3905)
4(2870 3906 4499 3915)
4(2871 3915 4499 3907)
4(2867 3911 4500 3908)
4(2879 3909 4500 3932)
4(2880 3932 4500 3911)
4(2868 3913 4501 3910)
4(2880 3911 4501 3934)
4(2872 3919 4502 3916)
4(2873 3921 4503 3918)
4(2881 3935 4503 3921)
4(2874 3923 4504 3920)
4(2881 3921 4504 3936)
4(2882 3936 4504 3923)
4(2875 3925 4505 3922)
4(2882 3923 4505 3937)
4(2883 3937 4505 3925)
4(2876 3927 4506 3924)
4(2883 3925 4506 3938)
4(2884 3938 4506 3927)
4(2877 3929 4507 3926)
4(2884 3927 4507 3939)
4(2885 3939 4507 3929)
4(2878 3931 4508 3928)
4(2885 3929 4508 3940)
4(2879 3933 4509 3930)
4(4644 4517 3969 3073)
4(3969 4517 4645 3094)
4(4646 4517 4644 4578)
4(512 4578 4644 3074)
4(4646 4581 4645 4517)
4(529 4548 4645 4581)
4(4649 4519 3975 3095)
4(3975 4519 4650 3111)
4(4651 4519 4649 4582)
4(529 4582 4649 4548)
4(4651 4587 4650 4519)
4(548 3113 4650 4587)
4(4208 4527 3996 3182)
4(4672 3561 4197 4527)
4(4208 3569 4672 4527)
4(178 3173 4673 3188)
4(4674 4528 4199 3563)
4(4674 4598 4673 4528)
4(659 3188 4673 4598)
4(413 3345 4683 3325)
4(873 3326 4683 4604)
4(894 4604 4683 3345)
4(481 6715 11684 3470)
4(962 7483 11684 6715)
4(482 6716 11685 3472)
4(962 6715 11685 7485)
4(963 7485 11685 6716)
4(483 6717 11686 3474)
4(963 6716 11686 7488)
4(964 7488 11686 6717)
4(484 6718 11687 3476)
4(964 6717 11687 7491)
4(965 7491 11687 6718)
4(485 6719 11688 3478)
4(965 6718 11688 7494)
4(966 7494 11688 6719)
4(966 6719 11689 7497)
4(486 6720 11690 3484)
4(967 7502 11690 6720)
4(487 3469 11691 6721)
4(487 6721 11692 3486)
4(967 6720 11692 7504)
4(968 6721 11691 7482)
4(968 7504 11692 6721)
4(11693 5077 4088 3471)
4(11695 7482 11691 5077)
4(11695 5077 11693 7484)
4(11698 5078 11684 7483)
4(11698 7484 11693 5078)
4(11711 5083 4106 3482)
4(11713 7497 11689 5083)
4(11713 5083 11711 7500)
4(11714 5084 4109 3483)
4(495 6729 11714 3483)
4(11716 7500 11711 5084)
4(11716 5084 11714 7501)
4(976 7501 11714 6729)
4(496 6730 11717 3500)
4(976 6729 11717 7526)
4(977 7526 11717 6730)
4(977 6730 11718 7529)
4(498 3485 11719 6732)
4(498 6732 11720 3505)
4(978 6731 11720 7533)
4(979 6732 11719 7503)
4(979 7533 11720 6732)
4(11723 5085 11690 7502)
4(11723 7503 11719 5085)
4(11737 5090 4135 3504)
4(510 6746 11737 3504)
4(11739 7529 11718 5090)
4(11739 5090 11737 7532)
4(991 7532 11737 6746)
4(511 6747 11740 3517)
4(991 6746 11740 7550)
4(992 7550 11740 6747)
4(11741 5091 4139 3506)
4(4139 5091 11742 3520)
4(11743 5091 11741 7534)
4(978 7534 11741 6731)
4(11743 7555 11742 5091)
4(993 6748 11742 7555)
4(992 6747 11748 7553)
4(4152 3526 11751 5094)
4(528 6772 11751 3526)
4(11752 7553 11748 5094)
4(11752 5094 11751 7564)
4(1009 7564 11751 6772)
4(11753 5095 4646 4578)
4(4646 5095 11754 4581)
4(11755 5095 11753 7556)
4(993 7556 11753 6748)
4(11755 7569 11754 5095)
4(1010 6773 11754 7569)
4(1009 6772 11760 7567)
4(4162 3531 11763 5098)
4(547 6803 11763 3531)
4(11764 7567 11760 5098)
4(11764 5098 11763 7578)
4(1028 7578 11763 6803)
4(11765 5099 4651 4582)
4(4651 5099 11766 4587)
4(11767 5099 11765 7570)
4(1010 7570 11765 6773)
4(11767 7583 11766 5099)
4(1029 6804 11766 7583)
4(1028 6803 11772 7581)
4(4168 3536 11775 5102)
4(568 6838 11775 3536)
4(11776 7581 11772 5102)
4(11776 5102 11775 7592)
4(1049 7592 11775 6838)
4(569 3534 11777 6839)
4(569 6839 11778 3539)
4(1029 7584 11777 6804)
4(1050 6839 11777 7584)
4(1050 7597 11778 6839)
4(589 6875 11783 3538)
4(1049 6838 11783 7595)
4(1070 7595 11783 6875)
4(1070 6875 11786 7605)
4(590 3540 11787 6876)
4(1071 6876 11787 7598)
4(11790 5105 11778 7597)
4(11790 7598 11787 5105)
4(11792 5106 4184 3545)
4(612 6914 11792 3545)
4(11794 7605 11786 5106)
4(11794 5106 11792 7608)
4(1093 7608 11792 6914)
4(613 3547 11795 6915)
4(613 6915 11796 3554)
4(1071 7610 11795 6876)
4(1094 6915 11795 7610)
4(1094 7619 11796 6915)
4(635 6955 11801 3553)
4(1093 6914 11801 7617)
4(1116 7617 11801 6955)
4(1116 6955 11804 7628)
4(4200 5109 11806 3563)
4(11807 5109 11796 7619)
4(11807 7631 11806 5109)
4(4672 3569 11815 5112)
4(11816 7628 11804 5112)
4(11816 5112 11815 7639)
4(659 4598 11817 6999)
4(1140 6999 11817 7632)
4(11820 5113 11806 7631)
4(11820 7632 11817 5113)
4(11822 5114 4220 3571)
4(683 7041 11822 3571)
4(11824 7639 11815 5114)
4(11824 5114 11822 7642)
4(1164 7642 11822 7041)
4(684 3573 11825 7042)
4(1140 7644 11825 6999)
4(1165 7042 11825 7644)
4(708 7084 11830 3581)
4(1164 7041 11830 7651)
4(1189 7651 11830 7084)
4(709 3583 11833 7085)
4(1165 7654 11833 7042)
4(1190 7085 11833 7654)
4(733 7127 11838 3591)
4(1189 7084 11838 7661)
4(1214 7661 11838 7127)
4(734 3593 11841 7128)
4(1190 7664 11841 7085)
4(1215 7128 11841 7664)
4(758 7170 11846 3601)
4(1214 7127 11846 7671)
4(1239 7671 11846 7170)
4(759 3603 11849 7171)
4(1215 7674 11849 7128)
4(1240 7171 11849 7674)
4(783 7214 11854 3610)
4(1239 7170 11854 7681)
4(1264 7681 11854 7214)
4(1240 7684 11857 7171)
4(4277 5123 11859 3619)
4(11860 5123 11857 7684)
4(11860 7693 11859 5123)
4(11864 3618 4284 5124)
4(4284 3623 11865 5124)
4(11866 7691 11864 5124)
4(1264 7214 11864 7691)
4(11866 5124 11865 7702)
4(4287 5125 11868 3625)
4(807 3625 11868 7260)
4(11869 5125 11859 7693)
4(11869 7705 11868 5125)
4(1288 7260 11868 7705)
4(4296 3635 11877 5128)
4(11878 7702 11865 5128)
4(11878 5128 11877 7714)
4(1310 7714 11877 7298)
4(830 3627 11879 7299)
4(1288 7707 11879 7260)
4(1311 7299 11879 7707)
4(852 7337 11884 3636)
4(1310 7298 11884 7715)
4(1333 7715 11884 7337)
4(1311 7718 11887 7299)
4(4314 5131 11889 3647)
4(853 3647 11889 7338)
4(11890 5131 11887 7718)
4(11890 7727 11889 5131)
4(1334 7338 11889 7727)
4(11894 3646 4325 5132)
4(4325 3654 11895 5132)
4(11896 7725 11894 5132)
4(1333 7337 11894 7725)
4(11896 5132 11895 7736)
4(1354 7736 11895 7372)
4(874 3649 11897 7373)
4(1334 7729 11897 7338)
4(1355 7373 11897 7729)
4(1355 7739 11899 7373)
4(894 7405 11904 4604)
4(894 3663 11905 7405)
4(1354 7372 11904 7737)
4(1375 7737 11904 7405)
4(1375 7405 11905 7749)
4(11907 3657 4337 5135)
4(895 3657 11907 7406)
4(11908 5135 11899 7739)
4(11908 7742 11907 5135)
4(1376 7406 11907 7742)
4(1376 7753 11910 7406)
4(913 7434 11915 3664)
4(913 3671 11916 7434)
4(1394 7750 11915 7434)
4(1394 7434 11916 7763)
4(11918 7749 11905 5138)
4(11918 5138 11915 7750)
4(11919 3667 4351 5139)
4(914 3667 11919 7435)
4(11920 5139 11910 7753)
4(11920 7756 11919 5139)
4(1395 7435 11919 7756)
4(1395 7767 11922 7435)
4(930 7455 11927 3672)
4(930 3681 11928 7455)
4(1411 7764 11927 7455)
4(1411 7455 11928 7777)
4(11930 7763 11916 5142)
4(11930 5142 11927 7764)
4(11931 3675 4364 5143)
4(931 3675 11931 7456)
4(11932 5143 11922 7767)
4(11932 7770 11931 5143)
4(1412 7456 11931 7770)
4(932 3683 11934 7457)
4(1412 7781 11934 7456)
4(1413 7457 11934 7781)
4(945 7465 11943 3682)
4(945 3700 11944 7465)
4(1425 7803 11944 7464)
4(1426 7778 11943 7465)
4(1426 7465 11944 7803)
4(11946 7777 11928 5146)
4(11946 5146 11943 7778)
4(1413 7784 11947 7457)
4(4385 5147 11949 3702)
4(946 3702 11949 7466)
4(11950 5147 11947 7784)
4(11950 7807 11949 5147)
4(1427 7466 11949 7807)
4(947 3703 11952 7467)
4(1427 7808 11952 7466)
4(1428 7467 11952 7808)
4(956 3720 11968 7476)
4(1436 7834 11968 7475)
4(1437 7476 11968 7834)
4(11970 3701 4410 5152)
4(4410 3722 11971 5152)
4(11972 7804 11970 5152)
4(1425 7464 11970 7804)
4(11972 5152 11971 7837)
4(1437 7837 11971 7476)
4(1428 7811 11973 7467)
4(11974 3707 4413 5153)
4(11975 5153 11973 7811)
4(11975 7814 11974 5153)
4(4416 5154 11977 3723)
4(957 3723 11977 7477)
4(11978 5154 11974 7814)
4(11978 7839 11977 5154)
4(1438 7477 11977 7839)
4(958 3724 11980 7478)
4(1438 7840 11980 7477)
4(1439 7478 11980 7840)
4(959 3725 11983 7479)
4(1439 7842 11983 7478)
4(1440 7479 11983 7842)
4(960 3726 11986 7480)
4(1440 7844 11986 7479)
4(1441 7480 11986 7844)
4(961 3727 11989 7481)
4(1441 7846 11989 7480)
4(1442 7481 11989 7846)
4(11991 3719 4431 5159)
4(4431 3728 11992 5159)
4(11993 7832 11991 5159)
4(11993 5159 11992 7848)
4(1442 7848 11992 7481)
4(11994 3721 4433 5160)
4(11995 5160 11991 7832)
4(11995 7835 11994 5160)
4(1436 7475 11994 7835)
4(962 7487 11996 7483)
4(1443 7851 11996 7487)
4(963 7490 11997 7485)
4(1443 7487 11997 7853)
4(1444 7853 11997 7490)
4(964 7493 11998 7488)
4(1444 7490 11998 7856)
4(1445 7856 11998 7493)
4(965 7496 11999 7491)
4(1445 7493 11999 7859)
4(1446 7859 11999 7496)
4(966 7499 12000 7494)
4(1446 7496 12000 7862)
4(1447 7862 12000 7499)
4(1447 7499 12001 7865)
4(967 7506 12002 7502)
4(1448 7870 12002 7506)
4(968 7482 12003 7509)
4(968 7509 12004 7504)
4(1448 7506 12004 7872)
4(1449 7509 12003 7850)
4(1449 7872 12004 7509)
4(12005 5161 11695 7484)
4(12007 7850 12003 5161)
4(12007 5161 12005 7852)
4(12010 5162 11996 7851)
4(12010 7852 12005 5162)
4(12023 5167 11713 7500)
4(12025 7865 12001 5167)
4(12025 5167 12023 7868)
4(12026 5168 11716 7501)
4(976 7528 12026 7501)
4(12028 7868 12023 5168)
4(12028 5168 12026 7869)
4(1457 7869 12026 7528)
4(977 7531 12029 7526)
4(1457 7528 12029 7894)
4(1458 7894 12029 7531)
4(1458 7531 12030 7897)
4(979 7503 12031 7538)
4(979 7538 12032 7533)
4(1459 7535 12032 7901)
4(1460 7538 12031 7871)
4(1460 7901 12032 7538)
4(12035 5169 12002 7870)
4(12035 7871 12031 5169)
4(12049 5174 11739 7532)
4(991 7552 12049 7532)
4(12051 7897 12030 5174)
4(12051 5174 12049 7900)
4(1472 7900 12049 7552)
4(992 7554 12052 7550)
4(1472 7552 12052 7918)
4(1473 7918 12052 7554)
4(12053 5175 11743 7534)
4(12054 7555 11743 5175)
4(12055 5175 12053 7902)
4(1459 7902 12053 7535)
4(12055 7923 12054 5175)
4(1474 7557 12054 7923)
4(1473 7554 12060 7921)
4(12063 5178 11752 7564)
4(1009 7568 12063 7564)
4(12064 7921 12060 5178)
4(12064 5178 12063 7932)
4(1490 7932 12063 7568)
4(12065 5179 11755 7556)
4(12066 7569 11755 5179)
4(12067 5179 12065 7924)
4(1474 7924 12065 7557)
4(12067 7937 12066 5179)
4(1491 7571 12066 7937)
4(1490 7568 12072 7935)
4(12075 5182 11764 7578)
4(1028 7582 12075 7578)
4(12076 7935 12072 5182)
4(12076 5182 12075 7946)
4(1509 7946 12075 7582)
4(12077 5183 11767 7570)
4(12078 7583 11767 5183)
4(12079 5183 12077 7938)
4(1491 7938 12077 7571)
4(12079 7951 12078 5183)
4(1510 7585 12078 7951)
4(1509 7582 12084 7949)
4(12087 5186 11776 7592)
4(1049 7596 12087 7592)
4(12088 7949 12084 5186)
4(12088 5186 12087 7960)
4(1530 7960 12087 7596)
4(1050 7584 12089 7601)
4(1050 7601 12090 7597)
4(1510 7952 12089 7585)
4(1531 7601 12089 7952)
4(1531 7965 12090 7601)
4(1070 7607 12095 7595)
4(1530 7596 12095 7963)
4(1551 7963 12095 7607)
4(1551 7607 12098 7973)
4(1071 7598 12099 7611)
4(1552 7611 12099 7966)
4(12102 5189 12090 7965)
4(12102 7966 12099 5189)
4(12104 5190 11794 7608)
4(1093 7618 12104 7608)
4(12106 7973 12098 5190)
4(12106 5190 12104 7976)
4(1574 7976 12104 7618)
4(1094 7610 12107 7622)
4(1094 7622 12108 7619)
4(1552 7978 12107 7611)
4(1575 7622 12107 7978)
4(1575 7987 12108 7622)
4(1116 7630 12113 7617)
4(1574 7618 12113 7985)
4(1597 7985 12113 7630)
4(1597 7630 12116 7996)
4(12118 7631 11807 5193)
4(12119 5193 12108 7987)
4(12119 7999 12118 5193)
4(12127 5196 11816 7639)
4(12128 7996 12116 5196)
4(12128 5196 12127 8007)
4(1140 7632 12129 7645)
4(1621 7645 12129 8000)
4(12132 5197 12118 7999)
4(12132 8000 12129 5197)
4(12134 5198 11824 7642)
4(1164 7652 12134 7642)
4(12136 8007 12127 5198)
4(12136 5198 12134 8010)
4(1645 8010 12134 7652)
4(1165 7644 12137 7655)
4(1621 8012 12137 7645)
4(1646 7655 12137 8012)
4(1189 7662 12142 7651)
4(1645 7652 12142 8019)
4(1670 8019 12142 7662)
4(1190 7654 12145 7665)
4(1646 8022 12145 7655)
4(1671 7665 12145 8022)
4(1214 7672 12150 7661)
4(1670 7662 12150 8029)
4(1695 8029 12150 7672)
4(1215 7664 12153 7675)
4(1671 8032 12153 7665)
4(1696 7675 12153 8032)
4(1239 7682 12158 7671)
4(1695 7672 12158 8039)
4(1720 8039 12158 7682)
4(1240 7674 12161 7685)
4(1696 8042 12161 7675)
4(1721 7685 12161 8042)
4(1264 7692 12166 7681)
4(1720 7682 12166 8049)
4(1745 8049 12166 7692)
4(1721 8052 12169 7685)
4(12171 7693 11860 5207)
4(12172 5207 12169 8052)
4(12172 8061 12171 5207)
4(12176 7691 11866 5208)
4(12177 5208 11866 7702)
4(12178 8059 12176 5208)
4(1745 7692 12176 8059)
4(12178 5208 12177 8070)
4(12180 7705 11869 5209)
4(1288 7705 12180 7708)
4(12181 5209 12171 8061)
4(12181 8073 12180 5209)
4(1769 7708 12180 8073)
4(12189 5212 11878 7714)
4(12190 8070 12177 5212)
4(12190 5212 12189 8082)
4(1791 8082 12189 7716)
4(1311 7707 12191 7719)
4(1769 8075 12191 7708)
4(1792 7719 12191 8075)
4(1333 7726 12196 7715)
4(1791 7716 12196 8083)
4(1814 8083 12196 7726)
4(1792 8086 12199 7719)
4(12201 7727 11890 5215)
4(1334 7727 12201 7730)
4(12202 5215 12199 8086)
4(12202 8095 12201 5215)
4(1815 7730 12201 8095)
4(12206 7725 11896 5216)
4(12207 5216 11896 7736)
4(12208 8093 12206 5216)
4(1814 7726 12206 8093)
4(12208 5216 12207 8104)
4(1835 8104 12207 7738)
4(1355 7729 12209 7740)
4(1815 8097 12209 7730)
4(1836 7740 12209 8097)
4(1836 8107 12211 7740)
4(1375 7752 12216 7737)
4(1375 7749 12217 7752)
4(1835 7738 12216 8105)
4(1856 8105 12216 7752)
4(1856 7752 12217 8117)
4(12219 7742 11908 5219)
4(1376 7742 12219 7754)
4(12220 5219 12211 8107)
4(12220 8110 12219 5219)
4(1857 7754 12219 8110)
4(1857 8121 12222 7754)
4(1394 7766 12227 7750)
4(1394 7763 12228 7766)
4(1875 8118 12227 7766)
4(1875 7766 12228 8131)
4(12230 8117 12217 5222)
4(12230 5222 12227 8118)
4(12231 7756 11920 5223)
4(1395 7756 12231 7768)
4(12232 5223 12222 8121)
4(12232 8124 12231 5223)
4(1876 7768 12231 8124)
4(1876 8135 12234 7768)
4(1411 7780 12239 7764)
4(1411 7777 12240 7780)
4(1892 8132 12239 7780)
4(1892 7780 12240 8145)
4(12242 8131 12228 5226)
4(12242 5226 12239 8132)
4(12243 7770 11932 5227)
4(1412 7770 12243 7782)
4(12244 5227 12234 8135)
4(12244 8138 12243 5227)
4(1893 7782 12243 8138)
4(1413 7781 12246 7785)
4(1893 8149 12246 7782)
4(1894 7785 12246 8149)
4(1426 7806 12255 7778)
4(1426 7803 12256 7806)
4(1906 8171 12256 7805)
4(1907 8146 12255 7806)
4(1907 7806 12256 8171)
4(12258 8145 12240 5230)
4(12258 5230 12255 8146)
4(1894 8152 12259 7785)
4(12261 7807 11950 5231)
4(1427 7807 12261 7809)
4(12262 5231 12259 8152)
4(12262 8175 12261 5231)
4(1908 7809 12261 8175)
4(1428 7808 12264 7812)
4(1908 8176 12264 7809)
4(1909 7812 12264 8176)
4(1437 7834 12280 7838)
4(1917 8202 12280 7836)
4(1918 7838 12280 8202)
4(12282 7804 11972 5236)
4(12283 5236 11972 7837)
4(12284 8172 12282 5236)
4(1906 7805 12282 8172)
4(12284 5236 12283 8205)
4(1918 8205 12283 7838)
4(1909 8179 12285 7812)
4(12286 7814 11975 5237)
4(12287 5237 12285 8179)
4(12287 8182 12286 5237)
4(12289 7839 11978 5238)
4(1438 7839 12289 7841)
4(12290 5238 12286 8182)
4(12290 8207 12289 5238)
4(1919 7841 12289 8207)
4(1439 7840 12292 7843)
4(1919 8208 12292 7841)
4(1920 7843 12292 8208)
4(1440 7842 12295 7845)
4(1920 8210 12295 7843)
4(1921 7845 12295 8210)
4(1441 7844 12298 7847)
4(1921 8212 12298 7845)
4(1922 7847 12298 8212)
4(1442 7846 12301 7849)
4(1922 8214 12301 7847)
4(1923 7849 12301 8214)
4(12303 7832 11993 5243)
4(12304 5243 11993 7848)
4(12305 8200 12303 5243)
4(12305 5243 12304 8216)
4(1923 8216 12304 7849)
4(12306 7835 11995 5244)
4(12307 5244 12303 8200)
4(12307 8203 12306 5244)
4(1917 7836 12306 8203)
4(1443 7855 12308 7851)
4(1924 8219 12308 7855)
4(1444 7858 12309 7853)
4(1924 7855 12309 8221)
4(1925 8221 12309 7858)
4(1445 7861 12310 7856)
4(1925 7858 12310 8224)
4(1926 8224 12310 7861)
4(1446 7864 12311 7859)
4(1926 7861 12311 8227)
4(1927 8227 12311 7864)
4(1447 7867 12312 7862)
4(1927 7864 12312 8230)
4(1928 8230 12312 7867)
4(1928 7867 12313 8233)
4(1448 7874 12314 7870)
4(1929 8238 12314 7874)
4(1449 7850 12315 7877)
4(1449 7877 12316 7872)
4(1929 7874 12316 8240)
4(1930 7877 12315 8218)
4(1930 8240 12316 7877)
4(12317 5245 12007 7852)
4(12319 8218 12315 5245)
4(12319 5245 12317 8220)
4(12322 5246 12308 8219)
4(12322 8220 12317 5246)
4(12335 5251 12025 7868)
4(12337 8233 12313 5251)
4(12337 5251 12335 8236)
4(12338 5252 12028 7869)
4(1457 7896 12338 7869)
4(12340 8236 12335 5252)
4(12340 5252 12338 8237)
4(1938 8237 12338 7896)
4(1458 7899 12341 7894)
4(1938 7896 12341 8267)
4(1939 8267 12341 7899)
4(1939 7899 12342 8270)
4(1460 7871 12343 7906)
4(1460 7906 12344 7901)
4(1940 7903 12344 8274)
4(1941 7906 12343 8239)
4(1941 8274 12344 7906)
4(12347 5253 12314 8238)
4(12347 8239 12343 5253)
4(12367 5258 12051 7900)
4(1472 7920 12367 7900)
4(12369 8270 12342 5258)
4(12369 5258 12367 8273)
4(1953 8273 12367 7920)
4(1473 7922 12370 7918)
4(1953 7920 12370 8313)
4(1954 8313 12370 7922)
4(12371 5259 12055 7902)
4(12372 7923 12055 5259)
4(12373 5259 12371 8275)
4(1940 8275 12371 7903)
4(12373 8318 12372 5259)
4(1955 7925 12372 8318)
4(1954 7922 12390 8316)
4(12393 5262 12064 7932)
4(1490 7936 12393 7932)
4(12394 8316 12390 5262)
4(12394 5262 12393 8363)
4(1971 8363 12393 7936)
4(12395 5263 12067 7924)
4(12396 7937 12067 5263)
4(12397 5263 12395 8319)
4(1955 8319 12395 7925)
4(12397 8368 12396 5263)
4(1972 7939 12396 8368)
4(1971 7936 12416 8366)
4(12419 5266 12076 7946)
4(1509 7950 12419 7946)
4(12420 8366 12416 5266)
4(12420 5266 12419 8419)
4(1990 8419 12419 7950)
4(12421 5267 12079 7938)
4(12422 7951 12079 5267)
4(12423 5267 12421 8369)
4(1972 8369 12421 7939)
4(12423 8424 12422 5267)
4(1991 7953 12422 8424)
4(1990 7950 12444 8422)
4(12447 5270 12088 7960)
4(1530 7964 12447 7960)
4(12448 8422 12444 5270)
4(12448 5270 12447 8481)
4(2011 8481 12447 7964)
4(1531 7952 12449 7969)
4(1531 7969 12450 7965)
4(1991 8425 12449 7953)
4(2012 7969 12449 8425)
4(2012 8486 12450 7969)
4(1551 7975 12473 7963)
4(2011 7964 12473 8484)
4(2032 8484 12473 7975)
4(2032 7975 12476 8548)
4(1552 7966 12477 7979)
4(2033 7979 12477 8487)
4(12480 5273 12450 8486)
4(12480 8487 12477 5273)
4(12502 5274 12106 7976)
4(1574 7986 12502 7976)
4(12504 8548 12476 5274)
4(12504 5274 12502 8551)
4(2055 8551 12502 7986)
4(1575 7978 12505 7990)
4(1575 7990 12506 7987)
4(2033 8553 12505 7979)
4(2056 7990 12505 8553)
4(2056 8620 12506 7990)
4(1597 7998 12531 7985)
4(2055 7986 12531 8618)
4(2078 8618 12531 7998)
4(2078 7998 12534 8687)
4(12536 7999 12119 5277)
4(12537 5277 12506 8620)
4(12537 8690 12536 5277)
4(12565 5280 12128 8007)
4(12566 8687 12534 5280)
4(12566 5280 12565 8758)
4(1621 8000 12567 8013)
4(2102 8013 12567 8691)
4(12570 5281 12536 8690)
4(12570 8691 12567 5281)
4(12594 5282 12136 8010)
4(1645 8020 12594 8010)
4(12596 8758 12565 5282)
4(12596 5282 12594 8761)
4(2126 8761 12594 8020)
4(1646 8012 12597 8023)
4(2102 8763 12597 8013)
4(2127 8023 12597 8763)
4(1670 8030 12624 8019)
4(2126 8020 12624 8834)
4(2151 8834 12624 8030)
4(1671 8022 12627 8033)
4(2127 8837 12627 8023)
4(2152 8033 12627 8837)
4(1695 8040 12654 8029)
4(2151 8030 12654 8908)
4(2176 8908 12654 8040)
4(1696 8032 12657 8043)
4(2152 8911 12657 8033)
4(2177 8043 12657 8911)
4(1720 8050 12684 8039)
4(2176 8040 12684 8982)
4(2201 8982 12684 8050)
4(1721 8042 12687 8053)
4(2177 8985 12687 8043)
4(2202 8053 12687 8985)
4(1745 8060 12714 8049)
4(2201 8050 12714 9056)
4(2226 9056 12714 8060)
4(2202 9059 12717 8053)
4(12719 8061 12172 5291)
4(12720 5291 12717 9059)
4(12720 9132 12719 5291)
4(12746 8059 12178 5292)
4(12747 5292 12178 8070)
4(12748 9130 12746 5292)
4(2226 8060 12746 9130)
4(12748 5292 12747 9199)
4(12750 8073 12181 5293)
4(1769 8073 12750 8076)
4(12751 5293 12719 9132)
4(12751 9202 12750 5293)
4(2250 8076 12750 9202)
4(12779 5296 12190 8082)
4(12780 9199 12747 5296)
4(12780 5296 12779 9269)
4(2272 9269 12779 8084)
4(1792 8075 12781 8087)
4(2250 9204 12781 8076)
4(2273 8087 12781 9204)
4(1814 8094 12806 8083)
4(2272 8084 12806 9270)
4(2295 9270 12806 8094)
4(2273 9273 12809 8087)
4(12811 8095 12202 5299)
4(1815 8095 12811 8098)
4(12812 5299 12809 9273)
4(12812 9340 12811 5299)
4(2296 8098 12811 9340)
4(12836 8093 12208 5300)
4(12837 5300 12208 8104)
4(12838 9338 12836 5300)
4(2295 8094 12836 9338)
4(12838 5300 12837 9401)
4(2316 9401 12837 8106)
4(1836 8097 12839 8108)
4(2296 9342 12839 8098)
4(2317 8108 12839 9342)
4(2317 9404 12841 8108)
4(1856 8120 12864 8105)
4(1856 8117 12865 8120)
4(2316 8106 12864 9402)
4(2337 9402 12864 8120)
4(2337 8120 12865 9460)
4(12867 8110 12220 5303)
4(1857 8110 12867 8122)
4(12868 5303 12841 9404)
4(12868 9407 12867 5303)
4(2338 8122 12867 9407)
4(2338 9464 12870 8122)
4(1875 8134 12891 8118)
4(1875 8131 12892 8134)
4(2356 9461 12891 8134)
4(2356 8134 12892 9514)
4(12894 9460 12865 5306)
4(12894 5306 12891 9461)
4(12895 8124 12232 5307)
4(1876 8124 12895 8136)
4(12896 5307 12870 9464)
4(12896 9467 12895 5307)
4(2357 8136 12895 9467)
4(2357 9518 12898 8136)
4(1892 8148 12917 8132)
4(1892 8145 12918 8148)
4(2373 9515 12917 8148)
4(2373 8148 12918 9562)
4(12920 9514 12892 5310)
4(12920 5310 12917 9515)
4(12921 8138 12244 5311)
4(1893 8138 12921 8150)
4(12922 5311 12898 9518)
4(12922 9521 12921 5311)
4(2374 8150 12921 9521)
4(1894 8149 12924 8153)
4(2374 9566 12924 8150)
4(2375 8153 12924 9566)
4(1907 8174 12945 8146)
4(1907 8171 12946 8174)
4(2387 9604 12946 8173)
4(2388 9563 12945 8174)
4(2388 8174 12946 9604)
4(12948 9562 12918 5314)
4(12948 5314 12945 9563)
4(2375 9569 12949 8153)
4(12951 8175 12262 5315)
4(1908 8175 12951 8177)
4(12952 5315 12949 9569)
4(12952 9608 12951 5315)
4(2389 8177 12951 9608)
4(1909 8176 12954 8180)
4(2389 9609 12954 8177)
4(2390 8180 12954 9609)
4(1918 8202 12976 8206)
4(2398 9635 12976 8204)
4(2399 8206 12976 9635)
4(12978 8172 12284 5320)
4(12979 5320 12284 8205)
4(12980 9605 12978 5320)
4(2387 8173 12978 9605)
4(12980 5320 12979 9638)
4(2399 9638 12979 8206)
4(2390 9612 12981 8180)
4(12982 8182 12287 5321)
4(12983 5321 12981 9612)
4(12983 9615 12982 5321)
4(12985 8207 12290 5322)
4(1919 8207 12985 8209)
4(12986 5322 12982 9615)
4(12986 9640 12985 5322)
4(2400 8209 12985 9640)
4(1920 8208 12988 8211)
4(2400 9641 12988 8209)
4(2401 8211 12988 9641)
4(1921 8210 12991 8213)
4(2401 9643 12991 8211)
4(2402 8213 12991 9643)
4(1922 8212 12994 8215)
4(2402 9645 12994 8213)
4(2403 8215 12994 9645)
4(1923 8214 12997 8217)
4(2403 9647 12997 8215)
4(2404 8217 12997 9647)
4(12999 8200 12305 5327)
4(13000 5327 12305 8216)
4(13001 9633 12999 5327)
4(13001 5327 13000 9649)
4(2404 9649 13000 8217)
4(13002 8203 12307 5328)
4(13003 5328 12999 9633)
4(13003 9636 13002 5328)
4(2398 8204 13002 9636)
4(1924 8223 13004 8219)
4(2405 3730 13004 8223)
4(1925 8226 13005 8221)
4(2405 8223 13005 3732)
4(2406 3732 13005 8226)
4(1926 8229 13006 8224)
4(2406 8226 13006 3734)
4(2407 3734 13006 8229)
4(1927 8232 13007 8227)
4(2407 8229 13007 3736)
4(2408 3736 13007 8232)
4(1928 8235 13008 8230)
4(2408 8232 13008 3738)
4(2409 3738 13008 8235)
4(2409 8235 13009 3740)
4(1929 8242 13010 8238)
4(2410 3744 13010 8242)
4(1930 8218 13011 8245)
4(1930 8245 13012 8240)
4(2410 8242 13012 3746)
4(2411 8245 13011 3729)
4(2411 3746 13012 8245)
4(13013 5329 12319 8220)
4(4434 3729 13011 5329)
4(4434 5329 13013 3731)
4(4435 5330 13004 3730)
4(4435 3731 13013 5330)
4(13025 5335 12337 8236)
4(4440 3740 13009 5335)
4(4440 5335 13025 3742)
4(13027 5336 12340 8237)
4(1938 8269 13027 8237)
4(4441 3742 13025 5336)
4(4441 5336 13027 3743)
4(2419 3743 13027 8269)
4(1939 8272 13029 8267)
4(2419 8269 13029 3757)
4(2420 3757 13029 8272)
4(2420 8272 13030 3759)
4(1941 8239 13031 8279)
4(1941 8279 13032 8274)
4(2421 8276 13032 3762)
4(2422 8279 13031 3745)
4(2422 3762 13032 8279)
4(4442 5337 13010 3744)
4(4442 3745 13031 5337)
4(2412 9651 13039 3748)
4(2424 3749 13039 9659)
4(2425 9659 13039 9651)
4(2413 9652 13042 3750)
4(2425 9651 13042 9661)
4(2426 9661 13042 9652)
4(2414 9653 13045 3751)
4(2426 9652 13045 9663)
4(2427 9663 13045 9653)
4(2415 9654 13048 3752)
4(2427 9653 13048 9665)
4(2428 9665 13048 9654)
4(2416 9655 13051 3753)
4(2428 9654 13051 9667)
4(2429 9667 13051 9655)
4(2417 9656 13054 3754)
4(2429 9655 13054 9669)
4(2430 9669 13054 9656)
4(2418 9657 13057 3755)
4(2430 9656 13057 9671)
4(2431 9671 13057 9657)
4(2419 3758 13060 3756)
4(2431 9657 13060 9673)
4(2432 9673 13060 3758)
4(13063 5348 12369 8273)
4(1953 8315 13063 8273)
4(4445 3759 13030 5348)
4(4445 5348 13063 3761)
4(2434 3761 13063 8315)
4(1954 8317 13065 8313)
4(2434 8315 13065 3769)
4(2435 3769 13065 8317)
4(13066 5349 12373 8275)
4(13067 8318 12373 5349)
4(4446 5349 13066 3763)
4(2421 3763 13066 8276)
4(13067 5349 4446 3772)
4(2436 8320 13067 3772)
4(2423 9658 13072 3764)
4(2438 3765 13072 9677)
4(2439 9677 13072 9658)
4(2424 9660 13075 3766)
4(2439 9658 13075 9679)
4(2440 9679 13075 9660)
4(2425 9662 13078 9659)
4(2440 9660 13078 9681)
4(2441 9681 13078 9662)
4(2426 9664 13081 9661)
4(2441 9662 13081 9683)
4(2442 9683 13081 9664)
4(2427 9666 13084 9663)
4(2442 9664 13084 9685)
4(2443 9685 13084 9666)
4(2428 9668 13087 9665)
4(2443 9666 13087 9687)
4(2444 9687 13087 9668)
4(2429 9670 13090 9667)
4(2444 9668 13090 9689)
4(2445 9689 13090 9670)
4(2430 9672 13093 9669)
4(2445 9670 13093 9691)
4(2446 9691 13093 9672)
4(2431 9674 13096 9671)
4(2446 9672 13096 9693)
4(2447 9693 13096 9674)
4(2432 9675 13099 9673)
4(2447 9674 13099 9695)
4(2448 9695 13099 9675)
4(2433 9676 13102 3767)
4(2448 9675 13102 9697)
4(2449 9697 13102 9676)
4(2434 3770 13105 3768)
4(2449 9676 13105 9699)
4(2450 9699 13105 3770)
4(2435 8317 13106 3771)
4(13108 5364 12394 8363)
4(1971 8367 13108 8363)
4(4449 3771 13106 5364)
4(13108 3777 4449 5364)
4(2452 3777 13108 8367)
4(13109 5365 12397 8319)
4(13110 8368 12397 5365)
4(4450 5365 13109 3773)
4(2436 3773 13109 8320)
4(13110 5365 4450 3780)
4(2453 8370 13110 3780)
4(2438 9678 13115 3774)
4(2455 3775 13115 9702)
4(2456 9702 13115 9678)
4(2439 9680 13118 9677)
4(2456 9678 13118 9704)
4(2457 9704 13118 9680)
4(2440 9682 13121 9679)
4(2457 9680 13121 9706)
4(2458 9706 13121 9682)
4(2441 9684 13124 9681)
4(2458 9682 13124 9708)
4(2459 9708 13124 9684)
4(2442 9686 13127 9683)
4(2459 9684 13127 9710)
4(2460 9710 13127 9686)
4(2443 9688 13130 9685)
4(2460 9686 13130 9712)
4(2461 9712 13130 9688)
4(2444 9690 13133 9687)
4(2461 9688 13133 9714)
4(2462 9714 13133 9690)
4(2445 9692 13136 9689)
4(2462 9690 13136 9716)
4(2463 9716 13136 9692)
4(2446 9694 13139 9691)
4(2463 9692 13139 9718)
4(2464 9718 13139 9694)
4(2447 9696 13142 9693)
4(2464 9694 13142 9720)
4(2465 9720 13142 9696)
4(2448 9698 13145 9695)
4(2465 9696 13145 9722)
4(2466 9722 13145 9698)
4(2449 9700 13148 9697)
4(2466 9698 13148 9724)
4(2467 9724 13148 9700)
4(2450 9701 13151 9699)
4(2467 9700 13151 9726)
4(2468 9726 13151 9701)
4(2451 3778 13154 3776)
4(2468 9701 13154 9728)
4(2469 9728 13154 3778)
4(2452 8367 13155 3779)
4(13157 5382 12420 8419)
4(1990 8423 13157 8419)
4(4453 3779 13155 5382)
4(13157 3785 4453 5382)
4(2471 3785 13157 8423)
4(13158 5383 12423 8369)
4(13159 8424 12423 5383)
4(4454 5383 13158 3781)
4(2453 3781 13158 8370)
4(13159 5383 4454 3788)
4(2472 8426 13159 3788)
4(2455 9703 13164 3782)
4(2474 3783 13164 9731)
4(2475 9731 13164 9703)
4(2456 9705 13167 9702)
4(2475 9703 13167 9733)
4(2476 9733 13167 9705)
4(2457 9707 13170 9704)
4(2476 9705 13170 9735)
4(2477 9735 13170 9707)
4(2458 9709 13173 9706)
4(2477 9707 13173 9737)
4(2478 9737 13173 9709)
4(2459 9711 13176 9708)
4(2478 9709 13176 9739)
4(2479 9739 13176 9711)
4(2460 9713 13179 9710)
4(2479 9711 13179 9741)
4(2480 9741 13179 9713)
4(2461 9715 13182 9712)
4(2480 9713 13182 9743)
4(2481 9743 13182 9715)
4(2462 9717 13185 9714)
4(2481 9715 13185 9745)
4(2482 9745 13185 9717)
4(2463 9719 13188 9716)
4(2482 9717 13188 9747)
4(2483 9747 13188 9719)
4(2464 9721 13191 9718)
4(2483 9719 13191 9749)
4(2484 9749 13191 9721)
4(2465 9723 13194 9720)
4(2484 9721 13194 9751)
4(2485 9751 13194 9723)
4(2466 9725 13197 9722)
4(2485 9723 13197 9753)
4(2486 9753 13197 9725)
4(2467 9727 13200 9724)
4(2486 9725 13200 9755)
4(2487 9755 13200 9727)
4(2468 9729 13203 9726)
4(2487 9727 13203 9757)
4(2488 9757 13203 9729)
4(2469 9730 13206 9728)
4(2488 9729 13206 9759)
4(2489 9759 13206 9730)
4(2470 3786 13209 3784)
4(2489 9730 13209 9761)
4(2490 9761 13209 3786)
4(2471 8423 13210 3787)
4(13212 5402 12448 8481)
4(2011 8485 13212 8481)
4(4457 3787 13210 5402)
4(13212 3793 4457 5402)
4(2492 3793 13212 8485)
4(2012 8425 13213 8490)
4(2012 8490 13214 8486)
4(2472 3789 13213 8426)
4(2493 8490 13213 3789)
4(2493 3796 13214 8490)
4(2474 9732 13219 3790)
4(2494 3791 13219 9764)
4(2495 9764 13219 9732)
4(2475 9734 13222 9731)
4(2495 9732 13222 9766)
4(2496 9766 13222 9734)
4(2476 9736 13225 9733)
4(2496 9734 13225 9768)
4(2497 9768 13225 9736)
4(2477 9738 13228 9735)
4(2497 9736 13228 9770)
4(2498 9770 13228 9738)
4(2478 9740 13231 9737)
4(2498 9738 13231 9772)
4(2499 9772 13231 9740)
4(2479 9742 13234 9739)
4(2499 9740 13234 9774)
4(2500 9774 13234 9742)
4(2480 9744 13237 9741)
4(2500 9742 13237 9776)
4(2501 9776 13237 9744)
4(2481 9746 13240 9743)
4(2501 9744 13240 9778)
4(2502 9778 13240 9746)
4(2482 9748 13243 9745)
4(2502 9746 13243 9780)
4(2503 9780 13243 9748)
4(2483 9750 13246 9747)
4(2503 9748 13246 9782)
4(2504 9782 13246 9750)
4(2484 9752 13249 9749)
4(2504 9750 13249 9784)
4(2505 9784 13249 9752)
4(2485 9754 13252 9751)
4(2505 9752 13252 9786)
4(2506 9786 13252 9754)
4(2486 9756 13255 9753)
4(2506 9754 13255 9788)
4(2507 9788 13255 9756)
4(2487 9758 13258 9755)
4(2507 9756 13258 9790)
4(2508 9790 13258 9758)
4(2488 9760 13261 9757)
4(2508 9758 13261 9792)
4(2509 9792 13261 9760)
4(2489 9762 13264 9759)
4(2509 9760 13264 9794)
4(2510 9794 13264 9762)
4(2490 9763 13267 9761)
4(2510 9762 13267 9796)
4(2511 9796 13267 9763)
4(2491 3794 13270 3792)
4(2511 9763 13270 9798)
4(2512 9798 13270 3794)
4(2032 8550 13271 8484)
4(2492 8485 13271 3795)
4(2513 3795 13271 8550)
4(2513 8550 13273 3801)
4(2033 8487 13274 8554)
4(2514 8554 13274 3797)
4(4460 5423 13214 3796)
4(4460 3797 13274 5423)
4(2494 9765 13279 3798)
4(2515 3799 13279 9801)
4(2516 9801 13279 9765)
4(2495 9767 13282 9764)
4(2516 9765 13282 9802)
4(2517 9802 13282 9767)
4(2496 9769 13285 9766)
4(2517 9767 13285 9804)
4(2518 9804 13285 9769)
4(2497 9771 13288 9768)
4(2518 9769 13288 9806)
4(2519 9806 13288 9771)
4(2498 9773 13291 9770)
4(2519 9771 13291 9808)
4(2520 9808 13291 9773)
4(2499 9775 13294 9772)
4(2520 9773 13294 9810)
4(2521 9810 13294 9775)
4(2500 9777 13297 9774)
4(2521 9775 13297 9812)
4(2522 9812 13297 9777)
4(2501 9779 13300 9776)
4(2522 9777 13300 9814)
4(2523 9814 13300 9779)
4(2502 9781 13303 9778)
4(2523 9779 13303 9816)
4(2524 9816 13303 9781)
4(2503 9783 13306 9780)
4(2524 9781 13306 9818)
4(2525 9818 13306 9783)
4(2504 9785 13309 9782)
4(2525 9783 13309 9820)
4(2526 9820 13309 9785)
4(2505 9787 13312 9784)
4(2526 9785 13312 9822)
4(2527 9822 13312 9787)
4(2506 9789 13315 9786)
4(2527 9787 13315 9824)
4(2528 9824 13315 9789)
4(2507 9791 13318 9788)
4(2528 9789 13318 9826)
4(2529 9826 13318 9791)
4(2508 9793 13321 9790)
4(2529 9791 13321 9828)
4(2530 9828 13321 9793)
4(2509 9795 13324 9792)
4(2530 9793 13324 9830)
4(2531 9830 13324 9795)
4(2510 9797 13327 9794)
4(2531 9795 13327 9832)
4(2532 9832 13327 9797)
4(2511 9799 13330 9796)
4(2532 9797 13330 9834)
4(2533 9834 13330 9799)
4(2512 9800 13333 9798)
4(2533 9799 13333 9836)
4(2534 9836 13333 9800)
4(2513 3802 13336 3800)
4(2534 9800 13336 9838)
4(2535 9838 13336 3802)
4(13337 5444 12504 8551)
4(2055 8619 13337 8551)
4(4461 3801 13273 5444)
4(4461 5444 13337 3803)
4(2536 3803 13337 8619)
4(2056 8553 13339 8623)
4(2056 8623 13340 8620)
4(2514 3805 13339 8554)
4(2537 8623 13339 3805)
4(2537 3810 13340 8623)
4(2516 9803 13345 9801)
4(2538 3806 13345 9840)
4(2539 9840 13345 9803)
4(2517 9805 13348 9802)
4(2539 9803 13348 9842)
4(2540 9842 13348 9805)
4(2518 9807 13351 9804)
4(2540 9805 13351 9844)
4(2541 9844 13351 9807)
4(2519 9809 13354 9806)
4(2541 9807 13354 9846)
4(2542 9846 13354 9809)
4(2520 9811 13357 9808)
4(2542 9809 13357 9848)
4(2543 9848 13357 9811)
4(2521 9813 13360 9810)
4(2543 9811 13360 9850)
4(2544 9850 13360 9813)
4(2522 9815 13363 9812)
4(2544 9813 13363 9852)
4(2545 9852 13363 9815)
4(2523 9817 13366 9814)
4(2545 9815 13366 9854)
4(2546 9854 13366 9817)
4(2524 9819 13369 9816)
4(2546 9817 13369 9856)
4(2547 9856 13369 9819)
4(2525 9821 13372 9818)
4(2547 9819 13372 9858)
4(2548 9858 13372 9821)
4(2526 9823 13375 9820)
4(2548 9821 13375 9860)
4(2549 9860 13375 9823)
4(2527 9825 13378 9822)
4(2549 9823 13378 9862)
4(2550 9862 13378 9825)
4(2528 9827 13381 9824)
4(2550 9825 13381 9864)
4(2551 9864 13381 9827)
4(2529 9829 13384 9826)
4(2551 9827 13384 9866)
4(2552 9866 13384 9829)
4(2530 9831 13387 9828)
4(2552 9829 13387 9868)
4(2553 9868 13387 9831)
4(2531 9833 13390 9830)
4(2553 9831 13390 9870)
4(2554 9870 13390 9833)
4(2532 9835 13393 9832)
4(2554 9833 13393 9872)
4(2555 9872 13393 9835)
4(2533 9837 13396 9834)
4(2555 9835 13396 9874)
4(2556 9874 13396 9837)
4(2534 9839 13399 9836)
4(2556 9837 13399 9876)
4(2557 9876 13399 9839)
4(2535 3808 13402 9838)
4(2557 9839 13402 9878)
4(2558 9878 13402 3808)
4(2078 8689 13403 8618)
4(2536 8619 13403 3809)
4(2559 3809 13403 8689)
4(2559 8689 13405 3814)
4(13407 8690 12537 5467)
4(4464 5467 13340 3810)
4(13407 5467 4464 3816)
4(2538 9841 13410 3811)
4(2560 3812 13410 9881)
4(2561 9881 13410 9841)
4(2539 9843 13413 9840)
4(2561 9841 13413 9882)
4(2562 9882 13413 9843)
4(2540 9845 13416 9842)
4(2562 9843 13416 9884)
4(2563 9884 13416 9845)
4(2541 9847 13419 9844)
4(2563 9845 13419 9886)
4(2564 9886 13419 9847)
4(2542 9849 13422 9846)
4(2564 9847 13422 9888)
4(2565 9888 13422 9849)
4(2543 9851 13425 9848)
4(2565 9849 13425 9890)
4(2566 9890 13425 9851)
4(2544 9853 13428 9850)
4(2566 9851 13428 9892)
4(2567 9892 13428 9853)
4(2545 9855 13431 9852)
4(2567 9853 13431 9894)
4(2568 9894 13431 9855)
4(2546 9857 13434 9854)
4(2568 9855 13434 9896)
4(2569 9896 13434 9857)
4(2547 9859 13437 9856)
4(2569 9857 13437 9898)
4(2570 9898 13437 9859)
4(2548 9861 13440 9858)
4(2570 9859 13440 9900)
4(2571 9900 13440 9861)
4(2549 9863 13443 9860)
4(2571 9861 13443 9902)
4(2572 9902 13443 9863)
4(2550 9865 13446 9862)
4(2572 9863 13446 9904)
4(2573 9904 13446 9865)
4(2551 9867 13449 9864)
4(2573 9865 13449 9906)
4(2574 9906 13449 9867)
4(2552 9869 13452 9866)
4(2574 9867 13452 9908)
4(2575 9908 13452 9869)
4(2553 9871 13455 9868)
4(2575 9869 13455 9910)
4(2576 9910 13455 9871)
4(2554 9873 13458 9870)
4(2576 9871 13458 9912)
4(2577 9912 13458 9873)
4(2555 9875 13461 9872)
4(2577 9873 13461 9914)
4(2578 9914 13461 9875)
4(2556 9877 13464 9874)
4(2578 9875 13464 9916)
4(2579 9916 13464 9877)
4(2557 9879 13467 9876)
4(2579 9877 13467 9918)
4(2580 9918 13467 9879)
4(2558 9880 13470 9878)
4(2580 9879 13470 9920)
4(2581 9920 13470 9880)
4(2559 3815 13473 3813)
4(2581 9880 13473 9922)
4(2582 9922 13473 3815)
4(13474 5490 12566 8758)
4(4465 3814 13405 5490)
4(13474 3819 4465 5490)
4(2102 8691 13475 8764)
4(2583 8764 13475 3817)
4(4466 5491 13407 3816)
4(4466 3817 13475 5491)
4(2561 9883 13480 9881)
4(2584 3818 13480 9924)
4(2585 9924 13480 9883)
4(2562 9885 13483 9882)
4(2585 9883 13483 9925)
4(2586 9925 13483 9885)
4(2563 9887 13486 9884)
4(2586 9885 13486 9927)
4(2587 9927 13486 9887)
4(2564 9889 13489 9886)
4(2587 9887 13489 9929)
4(2588 9929 13489 9889)
4(2565 9891 13492 9888)
4(2588 9889 13492 9931)
4(2589 9931 13492 9891)
4(2566 9893 13495 9890)
4(2589 9891 13495 9933)
4(2590 9933 13495 9893)
4(2567 9895 13498 9892)
4(2590 9893 13498 9935)
4(2591 9935 13498 9895)
4(2568 9897 13501 9894)
4(2591 9895 13501 9937)
4(2592 9937 13501 9897)
4(2569 9899 13504 9896)
4(2592 9897 13504 9939)
4(2593 9939 13504 9899)
4(2570 9901 13507 9898)
4(2593 9899 13507 9941)
4(2594 9941 13507 9901)
4(2571 9903 13510 9900)
4(2594 9901 13510 9943)
4(2595 9943 13510 9903)
4(2572 9905 13513 9902)
4(2595 9903 13513 9945)
4(2596 9945 13513 9905)
4(2573 9907 13516 9904)
4(2596 9905 13516 9947)
4(2597 9947 13516 9907)
4(2574 9909 13519 9906)
4(2597 9907 13519 9949)
4(2598 9949 13519 9909)
4(2575 9911 13522 9908)
4(2598 9909 13522 9951)
4(2599 9951 13522 9911)
4(2576 9913 13525 9910)
4(2599 9911 13525 9953)
4(2600 9953 13525 9913)
4(2577 9915 13528 9912)
4(2600 9913 13528 9955)
4(2601 9955 13528 9915)
4(2578 9917 13531 9914)
4(2601 9915 13531 9957)
4(2602 9957 13531 9917)
4(2579 9919 13534 9916)
4(2602 9917 13534 9959)
4(2603 9959 13534 9919)
4(2580 9921 13537 9918)
4(2603 9919 13537 9961)
4(2604 9961 13537 9921)
4(2581 9923 13540 9920)
4(2604 9921 13540 9963)
4(2605 9963 13540 9923)
4(2582 3820 13543 9922)
4(2605 9923 13543 9965)
4(2606 9965 13543 3820)
4(13544 5514 12596 8761)
4(2126 8835 13544 8761)
4(4467 3819 13474 5514)
4(4467 5514 13544 3821)
4(2607 3821 13544 8835)
4(2127 8763 13546 8838)
4(2583 3823 13546 8764)
4(2608 8838 13546 3823)
4(2585 9926 13551 9924)
4(2609 3824 13551 9967)
4(2610 9967 13551 9926)
4(2586 9928 13554 9925)
4(2610 9926 13554 9968)
4(2611 9968 13554 9928)
4(2587 9930 13557 9927)
4(2611 9928 13557 9970)
4(2612 9970 13557 9930)
4(2588 9932 13560 9929)
4(2612 9930 13560 9972)
4(2613 9972 13560 9932)
4(2589 9934 13563 9931)
4(2613 9932 13563 9974)
4(2614 9974 13563 9934)
4(2590 9936 13566 9933)
4(2614 9934 13566 9976)
4(2615 9976 13566 9936)
4(2591 9938 13569 9935)
4(2615 9936 13569 9978)
4(2616 9978 13569 9938)
4(2592 9940 13572 9937)
4(2616 9938 13572 9980)
4(2617 9980 13572 9940)
4(2593 9942 13575 9939)
4(2617 9940 13575 9982)
4(2618 9982 13575 9942)
4(2594 9944 13578 9941)
4(2618 9942 13578 9984)
4(2619 9984 13578 9944)
4(2595 9946 13581 9943)
4(2619 9944 13581 9986)
4(2620 9986 13581 9946)
4(2596 9948 13584 9945)
4(2620 9946 13584 9988)
4(2621 9988 13584 9948)
4(2597 9950 13587 9947)
4(2621 9948 13587 9990)
4(2622 9990 13587 9950)
4(2598 9952 13590 9949)
4(2622 9950 13590 9992)
4(2623 9992 13590 9952)
4(2599 9954 13593 9951)
4(2623 9952 13593 9994)
4(2624 9994 13593 9954)
4(2600 9956 13596 9953)
4(2624 9954 13596 9996)
4(2625 9996 13596 9956)
4(2601 9958 13599 9955)
4(2625 9956 13599 9998)
4(2626 9998 13599 9958)
4(2602 9960 13602 9957)
4(2626 9958 13602 10000)
4(2627 10000 13602 9960)
4(2603 9962 13605 9959)
4(2627 9960 13605 10002)
4(2628 10002 13605 9962)
4(2604 9964 13608 9961)
4(2628 9962 13608 10004)
4(2629 10004 13608 9964)
4(2605 9966 13611 9963)
4(2629 9964 13611 10006)
4(2630 10006 13611 9966)
4(2606 3826 13614 9965)
4(2630 9966 13614 10008)
4(2631 10008 13614 3826)
4(2151 8909 13615 8834)
4(2607 8835 13615 3827)
4(2632 3827 13615 8909)
4(2152 8837 13617 8912)
4(2608 3829 13617 8838)
4(2633 8912 13617 3829)
4(2610 9969 13622 9967)
4(2634 3830 13622 10010)
4(2635 10010 13622 9969)
4(2611 9971 13625 9968)
4(2635 9969 13625 10011)
4(2636 10011 13625 9971)
4(2612 9973 13628 9970)
4(2636 9971 13628 10013)
4(2637 10013 13628 9973)
4(2613 9975 13631 9972)
4(2637 9973 13631 10015)
4(2638 10015 13631 9975)
4(2614 9977 13634 9974)
4(2638 9975 13634 10017)
4(2639 10017 13634 9977)
4(2615 9979 13637 9976)
4(2639 9977 13637 10019)
4(2640 10019 13637 9979)
4(2616 9981 13640 9978)
4(2640 9979 13640 10021)
4(2641 10021 13640 9981)
4(2617 9983 13643 9980)
4(2641 9981 13643 10023)
4(2642 10023 13643 9983)
4(2618 9985 13646 9982)
4(2642 9983 13646 10025)
4(2643 10025 13646 9985)
4(2619 9987 13649 9984)
4(2643 9985 13649 10027)
4(2644 10027 13649 9987)
4(2620 9989 13652 9986)
4(2644 9987 13652 10029)
4(2645 10029 13652 9989)
4(2621 9991 13655 9988)
4(2645 9989 13655 10031)
4(2646 10031 13655 9991)
4(2622 9993 13658 9990)
4(2646 9991 13658 10033)
4(2647 10033 13658 9993)
4(2623 9995 13661 9992)
4(2647 9993 13661 10035)
4(2648 10035 13661 9995)
4(2624 9997 13664 9994)
4(2648 9995 13664 10037)
4(2649 10037 13664 9997)
4(2625 9999 13667 9996)
4(2649 9997 13667 10039)
4(2650 10039 13667 9999)
4(2626 10001 13670 9998)
4(2650 9999 13670 10041)
4(2651 10041 13670 10001)
4(2627 10003 13673 10000)
4(2651 10001 13673 10043)
4(2652 10043 13673 10003)
4(2628 10005 13676 10002)
4(2652 10003 13676 10045)
4(2653 10045 13676 10005)
4(2629 10007 13679 10004)
4(2653 10005 13679 10047)
4(2654 10047 13679 10007)
4(2630 10009 13682 10006)
4(2654 10007 13682 10049)
4(2655 10049 13682 10009)
4(2631 3832 13685 10008)
4(2655 10009 13685 10051)
4(2656 10051 13685 3832)
4(2176 8983 13686 8908)
4(2632 8909 13686 3833)
4(2657 3833 13686 8983)
4(2177 8911 13688 8986)
4(2633 3835 13688 8912)
4(2658 8986 13688 3835)
4(2635 10012 13693 10010)
4(2659 3836 13693 10053)
4(2660 10053 13693 10012)
4(2636 10014 13696 10011)
4(2660 10012 13696 10054)
4(2661 10054 13696 10014)
4(2637 10016 13699 10013)
4(2661 10014 13699 10056)
4(2662 10056 13699 10016)
4(2638 10018 13702 10015)
4(2662 10016 13702 10058)
4(2663 10058 13702 10018)
4(2639 10020 13705 10017)
4(2663 10018 13705 10060)
4(2664 10060 13705 10020)
4(2640 10022 13708 10019)
4(2664 10020 13708 10062)
4(2665 10062 13708 10022)
4(2641 10024 13711 10021)
4(2665 10022 13711 10064)
4(2666 10064 13711 10024)
4(2642 10026 13714 10023)
4(2666 10024 13714 10066)
4(2667 10066 13714 10026)
4(2643 10028 13717 10025)
4(2667 10026 13717 10068)
4(2668 10068 13717 10028)
4(2644 10030 13720 10027)
4(2668 10028 13720 10070)
4(2669 10070 13720 10030)
4(2645 10032 13723 10029)
4(2669 10030 13723 10072)
4(2670 10072 13723 10032)
4(2646 10034 13726 10031)
4(2670 10032 13726 10074)
4(2671 10074 13726 10034)
4(2647 10036 13729 10033)
4(2671 10034 13729 10076)
4(2672 10076 13729 10036)
4(2648 10038 13732 10035)
4(2672 10036 13732 10078)
4(2673 10078 13732 10038)
4(2649 10040 13735 10037)
4(2673 10038 13735 10080)
4(2674 10080 13735 10040)
4(2650 10042 13738 10039)
4(2674 10040 13738 10082)
4(2675 10082 13738 10042)
4(2651 10044 13741 10041)
4(2675 10042 13741 10084)
4(2676 10084 13741 10044)
4(2652 10046 13744 10043)
4(2676 10044 13744 10086)
4(2677 10086 13744 10046)
4(2653 10048 13747 10045)
4(2677 10046 13747 10088)
4(2678 10088 13747 10048)
4(2654 10050 13750 10047)
4(2678 10048 13750 10090)
4(2679 10090 13750 10050)
4(2655 10052 13753 10049)
4(2679 10050 13753 10092)
4(2680 10092 13753 10052)
4(2656 3838 13756 10051)
4(2680 10052 13756 10094)
4(2681 10094 13756 3838)
4(2201 9057 13757 8982)
4(2657 8983 13757 3839)
4(2682 3839 13757 9057)
4(2202 8985 13759 9060)
4(2658 3841 13759 8986)
4(2683 9060 13759 3841)
4(2660 10055 13764 10053)
4(2684 3842 13764 10096)
4(2685 10096 13764 10055)
4(2661 10057 13767 10054)
4(2685 10055 13767 10097)
4(2686 10097 13767 10057)
4(2662 10059 13770 10056)
4(2686 10057 13770 10099)
4(2687 10099 13770 10059)
4(2663 10061 13773 10058)
4(2687 10059 13773 10101)
4(2688 10101 13773 10061)
4(2664 10063 13776 10060)
4(2688 10061 13776 10103)
4(2689 10103 13776 10063)
4(2665 10065 13779 10062)
4(2689 10063 13779 10105)
4(2690 10105 13779 10065)
4(2666 10067 13782 10064)
4(2690 10065 13782 10107)
4(2691 10107 13782 10067)
4(2667 10069 13785 10066)
4(2691 10067 13785 10109)
4(2692 10109 13785 10069)
4(2668 10071 13788 10068)
4(2692 10069 13788 10111)
4(2693 10111 13788 10071)
4(2669 10073 13791 10070)
4(2693 10071 13791 10113)
4(2694 10113 13791 10073)
4(2670 10075 13794 10072)
4(2694 10073 13794 10115)
4(2695 10115 13794 10075)
4(2671 10077 13797 10074)
4(2695 10075 13797 10117)
4(2696 10117 13797 10077)
4(2672 10079 13800 10076)
4(2696 10077 13800 10119)
4(2697 10119 13800 10079)
4(2673 10081 13803 10078)
4(2697 10079 13803 10121)
4(2698 10121 13803 10081)
4(2674 10083 13806 10080)
4(2698 10081 13806 10123)
4(2699 10123 13806 10083)
4(2675 10085 13809 10082)
4(2699 10083 13809 10125)
4(2700 10125 13809 10085)
4(2676 10087 13812 10084)
4(2700 10085 13812 10127)
4(2701 10127 13812 10087)
4(2677 10089 13815 10086)
4(2701 10087 13815 10129)
4(2702 10129 13815 10089)
4(2678 10091 13818 10088)
4(2702 10089 13818 10131)
4(2703 10131 13818 10091)
4(2679 10093 13821 10090)
4(2703 10091 13821 10133)
4(2704 10133 13821 10093)
4(2680 10095 13824 10092)
4(2704 10093 13824 10135)
4(2705 10135 13824 10095)
4(2681 3844 13827 10094)
4(2705 10095 13827 10137)
4(2706 10137 13827 3844)
4(2226 9131 13828 9056)
4(2682 9057 13828 3845)
4(2707 3845 13828 9131)
4(2683 3847 13830 9060)
4(13832 9132 12720 5611)
4(4476 5611 13830 3847)
4(13832 5611 4476 3852)
4(2685 10098 13835 10096)
4(2708 3848 13835 10139)
4(2709 10139 13835 10098)
4(2686 10100 13838 10097)
4(2709 10098 13838 10140)
4(2710 10140 13838 10100)
4(2687 10102 13841 10099)
4(2710 10100 13841 10142)
4(2711 10142 13841 10102)
4(2688 10104 13844 10101)
4(2711 10102 13844 10144)
4(2712 10144 13844 10104)
4(2689 10106 13847 10103)
4(2712 10104 13847 10146)
4(2713 10146 13847 10106)
4(2690 10108 13850 10105)
4(2713 10106 13850 10148)
4(2714 10148 13850 10108)
4(2691 10110 13853 10107)
4(2714 10108 13853 10150)
4(2715 10150 13853 10110)
4(2692 10112 13856 10109)
4(2715 10110 13856 10152)
4(2716 10152 13856 10112)
4(2693 10114 13859 10111)
4(2716 10112 13859 10154)
4(2717 10154 13859 10114)
4(2694 10116 13862 10113)
4(2717 10114 13862 10156)
4(2718 10156 13862 10116)
4(2695 10118 13865 10115)
4(2718 10116 13865 10158)
4(2719 10158 13865 10118)
4(2696 10120 13868 10117)
4(2719 10118 13868 10160)
4(2720 10160 13868 10120)
4(2697 10122 13871 10119)
4(2720 10120 13871 10162)
4(2721 10162 13871 10122)
4(2698 10124 13874 10121)
4(2721 10122 13874 10164)
4(2722 10164 13874 10124)
4(2699 10126 13877 10123)
4(2722 10124 13877 10166)
4(2723 10166 13877 10126)
4(2700 10128 13880 10125)
4(2723 10126 13880 10168)
4(2724 10168 13880 10128)
4(2701 10130 13883 10127)
4(2724 10128 13883 10170)
4(2725 10170 13883 10130)
4(2702 10132 13886 10129)
4(2725 10130 13886 10172)
4(2726 10172 13886 10132)
4(2703 10134 13889 10131)
4(2726 10132 13889 10174)
4(2727 10174 13889 10134)
4(2704 10136 13892 10133)
4(2727 10134 13892 10176)
4(2728 10176 13892 10136)
4(2705 10138 13895 10135)
4(2728 10136 13895 10178)
4(2729 10178 13895 10138)
4(2706 3850 13898 10137)
4(2729 10138 13898 10180)
4(2730 10180 13898 3850)
4(13899 9130 12748 5634)
4(13900 5634 12748 9199)
4(4477 3851 13899 5634)
4(2707 9131 13899 3851)
4(13900 3854 4477 5634)
4(13902 9202 12751 5635)
4(2250 9202 13902 9205)
4(4478 5635 13832 3852)
4(13902 5635 4478 3856)
4(2731 9205 13902 3856)
4(2709 10141 13905 10139)
4(2731 3853 13905 3857)
4(2732 3857 13905 10141)
4(2710 10143 13908 10140)
4(2732 10141 13908 10182)
4(2733 10182 13908 10143)
4(2711 10145 13911 10142)
4(2733 10143 13911 10183)
4(2734 10183 13911 10145)
4(2712 10147 13914 10144)
4(2734 10145 13914 10185)
4(2735 10185 13914 10147)
4(2713 10149 13917 10146)
4(2735 10147 13917 10187)
4(2736 10187 13917 10149)
4(2714 10151 13920 10148)
4(2736 10149 13920 10189)
4(2737 10189 13920 10151)
4(2715 10153 13923 10150)
4(2737 10151 13923 10191)
4(2738 10191 13923 10153)
4(2716 10155 13926 10152)
4(2738 10153 13926 10193)
4(2739 10193 13926 10155)
4(2717 10157 13929 10154)
4(2739 10155 13929 10195)
4(2740 10195 13929 10157)
4(2718 10159 13932 10156)
4(2740 10157 13932 10197)
4(2741 10197 13932 10159)
4(2719 10161 13935 10158)
4(2741 10159 13935 10199)
4(2742 10199 13935 10161)
4(2720 10163 13938 10160)
4(2742 10161 13938 10201)
4(2743 10201 13938 10163)
4(2721 10165 13941 10162)
4(2743 10163 13941 10203)
4(2744 10203 13941 10165)
4(2722 10167 13944 10164)
4(2744 10165 13944 10205)
4(2745 10205 13944 10167)
4(2723 10169 13947 10166)
4(2745 10167 13947 10207)
4(2746 10207 13947 10169)
4(2724 10171 13950 10168)
4(2746 10169 13950 10209)
4(2747 10209 13950 10171)
4(2725 10173 13953 10170)
4(2747 10171 13953 10211)
4(2748 10211 13953 10173)
4(2726 10175 13956 10172)
4(2748 10173 13956 10213)
4(2749 10213 13956 10175)
4(2727 10177 13959 10174)
4(2749 10175 13959 10215)
4(2750 10215 13959 10177)
4(2728 10179 13962 10176)
4(2750 10177 13962 10217)
4(2751 10217 13962 10179)
4(2729 10181 13965 10178)
4(2751 10179 13965 10219)
4(2752 10219 13965 10181)
4(2730 3855 13968 10180)
4(2752 10181 13968 3860)
4(2753 3860 13968 3855)
4(13969 5658 12780 9269)
4(4479 3854 13900 5658)
4(13969 3862 4479 5658)
4(2753 3862 13969 9271)
4(2273 9204 13970 9274)
4(2731 3858 13970 9205)
4(2754 9274 13970 3858)
4(2733 10184 13975 10182)
4(2755 3859 13975 10221)
4(2756 10221 13975 10184)
4(2734 10186 13978 10183)
4(2756 10184 13978 10222)
4(2757 10222 13978 10186)
4(2735 10188 13981 10185)
4(2757 10186 13981 10224)
4(2758 10224 13981 10188)
4(2736 10190 13984 10187)
4(2758 10188 13984 10226)
4(2759 10226 13984 10190)
4(2737 10192 13987 10189)
4(2759 10190 13987 10228)
4(2760 10228 13987 10192)
4(2738 10194 13990 10191)
4(2760 10192 13990 10230)
4(2761 10230 13990 10194)
4(2739 10196 13993 10193)
4(2761 10194 13993 10232)
4(2762 10232 13993 10196)
4(2740 10198 13996 10195)
4(2762 10196 13996 10234)
4(2763 10234 13996 10198)
4(2741 10200 13999 10197)
4(2763 10198 13999 10236)
4(2764 10236 13999 10200)
4(2742 10202 14002 10199)
4(2764 10200 14002 10238)
4(2765 10238 14002 10202)
4(2743 10204 14005 10201)
4(2765 10202 14005 10240)
4(2766 10240 14005 10204)
4(2744 10206 14008 10203)
4(2766 10204 14008 10242)
4(2767 10242 14008 10206)
4(2745 10208 14011 10205)
4(2767 10206 14011 10244)
4(2768 10244 14011 10208)
4(2746 10210 14014 10207)
4(2768 10208 14014 10246)
4(2769 10246 14014 10210)
4(2747 10212 14017 10209)
4(2769 10210 14017 10248)
4(2770 10248 14017 10212)
4(2748 10214 14020 10211)
4(2770 10212 14020 10250)
4(2771 10250 14020 10214)
4(2749 10216 14023 10213)
4(2771 10214 14023 10252)
4(2772 10252 14023 10216)
4(2750 10218 14026 10215)
4(2772 10216 14026 10254)
4(2773 10254 14026 10218)
4(2751 10220 14029 10217)
4(2773 10218 14029 10256)
4(2774 10256 14029 10220)
4(2752 3861 14032 10219)
4(2774 10220 14032 10258)
4(2775 10258 14032 3861)
4(2295 9339 14033 9270)
4(2753 9271 14033 3863)
4(2776 3863 14033 9339)
4(2754 3865 14035 9274)
4(14037 9340 12812 5681)
4(2296 9340 14037 9343)
4(4482 5681 14035 3865)
4(14037 5681 4482 3870)
4(2777 9343 14037 3870)
4(2756 10223 14040 10221)
4(2777 3866 14040 3871)
4(2778 3871 14040 10223)
4(2757 10225 14043 10222)
4(2778 10223 14043 10260)
4(2779 10260 14043 10225)
4(2758 10227 14046 10224)
4(2779 10225 14046 10261)
4(2780 10261 14046 10227)
4(2759 10229 14049 10226)
4(2780 10227 14049 10263)
4(2781 10263 14049 10229)
4(2760 10231 14052 10228)
4(2781 10229 14052 10265)
4(2782 10265 14052 10231)
4(2761 10233 14055 10230)
4(2782 10231 14055 10267)
4(2783 10267 14055 10233)
4(2762 10235 14058 10232)
4(2783 10233 14058 10269)
4(2784 10269 14058 10235)
4(2763 10237 14061 10234)
4(2784 10235 14061 10271)
4(2785 10271 14061 10237)
4(2764 10239 14064 10236)
4(2785 10237 14064 10273)
4(2786 10273 14064 10239)
4(2765 10241 14067 10238)
4(2786 10239 14067 10275)
4(2787 10275 14067 10241)
4(2766 10243 14070 10240)
4(2787 10241 14070 10277)
4(2788 10277 14070 10243)
4(2767 10245 14073 10242)
4(2788 10243 14073 10279)
4(2789 10279 14073 10245)
4(2768 10247 14076 10244)
4(2789 10245 14076 10281)
4(2790 10281 14076 10247)
4(2769 10249 14079 10246)
4(2790 10247 14079 10283)
4(2791 10283 14079 10249)
4(2770 10251 14082 10248)
4(2791 10249 14082 10285)
4(2792 10285 14082 10251)
4(2771 10253 14085 10250)
4(2792 10251 14085 10287)
4(2793 10287 14085 10253)
4(2772 10255 14088 10252)
4(2793 10253 14088 10289)
4(2794 10289 14088 10255)
4(2773 10257 14091 10254)
4(2794 10255 14091 10291)
4(2795 10291 14091 10257)
4(2774 10259 14094 10256)
4(2795 10257 14094 10293)
4(2796 10293 14094 10259)
4(2775 3868 14097 10258)
4(2796 10259 14097 3874)
4(2797 3874 14097 3868)
4(14098 9338 12838 5702)
4(14099 5702 12838 9401)
4(4483 3869 14098 5702)
4(2776 9339 14098 3869)
4(14099 3876 4483 5702)
4(2797 3876 14099 9403)
4(2317 9342 14100 9405)
4(2777 3872 14100 9343)
4(2798 9405 14100 3872)
4(2798 3878 14102 9405)
4(2779 10262 14105 10260)
4(2799 3873 14105 3879)
4(2800 3879 14105 10262)
4(2780 10264 14108 10261)
4(2800 10262 14108 10295)
4(2801 10295 14108 10264)
4(2781 10266 14111 10263)
4(2801 10264 14111 10296)
4(2802 10296 14111 10266)
4(2782 10268 14114 10265)
4(2802 10266 14114 10298)
4(2803 10298 14114 10268)
4(2783 10270 14117 10267)
4(2803 10268 14117 10300)
4(2804 10300 14117 10270)
4(2784 10272 14120 10269)
4(2804 10270 14120 10302)
4(2805 10302 14120 10272)
4(2785 10274 14123 10271)
4(2805 10272 14123 10304)
4(2806 10304 14123 10274)
4(2786 10276 14126 10273)
4(2806 10274 14126 10306)
4(2807 10306 14126 10276)
4(2787 10278 14129 10275)
4(2807 10276 14129 10308)
4(2808 10308 14129 10278)
4(2788 10280 14132 10277)
4(2808 10278 14132 10310)
4(2809 10310 14132 10280)
4(2789 10282 14135 10279)
4(2809 10280 14135 10312)
4(2810 10312 14135 10282)
4(2790 10284 14138 10281)
4(2810 10282 14138 10314)
4(2811 10314 14138 10284)
4(2791 10286 14141 10283)
4(2811 10284 14141 10316)
4(2812 10316 14141 10286)
4(2792 10288 14144 10285)
4(2812 10286 14144 10318)
4(2813 10318 14144 10288)
4(2793 10290 14147 10287)
4(2813 10288 14147 10320)
4(2814 10320 14147 10290)
4(2794 10292 14150 10289)
4(2814 10290 14150 10322)
4(2815 10322 14150 10292)
4(2795 10294 14153 10291)
4(2815 10292 14153 10324)
4(2816 10324 14153 10294)
4(2796 3875 14156 10293)
4(2816 10294 14156 3882)
4(2817 3882 14156 3875)
4(2337 9463 14157 9402)
4(2337 9460 14158 9463)
4(2797 9403 14157 3877)
4(2818 3877 14157 9463)
4(2818 9463 14158 3884)
4(14159 9407 12868 5723)
4(2338 9407 14159 9465)
4(4486 5723 14102 3878)
4(4486 3880 14159 5723)
4(2819 9465 14159 3880)
4(2819 3886 14161 9465)
4(2801 10297 14164 10295)
4(2820 3881 14164 3887)
4(2821 3887 14164 10297)
4(2802 10299 14167 10296)
4(2821 10297 14167 10326)
4(2822 10326 14167 10299)
4(2803 10301 14170 10298)
4(2822 10299 14170 10327)
4(2823 10327 14170 10301)
4(2804 10303 14173 10300)
4(2823 10301 14173 10329)
4(2824 10329 14173 10303)
4(2805 10305 14176 10302)
4(2824 10303 14176 10331)
4(2825 10331 14176 10305)
4(2806 10307 14179 10304)
4(2825 10305 14179 10333)
4(2826 10333 14179 10307)
4(2807 10309 14182 10306)
4(2826 10307 14182 10335)
4(2827 10335 14182 10309)
4(2808 10311 14185 10308)
4(2827 10309 14185 10337)
4(2828 10337 14185 10311)
4(2809 10313 14188 10310)
4(2828 10311 14188 10339)
4(2829 10339 14188 10313)
4(2810 10315 14191 10312)
4(2829 10313 14191 10341)
4(2830 10341 14191 10315)
4(2811 10317 14194 10314)
4(2830 10315 14194 10343)
4(2831 10343 14194 10317)
4(2812 10319 14197 10316)
4(2831 10317 14197 10345)
4(2832 10345 14197 10319)
4(2813 10321 14200 10318)
4(2832 10319 14200 10347)
4(2833 10347 14200 10321)
4(2814 10323 14203 10320)
4(2833 10321 14203 10349)
4(2834 10349 14203 10323)
4(2815 10325 14206 10322)
4(2834 10323 14206 10351)
4(2835 10351 14206 10325)
4(2816 3883 14209 10324)
4(2835 10325 14209 3890)
4(2836 3890 14209 3883)
4(2356 9517 14210 9461)
4(2356 9514 14211 9517)
4(2837 3885 14210 9517)
4(2837 9517 14211 3892)
4(4489 3884 14158 5742)
4(4489 5742 14210 3885)
4(14212 9467 12896 5743)
4(2357 9467 14212 9519)
4(4490 5743 14161 3886)
4(4490 3888 14212 5743)
4(2838 9519 14212 3888)
4(2838 3894 14214 9519)
4(2822 10328 14217 10326)
4(2839 3889 14217 3895)
4(2840 3895 14217 10328)
4(2823 10330 14220 10327)
4(2840 10328 14220 10353)
4(2841 10353 14220 10330)
4(2824 10332 14223 10329)
4(2841 10330 14223 10354)
4(2842 10354 14223 10332)
4(2825 10334 14226 10331)
4(2842 10332 14226 10356)
4(2843 10356 14226 10334)
4(2826 10336 14229 10333)
4(2843 10334 14229 10358)
4(2844 10358 14229 10336)
4(2827 10338 14232 10335)
4(2844 10336 14232 10360)
4(2845 10360 14232 10338)
4(2828 10340 14235 10337)
4(2845 10338 14235 10362)
4(2846 10362 14235 10340)
4(2829 10342 14238 10339)
4(2846 10340 14238 10364)
4(2847 10364 14238 10342)
4(2830 10344 14241 10341)
4(2847 10342 14241 10366)
4(2848 10366 14241 10344)
4(2831 10346 14244 10343)
4(2848 10344 14244 10368)
4(2849 10368 14244 10346)
4(2832 10348 14247 10345)
4(2849 10346 14247 10370)
4(2850 10370 14247 10348)
4(2833 10350 14250 10347)
4(2850 10348 14250 10372)
4(2851 10372 14250 10350)
4(2834 10352 14253 10349)
4(2851 10350 14253 10374)
4(2852 10374 14253 10352)
4(2835 3891 14256 10351)
4(2852 10352 14256 3898)
4(2853 3898 14256 3891)
4(2373 9565 14257 9515)
4(2373 9562 14258 9565)
4(2854 3893 14257 9565)
4(2854 9565 14258 3900)
4(4493 3892 14211 5760)
4(4493 5760 14257 3893)
4(14259 9521 12922 5761)
4(2374 9521 14259 9567)
4(4494 5761 14214 3894)
4(4494 3896 14259 5761)
4(2855 9567 14259 3896)
4(2375 9566 14261 9570)
4(2855 3902 14261 9567)
4(2856 9570 14261 3902)
4(2841 10355 14264 10353)
4(2856 3897 14264 3903)
4(2857 3903 14264 10355)
4(2842 10357 14267 10354)
4(2857 10355 14267 3905)
4(2858 3905 14267 10357)
4(2843 10359 14270 10356)
4(2858 10357 14270 10376)
4(2859 10376 14270 10359)
4(2844 10361 14273 10358)
4(2859 10359 14273 10377)
4(2860 10377 14273 10361)
4(2845 10363 14276 10360)
4(2860 10361 14276 10379)
4(2861 10379 14276 10363)
4(2846 10365 14279 10362)
4(2861 10363 14279 10381)
4(2862 10381 14279 10365)
4(2847 10367 14282 10364)
4(2862 10365 14282 10383)
4(2863 10383 14282 10367)
4(2848 10369 14285 10366)
4(2863 10367 14285 10385)
4(2864 10385 14285 10369)
4(2849 10371 14288 10368)
4(2864 10369 14288 10387)
4(2865 10387 14288 10371)
4(2850 10373 14291 10370)
4(2865 10371 14291 10389)
4(2866 10389 14291 10373)
4(2851 10375 14294 10372)
4(2866 10373 14294 3908)
4(2867 3908 14294 10375)
4(2852 3899 14297 10374)
4(2867 10375 14297 3910)
4(2868 3910 14297 3899)
4(2388 9607 14298 9563)
4(2388 9604 14299 9607)
4(2868 3912 14299 9606)
4(2869 3901 14298 9607)
4(2869 9607 14299 3912)
4(4497 3900 14258 5776)
4(4497 5776 14298 3901)
4(2856 3904 14300 9570)
4(14302 9608 12952 5777)
4(2389 9608 14302 9610)
4(4498 5777 14300 3904)
4(14302 5777 4498 3914)
4(2870 9610 14302 3914)
4(2390 9609 14304 9613)
4(2870 3915 14304 9610)
4(2871 9613 14304 3915)
4(2859 10378 14307 10376)
4(2871 3907 14307 3916)
4(2872 3916 14307 10378)
4(2860 10380 14310 10377)
4(2872 10378 14310 3918)
4(2873 3918 14310 10380)
4(2861 10382 14313 10379)
4(2873 10380 14313 3920)
4(2874 3920 14313 10382)
4(2862 10384 14316 10381)
4(2874 10382 14316 3922)
4(2875 3922 14316 10384)
4(2863 10386 14319 10383)
4(2875 10384 14319 3924)
4(2876 3924 14319 10386)
4(2864 10388 14322 10385)
4(2876 10386 14322 3926)
4(2877 3926 14322 10388)
4(2865 10390 14325 10387)
4(2877 10388 14325 3928)
4(2878 3928 14325 10390)
4(2866 3909 14328 10389)
4(2878 10390 14328 3930)
4(2879 3930 14328 3909)
4(2399 9635 14330 9639)
4(2879 3932 14330 9637)
4(2880 9639 14330 3932)
4(14331 9605 12980 5788)
4(14332 5788 12980 9638)
4(4501 3913 14331 5788)
4(2868 9606 14331 3913)
4(14332 3934 4501 5788)
4(2880 3934 14332 9639)
4(2871 3917 14333 9613)
4(14334 9615 12983 5789)
4(4502 5789 14333 3917)
4(4502 3919 14334 5789)
4(14336 9640 12986 5790)
4(2400 9640 14336 9642)
4(4503 5790 14334 3919)
4(14336 5790 4503 3935)
4(2881 9642 14336 3935)
4(2401 9641 14338 9644)
4(2881 3936 14338 9642)
4(2882 9644 14338 3936)
4(2402 9643 14340 9646)
4(2882 3937 14340 9644)
4(2883 9646 14340 3937)
4(2403 9645 14342 9648)
4(2883 3938 14342 9646)
4(2884 9648 14342 3938)
4(2404 9647 14344 9650)
4(2884 3939 14344 9648)
4(2885 9650 14344 3939)
4(14345 9633 13001 5795)
4(14346 5795 13001 9649)
4(4508 3931 14345 5795)
4(14346 3940 4508 5795)
4(2885 3940 14346 9650)
4(14347 9636 13003 5796)
4(4509 5796 14345 3931)
4(4509 3933 14347 5796)
4(2879 9637 14347 3933)
4(8 3015 3953 3014)
4(9 3018 3954 3017)
4(10 3021 3955 3020)
4(11 3024 3956 3023)
4(12 3027 3957 3026)
4(18 3046 3964 3045)
4(19 3049 10391 3048)
4(20 5797 10392 3051)
4(21 5798 10393 3052)
4(22 5799 10394 3053)
4(23 5800 10395 3054)
4(24 5801 10396 3055)
4(25 5802 10397 3057)
4(26 5803 10398 3059)
4(27 3062 3965 3061)
4(33 3079 10399 3078)
4(34 5804 10400 3081)
4(35 5806 10401 5805)
4(36 5808 10402 5807)
4(37 5811 10403 5810)
4(38 5814 10404 5813)
4(39 5817 10405 5816)
4(40 5820 10406 5819)
4(41 5823 10407 5822)
4(42 5826 10408 5825)
4(43 5828 10409 3082)
4(44 5829 10410 3084)
4(45 3087 3972 3086)
4(49 3097 3977 3096)
4(50 3099 10411 3098)
4(51 5831 10412 5830)
4(52 5833 10413 5832)
4(53 5836 10414 5835)
4(54 5839 10415 5838)
4(55 5842 10416 5841)
4(56 5845 10417 5844)
4(57 5848 10418 5847)
4(58 5851 10419 5850)
4(59 5854 10420 5853)
4(60 5857 10421 5856)
4(61 5860 10422 5859)
4(62 5863 10423 5862)
4(63 5865 10424 3102)
4(64 3104 3978 3103)
4(69 3117 10425 3116)
4(70 5867 10426 5866)
4(71 5869 10427 5868)
4(72 5872 10428 5871)
4(73 5875 10429 5874)
4(74 5878 10430 5877)
4(75 5881 10431 5880)
4(76 5884 10432 5883)
4(77 5887 10433 5886)
4(78 5890 10434 5889)
4(79 5893 10435 5892)
4(80 5896 10436 5895)
4(81 5899 10437 5898)
4(82 5902 10438 5901)
4(83 5905 10439 5904)
4(84 5907 10440 3118)
4(85 3120 3983 3119)
4(89 3133 10441 3132)
4(90 5909 10442 5908)
4(91 5911 10443 5910)
4(92 5914 10444 5913)
4(93 5917 10445 5916)
4(94 5920 10446 5919)
4(95 5923 10447 5922)
4(96 5926 10448 5925)
4(97 5929 10449 5928)
4(98 5932 10450 5931)
4(99 5935 10451 5934)
4(100 5938 10452 5937)
4(101 5941 10453 5940)
4(102 5944 10454 5943)
4(103 5947 10455 5946)
4(104 5950 10456 5949)
4(105 5953 10457 5952)
4(106 5955 10458 3134)
4(107 3136 3987 3135)
4(110 3146 3990 3145)
4(111 3148 10459 5956)
4(112 5958 10460 5957)
4(113 5961 10461 5960)
4(114 5964 10462 5963)
4(115 5967 10463 5966)
4(116 5970 10464 5969)
4(117 5973 10465 5972)
4(118 5976 10466 5975)
4(119 5979 10467 5978)
4(120 5982 10468 5981)
4(121 5985 10469 5984)
4(122 5988 10470 5987)
4(123 5991 10471 5990)
4(124 5994 10472 5993)
4(125 5997 10473 5996)
4(126 6000 10474 5999)
4(127 6003 10475 6002)
4(128 6006 10476 6005)
4(129 3151 3991 3150)
4(133 3162 10477 3161)
4(134 6009 10478 6008)
4(135 6011 10479 6010)
4(136 6014 10480 6013)
4(137 6017 10481 6016)
4(138 6020 10482 6019)
4(139 6023 10483 6022)
4(140 6026 10484 6025)
4(141 6029 10485 6028)
4(142 6032 10486 6031)
4(143 6035 10487 6034)
4(144 6038 10488 6037)
4(145 6041 10489 6040)
4(146 6044 10490 6043)
4(147 6047 10491 6046)
4(148 6050 10492 6049)
4(149 6053 10493 6052)
4(150 6056 10494 6055)
4(151 6059 10495 6058)
4(152 6061 10496 3165)
4(153 3167 3995 3166)
4(156 3177 10497 6062)
4(157 6064 10498 6063)
4(158 6067 10499 6066)
4(159 6070 10500 6069)
4(160 6073 10501 6072)
4(161 6076 10502 6075)
4(162 6079 10503 6078)
4(163 6082 10504 6081)
4(164 6085 10505 6084)
4(165 6088 10506 6087)
4(166 6091 10507 6090)
4(167 6094 10508 6093)
4(168 6097 10509 6096)
4(169 6100 10510 6099)
4(170 6103 10511 6102)
4(171 6106 10512 6105)
4(172 6109 10513 6108)
4(173 6112 10514 6111)
4(174 6115 10515 6114)
4(175 6118 10516 6117)
4(176 3180 3999 3179)
4(179 3190 4002 3189)
4(180 3192 10517 6120)
4(181 6122 10518 6121)
4(182 6125 10519 6124)
4(183 6128 10520 6127)
4(184 6131 10521 6130)
4(185 6134 10522 6133)
4(186 6137 10523 6136)
4(187 6140 10524 6139)
4(188 6143 10525 6142)
4(189 6146 10526 6145)
4(190 6149 10527 6148)
4(191 6152 10528 6151)
4(192 6155 10529 6154)
4(193 6158 10530 6157)
4(194 6161 10531 6160)
4(195 6164 10532 6163)
4(196 6167 10533 6166)
4(197 6170 10534 6169)
4(198 6173 10535 6172)
4(199 6176 10536 6175)
4(200 3195 4003 3194)
4(204 3206 4006 3205)
4(205 3208 10537 6178)
4(206 6180 10538 6179)
4(207 6183 10539 6182)
4(208 6186 10540 6185)
4(209 6189 10541 6188)
4(210 6192 10542 6191)
4(211 6195 10543 6194)
4(212 6198 10544 6197)
4(213 6201 10545 6200)
4(214 6204 10546 6203)
4(215 6207 10547 6206)
4(216 6210 10548 6209)
4(217 6213 10549 6212)
4(218 6216 10550 6215)
4(219 6219 10551 6218)
4(220 6222 10552 6221)
4(221 6225 10553 6224)
4(222 6228 10554 6227)
4(223 6231 10555 6230)
4(224 6234 10556 6233)
4(225 3211 4007 3210)
4(229 3222 4010 3221)
4(230 3224 10557 6236)
4(231 6238 10558 6237)
4(232 6241 10559 6240)
4(233 6244 10560 6243)
4(234 6247 10561 6246)
4(235 6250 10562 6249)
4(236 6253 10563 6252)
4(237 6256 10564 6255)
4(238 6259 10565 6258)
4(239 6262 10566 6261)
4(240 6265 10567 6264)
4(241 6268 10568 6267)
4(242 6271 10569 6270)
4(243 6274 10570 6273)
4(244 6277 10571 6276)
4(245 6280 10572 6279)
4(246 6283 10573 6282)
4(247 6286 10574 6285)
4(248 6289 10575 6288)
4(249 6292 10576 6291)
4(250 3227 4011 3226)
4(254 3238 4014 3237)
4(255 3240 10577 6294)
4(256 6296 10578 6295)
4(257 6299 10579 6298)
4(258 6302 10580 6301)
4(259 6305 10581 6304)
4(260 6308 10582 6307)
4(261 6311 10583 6310)
4(262 6314 10584 6313)
4(263 6317 10585 6316)
4(264 6320 10586 6319)
4(265 6323 10587 6322)
4(266 6326 10588 6325)
4(267 6329 10589 6328)
4(268 6332 10590 6331)
4(269 6335 10591 6334)
4(270 6338 10592 6337)
4(271 6341 10593 6340)
4(272 6344 10594 6343)
4(273 6347 10595 6346)
4(274 6350 10596 6349)
4(275 3243 4015 3242)
4(279 3254 4018 3253)
4(280 3256 10597 6352)
4(281 6354 10598 6353)
4(282 6357 10599 6356)
4(283 6360 10600 6359)
4(284 6363 10601 6362)
4(285 6366 10602 6365)
4(286 6369 10603 6368)
4(287 6372 10604 6371)
4(288 6375 10605 6374)
4(289 6378 10606 6377)
4(290 6381 10607 6380)
4(291 6384 10608 6383)
4(292 6387 10609 6386)
4(293 6390 10610 6389)
4(294 6393 10611 6392)
4(295 6396 10612 6395)
4(296 6399 10613 6398)
4(297 6402 10614 6401)
4(298 6405 10615 6404)
4(299 6408 10616 6407)
4(300 3258 4019 3257)
4(304 3269 10617 6410)
4(305 6413 10618 6412)
4(306 6416 10619 6415)
4(307 6419 10620 6418)
4(308 6422 10621 6421)
4(309 6425 10622 6424)
4(310 6428 10623 6427)
4(311 6431 10624 6430)
4(312 6434 10625 6433)
4(313 6437 10626 6436)
4(314 6440 10627 6439)
4(315 6443 10628 6442)
4(316 6446 10629 6445)
4(317 6449 10630 6448)
4(318 6452 10631 6451)
4(319 6455 10632 6454)
4(320 6458 10633 6457)
4(321 6461 10634 6460)
4(322 6464 10635 6463)
4(323 6467 10636 6466)
4(324 3271 4023 3270)
4(327 3281 4026 3280)
4(328 3283 10637 6469)
4(329 6471 10638 6470)
4(330 6474 10639 6473)
4(331 6477 10640 6476)
4(332 6480 10641 6479)
4(333 6483 10642 6482)
4(334 6486 10643 6485)
4(335 6489 10644 6488)
4(336 6492 10645 6491)
4(337 6495 10646 6494)
4(338 6498 10647 6497)
4(339 6501 10648 6500)
4(340 6504 10649 6503)
4(341 6507 10650 6506)
4(342 6510 10651 6509)
4(343 6513 10652 6512)
4(344 6516 10653 6515)
4(345 6519 10654 6518)
4(346 3286 4027 3285)
4(351 3300 10655 6521)
4(352 6523 10656 6522)
4(353 6526 10657 6525)
4(354 6529 10658 6528)
4(355 6532 10659 6531)
4(356 6535 10660 6534)
4(357 6538 10661 6537)
4(358 6541 10662 6540)
4(359 6544 10663 6543)
4(360 6547 10664 6546)
4(361 6550 10665 6549)
4(362 6553 10666 6552)
4(363 6556 10667 6555)
4(364 6559 10668 6558)
4(365 6562 10669 6561)
4(366 6565 10670 6564)
4(367 6568 10671 6567)
4(368 6571 10672 6570)
4(369 3303 4031 3302)
4(373 3315 4034 3314)
4(374 3317 10673 6573)
4(375 6575 10674 6574)
4(376 6578 10675 6577)
4(377 6581 10676 6580)
4(378 6584 10677 6583)
4(379 6587 10678 6586)
4(380 6590 10679 6589)
4(381 6593 10680 6592)
4(382 6596 10681 6595)
4(383 6599 10682 6598)
4(384 6602 10683 6601)
4(385 6605 10684 6604)
4(386 6608 10685 6607)
4(387 6611 10686 6610)
4(388 6614 10687 6613)
4(389 6617 10688 6616)
4(390 3320 4035 3319)
4(395 3333 4039 3332)
4(396 3335 10689 6619)
4(397 6621 10690 6620)
4(398 6624 10691 6623)
4(399 6627 10692 6626)
4(400 6630 10693 6629)
4(401 6633 10694 6632)
4(402 6636 10695 6635)
4(403 6639 10696 6638)
4(404 6642 10697 6641)
4(405 6645 10698 6644)
4(406 6648 10699 6647)
4(407 6651 10700 6650)
4(408 6654 10701 6653)
4(409 6657 10702 6656)
4(410 3338 4040 3337)
4(411 3340 4041 3339)
4(416 3352 4045 3351)
4(417 3354 10703 6659)
4(418 6661 10704 6660)
4(419 6664 10705 6663)
4(420 6667 10706 6666)
4(421 6670 10707 6669)
4(422 6673 10708 6672)
4(423 6676 10709 6675)
4(424 6679 10710 6678)
4(425 6682 10711 6681)
4(426 6685 10712 6684)
4(427 6688 10713 6687)
4(428 6691 10714 6690)
4(429 3356 4046 3355)
4(430 3358 4047 3357)
4(435 3370 4051 3369)
4(436 3373 4052 3372)
4(437 3375 10715 6693)
4(438 6695 10716 6694)
4(439 6698 10717 6697)
4(440 6701 10718 6700)
4(441 6704 10719 6703)
4(442 6707 10720 6706)
4(443 6710 10721 6709)
4(444 6713 10722 6712)
4(445 3378 4053 3377)
4(446 3380 4054 3379)
4(453 3396 4059 3395)
4(454 3399 4060 3398)
4(455 3401 4061 3400)
4(456 3403 4062 3402)
4(457 3406 4063 3405)
4(458 3409 4064 3408)
4(459 3412 4065 3411)
4(460 3414 4066 3413)
4(19 3048 3951 3009)
4(20 3012 3951 3048)
4(8 3011 3952 3015)
4(20 3051 3952 3012)
4(21 3015 3952 3051)
4(9 3014 3953 3018)
4(21 3052 3953 3015)
4(22 3018 3953 3052)
4(10 3017 3954 3021)
4(22 3053 3954 3018)
4(23 3021 3954 3053)
4(11 3020 3955 3024)
4(23 3054 3955 3021)
4(24 3024 3955 3054)
4(12 3023 3956 3027)
4(24 3055 3956 3024)
4(25 3027 3956 3055)
4(25 3057 3957 3027)
4(26 3030 3957 3057)
4(26 3059 3958 3030)
4(27 3033 3958 3059)
4(33 3078 3963 3043)
4(34 3046 3963 3078)
4(19 3045 3964 3049)
4(34 3081 3964 3046)
4(35 3049 3964 3081)
4(28 3061 3965 3065)
4(43 3082 3965 3062)
4(44 3065 3965 3082)
4(44 3084 3966 3065)
4(45 3068 3966 3084)
4(50 3076 3970 3096)
4(33 3075 3971 3079)
4(50 3098 3971 3076)
4(51 3079 3971 3098)
4(63 3102 3972 3087)
4(64 3090 3972 3102)
4(64 3103 3973 3090)
4(69 3097 3976 3114)
4(50 3096 3977 3099)
4(69 3116 3977 3097)
4(70 3099 3977 3116)
4(65 3103 3978 3107)
4(84 3118 3978 3104)
4(85 3107 3978 3118)
4(85 3119 3979 3107)
4(69 3114 3982 3117)
4(89 3132 3982 3115)
4(90 3117 3982 3132)
4(106 3134 3983 3120)
4(107 3123 3983 3134)
4(89 3129 3986 3133)
4(111 3133 3986 3145)
4(129 3150 3987 3136)
4(111 3145 3990 3148)
4(133 3161 3990 3146)
4(134 3148 3990 3161)
4(130 3150 3991 3153)
4(152 3165 3991 3151)
4(153 3153 3991 3165)
4(133 3158 3994 3162)
4(156 3162 3994 3174)
4(176 3179 3995 3167)
4(156 3174 3998 3177)
4(179 3189 3998 3175)
4(180 3177 3998 3189)
4(200 3194 3999 3180)
4(201 3183 3999 3194)
4(180 3189 4002 3192)
4(204 3205 4002 3190)
4(205 3192 4002 3205)
4(205 3205 4006 3208)
4(229 3221 4006 3206)
4(230 3208 4006 3221)
4(226 3210 4007 3214)
4(250 3226 4007 3211)
4(251 3214 4007 3226)
4(230 3221 4010 3224)
4(254 3237 4010 3222)
4(255 3224 4010 3237)
4(255 3237 4014 3240)
4(279 3253 4014 3238)
4(280 3240 4014 3253)
4(276 3242 4015 3246)
4(300 3257 4015 3243)
4(301 3246 4015 3257)
4(280 3253 4018 3256)
4(304 3256 4018 3266)
4(301 3257 4019 3261)
4(324 3270 4019 3258)
4(304 3266 4022 3269)
4(327 3269 4022 3277)
4(328 3280 4026 3283)
4(350 3297 4026 3281)
4(351 3283 4026 3297)
4(347 3285 4027 3289)
4(369 3302 4027 3286)
4(370 3289 4027 3302)
4(391 3321 4031 3303)
4(391 3319 4035 3322)
4(411 3339 4035 3320)
4(396 3332 4039 3335)
4(415 3348 4039 3333)
4(416 3335 4039 3348)
4(411 3337 4040 3340)
4(430 3357 4040 3338)
4(431 3340 4040 3357)
4(416 3348 4044 3352)
4(417 3351 4045 3354)
4(435 3354 4045 3366)
4(430 3355 4046 3358)
4(447 3381 4046 3356)
4(446 3377 4053 3380)
4(461 3416 4053 3378)
4(462 3380 4053 3416)
4(447 3379 4054 3382)
4(454 3395 4059 3399)
4(455 3398 4060 3401)
4(468 3401 4060 3432)
4(456 3400 4061 3403)
4(468 3435 4061 3401)
4(469 3403 4061 3435)
4(457 3402 4062 3406)
4(469 3438 4062 3403)
4(470 3406 4062 3438)
4(458 3405 4063 3409)
4(470 3441 4063 3406)
4(471 3409 4063 3441)
4(459 3408 4064 3412)
4(471 3444 4064 3409)
4(472 3412 4064 3444)
4(460 3411 4065 3414)
4(472 3447 4065 3412)
4(461 3413 4066 3417)
4(201 3194 4003 3198)
4(225 3210 4003 3195)
4(226 3198 4003 3210)
4(251 3226 4011 3230)
4(275 3242 4011 3227)
4(276 3230 4011 3242)
4(347 3288 4023 3271)
4(351 3297 4030 3300)
4(373 3300 4030 3311)
4(374 3314 4034 3317)
4(395 3317 4034 3329)
4(395 3329 4038 3333)
4(436 3369 4051 3373)
4(437 3372 4052 3375)
4(452 3392 4052 3373)
4(453 3375 4052 3392)
4(20 3048 10391 5797)
4(35 5805 10391 3049)
4(36 5797 10391 5805)
4(21 3051 10392 5798)
4(36 5807 10392 5797)
4(37 5798 10392 5807)
4(22 3052 10393 5799)
4(37 5810 10393 5798)
4(38 5799 10393 5810)
4(23 3053 10394 5800)
4(38 5813 10394 5799)
4(39 5800 10394 5813)
4(24 3054 10395 5801)
4(39 5816 10395 5800)
4(40 5801 10395 5816)
4(25 3055 10396 5802)
4(40 5819 10396 5801)
4(41 5802 10396 5819)
4(26 3057 10397 5803)
4(41 5822 10397 5802)
4(42 5803 10397 5822)
4(27 3059 10398 3062)
4(42 5825 10398 5803)
4(43 3062 10398 5825)
4(34 3078 10399 5804)
4(51 5830 10399 3079)
4(52 5804 10399 5830)
4(35 3081 10400 5806)
4(52 5832 10400 5804)
4(53 5806 10400 5832)
4(36 5805 10401 5808)
4(53 5835 10401 5806)
4(54 5808 10401 5835)
4(37 5807 10402 5811)
4(54 5838 10402 5808)
4(55 5811 10402 5838)
4(38 5810 10403 5814)
4(55 5841 10403 5811)
4(56 5814 10403 5841)
4(39 5813 10404 5817)
4(56 5844 10404 5814)
4(57 5817 10404 5844)
4(40 5816 10405 5820)
4(57 5847 10405 5817)
4(58 5820 10405 5847)
4(41 5819 10406 5823)
4(58 5850 10406 5820)
4(59 5823 10406 5850)
4(42 5822 10407 5826)
4(59 5853 10407 5823)
4(60 5826 10407 5853)
4(43 5825 10408 5828)
4(60 5856 10408 5826)
4(61 5828 10408 5856)
4(44 3082 10409 5829)
4(61 5859 10409 5828)
4(62 5829 10409 5859)
4(45 3084 10410 3087)
4(62 5862 10410 5829)
4(63 3087 10410 5862)
4(51 3098 10411 5831)
4(70 5866 10411 3099)
4(71 5831 10411 5866)
4(52 5830 10412 5833)
4(71 5868 10412 5831)
4(72 5833 10412 5868)
4(53 5832 10413 5836)
4(72 5871 10413 5833)
4(73 5836 10413 5871)
4(54 5835 10414 5839)
4(73 5874 10414 5836)
4(74 5839 10414 5874)
4(55 5838 10415 5842)
4(74 5877 10415 5839)
4(75 5842 10415 5877)
4(56 5841 10416 5845)
4(75 5880 10416 5842)
4(76 5845 10416 5880)
4(57 5844 10417 5848)
4(76 5883 10417 5845)
4(77 5848 10417 5883)
4(58 5847 10418 5851)
4(77 5886 10418 5848)
4(78 5851 10418 5886)
4(59 5850 10419 5854)
4(78 5889 10419 5851)
4(79 5854 10419 5889)
4(60 5853 10420 5857)
4(79 5892 10420 5854)
4(80 5857 10420 5892)
4(61 5856 10421 5860)
4(80 5895 10421 5857)
4(81 5860 10421 5895)
4(62 5859 10422 5863)
4(81 5898 10422 5860)
4(82 5863 10422 5898)
4(63 5862 10423 5865)
4(82 5901 10423 5863)
4(83 5865 10423 5901)
4(64 3102 10424 3104)
4(83 5904 10424 5865)
4(84 3104 10424 5904)
4(70 3116 10425 5867)
4(90 5908 10425 3117)
4(91 5867 10425 5908)
4(71 5866 10426 5869)
4(91 5910 10426 5867)
4(92 5869 10426 5910)
4(72 5868 10427 5872)
4(92 5913 10427 5869)
4(93 5872 10427 5913)
4(73 5871 10428 5875)
4(93 5916 10428 5872)
4(94 5875 10428 5916)
4(74 5874 10429 5878)
4(94 5919 10429 5875)
4(95 5878 10429 5919)
4(75 5877 10430 5881)
4(95 5922 10430 5878)
4(96 5881 10430 5922)
4(76 5880 10431 5884)
4(96 5925 10431 5881)
4(97 5884 10431 5925)
4(77 5883 10432 5887)
4(97 5928 10432 5884)
4(98 5887 10432 5928)
4(78 5886 10433 5890)
4(98 5931 10433 5887)
4(99 5890 10433 5931)
4(79 5889 10434 5893)
4(99 5934 10434 5890)
4(100 5893 10434 5934)
4(80 5892 10435 5896)
4(100 5937 10435 5893)
4(101 5896 10435 5937)
4(81 5895 10436 5899)
4(101 5940 10436 5896)
4(102 5899 10436 5940)
4(82 5898 10437 5902)
4(102 5943 10437 5899)
4(103 5902 10437 5943)
4(83 5901 10438 5905)
4(103 5946 10438 5902)
4(104 5905 10438 5946)
4(84 5904 10439 5907)
4(104 5949 10439 5905)
4(105 5907 10439 5949)
4(85 3118 10440 3120)
4(105 5952 10440 5907)
4(106 3120 10440 5952)
4(90 3132 10441 5909)
4(111 5956 10441 3133)
4(112 5909 10441 5956)
4(91 5908 10442 5911)
4(112 5957 10442 5909)
4(113 5911 10442 5957)
4(92 5910 10443 5914)
4(113 5960 10443 5911)
4(114 5914 10443 5960)
4(93 5913 10444 5917)
4(114 5963 10444 5914)
4(115 5917 10444 5963)
4(94 5916 10445 5920)
4(115 5966 10445 5917)
4(116 5920 10445 5966)
4(95 5919 10446 5923)
4(116 5969 10446 5920)
4(117 5923 10446 5969)
4(96 5922 10447 5926)
4(117 5972 10447 5923)
4(118 5926 10447 5972)
4(97 5925 10448 5929)
4(118 5975 10448 5926)
4(119 5929 10448 5975)
4(98 5928 10449 5932)
4(119 5978 10449 5929)
4(120 5932 10449 5978)
4(99 5931 10450 5935)
4(120 5981 10450 5932)
4(121 5935 10450 5981)
4(100 5934 10451 5938)
4(121 5984 10451 5935)
4(122 5938 10451 5984)
4(101 5937 10452 5941)
4(122 5987 10452 5938)
4(123 5941 10452 5987)
4(102 5940 10453 5944)
4(123 5990 10453 5941)
4(124 5944 10453 5990)
4(103 5943 10454 5947)
4(124 5993 10454 5944)
4(125 5947 10454 5993)
4(104 5946 10455 5950)
4(125 5996 10455 5947)
4(126 5950 10455 5996)
4(105 5949 10456 5953)
4(126 5999 10456 5950)
4(127 5953 10456 5999)
4(106 5952 10457 5955)
4(127 6002 10457 5953)
4(128 5955 10457 6002)
4(107 3134 10458 3136)
4(128 6005 10458 5955)
4(129 3136 10458 6005)
4(112 5956 10459 5958)
4(134 6008 10459 3148)
4(135 5958 10459 6008)
4(113 5957 10460 5961)
4(135 6010 10460 5958)
4(136 5961 10460 6010)
4(114 5960 10461 5964)
4(136 6013 10461 5961)
4(137 5964 10461 6013)
4(115 5963 10462 5967)
4(137 6016 10462 5964)
4(138 5967 10462 6016)
4(116 5966 10463 5970)
4(138 6019 10463 5967)
4(139 5970 10463 6019)
4(117 5969 10464 5973)
4(139 6022 10464 5970)
4(140 5973 10464 6022)
4(118 5972 10465 5976)
4(140 6025 10465 5973)
4(141 5976 10465 6025)
4(119 5975 10466 5979)
4(141 6028 10466 5976)
4(142 5979 10466 6028)
4(120 5978 10467 5982)
4(142 6031 10467 5979)
4(143 5982 10467 6031)
4(121 5981 10468 5985)
4(143 6034 10468 5982)
4(144 5985 10468 6034)
4(122 5984 10469 5988)
4(144 6037 10469 5985)
4(145 5988 10469 6037)
4(123 5987 10470 5991)
4(145 6040 10470 5988)
4(146 5991 10470 6040)
4(124 5990 10471 5994)
4(146 6043 10471 5991)
4(147 5994 10471 6043)
4(125 5993 10472 5997)
4(147 6046 10472 5994)
4(148 5997 10472 6046)
4(126 5996 10473 6000)
4(148 6049 10473 5997)
4(149 6000 10473 6049)
4(127 5999 10474 6003)
4(149 6052 10474 6000)
4(150 6003 10474 6052)
4(128 6002 10475 6006)
4(150 6055 10475 6003)
4(151 6006 10475 6055)
4(129 6005 10476 3151)
4(151 6058 10476 6006)
4(152 3151 10476 6058)
4(134 3161 10477 6009)
4(156 6062 10477 3162)
4(157 6009 10477 6062)
4(135 6008 10478 6011)
4(157 6063 10478 6009)
4(158 6011 10478 6063)
4(136 6010 10479 6014)
4(158 6066 10479 6011)
4(159 6014 10479 6066)
4(137 6013 10480 6017)
4(159 6069 10480 6014)
4(160 6017 10480 6069)
4(138 6016 10481 6020)
4(160 6072 10481 6017)
4(161 6020 10481 6072)
4(139 6019 10482 6023)
4(161 6075 10482 6020)
4(162 6023 10482 6075)
4(140 6022 10483 6026)
4(162 6078 10483 6023)
4(163 6026 10483 6078)
4(141 6025 10484 6029)
4(163 6081 10484 6026)
4(164 6029 10484 6081)
4(142 6028 10485 6032)
4(164 6084 10485 6029)
4(165 6032 10485 6084)
4(143 6031 10486 6035)
4(165 6087 10486 6032)
4(166 6035 10486 6087)
4(144 6034 10487 6038)
4(166 6090 10487 6035)
4(167 6038 10487 6090)
4(145 6037 10488 6041)
4(167 6093 10488 6038)
4(168 6041 10488 6093)
4(146 6040 10489 6044)
4(168 6096 10489 6041)
4(169 6044 10489 6096)
4(147 6043 10490 6047)
4(169 6099 10490 6044)
4(170 6047 10490 6099)
4(148 6046 10491 6050)
4(170 6102 10491 6047)
4(171 6050 10491 6102)
4(149 6049 10492 6053)
4(171 6105 10492 6050)
4(172 6053 10492 6105)
4(150 6052 10493 6056)
4(172 6108 10493 6053)
4(173 6056 10493 6108)
4(151 6055 10494 6059)
4(173 6111 10494 6056)
4(174 6059 10494 6111)
4(152 6058 10495 6061)
4(174 6114 10495 6059)
4(175 6061 10495 6114)
4(153 3165 10496 3167)
4(175 6117 10496 6061)
4(176 3167 10496 6117)
4(157 6062 10497 6064)
4(180 6120 10497 3177)
4(181 6064 10497 6120)
4(158 6063 10498 6067)
4(181 6121 10498 6064)
4(182 6067 10498 6121)
4(159 6066 10499 6070)
4(182 6124 10499 6067)
4(183 6070 10499 6124)
4(160 6069 10500 6073)
4(183 6127 10500 6070)
4(184 6073 10500 6127)
4(161 6072 10501 6076)
4(184 6130 10501 6073)
4(185 6076 10501 6130)
4(162 6075 10502 6079)
4(185 6133 10502 6076)
4(186 6079 10502 6133)
4(163 6078 10503 6082)
4(186 6136 10503 6079)
4(187 6082 10503 6136)
4(164 6081 10504 6085)
4(187 6139 10504 6082)
4(188 6085 10504 6139)
4(165 6084 10505 6088)
4(188 6142 10505 6085)
4(189 6088 10505 6142)
4(166 6087 10506 6091)
4(189 6145 10506 6088)
4(190 6091 10506 6145)
4(167 6090 10507 6094)
4(190 6148 10507 6091)
4(191 6094 10507 6148)
4(168 6093 10508 6097)
4(191 6151 10508 6094)
4(192 6097 10508 6151)
4(169 6096 10509 6100)
4(192 6154 10509 6097)
4(193 6100 10509 6154)
4(170 6099 10510 6103)
4(193 6157 10510 6100)
4(194 6103 10510 6157)
4(171 6102 10511 6106)
4(194 6160 10511 6103)
4(195 6106 10511 6160)
4(172 6105 10512 6109)
4(195 6163 10512 6106)
4(196 6109 10512 6163)
4(173 6108 10513 6112)
4(196 6166 10513 6109)
4(197 6112 10513 6166)
4(174 6111 10514 6115)
4(197 6169 10514 6112)
4(198 6115 10514 6169)
4(175 6114 10515 6118)
4(198 6172 10515 6115)
4(199 6118 10515 6172)
4(176 6117 10516 3180)
4(199 6175 10516 6118)
4(200 3180 10516 6175)
4(181 6120 10517 6122)
4(205 6178 10517 3192)
4(206 6122 10517 6178)
4(182 6121 10518 6125)
4(206 6179 10518 6122)
4(207 6125 10518 6179)
4(183 6124 10519 6128)
4(207 6182 10519 6125)
4(208 6128 10519 6182)
4(184 6127 10520 6131)
4(208 6185 10520 6128)
4(209 6131 10520 6185)
4(185 6130 10521 6134)
4(209 6188 10521 6131)
4(210 6134 10521 6188)
4(186 6133 10522 6137)
4(210 6191 10522 6134)
4(211 6137 10522 6191)
4(187 6136 10523 6140)
4(211 6194 10523 6137)
4(212 6140 10523 6194)
4(188 6139 10524 6143)
4(212 6197 10524 6140)
4(213 6143 10524 6197)
4(189 6142 10525 6146)
4(213 6200 10525 6143)
4(214 6146 10525 6200)
4(190 6145 10526 6149)
4(214 6203 10526 6146)
4(215 6149 10526 6203)
4(191 6148 10527 6152)
4(215 6206 10527 6149)
4(216 6152 10527 6206)
4(192 6151 10528 6155)
4(216 6209 10528 6152)
4(217 6155 10528 6209)
4(193 6154 10529 6158)
4(217 6212 10529 6155)
4(218 6158 10529 6212)
4(194 6157 10530 6161)
4(218 6215 10530 6158)
4(219 6161 10530 6215)
4(195 6160 10531 6164)
4(219 6218 10531 6161)
4(220 6164 10531 6218)
4(196 6163 10532 6167)
4(220 6221 10532 6164)
4(221 6167 10532 6221)
4(197 6166 10533 6170)
4(221 6224 10533 6167)
4(222 6170 10533 6224)
4(198 6169 10534 6173)
4(222 6227 10534 6170)
4(223 6173 10534 6227)
4(199 6172 10535 6176)
4(223 6230 10535 6173)
4(224 6176 10535 6230)
4(200 6175 10536 3195)
4(224 6233 10536 6176)
4(225 3195 10536 6233)
4(206 6178 10537 6180)
4(230 6236 10537 3208)
4(231 6180 10537 6236)
4(207 6179 10538 6183)
4(231 6237 10538 6180)
4(232 6183 10538 6237)
4(208 6182 10539 6186)
4(232 6240 10539 6183)
4(233 6186 10539 6240)
4(209 6185 10540 6189)
4(233 6243 10540 6186)
4(234 6189 10540 6243)
4(210 6188 10541 6192)
4(234 6246 10541 6189)
4(235 6192 10541 6246)
4(211 6191 10542 6195)
4(235 6249 10542 6192)
4(236 6195 10542 6249)
4(212 6194 10543 6198)
4(236 6252 10543 6195)
4(237 6198 10543 6252)
4(213 6197 10544 6201)
4(237 6255 10544 6198)
4(238 6201 10544 6255)
4(214 6200 10545 6204)
4(238 6258 10545 6201)
4(239 6204 10545 6258)
4(215 6203 10546 6207)
4(239 6261 10546 6204)
4(240 6207 10546 6261)
4(216 6206 10547 6210)
4(240 6264 10547 6207)
4(241 6210 10547 6264)
4(217 6209 10548 6213)
4(241 6267 10548 6210)
4(242 6213 10548 6267)
4(218 6212 10549 6216)
4(242 6270 10549 6213)
4(243 6216 10549 6270)
4(219 6215 10550 6219)
4(243 6273 10550 6216)
4(244 6219 10550 6273)
4(220 6218 10551 6222)
4(244 6276 10551 6219)
4(245 6222 10551 6276)
4(221 6221 10552 6225)
4(245 6279 10552 6222)
4(246 6225 10552 6279)
4(222 6224 10553 6228)
4(246 6282 10553 6225)
4(247 6228 10553 6282)
4(223 6227 10554 6231)
4(247 6285 10554 6228)
4(248 6231 10554 6285)
4(224 6230 10555 6234)
4(248 6288 10555 6231)
4(249 6234 10555 6288)
4(225 6233 10556 3211)
4(249 6291 10556 6234)
4(250 3211 10556 6291)
4(231 6236 10557 6238)
4(255 6294 10557 3224)
4(256 6238 10557 6294)
4(232 6237 10558 6241)
4(256 6295 10558 6238)
4(257 6241 10558 6295)
4(233 6240 10559 6244)
4(257 6298 10559 6241)
4(258 6244 10559 6298)
4(234 6243 10560 6247)
4(258 6301 10560 6244)
4(259 6247 10560 6301)
4(235 6246 10561 6250)
4(259 6304 10561 6247)
4(260 6250 10561 6304)
4(236 6249 10562 6253)
4(260 6307 10562 6250)
4(261 6253 10562 6307)
4(237 6252 10563 6256)
4(261 6310 10563 6253)
4(262 6256 10563 6310)
4(238 6255 10564 6259)
4(262 6313 10564 6256)
4(263 6259 10564 6313)
4(239 6258 10565 6262)
4(263 6316 10565 6259)
4(264 6262 10565 6316)
4(240 6261 10566 6265)
4(264 6319 10566 6262)
4(265 6265 10566 6319)
4(241 6264 10567 6268)
4(265 6322 10567 6265)
4(266 6268 10567 6322)
4(242 6267 10568 6271)
4(266 6325 10568 6268)
4(267 6271 10568 6325)
4(243 6270 10569 6274)
4(267 6328 10569 6271)
4(268 6274 10569 6328)
4(244 6273 10570 6277)
4(268 6331 10570 6274)
4(269 6277 10570 6331)
4(245 6276 10571 6280)
4(269 6334 10571 6277)
4(270 6280 10571 6334)
4(246 6279 10572 6283)
4(270 6337 10572 6280)
4(271 6283 10572 6337)
4(247 6282 10573 6286)
4(271 6340 10573 6283)
4(272 6286 10573 6340)
4(248 6285 10574 6289)
4(272 6343 10574 6286)
4(273 6289 10574 6343)
4(249 6288 10575 6292)
4(273 6346 10575 6289)
4(274 6292 10575 6346)
4(250 6291 10576 3227)
4(274 6349 10576 6292)
4(275 3227 10576 6349)
4(256 6294 10577 6296)
4(280 6352 10577 3240)
4(281 6296 10577 6352)
4(257 6295 10578 6299)
4(281 6353 10578 6296)
4(282 6299 10578 6353)
4(258 6298 10579 6302)
4(282 6356 10579 6299)
4(283 6302 10579 6356)
4(259 6301 10580 6305)
4(283 6359 10580 6302)
4(284 6305 10580 6359)
4(260 6304 10581 6308)
4(284 6362 10581 6305)
4(285 6308 10581 6362)
4(261 6307 10582 6311)
4(285 6365 10582 6308)
4(286 6311 10582 6365)
4(262 6310 10583 6314)
4(286 6368 10583 6311)
4(287 6314 10583 6368)
4(263 6313 10584 6317)
4(287 6371 10584 6314)
4(288 6317 10584 6371)
4(264 6316 10585 6320)
4(288 6374 10585 6317)
4(289 6320 10585 6374)
4(265 6319 10586 6323)
4(289 6377 10586 6320)
4(290 6323 10586 6377)
4(266 6322 10587 6326)
4(290 6380 10587 6323)
4(291 6326 10587 6380)
4(267 6325 10588 6329)
4(291 6383 10588 6326)
4(292 6329 10588 6383)
4(268 6328 10589 6332)
4(292 6386 10589 6329)
4(293 6332 10589 6386)
4(269 6331 10590 6335)
4(293 6389 10590 6332)
4(294 6335 10590 6389)
4(270 6334 10591 6338)
4(294 6392 10591 6335)
4(295 6338 10591 6392)
4(271 6337 10592 6341)
4(295 6395 10592 6338)
4(296 6341 10592 6395)
4(272 6340 10593 6344)
4(296 6398 10593 6341)
4(297 6344 10593 6398)
4(273 6343 10594 6347)
4(297 6401 10594 6344)
4(298 6347 10594 6401)
4(274 6346 10595 6350)
4(298 6404 10595 6347)
4(299 6350 10595 6404)
4(275 6349 10596 3243)
4(299 6407 10596 6350)
4(300 3243 10596 6407)
4(281 6352 10597 6354)
4(304 6410 10597 3256)
4(305 6354 10597 6410)
4(282 6353 10598 6357)
4(305 6412 10598 6354)
4(306 6357 10598 6412)
4(283 6356 10599 6360)
4(306 6415 10599 6357)
4(307 6360 10599 6415)
4(284 6359 10600 6363)
4(307 6418 10600 6360)
4(308 6363 10600 6418)
4(285 6362 10601 6366)
4(308 6421 10601 6363)
4(309 6366 10601 6421)
4(286 6365 10602 6369)
4(309 6424 10602 6366)
4(310 6369 10602 6424)
4(287 6368 10603 6372)
4(310 6427 10603 6369)
4(311 6372 10603 6427)
4(288 6371 10604 6375)
4(311 6430 10604 6372)
4(312 6375 10604 6430)
4(289 6374 10605 6378)
4(312 6433 10605 6375)
4(313 6378 10605 6433)
4(290 6377 10606 6381)
4(313 6436 10606 6378)
4(314 6381 10606 6436)
4(291 6380 10607 6384)
4(314 6439 10607 6381)
4(315 6384 10607 6439)
4(292 6383 10608 6387)
4(315 6442 10608 6384)
4(316 6387 10608 6442)
4(293 6386 10609 6390)
4(316 6445 10609 6387)
4(317 6390 10609 6445)
4(294 6389 10610 6393)
4(317 6448 10610 6390)
4(318 6393 10610 6448)
4(295 6392 10611 6396)
4(318 6451 10611 6393)
4(319 6396 10611 6451)
4(296 6395 10612 6399)
4(319 6454 10612 6396)
4(320 6399 10612 6454)
4(297 6398 10613 6402)
4(320 6457 10613 6399)
4(321 6402 10613 6457)
4(298 6401 10614 6405)
4(321 6460 10614 6402)
4(322 6405 10614 6460)
4(299 6404 10615 6408)
4(322 6463 10615 6405)
4(323 6408 10615 6463)
4(300 6407 10616 3258)
4(323 6466 10616 6408)
4(324 3258 10616 6466)
4(305 6410 10617 6413)
4(327 3280 10617 3269)
4(328 6413 10617 3280)
4(306 6412 10618 6416)
4(328 6469 10618 6413)
4(329 6416 10618 6469)
4(307 6415 10619 6419)
4(329 6470 10619 6416)
4(330 6419 10619 6470)
4(308 6418 10620 6422)
4(330 6473 10620 6419)
4(331 6422 10620 6473)
4(309 6421 10621 6425)
4(331 6476 10621 6422)
4(332 6425 10621 6476)
4(310 6424 10622 6428)
4(332 6479 10622 6425)
4(333 6428 10622 6479)
4(311 6427 10623 6431)
4(333 6482 10623 6428)
4(334 6431 10623 6482)
4(312 6430 10624 6434)
4(334 6485 10624 6431)
4(335 6434 10624 6485)
4(313 6433 10625 6437)
4(335 6488 10625 6434)
4(336 6437 10625 6488)
4(314 6436 10626 6440)
4(336 6491 10626 6437)
4(337 6440 10626 6491)
4(315 6439 10627 6443)
4(337 6494 10627 6440)
4(338 6443 10627 6494)
4(316 6442 10628 6446)
4(338 6497 10628 6443)
4(339 6446 10628 6497)
4(317 6445 10629 6449)
4(339 6500 10629 6446)
4(340 6449 10629 6500)
4(318 6448 10630 6452)
4(340 6503 10630 6449)
4(341 6452 10630 6503)
4(319 6451 10631 6455)
4(341 6506 10631 6452)
4(342 6455 10631 6506)
4(320 6454 10632 6458)
4(342 6509 10632 6455)
4(343 6458 10632 6509)
4(321 6457 10633 6461)
4(343 6512 10633 6458)
4(344 6461 10633 6512)
4(322 6460 10634 6464)
4(344 6515 10634 6461)
4(345 6464 10634 6515)
4(323 6463 10635 6467)
4(345 6518 10635 6464)
4(346 6467 10635 6518)
4(324 6466 10636 3271)
4(346 3285 10636 6467)
4(347 3271 10636 3285)
4(329 6469 10637 6471)
4(351 6521 10637 3283)
4(352 6471 10637 6521)
4(330 6470 10638 6474)
4(352 6522 10638 6471)
4(353 6474 10638 6522)
4(331 6473 10639 6477)
4(353 6525 10639 6474)
4(354 6477 10639 6525)
4(332 6476 10640 6480)
4(354 6528 10640 6477)
4(355 6480 10640 6528)
4(333 6479 10641 6483)
4(355 6531 10641 6480)
4(356 6483 10641 6531)
4(334 6482 10642 6486)
4(356 6534 10642 6483)
4(357 6486 10642 6534)
4(335 6485 10643 6489)
4(357 6537 10643 6486)
4(358 6489 10643 6537)
4(336 6488 10644 6492)
4(358 6540 10644 6489)
4(359 6492 10644 6540)
4(337 6491 10645 6495)
4(359 6543 10645 6492)
4(360 6495 10645 6543)
4(338 6494 10646 6498)
4(360 6546 10646 6495)
4(361 6498 10646 6546)
4(339 6497 10647 6501)
4(361 6549 10647 6498)
4(362 6501 10647 6549)
4(340 6500 10648 6504)
4(362 6552 10648 6501)
4(363 6504 10648 6552)
4(341 6503 10649 6507)
4(363 6555 10649 6504)
4(364 6507 10649 6555)
4(342 6506 10650 6510)
4(364 6558 10650 6507)
4(365 6510 10650 6558)
4(343 6509 10651 6513)
4(365 6561 10651 6510)
4(366 6513 10651 6561)
4(344 6512 10652 6516)
4(366 6564 10652 6513)
4(367 6516 10652 6564)
4(345 6515 10653 6519)
4(367 6567 10653 6516)
4(368 6519 10653 6567)
4(346 6518 10654 3286)
4(368 6570 10654 6519)
4(369 3286 10654 6570)
4(352 6521 10655 6523)
4(373 3314 10655 3300)
4(374 6523 10655 3314)
4(353 6522 10656 6526)
4(374 6573 10656 6523)
4(375 6526 10656 6573)
4(354 6525 10657 6529)
4(375 6574 10657 6526)
4(376 6529 10657 6574)
4(355 6528 10658 6532)
4(376 6577 10658 6529)
4(377 6532 10658 6577)
4(356 6531 10659 6535)
4(377 6580 10659 6532)
4(378 6535 10659 6580)
4(357 6534 10660 6538)
4(378 6583 10660 6535)
4(379 6538 10660 6583)
4(358 6537 10661 6541)
4(379 6586 10661 6538)
4(380 6541 10661 6586)
4(359 6540 10662 6544)
4(380 6589 10662 6541)
4(381 6544 10662 6589)
4(360 6543 10663 6547)
4(381 6592 10663 6544)
4(382 6547 10663 6592)
4(361 6546 10664 6550)
4(382 6595 10664 6547)
4(383 6550 10664 6595)
4(362 6549 10665 6553)
4(383 6598 10665 6550)
4(384 6553 10665 6598)
4(363 6552 10666 6556)
4(384 6601 10666 6553)
4(385 6556 10666 6601)
4(364 6555 10667 6559)
4(385 6604 10667 6556)
4(386 6559 10667 6604)
4(365 6558 10668 6562)
4(386 6607 10668 6559)
4(387 6562 10668 6607)
4(366 6561 10669 6565)
4(387 6610 10669 6562)
4(388 6565 10669 6610)
4(367 6564 10670 6568)
4(388 6613 10670 6565)
4(389 6568 10670 6613)
4(368 6567 10671 6571)
4(389 6616 10671 6568)
4(390 6571 10671 6616)
4(369 6570 10672 3303)
4(390 3319 10672 6571)
4(391 3303 10672 3319)
4(375 6573 10673 6575)
4(395 3332 10673 3317)
4(396 6575 10673 3332)
4(376 6574 10674 6578)
4(396 6619 10674 6575)
4(397 6578 10674 6619)
4(377 6577 10675 6581)
4(397 6620 10675 6578)
4(398 6581 10675 6620)
4(378 6580 10676 6584)
4(398 6623 10676 6581)
4(399 6584 10676 6623)
4(379 6583 10677 6587)
4(399 6626 10677 6584)
4(400 6587 10677 6626)
4(380 6586 10678 6590)
4(400 6629 10678 6587)
4(401 6590 10678 6629)
4(381 6589 10679 6593)
4(401 6632 10679 6590)
4(402 6593 10679 6632)
4(382 6592 10680 6596)
4(402 6635 10680 6593)
4(403 6596 10680 6635)
4(383 6595 10681 6599)
4(403 6638 10681 6596)
4(404 6599 10681 6638)
4(384 6598 10682 6602)
4(404 6641 10682 6599)
4(405 6602 10682 6641)
4(385 6601 10683 6605)
4(405 6644 10683 6602)
4(406 6605 10683 6644)
4(386 6604 10684 6608)
4(406 6647 10684 6605)
4(407 6608 10684 6647)
4(387 6607 10685 6611)
4(407 6650 10685 6608)
4(408 6611 10685 6650)
4(388 6610 10686 6614)
4(408 6653 10686 6611)
4(409 6614 10686 6653)
4(389 6613 10687 6617)
4(409 6656 10687 6614)
4(410 6617 10687 6656)
4(390 6616 10688 3320)
4(410 3337 10688 6617)
4(411 3320 10688 3337)
4(397 6619 10689 6621)
4(416 3351 10689 3335)
4(417 6621 10689 3351)
4(398 6620 10690 6624)
4(417 6659 10690 6621)
4(418 6624 10690 6659)
4(399 6623 10691 6627)
4(418 6660 10691 6624)
4(419 6627 10691 6660)
4(400 6626 10692 6630)
4(419 6663 10692 6627)
4(420 6630 10692 6663)
4(401 6629 10693 6633)
4(420 6666 10693 6630)
4(421 6633 10693 6666)
4(402 6632 10694 6636)
4(421 6669 10694 6633)
4(422 6636 10694 6669)
4(403 6635 10695 6639)
4(422 6672 10695 6636)
4(423 6639 10695 6672)
4(404 6638 10696 6642)
4(423 6675 10696 6639)
4(424 6642 10696 6675)
4(405 6641 10697 6645)
4(424 6678 10697 6642)
4(425 6645 10697 6678)
4(406 6644 10698 6648)
4(425 6681 10698 6645)
4(426 6648 10698 6681)
4(407 6647 10699 6651)
4(426 6684 10699 6648)
4(427 6651 10699 6684)
4(408 6650 10700 6654)
4(427 6687 10700 6651)
4(428 6654 10700 6687)
4(409 6653 10701 6657)
4(428 6690 10701 6654)
4(429 6657 10701 6690)
4(410 6656 10702 3338)
4(429 3355 10702 6657)
4(430 3338 10702 3355)
4(418 6659 10703 6661)
4(435 3369 10703 3354)
4(436 6661 10703 3369)
4(419 6660 10704 6664)
4(436 3372 10704 6661)
4(437 6664 10704 3372)
4(420 6663 10705 6667)
4(437 6693 10705 6664)
4(438 6667 10705 6693)
4(421 6666 10706 6670)
4(438 6694 10706 6667)
4(439 6670 10706 6694)
4(422 6669 10707 6673)
4(439 6697 10707 6670)
4(440 6673 10707 6697)
4(423 6672 10708 6676)
4(440 6700 10708 6673)
4(441 6676 10708 6700)
4(424 6675 10709 6679)
4(441 6703 10709 6676)
4(442 6679 10709 6703)
4(425 6678 10710 6682)
4(442 6706 10710 6679)
4(443 6682 10710 6706)
4(426 6681 10711 6685)
4(443 6709 10711 6682)
4(444 6685 10711 6709)
4(427 6684 10712 6688)
4(444 6712 10712 6685)
4(445 6688 10712 6712)
4(428 6687 10713 6691)
4(445 3377 10713 6688)
4(446 6691 10713 3377)
4(429 6690 10714 3356)
4(446 3379 10714 6691)
4(447 3356 10714 3379)
4(438 6693 10715 6695)
4(453 3395 10715 3375)
4(454 6695 10715 3395)
4(439 6694 10716 6698)
4(454 3398 10716 6695)
4(455 6698 10716 3398)
4(440 6697 10717 6701)
4(455 3400 10717 6698)
4(456 6701 10717 3400)
4(441 6700 10718 6704)
4(456 3402 10718 6701)
4(457 6704 10718 3402)
4(442 6703 10719 6707)
4(457 3405 10719 6704)
4(458 6707 10719 3405)
4(443 6706 10720 6710)
4(458 3408 10720 6707)
4(459 6710 10720 3408)
4(444 6709 10721 6713)
4(459 3411 10721 6710)
4(460 6713 10721 3411)
4(445 6712 10722 3378)
4(460 3413 10722 6713)
4(461 3378 10722 3413)
4(0 2987 3943 2986)
4(1 2990 3944 2989)
4(2 2993 3945 2992)
4(3 2996 3946 2995)
4(4 2999 3947 2998)
4(5 3006 3950 3005)
4(6 3009 3951 3008)
4(7 3012 3952 3011)
4(13 3030 3958 3029)
4(14 3033 3959 3032)
4(15 3036 3960 3035)
4(16 3040 3962 3039)
4(17 3043 3963 3042)
4(28 3065 3966 3064)
4(29 3068 3967 3067)
4(31 3073 3970 3072)
4(32 3076 3971 3075)
4(46 3090 3973 3089)
4(48 3095 3976 3094)
4(65 3107 3979 3106)
4(67 3112 3981 3111)
4(68 3115 3982 3114)
4(86 3123 3984 3122)
4(88 3130 3986 3129)
4(108 3139 3988 3138)
4(109 3143 3989 3142)
4(130 3153 3992 3152)
4(132 3159 3994 3158)
4(154 3170 3996 3169)
4(155 3175 3998 3174)
4(177 3183 4000 3182)
4(178 3187 4001 3186)
4(201 3198 4004 3197)
4(203 3203 4005 3202)
4(226 3214 4008 3213)
4(228 3219 4009 3218)
4(251 3230 4012 3229)
4(253 3235 4013 3234)
4(276 3246 4016 3245)
4(278 3251 4017 3250)
4(301 3261 4020 3260)
4(303 3267 4022 3266)
4(325 3274 4024 3273)
4(326 3278 4025 3277)
4(347 3289 4028 3288)
4(349 3295 4029 3294)
4(350 3298 4030 3297)
4(370 3306 4032 3305)
4(372 3312 4033 3311)
4(391 3322 4036 3321)
4(394 3330 4038 3329)
4(412 3343 4042 3342)
4(415 3349 4044 3348)
4(431 3361 4048 3360)
4(434 3367 4050 3366)
4(447 3382 4055 3381)
4(448 3384 4056 3383)
4(451 3390 4057 3389)
4(452 3393 4058 3392)
4(461 3417 4067 3416)
4(462 3420 4068 3419)
4(466 3430 4069 3429)
4(467 3433 4070 3432)
4(468 3436 4071 3435)
4(469 3439 4072 3438)
4(470 3442 4073 3441)
4(471 3445 4074 3444)
4(472 3448 4075 3447)
4(473 3451 4076 3450)
4(0 2984 3942 2987)
4(7 3011 3942 2985)
4(8 2987 3942 3011)
4(1 2986 3943 2990)
4(8 3014 3943 2987)
4(9 2990 3943 3014)
4(4 2995 3946 2999)
4(11 3023 3946 2996)
4(12 2999 3946 3023)
4(12 3026 3947 2999)
4(13 3001 3947 3026)
4(13 3029 3948 3001)
4(14 3002 3948 3029)
4(6 3005 3950 3009)
4(18 3045 3950 3006)
4(19 3009 3950 3045)
4(7 3008 3951 3012)
4(13 3026 3957 3030)
4(14 3029 3958 3033)
4(32 3040 3961 3072)
4(17 3039 3962 3043)
4(32 3075 3962 3040)
4(33 3043 3962 3075)
4(18 3042 3963 3046)
4(29 3064 3966 3068)
4(30 3067 3967 3070)
4(45 3086 3967 3068)
4(46 3070 3967 3086)
4(49 3073 3969 3094)
4(32 3072 3970 3076)
4(49 3096 3970 3073)
4(46 3086 3972 3090)
4(47 3089 3973 3092)
4(65 3092 3973 3103)
4(68 3095 3975 3111)
4(49 3094 3976 3097)
4(68 3114 3976 3095)
4(66 3106 3979 3109)
4(86 3109 3979 3119)
4(68 3111 3981 3115)
4(88 3129 3981 3112)
4(89 3115 3981 3129)
4(86 3119 3983 3123)
4(87 3122 3984 3125)
4(107 3135 3984 3123)
4(108 3125 3984 3135)
4(88 3127 3985 3130)
4(109 3142 3985 3128)
4(110 3130 3985 3142)
4(110 3145 3986 3130)
4(108 3135 3987 3139)
4(130 3139 3987 3150)
4(130 3152 3988 3139)
4(131 3141 3988 3152)
4(110 3142 3989 3146)
4(132 3158 3989 3143)
4(133 3146 3989 3158)
4(131 3152 3992 3155)
4(153 3166 3992 3153)
4(154 3155 3992 3166)
4(132 3157 3993 3159)
4(155 3159 3993 3172)
4(155 3174 3994 3159)
4(154 3166 3995 3170)
4(177 3170 3995 3179)
4(177 3182 3996 3170)
4(155 3172 3997 3175)
4(178 3186 3997 3173)
4(179 3175 3997 3186)
4(177 3179 3999 3183)
4(201 3197 4000 3183)
4(202 3185 4000 3197)
4(179 3186 4001 3190)
4(203 3202 4001 3187)
4(204 3190 4001 3202)
4(229 3218 4009 3222)
4(253 3234 4009 3219)
4(254 3222 4009 3234)
4(303 3266 4018 3254)
4(325 3261 4019 3270)
4(302 3260 4020 3263)
4(325 3273 4020 3261)
4(326 3277 4022 3267)
4(348 3291 4024 3274)
4(327 3277 4025 3281)
4(349 3294 4025 3278)
4(350 3281 4025 3294)
4(348 3288 4028 3292)
4(370 3305 4028 3289)
4(371 3292 4028 3305)
4(370 3302 4031 3306)
4(392 3306 4031 3321)
4(371 3305 4032 3308)
4(392 3324 4032 3306)
4(373 3311 4033 3315)
4(393 3327 4033 3312)
4(394 3315 4033 3327)
4(412 3322 4035 3339)
4(392 3321 4036 3325)
4(412 3342 4036 3322)
4(413 3325 4036 3342)
4(394 3327 4037 3330)
4(412 3339 4041 3343)
4(431 3360 4041 3340)
4(432 3343 4041 3360)
4(433 3364 4044 3349)
4(434 3352 4044 3364)
4(434 3366 4045 3352)
4(448 3358 4046 3381)
4(431 3357 4047 3361)
4(448 3383 4047 3358)
4(449 3361 4047 3383)
4(434 3364 4049 3367)
4(435 3366 4050 3370)
4(450 3387 4050 3367)
4(451 3370 4050 3387)
4(462 3419 4054 3380)
4(463 3382 4054 3419)
4(448 3381 4055 3384)
4(463 3422 4055 3382)
4(464 3384 4055 3422)
4(453 3392 4058 3396)
4(465 3427 4058 3393)
4(466 3396 4058 3427)
4(466 3429 4059 3396)
4(467 3399 4059 3429)
4(467 3432 4060 3399)
4(473 3414 4065 3447)
4(473 3450 4066 3414)
4(474 3417 4066 3450)
4(462 3416 4067 3420)
4(474 3453 4067 3417)
4(475 3420 4067 3453)
4(463 3419 4068 3423)
4(475 3456 4068 3420)
4(467 3429 4069 3433)
4(468 3432 4070 3436)
4(476 3436 4070 3458)
4(472 3444 4074 3448)
4(479 3465 4074 3445)
4(480 3448 4074 3465)
4(473 3447 4075 3451)
4(480 3467 4075 3448)
4(474 3450 4076 3454)
4(6 3008 3941 2983)
4(7 2985 3941 3008)
4(2 2989 3944 2993)
4(9 3017 3944 2990)
4(10 2993 3944 3017)
4(3 2992 3945 2996)
4(10 3020 3945 2993)
4(11 2996 3945 3020)
4(5 3003 3949 3006)
4(17 3042 3949 3004)
4(18 3006 3949 3042)
4(15 3032 3959 3036)
4(27 3061 3959 3033)
4(28 3036 3959 3061)
4(28 3064 3960 3036)
4(29 3038 3960 3064)
4(46 3089 3968 3070)
4(65 3106 3974 3092)
4(86 3122 3980 3109)
4(202 3197 4004 3200)
4(226 3213 4004 3198)
4(227 3200 4004 3213)
4(204 3202 4005 3206)
4(228 3218 4005 3203)
4(229 3206 4005 3218)
4(227 3213 4008 3216)
4(251 3229 4008 3214)
4(252 3216 4008 3229)
4(252 3229 4012 3232)
4(276 3245 4012 3230)
4(277 3232 4012 3245)
4(254 3234 4013 3238)
4(278 3250 4013 3235)
4(279 3238 4013 3250)
4(277 3245 4016 3248)
4(301 3260 4016 3246)
4(302 3248 4016 3260)
4(279 3250 4017 3254)
4(303 3254 4017 3265)
4(303 3265 4021 3267)
4(326 3267 4021 3276)
4(325 3270 4023 3274)
4(348 3274 4023 3288)
4(350 3294 4029 3298)
4(372 3298 4029 3310)
4(372 3311 4030 3298)
4(394 3329 4034 3315)
4(414 3346 4038 3330)
4(415 3333 4038 3346)
4(415 3346 4043 3349)
4(451 3389 4051 3370)
4(452 3373 4051 3389)
4(452 3389 4057 3393)
4(465 3393 4057 3426)
4(469 3435 4071 3439)
4(476 3459 4071 3436)
4(477 3439 4071 3459)
4(470 3438 4072 3442)
4(477 3461 4072 3439)
4(478 3442 4072 3461)
4(471 3441 4073 3445)
4(478 3463 4073 3442)
4(479 3445 4073 3463)
)


// ************************************************************************* //
