/*--------------------------------*- C++ -*----------------------------------*\
| =========                 |                                                 |
| \\      /  F ield         | OpenFOAM: The Open Source CFD Toolbox           |
|  \\    /   O peration     | Version:  2506                                  |
|   \\  /    A nd           | Website:  www.openfoam.com                      |
|    \\/     M anipulation  |                                                 |
\*---------------------------------------------------------------------------*/
FoamFile
{
    version     2.0;
    format      ascii;
    arch        "LSB;label=32;scalar=64";
    class       volScalarField;
    location    "290/jellyRoll_rotated";
    object      T;
}
// * * * * * * * * * * * * * * * * * * * * * * * * * * * * * * * * * * * * * //

dimensions      [0 0 0 1 0 0 0];

internalField   nonuniform List<scalar> 
30240
(
298.81003
298.81003
298.81003
298.81003
298.81003
298.81003
298.81003
298.81003
298.81003
298.81003
298.81003
298.81003
298.81003
298.81003
298.81003
298.81003
298.81003
298.81003
298.81003
298.81003
298.81003
298.81003
298.81003
298.81003
298.81003
298.81003
298.81003
298.81003
298.81003
298.81003
298.81003
298.81003
298.81003
298.81003
298.81003
298.81003
298.81031
298.81031
298.81031
298.81031
298.81031
298.81031
298.81031
298.81031
298.81031
298.81031
298.81031
298.81031
298.81031
298.81031
298.81031
298.81031
298.81031
298.81031
298.81031
298.81031
298.81031
298.81031
298.81031
298.81031
298.81031
298.81031
298.81031
298.81031
298.81031
298.81031
298.81031
298.81031
298.81031
298.81031
298.81031
298.81031
298.81062
298.81062
298.81062
298.81062
298.81062
298.81062
298.81062
298.81062
298.81062
298.81062
298.81062
298.81062
298.81062
298.81062
298.81062
298.81062
298.81062
298.81062
298.81062
298.81062
298.81062
298.81062
298.81062
298.81062
298.81062
298.81062
298.81062
298.81062
298.81062
298.81062
298.81062
298.81062
298.81062
298.81062
298.81062
298.81062
298.81071
298.81071
298.81071
298.81071
298.81071
298.81071
298.81071
298.81071
298.81071
298.81071
298.81071
298.81071
298.81071
298.81071
298.81071
298.81071
298.81071
298.81071
298.81071
298.81071
298.81071
298.81071
298.81071
298.81071
298.81071
298.81071
298.81071
298.81071
298.81071
298.81071
298.81071
298.81071
298.81071
298.81071
298.81071
298.81071
298.81058
298.81058
298.81058
298.81058
298.81058
298.81058
298.81058
298.81058
298.81058
298.81058
298.81058
298.81058
298.81058
298.81058
298.81058
298.81058
298.81058
298.81058
298.81058
298.81058
298.81058
298.81058
298.81058
298.81058
298.81058
298.81058
298.81058
298.81058
298.81058
298.81058
298.81058
298.81058
298.81058
298.81058
298.81058
298.81058
298.81024
298.81024
298.81024
298.81024
298.81024
298.81024
298.81024
298.81024
298.81024
298.81024
298.81024
298.81024
298.81024
298.81024
298.81024
298.81024
298.81024
298.81024
298.81024
298.81024
298.81024
298.81024
298.81024
298.81024
298.81024
298.81024
298.81024
298.81024
298.81024
298.81024
298.81024
298.81024
298.81024
298.81024
298.81024
298.81024
298.80968
298.80968
298.80968
298.80968
298.80968
298.80968
298.80968
298.80968
298.80968
298.80968
298.80968
298.80968
298.80968
298.80968
298.80968
298.80968
298.80968
298.80968
298.80968
298.80968
298.80968
298.80968
298.80968
298.80968
298.80968
298.80968
298.80968
298.80968
298.80968
298.80968
298.80968
298.80968
298.80968
298.80968
298.80968
298.80968
298.8089
298.80889
298.80889
298.80889
298.80889
298.80889
298.80889
298.80889
298.8089
298.8089
298.80889
298.80889
298.80889
298.80889
298.80889
298.80889
298.80889
298.8089
298.8089
298.80889
298.80889
298.80889
298.80889
298.80889
298.80889
298.80889
298.8089
298.8089
298.80889
298.80889
298.80889
298.80889
298.80889
298.80889
298.80889
298.8089
298.80781
298.80781
298.80781
298.80781
298.80781
298.80781
298.80781
298.80781
298.80781
298.80781
298.80781
298.80781
298.80781
298.80781
298.80781
298.80781
298.80781
298.80781
298.80781
298.80781
298.80781
298.80781
298.80781
298.80781
298.80781
298.80781
298.80781
298.80781
298.80781
298.80781
298.80781
298.80781
298.80781
298.80781
298.80781
298.80781
298.80672
298.80672
298.80672
298.80672
298.80672
298.80672
298.80672
298.80672
298.80672
298.80672
298.80672
298.80672
298.80672
298.80672
298.80672
298.80672
298.80672
298.80672
298.80672
298.80672
298.80672
298.80672
298.80672
298.80672
298.80672
298.80672
298.80672
298.80672
298.80672
298.80672
298.80672
298.80672
298.80672
298.80672
298.80672
298.80672
298.80555
298.80555
298.80555
298.80555
298.80555
298.80555
298.80555
298.80555
298.80555
298.80555
298.80555
298.80555
298.80555
298.80555
298.80555
298.80555
298.80555
298.80555
298.80555
298.80555
298.80555
298.80555
298.80555
298.80555
298.80555
298.80555
298.80555
298.80555
298.80555
298.80555
298.80555
298.80555
298.80555
298.80555
298.80555
298.80555
298.80427
298.80427
298.80427
298.80427
298.80427
298.80427
298.80427
298.80427
298.80427
298.80427
298.80427
298.80427
298.80427
298.80427
298.80427
298.80427
298.80427
298.80427
298.80427
298.80427
298.80427
298.80427
298.80427
298.80427
298.80427
298.80427
298.80427
298.80427
298.80427
298.80427
298.80427
298.80427
298.80427
298.80427
298.80427
298.80427
298.80288
298.80288
298.80288
298.80288
298.80288
298.80288
298.80288
298.80288
298.80288
298.80288
298.80288
298.80288
298.80288
298.80288
298.80288
298.80288
298.80288
298.80288
298.80288
298.80288
298.80288
298.80288
298.80288
298.80288
298.80288
298.80288
298.80288
298.80288
298.80288
298.80288
298.80288
298.80288
298.80288
298.80288
298.80288
298.80288
298.80136
298.80136
298.80136
298.80136
298.80136
298.80136
298.80136
298.80136
298.80136
298.80136
298.80136
298.80136
298.80136
298.80136
298.80136
298.80136
298.80136
298.80136
298.80136
298.80136
298.80136
298.80136
298.80136
298.80136
298.80136
298.80136
298.80136
298.80136
298.80136
298.80136
298.80136
298.80136
298.80136
298.80136
298.80136
298.80136
298.7997
298.7997
298.7997
298.7997
298.7997
298.7997
298.7997
298.7997
298.7997
298.7997
298.7997
298.7997
298.7997
298.7997
298.7997
298.7997
298.7997
298.7997
298.7997
298.7997
298.7997
298.7997
298.7997
298.7997
298.7997
298.7997
298.7997
298.7997
298.7997
298.7997
298.7997
298.7997
298.7997
298.7997
298.7997
298.7997
298.79785
298.79785
298.79785
298.79785
298.79785
298.79785
298.79785
298.79785
298.79785
298.79785
298.79785
298.79785
298.79785
298.79785
298.79785
298.79785
298.79785
298.79785
298.79785
298.79785
298.79785
298.79785
298.79785
298.79785
298.79785
298.79785
298.79785
298.79785
298.79785
298.79785
298.79785
298.79785
298.79785
298.79785
298.79785
298.79785
298.79598
298.79598
298.79598
298.79598
298.79598
298.79598
298.79598
298.79598
298.79598
298.79598
298.79598
298.79598
298.79598
298.79598
298.79598
298.79598
298.79598
298.79598
298.79598
298.79598
298.79598
298.79598
298.79598
298.79598
298.79598
298.79598
298.79598
298.79598
298.79598
298.79598
298.79598
298.79598
298.79598
298.79598
298.79598
298.79598
298.79404
298.79404
298.79404
298.79404
298.79404
298.79404
298.79404
298.79404
298.79404
298.79404
298.79404
298.79404
298.79404
298.79404
298.79404
298.79404
298.79404
298.79404
298.79404
298.79404
298.79404
298.79404
298.79404
298.79404
298.79404
298.79404
298.79404
298.79404
298.79404
298.79404
298.79404
298.79404
298.79404
298.79404
298.79404
298.79404
298.79201
298.79201
298.79201
298.79201
298.79201
298.79201
298.79201
298.79201
298.79201
298.79201
298.79201
298.79201
298.79201
298.79201
298.79201
298.79201
298.79201
298.79201
298.79201
298.79201
298.79201
298.79201
298.79201
298.79201
298.79201
298.79201
298.79201
298.79201
298.79201
298.79201
298.79201
298.79201
298.79201
298.79201
298.79201
298.79201
298.78989
298.78989
298.78989
298.78989
298.78989
298.78989
298.78989
298.78989
298.78989
298.78989
298.78989
298.78989
298.78989
298.78989
298.78989
298.78989
298.78989
298.78989
298.78989
298.78989
298.78989
298.78989
298.78989
298.78989
298.78989
298.78989
298.78989
298.78989
298.78989
298.78989
298.78989
298.78989
298.78989
298.78989
298.78989
298.78989
298.78767
298.78767
298.78767
298.78767
298.78767
298.78767
298.78767
298.78767
298.78767
298.78767
298.78767
298.78767
298.78767
298.78767
298.78767
298.78767
298.78767
298.78767
298.78767
298.78767
298.78767
298.78767
298.78767
298.78767
298.78767
298.78767
298.78767
298.78767
298.78767
298.78767
298.78767
298.78767
298.78767
298.78767
298.78767
298.78767
298.78533
298.78533
298.78533
298.78533
298.78533
298.78533
298.78533
298.78533
298.78533
298.78533
298.78533
298.78533
298.78533
298.78533
298.78533
298.78533
298.78533
298.78533
298.78533
298.78533
298.78533
298.78533
298.78533
298.78533
298.78533
298.78533
298.78533
298.78533
298.78533
298.78533
298.78533
298.78533
298.78533
298.78533
298.78533
298.78533
298.78289
298.78288
298.78288
298.78288
298.78288
298.78288
298.78288
298.78288
298.78289
298.78289
298.78288
298.78288
298.78288
298.78288
298.78288
298.78288
298.78288
298.78289
298.78289
298.78288
298.78288
298.78288
298.78288
298.78288
298.78288
298.78288
298.78289
298.78289
298.78288
298.78288
298.78288
298.78288
298.78288
298.78288
298.78288
298.78289
298.78028
298.78028
298.78028
298.78028
298.78028
298.78028
298.78028
298.78028
298.78028
298.78028
298.78028
298.78028
298.78028
298.78028
298.78028
298.78028
298.78028
298.78028
298.78028
298.78028
298.78028
298.78028
298.78028
298.78028
298.78028
298.78028
298.78028
298.78028
298.78028
298.78028
298.78028
298.78028
298.78028
298.78028
298.78028
298.78028
298.77765
298.77765
298.77765
298.77765
298.77765
298.77765
298.77765
298.77765
298.77765
298.77765
298.77765
298.77765
298.77765
298.77765
298.77765
298.77765
298.77765
298.77765
298.77765
298.77765
298.77765
298.77765
298.77765
298.77765
298.77765
298.77765
298.77765
298.77765
298.77765
298.77765
298.77765
298.77765
298.77765
298.77765
298.77765
298.77765
298.77494
298.77494
298.77494
298.77494
298.77494
298.77494
298.77494
298.77494
298.77494
298.77494
298.77494
298.77494
298.77494
298.77494
298.77494
298.77494
298.77494
298.77494
298.77494
298.77494
298.77494
298.77494
298.77494
298.77494
298.77494
298.77494
298.77494
298.77494
298.77494
298.77494
298.77494
298.77494
298.77494
298.77494
298.77494
298.77494
298.77216
298.77216
298.77216
298.77216
298.77216
298.77216
298.77216
298.77216
298.77216
298.77216
298.77216
298.77216
298.77216
298.77216
298.77216
298.77216
298.77216
298.77216
298.77216
298.77216
298.77216
298.77216
298.77216
298.77216
298.77216
298.77216
298.77216
298.77216
298.77216
298.77216
298.77216
298.77216
298.77216
298.77216
298.77216
298.77216
298.76929
298.76929
298.76929
298.76929
298.76929
298.76929
298.76929
298.76929
298.76929
298.76929
298.76929
298.76929
298.76929
298.76929
298.76929
298.76929
298.76929
298.76929
298.76929
298.76929
298.76929
298.76929
298.76929
298.76929
298.76929
298.76929
298.76929
298.76929
298.76929
298.76929
298.76929
298.76929
298.76929
298.76929
298.76929
298.76929
298.76633
298.76633
298.76633
298.76633
298.76633
298.76633
298.76633
298.76633
298.76633
298.76633
298.76633
298.76633
298.76633
298.76633
298.76633
298.76633
298.76633
298.76633
298.76633
298.76633
298.76633
298.76633
298.76633
298.76633
298.76633
298.76633
298.76633
298.76633
298.76633
298.76633
298.76633
298.76633
298.76633
298.76633
298.76633
298.76633
298.76328
298.76328
298.76328
298.76328
298.76328
298.76328
298.76328
298.76328
298.76328
298.76328
298.76328
298.76328
298.76328
298.76328
298.76328
298.76328
298.76328
298.76328
298.76328
298.76328
298.76328
298.76328
298.76328
298.76328
298.76328
298.76328
298.76328
298.76328
298.76328
298.76328
298.76328
298.76328
298.76328
298.76328
298.76328
298.76328
298.76012
298.76012
298.76012
298.76012
298.76012
298.76012
298.76012
298.76012
298.76012
298.76012
298.76012
298.76012
298.76012
298.76012
298.76012
298.76012
298.76012
298.76012
298.76012
298.76012
298.76012
298.76012
298.76012
298.76012
298.76012
298.76012
298.76012
298.76012
298.76012
298.76012
298.76012
298.76012
298.76012
298.76012
298.76012
298.76012
298.75687
298.75687
298.75687
298.75687
298.75687
298.75687
298.75687
298.75687
298.75687
298.75687
298.75687
298.75687
298.75687
298.75687
298.75687
298.75687
298.75687
298.75687
298.75687
298.75687
298.75687
298.75687
298.75687
298.75687
298.75687
298.75687
298.75687
298.75687
298.75687
298.75687
298.75687
298.75687
298.75687
298.75687
298.75687
298.75687
298.7535
298.7535
298.7535
298.7535
298.7535
298.7535
298.7535
298.7535
298.7535
298.7535
298.7535
298.7535
298.7535
298.7535
298.7535
298.7535
298.7535
298.7535
298.7535
298.7535
298.7535
298.7535
298.7535
298.7535
298.7535
298.7535
298.7535
298.7535
298.7535
298.7535
298.7535
298.7535
298.7535
298.7535
298.7535
298.7535
298.74999
298.74999
298.74999
298.74999
298.74999
298.74999
298.74999
298.74999
298.74999
298.74999
298.74999
298.74999
298.74999
298.74999
298.74999
298.74999
298.74999
298.74999
298.74999
298.74999
298.74999
298.74999
298.74999
298.74999
298.74999
298.74999
298.74999
298.74999
298.74999
298.74999
298.74999
298.74999
298.74999
298.74999
298.74999
298.74999
298.7463
298.7463
298.7463
298.7463
298.7463
298.7463
298.7463
298.7463
298.7463
298.7463
298.7463
298.7463
298.7463
298.7463
298.7463
298.7463
298.7463
298.7463
298.7463
298.7463
298.7463
298.7463
298.7463
298.7463
298.7463
298.7463
298.7463
298.7463
298.7463
298.7463
298.7463
298.7463
298.7463
298.7463
298.7463
298.7463
298.74264
298.74264
298.74264
298.74264
298.74264
298.74264
298.74264
298.74264
298.74264
298.74264
298.74264
298.74264
298.74264
298.74264
298.74264
298.74264
298.74264
298.74264
298.74264
298.74264
298.74264
298.74264
298.74264
298.74264
298.74264
298.74264
298.74264
298.74264
298.74264
298.74264
298.74264
298.74264
298.74264
298.74264
298.74264
298.74264
298.73897
298.73897
298.73897
298.73897
298.73897
298.73897
298.73897
298.73897
298.73897
298.73897
298.73897
298.73897
298.73897
298.73897
298.73897
298.73897
298.73897
298.73897
298.73897
298.73897
298.73897
298.73897
298.73897
298.73897
298.73897
298.73897
298.73897
298.73897
298.73897
298.73897
298.73897
298.73897
298.73897
298.73897
298.73897
298.73897
298.73524
298.73524
298.73524
298.73524
298.73524
298.73524
298.73524
298.73524
298.73524
298.73524
298.73524
298.73524
298.73524
298.73524
298.73524
298.73524
298.73524
298.73524
298.73524
298.73524
298.73524
298.73524
298.73524
298.73524
298.73524
298.73524
298.73524
298.73524
298.73524
298.73524
298.73524
298.73524
298.73524
298.73524
298.73524
298.73524
298.73147
298.73147
298.73147
298.73147
298.73147
298.73147
298.73147
298.73147
298.73147
298.73147
298.73147
298.73147
298.73147
298.73147
298.73147
298.73147
298.73147
298.73147
298.73147
298.73147
298.73147
298.73147
298.73147
298.73147
298.73147
298.73147
298.73147
298.73147
298.73147
298.73147
298.73147
298.73147
298.73147
298.73147
298.73147
298.73147
298.72763
298.72763
298.72763
298.72763
298.72763
298.72763
298.72763
298.72763
298.72763
298.72763
298.72763
298.72763
298.72763
298.72763
298.72763
298.72763
298.72763
298.72763
298.72763
298.72763
298.72763
298.72763
298.72763
298.72763
298.72763
298.72763
298.72763
298.72763
298.72763
298.72763
298.72763
298.72763
298.72763
298.72763
298.72763
298.72763
298.72372
298.72372
298.72372
298.72372
298.72372
298.72372
298.72372
298.72372
298.72372
298.72372
298.72372
298.72372
298.72372
298.72372
298.72372
298.72372
298.72372
298.72372
298.72372
298.72372
298.72372
298.72372
298.72372
298.72372
298.72372
298.72372
298.72372
298.72372
298.72372
298.72372
298.72372
298.72372
298.72372
298.72372
298.72372
298.72372
298.71975
298.71975
298.71975
298.71975
298.71975
298.71975
298.71975
298.71975
298.71975
298.71975
298.71975
298.71975
298.71975
298.71975
298.71975
298.71975
298.71975
298.71975
298.71975
298.71975
298.71975
298.71975
298.71975
298.71975
298.71975
298.71975
298.71975
298.71975
298.71975
298.71975
298.71975
298.71975
298.71975
298.71975
298.71975
298.71975
298.71571
298.71571
298.71571
298.71571
298.71571
298.71571
298.71571
298.71571
298.71571
298.71571
298.71571
298.71571
298.71571
298.71571
298.71571
298.71571
298.71571
298.71571
298.71571
298.71571
298.71571
298.71571
298.71571
298.71571
298.71571
298.71571
298.71571
298.71571
298.71571
298.71571
298.71571
298.71571
298.71571
298.71571
298.71571
298.71571
298.71159
298.71159
298.71159
298.71159
298.71159
298.71159
298.71159
298.71159
298.71159
298.71159
298.71159
298.71159
298.71159
298.71159
298.71159
298.71159
298.71159
298.71159
298.71159
298.71159
298.71159
298.71159
298.71159
298.71159
298.71159
298.71159
298.71159
298.71159
298.71159
298.71159
298.71159
298.71159
298.71159
298.71159
298.71159
298.71159
298.7074
298.7074
298.7074
298.7074
298.7074
298.7074
298.7074
298.7074
298.7074
298.7074
298.7074
298.7074
298.7074
298.7074
298.7074
298.7074
298.7074
298.7074
298.7074
298.7074
298.7074
298.7074
298.7074
298.7074
298.7074
298.7074
298.7074
298.7074
298.7074
298.7074
298.7074
298.7074
298.7074
298.7074
298.7074
298.7074
298.70312
298.70312
298.70312
298.70312
298.70312
298.70312
298.70312
298.70312
298.70312
298.70312
298.70312
298.70312
298.70312
298.70312
298.70312
298.70312
298.70312
298.70312
298.70312
298.70312
298.70312
298.70312
298.70312
298.70312
298.70312
298.70312
298.70312
298.70312
298.70312
298.70312
298.70312
298.70312
298.70312
298.70312
298.70312
298.70312
298.69876
298.69876
298.69876
298.69876
298.69876
298.69876
298.69876
298.69876
298.69876
298.69876
298.69876
298.69876
298.69876
298.69876
298.69876
298.69876
298.69876
298.69876
298.69876
298.69876
298.69876
298.69876
298.69876
298.69876
298.69876
298.69876
298.69876
298.69876
298.69876
298.69876
298.69876
298.69876
298.69876
298.69876
298.69876
298.69876
298.6943
298.6943
298.6943
298.6943
298.6943
298.6943
298.6943
298.6943
298.6943
298.6943
298.6943
298.6943
298.6943
298.6943
298.6943
298.6943
298.6943
298.6943
298.6943
298.6943
298.6943
298.6943
298.6943
298.6943
298.6943
298.6943
298.6943
298.6943
298.6943
298.6943
298.6943
298.6943
298.6943
298.6943
298.6943
298.6943
298.68972
298.68972
298.68972
298.68972
298.68972
298.68972
298.68972
298.68972
298.68972
298.68972
298.68972
298.68972
298.68972
298.68972
298.68972
298.68972
298.68972
298.68972
298.68972
298.68972
298.68972
298.68972
298.68972
298.68972
298.68972
298.68972
298.68972
298.68972
298.68972
298.68972
298.68972
298.68972
298.68972
298.68972
298.68972
298.68972
298.68496
298.68496
298.68496
298.68496
298.68496
298.68496
298.68496
298.68496
298.68496
298.68496
298.68496
298.68496
298.68496
298.68496
298.68496
298.68496
298.68496
298.68496
298.68496
298.68496
298.68496
298.68496
298.68496
298.68496
298.68496
298.68496
298.68496
298.68496
298.68496
298.68496
298.68496
298.68496
298.68496
298.68496
298.68496
298.68496
298.68028
298.68028
298.68028
298.68028
298.68028
298.68028
298.68028
298.68028
298.68028
298.68028
298.68028
298.68028
298.68028
298.68028
298.68028
298.68028
298.68028
298.68028
298.68028
298.68028
298.68028
298.68028
298.68028
298.68028
298.68028
298.68028
298.68028
298.68028
298.68028
298.68028
298.68028
298.68028
298.68028
298.68028
298.68028
298.68028
298.67561
298.67561
298.67561
298.67561
298.67561
298.67561
298.67561
298.67561
298.67561
298.67561
298.67561
298.67561
298.67561
298.67561
298.67561
298.67561
298.67561
298.67561
298.67561
298.67561
298.67561
298.67561
298.67561
298.67561
298.67561
298.67561
298.67561
298.67561
298.67561
298.67561
298.67561
298.67561
298.67561
298.67561
298.67561
298.67561
298.67094
298.67094
298.67093
298.67094
298.67094
298.67094
298.67093
298.67094
298.67094
298.67094
298.67094
298.67093
298.67094
298.67094
298.67094
298.67093
298.67094
298.67094
298.67094
298.67094
298.67093
298.67094
298.67094
298.67094
298.67093
298.67094
298.67094
298.67094
298.67094
298.67093
298.67094
298.67094
298.67094
298.67093
298.67094
298.67094
298.66623
298.66623
298.66623
298.66623
298.66623
298.66623
298.66623
298.66623
298.66623
298.66623
298.66623
298.66623
298.66623
298.66623
298.66623
298.66623
298.66623
298.66623
298.66623
298.66623
298.66623
298.66623
298.66623
298.66623
298.66623
298.66623
298.66623
298.66623
298.66623
298.66623
298.66623
298.66623
298.66623
298.66623
298.66623
298.66623
298.6615
298.6615
298.6615
298.6615
298.6615
298.6615
298.6615
298.6615
298.6615
298.6615
298.6615
298.6615
298.6615
298.6615
298.6615
298.6615
298.6615
298.6615
298.6615
298.6615
298.6615
298.6615
298.6615
298.6615
298.6615
298.6615
298.6615
298.6615
298.6615
298.6615
298.6615
298.6615
298.6615
298.6615
298.6615
298.6615
298.65672
298.65672
298.65672
298.65672
298.65672
298.65672
298.65672
298.65672
298.65672
298.65672
298.65672
298.65672
298.65672
298.65672
298.65672
298.65672
298.65672
298.65672
298.65672
298.65672
298.65672
298.65672
298.65672
298.65672
298.65672
298.65672
298.65672
298.65672
298.65672
298.65672
298.65672
298.65672
298.65672
298.65672
298.65672
298.65672
298.65191
298.65191
298.65191
298.65191
298.65191
298.65191
298.65191
298.65191
298.65191
298.65191
298.65191
298.65191
298.65191
298.65191
298.65191
298.65191
298.65191
298.65191
298.65191
298.65191
298.65191
298.65191
298.65191
298.65191
298.65191
298.65191
298.65191
298.65191
298.65191
298.65191
298.65191
298.65191
298.65191
298.65191
298.65191
298.65191
298.64705
298.64705
298.64705
298.64705
298.64705
298.64705
298.64705
298.64705
298.64705
298.64705
298.64705
298.64705
298.64705
298.64705
298.64705
298.64705
298.64705
298.64705
298.64705
298.64705
298.64705
298.64705
298.64705
298.64705
298.64705
298.64705
298.64705
298.64705
298.64705
298.64705
298.64705
298.64705
298.64705
298.64705
298.64705
298.64705
298.64214
298.64214
298.64214
298.64214
298.64214
298.64214
298.64214
298.64214
298.64214
298.64214
298.64214
298.64214
298.64214
298.64214
298.64214
298.64214
298.64214
298.64214
298.64214
298.64214
298.64214
298.64214
298.64214
298.64214
298.64214
298.64214
298.64214
298.64214
298.64214
298.64214
298.64214
298.64214
298.64214
298.64214
298.64214
298.64214
298.63718
298.63718
298.63718
298.63718
298.63718
298.63718
298.63718
298.63718
298.63718
298.63718
298.63718
298.63718
298.63718
298.63718
298.63718
298.63718
298.63718
298.63718
298.63718
298.63718
298.63718
298.63718
298.63718
298.63718
298.63718
298.63718
298.63718
298.63718
298.63718
298.63718
298.63718
298.63718
298.63718
298.63718
298.63718
298.63718
298.63217
298.63217
298.63217
298.63217
298.63217
298.63217
298.63217
298.63217
298.63217
298.63217
298.63217
298.63217
298.63217
298.63217
298.63217
298.63217
298.63217
298.63217
298.63217
298.63217
298.63217
298.63217
298.63217
298.63217
298.63217
298.63217
298.63217
298.63217
298.63217
298.63217
298.63217
298.63217
298.63217
298.63217
298.63217
298.63217
298.62709
298.62709
298.62709
298.62709
298.62709
298.62709
298.62709
298.62709
298.62709
298.62709
298.62709
298.62709
298.62709
298.62709
298.62709
298.62709
298.62709
298.62709
298.62709
298.62709
298.62709
298.62709
298.62709
298.62709
298.62709
298.62709
298.62709
298.62709
298.62709
298.62709
298.62709
298.62709
298.62709
298.62709
298.62709
298.62709
298.62195
298.62195
298.62195
298.62195
298.62195
298.62195
298.62195
298.62195
298.62195
298.62195
298.62195
298.62195
298.62195
298.62195
298.62195
298.62195
298.62195
298.62195
298.62195
298.62195
298.62195
298.62195
298.62195
298.62195
298.62195
298.62195
298.62195
298.62195
298.62195
298.62195
298.62195
298.62195
298.62195
298.62195
298.62195
298.62195
298.61673
298.61673
298.61673
298.61673
298.61673
298.61673
298.61673
298.61673
298.61673
298.61673
298.61673
298.61673
298.61673
298.61673
298.61673
298.61673
298.61673
298.61673
298.61673
298.61673
298.61673
298.61673
298.61673
298.61673
298.61673
298.61673
298.61673
298.61673
298.61673
298.61673
298.61673
298.61673
298.61673
298.61673
298.61673
298.61673
298.61142
298.61142
298.61142
298.61142
298.61142
298.61142
298.61142
298.61142
298.61142
298.61142
298.61142
298.61142
298.61142
298.61142
298.61142
298.61142
298.61142
298.61142
298.61142
298.61142
298.61142
298.61142
298.61142
298.61142
298.61142
298.61142
298.61142
298.61142
298.61142
298.61142
298.61142
298.61142
298.61142
298.61142
298.61142
298.61142
298.606
298.606
298.606
298.606
298.606
298.606
298.606
298.606
298.606
298.606
298.606
298.606
298.606
298.606
298.606
298.606
298.606
298.606
298.606
298.606
298.606
298.606
298.606
298.606
298.606
298.606
298.606
298.606
298.606
298.606
298.606
298.606
298.606
298.606
298.606
298.606
298.60043
298.60043
298.60043
298.60043
298.60043
298.60043
298.60043
298.60043
298.60043
298.60043
298.60043
298.60043
298.60043
298.60043
298.60043
298.60043
298.60043
298.60043
298.60043
298.60043
298.60043
298.60043
298.60043
298.60043
298.60043
298.60043
298.60043
298.60043
298.60043
298.60043
298.60043
298.60043
298.60043
298.60043
298.60043
298.60043
298.59465
298.59465
298.59465
298.59465
298.59465
298.59465
298.59465
298.59465
298.59465
298.59465
298.59465
298.59465
298.59465
298.59465
298.59465
298.59465
298.59465
298.59465
298.59465
298.59465
298.59465
298.59465
298.59465
298.59465
298.59465
298.59465
298.59465
298.59465
298.59465
298.59465
298.59465
298.59465
298.59465
298.59465
298.59465
298.59465
298.58857
298.58857
298.58857
298.58857
298.58857
298.58857
298.58857
298.58857
298.58857
298.58857
298.58857
298.58857
298.58857
298.58857
298.58857
298.58857
298.58857
298.58857
298.58857
298.58857
298.58857
298.58857
298.58857
298.58857
298.58857
298.58857
298.58857
298.58857
298.58857
298.58857
298.58857
298.58857
298.58857
298.58857
298.58857
298.58857
298.58217
298.58217
298.58216
298.58217
298.58217
298.58217
298.58216
298.58217
298.58217
298.58217
298.58217
298.58216
298.58217
298.58217
298.58217
298.58216
298.58217
298.58217
298.58217
298.58217
298.58216
298.58217
298.58217
298.58217
298.58216
298.58217
298.58217
298.58217
298.58217
298.58216
298.58217
298.58217
298.58217
298.58216
298.58217
298.58217
300.02496
300.02496
300.02496
300.02496
300.02496
300.02496
300.02496
300.02496
300.02496
300.02496
300.02496
300.02496
300.02496
300.02496
300.02496
300.02496
300.02496
300.02496
300.02496
300.02496
300.02496
300.02496
300.02496
300.02496
300.02496
300.02496
300.02496
300.02496
300.02496
300.02496
300.02496
300.02496
300.02496
300.02496
300.02496
300.02496
300.02652
300.02652
300.02652
300.02652
300.02652
300.02652
300.02652
300.02652
300.02652
300.02652
300.02652
300.02652
300.02652
300.02652
300.02652
300.02652
300.02652
300.02652
300.02652
300.02652
300.02652
300.02652
300.02652
300.02652
300.02652
300.02652
300.02652
300.02652
300.02652
300.02652
300.02652
300.02652
300.02652
300.02652
300.02652
300.02652
300.02749
300.02749
300.02749
300.02749
300.02749
300.02749
300.02749
300.02749
300.02749
300.02749
300.02749
300.02749
300.02749
300.02749
300.02749
300.02749
300.02749
300.02749
300.02749
300.02749
300.02749
300.02749
300.02749
300.02749
300.02749
300.02749
300.02749
300.02749
300.02749
300.02749
300.02749
300.02749
300.02749
300.02749
300.02749
300.02749
300.02779
300.02779
300.02779
300.02779
300.02779
300.02779
300.02779
300.02779
300.02779
300.02779
300.02779
300.02779
300.02779
300.02779
300.02779
300.02779
300.02779
300.02779
300.02779
300.02779
300.02779
300.02779
300.02779
300.02779
300.02779
300.02779
300.02779
300.02779
300.02779
300.02779
300.02779
300.02779
300.02779
300.02779
300.02779
300.02779
300.02742
300.02742
300.02742
300.02742
300.02742
300.02742
300.02742
300.02742
300.02742
300.02742
300.02742
300.02742
300.02742
300.02742
300.02742
300.02742
300.02742
300.02742
300.02742
300.02742
300.02742
300.02742
300.02742
300.02742
300.02742
300.02742
300.02742
300.02742
300.02742
300.02742
300.02742
300.02742
300.02742
300.02742
300.02742
300.02742
300.02641
300.02641
300.02641
300.02641
300.02641
300.02641
300.02641
300.02641
300.02641
300.02641
300.02641
300.02641
300.02641
300.02641
300.02641
300.02641
300.02641
300.02641
300.02641
300.02641
300.02641
300.02641
300.02641
300.02641
300.02641
300.02641
300.02641
300.02641
300.02641
300.02641
300.02641
300.02641
300.02641
300.02641
300.02641
300.02641
300.02479
300.02479
300.02479
300.02479
300.02479
300.02479
300.02479
300.02479
300.02479
300.02479
300.02479
300.02479
300.02479
300.02479
300.02479
300.02479
300.02479
300.02479
300.02479
300.02479
300.02479
300.02479
300.02479
300.02479
300.02479
300.02479
300.02479
300.02479
300.02479
300.02479
300.02479
300.02479
300.02479
300.02479
300.02479
300.02479
300.02254
300.02254
300.02254
300.02254
300.02254
300.02254
300.02254
300.02254
300.02254
300.02254
300.02254
300.02254
300.02254
300.02254
300.02254
300.02254
300.02254
300.02254
300.02254
300.02254
300.02254
300.02254
300.02254
300.02254
300.02254
300.02254
300.02254
300.02254
300.02254
300.02254
300.02254
300.02254
300.02254
300.02254
300.02254
300.02254
300.01958
300.01958
300.01958
300.01958
300.01958
300.01958
300.01958
300.01958
300.01958
300.01958
300.01958
300.01958
300.01958
300.01958
300.01958
300.01958
300.01958
300.01958
300.01958
300.01958
300.01958
300.01958
300.01958
300.01958
300.01958
300.01958
300.01958
300.01958
300.01958
300.01958
300.01958
300.01958
300.01958
300.01958
300.01958
300.01958
300.01644
300.01644
300.01644
300.01644
300.01644
300.01644
300.01644
300.01644
300.01644
300.01644
300.01644
300.01644
300.01644
300.01644
300.01644
300.01644
300.01644
300.01644
300.01644
300.01644
300.01644
300.01644
300.01644
300.01644
300.01644
300.01644
300.01644
300.01644
300.01644
300.01644
300.01644
300.01644
300.01644
300.01644
300.01644
300.01644
300.01304
300.01304
300.01304
300.01304
300.01304
300.01304
300.01304
300.01304
300.01304
300.01304
300.01304
300.01304
300.01304
300.01304
300.01304
300.01304
300.01304
300.01304
300.01304
300.01304
300.01304
300.01304
300.01304
300.01304
300.01304
300.01304
300.01304
300.01304
300.01304
300.01304
300.01304
300.01304
300.01304
300.01304
300.01304
300.01304
300.00931
300.00931
300.00931
300.00931
300.00931
300.00931
300.00931
300.00931
300.00931
300.00931
300.00931
300.00931
300.00931
300.00931
300.00931
300.00931
300.00931
300.00931
300.00931
300.00931
300.00931
300.00931
300.00931
300.00931
300.00931
300.00931
300.00931
300.00931
300.00931
300.00931
300.00931
300.00931
300.00931
300.00931
300.00931
300.00931
300.00525
300.00525
300.00525
300.00525
300.00525
300.00525
300.00525
300.00525
300.00525
300.00525
300.00525
300.00525
300.00525
300.00525
300.00525
300.00525
300.00525
300.00525
300.00525
300.00525
300.00525
300.00525
300.00525
300.00525
300.00525
300.00525
300.00525
300.00525
300.00525
300.00525
300.00525
300.00525
300.00525
300.00525
300.00525
300.00525
300.00083
300.00083
300.00083
300.00083
300.00083
300.00083
300.00083
300.00083
300.00083
300.00083
300.00083
300.00083
300.00083
300.00083
300.00083
300.00083
300.00083
300.00083
300.00083
300.00083
300.00083
300.00083
300.00083
300.00083
300.00083
300.00083
300.00083
300.00083
300.00083
300.00083
300.00083
300.00083
300.00083
300.00083
300.00083
300.00083
299.99601
299.99601
299.99601
299.99601
299.99601
299.99601
299.99601
299.99601
299.99601
299.99601
299.99601
299.99601
299.99601
299.99601
299.99601
299.99601
299.99601
299.99601
299.99601
299.99601
299.99601
299.99601
299.99601
299.99601
299.99601
299.99601
299.99601
299.99601
299.99601
299.99601
299.99601
299.99601
299.99601
299.99601
299.99601
299.99601
299.99076
299.99076
299.99076
299.99076
299.99076
299.99076
299.99076
299.99076
299.99076
299.99076
299.99076
299.99076
299.99076
299.99076
299.99076
299.99076
299.99076
299.99076
299.99076
299.99076
299.99076
299.99076
299.99076
299.99076
299.99076
299.99076
299.99076
299.99076
299.99076
299.99076
299.99076
299.99076
299.99076
299.99076
299.99076
299.99076
299.98534
299.98534
299.98534
299.98534
299.98534
299.98534
299.98534
299.98534
299.98534
299.98534
299.98534
299.98534
299.98534
299.98534
299.98534
299.98534
299.98534
299.98534
299.98534
299.98534
299.98534
299.98534
299.98534
299.98534
299.98534
299.98534
299.98534
299.98534
299.98534
299.98534
299.98534
299.98534
299.98534
299.98534
299.98534
299.98534
299.97969
299.97969
299.97969
299.97969
299.97969
299.97969
299.97969
299.97969
299.97969
299.97969
299.97969
299.97969
299.97969
299.97969
299.97969
299.97969
299.97969
299.97969
299.97969
299.97969
299.97969
299.97969
299.97969
299.97969
299.97969
299.97969
299.97969
299.97969
299.97969
299.97969
299.97969
299.97969
299.97969
299.97969
299.97969
299.97969
299.97378
299.97378
299.97378
299.97378
299.97378
299.97378
299.97378
299.97378
299.97378
299.97378
299.97378
299.97378
299.97378
299.97378
299.97378
299.97378
299.97378
299.97378
299.97378
299.97378
299.97378
299.97378
299.97378
299.97378
299.97378
299.97378
299.97378
299.97378
299.97378
299.97378
299.97378
299.97378
299.97378
299.97378
299.97378
299.97378
299.96759
299.96759
299.96759
299.96759
299.96759
299.96759
299.96759
299.96759
299.96759
299.96759
299.96759
299.96759
299.96759
299.96759
299.96759
299.96759
299.96759
299.96759
299.96759
299.96759
299.96759
299.96759
299.96759
299.96759
299.96759
299.96759
299.96759
299.96759
299.96759
299.96759
299.96759
299.96759
299.96759
299.96759
299.96759
299.96759
299.96111
299.96111
299.96111
299.96111
299.96111
299.96111
299.96111
299.96111
299.96111
299.96111
299.96111
299.96111
299.96111
299.96111
299.96111
299.96111
299.96111
299.96111
299.96111
299.96111
299.96111
299.96111
299.96111
299.96111
299.96111
299.96111
299.96111
299.96111
299.96111
299.96111
299.96111
299.96111
299.96111
299.96111
299.96111
299.96111
299.95433
299.95433
299.95433
299.95433
299.95433
299.95433
299.95433
299.95433
299.95433
299.95433
299.95433
299.95433
299.95433
299.95433
299.95433
299.95433
299.95433
299.95433
299.95433
299.95433
299.95433
299.95433
299.95433
299.95433
299.95433
299.95433
299.95433
299.95433
299.95433
299.95433
299.95433
299.95433
299.95433
299.95433
299.95433
299.95433
299.94721
299.94721
299.94721
299.94721
299.94721
299.94721
299.94721
299.94721
299.94721
299.94721
299.94721
299.94721
299.94721
299.94721
299.94721
299.94721
299.94721
299.94721
299.94721
299.94721
299.94721
299.94721
299.94721
299.94721
299.94721
299.94721
299.94721
299.94721
299.94721
299.94721
299.94721
299.94721
299.94721
299.94721
299.94721
299.94721
299.93974
299.93974
299.93973
299.93974
299.93974
299.93974
299.93973
299.93974
299.93974
299.93974
299.93974
299.93973
299.93974
299.93974
299.93974
299.93973
299.93974
299.93974
299.93974
299.93974
299.93973
299.93974
299.93974
299.93974
299.93973
299.93974
299.93974
299.93974
299.93974
299.93973
299.93974
299.93974
299.93974
299.93973
299.93974
299.93974
299.93208
299.93208
299.93208
299.93208
299.93208
299.93208
299.93208
299.93208
299.93208
299.93208
299.93208
299.93208
299.93208
299.93208
299.93208
299.93208
299.93208
299.93208
299.93208
299.93208
299.93208
299.93208
299.93208
299.93208
299.93208
299.93208
299.93208
299.93208
299.93208
299.93208
299.93208
299.93208
299.93208
299.93208
299.93208
299.93208
299.92421
299.92421
299.92421
299.92421
299.92421
299.92421
299.92421
299.92421
299.92421
299.92421
299.92421
299.92421
299.92421
299.92421
299.92421
299.92421
299.92421
299.92421
299.92421
299.92421
299.92421
299.92421
299.92421
299.92421
299.92421
299.92421
299.92421
299.92421
299.92421
299.92421
299.92421
299.92421
299.92421
299.92421
299.92421
299.92421
299.91611
299.9161
299.9161
299.9161
299.9161
299.9161
299.9161
299.9161
299.91611
299.91611
299.9161
299.9161
299.9161
299.9161
299.9161
299.9161
299.9161
299.91611
299.91611
299.9161
299.9161
299.9161
299.9161
299.9161
299.9161
299.9161
299.91611
299.91611
299.9161
299.9161
299.9161
299.9161
299.9161
299.9161
299.9161
299.91611
299.90774
299.90774
299.90774
299.90774
299.90774
299.90774
299.90774
299.90774
299.90774
299.90774
299.90774
299.90774
299.90774
299.90774
299.90774
299.90774
299.90774
299.90774
299.90774
299.90774
299.90774
299.90774
299.90774
299.90774
299.90774
299.90774
299.90774
299.90774
299.90774
299.90774
299.90774
299.90774
299.90774
299.90774
299.90774
299.90774
299.89912
299.89912
299.89912
299.89912
299.89912
299.89912
299.89912
299.89912
299.89912
299.89912
299.89912
299.89912
299.89912
299.89912
299.89912
299.89912
299.89912
299.89912
299.89912
299.89912
299.89912
299.89912
299.89912
299.89912
299.89912
299.89912
299.89912
299.89912
299.89912
299.89912
299.89912
299.89912
299.89912
299.89912
299.89912
299.89912
299.89022
299.89022
299.89022
299.89022
299.89022
299.89022
299.89022
299.89022
299.89022
299.89022
299.89022
299.89022
299.89022
299.89022
299.89022
299.89022
299.89022
299.89022
299.89022
299.89022
299.89022
299.89022
299.89022
299.89022
299.89022
299.89022
299.89022
299.89022
299.89022
299.89022
299.89022
299.89022
299.89022
299.89022
299.89022
299.89022
299.88104
299.88104
299.88104
299.88104
299.88104
299.88104
299.88104
299.88104
299.88104
299.88104
299.88104
299.88104
299.88104
299.88104
299.88104
299.88104
299.88104
299.88104
299.88104
299.88104
299.88104
299.88104
299.88104
299.88104
299.88104
299.88104
299.88104
299.88104
299.88104
299.88104
299.88104
299.88104
299.88104
299.88104
299.88104
299.88104
299.87156
299.87156
299.87156
299.87156
299.87156
299.87156
299.87156
299.87156
299.87156
299.87156
299.87156
299.87156
299.87156
299.87156
299.87156
299.87156
299.87156
299.87156
299.87156
299.87156
299.87156
299.87156
299.87156
299.87156
299.87156
299.87156
299.87156
299.87156
299.87156
299.87156
299.87156
299.87156
299.87156
299.87156
299.87156
299.87156
299.86177
299.86177
299.86177
299.86177
299.86177
299.86177
299.86177
299.86177
299.86177
299.86177
299.86177
299.86177
299.86177
299.86177
299.86177
299.86177
299.86177
299.86177
299.86177
299.86177
299.86177
299.86177
299.86177
299.86177
299.86177
299.86177
299.86177
299.86177
299.86177
299.86177
299.86177
299.86177
299.86177
299.86177
299.86177
299.86177
299.85164
299.85164
299.85164
299.85164
299.85164
299.85164
299.85164
299.85164
299.85164
299.85164
299.85164
299.85164
299.85164
299.85164
299.85164
299.85164
299.85164
299.85164
299.85164
299.85164
299.85164
299.85164
299.85164
299.85164
299.85164
299.85164
299.85164
299.85164
299.85164
299.85164
299.85164
299.85164
299.85164
299.85164
299.85164
299.85164
299.84112
299.84112
299.84112
299.84112
299.84112
299.84112
299.84112
299.84112
299.84112
299.84112
299.84112
299.84112
299.84112
299.84112
299.84112
299.84112
299.84112
299.84112
299.84112
299.84112
299.84112
299.84112
299.84112
299.84112
299.84112
299.84112
299.84112
299.84112
299.84112
299.84112
299.84112
299.84112
299.84112
299.84112
299.84112
299.84112
299.83054
299.83054
299.83054
299.83054
299.83054
299.83054
299.83054
299.83054
299.83054
299.83054
299.83054
299.83054
299.83054
299.83054
299.83054
299.83054
299.83054
299.83054
299.83054
299.83054
299.83054
299.83054
299.83054
299.83054
299.83054
299.83054
299.83054
299.83054
299.83054
299.83054
299.83054
299.83054
299.83054
299.83054
299.83054
299.83054
299.81985
299.81985
299.81985
299.81985
299.81985
299.81985
299.81985
299.81985
299.81985
299.81985
299.81985
299.81985
299.81985
299.81985
299.81985
299.81985
299.81985
299.81985
299.81985
299.81985
299.81985
299.81985
299.81985
299.81985
299.81985
299.81985
299.81985
299.81985
299.81985
299.81985
299.81985
299.81985
299.81985
299.81985
299.81985
299.81985
299.80902
299.80902
299.80902
299.80902
299.80902
299.80902
299.80902
299.80902
299.80902
299.80902
299.80902
299.80902
299.80902
299.80902
299.80902
299.80902
299.80902
299.80902
299.80902
299.80902
299.80902
299.80902
299.80902
299.80902
299.80902
299.80902
299.80902
299.80902
299.80902
299.80902
299.80902
299.80902
299.80902
299.80902
299.80902
299.80902
299.79802
299.79802
299.79802
299.79802
299.79802
299.79802
299.79802
299.79802
299.79802
299.79802
299.79802
299.79802
299.79802
299.79802
299.79802
299.79802
299.79802
299.79802
299.79802
299.79802
299.79802
299.79802
299.79802
299.79802
299.79802
299.79802
299.79802
299.79802
299.79802
299.79802
299.79802
299.79802
299.79802
299.79802
299.79802
299.79802
299.78683
299.78683
299.78683
299.78683
299.78683
299.78683
299.78683
299.78683
299.78683
299.78683
299.78683
299.78683
299.78683
299.78683
299.78683
299.78683
299.78683
299.78683
299.78683
299.78683
299.78683
299.78683
299.78683
299.78683
299.78683
299.78683
299.78683
299.78683
299.78683
299.78683
299.78683
299.78683
299.78683
299.78683
299.78683
299.78683
299.77546
299.77546
299.77546
299.77546
299.77546
299.77546
299.77546
299.77546
299.77546
299.77546
299.77546
299.77546
299.77546
299.77546
299.77546
299.77546
299.77546
299.77546
299.77546
299.77546
299.77546
299.77546
299.77546
299.77546
299.77546
299.77546
299.77546
299.77546
299.77546
299.77546
299.77546
299.77546
299.77546
299.77546
299.77546
299.77546
299.76389
299.76389
299.76389
299.76389
299.76389
299.76389
299.76389
299.76389
299.76389
299.76389
299.76389
299.76389
299.76389
299.76389
299.76389
299.76389
299.76389
299.76389
299.76389
299.76389
299.76389
299.76389
299.76389
299.76389
299.76389
299.76389
299.76389
299.76389
299.76389
299.76389
299.76389
299.76389
299.76389
299.76389
299.76389
299.76389
299.75211
299.75211
299.75211
299.75211
299.75211
299.75211
299.75211
299.75211
299.75211
299.75211
299.75211
299.75211
299.75211
299.75211
299.75211
299.75211
299.75211
299.75211
299.75211
299.75211
299.75211
299.75211
299.75211
299.75211
299.75211
299.75211
299.75211
299.75211
299.75211
299.75211
299.75211
299.75211
299.75211
299.75211
299.75211
299.75211
299.74012
299.74012
299.74012
299.74012
299.74012
299.74012
299.74012
299.74012
299.74012
299.74012
299.74012
299.74012
299.74012
299.74012
299.74012
299.74012
299.74012
299.74012
299.74012
299.74012
299.74012
299.74012
299.74012
299.74012
299.74012
299.74012
299.74012
299.74012
299.74012
299.74012
299.74012
299.74012
299.74012
299.74012
299.74012
299.74012
299.72791
299.72791
299.72791
299.72791
299.72791
299.72791
299.72791
299.72791
299.72791
299.72791
299.72791
299.72791
299.72791
299.72791
299.72791
299.72791
299.72791
299.72791
299.72791
299.72791
299.72791
299.72791
299.72791
299.72791
299.72791
299.72791
299.72791
299.72791
299.72791
299.72791
299.72791
299.72791
299.72791
299.72791
299.72791
299.72791
299.71548
299.71548
299.71548
299.71548
299.71548
299.71548
299.71548
299.71548
299.71548
299.71548
299.71548
299.71548
299.71548
299.71548
299.71548
299.71548
299.71548
299.71548
299.71548
299.71548
299.71548
299.71548
299.71548
299.71548
299.71548
299.71548
299.71548
299.71548
299.71548
299.71548
299.71548
299.71548
299.71548
299.71548
299.71548
299.71548
299.70281
299.70281
299.70281
299.70281
299.70281
299.70281
299.70281
299.70281
299.70281
299.70281
299.70281
299.70281
299.70281
299.70281
299.70281
299.70281
299.70281
299.70281
299.70281
299.70281
299.70281
299.70281
299.70281
299.70281
299.70281
299.70281
299.70281
299.70281
299.70281
299.70281
299.70281
299.70281
299.70281
299.70281
299.70281
299.70281
299.68988
299.68988
299.68988
299.68988
299.68988
299.68988
299.68988
299.68988
299.68988
299.68988
299.68988
299.68988
299.68988
299.68988
299.68988
299.68988
299.68988
299.68988
299.68988
299.68988
299.68988
299.68988
299.68988
299.68988
299.68988
299.68988
299.68988
299.68988
299.68988
299.68988
299.68988
299.68988
299.68988
299.68988
299.68988
299.68988
299.67668
299.67668
299.67668
299.67668
299.67668
299.67668
299.67668
299.67668
299.67668
299.67668
299.67668
299.67668
299.67668
299.67668
299.67668
299.67668
299.67668
299.67668
299.67668
299.67668
299.67668
299.67668
299.67668
299.67668
299.67668
299.67668
299.67668
299.67668
299.67668
299.67668
299.67668
299.67668
299.67668
299.67668
299.67668
299.67668
299.66317
299.66317
299.66317
299.66317
299.66317
299.66317
299.66317
299.66317
299.66317
299.66317
299.66317
299.66317
299.66317
299.66317
299.66317
299.66317
299.66317
299.66317
299.66317
299.66317
299.66317
299.66317
299.66317
299.66317
299.66317
299.66317
299.66317
299.66317
299.66317
299.66317
299.66317
299.66317
299.66317
299.66317
299.66317
299.66317
299.64967
299.64967
299.64967
299.64967
299.64967
299.64967
299.64967
299.64967
299.64967
299.64967
299.64967
299.64967
299.64967
299.64967
299.64967
299.64967
299.64967
299.64967
299.64967
299.64967
299.64967
299.64967
299.64967
299.64967
299.64967
299.64967
299.64967
299.64967
299.64967
299.64967
299.64967
299.64967
299.64967
299.64967
299.64967
299.64967
299.63615
299.63614
299.63614
299.63614
299.63614
299.63614
299.63614
299.63614
299.63615
299.63615
299.63614
299.63614
299.63614
299.63614
299.63614
299.63614
299.63614
299.63615
299.63615
299.63614
299.63614
299.63614
299.63614
299.63614
299.63614
299.63614
299.63615
299.63615
299.63614
299.63614
299.63614
299.63614
299.63614
299.63614
299.63614
299.63615
299.62255
299.62255
299.62255
299.62255
299.62255
299.62255
299.62255
299.62255
299.62255
299.62255
299.62255
299.62255
299.62255
299.62255
299.62255
299.62255
299.62255
299.62255
299.62255
299.62255
299.62255
299.62255
299.62255
299.62255
299.62255
299.62255
299.62255
299.62255
299.62255
299.62255
299.62255
299.62255
299.62255
299.62255
299.62255
299.62255
299.60888
299.60888
299.60888
299.60888
299.60888
299.60888
299.60888
299.60888
299.60888
299.60888
299.60888
299.60888
299.60888
299.60888
299.60888
299.60888
299.60888
299.60888
299.60888
299.60888
299.60888
299.60888
299.60888
299.60888
299.60888
299.60888
299.60888
299.60888
299.60888
299.60888
299.60888
299.60888
299.60888
299.60888
299.60888
299.60888
299.5951
299.5951
299.5951
299.5951
299.5951
299.5951
299.5951
299.5951
299.5951
299.5951
299.5951
299.5951
299.5951
299.5951
299.5951
299.5951
299.5951
299.5951
299.5951
299.5951
299.5951
299.5951
299.5951
299.5951
299.5951
299.5951
299.5951
299.5951
299.5951
299.5951
299.5951
299.5951
299.5951
299.5951
299.5951
299.5951
299.58122
299.58122
299.58122
299.58122
299.58122
299.58122
299.58122
299.58122
299.58122
299.58122
299.58122
299.58122
299.58122
299.58122
299.58122
299.58122
299.58122
299.58122
299.58122
299.58122
299.58122
299.58122
299.58122
299.58122
299.58122
299.58122
299.58122
299.58122
299.58122
299.58122
299.58122
299.58122
299.58122
299.58122
299.58122
299.58122
299.56721
299.56721
299.56721
299.56721
299.56721
299.56721
299.56721
299.56721
299.56721
299.56721
299.56721
299.56721
299.56721
299.56721
299.56721
299.56721
299.56721
299.56721
299.56721
299.56721
299.56721
299.56721
299.56721
299.56721
299.56721
299.56721
299.56721
299.56721
299.56721
299.56721
299.56721
299.56721
299.56721
299.56721
299.56721
299.56721
299.55307
299.55307
299.55307
299.55307
299.55307
299.55307
299.55307
299.55307
299.55307
299.55307
299.55307
299.55307
299.55307
299.55307
299.55307
299.55307
299.55307
299.55307
299.55307
299.55307
299.55307
299.55307
299.55307
299.55307
299.55307
299.55307
299.55307
299.55307
299.55307
299.55307
299.55307
299.55307
299.55307
299.55307
299.55307
299.55307
299.5388
299.5388
299.5388
299.5388
299.5388
299.5388
299.5388
299.5388
299.5388
299.5388
299.5388
299.5388
299.5388
299.5388
299.5388
299.5388
299.5388
299.5388
299.5388
299.5388
299.5388
299.5388
299.5388
299.5388
299.5388
299.5388
299.5388
299.5388
299.5388
299.5388
299.5388
299.5388
299.5388
299.5388
299.5388
299.5388
299.52438
299.52438
299.52438
299.52438
299.52438
299.52438
299.52438
299.52438
299.52438
299.52438
299.52438
299.52438
299.52438
299.52438
299.52438
299.52438
299.52438
299.52438
299.52438
299.52438
299.52438
299.52438
299.52438
299.52438
299.52438
299.52438
299.52438
299.52438
299.52438
299.52438
299.52438
299.52438
299.52438
299.52438
299.52438
299.52438
299.50981
299.50981
299.50981
299.50981
299.50981
299.50981
299.50981
299.50981
299.50981
299.50981
299.50981
299.50981
299.50981
299.50981
299.50981
299.50981
299.50981
299.50981
299.50981
299.50981
299.50981
299.50981
299.50981
299.50981
299.50981
299.50981
299.50981
299.50981
299.50981
299.50981
299.50981
299.50981
299.50981
299.50981
299.50981
299.50981
299.49507
299.49507
299.49507
299.49507
299.49507
299.49507
299.49507
299.49507
299.49507
299.49507
299.49507
299.49507
299.49507
299.49507
299.49507
299.49507
299.49507
299.49507
299.49507
299.49507
299.49507
299.49507
299.49507
299.49507
299.49507
299.49507
299.49507
299.49507
299.49507
299.49507
299.49507
299.49507
299.49507
299.49507
299.49507
299.49507
299.48016
299.48016
299.48016
299.48016
299.48016
299.48016
299.48016
299.48016
299.48016
299.48016
299.48016
299.48016
299.48016
299.48016
299.48016
299.48016
299.48016
299.48016
299.48016
299.48016
299.48016
299.48016
299.48016
299.48016
299.48016
299.48016
299.48016
299.48016
299.48016
299.48016
299.48016
299.48016
299.48016
299.48016
299.48016
299.48016
299.46507
299.46507
299.46507
299.46507
299.46507
299.46507
299.46507
299.46507
299.46507
299.46507
299.46507
299.46507
299.46507
299.46507
299.46507
299.46507
299.46507
299.46507
299.46507
299.46507
299.46507
299.46507
299.46507
299.46507
299.46507
299.46507
299.46507
299.46507
299.46507
299.46507
299.46507
299.46507
299.46507
299.46507
299.46507
299.46507
299.44978
299.44978
299.44978
299.44978
299.44978
299.44978
299.44978
299.44978
299.44978
299.44978
299.44978
299.44978
299.44978
299.44978
299.44978
299.44978
299.44978
299.44978
299.44978
299.44978
299.44978
299.44978
299.44978
299.44978
299.44978
299.44978
299.44978
299.44978
299.44978
299.44978
299.44978
299.44978
299.44978
299.44978
299.44978
299.44978
299.43427
299.43427
299.43427
299.43427
299.43427
299.43427
299.43427
299.43427
299.43427
299.43427
299.43427
299.43427
299.43427
299.43427
299.43427
299.43427
299.43427
299.43427
299.43427
299.43427
299.43427
299.43427
299.43427
299.43427
299.43427
299.43427
299.43427
299.43427
299.43427
299.43427
299.43427
299.43427
299.43427
299.43427
299.43427
299.43427
299.41852
299.41852
299.41852
299.41852
299.41852
299.41852
299.41852
299.41852
299.41852
299.41852
299.41852
299.41852
299.41852
299.41852
299.41852
299.41852
299.41852
299.41852
299.41852
299.41852
299.41852
299.41852
299.41852
299.41852
299.41852
299.41852
299.41852
299.41852
299.41852
299.41852
299.41852
299.41852
299.41852
299.41852
299.41852
299.41852
299.40252
299.40252
299.40252
299.40252
299.40252
299.40252
299.40252
299.40252
299.40252
299.40252
299.40252
299.40252
299.40252
299.40252
299.40252
299.40252
299.40252
299.40252
299.40252
299.40252
299.40252
299.40252
299.40252
299.40252
299.40252
299.40252
299.40252
299.40252
299.40252
299.40252
299.40252
299.40252
299.40252
299.40252
299.40252
299.40252
299.38626
299.38626
299.38626
299.38626
299.38626
299.38626
299.38626
299.38626
299.38626
299.38626
299.38626
299.38626
299.38626
299.38626
299.38626
299.38626
299.38626
299.38626
299.38626
299.38626
299.38626
299.38626
299.38626
299.38626
299.38626
299.38626
299.38626
299.38626
299.38626
299.38626
299.38626
299.38626
299.38626
299.38626
299.38626
299.38626
299.36974
299.36974
299.36974
299.36974
299.36974
299.36974
299.36974
299.36974
299.36974
299.36974
299.36974
299.36974
299.36974
299.36974
299.36974
299.36974
299.36974
299.36974
299.36974
299.36974
299.36974
299.36974
299.36974
299.36974
299.36974
299.36974
299.36974
299.36974
299.36974
299.36974
299.36974
299.36974
299.36974
299.36974
299.36974
299.36974
301.48424
301.48424
301.48424
301.48424
301.48424
301.48424
301.48424
301.48424
301.48424
301.48424
301.48424
301.48424
301.48424
301.48424
301.48424
301.48424
301.48424
301.48424
301.48424
301.48424
301.48424
301.48424
301.48424
301.48424
301.48424
301.48424
301.48424
301.48424
301.48424
301.48424
301.48424
301.48424
301.48424
301.48424
301.48424
301.48424
301.48757
301.48757
301.48757
301.48757
301.48757
301.48757
301.48757
301.48757
301.48757
301.48757
301.48757
301.48757
301.48757
301.48757
301.48757
301.48757
301.48757
301.48757
301.48757
301.48757
301.48757
301.48757
301.48757
301.48757
301.48757
301.48757
301.48757
301.48757
301.48757
301.48757
301.48757
301.48757
301.48757
301.48757
301.48757
301.48757
301.48944
301.48944
301.48944
301.48944
301.48944
301.48944
301.48944
301.48944
301.48944
301.48944
301.48944
301.48944
301.48944
301.48944
301.48944
301.48944
301.48944
301.48944
301.48944
301.48944
301.48944
301.48944
301.48944
301.48944
301.48944
301.48944
301.48944
301.48944
301.48944
301.48944
301.48944
301.48944
301.48944
301.48944
301.48944
301.48944
301.49
301.49
301.49
301.49
301.49
301.49
301.49
301.49
301.49
301.49
301.49
301.49
301.49
301.49
301.49
301.49
301.49
301.49
301.49
301.49
301.49
301.49
301.49
301.49
301.49
301.49
301.49
301.49
301.49
301.49
301.49
301.49
301.49
301.49
301.49
301.49
301.48933
301.48933
301.48933
301.48933
301.48933
301.48933
301.48933
301.48933
301.48933
301.48933
301.48933
301.48933
301.48933
301.48933
301.48933
301.48933
301.48933
301.48933
301.48933
301.48933
301.48933
301.48933
301.48933
301.48933
301.48933
301.48933
301.48933
301.48933
301.48933
301.48933
301.48933
301.48933
301.48933
301.48933
301.48933
301.48933
301.48751
301.48751
301.48751
301.48751
301.48751
301.48751
301.48751
301.48751
301.48751
301.48751
301.48751
301.48751
301.48751
301.48751
301.48751
301.48751
301.48751
301.48751
301.48751
301.48751
301.48751
301.48751
301.48751
301.48751
301.48751
301.48751
301.48751
301.48751
301.48751
301.48751
301.48751
301.48751
301.48751
301.48751
301.48751
301.48751
301.48458
301.48458
301.48458
301.48458
301.48458
301.48458
301.48458
301.48458
301.48458
301.48458
301.48458
301.48458
301.48458
301.48458
301.48458
301.48458
301.48458
301.48458
301.48458
301.48458
301.48458
301.48458
301.48458
301.48458
301.48458
301.48458
301.48458
301.48458
301.48458
301.48458
301.48458
301.48458
301.48458
301.48458
301.48458
301.48458
301.48055
301.48055
301.48055
301.48055
301.48055
301.48055
301.48055
301.48055
301.48055
301.48055
301.48055
301.48055
301.48055
301.48055
301.48055
301.48055
301.48055
301.48055
301.48055
301.48055
301.48055
301.48055
301.48055
301.48055
301.48055
301.48055
301.48055
301.48055
301.48055
301.48055
301.48055
301.48055
301.48055
301.48055
301.48055
301.48055
301.47539
301.47539
301.47539
301.47539
301.47539
301.47539
301.47539
301.47539
301.47539
301.47539
301.47539
301.47539
301.47539
301.47539
301.47539
301.47539
301.47539
301.47539
301.47539
301.47539
301.47539
301.47539
301.47539
301.47539
301.47539
301.47539
301.47539
301.47539
301.47539
301.47539
301.47539
301.47539
301.47539
301.47539
301.47539
301.47539
301.46975
301.46975
301.46975
301.46975
301.46975
301.46975
301.46975
301.46975
301.46975
301.46975
301.46975
301.46975
301.46975
301.46975
301.46975
301.46975
301.46975
301.46975
301.46975
301.46975
301.46975
301.46975
301.46975
301.46975
301.46975
301.46975
301.46975
301.46975
301.46975
301.46975
301.46975
301.46975
301.46975
301.46975
301.46975
301.46975
301.46356
301.46356
301.46356
301.46356
301.46356
301.46356
301.46356
301.46356
301.46356
301.46356
301.46356
301.46356
301.46356
301.46356
301.46356
301.46356
301.46356
301.46356
301.46356
301.46356
301.46356
301.46356
301.46356
301.46356
301.46356
301.46356
301.46356
301.46356
301.46356
301.46356
301.46356
301.46356
301.46356
301.46356
301.46356
301.46356
301.45679
301.45679
301.45679
301.45679
301.45679
301.45679
301.45679
301.45679
301.45679
301.45679
301.45679
301.45679
301.45679
301.45679
301.45679
301.45679
301.45679
301.45679
301.45679
301.45679
301.45679
301.45679
301.45679
301.45679
301.45679
301.45679
301.45679
301.45679
301.45679
301.45679
301.45679
301.45679
301.45679
301.45679
301.45679
301.45679
301.44938
301.44938
301.44938
301.44938
301.44938
301.44938
301.44938
301.44938
301.44938
301.44938
301.44938
301.44938
301.44938
301.44938
301.44938
301.44938
301.44938
301.44938
301.44938
301.44938
301.44938
301.44938
301.44938
301.44938
301.44938
301.44938
301.44938
301.44938
301.44938
301.44938
301.44938
301.44938
301.44938
301.44938
301.44938
301.44938
301.44133
301.44133
301.44133
301.44133
301.44133
301.44133
301.44133
301.44133
301.44133
301.44133
301.44133
301.44133
301.44133
301.44133
301.44133
301.44133
301.44133
301.44133
301.44133
301.44133
301.44133
301.44133
301.44133
301.44133
301.44133
301.44133
301.44133
301.44133
301.44133
301.44133
301.44133
301.44133
301.44133
301.44133
301.44133
301.44133
301.4326
301.4326
301.4326
301.4326
301.4326
301.4326
301.4326
301.4326
301.4326
301.4326
301.4326
301.4326
301.4326
301.4326
301.4326
301.4326
301.4326
301.4326
301.4326
301.4326
301.4326
301.4326
301.4326
301.4326
301.4326
301.4326
301.4326
301.4326
301.4326
301.4326
301.4326
301.4326
301.4326
301.4326
301.4326
301.4326
301.42316
301.42316
301.42316
301.42316
301.42316
301.42316
301.42316
301.42316
301.42316
301.42316
301.42316
301.42316
301.42316
301.42316
301.42316
301.42316
301.42316
301.42316
301.42316
301.42316
301.42316
301.42316
301.42316
301.42316
301.42316
301.42316
301.42316
301.42316
301.42316
301.42316
301.42316
301.42316
301.42316
301.42316
301.42316
301.42316
301.41331
301.41331
301.41331
301.41331
301.41331
301.41331
301.41331
301.41331
301.41331
301.41331
301.41331
301.41331
301.41331
301.41331
301.41331
301.41331
301.41331
301.41331
301.41331
301.41331
301.41331
301.41331
301.41331
301.41331
301.41331
301.41331
301.41331
301.41331
301.41331
301.41331
301.41331
301.41331
301.41331
301.41331
301.41331
301.41331
301.40302
301.40302
301.40302
301.40302
301.40302
301.40302
301.40302
301.40302
301.40302
301.40302
301.40302
301.40302
301.40302
301.40302
301.40302
301.40302
301.40302
301.40302
301.40302
301.40302
301.40302
301.40302
301.40302
301.40302
301.40302
301.40302
301.40302
301.40302
301.40302
301.40302
301.40302
301.40302
301.40302
301.40302
301.40302
301.40302
301.39224
301.39224
301.39224
301.39224
301.39224
301.39224
301.39224
301.39224
301.39224
301.39224
301.39224
301.39224
301.39224
301.39224
301.39224
301.39224
301.39224
301.39224
301.39224
301.39224
301.39224
301.39224
301.39224
301.39224
301.39224
301.39224
301.39224
301.39224
301.39224
301.39224
301.39224
301.39224
301.39224
301.39224
301.39224
301.39224
301.38096
301.38096
301.38096
301.38096
301.38096
301.38096
301.38096
301.38096
301.38096
301.38096
301.38096
301.38096
301.38096
301.38096
301.38096
301.38096
301.38096
301.38096
301.38096
301.38096
301.38096
301.38096
301.38096
301.38096
301.38096
301.38096
301.38096
301.38096
301.38096
301.38096
301.38096
301.38096
301.38096
301.38096
301.38096
301.38096
301.36914
301.36914
301.36914
301.36914
301.36914
301.36914
301.36914
301.36914
301.36914
301.36914
301.36914
301.36914
301.36914
301.36914
301.36914
301.36914
301.36914
301.36914
301.36914
301.36914
301.36914
301.36914
301.36914
301.36914
301.36914
301.36914
301.36914
301.36914
301.36914
301.36914
301.36914
301.36914
301.36914
301.36914
301.36914
301.36914
301.35678
301.35678
301.35678
301.35678
301.35678
301.35678
301.35678
301.35678
301.35678
301.35678
301.35678
301.35678
301.35678
301.35678
301.35678
301.35678
301.35678
301.35678
301.35678
301.35678
301.35678
301.35678
301.35678
301.35678
301.35678
301.35678
301.35678
301.35678
301.35678
301.35678
301.35678
301.35678
301.35678
301.35678
301.35678
301.35678
301.34384
301.34384
301.34384
301.34384
301.34384
301.34384
301.34384
301.34384
301.34384
301.34384
301.34384
301.34384
301.34384
301.34384
301.34384
301.34384
301.34384
301.34384
301.34384
301.34384
301.34384
301.34384
301.34384
301.34384
301.34384
301.34384
301.34384
301.34384
301.34384
301.34384
301.34384
301.34384
301.34384
301.34384
301.34384
301.34384
301.33031
301.33031
301.33031
301.33031
301.33031
301.33031
301.33031
301.33031
301.33031
301.33031
301.33031
301.33031
301.33031
301.33031
301.33031
301.33031
301.33031
301.33031
301.33031
301.33031
301.33031
301.33031
301.33031
301.33031
301.33031
301.33031
301.33031
301.33031
301.33031
301.33031
301.33031
301.33031
301.33031
301.33031
301.33031
301.33031
301.31639
301.31639
301.31639
301.31639
301.31639
301.31639
301.31639
301.31639
301.31639
301.31639
301.31639
301.31639
301.31639
301.31639
301.31639
301.31639
301.31639
301.31639
301.31639
301.31639
301.31639
301.31639
301.31639
301.31639
301.31639
301.31639
301.31639
301.31639
301.31639
301.31639
301.31639
301.31639
301.31639
301.31639
301.31639
301.31639
301.30205
301.30205
301.30205
301.30205
301.30205
301.30205
301.30205
301.30205
301.30205
301.30205
301.30205
301.30205
301.30205
301.30205
301.30205
301.30205
301.30205
301.30205
301.30205
301.30205
301.30205
301.30205
301.30205
301.30205
301.30205
301.30205
301.30205
301.30205
301.30205
301.30205
301.30205
301.30205
301.30205
301.30205
301.30205
301.30205
301.28726
301.28726
301.28726
301.28726
301.28726
301.28726
301.28726
301.28726
301.28726
301.28726
301.28726
301.28726
301.28726
301.28726
301.28726
301.28726
301.28726
301.28726
301.28726
301.28726
301.28726
301.28726
301.28726
301.28726
301.28726
301.28726
301.28726
301.28726
301.28726
301.28726
301.28726
301.28726
301.28726
301.28726
301.28726
301.28726
301.272
301.272
301.272
301.272
301.272
301.272
301.272
301.272
301.272
301.272
301.272
301.272
301.272
301.272
301.272
301.272
301.272
301.272
301.272
301.272
301.272
301.272
301.272
301.272
301.272
301.272
301.272
301.272
301.272
301.272
301.272
301.272
301.272
301.272
301.272
301.272
301.25627
301.25627
301.25627
301.25627
301.25627
301.25627
301.25627
301.25627
301.25627
301.25627
301.25627
301.25627
301.25627
301.25627
301.25627
301.25627
301.25627
301.25627
301.25627
301.25627
301.25627
301.25627
301.25627
301.25627
301.25627
301.25627
301.25627
301.25627
301.25627
301.25627
301.25627
301.25627
301.25627
301.25627
301.25627
301.25627
301.24004
301.24004
301.24004
301.24004
301.24004
301.24004
301.24004
301.24004
301.24004
301.24004
301.24004
301.24004
301.24004
301.24004
301.24004
301.24004
301.24004
301.24004
301.24004
301.24004
301.24004
301.24004
301.24004
301.24004
301.24004
301.24004
301.24004
301.24004
301.24004
301.24004
301.24004
301.24004
301.24004
301.24004
301.24004
301.24004
301.22331
301.22331
301.22331
301.22331
301.22331
301.22331
301.22331
301.22331
301.22331
301.22331
301.22331
301.22331
301.22331
301.22331
301.22331
301.22331
301.22331
301.22331
301.22331
301.22331
301.22331
301.22331
301.22331
301.22331
301.22331
301.22331
301.22331
301.22331
301.22331
301.22331
301.22331
301.22331
301.22331
301.22331
301.22331
301.22331
301.20605
301.20605
301.20605
301.20605
301.20605
301.20605
301.20605
301.20605
301.20605
301.20605
301.20605
301.20605
301.20605
301.20605
301.20605
301.20605
301.20605
301.20605
301.20605
301.20605
301.20605
301.20605
301.20605
301.20605
301.20605
301.20605
301.20605
301.20605
301.20605
301.20605
301.20605
301.20605
301.20605
301.20605
301.20605
301.20605
301.18826
301.18826
301.18826
301.18826
301.18826
301.18826
301.18826
301.18826
301.18826
301.18826
301.18826
301.18826
301.18826
301.18826
301.18826
301.18826
301.18826
301.18826
301.18826
301.18826
301.18826
301.18826
301.18826
301.18826
301.18826
301.18826
301.18826
301.18826
301.18826
301.18826
301.18826
301.18826
301.18826
301.18826
301.18826
301.18826
301.1699
301.1699
301.1699
301.1699
301.1699
301.1699
301.1699
301.1699
301.1699
301.1699
301.1699
301.1699
301.1699
301.1699
301.1699
301.1699
301.1699
301.1699
301.1699
301.1699
301.1699
301.1699
301.1699
301.1699
301.1699
301.1699
301.1699
301.1699
301.1699
301.1699
301.1699
301.1699
301.1699
301.1699
301.1699
301.1699
301.15096
301.15096
301.15096
301.15096
301.15096
301.15096
301.15096
301.15096
301.15096
301.15096
301.15096
301.15096
301.15096
301.15096
301.15096
301.15096
301.15096
301.15096
301.15096
301.15096
301.15096
301.15096
301.15096
301.15096
301.15096
301.15096
301.15096
301.15096
301.15096
301.15096
301.15096
301.15096
301.15096
301.15096
301.15096
301.15096
301.13179
301.13179
301.13179
301.13179
301.13179
301.13179
301.13179
301.13179
301.13179
301.13179
301.13179
301.13179
301.13179
301.13179
301.13179
301.13179
301.13179
301.13179
301.13179
301.13179
301.13179
301.13179
301.13179
301.13179
301.13179
301.13179
301.13179
301.13179
301.13179
301.13179
301.13179
301.13179
301.13179
301.13179
301.13179
301.13179
301.11236
301.11236
301.11236
301.11236
301.11236
301.11236
301.11236
301.11236
301.11236
301.11236
301.11236
301.11236
301.11236
301.11236
301.11236
301.11236
301.11236
301.11236
301.11236
301.11236
301.11236
301.11236
301.11236
301.11236
301.11236
301.11236
301.11236
301.11236
301.11236
301.11236
301.11236
301.11236
301.11236
301.11236
301.11236
301.11236
301.09264
301.09264
301.09264
301.09264
301.09264
301.09264
301.09264
301.09264
301.09264
301.09264
301.09264
301.09264
301.09264
301.09264
301.09264
301.09264
301.09264
301.09264
301.09264
301.09264
301.09264
301.09264
301.09264
301.09264
301.09264
301.09264
301.09264
301.09264
301.09264
301.09264
301.09264
301.09264
301.09264
301.09264
301.09264
301.09264
301.07259
301.07259
301.07259
301.07259
301.07259
301.07259
301.07259
301.07259
301.07259
301.07259
301.07259
301.07259
301.07259
301.07259
301.07259
301.07259
301.07259
301.07259
301.07259
301.07259
301.07259
301.07259
301.07259
301.07259
301.07259
301.07259
301.07259
301.07259
301.07259
301.07259
301.07259
301.07259
301.07259
301.07259
301.07259
301.07259
301.05221
301.05221
301.05221
301.05221
301.05221
301.05221
301.05221
301.05221
301.05221
301.05221
301.05221
301.05221
301.05221
301.05221
301.05221
301.05221
301.05221
301.05221
301.05221
301.05221
301.05221
301.05221
301.05221
301.05221
301.05221
301.05221
301.05221
301.05221
301.05221
301.05221
301.05221
301.05221
301.05221
301.05221
301.05221
301.05221
301.03147
301.03147
301.03147
301.03147
301.03147
301.03147
301.03147
301.03147
301.03147
301.03147
301.03147
301.03147
301.03147
301.03147
301.03147
301.03147
301.03147
301.03147
301.03147
301.03147
301.03147
301.03147
301.03147
301.03147
301.03147
301.03147
301.03147
301.03147
301.03147
301.03147
301.03147
301.03147
301.03147
301.03147
301.03147
301.03147
301.01038
301.01038
301.01038
301.01038
301.01038
301.01038
301.01038
301.01038
301.01038
301.01038
301.01038
301.01038
301.01038
301.01038
301.01038
301.01038
301.01038
301.01038
301.01038
301.01038
301.01038
301.01038
301.01038
301.01038
301.01038
301.01038
301.01038
301.01038
301.01038
301.01038
301.01038
301.01038
301.01038
301.01038
301.01038
301.01038
300.98892
300.98892
300.98892
300.98892
300.98892
300.98892
300.98892
300.98892
300.98892
300.98892
300.98892
300.98892
300.98892
300.98892
300.98892
300.98892
300.98892
300.98892
300.98892
300.98892
300.98892
300.98892
300.98892
300.98892
300.98892
300.98892
300.98892
300.98892
300.98892
300.98892
300.98892
300.98892
300.98892
300.98892
300.98892
300.98892
300.96709
300.96709
300.96709
300.96709
300.96709
300.96709
300.96709
300.96709
300.96709
300.96709
300.96709
300.96709
300.96709
300.96709
300.96709
300.96709
300.96709
300.96709
300.96709
300.96709
300.96709
300.96709
300.96709
300.96709
300.96709
300.96709
300.96709
300.96709
300.96709
300.96709
300.96709
300.96709
300.96709
300.96709
300.96709
300.96709
300.94487
300.94487
300.94487
300.94487
300.94487
300.94487
300.94487
300.94487
300.94487
300.94487
300.94487
300.94487
300.94487
300.94487
300.94487
300.94487
300.94487
300.94487
300.94487
300.94487
300.94487
300.94487
300.94487
300.94487
300.94487
300.94487
300.94487
300.94487
300.94487
300.94487
300.94487
300.94487
300.94487
300.94487
300.94487
300.94487
300.92225
300.92225
300.92225
300.92225
300.92225
300.92225
300.92225
300.92225
300.92225
300.92225
300.92225
300.92225
300.92225
300.92225
300.92225
300.92225
300.92225
300.92225
300.92225
300.92225
300.92225
300.92225
300.92225
300.92225
300.92225
300.92225
300.92225
300.92225
300.92225
300.92225
300.92225
300.92225
300.92225
300.92225
300.92225
300.92225
300.89924
300.89924
300.89924
300.89924
300.89924
300.89924
300.89924
300.89924
300.89924
300.89924
300.89924
300.89924
300.89924
300.89924
300.89924
300.89924
300.89924
300.89924
300.89924
300.89924
300.89924
300.89924
300.89924
300.89924
300.89924
300.89924
300.89924
300.89924
300.89924
300.89924
300.89924
300.89924
300.89924
300.89924
300.89924
300.89924
300.87582
300.87582
300.87582
300.87582
300.87582
300.87582
300.87582
300.87582
300.87582
300.87582
300.87582
300.87582
300.87582
300.87582
300.87582
300.87582
300.87582
300.87582
300.87582
300.87582
300.87582
300.87582
300.87582
300.87582
300.87582
300.87582
300.87582
300.87582
300.87582
300.87582
300.87582
300.87582
300.87582
300.87582
300.87582
300.87582
300.85197
300.85197
300.85197
300.85197
300.85197
300.85197
300.85197
300.85197
300.85197
300.85197
300.85197
300.85197
300.85197
300.85197
300.85197
300.85197
300.85197
300.85197
300.85197
300.85197
300.85197
300.85197
300.85197
300.85197
300.85197
300.85197
300.85197
300.85197
300.85197
300.85197
300.85197
300.85197
300.85197
300.85197
300.85197
300.85197
300.82768
300.82768
300.82768
300.82768
300.82768
300.82768
300.82768
300.82768
300.82768
300.82768
300.82768
300.82768
300.82768
300.82768
300.82768
300.82768
300.82768
300.82768
300.82768
300.82768
300.82768
300.82768
300.82768
300.82768
300.82768
300.82768
300.82768
300.82768
300.82768
300.82768
300.82768
300.82768
300.82768
300.82768
300.82768
300.82768
300.8033
300.8033
300.8033
300.8033
300.8033
300.8033
300.8033
300.8033
300.8033
300.8033
300.8033
300.8033
300.8033
300.8033
300.8033
300.8033
300.8033
300.8033
300.8033
300.8033
300.8033
300.8033
300.8033
300.8033
300.8033
300.8033
300.8033
300.8033
300.8033
300.8033
300.8033
300.8033
300.8033
300.8033
300.8033
300.8033
300.77879
300.77879
300.77879
300.77879
300.77879
300.77879
300.77879
300.77879
300.77879
300.77879
300.77879
300.77879
300.77879
300.77879
300.77879
300.77879
300.77879
300.77879
300.77879
300.77879
300.77879
300.77879
300.77879
300.77879
300.77879
300.77879
300.77879
300.77879
300.77879
300.77879
300.77879
300.77879
300.77879
300.77879
300.77879
300.77879
300.75413
300.75413
300.75413
300.75413
300.75413
300.75413
300.75413
300.75413
300.75413
300.75413
300.75413
300.75413
300.75413
300.75413
300.75413
300.75413
300.75413
300.75413
300.75413
300.75413
300.75413
300.75413
300.75413
300.75413
300.75413
300.75413
300.75413
300.75413
300.75413
300.75413
300.75413
300.75413
300.75413
300.75413
300.75413
300.75413
300.72929
300.72929
300.72929
300.72929
300.72929
300.72929
300.72929
300.72929
300.72929
300.72929
300.72929
300.72929
300.72929
300.72929
300.72929
300.72929
300.72929
300.72929
300.72929
300.72929
300.72929
300.72929
300.72929
300.72929
300.72929
300.72929
300.72929
300.72929
300.72929
300.72929
300.72929
300.72929
300.72929
300.72929
300.72929
300.72929
300.70426
300.70426
300.70426
300.70426
300.70426
300.70426
300.70426
300.70426
300.70426
300.70426
300.70426
300.70426
300.70426
300.70426
300.70426
300.70426
300.70426
300.70426
300.70426
300.70426
300.70426
300.70426
300.70426
300.70426
300.70426
300.70426
300.70426
300.70426
300.70426
300.70426
300.70426
300.70426
300.70426
300.70426
300.70426
300.70426
300.67903
300.67903
300.67903
300.67903
300.67903
300.67903
300.67903
300.67903
300.67903
300.67903
300.67903
300.67903
300.67903
300.67903
300.67903
300.67903
300.67903
300.67903
300.67903
300.67903
300.67903
300.67903
300.67903
300.67903
300.67903
300.67903
300.67903
300.67903
300.67903
300.67903
300.67903
300.67903
300.67903
300.67903
300.67903
300.67903
300.65358
300.65358
300.65358
300.65358
300.65358
300.65358
300.65358
300.65358
300.65358
300.65358
300.65358
300.65358
300.65358
300.65358
300.65358
300.65358
300.65358
300.65358
300.65358
300.65358
300.65358
300.65358
300.65358
300.65358
300.65358
300.65358
300.65358
300.65358
300.65358
300.65358
300.65358
300.65358
300.65358
300.65358
300.65358
300.65358
300.6279
300.62791
300.6279
300.62791
300.62791
300.62791
300.6279
300.6279
300.6279
300.6279
300.6279
300.6279
300.62791
300.62791
300.62791
300.6279
300.6279
300.6279
300.6279
300.6279
300.6279
300.62791
300.62791
300.62791
300.6279
300.6279
300.6279
300.6279
300.6279
300.6279
300.62791
300.62791
300.62791
300.6279
300.62791
300.6279
300.602
300.602
300.602
300.602
300.602
300.602
300.602
300.602
300.602
300.602
300.602
300.602
300.602
300.602
300.602
300.602
300.602
300.602
300.602
300.602
300.602
300.602
300.602
300.602
300.602
300.602
300.602
300.602
300.602
300.602
300.602
300.602
300.602
300.602
300.602
300.602
300.57584
300.57584
300.57584
300.57584
300.57584
300.57584
300.57584
300.57584
300.57584
300.57584
300.57584
300.57584
300.57584
300.57584
300.57584
300.57584
300.57584
300.57584
300.57584
300.57584
300.57584
300.57584
300.57584
300.57584
300.57584
300.57584
300.57584
300.57584
300.57584
300.57584
300.57584
300.57584
300.57584
300.57584
300.57584
300.57584
300.54944
300.54944
300.54944
300.54944
300.54944
300.54944
300.54944
300.54944
300.54944
300.54944
300.54944
300.54944
300.54944
300.54944
300.54944
300.54944
300.54944
300.54944
300.54944
300.54944
300.54944
300.54944
300.54944
300.54944
300.54944
300.54944
300.54944
300.54944
300.54944
300.54944
300.54944
300.54944
300.54944
300.54944
300.54944
300.54944
300.52277
300.52277
300.52277
300.52277
300.52277
300.52277
300.52277
300.52277
300.52277
300.52277
300.52277
300.52277
300.52277
300.52277
300.52277
300.52277
300.52277
300.52277
300.52277
300.52277
300.52277
300.52277
300.52277
300.52277
300.52277
300.52277
300.52277
300.52277
300.52277
300.52277
300.52277
300.52277
300.52277
300.52277
300.52277
300.52277
300.49584
300.49584
300.49584
300.49584
300.49584
300.49584
300.49584
300.49584
300.49584
300.49584
300.49584
300.49584
300.49584
300.49584
300.49584
300.49584
300.49584
300.49584
300.49584
300.49584
300.49584
300.49584
300.49584
300.49584
300.49584
300.49584
300.49584
300.49584
300.49584
300.49584
300.49584
300.49584
300.49584
300.49584
300.49584
300.49584
300.46862
300.46862
300.46862
300.46862
300.46862
300.46862
300.46862
300.46862
300.46862
300.46862
300.46862
300.46862
300.46862
300.46862
300.46862
300.46862
300.46862
300.46862
300.46862
300.46862
300.46862
300.46862
300.46862
300.46862
300.46862
300.46862
300.46862
300.46862
300.46862
300.46862
300.46862
300.46862
300.46862
300.46862
300.46862
300.46862
300.44111
300.44111
300.44111
300.44111
300.44111
300.44111
300.44111
300.44111
300.44111
300.44111
300.44111
300.44111
300.44111
300.44111
300.44111
300.44111
300.44111
300.44111
300.44111
300.44111
300.44111
300.44111
300.44111
300.44111
300.44111
300.44111
300.44111
300.44111
300.44111
300.44111
300.44111
300.44111
300.44111
300.44111
300.44111
300.44111
300.4133
300.4133
300.4133
300.4133
300.4133
300.4133
300.4133
300.4133
300.4133
300.4133
300.4133
300.4133
300.4133
300.4133
300.4133
300.4133
300.4133
300.4133
300.4133
300.4133
300.4133
300.4133
300.4133
300.4133
300.4133
300.4133
300.4133
300.4133
300.4133
300.4133
300.4133
300.4133
300.4133
300.4133
300.4133
300.4133
300.38517
300.38517
300.38517
300.38517
300.38517
300.38517
300.38517
300.38517
300.38517
300.38517
300.38517
300.38517
300.38517
300.38517
300.38517
300.38517
300.38517
300.38517
300.38517
300.38517
300.38517
300.38517
300.38517
300.38517
300.38517
300.38517
300.38517
300.38517
300.38517
300.38517
300.38517
300.38517
300.38517
300.38517
300.38517
300.38517
300.35672
300.35672
300.35672
300.35672
300.35672
300.35672
300.35672
300.35672
300.35672
300.35672
300.35672
300.35672
300.35672
300.35672
300.35672
300.35672
300.35672
300.35672
300.35672
300.35672
300.35672
300.35672
300.35672
300.35672
300.35672
300.35672
300.35672
300.35672
300.35672
300.35672
300.35672
300.35672
300.35672
300.35672
300.35672
300.35672
300.32793
300.32793
300.32793
300.32793
300.32793
300.32793
300.32793
300.32793
300.32793
300.32793
300.32793
300.32793
300.32793
300.32793
300.32793
300.32793
300.32793
300.32793
300.32793
300.32793
300.32793
300.32793
300.32793
300.32793
300.32793
300.32793
300.32793
300.32793
300.32793
300.32793
300.32793
300.32793
300.32793
300.32793
300.32793
300.32793
300.29879
300.29879
300.29879
300.29879
300.29879
300.29879
300.29879
300.29879
300.29879
300.29879
300.29879
300.29879
300.29879
300.29879
300.29879
300.29879
300.29879
300.29879
300.29879
300.29879
300.29879
300.29879
300.29879
300.29879
300.29879
300.29879
300.29879
300.29879
300.29879
300.29879
300.29879
300.29879
300.29879
300.29879
300.29879
300.29879
303.22657
303.22657
303.22657
303.22657
303.22657
303.22657
303.22657
303.22657
303.22657
303.22657
303.22657
303.22657
303.22657
303.22657
303.22657
303.22657
303.22657
303.22657
303.22657
303.22657
303.22657
303.22657
303.22657
303.22657
303.22657
303.22657
303.22657
303.22657
303.22657
303.22657
303.22657
303.22657
303.22657
303.22657
303.22657
303.22657
303.23197
303.23197
303.23197
303.23197
303.23197
303.23197
303.23197
303.23197
303.23197
303.23197
303.23197
303.23197
303.23197
303.23197
303.23197
303.23197
303.23197
303.23197
303.23197
303.23197
303.23197
303.23197
303.23197
303.23197
303.23197
303.23197
303.23197
303.23197
303.23197
303.23197
303.23197
303.23197
303.23197
303.23197
303.23197
303.23197
303.23497
303.23497
303.23497
303.23497
303.23497
303.23497
303.23497
303.23497
303.23497
303.23497
303.23497
303.23497
303.23497
303.23497
303.23497
303.23497
303.23497
303.23497
303.23497
303.23497
303.23497
303.23497
303.23497
303.23497
303.23497
303.23497
303.23497
303.23497
303.23497
303.23497
303.23497
303.23497
303.23497
303.23497
303.23497
303.23497
303.23585
303.23585
303.23585
303.23585
303.23585
303.23585
303.23585
303.23585
303.23585
303.23585
303.23585
303.23585
303.23585
303.23585
303.23585
303.23585
303.23585
303.23585
303.23585
303.23585
303.23585
303.23585
303.23585
303.23585
303.23585
303.23585
303.23585
303.23585
303.23585
303.23585
303.23585
303.23585
303.23585
303.23585
303.23585
303.23585
303.23482
303.23482
303.23482
303.23482
303.23482
303.23482
303.23482
303.23482
303.23482
303.23482
303.23482
303.23482
303.23482
303.23482
303.23482
303.23482
303.23482
303.23482
303.23482
303.23482
303.23482
303.23482
303.23482
303.23482
303.23482
303.23482
303.23482
303.23482
303.23482
303.23482
303.23482
303.23482
303.23482
303.23482
303.23482
303.23482
303.23199
303.23199
303.23199
303.23199
303.23199
303.23199
303.23199
303.23199
303.23199
303.23199
303.23199
303.23199
303.23199
303.23199
303.23199
303.23199
303.23199
303.23199
303.23199
303.23199
303.23199
303.23199
303.23199
303.23199
303.23199
303.23199
303.23199
303.23199
303.23199
303.23199
303.23199
303.23199
303.23199
303.23199
303.23199
303.23199
303.22747
303.22747
303.22747
303.22747
303.22747
303.22747
303.22747
303.22747
303.22747
303.22747
303.22747
303.22747
303.22747
303.22747
303.22747
303.22747
303.22747
303.22747
303.22747
303.22747
303.22747
303.22747
303.22747
303.22747
303.22747
303.22747
303.22747
303.22747
303.22747
303.22747
303.22747
303.22747
303.22747
303.22747
303.22747
303.22747
303.22128
303.22128
303.22128
303.22128
303.22128
303.22128
303.22128
303.22128
303.22128
303.22128
303.22128
303.22128
303.22128
303.22128
303.22128
303.22128
303.22128
303.22128
303.22128
303.22128
303.22128
303.22128
303.22128
303.22128
303.22128
303.22128
303.22128
303.22128
303.22128
303.22128
303.22128
303.22128
303.22128
303.22128
303.22128
303.22128
303.21347
303.21347
303.21347
303.21347
303.21347
303.21347
303.21347
303.21347
303.21347
303.21347
303.21347
303.21347
303.21347
303.21347
303.21347
303.21347
303.21347
303.21347
303.21347
303.21347
303.21347
303.21347
303.21347
303.21347
303.21347
303.21347
303.21347
303.21347
303.21347
303.21347
303.21347
303.21347
303.21347
303.21347
303.21347
303.21347
303.20477
303.20477
303.20477
303.20477
303.20477
303.20477
303.20477
303.20477
303.20477
303.20477
303.20477
303.20477
303.20477
303.20477
303.20477
303.20477
303.20477
303.20477
303.20477
303.20477
303.20477
303.20477
303.20477
303.20477
303.20477
303.20477
303.20477
303.20477
303.20477
303.20477
303.20477
303.20477
303.20477
303.20477
303.20477
303.20477
303.19515
303.19515
303.19515
303.19515
303.19515
303.19515
303.19515
303.19515
303.19515
303.19515
303.19515
303.19515
303.19515
303.19515
303.19515
303.19515
303.19515
303.19515
303.19515
303.19515
303.19515
303.19515
303.19515
303.19515
303.19515
303.19515
303.19515
303.19515
303.19515
303.19515
303.19515
303.19515
303.19515
303.19515
303.19515
303.19515
303.18456
303.18456
303.18456
303.18456
303.18456
303.18456
303.18456
303.18456
303.18456
303.18456
303.18456
303.18456
303.18456
303.18456
303.18456
303.18456
303.18456
303.18456
303.18456
303.18456
303.18456
303.18456
303.18456
303.18456
303.18456
303.18456
303.18456
303.18456
303.18456
303.18456
303.18456
303.18456
303.18456
303.18456
303.18456
303.18456
303.17299
303.17299
303.17299
303.17299
303.17299
303.17299
303.17299
303.17299
303.17299
303.17299
303.17299
303.17299
303.17299
303.17299
303.17299
303.17299
303.17299
303.17299
303.17299
303.17299
303.17299
303.17299
303.17299
303.17299
303.17299
303.17299
303.17299
303.17299
303.17299
303.17299
303.17299
303.17299
303.17299
303.17299
303.17299
303.17299
303.16042
303.16042
303.16042
303.16042
303.16042
303.16042
303.16042
303.16042
303.16042
303.16042
303.16042
303.16042
303.16042
303.16042
303.16042
303.16042
303.16042
303.16042
303.16042
303.16042
303.16042
303.16042
303.16042
303.16042
303.16042
303.16042
303.16042
303.16042
303.16042
303.16042
303.16042
303.16042
303.16042
303.16042
303.16042
303.16042
303.14682
303.14682
303.14682
303.14682
303.14682
303.14682
303.14682
303.14682
303.14682
303.14682
303.14682
303.14682
303.14682
303.14682
303.14682
303.14682
303.14682
303.14682
303.14682
303.14682
303.14682
303.14682
303.14682
303.14682
303.14682
303.14682
303.14682
303.14682
303.14682
303.14682
303.14682
303.14682
303.14682
303.14682
303.14682
303.14682
303.13218
303.13218
303.13218
303.13218
303.13218
303.13218
303.13218
303.13218
303.13218
303.13218
303.13218
303.13218
303.13218
303.13218
303.13218
303.13218
303.13218
303.13218
303.13218
303.13218
303.13218
303.13218
303.13218
303.13218
303.13218
303.13218
303.13218
303.13218
303.13218
303.13218
303.13218
303.13218
303.13218
303.13218
303.13218
303.13218
303.11683
303.11683
303.11683
303.11683
303.11683
303.11683
303.11683
303.11683
303.11683
303.11683
303.11683
303.11683
303.11683
303.11683
303.11683
303.11683
303.11683
303.11683
303.11683
303.11683
303.11683
303.11683
303.11683
303.11683
303.11683
303.11683
303.11683
303.11683
303.11683
303.11683
303.11683
303.11683
303.11683
303.11683
303.11683
303.11683
303.10073
303.10073
303.10073
303.10073
303.10073
303.10073
303.10073
303.10073
303.10073
303.10073
303.10073
303.10073
303.10073
303.10073
303.10073
303.10073
303.10073
303.10073
303.10073
303.10073
303.10073
303.10073
303.10073
303.10073
303.10073
303.10073
303.10073
303.10073
303.10073
303.10073
303.10073
303.10073
303.10073
303.10073
303.10073
303.10073
303.08386
303.08386
303.08386
303.08386
303.08386
303.08386
303.08386
303.08386
303.08386
303.08386
303.08386
303.08386
303.08386
303.08386
303.08386
303.08386
303.08386
303.08386
303.08386
303.08386
303.08386
303.08386
303.08386
303.08386
303.08386
303.08386
303.08386
303.08386
303.08386
303.08386
303.08386
303.08386
303.08386
303.08386
303.08386
303.08386
303.06619
303.06619
303.06619
303.06619
303.06619
303.06619
303.06619
303.06619
303.06619
303.06619
303.06619
303.06619
303.06619
303.06619
303.06619
303.06619
303.06619
303.06619
303.06619
303.06619
303.06619
303.06619
303.06619
303.06619
303.06619
303.06619
303.06619
303.06619
303.06619
303.06619
303.06619
303.06619
303.06619
303.06619
303.06619
303.06619
303.04769
303.04769
303.04769
303.04769
303.04769
303.04769
303.04769
303.04769
303.04769
303.04769
303.04769
303.04769
303.04769
303.04769
303.04769
303.04769
303.04769
303.04769
303.04769
303.04769
303.04769
303.04769
303.04769
303.04769
303.04769
303.04769
303.04769
303.04769
303.04769
303.04769
303.04769
303.04769
303.04769
303.04769
303.04769
303.04769
303.02835
303.02835
303.02835
303.02835
303.02835
303.02835
303.02835
303.02835
303.02835
303.02835
303.02835
303.02835
303.02835
303.02835
303.02835
303.02835
303.02835
303.02835
303.02835
303.02835
303.02835
303.02835
303.02835
303.02835
303.02835
303.02835
303.02835
303.02835
303.02835
303.02835
303.02835
303.02835
303.02835
303.02835
303.02835
303.02835
303.00814
303.00814
303.00814
303.00814
303.00814
303.00814
303.00814
303.00814
303.00814
303.00814
303.00814
303.00814
303.00814
303.00814
303.00814
303.00814
303.00814
303.00814
303.00814
303.00814
303.00814
303.00814
303.00814
303.00814
303.00814
303.00814
303.00814
303.00814
303.00814
303.00814
303.00814
303.00814
303.00814
303.00814
303.00814
303.00814
302.98705
302.98705
302.98705
302.98705
302.98705
302.98705
302.98705
302.98705
302.98705
302.98705
302.98705
302.98705
302.98705
302.98705
302.98705
302.98705
302.98705
302.98705
302.98705
302.98705
302.98705
302.98705
302.98705
302.98705
302.98705
302.98705
302.98705
302.98705
302.98705
302.98705
302.98705
302.98705
302.98705
302.98705
302.98705
302.98705
302.9653
302.9653
302.9653
302.9653
302.9653
302.9653
302.9653
302.9653
302.9653
302.9653
302.9653
302.9653
302.9653
302.9653
302.9653
302.9653
302.9653
302.9653
302.9653
302.9653
302.9653
302.9653
302.9653
302.9653
302.9653
302.9653
302.9653
302.9653
302.9653
302.9653
302.9653
302.9653
302.9653
302.9653
302.9653
302.9653
302.94286
302.94286
302.94286
302.94286
302.94286
302.94286
302.94286
302.94286
302.94286
302.94286
302.94286
302.94286
302.94286
302.94286
302.94286
302.94286
302.94286
302.94286
302.94286
302.94286
302.94286
302.94286
302.94286
302.94286
302.94286
302.94286
302.94286
302.94286
302.94286
302.94286
302.94286
302.94286
302.94286
302.94286
302.94286
302.94286
302.9197
302.9197
302.9197
302.9197
302.9197
302.9197
302.9197
302.9197
302.9197
302.9197
302.9197
302.9197
302.9197
302.9197
302.9197
302.9197
302.9197
302.9197
302.9197
302.9197
302.9197
302.9197
302.9197
302.9197
302.9197
302.9197
302.9197
302.9197
302.9197
302.9197
302.9197
302.9197
302.9197
302.9197
302.9197
302.9197
302.89581
302.89581
302.89581
302.89581
302.89581
302.89581
302.89581
302.89581
302.89581
302.89581
302.89581
302.89581
302.89581
302.89581
302.89581
302.89581
302.89581
302.89581
302.89581
302.89581
302.89581
302.89581
302.89581
302.89581
302.89581
302.89581
302.89581
302.89581
302.89581
302.89581
302.89581
302.89581
302.89581
302.89581
302.89581
302.89581
302.87118
302.87118
302.87118
302.87118
302.87118
302.87118
302.87118
302.87118
302.87118
302.87118
302.87118
302.87118
302.87118
302.87118
302.87118
302.87118
302.87118
302.87118
302.87118
302.87118
302.87118
302.87118
302.87118
302.87118
302.87118
302.87118
302.87118
302.87118
302.87118
302.87118
302.87118
302.87118
302.87118
302.87118
302.87118
302.87118
302.84577
302.84577
302.84577
302.84577
302.84577
302.84577
302.84577
302.84577
302.84577
302.84577
302.84577
302.84577
302.84577
302.84577
302.84577
302.84577
302.84577
302.84577
302.84577
302.84577
302.84577
302.84577
302.84577
302.84577
302.84577
302.84577
302.84577
302.84577
302.84577
302.84577
302.84577
302.84577
302.84577
302.84577
302.84577
302.84577
302.8196
302.8196
302.8196
302.8196
302.8196
302.8196
302.8196
302.8196
302.8196
302.8196
302.8196
302.8196
302.8196
302.8196
302.8196
302.8196
302.8196
302.8196
302.8196
302.8196
302.8196
302.8196
302.8196
302.8196
302.8196
302.8196
302.8196
302.8196
302.8196
302.8196
302.8196
302.8196
302.8196
302.8196
302.8196
302.8196
302.79264
302.79264
302.79264
302.79264
302.79264
302.79264
302.79264
302.79264
302.79264
302.79264
302.79264
302.79264
302.79264
302.79264
302.79264
302.79264
302.79264
302.79264
302.79264
302.79264
302.79264
302.79264
302.79264
302.79264
302.79264
302.79264
302.79264
302.79264
302.79264
302.79264
302.79264
302.79264
302.79264
302.79264
302.79264
302.79264
302.76488
302.76488
302.76488
302.76488
302.76488
302.76488
302.76488
302.76488
302.76488
302.76488
302.76488
302.76488
302.76488
302.76488
302.76488
302.76488
302.76488
302.76488
302.76488
302.76488
302.76488
302.76488
302.76488
302.76488
302.76488
302.76488
302.76488
302.76488
302.76488
302.76488
302.76488
302.76488
302.76488
302.76488
302.76488
302.76488
302.73631
302.73631
302.73631
302.73631
302.73631
302.73631
302.73631
302.73631
302.73631
302.73631
302.73631
302.73631
302.73631
302.73631
302.73631
302.73631
302.73631
302.73631
302.73631
302.73631
302.73631
302.73631
302.73631
302.73631
302.73631
302.73631
302.73631
302.73631
302.73631
302.73631
302.73631
302.73631
302.73631
302.73631
302.73631
302.73631
302.70691
302.70691
302.70691
302.70691
302.70691
302.70691
302.70691
302.70691
302.70691
302.70691
302.70691
302.70691
302.70691
302.70691
302.70691
302.70691
302.70691
302.70691
302.70691
302.70691
302.70691
302.70691
302.70691
302.70691
302.70691
302.70691
302.70691
302.70691
302.70691
302.70691
302.70691
302.70691
302.70691
302.70691
302.70691
302.70691
302.67707
302.67707
302.67707
302.67707
302.67707
302.67707
302.67707
302.67707
302.67707
302.67707
302.67707
302.67707
302.67707
302.67707
302.67707
302.67707
302.67707
302.67707
302.67707
302.67707
302.67707
302.67707
302.67707
302.67707
302.67707
302.67707
302.67707
302.67707
302.67707
302.67707
302.67707
302.67707
302.67707
302.67707
302.67707
302.67707
302.64676
302.64676
302.64676
302.64676
302.64676
302.64676
302.64676
302.64676
302.64676
302.64676
302.64676
302.64676
302.64676
302.64676
302.64676
302.64676
302.64676
302.64676
302.64676
302.64676
302.64676
302.64676
302.64676
302.64676
302.64676
302.64676
302.64676
302.64676
302.64676
302.64676
302.64676
302.64676
302.64676
302.64676
302.64676
302.64676
302.61595
302.61595
302.61595
302.61595
302.61595
302.61595
302.61595
302.61595
302.61595
302.61595
302.61595
302.61595
302.61595
302.61595
302.61595
302.61595
302.61595
302.61595
302.61595
302.61595
302.61595
302.61595
302.61595
302.61595
302.61595
302.61595
302.61595
302.61595
302.61595
302.61595
302.61595
302.61595
302.61595
302.61595
302.61595
302.61595
302.58461
302.58461
302.58461
302.58461
302.58461
302.58461
302.58461
302.58461
302.58461
302.58461
302.58461
302.58461
302.58461
302.58461
302.58461
302.58461
302.58461
302.58461
302.58461
302.58461
302.58461
302.58461
302.58461
302.58461
302.58461
302.58461
302.58461
302.58461
302.58461
302.58461
302.58461
302.58461
302.58461
302.58461
302.58461
302.58461
302.55275
302.55275
302.55275
302.55275
302.55275
302.55275
302.55275
302.55275
302.55275
302.55275
302.55275
302.55275
302.55275
302.55275
302.55275
302.55275
302.55275
302.55275
302.55275
302.55275
302.55275
302.55275
302.55275
302.55275
302.55275
302.55275
302.55275
302.55275
302.55275
302.55275
302.55275
302.55275
302.55275
302.55275
302.55275
302.55275
302.52033
302.52033
302.52033
302.52033
302.52033
302.52033
302.52033
302.52033
302.52033
302.52033
302.52033
302.52033
302.52033
302.52033
302.52033
302.52033
302.52033
302.52033
302.52033
302.52033
302.52033
302.52033
302.52033
302.52033
302.52033
302.52033
302.52033
302.52033
302.52033
302.52033
302.52033
302.52033
302.52033
302.52033
302.52033
302.52033
302.48736
302.48736
302.48736
302.48736
302.48736
302.48736
302.48736
302.48736
302.48736
302.48736
302.48736
302.48736
302.48736
302.48736
302.48736
302.48736
302.48736
302.48736
302.48736
302.48736
302.48736
302.48736
302.48736
302.48736
302.48736
302.48736
302.48736
302.48736
302.48736
302.48736
302.48736
302.48736
302.48736
302.48736
302.48736
302.48736
302.45383
302.45383
302.45383
302.45383
302.45383
302.45383
302.45383
302.45383
302.45383
302.45383
302.45383
302.45383
302.45383
302.45383
302.45383
302.45383
302.45383
302.45383
302.45383
302.45383
302.45383
302.45383
302.45383
302.45383
302.45383
302.45383
302.45383
302.45383
302.45383
302.45383
302.45383
302.45383
302.45383
302.45383
302.45383
302.45383
302.41973
302.41973
302.41973
302.41973
302.41973
302.41973
302.41973
302.41973
302.41973
302.41973
302.41973
302.41973
302.41973
302.41973
302.41973
302.41973
302.41973
302.41973
302.41973
302.41973
302.41973
302.41973
302.41973
302.41973
302.41973
302.41973
302.41973
302.41973
302.41973
302.41973
302.41973
302.41973
302.41973
302.41973
302.41973
302.41973
302.38506
302.38506
302.38506
302.38506
302.38506
302.38506
302.38506
302.38506
302.38506
302.38506
302.38506
302.38506
302.38506
302.38506
302.38506
302.38506
302.38506
302.38506
302.38506
302.38506
302.38506
302.38506
302.38506
302.38506
302.38506
302.38506
302.38506
302.38506
302.38506
302.38506
302.38506
302.38506
302.38506
302.38506
302.38506
302.38506
302.34981
302.34981
302.34981
302.34981
302.34981
302.34981
302.34981
302.34981
302.34981
302.34981
302.34981
302.34981
302.34981
302.34981
302.34981
302.34981
302.34981
302.34981
302.34981
302.34981
302.34981
302.34981
302.34981
302.34981
302.34981
302.34981
302.34981
302.34981
302.34981
302.34981
302.34981
302.34981
302.34981
302.34981
302.34981
302.34981
302.31399
302.31399
302.31399
302.31399
302.31399
302.31399
302.31399
302.31399
302.31399
302.31399
302.31399
302.31399
302.31399
302.31399
302.31399
302.31399
302.31399
302.31399
302.31399
302.31399
302.31399
302.31399
302.31399
302.31399
302.31399
302.31399
302.31399
302.31399
302.31399
302.31399
302.31399
302.31399
302.31399
302.31399
302.31399
302.31399
302.27758
302.27758
302.27758
302.27758
302.27758
302.27758
302.27758
302.27758
302.27758
302.27758
302.27758
302.27758
302.27758
302.27758
302.27758
302.27758
302.27758
302.27758
302.27758
302.27758
302.27758
302.27758
302.27758
302.27758
302.27758
302.27758
302.27758
302.27758
302.27758
302.27758
302.27758
302.27758
302.27758
302.27758
302.27758
302.27758
302.24059
302.24059
302.24059
302.24059
302.24059
302.24059
302.24059
302.24059
302.24059
302.24059
302.24059
302.24059
302.24059
302.24059
302.24059
302.24059
302.24059
302.24059
302.24059
302.24059
302.24059
302.24059
302.24059
302.24059
302.24059
302.24059
302.24059
302.24059
302.24059
302.24059
302.24059
302.24059
302.24059
302.24059
302.24059
302.24059
302.20301
302.20301
302.20301
302.20301
302.20301
302.20301
302.20301
302.20301
302.20301
302.20301
302.20301
302.20301
302.20301
302.20301
302.20301
302.20301
302.20301
302.20301
302.20301
302.20301
302.20301
302.20301
302.20301
302.20301
302.20301
302.20301
302.20301
302.20301
302.20301
302.20301
302.20301
302.20301
302.20301
302.20301
302.20301
302.20301
302.16521
302.16521
302.16521
302.16521
302.16521
302.16521
302.16521
302.16521
302.16521
302.16521
302.16521
302.16521
302.16521
302.16521
302.16521
302.16521
302.16521
302.16521
302.16521
302.16521
302.16521
302.16521
302.16521
302.16521
302.16521
302.16521
302.16521
302.16521
302.16521
302.16521
302.16521
302.16521
302.16521
302.16521
302.16521
302.16521
302.12714
302.12714
302.12714
302.12714
302.12715
302.12714
302.12714
302.12714
302.12714
302.12714
302.12714
302.12714
302.12714
302.12715
302.12714
302.12714
302.12714
302.12714
302.12714
302.12714
302.12714
302.12714
302.12715
302.12714
302.12714
302.12714
302.12714
302.12714
302.12714
302.12714
302.12714
302.12715
302.12714
302.12714
302.12714
302.12714
302.08881
302.08881
302.08881
302.08881
302.08881
302.08881
302.08881
302.08881
302.08881
302.08881
302.08881
302.08881
302.08881
302.08881
302.08881
302.08881
302.08881
302.08881
302.08881
302.08881
302.08881
302.08881
302.08881
302.08881
302.08881
302.08881
302.08881
302.08881
302.08881
302.08881
302.08881
302.08881
302.08881
302.08881
302.08881
302.08881
302.05019
302.05019
302.05019
302.05019
302.05019
302.05019
302.05019
302.05019
302.05019
302.05019
302.05019
302.05019
302.05019
302.05019
302.05019
302.05019
302.05019
302.05019
302.05019
302.05019
302.05019
302.05019
302.05019
302.05019
302.05019
302.05019
302.05019
302.05019
302.05019
302.05019
302.05019
302.05019
302.05019
302.05019
302.05019
302.05019
302.01127
302.01127
302.01127
302.01127
302.01127
302.01127
302.01127
302.01127
302.01127
302.01127
302.01127
302.01127
302.01127
302.01127
302.01127
302.01127
302.01127
302.01127
302.01127
302.01127
302.01127
302.01127
302.01127
302.01127
302.01127
302.01127
302.01127
302.01127
302.01127
302.01127
302.01127
302.01127
302.01127
302.01127
302.01127
302.01127
301.97204
301.97204
301.97204
301.97204
301.97204
301.97204
301.97204
301.97204
301.97204
301.97204
301.97204
301.97204
301.97204
301.97204
301.97204
301.97204
301.97204
301.97204
301.97204
301.97204
301.97204
301.97204
301.97204
301.97204
301.97204
301.97204
301.97204
301.97204
301.97204
301.97204
301.97204
301.97204
301.97204
301.97204
301.97204
301.97204
301.93249
301.93249
301.93249
301.93249
301.93249
301.93249
301.93249
301.93249
301.93249
301.93249
301.93249
301.93249
301.93249
301.93249
301.93249
301.93249
301.93249
301.93249
301.93249
301.93249
301.93249
301.93249
301.93249
301.93249
301.93249
301.93249
301.93249
301.93249
301.93249
301.93249
301.93249
301.93249
301.93249
301.93249
301.93249
301.93249
301.89262
301.89262
301.89262
301.89262
301.89262
301.89262
301.89262
301.89262
301.89262
301.89262
301.89262
301.89262
301.89262
301.89262
301.89262
301.89262
301.89262
301.89262
301.89262
301.89262
301.89262
301.89262
301.89262
301.89262
301.89262
301.89262
301.89262
301.89262
301.89262
301.89262
301.89262
301.89262
301.89262
301.89262
301.89262
301.89262
301.85242
301.85242
301.85242
301.85242
301.85242
301.85242
301.85242
301.85242
301.85242
301.85242
301.85242
301.85242
301.85242
301.85242
301.85242
301.85242
301.85242
301.85242
301.85242
301.85242
301.85242
301.85242
301.85242
301.85242
301.85242
301.85242
301.85242
301.85242
301.85242
301.85242
301.85242
301.85242
301.85242
301.85242
301.85242
301.85242
301.81189
301.81189
301.81189
301.81189
301.81189
301.81189
301.81189
301.81189
301.81189
301.81189
301.81189
301.81189
301.81189
301.81189
301.81189
301.81189
301.81189
301.81189
301.81189
301.81189
301.81189
301.81189
301.81189
301.81189
301.81189
301.81189
301.81189
301.81189
301.81189
301.81189
301.81189
301.81189
301.81189
301.81189
301.81189
301.81189
301.77102
301.77102
301.77102
301.77102
301.77102
301.77102
301.77102
301.77102
301.77102
301.77102
301.77102
301.77102
301.77102
301.77102
301.77102
301.77102
301.77102
301.77102
301.77102
301.77102
301.77102
301.77102
301.77102
301.77102
301.77102
301.77102
301.77102
301.77102
301.77102
301.77102
301.77102
301.77102
301.77102
301.77102
301.77102
301.77102
301.7298
301.7298
301.7298
301.7298
301.7298
301.7298
301.7298
301.7298
301.7298
301.7298
301.7298
301.7298
301.7298
301.7298
301.7298
301.7298
301.7298
301.7298
301.7298
301.7298
301.7298
301.7298
301.7298
301.7298
301.7298
301.7298
301.7298
301.7298
301.7298
301.7298
301.7298
301.7298
301.7298
301.7298
301.7298
301.7298
301.68824
301.68824
301.68824
301.68824
301.68824
301.68824
301.68824
301.68824
301.68824
301.68824
301.68824
301.68824
301.68824
301.68824
301.68824
301.68824
301.68824
301.68824
301.68824
301.68824
301.68824
301.68824
301.68824
301.68824
301.68824
301.68824
301.68824
301.68824
301.68824
301.68824
301.68824
301.68824
301.68824
301.68824
301.68824
301.68824
301.64634
301.64634
301.64634
301.64634
301.64634
301.64634
301.64634
301.64634
301.64634
301.64634
301.64634
301.64634
301.64634
301.64634
301.64634
301.64634
301.64634
301.64634
301.64634
301.64634
301.64634
301.64634
301.64634
301.64634
301.64634
301.64634
301.64634
301.64634
301.64634
301.64634
301.64634
301.64634
301.64634
301.64634
301.64634
301.64634
301.60408
301.60408
301.60408
301.60408
301.60408
301.60408
301.60408
301.60408
301.60408
301.60408
301.60408
301.60408
301.60408
301.60408
301.60408
301.60408
301.60408
301.60408
301.60408
301.60408
301.60408
301.60408
301.60408
301.60408
301.60408
301.60408
301.60408
301.60408
301.60408
301.60408
301.60408
301.60408
301.60408
301.60408
301.60408
301.60408
301.56147
301.56147
301.56147
301.56147
301.56147
301.56147
301.56147
301.56147
301.56147
301.56147
301.56147
301.56147
301.56147
301.56147
301.56147
301.56147
301.56147
301.56147
301.56147
301.56147
301.56147
301.56147
301.56147
301.56147
301.56147
301.56147
301.56147
301.56147
301.56147
301.56147
301.56147
301.56147
301.56147
301.56147
301.56147
301.56147
301.51851
301.51851
301.51851
301.51851
301.51851
301.51851
301.51851
301.51851
301.51851
301.51851
301.51851
301.51851
301.51851
301.51851
301.51851
301.51851
301.51851
301.51851
301.51851
301.51851
301.51851
301.51851
301.51851
301.51851
301.51851
301.51851
301.51851
301.51851
301.51851
301.51851
301.51851
301.51851
301.51851
301.51851
301.51851
301.51851
301.47519
301.47519
301.47519
301.47519
301.47519
301.47519
301.47519
301.47519
301.47519
301.47519
301.47519
301.47519
301.47519
301.47519
301.47519
301.47519
301.47519
301.47519
301.47519
301.47519
301.47519
301.47519
301.47519
301.47519
301.47519
301.47519
301.47519
301.47519
301.47519
301.47519
301.47519
301.47519
301.47519
301.47519
301.47519
301.47519
301.43152
301.43152
301.43152
301.43152
301.43152
301.43152
301.43152
301.43152
301.43152
301.43152
301.43152
301.43152
301.43152
301.43152
301.43152
301.43152
301.43152
301.43152
301.43152
301.43152
301.43152
301.43152
301.43152
301.43152
301.43152
301.43152
301.43152
301.43152
301.43152
301.43152
301.43152
301.43152
301.43152
301.43152
301.43152
301.43152
301.38749
301.38749
301.38749
301.38749
301.38749
301.38749
301.38749
301.38749
301.38749
301.38749
301.38749
301.38749
301.38749
301.38749
301.38749
301.38749
301.38749
301.38749
301.38749
301.38749
301.38749
301.38749
301.38749
301.38749
301.38749
301.38749
301.38749
301.38749
301.38749
301.38749
301.38749
301.38749
301.38749
301.38749
301.38749
301.38749
305.29107
305.29107
305.29107
305.29107
305.29107
305.29107
305.29107
305.29107
305.29107
305.29107
305.29107
305.29107
305.29107
305.29107
305.29107
305.29107
305.29107
305.29107
305.29107
305.29107
305.29107
305.29107
305.29107
305.29107
305.29107
305.29107
305.29107
305.29107
305.29107
305.29107
305.29107
305.29107
305.29107
305.29107
305.29107
305.29107
305.29879
305.29879
305.29879
305.29879
305.29879
305.29879
305.29879
305.29879
305.29879
305.29879
305.29879
305.29879
305.29879
305.29879
305.29879
305.29879
305.29879
305.29879
305.29879
305.29879
305.29879
305.29879
305.29879
305.29879
305.29879
305.29879
305.29879
305.29879
305.29879
305.29879
305.29879
305.29879
305.29879
305.29879
305.29879
305.29879
305.30309
305.30309
305.30309
305.30309
305.30309
305.30309
305.30309
305.30309
305.30309
305.30309
305.30309
305.30309
305.30309
305.30309
305.30309
305.30309
305.30309
305.30309
305.30309
305.30309
305.30309
305.30309
305.30309
305.30309
305.30309
305.30309
305.30309
305.30309
305.30309
305.30309
305.30309
305.30309
305.30309
305.30309
305.30309
305.30309
305.30434
305.30435
305.30435
305.30435
305.30435
305.30435
305.30435
305.30435
305.30435
305.30435
305.30435
305.30435
305.30435
305.30435
305.30435
305.30435
305.30435
305.30435
305.30435
305.30435
305.30435
305.30435
305.30435
305.30435
305.30435
305.30435
305.30435
305.30435
305.30435
305.30435
305.30435
305.30435
305.30435
305.30435
305.30435
305.30434
305.30284
305.30284
305.30284
305.30284
305.30284
305.30284
305.30284
305.30284
305.30284
305.30284
305.30284
305.30284
305.30284
305.30284
305.30284
305.30284
305.30284
305.30284
305.30284
305.30284
305.30284
305.30284
305.30284
305.30284
305.30284
305.30284
305.30284
305.30284
305.30284
305.30284
305.30284
305.30284
305.30284
305.30284
305.30284
305.30284
305.29877
305.29877
305.29877
305.29877
305.29877
305.29877
305.29877
305.29877
305.29877
305.29877
305.29877
305.29877
305.29877
305.29877
305.29877
305.29877
305.29877
305.29877
305.29877
305.29877
305.29877
305.29877
305.29877
305.29877
305.29877
305.29877
305.29877
305.29877
305.29877
305.29877
305.29877
305.29877
305.29877
305.29877
305.29877
305.29877
305.29228
305.29228
305.29228
305.29228
305.29228
305.29228
305.29228
305.29228
305.29228
305.29228
305.29228
305.29228
305.29228
305.29228
305.29228
305.29228
305.29228
305.29228
305.29228
305.29228
305.29228
305.29228
305.29228
305.29228
305.29228
305.29228
305.29228
305.29228
305.29228
305.29228
305.29228
305.29228
305.29228
305.29228
305.29228
305.29228
305.28348
305.28348
305.28348
305.28348
305.28348
305.28348
305.28348
305.28348
305.28348
305.28348
305.28348
305.28348
305.28348
305.28348
305.28348
305.28348
305.28348
305.28348
305.28348
305.28348
305.28348
305.28348
305.28348
305.28348
305.28348
305.28348
305.28348
305.28348
305.28348
305.28348
305.28348
305.28348
305.28348
305.28348
305.28348
305.28348
305.27245
305.27245
305.27245
305.27245
305.27245
305.27245
305.27245
305.27245
305.27245
305.27245
305.27245
305.27245
305.27245
305.27245
305.27245
305.27245
305.27245
305.27245
305.27245
305.27245
305.27245
305.27245
305.27245
305.27245
305.27245
305.27245
305.27245
305.27245
305.27245
305.27245
305.27245
305.27245
305.27245
305.27245
305.27245
305.27245
305.25999
305.25999
305.25999
305.25999
305.25999
305.25999
305.25999
305.25999
305.25999
305.25999
305.25999
305.25999
305.25999
305.25999
305.25999
305.25999
305.25999
305.25999
305.25999
305.25999
305.25999
305.25999
305.25999
305.25999
305.25999
305.25999
305.25999
305.25999
305.25999
305.25999
305.25999
305.25999
305.25999
305.25999
305.25999
305.25999
305.24611
305.24611
305.24611
305.24611
305.24611
305.24611
305.24611
305.24611
305.24611
305.24611
305.24611
305.24611
305.24611
305.24611
305.24611
305.24611
305.24611
305.24611
305.24611
305.24611
305.24611
305.24611
305.24611
305.24611
305.24611
305.24611
305.24611
305.24611
305.24611
305.24611
305.24611
305.24611
305.24611
305.24611
305.24611
305.24611
305.2308
305.2308
305.2308
305.2308
305.2308
305.2308
305.2308
305.2308
305.2308
305.2308
305.2308
305.2308
305.2308
305.2308
305.2308
305.2308
305.2308
305.2308
305.2308
305.2308
305.2308
305.2308
305.2308
305.2308
305.2308
305.2308
305.2308
305.2308
305.2308
305.2308
305.2308
305.2308
305.2308
305.2308
305.2308
305.2308
305.21405
305.21405
305.21405
305.21405
305.21405
305.21405
305.21405
305.21405
305.21405
305.21405
305.21405
305.21405
305.21405
305.21405
305.21405
305.21405
305.21405
305.21405
305.21405
305.21405
305.21405
305.21405
305.21405
305.21405
305.21405
305.21405
305.21405
305.21405
305.21405
305.21405
305.21405
305.21405
305.21405
305.21405
305.21405
305.21405
305.19585
305.19585
305.19585
305.19585
305.19585
305.19585
305.19585
305.19585
305.19585
305.19585
305.19585
305.19585
305.19585
305.19585
305.19585
305.19585
305.19585
305.19585
305.19585
305.19585
305.19585
305.19585
305.19585
305.19585
305.19585
305.19585
305.19585
305.19585
305.19585
305.19585
305.19585
305.19585
305.19585
305.19585
305.19585
305.19585
305.17621
305.17621
305.17621
305.17621
305.17621
305.17621
305.17621
305.17621
305.17621
305.17621
305.17621
305.17621
305.17621
305.17621
305.17621
305.17621
305.17621
305.17621
305.17621
305.17621
305.17621
305.17621
305.17621
305.17621
305.17621
305.17621
305.17621
305.17621
305.17621
305.17621
305.17621
305.17621
305.17621
305.17621
305.17621
305.17621
305.1551
305.1551
305.1551
305.1551
305.1551
305.1551
305.1551
305.15511
305.1551
305.1551
305.15511
305.15511
305.1551
305.1551
305.1551
305.15511
305.15511
305.1551
305.1551
305.15511
305.15511
305.1551
305.1551
305.1551
305.15511
305.15511
305.1551
305.1551
305.15511
305.15511
305.1551
305.1551
305.1551
305.1551
305.1551
305.1551
305.1329
305.1329
305.1329
305.1329
305.1329
305.1329
305.1329
305.1329
305.1329
305.1329
305.1329
305.1329
305.1329
305.1329
305.1329
305.1329
305.1329
305.1329
305.1329
305.1329
305.1329
305.1329
305.1329
305.1329
305.1329
305.1329
305.1329
305.1329
305.1329
305.1329
305.1329
305.1329
305.1329
305.1329
305.1329
305.1329
305.10957
305.10957
305.10957
305.10957
305.10957
305.10957
305.10957
305.10957
305.10957
305.10957
305.10957
305.10957
305.10957
305.10957
305.10957
305.10957
305.10957
305.10957
305.10957
305.10957
305.10957
305.10957
305.10957
305.10957
305.10957
305.10957
305.10957
305.10957
305.10957
305.10957
305.10957
305.10957
305.10957
305.10957
305.10957
305.10957
305.08509
305.08509
305.08509
305.08509
305.08509
305.08509
305.08509
305.08509
305.08509
305.08509
305.08509
305.08509
305.08509
305.08509
305.08509
305.08509
305.08509
305.08509
305.08509
305.08509
305.08509
305.08509
305.08509
305.08509
305.08509
305.08509
305.08509
305.08509
305.08509
305.08509
305.08509
305.08509
305.08509
305.08509
305.08509
305.08509
305.05943
305.05943
305.05943
305.05943
305.05943
305.05943
305.05943
305.05943
305.05943
305.05943
305.05943
305.05943
305.05943
305.05943
305.05943
305.05943
305.05943
305.05943
305.05943
305.05943
305.05943
305.05943
305.05943
305.05943
305.05943
305.05943
305.05943
305.05943
305.05943
305.05943
305.05943
305.05943
305.05943
305.05943
305.05943
305.05943
305.03258
305.03258
305.03258
305.03258
305.03258
305.03258
305.03258
305.03258
305.03258
305.03258
305.03258
305.03258
305.03258
305.03258
305.03258
305.03258
305.03258
305.03258
305.03258
305.03258
305.03258
305.03258
305.03258
305.03258
305.03258
305.03258
305.03258
305.03258
305.03258
305.03258
305.03258
305.03258
305.03258
305.03258
305.03258
305.03258
305.00453
305.00453
305.00453
305.00453
305.00453
305.00453
305.00453
305.00453
305.00453
305.00453
305.00453
305.00453
305.00453
305.00453
305.00453
305.00453
305.00453
305.00453
305.00453
305.00453
305.00453
305.00453
305.00453
305.00453
305.00453
305.00453
305.00453
305.00453
305.00453
305.00453
305.00453
305.00453
305.00453
305.00453
305.00453
305.00453
304.97525
304.97525
304.97525
304.97525
304.97525
304.97525
304.97525
304.97525
304.97525
304.97525
304.97525
304.97525
304.97525
304.97525
304.97525
304.97525
304.97525
304.97525
304.97525
304.97525
304.97525
304.97525
304.97525
304.97525
304.97525
304.97525
304.97525
304.97525
304.97525
304.97525
304.97525
304.97525
304.97525
304.97525
304.97525
304.97525
304.94474
304.94474
304.94474
304.94474
304.94474
304.94474
304.94474
304.94474
304.94474
304.94474
304.94474
304.94474
304.94474
304.94474
304.94474
304.94474
304.94474
304.94474
304.94474
304.94474
304.94474
304.94474
304.94474
304.94474
304.94474
304.94474
304.94474
304.94474
304.94474
304.94474
304.94474
304.94474
304.94474
304.94474
304.94474
304.94474
304.91322
304.91322
304.91322
304.91322
304.91322
304.91322
304.91322
304.91322
304.91322
304.91322
304.91322
304.91322
304.91322
304.91322
304.91322
304.91322
304.91322
304.91322
304.91322
304.91322
304.91322
304.91322
304.91322
304.91322
304.91322
304.91322
304.91322
304.91322
304.91322
304.91322
304.91322
304.91322
304.91322
304.91322
304.91322
304.91322
304.88066
304.88066
304.88066
304.88066
304.88066
304.88066
304.88066
304.88066
304.88066
304.88066
304.88066
304.88066
304.88066
304.88066
304.88066
304.88066
304.88066
304.88066
304.88066
304.88066
304.88066
304.88066
304.88066
304.88066
304.88066
304.88066
304.88066
304.88066
304.88066
304.88066
304.88066
304.88066
304.88066
304.88066
304.88066
304.88066
304.84706
304.84706
304.84706
304.84706
304.84706
304.84706
304.84706
304.84706
304.84706
304.84706
304.84706
304.84706
304.84706
304.84706
304.84706
304.84706
304.84706
304.84706
304.84706
304.84706
304.84706
304.84706
304.84706
304.84706
304.84706
304.84706
304.84706
304.84706
304.84706
304.84706
304.84706
304.84706
304.84706
304.84706
304.84706
304.84706
304.81239
304.81239
304.81239
304.81239
304.81239
304.81239
304.81239
304.81239
304.81239
304.81239
304.81239
304.81239
304.81239
304.81239
304.81239
304.81239
304.81239
304.81239
304.81239
304.81239
304.81239
304.81239
304.81239
304.81239
304.81239
304.81239
304.81239
304.81239
304.81239
304.81239
304.81239
304.81239
304.81239
304.81239
304.81239
304.81239
304.77665
304.77665
304.77665
304.77665
304.77665
304.77665
304.77665
304.77665
304.77665
304.77665
304.77665
304.77665
304.77665
304.77665
304.77665
304.77665
304.77665
304.77665
304.77665
304.77665
304.77665
304.77665
304.77665
304.77665
304.77665
304.77665
304.77665
304.77665
304.77665
304.77665
304.77665
304.77665
304.77665
304.77665
304.77665
304.77665
304.73981
304.73981
304.73981
304.73981
304.73981
304.73981
304.73981
304.73981
304.73981
304.73981
304.73981
304.73981
304.73981
304.73981
304.73981
304.73981
304.73981
304.73981
304.73981
304.73981
304.73981
304.73981
304.73981
304.73981
304.73981
304.73981
304.73981
304.73981
304.73981
304.73981
304.73981
304.73981
304.73981
304.73981
304.73981
304.73981
304.70188
304.70188
304.70188
304.70188
304.70188
304.70188
304.70188
304.70188
304.70188
304.70188
304.70188
304.70188
304.70188
304.70188
304.70188
304.70188
304.70188
304.70188
304.70188
304.70188
304.70188
304.70188
304.70188
304.70188
304.70188
304.70188
304.70188
304.70188
304.70188
304.70188
304.70188
304.70188
304.70188
304.70188
304.70188
304.70188
304.66285
304.66285
304.66285
304.66285
304.66285
304.66285
304.66285
304.66285
304.66285
304.66285
304.66285
304.66285
304.66285
304.66285
304.66285
304.66285
304.66285
304.66285
304.66285
304.66285
304.66285
304.66285
304.66285
304.66285
304.66285
304.66285
304.66285
304.66285
304.66285
304.66285
304.66285
304.66285
304.66285
304.66285
304.66285
304.66285
304.62271
304.62271
304.62271
304.62271
304.62271
304.62271
304.62271
304.62271
304.62271
304.62271
304.62271
304.62271
304.62271
304.62271
304.62271
304.62271
304.62271
304.62271
304.62271
304.62271
304.62271
304.62271
304.62271
304.62271
304.62271
304.62271
304.62271
304.62271
304.62271
304.62271
304.62271
304.62271
304.62271
304.62271
304.62271
304.62271
304.58146
304.58146
304.58146
304.58146
304.58146
304.58146
304.58146
304.58146
304.58146
304.58146
304.58146
304.58146
304.58146
304.58146
304.58146
304.58146
304.58146
304.58146
304.58146
304.58146
304.58146
304.58146
304.58146
304.58146
304.58146
304.58146
304.58146
304.58146
304.58146
304.58146
304.58146
304.58146
304.58146
304.58146
304.58146
304.58146
304.5391
304.5391
304.5391
304.5391
304.5391
304.5391
304.5391
304.5391
304.5391
304.5391
304.5391
304.5391
304.5391
304.5391
304.5391
304.5391
304.5391
304.5391
304.5391
304.5391
304.5391
304.5391
304.5391
304.5391
304.5391
304.5391
304.5391
304.5391
304.5391
304.5391
304.5391
304.5391
304.5391
304.5391
304.5391
304.5391
304.49603
304.49603
304.49603
304.49603
304.49603
304.49603
304.49603
304.49603
304.49603
304.49603
304.49603
304.49603
304.49603
304.49603
304.49603
304.49603
304.49603
304.49603
304.49603
304.49603
304.49603
304.49603
304.49603
304.49603
304.49603
304.49603
304.49603
304.49603
304.49603
304.49603
304.49603
304.49603
304.49603
304.49603
304.49603
304.49603
304.45221
304.45221
304.45221
304.45221
304.45221
304.45221
304.45221
304.45221
304.45221
304.45221
304.45221
304.45221
304.45221
304.45221
304.45221
304.45221
304.45221
304.45221
304.45221
304.45221
304.45221
304.45221
304.45221
304.45221
304.45221
304.45221
304.45221
304.45221
304.45221
304.45221
304.45221
304.45221
304.45221
304.45221
304.45221
304.45221
304.40764
304.40764
304.40764
304.40764
304.40764
304.40764
304.40764
304.40764
304.40764
304.40764
304.40764
304.40764
304.40764
304.40764
304.40764
304.40764
304.40764
304.40764
304.40764
304.40764
304.40764
304.40764
304.40764
304.40764
304.40764
304.40764
304.40764
304.40764
304.40764
304.40764
304.40764
304.40764
304.40764
304.40764
304.40764
304.40764
304.3623
304.3623
304.3623
304.3623
304.3623
304.3623
304.3623
304.3623
304.3623
304.3623
304.3623
304.3623
304.3623
304.3623
304.3623
304.3623
304.3623
304.3623
304.3623
304.3623
304.3623
304.3623
304.3623
304.3623
304.3623
304.3623
304.3623
304.3623
304.3623
304.3623
304.3623
304.3623
304.3623
304.3623
304.3623
304.3623
304.31618
304.31618
304.31618
304.31618
304.31618
304.31618
304.31618
304.31618
304.31618
304.31618
304.31618
304.31618
304.31618
304.31618
304.31618
304.31618
304.31618
304.31618
304.31618
304.31618
304.31618
304.31618
304.31618
304.31618
304.31618
304.31618
304.31618
304.31618
304.31618
304.31618
304.31618
304.31618
304.31618
304.31618
304.31618
304.31618
304.26927
304.26927
304.26927
304.26927
304.26927
304.26927
304.26927
304.26927
304.26927
304.26927
304.26927
304.26927
304.26927
304.26927
304.26927
304.26927
304.26927
304.26927
304.26927
304.26927
304.26927
304.26927
304.26927
304.26927
304.26927
304.26927
304.26927
304.26927
304.26927
304.26927
304.26927
304.26927
304.26927
304.26927
304.26927
304.26927
304.22158
304.22158
304.22158
304.22158
304.22158
304.22158
304.22158
304.22158
304.22158
304.22158
304.22158
304.22158
304.22158
304.22158
304.22158
304.22158
304.22158
304.22158
304.22158
304.22158
304.22158
304.22158
304.22158
304.22158
304.22158
304.22158
304.22158
304.22158
304.22158
304.22158
304.22158
304.22158
304.22158
304.22158
304.22158
304.22158
304.1731
304.1731
304.1731
304.1731
304.1731
304.1731
304.1731
304.1731
304.1731
304.1731
304.1731
304.1731
304.1731
304.1731
304.1731
304.1731
304.1731
304.1731
304.1731
304.1731
304.1731
304.1731
304.1731
304.1731
304.1731
304.1731
304.1731
304.1731
304.1731
304.1731
304.1731
304.1731
304.1731
304.1731
304.1731
304.1731
304.12383
304.12383
304.12383
304.12383
304.12383
304.12383
304.12383
304.12383
304.12383
304.12383
304.12383
304.12383
304.12383
304.12383
304.12383
304.12383
304.12383
304.12383
304.12383
304.12383
304.12383
304.12383
304.12383
304.12383
304.12383
304.12383
304.12383
304.12383
304.12383
304.12383
304.12383
304.12383
304.12383
304.12383
304.12383
304.12383
304.07378
304.07378
304.07378
304.07378
304.07378
304.07378
304.07378
304.07378
304.07378
304.07378
304.07378
304.07378
304.07378
304.07378
304.07378
304.07378
304.07378
304.07378
304.07378
304.07378
304.07378
304.07378
304.07378
304.07378
304.07378
304.07378
304.07378
304.07378
304.07378
304.07378
304.07378
304.07378
304.07378
304.07378
304.07378
304.07378
304.02294
304.02294
304.02294
304.02294
304.02294
304.02294
304.02294
304.02294
304.02294
304.02294
304.02294
304.02294
304.02294
304.02294
304.02294
304.02294
304.02294
304.02294
304.02294
304.02294
304.02294
304.02294
304.02294
304.02294
304.02294
304.02294
304.02294
304.02294
304.02294
304.02294
304.02294
304.02294
304.02294
304.02294
304.02294
304.02294
303.97134
303.97134
303.97134
303.97134
303.97134
303.97134
303.97134
303.97134
303.97134
303.97134
303.97134
303.97134
303.97134
303.97134
303.97134
303.97134
303.97134
303.97134
303.97134
303.97134
303.97134
303.97134
303.97134
303.97134
303.97134
303.97134
303.97134
303.97134
303.97134
303.97134
303.97134
303.97134
303.97134
303.97134
303.97134
303.97134
303.91897
303.91897
303.91897
303.91897
303.91897
303.91897
303.91897
303.91897
303.91897
303.91897
303.91897
303.91897
303.91897
303.91897
303.91897
303.91897
303.91897
303.91897
303.91897
303.91897
303.91897
303.91897
303.91897
303.91897
303.91897
303.91897
303.91897
303.91897
303.91897
303.91897
303.91897
303.91897
303.91897
303.91897
303.91897
303.91897
303.86584
303.86584
303.86584
303.86584
303.86584
303.86584
303.86584
303.86584
303.86584
303.86584
303.86584
303.86584
303.86584
303.86584
303.86584
303.86584
303.86584
303.86584
303.86584
303.86584
303.86584
303.86584
303.86584
303.86584
303.86584
303.86584
303.86584
303.86584
303.86584
303.86584
303.86584
303.86584
303.86584
303.86584
303.86584
303.86584
303.81197
303.81197
303.81197
303.81197
303.81197
303.81197
303.81197
303.81197
303.81197
303.81197
303.81197
303.81197
303.81197
303.81197
303.81197
303.81197
303.81197
303.81197
303.81197
303.81197
303.81197
303.81197
303.81197
303.81197
303.81197
303.81197
303.81197
303.81197
303.81197
303.81197
303.81197
303.81197
303.81197
303.81197
303.81197
303.81197
303.75772
303.75772
303.75772
303.75772
303.75772
303.75772
303.75772
303.75772
303.75772
303.75772
303.75772
303.75772
303.75772
303.75772
303.75772
303.75772
303.75772
303.75772
303.75772
303.75772
303.75772
303.75772
303.75772
303.75772
303.75772
303.75772
303.75772
303.75772
303.75772
303.75772
303.75772
303.75772
303.75772
303.75772
303.75772
303.75772
303.70307
303.70307
303.70307
303.70307
303.70307
303.70307
303.70307
303.70307
303.70307
303.70307
303.70307
303.70307
303.70307
303.70307
303.70307
303.70307
303.70307
303.70307
303.70307
303.70307
303.70307
303.70307
303.70307
303.70307
303.70307
303.70307
303.70307
303.70307
303.70307
303.70307
303.70307
303.70307
303.70307
303.70307
303.70307
303.70307
303.64802
303.64802
303.64802
303.64802
303.64802
303.64802
303.64802
303.64802
303.64802
303.64802
303.64802
303.64802
303.64802
303.64802
303.64802
303.64802
303.64802
303.64802
303.64802
303.64802
303.64802
303.64802
303.64802
303.64802
303.64802
303.64802
303.64802
303.64802
303.64802
303.64802
303.64802
303.64802
303.64802
303.64802
303.64802
303.64802
303.59256
303.59256
303.59256
303.59256
303.59256
303.59256
303.59256
303.59256
303.59256
303.59256
303.59256
303.59256
303.59256
303.59256
303.59256
303.59256
303.59256
303.59256
303.59256
303.59256
303.59256
303.59256
303.59256
303.59256
303.59256
303.59256
303.59256
303.59256
303.59256
303.59256
303.59256
303.59256
303.59256
303.59256
303.59256
303.59256
303.5367
303.5367
303.5367
303.5367
303.5367
303.5367
303.5367
303.5367
303.5367
303.5367
303.5367
303.5367
303.5367
303.5367
303.5367
303.5367
303.5367
303.5367
303.5367
303.5367
303.5367
303.5367
303.5367
303.5367
303.5367
303.5367
303.5367
303.5367
303.5367
303.5367
303.5367
303.5367
303.5367
303.5367
303.5367
303.5367
303.48042
303.48042
303.48042
303.48042
303.48042
303.48042
303.48042
303.48042
303.48042
303.48042
303.48042
303.48042
303.48042
303.48042
303.48042
303.48042
303.48042
303.48042
303.48042
303.48042
303.48042
303.48042
303.48042
303.48042
303.48042
303.48042
303.48042
303.48042
303.48042
303.48042
303.48042
303.48042
303.48042
303.48042
303.48042
303.48042
303.42373
303.42373
303.42373
303.42373
303.42373
303.42373
303.42373
303.42373
303.42373
303.42373
303.42373
303.42373
303.42373
303.42373
303.42373
303.42373
303.42373
303.42373
303.42373
303.42373
303.42373
303.42373
303.42373
303.42373
303.42373
303.42373
303.42373
303.42373
303.42373
303.42373
303.42373
303.42373
303.42373
303.42373
303.42373
303.42373
303.36663
303.36663
303.36663
303.36663
303.36663
303.36663
303.36663
303.36663
303.36663
303.36663
303.36663
303.36663
303.36663
303.36663
303.36663
303.36663
303.36663
303.36663
303.36663
303.36663
303.36663
303.36663
303.36663
303.36663
303.36663
303.36663
303.36663
303.36663
303.36663
303.36663
303.36663
303.36663
303.36663
303.36663
303.36663
303.36663
303.30913
303.30913
303.30913
303.30913
303.30913
303.30913
303.30913
303.30913
303.30913
303.30913
303.30913
303.30913
303.30913
303.30913
303.30913
303.30913
303.30913
303.30913
303.30913
303.30913
303.30913
303.30913
303.30913
303.30913
303.30913
303.30913
303.30913
303.30913
303.30913
303.30913
303.30913
303.30913
303.30913
303.30913
303.30913
303.30913
303.25123
303.25123
303.25123
303.25123
303.25123
303.25123
303.25123
303.25123
303.25123
303.25123
303.25123
303.25123
303.25123
303.25123
303.25123
303.25123
303.25123
303.25123
303.25123
303.25123
303.25123
303.25123
303.25123
303.25123
303.25123
303.25123
303.25123
303.25123
303.25123
303.25123
303.25123
303.25123
303.25123
303.25123
303.25123
303.25123
303.19295
303.19295
303.19295
303.19295
303.19295
303.19295
303.19295
303.19295
303.19295
303.19295
303.19295
303.19295
303.19295
303.19295
303.19295
303.19295
303.19295
303.19295
303.19295
303.19295
303.19295
303.19295
303.19295
303.19295
303.19295
303.19295
303.19295
303.19295
303.19295
303.19295
303.19295
303.19295
303.19295
303.19295
303.19295
303.19295
303.13427
303.13427
303.13427
303.13427
303.13427
303.13427
303.13427
303.13427
303.13427
303.13427
303.13427
303.13427
303.13427
303.13427
303.13427
303.13427
303.13427
303.13427
303.13427
303.13427
303.13427
303.13427
303.13427
303.13427
303.13427
303.13427
303.13427
303.13427
303.13427
303.13427
303.13427
303.13427
303.13427
303.13427
303.13427
303.13427
303.07522
303.07522
303.07522
303.07522
303.07522
303.07522
303.07522
303.07522
303.07522
303.07522
303.07522
303.07522
303.07522
303.07522
303.07522
303.07522
303.07522
303.07522
303.07522
303.07522
303.07522
303.07522
303.07522
303.07522
303.07522
303.07522
303.07522
303.07522
303.07522
303.07522
303.07522
303.07522
303.07522
303.07522
303.07522
303.07522
303.01581
303.01581
303.01581
303.01581
303.01581
303.01581
303.01581
303.01581
303.01581
303.01581
303.01581
303.01581
303.01581
303.01581
303.01581
303.01581
303.01581
303.01581
303.01581
303.01581
303.01581
303.01581
303.01581
303.01581
303.01581
303.01581
303.01581
303.01581
303.01581
303.01581
303.01581
303.01581
303.01581
303.01581
303.01581
303.01581
302.95604
302.95604
302.95604
302.95604
302.95604
302.95604
302.95604
302.95604
302.95604
302.95604
302.95604
302.95604
302.95604
302.95604
302.95604
302.95604
302.95604
302.95604
302.95604
302.95604
302.95604
302.95604
302.95604
302.95604
302.95604
302.95604
302.95604
302.95604
302.95604
302.95604
302.95604
302.95604
302.95604
302.95604
302.95604
302.95604
302.89593
302.89593
302.89593
302.89593
302.89593
302.89593
302.89593
302.89593
302.89593
302.89593
302.89593
302.89593
302.89593
302.89593
302.89593
302.89593
302.89593
302.89593
302.89593
302.89593
302.89593
302.89593
302.89593
302.89593
302.89593
302.89593
302.89593
302.89593
302.89593
302.89593
302.89593
302.89593
302.89593
302.89593
302.89593
302.89593
302.83549
302.83549
302.83549
302.83549
302.83549
302.83549
302.83549
302.83549
302.83549
302.83549
302.83549
302.83549
302.83549
302.83549
302.83549
302.83549
302.83549
302.83549
302.83549
302.83549
302.83549
302.83549
302.83549
302.83549
302.83549
302.83549
302.83549
302.83549
302.83549
302.83549
302.83549
302.83549
302.83549
302.83549
302.83549
302.83549
302.77474
302.77474
302.77474
302.77474
302.77474
302.77474
302.77474
302.77474
302.77474
302.77474
302.77474
302.77474
302.77474
302.77474
302.77474
302.77474
302.77474
302.77474
302.77474
302.77474
302.77474
302.77474
302.77474
302.77474
302.77474
302.77474
302.77474
302.77474
302.77474
302.77474
302.77474
302.77474
302.77474
302.77474
302.77474
302.77474
302.71368
302.71368
302.71368
302.71368
302.71368
302.71368
302.71368
302.71368
302.71368
302.71368
302.71368
302.71368
302.71368
302.71368
302.71368
302.71368
302.71368
302.71368
302.71368
302.71368
302.71368
302.71368
302.71368
302.71368
302.71368
302.71368
302.71368
302.71368
302.71368
302.71368
302.71368
302.71368
302.71368
302.71368
302.71368
302.71368
302.65234
302.65234
302.65234
302.65234
302.65234
302.65234
302.65234
302.65234
302.65234
302.65234
302.65234
302.65234
302.65234
302.65234
302.65234
302.65234
302.65234
302.65234
302.65234
302.65234
302.65234
302.65234
302.65234
302.65234
302.65234
302.65234
302.65234
302.65234
302.65234
302.65234
302.65234
302.65234
302.65234
302.65234
302.65234
302.65234
307.71407
307.71407
307.71407
307.71407
307.71407
307.71407
307.71407
307.71407
307.71407
307.71407
307.71407
307.71407
307.71407
307.71407
307.71407
307.71407
307.71407
307.71407
307.71407
307.71407
307.71407
307.71407
307.71407
307.71407
307.71407
307.71407
307.71407
307.71407
307.71407
307.71407
307.71407
307.71407
307.71407
307.71407
307.71407
307.71407
307.72436
307.72436
307.72436
307.72436
307.72436
307.72436
307.72436
307.72436
307.72436
307.72436
307.72436
307.72436
307.72436
307.72436
307.72436
307.72436
307.72436
307.72436
307.72436
307.72436
307.72436
307.72436
307.72436
307.72436
307.72436
307.72436
307.72436
307.72436
307.72436
307.72436
307.72436
307.72436
307.72436
307.72436
307.72436
307.72436
307.73009
307.73009
307.73009
307.73009
307.73009
307.73009
307.73009
307.73009
307.73009
307.73009
307.73009
307.73009
307.73009
307.73009
307.73009
307.73009
307.73009
307.73009
307.73009
307.73009
307.73009
307.73009
307.73009
307.73009
307.73009
307.73009
307.73009
307.73009
307.73009
307.73009
307.73009
307.73009
307.73009
307.73009
307.73009
307.73009
307.7317
307.7317
307.7317
307.7317
307.7317
307.7317
307.7317
307.7317
307.7317
307.7317
307.7317
307.7317
307.7317
307.7317
307.7317
307.7317
307.7317
307.7317
307.7317
307.7317
307.7317
307.7317
307.7317
307.7317
307.7317
307.7317
307.7317
307.7317
307.7317
307.7317
307.7317
307.7317
307.7317
307.7317
307.7317
307.7317
307.72956
307.72956
307.72956
307.72956
307.72956
307.72956
307.72956
307.72956
307.72956
307.72956
307.72956
307.72956
307.72956
307.72956
307.72956
307.72956
307.72956
307.72956
307.72956
307.72956
307.72956
307.72956
307.72956
307.72956
307.72956
307.72956
307.72956
307.72956
307.72956
307.72956
307.72956
307.72956
307.72956
307.72956
307.72956
307.72956
307.72392
307.72392
307.72392
307.72392
307.72392
307.72392
307.72392
307.72392
307.72392
307.72392
307.72392
307.72392
307.72392
307.72392
307.72392
307.72392
307.72392
307.72392
307.72392
307.72392
307.72392
307.72392
307.72392
307.72392
307.72392
307.72392
307.72392
307.72392
307.72392
307.72392
307.72392
307.72392
307.72392
307.72392
307.72392
307.72392
307.71501
307.71501
307.71501
307.71501
307.71501
307.71501
307.71501
307.71501
307.71501
307.71501
307.71501
307.71501
307.71501
307.71501
307.71501
307.71501
307.71501
307.71501
307.71501
307.71501
307.71501
307.71501
307.71501
307.71501
307.71501
307.71501
307.71501
307.71501
307.71501
307.71501
307.71501
307.71501
307.71501
307.71501
307.71501
307.71501
307.703
307.703
307.703
307.703
307.703
307.703
307.703
307.703
307.703
307.703
307.703
307.703
307.703
307.703
307.703
307.703
307.703
307.703
307.703
307.703
307.703
307.703
307.703
307.703
307.703
307.703
307.703
307.703
307.703
307.703
307.703
307.703
307.703
307.703
307.703
307.703
307.68803
307.68803
307.68803
307.68803
307.68803
307.68803
307.68803
307.68803
307.68803
307.68803
307.68803
307.68803
307.68803
307.68803
307.68803
307.68803
307.68803
307.68803
307.68803
307.68803
307.68803
307.68803
307.68803
307.68803
307.68803
307.68803
307.68803
307.68803
307.68803
307.68803
307.68803
307.68803
307.68803
307.68803
307.68803
307.68803
307.67095
307.67095
307.67095
307.67095
307.67095
307.67095
307.67095
307.67095
307.67095
307.67095
307.67095
307.67095
307.67095
307.67095
307.67095
307.67095
307.67095
307.67095
307.67095
307.67095
307.67095
307.67095
307.67095
307.67095
307.67095
307.67095
307.67095
307.67095
307.67095
307.67095
307.67095
307.67095
307.67095
307.67095
307.67095
307.67095
307.65182
307.65182
307.65182
307.65182
307.65182
307.65182
307.65182
307.65182
307.65182
307.65182
307.65182
307.65182
307.65182
307.65182
307.65182
307.65182
307.65182
307.65182
307.65182
307.65182
307.65182
307.65182
307.65182
307.65182
307.65182
307.65182
307.65182
307.65182
307.65182
307.65182
307.65182
307.65182
307.65182
307.65182
307.65182
307.65182
307.63065
307.63065
307.63065
307.63065
307.63065
307.63065
307.63065
307.63065
307.63065
307.63065
307.63065
307.63065
307.63065
307.63065
307.63065
307.63065
307.63065
307.63065
307.63065
307.63065
307.63065
307.63065
307.63065
307.63065
307.63065
307.63065
307.63065
307.63065
307.63065
307.63065
307.63065
307.63065
307.63065
307.63065
307.63065
307.63065
307.60748
307.60748
307.60748
307.60748
307.60748
307.60748
307.60748
307.60748
307.60748
307.60748
307.60748
307.60748
307.60748
307.60748
307.60748
307.60748
307.60748
307.60748
307.60748
307.60748
307.60748
307.60748
307.60748
307.60748
307.60748
307.60748
307.60748
307.60748
307.60748
307.60748
307.60748
307.60748
307.60748
307.60748
307.60748
307.60748
307.58231
307.58231
307.58231
307.58231
307.58231
307.58231
307.58231
307.58231
307.58231
307.58231
307.58231
307.58231
307.58231
307.58231
307.58231
307.58231
307.58231
307.58231
307.58231
307.58231
307.58231
307.58231
307.58231
307.58231
307.58231
307.58231
307.58231
307.58231
307.58231
307.58231
307.58231
307.58231
307.58231
307.58231
307.58231
307.58231
307.55517
307.55517
307.55517
307.55517
307.55517
307.55517
307.55517
307.55517
307.55517
307.55517
307.55517
307.55517
307.55517
307.55517
307.55517
307.55517
307.55517
307.55517
307.55517
307.55517
307.55517
307.55517
307.55517
307.55517
307.55517
307.55517
307.55517
307.55517
307.55517
307.55517
307.55517
307.55517
307.55517
307.55517
307.55517
307.55517
307.52606
307.52606
307.52606
307.52606
307.52606
307.52606
307.52606
307.52606
307.52606
307.52606
307.52606
307.52606
307.52606
307.52606
307.52606
307.52606
307.52606
307.52606
307.52606
307.52606
307.52606
307.52606
307.52606
307.52606
307.52606
307.52606
307.52606
307.52606
307.52606
307.52606
307.52606
307.52606
307.52606
307.52606
307.52606
307.52606
307.49535
307.49535
307.49535
307.49535
307.49535
307.49535
307.49535
307.49535
307.49535
307.49535
307.49535
307.49535
307.49535
307.49535
307.49535
307.49535
307.49535
307.49535
307.49535
307.49535
307.49535
307.49535
307.49535
307.49535
307.49535
307.49535
307.49535
307.49535
307.49535
307.49535
307.49535
307.49535
307.49535
307.49535
307.49535
307.49535
307.46303
307.46303
307.46303
307.46303
307.46303
307.46303
307.46303
307.46303
307.46303
307.46303
307.46303
307.46303
307.46303
307.46303
307.46303
307.46303
307.46303
307.46303
307.46303
307.46303
307.46303
307.46303
307.46303
307.46303
307.46303
307.46303
307.46303
307.46303
307.46303
307.46303
307.46303
307.46303
307.46303
307.46303
307.46303
307.46303
307.42909
307.42909
307.42909
307.42909
307.42909
307.42909
307.42909
307.42909
307.42909
307.42909
307.42909
307.42909
307.42909
307.42909
307.42909
307.42909
307.42909
307.42909
307.42909
307.42909
307.42909
307.42909
307.42909
307.42909
307.42909
307.42909
307.42909
307.42909
307.42909
307.42909
307.42909
307.42909
307.42909
307.42909
307.42909
307.42909
307.39351
307.39351
307.39351
307.39351
307.39351
307.39351
307.39351
307.39351
307.39351
307.39351
307.39351
307.39351
307.39351
307.39351
307.39351
307.39351
307.39351
307.39351
307.39351
307.39351
307.39351
307.39351
307.39351
307.39351
307.39351
307.39351
307.39351
307.39351
307.39351
307.39351
307.39351
307.39351
307.39351
307.39351
307.39351
307.39351
307.35628
307.35628
307.35628
307.35628
307.35628
307.35628
307.35628
307.35628
307.35628
307.35628
307.35628
307.35628
307.35628
307.35628
307.35628
307.35628
307.35628
307.35628
307.35628
307.35628
307.35628
307.35628
307.35628
307.35628
307.35628
307.35628
307.35628
307.35628
307.35628
307.35628
307.35628
307.35628
307.35628
307.35628
307.35628
307.35628
307.3174
307.3174
307.3174
307.3174
307.3174
307.3174
307.3174
307.3174
307.3174
307.3174
307.3174
307.3174
307.3174
307.3174
307.3174
307.3174
307.3174
307.3174
307.3174
307.3174
307.3174
307.3174
307.3174
307.3174
307.3174
307.3174
307.3174
307.3174
307.3174
307.3174
307.3174
307.3174
307.3174
307.3174
307.3174
307.3174
307.27685
307.27685
307.27685
307.27685
307.27685
307.27685
307.27685
307.27685
307.27685
307.27685
307.27685
307.27685
307.27685
307.27685
307.27685
307.27685
307.27685
307.27685
307.27685
307.27685
307.27685
307.27685
307.27685
307.27685
307.27685
307.27685
307.27685
307.27685
307.27685
307.27685
307.27685
307.27685
307.27685
307.27685
307.27685
307.27685
307.23463
307.23463
307.23463
307.23463
307.23463
307.23463
307.23463
307.23463
307.23463
307.23463
307.23463
307.23463
307.23463
307.23463
307.23463
307.23463
307.23463
307.23463
307.23463
307.23463
307.23463
307.23463
307.23463
307.23463
307.23463
307.23463
307.23463
307.23463
307.23463
307.23463
307.23463
307.23463
307.23463
307.23463
307.23463
307.23463
307.19098
307.19098
307.19098
307.19098
307.19098
307.19098
307.19098
307.19098
307.19098
307.19098
307.19098
307.19098
307.19098
307.19098
307.19098
307.19098
307.19098
307.19098
307.19098
307.19098
307.19098
307.19098
307.19098
307.19098
307.19098
307.19098
307.19098
307.19098
307.19098
307.19098
307.19098
307.19098
307.19098
307.19098
307.19098
307.19098
307.14587
307.14587
307.14587
307.14587
307.14587
307.14587
307.14587
307.14587
307.14587
307.14587
307.14587
307.14587
307.14587
307.14587
307.14587
307.14587
307.14587
307.14587
307.14587
307.14587
307.14587
307.14587
307.14587
307.14587
307.14587
307.14587
307.14587
307.14587
307.14587
307.14587
307.14587
307.14587
307.14587
307.14587
307.14587
307.14587
307.09931
307.09931
307.09931
307.09931
307.09931
307.09931
307.09931
307.09931
307.09931
307.09931
307.09931
307.09931
307.09931
307.09931
307.09931
307.09931
307.09931
307.09931
307.09931
307.09931
307.09931
307.09931
307.09931
307.09931
307.09931
307.09931
307.09931
307.09931
307.09931
307.09931
307.09931
307.09931
307.09931
307.09931
307.09931
307.09931
307.05127
307.05127
307.05127
307.05127
307.05127
307.05127
307.05127
307.05127
307.05127
307.05127
307.05127
307.05127
307.05127
307.05127
307.05127
307.05127
307.05127
307.05127
307.05127
307.05127
307.05127
307.05127
307.05127
307.05127
307.05127
307.05127
307.05127
307.05127
307.05127
307.05127
307.05127
307.05127
307.05127
307.05127
307.05127
307.05127
307.00175
307.00175
307.00175
307.00175
307.00175
307.00175
307.00175
307.00175
307.00175
307.00175
307.00175
307.00175
307.00175
307.00175
307.00175
307.00175
307.00175
307.00175
307.00175
307.00175
307.00175
307.00175
307.00175
307.00175
307.00175
307.00175
307.00175
307.00175
307.00175
307.00175
307.00175
307.00175
307.00175
307.00175
307.00175
307.00175
306.95075
306.95075
306.95075
306.95075
306.95075
306.95075
306.95075
306.95075
306.95075
306.95075
306.95075
306.95075
306.95075
306.95075
306.95075
306.95075
306.95075
306.95075
306.95075
306.95075
306.95075
306.95075
306.95075
306.95075
306.95075
306.95075
306.95075
306.95075
306.95075
306.95075
306.95075
306.95075
306.95075
306.95075
306.95075
306.95075
306.89827
306.89827
306.89827
306.89827
306.89827
306.89827
306.89827
306.89827
306.89827
306.89827
306.89827
306.89827
306.89827
306.89827
306.89827
306.89827
306.89827
306.89827
306.89827
306.89827
306.89827
306.89827
306.89827
306.89827
306.89827
306.89827
306.89827
306.89827
306.89827
306.89827
306.89827
306.89827
306.89827
306.89827
306.89827
306.89827
306.84431
306.84431
306.84431
306.84431
306.84431
306.84431
306.84431
306.84431
306.84431
306.84431
306.84431
306.84431
306.84431
306.84431
306.84431
306.84431
306.84431
306.84431
306.84431
306.84431
306.84431
306.84431
306.84431
306.84431
306.84431
306.84431
306.84431
306.84431
306.84431
306.84431
306.84431
306.84431
306.84431
306.84431
306.84431
306.84431
306.78888
306.78888
306.78888
306.78888
306.78888
306.78888
306.78888
306.78888
306.78888
306.78888
306.78888
306.78888
306.78888
306.78888
306.78888
306.78888
306.78888
306.78888
306.78888
306.78888
306.78888
306.78888
306.78888
306.78888
306.78888
306.78888
306.78888
306.78888
306.78888
306.78888
306.78888
306.78888
306.78888
306.78888
306.78888
306.78888
306.732
306.732
306.732
306.732
306.732
306.732
306.732
306.732
306.732
306.732
306.732
306.732
306.732
306.732
306.732
306.732
306.732
306.732
306.732
306.732
306.732
306.732
306.732
306.732
306.732
306.732
306.732
306.732
306.732
306.732
306.732
306.732
306.732
306.732
306.732
306.732
306.67365
306.67365
306.67365
306.67365
306.67365
306.67365
306.67365
306.67365
306.67365
306.67365
306.67365
306.67365
306.67365
306.67365
306.67365
306.67365
306.67365
306.67365
306.67365
306.67365
306.67365
306.67365
306.67365
306.67365
306.67365
306.67365
306.67365
306.67365
306.67365
306.67365
306.67365
306.67365
306.67365
306.67365
306.67365
306.67365
306.61426
306.61426
306.61426
306.61426
306.61426
306.61426
306.61426
306.61426
306.61426
306.61426
306.61426
306.61426
306.61426
306.61426
306.61426
306.61426
306.61426
306.61426
306.61426
306.61426
306.61426
306.61426
306.61426
306.61426
306.61426
306.61426
306.61426
306.61426
306.61426
306.61426
306.61426
306.61426
306.61426
306.61426
306.61426
306.61426
306.55382
306.55382
306.55382
306.55382
306.55382
306.55382
306.55382
306.55382
306.55382
306.55382
306.55382
306.55382
306.55382
306.55382
306.55382
306.55382
306.55382
306.55382
306.55382
306.55382
306.55382
306.55382
306.55382
306.55382
306.55382
306.55382
306.55382
306.55382
306.55382
306.55382
306.55382
306.55382
306.55382
306.55382
306.55382
306.55382
306.4923
306.4923
306.4923
306.4923
306.4923
306.4923
306.4923
306.4923
306.4923
306.4923
306.4923
306.4923
306.4923
306.4923
306.4923
306.4923
306.4923
306.4923
306.4923
306.4923
306.4923
306.4923
306.4923
306.4923
306.4923
306.4923
306.4923
306.4923
306.4923
306.4923
306.4923
306.4923
306.4923
306.4923
306.4923
306.4923
306.42973
306.42973
306.42973
306.42973
306.42973
306.42973
306.42973
306.42973
306.42973
306.42973
306.42973
306.42973
306.42973
306.42973
306.42973
306.42973
306.42973
306.42973
306.42973
306.42973
306.42973
306.42973
306.42973
306.42973
306.42973
306.42973
306.42973
306.42973
306.42973
306.42973
306.42973
306.42973
306.42973
306.42973
306.42973
306.42973
306.36608
306.36608
306.36608
306.36608
306.36608
306.36608
306.36608
306.36608
306.36608
306.36608
306.36608
306.36608
306.36608
306.36608
306.36608
306.36608
306.36608
306.36608
306.36608
306.36608
306.36608
306.36608
306.36608
306.36608
306.36608
306.36608
306.36608
306.36608
306.36608
306.36608
306.36608
306.36608
306.36608
306.36608
306.36608
306.36608
306.30138
306.30138
306.30138
306.30138
306.30138
306.30138
306.30138
306.30138
306.30138
306.30138
306.30138
306.30138
306.30138
306.30138
306.30138
306.30138
306.30138
306.30138
306.30138
306.30138
306.30138
306.30138
306.30138
306.30138
306.30138
306.30138
306.30138
306.30138
306.30138
306.30138
306.30138
306.30138
306.30138
306.30138
306.30138
306.30138
306.23562
306.23562
306.23562
306.23562
306.23562
306.23562
306.23562
306.23562
306.23562
306.23562
306.23562
306.23562
306.23562
306.23562
306.23562
306.23562
306.23562
306.23562
306.23562
306.23562
306.23562
306.23562
306.23562
306.23562
306.23562
306.23562
306.23562
306.23562
306.23562
306.23562
306.23562
306.23562
306.23562
306.23562
306.23562
306.23562
306.16881
306.16881
306.16881
306.16881
306.16881
306.16881
306.16881
306.16881
306.16881
306.16881
306.16881
306.16881
306.16881
306.16881
306.16881
306.16881
306.16881
306.16881
306.16881
306.16881
306.16881
306.16881
306.16881
306.16881
306.16881
306.16881
306.16881
306.16881
306.16881
306.16881
306.16881
306.16881
306.16881
306.16881
306.16881
306.16881
306.10098
306.10098
306.10098
306.10098
306.10098
306.10098
306.10098
306.10098
306.10098
306.10098
306.10098
306.10098
306.10098
306.10098
306.10098
306.10098
306.10098
306.10098
306.10098
306.10098
306.10098
306.10098
306.10098
306.10098
306.10098
306.10098
306.10098
306.10098
306.10098
306.10098
306.10098
306.10098
306.10098
306.10098
306.10098
306.10098
306.03213
306.03213
306.03213
306.03213
306.03213
306.03213
306.03213
306.03213
306.03213
306.03213
306.03213
306.03213
306.03213
306.03213
306.03213
306.03213
306.03213
306.03213
306.03213
306.03213
306.03213
306.03213
306.03213
306.03213
306.03213
306.03213
306.03213
306.03213
306.03213
306.03213
306.03213
306.03213
306.03213
306.03213
306.03213
306.03213
305.96228
305.96228
305.96228
305.96228
305.96228
305.96228
305.96228
305.96228
305.96228
305.96228
305.96228
305.96228
305.96228
305.96228
305.96228
305.96228
305.96228
305.96228
305.96228
305.96228
305.96228
305.96228
305.96228
305.96228
305.96228
305.96228
305.96228
305.96228
305.96228
305.96228
305.96228
305.96228
305.96228
305.96228
305.96228
305.96228
305.89146
305.89146
305.89146
305.89146
305.89146
305.89146
305.89146
305.89146
305.89146
305.89146
305.89146
305.89146
305.89146
305.89146
305.89146
305.89146
305.89146
305.89146
305.89146
305.89146
305.89146
305.89146
305.89146
305.89146
305.89146
305.89146
305.89146
305.89146
305.89146
305.89146
305.89146
305.89146
305.89146
305.89146
305.89146
305.89146
305.81968
305.81968
305.81968
305.81968
305.81968
305.81968
305.81968
305.81968
305.81968
305.81968
305.81968
305.81968
305.81968
305.81968
305.81968
305.81968
305.81968
305.81968
305.81968
305.81968
305.81968
305.81968
305.81968
305.81968
305.81968
305.81968
305.81968
305.81968
305.81968
305.81968
305.81968
305.81968
305.81968
305.81968
305.81968
305.81968
305.74696
305.74696
305.74696
305.74696
305.74696
305.74696
305.74696
305.74696
305.74696
305.74696
305.74696
305.74696
305.74696
305.74696
305.74696
305.74696
305.74696
305.74696
305.74696
305.74696
305.74696
305.74696
305.74696
305.74696
305.74696
305.74696
305.74696
305.74696
305.74696
305.74696
305.74696
305.74696
305.74696
305.74696
305.74696
305.74696
305.67334
305.67334
305.67334
305.67334
305.67334
305.67334
305.67334
305.67334
305.67334
305.67334
305.67334
305.67334
305.67334
305.67334
305.67334
305.67334
305.67334
305.67334
305.67334
305.67334
305.67334
305.67334
305.67334
305.67334
305.67334
305.67334
305.67334
305.67334
305.67334
305.67334
305.67334
305.67334
305.67334
305.67334
305.67334
305.67334
305.59918
305.59919
305.59918
305.59918
305.59918
305.59918
305.59918
305.59918
305.59918
305.59918
305.59918
305.59918
305.59918
305.59918
305.59918
305.59918
305.59918
305.59918
305.59918
305.59918
305.59918
305.59918
305.59918
305.59918
305.59918
305.59918
305.59918
305.59918
305.59918
305.59918
305.59918
305.59918
305.59918
305.59918
305.59919
305.59918
305.5245
305.5245
305.5245
305.5245
305.5245
305.5245
305.5245
305.5245
305.5245
305.5245
305.5245
305.5245
305.5245
305.5245
305.5245
305.5245
305.5245
305.5245
305.5245
305.5245
305.5245
305.5245
305.5245
305.5245
305.5245
305.5245
305.5245
305.5245
305.5245
305.5245
305.5245
305.5245
305.5245
305.5245
305.5245
305.5245
305.44929
305.44929
305.44929
305.44929
305.44929
305.44929
305.44929
305.44929
305.44929
305.44929
305.44929
305.44929
305.44929
305.44929
305.44929
305.44929
305.44929
305.44929
305.44929
305.44929
305.44929
305.44929
305.44929
305.44929
305.44929
305.44929
305.44929
305.44929
305.44929
305.44929
305.44929
305.44929
305.44929
305.44929
305.44929
305.44929
305.37357
305.37357
305.37357
305.37357
305.37357
305.37357
305.37357
305.37357
305.37357
305.37357
305.37357
305.37357
305.37357
305.37357
305.37357
305.37357
305.37357
305.37357
305.37357
305.37357
305.37357
305.37357
305.37357
305.37357
305.37357
305.37357
305.37357
305.37357
305.37357
305.37357
305.37357
305.37357
305.37357
305.37357
305.37357
305.37357
305.29735
305.29735
305.29735
305.29735
305.29735
305.29735
305.29735
305.29735
305.29735
305.29735
305.29735
305.29735
305.29735
305.29735
305.29735
305.29735
305.29735
305.29735
305.29735
305.29735
305.29735
305.29735
305.29735
305.29735
305.29735
305.29735
305.29735
305.29735
305.29735
305.29735
305.29735
305.29735
305.29735
305.29735
305.29735
305.29735
305.22064
305.22064
305.22064
305.22064
305.22064
305.22064
305.22064
305.22064
305.22064
305.22064
305.22064
305.22064
305.22064
305.22064
305.22064
305.22064
305.22064
305.22064
305.22064
305.22064
305.22064
305.22064
305.22064
305.22064
305.22064
305.22064
305.22064
305.22064
305.22064
305.22064
305.22064
305.22064
305.22064
305.22064
305.22064
305.22064
305.14345
305.14345
305.14345
305.14345
305.14345
305.14345
305.14345
305.14345
305.14345
305.14345
305.14345
305.14345
305.14345
305.14345
305.14345
305.14345
305.14345
305.14345
305.14345
305.14345
305.14345
305.14345
305.14345
305.14345
305.14345
305.14345
305.14345
305.14345
305.14345
305.14345
305.14345
305.14345
305.14345
305.14345
305.14345
305.14345
305.06582
305.06582
305.06582
305.06582
305.06582
305.06582
305.06582
305.06582
305.06582
305.06582
305.06582
305.06582
305.06582
305.06582
305.06582
305.06582
305.06582
305.06582
305.06582
305.06582
305.06582
305.06582
305.06582
305.06582
305.06582
305.06582
305.06582
305.06582
305.06582
305.06582
305.06582
305.06582
305.06582
305.06582
305.06582
305.06582
304.98774
304.98774
304.98774
304.98774
304.98774
304.98774
304.98774
304.98774
304.98774
304.98774
304.98774
304.98774
304.98774
304.98774
304.98774
304.98774
304.98774
304.98774
304.98774
304.98774
304.98774
304.98774
304.98774
304.98774
304.98774
304.98774
304.98774
304.98774
304.98774
304.98774
304.98774
304.98774
304.98774
304.98774
304.98774
304.98774
304.90925
304.90925
304.90925
304.90925
304.90925
304.90925
304.90925
304.90925
304.90925
304.90925
304.90925
304.90925
304.90925
304.90925
304.90925
304.90925
304.90925
304.90925
304.90925
304.90925
304.90925
304.90925
304.90925
304.90925
304.90925
304.90925
304.90925
304.90925
304.90925
304.90925
304.90925
304.90925
304.90925
304.90925
304.90925
304.90925
304.83037
304.83037
304.83037
304.83037
304.83037
304.83037
304.83037
304.83037
304.83037
304.83037
304.83037
304.83037
304.83037
304.83037
304.83037
304.83037
304.83037
304.83037
304.83037
304.83037
304.83037
304.83037
304.83037
304.83037
304.83037
304.83037
304.83037
304.83037
304.83037
304.83037
304.83037
304.83037
304.83037
304.83037
304.83037
304.83037
304.75112
304.75112
304.75112
304.75112
304.75112
304.75112
304.75112
304.75112
304.75112
304.75112
304.75112
304.75112
304.75112
304.75112
304.75112
304.75112
304.75112
304.75112
304.75112
304.75112
304.75112
304.75112
304.75112
304.75112
304.75112
304.75112
304.75112
304.75112
304.75112
304.75112
304.75112
304.75112
304.75112
304.75112
304.75112
304.75112
304.67152
304.67152
304.67152
304.67152
304.67152
304.67152
304.67152
304.67152
304.67152
304.67152
304.67152
304.67152
304.67152
304.67152
304.67152
304.67152
304.67152
304.67152
304.67152
304.67152
304.67152
304.67152
304.67152
304.67152
304.67152
304.67152
304.67152
304.67152
304.67152
304.67152
304.67152
304.67152
304.67152
304.67152
304.67152
304.67152
304.5916
304.5916
304.5916
304.5916
304.5916
304.5916
304.5916
304.5916
304.5916
304.5916
304.5916
304.5916
304.5916
304.5916
304.5916
304.5916
304.5916
304.5916
304.5916
304.5916
304.5916
304.5916
304.5916
304.5916
304.5916
304.5916
304.5916
304.5916
304.5916
304.5916
304.5916
304.5916
304.5916
304.5916
304.5916
304.5916
304.51139
304.51139
304.51139
304.51139
304.51139
304.51139
304.51139
304.51139
304.51139
304.51139
304.51139
304.51139
304.51139
304.51139
304.51139
304.51139
304.51139
304.51139
304.51139
304.51139
304.51139
304.51139
304.51139
304.51139
304.51139
304.51139
304.51139
304.51139
304.51139
304.51139
304.51139
304.51139
304.51139
304.51139
304.51139
304.51139
304.43092
304.43092
304.43092
304.43092
304.43092
304.43092
304.43092
304.43092
304.43092
304.43092
304.43092
304.43092
304.43092
304.43092
304.43092
304.43092
304.43092
304.43092
304.43092
304.43092
304.43092
304.43092
304.43092
304.43092
304.43092
304.43092
304.43092
304.43092
304.43092
304.43092
304.43092
304.43092
304.43092
304.43092
304.43092
304.43092
304.35021
304.35021
304.35021
304.35021
304.35021
304.35021
304.35021
304.35021
304.35021
304.35021
304.35021
304.35021
304.35021
304.35021
304.35021
304.35021
304.35021
304.35021
304.35021
304.35021
304.35021
304.35021
304.35021
304.35021
304.35021
304.35021
304.35021
304.35021
304.35021
304.35021
304.35021
304.35021
304.35021
304.35021
304.35021
304.35021
304.26929
304.26929
304.26929
304.26929
304.26929
304.26929
304.26929
304.26929
304.26929
304.26929
304.26929
304.26929
304.26929
304.26929
304.26929
304.26929
304.26929
304.26929
304.26929
304.26929
304.26929
304.26929
304.26929
304.26929
304.26929
304.26929
304.26929
304.26929
304.26929
304.26929
304.26929
304.26929
304.26929
304.26929
304.26929
304.26929
304.18821
304.18821
304.18821
304.18821
304.18821
304.18821
304.18821
304.18821
304.18821
304.18821
304.18821
304.18821
304.18821
304.18821
304.18821
304.18821
304.18821
304.18821
304.18821
304.18821
304.18821
304.18821
304.18821
304.18821
304.18821
304.18821
304.18821
304.18821
304.18821
304.18821
304.18821
304.18821
304.18821
304.18821
304.18821
304.18821
304.10698
304.10698
304.10698
304.10698
304.10698
304.10698
304.10698
304.10698
304.10698
304.10698
304.10698
304.10698
304.10698
304.10698
304.10698
304.10698
304.10698
304.10698
304.10698
304.10698
304.10698
304.10698
304.10698
304.10698
304.10698
304.10698
304.10698
304.10698
304.10698
304.10698
304.10698
304.10698
304.10698
304.10698
304.10698
304.10698
310.52439
310.52439
310.52439
310.52439
310.52439
310.52439
310.52439
310.52439
310.52439
310.52439
310.52439
310.52439
310.52439
310.52439
310.52439
310.52439
310.52439
310.52439
310.52439
310.52439
310.52439
310.52439
310.52439
310.52439
310.52439
310.52439
310.52439
310.52439
310.52439
310.52439
310.52439
310.52439
310.52439
310.52439
310.52439
310.52439
310.53754
310.53754
310.53754
310.53754
310.53754
310.53754
310.53754
310.53754
310.53754
310.53754
310.53754
310.53754
310.53754
310.53754
310.53754
310.53754
310.53754
310.53754
310.53754
310.53754
310.53754
310.53754
310.53754
310.53754
310.53754
310.53754
310.53754
310.53754
310.53754
310.53754
310.53754
310.53754
310.53754
310.53754
310.53754
310.53754
310.54481
310.54481
310.54481
310.54481
310.54481
310.54481
310.54481
310.54481
310.54481
310.54481
310.54481
310.54481
310.54481
310.54481
310.54481
310.54481
310.54481
310.54481
310.54481
310.54481
310.54481
310.54481
310.54481
310.54481
310.54481
310.54481
310.54481
310.54481
310.54481
310.54481
310.54481
310.54481
310.54481
310.54481
310.54481
310.54481
310.54671
310.54671
310.54671
310.54671
310.54671
310.54671
310.54671
310.54671
310.54671
310.54671
310.54671
310.54671
310.54671
310.54671
310.54671
310.54671
310.54671
310.54671
310.54671
310.54671
310.54671
310.54671
310.54671
310.54671
310.54671
310.54671
310.54671
310.54671
310.54671
310.54671
310.54671
310.54671
310.54671
310.54671
310.54671
310.54671
310.54367
310.54367
310.54367
310.54367
310.54367
310.54367
310.54367
310.54367
310.54367
310.54367
310.54367
310.54367
310.54367
310.54367
310.54367
310.54367
310.54367
310.54367
310.54367
310.54367
310.54367
310.54367
310.54367
310.54367
310.54367
310.54367
310.54367
310.54367
310.54367
310.54367
310.54367
310.54367
310.54367
310.54367
310.54367
310.54367
310.53604
310.53604
310.53604
310.53604
310.53604
310.53604
310.53604
310.53604
310.53604
310.53604
310.53604
310.53604
310.53604
310.53604
310.53604
310.53604
310.53604
310.53604
310.53604
310.53604
310.53604
310.53604
310.53604
310.53604
310.53604
310.53604
310.53604
310.53604
310.53604
310.53604
310.53604
310.53604
310.53604
310.53604
310.53604
310.53604
310.52412
310.52412
310.52412
310.52412
310.52412
310.52412
310.52412
310.52412
310.52412
310.52412
310.52412
310.52412
310.52412
310.52412
310.52412
310.52412
310.52412
310.52412
310.52412
310.52412
310.52412
310.52412
310.52412
310.52412
310.52412
310.52412
310.52412
310.52412
310.52412
310.52412
310.52412
310.52412
310.52412
310.52412
310.52412
310.52412
310.50813
310.50813
310.50813
310.50813
310.50813
310.50813
310.50813
310.50813
310.50813
310.50813
310.50813
310.50813
310.50813
310.50813
310.50813
310.50813
310.50813
310.50813
310.50813
310.50813
310.50813
310.50813
310.50813
310.50813
310.50813
310.50813
310.50813
310.50813
310.50813
310.50813
310.50813
310.50813
310.50813
310.50813
310.50813
310.50813
310.48829
310.48829
310.48829
310.48829
310.48829
310.48829
310.48829
310.48829
310.4883
310.4883
310.48829
310.48829
310.4883
310.48829
310.4883
310.48829
310.4883
310.4883
310.4883
310.4883
310.48829
310.4883
310.48829
310.4883
310.48829
310.48829
310.4883
310.4883
310.48829
310.48829
310.48829
310.48829
310.48829
310.48829
310.48829
310.48829
310.46553
310.46552
310.46552
310.46553
310.46552
310.46553
310.46552
310.46553
310.46553
310.46553
310.46553
310.46553
310.46553
310.46553
310.46553
310.46553
310.46553
310.46553
310.46553
310.46553
310.46553
310.46553
310.46553
310.46553
310.46553
310.46553
310.46553
310.46553
310.46553
310.46552
310.46553
310.46552
310.46553
310.46552
310.46552
310.46553
310.43992
310.43992
310.43992
310.43992
310.43992
310.43992
310.43992
310.43992
310.43992
310.43992
310.43992
310.43992
310.43992
310.43992
310.43992
310.43992
310.43992
310.43992
310.43992
310.43992
310.43992
310.43992
310.43992
310.43992
310.43992
310.43992
310.43992
310.43992
310.43992
310.43992
310.43992
310.43992
310.43992
310.43992
310.43992
310.43992
310.41154
310.41154
310.41154
310.41154
310.41154
310.41154
310.41154
310.41154
310.41154
310.41154
310.41154
310.41154
310.41154
310.41154
310.41154
310.41154
310.41154
310.41154
310.41154
310.41154
310.41154
310.41154
310.41154
310.41154
310.41154
310.41154
310.41154
310.41154
310.41154
310.41154
310.41154
310.41154
310.41154
310.41154
310.41154
310.41154
310.38046
310.38046
310.38046
310.38046
310.38046
310.38046
310.38046
310.38046
310.38046
310.38046
310.38046
310.38046
310.38046
310.38046
310.38046
310.38046
310.38046
310.38046
310.38046
310.38046
310.38046
310.38046
310.38046
310.38046
310.38046
310.38046
310.38046
310.38046
310.38046
310.38046
310.38046
310.38046
310.38046
310.38046
310.38046
310.38046
310.3467
310.3467
310.3467
310.3467
310.3467
310.3467
310.3467
310.3467
310.3467
310.3467
310.3467
310.3467
310.3467
310.3467
310.3467
310.3467
310.3467
310.3467
310.3467
310.3467
310.3467
310.3467
310.3467
310.3467
310.3467
310.3467
310.3467
310.3467
310.3467
310.3467
310.3467
310.3467
310.3467
310.3467
310.3467
310.3467
310.31031
310.31031
310.31031
310.31031
310.31031
310.31031
310.31031
310.31031
310.31031
310.31031
310.31031
310.31031
310.31031
310.31031
310.31031
310.31031
310.31031
310.31031
310.31031
310.31031
310.31031
310.31031
310.31031
310.31031
310.31031
310.31031
310.31031
310.31031
310.31031
310.31031
310.31031
310.31031
310.31031
310.31031
310.31031
310.31031
310.27132
310.27132
310.27132
310.27132
310.27132
310.27132
310.27132
310.27132
310.27132
310.27132
310.27132
310.27132
310.27132
310.27132
310.27132
310.27132
310.27132
310.27132
310.27132
310.27132
310.27132
310.27132
310.27132
310.27132
310.27132
310.27132
310.27132
310.27132
310.27132
310.27132
310.27132
310.27132
310.27132
310.27132
310.27132
310.27132
310.23012
310.23012
310.23012
310.23012
310.23012
310.23012
310.23012
310.23012
310.23012
310.23012
310.23012
310.23012
310.23012
310.23012
310.23012
310.23012
310.23012
310.23012
310.23012
310.23012
310.23012
310.23012
310.23012
310.23012
310.23012
310.23012
310.23012
310.23012
310.23012
310.23012
310.23012
310.23012
310.23012
310.23012
310.23012
310.23012
310.18672
310.18672
310.18672
310.18672
310.18672
310.18672
310.18672
310.18672
310.18672
310.18672
310.18672
310.18672
310.18672
310.18672
310.18672
310.18672
310.18672
310.18672
310.18672
310.18672
310.18672
310.18672
310.18672
310.18672
310.18672
310.18672
310.18672
310.18672
310.18672
310.18672
310.18672
310.18672
310.18672
310.18672
310.18672
310.18672
310.14112
310.14112
310.14112
310.14112
310.14112
310.14112
310.14112
310.14112
310.14112
310.14112
310.14112
310.14112
310.14112
310.14112
310.14112
310.14112
310.14112
310.14112
310.14112
310.14112
310.14112
310.14112
310.14112
310.14112
310.14112
310.14112
310.14112
310.14112
310.14112
310.14112
310.14112
310.14112
310.14112
310.14112
310.14112
310.14112
310.09331
310.09331
310.09331
310.09331
310.09331
310.09331
310.09331
310.09331
310.09331
310.09331
310.09331
310.09331
310.09331
310.09331
310.09331
310.09331
310.09331
310.09331
310.09331
310.09331
310.09331
310.09331
310.09331
310.09331
310.09331
310.09331
310.09331
310.09331
310.09331
310.09331
310.09331
310.09331
310.09331
310.09331
310.09331
310.09331
310.04329
310.04329
310.04329
310.04329
310.04329
310.04329
310.04329
310.04329
310.04329
310.04329
310.04329
310.04329
310.04329
310.04329
310.04329
310.04329
310.04329
310.04329
310.04329
310.04329
310.04329
310.04329
310.04329
310.04329
310.04329
310.04329
310.04329
310.04329
310.04329
310.04329
310.04329
310.04329
310.04329
310.04329
310.04329
310.04329
309.99107
309.99107
309.99107
309.99107
309.99107
309.99107
309.99107
309.99107
309.99107
309.99107
309.99107
309.99107
309.99107
309.99107
309.99107
309.99107
309.99107
309.99107
309.99107
309.99107
309.99107
309.99107
309.99107
309.99107
309.99107
309.99107
309.99107
309.99107
309.99107
309.99107
309.99107
309.99107
309.99107
309.99107
309.99107
309.99107
309.93665
309.93665
309.93665
309.93665
309.93665
309.93665
309.93665
309.93665
309.93665
309.93665
309.93665
309.93665
309.93665
309.93665
309.93665
309.93665
309.93665
309.93665
309.93665
309.93665
309.93665
309.93665
309.93665
309.93665
309.93665
309.93665
309.93665
309.93665
309.93665
309.93665
309.93665
309.93665
309.93665
309.93665
309.93665
309.93665
309.88003
309.88003
309.88003
309.88003
309.88003
309.88003
309.88003
309.88003
309.88003
309.88003
309.88003
309.88003
309.88003
309.88003
309.88003
309.88003
309.88003
309.88003
309.88003
309.88003
309.88003
309.88003
309.88003
309.88003
309.88003
309.88003
309.88003
309.88003
309.88003
309.88003
309.88003
309.88003
309.88003
309.88003
309.88003
309.88003
309.82146
309.82146
309.82146
309.82146
309.82146
309.82146
309.82146
309.82146
309.82146
309.82146
309.82146
309.82146
309.82146
309.82146
309.82146
309.82146
309.82146
309.82146
309.82146
309.82146
309.82146
309.82146
309.82146
309.82146
309.82146
309.82146
309.82146
309.82146
309.82146
309.82146
309.82146
309.82146
309.82146
309.82146
309.82146
309.82146
309.76093
309.76093
309.76093
309.76093
309.76093
309.76093
309.76093
309.76093
309.76093
309.76093
309.76093
309.76093
309.76093
309.76093
309.76093
309.76093
309.76093
309.76093
309.76093
309.76093
309.76093
309.76093
309.76093
309.76093
309.76093
309.76093
309.76093
309.76093
309.76093
309.76093
309.76093
309.76093
309.76093
309.76093
309.76093
309.76093
309.69844
309.69844
309.69844
309.69844
309.69844
309.69844
309.69844
309.69844
309.69844
309.69844
309.69844
309.69844
309.69844
309.69844
309.69844
309.69844
309.69844
309.69844
309.69844
309.69844
309.69844
309.69844
309.69844
309.69844
309.69844
309.69844
309.69844
309.69844
309.69844
309.69844
309.69844
309.69844
309.69844
309.69844
309.69844
309.69844
309.634
309.634
309.634
309.634
309.634
309.634
309.634
309.634
309.634
309.634
309.634
309.634
309.634
309.634
309.634
309.634
309.634
309.634
309.634
309.634
309.634
309.634
309.634
309.634
309.634
309.634
309.634
309.634
309.634
309.634
309.634
309.634
309.634
309.634
309.634
309.634
309.56759
309.56759
309.56759
309.56759
309.56759
309.56759
309.56759
309.56759
309.56759
309.56759
309.56759
309.56759
309.56759
309.56759
309.56759
309.56759
309.56759
309.56759
309.56759
309.56759
309.56759
309.56759
309.56759
309.56759
309.56759
309.56759
309.56759
309.56759
309.56759
309.56759
309.56759
309.56759
309.56759
309.56759
309.56759
309.56759
309.49925
309.49925
309.49925
309.49925
309.49925
309.49925
309.49925
309.49925
309.49925
309.49925
309.49925
309.49925
309.49925
309.49925
309.49925
309.49925
309.49925
309.49925
309.49925
309.49925
309.49925
309.49925
309.49925
309.49925
309.49925
309.49925
309.49925
309.49925
309.49925
309.49925
309.49925
309.49925
309.49925
309.49925
309.49925
309.49925
309.42896
309.42896
309.42896
309.42896
309.42896
309.42896
309.42896
309.42896
309.42896
309.42896
309.42896
309.42896
309.42896
309.42896
309.42896
309.42896
309.42896
309.42896
309.42896
309.42896
309.42896
309.42896
309.42896
309.42896
309.42896
309.42896
309.42896
309.42896
309.42896
309.42896
309.42896
309.42896
309.42896
309.42896
309.42896
309.42896
309.35676
309.35676
309.35676
309.35676
309.35676
309.35676
309.35676
309.35676
309.35676
309.35676
309.35676
309.35676
309.35676
309.35676
309.35676
309.35676
309.35676
309.35676
309.35676
309.35676
309.35676
309.35676
309.35676
309.35676
309.35676
309.35676
309.35676
309.35676
309.35676
309.35676
309.35676
309.35676
309.35676
309.35676
309.35676
309.35676
309.28267
309.28267
309.28267
309.28267
309.28267
309.28267
309.28267
309.28267
309.28267
309.28267
309.28267
309.28267
309.28267
309.28267
309.28267
309.28267
309.28267
309.28267
309.28267
309.28267
309.28267
309.28267
309.28267
309.28267
309.28267
309.28267
309.28267
309.28267
309.28267
309.28267
309.28267
309.28267
309.28267
309.28267
309.28267
309.28267
309.20669
309.20669
309.20669
309.20669
309.20669
309.20669
309.20669
309.20669
309.20669
309.20669
309.20669
309.20669
309.20669
309.20669
309.20669
309.20669
309.20669
309.20669
309.20669
309.20669
309.20669
309.20669
309.20669
309.20669
309.20669
309.20669
309.20669
309.20669
309.20669
309.20669
309.20669
309.20669
309.20669
309.20669
309.20669
309.20669
309.12887
309.12887
309.12887
309.12887
309.12887
309.12887
309.12887
309.12887
309.12887
309.12887
309.12887
309.12887
309.12887
309.12887
309.12887
309.12887
309.12887
309.12887
309.12887
309.12887
309.12887
309.12887
309.12887
309.12887
309.12887
309.12887
309.12887
309.12887
309.12887
309.12887
309.12887
309.12887
309.12887
309.12887
309.12887
309.12887
309.04962
309.04962
309.04962
309.04962
309.04962
309.04962
309.04962
309.04962
309.04962
309.04962
309.04962
309.04962
309.04962
309.04962
309.04962
309.04962
309.04962
309.04962
309.04962
309.04962
309.04962
309.04962
309.04962
309.04962
309.04962
309.04962
309.04962
309.04962
309.04962
309.04962
309.04962
309.04962
309.04962
309.04962
309.04962
309.04962
308.96894
308.96894
308.96894
308.96894
308.96894
308.96894
308.96894
308.96894
308.96894
308.96894
308.96894
308.96894
308.96894
308.96894
308.96894
308.96894
308.96894
308.96894
308.96894
308.96894
308.96894
308.96894
308.96894
308.96894
308.96894
308.96894
308.96894
308.96894
308.96894
308.96894
308.96894
308.96894
308.96894
308.96894
308.96894
308.96894
308.88685
308.88685
308.88685
308.88685
308.88685
308.88685
308.88685
308.88685
308.88685
308.88685
308.88685
308.88685
308.88685
308.88685
308.88685
308.88685
308.88685
308.88685
308.88685
308.88685
308.88685
308.88685
308.88685
308.88685
308.88685
308.88685
308.88685
308.88685
308.88685
308.88685
308.88685
308.88685
308.88685
308.88685
308.88685
308.88685
308.80336
308.80336
308.80336
308.80336
308.80336
308.80336
308.80336
308.80336
308.80336
308.80336
308.80336
308.80336
308.80336
308.80336
308.80336
308.80336
308.80336
308.80336
308.80336
308.80336
308.80336
308.80336
308.80336
308.80336
308.80336
308.80336
308.80336
308.80336
308.80336
308.80336
308.80336
308.80336
308.80336
308.80336
308.80336
308.80336
308.71848
308.71848
308.71848
308.71848
308.71848
308.71848
308.71848
308.71848
308.71848
308.71848
308.71848
308.71848
308.71848
308.71848
308.71848
308.71848
308.71848
308.71848
308.71848
308.71848
308.71848
308.71848
308.71848
308.71848
308.71848
308.71848
308.71848
308.71848
308.71848
308.71848
308.71848
308.71848
308.71848
308.71848
308.71848
308.71848
308.63223
308.63223
308.63223
308.63223
308.63223
308.63223
308.63223
308.63223
308.63223
308.63223
308.63223
308.63223
308.63223
308.63223
308.63223
308.63223
308.63223
308.63223
308.63223
308.63223
308.63223
308.63223
308.63223
308.63223
308.63223
308.63223
308.63223
308.63223
308.63223
308.63223
308.63223
308.63223
308.63223
308.63223
308.63223
308.63223
308.54464
308.54464
308.54464
308.54464
308.54464
308.54464
308.54464
308.54464
308.54464
308.54464
308.54464
308.54464
308.54464
308.54464
308.54464
308.54464
308.54464
308.54464
308.54464
308.54464
308.54464
308.54464
308.54464
308.54464
308.54464
308.54464
308.54464
308.54464
308.54464
308.54464
308.54464
308.54464
308.54464
308.54464
308.54464
308.54464
308.45574
308.45574
308.45574
308.45574
308.45574
308.45574
308.45574
308.45574
308.45574
308.45574
308.45574
308.45574
308.45574
308.45574
308.45574
308.45574
308.45574
308.45574
308.45574
308.45574
308.45574
308.45574
308.45574
308.45574
308.45574
308.45574
308.45574
308.45574
308.45574
308.45574
308.45574
308.45574
308.45574
308.45574
308.45574
308.45574
308.36555
308.36555
308.36555
308.36555
308.36555
308.36555
308.36555
308.36555
308.36555
308.36555
308.36555
308.36555
308.36555
308.36555
308.36555
308.36555
308.36555
308.36555
308.36555
308.36555
308.36555
308.36555
308.36555
308.36555
308.36555
308.36555
308.36555
308.36555
308.36555
308.36555
308.36555
308.36555
308.36555
308.36555
308.36555
308.36555
308.2741
308.2741
308.2741
308.2741
308.2741
308.2741
308.2741
308.2741
308.2741
308.2741
308.2741
308.2741
308.2741
308.2741
308.2741
308.2741
308.2741
308.2741
308.2741
308.2741
308.2741
308.2741
308.2741
308.2741
308.2741
308.2741
308.2741
308.2741
308.2741
308.2741
308.2741
308.2741
308.2741
308.2741
308.2741
308.2741
308.18144
308.18144
308.18144
308.18144
308.18144
308.18144
308.18144
308.18144
308.18144
308.18144
308.18144
308.18144
308.18144
308.18144
308.18144
308.18144
308.18144
308.18144
308.18144
308.18144
308.18144
308.18144
308.18144
308.18144
308.18144
308.18144
308.18144
308.18144
308.18144
308.18144
308.18144
308.18144
308.18144
308.18144
308.18144
308.18144
308.08759
308.08759
308.08759
308.08759
308.08759
308.08759
308.08759
308.08759
308.08759
308.08759
308.08759
308.08759
308.08759
308.08759
308.08759
308.08759
308.08759
308.08759
308.08759
308.08759
308.08759
308.08759
308.08759
308.08759
308.08759
308.08759
308.08759
308.08759
308.08759
308.08759
308.08759
308.08759
308.08759
308.08759
308.08759
308.08759
307.9926
307.9926
307.9926
307.9926
307.9926
307.9926
307.9926
307.9926
307.9926
307.9926
307.9926
307.9926
307.9926
307.9926
307.9926
307.9926
307.9926
307.9926
307.9926
307.9926
307.9926
307.9926
307.9926
307.9926
307.9926
307.9926
307.9926
307.9926
307.9926
307.9926
307.9926
307.9926
307.9926
307.9926
307.9926
307.9926
307.89651
307.89651
307.89651
307.89651
307.89651
307.89651
307.89651
307.89651
307.89651
307.89651
307.89651
307.89651
307.89651
307.89651
307.89651
307.89651
307.89651
307.89651
307.89651
307.89651
307.89651
307.89651
307.89651
307.89651
307.89651
307.89651
307.89651
307.89651
307.89651
307.89651
307.89651
307.89651
307.89651
307.89651
307.89651
307.89651
307.79937
307.79937
307.79937
307.79937
307.79937
307.79937
307.79937
307.79937
307.79937
307.79937
307.79937
307.79937
307.79937
307.79937
307.79937
307.79937
307.79937
307.79937
307.79937
307.79937
307.79937
307.79937
307.79937
307.79937
307.79937
307.79937
307.79937
307.79937
307.79937
307.79937
307.79937
307.79937
307.79937
307.79937
307.79937
307.79937
307.70156
307.70156
307.70156
307.70156
307.70156
307.70156
307.70156
307.70156
307.70156
307.70156
307.70156
307.70156
307.70156
307.70156
307.70156
307.70156
307.70156
307.70156
307.70156
307.70156
307.70156
307.70156
307.70156
307.70156
307.70156
307.70156
307.70156
307.70156
307.70156
307.70156
307.70156
307.70156
307.70156
307.70156
307.70156
307.70156
307.60312
307.60312
307.60312
307.60312
307.60312
307.60312
307.60312
307.60312
307.60312
307.60312
307.60312
307.60312
307.60312
307.60312
307.60312
307.60312
307.60312
307.60312
307.60312
307.60312
307.60312
307.60312
307.60312
307.60312
307.60312
307.60312
307.60312
307.60312
307.60312
307.60312
307.60312
307.60312
307.60312
307.60312
307.60312
307.60312
307.50407
307.50407
307.50407
307.50407
307.50407
307.50407
307.50407
307.50407
307.50407
307.50407
307.50407
307.50407
307.50407
307.50407
307.50407
307.50407
307.50407
307.50407
307.50407
307.50407
307.50407
307.50407
307.50407
307.50407
307.50407
307.50407
307.50407
307.50407
307.50407
307.50407
307.50407
307.50407
307.50407
307.50407
307.50407
307.50407
307.40443
307.40443
307.40443
307.40443
307.40443
307.40443
307.40443
307.40443
307.40443
307.40443
307.40443
307.40443
307.40443
307.40443
307.40443
307.40443
307.40443
307.40443
307.40443
307.40443
307.40443
307.40443
307.40443
307.40443
307.40443
307.40443
307.40443
307.40443
307.40443
307.40443
307.40443
307.40443
307.40443
307.40443
307.40443
307.40443
307.30424
307.30424
307.30424
307.30424
307.30424
307.30424
307.30424
307.30424
307.30424
307.30424
307.30424
307.30424
307.30424
307.30424
307.30424
307.30424
307.30424
307.30424
307.30424
307.30424
307.30424
307.30424
307.30424
307.30424
307.30424
307.30424
307.30424
307.30424
307.30424
307.30424
307.30424
307.30424
307.30424
307.30424
307.30424
307.30424
307.20354
307.20354
307.20354
307.20354
307.20354
307.20354
307.20354
307.20354
307.20354
307.20354
307.20354
307.20354
307.20354
307.20354
307.20354
307.20354
307.20354
307.20354
307.20354
307.20354
307.20354
307.20354
307.20354
307.20354
307.20354
307.20354
307.20354
307.20354
307.20354
307.20354
307.20354
307.20354
307.20354
307.20354
307.20354
307.20354
307.10234
307.10234
307.10234
307.10234
307.10234
307.10234
307.10234
307.10234
307.10234
307.10234
307.10234
307.10234
307.10234
307.10234
307.10234
307.10234
307.10234
307.10234
307.10234
307.10234
307.10234
307.10234
307.10234
307.10234
307.10234
307.10234
307.10234
307.10234
307.10234
307.10234
307.10234
307.10234
307.10234
307.10234
307.10234
307.10234
307.0007
307.0007
307.0007
307.0007
307.0007
307.0007
307.0007
307.0007
307.0007
307.0007
307.0007
307.0007
307.0007
307.0007
307.0007
307.0007
307.0007
307.0007
307.0007
307.0007
307.0007
307.0007
307.0007
307.0007
307.0007
307.0007
307.0007
307.0007
307.0007
307.0007
307.0007
307.0007
307.0007
307.0007
307.0007
307.0007
306.89864
306.89864
306.89864
306.89864
306.89864
306.89864
306.89864
306.89864
306.89864
306.89864
306.89864
306.89864
306.89864
306.89864
306.89864
306.89864
306.89864
306.89864
306.89864
306.89864
306.89864
306.89864
306.89864
306.89864
306.89864
306.89864
306.89864
306.89864
306.89864
306.89864
306.89864
306.89864
306.89864
306.89864
306.89864
306.89864
306.79621
306.79621
306.79621
306.79621
306.79621
306.79621
306.79621
306.79621
306.79621
306.79621
306.79621
306.79621
306.79621
306.79621
306.79621
306.79621
306.79621
306.79621
306.79621
306.79621
306.79621
306.79621
306.79621
306.79621
306.79621
306.79621
306.79621
306.79621
306.79621
306.79621
306.79621
306.79621
306.79621
306.79621
306.79621
306.79621
306.69345
306.69345
306.69345
306.69345
306.69345
306.69345
306.69345
306.69345
306.69345
306.69345
306.69345
306.69345
306.69345
306.69345
306.69345
306.69345
306.69345
306.69345
306.69345
306.69345
306.69345
306.69345
306.69345
306.69345
306.69345
306.69345
306.69345
306.69345
306.69345
306.69345
306.69345
306.69345
306.69345
306.69345
306.69345
306.69345
306.5904
306.5904
306.5904
306.5904
306.5904
306.5904
306.5904
306.5904
306.5904
306.5904
306.5904
306.5904
306.5904
306.5904
306.5904
306.5904
306.5904
306.5904
306.5904
306.5904
306.5904
306.5904
306.5904
306.5904
306.5904
306.5904
306.5904
306.5904
306.5904
306.5904
306.5904
306.5904
306.5904
306.5904
306.5904
306.5904
306.4871
306.4871
306.4871
306.4871
306.4871
306.4871
306.4871
306.4871
306.4871
306.4871
306.4871
306.4871
306.4871
306.4871
306.4871
306.4871
306.4871
306.4871
306.4871
306.4871
306.4871
306.4871
306.4871
306.4871
306.4871
306.4871
306.4871
306.4871
306.4871
306.4871
306.4871
306.4871
306.4871
306.4871
306.4871
306.4871
306.3836
306.3836
306.3836
306.3836
306.3836
306.3836
306.3836
306.3836
306.3836
306.3836
306.3836
306.3836
306.3836
306.3836
306.3836
306.3836
306.3836
306.3836
306.3836
306.3836
306.3836
306.3836
306.3836
306.3836
306.3836
306.3836
306.3836
306.3836
306.3836
306.3836
306.3836
306.3836
306.3836
306.3836
306.3836
306.3836
306.27993
306.27993
306.27993
306.27993
306.27993
306.27993
306.27993
306.27993
306.27993
306.27993
306.27993
306.27993
306.27993
306.27993
306.27993
306.27993
306.27993
306.27993
306.27993
306.27993
306.27993
306.27993
306.27993
306.27993
306.27993
306.27993
306.27993
306.27993
306.27993
306.27993
306.27993
306.27993
306.27993
306.27993
306.27993
306.27993
306.17615
306.17615
306.17615
306.17615
306.17615
306.17615
306.17615
306.17615
306.17615
306.17615
306.17615
306.17615
306.17615
306.17615
306.17615
306.17615
306.17615
306.17615
306.17615
306.17615
306.17615
306.17615
306.17615
306.17615
306.17615
306.17615
306.17615
306.17615
306.17615
306.17615
306.17615
306.17615
306.17615
306.17615
306.17615
306.17615
306.0723
306.0723
306.0723
306.0723
306.0723
306.0723
306.0723
306.0723
306.0723
306.0723
306.0723
306.0723
306.0723
306.0723
306.0723
306.0723
306.0723
306.0723
306.0723
306.0723
306.0723
306.0723
306.0723
306.0723
306.0723
306.0723
306.0723
306.0723
306.0723
306.0723
306.0723
306.0723
306.0723
306.0723
306.0723
306.0723
305.96843
305.96843
305.96843
305.96843
305.96843
305.96843
305.96843
305.96843
305.96843
305.96843
305.96843
305.96843
305.96843
305.96843
305.96843
305.96843
305.96843
305.96843
305.96843
305.96843
305.96843
305.96843
305.96843
305.96843
305.96843
305.96843
305.96843
305.96843
305.96843
305.96843
305.96843
305.96843
305.96843
305.96843
305.96843
305.96843
305.86458
305.86458
305.86458
305.86458
305.86458
305.86458
305.86458
305.86458
305.86458
305.86458
305.86458
305.86458
305.86458
305.86458
305.86458
305.86458
305.86458
305.86458
305.86458
305.86458
305.86458
305.86458
305.86458
305.86458
305.86458
305.86458
305.86458
305.86458
305.86458
305.86458
305.86458
305.86458
305.86458
305.86458
305.86458
305.86458
305.76079
305.76079
305.76079
305.76079
305.76079
305.76079
305.76079
305.76079
305.76079
305.76079
305.76079
305.76079
305.76079
305.76079
305.76079
305.76079
305.76079
305.76079
305.76079
305.76079
305.76079
305.76079
305.76079
305.76079
305.76079
305.76079
305.76079
305.76079
305.76079
305.76079
305.76079
305.76079
305.76079
305.76079
305.76079
305.76079
313.73811
313.73811
313.73811
313.73811
313.73811
313.73811
313.73811
313.73811
313.73811
313.73811
313.73811
313.73811
313.73811
313.73811
313.73811
313.73811
313.73811
313.73811
313.73811
313.73811
313.73811
313.73811
313.73811
313.73811
313.73811
313.73811
313.73811
313.73811
313.73811
313.73811
313.73811
313.73811
313.73811
313.73811
313.73811
313.73811
313.75445
313.75445
313.75445
313.75445
313.75445
313.75445
313.75445
313.75445
313.75445
313.75445
313.75445
313.75445
313.75445
313.75445
313.75445
313.75445
313.75445
313.75445
313.75445
313.75445
313.75445
313.75445
313.75445
313.75445
313.75445
313.75445
313.75445
313.75445
313.75445
313.75445
313.75445
313.75445
313.75445
313.75445
313.75445
313.75445
313.76334
313.76334
313.76334
313.76334
313.76334
313.76334
313.76334
313.76334
313.76334
313.76334
313.76334
313.76334
313.76334
313.76334
313.76334
313.76334
313.76334
313.76334
313.76334
313.76334
313.76334
313.76334
313.76334
313.76334
313.76334
313.76334
313.76334
313.76334
313.76334
313.76334
313.76334
313.76334
313.76334
313.76334
313.76334
313.76334
313.76538
313.76538
313.76538
313.76538
313.76538
313.76538
313.76538
313.76538
313.76538
313.76538
313.76538
313.76538
313.76538
313.76538
313.76538
313.76538
313.76538
313.76538
313.76538
313.76538
313.76538
313.76538
313.76538
313.76538
313.76538
313.76538
313.76538
313.76538
313.76538
313.76538
313.76538
313.76538
313.76538
313.76538
313.76538
313.76538
313.76108
313.76108
313.76108
313.76108
313.76108
313.76108
313.76108
313.76108
313.76108
313.76108
313.76108
313.76108
313.76108
313.76108
313.76108
313.76108
313.76108
313.76108
313.76108
313.76108
313.76108
313.76108
313.76108
313.76108
313.76108
313.76108
313.76108
313.76108
313.76108
313.76108
313.76108
313.76108
313.76108
313.76108
313.76108
313.76108
313.75089
313.75089
313.75089
313.75089
313.75089
313.75089
313.75089
313.75089
313.75089
313.75089
313.75089
313.75089
313.75089
313.75089
313.75089
313.75089
313.75089
313.75089
313.75089
313.75089
313.75089
313.75089
313.75089
313.75089
313.75089
313.75089
313.75089
313.75089
313.75089
313.75089
313.75089
313.75089
313.75089
313.75089
313.75089
313.75089
313.73517
313.73517
313.73517
313.73517
313.73517
313.73517
313.73517
313.73517
313.73517
313.73517
313.73517
313.73517
313.73517
313.73517
313.73517
313.73517
313.73517
313.73517
313.73517
313.73517
313.73517
313.73517
313.73517
313.73517
313.73517
313.73517
313.73517
313.73517
313.73517
313.73517
313.73517
313.73517
313.73517
313.73517
313.73517
313.73517
313.71422
313.71422
313.71422
313.71422
313.71422
313.71422
313.71422
313.71422
313.71422
313.71422
313.71422
313.71422
313.71422
313.71422
313.71422
313.71422
313.71422
313.71422
313.71422
313.71422
313.71422
313.71422
313.71422
313.71422
313.71422
313.71422
313.71422
313.71422
313.71422
313.71422
313.71422
313.71422
313.71422
313.71422
313.71422
313.71422
313.68835
313.68835
313.68835
313.68835
313.68835
313.68835
313.68835
313.68835
313.68835
313.68835
313.68835
313.68835
313.68835
313.68835
313.68835
313.68835
313.68835
313.68835
313.68835
313.68835
313.68835
313.68835
313.68835
313.68835
313.68835
313.68835
313.68835
313.68835
313.68835
313.68835
313.68835
313.68835
313.68835
313.68835
313.68835
313.68835
313.65856
313.65856
313.65856
313.65856
313.65856
313.65856
313.65856
313.65856
313.65856
313.65856
313.65856
313.65856
313.65856
313.65856
313.65856
313.65856
313.65856
313.65856
313.65856
313.65856
313.65856
313.65856
313.65856
313.65856
313.65856
313.65856
313.65856
313.65856
313.65856
313.65856
313.65856
313.65856
313.65856
313.65856
313.65856
313.65856
313.62502
313.62502
313.62502
313.62502
313.62502
313.62502
313.62502
313.62502
313.62502
313.62502
313.62502
313.62502
313.62502
313.62502
313.62502
313.62502
313.62502
313.62502
313.62502
313.62502
313.62502
313.62502
313.62502
313.62502
313.62502
313.62502
313.62502
313.62502
313.62502
313.62502
313.62502
313.62502
313.62502
313.62502
313.62502
313.62502
313.58783
313.58783
313.58783
313.58783
313.58783
313.58783
313.58783
313.58783
313.58783
313.58783
313.58783
313.58783
313.58783
313.58783
313.58783
313.58783
313.58783
313.58783
313.58783
313.58783
313.58783
313.58783
313.58783
313.58783
313.58783
313.58783
313.58783
313.58783
313.58783
313.58783
313.58783
313.58783
313.58783
313.58783
313.58783
313.58783
313.54708
313.54708
313.54708
313.54708
313.54708
313.54708
313.54708
313.54708
313.54708
313.54708
313.54708
313.54708
313.54708
313.54708
313.54708
313.54708
313.54708
313.54708
313.54708
313.54708
313.54708
313.54708
313.54708
313.54708
313.54708
313.54708
313.54708
313.54708
313.54708
313.54708
313.54708
313.54708
313.54708
313.54708
313.54708
313.54708
313.50283
313.50283
313.50283
313.50283
313.50283
313.50283
313.50283
313.50283
313.50283
313.50283
313.50283
313.50283
313.50283
313.50283
313.50283
313.50283
313.50283
313.50283
313.50283
313.50283
313.50283
313.50283
313.50283
313.50283
313.50283
313.50283
313.50283
313.50283
313.50283
313.50283
313.50283
313.50283
313.50283
313.50283
313.50283
313.50283
313.45516
313.45516
313.45516
313.45516
313.45516
313.45516
313.45516
313.45516
313.45516
313.45516
313.45516
313.45516
313.45516
313.45516
313.45516
313.45516
313.45516
313.45516
313.45516
313.45516
313.45516
313.45516
313.45516
313.45516
313.45516
313.45516
313.45516
313.45516
313.45516
313.45516
313.45516
313.45516
313.45516
313.45516
313.45516
313.45516
313.40412
313.40412
313.40412
313.40412
313.40412
313.40412
313.40412
313.40412
313.40412
313.40412
313.40412
313.40412
313.40412
313.40412
313.40412
313.40412
313.40412
313.40412
313.40412
313.40412
313.40412
313.40412
313.40412
313.40412
313.40412
313.40412
313.40412
313.40412
313.40412
313.40412
313.40412
313.40412
313.40412
313.40412
313.40412
313.40412
313.35015
313.35015
313.35015
313.35015
313.35015
313.35015
313.35015
313.35015
313.35015
313.35015
313.35015
313.35015
313.35015
313.35015
313.35015
313.35015
313.35015
313.35015
313.35015
313.35015
313.35015
313.35015
313.35015
313.35015
313.35015
313.35015
313.35015
313.35015
313.35015
313.35015
313.35015
313.35015
313.35015
313.35015
313.35015
313.35015
313.29328
313.29328
313.29328
313.29328
313.29328
313.29328
313.29328
313.29328
313.29328
313.29328
313.29328
313.29328
313.29328
313.29328
313.29328
313.29328
313.29328
313.29328
313.29328
313.29328
313.29328
313.29328
313.29328
313.29328
313.29328
313.29328
313.29328
313.29328
313.29328
313.29328
313.29328
313.29328
313.29328
313.29328
313.29328
313.29328
313.23351
313.23351
313.23351
313.23351
313.23351
313.23351
313.23351
313.23351
313.23351
313.23351
313.23351
313.23351
313.23351
313.23351
313.23351
313.23351
313.23351
313.23351
313.23351
313.23351
313.23351
313.23351
313.23351
313.23351
313.23351
313.23351
313.23351
313.23351
313.23351
313.23351
313.23351
313.23351
313.23351
313.23351
313.23351
313.23351
313.17086
313.17086
313.17086
313.17086
313.17086
313.17086
313.17086
313.17086
313.17086
313.17086
313.17086
313.17086
313.17086
313.17086
313.17086
313.17086
313.17086
313.17086
313.17086
313.17086
313.17086
313.17086
313.17086
313.17086
313.17086
313.17086
313.17086
313.17086
313.17086
313.17086
313.17086
313.17086
313.17086
313.17086
313.17086
313.17086
313.10533
313.10533
313.10533
313.10533
313.10533
313.10533
313.10533
313.10533
313.10533
313.10533
313.10533
313.10533
313.10533
313.10533
313.10533
313.10533
313.10533
313.10533
313.10533
313.10533
313.10533
313.10533
313.10533
313.10533
313.10533
313.10533
313.10533
313.10533
313.10533
313.10533
313.10533
313.10533
313.10533
313.10533
313.10533
313.10533
313.03695
313.03695
313.03695
313.03695
313.03695
313.03695
313.03695
313.03695
313.03695
313.03695
313.03695
313.03695
313.03695
313.03695
313.03695
313.03695
313.03695
313.03695
313.03695
313.03695
313.03695
313.03695
313.03695
313.03695
313.03695
313.03695
313.03695
313.03695
313.03695
313.03695
313.03695
313.03695
313.03695
313.03695
313.03695
313.03695
312.96571
312.96571
312.96571
312.96571
312.96571
312.96571
312.96571
312.96571
312.96571
312.96571
312.96571
312.96571
312.96571
312.96571
312.96571
312.96571
312.96571
312.96571
312.96571
312.96571
312.96571
312.96571
312.96571
312.96571
312.96571
312.96571
312.96571
312.96571
312.96571
312.96571
312.96571
312.96571
312.96571
312.96571
312.96571
312.96571
312.89165
312.89165
312.89165
312.89165
312.89165
312.89165
312.89165
312.89165
312.89165
312.89165
312.89165
312.89165
312.89165
312.89165
312.89165
312.89165
312.89165
312.89165
312.89165
312.89165
312.89165
312.89165
312.89165
312.89165
312.89165
312.89165
312.89165
312.89165
312.89165
312.89165
312.89165
312.89165
312.89165
312.89165
312.89165
312.89165
312.81504
312.81504
312.81504
312.81504
312.81504
312.81504
312.81504
312.81504
312.81504
312.81504
312.81504
312.81504
312.81504
312.81504
312.81504
312.81504
312.81504
312.81504
312.81504
312.81504
312.81504
312.81504
312.81504
312.81504
312.81504
312.81504
312.81504
312.81504
312.81504
312.81504
312.81504
312.81504
312.81504
312.81504
312.81504
312.81504
312.73588
312.73588
312.73588
312.73588
312.73588
312.73588
312.73588
312.73588
312.73588
312.73588
312.73588
312.73588
312.73588
312.73588
312.73588
312.73588
312.73588
312.73588
312.73588
312.73588
312.73588
312.73588
312.73588
312.73588
312.73588
312.73588
312.73588
312.73588
312.73588
312.73588
312.73588
312.73588
312.73588
312.73588
312.73588
312.73588
312.6542
312.6542
312.6542
312.6542
312.6542
312.6542
312.6542
312.6542
312.6542
312.6542
312.6542
312.6542
312.6542
312.6542
312.6542
312.6542
312.6542
312.6542
312.6542
312.6542
312.6542
312.6542
312.6542
312.6542
312.6542
312.6542
312.6542
312.6542
312.6542
312.6542
312.6542
312.6542
312.6542
312.6542
312.6542
312.6542
312.56999
312.56999
312.56999
312.56999
312.56999
312.56999
312.56999
312.56999
312.56999
312.56999
312.56999
312.56999
312.56999
312.56999
312.56999
312.56999
312.56999
312.56999
312.56999
312.56999
312.56999
312.56999
312.56999
312.56999
312.56999
312.56999
312.56999
312.56999
312.56999
312.56999
312.56999
312.56999
312.56999
312.56999
312.56999
312.56999
312.48327
312.48327
312.48327
312.48327
312.48327
312.48327
312.48327
312.48327
312.48327
312.48327
312.48327
312.48327
312.48327
312.48327
312.48327
312.48327
312.48327
312.48327
312.48327
312.48327
312.48327
312.48327
312.48327
312.48327
312.48327
312.48327
312.48327
312.48327
312.48327
312.48327
312.48327
312.48327
312.48327
312.48327
312.48327
312.48327
312.39407
312.39407
312.39407
312.39407
312.39407
312.39407
312.39407
312.39407
312.39407
312.39407
312.39407
312.39407
312.39407
312.39407
312.39407
312.39407
312.39407
312.39407
312.39407
312.39407
312.39407
312.39407
312.39407
312.39407
312.39407
312.39407
312.39407
312.39407
312.39407
312.39407
312.39407
312.39407
312.39407
312.39407
312.39407
312.39407
312.30241
312.30241
312.30241
312.30241
312.30241
312.30241
312.30241
312.30241
312.30241
312.30241
312.30241
312.30241
312.30241
312.30241
312.30241
312.30241
312.30241
312.30241
312.30241
312.30241
312.30241
312.30241
312.30241
312.30241
312.30241
312.30241
312.30241
312.30241
312.30241
312.30241
312.30241
312.30241
312.30241
312.30241
312.30241
312.30241
312.20832
312.20832
312.20832
312.20832
312.20832
312.20832
312.20832
312.20832
312.20832
312.20832
312.20832
312.20832
312.20832
312.20832
312.20832
312.20832
312.20832
312.20832
312.20832
312.20832
312.20832
312.20832
312.20832
312.20832
312.20832
312.20832
312.20832
312.20832
312.20832
312.20832
312.20832
312.20832
312.20832
312.20832
312.20832
312.20832
312.11183
312.11183
312.11183
312.11183
312.11183
312.11183
312.11183
312.11183
312.11183
312.11183
312.11183
312.11183
312.11183
312.11183
312.11183
312.11183
312.11183
312.11183
312.11183
312.11183
312.11183
312.11183
312.11183
312.11183
312.11183
312.11183
312.11183
312.11183
312.11183
312.11183
312.11183
312.11183
312.11183
312.11183
312.11183
312.11183
312.013
312.013
312.013
312.013
312.013
312.013
312.013
312.013
312.013
312.013
312.013
312.013
312.013
312.013
312.013
312.013
312.013
312.013
312.013
312.013
312.013
312.013
312.013
312.013
312.013
312.013
312.013
312.013
312.013
312.013
312.013
312.013
312.013
312.013
312.013
312.013
311.91187
311.91187
311.91187
311.91187
311.91187
311.91187
311.91187
311.91187
311.91187
311.91187
311.91187
311.91187
311.91187
311.91187
311.91187
311.91187
311.91187
311.91187
311.91187
311.91187
311.91187
311.91187
311.91187
311.91187
311.91187
311.91187
311.91187
311.91187
311.91187
311.91187
311.91187
311.91187
311.91187
311.91187
311.91187
311.91187
311.8089
311.8089
311.8089
311.8089
311.8089
311.8089
311.8089
311.8089
311.8089
311.8089
311.8089
311.8089
311.8089
311.8089
311.8089
311.8089
311.8089
311.8089
311.8089
311.8089
311.8089
311.8089
311.8089
311.8089
311.8089
311.8089
311.8089
311.8089
311.8089
311.8089
311.8089
311.8089
311.8089
311.8089
311.8089
311.8089
311.70412
311.70412
311.70412
311.70412
311.70412
311.70412
311.70412
311.70412
311.70412
311.70412
311.70412
311.70412
311.70412
311.70412
311.70412
311.70412
311.70412
311.70412
311.70412
311.70412
311.70412
311.70412
311.70412
311.70412
311.70412
311.70412
311.70412
311.70412
311.70412
311.70412
311.70412
311.70412
311.70412
311.70412
311.70412
311.70412
311.59756
311.59756
311.59756
311.59756
311.59756
311.59756
311.59756
311.59756
311.59756
311.59756
311.59756
311.59756
311.59756
311.59756
311.59756
311.59756
311.59756
311.59756
311.59756
311.59756
311.59756
311.59756
311.59756
311.59756
311.59756
311.59756
311.59756
311.59756
311.59756
311.59756
311.59756
311.59756
311.59756
311.59756
311.59756
311.59756
311.48924
311.48924
311.48924
311.48924
311.48924
311.48924
311.48924
311.48924
311.48924
311.48924
311.48924
311.48924
311.48924
311.48924
311.48924
311.48924
311.48924
311.48924
311.48924
311.48924
311.48924
311.48924
311.48924
311.48924
311.48924
311.48924
311.48924
311.48924
311.48924
311.48924
311.48924
311.48924
311.48924
311.48924
311.48924
311.48924
311.37921
311.37921
311.37921
311.37921
311.37921
311.37921
311.37921
311.37921
311.37921
311.37921
311.37921
311.37921
311.37921
311.37921
311.37921
311.37921
311.37921
311.37921
311.37921
311.37921
311.37921
311.37921
311.37921
311.37921
311.37921
311.37921
311.37921
311.37921
311.37921
311.37921
311.37921
311.37921
311.37921
311.37921
311.37921
311.37921
311.26749
311.26749
311.26749
311.26749
311.26749
311.26749
311.26749
311.26749
311.26749
311.26749
311.26749
311.26749
311.26749
311.26749
311.26749
311.26749
311.26749
311.26749
311.26749
311.26749
311.26749
311.26749
311.26749
311.26749
311.26749
311.26749
311.26749
311.26749
311.26749
311.26749
311.26749
311.26749
311.26749
311.26749
311.26749
311.26749
311.15415
311.15415
311.15415
311.15415
311.15415
311.15415
311.15415
311.15415
311.15415
311.15415
311.15415
311.15415
311.15415
311.15415
311.15415
311.15415
311.15415
311.15415
311.15415
311.15415
311.15415
311.15415
311.15415
311.15415
311.15415
311.15415
311.15415
311.15415
311.15415
311.15415
311.15415
311.15415
311.15415
311.15415
311.15415
311.15415
311.0392
311.0392
311.0392
311.0392
311.0392
311.0392
311.0392
311.0392
311.0392
311.0392
311.0392
311.0392
311.0392
311.0392
311.0392
311.0392
311.0392
311.0392
311.0392
311.0392
311.0392
311.0392
311.0392
311.0392
311.0392
311.0392
311.0392
311.0392
311.0392
311.0392
311.0392
311.0392
311.0392
311.0392
311.0392
311.0392
310.92272
310.92272
310.92272
310.92272
310.92272
310.92272
310.92272
310.92272
310.92272
310.92272
310.92272
310.92272
310.92272
310.92272
310.92272
310.92272
310.92272
310.92272
310.92272
310.92272
310.92272
310.92272
310.92272
310.92272
310.92272
310.92272
310.92272
310.92272
310.92272
310.92272
310.92272
310.92272
310.92272
310.92272
310.92272
310.92272
310.80475
310.80475
310.80475
310.80475
310.80475
310.80475
310.80475
310.80475
310.80475
310.80475
310.80475
310.80475
310.80475
310.80475
310.80475
310.80475
310.80475
310.80475
310.80475
310.80475
310.80475
310.80475
310.80475
310.80475
310.80475
310.80475
310.80475
310.80475
310.80475
310.80475
310.80475
310.80475
310.80475
310.80475
310.80475
310.80475
310.68534
310.68534
310.68534
310.68534
310.68534
310.68534
310.68534
310.68534
310.68534
310.68534
310.68534
310.68534
310.68534
310.68534
310.68534
310.68534
310.68534
310.68534
310.68534
310.68534
310.68534
310.68534
310.68534
310.68534
310.68534
310.68534
310.68534
310.68534
310.68534
310.68534
310.68534
310.68534
310.68534
310.68534
310.68534
310.68534
310.56456
310.56456
310.56456
310.56456
310.56456
310.56456
310.56456
310.56456
310.56456
310.56456
310.56456
310.56456
310.56456
310.56456
310.56456
310.56456
310.56456
310.56456
310.56456
310.56456
310.56456
310.56456
310.56456
310.56456
310.56456
310.56456
310.56456
310.56456
310.56456
310.56456
310.56456
310.56456
310.56456
310.56456
310.56456
310.56456
310.44248
310.44248
310.44248
310.44248
310.44248
310.44248
310.44248
310.44248
310.44248
310.44248
310.44248
310.44248
310.44248
310.44248
310.44248
310.44248
310.44248
310.44248
310.44248
310.44248
310.44248
310.44248
310.44248
310.44248
310.44248
310.44248
310.44248
310.44248
310.44248
310.44248
310.44248
310.44248
310.44248
310.44248
310.44248
310.44248
310.31915
310.31915
310.31915
310.31915
310.31915
310.31915
310.31915
310.31915
310.31915
310.31915
310.31915
310.31915
310.31915
310.31915
310.31915
310.31915
310.31915
310.31915
310.31915
310.31915
310.31915
310.31915
310.31915
310.31915
310.31915
310.31915
310.31915
310.31915
310.31915
310.31915
310.31915
310.31915
310.31915
310.31915
310.31915
310.31915
310.19466
310.19466
310.19466
310.19466
310.19466
310.19466
310.19466
310.19466
310.19466
310.19466
310.19466
310.19466
310.19466
310.19466
310.19466
310.19466
310.19466
310.19466
310.19466
310.19466
310.19466
310.19466
310.19466
310.19466
310.19466
310.19466
310.19466
310.19466
310.19466
310.19466
310.19466
310.19466
310.19466
310.19466
310.19466
310.19466
310.06943
310.06943
310.06943
310.06943
310.06943
310.06943
310.06943
310.06943
310.06943
310.06943
310.06943
310.06943
310.06943
310.06943
310.06943
310.06943
310.06943
310.06943
310.06943
310.06943
310.06943
310.06943
310.06943
310.06943
310.06943
310.06943
310.06943
310.06943
310.06943
310.06943
310.06943
310.06943
310.06943
310.06943
310.06943
310.06943
309.94349
309.94349
309.94349
309.94349
309.94349
309.94349
309.94349
309.94349
309.94349
309.94349
309.94349
309.94349
309.94349
309.94349
309.94349
309.94349
309.94349
309.94349
309.94349
309.94349
309.94349
309.94349
309.94349
309.94349
309.94349
309.94349
309.94349
309.94349
309.94349
309.94349
309.94349
309.94349
309.94349
309.94349
309.94349
309.94349
309.81692
309.81692
309.81692
309.81692
309.81692
309.81692
309.81692
309.81692
309.81692
309.81692
309.81692
309.81692
309.81692
309.81692
309.81692
309.81692
309.81692
309.81692
309.81692
309.81692
309.81692
309.81692
309.81692
309.81692
309.81692
309.81692
309.81692
309.81692
309.81692
309.81692
309.81692
309.81692
309.81692
309.81692
309.81692
309.81692
309.68975
309.68975
309.68975
309.68975
309.68975
309.68975
309.68975
309.68975
309.68975
309.68975
309.68975
309.68975
309.68975
309.68975
309.68975
309.68975
309.68975
309.68975
309.68975
309.68975
309.68975
309.68975
309.68975
309.68975
309.68975
309.68975
309.68975
309.68975
309.68975
309.68975
309.68975
309.68975
309.68975
309.68975
309.68975
309.68975
309.56203
309.56203
309.56203
309.56203
309.56203
309.56203
309.56203
309.56203
309.56203
309.56203
309.56203
309.56203
309.56203
309.56203
309.56203
309.56203
309.56203
309.56203
309.56203
309.56203
309.56203
309.56203
309.56203
309.56203
309.56203
309.56203
309.56203
309.56203
309.56203
309.56203
309.56203
309.56203
309.56203
309.56203
309.56203
309.56203
309.43382
309.43382
309.43382
309.43382
309.43382
309.43382
309.43382
309.43382
309.43382
309.43382
309.43382
309.43382
309.43382
309.43382
309.43382
309.43382
309.43382
309.43382
309.43382
309.43382
309.43382
309.43382
309.43382
309.43382
309.43382
309.43382
309.43382
309.43382
309.43382
309.43382
309.43382
309.43382
309.43382
309.43382
309.43382
309.43382
309.30518
309.30518
309.30518
309.30518
309.30518
309.30518
309.30518
309.30518
309.30518
309.30518
309.30518
309.30518
309.30518
309.30518
309.30518
309.30518
309.30518
309.30518
309.30518
309.30518
309.30518
309.30518
309.30518
309.30518
309.30518
309.30518
309.30518
309.30518
309.30518
309.30518
309.30518
309.30518
309.30518
309.30518
309.30518
309.30518
309.17616
309.17616
309.17616
309.17616
309.17616
309.17616
309.17616
309.17616
309.17616
309.17616
309.17616
309.17616
309.17616
309.17616
309.17616
309.17616
309.17616
309.17616
309.17616
309.17616
309.17616
309.17616
309.17616
309.17616
309.17616
309.17616
309.17616
309.17616
309.17616
309.17616
309.17616
309.17616
309.17616
309.17616
309.17616
309.17616
309.04681
309.04681
309.04681
309.04681
309.04681
309.04681
309.04681
309.04681
309.04681
309.04681
309.04681
309.04681
309.04681
309.04681
309.04681
309.04681
309.04681
309.04681
309.04681
309.04681
309.04681
309.04681
309.04681
309.04681
309.04681
309.04681
309.04681
309.04681
309.04681
309.04681
309.04681
309.04681
309.04681
309.04681
309.04681
309.04681
308.91719
308.91719
308.91719
308.91719
308.91719
308.91719
308.91719
308.91719
308.91719
308.91719
308.91719
308.91719
308.91719
308.91719
308.91719
308.91719
308.91719
308.91719
308.91719
308.91719
308.91719
308.91719
308.91719
308.91719
308.91719
308.91719
308.91719
308.91719
308.91719
308.91719
308.91719
308.91719
308.91719
308.91719
308.91719
308.91719
308.78736
308.78736
308.78736
308.78736
308.78736
308.78736
308.78736
308.78736
308.78736
308.78736
308.78736
308.78736
308.78736
308.78736
308.78736
308.78736
308.78736
308.78736
308.78736
308.78736
308.78736
308.78736
308.78736
308.78736
308.78736
308.78736
308.78736
308.78736
308.78736
308.78736
308.78736
308.78736
308.78736
308.78736
308.78736
308.78736
308.65738
308.65738
308.65738
308.65738
308.65738
308.65738
308.65738
308.65738
308.65738
308.65738
308.65738
308.65738
308.65738
308.65738
308.65738
308.65738
308.65738
308.65738
308.65738
308.65738
308.65738
308.65738
308.65738
308.65738
308.65738
308.65738
308.65738
308.65738
308.65738
308.65738
308.65738
308.65738
308.65738
308.65738
308.65738
308.65738
308.52731
308.52731
308.52731
308.52731
308.52731
308.52731
308.52731
308.52731
308.52731
308.52731
308.52731
308.52731
308.52731
308.52731
308.52731
308.52731
308.52731
308.52731
308.52731
308.52731
308.52731
308.52731
308.52731
308.52731
308.52731
308.52731
308.52731
308.52731
308.52731
308.52731
308.52731
308.52731
308.52731
308.52731
308.52731
308.52731
308.3972
308.3972
308.3972
308.3972
308.3972
308.3972
308.3972
308.3972
308.3972
308.3972
308.3972
308.3972
308.3972
308.3972
308.3972
308.3972
308.3972
308.3972
308.3972
308.3972
308.3972
308.3972
308.3972
308.3972
308.3972
308.3972
308.3972
308.3972
308.3972
308.3972
308.3972
308.3972
308.3972
308.3972
308.3972
308.3972
308.26713
308.26713
308.26713
308.26713
308.26713
308.26713
308.26713
308.26713
308.26713
308.26713
308.26713
308.26713
308.26713
308.26713
308.26713
308.26713
308.26713
308.26713
308.26713
308.26713
308.26713
308.26713
308.26713
308.26713
308.26713
308.26713
308.26713
308.26713
308.26713
308.26713
308.26713
308.26713
308.26713
308.26713
308.26713
308.26713
308.13715
308.13715
308.13715
308.13715
308.13715
308.13715
308.13715
308.13715
308.13715
308.13715
308.13715
308.13715
308.13715
308.13715
308.13715
308.13715
308.13715
308.13715
308.13715
308.13715
308.13715
308.13715
308.13715
308.13715
308.13715
308.13715
308.13715
308.13715
308.13715
308.13715
308.13715
308.13715
308.13715
308.13715
308.13715
308.13715
308.00731
308.00731
308.00731
308.00731
308.00731
308.00731
308.00731
308.00731
308.00731
308.00731
308.00731
308.00731
308.00731
308.00731
308.00731
308.00731
308.00731
308.00731
308.00731
308.00731
308.00731
308.00731
308.00731
308.00731
308.00731
308.00731
308.00731
308.00731
308.00731
308.00731
308.00731
308.00731
308.00731
308.00731
308.00731
308.00731
307.87768
307.87768
307.87768
307.87768
307.87768
307.87768
307.87768
307.87768
307.87768
307.87768
307.87768
307.87768
307.87768
307.87768
307.87768
307.87768
307.87768
307.87768
307.87768
307.87768
307.87768
307.87768
307.87768
307.87768
307.87768
307.87768
307.87768
307.87768
307.87768
307.87768
307.87768
307.87768
307.87768
307.87768
307.87768
307.87768
307.74832
307.74832
307.74832
307.74832
307.74832
307.74832
307.74832
307.74832
307.74832
307.74832
307.74832
307.74832
307.74832
307.74832
307.74832
307.74832
307.74832
307.74832
307.74832
307.74832
307.74832
307.74832
307.74832
307.74832
307.74832
307.74832
307.74832
307.74832
307.74832
307.74832
307.74832
307.74832
307.74832
307.74832
307.74832
307.74832
307.61929
307.61929
307.61929
307.61929
307.61929
307.61929
307.61929
307.61929
307.61929
307.61929
307.61929
307.61929
307.61929
307.61929
307.61929
307.61929
307.61929
307.61929
307.61929
307.61929
307.61929
307.61929
307.61929
307.61929
307.61929
307.61929
307.61929
307.61929
307.61929
307.61929
307.61929
307.61929
307.61929
307.61929
307.61929
307.61929
317.35741
317.35741
317.35741
317.35741
317.35741
317.35741
317.35741
317.35741
317.35741
317.35741
317.35741
317.35741
317.35741
317.35741
317.35741
317.35741
317.35741
317.35741
317.35741
317.35741
317.35741
317.35741
317.35741
317.35741
317.35741
317.35741
317.35741
317.35741
317.35741
317.35741
317.35741
317.35741
317.35741
317.35741
317.35741
317.35741
317.37732
317.37732
317.37732
317.37732
317.37732
317.37732
317.37732
317.37732
317.37732
317.37732
317.37732
317.37732
317.37732
317.37732
317.37732
317.37732
317.37732
317.37732
317.37732
317.37732
317.37732
317.37732
317.37732
317.37732
317.37732
317.37732
317.37732
317.37732
317.37732
317.37732
317.37732
317.37732
317.37732
317.37732
317.37732
317.37732
317.38787
317.38787
317.38787
317.38787
317.38787
317.38787
317.38787
317.38787
317.38787
317.38787
317.38787
317.38787
317.38787
317.38787
317.38787
317.38787
317.38787
317.38787
317.38787
317.38787
317.38787
317.38787
317.38787
317.38787
317.38787
317.38787
317.38787
317.38787
317.38787
317.38787
317.38787
317.38787
317.38787
317.38787
317.38787
317.38787
317.38982
317.38982
317.38982
317.38982
317.38982
317.38982
317.38983
317.38983
317.38983
317.38983
317.38983
317.38983
317.38983
317.38983
317.38983
317.38983
317.38983
317.38983
317.38983
317.38983
317.38983
317.38983
317.38983
317.38983
317.38983
317.38983
317.38983
317.38983
317.38983
317.38983
317.38982
317.38983
317.38982
317.38982
317.38982
317.38982
317.3838
317.3838
317.3838
317.3838
317.3838
317.3838
317.3838
317.3838
317.3838
317.3838
317.3838
317.3838
317.3838
317.3838
317.3838
317.3838
317.3838
317.3838
317.3838
317.3838
317.3838
317.3838
317.3838
317.3838
317.3838
317.3838
317.3838
317.3838
317.3838
317.3838
317.3838
317.3838
317.3838
317.3838
317.3838
317.3838
317.37031
317.37031
317.37031
317.37031
317.37031
317.37031
317.37031
317.37031
317.37031
317.37031
317.37031
317.37031
317.37031
317.37031
317.37031
317.37031
317.37031
317.37031
317.37031
317.37031
317.37031
317.37031
317.37031
317.37031
317.37031
317.37031
317.37031
317.37031
317.37031
317.37031
317.37031
317.37031
317.37031
317.37031
317.37031
317.37031
317.34978
317.34978
317.34978
317.34978
317.34978
317.34978
317.34978
317.34978
317.34978
317.34978
317.34978
317.34978
317.34978
317.34978
317.34978
317.34978
317.34978
317.34978
317.34978
317.34978
317.34978
317.34978
317.34978
317.34978
317.34978
317.34978
317.34978
317.34978
317.34978
317.34978
317.34978
317.34978
317.34978
317.34978
317.34978
317.34978
317.32253
317.32253
317.32253
317.32253
317.32253
317.32253
317.32253
317.32253
317.32253
317.32253
317.32253
317.32253
317.32253
317.32253
317.32253
317.32253
317.32253
317.32253
317.32253
317.32253
317.32253
317.32253
317.32253
317.32253
317.32253
317.32253
317.32253
317.32253
317.32253
317.32253
317.32253
317.32253
317.32253
317.32253
317.32253
317.32253
317.28883
317.28883
317.28883
317.28883
317.28883
317.28883
317.28883
317.28883
317.28883
317.28883
317.28883
317.28883
317.28883
317.28883
317.28883
317.28883
317.28883
317.28883
317.28883
317.28883
317.28883
317.28883
317.28883
317.28883
317.28883
317.28883
317.28883
317.28883
317.28883
317.28883
317.28883
317.28883
317.28883
317.28883
317.28883
317.28883
317.25036
317.25036
317.25037
317.25036
317.25037
317.25037
317.25037
317.25037
317.25037
317.25037
317.25037
317.25037
317.25037
317.25037
317.25037
317.25037
317.25037
317.25037
317.25037
317.25037
317.25037
317.25037
317.25037
317.25037
317.25037
317.25037
317.25037
317.25037
317.25037
317.25037
317.25037
317.25037
317.25037
317.25037
317.25037
317.25036
317.20721
317.20721
317.20721
317.20721
317.20721
317.20721
317.20721
317.20721
317.20721
317.20721
317.20721
317.20721
317.20721
317.20721
317.20721
317.20721
317.20721
317.20721
317.20721
317.20721
317.20721
317.20721
317.20721
317.20721
317.20721
317.20721
317.20721
317.20721
317.20721
317.20721
317.20721
317.20721
317.20721
317.20721
317.20721
317.20721
317.15945
317.15945
317.15945
317.15945
317.15945
317.15945
317.15945
317.15945
317.15945
317.15945
317.15945
317.15945
317.15945
317.15945
317.15945
317.15945
317.15945
317.15945
317.15945
317.15945
317.15945
317.15945
317.15945
317.15945
317.15945
317.15945
317.15945
317.15945
317.15945
317.15945
317.15945
317.15945
317.15945
317.15945
317.15945
317.15945
317.10715
317.10715
317.10715
317.10715
317.10715
317.10715
317.10715
317.10715
317.10715
317.10715
317.10715
317.10715
317.10715
317.10715
317.10715
317.10715
317.10715
317.10715
317.10715
317.10715
317.10715
317.10715
317.10715
317.10715
317.10715
317.10715
317.10715
317.10715
317.10715
317.10715
317.10715
317.10715
317.10715
317.10715
317.10715
317.10715
317.05035
317.05035
317.05035
317.05035
317.05035
317.05035
317.05035
317.05035
317.05035
317.05035
317.05035
317.05035
317.05035
317.05035
317.05035
317.05035
317.05035
317.05035
317.05035
317.05035
317.05035
317.05035
317.05035
317.05035
317.05035
317.05035
317.05035
317.05035
317.05035
317.05035
317.05035
317.05035
317.05035
317.05035
317.05035
317.05035
316.9891
316.9891
316.9891
316.9891
316.9891
316.9891
316.9891
316.9891
316.9891
316.9891
316.9891
316.9891
316.9891
316.9891
316.9891
316.9891
316.9891
316.9891
316.9891
316.9891
316.9891
316.9891
316.9891
316.9891
316.9891
316.9891
316.9891
316.9891
316.9891
316.9891
316.9891
316.9891
316.9891
316.9891
316.9891
316.9891
316.92341
316.92341
316.92341
316.92341
316.92341
316.92341
316.92341
316.92341
316.92341
316.92341
316.92341
316.92341
316.92341
316.92341
316.92341
316.92341
316.92341
316.92341
316.92341
316.92341
316.92341
316.92341
316.92341
316.92341
316.92341
316.92341
316.92341
316.92341
316.92341
316.92341
316.92341
316.92341
316.92341
316.92341
316.92341
316.92341
316.85416
316.85416
316.85416
316.85416
316.85416
316.85416
316.85416
316.85416
316.85416
316.85416
316.85416
316.85416
316.85416
316.85416
316.85416
316.85416
316.85416
316.85416
316.85416
316.85416
316.85416
316.85416
316.85416
316.85416
316.85416
316.85416
316.85416
316.85416
316.85416
316.85416
316.85416
316.85416
316.85416
316.85416
316.85416
316.85416
316.7813
316.7813
316.7813
316.7813
316.7813
316.7813
316.7813
316.7813
316.7813
316.7813
316.7813
316.7813
316.7813
316.7813
316.7813
316.7813
316.7813
316.7813
316.7813
316.7813
316.7813
316.7813
316.7813
316.7813
316.7813
316.7813
316.7813
316.7813
316.7813
316.7813
316.7813
316.7813
316.7813
316.7813
316.7813
316.7813
316.70481
316.70481
316.70481
316.70481
316.70481
316.70481
316.70481
316.70481
316.70481
316.70481
316.70481
316.70481
316.70481
316.70481
316.70481
316.70481
316.70481
316.70481
316.70481
316.70481
316.70481
316.70481
316.70481
316.70481
316.70481
316.70481
316.70481
316.70481
316.70481
316.70481
316.70481
316.70481
316.70481
316.70481
316.70481
316.70481
316.62468
316.62468
316.62468
316.62468
316.62468
316.62468
316.62468
316.62468
316.62468
316.62468
316.62468
316.62468
316.62468
316.62468
316.62468
316.62468
316.62468
316.62468
316.62468
316.62468
316.62468
316.62468
316.62468
316.62468
316.62468
316.62468
316.62468
316.62468
316.62468
316.62468
316.62468
316.62468
316.62468
316.62468
316.62468
316.62468
316.54089
316.54089
316.54089
316.54089
316.54089
316.54089
316.54089
316.54089
316.54089
316.54089
316.54089
316.54089
316.54089
316.54089
316.54089
316.54089
316.54089
316.54089
316.54089
316.54089
316.54089
316.54089
316.54089
316.54089
316.54089
316.54089
316.54089
316.54089
316.54089
316.54089
316.54089
316.54089
316.54089
316.54089
316.54089
316.54089
316.45342
316.45342
316.45342
316.45342
316.45342
316.45342
316.45342
316.45342
316.45342
316.45342
316.45342
316.45342
316.45342
316.45342
316.45342
316.45342
316.45342
316.45342
316.45342
316.45342
316.45342
316.45342
316.45342
316.45342
316.45342
316.45342
316.45342
316.45342
316.45342
316.45342
316.45342
316.45342
316.45342
316.45342
316.45342
316.45342
316.36228
316.36228
316.36228
316.36228
316.36228
316.36228
316.36228
316.36228
316.36228
316.36228
316.36228
316.36228
316.36228
316.36228
316.36228
316.36228
316.36228
316.36228
316.36228
316.36228
316.36228
316.36228
316.36228
316.36228
316.36228
316.36228
316.36228
316.36228
316.36228
316.36228
316.36228
316.36228
316.36228
316.36228
316.36228
316.36228
316.26747
316.26747
316.26747
316.26746
316.26747
316.26746
316.26747
316.26747
316.26747
316.26747
316.26747
316.26747
316.26746
316.26747
316.26746
316.26747
316.26747
316.26747
316.26747
316.26747
316.26747
316.26746
316.26747
316.26746
316.26747
316.26747
316.26747
316.26747
316.26747
316.26747
316.26746
316.26747
316.26746
316.26747
316.26747
316.26747
316.16958
316.16958
316.16958
316.16958
316.16958
316.16958
316.16958
316.16958
316.16958
316.16958
316.16958
316.16958
316.16958
316.16958
316.16958
316.16958
316.16958
316.16958
316.16958
316.16958
316.16958
316.16958
316.16958
316.16958
316.16958
316.16958
316.16958
316.16958
316.16958
316.16958
316.16958
316.16958
316.16958
316.16958
316.16958
316.16958
316.06859
316.06859
316.06859
316.06859
316.06859
316.06859
316.06859
316.06859
316.06859
316.06859
316.06859
316.06859
316.06859
316.06859
316.06859
316.06859
316.06859
316.06859
316.06859
316.06859
316.06859
316.06859
316.06859
316.06859
316.06859
316.06859
316.06859
316.06859
316.06859
316.06859
316.06859
316.06859
316.06859
316.06859
316.06859
316.06859
315.96449
315.96449
315.96449
315.96449
315.96449
315.96449
315.96449
315.96449
315.96449
315.96449
315.96449
315.96449
315.96449
315.96449
315.96449
315.96449
315.96449
315.96449
315.96449
315.96449
315.96449
315.96449
315.96449
315.96449
315.96449
315.96449
315.96449
315.96449
315.96449
315.96449
315.96449
315.96449
315.96449
315.96449
315.96449
315.96449
315.85727
315.85727
315.85727
315.85727
315.85727
315.85727
315.85727
315.85727
315.85727
315.85727
315.85727
315.85727
315.85727
315.85727
315.85727
315.85727
315.85727
315.85727
315.85727
315.85727
315.85727
315.85727
315.85727
315.85727
315.85727
315.85727
315.85727
315.85727
315.85727
315.85727
315.85727
315.85727
315.85727
315.85727
315.85727
315.85727
315.74693
315.74693
315.74693
315.74693
315.74693
315.74693
315.74693
315.74693
315.74693
315.74693
315.74693
315.74693
315.74693
315.74693
315.74693
315.74693
315.74693
315.74693
315.74693
315.74693
315.74693
315.74693
315.74693
315.74693
315.74693
315.74693
315.74693
315.74693
315.74693
315.74693
315.74693
315.74693
315.74693
315.74693
315.74693
315.74693
315.6335
315.6335
315.6335
315.63349
315.6335
315.63349
315.6335
315.6335
315.6335
315.6335
315.63349
315.6335
315.63349
315.6335
315.63349
315.63349
315.63349
315.63349
315.63349
315.63349
315.63349
315.63349
315.6335
315.63349
315.6335
315.63349
315.6335
315.6335
315.6335
315.6335
315.63349
315.6335
315.63349
315.6335
315.6335
315.6335
315.51698
315.51698
315.51698
315.51698
315.51698
315.51698
315.51698
315.51698
315.51698
315.51698
315.51698
315.51698
315.51698
315.51698
315.51698
315.51698
315.51698
315.51698
315.51698
315.51698
315.51698
315.51698
315.51698
315.51698
315.51698
315.51698
315.51698
315.51698
315.51698
315.51698
315.51698
315.51698
315.51698
315.51698
315.51698
315.51698
315.39741
315.39741
315.39741
315.39741
315.39741
315.39741
315.39741
315.39741
315.39741
315.39741
315.39741
315.39741
315.39741
315.39741
315.39741
315.39741
315.39741
315.39741
315.39741
315.39741
315.39741
315.39741
315.39741
315.39741
315.39741
315.39741
315.39741
315.39741
315.39741
315.39741
315.39741
315.39741
315.39741
315.39741
315.39741
315.39741
315.27481
315.27481
315.27481
315.27481
315.27481
315.27481
315.27481
315.27481
315.27481
315.27481
315.27481
315.27481
315.27481
315.27481
315.27481
315.27481
315.27481
315.27481
315.27481
315.27481
315.27481
315.27481
315.27481
315.27481
315.27481
315.27481
315.27481
315.27481
315.27481
315.27481
315.27481
315.27481
315.27481
315.27481
315.27481
315.27481
315.14923
315.14923
315.14923
315.14923
315.14923
315.14923
315.14923
315.14923
315.14923
315.14923
315.14923
315.14923
315.14923
315.14923
315.14923
315.14923
315.14923
315.14923
315.14923
315.14923
315.14923
315.14923
315.14923
315.14923
315.14923
315.14923
315.14923
315.14923
315.14923
315.14923
315.14923
315.14923
315.14923
315.14923
315.14923
315.14923
315.02069
315.02069
315.02069
315.02069
315.02069
315.02069
315.02069
315.02069
315.02069
315.02069
315.02069
315.02069
315.02069
315.02069
315.02069
315.02069
315.02069
315.02069
315.02069
315.02069
315.02069
315.02069
315.02069
315.02069
315.02069
315.02069
315.02069
315.02069
315.02069
315.02069
315.02069
315.02069
315.02069
315.02069
315.02069
315.02069
314.89009
314.89009
314.89009
314.89009
314.89009
314.89009
314.89009
314.89009
314.89009
314.89009
314.89009
314.89009
314.89009
314.89009
314.89009
314.89009
314.89009
314.89009
314.89009
314.89009
314.89009
314.89009
314.89009
314.89009
314.89009
314.89009
314.89009
314.89009
314.89009
314.89009
314.89009
314.89009
314.89009
314.89009
314.89009
314.89009
314.75742
314.75742
314.75742
314.75742
314.75742
314.75742
314.75742
314.75742
314.75742
314.75742
314.75742
314.75742
314.75742
314.75742
314.75742
314.75742
314.75742
314.75742
314.75742
314.75742
314.75742
314.75742
314.75742
314.75742
314.75742
314.75742
314.75742
314.75742
314.75742
314.75742
314.75742
314.75742
314.75742
314.75742
314.75742
314.75742
314.6227
314.6227
314.6227
314.6227
314.6227
314.6227
314.6227
314.6227
314.6227
314.6227
314.6227
314.6227
314.6227
314.6227
314.6227
314.6227
314.6227
314.6227
314.6227
314.6227
314.6227
314.6227
314.6227
314.6227
314.6227
314.6227
314.6227
314.6227
314.6227
314.6227
314.6227
314.6227
314.6227
314.6227
314.6227
314.6227
314.48595
314.48595
314.48595
314.48595
314.48595
314.48595
314.48595
314.48595
314.48595
314.48595
314.48595
314.48595
314.48595
314.48595
314.48595
314.48595
314.48595
314.48595
314.48595
314.48595
314.48595
314.48595
314.48595
314.48595
314.48595
314.48595
314.48595
314.48595
314.48595
314.48595
314.48595
314.48595
314.48595
314.48595
314.48595
314.48595
314.34719
314.34719
314.34719
314.34719
314.34719
314.34719
314.34719
314.34719
314.34719
314.34719
314.34719
314.34719
314.34719
314.34719
314.34719
314.34719
314.34719
314.34719
314.34719
314.34719
314.34719
314.34719
314.34719
314.34719
314.34719
314.34719
314.34719
314.34719
314.34719
314.34719
314.34719
314.34719
314.34719
314.34719
314.34719
314.34719
314.20648
314.20648
314.20648
314.20648
314.20648
314.20648
314.20648
314.20648
314.20648
314.20648
314.20648
314.20648
314.20648
314.20648
314.20648
314.20648
314.20648
314.20648
314.20648
314.20648
314.20648
314.20648
314.20648
314.20648
314.20648
314.20648
314.20648
314.20648
314.20648
314.20648
314.20648
314.20648
314.20648
314.20648
314.20648
314.20648
314.06385
314.06385
314.06385
314.06385
314.06385
314.06385
314.06385
314.06385
314.06385
314.06385
314.06385
314.06385
314.06385
314.06385
314.06385
314.06385
314.06385
314.06385
314.06385
314.06385
314.06385
314.06385
314.06385
314.06385
314.06385
314.06385
314.06385
314.06385
314.06385
314.06385
314.06385
314.06385
314.06385
314.06385
314.06385
314.06385
313.91936
313.91936
313.91936
313.91936
313.91936
313.91936
313.91936
313.91936
313.91936
313.91936
313.91936
313.91936
313.91936
313.91936
313.91936
313.91936
313.91936
313.91936
313.91936
313.91936
313.91936
313.91936
313.91936
313.91936
313.91936
313.91936
313.91936
313.91936
313.91936
313.91936
313.91936
313.91936
313.91936
313.91936
313.91936
313.91936
313.77308
313.77308
313.77308
313.77308
313.77308
313.77308
313.77308
313.77308
313.77308
313.77308
313.77308
313.77308
313.77308
313.77308
313.77308
313.77308
313.77308
313.77308
313.77308
313.77308
313.77308
313.77308
313.77308
313.77308
313.77308
313.77308
313.77308
313.77308
313.77308
313.77308
313.77308
313.77308
313.77308
313.77308
313.77308
313.77308
313.62506
313.62506
313.62506
313.62506
313.62506
313.62506
313.62506
313.62506
313.62506
313.62506
313.62506
313.62506
313.62506
313.62506
313.62506
313.62506
313.62506
313.62506
313.62506
313.62506
313.62506
313.62506
313.62506
313.62506
313.62506
313.62506
313.62506
313.62506
313.62506
313.62506
313.62506
313.62506
313.62506
313.62506
313.62506
313.62506
313.47538
313.47538
313.47538
313.47538
313.47538
313.47538
313.47538
313.47538
313.47538
313.47538
313.47538
313.47538
313.47538
313.47538
313.47538
313.47538
313.47538
313.47538
313.47538
313.47538
313.47538
313.47538
313.47538
313.47538
313.47538
313.47538
313.47538
313.47538
313.47538
313.47538
313.47538
313.47538
313.47538
313.47538
313.47538
313.47538
313.3241
313.3241
313.3241
313.3241
313.3241
313.3241
313.3241
313.3241
313.3241
313.3241
313.3241
313.3241
313.3241
313.3241
313.3241
313.3241
313.3241
313.3241
313.3241
313.3241
313.3241
313.3241
313.3241
313.3241
313.3241
313.3241
313.3241
313.3241
313.3241
313.3241
313.3241
313.3241
313.3241
313.3241
313.3241
313.3241
313.1713
313.1713
313.1713
313.1713
313.1713
313.1713
313.1713
313.1713
313.1713
313.1713
313.1713
313.1713
313.1713
313.1713
313.1713
313.1713
313.1713
313.1713
313.1713
313.1713
313.1713
313.1713
313.1713
313.1713
313.1713
313.1713
313.1713
313.1713
313.1713
313.1713
313.1713
313.1713
313.1713
313.1713
313.1713
313.1713
313.01705
313.01705
313.01705
313.01705
313.01705
313.01705
313.01705
313.01705
313.01705
313.01705
313.01705
313.01705
313.01705
313.01705
313.01705
313.01705
313.01705
313.01705
313.01705
313.01705
313.01705
313.01705
313.01705
313.01705
313.01705
313.01705
313.01705
313.01705
313.01705
313.01705
313.01705
313.01705
313.01705
313.01705
313.01705
313.01705
312.86143
312.86143
312.86143
312.86143
312.86143
312.86143
312.86143
312.86143
312.86143
312.86143
312.86143
312.86143
312.86143
312.86143
312.86143
312.86143
312.86143
312.86143
312.86143
312.86143
312.86143
312.86143
312.86143
312.86143
312.86143
312.86143
312.86143
312.86143
312.86143
312.86143
312.86143
312.86143
312.86143
312.86143
312.86143
312.86143
312.7052
312.7052
312.7052
312.7052
312.7052
312.7052
312.7052
312.7052
312.7052
312.7052
312.7052
312.7052
312.7052
312.7052
312.7052
312.7052
312.7052
312.7052
312.7052
312.7052
312.7052
312.7052
312.7052
312.7052
312.7052
312.7052
312.7052
312.7052
312.7052
312.7052
312.7052
312.7052
312.7052
312.7052
312.7052
312.7052
312.54839
312.54839
312.54839
312.54839
312.54839
312.54839
312.54839
312.54839
312.54839
312.54839
312.54839
312.54839
312.54839
312.54839
312.54839
312.54839
312.54839
312.54839
312.54839
312.54839
312.54839
312.54839
312.54839
312.54839
312.54839
312.54839
312.54839
312.54839
312.54839
312.54839
312.54839
312.54839
312.54839
312.54839
312.54839
312.54839
312.39105
312.39105
312.39105
312.39105
312.39105
312.39105
312.39105
312.39105
312.39105
312.39105
312.39105
312.39105
312.39105
312.39105
312.39105
312.39105
312.39105
312.39105
312.39105
312.39105
312.39105
312.39105
312.39105
312.39105
312.39105
312.39105
312.39105
312.39105
312.39105
312.39105
312.39105
312.39105
312.39105
312.39105
312.39105
312.39105
312.23322
312.23322
312.23322
312.23322
312.23322
312.23322
312.23322
312.23322
312.23322
312.23322
312.23322
312.23322
312.23322
312.23322
312.23322
312.23322
312.23322
312.23322
312.23322
312.23322
312.23322
312.23322
312.23322
312.23322
312.23322
312.23322
312.23322
312.23322
312.23322
312.23322
312.23322
312.23322
312.23322
312.23322
312.23322
312.23322
312.07497
312.07497
312.07497
312.07497
312.07497
312.07497
312.07497
312.07497
312.07497
312.07497
312.07497
312.07497
312.07497
312.07497
312.07497
312.07497
312.07497
312.07497
312.07497
312.07497
312.07497
312.07497
312.07497
312.07497
312.07497
312.07497
312.07497
312.07497
312.07497
312.07497
312.07497
312.07497
312.07497
312.07497
312.07497
312.07497
311.91635
311.91635
311.91635
311.91635
311.91635
311.91635
311.91635
311.91635
311.91635
311.91635
311.91635
311.91635
311.91635
311.91635
311.91635
311.91635
311.91635
311.91635
311.91635
311.91635
311.91635
311.91635
311.91635
311.91635
311.91635
311.91635
311.91635
311.91635
311.91635
311.91635
311.91635
311.91635
311.91635
311.91635
311.91635
311.91635
311.75741
311.75741
311.75741
311.75741
311.75741
311.75741
311.75741
311.75741
311.75741
311.75741
311.75741
311.75741
311.75741
311.75741
311.75741
311.75741
311.75741
311.75741
311.75741
311.75741
311.75741
311.75741
311.75741
311.75741
311.75741
311.75741
311.75741
311.75741
311.75741
311.75741
311.75741
311.75741
311.75741
311.75741
311.75741
311.75741
311.59823
311.59823
311.59823
311.59823
311.59823
311.59823
311.59823
311.59823
311.59823
311.59823
311.59823
311.59823
311.59823
311.59823
311.59823
311.59823
311.59823
311.59823
311.59823
311.59823
311.59823
311.59823
311.59823
311.59823
311.59823
311.59823
311.59823
311.59823
311.59823
311.59823
311.59823
311.59823
311.59823
311.59823
311.59823
311.59823
311.43887
311.43887
311.43887
311.43887
311.43887
311.43887
311.43887
311.43887
311.43887
311.43887
311.43887
311.43887
311.43887
311.43887
311.43887
311.43887
311.43887
311.43887
311.43887
311.43887
311.43887
311.43887
311.43887
311.43887
311.43887
311.43887
311.43887
311.43887
311.43887
311.43887
311.43887
311.43887
311.43887
311.43887
311.43887
311.43887
311.2794
311.2794
311.2794
311.2794
311.2794
311.2794
311.2794
311.2794
311.2794
311.2794
311.2794
311.2794
311.2794
311.2794
311.2794
311.2794
311.2794
311.2794
311.2794
311.2794
311.2794
311.2794
311.2794
311.2794
311.2794
311.2794
311.2794
311.2794
311.2794
311.2794
311.2794
311.2794
311.2794
311.2794
311.2794
311.2794
311.11988
311.11988
311.11988
311.11988
311.11988
311.11988
311.11988
311.11988
311.11988
311.11988
311.11988
311.11988
311.11988
311.11988
311.11988
311.11988
311.11988
311.11988
311.11988
311.11988
311.11988
311.11988
311.11988
311.11988
311.11988
311.11988
311.11988
311.11988
311.11988
311.11988
311.11988
311.11988
311.11988
311.11988
311.11988
311.11988
310.96037
310.96037
310.96037
310.96037
310.96037
310.96037
310.96037
310.96037
310.96037
310.96037
310.96037
310.96037
310.96037
310.96037
310.96037
310.96037
310.96037
310.96037
310.96037
310.96037
310.96037
310.96037
310.96037
310.96037
310.96037
310.96037
310.96037
310.96037
310.96037
310.96037
310.96037
310.96037
310.96037
310.96037
310.96037
310.96037
310.80096
310.80096
310.80096
310.80096
310.80096
310.80096
310.80096
310.80096
310.80096
310.80096
310.80096
310.80096
310.80096
310.80096
310.80096
310.80096
310.80096
310.80096
310.80096
310.80096
310.80096
310.80096
310.80096
310.80096
310.80096
310.80096
310.80096
310.80096
310.80096
310.80096
310.80096
310.80096
310.80096
310.80096
310.80096
310.80096
310.64169
310.64169
310.64169
310.64169
310.64169
310.64169
310.64169
310.64169
310.64169
310.64169
310.64169
310.64169
310.64169
310.64169
310.64169
310.64169
310.64169
310.64169
310.64169
310.64169
310.64169
310.64169
310.64169
310.64169
310.64169
310.64169
310.64169
310.64169
310.64169
310.64169
310.64169
310.64169
310.64169
310.64169
310.64169
310.64169
310.48265
310.48265
310.48265
310.48265
310.48265
310.48265
310.48265
310.48265
310.48265
310.48265
310.48265
310.48265
310.48265
310.48265
310.48265
310.48265
310.48265
310.48265
310.48265
310.48265
310.48265
310.48265
310.48265
310.48265
310.48265
310.48265
310.48265
310.48265
310.48265
310.48265
310.48265
310.48265
310.48265
310.48265
310.48265
310.48265
310.3239
310.3239
310.3239
310.3239
310.3239
310.3239
310.3239
310.3239
310.3239
310.3239
310.3239
310.3239
310.3239
310.3239
310.3239
310.3239
310.3239
310.3239
310.3239
310.3239
310.3239
310.3239
310.3239
310.3239
310.3239
310.3239
310.3239
310.3239
310.3239
310.3239
310.3239
310.3239
310.3239
310.3239
310.3239
310.3239
310.1655
310.1655
310.1655
310.1655
310.1655
310.1655
310.1655
310.1655
310.1655
310.1655
310.1655
310.1655
310.1655
310.1655
310.1655
310.1655
310.1655
310.1655
310.1655
310.1655
310.1655
310.1655
310.1655
310.1655
310.1655
310.1655
310.1655
310.1655
310.1655
310.1655
310.1655
310.1655
310.1655
310.1655
310.1655
310.1655
310.00752
310.00752
310.00752
310.00752
310.00752
310.00752
310.00752
310.00752
310.00752
310.00752
310.00752
310.00752
310.00752
310.00752
310.00752
310.00752
310.00752
310.00752
310.00752
310.00752
310.00752
310.00752
310.00752
310.00752
310.00752
310.00752
310.00752
310.00752
310.00752
310.00752
310.00752
310.00752
310.00752
310.00752
310.00752
310.00752
309.85002
309.85002
309.85002
309.85002
309.85002
309.85002
309.85002
309.85002
309.85002
309.85002
309.85002
309.85002
309.85002
309.85002
309.85002
309.85002
309.85002
309.85002
309.85002
309.85002
309.85002
309.85002
309.85002
309.85002
309.85002
309.85002
309.85002
309.85002
309.85002
309.85002
309.85002
309.85002
309.85002
309.85002
309.85002
309.85002
309.69307
309.69307
309.69307
309.69307
309.69307
309.69307
309.69307
309.69307
309.69307
309.69307
309.69307
309.69307
309.69307
309.69307
309.69307
309.69307
309.69307
309.69307
309.69307
309.69307
309.69307
309.69307
309.69307
309.69307
309.69307
309.69307
309.69307
309.69307
309.69307
309.69307
309.69307
309.69307
309.69307
309.69307
309.69307
309.69307
320.95204
320.95204
320.95204
320.95204
320.95204
320.95204
320.95204
320.95204
320.95204
320.95204
320.95204
320.95204
320.95204
320.95204
320.95204
320.95204
320.95204
320.95205
320.95205
320.95204
320.95204
320.95204
320.95204
320.95204
320.95204
320.95204
320.95204
320.95204
320.95204
320.95204
320.95204
320.95204
320.95204
320.95204
320.95204
320.95204
320.97529
320.97529
320.97529
320.97529
320.97529
320.97529
320.97529
320.97529
320.97529
320.97529
320.97529
320.97529
320.97529
320.97529
320.97529
320.97529
320.97529
320.97529
320.97529
320.97529
320.97529
320.97529
320.97529
320.97529
320.97529
320.97529
320.97529
320.97529
320.97529
320.97529
320.97529
320.97529
320.97529
320.97529
320.97529
320.97529
320.98724
320.98724
320.98724
320.98724
320.98724
320.98724
320.98724
320.98724
320.98724
320.98724
320.98724
320.98724
320.98724
320.98724
320.98724
320.98724
320.98724
320.98724
320.98724
320.98724
320.98724
320.98724
320.98724
320.98724
320.98724
320.98724
320.98724
320.98724
320.98724
320.98724
320.98724
320.98724
320.98724
320.98724
320.98724
320.98724
320.98875
320.98875
320.98875
320.98875
320.98876
320.98876
320.98876
320.98876
320.98876
320.98876
320.98876
320.98876
320.98876
320.98876
320.98876
320.98876
320.98876
320.98876
320.98876
320.98876
320.98876
320.98876
320.98876
320.98876
320.98876
320.98876
320.98876
320.98876
320.98876
320.98876
320.98876
320.98876
320.98875
320.98875
320.98875
320.98875
320.98058
320.98058
320.98058
320.98058
320.98058
320.98058
320.98058
320.98058
320.98058
320.98058
320.98058
320.98058
320.98058
320.98058
320.98058
320.98058
320.98058
320.98058
320.98058
320.98058
320.98058
320.98058
320.98058
320.98058
320.98058
320.98058
320.98058
320.98058
320.98058
320.98058
320.98058
320.98058
320.98058
320.98058
320.98058
320.98058
320.96331
320.96331
320.96331
320.96331
320.96331
320.96331
320.96331
320.96331
320.96331
320.96331
320.96331
320.96331
320.96331
320.96331
320.96331
320.96331
320.96331
320.96331
320.96331
320.96331
320.96331
320.96331
320.96331
320.96331
320.96331
320.96331
320.96331
320.96331
320.96331
320.96331
320.96331
320.96331
320.96331
320.96331
320.96331
320.96331
320.93747
320.93747
320.93747
320.93747
320.93747
320.93747
320.93747
320.93747
320.93747
320.93747
320.93747
320.93747
320.93747
320.93747
320.93747
320.93747
320.93747
320.93747
320.93747
320.93747
320.93747
320.93747
320.93747
320.93747
320.93747
320.93747
320.93747
320.93747
320.93747
320.93747
320.93747
320.93747
320.93747
320.93747
320.93747
320.93747
320.90347
320.90347
320.90347
320.90347
320.90347
320.90347
320.90347
320.90347
320.90347
320.90347
320.90347
320.90347
320.90347
320.90347
320.90347
320.90347
320.90347
320.90347
320.90347
320.90347
320.90347
320.90347
320.90347
320.90347
320.90347
320.90347
320.90347
320.90347
320.90347
320.90347
320.90347
320.90347
320.90347
320.90347
320.90347
320.90347
320.86169
320.86169
320.86169
320.86169
320.86169
320.86169
320.86169
320.86169
320.86169
320.86169
320.86169
320.86169
320.86169
320.86169
320.86169
320.86169
320.86169
320.86169
320.86169
320.86169
320.86169
320.86169
320.86169
320.86169
320.86169
320.86169
320.86169
320.86169
320.86169
320.86169
320.86169
320.86169
320.86169
320.86169
320.86169
320.86169
320.81392
320.81392
320.81392
320.81392
320.81392
320.81392
320.81392
320.81392
320.81392
320.81392
320.81392
320.81392
320.81392
320.81392
320.81392
320.81392
320.81392
320.81392
320.81392
320.81392
320.81392
320.81392
320.81392
320.81392
320.81392
320.81392
320.81392
320.81392
320.81392
320.81392
320.81392
320.81392
320.81392
320.81392
320.81392
320.81392
320.76033
320.76033
320.76033
320.76033
320.76033
320.76033
320.76033
320.76033
320.76033
320.76033
320.76033
320.76033
320.76033
320.76033
320.76033
320.76033
320.76033
320.76033
320.76033
320.76033
320.76033
320.76033
320.76033
320.76033
320.76033
320.76033
320.76033
320.76033
320.76033
320.76033
320.76033
320.76033
320.76033
320.76033
320.76033
320.76033
320.70105
320.70105
320.70105
320.70105
320.70105
320.70105
320.70105
320.70105
320.70105
320.70105
320.70105
320.70105
320.70105
320.70105
320.70105
320.70105
320.70105
320.70105
320.70105
320.70105
320.70105
320.70105
320.70105
320.70105
320.70105
320.70105
320.70105
320.70105
320.70105
320.70105
320.70105
320.70105
320.70105
320.70105
320.70105
320.70105
320.63618
320.63618
320.63618
320.63618
320.63618
320.63618
320.63618
320.63618
320.63618
320.63618
320.63618
320.63618
320.63618
320.63618
320.63618
320.63618
320.63618
320.63618
320.63618
320.63618
320.63618
320.63618
320.63618
320.63618
320.63618
320.63618
320.63618
320.63618
320.63618
320.63618
320.63618
320.63618
320.63618
320.63618
320.63618
320.63618
320.56581
320.56581
320.56581
320.56581
320.56581
320.56581
320.56581
320.56581
320.56581
320.56581
320.56581
320.56581
320.56581
320.56581
320.56581
320.56581
320.56581
320.56581
320.56581
320.56581
320.56581
320.56581
320.56581
320.56581
320.56581
320.56581
320.56581
320.56581
320.56581
320.56581
320.56581
320.56581
320.56581
320.56581
320.56581
320.56581
320.49001
320.49001
320.49001
320.49001
320.49001
320.49001
320.49001
320.49001
320.49001
320.49001
320.49001
320.49001
320.49001
320.49001
320.49001
320.49001
320.49001
320.49001
320.49001
320.49001
320.49001
320.49001
320.49001
320.49001
320.49001
320.49001
320.49001
320.49001
320.49001
320.49001
320.49001
320.49001
320.49001
320.49001
320.49001
320.49001
320.40884
320.40884
320.40884
320.40884
320.40884
320.40884
320.40884
320.40884
320.40884
320.40884
320.40884
320.40884
320.40884
320.40884
320.40884
320.40884
320.40884
320.40884
320.40884
320.40884
320.40884
320.40884
320.40884
320.40884
320.40884
320.40884
320.40884
320.40884
320.40884
320.40884
320.40884
320.40884
320.40884
320.40884
320.40884
320.40884
320.32321
320.32321
320.32321
320.32321
320.32321
320.32321
320.32322
320.32322
320.32322
320.32322
320.32322
320.32322
320.32322
320.32322
320.32322
320.32322
320.32322
320.32322
320.32322
320.32322
320.32322
320.32322
320.32322
320.32322
320.32322
320.32322
320.32322
320.32322
320.32322
320.32322
320.32322
320.32322
320.32321
320.32321
320.32321
320.32321
320.23314
320.23314
320.23314
320.23314
320.23314
320.23314
320.23314
320.23314
320.23314
320.23314
320.23314
320.23314
320.23314
320.23314
320.23314
320.23314
320.23314
320.23314
320.23314
320.23314
320.23314
320.23314
320.23314
320.23314
320.23314
320.23314
320.23314
320.23314
320.23314
320.23314
320.23314
320.23314
320.23314
320.23314
320.23314
320.23314
320.1386
320.1386
320.1386
320.1386
320.1386
320.1386
320.1386
320.1386
320.1386
320.1386
320.1386
320.1386
320.1386
320.1386
320.1386
320.1386
320.1386
320.1386
320.1386
320.1386
320.1386
320.1386
320.1386
320.1386
320.1386
320.1386
320.1386
320.1386
320.1386
320.1386
320.1386
320.1386
320.1386
320.1386
320.1386
320.1386
320.0396
320.0396
320.0396
320.0396
320.0396
320.0396
320.0396
320.0396
320.0396
320.0396
320.0396
320.0396
320.0396
320.0396
320.0396
320.0396
320.0396
320.0396
320.0396
320.0396
320.0396
320.0396
320.0396
320.0396
320.0396
320.0396
320.0396
320.0396
320.0396
320.0396
320.0396
320.0396
320.0396
320.0396
320.0396
320.0396
319.93614
319.93614
319.93614
319.93614
319.93614
319.93614
319.93614
319.93614
319.93614
319.93614
319.93615
319.93614
319.93615
319.93615
319.93615
319.93614
319.93615
319.93615
319.93615
319.93615
319.93615
319.93615
319.93615
319.93615
319.93614
319.93615
319.93615
319.93615
319.93614
319.93614
319.93614
319.93614
319.93614
319.93614
319.93614
319.93614
319.82824
319.82824
319.82824
319.82824
319.82824
319.82824
319.82824
319.82824
319.82824
319.82824
319.82824
319.82824
319.82824
319.82824
319.82824
319.82824
319.82824
319.82824
319.82824
319.82824
319.82824
319.82824
319.82824
319.82824
319.82824
319.82824
319.82824
319.82824
319.82824
319.82824
319.82824
319.82824
319.82824
319.82824
319.82824
319.82824
319.7159
319.7159
319.7159
319.7159
319.7159
319.7159
319.7159
319.7159
319.7159
319.7159
319.7159
319.7159
319.7159
319.7159
319.7159
319.7159
319.7159
319.7159
319.7159
319.7159
319.7159
319.7159
319.7159
319.7159
319.7159
319.7159
319.7159
319.7159
319.7159
319.7159
319.7159
319.7159
319.7159
319.7159
319.7159
319.7159
319.59914
319.59914
319.59914
319.59914
319.59914
319.59914
319.59914
319.59914
319.59914
319.59914
319.59914
319.59914
319.59914
319.59914
319.59914
319.59914
319.59914
319.59914
319.59914
319.59914
319.59914
319.59914
319.59914
319.59914
319.59914
319.59914
319.59914
319.59914
319.59914
319.59914
319.59914
319.59914
319.59914
319.59914
319.59914
319.59914
319.47862
319.47862
319.47862
319.47862
319.47862
319.47862
319.47862
319.47862
319.47862
319.47862
319.47862
319.47862
319.47862
319.47862
319.47862
319.47862
319.47862
319.47862
319.47862
319.47862
319.47862
319.47862
319.47862
319.47862
319.47862
319.47862
319.47862
319.47862
319.47862
319.47862
319.47862
319.47862
319.47862
319.47862
319.47862
319.47862
319.35432
319.35432
319.35432
319.35432
319.35432
319.35432
319.35432
319.35432
319.35432
319.35432
319.35432
319.35432
319.35432
319.35432
319.35432
319.35432
319.35432
319.35432
319.35432
319.35432
319.35432
319.35432
319.35432
319.35432
319.35432
319.35432
319.35432
319.35432
319.35432
319.35432
319.35432
319.35432
319.35432
319.35432
319.35432
319.35432
319.22626
319.22626
319.22626
319.22626
319.22626
319.22626
319.22626
319.22626
319.22626
319.22626
319.22626
319.22626
319.22626
319.22626
319.22626
319.22626
319.22626
319.22626
319.22626
319.22626
319.22626
319.22626
319.22626
319.22626
319.22626
319.22626
319.22626
319.22626
319.22626
319.22626
319.22626
319.22626
319.22626
319.22626
319.22626
319.22626
319.09444
319.09444
319.09444
319.09444
319.09444
319.09444
319.09444
319.09444
319.09444
319.09444
319.09444
319.09444
319.09444
319.09444
319.09444
319.09444
319.09444
319.09444
319.09444
319.09444
319.09444
319.09444
319.09444
319.09444
319.09444
319.09444
319.09444
319.09444
319.09444
319.09444
319.09444
319.09444
319.09444
319.09444
319.09444
319.09444
318.9589
318.9589
318.9589
318.9589
318.9589
318.9589
318.9589
318.9589
318.9589
318.9589
318.9589
318.9589
318.9589
318.9589
318.9589
318.9589
318.9589
318.9589
318.9589
318.9589
318.9589
318.9589
318.9589
318.9589
318.9589
318.9589
318.9589
318.9589
318.9589
318.9589
318.9589
318.9589
318.9589
318.9589
318.9589
318.9589
318.81967
318.81967
318.81967
318.81967
318.81967
318.81967
318.81967
318.81967
318.81967
318.81967
318.81967
318.81967
318.81967
318.81967
318.81967
318.81967
318.81967
318.81967
318.81967
318.81967
318.81967
318.81967
318.81967
318.81967
318.81967
318.81967
318.81967
318.81967
318.81967
318.81967
318.81967
318.81967
318.81967
318.81967
318.81967
318.81967
318.67678
318.67678
318.67678
318.67678
318.67678
318.67678
318.67678
318.67678
318.67678
318.67678
318.67678
318.67678
318.67678
318.67678
318.67678
318.67678
318.67678
318.67678
318.67678
318.67678
318.67678
318.67678
318.67678
318.67678
318.67678
318.67678
318.67678
318.67678
318.67678
318.67678
318.67678
318.67678
318.67678
318.67678
318.67678
318.67678
318.53031
318.53031
318.53031
318.53031
318.53031
318.53031
318.53031
318.53031
318.53031
318.53031
318.53031
318.53031
318.53031
318.53031
318.53031
318.53031
318.53031
318.53031
318.53031
318.53031
318.53031
318.53031
318.53031
318.53031
318.53031
318.53031
318.53031
318.53031
318.53031
318.53031
318.53031
318.53031
318.53031
318.53031
318.53031
318.53031
318.38029
318.38029
318.38029
318.38029
318.38029
318.38029
318.38029
318.38029
318.38029
318.38029
318.38029
318.38029
318.38029
318.38029
318.38029
318.38029
318.38029
318.38029
318.38029
318.38029
318.38029
318.38029
318.38029
318.38029
318.38029
318.38029
318.38029
318.38029
318.38029
318.38029
318.38029
318.38029
318.38029
318.38029
318.38029
318.38029
318.2268
318.2268
318.2268
318.2268
318.2268
318.2268
318.2268
318.2268
318.2268
318.2268
318.2268
318.2268
318.2268
318.2268
318.2268
318.2268
318.2268
318.2268
318.2268
318.2268
318.2268
318.2268
318.2268
318.2268
318.2268
318.2268
318.2268
318.2268
318.2268
318.2268
318.2268
318.2268
318.2268
318.2268
318.2268
318.2268
318.06992
318.06992
318.06992
318.06992
318.06992
318.06992
318.06992
318.06992
318.06992
318.06992
318.06992
318.06992
318.06992
318.06992
318.06992
318.06992
318.06992
318.06992
318.06992
318.06992
318.06992
318.06992
318.06992
318.06992
318.06992
318.06992
318.06992
318.06992
318.06992
318.06992
318.06992
318.06992
318.06992
318.06992
318.06992
318.06992
317.91058
317.91058
317.91058
317.91058
317.91058
317.91058
317.91058
317.91058
317.91058
317.91058
317.91058
317.91058
317.91058
317.91058
317.91058
317.91058
317.91058
317.91058
317.91058
317.91058
317.91058
317.91058
317.91058
317.91058
317.91058
317.91058
317.91058
317.91058
317.91058
317.91058
317.91058
317.91058
317.91058
317.91058
317.91058
317.91058
317.74882
317.74882
317.74882
317.74882
317.74882
317.74882
317.74882
317.74882
317.74882
317.74882
317.74882
317.74882
317.74882
317.74882
317.74882
317.74882
317.74882
317.74882
317.74882
317.74882
317.74882
317.74882
317.74882
317.74882
317.74882
317.74882
317.74882
317.74882
317.74882
317.74882
317.74882
317.74882
317.74882
317.74882
317.74882
317.74882
317.58466
317.58466
317.58466
317.58466
317.58466
317.58466
317.58466
317.58466
317.58466
317.58466
317.58466
317.58466
317.58466
317.58466
317.58466
317.58466
317.58466
317.58466
317.58466
317.58466
317.58466
317.58466
317.58466
317.58466
317.58466
317.58466
317.58466
317.58466
317.58466
317.58466
317.58466
317.58466
317.58466
317.58466
317.58466
317.58466
317.41817
317.41817
317.41817
317.41817
317.41817
317.41817
317.41817
317.41817
317.41817
317.41817
317.41817
317.41817
317.41817
317.41817
317.41817
317.41817
317.41817
317.41817
317.41817
317.41817
317.41817
317.41817
317.41817
317.41817
317.41817
317.41817
317.41817
317.41817
317.41817
317.41817
317.41817
317.41817
317.41817
317.41817
317.41817
317.41817
317.2494
317.2494
317.2494
317.2494
317.2494
317.2494
317.2494
317.2494
317.2494
317.2494
317.2494
317.2494
317.2494
317.2494
317.2494
317.2494
317.2494
317.2494
317.2494
317.2494
317.2494
317.2494
317.2494
317.2494
317.2494
317.2494
317.2494
317.2494
317.2494
317.2494
317.2494
317.2494
317.2494
317.2494
317.2494
317.2494
317.07843
317.07843
317.07843
317.07843
317.07843
317.07843
317.07843
317.07843
317.07843
317.07843
317.07843
317.07843
317.07843
317.07843
317.07843
317.07843
317.07843
317.07843
317.07843
317.07843
317.07843
317.07843
317.07843
317.07843
317.07843
317.07843
317.07843
317.07843
317.07843
317.07843
317.07843
317.07843
317.07843
317.07843
317.07843
317.07843
316.90532
316.90532
316.90532
316.90532
316.90532
316.90532
316.90532
316.90532
316.90532
316.90532
316.90532
316.90532
316.90532
316.90532
316.90532
316.90532
316.90532
316.90532
316.90532
316.90532
316.90532
316.90532
316.90532
316.90532
316.90532
316.90532
316.90532
316.90532
316.90532
316.90532
316.90532
316.90532
316.90532
316.90532
316.90532
316.90532
316.73016
316.73015
316.73015
316.73015
316.73015
316.73015
316.73015
316.73015
316.73015
316.73015
316.73015
316.73015
316.73015
316.73015
316.73015
316.73015
316.73015
316.73015
316.73015
316.73015
316.73015
316.73015
316.73015
316.73015
316.73015
316.73015
316.73015
316.73015
316.73015
316.73015
316.73015
316.73015
316.73015
316.73015
316.73016
316.73015
316.55303
316.55303
316.55303
316.55303
316.55303
316.55303
316.55303
316.55303
316.55303
316.55303
316.55303
316.55303
316.55303
316.55303
316.55303
316.55303
316.55303
316.55303
316.55303
316.55303
316.55303
316.55303
316.55303
316.55303
316.55303
316.55303
316.55303
316.55303
316.55303
316.55303
316.55303
316.55303
316.55303
316.55303
316.55303
316.55303
316.37402
316.37402
316.37402
316.37402
316.37402
316.37402
316.37402
316.37402
316.37402
316.37402
316.37402
316.37402
316.37402
316.37402
316.37402
316.37402
316.37402
316.37402
316.37402
316.37402
316.37402
316.37402
316.37402
316.37402
316.37402
316.37402
316.37402
316.37402
316.37402
316.37402
316.37402
316.37402
316.37402
316.37402
316.37402
316.37402
316.19324
316.19324
316.19324
316.19324
316.19324
316.19324
316.19324
316.19324
316.19324
316.19324
316.19324
316.19324
316.19324
316.19324
316.19324
316.19324
316.19324
316.19324
316.19324
316.19324
316.19324
316.19324
316.19324
316.19324
316.19324
316.19324
316.19324
316.19324
316.19324
316.19324
316.19324
316.19324
316.19324
316.19324
316.19324
316.19324
316.01078
316.01078
316.01078
316.01078
316.01078
316.01078
316.01078
316.01078
316.01078
316.01078
316.01078
316.01078
316.01078
316.01078
316.01078
316.01078
316.01078
316.01078
316.01078
316.01078
316.01078
316.01078
316.01078
316.01078
316.01078
316.01078
316.01078
316.01078
316.01078
316.01078
316.01078
316.01078
316.01078
316.01078
316.01078
316.01078
315.82674
315.82674
315.82674
315.82674
315.82674
315.82674
315.82674
315.82674
315.82674
315.82674
315.82674
315.82674
315.82674
315.82674
315.82674
315.82674
315.82674
315.82674
315.82674
315.82674
315.82674
315.82674
315.82674
315.82674
315.82674
315.82674
315.82674
315.82674
315.82674
315.82674
315.82674
315.82674
315.82674
315.82674
315.82674
315.82674
315.64123
315.64123
315.64123
315.64123
315.64123
315.64123
315.64123
315.64123
315.64123
315.64123
315.64123
315.64123
315.64123
315.64123
315.64123
315.64123
315.64123
315.64123
315.64123
315.64123
315.64123
315.64123
315.64123
315.64123
315.64123
315.64123
315.64123
315.64123
315.64123
315.64123
315.64123
315.64123
315.64123
315.64123
315.64123
315.64123
315.45435
315.45435
315.45435
315.45435
315.45435
315.45435
315.45435
315.45435
315.45435
315.45435
315.45435
315.45435
315.45435
315.45435
315.45435
315.45435
315.45435
315.45435
315.45435
315.45435
315.45435
315.45435
315.45435
315.45435
315.45435
315.45435
315.45435
315.45435
315.45435
315.45435
315.45435
315.45435
315.45435
315.45435
315.45435
315.45435
315.2669
315.2669
315.2669
315.2669
315.2669
315.2669
315.2669
315.2669
315.2669
315.2669
315.2669
315.2669
315.2669
315.2669
315.2669
315.2669
315.2669
315.2669
315.2669
315.2669
315.2669
315.2669
315.2669
315.2669
315.2669
315.2669
315.2669
315.2669
315.2669
315.2669
315.2669
315.2669
315.2669
315.2669
315.2669
315.2669
315.07894
315.07894
315.07894
315.07894
315.07894
315.07894
315.07894
315.07894
315.07894
315.07894
315.07894
315.07894
315.07894
315.07894
315.07894
315.07894
315.07894
315.07894
315.07894
315.07894
315.07894
315.07894
315.07894
315.07894
315.07894
315.07894
315.07894
315.07894
315.07894
315.07894
315.07894
315.07894
315.07894
315.07894
315.07894
315.07894
314.89054
314.89054
314.89054
314.89054
314.89054
314.89054
314.89054
314.89054
314.89054
314.89054
314.89054
314.89054
314.89054
314.89054
314.89054
314.89054
314.89054
314.89054
314.89054
314.89054
314.89054
314.89054
314.89054
314.89054
314.89054
314.89054
314.89054
314.89054
314.89054
314.89054
314.89054
314.89054
314.89054
314.89054
314.89054
314.89054
314.70177
314.70177
314.70177
314.70177
314.70177
314.70177
314.70177
314.70177
314.70177
314.70177
314.70177
314.70177
314.70177
314.70177
314.70177
314.70177
314.70177
314.70177
314.70177
314.70177
314.70177
314.70177
314.70177
314.70177
314.70177
314.70177
314.70177
314.70177
314.70177
314.70177
314.70177
314.70177
314.70177
314.70177
314.70177
314.70177
314.51271
314.51271
314.51271
314.51271
314.51271
314.51271
314.51271
314.51271
314.51271
314.51271
314.51271
314.51271
314.51271
314.51271
314.51271
314.51271
314.51271
314.51271
314.51271
314.51271
314.51271
314.51271
314.51271
314.51271
314.51271
314.51271
314.51271
314.51271
314.51271
314.51271
314.51271
314.51271
314.51271
314.51271
314.51271
314.51271
314.32343
314.32343
314.32343
314.32343
314.32343
314.32343
314.32343
314.32343
314.32343
314.32343
314.32343
314.32343
314.32343
314.32343
314.32343
314.32343
314.32343
314.32343
314.32343
314.32343
314.32343
314.32343
314.32343
314.32343
314.32343
314.32343
314.32343
314.32343
314.32343
314.32343
314.32343
314.32343
314.32343
314.32343
314.32343
314.32343
314.13401
314.13401
314.13401
314.13401
314.13401
314.13401
314.13401
314.13401
314.13401
314.13401
314.13401
314.13401
314.13401
314.13401
314.13401
314.13401
314.13401
314.13401
314.13401
314.13401
314.13401
314.13401
314.13401
314.13401
314.13401
314.13401
314.13401
314.13401
314.13401
314.13401
314.13401
314.13401
314.13401
314.13401
314.13401
314.13401
313.94454
313.94454
313.94454
313.94454
313.94454
313.94454
313.94454
313.94454
313.94454
313.94454
313.94454
313.94454
313.94454
313.94454
313.94454
313.94454
313.94454
313.94454
313.94454
313.94454
313.94454
313.94454
313.94454
313.94454
313.94454
313.94454
313.94454
313.94454
313.94454
313.94454
313.94454
313.94454
313.94454
313.94454
313.94454
313.94454
313.75509
313.75509
313.75509
313.75509
313.75509
313.75509
313.75509
313.75509
313.75509
313.75509
313.75509
313.75509
313.75509
313.75509
313.75509
313.75509
313.75509
313.75509
313.75509
313.75509
313.75509
313.75509
313.75509
313.75509
313.75509
313.75509
313.75509
313.75509
313.75509
313.75509
313.75509
313.75509
313.75509
313.75509
313.75509
313.75509
313.56574
313.56574
313.56574
313.56574
313.56574
313.56574
313.56574
313.56574
313.56574
313.56574
313.56574
313.56574
313.56574
313.56574
313.56574
313.56574
313.56574
313.56574
313.56574
313.56574
313.56574
313.56574
313.56574
313.56574
313.56574
313.56574
313.56574
313.56574
313.56574
313.56574
313.56574
313.56574
313.56574
313.56574
313.56574
313.56574
313.37659
313.37659
313.37659
313.37659
313.37659
313.37659
313.37659
313.37659
313.37659
313.37659
313.37659
313.37659
313.37659
313.37659
313.37659
313.37659
313.37659
313.37659
313.37659
313.37659
313.37659
313.37659
313.37659
313.37659
313.37659
313.37659
313.37659
313.37659
313.37659
313.37659
313.37659
313.37659
313.37659
313.37659
313.37659
313.37659
313.1877
313.1877
313.1877
313.1877
313.1877
313.1877
313.1877
313.1877
313.1877
313.1877
313.1877
313.1877
313.1877
313.1877
313.1877
313.1877
313.1877
313.1877
313.1877
313.1877
313.1877
313.1877
313.1877
313.1877
313.1877
313.1877
313.1877
313.1877
313.1877
313.1877
313.1877
313.1877
313.1877
313.1877
313.1877
313.1877
312.99917
312.99917
312.99917
312.99917
312.99917
312.99917
312.99917
312.99917
312.99917
312.99917
312.99917
312.99917
312.99917
312.99917
312.99917
312.99917
312.99917
312.99917
312.99917
312.99917
312.99917
312.99917
312.99917
312.99917
312.99917
312.99917
312.99917
312.99917
312.99917
312.99917
312.99917
312.99917
312.99917
312.99917
312.99917
312.99917
312.81106
312.81106
312.81106
312.81106
312.81106
312.81106
312.81106
312.81106
312.81106
312.81106
312.81106
312.81106
312.81106
312.81106
312.81106
312.81106
312.81106
312.81106
312.81106
312.81106
312.81106
312.81106
312.81106
312.81106
312.81106
312.81106
312.81106
312.81106
312.81106
312.81106
312.81106
312.81106
312.81106
312.81106
312.81106
312.81106
312.62347
312.62347
312.62347
312.62347
312.62347
312.62347
312.62347
312.62347
312.62347
312.62347
312.62347
312.62347
312.62347
312.62347
312.62347
312.62347
312.62347
312.62347
312.62347
312.62347
312.62347
312.62347
312.62347
312.62347
312.62347
312.62347
312.62347
312.62347
312.62347
312.62347
312.62347
312.62347
312.62347
312.62347
312.62347
312.62347
312.43646
312.43646
312.43646
312.43646
312.43646
312.43646
312.43646
312.43646
312.43646
312.43646
312.43646
312.43646
312.43646
312.43646
312.43646
312.43646
312.43646
312.43646
312.43646
312.43646
312.43646
312.43646
312.43646
312.43646
312.43646
312.43646
312.43646
312.43646
312.43646
312.43646
312.43646
312.43646
312.43646
312.43646
312.43646
312.43646
312.25011
312.25011
312.25011
312.25011
312.25011
312.25011
312.25011
312.25011
312.25011
312.25011
312.25011
312.25011
312.25011
312.25011
312.25011
312.25011
312.25011
312.25011
312.25011
312.25011
312.25011
312.25011
312.25011
312.25011
312.25011
312.25011
312.25011
312.25011
312.25011
312.25011
312.25011
312.25011
312.25011
312.25011
312.25011
312.25011
312.06451
312.06451
312.06451
312.06451
312.06451
312.06451
312.06451
312.06451
312.06451
312.06451
312.06451
312.06451
312.06451
312.06451
312.06451
312.06451
312.06451
312.06451
312.06451
312.06451
312.06451
312.06451
312.06451
312.06451
312.06451
312.06451
312.06451
312.06451
312.06451
312.06451
312.06451
312.06451
312.06451
312.06451
312.06451
312.06451
311.87971
311.87971
311.87971
311.87971
311.87971
311.87971
311.87971
311.87971
311.87971
311.87971
311.87971
311.87971
311.87971
311.87971
311.87971
311.87971
311.87971
311.87971
311.87971
311.87971
311.87971
311.87971
311.87971
311.87971
311.87971
311.87971
311.87971
311.87971
311.87971
311.87971
311.87971
311.87971
311.87971
311.87971
311.87971
311.87971
311.6958
311.6958
311.6958
311.6958
311.6958
311.6958
311.6958
311.6958
311.6958
311.6958
311.6958
311.6958
311.6958
311.6958
311.6958
311.6958
311.6958
311.6958
311.6958
311.6958
311.6958
311.6958
311.6958
311.6958
311.6958
311.6958
311.6958
311.6958
311.6958
311.6958
311.6958
311.6958
311.6958
311.6958
311.6958
311.6958
324.09582
324.09582
324.09582
324.09582
324.09582
324.09582
324.09582
324.09582
324.09582
324.09582
324.09582
324.09582
324.09582
324.09582
324.09582
324.09582
324.09582
324.09582
324.09582
324.09582
324.09582
324.09582
324.09582
324.09582
324.09582
324.09582
324.09582
324.09582
324.09582
324.09582
324.09582
324.09582
324.09582
324.09582
324.09582
324.09582
324.12177
324.12177
324.12177
324.12177
324.12177
324.12177
324.12177
324.12177
324.12177
324.12177
324.12177
324.12177
324.12177
324.12177
324.12177
324.12177
324.12177
324.12177
324.12177
324.12177
324.12177
324.12177
324.12177
324.12177
324.12177
324.12177
324.12177
324.12177
324.12177
324.12177
324.12177
324.12177
324.12177
324.12177
324.12177
324.12177
324.13459
324.13459
324.13459
324.13459
324.13459
324.13459
324.13459
324.13459
324.13459
324.13459
324.13459
324.13459
324.13459
324.13459
324.13459
324.13459
324.13459
324.13459
324.13459
324.13459
324.13459
324.13459
324.13459
324.13459
324.13459
324.13459
324.13459
324.13459
324.13459
324.13459
324.13459
324.13459
324.13459
324.13459
324.13459
324.13459
324.13525
324.13525
324.13525
324.13525
324.13525
324.13525
324.13525
324.13525
324.13525
324.13525
324.13525
324.13525
324.13525
324.13525
324.13525
324.13525
324.13525
324.13525
324.13525
324.13525
324.13525
324.13525
324.13525
324.13525
324.13525
324.13525
324.13525
324.13525
324.13525
324.13525
324.13525
324.13525
324.13525
324.13525
324.13525
324.13525
324.12457
324.12457
324.12457
324.12457
324.12457
324.12457
324.12457
324.12457
324.12457
324.12457
324.12457
324.12457
324.12457
324.12457
324.12457
324.12457
324.12457
324.12457
324.12457
324.12457
324.12457
324.12457
324.12457
324.12457
324.12457
324.12457
324.12457
324.12457
324.12457
324.12457
324.12457
324.12457
324.12457
324.12457
324.12457
324.12457
324.10324
324.10324
324.10324
324.10324
324.10324
324.10324
324.10324
324.10324
324.10324
324.10324
324.10324
324.10324
324.10324
324.10324
324.10324
324.10324
324.10324
324.10324
324.10324
324.10324
324.10324
324.10324
324.10324
324.10324
324.10324
324.10324
324.10324
324.10324
324.10324
324.10324
324.10324
324.10324
324.10324
324.10324
324.10324
324.10324
324.07185
324.07185
324.07185
324.07185
324.07185
324.07185
324.07185
324.07185
324.07185
324.07185
324.07185
324.07185
324.07185
324.07185
324.07185
324.07185
324.07185
324.07185
324.07185
324.07185
324.07185
324.07185
324.07185
324.07185
324.07185
324.07185
324.07185
324.07185
324.07185
324.07185
324.07185
324.07185
324.07185
324.07185
324.07185
324.07185
324.0309
324.0309
324.0309
324.0309
324.0309
324.0309
324.0309
324.0309
324.0309
324.0309
324.0309
324.0309
324.0309
324.0309
324.0309
324.0309
324.0309
324.0309
324.0309
324.0309
324.0309
324.0309
324.0309
324.0309
324.0309
324.0309
324.0309
324.0309
324.0309
324.0309
324.0309
324.0309
324.0309
324.0309
324.0309
324.0309
323.98082
323.98082
323.98082
323.98082
323.98082
323.98082
323.98082
323.98082
323.98082
323.98082
323.98082
323.98082
323.98082
323.98082
323.98082
323.98082
323.98082
323.98082
323.98082
323.98082
323.98082
323.98082
323.98082
323.98082
323.98082
323.98082
323.98082
323.98082
323.98082
323.98082
323.98082
323.98082
323.98082
323.98082
323.98082
323.98082
323.92364
323.92364
323.92364
323.92364
323.92364
323.92364
323.92364
323.92364
323.92364
323.92364
323.92364
323.92364
323.92364
323.92364
323.92364
323.92364
323.92364
323.92364
323.92364
323.92364
323.92364
323.92364
323.92364
323.92364
323.92364
323.92364
323.92364
323.92364
323.92364
323.92364
323.92364
323.92364
323.92364
323.92364
323.92364
323.92364
323.85964
323.85964
323.85964
323.85964
323.85964
323.85964
323.85964
323.85964
323.85964
323.85964
323.85964
323.85964
323.85964
323.85964
323.85964
323.85964
323.85964
323.85964
323.85964
323.85964
323.85964
323.85964
323.85964
323.85964
323.85964
323.85964
323.85964
323.85964
323.85964
323.85964
323.85964
323.85964
323.85964
323.85964
323.85964
323.85964
323.78901
323.78901
323.78901
323.78901
323.78901
323.78901
323.78901
323.78901
323.78901
323.78901
323.78901
323.78901
323.78901
323.78901
323.78901
323.78901
323.78901
323.78901
323.78901
323.78901
323.78901
323.78901
323.78901
323.78901
323.78901
323.78901
323.78901
323.78901
323.78901
323.78901
323.78901
323.78901
323.78901
323.78901
323.78901
323.78901
323.71192
323.71192
323.71192
323.71192
323.71192
323.71192
323.71192
323.71192
323.71192
323.71192
323.71192
323.71192
323.71192
323.71192
323.71192
323.71192
323.71192
323.71192
323.71192
323.71192
323.71192
323.71192
323.71192
323.71192
323.71192
323.71192
323.71192
323.71192
323.71192
323.71192
323.71192
323.71192
323.71192
323.71192
323.71192
323.71192
323.62844
323.62844
323.62844
323.62845
323.62845
323.62845
323.62845
323.62845
323.62845
323.62845
323.62845
323.62845
323.62845
323.62845
323.62845
323.62845
323.62845
323.62845
323.62845
323.62845
323.62845
323.62845
323.62845
323.62845
323.62845
323.62845
323.62845
323.62845
323.62845
323.62845
323.62845
323.62845
323.62845
323.62845
323.62844
323.62844
323.53867
323.53867
323.53867
323.53867
323.53867
323.53867
323.53867
323.53867
323.53867
323.53867
323.53867
323.53867
323.53867
323.53867
323.53867
323.53867
323.53867
323.53867
323.53867
323.53867
323.53867
323.53867
323.53867
323.53867
323.53867
323.53867
323.53867
323.53867
323.53867
323.53867
323.53867
323.53867
323.53867
323.53867
323.53867
323.53867
323.44263
323.44263
323.44263
323.44263
323.44263
323.44263
323.44263
323.44263
323.44263
323.44263
323.44263
323.44263
323.44263
323.44263
323.44263
323.44263
323.44263
323.44263
323.44263
323.44263
323.44263
323.44263
323.44263
323.44263
323.44263
323.44263
323.44263
323.44263
323.44263
323.44263
323.44263
323.44263
323.44263
323.44263
323.44263
323.44263
323.34134
323.34134
323.34134
323.34134
323.34134
323.34134
323.34134
323.34134
323.34134
323.34134
323.34134
323.34134
323.34134
323.34134
323.34134
323.34134
323.34134
323.34134
323.34134
323.34134
323.34134
323.34134
323.34134
323.34134
323.34134
323.34134
323.34134
323.34134
323.34134
323.34134
323.34134
323.34134
323.34134
323.34134
323.34134
323.34134
323.23484
323.23484
323.23484
323.23484
323.23484
323.23484
323.23484
323.23484
323.23484
323.23484
323.23484
323.23485
323.23485
323.23485
323.23485
323.23485
323.23485
323.23485
323.23485
323.23485
323.23485
323.23485
323.23485
323.23485
323.23485
323.23485
323.23484
323.23484
323.23484
323.23484
323.23484
323.23484
323.23484
323.23484
323.23484
323.23484
323.12318
323.12318
323.12318
323.12318
323.12318
323.12318
323.12318
323.12318
323.12318
323.12318
323.12318
323.12318
323.12318
323.12318
323.12318
323.12318
323.12318
323.12318
323.12318
323.12318
323.12318
323.12318
323.12318
323.12318
323.12318
323.12318
323.12318
323.12318
323.12318
323.12318
323.12318
323.12318
323.12318
323.12318
323.12318
323.12318
323.00638
323.00638
323.00638
323.00638
323.00638
323.00638
323.00638
323.00638
323.00638
323.00638
323.00638
323.00638
323.00638
323.00638
323.00638
323.00638
323.00638
323.00638
323.00638
323.00638
323.00638
323.00638
323.00638
323.00638
323.00638
323.00638
323.00638
323.00638
323.00638
323.00638
323.00638
323.00638
323.00638
323.00638
323.00638
323.00638
322.88443
322.88443
322.88443
322.88444
322.88444
322.88444
322.88444
322.88444
322.88444
322.88444
322.88444
322.88444
322.88444
322.88444
322.88444
322.88444
322.88444
322.88444
322.88444
322.88444
322.88444
322.88444
322.88444
322.88444
322.88444
322.88444
322.88444
322.88444
322.88444
322.88444
322.88444
322.88444
322.88444
322.88444
322.88443
322.88443
322.75737
322.75737
322.75737
322.75737
322.75737
322.75737
322.75737
322.75737
322.75737
322.75737
322.75737
322.75737
322.75737
322.75737
322.75737
322.75737
322.75737
322.75737
322.75737
322.75737
322.75737
322.75737
322.75737
322.75737
322.75737
322.75737
322.75737
322.75737
322.75737
322.75737
322.75737
322.75737
322.75737
322.75737
322.75737
322.75737
322.62519
322.62519
322.62519
322.62519
322.62519
322.62519
322.62519
322.62519
322.62519
322.62519
322.62519
322.62519
322.62519
322.62519
322.62519
322.62519
322.62519
322.62519
322.62519
322.62519
322.62519
322.62519
322.62519
322.62519
322.62519
322.62519
322.62519
322.62519
322.62519
322.62519
322.62519
322.62519
322.62519
322.62519
322.62519
322.62519
322.48789
322.48789
322.48789
322.48789
322.48789
322.48789
322.4879
322.4879
322.4879
322.4879
322.4879
322.4879
322.4879
322.4879
322.4879
322.4879
322.4879
322.4879
322.4879
322.4879
322.4879
322.4879
322.4879
322.4879
322.4879
322.4879
322.4879
322.4879
322.4879
322.4879
322.4879
322.48789
322.48789
322.48789
322.48789
322.48789
322.34618
322.34618
322.34618
322.34618
322.34618
322.34618
322.34618
322.34618
322.34618
322.34618
322.34618
322.34618
322.34618
322.34618
322.34618
322.34618
322.34618
322.34618
322.34618
322.34618
322.34618
322.34618
322.34618
322.34618
322.34618
322.34618
322.34618
322.34618
322.34618
322.34618
322.34618
322.34618
322.34618
322.34618
322.34618
322.34618
322.20008
322.20008
322.20008
322.20008
322.20008
322.20008
322.20008
322.20008
322.20008
322.20008
322.20008
322.20008
322.20008
322.20008
322.20008
322.20008
322.20008
322.20008
322.20008
322.20008
322.20008
322.20008
322.20008
322.20008
322.20008
322.20008
322.20008
322.20008
322.20008
322.20008
322.20008
322.20008
322.20008
322.20008
322.20008
322.20008
322.04963
322.04963
322.04963
322.04963
322.04963
322.04963
322.04963
322.04963
322.04963
322.04963
322.04963
322.04963
322.04963
322.04963
322.04963
322.04963
322.04963
322.04963
322.04963
322.04963
322.04963
322.04963
322.04963
322.04963
322.04963
322.04963
322.04963
322.04963
322.04963
322.04963
322.04963
322.04963
322.04963
322.04963
322.04963
322.04963
321.89487
321.89487
321.89487
321.89487
321.89487
321.89487
321.89487
321.89487
321.89487
321.89487
321.89487
321.89487
321.89487
321.89487
321.89487
321.89487
321.89487
321.89487
321.89487
321.89487
321.89487
321.89487
321.89487
321.89487
321.89487
321.89487
321.89487
321.89487
321.89487
321.89487
321.89487
321.89487
321.89487
321.89487
321.89487
321.89487
321.73585
321.73585
321.73585
321.73585
321.73585
321.73585
321.73585
321.73585
321.73585
321.73585
321.73585
321.73585
321.73585
321.73585
321.73585
321.73585
321.73585
321.73585
321.73585
321.73585
321.73585
321.73585
321.73585
321.73585
321.73585
321.73585
321.73585
321.73585
321.73585
321.73585
321.73585
321.73585
321.73585
321.73585
321.73585
321.73585
321.57265
321.57265
321.57265
321.57265
321.57265
321.57265
321.57265
321.57265
321.57265
321.57265
321.57265
321.57265
321.57265
321.57265
321.57265
321.57265
321.57265
321.57265
321.57265
321.57265
321.57265
321.57265
321.57265
321.57265
321.57265
321.57265
321.57265
321.57265
321.57265
321.57265
321.57265
321.57265
321.57265
321.57265
321.57265
321.57265
321.40531
321.40531
321.40531
321.40531
321.40531
321.40531
321.40531
321.40531
321.40531
321.40531
321.40531
321.40531
321.40531
321.40531
321.40531
321.40531
321.40531
321.40531
321.40531
321.40531
321.40531
321.40531
321.40531
321.40531
321.40531
321.40531
321.40531
321.40531
321.40531
321.40531
321.40531
321.40531
321.40531
321.40531
321.40531
321.40531
321.23393
321.23393
321.23393
321.23393
321.23393
321.23393
321.23393
321.23393
321.23393
321.23393
321.23393
321.23393
321.23393
321.23393
321.23393
321.23393
321.23393
321.23393
321.23393
321.23393
321.23393
321.23393
321.23393
321.23393
321.23393
321.23393
321.23393
321.23393
321.23393
321.23393
321.23393
321.23393
321.23393
321.23393
321.23393
321.23393
321.05858
321.05858
321.05858
321.05858
321.05858
321.05858
321.05858
321.05858
321.05858
321.05858
321.05858
321.05858
321.05858
321.05858
321.05858
321.05858
321.05858
321.05858
321.05858
321.05858
321.05858
321.05858
321.05858
321.05858
321.05858
321.05858
321.05858
321.05858
321.05858
321.05858
321.05858
321.05858
321.05858
321.05858
321.05858
321.05858
320.87936
320.87936
320.87936
320.87936
320.87936
320.87936
320.87936
320.87936
320.87936
320.87936
320.87936
320.87936
320.87936
320.87936
320.87936
320.87936
320.87936
320.87936
320.87936
320.87936
320.87936
320.87936
320.87936
320.87936
320.87936
320.87936
320.87936
320.87936
320.87936
320.87936
320.87936
320.87936
320.87936
320.87936
320.87936
320.87936
320.69637
320.69637
320.69637
320.69637
320.69637
320.69637
320.69637
320.69637
320.69637
320.69637
320.69637
320.69637
320.69637
320.69637
320.69637
320.69637
320.69637
320.69637
320.69637
320.69637
320.69637
320.69637
320.69637
320.69637
320.69637
320.69637
320.69637
320.69637
320.69637
320.69637
320.69637
320.69637
320.69637
320.69637
320.69637
320.69637
320.51058
320.51058
320.51058
320.51058
320.51058
320.51058
320.51058
320.51058
320.51058
320.51058
320.51058
320.51058
320.51058
320.51058
320.51058
320.51058
320.51058
320.51058
320.51058
320.51058
320.51058
320.51058
320.51058
320.51058
320.51058
320.51058
320.51058
320.51058
320.51058
320.51058
320.51058
320.51058
320.51058
320.51058
320.51058
320.51058
320.32207
320.32207
320.32207
320.32207
320.32207
320.32207
320.32207
320.32207
320.32207
320.32207
320.32207
320.32207
320.32207
320.32207
320.32207
320.32207
320.32207
320.32207
320.32207
320.32207
320.32207
320.32207
320.32207
320.32207
320.32207
320.32207
320.32207
320.32207
320.32207
320.32207
320.32207
320.32207
320.32207
320.32207
320.32207
320.32207
320.1309
320.1309
320.1309
320.1309
320.1309
320.1309
320.1309
320.1309
320.1309
320.1309
320.1309
320.1309
320.1309
320.1309
320.1309
320.1309
320.1309
320.1309
320.1309
320.1309
320.1309
320.1309
320.1309
320.1309
320.1309
320.1309
320.1309
320.1309
320.1309
320.1309
320.1309
320.1309
320.1309
320.1309
320.1309
320.1309
319.93718
319.93718
319.93718
319.93718
319.93718
319.93718
319.93718
319.93718
319.93718
319.93718
319.93718
319.93718
319.93718
319.93718
319.93718
319.93718
319.93718
319.93718
319.93718
319.93718
319.93718
319.93718
319.93718
319.93718
319.93718
319.93718
319.93718
319.93718
319.93718
319.93718
319.93718
319.93718
319.93718
319.93718
319.93718
319.93718
319.74098
319.74098
319.74098
319.74098
319.74098
319.74098
319.74098
319.74098
319.74098
319.74098
319.74098
319.74098
319.74098
319.74098
319.74098
319.74098
319.74098
319.74098
319.74098
319.74098
319.74098
319.74098
319.74098
319.74098
319.74098
319.74098
319.74098
319.74098
319.74098
319.74098
319.74098
319.74098
319.74098
319.74098
319.74098
319.74098
319.54241
319.54241
319.54241
319.54241
319.54241
319.54241
319.54241
319.54241
319.54241
319.54241
319.54241
319.54241
319.54241
319.54241
319.54241
319.54241
319.54241
319.54241
319.54241
319.54241
319.54241
319.54241
319.54241
319.54241
319.54241
319.54241
319.54241
319.54241
319.54241
319.54241
319.54241
319.54241
319.54241
319.54241
319.54241
319.54241
319.34157
319.34157
319.34157
319.34157
319.34157
319.34157
319.34157
319.34157
319.34157
319.34157
319.34157
319.34157
319.34157
319.34157
319.34157
319.34157
319.34157
319.34157
319.34157
319.34157
319.34157
319.34157
319.34157
319.34157
319.34157
319.34157
319.34157
319.34157
319.34157
319.34157
319.34157
319.34157
319.34157
319.34157
319.34157
319.34157
319.13857
319.13857
319.13857
319.13857
319.13857
319.13857
319.13857
319.13857
319.13857
319.13857
319.13857
319.13857
319.13857
319.13857
319.13857
319.13857
319.13857
319.13857
319.13857
319.13857
319.13857
319.13857
319.13857
319.13857
319.13857
319.13857
319.13857
319.13857
319.13857
319.13857
319.13857
319.13857
319.13857
319.13857
319.13857
319.13857
318.93352
318.93352
318.93352
318.93352
318.93352
318.93352
318.93352
318.93352
318.93352
318.93352
318.93352
318.93352
318.93352
318.93352
318.93352
318.93352
318.93352
318.93352
318.93352
318.93352
318.93352
318.93352
318.93352
318.93352
318.93352
318.93352
318.93352
318.93352
318.93352
318.93352
318.93352
318.93352
318.93352
318.93352
318.93352
318.93352
318.72654
318.72654
318.72654
318.72654
318.72654
318.72654
318.72654
318.72654
318.72654
318.72654
318.72654
318.72654
318.72654
318.72654
318.72654
318.72654
318.72654
318.72654
318.72654
318.72654
318.72654
318.72654
318.72654
318.72654
318.72654
318.72654
318.72654
318.72654
318.72654
318.72654
318.72654
318.72654
318.72654
318.72654
318.72654
318.72654
318.51775
318.51775
318.51775
318.51775
318.51775
318.51775
318.51775
318.51775
318.51775
318.51775
318.51775
318.51775
318.51775
318.51775
318.51775
318.51775
318.51775
318.51775
318.51775
318.51775
318.51775
318.51775
318.51775
318.51775
318.51775
318.51775
318.51775
318.51775
318.51775
318.51775
318.51775
318.51775
318.51775
318.51775
318.51775
318.51775
318.30728
318.30728
318.30728
318.30728
318.30728
318.30728
318.30728
318.30728
318.30728
318.30728
318.30728
318.30728
318.30728
318.30728
318.30728
318.30728
318.30728
318.30728
318.30728
318.30728
318.30728
318.30728
318.30728
318.30728
318.30728
318.30728
318.30728
318.30728
318.30728
318.30728
318.30728
318.30728
318.30728
318.30728
318.30728
318.30728
318.09525
318.09525
318.09525
318.09525
318.09525
318.09525
318.09525
318.09525
318.09525
318.09525
318.09525
318.09525
318.09525
318.09525
318.09525
318.09525
318.09525
318.09525
318.09525
318.09525
318.09525
318.09525
318.09525
318.09525
318.09525
318.09525
318.09525
318.09525
318.09525
318.09525
318.09525
318.09525
318.09525
318.09525
318.09525
318.09525
317.8818
317.8818
317.8818
317.8818
317.8818
317.8818
317.8818
317.8818
317.8818
317.8818
317.8818
317.8818
317.8818
317.8818
317.8818
317.8818
317.8818
317.8818
317.8818
317.8818
317.8818
317.8818
317.8818
317.8818
317.8818
317.8818
317.8818
317.8818
317.8818
317.8818
317.8818
317.8818
317.8818
317.8818
317.8818
317.8818
317.66705
317.66705
317.66705
317.66705
317.66705
317.66705
317.66705
317.66705
317.66705
317.66705
317.66705
317.66705
317.66705
317.66705
317.66705
317.66705
317.66705
317.66705
317.66705
317.66705
317.66705
317.66705
317.66705
317.66705
317.66705
317.66705
317.66705
317.66705
317.66705
317.66705
317.66705
317.66705
317.66705
317.66705
317.66705
317.66705
317.45183
317.45183
317.45183
317.45183
317.45183
317.45183
317.45183
317.45183
317.45183
317.45183
317.45183
317.45183
317.45183
317.45183
317.45183
317.45183
317.45183
317.45183
317.45183
317.45183
317.45183
317.45183
317.45183
317.45183
317.45183
317.45183
317.45183
317.45183
317.45183
317.45183
317.45183
317.45183
317.45183
317.45183
317.45183
317.45183
317.23622
317.23622
317.23622
317.23622
317.23622
317.23622
317.23622
317.23622
317.23622
317.23622
317.23622
317.23622
317.23622
317.23622
317.23622
317.23622
317.23622
317.23622
317.23622
317.23622
317.23622
317.23622
317.23622
317.23622
317.23622
317.23622
317.23622
317.23622
317.23622
317.23622
317.23622
317.23622
317.23622
317.23622
317.23622
317.23622
317.02032
317.02032
317.02032
317.02032
317.02032
317.02032
317.02032
317.02032
317.02032
317.02032
317.02032
317.02032
317.02032
317.02032
317.02032
317.02032
317.02032
317.02032
317.02032
317.02032
317.02032
317.02032
317.02032
317.02032
317.02032
317.02032
317.02032
317.02032
317.02032
317.02032
317.02032
317.02032
317.02032
317.02032
317.02032
317.02032
316.80421
316.80421
316.80421
316.80421
316.80421
316.80421
316.80421
316.80421
316.80421
316.80421
316.80421
316.80421
316.80421
316.80421
316.80421
316.80421
316.80421
316.80421
316.80421
316.80421
316.80421
316.80421
316.80421
316.80421
316.80421
316.80421
316.80421
316.80421
316.80421
316.80421
316.80421
316.80421
316.80421
316.80421
316.80421
316.80421
316.588
316.588
316.588
316.588
316.588
316.588
316.588
316.588
316.588
316.588
316.588
316.588
316.588
316.588
316.588
316.588
316.588
316.588
316.588
316.588
316.588
316.588
316.588
316.588
316.588
316.588
316.588
316.588
316.588
316.588
316.588
316.588
316.588
316.588
316.588
316.588
316.37178
316.37178
316.37178
316.37178
316.37178
316.37178
316.37178
316.37178
316.37178
316.37178
316.37178
316.37178
316.37178
316.37178
316.37178
316.37178
316.37178
316.37178
316.37178
316.37178
316.37178
316.37178
316.37178
316.37178
316.37178
316.37178
316.37178
316.37178
316.37178
316.37178
316.37178
316.37178
316.37178
316.37178
316.37178
316.37178
316.15564
316.15564
316.15564
316.15564
316.15564
316.15564
316.15564
316.15564
316.15564
316.15564
316.15564
316.15564
316.15564
316.15564
316.15564
316.15564
316.15564
316.15564
316.15564
316.15564
316.15564
316.15564
316.15564
316.15564
316.15564
316.15564
316.15564
316.15564
316.15564
316.15564
316.15564
316.15564
316.15564
316.15564
316.15564
316.15564
315.93968
315.93968
315.93968
315.93968
315.93968
315.93968
315.93968
315.93968
315.93968
315.93968
315.93968
315.93968
315.93968
315.93968
315.93968
315.93968
315.93968
315.93968
315.93968
315.93968
315.93968
315.93968
315.93968
315.93968
315.93968
315.93968
315.93968
315.93968
315.93968
315.93968
315.93968
315.93968
315.93968
315.93968
315.93968
315.93968
315.724
315.724
315.724
315.724
315.724
315.724
315.724
315.724
315.724
315.724
315.724
315.724
315.724
315.724
315.724
315.724
315.724
315.724
315.724
315.724
315.724
315.724
315.724
315.724
315.724
315.724
315.724
315.724
315.724
315.724
315.724
315.724
315.724
315.724
315.724
315.724
315.50869
315.50869
315.50869
315.50869
315.50869
315.50869
315.50869
315.50869
315.50869
315.50869
315.50869
315.50869
315.50869
315.50869
315.50869
315.50869
315.50869
315.50869
315.50869
315.50869
315.50869
315.50869
315.50869
315.50869
315.50869
315.50869
315.50869
315.50869
315.50869
315.50869
315.50869
315.50869
315.50869
315.50869
315.50869
315.50869
315.29385
315.29385
315.29385
315.29385
315.29385
315.29385
315.29385
315.29385
315.29385
315.29385
315.29385
315.29385
315.29385
315.29385
315.29385
315.29385
315.29385
315.29385
315.29385
315.29385
315.29385
315.29385
315.29385
315.29385
315.29385
315.29385
315.29385
315.29385
315.29385
315.29385
315.29385
315.29385
315.29385
315.29385
315.29385
315.29385
315.07956
315.07956
315.07956
315.07956
315.07956
315.07956
315.07956
315.07956
315.07956
315.07956
315.07956
315.07956
315.07956
315.07956
315.07956
315.07956
315.07956
315.07956
315.07956
315.07956
315.07956
315.07956
315.07956
315.07956
315.07956
315.07956
315.07956
315.07956
315.07956
315.07956
315.07956
315.07956
315.07956
315.07956
315.07956
315.07956
314.86592
314.86592
314.86592
314.86592
314.86592
314.86592
314.86592
314.86592
314.86592
314.86592
314.86592
314.86592
314.86592
314.86592
314.86592
314.86592
314.86592
314.86592
314.86592
314.86592
314.86592
314.86592
314.86592
314.86592
314.86592
314.86592
314.86592
314.86592
314.86592
314.86592
314.86592
314.86592
314.86592
314.86592
314.86592
314.86592
314.65301
314.65301
314.65301
314.65301
314.65301
314.65301
314.65301
314.65301
314.65301
314.65301
314.65301
314.65301
314.65301
314.65301
314.65301
314.65301
314.65301
314.65301
314.65301
314.65301
314.65301
314.65301
314.65301
314.65301
314.65301
314.65301
314.65301
314.65301
314.65301
314.65301
314.65301
314.65301
314.65301
314.65301
314.65301
314.65301
314.44093
314.44093
314.44093
314.44093
314.44093
314.44093
314.44093
314.44093
314.44093
314.44093
314.44093
314.44093
314.44093
314.44093
314.44093
314.44093
314.44093
314.44093
314.44093
314.44093
314.44093
314.44093
314.44093
314.44093
314.44093
314.44093
314.44093
314.44093
314.44093
314.44093
314.44093
314.44093
314.44093
314.44093
314.44093
314.44093
314.22976
314.22976
314.22976
314.22976
314.22976
314.22976
314.22976
314.22976
314.22976
314.22976
314.22976
314.22976
314.22976
314.22976
314.22976
314.22976
314.22976
314.22976
314.22976
314.22976
314.22976
314.22976
314.22976
314.22976
314.22976
314.22976
314.22976
314.22976
314.22976
314.22976
314.22976
314.22976
314.22976
314.22976
314.22976
314.22976
314.01958
314.01958
314.01958
314.01958
314.01958
314.01958
314.01958
314.01958
314.01958
314.01958
314.01958
314.01958
314.01958
314.01958
314.01958
314.01958
314.01958
314.01958
314.01958
314.01958
314.01958
314.01958
314.01958
314.01958
314.01958
314.01958
314.01958
314.01958
314.01958
314.01958
314.01958
314.01958
314.01958
314.01958
314.01958
314.01958
313.81047
313.81047
313.81047
313.81047
313.81047
313.81047
313.81047
313.81047
313.81047
313.81047
313.81047
313.81047
313.81047
313.81047
313.81047
313.81047
313.81047
313.81047
313.81047
313.81047
313.81047
313.81047
313.81047
313.81047
313.81047
313.81047
313.81047
313.81047
313.81047
313.81047
313.81047
313.81047
313.81047
313.81047
313.81047
313.81047
313.60251
313.60251
313.60251
313.60251
313.60251
313.60251
313.60251
313.60251
313.60251
313.60251
313.60251
313.60251
313.60251
313.60251
313.60252
313.60252
313.60252
313.60252
313.60252
313.60252
313.60252
313.60252
313.60251
313.60251
313.60251
313.60251
313.60251
313.60251
313.60251
313.60251
313.60251
313.60251
313.60251
313.60251
313.60251
313.60251
313.39578
313.39578
313.39578
313.39578
313.39578
313.39578
313.39578
313.39578
313.39578
313.39578
313.39578
313.39578
313.39578
313.39578
313.39578
313.39578
313.39578
313.39578
313.39578
313.39578
313.39578
313.39578
313.39578
313.39578
313.39578
313.39578
313.39578
313.39578
313.39578
313.39578
313.39578
313.39578
313.39578
313.39578
313.39578
313.39578
325.92895
325.92894
325.92895
325.92895
325.92895
325.92895
325.92895
325.92895
325.92895
325.92895
325.92895
325.92895
325.92895
325.92895
325.92895
325.92895
325.92895
325.92895
325.92895
325.92895
325.92895
325.92895
325.92895
325.92895
325.92895
325.92895
325.92895
325.92895
325.92895
325.92895
325.92895
325.92895
325.92895
325.92895
325.92895
325.92895
325.95624
325.95624
325.95624
325.95624
325.95624
325.95624
325.95624
325.95624
325.95624
325.95624
325.95624
325.95624
325.95624
325.95624
325.95624
325.95624
325.95624
325.95624
325.95624
325.95624
325.95624
325.95624
325.95624
325.95624
325.95624
325.95624
325.95624
325.95624
325.95624
325.95624
325.95624
325.95624
325.95624
325.95624
325.95624
325.95624
325.96913
325.96913
325.96913
325.96913
325.96913
325.96913
325.96913
325.96913
325.96913
325.96913
325.96913
325.96913
325.96913
325.96913
325.96913
325.96913
325.96913
325.96913
325.96913
325.96913
325.96913
325.96913
325.96913
325.96913
325.96913
325.96913
325.96913
325.96913
325.96913
325.96913
325.96913
325.96913
325.96913
325.96913
325.96913
325.96913
325.96863
325.96863
325.96863
325.96863
325.96863
325.96863
325.96863
325.96863
325.96863
325.96863
325.96863
325.96863
325.96863
325.96863
325.96863
325.96863
325.96863
325.96863
325.96863
325.96863
325.96863
325.96863
325.96863
325.96863
325.96863
325.96863
325.96863
325.96863
325.96863
325.96863
325.96863
325.96863
325.96863
325.96863
325.96863
325.96863
325.95556
325.95556
325.95556
325.95556
325.95556
325.95556
325.95556
325.95556
325.95556
325.95556
325.95556
325.95556
325.95556
325.95556
325.95556
325.95556
325.95556
325.95556
325.95556
325.95556
325.95556
325.95556
325.95556
325.95556
325.95556
325.95556
325.95556
325.95556
325.95556
325.95556
325.95556
325.95556
325.95556
325.95556
325.95556
325.95556
325.93058
325.93058
325.93058
325.93058
325.93058
325.93058
325.93058
325.93058
325.93058
325.93058
325.93058
325.93058
325.93058
325.93058
325.93058
325.93058
325.93058
325.93058
325.93058
325.93058
325.93058
325.93058
325.93058
325.93058
325.93058
325.93058
325.93058
325.93058
325.93058
325.93058
325.93058
325.93058
325.93058
325.93058
325.93058
325.93058
325.89423
325.89423
325.89423
325.89423
325.89423
325.89423
325.89423
325.89424
325.89424
325.89424
325.89424
325.89424
325.89424
325.89424
325.89424
325.89424
325.89424
325.89424
325.89424
325.89424
325.89424
325.89424
325.89424
325.89424
325.89424
325.89424
325.89424
325.89424
325.89424
325.89424
325.89423
325.89423
325.89423
325.89423
325.89423
325.89423
325.84694
325.84694
325.84694
325.84694
325.84694
325.84694
325.84694
325.84694
325.84695
325.84695
325.84695
325.84695
325.84695
325.84695
325.84695
325.84695
325.84695
325.84695
325.84695
325.84695
325.84695
325.84695
325.84695
325.84695
325.84695
325.84695
325.84695
325.84695
325.84695
325.84694
325.84694
325.84694
325.84694
325.84694
325.84694
325.84694
325.78445
325.78445
325.78445
325.78445
325.78445
325.78445
325.78445
325.78445
325.78445
325.78445
325.78445
325.78445
325.78445
325.78445
325.78445
325.78445
325.78445
325.78445
325.78445
325.78445
325.78445
325.78445
325.78445
325.78445
325.78445
325.78445
325.78445
325.78445
325.78445
325.78445
325.78445
325.78445
325.78445
325.78445
325.78445
325.78445
325.71651
325.71651
325.71651
325.71651
325.71651
325.71651
325.71651
325.71651
325.71651
325.71651
325.71651
325.71651
325.71651
325.71651
325.71651
325.71651
325.71651
325.71651
325.71651
325.71651
325.71651
325.71651
325.71651
325.71651
325.71651
325.71651
325.71651
325.71651
325.71651
325.71651
325.71651
325.71651
325.71651
325.71651
325.71651
325.71651
325.64286
325.64286
325.64286
325.64286
325.64286
325.64286
325.64286
325.64286
325.64286
325.64286
325.64286
325.64286
325.64286
325.64286
325.64286
325.64286
325.64286
325.64286
325.64286
325.64286
325.64286
325.64286
325.64286
325.64286
325.64286
325.64286
325.64286
325.64286
325.64286
325.64286
325.64286
325.64286
325.64286
325.64286
325.64286
325.64286
325.56333
325.56333
325.56333
325.56333
325.56333
325.56333
325.56333
325.56333
325.56333
325.56333
325.56333
325.56333
325.56333
325.56334
325.56334
325.56334
325.56334
325.56334
325.56334
325.56334
325.56334
325.56334
325.56334
325.56334
325.56333
325.56333
325.56333
325.56333
325.56333
325.56333
325.56333
325.56333
325.56333
325.56333
325.56333
325.56333
325.47785
325.47786
325.47786
325.47786
325.47786
325.47786
325.47786
325.47786
325.47786
325.47786
325.47786
325.47786
325.47786
325.47786
325.47786
325.47786
325.47786
325.47786
325.47786
325.47786
325.47786
325.47786
325.47786
325.47786
325.47786
325.47786
325.47786
325.47786
325.47786
325.47786
325.47786
325.47786
325.47786
325.47786
325.47786
325.47785
325.38642
325.38642
325.38642
325.38642
325.38642
325.38642
325.38642
325.38642
325.38642
325.38642
325.38642
325.38642
325.38642
325.38642
325.38642
325.38642
325.38642
325.38642
325.38642
325.38642
325.38642
325.38642
325.38642
325.38642
325.38642
325.38642
325.38642
325.38642
325.38642
325.38642
325.38642
325.38642
325.38642
325.38642
325.38642
325.38642
325.28905
325.28905
325.28905
325.28905
325.28905
325.28905
325.28905
325.28905
325.28905
325.28905
325.28905
325.28905
325.28905
325.28905
325.28905
325.28905
325.28905
325.28905
325.28905
325.28905
325.28905
325.28905
325.28905
325.28905
325.28905
325.28905
325.28905
325.28905
325.28905
325.28905
325.28905
325.28905
325.28905
325.28905
325.28905
325.28905
325.17976
325.17976
325.17977
325.17977
325.17977
325.17977
325.17977
325.17977
325.17977
325.17977
325.17977
325.17977
325.17977
325.17977
325.17977
325.17977
325.17977
325.17977
325.17977
325.17977
325.17977
325.17977
325.17977
325.17977
325.17977
325.17977
325.17977
325.17977
325.17977
325.17977
325.17977
325.17977
325.17977
325.17977
325.17977
325.17976
325.06607
325.06607
325.06607
325.06607
325.06607
325.06607
325.06607
325.06607
325.06607
325.06607
325.06607
325.06607
325.06607
325.06607
325.06607
325.06607
325.06607
325.06607
325.06607
325.06607
325.06607
325.06607
325.06607
325.06607
325.06607
325.06607
325.06607
325.06607
325.06607
325.06607
325.06607
325.06607
325.06607
325.06607
325.06607
325.06607
324.94778
324.94778
324.94778
324.94778
324.94778
324.94778
324.94778
324.94778
324.94778
324.94778
324.94778
324.94778
324.94778
324.94778
324.94778
324.94778
324.94778
324.94778
324.94778
324.94778
324.94778
324.94778
324.94778
324.94778
324.94778
324.94778
324.94778
324.94778
324.94778
324.94778
324.94778
324.94778
324.94778
324.94778
324.94778
324.94778
324.82477
324.82477
324.82477
324.82477
324.82477
324.82477
324.82477
324.82477
324.82477
324.82477
324.82477
324.82477
324.82477
324.82477
324.82477
324.82477
324.82477
324.82477
324.82477
324.82477
324.82477
324.82477
324.82477
324.82477
324.82477
324.82477
324.82477
324.82477
324.82477
324.82477
324.82477
324.82477
324.82477
324.82477
324.82477
324.82477
324.69698
324.69698
324.69698
324.69699
324.69699
324.69699
324.69699
324.69699
324.69699
324.69699
324.69699
324.69699
324.69699
324.69699
324.69699
324.69699
324.69699
324.69699
324.69699
324.69699
324.69699
324.69699
324.69699
324.69699
324.69699
324.69699
324.69699
324.69699
324.69699
324.69699
324.69699
324.69699
324.69699
324.69698
324.69698
324.69698
324.5644
324.5644
324.5644
324.5644
324.5644
324.56441
324.56441
324.56441
324.56441
324.56441
324.56441
324.56441
324.56441
324.56441
324.56441
324.56441
324.56441
324.56441
324.56441
324.56441
324.56441
324.56441
324.56441
324.56441
324.56441
324.56441
324.56441
324.56441
324.56441
324.56441
324.56441
324.5644
324.5644
324.5644
324.5644
324.5644
324.42704
324.42704
324.42704
324.42705
324.42705
324.42705
324.42705
324.42705
324.42705
324.42705
324.42705
324.42705
324.42705
324.42705
324.42705
324.42705
324.42705
324.42705
324.42705
324.42705
324.42705
324.42705
324.42705
324.42705
324.42705
324.42705
324.42705
324.42705
324.42705
324.42705
324.42705
324.42705
324.42705
324.42705
324.42704
324.42704
324.28496
324.28496
324.28496
324.28496
324.28496
324.28496
324.28496
324.28496
324.28496
324.28496
324.28496
324.28496
324.28496
324.28496
324.28496
324.28496
324.28496
324.28496
324.28496
324.28496
324.28496
324.28496
324.28496
324.28496
324.28496
324.28496
324.28496
324.28496
324.28496
324.28496
324.28496
324.28496
324.28496
324.28496
324.28496
324.28496
324.13362
324.13362
324.13362
324.13362
324.13363
324.13363
324.13363
324.13363
324.13363
324.13363
324.13363
324.13363
324.13363
324.13363
324.13363
324.13363
324.13363
324.13363
324.13363
324.13363
324.13363
324.13363
324.13363
324.13363
324.13363
324.13363
324.13363
324.13363
324.13363
324.13363
324.13363
324.13363
324.13363
324.13362
324.13362
324.13362
323.9778
323.9778
323.9778
323.9778
323.9778
323.9778
323.9778
323.9778
323.9778
323.9778
323.9778
323.9778
323.9778
323.9778
323.9778
323.9778
323.9778
323.9778
323.9778
323.9778
323.9778
323.9778
323.9778
323.9778
323.9778
323.9778
323.9778
323.9778
323.9778
323.9778
323.9778
323.9778
323.9778
323.9778
323.9778
323.9778
323.81747
323.81747
323.81747
323.81747
323.81748
323.81748
323.81748
323.81748
323.81748
323.81748
323.81748
323.81748
323.81748
323.81748
323.81748
323.81748
323.81748
323.81748
323.81748
323.81748
323.81748
323.81748
323.81748
323.81748
323.81748
323.81748
323.81748
323.81748
323.81748
323.81748
323.81748
323.81748
323.81748
323.81747
323.81747
323.81747
323.65265
323.65265
323.65265
323.65266
323.65266
323.65266
323.65266
323.65266
323.65266
323.65266
323.65266
323.65266
323.65266
323.65266
323.65266
323.65266
323.65266
323.65266
323.65266
323.65266
323.65266
323.65266
323.65266
323.65266
323.65266
323.65266
323.65266
323.65266
323.65266
323.65266
323.65266
323.65266
323.65266
323.65265
323.65265
323.65265
323.48337
323.48337
323.48337
323.48337
323.48337
323.48337
323.48337
323.48337
323.48337
323.48337
323.48337
323.48337
323.48337
323.48337
323.48337
323.48337
323.48337
323.48337
323.48337
323.48337
323.48337
323.48337
323.48337
323.48337
323.48337
323.48337
323.48337
323.48337
323.48337
323.48337
323.48337
323.48337
323.48337
323.48337
323.48337
323.48337
323.30967
323.30967
323.30967
323.30967
323.30967
323.30967
323.30967
323.30967
323.30967
323.30967
323.30967
323.30967
323.30967
323.30967
323.30967
323.30967
323.30967
323.30967
323.30967
323.30967
323.30967
323.30967
323.30967
323.30967
323.30967
323.30967
323.30967
323.30967
323.30967
323.30967
323.30967
323.30967
323.30967
323.30967
323.30967
323.30967
323.13162
323.13162
323.13162
323.13162
323.13162
323.13162
323.13162
323.13162
323.13162
323.13162
323.13162
323.13162
323.13162
323.13162
323.13162
323.13162
323.13162
323.13162
323.13162
323.13162
323.13162
323.13162
323.13162
323.13162
323.13162
323.13162
323.13162
323.13162
323.13162
323.13162
323.13162
323.13162
323.13162
323.13162
323.13162
323.13162
322.94929
322.94929
322.94929
322.94929
322.94929
322.94929
322.94929
322.94929
322.94929
322.94929
322.94929
322.94929
322.94929
322.94929
322.94929
322.94929
322.94929
322.94929
322.94929
322.94929
322.94929
322.94929
322.94929
322.94929
322.94929
322.94929
322.94929
322.94929
322.94929
322.94929
322.94929
322.94929
322.94929
322.94929
322.94929
322.94929
322.76278
322.76278
322.76278
322.76278
322.76278
322.76278
322.76278
322.76278
322.76278
322.76278
322.76278
322.76278
322.76278
322.76278
322.76278
322.76278
322.76278
322.76278
322.76278
322.76278
322.76278
322.76278
322.76278
322.76278
322.76278
322.76278
322.76278
322.76278
322.76278
322.76278
322.76278
322.76278
322.76278
322.76278
322.76278
322.76278
322.57219
322.57219
322.57219
322.57219
322.57219
322.57219
322.57219
322.57219
322.57219
322.57219
322.57219
322.57219
322.57219
322.57219
322.57219
322.57219
322.57219
322.57219
322.57219
322.57219
322.57219
322.57219
322.57219
322.57219
322.57219
322.57219
322.57219
322.57219
322.57219
322.57219
322.57219
322.57219
322.57219
322.57219
322.57219
322.57219
322.37763
322.37763
322.37763
322.37763
322.37763
322.37763
322.37763
322.37763
322.37763
322.37763
322.37763
322.37763
322.37763
322.37763
322.37763
322.37763
322.37763
322.37763
322.37763
322.37763
322.37763
322.37763
322.37763
322.37763
322.37763
322.37763
322.37763
322.37763
322.37763
322.37763
322.37763
322.37763
322.37763
322.37763
322.37763
322.37763
322.1768
322.1768
322.1768
322.1768
322.1768
322.1768
322.1768
322.1768
322.1768
322.1768
322.1768
322.1768
322.1768
322.1768
322.1768
322.1768
322.1768
322.1768
322.1768
322.1768
322.1768
322.1768
322.1768
322.1768
322.1768
322.1768
322.1768
322.1768
322.1768
322.1768
322.1768
322.1768
322.1768
322.1768
322.1768
322.1768
321.97331
321.97331
321.97331
321.97331
321.97331
321.97331
321.97331
321.97331
321.97331
321.97331
321.97331
321.97331
321.97331
321.97331
321.97331
321.97331
321.97331
321.97331
321.97331
321.97331
321.97331
321.97331
321.97331
321.97331
321.97331
321.97331
321.97331
321.97331
321.97331
321.97331
321.97331
321.97331
321.97331
321.97331
321.97331
321.97331
321.76719
321.76719
321.76719
321.76719
321.76719
321.76719
321.76719
321.76719
321.76719
321.76719
321.76719
321.76719
321.76719
321.76719
321.76719
321.76719
321.76719
321.76719
321.76719
321.76719
321.76719
321.76719
321.76719
321.76719
321.76719
321.76719
321.76719
321.76719
321.76719
321.76719
321.76719
321.76719
321.76719
321.76719
321.76719
321.76719
321.55848
321.55848
321.55848
321.55848
321.55848
321.55848
321.55848
321.55848
321.55848
321.55848
321.55848
321.55848
321.55848
321.55848
321.55848
321.55848
321.55848
321.55848
321.55848
321.55848
321.55848
321.55848
321.55848
321.55848
321.55848
321.55848
321.55848
321.55848
321.55848
321.55848
321.55848
321.55848
321.55848
321.55848
321.55848
321.55849
321.34726
321.34726
321.34726
321.34726
321.34726
321.34726
321.34726
321.34726
321.34726
321.34726
321.34726
321.34726
321.34726
321.34726
321.34726
321.34726
321.34726
321.34726
321.34726
321.34726
321.34726
321.34726
321.34726
321.34726
321.34726
321.34726
321.34726
321.34726
321.34726
321.34726
321.34726
321.34726
321.34726
321.34726
321.34726
321.34726
321.1336
321.1336
321.1336
321.1336
321.1336
321.1336
321.1336
321.1336
321.1336
321.1336
321.1336
321.1336
321.1336
321.13359
321.13359
321.13359
321.13359
321.13359
321.13359
321.13359
321.13359
321.13359
321.13359
321.1336
321.1336
321.1336
321.1336
321.1336
321.1336
321.1336
321.1336
321.1336
321.1336
321.1336
321.1336
321.1336
320.91759
320.91759
320.91759
320.91759
320.91759
320.91758
320.91758
320.91758
320.91758
320.91758
320.91758
320.91758
320.91758
320.91758
320.91758
320.91758
320.91758
320.91758
320.91758
320.91758
320.91758
320.91758
320.91758
320.91758
320.91758
320.91758
320.91758
320.91758
320.91758
320.91758
320.91758
320.91758
320.91759
320.91759
320.91759
320.91759
320.69933
320.69933
320.69933
320.69933
320.69933
320.69933
320.69933
320.69933
320.69933
320.69933
320.69933
320.69933
320.69933
320.69933
320.69933
320.69933
320.69933
320.69933
320.69933
320.69933
320.69933
320.69933
320.69933
320.69933
320.69933
320.69933
320.69933
320.69933
320.69933
320.69933
320.69933
320.69933
320.69933
320.69933
320.69933
320.69933
320.47893
320.47893
320.47893
320.47893
320.47893
320.47893
320.47893
320.47893
320.47893
320.47893
320.47893
320.47893
320.47893
320.47893
320.47893
320.47893
320.47893
320.47893
320.47893
320.47893
320.47893
320.47893
320.47893
320.47893
320.47893
320.47893
320.47893
320.47893
320.47893
320.47893
320.47893
320.47893
320.47893
320.47893
320.47893
320.47893
320.25652
320.25652
320.25652
320.25652
320.25652
320.25651
320.25651
320.25651
320.25651
320.25651
320.25651
320.25651
320.25651
320.25651
320.25651
320.25651
320.25651
320.25651
320.25651
320.25651
320.25651
320.25651
320.25651
320.25651
320.25651
320.25651
320.25651
320.25651
320.25651
320.25651
320.25651
320.25651
320.25652
320.25652
320.25652
320.25652
320.0322
320.0322
320.0322
320.0322
320.0322
320.0322
320.0322
320.0322
320.0322
320.0322
320.0322
320.0322
320.0322
320.0322
320.0322
320.0322
320.0322
320.0322
320.0322
320.0322
320.0322
320.0322
320.0322
320.0322
320.0322
320.0322
320.0322
320.0322
320.0322
320.0322
320.0322
320.0322
320.0322
320.0322
320.0322
320.0322
319.80612
319.80612
319.80612
319.80612
319.80612
319.80612
319.80612
319.80612
319.80612
319.80612
319.80612
319.80612
319.80612
319.80612
319.80612
319.80612
319.80612
319.80612
319.80612
319.80612
319.80612
319.80612
319.80612
319.80612
319.80612
319.80612
319.80612
319.80612
319.80612
319.80612
319.80612
319.80612
319.80612
319.80612
319.80612
319.80612
319.5784
319.5784
319.5784
319.5784
319.5784
319.5784
319.5784
319.5784
319.5784
319.5784
319.5784
319.5784
319.5784
319.5784
319.5784
319.5784
319.5784
319.5784
319.5784
319.5784
319.5784
319.5784
319.5784
319.5784
319.5784
319.5784
319.5784
319.5784
319.5784
319.5784
319.5784
319.5784
319.5784
319.5784
319.5784
319.5784
319.34918
319.34918
319.34918
319.34918
319.34918
319.34918
319.34918
319.34918
319.34918
319.34918
319.34918
319.34918
319.34918
319.34918
319.34918
319.34918
319.34918
319.34918
319.34918
319.34918
319.34918
319.34918
319.34918
319.34918
319.34918
319.34918
319.34918
319.34918
319.34918
319.34918
319.34918
319.34918
319.34918
319.34918
319.34918
319.34918
319.1186
319.1186
319.1186
319.1186
319.1186
319.1186
319.1186
319.1186
319.1186
319.1186
319.1186
319.1186
319.1186
319.1186
319.1186
319.1186
319.1186
319.1186
319.1186
319.1186
319.1186
319.1186
319.1186
319.1186
319.1186
319.1186
319.1186
319.1186
319.1186
319.1186
319.1186
319.1186
319.1186
319.1186
319.1186
319.1186
318.88549
318.88549
318.88549
318.88549
318.88549
318.88549
318.88549
318.88549
318.88549
318.88549
318.88549
318.88549
318.88549
318.88549
318.88549
318.88549
318.88549
318.88549
318.88549
318.88549
318.88549
318.88549
318.88549
318.88549
318.88549
318.88549
318.88549
318.88549
318.88549
318.88549
318.88549
318.88549
318.88549
318.88549
318.88549
318.88549
318.65227
318.65227
318.65227
318.65227
318.65227
318.65227
318.65227
318.65227
318.65227
318.65227
318.65227
318.65227
318.65227
318.65227
318.65227
318.65227
318.65227
318.65227
318.65227
318.65227
318.65227
318.65227
318.65227
318.65227
318.65227
318.65227
318.65227
318.65227
318.65227
318.65227
318.65227
318.65227
318.65227
318.65227
318.65227
318.65227
318.41901
318.41901
318.41901
318.41901
318.41901
318.41901
318.41901
318.41901
318.41901
318.41901
318.41901
318.41901
318.41901
318.41901
318.41901
318.41901
318.41901
318.41901
318.41901
318.41901
318.41901
318.41901
318.41901
318.41901
318.41901
318.41901
318.41901
318.41901
318.41901
318.41901
318.41901
318.41901
318.41901
318.41901
318.41901
318.41901
318.18579
318.18579
318.18579
318.18579
318.18579
318.18579
318.18579
318.18579
318.18579
318.18579
318.18579
318.18579
318.18579
318.18579
318.18579
318.18579
318.18579
318.18579
318.18579
318.18579
318.18579
318.18579
318.18579
318.18579
318.18579
318.18579
318.18579
318.18579
318.18579
318.18579
318.18579
318.18579
318.18579
318.18579
318.18579
318.18579
317.95268
317.95268
317.95268
317.95268
317.95268
317.95268
317.95268
317.95268
317.95268
317.95268
317.95268
317.95268
317.95268
317.95268
317.95268
317.95268
317.95268
317.95268
317.95268
317.95268
317.95268
317.95268
317.95268
317.95268
317.95268
317.95268
317.95268
317.95268
317.95268
317.95268
317.95268
317.95268
317.95268
317.95268
317.95268
317.95268
317.71977
317.71977
317.71977
317.71977
317.71977
317.71977
317.71977
317.71977
317.71977
317.71977
317.71977
317.71977
317.71977
317.71977
317.71977
317.71977
317.71977
317.71977
317.71977
317.71977
317.71977
317.71977
317.71977
317.71977
317.71977
317.71977
317.71977
317.71977
317.71977
317.71977
317.71977
317.71977
317.71977
317.71977
317.71977
317.71977
317.48714
317.48714
317.48714
317.48714
317.48714
317.48714
317.48715
317.48715
317.48715
317.48715
317.48715
317.48715
317.48715
317.48715
317.48715
317.48715
317.48715
317.48715
317.48715
317.48715
317.48715
317.48715
317.48715
317.48715
317.48715
317.48715
317.48715
317.48715
317.48715
317.48715
317.48714
317.48714
317.48714
317.48714
317.48714
317.48714
317.2549
317.2549
317.2549
317.2549
317.2549
317.2549
317.2549
317.2549
317.2549
317.2549
317.2549
317.2549
317.2549
317.2549
317.2549
317.2549
317.2549
317.2549
317.2549
317.2549
317.2549
317.2549
317.2549
317.2549
317.2549
317.2549
317.2549
317.2549
317.2549
317.2549
317.2549
317.2549
317.2549
317.2549
317.2549
317.2549
317.02312
317.02312
317.02312
317.02312
317.02312
317.02312
317.02312
317.02312
317.02312
317.02312
317.02312
317.02312
317.02312
317.02312
317.02312
317.02312
317.02312
317.02312
317.02312
317.02312
317.02312
317.02312
317.02312
317.02312
317.02312
317.02312
317.02312
317.02312
317.02312
317.02312
317.02312
317.02312
317.02312
317.02312
317.02312
317.02312
316.7919
316.7919
316.7919
316.7919
316.7919
316.7919
316.7919
316.7919
316.7919
316.7919
316.7919
316.7919
316.7919
316.7919
316.7919
316.7919
316.7919
316.7919
316.7919
316.7919
316.7919
316.7919
316.7919
316.7919
316.7919
316.7919
316.7919
316.7919
316.7919
316.7919
316.7919
316.7919
316.7919
316.7919
316.7919
316.7919
316.56134
316.56134
316.56134
316.56134
316.56134
316.56134
316.56134
316.56134
316.56134
316.56134
316.56134
316.56134
316.56134
316.56134
316.56134
316.56134
316.56134
316.56134
316.56134
316.56134
316.56134
316.56134
316.56134
316.56134
316.56134
316.56134
316.56134
316.56134
316.56134
316.56134
316.56134
316.56134
316.56134
316.56134
316.56134
316.56134
316.33152
316.33152
316.33152
316.33152
316.33152
316.33152
316.33152
316.33152
316.33153
316.33153
316.33153
316.33153
316.33153
316.33153
316.33153
316.33153
316.33153
316.33153
316.33153
316.33153
316.33153
316.33153
316.33153
316.33153
316.33153
316.33153
316.33153
316.33153
316.33152
316.33152
316.33152
316.33152
316.33152
316.33152
316.33152
316.33152
316.10255
316.10255
316.10255
316.10255
316.10255
316.10255
316.10255
316.10255
316.10255
316.10255
316.10255
316.10255
316.10255
316.10256
316.10256
316.10256
316.10256
316.10256
316.10256
316.10256
316.10256
316.10256
316.10256
316.10256
316.10255
316.10255
316.10255
316.10255
316.10255
316.10255
316.10255
316.10255
316.10255
316.10255
316.10255
316.10255
315.87451
315.87451
315.87451
315.87452
315.87452
315.87452
315.87452
315.87452
315.87452
315.87452
315.87452
315.87452
315.87452
315.87452
315.87452
315.87452
315.87452
315.87452
315.87452
315.87452
315.87452
315.87452
315.87452
315.87452
315.87452
315.87452
315.87452
315.87452
315.87452
315.87452
315.87452
315.87452
315.87452
315.87451
315.87451
315.87451
315.6475
315.6475
315.6475
315.6475
315.6475
315.6475
315.6475
315.6475
315.6475
315.6475
315.6475
315.6475
315.6475
315.6475
315.6475
315.6475
315.6475
315.6475
315.6475
315.6475
315.6475
315.6475
315.6475
315.6475
315.6475
315.6475
315.6475
315.6475
315.6475
315.6475
315.6475
315.6475
315.6475
315.6475
315.6475
315.6475
315.4216
315.4216
315.4216
315.4216
315.4216
315.4216
315.4216
315.4216
315.4216
315.4216
315.4216
315.4216
315.4216
315.4216
315.4216
315.4216
315.4216
315.4216
315.4216
315.4216
315.4216
315.4216
315.4216
315.4216
315.4216
315.4216
315.4216
315.4216
315.4216
315.4216
315.4216
315.4216
315.4216
315.4216
315.4216
315.4216
315.1969
315.1969
315.1969
315.1969
315.1969
315.1969
315.1969
315.1969
315.1969
315.1969
315.1969
315.1969
315.1969
315.1969
315.1969
315.1969
315.1969
315.1969
315.1969
315.1969
315.1969
315.1969
315.1969
315.1969
315.1969
315.1969
315.1969
315.1969
315.1969
315.1969
315.1969
315.1969
315.1969
315.1969
315.1969
315.1969
314.97348
314.97348
314.97348
314.97348
314.97348
314.97348
314.97348
314.97348
314.97348
314.97348
314.97348
314.97348
314.97348
314.97348
314.97348
314.97348
314.97348
314.97348
314.97348
314.97348
314.97348
314.97348
314.97348
314.97348
314.97348
314.97348
314.97348
314.97348
314.97348
314.97348
314.97348
314.97348
314.97348
314.97348
314.97348
314.97348
314.75143
314.75143
314.75143
314.75143
314.75143
314.75143
314.75143
314.75143
314.75143
314.75143
314.75143
314.75143
314.75143
314.75143
314.75143
314.75143
314.75143
314.75143
314.75143
314.75143
314.75143
314.75143
314.75143
314.75143
314.75143
314.75143
314.75143
314.75143
314.75143
314.75143
314.75143
314.75143
314.75143
314.75143
314.75143
314.75143
314.53082
314.53082
314.53082
314.53082
314.53082
314.53082
314.53082
314.53082
314.53082
314.53082
314.53082
314.53082
314.53082
314.53082
314.53082
314.53082
314.53082
314.53082
314.53082
314.53082
314.53082
314.53082
314.53082
314.53082
314.53082
314.53082
314.53082
314.53082
314.53082
314.53082
314.53082
314.53082
314.53082
314.53082
314.53082
314.53082
314.31173
314.31173
314.31173
314.31173
314.31173
314.31173
314.31173
314.31173
314.31173
314.31173
314.31173
314.31173
314.31173
314.31173
314.31173
314.31173
314.31173
314.31173
314.31173
314.31173
314.31173
314.31173
314.31173
314.31173
314.31173
314.31173
314.31173
314.31173
314.31173
314.31173
314.31173
314.31173
314.31173
314.31173
314.31173
314.31173
)
;

boundaryField
{
    jellyRoll_rotated_to_cap_rotated
    {
        type            compressible::turbulentTemperatureRadCoupledMixed;
        refValue        nonuniform List<scalar> 
432
(
298.99795
298.99795
298.99795
298.99795
298.99795
298.99795
298.99795
298.99795
298.99795
298.99795
298.99795
298.99795
298.99795
298.99795
298.99795
298.99795
298.99795
298.99795
298.99795
298.99795
298.99795
298.99795
298.99795
298.99795
298.99795
298.99795
298.99795
298.99795
298.99795
298.99795
298.99795
298.99795
298.99795
298.99795
298.99795
298.99795
299.85802
299.85802
299.85802
299.85802
299.85802
299.85802
299.85802
299.85802
299.85802
299.85802
299.85802
299.85802
299.85802
299.85802
299.85802
299.85802
299.85802
299.85802
299.85802
299.85802
299.85802
299.85802
299.85802
299.85802
299.85802
299.85802
299.85802
299.85802
299.85802
299.85802
299.85802
299.85802
299.85802
299.85802
299.85802
299.85802
301.02208
301.02208
301.02208
301.02208
301.02208
301.02208
301.02208
301.02208
301.02208
301.02208
301.02208
301.02208
301.02208
301.02208
301.02208
301.02208
301.02208
301.02208
301.02208
301.02208
301.02208
301.02208
301.02208
301.02208
301.02208
301.02208
301.02208
301.02208
301.02208
301.02208
301.02208
301.02208
301.02208
301.02208
301.02208
301.02208
302.48153
302.48153
302.48153
302.48153
302.48153
302.48153
302.48153
302.48153
302.48153
302.48153
302.48153
302.48153
302.48153
302.48153
302.48153
302.48153
302.48153
302.48153
302.48153
302.48153
302.48153
302.48153
302.48153
302.48153
302.48153
302.48153
302.48153
302.48153
302.48153
302.48153
302.48153
302.48153
302.48153
302.48153
302.48153
302.48153
304.24564
304.24564
304.24564
304.24564
304.24564
304.24564
304.24564
304.24564
304.24564
304.24564
304.24564
304.24564
304.24564
304.24564
304.24564
304.24564
304.24564
304.24564
304.24564
304.24564
304.24564
304.24564
304.24564
304.24564
304.24564
304.24564
304.24564
304.24564
304.24564
304.24564
304.24564
304.24564
304.24564
304.24564
304.24564
304.24564
306.33287
306.33287
306.33287
306.33287
306.33287
306.33287
306.33287
306.33287
306.33287
306.33287
306.33287
306.33287
306.33287
306.33287
306.33287
306.33287
306.33287
306.33287
306.33287
306.33287
306.33287
306.33287
306.33287
306.33287
306.33287
306.33287
306.33287
306.33287
306.33287
306.33287
306.33287
306.33287
306.33287
306.33287
306.33287
306.33287
308.76103
308.76103
308.76103
308.76103
308.76103
308.76103
308.76103
308.76103
308.76103
308.76103
308.76103
308.76103
308.76103
308.76103
308.76103
308.76103
308.76103
308.76103
308.76103
308.76103
308.76103
308.76103
308.76103
308.76103
308.76103
308.76103
308.76103
308.76103
308.76103
308.76103
308.76103
308.76103
308.76103
308.76103
308.76103
308.76103
311.53814
311.53814
311.53814
311.53814
311.53814
311.53814
311.53814
311.53814
311.53814
311.53814
311.53814
311.53814
311.53814
311.53814
311.53814
311.53814
311.53814
311.53814
311.53814
311.53814
311.53814
311.53814
311.53814
311.53814
311.53814
311.53814
311.53814
311.53814
311.53814
311.53814
311.53814
311.53814
311.53814
311.53814
311.53814
311.53814
314.64624
314.64624
314.64624
314.64624
314.64624
314.64624
314.64624
314.64624
314.64624
314.64624
314.64624
314.64624
314.64624
314.64624
314.64624
314.64624
314.64624
314.64624
314.64624
314.64624
314.64624
314.64624
314.64624
314.64624
314.64624
314.64624
314.64624
314.64624
314.64624
314.64624
314.64624
314.64624
314.64624
314.64624
314.64624
314.64624
317.75407
317.75407
317.75407
317.75407
317.75407
317.75407
317.75407
317.75407
317.75407
317.75407
317.75407
317.75407
317.75407
317.75407
317.75407
317.75407
317.75407
317.75407
317.75407
317.75407
317.75407
317.75407
317.75407
317.75407
317.75407
317.75407
317.75407
317.75407
317.75407
317.75407
317.75407
317.75407
317.75407
317.75407
317.75407
317.75407
320.47797
320.47797
320.47797
320.47797
320.47797
320.47797
320.47797
320.47797
320.47797
320.47797
320.47797
320.47797
320.47797
320.47797
320.47797
320.47797
320.47797
320.47797
320.47797
320.47797
320.47797
320.47797
320.47797
320.47797
320.47797
320.47797
320.47797
320.47797
320.47797
320.47797
320.47797
320.47797
320.47797
320.47797
320.47797
320.47797
322.07168
322.07166
322.0717
322.07172
322.07173
322.07173
322.07173
322.07173
322.07173
322.07173
322.07173
322.07173
322.07173
322.07173
322.07173
322.07173
322.07174
322.07174
322.07174
322.07174
322.07174
322.07173
322.07173
322.07173
322.07173
322.07173
322.07173
322.07173
322.07173
322.07173
322.07173
322.07173
322.07173
322.07172
322.07171
322.07167
)
;
        refGradient     uniform 0;
        valueFraction   nonuniform List<scalar> 
432
(
0.0055241004
0.0055241004
0.0055241004
0.0055241004
0.0055241004
0.0055241004
0.0055241004
0.0055241004
0.0055241004
0.0055241004
0.0055241004
0.0055241004
0.0055241004
0.0055241004
0.0055241004
0.0055241004
0.0055241004
0.0055241004
0.0055241004
0.0055241004
0.0055241004
0.0055241004
0.0055241004
0.0055241004
0.0055241004
0.0055241004
0.0055241004
0.0055241004
0.0055241004
0.0055241004
0.0055241004
0.0055241004
0.0055241004
0.0055241004
0.0055241004
0.0055241004
0.0055241384
0.0055241384
0.0055241384
0.0055241384
0.0055241384
0.0055241384
0.0055241384
0.0055241384
0.0055241384
0.0055241384
0.0055241384
0.0055241384
0.0055241384
0.0055241384
0.0055241384
0.0055241384
0.0055241384
0.0055241384
0.0055241384
0.0055241384
0.0055241384
0.0055241384
0.0055241384
0.0055241384
0.0055241384
0.0055241384
0.0055241384
0.0055241384
0.0055241384
0.0055241384
0.0055241384
0.0055241384
0.0055241384
0.0055241384
0.0055241384
0.0055241384
0.0055241715
0.0055241715
0.0055241715
0.0055241715
0.0055241715
0.0055241715
0.0055241715
0.0055241715
0.0055241715
0.0055241715
0.0055241715
0.0055241715
0.0055241715
0.0055241715
0.0055241715
0.0055241715
0.0055241715
0.0055241715
0.0055241715
0.0055241715
0.0055241715
0.0055241715
0.0055241715
0.0055241715
0.0055241715
0.0055241715
0.0055241715
0.0055241715
0.0055241715
0.0055241715
0.0055241715
0.0055241715
0.0055241715
0.0055241715
0.0055241715
0.0055241715
0.0055242042
0.0055242042
0.0055242042
0.0055242042
0.0055242042
0.0055242042
0.0055242042
0.0055242042
0.0055242042
0.0055242042
0.0055242042
0.0055242042
0.0055242042
0.0055242042
0.0055242042
0.0055242042
0.0055242042
0.0055242042
0.0055242042
0.0055242042
0.0055242042
0.0055242042
0.0055242042
0.0055242042
0.0055242042
0.0055242042
0.0055242042
0.0055242042
0.0055242042
0.0055242042
0.0055242042
0.0055242042
0.0055242042
0.0055242042
0.0055242042
0.0055242042
0.0055242391
0.0055242391
0.0055242391
0.0055242391
0.0055242391
0.0055242391
0.0055242391
0.0055242391
0.0055242391
0.0055242391
0.0055242391
0.0055242391
0.0055242391
0.0055242391
0.0055242391
0.0055242391
0.0055242391
0.0055242391
0.0055242391
0.0055242391
0.0055242391
0.0055242391
0.0055242391
0.0055242391
0.0055242391
0.0055242391
0.0055242391
0.0055242391
0.0055242391
0.0055242391
0.0055242391
0.0055242391
0.0055242391
0.0055242391
0.0055242391
0.0055242391
0.0055242777
0.0055242777
0.0055242777
0.0055242777
0.0055242777
0.0055242777
0.0055242777
0.0055242777
0.0055242777
0.0055242777
0.0055242777
0.0055242777
0.0055242777
0.0055242777
0.0055242777
0.0055242777
0.0055242777
0.0055242777
0.0055242777
0.0055242777
0.0055242777
0.0055242777
0.0055242777
0.0055242777
0.0055242777
0.0055242777
0.0055242777
0.0055242777
0.0055242777
0.0055242777
0.0055242777
0.0055242777
0.0055242777
0.0055242777
0.0055242777
0.0055242777
0.0055243209
0.0055243209
0.0055243209
0.0055243209
0.0055243209
0.0055243209
0.0055243209
0.0055243209
0.0055243209
0.0055243209
0.0055243209
0.0055243209
0.0055243209
0.0055243209
0.0055243209
0.0055243209
0.0055243209
0.0055243209
0.0055243209
0.0055243209
0.0055243209
0.0055243209
0.0055243209
0.0055243209
0.0055243209
0.0055243209
0.0055243209
0.0055243209
0.0055243209
0.0055243209
0.0055243209
0.0055243209
0.0055243209
0.0055243209
0.0055243209
0.0055243209
0.0055243699
0.0055243699
0.0055243699
0.0055243699
0.0055243699
0.0055243699
0.0055243699
0.0055243699
0.0055243699
0.0055243699
0.0055243699
0.0055243699
0.0055243699
0.0055243699
0.0055243699
0.0055243699
0.0055243699
0.0055243699
0.0055243699
0.0055243699
0.0055243699
0.0055243699
0.0055243699
0.0055243699
0.0055243699
0.0055243699
0.0055243699
0.0055243699
0.0055243699
0.0055243699
0.0055243699
0.0055243699
0.0055243699
0.0055243699
0.0055243699
0.0055243699
0.0055244283
0.0055244283
0.0055244283
0.0055244283
0.0055244283
0.0055244283
0.0055244283
0.0055244283
0.0055244283
0.0055244283
0.0055244283
0.0055244283
0.0055244283
0.0055244283
0.0055244283
0.0055244283
0.0055244283
0.0055244283
0.0055244283
0.0055244283
0.0055244283
0.0055244283
0.0055244283
0.0055244283
0.0055244283
0.0055244283
0.0055244283
0.0055244283
0.0055244283
0.0055244283
0.0055244283
0.0055244283
0.0055244283
0.0055244283
0.0055244283
0.0055244283
0.0055244801
0.0055244801
0.0055244801
0.0055244801
0.0055244801
0.0055244801
0.0055244801
0.0055244801
0.0055244801
0.0055244801
0.0055244801
0.0055244801
0.0055244801
0.0055244801
0.0055244801
0.0055244801
0.0055244801
0.0055244801
0.0055244801
0.0055244801
0.0055244801
0.0055244801
0.0055244801
0.0055244801
0.0055244801
0.0055244801
0.0055244801
0.0055244801
0.0055244801
0.0055244801
0.0055244801
0.0055244801
0.0055244801
0.0055244801
0.0055244801
0.0055244801
0.0055245223
0.0055245223
0.0055245223
0.0055245223
0.0055245223
0.0055245223
0.0055245223
0.0055245223
0.0055245223
0.0055245223
0.0055245223
0.0055245223
0.0055245223
0.0055245223
0.0055245223
0.0055245223
0.0055245223
0.0055245223
0.0055245223
0.0055245223
0.0055245223
0.0055245223
0.0055245223
0.0055245223
0.0055245223
0.0055245223
0.0055245223
0.0055245223
0.0055245223
0.0055245223
0.0055245223
0.0055245223
0.0055245223
0.0055245223
0.0055245223
0.0055245223
0.0055245453
0.0055245453
0.0055245453
0.0055245453
0.0055245453
0.0055245453
0.0055245453
0.0055245453
0.0055245453
0.0055245453
0.0055245453
0.0055245453
0.0055245453
0.0055245453
0.0055245453
0.0055245453
0.0055245453
0.0055245453
0.0055245453
0.0055245453
0.0055245453
0.0055245453
0.0055245453
0.0055245453
0.0055245453
0.0055245453
0.0055245453
0.0055245453
0.0055245453
0.0055245453
0.0055245453
0.0055245453
0.0055245453
0.0055245453
0.0055245453
0.0055245453
)
;
        source          uniform 0;
        value           nonuniform List<scalar> 
432
(
298.8109
298.8109
298.8109
298.8109
298.8109
298.8109
298.8109
298.8109
298.8109
298.8109
298.8109
298.8109
298.8109
298.8109
298.8109
298.8109
298.8109
298.8109
298.8109
298.8109
298.8109
298.8109
298.8109
298.8109
298.8109
298.8109
298.8109
298.8109
298.8109
298.8109
298.8109
298.8109
298.8109
298.8109
298.8109
298.8109
300.02356
300.02356
300.02356
300.02356
300.02356
300.02356
300.02356
300.02356
300.02356
300.02356
300.02356
300.02356
300.02356
300.02356
300.02356
300.02356
300.02356
300.02356
300.02356
300.02356
300.02356
300.02356
300.02356
300.02356
300.02356
300.02356
300.02356
300.02356
300.02356
300.02356
300.02356
300.02356
300.02356
300.02356
300.02356
300.02356
301.48083
301.48083
301.48083
301.48083
301.48083
301.48083
301.48083
301.48083
301.48083
301.48083
301.48083
301.48083
301.48083
301.48083
301.48083
301.48083
301.48083
301.48083
301.48083
301.48083
301.48083
301.48083
301.48083
301.48083
301.48083
301.48083
301.48083
301.48083
301.48083
301.48083
301.48083
301.48083
301.48083
301.48083
301.48083
301.48083
303.22117
303.22117
303.22117
303.22117
303.22117
303.22117
303.22117
303.22117
303.22117
303.22117
303.22117
303.22117
303.22117
303.22117
303.22117
303.22117
303.22117
303.22117
303.22117
303.22117
303.22117
303.22117
303.22117
303.22117
303.22117
303.22117
303.22117
303.22117
303.22117
303.22117
303.22117
303.22117
303.22117
303.22117
303.22117
303.22117
305.28352
305.28352
305.28352
305.28352
305.28352
305.28352
305.28352
305.28352
305.28352
305.28352
305.28352
305.28352
305.28352
305.28352
305.28352
305.28352
305.28352
305.28352
305.28352
305.28352
305.28352
305.28352
305.28352
305.28352
305.28352
305.28352
305.28352
305.28352
305.28352
305.28352
305.28352
305.28352
305.28352
305.28352
305.28352
305.28352
307.7041
307.7041
307.7041
307.7041
307.7041
307.7041
307.7041
307.7041
307.7041
307.7041
307.7041
307.7041
307.7041
307.7041
307.7041
307.7041
307.7041
307.7041
307.7041
307.7041
307.7041
307.7041
307.7041
307.7041
307.7041
307.7041
307.7041
307.7041
307.7041
307.7041
307.7041
307.7041
307.7041
307.7041
307.7041
307.7041
310.51166
310.51166
310.51166
310.51166
310.51166
310.51166
310.51166
310.51166
310.51166
310.51166
310.51166
310.51166
310.51166
310.51166
310.51166
310.51166
310.51166
310.51166
310.51166
310.51166
310.51166
310.51166
310.51166
310.51166
310.51166
310.51166
310.51166
310.51166
310.51166
310.51166
310.51166
310.51166
310.51166
310.51166
310.51166
310.51166
313.72221
313.72221
313.72221
313.72221
313.72221
313.72221
313.72221
313.72221
313.72221
313.72221
313.72221
313.72221
313.72221
313.72221
313.72221
313.72221
313.72221
313.72221
313.72221
313.72221
313.72221
313.72221
313.72221
313.72221
313.72221
313.72221
313.72221
313.72221
313.72221
313.72221
313.72221
313.72221
313.72221
313.72221
313.72221
313.72221
317.33766
317.33766
317.33766
317.33766
317.33766
317.33766
317.33766
317.33766
317.33766
317.33766
317.33766
317.33766
317.33766
317.33766
317.33766
317.33766
317.33766
317.33766
317.33766
317.33766
317.33766
317.33766
317.33766
317.33766
317.33766
317.33766
317.33766
317.33766
317.33766
317.33766
317.33766
317.33766
317.33766
317.33766
317.33766
317.33766
320.92878
320.92878
320.92878
320.92878
320.92878
320.92878
320.92878
320.92878
320.92878
320.92878
320.92878
320.92878
320.92878
320.92878
320.92878
320.92878
320.92878
320.92878
320.92878
320.92878
320.92878
320.92878
320.92878
320.92878
320.92878
320.92878
320.92878
320.92878
320.92878
320.92878
320.92878
320.92878
320.92878
320.92878
320.92878
320.92878
324.06964
324.06964
324.06964
324.06964
324.06964
324.06964
324.06964
324.06964
324.06964
324.06964
324.06964
324.06964
324.06964
324.06964
324.06964
324.06964
324.06964
324.06964
324.06964
324.06964
324.06964
324.06964
324.06964
324.06964
324.06964
324.06964
324.06964
324.06964
324.06964
324.06964
324.06964
324.06964
324.06964
324.06964
324.06964
324.06964
325.90115
325.90114
325.90115
325.90115
325.90115
325.90115
325.90115
325.90115
325.90115
325.90115
325.90115
325.90115
325.90115
325.90115
325.90115
325.90115
325.90115
325.90115
325.90115
325.90115
325.90115
325.90115
325.90115
325.90115
325.90115
325.90115
325.90115
325.90115
325.90115
325.90115
325.90115
325.90115
325.90115
325.90115
325.90115
325.90115
)
;
        logInterval     -1;
        writePrecision  8;
        updateHeader    1;
        writeToFile     0;
        useUserTime     1;
        kappaMethod     directionalSolidThermo;
        alphaAni        Anialpha;
    }
    jellyRoll_rotated_to_shell_rotated_radial
    {
        type            compressible::turbulentTemperatureRadCoupledMixed;
        refValue        nonuniform List<scalar> 
2520
(
298.17938
298.17938
298.17938
298.17938
298.17938
298.17938
298.17938
298.17938
298.17938
298.17938
298.17938
298.17938
298.17938
298.17938
298.17938
298.17938
298.17938
298.17938
298.17938
298.17938
298.17938
298.17938
298.17938
298.17938
298.17938
298.17938
298.17938
298.17938
298.17938
298.17938
298.17938
298.17938
298.17938
298.17938
298.17938
298.17938
298.1838
298.1838
298.1838
298.1838
298.1838
298.1838
298.1838
298.1838
298.1838
298.1838
298.1838
298.1838
298.1838
298.1838
298.1838
298.1838
298.1838
298.1838
298.1838
298.1838
298.1838
298.1838
298.1838
298.1838
298.1838
298.1838
298.1838
298.1838
298.1838
298.1838
298.1838
298.1838
298.1838
298.1838
298.1838
298.1838
298.18478
298.18478
298.18478
298.18478
298.18478
298.18478
298.18478
298.18478
298.18478
298.18478
298.18478
298.18478
298.18478
298.18478
298.18478
298.18478
298.18478
298.18478
298.18478
298.18478
298.18478
298.18478
298.18478
298.18478
298.18478
298.18478
298.18478
298.18478
298.18478
298.18478
298.18478
298.18478
298.18478
298.18478
298.18478
298.18478
298.1853
298.1853
298.1853
298.1853
298.1853
298.1853
298.1853
298.1853
298.1853
298.1853
298.1853
298.1853
298.1853
298.1853
298.1853
298.1853
298.1853
298.1853
298.1853
298.1853
298.1853
298.1853
298.1853
298.1853
298.1853
298.1853
298.1853
298.1853
298.1853
298.1853
298.1853
298.1853
298.1853
298.1853
298.1853
298.1853
298.18574
298.18574
298.18574
298.18574
298.18574
298.18574
298.18574
298.18574
298.18574
298.18574
298.18574
298.18574
298.18574
298.18574
298.18574
298.18574
298.18574
298.18574
298.18574
298.18574
298.18574
298.18574
298.18574
298.18574
298.18574
298.18574
298.18574
298.18574
298.18574
298.18574
298.18574
298.18574
298.18574
298.18574
298.18574
298.18574
298.18617
298.18617
298.18617
298.18617
298.18617
298.18617
298.18617
298.18617
298.18617
298.18617
298.18617
298.18617
298.18617
298.18617
298.18617
298.18617
298.18617
298.18617
298.18617
298.18617
298.18617
298.18617
298.18617
298.18617
298.18617
298.18617
298.18617
298.18617
298.18617
298.18617
298.18617
298.18617
298.18617
298.18617
298.18617
298.18617
298.18658
298.18658
298.18658
298.18658
298.18658
298.18658
298.18658
298.18658
298.18658
298.18658
298.18658
298.18658
298.18658
298.18658
298.18658
298.18658
298.18658
298.18658
298.18658
298.18658
298.18658
298.18658
298.18658
298.18658
298.18658
298.18658
298.18658
298.18658
298.18658
298.18658
298.18658
298.18658
298.18658
298.18658
298.18658
298.18658
298.18699
298.18699
298.18699
298.18699
298.18699
298.18699
298.18699
298.18699
298.18699
298.18699
298.18699
298.18699
298.18699
298.18699
298.18699
298.18699
298.18699
298.18699
298.18699
298.18699
298.18699
298.18699
298.18699
298.18699
298.18699
298.18699
298.18699
298.18699
298.18699
298.18699
298.18699
298.18699
298.18699
298.18699
298.18699
298.18699
298.18739
298.18739
298.18739
298.18739
298.18739
298.18739
298.18739
298.18739
298.18739
298.18739
298.18739
298.18739
298.18739
298.18739
298.18739
298.18739
298.18739
298.18739
298.18739
298.18739
298.18739
298.18739
298.18739
298.18739
298.18739
298.18739
298.18739
298.18739
298.18739
298.18739
298.18739
298.18739
298.18739
298.18739
298.18739
298.18739
298.18779
298.18779
298.18779
298.18779
298.18779
298.18779
298.18779
298.18779
298.18779
298.18779
298.18779
298.18779
298.18779
298.18779
298.18779
298.18779
298.18779
298.18779
298.18779
298.18779
298.18779
298.18779
298.18779
298.18779
298.18779
298.18779
298.18779
298.18779
298.18779
298.18779
298.18779
298.18779
298.18779
298.18779
298.18779
298.18779
298.18818
298.18818
298.18818
298.18818
298.18818
298.18818
298.18818
298.18818
298.18818
298.18818
298.18818
298.18818
298.18818
298.18818
298.18818
298.18818
298.18818
298.18818
298.18818
298.18818
298.18818
298.18818
298.18818
298.18818
298.18818
298.18818
298.18818
298.18818
298.18818
298.18818
298.18818
298.18818
298.18818
298.18818
298.18818
298.18818
298.18857
298.18857
298.18857
298.18857
298.18857
298.18857
298.18857
298.18857
298.18857
298.18857
298.18857
298.18857
298.18857
298.18857
298.18857
298.18857
298.18857
298.18857
298.18857
298.18857
298.18857
298.18857
298.18857
298.18857
298.18857
298.18857
298.18857
298.18857
298.18857
298.18857
298.18857
298.18857
298.18857
298.18857
298.18857
298.18857
298.18896
298.18896
298.18896
298.18896
298.18896
298.18896
298.18896
298.18896
298.18896
298.18896
298.18896
298.18896
298.18896
298.18896
298.18896
298.18896
298.18896
298.18896
298.18896
298.18896
298.18896
298.18896
298.18896
298.18896
298.18896
298.18896
298.18896
298.18896
298.18896
298.18896
298.18896
298.18896
298.18896
298.18896
298.18896
298.18896
298.18934
298.18934
298.18934
298.18934
298.18934
298.18934
298.18934
298.18934
298.18934
298.18934
298.18934
298.18934
298.18934
298.18934
298.18934
298.18934
298.18934
298.18934
298.18934
298.18934
298.18934
298.18934
298.18934
298.18934
298.18934
298.18934
298.18934
298.18934
298.18934
298.18934
298.18934
298.18934
298.18934
298.18934
298.18934
298.18934
298.18972
298.18972
298.18972
298.18972
298.18972
298.18972
298.18972
298.18972
298.18972
298.18972
298.18972
298.18972
298.18972
298.18972
298.18972
298.18972
298.18972
298.18972
298.18972
298.18972
298.18972
298.18972
298.18972
298.18972
298.18972
298.18972
298.18972
298.18972
298.18972
298.18972
298.18972
298.18972
298.18972
298.18972
298.18972
298.18972
298.19009
298.19009
298.19009
298.19009
298.19009
298.19009
298.19009
298.19009
298.19009
298.19009
298.19009
298.19009
298.19009
298.19009
298.19009
298.19009
298.19009
298.19009
298.19009
298.19009
298.19009
298.19009
298.19009
298.19009
298.19009
298.19009
298.19009
298.19009
298.19009
298.19009
298.19009
298.19009
298.19009
298.19009
298.19009
298.19009
298.19046
298.19046
298.19046
298.19046
298.19046
298.19046
298.19046
298.19046
298.19046
298.19046
298.19046
298.19046
298.19046
298.19046
298.19046
298.19046
298.19046
298.19046
298.19046
298.19046
298.19046
298.19046
298.19046
298.19046
298.19046
298.19046
298.19046
298.19046
298.19046
298.19046
298.19046
298.19046
298.19046
298.19046
298.19046
298.19046
298.19083
298.19083
298.19083
298.19083
298.19083
298.19083
298.19083
298.19083
298.19083
298.19083
298.19083
298.19083
298.19083
298.19083
298.19083
298.19083
298.19083
298.19083
298.19083
298.19083
298.19083
298.19083
298.19083
298.19083
298.19083
298.19083
298.19083
298.19083
298.19083
298.19083
298.19083
298.19083
298.19083
298.19083
298.19083
298.19083
298.19119
298.19119
298.19119
298.19119
298.19119
298.19119
298.19119
298.19119
298.19119
298.19119
298.19119
298.19119
298.19119
298.19119
298.19119
298.19119
298.19119
298.19119
298.19119
298.19119
298.19119
298.19119
298.19119
298.19119
298.19119
298.19119
298.19119
298.19119
298.19119
298.19119
298.19119
298.19119
298.19119
298.19119
298.19119
298.19119
298.19156
298.19156
298.19156
298.19156
298.19156
298.19156
298.19156
298.19156
298.19156
298.19156
298.19156
298.19156
298.19156
298.19156
298.19156
298.19156
298.19156
298.19156
298.19156
298.19156
298.19156
298.19156
298.19156
298.19156
298.19156
298.19156
298.19156
298.19156
298.19156
298.19156
298.19156
298.19156
298.19156
298.19156
298.19156
298.19156
298.19193
298.19193
298.19193
298.19193
298.19193
298.19193
298.19193
298.19193
298.19193
298.19193
298.19193
298.19193
298.19193
298.19193
298.19193
298.19193
298.19193
298.19193
298.19193
298.19193
298.19193
298.19193
298.19193
298.19193
298.19193
298.19193
298.19193
298.19193
298.19193
298.19193
298.19193
298.19193
298.19193
298.19193
298.19193
298.19193
298.1923
298.1923
298.1923
298.1923
298.1923
298.1923
298.1923
298.1923
298.1923
298.1923
298.1923
298.1923
298.1923
298.1923
298.1923
298.1923
298.1923
298.1923
298.1923
298.1923
298.1923
298.1923
298.1923
298.1923
298.1923
298.1923
298.1923
298.1923
298.1923
298.1923
298.1923
298.1923
298.1923
298.1923
298.1923
298.1923
298.19266
298.19266
298.19266
298.19266
298.19266
298.19266
298.19266
298.19266
298.19266
298.19266
298.19266
298.19266
298.19266
298.19266
298.19266
298.19266
298.19266
298.19266
298.19266
298.19266
298.19266
298.19266
298.19266
298.19266
298.19266
298.19266
298.19266
298.19266
298.19266
298.19266
298.19266
298.19266
298.19266
298.19266
298.19266
298.19266
298.19301
298.19301
298.19301
298.19301
298.19301
298.19301
298.19301
298.19301
298.19301
298.19301
298.19301
298.19301
298.19301
298.19301
298.19301
298.19301
298.19301
298.19301
298.19301
298.19301
298.19301
298.19301
298.19301
298.19301
298.19301
298.19301
298.19301
298.19301
298.19301
298.19301
298.19301
298.19301
298.19301
298.19301
298.19301
298.19301
298.19335
298.19335
298.19335
298.19335
298.19335
298.19335
298.19335
298.19335
298.19335
298.19335
298.19335
298.19335
298.19335
298.19335
298.19335
298.19335
298.19335
298.19335
298.19335
298.19335
298.19335
298.19335
298.19335
298.19335
298.19335
298.19335
298.19335
298.19335
298.19335
298.19335
298.19335
298.19335
298.19335
298.19335
298.19335
298.19335
298.19368
298.19368
298.19368
298.19368
298.19368
298.19368
298.19368
298.19368
298.19368
298.19368
298.19368
298.19368
298.19368
298.19368
298.19368
298.19368
298.19368
298.19368
298.19368
298.19368
298.19368
298.19368
298.19368
298.19368
298.19368
298.19368
298.19368
298.19368
298.19368
298.19368
298.19368
298.19368
298.19368
298.19368
298.19368
298.19368
298.19401
298.19401
298.19401
298.19401
298.19401
298.19401
298.19401
298.19401
298.19401
298.19401
298.19401
298.19401
298.19401
298.19401
298.19401
298.19401
298.19401
298.19401
298.19401
298.19401
298.19401
298.19401
298.19401
298.19401
298.19401
298.19401
298.19401
298.19401
298.19401
298.19401
298.19401
298.19401
298.19401
298.19401
298.19401
298.19401
298.19433
298.19433
298.19433
298.19433
298.19433
298.19433
298.19433
298.19433
298.19433
298.19433
298.19433
298.19433
298.19433
298.19433
298.19433
298.19433
298.19433
298.19433
298.19433
298.19433
298.19433
298.19433
298.19433
298.19433
298.19433
298.19433
298.19433
298.19433
298.19433
298.19433
298.19433
298.19433
298.19433
298.19433
298.19433
298.19433
298.19465
298.19465
298.19465
298.19465
298.19465
298.19465
298.19465
298.19465
298.19465
298.19465
298.19465
298.19465
298.19465
298.19465
298.19465
298.19465
298.19465
298.19465
298.19465
298.19465
298.19465
298.19465
298.19465
298.19465
298.19465
298.19465
298.19465
298.19465
298.19465
298.19465
298.19465
298.19465
298.19465
298.19465
298.19465
298.19465
298.19496
298.19496
298.19496
298.19496
298.19496
298.19496
298.19496
298.19496
298.19496
298.19496
298.19496
298.19496
298.19496
298.19496
298.19496
298.19496
298.19496
298.19496
298.19496
298.19496
298.19496
298.19496
298.19496
298.19496
298.19496
298.19496
298.19496
298.19496
298.19496
298.19496
298.19496
298.19496
298.19496
298.19496
298.19496
298.19496
298.19527
298.19527
298.19527
298.19527
298.19527
298.19527
298.19527
298.19527
298.19527
298.19527
298.19527
298.19527
298.19527
298.19527
298.19527
298.19527
298.19527
298.19527
298.19527
298.19527
298.19527
298.19527
298.19527
298.19527
298.19527
298.19527
298.19527
298.19527
298.19527
298.19527
298.19527
298.19527
298.19527
298.19527
298.19527
298.19527
298.19557
298.19557
298.19557
298.19557
298.19557
298.19557
298.19557
298.19557
298.19557
298.19557
298.19557
298.19557
298.19557
298.19557
298.19557
298.19557
298.19557
298.19557
298.19557
298.19557
298.19557
298.19557
298.19557
298.19557
298.19557
298.19557
298.19557
298.19557
298.19557
298.19557
298.19557
298.19557
298.19557
298.19557
298.19557
298.19557
298.19586
298.19586
298.19586
298.19586
298.19586
298.19586
298.19586
298.19586
298.19586
298.19586
298.19586
298.19586
298.19586
298.19586
298.19586
298.19586
298.19586
298.19586
298.19586
298.19586
298.19586
298.19586
298.19586
298.19586
298.19586
298.19586
298.19586
298.19586
298.19586
298.19586
298.19586
298.19586
298.19586
298.19586
298.19586
298.19586
298.19615
298.19615
298.19615
298.19615
298.19615
298.19615
298.19615
298.19615
298.19615
298.19615
298.19615
298.19615
298.19615
298.19615
298.19615
298.19615
298.19615
298.19615
298.19615
298.19615
298.19615
298.19615
298.19615
298.19615
298.19615
298.19615
298.19615
298.19615
298.19615
298.19615
298.19615
298.19615
298.19615
298.19615
298.19615
298.19615
298.19644
298.19644
298.19644
298.19644
298.19644
298.19644
298.19644
298.19644
298.19644
298.19644
298.19644
298.19644
298.19644
298.19644
298.19644
298.19644
298.19644
298.19644
298.19644
298.19644
298.19644
298.19644
298.19644
298.19644
298.19644
298.19644
298.19644
298.19644
298.19644
298.19644
298.19644
298.19644
298.19644
298.19644
298.19644
298.19644
298.19673
298.19673
298.19673
298.19673
298.19673
298.19673
298.19673
298.19673
298.19673
298.19673
298.19673
298.19673
298.19673
298.19673
298.19673
298.19673
298.19673
298.19673
298.19673
298.19673
298.19673
298.19673
298.19673
298.19673
298.19673
298.19673
298.19673
298.19673
298.19673
298.19673
298.19673
298.19673
298.19673
298.19673
298.19673
298.19673
298.19702
298.19702
298.19702
298.19702
298.19702
298.19702
298.19702
298.19702
298.19702
298.19702
298.19702
298.19702
298.19702
298.19702
298.19702
298.19702
298.19702
298.19702
298.19702
298.19702
298.19702
298.19702
298.19702
298.19702
298.19702
298.19702
298.19702
298.19702
298.19702
298.19702
298.19702
298.19702
298.19702
298.19702
298.19702
298.19702
298.19729
298.19729
298.19729
298.19729
298.19729
298.19729
298.19729
298.19729
298.19729
298.19729
298.19729
298.19729
298.19729
298.19729
298.19729
298.19729
298.19729
298.19729
298.19729
298.19729
298.19729
298.19729
298.19729
298.19729
298.19729
298.19729
298.19729
298.19729
298.19729
298.19729
298.19729
298.19729
298.19729
298.19729
298.19729
298.19729
298.19755
298.19755
298.19755
298.19755
298.19755
298.19755
298.19755
298.19755
298.19755
298.19755
298.19755
298.19755
298.19755
298.19755
298.19755
298.19755
298.19755
298.19755
298.19755
298.19755
298.19755
298.19755
298.19755
298.19755
298.19755
298.19755
298.19755
298.19755
298.19755
298.19755
298.19755
298.19755
298.19755
298.19755
298.19755
298.19755
298.19781
298.19781
298.19781
298.19781
298.19781
298.19781
298.19781
298.19781
298.19781
298.19781
298.19781
298.19781
298.19781
298.19781
298.19781
298.19781
298.19781
298.19781
298.19781
298.19781
298.19781
298.19781
298.19781
298.19781
298.19781
298.19781
298.19781
298.19781
298.19781
298.19781
298.19781
298.19781
298.19781
298.19781
298.19781
298.19781
298.19806
298.19806
298.19806
298.19806
298.19806
298.19806
298.19806
298.19806
298.19806
298.19806
298.19806
298.19806
298.19806
298.19806
298.19806
298.19806
298.19806
298.19806
298.19806
298.19806
298.19806
298.19806
298.19806
298.19806
298.19806
298.19806
298.19806
298.19806
298.19806
298.19806
298.19806
298.19806
298.19806
298.19806
298.19806
298.19806
298.1983
298.1983
298.1983
298.1983
298.1983
298.1983
298.1983
298.1983
298.1983
298.1983
298.1983
298.1983
298.1983
298.1983
298.1983
298.1983
298.1983
298.1983
298.1983
298.1983
298.1983
298.1983
298.1983
298.1983
298.1983
298.1983
298.1983
298.1983
298.1983
298.1983
298.1983
298.1983
298.1983
298.1983
298.1983
298.1983
298.19853
298.19853
298.19853
298.19853
298.19853
298.19853
298.19853
298.19853
298.19853
298.19853
298.19853
298.19853
298.19853
298.19853
298.19853
298.19853
298.19853
298.19853
298.19853
298.19853
298.19853
298.19853
298.19853
298.19853
298.19853
298.19853
298.19853
298.19853
298.19853
298.19853
298.19853
298.19853
298.19853
298.19853
298.19853
298.19853
298.19875
298.19875
298.19875
298.19875
298.19875
298.19875
298.19875
298.19875
298.19875
298.19875
298.19875
298.19875
298.19875
298.19875
298.19875
298.19875
298.19875
298.19875
298.19875
298.19875
298.19875
298.19875
298.19875
298.19875
298.19875
298.19875
298.19875
298.19875
298.19875
298.19875
298.19875
298.19875
298.19875
298.19875
298.19875
298.19875
298.19897
298.19897
298.19897
298.19897
298.19897
298.19897
298.19897
298.19897
298.19897
298.19897
298.19897
298.19897
298.19897
298.19897
298.19897
298.19897
298.19897
298.19897
298.19897
298.19897
298.19897
298.19897
298.19897
298.19897
298.19897
298.19897
298.19897
298.19897
298.19897
298.19897
298.19897
298.19897
298.19897
298.19897
298.19897
298.19897
298.19918
298.19918
298.19918
298.19918
298.19918
298.19918
298.19918
298.19918
298.19918
298.19918
298.19918
298.19918
298.19918
298.19918
298.19918
298.19918
298.19918
298.19918
298.19918
298.19918
298.19918
298.19918
298.19918
298.19918
298.19918
298.19918
298.19918
298.19918
298.19918
298.19918
298.19918
298.19918
298.19918
298.19918
298.19918
298.19918
298.19939
298.19939
298.19939
298.19939
298.19939
298.19939
298.19939
298.19939
298.19939
298.19939
298.19939
298.19939
298.19939
298.19939
298.19939
298.19939
298.19939
298.19939
298.19939
298.19939
298.19939
298.19939
298.19939
298.19939
298.19939
298.19939
298.19939
298.19939
298.19939
298.19939
298.19939
298.19939
298.19939
298.19939
298.19939
298.19939
298.19959
298.19959
298.19959
298.19959
298.19959
298.19959
298.19959
298.19959
298.19959
298.19959
298.19959
298.19959
298.19959
298.19959
298.19959
298.19959
298.19959
298.19959
298.19959
298.19959
298.19959
298.19959
298.19959
298.19959
298.19959
298.19959
298.19959
298.19959
298.19959
298.19959
298.19959
298.19959
298.19959
298.19959
298.19959
298.19959
298.19978
298.19978
298.19978
298.19978
298.19978
298.19978
298.19978
298.19978
298.19978
298.19978
298.19978
298.19978
298.19978
298.19978
298.19978
298.19978
298.19978
298.19978
298.19978
298.19978
298.19978
298.19978
298.19978
298.19978
298.19978
298.19978
298.19978
298.19978
298.19978
298.19978
298.19978
298.19978
298.19978
298.19978
298.19978
298.19978
298.19996
298.19996
298.19996
298.19996
298.19996
298.19996
298.19996
298.19996
298.19996
298.19996
298.19996
298.19996
298.19996
298.19996
298.19996
298.19996
298.19996
298.19996
298.19996
298.19996
298.19996
298.19996
298.19996
298.19996
298.19996
298.19996
298.19996
298.19996
298.19996
298.19996
298.19996
298.19996
298.19996
298.19996
298.19996
298.19996
298.20014
298.20014
298.20014
298.20014
298.20014
298.20014
298.20014
298.20014
298.20014
298.20014
298.20014
298.20014
298.20014
298.20014
298.20014
298.20014
298.20014
298.20014
298.20014
298.20014
298.20014
298.20014
298.20014
298.20014
298.20014
298.20014
298.20014
298.20014
298.20014
298.20014
298.20014
298.20014
298.20014
298.20014
298.20014
298.20014
298.2003
298.2003
298.2003
298.2003
298.2003
298.2003
298.2003
298.2003
298.2003
298.2003
298.2003
298.2003
298.2003
298.2003
298.2003
298.2003
298.2003
298.2003
298.2003
298.2003
298.2003
298.2003
298.2003
298.2003
298.2003
298.2003
298.2003
298.2003
298.2003
298.2003
298.2003
298.2003
298.2003
298.2003
298.2003
298.2003
298.20046
298.20046
298.20046
298.20046
298.20046
298.20046
298.20046
298.20046
298.20046
298.20046
298.20046
298.20046
298.20046
298.20046
298.20046
298.20046
298.20046
298.20046
298.20046
298.20046
298.20046
298.20046
298.20046
298.20046
298.20046
298.20046
298.20046
298.20046
298.20046
298.20046
298.20046
298.20046
298.20046
298.20046
298.20046
298.20046
298.20062
298.20062
298.20062
298.20062
298.20062
298.20062
298.20062
298.20062
298.20062
298.20062
298.20062
298.20062
298.20062
298.20062
298.20062
298.20062
298.20062
298.20062
298.20062
298.20062
298.20062
298.20062
298.20062
298.20062
298.20062
298.20062
298.20062
298.20062
298.20062
298.20062
298.20062
298.20062
298.20062
298.20062
298.20062
298.20062
298.20076
298.20076
298.20076
298.20076
298.20076
298.20076
298.20076
298.20076
298.20076
298.20076
298.20076
298.20076
298.20076
298.20076
298.20076
298.20076
298.20076
298.20076
298.20076
298.20076
298.20076
298.20076
298.20076
298.20076
298.20076
298.20076
298.20076
298.20076
298.20076
298.20076
298.20076
298.20076
298.20076
298.20076
298.20076
298.20076
298.20091
298.20091
298.20091
298.20091
298.20091
298.20091
298.20091
298.20091
298.20091
298.20091
298.20091
298.20091
298.20091
298.20091
298.20091
298.20091
298.20091
298.20091
298.20091
298.20091
298.20091
298.20091
298.20091
298.20091
298.20091
298.20091
298.20091
298.20091
298.20091
298.20091
298.20091
298.20091
298.20091
298.20091
298.20091
298.20091
298.20104
298.20104
298.20104
298.20104
298.20104
298.20104
298.20104
298.20104
298.20104
298.20104
298.20104
298.20104
298.20104
298.20104
298.20104
298.20104
298.20104
298.20104
298.20104
298.20104
298.20104
298.20104
298.20104
298.20104
298.20104
298.20104
298.20104
298.20104
298.20104
298.20104
298.20104
298.20104
298.20104
298.20104
298.20104
298.20104
298.20116
298.20116
298.20116
298.20116
298.20115
298.20116
298.20116
298.20116
298.20116
298.20116
298.20116
298.20116
298.20116
298.20115
298.20116
298.20116
298.20116
298.20116
298.20116
298.20116
298.20116
298.20116
298.20115
298.20116
298.20116
298.20116
298.20116
298.20116
298.20116
298.20116
298.20116
298.20115
298.20116
298.20116
298.20116
298.20116
298.20126
298.20126
298.20126
298.20126
298.20126
298.20126
298.20126
298.20126
298.20126
298.20126
298.20126
298.20126
298.20126
298.20126
298.20126
298.20126
298.20126
298.20126
298.20126
298.20126
298.20126
298.20126
298.20126
298.20126
298.20126
298.20126
298.20126
298.20126
298.20126
298.20126
298.20126
298.20126
298.20126
298.20126
298.20126
298.20126
298.20136
298.20136
298.20136
298.20136
298.20136
298.20136
298.20136
298.20136
298.20136
298.20136
298.20136
298.20136
298.20136
298.20136
298.20136
298.20136
298.20136
298.20136
298.20136
298.20136
298.20136
298.20136
298.20136
298.20136
298.20136
298.20136
298.20136
298.20136
298.20136
298.20136
298.20136
298.20136
298.20136
298.20136
298.20136
298.20136
298.20146
298.20146
298.20146
298.20146
298.20146
298.20146
298.20146
298.20146
298.20146
298.20146
298.20146
298.20146
298.20146
298.20146
298.20146
298.20146
298.20146
298.20146
298.20146
298.20146
298.20146
298.20146
298.20146
298.20146
298.20146
298.20146
298.20146
298.20146
298.20146
298.20146
298.20146
298.20146
298.20146
298.20146
298.20146
298.20146
298.20154
298.20154
298.20154
298.20154
298.20154
298.20154
298.20154
298.20154
298.20154
298.20154
298.20154
298.20154
298.20154
298.20154
298.20154
298.20154
298.20154
298.20154
298.20154
298.20154
298.20154
298.20154
298.20154
298.20154
298.20154
298.20154
298.20154
298.20154
298.20154
298.20154
298.20154
298.20154
298.20154
298.20154
298.20154
298.20154
298.20163
298.20163
298.20163
298.20163
298.20163
298.20163
298.20163
298.20163
298.20163
298.20163
298.20163
298.20163
298.20163
298.20163
298.20163
298.20163
298.20163
298.20163
298.20163
298.20163
298.20163
298.20163
298.20163
298.20163
298.20163
298.20163
298.20163
298.20163
298.20163
298.20163
298.20163
298.20163
298.20163
298.20163
298.20163
298.20163
298.20169
298.20169
298.20169
298.20169
298.20169
298.20169
298.20169
298.20169
298.20169
298.20169
298.20169
298.20169
298.20169
298.20169
298.20169
298.20169
298.20169
298.20169
298.20169
298.20169
298.20169
298.20169
298.20169
298.20169
298.20169
298.20169
298.20169
298.20169
298.20169
298.20169
298.20169
298.20169
298.20169
298.20169
298.20169
298.20169
298.20173
298.20173
298.20173
298.20173
298.20173
298.20173
298.20173
298.20173
298.20173
298.20173
298.20173
298.20173
298.20173
298.20173
298.20173
298.20173
298.20173
298.20173
298.20173
298.20173
298.20173
298.20173
298.20173
298.20173
298.20173
298.20173
298.20173
298.20173
298.20173
298.20173
298.20173
298.20173
298.20173
298.20173
298.20173
298.20173
298.20176
298.20176
298.20176
298.20176
298.20176
298.20176
298.20176
298.20176
298.20176
298.20176
298.20176
298.20176
298.20176
298.20176
298.20176
298.20176
298.20176
298.20176
298.20176
298.20176
298.20176
298.20176
298.20176
298.20176
298.20176
298.20176
298.20176
298.20176
298.20176
298.20176
298.20176
298.20176
298.20176
298.20176
298.20176
298.20176
298.20177
298.20177
298.20177
298.20177
298.20177
298.20177
298.20177
298.20177
298.20177
298.20177
298.20177
298.20177
298.20177
298.20177
298.20177
298.20177
298.20177
298.20177
298.20177
298.20177
298.20177
298.20177
298.20177
298.20177
298.20177
298.20177
298.20177
298.20177
298.20177
298.20177
298.20177
298.20177
298.20177
298.20177
298.20177
298.20177
298.20176
298.20176
298.20176
298.20176
298.20176
298.20176
298.20176
298.20176
298.20176
298.20176
298.20176
298.20176
298.20176
298.20176
298.20176
298.20176
298.20176
298.20176
298.20176
298.20176
298.20176
298.20176
298.20176
298.20176
298.20176
298.20176
298.20176
298.20176
298.20176
298.20176
298.20176
298.20176
298.20176
298.20176
298.20176
298.20176
298.20174
298.20174
298.20174
298.20174
298.20174
298.20174
298.20174
298.20174
298.20174
298.20174
298.20174
298.20174
298.20174
298.20174
298.20174
298.20174
298.20174
298.20174
298.20174
298.20174
298.20174
298.20174
298.20174
298.20174
298.20174
298.20174
298.20174
298.20174
298.20174
298.20174
298.20174
298.20174
298.20174
298.20174
298.20174
298.20174
298.20174
298.20174
298.20174
298.20174
298.20174
298.20174
298.20174
298.20174
298.20174
298.20174
298.20174
298.20174
298.20174
298.20174
298.20174
298.20174
298.20174
298.20174
298.20174
298.20174
298.20174
298.20174
298.20174
298.20174
298.20174
298.20174
298.20174
298.20174
298.20174
298.20174
298.20174
298.20174
298.20174
298.20174
298.20174
298.20174
)
;
        refGradient     uniform 0;
        valueFraction   nonuniform List<scalar> 
2520
(
0.91236137
0.91236131
0.91236135
0.91236136
0.91236138
0.91236136
0.91236135
0.91236131
0.91236137
0.91236137
0.91236131
0.91236135
0.91236136
0.91236138
0.91236136
0.91236135
0.91236131
0.91236137
0.91236137
0.91236131
0.91236135
0.91236136
0.91236138
0.91236136
0.91236135
0.91236131
0.91236137
0.91236137
0.91236131
0.91236135
0.91236136
0.91236138
0.91236136
0.91236135
0.91236131
0.91236137
0.91236181
0.91236175
0.9123618
0.91236181
0.91236182
0.91236181
0.9123618
0.91236175
0.91236181
0.91236181
0.91236175
0.9123618
0.91236181
0.91236182
0.91236181
0.9123618
0.91236175
0.91236181
0.91236181
0.91236175
0.9123618
0.91236181
0.91236182
0.91236181
0.9123618
0.91236175
0.91236181
0.91236181
0.91236175
0.9123618
0.91236181
0.91236182
0.91236181
0.9123618
0.91236175
0.91236181
0.91236295
0.91236289
0.91236293
0.91236294
0.91236295
0.91236294
0.91236293
0.91236289
0.91236295
0.91236295
0.91236289
0.91236293
0.91236294
0.91236295
0.91236294
0.91236293
0.91236289
0.91236295
0.91236295
0.91236289
0.91236293
0.91236294
0.91236295
0.91236294
0.91236293
0.91236289
0.91236295
0.91236295
0.91236289
0.91236293
0.91236294
0.91236295
0.91236294
0.91236293
0.91236289
0.91236295
0.91236412
0.91236406
0.91236411
0.91236412
0.91236413
0.91236412
0.91236411
0.91236406
0.91236412
0.91236412
0.91236406
0.91236411
0.91236412
0.91236413
0.91236412
0.91236411
0.91236406
0.91236412
0.91236412
0.91236406
0.91236411
0.91236412
0.91236413
0.91236412
0.91236411
0.91236406
0.91236412
0.91236412
0.91236406
0.91236411
0.91236412
0.91236413
0.91236412
0.91236411
0.91236406
0.91236412
0.91236526
0.9123652
0.91236525
0.91236526
0.91236527
0.91236526
0.91236525
0.9123652
0.91236526
0.91236526
0.9123652
0.91236525
0.91236526
0.91236527
0.91236526
0.91236525
0.9123652
0.91236526
0.91236526
0.9123652
0.91236525
0.91236526
0.91236527
0.91236526
0.91236525
0.9123652
0.91236526
0.91236526
0.9123652
0.91236525
0.91236526
0.91236527
0.91236526
0.91236525
0.9123652
0.91236526
0.91236638
0.91236632
0.91236636
0.91236637
0.91236638
0.91236637
0.91236636
0.91236632
0.91236638
0.91236638
0.91236632
0.91236636
0.91236637
0.91236638
0.91236637
0.91236636
0.91236632
0.91236638
0.91236638
0.91236632
0.91236636
0.91236637
0.91236638
0.91236637
0.91236636
0.91236632
0.91236638
0.91236638
0.91236632
0.91236636
0.91236637
0.91236638
0.91236637
0.91236636
0.91236632
0.91236638
0.91236747
0.91236741
0.91236745
0.91236746
0.91236747
0.91236746
0.91236745
0.91236741
0.91236747
0.91236747
0.91236741
0.91236745
0.91236746
0.91236747
0.91236746
0.91236745
0.91236741
0.91236747
0.91236747
0.91236741
0.91236745
0.91236746
0.91236747
0.91236746
0.91236745
0.91236741
0.91236747
0.91236747
0.91236741
0.91236745
0.91236746
0.91236747
0.91236746
0.91236745
0.91236741
0.91236747
0.91236854
0.91236848
0.91236853
0.91236853
0.91236855
0.91236853
0.91236853
0.91236848
0.91236854
0.91236854
0.91236848
0.91236853
0.91236853
0.91236855
0.91236853
0.91236853
0.91236848
0.91236854
0.91236854
0.91236848
0.91236853
0.91236853
0.91236855
0.91236853
0.91236853
0.91236848
0.91236854
0.91236854
0.91236848
0.91236853
0.91236853
0.91236855
0.91236853
0.91236853
0.91236848
0.91236854
0.9123696
0.91236953
0.91236958
0.91236959
0.9123696
0.91236959
0.91236958
0.91236953
0.9123696
0.9123696
0.91236953
0.91236958
0.91236959
0.9123696
0.91236959
0.91236958
0.91236953
0.9123696
0.9123696
0.91236953
0.91236958
0.91236959
0.9123696
0.91236959
0.91236958
0.91236953
0.9123696
0.9123696
0.91236953
0.91236958
0.91236959
0.9123696
0.91236959
0.91236958
0.91236953
0.9123696
0.91237064
0.91237058
0.91237062
0.91237063
0.91237065
0.91237063
0.91237062
0.91237058
0.91237064
0.91237064
0.91237058
0.91237062
0.91237063
0.91237065
0.91237063
0.91237062
0.91237058
0.91237064
0.91237064
0.91237058
0.91237062
0.91237063
0.91237065
0.91237063
0.91237062
0.91237058
0.91237064
0.91237064
0.91237058
0.91237062
0.91237063
0.91237065
0.91237063
0.91237062
0.91237058
0.91237064
0.91237167
0.91237161
0.91237165
0.91237166
0.91237168
0.91237166
0.91237165
0.91237161
0.91237167
0.91237167
0.91237161
0.91237165
0.91237166
0.91237168
0.91237166
0.91237165
0.91237161
0.91237167
0.91237167
0.91237161
0.91237165
0.91237166
0.91237168
0.91237166
0.91237165
0.91237161
0.91237167
0.91237167
0.91237161
0.91237165
0.91237166
0.91237168
0.91237166
0.91237165
0.91237161
0.91237167
0.91237269
0.91237263
0.91237267
0.91237268
0.91237269
0.91237268
0.91237267
0.91237263
0.91237269
0.91237269
0.91237263
0.91237267
0.91237268
0.91237269
0.91237268
0.91237267
0.91237263
0.91237269
0.91237269
0.91237263
0.91237267
0.91237268
0.91237269
0.91237268
0.91237267
0.91237263
0.91237269
0.91237269
0.91237263
0.91237267
0.91237268
0.91237269
0.91237268
0.91237267
0.91237263
0.91237269
0.9123737
0.91237363
0.91237368
0.91237369
0.9123737
0.91237369
0.91237368
0.91237363
0.9123737
0.9123737
0.91237363
0.91237368
0.91237369
0.9123737
0.91237369
0.91237368
0.91237363
0.9123737
0.9123737
0.91237363
0.91237368
0.91237369
0.9123737
0.91237369
0.91237368
0.91237363
0.9123737
0.9123737
0.91237363
0.91237368
0.91237369
0.9123737
0.91237369
0.91237368
0.91237363
0.9123737
0.91237469
0.91237463
0.91237468
0.91237469
0.9123747
0.91237469
0.91237468
0.91237463
0.91237469
0.91237469
0.91237463
0.91237468
0.91237469
0.9123747
0.91237469
0.91237468
0.91237463
0.91237469
0.91237469
0.91237463
0.91237468
0.91237469
0.9123747
0.91237469
0.91237468
0.91237463
0.91237469
0.91237469
0.91237463
0.91237468
0.91237469
0.9123747
0.91237469
0.91237468
0.91237463
0.91237469
0.91237568
0.91237562
0.91237567
0.91237568
0.91237569
0.91237568
0.91237567
0.91237562
0.91237568
0.91237568
0.91237562
0.91237567
0.91237568
0.91237569
0.91237568
0.91237567
0.91237562
0.91237568
0.91237568
0.91237562
0.91237567
0.91237568
0.91237569
0.91237568
0.91237567
0.91237562
0.91237568
0.91237568
0.91237562
0.91237567
0.91237568
0.91237569
0.91237568
0.91237567
0.91237562
0.91237568
0.91237666
0.9123766
0.91237665
0.91237666
0.91237667
0.91237666
0.91237665
0.9123766
0.91237666
0.91237666
0.9123766
0.91237665
0.91237666
0.91237667
0.91237666
0.91237665
0.9123766
0.91237666
0.91237666
0.9123766
0.91237665
0.91237666
0.91237667
0.91237666
0.91237665
0.9123766
0.91237666
0.91237666
0.9123766
0.91237665
0.91237666
0.91237667
0.91237666
0.91237665
0.9123766
0.91237666
0.91237764
0.91237757
0.91237762
0.91237763
0.91237764
0.91237763
0.91237762
0.91237757
0.91237764
0.91237764
0.91237757
0.91237762
0.91237763
0.91237764
0.91237763
0.91237762
0.91237757
0.91237764
0.91237764
0.91237757
0.91237762
0.91237763
0.91237764
0.91237763
0.91237762
0.91237757
0.91237764
0.91237764
0.91237757
0.91237762
0.91237763
0.91237764
0.91237763
0.91237762
0.91237757
0.91237764
0.9123786
0.91237854
0.91237859
0.9123786
0.91237861
0.9123786
0.91237859
0.91237854
0.9123786
0.9123786
0.91237854
0.91237859
0.9123786
0.91237861
0.9123786
0.91237859
0.91237854
0.9123786
0.9123786
0.91237854
0.91237859
0.9123786
0.91237861
0.9123786
0.91237859
0.91237854
0.9123786
0.9123786
0.91237854
0.91237859
0.9123786
0.91237861
0.9123786
0.91237859
0.91237854
0.9123786
0.91237956
0.9123795
0.91237955
0.91237956
0.91237957
0.91237956
0.91237955
0.9123795
0.91237956
0.91237956
0.9123795
0.91237955
0.91237956
0.91237957
0.91237956
0.91237955
0.9123795
0.91237956
0.91237956
0.9123795
0.91237955
0.91237956
0.91237957
0.91237956
0.91237955
0.9123795
0.91237956
0.91237956
0.9123795
0.91237955
0.91237956
0.91237957
0.91237956
0.91237955
0.9123795
0.91237956
0.91238052
0.91238046
0.91238051
0.91238052
0.91238053
0.91238052
0.91238051
0.91238046
0.91238052
0.91238052
0.91238046
0.91238051
0.91238052
0.91238053
0.91238052
0.91238051
0.91238046
0.91238052
0.91238052
0.91238046
0.91238051
0.91238052
0.91238053
0.91238052
0.91238051
0.91238046
0.91238052
0.91238052
0.91238046
0.91238051
0.91238052
0.91238053
0.91238052
0.91238051
0.91238046
0.91238052
0.91238148
0.91238142
0.91238147
0.91238148
0.91238149
0.91238148
0.91238147
0.91238142
0.91238148
0.91238148
0.91238142
0.91238147
0.91238148
0.91238149
0.91238148
0.91238147
0.91238142
0.91238148
0.91238148
0.91238142
0.91238147
0.91238148
0.91238149
0.91238148
0.91238147
0.91238142
0.91238148
0.91238148
0.91238142
0.91238147
0.91238148
0.91238149
0.91238148
0.91238147
0.91238142
0.91238148
0.91238246
0.9123824
0.91238245
0.91238246
0.91238247
0.91238246
0.91238245
0.9123824
0.91238246
0.91238246
0.9123824
0.91238245
0.91238246
0.91238247
0.91238246
0.91238245
0.9123824
0.91238246
0.91238246
0.9123824
0.91238245
0.91238246
0.91238247
0.91238246
0.91238245
0.9123824
0.91238246
0.91238246
0.9123824
0.91238245
0.91238246
0.91238247
0.91238246
0.91238245
0.9123824
0.91238246
0.9123834
0.91238334
0.91238339
0.9123834
0.91238341
0.9123834
0.91238339
0.91238334
0.9123834
0.9123834
0.91238334
0.91238339
0.9123834
0.91238341
0.9123834
0.91238339
0.91238334
0.9123834
0.9123834
0.91238334
0.91238339
0.9123834
0.91238341
0.9123834
0.91238339
0.91238334
0.9123834
0.9123834
0.91238334
0.91238339
0.9123834
0.91238341
0.9123834
0.91238339
0.91238334
0.9123834
0.91238432
0.91238426
0.9123843
0.91238431
0.91238432
0.91238431
0.9123843
0.91238426
0.91238432
0.91238432
0.91238426
0.9123843
0.91238431
0.91238432
0.91238431
0.9123843
0.91238426
0.91238432
0.91238432
0.91238426
0.9123843
0.91238431
0.91238432
0.91238431
0.9123843
0.91238426
0.91238432
0.91238432
0.91238426
0.9123843
0.91238431
0.91238432
0.91238431
0.9123843
0.91238426
0.91238432
0.91238521
0.91238515
0.9123852
0.91238521
0.91238522
0.91238521
0.9123852
0.91238515
0.91238521
0.91238521
0.91238515
0.9123852
0.91238521
0.91238522
0.91238521
0.9123852
0.91238515
0.91238521
0.91238521
0.91238515
0.9123852
0.91238521
0.91238522
0.91238521
0.9123852
0.91238515
0.91238521
0.91238521
0.91238515
0.9123852
0.91238521
0.91238522
0.91238521
0.9123852
0.91238515
0.91238521
0.91238609
0.91238603
0.91238608
0.91238609
0.9123861
0.91238609
0.91238608
0.91238603
0.91238609
0.91238609
0.91238603
0.91238608
0.91238609
0.9123861
0.91238609
0.91238608
0.91238603
0.91238609
0.91238609
0.91238603
0.91238608
0.91238609
0.9123861
0.91238609
0.91238608
0.91238603
0.91238609
0.91238609
0.91238603
0.91238608
0.91238609
0.9123861
0.91238609
0.91238608
0.91238603
0.91238609
0.91238695
0.91238689
0.91238694
0.91238695
0.91238696
0.91238695
0.91238694
0.91238689
0.91238695
0.91238695
0.91238689
0.91238694
0.91238695
0.91238696
0.91238695
0.91238694
0.91238689
0.91238695
0.91238695
0.91238689
0.91238694
0.91238695
0.91238696
0.91238695
0.91238694
0.91238689
0.91238695
0.91238695
0.91238689
0.91238694
0.91238695
0.91238696
0.91238695
0.91238694
0.91238689
0.91238695
0.9123878
0.91238774
0.91238778
0.91238779
0.9123878
0.91238779
0.91238778
0.91238774
0.9123878
0.9123878
0.91238774
0.91238778
0.91238779
0.9123878
0.91238779
0.91238778
0.91238774
0.9123878
0.9123878
0.91238774
0.91238778
0.91238779
0.9123878
0.91238779
0.91238778
0.91238774
0.9123878
0.9123878
0.91238774
0.91238778
0.91238779
0.9123878
0.91238779
0.91238778
0.91238774
0.9123878
0.91238863
0.91238857
0.91238861
0.91238862
0.91238863
0.91238862
0.91238861
0.91238857
0.91238863
0.91238863
0.91238857
0.91238861
0.91238862
0.91238863
0.91238862
0.91238861
0.91238857
0.91238863
0.91238863
0.91238857
0.91238861
0.91238862
0.91238863
0.91238862
0.91238861
0.91238857
0.91238863
0.91238863
0.91238857
0.91238861
0.91238862
0.91238863
0.91238862
0.91238861
0.91238857
0.91238863
0.91238944
0.91238938
0.91238943
0.91238944
0.91238945
0.91238944
0.91238943
0.91238938
0.91238944
0.91238944
0.91238938
0.91238943
0.91238944
0.91238945
0.91238944
0.91238943
0.91238938
0.91238944
0.91238944
0.91238938
0.91238943
0.91238944
0.91238945
0.91238944
0.91238943
0.91238938
0.91238944
0.91238944
0.91238938
0.91238943
0.91238944
0.91238945
0.91238944
0.91238943
0.91238938
0.91238944
0.91239025
0.91239018
0.91239023
0.91239024
0.91239025
0.91239024
0.91239023
0.91239018
0.91239025
0.91239025
0.91239018
0.91239023
0.91239024
0.91239025
0.91239024
0.91239023
0.91239018
0.91239025
0.91239025
0.91239018
0.91239023
0.91239024
0.91239025
0.91239024
0.91239023
0.91239018
0.91239025
0.91239025
0.91239018
0.91239023
0.91239024
0.91239025
0.91239024
0.91239023
0.91239018
0.91239025
0.91239103
0.91239097
0.91239102
0.91239103
0.91239104
0.91239103
0.91239102
0.91239097
0.91239103
0.91239103
0.91239097
0.91239102
0.91239103
0.91239104
0.91239103
0.91239102
0.91239097
0.91239103
0.91239103
0.91239097
0.91239102
0.91239103
0.91239104
0.91239103
0.91239102
0.91239097
0.91239103
0.91239103
0.91239097
0.91239102
0.91239103
0.91239104
0.91239103
0.91239102
0.91239097
0.91239103
0.91239181
0.91239175
0.9123918
0.9123918
0.91239182
0.9123918
0.9123918
0.91239175
0.91239181
0.91239181
0.91239175
0.9123918
0.9123918
0.91239182
0.9123918
0.9123918
0.91239175
0.91239181
0.91239181
0.91239175
0.9123918
0.9123918
0.91239182
0.9123918
0.9123918
0.91239175
0.91239181
0.91239181
0.91239175
0.9123918
0.9123918
0.91239182
0.9123918
0.9123918
0.91239175
0.91239181
0.91239257
0.91239251
0.91239256
0.91239257
0.91239258
0.91239257
0.91239256
0.91239251
0.91239257
0.91239257
0.91239251
0.91239256
0.91239257
0.91239258
0.91239257
0.91239256
0.91239251
0.91239257
0.91239257
0.91239251
0.91239256
0.91239257
0.91239258
0.91239257
0.91239256
0.91239251
0.91239257
0.91239257
0.91239251
0.91239256
0.91239257
0.91239258
0.91239257
0.91239256
0.91239251
0.91239257
0.91239333
0.91239327
0.91239331
0.91239332
0.91239334
0.91239332
0.91239331
0.91239327
0.91239333
0.91239333
0.91239327
0.91239331
0.91239332
0.91239334
0.91239332
0.91239331
0.91239327
0.91239333
0.91239333
0.91239327
0.91239331
0.91239332
0.91239334
0.91239332
0.91239331
0.91239327
0.91239333
0.91239333
0.91239327
0.91239331
0.91239332
0.91239334
0.91239332
0.91239331
0.91239327
0.91239333
0.91239408
0.91239402
0.91239406
0.91239407
0.91239409
0.91239407
0.91239406
0.91239402
0.91239408
0.91239408
0.91239402
0.91239406
0.91239407
0.91239409
0.91239407
0.91239406
0.91239402
0.91239408
0.91239408
0.91239402
0.91239406
0.91239407
0.91239409
0.91239407
0.91239406
0.91239402
0.91239408
0.91239408
0.91239402
0.91239406
0.91239407
0.91239409
0.91239407
0.91239406
0.91239402
0.91239408
0.91239484
0.91239478
0.91239482
0.91239483
0.91239484
0.91239483
0.91239482
0.91239478
0.91239484
0.91239484
0.91239478
0.91239482
0.91239483
0.91239484
0.91239483
0.91239482
0.91239478
0.91239484
0.91239484
0.91239478
0.91239482
0.91239483
0.91239484
0.91239483
0.91239482
0.91239478
0.91239484
0.91239484
0.91239478
0.91239482
0.91239483
0.91239484
0.91239483
0.91239482
0.91239478
0.91239484
0.91239556
0.9123955
0.91239554
0.91239555
0.91239556
0.91239555
0.91239554
0.9123955
0.91239556
0.91239556
0.9123955
0.91239554
0.91239555
0.91239556
0.91239555
0.91239554
0.9123955
0.91239556
0.91239556
0.9123955
0.91239554
0.91239555
0.91239556
0.91239555
0.91239554
0.9123955
0.91239556
0.91239556
0.9123955
0.91239554
0.91239555
0.91239556
0.91239555
0.91239554
0.9123955
0.91239556
0.91239625
0.91239619
0.91239623
0.91239624
0.91239626
0.91239624
0.91239623
0.91239619
0.91239625
0.91239625
0.91239619
0.91239623
0.91239624
0.91239626
0.91239624
0.91239623
0.91239619
0.91239625
0.91239625
0.91239619
0.91239623
0.91239624
0.91239626
0.91239624
0.91239623
0.91239619
0.91239625
0.91239625
0.91239619
0.91239623
0.91239624
0.91239626
0.91239624
0.91239623
0.91239619
0.91239625
0.91239692
0.91239686
0.9123969
0.91239691
0.91239692
0.91239691
0.9123969
0.91239686
0.91239692
0.91239692
0.91239686
0.9123969
0.91239691
0.91239692
0.91239691
0.9123969
0.91239686
0.91239692
0.91239692
0.91239686
0.9123969
0.91239691
0.91239692
0.91239691
0.9123969
0.91239686
0.91239692
0.91239692
0.91239686
0.9123969
0.91239691
0.91239692
0.91239691
0.9123969
0.91239686
0.91239692
0.91239756
0.9123975
0.91239755
0.91239756
0.91239757
0.91239756
0.91239755
0.9123975
0.91239756
0.91239756
0.9123975
0.91239755
0.91239756
0.91239757
0.91239756
0.91239755
0.9123975
0.91239756
0.91239756
0.9123975
0.91239755
0.91239756
0.91239757
0.91239756
0.91239755
0.9123975
0.91239756
0.91239756
0.9123975
0.91239755
0.91239756
0.91239757
0.91239756
0.91239755
0.9123975
0.91239756
0.91239819
0.91239813
0.91239818
0.91239819
0.9123982
0.91239819
0.91239818
0.91239813
0.91239819
0.91239819
0.91239813
0.91239818
0.91239819
0.9123982
0.91239819
0.91239818
0.91239813
0.91239819
0.91239819
0.91239813
0.91239818
0.91239819
0.9123982
0.91239819
0.91239818
0.91239813
0.91239819
0.91239819
0.91239813
0.91239818
0.91239819
0.9123982
0.91239819
0.91239818
0.91239813
0.91239819
0.9123988
0.91239874
0.91239878
0.91239879
0.91239881
0.91239879
0.91239878
0.91239874
0.9123988
0.9123988
0.91239874
0.91239878
0.91239879
0.91239881
0.91239879
0.91239878
0.91239874
0.9123988
0.9123988
0.91239874
0.91239878
0.91239879
0.91239881
0.91239879
0.91239878
0.91239874
0.9123988
0.9123988
0.91239874
0.91239878
0.91239879
0.91239881
0.91239879
0.91239878
0.91239874
0.9123988
0.91239939
0.91239933
0.91239937
0.91239938
0.9123994
0.91239938
0.91239937
0.91239933
0.91239939
0.91239939
0.91239933
0.91239937
0.91239938
0.9123994
0.91239938
0.91239937
0.91239933
0.91239939
0.91239939
0.91239933
0.91239937
0.91239938
0.9123994
0.91239938
0.91239937
0.91239933
0.91239939
0.91239939
0.91239933
0.91239937
0.91239938
0.9123994
0.91239938
0.91239937
0.91239933
0.91239939
0.91239996
0.9123999
0.91239995
0.91239995
0.91239997
0.91239995
0.91239995
0.9123999
0.91239996
0.91239996
0.9123999
0.91239995
0.91239995
0.91239997
0.91239995
0.91239995
0.9123999
0.91239996
0.91239996
0.9123999
0.91239995
0.91239995
0.91239997
0.91239995
0.91239995
0.9123999
0.91239996
0.91239996
0.9123999
0.91239995
0.91239995
0.91239997
0.91239995
0.91239995
0.9123999
0.91239996
0.91240051
0.91240045
0.9124005
0.91240051
0.91240052
0.91240051
0.9124005
0.91240045
0.91240051
0.91240051
0.91240045
0.9124005
0.91240051
0.91240052
0.91240051
0.9124005
0.91240045
0.91240051
0.91240051
0.91240045
0.9124005
0.91240051
0.91240052
0.91240051
0.9124005
0.91240045
0.91240051
0.91240051
0.91240045
0.9124005
0.91240051
0.91240052
0.91240051
0.9124005
0.91240045
0.91240051
0.91240106
0.91240099
0.91240104
0.91240105
0.91240106
0.91240105
0.91240104
0.91240099
0.91240106
0.91240106
0.91240099
0.91240104
0.91240105
0.91240106
0.91240105
0.91240104
0.91240099
0.91240106
0.91240106
0.91240099
0.91240104
0.91240105
0.91240106
0.91240105
0.91240104
0.91240099
0.91240106
0.91240106
0.91240099
0.91240104
0.91240105
0.91240106
0.91240105
0.91240104
0.91240099
0.91240106
0.91240159
0.91240153
0.91240157
0.91240158
0.9124016
0.91240158
0.91240157
0.91240153
0.91240159
0.91240159
0.91240153
0.91240157
0.91240158
0.9124016
0.91240158
0.91240157
0.91240153
0.91240159
0.91240159
0.91240153
0.91240157
0.91240158
0.9124016
0.91240158
0.91240157
0.91240153
0.91240159
0.91240159
0.91240153
0.91240157
0.91240158
0.9124016
0.91240158
0.91240157
0.91240153
0.91240159
0.91240209
0.91240203
0.91240208
0.91240209
0.9124021
0.91240209
0.91240208
0.91240203
0.91240209
0.91240209
0.91240203
0.91240208
0.91240209
0.9124021
0.91240209
0.91240208
0.91240203
0.91240209
0.91240209
0.91240203
0.91240208
0.91240209
0.9124021
0.91240209
0.91240208
0.91240203
0.91240209
0.91240209
0.91240203
0.91240208
0.91240209
0.9124021
0.91240209
0.91240208
0.91240203
0.91240209
0.91240257
0.91240251
0.91240256
0.91240257
0.91240258
0.91240257
0.91240256
0.91240251
0.91240257
0.91240257
0.91240251
0.91240256
0.91240257
0.91240258
0.91240257
0.91240256
0.91240251
0.91240257
0.91240257
0.91240251
0.91240256
0.91240257
0.91240258
0.91240257
0.91240256
0.91240251
0.91240257
0.91240257
0.91240251
0.91240256
0.91240257
0.91240258
0.91240257
0.91240256
0.91240251
0.91240257
0.91240303
0.91240296
0.91240301
0.91240302
0.91240303
0.91240302
0.91240301
0.91240296
0.91240303
0.91240303
0.91240296
0.91240301
0.91240302
0.91240303
0.91240302
0.91240301
0.91240296
0.91240303
0.91240303
0.91240296
0.91240301
0.91240302
0.91240303
0.91240302
0.91240301
0.91240296
0.91240303
0.91240303
0.91240296
0.91240301
0.91240302
0.91240303
0.91240302
0.91240301
0.91240296
0.91240303
0.91240346
0.9124034
0.91240345
0.91240346
0.91240347
0.91240346
0.91240345
0.9124034
0.91240346
0.91240346
0.9124034
0.91240345
0.91240346
0.91240347
0.91240346
0.91240345
0.9124034
0.91240346
0.91240346
0.9124034
0.91240345
0.91240346
0.91240347
0.91240346
0.91240345
0.9124034
0.91240346
0.91240346
0.9124034
0.91240345
0.91240346
0.91240347
0.91240346
0.91240345
0.9124034
0.91240346
0.91240388
0.91240382
0.91240386
0.91240387
0.91240389
0.91240387
0.91240386
0.91240382
0.91240388
0.91240388
0.91240382
0.91240386
0.91240387
0.91240389
0.91240387
0.91240386
0.91240382
0.91240388
0.91240388
0.91240382
0.91240386
0.91240387
0.91240389
0.91240387
0.91240386
0.91240382
0.91240388
0.91240388
0.91240382
0.91240386
0.91240387
0.91240389
0.91240387
0.91240386
0.91240382
0.91240388
0.91240428
0.91240422
0.91240426
0.91240427
0.91240428
0.91240427
0.91240426
0.91240422
0.91240428
0.91240428
0.91240422
0.91240426
0.91240427
0.91240428
0.91240427
0.91240426
0.91240422
0.91240428
0.91240428
0.91240422
0.91240426
0.91240427
0.91240428
0.91240427
0.91240426
0.91240422
0.91240428
0.91240428
0.91240422
0.91240426
0.91240427
0.91240428
0.91240427
0.91240426
0.91240422
0.91240428
0.91240466
0.9124046
0.91240465
0.91240466
0.91240467
0.91240466
0.91240465
0.9124046
0.91240466
0.91240466
0.9124046
0.91240465
0.91240466
0.91240467
0.91240466
0.91240465
0.9124046
0.91240466
0.91240466
0.9124046
0.91240465
0.91240466
0.91240467
0.91240466
0.91240465
0.9124046
0.91240466
0.91240466
0.9124046
0.91240465
0.91240466
0.91240467
0.91240466
0.91240465
0.9124046
0.91240466
0.91240504
0.91240498
0.91240503
0.91240504
0.91240505
0.91240504
0.91240503
0.91240498
0.91240504
0.91240504
0.91240498
0.91240503
0.91240504
0.91240505
0.91240504
0.91240503
0.91240498
0.91240504
0.91240504
0.91240498
0.91240503
0.91240504
0.91240505
0.91240504
0.91240503
0.91240498
0.91240504
0.91240504
0.91240498
0.91240503
0.91240504
0.91240505
0.91240504
0.91240503
0.91240498
0.91240504
0.91240538
0.91240532
0.91240537
0.91240538
0.91240539
0.91240538
0.91240537
0.91240532
0.91240538
0.91240538
0.91240532
0.91240537
0.91240538
0.91240539
0.91240538
0.91240537
0.91240532
0.91240538
0.91240538
0.91240532
0.91240537
0.91240538
0.91240539
0.91240538
0.91240537
0.91240532
0.91240538
0.91240538
0.91240532
0.91240537
0.91240538
0.91240539
0.91240538
0.91240537
0.91240532
0.91240538
0.91240569
0.91240563
0.91240568
0.91240569
0.9124057
0.91240569
0.91240568
0.91240563
0.91240569
0.91240569
0.91240563
0.91240568
0.91240569
0.9124057
0.91240569
0.91240568
0.91240563
0.91240569
0.91240569
0.91240563
0.91240568
0.91240569
0.9124057
0.91240569
0.91240568
0.91240563
0.91240569
0.91240569
0.91240563
0.91240568
0.91240569
0.9124057
0.91240569
0.91240568
0.91240563
0.91240569
0.91240598
0.91240592
0.91240597
0.91240597
0.91240599
0.91240597
0.91240597
0.91240592
0.91240598
0.91240598
0.91240592
0.91240597
0.91240597
0.91240599
0.91240597
0.91240597
0.91240592
0.91240598
0.91240598
0.91240592
0.91240597
0.91240597
0.91240599
0.91240597
0.91240597
0.91240592
0.91240598
0.91240598
0.91240592
0.91240597
0.91240597
0.91240599
0.91240597
0.91240597
0.91240592
0.91240598
0.91240624
0.91240618
0.91240623
0.91240624
0.91240625
0.91240624
0.91240623
0.91240618
0.91240624
0.91240624
0.91240618
0.91240623
0.91240624
0.91240625
0.91240624
0.91240623
0.91240618
0.91240624
0.91240624
0.91240618
0.91240623
0.91240624
0.91240625
0.91240624
0.91240623
0.91240618
0.91240624
0.91240624
0.91240618
0.91240623
0.91240624
0.91240625
0.91240624
0.91240623
0.91240618
0.91240624
0.91240648
0.91240642
0.91240647
0.91240648
0.91240649
0.91240648
0.91240647
0.91240642
0.91240648
0.91240648
0.91240642
0.91240647
0.91240648
0.91240649
0.91240648
0.91240647
0.91240642
0.91240648
0.91240648
0.91240642
0.91240647
0.91240648
0.91240649
0.91240648
0.91240647
0.91240642
0.91240648
0.91240648
0.91240642
0.91240647
0.91240648
0.91240649
0.91240648
0.91240647
0.91240642
0.91240648
0.91240671
0.91240664
0.91240669
0.9124067
0.91240671
0.9124067
0.91240669
0.91240664
0.91240671
0.91240671
0.91240664
0.91240669
0.9124067
0.91240671
0.9124067
0.91240669
0.91240664
0.91240671
0.91240671
0.91240664
0.91240669
0.9124067
0.91240671
0.9124067
0.91240669
0.91240664
0.91240671
0.91240671
0.91240664
0.91240669
0.9124067
0.91240671
0.9124067
0.91240669
0.91240664
0.91240671
0.91240693
0.91240687
0.91240692
0.91240693
0.91240694
0.91240693
0.91240692
0.91240687
0.91240693
0.91240693
0.91240687
0.91240692
0.91240693
0.91240694
0.91240693
0.91240692
0.91240687
0.91240693
0.91240693
0.91240687
0.91240692
0.91240693
0.91240694
0.91240693
0.91240692
0.91240687
0.91240693
0.91240693
0.91240687
0.91240692
0.91240693
0.91240694
0.91240693
0.91240692
0.91240687
0.91240693
0.91240709
0.91240703
0.91240708
0.91240709
0.9124071
0.91240709
0.91240708
0.91240703
0.91240709
0.91240709
0.91240703
0.91240708
0.91240709
0.9124071
0.91240709
0.91240708
0.91240703
0.91240709
0.91240709
0.91240703
0.91240708
0.91240709
0.9124071
0.91240709
0.91240708
0.91240703
0.91240709
0.91240709
0.91240703
0.91240708
0.91240709
0.9124071
0.91240709
0.91240708
0.91240703
0.91240709
0.91240721
0.91240714
0.91240719
0.9124072
0.91240721
0.9124072
0.91240719
0.91240714
0.91240721
0.91240721
0.91240714
0.91240719
0.9124072
0.91240721
0.9124072
0.91240719
0.91240714
0.91240721
0.91240721
0.91240714
0.91240719
0.9124072
0.91240721
0.9124072
0.91240719
0.91240714
0.91240721
0.91240721
0.91240714
0.91240719
0.9124072
0.91240721
0.9124072
0.91240719
0.91240714
0.91240721
0.91240728
0.91240722
0.91240726
0.91240727
0.91240728
0.91240727
0.91240726
0.91240722
0.91240728
0.91240728
0.91240722
0.91240726
0.91240727
0.91240728
0.91240727
0.91240726
0.91240722
0.91240728
0.91240728
0.91240722
0.91240726
0.91240727
0.91240728
0.91240727
0.91240726
0.91240722
0.91240728
0.91240728
0.91240722
0.91240726
0.91240727
0.91240728
0.91240727
0.91240726
0.91240722
0.91240728
0.9124073
0.91240724
0.91240729
0.9124073
0.91240731
0.9124073
0.91240729
0.91240724
0.9124073
0.9124073
0.91240724
0.91240729
0.9124073
0.91240731
0.9124073
0.91240729
0.91240724
0.9124073
0.9124073
0.91240724
0.91240729
0.9124073
0.91240731
0.9124073
0.91240729
0.91240724
0.9124073
0.9124073
0.91240724
0.91240729
0.9124073
0.91240731
0.9124073
0.91240729
0.91240724
0.9124073
0.91240728
0.91240722
0.91240727
0.91240728
0.91240729
0.91240728
0.91240727
0.91240722
0.91240728
0.91240728
0.91240722
0.91240727
0.91240728
0.91240729
0.91240728
0.91240727
0.91240722
0.91240728
0.91240728
0.91240722
0.91240727
0.91240728
0.91240729
0.91240728
0.91240727
0.91240722
0.91240728
0.91240728
0.91240722
0.91240727
0.91240728
0.91240729
0.91240728
0.91240727
0.91240722
0.91240728
0.91240722
0.91240716
0.91240721
0.91240722
0.91240723
0.91240722
0.91240721
0.91240716
0.91240722
0.91240722
0.91240716
0.91240721
0.91240722
0.91240723
0.91240722
0.91240721
0.91240716
0.91240722
0.91240722
0.91240716
0.91240721
0.91240722
0.91240723
0.91240722
0.91240721
0.91240716
0.91240722
0.91240722
0.91240716
0.91240721
0.91240722
0.91240723
0.91240722
0.91240721
0.91240716
0.91240722
0.91240716
0.9124071
0.91240714
0.91240715
0.91240717
0.91240715
0.91240714
0.9124071
0.91240716
0.91240716
0.9124071
0.91240714
0.91240715
0.91240717
0.91240715
0.91240714
0.9124071
0.91240716
0.91240716
0.9124071
0.91240714
0.91240715
0.91240717
0.91240715
0.91240714
0.9124071
0.91240716
0.91240716
0.9124071
0.91240714
0.91240715
0.91240717
0.91240715
0.91240714
0.9124071
0.91240716
)
;
        source          uniform 0;
        value           nonuniform List<scalar> 
2520
(
298.21467
298.21467
298.21467
298.21467
298.21467
298.21467
298.21467
298.21467
298.21467
298.21467
298.21467
298.21467
298.21467
298.21467
298.21467
298.21467
298.21467
298.21467
298.21467
298.21467
298.21467
298.21467
298.21467
298.21467
298.21467
298.21467
298.21467
298.21467
298.21467
298.21467
298.21467
298.21467
298.21467
298.21467
298.21467
298.21467
298.21926
298.21926
298.21926
298.21926
298.21926
298.21926
298.21926
298.21926
298.21926
298.21926
298.21926
298.21926
298.21926
298.21926
298.21926
298.21926
298.21926
298.21926
298.21926
298.21926
298.21926
298.21926
298.21926
298.21926
298.21926
298.21926
298.21926
298.21926
298.21926
298.21926
298.21926
298.21926
298.21926
298.21926
298.21926
298.21926
298.22069
298.22069
298.22069
298.22069
298.22069
298.22069
298.22069
298.22069
298.22069
298.22069
298.22069
298.22069
298.22069
298.22069
298.22069
298.22069
298.22069
298.22069
298.22069
298.22069
298.22069
298.22069
298.22069
298.22069
298.22069
298.22069
298.22069
298.22069
298.22069
298.22069
298.22069
298.22069
298.22069
298.22069
298.22069
298.22069
298.22167
298.22167
298.22167
298.22167
298.22167
298.22167
298.22167
298.22167
298.22167
298.22167
298.22167
298.22167
298.22167
298.22167
298.22167
298.22167
298.22167
298.22167
298.22167
298.22167
298.22167
298.22167
298.22167
298.22167
298.22167
298.22167
298.22167
298.22167
298.22167
298.22167
298.22167
298.22167
298.22167
298.22167
298.22167
298.22167
298.22256
298.22256
298.22256
298.22256
298.22256
298.22256
298.22256
298.22256
298.22256
298.22256
298.22256
298.22256
298.22256
298.22256
298.22256
298.22256
298.22256
298.22256
298.22256
298.22256
298.22256
298.22256
298.22256
298.22256
298.22256
298.22256
298.22256
298.22256
298.22256
298.22256
298.22256
298.22256
298.22256
298.22256
298.22256
298.22256
298.22342
298.22342
298.22342
298.22342
298.22342
298.22342
298.22342
298.22342
298.22342
298.22342
298.22342
298.22342
298.22342
298.22342
298.22342
298.22342
298.22342
298.22342
298.22342
298.22342
298.22342
298.22342
298.22342
298.22342
298.22342
298.22342
298.22342
298.22342
298.22342
298.22342
298.22342
298.22342
298.22342
298.22342
298.22342
298.22342
298.22427
298.22427
298.22427
298.22427
298.22427
298.22427
298.22427
298.22427
298.22427
298.22427
298.22427
298.22427
298.22427
298.22427
298.22427
298.22427
298.22427
298.22427
298.22427
298.22427
298.22427
298.22427
298.22427
298.22427
298.22427
298.22427
298.22427
298.22427
298.22427
298.22427
298.22427
298.22427
298.22427
298.22427
298.22427
298.22427
298.2251
298.2251
298.2251
298.2251
298.2251
298.2251
298.2251
298.2251
298.2251
298.2251
298.2251
298.2251
298.2251
298.2251
298.2251
298.2251
298.2251
298.2251
298.2251
298.2251
298.2251
298.2251
298.2251
298.2251
298.2251
298.2251
298.2251
298.2251
298.2251
298.2251
298.2251
298.2251
298.2251
298.2251
298.2251
298.2251
298.22591
298.22591
298.22591
298.22591
298.22591
298.22591
298.22591
298.22591
298.22591
298.22591
298.22591
298.22591
298.22591
298.22591
298.22591
298.22591
298.22591
298.22591
298.22591
298.22591
298.22591
298.22591
298.22591
298.22591
298.22591
298.22591
298.22591
298.22591
298.22591
298.22591
298.22591
298.22591
298.22591
298.22591
298.22591
298.22591
298.22672
298.22672
298.22672
298.22672
298.22672
298.22672
298.22672
298.22672
298.22672
298.22672
298.22672
298.22672
298.22672
298.22672
298.22672
298.22672
298.22672
298.22672
298.22672
298.22672
298.22672
298.22672
298.22672
298.22672
298.22672
298.22672
298.22672
298.22672
298.22672
298.22672
298.22672
298.22672
298.22672
298.22672
298.22672
298.22672
298.22752
298.22752
298.22752
298.22752
298.22752
298.22752
298.22752
298.22752
298.22752
298.22752
298.22752
298.22752
298.22752
298.22752
298.22752
298.22752
298.22752
298.22752
298.22752
298.22752
298.22752
298.22752
298.22752
298.22752
298.22752
298.22752
298.22752
298.22752
298.22752
298.22752
298.22752
298.22752
298.22752
298.22752
298.22752
298.22752
298.22831
298.22831
298.22831
298.22831
298.22831
298.22831
298.22831
298.22831
298.22831
298.22831
298.22831
298.22831
298.22831
298.22831
298.22831
298.22831
298.22831
298.22831
298.22831
298.22831
298.22831
298.22831
298.22831
298.22831
298.22831
298.22831
298.22831
298.22831
298.22831
298.22831
298.22831
298.22831
298.22831
298.22831
298.22831
298.22831
298.22909
298.22909
298.22909
298.22909
298.22909
298.22909
298.22909
298.22909
298.22909
298.22909
298.22909
298.22909
298.22909
298.22909
298.22909
298.22909
298.22909
298.22909
298.22909
298.22909
298.22909
298.22909
298.22909
298.22909
298.22909
298.22909
298.22909
298.22909
298.22909
298.22909
298.22909
298.22909
298.22909
298.22909
298.22909
298.22909
298.22986
298.22986
298.22986
298.22986
298.22986
298.22986
298.22986
298.22986
298.22986
298.22986
298.22986
298.22986
298.22986
298.22986
298.22986
298.22986
298.22986
298.22986
298.22986
298.22986
298.22986
298.22986
298.22986
298.22986
298.22986
298.22986
298.22986
298.22986
298.22986
298.22986
298.22986
298.22986
298.22986
298.22986
298.22986
298.22986
298.23062
298.23062
298.23062
298.23062
298.23062
298.23062
298.23062
298.23062
298.23062
298.23062
298.23062
298.23062
298.23062
298.23062
298.23062
298.23062
298.23062
298.23062
298.23062
298.23062
298.23062
298.23062
298.23062
298.23062
298.23062
298.23062
298.23062
298.23062
298.23062
298.23062
298.23062
298.23062
298.23062
298.23062
298.23062
298.23062
298.23138
298.23138
298.23138
298.23138
298.23138
298.23138
298.23138
298.23138
298.23138
298.23138
298.23138
298.23138
298.23138
298.23138
298.23138
298.23138
298.23138
298.23138
298.23138
298.23138
298.23138
298.23138
298.23138
298.23138
298.23138
298.23138
298.23138
298.23138
298.23138
298.23138
298.23138
298.23138
298.23138
298.23138
298.23138
298.23138
298.23214
298.23214
298.23214
298.23214
298.23214
298.23214
298.23214
298.23214
298.23214
298.23214
298.23214
298.23214
298.23214
298.23214
298.23214
298.23214
298.23214
298.23214
298.23214
298.23214
298.23214
298.23214
298.23214
298.23214
298.23214
298.23214
298.23214
298.23214
298.23214
298.23214
298.23214
298.23214
298.23214
298.23214
298.23214
298.23214
298.23288
298.23288
298.23288
298.23288
298.23288
298.23288
298.23288
298.23288
298.23288
298.23288
298.23288
298.23288
298.23288
298.23288
298.23288
298.23288
298.23288
298.23288
298.23288
298.23288
298.23288
298.23288
298.23288
298.23288
298.23288
298.23288
298.23288
298.23288
298.23288
298.23288
298.23288
298.23288
298.23288
298.23288
298.23288
298.23288
298.23363
298.23363
298.23363
298.23363
298.23363
298.23363
298.23363
298.23363
298.23363
298.23363
298.23363
298.23363
298.23363
298.23363
298.23363
298.23363
298.23363
298.23363
298.23363
298.23363
298.23363
298.23363
298.23363
298.23363
298.23363
298.23363
298.23363
298.23363
298.23363
298.23363
298.23363
298.23363
298.23363
298.23363
298.23363
298.23363
298.23437
298.23437
298.23437
298.23437
298.23437
298.23437
298.23437
298.23437
298.23437
298.23437
298.23437
298.23437
298.23437
298.23437
298.23437
298.23437
298.23437
298.23437
298.23437
298.23437
298.23437
298.23437
298.23437
298.23437
298.23437
298.23437
298.23437
298.23437
298.23437
298.23437
298.23437
298.23437
298.23437
298.23437
298.23437
298.23437
298.23511
298.23511
298.23511
298.23511
298.23511
298.23511
298.23511
298.23511
298.23511
298.23511
298.23511
298.23511
298.23511
298.23511
298.23511
298.23511
298.23511
298.23511
298.23511
298.23511
298.23511
298.23511
298.23511
298.23511
298.23511
298.23511
298.23511
298.23511
298.23511
298.23511
298.23511
298.23511
298.23511
298.23511
298.23511
298.23511
298.23587
298.23587
298.23587
298.23587
298.23587
298.23587
298.23587
298.23587
298.23587
298.23587
298.23587
298.23587
298.23587
298.23587
298.23587
298.23587
298.23587
298.23587
298.23587
298.23587
298.23587
298.23587
298.23587
298.23587
298.23587
298.23587
298.23587
298.23587
298.23587
298.23587
298.23587
298.23587
298.23587
298.23587
298.23587
298.23587
298.2366
298.2366
298.2366
298.2366
298.2366
298.2366
298.2366
298.2366
298.2366
298.2366
298.2366
298.2366
298.2366
298.2366
298.2366
298.2366
298.2366
298.2366
298.2366
298.2366
298.2366
298.2366
298.2366
298.2366
298.2366
298.2366
298.2366
298.2366
298.2366
298.2366
298.2366
298.2366
298.2366
298.2366
298.2366
298.2366
298.23731
298.23731
298.23731
298.23731
298.23731
298.23731
298.23731
298.23731
298.23731
298.23731
298.23731
298.23731
298.23731
298.23731
298.23731
298.23731
298.23731
298.23731
298.23731
298.23731
298.23731
298.23731
298.23731
298.23731
298.23731
298.23731
298.23731
298.23731
298.23731
298.23731
298.23731
298.23731
298.23731
298.23731
298.23731
298.23731
298.238
298.238
298.238
298.238
298.238
298.238
298.238
298.238
298.238
298.238
298.238
298.238
298.238
298.238
298.238
298.238
298.238
298.238
298.238
298.238
298.238
298.238
298.238
298.238
298.238
298.238
298.238
298.238
298.238
298.238
298.238
298.238
298.238
298.238
298.238
298.238
298.23868
298.23868
298.23868
298.23868
298.23868
298.23868
298.23868
298.23868
298.23868
298.23868
298.23868
298.23868
298.23868
298.23868
298.23868
298.23868
298.23868
298.23868
298.23868
298.23868
298.23868
298.23868
298.23868
298.23868
298.23868
298.23868
298.23868
298.23868
298.23868
298.23868
298.23868
298.23868
298.23868
298.23868
298.23868
298.23868
298.23934
298.23934
298.23934
298.23934
298.23934
298.23934
298.23934
298.23934
298.23934
298.23934
298.23934
298.23934
298.23934
298.23934
298.23934
298.23934
298.23934
298.23934
298.23934
298.23934
298.23934
298.23934
298.23934
298.23934
298.23934
298.23934
298.23934
298.23934
298.23934
298.23934
298.23934
298.23934
298.23934
298.23934
298.23934
298.23934
298.24
298.24
298.24
298.24
298.24
298.24
298.24
298.24
298.24
298.24
298.24
298.24
298.24
298.24
298.24
298.24
298.24
298.24
298.24
298.24
298.24
298.24
298.24
298.24
298.24
298.24
298.24
298.24
298.24
298.24
298.24
298.24
298.24
298.24
298.24
298.24
298.24064
298.24064
298.24064
298.24064
298.24064
298.24064
298.24064
298.24064
298.24064
298.24064
298.24064
298.24064
298.24064
298.24064
298.24064
298.24064
298.24064
298.24064
298.24064
298.24064
298.24064
298.24064
298.24064
298.24064
298.24064
298.24064
298.24064
298.24064
298.24064
298.24064
298.24064
298.24064
298.24064
298.24064
298.24064
298.24064
298.24127
298.24127
298.24127
298.24127
298.24127
298.24127
298.24127
298.24127
298.24127
298.24127
298.24127
298.24127
298.24127
298.24127
298.24127
298.24127
298.24127
298.24127
298.24127
298.24127
298.24127
298.24127
298.24127
298.24127
298.24127
298.24127
298.24127
298.24127
298.24127
298.24127
298.24127
298.24127
298.24127
298.24127
298.24127
298.24127
298.24189
298.24189
298.24189
298.24189
298.24189
298.24189
298.24189
298.24189
298.24189
298.24189
298.24189
298.24189
298.24189
298.24189
298.24189
298.24189
298.24189
298.24189
298.24189
298.24189
298.24189
298.24189
298.24189
298.24189
298.24189
298.24189
298.24189
298.24189
298.24189
298.24189
298.24189
298.24189
298.24189
298.24189
298.24189
298.24189
298.2425
298.2425
298.2425
298.2425
298.2425
298.2425
298.2425
298.2425
298.2425
298.2425
298.2425
298.2425
298.2425
298.2425
298.2425
298.2425
298.2425
298.2425
298.2425
298.2425
298.2425
298.2425
298.2425
298.2425
298.2425
298.2425
298.2425
298.2425
298.2425
298.2425
298.2425
298.2425
298.2425
298.2425
298.2425
298.2425
298.2431
298.2431
298.2431
298.2431
298.2431
298.2431
298.2431
298.2431
298.2431
298.2431
298.2431
298.2431
298.2431
298.2431
298.2431
298.2431
298.2431
298.2431
298.2431
298.2431
298.2431
298.2431
298.2431
298.2431
298.2431
298.2431
298.2431
298.2431
298.2431
298.2431
298.2431
298.2431
298.2431
298.2431
298.2431
298.2431
298.24369
298.24369
298.24369
298.24369
298.24369
298.24369
298.24369
298.24369
298.24369
298.24369
298.24369
298.24369
298.24369
298.24369
298.24369
298.24369
298.24369
298.24369
298.24369
298.24369
298.24369
298.24369
298.24369
298.24369
298.24369
298.24369
298.24369
298.24369
298.24369
298.24369
298.24369
298.24369
298.24369
298.24369
298.24369
298.24369
298.24428
298.24428
298.24428
298.24428
298.24428
298.24428
298.24428
298.24428
298.24428
298.24428
298.24428
298.24428
298.24428
298.24428
298.24428
298.24428
298.24428
298.24428
298.24428
298.24428
298.24428
298.24428
298.24428
298.24428
298.24428
298.24428
298.24428
298.24428
298.24428
298.24428
298.24428
298.24428
298.24428
298.24428
298.24428
298.24428
298.24486
298.24486
298.24486
298.24486
298.24486
298.24486
298.24486
298.24486
298.24486
298.24486
298.24486
298.24486
298.24486
298.24486
298.24486
298.24486
298.24486
298.24486
298.24486
298.24486
298.24486
298.24486
298.24486
298.24486
298.24486
298.24486
298.24486
298.24486
298.24486
298.24486
298.24486
298.24486
298.24486
298.24486
298.24486
298.24486
298.24545
298.24545
298.24545
298.24545
298.24545
298.24545
298.24545
298.24545
298.24545
298.24545
298.24545
298.24545
298.24545
298.24545
298.24545
298.24545
298.24545
298.24545
298.24545
298.24545
298.24545
298.24545
298.24545
298.24545
298.24545
298.24545
298.24545
298.24545
298.24545
298.24545
298.24545
298.24545
298.24545
298.24545
298.24545
298.24545
298.246
298.246
298.246
298.246
298.246
298.246
298.246
298.246
298.246
298.246
298.246
298.246
298.246
298.246
298.246
298.246
298.246
298.246
298.246
298.246
298.246
298.246
298.246
298.246
298.246
298.246
298.246
298.246
298.246
298.246
298.246
298.246
298.246
298.246
298.246
298.246
298.24654
298.24654
298.24654
298.24654
298.24654
298.24654
298.24654
298.24654
298.24654
298.24654
298.24654
298.24654
298.24654
298.24654
298.24654
298.24654
298.24654
298.24654
298.24654
298.24654
298.24654
298.24654
298.24654
298.24654
298.24654
298.24654
298.24654
298.24654
298.24654
298.24654
298.24654
298.24654
298.24654
298.24654
298.24654
298.24654
298.24706
298.24706
298.24706
298.24706
298.24706
298.24706
298.24706
298.24706
298.24706
298.24706
298.24706
298.24706
298.24706
298.24706
298.24706
298.24706
298.24706
298.24706
298.24706
298.24706
298.24706
298.24706
298.24706
298.24706
298.24706
298.24706
298.24706
298.24706
298.24706
298.24706
298.24706
298.24706
298.24706
298.24706
298.24706
298.24706
298.24756
298.24756
298.24756
298.24756
298.24756
298.24756
298.24756
298.24756
298.24756
298.24756
298.24756
298.24756
298.24756
298.24756
298.24756
298.24756
298.24756
298.24756
298.24756
298.24756
298.24756
298.24756
298.24756
298.24756
298.24756
298.24756
298.24756
298.24756
298.24756
298.24756
298.24756
298.24756
298.24756
298.24756
298.24756
298.24756
298.24804
298.24804
298.24804
298.24804
298.24804
298.24804
298.24804
298.24804
298.24804
298.24804
298.24804
298.24804
298.24804
298.24804
298.24804
298.24804
298.24804
298.24804
298.24804
298.24804
298.24804
298.24804
298.24804
298.24804
298.24804
298.24804
298.24804
298.24804
298.24804
298.24804
298.24804
298.24804
298.24804
298.24804
298.24804
298.24804
298.24851
298.24851
298.24851
298.24851
298.24851
298.24851
298.24851
298.24851
298.24851
298.24851
298.24851
298.24851
298.24851
298.24851
298.24851
298.24851
298.24851
298.24851
298.24851
298.24851
298.24851
298.24851
298.24851
298.24851
298.24851
298.24851
298.24851
298.24851
298.24851
298.24851
298.24851
298.24851
298.24851
298.24851
298.24851
298.24851
298.24897
298.24897
298.24897
298.24897
298.24897
298.24897
298.24897
298.24897
298.24897
298.24897
298.24897
298.24897
298.24897
298.24897
298.24897
298.24897
298.24897
298.24897
298.24897
298.24897
298.24897
298.24897
298.24897
298.24897
298.24897
298.24897
298.24897
298.24897
298.24897
298.24897
298.24897
298.24897
298.24897
298.24897
298.24897
298.24897
298.24941
298.24941
298.24941
298.24941
298.24941
298.24941
298.24941
298.24941
298.24941
298.24941
298.24941
298.24941
298.24941
298.24941
298.24941
298.24941
298.24941
298.24941
298.24941
298.24941
298.24941
298.24941
298.24941
298.24941
298.24941
298.24941
298.24941
298.24941
298.24941
298.24941
298.24941
298.24941
298.24941
298.24941
298.24941
298.24941
298.24984
298.24984
298.24984
298.24984
298.24984
298.24984
298.24984
298.24984
298.24984
298.24984
298.24984
298.24984
298.24984
298.24984
298.24984
298.24984
298.24984
298.24984
298.24984
298.24984
298.24984
298.24984
298.24984
298.24984
298.24984
298.24984
298.24984
298.24984
298.24984
298.24984
298.24984
298.24984
298.24984
298.24984
298.24984
298.24984
298.25026
298.25026
298.25026
298.25026
298.25026
298.25026
298.25026
298.25026
298.25026
298.25026
298.25026
298.25026
298.25026
298.25026
298.25026
298.25026
298.25026
298.25026
298.25026
298.25026
298.25026
298.25026
298.25026
298.25026
298.25026
298.25026
298.25026
298.25026
298.25026
298.25026
298.25026
298.25026
298.25026
298.25026
298.25026
298.25026
298.25067
298.25067
298.25067
298.25067
298.25067
298.25067
298.25067
298.25067
298.25067
298.25067
298.25067
298.25067
298.25067
298.25067
298.25067
298.25067
298.25067
298.25067
298.25067
298.25067
298.25067
298.25067
298.25067
298.25067
298.25067
298.25067
298.25067
298.25067
298.25067
298.25067
298.25067
298.25067
298.25067
298.25067
298.25067
298.25067
298.25106
298.25106
298.25106
298.25106
298.25106
298.25106
298.25106
298.25106
298.25106
298.25106
298.25106
298.25106
298.25106
298.25106
298.25106
298.25106
298.25106
298.25106
298.25106
298.25106
298.25106
298.25106
298.25106
298.25106
298.25106
298.25106
298.25106
298.25106
298.25106
298.25106
298.25106
298.25106
298.25106
298.25106
298.25106
298.25106
298.25143
298.25143
298.25143
298.25143
298.25143
298.25143
298.25143
298.25143
298.25143
298.25143
298.25143
298.25143
298.25143
298.25143
298.25143
298.25143
298.25143
298.25143
298.25143
298.25143
298.25143
298.25143
298.25143
298.25143
298.25143
298.25143
298.25143
298.25143
298.25143
298.25143
298.25143
298.25143
298.25143
298.25143
298.25143
298.25143
298.25178
298.25178
298.25178
298.25178
298.25178
298.25178
298.25178
298.25178
298.25178
298.25178
298.25178
298.25178
298.25178
298.25178
298.25178
298.25178
298.25178
298.25178
298.25178
298.25178
298.25178
298.25178
298.25178
298.25178
298.25178
298.25178
298.25178
298.25178
298.25178
298.25178
298.25178
298.25178
298.25178
298.25178
298.25178
298.25178
298.25212
298.25212
298.25212
298.25212
298.25212
298.25212
298.25212
298.25212
298.25212
298.25212
298.25212
298.25212
298.25212
298.25212
298.25212
298.25212
298.25212
298.25212
298.25212
298.25212
298.25212
298.25212
298.25212
298.25212
298.25212
298.25212
298.25212
298.25212
298.25212
298.25212
298.25212
298.25212
298.25212
298.25212
298.25212
298.25212
298.25244
298.25244
298.25244
298.25244
298.25244
298.25244
298.25244
298.25244
298.25244
298.25244
298.25244
298.25244
298.25244
298.25244
298.25244
298.25244
298.25244
298.25244
298.25244
298.25244
298.25244
298.25244
298.25244
298.25244
298.25244
298.25244
298.25244
298.25244
298.25244
298.25244
298.25244
298.25244
298.25244
298.25244
298.25244
298.25244
298.25275
298.25275
298.25275
298.25275
298.25275
298.25275
298.25275
298.25275
298.25275
298.25275
298.25275
298.25275
298.25275
298.25275
298.25275
298.25275
298.25275
298.25275
298.25275
298.25275
298.25275
298.25275
298.25275
298.25275
298.25275
298.25275
298.25275
298.25275
298.25275
298.25275
298.25275
298.25275
298.25275
298.25275
298.25275
298.25275
298.25305
298.25305
298.25305
298.25305
298.25305
298.25305
298.25305
298.25305
298.25305
298.25305
298.25305
298.25305
298.25305
298.25305
298.25305
298.25305
298.25305
298.25305
298.25305
298.25305
298.25305
298.25305
298.25305
298.25305
298.25305
298.25305
298.25305
298.25305
298.25305
298.25305
298.25305
298.25305
298.25305
298.25305
298.25305
298.25305
298.25334
298.25334
298.25334
298.25334
298.25334
298.25334
298.25334
298.25334
298.25334
298.25334
298.25334
298.25334
298.25334
298.25334
298.25334
298.25334
298.25334
298.25334
298.25334
298.25334
298.25334
298.25334
298.25334
298.25334
298.25334
298.25334
298.25334
298.25334
298.25334
298.25334
298.25334
298.25334
298.25334
298.25334
298.25334
298.25334
298.2536
298.2536
298.2536
298.2536
298.2536
298.2536
298.2536
298.2536
298.2536
298.2536
298.2536
298.2536
298.2536
298.2536
298.2536
298.2536
298.2536
298.2536
298.2536
298.2536
298.2536
298.2536
298.2536
298.2536
298.2536
298.2536
298.2536
298.2536
298.2536
298.2536
298.2536
298.2536
298.2536
298.2536
298.2536
298.2536
298.25385
298.25385
298.25385
298.25385
298.25385
298.25385
298.25385
298.25385
298.25385
298.25385
298.25385
298.25385
298.25385
298.25385
298.25385
298.25385
298.25385
298.25385
298.25385
298.25385
298.25385
298.25385
298.25385
298.25385
298.25385
298.25385
298.25385
298.25385
298.25385
298.25385
298.25385
298.25385
298.25385
298.25385
298.25385
298.25385
298.25407
298.25407
298.25407
298.25407
298.25407
298.25407
298.25407
298.25407
298.25407
298.25407
298.25407
298.25407
298.25407
298.25407
298.25407
298.25407
298.25407
298.25407
298.25407
298.25407
298.25407
298.25407
298.25407
298.25407
298.25407
298.25407
298.25407
298.25407
298.25407
298.25407
298.25407
298.25407
298.25407
298.25407
298.25407
298.25407
298.25427
298.25427
298.25427
298.25427
298.25427
298.25427
298.25427
298.25427
298.25427
298.25427
298.25427
298.25427
298.25427
298.25427
298.25427
298.25427
298.25427
298.25427
298.25427
298.25427
298.25427
298.25427
298.25427
298.25427
298.25427
298.25427
298.25427
298.25427
298.25427
298.25427
298.25427
298.25427
298.25427
298.25427
298.25427
298.25427
298.25446
298.25446
298.25446
298.25446
298.25446
298.25446
298.25446
298.25446
298.25446
298.25446
298.25446
298.25446
298.25446
298.25446
298.25446
298.25446
298.25446
298.25446
298.25446
298.25446
298.25446
298.25446
298.25446
298.25446
298.25446
298.25446
298.25446
298.25446
298.25446
298.25446
298.25446
298.25446
298.25446
298.25446
298.25446
298.25446
298.25463
298.25463
298.25463
298.25463
298.25463
298.25463
298.25463
298.25463
298.25463
298.25463
298.25463
298.25463
298.25463
298.25463
298.25463
298.25463
298.25463
298.25463
298.25463
298.25463
298.25463
298.25463
298.25463
298.25463
298.25463
298.25463
298.25463
298.25463
298.25463
298.25463
298.25463
298.25463
298.25463
298.25463
298.25463
298.25463
298.2548
298.2548
298.2548
298.2548
298.2548
298.2548
298.2548
298.2548
298.2548
298.2548
298.2548
298.2548
298.2548
298.2548
298.2548
298.2548
298.2548
298.2548
298.2548
298.2548
298.2548
298.2548
298.2548
298.2548
298.2548
298.2548
298.2548
298.2548
298.2548
298.2548
298.2548
298.2548
298.2548
298.2548
298.2548
298.2548
298.25493
298.25493
298.25493
298.25493
298.25493
298.25493
298.25493
298.25493
298.25493
298.25493
298.25493
298.25493
298.25493
298.25493
298.25493
298.25493
298.25493
298.25493
298.25493
298.25493
298.25493
298.25493
298.25493
298.25493
298.25493
298.25493
298.25493
298.25493
298.25493
298.25493
298.25493
298.25493
298.25493
298.25493
298.25493
298.25493
298.25502
298.25502
298.25502
298.25502
298.25502
298.25502
298.25502
298.25502
298.25502
298.25502
298.25502
298.25502
298.25502
298.25502
298.25502
298.25502
298.25502
298.25502
298.25502
298.25502
298.25502
298.25502
298.25502
298.25502
298.25502
298.25502
298.25502
298.25502
298.25502
298.25502
298.25502
298.25502
298.25502
298.25502
298.25502
298.25502
298.25507
298.25507
298.25507
298.25507
298.25507
298.25507
298.25507
298.25507
298.25507
298.25507
298.25507
298.25507
298.25507
298.25507
298.25507
298.25507
298.25507
298.25507
298.25507
298.25507
298.25507
298.25507
298.25507
298.25507
298.25507
298.25507
298.25507
298.25507
298.25507
298.25507
298.25507
298.25507
298.25507
298.25507
298.25507
298.25507
298.25509
298.25509
298.25509
298.25509
298.25509
298.25509
298.25509
298.25509
298.25509
298.25509
298.25509
298.25509
298.25509
298.25509
298.25509
298.25509
298.25509
298.25509
298.25509
298.25509
298.25509
298.25509
298.25509
298.25509
298.25509
298.25509
298.25509
298.25509
298.25509
298.25509
298.25509
298.25509
298.25509
298.25509
298.25509
298.25509
298.25508
298.25508
298.25508
298.25508
298.25508
298.25508
298.25508
298.25508
298.25508
298.25508
298.25508
298.25508
298.25508
298.25508
298.25508
298.25508
298.25508
298.25508
298.25508
298.25508
298.25508
298.25508
298.25508
298.25508
298.25508
298.25508
298.25508
298.25508
298.25508
298.25508
298.25508
298.25508
298.25508
298.25508
298.25508
298.25508
298.25503
298.25503
298.25503
298.25503
298.25503
298.25503
298.25503
298.25503
298.25503
298.25503
298.25503
298.25503
298.25503
298.25503
298.25503
298.25503
298.25503
298.25503
298.25503
298.25503
298.25503
298.25503
298.25503
298.25503
298.25503
298.25503
298.25503
298.25503
298.25503
298.25503
298.25503
298.25503
298.25503
298.25503
298.25503
298.25503
298.25501
298.25501
298.25501
298.25501
298.25501
298.25501
298.25501
298.25501
298.25501
298.25501
298.25501
298.25501
298.25501
298.25501
298.25501
298.25501
298.25501
298.25501
298.25501
298.25501
298.25501
298.25501
298.25501
298.25501
298.25501
298.25501
298.25501
298.25501
298.25501
298.25501
298.25501
298.25501
298.25501
298.25501
298.25501
298.25501
)
;
        logInterval     -1;
        writePrecision  8;
        updateHeader    1;
        writeToFile     0;
        useUserTime     1;
        kappaMethod     directionalSolidThermo;
        alphaAni        Anialpha;
    }
    jellyRoll_rotated_to_shell_rotated_bottom
    {
        type            compressible::turbulentTemperatureRadCoupledMixed;
        refValue        nonuniform List<scalar> 
432
(
298.15542
298.15542
298.15542
298.15542
298.15542
298.15542
298.15542
298.15542
298.15542
298.15542
298.15542
298.15542
298.15542
298.15542
298.15542
298.15542
298.15542
298.15542
298.15542
298.15542
298.15542
298.15542
298.15542
298.15542
298.15542
298.15542
298.15542
298.15542
298.15542
298.15542
298.15542
298.15542
298.15542
298.15542
298.15542
298.15542
298.15993
298.15993
298.15993
298.15993
298.15993
298.15993
298.15993
298.15993
298.15993
298.15993
298.15993
298.15993
298.15993
298.15993
298.15993
298.15993
298.15993
298.15993
298.15993
298.15993
298.15993
298.15993
298.15993
298.15993
298.15993
298.15993
298.15993
298.15993
298.15993
298.15993
298.15993
298.15993
298.15993
298.15993
298.15993
298.15993
298.16676
298.16676
298.16676
298.16676
298.16676
298.16676
298.16676
298.16676
298.16676
298.16676
298.16676
298.16676
298.16676
298.16676
298.16676
298.16676
298.16676
298.16676
298.16676
298.16676
298.16676
298.16676
298.16676
298.16676
298.16676
298.16676
298.16676
298.16676
298.16676
298.16676
298.16676
298.16676
298.16676
298.16676
298.16676
298.16676
298.1752
298.1752
298.1752
298.1752
298.1752
298.1752
298.1752
298.1752
298.1752
298.1752
298.1752
298.1752
298.1752
298.1752
298.1752
298.1752
298.1752
298.1752
298.1752
298.1752
298.1752
298.1752
298.1752
298.1752
298.1752
298.1752
298.1752
298.1752
298.1752
298.1752
298.1752
298.1752
298.1752
298.1752
298.1752
298.1752
298.1851
298.1851
298.1851
298.1851
298.1851
298.1851
298.1851
298.1851
298.1851
298.1851
298.1851
298.1851
298.1851
298.1851
298.1851
298.1851
298.1851
298.1851
298.1851
298.1851
298.1851
298.1851
298.1851
298.1851
298.1851
298.1851
298.1851
298.1851
298.1851
298.1851
298.1851
298.1851
298.1851
298.1851
298.1851
298.1851
298.19649
298.19649
298.19649
298.19649
298.19649
298.19649
298.19649
298.19649
298.19649
298.19649
298.19649
298.19649
298.19649
298.19649
298.19649
298.19649
298.19649
298.19649
298.19649
298.19649
298.19649
298.19649
298.19649
298.19649
298.19649
298.19649
298.19649
298.19649
298.19649
298.19649
298.19649
298.19649
298.19649
298.19649
298.19649
298.19649
298.20945
298.20945
298.20945
298.20945
298.20945
298.20945
298.20945
298.20945
298.20945
298.20945
298.20945
298.20945
298.20945
298.20945
298.20945
298.20945
298.20945
298.20945
298.20945
298.20945
298.20945
298.20945
298.20945
298.20945
298.20945
298.20945
298.20945
298.20945
298.20945
298.20945
298.20945
298.20945
298.20945
298.20945
298.20945
298.20945
298.224
298.224
298.224
298.224
298.224
298.224
298.224
298.224
298.224
298.224
298.224
298.224
298.224
298.224
298.224
298.224
298.224
298.224
298.224
298.224
298.224
298.224
298.224
298.224
298.224
298.224
298.224
298.224
298.224
298.224
298.224
298.224
298.224
298.224
298.224
298.224
298.2402
298.2402
298.2402
298.2402
298.2402
298.2402
298.2402
298.2402
298.2402
298.2402
298.2402
298.2402
298.2402
298.2402
298.2402
298.2402
298.2402
298.2402
298.2402
298.2402
298.2402
298.2402
298.2402
298.2402
298.2402
298.2402
298.2402
298.2402
298.2402
298.2402
298.2402
298.2402
298.2402
298.2402
298.2402
298.2402
298.25589
298.25589
298.25589
298.25589
298.25589
298.25589
298.25589
298.25589
298.25589
298.25589
298.25589
298.25589
298.25589
298.25589
298.25589
298.25589
298.25589
298.25589
298.25589
298.25589
298.25589
298.25589
298.25589
298.25589
298.25589
298.25589
298.25589
298.25589
298.25589
298.25589
298.25589
298.25589
298.25589
298.25589
298.25589
298.25589
298.2692
298.2692
298.2692
298.2692
298.2692
298.2692
298.2692
298.2692
298.2692
298.2692
298.2692
298.2692
298.2692
298.2692
298.2692
298.2692
298.2692
298.2692
298.2692
298.2692
298.2692
298.2692
298.2692
298.2692
298.2692
298.2692
298.2692
298.2692
298.2692
298.2692
298.2692
298.2692
298.2692
298.2692
298.2692
298.2692
298.27639
298.27639
298.27639
298.27639
298.27639
298.27639
298.27639
298.27639
298.27639
298.27639
298.27639
298.27639
298.27639
298.27639
298.27639
298.27639
298.27639
298.27639
298.27639
298.27639
298.27639
298.27639
298.27639
298.27639
298.27639
298.27639
298.27639
298.27639
298.27639
298.27639
298.27639
298.27639
298.27639
298.27639
298.27639
298.27639
)
;
        refGradient     uniform 0;
        valueFraction   nonuniform List<scalar> 
432
(
0.0070228973
0.0070228973
0.0070228973
0.0070228973
0.0070228973
0.0070228973
0.0070228973
0.0070228973
0.0070228973
0.0070228973
0.0070228973
0.0070228973
0.0070228973
0.0070228973
0.0070228973
0.0070228973
0.0070228973
0.0070228973
0.0070228973
0.0070228973
0.0070228973
0.0070228973
0.0070228973
0.0070228973
0.0070228973
0.0070228973
0.0070228973
0.0070228973
0.0070228973
0.0070228973
0.0070228973
0.0070228973
0.0070228973
0.0070228973
0.0070228973
0.0070228973
0.0070230186
0.0070230186
0.0070230186
0.0070230186
0.0070230186
0.0070230186
0.0070230186
0.0070230186
0.0070230186
0.0070230186
0.0070230186
0.0070230186
0.0070230186
0.0070230186
0.0070230186
0.0070230186
0.0070230186
0.0070230186
0.0070230186
0.0070230186
0.0070230186
0.0070230186
0.0070230186
0.0070230186
0.0070230186
0.0070230186
0.0070230186
0.0070230186
0.0070230186
0.0070230186
0.0070230186
0.0070230186
0.0070230186
0.0070230186
0.0070230186
0.0070230186
0.0070231606
0.0070231606
0.0070231606
0.0070231606
0.0070231606
0.0070231606
0.0070231606
0.0070231606
0.0070231606
0.0070231606
0.0070231606
0.0070231606
0.0070231606
0.0070231606
0.0070231606
0.0070231606
0.0070231606
0.0070231606
0.0070231606
0.0070231606
0.0070231606
0.0070231606
0.0070231606
0.0070231606
0.0070231606
0.0070231606
0.0070231606
0.0070231606
0.0070231606
0.0070231606
0.0070231606
0.0070231606
0.0070231606
0.0070231606
0.0070231606
0.0070231606
0.0070233259
0.0070233259
0.0070233259
0.0070233259
0.0070233259
0.0070233259
0.0070233259
0.0070233259
0.0070233259
0.0070233259
0.0070233259
0.0070233259
0.0070233259
0.0070233259
0.0070233259
0.0070233259
0.0070233259
0.0070233259
0.0070233259
0.0070233259
0.0070233259
0.0070233259
0.0070233259
0.0070233259
0.0070233259
0.0070233259
0.0070233259
0.0070233259
0.0070233259
0.0070233259
0.0070233259
0.0070233259
0.0070233259
0.0070233259
0.0070233259
0.0070233259
0.0070235164
0.0070235164
0.0070235164
0.0070235164
0.0070235164
0.0070235164
0.0070235164
0.0070235164
0.0070235164
0.0070235164
0.0070235164
0.0070235164
0.0070235164
0.0070235164
0.0070235164
0.0070235164
0.0070235164
0.0070235164
0.0070235164
0.0070235164
0.0070235164
0.0070235164
0.0070235164
0.0070235164
0.0070235164
0.0070235164
0.0070235164
0.0070235164
0.0070235164
0.0070235164
0.0070235164
0.0070235164
0.0070235164
0.0070235164
0.0070235164
0.0070235164
0.0070237334
0.0070237334
0.0070237334
0.0070237334
0.0070237334
0.0070237334
0.0070237334
0.0070237334
0.0070237334
0.0070237334
0.0070237334
0.0070237334
0.0070237334
0.0070237334
0.0070237334
0.0070237334
0.0070237334
0.0070237334
0.0070237334
0.0070237334
0.0070237334
0.0070237334
0.0070237334
0.0070237334
0.0070237334
0.0070237334
0.0070237334
0.0070237334
0.0070237334
0.0070237334
0.0070237334
0.0070237334
0.0070237334
0.0070237334
0.0070237334
0.0070237334
0.0070239777
0.0070239777
0.0070239777
0.0070239777
0.0070239777
0.0070239777
0.0070239777
0.0070239777
0.0070239777
0.0070239777
0.0070239777
0.0070239777
0.0070239777
0.0070239777
0.0070239777
0.0070239777
0.0070239777
0.0070239777
0.0070239777
0.0070239777
0.0070239777
0.0070239777
0.0070239777
0.0070239777
0.0070239777
0.0070239777
0.0070239777
0.0070239777
0.0070239777
0.0070239777
0.0070239777
0.0070239777
0.0070239777
0.0070239777
0.0070239777
0.0070239777
0.0070242495
0.0070242495
0.0070242495
0.0070242495
0.0070242495
0.0070242495
0.0070242495
0.0070242495
0.0070242495
0.0070242495
0.0070242495
0.0070242495
0.0070242495
0.0070242495
0.0070242495
0.0070242495
0.0070242495
0.0070242495
0.0070242495
0.0070242495
0.0070242495
0.0070242495
0.0070242495
0.0070242495
0.0070242495
0.0070242495
0.0070242495
0.0070242495
0.0070242495
0.0070242495
0.0070242495
0.0070242495
0.0070242495
0.0070242495
0.0070242495
0.0070242495
0.0070245515
0.0070245515
0.0070245515
0.0070245515
0.0070245515
0.0070245515
0.0070245515
0.0070245515
0.0070245515
0.0070245515
0.0070245515
0.0070245515
0.0070245515
0.0070245515
0.0070245515
0.0070245515
0.0070245515
0.0070245515
0.0070245515
0.0070245515
0.0070245515
0.0070245515
0.0070245515
0.0070245515
0.0070245515
0.0070245515
0.0070245515
0.0070245515
0.0070245515
0.0070245515
0.0070245515
0.0070245515
0.0070245515
0.0070245515
0.0070245515
0.0070245515
0.0070248371
0.0070248371
0.0070248371
0.0070248371
0.0070248371
0.0070248371
0.0070248371
0.0070248371
0.0070248371
0.0070248371
0.0070248371
0.0070248371
0.0070248371
0.0070248371
0.0070248371
0.0070248371
0.0070248371
0.0070248371
0.0070248371
0.0070248371
0.0070248371
0.0070248371
0.0070248371
0.0070248371
0.0070248371
0.0070248371
0.0070248371
0.0070248371
0.0070248371
0.0070248371
0.0070248371
0.0070248371
0.0070248371
0.0070248371
0.0070248371
0.0070248371
0.0070250753
0.0070250753
0.0070250753
0.0070250753
0.0070250753
0.0070250753
0.0070250753
0.0070250753
0.0070250753
0.0070250753
0.0070250753
0.0070250753
0.0070250753
0.0070250753
0.0070250753
0.0070250753
0.0070250753
0.0070250753
0.0070250753
0.0070250753
0.0070250753
0.0070250753
0.0070250753
0.0070250753
0.0070250753
0.0070250753
0.0070250753
0.0070250753
0.0070250753
0.0070250753
0.0070250753
0.0070250753
0.0070250753
0.0070250753
0.0070250753
0.0070250753
0.0070252008
0.0070252008
0.0070252008
0.0070252008
0.0070252008
0.0070252008
0.0070252008
0.0070252008
0.0070252008
0.0070252008
0.0070252008
0.0070252008
0.0070252008
0.0070252008
0.0070252008
0.0070252008
0.0070252008
0.0070252008
0.0070252008
0.0070252008
0.0070252008
0.0070252008
0.0070252008
0.0070252008
0.0070252008
0.0070252008
0.0070252008
0.0070252008
0.0070252008
0.0070252008
0.0070252008
0.0070252008
0.0070252008
0.0070252008
0.0070252008
0.0070252008
)
;
        source          uniform 0;
        value           nonuniform List<scalar> 
432
(
298.57905
298.57905
298.57905
298.57905
298.57905
298.57905
298.57905
298.57905
298.57905
298.57905
298.57905
298.57905
298.57905
298.57905
298.57905
298.57905
298.57905
298.57905
298.57905
298.57905
298.57905
298.57905
298.57905
298.57905
298.57905
298.57905
298.57905
298.57905
298.57905
298.57905
298.57905
298.57905
298.57905
298.57905
298.57905
298.57905
299.36091
299.36091
299.36091
299.36091
299.36091
299.36091
299.36091
299.36091
299.36091
299.36091
299.36091
299.36091
299.36091
299.36091
299.36091
299.36091
299.36091
299.36091
299.36091
299.36091
299.36091
299.36091
299.36091
299.36091
299.36091
299.36091
299.36091
299.36091
299.36091
299.36091
299.36091
299.36091
299.36091
299.36091
299.36091
299.36091
300.28323
300.28323
300.28323
300.28323
300.28323
300.28323
300.28323
300.28323
300.28323
300.28323
300.28323
300.28323
300.28323
300.28323
300.28323
300.28323
300.28323
300.28323
300.28323
300.28323
300.28323
300.28323
300.28323
300.28323
300.28323
300.28323
300.28323
300.28323
300.28323
300.28323
300.28323
300.28323
300.28323
300.28323
300.28323
300.28323
301.36406
301.36406
301.36406
301.36406
301.36406
301.36406
301.36406
301.36406
301.36406
301.36406
301.36406
301.36406
301.36406
301.36406
301.36406
301.36406
301.36406
301.36406
301.36406
301.36406
301.36406
301.36406
301.36406
301.36406
301.36406
301.36406
301.36406
301.36406
301.36406
301.36406
301.36406
301.36406
301.36406
301.36406
301.36406
301.36406
302.61978
302.61978
302.61978
302.61978
302.61978
302.61978
302.61978
302.61978
302.61978
302.61978
302.61978
302.61978
302.61978
302.61978
302.61978
302.61978
302.61978
302.61978
302.61978
302.61978
302.61978
302.61978
302.61978
302.61978
302.61978
302.61978
302.61978
302.61978
302.61978
302.61978
302.61978
302.61978
302.61978
302.61978
302.61978
302.61978
304.06392
304.06392
304.06392
304.06392
304.06392
304.06392
304.06392
304.06392
304.06392
304.06392
304.06392
304.06392
304.06392
304.06392
304.06392
304.06392
304.06392
304.06392
304.06392
304.06392
304.06392
304.06392
304.06392
304.06392
304.06392
304.06392
304.06392
304.06392
304.06392
304.06392
304.06392
304.06392
304.06392
304.06392
304.06392
304.06392
305.70581
305.70581
305.70581
305.70581
305.70581
305.70581
305.70581
305.70581
305.70581
305.70581
305.70581
305.70581
305.70581
305.70581
305.70581
305.70581
305.70581
305.70581
305.70581
305.70581
305.70581
305.70581
305.70581
305.70581
305.70581
305.70581
305.70581
305.70581
305.70581
305.70581
305.70581
305.70581
305.70581
305.70581
305.70581
305.70581
307.5509
307.5509
307.5509
307.5509
307.5509
307.5509
307.5509
307.5509
307.5509
307.5509
307.5509
307.5509
307.5509
307.5509
307.5509
307.5509
307.5509
307.5509
307.5509
307.5509
307.5509
307.5509
307.5509
307.5509
307.5509
307.5509
307.5509
307.5509
307.5509
307.5509
307.5509
307.5509
307.5509
307.5509
307.5509
307.5509
309.6096
309.6096
309.6096
309.6096
309.6096
309.6096
309.6096
309.6096
309.6096
309.6096
309.6096
309.6096
309.6096
309.6096
309.6096
309.6096
309.6096
309.6096
309.6096
309.6096
309.6096
309.6096
309.6096
309.6096
309.6096
309.6096
309.6096
309.6096
309.6096
309.6096
309.6096
309.6096
309.6096
309.6096
309.6096
309.6096
311.59791
311.59791
311.59791
311.59791
311.59791
311.59791
311.59791
311.59791
311.59791
311.59791
311.59791
311.59791
311.59791
311.59791
311.59791
311.59791
311.59791
311.59791
311.59791
311.59791
311.59791
311.59791
311.59791
311.59791
311.59791
311.59791
311.59791
311.59791
311.59791
311.59791
311.59791
311.59791
311.59791
311.59791
311.59791
311.59791
313.28573
313.28573
313.28573
313.28573
313.28573
313.28573
313.28573
313.28573
313.28573
313.28573
313.28573
313.28573
313.28573
313.28573
313.28573
313.28573
313.28573
313.28573
313.28573
313.28573
313.28573
313.28573
313.28573
313.28573
313.28573
313.28573
313.28573
313.28573
313.28573
313.28573
313.28573
313.28573
313.28573
313.28573
313.28573
313.28573
314.19521
314.19521
314.19521
314.19521
314.19521
314.19521
314.19521
314.19521
314.19521
314.19521
314.19521
314.19521
314.19521
314.19521
314.19521
314.19521
314.19521
314.19521
314.19521
314.19521
314.19521
314.19521
314.19521
314.19521
314.19521
314.19521
314.19521
314.19521
314.19521
314.19521
314.19521
314.19521
314.19521
314.19521
314.19521
314.19521
)
;
        logInterval     -1;
        thicknessLayers List<scalar> 1(0.0009023925);
        kappaLayers     List<scalar> 1(1);
        writePrecision  8;
        updateHeader    1;
        writeToFile     0;
        useUserTime     1;
        kappaMethod     directionalSolidThermo;
        alphaAni        Anialpha;
    }
}


// ************************************************************************* //
