solid Mesh_2
 facet normal 0 0 -1
  outer loop
   vertex 103.67 0.686781 250
   vertex 110 0 250
   vertex 109.886 -5.00661 250
  endloop
 endfacet
 facet normal 0 0 -1
  outer loop
   vertex 103.67 0.686781 250
   vertex 109.886 -5.00661 250
   vertex 104.182 -4.71241 250
  endloop
 endfacet
 facet normal 0 0 -1
  outer loop
   vertex 104.182 -4.71241 250
   vertex 109.886 -5.00661 250
   vertex 109.544 -10.0028 250
  endloop
 endfacet
 facet normal 0 -0 -1
  outer loop
   vertex 104.182 -4.71241 250
   vertex 109.544 -10.0028 250
   vertex 104.082 -9.66766 250
  endloop
 endfacet
 facet normal 0 0 -1
  outer loop
   vertex 104.082 -9.66766 250
   vertex 109.544 -10.0028 250
   vertex 108.976 -14.9783 250
  endloop
 endfacet
 facet normal 0 -0 -1
  outer loop
   vertex 104.082 -9.66766 250
   vertex 108.976 -14.9783 250
   vertex 103.621 -14.5159 250
  endloop
 endfacet
 facet normal 0 0 -1
  outer loop
   vertex 103.621 -14.5159 250
   vertex 108.976 -14.9783 250
   vertex 108.181 -19.9228 250
  endloop
 endfacet
 facet normal 0 -0 -1
  outer loop
   vertex 103.621 -14.5159 250
   vertex 108.181 -19.9228 250
   vertex 102.891 -19.3262 250
  endloop
 endfacet
 facet normal 0 0 -1
  outer loop
   vertex 102.891 -19.3262 250
   vertex 108.181 -19.9228 250
   vertex 107.162 -24.8259 250
  endloop
 endfacet
 facet normal 0 -0 -1
  outer loop
   vertex 102.891 -19.3262 250
   vertex 107.162 -24.8259 250
   vertex 101.916 -24.1059 250
  endloop
 endfacet
 facet normal 0 0 -1
  outer loop
   vertex 101.916 -24.1059 250
   vertex 107.162 -24.8259 250
   vertex 105.921 -29.6776 250
  endloop
 endfacet
 facet normal 0 -0 -1
  outer loop
   vertex 101.916 -24.1059 250
   vertex 105.921 -29.6776 250
   vertex 100.703 -28.8403 250
  endloop
 endfacet
 facet normal 0 0 -1
  outer loop
   vertex 100.703 -28.8403 250
   vertex 105.921 -29.6776 250
   vertex 104.46 -34.4678 250
  endloop
 endfacet
 facet normal 0 -0 -1
  outer loop
   vertex 100.703 -28.8403 250
   vertex 104.46 -34.4678 250
   vertex 99.2692 -33.525 250
  endloop
 endfacet
 facet normal 0 0 -1
  outer loop
   vertex 99.2692 -33.525 250
   vertex 104.46 -34.4678 250
   vertex 102.783 -39.1866 250
  endloop
 endfacet
 facet normal 0 -0 -1
  outer loop
   vertex 99.2692 -33.525 250
   vertex 102.783 -39.1866 250
   vertex 97.6191 -38.1497 250
  endloop
 endfacet
 facet normal 0 0 -1
  outer loop
   vertex 97.6191 -38.1497 250
   vertex 102.783 -39.1866 250
   vertex 100.893 -43.8241 250
  endloop
 endfacet
 facet normal 0 -0 -1
  outer loop
   vertex 97.6191 -38.1497 250
   vertex 100.893 -43.8241 250
   vertex 95.7588 -42.7086 250
  endloop
 endfacet
 facet normal 0 0 -1
  outer loop
   vertex 95.7588 -42.7086 250
   vertex 100.893 -43.8241 250
   vertex 98.7941 -48.3708 250
  endloop
 endfacet
 facet normal 0 -0 -1
  outer loop
   vertex 95.7588 -42.7086 250
   vertex 98.7941 -48.3708 250
   vertex 93.6873 -47.1837 250
  endloop
 endfacet
 facet normal 0 0 -1
  outer loop
   vertex 93.6873 -47.1837 250
   vertex 98.7941 -48.3708 250
   vertex 96.4901 -52.8173 250
  endloop
 endfacet
 facet normal 0 -0 -1
  outer loop
   vertex 93.6873 -47.1837 250
   vertex 96.4901 -52.8173 250
   vertex 91.4096 -51.565 250
  endloop
 endfacet
 facet normal 0 0 -1
  outer loop
   vertex 91.4096 -51.565 250
   vertex 96.4901 -52.8173 250
   vertex 93.9861 -57.1542 250
  endloop
 endfacet
 facet normal 0 -0 -1
  outer loop
   vertex 91.4096 -51.565 250
   vertex 93.9861 -57.1542 250
   vertex 88.9322 -55.8461 250
  endloop
 endfacet
 facet normal 0 0 -1
  outer loop
   vertex 88.9322 -55.8461 250
   vertex 93.9861 -57.1542 250
   vertex 91.2874 -61.3727 250
  endloop
 endfacet
 facet normal 0 -0 -1
  outer loop
   vertex 88.9322 -55.8461 250
   vertex 91.2874 -61.3727 250
   vertex 86.2588 -60.019 250
  endloop
 endfacet
 facet normal 0 0 -1
  outer loop
   vertex 86.2588 -60.019 250
   vertex 91.2874 -61.3727 250
   vertex 88.3994 -65.4641 250
  endloop
 endfacet
 facet normal 0 -0 -1
  outer loop
   vertex 86.2588 -60.019 250
   vertex 88.3994 -65.4641 250
   vertex 83.3936 -64.0719 250
  endloop
 endfacet
 facet normal 0 0 -1
  outer loop
   vertex 83.3936 -64.0719 250
   vertex 88.3994 -65.4641 250
   vertex 85.3282 -69.4197 250
  endloop
 endfacet
 facet normal 0 -0 -1
  outer loop
   vertex 83.3936 -64.0719 250
   vertex 85.3282 -69.4197 250
   vertex 80.3471 -67.9935 250
  endloop
 endfacet
 facet normal 0 0 -1
  outer loop
   vertex 80.3471 -67.9935 250
   vertex 85.3282 -69.4197 250
   vertex 82.0802 -73.2314 250
  endloop
 endfacet
 facet normal 0 -0 -1
  outer loop
   vertex 80.3471 -67.9935 250
   vertex 82.0802 -73.2314 250
   vertex 77.1989 -71.8006 250
  endloop
 endfacet
 facet normal 0 0 -1
  outer loop
   vertex 77.1989 -71.8006 250
   vertex 82.0802 -73.2314 250
   vertex 78.662 -76.8914 250
  endloop
 endfacet
 facet normal 0 -0 -1
  outer loop
   vertex 77.1989 -71.8006 250
   vertex 78.662 -76.8914 250
   vertex 73.7801 -75.6908 250
  endloop
 endfacet
 facet normal -0 0 -1
  outer loop
   vertex 24.041 -24.127 250
   vertex 23.3978 -26.8741 250
   vertex 21.3392 -23.6255 250
  endloop
 endfacet
 facet normal 0 0 -1
  outer loop
   vertex -18.6602 -56.2399 250
   vertex -21.4808 -55.553 250
   vertex -18.2245 -53.3481 250
  endloop
 endfacet
 facet normal 0 0 -1
  outer loop
   vertex -6.7315 -15.7084 250
   vertex -6.97025 -19.2091 250
   vertex -10.0441 -17.5305 250
  endloop
 endfacet
 facet normal 0 -0 -1
  outer loop
   vertex 60.2088 -87.2694 250
   vertex 63.4348 -89.8667 250
   vertex 59.2789 -92.6608 250
  endloop
 endfacet
 facet normal 0 0 -1
  outer loop
   vertex 60.2088 -87.2694 250
   vertex 59.2789 -92.6608 250
   vertex 56.376 -90.2043 250
  endloop
 endfacet
 facet normal 0 -0 -1
  outer loop
   vertex 56.376 -90.2043 250
   vertex 59.2789 -92.6608 250
   vertex 55 -95.2628 250
  endloop
 endfacet
 facet normal 0 0 -1
  outer loop
   vertex 56.376 -90.2043 250
   vertex 55 -95.2628 250
   vertex 52.6561 -92.6128 250
  endloop
 endfacet
 facet normal 0 -0 -1
  outer loop
   vertex 52.6561 -92.6128 250
   vertex 55 -95.2628 250
   vertex 50.6072 -97.6674 250
  endloop
 endfacet
 facet normal 0 0 -1
  outer loop
   vertex 52.6561 -92.6128 250
   vertex 50.6072 -97.6674 250
   vertex 48.726 -93.8753 250
  endloop
 endfacet
 facet normal 0 -0 -1
  outer loop
   vertex 48.726 -93.8753 250
   vertex 50.6072 -97.6674 250
   vertex 46.1094 -99.8695 250
  endloop
 endfacet
 facet normal 0 0 -1
  outer loop
   vertex 48.726 -93.8753 250
   vertex 46.1094 -99.8695 250
   vertex 44.2689 -95.6171 250
  endloop
 endfacet
 facet normal 0 -0 -1
  outer loop
   vertex 44.2689 -95.6171 250
   vertex 46.1094 -99.8695 250
   vertex 41.5161 -101.865 250
  endloop
 endfacet
 facet normal 0 0 -1
  outer loop
   vertex 44.2689 -95.6171 250
   vertex 41.5161 -101.865 250
   vertex 39.7616 -97.4966 250
  endloop
 endfacet
 facet normal 0 -0 -1
  outer loop
   vertex 39.7616 -97.4966 250
   vertex 41.5161 -101.865 250
   vertex 36.8368 -103.649 250
  endloop
 endfacet
 facet normal 0 0 -1
  outer loop
   vertex 39.7616 -97.4966 250
   vertex 36.8368 -103.649 250
   vertex 35.1796 -99.229 250
  endloop
 endfacet
 facet normal 0 -0 -1
  outer loop
   vertex 35.1796 -99.229 250
   vertex 36.8368 -103.649 250
   vertex 32.0811 -105.218 250
  endloop
 endfacet
 facet normal 0 0 -1
  outer loop
   vertex 35.1796 -99.229 250
   vertex 32.0811 -105.218 250
   vertex 30.5167 -100.765 250
  endloop
 endfacet
 facet normal 0 -0 -1
  outer loop
   vertex 30.5167 -100.765 250
   vertex 32.0811 -105.218 250
   vertex 27.2589 -106.569 250
  endloop
 endfacet
 facet normal 0 0 -1
  outer loop
   vertex 30.5167 -100.765 250
   vertex 27.2589 -106.569 250
   vertex 25.7752 -102.086 250
  endloop
 endfacet
 facet normal 0 -0 -1
  outer loop
   vertex 25.7752 -102.086 250
   vertex 27.2589 -106.569 250
   vertex 22.3802 -107.699 250
  endloop
 endfacet
 facet normal 0 0 -1
  outer loop
   vertex 25.7752 -102.086 250
   vertex 22.3802 -107.699 250
   vertex 20.9671 -103.199 250
  endloop
 endfacet
 facet normal 0 -0 -1
  outer loop
   vertex 20.9671 -103.199 250
   vertex 22.3802 -107.699 250
   vertex 17.4551 -108.606 250
  endloop
 endfacet
 facet normal 0 0 -1
  outer loop
   vertex 20.9671 -103.199 250
   vertex 17.4551 -108.606 250
   vertex 16.1032 -104.09 250
  endloop
 endfacet
 facet normal 0 -0 -1
  outer loop
   vertex 16.1032 -104.09 250
   vertex 17.4551 -108.606 250
   vertex 12.4938 -109.288 250
  endloop
 endfacet
 facet normal 0 0 -1
  outer loop
   vertex 16.1032 -104.09 250
   vertex 12.4938 -109.288 250
   vertex 11.1963 -104.76 250
  endloop
 endfacet
 facet normal 0 -0 -1
  outer loop
   vertex 11.1963 -104.76 250
   vertex 12.4938 -109.288 250
   vertex 7.50667 -109.744 250
  endloop
 endfacet
 facet normal 0 0 -1
  outer loop
   vertex 11.1963 -104.76 250
   vertex 7.50667 -109.744 250
   vertex 6.2561 -105.206 250
  endloop
 endfacet
 facet normal 0 -0 -1
  outer loop
   vertex 6.2561 -105.206 250
   vertex 7.50667 -109.744 250
   vertex 2.50395 -109.971 250
  endloop
 endfacet
 facet normal 0 0 -1
  outer loop
   vertex 6.2561 -105.206 250
   vertex 2.50395 -109.971 250
   vertex 1.29272 -105.428 250
  endloop
 endfacet
 facet normal 0 -0 -1
  outer loop
   vertex 1.29272 -105.428 250
   vertex 2.50395 -109.971 250
   vertex -2.50395 -109.971 250
  endloop
 endfacet
 facet normal -0 0 -1
  outer loop
   vertex 1.29272 -105.428 250
   vertex -2.50395 -109.971 250
   vertex -3.67891 -105.424 250
  endloop
 endfacet
 facet normal 0 -0 -1
  outer loop
   vertex -3.67891 -105.424 250
   vertex -2.50395 -109.971 250
   vertex -7.50667 -109.744 250
  endloop
 endfacet
 facet normal -0 0 -1
  outer loop
   vertex -3.67891 -105.424 250
   vertex -7.50667 -109.744 250
   vertex -8.64533 -105.193 250
  endloop
 endfacet
 facet normal 0 -0 -1
  outer loop
   vertex -8.64533 -105.193 250
   vertex -7.50667 -109.744 250
   vertex -12.4938 -109.288 250
  endloop
 endfacet
 facet normal -0 0 -1
  outer loop
   vertex -8.64533 -105.193 250
   vertex -12.4938 -109.288 250
   vertex -13.5983 -104.736 250
  endloop
 endfacet
 facet normal 0 -0 -1
  outer loop
   vertex -13.5983 -104.736 250
   vertex -12.4938 -109.288 250
   vertex -17.4551 -108.606 250
  endloop
 endfacet
 facet normal -0 0 -1
  outer loop
   vertex -13.5983 -104.736 250
   vertex -17.4551 -108.606 250
   vertex -18.528 -104.057 250
  endloop
 endfacet
 facet normal 0 -0 -1
  outer loop
   vertex -18.528 -104.057 250
   vertex -17.4551 -108.606 250
   vertex -22.3802 -107.699 250
  endloop
 endfacet
 facet normal -0 0 -1
  outer loop
   vertex -18.528 -104.057 250
   vertex -22.3802 -107.699 250
   vertex -23.4308 -103.145 250
  endloop
 endfacet
 facet normal 0 -0 -1
  outer loop
   vertex -23.4308 -103.145 250
   vertex -22.3802 -107.699 250
   vertex -27.2589 -106.569 250
  endloop
 endfacet
 facet normal -0 0 -1
  outer loop
   vertex -23.4308 -103.145 250
   vertex -27.2589 -106.569 250
   vertex -28.2983 -101.997 250
  endloop
 endfacet
 facet normal 0 -0 -1
  outer loop
   vertex -28.2983 -101.997 250
   vertex -27.2589 -106.569 250
   vertex -32.0811 -105.218 250
  endloop
 endfacet
 facet normal -0 0 -1
  outer loop
   vertex -28.2983 -101.997 250
   vertex -32.0811 -105.218 250
   vertex -33.0826 -100.666 250
  endloop
 endfacet
 facet normal 0 -0 -1
  outer loop
   vertex -33.0826 -100.666 250
   vertex -32.0811 -105.218 250
   vertex -36.8368 -103.649 250
  endloop
 endfacet
 facet normal -0 0 -1
  outer loop
   vertex -33.0826 -100.666 250
   vertex -36.8368 -103.649 250
   vertex -37.6651 -99.2761 250
  endloop
 endfacet
 facet normal 0 -0 -1
  outer loop
   vertex -37.6651 -99.2761 250
   vertex -36.8368 -103.649 250
   vertex -41.5161 -101.865 250
  endloop
 endfacet
 facet normal -0 0 -1
  outer loop
   vertex -37.6651 -99.2761 250
   vertex -41.5161 -101.865 250
   vertex -41.8994 -97.9476 250
  endloop
 endfacet
 facet normal 0 -0 -1
  outer loop
   vertex -41.8994 -97.9476 250
   vertex -41.5161 -101.865 250
   vertex -46.1094 -99.8695 250
  endloop
 endfacet
 facet normal -0 0 -1
  outer loop
   vertex -41.8994 -97.9476 250
   vertex -46.1094 -99.8695 250
   vertex -45.4057 -96.954 250
  endloop
 endfacet
 facet normal 0 0 -1
  outer loop
   vertex -45.4057 -96.954 250
   vertex -46.1094 -99.8695 250
   vertex -50.6072 -97.6674 250
  endloop
 endfacet
 facet normal -0 0 -1
  outer loop
   vertex -45.4057 -96.954 250
   vertex -50.6072 -97.6674 250
   vertex -49.0512 -94.9063 250
  endloop
 endfacet
 facet normal 0 0 -1
  outer loop
   vertex -49.0512 -94.9063 250
   vertex -50.6072 -97.6674 250
   vertex -55 -95.2628 250
  endloop
 endfacet
 facet normal -0 0 -1
  outer loop
   vertex -49.0512 -94.9063 250
   vertex -55 -95.2628 250
   vertex -51.5927 -92.3113 250
  endloop
 endfacet
 facet normal 0 0 -1
  outer loop
   vertex -54.9533 -88.302 250
   vertex -59.2789 -92.6608 250
   vertex -63.4348 -89.8667 250
  endloop
 endfacet
 facet normal -0 0 -1
  outer loop
   vertex -54.9533 -88.302 250
   vertex -63.4348 -89.8667 250
   vertex -60.1175 -85.5265 250
  endloop
 endfacet
 facet normal 0 0 -1
  outer loop
   vertex -60.1175 -85.5265 250
   vertex -63.4348 -89.8667 250
   vertex -67.4593 -86.8864 250
  endloop
 endfacet
 facet normal -0 0 -1
  outer loop
   vertex -60.1175 -85.5265 250
   vertex -67.4593 -86.8864 250
   vertex -64.217 -82.5493 250
  endloop
 endfacet
 facet normal 0 0 -1
  outer loop
   vertex -64.217 -82.5493 250
   vertex -67.4593 -86.8864 250
   vertex -71.344 -83.7259 250
  endloop
 endfacet
 facet normal -0 0 -1
  outer loop
   vertex -64.217 -82.5493 250
   vertex -71.344 -83.7259 250
   vertex -68.0537 -79.5078 250
  endloop
 endfacet
 facet normal 0 0 -1
  outer loop
   vertex -68.0537 -79.5078 250
   vertex -71.344 -83.7259 250
   vertex -75.0808 -80.392 250
  endloop
 endfacet
 facet normal -0 0 -1
  outer loop
   vertex -68.0537 -79.5078 250
   vertex -75.0808 -80.392 250
   vertex -71.7008 -76.2805 250
  endloop
 endfacet
 facet normal 0 0 -1
  outer loop
   vertex -71.7008 -76.2805 250
   vertex -75.0808 -80.392 250
   vertex -78.662 -76.8914 250
  endloop
 endfacet
 facet normal -0 0 -1
  outer loop
   vertex -71.7008 -76.2805 250
   vertex -78.662 -76.8914 250
   vertex -75.2007 -72.8831 250
  endloop
 endfacet
 facet normal 0 0 -1
  outer loop
   vertex -75.2007 -72.8831 250
   vertex -78.662 -76.8914 250
   vertex -82.0802 -73.2314 250
  endloop
 endfacet
 facet normal -0 0 -1
  outer loop
   vertex -75.2007 -72.8831 250
   vertex -82.0802 -73.2314 250
   vertex -78.538 -69.3115 250
  endloop
 endfacet
 facet normal 0 0 -1
  outer loop
   vertex -78.538 -69.3115 250
   vertex -82.0802 -73.2314 250
   vertex -85.3282 -69.4197 250
  endloop
 endfacet
 facet normal -0 0 -1
  outer loop
   vertex -78.538 -69.3115 250
   vertex -85.3282 -69.4197 250
   vertex -81.7181 -65.5775 250
  endloop
 endfacet
 facet normal -0 0 -1
  outer loop
   vertex -81.7181 -65.5775 250
   vertex -85.3282 -69.4197 250
   vertex -88.3994 -65.4641 250
  endloop
 endfacet
 facet normal 0 0 -1
  outer loop
   vertex -81.7181 -65.5775 250
   vertex -88.3994 -65.4641 250
   vertex -84.7352 -61.6853 250
  endloop
 endfacet
 facet normal -0 0 -1
  outer loop
   vertex -84.7352 -61.6853 250
   vertex -88.3994 -65.4641 250
   vertex -91.2874 -61.3727 250
  endloop
 endfacet
 facet normal 0 0 -1
  outer loop
   vertex -84.7352 -61.6853 250
   vertex -91.2874 -61.3727 250
   vertex -87.5838 -57.6452 250
  endloop
 endfacet
 facet normal -0 0 -1
  outer loop
   vertex -87.5838 -57.6452 250
   vertex -91.2874 -61.3727 250
   vertex -93.9861 -57.1542 250
  endloop
 endfacet
 facet normal 0 0 -1
  outer loop
   vertex -87.5838 -57.6452 250
   vertex -93.9861 -57.1542 250
   vertex -90.2459 -53.4736 250
  endloop
 endfacet
 facet normal -0 0 -1
  outer loop
   vertex -90.2459 -53.4736 250
   vertex -93.9861 -57.1542 250
   vertex -96.4901 -52.8173 250
  endloop
 endfacet
 facet normal 0 0 -1
  outer loop
   vertex -90.2459 -53.4736 250
   vertex -96.4901 -52.8173 250
   vertex -92.714 -49.1855 250
  endloop
 endfacet
 facet normal -0 0 -1
  outer loop
   vertex -92.714 -49.1855 250
   vertex -96.4901 -52.8173 250
   vertex -98.7941 -48.3708 250
  endloop
 endfacet
 facet normal 0 0 -1
  outer loop
   vertex -92.714 -49.1855 250
   vertex -98.7941 -48.3708 250
   vertex -94.9864 -44.7896 250
  endloop
 endfacet
 facet normal -0 0 -1
  outer loop
   vertex -94.9864 -44.7896 250
   vertex -98.7941 -48.3708 250
   vertex -100.893 -43.8241 250
  endloop
 endfacet
 facet normal 0 0 -1
  outer loop
   vertex -94.9864 -44.7896 250
   vertex -100.893 -43.8241 250
   vertex -97.06 -40.2893 250
  endloop
 endfacet
 facet normal -0 0 -1
  outer loop
   vertex -97.06 -40.2893 250
   vertex -100.893 -43.8241 250
   vertex -102.783 -39.1866 250
  endloop
 endfacet
 facet normal 0 0 -1
  outer loop
   vertex -97.06 -40.2893 250
   vertex -102.783 -39.1866 250
   vertex -98.9284 -35.6913 250
  endloop
 endfacet
 facet normal -0 0 -1
  outer loop
   vertex -98.9284 -35.6913 250
   vertex -102.783 -39.1866 250
   vertex -104.46 -34.4678 250
  endloop
 endfacet
 facet normal 0 0 -1
  outer loop
   vertex -98.9284 -35.6913 250
   vertex -104.46 -34.4678 250
   vertex -100.587 -31.0119 250
  endloop
 endfacet
 facet normal -0 0 -1
  outer loop
   vertex -100.587 -31.0119 250
   vertex -104.46 -34.4678 250
   vertex -105.921 -29.6776 250
  endloop
 endfacet
 facet normal 0 0 -1
  outer loop
   vertex -100.587 -31.0119 250
   vertex -105.921 -29.6776 250
   vertex -102.095 -26.3118 250
  endloop
 endfacet
 facet normal -0 0 -1
  outer loop
   vertex -102.095 -26.3118 250
   vertex -105.921 -29.6776 250
   vertex -107.162 -24.8259 250
  endloop
 endfacet
 facet normal 0 0 -1
  outer loop
   vertex -102.095 -26.3118 250
   vertex -107.162 -24.8259 250
   vertex -103.527 -21.3435 250
  endloop
 endfacet
 facet normal 0 0 -1
  outer loop
   vertex 21.3392 -23.6255 250
   vertex 23.3978 -26.8741 250
   vertex 21.6501 -29.5656 250
  endloop
 endfacet
 facet normal 0 -0 -1
  outer loop
   vertex 21.3392 -23.6255 250
   vertex 21.6501 -29.5656 250
   vertex 18.6642 -25.1092 250
  endloop
 endfacet
 facet normal 0 0 -1
  outer loop
   vertex -21.4808 -55.553 250
   vertex -18.6602 -56.2399 250
   vertex -20.0657 -60.4233 250
  endloop
 endfacet
 facet normal 0 -0 -1
  outer loop
   vertex -21.4808 -55.553 250
   vertex -20.0657 -60.4233 250
   vertex -23.6426 -59.4152 250
  endloop
 endfacet
 facet normal 0 0 -1
  outer loop
   vertex -6.97025 -19.2091 250
   vertex -6.7315 -15.7084 250
   vertex -2.33932 -17.7967 250
  endloop
 endfacet
 facet normal 0 0 -1
  outer loop
   vertex -6.97025 -19.2091 250
   vertex -2.33932 -17.7967 250
   vertex -4.39627 -20.6804 250
  endloop
 endfacet
 facet normal -0 0 -1
  outer loop
   vertex -105.944 -3.66775 250
   vertex -109.886 -5.00661 250
   vertex -110 2.79628e-13 250
  endloop
 endfacet
 facet normal 0 0 -1
  outer loop
   vertex -105.944 -3.66775 250
   vertex -110 2.79628e-13 250
   vertex -106.295 1.19684 250
  endloop
 endfacet
 facet normal -0 0 -1
  outer loop
   vertex -106.295 1.19684 250
   vertex -110 2.79628e-13 250
   vertex -109.886 5.00661 250
  endloop
 endfacet
 facet normal 0 0 -1
  outer loop
   vertex -106.295 1.19684 250
   vertex -109.886 5.00661 250
   vertex -106.292 5.69516 250
  endloop
 endfacet
 facet normal -0 0 -1
  outer loop
   vertex -106.292 5.69516 250
   vertex -109.886 5.00661 250
   vertex -109.544 10.0028 250
  endloop
 endfacet
 facet normal 0 0 -1
  outer loop
   vertex -106.292 5.69516 250
   vertex -109.544 10.0028 250
   vertex -105.283 9.63993 250
  endloop
 endfacet
 facet normal 0 0 -1
  outer loop
   vertex -105.283 9.63993 250
   vertex -109.544 10.0028 250
   vertex -108.976 14.9783 250
  endloop
 endfacet
 facet normal 0 0 -1
  outer loop
   vertex -105.283 9.63993 250
   vertex -108.976 14.9783 250
   vertex -104.38 14.3004 250
  endloop
 endfacet
 facet normal 0 0 -1
  outer loop
   vertex -104.38 14.3004 250
   vertex -108.976 14.9783 250
   vertex -108.181 19.9228 250
  endloop
 endfacet
 facet normal 0 0 -1
  outer loop
   vertex -104.38 14.3004 250
   vertex -108.181 19.9228 250
   vertex -103.536 19.0988 250
  endloop
 endfacet
 facet normal 0 0 -1
  outer loop
   vertex -103.536 19.0988 250
   vertex -108.181 19.9228 250
   vertex -107.162 24.8259 250
  endloop
 endfacet
 facet normal 0 0 -1
  outer loop
   vertex -103.536 19.0988 250
   vertex -107.162 24.8259 250
   vertex -102.529 23.8872 250
  endloop
 endfacet
 facet normal 0 0 -1
  outer loop
   vertex -102.529 23.8872 250
   vertex -107.162 24.8259 250
   vertex -105.921 29.6776 250
  endloop
 endfacet
 facet normal 0 0 -1
  outer loop
   vertex -102.529 23.8872 250
   vertex -105.921 29.6776 250
   vertex -101.312 28.6368 250
  endloop
 endfacet
 facet normal 0 0 -1
  outer loop
   vertex -101.312 28.6368 250
   vertex -105.921 29.6776 250
   vertex -104.46 34.4678 250
  endloop
 endfacet
 facet normal 0 0 -1
  outer loop
   vertex -101.312 28.6368 250
   vertex -104.46 34.4678 250
   vertex -99.8729 33.3349 250
  endloop
 endfacet
 facet normal 0 0 -1
  outer loop
   vertex -99.8729 33.3349 250
   vertex -104.46 34.4678 250
   vertex -102.783 39.1866 250
  endloop
 endfacet
 facet normal 0 0 -1
  outer loop
   vertex -99.8729 33.3349 250
   vertex -102.783 39.1866 250
   vertex -98.2216 37.9757 250
  endloop
 endfacet
 facet normal 0 0 -1
  outer loop
   vertex -98.2216 37.9757 250
   vertex -102.783 39.1866 250
   vertex -100.893 43.8241 250
  endloop
 endfacet
 facet normal 0 0 -1
  outer loop
   vertex -98.2216 37.9757 250
   vertex -100.893 43.8241 250
   vertex -96.354 42.5444 250
  endloop
 endfacet
 facet normal 0 0 -1
  outer loop
   vertex -96.354 42.5444 250
   vertex -100.893 43.8241 250
   vertex -98.7941 48.3708 250
  endloop
 endfacet
 facet normal 0 0 -1
  outer loop
   vertex -96.354 42.5444 250
   vertex -98.7941 48.3708 250
   vertex -94.2758 47.0334 250
  endloop
 endfacet
 facet normal 0 0 -1
  outer loop
   vertex -94.2758 47.0334 250
   vertex -98.7941 48.3708 250
   vertex -96.4901 52.8173 250
  endloop
 endfacet
 facet normal 0 0 -1
  outer loop
   vertex -94.2758 47.0334 250
   vertex -96.4901 52.8173 250
   vertex -91.9911 51.4342 250
  endloop
 endfacet
 facet normal 0 0 -1
  outer loop
   vertex -91.9911 51.4342 250
   vertex -96.4901 52.8173 250
   vertex -93.9861 57.1542 250
  endloop
 endfacet
 facet normal 0 0 -1
  outer loop
   vertex -91.9911 51.4342 250
   vertex -93.9861 57.1542 250
   vertex -89.5037 55.734 250
  endloop
 endfacet
 facet normal 0 0 -1
  outer loop
   vertex -89.5037 55.734 250
   vertex -93.9861 57.1542 250
   vertex -91.2874 61.3727 250
  endloop
 endfacet
 facet normal 0 0 -1
  outer loop
   vertex -89.5037 55.734 250
   vertex -91.2874 61.3727 250
   vertex -86.8198 59.9212 250
  endloop
 endfacet
 facet normal 0 0 -1
  outer loop
   vertex -86.8198 59.9212 250
   vertex -91.2874 61.3727 250
   vertex -88.3994 65.4641 250
  endloop
 endfacet
 facet normal 0 0 -1
  outer loop
   vertex -86.8198 59.9212 250
   vertex -88.3994 65.4641 250
   vertex -83.946 63.9852 250
  endloop
 endfacet
 facet normal 0 0 -1
  outer loop
   vertex -83.946 63.9852 250
   vertex -88.3994 65.4641 250
   vertex -85.3282 69.4197 250
  endloop
 endfacet
 facet normal 0 0 -1
  outer loop
   vertex -83.946 63.9852 250
   vertex -85.3282 69.4197 250
   vertex -80.8881 67.9178 250
  endloop
 endfacet
 facet normal 0 0 -1
  outer loop
   vertex -80.8881 67.9178 250
   vertex -85.3282 69.4197 250
   vertex -82.0802 73.2314 250
  endloop
 endfacet
 facet normal 0 0 -1
  outer loop
   vertex -80.8881 67.9178 250
   vertex -82.0802 73.2314 250
   vertex -77.6559 71.711 250
  endloop
 endfacet
 facet normal 0 0 -1
  outer loop
   vertex -77.6559 71.711 250
   vertex -82.0802 73.2314 250
   vertex -78.662 76.8914 250
  endloop
 endfacet
 facet normal 0 0 -1
  outer loop
   vertex -77.6559 71.711 250
   vertex -78.662 76.8914 250
   vertex -74.2414 75.3548 250
  endloop
 endfacet
 facet normal 0 0 -1
  outer loop
   vertex -74.2414 75.3548 250
   vertex -78.662 76.8914 250
   vertex -75.0808 80.392 250
  endloop
 endfacet
 facet normal 0 0 -1
  outer loop
   vertex -74.2414 75.3548 250
   vertex -75.0808 80.392 250
   vertex -70.6439 78.8404 250
  endloop
 endfacet
 facet normal 0 0 -1
  outer loop
   vertex -70.6439 78.8404 250
   vertex -75.0808 80.392 250
   vertex -71.344 83.7259 250
  endloop
 endfacet
 facet normal 0 0 -1
  outer loop
   vertex -70.6439 78.8404 250
   vertex -71.344 83.7259 250
   vertex -66.9378 82.1555 250
  endloop
 endfacet
 facet normal 0 0 -1
  outer loop
   vertex -66.9378 82.1555 250
   vertex -71.344 83.7259 250
   vertex -67.4593 86.8864 250
  endloop
 endfacet
 facet normal 0 0 -1
  outer loop
   vertex -66.9378 82.1555 250
   vertex -67.4593 86.8864 250
   vertex -63.2968 85.2646 250
  endloop
 endfacet
 facet normal 0 0 -1
  outer loop
   vertex -63.2968 85.2646 250
   vertex -67.4593 86.8864 250
   vertex -63.4348 89.8667 250
  endloop
 endfacet
 facet normal 0 0 -1
  outer loop
   vertex -63.2968 85.2646 250
   vertex -63.4348 89.8667 250
   vertex -59.9033 88.1088 250
  endloop
 endfacet
 facet normal 0 0 -1
  outer loop
   vertex -59.9033 88.1088 250
   vertex -63.4348 89.8667 250
   vertex -59.2789 92.6608 250
  endloop
 endfacet
 facet normal 0 0 -1
  outer loop
   vertex -59.9033 88.1088 250
   vertex -59.2789 92.6608 250
   vertex -57.1853 90.5198 250
  endloop
 endfacet
 facet normal 0 0 -1
  outer loop
   vertex -57.1853 90.5198 250
   vertex -59.2789 92.6608 250
   vertex -55 95.2628 250
  endloop
 endfacet
 facet normal 0 0 -1
  outer loop
   vertex -57.1853 90.5198 250
   vertex -55 95.2628 250
   vertex -53.5051 92.4835 250
  endloop
 endfacet
 facet normal 0 0 -1
  outer loop
   vertex -53.5051 92.4835 250
   vertex -55 95.2628 250
   vertex -50.6072 97.6674 250
  endloop
 endfacet
 facet normal 0 0 -1
  outer loop
   vertex -53.5051 92.4835 250
   vertex -50.6072 97.6674 250
   vertex -49.951 93.2259 250
  endloop
 endfacet
 facet normal 0 0 -1
  outer loop
   vertex -44.7655 93.893 250
   vertex -46.1094 99.8695 250
   vertex -41.5161 101.865 250
  endloop
 endfacet
 facet normal 0 0 -1
  outer loop
   vertex -44.7655 93.893 250
   vertex -41.5161 101.865 250
   vertex -39.6484 96.7336 250
  endloop
 endfacet
 facet normal 0 0 -1
  outer loop
   vertex -39.6484 96.7336 250
   vertex -41.5161 101.865 250
   vertex -36.8368 103.649 250
  endloop
 endfacet
 facet normal 0 0 -1
  outer loop
   vertex -39.6484 96.7336 250
   vertex -36.8368 103.649 250
   vertex -34.9324 98.5811 250
  endloop
 endfacet
 facet normal 0 0 -1
  outer loop
   vertex -34.9324 98.5811 250
   vertex -36.8368 103.649 250
   vertex -32.0811 105.218 250
  endloop
 endfacet
 facet normal 0 0 -1
  outer loop
   vertex -34.9324 98.5811 250
   vertex -32.0811 105.218 250
   vertex -30.3 100.175 250
  endloop
 endfacet
 facet normal 0 0 -1
  outer loop
   vertex -30.3 100.175 250
   vertex -32.0811 105.218 250
   vertex -27.2589 106.569 250
  endloop
 endfacet
 facet normal 0 0 -1
  outer loop
   vertex -30.3 100.175 250
   vertex -27.2589 106.569 250
   vertex -25.6091 101.51 250
  endloop
 endfacet
 facet normal 0 0 -1
  outer loop
   vertex -25.6091 101.51 250
   vertex -27.2589 106.569 250
   vertex -22.3802 107.699 250
  endloop
 endfacet
 facet normal 0 0 -1
  outer loop
   vertex -25.6091 101.51 250
   vertex -22.3802 107.699 250
   vertex -20.853 102.628 250
  endloop
 endfacet
 facet normal 0 0 -1
  outer loop
   vertex -20.853 102.628 250
   vertex -22.3802 107.699 250
   vertex -17.4551 108.606 250
  endloop
 endfacet
 facet normal 0 0 -1
  outer loop
   vertex -20.853 102.628 250
   vertex -17.4551 108.606 250
   vertex -16.0403 103.514 250
  endloop
 endfacet
 facet normal 0 0 -1
  outer loop
   vertex -16.0403 103.514 250
   vertex -17.4551 108.606 250
   vertex -12.4938 109.288 250
  endloop
 endfacet
 facet normal 0 0 -1
  outer loop
   vertex -16.0403 103.514 250
   vertex -12.4938 109.288 250
   vertex -11.1804 104.179 250
  endloop
 endfacet
 facet normal 0 0 -1
  outer loop
   vertex -11.1804 104.179 250
   vertex -12.4938 109.288 250
   vertex -7.50667 109.744 250
  endloop
 endfacet
 facet normal 0 0 -1
  outer loop
   vertex -11.1804 104.179 250
   vertex -7.50667 109.744 250
   vertex -6.28008 104.622 250
  endloop
 endfacet
 facet normal 0 0 -1
  outer loop
   vertex -6.28008 104.622 250
   vertex -7.50667 109.744 250
   vertex -2.50395 109.971 250
  endloop
 endfacet
 facet normal 0 0 -1
  outer loop
   vertex -6.28008 104.622 250
   vertex -2.50395 109.971 250
   vertex -1.34799 104.844 250
  endloop
 endfacet
 facet normal 0 0 -1
  outer loop
   vertex -1.34799 104.844 250
   vertex -2.50395 109.971 250
   vertex 2.50395 109.971 250
  endloop
 endfacet
 facet normal 0 0 -1
  outer loop
   vertex -1.34799 104.844 250
   vertex 2.50395 109.971 250
   vertex 3.5962 104.838 250
  endloop
 endfacet
 facet normal 0 0 -1
  outer loop
   vertex 3.5962 104.838 250
   vertex 2.50395 109.971 250
   vertex 7.50667 109.744 250
  endloop
 endfacet
 facet normal 0 0 -1
  outer loop
   vertex 3.5962 104.838 250
   vertex 7.50667 109.744 250
   vertex 8.53527 104.605 250
  endloop
 endfacet
 facet normal 0 0 -1
  outer loop
   vertex 8.53527 104.605 250
   vertex 7.50667 109.744 250
   vertex 12.4938 109.288 250
  endloop
 endfacet
 facet normal 0 0 -1
  outer loop
   vertex 8.53527 104.605 250
   vertex 12.4938 109.288 250
   vertex 13.4598 104.15 250
  endloop
 endfacet
 facet normal 0 0 -1
  outer loop
   vertex 13.4598 104.15 250
   vertex 12.4938 109.288 250
   vertex 17.4551 108.606 250
  endloop
 endfacet
 facet normal 0 0 -1
  outer loop
   vertex 13.4598 104.15 250
   vertex 17.4551 108.606 250
   vertex 18.365 103.472 250
  endloop
 endfacet
 facet normal 0 0 -1
  outer loop
   vertex 18.365 103.472 250
   vertex 17.4551 108.606 250
   vertex 22.3802 107.699 250
  endloop
 endfacet
 facet normal 0 0 -1
  outer loop
   vertex 18.365 103.472 250
   vertex 22.3802 107.699 250
   vertex 23.2419 102.569 250
  endloop
 endfacet
 facet normal 0 0 -1
  outer loop
   vertex 23.2419 102.569 250
   vertex 22.3802 107.699 250
   vertex 27.2589 106.569 250
  endloop
 endfacet
 facet normal 0 0 -1
  outer loop
   vertex 23.2419 102.569 250
   vertex 27.2589 106.569 250
   vertex 28.0763 101.445 250
  endloop
 endfacet
 facet normal 0 0 -1
  outer loop
   vertex 28.0763 101.445 250
   vertex 27.2589 106.569 250
   vertex 32.0811 105.218 250
  endloop
 endfacet
 facet normal 0 0 -1
  outer loop
   vertex 28.0763 101.445 250
   vertex 32.0811 105.218 250
   vertex 32.8484 100.183 250
  endloop
 endfacet
 facet normal 0 0 -1
  outer loop
   vertex 32.8484 100.183 250
   vertex 32.0811 105.218 250
   vertex 36.8368 103.649 250
  endloop
 endfacet
 facet normal 0 0 -1
  outer loop
   vertex 32.8484 100.183 250
   vertex 36.8368 103.649 250
   vertex 37.809 98.7108 250
  endloop
 endfacet
 facet normal -0 0 -1
  outer loop
   vertex -30.5799 38.3625 250
   vertex -32.3816 37.0861 250
   vertex -31.9912 40.6072 250
  endloop
 endfacet
 facet normal 0 0 -1
  outer loop
   vertex -31.9912 40.6072 250
   vertex -32.3816 37.0861 250
   vertex -36.1978 36.6096 250
  endloop
 endfacet
 facet normal -0 0 -1
  outer loop
   vertex -31.9912 40.6072 250
   vertex -36.1978 36.6096 250
   vertex -36.1792 41.3551 250
  endloop
 endfacet
 facet normal -0 0 -1
  outer loop
   vertex 15.171 -11.6234 250
   vertex 11.614 -12.3331 250
   vertex 12.7088 -8.97419 250
  endloop
 endfacet
 facet normal 0 0 -1
  outer loop
   vertex 53.9497 91.2749 250
   vertex 55 95.2628 250
   vertex 59.2789 92.6608 250
  endloop
 endfacet
 facet normal 0 0 -1
  outer loop
   vertex 53.9497 91.2749 250
   vertex 59.2789 92.6608 250
   vertex 58.0204 89.1351 250
  endloop
 endfacet
 facet normal 0 0 -1
  outer loop
   vertex 58.0204 89.1351 250
   vertex 59.2789 92.6608 250
   vertex 63.4348 89.8667 250
  endloop
 endfacet
 facet normal 0 0 -1
  outer loop
   vertex 58.0204 89.1351 250
   vertex 63.4348 89.8667 250
   vertex 61.4028 87.343 250
  endloop
 endfacet
 facet normal 0 0 -1
  outer loop
   vertex 61.4028 87.343 250
   vertex 63.4348 89.8667 250
   vertex 67.4593 86.8864 250
  endloop
 endfacet
 facet normal 0 0 -1
  outer loop
   vertex 61.4028 87.343 250
   vertex 67.4593 86.8864 250
   vertex 64.7776 84.2692 250
  endloop
 endfacet
 facet normal 0 0 -1
  outer loop
   vertex 64.7776 84.2692 250
   vertex 67.4593 86.8864 250
   vertex 71.344 83.7259 250
  endloop
 endfacet
 facet normal 0 0 -1
  outer loop
   vertex 64.7776 84.2692 250
   vertex 71.344 83.7259 250
   vertex 67.3572 80.2902 250
  endloop
 endfacet
 facet normal 0 0 -1
  outer loop
   vertex 67.3572 80.2902 250
   vertex 71.344 83.7259 250
   vertex 75.0808 80.392 250
  endloop
 endfacet
 facet normal 0 0 -1
  outer loop
   vertex 67.3572 80.2902 250
   vertex 75.0808 80.392 250
   vertex 71.6132 76.9498 250
  endloop
 endfacet
 facet normal 0 0 -1
  outer loop
   vertex 71.6132 76.9498 250
   vertex 75.0808 80.392 250
   vertex 78.662 76.8914 250
  endloop
 endfacet
 facet normal 0 0 -1
  outer loop
   vertex 71.6132 76.9498 250
   vertex 78.662 76.8914 250
   vertex 75.2793 73.5113 250
  endloop
 endfacet
 facet normal 0 0 -1
  outer loop
   vertex 75.2793 73.5113 250
   vertex 78.662 76.8914 250
   vertex 82.0802 73.2314 250
  endloop
 endfacet
 facet normal 0 0 -1
  outer loop
   vertex 75.2793 73.5113 250
   vertex 82.0802 73.2314 250
   vertex 78.6793 69.9259 250
  endloop
 endfacet
 facet normal 0 0 -1
  outer loop
   vertex 78.6793 69.9259 250
   vertex 82.0802 73.2314 250
   vertex 85.3282 69.4197 250
  endloop
 endfacet
 facet normal 0 0 -1
  outer loop
   vertex 78.6793 69.9259 250
   vertex 85.3282 69.4197 250
   vertex 81.8806 66.1813 250
  endloop
 endfacet
 facet normal 0 0 -1
  outer loop
   vertex 81.8806 66.1813 250
   vertex 85.3282 69.4197 250
   vertex 88.3994 65.4641 250
  endloop
 endfacet
 facet normal 0 0 -1
  outer loop
   vertex 81.8806 66.1813 250
   vertex 88.3994 65.4641 250
   vertex 84.9075 62.2869 250
  endloop
 endfacet
 facet normal 0 0 -1
  outer loop
   vertex 84.9075 62.2869 250
   vertex 88.3994 65.4641 250
   vertex 91.2874 61.3727 250
  endloop
 endfacet
 facet normal 0 0 -1
  outer loop
   vertex 84.9075 62.2869 250
   vertex 91.2874 61.3727 250
   vertex 87.7547 58.2475 250
  endloop
 endfacet
 facet normal 0 0 -1
  outer loop
   vertex 87.7547 58.2475 250
   vertex 91.2874 61.3727 250
   vertex 93.9861 57.1542 250
  endloop
 endfacet
 facet normal 0 0 -1
  outer loop
   vertex 87.7547 58.2475 250
   vertex 93.9861 57.1542 250
   vertex 90.4202 54.0732 250
  endloop
 endfacet
 facet normal 0 0 -1
  outer loop
   vertex 90.4202 54.0732 250
   vertex 93.9861 57.1542 250
   vertex 96.4901 52.8173 250
  endloop
 endfacet
 facet normal 0 0 -1
  outer loop
   vertex 90.4202 54.0732 250
   vertex 96.4901 52.8173 250
   vertex 92.8987 49.7738 250
  endloop
 endfacet
 facet normal 0 0 -1
  outer loop
   vertex 92.8987 49.7738 250
   vertex 96.4901 52.8173 250
   vertex 98.7941 48.3708 250
  endloop
 endfacet
 facet normal 0 0 -1
  outer loop
   vertex 92.8987 49.7738 250
   vertex 98.7941 48.3708 250
   vertex 95.1817 45.3595 250
  endloop
 endfacet
 facet normal 0 0 -1
  outer loop
   vertex 95.1817 45.3595 250
   vertex 98.7941 48.3708 250
   vertex 100.893 43.8241 250
  endloop
 endfacet
 facet normal 0 0 -1
  outer loop
   vertex 95.1817 45.3595 250
   vertex 100.893 43.8241 250
   vertex 97.2632 40.8422 250
  endloop
 endfacet
 facet normal 0 0 -1
  outer loop
   vertex 97.2632 40.8422 250
   vertex 100.893 43.8241 250
   vertex 102.783 39.1866 250
  endloop
 endfacet
 facet normal 0 0 -1
  outer loop
   vertex 97.2632 40.8422 250
   vertex 102.783 39.1866 250
   vertex 99.1372 36.2341 250
  endloop
 endfacet
 facet normal 0 0 -1
  outer loop
   vertex 99.1372 36.2341 250
   vertex 102.783 39.1866 250
   vertex 104.46 34.4678 250
  endloop
 endfacet
 facet normal 0 0 -1
  outer loop
   vertex 99.1372 36.2341 250
   vertex 104.46 34.4678 250
   vertex 100.8 31.5279 250
  endloop
 endfacet
 facet normal 0 0 -1
  outer loop
   vertex 100.8 31.5279 250
   vertex 104.46 34.4678 250
   vertex 105.921 29.6776 250
  endloop
 endfacet
 facet normal 0 0 -1
  outer loop
   vertex 100.8 31.5279 250
   vertex 105.921 29.6776 250
   vertex 102.249 26.7329 250
  endloop
 endfacet
 facet normal 0 0 -1
  outer loop
   vertex 102.249 26.7329 250
   vertex 105.921 29.6776 250
   vertex 107.162 24.8259 250
  endloop
 endfacet
 facet normal 0 0 -1
  outer loop
   vertex 102.249 26.7329 250
   vertex 107.162 24.8259 250
   vertex 103.5 21.9077 250
  endloop
 endfacet
 facet normal 0 0 -1
  outer loop
   vertex 103.5 21.9077 250
   vertex 107.162 24.8259 250
   vertex 108.181 19.9228 250
  endloop
 endfacet
 facet normal 0 0 -1
  outer loop
   vertex 103.5 21.9077 250
   vertex 108.181 19.9228 250
   vertex 104.577 17.1683 250
  endloop
 endfacet
 facet normal 0 0 -1
  outer loop
   vertex 104.577 17.1683 250
   vertex 108.181 19.9228 250
   vertex 108.976 14.9783 250
  endloop
 endfacet
 facet normal 0 0 -1
  outer loop
   vertex 104.577 17.1683 250
   vertex 108.976 14.9783 250
   vertex 105.527 12.6524 250
  endloop
 endfacet
 facet normal 0 0 -1
  outer loop
   vertex 105.527 12.6524 250
   vertex 108.976 14.9783 250
   vertex 109.544 10.0028 250
  endloop
 endfacet
 facet normal 0 0 -1
  outer loop
   vertex 105.527 12.6524 250
   vertex 109.544 10.0028 250
   vertex 106.564 9.49028 250
  endloop
 endfacet
 facet normal 0 0 -1
  outer loop
   vertex 106.564 9.49028 250
   vertex 109.544 10.0028 250
   vertex 109.886 5.00661 250
  endloop
 endfacet
 facet normal 0 -0 -1
  outer loop
   vertex 106.564 9.49028 250
   vertex 109.886 5.00661 250
   vertex 106.109 5.74857 250
  endloop
 endfacet
 facet normal 0 0 -1
  outer loop
   vertex 11.614 -12.3331 250
   vertex 15.171 -11.6234 250
   vertex 15.8562 -15.8867 250
  endloop
 endfacet
 facet normal 0 -0 -1
  outer loop
   vertex 11.614 -12.3331 250
   vertex 15.8562 -15.8867 250
   vertex 11.2779 -15.3594 250
  endloop
 endfacet
 facet normal 0 0 -1
  outer loop
   vertex -36.1792 41.3551 250
   vertex -36.1978 36.6096 250
   vertex -42.1814 39.9132 250
  endloop
 endfacet
 facet normal -0 0 -1
  outer loop
   vertex -36.1792 41.3551 250
   vertex -42.1814 39.9132 250
   vertex -40.673 43.4972 250
  endloop
 endfacet
 facet normal 0 0 -1
  outer loop
   vertex 86.1236 12.3607 250
   vertex 86.0644 16.1028 250
   vertex 89.2514 12.9024 250
  endloop
 endfacet
 facet normal 0 0 -1
  outer loop
   vertex 98.5564 -4.73726 250
   vertex 104.182 -4.71241 250
   vertex 104.082 -9.66766 250
  endloop
 endfacet
 facet normal 0 0 -1
  outer loop
   vertex 98.5564 -4.73726 250
   vertex 104.082 -9.66766 250
   vertex 98.7888 -9.39959 250
  endloop
 endfacet
 facet normal 0 0 -1
  outer loop
   vertex 97.7571 -18.6784 250
   vertex 102.891 -19.3262 250
   vertex 101.916 -24.1059 250
  endloop
 endfacet
 facet normal 0 -0 -1
  outer loop
   vertex 97.7571 -18.6784 250
   vertex 101.916 -24.1059 250
   vertex 96.8367 -23.3241 250
  endloop
 endfacet
 facet normal 0 0 -1
  outer loop
   vertex 96.8367 -23.3241 250
   vertex 101.916 -24.1059 250
   vertex 100.703 -28.8403 250
  endloop
 endfacet
 facet normal 0 -0 -1
  outer loop
   vertex 96.8367 -23.3241 250
   vertex 100.703 -28.8403 250
   vertex 95.641 -27.9219 250
  endloop
 endfacet
 facet normal 0 0 -1
  outer loop
   vertex 95.641 -27.9219 250
   vertex 100.703 -28.8403 250
   vertex 99.2692 -33.525 250
  endloop
 endfacet
 facet normal 0 -0 -1
  outer loop
   vertex 95.641 -27.9219 250
   vertex 99.2692 -33.525 250
   vertex 94.2373 -32.4872 250
  endloop
 endfacet
 facet normal 0 0 -1
  outer loop
   vertex 94.2373 -32.4872 250
   vertex 99.2692 -33.525 250
   vertex 97.6191 -38.1497 250
  endloop
 endfacet
 facet normal 0 -0 -1
  outer loop
   vertex 94.2373 -32.4872 250
   vertex 97.6191 -38.1497 250
   vertex 92.6182 -36.9991 250
  endloop
 endfacet
 facet normal 0 0 -1
  outer loop
   vertex 92.6182 -36.9991 250
   vertex 97.6191 -38.1497 250
   vertex 95.7588 -42.7086 250
  endloop
 endfacet
 facet normal 0 -0 -1
  outer loop
   vertex 92.6182 -36.9991 250
   vertex 95.7588 -42.7086 250
   vertex 90.7993 -41.4678 250
  endloop
 endfacet
 facet normal 0 0 -1
  outer loop
   vertex 90.7993 -41.4678 250
   vertex 95.7588 -42.7086 250
   vertex 93.6873 -47.1837 250
  endloop
 endfacet
 facet normal 0 -0 -1
  outer loop
   vertex 90.7993 -41.4678 250
   vertex 93.6873 -47.1837 250
   vertex 88.7608 -45.8506 250
  endloop
 endfacet
 facet normal 0 0 -1
  outer loop
   vertex 88.7608 -45.8506 250
   vertex 93.6873 -47.1837 250
   vertex 91.4096 -51.565 250
  endloop
 endfacet
 facet normal 0 -0 -1
  outer loop
   vertex 88.7608 -45.8506 250
   vertex 91.4096 -51.565 250
   vertex 86.5158 -50.1477 250
  endloop
 endfacet
 facet normal 0 0 -1
  outer loop
   vertex 86.5158 -50.1477 250
   vertex 91.4096 -51.565 250
   vertex 88.9322 -55.8461 250
  endloop
 endfacet
 facet normal 0 -0 -1
  outer loop
   vertex 86.5158 -50.1477 250
   vertex 88.9322 -55.8461 250
   vertex 84.0731 -54.3607 250
  endloop
 endfacet
 facet normal 0 0 -1
  outer loop
   vertex 84.0731 -54.3607 250
   vertex 88.9322 -55.8461 250
   vertex 86.2588 -60.019 250
  endloop
 endfacet
 facet normal 0 -0 -1
  outer loop
   vertex 84.0731 -54.3607 250
   vertex 86.2588 -60.019 250
   vertex 81.4339 -58.4784 250
  endloop
 endfacet
 facet normal 0 0 -1
  outer loop
   vertex 81.4339 -58.4784 250
   vertex 86.2588 -60.019 250
   vertex 83.3936 -64.0719 250
  endloop
 endfacet
 facet normal 0 -0 -1
  outer loop
   vertex 81.4339 -58.4784 250
   vertex 83.3936 -64.0719 250
   vertex 78.6009 -62.4807 250
  endloop
 endfacet
 facet normal 0 0 -1
  outer loop
   vertex 78.6009 -62.4807 250
   vertex 83.3936 -64.0719 250
   vertex 80.3471 -67.9935 250
  endloop
 endfacet
 facet normal 0 -0 -1
  outer loop
   vertex 78.6009 -62.4807 250
   vertex 80.3471 -67.9935 250
   vertex 75.5922 -66.3618 250
  endloop
 endfacet
 facet normal 0 0 -1
  outer loop
   vertex 75.5922 -66.3618 250
   vertex 80.3471 -67.9935 250
   vertex 77.1989 -71.8006 250
  endloop
 endfacet
 facet normal 0 -0 -1
  outer loop
   vertex 75.5922 -66.3618 250
   vertex 77.1989 -71.8006 250
   vertex 72.4179 -70.1477 250
  endloop
 endfacet
 facet normal 0 0 -1
  outer loop
   vertex 72.4179 -70.1477 250
   vertex 77.1989 -71.8006 250
   vertex 73.7801 -75.6908 250
  endloop
 endfacet
 facet normal 0 -0 -1
  outer loop
   vertex 72.4179 -70.1477 250
   vertex 73.7801 -75.6908 250
   vertex 68.7841 -74.0402 250
  endloop
 endfacet
 facet normal 0 -0 -1
  outer loop
   vertex 68.7841 -74.0402 250
   vertex 73.7801 -75.6908 250
   vertex 68.2616 -80.6293 250
  endloop
 endfacet
 facet normal 0 0 -1
  outer loop
   vertex 68.7841 -74.0402 250
   vertex 68.2616 -80.6293 250
   vertex 64.4908 -78.0973 250
  endloop
 endfacet
 facet normal 0 -0 -1
  outer loop
   vertex 64.4908 -78.0973 250
   vertex 68.2616 -80.6293 250
   vertex 64.1019 -84.1337 250
  endloop
 endfacet
 facet normal 0 0 -1
  outer loop
   vertex 64.4908 -78.0973 250
   vertex 64.1019 -84.1337 250
   vertex 60.6333 -81.5729 250
  endloop
 endfacet
 facet normal 0 -0 -1
  outer loop
   vertex 60.6333 -81.5729 250
   vertex 64.1019 -84.1337 250
   vertex 60.2088 -87.2694 250
  endloop
 endfacet
 facet normal 0 0 -1
  outer loop
   vertex 60.6333 -81.5729 250
   vertex 60.2088 -87.2694 250
   vertex 57.0958 -84.7129 250
  endloop
 endfacet
 facet normal 0 -0 -1
  outer loop
   vertex 57.0958 -84.7129 250
   vertex 60.2088 -87.2694 250
   vertex 56.376 -90.2043 250
  endloop
 endfacet
 facet normal 0 0 -1
  outer loop
   vertex 57.0958 -84.7129 250
   vertex 56.376 -90.2043 250
   vertex 53.8393 -87.4364 250
  endloop
 endfacet
 facet normal 0 -0 -1
  outer loop
   vertex 53.8393 -87.4364 250
   vertex 56.376 -90.2043 250
   vertex 52.6561 -92.6128 250
  endloop
 endfacet
 facet normal 0 0 -1
  outer loop
   vertex 53.8393 -87.4364 250
   vertex 52.6561 -92.6128 250
   vertex 51.409 -89.706 250
  endloop
 endfacet
 facet normal 0 -0 -1
  outer loop
   vertex 42.4706 -91.0715 250
   vertex 44.2689 -95.6171 250
   vertex 39.7616 -97.4966 250
  endloop
 endfacet
 facet normal 0 0 -1
  outer loop
   vertex 42.4706 -91.0715 250
   vertex 39.7616 -97.4966 250
   vertex 37.9943 -93.049 250
  endloop
 endfacet
 facet normal 0 -0 -1
  outer loop
   vertex 37.9943 -93.049 250
   vertex 39.7616 -97.4966 250
   vertex 35.1796 -99.229 250
  endloop
 endfacet
 facet normal 0 0 -1
  outer loop
   vertex 37.9943 -93.049 250
   vertex 35.1796 -99.229 250
   vertex 33.5351 -94.7798 250
  endloop
 endfacet
 facet normal 0 -0 -1
  outer loop
   vertex 33.5351 -94.7798 250
   vertex 35.1796 -99.229 250
   vertex 30.5167 -100.765 250
  endloop
 endfacet
 facet normal 0 0 -1
  outer loop
   vertex 33.5351 -94.7798 250
   vertex 30.5167 -100.765 250
   vertex 28.9904 -96.2983 250
  endloop
 endfacet
 facet normal 0 -0 -1
  outer loop
   vertex 28.9904 -96.2983 250
   vertex 30.5167 -100.765 250
   vertex 25.7752 -102.086 250
  endloop
 endfacet
 facet normal 0 0 -1
  outer loop
   vertex 28.9904 -96.2983 250
   vertex 25.7752 -102.086 250
   vertex 24.346 -97.5812 250
  endloop
 endfacet
 facet normal 0 -0 -1
  outer loop
   vertex 24.346 -97.5812 250
   vertex 25.7752 -102.086 250
   vertex 20.9671 -103.199 250
  endloop
 endfacet
 facet normal 0 0 -1
  outer loop
   vertex 24.346 -97.5812 250
   vertex 20.9671 -103.199 250
   vertex 19.6279 -98.6824 250
  endloop
 endfacet
 facet normal 0 -0 -1
  outer loop
   vertex 19.6279 -98.6824 250
   vertex 20.9671 -103.199 250
   vertex 16.1032 -104.09 250
  endloop
 endfacet
 facet normal 0 0 -1
  outer loop
   vertex 19.6279 -98.6824 250
   vertex 16.1032 -104.09 250
   vertex 14.8415 -99.5542 250
  endloop
 endfacet
 facet normal 0 -0 -1
  outer loop
   vertex 14.8415 -99.5542 250
   vertex 16.1032 -104.09 250
   vertex 11.1963 -104.76 250
  endloop
 endfacet
 facet normal 0 0 -1
  outer loop
   vertex 14.8415 -99.5542 250
   vertex 11.1963 -104.76 250
   vertex 10.0025 -100.21 250
  endloop
 endfacet
 facet normal 0 -0 -1
  outer loop
   vertex 10.0025 -100.21 250
   vertex 11.1963 -104.76 250
   vertex 6.2561 -105.206 250
  endloop
 endfacet
 facet normal 0 0 -1
  outer loop
   vertex 10.0025 -100.21 250
   vertex 6.2561 -105.206 250
   vertex 5.12352 -100.644 250
  endloop
 endfacet
 facet normal 0 -0 -1
  outer loop
   vertex 5.12352 -100.644 250
   vertex 6.2561 -105.206 250
   vertex 1.29272 -105.428 250
  endloop
 endfacet
 facet normal 0 0 -1
  outer loop
   vertex 5.12352 -100.644 250
   vertex 1.29272 -105.428 250
   vertex 0.216186 -100.861 250
  endloop
 endfacet
 facet normal 0 -0 -1
  outer loop
   vertex 0.216186 -100.861 250
   vertex 1.29272 -105.428 250
   vertex -3.67891 -105.424 250
  endloop
 endfacet
 facet normal -0 0 -1
  outer loop
   vertex 0.216186 -100.861 250
   vertex -3.67891 -105.424 250
   vertex -4.69869 -100.85 250
  endloop
 endfacet
 facet normal 0 -0 -1
  outer loop
   vertex -4.69869 -100.85 250
   vertex -3.67891 -105.424 250
   vertex -8.64533 -105.193 250
  endloop
 endfacet
 facet normal -0 0 -1
  outer loop
   vertex -4.69869 -100.85 250
   vertex -8.64533 -105.193 250
   vertex -9.60968 -100.614 250
  endloop
 endfacet
 facet normal 0 -0 -1
  outer loop
   vertex -9.60968 -100.614 250
   vertex -8.64533 -105.193 250
   vertex -13.5983 -104.736 250
  endloop
 endfacet
 facet normal -0 0 -1
  outer loop
   vertex -9.60968 -100.614 250
   vertex -13.5983 -104.736 250
   vertex -14.5131 -100.158 250
  endloop
 endfacet
 facet normal 0 -0 -1
  outer loop
   vertex -14.5131 -100.158 250
   vertex -13.5983 -104.736 250
   vertex -18.528 -104.057 250
  endloop
 endfacet
 facet normal -0 0 -1
  outer loop
   vertex -14.5131 -100.158 250
   vertex -18.528 -104.057 250
   vertex -19.4051 -99.4756 250
  endloop
 endfacet
 facet normal 0 -0 -1
  outer loop
   vertex -19.4051 -99.4756 250
   vertex -18.528 -104.057 250
   vertex -23.4308 -103.145 250
  endloop
 endfacet
 facet normal -0 0 -1
  outer loop
   vertex -19.4051 -99.4756 250
   vertex -23.4308 -103.145 250
   vertex -24.2783 -98.5592 250
  endloop
 endfacet
 facet normal 0 -0 -1
  outer loop
   vertex -24.2783 -98.5592 250
   vertex -23.4308 -103.145 250
   vertex -28.2983 -101.997 250
  endloop
 endfacet
 facet normal -0 0 -1
  outer loop
   vertex -24.2783 -98.5592 250
   vertex -28.2983 -101.997 250
   vertex -29.0985 -97.4525 250
  endloop
 endfacet
 facet normal 0 -0 -1
  outer loop
   vertex -29.0985 -97.4525 250
   vertex -28.2983 -101.997 250
   vertex -33.0826 -100.666 250
  endloop
 endfacet
 facet normal -0 0 -1
  outer loop
   vertex -29.0985 -97.4525 250
   vertex -33.0826 -100.666 250
   vertex -33.7615 -96.2887 250
  endloop
 endfacet
 facet normal 0 -0 -1
  outer loop
   vertex -33.7615 -96.2887 250
   vertex -33.0826 -100.666 250
   vertex -37.6651 -99.2761 250
  endloop
 endfacet
 facet normal -0 0 -1
  outer loop
   vertex -33.7615 -96.2887 250
   vertex -37.6651 -99.2761 250
   vertex -38.1022 -95.2355 250
  endloop
 endfacet
 facet normal 0 -0 -1
  outer loop
   vertex -38.1022 -95.2355 250
   vertex -37.6651 -99.2761 250
   vertex -41.8994 -97.9476 250
  endloop
 endfacet
 facet normal -0 0 -1
  outer loop
   vertex -38.1022 -95.2355 250
   vertex -41.8994 -97.9476 250
   vertex -42.1369 -94.2955 250
  endloop
 endfacet
 facet normal 0 -0 -1
  outer loop
   vertex -42.1369 -94.2955 250
   vertex -41.8994 -97.9476 250
   vertex -45.4057 -96.954 250
  endloop
 endfacet
 facet normal -0 0 -1
  outer loop
   vertex -42.1369 -94.2955 250
   vertex -45.4057 -96.954 250
   vertex -45.9829 -93.9561 250
  endloop
 endfacet
 facet normal 0 0 -1
  outer loop
   vertex 89.2514 12.9024 250
   vertex 86.0644 16.1028 250
   vertex 90.6046 18.9602 250
  endloop
 endfacet
 facet normal 0 0 -1
  outer loop
   vertex 89.2514 12.9024 250
   vertex 90.6046 18.9602 250
   vertex 92.3891 14.9831 250
  endloop
 endfacet
 facet normal 0 0 -1
  outer loop
   vertex -61.1718 -78.1942 250
   vertex -64.217 -82.5493 250
   vertex -68.0537 -79.5078 250
  endloop
 endfacet
 facet normal -0 0 -1
  outer loop
   vertex -61.1718 -78.1942 250
   vertex -68.0537 -79.5078 250
   vertex -64.858 -75.4164 250
  endloop
 endfacet
 facet normal 0 0 -1
  outer loop
   vertex -53.2704 -82.6272 250
   vertex -54.9533 -88.302 250
   vertex -60.1175 -85.5265 250
  endloop
 endfacet
 facet normal -0 0 -1
  outer loop
   vertex -53.2704 -82.6272 250
   vertex -60.1175 -85.5265 250
   vertex -57.3514 -80.6922 250
  endloop
 endfacet
 facet normal 0 0 -1
  outer loop
   vertex -57.3514 -80.6922 250
   vertex -60.1175 -85.5265 250
   vertex -64.217 -82.5493 250
  endloop
 endfacet
 facet normal -0 0 -1
  outer loop
   vertex -57.3514 -80.6922 250
   vertex -64.217 -82.5493 250
   vertex -61.1718 -78.1942 250
  endloop
 endfacet
 facet normal 0 0 -1
  outer loop
   vertex -68.3581 -72.3086 250
   vertex -71.7008 -76.2805 250
   vertex -75.2007 -72.8831 250
  endloop
 endfacet
 facet normal -0 0 -1
  outer loop
   vertex -68.3581 -72.3086 250
   vertex -75.2007 -72.8831 250
   vertex -71.7777 -69.0419 250
  endloop
 endfacet
 facet normal 0 0 -1
  outer loop
   vertex -71.7777 -69.0419 250
   vertex -75.2007 -72.8831 250
   vertex -78.538 -69.3115 250
  endloop
 endfacet
 facet normal -0 0 -1
  outer loop
   vertex -71.7777 -69.0419 250
   vertex -78.538 -69.3115 250
   vertex -75.0145 -65.5629 250
  endloop
 endfacet
 facet normal 0 0 -1
  outer loop
   vertex -75.0145 -65.5629 250
   vertex -78.538 -69.3115 250
   vertex -81.7181 -65.5775 250
  endloop
 endfacet
 facet normal -0 0 -1
  outer loop
   vertex -75.0145 -65.5629 250
   vertex -81.7181 -65.5775 250
   vertex -78.1193 -61.9176 250
  endloop
 endfacet
 facet normal -0 0 -1
  outer loop
   vertex -78.1193 -61.9176 250
   vertex -81.7181 -65.5775 250
   vertex -84.7352 -61.6853 250
  endloop
 endfacet
 facet normal 0 0 -1
  outer loop
   vertex -78.1193 -61.9176 250
   vertex -84.7352 -61.6853 250
   vertex -81.0681 -58.1009 250
  endloop
 endfacet
 facet normal -0 0 -1
  outer loop
   vertex -81.0681 -58.1009 250
   vertex -84.7352 -61.6853 250
   vertex -87.5838 -57.6452 250
  endloop
 endfacet
 facet normal 0 0 -1
  outer loop
   vertex -81.0681 -58.1009 250
   vertex -87.5838 -57.6452 250
   vertex -83.8698 -54.128 250
  endloop
 endfacet
 facet normal -0 0 -1
  outer loop
   vertex -83.8698 -54.128 250
   vertex -87.5838 -57.6452 250
   vertex -90.2459 -53.4736 250
  endloop
 endfacet
 facet normal 0 0 -1
  outer loop
   vertex -83.8698 -54.128 250
   vertex -90.2459 -53.4736 250
   vertex -86.4792 -50.0218 250
  endloop
 endfacet
 facet normal -0 0 -1
  outer loop
   vertex -86.4792 -50.0218 250
   vertex -90.2459 -53.4736 250
   vertex -92.714 -49.1855 250
  endloop
 endfacet
 facet normal 0 0 -1
  outer loop
   vertex -86.4792 -50.0218 250
   vertex -92.714 -49.1855 250
   vertex -88.9003 -45.7997 250
  endloop
 endfacet
 facet normal -0 0 -1
  outer loop
   vertex -88.9003 -45.7997 250
   vertex -92.714 -49.1855 250
   vertex -94.9864 -44.7896 250
  endloop
 endfacet
 facet normal 0 0 -1
  outer loop
   vertex -88.9003 -45.7997 250
   vertex -94.9864 -44.7896 250
   vertex -91.1385 -41.4638 250
  endloop
 endfacet
 facet normal -0 0 -1
  outer loop
   vertex -91.1385 -41.4638 250
   vertex -94.9864 -44.7896 250
   vertex -97.06 -40.2893 250
  endloop
 endfacet
 facet normal 0 0 -1
  outer loop
   vertex -91.1385 -41.4638 250
   vertex -97.06 -40.2893 250
   vertex -93.1852 -37.0154 250
  endloop
 endfacet
 facet normal -0 0 -1
  outer loop
   vertex -93.1852 -37.0154 250
   vertex -97.06 -40.2893 250
   vertex -98.9284 -35.6913 250
  endloop
 endfacet
 facet normal 0 0 -1
  outer loop
   vertex -93.1852 -37.0154 250
   vertex -98.9284 -35.6913 250
   vertex -95.0261 -32.4667 250
  endloop
 endfacet
 facet normal -0 0 -1
  outer loop
   vertex -95.0261 -32.4667 250
   vertex -98.9284 -35.6913 250
   vertex -100.587 -31.0119 250
  endloop
 endfacet
 facet normal 0 0 -1
  outer loop
   vertex -95.0261 -32.4667 250
   vertex -100.587 -31.0119 250
   vertex -96.6669 -27.8416 250
  endloop
 endfacet
 facet normal -0 0 -1
  outer loop
   vertex -96.6669 -27.8416 250
   vertex -100.587 -31.0119 250
   vertex -102.095 -26.3118 250
  endloop
 endfacet
 facet normal 0 0 -1
  outer loop
   vertex -96.6669 -27.8416 250
   vertex -102.095 -26.3118 250
   vertex -98.1393 -23.1352 250
  endloop
 endfacet
 facet normal -0 0 -1
  outer loop
   vertex -98.1393 -23.1352 250
   vertex -102.095 -26.3118 250
   vertex -103.527 -21.3435 250
  endloop
 endfacet
 facet normal 0 0 -1
  outer loop
   vertex -98.1393 -23.1352 250
   vertex -103.527 -21.3435 250
   vertex -99.4535 -17.9888 250
  endloop
 endfacet
 facet normal -0 0 -1
  outer loop
   vertex -99.4535 -17.9888 250
   vertex -103.527 -21.3435 250
   vertex -104.71 -14.0386 250
  endloop
 endfacet
 facet normal 0 0 -1
  outer loop
   vertex -99.4535 -17.9888 250
   vertex -104.71 -14.0386 250
   vertex -100.55 -12.2045 250
  endloop
 endfacet
 facet normal -0 0 -1
  outer loop
   vertex -100.55 -12.2045 250
   vertex -104.71 -14.0386 250
   vertex -105.414 -8.64598 250
  endloop
 endfacet
 facet normal 0 0 -1
  outer loop
   vertex -100.55 -12.2045 250
   vertex -105.414 -8.64598 250
   vertex -101.391 -7.09209 250
  endloop
 endfacet
 facet normal -0 0 -1
  outer loop
   vertex -101.391 -7.09209 250
   vertex -105.414 -8.64598 250
   vertex -105.944 -3.66775 250
  endloop
 endfacet
 facet normal 0 0 -1
  outer loop
   vertex -101.391 -7.09209 250
   vertex -105.944 -3.66775 250
   vertex -102.125 -2.41648 250
  endloop
 endfacet
 facet normal -0 0 -1
  outer loop
   vertex -102.125 -2.41648 250
   vertex -105.944 -3.66775 250
   vertex -106.295 1.19684 250
  endloop
 endfacet
 facet normal 0 0 -1
  outer loop
   vertex -102.125 -2.41648 250
   vertex -106.295 1.19684 250
   vertex -102.595 1.86317 250
  endloop
 endfacet
 facet normal -0 0 -1
  outer loop
   vertex -102.595 1.86317 250
   vertex -106.295 1.19684 250
   vertex -106.292 5.69516 250
  endloop
 endfacet
 facet normal 0 0 -1
  outer loop
   vertex -102.595 1.86317 250
   vertex -106.292 5.69516 250
   vertex -103.181 5.1416 250
  endloop
 endfacet
 facet normal 0 0 -1
  outer loop
   vertex -99.568 13.3941 250
   vertex -104.38 14.3004 250
   vertex -103.536 19.0988 250
  endloop
 endfacet
 facet normal 0 0 -1
  outer loop
   vertex -99.568 13.3941 250
   vertex -103.536 19.0988 250
   vertex -98.8185 18.2329 250
  endloop
 endfacet
 facet normal 0 0 -1
  outer loop
   vertex -98.8185 18.2329 250
   vertex -103.536 19.0988 250
   vertex -102.529 23.8872 250
  endloop
 endfacet
 facet normal 0 0 -1
  outer loop
   vertex -98.8185 18.2329 250
   vertex -102.529 23.8872 250
   vertex -97.8749 22.9231 250
  endloop
 endfacet
 facet normal 0 0 -1
  outer loop
   vertex -97.8749 22.9231 250
   vertex -102.529 23.8872 250
   vertex -101.312 28.6368 250
  endloop
 endfacet
 facet normal 0 0 -1
  outer loop
   vertex -97.8749 22.9231 250
   vertex -101.312 28.6368 250
   vertex -96.7115 27.5611 250
  endloop
 endfacet
 facet normal 0 0 -1
  outer loop
   vertex -96.7115 27.5611 250
   vertex -101.312 28.6368 250
   vertex -99.8729 33.3349 250
  endloop
 endfacet
 facet normal 0 0 -1
  outer loop
   vertex -96.7115 27.5611 250
   vertex -99.8729 33.3349 250
   vertex -95.2965 32.1465 250
  endloop
 endfacet
 facet normal 0 0 -1
  outer loop
   vertex -95.2965 32.1465 250
   vertex -99.8729 33.3349 250
   vertex -98.2216 37.9757 250
  endloop
 endfacet
 facet normal 0 0 -1
  outer loop
   vertex -95.2965 32.1465 250
   vertex -98.2216 37.9757 250
   vertex -93.6862 36.6937 250
  endloop
 endfacet
 facet normal 0 0 -1
  outer loop
   vertex -93.6862 36.6937 250
   vertex -98.2216 37.9757 250
   vertex -96.354 42.5444 250
  endloop
 endfacet
 facet normal 0 0 -1
  outer loop
   vertex -93.6862 36.6937 250
   vertex -96.354 42.5444 250
   vertex -91.8468 41.1758 250
  endloop
 endfacet
 facet normal 0 0 -1
  outer loop
   vertex -91.8468 41.1758 250
   vertex -96.354 42.5444 250
   vertex -94.2758 47.0334 250
  endloop
 endfacet
 facet normal 0 0 -1
  outer loop
   vertex -91.8468 41.1758 250
   vertex -94.2758 47.0334 250
   vertex -89.7972 45.5918 250
  endloop
 endfacet
 facet normal 0 0 -1
  outer loop
   vertex -89.7972 45.5918 250
   vertex -94.2758 47.0334 250
   vertex -91.9911 51.4342 250
  endloop
 endfacet
 facet normal 0 0 -1
  outer loop
   vertex -89.7972 45.5918 250
   vertex -91.9911 51.4342 250
   vertex -87.5404 49.9335 250
  endloop
 endfacet
 facet normal 0 0 -1
  outer loop
   vertex -87.5404 49.9335 250
   vertex -91.9911 51.4342 250
   vertex -89.5037 55.734 250
  endloop
 endfacet
 facet normal 0 0 -1
  outer loop
   vertex -87.5404 49.9335 250
   vertex -89.5037 55.734 250
   vertex -85.0762 54.1824 250
  endloop
 endfacet
 facet normal 0 0 -1
  outer loop
   vertex -85.0762 54.1824 250
   vertex -89.5037 55.734 250
   vertex -86.8198 59.9212 250
  endloop
 endfacet
 facet normal 0 0 -1
  outer loop
   vertex -85.0762 54.1824 250
   vertex -86.8198 59.9212 250
   vertex -82.4136 58.3257 250
  endloop
 endfacet
 facet normal 0 0 -1
  outer loop
   vertex -82.4136 58.3257 250
   vertex -86.8198 59.9212 250
   vertex -83.946 63.9852 250
  endloop
 endfacet
 facet normal 0 0 -1
  outer loop
   vertex -82.4136 58.3257 250
   vertex -83.946 63.9852 250
   vertex -79.5595 62.3522 250
  endloop
 endfacet
 facet normal 0 0 -1
  outer loop
   vertex -79.5595 62.3522 250
   vertex -83.946 63.9852 250
   vertex -80.8881 67.9178 250
  endloop
 endfacet
 facet normal 0 0 -1
  outer loop
   vertex -79.5595 62.3522 250
   vertex -80.8881 67.9178 250
   vertex -76.5208 66.2562 250
  endloop
 endfacet
 facet normal 0 0 -1
  outer loop
   vertex -76.5208 66.2562 250
   vertex -80.8881 67.9178 250
   vertex -77.6559 71.711 250
  endloop
 endfacet
 facet normal 0 0 -1
  outer loop
   vertex -76.5208 66.2562 250
   vertex -77.6559 71.711 250
   vertex -73.297 70.0253 250
  endloop
 endfacet
 facet normal 0 0 -1
  outer loop
   vertex -73.297 70.0253 250
   vertex -77.6559 71.711 250
   vertex -74.2414 75.3548 250
  endloop
 endfacet
 facet normal 0 0 -1
  outer loop
   vertex -73.297 70.0253 250
   vertex -74.2414 75.3548 250
   vertex -69.8845 73.6482 250
  endloop
 endfacet
 facet normal 0 0 -1
  outer loop
   vertex -69.8845 73.6482 250
   vertex -74.2414 75.3548 250
   vertex -70.6439 78.8404 250
  endloop
 endfacet
 facet normal 0 0 -1
  outer loop
   vertex -69.8845 73.6482 250
   vertex -70.6439 78.8404 250
   vertex -66.3415 77.1186 250
  endloop
 endfacet
 facet normal 0 0 -1
  outer loop
   vertex -66.3415 77.1186 250
   vertex -70.6439 78.8404 250
   vertex -66.9378 82.1555 250
  endloop
 endfacet
 facet normal 0 0 -1
  outer loop
   vertex -66.3415 77.1186 250
   vertex -66.9378 82.1555 250
   vertex -62.8446 80.4173 250
  endloop
 endfacet
 facet normal 0 0 -1
  outer loop
   vertex -62.8446 80.4173 250
   vertex -66.9378 82.1555 250
   vertex -63.2968 85.2646 250
  endloop
 endfacet
 facet normal 0 0 -1
  outer loop
   vertex -62.8446 80.4173 250
   vertex -63.2968 85.2646 250
   vertex -59.6292 83.4973 250
  endloop
 endfacet
 facet normal 0 0 -1
  outer loop
   vertex -59.6292 83.4973 250
   vertex -63.2968 85.2646 250
   vertex -59.9033 88.1088 250
  endloop
 endfacet
 facet normal 0 0 -1
  outer loop
   vertex -59.6292 83.4973 250
   vertex -59.9033 88.1088 250
   vertex -56.6858 86.372 250
  endloop
 endfacet
 facet normal 0 0 -1
  outer loop
   vertex -56.6858 86.372 250
   vertex -59.9033 88.1088 250
   vertex -57.1853 90.5198 250
  endloop
 endfacet
 facet normal 0 0 -1
  outer loop
   vertex -56.6858 86.372 250
   vertex -57.1853 90.5198 250
   vertex -54.3506 89.4037 250
  endloop
 endfacet
 facet normal 0 -0 -1
  outer loop
   vertex 26.0079 36.147 250
   vertex 27.1187 32.9567 250
   vertex 22.5327 35.0611 250
  endloop
 endfacet
 facet normal 0 0 -1
  outer loop
   vertex -32.9044 93.6702 250
   vertex -34.9324 98.5811 250
   vertex -30.3 100.175 250
  endloop
 endfacet
 facet normal 0 0 -1
  outer loop
   vertex -32.9044 93.6702 250
   vertex -30.3 100.175 250
   vertex -28.5716 95.2818 250
  endloop
 endfacet
 facet normal 0 0 -1
  outer loop
   vertex -40.8926 89.4269 250
   vertex -44.7655 93.893 250
   vertex -39.6484 96.7336 250
  endloop
 endfacet
 facet normal 0 0 -1
  outer loop
   vertex -40.8926 89.4269 250
   vertex -39.6484 96.7336 250
   vertex -37.0731 91.8039 250
  endloop
 endfacet
 facet normal 0 0 -1
  outer loop
   vertex -37.0731 91.8039 250
   vertex -39.6484 96.7336 250
   vertex -34.9324 98.5811 250
  endloop
 endfacet
 facet normal 0 0 -1
  outer loop
   vertex -37.0731 91.8039 250
   vertex -34.9324 98.5811 250
   vertex -32.9044 93.6702 250
  endloop
 endfacet
 facet normal 0 0 -1
  outer loop
   vertex -24.047 96.5618 250
   vertex -25.6091 101.51 250
   vertex -20.853 102.628 250
  endloop
 endfacet
 facet normal 0 0 -1
  outer loop
   vertex -24.047 96.5618 250
   vertex -20.853 102.628 250
   vertex -19.4322 97.6815 250
  endloop
 endfacet
 facet normal 0 0 -1
  outer loop
   vertex -19.4322 97.6815 250
   vertex -20.853 102.628 250
   vertex -16.0403 103.514 250
  endloop
 endfacet
 facet normal 0 0 -1
  outer loop
   vertex -19.4322 97.6815 250
   vertex -16.0403 103.514 250
   vertex -14.7414 98.532 250
  endloop
 endfacet
 facet normal 0 0 -1
  outer loop
   vertex -14.7414 98.532 250
   vertex -16.0403 103.514 250
   vertex -11.1804 104.179 250
  endloop
 endfacet
 facet normal 0 0 -1
  outer loop
   vertex -14.7414 98.532 250
   vertex -11.1804 104.179 250
   vertex -9.99557 99.1796 250
  endloop
 endfacet
 facet normal 0 0 -1
  outer loop
   vertex -9.99557 99.1796 250
   vertex -11.1804 104.179 250
   vertex -6.28008 104.622 250
  endloop
 endfacet
 facet normal 0 0 -1
  outer loop
   vertex -9.99557 99.1796 250
   vertex -6.28008 104.622 250
   vertex -5.20193 99.604 250
  endloop
 endfacet
 facet normal 0 0 -1
  outer loop
   vertex -5.20193 99.604 250
   vertex -6.28008 104.622 250
   vertex -1.34799 104.844 250
  endloop
 endfacet
 facet normal 0 0 -1
  outer loop
   vertex -5.20193 99.604 250
   vertex -1.34799 104.844 250
   vertex -0.361886 99.8221 250
  endloop
 endfacet
 facet normal 0 0 -1
  outer loop
   vertex -0.361886 99.8221 250
   vertex -1.34799 104.844 250
   vertex 3.5962 104.838 250
  endloop
 endfacet
 facet normal 0 0 -1
  outer loop
   vertex -0.361886 99.8221 250
   vertex 3.5962 104.838 250
   vertex 4.49192 99.8058 250
  endloop
 endfacet
 facet normal 0 0 -1
  outer loop
   vertex 4.49192 99.8058 250
   vertex 3.5962 104.838 250
   vertex 8.53527 104.605 250
  endloop
 endfacet
 facet normal 0 0 -1
  outer loop
   vertex 4.49192 99.8058 250
   vertex 8.53527 104.605 250
   vertex 9.34344 99.5668 250
  endloop
 endfacet
 facet normal 0 0 -1
  outer loop
   vertex 9.34344 99.5668 250
   vertex 8.53527 104.605 250
   vertex 13.4598 104.15 250
  endloop
 endfacet
 facet normal 0 0 -1
  outer loop
   vertex 9.34344 99.5668 250
   vertex 13.4598 104.15 250
   vertex 14.191 99.114 250
  endloop
 endfacet
 facet normal 0 0 -1
  outer loop
   vertex 14.191 99.114 250
   vertex 13.4598 104.15 250
   vertex 18.365 103.472 250
  endloop
 endfacet
 facet normal 0 0 -1
  outer loop
   vertex 14.191 99.114 250
   vertex 18.365 103.472 250
   vertex 19.0301 98.4429 250
  endloop
 endfacet
 facet normal 0 0 -1
  outer loop
   vertex 19.0301 98.4429 250
   vertex 18.365 103.472 250
   vertex 23.2419 102.569 250
  endloop
 endfacet
 facet normal 0 0 -1
  outer loop
   vertex 19.0301 98.4429 250
   vertex 23.2419 102.569 250
   vertex 23.8462 97.5451 250
  endloop
 endfacet
 facet normal 0 0 -1
  outer loop
   vertex 23.8462 97.5451 250
   vertex 23.2419 102.569 250
   vertex 28.0763 101.445 250
  endloop
 endfacet
 facet normal 0 0 -1
  outer loop
   vertex 23.8462 97.5451 250
   vertex 28.0763 101.445 250
   vertex 28.625 96.4371 250
  endloop
 endfacet
 facet normal 0 0 -1
  outer loop
   vertex 28.625 96.4371 250
   vertex 28.0763 101.445 250
   vertex 32.8484 100.183 250
  endloop
 endfacet
 facet normal 0 0 -1
  outer loop
   vertex 28.625 96.4371 250
   vertex 32.8484 100.183 250
   vertex 33.3898 95.1403 250
  endloop
 endfacet
 facet normal 0 0 -1
  outer loop
   vertex 33.3898 95.1403 250
   vertex 32.8484 100.183 250
   vertex 37.809 98.7108 250
  endloop
 endfacet
 facet normal 0 0 -1
  outer loop
   vertex 33.3898 95.1403 250
   vertex 37.809 98.7108 250
   vertex 38.4466 93.4694 250
  endloop
 endfacet
 facet normal 0 0 -1
  outer loop
   vertex 38.4466 93.4694 250
   vertex 37.809 98.7108 250
   vertex 44.6056 95.7692 250
  endloop
 endfacet
 facet normal 0 0 -1
  outer loop
   vertex 38.4466 93.4694 250
   vertex 44.6056 95.7692 250
   vertex 43.919 91.2735 250
  endloop
 endfacet
 facet normal 0 0 -1
  outer loop
   vertex 43.919 91.2735 250
   vertex 44.6056 95.7692 250
   vertex 49.5155 93.4684 250
  endloop
 endfacet
 facet normal 0 0 -1
  outer loop
   vertex 43.919 91.2735 250
   vertex 49.5155 93.4684 250
   vertex 48.6742 89.234 250
  endloop
 endfacet
 facet normal 0 0 -1
  outer loop
   vertex 48.6742 89.234 250
   vertex 49.5155 93.4684 250
   vertex 53.9497 91.2749 250
  endloop
 endfacet
 facet normal 0 0 -1
  outer loop
   vertex 48.6742 89.234 250
   vertex 53.9497 91.2749 250
   vertex 52.9912 87.3474 250
  endloop
 endfacet
 facet normal 0 0 -1
  outer loop
   vertex 52.9912 87.3474 250
   vertex 53.9497 91.2749 250
   vertex 58.0204 89.1351 250
  endloop
 endfacet
 facet normal 0 0 -1
  outer loop
   vertex 52.9912 87.3474 250
   vertex 58.0204 89.1351 250
   vertex 57.0423 85.4943 250
  endloop
 endfacet
 facet normal 0 0 -1
  outer loop
   vertex 57.0423 85.4943 250
   vertex 58.0204 89.1351 250
   vertex 61.4028 87.343 250
  endloop
 endfacet
 facet normal 0 0 -1
  outer loop
   vertex 57.0423 85.4943 250
   vertex 61.4028 87.343 250
   vertex 61.0852 84.0487 250
  endloop
 endfacet
 facet normal 0 0 -1
  outer loop
   vertex 64.588 76.5182 250
   vertex 67.3572 80.2902 250
   vertex 71.6132 76.9498 250
  endloop
 endfacet
 facet normal 0 0 -1
  outer loop
   vertex 64.588 76.5182 250
   vertex 71.6132 76.9498 250
   vertex 68.4284 73.4177 250
  endloop
 endfacet
 facet normal 0 0 -1
  outer loop
   vertex 68.4284 73.4177 250
   vertex 71.6132 76.9498 250
   vertex 75.2793 73.5113 250
  endloop
 endfacet
 facet normal 0 0 -1
  outer loop
   vertex 68.4284 73.4177 250
   vertex 75.2793 73.5113 250
   vertex 71.9542 70.1159 250
  endloop
 endfacet
 facet normal 0 0 -1
  outer loop
   vertex 71.9542 70.1159 250
   vertex 75.2793 73.5113 250
   vertex 78.6793 69.9259 250
  endloop
 endfacet
 facet normal 0 0 -1
  outer loop
   vertex 71.9542 70.1159 250
   vertex 78.6793 69.9259 250
   vertex 75.2771 66.6434 250
  endloop
 endfacet
 facet normal 0 0 -1
  outer loop
   vertex 75.2771 66.6434 250
   vertex 78.6793 69.9259 250
   vertex 81.8806 66.1813 250
  endloop
 endfacet
 facet normal 0 0 -1
  outer loop
   vertex 75.2771 66.6434 250
   vertex 81.8806 66.1813 250
   vertex 78.4007 62.984 250
  endloop
 endfacet
 facet normal 0 0 -1
  outer loop
   vertex 78.4007 62.984 250
   vertex 81.8806 66.1813 250
   vertex 84.9075 62.2869 250
  endloop
 endfacet
 facet normal 0 0 -1
  outer loop
   vertex 78.4007 62.984 250
   vertex 84.9075 62.2869 250
   vertex 81.3718 59.1707 250
  endloop
 endfacet
 facet normal 0 0 -1
  outer loop
   vertex 81.3718 59.1707 250
   vertex 84.9075 62.2869 250
   vertex 87.7547 58.2475 250
  endloop
 endfacet
 facet normal 0 0 -1
  outer loop
   vertex 81.3718 59.1707 250
   vertex 87.7547 58.2475 250
   vertex 84.1649 55.1966 250
  endloop
 endfacet
 facet normal 0 0 -1
  outer loop
   vertex 84.1649 55.1966 250
   vertex 87.7547 58.2475 250
   vertex 90.4202 54.0732 250
  endloop
 endfacet
 facet normal 0 0 -1
  outer loop
   vertex 84.1649 55.1966 250
   vertex 90.4202 54.0732 250
   vertex 86.788 51.0799 250
  endloop
 endfacet
 facet normal 0 0 -1
  outer loop
   vertex 86.788 51.0799 250
   vertex 90.4202 54.0732 250
   vertex 92.8987 49.7738 250
  endloop
 endfacet
 facet normal 0 0 -1
  outer loop
   vertex 86.788 51.0799 250
   vertex 92.8987 49.7738 250
   vertex 89.235 46.831 250
  endloop
 endfacet
 facet normal 0 0 -1
  outer loop
   vertex 89.235 46.831 250
   vertex 92.8987 49.7738 250
   vertex 95.1817 45.3595 250
  endloop
 endfacet
 facet normal 0 0 -1
  outer loop
   vertex 89.235 46.831 250
   vertex 95.1817 45.3595 250
   vertex 91.4888 42.463 250
  endloop
 endfacet
 facet normal 0 0 -1
  outer loop
   vertex 91.4888 42.463 250
   vertex 95.1817 45.3595 250
   vertex 97.2632 40.8422 250
  endloop
 endfacet
 facet normal 0 0 -1
  outer loop
   vertex 91.4888 42.463 250
   vertex 97.2632 40.8422 250
   vertex 93.5453 37.9871 250
  endloop
 endfacet
 facet normal 0 0 -1
  outer loop
   vertex 93.5453 37.9871 250
   vertex 97.2632 40.8422 250
   vertex 99.1372 36.2341 250
  endloop
 endfacet
 facet normal 0 0 -1
  outer loop
   vertex 93.5453 37.9871 250
   vertex 99.1372 36.2341 250
   vertex 95.3998 33.4085 250
  endloop
 endfacet
 facet normal 0 0 -1
  outer loop
   vertex 95.3998 33.4085 250
   vertex 99.1372 36.2341 250
   vertex 100.8 31.5279 250
  endloop
 endfacet
 facet normal 0 0 -1
  outer loop
   vertex 95.3998 33.4085 250
   vertex 100.8 31.5279 250
   vertex 97.0499 28.7273 250
  endloop
 endfacet
 facet normal 0 0 -1
  outer loop
   vertex 97.0499 28.7273 250
   vertex 100.8 31.5279 250
   vertex 102.249 26.7329 250
  endloop
 endfacet
 facet normal 0 0 -1
  outer loop
   vertex 97.0499 28.7273 250
   vertex 102.249 26.7329 250
   vertex 98.4925 23.9708 250
  endloop
 endfacet
 facet normal 0 0 -1
  outer loop
   vertex 98.4925 23.9708 250
   vertex 102.249 26.7329 250
   vertex 103.5 21.9077 250
  endloop
 endfacet
 facet normal 0 0 -1
  outer loop
   vertex 98.4925 23.9708 250
   vertex 103.5 21.9077 250
   vertex 99.807 19.3054 250
  endloop
 endfacet
 facet normal 0 0 -1
  outer loop
   vertex 99.807 19.3054 250
   vertex 103.5 21.9077 250
   vertex 104.577 17.1683 250
  endloop
 endfacet
 facet normal 0 0 -1
  outer loop
   vertex 99.807 19.3054 250
   vertex 104.577 17.1683 250
   vertex 101.002 14.8606 250
  endloop
 endfacet
 facet normal 0 0 -1
  outer loop
   vertex 101.002 14.8606 250
   vertex 104.577 17.1683 250
   vertex 105.527 12.6524 250
  endloop
 endfacet
 facet normal 0 0 -1
  outer loop
   vertex 101.002 14.8606 250
   vertex 105.527 12.6524 250
   vertex 102.324 10.645 250
  endloop
 endfacet
 facet normal 0 -0 -1
  outer loop
   vertex -22.8894 25.0218 250
   vertex -22.0122 22.1798 250
   vertex -25.305 23.8515 250
  endloop
 endfacet
 facet normal 0 0 -1
  outer loop
   vertex 98.7888 -9.39959 250
   vertex 104.082 -9.66766 250
   vertex 103.621 -14.5159 250
  endloop
 endfacet
 facet normal 0 -0 -1
  outer loop
   vertex 98.7888 -9.39959 250
   vertex 103.621 -14.5159 250
   vertex 98.4071 -14.0307 250
  endloop
 endfacet
 facet normal 0 0 -1
  outer loop
   vertex 97.6066 -0.066111 250
   vertex 103.67 0.686781 250
   vertex 104.182 -4.71241 250
  endloop
 endfacet
 facet normal 0 0 -1
  outer loop
   vertex 97.6066 -0.066111 250
   vertex 104.182 -4.71241 250
   vertex 98.5564 -4.73726 250
  endloop
 endfacet
 facet normal 0 0 -1
  outer loop
   vertex 98.4071 -14.0307 250
   vertex 103.621 -14.5159 250
   vertex 102.891 -19.3262 250
  endloop
 endfacet
 facet normal 0 -0 -1
  outer loop
   vertex 98.4071 -14.0307 250
   vertex 102.891 -19.3262 250
   vertex 97.7571 -18.6784 250
  endloop
 endfacet
 facet normal 0 -0 -1
  outer loop
   vertex 47.5671 -88.8504 250
   vertex 48.726 -93.8753 250
   vertex 44.2689 -95.6171 250
  endloop
 endfacet
 facet normal 0 0 -1
  outer loop
   vertex 47.5671 -88.8504 250
   vertex 44.2689 -95.6171 250
   vertex 42.4706 -91.0715 250
  endloop
 endfacet
 facet normal 0 0 -1
  outer loop
   vertex -64.858 -75.4164 250
   vertex -68.0537 -79.5078 250
   vertex -71.7008 -76.2805 250
  endloop
 endfacet
 facet normal -0 0 -1
  outer loop
   vertex -64.858 -75.4164 250
   vertex -71.7008 -76.2805 250
   vertex -68.3581 -72.3086 250
  endloop
 endfacet
 facet normal 0 0 -1
  outer loop
   vertex -100.415 7.89063 250
   vertex -105.283 9.63993 250
   vertex -104.38 14.3004 250
  endloop
 endfacet
 facet normal 0 0 -1
  outer loop
   vertex -100.415 7.89063 250
   vertex -104.38 14.3004 250
   vertex -99.568 13.3941 250
  endloop
 endfacet
 facet normal 0 0 -1
  outer loop
   vertex -28.5716 95.2818 250
   vertex -30.3 100.175 250
   vertex -25.6091 101.51 250
  endloop
 endfacet
 facet normal 0 0 -1
  outer loop
   vertex -28.5716 95.2818 250
   vertex -25.6091 101.51 250
   vertex -24.047 96.5618 250
  endloop
 endfacet
 facet normal 0 0 -1
  outer loop
   vertex -22.0122 22.1798 250
   vertex -22.8894 25.0218 250
   vertex -20.4516 26.6213 250
  endloop
 endfacet
 facet normal 0 0 -1
  outer loop
   vertex -22.0122 22.1798 250
   vertex -20.4516 26.6213 250
   vertex -18.6419 21.274 250
  endloop
 endfacet
 facet normal 0 -0 -1
  outer loop
   vertex 102.129 5.18326 250
   vertex 103.67 0.686781 250
   vertex 97.6066 -0.066111 250
  endloop
 endfacet
 facet normal 0 0 -1
  outer loop
   vertex 102.129 5.18326 250
   vertex 97.6066 -0.066111 250
   vertex 95.9417 4.56612 250
  endloop
 endfacet
 facet normal -0 0 -1
  outer loop
   vertex -50.3922 -87.1878 250
   vertex -54.9533 -88.302 250
   vertex -53.2704 -82.6272 250
  endloop
 endfacet
 facet normal 0 0 -1
  outer loop
   vertex -50.3922 -87.1878 250
   vertex -53.2704 -82.6272 250
   vertex -49.2123 -83.6367 250
  endloop
 endfacet
 facet normal 0 0 -1
  outer loop
   vertex -46.2712 89.4719 250
   vertex -44.7655 93.893 250
   vertex -40.8926 89.4269 250
  endloop
 endfacet
 facet normal 0 0 -1
  outer loop
   vertex -46.2712 89.4719 250
   vertex -40.8926 89.4269 250
   vertex -43.9087 86.5633 250
  endloop
 endfacet
 facet normal 0 0 -1
  outer loop
   vertex 90.6754 -26.8835 250
   vertex 95.641 -27.9219 250
   vertex 94.2373 -32.4872 250
  endloop
 endfacet
 facet normal 0 -0 -1
  outer loop
   vertex 90.6754 -26.8835 250
   vertex 94.2373 -32.4872 250
   vertex 89.3213 -31.3164 250
  endloop
 endfacet
 facet normal 0 0 -1
  outer loop
   vertex 91.8208 -22.4325 250
   vertex 96.8367 -23.3241 250
   vertex 95.641 -27.9219 250
  endloop
 endfacet
 facet normal 0 -0 -1
  outer loop
   vertex 91.8208 -22.4325 250
   vertex 95.641 -27.9219 250
   vertex 90.6754 -26.8835 250
  endloop
 endfacet
 facet normal 0 0 -1
  outer loop
   vertex 87.729 -35.6746 250
   vertex 92.6182 -36.9991 250
   vertex 90.7993 -41.4678 250
  endloop
 endfacet
 facet normal 0 -0 -1
  outer loop
   vertex 87.729 -35.6746 250
   vertex 90.7993 -41.4678 250
   vertex 85.9845 -40.058 250
  endloop
 endfacet
 facet normal 0 0 -1
  outer loop
   vertex 85.9845 -40.058 250
   vertex 90.7993 -41.4678 250
   vertex 88.7608 -45.8506 250
  endloop
 endfacet
 facet normal 0 -0 -1
  outer loop
   vertex 85.9845 -40.058 250
   vertex 88.7608 -45.8506 250
   vertex 83.9787 -44.3086 250
  endloop
 endfacet
 facet normal 0 0 -1
  outer loop
   vertex 83.9787 -44.3086 250
   vertex 88.7608 -45.8506 250
   vertex 86.5158 -50.1477 250
  endloop
 endfacet
 facet normal 0 -0 -1
  outer loop
   vertex 83.9787 -44.3086 250
   vertex 86.5158 -50.1477 250
   vertex 81.7748 -48.4905 250
  endloop
 endfacet
 facet normal 0 0 -1
  outer loop
   vertex 81.7748 -48.4905 250
   vertex 86.5158 -50.1477 250
   vertex 84.0731 -54.3607 250
  endloop
 endfacet
 facet normal 0 -0 -1
  outer loop
   vertex 81.7748 -48.4905 250
   vertex 84.0731 -54.3607 250
   vertex 79.3849 -52.6182 250
  endloop
 endfacet
 facet normal 0 0 -1
  outer loop
   vertex 79.3849 -52.6182 250
   vertex 84.0731 -54.3607 250
   vertex 81.4339 -58.4784 250
  endloop
 endfacet
 facet normal 0 -0 -1
  outer loop
   vertex 79.3849 -52.6182 250
   vertex 81.4339 -58.4784 250
   vertex 76.7983 -56.6677 250
  endloop
 endfacet
 facet normal 0 0 -1
  outer loop
   vertex 76.7983 -56.6677 250
   vertex 81.4339 -58.4784 250
   vertex 78.6009 -62.4807 250
  endloop
 endfacet
 facet normal 0 -0 -1
  outer loop
   vertex 76.7983 -56.6677 250
   vertex 78.6009 -62.4807 250
   vertex 74.0118 -60.5955 250
  endloop
 endfacet
 facet normal 0 0 -1
  outer loop
   vertex 74.0118 -60.5955 250
   vertex 78.6009 -62.4807 250
   vertex 75.5922 -66.3618 250
  endloop
 endfacet
 facet normal 0 -0 -1
  outer loop
   vertex 74.0118 -60.5955 250
   vertex 75.5922 -66.3618 250
   vertex 71.0396 -64.4128 250
  endloop
 endfacet
 facet normal 0 0 -1
  outer loop
   vertex 71.0396 -64.4128 250
   vertex 75.5922 -66.3618 250
   vertex 72.4179 -70.1477 250
  endloop
 endfacet
 facet normal 0 -0 -1
  outer loop
   vertex 71.0396 -64.4128 250
   vertex 72.4179 -70.1477 250
   vertex 67.8623 -68.1459 250
  endloop
 endfacet
 facet normal 0 0 -1
  outer loop
   vertex 67.8623 -68.1459 250
   vertex 72.4179 -70.1477 250
   vertex 68.7841 -74.0402 250
  endloop
 endfacet
 facet normal 0 -0 -1
  outer loop
   vertex 67.8623 -68.1459 250
   vertex 68.7841 -74.0402 250
   vertex 64.3723 -71.8921 250
  endloop
 endfacet
 facet normal 0 0 -1
  outer loop
   vertex 64.3723 -71.8921 250
   vertex 68.7841 -74.0402 250
   vertex 64.4908 -78.0973 250
  endloop
 endfacet
 facet normal 0 -0 -1
  outer loop
   vertex 64.3723 -71.8921 250
   vertex 64.4908 -78.0973 250
   vertex 60.674 -75.5956 250
  endloop
 endfacet
 facet normal 0 -0 -1
  outer loop
   vertex 60.674 -75.5956 250
   vertex 64.4908 -78.0973 250
   vertex 60.6333 -81.5729 250
  endloop
 endfacet
 facet normal 0 0 -1
  outer loop
   vertex 60.674 -75.5956 250
   vertex 60.6333 -81.5729 250
   vertex 57.226 -79.0054 250
  endloop
 endfacet
 facet normal 0 -0 -1
  outer loop
   vertex 57.226 -79.0054 250
   vertex 60.6333 -81.5729 250
   vertex 57.0958 -84.7129 250
  endloop
 endfacet
 facet normal 0 0 -1
  outer loop
   vertex 57.226 -79.0054 250
   vertex 57.0958 -84.7129 250
   vertex 54.1663 -82.0974 250
  endloop
 endfacet
 facet normal 0 -0 -1
  outer loop
   vertex 54.1663 -82.0974 250
   vertex 57.0958 -84.7129 250
   vertex 53.8393 -87.4364 250
  endloop
 endfacet
 facet normal 0 0 -1
  outer loop
   vertex 54.1663 -82.0974 250
   vertex 53.8393 -87.4364 250
   vertex 50.9012 -84.9279 250
  endloop
 endfacet
 facet normal 0 0 -1
  outer loop
   vertex 50.9012 -84.9279 250
   vertex 53.8393 -87.4364 250
   vertex 51.409 -89.706 250
  endloop
 endfacet
 facet normal 0 -0 -1
  outer loop
   vertex 50.9012 -84.9279 250
   vertex 51.409 -89.706 250
   vertex 47.5671 -88.8504 250
  endloop
 endfacet
 facet normal 0 -0 -1
  outer loop
   vertex 31.8712 -90.2601 250
   vertex 33.5351 -94.7798 250
   vertex 28.9904 -96.2983 250
  endloop
 endfacet
 facet normal 0 0 -1
  outer loop
   vertex 31.8712 -90.2601 250
   vertex 28.9904 -96.2983 250
   vertex 27.4952 -91.7855 250
  endloop
 endfacet
 facet normal 0 -0 -1
  outer loop
   vertex 40.2797 -86.5201 250
   vertex 42.4706 -91.0715 250
   vertex 37.9943 -93.049 250
  endloop
 endfacet
 facet normal 0 0 -1
  outer loop
   vertex 40.2797 -86.5201 250
   vertex 37.9943 -93.049 250
   vertex 36.1162 -88.5026 250
  endloop
 endfacet
 facet normal 0 -0 -1
  outer loop
   vertex 36.1162 -88.5026 250
   vertex 37.9943 -93.049 250
   vertex 33.5351 -94.7798 250
  endloop
 endfacet
 facet normal 0 0 -1
  outer loop
   vertex 36.1162 -88.5026 250
   vertex 33.5351 -94.7798 250
   vertex 31.8712 -90.2601 250
  endloop
 endfacet
 facet normal 0 -0 -1
  outer loop
   vertex 22.9643 -92.9814 250
   vertex 24.346 -97.5812 250
   vertex 19.6279 -98.6824 250
  endloop
 endfacet
 facet normal 0 0 -1
  outer loop
   vertex 22.9643 -92.9814 250
   vertex 19.6279 -98.6824 250
   vertex 18.3704 -94.1048 250
  endloop
 endfacet
 facet normal 0 -0 -1
  outer loop
   vertex 18.3704 -94.1048 250
   vertex 19.6279 -98.6824 250
   vertex 14.8415 -99.5542 250
  endloop
 endfacet
 facet normal 0 0 -1
  outer loop
   vertex 18.3704 -94.1048 250
   vertex 14.8415 -99.5542 250
   vertex 13.6845 -94.9384 250
  endloop
 endfacet
 facet normal 0 -0 -1
  outer loop
   vertex 13.6845 -94.9384 250
   vertex 14.8415 -99.5542 250
   vertex 10.0025 -100.21 250
  endloop
 endfacet
 facet normal 0 0 -1
  outer loop
   vertex 13.6845 -94.9384 250
   vertex 10.0025 -100.21 250
   vertex 8.93848 -95.581 250
  endloop
 endfacet
 facet normal 0 -0 -1
  outer loop
   vertex 8.93848 -95.581 250
   vertex 10.0025 -100.21 250
   vertex 5.12352 -100.644 250
  endloop
 endfacet
 facet normal 0 0 -1
  outer loop
   vertex 8.93848 -95.581 250
   vertex 5.12352 -100.644 250
   vertex 4.15123 -95.996 250
  endloop
 endfacet
 facet normal 0 -0 -1
  outer loop
   vertex 4.15123 -95.996 250
   vertex 5.12352 -100.644 250
   vertex 0.216186 -100.861 250
  endloop
 endfacet
 facet normal 0 0 -1
  outer loop
   vertex 4.15123 -95.996 250
   vertex 0.216186 -100.861 250
   vertex -0.671443 -96.214 250
  endloop
 endfacet
 facet normal 0 -0 -1
  outer loop
   vertex -0.671443 -96.214 250
   vertex 0.216186 -100.861 250
   vertex -4.69869 -100.85 250
  endloop
 endfacet
 facet normal -0 0 -1
  outer loop
   vertex -0.671443 -96.214 250
   vertex -4.69869 -100.85 250
   vertex -5.49598 -96.1921 250
  endloop
 endfacet
 facet normal 0 -0 -1
  outer loop
   vertex -5.49598 -96.1921 250
   vertex -4.69869 -100.85 250
   vertex -9.60968 -100.614 250
  endloop
 endfacet
 facet normal -0 0 -1
  outer loop
   vertex -5.49598 -96.1921 250
   vertex -9.60968 -100.614 250
   vertex -10.321 -95.9493 250
  endloop
 endfacet
 facet normal 0 -0 -1
  outer loop
   vertex -10.321 -95.9493 250
   vertex -9.60968 -100.614 250
   vertex -14.5131 -100.158 250
  endloop
 endfacet
 facet normal -0 0 -1
  outer loop
   vertex -10.321 -95.9493 250
   vertex -14.5131 -100.158 250
   vertex -15.1522 -95.4952 250
  endloop
 endfacet
 facet normal 0 -0 -1
  outer loop
   vertex -15.1522 -95.4952 250
   vertex -14.5131 -100.158 250
   vertex -19.4051 -99.4756 250
  endloop
 endfacet
 facet normal -0 0 -1
  outer loop
   vertex -15.1522 -95.4952 250
   vertex -19.4051 -99.4756 250
   vertex -19.9863 -94.8223 250
  endloop
 endfacet
 facet normal 0 -0 -1
  outer loop
   vertex -19.9863 -94.8223 250
   vertex -19.4051 -99.4756 250
   vertex -24.2783 -98.5592 250
  endloop
 endfacet
 facet normal -0 0 -1
  outer loop
   vertex -19.9863 -94.8223 250
   vertex -24.2783 -98.5592 250
   vertex -24.7981 -93.9481 250
  endloop
 endfacet
 facet normal 0 -0 -1
  outer loop
   vertex -24.7981 -93.9481 250
   vertex -24.2783 -98.5592 250
   vertex -29.0985 -97.4525 250
  endloop
 endfacet
 facet normal -0 0 -1
  outer loop
   vertex -24.7981 -93.9481 250
   vertex -29.0985 -97.4525 250
   vertex -29.5277 -92.9762 250
  endloop
 endfacet
 facet normal 0 -0 -1
  outer loop
   vertex -29.5277 -92.9762 250
   vertex -29.0985 -97.4525 250
   vertex -33.7615 -96.2887 250
  endloop
 endfacet
 facet normal -0 0 -1
  outer loop
   vertex -29.5277 -92.9762 250
   vertex -33.7615 -96.2887 250
   vertex -34.0375 -92.077 250
  endloop
 endfacet
 facet normal 0 -0 -1
  outer loop
   vertex -34.0375 -92.077 250
   vertex -33.7615 -96.2887 250
   vertex -38.1022 -95.2355 250
  endloop
 endfacet
 facet normal -0 0 -1
  outer loop
   vertex -34.0375 -92.077 250
   vertex -38.1022 -95.2355 250
   vertex -38.1053 -91.3915 250
  endloop
 endfacet
 facet normal 0 -0 -1
  outer loop
   vertex -38.1053 -91.3915 250
   vertex -38.1022 -95.2355 250
   vertex -42.1369 -94.2955 250
  endloop
 endfacet
 facet normal -0 0 -1
  outer loop
   vertex -38.1053 -91.3915 250
   vertex -42.1369 -94.2955 250
   vertex -42.1878 -90.4553 250
  endloop
 endfacet
 facet normal 0 -0 -1
  outer loop
   vertex -42.1878 -90.4553 250
   vertex -42.1369 -94.2955 250
   vertex -45.9829 -93.9561 250
  endloop
 endfacet
 facet normal -0 0 -1
  outer loop
   vertex -42.1878 -90.4553 250
   vertex -45.9829 -93.9561 250
   vertex -47.0987 -89.8982 250
  endloop
 endfacet
 facet normal 0 0 -1
  outer loop
   vertex -45.3325 -85.1568 250
   vertex -47.0987 -89.8982 250
   vertex -50.3922 -87.1878 250
  endloop
 endfacet
 facet normal -0 0 -1
  outer loop
   vertex -45.3325 -85.1568 250
   vertex -50.3922 -87.1878 250
   vertex -49.2123 -83.6367 250
  endloop
 endfacet
 facet normal 0 0 -1
  outer loop
   vertex -58.1338 -74.0267 250
   vertex -61.1718 -78.1942 250
   vertex -64.858 -75.4164 250
  endloop
 endfacet
 facet normal -0 0 -1
  outer loop
   vertex -58.1338 -74.0267 250
   vertex -64.858 -75.4164 250
   vertex -61.6643 -71.4374 250
  endloop
 endfacet
 facet normal -0 0 -1
  outer loop
   vertex -71.4498 -61.952 250
   vertex -75.0145 -65.5629 250
   vertex -78.1193 -61.9176 250
  endloop
 endfacet
 facet normal 0 0 -1
  outer loop
   vertex -71.4498 -61.952 250
   vertex -78.1193 -61.9176 250
   vertex -74.4795 -58.4267 250
  endloop
 endfacet
 facet normal 0 0 -1
  outer loop
   vertex -54.5162 -76.2487 250
   vertex -57.3514 -80.6922 250
   vertex -61.1718 -78.1942 250
  endloop
 endfacet
 facet normal -0 0 -1
  outer loop
   vertex -54.5162 -76.2487 250
   vertex -61.1718 -78.1942 250
   vertex -58.1338 -74.0267 250
  endloop
 endfacet
 facet normal -0 0 -1
  outer loop
   vertex -94.8497 8.07666 250
   vertex -100.415 7.89063 250
   vertex -99.568 13.3941 250
  endloop
 endfacet
 facet normal 0 0 -1
  outer loop
   vertex -94.8497 8.07666 250
   vertex -99.568 13.3941 250
   vertex -94.5923 12.8239 250
  endloop
 endfacet
 facet normal 0 0 -1
  outer loop
   vertex -68.3125 -65.3091 250
   vertex -71.7777 -69.0419 250
   vertex -75.0145 -65.5629 250
  endloop
 endfacet
 facet normal -0 0 -1
  outer loop
   vertex -68.3125 -65.3091 250
   vertex -75.0145 -65.5629 250
   vertex -71.4498 -61.952 250
  endloop
 endfacet
 facet normal -0 0 -1
  outer loop
   vertex -77.3197 -54.7075 250
   vertex -81.0681 -58.1009 250
   vertex -83.8698 -54.128 250
  endloop
 endfacet
 facet normal 0 0 -1
  outer loop
   vertex -77.3197 -54.7075 250
   vertex -83.8698 -54.128 250
   vertex -80.0826 -50.8271 250
  endloop
 endfacet
 facet normal -0 0 -1
  outer loop
   vertex -80.0826 -50.8271 250
   vertex -83.8698 -54.128 250
   vertex -86.4792 -50.0218 250
  endloop
 endfacet
 facet normal 0 0 -1
  outer loop
   vertex -80.0826 -50.8271 250
   vertex -86.4792 -50.0218 250
   vertex -82.6074 -46.8094 250
  endloop
 endfacet
 facet normal -0 0 -1
  outer loop
   vertex -82.6074 -46.8094 250
   vertex -86.4792 -50.0218 250
   vertex -88.9003 -45.7997 250
  endloop
 endfacet
 facet normal 0 0 -1
  outer loop
   vertex -82.6074 -46.8094 250
   vertex -88.9003 -45.7997 250
   vertex -84.9668 -42.6747 250
  endloop
 endfacet
 facet normal -0 0 -1
  outer loop
   vertex -84.9668 -42.6747 250
   vertex -88.9003 -45.7997 250
   vertex -91.1385 -41.4638 250
  endloop
 endfacet
 facet normal 0 0 -1
  outer loop
   vertex -84.9668 -42.6747 250
   vertex -91.1385 -41.4638 250
   vertex -87.1712 -38.4156 250
  endloop
 endfacet
 facet normal -0 0 -1
  outer loop
   vertex -87.1712 -38.4156 250
   vertex -91.1385 -41.4638 250
   vertex -93.1852 -37.0154 250
  endloop
 endfacet
 facet normal 0 0 -1
  outer loop
   vertex -87.1712 -38.4156 250
   vertex -93.1852 -37.0154 250
   vertex -89.1894 -34.0345 250
  endloop
 endfacet
 facet normal -0 0 -1
  outer loop
   vertex -89.1894 -34.0345 250
   vertex -93.1852 -37.0154 250
   vertex -95.0261 -32.4667 250
  endloop
 endfacet
 facet normal 0 0 -1
  outer loop
   vertex -89.1894 -34.0345 250
   vertex -95.0261 -32.4667 250
   vertex -90.9871 -29.5583 250
  endloop
 endfacet
 facet normal -0 0 -1
  outer loop
   vertex -90.9871 -29.5583 250
   vertex -95.0261 -32.4667 250
   vertex -96.6669 -27.8416 250
  endloop
 endfacet
 facet normal 0 0 -1
  outer loop
   vertex -90.9871 -29.5583 250
   vertex -96.6669 -27.8416 250
   vertex -92.5861 -25.0003 250
  endloop
 endfacet
 facet normal -0 0 -1
  outer loop
   vertex -92.5861 -25.0003 250
   vertex -96.6669 -27.8416 250
   vertex -98.1393 -23.1352 250
  endloop
 endfacet
 facet normal 0 0 -1
  outer loop
   vertex -92.5861 -25.0003 250
   vertex -98.1393 -23.1352 250
   vertex -94.0122 -20.3244 250
  endloop
 endfacet
 facet normal -0 0 -1
  outer loop
   vertex -94.0122 -20.3244 250
   vertex -98.1393 -23.1352 250
   vertex -99.4535 -17.9888 250
  endloop
 endfacet
 facet normal 0 0 -1
  outer loop
   vertex -94.0122 -20.3244 250
   vertex -99.4535 -17.9888 250
   vertex -95.2775 -15.3899 250
  endloop
 endfacet
 facet normal -0 0 -1
  outer loop
   vertex -95.2775 -15.3899 250
   vertex -99.4535 -17.9888 250
   vertex -100.55 -12.2045 250
  endloop
 endfacet
 facet normal 0 0 -1
  outer loop
   vertex -95.2775 -15.3899 250
   vertex -100.55 -12.2045 250
   vertex -96.392 -10.31 250
  endloop
 endfacet
 facet normal -0 0 -1
  outer loop
   vertex -96.392 -10.31 250
   vertex -100.55 -12.2045 250
   vertex -101.391 -7.09209 250
  endloop
 endfacet
 facet normal 0 0 -1
  outer loop
   vertex -96.392 -10.31 250
   vertex -101.391 -7.09209 250
   vertex -97.3955 -5.58728 250
  endloop
 endfacet
 facet normal -0 0 -1
  outer loop
   vertex -97.3955 -5.58728 250
   vertex -101.391 -7.09209 250
   vertex -102.125 -2.41648 250
  endloop
 endfacet
 facet normal 0 0 -1
  outer loop
   vertex -97.3955 -5.58728 250
   vertex -102.125 -2.41648 250
   vertex -98.3392 -1.3438 250
  endloop
 endfacet
 facet normal -0 0 -1
  outer loop
   vertex -98.3392 -1.3438 250
   vertex -102.125 -2.41648 250
   vertex -102.595 1.86317 250
  endloop
 endfacet
 facet normal 0 0 -1
  outer loop
   vertex -98.3392 -1.3438 250
   vertex -102.595 1.86317 250
   vertex -98.9258 2.96067 250
  endloop
 endfacet
 facet normal -0 0 -1
  outer loop
   vertex -98.9258 2.96067 250
   vertex -102.595 1.86317 250
   vertex -103.181 5.1416 250
  endloop
 endfacet
 facet normal 0 0 -1
  outer loop
   vertex -98.9258 2.96067 250
   vertex -103.181 5.1416 250
   vertex -100.415 7.89063 250
  endloop
 endfacet
 facet normal 0 0 -1
  outer loop
   vertex -93.1508 21.9295 250
   vertex -97.8749 22.9231 250
   vertex -96.7115 27.5611 250
  endloop
 endfacet
 facet normal 0 0 -1
  outer loop
   vertex -93.1508 21.9295 250
   vertex -96.7115 27.5611 250
   vertex -92.09 26.4309 250
  endloop
 endfacet
 facet normal 0 0 -1
  outer loop
   vertex -94.5923 12.8239 250
   vertex -99.568 13.3941 250
   vertex -98.8185 18.2329 250
  endloop
 endfacet
 facet normal 0 0 -1
  outer loop
   vertex -94.5923 12.8239 250
   vertex -98.8185 18.2329 250
   vertex -93.949 17.3878 250
  endloop
 endfacet
 facet normal 0 0 -1
  outer loop
   vertex -93.949 17.3878 250
   vertex -98.8185 18.2329 250
   vertex -97.8749 22.9231 250
  endloop
 endfacet
 facet normal 0 0 -1
  outer loop
   vertex -93.949 17.3878 250
   vertex -97.8749 22.9231 250
   vertex -93.1508 21.9295 250
  endloop
 endfacet
 facet normal 0 0 -1
  outer loop
   vertex -90.6696 30.8608 250
   vertex -95.2965 32.1465 250
   vertex -93.6862 36.6937 250
  endloop
 endfacet
 facet normal 0 0 -1
  outer loop
   vertex -90.6696 30.8608 250
   vertex -93.6862 36.6937 250
   vertex -89.1446 35.3041 250
  endloop
 endfacet
 facet normal 0 0 -1
  outer loop
   vertex -89.1446 35.3041 250
   vertex -93.6862 36.6937 250
   vertex -91.8468 41.1758 250
  endloop
 endfacet
 facet normal 0 0 -1
  outer loop
   vertex -89.1446 35.3041 250
   vertex -91.8468 41.1758 250
   vertex -87.3313 39.6682 250
  endloop
 endfacet
 facet normal 0 0 -1
  outer loop
   vertex -87.3313 39.6682 250
   vertex -91.8468 41.1758 250
   vertex -89.7972 45.5918 250
  endloop
 endfacet
 facet normal 0 0 -1
  outer loop
   vertex -87.3313 39.6682 250
   vertex -89.7972 45.5918 250
   vertex -85.3249 43.9877 250
  endloop
 endfacet
 facet normal 0 0 -1
  outer loop
   vertex -85.3249 43.9877 250
   vertex -89.7972 45.5918 250
   vertex -87.5404 49.9335 250
  endloop
 endfacet
 facet normal 0 0 -1
  outer loop
   vertex -85.3249 43.9877 250
   vertex -87.5404 49.9335 250
   vertex -83.1139 48.2507 250
  endloop
 endfacet
 facet normal 0 0 -1
  outer loop
   vertex -83.1139 48.2507 250
   vertex -87.5404 49.9335 250
   vertex -85.0762 54.1824 250
  endloop
 endfacet
 facet normal 0 0 -1
  outer loop
   vertex -83.1139 48.2507 250
   vertex -85.0762 54.1824 250
   vertex -80.6838 52.4234 250
  endloop
 endfacet
 facet normal 0 0 -1
  outer loop
   vertex -80.6838 52.4234 250
   vertex -85.0762 54.1824 250
   vertex -82.4136 58.3257 250
  endloop
 endfacet
 facet normal 0 0 -1
  outer loop
   vertex -80.6838 52.4234 250
   vertex -82.4136 58.3257 250
   vertex -78.054 56.5022 250
  endloop
 endfacet
 facet normal 0 0 -1
  outer loop
   vertex -78.054 56.5022 250
   vertex -82.4136 58.3257 250
   vertex -79.5595 62.3522 250
  endloop
 endfacet
 facet normal 0 0 -1
  outer loop
   vertex -78.054 56.5022 250
   vertex -79.5595 62.3522 250
   vertex -75.23 60.4738 250
  endloop
 endfacet
 facet normal 0 0 -1
  outer loop
   vertex -75.23 60.4738 250
   vertex -79.5595 62.3522 250
   vertex -76.5208 66.2562 250
  endloop
 endfacet
 facet normal 0 0 -1
  outer loop
   vertex -75.23 60.4738 250
   vertex -76.5208 66.2562 250
   vertex -72.218 64.3369 250
  endloop
 endfacet
 facet normal 0 0 -1
  outer loop
   vertex -72.218 64.3369 250
   vertex -76.5208 66.2562 250
   vertex -73.297 70.0253 250
  endloop
 endfacet
 facet normal 0 0 -1
  outer loop
   vertex -72.218 64.3369 250
   vertex -73.297 70.0253 250
   vertex -69.0165 68.071 250
  endloop
 endfacet
 facet normal 0 0 -1
  outer loop
   vertex -69.0165 68.071 250
   vertex -73.297 70.0253 250
   vertex -69.8845 73.6482 250
  endloop
 endfacet
 facet normal 0 0 -1
  outer loop
   vertex -69.0165 68.071 250
   vertex -69.8845 73.6482 250
   vertex -65.6631 71.6686 250
  endloop
 endfacet
 facet normal 0 0 -1
  outer loop
   vertex -65.6631 71.6686 250
   vertex -69.8845 73.6482 250
   vertex -66.3415 77.1186 250
  endloop
 endfacet
 facet normal 0 0 -1
  outer loop
   vertex -65.6631 71.6686 250
   vertex -66.3415 77.1186 250
   vertex -62.2864 75.1305 250
  endloop
 endfacet
 facet normal 0 0 -1
  outer loop
   vertex -62.2864 75.1305 250
   vertex -66.3415 77.1186 250
   vertex -62.8446 80.4173 250
  endloop
 endfacet
 facet normal 0 0 -1
  outer loop
   vertex -62.2864 75.1305 250
   vertex -62.8446 80.4173 250
   vertex -59.1085 78.4313 250
  endloop
 endfacet
 facet normal 0 0 -1
  outer loop
   vertex -59.1085 78.4313 250
   vertex -62.8446 80.4173 250
   vertex -59.6292 83.4973 250
  endloop
 endfacet
 facet normal 0 0 -1
  outer loop
   vertex -59.1085 78.4313 250
   vertex -59.6292 83.4973 250
   vertex -56.3638 81.472 250
  endloop
 endfacet
 facet normal 0 0 -1
  outer loop
   vertex -56.3638 81.472 250
   vertex -59.6292 83.4973 250
   vertex -56.6858 86.372 250
  endloop
 endfacet
 facet normal 0 0 -1
  outer loop
   vertex -56.3638 81.472 250
   vertex -56.6858 86.372 250
   vertex -53.4068 84.3787 250
  endloop
 endfacet
 facet normal 0 0 -1
  outer loop
   vertex -53.4068 84.3787 250
   vertex -56.6858 86.372 250
   vertex -54.3506 89.4037 250
  endloop
 endfacet
 facet normal 0 0 -1
  outer loop
   vertex -53.4068 84.3787 250
   vertex -54.3506 89.4037 250
   vertex -50.3206 88.1704 250
  endloop
 endfacet
 facet normal 0 0 -1
  outer loop
   vertex -47.2473 84.1242 250
   vertex -50.3206 88.1704 250
   vertex -46.2712 89.4719 250
  endloop
 endfacet
 facet normal 0 0 -1
  outer loop
   vertex -47.2473 84.1242 250
   vertex -46.2712 89.4719 250
   vertex -43.9087 86.5633 250
  endloop
 endfacet
 facet normal 0 0 -1
  outer loop
   vertex -31.0375 88.8742 250
   vertex -32.9044 93.6702 250
   vertex -28.5716 95.2818 250
  endloop
 endfacet
 facet normal 0 0 -1
  outer loop
   vertex -31.0375 88.8742 250
   vertex -28.5716 95.2818 250
   vertex -26.9304 90.4555 250
  endloop
 endfacet
 facet normal 0 0 -1
  outer loop
   vertex -13.559 93.5916 250
   vertex -14.7414 98.532 250
   vertex -9.99557 99.1796 250
  endloop
 endfacet
 facet normal 0 0 -1
  outer loop
   vertex -13.559 93.5916 250
   vertex -9.99557 99.1796 250
   vertex -8.95067 94.2373 250
  endloop
 endfacet
 facet normal 0 0 -1
  outer loop
   vertex -34.8588 87.0293 250
   vertex -37.0731 91.8039 250
   vertex -32.9044 93.6702 250
  endloop
 endfacet
 facet normal 0 0 -1
  outer loop
   vertex -34.8588 87.0293 250
   vertex -32.9044 93.6702 250
   vertex -31.0375 88.8742 250
  endloop
 endfacet
 facet normal 0 0 -1
  outer loop
   vertex 57.8368 75.3257 250
   vertex 60.6764 79.4343 250
   vertex 64.588 76.5182 250
  endloop
 endfacet
 facet normal 0 0 -1
  outer loop
   vertex 57.8368 75.3257 250
   vertex 64.588 76.5182 250
   vertex 61.6316 72.7048 250
  endloop
 endfacet
 facet normal 0 0 -1
  outer loop
   vertex -18.1064 92.7617 250
   vertex -19.4322 97.6815 250
   vertex -14.7414 98.532 250
  endloop
 endfacet
 facet normal 0 0 -1
  outer loop
   vertex -18.1064 92.7617 250
   vertex -14.7414 98.532 250
   vertex -13.559 93.5916 250
  endloop
 endfacet
 facet normal 0 0 -1
  outer loop
   vertex -4.30247 94.6214 250
   vertex -5.20193 99.604 250
   vertex -0.361886 99.8221 250
  endloop
 endfacet
 facet normal 0 0 -1
  outer loop
   vertex -4.30247 94.6214 250
   vertex -0.361886 99.8221 250
   vertex 0.42271 94.8578 250
  endloop
 endfacet
 facet normal 0 0 -1
  outer loop
   vertex 0.42271 94.8578 250
   vertex -0.361886 99.8221 250
   vertex 4.49192 99.8058 250
  endloop
 endfacet
 facet normal 0 0 -1
  outer loop
   vertex 0.42271 94.8578 250
   vertex 4.49192 99.8058 250
   vertex 5.14784 94.8151 250
  endloop
 endfacet
 facet normal 0 0 -1
  outer loop
   vertex 5.14784 94.8151 250
   vertex 4.49192 99.8058 250
   vertex 9.34344 99.5668 250
  endloop
 endfacet
 facet normal 0 0 -1
  outer loop
   vertex 5.14784 94.8151 250
   vertex 9.34344 99.5668 250
   vertex 9.88029 94.5645 250
  endloop
 endfacet
 facet normal 0 0 -1
  outer loop
   vertex 9.88029 94.5645 250
   vertex 9.34344 99.5668 250
   vertex 14.191 99.114 250
  endloop
 endfacet
 facet normal 0 0 -1
  outer loop
   vertex 9.88029 94.5645 250
   vertex 14.191 99.114 250
   vertex 14.6308 94.123 250
  endloop
 endfacet
 facet normal 0 0 -1
  outer loop
   vertex 14.6308 94.123 250
   vertex 14.191 99.114 250
   vertex 19.0301 98.4429 250
  endloop
 endfacet
 facet normal 0 0 -1
  outer loop
   vertex 14.6308 94.123 250
   vertex 19.0301 98.4429 250
   vertex 19.3875 93.4694 250
  endloop
 endfacet
 facet normal 0 0 -1
  outer loop
   vertex 19.3875 93.4694 250
   vertex 19.0301 98.4429 250
   vertex 23.8462 97.5451 250
  endloop
 endfacet
 facet normal 0 0 -1
  outer loop
   vertex 19.3875 93.4694 250
   vertex 23.8462 97.5451 250
   vertex 24.116 92.5775 250
  endloop
 endfacet
 facet normal 0 0 -1
  outer loop
   vertex 24.116 92.5775 250
   vertex 23.8462 97.5451 250
   vertex 28.625 96.4371 250
  endloop
 endfacet
 facet normal 0 0 -1
  outer loop
   vertex 24.116 92.5775 250
   vertex 28.625 96.4371 250
   vertex 28.8221 91.4698 250
  endloop
 endfacet
 facet normal 0 0 -1
  outer loop
   vertex 28.8221 91.4698 250
   vertex 28.625 96.4371 250
   vertex 33.3898 95.1403 250
  endloop
 endfacet
 facet normal 0 0 -1
  outer loop
   vertex 28.8221 91.4698 250
   vertex 33.3898 95.1403 250
   vertex 33.5463 90.1458 250
  endloop
 endfacet
 facet normal 0 0 -1
  outer loop
   vertex 33.5463 90.1458 250
   vertex 33.3898 95.1403 250
   vertex 38.4466 93.4694 250
  endloop
 endfacet
 facet normal 0 0 -1
  outer loop
   vertex 33.5463 90.1458 250
   vertex 38.4466 93.4694 250
   vertex 38.4045 88.544 250
  endloop
 endfacet
 facet normal 0 0 -1
  outer loop
   vertex 38.4045 88.544 250
   vertex 38.4466 93.4694 250
   vertex 43.919 91.2735 250
  endloop
 endfacet
 facet normal 0 0 -1
  outer loop
   vertex 38.4045 88.544 250
   vertex 43.919 91.2735 250
   vertex 43.2903 86.7415 250
  endloop
 endfacet
 facet normal 0 0 -1
  outer loop
   vertex 43.2903 86.7415 250
   vertex 43.919 91.2735 250
   vertex 48.6742 89.234 250
  endloop
 endfacet
 facet normal 0 0 -1
  outer loop
   vertex 43.2903 86.7415 250
   vertex 48.6742 89.234 250
   vertex 47.8043 85.0397 250
  endloop
 endfacet
 facet normal 0 0 -1
  outer loop
   vertex 47.8043 85.0397 250
   vertex 48.6742 89.234 250
   vertex 52.9912 87.3474 250
  endloop
 endfacet
 facet normal 0 0 -1
  outer loop
   vertex 47.8043 85.0397 250
   vertex 52.9912 87.3474 250
   vertex 51.8832 83.5252 250
  endloop
 endfacet
 facet normal 0 0 -1
  outer loop
   vertex 51.8832 83.5252 250
   vertex 52.9912 87.3474 250
   vertex 57.0423 85.4943 250
  endloop
 endfacet
 facet normal 0 0 -1
  outer loop
   vertex 51.8832 83.5252 250
   vertex 57.0423 85.4943 250
   vertex 55.8763 81.5591 250
  endloop
 endfacet
 facet normal 0 0 -1
  outer loop
   vertex 55.8763 81.5591 250
   vertex 57.0423 85.4943 250
   vertex 61.0852 84.0487 250
  endloop
 endfacet
 facet normal 0 0 -1
  outer loop
   vertex 55.8763 81.5591 250
   vertex 61.0852 84.0487 250
   vertex 60.6764 79.4343 250
  endloop
 endfacet
 facet normal 0 0 -1
  outer loop
   vertex 68.5909 66.6842 250
   vertex 71.9542 70.1159 250
   vertex 75.2771 66.6434 250
  endloop
 endfacet
 facet normal 0 0 -1
  outer loop
   vertex 68.5909 66.6842 250
   vertex 75.2771 66.6434 250
   vertex 71.8313 63.3709 250
  endloop
 endfacet
 facet normal 0 0 -1
  outer loop
   vertex 61.6316 72.7048 250
   vertex 64.588 76.5182 250
   vertex 68.4284 73.4177 250
  endloop
 endfacet
 facet normal 0 0 -1
  outer loop
   vertex 61.6316 72.7048 250
   vertex 68.4284 73.4177 250
   vertex 65.1552 69.7753 250
  endloop
 endfacet
 facet normal 0 0 -1
  outer loop
   vertex 65.1552 69.7753 250
   vertex 68.4284 73.4177 250
   vertex 71.9542 70.1159 250
  endloop
 endfacet
 facet normal 0 0 -1
  outer loop
   vertex 65.1552 69.7753 250
   vertex 71.9542 70.1159 250
   vertex 68.5909 66.6842 250
  endloop
 endfacet
 facet normal 0 0 -1
  outer loop
   vertex 74.8269 59.7994 250
   vertex 78.4007 62.984 250
   vertex 81.3718 59.1707 250
  endloop
 endfacet
 facet normal 0 0 -1
  outer loop
   vertex 74.8269 59.7994 250
   vertex 81.3718 59.1707 250
   vertex 77.7448 56.1029 250
  endloop
 endfacet
 facet normal 0 0 -1
  outer loop
   vertex 77.7448 56.1029 250
   vertex 81.3718 59.1707 250
   vertex 84.1649 55.1966 250
  endloop
 endfacet
 facet normal 0 0 -1
  outer loop
   vertex 77.7448 56.1029 250
   vertex 84.1649 55.1966 250
   vertex 80.4553 52.2104 250
  endloop
 endfacet
 facet normal 0 0 -1
  outer loop
   vertex 80.4553 52.2104 250
   vertex 84.1649 55.1966 250
   vertex 86.788 51.0799 250
  endloop
 endfacet
 facet normal 0 0 -1
  outer loop
   vertex 80.4553 52.2104 250
   vertex 86.788 51.0799 250
   vertex 83.0224 48.1754 250
  endloop
 endfacet
 facet normal 0 0 -1
  outer loop
   vertex 83.0224 48.1754 250
   vertex 86.788 51.0799 250
   vertex 89.235 46.831 250
  endloop
 endfacet
 facet normal 0 0 -1
  outer loop
   vertex 83.0224 48.1754 250
   vertex 89.235 46.831 250
   vertex 85.4308 44.0029 250
  endloop
 endfacet
 facet normal 0 0 -1
  outer loop
   vertex 85.4308 44.0029 250
   vertex 89.235 46.831 250
   vertex 91.4888 42.463 250
  endloop
 endfacet
 facet normal 0 0 -1
  outer loop
   vertex 85.4308 44.0029 250
   vertex 91.4888 42.463 250
   vertex 87.6415 39.7023 250
  endloop
 endfacet
 facet normal 0 0 -1
  outer loop
   vertex 87.6415 39.7023 250
   vertex 91.4888 42.463 250
   vertex 93.5453 37.9871 250
  endloop
 endfacet
 facet normal 0 0 -1
  outer loop
   vertex 87.6415 39.7023 250
   vertex 93.5453 37.9871 250
   vertex 89.6646 35.2873 250
  endloop
 endfacet
 facet normal 0 0 -1
  outer loop
   vertex 89.6646 35.2873 250
   vertex 93.5453 37.9871 250
   vertex 95.3998 33.4085 250
  endloop
 endfacet
 facet normal 0 0 -1
  outer loop
   vertex 89.6646 35.2873 250
   vertex 95.3998 33.4085 250
   vertex 91.4896 30.7599 250
  endloop
 endfacet
 facet normal 0 0 -1
  outer loop
   vertex 91.4896 30.7599 250
   vertex 95.3998 33.4085 250
   vertex 97.0499 28.7273 250
  endloop
 endfacet
 facet normal 0 0 -1
  outer loop
   vertex 91.4896 30.7599 250
   vertex 97.0499 28.7273 250
   vertex 93.1133 26.123 250
  endloop
 endfacet
 facet normal 0 0 -1
  outer loop
   vertex 93.1133 26.123 250
   vertex 97.0499 28.7273 250
   vertex 98.4925 23.9708 250
  endloop
 endfacet
 facet normal 0 0 -1
  outer loop
   vertex 93.1133 26.123 250
   vertex 98.4925 23.9708 250
   vertex 94.5734 21.4611 250
  endloop
 endfacet
 facet normal 0 0 -1
  outer loop
   vertex 94.5734 21.4611 250
   vertex 98.4925 23.9708 250
   vertex 99.807 19.3054 250
  endloop
 endfacet
 facet normal 0 0 -1
  outer loop
   vertex 94.5734 21.4611 250
   vertex 99.807 19.3054 250
   vertex 96.0034 17.0947 250
  endloop
 endfacet
 facet normal 0 0 -1
  outer loop
   vertex 96.0034 17.0947 250
   vertex 99.807 19.3054 250
   vertex 101.002 14.8606 250
  endloop
 endfacet
 facet normal 0 0 -1
  outer loop
   vertex 96.0034 17.0947 250
   vertex 101.002 14.8606 250
   vertex 97.1168 13.0463 250
  endloop
 endfacet
 facet normal 0 0 -1
  outer loop
   vertex 97.1168 13.0463 250
   vertex 101.002 14.8606 250
   vertex 102.324 10.645 250
  endloop
 endfacet
 facet normal 0 0 -1
  outer loop
   vertex 97.1168 13.0463 250
   vertex 102.324 10.645 250
   vertex 98.0104 9.68959 250
  endloop
 endfacet
 facet normal 0 0 -1
  outer loop
   vertex 93.5125 -9.0883 250
   vertex 98.7888 -9.39959 250
   vertex 98.4071 -14.0307 250
  endloop
 endfacet
 facet normal 0 -0 -1
  outer loop
   vertex 93.5125 -9.0883 250
   vertex 98.4071 -14.0307 250
   vertex 93.3491 -13.5087 250
  endloop
 endfacet
 facet normal 0 0 -1
  outer loop
   vertex 91.7692 -0.755143 250
   vertex 97.6066 -0.066111 250
   vertex 98.5564 -4.73726 250
  endloop
 endfacet
 facet normal 0 0 -1
  outer loop
   vertex 91.7692 -0.755143 250
   vertex 98.5564 -4.73726 250
   vertex 93.0282 -4.7835 250
  endloop
 endfacet
 facet normal 0 0 -1
  outer loop
   vertex 93.0282 -4.7835 250
   vertex 98.5564 -4.73726 250
   vertex 98.7888 -9.39959 250
  endloop
 endfacet
 facet normal 0 0 -1
  outer loop
   vertex 93.0282 -4.7835 250
   vertex 98.7888 -9.39959 250
   vertex 93.5125 -9.0883 250
  endloop
 endfacet
 facet normal 0 0 -1
  outer loop
   vertex 93.3491 -13.5087 250
   vertex 98.4071 -14.0307 250
   vertex 97.7571 -18.6784 250
  endloop
 endfacet
 facet normal 0 -0 -1
  outer loop
   vertex 93.3491 -13.5087 250
   vertex 97.7571 -18.6784 250
   vertex 92.6853 -17.9595 250
  endloop
 endfacet
 facet normal 0 0 -1
  outer loop
   vertex 92.6853 -17.9595 250
   vertex 97.7571 -18.6784 250
   vertex 96.8367 -23.3241 250
  endloop
 endfacet
 facet normal 0 -0 -1
  outer loop
   vertex 92.6853 -17.9595 250
   vertex 96.8367 -23.3241 250
   vertex 91.8208 -22.4325 250
  endloop
 endfacet
 facet normal 0 -0 -1
  outer loop
   vertex 44.4066 -84.2153 250
   vertex 47.5671 -88.8504 250
   vertex 42.4706 -91.0715 250
  endloop
 endfacet
 facet normal 0 0 -1
  outer loop
   vertex 44.4066 -84.2153 250
   vertex 42.4706 -91.0715 250
   vertex 40.2797 -86.5201 250
  endloop
 endfacet
 facet normal 0 0 -1
  outer loop
   vertex 89.3213 -31.3164 250
   vertex 94.2373 -32.4872 250
   vertex 92.6182 -36.9991 250
  endloop
 endfacet
 facet normal 0 -0 -1
  outer loop
   vertex 89.3213 -31.3164 250
   vertex 92.6182 -36.9991 250
   vertex 87.729 -35.6746 250
  endloop
 endfacet
 facet normal 0 0 -1
  outer loop
   vertex -61.6643 -71.4374 250
   vertex -64.858 -75.4164 250
   vertex -68.3581 -72.3086 250
  endloop
 endfacet
 facet normal -0 0 -1
  outer loop
   vertex -61.6643 -71.4374 250
   vertex -68.3581 -72.3086 250
   vertex -65.0267 -68.4529 250
  endloop
 endfacet
 facet normal 0 -0 -1
  outer loop
   vertex 27.4952 -91.7855 250
   vertex 28.9904 -96.2983 250
   vertex 24.346 -97.5812 250
  endloop
 endfacet
 facet normal 0 0 -1
  outer loop
   vertex 27.4952 -91.7855 250
   vertex 24.346 -97.5812 250
   vertex 22.9643 -92.9814 250
  endloop
 endfacet
 facet normal 0 0 -1
  outer loop
   vertex -65.0267 -68.4529 250
   vertex -68.3581 -72.3086 250
   vertex -71.7777 -69.0419 250
  endloop
 endfacet
 facet normal -0 0 -1
  outer loop
   vertex -65.0267 -68.4529 250
   vertex -71.7777 -69.0419 250
   vertex -68.3125 -65.3091 250
  endloop
 endfacet
 facet normal 0 0 -1
  outer loop
   vertex -50.8149 -78.0571 250
   vertex -53.2704 -82.6272 250
   vertex -57.3514 -80.6922 250
  endloop
 endfacet
 facet normal -0 0 -1
  outer loop
   vertex -50.8149 -78.0571 250
   vertex -57.3514 -80.6922 250
   vertex -54.5162 -76.2487 250
  endloop
 endfacet
 facet normal -0 0 -1
  outer loop
   vertex -74.4795 -58.4267 250
   vertex -78.1193 -61.9176 250
   vertex -81.0681 -58.1009 250
  endloop
 endfacet
 facet normal 0 0 -1
  outer loop
   vertex -74.4795 -58.4267 250
   vertex -81.0681 -58.1009 250
   vertex -77.3197 -54.7075 250
  endloop
 endfacet
 facet normal 0 0 -1
  outer loop
   vertex -26.9304 90.4555 250
   vertex -28.5716 95.2818 250
   vertex -24.047 96.5618 250
  endloop
 endfacet
 facet normal 0 0 -1
  outer loop
   vertex -26.9304 90.4555 250
   vertex -24.047 96.5618 250
   vertex -22.568 91.6953 250
  endloop
 endfacet
 facet normal 0 0 -1
  outer loop
   vertex -92.09 26.4309 250
   vertex -96.7115 27.5611 250
   vertex -95.2965 32.1465 250
  endloop
 endfacet
 facet normal 0 0 -1
  outer loop
   vertex -92.09 26.4309 250
   vertex -95.2965 32.1465 250
   vertex -90.6696 30.8608 250
  endloop
 endfacet
 facet normal 0 0 -1
  outer loop
   vertex -22.568 91.6953 250
   vertex -24.047 96.5618 250
   vertex -19.4322 97.6815 250
  endloop
 endfacet
 facet normal 0 0 -1
  outer loop
   vertex -22.568 91.6953 250
   vertex -19.4322 97.6815 250
   vertex -18.1064 92.7617 250
  endloop
 endfacet
 facet normal 0 0 -1
  outer loop
   vertex -38.349 84.8734 250
   vertex -40.8926 89.4269 250
   vertex -37.0731 91.8039 250
  endloop
 endfacet
 facet normal 0 0 -1
  outer loop
   vertex -38.349 84.8734 250
   vertex -37.0731 91.8039 250
   vertex -34.8588 87.0293 250
  endloop
 endfacet
 facet normal 0 0 -1
  outer loop
   vertex -8.95067 94.2373 250
   vertex -9.99557 99.1796 250
   vertex -5.20193 99.604 250
  endloop
 endfacet
 facet normal 0 0 -1
  outer loop
   vertex -8.95067 94.2373 250
   vertex -5.20193 99.604 250
   vertex -4.30247 94.6214 250
  endloop
 endfacet
 facet normal 0 0 -1
  outer loop
   vertex 71.8313 63.3709 250
   vertex 75.2771 66.6434 250
   vertex 78.4007 62.984 250
  endloop
 endfacet
 facet normal 0 0 -1
  outer loop
   vertex 71.8313 63.3709 250
   vertex 78.4007 62.984 250
   vertex 74.8269 59.7994 250
  endloop
 endfacet
 facet normal 0 0 -1
  outer loop
   vertex -42.1878 -90.4553 250
   vertex -47.0987 -89.8982 250
   vertex -45.3325 -85.1568 250
  endloop
 endfacet
 facet normal 0 0 -1
  outer loop
   vertex -42.1878 -90.4553 250
   vertex -45.3325 -85.1568 250
   vertex -41.2448 -86.4184 250
  endloop
 endfacet
 facet normal 0 0 -1
  outer loop
   vertex -53.4068 84.3787 250
   vertex -50.3206 88.1704 250
   vertex -47.2473 84.1242 250
  endloop
 endfacet
 facet normal 0 0 -1
  outer loop
   vertex -53.4068 84.3787 250
   vertex -47.2473 84.1242 250
   vertex -50.4942 81.4169 250
  endloop
 endfacet
 facet normal 0 0 -1
  outer loop
   vertex 98.0104 9.68959 250
   vertex 102.324 10.645 250
   vertex 102.129 5.18326 250
  endloop
 endfacet
 facet normal 0 -0 -1
  outer loop
   vertex 98.0104 9.68959 250
   vertex 102.129 5.18326 250
   vertex 95.9417 4.56612 250
  endloop
 endfacet
 facet normal 0 0 -1
  outer loop
   vertex -49.2123 -83.6367 250
   vertex -53.2704 -82.6272 250
   vertex -50.8149 -78.0571 250
  endloop
 endfacet
 facet normal 0 0 -1
  outer loop
   vertex -49.2123 -83.6367 250
   vertex -50.8149 -78.0571 250
   vertex -47.0923 -79.5151 250
  endloop
 endfacet
 facet normal 0 0 -1
  outer loop
   vertex -98.9258 2.96067 250
   vertex -100.415 7.89063 250
   vertex -94.8497 8.07666 250
  endloop
 endfacet
 facet normal 0 0 -1
  outer loop
   vertex -98.9258 2.96067 250
   vertex -94.8497 8.07666 250
   vertex -94.5904 3.47716 250
  endloop
 endfacet
 facet normal 0 0 -1
  outer loop
   vertex -43.9087 86.5633 250
   vertex -40.8926 89.4269 250
   vertex -38.349 84.8734 250
  endloop
 endfacet
 facet normal 0 0 -1
  outer loop
   vertex -43.9087 86.5633 250
   vertex -38.349 84.8734 250
   vertex -41.5386 82.4719 250
  endloop
 endfacet
 facet normal 0 0 -1
  outer loop
   vertex 55.8763 81.5591 250
   vertex 60.6764 79.4343 250
   vertex 57.8368 75.3257 250
  endloop
 endfacet
 facet normal 0 -0 -1
  outer loop
   vertex 55.8763 81.5591 250
   vertex 57.8368 75.3257 250
   vertex 53.8959 77.704 250
  endloop
 endfacet
 facet normal -0 0 -1
  outer loop
   vertex 50.9012 -84.9279 250
   vertex 47.5671 -88.8504 250
   vertex 44.4066 -84.2153 250
  endloop
 endfacet
 facet normal 0 0 -1
  outer loop
   vertex 50.9012 -84.9279 250
   vertex 44.4066 -84.2153 250
   vertex 48.1161 -81.5301 250
  endloop
 endfacet
 facet normal 0 -0 -1
  outer loop
   vertex 95.9417 4.56612 250
   vertex 97.6066 -0.066111 250
   vertex 91.7692 -0.755143 250
  endloop
 endfacet
 facet normal 0 0 -1
  outer loop
   vertex 95.9417 4.56612 250
   vertex 91.7692 -0.755143 250
   vertex 89.8441 2.77931 250
  endloop
 endfacet
 facet normal 0 -0 -1
  outer loop
   vertex 41.995 -79.6889 250
   vertex 44.4066 -84.2153 250
   vertex 40.2797 -86.5201 250
  endloop
 endfacet
 facet normal 0 0 -1
  outer loop
   vertex 41.995 -79.6889 250
   vertex 40.2797 -86.5201 250
   vertex 38.1836 -81.9896 250
  endloop
 endfacet
 facet normal 0 0 -1
  outer loop
   vertex 82.9401 -34.2246 250
   vertex 87.729 -35.6746 250
   vertex 85.9845 -40.058 250
  endloop
 endfacet
 facet normal 0 -0 -1
  outer loop
   vertex 82.9401 -34.2246 250
   vertex 85.9845 -40.058 250
   vertex 81.2524 -38.4468 250
  endloop
 endfacet
 facet normal 0 0 -1
  outer loop
   vertex 81.2524 -38.4468 250
   vertex 85.9845 -40.058 250
   vertex 83.9787 -44.3086 250
  endloop
 endfacet
 facet normal 0 -0 -1
  outer loop
   vertex 81.2524 -38.4468 250
   vertex 83.9787 -44.3086 250
   vertex 79.3013 -42.552 250
  endloop
 endfacet
 facet normal 0 0 -1
  outer loop
   vertex 74.8403 -50.6125 250
   vertex 79.3849 -52.6182 250
   vertex 76.7983 -56.6677 250
  endloop
 endfacet
 facet normal 0 -0 -1
  outer loop
   vertex 74.8403 -50.6125 250
   vertex 76.7983 -56.6677 250
   vertex 72.333 -54.5943 250
  endloop
 endfacet
 facet normal 0 0 -1
  outer loop
   vertex 72.333 -54.5943 250
   vertex 76.7983 -56.6677 250
   vertex 74.0118 -60.5955 250
  endloop
 endfacet
 facet normal 0 -0 -1
  outer loop
   vertex 72.333 -54.5943 250
   vertex 74.0118 -60.5955 250
   vertex 69.605 -58.4029 250
  endloop
 endfacet
 facet normal 0 0 -1
  outer loop
   vertex 69.605 -58.4029 250
   vertex 74.0118 -60.5955 250
   vertex 71.0396 -64.4128 250
  endloop
 endfacet
 facet normal 0 -0 -1
  outer loop
   vertex 69.605 -58.4029 250
   vertex 71.0396 -64.4128 250
   vertex 66.6933 -62.1337 250
  endloop
 endfacet
 facet normal 0 0 -1
  outer loop
   vertex 66.6933 -62.1337 250
   vertex 71.0396 -64.4128 250
   vertex 67.8623 -68.1459 250
  endloop
 endfacet
 facet normal 0 -0 -1
  outer loop
   vertex 66.6933 -62.1337 250
   vertex 67.8623 -68.1459 250
   vertex 63.5917 -65.7765 250
  endloop
 endfacet
 facet normal 0 0 -1
  outer loop
   vertex 63.5917 -65.7765 250
   vertex 67.8623 -68.1459 250
   vertex 64.3723 -71.8921 250
  endloop
 endfacet
 facet normal 0 -0 -1
  outer loop
   vertex 63.5917 -65.7765 250
   vertex 64.3723 -71.8921 250
   vertex 60.302 -69.4094 250
  endloop
 endfacet
 facet normal 0 0 -1
  outer loop
   vertex 60.302 -69.4094 250
   vertex 64.3723 -71.8921 250
   vertex 60.674 -75.5956 250
  endloop
 endfacet
 facet normal 0 -0 -1
  outer loop
   vertex 60.302 -69.4094 250
   vertex 60.674 -75.5956 250
   vertex 56.9649 -72.9729 250
  endloop
 endfacet
 facet normal 0 0 -1
  outer loop
   vertex 56.9649 -72.9729 250
   vertex 60.674 -75.5956 250
   vertex 57.226 -79.0054 250
  endloop
 endfacet
 facet normal 0 -0 -1
  outer loop
   vertex 56.9649 -72.9729 250
   vertex 57.226 -79.0054 250
   vertex 53.8677 -76.3795 250
  endloop
 endfacet
 facet normal 0 0 -1
  outer loop
   vertex 53.8677 -76.3795 250
   vertex 57.226 -79.0054 250
   vertex 54.1663 -82.0974 250
  endloop
 endfacet
 facet normal 0 -0 -1
  outer loop
   vertex 53.8677 -76.3795 250
   vertex 54.1663 -82.0974 250
   vertex 51.6815 -79.3513 250
  endloop
 endfacet
 facet normal 0 -0 -1
  outer loop
   vertex 51.6815 -79.3513 250
   vertex 54.1663 -82.0974 250
   vertex 50.9012 -84.9279 250
  endloop
 endfacet
 facet normal 0 0 -1
  outer loop
   vertex 51.6815 -79.3513 250
   vertex 50.9012 -84.9279 250
   vertex 48.1161 -81.5301 250
  endloop
 endfacet
 facet normal 0 0 -1
  outer loop
   vertex -61.7055 -64.699 250
   vertex -65.0267 -68.4529 250
   vertex -68.3125 -65.3091 250
  endloop
 endfacet
 facet normal -0 0 -1
  outer loop
   vertex -61.7055 -64.699 250
   vertex -68.3125 -65.3091 250
   vertex -64.849 -61.6688 250
  endloop
 endfacet
 facet normal 0 -0 -1
  outer loop
   vertex 30.2001 -85.6639 250
   vertex 31.8712 -90.2601 250
   vertex 27.4952 -91.7855 250
  endloop
 endfacet
 facet normal 0 0 -1
  outer loop
   vertex 30.2001 -85.6639 250
   vertex 27.4952 -91.7855 250
   vertex 25.9972 -87.1662 250
  endloop
 endfacet
 facet normal 0 -0 -1
  outer loop
   vertex 12.6319 -90.2166 250
   vertex 13.6845 -94.9384 250
   vertex 8.93848 -95.581 250
  endloop
 endfacet
 facet normal 0 0 -1
  outer loop
   vertex 12.6319 -90.2166 250
   vertex 8.93848 -95.581 250
   vertex 8.01175 -90.8721 250
  endloop
 endfacet
 facet normal 0 -0 -1
  outer loop
   vertex 34.2472 -83.9026 250
   vertex 36.1162 -88.5026 250
   vertex 31.8712 -90.2601 250
  endloop
 endfacet
 facet normal 0 0 -1
  outer loop
   vertex 34.2472 -83.9026 250
   vertex 31.8712 -90.2601 250
   vertex 30.2001 -85.6639 250
  endloop
 endfacet
 facet normal 0 -0 -1
  outer loop
   vertex 17.1743 -89.3856 250
   vertex 18.3704 -94.1048 250
   vertex 13.6845 -94.9384 250
  endloop
 endfacet
 facet normal 0 0 -1
  outer loop
   vertex 17.1743 -89.3856 250
   vertex 13.6845 -94.9384 250
   vertex 12.6319 -90.2166 250
  endloop
 endfacet
 facet normal 0 -0 -1
  outer loop
   vertex 3.35903 -91.2382 250
   vertex 4.15123 -95.996 250
   vertex -0.671443 -96.214 250
  endloop
 endfacet
 facet normal 0 0 -1
  outer loop
   vertex 3.35903 -91.2382 250
   vertex -0.671443 -96.214 250
   vertex -1.35637 -91.4916 250
  endloop
 endfacet
 facet normal 0 -0 -1
  outer loop
   vertex -1.35637 -91.4916 250
   vertex -0.671443 -96.214 250
   vertex -5.49598 -96.1921 250
  endloop
 endfacet
 facet normal -0 0 -1
  outer loop
   vertex -1.35637 -91.4916 250
   vertex -5.49598 -96.1921 250
   vertex -6.04621 -91.4369 250
  endloop
 endfacet
 facet normal 0 -0 -1
  outer loop
   vertex -6.04621 -91.4369 250
   vertex -5.49598 -96.1921 250
   vertex -10.321 -95.9493 250
  endloop
 endfacet
 facet normal -0 0 -1
  outer loop
   vertex -6.04621 -91.4369 250
   vertex -10.321 -95.9493 250
   vertex -10.7467 -91.1839 250
  endloop
 endfacet
 facet normal 0 -0 -1
  outer loop
   vertex -10.7467 -91.1839 250
   vertex -10.321 -95.9493 250
   vertex -15.1522 -95.4952 250
  endloop
 endfacet
 facet normal -0 0 -1
  outer loop
   vertex -10.7467 -91.1839 250
   vertex -15.1522 -95.4952 250
   vertex -15.4775 -90.752 250
  endloop
 endfacet
 facet normal 0 -0 -1
  outer loop
   vertex -15.4775 -90.752 250
   vertex -15.1522 -95.4952 250
   vertex -19.9863 -94.8223 250
  endloop
 endfacet
 facet normal -0 0 -1
  outer loop
   vertex -15.4775 -90.752 250
   vertex -19.9863 -94.8223 250
   vertex -20.2274 -90.1259 250
  endloop
 endfacet
 facet normal 0 -0 -1
  outer loop
   vertex -20.2274 -90.1259 250
   vertex -19.9863 -94.8223 250
   vertex -24.7981 -93.9481 250
  endloop
 endfacet
 facet normal -0 0 -1
  outer loop
   vertex -20.2274 -90.1259 250
   vertex -24.7981 -93.9481 250
   vertex -24.9478 -89.3429 250
  endloop
 endfacet
 facet normal 0 -0 -1
  outer loop
   vertex -24.9478 -89.3429 250
   vertex -24.7981 -93.9481 250
   vertex -29.5277 -92.9762 250
  endloop
 endfacet
 facet normal -0 0 -1
  outer loop
   vertex -24.9478 -89.3429 250
   vertex -29.5277 -92.9762 250
   vertex -29.5942 -88.5546 250
  endloop
 endfacet
 facet normal 0 -0 -1
  outer loop
   vertex -29.5942 -88.5546 250
   vertex -29.5277 -92.9762 250
   vertex -34.0375 -92.077 250
  endloop
 endfacet
 facet normal -0 0 -1
  outer loop
   vertex -29.5942 -88.5546 250
   vertex -34.0375 -92.077 250
   vertex -34.028 -87.9436 250
  endloop
 endfacet
 facet normal 0 0 -1
  outer loop
   vertex -34.028 -87.9436 250
   vertex -34.0375 -92.077 250
   vertex -38.1053 -91.3915 250
  endloop
 endfacet
 facet normal -0 0 -1
  outer loop
   vertex -34.028 -87.9436 250
   vertex -38.1053 -91.3915 250
   vertex -37.5198 -87.9332 250
  endloop
 endfacet
 facet normal 0 0 -1
  outer loop
   vertex -37.5198 -87.9332 250
   vertex -38.1053 -91.3915 250
   vertex -42.1878 -90.4553 250
  endloop
 endfacet
 facet normal -0 0 -1
  outer loop
   vertex -37.5198 -87.9332 250
   vertex -42.1878 -90.4553 250
   vertex -41.2448 -86.4184 250
  endloop
 endfacet
 facet normal 0 0 -1
  outer loop
   vertex -43.2989 -80.9465 250
   vertex -45.3325 -85.1568 250
   vertex -49.2123 -83.6367 250
  endloop
 endfacet
 facet normal -0 0 -1
  outer loop
   vertex -43.2989 -80.9465 250
   vertex -49.2123 -83.6367 250
   vertex -47.0923 -79.5151 250
  endloop
 endfacet
 facet normal 0 0 -1
  outer loop
   vertex -55.077 -69.9621 250
   vertex -58.1338 -74.0267 250
   vertex -61.6643 -71.4374 250
  endloop
 endfacet
 facet normal -0 0 -1
  outer loop
   vertex -55.077 -69.9621 250
   vertex -61.6643 -71.4374 250
   vertex -58.452 -67.5073 250
  endloop
 endfacet
 facet normal 0 0 -1
  outer loop
   vertex -25.3405 85.6521 250
   vertex -26.9304 90.4555 250
   vertex -22.568 91.6953 250
  endloop
 endfacet
 facet normal 0 0 -1
  outer loop
   vertex -25.3405 85.6521 250
   vertex -22.568 91.6953 250
   vertex -21.1701 86.9201 250
  endloop
 endfacet
 facet normal -0 0 -1
  outer loop
   vertex -70.746 -55.0394 250
   vertex -74.4795 -58.4267 250
   vertex -77.3197 -54.7075 250
  endloop
 endfacet
 facet normal 0 0 -1
  outer loop
   vertex -70.746 -55.0394 250
   vertex -77.3197 -54.7075 250
   vertex -73.5411 -51.4706 250
  endloop
 endfacet
 facet normal 0 0 -1
  outer loop
   vertex -89.7478 7.68847 250
   vertex -94.8497 8.07666 250
   vertex -94.5923 12.8239 250
  endloop
 endfacet
 facet normal 0 0 -1
  outer loop
   vertex -89.7478 7.68847 250
   vertex -94.5923 12.8239 250
   vertex -89.6196 12.1771 250
  endloop
 endfacet
 facet normal 0 0 -1
  outer loop
   vertex -48.2257 -73.8751 250
   vertex -50.8149 -78.0571 250
   vertex -54.5162 -76.2487 250
  endloop
 endfacet
 facet normal -0 0 -1
  outer loop
   vertex -48.2257 -73.8751 250
   vertex -54.5162 -76.2487 250
   vertex -51.6413 -72.0643 250
  endloop
 endfacet
 facet normal -0 0 -1
  outer loop
   vertex -73.5411 -51.4706 250
   vertex -77.3197 -54.7075 250
   vertex -80.0826 -50.8271 250
  endloop
 endfacet
 facet normal 0 0 -1
  outer loop
   vertex -73.5411 -51.4706 250
   vertex -80.0826 -50.8271 250
   vertex -76.1448 -47.7016 250
  endloop
 endfacet
 facet normal -0 0 -1
  outer loop
   vertex -76.1448 -47.7016 250
   vertex -80.0826 -50.8271 250
   vertex -82.6074 -46.8094 250
  endloop
 endfacet
 facet normal 0 0 -1
  outer loop
   vertex -76.1448 -47.7016 250
   vertex -82.6074 -46.8094 250
   vertex -78.5985 -43.8087 250
  endloop
 endfacet
 facet normal -0 0 -1
  outer loop
   vertex -83.0661 -35.6333 250
   vertex -87.1712 -38.4156 250
   vertex -89.1894 -34.0345 250
  endloop
 endfacet
 facet normal 0 0 -1
  outer loop
   vertex -83.0661 -35.6333 250
   vertex -89.1894 -34.0345 250
   vertex -85.064 -31.3377 250
  endloop
 endfacet
 facet normal -0 0 -1
  outer loop
   vertex -85.064 -31.3377 250
   vertex -89.1894 -34.0345 250
   vertex -90.9871 -29.5583 250
  endloop
 endfacet
 facet normal 0 0 -1
  outer loop
   vertex -85.064 -31.3377 250
   vertex -90.9871 -29.5583 250
   vertex -86.7796 -26.9686 250
  endloop
 endfacet
 facet normal -0 0 -1
  outer loop
   vertex -86.7796 -26.9686 250
   vertex -90.9871 -29.5583 250
   vertex -92.5861 -25.0003 250
  endloop
 endfacet
 facet normal 0 0 -1
  outer loop
   vertex -86.7796 -26.9686 250
   vertex -92.5861 -25.0003 250
   vertex -88.3246 -22.5143 250
  endloop
 endfacet
 facet normal -0 0 -1
  outer loop
   vertex -88.3246 -22.5143 250
   vertex -92.5861 -25.0003 250
   vertex -94.0122 -20.3244 250
  endloop
 endfacet
 facet normal 0 0 -1
  outer loop
   vertex -88.3246 -22.5143 250
   vertex -94.0122 -20.3244 250
   vertex -89.7314 -17.9481 250
  endloop
 endfacet
 facet normal -0 0 -1
  outer loop
   vertex -89.7314 -17.9481 250
   vertex -94.0122 -20.3244 250
   vertex -95.2775 -15.3899 250
  endloop
 endfacet
 facet normal 0 0 -1
  outer loop
   vertex -89.7314 -17.9481 250
   vertex -95.2775 -15.3899 250
   vertex -91.0076 -13.2554 250
  endloop
 endfacet
 facet normal -0 0 -1
  outer loop
   vertex -91.0076 -13.2554 250
   vertex -95.2775 -15.3899 250
   vertex -96.392 -10.31 250
  endloop
 endfacet
 facet normal 0 0 -1
  outer loop
   vertex -91.0076 -13.2554 250
   vertex -96.392 -10.31 250
   vertex -92.1924 -8.57 250
  endloop
 endfacet
 facet normal -0 0 -1
  outer loop
   vertex -92.1924 -8.57 250
   vertex -96.392 -10.31 250
   vertex -97.3955 -5.58728 250
  endloop
 endfacet
 facet normal 0 0 -1
  outer loop
   vertex -92.1924 -8.57 250
   vertex -97.3955 -5.58728 250
   vertex -93.3753 -4.15478 250
  endloop
 endfacet
 facet normal -0 0 -1
  outer loop
   vertex -93.3753 -4.15478 250
   vertex -97.3955 -5.58728 250
   vertex -98.3392 -1.3438 250
  endloop
 endfacet
 facet normal 0 0 -1
  outer loop
   vertex -93.3753 -4.15478 250
   vertex -98.3392 -1.3438 250
   vertex -94.691 -0.714492 250
  endloop
 endfacet
 facet normal -0 0 -1
  outer loop
   vertex -94.691 -0.714492 250
   vertex -98.3392 -1.3438 250
   vertex -98.9258 2.96067 250
  endloop
 endfacet
 facet normal 0 0 -1
  outer loop
   vertex -94.691 -0.714492 250
   vertex -98.9258 2.96067 250
   vertex -94.5904 3.47716 250
  endloop
 endfacet
 facet normal 0 0 -1
  outer loop
   vertex -21.1701 86.9201 250
   vertex -22.568 91.6953 250
   vertex -18.1064 92.7617 250
  endloop
 endfacet
 facet normal 0 0 -1
  outer loop
   vertex -21.1701 86.9201 250
   vertex -18.1064 92.7617 250
   vertex -16.8413 87.8876 250
  endloop
 endfacet
 facet normal 0 0 -1
  outer loop
   vertex -88.3735 20.8958 250
   vertex -93.1508 21.9295 250
   vertex -92.09 26.4309 250
  endloop
 endfacet
 facet normal 0 0 -1
  outer loop
   vertex -88.3735 20.8958 250
   vertex -92.09 26.4309 250
   vertex -87.3836 25.2314 250
  endloop
 endfacet
 facet normal 0 0 -1
  outer loop
   vertex -89.6196 12.1771 250
   vertex -94.5923 12.8239 250
   vertex -93.949 17.3878 250
  endloop
 endfacet
 facet normal 0 0 -1
  outer loop
   vertex -89.6196 12.1771 250
   vertex -93.949 17.3878 250
   vertex -89.0786 16.5339 250
  endloop
 endfacet
 facet normal 0 0 -1
  outer loop
   vertex -80.8483 42.2097 250
   vertex -85.3249 43.9877 250
   vertex -83.1139 48.2507 250
  endloop
 endfacet
 facet normal 0 0 -1
  outer loop
   vertex -80.8483 42.2097 250
   vertex -83.1139 48.2507 250
   vertex -78.7161 46.3822 250
  endloop
 endfacet
 facet normal 0 0 -1
  outer loop
   vertex -84.5137 33.7759 250
   vertex -89.1446 35.3041 250
   vertex -87.3313 39.6682 250
  endloop
 endfacet
 facet normal 0 0 -1
  outer loop
   vertex -84.5137 33.7759 250
   vertex -87.3313 39.6682 250
   vertex -82.783 38.0101 250
  endloop
 endfacet
 facet normal 0 0 -1
  outer loop
   vertex -78.7161 46.3822 250
   vertex -83.1139 48.2507 250
   vertex -80.6838 52.4234 250
  endloop
 endfacet
 facet normal 0 0 -1
  outer loop
   vertex -78.7161 46.3822 250
   vertex -80.6838 52.4234 250
   vertex -76.3234 50.4396 250
  endloop
 endfacet
 facet normal 0 0 -1
  outer loop
   vertex -76.3234 50.4396 250
   vertex -80.6838 52.4234 250
   vertex -78.054 56.5022 250
  endloop
 endfacet
 facet normal 0 0 -1
  outer loop
   vertex -76.3234 50.4396 250
   vertex -78.054 56.5022 250
   vertex -73.7431 54.4304 250
  endloop
 endfacet
 facet normal 0 0 -1
  outer loop
   vertex -73.7431 54.4304 250
   vertex -78.054 56.5022 250
   vertex -75.23 60.4738 250
  endloop
 endfacet
 facet normal 0 0 -1
  outer loop
   vertex -73.7431 54.4304 250
   vertex -75.23 60.4738 250
   vertex -70.9622 58.3187 250
  endloop
 endfacet
 facet normal 0 0 -1
  outer loop
   vertex -70.9622 58.3187 250
   vertex -75.23 60.4738 250
   vertex -72.218 64.3369 250
  endloop
 endfacet
 facet normal 0 0 -1
  outer loop
   vertex -70.9622 58.3187 250
   vertex -72.218 64.3369 250
   vertex -68.0017 62.132 250
  endloop
 endfacet
 facet normal 0 0 -1
  outer loop
   vertex -68.0017 62.132 250
   vertex -72.218 64.3369 250
   vertex -69.0165 68.071 250
  endloop
 endfacet
 facet normal 0 0 -1
  outer loop
   vertex -68.0017 62.132 250
   vertex -69.0165 68.071 250
   vertex -64.8633 65.8164 250
  endloop
 endfacet
 facet normal 0 0 -1
  outer loop
   vertex -64.8633 65.8164 250
   vertex -69.0165 68.071 250
   vertex -65.6631 71.6686 250
  endloop
 endfacet
 facet normal 0 0 -1
  outer loop
   vertex -64.8633 65.8164 250
   vertex -65.6631 71.6686 250
   vertex -61.6362 69.3811 250
  endloop
 endfacet
 facet normal 0 0 -1
  outer loop
   vertex -61.6362 69.3811 250
   vertex -65.6631 71.6686 250
   vertex -62.2864 75.1305 250
  endloop
 endfacet
 facet normal 0 0 -1
  outer loop
   vertex -61.6362 69.3811 250
   vertex -62.2864 75.1305 250
   vertex -58.4782 72.8564 250
  endloop
 endfacet
 facet normal 0 0 -1
  outer loop
   vertex -58.4782 72.8564 250
   vertex -62.2864 75.1305 250
   vertex -59.1085 78.4313 250
  endloop
 endfacet
 facet normal 0 0 -1
  outer loop
   vertex -58.4782 72.8564 250
   vertex -59.1085 78.4313 250
   vertex -55.619 76.2205 250
  endloop
 endfacet
 facet normal 0 0 -1
  outer loop
   vertex -55.619 76.2205 250
   vertex -59.1085 78.4313 250
   vertex -56.3638 81.472 250
  endloop
 endfacet
 facet normal 0 0 -1
  outer loop
   vertex -55.619 76.2205 250
   vertex -56.3638 81.472 250
   vertex -53.7529 79.1332 250
  endloop
 endfacet
 facet normal 0 0 -1
  outer loop
   vertex -53.7529 79.1332 250
   vertex -56.3638 81.472 250
   vertex -53.4068 84.3787 250
  endloop
 endfacet
 facet normal 0 0 -1
  outer loop
   vertex -53.7529 79.1332 250
   vertex -53.4068 84.3787 250
   vertex -50.4942 81.4169 250
  endloop
 endfacet
 facet normal 0 0 -1
  outer loop
   vertex 93.5633 11.611 250
   vertex 98.0104 9.68959 250
   vertex 95.9417 4.56612 250
  endloop
 endfacet
 facet normal 0 -0 -1
  outer loop
   vertex 93.5633 11.611 250
   vertex 95.9417 4.56612 250
   vertex 91.5443 7.28224 250
  endloop
 endfacet
 facet normal 0 0 -1
  outer loop
   vertex -44.7376 80.0135 250
   vertex -47.2473 84.1242 250
   vertex -43.9087 86.5633 250
  endloop
 endfacet
 facet normal 0 0 -1
  outer loop
   vertex -44.7376 80.0135 250
   vertex -43.9087 86.5633 250
   vertex -41.5386 82.4719 250
  endloop
 endfacet
 facet normal 0 0 -1
  outer loop
   vertex -29.2521 84.1191 250
   vertex -31.0375 88.8742 250
   vertex -26.9304 90.4555 250
  endloop
 endfacet
 facet normal 0 0 -1
  outer loop
   vertex -29.2521 84.1191 250
   vertex -26.9304 90.4555 250
   vertex -25.3405 85.6521 250
  endloop
 endfacet
 facet normal 0 0 -1
  outer loop
   vertex 68.2651 60.0466 250
   vertex 71.8313 63.3709 250
   vertex 74.8269 59.7994 250
  endloop
 endfacet
 facet normal 0 0 -1
  outer loop
   vertex 68.2651 60.0466 250
   vertex 74.8269 59.7994 250
   vertex 71.2119 56.6517 250
  endloop
 endfacet
 facet normal 0 0 -1
  outer loop
   vertex -8.02635 89.2663 250
   vertex -8.95067 94.2373 250
   vertex -4.30247 94.6214 250
  endloop
 endfacet
 facet normal 0 0 -1
  outer loop
   vertex -8.02635 89.2663 250
   vertex -4.30247 94.6214 250
   vertex -3.53511 89.6945 250
  endloop
 endfacet
 facet normal 0 0 -1
  outer loop
   vertex 54.7763 71.4097 250
   vertex 57.8368 75.3257 250
   vertex 61.6316 72.7048 250
  endloop
 endfacet
 facet normal 0 0 -1
  outer loop
   vertex 54.7763 71.4097 250
   vertex 61.6316 72.7048 250
   vertex 58.4619 68.9401 250
  endloop
 endfacet
 facet normal 0 0 -1
  outer loop
   vertex -36.1634 80.3424 250
   vertex -38.349 84.8734 250
   vertex -34.8588 87.0293 250
  endloop
 endfacet
 facet normal 0 0 -1
  outer loop
   vertex -36.1634 80.3424 250
   vertex -34.8588 87.0293 250
   vertex -32.8535 82.3336 250
  endloop
 endfacet
 facet normal 0 0 -1
  outer loop
   vertex -3.53511 89.6945 250
   vertex -4.30247 94.6214 250
   vertex 0.42271 94.8578 250
  endloop
 endfacet
 facet normal 0 0 -1
  outer loop
   vertex -3.53511 89.6945 250
   vertex 0.42271 94.8578 250
   vertex 1.00479 89.8689 250
  endloop
 endfacet
 facet normal 0 0 -1
  outer loop
   vertex 1.00479 89.8689 250
   vertex 0.42271 94.8578 250
   vertex 5.14784 94.8151 250
  endloop
 endfacet
 facet normal 0 0 -1
  outer loop
   vertex 1.00479 89.8689 250
   vertex 5.14784 94.8151 250
   vertex 5.57479 89.8291 250
  endloop
 endfacet
 facet normal 0 0 -1
  outer loop
   vertex 14.7876 89.1503 250
   vertex 14.6308 94.123 250
   vertex 19.3875 93.4694 250
  endloop
 endfacet
 facet normal 0 0 -1
  outer loop
   vertex 14.7876 89.1503 250
   vertex 19.3875 93.4694 250
   vertex 19.4539 88.5401 250
  endloop
 endfacet
 facet normal 0 0 -1
  outer loop
   vertex 19.4539 88.5401 250
   vertex 19.3875 93.4694 250
   vertex 24.116 92.5775 250
  endloop
 endfacet
 facet normal 0 0 -1
  outer loop
   vertex 19.4539 88.5401 250
   vertex 24.116 92.5775 250
   vertex 24.0488 87.6374 250
  endloop
 endfacet
 facet normal 0 0 -1
  outer loop
   vertex 24.0488 87.6374 250
   vertex 24.116 92.5775 250
   vertex 28.8221 91.4698 250
  endloop
 endfacet
 facet normal 0 0 -1
  outer loop
   vertex 24.0488 87.6374 250
   vertex 28.8221 91.4698 250
   vertex 28.6452 86.5376 250
  endloop
 endfacet
 facet normal 0 0 -1
  outer loop
   vertex 28.6452 86.5376 250
   vertex 28.8221 91.4698 250
   vertex 33.5463 90.1458 250
  endloop
 endfacet
 facet normal 0 0 -1
  outer loop
   vertex 28.6452 86.5376 250
   vertex 33.5463 90.1458 250
   vertex 33.2681 85.2516 250
  endloop
 endfacet
 facet normal 0 0 -1
  outer loop
   vertex 33.2681 85.2516 250
   vertex 33.5463 90.1458 250
   vertex 38.4045 88.544 250
  endloop
 endfacet
 facet normal 0 0 -1
  outer loop
   vertex 33.2681 85.2516 250
   vertex 38.4045 88.544 250
   vertex 37.9248 83.7854 250
  endloop
 endfacet
 facet normal 0 0 -1
  outer loop
   vertex 37.9248 83.7854 250
   vertex 38.4045 88.544 250
   vertex 43.2903 86.7415 250
  endloop
 endfacet
 facet normal 0 0 -1
  outer loop
   vertex 37.9248 83.7854 250
   vertex 43.2903 86.7415 250
   vertex 42.5073 82.2527 250
  endloop
 endfacet
 facet normal 0 0 -1
  outer loop
   vertex 42.5073 82.2527 250
   vertex 43.2903 86.7415 250
   vertex 47.8043 85.0397 250
  endloop
 endfacet
 facet normal 0 0 -1
  outer loop
   vertex 42.5073 82.2527 250
   vertex 47.8043 85.0397 250
   vertex 46.8482 80.8656 250
  endloop
 endfacet
 facet normal 0 0 -1
  outer loop
   vertex 46.8482 80.8656 250
   vertex 47.8043 85.0397 250
   vertex 51.8832 83.5252 250
  endloop
 endfacet
 facet normal 0 0 -1
  outer loop
   vertex 46.8482 80.8656 250
   vertex 51.8832 83.5252 250
   vertex 50.4443 80.1017 250
  endloop
 endfacet
 facet normal 0 0 -1
  outer loop
   vertex 50.4443 80.1017 250
   vertex 51.8832 83.5252 250
   vertex 55.8763 81.5591 250
  endloop
 endfacet
 facet normal 0 0 -1
  outer loop
   vertex 50.4443 80.1017 250
   vertex 55.8763 81.5591 250
   vertex 53.8959 77.704 250
  endloop
 endfacet
 facet normal 0 0 -1
  outer loop
   vertex 65.1588 63.2389 250
   vertex 68.5909 66.6842 250
   vertex 71.8313 63.3709 250
  endloop
 endfacet
 facet normal 0 0 -1
  outer loop
   vertex 65.1588 63.2389 250
   vertex 71.8313 63.3709 250
   vertex 68.2651 60.0466 250
  endloop
 endfacet
 facet normal 0 0 -1
  outer loop
   vertex 58.4619 68.9401 250
   vertex 61.6316 72.7048 250
   vertex 65.1552 69.7753 250
  endloop
 endfacet
 facet normal 0 0 -1
  outer loop
   vertex 58.4619 68.9401 250
   vertex 65.1552 69.7753 250
   vertex 61.8466 66.1704 250
  endloop
 endfacet
 facet normal 0 0 -1
  outer loop
   vertex 79.1042 45.3585 250
   vertex 83.0224 48.1754 250
   vertex 85.4308 44.0029 250
  endloop
 endfacet
 facet normal 0 0 -1
  outer loop
   vertex 79.1042 45.3585 250
   vertex 85.4308 44.0029 250
   vertex 81.4834 41.2943 250
  endloop
 endfacet
 facet normal 0 0 -1
  outer loop
   vertex 73.9408 53.0163 250
   vertex 77.7448 56.1029 250
   vertex 80.4553 52.2104 250
  endloop
 endfacet
 facet normal 0 0 -1
  outer loop
   vertex 73.9408 53.0163 250
   vertex 80.4553 52.2104 250
   vertex 76.604 49.2765 250
  endloop
 endfacet
 facet normal 0 0 -1
  outer loop
   vertex 81.4834 41.2943 250
   vertex 85.4308 44.0029 250
   vertex 87.6415 39.7023 250
  endloop
 endfacet
 facet normal 0 0 -1
  outer loop
   vertex 81.4834 41.2943 250
   vertex 87.6415 39.7023 250
   vertex 83.6222 37.0834 250
  endloop
 endfacet
 facet normal 0 0 -1
  outer loop
   vertex 83.6222 37.0834 250
   vertex 87.6415 39.7023 250
   vertex 89.6646 35.2873 250
  endloop
 endfacet
 facet normal 0 0 -1
  outer loop
   vertex 83.6222 37.0834 250
   vertex 89.6646 35.2873 250
   vertex 85.6024 32.7545 250
  endloop
 endfacet
 facet normal 0 0 -1
  outer loop
   vertex 85.6024 32.7545 250
   vertex 89.6646 35.2873 250
   vertex 91.4896 30.7599 250
  endloop
 endfacet
 facet normal 0 0 -1
  outer loop
   vertex 85.6024 32.7545 250
   vertex 91.4896 30.7599 250
   vertex 87.372 28.2901 250
  endloop
 endfacet
 facet normal 0 0 -1
  outer loop
   vertex 87.372 28.2901 250
   vertex 91.4896 30.7599 250
   vertex 93.1133 26.123 250
  endloop
 endfacet
 facet normal 0 0 -1
  outer loop
   vertex 87.372 28.2901 250
   vertex 93.1133 26.123 250
   vertex 88.9695 23.682 250
  endloop
 endfacet
 facet normal 0 0 -1
  outer loop
   vertex 88.9695 23.682 250
   vertex 93.1133 26.123 250
   vertex 94.5734 21.4611 250
  endloop
 endfacet
 facet normal 0 0 -1
  outer loop
   vertex 88.9695 23.682 250
   vertex 94.5734 21.4611 250
   vertex 90.6046 18.9602 250
  endloop
 endfacet
 facet normal 0 0 -1
  outer loop
   vertex 90.6046 18.9602 250
   vertex 94.5734 21.4611 250
   vertex 96.0034 17.0947 250
  endloop
 endfacet
 facet normal 0 0 -1
  outer loop
   vertex 90.6046 18.9602 250
   vertex 96.0034 17.0947 250
   vertex 92.3891 14.9831 250
  endloop
 endfacet
 facet normal 0 0 -1
  outer loop
   vertex 92.3891 14.9831 250
   vertex 96.0034 17.0947 250
   vertex 97.1168 13.0463 250
  endloop
 endfacet
 facet normal 0 0 -1
  outer loop
   vertex 92.3891 14.9831 250
   vertex 97.1168 13.0463 250
   vertex 93.5633 11.611 250
  endloop
 endfacet
 facet normal 0 0 -1
  outer loop
   vertex 87.7243 -17.1865 250
   vertex 92.6853 -17.9595 250
   vertex 91.8208 -22.4325 250
  endloop
 endfacet
 facet normal 0 -0 -1
  outer loop
   vertex 87.7243 -17.1865 250
   vertex 91.8208 -22.4325 250
   vertex 86.8997 -21.4822 250
  endloop
 endfacet
 facet normal 0 0 -1
  outer loop
   vertex 88.2936 -8.73184 250
   vertex 93.5125 -9.0883 250
   vertex 93.3491 -13.5087 250
  endloop
 endfacet
 facet normal 0 -0 -1
  outer loop
   vertex 88.2936 -8.73184 250
   vertex 93.3491 -13.5087 250
   vertex 88.2519 -12.9208 250
  endloop
 endfacet
 facet normal 0 0 -1
  outer loop
   vertex 88.2519 -12.9208 250
   vertex 93.3491 -13.5087 250
   vertex 92.6853 -17.9595 250
  endloop
 endfacet
 facet normal 0 -0 -1
  outer loop
   vertex 88.2519 -12.9208 250
   vertex 92.6853 -17.9595 250
   vertex 87.7243 -17.1865 250
  endloop
 endfacet
 facet normal 0 0 -1
  outer loop
   vertex 87.7513 -4.71742 250
   vertex 93.0282 -4.7835 250
   vertex 93.5125 -9.0883 250
  endloop
 endfacet
 facet normal 0 0 -1
  outer loop
   vertex 87.7513 -4.71742 250
   vertex 93.5125 -9.0883 250
   vertex 88.2936 -8.73184 250
  endloop
 endfacet
 facet normal 0 -0 -1
  outer loop
   vertex 38.1836 -81.9896 250
   vertex 40.2797 -86.5201 250
   vertex 36.1162 -88.5026 250
  endloop
 endfacet
 facet normal 0 0 -1
  outer loop
   vertex 38.1836 -81.9896 250
   vertex 36.1162 -88.5026 250
   vertex 34.2472 -83.9026 250
  endloop
 endfacet
 facet normal 0 -0 -1
  outer loop
   vertex 21.6154 -88.3142 250
   vertex 22.9643 -92.9814 250
   vertex 18.3704 -94.1048 250
  endloop
 endfacet
 facet normal 0 0 -1
  outer loop
   vertex 21.6154 -88.3142 250
   vertex 18.3704 -94.1048 250
   vertex 17.1743 -89.3856 250
  endloop
 endfacet
 facet normal 0 0 -1
  outer loop
   vertex 77.1454 -46.5745 250
   vertex 81.7748 -48.4905 250
   vertex 79.3849 -52.6182 250
  endloop
 endfacet
 facet normal 0 -0 -1
  outer loop
   vertex 77.1454 -46.5745 250
   vertex 79.3849 -52.6182 250
   vertex 74.8403 -50.6125 250
  endloop
 endfacet
 facet normal 0 0 -1
  outer loop
   vertex 86.8997 -21.4822 250
   vertex 91.8208 -22.4325 250
   vertex 90.6754 -26.8835 250
  endloop
 endfacet
 facet normal 0 -0 -1
  outer loop
   vertex 86.8997 -21.4822 250
   vertex 90.6754 -26.8835 250
   vertex 85.7589 -25.7469 250
  endloop
 endfacet
 facet normal 0 0 -1
  outer loop
   vertex 79.3013 -42.552 250
   vertex 83.9787 -44.3086 250
   vertex 81.7748 -48.4905 250
  endloop
 endfacet
 facet normal 0 -0 -1
  outer loop
   vertex 79.3013 -42.552 250
   vertex 81.7748 -48.4905 250
   vertex 77.1454 -46.5745 250
  endloop
 endfacet
 facet normal 0 -0 -1
  outer loop
   vertex 25.9972 -87.1662 250
   vertex 27.4952 -91.7855 250
   vertex 22.9643 -92.9814 250
  endloop
 endfacet
 facet normal 0 0 -1
  outer loop
   vertex 25.9972 -87.1662 250
   vertex 22.9643 -92.9814 250
   vertex 21.6154 -88.3142 250
  endloop
 endfacet
 facet normal 0 0 -1
  outer loop
   vertex -87.3836 25.2314 250
   vertex -92.09 26.4309 250
   vertex -90.6696 30.8608 250
  endloop
 endfacet
 facet normal 0 0 -1
  outer loop
   vertex -87.3836 25.2314 250
   vertex -90.6696 30.8608 250
   vertex -86.0163 29.5039 250
  endloop
 endfacet
 facet normal 0 0 -1
  outer loop
   vertex -58.452 -67.5073 250
   vertex -61.6643 -71.4374 250
   vertex -65.0267 -68.4529 250
  endloop
 endfacet
 facet normal -0 0 -1
  outer loop
   vertex -58.452 -67.5073 250
   vertex -65.0267 -68.4529 250
   vertex -61.7055 -64.699 250
  endloop
 endfacet
 facet normal 0 0 -1
  outer loop
   vertex 85.7589 -25.7469 250
   vertex 90.6754 -26.8835 250
   vertex 89.3213 -31.3164 250
  endloop
 endfacet
 facet normal 0 -0 -1
  outer loop
   vertex 85.7589 -25.7469 250
   vertex 89.3213 -31.3164 250
   vertex 84.4269 -29.9848 250
  endloop
 endfacet
 facet normal 0 0 -1
  outer loop
   vertex 84.4269 -29.9848 250
   vertex 89.3213 -31.3164 250
   vertex 87.729 -35.6746 250
  endloop
 endfacet
 facet normal 0 -0 -1
  outer loop
   vertex 84.4269 -29.9848 250
   vertex 87.729 -35.6746 250
   vertex 82.9401 -34.2246 250
  endloop
 endfacet
 facet normal 0 -0 -1
  outer loop
   vertex 8.01175 -90.8721 250
   vertex 8.93848 -95.581 250
   vertex 4.15123 -95.996 250
  endloop
 endfacet
 facet normal 0 0 -1
  outer loop
   vertex 8.01175 -90.8721 250
   vertex 4.15123 -95.996 250
   vertex 3.35903 -91.2382 250
  endloop
 endfacet
 facet normal 0 0 -1
  outer loop
   vertex -89.0786 16.5339 250
   vertex -93.949 17.3878 250
   vertex -93.1508 21.9295 250
  endloop
 endfacet
 facet normal 0 0 -1
  outer loop
   vertex -89.0786 16.5339 250
   vertex -93.1508 21.9295 250
   vertex -88.3735 20.8958 250
  endloop
 endfacet
 facet normal 0 0 -1
  outer loop
   vertex -67.8289 -58.4163 250
   vertex -71.4498 -61.952 250
   vertex -74.4795 -58.4267 250
  endloop
 endfacet
 facet normal -0 0 -1
  outer loop
   vertex -67.8289 -58.4163 250
   vertex -74.4795 -58.4267 250
   vertex -70.746 -55.0394 250
  endloop
 endfacet
 facet normal -0 0 -1
  outer loop
   vertex -78.5985 -43.8087 250
   vertex -82.6074 -46.8094 250
   vertex -84.9668 -42.6747 250
  endloop
 endfacet
 facet normal 0 0 -1
  outer loop
   vertex -78.5985 -43.8087 250
   vertex -84.9668 -42.6747 250
   vertex -80.8756 -39.7933 250
  endloop
 endfacet
 facet normal 0 0 -1
  outer loop
   vertex -51.6413 -72.0643 250
   vertex -54.5162 -76.2487 250
   vertex -58.1338 -74.0267 250
  endloop
 endfacet
 facet normal -0 0 -1
  outer loop
   vertex -51.6413 -72.0643 250
   vertex -58.1338 -74.0267 250
   vertex -55.077 -69.9621 250
  endloop
 endfacet
 facet normal 0 0 -1
  outer loop
   vertex -64.849 -61.6688 250
   vertex -68.3125 -65.3091 250
   vertex -71.4498 -61.952 250
  endloop
 endfacet
 facet normal -0 0 -1
  outer loop
   vertex -64.849 -61.6688 250
   vertex -71.4498 -61.952 250
   vertex -67.8289 -58.4163 250
  endloop
 endfacet
 facet normal -0 0 -1
  outer loop
   vertex -80.8756 -39.7933 250
   vertex -84.9668 -42.6747 250
   vertex -87.1712 -38.4156 250
  endloop
 endfacet
 facet normal 0 0 -1
  outer loop
   vertex -80.8756 -39.7933 250
   vertex -87.1712 -38.4156 250
   vertex -83.0661 -35.6333 250
  endloop
 endfacet
 facet normal 0 0 -1
  outer loop
   vertex -86.0163 29.5039 250
   vertex -90.6696 30.8608 250
   vertex -89.1446 35.3041 250
  endloop
 endfacet
 facet normal 0 0 -1
  outer loop
   vertex -86.0163 29.5039 250
   vertex -89.1446 35.3041 250
   vertex -84.5137 33.7759 250
  endloop
 endfacet
 facet normal 0 0 -1
  outer loop
   vertex -82.783 38.0101 250
   vertex -87.3313 39.6682 250
   vertex -85.3249 43.9877 250
  endloop
 endfacet
 facet normal 0 0 -1
  outer loop
   vertex -82.783 38.0101 250
   vertex -85.3249 43.9877 250
   vertex -80.8483 42.2097 250
  endloop
 endfacet
 facet normal 0 0 -1
  outer loop
   vertex 61.8466 66.1704 250
   vertex 65.1552 69.7753 250
   vertex 68.5909 66.6842 250
  endloop
 endfacet
 facet normal 0 0 -1
  outer loop
   vertex 61.8466 66.1704 250
   vertex 68.5909 66.6842 250
   vertex 65.1588 63.2389 250
  endloop
 endfacet
 facet normal 0 0 -1
  outer loop
   vertex -12.459 88.644 250
   vertex -13.559 93.5916 250
   vertex -8.95067 94.2373 250
  endloop
 endfacet
 facet normal 0 0 -1
  outer loop
   vertex -12.459 88.644 250
   vertex -8.95067 94.2373 250
   vertex -8.02635 89.2663 250
  endloop
 endfacet
 facet normal 0 0 -1
  outer loop
   vertex 5.57479 89.8291 250
   vertex 5.14784 94.8151 250
   vertex 9.88029 94.5645 250
  endloop
 endfacet
 facet normal 0 0 -1
  outer loop
   vertex 5.57479 89.8291 250
   vertex 9.88029 94.5645 250
   vertex 10.1466 89.5531 250
  endloop
 endfacet
 facet normal 0 0 -1
  outer loop
   vertex -32.8535 82.3336 250
   vertex -34.8588 87.0293 250
   vertex -31.0375 88.8742 250
  endloop
 endfacet
 facet normal 0 0 -1
  outer loop
   vertex -32.8535 82.3336 250
   vertex -31.0375 88.8742 250
   vertex -29.2521 84.1191 250
  endloop
 endfacet
 facet normal 0 0 -1
  outer loop
   vertex -16.8413 87.8876 250
   vertex -18.1064 92.7617 250
   vertex -13.559 93.5916 250
  endloop
 endfacet
 facet normal 0 0 -1
  outer loop
   vertex -16.8413 87.8876 250
   vertex -13.559 93.5916 250
   vertex -12.459 88.644 250
  endloop
 endfacet
 facet normal 0 0 -1
  outer loop
   vertex 10.1466 89.5531 250
   vertex 9.88029 94.5645 250
   vertex 14.6308 94.123 250
  endloop
 endfacet
 facet normal 0 0 -1
  outer loop
   vertex 10.1466 89.5531 250
   vertex 14.6308 94.123 250
   vertex 14.7876 89.1503 250
  endloop
 endfacet
 facet normal 0 0 -1
  outer loop
   vertex 71.2119 56.6517 250
   vertex 74.8269 59.7994 250
   vertex 77.7448 56.1029 250
  endloop
 endfacet
 facet normal 0 0 -1
  outer loop
   vertex 71.2119 56.6517 250
   vertex 77.7448 56.1029 250
   vertex 73.9408 53.0163 250
  endloop
 endfacet
 facet normal 0 0 -1
  outer loop
   vertex 76.604 49.2765 250
   vertex 80.4553 52.2104 250
   vertex 83.0224 48.1754 250
  endloop
 endfacet
 facet normal 0 0 -1
  outer loop
   vertex 76.604 49.2765 250
   vertex 83.0224 48.1754 250
   vertex 79.1042 45.3585 250
  endloop
 endfacet
 facet normal 0 0 -1
  outer loop
   vertex 86.6557 -1.03109 250
   vertex 91.7692 -0.755143 250
   vertex 93.0282 -4.7835 250
  endloop
 endfacet
 facet normal 0 0 -1
  outer loop
   vertex 86.6557 -1.03109 250
   vertex 93.0282 -4.7835 250
   vertex 87.7513 -4.71742 250
  endloop
 endfacet
 facet normal 0 0 -1
  outer loop
   vertex -41.2448 -86.4184 250
   vertex -45.3325 -85.1568 250
   vertex -43.2989 -80.9465 250
  endloop
 endfacet
 facet normal 0 0 -1
  outer loop
   vertex -41.2448 -86.4184 250
   vertex -43.2989 -80.9465 250
   vertex -39.2033 -82.2166 250
  endloop
 endfacet
 facet normal 0 0 -1
  outer loop
   vertex -50.4942 81.4169 250
   vertex -47.2473 84.1242 250
   vertex -44.7376 80.0135 250
  endloop
 endfacet
 facet normal 0 0 -1
  outer loop
   vertex -50.4942 81.4169 250
   vertex -44.7376 80.0135 250
   vertex -48.0695 77.325 250
  endloop
 endfacet
 facet normal 0 -0 -1
  outer loop
   vertex 89.8441 2.77931 250
   vertex 91.7692 -0.755143 250
   vertex 86.6557 -1.03109 250
  endloop
 endfacet
 facet normal 0 0 -1
  outer loop
   vertex 89.8441 2.77931 250
   vertex 86.6557 -1.03109 250
   vertex 85.2388 2.26391 250
  endloop
 endfacet
 facet normal -0 0 -1
  outer loop
   vertex 48.1161 -81.5301 250
   vertex 44.4066 -84.2153 250
   vertex 41.995 -79.6889 250
  endloop
 endfacet
 facet normal 0 0 -1
  outer loop
   vertex 48.1161 -81.5301 250
   vertex 41.995 -79.6889 250
   vertex 45.8259 -77.0942 250
  endloop
 endfacet
 facet normal 0 0 -1
  outer loop
   vertex -47.0923 -79.5151 250
   vertex -50.8149 -78.0571 250
   vertex -48.2257 -73.8751 250
  endloop
 endfacet
 facet normal 0 0 -1
  outer loop
   vertex -47.0923 -79.5151 250
   vertex -48.2257 -73.8751 250
   vertex -44.8661 -75.508 250
  endloop
 endfacet
 facet normal 0 0 -1
  outer loop
   vertex -94.5904 3.47716 250
   vertex -94.8497 8.07666 250
   vertex -89.7478 7.68847 250
  endloop
 endfacet
 facet normal 0 0 -1
  outer loop
   vertex -94.5904 3.47716 250
   vertex -89.7478 7.68847 250
   vertex -89.6337 3.0297 250
  endloop
 endfacet
 facet normal 0 0 -1
  outer loop
   vertex 53.8959 77.704 250
   vertex 57.8368 75.3257 250
   vertex 54.7763 71.4097 250
  endloop
 endfacet
 facet normal 0 -0 -1
  outer loop
   vertex 53.8959 77.704 250
   vertex 54.7763 71.4097 250
   vertex 50.8385 73.8137 250
  endloop
 endfacet
 facet normal 0 0 -1
  outer loop
   vertex -41.5386 82.4719 250
   vertex -38.349 84.8734 250
   vertex -36.1634 80.3424 250
  endloop
 endfacet
 facet normal 0 0 -1
  outer loop
   vertex -41.5386 82.4719 250
   vertex -36.1634 80.3424 250
   vertex -39.2627 78.2188 250
  endloop
 endfacet
 facet normal 0 0 -1
  outer loop
   vertex 65.3474 -55.934 250
   vertex 69.605 -58.4029 250
   vertex 66.6933 -62.1337 250
  endloop
 endfacet
 facet normal 0 -0 -1
  outer loop
   vertex 65.3474 -55.934 250
   vertex 66.6933 -62.1337 250
   vertex 62.5362 -59.5786 250
  endloop
 endfacet
 facet normal 0 0 -1
  outer loop
   vertex 76.5607 -36.6738 250
   vertex 81.2524 -38.4468 250
   vertex 79.3013 -42.552 250
  endloop
 endfacet
 facet normal 0 -0 -1
  outer loop
   vertex 76.5607 -36.6738 250
   vertex 79.3013 -42.552 250
   vertex 74.7099 -40.6489 250
  endloop
 endfacet
 facet normal 0 0 -1
  outer loop
   vertex 70.3916 -48.3974 250
   vertex 74.8403 -50.6125 250
   vertex 72.333 -54.5943 250
  endloop
 endfacet
 facet normal 0 -0 -1
  outer loop
   vertex 70.3916 -48.3974 250
   vertex 72.333 -54.5943 250
   vertex 67.9698 -52.2129 250
  endloop
 endfacet
 facet normal 0 0 -1
  outer loop
   vertex 67.9698 -52.2129 250
   vertex 72.333 -54.5943 250
   vertex 69.605 -58.4029 250
  endloop
 endfacet
 facet normal 0 -0 -1
  outer loop
   vertex 67.9698 -52.2129 250
   vertex 69.605 -58.4029 250
   vertex 65.3474 -55.934 250
  endloop
 endfacet
 facet normal 0 0 -1
  outer loop
   vertex 59.5548 -63.0801 250
   vertex 63.5917 -65.7765 250
   vertex 60.302 -69.4094 250
  endloop
 endfacet
 facet normal 0 -0 -1
  outer loop
   vertex 59.5548 -63.0801 250
   vertex 60.302 -69.4094 250
   vertex 56.445 -66.6605 250
  endloop
 endfacet
 facet normal 0 0 -1
  outer loop
   vertex 56.445 -66.6605 250
   vertex 60.302 -69.4094 250
   vertex 56.9649 -72.9729 250
  endloop
 endfacet
 facet normal 0 -0 -1
  outer loop
   vertex 56.445 -66.6605 250
   vertex 56.9649 -72.9729 250
   vertex 53.3036 -70.1834 250
  endloop
 endfacet
 facet normal 0 0 -1
  outer loop
   vertex 53.3036 -70.1834 250
   vertex 56.9649 -72.9729 250
   vertex 53.8677 -76.3795 250
  endloop
 endfacet
 facet normal 0 -0 -1
  outer loop
   vertex 53.3036 -70.1834 250
   vertex 53.8677 -76.3795 250
   vertex 50.2438 -74.0716 250
  endloop
 endfacet
 facet normal 0 0 -1
  outer loop
   vertex 76.8858 8.90781 250
   vertex 74.2439 12.2624 250
   vertex 78.3494 13.6444 250
  endloop
 endfacet
 facet normal 0 0 -1
  outer loop
   vertex 76.8858 8.90781 250
   vertex 78.3494 13.6444 250
   vertex 81.6117 9.59207 250
  endloop
 endfacet
 facet normal -0 0 -1
  outer loop
   vertex -76.739 -37.0894 250
   vertex -80.8756 -39.7933 250
   vertex -83.0661 -35.6333 250
  endloop
 endfacet
 facet normal 0 0 -1
  outer loop
   vertex -76.739 -37.0894 250
   vertex -83.0661 -35.6333 250
   vertex -78.8542 -33.0608 250
  endloop
 endfacet
 facet normal 0 -0 -1
  outer loop
   vertex 28.5367 -81.0251 250
   vertex 30.2001 -85.6639 250
   vertex 25.9972 -87.1662 250
  endloop
 endfacet
 facet normal 0 0 -1
  outer loop
   vertex 28.5367 -81.0251 250
   vertex 25.9972 -87.1662 250
   vertex 24.5064 -82.4787 250
  endloop
 endfacet
 facet normal 0 -0 -1
  outer loop
   vertex 7.20235 -86.0208 250
   vertex 8.01175 -90.8721 250
   vertex 3.35903 -91.2382 250
  endloop
 endfacet
 facet normal 0 0 -1
  outer loop
   vertex 7.20235 -86.0208 250
   vertex 3.35903 -91.2382 250
   vertex 2.69437 -86.4552 250
  endloop
 endfacet
 facet normal 0 -0 -1
  outer loop
   vertex 91.5443 7.28224 250
   vertex 95.9417 4.56612 250
   vertex 89.8441 2.77931 250
  endloop
 endfacet
 facet normal 0 0 -1
  outer loop
   vertex 91.5443 7.28224 250
   vertex 89.8441 2.77931 250
   vertex 87.7327 5.98481 250
  endloop
 endfacet
 facet normal 0 0 -1
  outer loop
   vertex -82.6071 23.9775 250
   vertex -87.3836 25.2314 250
   vertex -86.0163 29.5039 250
  endloop
 endfacet
 facet normal 0 0 -1
  outer loop
   vertex -82.6071 23.9775 250
   vertex -86.0163 29.5039 250
   vertex -81.383 28.1038 250
  endloop
 endfacet
 facet normal 0 0 -1
  outer loop
   vertex -84.2187 15.6689 250
   vertex -89.0786 16.5339 250
   vertex -88.3735 20.8958 250
  endloop
 endfacet
 facet normal 0 0 -1
  outer loop
   vertex -84.2187 15.6689 250
   vertex -88.3735 20.8958 250
   vertex -83.5575 19.8265 250
  endloop
 endfacet
 facet normal 0 -0 -1
  outer loop
   vertex 20.2985 -83.5994 250
   vertex 21.6154 -88.3142 250
   vertex 17.1743 -89.3856 250
  endloop
 endfacet
 facet normal 0 0 -1
  outer loop
   vertex 20.2985 -83.5994 250
   vertex 17.1743 -89.3856 250
   vertex 16.0268 -84.6445 250
  endloop
 endfacet
 facet normal 0 0 -1
  outer loop
   vertex 22.5327 35.0611 250
   vertex 20.2634 30.2709 250
   vertex 17.5834 31.8112 250
  endloop
 endfacet
 facet normal -0 0 -1
  outer loop
   vertex 22.5327 35.0611 250
   vertex 17.5834 31.8112 250
   vertex 18.6456 35.4498 250
  endloop
 endfacet
 facet normal 0 -0 -1
  outer loop
   vertex 16.0268 -84.6445 250
   vertex 17.1743 -89.3856 250
   vertex 12.6319 -90.2166 250
  endloop
 endfacet
 facet normal 0 0 -1
  outer loop
   vertex 16.0268 -84.6445 250
   vertex 12.6319 -90.2166 250
   vertex 11.6467 -85.3958 250
  endloop
 endfacet
 facet normal -0 0 -1
  outer loop
   vertex -66.9792 -51.7402 250
   vertex -70.746 -55.0394 250
   vertex -73.5411 -51.4706 250
  endloop
 endfacet
 facet normal 0 0 -1
  outer loop
   vertex -66.9792 -51.7402 250
   vertex -73.5411 -51.4706 250
   vertex -69.647 -48.3313 250
  endloop
 endfacet
 facet normal 0 -0 -1
  outer loop
   vertex 2.69437 -86.4552 250
   vertex 3.35903 -91.2382 250
   vertex -1.35637 -91.4916 250
  endloop
 endfacet
 facet normal 0 0 -1
  outer loop
   vertex 2.69437 -86.4552 250
   vertex -1.35637 -91.4916 250
   vertex -1.83165 -86.6289 250
  endloop
 endfacet
 facet normal 0 -0 -1
  outer loop
   vertex -1.83165 -86.6289 250
   vertex -1.35637 -91.4916 250
   vertex -6.04621 -91.4369 250
  endloop
 endfacet
 facet normal -0 0 -1
  outer loop
   vertex -1.83165 -86.6289 250
   vertex -6.04621 -91.4369 250
   vertex -6.36371 -86.5874 250
  endloop
 endfacet
 facet normal 0 -0 -1
  outer loop
   vertex -15.5058 -85.9585 250
   vertex -15.4775 -90.752 250
   vertex -20.2274 -90.1259 250
  endloop
 endfacet
 facet normal -0 0 -1
  outer loop
   vertex -15.5058 -85.9585 250
   vertex -20.2274 -90.1259 250
   vertex -20.1622 -85.4195 250
  endloop
 endfacet
 facet normal 0 0 -1
  outer loop
   vertex -20.1622 -85.4195 250
   vertex -20.2274 -90.1259 250
   vertex -24.9478 -89.3429 250
  endloop
 endfacet
 facet normal -0 0 -1
  outer loop
   vertex -20.1622 -85.4195 250
   vertex -24.9478 -89.3429 250
   vertex -24.7765 -84.7215 250
  endloop
 endfacet
 facet normal 0 0 -1
  outer loop
   vertex -24.7765 -84.7215 250
   vertex -24.9478 -89.3429 250
   vertex -29.5942 -88.5546 250
  endloop
 endfacet
 facet normal -0 0 -1
  outer loop
   vertex -24.7765 -84.7215 250
   vertex -29.5942 -88.5546 250
   vertex -29.4471 -84.0913 250
  endloop
 endfacet
 facet normal 0 0 -1
  outer loop
   vertex -29.4471 -84.0913 250
   vertex -29.5942 -88.5546 250
   vertex -34.028 -87.9436 250
  endloop
 endfacet
 facet normal -0 0 -1
  outer loop
   vertex -29.4471 -84.0913 250
   vertex -34.028 -87.9436 250
   vertex -34.2951 -83.855 250
  endloop
 endfacet
 facet normal 0 0 -1
  outer loop
   vertex 26.0079 36.147 250
   vertex 25.5906 39.1577 250
   vertex 28.8784 37.9111 250
  endloop
 endfacet
 facet normal 0 0 -1
  outer loop
   vertex -23.783 80.8696 250
   vertex -25.3405 85.6521 250
   vertex -21.1701 86.9201 250
  endloop
 endfacet
 facet normal 0 0 -1
  outer loop
   vertex -23.783 80.8696 250
   vertex -21.1701 86.9201 250
   vertex -19.7963 82.1133 250
  endloop
 endfacet
 facet normal 0 -0 -1
  outer loop
   vertex 25.5906 39.1577 250
   vertex 26.0079 36.147 250
   vertex 22.5327 35.0611 250
  endloop
 endfacet
 facet normal -0 0 -1
  outer loop
   vertex 25.5906 39.1577 250
   vertex 22.5327 35.0611 250
   vertex 22.7108 39.5101 250
  endloop
 endfacet
 facet normal 0 0 -1
  outer loop
   vertex -52.0014 -65.9835 250
   vertex -55.077 -69.9621 250
   vertex -58.452 -67.5073 250
  endloop
 endfacet
 facet normal -0 0 -1
  outer loop
   vertex -52.0014 -65.9835 250
   vertex -58.452 -67.5073 250
   vertex -55.2491 -63.6536 250
  endloop
 endfacet
 facet normal 0 0 -1
  outer loop
   vertex -55.2491 -63.6536 250
   vertex -58.452 -67.5073 250
   vertex -61.7055 -64.699 250
  endloop
 endfacet
 facet normal -0 0 -1
  outer loop
   vertex -55.2491 -63.6536 250
   vertex -61.7055 -64.699 250
   vertex -58.347 -60.946 250
  endloop
 endfacet
 facet normal -0 0 -1
  outer loop
   vertex -72.105 -44.7033 250
   vertex -76.1448 -47.7016 250
   vertex -78.5985 -43.8087 250
  endloop
 endfacet
 facet normal 0 0 -1
  outer loop
   vertex -72.105 -44.7033 250
   vertex -78.5985 -43.8087 250
   vertex -74.4966 -40.9706 250
  endloop
 endfacet
 facet normal 0 0 -1
  outer loop
   vertex -71.9831 48.2476 250
   vertex -76.3234 50.4396 250
   vertex -73.7431 54.4304 250
  endloop
 endfacet
 facet normal 0 0 -1
  outer loop
   vertex -71.9831 48.2476 250
   vertex -73.7431 54.4304 250
   vertex -69.488 52.1411 250
  endloop
 endfacet
 facet normal 0 0 -1
  outer loop
   vertex -61.3092 -58.0197 250
   vertex -64.849 -61.6688 250
   vertex -67.8289 -58.4163 250
  endloop
 endfacet
 facet normal -0 0 -1
  outer loop
   vertex -61.3092 -58.0197 250
   vertex -67.8289 -58.4163 250
   vertex -64.2011 -54.9688 250
  endloop
 endfacet
 facet normal 0 0 -1
  outer loop
   vertex 22.5327 35.0611 250
   vertex 27.1187 32.9567 250
   vertex 23.3057 28.4685 250
  endloop
 endfacet
 facet normal 0 -0 -1
  outer loop
   vertex 22.5327 35.0611 250
   vertex 23.3057 28.4685 250
   vertex 20.2634 30.2709 250
  endloop
 endfacet
 facet normal -0 0 -1
  outer loop
   vertex -69.647 -48.3313 250
   vertex -73.5411 -51.4706 250
   vertex -76.1448 -47.7016 250
  endloop
 endfacet
 facet normal 0 0 -1
  outer loop
   vertex -69.647 -48.3313 250
   vertex -76.1448 -47.7016 250
   vertex -72.105 -44.7033 250
  endloop
 endfacet
 facet normal 0 0 -1
  outer loop
   vertex -48.7549 -68.0567 250
   vertex -51.6413 -72.0643 250
   vertex -55.077 -69.9621 250
  endloop
 endfacet
 facet normal -0 0 -1
  outer loop
   vertex -48.7549 -68.0567 250
   vertex -55.077 -69.9621 250
   vertex -52.0014 -65.9835 250
  endloop
 endfacet
 facet normal -0 0 -1
  outer loop
   vertex -78.8542 -33.0608 250
   vertex -83.0661 -35.6333 250
   vertex -85.064 -31.3377 250
  endloop
 endfacet
 facet normal 0 0 -1
  outer loop
   vertex -78.8542 -33.0608 250
   vertex -85.064 -31.3377 250
   vertex -80.7238 -28.9109 250
  endloop
 endfacet
 facet normal -0 0 -1
  outer loop
   vertex -80.7238 -28.9109 250
   vertex -85.064 -31.3377 250
   vertex -86.7796 -26.9686 250
  endloop
 endfacet
 facet normal 0 0 -1
  outer loop
   vertex -80.7238 -28.9109 250
   vertex -86.7796 -26.9686 250
   vertex -82.4072 -24.6709 250
  endloop
 endfacet
 facet normal -0 0 -1
  outer loop
   vertex -85.3247 -15.9464 250
   vertex -89.7314 -17.9481 250
   vertex -91.0076 -13.2554 250
  endloop
 endfacet
 facet normal 0 0 -1
  outer loop
   vertex -85.3247 -15.9464 250
   vertex -91.0076 -13.2554 250
   vertex -86.6351 -11.4436 250
  endloop
 endfacet
 facet normal -0 0 -1
  outer loop
   vertex -86.6351 -11.4436 250
   vertex -91.0076 -13.2554 250
   vertex -92.1924 -8.57 250
  endloop
 endfacet
 facet normal 0 0 -1
  outer loop
   vertex -86.6351 -11.4436 250
   vertex -92.1924 -8.57 250
   vertex -87.8813 -6.96309 250
  endloop
 endfacet
 facet normal -0 0 -1
  outer loop
   vertex -87.8813 -6.96309 250
   vertex -92.1924 -8.57 250
   vertex -93.3753 -4.15478 250
  endloop
 endfacet
 facet normal 0 0 -1
  outer loop
   vertex -87.8813 -6.96309 250
   vertex -93.3753 -4.15478 250
   vertex -89.4829 -2.33332 250
  endloop
 endfacet
 facet normal 0 0 -1
  outer loop
   vertex 22.2477 -37.3208 250
   vertex 25.4971 -38.4071 250
   vertex 23.1435 -41.0818 250
  endloop
 endfacet
 facet normal 0 0 -1
  outer loop
   vertex -19.7963 82.1133 250
   vertex -21.1701 86.9201 250
   vertex -16.8413 87.8876 250
  endloop
 endfacet
 facet normal 0 0 -1
  outer loop
   vertex -19.7963 82.1133 250
   vertex -16.8413 87.8876 250
   vertex -15.6384 83.0264 250
  endloop
 endfacet
 facet normal 0 0 -1
  outer loop
   vertex -64.2011 -54.9688 250
   vertex -67.8289 -58.4163 250
   vertex -70.746 -55.0394 250
  endloop
 endfacet
 facet normal -0 0 -1
  outer loop
   vertex -64.2011 -54.9688 250
   vertex -70.746 -55.0394 250
   vertex -66.9792 -51.7402 250
  endloop
 endfacet
 facet normal 0 0 -1
  outer loop
   vertex -83.5575 19.8265 250
   vertex -88.3735 20.8958 250
   vertex -87.3836 25.2314 250
  endloop
 endfacet
 facet normal 0 0 -1
  outer loop
   vertex -83.5575 19.8265 250
   vertex -87.3836 25.2314 250
   vertex -82.6071 23.9775 250
  endloop
 endfacet
 facet normal 0 0 -1
  outer loop
   vertex -84.6232 11.5056 250
   vertex -89.6196 12.1771 250
   vertex -89.0786 16.5339 250
  endloop
 endfacet
 facet normal 0 0 -1
  outer loop
   vertex -84.6232 11.5056 250
   vertex -89.0786 16.5339 250
   vertex -84.2187 15.6689 250
  endloop
 endfacet
 facet normal 0 0 -1
  outer loop
   vertex -76.3405 40.2963 250
   vertex -80.8483 42.2097 250
   vertex -78.7161 46.3822 250
  endloop
 endfacet
 facet normal 0 0 -1
  outer loop
   vertex -76.3405 40.2963 250
   vertex -78.7161 46.3822 250
   vertex -74.2696 44.3 250
  endloop
 endfacet
 facet normal 0 0 -1
  outer loop
   vertex 25.4971 -38.4071 250
   vertex 22.2477 -37.3208 250
   vertex 24.0906 -34.2235 250
  endloop
 endfacet
 facet normal 0 0 -1
  outer loop
   vertex 25.4971 -38.4071 250
   vertex 24.0906 -34.2235 250
   vertex 26.9754 -36.134 250
  endloop
 endfacet
 facet normal 0 0 -1
  outer loop
   vertex 58.5163 62.5869 250
   vertex 61.8466 66.1704 250
   vertex 65.1588 63.2389 250
  endloop
 endfacet
 facet normal 0 0 -1
  outer loop
   vertex 58.5163 62.5869 250
   vertex 65.1588 63.2389 250
   vertex 61.6912 59.8071 250
  endloop
 endfacet
 facet normal 0 -0 -1
  outer loop
   vertex 11.6467 -85.3958 250
   vertex 12.6319 -90.2166 250
   vertex 8.01175 -90.8721 250
  endloop
 endfacet
 facet normal 0 0 -1
  outer loop
   vertex 11.6467 -85.3958 250
   vertex 8.01175 -90.8721 250
   vertex 7.20235 -86.0208 250
  endloop
 endfacet
 facet normal 0 0 -1
  outer loop
   vertex -74.2696 44.3 250
   vertex -78.7161 46.3822 250
   vertex -76.3234 50.4396 250
  endloop
 endfacet
 facet normal 0 0 -1
  outer loop
   vertex -74.2696 44.3 250
   vertex -76.3234 50.4396 250
   vertex -71.9831 48.2476 250
  endloop
 endfacet
 facet normal 0 0 -1
  outer loop
   vertex -66.7596 55.8913 250
   vertex -70.9622 58.3187 250
   vertex -68.0017 62.132 250
  endloop
 endfacet
 facet normal 0 0 -1
  outer loop
   vertex -66.7596 55.8913 250
   vertex -68.0017 62.132 250
   vertex -63.9013 59.674 250
  endloop
 endfacet
 facet normal 0 0 -1
  outer loop
   vertex -63.9013 59.674 250
   vertex -68.0017 62.132 250
   vertex -64.8633 65.8164 250
  endloop
 endfacet
 facet normal 0 0 -1
  outer loop
   vertex -63.9013 59.674 250
   vertex -64.8633 65.8164 250
   vertex -60.8592 63.2725 250
  endloop
 endfacet
 facet normal 0 0 -1
  outer loop
   vertex -60.8592 63.2725 250
   vertex -64.8633 65.8164 250
   vertex -61.6362 69.3811 250
  endloop
 endfacet
 facet normal 0 0 -1
  outer loop
   vertex -60.8592 63.2725 250
   vertex -61.6362 69.3811 250
   vertex -57.7869 66.7831 250
  endloop
 endfacet
 facet normal 0 0 -1
  outer loop
   vertex -57.7869 66.7831 250
   vertex -61.6362 69.3811 250
   vertex -58.4782 72.8564 250
  endloop
 endfacet
 facet normal 0 0 -1
  outer loop
   vertex -57.7869 66.7831 250
   vertex -58.4782 72.8564 250
   vertex -54.8007 70.3209 250
  endloop
 endfacet
 facet normal 0 0 -1
  outer loop
   vertex -54.8007 70.3209 250
   vertex -58.4782 72.8564 250
   vertex -55.619 76.2205 250
  endloop
 endfacet
 facet normal 0 0 -1
  outer loop
   vertex -54.8007 70.3209 250
   vertex -55.619 76.2205 250
   vertex -52.0614 74.211 250
  endloop
 endfacet
 facet normal -0 0 -1
  outer loop
   vertex -48.0509 -10.822 250
   vertex -50.508 -14.0704 250
   vertex -52.2641 -10.1821 250
  endloop
 endfacet
 facet normal 0 0 -1
  outer loop
   vertex -42.2824 75.9718 250
   vertex -44.7376 80.0135 250
   vertex -41.5386 82.4719 250
  endloop
 endfacet
 facet normal 0 0 -1
  outer loop
   vertex -42.2824 75.9718 250
   vertex -41.5386 82.4719 250
   vertex -39.2627 78.2188 250
  endloop
 endfacet
 facet normal 0 0 -1
  outer loop
   vertex 78.1976 -32.6457 250
   vertex 82.9401 -34.2246 250
   vertex 81.2524 -38.4468 250
  endloop
 endfacet
 facet normal 0 -0 -1
  outer loop
   vertex 78.1976 -32.6457 250
   vertex 81.2524 -38.4468 250
   vertex 76.5607 -36.6738 250
  endloop
 endfacet
 facet normal 0 0 -1
  outer loop
   vertex -27.5183 79.3909 250
   vertex -29.2521 84.1191 250
   vertex -25.3405 85.6521 250
  endloop
 endfacet
 facet normal 0 0 -1
  outer loop
   vertex -27.5183 79.3909 250
   vertex -25.3405 85.6521 250
   vertex -23.783 80.8696 250
  endloop
 endfacet
 facet normal 0 0 -1
  outer loop
   vertex 64.6274 56.7006 250
   vertex 68.2651 60.0466 250
   vertex 71.2119 56.6517 250
  endloop
 endfacet
 facet normal 0 0 -1
  outer loop
   vertex 64.6274 56.7006 250
   vertex 71.2119 56.6517 250
   vertex 67.4741 53.4612 250
  endloop
 endfacet
 facet normal 0 0 -1
  outer loop
   vertex 1.4382 84.8944 250
   vertex 1.00479 89.8689 250
   vertex 5.57479 89.8291 250
  endloop
 endfacet
 facet normal 0 0 -1
  outer loop
   vertex 1.4382 84.8944 250
   vertex 5.57479 89.8291 250
   vertex 5.83914 84.8797 250
  endloop
 endfacet
 facet normal 0 0 -1
  outer loop
   vertex 79.4305 34.5838 250
   vertex 83.6222 37.0834 250
   vertex 85.6024 32.7545 250
  endloop
 endfacet
 facet normal 0 0 -1
  outer loop
   vertex 79.4305 34.5838 250
   vertex 85.6024 32.7545 250
   vertex 81.3848 30.3652 250
  endloop
 endfacet
 facet normal 0 0 -1
  outer loop
   vertex -15.6384 83.0264 250
   vertex -16.8413 87.8876 250
   vertex -12.459 88.644 250
  endloop
 endfacet
 facet normal 0 0 -1
  outer loop
   vertex -15.6384 83.0264 250
   vertex -12.459 88.644 250
   vertex -11.4388 83.749 250
  endloop
 endfacet
 facet normal 0 0 -1
  outer loop
   vertex 36.8368 103.649 250
   vertex 41.5161 101.865 250
   vertex 37.809 98.7108 250
  endloop
 endfacet
 facet normal 0 0 -1
  outer loop
   vertex -2.90622 84.7066 250
   vertex -3.53511 89.6945 250
   vertex 1.00479 89.8689 250
  endloop
 endfacet
 facet normal 0 0 -1
  outer loop
   vertex -2.90622 84.7066 250
   vertex 1.00479 89.8689 250
   vertex 1.4382 84.8944 250
  endloop
 endfacet
 facet normal 0 0 -1
  outer loop
   vertex -30.9682 77.7274 250
   vertex -32.8535 82.3336 250
   vertex -29.2521 84.1191 250
  endloop
 endfacet
 facet normal 0 0 -1
  outer loop
   vertex -30.9682 77.7274 250
   vertex -29.2521 84.1191 250
   vertex -27.5183 79.3909 250
  endloop
 endfacet
 facet normal 0 0 -1
  outer loop
   vertex 14.7207 84.1798 250
   vertex 14.7876 89.1503 250
   vertex 19.4539 88.5401 250
  endloop
 endfacet
 facet normal 0 0 -1
  outer loop
   vertex 14.7207 84.1798 250
   vertex 19.4539 88.5401 250
   vertex 19.223 83.5863 250
  endloop
 endfacet
 facet normal 0 0 -1
  outer loop
   vertex 19.223 83.5863 250
   vertex 19.4539 88.5401 250
   vertex 24.0488 87.6374 250
  endloop
 endfacet
 facet normal 0 0 -1
  outer loop
   vertex 19.223 83.5863 250
   vertex 24.0488 87.6374 250
   vertex 23.6732 82.7063 250
  endloop
 endfacet
 facet normal 0 0 -1
  outer loop
   vertex 32.61 80.4422 250
   vertex 33.2681 85.2516 250
   vertex 37.9248 83.7854 250
  endloop
 endfacet
 facet normal 0 0 -1
  outer loop
   vertex 32.61 80.4422 250
   vertex 37.9248 83.7854 250
   vertex 37.1106 79.1017 250
  endloop
 endfacet
 facet normal 0 0 -1
  outer loop
   vertex 37.1106 79.1017 250
   vertex 37.9248 83.7854 250
   vertex 42.5073 82.2527 250
  endloop
 endfacet
 facet normal 0 0 -1
  outer loop
   vertex 37.1106 79.1017 250
   vertex 42.5073 82.2527 250
   vertex 41.5404 77.7228 250
  endloop
 endfacet
 facet normal 0 0 -1
  outer loop
   vertex 41.5404 77.7228 250
   vertex 42.5073 82.2527 250
   vertex 46.8482 80.8656 250
  endloop
 endfacet
 facet normal 0 0 -1
  outer loop
   vertex 41.5404 77.7228 250
   vertex 46.8482 80.8656 250
   vertex 46.2794 76.5806 250
  endloop
 endfacet
 facet normal 0 0 -1
  outer loop
   vertex -50.508 -14.0704 250
   vertex -48.0509 -10.822 250
   vertex -45.2557 -14.3393 250
  endloop
 endfacet
 facet normal 0 0 -1
  outer loop
   vertex -50.508 -14.0704 250
   vertex -45.2557 -14.3393 250
   vertex -48.8964 -16.8568 250
  endloop
 endfacet
 facet normal 0 0 -1
  outer loop
   vertex -11.4388 83.749 250
   vertex -12.459 88.644 250
   vertex -8.02635 89.2663 250
  endloop
 endfacet
 facet normal 0 0 -1
  outer loop
   vertex -11.4388 83.749 250
   vertex -8.02635 89.2663 250
   vertex -7.197 84.2962 250
  endloop
 endfacet
 facet normal 0 0 -1
  outer loop
   vertex 70.0975 49.9674 250
   vertex 73.9408 53.0163 250
   vertex 76.604 49.2765 250
  endloop
 endfacet
 facet normal 0 0 -1
  outer loop
   vertex 70.0975 49.9674 250
   vertex 76.604 49.2765 250
   vertex 72.6796 46.382 250
  endloop
 endfacet
 facet normal 0 0 -1
  outer loop
   vertex 82.1827 -1.26434 250
   vertex 86.6557 -1.03109 250
   vertex 87.7513 -4.71742 250
  endloop
 endfacet
 facet normal 0 0 -1
  outer loop
   vertex 82.1827 -1.26434 250
   vertex 87.7513 -4.71742 250
   vertex 82.9417 -4.59953 250
  endloop
 endfacet
 facet normal 0 0 -1
  outer loop
   vertex -58.347 -60.946 250
   vertex -61.7055 -64.699 250
   vertex -64.849 -61.6688 250
  endloop
 endfacet
 facet normal -0 0 -1
  outer loop
   vertex -58.347 -60.946 250
   vertex -64.849 -61.6688 250
   vertex -61.3092 -58.0197 250
  endloop
 endfacet
 facet normal 0 0 -1
  outer loop
   vertex -41.5023 -77.0203 250
   vertex -43.2989 -80.9465 250
   vertex -47.0923 -79.5151 250
  endloop
 endfacet
 facet normal -0 0 -1
  outer loop
   vertex -41.5023 -77.0203 250
   vertex -47.0923 -79.5151 250
   vertex -44.8661 -75.508 250
  endloop
 endfacet
 facet normal 0 0 -1
  outer loop
   vertex 75.0421 42.5804 250
   vertex 79.1042 45.3585 250
   vertex 81.4834 41.2943 250
  endloop
 endfacet
 facet normal 0 0 -1
  outer loop
   vertex 75.0421 42.5804 250
   vertex 81.4834 41.2943 250
   vertex 77.3204 38.6571 250
  endloop
 endfacet
 facet normal 0 0 -1
  outer loop
   vertex 26.5557 -45.6924 250
   vertex 30.0568 -46.9995 250
   vertex 27.2778 -49.7133 250
  endloop
 endfacet
 facet normal 0 0 -1
  outer loop
   vertex 77.3204 38.6571 250
   vertex 81.4834 41.2943 250
   vertex 83.6222 37.0834 250
  endloop
 endfacet
 facet normal 0 0 -1
  outer loop
   vertex 77.3204 38.6571 250
   vertex 83.6222 37.0834 250
   vertex 79.4305 34.5838 250
  endloop
 endfacet
 facet normal 0 0 -1
  outer loop
   vertex 83.0642 25.9722 250
   vertex 87.372 28.2901 250
   vertex 88.9695 23.682 250
  endloop
 endfacet
 facet normal 0 0 -1
  outer loop
   vertex 83.0642 25.9722 250
   vertex 88.9695 23.682 250
   vertex 84.6616 21.3434 250
  endloop
 endfacet
 facet normal 0 0 -1
  outer loop
   vertex 84.6616 21.3434 250
   vertex 88.9695 23.682 250
   vertex 90.6046 18.9602 250
  endloop
 endfacet
 facet normal 0 0 -1
  outer loop
   vertex 84.6616 21.3434 250
   vertex 90.6046 18.9602 250
   vertex 86.0644 16.1028 250
  endloop
 endfacet
 facet normal 0 0 -1
  outer loop
   vertex 30.0568 -46.9995 250
   vertex 26.5557 -45.6924 250
   vertex 28.4538 -41.8545 250
  endloop
 endfacet
 facet normal 0 0 -1
  outer loop
   vertex 30.0568 -46.9995 250
   vertex 28.4538 -41.8545 250
   vertex 31.8095 -44.4727 250
  endloop
 endfacet
 facet normal 0 0 -1
  outer loop
   vertex 74.7099 -40.6489 250
   vertex 79.3013 -42.552 250
   vertex 77.1454 -46.5745 250
  endloop
 endfacet
 facet normal 0 -0 -1
  outer loop
   vertex 74.7099 -40.6489 250
   vertex 77.1454 -46.5745 250
   vertex 72.6198 -44.5195 250
  endloop
 endfacet
 facet normal 0 0 -1
  outer loop
   vertex 82.7315 -16.3653 250
   vertex 87.7243 -17.1865 250
   vertex 86.8997 -21.4822 250
  endloop
 endfacet
 facet normal 0 -0 -1
  outer loop
   vertex 82.7315 -16.3653 250
   vertex 86.8997 -21.4822 250
   vertex 81.971 -20.4559 250
  endloop
 endfacet
 facet normal 0 0 -1
  outer loop
   vertex 80.8681 -24.5227 250
   vertex 85.7589 -25.7469 250
   vertex 84.4269 -29.9848 250
  endloop
 endfacet
 facet normal 0 -0 -1
  outer loop
   vertex 80.8681 -24.5227 250
   vertex 84.4269 -29.9848 250
   vertex 79.6324 -28.5911 250
  endloop
 endfacet
 facet normal 0 0 -1
  outer loop
   vertex 83.1834 -12.3122 250
   vertex 88.2519 -12.9208 250
   vertex 87.7243 -17.1865 250
  endloop
 endfacet
 facet normal 0 -0 -1
  outer loop
   vertex 83.1834 -12.3122 250
   vertex 87.7243 -17.1865 250
   vertex 82.7315 -16.3653 250
  endloop
 endfacet
 facet normal -0 0 -1
  outer loop
   vertex -52.2366 2.04512 250
   vertex -55.4826 0.00071459 250
   vertex -55.8705 3.94906 250
  endloop
 endfacet
 facet normal 0 0 -1
  outer loop
   vertex 72.6198 -44.5195 250
   vertex 77.1454 -46.5745 250
   vertex 74.8403 -50.6125 250
  endloop
 endfacet
 facet normal 0 -0 -1
  outer loop
   vertex 72.6198 -44.5195 250
   vertex 74.8403 -50.6125 250
   vertex 70.3916 -48.3974 250
  endloop
 endfacet
 facet normal 0 0 -1
  outer loop
   vertex 79.6324 -28.5911 250
   vertex 84.4269 -29.9848 250
   vertex 82.9401 -34.2246 250
  endloop
 endfacet
 facet normal 0 -0 -1
  outer loop
   vertex 79.6324 -28.5911 250
   vertex 82.9401 -34.2246 250
   vertex 78.1976 -32.6457 250
  endloop
 endfacet
 facet normal 0 0 -1
  outer loop
   vertex 10.2473 84.5764 250
   vertex 10.1466 89.5531 250
   vertex 14.7876 89.1503 250
  endloop
 endfacet
 facet normal 0 0 -1
  outer loop
   vertex 10.2473 84.5764 250
   vertex 14.7876 89.1503 250
   vertex 14.7207 84.1798 250
  endloop
 endfacet
 facet normal 0 0 -1
  outer loop
   vertex -78.2009 36.2548 250
   vertex -82.783 38.0101 250
   vertex -80.8483 42.2097 250
  endloop
 endfacet
 facet normal 0 0 -1
  outer loop
   vertex -78.2009 36.2548 250
   vertex -80.8483 42.2097 250
   vertex -76.3405 40.2963 250
  endloop
 endfacet
 facet normal -0 0 -1
  outer loop
   vertex -82.4072 -24.6709 250
   vertex -86.7796 -26.9686 250
   vertex -88.3246 -22.5143 250
  endloop
 endfacet
 facet normal 0 0 -1
  outer loop
   vertex -82.4072 -24.6709 250
   vertex -88.3246 -22.5143 250
   vertex -83.8943 -20.3724 250
  endloop
 endfacet
 facet normal 0 0 -1
  outer loop
   vertex -45.6263 -69.9692 250
   vertex -48.2257 -73.8751 250
   vertex -51.6413 -72.0643 250
  endloop
 endfacet
 facet normal -0 0 -1
  outer loop
   vertex -45.6263 -69.9692 250
   vertex -51.6413 -72.0643 250
   vertex -48.7549 -68.0567 250
  endloop
 endfacet
 facet normal 0 0 -1
  outer loop
   vertex -84.7129 7.28892 250
   vertex -89.7478 7.68847 250
   vertex -89.6196 12.1771 250
  endloop
 endfacet
 facet normal 0 0 -1
  outer loop
   vertex -84.7129 7.28892 250
   vertex -89.6196 12.1771 250
   vertex -84.6232 11.5056 250
  endloop
 endfacet
 facet normal -0 0 -1
  outer loop
   vertex -74.4966 -40.9706 250
   vertex -78.5985 -43.8087 250
   vertex -80.8756 -39.7933 250
  endloop
 endfacet
 facet normal 0 0 -1
  outer loop
   vertex -74.4966 -40.9706 250
   vertex -80.8756 -39.7933 250
   vertex -76.739 -37.0894 250
  endloop
 endfacet
 facet normal 0 0 -1
  outer loop
   vertex 72.6796 46.382 250
   vertex 76.604 49.2765 250
   vertex 79.1042 45.3585 250
  endloop
 endfacet
 facet normal 0 0 -1
  outer loop
   vertex 72.6796 46.382 250
   vertex 79.1042 45.3585 250
   vertex 75.0421 42.5804 250
  endloop
 endfacet
 facet normal 0 -0 -1
  outer loop
   vertex -10.8945 -86.3186 250
   vertex -10.7467 -91.1839 250
   vertex -15.4775 -90.752 250
  endloop
 endfacet
 facet normal -0 0 -1
  outer loop
   vertex -10.8945 -86.3186 250
   vertex -15.4775 -90.752 250
   vertex -15.5058 -85.9585 250
  endloop
 endfacet
 facet normal 0 0 -1
  outer loop
   vertex 61.6912 59.8071 250
   vertex 65.1588 63.2389 250
   vertex 68.2651 60.0466 250
  endloop
 endfacet
 facet normal 0 0 -1
  outer loop
   vertex 61.6912 59.8071 250
   vertex 68.2651 60.0466 250
   vertex 64.6274 56.7006 250
  endloop
 endfacet
 facet normal 0 -0 -1
  outer loop
   vertex 32.3835 -79.3304 250
   vertex 34.2472 -83.9026 250
   vertex 30.2001 -85.6639 250
  endloop
 endfacet
 facet normal 0 0 -1
  outer loop
   vertex 32.3835 -79.3304 250
   vertex 30.2001 -85.6639 250
   vertex 28.5367 -81.0251 250
  endloop
 endfacet
 facet normal 0 -0 -1
  outer loop
   vertex -6.36371 -86.5874 250
   vertex -6.04621 -91.4369 250
   vertex -10.7467 -91.1839 250
  endloop
 endfacet
 facet normal -0 0 -1
  outer loop
   vertex -6.36371 -86.5874 250
   vertex -10.7467 -91.1839 250
   vertex -10.8945 -86.3186 250
  endloop
 endfacet
 facet normal 0 0 -1
  outer loop
   vertex 62.5362 -59.5786 250
   vertex 66.6933 -62.1337 250
   vertex 63.5917 -65.7765 250
  endloop
 endfacet
 facet normal 0 -0 -1
  outer loop
   vertex 62.5362 -59.5786 250
   vertex 63.5917 -65.7765 250
   vertex 59.5548 -63.0801 250
  endloop
 endfacet
 facet normal 0 0 -1
  outer loop
   vertex 81.971 -20.4559 250
   vertex 86.8997 -21.4822 250
   vertex 85.7589 -25.7469 250
  endloop
 endfacet
 facet normal 0 -0 -1
  outer loop
   vertex 81.971 -20.4559 250
   vertex 85.7589 -25.7469 250
   vertex 80.8681 -24.5227 250
  endloop
 endfacet
 facet normal 0 0 -1
  outer loop
   vertex -81.383 28.1038 250
   vertex -86.0163 29.5039 250
   vertex -84.5137 33.7759 250
  endloop
 endfacet
 facet normal 0 0 -1
  outer loop
   vertex -81.383 28.1038 250
   vertex -84.5137 33.7759 250
   vertex -79.8589 32.1831 250
  endloop
 endfacet
 facet normal 0 0 -1
  outer loop
   vertex 67.4741 53.4612 250
   vertex 71.2119 56.6517 250
   vertex 73.9408 53.0163 250
  endloop
 endfacet
 facet normal 0 0 -1
  outer loop
   vertex 67.4741 53.4612 250
   vertex 73.9408 53.0163 250
   vertex 70.0975 49.9674 250
  endloop
 endfacet
 facet normal 0 -0 -1
  outer loop
   vertex 24.5064 -82.4787 250
   vertex 25.9972 -87.1662 250
   vertex 21.6154 -88.3142 250
  endloop
 endfacet
 facet normal 0 0 -1
  outer loop
   vertex 24.5064 -82.4787 250
   vertex 21.6154 -88.3142 250
   vertex 20.2985 -83.5994 250
  endloop
 endfacet
 facet normal 0 -0 -1
  outer loop
   vertex 39.609 -75.2268 250
   vertex 41.995 -79.6889 250
   vertex 38.1836 -81.9896 250
  endloop
 endfacet
 facet normal 0 0 -1
  outer loop
   vertex 39.609 -75.2268 250
   vertex 38.1836 -81.9896 250
   vertex 36.0555 -77.4077 250
  endloop
 endfacet
 facet normal -0 0 -1
  outer loop
   vertex -83.8943 -20.3724 250
   vertex -88.3246 -22.5143 250
   vertex -89.7314 -17.9481 250
  endloop
 endfacet
 facet normal 0 0 -1
  outer loop
   vertex -83.8943 -20.3724 250
   vertex -89.7314 -17.9481 250
   vertex -85.3247 -15.9464 250
  endloop
 endfacet
 facet normal 0 0 -1
  outer loop
   vertex -79.8589 32.1831 250
   vertex -84.5137 33.7759 250
   vertex -82.783 38.0101 250
  endloop
 endfacet
 facet normal 0 0 -1
  outer loop
   vertex -79.8589 32.1831 250
   vertex -82.783 38.0101 250
   vertex -78.2009 36.2548 250
  endloop
 endfacet
 facet normal 0 0 -1
  outer loop
   vertex -69.488 52.1411 250
   vertex -73.7431 54.4304 250
   vertex -70.9622 58.3187 250
  endloop
 endfacet
 facet normal 0 0 -1
  outer loop
   vertex -69.488 52.1411 250
   vertex -70.9622 58.3187 250
   vertex -66.7596 55.8913 250
  endloop
 endfacet
 facet normal 0 0 -1
  outer loop
   vertex 55.2125 65.1169 250
   vertex 58.4619 68.9401 250
   vertex 61.8466 66.1704 250
  endloop
 endfacet
 facet normal 0 0 -1
  outer loop
   vertex 55.2125 65.1169 250
   vertex 61.8466 66.1704 250
   vertex 58.5163 62.5869 250
  endloop
 endfacet
 facet normal 0 0 -1
  outer loop
   vertex -7.197 84.2962 250
   vertex -8.02635 89.2663 250
   vertex -3.53511 89.6945 250
  endloop
 endfacet
 facet normal 0 0 -1
  outer loop
   vertex -7.197 84.2962 250
   vertex -3.53511 89.6945 250
   vertex -2.90622 84.7066 250
  endloop
 endfacet
 facet normal 0 0 -1
  outer loop
   vertex 5.83914 84.8797 250
   vertex 5.57479 89.8291 250
   vertex 10.1466 89.5531 250
  endloop
 endfacet
 facet normal 0 0 -1
  outer loop
   vertex 5.83914 84.8797 250
   vertex 10.1466 89.5531 250
   vertex 10.2473 84.5764 250
  endloop
 endfacet
 facet normal 0 0 -1
  outer loop
   vertex 51.7422 67.3963 250
   vertex 54.7763 71.4097 250
   vertex 58.4619 68.9401 250
  endloop
 endfacet
 facet normal 0 0 -1
  outer loop
   vertex 51.7422 67.3963 250
   vertex 58.4619 68.9401 250
   vertex 55.2125 65.1169 250
  endloop
 endfacet
 facet normal 0 0 -1
  outer loop
   vertex -34.1597 75.9777 250
   vertex -36.1634 80.3424 250
   vertex -32.8535 82.3336 250
  endloop
 endfacet
 facet normal 0 0 -1
  outer loop
   vertex -34.1597 75.9777 250
   vertex -32.8535 82.3336 250
   vertex -30.9682 77.7274 250
  endloop
 endfacet
 facet normal 0 0 -1
  outer loop
   vertex 23.6732 82.7063 250
   vertex 24.0488 87.6374 250
   vertex 28.6452 86.5376 250
  endloop
 endfacet
 facet normal 0 0 -1
  outer loop
   vertex 23.6732 82.7063 250
   vertex 28.6452 86.5376 250
   vertex 28.1125 81.6387 250
  endloop
 endfacet
 facet normal 0 0 -1
  outer loop
   vertex 28.1125 81.6387 250
   vertex 28.6452 86.5376 250
   vertex 33.2681 85.2516 250
  endloop
 endfacet
 facet normal 0 0 -1
  outer loop
   vertex 28.1125 81.6387 250
   vertex 33.2681 85.2516 250
   vertex 32.61 80.4422 250
  endloop
 endfacet
 facet normal 0 0 -1
  outer loop
   vertex 81.3848 30.3652 250
   vertex 85.6024 32.7545 250
   vertex 87.372 28.2901 250
  endloop
 endfacet
 facet normal 0 0 -1
  outer loop
   vertex 81.3848 30.3652 250
   vertex 87.372 28.2901 250
   vertex 83.0642 25.9722 250
  endloop
 endfacet
 facet normal 0 0 -1
  outer loop
   vertex 82.9417 -4.59953 250
   vertex 87.7513 -4.71742 250
   vertex 88.2936 -8.73184 250
  endloop
 endfacet
 facet normal 0 0 -1
  outer loop
   vertex 82.9417 -4.59953 250
   vertex 88.2936 -8.73184 250
   vertex 83.2127 -8.37576 250
  endloop
 endfacet
 facet normal 0 0 -1
  outer loop
   vertex 83.2127 -8.37576 250
   vertex 88.2936 -8.73184 250
   vertex 88.2519 -12.9208 250
  endloop
 endfacet
 facet normal 0 -0 -1
  outer loop
   vertex 83.2127 -8.37576 250
   vertex 88.2519 -12.9208 250
   vertex 83.1834 -12.3122 250
  endloop
 endfacet
 facet normal 0 -0 -1
  outer loop
   vertex 36.0555 -77.4077 250
   vertex 38.1836 -81.9896 250
   vertex 34.2472 -83.9026 250
  endloop
 endfacet
 facet normal 0 0 -1
  outer loop
   vertex 36.0555 -77.4077 250
   vertex 34.2472 -83.9026 250
   vertex 32.3835 -79.3304 250
  endloop
 endfacet
 facet normal 0 0 -1
  outer loop
   vertex -89.6337 3.0297 250
   vertex -89.7478 7.68847 250
   vertex -84.7129 7.28892 250
  endloop
 endfacet
 facet normal 0 0 -1
  outer loop
   vertex -89.6337 3.0297 250
   vertex -84.7129 7.28892 250
   vertex -84.5616 2.98077 250
  endloop
 endfacet
 facet normal 0 0 -1
  outer loop
   vertex -39.2627 78.2188 250
   vertex -36.1634 80.3424 250
   vertex -34.1597 75.9777 250
  endloop
 endfacet
 facet normal 0 0 -1
  outer loop
   vertex -39.2627 78.2188 250
   vertex -34.1597 75.9777 250
   vertex -37.1585 74.2262 250
  endloop
 endfacet
 facet normal 0 0 -1
  outer loop
   vertex -44.8661 -75.508 250
   vertex -48.2257 -73.8751 250
   vertex -45.6263 -69.9692 250
  endloop
 endfacet
 facet normal 0 0 -1
  outer loop
   vertex -44.8661 -75.508 250
   vertex -45.6263 -69.9692 250
   vertex -42.7512 -71.8472 250
  endloop
 endfacet
 facet normal 0 0 -1
  outer loop
   vertex -48.0695 77.325 250
   vertex -44.7376 80.0135 250
   vertex -42.2824 75.9718 250
  endloop
 endfacet
 facet normal 0 0 -1
  outer loop
   vertex -48.0695 77.325 250
   vertex -42.2824 75.9718 250
   vertex -45.2493 73.4005 250
  endloop
 endfacet
 facet normal 0 0 -1
  outer loop
   vertex 50.8385 73.8137 250
   vertex 54.7763 71.4097 250
   vertex 51.7422 67.3963 250
  endloop
 endfacet
 facet normal 0 -0 -1
  outer loop
   vertex 50.8385 73.8137 250
   vertex 51.7422 67.3963 250
   vertex 48.0773 69.5135 250
  endloop
 endfacet
 facet normal 0 -0 -1
  outer loop
   vertex 85.2388 2.26391 250
   vertex 86.6557 -1.03109 250
   vertex 82.1827 -1.26434 250
  endloop
 endfacet
 facet normal 0 0 -1
  outer loop
   vertex 85.2388 2.26391 250
   vertex 82.1827 -1.26434 250
   vertex 81.3146 1.64613 250
  endloop
 endfacet
 facet normal 0 0 -1
  outer loop
   vertex -39.2033 -82.2166 250
   vertex -43.2989 -80.9465 250
   vertex -41.5023 -77.0203 250
  endloop
 endfacet
 facet normal 0 0 -1
  outer loop
   vertex -39.2033 -82.2166 250
   vertex -41.5023 -77.0203 250
   vertex -37.6694 -77.6648 250
  endloop
 endfacet
 facet normal -0 0 -1
  outer loop
   vertex 45.8259 -77.0942 250
   vertex 41.995 -79.6889 250
   vertex 39.609 -75.2268 250
  endloop
 endfacet
 facet normal 0 0 -1
  outer loop
   vertex 45.8259 -77.0942 250
   vertex 39.609 -75.2268 250
   vertex 43.1287 -72.7932 250
  endloop
 endfacet
 facet normal 0 0 -1
  outer loop
   vertex -76.6495 26.6451 250
   vertex -81.383 28.1038 250
   vertex -79.8589 32.1831 250
  endloop
 endfacet
 facet normal 0 0 -1
  outer loop
   vertex -76.6495 26.6451 250
   vertex -79.8589 32.1831 250
   vertex -75.2479 30.5613 250
  endloop
 endfacet
 facet normal 0 0 -1
  outer loop
   vertex 49.7644 -66.841 250
   vertex 53.3036 -70.1834 250
   vertex 50.2438 -74.0716 250
  endloop
 endfacet
 facet normal 0 -0 -1
  outer loop
   vertex 49.7644 -66.841 250
   vertex 50.2438 -74.0716 250
   vertex 46.6451 -70.0278 250
  endloop
 endfacet
 facet normal 0 0 -1
  outer loop
   vertex 63.695 -49.6961 250
   vertex 67.9698 -52.2129 250
   vertex 65.3474 -55.934 250
  endloop
 endfacet
 facet normal 0 -0 -1
  outer loop
   vertex 63.695 -49.6961 250
   vertex 65.3474 -55.934 250
   vertex 61.188 -53.282 250
  endloop
 endfacet
 facet normal 0 0 -1
  outer loop
   vertex 52.7573 -63.5481 250
   vertex 56.445 -66.6605 250
   vertex 53.3036 -70.1834 250
  endloop
 endfacet
 facet normal 0 -0 -1
  outer loop
   vertex 52.7573 -63.5481 250
   vertex 53.3036 -70.1834 250
   vertex 49.7644 -66.841 250
  endloop
 endfacet
 facet normal -0 0 -1
  outer loop
   vertex -76.3092 -26.672 250
   vertex -80.7238 -28.9109 250
   vertex -82.4072 -24.6709 250
  endloop
 endfacet
 facet normal 0 0 -1
  outer loop
   vertex -76.3092 -26.672 250
   vertex -82.4072 -24.6709 250
   vertex -77.9815 -22.5914 250
  endloop
 endfacet
 facet normal -0 0 -1
  outer loop
   vertex -72.4886 -34.5113 250
   vertex -76.739 -37.0894 250
   vertex -78.8542 -33.0608 250
  endloop
 endfacet
 facet normal 0 0 -1
  outer loop
   vertex -72.4886 -34.5113 250
   vertex -78.8542 -33.0608 250
   vertex -74.4805 -30.6494 250
  endloop
 endfacet
 facet normal 0 -0 -1
  outer loop
   vertex -2.15971 -81.7264 250
   vertex -1.83165 -86.6289 250
   vertex -6.36371 -86.5874 250
  endloop
 endfacet
 facet normal -0 0 -1
  outer loop
   vertex -2.15971 -81.7264 250
   vertex -6.36371 -86.5874 250
   vertex -6.51989 -81.7178 250
  endloop
 endfacet
 facet normal 0 -0 -1
  outer loop
   vertex 90.2893 10.2763 250
   vertex 91.5443 7.28224 250
   vertex 87.7327 5.98481 250
  endloop
 endfacet
 facet normal 0 0 -1
  outer loop
   vertex 90.2893 10.2763 250
   vertex 87.7327 5.98481 250
   vertex 86.5659 9.35949 250
  endloop
 endfacet
 facet normal 0 0 -1
  outer loop
   vertex -77.8159 22.6992 250
   vertex -82.6071 23.9775 250
   vertex -81.383 28.1038 250
  endloop
 endfacet
 facet normal 0 0 -1
  outer loop
   vertex -77.8159 22.6992 250
   vertex -81.383 28.1038 250
   vertex -76.6495 26.6451 250
  endloop
 endfacet
 facet normal -0 0 -1
  outer loop
   vertex -70.3385 -38.2256 250
   vertex -74.4966 -40.9706 250
   vertex -76.739 -37.0894 250
  endloop
 endfacet
 facet normal 0 0 -1
  outer loop
   vertex -70.3385 -38.2256 250
   vertex -76.739 -37.0894 250
   vertex -72.4886 -34.5113 250
  endloop
 endfacet
 facet normal 0 0 -1
  outer loop
   vertex -24.2891 -79.9864 250
   vertex -24.7765 -84.7215 250
   vertex -29.4471 -84.0913 250
  endloop
 endfacet
 facet normal -0 0 -1
  outer loop
   vertex -24.2891 -79.9864 250
   vertex -29.4471 -84.0913 250
   vertex -28.831 -79.3156 250
  endloop
 endfacet
 facet normal 0 0 -1
  outer loop
   vertex -69.8338 42.1301 250
   vertex -74.2696 44.3 250
   vertex -71.9831 48.2476 250
  endloop
 endfacet
 facet normal 0 0 -1
  outer loop
   vertex -69.8338 42.1301 250
   vertex -71.9831 48.2476 250
   vertex -67.6598 45.9323 250
  endloop
 endfacet
 facet normal 0 -0 -1
  outer loop
   vertex 14.9259 -79.8179 250
   vertex 16.0268 -84.6445 250
   vertex 11.6467 -85.3958 250
  endloop
 endfacet
 facet normal 0 0 -1
  outer loop
   vertex 14.9259 -79.8179 250
   vertex 11.6467 -85.3958 250
   vertex 10.7382 -80.5972 250
  endloop
 endfacet
 facet normal 0 0 -1
  outer loop
   vertex 23.0773 77.7991 250
   vertex 23.6732 82.7063 250
   vertex 28.1125 81.6387 250
  endloop
 endfacet
 facet normal 0 0 -1
  outer loop
   vertex 23.0773 77.7991 250
   vertex 28.1125 81.6387 250
   vertex 27.3817 76.8151 250
  endloop
 endfacet
 facet normal -0 0 -1
  outer loop
   vertex -63.1774 -48.495 250
   vertex -66.9792 -51.7402 250
   vertex -69.647 -48.3313 250
  endloop
 endfacet
 facet normal 0 0 -1
  outer loop
   vertex -63.1774 -48.495 250
   vertex -69.647 -48.3313 250
   vertex -65.7029 -45.2471 250
  endloop
 endfacet
 facet normal 0 -0 -1
  outer loop
   vertex 2.17821 -81.5276 250
   vertex 2.69437 -86.4552 250
   vertex -1.83165 -86.6289 250
  endloop
 endfacet
 facet normal 0 0 -1
  outer loop
   vertex 2.17821 -81.5276 250
   vertex -1.83165 -86.6289 250
   vertex -2.15971 -81.7264 250
  endloop
 endfacet
 facet normal 0 0 -1
  outer loop
   vertex 58.4869 -56.7335 250
   vertex 62.5362 -59.5786 250
   vertex 59.5548 -63.0801 250
  endloop
 endfacet
 facet normal 0 -0 -1
  outer loop
   vertex 58.4869 -56.7335 250
   vertex 59.5548 -63.0801 250
   vertex 55.6764 -60.1716 250
  endloop
 endfacet
 facet normal 0 0 -1
  outer loop
   vertex -15.3098 -81.1005 250
   vertex -15.5058 -85.9585 250
   vertex -20.1622 -85.4195 250
  endloop
 endfacet
 facet normal -0 0 -1
  outer loop
   vertex -15.3098 -81.1005 250
   vertex -20.1622 -85.4195 250
   vertex -19.7863 -80.6042 250
  endloop
 endfacet
 facet normal 0 0 -1
  outer loop
   vertex -19.7863 -80.6042 250
   vertex -20.1622 -85.4195 250
   vertex -24.7765 -84.7215 250
  endloop
 endfacet
 facet normal -0 0 -1
  outer loop
   vertex -19.7863 -80.6042 250
   vertex -24.7765 -84.7215 250
   vertex -24.2891 -79.9864 250
  endloop
 endfacet
 facet normal 0 0 -1
  outer loop
   vertex -33.2806 -78.6109 250
   vertex -34.2951 -83.855 250
   vertex -39.2033 -82.2166 250
  endloop
 endfacet
 facet normal -0 0 -1
  outer loop
   vertex -33.2806 -78.6109 250
   vertex -39.2033 -82.2166 250
   vertex -37.6694 -77.6648 250
  endloop
 endfacet
 facet normal 0 0 -1
  outer loop
   vertex -60.5381 -51.5642 250
   vertex -64.2011 -54.9688 250
   vertex -66.9792 -51.7402 250
  endloop
 endfacet
 facet normal -0 0 -1
  outer loop
   vertex -60.5381 -51.5642 250
   vertex -66.9792 -51.7402 250
   vertex -63.1774 -48.495 250
  endloop
 endfacet
 facet normal 0 0 -1
  outer loop
   vertex -22.2571 76.0968 250
   vertex -23.783 80.8696 250
   vertex -19.7963 82.1133 250
  endloop
 endfacet
 facet normal 0 0 -1
  outer loop
   vertex -22.2571 76.0968 250
   vertex -19.7963 82.1133 250
   vertex -18.4504 77.291 250
  endloop
 endfacet
 facet normal 0 -0 -1
  outer loop
   vertex 23.0186 -77.7109 250
   vertex 24.5064 -82.4787 250
   vertex 20.2985 -83.5994 250
  endloop
 endfacet
 facet normal 0 0 -1
  outer loop
   vertex 23.0186 -77.7109 250
   vertex 20.2985 -83.5994 250
   vertex 19.0243 -78.8535 250
  endloop
 endfacet
 facet normal 0 0 -1
  outer loop
   vertex 68.6418 43.494 250
   vertex 72.6796 46.382 250
   vertex 75.0421 42.5804 250
  endloop
 endfacet
 facet normal 0 0 -1
  outer loop
   vertex 68.6418 43.494 250
   vertex 75.0421 42.5804 250
   vertex 70.959 39.8858 250
  endloop
 endfacet
 facet normal 0 -0 -1
  outer loop
   vertex 87.7327 5.98481 250
   vertex 89.8441 2.77931 250
   vertex 85.2388 2.26391 250
  endloop
 endfacet
 facet normal 0 0 -1
  outer loop
   vertex 87.7327 5.98481 250
   vertex 85.2388 2.26391 250
   vertex 83.2935 5.72626 250
  endloop
 endfacet
 facet normal 0 0 -1
  outer loop
   vertex -51.9948 -59.7989 250
   vertex -55.2491 -63.6536 250
   vertex -58.347 -60.946 250
  endloop
 endfacet
 facet normal -0 0 -1
  outer loop
   vertex -51.9948 -59.7989 250
   vertex -58.347 -60.946 250
   vertex -54.9794 -57.2717 250
  endloop
 endfacet
 facet normal -0 0 -1
  outer loop
   vertex -68.0489 -41.7857 250
   vertex -72.105 -44.7033 250
   vertex -74.4966 -40.9706 250
  endloop
 endfacet
 facet normal 0 0 -1
  outer loop
   vertex -68.0489 -41.7857 250
   vertex -74.4966 -40.9706 250
   vertex -70.3385 -38.2256 250
  endloop
 endfacet
 facet normal 0 0 -1
  outer loop
   vertex -78.7109 18.7345 250
   vertex -83.5575 19.8265 250
   vertex -82.6071 23.9775 250
  endloop
 endfacet
 facet normal 0 0 -1
  outer loop
   vertex -78.7109 18.7345 250
   vertex -82.6071 23.9775 250
   vertex -77.8159 22.6992 250
  endloop
 endfacet
 facet normal -0 0 -1
  outer loop
   vertex -65.7029 -45.2471 250
   vertex -69.647 -48.3313 250
   vertex -72.105 -44.7033 250
  endloop
 endfacet
 facet normal 0 0 -1
  outer loop
   vertex -65.7029 -45.2471 250
   vertex -72.105 -44.7033 250
   vertex -68.0489 -41.7857 250
  endloop
 endfacet
 facet normal 0 0 -1
  outer loop
   vertex 44.1212 71.4917 250
   vertex 46.2794 76.5806 250
   vertex 50.8385 73.8137 250
  endloop
 endfacet
 facet normal 0 0 -1
  outer loop
   vertex 44.1212 71.4917 250
   vertex 50.8385 73.8137 250
   vertex 48.0773 69.5135 250
  endloop
 endfacet
 facet normal -0 0 -1
  outer loop
   vertex -83.164 -5.77355 250
   vertex -87.8813 -6.96309 250
   vertex -89.4829 -2.33332 250
  endloop
 endfacet
 facet normal 0 0 -1
  outer loop
   vertex -83.164 -5.77355 250
   vertex -89.4829 -2.33332 250
   vertex -84.1385 -1.46848 250
  endloop
 endfacet
 facet normal -0 0 -1
  outer loop
   vertex -80.8003 -14.2541 250
   vertex -85.3247 -15.9464 250
   vertex -86.6351 -11.4436 250
  endloop
 endfacet
 facet normal 0 0 -1
  outer loop
   vertex -80.8003 -14.2541 250
   vertex -86.6351 -11.4436 250
   vertex -82.0416 -10.0053 250
  endloop
 endfacet
 facet normal -0 0 -1
  outer loop
   vertex -82.0416 -10.0053 250
   vertex -86.6351 -11.4436 250
   vertex -87.8813 -6.96309 250
  endloop
 endfacet
 facet normal 0 0 -1
  outer loop
   vertex -82.0416 -10.0053 250
   vertex -87.8813 -6.96309 250
   vertex -83.164 -5.77355 250
  endloop
 endfacet
 facet normal 0 0 -1
  outer loop
   vertex -18.4504 77.291 250
   vertex -19.7963 82.1133 250
   vertex -15.6384 83.0264 250
  endloop
 endfacet
 facet normal 0 0 -1
  outer loop
   vertex -18.4504 77.291 250
   vertex -15.6384 83.0264 250
   vertex -14.4873 78.1657 250
  endloop
 endfacet
 facet normal 0 0 -1
  outer loop
   vertex 27.3817 76.8151 250
   vertex 28.1125 81.6387 250
   vertex 32.61 80.4422 250
  endloop
 endfacet
 facet normal 0 0 -1
  outer loop
   vertex 27.3817 76.8151 250
   vertex 32.61 80.4422 250
   vertex 31.6349 75.6535 250
  endloop
 endfacet
 facet normal 0 0 -1
  outer loop
   vertex 78.7496 23.8832 250
   vertex 83.0642 25.9722 250
   vertex 84.6616 21.3434 250
  endloop
 endfacet
 facet normal 0 0 -1
  outer loop
   vertex 78.7496 23.8832 250
   vertex 84.6616 21.3434 250
   vertex 80.3715 19.5105 250
  endloop
 endfacet
 facet normal 0 0 -1
  outer loop
   vertex 58.1428 56.2961 250
   vertex 61.6912 59.8071 250
   vertex 64.6274 56.7006 250
  endloop
 endfacet
 facet normal 0 0 -1
  outer loop
   vertex 58.1428 56.2961 250
   vertex 64.6274 56.7006 250
   vertex 61.0043 53.4082 250
  endloop
 endfacet
 facet normal 0 0 -1
  outer loop
   vertex 75.1311 32.1724 250
   vertex 79.4305 34.5838 250
   vertex 81.3848 30.3652 250
  endloop
 endfacet
 facet normal 0 0 -1
  outer loop
   vertex 75.1311 32.1724 250
   vertex 81.3848 30.3652 250
   vertex 77.0216 28.1051 250
  endloop
 endfacet
 facet normal 0 -0 -1
  outer loop
   vertex 26.8626 -76.3436 250
   vertex 28.5367 -81.0251 250
   vertex 24.5064 -82.4787 250
  endloop
 endfacet
 facet normal 0 0 -1
  outer loop
   vertex 26.8626 -76.3436 250
   vertex 24.5064 -82.4787 250
   vertex 23.0186 -77.7109 250
  endloop
 endfacet
 facet normal -0 0 -1
  outer loop
   vertex -77.9815 -22.5914 250
   vertex -82.4072 -24.6709 250
   vertex -83.8943 -20.3724 250
  endloop
 endfacet
 facet normal 0 0 -1
  outer loop
   vertex -77.9815 -22.5914 250
   vertex -83.8943 -20.3724 250
   vertex -79.4238 -18.4735 250
  endloop
 endfacet
 facet normal 0 0 -1
  outer loop
   vertex -71.8264 38.2998 250
   vertex -76.3405 40.2963 250
   vertex -74.2696 44.3 250
  endloop
 endfacet
 facet normal 0 0 -1
  outer loop
   vertex -71.8264 38.2998 250
   vertex -74.2696 44.3 250
   vertex -69.8338 42.1301 250
  endloop
 endfacet
 facet normal 0 0 -1
  outer loop
   vertex 1.77716 79.9388 250
   vertex 1.4382 84.8944 250
   vertex 5.83914 84.8797 250
  endloop
 endfacet
 facet normal 0 0 -1
  outer loop
   vertex 1.77716 79.9388 250
   vertex 5.83914 84.8797 250
   vertex 5.98092 79.9098 250
  endloop
 endfacet
 facet normal 0 0 -1
  outer loop
   vertex 55.1406 58.9355 250
   vertex 58.5163 62.5869 250
   vertex 61.6912 59.8071 250
  endloop
 endfacet
 facet normal 0 0 -1
  outer loop
   vertex 55.1406 58.9355 250
   vertex 61.6912 59.8071 250
   vertex 58.1428 56.2961 250
  endloop
 endfacet
 facet normal 0 0 -1
  outer loop
   vertex -6.45361 79.4144 250
   vertex -7.197 84.2962 250
   vertex -2.90622 84.7066 250
  endloop
 endfacet
 facet normal 0 0 -1
  outer loop
   vertex -6.45361 79.4144 250
   vertex -2.90622 84.7066 250
   vertex -2.36637 79.7744 250
  endloop
 endfacet
 facet normal 0 -0 -1
  outer loop
   vertex 10.7382 -80.5972 250
   vertex 11.6467 -85.3958 250
   vertex 7.20235 -86.0208 250
  endloop
 endfacet
 facet normal 0 0 -1
  outer loop
   vertex 10.7382 -80.5972 250
   vertex 7.20235 -86.0208 250
   vertex 6.48214 -81.1096 250
  endloop
 endfacet
 facet normal 0 -0 -1
  outer loop
   vertex 30.4968 -74.7265 250
   vertex 32.3835 -79.3304 250
   vertex 28.5367 -81.0251 250
  endloop
 endfacet
 facet normal 0 0 -1
  outer loop
   vertex 30.4968 -74.7265 250
   vertex 28.5367 -81.0251 250
   vertex 26.8626 -76.3436 250
  endloop
 endfacet
 facet normal 0 0 -1
  outer loop
   vertex 52.0265 61.2762 250
   vertex 55.2125 65.1169 250
   vertex 58.5163 62.5869 250
  endloop
 endfacet
 facet normal 0 0 -1
  outer loop
   vertex 52.0265 61.2762 250
   vertex 58.5163 62.5869 250
   vertex 55.1406 58.9355 250
  endloop
 endfacet
 facet normal 0 0 -1
  outer loop
   vertex -59.8983 56.9422 250
   vertex -63.9013 59.674 250
   vertex -60.8592 63.2725 250
  endloop
 endfacet
 facet normal 0 0 -1
  outer loop
   vertex -59.8983 56.9422 250
   vertex -60.8592 63.2725 250
   vertex -56.9971 60.4864 250
  endloop
 endfacet
 facet normal 0 0 -1
  outer loop
   vertex -51.2135 67.2129 250
   vertex -54.8007 70.3209 250
   vertex -52.0614 74.211 250
  endloop
 endfacet
 facet normal 0 0 -1
  outer loop
   vertex -51.2135 67.2129 250
   vertex -52.0614 74.211 250
   vertex -48.3444 70.4927 250
  endloop
 endfacet
 facet normal 0 0 -1
  outer loop
   vertex -48.3444 70.4927 250
   vertex -52.0614 74.211 250
   vertex -48.0695 77.325 250
  endloop
 endfacet
 facet normal 0 0 -1
  outer loop
   vertex -48.3444 70.4927 250
   vertex -48.0695 77.325 250
   vertex -45.2493 73.4005 250
  endloop
 endfacet
 facet normal 0 0 -1
  outer loop
   vertex -40.0245 72.4054 250
   vertex -42.2824 75.9718 250
   vertex -39.2627 78.2188 250
  endloop
 endfacet
 facet normal 0 0 -1
  outer loop
   vertex -40.0245 72.4054 250
   vertex -39.2627 78.2188 250
   vertex -37.1585 74.2262 250
  endloop
 endfacet
 facet normal 0 0 -1
  outer loop
   vertex 63.6539 50.2401 250
   vertex 67.4741 53.4612 250
   vertex 70.0975 49.9674 250
  endloop
 endfacet
 facet normal 0 0 -1
  outer loop
   vertex 63.6539 50.2401 250
   vertex 70.0975 49.9674 250
   vertex 66.208 46.9476 250
  endloop
 endfacet
 facet normal 0 0 -1
  outer loop
   vertex 73.4893 -30.9877 250
   vertex 78.1976 -32.6457 250
   vertex 76.5607 -36.6738 250
  endloop
 endfacet
 facet normal 0 -0 -1
  outer loop
   vertex 73.4893 -30.9877 250
   vertex 76.5607 -36.6738 250
   vertex 71.9249 -34.8266 250
  endloop
 endfacet
 facet normal 0 0 -1
  outer loop
   vertex -25.8552 74.7178 250
   vertex -27.5183 79.3909 250
   vertex -23.783 80.8696 250
  endloop
 endfacet
 facet normal 0 0 -1
  outer loop
   vertex -25.8552 74.7178 250
   vertex -23.783 80.8696 250
   vertex -22.2571 76.0968 250
  endloop
 endfacet
 facet normal 0 0 -1
  outer loop
   vertex 61.0043 53.4082 250
   vertex 64.6274 56.7006 250
   vertex 67.4741 53.4612 250
  endloop
 endfacet
 facet normal 0 0 -1
  outer loop
   vertex 61.0043 53.4082 250
   vertex 67.4741 53.4612 250
   vertex 63.6539 50.2401 250
  endloop
 endfacet
 facet normal 0 0 -1
  outer loop
   vertex 78.364 -4.45785 250
   vertex 82.9417 -4.59953 250
   vertex 83.2127 -8.37576 250
  endloop
 endfacet
 facet normal 0 0 -1
  outer loop
   vertex 78.364 -4.45785 250
   vertex 83.2127 -8.37576 250
   vertex 78.485 -7.93494 250
  endloop
 endfacet
 facet normal 0 0 -1
  outer loop
   vertex -14.4873 78.1657 250
   vertex -15.6384 83.0264 250
   vertex -11.4388 83.749 250
  endloop
 endfacet
 facet normal 0 0 -1
  outer loop
   vertex -14.4873 78.1657 250
   vertex -11.4388 83.749 250
   vertex -10.4891 78.851 250
  endloop
 endfacet
 facet normal 0 0 -1
  outer loop
   vertex -29.2227 73.2429 250
   vertex -30.9682 77.7274 250
   vertex -27.5183 79.3909 250
  endloop
 endfacet
 facet normal 0 0 -1
  outer loop
   vertex -29.2227 73.2429 250
   vertex -27.5183 79.3909 250
   vertex -25.8552 74.7178 250
  endloop
 endfacet
 facet normal 0 0 -1
  outer loop
   vertex 14.4887 79.2012 250
   vertex 14.7207 84.1798 250
   vertex 19.223 83.5863 250
  endloop
 endfacet
 facet normal 0 0 -1
  outer loop
   vertex 14.4887 79.2012 250
   vertex 19.223 83.5863 250
   vertex 18.7847 78.6098 250
  endloop
 endfacet
 facet normal 0 0 -1
  outer loop
   vertex 18.7847 78.6098 250
   vertex 19.223 83.5863 250
   vertex 23.6732 82.7063 250
  endloop
 endfacet
 facet normal 0 0 -1
  outer loop
   vertex 18.7847 78.6098 250
   vertex 23.6732 82.7063 250
   vertex 23.0773 77.7991 250
  endloop
 endfacet
 facet normal 0 0 -1
  outer loop
   vertex 31.6349 75.6535 250
   vertex 32.61 80.4422 250
   vertex 37.1106 79.1017 250
  endloop
 endfacet
 facet normal 0 0 -1
  outer loop
   vertex 31.6349 75.6535 250
   vertex 37.1106 79.1017 250
   vertex 35.8415 74.3837 250
  endloop
 endfacet
 facet normal 0 0 -1
  outer loop
   vertex 35.8415 74.3837 250
   vertex 37.1106 79.1017 250
   vertex 41.5404 77.7228 250
  endloop
 endfacet
 facet normal 0 0 -1
  outer loop
   vertex 35.8415 74.3837 250
   vertex 41.5404 77.7228 250
   vertex 39.9607 73.0105 250
  endloop
 endfacet
 facet normal 0 0 -1
  outer loop
   vertex -10.4891 78.851 250
   vertex -11.4388 83.749 250
   vertex -7.197 84.2962 250
  endloop
 endfacet
 facet normal 0 0 -1
  outer loop
   vertex -10.4891 78.851 250
   vertex -7.197 84.2962 250
   vertex -6.45361 79.4144 250
  endloop
 endfacet
 facet normal 0 0 -1
  outer loop
   vertex 5.98092 79.9098 250
   vertex 5.83914 84.8797 250
   vertex 10.2473 84.5764 250
  endloop
 endfacet
 facet normal 0 0 -1
  outer loop
   vertex 5.98092 79.9098 250
   vertex 10.2473 84.5764 250
   vertex 10.2118 79.6047 250
  endloop
 endfacet
 facet normal 0 0 -1
  outer loop
   vertex 66.208 46.9476 250
   vertex 70.0975 49.9674 250
   vertex 72.6796 46.382 250
  endloop
 endfacet
 facet normal 0 0 -1
  outer loop
   vertex 66.208 46.9476 250
   vertex 72.6796 46.382 250
   vertex 68.6418 43.494 250
  endloop
 endfacet
 facet normal 0 0 -1
  outer loop
   vertex 78.485 -7.93494 250
   vertex 83.2127 -8.37576 250
   vertex 83.1834 -12.3122 250
  endloop
 endfacet
 facet normal 0 -0 -1
  outer loop
   vertex 78.485 -7.93494 250
   vertex 83.1834 -12.3122 250
   vertex 78.2408 -11.6958 250
  endloop
 endfacet
 facet normal 0 0 -1
  outer loop
   vertex -54.9794 -57.2717 250
   vertex -58.347 -60.946 250
   vertex -61.3092 -58.0197 250
  endloop
 endfacet
 facet normal -0 0 -1
  outer loop
   vertex -54.9794 -57.2717 250
   vertex -61.3092 -58.0197 250
   vertex -57.7814 -54.459 250
  endloop
 endfacet
 facet normal 0 0 -1
  outer loop
   vertex -10.874 -81.4371 250
   vertex -10.8945 -86.3186 250
   vertex -15.5058 -85.9585 250
  endloop
 endfacet
 facet normal -0 0 -1
  outer loop
   vertex -10.874 -81.4371 250
   vertex -15.5058 -85.9585 250
   vertex -15.3098 -81.1005 250
  endloop
 endfacet
 facet normal 0 0 -1
  outer loop
   vertex 70.959 39.8858 250
   vertex 75.0421 42.5804 250
   vertex 77.3204 38.6571 250
  endloop
 endfacet
 facet normal 0 0 -1
  outer loop
   vertex 70.959 39.8858 250
   vertex 77.3204 38.6571 250
   vertex 73.0802 36.0829 250
  endloop
 endfacet
 facet normal 0 -0 -1
  outer loop
   vertex 46.6451 -70.0278 250
   vertex 50.2438 -74.0716 250
   vertex 45.8259 -77.0942 250
  endloop
 endfacet
 facet normal 0 0 -1
  outer loop
   vertex 46.6451 -70.0278 250
   vertex 45.8259 -77.0942 250
   vertex 43.1287 -72.7932 250
  endloop
 endfacet
 facet normal 0 0 -1
  outer loop
   vertex 76.0515 -23.264 250
   vertex 80.8681 -24.5227 250
   vertex 79.6324 -28.5911 250
  endloop
 endfacet
 facet normal 0 -0 -1
  outer loop
   vertex 76.0515 -23.264 250
   vertex 79.6324 -28.5911 250
   vertex 74.8594 -27.1303 250
  endloop
 endfacet
 facet normal 0 0 -1
  outer loop
   vertex 70.1144 -38.5964 250
   vertex 74.7099 -40.6489 250
   vertex 72.6198 -44.5195 250
  endloop
 endfacet
 facet normal 0 -0 -1
  outer loop
   vertex 70.1144 -38.5964 250
   vertex 72.6198 -44.5195 250
   vertex 68.1824 -42.3624 250
  endloop
 endfacet
 facet normal 0 0 -1
  outer loop
   vertex 73.0802 36.0829 250
   vertex 77.3204 38.6571 250
   vertex 79.4305 34.5838 250
  endloop
 endfacet
 facet normal 0 0 -1
  outer loop
   vertex 73.0802 36.0829 250
   vertex 79.4305 34.5838 250
   vertex 75.1311 32.1724 250
  endloop
 endfacet
 facet normal 0 -0 -1
  outer loop
   vertex 33.9469 -72.8969 250
   vertex 36.0555 -77.4077 250
   vertex 32.3835 -79.3304 250
  endloop
 endfacet
 facet normal 0 0 -1
  outer loop
   vertex 33.9469 -72.8969 250
   vertex 32.3835 -79.3304 250
   vertex 30.4968 -74.7265 250
  endloop
 endfacet
 facet normal 0 0 -1
  outer loop
   vertex 80.3715 19.5105 250
   vertex 84.6616 21.3434 250
   vertex 86.0644 16.1028 250
  endloop
 endfacet
 facet normal 0 0 -1
  outer loop
   vertex 80.3715 19.5105 250
   vertex 86.0644 16.1028 250
   vertex 81.8728 15.309 250
  endloop
 endfacet
 facet normal 0 0 -1
  outer loop
   vertex 74.8594 -27.1303 250
   vertex 79.6324 -28.5911 250
   vertex 78.1976 -32.6457 250
  endloop
 endfacet
 facet normal 0 -0 -1
  outer loop
   vertex 74.8594 -27.1303 250
   vertex 78.1976 -32.6457 250
   vertex 73.4893 -30.9877 250
  endloop
 endfacet
 facet normal 0 0 -1
  outer loop
   vertex 77.727 -15.5266 250
   vertex 82.7315 -16.3653 250
   vertex 81.971 -20.4559 250
  endloop
 endfacet
 facet normal 0 -0 -1
  outer loop
   vertex 77.727 -15.5266 250
   vertex 81.971 -20.4559 250
   vertex 77.0299 -19.3907 250
  endloop
 endfacet
 facet normal 0 0 -1
  outer loop
   vertex 48.8144 63.3763 250
   vertex 51.7422 67.3963 250
   vertex 55.2125 65.1169 250
  endloop
 endfacet
 facet normal 0 0 -1
  outer loop
   vertex 48.8144 63.3763 250
   vertex 55.2125 65.1169 250
   vertex 52.0265 61.2762 250
  endloop
 endfacet
 facet normal 0 0 -1
  outer loop
   vertex -55.4826 0.00071459 250
   vertex -52.2366 2.04512 250
   vertex -50.1073 -2.25258 250
  endloop
 endfacet
 facet normal 0 0 -1
  outer loop
   vertex -55.4826 0.00071459 250
   vertex -50.1073 -2.25258 250
   vertex -54.5658 -3.30863 250
  endloop
 endfacet
 facet normal 0 0 -1
  outer loop
   vertex 68.1824 -42.3624 250
   vertex 72.6198 -44.5195 250
   vertex 70.3916 -48.3974 250
  endloop
 endfacet
 facet normal 0 -0 -1
  outer loop
   vertex 68.1824 -42.3624 250
   vertex 70.3916 -48.3974 250
   vertex 66.004 -46.0335 250
  endloop
 endfacet
 facet normal 0 0 -1
  outer loop
   vertex 78.2408 -11.6958 250
   vertex 83.1834 -12.3122 250
   vertex 82.7315 -16.3653 250
  endloop
 endfacet
 facet normal 0 -0 -1
  outer loop
   vertex 78.2408 -11.6958 250
   vertex 82.7315 -16.3653 250
   vertex 77.727 -15.5266 250
  endloop
 endfacet
 facet normal -0 0 -1
  outer loop
   vertex -84.1385 -1.46848 250
   vertex -89.4829 -2.33332 250
   vertex -89.6337 3.0297 250
  endloop
 endfacet
 facet normal 0 0 -1
  outer loop
   vertex -84.1385 -1.46848 250
   vertex -89.6337 3.0297 250
   vertex -84.5616 2.98077 250
  endloop
 endfacet
 facet normal 0 0 -1
  outer loop
   vertex -2.36637 79.7744 250
   vertex -2.90622 84.7066 250
   vertex 1.4382 84.8944 250
  endloop
 endfacet
 facet normal 0 0 -1
  outer loop
   vertex -2.36637 79.7744 250
   vertex 1.4382 84.8944 250
   vertex 1.77716 79.9388 250
  endloop
 endfacet
 facet normal 0 0 -1
  outer loop
   vertex -65.2254 49.6341 250
   vertex -69.488 52.1411 250
   vertex -66.7596 55.8913 250
  endloop
 endfacet
 facet normal 0 0 -1
  outer loop
   vertex -65.2254 49.6341 250
   vertex -66.7596 55.8913 250
   vertex -62.6464 53.3108 250
  endloop
 endfacet
 facet normal 0 0 -1
  outer loop
   vertex -73.5941 34.4334 250
   vertex -78.2009 36.2548 250
   vertex -76.3405 40.2963 250
  endloop
 endfacet
 facet normal 0 0 -1
  outer loop
   vertex -73.5941 34.4334 250
   vertex -76.3405 40.2963 250
   vertex -71.8264 38.2998 250
  endloop
 endfacet
 facet normal 0 0 -1
  outer loop
   vertex -75.2479 30.5613 250
   vertex -79.8589 32.1831 250
   vertex -78.2009 36.2548 250
  endloop
 endfacet
 facet normal 0 0 -1
  outer loop
   vertex -75.2479 30.5613 250
   vertex -78.2009 36.2548 250
   vertex -73.5941 34.4334 250
  endloop
 endfacet
 facet normal 0 0 -1
  outer loop
   vertex -40.4399 -73.7268 250
   vertex -41.5023 -77.0203 250
   vertex -44.8661 -75.508 250
  endloop
 endfacet
 facet normal -0 0 -1
  outer loop
   vertex -40.4399 -73.7268 250
   vertex -44.8661 -75.508 250
   vertex -42.7512 -71.8472 250
  endloop
 endfacet
 facet normal 0 0 -1
  outer loop
   vertex -57.7814 -54.459 250
   vertex -61.3092 -58.0197 250
   vertex -64.2011 -54.9688 250
  endloop
 endfacet
 facet normal -0 0 -1
  outer loop
   vertex -57.7814 -54.459 250
   vertex -64.2011 -54.9688 250
   vertex -60.5381 -51.5642 250
  endloop
 endfacet
 facet normal 0 -0 -1
  outer loop
   vertex 19.0243 -78.8535 250
   vertex 20.2985 -83.5994 250
   vertex 16.0268 -84.6445 250
  endloop
 endfacet
 facet normal 0 0 -1
  outer loop
   vertex 19.0243 -78.8535 250
   vertex 16.0268 -84.6445 250
   vertex 14.9259 -79.8179 250
  endloop
 endfacet
 facet normal 0 0 -1
  outer loop
   vertex -42.7683 -66.3144 250
   vertex -45.6263 -69.9692 250
   vertex -48.7549 -68.0567 250
  endloop
 endfacet
 facet normal -0 0 -1
  outer loop
   vertex -42.7683 -66.3144 250
   vertex -48.7549 -68.0567 250
   vertex -45.8178 -64.1979 250
  endloop
 endfacet
 facet normal 0 0 -1
  outer loop
   vertex -79.7927 6.8806 250
   vertex -84.7129 7.28892 250
   vertex -84.6232 11.5056 250
  endloop
 endfacet
 facet normal 0 0 -1
  outer loop
   vertex -79.7927 6.8806 250
   vertex -84.6232 11.5056 250
   vertex -79.7239 10.8289 250
  endloop
 endfacet
 facet normal -0 0 -1
  outer loop
   vertex -74.4805 -30.6494 250
   vertex -78.8542 -33.0608 250
   vertex -80.7238 -28.9109 250
  endloop
 endfacet
 facet normal 0 0 -1
  outer loop
   vertex -74.4805 -30.6494 250
   vertex -80.7238 -28.9109 250
   vertex -76.3092 -26.672 250
  endloop
 endfacet
 facet normal 0 0 -1
  outer loop
   vertex 78.1353 -1.27873 250
   vertex 82.1827 -1.26434 250
   vertex 82.9417 -4.59953 250
  endloop
 endfacet
 facet normal 0 0 -1
  outer loop
   vertex 78.1353 -1.27873 250
   vertex 82.9417 -4.59953 250
   vertex 78.364 -4.45785 250
  endloop
 endfacet
 facet normal 0 0 -1
  outer loop
   vertex -62.6464 53.3108 250
   vertex -66.7596 55.8913 250
   vertex -63.9013 59.674 250
  endloop
 endfacet
 facet normal 0 0 -1
  outer loop
   vertex -62.6464 53.3108 250
   vertex -63.9013 59.674 250
   vertex -59.8983 56.9422 250
  endloop
 endfacet
 facet normal 0 0 -1
  outer loop
   vertex -45.8178 -64.1979 250
   vertex -48.7549 -68.0567 250
   vertex -52.0014 -65.9835 250
  endloop
 endfacet
 facet normal -0 0 -1
  outer loop
   vertex -45.8178 -64.1979 250
   vertex -52.0014 -65.9835 250
   vertex -48.906 -62.0494 250
  endloop
 endfacet
 facet normal 0 0 -1
  outer loop
   vertex -67.6598 45.9323 250
   vertex -71.9831 48.2476 250
   vertex -69.488 52.1411 250
  endloop
 endfacet
 facet normal 0 0 -1
  outer loop
   vertex -67.6598 45.9323 250
   vertex -69.488 52.1411 250
   vertex -65.2254 49.6341 250
  endloop
 endfacet
 facet normal 0 0 -1
  outer loop
   vertex -48.906 -62.0494 250
   vertex -52.0014 -65.9835 250
   vertex -55.2491 -63.6536 250
  endloop
 endfacet
 facet normal -0 0 -1
  outer loop
   vertex -48.906 -62.0494 250
   vertex -55.2491 -63.6536 250
   vertex -51.9948 -59.7989 250
  endloop
 endfacet
 facet normal 0 0 -1
  outer loop
   vertex 30.5799 -54.6483 250
   vertex 34.0696 -56.2614 250
   vertex 30.8754 -58.6149 250
  endloop
 endfacet
 facet normal 0 0 -1
  outer loop
   vertex 77.0299 -19.3907 250
   vertex 81.971 -20.4559 250
   vertex 80.8681 -24.5227 250
  endloop
 endfacet
 facet normal 0 -0 -1
  outer loop
   vertex 77.0299 -19.3907 250
   vertex 80.8681 -24.5227 250
   vertex 76.0515 -23.264 250
  endloop
 endfacet
 facet normal 0 0 -1
  outer loop
   vertex -28.831 -79.3156 250
   vertex -29.4471 -84.0913 250
   vertex -34.2951 -83.855 250
  endloop
 endfacet
 facet normal -0 0 -1
  outer loop
   vertex -28.831 -79.3156 250
   vertex -34.2951 -83.855 250
   vertex -33.2806 -78.6109 250
  endloop
 endfacet
 facet normal 0 0 -1
  outer loop
   vertex 10.2118 79.6047 250
   vertex 10.2473 84.5764 250
   vertex 14.7207 84.1798 250
  endloop
 endfacet
 facet normal 0 0 -1
  outer loop
   vertex 10.2118 79.6047 250
   vertex 14.7207 84.1798 250
   vertex 14.4887 79.2012 250
  endloop
 endfacet
 facet normal 0 -0 -1
  outer loop
   vertex 37.2807 -70.8839 250
   vertex 39.609 -75.2268 250
   vertex 36.0555 -77.4077 250
  endloop
 endfacet
 facet normal 0 0 -1
  outer loop
   vertex 37.2807 -70.8839 250
   vertex 36.0555 -77.4077 250
   vertex 33.9469 -72.8969 250
  endloop
 endfacet
 facet normal 0 0 -1
  outer loop
   vertex -56.9971 60.4864 250
   vertex -60.8592 63.2725 250
   vertex -57.7869 66.7831 250
  endloop
 endfacet
 facet normal 0 0 -1
  outer loop
   vertex -56.9971 60.4864 250
   vertex -57.7869 66.7831 250
   vertex -54.0934 63.8473 250
  endloop
 endfacet
 facet normal 0 0 -1
  outer loop
   vertex -79.7239 10.8289 250
   vertex -84.6232 11.5056 250
   vertex -84.2187 15.6689 250
  endloop
 endfacet
 facet normal 0 0 -1
  outer loop
   vertex -79.7239 10.8289 250
   vertex -84.2187 15.6689 250
   vertex -79.3015 14.7667 250
  endloop
 endfacet
 facet normal 0 0 -1
  outer loop
   vertex -54.0934 63.8473 250
   vertex -57.7869 66.7831 250
   vertex -54.8007 70.3209 250
  endloop
 endfacet
 facet normal 0 0 -1
  outer loop
   vertex -54.0934 63.8473 250
   vertex -54.8007 70.3209 250
   vertex -51.2135 67.2129 250
  endloop
 endfacet
 facet normal 0 -0 -1
  outer loop
   vertex 6.48214 -81.1096 250
   vertex 7.20235 -86.0208 250
   vertex 2.69437 -86.4552 250
  endloop
 endfacet
 facet normal 0 0 -1
  outer loop
   vertex 6.48214 -81.1096 250
   vertex 2.69437 -86.4552 250
   vertex 2.17821 -81.5276 250
  endloop
 endfacet
 facet normal 0 -0 -1
  outer loop
   vertex -6.51989 -81.7178 250
   vertex -6.36371 -86.5874 250
   vertex -10.8945 -86.3186 250
  endloop
 endfacet
 facet normal -0 0 -1
  outer loop
   vertex -6.51989 -81.7178 250
   vertex -10.8945 -86.3186 250
   vertex -10.874 -81.4371 250
  endloop
 endfacet
 facet normal 0 0 -1
  outer loop
   vertex 81.8728 15.309 250
   vertex 86.0644 16.1028 250
   vertex 86.1236 12.3607 250
  endloop
 endfacet
 facet normal 0 0 -1
  outer loop
   vertex 81.8728 15.309 250
   vertex 86.1236 12.3607 250
   vertex 83.2388 12.4467 250
  endloop
 endfacet
 facet normal 0 0 -1
  outer loop
   vertex 39.9607 73.0105 250
   vertex 41.5404 77.7228 250
   vertex 46.2794 76.5806 250
  endloop
 endfacet
 facet normal 0 0 -1
  outer loop
   vertex 39.9607 73.0105 250
   vertex 46.2794 76.5806 250
   vertex 44.1212 71.4917 250
  endloop
 endfacet
 facet normal 0 0 -1
  outer loop
   vertex 55.6764 -60.1716 250
   vertex 59.5548 -63.0801 250
   vertex 56.445 -66.6605 250
  endloop
 endfacet
 facet normal 0 -0 -1
  outer loop
   vertex 55.6764 -60.1716 250
   vertex 56.445 -66.6605 250
   vertex 52.7573 -63.5481 250
  endloop
 endfacet
 facet normal -0 0 -1
  outer loop
   vertex -79.4238 -18.4735 250
   vertex -83.8943 -20.3724 250
   vertex -85.3247 -15.9464 250
  endloop
 endfacet
 facet normal 0 0 -1
  outer loop
   vertex -79.4238 -18.4735 250
   vertex -85.3247 -15.9464 250
   vertex -80.8003 -14.2541 250
  endloop
 endfacet
 facet normal 0 0 -1
  outer loop
   vertex -79.3015 14.7667 250
   vertex -84.2187 15.6689 250
   vertex -83.5575 19.8265 250
  endloop
 endfacet
 facet normal 0 0 -1
  outer loop
   vertex -79.3015 14.7667 250
   vertex -83.5575 19.8265 250
   vertex -78.7109 18.7345 250
  endloop
 endfacet
 facet normal 0 0 -1
  outer loop
   vertex -32.3922 71.8054 250
   vertex -34.1597 75.9777 250
   vertex -30.9682 77.7274 250
  endloop
 endfacet
 facet normal 0 0 -1
  outer loop
   vertex -32.3922 71.8054 250
   vertex -30.9682 77.7274 250
   vertex -29.2227 73.2429 250
  endloop
 endfacet
 facet normal 0 0 -1
  outer loop
   vertex 77.0216 28.1051 250
   vertex 81.3848 30.3652 250
   vertex 83.0642 25.9722 250
  endloop
 endfacet
 facet normal 0 0 -1
  outer loop
   vertex 77.0216 28.1051 250
   vertex 83.0642 25.9722 250
   vertex 78.7496 23.8832 250
  endloop
 endfacet
 facet normal 0 0 -1
  outer loop
   vertex 61.188 -53.282 250
   vertex 65.3474 -55.934 250
   vertex 62.5362 -59.5786 250
  endloop
 endfacet
 facet normal 0 -0 -1
  outer loop
   vertex 61.188 -53.282 250
   vertex 62.5362 -59.5786 250
   vertex 58.4869 -56.7335 250
  endloop
 endfacet
 facet normal 0 0 -1
  outer loop
   vertex 66.004 -46.0335 250
   vertex 70.3916 -48.3974 250
   vertex 67.9698 -52.2129 250
  endloop
 endfacet
 facet normal 0 -0 -1
  outer loop
   vertex 66.004 -46.0335 250
   vertex 67.9698 -52.2129 250
   vertex 63.695 -49.6961 250
  endloop
 endfacet
 facet normal 0 0 -1
  outer loop
   vertex 71.9249 -34.8266 250
   vertex 76.5607 -36.6738 250
   vertex 74.7099 -40.6489 250
  endloop
 endfacet
 facet normal 0 -0 -1
  outer loop
   vertex 71.9249 -34.8266 250
   vertex 74.7099 -40.6489 250
   vertex 70.1144 -38.5964 250
  endloop
 endfacet
 facet normal 0 -0 -1
  outer loop
   vertex 81.3146 1.64613 250
   vertex 82.1827 -1.26434 250
   vertex 78.1353 -1.27873 250
  endloop
 endfacet
 facet normal -0 0 -1
  outer loop
   vertex 81.3146 1.64613 250
   vertex 78.1353 -1.27873 250
   vertex 77.9516 1.88591 250
  endloop
 endfacet
 facet normal 0 0 -1
  outer loop
   vertex 37.809 98.7108 250
   vertex 41.5161 101.865 250
   vertex 46.1094 99.8695 250
  endloop
 endfacet
 facet normal 0 0 -1
  outer loop
   vertex 37.809 98.7108 250
   vertex 46.1094 99.8695 250
   vertex 44.6056 95.7692 250
  endloop
 endfacet
 facet normal 0 0 -1
  outer loop
   vertex 34.0696 -56.2614 250
   vertex 30.5799 -54.6483 250
   vertex 32.9916 -50.7595 250
  endloop
 endfacet
 facet normal 0 0 -1
  outer loop
   vertex 34.0696 -56.2614 250
   vertex 32.9916 -50.7595 250
   vertex 36.3563 -53.7928 250
  endloop
 endfacet
 facet normal 0 -0 -1
  outer loop
   vertex -45.9829 -93.9561 250
   vertex -45.4057 -96.954 250
   vertex -49.0512 -94.9063 250
  endloop
 endfacet
 facet normal 0 0 -1
  outer loop
   vertex -107.162 -24.8259 250
   vertex -108.181 -19.9228 250
   vertex -103.527 -21.3435 250
  endloop
 endfacet
 facet normal 0 0 -1
  outer loop
   vertex -45.2493 73.4005 250
   vertex -42.2824 75.9718 250
   vertex -40.0245 72.4054 250
  endloop
 endfacet
 facet normal 0 0 -1
  outer loop
   vertex -45.2493 73.4005 250
   vertex -40.0245 72.4054 250
   vertex -42.4352 69.8157 250
  endloop
 endfacet
 facet normal 0 0 -1
  outer loop
   vertex 37.1202 50.7159 250
   vertex 37.4504 54.6564 250
   vertex 40.7147 52.4897 250
  endloop
 endfacet
 facet normal 0 0 -1
  outer loop
   vertex -54.3506 89.4037 250
   vertex -57.1853 90.5198 250
   vertex -53.5051 92.4835 250
  endloop
 endfacet
 facet normal 0 0 -1
  outer loop
   vertex -103.527 -21.3435 250
   vertex -108.181 -19.9228 250
   vertex -108.976 -14.9783 250
  endloop
 endfacet
 facet normal 0 0 -1
  outer loop
   vertex -103.527 -21.3435 250
   vertex -108.976 -14.9783 250
   vertex -104.71 -14.0386 250
  endloop
 endfacet
 facet normal 0 0 -1
  outer loop
   vertex 61.0852 84.0487 250
   vertex 61.4028 87.343 250
   vertex 64.7776 84.2692 250
  endloop
 endfacet
 facet normal 0 0 -1
  outer loop
   vertex -37.6694 -77.6648 250
   vertex -41.5023 -77.0203 250
   vertex -40.4399 -73.7268 250
  endloop
 endfacet
 facet normal 0 0 -1
  outer loop
   vertex -37.6694 -77.6648 250
   vertex -40.4399 -73.7268 250
   vertex -36.7743 -72.3145 250
  endloop
 endfacet
 facet normal 0 0 -1
  outer loop
   vertex 48.0773 69.5135 250
   vertex 51.7422 67.3963 250
   vertex 48.8144 63.3763 250
  endloop
 endfacet
 facet normal 0 -0 -1
  outer loop
   vertex 48.0773 69.5135 250
   vertex 48.8144 63.3763 250
   vertex 45.471 65.3016 250
  endloop
 endfacet
 facet normal -0 0 -1
  outer loop
   vertex 43.1287 -72.7932 250
   vertex 39.609 -75.2268 250
   vertex 37.2807 -70.8839 250
  endloop
 endfacet
 facet normal 0 0 -1
  outer loop
   vertex 43.1287 -72.7932 250
   vertex 37.2807 -70.8839 250
   vertex 40.5527 -68.7081 250
  endloop
 endfacet
 facet normal -0 0 -1
  outer loop
   vertex 78.662 -76.8914 250
   vertex 75.0808 -80.392 250
   vertex 73.7801 -75.6908 250
  endloop
 endfacet
 facet normal 0 0 -1
  outer loop
   vertex 37.4504 54.6564 250
   vertex 37.1202 50.7159 250
   vertex 32.7219 51.4058 250
  endloop
 endfacet
 facet normal -0 0 -1
  outer loop
   vertex 37.4504 54.6564 250
   vertex 32.7219 51.4058 250
   vertex 34.3407 56.3677 250
  endloop
 endfacet
 facet normal 0 0 -1
  outer loop
   vertex -84.5616 2.98077 250
   vertex -84.7129 7.28892 250
   vertex -79.7927 6.8806 250
  endloop
 endfacet
 facet normal 0 0 -1
  outer loop
   vertex -84.5616 2.98077 250
   vertex -79.7927 6.8806 250
   vertex -79.7162 2.92499 250
  endloop
 endfacet
 facet normal 0 0 -1
  outer loop
   vertex -42.7512 -71.8472 250
   vertex -45.6263 -69.9692 250
   vertex -42.7683 -66.3144 250
  endloop
 endfacet
 facet normal 0 0 -1
  outer loop
   vertex -42.7512 -71.8472 250
   vertex -42.7683 -66.3144 250
   vertex -39.778 -68.7732 250
  endloop
 endfacet
 facet normal 0 0 -1
  outer loop
   vertex -37.1585 74.2262 250
   vertex -34.1597 75.9777 250
   vertex -32.3922 71.8054 250
  endloop
 endfacet
 facet normal 0 0 -1
  outer loop
   vertex -37.1585 74.2262 250
   vertex -32.3922 71.8054 250
   vertex -35.3736 70.563 250
  endloop
 endfacet
 facet normal 0 0 -1
  outer loop
   vertex -27.886 -74.4656 250
   vertex -28.831 -79.3156 250
   vertex -33.2806 -78.6109 250
  endloop
 endfacet
 facet normal -0 0 -1
  outer loop
   vertex -27.886 -74.4656 250
   vertex -33.2806 -78.6109 250
   vertex -32.1941 -73.663 250
  endloop
 endfacet
 facet normal 0 0 -1
  outer loop
   vertex 61.7053 -43.6004 250
   vertex 66.004 -46.0335 250
   vertex 63.695 -49.6961 250
  endloop
 endfacet
 facet normal 0 -0 -1
  outer loop
   vertex 61.7053 -43.6004 250
   vertex 63.695 -49.6961 250
   vertex 59.4924 -47.0847 250
  endloop
 endfacet
 facet normal 0 -0 -1
  outer loop
   vertex 1.74322 -76.6126 250
   vertex 2.17821 -81.5276 250
   vertex -2.15971 -81.7264 250
  endloop
 endfacet
 facet normal 0 0 -1
  outer loop
   vertex 1.74322 -76.6126 250
   vertex -2.15971 -81.7264 250
   vertex -2.38623 -76.8237 250
  endloop
 endfacet
 facet normal -0 0 -1
  outer loop
   vertex -71.8827 -24.5245 250
   vertex -76.3092 -26.672 250
   vertex -77.9815 -22.5914 250
  endloop
 endfacet
 facet normal 0 0 -1
  outer loop
   vertex -71.8827 -24.5245 250
   vertex -77.9815 -22.5914 250
   vertex -73.5324 -20.6623 250
  endloop
 endfacet
 facet normal 0 0 -1
  outer loop
   vertex 78.3494 13.6444 250
   vertex 81.8728 15.309 250
   vertex 83.2388 12.4467 250
  endloop
 endfacet
 facet normal 0 0 -1
  outer loop
   vertex 78.3494 13.6444 250
   vertex 83.2388 12.4467 250
   vertex 81.6117 9.59207 250
  endloop
 endfacet
 facet normal 0 0 -1
  outer loop
   vertex -69.0278 32.5865 250
   vertex -73.5941 34.4334 250
   vertex -71.8264 38.2998 250
  endloop
 endfacet
 facet normal 0 0 -1
  outer loop
   vertex -69.0278 32.5865 250
   vertex -71.8264 38.2998 250
   vertex -67.339 36.2596 250
  endloop
 endfacet
 facet normal 0 0 -1
  outer loop
   vertex 72.1769 -18.3093 250
   vertex 77.0299 -19.3907 250
   vertex 76.0515 -23.264 250
  endloop
 endfacet
 facet normal 0 -0 -1
  outer loop
   vertex 72.1769 -18.3093 250
   vertex 76.0515 -23.264 250
   vertex 71.2569 -21.9755 250
  endloop
 endfacet
 facet normal 0 0 -1
  outer loop
   vertex -73.0272 21.4102 250
   vertex -77.8159 22.6992 250
   vertex -76.6495 26.6451 250
  endloop
 endfacet
 facet normal 0 0 -1
  outer loop
   vertex -73.0272 21.4102 250
   vertex -76.6495 26.6451 250
   vertex -71.9179 25.1716 250
  endloop
 endfacet
 facet normal -0 0 -1
  outer loop
   vertex -66.1554 -35.5333 250
   vertex -70.3385 -38.2256 250
   vertex -72.4886 -34.5113 250
  endloop
 endfacet
 facet normal 0 0 -1
  outer loop
   vertex -66.1554 -35.5333 250
   vertex -72.4886 -34.5113 250
   vertex -68.2156 -32.0035 250
  endloop
 endfacet
 facet normal 0 0 -1
  outer loop
   vertex -23.5581 -75.1318 250
   vertex -24.2891 -79.9864 250
   vertex -28.831 -79.3156 250
  endloop
 endfacet
 facet normal -0 0 -1
  outer loop
   vertex -23.5581 -75.1318 250
   vertex -28.831 -79.3156 250
   vertex -27.886 -74.4656 250
  endloop
 endfacet
 facet normal 0 0 -1
  outer loop
   vertex -45.7896 -58.1536 250
   vertex -48.906 -62.0494 250
   vertex -51.9948 -59.7989 250
  endloop
 endfacet
 facet normal -0 0 -1
  outer loop
   vertex -45.7896 -58.1536 250
   vertex -51.9948 -59.7989 250
   vertex -48.7561 -56.0177 250
  endloop
 endfacet
 facet normal 0 0 -1
  outer loop
   vertex 76.2407 17.7931 250
   vertex 80.3715 19.5105 250
   vertex 81.8728 15.309 250
  endloop
 endfacet
 facet normal 0 0 -1
  outer loop
   vertex 76.2407 17.7931 250
   vertex 81.8728 15.309 250
   vertex 78.3494 13.6444 250
  endloop
 endfacet
 facet normal 0 0 -1
  outer loop
   vertex 70.0787 -25.6226 250
   vertex 74.8594 -27.1303 250
   vertex 73.4893 -30.9877 250
  endloop
 endfacet
 facet normal 0 -0 -1
  outer loop
   vertex 70.0787 -25.6226 250
   vertex 73.4893 -30.9877 250
   vertex 68.8055 -29.2743 250
  endloop
 endfacet
 facet normal 0 0 -1
  outer loop
   vertex 54.5457 -53.8274 250
   vertex 58.4869 -56.7335 250
   vertex 55.6764 -60.1716 250
  endloop
 endfacet
 facet normal 0 -0 -1
  outer loop
   vertex 54.5457 -53.8274 250
   vertex 55.6764 -60.1716 250
   vertex 51.893 -57.137 250
  endloop
 endfacet
 facet normal 0 0 -1
  outer loop
   vertex -19.23 -75.7137 250
   vertex -19.7863 -80.6042 250
   vertex -24.2891 -79.9864 250
  endloop
 endfacet
 facet normal -0 0 -1
  outer loop
   vertex -19.23 -75.7137 250
   vertex -24.2891 -79.9864 250
   vertex -23.5581 -75.1318 250
  endloop
 endfacet
 facet normal 0 0 -1
  outer loop
   vertex 57.312 50.043 250
   vertex 61.0043 53.4082 250
   vertex 63.6539 50.2401 250
  endloop
 endfacet
 facet normal 0 0 -1
  outer loop
   vertex 57.312 50.043 250
   vertex 63.6539 50.2401 250
   vertex 59.8774 47.0985 250
  endloop
 endfacet
 facet normal 0 0 -1
  outer loop
   vertex -56.8564 -48.1903 250
   vertex -60.5381 -51.5642 250
   vertex -63.1774 -48.495 250
  endloop
 endfacet
 facet normal -0 0 -1
  outer loop
   vertex -56.8564 -48.1903 250
   vertex -63.1774 -48.495 250
   vertex -59.3614 -45.2924 250
  endloop
 endfacet
 facet normal 0 0 -1
  outer loop
   vertex -20.7743 71.3461 250
   vertex -22.2571 76.0968 250
   vertex -18.4504 77.291 250
  endloop
 endfacet
 facet normal 0 0 -1
  outer loop
   vertex -20.7743 71.3461 250
   vertex -18.4504 77.291 250
   vertex -17.1387 72.4856 250
  endloop
 endfacet
 facet normal 0 0 -1
  outer loop
   vertex -63.3237 43.5062 250
   vertex -67.6598 45.9323 250
   vertex -65.2254 49.6341 250
  endloop
 endfacet
 facet normal 0 0 -1
  outer loop
   vertex -63.3237 43.5062 250
   vertex -65.2254 49.6341 250
   vertex -61.0638 47.0914 250
  endloop
 endfacet
 facet normal 0 0 -1
  outer loop
   vertex -1.92301 74.9256 250
   vertex -2.36637 79.7744 250
   vertex 1.77716 79.9388 250
  endloop
 endfacet
 facet normal 0 0 -1
  outer loop
   vertex -1.92301 74.9256 250
   vertex 1.77716 79.9388 250
   vertex 2.02147 75.0402 250
  endloop
 endfacet
 facet normal -0 0 -1
  outer loop
   vertex -61.7094 -42.1637 250
   vertex -65.7029 -45.2471 250
   vertex -68.0489 -41.7857 250
  endloop
 endfacet
 facet normal 0 0 -1
  outer loop
   vertex -61.7094 -42.1637 250
   vertex -68.0489 -41.7857 250
   vertex -63.9882 -38.9301 250
  endloop
 endfacet
 facet normal 0 -0 -1
  outer loop
   vertex 43.7249 -66.3372 250
   vertex 46.6451 -70.0278 250
   vertex 43.1287 -72.7932 250
  endloop
 endfacet
 facet normal 0 0 -1
  outer loop
   vertex 43.7249 -66.3372 250
   vertex 43.1287 -72.7932 250
   vertex 40.5527 -68.7081 250
  endloop
 endfacet
 facet normal 0 -0 -1
  outer loop
   vertex 86.5659 9.35949 250
   vertex 87.7327 5.98481 250
   vertex 83.2935 5.72626 250
  endloop
 endfacet
 facet normal -0 0 -1
  outer loop
   vertex 86.5659 9.35949 250
   vertex 83.2935 5.72626 250
   vertex 81.6117 9.59207 250
  endloop
 endfacet
 facet normal 0 0 -1
  outer loop
   vertex -48.7561 -56.0177 250
   vertex -51.9948 -59.7989 250
   vertex -54.9794 -57.2717 250
  endloop
 endfacet
 facet normal -0 0 -1
  outer loop
   vertex -48.7561 -56.0177 250
   vertex -54.9794 -57.2717 250
   vertex -51.5619 -53.5671 250
  endloop
 endfacet
 facet normal 0 0 -1
  outer loop
   vertex 41.9479 67.0477 250
   vertex 44.1212 71.4917 250
   vertex 48.0773 69.5135 250
  endloop
 endfacet
 facet normal 0 0 -1
  outer loop
   vertex 41.9479 67.0477 250
   vertex 48.0773 69.5135 250
   vertex 45.471 65.3016 250
  endloop
 endfacet
 facet normal 0 0 -1
  outer loop
   vertex -73.8769 17.6243 250
   vertex -78.7109 18.7345 250
   vertex -77.8159 22.6992 250
  endloop
 endfacet
 facet normal 0 0 -1
  outer loop
   vertex -73.8769 17.6243 250
   vertex -77.8159 22.6992 250
   vertex -73.0272 21.4102 250
  endloop
 endfacet
 facet normal -0 0 -1
  outer loop
   vertex -76.2935 -12.775 250
   vertex -80.8003 -14.2541 250
   vertex -82.0416 -10.0053 250
  endloop
 endfacet
 facet normal 0 0 -1
  outer loop
   vertex -76.2935 -12.775 250
   vertex -82.0416 -10.0053 250
   vertex -77.4827 -8.76675 250
  endloop
 endfacet
 facet normal 0 0 -1
  outer loop
   vertex 72.6356 25.9528 250
   vertex 77.0216 28.1051 250
   vertex 78.7496 23.8832 250
  endloop
 endfacet
 facet normal 0 0 -1
  outer loop
   vertex 72.6356 25.9528 250
   vertex 78.7496 23.8832 250
   vertex 74.4145 21.9256 250
  endloop
 endfacet
 facet normal -0 0 -1
  outer loop
   vertex -78.5646 -4.88627 250
   vertex -83.164 -5.77355 250
   vertex -84.1385 -1.46848 250
  endloop
 endfacet
 facet normal 0 0 -1
  outer loop
   vertex -78.5646 -4.88627 250
   vertex -84.1385 -1.46848 250
   vertex -79.4518 -1.02257 250
  endloop
 endfacet
 facet normal 0 0 -1
  outer loop
   vertex -14.9441 -76.1954 250
   vertex -15.3098 -81.1005 250
   vertex -19.7863 -80.6042 250
  endloop
 endfacet
 facet normal -0 0 -1
  outer loop
   vertex -14.9441 -76.1954 250
   vertex -19.7863 -80.6042 250
   vertex -19.23 -75.7137 250
  endloop
 endfacet
 facet normal 0 -0 -1
  outer loop
   vertex 13.8636 -74.9609 250
   vertex 14.9259 -79.8179 250
   vertex 10.7382 -80.5972 250
  endloop
 endfacet
 facet normal 0 0 -1
  outer loop
   vertex 13.8636 -74.9609 250
   vertex 10.7382 -80.5972 250
   vertex 9.88443 -75.7143 250
  endloop
 endfacet
 facet normal 0 0 -1
  outer loop
   vertex -17.1387 72.4856 250
   vertex -18.4504 77.291 250
   vertex -14.4873 78.1657 250
  endloop
 endfacet
 facet normal 0 0 -1
  outer loop
   vertex -17.1387 72.4856 250
   vertex -14.4873 78.1657 250
   vertex -13.3843 73.362 250
  endloop
 endfacet
 facet normal -0 0 -1
  outer loop
   vertex -77.4827 -8.76675 250
   vertex -82.0416 -10.0053 250
   vertex -83.164 -5.77355 250
  endloop
 endfacet
 facet normal 0 0 -1
  outer loop
   vertex -77.4827 -8.76675 250
   vertex -83.164 -5.77355 250
   vertex -78.5646 -4.88627 250
  endloop
 endfacet
 facet normal 0 0 -1
  outer loop
   vertex 34.3811 69.7893 250
   vertex 35.8415 74.3837 250
   vertex 39.9607 73.0105 250
  endloop
 endfacet
 facet normal 0 0 -1
  outer loop
   vertex 34.3811 69.7893 250
   vertex 39.9607 73.0105 250
   vertex 38.2272 68.5084 250
  endloop
 endfacet
 facet normal 0 0 -1
  outer loop
   vertex 74.4145 21.9256 250
   vertex 78.7496 23.8832 250
   vertex 80.3715 19.5105 250
  endloop
 endfacet
 facet normal 0 0 -1
  outer loop
   vertex 74.4145 21.9256 250
   vertex 80.3715 19.5105 250
   vertex 76.2407 17.7931 250
  endloop
 endfacet
 facet normal 0 0 -1
  outer loop
   vertex -51.5619 -53.5671 250
   vertex -54.9794 -57.2717 250
   vertex -57.7814 -54.459 250
  endloop
 endfacet
 facet normal -0 0 -1
  outer loop
   vertex -51.5619 -53.5671 250
   vertex -57.7814 -54.459 250
   vertex -54.2424 -50.9305 250
  endloop
 endfacet
 facet normal 0 0 -1
  outer loop
   vertex 57.0705 -50.4675 250
   vertex 61.188 -53.282 250
   vertex 58.4869 -56.7335 250
  endloop
 endfacet
 facet normal 0 -0 -1
  outer loop
   vertex 57.0705 -50.4675 250
   vertex 58.4869 -56.7335 250
   vertex 54.5457 -53.8274 250
  endloop
 endfacet
 facet normal 0 0 -1
  outer loop
   vertex -74.4474 13.8485 250
   vertex -79.3015 14.7667 250
   vertex -78.7109 18.7345 250
  endloop
 endfacet
 facet normal 0 0 -1
  outer loop
   vertex -74.4474 13.8485 250
   vertex -78.7109 18.7345 250
   vertex -73.8769 17.6243 250
  endloop
 endfacet
 facet normal 0 0 -1
  outer loop
   vertex -67.339 36.2596 250
   vertex -71.8264 38.2998 250
   vertex -69.8338 42.1301 250
  endloop
 endfacet
 facet normal 0 0 -1
  outer loop
   vertex -67.339 36.2596 250
   vertex -69.8338 42.1301 250
   vertex -65.3796 39.8853 250
  endloop
 endfacet
 facet normal 0 0 -1
  outer loop
   vertex 2.02147 75.0402 250
   vertex 1.77716 79.9388 250
   vertex 5.98092 79.9098 250
  endloop
 endfacet
 facet normal 0 0 -1
  outer loop
   vertex 2.02147 75.0402 250
   vertex 5.98092 79.9098 250
   vertex 6.03066 74.9415 250
  endloop
 endfacet
 facet normal 0 0 -1
  outer loop
   vertex -74.7847 10.0985 250
   vertex -79.7239 10.8289 250
   vertex -79.3015 14.7667 250
  endloop
 endfacet
 facet normal 0 0 -1
  outer loop
   vertex -74.7847 10.0985 250
   vertex -79.3015 14.7667 250
   vertex -74.4474 13.8485 250
  endloop
 endfacet
 facet normal 0 0 -1
  outer loop
   vertex -5.79786 74.6301 250
   vertex -6.45361 79.4144 250
   vertex -2.36637 79.7744 250
  endloop
 endfacet
 facet normal 0 0 -1
  outer loop
   vertex -5.79786 74.6301 250
   vertex -2.36637 79.7744 250
   vertex -1.92301 74.9256 250
  endloop
 endfacet
 facet normal 0 -0 -1
  outer loop
   vertex 9.88443 -75.7143 250
   vertex 10.7382 -80.5972 250
   vertex 6.48214 -81.1096 250
  endloop
 endfacet
 facet normal 0 0 -1
  outer loop
   vertex 9.88443 -75.7143 250
   vertex 6.48214 -81.1096 250
   vertex 5.83425 -76.2071 250
  endloop
 endfacet
 facet normal 0 -0 -1
  outer loop
   vertex 28.6298 -70.1408 250
   vertex 30.4968 -74.7265 250
   vertex 26.8626 -76.3436 250
  endloop
 endfacet
 facet normal 0 0 -1
  outer loop
   vertex 28.6298 -70.1408 250
   vertex 26.8626 -76.3436 250
   vertex 25.1996 -71.6779 250
  endloop
 endfacet
 facet normal 0 0 -1
  outer loop
   vertex 48.9349 57.4851 250
   vertex 52.0265 61.2762 250
   vertex 55.1406 58.9355 250
  endloop
 endfacet
 facet normal 0 0 -1
  outer loop
   vertex 48.9349 57.4851 250
   vertex 55.1406 58.9355 250
   vertex 51.8226 55.2911 250
  endloop
 endfacet
 facet normal 0 0 -1
  outer loop
   vertex -55.9871 54.1179 250
   vertex -59.8983 56.9422 250
   vertex -56.9971 60.4864 250
  endloop
 endfacet
 facet normal 0 0 -1
  outer loop
   vertex -55.9871 54.1179 250
   vertex -56.9971 60.4864 250
   vertex -53.2407 57.5535 250
  endloop
 endfacet
 facet normal 0 0 -1
  outer loop
   vertex -45.2047 67.0966 250
   vertex -48.3444 70.4927 250
   vertex -45.2493 73.4005 250
  endloop
 endfacet
 facet normal 0 0 -1
  outer loop
   vertex -45.2047 67.0966 250
   vertex -45.2493 73.4005 250
   vertex -42.4352 69.8157 250
  endloop
 endfacet
 facet normal 0 0 -1
  outer loop
   vertex 73.8904 -4.19814 250
   vertex 78.364 -4.45785 250
   vertex 78.485 -7.93494 250
  endloop
 endfacet
 facet normal 0 -0 -1
  outer loop
   vertex 73.8904 -4.19814 250
   vertex 78.485 -7.93494 250
   vertex 73.7611 -7.48212 250
  endloop
 endfacet
 facet normal 0 0 -1
  outer loop
   vertex 59.8774 47.0985 250
   vertex 63.6539 50.2401 250
   vertex 66.208 46.9476 250
  endloop
 endfacet
 facet normal 0 0 -1
  outer loop
   vertex 59.8774 47.0985 250
   vertex 66.208 46.9476 250
   vertex 62.2641 43.923 250
  endloop
 endfacet
 facet normal 0 0 -1
  outer loop
   vertex 30.429 70.944 250
   vertex 31.6349 75.6535 250
   vertex 35.8415 74.3837 250
  endloop
 endfacet
 facet normal 0 0 -1
  outer loop
   vertex 30.429 70.944 250
   vertex 35.8415 74.3837 250
   vertex 34.3811 69.7893 250
  endloop
 endfacet
 facet normal 0 0 -1
  outer loop
   vertex -74.9583 6.3652 250
   vertex -79.7927 6.8806 250
   vertex -79.7239 10.8289 250
  endloop
 endfacet
 facet normal 0 0 -1
  outer loop
   vertex -74.9583 6.3652 250
   vertex -79.7239 10.8289 250
   vertex -74.7847 10.0985 250
  endloop
 endfacet
 facet normal 0 0 -1
  outer loop
   vertex 6.03066 74.9415 250
   vertex 5.98092 79.9098 250
   vertex 10.2118 79.6047 250
  endloop
 endfacet
 facet normal 0 0 -1
  outer loop
   vertex 6.03066 74.9415 250
   vertex 10.2118 79.6047 250
   vertex 10.0804 74.6641 250
  endloop
 endfacet
 facet normal 0 0 -1
  outer loop
   vertex -58.5843 50.6104 250
   vertex -62.6464 53.3108 250
   vertex -59.8983 56.9422 250
  endloop
 endfacet
 facet normal 0 0 -1
  outer loop
   vertex -58.5843 50.6104 250
   vertex -59.8983 56.9422 250
   vertex -55.9871 54.1179 250
  endloop
 endfacet
 facet normal 0 0 -1
  outer loop
   vertex -13.3843 73.362 250
   vertex -14.4873 78.1657 250
   vertex -10.4891 78.851 250
  endloop
 endfacet
 facet normal 0 0 -1
  outer loop
   vertex -13.3843 73.362 250
   vertex -10.4891 78.851 250
   vertex -9.60586 74.0657 250
  endloop
 endfacet
 facet normal 0 0 -1
  outer loop
   vertex -27.6487 68.7593 250
   vertex -29.2227 73.2429 250
   vertex -25.8552 74.7178 250
  endloop
 endfacet
 facet normal 0 0 -1
  outer loop
   vertex -27.6487 68.7593 250
   vertex -25.8552 74.7178 250
   vertex -24.2713 70.0773 250
  endloop
 endfacet
 facet normal 0 -0 -1
  outer loop
   vertex -2.38623 -76.8237 250
   vertex -2.15971 -81.7264 250
   vertex -6.51989 -81.7178 250
  endloop
 endfacet
 facet normal -0 0 -1
  outer loop
   vertex -2.38623 -76.8237 250
   vertex -6.51989 -81.7178 250
   vertex -6.53198 -76.7833 250
  endloop
 endfacet
 facet normal 0 0 -1
  outer loop
   vertex 49.1954 -60.3423 250
   vertex 52.7573 -63.5481 250
   vertex 49.7644 -66.841 250
  endloop
 endfacet
 facet normal 0 -0 -1
  outer loop
   vertex 49.1954 -60.3423 250
   vertex 49.7644 -66.841 250
   vertex 46.4867 -63.4581 250
  endloop
 endfacet
 facet normal 0 0 -1
  outer loop
   vertex -65.3796 39.8853 250
   vertex -69.8338 42.1301 250
   vertex -67.6598 45.9323 250
  endloop
 endfacet
 facet normal 0 0 -1
  outer loop
   vertex -65.3796 39.8853 250
   vertex -67.6598 45.9323 250
   vertex -63.3237 43.5062 250
  endloop
 endfacet
 facet normal 0 0 -1
  outer loop
   vertex 14.1557 74.2219 250
   vertex 14.4887 79.2012 250
   vertex 18.7847 78.6098 250
  endloop
 endfacet
 facet normal 0 0 -1
  outer loop
   vertex 14.1557 74.2219 250
   vertex 18.7847 78.6098 250
   vertex 18.2566 73.6749 250
  endloop
 endfacet
 facet normal 0 0 -1
  outer loop
   vertex 18.2566 73.6749 250
   vertex 18.7847 78.6098 250
   vertex 23.0773 77.7991 250
  endloop
 endfacet
 facet normal 0 0 -1
  outer loop
   vertex 18.2566 73.6749 250
   vertex 23.0773 77.7991 250
   vertex 22.3396 72.8946 250
  endloop
 endfacet
 facet normal 0 0 -1
  outer loop
   vertex 51.893 -57.137 250
   vertex 55.6764 -60.1716 250
   vertex 52.7573 -63.5481 250
  endloop
 endfacet
 facet normal 0 -0 -1
  outer loop
   vertex 51.893 -57.137 250
   vertex 52.7573 -63.5481 250
   vertex 49.1954 -60.3423 250
  endloop
 endfacet
 facet normal 0 -0 -1
  outer loop
   vertex 17.7617 -74.0468 250
   vertex 19.0243 -78.8535 250
   vertex 14.9259 -79.8179 250
  endloop
 endfacet
 facet normal 0 0 -1
  outer loop
   vertex 17.7617 -74.0468 250
   vertex 14.9259 -79.8179 250
   vertex 13.8636 -74.9609 250
  endloop
 endfacet
 facet normal 0 0 -1
  outer loop
   vertex -10.7011 -76.5317 250
   vertex -10.874 -81.4371 250
   vertex -15.3098 -81.1005 250
  endloop
 endfacet
 facet normal -0 0 -1
  outer loop
   vertex -10.7011 -76.5317 250
   vertex -15.3098 -81.1005 250
   vertex -14.9441 -76.1954 250
  endloop
 endfacet
 facet normal 0 0 -1
  outer loop
   vertex -53.2407 57.5535 250
   vertex -56.9971 60.4864 250
   vertex -54.0934 63.8473 250
  endloop
 endfacet
 facet normal 0 0 -1
  outer loop
   vertex -53.2407 57.5535 250
   vertex -54.0934 63.8473 250
   vertex -50.481 60.8363 250
  endloop
 endfacet
 facet normal 0 0 -1
  outer loop
   vertex 65.592 -36.4901 250
   vertex 70.1144 -38.5964 250
   vertex 68.1824 -42.3624 250
  endloop
 endfacet
 facet normal 0 -0 -1
  outer loop
   vertex 65.592 -36.4901 250
   vertex 68.1824 -42.3624 250
   vertex 63.7448 -40.0695 250
  endloop
 endfacet
 facet normal 0 0 -1
  outer loop
   vertex 73.3726 -11.0319 250
   vertex 78.2408 -11.6958 250
   vertex 77.727 -15.5266 250
  endloop
 endfacet
 facet normal 0 -0 -1
  outer loop
   vertex 73.3726 -11.0319 250
   vertex 77.727 -15.5266 250
   vertex 72.8811 -14.6478 250
  endloop
 endfacet
 facet normal 0 0 -1
  outer loop
   vertex 68.8238 33.5903 250
   vertex 73.0802 36.0829 250
   vertex 75.1311 32.1724 250
  endloop
 endfacet
 facet normal 0 0 -1
  outer loop
   vertex 68.8238 33.5903 250
   vertex 75.1311 32.1724 250
   vertex 70.7855 29.8455 250
  endloop
 endfacet
 facet normal 0 -0 -1
  outer loop
   vertex 25.1996 -71.6779 250
   vertex 26.8626 -76.3436 250
   vertex 23.0186 -77.7109 250
  endloop
 endfacet
 facet normal 0 0 -1
  outer loop
   vertex 25.1996 -71.6779 250
   vertex 23.0186 -77.7109 250
   vertex 21.5273 -72.9198 250
  endloop
 endfacet
 facet normal 0 0 -1
  outer loop
   vertex 38.2272 68.5084 250
   vertex 39.9607 73.0105 250
   vertex 44.1212 71.4917 250
  endloop
 endfacet
 facet normal 0 0 -1
  outer loop
   vertex 38.2272 68.5084 250
   vertex 44.1212 71.4917 250
   vertex 41.9479 67.0477 250
  endloop
 endfacet
 facet normal 0 0 -1
  outer loop
   vertex 46.0033 59.5012 250
   vertex 48.8144 63.3763 250
   vertex 52.0265 61.2762 250
  endloop
 endfacet
 facet normal 0 0 -1
  outer loop
   vertex 46.0033 59.5012 250
   vertex 52.0265 61.2762 250
   vertex 48.9349 57.4851 250
  endloop
 endfacet
 facet normal 0 0 -1
  outer loop
   vertex 46.4867 -63.4581 250
   vertex 49.7644 -66.841 250
   vertex 46.6451 -70.0278 250
  endloop
 endfacet
 facet normal 0 -0 -1
  outer loop
   vertex 46.4867 -63.4581 250
   vertex 46.6451 -70.0278 250
   vertex 43.7249 -66.3372 250
  endloop
 endfacet
 facet normal 0 0 -1
  outer loop
   vertex -61.0638 47.0914 250
   vertex -65.2254 49.6341 250
   vertex -62.6464 53.3108 250
  endloop
 endfacet
 facet normal 0 0 -1
  outer loop
   vertex -61.0638 47.0914 250
   vertex -62.6464 53.3108 250
   vertex -58.5843 50.6104 250
  endloop
 endfacet
 facet normal 0 0 -1
  outer loop
   vertex -38.0525 69.8113 250
   vertex -40.0245 72.4054 250
   vertex -37.1585 74.2262 250
  endloop
 endfacet
 facet normal 0 0 -1
  outer loop
   vertex -38.0525 69.8113 250
   vertex -37.1585 74.2262 250
   vertex -35.3736 70.563 250
  endloop
 endfacet
 facet normal 0 0 -1
  outer loop
   vertex 63.7448 -40.0695 250
   vertex 68.1824 -42.3624 250
   vertex 66.004 -46.0335 250
  endloop
 endfacet
 facet normal 0 -0 -1
  outer loop
   vertex 63.7448 -40.0695 250
   vertex 66.004 -46.0335 250
   vertex 61.7053 -43.6004 250
  endloop
 endfacet
 facet normal 0 0 -1
  outer loop
   vertex 70.7855 29.8455 250
   vertex 75.1311 32.1724 250
   vertex 77.0216 28.1051 250
  endloop
 endfacet
 facet normal 0 0 -1
  outer loop
   vertex 70.7855 29.8455 250
   vertex 77.0216 28.1051 250
   vertex 72.6356 25.9528 250
  endloop
 endfacet
 facet normal 0 0 -1
  outer loop
   vertex 67.2527 -32.8853 250
   vertex 71.9249 -34.8266 250
   vertex 70.1144 -38.5964 250
  endloop
 endfacet
 facet normal 0 -0 -1
  outer loop
   vertex 67.2527 -32.8853 250
   vertex 70.1144 -38.5964 250
   vertex 65.592 -36.4901 250
  endloop
 endfacet
 facet normal 0 -0 -1
  outer loop
   vertex 31.9099 -68.4474 250
   vertex 33.9469 -72.8969 250
   vertex 30.4968 -74.7265 250
  endloop
 endfacet
 facet normal 0 0 -1
  outer loop
   vertex 31.9099 -68.4474 250
   vertex 30.4968 -74.7265 250
   vertex 28.6298 -70.1408 250
  endloop
 endfacet
 facet normal 0 0 -1
  outer loop
   vertex 51.8226 55.2911 250
   vertex 55.1406 58.9355 250
   vertex 58.1428 56.2961 250
  endloop
 endfacet
 facet normal 0 0 -1
  outer loop
   vertex 51.8226 55.2911 250
   vertex 58.1428 56.2961 250
   vertex 54.5985 52.7402 250
  endloop
 endfacet
 facet normal 0 0 -1
  outer loop
   vertex -42.7947 -60.2062 250
   vertex -45.8178 -64.1979 250
   vertex -48.906 -62.0494 250
  endloop
 endfacet
 facet normal -0 0 -1
  outer loop
   vertex -42.7947 -60.2062 250
   vertex -48.906 -62.0494 250
   vertex -45.7896 -58.1536 250
  endloop
 endfacet
 facet normal -0 0 -1
  outer loop
   vertex -36.7743 -72.3145 250
   vertex -40.4399 -73.7268 250
   vertex -42.7512 -71.8472 250
  endloop
 endfacet
 facet normal 0 0 -1
  outer loop
   vertex -36.7743 -72.3145 250
   vertex -42.7512 -71.8472 250
   vertex -39.778 -68.7732 250
  endloop
 endfacet
 facet normal 0 0 -1
  outer loop
   vertex 22.3396 72.8946 250
   vertex 23.0773 77.7991 250
   vertex 27.3817 76.8151 250
  endloop
 endfacet
 facet normal 0 0 -1
  outer loop
   vertex 22.3396 72.8946 250
   vertex 27.3817 76.8151 250
   vertex 26.3913 71.9706 250
  endloop
 endfacet
 facet normal 0 0 -1
  outer loop
   vertex -50.481 60.8363 250
   vertex -54.0934 63.8473 250
   vertex -51.2135 67.2129 250
  endloop
 endfacet
 facet normal 0 0 -1
  outer loop
   vertex -50.481 60.8363 250
   vertex -51.2135 67.2129 250
   vertex -47.8303 64.0222 250
  endloop
 endfacet
 facet normal 0 0 -1
  outer loop
   vertex 73.7611 -7.48212 250
   vertex 78.485 -7.93494 250
   vertex 78.2408 -11.6958 250
  endloop
 endfacet
 facet normal 0 -0 -1
  outer loop
   vertex 73.7611 -7.48212 250
   vertex 78.2408 -11.6958 250
   vertex 73.3726 -11.0319 250
  endloop
 endfacet
 facet normal -0 0 -1
  outer loop
   vertex -70.0911 -28.3015 250
   vertex -74.4805 -30.6494 250
   vertex -76.3092 -26.672 250
  endloop
 endfacet
 facet normal 0 0 -1
  outer loop
   vertex -70.0911 -28.3015 250
   vertex -76.3092 -26.672 250
   vertex -71.8827 -24.5245 250
  endloop
 endfacet
 facet normal 0 -0 -1
  outer loop
   vertex 83.2935 5.72626 250
   vertex 85.2388 2.26391 250
   vertex 81.3146 1.64613 250
  endloop
 endfacet
 facet normal 0 0 -1
  outer loop
   vertex 83.2935 5.72626 250
   vertex 81.3146 1.64613 250
   vertex 78.2009 5.13329 250
  endloop
 endfacet
 facet normal -0 0 -1
  outer loop
   vertex -63.9882 -38.9301 250
   vertex -68.0489 -41.7857 250
   vertex -70.3385 -38.2256 250
  endloop
 endfacet
 facet normal 0 0 -1
  outer loop
   vertex -63.9882 -38.9301 250
   vertex -70.3385 -38.2256 250
   vertex -66.1554 -35.5333 250
  endloop
 endfacet
 facet normal -0 0 -1
  outer loop
   vertex -79.4518 -1.02257 250
   vertex -84.1385 -1.46848 250
   vertex -84.5616 2.98077 250
  endloop
 endfacet
 facet normal 0 0 -1
  outer loop
   vertex -79.4518 -1.02257 250
   vertex -84.5616 2.98077 250
   vertex -79.7162 2.92499 250
  endloop
 endfacet
 facet normal 0 0 -1
  outer loop
   vertex 64.5446 40.6111 250
   vertex 68.6418 43.494 250
   vertex 70.959 39.8858 250
  endloop
 endfacet
 facet normal 0 0 -1
  outer loop
   vertex 64.5446 40.6111 250
   vertex 70.959 39.8858 250
   vertex 66.759 37.194 250
  endloop
 endfacet
 facet normal -0 0 -1
  outer loop
   vertex -73.5324 -20.6623 250
   vertex -77.9815 -22.5914 250
   vertex -79.4238 -18.4735 250
  endloop
 endfacet
 facet normal 0 0 -1
  outer loop
   vertex -73.5324 -20.6623 250
   vertex -79.4238 -18.4735 250
   vertex -74.9919 -16.7696 250
  endloop
 endfacet
 facet normal 0 -0 -1
  outer loop
   vertex 21.5273 -72.9198 250
   vertex 23.0186 -77.7109 250
   vertex 19.0243 -78.8535 250
  endloop
 endfacet
 facet normal 0 0 -1
  outer loop
   vertex 21.5273 -72.9198 250
   vertex 19.0243 -78.8535 250
   vertex 17.7617 -74.0468 250
  endloop
 endfacet
 facet normal 0 0 -1
  outer loop
   vertex 66.759 37.194 250
   vertex 70.959 39.8858 250
   vertex 73.0802 36.0829 250
  endloop
 endfacet
 facet normal 0 0 -1
  outer loop
   vertex 66.759 37.194 250
   vertex 73.0802 36.0829 250
   vertex 68.8238 33.5903 250
  endloop
 endfacet
 facet normal 0 0 -1
  outer loop
   vertex 26.3913 71.9706 250
   vertex 27.3817 76.8151 250
   vertex 31.6349 75.6535 250
  endloop
 endfacet
 facet normal 0 0 -1
  outer loop
   vertex 26.3913 71.9706 250
   vertex 31.6349 75.6535 250
   vertex 30.429 70.944 250
  endloop
 endfacet
 facet normal -0 0 -1
  outer loop
   vertex -59.3614 -45.2924 250
   vertex -63.1774 -48.495 250
   vertex -65.7029 -45.2471 250
  endloop
 endfacet
 facet normal 0 0 -1
  outer loop
   vertex -59.3614 -45.2924 250
   vertex -65.7029 -45.2471 250
   vertex -61.7094 -42.1637 250
  endloop
 endfacet
 facet normal 0 -0 -1
  outer loop
   vertex 5.83425 -76.2071 250
   vertex 6.48214 -81.1096 250
   vertex 2.17821 -81.5276 250
  endloop
 endfacet
 facet normal 0 0 -1
  outer loop
   vertex 5.83425 -76.2071 250
   vertex 2.17821 -81.5276 250
   vertex 1.74322 -76.6126 250
  endloop
 endfacet
 facet normal 0 0 -1
  outer loop
   vertex -9.60586 74.0657 250
   vertex -10.4891 78.851 250
   vertex -6.45361 79.4144 250
  endloop
 endfacet
 facet normal 0 0 -1
  outer loop
   vertex -9.60586 74.0657 250
   vertex -6.45361 79.4144 250
   vertex -5.79786 74.6301 250
  endloop
 endfacet
 facet normal 0 0 -1
  outer loop
   vertex -71.9179 25.1716 250
   vertex -76.6495 26.6451 250
   vertex -75.2479 30.5613 250
  endloop
 endfacet
 facet normal 0 0 -1
  outer loop
   vertex -71.9179 25.1716 250
   vertex -75.2479 30.5613 250
   vertex -70.5261 28.8895 250
  endloop
 endfacet
 facet normal 0 0 -1
  outer loop
   vertex 54.5985 52.7402 250
   vertex 58.1428 56.2961 250
   vertex 61.0043 53.4082 250
  endloop
 endfacet
 facet normal 0 0 -1
  outer loop
   vertex 54.5985 52.7402 250
   vertex 61.0043 53.4082 250
   vertex 57.312 50.043 250
  endloop
 endfacet
 facet normal 0 0 -1
  outer loop
   vertex 71.2569 -21.9755 250
   vertex 76.0515 -23.264 250
   vertex 74.8594 -27.1303 250
  endloop
 endfacet
 facet normal 0 -0 -1
  outer loop
   vertex 71.2569 -21.9755 250
   vertex 74.8594 -27.1303 250
   vertex 70.0787 -25.6226 250
  endloop
 endfacet
 facet normal 0 0 -1
  outer loop
   vertex -39.7675 -62.3164 250
   vertex -42.7683 -66.3144 250
   vertex -45.8178 -64.1979 250
  endloop
 endfacet
 facet normal -0 0 -1
  outer loop
   vertex -39.7675 -62.3164 250
   vertex -45.8178 -64.1979 250
   vertex -42.7947 -60.2062 250
  endloop
 endfacet
 facet normal 0 0 -1
  outer loop
   vertex 62.2641 43.923 250
   vertex 66.208 46.9476 250
   vertex 68.6418 43.494 250
  endloop
 endfacet
 facet normal 0 0 -1
  outer loop
   vertex 62.2641 43.923 250
   vertex 68.6418 43.494 250
   vertex 64.5446 40.6111 250
  endloop
 endfacet
 facet normal 0 0 -1
  outer loop
   vertex -32.1941 -73.663 250
   vertex -33.2806 -78.6109 250
   vertex -37.6694 -77.6648 250
  endloop
 endfacet
 facet normal -0 0 -1
  outer loop
   vertex -32.1941 -73.663 250
   vertex -37.6694 -77.6648 250
   vertex -36.7743 -72.3145 250
  endloop
 endfacet
 facet normal -0 0 -1
  outer loop
   vertex -74.9919 -16.7696 250
   vertex -79.4238 -18.4735 250
   vertex -80.8003 -14.2541 250
  endloop
 endfacet
 facet normal 0 0 -1
  outer loop
   vertex -74.9919 -16.7696 250
   vertex -80.8003 -14.2541 250
   vertex -76.2935 -12.775 250
  endloop
 endfacet
 facet normal 0 0 -1
  outer loop
   vertex 10.0804 74.6641 250
   vertex 10.2118 79.6047 250
   vertex 14.4887 79.2012 250
  endloop
 endfacet
 facet normal 0 0 -1
  outer loop
   vertex 10.0804 74.6641 250
   vertex 14.4887 79.2012 250
   vertex 14.1557 74.2219 250
  endloop
 endfacet
 facet normal 0 0 -1
  outer loop
   vertex -54.2424 -50.9305 250
   vertex -57.7814 -54.459 250
   vertex -60.5381 -51.5642 250
  endloop
 endfacet
 facet normal -0 0 -1
  outer loop
   vertex -54.2424 -50.9305 250
   vertex -60.5381 -51.5642 250
   vertex -56.8564 -48.1903 250
  endloop
 endfacet
 facet normal -0 0 -1
  outer loop
   vertex -68.2156 -32.0035 250
   vertex -72.4886 -34.5113 250
   vertex -74.4805 -30.6494 250
  endloop
 endfacet
 facet normal 0 0 -1
  outer loop
   vertex -68.2156 -32.0035 250
   vertex -74.4805 -30.6494 250
   vertex -70.0911 -28.3015 250
  endloop
 endfacet
 facet normal 0 0 -1
  outer loop
   vertex 74.1692 -1.30544 250
   vertex 78.1353 -1.27873 250
   vertex 78.364 -4.45785 250
  endloop
 endfacet
 facet normal 0 -0 -1
  outer loop
   vertex 74.1692 -1.30544 250
   vertex 78.364 -4.45785 250
   vertex 73.8904 -4.19814 250
  endloop
 endfacet
 facet normal 0 0 -1
  outer loop
   vertex 59.4924 -47.0847 250
   vertex 63.695 -49.6961 250
   vertex 61.188 -53.282 250
  endloop
 endfacet
 facet normal 0 -0 -1
  outer loop
   vertex 59.4924 -47.0847 250
   vertex 61.188 -53.282 250
   vertex 57.0705 -50.4675 250
  endloop
 endfacet
 facet normal 0 0 -1
  outer loop
   vertex -70.5261 28.8895 250
   vertex -75.2479 30.5613 250
   vertex -73.5941 34.4334 250
  endloop
 endfacet
 facet normal 0 0 -1
  outer loop
   vertex -70.5261 28.8895 250
   vertex -73.5941 34.4334 250
   vertex -69.0278 32.5865 250
  endloop
 endfacet
 facet normal 0 0 -1
  outer loop
   vertex -31.023 67.5161 250
   vertex -32.3922 71.8054 250
   vertex -29.2227 73.2429 250
  endloop
 endfacet
 facet normal 0 0 -1
  outer loop
   vertex -31.023 67.5161 250
   vertex -29.2227 73.2429 250
   vertex -27.6487 68.7593 250
  endloop
 endfacet
 facet normal 0 -0 -1
  outer loop
   vertex -6.53198 -76.7833 250
   vertex -6.51989 -81.7178 250
   vertex -10.874 -81.4371 250
  endloop
 endfacet
 facet normal -0 0 -1
  outer loop
   vertex -6.53198 -76.7833 250
   vertex -10.874 -81.4371 250
   vertex -10.7011 -76.5317 250
  endloop
 endfacet
 facet normal 0 0 -1
  outer loop
   vertex -47.8303 64.0222 250
   vertex -51.2135 67.2129 250
   vertex -48.3444 70.4927 250
  endloop
 endfacet
 facet normal 0 0 -1
  outer loop
   vertex -47.8303 64.0222 250
   vertex -48.3444 70.4927 250
   vertex -45.2047 67.0966 250
  endloop
 endfacet
 facet normal 0 0 -1
  outer loop
   vertex 68.8055 -29.2743 250
   vertex 73.4893 -30.9877 250
   vertex 71.9249 -34.8266 250
  endloop
 endfacet
 facet normal 0 -0 -1
  outer loop
   vertex 68.8055 -29.2743 250
   vertex 71.9249 -34.8266 250
   vertex 67.2527 -32.8853 250
  endloop
 endfacet
 facet normal 0 0 -1
  outer loop
   vertex 72.8811 -14.6478 250
   vertex 77.727 -15.5266 250
   vertex 77.0299 -19.3907 250
  endloop
 endfacet
 facet normal 0 -0 -1
  outer loop
   vertex 72.8811 -14.6478 250
   vertex 77.0299 -19.3907 250
   vertex 72.1769 -18.3093 250
  endloop
 endfacet
 facet normal 0 0 -1
  outer loop
   vertex -24.2713 70.0773 250
   vertex -25.8552 74.7178 250
   vertex -22.2571 76.0968 250
  endloop
 endfacet
 facet normal 0 0 -1
  outer loop
   vertex -24.2713 70.0773 250
   vertex -22.2571 76.0968 250
   vertex -20.7743 71.3461 250
  endloop
 endfacet
 facet normal 0 -0 -1
  outer loop
   vertex 35.1049 -66.6408 250
   vertex 37.2807 -70.8839 250
   vertex 33.9469 -72.8969 250
  endloop
 endfacet
 facet normal 0 0 -1
  outer loop
   vertex 35.1049 -66.6408 250
   vertex 33.9469 -72.8969 250
   vertex 31.9099 -68.4474 250
  endloop
 endfacet
 facet normal 0 0 -1
  outer loop
   vertex -39.778 -68.7732 250
   vertex -42.7683 -66.3144 250
   vertex -39.7675 -62.3164 250
  endloop
 endfacet
 facet normal 0 0 -1
  outer loop
   vertex -39.778 -68.7732 250
   vertex -39.7675 -62.3164 250
   vertex -36.6857 -64.6087 250
  endloop
 endfacet
 facet normal 0 -0 -1
  outer loop
   vertex 77.9516 1.88591 250
   vertex 78.1353 -1.27873 250
   vertex 74.1692 -1.30544 250
  endloop
 endfacet
 facet normal -0 0 -1
  outer loop
   vertex 77.9516 1.88591 250
   vertex 74.1692 -1.30544 250
   vertex 74.1328 2.2521 250
  endloop
 endfacet
 facet normal -0 0 -1
  outer loop
   vertex 40.5527 -68.7081 250
   vertex 37.2807 -70.8839 250
   vertex 35.1049 -66.6408 250
  endloop
 endfacet
 facet normal 0 0 -1
  outer loop
   vertex 40.5527 -68.7081 250
   vertex 35.1049 -66.6408 250
   vertex 38.2757 -64.7929 250
  endloop
 endfacet
 facet normal 0 0 -1
  outer loop
   vertex -42.4352 69.8157 250
   vertex -40.0245 72.4054 250
   vertex -38.0525 69.8113 250
  endloop
 endfacet
 facet normal 0 0 -1
  outer loop
   vertex -42.4352 69.8157 250
   vertex -38.0525 69.8113 250
   vertex -38.9552 66.2976 250
  endloop
 endfacet
 facet normal 0 0 -1
  outer loop
   vertex 45.471 65.3016 250
   vertex 48.8144 63.3763 250
   vertex 46.0033 59.5012 250
  endloop
 endfacet
 facet normal 0 -0 -1
  outer loop
   vertex 45.471 65.3016 250
   vertex 46.0033 59.5012 250
   vertex 42.9835 61.3798 250
  endloop
 endfacet
 facet normal 0 0 -1
  outer loop
   vertex -79.7162 2.92499 250
   vertex -79.7927 6.8806 250
   vertex -74.9583 6.3652 250
  endloop
 endfacet
 facet normal 0 0 -1
  outer loop
   vertex -79.7162 2.92499 250
   vertex -74.9583 6.3652 250
   vertex -75.1383 2.68023 250
  endloop
 endfacet
 facet normal 0 0 -1
  outer loop
   vertex -35.3736 70.563 250
   vertex -32.3922 71.8054 250
   vertex -31.023 67.5161 250
  endloop
 endfacet
 facet normal 0 0 -1
  outer loop
   vertex -35.3736 70.563 250
   vertex -31.023 67.5161 250
   vertex -34.6147 66.5364 250
  endloop
 endfacet
 facet normal 0 0 -1
  outer loop
   vertex -65.8604 27.2181 250
   vertex -70.5261 28.8895 250
   vertex -69.0278 32.5865 250
  endloop
 endfacet
 facet normal 0 0 -1
  outer loop
   vertex -65.8604 27.2181 250
   vertex -69.0278 32.5865 250
   vertex -64.4598 30.7206 250
  endloop
 endfacet
 facet normal 0 0 -1
  outer loop
   vertex -56.9092 44.4884 250
   vertex -61.0638 47.0914 250
   vertex -58.5843 50.6104 250
  endloop
 endfacet
 facet normal 0 0 -1
  outer loop
   vertex -56.9092 44.4884 250
   vertex -58.5843 50.6104 250
   vertex -54.6124 47.9052 250
  endloop
 endfacet
 facet normal 0 0 -1
  outer loop
   vertex -1.60273 70.2348 250
   vertex -1.92301 74.9256 250
   vertex 2.02147 75.0402 250
  endloop
 endfacet
 facet normal 0 0 -1
  outer loop
   vertex -1.60273 70.2348 250
   vertex 2.02147 75.0402 250
   vertex 2.15193 70.1921 250
  endloop
 endfacet
 facet normal 0 -0 -1
  outer loop
   vertex 20.0915 -68.1957 250
   vertex 21.5273 -72.9198 250
   vertex 17.7617 -74.0468 250
  endloop
 endfacet
 facet normal 0 0 -1
  outer loop
   vertex 20.0915 -68.1957 250
   vertex 17.7617 -74.0468 250
   vertex 16.5274 -69.2592 250
  endloop
 endfacet
 facet normal 0 0 -1
  outer loop
   vertex 71.8866 16.1136 250
   vertex 76.2407 17.7931 250
   vertex 78.3494 13.6444 250
  endloop
 endfacet
 facet normal 0 0 -1
  outer loop
   vertex 71.8866 16.1136 250
   vertex 78.3494 13.6444 250
   vertex 74.2439 12.2624 250
  endloop
 endfacet
 facet normal 0 0 -1
  outer loop
   vertex 2.15193 70.1921 250
   vertex 2.02147 75.0402 250
   vertex 6.03066 74.9415 250
  endloop
 endfacet
 facet normal 0 0 -1
  outer loop
   vertex 2.15193 70.1921 250
   vertex 6.03066 74.9415 250
   vertex 5.98728 70.024 250
  endloop
 endfacet
 facet normal 0 0 -1
  outer loop
   vertex 51.1106 49.2839 250
   vertex 54.5985 52.7402 250
   vertex 57.312 50.043 250
  endloop
 endfacet
 facet normal 0 0 -1
  outer loop
   vertex 51.1106 49.2839 250
   vertex 57.312 50.043 250
   vertex 53.6497 46.7261 250
  endloop
 endfacet
 facet normal 0 0 -1
  outer loop
   vertex -42.66 -54.2828 250
   vertex -45.7896 -58.1536 250
   vertex -48.7561 -56.0177 250
  endloop
 endfacet
 facet normal -0 0 -1
  outer loop
   vertex -42.66 -54.2828 250
   vertex -48.7561 -56.0177 250
   vertex -45.5015 -52.2382 250
  endloop
 endfacet
 facet normal 0 0 -1
  outer loop
   vertex 60.4677 37.7973 250
   vertex 64.5446 40.6111 250
   vertex 66.759 37.194 250
  endloop
 endfacet
 facet normal 0 0 -1
  outer loop
   vertex 60.4677 37.7973 250
   vertex 66.759 37.194 250
   vertex 62.5661 34.567 250
  endloop
 endfacet
 facet normal -0 0 -1
  outer loop
   vertex -70.7824 -15.239 250
   vertex -74.9919 -16.7696 250
   vertex -76.2935 -12.775 250
  endloop
 endfacet
 facet normal 0 0 -1
  outer loop
   vertex -70.7824 -15.239 250
   vertex -76.2935 -12.775 250
   vertex -71.9321 -11.45 250
  endloop
 endfacet
 facet normal -0 0 -1
  outer loop
   vertex -63.9187 -29.4948 250
   vertex -68.2156 -32.0035 250
   vertex -70.0911 -28.3015 250
  endloop
 endfacet
 facet normal 0 0 -1
  outer loop
   vertex -63.9187 -29.4948 250
   vertex -70.0911 -28.3015 250
   vertex -65.7731 -26.0031 250
  endloop
 endfacet
 facet normal 0 0 -1
  outer loop
   vertex 65.3625 -24.1026 250
   vertex 70.0787 -25.6226 250
   vertex 68.8055 -29.2743 250
  endloop
 endfacet
 facet normal 0 -0 -1
  outer loop
   vertex 65.3625 -24.1026 250
   vertex 68.8055 -29.2743 250
   vertex 64.1338 -27.5301 250
  endloop
 endfacet
 facet normal 0 -0 -1
  outer loop
   vertex 73.7801 -75.6908 250
   vertex 75.0808 -80.392 250
   vertex 71.344 -83.7259 250
  endloop
 endfacet
 facet normal 0 0 -1
  outer loop
   vertex 73.7801 -75.6908 250
   vertex 71.344 -83.7259 250
   vertex 68.2616 -80.6293 250
  endloop
 endfacet
 facet normal -0 0 -1
  outer loop
   vertex -57.7608 -39.1608 250
   vertex -61.7094 -42.1637 250
   vertex -63.9882 -38.9301 250
  endloop
 endfacet
 facet normal 0 0 -1
  outer loop
   vertex -57.7608 -39.1608 250
   vertex -63.9882 -38.9301 250
   vertex -59.9211 -36.0989 250
  endloop
 endfacet
 facet normal 0 0 -1
  outer loop
   vertex 68.1869 23.8838 250
   vertex 72.6356 25.9528 250
   vertex 74.4145 21.9256 250
  endloop
 endfacet
 facet normal 0 0 -1
  outer loop
   vertex 68.1869 23.8838 250
   vertex 74.4145 21.9256 250
   vertex 69.9668 20.0502 250
  endloop
 endfacet
 facet normal 0 0 -1
  outer loop
   vertex 36.4725 64.2845 250
   vertex 38.2272 68.5084 250
   vertex 41.9479 67.0477 250
  endloop
 endfacet
 facet normal 0 0 -1
  outer loop
   vertex 36.4725 64.2845 250
   vertex 41.9479 67.0477 250
   vertex 39.8686 63.075 250
  endloop
 endfacet
 facet normal 0 0 -1
  outer loop
   vertex 53.6497 46.7261 250
   vertex 57.312 50.043 250
   vertex 59.8774 47.0985 250
  endloop
 endfacet
 facet normal 0 0 -1
  outer loop
   vertex 53.6497 46.7261 250
   vertex 59.8774 47.0985 250
   vertex 56.0239 43.8872 250
  endloop
 endfacet
 facet normal 0 -0 -1
  outer loop
   vertex 5.23378 -71.3396 250
   vertex 5.83425 -76.2071 250
   vertex 1.74322 -76.6126 250
  endloop
 endfacet
 facet normal 0 0 -1
  outer loop
   vertex 5.23378 -71.3396 250
   vertex 1.74322 -76.6126 250
   vertex 1.36209 -71.7365 250
  endloop
 endfacet
 facet normal -0 0 -1
  outer loop
   vertex -73.106 -7.67273 250
   vertex -77.4827 -8.76675 250
   vertex -78.5646 -4.88627 250
  endloop
 endfacet
 facet normal 0 0 -1
  outer loop
   vertex -73.106 -7.67273 250
   vertex -78.5646 -4.88627 250
   vertex -74.2566 -3.99786 250
  endloop
 endfacet
 facet normal 0 0 -1
  outer loop
   vertex 5.98728 70.024 250
   vertex 6.03066 74.9415 250
   vertex 10.0804 74.6641 250
  endloop
 endfacet
 facet normal 0 0 -1
  outer loop
   vertex 5.98728 70.024 250
   vertex 10.0804 74.6641 250
   vertex 9.8612 69.7306 250
  endloop
 endfacet
 facet normal -0 0 -1
  outer loop
   vertex -75.5336 -0.81049 250
   vertex -79.4518 -1.02257 250
   vertex -79.7162 2.92499 250
  endloop
 endfacet
 facet normal 0 0 -1
  outer loop
   vertex -75.5336 -0.81049 250
   vertex -79.7162 2.92499 250
   vertex -75.1383 2.68023 250
  endloop
 endfacet
 facet normal 0 0 -1
  outer loop
   vertex 76.8858 8.90781 250
   vertex 81.6117 9.59207 250
   vertex 83.2935 5.72626 250
  endloop
 endfacet
 facet normal 0 0 -1
  outer loop
   vertex 76.8858 8.90781 250
   vertex 83.2935 5.72626 250
   vertex 78.2009 5.13329 250
  endloop
 endfacet
 facet normal 0 0 -1
  outer loop
   vertex 39.8686 63.075 250
   vertex 41.9479 67.0477 250
   vertex 45.471 65.3016 250
  endloop
 endfacet
 facet normal 0 0 -1
  outer loop
   vertex 39.8686 63.075 250
   vertex 45.471 65.3016 250
   vertex 42.9835 61.3798 250
  endloop
 endfacet
 facet normal 0 0 -1
  outer loop
   vertex 9.8612 69.7306 250
   vertex 10.0804 74.6641 250
   vertex 14.1557 74.2219 250
  endloop
 endfacet
 facet normal 0 0 -1
  outer loop
   vertex 9.8612 69.7306 250
   vertex 14.1557 74.2219 250
   vertex 13.7496 69.301 250
  endloop
 endfacet
 facet normal 0 0 -1
  outer loop
   vertex -69.0199 16.5039 250
   vertex -73.8769 17.6243 250
   vertex -73.0272 21.4102 250
  endloop
 endfacet
 facet normal 0 0 -1
  outer loop
   vertex -69.0199 16.5039 250
   vertex -73.0272 21.4102 250
   vertex -68.235 20.1129 250
  endloop
 endfacet
 facet normal 0 0 -1
  outer loop
   vertex -22.6406 -70.2523 250
   vertex -23.5581 -75.1318 250
   vertex -27.886 -74.4656 250
  endloop
 endfacet
 facet normal -0 0 -1
  outer loop
   vertex -22.6406 -70.2523 250
   vertex -27.886 -74.4656 250
   vertex -26.724 -69.6826 250
  endloop
 endfacet
 facet normal -0 0 -1
  outer loop
   vertex -61.9473 -32.8362 250
   vertex -66.1554 -35.5333 250
   vertex -68.2156 -32.0035 250
  endloop
 endfacet
 facet normal 0 0 -1
  outer loop
   vertex -61.9473 -32.8362 250
   vertex -68.2156 -32.0035 250
   vertex -63.9187 -29.4948 250
  endloop
 endfacet
 facet normal -0 0 -1
  outer loop
   vertex -71.9321 -11.45 250
   vertex -76.2935 -12.775 250
   vertex -77.4827 -8.76675 250
  endloop
 endfacet
 facet normal 0 0 -1
  outer loop
   vertex -71.9321 -11.45 250
   vertex -77.4827 -8.76675 250
   vertex -73.106 -7.67273 250
  endloop
 endfacet
 facet normal 0 0 -1
  outer loop
   vertex 59.3391 -37.7287 250
   vertex 63.7448 -40.0695 250
   vertex 61.7053 -43.6004 250
  endloop
 endfacet
 facet normal 0 -0 -1
  outer loop
   vertex 59.3391 -37.7287 250
   vertex 61.7053 -43.6004 250
   vertex 57.4271 -41.0922 250
  endloop
 endfacet
 facet normal 0 0 -1
  outer loop
   vertex -48.1552 -49.9106 250
   vertex -51.5619 -53.5671 250
   vertex -54.2424 -50.9305 250
  endloop
 endfacet
 facet normal -0 0 -1
  outer loop
   vertex -48.1552 -49.9106 250
   vertex -54.2424 -50.9305 250
   vertex -50.7454 -47.4903 250
  endloop
 endfacet
 facet normal 0 0 -1
  outer loop
   vertex 25.3634 67.2279 250
   vertex 26.3913 71.9706 250
   vertex 30.429 70.944 250
  endloop
 endfacet
 facet normal 0 0 -1
  outer loop
   vertex 25.3634 67.2279 250
   vertex 30.429 70.944 250
   vertex 29.1854 66.3174 250
  endloop
 endfacet
 facet normal 0 0 -1
  outer loop
   vertex -49.6357 54.6398 250
   vertex -53.2407 57.5535 250
   vertex -50.481 60.8363 250
  endloop
 endfacet
 facet normal 0 0 -1
  outer loop
   vertex -49.6357 54.6398 250
   vertex -50.481 60.8363 250
   vertex -47.0111 57.881 250
  endloop
 endfacet
 facet normal 0 -0 -1
  outer loop
   vertex 12.8089 -70.0656 250
   vertex 13.8636 -74.9609 250
   vertex 9.88443 -75.7143 250
  endloop
 endfacet
 facet normal 0 0 -1
  outer loop
   vertex 12.8089 -70.0656 250
   vertex 9.88443 -75.7143 250
   vertex 9.05643 -70.7926 250
  endloop
 endfacet
 facet normal 0 0 -1
  outer loop
   vertex -15.832 67.7242 250
   vertex -17.1387 72.4856 250
   vertex -13.3843 73.362 250
  endloop
 endfacet
 facet normal 0 0 -1
  outer loop
   vertex -15.832 67.7242 250
   vertex -13.3843 73.362 250
   vertex -12.3015 68.6782 250
  endloop
 endfacet
 facet normal 0 0 -1
  outer loop
   vertex 45.9037 53.8365 250
   vertex 48.9349 57.4851 250
   vertex 51.8226 55.2911 250
  endloop
 endfacet
 facet normal 0 0 -1
  outer loop
   vertex 45.9037 53.8365 250
   vertex 51.8226 55.2911 250
   vertex 48.5193 51.6573 250
  endloop
 endfacet
 facet normal 0 0 -1
  outer loop
   vertex 68.045 -13.7402 250
   vertex 72.8811 -14.6478 250
   vertex 72.1769 -18.3093 250
  endloop
 endfacet
 facet normal 0 -0 -1
  outer loop
   vertex 68.045 -13.7402 250
   vertex 72.1769 -18.3093 250
   vertex 67.3587 -17.2133 250
  endloop
 endfacet
 facet normal 0 0 -1
  outer loop
   vertex -53.1635 -44.8344 250
   vertex -56.8564 -48.1903 250
   vertex -59.3614 -45.2924 250
  endloop
 endfacet
 facet normal -0 0 -1
  outer loop
   vertex -53.1635 -44.8344 250
   vertex -59.3614 -45.2924 250
   vertex -55.5143 -42.0775 250
  endloop
 endfacet
 facet normal 0 0 -1
  outer loop
   vertex 69.9668 20.0502 250
   vertex 74.4145 21.9256 250
   vertex 76.2407 17.7931 250
  endloop
 endfacet
 facet normal 0 0 -1
  outer loop
   vertex 69.9668 20.0502 250
   vertex 76.2407 17.7931 250
   vertex 71.8866 16.1136 250
  endloop
 endfacet
 facet normal 0 0 -1
  outer loop
   vertex 48.5193 51.6573 250
   vertex 51.8226 55.2911 250
   vertex 54.5985 52.7402 250
  endloop
 endfacet
 facet normal 0 0 -1
  outer loop
   vertex 48.5193 51.6573 250
   vertex 54.5985 52.7402 250
   vertex 51.1106 49.2839 250
  endloop
 endfacet
 facet normal 0 0 -1
  outer loop
   vertex 53.0357 -47.6394 250
   vertex 57.0705 -50.4675 250
   vertex 54.5457 -53.8274 250
  endloop
 endfacet
 facet normal 0 -0 -1
  outer loop
   vertex 53.0357 -47.6394 250
   vertex 54.5457 -53.8274 250
   vertex 50.6555 -50.8678 250
  endloop
 endfacet
 facet normal 0 0 -1
  outer loop
   vertex -69.5449 12.8932 250
   vertex -74.4474 13.8485 250
   vertex -73.8769 17.6243 250
  endloop
 endfacet
 facet normal 0 0 -1
  outer loop
   vertex -69.5449 12.8932 250
   vertex -73.8769 17.6243 250
   vertex -69.0199 16.5039 250
  endloop
 endfacet
 facet normal 0 0 -1
  outer loop
   vertex 48.1816 -54.0611 250
   vertex 51.893 -57.137 250
   vertex 49.1954 -60.3423 250
  endloop
 endfacet
 facet normal 0 -0 -1
  outer loop
   vertex 48.1816 -54.0611 250
   vertex 49.1954 -60.3423 250
   vertex 45.6885 -57.2435 250
  endloop
 endfacet
 facet normal 0 0 -1
  outer loop
   vertex -38.9552 66.2976 250
   vertex -38.0525 69.8113 250
   vertex -35.3736 70.563 250
  endloop
 endfacet
 facet normal 0 0 -1
  outer loop
   vertex -38.9552 66.2976 250
   vertex -35.3736 70.563 250
   vertex -34.6147 66.5364 250
  endloop
 endfacet
 facet normal 0 0 -1
  outer loop
   vertex 57.4271 -41.0922 250
   vertex 61.7053 -43.6004 250
   vertex 59.4924 -47.0847 250
  endloop
 endfacet
 facet normal 0 -0 -1
  outer loop
   vertex 57.4271 -41.0922 250
   vertex 59.4924 -47.0847 250
   vertex 55.285 -44.378 250
  endloop
 endfacet
 facet normal 0 0 -1
  outer loop
   vertex -69.8526 9.26974 250
   vertex -74.7847 10.0985 250
   vertex -74.4474 13.8485 250
  endloop
 endfacet
 facet normal 0 0 -1
  outer loop
   vertex -69.8526 9.26974 250
   vertex -74.4474 13.8485 250
   vertex -69.5449 12.8932 250
  endloop
 endfacet
 facet normal 0 0 -1
  outer loop
   vertex -5.24422 70.1259 250
   vertex -5.79786 74.6301 250
   vertex -1.92301 74.9256 250
  endloop
 endfacet
 facet normal 0 0 -1
  outer loop
   vertex -5.24422 70.1259 250
   vertex -1.92301 74.9256 250
   vertex -1.60273 70.2348 250
  endloop
 endfacet
 facet normal 0 0 -1
  outer loop
   vertex -8.76347 69.4635 250
   vertex -9.60586 74.0657 250
   vertex -5.79786 74.6301 250
  endloop
 endfacet
 facet normal 0 0 -1
  outer loop
   vertex -8.76347 69.4635 250
   vertex -5.79786 74.6301 250
   vertex -5.24422 70.1259 250
  endloop
 endfacet
 facet normal 0 0 -1
  outer loop
   vertex -55.5143 -42.0775 250
   vertex -59.3614 -45.2924 250
   vertex -61.7094 -42.1637 250
  endloop
 endfacet
 facet normal -0 0 -1
  outer loop
   vertex -55.5143 -42.0775 250
   vertex -61.7094 -42.1637 250
   vertex -57.7608 -39.1608 250
  endloop
 endfacet
 facet normal 0 -0 -1
  outer loop
   vertex 26.8077 -65.5803 250
   vertex 28.6298 -70.1408 250
   vertex 25.1996 -71.6779 250
  endloop
 endfacet
 facet normal 0 0 -1
  outer loop
   vertex 26.8077 -65.5803 250
   vertex 25.1996 -71.6779 250
   vertex 23.524 -66.9724 250
  endloop
 endfacet
 facet normal 0 0 -1
  outer loop
   vertex 58.272 40.8787 250
   vertex 62.2641 43.923 250
   vertex 64.5446 40.6111 250
  endloop
 endfacet
 facet normal 0 0 -1
  outer loop
   vertex 58.272 40.8787 250
   vertex 64.5446 40.6111 250
   vertex 60.4677 37.7973 250
  endloop
 endfacet
 facet normal 0 0 -1
  outer loop
   vertex 66.3899 27.5848 250
   vertex 70.7855 29.8455 250
   vertex 72.6356 25.9528 250
  endloop
 endfacet
 facet normal 0 0 -1
  outer loop
   vertex 66.3899 27.5848 250
   vertex 72.6356 25.9528 250
   vertex 68.1869 23.8838 250
  endloop
 endfacet
 facet normal 0 0 -1
  outer loop
   vertex -68.235 20.1129 250
   vertex -73.0272 21.4102 250
   vertex -71.9179 25.1716 250
  endloop
 endfacet
 facet normal 0 0 -1
  outer loop
   vertex -68.235 20.1129 250
   vertex -71.9179 25.1716 250
   vertex -67.0944 23.6766 250
  endloop
 endfacet
 facet normal 0 0 -1
  outer loop
   vertex 69.6441 -3.19543 250
   vertex 73.8904 -4.19814 250
   vertex 73.7611 -7.48212 250
  endloop
 endfacet
 facet normal 0 -0 -1
  outer loop
   vertex 69.6441 -3.19543 250
   vertex 73.7611 -7.48212 250
   vertex 69.0927 -6.75637 250
  endloop
 endfacet
 facet normal 0 0 -1
  outer loop
   vertex 56.0239 43.8872 250
   vertex 59.8774 47.0985 250
   vertex 62.2641 43.923 250
  endloop
 endfacet
 facet normal 0 0 -1
  outer loop
   vertex 56.0239 43.8872 250
   vertex 62.2641 43.923 250
   vertex 58.272 40.8787 250
  endloop
 endfacet
 facet normal 0 0 -1
  outer loop
   vertex 29.1854 66.3174 250
   vertex 30.429 70.944 250
   vertex 34.3811 69.7893 250
  endloop
 endfacet
 facet normal 0 0 -1
  outer loop
   vertex 29.1854 66.3174 250
   vertex 34.3811 69.7893 250
   vertex 32.883 65.3391 250
  endloop
 endfacet
 facet normal 0 0 -1
  outer loop
   vertex 71.0316 0.645744 250
   vertex 74.1328 2.2521 250
   vertex 74.1692 -1.30544 250
  endloop
 endfacet
 facet normal 0 0 -1
  outer loop
   vertex -70.0424 5.5882 250
   vertex -74.9583 6.3652 250
   vertex -74.7847 10.0985 250
  endloop
 endfacet
 facet normal 0 0 -1
  outer loop
   vertex -70.0424 5.5882 250
   vertex -74.7847 10.0985 250
   vertex -69.8526 9.26974 250
  endloop
 endfacet
 facet normal 0 0 -1
  outer loop
   vertex -50.7454 -47.4903 250
   vertex -54.2424 -50.9305 250
   vertex -56.8564 -48.1903 250
  endloop
 endfacet
 facet normal -0 0 -1
  outer loop
   vertex -50.7454 -47.4903 250
   vertex -56.8564 -48.1903 250
   vertex -53.1635 -44.8344 250
  endloop
 endfacet
 facet normal 0 0 -1
  outer loop
   vertex -54.6124 47.9052 250
   vertex -58.5843 50.6104 250
   vertex -55.9871 54.1179 250
  endloop
 endfacet
 facet normal 0 0 -1
  outer loop
   vertex -54.6124 47.9052 250
   vertex -55.9871 54.1179 250
   vertex -52.1704 51.2944 250
  endloop
 endfacet
 facet normal 0 0 -1
  outer loop
   vertex 67.3587 -17.2133 250
   vertex 72.1769 -18.3093 250
   vertex 71.2569 -21.9755 250
  endloop
 endfacet
 facet normal 0 -0 -1
  outer loop
   vertex 67.3587 -17.2133 250
   vertex 71.2569 -21.9755 250
   vertex 66.4188 -20.6638 250
  endloop
 endfacet
 facet normal 0 0 -1
  outer loop
   vertex -67.0944 23.6766 250
   vertex -71.9179 25.1716 250
   vertex -70.5261 28.8895 250
  endloop
 endfacet
 facet normal 0 0 -1
  outer loop
   vertex -67.0944 23.6766 250
   vertex -70.5261 28.8895 250
   vertex -65.8604 27.2181 250
  endloop
 endfacet
 facet normal 0 0 -1
  outer loop
   vertex -29.4479 62.8313 250
   vertex -31.023 67.5161 250
   vertex -27.6487 68.7593 250
  endloop
 endfacet
 facet normal 0 0 -1
  outer loop
   vertex -29.4479 62.8313 250
   vertex -27.6487 68.7593 250
   vertex -26.0439 64.1436 250
  endloop
 endfacet
 facet normal -0 0 -1
  outer loop
   vertex 74.1328 2.2521 250
   vertex 71.0316 0.645744 250
   vertex 69.6647 5.18669 250
  endloop
 endfacet
 facet normal 0 0 -1
  outer loop
   vertex 74.1328 2.2521 250
   vertex 69.6647 5.18669 250
   vertex 73.7642 5.05732 250
  endloop
 endfacet
 facet normal 0 0 -1
  outer loop
   vertex -64.4598 30.7206 250
   vertex -69.0278 32.5865 250
   vertex -67.339 36.2596 250
  endloop
 endfacet
 facet normal 0 0 -1
  outer loop
   vertex -64.4598 30.7206 250
   vertex -67.339 36.2596 250
   vertex -62.8091 34.1831 250
  endloop
 endfacet
 facet normal 0 0 -1
  outer loop
   vertex -26.0439 64.1436 250
   vertex -27.6487 68.7593 250
   vertex -24.2713 70.0773 250
  endloop
 endfacet
 facet normal 0 0 -1
  outer loop
   vertex -26.0439 64.1436 250
   vertex -24.2713 70.0773 250
   vertex -22.6951 65.4184 250
  endloop
 endfacet
 facet normal 0 -0 -1
  outer loop
   vertex -2.5324 -71.9214 250
   vertex -2.38623 -76.8237 250
   vertex -6.53198 -76.7833 250
  endloop
 endfacet
 facet normal 0 0 -1
  outer loop
   vertex -2.5324 -71.9214 250
   vertex -6.53198 -76.7833 250
   vertex -6.44696 -71.9569 250
  endloop
 endfacet
 facet normal 0 0 -1
  outer loop
   vertex 45.6885 -57.2435 250
   vertex 49.1954 -60.3423 250
   vertex 46.4867 -63.4581 250
  endloop
 endfacet
 facet normal 0 -0 -1
  outer loop
   vertex 45.6885 -57.2435 250
   vertex 46.4867 -63.4581 250
   vertex 43.336 -60.3017 250
  endloop
 endfacet
 facet normal 0 0 -1
  outer loop
   vertex -60.9595 37.6239 250
   vertex -65.3796 39.8853 250
   vertex -63.3237 43.5062 250
  endloop
 endfacet
 facet normal 0 0 -1
  outer loop
   vertex -60.9595 37.6239 250
   vertex -63.3237 43.5062 250
   vertex -59.0262 41.0609 250
  endloop
 endfacet
 facet normal 0 0 -1
  outer loop
   vertex 17.6294 68.7193 250
   vertex 18.2566 73.6749 250
   vertex 22.3396 72.8946 250
  endloop
 endfacet
 facet normal 0 0 -1
  outer loop
   vertex 17.6294 68.7193 250
   vertex 22.3396 72.8946 250
   vertex 21.507 68.0377 250
  endloop
 endfacet
 facet normal 0 0 -1
  outer loop
   vertex 68.5726 -10.2547 250
   vertex 73.3726 -11.0319 250
   vertex 72.8811 -14.6478 250
  endloop
 endfacet
 facet normal 0 -0 -1
  outer loop
   vertex 68.5726 -10.2547 250
   vertex 72.8811 -14.6478 250
   vertex 68.045 -13.7402 250
  endloop
 endfacet
 facet normal 0 0 -1
  outer loop
   vertex -10.395 -71.6917 250
   vertex -10.7011 -76.5317 250
   vertex -14.9441 -76.1954 250
  endloop
 endfacet
 facet normal -0 0 -1
  outer loop
   vertex -10.395 -71.6917 250
   vertex -14.9441 -76.1954 250
   vertex -14.4291 -71.3088 250
  endloop
 endfacet
 facet normal 0 0 -1
  outer loop
   vertex 69.0927 -6.75637 250
   vertex 73.7611 -7.48212 250
   vertex 73.3726 -11.0319 250
  endloop
 endfacet
 facet normal 0 -0 -1
  outer loop
   vertex 69.0927 -6.75637 250
   vertex 73.3726 -11.0319 250
   vertex 68.5726 -10.2547 250
  endloop
 endfacet
 facet normal 0 0 -1
  outer loop
   vertex 61.0899 -34.3383 250
   vertex 65.592 -36.4901 250
   vertex 63.7448 -40.0695 250
  endloop
 endfacet
 facet normal 0 -0 -1
  outer loop
   vertex 61.0899 -34.3383 250
   vertex 63.7448 -40.0695 250
   vertex 59.3391 -37.7287 250
  endloop
 endfacet
 facet normal 0 0 -1
  outer loop
   vertex -22.6951 65.4184 250
   vertex -24.2713 70.0773 250
   vertex -20.7743 71.3461 250
  endloop
 endfacet
 facet normal 0 0 -1
  outer loop
   vertex -22.6951 65.4184 250
   vertex -20.7743 71.3461 250
   vertex -19.2859 66.6059 250
  endloop
 endfacet
 facet normal 0 0 -1
  outer loop
   vertex -52.1704 51.2944 250
   vertex -55.9871 54.1179 250
   vertex -53.2407 57.5535 250
  endloop
 endfacet
 facet normal 0 0 -1
  outer loop
   vertex -52.1704 51.2944 250
   vertex -53.2407 57.5535 250
   vertex -49.6357 54.6398 250
  endloop
 endfacet
 facet normal 0 -0 -1
  outer loop
   vertex 23.524 -66.9724 250
   vertex 25.1996 -71.6779 250
   vertex 21.5273 -72.9198 250
  endloop
 endfacet
 facet normal 0 0 -1
  outer loop
   vertex 23.524 -66.9724 250
   vertex 21.5273 -72.9198 250
   vertex 20.0915 -68.1957 250
  endloop
 endfacet
 facet normal 0 0 -1
  outer loop
   vertex 21.507 68.0377 250
   vertex 22.3396 72.8946 250
   vertex 26.3913 71.9706 250
  endloop
 endfacet
 facet normal 0 0 -1
  outer loop
   vertex 21.507 68.0377 250
   vertex 26.3913 71.9706 250
   vertex 25.3634 67.2279 250
  endloop
 endfacet
 facet normal 0 -0 -1
  outer loop
   vertex 97.1168 13.0463 250
   vertex 98.0104 9.68959 250
   vertex 93.5633 11.611 250
  endloop
 endfacet
 facet normal -0 0 -1
  outer loop
   vertex -67.5283 -22.4008 250
   vertex -71.8827 -24.5245 250
   vertex -73.5324 -20.6623 250
  endloop
 endfacet
 facet normal 0 0 -1
  outer loop
   vertex -67.5283 -22.4008 250
   vertex -73.5324 -20.6623 250
   vertex -69.2162 -18.8095 250
  endloop
 endfacet
 facet normal 0 -0 -1
  outer loop
   vertex 29.9619 -64.0393 250
   vertex 31.9099 -68.4474 250
   vertex 28.6298 -70.1408 250
  endloop
 endfacet
 facet normal 0 0 -1
  outer loop
   vertex 29.9619 -64.0393 250
   vertex 28.6298 -70.1408 250
   vertex 26.8077 -65.5803 250
  endloop
 endfacet
 facet normal 0 0 -1
  outer loop
   vertex 66.4188 -20.6638 250
   vertex 71.2569 -21.9755 250
   vertex 70.0787 -25.6226 250
  endloop
 endfacet
 facet normal 0 -0 -1
  outer loop
   vertex 66.4188 -20.6638 250
   vertex 70.0787 -25.6226 250
   vertex 65.3625 -24.1026 250
  endloop
 endfacet
 facet normal 0 0 -1
  outer loop
   vertex -39.7214 -56.2432 250
   vertex -42.7947 -60.2062 250
   vertex -45.7896 -58.1536 250
  endloop
 endfacet
 facet normal -0 0 -1
  outer loop
   vertex -39.7214 -56.2432 250
   vertex -45.7896 -58.1536 250
   vertex -42.66 -54.2828 250
  endloop
 endfacet
 facet normal 0 -0 -1
  outer loop
   vertex 1.36209 -71.7365 250
   vertex 1.74322 -76.6126 250
   vertex -2.38623 -76.8237 250
  endloop
 endfacet
 facet normal 0 0 -1
  outer loop
   vertex 1.36209 -71.7365 250
   vertex -2.38623 -76.8237 250
   vertex -2.5324 -71.9214 250
  endloop
 endfacet
 facet normal 0 0 -1
  outer loop
   vertex -59.0262 41.0609 250
   vertex -63.3237 43.5062 250
   vertex -61.0638 47.0914 250
  endloop
 endfacet
 facet normal 0 0 -1
  outer loop
   vertex -59.0262 41.0609 250
   vertex -61.0638 47.0914 250
   vertex -56.9092 44.4884 250
  endloop
 endfacet
 facet normal -0 0 -1
  outer loop
   vertex -44.7655 93.893 250
   vertex -49.951 93.2259 250
   vertex -50.6072 97.6674 250
  endloop
 endfacet
 facet normal 0 0 -1
  outer loop
   vertex -44.7655 93.893 250
   vertex -50.6072 97.6674 250
   vertex -46.1094 99.8695 250
  endloop
 endfacet
 facet normal 0 0 -1
  outer loop
   vertex 71.0316 0.645744 250
   vertex 74.1692 -1.30544 250
   vertex 73.8904 -4.19814 250
  endloop
 endfacet
 facet normal 0 -0 -1
  outer loop
   vertex 71.0316 0.645744 250
   vertex 73.8904 -4.19814 250
   vertex 69.6441 -3.19543 250
  endloop
 endfacet
 facet normal 0 0 -1
  outer loop
   vertex 62.5661 34.567 250
   vertex 66.759 37.194 250
   vertex 68.8238 33.5903 250
  endloop
 endfacet
 facet normal 0 0 -1
  outer loop
   vertex 62.5661 34.567 250
   vertex 68.8238 33.5903 250
   vertex 64.5015 31.1251 250
  endloop
 endfacet
 facet normal 0 0 -1
  outer loop
   vertex -62.8091 34.1831 250
   vertex -67.339 36.2596 250
   vertex -65.3796 39.8853 250
  endloop
 endfacet
 facet normal 0 0 -1
  outer loop
   vertex -62.8091 34.1831 250
   vertex -65.3796 39.8853 250
   vertex -60.9595 37.6239 250
  endloop
 endfacet
 facet normal 0 0 -1
  outer loop
   vertex 64.1338 -27.5301 250
   vertex 68.8055 -29.2743 250
   vertex 67.2527 -32.8853 250
  endloop
 endfacet
 facet normal 0 -0 -1
  outer loop
   vertex 64.1338 -27.5301 250
   vertex 67.2527 -32.8853 250
   vertex 62.6547 -30.9356 250
  endloop
 endfacet
 facet normal 0 0 -1
  outer loop
   vertex 64.5015 31.1251 250
   vertex 68.8238 33.5903 250
   vertex 70.7855 29.8455 250
  endloop
 endfacet
 facet normal 0 0 -1
  outer loop
   vertex 64.5015 31.1251 250
   vertex 70.7855 29.8455 250
   vertex 66.3899 27.5848 250
  endloop
 endfacet
 facet normal 0 0 -1
  outer loop
   vertex 43.2875 55.8878 250
   vertex 46.0033 59.5012 250
   vertex 48.9349 57.4851 250
  endloop
 endfacet
 facet normal 0 0 -1
  outer loop
   vertex 43.2875 55.8878 250
   vertex 48.9349 57.4851 250
   vertex 45.9037 53.8365 250
  endloop
 endfacet
 facet normal -0 0 -1
  outer loop
   vertex -69.2162 -18.8095 250
   vertex -73.5324 -20.6623 250
   vertex -74.9919 -16.7696 250
  endloop
 endfacet
 facet normal 0 0 -1
  outer loop
   vertex -69.2162 -18.8095 250
   vertex -74.9919 -16.7696 250
   vertex -70.7824 -15.239 250
  endloop
 endfacet
 facet normal -0 0 -1
  outer loop
   vertex -65.7731 -26.0031 250
   vertex -70.0911 -28.3015 250
   vertex -71.8827 -24.5245 250
  endloop
 endfacet
 facet normal 0 0 -1
  outer loop
   vertex -65.7731 -26.0031 250
   vertex -71.8827 -24.5245 250
   vertex -67.5283 -22.4008 250
  endloop
 endfacet
 facet normal 0 0 -1
  outer loop
   vertex -47.0111 57.881 250
   vertex -50.481 60.8363 250
   vertex -47.8303 64.0222 250
  endloop
 endfacet
 facet normal 0 0 -1
  outer loop
   vertex -47.0111 57.881 250
   vertex -47.8303 64.0222 250
   vertex -44.5218 60.9875 250
  endloop
 endfacet
 facet normal 0 0 -1
  outer loop
   vertex -18.4914 -70.7946 250
   vertex -19.23 -75.7137 250
   vertex -23.5581 -75.1318 250
  endloop
 endfacet
 facet normal -0 0 -1
  outer loop
   vertex -18.4914 -70.7946 250
   vertex -23.5581 -75.1318 250
   vertex -22.6406 -70.2523 250
  endloop
 endfacet
 facet normal 0 -0 -1
  outer loop
   vertex 16.5274 -69.2592 250
   vertex 17.7617 -74.0468 250
   vertex 13.8636 -74.9609 250
  endloop
 endfacet
 facet normal 0 0 -1
  outer loop
   vertex 16.5274 -69.2592 250
   vertex 13.8636 -74.9609 250
   vertex 12.8089 -70.0656 250
  endloop
 endfacet
 facet normal 0 0 -1
  outer loop
   vertex -44.5218 60.9875 250
   vertex -47.8303 64.0222 250
   vertex -45.2047 67.0966 250
  endloop
 endfacet
 facet normal 0 0 -1
  outer loop
   vertex -44.5218 60.9875 250
   vertex -45.2047 67.0966 250
   vertex -42.4603 64.0689 250
  endloop
 endfacet
 facet normal 0 0 -1
  outer loop
   vertex -6.44696 -71.9569 250
   vertex -6.53198 -76.7833 250
   vertex -10.7011 -76.5317 250
  endloop
 endfacet
 facet normal -0 0 -1
  outer loop
   vertex -6.44696 -71.9569 250
   vertex -10.7011 -76.5317 250
   vertex -10.395 -71.6917 250
  endloop
 endfacet
 facet normal 0 0 -1
  outer loop
   vertex 55.285 -44.378 250
   vertex 59.4924 -47.0847 250
   vertex 57.0705 -50.4675 250
  endloop
 endfacet
 facet normal 0 -0 -1
  outer loop
   vertex 55.285 -44.378 250
   vertex 57.0705 -50.4675 250
   vertex 53.0357 -47.6394 250
  endloop
 endfacet
 facet normal 0 0 -1
  outer loop
   vertex -42.4603 64.0689 250
   vertex -45.2047 67.0966 250
   vertex -42.4352 69.8157 250
  endloop
 endfacet
 facet normal 0 0 -1
  outer loop
   vertex -42.4603 64.0689 250
   vertex -42.4352 69.8157 250
   vertex -38.9552 66.2976 250
  endloop
 endfacet
 facet normal 0 0 -1
  outer loop
   vertex -12.3015 68.6782 250
   vertex -13.3843 73.362 250
   vertex -9.60586 74.0657 250
  endloop
 endfacet
 facet normal 0 0 -1
  outer loop
   vertex -12.3015 68.6782 250
   vertex -9.60586 74.0657 250
   vertex -8.76347 69.4635 250
  endloop
 endfacet
 facet normal 0 0 -1
  outer loop
   vertex 43.336 -60.3017 250
   vertex 46.4867 -63.4581 250
   vertex 43.7249 -66.3372 250
  endloop
 endfacet
 facet normal 0 -0 -1
  outer loop
   vertex 43.336 -60.3017 250
   vertex 43.7249 -66.3372 250
   vertex 41.3834 -63.1757 250
  endloop
 endfacet
 facet normal 0 0 -1
  outer loop
   vertex -14.4291 -71.3088 250
   vertex -14.9441 -76.1954 250
   vertex -19.23 -75.7137 250
  endloop
 endfacet
 facet normal -0 0 -1
  outer loop
   vertex -14.4291 -71.3088 250
   vertex -19.23 -75.7137 250
   vertex -18.4914 -70.7946 250
  endloop
 endfacet
 facet normal 0 0 -1
  outer loop
   vertex 32.883 65.3391 250
   vertex 34.3811 69.7893 250
   vertex 38.2272 68.5084 250
  endloop
 endfacet
 facet normal 0 0 -1
  outer loop
   vertex 32.883 65.3391 250
   vertex 38.2272 68.5084 250
   vertex 36.4725 64.2845 250
  endloop
 endfacet
 facet normal 0 0 -1
  outer loop
   vertex 62.6547 -30.9356 250
   vertex 67.2527 -32.8853 250
   vertex 65.592 -36.4901 250
  endloop
 endfacet
 facet normal 0 -0 -1
  outer loop
   vertex 62.6547 -30.9356 250
   vertex 65.592 -36.4901 250
   vertex 61.0899 -34.3383 250
  endloop
 endfacet
 facet normal 0 -0 -1
  outer loop
   vertex 41.3834 -63.1757 250
   vertex 43.7249 -66.3372 250
   vertex 40.5527 -68.7081 250
  endloop
 endfacet
 facet normal 0 0 -1
  outer loop
   vertex 41.3834 -63.1757 250
   vertex 40.5527 -68.7081 250
   vertex 38.2757 -64.7929 250
  endloop
 endfacet
 facet normal -0 0 -1
  outer loop
   vertex -59.9211 -36.0989 250
   vertex -63.9882 -38.9301 250
   vertex -66.1554 -35.5333 250
  endloop
 endfacet
 facet normal 0 0 -1
  outer loop
   vertex -59.9211 -36.0989 250
   vertex -66.1554 -35.5333 250
   vertex -61.9473 -32.8362 250
  endloop
 endfacet
 facet normal 0 -0 -1
  outer loop
   vertex 9.05643 -70.7926 250
   vertex 9.88443 -75.7143 250
   vertex 5.83425 -76.2071 250
  endloop
 endfacet
 facet normal 0 0 -1
  outer loop
   vertex 9.05643 -70.7926 250
   vertex 5.83425 -76.2071 250
   vertex 5.23378 -71.3396 250
  endloop
 endfacet
 facet normal 0 0 -1
  outer loop
   vertex 13.7496 69.301 250
   vertex 14.1557 74.2219 250
   vertex 18.2566 73.6749 250
  endloop
 endfacet
 facet normal 0 0 -1
  outer loop
   vertex 13.7496 69.301 250
   vertex 18.2566 73.6749 250
   vertex 17.6294 68.7193 250
  endloop
 endfacet
 facet normal 0 -0 -1
  outer loop
   vertex 33.0704 -62.359 250
   vertex 35.1049 -66.6408 250
   vertex 31.9099 -68.4474 250
  endloop
 endfacet
 facet normal 0 0 -1
  outer loop
   vertex 33.0704 -62.359 250
   vertex 31.9099 -68.4474 250
   vertex 29.9619 -64.0393 250
  endloop
 endfacet
 facet normal 0 0 -1
  outer loop
   vertex -45.5015 -52.2382 250
   vertex -48.7561 -56.0177 250
   vertex -51.5619 -53.5671 250
  endloop
 endfacet
 facet normal -0 0 -1
  outer loop
   vertex -45.5015 -52.2382 250
   vertex -51.5619 -53.5671 250
   vertex -48.1552 -49.9106 250
  endloop
 endfacet
 facet normal 0 0 -1
  outer loop
   vertex -19.2859 66.6059 250
   vertex -20.7743 71.3461 250
   vertex -17.1387 72.4856 250
  endloop
 endfacet
 facet normal 0 0 -1
  outer loop
   vertex -19.2859 66.6059 250
   vertex -17.1387 72.4856 250
   vertex -15.832 67.7242 250
  endloop
 endfacet
 facet normal 0 0 -1
  outer loop
   vertex -36.6472 -58.2251 250
   vertex -39.7675 -62.3164 250
   vertex -42.7947 -60.2062 250
  endloop
 endfacet
 facet normal -0 0 -1
  outer loop
   vertex -36.6472 -58.2251 250
   vertex -42.7947 -60.2062 250
   vertex -39.7214 -56.2432 250
  endloop
 endfacet
 facet normal 0 0 -1
  outer loop
   vertex 50.6555 -50.8678 250
   vertex 54.5457 -53.8274 250
   vertex 51.893 -57.137 250
  endloop
 endfacet
 facet normal 0 -0 -1
  outer loop
   vertex 50.6555 -50.8678 250
   vertex 51.893 -57.137 250
   vertex 48.1816 -54.0611 250
  endloop
 endfacet
 facet normal -0 0 -1
  outer loop
   vertex -74.2566 -3.99786 250
   vertex -78.5646 -4.88627 250
   vertex -79.4518 -1.02257 250
  endloop
 endfacet
 facet normal 0 0 -1
  outer loop
   vertex -74.2566 -3.99786 250
   vertex -79.4518 -1.02257 250
   vertex -75.5336 -0.81049 250
  endloop
 endfacet
 facet normal -0 0 -1
  outer loop
   vertex 38.2757 -64.7929 250
   vertex 35.1049 -66.6408 250
   vertex 33.0704 -62.359 250
  endloop
 endfacet
 facet normal 0 0 -1
  outer loop
   vertex 38.2757 -64.7929 250
   vertex 33.0704 -62.359 250
   vertex 36.3454 -60.3079 250
  endloop
 endfacet
 facet normal 0 0 -1
  outer loop
   vertex -34.6147 66.5364 250
   vertex -31.023 67.5161 250
   vertex -29.4479 62.8313 250
  endloop
 endfacet
 facet normal 0 0 -1
  outer loop
   vertex -34.6147 66.5364 250
   vertex -29.4479 62.8313 250
   vertex -33.0784 61.5794 250
  endloop
 endfacet
 facet normal 0 0 -1
  outer loop
   vertex -36.6857 -64.6087 250
   vertex -39.7675 -62.3164 250
   vertex -36.6472 -58.2251 250
  endloop
 endfacet
 facet normal 0 0 -1
  outer loop
   vertex -36.6857 -64.6087 250
   vertex -36.6472 -58.2251 250
   vertex -33.4072 -60.3026 250
  endloop
 endfacet
 facet normal 0 0 -1
  outer loop
   vertex 42.9835 61.3798 250
   vertex 46.0033 59.5012 250
   vertex 43.2875 55.8878 250
  endloop
 endfacet
 facet normal 0 -0 -1
  outer loop
   vertex 42.9835 61.3798 250
   vertex 43.2875 55.8878 250
   vertex 40.5567 57.8898 250
  endloop
 endfacet
 facet normal 0 0 -1
  outer loop
   vertex -75.1383 2.68023 250
   vertex -74.9583 6.3652 250
   vertex -70.0424 5.5882 250
  endloop
 endfacet
 facet normal 0 0 -1
  outer loop
   vertex -75.1383 2.68023 250
   vertex -70.0424 5.5882 250
   vertex -70.2324 1.75358 250
  endloop
 endfacet
 facet normal 0 0 -1
  outer loop
   vertex -32.1941 -73.663 250
   vertex -30.4843 -69.3848 250
   vertex -26.724 -69.6826 250
  endloop
 endfacet
 facet normal 0 0 -1
  outer loop
   vertex -32.1941 -73.663 250
   vertex -26.724 -69.6826 250
   vertex -27.886 -74.4656 250
  endloop
 endfacet
 facet normal 0 0 -1
  outer loop
   vertex 62.5554 -16.1273 250
   vertex 67.3587 -17.2133 250
   vertex 66.4188 -20.6638 250
  endloop
 endfacet
 facet normal 0 -0 -1
  outer loop
   vertex 62.5554 -16.1273 250
   vertex 66.4188 -20.6638 250
   vertex 61.7431 -19.3785 250
  endloop
 endfacet
 facet normal 0 0 -1
  outer loop
   vertex -54.7352 38.6244 250
   vertex -59.0262 41.0609 250
   vertex -56.9092 44.4884 250
  endloop
 endfacet
 facet normal 0 0 -1
  outer loop
   vertex -54.7352 38.6244 250
   vertex -56.9092 44.4884 250
   vertex -52.767 41.9014 250
  endloop
 endfacet
 facet normal 0 0 -1
  outer loop
   vertex 77.9516 1.88591 250
   vertex 78.2009 5.13329 250
   vertex 81.3146 1.64613 250
  endloop
 endfacet
 facet normal 0 0 -1
  outer loop
   vertex -59.8251 28.8408 250
   vertex -64.4598 30.7206 250
   vertex -62.8091 34.1831 250
  endloop
 endfacet
 facet normal 0 0 -1
  outer loop
   vertex -59.8251 28.8408 250
   vertex -62.8091 34.1831 250
   vertex -58.3174 32.1107 250
  endloop
 endfacet
 facet normal 0 0 -1
  outer loop
   vertex 2.12919 65.3804 250
   vertex 2.15193 70.1921 250
   vertex 5.98728 70.024 250
  endloop
 endfacet
 facet normal 0 0 -1
  outer loop
   vertex 2.12919 65.3804 250
   vertex 5.98728 70.024 250
   vertex 5.83777 65.1347 250
  endloop
 endfacet
 facet normal 0 0 -1
  outer loop
   vertex 47.6159 45.8523 250
   vertex 51.1106 49.2839 250
   vertex 53.6497 46.7261 250
  endloop
 endfacet
 facet normal 0 0 -1
  outer loop
   vertex 47.6159 45.8523 250
   vertex 53.6497 46.7261 250
   vertex 49.9747 43.3902 250
  endloop
 endfacet
 facet normal -0 0 -1
  outer loop
   vertex 20.9696 -20.5924 250
   vertex 16.4111 -20.7311 250
   vertex 15.8562 -15.8867 250
  endloop
 endfacet
 facet normal 0 0 -1
  outer loop
   vertex 20.9696 -20.5924 250
   vertex 15.8562 -15.8867 250
   vertex 21.0912 -16.9255 250
  endloop
 endfacet
 facet normal 0 0 -1
  outer loop
   vertex -17.8042 61.918 250
   vertex -19.2859 66.6059 250
   vertex -15.832 67.7242 250
  endloop
 endfacet
 facet normal 0 0 -1
  outer loop
   vertex -17.8042 61.918 250
   vertex -15.832 67.7242 250
   vertex -14.4869 63.0455 250
  endloop
 endfacet
 facet normal -0 0 -1
  outer loop
   vertex -57.7763 -30.1892 250
   vertex -61.9473 -32.8362 250
   vertex -63.9187 -29.4948 250
  endloop
 endfacet
 facet normal 0 0 -1
  outer loop
   vertex -57.7763 -30.1892 250
   vertex -63.9187 -29.4948 250
   vertex -59.6658 -27.0107 250
  endloop
 endfacet
 facet normal 0 0 -1
  outer loop
   vertex -58.3174 32.1107 250
   vertex -62.8091 34.1831 250
   vertex -60.9595 37.6239 250
  endloop
 endfacet
 facet normal 0 0 -1
  outer loop
   vertex -58.3174 32.1107 250
   vertex -60.9595 37.6239 250
   vertex -56.5629 35.3631 250
  endloop
 endfacet
 facet normal 0 0 -1
  outer loop
   vertex -47.2708 -44.0943 250
   vertex -50.7454 -47.4903 250
   vertex -53.1635 -44.8344 250
  endloop
 endfacet
 facet normal -0 0 -1
  outer loop
   vertex -47.2708 -44.0943 250
   vertex -53.1635 -44.8344 250
   vertex -49.552 -41.615 250
  endloop
 endfacet
 facet normal 0 0 -1
  outer loop
   vertex -43.7141 55.0848 250
   vertex -47.0111 57.881 250
   vertex -44.5218 60.9875 250
  endloop
 endfacet
 facet normal 0 0 -1
  outer loop
   vertex -43.7141 55.0848 250
   vertex -44.5218 60.9875 250
   vertex -41.0883 58.4865 250
  endloop
 endfacet
 facet normal 0 0 -1
  outer loop
   vertex 60.2007 28.7446 250
   vertex 64.5015 31.1251 250
   vertex 66.3899 27.5848 250
  endloop
 endfacet
 facet normal 0 0 -1
  outer loop
   vertex 60.2007 28.7446 250
   vertex 66.3899 27.5848 250
   vertex 61.9785 25.4083 250
  endloop
 endfacet
 facet normal 0 0 -1
  outer loop
   vertex -46.1275 51.8465 250
   vertex -49.6357 54.6398 250
   vertex -47.0111 57.881 250
  endloop
 endfacet
 facet normal 0 0 -1
  outer loop
   vertex -46.1275 51.8465 250
   vertex -47.0111 57.881 250
   vertex -43.7141 55.0848 250
  endloop
 endfacet
 facet normal 0 -0 -1
  outer loop
   vertex 8.22223 -65.9275 250
   vertex 9.05643 -70.7926 250
   vertex 5.23378 -71.3396 250
  endloop
 endfacet
 facet normal 0 0 -1
  outer loop
   vertex 8.22223 -65.9275 250
   vertex 5.23378 -71.3396 250
   vertex 4.62373 -66.4985 250
  endloop
 endfacet
 facet normal 0 0 -1
  outer loop
   vertex 45.2223 48.1915 250
   vertex 48.5193 51.6573 250
   vertex 51.1106 49.2839 250
  endloop
 endfacet
 facet normal 0 0 -1
  outer loop
   vertex 45.2223 48.1915 250
   vertex 51.1106 49.2839 250
   vertex 47.6159 45.8523 250
  endloop
 endfacet
 facet normal 0 0 -1
  outer loop
   vertex 9.5547 64.8157 250
   vertex 9.8612 69.7306 250
   vertex 13.7496 69.301 250
  endloop
 endfacet
 facet normal 0 0 -1
  outer loop
   vertex 9.5547 64.8157 250
   vertex 13.7496 69.301 250
   vertex 13.2765 64.4199 250
  endloop
 endfacet
 facet normal 0 0 -1
  outer loop
   vertex 49.9747 43.3902 250
   vertex 53.6497 46.7261 250
   vertex 56.0239 43.8872 250
  endloop
 endfacet
 facet normal 0 0 -1
  outer loop
   vertex 49.9747 43.3902 250
   vertex 56.0239 43.8872 250
   vertex 52.1928 40.7067 250
  endloop
 endfacet
 facet normal 0 0 -1
  outer loop
   vertex 53.1231 -38.5421 250
   vertex 57.4271 -41.0922 250
   vertex 55.285 -44.378 250
  endloop
 endfacet
 facet normal 0 -0 -1
  outer loop
   vertex 53.1231 -38.5421 250
   vertex 55.285 -44.378 250
   vertex 51.161 -41.6802 250
  endloop
 endfacet
 facet normal 0 -0 -1
  outer loop
   vertex 4.62373 -66.4985 250
   vertex 5.23378 -71.3396 250
   vertex 1.36209 -71.7365 250
  endloop
 endfacet
 facet normal 0 0 -1
  outer loop
   vertex 4.62373 -66.4985 250
   vertex 1.36209 -71.7365 250
   vertex 0.964375 -66.9133 250
  endloop
 endfacet
 facet normal 0 0 -1
  outer loop
   vertex 5.83777 65.1347 250
   vertex 5.98728 70.024 250
   vertex 9.8612 69.7306 250
  endloop
 endfacet
 facet normal 0 0 -1
  outer loop
   vertex 5.83777 65.1347 250
   vertex 9.8612 69.7306 250
   vertex 9.5547 64.8157 250
  endloop
 endfacet
 facet normal 0 0 -1
  outer loop
   vertex 90.2893 10.2763 250
   vertex 93.5633 11.611 250
   vertex 91.5443 7.28224 250
  endloop
 endfacet
 facet normal 0 0 -1
  outer loop
   vertex 63.6827 -9.47882 250
   vertex 68.5726 -10.2547 250
   vertex 68.045 -13.7402 250
  endloop
 endfacet
 facet normal 0 -0 -1
  outer loop
   vertex 63.6827 -9.47882 250
   vertex 68.045 -13.7402 250
   vertex 63.2036 -12.8304 250
  endloop
 endfacet
 facet normal 0 0 -1
  outer loop
   vertex -21.6517 -65.3882 250
   vertex -22.6406 -70.2523 250
   vertex -26.724 -69.6826 250
  endloop
 endfacet
 facet normal -0 0 -1
  outer loop
   vertex -21.6517 -65.3882 250
   vertex -26.724 -69.6826 250
   vertex -26.1671 -65.0009 250
  endloop
 endfacet
 facet normal 0 0 -1
  outer loop
   vertex -39.5418 -50.4586 250
   vertex -42.66 -54.2828 250
   vertex -45.5015 -52.2382 250
  endloop
 endfacet
 facet normal -0 0 -1
  outer loop
   vertex -39.5418 -50.4586 250
   vertex -45.5015 -52.2382 250
   vertex -42.2842 -48.5275 250
  endloop
 endfacet
 facet normal 0 0 -1
  outer loop
   vertex -64.1418 15.389 250
   vertex -69.0199 16.5039 250
   vertex -68.235 20.1129 250
  endloop
 endfacet
 facet normal 0 0 -1
  outer loop
   vertex -64.1418 15.389 250
   vertex -68.235 20.1129 250
   vertex -63.3982 18.813 250
  endloop
 endfacet
 facet normal 0 0 -1
  outer loop
   vertex -44.8224 -46.3693 250
   vertex -48.1552 -49.9106 250
   vertex -50.7454 -47.4903 250
  endloop
 endfacet
 facet normal -0 0 -1
  outer loop
   vertex -44.8224 -46.3693 250
   vertex -50.7454 -47.4903 250
   vertex -47.2708 -44.0943 250
  endloop
 endfacet
 facet normal 0 0 -1
  outer loop
   vertex -21.0779 60.6958 250
   vertex -22.6951 65.4184 250
   vertex -19.2859 66.6059 250
  endloop
 endfacet
 facet normal 0 0 -1
  outer loop
   vertex -21.0779 60.6958 250
   vertex -19.2859 66.6059 250
   vertex -17.8042 61.918 250
  endloop
 endfacet
 facet normal 0 0 -1
  outer loop
   vertex -50.6106 45.2242 250
   vertex -54.6124 47.9052 250
   vertex -52.1704 51.2944 250
  endloop
 endfacet
 facet normal 0 0 -1
  outer loop
   vertex -50.6106 45.2242 250
   vertex -52.1704 51.2944 250
   vertex -48.4231 48.5481 250
  endloop
 endfacet
 facet normal 0 0 -1
  outer loop
   vertex 13.2765 64.4199 250
   vertex 13.7496 69.301 250
   vertex 17.6294 68.7193 250
  endloop
 endfacet
 facet normal 0 0 -1
  outer loop
   vertex 13.2765 64.4199 250
   vertex 17.6294 68.7193 250
   vertex 16.9608 63.8597 250
  endloop
 endfacet
 facet normal -0 0 -1
  outer loop
   vertex 93.5633 11.611 250
   vertex 90.2893 10.2763 250
   vertex 89.2514 12.9024 250
  endloop
 endfacet
 facet normal 0 0 -1
  outer loop
   vertex 93.5633 11.611 250
   vertex 89.2514 12.9024 250
   vertex 92.3891 14.9831 250
  endloop
 endfacet
 facet normal 0 -0 -1
  outer loop
   vertex 0.872875 7.71799 250
   vertex 1.93239 4.67465 250
   vertex -2.36606 6.03615 250
  endloop
 endfacet
 facet normal 0 0 -1
  outer loop
   vertex -62.315 22.1813 250
   vertex -67.0944 23.6766 250
   vertex -65.8604 27.2181 250
  endloop
 endfacet
 facet normal 0 0 -1
  outer loop
   vertex -62.315 22.1813 250
   vertex -65.8604 27.2181 250
   vertex -61.1618 25.5326 250
  endloop
 endfacet
 facet normal 0 0 -1
  outer loop
   vertex 20.6346 63.2093 250
   vertex 21.507 68.0377 250
   vertex 25.3634 67.2279 250
  endloop
 endfacet
 facet normal 0 0 -1
  outer loop
   vertex 20.6346 63.2093 250
   vertex 25.3634 67.2279 250
   vertex 24.3157 62.5132 250
  endloop
 endfacet
 facet normal 0 0 -1
  outer loop
   vertex 65.3986 18.2581 250
   vertex 69.9668 20.0502 250
   vertex 71.8866 16.1136 250
  endloop
 endfacet
 facet normal 0 0 -1
  outer loop
   vertex 65.3986 18.2581 250
   vertex 71.8866 16.1136 250
   vertex 67.2596 14.3669 250
  endloop
 endfacet
 facet normal 0 0 -1
  outer loop
   vertex -2.36606 6.03615 250
   vertex 1.93239 4.67465 250
   vertex 0.817601 0.756141 250
  endloop
 endfacet
 facet normal 0 -0 -1
  outer loop
   vertex -2.36606 6.03615 250
   vertex 0.817601 0.756141 250
   vertex -2.46531 1.0062 250
  endloop
 endfacet
 facet normal 0 0 -1
  outer loop
   vertex -51.7004 -38.9456 250
   vertex -55.5143 -42.0775 250
   vertex -57.7608 -39.1608 250
  endloop
 endfacet
 facet normal -0 0 -1
  outer loop
   vertex -51.7004 -38.9456 250
   vertex -57.7608 -39.1608 250
   vertex -53.8089 -36.185 250
  endloop
 endfacet
 facet normal 0 0 -1
  outer loop
   vertex 44.4888 -51.0141 250
   vertex 48.1816 -54.0611 250
   vertex 45.6885 -57.2435 250
  endloop
 endfacet
 facet normal 0 -0 -1
  outer loop
   vertex 44.4888 -51.0141 250
   vertex 45.6885 -57.2435 250
   vertex 42.1512 -54.2619 250
  endloop
 endfacet
 facet normal 0 0 -1
  outer loop
   vertex -37.0211 60.3396 250
   vertex -38.9552 66.2976 250
   vertex -34.6147 66.5364 250
  endloop
 endfacet
 facet normal 0 0 -1
  outer loop
   vertex -37.0211 60.3396 250
   vertex -34.6147 66.5364 250
   vertex -33.0784 61.5794 250
  endloop
 endfacet
 facet normal 0 0 -1
  outer loop
   vertex 58.3381 31.9417 250
   vertex 62.5661 34.567 250
   vertex 64.5015 31.1251 250
  endloop
 endfacet
 facet normal 0 0 -1
  outer loop
   vertex 58.3381 31.9417 250
   vertex 64.5015 31.1251 250
   vertex 60.2007 28.7446 250
  endloop
 endfacet
 facet normal 0 0 -1
  outer loop
   vertex -64.9559 8.45494 250
   vertex -69.8526 9.26974 250
   vertex -69.5449 12.8932 250
  endloop
 endfacet
 facet normal 0 0 -1
  outer loop
   vertex -64.9559 8.45494 250
   vertex -69.5449 12.8932 250
   vertex -64.6508 11.9419 250
  endloop
 endfacet
 facet normal 0 0 -1
  outer loop
   vertex -4.82003 66.2636 250
   vertex -5.24422 70.1259 250
   vertex -1.60273 70.2348 250
  endloop
 endfacet
 facet normal 0 0 -1
  outer loop
   vertex -4.82003 66.2636 250
   vertex -1.60273 70.2348 250
   vertex -1.48265 65.7024 250
  endloop
 endfacet
 facet normal 0 0 -1
  outer loop
   vertex -7.83566 65.0222 250
   vertex -8.76347 69.4635 250
   vertex -5.24422 70.1259 250
  endloop
 endfacet
 facet normal 0 0 -1
  outer loop
   vertex -7.83566 65.0222 250
   vertex -5.24422 70.1259 250
   vertex -4.82003 66.2636 250
  endloop
 endfacet
 facet normal 0 0 -1
  outer loop
   vertex 54.3035 37.8733 250
   vertex 58.272 40.8787 250
   vertex 60.4677 37.7973 250
  endloop
 endfacet
 facet normal 0 0 -1
  outer loop
   vertex 54.3035 37.8733 250
   vertex 60.4677 37.7973 250
   vertex 56.3707 34.983 250
  endloop
 endfacet
 facet normal 0 0 -1
  outer loop
   vertex 61.7431 -19.3785 250
   vertex 66.4188 -20.6638 250
   vertex 65.3625 -24.1026 250
  endloop
 endfacet
 facet normal 0 -0 -1
  outer loop
   vertex 61.7431 -19.3785 250
   vertex 65.3625 -24.1026 250
   vertex 60.7347 -22.6079 250
  endloop
 endfacet
 facet normal 0 0 -1
  outer loop
   vertex 58.1371 -28.9962 250
   vertex 62.6547 -30.9356 250
   vertex 61.0899 -34.3383 250
  endloop
 endfacet
 facet normal 0 -0 -1
  outer loop
   vertex 58.1371 -28.9962 250
   vertex 61.0899 -34.3383 250
   vertex 56.6401 -32.1871 250
  endloop
 endfacet
 facet normal 0 0 -1
  outer loop
   vertex 61.9785 25.4083 250
   vertex 66.3899 27.5848 250
   vertex 68.1869 23.8838 250
  endloop
 endfacet
 facet normal 0 0 -1
  outer loop
   vertex 61.9785 25.4083 250
   vertex 68.1869 23.8838 250
   vertex 63.6911 21.9009 250
  endloop
 endfacet
 facet normal 0 0 -1
  outer loop
   vertex 51.161 -41.6802 250
   vertex 55.285 -44.378 250
   vertex 53.0357 -47.6394 250
  endloop
 endfacet
 facet normal 0 -0 -1
  outer loop
   vertex 51.161 -41.6802 250
   vertex 53.0357 -47.6394 250
   vertex 49.0095 -44.7798 250
  endloop
 endfacet
 facet normal 0 -0 -1
  outer loop
   vertex 18.6358 -63.4589 250
   vertex 20.0915 -68.1957 250
   vertex 16.5274 -69.2592 250
  endloop
 endfacet
 facet normal 0 0 -1
  outer loop
   vertex 18.6358 -63.4589 250
   vertex 16.5274 -69.2592 250
   vertex 15.2674 -64.4468 250
  endloop
 endfacet
 facet normal 0 0 -1
  outer loop
   vertex 64.1558 -2.44783 250
   vertex 69.6441 -3.19543 250
   vertex 69.0927 -6.75637 250
  endloop
 endfacet
 facet normal 0 -0 -1
  outer loop
   vertex 64.1558 -2.44783 250
   vertex 69.0927 -6.75637 250
   vertex 63.9941 -6.03624 250
  endloop
 endfacet
 facet normal 0 0 -1
  outer loop
   vertex 52.1928 40.7067 250
   vertex 56.0239 43.8872 250
   vertex 58.272 40.8787 250
  endloop
 endfacet
 facet normal 0 0 -1
  outer loop
   vertex 52.1928 40.7067 250
   vertex 58.272 40.8787 250
   vertex 54.3035 37.8733 250
  endloop
 endfacet
 facet normal 0 0 -1
  outer loop
   vertex -8.02084 13.212 250
   vertex -5.74399 14.78 250
   vertex -6.62303 10.347 250
  endloop
 endfacet
 facet normal 0 0 -1
  outer loop
   vertex -65.1621 4.90025 250
   vertex -70.0424 5.5882 250
   vertex -69.8526 9.26974 250
  endloop
 endfacet
 facet normal 0 0 -1
  outer loop
   vertex -65.1621 4.90025 250
   vertex -69.8526 9.26974 250
   vertex -64.9559 8.45494 250
  endloop
 endfacet
 facet normal 0 0 -1
  outer loop
   vertex -13.7292 -66.5046 250
   vertex -14.4291 -71.3088 250
   vertex -18.4914 -70.7946 250
  endloop
 endfacet
 facet normal -0 0 -1
  outer loop
   vertex -13.7292 -66.5046 250
   vertex -18.4914 -70.7946 250
   vertex -17.602 -65.938 250
  endloop
 endfacet
 facet normal -0 0 -1
  outer loop
   vertex -63.3027 -20.2165 250
   vertex -67.5283 -22.4008 250
   vertex -69.2162 -18.8095 250
  endloop
 endfacet
 facet normal 0 0 -1
  outer loop
   vertex -63.3027 -20.2165 250
   vertex -69.2162 -18.8095 250
   vertex -65.0965 -16.8409 250
  endloop
 endfacet
 facet normal 0 0 -1
  outer loop
   vertex 46.7769 -47.8822 250
   vertex 50.6555 -50.8678 250
   vertex 48.1816 -54.0611 250
  endloop
 endfacet
 facet normal 0 -0 -1
  outer loop
   vertex 46.7769 -47.8822 250
   vertex 48.1816 -54.0611 250
   vertex 44.4888 -51.0141 250
  endloop
 endfacet
 facet normal 0 0 -1
  outer loop
   vertex -52.767 41.9014 250
   vertex -56.9092 44.4884 250
   vertex -54.6124 47.9052 250
  endloop
 endfacet
 facet normal 0 0 -1
  outer loop
   vertex -52.767 41.9014 250
   vertex -54.6124 47.9052 250
   vertex -50.6106 45.2242 250
  endloop
 endfacet
 facet normal 0 0 -1
  outer loop
   vertex -6.62303 10.347 250
   vertex -5.74399 14.78 250
   vertex -3.07534 15.1488 250
  endloop
 endfacet
 facet normal 0 0 -1
  outer loop
   vertex -6.62303 10.347 250
   vertex -3.07534 15.1488 250
   vertex -2.92149 10.9309 250
  endloop
 endfacet
 facet normal 0 0 -1
  outer loop
   vertex 59.508 -25.8127 250
   vertex 64.1338 -27.5301 250
   vertex 62.6547 -30.9356 250
  endloop
 endfacet
 facet normal 0 -0 -1
  outer loop
   vertex 59.508 -25.8127 250
   vertex 62.6547 -30.9356 250
   vertex 58.1371 -28.9962 250
  endloop
 endfacet
 facet normal 0 0 -1
  outer loop
   vertex -48.4231 48.5481 250
   vertex -52.1704 51.2944 250
   vertex -49.6357 54.6398 250
  endloop
 endfacet
 facet normal 0 0 -1
  outer loop
   vertex -48.4231 48.5481 250
   vertex -49.6357 54.6398 250
   vertex -46.1275 51.8465 250
  endloop
 endfacet
 facet normal 0 -0 -1
  outer loop
   vertex -2.67294 -67.2245 250
   vertex -2.5324 -71.9214 250
   vertex -6.44696 -71.9569 250
  endloop
 endfacet
 facet normal 0 0 -1
  outer loop
   vertex -2.67294 -67.2245 250
   vertex -6.44696 -71.9569 250
   vertex -6.28227 -67.3996 250
  endloop
 endfacet
 facet normal 0 0 -1
  outer loop
   vertex 42.1512 -54.2619 250
   vertex 45.6885 -57.2435 250
   vertex 43.336 -60.3017 250
  endloop
 endfacet
 facet normal 0 -0 -1
  outer loop
   vertex 42.1512 -54.2619 250
   vertex 43.336 -60.3017 250
   vertex 39.8967 -57.9264 250
  endloop
 endfacet
 facet normal 0 0 -1
  outer loop
   vertex -56.5629 35.3631 250
   vertex -60.9595 37.6239 250
   vertex -59.0262 41.0609 250
  endloop
 endfacet
 facet normal 0 0 -1
  outer loop
   vertex -56.5629 35.3631 250
   vertex -59.0262 41.0609 250
   vertex -54.7352 38.6244 250
  endloop
 endfacet
 facet normal 0 -0 -1
  outer loop
   vertex 28.0769 -59.8237 250
   vertex 29.9619 -64.0393 250
   vertex 26.8077 -65.5803 250
  endloop
 endfacet
 facet normal 0 0 -1
  outer loop
   vertex 28.0769 -59.8237 250
   vertex 26.8077 -65.5803 250
   vertex 25.0711 -61.1333 250
  endloop
 endfacet
 facet normal -0 0 -1
  outer loop
   vertex -59.6658 -27.0107 250
   vertex -63.9187 -29.4948 250
   vertex -65.7731 -26.0031 250
  endloop
 endfacet
 facet normal 0 0 -1
  outer loop
   vertex -59.6658 -27.0107 250
   vertex -65.7731 -26.0031 250
   vertex -61.4874 -23.6329 250
  endloop
 endfacet
 facet normal 0 0 -1
  outer loop
   vertex 56.6401 -32.1871 250
   vertex 61.0899 -34.3383 250
   vertex 59.3391 -37.7287 250
  endloop
 endfacet
 facet normal 0 -0 -1
  outer loop
   vertex 56.6401 -32.1871 250
   vertex 59.3391 -37.7287 250
   vertex 54.929 -35.3709 250
  endloop
 endfacet
 facet normal 0 0 -1
  outer loop
   vertex -9.95682 -67.0229 250
   vertex -10.395 -71.6917 250
   vertex -14.4291 -71.3088 250
  endloop
 endfacet
 facet normal -0 0 -1
  outer loop
   vertex -9.95682 -67.0229 250
   vertex -14.4291 -71.3088 250
   vertex -13.7292 -66.5046 250
  endloop
 endfacet
 facet normal 0 -0 -1
  outer loop
   vertex -54.9533 -88.302 250
   vertex -51.5927 -92.3113 250
   vertex -55 -95.2628 250
  endloop
 endfacet
 facet normal 0 0 -1
  outer loop
   vertex -54.9533 -88.302 250
   vertex -55 -95.2628 250
   vertex -59.2789 -92.6608 250
  endloop
 endfacet
 facet normal 0 0 -1
  outer loop
   vertex 63.9941 -6.03624 250
   vertex 69.0927 -6.75637 250
   vertex 68.5726 -10.2547 250
  endloop
 endfacet
 facet normal 0 -0 -1
  outer loop
   vertex 63.9941 -6.03624 250
   vertex 68.5726 -10.2547 250
   vertex 63.6827 -9.47882 250
  endloop
 endfacet
 facet normal 0 0 -1
  outer loop
   vertex -1.48265 65.7024 250
   vertex -1.60273 70.2348 250
   vertex 2.15193 70.1921 250
  endloop
 endfacet
 facet normal 0 0 -1
  outer loop
   vertex -1.48265 65.7024 250
   vertex 2.15193 70.1921 250
   vertex 2.12919 65.3804 250
  endloop
 endfacet
 facet normal 0 0 -1
  outer loop
   vertex 18.6642 -25.1092 250
   vertex 16.4111 -20.7311 250
   vertex 20.9696 -20.5924 250
  endloop
 endfacet
 facet normal 0 0 -1
  outer loop
   vertex 18.6642 -25.1092 250
   vertex 20.9696 -20.5924 250
   vertex 21.3392 -23.6255 250
  endloop
 endfacet
 facet normal -0 0 -1
  outer loop
   vertex -61.4874 -23.6329 250
   vertex -65.7731 -26.0031 250
   vertex -67.5283 -22.4008 250
  endloop
 endfacet
 facet normal 0 0 -1
  outer loop
   vertex -61.4874 -23.6329 250
   vertex -67.5283 -22.4008 250
   vertex -63.3027 -20.2165 250
  endloop
 endfacet
 facet normal 0 0 -1
  outer loop
   vertex -6.28227 -67.3996 250
   vertex -6.44696 -71.9569 250
   vertex -10.395 -71.6917 250
  endloop
 endfacet
 facet normal -0 0 -1
  outer loop
   vertex -6.28227 -67.3996 250
   vertex -10.395 -71.6917 250
   vertex -9.95682 -67.0229 250
  endloop
 endfacet
 facet normal 0 -0 -1
  outer loop
   vertex 30.8754 -58.6149 250
   vertex 33.0704 -62.359 250
   vertex 29.9619 -64.0393 250
  endloop
 endfacet
 facet normal 0 0 -1
  outer loop
   vertex 30.8754 -58.6149 250
   vertex 29.9619 -64.0393 250
   vertex 28.0769 -59.8237 250
  endloop
 endfacet
 facet normal 0 0 -1
  outer loop
   vertex 16.9608 63.8597 250
   vertex 17.6294 68.7193 250
   vertex 21.507 68.0377 250
  endloop
 endfacet
 facet normal 0 0 -1
  outer loop
   vertex 16.9608 63.8597 250
   vertex 21.507 68.0377 250
   vertex 20.6346 63.2093 250
  endloop
 endfacet
 facet normal 0 0 -1
  outer loop
   vertex -42.2842 -48.5275 250
   vertex -45.5015 -52.2382 250
   vertex -48.1552 -49.9106 250
  endloop
 endfacet
 facet normal -0 0 -1
  outer loop
   vertex -42.2842 -48.5275 250
   vertex -48.1552 -49.9106 250
   vertex -44.8224 -46.3693 250
  endloop
 endfacet
 facet normal 0 -0 -1
  outer loop
   vertex 21.8887 -62.3247 250
   vertex 23.524 -66.9724 250
   vertex 20.0915 -68.1957 250
  endloop
 endfacet
 facet normal 0 0 -1
  outer loop
   vertex 21.8887 -62.3247 250
   vertex 20.0915 -68.1957 250
   vertex 18.6358 -63.4589 250
  endloop
 endfacet
 facet normal 0 0 -1
  outer loop
   vertex 38.0985 59.8158 250
   vertex 39.8686 63.075 250
   vertex 42.9835 61.3798 250
  endloop
 endfacet
 facet normal 0 0 -1
  outer loop
   vertex 38.0985 59.8158 250
   vertex 42.9835 61.3798 250
   vertex 40.5567 57.8898 250
  endloop
 endfacet
 facet normal 0 0 -1
  outer loop
   vertex 31.5424 61.0174 250
   vertex 32.883 65.3391 250
   vertex 36.4725 64.2845 250
  endloop
 endfacet
 facet normal 0 0 -1
  outer loop
   vertex 31.5424 61.0174 250
   vertex 36.4725 64.2845 250
   vertex 34.9368 60.2969 250
  endloop
 endfacet
 facet normal 0 0 -1
  outer loop
   vertex 63.2036 -12.8304 250
   vertex 68.045 -13.7402 250
   vertex 67.3587 -17.2133 250
  endloop
 endfacet
 facet normal 0 -0 -1
  outer loop
   vertex 63.2036 -12.8304 250
   vertex 67.3587 -17.2133 250
   vertex 62.5554 -16.1273 250
  endloop
 endfacet
 facet normal 0 0 -1
  outer loop
   vertex 64.164 1.3518 250
   vertex 71.0316 0.645744 250
   vertex 69.6441 -3.19543 250
  endloop
 endfacet
 facet normal 0 -0 -1
  outer loop
   vertex 64.164 1.3518 250
   vertex 69.6441 -3.19543 250
   vertex 64.1558 -2.44783 250
  endloop
 endfacet
 facet normal -0 0 -1
  outer loop
   vertex -65.0965 -16.8409 250
   vertex -69.2162 -18.8095 250
   vertex -70.7824 -15.239 250
  endloop
 endfacet
 facet normal 0 0 -1
  outer loop
   vertex -65.0965 -16.8409 250
   vertex -70.7824 -15.239 250
   vertex -67.1184 -13.9429 250
  endloop
 endfacet
 facet normal 0 0 -1
  outer loop
   vertex -26.1671 -65.0009 250
   vertex -30.4843 -69.3848 250
   vertex -33.5455 -67.1242 250
  endloop
 endfacet
 facet normal -0 0 -1
  outer loop
   vertex -26.1671 -65.0009 250
   vertex -33.5455 -67.1242 250
   vertex -29.9565 -62.5325 250
  endloop
 endfacet
 facet normal 0 0 -1
  outer loop
   vertex 24.3157 62.5132 250
   vertex 25.3634 67.2279 250
   vertex 29.1854 66.3174 250
  endloop
 endfacet
 facet normal 0 0 -1
  outer loop
   vertex 24.3157 62.5132 250
   vertex 29.1854 66.3174 250
   vertex 27.9553 61.7684 250
  endloop
 endfacet
 facet normal 0 0 -1
  outer loop
   vertex -49.552 -41.615 250
   vertex -53.1635 -44.8344 250
   vertex -55.5143 -42.0775 250
  endloop
 endfacet
 facet normal -0 0 -1
  outer loop
   vertex -49.552 -41.615 250
   vertex -55.5143 -42.0775 250
   vertex -51.7004 -38.9456 250
  endloop
 endfacet
 facet normal 0 0 -1
  outer loop
   vertex -24.3636 59.3941 250
   vertex -26.0439 64.1436 250
   vertex -22.6951 65.4184 250
  endloop
 endfacet
 facet normal 0 0 -1
  outer loop
   vertex -24.3636 59.3941 250
   vertex -22.6951 65.4184 250
   vertex -21.0779 60.6958 250
  endloop
 endfacet
 facet normal 0 0 -1
  outer loop
   vertex 42.856 50.4028 250
   vertex 45.9037 53.8365 250
   vertex 48.5193 51.6573 250
  endloop
 endfacet
 facet normal 0 0 -1
  outer loop
   vertex 42.856 50.4028 250
   vertex 48.5193 51.6573 250
   vertex 45.2223 48.1915 250
  endloop
 endfacet
 facet normal 0 0 -1
  outer loop
   vertex -33.5286 -54.0458 250
   vertex -36.6472 -58.2251 250
   vertex -39.7214 -56.2432 250
  endloop
 endfacet
 facet normal -0 0 -1
  outer loop
   vertex -33.5286 -54.0458 250
   vertex -39.7214 -56.2432 250
   vertex -36.6274 -52.2779 250
  endloop
 endfacet
 facet normal 0 0 -1
  outer loop
   vertex -14.4869 63.0455 250
   vertex -15.832 67.7242 250
   vertex -12.3015 68.6782 250
  endloop
 endfacet
 facet normal 0 0 -1
  outer loop
   vertex -14.4869 63.0455 250
   vertex -12.3015 68.6782 250
   vertex -11.1026 64.0582 250
  endloop
 endfacet
 facet normal 0 0 -1
  outer loop
   vertex -11.1026 64.0582 250
   vertex -12.3015 68.6782 250
   vertex -8.76347 69.4635 250
  endloop
 endfacet
 facet normal 0 0 -1
  outer loop
   vertex -11.1026 64.0582 250
   vertex -8.76347 69.4635 250
   vertex -7.83566 65.0222 250
  endloop
 endfacet
 facet normal -0 0 -1
  outer loop
   vertex -53.8089 -36.185 250
   vertex -57.7608 -39.1608 250
   vertex -59.9211 -36.0989 250
  endloop
 endfacet
 facet normal 0 0 -1
  outer loop
   vertex -53.8089 -36.185 250
   vertex -59.9211 -36.0989 250
   vertex -55.8136 -33.2317 250
  endloop
 endfacet
 facet normal 0 -0 -1
  outer loop
   vertex 11.7578 -65.2189 250
   vertex 12.8089 -70.0656 250
   vertex 9.05643 -70.7926 250
  endloop
 endfacet
 facet normal 0 0 -1
  outer loop
   vertex 11.7578 -65.2189 250
   vertex 9.05643 -70.7926 250
   vertex 8.22223 -65.9275 250
  endloop
 endfacet
 facet normal 0 0 -1
  outer loop
   vertex -17.602 -65.938 250
   vertex -18.4914 -70.7946 250
   vertex -22.6406 -70.2523 250
  endloop
 endfacet
 facet normal -0 0 -1
  outer loop
   vertex -17.602 -65.938 250
   vertex -22.6406 -70.2523 250
   vertex -21.6517 -65.3882 250
  endloop
 endfacet
 facet normal -0 0 -1
  outer loop
   vertex -68.8607 -6.53494 250
   vertex -73.106 -7.67273 250
   vertex -74.2566 -3.99786 250
  endloop
 endfacet
 facet normal 0 0 -1
  outer loop
   vertex -68.8607 -6.53494 250
   vertex -74.2566 -3.99786 250
   vertex -70.4787 -2.56607 250
  endloop
 endfacet
 facet normal 0 -0 -1
  outer loop
   vertex 15.2674 -64.4468 250
   vertex 16.5274 -69.2592 250
   vertex 12.8089 -70.0656 250
  endloop
 endfacet
 facet normal 0 0 -1
  outer loop
   vertex 15.2674 -64.4468 250
   vertex 12.8089 -70.0656 250
   vertex 11.7578 -65.2189 250
  endloop
 endfacet
 facet normal 0 0 -1
  outer loop
   vertex 67.2596 14.3669 250
   vertex 71.8866 16.1136 250
   vertex 74.2439 12.2624 250
  endloop
 endfacet
 facet normal 0 0 -1
  outer loop
   vertex 67.2596 14.3669 250
   vertex 74.2439 12.2624 250
   vertex 69.9227 9.87457 250
  endloop
 endfacet
 facet normal 0 0 -1
  outer loop
   vertex 54.929 -35.3709 250
   vertex 59.3391 -37.7287 250
   vertex 57.4271 -41.0922 250
  endloop
 endfacet
 facet normal 0 -0 -1
  outer loop
   vertex 54.929 -35.3709 250
   vertex 57.4271 -41.0922 250
   vertex 53.1231 -38.5421 250
  endloop
 endfacet
 facet normal 0 0 -1
  outer loop
   vertex 60.7347 -22.6079 250
   vertex 65.3625 -24.1026 250
   vertex 64.1338 -27.5301 250
  endloop
 endfacet
 facet normal 0 -0 -1
  outer loop
   vertex 60.7347 -22.6079 250
   vertex 64.1338 -27.5301 250
   vertex 59.508 -25.8127 250
  endloop
 endfacet
 facet normal 0 0 -1
  outer loop
   vertex 27.9553 61.7684 250
   vertex 29.1854 66.3174 250
   vertex 32.883 65.3391 250
  endloop
 endfacet
 facet normal 0 0 -1
  outer loop
   vertex 27.9553 61.7684 250
   vertex 32.883 65.3391 250
   vertex 31.5424 61.0174 250
  endloop
 endfacet
 facet normal 0 0 -1
  outer loop
   vertex -63.3982 18.813 250
   vertex -68.235 20.1129 250
   vertex -67.0944 23.6766 250
  endloop
 endfacet
 facet normal 0 0 -1
  outer loop
   vertex -63.3982 18.813 250
   vertex -67.0944 23.6766 250
   vertex -62.315 22.1813 250
  endloop
 endfacet
 facet normal 0 0 -1
  outer loop
   vertex 63.6911 21.9009 250
   vertex 68.1869 23.8838 250
   vertex 69.9668 20.0502 250
  endloop
 endfacet
 facet normal 0 0 -1
  outer loop
   vertex 63.6911 21.9009 250
   vertex 69.9668 20.0502 250
   vertex 65.3986 18.2581 250
  endloop
 endfacet
 facet normal 0 -0 -1
  outer loop
   vertex 25.0711 -61.1333 250
   vertex 26.8077 -65.5803 250
   vertex 23.524 -66.9724 250
  endloop
 endfacet
 facet normal 0 0 -1
  outer loop
   vertex 25.0711 -61.1333 250
   vertex 23.524 -66.9724 250
   vertex 21.8887 -62.3247 250
  endloop
 endfacet
 facet normal 0 0 -1
  outer loop
   vertex -36.6274 -52.2779 250
   vertex -39.7214 -56.2432 250
   vertex -42.66 -54.2828 250
  endloop
 endfacet
 facet normal -0 0 -1
  outer loop
   vertex -36.6274 -52.2779 250
   vertex -42.66 -54.2828 250
   vertex -39.5418 -50.4586 250
  endloop
 endfacet
 facet normal -0 0 -1
  outer loop
   vertex -67.7411 -10.3287 250
   vertex -71.9321 -11.45 250
   vertex -73.106 -7.67273 250
  endloop
 endfacet
 facet normal 0 0 -1
  outer loop
   vertex -67.7411 -10.3287 250
   vertex -73.106 -7.67273 250
   vertex -68.8607 -6.53494 250
  endloop
 endfacet
 facet normal -0 0 -1
  outer loop
   vertex -67.1184 -13.9429 250
   vertex -70.7824 -15.239 250
   vertex -71.9321 -11.45 250
  endloop
 endfacet
 facet normal 0 0 -1
  outer loop
   vertex -67.1184 -13.9429 250
   vertex -71.9321 -11.45 250
   vertex -67.7411 -10.3287 250
  endloop
 endfacet
 facet normal 0 0 -1
  outer loop
   vertex 34.9368 60.2969 250
   vertex 36.4725 64.2845 250
   vertex 39.8686 63.075 250
  endloop
 endfacet
 facet normal 0 0 -1
  outer loop
   vertex 34.9368 60.2969 250
   vertex 39.8686 63.075 250
   vertex 38.0985 59.8158 250
  endloop
 endfacet
 facet normal 0 0 -1
  outer loop
   vertex 40.7147 52.4897 250
   vertex 43.2875 55.8878 250
   vertex 45.9037 53.8365 250
  endloop
 endfacet
 facet normal 0 0 -1
  outer loop
   vertex 40.7147 52.4897 250
   vertex 45.9037 53.8365 250
   vertex 42.856 50.4028 250
  endloop
 endfacet
 facet normal 0 0 -1
  outer loop
   vertex -61.1618 25.5326 250
   vertex -65.8604 27.2181 250
   vertex -64.4598 30.7206 250
  endloop
 endfacet
 facet normal 0 0 -1
  outer loop
   vertex -61.1618 25.5326 250
   vertex -64.4598 30.7206 250
   vertex -59.8251 28.8408 250
  endloop
 endfacet
 facet normal 0 0 -1
  outer loop
   vertex 56.3707 34.983 250
   vertex 60.4677 37.7973 250
   vertex 62.5661 34.567 250
  endloop
 endfacet
 facet normal 0 0 -1
  outer loop
   vertex 56.3707 34.983 250
   vertex 62.5661 34.567 250
   vertex 58.3381 31.9417 250
  endloop
 endfacet
 facet normal 0 -0 -1
  outer loop
   vertex 0.964375 -66.9133 250
   vertex 1.36209 -71.7365 250
   vertex -2.5324 -71.9214 250
  endloop
 endfacet
 facet normal 0 0 -1
  outer loop
   vertex 0.964375 -66.9133 250
   vertex -2.5324 -71.9214 250
   vertex -2.67294 -67.2245 250
  endloop
 endfacet
 facet normal 0 0 -1
  outer loop
   vertex 49.0095 -44.7798 250
   vertex 53.0357 -47.6394 250
   vertex 50.6555 -50.8678 250
  endloop
 endfacet
 facet normal 0 -0 -1
  outer loop
   vertex 49.0095 -44.7798 250
   vertex 50.6555 -50.8678 250
   vertex 46.7769 -47.8822 250
  endloop
 endfacet
 facet normal 0 0 -1
  outer loop
   vertex -64.6508 11.9419 250
   vertex -69.5449 12.8932 250
   vertex -69.0199 16.5039 250
  endloop
 endfacet
 facet normal 0 0 -1
  outer loop
   vertex -64.6508 11.9419 250
   vertex -69.0199 16.5039 250
   vertex -64.1418 15.389 250
  endloop
 endfacet
 facet normal -0 0 -1
  outer loop
   vertex -55.8136 -33.2317 250
   vertex -59.9211 -36.0989 250
   vertex -61.9473 -32.8362 250
  endloop
 endfacet
 facet normal 0 0 -1
  outer loop
   vertex -55.8136 -33.2317 250
   vertex -61.9473 -32.8362 250
   vertex -57.7763 -30.1892 250
  endloop
 endfacet
 facet normal 0 0 -1
  outer loop
   vertex -27.7641 58.0255 250
   vertex -29.4479 62.8313 250
   vertex -26.0439 64.1436 250
  endloop
 endfacet
 facet normal 0 0 -1
  outer loop
   vertex -27.7641 58.0255 250
   vertex -26.0439 64.1436 250
   vertex -24.3636 59.3941 250
  endloop
 endfacet
 facet normal -0 0 -1
  outer loop
   vertex 36.3454 -60.3079 250
   vertex 33.0704 -62.359 250
   vertex 30.8754 -58.6149 250
  endloop
 endfacet
 facet normal 0 0 -1
  outer loop
   vertex 36.3454 -60.3079 250
   vertex 30.8754 -58.6149 250
   vertex 34.0696 -56.2614 250
  endloop
 endfacet
 facet normal 0 -0 -1
  outer loop
   vertex 69.6647 5.18669 250
   vertex 71.0316 0.645744 250
   vertex 64.164 1.3518 250
  endloop
 endfacet
 facet normal -0 0 -1
  outer loop
   vertex 69.6647 5.18669 250
   vertex 64.164 1.3518 250
   vertex 63.7617 5.33675 250
  endloop
 endfacet
 facet normal 0 0 -1
  outer loop
   vertex -33.5455 -67.1242 250
   vertex -36.6857 -64.6087 250
   vertex -33.4072 -60.3026 250
  endloop
 endfacet
 facet normal 0 0 -1
  outer loop
   vertex -33.5455 -67.1242 250
   vertex -33.4072 -60.3026 250
   vertex -29.9565 -62.5325 250
  endloop
 endfacet
 facet normal 0 0 -1
  outer loop
   vertex 2.60686 16.4965 250
   vertex 5.54068 17.6049 250
   vertex 3.64647 12.9737 250
  endloop
 endfacet
 facet normal 0 0 -1
  outer loop
   vertex -33.0784 61.5794 250
   vertex -29.4479 62.8313 250
   vertex -27.7641 58.0255 250
  endloop
 endfacet
 facet normal 0 0 -1
  outer loop
   vertex -33.0784 61.5794 250
   vertex -27.7641 58.0255 250
   vertex -31.3578 56.6776 250
  endloop
 endfacet
 facet normal -0 0 -1
  outer loop
   vertex 90.2893 10.2763 250
   vertex 86.5659 9.35949 250
   vertex 86.1236 12.3607 250
  endloop
 endfacet
 facet normal 0 0 -1
  outer loop
   vertex 90.2893 10.2763 250
   vertex 86.1236 12.3607 250
   vertex 89.2514 12.9024 250
  endloop
 endfacet
 facet normal 0 0 -1
  outer loop
   vertex -70.2324 1.75358 250
   vertex -70.0424 5.5882 250
   vertex -65.1621 4.90025 250
  endloop
 endfacet
 facet normal 0 0 -1
  outer loop
   vertex -70.2324 1.75358 250
   vertex -65.1621 4.90025 250
   vertex -65.3865 1.25596 250
  endloop
 endfacet
 facet normal 0 0 -1
  outer loop
   vertex 44.6056 95.7692 250
   vertex 46.1094 99.8695 250
   vertex 50.6072 97.6674 250
  endloop
 endfacet
 facet normal 0 0 -1
  outer loop
   vertex 44.6056 95.7692 250
   vertex 50.6072 97.6674 250
   vertex 49.5155 93.4684 250
  endloop
 endfacet
 facet normal 0 0 -1
  outer loop
   vertex -33.4072 -60.3026 250
   vertex -36.6472 -58.2251 250
   vertex -33.5286 -54.0458 250
  endloop
 endfacet
 facet normal 0 0 -1
  outer loop
   vertex -33.4072 -60.3026 250
   vertex -33.5286 -54.0458 250
   vertex -30.2711 -55.8029 250
  endloop
 endfacet
 facet normal 0 0 -1
  outer loop
   vertex 40.5567 57.8898 250
   vertex 43.2875 55.8878 250
   vertex 40.7147 52.4897 250
  endloop
 endfacet
 facet normal 0 -0 -1
  outer loop
   vertex 40.5567 57.8898 250
   vertex 40.7147 52.4897 250
   vertex 37.4504 54.6564 250
  endloop
 endfacet
 facet normal 0 0 -1
  outer loop
   vertex -20.0657 -60.4233 250
   vertex -21.6517 -65.3882 250
   vertex -26.1671 -65.0009 250
  endloop
 endfacet
 facet normal -0 0 -1
  outer loop
   vertex -20.0657 -60.4233 250
   vertex -26.1671 -65.0009 250
   vertex -23.6426 -59.4152 250
  endloop
 endfacet
 facet normal 0 0 -1
  outer loop
   vertex 62.248 13.223 250
   vertex 67.2596 14.3669 250
   vertex 69.9227 9.87457 250
  endloop
 endfacet
 facet normal 0 0 -1
  outer loop
   vertex 62.248 13.223 250
   vertex 69.9227 9.87457 250
   vertex 63.2454 9.35417 250
  endloop
 endfacet
 facet normal 0 0 -1
  outer loop
   vertex -9.65532 59.5268 250
   vertex -11.1026 64.0582 250
   vertex -7.83566 65.0222 250
  endloop
 endfacet
 facet normal 0 0 -1
  outer loop
   vertex -9.65532 59.5268 250
   vertex -7.83566 65.0222 250
   vertex -6.08491 61.0762 250
  endloop
 endfacet
 facet normal -0 0 -1
  outer loop
   vertex -53.6197 -27.5721 250
   vertex -57.7763 -30.1892 250
   vertex -59.6658 -27.0107 250
  endloop
 endfacet
 facet normal 0 0 -1
  outer loop
   vertex -53.6197 -27.5721 250
   vertex -59.6658 -27.0107 250
   vertex -55.4362 -24.5195 250
  endloop
 endfacet
 facet normal 0 -0 -1
  outer loop
   vertex 30.5799 -54.6483 250
   vertex 30.8754 -58.6149 250
   vertex 28.0769 -59.8237 250
  endloop
 endfacet
 facet normal 0 0 -1
  outer loop
   vertex 30.5799 -54.6483 250
   vertex 28.0769 -59.8237 250
   vertex 26.7335 -55.5494 250
  endloop
 endfacet
 facet normal 0 0 -1
  outer loop
   vertex 52.2293 -30.0391 250
   vertex 56.6401 -32.1871 250
   vertex 54.929 -35.3709 250
  endloop
 endfacet
 facet normal 0 -0 -1
  outer loop
   vertex 52.2293 -30.0391 250
   vertex 54.929 -35.3709 250
   vertex 50.6223 -33.0264 250
  endloop
 endfacet
 facet normal 0 0 -1
  outer loop
   vertex -53.759 30.0284 250
   vertex -58.3174 32.1107 250
   vertex -56.5629 35.3631 250
  endloop
 endfacet
 facet normal 0 0 -1
  outer loop
   vertex -53.759 30.0284 250
   vertex -56.5629 35.3631 250
   vertex -52.1755 33.0923 250
  endloop
 endfacet
 facet normal 0 0 -1
  outer loop
   vertex -44.0195 -40.9986 250
   vertex -47.2708 -44.0943 250
   vertex -49.552 -41.615 250
  endloop
 endfacet
 facet normal -0 0 -1
  outer loop
   vertex -44.0195 -40.9986 250
   vertex -49.552 -41.615 250
   vertex -46.0193 -38.572 250
  endloop
 endfacet
 facet normal 0 0 -1
  outer loop
   vertex 5.59061 60.2495 250
   vertex 5.83777 65.1347 250
   vertex 9.5547 64.8157 250
  endloop
 endfacet
 facet normal 0 0 -1
  outer loop
   vertex 5.59061 60.2495 250
   vertex 9.5547 64.8157 250
   vertex 9.18877 60.0121 250
  endloop
 endfacet
 facet normal 0 0 -1
  outer loop
   vertex 55.9511 26.4063 250
   vertex 60.2007 28.7446 250
   vertex 61.9785 25.4083 250
  endloop
 endfacet
 facet normal 0 0 -1
  outer loop
   vertex 55.9511 26.4063 250
   vertex 61.9785 25.4083 250
   vertex 57.6461 23.3135 250
  endloop
 endfacet
 facet normal 0 -0 -1
  outer loop
   vertex -2.94443 -62.7137 250
   vertex -2.67294 -67.2245 250
   vertex -6.28227 -67.3996 250
  endloop
 endfacet
 facet normal 0 0 -1
  outer loop
   vertex -2.94443 -62.7137 250
   vertex -6.28227 -67.3996 250
   vertex -6.11207 -63.5249 250
  endloop
 endfacet
 facet normal 0 -0 -1
  outer loop
   vertex 7.34864 -61.1159 250
   vertex 8.22223 -65.9275 250
   vertex 4.62373 -66.4985 250
  endloop
 endfacet
 facet normal 0 0 -1
  outer loop
   vertex 7.34864 -61.1159 250
   vertex 4.62373 -66.4985 250
   vertex 3.93145 -61.7025 250
  endloop
 endfacet
 facet normal 0 0 -1
  outer loop
   vertex 9.18877 60.0121 250
   vertex 9.5547 64.8157 250
   vertex 13.2765 64.4199 250
  endloop
 endfacet
 facet normal 0 0 -1
  outer loop
   vertex 9.18877 60.0121 250
   vertex 13.2765 64.4199 250
   vertex 12.7209 59.5984 250
  endloop
 endfacet
 facet normal 0 0 -1
  outer loop
   vertex 46.289 40.0747 250
   vertex 49.9747 43.3902 250
   vertex 52.1928 40.7067 250
  endloop
 endfacet
 facet normal 0 0 -1
  outer loop
   vertex 46.289 40.0747 250
   vertex 52.1928 40.7067 250
   vertex 48.3959 37.5691 250
  endloop
 endfacet
 facet normal 0 0 -1
  outer loop
   vertex 48.8554 -36.0036 250
   vertex 53.1231 -38.5421 250
   vertex 51.161 -41.6802 250
  endloop
 endfacet
 facet normal 0 -0 -1
  outer loop
   vertex 48.8554 -36.0036 250
   vertex 51.161 -41.6802 250
   vertex 47.0146 -38.9715 250
  endloop
 endfacet
 facet normal 0 -0 -1
  outer loop
   vertex 3.93145 -61.7025 250
   vertex 4.62373 -66.4985 250
   vertex 0.964375 -66.9133 250
  endloop
 endfacet
 facet normal 0 0 -1
  outer loop
   vertex 3.93145 -61.7025 250
   vertex 0.964375 -66.9133 250
   vertex 0.437201 -62.215 250
  endloop
 endfacet
 facet normal -0 0 -1
  outer loop
   vertex -62.9291 -9.60435 250
   vertex -67.7411 -10.3287 250
   vertex -68.8607 -6.53494 250
  endloop
 endfacet
 facet normal 0 0 -1
  outer loop
   vertex -62.9291 -9.60435 250
   vertex -68.8607 -6.53494 250
   vertex -64.2055 -5.7103 250
  endloop
 endfacet
 facet normal 0 0 -1
  outer loop
   vertex -36.5135 -46.7239 250
   vertex -39.5418 -50.4586 250
   vertex -42.2842 -48.5275 250
  endloop
 endfacet
 facet normal -0 0 -1
  outer loop
   vertex -36.5135 -46.7239 250
   vertex -42.2842 -48.5275 250
   vertex -39.2034 -44.9708 250
  endloop
 endfacet
 facet normal 0 0 -1
  outer loop
   vertex -26.9042 -57.5917 250
   vertex -29.9565 -62.5325 250
   vertex -33.4072 -60.3026 250
  endloop
 endfacet
 facet normal -0 0 -1
  outer loop
   vertex -26.9042 -57.5917 250
   vertex -33.4072 -60.3026 250
   vertex -30.2711 -55.8029 250
  endloop
 endfacet
 facet normal 0 0 -1
  outer loop
   vertex 59.289 20.0832 250
   vertex 63.6911 21.9009 250
   vertex 65.3986 18.2581 250
  endloop
 endfacet
 facet normal 0 0 -1
  outer loop
   vertex 59.289 20.0832 250
   vertex 65.3986 18.2581 250
   vertex 60.8117 16.7383 250
  endloop
 endfacet
 facet normal 0 -0 -1
  outer loop
   vertex 20.3461 -57.7356 250
   vertex 21.8887 -62.3247 250
   vertex 18.6358 -63.4589 250
  endloop
 endfacet
 facet normal 0 0 -1
  outer loop
   vertex 20.3461 -57.7356 250
   vertex 18.6358 -63.4589 250
   vertex 17.2141 -58.7714 250
  endloop
 endfacet
 facet normal 0 0 -1
  outer loop
   vertex -26.0552 53.0992 250
   vertex -27.7641 58.0255 250
   vertex -24.3636 59.3941 250
  endloop
 endfacet
 facet normal 0 0 -1
  outer loop
   vertex -26.0552 53.0992 250
   vertex -24.3636 59.3941 250
   vertex -22.7038 54.614 250
  endloop
 endfacet
 facet normal 0 0 -1
  outer loop
   vertex -19.4951 55.9342 250
   vertex -21.0779 60.6958 250
   vertex -17.8042 61.918 250
  endloop
 endfacet
 facet normal 0 0 -1
  outer loop
   vertex -19.4951 55.9342 250
   vertex -17.8042 61.918 250
   vertex -16.3009 57.1935 250
  endloop
 endfacet
 facet normal 0 0 -1
  outer loop
   vertex -46.5422 42.5992 250
   vertex -50.6106 45.2242 250
   vertex -48.4231 48.5481 250
  endloop
 endfacet
 facet normal 0 0 -1
  outer loop
   vertex -46.5422 42.5992 250
   vertex -48.4231 48.5481 250
   vertex -44.6278 45.9245 250
  endloop
 endfacet
 facet normal 0 0 -1
  outer loop
   vertex 12.7209 59.5984 250
   vertex 13.2765 64.4199 250
   vertex 16.9608 63.8597 250
  endloop
 endfacet
 facet normal 0 0 -1
  outer loop
   vertex 12.7209 59.5984 250
   vertex 16.9608 63.8597 250
   vertex 16.2289 59.0554 250
  endloop
 endfacet
 facet normal -0 0 -1
  outer loop
   vertex -64.2055 -5.7103 250
   vertex -68.8607 -6.53494 250
   vertex -70.4787 -2.56607 250
  endloop
 endfacet
 facet normal 0 0 -1
  outer loop
   vertex -64.2055 -5.7103 250
   vertex -70.4787 -2.56607 250
   vertex -65.821 -2.33922 250
  endloop
 endfacet
 facet normal 0 -0 -1
  outer loop
   vertex 36.3563 -53.7928 250
   vertex 39.8967 -57.9264 250
   vertex 36.3454 -60.3079 250
  endloop
 endfacet
 facet normal 0 0 -1
  outer loop
   vertex 36.3563 -53.7928 250
   vertex 36.3454 -60.3079 250
   vertex 34.0696 -56.2614 250
  endloop
 endfacet
 facet normal 0 -0 -1
  outer loop
   vertex 13.9818 -59.6426 250
   vertex 15.2674 -64.4468 250
   vertex 11.7578 -65.2189 250
  endloop
 endfacet
 facet normal 0 0 -1
  outer loop
   vertex 13.9818 -59.6426 250
   vertex 11.7578 -65.2189 250
   vertex 10.7042 -60.4331 250
  endloop
 endfacet
 facet normal 0 0 -1
  outer loop
   vertex 52.3169 32.2034 250
   vertex 56.3707 34.983 250
   vertex 58.3381 31.9417 250
  endloop
 endfacet
 facet normal 0 0 -1
  outer loop
   vertex 52.3169 32.2034 250
   vertex 58.3381 31.9417 250
   vertex 54.1764 29.3717 250
  endloop
 endfacet
 facet normal 0 0 -1
  outer loop
   vertex -46.0193 -38.572 250
   vertex -49.552 -41.615 250
   vertex -51.7004 -38.9456 250
  endloop
 endfacet
 facet normal -0 0 -1
  outer loop
   vertex -46.0193 -38.572 250
   vertex -51.7004 -38.9456 250
   vertex -47.9421 -35.9821 250
  endloop
 endfacet
 facet normal 0 0 -1
  outer loop
   vertex 50.6223 -33.0264 250
   vertex 54.929 -35.3709 250
   vertex 53.1231 -38.5421 250
  endloop
 endfacet
 facet normal 0 -0 -1
  outer loop
   vertex 50.6223 -33.0264 250
   vertex 53.1231 -38.5421 250
   vertex 48.8554 -36.0036 250
  endloop
 endfacet
 facet normal 0 0 -1
  outer loop
   vertex 40.8065 -47.8538 250
   vertex 44.4888 -51.0141 250
   vertex 42.1512 -54.2619 250
  endloop
 endfacet
 facet normal 0 -0 -1
  outer loop
   vertex 40.8065 -47.8538 250
   vertex 42.1512 -54.2619 250
   vertex 38.6055 -50.8495 250
  endloop
 endfacet
 facet normal 0 0 -1
  outer loop
   vertex -50.3586 36.1924 250
   vertex -54.7352 38.6244 250
   vertex -52.767 41.9014 250
  endloop
 endfacet
 facet normal 0 0 -1
  outer loop
   vertex -50.3586 36.1924 250
   vertex -52.767 41.9014 250
   vertex -48.4902 39.3436 250
  endloop
 endfacet
 facet normal 0 0 -1
  outer loop
   vertex -41.6753 -43.0485 250
   vertex -44.8224 -46.3693 250
   vertex -47.2708 -44.0943 250
  endloop
 endfacet
 facet normal -0 0 -1
  outer loop
   vertex -41.6753 -43.0485 250
   vertex -47.2708 -44.0943 250
   vertex -44.0195 -40.9986 250
  endloop
 endfacet
 facet normal 0 0 -1
  outer loop
   vertex -22.7038 54.614 250
   vertex -24.3636 59.3941 250
   vertex -21.0779 60.6958 250
  endloop
 endfacet
 facet normal 0 0 -1
  outer loop
   vertex -22.7038 54.614 250
   vertex -21.0779 60.6958 250
   vertex -19.4951 55.9342 250
  endloop
 endfacet
 facet normal 0 0 -1
  outer loop
   vertex -52.1755 33.0923 250
   vertex -56.5629 35.3631 250
   vertex -54.7352 38.6244 250
  endloop
 endfacet
 facet normal 0 0 -1
  outer loop
   vertex -52.1755 33.0923 250
   vertex -54.7352 38.6244 250
   vertex -50.3586 36.1924 250
  endloop
 endfacet
 facet normal 0 0 -1
  outer loop
   vertex 54.1764 29.3717 250
   vertex 58.3381 31.9417 250
   vertex 60.2007 28.7446 250
  endloop
 endfacet
 facet normal 0 0 -1
  outer loop
   vertex 54.1764 29.3717 250
   vertex 60.2007 28.7446 250
   vertex 55.9511 26.4063 250
  endloop
 endfacet
 facet normal 0 0 -1
  outer loop
   vertex -60.1354 7.63562 250
   vertex -64.9559 8.45494 250
   vertex -64.6508 11.9419 250
  endloop
 endfacet
 facet normal 0 0 -1
  outer loop
   vertex -60.1354 7.63562 250
   vertex -64.6508 11.9419 250
   vertex -59.8489 10.9932 250
  endloop
 endfacet
 facet normal 0 0 -1
  outer loop
   vertex 50.3754 34.9115 250
   vertex 54.3035 37.8733 250
   vertex 56.3707 34.983 250
  endloop
 endfacet
 facet normal 0 0 -1
  outer loop
   vertex 50.3754 34.9115 250
   vertex 56.3707 34.983 250
   vertex 52.3169 32.2034 250
  endloop
 endfacet
 facet normal 0 0 -1
  outer loop
   vertex 57.2393 -18.1721 250
   vertex 61.7431 -19.3785 250
   vertex 60.7347 -22.6079 250
  endloop
 endfacet
 facet normal 0 -0 -1
  outer loop
   vertex 57.2393 -18.1721 250
   vertex 60.7347 -22.6079 250
   vertex 56.436 -21.2034 250
  endloop
 endfacet
 facet normal 0 0 -1
  outer loop
   vertex 53.7384 -27.0673 250
   vertex 58.1371 -28.9962 250
   vertex 56.6401 -32.1871 250
  endloop
 endfacet
 facet normal 0 -0 -1
  outer loop
   vertex 53.7384 -27.0673 250
   vertex 56.6401 -32.1871 250
   vertex 52.2293 -30.0391 250
  endloop
 endfacet
 facet normal 0 0 -1
  outer loop
   vertex 57.6461 23.3135 250
   vertex 61.9785 25.4083 250
   vertex 63.6911 21.9009 250
  endloop
 endfacet
 facet normal 0 0 -1
  outer loop
   vertex 57.6461 23.3135 250
   vertex 63.6911 21.9009 250
   vertex 59.289 20.0832 250
  endloop
 endfacet
 facet normal 0 0 -1
  outer loop
   vertex -59.8489 10.9932 250
   vertex -64.6508 11.9419 250
   vertex -64.1418 15.389 250
  endloop
 endfacet
 facet normal 0 0 -1
  outer loop
   vertex -59.8489 10.9932 250
   vertex -64.1418 15.389 250
   vertex -59.3002 14.2653 250
  endloop
 endfacet
 facet normal 0 -0 -1
  outer loop
   vertex 17.2141 -58.7714 250
   vertex 18.6358 -63.4589 250
   vertex 15.2674 -64.4468 250
  endloop
 endfacet
 facet normal 0 0 -1
  outer loop
   vertex 17.2141 -58.7714 250
   vertex 15.2674 -64.4468 250
   vertex 13.9818 -59.6426 250
  endloop
 endfacet
 facet normal 0 0 -1
  outer loop
   vertex -1.85581 60.6465 250
   vertex -1.48265 65.7024 250
   vertex 2.12919 65.3804 250
  endloop
 endfacet
 facet normal 0 0 -1
  outer loop
   vertex -1.85581 60.6465 250
   vertex 2.12919 65.3804 250
   vertex 1.93462 60.4235 250
  endloop
 endfacet
 facet normal 0 0 -1
  outer loop
   vertex 48.3959 37.5691 250
   vertex 52.1928 40.7067 250
   vertex 54.3035 37.8733 250
  endloop
 endfacet
 facet normal 0 0 -1
  outer loop
   vertex 48.3959 37.5691 250
   vertex 54.3035 37.8733 250
   vertex 50.3754 34.9115 250
  endloop
 endfacet
 facet normal 0 0 -1
  outer loop
   vertex 42.9486 -44.881 250
   vertex 46.7769 -47.8822 250
   vertex 44.4888 -51.0141 250
  endloop
 endfacet
 facet normal 0 -0 -1
  outer loop
   vertex 42.9486 -44.881 250
   vertex 44.4888 -51.0141 250
   vertex 40.8065 -47.8538 250
  endloop
 endfacet
 facet normal 0 0 -1
  outer loop
   vertex -12.8939 -61.847 250
   vertex -13.7292 -66.5046 250
   vertex -17.602 -65.938 250
  endloop
 endfacet
 facet normal -0 0 -1
  outer loop
   vertex -12.8939 -61.847 250
   vertex -17.602 -65.938 250
   vertex -16.4789 -61.1783 250
  endloop
 endfacet
 facet normal 0 -0 -1
  outer loop
   vertex 0.437201 -62.215 250
   vertex 0.964375 -66.9133 250
   vertex -2.67294 -67.2245 250
  endloop
 endfacet
 facet normal 0 0 -1
  outer loop
   vertex 0.437201 -62.215 250
   vertex -2.67294 -67.2245 250
   vertex -2.94443 -62.7137 250
  endloop
 endfacet
 facet normal 0 0 -1
  outer loop
   vertex 55.1696 -24.1335 250
   vertex 59.508 -25.8127 250
   vertex 58.1371 -28.9962 250
  endloop
 endfacet
 facet normal 0 -0 -1
  outer loop
   vertex 55.1696 -24.1335 250
   vertex 58.1371 -28.9962 250
   vertex 53.7384 -27.0673 250
  endloop
 endfacet
 facet normal 0 0 -1
  outer loop
   vertex 38.6055 -50.8495 250
   vertex 42.1512 -54.2619 250
   vertex 39.8967 -57.9264 250
  endloop
 endfacet
 facet normal 0 -0 -1
  outer loop
   vertex 38.6055 -50.8495 250
   vertex 39.8967 -57.9264 250
   vertex 36.3563 -53.7928 250
  endloop
 endfacet
 facet normal 0 0 -1
  outer loop
   vertex 16.2289 59.0554 250
   vertex 16.9608 63.8597 250
   vertex 20.6346 63.2093 250
  endloop
 endfacet
 facet normal 0 0 -1
  outer loop
   vertex 16.2289 59.0554 250
   vertex 20.6346 63.2093 250
   vertex 19.7338 58.4488 250
  endloop
 endfacet
 facet normal -0 0 -1
  outer loop
   vertex -55.4362 -24.5195 250
   vertex -59.6658 -27.0107 250
   vertex -61.4874 -23.6329 250
  endloop
 endfacet
 facet normal 0 0 -1
  outer loop
   vertex -55.4362 -24.5195 250
   vertex -61.4874 -23.6329 250
   vertex -57.2552 -21.2536 250
  endloop
 endfacet
 facet normal 0 0 -1
  outer loop
   vertex 56.436 -21.2034 250
   vertex 60.7347 -22.6079 250
   vertex 59.508 -25.8127 250
  endloop
 endfacet
 facet normal 0 -0 -1
  outer loop
   vertex 56.436 -21.2034 250
   vertex 59.508 -25.8127 250
   vertex 55.1696 -24.1335 250
  endloop
 endfacet
 facet normal 0 0 -1
  outer loop
   vertex -9.37409 -62.5803 250
   vertex -9.95682 -67.0229 250
   vertex -13.7292 -66.5046 250
  endloop
 endfacet
 facet normal -0 0 -1
  outer loop
   vertex -9.37409 -62.5803 250
   vertex -13.7292 -66.5046 250
   vertex -12.8939 -61.847 250
  endloop
 endfacet
 facet normal 0 0 -1
  outer loop
   vertex 58.9983 -5.43129 250
   vertex 63.9941 -6.03624 250
   vertex 63.6827 -9.47882 250
  endloop
 endfacet
 facet normal 0 -0 -1
  outer loop
   vertex 58.9983 -5.43129 250
   vertex 63.6827 -9.47882 250
   vertex 58.8554 -8.76077 250
  endloop
 endfacet
 facet normal 0 0 -1
  outer loop
   vertex -56.4758 23.8359 250
   vertex -61.1618 25.5326 250
   vertex -59.8251 28.8408 250
  endloop
 endfacet
 facet normal 0 0 -1
  outer loop
   vertex -56.4758 23.8359 250
   vertex -59.8251 28.8408 250
   vertex -55.2013 26.9484 250
  endloop
 endfacet
 facet normal 0 0 -1
  outer loop
   vertex 3.64647 12.9737 250
   vertex 5.54068 17.6049 250
   vertex 9.06389 17.4512 250
  endloop
 endfacet
 facet normal 0 0 -1
  outer loop
   vertex 3.64647 12.9737 250
   vertex 9.06389 17.4512 250
   vertex 7.12339 12.8849 250
  endloop
 endfacet
 facet normal 0 0 -1
  outer loop
   vertex 37.1202 50.7159 250
   vertex 40.7147 52.4897 250
   vertex 42.856 50.4028 250
  endloop
 endfacet
 facet normal 0 0 -1
  outer loop
   vertex 37.1202 50.7159 250
   vertex 42.856 50.4028 250
   vertex 39.4569 47.4552 250
  endloop
 endfacet
 facet normal 0 0 -1
  outer loop
   vertex -60.3135 4.16688 250
   vertex -65.1621 4.90025 250
   vertex -64.9559 8.45494 250
  endloop
 endfacet
 facet normal 0 0 -1
  outer loop
   vertex -60.3135 4.16688 250
   vertex -64.9559 8.45494 250
   vertex -60.1354 7.63562 250
  endloop
 endfacet
 facet normal 0 0 -1
  outer loop
   vertex -59.3002 14.2653 250
   vertex -64.1418 15.389 250
   vertex -63.3982 18.813 250
  endloop
 endfacet
 facet normal 0 0 -1
  outer loop
   vertex -59.3002 14.2653 250
   vertex -63.3982 18.813 250
   vertex -58.5435 17.4969 250
  endloop
 endfacet
 facet normal 0 0 -1
  outer loop
   vertex 58.8554 -8.76077 250
   vertex 63.6827 -9.47882 250
   vertex 63.2036 -12.8304 250
  endloop
 endfacet
 facet normal 0 -0 -1
  outer loop
   vertex 58.8554 -8.76077 250
   vertex 63.2036 -12.8304 250
   vertex 58.4709 -11.9595 250
  endloop
 endfacet
 facet normal 0 0 -1
  outer loop
   vertex -39.2034 -44.9708 250
   vertex -42.2842 -48.5275 250
   vertex -44.8224 -46.3693 250
  endloop
 endfacet
 facet normal -0 0 -1
  outer loop
   vertex -39.2034 -44.9708 250
   vertex -44.8224 -46.3693 250
   vertex -41.6753 -43.0485 250
  endloop
 endfacet
 facet normal 0 0 -1
  outer loop
   vertex 30.4627 56.7005 250
   vertex 31.5424 61.0174 250
   vertex 34.9368 60.2969 250
  endloop
 endfacet
 facet normal 0 0 -1
  outer loop
   vertex 30.4627 56.7005 250
   vertex 34.9368 60.2969 250
   vertex 34.3407 56.3677 250
  endloop
 endfacet
 facet normal 0 0 -1
  outer loop
   vertex 58.4709 -11.9595 250
   vertex 63.2036 -12.8304 250
   vertex 62.5554 -16.1273 250
  endloop
 endfacet
 facet normal 0 -0 -1
  outer loop
   vertex 58.4709 -11.9595 250
   vertex 62.5554 -16.1273 250
   vertex 57.9181 -15.0959 250
  endloop
 endfacet
 facet normal 0 0 -1
  outer loop
   vertex -44.6278 45.9245 250
   vertex -48.4231 48.5481 250
   vertex -46.1275 51.8465 250
  endloop
 endfacet
 facet normal 0 0 -1
  outer loop
   vertex -44.6278 45.9245 250
   vertex -46.1275 51.8465 250
   vertex -42.6788 49.2006 250
  endloop
 endfacet
 facet normal 0 0 -1
  outer loop
   vertex 26.8191 57.2515 250
   vertex 27.9553 61.7684 250
   vertex 31.5424 61.0174 250
  endloop
 endfacet
 facet normal 0 0 -1
  outer loop
   vertex 26.8191 57.2515 250
   vertex 31.5424 61.0174 250
   vertex 30.4627 56.7005 250
  endloop
 endfacet
 facet normal 0 0 -1
  outer loop
   vertex -17.0007 6.74718 250
   vertex -18.1899 10.5527 250
   vertex -13.3477 9.58578 250
  endloop
 endfacet
 facet normal 0 0 -1
  outer loop
   vertex -23.6426 -59.4152 250
   vertex -26.1671 -65.0009 250
   vertex -29.9565 -62.5325 250
  endloop
 endfacet
 facet normal -0 0 -1
  outer loop
   vertex -23.6426 -59.4152 250
   vertex -29.9565 -62.5325 250
   vertex -26.9042 -57.5917 250
  endloop
 endfacet
 facet normal 0 0 -1
  outer loop
   vertex -13.3477 9.58578 250
   vertex -18.1899 10.5527 250
   vertex -17.4742 14.0608 250
  endloop
 endfacet
 facet normal 0 0 -1
  outer loop
   vertex -13.3477 9.58578 250
   vertex -17.4742 14.0608 250
   vertex -14.4312 13.5115 250
  endloop
 endfacet
 facet normal 0 0 -1
  outer loop
   vertex 23.2578 57.847 250
   vertex 24.3157 62.5132 250
   vertex 27.9553 61.7684 250
  endloop
 endfacet
 facet normal 0 0 -1
  outer loop
   vertex 23.2578 57.847 250
   vertex 27.9553 61.7684 250
   vertex 26.8191 57.2515 250
  endloop
 endfacet
 facet normal -0 0 -1
  outer loop
   vertex -49.8529 -33.2732 250
   vertex -53.8089 -36.185 250
   vertex -55.8136 -33.2317 250
  endloop
 endfacet
 facet normal 0 0 -1
  outer loop
   vertex -49.8529 -33.2732 250
   vertex -55.8136 -33.2317 250
   vertex -51.7531 -30.4784 250
  endloop
 endfacet
 facet normal 0 0 -1
  outer loop
   vertex -48.4902 39.3436 250
   vertex -52.767 41.9014 250
   vertex -50.6106 45.2242 250
  endloop
 endfacet
 facet normal 0 0 -1
  outer loop
   vertex -48.4902 39.3436 250
   vertex -50.6106 45.2242 250
   vertex -46.5422 42.5992 250
  endloop
 endfacet
 facet normal 0 0 -1
  outer loop
   vertex 60.8117 16.7383 250
   vertex 65.3986 18.2581 250
   vertex 67.2596 14.3669 250
  endloop
 endfacet
 facet normal 0 0 -1
  outer loop
   vertex 60.8117 16.7383 250
   vertex 67.2596 14.3669 250
   vertex 62.248 13.223 250
  endloop
 endfacet
 facet normal 0 0 -1
  outer loop
   vertex 39.4569 47.4552 250
   vertex 42.856 50.4028 250
   vertex 45.2223 48.1915 250
  endloop
 endfacet
 facet normal 0 0 -1
  outer loop
   vertex 39.4569 47.4552 250
   vertex 45.2223 48.1915 250
   vertex 41.8176 44.932 250
  endloop
 endfacet
 facet normal 0 0 -1
  outer loop
   vertex -30.5425 -49.8638 250
   vertex -33.5286 -54.0458 250
   vertex -36.6274 -52.2779 250
  endloop
 endfacet
 facet normal -0 0 -1
  outer loop
   vertex -30.5425 -49.8638 250
   vertex -36.6274 -52.2779 250
   vertex -33.6205 -48.3431 250
  endloop
 endfacet
 facet normal 0 0 -1
  outer loop
   vertex -13.0251 58.3256 250
   vertex -14.4869 63.0455 250
   vertex -11.1026 64.0582 250
  endloop
 endfacet
 facet normal 0 0 -1
  outer loop
   vertex -13.0251 58.3256 250
   vertex -11.1026 64.0582 250
   vertex -9.65532 59.5268 250
  endloop
 endfacet
 facet normal 0 -0 -1
  outer loop
   vertex 10.7042 -60.4331 250
   vertex 11.7578 -65.2189 250
   vertex 8.22223 -65.9275 250
  endloop
 endfacet
 facet normal 0 0 -1
  outer loop
   vertex 10.7042 -60.4331 250
   vertex 8.22223 -65.9275 250
   vertex 7.34864 -61.1159 250
  endloop
 endfacet
 facet normal 0 0 -1
  outer loop
   vertex -58.5435 17.4969 250
   vertex -63.3982 18.813 250
   vertex -62.315 22.1813 250
  endloop
 endfacet
 facet normal 0 0 -1
  outer loop
   vertex -58.5435 17.4969 250
   vertex -62.315 22.1813 250
   vertex -57.5634 20.6785 250
  endloop
 endfacet
 facet normal 0 -0 -1
  outer loop
   vertex 23.4786 -56.6346 250
   vertex 25.0711 -61.1333 250
   vertex 21.8887 -62.3247 250
  endloop
 endfacet
 facet normal 0 0 -1
  outer loop
   vertex 23.4786 -56.6346 250
   vertex 21.8887 -62.3247 250
   vertex 20.3461 -57.7356 250
  endloop
 endfacet
 facet normal 0 0 -1
  outer loop
   vertex -57.5634 20.6785 250
   vertex -62.315 22.1813 250
   vertex -61.1618 25.5326 250
  endloop
 endfacet
 facet normal 0 0 -1
  outer loop
   vertex -57.5634 20.6785 250
   vertex -61.1618 25.5326 250
   vertex -56.4758 23.8359 250
  endloop
 endfacet
 facet normal 0 0 -1
  outer loop
   vertex -55.2013 26.9484 250
   vertex -59.8251 28.8408 250
   vertex -58.3174 32.1107 250
  endloop
 endfacet
 facet normal 0 0 -1
  outer loop
   vertex -55.2013 26.9484 250
   vertex -58.3174 32.1107 250
   vertex -53.759 30.0284 250
  endloop
 endfacet
 facet normal 0 0 -1
  outer loop
   vertex -47.9421 -35.9821 250
   vertex -51.7004 -38.9456 250
   vertex -53.8089 -36.185 250
  endloop
 endfacet
 facet normal -0 0 -1
  outer loop
   vertex -47.9421 -35.9821 250
   vertex -53.8089 -36.185 250
   vertex -49.8529 -33.2732 250
  endloop
 endfacet
 facet normal -0 0 -1
  outer loop
   vertex -65.821 -2.33922 250
   vertex -70.4787 -2.56607 250
   vertex -70.2324 1.75358 250
  endloop
 endfacet
 facet normal 0 0 -1
  outer loop
   vertex -65.821 -2.33922 250
   vertex -70.2324 1.75358 250
   vertex -65.3865 1.25596 250
  endloop
 endfacet
 facet normal 0 0 -1
  outer loop
   vertex 63.2454 9.35417 250
   vertex 69.9227 9.87457 250
   vertex 69.6647 5.18669 250
  endloop
 endfacet
 facet normal 0 0 -1
  outer loop
   vertex 63.2454 9.35417 250
   vertex 69.6647 5.18669 250
   vertex 63.7617 5.33675 250
  endloop
 endfacet
 facet normal -0 0 -1
  outer loop
   vertex -57.2552 -21.2536 250
   vertex -61.4874 -23.6329 250
   vertex -63.3027 -20.2165 250
  endloop
 endfacet
 facet normal 0 0 -1
  outer loop
   vertex -57.2552 -21.2536 250
   vertex -63.3027 -20.2165 250
   vertex -59.2294 -17.8362 250
  endloop
 endfacet
 facet normal 0 0 -1
  outer loop
   vertex 45.0077 -41.9241 250
   vertex 49.0095 -44.7798 250
   vertex 46.7769 -47.8822 250
  endloop
 endfacet
 facet normal 0 -0 -1
  outer loop
   vertex 45.0077 -41.9241 250
   vertex 46.7769 -47.8822 250
   vertex 42.9486 -44.881 250
  endloop
 endfacet
 facet normal -0 0 -1
  outer loop
   vertex -59.2294 -17.8362 250
   vertex -63.3027 -20.2165 250
   vertex -65.0965 -16.8409 250
  endloop
 endfacet
 facet normal 0 0 -1
  outer loop
   vertex -59.2294 -17.8362 250
   vertex -65.0965 -16.8409 250
   vertex -61.7414 -14.2086 250
  endloop
 endfacet
 facet normal 0 0 -1
  outer loop
   vertex 41.8176 44.932 250
   vertex 45.2223 48.1915 250
   vertex 47.6159 45.8523 250
  endloop
 endfacet
 facet normal 0 0 -1
  outer loop
   vertex 41.8176 44.932 250
   vertex 47.6159 45.8523 250
   vertex 44.0843 42.5079 250
  endloop
 endfacet
 facet normal 0 0 -1
  outer loop
   vertex 44.0843 42.5079 250
   vertex 47.6159 45.8523 250
   vertex 49.9747 43.3902 250
  endloop
 endfacet
 facet normal 0 0 -1
  outer loop
   vertex 44.0843 42.5079 250
   vertex 49.9747 43.3902 250
   vertex 46.289 40.0747 250
  endloop
 endfacet
 facet normal 0 0 -1
  outer loop
   vertex -42.6788 49.2006 250
   vertex -46.1275 51.8465 250
   vertex -43.7141 55.0848 250
  endloop
 endfacet
 facet normal 0 0 -1
  outer loop
   vertex -42.6788 49.2006 250
   vertex -43.7141 55.0848 250
   vertex -40.7051 52.2364 250
  endloop
 endfacet
 facet normal 0 0 -1
  outer loop
   vertex -40.7051 52.2364 250
   vertex -43.7141 55.0848 250
   vertex -41.0883 58.4865 250
  endloop
 endfacet
 facet normal 0 0 -1
  outer loop
   vertex -40.7051 52.2364 250
   vertex -41.0883 58.4865 250
   vertex -38.7008 54.7567 250
  endloop
 endfacet
 facet normal 0 0 -1
  outer loop
   vertex -33.6205 -48.3431 250
   vertex -36.6274 -52.2779 250
   vertex -39.5418 -50.4586 250
  endloop
 endfacet
 facet normal -0 0 -1
  outer loop
   vertex -33.6205 -48.3431 250
   vertex -39.5418 -50.4586 250
   vertex -36.5135 -46.7239 250
  endloop
 endfacet
 facet normal 0 0 -1
  outer loop
   vertex -16.4789 -61.1783 250
   vertex -17.602 -65.938 250
   vertex -21.6517 -65.3882 250
  endloop
 endfacet
 facet normal -0 0 -1
  outer loop
   vertex -16.4789 -61.1783 250
   vertex -21.6517 -65.3882 250
   vertex -20.0657 -60.4233 250
  endloop
 endfacet
 facet normal -0 0 -1
  outer loop
   vertex -51.7531 -30.4784 250
   vertex -55.8136 -33.2317 250
   vertex -57.7763 -30.1892 250
  endloop
 endfacet
 facet normal 0 0 -1
  outer loop
   vertex -51.7531 -30.4784 250
   vertex -57.7763 -30.1892 250
   vertex -53.6197 -27.5721 250
  endloop
 endfacet
 facet normal 0 0 -1
  outer loop
   vertex -6.11207 -63.5249 250
   vertex -6.28227 -67.3996 250
   vertex -9.95682 -67.0229 250
  endloop
 endfacet
 facet normal -0 0 -1
  outer loop
   vertex -6.11207 -63.5249 250
   vertex -9.95682 -67.0229 250
   vertex -9.37409 -62.5803 250
  endloop
 endfacet
 facet normal 0 0 -1
  outer loop
   vertex -16.3009 57.1935 250
   vertex -17.8042 61.918 250
   vertex -14.4869 63.0455 250
  endloop
 endfacet
 facet normal 0 0 -1
  outer loop
   vertex -16.3009 57.1935 250
   vertex -14.4869 63.0455 250
   vertex -13.0251 58.3256 250
  endloop
 endfacet
 facet normal 0 0 -1
  outer loop
   vertex 1.93462 60.4235 250
   vertex 2.12919 65.3804 250
   vertex 5.83777 65.1347 250
  endloop
 endfacet
 facet normal 0 0 -1
  outer loop
   vertex 1.93462 60.4235 250
   vertex 5.83777 65.1347 250
   vertex 5.59061 60.2495 250
  endloop
 endfacet
 facet normal 0 0 -1
  outer loop
   vertex 57.9181 -15.0959 250
   vertex 62.5554 -16.1273 250
   vertex 61.7431 -19.3785 250
  endloop
 endfacet
 facet normal 0 -0 -1
  outer loop
   vertex 57.9181 -15.0959 250
   vertex 61.7431 -19.3785 250
   vertex 57.2393 -18.1721 250
  endloop
 endfacet
 facet normal 0 0 -1
  outer loop
   vertex 47.0146 -38.9715 250
   vertex 51.161 -41.6802 250
   vertex 49.0095 -44.7798 250
  endloop
 endfacet
 facet normal 0 -0 -1
  outer loop
   vertex 47.0146 -38.9715 250
   vertex 49.0095 -44.7798 250
   vertex 45.0077 -41.9241 250
  endloop
 endfacet
 facet normal 0 0 -1
  outer loop
   vertex 19.7338 58.4488 250
   vertex 20.6346 63.2093 250
   vertex 24.3157 62.5132 250
  endloop
 endfacet
 facet normal 0 0 -1
  outer loop
   vertex 19.7338 58.4488 250
   vertex 24.3157 62.5132 250
   vertex 23.2578 57.847 250
  endloop
 endfacet
 facet normal 0 -0 -1
  outer loop
   vertex 26.7335 -55.5494 250
   vertex 28.0769 -59.8237 250
   vertex 25.0711 -61.1333 250
  endloop
 endfacet
 facet normal 0 0 -1
  outer loop
   vertex 26.7335 -55.5494 250
   vertex 25.0711 -61.1333 250
   vertex 23.4786 -56.6346 250
  endloop
 endfacet
 facet normal 0 0 -1
  outer loop
   vertex 58.9531 -1.95691 250
   vertex 64.1558 -2.44783 250
   vertex 63.9941 -6.03624 250
  endloop
 endfacet
 facet normal 0 0 -1
  outer loop
   vertex 58.9531 -1.95691 250
   vertex 63.9941 -6.03624 250
   vertex 58.9983 -5.43129 250
  endloop
 endfacet
 facet normal 0 0 -1
  outer loop
   vertex 58.7587 1.66672 250
   vertex 64.164 1.3518 250
   vertex 64.1558 -2.44783 250
  endloop
 endfacet
 facet normal 0 0 -1
  outer loop
   vertex 58.7587 1.66672 250
   vertex 64.1558 -2.44783 250
   vertex 58.9531 -1.95691 250
  endloop
 endfacet
 facet normal 0 0 -1
  outer loop
   vertex 12.8008 -22.7114 250
   vertex 11.2885 -18.9781 250
   vertex 16.4111 -20.7311 250
  endloop
 endfacet
 facet normal 0 -0 -1
  outer loop
   vertex 38.0985 59.8158 250
   vertex 40.5567 57.8898 250
   vertex 37.4504 54.6564 250
  endloop
 endfacet
 facet normal 0 0 -1
  outer loop
   vertex 38.0985 59.8158 250
   vertex 37.4504 54.6564 250
   vertex 34.3407 56.3677 250
  endloop
 endfacet
 facet normal 0 0 -1
  outer loop
   vertex 16.4111 -20.7311 250
   vertex 11.2885 -18.9781 250
   vertex 11.2779 -15.3594 250
  endloop
 endfacet
 facet normal 0 0 -1
  outer loop
   vertex 16.4111 -20.7311 250
   vertex 11.2779 -15.3594 250
   vertex 15.8562 -15.8867 250
  endloop
 endfacet
 facet normal 0 -0 -1
  outer loop
   vertex 63.7617 5.33675 250
   vertex 64.164 1.3518 250
   vertex 58.7587 1.66672 250
  endloop
 endfacet
 facet normal -0 0 -1
  outer loop
   vertex 63.7617 5.33675 250
   vertex 58.7587 1.66672 250
   vertex 58.4752 5.37459 250
  endloop
 endfacet
 facet normal 0 0 -1
  outer loop
   vertex -65.3865 1.25596 250
   vertex -65.1621 4.90025 250
   vertex -60.3135 4.16688 250
  endloop
 endfacet
 facet normal 0 0 -1
  outer loop
   vertex -65.3865 1.25596 250
   vertex -60.3135 4.16688 250
   vertex -60.2946 0.302235 250
  endloop
 endfacet
 facet normal 0 0 -1
  outer loop
   vertex -30.2711 -55.8029 250
   vertex -33.5286 -54.0458 250
   vertex -30.5425 -49.8638 250
  endloop
 endfacet
 facet normal 0 0 -1
  outer loop
   vertex -30.2711 -55.8029 250
   vertex -30.5425 -49.8638 250
   vertex -27.2666 -51.2822 250
  endloop
 endfacet
 facet normal 0 0 -1
  outer loop
   vertex -31.3578 56.6776 250
   vertex -27.7641 58.0255 250
   vertex -26.0552 53.0992 250
  endloop
 endfacet
 facet normal 0 0 -1
  outer loop
   vertex -31.3578 56.6776 250
   vertex -26.0552 53.0992 250
   vertex -29.6254 51.4233 250
  endloop
 endfacet
 facet normal 0 0 -1
  outer loop
   vertex 54.2712 -8.15608 250
   vertex 58.8554 -8.76077 250
   vertex 58.4709 -11.9595 250
  endloop
 endfacet
 facet normal 0 -0 -1
  outer loop
   vertex 54.2712 -8.15608 250
   vertex 58.4709 -11.9595 250
   vertex 54.1321 -11.2374 250
  endloop
 endfacet
 facet normal 0 0 -1
  outer loop
   vertex -53.8309 16.1867 250
   vertex -58.5435 17.4969 250
   vertex -57.5634 20.6785 250
  endloop
 endfacet
 facet normal 0 0 -1
  outer loop
   vertex -53.8309 16.1867 250
   vertex -57.5634 20.6785 250
   vertex -52.9492 19.1887 250
  endloop
 endfacet
 facet normal -0 0 -1
  outer loop
   vertex -53.0214 -18.975 250
   vertex -57.2552 -21.2536 250
   vertex -59.2294 -17.8362 250
  endloop
 endfacet
 facet normal 0 0 -1
  outer loop
   vertex -53.0214 -18.975 250
   vertex -59.2294 -17.8362 250
   vertex -54.754 -15.6973 250
  endloop
 endfacet
 facet normal 0 0 -1
  outer loop
   vertex -21.4808 -55.553 250
   vertex -23.6426 -59.4152 250
   vertex -26.9042 -57.5917 250
  endloop
 endfacet
 facet normal -0 0 -1
  outer loop
   vertex -21.4808 -55.553 250
   vertex -26.9042 -57.5917 250
   vertex -23.4419 -52.4779 250
  endloop
 endfacet
 facet normal 0 0 -1
  outer loop
   vertex 15.4448 54.3812 250
   vertex 16.2289 59.0554 250
   vertex 19.7338 58.4488 250
  endloop
 endfacet
 facet normal 0 0 -1
  outer loop
   vertex 15.4448 54.3812 250
   vertex 19.7338 58.4488 250
   vertex 18.7956 53.7619 250
  endloop
 endfacet
 facet normal 0 0 -1
  outer loop
   vertex 50.168 26.879 250
   vertex 54.1764 29.3717 250
   vertex 55.9511 26.4063 250
  endloop
 endfacet
 facet normal 0 0 -1
  outer loop
   vertex 50.168 26.879 250
   vertex 55.9511 26.4063 250
   vertex 51.8822 24.1357 250
  endloop
 endfacet
 facet normal 0 0 -1
  outer loop
   vertex 53.6058 21.2893 250
   vertex 57.6461 23.3135 250
   vertex 59.289 20.0832 250
  endloop
 endfacet
 facet normal 0 0 -1
  outer loop
   vertex 53.6058 21.2893 250
   vertex 59.289 20.0832 250
   vertex 55.2216 18.3916 250
  endloop
 endfacet
 facet normal 0 0 -1
  outer loop
   vertex 46.3828 -30.6796 250
   vertex 50.6223 -33.0264 250
   vertex 48.8554 -36.0036 250
  endloop
 endfacet
 facet normal 0 -0 -1
  outer loop
   vertex 46.3828 -30.6796 250
   vertex 48.8554 -36.0036 250
   vertex 44.6946 -33.4767 250
  endloop
 endfacet
 facet normal -0 0 -1
  outer loop
   vertex -54.754 -15.6973 250
   vertex -59.2294 -17.8362 250
   vertex -61.7414 -14.2086 250
  endloop
 endfacet
 facet normal 0 0 -1
  outer loop
   vertex -54.754 -15.6973 250
   vertex -61.7414 -14.2086 250
   vertex -56.6385 -11.9898 250
  endloop
 endfacet
 facet normal 0 0 -1
  outer loop
   vertex -55.0817 10.0138 250
   vertex -59.8489 10.9932 250
   vertex -59.3002 14.2653 250
  endloop
 endfacet
 facet normal 0 0 -1
  outer loop
   vertex -55.0817 10.0138 250
   vertex -59.3002 14.2653 250
   vertex -54.5449 13.1281 250
  endloop
 endfacet
 facet normal 0 0 -1
  outer loop
   vertex -14.8157 52.4321 250
   vertex -16.3009 57.1935 250
   vertex -13.0251 58.3256 250
  endloop
 endfacet
 facet normal 0 0 -1
  outer loop
   vertex -14.8157 52.4321 250
   vertex -13.0251 58.3256 250
   vertex -11.7066 53.4755 250
  endloop
 endfacet
 facet normal 0 -0 -1
  outer loop
   vertex 24.5692 -50.9652 250
   vertex 26.7335 -55.5494 250
   vertex 23.4786 -56.6346 250
  endloop
 endfacet
 facet normal 0 0 -1
  outer loop
   vertex 24.5692 -50.9652 250
   vertex 23.4786 -56.6346 250
   vertex 21.6812 -52.1205 250
  endloop
 endfacet
 facet normal 0 0 -1
  outer loop
   vertex 8.79597 55.4744 250
   vertex 9.18877 60.0121 250
   vertex 12.7209 59.5984 250
  endloop
 endfacet
 facet normal 0 0 -1
  outer loop
   vertex 8.79597 55.4744 250
   vertex 12.7209 59.5984 250
   vertex 12.1122 54.9852 250
  endloop
 endfacet
 facet normal 0 0 -1
  outer loop
   vertex 42.6877 36.883 250
   vertex 46.289 40.0747 250
   vertex 48.3959 37.5691 250
  endloop
 endfacet
 facet normal 0 0 -1
  outer loop
   vertex 42.6877 36.883 250
   vertex 48.3959 37.5691 250
   vertex 44.646 34.4949 250
  endloop
 endfacet
 facet normal 0 0 -1
  outer loop
   vertex 18.7956 53.7619 250
   vertex 19.7338 58.4488 250
   vertex 23.2578 57.847 250
  endloop
 endfacet
 facet normal 0 0 -1
  outer loop
   vertex 18.7956 53.7619 250
   vertex 23.2578 57.847 250
   vertex 22.1744 53.2315 250
  endloop
 endfacet
 facet normal 0 -0 -1
  outer loop
   vertex 3.13174 -56.9482 250
   vertex 3.93145 -61.7025 250
   vertex 0.437201 -62.215 250
  endloop
 endfacet
 facet normal 0 0 -1
  outer loop
   vertex 3.13174 -56.9482 250
   vertex 0.437201 -62.215 250
   vertex -0.351669 -57.575 250
  endloop
 endfacet
 facet normal -0 0 -1
  outer loop
   vertex -58.2308 -8.10769 250
   vertex -62.9291 -9.60435 250
   vertex -64.2055 -5.7103 250
  endloop
 endfacet
 facet normal 0 0 -1
  outer loop
   vertex -58.2308 -8.10769 250
   vertex -64.2055 -5.7103 250
   vertex -60.1538 -4.04068 250
  endloop
 endfacet
 facet normal 0 0 -1
  outer loop
   vertex -37.9806 50.2775 250
   vertex -38.7008 54.7567 250
   vertex -35.1314 55.5131 250
  endloop
 endfacet
 facet normal 0 0 -1
  outer loop
   vertex -37.9806 50.2775 250
   vertex -35.1314 55.5131 250
   vertex -33.6299 49.3545 250
  endloop
 endfacet
 facet normal 0 0 -1
  outer loop
   vertex 55.2216 18.3916 250
   vertex 59.289 20.0832 250
   vertex 60.8117 16.7383 250
  endloop
 endfacet
 facet normal 0 0 -1
  outer loop
   vertex 55.2216 18.3916 250
   vertex 60.8117 16.7383 250
   vertex 56.6152 15.3405 250
  endloop
 endfacet
 facet normal 0 0 -1
  outer loop
   vertex 51.1806 -22.3958 250
   vertex 55.1696 -24.1335 250
   vertex 53.7384 -27.0673 250
  endloop
 endfacet
 facet normal 0 -0 -1
  outer loop
   vertex 51.1806 -22.3958 250
   vertex 53.7384 -27.0673 250
   vertex 49.5462 -25.0808 250
  endloop
 endfacet
 facet normal 0 0 -1
  outer loop
   vertex 53.618 -14.2141 250
   vertex 57.9181 -15.0959 250
   vertex 57.2393 -18.1721 250
  endloop
 endfacet
 facet normal 0 -0 -1
  outer loop
   vertex 53.618 -14.2141 250
   vertex 57.2393 -18.1721 250
   vertex 53.048 -17.1079 250
  endloop
 endfacet
 facet normal 0 0 -1
  outer loop
   vertex -47.62 30.8013 250
   vertex -52.1755 33.0923 250
   vertex -50.3586 36.1924 250
  endloop
 endfacet
 facet normal 0 0 -1
  outer loop
   vertex -47.62 30.8013 250
   vertex -50.3586 36.1924 250
   vertex -45.9123 33.6944 250
  endloop
 endfacet
 facet normal 0 0 -1
  outer loop
   vertex 1.99699 55.4417 250
   vertex 1.93462 60.4235 250
   vertex 5.59061 60.2495 250
  endloop
 endfacet
 facet normal 0 0 -1
  outer loop
   vertex 1.99699 55.4417 250
   vertex 5.59061 60.2495 250
   vertex 5.42905 55.5062 250
  endloop
 endfacet
 facet normal 0 0 -1
  outer loop
   vertex 12.1122 54.9852 250
   vertex 12.7209 59.5984 250
   vertex 16.2289 59.0554 250
  endloop
 endfacet
 facet normal 0 0 -1
  outer loop
   vertex 12.1122 54.9852 250
   vertex 16.2289 59.0554 250
   vertex 15.4448 54.3812 250
  endloop
 endfacet
 facet normal 0 0 -1
  outer loop
   vertex 58.2572 9.03756 250
   vertex 63.2454 9.35417 250
   vertex 63.7617 5.33675 250
  endloop
 endfacet
 facet normal 0 0 -1
  outer loop
   vertex 58.2572 9.03756 250
   vertex 63.7617 5.33675 250
   vertex 58.4752 5.37459 250
  endloop
 endfacet
 facet normal 0 -0 -1
  outer loop
   vertex 12.7712 -55.0004 250
   vertex 13.9818 -59.6426 250
   vertex 10.7042 -60.4331 250
  endloop
 endfacet
 facet normal 0 0 -1
  outer loop
   vertex 12.7712 -55.0004 250
   vertex 10.7042 -60.4331 250
   vertex 9.67332 -55.7357 250
  endloop
 endfacet
 facet normal 0 -0 -1
  outer loop
   vertex 15.8008 -54.1719 250
   vertex 17.2141 -58.7714 250
   vertex 13.9818 -59.6426 250
  endloop
 endfacet
 facet normal 0 0 -1
  outer loop
   vertex 15.8008 -54.1719 250
   vertex 13.9818 -59.6426 250
   vertex 12.7712 -55.0004 250
  endloop
 endfacet
 facet normal 0 0 -1
  outer loop
   vertex -42.5833 -35.8974 250
   vertex -46.0193 -38.572 250
   vertex -47.9421 -35.9821 250
  endloop
 endfacet
 facet normal -0 0 -1
  outer loop
   vertex -42.5833 -35.8974 250
   vertex -47.9421 -35.9821 250
   vertex -44.1701 -33.2114 250
  endloop
 endfacet
 facet normal 0 0 -1
  outer loop
   vertex -45.9123 33.6944 250
   vertex -50.3586 36.1924 250
   vertex -48.4902 39.3436 250
  endloop
 endfacet
 facet normal 0 0 -1
  outer loop
   vertex -45.9123 33.6944 250
   vertex -48.4902 39.3436 250
   vertex -43.9675 36.7223 250
  endloop
 endfacet
 facet normal -0 0 -1
  outer loop
   vertex -47.7344 -27.8325 250
   vertex -51.7531 -30.4784 250
   vertex -53.6197 -27.5721 250
  endloop
 endfacet
 facet normal 0 0 -1
  outer loop
   vertex -47.7344 -27.8325 250
   vertex -53.6197 -27.5721 250
   vertex -49.5293 -25.0592 250
  endloop
 endfacet
 facet normal 0 0 -1
  outer loop
   vertex 40.661 39.2288 250
   vertex 44.0843 42.5079 250
   vertex 46.289 40.0747 250
  endloop
 endfacet
 facet normal 0 0 -1
  outer loop
   vertex 40.661 39.2288 250
   vertex 46.289 40.0747 250
   vertex 42.6877 36.883 250
  endloop
 endfacet
 facet normal 0 0 -1
  outer loop
   vertex 56.6152 15.3405 250
   vertex 60.8117 16.7383 250
   vertex 62.248 13.223 250
  endloop
 endfacet
 facet normal 0 0 -1
  outer loop
   vertex 56.6152 15.3405 250
   vertex 62.248 13.223 250
   vertex 58.2826 12.4463 250
  endloop
 endfacet
 facet normal 0 0 -1
  outer loop
   vertex 29.0725 52.2371 250
   vertex 30.4627 56.7005 250
   vertex 34.3407 56.3677 250
  endloop
 endfacet
 facet normal 0 0 -1
  outer loop
   vertex 29.0725 52.2371 250
   vertex 34.3407 56.3677 250
   vertex 32.7219 51.4058 250
  endloop
 endfacet
 facet normal 0 0 -1
  outer loop
   vertex -52.9492 19.1887 250
   vertex -57.5634 20.6785 250
   vertex -56.4758 23.8359 250
  endloop
 endfacet
 facet normal 0 0 -1
  outer loop
   vertex -52.9492 19.1887 250
   vertex -56.4758 23.8359 250
   vertex -51.8585 22.1268 250
  endloop
 endfacet
 facet normal 0 0 -1
  outer loop
   vertex -54.5449 13.1281 250
   vertex -59.3002 14.2653 250
   vertex -58.5435 17.4969 250
  endloop
 endfacet
 facet normal 0 0 -1
  outer loop
   vertex -54.5449 13.1281 250
   vertex -58.5435 17.4969 250
   vertex -53.8309 16.1867 250
  endloop
 endfacet
 facet normal 0 0 -1
  outer loop
   vertex 39.1469 -41.91 250
   vertex 42.9486 -44.881 250
   vertex 40.8065 -47.8538 250
  endloop
 endfacet
 facet normal 0 -0 -1
  outer loop
   vertex 39.1469 -41.91 250
   vertex 40.8065 -47.8538 250
   vertex 37.1623 -44.7645 250
  endloop
 endfacet
 facet normal 0 0 -1
  outer loop
   vertex 53.048 -17.1079 250
   vertex 57.2393 -18.1721 250
   vertex 56.436 -21.2034 250
  endloop
 endfacet
 facet normal 0 -0 -1
  outer loop
   vertex 53.048 -17.1079 250
   vertex 56.436 -21.2034 250
   vertex 52.9485 -20.0105 250
  endloop
 endfacet
 facet normal 0 0 -1
  outer loop
   vertex 35.1412 -47.7035 250
   vertex 38.6055 -50.8495 250
   vertex 36.3563 -53.7928 250
  endloop
 endfacet
 facet normal 0 -0 -1
  outer loop
   vertex 35.1412 -47.7035 250
   vertex 36.3563 -53.7928 250
   vertex 32.9916 -50.7595 250
  endloop
 endfacet
 facet normal 0 0 -1
  outer loop
   vertex -55.8705 3.94906 250
   vertex -60.3135 4.16688 250
   vertex -60.1354 7.63562 250
  endloop
 endfacet
 facet normal 0 0 -1
  outer loop
   vertex -55.8705 3.94906 250
   vertex -60.1354 7.63562 250
   vertex -55.4786 6.8818 250
  endloop
 endfacet
 facet normal 0 0 -1
  outer loop
   vertex 33.3084 45.3278 250
   vertex 37.1202 50.7159 250
   vertex 39.4569 47.4552 250
  endloop
 endfacet
 facet normal 0 0 -1
  outer loop
   vertex 33.3084 45.3278 250
   vertex 39.4569 47.4552 250
   vertex 36.0222 43.4234 250
  endloop
 endfacet
 facet normal 0 0 -1
  outer loop
   vertex 44.646 34.4949 250
   vertex 48.3959 37.5691 250
   vertex 50.3754 34.9115 250
  endloop
 endfacet
 facet normal 0 0 -1
  outer loop
   vertex 44.646 34.4949 250
   vertex 50.3754 34.9115 250
   vertex 46.5266 32.0329 250
  endloop
 endfacet
 facet normal 0 0 -1
  outer loop
   vertex -36.477 -41.6756 250
   vertex -39.2034 -44.9708 250
   vertex -41.6753 -43.0485 250
  endloop
 endfacet
 facet normal -0 0 -1
  outer loop
   vertex -36.477 -41.6756 250
   vertex -41.6753 -43.0485 250
   vertex -38.8316 -39.9563 250
  endloop
 endfacet
 facet normal 0 0 -1
  outer loop
   vertex -12.035 -57.2194 250
   vertex -12.8939 -61.847 250
   vertex -16.4789 -61.1783 250
  endloop
 endfacet
 facet normal -0 0 -1
  outer loop
   vertex -12.035 -57.2194 250
   vertex -16.4789 -61.1783 250
   vertex -15.5096 -56.8025 250
  endloop
 endfacet
 facet normal 0 -0 -1
  outer loop
   vertex -0.351669 -57.575 250
   vertex 0.437201 -62.215 250
   vertex -2.94443 -62.7137 250
  endloop
 endfacet
 facet normal 0 0 -1
  outer loop
   vertex -0.351669 -57.575 250
   vertex -2.94443 -62.7137 250
   vertex -4.14874 -58.6112 250
  endloop
 endfacet
 facet normal -0 0 -1
  outer loop
   vertex -56.6385 -11.9898 250
   vertex -61.7414 -14.2086 250
   vertex -62.9291 -9.60435 250
  endloop
 endfacet
 facet normal 0 0 -1
  outer loop
   vertex -56.6385 -11.9898 250
   vertex -62.9291 -9.60435 250
   vertex -58.2308 -8.10769 250
  endloop
 endfacet
 facet normal 0 0 -1
  outer loop
   vertex -51.8585 22.1268 250
   vertex -56.4758 23.8359 250
   vertex -55.2013 26.9484 250
  endloop
 endfacet
 facet normal 0 0 -1
  outer loop
   vertex -51.8585 22.1268 250
   vertex -55.2013 26.9484 250
   vertex -50.6063 25.0335 250
  endloop
 endfacet
 facet normal 0 0 -1
  outer loop
   vertex 54.2053 -4.94596 250
   vertex 58.9983 -5.43129 250
   vertex 58.8554 -8.76077 250
  endloop
 endfacet
 facet normal 0 0 -1
  outer loop
   vertex 54.2053 -4.94596 250
   vertex 58.8554 -8.76077 250
   vertex 54.2712 -8.15608 250
  endloop
 endfacet
 facet normal 0 0 -1
  outer loop
   vertex -44.1701 -33.2114 250
   vertex -47.9421 -35.9821 250
   vertex -49.8529 -33.2732 250
  endloop
 endfacet
 facet normal -0 0 -1
  outer loop
   vertex -44.1701 -33.2114 250
   vertex -49.8529 -33.2732 250
   vertex -45.9325 -30.5342 250
  endloop
 endfacet
 facet normal 0 0 -1
  outer loop
   vertex -39.252 46.9982 250
   vertex -42.6788 49.2006 250
   vertex -40.7051 52.2364 250
  endloop
 endfacet
 facet normal 0 0 -1
  outer loop
   vertex -39.252 46.9982 250
   vertex -40.7051 52.2364 250
   vertex -37.9806 50.2775 250
  endloop
 endfacet
 facet normal 0 0 -1
  outer loop
   vertex -21.5825 4.21816 250
   vertex -23.9944 7.68883 250
   vertex -17.0007 6.74718 250
  endloop
 endfacet
 facet normal 0 0 -1
  outer loop
   vertex 53.9961 -1.57349 250
   vertex 58.9531 -1.95691 250
   vertex 58.9983 -5.43129 250
  endloop
 endfacet
 facet normal 0 0 -1
  outer loop
   vertex 53.9961 -1.57349 250
   vertex 58.9983 -5.43129 250
   vertex 54.2053 -4.94596 250
  endloop
 endfacet
 facet normal 0 0 -1
  outer loop
   vertex 46.5266 32.0329 250
   vertex 50.3754 34.9115 250
   vertex 52.3169 32.2034 250
  endloop
 endfacet
 facet normal 0 0 -1
  outer loop
   vertex 46.5266 32.0329 250
   vertex 52.3169 32.2034 250
   vertex 48.3791 29.4932 250
  endloop
 endfacet
 facet normal 0 0 -1
  outer loop
   vertex -40.673 43.4972 250
   vertex -44.6278 45.9245 250
   vertex -42.6788 49.2006 250
  endloop
 endfacet
 facet normal 0 0 -1
  outer loop
   vertex -40.673 43.4972 250
   vertex -42.6788 49.2006 250
   vertex -39.252 46.9982 250
  endloop
 endfacet
 facet normal 0 0 -1
  outer loop
   vertex -60.1538 -4.04068 250
   vertex -65.821 -2.33922 250
   vertex -65.3865 1.25596 250
  endloop
 endfacet
 facet normal 0 0 -1
  outer loop
   vertex -60.1538 -4.04068 250
   vertex -65.3865 1.25596 250
   vertex -60.2946 0.302235 250
  endloop
 endfacet
 facet normal 0 0 -1
  outer loop
   vertex 48.3791 29.4932 250
   vertex 52.3169 32.2034 250
   vertex 54.1764 29.3717 250
  endloop
 endfacet
 facet normal 0 0 -1
  outer loop
   vertex 48.3791 29.4932 250
   vertex 54.1764 29.3717 250
   vertex 50.168 26.879 250
  endloop
 endfacet
 facet normal 0 0 -1
  outer loop
   vertex 42.9071 -36.2794 250
   vertex 47.0146 -38.9715 250
   vertex 45.0077 -41.9241 250
  endloop
 endfacet
 facet normal 0 -0 -1
  outer loop
   vertex 42.9071 -36.2794 250
   vertex 45.0077 -41.9241 250
   vertex 41.0621 -39.0879 250
  endloop
 endfacet
 facet normal 0 0 -1
  outer loop
   vertex -5.06162 55.0465 250
   vertex -6.08491 61.0762 250
   vertex -1.85581 60.6465 250
  endloop
 endfacet
 facet normal 0 0 -1
  outer loop
   vertex -5.06162 55.0465 250
   vertex -1.85581 60.6465 250
   vertex -1.51161 55.3195 250
  endloop
 endfacet
 facet normal 0 0 -1
  outer loop
   vertex -1.51161 55.3195 250
   vertex -1.85581 60.6465 250
   vertex 1.93462 60.4235 250
  endloop
 endfacet
 facet normal 0 0 -1
  outer loop
   vertex -1.51161 55.3195 250
   vertex 1.93462 60.4235 250
   vertex 1.99699 55.4417 250
  endloop
 endfacet
 facet normal -0 0 -1
  outer loop
   vertex -51.2955 -22.0785 250
   vertex -55.4362 -24.5195 250
   vertex -57.2552 -21.2536 250
  endloop
 endfacet
 facet normal 0 0 -1
  outer loop
   vertex -51.2955 -22.0785 250
   vertex -57.2552 -21.2536 250
   vertex -53.0214 -18.975 250
  endloop
 endfacet
 facet normal 0 0 -1
  outer loop
   vertex 37.1623 -44.7645 250
   vertex 40.8065 -47.8538 250
   vertex 38.6055 -50.8495 250
  endloop
 endfacet
 facet normal 0 -0 -1
  outer loop
   vertex 37.1623 -44.7645 250
   vertex 38.6055 -50.8495 250
   vertex 35.1412 -47.7035 250
  endloop
 endfacet
 facet normal 0 0 -1
  outer loop
   vertex 54.1321 -11.2374 250
   vertex 58.4709 -11.9595 250
   vertex 57.9181 -15.0959 250
  endloop
 endfacet
 facet normal 0 -0 -1
  outer loop
   vertex 54.1321 -11.2374 250
   vertex 57.9181 -15.0959 250
   vertex 53.618 -14.2141 250
  endloop
 endfacet
 facet normal 0 0 -1
  outer loop
   vertex 25.595 52.773 250
   vertex 26.8191 57.2515 250
   vertex 30.4627 56.7005 250
  endloop
 endfacet
 facet normal 0 0 -1
  outer loop
   vertex 25.595 52.773 250
   vertex 30.4627 56.7005 250
   vertex 29.0725 52.2371 250
  endloop
 endfacet
 facet normal 0 0 -1
  outer loop
   vertex 58.2826 12.4463 250
   vertex 62.248 13.223 250
   vertex 63.2454 9.35417 250
  endloop
 endfacet
 facet normal 0 -0 -1
  outer loop
   vertex 58.2826 12.4463 250
   vertex 63.2454 9.35417 250
   vertex 58.2572 9.03756 250
  endloop
 endfacet
 facet normal 0 0 -1
  outer loop
   vertex 22.1744 53.2315 250
   vertex 23.2578 57.847 250
   vertex 26.8191 57.2515 250
  endloop
 endfacet
 facet normal 0 0 -1
  outer loop
   vertex 22.1744 53.2315 250
   vertex 26.8191 57.2515 250
   vertex 25.595 52.773 250
  endloop
 endfacet
 facet normal -0 0 -1
  outer loop
   vertex -45.9325 -30.5342 250
   vertex -49.8529 -33.2732 250
   vertex -51.7531 -30.4784 250
  endloop
 endfacet
 facet normal 0 0 -1
  outer loop
   vertex -45.9325 -30.5342 250
   vertex -51.7531 -30.4784 250
   vertex -47.7344 -27.8325 250
  endloop
 endfacet
 facet normal 0 0 -1
  outer loop
   vertex -43.9675 36.7223 250
   vertex -48.4902 39.3436 250
   vertex -46.5422 42.5992 250
  endloop
 endfacet
 facet normal 0 0 -1
  outer loop
   vertex -43.9675 36.7223 250
   vertex -46.5422 42.5992 250
   vertex -42.1814 39.9132 250
  endloop
 endfacet
 facet normal 0 0 -1
  outer loop
   vertex -50.6063 25.0335 250
   vertex -55.2013 26.9484 250
   vertex -53.759 30.0284 250
  endloop
 endfacet
 facet normal 0 0 -1
  outer loop
   vertex -50.6063 25.0335 250
   vertex -53.759 30.0284 250
   vertex -49.1586 27.9224 250
  endloop
 endfacet
 facet normal 0 0 -1
  outer loop
   vertex 36.0222 43.4234 250
   vertex 39.4569 47.4552 250
   vertex 41.8176 44.932 250
  endloop
 endfacet
 facet normal 0 0 -1
  outer loop
   vertex 36.0222 43.4234 250
   vertex 41.8176 44.932 250
   vertex 38.531 41.5022 250
  endloop
 endfacet
 facet normal 0 0 -1
  outer loop
   vertex -28.0987 -46.0168 250
   vertex -30.5425 -49.8638 250
   vertex -33.6205 -48.3431 250
  endloop
 endfacet
 facet normal -0 0 -1
  outer loop
   vertex -28.0987 -46.0168 250
   vertex -33.6205 -48.3431 250
   vertex -30.9559 -44.5856 250
  endloop
 endfacet
 facet normal 0 0 -1
  outer loop
   vertex -11.7066 53.4755 250
   vertex -13.0251 58.3256 250
   vertex -9.65532 59.5268 250
  endloop
 endfacet
 facet normal 0 0 -1
  outer loop
   vertex -11.7066 53.4755 250
   vertex -9.65532 59.5268 250
   vertex -8.46027 54.3719 250
  endloop
 endfacet
 facet normal 0 0 -1
  outer loop
   vertex -42.1814 39.9132 250
   vertex -46.5422 42.5992 250
   vertex -44.6278 45.9245 250
  endloop
 endfacet
 facet normal 0 0 -1
  outer loop
   vertex -42.1814 39.9132 250
   vertex -44.6278 45.9245 250
   vertex -40.673 43.4972 250
  endloop
 endfacet
 facet normal 0 0 -1
  outer loop
   vertex -17.0007 6.74718 250
   vertex -23.9944 7.68883 250
   vertex -22.5615 11.5671 250
  endloop
 endfacet
 facet normal 0 0 -1
  outer loop
   vertex -17.0007 6.74718 250
   vertex -22.5615 11.5671 250
   vertex -18.1899 10.5527 250
  endloop
 endfacet
 facet normal 0 -0 -1
  outer loop
   vertex 21.6812 -52.1205 250
   vertex 23.4786 -56.6346 250
   vertex 20.3461 -57.7356 250
  endloop
 endfacet
 facet normal 0 0 -1
  outer loop
   vertex 21.6812 -52.1205 250
   vertex 20.3461 -57.7356 250
   vertex 18.7628 -53.1961 250
  endloop
 endfacet
 facet normal 0 0 -1
  outer loop
   vertex 49.5462 -25.0808 250
   vertex 53.7384 -27.0673 250
   vertex 52.2293 -30.0391 250
  endloop
 endfacet
 facet normal 0 -0 -1
  outer loop
   vertex 49.5462 -25.0808 250
   vertex 52.2293 -30.0391 250
   vertex 48.0026 -27.8797 250
  endloop
 endfacet
 facet normal 0 0 -1
  outer loop
   vertex -30.9559 -44.5856 250
   vertex -33.6205 -48.3431 250
   vertex -36.5135 -46.7239 250
  endloop
 endfacet
 facet normal -0 0 -1
  outer loop
   vertex -30.9559 -44.5856 250
   vertex -36.5135 -46.7239 250
   vertex -33.7879 -43.1703 250
  endloop
 endfacet
 facet normal 0 0 -1
  outer loop
   vertex -17.8776 51.2294 250
   vertex -19.4951 55.9342 250
   vertex -16.3009 57.1935 250
  endloop
 endfacet
 facet normal 0 0 -1
  outer loop
   vertex -17.8776 51.2294 250
   vertex -16.3009 57.1935 250
   vertex -14.8157 52.4321 250
  endloop
 endfacet
 facet normal 0 0 -1
  outer loop
   vertex -24.1507 48.4161 250
   vertex -26.0552 53.0992 250
   vertex -22.7038 54.614 250
  endloop
 endfacet
 facet normal 0 0 -1
  outer loop
   vertex -24.1507 48.4161 250
   vertex -22.7038 54.614 250
   vertex -20.9726 49.8857 250
  endloop
 endfacet
 facet normal 0 0 -1
  outer loop
   vertex 41.0621 -39.0879 250
   vertex 45.0077 -41.9241 250
   vertex 42.9486 -44.881 250
  endloop
 endfacet
 facet normal 0 -0 -1
  outer loop
   vertex 41.0621 -39.0879 250
   vertex 42.9486 -44.881 250
   vertex 39.1469 -41.91 250
  endloop
 endfacet
 facet normal 0 -0 -1
  outer loop
   vertex 9.67332 -55.7357 250
   vertex 10.7042 -60.4331 250
   vertex 7.34864 -61.1159 250
  endloop
 endfacet
 facet normal 0 0 -1
  outer loop
   vertex 9.67332 -55.7357 250
   vertex 7.34864 -61.1159 250
   vertex 6.44987 -56.3883 250
  endloop
 endfacet
 facet normal 0 -0 -1
  outer loop
   vertex 18.7628 -53.1961 250
   vertex 20.3461 -57.7356 250
   vertex 17.2141 -58.7714 250
  endloop
 endfacet
 facet normal 0 0 -1
  outer loop
   vertex 18.7628 -53.1961 250
   vertex 17.2141 -58.7714 250
   vertex 15.8008 -54.1719 250
  endloop
 endfacet
 facet normal 0 0 -1
  outer loop
   vertex -23.4419 -52.4779 250
   vertex -26.9042 -57.5917 250
   vertex -30.2711 -55.8029 250
  endloop
 endfacet
 facet normal -0 0 -1
  outer loop
   vertex -23.4419 -52.4779 250
   vertex -30.2711 -55.8029 250
   vertex -27.2666 -51.2822 250
  endloop
 endfacet
 facet normal 0 0 -1
  outer loop
   vertex -33.7879 -43.1703 250
   vertex -36.5135 -46.7239 250
   vertex -39.2034 -44.9708 250
  endloop
 endfacet
 facet normal -0 0 -1
  outer loop
   vertex -33.7879 -43.1703 250
   vertex -39.2034 -44.9708 250
   vertex -36.477 -41.6756 250
  endloop
 endfacet
 facet normal 0 0 -1
  outer loop
   vertex -8.32574 -57.7603 250
   vertex -9.37409 -62.5803 250
   vertex -12.8939 -61.847 250
  endloop
 endfacet
 facet normal -0 0 -1
  outer loop
   vertex -8.32574 -57.7603 250
   vertex -12.8939 -61.847 250
   vertex -12.035 -57.2194 250
  endloop
 endfacet
 facet normal 0 0 -1
  outer loop
   vertex 44.6946 -33.4767 250
   vertex 48.8554 -36.0036 250
   vertex 47.0146 -38.9715 250
  endloop
 endfacet
 facet normal 0 -0 -1
  outer loop
   vertex 44.6946 -33.4767 250
   vertex 47.0146 -38.9715 250
   vertex 42.9071 -36.2794 250
  endloop
 endfacet
 facet normal 0 0 -1
  outer loop
   vertex -38.8316 -39.9563 250
   vertex -41.6753 -43.0485 250
   vertex -44.0195 -40.9986 250
  endloop
 endfacet
 facet normal -0 0 -1
  outer loop
   vertex -38.8316 -39.9563 250
   vertex -44.0195 -40.9986 250
   vertex -41.3188 -38.5329 250
  endloop
 endfacet
 facet normal 0 0 -1
  outer loop
   vertex 86.5659 9.35949 250
   vertex 81.6117 9.59207 250
   vertex 83.2388 12.4467 250
  endloop
 endfacet
 facet normal 0 0 -1
  outer loop
   vertex 86.5659 9.35949 250
   vertex 83.2388 12.4467 250
   vertex 86.1236 12.3607 250
  endloop
 endfacet
 facet normal 0 -0 -1
  outer loop
   vertex 6.44987 -56.3883 250
   vertex 7.34864 -61.1159 250
   vertex 3.93145 -61.7025 250
  endloop
 endfacet
 facet normal 0 0 -1
  outer loop
   vertex 6.44987 -56.3883 250
   vertex 3.93145 -61.7025 250
   vertex 3.13174 -56.9482 250
  endloop
 endfacet
 facet normal 0 0 -1
  outer loop
   vertex -3.45672 30.5063 250
   vertex -0.531825 31.8343 250
   vertex -1.76118 26.3749 250
  endloop
 endfacet
 facet normal 0 0 -1
  outer loop
   vertex -55.4786 6.8818 250
   vertex -60.1354 7.63562 250
   vertex -59.8489 10.9932 250
  endloop
 endfacet
 facet normal 0 0 -1
  outer loop
   vertex -55.4786 6.8818 250
   vertex -59.8489 10.9932 250
   vertex -55.0817 10.0138 250
  endloop
 endfacet
 facet normal 0 0 -1
  outer loop
   vertex 51.8822 24.1357 250
   vertex 55.9511 26.4063 250
   vertex 57.6461 23.3135 250
  endloop
 endfacet
 facet normal 0 0 -1
  outer loop
   vertex 51.8822 24.1357 250
   vertex 57.6461 23.3135 250
   vertex 53.6058 21.2893 250
  endloop
 endfacet
 facet normal 0 0 -1
  outer loop
   vertex 5.42905 55.5062 250
   vertex 5.59061 60.2495 250
   vertex 9.18877 60.0121 250
  endloop
 endfacet
 facet normal 0 0 -1
  outer loop
   vertex 5.42905 55.5062 250
   vertex 9.18877 60.0121 250
   vertex 8.79597 55.4744 250
  endloop
 endfacet
 facet normal 0 0 -1
  outer loop
   vertex -20.9726 49.8857 250
   vertex -22.7038 54.614 250
   vertex -19.4951 55.9342 250
  endloop
 endfacet
 facet normal 0 0 -1
  outer loop
   vertex -20.9726 49.8857 250
   vertex -19.4951 55.9342 250
   vertex -17.8776 51.2294 250
  endloop
 endfacet
 facet normal 0 0 -1
  outer loop
   vertex -41.3188 -38.5329 250
   vertex -44.0195 -40.9986 250
   vertex -46.0193 -38.572 250
  endloop
 endfacet
 facet normal -0 0 -1
  outer loop
   vertex -41.3188 -38.5329 250
   vertex -46.0193 -38.572 250
   vertex -42.5833 -35.8974 250
  endloop
 endfacet
 facet normal 0 0 -1
  outer loop
   vertex -49.1586 27.9224 250
   vertex -53.759 30.0284 250
   vertex -52.1755 33.0923 250
  endloop
 endfacet
 facet normal 0 0 -1
  outer loop
   vertex -49.1586 27.9224 250
   vertex -52.1755 33.0923 250
   vertex -47.62 30.8013 250
  endloop
 endfacet
 facet normal 0 0 -1
  outer loop
   vertex 48.0026 -27.8797 250
   vertex 52.2293 -30.0391 250
   vertex 50.6223 -33.0264 250
  endloop
 endfacet
 facet normal 0 -0 -1
  outer loop
   vertex 48.0026 -27.8797 250
   vertex 50.6223 -33.0264 250
   vertex 46.3828 -30.6796 250
  endloop
 endfacet
 facet normal 0 -0 -1
  outer loop
   vertex 27.2778 -49.7133 250
   vertex 30.5799 -54.6483 250
   vertex 26.7335 -55.5494 250
  endloop
 endfacet
 facet normal 0 0 -1
  outer loop
   vertex 27.2778 -49.7133 250
   vertex 26.7335 -55.5494 250
   vertex 24.5692 -50.9652 250
  endloop
 endfacet
 facet normal 0 0 -1
  outer loop
   vertex 38.531 41.5022 250
   vertex 41.8176 44.932 250
   vertex 44.0843 42.5079 250
  endloop
 endfacet
 facet normal 0 0 -1
  outer loop
   vertex 38.531 41.5022 250
   vertex 44.0843 42.5079 250
   vertex 40.661 39.2288 250
  endloop
 endfacet
 facet normal -0 0 -1
  outer loop
   vertex -49.5293 -25.0592 250
   vertex -53.6197 -27.5721 250
   vertex -55.4362 -24.5195 250
  endloop
 endfacet
 facet normal 0 0 -1
  outer loop
   vertex -49.5293 -25.0592 250
   vertex -55.4362 -24.5195 250
   vertex -51.2955 -22.0785 250
  endloop
 endfacet
 facet normal 0 0 -1
  outer loop
   vertex 53.7016 1.94299 250
   vertex 58.7587 1.66672 250
   vertex 58.9531 -1.95691 250
  endloop
 endfacet
 facet normal 0 0 -1
  outer loop
   vertex 53.7016 1.94299 250
   vertex 58.9531 -1.95691 250
   vertex 53.9961 -1.57349 250
  endloop
 endfacet
 facet normal 0 0 -1
  outer loop
   vertex -8.46027 54.3719 250
   vertex -9.65532 59.5268 250
   vertex -6.08491 61.0762 250
  endloop
 endfacet
 facet normal 0 0 -1
  outer loop
   vertex -8.46027 54.3719 250
   vertex -6.08491 61.0762 250
   vertex -5.06162 55.0465 250
  endloop
 endfacet
 facet normal 0 0 -1
  outer loop
   vertex 52.9485 -20.0105 250
   vertex 56.436 -21.2034 250
   vertex 55.1696 -24.1335 250
  endloop
 endfacet
 facet normal 0 -0 -1
  outer loop
   vertex 52.9485 -20.0105 250
   vertex 55.1696 -24.1335 250
   vertex 51.1806 -22.3958 250
  endloop
 endfacet
 facet normal -0 0 -1
  outer loop
   vertex -29.6254 51.4233 250
   vertex -33.6299 49.3545 250
   vertex -35.1314 55.5131 250
  endloop
 endfacet
 facet normal 0 0 -1
  outer loop
   vertex -29.6254 51.4233 250
   vertex -35.1314 55.5131 250
   vertex -31.3578 56.6776 250
  endloop
 endfacet
 facet normal 0 -0 -1
  outer loop
   vertex 58.4752 5.37459 250
   vertex 58.7587 1.66672 250
   vertex 53.7016 1.94299 250
  endloop
 endfacet
 facet normal -0 0 -1
  outer loop
   vertex 58.4752 5.37459 250
   vertex 53.7016 1.94299 250
   vertex 53.3865 5.57405 250
  endloop
 endfacet
 facet normal 0 0 -1
  outer loop
   vertex 32.7219 51.4058 250
   vertex 37.1202 50.7159 250
   vertex 33.3084 45.3278 250
  endloop
 endfacet
 facet normal 0 -0 -1
  outer loop
   vertex 32.7219 51.4058 250
   vertex 33.3084 45.3278 250
   vertex 30.3397 46.9203 250
  endloop
 endfacet
 facet normal 0 0 -1
  outer loop
   vertex -60.2946 0.302235 250
   vertex -60.3135 4.16688 250
   vertex -55.8705 3.94906 250
  endloop
 endfacet
 facet normal 0 0 -1
  outer loop
   vertex -60.2946 0.302235 250
   vertex -55.8705 3.94906 250
   vertex -55.4826 0.00071459 250
  endloop
 endfacet
 facet normal 0 0 -1
  outer loop
   vertex -29.6254 51.4233 250
   vertex -26.0552 53.0992 250
   vertex -24.1507 48.4161 250
  endloop
 endfacet
 facet normal 0 0 -1
  outer loop
   vertex -29.6254 51.4233 250
   vertex -24.1507 48.4161 250
   vertex -27.3752 46.8981 250
  endloop
 endfacet
 facet normal 0 0 -1
  outer loop
   vertex -27.2666 -51.2822 250
   vertex -30.5425 -49.8638 250
   vertex -28.0987 -46.0168 250
  endloop
 endfacet
 facet normal 0 0 -1
  outer loop
   vertex -27.2666 -51.2822 250
   vertex -28.0987 -46.0168 250
   vertex -25.3876 -47.4575 250
  endloop
 endfacet
 facet normal -0 0 -1
  outer loop
   vertex 32.9916 -50.7595 250
   vertex 30.5799 -54.6483 250
   vertex 27.2778 -49.7133 250
  endloop
 endfacet
 facet normal 0 0 -1
  outer loop
   vertex 32.9916 -50.7595 250
   vertex 27.2778 -49.7133 250
   vertex 30.0568 -46.9995 250
  endloop
 endfacet
 facet normal 0 0 -1
  outer loop
   vertex -49.8779 11.9148 250
   vertex -54.5449 13.1281 250
   vertex -53.8309 16.1867 250
  endloop
 endfacet
 facet normal 0 0 -1
  outer loop
   vertex -49.8779 11.9148 250
   vertex -53.8309 16.1867 250
   vertex -49.2155 14.8555 250
  endloop
 endfacet
 facet normal 0 0 -1
  outer loop
   vertex 50.5033 -10.7352 250
   vertex 54.1321 -11.2374 250
   vertex 53.618 -14.2141 250
  endloop
 endfacet
 facet normal 0 -0 -1
  outer loop
   vertex 50.5033 -10.7352 250
   vertex 53.618 -14.2141 250
   vertex 49.5571 -13.5448 250
  endloop
 endfacet
 facet normal 0 0 -1
  outer loop
   vertex -31.3366 -39.6995 250
   vertex -33.7879 -43.1703 250
   vertex -36.477 -41.6756 250
  endloop
 endfacet
 facet normal -0 0 -1
  outer loop
   vertex -31.3366 -39.6995 250
   vertex -36.477 -41.6756 250
   vertex -34.3807 -38.7386 250
  endloop
 endfacet
 facet normal -0 0 -1
  outer loop
   vertex -41.9842 -27.8547 250
   vertex -45.9325 -30.5342 250
   vertex -47.7344 -27.8325 250
  endloop
 endfacet
 facet normal 0 0 -1
  outer loop
   vertex -41.9842 -27.8547 250
   vertex -47.7344 -27.8325 250
   vertex -43.8393 -25.2821 250
  endloop
 endfacet
 facet normal -0 0 -1
  outer loop
   vertex -52.2641 -10.1821 250
   vertex -56.6385 -11.9898 250
   vertex -58.2308 -8.10769 250
  endloop
 endfacet
 facet normal 0 0 -1
  outer loop
   vertex -52.2641 -10.1821 250
   vertex -58.2308 -8.10769 250
   vertex -53.3538 -6.85841 250
  endloop
 endfacet
 facet normal 0 0 -1
  outer loop
   vertex 44.6808 26.9303 250
   vertex 48.3791 29.4932 250
   vertex 50.168 26.879 250
  endloop
 endfacet
 facet normal 0 0 -1
  outer loop
   vertex 44.6808 26.9303 250
   vertex 50.168 26.879 250
   vertex 46.4829 24.5487 250
  endloop
 endfacet
 facet normal 0 0 -1
  outer loop
   vertex 5.42386 50.9817 250
   vertex 5.42905 55.5062 250
   vertex 8.79597 55.4744 250
  endloop
 endfacet
 facet normal 0 0 -1
  outer loop
   vertex 5.42386 50.9817 250
   vertex 8.79597 55.4744 250
   vertex 8.46334 51.6539 250
  endloop
 endfacet
 facet normal 0 0 -1
  outer loop
   vertex -28.4733 -41.0112 250
   vertex -30.9559 -44.5856 250
   vertex -33.7879 -43.1703 250
  endloop
 endfacet
 facet normal -0 0 -1
  outer loop
   vertex -28.4733 -41.0112 250
   vertex -33.7879 -43.1703 250
   vertex -31.3366 -39.6995 250
  endloop
 endfacet
 facet normal 0 0 -1
  outer loop
   vertex -1.76118 26.3749 250
   vertex -0.531825 31.8343 250
   vertex 2.44552 31.2608 250
  endloop
 endfacet
 facet normal 0 0 -1
  outer loop
   vertex -1.76118 26.3749 250
   vertex 2.44552 31.2608 250
   vertex 1.92334 26.1289 250
  endloop
 endfacet
 facet normal -0 0 -1
  outer loop
   vertex -50.508 -14.0704 250
   vertex -54.754 -15.6973 250
   vertex -56.6385 -11.9898 250
  endloop
 endfacet
 facet normal 0 0 -1
  outer loop
   vertex -50.508 -14.0704 250
   vertex -56.6385 -11.9898 250
   vertex -52.2641 -10.1821 250
  endloop
 endfacet
 facet normal 0 0 -1
  outer loop
   vertex -50.4295 8.84693 250
   vertex -55.0817 10.0138 250
   vertex -54.5449 13.1281 250
  endloop
 endfacet
 facet normal 0 0 -1
  outer loop
   vertex -50.4295 8.84693 250
   vertex -54.5449 13.1281 250
   vertex -49.8779 11.9148 250
  endloop
 endfacet
 facet normal 0 0 -1
  outer loop
   vertex -30.6941 14.3316 250
   vertex -30.1623 17.1218 250
   vertex -27.1881 13.6788 250
  endloop
 endfacet
 facet normal 0 0 -1
  outer loop
   vertex 45.4461 -22.9039 250
   vertex 49.5462 -25.0808 250
   vertex 48.0026 -27.8797 250
  endloop
 endfacet
 facet normal 0 -0 -1
  outer loop
   vertex 45.4461 -22.9039 250
   vertex 48.0026 -27.8797 250
   vertex 44.0189 -25.724 250
  endloop
 endfacet
 facet normal 0 0 -1
  outer loop
   vertex 14.5644 49.8426 250
   vertex 15.4448 54.3812 250
   vertex 18.7956 53.7619 250
  endloop
 endfacet
 facet normal 0 0 -1
  outer loop
   vertex 14.5644 49.8426 250
   vertex 18.7956 53.7619 250
   vertex 17.8283 49.1939 250
  endloop
 endfacet
 facet normal 0 0 -1
  outer loop
   vertex 17.8283 49.1939 250
   vertex 18.7956 53.7619 250
   vertex 22.1744 53.2315 250
  endloop
 endfacet
 facet normal 0 0 -1
  outer loop
   vertex 17.8283 49.1939 250
   vertex 22.1744 53.2315 250
   vertex 21.148 48.7604 250
  endloop
 endfacet
 facet normal 0 -0 -1
  outer loop
   vertex 2.52423 -52.1722 250
   vertex 3.13174 -56.9482 250
   vertex -0.351669 -57.575 250
  endloop
 endfacet
 facet normal 0 0 -1
  outer loop
   vertex 2.52423 -52.1722 250
   vertex -0.351669 -57.575 250
   vertex -0.833499 -52.3755 250
  endloop
 endfacet
 facet normal 0 0 -1
  outer loop
   vertex 51.9477 16.8098 250
   vertex 55.2216 18.3916 250
   vertex 56.6152 15.3405 250
  endloop
 endfacet
 facet normal 0 0 -1
  outer loop
   vertex 51.9477 16.8098 250
   vertex 56.6152 15.3405 250
   vertex 53.1162 13.4446 250
  endloop
 endfacet
 facet normal 0 0 -1
  outer loop
   vertex 47.0883 -20.0038 250
   vertex 51.1806 -22.3958 250
   vertex 49.5462 -25.0808 250
  endloop
 endfacet
 facet normal 0 -0 -1
  outer loop
   vertex 47.0883 -20.0038 250
   vertex 49.5462 -25.0808 250
   vertex 45.4461 -22.9039 250
  endloop
 endfacet
 facet normal 0 -0 -1
  outer loop
   vertex 14.5478 -49.9585 250
   vertex 15.8008 -54.1719 250
   vertex 12.7712 -55.0004 250
  endloop
 endfacet
 facet normal 0 0 -1
  outer loop
   vertex 14.5478 -49.9585 250
   vertex 12.7712 -55.0004 250
   vertex 11.6816 -50.616 250
  endloop
 endfacet
 facet normal 0 0 -1
  outer loop
   vertex -19.2825 45.34 250
   vertex -20.9726 49.8857 250
   vertex -17.8776 51.2294 250
  endloop
 endfacet
 facet normal 0 0 -1
  outer loop
   vertex -19.2825 45.34 250
   vertex -17.8776 51.2294 250
   vertex -16.3221 46.6819 250
  endloop
 endfacet
 facet normal 0 0 -1
  outer loop
   vertex 11.3852 50.645 250
   vertex 12.1122 54.9852 250
   vertex 15.4448 54.3812 250
  endloop
 endfacet
 facet normal 0 0 -1
  outer loop
   vertex 11.3852 50.645 250
   vertex 15.4448 54.3812 250
   vertex 14.5644 49.8426 250
  endloop
 endfacet
 facet normal 0 -0 -1
  outer loop
   vertex 11.6816 -50.616 250
   vertex 12.7712 -55.0004 250
   vertex 9.67332 -55.7357 250
  endloop
 endfacet
 facet normal 0 0 -1
  outer loop
   vertex 11.6816 -50.616 250
   vertex 9.67332 -55.7357 250
   vertex 8.74101 -51.2886 250
  endloop
 endfacet
 facet normal -0 0 -1
  outer loop
   vertex -38.441 -33.4406 250
   vertex -42.5833 -35.8974 250
   vertex -44.1701 -33.2114 250
  endloop
 endfacet
 facet normal 0 0 -1
  outer loop
   vertex -38.441 -33.4406 250
   vertex -44.1701 -33.2114 250
   vertex -40.1652 -30.5432 250
  endloop
 endfacet
 facet normal 0 0 -1
  outer loop
   vertex -41.2108 31.1299 250
   vertex -45.9123 33.6944 250
   vertex -43.9675 36.7223 250
  endloop
 endfacet
 facet normal 0 0 -1
  outer loop
   vertex -41.2108 31.1299 250
   vertex -43.9675 36.7223 250
   vertex -38.9789 33.8336 250
  endloop
 endfacet
 facet normal -0 0 -1
  outer loop
   vertex -43.8393 -25.2821 250
   vertex -47.7344 -27.8325 250
   vertex -49.5293 -25.0592 250
  endloop
 endfacet
 facet normal 0 0 -1
  outer loop
   vertex -43.8393 -25.2821 250
   vertex -49.5293 -25.0592 250
   vertex -45.7212 -22.69 250
  endloop
 endfacet
 facet normal 0 0 -1
  outer loop
   vertex 21.148 48.7604 250
   vertex 22.1744 53.2315 250
   vertex 25.595 52.773 250
  endloop
 endfacet
 facet normal 0 0 -1
  outer loop
   vertex 21.148 48.7604 250
   vertex 25.595 52.773 250
   vertex 24.4131 48.4701 250
  endloop
 endfacet
 facet normal 0 0 -1
  outer loop
   vertex 27.649 48.5163 250
   vertex 29.0725 52.2371 250
   vertex 32.7219 51.4058 250
  endloop
 endfacet
 facet normal 0 0 -1
  outer loop
   vertex 27.649 48.5163 250
   vertex 32.7219 51.4058 250
   vertex 30.3397 46.9203 250
  endloop
 endfacet
 facet normal 0 0 -1
  outer loop
   vertex -48.3337 17.6664 250
   vertex -52.9492 19.1887 250
   vertex -51.8585 22.1268 250
  endloop
 endfacet
 facet normal 0 0 -1
  outer loop
   vertex -48.3337 17.6664 250
   vertex -51.8585 22.1268 250
   vertex -47.3376 20.4355 250
  endloop
 endfacet
 facet normal 0 0 -1
  outer loop
   vertex -30.3903 45.3872 250
   vertex -33.6299 49.3545 250
   vertex -29.6254 51.4233 250
  endloop
 endfacet
 facet normal 0 0 -1
  outer loop
   vertex -30.3903 45.3872 250
   vertex -29.6254 51.4233 250
   vertex -27.3752 46.8981 250
  endloop
 endfacet
 facet normal 0 0 -1
  outer loop
   vertex 2.22407 50.7002 250
   vertex 1.99699 55.4417 250
   vertex 5.42905 55.5062 250
  endloop
 endfacet
 facet normal 0 0 -1
  outer loop
   vertex 2.22407 50.7002 250
   vertex 5.42905 55.5062 250
   vertex 5.42386 50.9817 250
  endloop
 endfacet
 facet normal -0 0 -1
  outer loop
   vertex -53.3538 -6.85841 250
   vertex -58.2308 -8.10769 250
   vertex -60.1538 -4.04068 250
  endloop
 endfacet
 facet normal 0 0 -1
  outer loop
   vertex -53.3538 -6.85841 250
   vertex -60.1538 -4.04068 250
   vertex -54.5658 -3.30863 250
  endloop
 endfacet
 facet normal -0 0 -1
  outer loop
   vertex -18.2245 -53.3481 250
   vertex -21.4808 -55.553 250
   vertex -23.4419 -52.4779 250
  endloop
 endfacet
 facet normal 0 0 -1
  outer loop
   vertex -18.2245 -53.3481 250
   vertex -23.4419 -52.4779 250
   vertex -19.3015 -50.2913 250
  endloop
 endfacet
 facet normal 0 -0 -1
  outer loop
   vertex -4.42058 -52.6398 250
   vertex -4.14874 -58.6112 250
   vertex -8.32574 -57.7603 250
  endloop
 endfacet
 facet normal -0 0 -1
  outer loop
   vertex -4.42058 -52.6398 250
   vertex -8.32574 -57.7603 250
   vertex -8.06745 -52.5604 250
  endloop
 endfacet
 facet normal 0 0 -1
  outer loop
   vertex -27.1881 13.6788 250
   vertex -30.1623 17.1218 250
   vertex -28.2305 19.1307 250
  endloop
 endfacet
 facet normal 0 0 -1
  outer loop
   vertex -27.1881 13.6788 250
   vertex -28.2305 19.1307 250
   vertex -24.9963 16.7483 250
  endloop
 endfacet
 facet normal 0 0 -1
  outer loop
   vertex -47.3376 20.4355 250
   vertex -51.8585 22.1268 250
   vertex -50.6063 25.0335 250
  endloop
 endfacet
 facet normal 0 0 -1
  outer loop
   vertex -47.3376 20.4355 250
   vertex -50.6063 25.0335 250
   vertex -46.1431 23.1485 250
  endloop
 endfacet
 facet normal 0 -0 -1
  outer loop
   vertex 5.70799 -51.9317 250
   vertex 6.44987 -56.3883 250
   vertex 3.13174 -56.9482 250
  endloop
 endfacet
 facet normal 0 0 -1
  outer loop
   vertex 5.70799 -51.9317 250
   vertex 3.13174 -56.9482 250
   vertex 2.52423 -52.1722 250
  endloop
 endfacet
 facet normal 0 0 -1
  outer loop
   vertex 31.8095 -44.4727 250
   vertex 35.1412 -47.7035 250
   vertex 32.9916 -50.7595 250
  endloop
 endfacet
 facet normal 0 -0 -1
  outer loop
   vertex 31.8095 -44.4727 250
   vertex 32.9916 -50.7595 250
   vertex 30.0568 -46.9995 250
  endloop
 endfacet
 facet normal 0 0 -1
  outer loop
   vertex 48.1814 21.9218 250
   vertex 51.8822 24.1357 250
   vertex 53.6058 21.2893 250
  endloop
 endfacet
 facet normal 0 0 -1
  outer loop
   vertex 48.1814 21.9218 250
   vertex 53.6058 21.2893 250
   vertex 49.8726 19.2838 250
  endloop
 endfacet
 facet normal 0 -0 -1
  outer loop
   vertex 20.0937 -47.8618 250
   vertex 21.6812 -52.1205 250
   vertex 18.7628 -53.1961 250
  endloop
 endfacet
 facet normal 0 0 -1
  outer loop
   vertex 20.0937 -47.8618 250
   vertex 18.7628 -53.1961 250
   vertex 17.2966 -48.9481 250
  endloop
 endfacet
 facet normal 0 0 -1
  outer loop
   vertex 41.0391 31.6074 250
   vertex 44.646 34.4949 250
   vertex 46.5266 32.0329 250
  endloop
 endfacet
 facet normal 0 0 -1
  outer loop
   vertex 41.0391 31.6074 250
   vertex 46.5266 32.0329 250
   vertex 42.8622 29.2697 250
  endloop
 endfacet
 facet normal 0 0 -1
  outer loop
   vertex -34.3807 -38.7386 250
   vertex -36.477 -41.6756 250
   vertex -38.8316 -39.9563 250
  endloop
 endfacet
 facet normal -0 0 -1
  outer loop
   vertex -34.3807 -38.7386 250
   vertex -38.8316 -39.9563 250
   vertex -36.8928 -36.764 250
  endloop
 endfacet
 facet normal 0 0 -1
  outer loop
   vertex -7.55892 49.8221 250
   vertex -8.46027 54.3719 250
   vertex -5.06162 55.0465 250
  endloop
 endfacet
 facet normal 0 0 -1
  outer loop
   vertex -7.55892 49.8221 250
   vertex -5.06162 55.0465 250
   vertex -4.39055 50.1892 250
  endloop
 endfacet
 facet normal 0 -0 -1
  outer loop
   vertex -0.833499 -52.3755 250
   vertex -0.351669 -57.575 250
   vertex -4.14874 -58.6112 250
  endloop
 endfacet
 facet normal 0 0 -1
  outer loop
   vertex -0.833499 -52.3755 250
   vertex -4.14874 -58.6112 250
   vertex -4.42058 -52.6398 250
  endloop
 endfacet
 facet normal 0 0 -1
  outer loop
   vertex 37.4269 36.3114 250
   vertex 40.661 39.2288 250
   vertex 42.6877 36.883 250
  endloop
 endfacet
 facet normal 0 0 -1
  outer loop
   vertex 37.4269 36.3114 250
   vertex 42.6877 36.883 250
   vertex 39.1924 33.9381 250
  endloop
 endfacet
 facet normal 0 0 -1
  outer loop
   vertex 42.3806 -28.3549 250
   vertex 46.3828 -30.6796 250
   vertex 44.6946 -33.4767 250
  endloop
 endfacet
 facet normal 0 -0 -1
  outer loop
   vertex 42.3806 -28.3549 250
   vertex 44.6946 -33.4767 250
   vertex 40.6515 -30.9612 250
  endloop
 endfacet
 facet normal 0 0 -1
  outer loop
   vertex 53.1162 13.4446 250
   vertex 58.2826 12.4463 250
   vertex 58.2572 9.03756 250
  endloop
 endfacet
 facet normal 0 0 -1
  outer loop
   vertex 53.1162 13.4446 250
   vertex 58.2572 9.03756 250
   vertex 53.1824 9.34406 250
  endloop
 endfacet
 facet normal 0 0 -1
  outer loop
   vertex 42.8622 29.2697 250
   vertex 46.5266 32.0329 250
   vertex 48.3791 29.4932 250
  endloop
 endfacet
 facet normal 0 0 -1
  outer loop
   vertex 42.8622 29.2697 250
   vertex 48.3791 29.4932 250
   vertex 44.6808 26.9303 250
  endloop
 endfacet
 facet normal -0 0 -1
  outer loop
   vertex -48.8964 -16.8568 250
   vertex -53.0214 -18.975 250
   vertex -54.754 -15.6973 250
  endloop
 endfacet
 facet normal 0 0 -1
  outer loop
   vertex -48.8964 -16.8568 250
   vertex -54.754 -15.6973 250
   vertex -50.508 -14.0704 250
  endloop
 endfacet
 facet normal 0 0 -1
  outer loop
   vertex 49.5921 -4.6449 250
   vertex 54.2053 -4.94596 250
   vertex 54.2712 -8.15608 250
  endloop
 endfacet
 facet normal 0 0 -1
  outer loop
   vertex 49.5921 -4.6449 250
   vertex 54.2712 -8.15608 250
   vertex 49.9149 -7.74925 250
  endloop
 endfacet
 facet normal 0 0 -1
  outer loop
   vertex -38.9789 33.8336 250
   vertex -43.9675 36.7223 250
   vertex -42.1814 39.9132 250
  endloop
 endfacet
 facet normal 0 0 -1
  outer loop
   vertex -38.9789 33.8336 250
   vertex -42.1814 39.9132 250
   vertex -36.1978 36.6096 250
  endloop
 endfacet
 facet normal -0 0 -1
  outer loop
   vertex -104.71 -14.0386 250
   vertex -108.976 -14.9783 250
   vertex -109.544 -10.0028 250
  endloop
 endfacet
 facet normal 0 0 -1
  outer loop
   vertex -104.71 -14.0386 250
   vertex -109.544 -10.0028 250
   vertex -105.414 -8.64598 250
  endloop
 endfacet
 facet normal 0 0 -1
  outer loop
   vertex 30.6238 41.4446 250
   vertex 33.3084 45.3278 250
   vertex 36.0222 43.4234 250
  endloop
 endfacet
 facet normal 0 0 -1
  outer loop
   vertex 30.6238 41.4446 250
   vertex 36.0222 43.4234 250
   vertex 33.2142 39.8596 250
  endloop
 endfacet
 facet normal -0 0 -1
  outer loop
   vertex -47.3407 -19.8011 250
   vertex -51.2955 -22.0785 250
   vertex -53.0214 -18.975 250
  endloop
 endfacet
 facet normal 0 0 -1
  outer loop
   vertex -47.3407 -19.8011 250
   vertex -53.0214 -18.975 250
   vertex -48.8964 -16.8568 250
  endloop
 endfacet
 facet normal 0 0 -1
  outer loop
   vertex 49.2621 -1.34153 250
   vertex 53.9961 -1.57349 250
   vertex 54.2053 -4.94596 250
  endloop
 endfacet
 facet normal 0 0 -1
  outer loop
   vertex 49.2621 -1.34153 250
   vertex 54.2053 -4.94596 250
   vertex 49.5921 -4.6449 250
  endloop
 endfacet
 facet normal 0 0 -1
  outer loop
   vertex -10.9524 -32.6136 250
   vertex -13.4508 -37.1036 250
   vertex -16.8836 -35.8935 250
  endloop
 endfacet
 facet normal -0 0 -1
  outer loop
   vertex -10.9524 -32.6136 250
   vertex -16.8836 -35.8935 250
   vertex -14.6238 -31.3476 250
  endloop
 endfacet
 facet normal 0 -0 -1
  outer loop
   vertex 8.74101 -51.2886 250
   vertex 9.67332 -55.7357 250
   vertex 6.44987 -56.3883 250
  endloop
 endfacet
 facet normal 0 0 -1
  outer loop
   vertex 8.74101 -51.2886 250
   vertex 6.44987 -56.3883 250
   vertex 5.70799 -51.9317 250
  endloop
 endfacet
 facet normal 0 0 -1
  outer loop
   vertex -8.06745 -52.5604 250
   vertex -8.32574 -57.7603 250
   vertex -12.035 -57.2194 250
  endloop
 endfacet
 facet normal 0 0 -1
  outer loop
   vertex -8.06745 -52.5604 250
   vertex -12.035 -57.2194 250
   vertex -11.7071 -52.6073 250
  endloop
 endfacet
 facet normal 0 0 -1
  outer loop
   vertex -51.0601 5.60238 250
   vertex -55.4786 6.8818 250
   vertex -55.0817 10.0138 250
  endloop
 endfacet
 facet normal 0 0 -1
  outer loop
   vertex -51.0601 5.60238 250
   vertex -55.0817 10.0138 250
   vertex -50.4295 8.84693 250
  endloop
 endfacet
 facet normal -0 0 -1
  outer loop
   vertex -54.5658 -3.30863 250
   vertex -60.1538 -4.04068 250
   vertex -60.2946 0.302235 250
  endloop
 endfacet
 facet normal 0 0 -1
  outer loop
   vertex -54.5658 -3.30863 250
   vertex -60.2946 0.302235 250
   vertex -55.4826 0.00071459 250
  endloop
 endfacet
 facet normal 0 0 -1
  outer loop
   vertex -4.39055 50.1892 250
   vertex -5.06162 55.0465 250
   vertex -1.51161 55.3195 250
  endloop
 endfacet
 facet normal 0 0 -1
  outer loop
   vertex -4.39055 50.1892 250
   vertex -1.51161 55.3195 250
   vertex -1.09472 50.4746 250
  endloop
 endfacet
 facet normal 0 0 -1
  outer loop
   vertex -44.7005 25.828 250
   vertex -49.1586 27.9224 250
   vertex -47.62 30.8013 250
  endloop
 endfacet
 facet normal 0 0 -1
  outer loop
   vertex -44.7005 25.828 250
   vertex -47.62 30.8013 250
   vertex -43.0845 28.4768 250
  endloop
 endfacet
 facet normal 0 0 -1
  outer loop
   vertex 48.9252 2.04928 250
   vertex 53.7016 1.94299 250
   vertex 53.9961 -1.57349 250
  endloop
 endfacet
 facet normal 0 0 -1
  outer loop
   vertex 48.9252 2.04928 250
   vertex 53.9961 -1.57349 250
   vertex 49.2621 -1.34153 250
  endloop
 endfacet
 facet normal 0 0 -1
  outer loop
   vertex -1.09472 50.4746 250
   vertex -1.51161 55.3195 250
   vertex 1.99699 55.4417 250
  endloop
 endfacet
 facet normal 0 0 -1
  outer loop
   vertex -1.09472 50.4746 250
   vertex 1.99699 55.4417 250
   vertex 2.22407 50.7002 250
  endloop
 endfacet
 facet normal 0 0 -1
  outer loop
   vertex 49.8726 19.2838 250
   vertex 53.6058 21.2893 250
   vertex 55.2216 18.3916 250
  endloop
 endfacet
 facet normal 0 0 -1
  outer loop
   vertex 49.8726 19.2838 250
   vertex 55.2216 18.3916 250
   vertex 51.9477 16.8098 250
  endloop
 endfacet
 facet normal 0 0 -1
  outer loop
   vertex 40.6515 -30.9612 250
   vertex 44.6946 -33.4767 250
   vertex 42.9071 -36.2794 250
  endloop
 endfacet
 facet normal 0 -0 -1
  outer loop
   vertex 40.6515 -30.9612 250
   vertex 42.9071 -36.2794 250
   vertex 38.9226 -33.6077 250
  endloop
 endfacet
 facet normal 0 0 -1
  outer loop
   vertex -46.1431 23.1485 250
   vertex -50.6063 25.0335 250
   vertex -49.1586 27.9224 250
  endloop
 endfacet
 facet normal 0 0 -1
  outer loop
   vertex -46.1431 23.1485 250
   vertex -49.1586 27.9224 250
   vertex -44.7005 25.828 250
  endloop
 endfacet
 facet normal 0 0 -1
  outer loop
   vertex -49.2155 14.8555 250
   vertex -53.8309 16.1867 250
   vertex -52.9492 19.1887 250
  endloop
 endfacet
 facet normal 0 0 -1
  outer loop
   vertex -49.2155 14.8555 250
   vertex -52.9492 19.1887 250
   vertex -48.3337 17.6664 250
  endloop
 endfacet
 facet normal 0 0 -1
  outer loop
   vertex 44.0189 -25.724 250
   vertex 48.0026 -27.8797 250
   vertex 46.3828 -30.6796 250
  endloop
 endfacet
 facet normal 0 -0 -1
  outer loop
   vertex 44.0189 -25.724 250
   vertex 46.3828 -30.6796 250
   vertex 42.3806 -28.3549 250
  endloop
 endfacet
 facet normal -0 0 -1
  outer loop
   vertex -45.7212 -22.69 250
   vertex -49.5293 -25.0592 250
   vertex -51.2955 -22.0785 250
  endloop
 endfacet
 facet normal 0 0 -1
  outer loop
   vertex -45.7212 -22.69 250
   vertex -51.2955 -22.0785 250
   vertex -47.3407 -19.8011 250
  endloop
 endfacet
 facet normal 0 0 -1
  outer loop
   vertex -25.5688 -42.5361 250
   vertex -28.0987 -46.0168 250
   vertex -30.9559 -44.5856 250
  endloop
 endfacet
 facet normal -0 0 -1
  outer loop
   vertex -25.5688 -42.5361 250
   vertex -30.9559 -44.5856 250
   vertex -28.4733 -41.0112 250
  endloop
 endfacet
 facet normal 0 0 -1
  outer loop
   vertex -10.5287 48.9518 250
   vertex -11.7066 53.4755 250
   vertex -8.46027 54.3719 250
  endloop
 endfacet
 facet normal 0 0 -1
  outer loop
   vertex -10.5287 48.9518 250
   vertex -8.46027 54.3719 250
   vertex -7.55892 49.8221 250
  endloop
 endfacet
 facet normal 0 0 -1
  outer loop
   vertex 46.4829 24.5487 250
   vertex 50.168 26.879 250
   vertex 51.8822 24.1357 250
  endloop
 endfacet
 facet normal 0 0 -1
  outer loop
   vertex 46.4829 24.5487 250
   vertex 51.8822 24.1357 250
   vertex 48.1814 21.9218 250
  endloop
 endfacet
 facet normal 0 0 -1
  outer loop
   vertex -43.0845 28.4768 250
   vertex -47.62 30.8013 250
   vertex -45.9123 33.6944 250
  endloop
 endfacet
 facet normal 0 0 -1
  outer loop
   vertex -43.0845 28.4768 250
   vertex -45.9123 33.6944 250
   vertex -41.2108 31.1299 250
  endloop
 endfacet
 facet normal 0 0 -1
  outer loop
   vertex -23.0883 -48.8237 250
   vertex -23.4419 -52.4779 250
   vertex -27.2666 -51.2822 250
  endloop
 endfacet
 facet normal -0 0 -1
  outer loop
   vertex -23.0883 -48.8237 250
   vertex -27.2666 -51.2822 250
   vertex -25.3876 -47.4575 250
  endloop
 endfacet
 facet normal 0 0 -1
  outer loop
   vertex 24.4131 48.4701 250
   vertex 25.595 52.773 250
   vertex 29.0725 52.2371 250
  endloop
 endfacet
 facet normal 0 0 -1
  outer loop
   vertex 24.4131 48.4701 250
   vertex 29.0725 52.2371 250
   vertex 27.649 48.5163 250
  endloop
 endfacet
 facet normal 0 0 -1
  outer loop
   vertex -16.3221 46.6819 250
   vertex -17.8776 51.2294 250
   vertex -14.8157 52.4321 250
  endloop
 endfacet
 facet normal 0 0 -1
  outer loop
   vertex -16.3221 46.6819 250
   vertex -14.8157 52.4321 250
   vertex -13.4309 47.8934 250
  endloop
 endfacet
 facet normal 0 0 -1
  outer loop
   vertex -52.2366 2.04512 250
   vertex -55.8705 3.94906 250
   vertex -55.4786 6.8818 250
  endloop
 endfacet
 facet normal 0 0 -1
  outer loop
   vertex -52.2366 2.04512 250
   vertex -55.4786 6.8818 250
   vertex -51.0601 5.60238 250
  endloop
 endfacet
 facet normal 0 0 -1
  outer loop
   vertex 49.5571 -13.5448 250
   vertex 53.618 -14.2141 250
   vertex 53.048 -17.1079 250
  endloop
 endfacet
 facet normal 0 -0 -1
  outer loop
   vertex 49.5571 -13.5448 250
   vertex 53.048 -17.1079 250
   vertex 49.2211 -16.9267 250
  endloop
 endfacet
 facet normal 0 0 -1
  outer loop
   vertex -22.3735 43.834 250
   vertex -24.1507 48.4161 250
   vertex -20.9726 49.8857 250
  endloop
 endfacet
 facet normal 0 0 -1
  outer loop
   vertex -22.3735 43.834 250
   vertex -20.9726 49.8857 250
   vertex -19.2825 45.34 250
  endloop
 endfacet
 facet normal 0 0 -1
  outer loop
   vertex 33.2142 39.8596 250
   vertex 36.0222 43.4234 250
   vertex 38.531 41.5022 250
  endloop
 endfacet
 facet normal 0 0 -1
  outer loop
   vertex 33.2142 39.8596 250
   vertex 38.531 41.5022 250
   vertex 35.931 38.7342 250
  endloop
 endfacet
 facet normal 0 0 -1
  outer loop
   vertex 49.9149 -7.74925 250
   vertex 54.2712 -8.15608 250
   vertex 54.1321 -11.2374 250
  endloop
 endfacet
 facet normal 0 0 -1
  outer loop
   vertex 49.9149 -7.74925 250
   vertex 54.1321 -11.2374 250
   vertex 50.5033 -10.7352 250
  endloop
 endfacet
 facet normal 0 0 -1
  outer loop
   vertex 37.1792 -36.2956 250
   vertex 41.0621 -39.0879 250
   vertex 39.1469 -41.91 250
  endloop
 endfacet
 facet normal 0 -0 -1
  outer loop
   vertex 37.1792 -36.2956 250
   vertex 39.1469 -41.91 250
   vertex 35.4092 -38.993 250
  endloop
 endfacet
 facet normal 0 0 -1
  outer loop
   vertex 39.1924 33.9381 250
   vertex 42.6877 36.883 250
   vertex 44.646 34.4949 250
  endloop
 endfacet
 facet normal 0 0 -1
  outer loop
   vertex 39.1924 33.9381 250
   vertex 44.646 34.4949 250
   vertex 41.0391 31.6074 250
  endloop
 endfacet
 facet normal 0 0 -1
  outer loop
   vertex -13.4309 47.8934 250
   vertex -14.8157 52.4321 250
   vertex -11.7066 53.4755 250
  endloop
 endfacet
 facet normal 0 0 -1
  outer loop
   vertex -13.4309 47.8934 250
   vertex -11.7066 53.4755 250
   vertex -10.5287 48.9518 250
  endloop
 endfacet
 facet normal -0 0 -1
  outer loop
   vertex 19.0907 -38.5484 250
   vertex 16.6753 -40.7699 250
   vertex 16.1336 -34.894 250
  endloop
 endfacet
 facet normal 0 -0 -1
  outer loop
   vertex 23.0651 -46.7354 250
   vertex 24.5692 -50.9652 250
   vertex 21.6812 -52.1205 250
  endloop
 endfacet
 facet normal 0 0 -1
  outer loop
   vertex 23.0651 -46.7354 250
   vertex 21.6812 -52.1205 250
   vertex 20.0937 -47.8618 250
  endloop
 endfacet
 facet normal 0 -0 -1
  outer loop
   vertex 26.5557 -45.6924 250
   vertex 27.2778 -49.7133 250
   vertex 24.5692 -50.9652 250
  endloop
 endfacet
 facet normal 0 0 -1
  outer loop
   vertex 26.5557 -45.6924 250
   vertex 24.5692 -50.9652 250
   vertex 23.0651 -46.7354 250
  endloop
 endfacet
 facet normal 0 0 -1
  outer loop
   vertex 38.9226 -33.6077 250
   vertex 42.9071 -36.2794 250
   vertex 41.0621 -39.0879 250
  endloop
 endfacet
 facet normal 0 -0 -1
  outer loop
   vertex 38.9226 -33.6077 250
   vertex 41.0621 -39.0879 250
   vertex 37.1792 -36.2956 250
  endloop
 endfacet
 facet normal 0 0 -1
  outer loop
   vertex 53.1824 9.34406 250
   vertex 58.2572 9.03756 250
   vertex 58.4752 5.37459 250
  endloop
 endfacet
 facet normal 0 0 -1
  outer loop
   vertex 53.1824 9.34406 250
   vertex 58.4752 5.37459 250
   vertex 53.3865 5.57405 250
  endloop
 endfacet
 facet normal 0 -0 -1
  outer loop
   vertex 16.1336 -34.894 250
   vertex 16.6753 -40.7699 250
   vertex 13.7733 -42.0427 250
  endloop
 endfacet
 facet normal 0 0 -1
  outer loop
   vertex 16.1336 -34.894 250
   vertex 13.7733 -42.0427 250
   vertex 12.2947 -35.6683 250
  endloop
 endfacet
 facet normal 0 0 -1
  outer loop
   vertex 33.6309 -41.7622 250
   vertex 37.1623 -44.7645 250
   vertex 35.1412 -47.7035 250
  endloop
 endfacet
 facet normal 0 -0 -1
  outer loop
   vertex 33.6309 -41.7622 250
   vertex 35.1412 -47.7035 250
   vertex 31.8095 -44.4727 250
  endloop
 endfacet
 facet normal 0 0 -1
  outer loop
   vertex 35.4092 -38.993 250
   vertex 39.1469 -41.91 250
   vertex 37.1623 -44.7645 250
  endloop
 endfacet
 facet normal 0 -0 -1
  outer loop
   vertex 35.4092 -38.993 250
   vertex 37.1623 -44.7645 250
   vertex 33.6309 -41.7622 250
  endloop
 endfacet
 facet normal -0 0 -1
  outer loop
   vertex -40.1652 -30.5432 250
   vertex -44.1701 -33.2114 250
   vertex -45.9325 -30.5342 250
  endloop
 endfacet
 facet normal 0 0 -1
  outer loop
   vertex -40.1652 -30.5432 250
   vertex -45.9325 -30.5342 250
   vertex -41.9842 -27.8547 250
  endloop
 endfacet
 facet normal 0 -0 -1
  outer loop
   vertex 17.2966 -48.9481 250
   vertex 18.7628 -53.1961 250
   vertex 15.8008 -54.1719 250
  endloop
 endfacet
 facet normal 0 0 -1
  outer loop
   vertex 17.2966 -48.9481 250
   vertex 15.8008 -54.1719 250
   vertex 14.5478 -49.9585 250
  endloop
 endfacet
 facet normal 0 0 -1
  outer loop
   vertex -27.3752 46.8981 250
   vertex -24.1507 48.4161 250
   vertex -22.3735 43.834 250
  endloop
 endfacet
 facet normal 0 0 -1
  outer loop
   vertex -27.3752 46.8981 250
   vertex -22.3735 43.834 250
   vertex -25.7011 42.2758 250
  endloop
 endfacet
 facet normal 0 0 -1
  outer loop
   vertex -51.5927 -92.3113 250
   vertex -54.9533 -88.302 250
   vertex -50.3922 -87.1878 250
  endloop
 endfacet
 facet normal 0 0 -1
  outer loop
   vertex -51.5927 -92.3113 250
   vertex -50.3922 -87.1878 250
   vertex -47.0987 -89.8982 250
  endloop
 endfacet
 facet normal 0 0 -1
  outer loop
   vertex -20.144 -34.6999 250
   vertex -23.454 -33.876 250
   vertex -18.713 -30.5552 250
  endloop
 endfacet
 facet normal 0 0 -1
  outer loop
   vertex -18.713 -30.5552 250
   vertex -23.454 -33.876 250
   vertex -25.7017 -31.665 250
  endloop
 endfacet
 facet normal -0 0 -1
  outer loop
   vertex -18.713 -30.5552 250
   vertex -25.7017 -31.665 250
   vertex -21.6864 -28.0269 250
  endloop
 endfacet
 facet normal 0 0 -1
  outer loop
   vertex -39.3004 17.2929 250
   vertex -38.9223 19.8612 250
   vertex -35.7711 16.5616 250
  endloop
 endfacet
 facet normal 0 0 -1
  outer loop
   vertex 30.3397 46.9203 250
   vertex 33.3084 45.3278 250
   vertex 30.6238 41.4446 250
  endloop
 endfacet
 facet normal 0 -0 -1
  outer loop
   vertex 30.3397 46.9203 250
   vertex 30.6238 41.4446 250
   vertex 27.591 42.9689 250
  endloop
 endfacet
 facet normal 0 -0 -1
  outer loop
   vertex 53.3865 5.57405 250
   vertex 53.7016 1.94299 250
   vertex 48.9252 2.04928 250
  endloop
 endfacet
 facet normal 0 0 -1
  outer loop
   vertex 53.3865 5.57405 250
   vertex 48.9252 2.04928 250
   vertex 48.4727 5.51015 250
  endloop
 endfacet
 facet normal 0 0 -1
  outer loop
   vertex -35.7711 16.5616 250
   vertex -38.9223 19.8612 250
   vertex -37.0704 21.7048 250
  endloop
 endfacet
 facet normal 0 0 -1
  outer loop
   vertex -35.7711 16.5616 250
   vertex -37.0704 21.7048 250
   vertex -33.6339 19.089 250
  endloop
 endfacet
 facet normal 0 0 -1
  outer loop
   vertex -25.3876 -47.4575 250
   vertex -28.0987 -46.0168 250
   vertex -25.5688 -42.5361 250
  endloop
 endfacet
 facet normal 0 0 -1
  outer loop
   vertex -25.3876 -47.4575 250
   vertex -25.5688 -42.5361 250
   vertex -22.7928 -44.3868 250
  endloop
 endfacet
 facet normal 0 0 -1
  outer loop
   vertex 8.46334 51.6539 250
   vertex 8.79597 55.4744 250
   vertex 12.1122 54.9852 250
  endloop
 endfacet
 facet normal 0 0 -1
  outer loop
   vertex 8.46334 51.6539 250
   vertex 12.1122 54.9852 250
   vertex 11.3852 50.645 250
  endloop
 endfacet
 facet normal 0 0 -1
  outer loop
   vertex 35.931 38.7342 250
   vertex 38.531 41.5022 250
   vertex 40.661 39.2288 250
  endloop
 endfacet
 facet normal 0 0 -1
  outer loop
   vertex 35.931 38.7342 250
   vertex 40.661 39.2288 250
   vertex 37.4269 36.3114 250
  endloop
 endfacet
 facet normal -0 0 -1
  outer loop
   vertex -19.3015 -50.2913 250
   vertex -23.4419 -52.4779 250
   vertex -23.0883 -48.8237 250
  endloop
 endfacet
 facet normal 0 0 -1
  outer loop
   vertex -19.3015 -50.2913 250
   vertex -23.0883 -48.8237 250
   vertex -20.3729 -46.875 250
  endloop
 endfacet
 facet normal 0 0 -1
  outer loop
   vertex 20.4065 44.4188 250
   vertex 21.148 48.7604 250
   vertex 24.4131 48.4701 250
  endloop
 endfacet
 facet normal 0 0 -1
  outer loop
   vertex 20.4065 44.4188 250
   vertex 24.4131 48.4701 250
   vertex 24.2289 44.525 250
  endloop
 endfacet
 facet normal 0 0 -1
  outer loop
   vertex -38.9224 26.1386 250
   vertex -43.0845 28.4768 250
   vertex -41.2108 31.1299 250
  endloop
 endfacet
 facet normal 0 0 -1
  outer loop
   vertex -38.9224 26.1386 250
   vertex -41.2108 31.1299 250
   vertex -37.0041 28.4951 250
  endloop
 endfacet
 facet normal 0 0 -1
  outer loop
   vertex -32.0253 -33.0188 250
   vertex -36.8928 -36.764 250
   vertex -38.441 -33.4406 250
  endloop
 endfacet
 facet normal -0 0 -1
  outer loop
   vertex -32.0253 -33.0188 250
   vertex -38.441 -33.4406 250
   vertex -34.1273 -30.2227 250
  endloop
 endfacet
 facet normal 0 0 -1
  outer loop
   vertex -36.1898 -27.5716 250
   vertex -40.1652 -30.5432 250
   vertex -41.9842 -27.8547 250
  endloop
 endfacet
 facet normal -0 0 -1
  outer loop
   vertex -36.1898 -27.5716 250
   vertex -41.9842 -27.8547 250
   vertex -38.1879 -25.0143 250
  endloop
 endfacet
 facet normal 0 0 -1
  outer loop
   vertex -45.5697 7.9147 250
   vertex -50.4295 8.84693 250
   vertex -49.8779 11.9148 250
  endloop
 endfacet
 facet normal 0 0 -1
  outer loop
   vertex -45.5697 7.9147 250
   vertex -49.8779 11.9148 250
   vertex -45.2926 10.8292 250
  endloop
 endfacet
 facet normal 0 0 -1
  outer loop
   vertex -31.9912 40.6072 250
   vertex -36.1792 41.3551 250
   vertex -35.5131 45.2245 250
  endloop
 endfacet
 facet normal 0 0 -1
  outer loop
   vertex -31.9912 40.6072 250
   vertex -35.5131 45.2245 250
   vertex -32.623 43.7667 250
  endloop
 endfacet
 facet normal -0 0 -1
  outer loop
   vertex -42.5741 -20.6131 250
   vertex -45.7212 -22.69 250
   vertex -47.3407 -19.8011 250
  endloop
 endfacet
 facet normal 0 0 -1
  outer loop
   vertex -42.5741 -20.6131 250
   vertex -47.3407 -19.8011 250
   vertex -43.6028 -17.5617 250
  endloop
 endfacet
 facet normal 0 0 -1
  outer loop
   vertex -12.0225 43.7738 250
   vertex -13.4309 47.8934 250
   vertex -10.5287 48.9518 250
  endloop
 endfacet
 facet normal 0 0 -1
  outer loop
   vertex -12.0225 43.7738 250
   vertex -10.5287 48.9518 250
   vertex -9.3852 44.9705 250
  endloop
 endfacet
 facet normal 0 0 -1
  outer loop
   vertex 43.8158 -15.0514 250
   vertex 49.2211 -16.9267 250
   vertex 47.0883 -20.0038 250
  endloop
 endfacet
 facet normal 0 -0 -1
  outer loop
   vertex 43.8158 -15.0514 250
   vertex 47.0883 -20.0038 250
   vertex 42.4399 -18.0814 250
  endloop
 endfacet
 facet normal 0 0 -1
  outer loop
   vertex 42.4399 -18.0814 250
   vertex 47.0883 -20.0038 250
   vertex 45.4461 -22.9039 250
  endloop
 endfacet
 facet normal 0 -0 -1
  outer loop
   vertex 42.4399 -18.0814 250
   vertex 45.4461 -22.9039 250
   vertex 41.2943 -20.9995 250
  endloop
 endfacet
 facet normal 0 0 -1
  outer loop
   vertex 16.9225 44.6836 250
   vertex 17.8283 49.1939 250
   vertex 21.148 48.7604 250
  endloop
 endfacet
 facet normal 0 0 -1
  outer loop
   vertex 16.9225 44.6836 250
   vertex 21.148 48.7604 250
   vertex 20.4065 44.4188 250
  endloop
 endfacet
 facet normal 0 -0 -1
  outer loop
   vertex 2.1842 -47.7067 250
   vertex 2.52423 -52.1722 250
   vertex -0.833499 -52.3755 250
  endloop
 endfacet
 facet normal -0 0 -1
  outer loop
   vertex 2.1842 -47.7067 250
   vertex -0.833499 -52.3755 250
   vertex -1.11266 -47.5308 250
  endloop
 endfacet
 facet normal 0 -0 -1
  outer loop
   vertex 13.5379 -46.5845 250
   vertex 14.5478 -49.9585 250
   vertex 11.6816 -50.616 250
  endloop
 endfacet
 facet normal 0 0 -1
  outer loop
   vertex 13.5379 -46.5845 250
   vertex 11.6816 -50.616 250
   vertex 10.7474 -46.6164 250
  endloop
 endfacet
 facet normal 0 0 -1
  outer loop
   vertex -18.1246 35.2234 250
   vertex -15.9718 37.5981 250
   vertex -15.2466 32.1581 250
  endloop
 endfacet
 facet normal 0 -0 -1
  outer loop
   vertex 18.3137 -43.975 250
   vertex 20.0937 -47.8618 250
   vertex 17.2966 -48.9481 250
  endloop
 endfacet
 facet normal 0 0 -1
  outer loop
   vertex 18.3137 -43.975 250
   vertex 17.2966 -48.9481 250
   vertex 15.8 -45.1197 250
  endloop
 endfacet
 facet normal 0 -0 -1
  outer loop
   vertex 20.8016 -42.5607 250
   vertex 23.0651 -46.7354 250
   vertex 20.0937 -47.8618 250
  endloop
 endfacet
 facet normal 0 0 -1
  outer loop
   vertex 20.8016 -42.5607 250
   vertex 20.0937 -47.8618 250
   vertex 18.3137 -43.975 250
  endloop
 endfacet
 facet normal 0 0 -1
  outer loop
   vertex 35.0547 -30.9862 250
   vertex 38.9226 -33.6077 250
   vertex 37.1792 -36.2956 250
  endloop
 endfacet
 facet normal 0 -0 -1
  outer loop
   vertex 35.0547 -30.9862 250
   vertex 37.1792 -36.2956 250
   vertex 33.3885 -33.5616 250
  endloop
 endfacet
 facet normal 0 -0 -1
  outer loop
   vertex -8.10221 -47.7533 250
   vertex -8.06745 -52.5604 250
   vertex -11.7071 -52.6073 250
  endloop
 endfacet
 facet normal 0 0 -1
  outer loop
   vertex -8.10221 -47.7533 250
   vertex -11.7071 -52.6073 250
   vertex -11.7681 -47.9709 250
  endloop
 endfacet
 facet normal 0 0 -1
  outer loop
   vertex -34.1273 -30.2227 250
   vertex -38.441 -33.4406 250
   vertex -40.1652 -30.5432 250
  endloop
 endfacet
 facet normal -0 0 -1
  outer loop
   vertex -34.1273 -30.2227 250
   vertex -40.1652 -30.5432 250
   vertex -36.1898 -27.5716 250
  endloop
 endfacet
 facet normal 0 0 -1
  outer loop
   vertex -20.3729 -46.875 250
   vertex -23.0883 -48.8237 250
   vertex -25.3876 -47.4575 250
  endloop
 endfacet
 facet normal -0 0 -1
  outer loop
   vertex -20.3729 -46.875 250
   vertex -25.3876 -47.4575 250
   vertex -22.7928 -44.3868 250
  endloop
 endfacet
 facet normal 0 0 -1
  outer loop
   vertex -40.2602 -22.6319 250
   vertex -43.8393 -25.2821 250
   vertex -45.7212 -22.69 250
  endloop
 endfacet
 facet normal -0 0 -1
  outer loop
   vertex -40.2602 -22.6319 250
   vertex -45.7212 -22.69 250
   vertex -42.5741 -20.6131 250
  endloop
 endfacet
 facet normal 0 0 -1
  outer loop
   vertex -14.7706 42.4758 250
   vertex -16.3221 46.6819 250
   vertex -13.4309 47.8934 250
  endloop
 endfacet
 facet normal 0 0 -1
  outer loop
   vertex -14.7706 42.4758 250
   vertex -13.4309 47.8934 250
   vertex -12.0225 43.7738 250
  endloop
 endfacet
 facet normal 0 0 -1
  outer loop
   vertex -38.1879 -25.0143 250
   vertex -41.9842 -27.8547 250
   vertex -43.8393 -25.2821 250
  endloop
 endfacet
 facet normal -0 0 -1
  outer loop
   vertex -38.1879 -25.0143 250
   vertex -43.8393 -25.2821 250
   vertex -40.2602 -22.6319 250
  endloop
 endfacet
 facet normal 0 0 -1
  outer loop
   vertex 24.2289 44.525 250
   vertex 27.649 48.5163 250
   vertex 30.3397 46.9203 250
  endloop
 endfacet
 facet normal 0 0 -1
  outer loop
   vertex 24.2289 44.525 250
   vertex 30.3397 46.9203 250
   vertex 27.591 42.9689 250
  endloop
 endfacet
 facet normal 0 0 -1
  outer loop
   vertex -44.07 16.2446 250
   vertex -48.3337 17.6664 250
   vertex -47.3376 20.4355 250
  endloop
 endfacet
 facet normal 0 0 -1
  outer loop
   vertex -44.07 16.2446 250
   vertex -47.3376 20.4355 250
   vertex -43.1404 18.819 250
  endloop
 endfacet
 facet normal 0 0 -1
  outer loop
   vertex 30.1895 -38.965 250
   vertex 33.6309 -41.7622 250
   vertex 31.8095 -44.4727 250
  endloop
 endfacet
 facet normal 0 -0 -1
  outer loop
   vertex 30.1895 -38.965 250
   vertex 31.8095 -44.4727 250
   vertex 28.4538 -41.8545 250
  endloop
 endfacet
 facet normal 0 0 -1
  outer loop
   vertex 2.66552 46.1176 250
   vertex 2.22407 50.7002 250
   vertex 5.42386 50.9817 250
  endloop
 endfacet
 facet normal 0 0 -1
  outer loop
   vertex 2.66552 46.1176 250
   vertex 5.42386 50.9817 250
   vertex 6.31012 46.9176 250
  endloop
 endfacet
 facet normal 0 0 -1
  outer loop
   vertex -3.99255 45.918 250
   vertex -4.39055 50.1892 250
   vertex -1.09472 50.4746 250
  endloop
 endfacet
 facet normal 0 0 -1
  outer loop
   vertex -3.99255 45.918 250
   vertex -1.09472 50.4746 250
   vertex -0.749158 45.8635 250
  endloop
 endfacet
 facet normal 0 0 -1
  outer loop
   vertex -15.2466 32.1581 250
   vertex -15.9718 37.5981 250
   vertex -13.1857 38.5521 250
  endloop
 endfacet
 facet normal 0 0 -1
  outer loop
   vertex -15.2466 32.1581 250
   vertex -13.1857 38.5521 250
   vertex -11.6585 33.8077 250
  endloop
 endfacet
 facet normal 0 0 -1
  outer loop
   vertex 44.7407 -11.7892 250
   vertex 49.5571 -13.5448 250
   vertex 49.2211 -16.9267 250
  endloop
 endfacet
 facet normal 0 -0 -1
  outer loop
   vertex 44.7407 -11.7892 250
   vertex 49.2211 -16.9267 250
   vertex 43.8158 -15.0514 250
  endloop
 endfacet
 facet normal 0 0 -1
  outer loop
   vertex 47.611 12.8392 250
   vertex 53.1162 13.4446 250
   vertex 53.1824 9.34406 250
  endloop
 endfacet
 facet normal 0 0 -1
  outer loop
   vertex 47.611 12.8392 250
   vertex 53.1824 9.34406 250
   vertex 48.0389 9.09488 250
  endloop
 endfacet
 facet normal 0 0 -1
  outer loop
   vertex -20.4257 39.2707 250
   vertex -22.3735 43.834 250
   vertex -19.2825 45.34 250
  endloop
 endfacet
 facet normal 0 0 -1
  outer loop
   vertex -20.4257 39.2707 250
   vertex -19.2825 45.34 250
   vertex -17.6054 41.1036 250
  endloop
 endfacet
 facet normal 0 0 -1
  outer loop
   vertex -43.1404 18.819 250
   vertex -47.3376 20.4355 250
   vertex -46.1431 23.1485 250
  endloop
 endfacet
 facet normal 0 0 -1
  outer loop
   vertex -43.1404 18.819 250
   vertex -46.1431 23.1485 250
   vertex -42.1221 21.3723 250
  endloop
 endfacet
 facet normal 0 -0 -1
  outer loop
   vertex 5.2074 -48.2283 250
   vertex 5.70799 -51.9317 250
   vertex 2.52423 -52.1722 250
  endloop
 endfacet
 facet normal -0 0 -1
  outer loop
   vertex 5.2074 -48.2283 250
   vertex 2.52423 -52.1722 250
   vertex 2.1842 -47.7067 250
  endloop
 endfacet
 facet normal 0 0 -1
  outer loop
   vertex 44.6727 19.734 250
   vertex 48.1814 21.9218 250
   vertex 49.8726 19.2838 250
  endloop
 endfacet
 facet normal 0 0 -1
  outer loop
   vertex 44.6727 19.734 250
   vertex 49.8726 19.2838 250
   vertex 46.746 16.7655 250
  endloop
 endfacet
 facet normal 0 0 -1
  outer loop
   vertex -26.12 -37.3946 250
   vertex -28.4733 -41.0112 250
   vertex -31.3366 -39.6995 250
  endloop
 endfacet
 facet normal -0 0 -1
  outer loop
   vertex -26.12 -37.3946 250
   vertex -31.3366 -39.6995 250
   vertex -29.6468 -35.9479 250
  endloop
 endfacet
 facet normal 0 0 -1
  outer loop
   vertex -0.749158 45.8635 250
   vertex -1.09472 50.4746 250
   vertex 2.22407 50.7002 250
  endloop
 endfacet
 facet normal 0 0 -1
  outer loop
   vertex -0.749158 45.8635 250
   vertex 2.22407 50.7002 250
   vertex 2.66552 46.1176 250
  endloop
 endfacet
 facet normal 0 0 -1
  outer loop
   vertex -29.6468 -35.9479 250
   vertex -34.3807 -38.7386 250
   vertex -36.8928 -36.764 250
  endloop
 endfacet
 facet normal -0 0 -1
  outer loop
   vertex -29.6468 -35.9479 250
   vertex -36.8928 -36.764 250
   vertex -32.0253 -33.0188 250
  endloop
 endfacet
 facet normal 0 0 -1
  outer loop
   vertex 43.4938 22.5563 250
   vertex 46.4829 24.5487 250
   vertex 48.1814 21.9218 250
  endloop
 endfacet
 facet normal 0 0 -1
  outer loop
   vertex 43.4938 22.5563 250
   vertex 48.1814 21.9218 250
   vertex 44.6727 19.734 250
  endloop
 endfacet
 facet normal 0 -0 -1
  outer loop
   vertex -1.11266 -47.5308 250
   vertex -0.833499 -52.3755 250
   vertex -4.42058 -52.6398 250
  endloop
 endfacet
 facet normal 0 0 -1
  outer loop
   vertex -1.11266 -47.5308 250
   vertex -4.42058 -52.6398 250
   vertex -4.58107 -47.6681 250
  endloop
 endfacet
 facet normal 0 0 -1
  outer loop
   vertex -32.3816 37.0861 250
   vertex -30.5799 38.3625 250
   vertex -30.7494 35.2629 250
  endloop
 endfacet
 facet normal 0 -0 -1
  outer loop
   vertex 15.8 -45.1197 250
   vertex 17.2966 -48.9481 250
   vertex 14.5478 -49.9585 250
  endloop
 endfacet
 facet normal 0 0 -1
  outer loop
   vertex 15.8 -45.1197 250
   vertex 14.5478 -49.9585 250
   vertex 13.5379 -46.5845 250
  endloop
 endfacet
 facet normal 0 0 -1
  outer loop
   vertex -42.1221 21.3723 250
   vertex -46.1431 23.1485 250
   vertex -44.7005 25.828 250
  endloop
 endfacet
 facet normal 0 0 -1
  outer loop
   vertex -42.1221 21.3723 250
   vertex -44.7005 25.828 250
   vertex -40.6426 23.7786 250
  endloop
 endfacet
 facet normal 0 0 -1
  outer loop
   vertex 40.74 -23.9438 250
   vertex 44.0189 -25.724 250
   vertex 42.3806 -28.3549 250
  endloop
 endfacet
 facet normal 0 -0 -1
  outer loop
   vertex 40.74 -23.9438 250
   vertex 42.3806 -28.3549 250
   vertex 38.6448 -26.0387 250
  endloop
 endfacet
 facet normal 0 0 -1
  outer loop
   vertex 39.413 26.6552 250
   vertex 42.8622 29.2697 250
   vertex 44.6808 26.9303 250
  endloop
 endfacet
 facet normal 0 0 -1
  outer loop
   vertex 39.413 26.6552 250
   vertex 44.6808 26.9303 250
   vertex 41.2734 24.4627 250
  endloop
 endfacet
 facet normal 0 0 -1
  outer loop
   vertex 45.1106 -4.61169 250
   vertex 49.5921 -4.6449 250
   vertex 49.9149 -7.74925 250
  endloop
 endfacet
 facet normal 0 0 -1
  outer loop
   vertex 45.1106 -4.61169 250
   vertex 49.9149 -7.74925 250
   vertex 45.8924 -8.27993 250
  endloop
 endfacet
 facet normal 0 0 -1
  outer loop
   vertex -34.8861 30.9239 250
   vertex -38.9789 33.8336 250
   vertex -36.1978 36.6096 250
  endloop
 endfacet
 facet normal 0 0 -1
  outer loop
   vertex -34.8861 30.9239 250
   vertex -36.1978 36.6096 250
   vertex -32.6481 33.1716 250
  endloop
 endfacet
 facet normal 0 0 -1
  outer loop
   vertex -30.7494 35.2629 250
   vertex -30.5799 38.3625 250
   vertex -28.1774 38.8683 250
  endloop
 endfacet
 facet normal 0 0 -1
  outer loop
   vertex -30.7494 35.2629 250
   vertex -28.1774 38.8683 250
   vertex -26.9067 34.5177 250
  endloop
 endfacet
 facet normal -0 0 -1
  outer loop
   vertex -43.6028 -17.5617 250
   vertex -47.3407 -19.8011 250
   vertex -48.8964 -16.8568 250
  endloop
 endfacet
 facet normal 0 0 -1
  outer loop
   vertex -43.6028 -17.5617 250
   vertex -48.8964 -16.8568 250
   vertex -45.2557 -14.3393 250
  endloop
 endfacet
 facet normal 0 0 -1
  outer loop
   vertex 28.8784 37.9111 250
   vertex 30.6238 41.4446 250
   vertex 33.2142 39.8596 250
  endloop
 endfacet
 facet normal 0 0 -1
  outer loop
   vertex 28.8784 37.9111 250
   vertex 33.2142 39.8596 250
   vertex 31.5299 36.4311 250
  endloop
 endfacet
 facet normal 0 -0 -1
  outer loop
   vertex 31.9611 28.1281 250
   vertex 34.6426 26.5449 250
   vertex 29.5559 24.623 250
  endloop
 endfacet
 facet normal 0 0 -1
  outer loop
   vertex 46.746 16.7655 250
   vertex 51.9477 16.8098 250
   vertex 53.1162 13.4446 250
  endloop
 endfacet
 facet normal 0 0 -1
  outer loop
   vertex 46.746 16.7655 250
   vertex 53.1162 13.4446 250
   vertex 47.611 12.8392 250
  endloop
 endfacet
 facet normal 0 0 -1
  outer loop
   vertex 29.5559 24.623 250
   vertex 34.6426 26.5449 250
   vertex 36.2036 24.0116 250
  endloop
 endfacet
 facet normal 0 0 -1
  outer loop
   vertex 29.5559 24.623 250
   vertex 36.2036 24.0116 250
   vertex 31.4096 21.306 250
  endloop
 endfacet
 facet normal 0 0 -1
  outer loop
   vertex -22.874 -38.886 250
   vertex -25.5688 -42.5361 250
   vertex -28.4733 -41.0112 250
  endloop
 endfacet
 facet normal -0 0 -1
  outer loop
   vertex -22.874 -38.886 250
   vertex -28.4733 -41.0112 250
   vertex -26.12 -37.3946 250
  endloop
 endfacet
 facet normal -0 0 -1
  outer loop
   vertex 15.8 -45.1197 250
   vertex 13.5379 -46.5845 250
   vertex 13.7733 -42.0427 250
  endloop
 endfacet
 facet normal 0 0 -1
  outer loop
   vertex 44.8535 -1.24428 250
   vertex 49.2621 -1.34153 250
   vertex 49.5921 -4.6449 250
  endloop
 endfacet
 facet normal 0 0 -1
  outer loop
   vertex 44.8535 -1.24428 250
   vertex 49.5921 -4.6449 250
   vertex 45.1106 -4.61169 250
  endloop
 endfacet
 facet normal 0 -0 -1
  outer loop
   vertex -11.7681 -47.9709 250
   vertex -11.7071 -52.6073 250
   vertex -15.2171 -52.9113 250
  endloop
 endfacet
 facet normal 0 0 -1
  outer loop
   vertex -11.7681 -47.9709 250
   vertex -15.2171 -52.9113 250
   vertex -15.6576 -48.8015 250
  endloop
 endfacet
 facet normal 0 0 -1
  outer loop
   vertex 36.8125 -28.457 250
   vertex 40.6515 -30.9612 250
   vertex 38.9226 -33.6077 250
  endloop
 endfacet
 facet normal 0 -0 -1
  outer loop
   vertex 36.8125 -28.457 250
   vertex 38.9226 -33.6077 250
   vertex 35.0547 -30.9862 250
  endloop
 endfacet
 facet normal 0 -0 -1
  outer loop
   vertex 7.9051 -47.1737 250
   vertex 8.74101 -51.2886 250
   vertex 5.70799 -51.9317 250
  endloop
 endfacet
 facet normal 0 0 -1
  outer loop
   vertex 7.9051 -47.1737 250
   vertex 5.70799 -51.9317 250
   vertex 5.2074 -48.2283 250
  endloop
 endfacet
 facet normal 0 0 -1
  outer loop
   vertex 44.7589 1.9567 250
   vertex 48.9252 2.04928 250
   vertex 49.2621 -1.34153 250
  endloop
 endfacet
 facet normal 0 0 -1
  outer loop
   vertex 44.7589 1.9567 250
   vertex 49.2621 -1.34153 250
   vertex 44.8535 -1.24428 250
  endloop
 endfacet
 facet normal 0 0 -1
  outer loop
   vertex -40.6426 23.7786 250
   vertex -44.7005 25.828 250
   vertex -43.0845 28.4768 250
  endloop
 endfacet
 facet normal 0 0 -1
  outer loop
   vertex -40.6426 23.7786 250
   vertex -43.0845 28.4768 250
   vertex -38.9224 26.1386 250
  endloop
 endfacet
 facet normal 0 0 -1
  outer loop
   vertex 37.6031 28.9626 250
   vertex 41.0391 31.6074 250
   vertex 42.8622 29.2697 250
  endloop
 endfacet
 facet normal 0 0 -1
  outer loop
   vertex 37.6031 28.9626 250
   vertex 42.8622 29.2697 250
   vertex 39.413 26.6552 250
  endloop
 endfacet
 facet normal 0 0 -1
  outer loop
   vertex 38.6448 -26.0387 250
   vertex 42.3806 -28.3549 250
   vertex 40.6515 -30.9612 250
  endloop
 endfacet
 facet normal 0 -0 -1
  outer loop
   vertex 38.6448 -26.0387 250
   vertex 40.6515 -30.9612 250
   vertex 36.8125 -28.457 250
  endloop
 endfacet
 facet normal 0 0 -1
  outer loop
   vertex -44.8994 13.6104 250
   vertex -49.2155 14.8555 250
   vertex -48.3337 17.6664 250
  endloop
 endfacet
 facet normal 0 0 -1
  outer loop
   vertex -44.8994 13.6104 250
   vertex -48.3337 17.6664 250
   vertex -44.07 16.2446 250
  endloop
 endfacet
 facet normal 0 0 -1
  outer loop
   vertex 33.5364 33.6455 250
   vertex 37.4269 36.3114 250
   vertex 39.1924 33.9381 250
  endloop
 endfacet
 facet normal 0 0 -1
  outer loop
   vertex 33.5364 33.6455 250
   vertex 39.1924 33.9381 250
   vertex 35.5656 31.1882 250
  endloop
 endfacet
 facet normal 0 0 -1
  outer loop
   vertex 41.2734 24.4627 250
   vertex 44.6808 26.9303 250
   vertex 46.4829 24.5487 250
  endloop
 endfacet
 facet normal 0 0 -1
  outer loop
   vertex 41.2734 24.4627 250
   vertex 46.4829 24.5487 250
   vertex 43.4938 22.5563 250
  endloop
 endfacet
 facet normal 0 0 -1
  outer loop
   vertex -9.3852 44.9705 250
   vertex -10.5287 48.9518 250
   vertex -7.55892 49.8221 250
  endloop
 endfacet
 facet normal 0 0 -1
  outer loop
   vertex -9.3852 44.9705 250
   vertex -7.55892 49.8221 250
   vertex -6.92829 46.2906 250
  endloop
 endfacet
 facet normal 0 -0 -1
  outer loop
   vertex -4.58107 -47.6681 250
   vertex -4.42058 -52.6398 250
   vertex -8.06745 -52.5604 250
  endloop
 endfacet
 facet normal 0 0 -1
  outer loop
   vertex -4.58107 -47.6681 250
   vertex -8.06745 -52.5604 250
   vertex -8.10221 -47.7533 250
  endloop
 endfacet
 facet normal 0 0 -1
  outer loop
   vertex -45.2926 10.8292 250
   vertex -49.8779 11.9148 250
   vertex -49.2155 14.8555 250
  endloop
 endfacet
 facet normal 0 0 -1
  outer loop
   vertex -45.2926 10.8292 250
   vertex -49.2155 14.8555 250
   vertex -44.8994 13.6104 250
  endloop
 endfacet
 facet normal 0 0 -1
  outer loop
   vertex -45.8391 1.6255 250
   vertex -52.2366 2.04512 250
   vertex -51.0601 5.60238 250
  endloop
 endfacet
 facet normal 0 0 -1
  outer loop
   vertex -45.8391 1.6255 250
   vertex -51.0601 5.60238 250
   vertex -45.7696 4.85822 250
  endloop
 endfacet
 facet normal 0 0 -1
  outer loop
   vertex 35.5656 31.1882 250
   vertex 39.1924 33.9381 250
   vertex 41.0391 31.6074 250
  endloop
 endfacet
 facet normal 0 0 -1
  outer loop
   vertex 35.5656 31.1882 250
   vertex 41.0391 31.6074 250
   vertex 37.6031 28.9626 250
  endloop
 endfacet
 facet normal 0 0 -1
  outer loop
   vertex -28.9571 41.782 250
   vertex -30.3903 45.3872 250
   vertex -27.3752 46.8981 250
  endloop
 endfacet
 facet normal 0 0 -1
  outer loop
   vertex -28.9571 41.782 250
   vertex -27.3752 46.8981 250
   vertex -25.7011 42.2758 250
  endloop
 endfacet
 facet normal 0 0 -1
  outer loop
   vertex -37.0041 28.4951 250
   vertex -41.2108 31.1299 250
   vertex -38.9789 33.8336 250
  endloop
 endfacet
 facet normal 0 0 -1
  outer loop
   vertex -37.0041 28.4951 250
   vertex -38.9789 33.8336 250
   vertex -34.8861 30.9239 250
  endloop
 endfacet
 facet normal 0 0 -1
  outer loop
   vertex 13.7733 -42.0427 250
   vertex 13.5379 -46.5845 250
   vertex 10.7474 -46.6164 250
  endloop
 endfacet
 facet normal 0 0 -1
  outer loop
   vertex 13.7733 -42.0427 250
   vertex 10.7474 -46.6164 250
   vertex 9.97668 -42.2935 250
  endloop
 endfacet
 facet normal 0 0 -1
  outer loop
   vertex 10.0864 45.8852 250
   vertex 11.3852 50.645 250
   vertex 14.5644 49.8426 250
  endloop
 endfacet
 facet normal 0 0 -1
  outer loop
   vertex 10.0864 45.8852 250
   vertex 14.5644 49.8426 250
   vertex 13.5356 45.1726 250
  endloop
 endfacet
 facet normal 0 -0 -1
  outer loop
   vertex 23.1435 -41.0818 250
   vertex 26.5557 -45.6924 250
   vertex 23.0651 -46.7354 250
  endloop
 endfacet
 facet normal 0 0 -1
  outer loop
   vertex 23.1435 -41.0818 250
   vertex 23.0651 -46.7354 250
   vertex 20.8016 -42.5607 250
  endloop
 endfacet
 facet normal 0 0 -1
  outer loop
   vertex -40.2602 -22.6319 250
   vertex -42.5741 -20.6131 250
   vertex -37.5395 -19.4364 250
  endloop
 endfacet
 facet normal 0 0 -1
  outer loop
   vertex 13.5356 45.1726 250
   vertex 14.5644 49.8426 250
   vertex 17.8283 49.1939 250
  endloop
 endfacet
 facet normal 0 0 -1
  outer loop
   vertex 13.5356 45.1726 250
   vertex 17.8283 49.1939 250
   vertex 16.9225 44.6836 250
  endloop
 endfacet
 facet normal 0 0 -1
  outer loop
   vertex 41.2943 -20.9995 250
   vertex 45.4461 -22.9039 250
   vertex 44.0189 -25.724 250
  endloop
 endfacet
 facet normal 0 -0 -1
  outer loop
   vertex 41.2943 -20.9995 250
   vertex 44.0189 -25.724 250
   vertex 40.74 -23.9438 250
  endloop
 endfacet
 facet normal 0 0 -1
  outer loop
   vertex -17.6054 41.1036 250
   vertex -19.2825 45.34 250
   vertex -16.3221 46.6819 250
  endloop
 endfacet
 facet normal 0 0 -1
  outer loop
   vertex -17.6054 41.1036 250
   vertex -16.3221 46.6819 250
   vertex -14.7706 42.4758 250
  endloop
 endfacet
 facet normal 0 0 -1
  outer loop
   vertex 48.0389 9.09488 250
   vertex 53.1824 9.34406 250
   vertex 53.3865 5.57405 250
  endloop
 endfacet
 facet normal 0 0 -1
  outer loop
   vertex 48.0389 9.09488 250
   vertex 53.3865 5.57405 250
   vertex 48.4727 5.51015 250
  endloop
 endfacet
 facet normal 0 0 -1
  outer loop
   vertex 31.813 -36.2447 250
   vertex 35.4092 -38.993 250
   vertex 33.6309 -41.7622 250
  endloop
 endfacet
 facet normal 0 -0 -1
  outer loop
   vertex 31.813 -36.2447 250
   vertex 33.6309 -41.7622 250
   vertex 30.1895 -38.965 250
  endloop
 endfacet
 facet normal 0 -0 -1
  outer loop
   vertex 10.7474 -46.6164 250
   vertex 11.6816 -50.616 250
   vertex 8.74101 -51.2886 250
  endloop
 endfacet
 facet normal 0 0 -1
  outer loop
   vertex 10.7474 -46.6164 250
   vertex 8.74101 -51.2886 250
   vertex 7.9051 -47.1737 250
  endloop
 endfacet
 facet normal 0 -0 -1
  outer loop
   vertex 68.2616 -80.6293 250
   vertex 71.344 -83.7259 250
   vertex 67.4593 -86.8864 250
  endloop
 endfacet
 facet normal 0 0 -1
  outer loop
   vertex 68.2616 -80.6293 250
   vertex 67.4593 -86.8864 250
   vertex 64.1019 -84.1337 250
  endloop
 endfacet
 facet normal -0 0 -1
  outer loop
   vertex -48.8644 -6.22973 250
   vertex -53.3538 -6.85841 250
   vertex -54.5658 -3.30863 250
  endloop
 endfacet
 facet normal 0 0 -1
  outer loop
   vertex -48.8644 -6.22973 250
   vertex -54.5658 -3.30863 250
   vertex -50.1073 -2.25258 250
  endloop
 endfacet
 facet normal 0 0 -1
  outer loop
   vertex -49.951 93.2259 250
   vertex -44.7655 93.893 250
   vertex -46.2712 89.4719 250
  endloop
 endfacet
 facet normal 0 -0 -1
  outer loop
   vertex -49.951 93.2259 250
   vertex -46.2712 89.4719 250
   vertex -50.3206 88.1704 250
  endloop
 endfacet
 facet normal 0 0 -1
  outer loop
   vertex 33.3885 -33.5616 250
   vertex 37.1792 -36.2956 250
   vertex 35.4092 -38.993 250
  endloop
 endfacet
 facet normal 0 -0 -1
  outer loop
   vertex 33.3885 -33.5616 250
   vertex 35.4092 -38.993 250
   vertex 31.813 -36.2447 250
  endloop
 endfacet
 facet normal 0 0 -1
  outer loop
   vertex -26.724 -69.6826 250
   vertex -30.4843 -69.3848 250
   vertex -26.1671 -65.0009 250
  endloop
 endfacet
 facet normal 0 0 -1
  outer loop
   vertex -45.7696 4.85822 250
   vertex -51.0601 5.60238 250
   vertex -50.4295 8.84693 250
  endloop
 endfacet
 facet normal 0 0 -1
  outer loop
   vertex -45.7696 4.85822 250
   vertex -50.4295 8.84693 250
   vertex -45.5697 7.9147 250
  endloop
 endfacet
 facet normal 0 0 -1
  outer loop
   vertex -32.623 43.7667 250
   vertex -30.3903 45.3872 250
   vertex -28.9571 41.782 250
  endloop
 endfacet
 facet normal 0 0 -1
  outer loop
   vertex -32.623 43.7667 250
   vertex -28.9571 41.782 250
   vertex -31.9912 40.6072 250
  endloop
 endfacet
 facet normal 0 0 -1
  outer loop
   vertex -22.7928 -44.3868 250
   vertex -25.5688 -42.5361 250
   vertex -22.874 -38.886 250
  endloop
 endfacet
 facet normal 0 0 -1
  outer loop
   vertex -22.7928 -44.3868 250
   vertex -22.874 -38.886 250
   vertex -19.657 -40.7371 250
  endloop
 endfacet
 facet normal -0 0 -1
  outer loop
   vertex -37.5395 -19.4364 250
   vertex -42.5741 -20.6131 250
   vertex -43.6028 -17.5617 250
  endloop
 endfacet
 facet normal 0 0 -1
  outer loop
   vertex -37.5395 -19.4364 250
   vertex -43.6028 -17.5617 250
   vertex -38.9775 -15.5338 250
  endloop
 endfacet
 facet normal 0 0 -1
  outer loop
   vertex -9.3852 44.9705 250
   vertex -6.92829 46.2906 250
   vertex -7.76444 42.0859 250
  endloop
 endfacet
 facet normal 0 0 -1
  outer loop
   vertex 27.591 42.9689 250
   vertex 30.6238 41.4446 250
   vertex 28.8784 37.9111 250
  endloop
 endfacet
 facet normal 0 -0 -1
  outer loop
   vertex 27.591 42.9689 250
   vertex 28.8784 37.9111 250
   vertex 25.5906 39.1577 250
  endloop
 endfacet
 facet normal 0 0 -1
  outer loop
   vertex -7.76444 42.0859 250
   vertex -6.92829 46.2906 250
   vertex -3.99255 45.918 250
  endloop
 endfacet
 facet normal 0 0 -1
  outer loop
   vertex -7.76444 42.0859 250
   vertex -3.99255 45.918 250
   vertex -4.24371 41.2992 250
  endloop
 endfacet
 facet normal 0 -0 -1
  outer loop
   vertex 48.4727 5.51015 250
   vertex 48.9252 2.04928 250
   vertex 44.7589 1.9567 250
  endloop
 endfacet
 facet normal 0 0 -1
  outer loop
   vertex 48.4727 5.51015 250
   vertex 44.7589 1.9567 250
   vertex 44.0346 5.11183 250
  endloop
 endfacet
 facet normal 0 0 -1
  outer loop
   vertex -50.1073 -2.25258 250
   vertex -52.2366 2.04512 250
   vertex -45.8391 1.6255 250
  endloop
 endfacet
 facet normal 0 0 -1
  outer loop
   vertex -50.1073 -2.25258 250
   vertex -45.8391 1.6255 250
   vertex -45.4223 -1.73634 250
  endloop
 endfacet
 facet normal 0 0 -1
  outer loop
   vertex -25.7011 42.2758 250
   vertex -22.3735 43.834 250
   vertex -20.4257 39.2707 250
  endloop
 endfacet
 facet normal 0 0 -1
  outer loop
   vertex -25.7011 42.2758 250
   vertex -20.4257 39.2707 250
   vertex -23.4372 37.1098 250
  endloop
 endfacet
 facet normal -0 0 -1
  outer loop
   vertex 28.4538 -41.8545 250
   vertex 26.5557 -45.6924 250
   vertex 23.1435 -41.0818 250
  endloop
 endfacet
 facet normal 0 0 -1
  outer loop
   vertex 28.4538 -41.8545 250
   vertex 23.1435 -41.0818 250
   vertex 25.4971 -38.4071 250
  endloop
 endfacet
 facet normal 0 0 -1
  outer loop
   vertex -6.92829 46.2906 250
   vertex -7.55892 49.8221 250
   vertex -4.39055 50.1892 250
  endloop
 endfacet
 facet normal 0 0 -1
  outer loop
   vertex -6.92829 46.2906 250
   vertex -4.39055 50.1892 250
   vertex -3.99255 45.918 250
  endloop
 endfacet
 facet normal 0 0 -1
  outer loop
   vertex -103.181 5.1416 250
   vertex -106.292 5.69516 250
   vertex -105.283 9.63993 250
  endloop
 endfacet
 facet normal 0 0 -1
  outer loop
   vertex -103.181 5.1416 250
   vertex -105.283 9.63993 250
   vertex -100.415 7.89063 250
  endloop
 endfacet
 facet normal 0 0 -1
  outer loop
   vertex -37.0704 21.7048 250
   vertex -40.6426 23.7786 250
   vertex -38.9224 26.1386 250
  endloop
 endfacet
 facet normal 0 0 -1
  outer loop
   vertex -37.0704 21.7048 250
   vertex -38.9224 26.1386 250
   vertex -35.1499 23.8059 250
  endloop
 endfacet
 facet normal 0 0 -1
  outer loop
   vertex 19.3836 39.7788 250
   vertex 20.4065 44.4188 250
   vertex 24.2289 44.525 250
  endloop
 endfacet
 facet normal 0 0 -1
  outer loop
   vertex 19.3836 39.7788 250
   vertex 24.2289 44.525 250
   vertex 22.7108 39.5101 250
  endloop
 endfacet
 facet normal 0 0 -1
  outer loop
   vertex -16.2481 -43.4586 250
   vertex -20.3729 -46.875 250
   vertex -22.7928 -44.3868 250
  endloop
 endfacet
 facet normal -0 0 -1
  outer loop
   vertex -16.2481 -43.4586 250
   vertex -22.7928 -44.3868 250
   vertex -19.657 -40.7371 250
  endloop
 endfacet
 facet normal 0 0 -1
  outer loop
   vertex -30.5799 38.3625 250
   vertex -31.9912 40.6072 250
   vertex -28.9571 41.782 250
  endloop
 endfacet
 facet normal 0 0 -1
  outer loop
   vertex -30.5799 38.3625 250
   vertex -28.9571 41.782 250
   vertex -28.1774 38.8683 250
  endloop
 endfacet
 facet normal -0 0 -1
  outer loop
   vertex -38.9775 -15.5338 250
   vertex -43.6028 -17.5617 250
   vertex -45.2557 -14.3393 250
  endloop
 endfacet
 facet normal 0 0 -1
  outer loop
   vertex -38.9775 -15.5338 250
   vertex -45.2557 -14.3393 250
   vertex -40.6423 -12.0281 250
  endloop
 endfacet
 facet normal 0 0 -1
  outer loop
   vertex 12.7535 40.2943 250
   vertex 13.5356 45.1726 250
   vertex 16.9225 44.6836 250
  endloop
 endfacet
 facet normal 0 0 -1
  outer loop
   vertex 12.7535 40.2943 250
   vertex 16.9225 44.6836 250
   vertex 16.0444 40.0183 250
  endloop
 endfacet
 facet normal 0 -0 -1
  outer loop
   vertex -4.69016 -43.0365 250
   vertex -4.58107 -47.6681 250
   vertex -8.10221 -47.7533 250
  endloop
 endfacet
 facet normal 0 0 -1
  outer loop
   vertex -4.69016 -43.0365 250
   vertex -8.10221 -47.7533 250
   vertex -8.03307 -43.2735 250
  endloop
 endfacet
 facet normal 0 0 -1
  outer loop
   vertex 38.2585 -16.6962 250
   vertex 42.4399 -18.0814 250
   vertex 41.2943 -20.9995 250
  endloop
 endfacet
 facet normal 0 -0 -1
  outer loop
   vertex 38.2585 -16.6962 250
   vertex 41.2943 -20.9995 250
   vertex 37.3328 -20.1673 250
  endloop
 endfacet
 facet normal 0 0 -1
  outer loop
   vertex 16.0444 40.0183 250
   vertex 16.9225 44.6836 250
   vertex 20.4065 44.4188 250
  endloop
 endfacet
 facet normal 0 0 -1
  outer loop
   vertex 16.0444 40.0183 250
   vertex 20.4065 44.4188 250
   vertex 19.3836 39.7788 250
  endloop
 endfacet
 facet normal 0 0 -1
  outer loop
   vertex 2.34053 -42.8778 250
   vertex 2.1842 -47.7067 250
   vertex -1.11266 -47.5308 250
  endloop
 endfacet
 facet normal -0 0 -1
  outer loop
   vertex 2.34053 -42.8778 250
   vertex -1.11266 -47.5308 250
   vertex -1.26736 -42.8188 250
  endloop
 endfacet
 facet normal 0 0 -1
  outer loop
   vertex -32.6481 33.1716 250
   vertex -36.1978 36.6096 250
   vertex -32.3816 37.0861 250
  endloop
 endfacet
 facet normal 0 0 -1
  outer loop
   vertex -32.6481 33.1716 250
   vertex -32.3816 37.0861 250
   vertex -30.7494 35.2629 250
  endloop
 endfacet
 facet normal 0 0 -1
  outer loop
   vertex 36.2036 24.0116 250
   vertex 39.413 26.6552 250
   vertex 41.2734 24.4627 250
  endloop
 endfacet
 facet normal 0 0 -1
  outer loop
   vertex 36.2036 24.0116 250
   vertex 41.2734 24.4627 250
   vertex 38.6901 21.5631 250
  endloop
 endfacet
 facet normal 0 -0 -1
  outer loop
   vertex 16.6753 -40.7699 250
   vertex 18.3137 -43.975 250
   vertex 15.8 -45.1197 250
  endloop
 endfacet
 facet normal 0 0 -1
  outer loop
   vertex 16.6753 -40.7699 250
   vertex 15.8 -45.1197 250
   vertex 13.7733 -42.0427 250
  endloop
 endfacet
 facet normal 0 -0 -1
  outer loop
   vertex 19.0907 -38.5484 250
   vertex 20.8016 -42.5607 250
   vertex 18.3137 -43.975 250
  endloop
 endfacet
 facet normal 0 0 -1
  outer loop
   vertex 19.0907 -38.5484 250
   vertex 18.3137 -43.975 250
   vertex 16.6753 -40.7699 250
  endloop
 endfacet
 facet normal 0 0 -1
  outer loop
   vertex -41.1872 7.25524 250
   vertex -45.5697 7.9147 250
   vertex -45.2926 10.8292 250
  endloop
 endfacet
 facet normal 0 0 -1
  outer loop
   vertex -41.1872 7.25524 250
   vertex -45.2926 10.8292 250
   vertex -41.1278 10.0203 250
  endloop
 endfacet
 facet normal 0 0 -1
  outer loop
   vertex 2.61259 40.9011 250
   vertex 2.66552 46.1176 250
   vertex 6.31012 46.9176 250
  endloop
 endfacet
 facet normal 0 0 -1
  outer loop
   vertex 2.61259 40.9011 250
   vertex 6.31012 46.9176 250
   vertex 6.02263 40.8277 250
  endloop
 endfacet
 facet normal 0 0 -1
  outer loop
   vertex -41.3364 4.33028 250
   vertex -45.7696 4.85822 250
   vertex -45.5697 7.9147 250
  endloop
 endfacet
 facet normal 0 0 -1
  outer loop
   vertex -41.3364 4.33028 250
   vertex -45.5697 7.9147 250
   vertex -41.1872 7.25524 250
  endloop
 endfacet
 facet normal 0 0 -1
  outer loop
   vertex 27.1187 32.9567 250
   vertex 31.5299 36.4311 250
   vertex 33.5364 33.6455 250
  endloop
 endfacet
 facet normal 0 0 -1
  outer loop
   vertex 27.1187 32.9567 250
   vertex 33.5364 33.6455 250
   vertex 29.6417 30.3792 250
  endloop
 endfacet
 facet normal 0 0 -1
  outer loop
   vertex 28.3547 -33.5746 250
   vertex 31.813 -36.2447 250
   vertex 30.1895 -38.965 250
  endloop
 endfacet
 facet normal 0 -0 -1
  outer loop
   vertex 28.3547 -33.5746 250
   vertex 30.1895 -38.965 250
   vertex 26.9754 -36.134 250
  endloop
 endfacet
 facet normal 0 0 -1
  outer loop
   vertex 31.2902 -28.375 250
   vertex 35.0547 -30.9862 250
   vertex 33.3885 -33.5616 250
  endloop
 endfacet
 facet normal 0 -0 -1
  outer loop
   vertex 31.2902 -28.375 250
   vertex 33.3885 -33.5616 250
   vertex 29.7805 -30.984 250
  endloop
 endfacet
 facet normal 0 0 -1
  outer loop
   vertex -35.1499 23.8059 250
   vertex -38.9224 26.1386 250
   vertex -37.0041 28.4951 250
  endloop
 endfacet
 facet normal 0 0 -1
  outer loop
   vertex -35.1499 23.8059 250
   vertex -37.0041 28.4951 250
   vertex -33.1844 26.0734 250
  endloop
 endfacet
 facet normal 0 0 -1
  outer loop
   vertex -41.4798 12.7006 250
   vertex -44.8994 13.6104 250
   vertex -44.07 16.2446 250
  endloop
 endfacet
 facet normal 0 0 -1
  outer loop
   vertex -41.4798 12.7006 250
   vertex -44.07 16.2446 250
   vertex -40.2719 14.9377 250
  endloop
 endfacet
 facet normal 0 0 -1
  outer loop
   vertex -30.3969 -27.0246 250
   vertex -34.1273 -30.2227 250
   vertex -36.1898 -27.5716 250
  endloop
 endfacet
 facet normal -0 0 -1
  outer loop
   vertex -30.3969 -27.0246 250
   vertex -36.1898 -27.5716 250
   vertex -32.4599 -24.4517 250
  endloop
 endfacet
 facet normal 0 0 -1
  outer loop
   vertex -25.7017 -31.665 250
   vertex -29.6468 -35.9479 250
   vertex -32.0253 -33.0188 250
  endloop
 endfacet
 facet normal -0 0 -1
  outer loop
   vertex -25.7017 -31.665 250
   vertex -32.0253 -33.0188 250
   vertex -28.099 -29.387 250
  endloop
 endfacet
 facet normal 0 0 -1
  outer loop
   vertex -32.4599 -24.4517 250
   vertex -36.1898 -27.5716 250
   vertex -38.1879 -25.0143 250
  endloop
 endfacet
 facet normal -0 0 -1
  outer loop
   vertex -32.4599 -24.4517 250
   vertex -38.1879 -25.0143 250
   vertex -34.7553 -21.9083 250
  endloop
 endfacet
 facet normal 0 0 -1
  outer loop
   vertex -13.1857 38.5521 250
   vertex -14.7706 42.4758 250
   vertex -12.0225 43.7738 250
  endloop
 endfacet
 facet normal 0 0 -1
  outer loop
   vertex -13.1857 38.5521 250
   vertex -12.0225 43.7738 250
   vertex -10.4559 40.0136 250
  endloop
 endfacet
 facet normal 0 0 -1
  outer loop
   vertex 26.9754 -36.134 250
   vertex 30.1895 -38.965 250
   vertex 28.4538 -41.8545 250
  endloop
 endfacet
 facet normal 0 -0 -1
  outer loop
   vertex 26.9754 -36.134 250
   vertex 28.4538 -41.8545 250
   vertex 25.4971 -38.4071 250
  endloop
 endfacet
 facet normal 0 0 -1
  outer loop
   vertex -40.2719 14.9377 250
   vertex -44.07 16.2446 250
   vertex -43.1404 18.819 250
  endloop
 endfacet
 facet normal 0 0 -1
  outer loop
   vertex -40.2719 14.9377 250
   vertex -43.1404 18.819 250
   vertex -39.3004 17.2929 250
  endloop
 endfacet
 facet normal 0 -0 -1
  outer loop
   vertex 9.97668 -42.2935 250
   vertex 10.7474 -46.6164 250
   vertex 7.9051 -47.1737 250
  endloop
 endfacet
 facet normal 0 0 -1
  outer loop
   vertex 9.97668 -42.2935 250
   vertex 7.9051 -47.1737 250
   vertex 6.40217 -43.4922 250
  endloop
 endfacet
 facet normal 0 0 -1
  outer loop
   vertex 39.745 -10.6275 250
   vertex 44.7407 -11.7892 250
   vertex 43.8158 -15.0514 250
  endloop
 endfacet
 facet normal 0 0 -1
  outer loop
   vertex 39.745 -10.6275 250
   vertex 43.8158 -15.0514 250
   vertex 39.8155 -13.8739 250
  endloop
 endfacet
 facet normal 0 0 -1
  outer loop
   vertex 43.4108 11.8802 250
   vertex 47.611 12.8392 250
   vertex 48.0389 9.09488 250
  endloop
 endfacet
 facet normal 0 0 -1
  outer loop
   vertex 43.4108 11.8802 250
   vertex 48.0389 9.09488 250
   vertex 43.4721 8.48367 250
  endloop
 endfacet
 facet normal 0 0 -1
  outer loop
   vertex 40.7553 -0.855468 250
   vertex 44.8535 -1.24428 250
   vertex 45.1106 -4.61169 250
  endloop
 endfacet
 facet normal 0 -0 -1
  outer loop
   vertex 40.7553 -0.855468 250
   vertex 45.1106 -4.61169 250
   vertex 40.2515 -4.00496 250
  endloop
 endfacet
 facet normal 0 0 -1
  outer loop
   vertex 43.4721 8.48367 250
   vertex 48.0389 9.09488 250
   vertex 48.4727 5.51015 250
  endloop
 endfacet
 facet normal 0 0 -1
  outer loop
   vertex 43.4721 8.48367 250
   vertex 48.4727 5.51015 250
   vertex 44.0346 5.11183 250
  endloop
 endfacet
 facet normal 0 0 -1
  outer loop
   vertex -39.3004 17.2929 250
   vertex -43.1404 18.819 250
   vertex -42.1221 21.3723 250
  endloop
 endfacet
 facet normal 0 0 -1
  outer loop
   vertex -39.3004 17.2929 250
   vertex -42.1221 21.3723 250
   vertex -38.9223 19.8612 250
  endloop
 endfacet
 facet normal 0 0 -1
  outer loop
   vertex 6.40217 -43.4922 250
   vertex 5.2074 -48.2283 250
   vertex 2.1842 -47.7067 250
  endloop
 endfacet
 facet normal -0 0 -1
  outer loop
   vertex 6.40217 -43.4922 250
   vertex 2.1842 -47.7067 250
   vertex 2.34053 -42.8778 250
  endloop
 endfacet
 facet normal 0 0 -1
  outer loop
   vertex 40.0714 17.9108 250
   vertex 44.6727 19.734 250
   vertex 46.746 16.7655 250
  endloop
 endfacet
 facet normal 0 0 -1
  outer loop
   vertex 40.0714 17.9108 250
   vertex 46.746 16.7655 250
   vertex 41.5717 14.7462 250
  endloop
 endfacet
 facet normal 0 0 -1
  outer loop
   vertex -33.1844 26.0734 250
   vertex -37.0041 28.4951 250
   vertex -34.8861 30.9239 250
  endloop
 endfacet
 facet normal 0 0 -1
  outer loop
   vertex -33.1844 26.0734 250
   vertex -34.8861 30.9239 250
   vertex -31.162 28.4893 250
  endloop
 endfacet
 facet normal 0 0 -1
  outer loop
   vertex -0.79988 41.0398 250
   vertex -0.749158 45.8635 250
   vertex 2.66552 46.1176 250
  endloop
 endfacet
 facet normal 0 0 -1
  outer loop
   vertex -0.79988 41.0398 250
   vertex 2.66552 46.1176 250
   vertex 2.61259 40.9011 250
  endloop
 endfacet
 facet normal 0 0 -1
  outer loop
   vertex -31.162 28.4893 250
   vertex -34.8861 30.9239 250
   vertex -32.6481 33.1716 250
  endloop
 endfacet
 facet normal 0 0 -1
  outer loop
   vertex -31.162 28.4893 250
   vertex -32.6481 33.1716 250
   vertex -29.0652 31.097 250
  endloop
 endfacet
 facet normal 0 0 -1
  outer loop
   vertex 38.6901 21.5631 250
   vertex 43.4938 22.5563 250
   vertex 44.6727 19.734 250
  endloop
 endfacet
 facet normal 0 0 -1
  outer loop
   vertex 38.6901 21.5631 250
   vertex 44.6727 19.734 250
   vertex 40.0714 17.9108 250
  endloop
 endfacet
 facet normal 0 0 -1
  outer loop
   vertex -41.1278 10.0203 250
   vertex -45.2926 10.8292 250
   vertex -44.8994 13.6104 250
  endloop
 endfacet
 facet normal 0 0 -1
  outer loop
   vertex -41.1278 10.0203 250
   vertex -44.8994 13.6104 250
   vertex -41.4798 12.7006 250
  endloop
 endfacet
 facet normal 0 0 -1
  outer loop
   vertex -11.6347 -43.1639 250
   vertex -11.7681 -47.9709 250
   vertex -15.6576 -48.8015 250
  endloop
 endfacet
 facet normal 0 0 -1
  outer loop
   vertex -11.6347 -43.1639 250
   vertex -15.6576 -48.8015 250
   vertex -16.2481 -43.4586 250
  endloop
 endfacet
 facet normal 0 0 -1
  outer loop
   vertex 34.8886 -23.0168 250
   vertex 38.6448 -26.0387 250
   vertex 36.8125 -28.457 250
  endloop
 endfacet
 facet normal 0 -0 -1
  outer loop
   vertex 34.8886 -23.0168 250
   vertex 36.8125 -28.457 250
   vertex 32.9344 -25.721 250
  endloop
 endfacet
 facet normal 0 0 -1
  outer loop
   vertex 37.3328 -20.1673 250
   vertex 40.74 -23.9438 250
   vertex 38.6448 -26.0387 250
  endloop
 endfacet
 facet normal 0 -0 -1
  outer loop
   vertex 37.3328 -20.1673 250
   vertex 38.6448 -26.0387 250
   vertex 34.8886 -23.0168 250
  endloop
 endfacet
 facet normal 0 -0 -1
  outer loop
   vertex 33.2142 39.8596 250
   vertex 35.931 38.7342 250
   vertex 31.5299 36.4311 250
  endloop
 endfacet
 facet normal 0 0 -1
  outer loop
   vertex 26.0079 36.147 250
   vertex 28.8784 37.9111 250
   vertex 31.5299 36.4311 250
  endloop
 endfacet
 facet normal 0 0 -1
  outer loop
   vertex 26.0079 36.147 250
   vertex 31.5299 36.4311 250
   vertex 27.1187 32.9567 250
  endloop
 endfacet
 facet normal 0 0 -1
  outer loop
   vertex 40.1097 -7.35894 250
   vertex 45.8924 -8.27993 250
   vertex 44.7407 -11.7892 250
  endloop
 endfacet
 facet normal 0 -0 -1
  outer loop
   vertex 40.1097 -7.35894 250
   vertex 44.7407 -11.7892 250
   vertex 39.745 -10.6275 250
  endloop
 endfacet
 facet normal 0 0 -1
  outer loop
   vertex 41.5717 14.7462 250
   vertex 46.746 16.7655 250
   vertex 47.611 12.8392 250
  endloop
 endfacet
 facet normal 0 0 -1
  outer loop
   vertex 41.5717 14.7462 250
   vertex 47.611 12.8392 250
   vertex 43.4108 11.8802 250
  endloop
 endfacet
 facet normal 0 0 -1
  outer loop
   vertex -34.7553 -21.9083 250
   vertex -38.1879 -25.0143 250
   vertex -40.2602 -22.6319 250
  endloop
 endfacet
 facet normal -0 0 -1
  outer loop
   vertex -34.7553 -21.9083 250
   vertex -40.2602 -22.6319 250
   vertex -37.5395 -19.4364 250
  endloop
 endfacet
 facet normal 0 0 -1
  outer loop
   vertex -20.144 -34.6999 250
   vertex -22.874 -38.886 250
   vertex -26.12 -37.3946 250
  endloop
 endfacet
 facet normal -0 0 -1
  outer loop
   vertex -20.144 -34.6999 250
   vertex -26.12 -37.3946 250
   vertex -23.454 -33.876 250
  endloop
 endfacet
 facet normal 0 0 -1
  outer loop
   vertex 32.9344 -25.721 250
   vertex 36.8125 -28.457 250
   vertex 35.0547 -30.9862 250
  endloop
 endfacet
 facet normal 0 -0 -1
  outer loop
   vertex 32.9344 -25.721 250
   vertex 35.0547 -30.9862 250
   vertex 31.2902 -28.375 250
  endloop
 endfacet
 facet normal 0 0 -1
  outer loop
   vertex 29.7805 -30.984 250
   vertex 33.3885 -33.5616 250
   vertex 31.813 -36.2447 250
  endloop
 endfacet
 facet normal 0 -0 -1
  outer loop
   vertex 29.7805 -30.984 250
   vertex 31.813 -36.2447 250
   vertex 28.3547 -33.5746 250
  endloop
 endfacet
 facet normal 0 0 -1
  outer loop
   vertex 41.6932 1.70319 250
   vertex 44.7589 1.9567 250
   vertex 44.8535 -1.24428 250
  endloop
 endfacet
 facet normal 0 -0 -1
  outer loop
   vertex 41.6932 1.70319 250
   vertex 44.8535 -1.24428 250
   vertex 40.7553 -0.855468 250
  endloop
 endfacet
 facet normal 0 0 -1
  outer loop
   vertex 6.02263 40.8277 250
   vertex 6.31012 46.9176 250
   vertex 10.0864 45.8852 250
  endloop
 endfacet
 facet normal 0 0 -1
  outer loop
   vertex 6.02263 40.8277 250
   vertex 10.0864 45.8852 250
   vertex 9.43395 40.6143 250
  endloop
 endfacet
 facet normal 0 0 -1
  outer loop
   vertex 29.6417 30.3792 250
   vertex 33.5364 33.6455 250
   vertex 35.5656 31.1882 250
  endloop
 endfacet
 facet normal 0 0 -1
  outer loop
   vertex 29.6417 30.3792 250
   vertex 35.5656 31.1882 250
   vertex 31.9611 28.1281 250
  endloop
 endfacet
 facet normal 0 0 -1
  outer loop
   vertex 31.5299 36.4311 250
   vertex 35.931 38.7342 250
   vertex 37.4269 36.3114 250
  endloop
 endfacet
 facet normal 0 0 -1
  outer loop
   vertex 31.5299 36.4311 250
   vertex 37.4269 36.3114 250
   vertex 33.5364 33.6455 250
  endloop
 endfacet
 facet normal 0 -0 -1
  outer loop
   vertex 34.9368 60.2969 250
   vertex 38.0985 59.8158 250
   vertex 34.3407 56.3677 250
  endloop
 endfacet
 facet normal 0 0 -1
  outer loop
   vertex 5.42386 50.9817 250
   vertex 8.46334 51.6539 250
   vertex 6.31012 46.9176 250
  endloop
 endfacet
 facet normal 0 0 -1
  outer loop
   vertex 6.31012 46.9176 250
   vertex 8.46334 51.6539 250
   vertex 11.3852 50.645 250
  endloop
 endfacet
 facet normal 0 0 -1
  outer loop
   vertex 6.31012 46.9176 250
   vertex 11.3852 50.645 250
   vertex 10.0864 45.8852 250
  endloop
 endfacet
 facet normal -0 0 -1
  outer loop
   vertex -40.6423 -12.0281 250
   vertex -45.2557 -14.3393 250
   vertex -48.0509 -10.822 250
  endloop
 endfacet
 facet normal 0 0 -1
  outer loop
   vertex -40.6423 -12.0281 250
   vertex -48.0509 -10.822 250
   vertex -42.5217 -8.55899 250
  endloop
 endfacet
 facet normal 0 0 -1
  outer loop
   vertex 31.9611 28.1281 250
   vertex 35.5656 31.1882 250
   vertex 37.6031 28.9626 250
  endloop
 endfacet
 facet normal 0 0 -1
  outer loop
   vertex 31.9611 28.1281 250
   vertex 37.6031 28.9626 250
   vertex 34.6426 26.5449 250
  endloop
 endfacet
 facet normal 0 -0 -1
  outer loop
   vertex -1.26736 -42.8188 250
   vertex -1.11266 -47.5308 250
   vertex -4.58107 -47.6681 250
  endloop
 endfacet
 facet normal 0 0 -1
  outer loop
   vertex -1.26736 -42.8188 250
   vertex -4.58107 -47.6681 250
   vertex -4.69016 -43.0365 250
  endloop
 endfacet
 facet normal 0 0 -1
  outer loop
   vertex -41.6623 1.41938 250
   vertex -45.8391 1.6255 250
   vertex -45.7696 4.85822 250
  endloop
 endfacet
 facet normal 0 0 -1
  outer loop
   vertex -41.6623 1.41938 250
   vertex -45.7696 4.85822 250
   vertex -41.3364 4.33028 250
  endloop
 endfacet
 facet normal 0 0 -1
  outer loop
   vertex -38.9223 19.8612 250
   vertex -42.1221 21.3723 250
   vertex -40.6426 23.7786 250
  endloop
 endfacet
 facet normal 0 0 -1
  outer loop
   vertex -38.9223 19.8612 250
   vertex -40.6426 23.7786 250
   vertex -37.0704 21.7048 250
  endloop
 endfacet
 facet normal 0 -0 -1
  outer loop
   vertex 49.9149 -7.74925 250
   vertex 50.5033 -10.7352 250
   vertex 45.8924 -8.27993 250
  endloop
 endfacet
 facet normal 0 0 -1
  outer loop
   vertex 9.43395 40.6143 250
   vertex 10.0864 45.8852 250
   vertex 13.5356 45.1726 250
  endloop
 endfacet
 facet normal 0 0 -1
  outer loop
   vertex 9.43395 40.6143 250
   vertex 13.5356 45.1726 250
   vertex 12.7535 40.2943 250
  endloop
 endfacet
 facet normal 0 0 -1
  outer loop
   vertex -18.1246 35.2234 250
   vertex -20.4257 39.2707 250
   vertex -17.6054 41.1036 250
  endloop
 endfacet
 facet normal 0 0 -1
  outer loop
   vertex -18.1246 35.2234 250
   vertex -17.6054 41.1036 250
   vertex -15.9718 37.5981 250
  endloop
 endfacet
 facet normal 0 0 -1
  outer loop
   vertex -28.099 -29.387 250
   vertex -32.0253 -33.0188 250
   vertex -34.1273 -30.2227 250
  endloop
 endfacet
 facet normal -0 0 -1
  outer loop
   vertex -28.099 -29.387 250
   vertex -34.1273 -30.2227 250
   vertex -30.3969 -27.0246 250
  endloop
 endfacet
 facet normal 0 -0 -1
  outer loop
   vertex 22.2477 -37.3208 250
   vertex 23.1435 -41.0818 250
   vertex 20.8016 -42.5607 250
  endloop
 endfacet
 facet normal 0 0 -1
  outer loop
   vertex 22.2477 -37.3208 250
   vertex 20.8016 -42.5607 250
   vertex 19.0907 -38.5484 250
  endloop
 endfacet
 facet normal 0 0 -1
  outer loop
   vertex 40.2515 -4.00496 250
   vertex 45.1106 -4.61169 250
   vertex 45.8924 -8.27993 250
  endloop
 endfacet
 facet normal 0 -0 -1
  outer loop
   vertex 40.2515 -4.00496 250
   vertex 45.8924 -8.27993 250
   vertex 40.1097 -7.35894 250
  endloop
 endfacet
 facet normal 0 0 -1
  outer loop
   vertex -8.03307 -43.2735 250
   vertex -8.10221 -47.7533 250
   vertex -11.7681 -47.9709 250
  endloop
 endfacet
 facet normal -0 0 -1
  outer loop
   vertex -8.03307 -43.2735 250
   vertex -11.7681 -47.9709 250
   vertex -11.6347 -43.1639 250
  endloop
 endfacet
 facet normal 0 -0 -1
  outer loop
   vertex 51.409 -89.706 250
   vertex 52.6561 -92.6128 250
   vertex 48.726 -93.8753 250
  endloop
 endfacet
 facet normal -0 0 -1
  outer loop
   vertex 51.409 -89.706 250
   vertex 48.726 -93.8753 250
   vertex 47.5671 -88.8504 250
  endloop
 endfacet
 facet normal 0 0 -1
  outer loop
   vertex -4.24371 41.2992 250
   vertex -3.99255 45.918 250
   vertex -0.749158 45.8635 250
  endloop
 endfacet
 facet normal 0 0 -1
  outer loop
   vertex -4.24371 41.2992 250
   vertex -0.749158 45.8635 250
   vertex -0.79988 41.0398 250
  endloop
 endfacet
 facet normal 0 0 -1
  outer loop
   vertex 39.8155 -13.8739 250
   vertex 43.8158 -15.0514 250
   vertex 42.4399 -18.0814 250
  endloop
 endfacet
 facet normal 0 -0 -1
  outer loop
   vertex 39.8155 -13.8739 250
   vertex 42.4399 -18.0814 250
   vertex 38.2585 -16.6962 250
  endloop
 endfacet
 facet normal -0 0 -1
  outer loop
   vertex -44.1452 -5.04139 250
   vertex -48.8644 -6.22973 250
   vertex -50.1073 -2.25258 250
  endloop
 endfacet
 facet normal 0 0 -1
  outer loop
   vertex -44.1452 -5.04139 250
   vertex -50.1073 -2.25258 250
   vertex -45.4223 -1.73634 250
  endloop
 endfacet
 facet normal 0 0 -1
  outer loop
   vertex 45.8924 -8.27993 250
   vertex 50.5033 -10.7352 250
   vertex 49.5571 -13.5448 250
  endloop
 endfacet
 facet normal 0 -0 -1
  outer loop
   vertex 45.8924 -8.27993 250
   vertex 49.5571 -13.5448 250
   vertex 44.7407 -11.7892 250
  endloop
 endfacet
 facet normal 0 0 -1
  outer loop
   vertex -10.4559 40.0136 250
   vertex -12.0225 43.7738 250
   vertex -9.3852 44.9705 250
  endloop
 endfacet
 facet normal 0 0 -1
  outer loop
   vertex -10.4559 40.0136 250
   vertex -9.3852 44.9705 250
   vertex -7.76444 42.0859 250
  endloop
 endfacet
 facet normal 0 0 -1
  outer loop
   vertex -45.4223 -1.73634 250
   vertex -45.8391 1.6255 250
   vertex -41.6623 1.41938 250
  endloop
 endfacet
 facet normal 0 0 -1
  outer loop
   vertex -45.4223 -1.73634 250
   vertex -41.6623 1.41938 250
   vertex -42.3103 -1.14837 250
  endloop
 endfacet
 facet normal 0 -0 -1
  outer loop
   vertex 44.0346 5.11183 250
   vertex 44.7589 1.9567 250
   vertex 41.6932 1.70319 250
  endloop
 endfacet
 facet normal 0 0 -1
  outer loop
   vertex 44.0346 5.11183 250
   vertex 41.6932 1.70319 250
   vertex 39.7579 4.11917 250
  endloop
 endfacet
 facet normal 0 -0 -1
  outer loop
   vertex 74.2439 12.2624 250
   vertex 76.8858 8.90781 250
   vertex 73.6286 7.85724 250
  endloop
 endfacet
 facet normal 0 0 -1
  outer loop
   vertex 74.2439 12.2624 250
   vertex 73.6286 7.85724 250
   vertex 69.9227 9.87457 250
  endloop
 endfacet
 facet normal 0 0 -1
  outer loop
   vertex 22.7108 39.5101 250
   vertex 24.2289 44.525 250
   vertex 27.591 42.9689 250
  endloop
 endfacet
 facet normal 0 0 -1
  outer loop
   vertex 22.7108 39.5101 250
   vertex 27.591 42.9689 250
   vertex 25.5906 39.1577 250
  endloop
 endfacet
 facet normal 0 0 -1
  outer loop
   vertex -28.1774 38.8683 250
   vertex -25.7011 42.2758 250
   vertex -23.4372 37.1098 250
  endloop
 endfacet
 facet normal 0 0 -1
  outer loop
   vertex -28.1774 38.8683 250
   vertex -23.4372 37.1098 250
   vertex -26.9067 34.5177 250
  endloop
 endfacet
 facet normal 0 0 -1
  outer loop
   vertex -19.657 -40.7371 250
   vertex -22.874 -38.886 250
   vertex -20.144 -34.6999 250
  endloop
 endfacet
 facet normal 0 0 -1
  outer loop
   vertex -19.657 -40.7371 250
   vertex -20.144 -34.6999 250
   vertex -16.8836 -35.8935 250
  endloop
 endfacet
 facet normal -0 0 -1
  outer loop
   vertex 53.048 -17.1079 250
   vertex 52.9485 -20.0105 250
   vertex 49.2211 -16.9267 250
  endloop
 endfacet
 facet normal 0 0 -1
  outer loop
   vertex -23.454 -33.876 250
   vertex -26.12 -37.3946 250
   vertex -29.6468 -35.9479 250
  endloop
 endfacet
 facet normal -0 0 -1
  outer loop
   vertex -23.454 -33.876 250
   vertex -29.6468 -35.9479 250
   vertex -25.7017 -31.665 250
  endloop
 endfacet
 facet normal 0 0 -1
  outer loop
   vertex -23.4372 37.1098 250
   vertex -20.4257 39.2707 250
   vertex -18.1246 35.2234 250
  endloop
 endfacet
 facet normal 0 0 -1
  outer loop
   vertex -23.4372 37.1098 250
   vertex -18.1246 35.2234 250
   vertex -20.6664 32.9346 250
  endloop
 endfacet
 facet normal 0 0 -1
  outer loop
   vertex 49.2211 -16.9267 250
   vertex 52.9485 -20.0105 250
   vertex 51.1806 -22.3958 250
  endloop
 endfacet
 facet normal 0 -0 -1
  outer loop
   vertex 49.2211 -16.9267 250
   vertex 51.1806 -22.3958 250
   vertex 47.0883 -20.0038 250
  endloop
 endfacet
 facet normal 0 0 -1
  outer loop
   vertex -10.9524 -32.6136 250
   vertex -6.99411 -34.3635 250
   vertex -10.1175 -38.3979 250
  endloop
 endfacet
 facet normal 0 -0 -1
  outer loop
   vertex -10.9524 -32.6136 250
   vertex -10.1175 -38.3979 250
   vertex -13.4508 -37.1036 250
  endloop
 endfacet
 facet normal 0 0 -1
  outer loop
   vertex 34.6426 26.5449 250
   vertex 37.6031 28.9626 250
   vertex 39.413 26.6552 250
  endloop
 endfacet
 facet normal 0 0 -1
  outer loop
   vertex 34.6426 26.5449 250
   vertex 39.413 26.6552 250
   vertex 36.2036 24.0116 250
  endloop
 endfacet
 facet normal 0 0 -1
  outer loop
   vertex -15.9718 37.5981 250
   vertex -17.6054 41.1036 250
   vertex -14.7706 42.4758 250
  endloop
 endfacet
 facet normal 0 0 -1
  outer loop
   vertex -15.9718 37.5981 250
   vertex -14.7706 42.4758 250
   vertex -13.1857 38.5521 250
  endloop
 endfacet
 facet normal 0 0 -1
  outer loop
   vertex -33.6339 19.089 250
   vertex -37.0704 21.7048 250
   vertex -35.1499 23.8059 250
  endloop
 endfacet
 facet normal 0 0 -1
  outer loop
   vertex -33.6339 19.089 250
   vertex -35.1499 23.8059 250
   vertex -31.6446 21.3804 250
  endloop
 endfacet
 facet normal 0 0 -1
  outer loop
   vertex -36.1792 41.3551 250
   vertex -40.673 43.4972 250
   vertex -39.252 46.9982 250
  endloop
 endfacet
 facet normal 0 0 -1
  outer loop
   vertex -36.1792 41.3551 250
   vertex -39.252 46.9982 250
   vertex -35.5131 45.2245 250
  endloop
 endfacet
 facet normal -0 0 -1
  outer loop
   vertex -34.4024 -12.843 250
   vertex -38.9775 -15.5338 250
   vertex -40.6423 -12.0281 250
  endloop
 endfacet
 facet normal 0 0 -1
  outer loop
   vertex -34.4024 -12.843 250
   vertex -40.6423 -12.0281 250
   vertex -36.2381 -9.73684 250
  endloop
 endfacet
 facet normal 0 0 -1
  outer loop
   vertex -4.33552 35.9705 250
   vertex -4.24371 41.2992 250
   vertex -0.79988 41.0398 250
  endloop
 endfacet
 facet normal 0 0 -1
  outer loop
   vertex -4.33552 35.9705 250
   vertex -0.79988 41.0398 250
   vertex -0.821125 36.0771 250
  endloop
 endfacet
 facet normal 0 0 -1
  outer loop
   vertex 15.3775 35.5949 250
   vertex 16.0444 40.0183 250
   vertex 19.3836 39.7788 250
  endloop
 endfacet
 facet normal 0 0 -1
  outer loop
   vertex 15.3775 35.5949 250
   vertex 19.3836 39.7788 250
   vertex 18.6456 35.4498 250
  endloop
 endfacet
 facet normal 0 -0 -1
  outer loop
   vertex -5.17202 -38.8961 250
   vertex -4.69016 -43.0365 250
   vertex -8.03307 -43.2735 250
  endloop
 endfacet
 facet normal 0 0 -1
  outer loop
   vertex -5.17202 -38.8961 250
   vertex -8.03307 -43.2735 250
   vertex -7.76772 -40.0947 250
  endloop
 endfacet
 facet normal 0 0 -1
  outer loop
   vertex -30.5102 -18.7309 250
   vertex -34.7553 -21.9083 250
   vertex -37.5395 -19.4364 250
  endloop
 endfacet
 facet normal -0 0 -1
  outer loop
   vertex -30.5102 -18.7309 250
   vertex -37.5395 -19.4364 250
   vertex -32.527 -15.8954 250
  endloop
 endfacet
 facet normal -0 0 -1
  outer loop
   vertex -5.17202 -38.8961 250
   vertex -7.76772 -40.0947 250
   vertex -10.1175 -38.3979 250
  endloop
 endfacet
 facet normal 0 0 -1
  outer loop
   vertex -5.17202 -38.8961 250
   vertex -10.1175 -38.3979 250
   vertex -6.99411 -34.3635 250
  endloop
 endfacet
 facet normal 0 0 -1
  outer loop
   vertex 31.4096 21.306 250
   vertex 36.2036 24.0116 250
   vertex 38.6901 21.5631 250
  endloop
 endfacet
 facet normal 0 0 -1
  outer loop
   vertex 31.4096 21.306 250
   vertex 38.6901 21.5631 250
   vertex 33.422 18.2927 250
  endloop
 endfacet
 facet normal 0 0 -1
  outer loop
   vertex 9.02356 35.7061 250
   vertex 9.43395 40.6143 250
   vertex 12.7535 40.2943 250
  endloop
 endfacet
 facet normal 0 0 -1
  outer loop
   vertex 9.02356 35.7061 250
   vertex 12.7535 40.2943 250
   vertex 12.2196 35.6323 250
  endloop
 endfacet
 facet normal 0 0 -1
  outer loop
   vertex 35.9487 -2.98658 250
   vertex 40.2515 -4.00496 250
   vertex 40.1097 -7.35894 250
  endloop
 endfacet
 facet normal 0 -0 -1
  outer loop
   vertex 35.9487 -2.98658 250
   vertex 40.1097 -7.35894 250
   vertex 35.297 -6.64761 250
  endloop
 endfacet
 facet normal 0 0 -1
  outer loop
   vertex -37.1678 6.79257 250
   vertex -41.1872 7.25524 250
   vertex -41.1278 10.0203 250
  endloop
 endfacet
 facet normal 0 0 -1
  outer loop
   vertex -37.1678 6.79257 250
   vertex -41.1278 10.0203 250
   vertex -37.6009 10.2025 250
  endloop
 endfacet
 facet normal 0 0 -1
  outer loop
   vertex -38.8316 -39.9563 250
   vertex -41.3188 -38.5329 250
   vertex -36.8928 -36.764 250
  endloop
 endfacet
 facet normal 0 0 -1
  outer loop
   vertex 26.2682 26.5011 250
   vertex 29.6417 30.3792 250
   vertex 31.9611 28.1281 250
  endloop
 endfacet
 facet normal 0 0 -1
  outer loop
   vertex 26.2682 26.5011 250
   vertex 31.9611 28.1281 250
   vertex 29.5559 24.623 250
  endloop
 endfacet
 facet normal 0 0 -1
  outer loop
   vertex 23.3057 28.4685 250
   vertex 27.1187 32.9567 250
   vertex 29.6417 30.3792 250
  endloop
 endfacet
 facet normal 0 0 -1
  outer loop
   vertex 23.3057 28.4685 250
   vertex 29.6417 30.3792 250
   vertex 26.2682 26.5011 250
  endloop
 endfacet
 facet normal 0 0 -1
  outer loop
   vertex -36.4603 13.3635 250
   vertex -40.2719 14.9377 250
   vertex -39.3004 17.2929 250
  endloop
 endfacet
 facet normal 0 0 -1
  outer loop
   vertex -36.4603 13.3635 250
   vertex -39.3004 17.2929 250
   vertex -35.7711 16.5616 250
  endloop
 endfacet
 facet normal 0 0 -1
  outer loop
   vertex -31.6446 21.3804 250
   vertex -35.1499 23.8059 250
   vertex -33.1844 26.0734 250
  endloop
 endfacet
 facet normal 0 0 -1
  outer loop
   vertex -31.6446 21.3804 250
   vertex -33.1844 26.0734 250
   vertex -29.7411 23.679 250
  endloop
 endfacet
 facet normal 0 0 -1
  outer loop
   vertex -37.6009 10.2025 250
   vertex -41.4798 12.7006 250
   vertex -40.2719 14.9377 250
  endloop
 endfacet
 facet normal 0 0 -1
  outer loop
   vertex -37.6009 10.2025 250
   vertex -40.2719 14.9377 250
   vertex -36.4603 13.3635 250
  endloop
 endfacet
 facet normal -0 0 -1
  outer loop
   vertex -36.8928 -36.764 250
   vertex -41.3188 -38.5329 250
   vertex -42.5833 -35.8974 250
  endloop
 endfacet
 facet normal 0 0 -1
  outer loop
   vertex -36.8928 -36.764 250
   vertex -42.5833 -35.8974 250
   vertex -38.441 -33.4406 250
  endloop
 endfacet
 facet normal 0 0 -1
  outer loop
   vertex -13.4508 -37.1036 250
   vertex -16.2481 -43.4586 250
   vertex -19.657 -40.7371 250
  endloop
 endfacet
 facet normal -0 0 -1
  outer loop
   vertex -13.4508 -37.1036 250
   vertex -19.657 -40.7371 250
   vertex -16.8836 -35.8935 250
  endloop
 endfacet
 facet normal 0 0 -1
  outer loop
   vertex -28.6844 -21.5246 250
   vertex -32.4599 -24.4517 250
   vertex -34.7553 -21.9083 250
  endloop
 endfacet
 facet normal -0 0 -1
  outer loop
   vertex -28.6844 -21.5246 250
   vertex -34.7553 -21.9083 250
   vertex -30.5102 -18.7309 250
  endloop
 endfacet
 facet normal 0 0 -1
  outer loop
   vertex -11.6585 33.8077 250
   vertex -13.1857 38.5521 250
   vertex -10.4559 40.0136 250
  endloop
 endfacet
 facet normal 0 0 -1
  outer loop
   vertex -11.6585 33.8077 250
   vertex -10.4559 40.0136 250
   vertex -8.28652 36.0708 250
  endloop
 endfacet
 facet normal -0 0 -1
  outer loop
   vertex -2.94443 -62.7137 250
   vertex -6.11207 -63.5249 250
   vertex -4.14874 -58.6112 250
  endloop
 endfacet
 facet normal 0 0 -1
  outer loop
   vertex -4.14874 -58.6112 250
   vertex -6.11207 -63.5249 250
   vertex -9.37409 -62.5803 250
  endloop
 endfacet
 facet normal -0 0 -1
  outer loop
   vertex -4.14874 -58.6112 250
   vertex -9.37409 -62.5803 250
   vertex -8.32574 -57.7603 250
  endloop
 endfacet
 facet normal 0 -0 -1
  outer loop
   vertex 8.68637 -36.3947 250
   vertex 9.97668 -42.2935 250
   vertex 6.40217 -43.4922 250
  endloop
 endfacet
 facet normal 0 0 -1
  outer loop
   vertex 8.68637 -36.3947 250
   vertex 6.40217 -43.4922 250
   vertex 5.15935 -36.9748 250
  endloop
 endfacet
 facet normal 0 0 -1
  outer loop
   vertex 12.2196 35.6323 250
   vertex 12.7535 40.2943 250
   vertex 16.0444 40.0183 250
  endloop
 endfacet
 facet normal 0 0 -1
  outer loop
   vertex 12.2196 35.6323 250
   vertex 16.0444 40.0183 250
   vertex 15.3775 35.5949 250
  endloop
 endfacet
 facet normal 0 0 -1
  outer loop
   vertex -7.83566 65.0222 250
   vertex -4.82003 66.2636 250
   vertex -6.08491 61.0762 250
  endloop
 endfacet
 facet normal 0 0 -1
  outer loop
   vertex -7.76772 -40.0947 250
   vertex -8.03307 -43.2735 250
   vertex -11.6347 -43.1639 250
  endloop
 endfacet
 facet normal -0 0 -1
  outer loop
   vertex -7.76772 -40.0947 250
   vertex -11.6347 -43.1639 250
   vertex -10.1175 -38.3979 250
  endloop
 endfacet
 facet normal 0 0 -1
  outer loop
   vertex 38.6654 7.79278 250
   vertex 43.4721 8.48367 250
   vertex 44.0346 5.11183 250
  endloop
 endfacet
 facet normal 0 0 -1
  outer loop
   vertex 38.6654 7.79278 250
   vertex 44.0346 5.11183 250
   vertex 39.7579 4.11917 250
  endloop
 endfacet
 facet normal 0 -0 -1
  outer loop
   vertex 5.15935 -36.9748 250
   vertex 6.40217 -43.4922 250
   vertex 2.34053 -42.8778 250
  endloop
 endfacet
 facet normal 0 0 -1
  outer loop
   vertex 5.15935 -36.9748 250
   vertex 2.34053 -42.8778 250
   vertex 1.61277 -37.4822 250
  endloop
 endfacet
 facet normal 0 0 -1
  outer loop
   vertex 35.5271 15.1766 250
   vertex 40.0714 17.9108 250
   vertex 41.5717 14.7462 250
  endloop
 endfacet
 facet normal 0 0 -1
  outer loop
   vertex 35.5271 15.1766 250
   vertex 41.5717 14.7462 250
   vertex 37.9448 12.0293 250
  endloop
 endfacet
 facet normal 0 0 -1
  outer loop
   vertex -29.7411 23.679 250
   vertex -33.1844 26.0734 250
   vertex -31.162 28.4893 250
  endloop
 endfacet
 facet normal 0 0 -1
  outer loop
   vertex -29.7411 23.679 250
   vertex -31.162 28.4893 250
   vertex -27.8844 26.0354 250
  endloop
 endfacet
 facet normal 0 0 -1
  outer loop
   vertex -0.821125 36.0771 250
   vertex -0.79988 41.0398 250
   vertex 2.61259 40.9011 250
  endloop
 endfacet
 facet normal 0 0 -1
  outer loop
   vertex -0.821125 36.0771 250
   vertex 2.61259 40.9011 250
   vertex 2.49869 35.9677 250
  endloop
 endfacet
 facet normal 0 0 -1
  outer loop
   vertex 33.422 18.2927 250
   vertex 38.6901 21.5631 250
   vertex 40.0714 17.9108 250
  endloop
 endfacet
 facet normal 0 0 -1
  outer loop
   vertex 33.422 18.2927 250
   vertex 40.0714 17.9108 250
   vertex 35.5271 15.1766 250
  endloop
 endfacet
 facet normal 0 0 -1
  outer loop
   vertex -6.08491 61.0762 250
   vertex -4.82003 66.2636 250
   vertex -1.48265 65.7024 250
  endloop
 endfacet
 facet normal 0 0 -1
  outer loop
   vertex -6.08491 61.0762 250
   vertex -1.48265 65.7024 250
   vertex -1.85581 60.6465 250
  endloop
 endfacet
 facet normal 0 0 -1
  outer loop
   vertex 30.2553 -20.3667 250
   vertex 34.8886 -23.0168 250
   vertex 32.9344 -25.721 250
  endloop
 endfacet
 facet normal 0 -0 -1
  outer loop
   vertex 30.2553 -20.3667 250
   vertex 32.9344 -25.721 250
   vertex 28.8251 -23.2243 250
  endloop
 endfacet
 facet normal 0 0 -1
  outer loop
   vertex 26.4243 -28.7381 250
   vertex 29.7805 -30.984 250
   vertex 28.3547 -33.5746 250
  endloop
 endfacet
 facet normal 0 -0 -1
  outer loop
   vertex 26.4243 -28.7381 250
   vertex 28.3547 -33.5746 250
   vertex 25.1032 -31.3223 250
  endloop
 endfacet
 facet normal 0 0 -1
  outer loop
   vertex -27.8844 26.0354 250
   vertex -31.162 28.4893 250
   vertex -29.0652 31.097 250
  endloop
 endfacet
 facet normal 0 0 -1
  outer loop
   vertex -27.8844 26.0354 250
   vertex -29.0652 31.097 250
   vertex -25.7033 28.2059 250
  endloop
 endfacet
 facet normal 0 0 -1
  outer loop
   vertex -8.28652 36.0708 250
   vertex -7.76444 42.0859 250
   vertex -4.24371 41.2992 250
  endloop
 endfacet
 facet normal 0 0 -1
  outer loop
   vertex -8.28652 36.0708 250
   vertex -4.24371 41.2992 250
   vertex -4.33552 35.9705 250
  endloop
 endfacet
 facet normal 0 0 -1
  outer loop
   vertex 33.3589 -14.0936 250
   vertex 38.2585 -16.6962 250
   vertex 37.3328 -20.1673 250
  endloop
 endfacet
 facet normal 0 -0 -1
  outer loop
   vertex 33.3589 -14.0936 250
   vertex 37.3328 -20.1673 250
   vertex 31.7985 -17.3386 250
  endloop
 endfacet
 facet normal -0 0 -1
  outer loop
   vertex -32.527 -15.8954 250
   vertex -37.5395 -19.4364 250
   vertex -38.9775 -15.5338 250
  endloop
 endfacet
 facet normal 0 0 -1
  outer loop
   vertex -32.527 -15.8954 250
   vertex -38.9775 -15.5338 250
   vertex -34.4024 -12.843 250
  endloop
 endfacet
 facet normal 0 -0 -1
  outer loop
   vertex 1.61277 -37.4822 250
   vertex 2.34053 -42.8778 250
   vertex -1.26736 -42.8188 250
  endloop
 endfacet
 facet normal 0 0 -1
  outer loop
   vertex 1.61277 -37.4822 250
   vertex -1.26736 -42.8188 250
   vertex -1.86614 -38.113 250
  endloop
 endfacet
 facet normal 0 -0 -1
  outer loop
   vertex -10.5184 -3.95514 250
   vertex -7.83903 -8.03764 250
   vertex -13.2368 -9.5781 250
  endloop
 endfacet
 facet normal 0 0 -1
  outer loop
   vertex -10.5184 -3.95514 250
   vertex -13.2368 -9.5781 250
   vertex -15.9344 -6.80325 250
  endloop
 endfacet
 facet normal 0 0 -1
  outer loop
   vertex 35.297 -6.64761 250
   vertex 40.1097 -7.35894 250
   vertex 39.745 -10.6275 250
  endloop
 endfacet
 facet normal 0 0 -1
  outer loop
   vertex 35.297 -6.64761 250
   vertex 39.745 -10.6275 250
   vertex 35.386 -10.5793 250
  endloop
 endfacet
 facet normal 0 0 -1
  outer loop
   vertex -65.0965 -16.8409 250
   vertex -67.1184 -13.9429 250
   vertex -61.7414 -14.2086 250
  endloop
 endfacet
 facet normal 0 0 -1
  outer loop
   vertex 28.8251 -23.2243 250
   vertex 32.9344 -25.721 250
   vertex 31.2902 -28.375 250
  endloop
 endfacet
 facet normal 0 -0 -1
  outer loop
   vertex 28.8251 -23.2243 250
   vertex 31.2902 -28.375 250
   vertex 27.666 -26.077 250
  endloop
 endfacet
 facet normal 0 0 -1
  outer loop
   vertex -21.6864 -28.0269 250
   vertex -25.7017 -31.665 250
   vertex -28.099 -29.387 250
  endloop
 endfacet
 facet normal -0 0 -1
  outer loop
   vertex -21.6864 -28.0269 250
   vertex -28.099 -29.387 250
   vertex -24.3965 -25.9355 250
  endloop
 endfacet
 facet normal 0 0 -1
  outer loop
   vertex 18.9148 -32.1611 250
   vertex 22.2477 -37.3208 250
   vertex 19.0907 -38.5484 250
  endloop
 endfacet
 facet normal 0 -0 -1
  outer loop
   vertex 18.9148 -32.1611 250
   vertex 19.0907 -38.5484 250
   vertex 16.1336 -34.894 250
  endloop
 endfacet
 facet normal 0 0 -1
  outer loop
   vertex -27.2794 -24.3404 250
   vertex -30.3969 -27.0246 250
   vertex -32.4599 -24.4517 250
  endloop
 endfacet
 facet normal -0 0 -1
  outer loop
   vertex -27.2794 -24.3404 250
   vertex -32.4599 -24.4517 250
   vertex -28.6844 -21.5246 250
  endloop
 endfacet
 facet normal 0 0 -1
  outer loop
   vertex -10.1175 -38.3979 250
   vertex -11.6347 -43.1639 250
   vertex -16.2481 -43.4586 250
  endloop
 endfacet
 facet normal -0 0 -1
  outer loop
   vertex -10.1175 -38.3979 250
   vertex -16.2481 -43.4586 250
   vertex -13.4508 -37.1036 250
  endloop
 endfacet
 facet normal 0 0 -1
  outer loop
   vertex 37.9448 12.0293 250
   vertex 43.4108 11.8802 250
   vertex 43.4721 8.48367 250
  endloop
 endfacet
 facet normal 0 0 -1
  outer loop
   vertex 37.9448 12.0293 250
   vertex 43.4721 8.48367 250
   vertex 38.6654 7.79278 250
  endloop
 endfacet
 facet normal 0 0 -1
  outer loop
   vertex -40.7051 52.2364 250
   vertex -38.7008 54.7567 250
   vertex -37.9806 50.2775 250
  endloop
 endfacet
 facet normal 0 0 -1
  outer loop
   vertex 31.7985 -17.3386 250
   vertex 37.3328 -20.1673 250
   vertex 34.8886 -23.0168 250
  endloop
 endfacet
 facet normal 0 -0 -1
  outer loop
   vertex 31.7985 -17.3386 250
   vertex 34.8886 -23.0168 250
   vertex 30.2553 -20.3667 250
  endloop
 endfacet
 facet normal 0 0 -1
  outer loop
   vertex 5.77444 35.8506 250
   vertex 6.02263 40.8277 250
   vertex 9.43395 40.6143 250
  endloop
 endfacet
 facet normal 0 0 -1
  outer loop
   vertex 5.77444 35.8506 250
   vertex 9.43395 40.6143 250
   vertex 9.02356 35.7061 250
  endloop
 endfacet
 facet normal -0 0 -1
  outer loop
   vertex -36.2381 -9.73684 250
   vertex -40.6423 -12.0281 250
   vertex -42.5217 -8.55899 250
  endloop
 endfacet
 facet normal 0 0 -1
  outer loop
   vertex -36.2381 -9.73684 250
   vertex -42.5217 -8.55899 250
   vertex -38.1196 -6.57928 250
  endloop
 endfacet
 facet normal 0 0 -1
  outer loop
   vertex 35.386 -10.5793 250
   vertex 39.8155 -13.8739 250
   vertex 38.2585 -16.6962 250
  endloop
 endfacet
 facet normal 0 -0 -1
  outer loop
   vertex 35.386 -10.5793 250
   vertex 38.2585 -16.6962 250
   vertex 33.3589 -14.0936 250
  endloop
 endfacet
 facet normal 0 0 -1
  outer loop
   vertex 27.666 -26.077 250
   vertex 31.2902 -28.375 250
   vertex 29.7805 -30.984 250
  endloop
 endfacet
 facet normal 0 -0 -1
  outer loop
   vertex 27.666 -26.077 250
   vertex 29.7805 -30.984 250
   vertex 26.4243 -28.7381 250
  endloop
 endfacet
 facet normal 0 -0 -1
  outer loop
   vertex 12.2947 -35.6683 250
   vertex 13.7733 -42.0427 250
   vertex 9.97668 -42.2935 250
  endloop
 endfacet
 facet normal 0 0 -1
  outer loop
   vertex 12.2947 -35.6683 250
   vertex 9.97668 -42.2935 250
   vertex 8.68637 -36.3947 250
  endloop
 endfacet
 facet normal 0 0 -1
  outer loop
   vertex 37.2454 0.587565 250
   vertex 40.7553 -0.855468 250
   vertex 40.2515 -4.00496 250
  endloop
 endfacet
 facet normal 0 -0 -1
  outer loop
   vertex 37.2454 0.587565 250
   vertex 40.2515 -4.00496 250
   vertex 35.9487 -2.98658 250
  endloop
 endfacet
 facet normal 0 0 -1
  outer loop
   vertex -24.3965 -25.9355 250
   vertex -28.099 -29.387 250
   vertex -30.3969 -27.0246 250
  endloop
 endfacet
 facet normal -0 0 -1
  outer loop
   vertex -24.3965 -25.9355 250
   vertex -30.3969 -27.0246 250
   vertex -27.2794 -24.3404 250
  endloop
 endfacet
 facet normal 0 0 -1
  outer loop
   vertex 18.6456 35.4498 250
   vertex 19.3836 39.7788 250
   vertex 22.7108 39.5101 250
  endloop
 endfacet
 facet normal 0 0 -1
  outer loop
   vertex 18.6456 35.4498 250
   vertex 22.7108 39.5101 250
   vertex 22.5327 35.0611 250
  endloop
 endfacet
 facet normal 0 0 -1
  outer loop
   vertex 39.7579 4.11917 250
   vertex 41.6932 1.70319 250
   vertex 40.7553 -0.855468 250
  endloop
 endfacet
 facet normal 0 -0 -1
  outer loop
   vertex 39.7579 4.11917 250
   vertex 40.7553 -0.855468 250
   vertex 37.2454 0.587565 250
  endloop
 endfacet
 facet normal 0 0 -1
  outer loop
   vertex 25.1032 -31.3223 250
   vertex 28.3547 -33.5746 250
   vertex 26.9754 -36.134 250
  endloop
 endfacet
 facet normal 0 -0 -1
  outer loop
   vertex 25.1032 -31.3223 250
   vertex 26.9754 -36.134 250
   vertex 24.0906 -34.2235 250
  endloop
 endfacet
 facet normal 0 0 -1
  outer loop
   vertex -37.2975 3.53285 250
   vertex -41.3364 4.33028 250
   vertex -41.1872 7.25524 250
  endloop
 endfacet
 facet normal 0 0 -1
  outer loop
   vertex -37.2975 3.53285 250
   vertex -41.1872 7.25524 250
   vertex -37.1678 6.79257 250
  endloop
 endfacet
 facet normal 0 0 -1
  outer loop
   vertex 2.49869 35.9677 250
   vertex 2.61259 40.9011 250
   vertex 6.02263 40.8277 250
  endloop
 endfacet
 facet normal 0 0 -1
  outer loop
   vertex 2.49869 35.9677 250
   vertex 6.02263 40.8277 250
   vertex 5.77444 35.8506 250
  endloop
 endfacet
 facet normal 0 0 -1
  outer loop
   vertex -64.2055 -5.7103 250
   vertex -65.821 -2.33922 250
   vertex -60.1538 -4.04068 250
  endloop
 endfacet
 facet normal 0 0 -1
  outer loop
   vertex -61.7414 -14.2086 250
   vertex -67.1184 -13.9429 250
   vertex -67.7411 -10.3287 250
  endloop
 endfacet
 facet normal 0 0 -1
  outer loop
   vertex -61.7414 -14.2086 250
   vertex -67.7411 -10.3287 250
   vertex -62.9291 -9.60435 250
  endloop
 endfacet
 facet normal -0 0 -1
  outer loop
   vertex -38.1196 -6.57928 250
   vertex -42.5217 -8.55899 250
   vertex -44.1452 -5.04139 250
  endloop
 endfacet
 facet normal 0 0 -1
  outer loop
   vertex -38.1196 -6.57928 250
   vertex -44.1452 -5.04139 250
   vertex -40.0133 -3.32129 250
  endloop
 endfacet
 facet normal 0 0 -1
  outer loop
   vertex -9.77822 -13.138 250
   vertex -12.4904 -12.2717 250
   vertex -13.2368 -9.5781 250
  endloop
 endfacet
 facet normal 0 0 -1
  outer loop
   vertex -9.77822 -13.138 250
   vertex -13.2368 -9.5781 250
   vertex -7.83903 -8.03764 250
  endloop
 endfacet
 facet normal 0 0 -1
  outer loop
   vertex -38.0797 0.1761 250
   vertex -41.6623 1.41938 250
   vertex -41.3364 4.33028 250
  endloop
 endfacet
 facet normal 0 0 -1
  outer loop
   vertex -38.0797 0.1761 250
   vertex -41.3364 4.33028 250
   vertex -37.2975 3.53285 250
  endloop
 endfacet
 facet normal 0 0 -1
  outer loop
   vertex -42.3103 -1.14837 250
   vertex -41.6623 1.41938 250
   vertex -38.0797 0.1761 250
  endloop
 endfacet
 facet normal 0 0 -1
  outer loop
   vertex -42.3103 -1.14837 250
   vertex -38.0797 0.1761 250
   vertex -40.0133 -3.32129 250
  endloop
 endfacet
 facet normal 0 0 -1
  outer loop
   vertex -16.8836 -35.8935 250
   vertex -20.144 -34.6999 250
   vertex -18.713 -30.5552 250
  endloop
 endfacet
 facet normal 0 0 -1
  outer loop
   vertex -16.8836 -35.8935 250
   vertex -18.713 -30.5552 250
   vertex -14.6238 -31.3476 250
  endloop
 endfacet
 facet normal 0 0 -1
  outer loop
   vertex -20.6664 32.9346 250
   vertex -18.1246 35.2234 250
   vertex -15.2466 32.1581 250
  endloop
 endfacet
 facet normal 0 0 -1
  outer loop
   vertex -20.6664 32.9346 250
   vertex -15.2466 32.1581 250
   vertex -17.8866 28.9766 250
  endloop
 endfacet
 facet normal 0 0 -1
  outer loop
   vertex -26.9067 34.5177 250
   vertex -23.4372 37.1098 250
   vertex -20.6664 32.9346 250
  endloop
 endfacet
 facet normal 0 0 -1
  outer loop
   vertex -26.9067 34.5177 250
   vertex -20.6664 32.9346 250
   vertex -23.3512 30.563 250
  endloop
 endfacet
 facet normal 0 -0 -1
  outer loop
   vertex -1.86614 -38.113 250
   vertex -1.26736 -42.8188 250
   vertex -4.69016 -43.0365 250
  endloop
 endfacet
 facet normal 0 0 -1
  outer loop
   vertex -1.86614 -38.113 250
   vertex -4.69016 -43.0365 250
   vertex -5.17202 -38.8961 250
  endloop
 endfacet
 facet normal -0 0 -1
  outer loop
   vertex 24.0906 -34.2235 250
   vertex 22.2477 -37.3208 250
   vertex 18.9148 -32.1611 250
  endloop
 endfacet
 facet normal 0 0 -1
  outer loop
   vertex 24.0906 -34.2235 250
   vertex 18.9148 -32.1611 250
   vertex 21.6501 -29.5656 250
  endloop
 endfacet
 facet normal 0 0 -1
  outer loop
   vertex 25.7797 -18.4398 250
   vertex 30.2553 -20.3667 250
   vertex 28.8251 -23.2243 250
  endloop
 endfacet
 facet normal 0 -0 -1
  outer loop
   vertex 25.7797 -18.4398 250
   vertex 28.8251 -23.2243 250
   vertex 24.8877 -21.4486 250
  endloop
 endfacet
 facet normal 0 0 -1
  outer loop
   vertex 28.744 15.2992 250
   vertex 33.422 18.2927 250
   vertex 35.5271 15.1766 250
  endloop
 endfacet
 facet normal 0 0 -1
  outer loop
   vertex 28.744 15.2992 250
   vertex 35.5271 15.1766 250
   vertex 30.6334 12.4572 250
  endloop
 endfacet
 facet normal 0 0 -1
  outer loop
   vertex 34.6251 6.19448 250
   vertex 39.7579 4.11917 250
   vertex 37.2454 0.587565 250
  endloop
 endfacet
 facet normal 0 -0 -1
  outer loop
   vertex 34.6251 6.19448 250
   vertex 37.2454 0.587565 250
   vertex 32.5053 2.08405 250
  endloop
 endfacet
 facet normal 0 -0 -1
  outer loop
   vertex 0.668649 -32.6039 250
   vertex 1.61277 -37.4822 250
   vertex -1.86614 -38.113 250
  endloop
 endfacet
 facet normal 0 0 -1
  outer loop
   vertex 0.668649 -32.6039 250
   vertex -1.86614 -38.113 250
   vertex -2.8126 -33.3892 250
  endloop
 endfacet
 facet normal 0 0 -1
  outer loop
   vertex -15.2171 -52.9113 250
   vertex -15.5096 -56.8025 250
   vertex -18.6602 -56.2399 250
  endloop
 endfacet
 facet normal 0 0 -1
  outer loop
   vertex -15.2171 -52.9113 250
   vertex -18.6602 -56.2399 250
   vertex -18.2245 -53.3481 250
  endloop
 endfacet
 facet normal 0 0 -1
  outer loop
   vertex 26.8363 17.9538 250
   vertex 31.4096 21.306 250
   vertex 33.422 18.2927 250
  endloop
 endfacet
 facet normal 0 0 -1
  outer loop
   vertex 26.8363 17.9538 250
   vertex 33.422 18.2927 250
   vertex 28.744 15.2992 250
  endloop
 endfacet
 facet normal 0 0 -1
  outer loop
   vertex -30.6941 14.3316 250
   vertex -35.7711 16.5616 250
   vertex -33.6339 19.089 250
  endloop
 endfacet
 facet normal 0 0 -1
  outer loop
   vertex -30.6941 14.3316 250
   vertex -33.6339 19.089 250
   vertex -30.1623 17.1218 250
  endloop
 endfacet
 facet normal 0 -0 -1
  outer loop
   vertex 13.4089 -29.1086 250
   vertex 16.1336 -34.894 250
   vertex 12.2947 -35.6683 250
  endloop
 endfacet
 facet normal 0 0 -1
  outer loop
   vertex 13.4089 -29.1086 250
   vertex 12.2947 -35.6683 250
   vertex 10.3579 -30.155 250
  endloop
 endfacet
 facet normal 0 0 -1
  outer loop
   vertex 22.3903 22.5021 250
   vertex 26.2682 26.5011 250
   vertex 29.5559 24.623 250
  endloop
 endfacet
 facet normal 0 0 -1
  outer loop
   vertex 22.3903 22.5021 250
   vertex 29.5559 24.623 250
   vertex 24.7395 20.367 250
  endloop
 endfacet
 facet normal 0 0 -1
  outer loop
   vertex 19.98 24.5689 250
   vertex 23.3057 28.4685 250
   vertex 26.2682 26.5011 250
  endloop
 endfacet
 facet normal 0 0 -1
  outer loop
   vertex 19.98 24.5689 250
   vertex 26.2682 26.5011 250
   vertex 22.3903 22.5021 250
  endloop
 endfacet
 facet normal 0 0 -1
  outer loop
   vertex -31.9697 11.7465 250
   vertex -36.4603 13.3635 250
   vertex -35.7711 16.5616 250
  endloop
 endfacet
 facet normal 0 0 -1
  outer loop
   vertex -31.9697 11.7465 250
   vertex -35.7711 16.5616 250
   vertex -30.6941 14.3316 250
  endloop
 endfacet
 facet normal 0 0 -1
  outer loop
   vertex -28.2305 19.1307 250
   vertex -31.6446 21.3804 250
   vertex -29.7411 23.679 250
  endloop
 endfacet
 facet normal 0 0 -1
  outer loop
   vertex -28.2305 19.1307 250
   vertex -29.7411 23.679 250
   vertex -26.6789 21.5131 250
  endloop
 endfacet
 facet normal 0 0 -1
  outer loop
   vertex -33.1881 9.13198 250
   vertex -37.6009 10.2025 250
   vertex -36.4603 13.3635 250
  endloop
 endfacet
 facet normal 0 0 -1
  outer loop
   vertex -33.1881 9.13198 250
   vertex -36.4603 13.3635 250
   vertex -31.9697 11.7465 250
  endloop
 endfacet
 facet normal -0 0 -1
  outer loop
   vertex -24.144 -18.7383 250
   vertex -28.6844 -21.5246 250
   vertex -30.5102 -18.7309 250
  endloop
 endfacet
 facet normal 0 0 -1
  outer loop
   vertex -24.144 -18.7383 250
   vertex -30.5102 -18.7309 250
   vertex -26.1589 -15.8386 250
  endloop
 endfacet
 facet normal 0 0 -1
  outer loop
   vertex -9.678 27.7467 250
   vertex -11.6585 33.8077 250
   vertex -8.28652 36.0708 250
  endloop
 endfacet
 facet normal 0 0 -1
  outer loop
   vertex -9.678 27.7467 250
   vertex -8.28652 36.0708 250
   vertex -6.58567 29.4076 250
  endloop
 endfacet
 facet normal 0 -0 -1
  outer loop
   vertex 7.21219 -31.1343 250
   vertex 8.68637 -36.3947 250
   vertex 5.15935 -36.9748 250
  endloop
 endfacet
 facet normal 0 0 -1
  outer loop
   vertex 7.21219 -31.1343 250
   vertex 5.15935 -36.9748 250
   vertex 3.98076 -31.858 250
  endloop
 endfacet
 facet normal 0 0 -1
  outer loop
   vertex 11.9525 31.2344 250
   vertex 12.2196 35.6323 250
   vertex 15.3775 35.5949 250
  endloop
 endfacet
 facet normal 0 0 -1
  outer loop
   vertex 11.9525 31.2344 250
   vertex 15.3775 35.5949 250
   vertex 14.892 31.6671 250
  endloop
 endfacet
 facet normal 0 -0 -1
  outer loop
   vertex 10.3579 -30.155 250
   vertex 12.2947 -35.6683 250
   vertex 8.68637 -36.3947 250
  endloop
 endfacet
 facet normal 0 0 -1
  outer loop
   vertex 10.3579 -30.155 250
   vertex 8.68637 -36.3947 250
   vertex 7.21219 -31.1343 250
  endloop
 endfacet
 facet normal 0 0 -1
  outer loop
   vertex -34.6255 -4.76107 250
   vertex -40.0133 -3.32129 250
   vertex -38.0797 0.1761 250
  endloop
 endfacet
 facet normal 0 0 -1
  outer loop
   vertex -34.6255 -4.76107 250
   vertex -38.0797 0.1761 250
   vertex -33.0673 -0.903393 250
  endloop
 endfacet
 facet normal 0 0 -1
  outer loop
   vertex 30.6334 12.4572 250
   vertex 35.5271 15.1766 250
   vertex 37.9448 12.0293 250
  endloop
 endfacet
 facet normal 0 0 -1
  outer loop
   vertex 30.6334 12.4572 250
   vertex 37.9448 12.0293 250
   vertex 32.6971 9.43856 250
  endloop
 endfacet
 facet normal 0 0 -1
  outer loop
   vertex -26.6789 21.5131 250
   vertex -29.7411 23.679 250
   vertex -27.8844 26.0354 250
  endloop
 endfacet
 facet normal 0 0 -1
  outer loop
   vertex -26.6789 21.5131 250
   vertex -27.8844 26.0354 250
   vertex -25.305 23.8515 250
  endloop
 endfacet
 facet normal 0 0 -1
  outer loop
   vertex 24.041 -24.127 250
   vertex 27.666 -26.077 250
   vertex 26.4243 -28.7381 250
  endloop
 endfacet
 facet normal 0 -0 -1
  outer loop
   vertex 24.041 -24.127 250
   vertex 26.4243 -28.7381 250
   vertex 23.3978 -26.8741 250
  endloop
 endfacet
 facet normal 0 0 -1
  outer loop
   vertex 5.58756 31.0732 250
   vertex 5.77444 35.8506 250
   vertex 9.02356 35.7061 250
  endloop
 endfacet
 facet normal 0 0 -1
  outer loop
   vertex 5.58756 31.0732 250
   vertex 9.02356 35.7061 250
   vertex 8.78142 31.0282 250
  endloop
 endfacet
 facet normal 0 0 -1
  outer loop
   vertex -25.305 23.8515 250
   vertex -27.8844 26.0354 250
   vertex -25.7033 28.2059 250
  endloop
 endfacet
 facet normal 0 0 -1
  outer loop
   vertex -25.305 23.8515 250
   vertex -25.7033 28.2059 250
   vertex -22.8894 25.0218 250
  endloop
 endfacet
 facet normal 0 0 -1
  outer loop
   vertex -6.58567 29.4076 250
   vertex -8.28652 36.0708 250
   vertex -4.33552 35.9705 250
  endloop
 endfacet
 facet normal 0 0 -1
  outer loop
   vertex -6.58567 29.4076 250
   vertex -4.33552 35.9705 250
   vertex -3.45672 30.5063 250
  endloop
 endfacet
 facet normal 0 0 -1
  outer loop
   vertex 27.9557 -12.1161 250
   vertex 33.3589 -14.0936 250
   vertex 31.7985 -17.3386 250
  endloop
 endfacet
 facet normal 0 -0 -1
  outer loop
   vertex 27.9557 -12.1161 250
   vertex 31.7985 -17.3386 250
   vertex 26.8049 -15.3064 250
  endloop
 endfacet
 facet normal -0 0 -1
  outer loop
   vertex -28.3249 -13.0975 250
   vertex -32.527 -15.8954 250
   vertex -34.4024 -12.843 250
  endloop
 endfacet
 facet normal 0 0 -1
  outer loop
   vertex -28.3249 -13.0975 250
   vertex -34.4024 -12.843 250
   vertex -30.3624 -10.3272 250
  endloop
 endfacet
 facet normal 0 0 -1
  outer loop
   vertex 26.8049 -15.3064 250
   vertex 31.7985 -17.3386 250
   vertex 30.2553 -20.3667 250
  endloop
 endfacet
 facet normal 0 -0 -1
  outer loop
   vertex 26.8049 -15.3064 250
   vertex 30.2553 -20.3667 250
   vertex 25.7797 -18.4398 250
  endloop
 endfacet
 facet normal 0 0 -1
  outer loop
   vertex -12.035 -57.2194 250
   vertex -15.5096 -56.8025 250
   vertex -15.2171 -52.9113 250
  endloop
 endfacet
 facet normal 0 0 -1
  outer loop
   vertex -12.035 -57.2194 250
   vertex -15.2171 -52.9113 250
   vertex -11.7071 -52.6073 250
  endloop
 endfacet
 facet normal 0 0 -1
  outer loop
   vertex 17.5602 26.6455 250
   vertex 20.2634 30.2709 250
   vertex 23.3057 28.4685 250
  endloop
 endfacet
 facet normal 0 0 -1
  outer loop
   vertex 17.5602 26.6455 250
   vertex 23.3057 28.4685 250
   vertex 19.98 24.5689 250
  endloop
 endfacet
 facet normal 0 0 -1
  outer loop
   vertex -15.2469 -25.2465 250
   vertex -18.713 -30.5552 250
   vertex -21.6864 -28.0269 250
  endloop
 endfacet
 facet normal -0 0 -1
  outer loop
   vertex -15.2469 -25.2465 250
   vertex -21.6864 -28.0269 250
   vertex -18.4617 -23.6195 250
  endloop
 endfacet
 facet normal 0 0 -1
  outer loop
   vertex 69.9227 9.87457 250
   vertex 73.6286 7.85724 250
   vertex 73.7642 5.05732 250
  endloop
 endfacet
 facet normal 0 -0 -1
  outer loop
   vertex 69.9227 9.87457 250
   vertex 73.7642 5.05732 250
   vertex 69.6647 5.18669 250
  endloop
 endfacet
 facet normal 0 0 -1
  outer loop
   vertex 31.1681 -1.68976 250
   vertex 35.9487 -2.98658 250
   vertex 35.297 -6.64761 250
  endloop
 endfacet
 facet normal 0 -0 -1
  outer loop
   vertex 31.1681 -1.68976 250
   vertex 35.297 -6.64761 250
   vertex 30.0254 -5.31506 250
  endloop
 endfacet
 facet normal 0 0 -1
  outer loop
   vertex 24.8877 -21.4486 250
   vertex 28.8251 -23.2243 250
   vertex 27.666 -26.077 250
  endloop
 endfacet
 facet normal 0 -0 -1
  outer loop
   vertex 24.8877 -21.4486 250
   vertex 27.666 -26.077 250
   vertex 24.041 -24.127 250
  endloop
 endfacet
 facet normal 0 0 -1
  outer loop
   vertex -18.4617 -23.6195 250
   vertex -21.6864 -28.0269 250
   vertex -24.3965 -25.9355 250
  endloop
 endfacet
 facet normal -0 0 -1
  outer loop
   vertex -18.4617 -23.6195 250
   vertex -24.3965 -25.9355 250
   vertex -22.0869 -22.0602 250
  endloop
 endfacet
 facet normal 0 -0 -1
  outer loop
   vertex 3.98076 -31.858 250
   vertex 5.15935 -36.9748 250
   vertex 1.61277 -37.4822 250
  endloop
 endfacet
 facet normal 0 0 -1
  outer loop
   vertex 3.98076 -31.858 250
   vertex 1.61277 -37.4822 250
   vertex 0.668649 -32.6039 250
  endloop
 endfacet
 facet normal 0 0 -1
  outer loop
   vertex -26.1589 -15.8386 250
   vertex -30.5102 -18.7309 250
   vertex -32.527 -15.8954 250
  endloop
 endfacet
 facet normal -0 0 -1
  outer loop
   vertex -26.1589 -15.8386 250
   vertex -32.527 -15.8954 250
   vertex -28.3249 -13.0975 250
  endloop
 endfacet
 facet normal 0 0 -1
  outer loop
   vertex -74.2566 -3.99786 250
   vertex -75.5336 -0.81049 250
   vertex -70.4787 -2.56607 250
  endloop
 endfacet
 facet normal 0 0 -1
  outer loop
   vertex -12.6843 25.8047 250
   vertex -15.2466 32.1581 250
   vertex -11.6585 33.8077 250
  endloop
 endfacet
 facet normal 0 0 -1
  outer loop
   vertex -12.6843 25.8047 250
   vertex -11.6585 33.8077 250
   vertex -9.678 27.7467 250
  endloop
 endfacet
 facet normal 0 0 -1
  outer loop
   vertex -70.4787 -2.56607 250
   vertex -75.5336 -0.81049 250
   vertex -75.1383 2.68023 250
  endloop
 endfacet
 facet normal 0 0 -1
  outer loop
   vertex -70.4787 -2.56607 250
   vertex -75.1383 2.68023 250
   vertex -70.2324 1.75358 250
  endloop
 endfacet
 facet normal 0 0 -1
  outer loop
   vertex 29.1561 -8.77726 250
   vertex 35.386 -10.5793 250
   vertex 33.3589 -14.0936 250
  endloop
 endfacet
 facet normal 0 -0 -1
  outer loop
   vertex 29.1561 -8.77726 250
   vertex 33.3589 -14.0936 250
   vertex 27.9557 -12.1161 250
  endloop
 endfacet
 facet normal 0 0 -1
  outer loop
   vertex 32.5053 2.08405 250
   vertex 37.2454 0.587565 250
   vertex 35.9487 -2.98658 250
  endloop
 endfacet
 facet normal 0 -0 -1
  outer loop
   vertex 32.5053 2.08405 250
   vertex 35.9487 -2.98658 250
   vertex 31.1681 -1.68976 250
  endloop
 endfacet
 facet normal -0 0 -1
  outer loop
   vertex -22.0869 -22.0602 250
   vertex -27.2794 -24.3404 250
   vertex -28.6844 -21.5246 250
  endloop
 endfacet
 facet normal 0 0 -1
  outer loop
   vertex -22.0869 -22.0602 250
   vertex -28.6844 -21.5246 250
   vertex -24.144 -18.7383 250
  endloop
 endfacet
 facet normal 0 0 -1
  outer loop
   vertex 16.0289 -27.1827 250
   vertex 18.9148 -32.1611 250
   vertex 16.1336 -34.894 250
  endloop
 endfacet
 facet normal 0 -0 -1
  outer loop
   vertex 16.0289 -27.1827 250
   vertex 16.1336 -34.894 250
   vertex 13.4089 -29.1086 250
  endloop
 endfacet
 facet normal 0 0 -1
  outer loop
   vertex 32.6971 9.43856 250
   vertex 37.9448 12.0293 250
   vertex 38.6654 7.79278 250
  endloop
 endfacet
 facet normal 0 0 -1
  outer loop
   vertex 32.6971 9.43856 250
   vertex 38.6654 7.79278 250
   vertex 34.6251 6.19448 250
  endloop
 endfacet
 facet normal 0 -0 -1
  outer loop
   vertex 56.6152 15.3405 250
   vertex 58.2826 12.4463 250
   vertex 53.1162 13.4446 250
  endloop
 endfacet
 facet normal 0 0 -1
  outer loop
   vertex 14.892 31.6671 250
   vertex 15.3775 35.5949 250
   vertex 18.6456 35.4498 250
  endloop
 endfacet
 facet normal 0 0 -1
  outer loop
   vertex 14.892 31.6671 250
   vertex 18.6456 35.4498 250
   vertex 17.5834 31.8112 250
  endloop
 endfacet
 facet normal 0 0 -1
  outer loop
   vertex -3.45672 30.5063 250
   vertex -4.33552 35.9705 250
   vertex -0.821125 36.0771 250
  endloop
 endfacet
 facet normal 0 0 -1
  outer loop
   vertex -3.45672 30.5063 250
   vertex -0.821125 36.0771 250
   vertex -0.531825 31.8343 250
  endloop
 endfacet
 facet normal -0 0 -1
  outer loop
   vertex -30.3624 -10.3272 250
   vertex -34.4024 -12.843 250
   vertex -36.2381 -9.73684 250
  endloop
 endfacet
 facet normal 0 0 -1
  outer loop
   vertex -30.3624 -10.3272 250
   vertex -36.2381 -9.73684 250
   vertex -32.5739 -7.61253 250
  endloop
 endfacet
 facet normal 0 0 -1
  outer loop
   vertex -0.531825 31.8343 250
   vertex -0.821125 36.0771 250
   vertex 2.49869 35.9677 250
  endloop
 endfacet
 facet normal 0 0 -1
  outer loop
   vertex -0.531825 31.8343 250
   vertex 2.49869 35.9677 250
   vertex 2.44552 31.2608 250
  endloop
 endfacet
 facet normal 0 0 -1
  outer loop
   vertex 30.0254 -5.31506 250
   vertex 35.297 -6.64761 250
   vertex 35.386 -10.5793 250
  endloop
 endfacet
 facet normal 0 -0 -1
  outer loop
   vertex 30.0254 -5.31506 250
   vertex 35.386 -10.5793 250
   vertex 29.1561 -8.77726 250
  endloop
 endfacet
 facet normal -0 0 -1
  outer loop
   vertex 43.336 -60.3017 250
   vertex 41.3834 -63.1757 250
   vertex 39.8967 -57.9264 250
  endloop
 endfacet
 facet normal 0 0 -1
  outer loop
   vertex -32.649 2.79339 250
   vertex -37.2975 3.53285 250
   vertex -37.1678 6.79257 250
  endloop
 endfacet
 facet normal 0 0 -1
  outer loop
   vertex -32.649 2.79339 250
   vertex -37.1678 6.79257 250
   vertex -32.614 6.07638 250
  endloop
 endfacet
 facet normal -0 0 -1
  outer loop
   vertex -32.5739 -7.61253 250
   vertex -36.2381 -9.73684 250
   vertex -38.1196 -6.57928 250
  endloop
 endfacet
 facet normal 0 0 -1
  outer loop
   vertex -32.5739 -7.61253 250
   vertex -38.1196 -6.57928 250
   vertex -34.6255 -4.76107 250
  endloop
 endfacet
 facet normal 0 0 -1
  outer loop
   vertex -33.0673 -0.903393 250
   vertex -38.0797 0.1761 250
   vertex -37.2975 3.53285 250
  endloop
 endfacet
 facet normal 0 0 -1
  outer loop
   vertex -33.0673 -0.903393 250
   vertex -37.2975 3.53285 250
   vertex -32.649 2.79339 250
  endloop
 endfacet
 facet normal 0 0 -1
  outer loop
   vertex 24.7395 20.367 250
   vertex 29.5559 24.623 250
   vertex 31.4096 21.306 250
  endloop
 endfacet
 facet normal 0 0 -1
  outer loop
   vertex 24.7395 20.367 250
   vertex 31.4096 21.306 250
   vertex 26.8363 17.9538 250
  endloop
 endfacet
 facet normal 0 0 -1
  outer loop
   vertex 2.44552 31.2608 250
   vertex 2.49869 35.9677 250
   vertex 5.77444 35.8506 250
  endloop
 endfacet
 facet normal 0 0 -1
  outer loop
   vertex 2.44552 31.2608 250
   vertex 5.77444 35.8506 250
   vertex 5.58756 31.0732 250
  endloop
 endfacet
 facet normal 0 0 -1
  outer loop
   vertex 8.78142 31.0282 250
   vertex 9.02356 35.7061 250
   vertex 12.2196 35.6323 250
  endloop
 endfacet
 facet normal 0 0 -1
  outer loop
   vertex 8.78142 31.0282 250
   vertex 12.2196 35.6323 250
   vertex 11.9525 31.2344 250
  endloop
 endfacet
 facet normal 0 -0 -1
  outer loop
   vertex 39.8967 -57.9264 250
   vertex 41.3834 -63.1757 250
   vertex 38.2757 -64.7929 250
  endloop
 endfacet
 facet normal 0 0 -1
  outer loop
   vertex 39.8967 -57.9264 250
   vertex 38.2757 -64.7929 250
   vertex 36.3454 -60.3079 250
  endloop
 endfacet
 facet normal 0 0 -1
  outer loop
   vertex -17.8866 28.9766 250
   vertex -15.2466 32.1581 250
   vertex -12.6843 25.8047 250
  endloop
 endfacet
 facet normal 0 0 -1
  outer loop
   vertex -17.8866 28.9766 250
   vertex -12.6843 25.8047 250
   vertex -15.635 23.6325 250
  endloop
 endfacet
 facet normal 0 0 -1
  outer loop
   vertex -23.3512 30.563 250
   vertex -20.6664 32.9346 250
   vertex -17.8866 28.9766 250
  endloop
 endfacet
 facet normal 0 0 -1
  outer loop
   vertex -23.3512 30.563 250
   vertex -17.8866 28.9766 250
   vertex -20.4516 26.6213 250
  endloop
 endfacet
 facet normal 0 0 -1
  outer loop
   vertex -44.5218 60.9875 250
   vertex -42.4603 64.0689 250
   vertex -41.0883 58.4865 250
  endloop
 endfacet
 facet normal 0 -0 -1
  outer loop
   vertex -2.8126 -33.3892 250
   vertex -1.86614 -38.113 250
   vertex -5.17202 -38.8961 250
  endloop
 endfacet
 facet normal 0 0 -1
  outer loop
   vertex -2.8126 -33.3892 250
   vertex -5.17202 -38.8961 250
   vertex -6.99411 -34.3635 250
  endloop
 endfacet
 facet normal 0 -0 -1
  outer loop
   vertex 17.5834 31.8112 250
   vertex 20.2634 30.2709 250
   vertex 17.5602 26.6455 250
  endloop
 endfacet
 facet normal 0 0 -1
  outer loop
   vertex 17.5834 31.8112 250
   vertex 17.5602 26.6455 250
   vertex 15.323 28.7635 250
  endloop
 endfacet
 facet normal 0 0 -1
  outer loop
   vertex -41.0883 58.4865 250
   vertex -42.4603 64.0689 250
   vertex -38.9552 66.2976 250
  endloop
 endfacet
 facet normal 0 0 -1
  outer loop
   vertex -41.0883 58.4865 250
   vertex -38.9552 66.2976 250
   vertex -37.0211 60.3396 250
  endloop
 endfacet
 facet normal 0 0 -1
  outer loop
   vertex -14.6238 -31.3476 250
   vertex -18.713 -30.5552 250
   vertex -15.2469 -25.2465 250
  endloop
 endfacet
 facet normal 0 0 -1
  outer loop
   vertex -14.6238 -31.3476 250
   vertex -15.2469 -25.2465 250
   vertex -12.0252 -26.6798 250
  endloop
 endfacet
 facet normal -0 0 -1
  outer loop
   vertex 21.6501 -29.5656 250
   vertex 18.9148 -32.1611 250
   vertex 16.0289 -27.1827 250
  endloop
 endfacet
 facet normal 0 0 -1
  outer loop
   vertex 21.6501 -29.5656 250
   vertex 16.0289 -27.1827 250
   vertex 18.6642 -25.1092 250
  endloop
 endfacet
 facet normal 0 0 -1
  outer loop
   vertex -30.1623 17.1218 250
   vertex -33.6339 19.089 250
   vertex -31.6446 21.3804 250
  endloop
 endfacet
 facet normal 0 0 -1
  outer loop
   vertex -30.1623 17.1218 250
   vertex -31.6446 21.3804 250
   vertex -28.2305 19.1307 250
  endloop
 endfacet
 facet normal 0 0 -1
  outer loop
   vertex -32.614 6.07638 250
   vertex -37.1678 6.79257 250
   vertex -37.6009 10.2025 250
  endloop
 endfacet
 facet normal 0 0 -1
  outer loop
   vertex -32.614 6.07638 250
   vertex -37.6009 10.2025 250
   vertex -33.1881 9.13198 250
  endloop
 endfacet
 facet normal 0 0 -1
  outer loop
   vertex -23.5344 19.6181 250
   vertex -26.6789 21.5131 250
   vertex -25.305 23.8515 250
  endloop
 endfacet
 facet normal 0 0 -1
  outer loop
   vertex -23.5344 19.6181 250
   vertex -25.305 23.8515 250
   vertex -22.0122 22.1798 250
  endloop
 endfacet
 facet normal 0 0 -1
  outer loop
   vertex -33.5455 -67.1242 250
   vertex -36.7743 -72.3145 250
   vertex -39.778 -68.7732 250
  endloop
 endfacet
 facet normal -0 0 -1
  outer loop
   vertex -33.5455 -67.1242 250
   vertex -39.778 -68.7732 250
   vertex -36.6857 -64.6087 250
  endloop
 endfacet
 facet normal 0 -0 -1
  outer loop
   vertex 5.97499 -26.7243 250
   vertex 7.21219 -31.1343 250
   vertex 3.98076 -31.858 250
  endloop
 endfacet
 facet normal 0 0 -1
  outer loop
   vertex 5.97499 -26.7243 250
   vertex 3.98076 -31.858 250
   vertex 2.94664 -27.3853 250
  endloop
 endfacet
 facet normal 0 0 -1
  outer loop
   vertex 23.3318 15.3145 250
   vertex 26.8363 17.9538 250
   vertex 28.744 15.2992 250
  endloop
 endfacet
 facet normal 0 0 -1
  outer loop
   vertex 23.3318 15.3145 250
   vertex 28.744 15.2992 250
   vertex 24.8051 12.8294 250
  endloop
 endfacet
 facet normal 0 0 -1
  outer loop
   vertex -32.1941 -73.663 250
   vertex -36.7743 -72.3145 250
   vertex -33.5455 -67.1242 250
  endloop
 endfacet
 facet normal 0 0 -1
  outer loop
   vertex -32.1941 -73.663 250
   vertex -33.5455 -67.1242 250
   vertex -30.4843 -69.3848 250
  endloop
 endfacet
 facet normal 0 0 -1
  outer loop
   vertex 21.3696 17.2698 250
   vertex 24.7395 20.367 250
   vertex 26.8363 17.9538 250
  endloop
 endfacet
 facet normal 0 0 -1
  outer loop
   vertex 21.3696 17.2698 250
   vertex 26.8363 17.9538 250
   vertex 23.3318 15.3145 250
  endloop
 endfacet
 facet normal 0 0 -1
  outer loop
   vertex 1.92334 26.1289 250
   vertex 2.44552 31.2608 250
   vertex 5.58756 31.0732 250
  endloop
 endfacet
 facet normal 0 0 -1
  outer loop
   vertex 1.92334 26.1289 250
   vertex 5.58756 31.0732 250
   vertex 5.28229 26.1483 250
  endloop
 endfacet
 facet normal 0 0 -1
  outer loop
   vertex 5.28229 26.1483 250
   vertex 5.58756 31.0732 250
   vertex 8.78142 31.0282 250
  endloop
 endfacet
 facet normal 0 0 -1
  outer loop
   vertex 5.28229 26.1483 250
   vertex 8.78142 31.0282 250
   vertex 8.6068 26.3349 250
  endloop
 endfacet
 facet normal 0 -0 -1
  outer loop
   vertex 2.94664 -27.3853 250
   vertex 3.98076 -31.858 250
   vertex 0.668649 -32.6039 250
  endloop
 endfacet
 facet normal 0 0 -1
  outer loop
   vertex 2.94664 -27.3853 250
   vertex 0.668649 -32.6039 250
   vertex -0.0553278 -28.2885 250
  endloop
 endfacet
 facet normal 0 0 -1
  outer loop
   vertex -28.5626 10.4992 250
   vertex -31.9697 11.7465 250
   vertex -30.6941 14.3316 250
  endloop
 endfacet
 facet normal 0 0 -1
  outer loop
   vertex -28.5626 10.4992 250
   vertex -30.6941 14.3316 250
   vertex -27.1881 13.6788 250
  endloop
 endfacet
 facet normal 0 0 -1
  outer loop
   vertex -24.9963 16.7483 250
   vertex -28.2305 19.1307 250
   vertex -26.6789 21.5131 250
  endloop
 endfacet
 facet normal 0 0 -1
  outer loop
   vertex -24.9963 16.7483 250
   vertex -26.6789 21.5131 250
   vertex -23.5344 19.6181 250
  endloop
 endfacet
 facet normal 0 0 -1
  outer loop
   vertex -15.0261 -19.3423 250
   vertex -18.4617 -23.6195 250
   vertex -22.0869 -22.0602 250
  endloop
 endfacet
 facet normal -0 0 -1
  outer loop
   vertex -15.0261 -19.3423 250
   vertex -22.0869 -22.0602 250
   vertex -17.6344 -17.4653 250
  endloop
 endfacet
 facet normal 0 0 -1
  outer loop
   vertex -20.0384 -15.2179 250
   vertex -24.144 -18.7383 250
   vertex -26.1589 -15.8386 250
  endloop
 endfacet
 facet normal -0 0 -1
  outer loop
   vertex -20.0384 -15.2179 250
   vertex -26.1589 -15.8386 250
   vertex -22.2255 -12.7986 250
  endloop
 endfacet
 facet normal 0 -0 -1
  outer loop
   vertex -3.02226 -29.0603 250
   vertex -2.8126 -33.3892 250
   vertex -6.99411 -34.3635 250
  endloop
 endfacet
 facet normal 0 0 -1
  outer loop
   vertex -3.02226 -29.0603 250
   vertex -6.99411 -34.3635 250
   vertex -6.03114 -29.5528 250
  endloop
 endfacet
 facet normal 0 0 -1
  outer loop
   vertex -22.2255 -12.7986 250
   vertex -26.1589 -15.8386 250
   vertex -28.3249 -13.0975 250
  endloop
 endfacet
 facet normal -0 0 -1
  outer loop
   vertex -22.2255 -12.7986 250
   vertex -28.3249 -13.0975 250
   vertex -24.5589 -10.379 250
  endloop
 endfacet
 facet normal 0 0 -1
  outer loop
   vertex -25.7033 28.2059 250
   vertex -29.0652 31.097 250
   vertex -26.9067 34.5177 250
  endloop
 endfacet
 facet normal 0 0 -1
  outer loop
   vertex -25.7033 28.2059 250
   vertex -26.9067 34.5177 250
   vertex -23.3512 30.563 250
  endloop
 endfacet
 facet normal 0 0 -1
  outer loop
   vertex -10.767 20.9338 250
   vertex -12.6843 25.8047 250
   vertex -9.678 27.7467 250
  endloop
 endfacet
 facet normal 0 0 -1
  outer loop
   vertex -10.767 20.9338 250
   vertex -9.678 27.7467 250
   vertex -7.92461 22.6731 250
  endloop
 endfacet
 facet normal 0 -0 -1
  outer loop
   vertex 8.9361 -26.1331 250
   vertex 10.3579 -30.155 250
   vertex 7.21219 -31.1343 250
  endloop
 endfacet
 facet normal 0 0 -1
  outer loop
   vertex 8.9361 -26.1331 250
   vertex 7.21219 -31.1343 250
   vertex 5.97499 -26.7243 250
  endloop
 endfacet
 facet normal 0 0 -1
  outer loop
   vertex -29.0652 31.097 250
   vertex -32.6481 33.1716 250
   vertex -30.7494 35.2629 250
  endloop
 endfacet
 facet normal 0 0 -1
  outer loop
   vertex -29.0652 31.097 250
   vertex -30.7494 35.2629 250
   vertex -26.9067 34.5177 250
  endloop
 endfacet
 facet normal 0 0 -1
  outer loop
   vertex 26.6514 10.156 250
   vertex 30.6334 12.4572 250
   vertex 32.6971 9.43856 250
  endloop
 endfacet
 facet normal 0 0 -1
  outer loop
   vertex 26.6514 10.156 250
   vertex 32.6971 9.43856 250
   vertex 28.9062 7.21055 250
  endloop
 endfacet
 facet normal 0 0 -1
  outer loop
   vertex -4.96802 24.4302 250
   vertex -6.58567 29.4076 250
   vertex -3.45672 30.5063 250
  endloop
 endfacet
 facet normal 0 0 -1
  outer loop
   vertex -4.96802 24.4302 250
   vertex -3.45672 30.5063 250
   vertex -1.76118 26.3749 250
  endloop
 endfacet
 facet normal 0 0 -1
  outer loop
   vertex -53.3538 -6.85841 250
   vertex -48.8644 -6.22973 250
   vertex -48.0509 -10.822 250
  endloop
 endfacet
 facet normal 0 0 -1
  outer loop
   vertex -53.3538 -6.85841 250
   vertex -48.0509 -10.822 250
   vertex -52.2641 -10.1821 250
  endloop
 endfacet
 facet normal 0 0 -1
  outer loop
   vertex -48.8644 -6.22973 250
   vertex -44.1452 -5.04139 250
   vertex -42.5217 -8.55899 250
  endloop
 endfacet
 facet normal 0 0 -1
  outer loop
   vertex -48.8644 -6.22973 250
   vertex -42.5217 -8.55899 250
   vertex -48.0509 -10.822 250
  endloop
 endfacet
 facet normal 0 0 -1
  outer loop
   vertex 0.0973724 -3.68494 250
   vertex 0.817601 0.756141 250
   vertex 4.07914 0.814501 250
  endloop
 endfacet
 facet normal 0 0 -1
  outer loop
   vertex 0.0973724 -3.68494 250
   vertex 4.07914 0.814501 250
   vertex 3.16455 -2.25645 250
  endloop
 endfacet
 facet normal -0 0 -1
  outer loop
   vertex -24.5589 -10.379 250
   vertex -28.3249 -13.0975 250
   vertex -30.3624 -10.3272 250
  endloop
 endfacet
 facet normal 0 0 -1
  outer loop
   vertex -24.5589 -10.379 250
   vertex -30.3624 -10.3272 250
   vertex -26.8716 -7.80401 250
  endloop
 endfacet
 facet normal -0 0 -1
  outer loop
   vertex -26.8716 -7.80401 250
   vertex -30.3624 -10.3272 250
   vertex -32.5739 -7.61253 250
  endloop
 endfacet
 facet normal 0 0 -1
  outer loop
   vertex -26.8716 -7.80401 250
   vertex -32.5739 -7.61253 250
   vertex -29.6025 -5.48577 250
  endloop
 endfacet
 facet normal 0 0 -1
  outer loop
   vertex 22.8622 -10.4664 250
   vertex 27.9557 -12.1161 250
   vertex 26.8049 -15.3064 250
  endloop
 endfacet
 facet normal 0 -0 -1
  outer loop
   vertex 22.8622 -10.4664 250
   vertex 26.8049 -15.3064 250
   vertex 21.7403 -13.6432 250
  endloop
 endfacet
 facet normal 0 0 -1
  outer loop
   vertex 21.7403 -13.6432 250
   vertex 26.8049 -15.3064 250
   vertex 25.7797 -18.4398 250
  endloop
 endfacet
 facet normal 0 -0 -1
  outer loop
   vertex 21.7403 -13.6432 250
   vertex 25.7797 -18.4398 250
   vertex 21.0912 -16.9255 250
  endloop
 endfacet
 facet normal 0 0 -1
  outer loop
   vertex -12.3366 -21.0351 250
   vertex -15.2469 -25.2465 250
   vertex -18.4617 -23.6195 250
  endloop
 endfacet
 facet normal -0 0 -1
  outer loop
   vertex -12.3366 -21.0351 250
   vertex -18.4617 -23.6195 250
   vertex -15.0261 -19.3423 250
  endloop
 endfacet
 facet normal 0 0 -1
  outer loop
   vertex -8.95394 -28.1839 250
   vertex -10.9524 -32.6136 250
   vertex -14.6238 -31.3476 250
  endloop
 endfacet
 facet normal -0 0 -1
  outer loop
   vertex -8.95394 -28.1839 250
   vertex -14.6238 -31.3476 250
   vertex -12.0252 -26.6798 250
  endloop
 endfacet
 facet normal 0 0 -1
  outer loop
   vertex 26.2473 -0.508465 250
   vertex 31.1681 -1.68976 250
   vertex 30.0254 -5.31506 250
  endloop
 endfacet
 facet normal 0 -0 -1
  outer loop
   vertex 26.2473 -0.508465 250
   vertex 30.0254 -5.31506 250
   vertex 25.0743 -3.99961 250
  endloop
 endfacet
 facet normal 0 0 -1
  outer loop
   vertex 20.9696 -20.5924 250
   vertex 24.8877 -21.4486 250
   vertex 24.041 -24.127 250
  endloop
 endfacet
 facet normal 0 0 -1
  outer loop
   vertex 20.9696 -20.5924 250
   vertex 24.041 -24.127 250
   vertex 21.3392 -23.6255 250
  endloop
 endfacet
 facet normal 0 0 -1
  outer loop
   vertex 24.8051 12.8294 250
   vertex 28.744 15.2992 250
   vertex 30.6334 12.4572 250
  endloop
 endfacet
 facet normal 0 0 -1
  outer loop
   vertex 24.8051 12.8294 250
   vertex 30.6334 12.4572 250
   vertex 26.6514 10.156 250
  endloop
 endfacet
 facet normal 0 -0 -1
  outer loop
   vertex 46.8482 80.8656 250
   vertex 50.4443 80.1017 250
   vertex 46.2794 76.5806 250
  endloop
 endfacet
 facet normal 0 0 -1
  outer loop
   vertex -6.03114 -29.5528 250
   vertex -6.99411 -34.3635 250
   vertex -10.9524 -32.6136 250
  endloop
 endfacet
 facet normal -0 0 -1
  outer loop
   vertex -6.03114 -29.5528 250
   vertex -10.9524 -32.6136 250
   vertex -8.95394 -28.1839 250
  endloop
 endfacet
 facet normal 0 0 -1
  outer loop
   vertex 46.2794 76.5806 250
   vertex 50.4443 80.1017 250
   vertex 53.8959 77.704 250
  endloop
 endfacet
 facet normal 0 0 -1
  outer loop
   vertex 46.2794 76.5806 250
   vertex 53.8959 77.704 250
   vertex 50.8385 73.8137 250
  endloop
 endfacet
 facet normal 0 0 -1
  outer loop
   vertex -29.6025 -5.48577 250
   vertex -34.6255 -4.76107 250
   vertex -33.0673 -0.903393 250
  endloop
 endfacet
 facet normal 0 0 -1
  outer loop
   vertex -29.6025 -5.48577 250
   vertex -33.0673 -0.903393 250
   vertex -26.7079 -1.57343 250
  endloop
 endfacet
 facet normal 0 0 -1
  outer loop
   vertex 27.6173 3.21611 250
   vertex 32.5053 2.08405 250
   vertex 31.1681 -1.68976 250
  endloop
 endfacet
 facet normal 0 -0 -1
  outer loop
   vertex 27.6173 3.21611 250
   vertex 31.1681 -1.68976 250
   vertex 26.2473 -0.508465 250
  endloop
 endfacet
 facet normal 0 0 -1
  outer loop
   vertex -55.619 76.2205 250
   vertex -53.7529 79.1332 250
   vertex -52.0614 74.211 250
  endloop
 endfacet
 facet normal 0 0 -1
  outer loop
   vertex 28.9062 7.21055 250
   vertex 34.6251 6.19448 250
   vertex 32.5053 2.08405 250
  endloop
 endfacet
 facet normal 0 -0 -1
  outer loop
   vertex 28.9062 7.21055 250
   vertex 32.5053 2.08405 250
   vertex 27.6173 3.21611 250
  endloop
 endfacet
 facet normal 0 0 -1
  outer loop
   vertex -28.6912 6.85647 250
   vertex -33.1881 9.13198 250
   vertex -31.9697 11.7465 250
  endloop
 endfacet
 facet normal 0 0 -1
  outer loop
   vertex -28.6912 6.85647 250
   vertex -31.9697 11.7465 250
   vertex -28.5626 10.4992 250
  endloop
 endfacet
 facet normal 0 -0 -1
  outer loop
   vertex 24.4131 48.4701 250
   vertex 27.649 48.5163 250
   vertex 24.2289 44.525 250
  endloop
 endfacet
 facet normal 0 0 -1
  outer loop
   vertex -17.6344 -17.4653 250
   vertex -22.0869 -22.0602 250
   vertex -24.144 -18.7383 250
  endloop
 endfacet
 facet normal -0 0 -1
  outer loop
   vertex -17.6344 -17.4653 250
   vertex -24.144 -18.7383 250
   vertex -20.0384 -15.2179 250
  endloop
 endfacet
 facet normal 0 0 -1
  outer loop
   vertex -52.0614 74.211 250
   vertex -53.7529 79.1332 250
   vertex -50.4942 81.4169 250
  endloop
 endfacet
 facet normal 0 0 -1
  outer loop
   vertex -52.0614 74.211 250
   vertex -50.4942 81.4169 250
   vertex -48.0695 77.325 250
  endloop
 endfacet
 facet normal 0 0 -1
  outer loop
   vertex -93.3753 -4.15478 250
   vertex -94.691 -0.714492 250
   vertex -89.4829 -2.33332 250
  endloop
 endfacet
 facet normal 0 0 -1
  outer loop
   vertex -7.92461 22.6731 250
   vertex -9.678 27.7467 250
   vertex -6.58567 29.4076 250
  endloop
 endfacet
 facet normal 0 0 -1
  outer loop
   vertex -7.92461 22.6731 250
   vertex -6.58567 29.4076 250
   vertex -4.96802 24.4302 250
  endloop
 endfacet
 facet normal 0 0 -1
  outer loop
   vertex 25.0743 -3.99961 250
   vertex 30.0254 -5.31506 250
   vertex 29.1561 -8.77726 250
  endloop
 endfacet
 facet normal 0 -0 -1
  outer loop
   vertex 25.0743 -3.99961 250
   vertex 29.1561 -8.77726 250
   vertex 24.0588 -7.26913 250
  endloop
 endfacet
 facet normal 0 0 -1
  outer loop
   vertex 17.0316 21.2429 250
   vertex 19.98 24.5689 250
   vertex 22.3903 22.5021 250
  endloop
 endfacet
 facet normal 0 0 -1
  outer loop
   vertex 17.0316 21.2429 250
   vertex 22.3903 22.5021 250
   vertex 19.2292 19.1684 250
  endloop
 endfacet
 facet normal 0 0 -1
  outer loop
   vertex 24.0588 -7.26913 250
   vertex 29.1561 -8.77726 250
   vertex 27.9557 -12.1161 250
  endloop
 endfacet
 facet normal 0 -0 -1
  outer loop
   vertex 24.0588 -7.26913 250
   vertex 27.9557 -12.1161 250
   vertex 22.8622 -10.4664 250
  endloop
 endfacet
 facet normal 0 0 -1
  outer loop
   vertex -26.7079 -1.57343 250
   vertex -33.0673 -0.903393 250
   vertex -32.649 2.79339 250
  endloop
 endfacet
 facet normal 0 0 -1
  outer loop
   vertex -26.7079 -1.57343 250
   vertex -32.649 2.79339 250
   vertex -27.5494 2.95209 250
  endloop
 endfacet
 facet normal 0 0 -1
  outer loop
   vertex -89.4829 -2.33332 250
   vertex -94.691 -0.714492 250
   vertex -94.5904 3.47716 250
  endloop
 endfacet
 facet normal 0 0 -1
  outer loop
   vertex -89.4829 -2.33332 250
   vertex -94.5904 3.47716 250
   vertex -89.6337 3.0297 250
  endloop
 endfacet
 facet normal 0 0 -1
  outer loop
   vertex 19.2292 19.1684 250
   vertex 22.3903 22.5021 250
   vertex 24.7395 20.367 250
  endloop
 endfacet
 facet normal 0 0 -1
  outer loop
   vertex 19.2292 19.1684 250
   vertex 24.7395 20.367 250
   vertex 21.3696 17.2698 250
  endloop
 endfacet
 facet normal 0 -0 -1
  outer loop
   vertex 11.6622 -25.9987 250
   vertex 13.4089 -29.1086 250
   vertex 10.3579 -30.155 250
  endloop
 endfacet
 facet normal 0 0 -1
  outer loop
   vertex 11.6622 -25.9987 250
   vertex 10.3579 -30.155 250
   vertex 8.9361 -26.1331 250
  endloop
 endfacet
 facet normal 0 -0 -1
  outer loop
   vertex -0.0553278 -28.2885 250
   vertex 0.668649 -32.6039 250
   vertex -2.8126 -33.3892 250
  endloop
 endfacet
 facet normal 0 0 -1
  outer loop
   vertex -0.0553278 -28.2885 250
   vertex -2.8126 -33.3892 250
   vertex -3.02226 -29.0603 250
  endloop
 endfacet
 facet normal -0 0 -1
  outer loop
   vertex -27.5494 2.95209 250
   vertex -32.649 2.79339 250
   vertex -32.614 6.07638 250
  endloop
 endfacet
 facet normal 0 0 -1
  outer loop
   vertex -27.5494 2.95209 250
   vertex -32.614 6.07638 250
   vertex -28.6912 6.85647 250
  endloop
 endfacet
 facet normal 0 0 -1
  outer loop
   vertex -34.028 -87.9436 250
   vertex -37.5198 -87.9332 250
   vertex -34.2951 -83.855 250
  endloop
 endfacet
 facet normal 0 0 -1
  outer loop
   vertex -34.2951 -83.855 250
   vertex -37.5198 -87.9332 250
   vertex -41.2448 -86.4184 250
  endloop
 endfacet
 facet normal -0 0 -1
  outer loop
   vertex -34.2951 -83.855 250
   vertex -41.2448 -86.4184 250
   vertex -39.2033 -82.2166 250
  endloop
 endfacet
 facet normal 0 0 -1
  outer loop
   vertex 14.8187 23.6107 250
   vertex 17.5602 26.6455 250
   vertex 19.98 24.5689 250
  endloop
 endfacet
 facet normal 0 0 -1
  outer loop
   vertex 14.8187 23.6107 250
   vertex 19.98 24.5689 250
   vertex 17.0316 21.2429 250
  endloop
 endfacet
 facet normal 0 0 -1
  outer loop
   vertex -31.3366 -39.6995 250
   vertex -34.3807 -38.7386 250
   vertex -29.6468 -35.9479 250
  endloop
 endfacet
 facet normal 0 -0 -1
  outer loop
   vertex 49.8726 19.2838 250
   vertex 51.9477 16.8098 250
   vertex 46.746 16.7655 250
  endloop
 endfacet
 facet normal 0 0 -1
  outer loop
   vertex -12.0252 -26.6798 250
   vertex -15.2469 -25.2465 250
   vertex -12.3366 -21.0351 250
  endloop
 endfacet
 facet normal 0 0 -1
  outer loop
   vertex -12.0252 -26.6798 250
   vertex -12.3366 -21.0351 250
   vertex -9.44863 -22.6403 250
  endloop
 endfacet
 facet normal -0 0 -1
  outer loop
   vertex 53.8677 -76.3795 250
   vertex 51.6815 -79.3513 250
   vertex 50.2438 -74.0716 250
  endloop
 endfacet
 facet normal 0 0 -1
  outer loop
   vertex -20.4516 26.6213 250
   vertex -17.8866 28.9766 250
   vertex -15.635 23.6325 250
  endloop
 endfacet
 facet normal 0 0 -1
  outer loop
   vertex -20.4516 26.6213 250
   vertex -15.635 23.6325 250
   vertex -18.6419 21.274 250
  endloop
 endfacet
 facet normal 0 -0 -1
  outer loop
   vertex 50.2438 -74.0716 250
   vertex 51.6815 -79.3513 250
   vertex 48.1161 -81.5301 250
  endloop
 endfacet
 facet normal 0 0 -1
  outer loop
   vertex 50.2438 -74.0716 250
   vertex 48.1161 -81.5301 250
   vertex 45.8259 -77.0942 250
  endloop
 endfacet
 facet normal 0 0 -1
  outer loop
   vertex 21.0912 -16.9255 250
   vertex 25.7797 -18.4398 250
   vertex 24.8877 -21.4486 250
  endloop
 endfacet
 facet normal 0 -0 -1
  outer loop
   vertex 21.0912 -16.9255 250
   vertex 24.8877 -21.4486 250
   vertex 20.9696 -20.5924 250
  endloop
 endfacet
 facet normal 0 0 -1
  outer loop
   vertex -15.635 23.6325 250
   vertex -12.6843 25.8047 250
   vertex -10.767 20.9338 250
  endloop
 endfacet
 facet normal 0 0 -1
  outer loop
   vertex -15.635 23.6325 250
   vertex -10.767 20.9338 250
   vertex -13.6285 19.2299 250
  endloop
 endfacet
 facet normal 0 -0 -1
  outer loop
   vertex 15.323 28.7635 250
   vertex 17.5602 26.6455 250
   vertex 14.8187 23.6107 250
  endloop
 endfacet
 facet normal 0 0 -1
  outer loop
   vertex 15.323 28.7635 250
   vertex 14.8187 23.6107 250
   vertex 12.2897 26.5289 250
  endloop
 endfacet
 facet normal 0 0 -1
  outer loop
   vertex -14.7176 -14.3972 250
   vertex -17.6344 -17.4653 250
   vertex -20.0384 -15.2179 250
  endloop
 endfacet
 facet normal -0 0 -1
  outer loop
   vertex -14.7176 -14.3972 250
   vertex -20.0384 -15.2179 250
   vertex -16.6137 -12.1917 250
  endloop
 endfacet
 facet normal 0 0 -1
  outer loop
   vertex 21.235 13.625 250
   vertex 23.3318 15.3145 250
   vertex 24.8051 12.8294 250
  endloop
 endfacet
 facet normal 0 0 -1
  outer loop
   vertex 21.235 13.625 250
   vertex 24.8051 12.8294 250
   vertex 21.5191 11.1675 250
  endloop
 endfacet
 facet normal 0 0 -1
  outer loop
   vertex -3.82368 19.3319 250
   vertex -4.96802 24.4302 250
   vertex -1.76118 26.3749 250
  endloop
 endfacet
 facet normal 0 0 -1
  outer loop
   vertex -3.82368 19.3319 250
   vertex -1.76118 26.3749 250
   vertex -0.880256 20.3164 250
  endloop
 endfacet
 facet normal 0 0 -1
  outer loop
   vertex 23.2144 4.11605 250
   vertex 27.6173 3.21611 250
   vertex 26.2473 -0.508465 250
  endloop
 endfacet
 facet normal 0 -0 -1
  outer loop
   vertex 23.2144 4.11605 250
   vertex 26.2473 -0.508465 250
   vertex 21.6072 0.660892 250
  endloop
 endfacet
 facet normal 0 0 -1
  outer loop
   vertex -22.8894 25.0218 250
   vertex -25.7033 28.2059 250
   vertex -23.3512 30.563 250
  endloop
 endfacet
 facet normal 0 0 -1
  outer loop
   vertex -22.8894 25.0218 250
   vertex -23.3512 30.563 250
   vertex -20.4516 26.6213 250
  endloop
 endfacet
 facet normal 0 0 -1
  outer loop
   vertex 2.19289 21.0815 250
   vertex 1.92334 26.1289 250
   vertex 5.28229 26.1483 250
  endloop
 endfacet
 facet normal 0 0 -1
  outer loop
   vertex 2.19289 21.0815 250
   vertex 5.28229 26.1483 250
   vertex 5.2324 21.5738 250
  endloop
 endfacet
 facet normal 0 0 -1
  outer loop
   vertex 5.2324 21.5738 250
   vertex 5.28229 26.1483 250
   vertex 8.6068 26.3349 250
  endloop
 endfacet
 facet normal 0 0 -1
  outer loop
   vertex 5.2324 21.5738 250
   vertex 8.6068 26.3349 250
   vertex 8.25251 22.1179 250
  endloop
 endfacet
 facet normal -0 0 -1
  outer loop
   vertex -21.5825 4.21816 250
   vertex -27.5494 2.95209 250
   vertex -28.6912 6.85647 250
  endloop
 endfacet
 facet normal 0 0 -1
  outer loop
   vertex -21.5825 4.21816 250
   vertex -28.6912 6.85647 250
   vertex -23.9944 7.68883 250
  endloop
 endfacet
 facet normal 0 0 -1
  outer loop
   vertex -23.9944 7.68883 250
   vertex -28.5626 10.4992 250
   vertex -27.1881 13.6788 250
  endloop
 endfacet
 facet normal 0 0 -1
  outer loop
   vertex -23.9944 7.68883 250
   vertex -27.1881 13.6788 250
   vertex -22.5615 11.5671 250
  endloop
 endfacet
 facet normal 0 0 -1
  outer loop
   vertex -21.4831 15.1752 250
   vertex -24.9963 16.7483 250
   vertex -23.5344 19.6181 250
  endloop
 endfacet
 facet normal 0 0 -1
  outer loop
   vertex -21.4831 15.1752 250
   vertex -23.5344 19.6181 250
   vertex -20.7223 18.4122 250
  endloop
 endfacet
 facet normal 0 0 -1
  outer loop
   vertex -12.3751 -16.0206 250
   vertex -15.0261 -19.3423 250
   vertex -17.6344 -17.4653 250
  endloop
 endfacet
 facet normal -0 0 -1
  outer loop
   vertex -12.3751 -16.0206 250
   vertex -17.6344 -17.4653 250
   vertex -14.7176 -14.3972 250
  endloop
 endfacet
 facet normal 0 0 -1
  outer loop
   vertex 64.588 76.5182 250
   vertex 60.6764 79.4343 250
   vertex 67.3572 80.2902 250
  endloop
 endfacet
 facet normal 0 0 -1
  outer loop
   vertex -18.8465 -9.99386 250
   vertex -22.2255 -12.7986 250
   vertex -24.5589 -10.379 250
  endloop
 endfacet
 facet normal -0 0 -1
  outer loop
   vertex -18.8465 -9.99386 250
   vertex -24.5589 -10.379 250
   vertex -21.4064 -7.98478 250
  endloop
 endfacet
 facet normal 0 0 -1
  outer loop
   vertex -0.880256 20.3164 250
   vertex -1.76118 26.3749 250
   vertex 1.92334 26.1289 250
  endloop
 endfacet
 facet normal 0 0 -1
  outer loop
   vertex -0.880256 20.3164 250
   vertex 1.92334 26.1289 250
   vertex 2.19289 21.0815 250
  endloop
 endfacet
 facet normal 0 0 -1
  outer loop
   vertex 20.6068 -2.64066 250
   vertex 25.0743 -3.99961 250
   vertex 24.0588 -7.26913 250
  endloop
 endfacet
 facet normal 0 -0 -1
  outer loop
   vertex 20.6068 -2.64066 250
   vertex 24.0588 -7.26913 250
   vertex 19.4923 -5.78985 250
  endloop
 endfacet
 facet normal -0 0 -1
  outer loop
   vertex 67.3572 80.2902 250
   vertex 60.6764 79.4343 250
   vertex 61.0852 84.0487 250
  endloop
 endfacet
 facet normal 0 0 -1
  outer loop
   vertex 67.3572 80.2902 250
   vertex 61.0852 84.0487 250
   vertex 64.7776 84.2692 250
  endloop
 endfacet
 facet normal 0 0 -1
  outer loop
   vertex 16.8226 15.9847 250
   vertex 19.2292 19.1684 250
   vertex 21.3696 17.2698 250
  endloop
 endfacet
 facet normal 0 0 -1
  outer loop
   vertex 16.8226 15.9847 250
   vertex 21.3696 17.2698 250
   vertex 19.1714 14.5245 250
  endloop
 endfacet
 facet normal 0 0 -1
  outer loop
   vertex 17.7885 -8.67655 250
   vertex 22.8622 -10.4664 250
   vertex 21.7403 -13.6432 250
  endloop
 endfacet
 facet normal 0 -0 -1
  outer loop
   vertex 17.7885 -8.67655 250
   vertex 21.7403 -13.6432 250
   vertex 15.171 -11.6234 250
  endloop
 endfacet
 facet normal 0 0 -1
  outer loop
   vertex 15.171 -11.6234 250
   vertex 21.7403 -13.6432 250
   vertex 21.0912 -16.9255 250
  endloop
 endfacet
 facet normal 0 0 -1
  outer loop
   vertex 15.171 -11.6234 250
   vertex 21.0912 -16.9255 250
   vertex 15.8562 -15.8867 250
  endloop
 endfacet
 facet normal 0 0 -1
  outer loop
   vertex -10.0441 -17.5305 250
   vertex -12.3366 -21.0351 250
   vertex -15.0261 -19.3423 250
  endloop
 endfacet
 facet normal -0 0 -1
  outer loop
   vertex -10.0441 -17.5305 250
   vertex -15.0261 -19.3423 250
   vertex -12.3751 -16.0206 250
  endloop
 endfacet
 facet normal 0 0 -1
  outer loop
   vertex -6.57362 -24.2235 250
   vertex -8.95394 -28.1839 250
   vertex -12.0252 -26.6798 250
  endloop
 endfacet
 facet normal -0 0 -1
  outer loop
   vertex -6.57362 -24.2235 250
   vertex -12.0252 -26.6798 250
   vertex -9.44863 -22.6403 250
  endloop
 endfacet
 facet normal 0 0 -1
  outer loop
   vertex 21.6072 0.660892 250
   vertex 26.2473 -0.508465 250
   vertex 25.0743 -3.99961 250
  endloop
 endfacet
 facet normal 0 -0 -1
  outer loop
   vertex 21.6072 0.660892 250
   vertex 25.0743 -3.99961 250
   vertex 20.6068 -2.64066 250
  endloop
 endfacet
 facet normal 0 0 -1
  outer loop
   vertex 21.5191 11.1675 250
   vertex 24.8051 12.8294 250
   vertex 26.6514 10.156 250
  endloop
 endfacet
 facet normal 0 0 -1
  outer loop
   vertex 21.5191 11.1675 250
   vertex 26.6514 10.156 250
   vertex 22.9564 7.99219 250
  endloop
 endfacet
 facet normal 0 0 -1
  outer loop
   vertex -3.61342 -25.8987 250
   vertex -6.03114 -29.5528 250
   vertex -8.95394 -28.1839 250
  endloop
 endfacet
 facet normal -0 0 -1
  outer loop
   vertex -3.61342 -25.8987 250
   vertex -8.95394 -28.1839 250
   vertex -6.57362 -24.2235 250
  endloop
 endfacet
 facet normal -0 0 -1
  outer loop
   vertex 7.9051 -47.1737 250
   vertex 5.2074 -48.2283 250
   vertex 6.40217 -43.4922 250
  endloop
 endfacet
 facet normal 0 0 -1
  outer loop
   vertex 12.8008 -22.7114 250
   vertex 11.6622 -25.9987 250
   vertex 8.9361 -26.1331 250
  endloop
 endfacet
 facet normal -0 0 -1
  outer loop
   vertex 12.8008 -22.7114 250
   vertex 8.9361 -26.1331 250
   vertex 8.50005 -22.5397 250
  endloop
 endfacet
 facet normal 0 -0 -1
  outer loop
   vertex 105.527 12.6524 250
   vertex 106.564 9.49028 250
   vertex 102.324 10.645 250
  endloop
 endfacet
 facet normal 0 0 -1
  outer loop
   vertex 102.324 10.645 250
   vertex 106.564 9.49028 250
   vertex 106.109 5.74857 250
  endloop
 endfacet
 facet normal 0 -0 -1
  outer loop
   vertex 102.324 10.645 250
   vertex 106.109 5.74857 250
   vertex 102.129 5.18326 250
  endloop
 endfacet
 facet normal 0 -0 -1
  outer loop
   vertex 4.99417 -23.0129 250
   vertex 5.97499 -26.7243 250
   vertex 2.94664 -27.3853 250
  endloop
 endfacet
 facet normal 0 0 -1
  outer loop
   vertex 4.99417 -23.0129 250
   vertex 2.94664 -27.3853 250
   vertex 1.8533 -23.7775 250
  endloop
 endfacet
 facet normal 0 -0 -1
  outer loop
   vertex 41.2734 24.4627 250
   vertex 43.4938 22.5563 250
   vertex 38.6901 21.5631 250
  endloop
 endfacet
 facet normal 0 -0 -1
  outer loop
   vertex 8.50005 -22.5397 250
   vertex 8.9361 -26.1331 250
   vertex 5.97499 -26.7243 250
  endloop
 endfacet
 facet normal 0 0 -1
  outer loop
   vertex 8.50005 -22.5397 250
   vertex 5.97499 -26.7243 250
   vertex 4.99417 -23.0129 250
  endloop
 endfacet
 facet normal 0 0 -1
  outer loop
   vertex -22.5615 11.5671 250
   vertex -27.1881 13.6788 250
   vertex -24.9963 16.7483 250
  endloop
 endfacet
 facet normal 0 0 -1
  outer loop
   vertex -22.5615 11.5671 250
   vertex -24.9963 16.7483 250
   vertex -21.4831 15.1752 250
  endloop
 endfacet
 facet normal 0 0 -1
  outer loop
   vertex 12.4612 20.3937 250
   vertex 14.8187 23.6107 250
   vertex 17.0316 21.2429 250
  endloop
 endfacet
 facet normal 0 0 -1
  outer loop
   vertex 12.4612 20.3937 250
   vertex 17.0316 21.2429 250
   vertex 14.5091 17.9657 250
  endloop
 endfacet
 facet normal 0 -0 -1
  outer loop
   vertex 1.8533 -23.7775 250
   vertex 2.94664 -27.3853 250
   vertex -0.0553278 -28.2885 250
  endloop
 endfacet
 facet normal 0 0 -1
  outer loop
   vertex 1.8533 -23.7775 250
   vertex -0.0553278 -28.2885 250
   vertex -0.927862 -24.9834 250
  endloop
 endfacet
 facet normal 0 -0 -1
  outer loop
   vertex -0.927862 -24.9834 250
   vertex -0.0553278 -28.2885 250
   vertex -3.02226 -29.0603 250
  endloop
 endfacet
 facet normal 0 0 -1
  outer loop
   vertex -0.927862 -24.9834 250
   vertex -3.02226 -29.0603 250
   vertex -3.61342 -25.8987 250
  endloop
 endfacet
 facet normal 0 0 -1
  outer loop
   vertex -6.6242 18.2169 250
   vertex -7.92461 22.6731 250
   vertex -4.96802 24.4302 250
  endloop
 endfacet
 facet normal 0 0 -1
  outer loop
   vertex -6.6242 18.2169 250
   vertex -4.96802 24.4302 250
   vertex -3.82368 19.3319 250
  endloop
 endfacet
 facet normal 0 0 -1
  outer loop
   vertex 22.9564 7.99219 250
   vertex 28.9062 7.21055 250
   vertex 27.6173 3.21611 250
  endloop
 endfacet
 facet normal 0 0 -1
  outer loop
   vertex 22.9564 7.99219 250
   vertex 27.6173 3.21611 250
   vertex 23.2144 4.11605 250
  endloop
 endfacet
 facet normal 0 0 -1
  outer loop
   vertex -28.9571 41.782 250
   vertex -25.7011 42.2758 250
   vertex -28.1774 38.8683 250
  endloop
 endfacet
 facet normal -0 0 -1
  outer loop
   vertex 41.2943 -20.9995 250
   vertex 40.74 -23.9438 250
   vertex 37.3328 -20.1673 250
  endloop
 endfacet
 facet normal 0 0 -1
  outer loop
   vertex 14.5091 17.9657 250
   vertex 17.0316 21.2429 250
   vertex 19.2292 19.1684 250
  endloop
 endfacet
 facet normal 0 0 -1
  outer loop
   vertex 14.5091 17.9657 250
   vertex 19.2292 19.1684 250
   vertex 16.8226 15.9847 250
  endloop
 endfacet
 facet normal 0 0 -1
  outer loop
   vertex 19.4923 -5.78985 250
   vertex 24.0588 -7.26913 250
   vertex 22.8622 -10.4664 250
  endloop
 endfacet
 facet normal 0 -0 -1
  outer loop
   vertex 19.4923 -5.78985 250
   vertex 22.8622 -10.4664 250
   vertex 17.7885 -8.67655 250
  endloop
 endfacet
 facet normal 0 0 -1
  outer loop
   vertex -49.951 93.2259 250
   vertex -50.3206 88.1704 250
   vertex -54.3506 89.4037 250
  endloop
 endfacet
 facet normal 0 0 -1
  outer loop
   vertex -49.951 93.2259 250
   vertex -54.3506 89.4037 250
   vertex -53.5051 92.4835 250
  endloop
 endfacet
 facet normal 0 0 -1
  outer loop
   vertex -51.5927 -92.3113 250
   vertex -47.0987 -89.8982 250
   vertex -45.9829 -93.9561 250
  endloop
 endfacet
 facet normal 0 0 -1
  outer loop
   vertex -51.5927 -92.3113 250
   vertex -45.9829 -93.9561 250
   vertex -49.0512 -94.9063 250
  endloop
 endfacet
 facet normal 0 0 -1
  outer loop
   vertex -9.27315 16.7865 250
   vertex -10.767 20.9338 250
   vertex -7.92461 22.6731 250
  endloop
 endfacet
 facet normal 0 0 -1
  outer loop
   vertex -9.27315 16.7865 250
   vertex -7.92461 22.6731 250
   vertex -6.6242 18.2169 250
  endloop
 endfacet
 facet normal 0 0 -1
  outer loop
   vertex -16.6137 -12.1917 250
   vertex -20.0384 -15.2179 250
   vertex -22.2255 -12.7986 250
  endloop
 endfacet
 facet normal -0 0 -1
  outer loop
   vertex -16.6137 -12.1917 250
   vertex -22.2255 -12.7986 250
   vertex -18.8465 -9.99386 250
  endloop
 endfacet
 facet normal 0 0 -1
  outer loop
   vertex 102.129 5.18326 250
   vertex 106.109 5.74857 250
   vertex 103.67 0.686781 250
  endloop
 endfacet
 facet normal 0 0 -1
  outer loop
   vertex 103.67 0.686781 250
   vertex 106.109 5.74857 250
   vertex 109.886 5.00661 250
  endloop
 endfacet
 facet normal 0 0 -1
  outer loop
   vertex 103.67 0.686781 250
   vertex 109.886 5.00661 250
   vertex 110 0 250
  endloop
 endfacet
 facet normal 0 0 -1
  outer loop
   vertex -2.46531 1.0062 250
   vertex 0.817601 0.756141 250
   vertex 0.0973724 -3.68494 250
  endloop
 endfacet
 facet normal 0 -0 -1
  outer loop
   vertex -2.46531 1.0062 250
   vertex 0.0973724 -3.68494 250
   vertex -3.8234 -2.54968 250
  endloop
 endfacet
 facet normal -0 0 -1
  outer loop
   vertex 10.9536 22.9026 250
   vertex 8.25251 22.1179 250
   vertex 8.6068 26.3349 250
  endloop
 endfacet
 facet normal 0 0 -1
  outer loop
   vertex 10.9536 22.9026 250
   vertex 8.6068 26.3349 250
   vertex 12.2897 26.5289 250
  endloop
 endfacet
 facet normal 0 0 -1
  outer loop
   vertex -18.6419 21.274 250
   vertex -15.635 23.6325 250
   vertex -13.6285 19.2299 250
  endloop
 endfacet
 facet normal 0 0 -1
  outer loop
   vertex -18.6419 21.274 250
   vertex -13.6285 19.2299 250
   vertex -16.6798 17.7101 250
  endloop
 endfacet
 facet normal 0 0 -1
  outer loop
   vertex -9.44863 -22.6403 250
   vertex -12.3366 -21.0351 250
   vertex -10.0441 -17.5305 250
  endloop
 endfacet
 facet normal 0 0 -1
  outer loop
   vertex -9.44863 -22.6403 250
   vertex -10.0441 -17.5305 250
   vertex -6.97025 -19.2091 250
  endloop
 endfacet
 facet normal 0 0 -1
  outer loop
   vertex 49.5155 93.4684 250
   vertex 50.6072 97.6674 250
   vertex 55 95.2628 250
  endloop
 endfacet
 facet normal 0 0 -1
  outer loop
   vertex 49.5155 93.4684 250
   vertex 55 95.2628 250
   vertex 53.9497 91.2749 250
  endloop
 endfacet
 facet normal 0 0 -1
  outer loop
   vertex 19.1714 14.5245 250
   vertex 21.3696 17.2698 250
   vertex 23.3318 15.3145 250
  endloop
 endfacet
 facet normal 0 0 -1
  outer loop
   vertex 19.1714 14.5245 250
   vertex 23.3318 15.3145 250
   vertex 21.235 13.625 250
  endloop
 endfacet
 facet normal 0 0 -1
  outer loop
   vertex 73.7642 5.05732 250
   vertex 78.2009 5.13329 250
   vertex 77.9516 1.88591 250
  endloop
 endfacet
 facet normal 0 0 -1
  outer loop
   vertex 73.7642 5.05732 250
   vertex 77.9516 1.88591 250
   vertex 74.1328 2.2521 250
  endloop
 endfacet
 facet normal 0 0 -1
  outer loop
   vertex 12.2897 26.5289 250
   vertex 14.8187 23.6107 250
   vertex 12.4612 20.3937 250
  endloop
 endfacet
 facet normal 0 -0 -1
  outer loop
   vertex 12.2897 26.5289 250
   vertex 12.4612 20.3937 250
   vertex 10.9536 22.9026 250
  endloop
 endfacet
 facet normal 0 0 -1
  outer loop
   vertex -13.6285 19.2299 250
   vertex -10.767 20.9338 250
   vertex -9.27315 16.7865 250
  endloop
 endfacet
 facet normal 0 0 -1
  outer loop
   vertex -13.6285 19.2299 250
   vertex -9.27315 16.7865 250
   vertex -11.9587 15.3078 250
  endloop
 endfacet
 facet normal 0 0 -1
  outer loop
   vertex 18.4077 11.2612 250
   vertex 21.5191 11.1675 250
   vertex 22.9564 7.99219 250
  endloop
 endfacet
 facet normal 0 0 -1
  outer loop
   vertex 18.4077 11.2612 250
   vertex 22.9564 7.99219 250
   vertex 18.4277 7.08131 250
  endloop
 endfacet
 facet normal 0 0 -1
  outer loop
   vertex 12.0872 14.5862 250
   vertex 14.5091 17.9657 250
   vertex 16.8226 15.9847 250
  endloop
 endfacet
 facet normal 0 0 -1
  outer loop
   vertex 12.0872 14.5862 250
   vertex 16.8226 15.9847 250
   vertex 15.0945 12.4523 250
  endloop
 endfacet
 facet normal -0 0 -1
  outer loop
   vertex -105.414 -8.64598 250
   vertex -109.544 -10.0028 250
   vertex -109.886 -5.00661 250
  endloop
 endfacet
 facet normal 0 0 -1
  outer loop
   vertex -105.414 -8.64598 250
   vertex -109.886 -5.00661 250
   vertex -105.944 -3.66775 250
  endloop
 endfacet
 facet normal 0 0 -1
  outer loop
   vertex 14.2491 -6.62533 250
   vertex 17.7885 -8.67655 250
   vertex 15.171 -11.6234 250
  endloop
 endfacet
 facet normal 0 -0 -1
  outer loop
   vertex 14.2491 -6.62533 250
   vertex 15.171 -11.6234 250
   vertex 12.7088 -8.97419 250
  endloop
 endfacet
 facet normal 0 0 -1
  outer loop
   vertex 5.54068 17.6049 250
   vertex 5.2324 21.5738 250
   vertex 8.25251 22.1179 250
  endloop
 endfacet
 facet normal 0 0 -1
  outer loop
   vertex 5.54068 17.6049 250
   vertex 8.25251 22.1179 250
   vertex 9.06389 17.4512 250
  endloop
 endfacet
 facet normal 0 -0 -1
  outer loop
   vertex 76.8858 8.90781 250
   vertex 78.2009 5.13329 250
   vertex 73.7642 5.05732 250
  endloop
 endfacet
 facet normal 0 0 -1
  outer loop
   vertex 76.8858 8.90781 250
   vertex 73.7642 5.05732 250
   vertex 73.6286 7.85724 250
  endloop
 endfacet
 facet normal 0 0 -1
  outer loop
   vertex 2.60686 16.4965 250
   vertex 2.19289 21.0815 250
   vertex 5.2324 21.5738 250
  endloop
 endfacet
 facet normal 0 0 -1
  outer loop
   vertex 2.60686 16.4965 250
   vertex 5.2324 21.5738 250
   vertex 5.54068 17.6049 250
  endloop
 endfacet
 facet normal 0 -0 -1
  outer loop
   vertex 64.1019 -84.1337 250
   vertex 67.4593 -86.8864 250
   vertex 63.4348 -89.8667 250
  endloop
 endfacet
 facet normal 0 0 -1
  outer loop
   vertex 64.1019 -84.1337 250
   vertex 63.4348 -89.8667 250
   vertex 60.2088 -87.2694 250
  endloop
 endfacet
 facet normal 0 -0 -1
  outer loop
   vertex -18.6419 21.274 250
   vertex -16.6798 17.7101 250
   vertex -20.7223 18.4122 250
  endloop
 endfacet
 facet normal 0 0 -1
  outer loop
   vertex -0.237284 15.8792 250
   vertex -0.880256 20.3164 250
   vertex 2.19289 21.0815 250
  endloop
 endfacet
 facet normal 0 0 -1
  outer loop
   vertex -0.237284 15.8792 250
   vertex 2.19289 21.0815 250
   vertex 2.60686 16.4965 250
  endloop
 endfacet
 facet normal 0 0 -1
  outer loop
   vertex 15.0945 12.4523 250
   vertex 16.8226 15.9847 250
   vertex 19.1714 14.5245 250
  endloop
 endfacet
 facet normal 0 0 -1
  outer loop
   vertex 15.0945 12.4523 250
   vertex 19.1714 14.5245 250
   vertex 18.4077 11.2612 250
  endloop
 endfacet
 facet normal 0 0 -1
  outer loop
   vertex -23.5344 19.6181 250
   vertex -22.0122 22.1798 250
   vertex -18.6419 21.274 250
  endloop
 endfacet
 facet normal 0 0 -1
  outer loop
   vertex -23.5344 19.6181 250
   vertex -18.6419 21.274 250
   vertex -20.7223 18.4122 250
  endloop
 endfacet
 facet normal 0 0 -1
  outer loop
   vertex -8.02084 13.212 250
   vertex -9.27315 16.7865 250
   vertex -6.6242 18.2169 250
  endloop
 endfacet
 facet normal 0 0 -1
  outer loop
   vertex -8.02084 13.212 250
   vertex -6.6242 18.2169 250
   vertex -5.74399 14.78 250
  endloop
 endfacet
 facet normal 0 0 -1
  outer loop
   vertex -41.1278 10.0203 250
   vertex -41.4798 12.7006 250
   vertex -37.6009 10.2025 250
  endloop
 endfacet
 facet normal 0 0 -1
  outer loop
   vertex 18.4277 7.08131 250
   vertex 23.2144 4.11605 250
   vertex 21.6072 0.660892 250
  endloop
 endfacet
 facet normal 0 -0 -1
  outer loop
   vertex 18.4277 7.08131 250
   vertex 21.6072 0.660892 250
   vertex 17.0012 2.28685 250
  endloop
 endfacet
 facet normal 0 0 -1
  outer loop
   vertex -3.07534 15.1488 250
   vertex -3.82368 19.3319 250
   vertex -0.880256 20.3164 250
  endloop
 endfacet
 facet normal 0 0 -1
  outer loop
   vertex -3.07534 15.1488 250
   vertex -0.880256 20.3164 250
   vertex -0.237284 15.8792 250
  endloop
 endfacet
 facet normal 0 0 -1
  outer loop
   vertex -6.7315 -15.7084 250
   vertex -10.0441 -17.5305 250
   vertex -12.3751 -16.0206 250
  endloop
 endfacet
 facet normal -0 0 -1
  outer loop
   vertex -6.7315 -15.7084 250
   vertex -12.3751 -16.0206 250
   vertex -9.77822 -13.138 250
  endloop
 endfacet
 facet normal 0 0 -1
  outer loop
   vertex 17.0012 2.28685 250
   vertex 21.6072 0.660892 250
   vertex 20.6068 -2.64066 250
  endloop
 endfacet
 facet normal 0 -0 -1
  outer loop
   vertex 17.0012 2.28685 250
   vertex 20.6068 -2.64066 250
   vertex 16.5172 -1.45327 250
  endloop
 endfacet
 facet normal 0 0 -1
  outer loop
   vertex 16.5172 -1.45327 250
   vertex 20.6068 -2.64066 250
   vertex 19.4923 -5.78985 250
  endloop
 endfacet
 facet normal 0 -0 -1
  outer loop
   vertex 16.5172 -1.45327 250
   vertex 19.4923 -5.78985 250
   vertex 16.2894 -4.35434 250
  endloop
 endfacet
 facet normal 0 -0 -1
  outer loop
   vertex 7.35516 -18.7297 250
   vertex 8.50005 -22.5397 250
   vertex 4.99417 -23.0129 250
  endloop
 endfacet
 facet normal 0 0 -1
  outer loop
   vertex 7.35516 -18.7297 250
   vertex 4.99417 -23.0129 250
   vertex 3.49972 -19.2245 250
  endloop
 endfacet
 facet normal 0 0 -1
  outer loop
   vertex -1.98001 -22.5173 250
   vertex -3.61342 -25.8987 250
   vertex -6.57362 -24.2235 250
  endloop
 endfacet
 facet normal -0 0 -1
  outer loop
   vertex -1.98001 -22.5173 250
   vertex -6.57362 -24.2235 250
   vertex -4.39627 -20.6804 250
  endloop
 endfacet
 facet normal 0 0 -1
  outer loop
   vertex -9.77822 -13.138 250
   vertex -12.3751 -16.0206 250
   vertex -14.7176 -14.3972 250
  endloop
 endfacet
 facet normal -0 0 -1
  outer loop
   vertex -9.77822 -13.138 250
   vertex -14.7176 -14.3972 250
   vertex -12.4904 -12.2717 250
  endloop
 endfacet
 facet normal 0 0 -1
  outer loop
   vertex -13.2368 -9.5781 250
   vertex -16.6137 -12.1917 250
   vertex -18.8465 -9.99386 250
  endloop
 endfacet
 facet normal -0 0 -1
  outer loop
   vertex -13.2368 -9.5781 250
   vertex -18.8465 -9.99386 250
   vertex -15.9344 -6.80325 250
  endloop
 endfacet
 facet normal 0 -0 -1
  outer loop
   vertex 41.5717 14.7462 250
   vertex 43.4108 11.8802 250
   vertex 37.9448 12.0293 250
  endloop
 endfacet
 facet normal -0 -0 -1
  outer loop
   vertex 39.745 -10.6275 250
   vertex 39.8155 -13.8739 250
   vertex 35.386 -10.5793 250
  endloop
 endfacet
 facet normal 0 0 -1
  outer loop
   vertex 26.4243 -28.7381 250
   vertex 25.1032 -31.3223 250
   vertex 21.6501 -29.5656 250
  endloop
 endfacet
 facet normal -0 0 -1
  outer loop
   vertex 26.4243 -28.7381 250
   vertex 21.6501 -29.5656 250
   vertex 23.3978 -26.8741 250
  endloop
 endfacet
 facet normal 0 -0 -1
  outer loop
   vertex 0.324148 -20.8137 250
   vertex 1.8533 -23.7775 250
   vertex -0.927862 -24.9834 250
  endloop
 endfacet
 facet normal 0 0 -1
  outer loop
   vertex 0.324148 -20.8137 250
   vertex -0.927862 -24.9834 250
   vertex -1.98001 -22.5173 250
  endloop
 endfacet
 facet normal 0 0 -1
  outer loop
   vertex -7.90039 3.73842 250
   vertex -12.5251 -0.0912796 250
   vertex -14.8238 3.5116 250
  endloop
 endfacet
 facet normal -0 0 -1
  outer loop
   vertex -7.90039 3.73842 250
   vertex -14.8238 3.5116 250
   vertex -10.5514 7.24486 250
  endloop
 endfacet
 facet normal 0 0 -1
  outer loop
   vertex 16.2894 -4.35434 250
   vertex 19.4923 -5.78985 250
   vertex 17.7885 -8.67655 250
  endloop
 endfacet
 facet normal 0 -0 -1
  outer loop
   vertex 16.2894 -4.35434 250
   vertex 17.7885 -8.67655 250
   vertex 14.2491 -6.62533 250
  endloop
 endfacet
 facet normal 0 0 -1
  outer loop
   vertex -10.5184 -3.95514 250
   vertex -12.5251 -0.0912796 250
   vertex -7.90039 3.73842 250
  endloop
 endfacet
 facet normal 0 0 -1
  outer loop
   vertex -10.5184 -3.95514 250
   vertex -7.90039 3.73842 250
   vertex -6.90113 -0.734038 250
  endloop
 endfacet
 facet normal 0 0 -1
  outer loop
   vertex -10.4559 40.0136 250
   vertex -7.76444 42.0859 250
   vertex -8.28652 36.0708 250
  endloop
 endfacet
 facet normal -0 0 -1
  outer loop
   vertex -15.9344 -6.80325 250
   vertex -21.4064 -7.98478 250
   vertex -23.3137 -4.9571 250
  endloop
 endfacet
 facet normal 0 0 -1
  outer loop
   vertex -15.9344 -6.80325 250
   vertex -23.3137 -4.9571 250
   vertex -17.7981 -2.86543 250
  endloop
 endfacet
 facet normal 0 0 -1
  outer loop
   vertex -18.1899 10.5527 250
   vertex -22.5615 11.5671 250
   vertex -21.4831 15.1752 250
  endloop
 endfacet
 facet normal 0 0 -1
  outer loop
   vertex -18.1899 10.5527 250
   vertex -21.4831 15.1752 250
   vertex -17.4742 14.0608 250
  endloop
 endfacet
 facet normal 0 -0 -1
  outer loop
   vertex 11.2885 -18.9781 250
   vertex 12.8008 -22.7114 250
   vertex 8.50005 -22.5397 250
  endloop
 endfacet
 facet normal -0 0 -1
  outer loop
   vertex 11.2885 -18.9781 250
   vertex 8.50005 -22.5397 250
   vertex 7.35516 -18.7297 250
  endloop
 endfacet
 facet normal 0 -0 -1
  outer loop
   vertex 3.49972 -19.2245 250
   vertex 4.99417 -23.0129 250
   vertex 1.8533 -23.7775 250
  endloop
 endfacet
 facet normal 0 0 -1
  outer loop
   vertex 3.49972 -19.2245 250
   vertex 1.8533 -23.7775 250
   vertex 0.324148 -20.8137 250
  endloop
 endfacet
 facet normal 0 0 -1
  outer loop
   vertex -2.33932 -17.7967 250
   vertex 0.324148 -20.8137 250
   vertex -1.98001 -22.5173 250
  endloop
 endfacet
 facet normal 0 -0 -1
  outer loop
   vertex -2.33932 -17.7967 250
   vertex -1.98001 -22.5173 250
   vertex -4.39627 -20.6804 250
  endloop
 endfacet
 facet normal -0 0 -1
  outer loop
   vertex 3.49972 -19.2245 250
   vertex 0.324148 -20.8137 250
   vertex -2.33932 -17.7967 250
  endloop
 endfacet
 facet normal 0 0 -1
  outer loop
   vertex 3.49972 -19.2245 250
   vertex -2.33932 -17.7967 250
   vertex 1.22488 -15.3169 250
  endloop
 endfacet
 facet normal 0 0 -1
  outer loop
   vertex 9.06389 17.4512 250
   vertex 12.4612 20.3937 250
   vertex 14.5091 17.9657 250
  endloop
 endfacet
 facet normal 0 0 -1
  outer loop
   vertex 9.06389 17.4512 250
   vertex 14.5091 17.9657 250
   vertex 12.0872 14.5862 250
  endloop
 endfacet
 facet normal 0 0 -1
  outer loop
   vertex -17.4742 14.0608 250
   vertex -21.4831 15.1752 250
   vertex -20.7223 18.4122 250
  endloop
 endfacet
 facet normal 0 0 -1
  outer loop
   vertex -17.4742 14.0608 250
   vertex -20.7223 18.4122 250
   vertex -16.6798 17.7101 250
  endloop
 endfacet
 facet normal 0 0 -1
  outer loop
   vertex 13.6563 8.14221 250
   vertex 15.0945 12.4523 250
   vertex 18.4077 11.2612 250
  endloop
 endfacet
 facet normal 0 0 -1
  outer loop
   vertex 13.6563 8.14221 250
   vertex 18.4077 11.2612 250
   vertex 18.4277 7.08131 250
  endloop
 endfacet
 facet normal 0 0 -1
  outer loop
   vertex 12.0872 14.5862 250
   vertex 15.0945 12.4523 250
   vertex 13.6563 8.14221 250
  endloop
 endfacet
 facet normal 0 -0 -1
  outer loop
   vertex 12.0872 14.5862 250
   vertex 13.6563 8.14221 250
   vertex 9.92508 10.3 250
  endloop
 endfacet
 facet normal 0 -0 -1
  outer loop
   vertex 10.9536 22.9026 250
   vertex 12.4612 20.3937 250
   vertex 9.06389 17.4512 250
  endloop
 endfacet
 facet normal 0 0 -1
  outer loop
   vertex 10.9536 22.9026 250
   vertex 9.06389 17.4512 250
   vertex 8.25251 22.1179 250
  endloop
 endfacet
 facet normal 0 0 -1
  outer loop
   vertex -35.1314 55.5131 250
   vertex -37.0211 60.3396 250
   vertex -33.0784 61.5794 250
  endloop
 endfacet
 facet normal 0 0 -1
  outer loop
   vertex -35.1314 55.5131 250
   vertex -33.0784 61.5794 250
   vertex -31.3578 56.6776 250
  endloop
 endfacet
 facet normal 0 0 -1
  outer loop
   vertex -41.0883 58.4865 250
   vertex -37.0211 60.3396 250
   vertex -35.1314 55.5131 250
  endloop
 endfacet
 facet normal 0 0 -1
  outer loop
   vertex -41.0883 58.4865 250
   vertex -35.1314 55.5131 250
   vertex -38.7008 54.7567 250
  endloop
 endfacet
 facet normal 0 0 -1
  outer loop
   vertex -11.9587 15.3078 250
   vertex -9.27315 16.7865 250
   vertex -8.02084 13.212 250
  endloop
 endfacet
 facet normal 0 0 -1
  outer loop
   vertex -11.9587 15.3078 250
   vertex -8.02084 13.212 250
   vertex -10.8841 12.0586 250
  endloop
 endfacet
 facet normal 0 -0 -1
  outer loop
   vertex 5.46973 -2.44109 250
   vertex 5.92612 -4.40586 250
   vertex 3.93811 -4.26067 250
  endloop
 endfacet
 facet normal -0 0 -1
  outer loop
   vertex 5.46973 -2.44109 250
   vertex 3.93811 -4.26067 250
   vertex 3.16455 -2.25645 250
  endloop
 endfacet
 facet normal 0 0 -1
  outer loop
   vertex -4.39627 -20.6804 250
   vertex -6.57362 -24.2235 250
   vertex -9.44863 -22.6403 250
  endloop
 endfacet
 facet normal -0 0 -1
  outer loop
   vertex -4.39627 -20.6804 250
   vertex -9.44863 -22.6403 250
   vertex -6.97025 -19.2091 250
  endloop
 endfacet
 facet normal 0 0 -1
  outer loop
   vertex -5.74399 14.78 250
   vertex -6.6242 18.2169 250
   vertex -3.82368 19.3319 250
  endloop
 endfacet
 facet normal 0 0 -1
  outer loop
   vertex -5.74399 14.78 250
   vertex -3.82368 19.3319 250
   vertex -3.07534 15.1488 250
  endloop
 endfacet
 facet normal 0 0 -1
  outer loop
   vertex -16.6798 17.7101 250
   vertex -13.6285 19.2299 250
   vertex -11.9587 15.3078 250
  endloop
 endfacet
 facet normal 0 0 -1
  outer loop
   vertex -16.6798 17.7101 250
   vertex -11.9587 15.3078 250
   vertex -14.4312 13.5115 250
  endloop
 endfacet
 facet normal 0 -0 -1
  outer loop
   vertex 3.16455 -2.25645 250
   vertex 3.93811 -4.26067 250
   vertex 2.88278 -6.14513 250
  endloop
 endfacet
 facet normal 0 0 -1
  outer loop
   vertex 3.16455 -2.25645 250
   vertex 2.88278 -6.14513 250
   vertex 0.0973724 -3.68494 250
  endloop
 endfacet
 facet normal -0 0 -1
  outer loop
   vertex -12.4904 -12.2717 250
   vertex -14.7176 -14.3972 250
   vertex -16.6137 -12.1917 250
  endloop
 endfacet
 facet normal 0 0 -1
  outer loop
   vertex -12.4904 -12.2717 250
   vertex -16.6137 -12.1917 250
   vertex -13.2368 -9.5781 250
  endloop
 endfacet
 facet normal 0 0 -1
  outer loop
   vertex -19.9841 0.758035 250
   vertex -21.5825 4.21816 250
   vertex -17.0007 6.74718 250
  endloop
 endfacet
 facet normal 0 0 -1
  outer loop
   vertex -19.9841 0.758035 250
   vertex -17.0007 6.74718 250
   vertex -14.8238 3.5116 250
  endloop
 endfacet
 facet normal -0 0 -1
  outer loop
   vertex 25.1032 -31.3223 250
   vertex 24.0906 -34.2235 250
   vertex 21.6501 -29.5656 250
  endloop
 endfacet
 facet normal 0 0 -1
  outer loop
   vertex 18.4077 11.2612 250
   vertex 19.1714 14.5245 250
   vertex 21.235 13.625 250
  endloop
 endfacet
 facet normal 0 0 -1
  outer loop
   vertex 18.4077 11.2612 250
   vertex 21.235 13.625 250
   vertex 21.5191 11.1675 250
  endloop
 endfacet
 facet normal 0 0 -1
  outer loop
   vertex 9.62584 -4.08975 250
   vertex 14.2491 -6.62533 250
   vertex 12.7088 -8.97419 250
  endloop
 endfacet
 facet normal 0 -0 -1
  outer loop
   vertex 9.62584 -4.08975 250
   vertex 12.7088 -8.97419 250
   vertex 8.80714 -7.56835 250
  endloop
 endfacet
 facet normal 0 0 -1
  outer loop
   vertex 13.1024 -1.46584 250
   vertex 16.2894 -4.35434 250
   vertex 14.2491 -6.62533 250
  endloop
 endfacet
 facet normal 0 -0 -1
  outer loop
   vertex 13.1024 -1.46584 250
   vertex 14.2491 -6.62533 250
   vertex 9.62584 -4.08975 250
  endloop
 endfacet
 facet normal 0 0 -1
  outer loop
   vertex 0.348046 11.9321 250
   vertex -0.237284 15.8792 250
   vertex 2.60686 16.4965 250
  endloop
 endfacet
 facet normal 0 0 -1
  outer loop
   vertex 0.348046 11.9321 250
   vertex 2.60686 16.4965 250
   vertex 3.64647 12.9737 250
  endloop
 endfacet
 facet normal -0 0 -1
  outer loop
   vertex -10.5184 -3.95514 250
   vertex -15.9344 -6.80325 250
   vertex -17.7981 -2.86543 250
  endloop
 endfacet
 facet normal 0 0 -1
  outer loop
   vertex -10.5184 -3.95514 250
   vertex -17.7981 -2.86543 250
   vertex -12.5251 -0.0912796 250
  endloop
 endfacet
 facet normal 0 0 -1
  outer loop
   vertex -44.1452 -5.04139 250
   vertex -45.4223 -1.73634 250
   vertex -42.3103 -1.14837 250
  endloop
 endfacet
 facet normal 0 0 -1
  outer loop
   vertex -44.1452 -5.04139 250
   vertex -42.3103 -1.14837 250
   vertex -40.0133 -3.32129 250
  endloop
 endfacet
 facet normal -0 0 -1
  outer loop
   vertex -12.5251 -0.0912796 250
   vertex -17.7981 -2.86543 250
   vertex -19.9841 0.758035 250
  endloop
 endfacet
 facet normal 0 0 -1
  outer loop
   vertex -12.5251 -0.0912796 250
   vertex -19.9841 0.758035 250
   vertex -14.8238 3.5116 250
  endloop
 endfacet
 facet normal 0 0 -1
  outer loop
   vertex -2.92149 10.9309 250
   vertex -3.07534 15.1488 250
   vertex -0.237284 15.8792 250
  endloop
 endfacet
 facet normal 0 0 -1
  outer loop
   vertex -2.92149 10.9309 250
   vertex -0.237284 15.8792 250
   vertex 0.348046 11.9321 250
  endloop
 endfacet
 facet normal 0 -0 -1
  outer loop
   vertex 38.6654 7.79278 250
   vertex 39.7579 4.11917 250
   vertex 34.6251 6.19448 250
  endloop
 endfacet
 facet normal 0 0 -1
  outer loop
   vertex 7.12339 12.8849 250
   vertex 9.06389 17.4512 250
   vertex 12.0872 14.5862 250
  endloop
 endfacet
 facet normal 0 0 -1
  outer loop
   vertex 7.12339 12.8849 250
   vertex 12.0872 14.5862 250
   vertex 9.92508 10.3 250
  endloop
 endfacet
 facet normal 0 0 -1
  outer loop
   vertex -2.23784 -10.5307 250
   vertex -6.7315 -15.7084 250
   vertex -9.77822 -13.138 250
  endloop
 endfacet
 facet normal -0 0 -1
  outer loop
   vertex -2.23784 -10.5307 250
   vertex -9.77822 -13.138 250
   vertex -7.83903 -8.03764 250
  endloop
 endfacet
 facet normal 0 0 -1
  outer loop
   vertex 18.4277 7.08131 250
   vertex 17.0012 2.28685 250
   vertex 11.4043 2.77374 250
  endloop
 endfacet
 facet normal -0 0 -1
  outer loop
   vertex 18.4277 7.08131 250
   vertex 11.4043 2.77374 250
   vertex 13.6563 8.14221 250
  endloop
 endfacet
 facet normal 0 0 -1
  outer loop
   vertex 17.0012 2.28685 250
   vertex 16.5172 -1.45327 250
   vertex 13.1024 -1.46584 250
  endloop
 endfacet
 facet normal -0 0 -1
  outer loop
   vertex 17.0012 2.28685 250
   vertex 13.1024 -1.46584 250
   vertex 11.4043 2.77374 250
  endloop
 endfacet
 facet normal 0 -0 -1
  outer loop
   vertex 5.95032 -14.0693 250
   vertex 7.35516 -18.7297 250
   vertex 3.49972 -19.2245 250
  endloop
 endfacet
 facet normal 0 0 -1
  outer loop
   vertex 5.95032 -14.0693 250
   vertex 3.49972 -19.2245 250
   vertex 1.22488 -15.3169 250
  endloop
 endfacet
 facet normal 0 -0 -1
  outer loop
   vertex -21.5825 4.21816 250
   vertex -19.9841 0.758035 250
   vertex -26.7079 -1.57343 250
  endloop
 endfacet
 facet normal 0 0 -1
  outer loop
   vertex -21.5825 4.21816 250
   vertex -26.7079 -1.57343 250
   vertex -27.5494 2.95209 250
  endloop
 endfacet
 facet normal 0 -0 -1
  outer loop
   vertex -19.9841 0.758035 250
   vertex -17.7981 -2.86543 250
   vertex -23.3137 -4.9571 250
  endloop
 endfacet
 facet normal 0 0 -1
  outer loop
   vertex -19.9841 0.758035 250
   vertex -23.3137 -4.9571 250
   vertex -26.7079 -1.57343 250
  endloop
 endfacet
 facet normal 0 0 -1
  outer loop
   vertex -38.1196 -6.57928 250
   vertex -40.0133 -3.32129 250
   vertex -34.6255 -4.76107 250
  endloop
 endfacet
 facet normal -0 0 -1
  outer loop
   vertex 18.6642 -25.1092 250
   vertex 16.0289 -27.1827 250
   vertex 12.8008 -22.7114 250
  endloop
 endfacet
 facet normal 0 0 -1
  outer loop
   vertex 18.6642 -25.1092 250
   vertex 12.8008 -22.7114 250
   vertex 16.4111 -20.7311 250
  endloop
 endfacet
 facet normal 0 0 -1
  outer loop
   vertex 8.80714 -7.56835 250
   vertex 12.7088 -8.97419 250
   vertex 11.614 -12.3331 250
  endloop
 endfacet
 facet normal 0 -0 -1
  outer loop
   vertex 8.80714 -7.56835 250
   vertex 11.614 -12.3331 250
   vertex 7.81118 -10.8111 250
  endloop
 endfacet
 facet normal -0 0 -1
  outer loop
   vertex 16.0289 -27.1827 250
   vertex 13.4089 -29.1086 250
   vertex 11.6622 -25.9987 250
  endloop
 endfacet
 facet normal 0 0 -1
  outer loop
   vertex 16.0289 -27.1827 250
   vertex 11.6622 -25.9987 250
   vertex 12.8008 -22.7114 250
  endloop
 endfacet
 facet normal 0 0 -1
  outer loop
   vertex 8.78142 31.0282 250
   vertex 11.9525 31.2344 250
   vertex 12.2897 26.5289 250
  endloop
 endfacet
 facet normal 0 -0 -1
  outer loop
   vertex 8.78142 31.0282 250
   vertex 12.2897 26.5289 250
   vertex 8.6068 26.3349 250
  endloop
 endfacet
 facet normal 0 0 -1
  outer loop
   vertex 11.9525 31.2344 250
   vertex 14.892 31.6671 250
   vertex 15.323 28.7635 250
  endloop
 endfacet
 facet normal 0 0 -1
  outer loop
   vertex 11.9525 31.2344 250
   vertex 15.323 28.7635 250
   vertex 12.2897 26.5289 250
  endloop
 endfacet
 facet normal 0 0 -1
  outer loop
   vertex -24.3965 -25.9355 250
   vertex -27.2794 -24.3404 250
   vertex -22.0869 -22.0602 250
  endloop
 endfacet
 facet normal 0 0 -1
  outer loop
   vertex -32.623 43.7667 250
   vertex -35.5131 45.2245 250
   vertex -33.6299 49.3545 250
  endloop
 endfacet
 facet normal 0 0 -1
  outer loop
   vertex -32.623 43.7667 250
   vertex -33.6299 49.3545 250
   vertex -30.3903 45.3872 250
  endloop
 endfacet
 facet normal 0 0 -1
  outer loop
   vertex -13.3477 9.58578 250
   vertex -14.4312 13.5115 250
   vertex -11.9587 15.3078 250
  endloop
 endfacet
 facet normal 0 0 -1
  outer loop
   vertex -13.3477 9.58578 250
   vertex -11.9587 15.3078 250
   vertex -10.8841 12.0586 250
  endloop
 endfacet
 facet normal 0 0 -1
  outer loop
   vertex -10.8841 12.0586 250
   vertex -8.02084 13.212 250
   vertex -6.62303 10.347 250
  endloop
 endfacet
 facet normal 0 0 -1
  outer loop
   vertex -10.8841 12.0586 250
   vertex -6.62303 10.347 250
   vertex -10.5514 7.24486 250
  endloop
 endfacet
 facet normal 0 0 -1
  outer loop
   vertex -35.5131 45.2245 250
   vertex -39.252 46.9982 250
   vertex -37.9806 50.2775 250
  endloop
 endfacet
 facet normal 0 0 -1
  outer loop
   vertex -35.5131 45.2245 250
   vertex -37.9806 50.2775 250
   vertex -33.6299 49.3545 250
  endloop
 endfacet
 facet normal 0 0 -1
  outer loop
   vertex 4.06904 9.30885 250
   vertex 7.12339 12.8849 250
   vertex 9.92508 10.3 250
  endloop
 endfacet
 facet normal 0 0 -1
  outer loop
   vertex 4.06904 9.30885 250
   vertex 9.92508 10.3 250
   vertex 6.10159 5.39643 250
  endloop
 endfacet
 facet normal 0 -0 -1
  outer loop
   vertex 11.4043 2.77374 250
   vertex 13.1024 -1.46584 250
   vertex 9.62584 -4.08975 250
  endloop
 endfacet
 facet normal 0 0 -1
  outer loop
   vertex 11.4043 2.77374 250
   vertex 9.62584 -4.08975 250
   vertex 7.45645 -0.617239 250
  endloop
 endfacet
 facet normal 0 0 -1
  outer loop
   vertex 14.892 31.6671 250
   vertex 17.5834 31.8112 250
   vertex 15.323 28.7635 250
  endloop
 endfacet
 facet normal 0 0 -1
  outer loop
   vertex 0.872875 7.71799 250
   vertex 0.348046 11.9321 250
   vertex 3.64647 12.9737 250
  endloop
 endfacet
 facet normal 0 0 -1
  outer loop
   vertex 0.872875 7.71799 250
   vertex 3.64647 12.9737 250
   vertex 4.06904 9.30885 250
  endloop
 endfacet
 facet normal 0 0 -1
  outer loop
   vertex 6.10159 5.39643 250
   vertex 9.92508 10.3 250
   vertex 13.6563 8.14221 250
  endloop
 endfacet
 facet normal 0 0 -1
  outer loop
   vertex 6.10159 5.39643 250
   vertex 13.6563 8.14221 250
   vertex 11.4043 2.77374 250
  endloop
 endfacet
 facet normal 0 0 -1
  outer loop
   vertex 0.0973724 -3.68494 250
   vertex -2.23784 -10.5307 250
   vertex -7.83903 -8.03764 250
  endloop
 endfacet
 facet normal -0 0 -1
  outer loop
   vertex 0.0973724 -3.68494 250
   vertex -7.83903 -8.03764 250
   vertex -3.8234 -2.54968 250
  endloop
 endfacet
 facet normal 0 0 -1
  outer loop
   vertex 5.31094 -9.10618 250
   vertex 7.81118 -10.8111 250
   vertex 5.95032 -14.0693 250
  endloop
 endfacet
 facet normal 0 -0 -1
  outer loop
   vertex 5.31094 -9.10618 250
   vertex 5.95032 -14.0693 250
   vertex 2.57232 -9.91266 250
  endloop
 endfacet
 facet normal 0 0 -1
  outer loop
   vertex -10.5514 7.24486 250
   vertex -14.8238 3.5116 250
   vertex -17.0007 6.74718 250
  endloop
 endfacet
 facet normal -0 0 -1
  outer loop
   vertex -10.5514 7.24486 250
   vertex -17.0007 6.74718 250
   vertex -13.3477 9.58578 250
  endloop
 endfacet
 facet normal 0 0 -1
  outer loop
   vertex 5.71526 -6.77191 250
   vertex 8.80714 -7.56835 250
   vertex 7.81118 -10.8111 250
  endloop
 endfacet
 facet normal 0 -0 -1
  outer loop
   vertex 5.71526 -6.77191 250
   vertex 7.81118 -10.8111 250
   vertex 5.31094 -9.10618 250
  endloop
 endfacet
 facet normal 0 0 -1
  outer loop
   vertex -3.8234 -2.54968 250
   vertex -7.83903 -8.03764 250
   vertex -10.5184 -3.95514 250
  endloop
 endfacet
 facet normal -0 0 -1
  outer loop
   vertex -3.8234 -2.54968 250
   vertex -10.5184 -3.95514 250
   vertex -6.90113 -0.734038 250
  endloop
 endfacet
 facet normal 0 0 -1
  outer loop
   vertex -2.36606 6.03615 250
   vertex -2.92149 10.9309 250
   vertex 0.348046 11.9321 250
  endloop
 endfacet
 facet normal 0 0 -1
  outer loop
   vertex -2.36606 6.03615 250
   vertex 0.348046 11.9321 250
   vertex 0.872875 7.71799 250
  endloop
 endfacet
 facet normal 0 0 -1
  outer loop
   vertex -7.90039 3.73842 250
   vertex -6.62303 10.347 250
   vertex -2.92149 10.9309 250
  endloop
 endfacet
 facet normal 0 0 -1
  outer loop
   vertex -7.90039 3.73842 250
   vertex -2.92149 10.9309 250
   vertex -2.36606 6.03615 250
  endloop
 endfacet
 facet normal 0 0 -1
  outer loop
   vertex 1.22488 -15.3169 250
   vertex -2.23784 -10.5307 250
   vertex 2.57232 -9.91266 250
  endloop
 endfacet
 facet normal 0 0 -1
  outer loop
   vertex 1.22488 -15.3169 250
   vertex 2.57232 -9.91266 250
   vertex 5.95032 -14.0693 250
  endloop
 endfacet
 facet normal 0 0 -1
  outer loop
   vertex 5.92612 -4.40586 250
   vertex 9.62584 -4.08975 250
   vertex 8.80714 -7.56835 250
  endloop
 endfacet
 facet normal 0 -0 -1
  outer loop
   vertex 5.92612 -4.40586 250
   vertex 8.80714 -7.56835 250
   vertex 5.71526 -6.77191 250
  endloop
 endfacet
 facet normal 0 -0 -1
  outer loop
   vertex 32.6971 9.43856 250
   vertex 34.6251 6.19448 250
   vertex 28.9062 7.21055 250
  endloop
 endfacet
 facet normal 0 0 -1
  outer loop
   vertex -32.5739 -7.61253 250
   vertex -34.6255 -4.76107 250
   vertex -29.6025 -5.48577 250
  endloop
 endfacet
 facet normal 0 0 -1
  outer loop
   vertex -32.614 6.07638 250
   vertex -33.1881 9.13198 250
   vertex -28.6912 6.85647 250
  endloop
 endfacet
 facet normal 0 0 -1
  outer loop
   vertex -6.7315 -15.7084 250
   vertex -2.23784 -10.5307 250
   vertex 1.22488 -15.3169 250
  endloop
 endfacet
 facet normal 0 0 -1
  outer loop
   vertex -6.7315 -15.7084 250
   vertex 1.22488 -15.3169 250
   vertex -2.33932 -17.7967 250
  endloop
 endfacet
 facet normal 0 0 -1
  outer loop
   vertex 11.2779 -15.3594 250
   vertex 5.95032 -14.0693 250
   vertex 7.81118 -10.8111 250
  endloop
 endfacet
 facet normal 0 0 -1
  outer loop
   vertex 11.2779 -15.3594 250
   vertex 7.81118 -10.8111 250
   vertex 11.614 -12.3331 250
  endloop
 endfacet
 facet normal -0 0 -1
  outer loop
   vertex 2.57232 -9.91266 250
   vertex -2.23784 -10.5307 250
   vertex 0.0973724 -3.68494 250
  endloop
 endfacet
 facet normal 0 0 -1
  outer loop
   vertex 2.57232 -9.91266 250
   vertex 0.0973724 -3.68494 250
   vertex 2.88278 -6.14513 250
  endloop
 endfacet
 facet normal 0 0 -1
  outer loop
   vertex 7.35516 -18.7297 250
   vertex 5.95032 -14.0693 250
   vertex 11.2779 -15.3594 250
  endloop
 endfacet
 facet normal 0 0 -1
  outer loop
   vertex 7.35516 -18.7297 250
   vertex 11.2779 -15.3594 250
   vertex 11.2885 -18.9781 250
  endloop
 endfacet
 facet normal 0 0 -1
  outer loop
   vertex -26.8716 -7.80401 250
   vertex -23.3137 -4.9571 250
   vertex -21.4064 -7.98478 250
  endloop
 endfacet
 facet normal 0 0 -1
  outer loop
   vertex -26.8716 -7.80401 250
   vertex -21.4064 -7.98478 250
   vertex -24.5589 -10.379 250
  endloop
 endfacet
 facet normal 0 0 -1
  outer loop
   vertex 1.93239 4.67465 250
   vertex 0.872875 7.71799 250
   vertex 4.06904 9.30885 250
  endloop
 endfacet
 facet normal 0 0 -1
  outer loop
   vertex 1.93239 4.67465 250
   vertex 4.06904 9.30885 250
   vertex 6.10159 5.39643 250
  endloop
 endfacet
 facet normal 0 0 -1
  outer loop
   vertex 4.07914 0.814501 250
   vertex 6.10159 5.39643 250
   vertex 11.4043 2.77374 250
  endloop
 endfacet
 facet normal 0 0 -1
  outer loop
   vertex 4.07914 0.814501 250
   vertex 11.4043 2.77374 250
   vertex 7.45645 -0.617239 250
  endloop
 endfacet
 facet normal -0 0 -1
  outer loop
   vertex -2.46531 1.0062 250
   vertex -6.90113 -0.734038 250
   vertex -7.90039 3.73842 250
  endloop
 endfacet
 facet normal 0 0 -1
  outer loop
   vertex -2.46531 1.0062 250
   vertex -7.90039 3.73842 250
   vertex -2.36606 6.03615 250
  endloop
 endfacet
 facet normal 0 -0 -1
  outer loop
   vertex -26.7079 -1.57343 250
   vertex -23.3137 -4.9571 250
   vertex -26.8716 -7.80401 250
  endloop
 endfacet
 facet normal 0 0 -1
  outer loop
   vertex -26.7079 -1.57343 250
   vertex -26.8716 -7.80401 250
   vertex -29.6025 -5.48577 250
  endloop
 endfacet
 facet normal 0 0 -1
  outer loop
   vertex 2.88278 -6.14513 250
   vertex 5.71526 -6.77191 250
   vertex 5.31094 -9.10618 250
  endloop
 endfacet
 facet normal 0 -0 -1
  outer loop
   vertex 2.88278 -6.14513 250
   vertex 5.31094 -9.10618 250
   vertex 2.57232 -9.91266 250
  endloop
 endfacet
 facet normal -0 0 -1
  outer loop
   vertex -15.6576 -48.8015 250
   vertex -19.3015 -50.2913 250
   vertex -20.3729 -46.875 250
  endloop
 endfacet
 facet normal 0 0 -1
  outer loop
   vertex -15.6576 -48.8015 250
   vertex -20.3729 -46.875 250
   vertex -16.2481 -43.4586 250
  endloop
 endfacet
 facet normal 0 0 -1
  outer loop
   vertex 3.93811 -4.26067 250
   vertex 5.92612 -4.40586 250
   vertex 5.71526 -6.77191 250
  endloop
 endfacet
 facet normal 0 -0 -1
  outer loop
   vertex 3.93811 -4.26067 250
   vertex 5.71526 -6.77191 250
   vertex 2.88278 -6.14513 250
  endloop
 endfacet
 facet normal 0 0 -1
  outer loop
   vertex -28.6912 6.85647 250
   vertex -28.5626 10.4992 250
   vertex -23.9944 7.68883 250
  endloop
 endfacet
 facet normal -0 0 -1
  outer loop
   vertex -3.02226 -29.0603 250
   vertex -6.03114 -29.5528 250
   vertex -3.61342 -25.8987 250
  endloop
 endfacet
 facet normal 0 -0 -1
  outer loop
   vertex 26.6514 10.156 250
   vertex 28.9062 7.21055 250
   vertex 22.9564 7.99219 250
  endloop
 endfacet
 facet normal 0 0 -1
  outer loop
   vertex 5.46973 -2.44109 250
   vertex 7.45645 -0.617239 250
   vertex 9.62584 -4.08975 250
  endloop
 endfacet
 facet normal 0 0 -1
  outer loop
   vertex 5.46973 -2.44109 250
   vertex 9.62584 -4.08975 250
   vertex 5.92612 -4.40586 250
  endloop
 endfacet
 facet normal 0 0 -1
  outer loop
   vertex 3.16455 -2.25645 250
   vertex 4.07914 0.814501 250
   vertex 7.45645 -0.617239 250
  endloop
 endfacet
 facet normal 0 0 -1
  outer loop
   vertex 3.16455 -2.25645 250
   vertex 7.45645 -0.617239 250
   vertex 5.46973 -2.44109 250
  endloop
 endfacet
 facet normal 0 0 -1
  outer loop
   vertex -18.2245 -53.3481 250
   vertex -19.3015 -50.2913 250
   vertex -15.6576 -48.8015 250
  endloop
 endfacet
 facet normal 0 0 -1
  outer loop
   vertex -18.2245 -53.3481 250
   vertex -15.6576 -48.8015 250
   vertex -15.2171 -52.9113 250
  endloop
 endfacet
 facet normal 0 0 -1
  outer loop
   vertex -16.4789 -61.1783 250
   vertex -20.0657 -60.4233 250
   vertex -18.6602 -56.2399 250
  endloop
 endfacet
 facet normal 0 0 -1
  outer loop
   vertex -16.4789 -61.1783 250
   vertex -18.6602 -56.2399 250
   vertex -15.5096 -56.8025 250
  endloop
 endfacet
 facet normal 0 0 -1
  outer loop
   vertex 0.817601 0.756141 250
   vertex 1.93239 4.67465 250
   vertex 6.10159 5.39643 250
  endloop
 endfacet
 facet normal 0 0 -1
  outer loop
   vertex 0.817601 0.756141 250
   vertex 6.10159 5.39643 250
   vertex 4.07914 0.814501 250
  endloop
 endfacet
 facet normal -0 0 -1
  outer loop
   vertex -0.927862 -24.9834 250
   vertex -3.61342 -25.8987 250
   vertex -1.98001 -22.5173 250
  endloop
 endfacet
 facet normal 0 -0 -1
  outer loop
   vertex 22.9564 7.99219 250
   vertex 23.2144 4.11605 250
   vertex 18.4277 7.08131 250
  endloop
 endfacet
 facet normal 0 0 -1
  outer loop
   vertex -18.8465 -9.99386 250
   vertex -21.4064 -7.98478 250
   vertex -15.9344 -6.80325 250
  endloop
 endfacet
 facet normal 0 0 -1
  outer loop
   vertex 16.5172 -1.45327 250
   vertex 16.2894 -4.35434 250
   vertex 13.1024 -1.46584 250
  endloop
 endfacet
 facet normal 0 0 -1
  outer loop
   vertex -17.4742 14.0608 250
   vertex -16.6798 17.7101 250
   vertex -14.4312 13.5115 250
  endloop
 endfacet
 facet normal 0 0 -1
  outer loop
   vertex 3.64647 12.9737 250
   vertex 7.12339 12.8849 250
   vertex 4.06904 9.30885 250
  endloop
 endfacet
 facet normal 0 0 -1
  outer loop
   vertex -13.3477 9.58578 250
   vertex -10.8841 12.0586 250
   vertex -10.5514 7.24486 250
  endloop
 endfacet
 facet normal 0 0 -1
  outer loop
   vertex -10.5514 7.24486 250
   vertex -6.62303 10.347 250
   vertex -7.90039 3.73842 250
  endloop
 endfacet
 facet normal 0 0 -1
  outer loop
   vertex -3.8234 -2.54968 250
   vertex -6.90113 -0.734038 250
   vertex -2.46531 1.0062 250
  endloop
 endfacet
endsolid Mesh_2
