# Wavefront OBJ file written 2026-03-18T16:43:22
o cellFull_normal_2

# points : 2088
# faces  : 4036
# zones  : 1
#   0  Mesh_2  (nFaces: 4036)

# <points count="2088">
v 109.886 -5.00661 250
v 110 0 250
v 109.544 -10.0028 250
v 108.976 -14.9783 250
v 108.181 -19.9228 250
v 107.162 -24.8259 250
v 105.921 -29.6776 250
v 104.46 -34.4678 250
v 102.783 -39.1866 250
v 100.893 -43.8241 250
v 98.7941 -48.3708 250
v 96.4901 -52.8173 250
v 93.9861 -57.1542 250
v 91.2874 -61.3727 250
v 88.3994 -65.4641 250
v 85.3282 -69.4197 250
v 82.0802 -73.2314 250
v 78.662 -76.8914 250
v 75.0808 -80.392 250
v 71.344 -83.7259 250
v 67.4593 -86.8864 250
v 63.4348 -89.8667 250
v 59.2789 -92.6608 250
v 55 -95.2628 250
v 50.6072 -97.6674 250
v 46.1094 -99.8695 250
v 41.5161 -101.865 250
v 36.8368 -103.649 250
v 32.0811 -105.218 250
v 27.2589 -106.569 250
v 22.3802 -107.699 250
v 17.4551 -108.606 250
v 12.4938 -109.288 250
v 7.50667 -109.744 250
v 2.50395 -109.971 250
v -2.50395 -109.971 250
v -7.50667 -109.744 250
v -12.4938 -109.288 250
v -17.4551 -108.606 250
v -22.3802 -107.699 250
v -27.2589 -106.569 250
v -32.0811 -105.218 250
v -36.8368 -103.649 250
v -41.5161 -101.865 250
v -46.1094 -99.8695 250
v -50.6072 -97.6674 250
v -55 -95.2628 250
v -59.2789 -92.6608 250
v -63.4348 -89.8667 250
v -67.4593 -86.8864 250
v -71.344 -83.7259 250
v -75.0808 -80.392 250
v -78.662 -76.8914 250
v -82.0802 -73.2314 250
v -85.3282 -69.4197 250
v -88.3994 -65.4641 250
v -91.2874 -61.3727 250
v -93.9861 -57.1542 250
v -96.4901 -52.8173 250
v -98.7941 -48.3708 250
v -100.893 -43.8241 250
v -102.783 -39.1866 250
v -104.46 -34.4678 250
v -105.921 -29.6776 250
v -107.162 -24.8259 250
v -108.181 -19.9228 250
v -108.976 -14.9783 250
v -109.544 -10.0028 250
v -109.886 -5.00661 250
v -110 2.79628e-13 250
v -109.886 5.00661 250
v -109.544 10.0028 250
v -108.976 14.9783 250
v -108.181 19.9228 250
v -107.162 24.8259 250
v -105.921 29.6776 250
v -104.46 34.4678 250
v -102.783 39.1866 250
v -100.893 43.8241 250
v -98.7941 48.3708 250
v -96.4901 52.8173 250
v -93.9861 57.1542 250
v -91.2874 61.3727 250
v -88.3994 65.4641 250
v -85.3282 69.4197 250
v -82.0802 73.2314 250
v -78.662 76.8914 250
v -75.0808 80.392 250
v -71.344 83.7259 250
v -67.4593 86.8864 250
v -63.4348 89.8667 250
v -59.2789 92.6608 250
v -55 95.2628 250
v -50.6072 97.6674 250
v -46.1094 99.8695 250
v -41.5161 101.865 250
v -36.8368 103.649 250
v -32.0811 105.218 250
v -27.2589 106.569 250
v -22.3802 107.699 250
v -17.4551 108.606 250
v -12.4938 109.288 250
v -7.50667 109.744 250
v -2.50395 109.971 250
v 2.50395 109.971 250
v 7.50667 109.744 250
v 12.4938 109.288 250
v 17.4551 108.606 250
v 22.3802 107.699 250
v 27.2589 106.569 250
v 32.0811 105.218 250
v 36.8368 103.649 250
v 41.5161 101.865 250
v 46.1094 99.8695 250
v 50.6072 97.6674 250
v 55 95.2628 250
v 59.2789 92.6608 250
v 63.4348 89.8667 250
v 67.4593 86.8864 250
v 71.344 83.7259 250
v 75.0808 80.392 250
v 78.662 76.8914 250
v 82.0802 73.2314 250
v 85.3282 69.4197 250
v 88.3994 65.4641 250
v 91.2874 61.3727 250
v 93.9861 57.1542 250
v 96.4901 52.8173 250
v 98.7941 48.3708 250
v 100.893 43.8241 250
v 102.783 39.1866 250
v 104.46 34.4678 250
v 105.921 29.6776 250
v 107.162 24.8259 250
v 108.181 19.9228 250
v 108.976 14.9783 250
v 109.544 10.0028 250
v 109.886 5.00661 250
v 103.67 0.686781 250
v 104.182 -4.71241 250
v 104.082 -9.66766 250
v 103.621 -14.5159 250
v 102.891 -19.3262 250
v 101.916 -24.1059 250
v 100.703 -28.8403 250
v 99.2692 -33.525 250
v 97.6191 -38.1497 250
v 95.7588 -42.7086 250
v 93.6873 -47.1837 250
v 91.4096 -51.565 250
v 88.9322 -55.8461 250
v 86.2588 -60.019 250
v 83.3936 -64.0719 250
v 80.3471 -67.9935 250
v 77.1989 -71.8006 250
v 73.7801 -75.6908 250
v 24.041 -24.127 250
v 23.3978 -26.8741 250
v 21.3392 -23.6255 250
v -18.6602 -56.2399 250
v -21.4808 -55.553 250
v -18.2245 -53.3481 250
v -6.7315 -15.7084 250
v -6.97025 -19.2091 250
v -10.0441 -17.5305 250
v 60.2088 -87.2694 250
v 56.376 -90.2043 250
v 52.6561 -92.6128 250
v 48.726 -93.8753 250
v 44.2689 -95.6171 250
v 39.7616 -97.4966 250
v 35.1796 -99.229 250
v 30.5167 -100.765 250
v 25.7752 -102.086 250
v 20.9671 -103.199 250
v 16.1032 -104.09 250
v 11.1963 -104.76 250
v 6.2561 -105.206 250
v 1.29272 -105.428 250
v -3.67891 -105.424 250
v -8.64533 -105.193 250
v -13.5983 -104.736 250
v -18.528 -104.057 250
v -23.4308 -103.145 250
v -28.2983 -101.997 250
v -33.0826 -100.666 250
v -37.6651 -99.2761 250
v -41.8994 -97.9476 250
v -45.4057 -96.954 250
v -49.0512 -94.9063 250
v -51.5927 -92.3113 250
v -54.9533 -88.302 250
v -60.1175 -85.5265 250
v -64.217 -82.5493 250
v -68.0537 -79.5078 250
v -71.7008 -76.2805 250
v -75.2007 -72.8831 250
v -78.538 -69.3115 250
v -81.7181 -65.5775 250
v -84.7352 -61.6853 250
v -87.5838 -57.6452 250
v -90.2459 -53.4736 250
v -92.714 -49.1855 250
v -94.9864 -44.7896 250
v -97.06 -40.2893 250
v -98.9284 -35.6913 250
v -100.587 -31.0119 250
v -102.095 -26.3118 250
v -103.527 -21.3435 250
v 21.6501 -29.5656 250
v 18.6642 -25.1092 250
v -20.0657 -60.4233 250
v -23.6426 -59.4152 250
v -2.33932 -17.7967 250
v -4.39627 -20.6804 250
v -105.944 -3.66775 250
v -106.295 1.19684 250
v -106.292 5.69516 250
v -105.283 9.63993 250
v -104.38 14.3004 250
v -103.536 19.0988 250
v -102.529 23.8872 250
v -101.312 28.6368 250
v -99.8729 33.3349 250
v -98.2216 37.9757 250
v -96.354 42.5444 250
v -94.2758 47.0334 250
v -91.9911 51.4342 250
v -89.5037 55.734 250
v -86.8198 59.9212 250
v -83.946 63.9852 250
v -80.8881 67.9178 250
v -77.6559 71.711 250
v -74.2414 75.3548 250
v -70.6439 78.8404 250
v -66.9378 82.1555 250
v -63.2968 85.2646 250
v -59.9033 88.1088 250
v -57.1853 90.5198 250
v -53.5051 92.4835 250
v -49.951 93.2259 250
v -44.7655 93.893 250
v -39.6484 96.7336 250
v -34.9324 98.5811 250
v -30.3 100.175 250
v -25.6091 101.51 250
v -20.853 102.628 250
v -16.0403 103.514 250
v -11.1804 104.179 250
v -6.28008 104.622 250
v -1.34799 104.844 250
v 3.5962 104.838 250
v 8.53527 104.605 250
v 13.4598 104.15 250
v 18.365 103.472 250
v 23.2419 102.569 250
v 28.0763 101.445 250
v 32.8484 100.183 250
v 37.809 98.7108 250
v -30.5799 38.3625 250
v -32.3816 37.0861 250
v -31.9912 40.6072 250
v -36.1978 36.6096 250
v -36.1792 41.3551 250
v 15.171 -11.6234 250
v 11.614 -12.3331 250
v 12.7088 -8.97419 250
v 53.9497 91.2749 250
v 58.0204 89.1351 250
v 61.4028 87.343 250
v 64.7776 84.2692 250
v 67.3572 80.2902 250
v 71.6132 76.9498 250
v 75.2793 73.5113 250
v 78.6793 69.9259 250
v 81.8806 66.1813 250
v 84.9075 62.2869 250
v 87.7547 58.2475 250
v 90.4202 54.0732 250
v 92.8987 49.7738 250
v 95.1817 45.3595 250
v 97.2632 40.8422 250
v 99.1372 36.2341 250
v 100.8 31.5279 250
v 102.249 26.7329 250
v 103.5 21.9077 250
v 104.577 17.1683 250
v 105.527 12.6524 250
v 106.564 9.49028 250
v 106.109 5.74857 250
v 15.8562 -15.8867 250
v 11.2779 -15.3594 250
v -42.1814 39.9132 250
v -40.673 43.4972 250
v 86.1236 12.3607 250
v 86.0644 16.1028 250
v 89.2514 12.9024 250
v 98.5564 -4.73726 250
v 98.7888 -9.39959 250
v 97.7571 -18.6784 250
v 96.8367 -23.3241 250
v 95.641 -27.9219 250
v 94.2373 -32.4872 250
v 92.6182 -36.9991 250
v 90.7993 -41.4678 250
v 88.7608 -45.8506 250
v 86.5158 -50.1477 250
v 84.0731 -54.3607 250
v 81.4339 -58.4784 250
v 78.6009 -62.4807 250
v 75.5922 -66.3618 250
v 72.4179 -70.1477 250
v 68.7841 -74.0402 250
v 68.2616 -80.6293 250
v 64.4908 -78.0973 250
v 64.1019 -84.1337 250
v 60.6333 -81.5729 250
v 57.0958 -84.7129 250
v 53.8393 -87.4364 250
v 51.409 -89.706 250
v 42.4706 -91.0715 250
v 37.9943 -93.049 250
v 33.5351 -94.7798 250
v 28.9904 -96.2983 250
v 24.346 -97.5812 250
v 19.6279 -98.6824 250
v 14.8415 -99.5542 250
v 10.0025 -100.21 250
v 5.12352 -100.644 250
v 0.216186 -100.861 250
v -4.69869 -100.85 250
v -9.60968 -100.614 250
v -14.5131 -100.158 250
v -19.4051 -99.4756 250
v -24.2783 -98.5592 250
v -29.0985 -97.4525 250
v -33.7615 -96.2887 250
v -38.1022 -95.2355 250
v -42.1369 -94.2955 250
v -45.9829 -93.9561 250
v 90.6046 18.9602 250
v 92.3891 14.9831 250
v -61.1718 -78.1942 250
v -64.858 -75.4164 250
v -53.2704 -82.6272 250
v -57.3514 -80.6922 250
v -68.3581 -72.3086 250
v -71.7777 -69.0419 250
v -75.0145 -65.5629 250
v -78.1193 -61.9176 250
v -81.0681 -58.1009 250
v -83.8698 -54.128 250
v -86.4792 -50.0218 250
v -88.9003 -45.7997 250
v -91.1385 -41.4638 250
v -93.1852 -37.0154 250
v -95.0261 -32.4667 250
v -96.6669 -27.8416 250
v -98.1393 -23.1352 250
v -99.4535 -17.9888 250
v -104.71 -14.0386 250
v -100.55 -12.2045 250
v -105.414 -8.64598 250
v -101.391 -7.09209 250
v -102.125 -2.41648 250
v -102.595 1.86317 250
v -103.181 5.1416 250
v -99.568 13.3941 250
v -98.8185 18.2329 250
v -97.8749 22.9231 250
v -96.7115 27.5611 250
v -95.2965 32.1465 250
v -93.6862 36.6937 250
v -91.8468 41.1758 250
v -89.7972 45.5918 250
v -87.5404 49.9335 250
v -85.0762 54.1824 250
v -82.4136 58.3257 250
v -79.5595 62.3522 250
v -76.5208 66.2562 250
v -73.297 70.0253 250
v -69.8845 73.6482 250
v -66.3415 77.1186 250
v -62.8446 80.4173 250
v -59.6292 83.4973 250
v -56.6858 86.372 250
v -54.3506 89.4037 250
v 26.0079 36.147 250
v 27.1187 32.9567 250
v 22.5327 35.0611 250
v -32.9044 93.6702 250
v -28.5716 95.2818 250
v -40.8926 89.4269 250
v -37.0731 91.8039 250
v -24.047 96.5618 250
v -19.4322 97.6815 250
v -14.7414 98.532 250
v -9.99557 99.1796 250
v -5.20193 99.604 250
v -0.361886 99.8221 250
v 4.49192 99.8058 250
v 9.34344 99.5668 250
v 14.191 99.114 250
v 19.0301 98.4429 250
v 23.8462 97.5451 250
v 28.625 96.4371 250
v 33.3898 95.1403 250
v 38.4466 93.4694 250
v 44.6056 95.7692 250
v 43.919 91.2735 250
v 49.5155 93.4684 250
v 48.6742 89.234 250
v 52.9912 87.3474 250
v 57.0423 85.4943 250
v 61.0852 84.0487 250
v 64.588 76.5182 250
v 68.4284 73.4177 250
v 71.9542 70.1159 250
v 75.2771 66.6434 250
v 78.4007 62.984 250
v 81.3718 59.1707 250
v 84.1649 55.1966 250
v 86.788 51.0799 250
v 89.235 46.831 250
v 91.4888 42.463 250
v 93.5453 37.9871 250
v 95.3998 33.4085 250
v 97.0499 28.7273 250
v 98.4925 23.9708 250
v 99.807 19.3054 250
v 101.002 14.8606 250
v 102.324 10.645 250
v -22.8894 25.0218 250
v -22.0122 22.1798 250
v -25.305 23.8515 250
v 98.4071 -14.0307 250
v 97.6066 -0.066111 250
v 47.5671 -88.8504 250
v -100.415 7.89063 250
v -20.4516 26.6213 250
v -18.6419 21.274 250
v 102.129 5.18326 250
v 95.9417 4.56612 250
v -50.3922 -87.1878 250
v -49.2123 -83.6367 250
v -46.2712 89.4719 250
v -43.9087 86.5633 250
v 90.6754 -26.8835 250
v 89.3213 -31.3164 250
v 91.8208 -22.4325 250
v 87.729 -35.6746 250
v 85.9845 -40.058 250
v 83.9787 -44.3086 250
v 81.7748 -48.4905 250
v 79.3849 -52.6182 250
v 76.7983 -56.6677 250
v 74.0118 -60.5955 250
v 71.0396 -64.4128 250
v 67.8623 -68.1459 250
v 64.3723 -71.8921 250
v 60.674 -75.5956 250
v 57.226 -79.0054 250
v 54.1663 -82.0974 250
v 50.9012 -84.9279 250
v 31.8712 -90.2601 250
v 27.4952 -91.7855 250
v 40.2797 -86.5201 250
v 36.1162 -88.5026 250
v 22.9643 -92.9814 250
v 18.3704 -94.1048 250
v 13.6845 -94.9384 250
v 8.93848 -95.581 250
v 4.15123 -95.996 250
v -0.671443 -96.214 250
v -5.49598 -96.1921 250
v -10.321 -95.9493 250
v -15.1522 -95.4952 250
v -19.9863 -94.8223 250
v -24.7981 -93.9481 250
v -29.5277 -92.9762 250
v -34.0375 -92.077 250
v -38.1053 -91.3915 250
v -42.1878 -90.4553 250
v -47.0987 -89.8982 250
v -45.3325 -85.1568 250
v -58.1338 -74.0267 250
v -61.6643 -71.4374 250
v -71.4498 -61.952 250
v -74.4795 -58.4267 250
v -54.5162 -76.2487 250
v -94.8497 8.07666 250
v -94.5923 12.8239 250
v -68.3125 -65.3091 250
v -77.3197 -54.7075 250
v -80.0826 -50.8271 250
v -82.6074 -46.8094 250
v -84.9668 -42.6747 250
v -87.1712 -38.4156 250
v -89.1894 -34.0345 250
v -90.9871 -29.5583 250
v -92.5861 -25.0003 250
v -94.0122 -20.3244 250
v -95.2775 -15.3899 250
v -96.392 -10.31 250
v -97.3955 -5.58728 250
v -98.3392 -1.3438 250
v -98.9258 2.96067 250
v -93.1508 21.9295 250
v -92.09 26.4309 250
v -93.949 17.3878 250
v -90.6696 30.8608 250
v -89.1446 35.3041 250
v -87.3313 39.6682 250
v -85.3249 43.9877 250
v -83.1139 48.2507 250
v -80.6838 52.4234 250
v -78.054 56.5022 250
v -75.23 60.4738 250
v -72.218 64.3369 250
v -69.0165 68.071 250
v -65.6631 71.6686 250
v -62.2864 75.1305 250
v -59.1085 78.4313 250
v -56.3638 81.472 250
v -53.4068 84.3787 250
v -50.3206 88.1704 250
v -47.2473 84.1242 250
v -31.0375 88.8742 250
v -26.9304 90.4555 250
v -13.559 93.5916 250
v -8.95067 94.2373 250
v -34.8588 87.0293 250
v 57.8368 75.3257 250
v 60.6764 79.4343 250
v 61.6316 72.7048 250
v -18.1064 92.7617 250
v -4.30247 94.6214 250
v 0.42271 94.8578 250
v 5.14784 94.8151 250
v 9.88029 94.5645 250
v 14.6308 94.123 250
v 19.3875 93.4694 250
v 24.116 92.5775 250
v 28.8221 91.4698 250
v 33.5463 90.1458 250
v 38.4045 88.544 250
v 43.2903 86.7415 250
v 47.8043 85.0397 250
v 51.8832 83.5252 250
v 55.8763 81.5591 250
v 68.5909 66.6842 250
v 71.8313 63.3709 250
v 65.1552 69.7753 250
v 74.8269 59.7994 250
v 77.7448 56.1029 250
v 80.4553 52.2104 250
v 83.0224 48.1754 250
v 85.4308 44.0029 250
v 87.6415 39.7023 250
v 89.6646 35.2873 250
v 91.4896 30.7599 250
v 93.1133 26.123 250
v 94.5734 21.4611 250
v 96.0034 17.0947 250
v 97.1168 13.0463 250
v 98.0104 9.68959 250
v 93.5125 -9.0883 250
v 93.3491 -13.5087 250
v 91.7692 -0.755143 250
v 93.0282 -4.7835 250
v 92.6853 -17.9595 250
v 44.4066 -84.2153 250
v -65.0267 -68.4529 250
v -50.8149 -78.0571 250
v -22.568 91.6953 250
v -38.349 84.8734 250
v -41.2448 -86.4184 250
v -50.4942 81.4169 250
v -47.0923 -79.5151 250
v -94.5904 3.47716 250
v -41.5386 82.4719 250
v 53.8959 77.704 250
v 48.1161 -81.5301 250
v 89.8441 2.77931 250
v 41.995 -79.6889 250
v 38.1836 -81.9896 250
v 82.9401 -34.2246 250
v 81.2524 -38.4468 250
v 79.3013 -42.552 250
v 74.8403 -50.6125 250
v 72.333 -54.5943 250
v 69.605 -58.4029 250
v 66.6933 -62.1337 250
v 63.5917 -65.7765 250
v 60.302 -69.4094 250
v 56.9649 -72.9729 250
v 53.8677 -76.3795 250
v 51.6815 -79.3513 250
v -61.7055 -64.699 250
v -64.849 -61.6688 250
v 30.2001 -85.6639 250
v 25.9972 -87.1662 250
v 12.6319 -90.2166 250
v 8.01175 -90.8721 250
v 34.2472 -83.9026 250
v 17.1743 -89.3856 250
v 3.35903 -91.2382 250
v -1.35637 -91.4916 250
v -6.04621 -91.4369 250
v -10.7467 -91.1839 250
v -15.4775 -90.752 250
v -20.2274 -90.1259 250
v -24.9478 -89.3429 250
v -29.5942 -88.5546 250
v -34.028 -87.9436 250
v -37.5198 -87.9332 250
v -43.2989 -80.9465 250
v -55.077 -69.9621 250
v -58.452 -67.5073 250
v -25.3405 85.6521 250
v -21.1701 86.9201 250
v -70.746 -55.0394 250
v -73.5411 -51.4706 250
v -89.7478 7.68847 250
v -89.6196 12.1771 250
v -48.2257 -73.8751 250
v -51.6413 -72.0643 250
v -76.1448 -47.7016 250
v -78.5985 -43.8087 250
v -83.0661 -35.6333 250
v -85.064 -31.3377 250
v -86.7796 -26.9686 250
v -88.3246 -22.5143 250
v -89.7314 -17.9481 250
v -91.0076 -13.2554 250
v -92.1924 -8.57 250
v -93.3753 -4.15478 250
v -94.691 -0.714492 250
v -16.8413 87.8876 250
v -88.3735 20.8958 250
v -87.3836 25.2314 250
v -89.0786 16.5339 250
v -80.8483 42.2097 250
v -78.7161 46.3822 250
v -84.5137 33.7759 250
v -82.783 38.0101 250
v -76.3234 50.4396 250
v -73.7431 54.4304 250
v -70.9622 58.3187 250
v -68.0017 62.132 250
v -64.8633 65.8164 250
v -61.6362 69.3811 250
v -58.4782 72.8564 250
v -55.619 76.2205 250
v -53.7529 79.1332 250
v 93.5633 11.611 250
v 91.5443 7.28224 250
v -44.7376 80.0135 250
v -29.2521 84.1191 250
v 68.2651 60.0466 250
v 71.2119 56.6517 250
v -8.02635 89.2663 250
v -3.53511 89.6945 250
v 54.7763 71.4097 250
v 58.4619 68.9401 250
v -36.1634 80.3424 250
v -32.8535 82.3336 250
v 1.00479 89.8689 250
v 5.57479 89.8291 250
v 14.7876 89.1503 250
v 19.4539 88.5401 250
v 24.0488 87.6374 250
v 28.6452 86.5376 250
v 33.2681 85.2516 250
v 37.9248 83.7854 250
v 42.5073 82.2527 250
v 46.8482 80.8656 250
v 50.4443 80.1017 250
v 65.1588 63.2389 250
v 61.8466 66.1704 250
v 79.1042 45.3585 250
v 81.4834 41.2943 250
v 73.9408 53.0163 250
v 76.604 49.2765 250
v 83.6222 37.0834 250
v 85.6024 32.7545 250
v 87.372 28.2901 250
v 88.9695 23.682 250
v 87.7243 -17.1865 250
v 86.8997 -21.4822 250
v 88.2936 -8.73184 250
v 88.2519 -12.9208 250
v 87.7513 -4.71742 250
v 21.6154 -88.3142 250
v 77.1454 -46.5745 250
v 85.7589 -25.7469 250
v -86.0163 29.5039 250
v 84.4269 -29.9848 250
v -67.8289 -58.4163 250
v -80.8756 -39.7933 250
v -12.459 88.644 250
v 10.1466 89.5531 250
v 86.6557 -1.03109 250
v -39.2033 -82.2166 250
v -48.0695 77.325 250
v 85.2388 2.26391 250
v 45.8259 -77.0942 250
v -44.8661 -75.508 250
v -89.6337 3.0297 250
v 50.8385 73.8137 250
v -39.2627 78.2188 250
v 65.3474 -55.934 250
v 62.5362 -59.5786 250
v 76.5607 -36.6738 250
v 74.7099 -40.6489 250
v 70.3916 -48.3974 250
v 67.9698 -52.2129 250
v 59.5548 -63.0801 250
v 56.445 -66.6605 250
v 53.3036 -70.1834 250
v 50.2438 -74.0716 250
v 76.8858 8.90781 250
v 74.2439 12.2624 250
v 78.3494 13.6444 250
v 81.6117 9.59207 250
v -76.739 -37.0894 250
v -78.8542 -33.0608 250
v 28.5367 -81.0251 250
v 24.5064 -82.4787 250
v 7.20235 -86.0208 250
v 2.69437 -86.4552 250
v 87.7327 5.98481 250
v -82.6071 23.9775 250
v -81.383 28.1038 250
v -84.2187 15.6689 250
v -83.5575 19.8265 250
v 20.2985 -83.5994 250
v 16.0268 -84.6445 250
v 20.2634 30.2709 250
v 17.5834 31.8112 250
v 18.6456 35.4498 250
v 11.6467 -85.3958 250
v -66.9792 -51.7402 250
v -69.647 -48.3313 250
v -1.83165 -86.6289 250
v -6.36371 -86.5874 250
v -15.5058 -85.9585 250
v -20.1622 -85.4195 250
v -24.7765 -84.7215 250
v -29.4471 -84.0913 250
v -34.2951 -83.855 250
v 25.5906 39.1577 250
v 28.8784 37.9111 250
v -23.783 80.8696 250
v -19.7963 82.1133 250
v 22.7108 39.5101 250
v -52.0014 -65.9835 250
v -55.2491 -63.6536 250
v -58.347 -60.946 250
v -72.105 -44.7033 250
v -74.4966 -40.9706 250
v -71.9831 48.2476 250
v -69.488 52.1411 250
v -61.3092 -58.0197 250
v -64.2011 -54.9688 250
v 23.3057 28.4685 250
v -48.7549 -68.0567 250
v -80.7238 -28.9109 250
v -82.4072 -24.6709 250
v -85.3247 -15.9464 250
v -86.6351 -11.4436 250
v -87.8813 -6.96309 250
v -89.4829 -2.33332 250
v 22.2477 -37.3208 250
v 25.4971 -38.4071 250
v 23.1435 -41.0818 250
v -15.6384 83.0264 250
v -84.6232 11.5056 250
v -76.3405 40.2963 250
v -74.2696 44.3 250
v 24.0906 -34.2235 250
v 26.9754 -36.134 250
v 58.5163 62.5869 250
v 61.6912 59.8071 250
v -66.7596 55.8913 250
v -63.9013 59.674 250
v -60.8592 63.2725 250
v -57.7869 66.7831 250
v -54.8007 70.3209 250
v -52.0614 74.211 250
v -48.0509 -10.822 250
v -50.508 -14.0704 250
v -52.2641 -10.1821 250
v -42.2824 75.9718 250
v 78.1976 -32.6457 250
v -27.5183 79.3909 250
v 64.6274 56.7006 250
v 67.4741 53.4612 250
v 1.4382 84.8944 250
v 5.83914 84.8797 250
v 79.4305 34.5838 250
v 81.3848 30.3652 250
v -11.4388 83.749 250
v -2.90622 84.7066 250
v -30.9682 77.7274 250
v 14.7207 84.1798 250
v 19.223 83.5863 250
v 23.6732 82.7063 250
v 32.61 80.4422 250
v 37.1106 79.1017 250
v 41.5404 77.7228 250
v 46.2794 76.5806 250
v -45.2557 -14.3393 250
v -48.8964 -16.8568 250
v -7.197 84.2962 250
v 70.0975 49.9674 250
v 72.6796 46.382 250
v 82.1827 -1.26434 250
v 82.9417 -4.59953 250
v -41.5023 -77.0203 250
v 75.0421 42.5804 250
v 77.3204 38.6571 250
v 26.5557 -45.6924 250
v 30.0568 -46.9995 250
v 27.2778 -49.7133 250
v 83.0642 25.9722 250
v 84.6616 21.3434 250
v 28.4538 -41.8545 250
v 31.8095 -44.4727 250
v 72.6198 -44.5195 250
v 82.7315 -16.3653 250
v 81.971 -20.4559 250
v 80.8681 -24.5227 250
v 79.6324 -28.5911 250
v 83.1834 -12.3122 250
v -52.2366 2.04512 250
v -55.4826 0.00071459 250
v -55.8705 3.94906 250
v 10.2473 84.5764 250
v -78.2009 36.2548 250
v -83.8943 -20.3724 250
v -45.6263 -69.9692 250
v -84.7129 7.28892 250
v -10.8945 -86.3186 250
v 32.3835 -79.3304 250
v -79.8589 32.1831 250
v 39.609 -75.2268 250
v 36.0555 -77.4077 250
v 55.2125 65.1169 250
v 51.7422 67.3963 250
v -34.1597 75.9777 250
v 28.1125 81.6387 250
v 83.2127 -8.37576 250
v -84.5616 2.98077 250
v -37.1585 74.2262 250
v -42.7512 -71.8472 250
v -45.2493 73.4005 250
v 48.0773 69.5135 250
v 81.3146 1.64613 250
v -37.6694 -77.6648 250
v 43.1287 -72.7932 250
v -76.6495 26.6451 250
v -75.2479 30.5613 250
v 49.7644 -66.841 250
v 46.6451 -70.0278 250
v 63.695 -49.6961 250
v 61.188 -53.282 250
v 52.7573 -63.5481 250
v -76.3092 -26.672 250
v -77.9815 -22.5914 250
v -72.4886 -34.5113 250
v -74.4805 -30.6494 250
v -2.15971 -81.7264 250
v -6.51989 -81.7178 250
v 90.2893 10.2763 250
v 86.5659 9.35949 250
v -77.8159 22.6992 250
v -70.3385 -38.2256 250
v -24.2891 -79.9864 250
v -28.831 -79.3156 250
v -69.8338 42.1301 250
v -67.6598 45.9323 250
v 14.9259 -79.8179 250
v 10.7382 -80.5972 250
v 23.0773 77.7991 250
v 27.3817 76.8151 250
v -63.1774 -48.495 250
v -65.7029 -45.2471 250
v 2.17821 -81.5276 250
v 58.4869 -56.7335 250
v 55.6764 -60.1716 250
v -15.3098 -81.1005 250
v -19.7863 -80.6042 250
v -33.2806 -78.6109 250
v -60.5381 -51.5642 250
v -22.2571 76.0968 250
v -18.4504 77.291 250
v 23.0186 -77.7109 250
v 19.0243 -78.8535 250
v 68.6418 43.494 250
v 70.959 39.8858 250
v 83.2935 5.72626 250
v -51.9948 -59.7989 250
v -54.9794 -57.2717 250
v -68.0489 -41.7857 250
v -78.7109 18.7345 250
v 44.1212 71.4917 250
v -83.164 -5.77355 250
v -84.1385 -1.46848 250
v -80.8003 -14.2541 250
v -82.0416 -10.0053 250
v -14.4873 78.1657 250
v 31.6349 75.6535 250
v 78.7496 23.8832 250
v 80.3715 19.5105 250
v 58.1428 56.2961 250
v 61.0043 53.4082 250
v 75.1311 32.1724 250
v 77.0216 28.1051 250
v 26.8626 -76.3436 250
v -79.4238 -18.4735 250
v -71.8264 38.2998 250
v 1.77716 79.9388 250
v 5.98092 79.9098 250
v 55.1406 58.9355 250
v -6.45361 79.4144 250
v -2.36637 79.7744 250
v 6.48214 -81.1096 250
v 30.4968 -74.7265 250
v 52.0265 61.2762 250
v -59.8983 56.9422 250
v -56.9971 60.4864 250
v -51.2135 67.2129 250
v -48.3444 70.4927 250
v -40.0245 72.4054 250
v 63.6539 50.2401 250
v 66.208 46.9476 250
v 73.4893 -30.9877 250
v 71.9249 -34.8266 250
v -25.8552 74.7178 250
v 78.364 -4.45785 250
v 78.485 -7.93494 250
v -10.4891 78.851 250
v -29.2227 73.2429 250
v 14.4887 79.2012 250
v 18.7847 78.6098 250
v 35.8415 74.3837 250
v 39.9607 73.0105 250
v 10.2118 79.6047 250
v 78.2408 -11.6958 250
v -57.7814 -54.459 250
v -10.874 -81.4371 250
v 73.0802 36.0829 250
v 76.0515 -23.264 250
v 74.8594 -27.1303 250
v 70.1144 -38.5964 250
v 68.1824 -42.3624 250
v 33.9469 -72.8969 250
v 81.8728 15.309 250
v 77.727 -15.5266 250
v 77.0299 -19.3907 250
v 48.8144 63.3763 250
v -50.1073 -2.25258 250
v -54.5658 -3.30863 250
v 66.004 -46.0335 250
v -65.2254 49.6341 250
v -62.6464 53.3108 250
v -73.5941 34.4334 250
v -40.4399 -73.7268 250
v -42.7683 -66.3144 250
v -45.8178 -64.1979 250
v -79.7927 6.8806 250
v -79.7239 10.8289 250
v 78.1353 -1.27873 250
v -48.906 -62.0494 250
v 30.5799 -54.6483 250
v 34.0696 -56.2614 250
v 30.8754 -58.6149 250
v 37.2807 -70.8839 250
v -54.0934 63.8473 250
v -79.3015 14.7667 250
v 83.2388 12.4467 250
v -32.3922 71.8054 250
v 77.9516 1.88591 250
v 32.9916 -50.7595 250
v 36.3563 -53.7928 250
v -42.4352 69.8157 250
v 37.1202 50.7159 250
v 37.4504 54.6564 250
v 40.7147 52.4897 250
v -36.7743 -72.3145 250
v 45.471 65.3016 250
v 40.5527 -68.7081 250
v 32.7219 51.4058 250
v 34.3407 56.3677 250
v -79.7162 2.92499 250
v -39.778 -68.7732 250
v -35.3736 70.563 250
v -27.886 -74.4656 250
v -32.1941 -73.663 250
v 61.7053 -43.6004 250
v 59.4924 -47.0847 250
v 1.74322 -76.6126 250
v -2.38623 -76.8237 250
v -71.8827 -24.5245 250
v -73.5324 -20.6623 250
v -69.0278 32.5865 250
v -67.339 36.2596 250
v 72.1769 -18.3093 250
v 71.2569 -21.9755 250
v -73.0272 21.4102 250
v -71.9179 25.1716 250
v -66.1554 -35.5333 250
v -68.2156 -32.0035 250
v -23.5581 -75.1318 250
v -45.7896 -58.1536 250
v -48.7561 -56.0177 250
v 76.2407 17.7931 250
v 70.0787 -25.6226 250
v 68.8055 -29.2743 250
v 54.5457 -53.8274 250
v 51.893 -57.137 250
v -19.23 -75.7137 250
v 57.312 50.043 250
v 59.8774 47.0985 250
v -56.8564 -48.1903 250
v -59.3614 -45.2924 250
v -20.7743 71.3461 250
v -17.1387 72.4856 250
v -63.3237 43.5062 250
v -61.0638 47.0914 250
v -1.92301 74.9256 250
v 2.02147 75.0402 250
v -61.7094 -42.1637 250
v -63.9882 -38.9301 250
v 43.7249 -66.3372 250
v -51.5619 -53.5671 250
v 41.9479 67.0477 250
v -73.8769 17.6243 250
v -76.2935 -12.775 250
v -77.4827 -8.76675 250
v 72.6356 25.9528 250
v 74.4145 21.9256 250
v -78.5646 -4.88627 250
v -79.4518 -1.02257 250
v -14.9441 -76.1954 250
v 13.8636 -74.9609 250
v 9.88443 -75.7143 250
v -13.3843 73.362 250
v 34.3811 69.7893 250
v 38.2272 68.5084 250
v -54.2424 -50.9305 250
v 57.0705 -50.4675 250
v -74.4474 13.8485 250
v -65.3796 39.8853 250
v 6.03066 74.9415 250
v -74.7847 10.0985 250
v -5.79786 74.6301 250
v 5.83425 -76.2071 250
v 28.6298 -70.1408 250
v 25.1996 -71.6779 250
v 48.9349 57.4851 250
v 51.8226 55.2911 250
v -55.9871 54.1179 250
v -53.2407 57.5535 250
v -45.2047 67.0966 250
v 73.8904 -4.19814 250
v 73.7611 -7.48212 250
v 62.2641 43.923 250
v 30.429 70.944 250
v -74.9583 6.3652 250
v 10.0804 74.6641 250
v -58.5843 50.6104 250
v -9.60586 74.0657 250
v -27.6487 68.7593 250
v -24.2713 70.0773 250
v -6.53198 -76.7833 250
v 49.1954 -60.3423 250
v 46.4867 -63.4581 250
v 14.1557 74.2219 250
v 18.2566 73.6749 250
v 22.3396 72.8946 250
v 17.7617 -74.0468 250
v -10.7011 -76.5317 250
v -50.481 60.8363 250
v 65.592 -36.4901 250
v 63.7448 -40.0695 250
v 73.3726 -11.0319 250
v 72.8811 -14.6478 250
v 68.8238 33.5903 250
v 70.7855 29.8455 250
v 21.5273 -72.9198 250
v 46.0033 59.5012 250
v -38.0525 69.8113 250
v 67.2527 -32.8853 250
v 31.9099 -68.4474 250
v 54.5985 52.7402 250
v -42.7947 -60.2062 250
v 26.3913 71.9706 250
v -47.8303 64.0222 250
v -70.0911 -28.3015 250
v 78.2009 5.13329 250
v 64.5446 40.6111 250
v 66.759 37.194 250
v -74.9919 -16.7696 250
v -70.5261 28.8895 250
v -39.7675 -62.3164 250
v 74.1692 -1.30544 250
v -31.023 67.5161 250
v 35.1049 -66.6408 250
v -36.6857 -64.6087 250
v 74.1328 2.2521 250
v 38.2757 -64.7929 250
v -38.9552 66.2976 250
v 42.9835 61.3798 250
v -75.1383 2.68023 250
v -34.6147 66.5364 250
v -65.8604 27.2181 250
v -64.4598 30.7206 250
v -56.9092 44.4884 250
v -54.6124 47.9052 250
v -1.60273 70.2348 250
v 2.15193 70.1921 250
v 20.0915 -68.1957 250
v 16.5274 -69.2592 250
v 71.8866 16.1136 250
v 5.98728 70.024 250
v 51.1106 49.2839 250
v 53.6497 46.7261 250
v -42.66 -54.2828 250
v -45.5015 -52.2382 250
v 60.4677 37.7973 250
v 62.5661 34.567 250
v -70.7824 -15.239 250
v -71.9321 -11.45 250
v -63.9187 -29.4948 250
v -65.7731 -26.0031 250
v 65.3625 -24.1026 250
v 64.1338 -27.5301 250
v -57.7608 -39.1608 250
v -59.9211 -36.0989 250
v 68.1869 23.8838 250
v 69.9668 20.0502 250
v 36.4725 64.2845 250
v 39.8686 63.075 250
v 56.0239 43.8872 250
v 5.23378 -71.3396 250
v 1.36209 -71.7365 250
v -73.106 -7.67273 250
v -74.2566 -3.99786 250
v 9.8612 69.7306 250
v -75.5336 -0.81049 250
v 13.7496 69.301 250
v -69.0199 16.5039 250
v -68.235 20.1129 250
v -22.6406 -70.2523 250
v -26.724 -69.6826 250
v -61.9473 -32.8362 250
v 59.3391 -37.7287 250
v 57.4271 -41.0922 250
v -48.1552 -49.9106 250
v -50.7454 -47.4903 250
v 25.3634 67.2279 250
v 29.1854 66.3174 250
v -49.6357 54.6398 250
v -47.0111 57.881 250
v 12.8089 -70.0656 250
v 9.05643 -70.7926 250
v -15.832 67.7242 250
v -12.3015 68.6782 250
v 45.9037 53.8365 250
v 48.5193 51.6573 250
v 68.045 -13.7402 250
v 67.3587 -17.2133 250
v -53.1635 -44.8344 250
v -55.5143 -42.0775 250
v 53.0357 -47.6394 250
v 50.6555 -50.8678 250
v -69.5449 12.8932 250
v 48.1816 -54.0611 250
v 45.6885 -57.2435 250
v 55.285 -44.378 250
v -69.8526 9.26974 250
v -5.24422 70.1259 250
v -8.76347 69.4635 250
v 26.8077 -65.5803 250
v 23.524 -66.9724 250
v 58.272 40.8787 250
v 66.3899 27.5848 250
v -67.0944 23.6766 250
v 69.6441 -3.19543 250
v 69.0927 -6.75637 250
v 32.883 65.3391 250
v 71.0316 0.645744 250
v -70.0424 5.5882 250
v -52.1704 51.2944 250
v 66.4188 -20.6638 250
v -29.4479 62.8313 250
v -26.0439 64.1436 250
v 69.6647 5.18669 250
v 73.7642 5.05732 250
v -62.8091 34.1831 250
v -22.6951 65.4184 250
v -2.5324 -71.9214 250
v -6.44696 -71.9569 250
v 43.336 -60.3017 250
v -60.9595 37.6239 250
v -59.0262 41.0609 250
v 17.6294 68.7193 250
v 21.507 68.0377 250
v 68.5726 -10.2547 250
v -10.395 -71.6917 250
v -14.4291 -71.3088 250
v 61.0899 -34.3383 250
v -19.2859 66.6059 250
v -67.5283 -22.4008 250
v -69.2162 -18.8095 250
v 29.9619 -64.0393 250
v -39.7214 -56.2432 250
v 64.5015 31.1251 250
v 62.6547 -30.9356 250
v 43.2875 55.8878 250
v -44.5218 60.9875 250
v -18.4914 -70.7946 250
v -42.4603 64.0689 250
v 41.3834 -63.1757 250
v 33.0704 -62.359 250
v -36.6472 -58.2251 250
v 36.3454 -60.3079 250
v -33.0784 61.5794 250
v -33.4072 -60.3026 250
v 40.5567 57.8898 250
v -70.2324 1.75358 250
v -30.4843 -69.3848 250
v 62.5554 -16.1273 250
v 61.7431 -19.3785 250
v -54.7352 38.6244 250
v -52.767 41.9014 250
v -59.8251 28.8408 250
v -58.3174 32.1107 250
v 2.12919 65.3804 250
v 5.83777 65.1347 250
v 47.6159 45.8523 250
v 49.9747 43.3902 250
v 20.9696 -20.5924 250
v 16.4111 -20.7311 250
v 21.0912 -16.9255 250
v -17.8042 61.918 250
v -14.4869 63.0455 250
v -57.7763 -30.1892 250
v -59.6658 -27.0107 250
v -56.5629 35.3631 250
v -47.2708 -44.0943 250
v -49.552 -41.615 250
v -43.7141 55.0848 250
v -41.0883 58.4865 250
v 60.2007 28.7446 250
v 61.9785 25.4083 250
v -46.1275 51.8465 250
v 8.22223 -65.9275 250
v 4.62373 -66.4985 250
v 45.2223 48.1915 250
v 9.5547 64.8157 250
v 13.2765 64.4199 250
v 52.1928 40.7067 250
v 53.1231 -38.5421 250
v 51.161 -41.6802 250
v 0.964375 -66.9133 250
v 63.6827 -9.47882 250
v 63.2036 -12.8304 250
v -21.6517 -65.3882 250
v -26.1671 -65.0009 250
v -39.5418 -50.4586 250
v -42.2842 -48.5275 250
v -64.1418 15.389 250
v -63.3982 18.813 250
v -44.8224 -46.3693 250
v -21.0779 60.6958 250
v -50.6106 45.2242 250
v -48.4231 48.5481 250
v 16.9608 63.8597 250
v 0.872875 7.71799 250
v 1.93239 4.67465 250
v -2.36606 6.03615 250
v -62.315 22.1813 250
v -61.1618 25.5326 250
v 20.6346 63.2093 250
v 24.3157 62.5132 250
v 65.3986 18.2581 250
v 67.2596 14.3669 250
v 0.817601 0.756141 250
v -2.46531 1.0062 250
v -51.7004 -38.9456 250
v -53.8089 -36.185 250
v 44.4888 -51.0141 250
v 42.1512 -54.2619 250
v -37.0211 60.3396 250
v 58.3381 31.9417 250
v -64.9559 8.45494 250
v -64.6508 11.9419 250
v -4.82003 66.2636 250
v -1.48265 65.7024 250
v -7.83566 65.0222 250
v 54.3035 37.8733 250
v 56.3707 34.983 250
v 60.7347 -22.6079 250
v 58.1371 -28.9962 250
v 56.6401 -32.1871 250
v 63.6911 21.9009 250
v 49.0095 -44.7798 250
v 18.6358 -63.4589 250
v 15.2674 -64.4468 250
v 64.1558 -2.44783 250
v 63.9941 -6.03624 250
v -8.02084 13.212 250
v -5.74399 14.78 250
v -6.62303 10.347 250
v -65.1621 4.90025 250
v -13.7292 -66.5046 250
v -17.602 -65.938 250
v -63.3027 -20.2165 250
v -65.0965 -16.8409 250
v 46.7769 -47.8822 250
v -3.07534 15.1488 250
v -2.92149 10.9309 250
v 59.508 -25.8127 250
v -2.67294 -67.2245 250
v -6.28227 -67.3996 250
v 39.8967 -57.9264 250
v 28.0769 -59.8237 250
v 25.0711 -61.1333 250
v -61.4874 -23.6329 250
v 54.929 -35.3709 250
v -9.95682 -67.0229 250
v 21.8887 -62.3247 250
v 38.0985 59.8158 250
v 31.5424 61.0174 250
v 34.9368 60.2969 250
v 64.164 1.3518 250
v -67.1184 -13.9429 250
v -33.5455 -67.1242 250
v -29.9565 -62.5325 250
v 27.9553 61.7684 250
v -24.3636 59.3941 250
v 42.856 50.4028 250
v -33.5286 -54.0458 250
v -36.6274 -52.2779 250
v -11.1026 64.0582 250
v -55.8136 -33.2317 250
v 11.7578 -65.2189 250
v -68.8607 -6.53494 250
v -70.4787 -2.56607 250
v 69.9227 9.87457 250
v -67.7411 -10.3287 250
v -27.7641 58.0255 250
v 63.7617 5.33675 250
v 2.60686 16.4965 250
v 5.54068 17.6049 250
v 3.64647 12.9737 250
v -31.3578 56.6776 250
v -65.3865 1.25596 250
v -30.2711 -55.8029 250
v 62.248 13.223 250
v 63.2454 9.35417 250
v -9.65532 59.5268 250
v -6.08491 61.0762 250
v -53.6197 -27.5721 250
v -55.4362 -24.5195 250
v 26.7335 -55.5494 250
v 52.2293 -30.0391 250
v 50.6223 -33.0264 250
v -53.759 30.0284 250
v -52.1755 33.0923 250
v -44.0195 -40.9986 250
v -46.0193 -38.572 250
v 5.59061 60.2495 250
v 9.18877 60.0121 250
v 55.9511 26.4063 250
v 57.6461 23.3135 250
v -2.94443 -62.7137 250
v -6.11207 -63.5249 250
v 7.34864 -61.1159 250
v 3.93145 -61.7025 250
v 12.7209 59.5984 250
v 46.289 40.0747 250
v 48.3959 37.5691 250
v 48.8554 -36.0036 250
v 47.0146 -38.9715 250
v 0.437201 -62.215 250
v -62.9291 -9.60435 250
v -64.2055 -5.7103 250
v -36.5135 -46.7239 250
v -39.2034 -44.9708 250
v -26.9042 -57.5917 250
v 59.289 20.0832 250
v 60.8117 16.7383 250
v 20.3461 -57.7356 250
v 17.2141 -58.7714 250
v -26.0552 53.0992 250
v -22.7038 54.614 250
v -19.4951 55.9342 250
v -16.3009 57.1935 250
v -46.5422 42.5992 250
v -44.6278 45.9245 250
v 16.2289 59.0554 250
v -65.821 -2.33922 250
v 13.9818 -59.6426 250
v 10.7042 -60.4331 250
v 52.3169 32.2034 250
v 54.1764 29.3717 250
v -47.9421 -35.9821 250
v 40.8065 -47.8538 250
v 38.6055 -50.8495 250
v -50.3586 36.1924 250
v -48.4902 39.3436 250
v -41.6753 -43.0485 250
v -60.1354 7.63562 250
v -59.8489 10.9932 250
v 50.3754 34.9115 250
v 57.2393 -18.1721 250
v 56.436 -21.2034 250
v 53.7384 -27.0673 250
v -59.3002 14.2653 250
v -1.85581 60.6465 250
v 1.93462 60.4235 250
v 42.9486 -44.881 250
v -12.8939 -61.847 250
v -16.4789 -61.1783 250
v 55.1696 -24.1335 250
v 19.7338 58.4488 250
v -57.2552 -21.2536 250
v -9.37409 -62.5803 250
v 58.9983 -5.43129 250
v 58.8554 -8.76077 250
v -56.4758 23.8359 250
v -55.2013 26.9484 250
v 9.06389 17.4512 250
v 7.12339 12.8849 250
v 39.4569 47.4552 250
v -60.3135 4.16688 250
v -58.5435 17.4969 250
v 58.4709 -11.9595 250
v 30.4627 56.7005 250
v 57.9181 -15.0959 250
v -42.6788 49.2006 250
v 26.8191 57.2515 250
v -17.0007 6.74718 250
v -18.1899 10.5527 250
v -13.3477 9.58578 250
v -17.4742 14.0608 250
v -14.4312 13.5115 250
v 23.2578 57.847 250
v -49.8529 -33.2732 250
v -51.7531 -30.4784 250
v 41.8176 44.932 250
v -30.5425 -49.8638 250
v -33.6205 -48.3431 250
v -13.0251 58.3256 250
v -57.5634 20.6785 250
v 23.4786 -56.6346 250
v -59.2294 -17.8362 250
v 45.0077 -41.9241 250
v -61.7414 -14.2086 250
v 44.0843 42.5079 250
v -40.7051 52.2364 250
v -38.7008 54.7567 250
v 58.9531 -1.95691 250
v 58.7587 1.66672 250
v 12.8008 -22.7114 250
v 11.2885 -18.9781 250
v 58.4752 5.37459 250
v -60.2946 0.302235 250
v -27.2666 -51.2822 250
v -29.6254 51.4233 250
v 54.2712 -8.15608 250
v 54.1321 -11.2374 250
v -53.8309 16.1867 250
v -52.9492 19.1887 250
v -53.0214 -18.975 250
v -54.754 -15.6973 250
v -23.4419 -52.4779 250
v 15.4448 54.3812 250
v 18.7956 53.7619 250
v 50.168 26.879 250
v 51.8822 24.1357 250
v 53.6058 21.2893 250
v 55.2216 18.3916 250
v 46.3828 -30.6796 250
v 44.6946 -33.4767 250
v -56.6385 -11.9898 250
v -55.0817 10.0138 250
v -54.5449 13.1281 250
v -14.8157 52.4321 250
v -11.7066 53.4755 250
v 24.5692 -50.9652 250
v 21.6812 -52.1205 250
v 8.79597 55.4744 250
v 12.1122 54.9852 250
v 42.6877 36.883 250
v 44.646 34.4949 250
v 22.1744 53.2315 250
v 3.13174 -56.9482 250
v -0.351669 -57.575 250
v -58.2308 -8.10769 250
v -60.1538 -4.04068 250
v -37.9806 50.2775 250
v -35.1314 55.5131 250
v -33.6299 49.3545 250
v 56.6152 15.3405 250
v 51.1806 -22.3958 250
v 49.5462 -25.0808 250
v 53.618 -14.2141 250
v 53.048 -17.1079 250
v -47.62 30.8013 250
v -45.9123 33.6944 250
v 1.99699 55.4417 250
v 5.42905 55.5062 250
v 58.2572 9.03756 250
v 12.7712 -55.0004 250
v 9.67332 -55.7357 250
v 15.8008 -54.1719 250
v -42.5833 -35.8974 250
v -44.1701 -33.2114 250
v -43.9675 36.7223 250
v -47.7344 -27.8325 250
v -49.5293 -25.0592 250
v 40.661 39.2288 250
v 58.2826 12.4463 250
v 29.0725 52.2371 250
v -51.8585 22.1268 250
v 39.1469 -41.91 250
v 37.1623 -44.7645 250
v 52.9485 -20.0105 250
v 35.1412 -47.7035 250
v -55.4786 6.8818 250
v 33.3084 45.3278 250
v 36.0222 43.4234 250
v 46.5266 32.0329 250
v -36.477 -41.6756 250
v -38.8316 -39.9563 250
v -12.035 -57.2194 250
v -15.5096 -56.8025 250
v -4.14874 -58.6112 250
v -50.6063 25.0335 250
v 54.2053 -4.94596 250
v -45.9325 -30.5342 250
v -39.252 46.9982 250
v -21.5825 4.21816 250
v -23.9944 7.68883 250
v 53.9961 -1.57349 250
v 48.3791 29.4932 250
v 42.9071 -36.2794 250
v 41.0621 -39.0879 250
v -5.06162 55.0465 250
v -1.51161 55.3195 250
v -51.2955 -22.0785 250
v 25.595 52.773 250
v -49.1586 27.9224 250
v 38.531 41.5022 250
v -28.0987 -46.0168 250
v -30.9559 -44.5856 250
v -8.46027 54.3719 250
v -22.5615 11.5671 250
v 18.7628 -53.1961 250
v 48.0026 -27.8797 250
v -33.7879 -43.1703 250
v -17.8776 51.2294 250
v -24.1507 48.4161 250
v -20.9726 49.8857 250
v 6.44987 -56.3883 250
v -8.32574 -57.7603 250
v -41.3188 -38.5329 250
v -3.45672 30.5063 250
v -0.531825 31.8343 250
v -1.76118 26.3749 250
v 53.7016 1.94299 250
v 53.3865 5.57405 250
v 30.3397 46.9203 250
v -27.3752 46.8981 250
v -25.3876 -47.4575 250
v -49.8779 11.9148 250
v -49.2155 14.8555 250
v 50.5033 -10.7352 250
v 49.5571 -13.5448 250
v -31.3366 -39.6995 250
v -34.3807 -38.7386 250
v -41.9842 -27.8547 250
v -43.8393 -25.2821 250
v -53.3538 -6.85841 250
v 44.6808 26.9303 250
v 46.4829 24.5487 250
v 5.42386 50.9817 250
v 8.46334 51.6539 250
v -28.4733 -41.0112 250
v 2.44552 31.2608 250
v 1.92334 26.1289 250
v -50.4295 8.84693 250
v -30.6941 14.3316 250
v -30.1623 17.1218 250
v -27.1881 13.6788 250
v 45.4461 -22.9039 250
v 44.0189 -25.724 250
v 14.5644 49.8426 250
v 17.8283 49.1939 250
v 21.148 48.7604 250
v 2.52423 -52.1722 250
v -0.833499 -52.3755 250
v 51.9477 16.8098 250
v 53.1162 13.4446 250
v 47.0883 -20.0038 250
v 14.5478 -49.9585 250
v 11.6816 -50.616 250
v -19.2825 45.34 250
v -16.3221 46.6819 250
v 11.3852 50.645 250
v 8.74101 -51.2886 250
v -38.441 -33.4406 250
v -40.1652 -30.5432 250
v -41.2108 31.1299 250
v -38.9789 33.8336 250
v -45.7212 -22.69 250
v 24.4131 48.4701 250
v 27.649 48.5163 250
v -48.3337 17.6664 250
v -47.3376 20.4355 250
v -30.3903 45.3872 250
v 2.22407 50.7002 250
v -19.3015 -50.2913 250
v -4.42058 -52.6398 250
v -8.06745 -52.5604 250
v -28.2305 19.1307 250
v -24.9963 16.7483 250
v -46.1431 23.1485 250
v 5.70799 -51.9317 250
v 48.1814 21.9218 250
v 49.8726 19.2838 250
v 20.0937 -47.8618 250
v 17.2966 -48.9481 250
v 41.0391 31.6074 250
v 42.8622 29.2697 250
v -36.8928 -36.764 250
v -7.55892 49.8221 250
v -4.39055 50.1892 250
v 37.4269 36.3114 250
v 39.1924 33.9381 250
v 42.3806 -28.3549 250
v 40.6515 -30.9612 250
v 53.1824 9.34406 250
v 49.5921 -4.6449 250
v 49.9149 -7.74925 250
v 30.6238 41.4446 250
v 33.2142 39.8596 250
v -47.3407 -19.8011 250
v 49.2621 -1.34153 250
v -10.9524 -32.6136 250
v -13.4508 -37.1036 250
v -16.8836 -35.8935 250
v -14.6238 -31.3476 250
v -11.7071 -52.6073 250
v -51.0601 5.60238 250
v -1.09472 50.4746 250
v -44.7005 25.828 250
v -43.0845 28.4768 250
v 48.9252 2.04928 250
v 38.9226 -33.6077 250
v -25.5688 -42.5361 250
v -10.5287 48.9518 250
v -23.0883 -48.8237 250
v -13.4309 47.8934 250
v 49.2211 -16.9267 250
v -22.3735 43.834 250
v 35.931 38.7342 250
v 37.1792 -36.2956 250
v 35.4092 -38.993 250
v 19.0907 -38.5484 250
v 16.6753 -40.7699 250
v 16.1336 -34.894 250
v 23.0651 -46.7354 250
v 13.7733 -42.0427 250
v 12.2947 -35.6683 250
v 33.6309 -41.7622 250
v -25.7011 42.2758 250
v -20.144 -34.6999 250
v -23.454 -33.876 250
v -18.713 -30.5552 250
v -25.7017 -31.665 250
v -21.6864 -28.0269 250
v -39.3004 17.2929 250
v -38.9223 19.8612 250
v -35.7711 16.5616 250
v 27.591 42.9689 250
v 48.4727 5.51015 250
v -37.0704 21.7048 250
v -33.6339 19.089 250
v -22.7928 -44.3868 250
v -20.3729 -46.875 250
v 20.4065 44.4188 250
v 24.2289 44.525 250
v -38.9224 26.1386 250
v -37.0041 28.4951 250
v -32.0253 -33.0188 250
v -34.1273 -30.2227 250
v -36.1898 -27.5716 250
v -38.1879 -25.0143 250
v -45.5697 7.9147 250
v -45.2926 10.8292 250
v -35.5131 45.2245 250
v -32.623 43.7667 250
v -42.5741 -20.6131 250
v -43.6028 -17.5617 250
v -12.0225 43.7738 250
v -9.3852 44.9705 250
v 43.8158 -15.0514 250
v 42.4399 -18.0814 250
v 41.2943 -20.9995 250
v 16.9225 44.6836 250
v 2.1842 -47.7067 250
v -1.11266 -47.5308 250
v 13.5379 -46.5845 250
v 10.7474 -46.6164 250
v -18.1246 35.2234 250
v -15.9718 37.5981 250
v -15.2466 32.1581 250
v 18.3137 -43.975 250
v 15.8 -45.1197 250
v 20.8016 -42.5607 250
v 35.0547 -30.9862 250
v 33.3885 -33.5616 250
v -8.10221 -47.7533 250
v -11.7681 -47.9709 250
v -40.2602 -22.6319 250
v -14.7706 42.4758 250
v -44.07 16.2446 250
v -43.1404 18.819 250
v 30.1895 -38.965 250
v 2.66552 46.1176 250
v 6.31012 46.9176 250
v -3.99255 45.918 250
v -0.749158 45.8635 250
v -13.1857 38.5521 250
v -11.6585 33.8077 250
v 44.7407 -11.7892 250
v 47.611 12.8392 250
v 48.0389 9.09488 250
v -20.4257 39.2707 250
v -17.6054 41.1036 250
v -42.1221 21.3723 250
v 5.2074 -48.2283 250
v 44.6727 19.734 250
v 46.746 16.7655 250
v -26.12 -37.3946 250
v -29.6468 -35.9479 250
v 43.4938 22.5563 250
v -4.58107 -47.6681 250
v -30.7494 35.2629 250
v -40.6426 23.7786 250
v 40.74 -23.9438 250
v 38.6448 -26.0387 250
v 39.413 26.6552 250
v 41.2734 24.4627 250
v 45.1106 -4.61169 250
v 45.8924 -8.27993 250
v -34.8861 30.9239 250
v -32.6481 33.1716 250
v -28.1774 38.8683 250
v -26.9067 34.5177 250
v 31.5299 36.4311 250
v 31.9611 28.1281 250
v 34.6426 26.5449 250
v 29.5559 24.623 250
v 36.2036 24.0116 250
v 31.4096 21.306 250
v -22.874 -38.886 250
v 44.8535 -1.24428 250
v -15.2171 -52.9113 250
v -15.6576 -48.8015 250
v 36.8125 -28.457 250
v 7.9051 -47.1737 250
v 44.7589 1.9567 250
v 37.6031 28.9626 250
v -44.8994 13.6104 250
v 33.5364 33.6455 250
v 35.5656 31.1882 250
v -6.92829 46.2906 250
v -45.8391 1.6255 250
v -45.7696 4.85822 250
v -28.9571 41.782 250
v 9.97668 -42.2935 250
v 10.0864 45.8852 250
v 13.5356 45.1726 250
v -37.5395 -19.4364 250
v 31.813 -36.2447 250
v -48.8644 -6.22973 250
v -19.657 -40.7371 250
v -38.9775 -15.5338 250
v -7.76444 42.0859 250
v -4.24371 41.2992 250
v 44.0346 5.11183 250
v -45.4223 -1.73634 250
v -23.4372 37.1098 250
v -35.1499 23.8059 250
v 19.3836 39.7788 250
v -16.2481 -43.4586 250
v -40.6423 -12.0281 250
v 12.7535 40.2943 250
v 16.0444 40.0183 250
v -4.69016 -43.0365 250
v -8.03307 -43.2735 250
v 38.2585 -16.6962 250
v 37.3328 -20.1673 250
v 2.34053 -42.8778 250
v -1.26736 -42.8188 250
v 38.6901 21.5631 250
v -41.1872 7.25524 250
v -41.1278 10.0203 250
v 2.61259 40.9011 250
v 6.02263 40.8277 250
v -41.3364 4.33028 250
v 29.6417 30.3792 250
v 28.3547 -33.5746 250
v 31.2902 -28.375 250
v 29.7805 -30.984 250
v -33.1844 26.0734 250
v -41.4798 12.7006 250
v -40.2719 14.9377 250
v -30.3969 -27.0246 250
v -32.4599 -24.4517 250
v -28.099 -29.387 250
v -34.7553 -21.9083 250
v -10.4559 40.0136 250
v 6.40217 -43.4922 250
v 39.745 -10.6275 250
v 39.8155 -13.8739 250
v 43.4108 11.8802 250
v 43.4721 8.48367 250
v 40.7553 -0.855468 250
v 40.2515 -4.00496 250
v 40.0714 17.9108 250
v 41.5717 14.7462 250
v -31.162 28.4893 250
v -0.79988 41.0398 250
v -29.0652 31.097 250
v -11.6347 -43.1639 250
v 34.8886 -23.0168 250
v 32.9344 -25.721 250
v 40.1097 -7.35894 250
v 41.6932 1.70319 250
v 9.43395 40.6143 250
v -42.5217 -8.55899 250
v -41.6623 1.41938 250
v -44.1452 -5.04139 250
v -42.3103 -1.14837 250
v 39.7579 4.11917 250
v 73.6286 7.85724 250
v -20.6664 32.9346 250
v -6.99411 -34.3635 250
v -10.1175 -38.3979 250
v -31.6446 21.3804 250
v -34.4024 -12.843 250
v -36.2381 -9.73684 250
v -4.33552 35.9705 250
v -0.821125 36.0771 250
v 15.3775 35.5949 250
v -5.17202 -38.8961 250
v -7.76772 -40.0947 250
v -30.5102 -18.7309 250
v -32.527 -15.8954 250
v 33.422 18.2927 250
v 9.02356 35.7061 250
v 12.2196 35.6323 250
v 35.9487 -2.98658 250
v 35.297 -6.64761 250
v -37.1678 6.79257 250
v -37.6009 10.2025 250
v 26.2682 26.5011 250
v -36.4603 13.3635 250
v -29.7411 23.679 250
v -28.6844 -21.5246 250
v -8.28652 36.0708 250
v 8.68637 -36.3947 250
v 5.15935 -36.9748 250
v 38.6654 7.79278 250
v 1.61277 -37.4822 250
v 35.5271 15.1766 250
v 37.9448 12.0293 250
v -27.8844 26.0354 250
v 2.49869 35.9677 250
v 30.2553 -20.3667 250
v 28.8251 -23.2243 250
v 26.4243 -28.7381 250
v 25.1032 -31.3223 250
v -25.7033 28.2059 250
v 33.3589 -14.0936 250
v 31.7985 -17.3386 250
v -1.86614 -38.113 250
v -10.5184 -3.95514 250
v -7.83903 -8.03764 250
v -13.2368 -9.5781 250
v -15.9344 -6.80325 250
v 35.386 -10.5793 250
v 27.666 -26.077 250
v -24.3965 -25.9355 250
v 18.9148 -32.1611 250
v -27.2794 -24.3404 250
v 5.77444 35.8506 250
v -38.1196 -6.57928 250
v 37.2454 0.587565 250
v -37.2975 3.53285 250
v -40.0133 -3.32129 250
v -9.77822 -13.138 250
v -12.4904 -12.2717 250
v -38.0797 0.1761 250
v -17.8866 28.9766 250
v -23.3512 30.563 250
v 25.7797 -18.4398 250
v 24.8877 -21.4486 250
v 28.744 15.2992 250
v 30.6334 12.4572 250
v 34.6251 6.19448 250
v 32.5053 2.08405 250
v 0.668649 -32.6039 250
v -2.8126 -33.3892 250
v 26.8363 17.9538 250
v 13.4089 -29.1086 250
v 10.3579 -30.155 250
v 22.3903 22.5021 250
v 24.7395 20.367 250
v 19.98 24.5689 250
v -31.9697 11.7465 250
v -26.6789 21.5131 250
v -33.1881 9.13198 250
v -24.144 -18.7383 250
v -26.1589 -15.8386 250
v -9.678 27.7467 250
v -6.58567 29.4076 250
v 7.21219 -31.1343 250
v 3.98076 -31.858 250
v 11.9525 31.2344 250
v 14.892 31.6671 250
v -34.6255 -4.76107 250
v -33.0673 -0.903393 250
v 32.6971 9.43856 250
v 5.58756 31.0732 250
v 8.78142 31.0282 250
v 27.9557 -12.1161 250
v 26.8049 -15.3064 250
v -28.3249 -13.0975 250
v -30.3624 -10.3272 250
v 17.5602 26.6455 250
v -15.2469 -25.2465 250
v -18.4617 -23.6195 250
v 31.1681 -1.68976 250
v 30.0254 -5.31506 250
v -22.0869 -22.0602 250
v -12.6843 25.8047 250
v 29.1561 -8.77726 250
v 16.0289 -27.1827 250
v -32.5739 -7.61253 250
v -32.649 2.79339 250
v -32.614 6.07638 250
v -15.635 23.6325 250
v 15.323 28.7635 250
v -12.0252 -26.6798 250
v -23.5344 19.6181 250
v 5.97499 -26.7243 250
v 2.94664 -27.3853 250
v 23.3318 15.3145 250
v 24.8051 12.8294 250
v 21.3696 17.2698 250
v 5.28229 26.1483 250
v 8.6068 26.3349 250
v -0.0553278 -28.2885 250
v -28.5626 10.4992 250
v -15.0261 -19.3423 250
v -17.6344 -17.4653 250
v -20.0384 -15.2179 250
v -22.2255 -12.7986 250
v -3.02226 -29.0603 250
v -6.03114 -29.5528 250
v -24.5589 -10.379 250
v -10.767 20.9338 250
v -7.92461 22.6731 250
v 8.9361 -26.1331 250
v 26.6514 10.156 250
v 28.9062 7.21055 250
v -4.96802 24.4302 250
v 0.0973724 -3.68494 250
v 4.07914 0.814501 250
v 3.16455 -2.25645 250
v -26.8716 -7.80401 250
v -29.6025 -5.48577 250
v 22.8622 -10.4664 250
v 21.7403 -13.6432 250
v -12.3366 -21.0351 250
v -8.95394 -28.1839 250
v 26.2473 -0.508465 250
v 25.0743 -3.99961 250
v -26.7079 -1.57343 250
v 27.6173 3.21611 250
v -28.6912 6.85647 250
v 24.0588 -7.26913 250
v 17.0316 21.2429 250
v 19.2292 19.1684 250
v -27.5494 2.95209 250
v 11.6622 -25.9987 250
v 14.8187 23.6107 250
v -9.44863 -22.6403 250
v -13.6285 19.2299 250
v 12.2897 26.5289 250
v -14.7176 -14.3972 250
v -16.6137 -12.1917 250
v 21.235 13.625 250
v 21.5191 11.1675 250
v -3.82368 19.3319 250
v -0.880256 20.3164 250
v 23.2144 4.11605 250
v 21.6072 0.660892 250
v 2.19289 21.0815 250
v 5.2324 21.5738 250
v 8.25251 22.1179 250
v -21.4831 15.1752 250
v -20.7223 18.4122 250
v -12.3751 -16.0206 250
v -18.8465 -9.99386 250
v -21.4064 -7.98478 250
v 20.6068 -2.64066 250
v 19.4923 -5.78985 250
v 16.8226 15.9847 250
v 19.1714 14.5245 250
v 17.7885 -8.67655 250
v -6.57362 -24.2235 250
v 22.9564 7.99219 250
v -3.61342 -25.8987 250
v 8.50005 -22.5397 250
v 4.99417 -23.0129 250
v 1.8533 -23.7775 250
v 12.4612 20.3937 250
v 14.5091 17.9657 250
v -0.927862 -24.9834 250
v -6.6242 18.2169 250
v -9.27315 16.7865 250
v -3.8234 -2.54968 250
v 10.9536 22.9026 250
v -16.6798 17.7101 250
v -11.9587 15.3078 250
v 18.4077 11.2612 250
v 18.4277 7.08131 250
v 12.0872 14.5862 250
v 15.0945 12.4523 250
v 14.2491 -6.62533 250
v -0.237284 15.8792 250
v 17.0012 2.28685 250
v 16.5172 -1.45327 250
v 16.2894 -4.35434 250
v 7.35516 -18.7297 250
v 3.49972 -19.2245 250
v -1.98001 -22.5173 250
v 0.324148 -20.8137 250
v -7.90039 3.73842 250
v -12.5251 -0.0912796 250
v -14.8238 3.5116 250
v -10.5514 7.24486 250
v -6.90113 -0.734038 250
v -23.3137 -4.9571 250
v -17.7981 -2.86543 250
v 1.22488 -15.3169 250
v 13.6563 8.14221 250
v 9.92508 10.3 250
v -10.8841 12.0586 250
v 5.46973 -2.44109 250
v 5.92612 -4.40586 250
v 3.93811 -4.26067 250
v 2.88278 -6.14513 250
v -19.9841 0.758035 250
v 9.62584 -4.08975 250
v 8.80714 -7.56835 250
v 13.1024 -1.46584 250
v 0.348046 11.9321 250
v -2.23784 -10.5307 250
v 11.4043 2.77374 250
v 5.95032 -14.0693 250
v 7.81118 -10.8111 250
v 4.06904 9.30885 250
v 6.10159 5.39643 250
v 7.45645 -0.617239 250
v 5.31094 -9.10618 250
v 2.57232 -9.91266 250
v 5.71526 -6.77191 250
# </points>

# <faces count="4036">
g Mesh_2
f 139 2 1
f 139 1 140
f 140 1 3
f 140 3 141
f 141 3 4
f 141 4 142
f 142 4 5
f 142 5 143
f 143 5 6
f 143 6 144
f 144 6 7
f 144 7 145
f 145 7 8
f 145 8 146
f 146 8 9
f 146 9 147
f 147 9 10
f 147 10 148
f 148 10 11
f 148 11 149
f 149 11 12
f 149 12 150
f 150 12 13
f 150 13 151
f 151 13 14
f 151 14 152
f 152 14 15
f 152 15 153
f 153 15 16
f 153 16 154
f 154 16 17
f 154 17 155
f 155 17 18
f 155 18 156
f 157 158 159
f 160 161 162
f 163 164 165
f 166 22 23
f 166 23 167
f 167 23 24
f 167 24 168
f 168 24 25
f 168 25 169
f 169 25 26
f 169 26 170
f 170 26 27
f 170 27 171
f 171 27 28
f 171 28 172
f 172 28 29
f 172 29 173
f 173 29 30
f 173 30 174
f 174 30 31
f 174 31 175
f 175 31 32
f 175 32 176
f 176 32 33
f 176 33 177
f 177 33 34
f 177 34 178
f 178 34 35
f 178 35 179
f 179 35 36
f 179 36 180
f 180 36 37
f 180 37 181
f 181 37 38
f 181 38 182
f 182 38 39
f 182 39 183
f 183 39 40
f 183 40 184
f 184 40 41
f 184 41 185
f 185 41 42
f 185 42 186
f 186 42 43
f 186 43 187
f 187 43 44
f 187 44 188
f 188 44 45
f 188 45 189
f 189 45 46
f 189 46 190
f 190 46 47
f 190 47 191
f 192 48 49
f 192 49 193
f 193 49 50
f 193 50 194
f 194 50 51
f 194 51 195
f 195 51 52
f 195 52 196
f 196 52 53
f 196 53 197
f 197 53 54
f 197 54 198
f 198 54 55
f 198 55 199
f 199 55 56
f 199 56 200
f 200 56 57
f 200 57 201
f 201 57 58
f 201 58 202
f 202 58 59
f 202 59 203
f 203 59 60
f 203 60 204
f 204 60 61
f 204 61 205
f 205 61 62
f 205 62 206
f 206 62 63
f 206 63 207
f 207 63 64
f 207 64 208
f 208 64 65
f 208 65 209
f 159 158 210
f 159 210 211
f 161 160 212
f 161 212 213
f 164 163 214
f 164 214 215
f 216 69 70
f 216 70 217
f 217 70 71
f 217 71 218
f 218 71 72
f 218 72 219
f 219 72 73
f 219 73 220
f 220 73 74
f 220 74 221
f 221 74 75
f 221 75 222
f 222 75 76
f 222 76 223
f 223 76 77
f 223 77 224
f 224 77 78
f 224 78 225
f 225 78 79
f 225 79 226
f 226 79 80
f 226 80 227
f 227 80 81
f 227 81 228
f 228 81 82
f 228 82 229
f 229 82 83
f 229 83 230
f 230 83 84
f 230 84 231
f 231 84 85
f 231 85 232
f 232 85 86
f 232 86 233
f 233 86 87
f 233 87 234
f 234 87 88
f 234 88 235
f 235 88 89
f 235 89 236
f 236 89 90
f 236 90 237
f 237 90 91
f 237 91 238
f 238 91 92
f 238 92 239
f 239 92 93
f 239 93 240
f 240 93 94
f 240 94 241
f 242 95 96
f 242 96 243
f 243 96 97
f 243 97 244
f 244 97 98
f 244 98 245
f 245 98 99
f 245 99 246
f 246 99 100
f 246 100 247
f 247 100 101
f 247 101 248
f 248 101 102
f 248 102 249
f 249 102 103
f 249 103 250
f 250 103 104
f 250 104 251
f 251 104 105
f 251 105 252
f 252 105 106
f 252 106 253
f 253 106 107
f 253 107 254
f 254 107 108
f 254 108 255
f 255 108 109
f 255 109 256
f 256 109 110
f 256 110 257
f 257 110 111
f 257 111 258
f 258 111 112
f 258 112 259
f 260 261 262
f 262 261 263
f 262 263 264
f 265 266 267
f 268 116 117
f 268 117 269
f 269 117 118
f 269 118 270
f 270 118 119
f 270 119 271
f 271 119 120
f 271 120 272
f 272 120 121
f 272 121 273
f 273 121 122
f 273 122 274
f 274 122 123
f 274 123 275
f 275 123 124
f 275 124 276
f 276 124 125
f 276 125 277
f 277 125 126
f 277 126 278
f 278 126 127
f 278 127 279
f 279 127 128
f 279 128 280
f 280 128 129
f 280 129 281
f 281 129 130
f 281 130 282
f 282 130 131
f 282 131 283
f 283 131 132
f 283 132 284
f 284 132 133
f 284 133 285
f 285 133 134
f 285 134 286
f 286 134 135
f 286 135 287
f 287 135 136
f 287 136 288
f 288 136 137
f 288 137 289
f 289 137 138
f 289 138 290
f 266 265 291
f 266 291 292
f 264 263 293
f 264 293 294
f 295 296 297
f 298 140 141
f 298 141 299
f 300 143 144
f 300 144 301
f 301 144 145
f 301 145 302
f 302 145 146
f 302 146 303
f 303 146 147
f 303 147 304
f 304 147 148
f 304 148 305
f 305 148 149
f 305 149 306
f 306 149 150
f 306 150 307
f 307 150 151
f 307 151 308
f 308 151 152
f 308 152 309
f 309 152 153
f 309 153 310
f 310 153 154
f 310 154 311
f 311 154 155
f 311 155 312
f 312 155 156
f 312 156 313
f 313 156 314
f 313 314 315
f 315 314 316
f 315 316 317
f 317 316 166
f 317 166 318
f 318 166 167
f 318 167 319
f 319 167 168
f 319 168 320
f 321 170 171
f 321 171 322
f 322 171 172
f 322 172 323
f 323 172 173
f 323 173 324
f 324 173 174
f 324 174 325
f 325 174 175
f 325 175 326
f 326 175 176
f 326 176 327
f 327 176 177
f 327 177 328
f 328 177 178
f 328 178 329
f 329 178 179
f 329 179 330
f 330 179 180
f 330 180 331
f 331 180 181
f 331 181 332
f 332 181 182
f 332 182 333
f 333 182 183
f 333 183 334
f 334 183 184
f 334 184 335
f 335 184 185
f 335 185 336
f 336 185 186
f 336 186 337
f 337 186 187
f 337 187 338
f 338 187 188
f 338 188 339
f 339 188 189
f 339 189 340
f 297 296 341
f 297 341 342
f 343 194 195
f 343 195 344
f 345 192 193
f 345 193 346
f 346 193 194
f 346 194 343
f 347 196 197
f 347 197 348
f 348 197 198
f 348 198 349
f 349 198 199
f 349 199 350
f 350 199 200
f 350 200 351
f 351 200 201
f 351 201 352
f 352 201 202
f 352 202 353
f 353 202 203
f 353 203 354
f 354 203 204
f 354 204 355
f 355 204 205
f 355 205 356
f 356 205 206
f 356 206 357
f 357 206 207
f 357 207 358
f 358 207 208
f 358 208 359
f 359 208 209
f 359 209 360
f 360 209 361
f 360 361 362
f 362 361 363
f 362 363 364
f 364 363 216
f 364 216 365
f 365 216 217
f 365 217 366
f 366 217 218
f 366 218 367
f 368 220 221
f 368 221 369
f 369 221 222
f 369 222 370
f 370 222 223
f 370 223 371
f 371 223 224
f 371 224 372
f 372 224 225
f 372 225 373
f 373 225 226
f 373 226 374
f 374 226 227
f 374 227 375
f 375 227 228
f 375 228 376
f 376 228 229
f 376 229 377
f 377 229 230
f 377 230 378
f 378 230 231
f 378 231 379
f 379 231 232
f 379 232 380
f 380 232 233
f 380 233 381
f 381 233 234
f 381 234 382
f 382 234 235
f 382 235 383
f 383 235 236
f 383 236 384
f 384 236 237
f 384 237 385
f 385 237 238
f 385 238 386
f 386 238 239
f 386 239 387
f 388 389 390
f 391 244 245
f 391 245 392
f 393 242 243
f 393 243 394
f 394 243 244
f 394 244 391
f 395 246 247
f 395 247 396
f 396 247 248
f 396 248 397
f 397 248 249
f 397 249 398
f 398 249 250
f 398 250 399
f 399 250 251
f 399 251 400
f 400 251 252
f 400 252 401
f 401 252 253
f 401 253 402
f 402 253 254
f 402 254 403
f 403 254 255
f 403 255 404
f 404 255 256
f 404 256 405
f 405 256 257
f 405 257 406
f 406 257 258
f 406 258 407
f 407 258 259
f 407 259 408
f 408 259 409
f 408 409 410
f 410 409 411
f 410 411 412
f 412 411 268
f 412 268 413
f 413 268 269
f 413 269 414
f 414 269 270
f 414 270 415
f 416 272 273
f 416 273 417
f 417 273 274
f 417 274 418
f 418 274 275
f 418 275 419
f 419 275 276
f 419 276 420
f 420 276 277
f 420 277 421
f 421 277 278
f 421 278 422
f 422 278 279
f 422 279 423
f 423 279 280
f 423 280 424
f 424 280 281
f 424 281 425
f 425 281 282
f 425 282 426
f 426 282 283
f 426 283 427
f 427 283 284
f 427 284 428
f 428 284 285
f 428 285 429
f 429 285 286
f 429 286 430
f 430 286 287
f 430 287 431
f 431 287 288
f 431 288 432
f 433 434 435
f 299 141 142
f 299 142 436
f 437 139 140
f 437 140 298
f 436 142 143
f 436 143 300
f 438 169 170
f 438 170 321
f 344 195 196
f 344 196 347
f 439 219 220
f 439 220 368
f 392 245 246
f 392 246 395
f 434 433 440
f 434 440 441
f 442 139 437
f 442 437 443
f 444 192 345
f 444 345 445
f 446 242 393
f 446 393 447
f 448 302 303
f 448 303 449
f 450 301 302
f 450 302 448
f 451 304 305
f 451 305 452
f 452 305 306
f 452 306 453
f 453 306 307
f 453 307 454
f 454 307 308
f 454 308 455
f 455 308 309
f 455 309 456
f 456 309 310
f 456 310 457
f 457 310 311
f 457 311 458
f 458 311 312
f 458 312 459
f 459 312 313
f 459 313 460
f 460 313 315
f 460 315 461
f 461 315 317
f 461 317 462
f 462 317 318
f 462 318 463
f 463 318 319
f 463 319 464
f 464 319 320
f 464 320 438
f 465 323 324
f 465 324 466
f 467 321 322
f 467 322 468
f 468 322 323
f 468 323 465
f 469 325 326
f 469 326 470
f 470 326 327
f 470 327 471
f 471 327 328
f 471 328 472
f 472 328 329
f 472 329 473
f 473 329 330
f 473 330 474
f 474 330 331
f 474 331 475
f 475 331 332
f 475 332 476
f 476 332 333
f 476 333 477
f 477 333 334
f 477 334 478
f 478 334 335
f 478 335 479
f 479 335 336
f 479 336 480
f 480 336 337
f 480 337 481
f 481 337 338
f 481 338 482
f 482 338 339
f 482 339 483
f 483 339 340
f 483 340 484
f 485 484 444
f 485 444 445
f 486 343 344
f 486 344 487
f 488 349 350
f 488 350 489
f 490 346 343
f 490 343 486
f 491 439 368
f 491 368 492
f 493 348 349
f 493 349 488
f 494 351 352
f 494 352 495
f 495 352 353
f 495 353 496
f 496 353 354
f 496 354 497
f 497 354 355
f 497 355 498
f 498 355 356
f 498 356 499
f 499 356 357
f 499 357 500
f 500 357 358
f 500 358 501
f 501 358 359
f 501 359 502
f 502 359 360
f 502 360 503
f 503 360 362
f 503 362 504
f 504 362 364
f 504 364 505
f 505 364 365
f 505 365 506
f 506 365 366
f 506 366 507
f 507 366 367
f 507 367 439
f 508 370 371
f 508 371 509
f 492 368 369
f 492 369 510
f 510 369 370
f 510 370 508
f 511 372 373
f 511 373 512
f 512 373 374
f 512 374 513
f 513 374 375
f 513 375 514
f 514 375 376
f 514 376 515
f 515 376 377
f 515 377 516
f 516 377 378
f 516 378 517
f 517 378 379
f 517 379 518
f 518 379 380
f 518 380 519
f 519 380 381
f 519 381 520
f 520 381 382
f 520 382 521
f 521 382 383
f 521 383 522
f 522 383 384
f 522 384 523
f 523 384 385
f 523 385 524
f 524 385 386
f 524 386 525
f 525 386 387
f 525 387 526
f 527 526 446
f 527 446 447
f 528 391 392
f 528 392 529
f 530 397 398
f 530 398 531
f 532 394 391
f 532 391 528
f 533 534 416
f 533 416 535
f 536 396 397
f 536 397 530
f 537 399 400
f 537 400 538
f 538 400 401
f 538 401 539
f 539 401 402
f 539 402 540
f 540 402 403
f 540 403 541
f 541 403 404
f 541 404 542
f 542 404 405
f 542 405 543
f 543 405 406
f 543 406 544
f 544 406 407
f 544 407 545
f 545 407 408
f 545 408 546
f 546 408 410
f 546 410 547
f 547 410 412
f 547 412 548
f 548 412 413
f 548 413 549
f 549 413 414
f 549 414 550
f 550 414 415
f 550 415 534
f 551 418 419
f 551 419 552
f 535 416 417
f 535 417 553
f 553 417 418
f 553 418 551
f 554 420 421
f 554 421 555
f 555 421 422
f 555 422 556
f 556 422 423
f 556 423 557
f 557 423 424
f 557 424 558
f 558 424 425
f 558 425 559
f 559 425 426
f 559 426 560
f 560 426 427
f 560 427 561
f 561 427 428
f 561 428 562
f 562 428 429
f 562 429 563
f 563 429 430
f 563 430 564
f 564 430 431
f 564 431 565
f 565 431 432
f 565 432 566
f 567 299 436
f 567 436 568
f 569 437 298
f 569 298 570
f 570 298 299
f 570 299 567
f 568 436 300
f 568 300 571
f 571 300 301
f 571 301 450
f 572 438 321
f 572 321 467
f 449 303 304
f 449 304 451
f 487 344 347
f 487 347 573
f 466 324 325
f 466 325 469
f 573 347 348
f 573 348 493
f 574 345 346
f 574 346 490
f 489 350 351
f 489 351 494
f 529 392 395
f 529 395 575
f 509 371 372
f 509 372 511
f 575 395 396
f 575 396 536
f 576 393 394
f 576 394 532
f 531 398 399
f 531 399 537
f 552 419 420
f 552 420 554
f 483 484 485
f 483 485 577
f 525 526 527
f 525 527 578
f 566 432 442
f 566 442 443
f 445 345 574
f 445 574 579
f 507 439 491
f 507 491 580
f 447 393 576
f 447 576 581
f 550 534 533
f 550 533 582
f 464 438 572
f 464 572 583
f 443 437 569
f 443 569 584
f 585 572 467
f 585 467 586
f 587 451 452
f 587 452 588
f 588 452 453
f 588 453 589
f 590 455 456
f 590 456 591
f 591 456 457
f 591 457 592
f 592 457 458
f 592 458 593
f 593 458 459
f 593 459 594
f 594 459 460
f 594 460 595
f 595 460 461
f 595 461 596
f 596 461 462
f 596 462 597
f 597 462 463
f 597 463 598
f 598 463 464
f 598 464 583
f 599 573 493
f 599 493 600
f 601 465 466
f 601 466 602
f 603 471 472
f 603 472 604
f 605 468 465
f 605 465 601
f 606 470 471
f 606 471 603
f 607 473 474
f 607 474 608
f 608 474 475
f 608 475 609
f 609 475 476
f 609 476 610
f 610 476 477
f 610 477 611
f 611 477 478
f 611 478 612
f 612 478 479
f 612 479 613
f 613 479 480
f 613 480 614
f 614 480 481
f 614 481 615
f 615 481 482
f 615 482 616
f 616 482 483
f 616 483 577
f 617 485 445
f 617 445 579
f 618 486 487
f 618 487 619
f 620 529 575
f 620 575 621
f 622 489 494
f 622 494 623
f 624 491 492
f 624 492 625
f 626 574 490
f 626 490 627
f 623 494 495
f 623 495 628
f 628 495 496
f 628 496 629
f 630 498 499
f 630 499 631
f 631 499 500
f 631 500 632
f 632 500 501
f 632 501 633
f 633 501 502
f 633 502 634
f 634 502 503
f 634 503 635
f 635 503 504
f 635 504 636
f 636 504 505
f 636 505 637
f 637 505 506
f 637 506 638
f 638 506 507
f 638 507 580
f 621 575 536
f 621 536 639
f 640 508 509
f 640 509 641
f 625 492 510
f 625 510 642
f 643 514 515
f 643 515 644
f 645 512 513
f 645 513 646
f 644 515 516
f 644 516 647
f 647 516 517
f 647 517 648
f 648 517 518
f 648 518 649
f 649 518 519
f 649 519 650
f 650 519 520
f 650 520 651
f 651 520 521
f 651 521 652
f 652 521 522
f 652 522 653
f 653 522 523
f 653 523 654
f 654 523 524
f 654 524 655
f 655 524 525
f 655 525 578
f 656 566 443
f 656 443 657
f 658 527 447
f 658 447 581
f 659 528 529
f 659 529 620
f 660 552 554
f 660 554 661
f 662 531 537
f 662 537 663
f 664 533 535
f 664 535 665
f 666 576 532
f 666 532 667
f 663 537 538
f 663 538 668
f 668 538 539
f 668 539 669
f 670 541 542
f 670 542 671
f 671 542 543
f 671 543 672
f 672 543 544
f 672 544 673
f 673 544 545
f 673 545 674
f 674 545 546
f 674 546 675
f 675 546 547
f 675 547 676
f 676 547 548
f 676 548 677
f 677 548 549
f 677 549 678
f 678 549 550
f 678 550 582
f 679 551 552
f 679 552 660
f 665 535 553
f 665 553 680
f 681 557 558
f 681 558 682
f 683 555 556
f 683 556 684
f 682 558 559
f 682 559 685
f 685 559 560
f 685 560 686
f 686 560 561
f 686 561 687
f 687 561 562
f 687 562 688
f 688 562 563
f 688 563 341
f 341 563 564
f 341 564 342
f 342 564 565
f 342 565 656
f 689 571 450
f 689 450 690
f 691 567 568
f 691 568 692
f 692 568 571
f 692 571 689
f 693 570 567
f 693 567 691
f 586 467 468
f 586 468 605
f 694 469 470
f 694 470 606
f 695 454 455
f 695 455 590
f 690 450 448
f 690 448 696
f 589 453 454
f 589 454 695
f 602 466 469
f 602 469 694
f 641 509 511
f 641 511 697
f 619 487 573
f 619 573 599
f 696 448 449
f 696 449 698
f 698 449 451
f 698 451 587
f 604 472 473
f 604 473 607
f 642 510 508
f 642 508 640
f 699 488 489
f 699 489 622
f 629 496 497
f 629 497 700
f 627 490 486
f 627 486 618
f 600 493 488
f 600 488 699
f 700 497 498
f 700 498 630
f 697 511 512
f 697 512 645
f 646 513 514
f 646 514 643
f 680 553 551
f 680 551 679
f 701 530 531
f 701 531 662
f 669 539 540
f 669 540 702
f 667 532 528
f 667 528 659
f 639 536 530
f 639 530 701
f 702 540 541
f 702 541 670
f 661 554 555
f 661 555 683
f 684 556 557
f 684 557 681
f 703 569 570
f 703 570 693
f 577 485 617
f 577 617 704
f 578 527 658
f 578 658 705
f 584 569 703
f 584 703 706
f 583 572 585
f 583 585 707
f 579 574 626
f 579 626 708
f 580 491 624
f 580 624 709
f 582 533 664
f 582 664 710
f 581 576 666
f 581 666 711
f 712 592 593
f 712 593 713
f 714 588 589
f 714 589 715
f 716 590 591
f 716 591 717
f 717 591 592
f 717 592 712
f 718 594 595
f 718 595 719
f 719 595 596
f 719 596 720
f 720 596 597
f 720 597 721
f 722 723 724
f 722 724 725
f 726 700 630
f 726 630 727
f 728 601 602
f 728 602 729
f 730 604 607
f 730 607 731
f 657 443 584
f 657 584 732
f 733 641 697
f 733 697 734
f 735 642 640
f 735 640 736
f 737 694 606
f 737 606 738
f 390 739 740
f 390 740 741
f 738 606 603
f 738 603 742
f 743 622 623
f 743 623 744
f 731 607 608
f 731 608 745
f 745 608 609
f 745 609 746
f 747 611 612
f 747 612 748
f 748 612 613
f 748 613 749
f 749 613 614
f 749 614 750
f 750 614 615
f 750 615 751
f 388 752 753
f 754 620 621
f 754 621 755
f 752 388 390
f 752 390 756
f 757 618 619
f 757 619 758
f 758 619 599
f 758 599 759
f 760 628 629
f 760 629 761
f 762 647 648
f 762 648 763
f 764 600 699
f 764 699 765
f 390 389 766
f 390 766 739
f 744 623 628
f 744 628 760
f 767 627 618
f 767 618 757
f 727 630 631
f 727 631 768
f 768 631 632
f 768 632 769
f 770 634 635
f 770 635 771
f 771 635 636
f 771 636 772
f 772 636 637
f 772 637 773
f 774 775 776
f 755 621 639
f 755 639 777
f 765 699 622
f 765 622 743
f 736 640 641
f 736 641 733
f 778 625 642
f 778 642 735
f 779 643 644
f 779 644 780
f 775 774 781
f 775 781 782
f 783 680 679
f 783 679 784
f 742 603 604
f 742 604 730
f 780 644 647
f 780 647 762
f 785 649 650
f 785 650 786
f 786 650 651
f 786 651 787
f 787 651 652
f 787 652 788
f 788 652 653
f 788 653 789
f 789 653 654
f 789 654 790
f 791 792 793
f 794 658 581
f 794 581 711
f 795 587 588
f 795 588 714
f 796 659 620
f 796 620 754
f 797 660 661
f 797 661 798
f 799 668 669
f 799 669 800
f 801 685 686
f 801 686 802
f 777 639 701
f 777 701 803
f 112 113 259
f 804 663 668
f 804 668 799
f 805 667 659
f 805 659 796
f 806 670 671
f 806 671 807
f 807 671 672
f 807 672 808
f 809 674 675
f 809 675 810
f 810 675 676
f 810 676 811
f 811 676 677
f 811 677 812
f 792 791 813
f 792 813 814
f 803 701 662
f 803 662 815
f 816 683 684
f 816 684 817
f 818 703 693
f 818 693 819
f 759 599 600
f 759 600 764
f 820 617 579
f 820 579 708
f 821 681 682
f 821 682 822
f 823 824 825
f 822 682 685
f 822 685 801
f 826 687 688
f 826 688 827
f 827 688 341
f 827 341 296
f 824 823 828
f 824 828 829
f 715 589 695
f 715 695 830
f 831 689 690
f 831 690 832
f 833 696 698
f 833 698 834
f 835 692 689
f 835 689 831
f 836 837 838
f 830 695 590
f 830 590 716
f 834 698 587
f 834 587 795
f 839 702 670
f 839 670 806
f 840 646 643
f 840 643 779
f 769 632 633
f 769 633 841
f 842 626 627
f 842 627 767
f 843 624 625
f 843 625 778
f 761 629 700
f 761 700 726
f 817 684 681
f 817 681 821
f 844 610 611
f 844 611 747
f 784 679 660
f 784 660 797
f 845 605 601
f 845 601 728
f 746 609 610
f 746 610 844
f 713 593 594
f 713 594 718
f 832 690 696
f 832 696 833
f 734 697 645
f 734 645 846
f 798 661 683
f 798 683 816
f 729 602 694
f 729 694 737
f 847 585 586
f 847 586 848
f 841 633 634
f 841 634 770
f 846 645 646
f 846 646 840
f 763 648 649
f 763 649 785
f 849 665 680
f 849 680 783
f 815 662 663
f 815 663 804
f 800 669 702
f 800 702 839
f 850 664 665
f 850 665 849
f 851 666 667
f 851 667 805
f 808 672 673
f 808 673 852
f 852 673 674
f 852 674 809
f 802 686 687
f 802 687 826
f 819 693 691
f 819 691 853
f 853 691 692
f 853 692 835
f 848 586 605
f 848 605 845
f 709 624 843
f 709 843 854
f 711 666 851
f 711 851 855
f 708 626 842
f 708 842 856
f 705 658 794
f 705 794 857
f 710 664 850
f 710 850 858
f 706 703 818
f 706 818 859
f 704 617 820
f 704 820 860
f 707 585 847
f 707 847 861
f 862 734 846
f 862 846 863
f 864 720 721
f 864 721 865
f 866 717 712
f 866 712 867
f 868 719 720
f 868 720 864
f 869 768 769
f 869 769 870
f 871 726 727
f 871 727 872
f 873 745 746
f 873 746 874
f 875 657 732
f 875 732 876
f 877 733 734
f 877 734 862
f 878 761 726
f 878 726 871
f 879 749 750
f 879 750 880
f 881 780 762
f 881 762 882
f 883 738 742
f 883 742 884
f 885 808 852
f 885 852 886
f 887 743 744
f 887 744 888
f 889 731 745
f 889 745 873
f 890 713 718
f 890 718 891
f 892 747 748
f 892 748 893
f 893 748 749
f 893 749 879
f 894 751 704
f 894 704 860
f 895 765 743
f 895 743 887
f 896 754 755
f 896 755 897
f 898 729 737
f 898 737 899
f 900 817 821
f 900 821 901
f 732 584 706
f 732 706 902
f 903 758 759
f 903 759 904
f 905 760 761
f 905 761 878
f 906 736 733
f 906 733 877
f 888 744 760
f 888 760 905
f 907 812 710
f 907 710 858
f 908 772 773
f 908 773 909
f 910 770 771
f 910 771 911
f 911 771 772
f 911 772 908
f 897 755 777
f 897 777 912
f 886 852 809
f 886 809 913
f 914 826 827
f 914 827 915
f 916 784 797
f 916 797 917
f 918 801 802
f 918 802 919
f 920 728 729
f 920 729 898
f 870 769 841
f 870 841 921
f 922 779 780
f 922 780 881
f 923 799 800
f 923 800 924
f 925 783 784
f 925 784 916
f 926 815 804
f 926 804 927
f 884 742 730
f 884 730 928
f 929 845 728
f 929 728 920
f 930 849 783
f 930 783 925
f 931 786 787
f 931 787 932
f 933 789 790
f 933 790 934
f 934 790 705
f 934 705 857
f 935 794 711
f 935 711 855
f 936 798 816
f 936 816 937
f 938 795 714
f 938 714 939
f 940 796 754
f 940 754 896
f 917 797 798
f 917 798 936
f 941 819 853
f 941 853 942
f 912 777 803
f 912 803 943
f 944 805 796
f 944 796 940
f 945 806 807
f 945 807 946
f 946 807 808
f 946 808 885
f 913 809 810
f 913 810 947
f 947 810 811
f 947 811 948
f 943 803 815
f 943 815 926
f 924 800 839
f 924 839 949
f 937 816 817
f 937 817 900
f 942 853 835
f 942 835 950
f 904 759 764
f 904 764 951
f 952 844 747
f 952 747 892
f 901 821 822
f 901 822 953
f 865 721 707
f 865 707 861
f 954 833 834
f 954 834 955
f 956 715 830
f 956 830 957
f 953 822 801
f 953 801 918
f 958 848 845
f 958 845 929
f 915 827 296
f 915 296 959
f 955 834 795
f 955 795 938
f 960 831 832
f 960 832 961
f 962 850 849
f 962 849 930
f 837 836 963
f 837 963 964
f 957 830 716
f 957 716 965
f 950 835 831
f 950 831 960
f 909 773 709
f 909 709 854
f 927 804 799
f 927 799 923
f 966 763 785
f 966 785 967
f 968 840 779
f 968 779 922
f 863 846 840
f 863 840 968
f 969 820 708
f 969 708 856
f 951 764 765
f 951 765 895
f 899 737 738
f 899 738 883
f 970 842 767
f 970 767 971
f 972 843 778
f 972 778 973
f 872 727 768
f 872 768 869
f 974 818 819
f 974 819 941
f 967 785 786
f 967 786 931
f 971 767 757
f 971 757 975
f 882 762 763
f 882 763 966
f 975 757 758
f 975 758 903
f 976 977 978
f 961 832 833
f 961 833 954
f 880 750 751
f 880 751 894
f 949 839 806
f 949 806 945
f 979 847 848
f 979 848 958
f 932 787 788
f 932 788 980
f 973 778 735
f 973 735 981
f 980 788 789
f 980 789 933
f 928 730 731
f 928 731 889
f 874 746 844
f 874 844 952
f 959 296 295
f 959 295 982
f 948 811 812
f 948 812 907
f 891 718 719
f 891 719 868
f 921 841 770
f 921 770 910
f 981 735 736
f 981 736 906
f 983 851 805
f 983 805 944
f 919 802 826
f 919 826 914
f 867 712 713
f 867 713 890
f 965 716 717
f 965 717 866
f 939 714 715
f 939 715 956
f 859 818 974
f 859 974 984
f 259 113 114
f 259 114 409
f 977 976 985
f 977 985 986
f 340 189 190
f 65 66 209
f 857 794 935
f 857 935 987
f 988 989 990
f 387 239 240
f 209 66 67
f 209 67 361
f 415 270 271
f 860 820 969
f 860 969 991
f 858 850 962
f 858 962 992
f 861 847 979
f 861 979 993
f 18 19 156
f 989 988 994
f 989 994 995
f 854 843 972
f 854 972 996
f 856 842 970
f 856 970 997
f 855 851 983
f 855 983 998
f 999 880 894
f 999 894 1000
f 1001 965 866
f 1001 866 1002
f 1003 889 873
f 1003 873 1004
f 1005 869 870
f 1005 870 1006
f 724 959 982
f 724 982 725
f 1007 968 922
f 1007 922 1008
f 1009 961 954
f 1009 954 1010
f 1011 877 862
f 1011 862 1012
f 1013 878 871
f 1013 871 1014
f 1015 879 880
f 1015 880 999
f 1016 975 903
f 1016 903 1017
f 1018 915 959
f 1018 959 724
f 1019 955 938
f 1019 938 1020
f 1021 890 891
f 1021 891 1022
f 1023 893 879
f 1023 879 1015
f 1024 917 936
f 1024 936 1025
f 1026 895 887
f 1026 887 1027
f 1028 896 897
f 1028 897 1029
f 1030 882 966
f 1030 966 1031
f 1032 927 923
f 1032 923 1033
f 1034 888 905
f 1034 905 1035
f 1036 865 861
f 1036 861 993
f 876 732 902
f 876 902 725
f 1017 903 904
f 1017 904 1037
f 1038 907 858
f 1038 858 992
f 1039 906 877
f 1039 877 1011
f 1040 910 911
f 1040 911 1041
f 1042 919 914
f 1042 914 1043
f 1044 908 909
f 1044 909 1045
f 1046 892 893
f 1046 893 1023
f 1047 883 884
f 1047 884 1048
f 1029 897 912
f 1029 912 1049
f 1041 911 908
f 1041 908 1044
f 1050 947 948
f 1050 948 1051
f 1043 914 915
f 1043 915 1018
f 1037 904 951
f 1037 951 1052
f 1053 867 890
f 1053 890 1021
f 1054 981 906
f 1054 906 1039
f 1008 922 881
f 1008 881 1055
f 1033 923 924
f 1033 924 1056
f 1057 973 981
f 1057 981 1054
f 1058 926 927
f 1058 927 1032
f 1048 884 928
f 1048 928 1059
f 1060 929 920
f 1060 920 1061
f 1062 930 925
f 1062 925 1063
f 1064 931 932
f 1064 932 1065
f 1066 934 857
f 1066 857 987
f 1067 941 942
f 1067 942 1068
f 1025 936 937
f 1025 937 1069
f 1070 913 947
f 1070 947 1050
f 1071 972 973
f 1071 973 1057
f 1056 924 949
f 1056 949 1072
f 1073 967 931
f 1073 931 1064
f 1049 912 943
f 1049 943 1074
f 1075 944 940
f 1075 940 1076
f 1004 873 874
f 1004 874 1077
f 1078 868 864
f 1078 864 1079
f 1055 881 882
f 1055 882 1030
f 1080 945 946
f 1080 946 1081
f 1081 946 885
f 1081 885 1082
f 1022 891 868
f 1022 868 1078
f 1083 899 883
f 1083 883 1047
f 1084 952 892
f 1084 892 1046
f 1065 932 980
f 1065 980 1085
f 1086 956 957
f 1086 957 1087
f 1088 950 960
f 1088 960 1089
f 1090 953 918
f 1090 918 1091
f 1061 920 898
f 1061 898 1092
f 1051 948 907
f 1051 907 1038
f 1093 962 930
f 1093 930 1062
f 1079 864 865
f 1079 865 1036
f 1031 966 967
f 1031 967 1073
f 1094 935 855
f 1094 855 998
f 1087 957 965
f 1087 965 1001
f 1091 918 919
f 1091 919 1042
f 1095 939 956
f 1095 956 1086
f 1096 958 929
f 1096 929 1060
f 1063 925 916
f 1063 916 1097
f 1098 971 975
f 1098 975 1016
f 991 969 856
f 991 856 997
f 1082 885 886
f 1082 886 1099
f 1085 980 933
f 1085 933 1100
f 1068 942 950
f 1068 950 1088
f 1101 872 869
f 1101 869 1005
f 902 706 859
f 902 859 1102
f 1035 905 878
f 1035 878 1013
f 1045 909 854
f 1045 854 996
f 1103 900 901
f 1103 901 1104
f 1006 870 921
f 1006 921 1105
f 1092 898 899
f 1092 899 1083
f 1104 901 953
f 1104 953 1090
f 1099 886 913
f 1099 913 1070
f 1027 887 888
f 1027 888 1034
f 1059 928 889
f 1059 889 1003
f 1074 943 926
f 1074 926 1058
f 1012 862 863
f 1012 863 1106
f 1097 916 917
f 1097 917 1024
f 1010 954 955
f 1010 955 1019
f 1107 970 971
f 1107 971 1098
f 1069 937 900
f 1069 900 1103
f 1000 894 860
f 1000 860 991
f 1105 921 910
f 1105 910 1040
f 1072 949 945
f 1072 945 1080
f 1052 951 895
f 1052 895 1026
f 1014 871 872
f 1014 872 1101
f 1108 974 941
f 1108 941 1067
f 1002 866 867
f 1002 867 1053
f 1106 863 968
f 1106 968 1007
f 1109 983 944
f 1109 944 1075
f 1077 874 952
f 1077 952 1084
f 1100 933 934
f 1100 934 1066
f 1020 938 939
f 1020 939 1095
f 1089 960 961
f 1089 961 1009
f 1076 940 896
f 1076 896 1028
f 1110 979 958
f 1110 958 1096
f 997 970 1107
f 997 1107 1111
f 984 974 1108
f 984 1108 1112
f 993 979 1110
f 993 1110 1113
f 987 935 1094
f 987 1094 1114
f 992 962 1093
f 992 1093 1115
f 996 972 1071
f 996 1071 1116
f 998 983 1109
f 998 1109 1117
f 1118 1106 1007
f 1118 1007 1119
f 1120 1031 1073
f 1120 1073 1121
f 1122 1032 1033
f 1122 1033 1123
f 1124 1092 1083
f 1124 1083 1125
f 1126 1018 724
f 1126 724 723
f 1123 1033 1056
f 1123 1056 1127
f 1128 1097 1024
f 1128 1024 1129
f 1130 1016 1017
f 1130 1017 1131
f 1132 1103 1104
f 1132 1104 1133
f 1134 1105 1040
f 1134 1040 1135
f 1136 1014 1101
f 1136 1101 1137
f 1138 1019 1020
f 1138 1020 1139
f 156 19 20
f 156 20 314
f 1140 1034 1035
f 1140 1035 1141
f 1142 1042 1043
f 1142 1043 1143
f 1144 1051 1038
f 1144 1038 1145
f 1129 1024 1025
f 1129 1025 1146
f 1147 1059 1003
f 1147 1003 1148
f 1149 1041 1044
f 1149 1044 1150
f 1127 1056 1072
f 1127 1072 1151
f 1152 1045 996
f 1152 996 1116
f 722 725 902
f 722 902 1102
f 1145 1038 992
f 1145 992 1115
f 1151 1072 1080
f 1151 1080 1153
f 1154 1039 1011
f 1154 1011 1155
f 1156 1015 999
f 1156 999 1157
f 1158 1013 1014
f 1158 1014 1136
f 1135 1040 1041
f 1135 1041 1149
f 1159 1087 1001
f 1159 1001 1160
f 1161 1037 1052
f 1161 1052 1162
f 1163 1099 1070
f 1163 1070 1164
f 1165 1065 1085
f 1165 1085 1166
f 1167 1047 1048
f 1167 1048 1168
f 1169 1029 1049
f 1169 1049 1170
f 1171 1062 1063
f 1171 1063 1172
f 1173 1089 1009
f 1173 1009 1174
f 1175 1026 1027
f 1175 1027 1176
f 1143 1043 1018
f 1143 1018 1126
f 1172 1063 1097
f 1172 1097 1128
f 1177 1053 1021
f 1177 1021 1178
f 1179 1054 1039
f 1179 1039 1154
f 1180 1022 1078
f 1180 1078 1181
f 1114 1094 998
f 1114 998 1117
f 1160 1001 1002
f 1160 1002 1182
f 1183 1057 1054
f 1183 1054 1179
f 1184 1058 1032
f 1184 1032 1122
f 1185 1074 1058
f 1185 1058 1184
f 1176 1027 1034
f 1176 1034 1140
f 1186 1060 1061
f 1186 1061 1187
f 1188 1069 1103
f 1188 1103 1132
f 1189 1091 1042
f 1189 1042 1142
f 1155 1011 1012
f 1155 1012 1190
f 1191 1067 1068
f 1191 1068 1192
f 1146 1025 1069
f 1146 1069 1188
f 1164 1070 1050
f 1164 1050 1193
f 1194 1112 1108
f 1195 1071 1057
f 1195 1057 1183
f 1162 1052 1026
f 1162 1026 1175
f 1121 1073 1064
f 1121 1064 1196
f 1174 1009 1010
f 1174 1010 1197
f 1190 1012 1106
f 1190 1106 1118
f 1198 1109 1075
f 1198 1075 1199
f 1112 1194 1200
f 1112 1200 1201
f 1119 1007 1008
f 1119 1008 1202
f 1199 1075 1076
f 1199 1076 1203
f 1204 1004 1077
f 1204 1077 1205
f 1181 1078 1079
f 1181 1079 1206
f 1207 1055 1030
f 1207 1030 1208
f 1209 1081 1082
f 1209 1082 1210
f 1211 1088 1089
f 1211 1089 1173
f 1212 1084 1046
f 1212 1046 1213
f 1192 1068 1088
f 1192 1088 1211
f 1214 1086 1087
f 1214 1087 1159
f 1203 1076 1028
f 1203 1028 1215
f 1196 1064 1065
f 1196 1065 1165
f 1187 1061 1092
f 1187 1092 1124
f 1210 1082 1099
f 1210 1099 1163
f 565 566 656
f 1216 1005 1006
f 1216 1006 1217
f 1218 1096 1060
f 1218 1060 1186
f 1197 1010 1019
f 1197 1019 1138
f 1219 1098 1016
f 1219 1016 1130
f 1148 1003 1004
f 1148 1004 1204
f 1208 1030 1031
f 1208 1031 1120
f 242 241 94
f 242 94 95
f 1194 1108 1067
f 1194 1067 1191
f 1133 1104 1090
f 1133 1090 1220
f 1202 1008 1055
f 1202 1055 1207
f 1139 1020 1095
f 1139 1095 1221
f 1220 1090 1091
f 1220 1091 1189
f 1222 1093 1062
f 1222 1062 1171
f 1217 1006 1105
f 1217 1105 1134
f 1137 1101 1005
f 1137 1005 1216
f 1166 1085 1100
f 1166 1100 1223
f 1224 1023 1015
f 1224 1015 1156
f 1125 1083 1047
f 1125 1047 1167
f 1223 1100 1066
f 1223 1066 1225
f 1205 1077 1084
f 1205 1084 1212
f 1182 1002 1053
f 1182 1053 1177
f 1225 1066 987
f 1225 987 1114
f 1170 1049 1074
f 1170 1074 1185
f 1206 1079 1036
f 1206 1036 1226
f 1213 1046 1023
f 1213 1023 1224
f 1193 1050 1051
f 1193 1051 1144
f 1221 1095 1086
f 1221 1086 1214
f 1226 1036 993
f 1226 993 1113
f 1141 1035 1013
f 1141 1013 1158
f 1168 1048 1059
f 1168 1059 1147
f 1153 1080 1081
f 1153 1081 1209
f 1227 1110 1096
f 1227 1096 1218
f 1131 1017 1037
f 1131 1037 1161
f 1215 1028 1029
f 1215 1029 1169
f 1228 1107 1098
f 1228 1098 1219
f 1178 1021 1022
f 1178 1022 1180
f 1150 1044 1045
f 1150 1045 1152
f 1113 1110 1227
f 1113 1227 1229
f 1117 1109 1198
f 1117 1198 1230
f 1111 1107 1228
f 1111 1228 1231
f 1115 1093 1222
f 1115 1222 1232
f 1116 1071 1195
f 1116 1195 1233
f 1000 1234 1157
f 1000 1157 999
f 1235 1174 1197
f 1235 1197 1236
f 1237 1208 1120
f 1237 1120 1238
f 984 1102 859
f 1239 1119 1202
f 1239 1202 1240
f 1241 1123 1127
f 1241 1127 1242
f 1243 1128 1129
f 1243 1129 1244
f 1245 1246 291
f 1245 291 1247
f 1248 1215 1169
f 1248 1169 1249
f 1250 1158 1136
f 1250 1136 1251
f 1240 1202 1207
f 1240 1207 1252
f 1253 1162 1175
f 1253 1175 1254
f 1255 1166 1223
f 1255 1223 1256
f 1257 1220 1189
f 1257 1189 1258
f 1259 1165 1166
f 1259 1166 1255
f 1260 1168 1147
f 1260 1147 1261
f 1262 1172 1128
f 1262 1128 1243
f 1263 1151 1153
f 1263 1153 1264
f 1244 1129 1146
f 1244 1146 1265
f 1266 1160 1182
f 1266 1182 1267
f 1261 1147 1148
f 1261 1148 1268
f 1242 1127 1151
f 1242 1151 1263
f 875 656 657
f 1269 1211 1173
f 1269 1173 1270
f 1271 1156 1157
f 1271 1157 1272
f 1273 1130 1131
f 1273 1131 1274
f 1275 1154 1155
f 1275 1155 1276
f 1277 1161 1162
f 1277 1162 1253
f 1278 1203 1215
f 1278 1215 1248
f 1279 1121 1196
f 1279 1196 1280
f 1264 1153 1209
f 1264 1209 1281
f 656 875 297
f 656 297 342
f 1282 1283 1284
f 1285 1190 1118
f 1285 1118 1286
f 1287 1210 1163
f 1287 1163 1288
f 1289 1143 1126
f 1289 1126 1290
f 1284 1283 1291
f 1284 1291 1292
f 1293 1176 1140
f 1293 1140 1294
f 1295 1180 1181
f 1295 1181 1296
f 1297 1114 1117
f 1297 1117 1230
f 1298 1133 1220
f 1298 1220 1257
f 1299 1183 1179
f 1299 1179 1300
f 1301 1184 1122
f 1301 1122 1302
f 1303 1185 1184
f 1303 1184 1301
f 1304 1188 1132
f 1304 1132 1305
f 1236 1197 1138
f 1236 1138 1306
f 1307 1221 1214
f 1307 1214 1308
f 1258 1189 1142
f 1258 1142 1309
f 1267 1182 1177
f 1267 1177 1310
f 1311 1124 1125
f 1311 1125 1312
f 1313 1191 1192
f 1313 1192 1314
f 1265 1146 1188
f 1265 1188 1304
f 1315 1316 1317
f 1318 1195 1183
f 1318 1183 1299
f 1319 1213 1224
f 1319 1224 1320
f 1321 1216 1217
f 1321 1217 1322
f 1323 1178 1180
f 1323 1180 1295
f 1238 1120 1121
f 1238 1121 1279
f 1317 1316 1324
f 1317 1324 1325
f 1326 1139 1221
f 1326 1221 1307
f 1280 1196 1165
f 1280 1165 1259
f 1327 1204 1205
f 1327 1205 1328
f 1296 1181 1206
f 1296 1206 1329
f 1252 1207 1208
f 1252 1208 1237
f 1330 1218 1186
f 1330 1186 1331
f 1251 1136 1137
f 1251 1137 1332
f 1308 1214 1159
f 1308 1159 1333
f 1334 1212 1213
f 1334 1213 1319
f 192 191 47
f 192 47 48
f 1314 1192 1211
f 1314 1211 1269
f 1302 1122 1123
f 1302 1123 1241
f 211 1246 1245
f 211 1245 159
f 1332 1137 1216
f 1332 1216 1321
f 1328 1205 1212
f 1328 1212 1334
f 978 1227 1218
f 978 1218 1330
f 1281 1209 1210
f 1281 1210 1287
f 1274 1131 1161
f 1274 1161 1277
f 1335 1187 1124
f 1335 1124 1311
f 1336 1145 1115
f 1336 1115 1232
f 1337 1193 1144
f 1337 1144 1338
f 1270 1173 1174
f 1270 1174 1235
f 1339 1194 1191
f 1339 1191 1313
f 1322 1217 1134
f 1322 1134 1340
f 1272 1234 1341
f 1272 1341 1342
f 1288 1163 1164
f 1288 1164 1343
f 1254 1175 1176
f 1254 1176 1293
f 1344 1199 1203
f 1344 1203 1278
f 1345 1171 1172
f 1345 1172 1262
f 1346 1228 1219
f 1346 1219 1347
f 1249 1169 1170
f 1249 1170 1348
f 1348 1170 1185
f 1348 1185 1303
f 1294 1140 1141
f 1294 1141 1349
f 1350 1167 1168
f 1350 1168 1260
f 1320 1224 1156
f 1320 1156 1271
f 1351 1149 1150
f 1351 1150 1352
f 1312 1125 1167
f 1312 1167 1350
f 1290 1126 723
f 1290 723 1353
f 1333 1159 1160
f 1333 1160 1266
f 1306 1138 1139
f 1306 1139 1326
f 1343 1164 1193
f 1343 1193 1337
f 1276 1155 1190
f 1276 1190 1285
f 1309 1142 1143
f 1309 1143 1289
f 1331 1186 1187
f 1331 1187 1335
f 1347 1219 1130
f 1347 1130 1273
f 1354 1135 1149
f 1354 1149 1351
f 1340 1134 1135
f 1340 1135 1354
f 1338 1144 1145
f 1338 1145 1336
f 990 1222 1171
f 990 1171 1345
f 1286 1118 1119
f 1286 1119 1239
f 1305 1132 1133
f 1305 1133 1298
f 1268 1148 1204
f 1268 1204 1327
f 1310 1177 1178
f 1310 1178 1323
f 1300 1179 1154
f 1300 1154 1275
f 1349 1141 1158
f 1349 1158 1250
f 1355 1198 1199
f 1355 1199 1344
f 1229 1227 978
f 1229 978 977
f 1200 1194 1339
f 1200 1339 1356
f 1341 1111 1231
f 1341 1231 1342
f 1357 1358 1359
f 1230 1198 1355
f 1230 1355 1360
f 875 876 295
f 875 295 297
f 1233 1195 1318
f 1233 1318 1361
f 409 114 115
f 409 115 411
f 1231 1228 1346
f 1231 1346 1362
f 1232 1222 990
f 1232 990 989
f 212 1271 1272
f 212 1272 213
f 1363 1290 1353
f 1363 1353 1364
f 1365 1348 1303
f 1365 1303 1366
f 1367 1250 1251
f 1367 1251 1368
f 976 978 1330
f 976 1330 1369
f 1370 1308 1333
f 1370 1333 1371
f 1372 1240 1252
f 1372 1252 1373
f 1374 1253 1254
f 1374 1254 1375
f 1376 1242 1263
f 1376 1263 1377
f 1378 1257 1258
f 1378 1258 1379
f 1380 1327 1328
f 1380 1328 1381
f 1382 1260 1261
f 1382 1261 1383
f 1377 1263 1264
f 1377 1264 1384
f 1385 1244 1265
f 1385 1265 1386
f 1387 1266 1267
f 1387 1267 1388
f 1383 1261 1268
f 1383 1268 1389
f 1390 1354 1351
f 1390 1351 1391
f 1392 1273 1274
f 1392 1274 1393
f 1394 1342 1231
f 1394 1231 1362
f 1395 1309 1289
f 1395 1289 1396
f 1397 1335 1311
f 1397 1311 1398
f 1399 1355 1344
f 1399 1344 1400
f 1401 1278 1248
f 1401 1248 1402
f 1403 1279 1280
f 1403 1280 1404
f 1384 1264 1281
f 1384 1281 1405
f 1391 1351 1352
f 1391 1352 1406
f 986 1329 1229
f 986 1229 977
f 1407 1312 1350
f 1407 1350 1408
f 1409 1305 1298
f 1409 1298 1410
f 1375 1254 1293
f 1375 1293 1411
f 1371 1333 1266
f 1371 1266 1387
f 1412 1295 1296
f 1412 1296 1413
f 1414 1237 1238
f 1414 1238 1415
f 1416 1277 1253
f 1416 1253 1374
f 1400 1344 1278
f 1400 1278 1401
f 1373 1252 1237
f 1373 1237 1414
f 1410 1298 1257
f 1410 1257 1378
f 1417 1299 1300
f 1417 1300 1418
f 1419 1304 1305
f 1419 1305 1409
f 1420 1236 1306
f 1420 1306 1421
f 1422 1307 1308
f 1422 1308 1370
f 1379 1258 1309
f 1379 1309 1395
f 1418 1300 1275
f 1418 1275 1423
f 1398 1311 1312
f 1398 1312 1407
f 1424 1302 1241
f 1424 1241 1425
f 1386 1265 1304
f 1386 1304 1419
f 1426 1323 1295
f 1426 1295 1412
f 1427 1319 1320
f 1427 1320 1428
f 1389 1268 1327
f 1389 1327 1380
f 1429 1326 1307
f 1429 1307 1422
f 1413 1296 1329
f 1413 1329 986
f 1405 1281 1287
f 1405 1287 1430
f 1368 1251 1332
f 1368 1332 1431
f 1421 1306 1326
f 1421 1326 1429
f 1432 1334 1319
f 1432 1319 1427
f 1433 1314 1269
f 1433 1269 1434
f 1435 1286 1239
f 1435 1239 1436
f 1359 1358 1437
f 1359 1437 1438
f 988 990 1345
f 988 1345 1439
f 1440 1318 1299
f 1440 1299 1417
f 1423 1275 1276
f 1423 1276 1441
f 1434 1269 1270
f 1434 1270 1442
f 1393 1274 1277
f 1393 1277 1416
f 1443 1337 1338
f 1443 1338 995
f 1442 1270 1235
f 1442 1235 1444
f 1404 1280 1259
f 1404 1259 1445
f 1446 1343 1337
f 1446 1337 1443
f 1447 1448 1449
f 213 1272 1342
f 213 1342 1394
f 1449 1448 1450
f 1449 1450 1451
f 1452 1288 1343
f 1452 1343 1446
f 1453 1294 1349
f 1453 1349 1454
f 1415 1238 1279
f 1415 1279 1403
f 1396 1289 1290
f 1396 1290 1363
f 1439 1345 1262
f 1439 1262 1455
f 1456 1346 1347
f 1456 1347 1457
f 1458 1249 1348
f 1458 1348 1365
f 1408 1350 1260
f 1408 1260 1382
f 1441 1276 1285
f 1441 1285 1459
f 1460 1331 1335
f 1460 1335 1397
f 1459 1285 1286
f 1459 1286 1435
f 1436 1239 1240
f 1436 1240 1372
f 1411 1293 1294
f 1411 1294 1453
f 1406 1352 1233
f 1406 1233 1361
f 1364 1353 1200
f 1364 1200 1356
f 1431 1332 1321
f 1431 1321 1461
f 1462 1310 1323
f 1462 1323 1426
f 1461 1321 1322
f 1461 1322 1463
f 1455 1262 1243
f 1455 1243 1464
f 1464 1243 1244
f 1464 1244 1385
f 1445 1259 1255
f 1445 1255 1465
f 1465 1255 1256
f 1465 1256 1466
f 1457 1347 1273
f 1457 1273 1392
f 1428 1320 1271
f 1428 1271 212
f 1454 1349 1250
f 1454 1250 1367
f 1381 1328 1334
f 1381 1334 1432
f 1402 1248 1249
f 1402 1249 1458
f 1425 1241 1242
f 1425 1242 1376
f 1444 1235 1236
f 1444 1236 1420
f 1388 1267 1310
f 1388 1310 1462
f 1430 1287 1288
f 1430 1288 1452
f 1369 1330 1331
f 1369 1331 1460
f 1467 1313 1314
f 1467 1314 1433
f 1468 1339 1313
f 1468 1313 1467
f 1469 1470 1246
f 1336 1232 989
f 1336 989 995
f 1246 1470 292
f 1246 292 291
f 1356 1339 1468
f 1356 1468 1471
f 1361 1318 1440
f 1361 1440 1472
f 1362 1346 1456
f 1362 1456 1473
f 1360 1355 1399
f 1360 1399 1474
f 1475 1434 1442
f 1475 1442 1476
f 1477 1441 1459
f 1477 1459 1478
f 1479 1431 1461
f 1479 1461 1480
f 161 213 1394
f 161 1394 1481
f 1482 1405 1430
f 1482 1430 1483
f 1484 1410 1378
f 1484 1378 1485
f 1486 1379 1395
f 1486 1395 1487
f 1488 1371 1387
f 1488 1387 1489
f 1480 1461 1463
f 1480 1463 1490
f 1491 1418 1423
f 1491 1423 1492
f 1493 1402 1458
f 1493 1458 1494
f 1495 1369 1460
f 1495 1460 1496
f 1497 1377 1384
f 1497 1384 1498
f 1499 1385 1386
f 1499 1386 1500
f 1483 1430 1452
f 1483 1452 1501
f 1502 1383 1389
f 1502 1389 1503
f 1504 1390 1391
f 1504 1391 1505
f 1506 1466 1507
f 1506 1507 1508
f 1487 1395 1396
f 1487 1396 1509
f 1510 1429 1422
f 1510 1422 1511
f 1512 1444 1420
f 1512 1420 1513
f 1514 1373 1414
f 1514 1414 1515
f 1516 1425 1376
f 1516 1376 1517
f 1498 1384 1405
f 1498 1405 1482
f 1518 1364 1356
f 1518 1356 1471
f 1519 1407 1408
f 1519 1408 1520
f 1521 1398 1407
f 1521 1407 1519
f 1522 1375 1411
f 1522 1411 1523
f 1515 1414 1415
f 1515 1415 1524
f 1525 1454 1367
f 1525 1367 1526
f 1527 1464 1385
f 1527 1385 1499
f 1509 1396 1363
f 1509 1363 1528
f 1529 1443 995
f 1529 995 994
f 1478 1459 1435
f 1478 1435 1530
f 1492 1423 1441
f 1492 1441 1477
f 1531 1426 1412
f 1531 1412 1532
f 1513 1420 1421
f 1513 1421 1533
f 1534 1413 986
f 1534 986 985
f 838 1440 1417
f 838 1417 1535
f 1536 988 1439
f 1536 1439 1537
f 1500 1386 1419
f 1500 1419 1538
f 1539 1393 1416
f 1539 1416 1540
f 1541 1427 1428
f 1541 1428 1542
f 1503 1389 1380
f 1503 1380 1543
f 1490 1463 1390
f 1490 1390 1504
f 1530 1435 1436
f 1530 1436 1544
f 1545 1433 1434
f 1545 1434 1475
f 1523 1411 1453
f 1523 1453 1546
f 1547 1445 1465
f 1547 1465 1506
f 1548 1549 1447
f 1550 1467 1433
f 1550 1433 1545
f 1538 1419 1409
f 1538 1409 1551
f 294 1404 1445
f 294 1445 1547
f 1505 1406 1361
f 1505 1361 1472
f 1551 1409 1410
f 1551 1410 1484
f 1552 1388 1462
f 1552 1462 1553
f 1554 1366 1424
f 1554 1424 1555
f 1555 1424 1425
f 1555 1425 1516
f 1556 1368 1431
f 1556 1431 1479
f 1532 1412 1413
f 1532 1413 1534
f 1476 1442 1444
f 1476 1444 1512
f 1557 1446 1443
f 1557 1443 1529
f 1528 1363 1364
f 1528 1364 1518
f 1501 1452 1446
f 1501 1446 1557
f 1546 1453 1454
f 1546 1454 1525
f 1524 1415 1403
f 1524 1403 293
f 1544 1436 1372
f 1544 1372 1558
f 1537 1439 1455
f 1537 1455 1559
f 1560 1456 1457
f 1560 1457 1561
f 1494 1458 1365
f 1494 1365 1562
f 293 1403 1404
f 293 1404 294
f 1447 1549 1563
f 1447 1563 1448
f 1496 1460 1397
f 1496 1397 1564
f 1511 1422 1370
f 1511 1370 1565
f 1561 1457 1392
f 1561 1392 1566
f 1567 1401 1402
f 1567 1402 1493
f 1568 1399 1400
f 1568 1400 1569
f 1553 1462 1426
f 1553 1426 1531
f 1520 1408 1382
f 1520 1382 1570
f 1564 1397 1398
f 1564 1398 1521
f 1481 1394 1362
f 1481 1362 1473
f 1566 1392 1393
f 1566 1393 1539
f 1571 1432 1427
f 1571 1427 1541
f 1489 1387 1388
f 1489 1388 1552
f 1540 1416 1374
f 1540 1374 1572
f 876 725 982
f 876 982 295
f 1570 1382 1383
f 1570 1383 1502
f 1573 1574 1575
f 1535 1417 1418
f 1535 1418 1491
f 1485 1378 1379
f 1485 1379 1486
f 1517 1376 1377
f 1517 1377 1497
f 1569 1400 1401
f 1569 1401 1567
f 1572 1374 1375
f 1572 1375 1522
f 1558 1372 1373
f 1558 1373 1514
f 1565 1370 1371
f 1565 1371 1488
f 825 976 1369
f 825 1369 1495
f 1559 1455 1464
f 1559 1464 1527
f 1526 1367 1368
f 1526 1368 1556
f 1576 1468 1467
f 1576 1467 1550
f 1562 1365 1366
f 1562 1366 1554
f 1533 1421 1429
f 1533 1429 1510
f 1474 1508 1507
f 1474 1507 1360
f 1471 1468 1576
f 1471 1576 1577
f 994 988 1536
f 994 1536 1578
f 1472 1440 838
f 1472 838 837
f 1474 1399 1568
f 1474 1568 1579
f 1473 1456 1560
f 1473 1560 1580
f 985 976 825
f 985 825 824
f 1581 1492 1477
f 1581 1477 1582
f 1583 1476 1512
f 1583 1512 1584
f 1585 1566 1539
f 1585 1539 1586
f 1587 1546 1525
f 1587 1525 1588
f 793 1490 1504
f 793 1504 1589
f 1590 1551 1484
f 1590 1484 1591
f 1592 1517 1497
f 1592 1497 1593
f 1594 1561 1566
f 1594 1566 1585
f 1575 1574 1595
f 1575 1595 1596
f 792 1480 1490
f 792 1490 793
f 1597 1491 1492
f 1597 1492 1581
f 1598 1599 1600
f 1601 1511 1565
f 1601 1565 1602
f 1603 1482 1483
f 1603 1483 1604
f 1604 1483 1501
f 1604 1501 1605
f 1606 1502 1503
f 1606 1503 1607
f 1608 1487 1509
f 1608 1509 1609
f 1610 1510 1511
f 1610 1511 1601
f 1611 1521 1519
f 1611 1519 1612
f 1613 1569 1567
f 1613 1567 1614
f 1615 1498 1482
f 1615 1482 1603
f 1612 1519 1520
f 1612 1520 1616
f 1617 1522 1523
f 1617 1523 1618
f 1619 1515 1524
f 1619 1524 1620
f 1588 1525 1526
f 1588 1526 1621
f 1605 1501 1557
f 1605 1557 1622
f 1623 1529 994
f 1623 994 1578
f 1624 1478 1530
f 1624 1530 1625
f 1626 1508 1474
f 1626 1474 1579
f 1627 1516 1517
f 1627 1517 1592
f 1589 1504 1505
f 1589 1505 964
f 162 161 1481
f 162 1481 1628
f 1629 1543 1571
f 1629 1571 1630
f 1600 1599 1631
f 1600 1631 1632
f 1625 1530 1544
f 1625 1544 1633
f 1634 1570 1502
f 1634 1502 1606
f 829 1534 985
f 829 985 824
f 1635 1485 1486
f 1635 1486 1636
f 1637 1496 1564
f 1637 1564 1638
f 1639 1500 1538
f 1639 1538 1640
f 1586 1539 1540
f 1586 1540 1641
f 1642 1562 1554
f 1642 1554 1643
f 1607 1503 1543
f 1607 1543 1629
f 1644 1527 1499
f 1644 1499 1645
f 1646 1488 1489
f 1646 1489 1647
f 1609 1528 1518
f 1609 1518 1648
f 1640 1538 1551
f 1640 1551 1590
f 814 1479 1480
f 814 1480 792
f 1649 1545 1475
f 1649 1475 1650
f 1620 1524 293
f 1620 293 263
f 361 67 68
f 361 68 363
f 1651 1536 1537
f 1651 1537 1652
f 1653 1556 1479
f 1653 1479 814
f 1654 1550 1545
f 1654 1545 1649
f 1655 1656 1657
f 1655 1657 1658
f 1616 1520 1570
f 1616 1570 1634
f 1630 1571 1541
f 1630 1541 1659
f 1660 1535 1491
f 1660 1491 1597
f 964 1505 1472
f 964 1472 837
f 1643 1554 1555
f 1643 1555 1661
f 1662 1558 1514
f 1662 1514 1663
f 1664 1576 1550
f 1664 1550 1654
f 1661 1555 1516
f 1661 1516 1627
f 1636 1486 1487
f 1636 1487 1608
f 1647 1489 1552
f 1647 1552 1665
f 1633 1544 1558
f 1633 1558 1662
f 1582 1477 1478
f 1582 1478 1624
f 1602 1565 1488
f 1602 1488 1646
f 1621 1526 1556
f 1621 1556 1653
f 1666 1560 1561
f 1666 1561 1594
f 1667 1494 1562
f 1667 1562 1642
f 1591 1484 1485
f 1591 1485 1635
f 1663 1514 1515
f 1663 1515 1619
f 1668 1481 1473
f 1668 1473 1580
f 1622 1557 1529
f 1622 1529 1623
f 1614 1567 1493
f 1614 1493 1669
f 836 838 1535
f 836 1535 1660
f 1584 1512 1513
f 1584 1513 1670
f 1671 1568 1569
f 1671 1569 1613
f 1652 1537 1559
f 1652 1559 1672
f 1650 1475 1476
f 1650 1476 1583
f 1673 1553 1531
f 1673 1531 1674
f 1645 1499 1500
f 1645 1500 1639
f 1669 1493 1494
f 1669 1494 1667
f 1675 1676 1677
f 1678 1495 1496
f 1678 1496 1637
f 823 825 1495
f 823 1495 1678
f 1665 1552 1553
f 1665 1553 1673
f 1648 1518 1471
f 1648 1471 1577
f 1677 1676 1679
f 1677 1679 1680
f 1681 1532 1534
f 1681 1534 829
f 1674 1531 1532
f 1674 1532 1681
f 1618 1523 1546
f 1618 1546 1587
f 1638 1564 1521
f 1638 1521 1611
f 1579 1568 1671
f 1579 1671 1682
f 191 192 444
f 191 444 484
f 1683 1684 1685
f 1685 1684 1686
f 1685 1686 1687
f 1688 1689 1690
f 1578 1536 1651
f 1578 1651 1691
f 1577 1576 1664
f 1577 1664 1692
f 1690 1689 1693
f 1690 1693 1694
f 1580 1560 1666
f 1580 1666 1695
f 1593 1497 1498
f 1593 1498 1615
f 1672 1559 1527
f 1672 1527 1644
f 1628 1481 1668
f 1628 1668 1696
f 1697 1605 1622
f 1697 1622 1698
f 1699 1663 1619
f 1699 1619 1700
f 1701 1641 1617
f 1701 1617 1702
f 1703 1618 1587
f 1703 1587 1704
f 1705 1597 1581
f 1705 1581 1706
f 262 264 1707
f 262 1707 1708
f 1709 1621 1653
f 1709 1653 1710
f 1711 1669 1667
f 1711 1667 1712
f 1713 1670 1610
f 1713 1610 1714
f 1714 1610 1601
f 1714 1601 1715
f 1716 1604 1605
f 1716 1605 1697
f 1717 1606 1607
f 1717 1607 1718
f 1719 1611 1612
f 1719 1612 1720
f 1721 1722 1723
f 1724 1637 1638
f 1724 1638 1725
f 1726 1678 1637
f 1726 1637 1724
f 1727 1665 1673
f 1727 1673 1728
f 1729 1630 1659
f 1729 1659 1730
f 1702 1617 1618
f 1702 1618 1703
f 1696 1668 1580
f 1696 1580 1695
f 1731 1588 1621
f 1731 1621 1709
f 1732 1614 1669
f 1732 1669 1711
f 1704 1587 1588
f 1704 1588 1731
f 1698 1623 1578
f 1698 1578 1691
f 1733 1624 1625
f 1733 1625 1734
f 1735 1681 829
f 1735 829 828
f 1736 1627 1592
f 1736 1592 1737
f 1738 1643 1661
f 1738 1661 1739
f 1723 1722 1740
f 1723 1740 1741
f 1742 1584 1670
f 1742 1670 1713
f 1743 1609 1648
f 1743 1648 1744
f 1745 1671 1613
f 1745 1613 1746
f 1734 1625 1633
f 1734 1633 1747
f 1748 1634 1606
f 1748 1606 1717
f 1749 1635 1636
f 1749 1636 1750
f 1751 1594 1585
f 1751 1585 1752
f 1739 1661 1627
f 1739 1627 1736
f 1752 1586 1641
f 1752 1641 1701
f 1753 1591 1635
f 1753 1635 1749
f 1718 1607 1629
f 1718 1629 1754
f 261 260 1755
f 1725 1638 1611
f 1725 1611 1719
f 1747 1633 1662
f 1747 1662 1756
f 1757 1602 1646
f 1757 1646 1758
f 1759 1640 1590
f 1759 1590 1760
f 1761 1649 1650
f 1761 1650 1762
f 1763 1620 263
f 1763 263 1764
f 1755 260 1765
f 1755 1765 1766
f 1710 1653 814
f 1710 814 813
f 753 1651 1652
f 753 1652 1767
f 1768 1769 1770
f 1750 1608 1609
f 1750 1609 1743
f 1770 1769 1771
f 1770 1771 1772
f 1773 1666 1594
f 1773 1594 1751
f 1725 1719 1679
f 1774 1654 1649
f 1774 1649 1761
f 1730 1659 1775
f 1730 1775 1776
f 1777 1647 1665
f 1777 1665 1727
f 1778 1616 1634
f 1778 1634 1748
f 1779 1664 1654
f 1779 1654 1774
f 1756 1662 1663
f 1756 1663 1699
f 1780 1639 1640
f 1780 1640 1759
f 1758 1646 1647
f 1758 1647 1777
f 1781 1582 1624
f 1781 1624 1733
f 1782 1644 1645
f 1782 1645 1783
f 1760 1590 1591
f 1760 1591 1753
f 1712 1667 1642
f 1712 1642 1784
f 1754 1629 1630
f 1754 1630 1729
f 1706 1581 1582
f 1706 1582 1781
f 1785 836 1660
f 1785 1660 1786
f 1783 1645 1639
f 1783 1639 1780
f 1787 1626 1579
f 1787 1579 1682
f 1700 1619 1620
f 1700 1620 1763
f 1679 1719 1720
f 1679 1720 1788
f 1789 1615 1603
f 1789 1603 1790
f 776 823 1678
f 776 1678 1726
f 1731 1709 1791
f 1790 1603 1604
f 1790 1604 1716
f 1715 1601 1602
f 1715 1602 1757
f 1746 1613 1614
f 1746 1614 1732
f 1744 1648 1577
f 1744 1577 1692
f 1792 1674 1681
f 1792 1681 1735
f 1720 1612 1616
f 1720 1616 1778
f 314 20 21
f 314 21 316
f 1793 1589 964
f 1793 964 963
f 241 242 446
f 241 446 526
f 1728 1673 1674
f 1728 1674 1792
f 1157 1234 1272
f 1786 1660 1597
f 1786 1597 1705
f 1708 1626 1787
f 1708 1787 262
f 1695 1666 1773
f 1695 1773 1794
f 1791 1709 1710
f 1791 1710 1795
f 1712 1784 1796
f 1691 1651 753
f 1691 753 752
f 1796 1784 1738
f 1796 1738 1797
f 1692 1664 1779
f 1692 1779 1798
f 963 836 1785
f 963 1785 1799
f 1682 1671 1745
f 1682 1745 1800
f 828 823 776
f 828 776 775
f 1784 1642 1643
f 1784 1643 1738
f 367 218 219
f 367 219 439
f 1693 1756 1699
f 1693 1699 1801
f 1802 1697 1698
f 1802 1698 756
f 1803 1696 1695
f 1803 1695 1794
f 260 262 1787
f 260 1787 1765
f 1795 1710 813
f 1795 813 1804
f 1805 1790 1716
f 1805 1716 1806
f 1807 1754 1729
f 1807 1729 1808
f 1809 1714 1715
f 1809 1715 1810
f 1806 1716 1697
f 1806 1697 1802
f 1811 1717 1718
f 1811 1718 1812
f 1764 263 261
f 1764 261 1755
f 1771 1759 1760
f 1771 1760 1813
f 1676 1724 1725
f 1676 1725 1679
f 1675 1726 1724
f 1675 1724 1676
f 1814 1705 1706
f 1814 1706 1815
f 1816 1736 1737
f 1816 1737 1817
f 1818 1786 1705
f 1818 1705 1814
f 389 1767 1782
f 389 1782 1819
f 1820 1792 1735
f 1820 1735 782
f 1821 1727 1728
f 1821 1728 1822
f 1801 1699 1700
f 1801 1700 1823
f 1824 1781 1733
f 1824 1733 1825
f 1826 1702 1703
f 1826 1703 1827
f 1686 1752 1701
f 1686 1701 1828
f 1827 1703 1704
f 1827 1704 1829
f 1740 1732 1711
f 1740 1711 1830
f 782 1735 828
f 782 828 775
f 1825 1733 1734
f 1825 1734 1688
f 1788 1720 1778
f 1788 1778 1831
f 1832 1742 1713
f 1832 1713 1833
f 1834 1743 1744
f 1834 1744 1835
f 1836 1774 1761
f 1836 1761 1837
f 1835 1744 1692
f 1835 1692 1798
f 1688 1734 1747
f 1688 1747 1689
f 1831 1748 1717
f 1831 1717 1811
f 1838 1749 1750
f 1838 1750 1839
f 1823 1700 1763
f 1823 1763 1840
f 1841 1739 1736
f 1841 1736 1816
f 1840 1763 1764
f 1840 1764 1842
f 1813 1753 1749
f 1813 1749 1838
f 1815 1706 1781
f 1815 1781 1824
f 1843 1730 1776
f 1843 1776 1803
f 1844 1758 1777
f 1844 1777 1845
f 1810 1757 1758
f 1810 1758 1844
f 1652 1672 1767
f 388 753 1767
f 388 1767 389
f 1846 1762 1742
f 1846 1742 1832
f 1839 1750 1743
f 1839 1743 1834
f 1829 1704 1731
f 1829 1731 1791
f 1683 1773 1751
f 1683 1751 1684
f 1845 1777 1727
f 1845 1727 1821
f 1822 1728 1792
f 1822 1792 1820
f 1847 1779 1774
f 1847 1774 1836
f 1817 1737 1789
f 1817 1789 1848
f 1819 1782 1783
f 1819 1783 1768
f 1767 1672 1644
f 1767 1644 1782
f 1338 1336 995
f 1592 1593 1737
f 1737 1593 1615
f 1737 1615 1789
f 1804 813 791
f 1804 791 1849
f 1768 1783 1780
f 1768 1780 1769
f 1812 1718 1754
f 1812 1754 1807
f 1850 1785 1786
f 1850 1786 1818
f 1689 1747 1756
f 1689 1756 1693
f 1650 1583 1762
f 1848 1789 1790
f 1848 1790 1805
f 1721 1745 1746
f 1721 1746 1722
f 1828 1701 1702
f 1828 1702 1826
f 774 776 1726
f 774 1726 1675
f 1837 1761 1762
f 1837 1762 1846
f 1808 1729 1730
f 1808 1730 1843
f 320 168 169
f 320 169 438
f 1797 1738 1739
f 1797 1739 1841
f 1833 1713 1714
f 1833 1714 1809
f 1851 1793 963
f 1851 963 1799
f 1762 1583 1584
f 1762 1584 1742
f 1830 1711 1712
f 1830 1712 1796
f 1799 1785 1850
f 1799 1850 1852
f 1798 1779 1847
f 1798 1847 1853
f 723 722 1854
f 723 1854 1353
f 756 1698 1691
f 756 1691 752
f 1765 1682 1800
f 1765 1800 1766
f 1794 1773 1683
f 1794 1683 1657
f 1513 1533 1670
f 1684 1751 1752
f 1684 1752 1686
f 1800 1745 1721
f 1800 1721 1855
f 1670 1533 1510
f 1670 1510 1610
f 1655 1856 1857
f 1655 1857 1656
f 1769 1780 1759
f 1769 1759 1771
f 1722 1746 1732
f 1722 1732 1740
f 1694 1693 1801
f 1694 1801 1858
f 264 294 1547
f 264 1547 1707
f 1859 1795 1804
f 1859 1804 1860
f 1861 1797 1841
f 1861 1841 1862
f 1863 1806 1802
f 1863 1802 741
f 1864 1807 1808
f 1864 1808 1865
f 1866 1829 1791
f 1866 1791 1867
f 1864 1865 1857
f 1864 1857 1856
f 1772 1771 1813
f 1772 1813 1868
f 1869 1848 1805
f 1869 1805 1870
f 1871 1837 1846
f 1871 1846 1872
f 1873 1814 1815
f 1873 1815 1874
f 1540 1572 1641
f 1875 1819 1768
f 1875 1768 1770
f 766 389 1819
f 766 1819 1875
f 1876 1825 1688
f 1876 1688 1690
f 1858 1801 1823
f 1858 1823 1877
f 1874 1824 1825
f 1874 1825 1876
f 1641 1572 1522
f 1641 1522 1617
f 1656 1803 1794
f 1656 1794 1657
f 1878 1827 1829
f 1878 1829 1866
f 1741 1740 1830
f 1741 1830 1879
f 1380 1381 1543
f 1543 1381 1432
f 1543 1432 1571
f 1880 1788 1831
f 1880 1831 1881
f 1870 1805 1806
f 1870 1806 1863
f 1303 1301 1366
f 1865 1808 1843
f 1865 1843 1857
f 1882 1835 1798
f 1882 1798 1853
f 1881 1831 1811
f 1881 1811 1883
f 1884 1838 1839
f 1884 1839 1885
f 1877 1823 1840
f 1877 1840 1886
f 1862 1841 1816
f 1862 1816 1887
f 1868 1813 1838
f 1868 1838 1884
f 1366 1301 1302
f 1366 1302 1424
f 1888 1844 1845
f 1888 1845 1889
f 1890 1822 1820
f 1890 1820 1891
f 1886 1840 1842
f 1886 1842 1892
f 1879 1796 1797
f 1879 1797 1861
f 1893 1809 1810
f 1893 1810 1894
f 1867 1791 1795
f 1867 1795 1859
f 1883 1811 1812
f 1883 1812 1895
f 1896 1897 1898
f 1896 1898 1899
f 1872 1846 1832
f 1872 1832 1900
f 1322 1340 1463
f 1889 1845 1821
f 1889 1821 1901
f 1687 1686 1828
f 1687 1828 1902
f 1903 774 1675
f 1903 1675 1677
f 1904 1826 1827
f 1904 1827 1878
f 1857 1843 1803
f 1857 1803 1656
f 1885 1834 1835
f 1885 1835 1882
f 1465 1466 1506
f 1894 1810 1844
f 1894 1844 1888
f 1905 1817 1848
f 1905 1848 1869
f 1860 1804 1849
f 1860 1849 1906
f 1900 1833 1809
f 1900 1809 1893
f 1901 1821 1822
f 1901 1822 1890
f 1680 1679 1788
f 1680 1788 1880
f 1907 1836 1837
f 1907 1837 1871
f 1902 1828 1826
f 1902 1826 1904
f 741 1802 756
f 741 756 390
f 1853 1847 1836
f 1853 1836 1907
f 1891 1820 782
f 1891 782 781
f 1908 1818 1814
f 1908 1814 1873
f 1887 1816 1817
f 1887 1817 1905
f 1391 1406 1505
f 1463 1340 1354
f 1463 1354 1390
f 1906 1849 1851
f 1906 1851 1909
f 1910 1911 1898
f 1910 1898 1897
f 1912 1850 1818
f 1912 1818 1908
f 1852 1850 1912
f 1852 1912 1909
f 1657 1683 1685
f 1657 1685 1658
f 1855 1721 1723
f 1855 1723 1913
f 1766 1800 1855
f 1766 1855 1914
f 1895 1812 1807
f 1895 1807 1864
f 781 774 1903
f 781 1903 210
f 1915 1888 1889
f 1915 1889 1916
f 1917 1868 1884
f 1917 1884 1918
f 1919 1853 1907
f 1919 1907 1920
f 1921 1883 1895
f 1921 1895 1922
f 1775 1542 160
f 1775 160 162
f 1923 1772 1868
f 1923 1868 1917
f 1598 1690 1694
f 1598 1694 1599
f 1924 1677 1680
f 1924 1680 1925
f 1926 1875 1770
f 1926 1770 1927
f 1928 766 1875
f 1928 1875 1926
f 1929 1876 1690
f 1929 1690 1598
f 1631 1858 1877
f 1631 1877 1930
f 1931 1874 1876
f 1931 1876 1929
f 1932 1878 1866
f 1932 1866 1933
f 1934 1741 1879
f 1934 1879 1935
f 1936 1880 1881
f 1936 1881 1937
f 1938 1870 1863
f 1938 1863 1939
f 1925 1680 1880
f 1925 1880 1936
f 1940 1909 1912
f 1940 1912 1941
f 1918 1884 1885
f 1918 1885 1942
f 1930 1877 1886
f 1930 1886 435
f 157 1901 1890
f 157 1890 158
f 1943 1905 1869
f 1943 1869 1944
f 435 1886 1892
f 435 1892 433
f 1935 1879 1861
f 1935 1861 1573
f 1945 1893 1894
f 1945 1894 1946
f 1947 1867 1859
f 1947 1859 1948
f 1946 1894 1888
f 1946 1888 1915
f 1541 1542 1775
f 1541 1775 1659
f 1949 739 766
f 1949 766 1928
f 1950 1685 1687
f 1950 1687 1951
f 1353 1854 1201
f 1353 1201 1200
f 1952 1871 1872
f 1952 1872 1953
f 1916 1889 1901
f 1916 1901 157
f 1951 1687 1902
f 1951 1902 1954
f 1937 1881 1883
f 1937 1883 1921
f 1933 1866 1867
f 1933 1867 1947
f 1150 1152 1352
f 1955 1723 1741
f 1955 1741 1934
f 1352 1152 1116
f 1352 1116 1233
f 1956 1900 1893
f 1956 1893 1945
f 1920 1907 1871
f 1920 1871 1952
f 1954 1904 1878
f 1954 1878 1932
f 1957 1903 1677
f 1957 1677 1924
f 1942 1885 1882
f 1942 1882 1919
f 1509 1528 1609
f 1939 1863 741
f 1939 741 740
f 1573 1861 1862
f 1573 1862 1574
f 1948 1859 1860
f 1948 1860 1958
f 1574 1862 1887
f 1574 1887 1595
f 1953 1872 1900
f 1953 1900 1956
f 1206 1226 1329
f 1959 1908 1873
f 1959 1873 1960
f 1958 1860 1906
f 1958 1906 1940
f 1941 1912 1908
f 1941 1908 1959
f 1927 1770 1772
f 1927 1772 1923
f 1595 1887 1905
f 1595 1905 1943
f 1944 1869 1870
f 1944 1870 1938
f 1329 1226 1113
f 1329 1113 1229
f 1913 1723 1955
f 1913 1955 1961
f 1914 1855 1913
f 1914 1913 440
f 1223 1225 1256
f 1922 1895 1864
f 1922 1864 1856
f 740 739 1949
f 740 1949 1962
f 1256 1225 1114
f 1256 1114 1297
f 1658 1685 1950
f 1658 1950 1963
f 210 1903 1957
f 210 1957 211
f 1599 1694 1858
f 1599 1858 1631
f 1960 1873 1874
f 1960 1874 1931
f 1964 1930 435
f 1964 435 434
f 1341 991 997
f 1341 997 1111
f 1965 1936 1937
f 1965 1937 1966
f 1967 1923 1917
f 1967 1917 1968
f 1000 991 1341
f 1000 1341 1234
f 1969 1927 1923
f 1969 1923 1967
f 1596 1595 1943
f 1596 1943 1970
f 1970 1943 1944
f 1970 1944 1971
f 1966 1937 1921
f 1966 1921 1972
f 1973 1929 1598
f 1973 1598 1600
f 1632 1631 1930
f 1632 1930 1964
f 1974 1951 1954
f 1974 1954 1975
f 1976 1932 1933
f 1976 1933 1977
f 1978 1922 1856
f 1978 1856 1979
f 1977 1933 1947
f 1977 1947 1980
f 1892 1842 1766
f 1892 1766 1914
f 1981 1955 1934
f 1981 1934 1982
f 1983 1925 1936
f 1983 1936 1965
f 1842 1764 1755
f 1842 1755 1766
f 1984 1918 1942
f 1984 1942 1985
f 1986 1935 1573
f 1986 1573 1575
f 1589 1793 791
f 1589 791 793
f 1793 1851 1849
f 1793 1849 791
f 1987 1291 1988
f 1987 1988 1989
f 1980 1947 1948
f 1980 1948 1990
f 1990 1948 1958
f 1990 1958 1991
f 1992 1945 1946
f 1992 1946 1993
f 1993 1946 1915
f 1993 1915 1247
f 1994 1950 1951
f 1994 1951 1974
f 1995 1655 1658
f 1995 1658 1963
f 1996 1952 1953
f 1996 1953 1997
f 1245 1916 157
f 1245 157 159
f 1968 1917 1918
f 1968 1918 1984
f 677 678 812
f 1979 1856 1655
f 1979 1655 1995
f 812 678 582
f 812 582 710
f 1991 1940 1941
f 1991 1941 1998
f 1999 1920 1952
f 1999 1952 1996
f 654 655 790
f 1985 1919 1920
f 1985 1920 1999
f 2000 1931 1929
f 2000 1929 1973
f 1622 1623 1698
f 1975 1954 1932
f 1975 1932 1976
f 790 655 578
f 790 578 705
f 637 638 773
f 1982 1934 1935
f 1982 1935 1986
f 1997 1953 1956
f 1997 1956 2001
f 2002 1928 1926
f 2002 1926 2003
f 2001 1956 1945
f 2001 1945 1992
f 1998 1941 1959
f 1998 1959 2004
f 773 638 580
f 773 580 709
f 2003 1926 1927
f 2003 1927 1969
f 2005 1924 1925
f 2005 1925 1983
f 1972 1921 1922
f 1972 1922 1978
f 2004 1959 1960
f 2004 1960 2000
f 615 616 751
f 751 616 577
f 751 577 704
f 2006 1949 1928
f 2006 1928 2002
f 1585 1586 1752
f 1636 1608 1750
f 1963 1950 1994
f 1963 1994 2007
f 597 598 721
f 440 1913 1961
f 440 1961 441
f 721 598 583
f 721 583 707
f 1247 1915 1916
f 1247 1916 1245
f 1961 1955 1981
f 1961 1981 2008
f 1962 1949 2006
f 1962 2006 2009
f 2010 1975 1976
f 2010 1976 2011
f 2012 1967 1968
f 2012 1968 2013
f 2014 1986 1575
f 2014 1575 2015
f 2016 1999 1996
f 2016 1996 2017
f 433 1892 1914
f 433 1914 440
f 2018 1596 1970
f 2018 1970 2019
f 2019 1970 1971
f 2019 1971 2020
f 1548 2004 2000
f 1548 2000 1549
f 1549 1973 1600
f 1549 1600 1563
f 2021 1632 1964
f 2021 1964 2022
f 2023 1974 1975
f 2023 1975 2010
f 416 534 272
f 2024 1977 1980
f 2024 1980 2025
f 2015 1575 1596
f 2015 1596 2018
f 2026 1997 2001
f 2026 2001 2027
f 272 534 415
f 272 415 271
f 2028 2003 1969
f 2028 1969 2029
f 2030 1992 1993
f 2030 1993 265
f 265 1993 1247
f 265 1247 291
f 165 1994 1974
f 165 1974 2023
f 2031 1995 1963
f 2031 1963 2007
f 2017 1996 1997
f 2017 1997 2026
f 2013 1968 1984
f 2013 1984 2032
f 2033 1979 1995
f 2033 1995 2031
f 1778 1748 1831
f 1469 2005 1983
f 1469 1983 2034
f 288 289 432
f 432 289 290
f 432 290 442
f 2035 1965 1966
f 2035 1966 2036
f 1760 1753 1813
f 2034 1983 1965
f 2034 1965 2035
f 1563 1600 1632
f 1563 1632 2021
f 2037 2006 2002
f 2037 2002 2038
f 2036 1966 1972
f 2036 1972 2039
f 2039 1972 1978
f 2039 1978 2033
f 2040 1982 1986
f 2040 1986 2014
f 2032 1985 1999
f 2032 1999 2016
f 1787 1682 1765
f 1715 1757 1810
f 2038 2002 2003
f 2038 2003 2028
f 2027 2001 1992
f 2027 1992 2030
f 241 526 387
f 241 387 240
f 191 484 340
f 191 340 190
f 2041 1981 1982
f 2041 1982 2040
f 2011 1976 1977
f 2011 1977 2024
f 442 290 139
f 139 290 138
f 139 138 2
f 1292 1291 1987
f 1292 1987 2042
f 2043 2020 1971
f 2043 1971 2009
f 441 1961 2008
f 441 2008 2044
f 2007 1994 165
f 2007 165 164
f 411 115 116
f 411 116 268
f 2029 1969 1967
f 2029 1967 2012
f 1201 1102 984
f 1201 984 1112
f 2009 2006 2037
f 2009 2037 2043
f 2008 1981 2041
f 2008 2041 2045
f 2046 2013 2032
f 2046 2032 2047
f 2048 2038 2028
f 2048 2028 2049
f 363 68 69
f 363 69 216
f 2050 2030 265
f 2050 265 267
f 1358 2019 2020
f 1358 2020 1437
f 722 1102 1201
f 722 1201 1854
f 1357 2018 2019
f 1357 2019 1358
f 316 21 22
f 316 22 166
f 441 2044 2022
f 2051 2015 2018
f 2051 2018 1357
f 2049 2028 2029
f 2049 2029 2046
f 1964 434 441
f 1964 441 2022
f 1315 2041 2040
f 1315 2040 1316
f 1815 1824 1874
f 2047 2016 2017
f 2047 2017 2052
f 1324 2014 2015
f 1324 2015 2051
f 163 165 2023
f 163 2023 1910
f 2052 2017 2026
f 2052 2026 2053
f 2053 2026 2027
f 2053 2027 2054
f 2055 2034 2035
f 2055 2035 2056
f 2057 2033 2031
f 2057 2031 215
f 1910 2023 2010
f 1910 2010 1911
f 1898 2011 2024
f 1898 2024 1899
f 1839 1834 1885
f 1832 1833 1900
f 1890 1891 210
f 1890 210 158
f 2058 2036 2039
f 2058 2039 2057
f 2059 2060 2061
f 2059 2061 2062
f 2054 2027 2030
f 2054 2030 2050
f 1896 2060 2059
f 1896 2059 2063
f 1830 1796 1879
f 1899 2025 2064
f 1899 2064 2065
f 1448 1563 2021
f 1448 2021 1450
f 1470 1469 2034
f 1470 2034 2055
f 2056 2035 2036
f 2056 2036 2058
f 214 2058 2057
f 214 2057 215
f 2056 2058 214
f 2056 214 2066
f 1437 2037 2038
f 1437 2038 2048
f 1450 2021 2022
f 1450 2022 2044
f 2067 2049 2046
f 2067 2046 2047
f 2048 2049 2067
f 2048 2067 2068
f 2043 2037 1437
f 2043 1437 2020
f 1507 1297 1230
f 1507 1230 1360
f 1256 1297 1507
f 1256 1507 1466
f 2045 2041 1315
f 2045 1315 2069
f 2070 2071 2072
f 2070 2072 1989
f 215 2031 2007
f 215 2007 164
f 1316 2040 2014
f 1316 2014 1324
f 2044 2008 2045
f 2044 2045 1451
f 1989 2072 2073
f 1989 2073 1987
f 1911 2010 2011
f 1911 2011 1898
f 2074 1548 1447
f 2074 1447 2061
f 1891 781 210
f 2046 2029 2012
f 2046 2012 2013
f 2075 2050 267
f 2075 267 2076
f 2077 2054 2050
f 2077 2050 2075
f 2078 2051 1357
f 2078 1357 1359
f 1896 1899 2065
f 1896 2065 2060
f 1851 1799 1852
f 1851 1852 1909
f 2060 2065 2074
f 2060 2074 2061
f 1325 1324 2051
f 1325 2051 2078
f 1882 1853 1919
f 1438 1437 2048
f 1438 2048 2068
f 2079 163 1910
f 2079 1910 1897
f 2047 2052 2080
f 2047 2080 2067
f 2052 2053 2077
f 2052 2077 2080
f 2081 2055 2056
f 2081 2056 2066
f 1548 2074 1998
f 1548 1998 2004
f 2074 2065 2064
f 2074 2064 1998
f 1906 1909 1940
f 211 1957 1469
f 211 1469 1246
f 2076 267 266
f 2076 266 2082
f 1957 1924 2005
f 1957 2005 1469
f 1944 1938 2009
f 1944 2009 1971
f 1938 1939 1962
f 1938 1962 2009
f 1902 1904 1954
f 1708 1707 1508
f 1708 1508 1626
f 1449 1451 2045
f 1449 2045 2069
f 2069 1315 1317
f 2069 1317 2062
f 1707 1547 1506
f 1707 1506 1508
f 2083 1438 2068
f 2083 2068 2084
f 2080 2077 2075
f 2080 2075 2085
f 1939 740 1962
f 1282 2078 1359
f 1282 1359 2083
f 2084 2068 2067
f 2084 2067 2080
f 1987 2079 1897
f 1987 1897 2042
f 2086 2082 2081
f 2086 2081 2087
f 2062 2061 1447
f 2062 1447 1449
f 2088 2076 2082
f 2088 2082 2086
f 2042 1897 1896
f 2042 1896 2063
f 1284 1325 2078
f 1284 2078 1282
f 2059 1317 1325
f 2059 1325 1284
f 2066 2079 2087
f 2066 2087 2081
f 2071 2075 2076
f 2071 2076 2088
f 1942 1919 1985
f 1958 1940 1991
f 1960 1931 2000
f 163 2079 2066
f 163 2066 214
f 292 2081 2082
f 292 2082 266
f 2087 2079 1987
f 2087 1987 2073
f 2055 2081 292
f 2055 292 1470
f 1990 2064 2025
f 1990 2025 1980
f 1283 1282 2083
f 1283 2083 2084
f 1988 2084 2080
f 1988 2080 2085
f 1292 2063 2059
f 1292 2059 1284
f 1998 2064 1990
f 1998 1990 1991
f 2073 2088 2086
f 2073 2086 2087
f 1776 1628 1696
f 1776 1696 1803
f 2072 2071 2088
f 2072 2088 2073
f 2000 1973 1549
f 1978 1979 2033
f 1984 1985 2032
f 2070 2085 2075
f 2070 2075 2071
f 1989 1988 2085
f 1989 2085 2070
f 162 1628 1776
f 162 1776 1775
f 1428 212 160
f 1428 160 1542
f 1291 1283 2084
f 1291 2084 1988
f 2039 2033 2057
f 2032 2016 2047
f 2024 2025 1899
f 2053 2054 2077
f 1450 2044 1451
f 1359 1438 2083
f 1449 2069 2062
f 2062 1317 2059
f 2042 2063 1292
# </faces>
