# Wavefront OBJ file written 2026-03-18T16:43:22
o cellFull_normal_1

# points : 4019
# faces  : 7885
# zones  : 1
#   0  Mesh_2  (nFaces: 7885)

# <points count="4019">
v 8.59623 19.5972 300
v 12.2041 17.8935 300
v 8.81003 14.5828 300
v 11.9114 23.1186 300
v 14.1414 20.5437 300
v 15.2078 15.9929 300
v 16.2162 18.6306 300
v 18.0462 15.9797 300
v 20.9931 0.581927 300
v 22.1804 3.45749 300
v 25.2891 -0.00639009 300
v -4.67038 0.469191 300
v -4.88373 -2.50881 300
v -7.37649 -0.553956 300
v 25.1696 5.24951 300
v 19.4306 5.62351 300
v 23.0188 7.81353 300
v -9.9431 -20.2408 300
v -9.18448 -22.6239 300
v -12.1381 -21.9258 300
v 27.7889 2.81721 300
v 29.5226 4.77593 300
v 30.5185 1.67748 300
v 27.9979 7.12762 300
v 2.81398 -7.14602 300
v 5.07362 -8.3611 300
v 2.50773 -10.1303 300
v 5.22213 -4.8665 300
v 3.32081 -3.38372 300
v -1.37327 -8.73235 300
v 0.477802 -3.50108 300
v -17.3996 17.3844 300
v -15.4457 14.3294 300
v -19.8021 15.2506 300
v 38.0305 113.814 300
v 42.7321 112.134 300
v 39.2733 108.946 300
v 24.5716 -30.9075 300
v 22.7411 -29.3813 300
v 25.5497 -28.9965 300
v 21.4905 -26.8484 300
v 24.6166 -26.4919 300
v 13.0506 -6.98009 300
v 12.9085 -9.55517 300
v 10.6918 -7.18665 300
v -16.8284 30.4551 300
v -13.8735 29.315 300
v -14.3193 25.4092 300
v -18.0766 27.5507 300
v 47.3597 110.259 300
v 46.1558 106.152 300
v 18.5737 -29.1505 300
v 21.181 -30.8457 300
v 18.588 -32.7057 300
v -52.5489 101.282 300
v -57.6775 100.487 300
v -58.5528 104.745 300
v -54.1449 107.09 300
v 21.9622 -37.5064 300
v 25.3713 -38.2945 300
v 23.2344 -41.2498 300
v -116.871 -27.2238 300
v -117.902 -22.3386 300
v -113.376 -23.6134 300
v -23.1118 -5.33469 300
v -24.6756 -2.73793 300
v -20.7413 -3.4957 300
v 18.2033 -14.3287 300
v 17.412 -17.6288 300
v 15.2584 -13.2965 300
v 23.4948 -33.6267 300
v 26.7044 -35.7567 300
v -58.7356 -97.8147 300
v -55.3701 -101.766 300
v -58.5528 -104.745 300
v -62.8594 -102.219 300
v -118.73 -17.4147 300
v -114.601 -16.2896 300
v -48.5856 0.621599 300
v -51.2242 -1.30397 300
v -51.7949 1.98557 300
v -2.32862 5.73294 300
v -2.62944 10.3346 300
v 0.900884 10.2959 300
v 1.00565 6.15459 300
v 8.85525 5.85487 300
v 9.21438 2.2514 300
v 5.50951 2.38128 300
v 4.89839 5.45228 300
v -47.252 -2.64242 300
v -50.3867 -3.81226 300
v 113.926 1.33263 300
v 115.523 6.25657 300
v 119.896 4.99182 300
v 120 0 300
v 26.2138 41.0702 300
v 25.803 44.4654 300
v 29.2417 43.4465 300
v 84.4103 -85.293 300
v 80.7892 -88.7305 300
v 79.5053 -84.203 300
v -13.0671 -3.77412 300
v -15.8836 -1.99817 300
v -13.7442 1.66463 300
v -10.4577 0.258291 300
v 51.9053 108.193 300
v 51.1298 103.978 300
v 1.76789 -0.209554 300
v -2.33998 -3.10717 300
v -1.32267 1.21029 300
v 22.6763 41.5704 300
v 23.1233 44.8933 300
v -24.1283 -47.8785 300
v -23.3561 -51.1343 300
v -27.0903 -50.5746 300
v -19.1399 -47.031 300
v -20.123 -51.2307 300
v 26.8892 -45.9282 300
v 30.2277 -47.3793 300
v 27.4941 -49.7466 300
v 28.6346 -42.0209 300
v 32.0676 -44.8959 300
v 77.0282 -92.0144 300
v 73.9058 -89.0876 300
v -31.2346 47.3959 300
v -34.5525 47.8089 300
v -32.7489 51.5307 300
v -32.5869 42.7612 300
v -35.7963 44.8242 300
v 31.7732 48.4967 300
v 31.4521 52.0468 300
v 34.8141 50.6964 300
v 27.6166 48.5624 300
v 28.5467 52.6098 300
v 33.1993 -52.4781 300
v 36.1388 -53.3368 300
v 34.0575 -56.0027 300
v -5.83338 19.8154 300
v -2.75782 21.1664 300
v -3.73492 15.9062 300
v 35.2182 -48.6122 300
v 37.3642 -50.9945 300
v -35.8247 55.9437 300
v -39.1176 56.5203 300
v -36.9701 59.7764 300
v 9.78819 -4.87072 300
v 8.73451 -9.2949 300
v 7.15964 -6.76179 300
v -37.4767 51.0784 300
v -40.6442 53.5285 300
v -62.6018 1.57171 300
v -65.8795 -0.552474 300
v -66.254 3.39667 300
v -60.3995 -2.35483 300
v -64.9309 -3.73566 300
v 66.2511 0.984573 300
v 68.8764 2.92242 300
v 69.5139 -0.434339 300
v 64.7685 4.92956 300
v 67.7307 4.94924 300
v 35.3202 -63.1442 300
v 38.9482 -64.5274 300
v 35.8404 -67.2051 300
v 37.1831 -59.2555 300
v 40.9206 -61.5279 300
v 40.3604 60.3887 300
v 40.2728 64.3757 300
v 43.895 62.4782 300
v 35.6877 60.7836 300
v 36.9607 65.381 300
v -9.77869 8.74294 300
v -6.37391 10.7076 300
v -6.35853 5.19371 300
v -119.351 -12.4607 300
v -115.354 -10.9151 300
v 21.2158 -19.0066 300
v 20.4963 -22.7657 300
v 19.7752 -5.51969 300
v 16.7934 -5.23059 300
v 19.8054 -2.5646 300
v 13.3828 -4.41142 300
v 14.136 -1.23608 300
v -13.4813 -16.3864 300
v -16.1103 -15.2354 300
v -11.451 -12.8615 300
v -12.1605 5.08885 300
v -9.34101 3.03655 300
v -11.8192 14.7393 300
v -14.486 20.1264 300
v -9.58731 19.755 300
v -7.69825 15.1582 300
v -26.6223 22.3872 300
v -25.9769 26.3098 300
v -22.375 21.0419 300
v -17.6869 -12.9231 300
v -13.7268 -9.9115 300
v 73.1339 -95.139 300
v 69.7289 -92.5447 300
v 26.8951 10.0862 300
v 30.9402 8.08938 300
v 8.34126 -1.85011 300
v 4.68651 -0.762589 300
v 15.4022 2.68916 300
v -5.37157 -27.2075 300
v -8.97617 -27.1589 300
v -5.95759 -22.93 300
v 31.35 12.9015 300
v 34.6002 10.0503 300
v 5.05391 -27.5544 300
v 2.54105 -29.1595 300
v 3.14743 -24.4318 300
v -0.501636 -29.8333 300
v -1.1964 -25.6285 300
v -4.51717 -8.19822 300
v 4.67661 10.0087 300
v 13.1495 -24.8253 300
v 10.6827 -26.5998 300
v 10.7399 -21.5396 300
v 7.82531 -26.881 300
v 6.76793 -22.6793 300
v -29.4533 0.428017 300
v -28.9433 4.2057 300
v -24.6865 0.868097 300
v 11.6081 -13.0773 300
v -12.1829 -37.6712 300
v -11.2839 -34.9726 300
v -9.50347 -38.0017 300
v -27.0498 7.05417 300
v -22.7206 4.81472 300
v 16.7333 27.5904 300
v 14.9114 25.118 300
v 14.0466 29.3197 300
v 10.6671 27.7988 300
v -7.6773 -13.9429 300
v -7.51277 -7.10893 300
v -30.6186 -10.1965 300
v -32.6927 -7.80073 300
v -27.6141 -7.58376 300
v -33.0029 -4.70573 300
v -28.6739 -3.68716 300
v 119.896 -4.99182 250
v 120 0 250
v 119.585 -9.975 250
v 119.066 -14.9409 250
v 118.342 -19.881 250
v 117.412 -24.7866 250
v 116.28 -29.6493 250
v 114.946 -34.4607 250
v 113.412 -39.2124 250
v 111.683 -43.8963 250
v 109.76 -48.5041 250
v 107.648 -53.028 250
v 105.349 -57.4601 250
v 102.867 -61.7927 250
v 100.208 -66.0183 250
v 97.3747 -70.1297 250
v 94.3731 -74.1196 250
v 91.2082 -77.9812 250
v 87.8853 -81.7078 250
v 84.4103 -85.293 250
v 80.7892 -88.7305 250
v 77.0282 -92.0144 250
v 73.1339 -95.139 250
v 69.1129 -98.099 250
v 64.9723 -100.889 250
v 60.7193 -103.504 250
v 56.3611 -105.941 250
v 51.9053 -108.193 250
v 47.3597 -110.259 250
v 42.7321 -112.134 250
v 38.0305 -113.814 250
v 33.2631 -115.298 250
v 28.4381 -116.582 250
v 23.5639 -117.664 250
v 18.6488 -118.542 250
v 13.7015 -119.215 250
v 8.73048 -119.682 250
v 3.74434 -119.942 250
v -1.24829 -119.993 250
v -6.23876 -119.838 250
v -11.2184 -119.475 250
v -16.1787 -118.904 250
v -21.1109 -118.128 250
v -26.0066 -117.148 250
v -30.8573 -115.965 250
v -35.6545 -114.581 250
v -40.39 -112.998 250
v -45.0556 -111.22 250
v -49.6433 -109.25 250
v -54.1449 -107.09 250
v -58.5528 -104.745 250
v -62.8594 -102.219 250
v -67.0572 -99.5155 250
v -71.1388 -96.6399 250
v -75.0973 -93.597 250
v -78.9258 -90.392 250
v -82.6176 -87.0306 250
v -86.1665 -83.5185 250
v -89.5661 -79.8618 250
v -92.8107 -76.0669 250
v -95.8947 -72.1402 250
v -98.8126 -68.0887 250
v -101.559 -63.9193 250
v -104.131 -59.6393 250
v -106.521 -55.256 250
v -108.728 -50.777 250
v -110.746 -46.2102 250
v -112.572 -41.5633 250
v -114.204 -36.8445 250
v -115.637 -32.0619 250
v -116.871 -27.2238 250
v -117.902 -22.3386 250
v -118.73 -17.4147 250
v -119.351 -12.4607 250
v -119.766 -7.48503 250
v -119.974 -2.49645 250
v -119.974 2.49645 250
v -119.766 7.48503 250
v -119.351 12.4607 250
v -118.73 17.4147 250
v -117.902 22.3386 250
v -116.871 27.2238 250
v -115.637 32.0619 250
v -114.204 36.8445 250
v -112.572 41.5633 250
v -110.746 46.2102 250
v -108.728 50.777 250
v -106.521 55.256 250
v -104.131 59.6393 250
v -101.559 63.9193 250
v -98.8126 68.0887 250
v -95.8947 72.1402 250
v -92.8107 76.0669 250
v -89.5661 79.8618 250
v -86.1665 83.5185 250
v -82.6176 87.0306 250
v -78.9258 90.392 250
v -75.0973 93.597 250
v -71.1388 96.6399 250
v -67.0572 99.5155 250
v -62.8594 102.219 250
v -58.5528 104.745 250
v -54.1449 107.09 250
v -49.6433 109.25 250
v -45.0556 111.22 250
v -40.39 112.998 250
v -35.6545 114.581 250
v -30.8573 115.965 250
v -26.0066 117.148 250
v -21.1109 118.128 250
v -16.1787 118.904 250
v -11.2184 119.475 250
v -6.23876 119.838 250
v -1.24829 119.993 250
v 3.74434 119.942 250
v 8.73048 119.682 250
v 13.7015 119.215 250
v 18.6488 118.542 250
v 23.5639 117.664 250
v 28.4381 116.582 250
v 33.2631 115.298 250
v 38.0305 113.814 250
v 42.7321 112.134 250
v 47.3597 110.259 250
v 51.9053 108.193 250
v 56.3611 105.941 250
v 60.7193 103.504 250
v 64.9723 100.889 250
v 69.1129 98.099 250
v 73.1339 95.139 250
v 77.0282 92.0144 250
v 80.7892 88.7305 250
v 84.4103 85.293 250
v 87.8853 81.7078 250
v 91.2082 77.9812 250
v 94.3731 74.1196 250
v 97.3747 70.1297 250
v 100.208 66.0183 250
v 102.867 61.7927 250
v 105.349 57.4601 250
v 107.648 53.028 250
v 109.76 48.5041 250
v 111.683 43.8963 250
v 113.412 39.2124 250
v 114.946 34.4607 250
v 116.28 29.6493 250
v 117.412 24.7866 250
v 118.342 19.881 250
v 119.066 14.9409 250
v 119.585 9.975 250
v 119.896 4.99182 250
v 13.2802 6.39512 300
v -23.7548 -19.8044 300
v -26.4453 -18.4416 300
v -21.708 -16.4184 300
v 16.2016 -7.71893 300
v -38.4105 -5.58556 300
v -42.115 -3.29662 300
v -37.1437 -2.26239 300
v 2.97295 2.23538 300
v -27.7924 -15.8124 300
v -23.5035 -13.3097 300
v 0.6689 -14.9271 300
v 1.71625 -19.258 300
v -2.03847 -21.0716 300
v -2.86342 -16.5697 300
v -18.3939 -5.2758 300
v -19.6498 -0.31723 300
v 15.803 -10.4592 300
v 0.526523 15.3456 300
v 4.59843 14.978 300
v 0.94607 3.2281 300
v 120 0 255
v 119.896 -4.99182 255
v 119.585 -9.97499 255
v 119.066 -14.9409 255
v 118.342 -19.8809 255
v 117.412 -24.7865 255
v 116.28 -29.649 255
v 114.946 -34.4597 254.999
v 113.413 -39.2097 254.996
v 111.686 -43.8889 254.991
v 109.767 -48.4883 254.988
v 107.659 -53.0046 254.99
v 105.364 -57.4327 254.995
v 102.886 -61.7614 254.999
v 100.228 -65.9882 255.004
v 97.3908 -70.1073 255.009
v 94.3834 -74.1065 255.008
v 91.2138 -77.9747 255.006
v 87.888 -81.705 255.003
v 84.4115 -85.2919 255.002
v 80.7897 -88.7301 255.001
v 77.0284 -92.0143 255
v 73.1339 -95.139 255
v 69.113 -98.0989 255
v 64.9723 -100.889 255
v 60.7193 -103.504 255
v 56.3611 -105.941 255
v 51.9054 -108.193 255
v 47.3628 -110.258 254.998
v 42.7403 -112.131 254.994
v 38.0408 -113.811 254.994
v 33.2727 -115.295 255
v 28.445 -116.58 255.003
v 23.568 -117.663 255.003
v 18.651 -118.542 255.002
v 13.7025 -119.215 255.001
v 8.73092 -119.682 255.001
v 3.74451 -119.942 255
v -1.24816 -119.993 255
v -6.23541 -119.838 254.998
v -11.2098 -119.475 254.993
v -16.1643 -118.906 254.991
v -21.0871 -118.133 254.992
v -25.9733 -117.155 254.994
v -30.817 -115.976 254.995
v -35.6102 -114.595 254.997
v -40.3439 -113.015 254.997
v -45.009 -111.239 254.997
v -49.5969 -109.271 254.998
v -54.0992 -107.113 254.998
v -58.508 -104.77 254.998
v -62.8156 -102.246 254.998
v -67.0145 -99.5443 254.998
v -71.0974 -96.6704 254.998
v -75.0572 -93.6292 254.998
v -78.887 -90.4259 254.998
v -82.5803 -87.066 254.998
v -86.1307 -83.5554 254.998
v -89.5319 -79.9002 254.998
v -92.7781 -76.1067 254.998
v -95.8637 -72.1813 254.998
v -98.7834 -68.1311 254.998
v -101.532 -63.9629 254.998
v -104.105 -59.6839 254.998
v -106.497 -55.3017 254.998
v -108.706 -50.8237 254.998
v -110.726 -46.2576 254.998
v -112.554 -41.6116 254.998
v -114.188 -36.8935 254.998
v -115.624 -32.1115 254.998
v -116.859 -27.2739 254.998
v -117.893 -22.3891 254.998
v -118.722 -17.4656 254.998
v -119.346 -12.5118 254.998
v -119.763 -7.53576 254.999
v -119.973 -2.54243 255.003
v -119.975 2.46178 255.008
v -119.768 7.46308 255.008
v -119.353 12.4452 255.004
v -118.732 17.3999 254.997
v -117.905 22.3251 254.996
v -116.874 27.2129 255.001
v -115.64 32.0546 255.004
v -114.205 36.8403 255.003
v -112.573 41.5612 255.002
v -110.746 46.2092 255.001
v -108.728 50.7766 255.001
v -106.521 55.2558 255
v -104.131 59.6392 255
v -101.56 63.9193 255
v -98.8126 68.0887 255
v -95.8947 72.1402 255
v -92.8107 76.0669 255
v -89.5661 79.8618 255
v -86.1665 83.5185 255
v -82.6176 87.0306 255
v -78.9258 90.392 255
v -75.0973 93.597 255
v -71.1388 96.6399 255
v -67.0572 99.5155 255
v -62.8594 102.219 255
v -58.5528 104.745 255
v -54.1449 107.09 255
v -49.6433 109.25 255
v -45.0556 111.22 255
v -40.39 112.998 255
v -35.6545 114.581 255
v -30.8573 115.965 255
v -26.0066 117.148 255
v -21.1109 118.128 255
v -16.1787 118.904 255
v -11.2184 119.475 255
v -6.23876 119.838 255
v -1.24836 119.993 255
v 3.7419 119.942 254.998
v 8.72152 119.683 254.992
v 13.6847 119.217 254.985
v 18.6262 118.546 254.983
v 23.5338 117.67 254.986
v 28.4008 116.591 254.99
v 33.2207 115.31 254.993
v 37.9853 113.829 254.995
v 42.6857 112.151 254.997
v 47.3132 110.279 254.997
v 51.8592 108.216 254.997
v 56.3158 105.965 254.998
v 60.6749 103.53 254.998
v 64.9291 100.917 254.998
v 69.0709 98.1286 254.998
v 73.0931 95.1704 254.998
v 76.9888 92.0474 254.998
v 80.7512 88.7652 254.998
v 84.3737 85.3292 254.998
v 87.8503 81.7455 254.998
v 91.1747 78.0203 254.998
v 94.3413 74.16 254.998
v 97.3446 70.1714 254.998
v 100.179 66.0613 254.998
v 102.841 61.8368 254.998
v 105.324 57.5052 254.998
v 107.625 53.0741 254.998
v 109.74 48.5512 254.998
v 111.664 43.9441 254.998
v 113.396 39.261 254.998
v 114.931 34.5094 254.999
v 116.268 29.693 255.004
v 117.405 24.8186 255.008
v 118.338 19.9002 255.008
v 119.065 14.9507 255.005
v 119.584 9.97915 255.002
v 119.896 4.99313 255.001
v 119.896 -4.99182 295
v 119.896 -4.99182 300
v 120 0 295
v 119.585 -9.975 295
v 119.585 -9.975 300
v 119.066 -14.9409 295
v 119.066 -14.9409 300
v 118.342 -19.881 295
v 118.342 -19.881 300
v 117.412 -24.7866 295
v 117.412 -24.7866 300
v 116.28 -29.6493 295
v 116.28 -29.6493 300
v 114.945 -34.4632 294.996
v 114.946 -34.4607 300
v 113.407 -39.2282 294.982
v 113.412 -39.2124 300
v 111.664 -43.9448 294.963
v 111.683 -43.8963 300
v 109.719 -48.5984 294.962
v 109.76 -48.5041 300
v 107.583 -53.1593 294.97
v 107.648 -53.028 300
v 105.268 -57.6086 294.984
v 105.349 -57.4601 300
v 102.78 -61.9371 295.01
v 102.867 -61.7927 300
v 100.13 -66.1361 295.04
v 100.208 -66.0183 300
v 97.3196 -70.2061 295.043
v 97.3747 -70.1297 300
v 94.3401 -74.1617 295.032
v 94.3731 -74.1196 300
v 91.1905 -78.0019 295.019
v 91.2082 -77.9812 300
v 87.8765 -81.7173 295.01
v 87.8853 -81.7078 300
v 84.4062 -85.2971 295.004
v 80.7874 -88.7322 295.002
v 77.0274 -92.0151 295.001
v 73.1336 -95.1393 295
v 69.1128 -98.099 295
v 69.1129 -98.099 300
v 64.9723 -100.889 295
v 64.9723 -100.889 300
v 60.7192 -103.505 295
v 60.7193 -103.504 300
v 56.3615 -105.94 295
v 56.3611 -105.941 300
v 51.8974 -108.197 294.992
v 51.9053 -108.193 300
v 47.3272 -110.273 294.971
v 47.3597 -110.259 300
v 42.6797 -112.154 294.974
v 42.7321 -112.134 300
v 37.9775 -113.832 294.988
v 38.0305 -113.814 300
v 33.2236 -115.309 295.001
v 33.2631 -115.298 300
v 28.4136 -116.588 295.006
v 28.4381 -116.582 300
v 23.5503 -117.666 295.006
v 23.5639 -117.664 300
v 18.642 -118.543 295.004
v 18.6488 -118.542 300
v 13.6983 -119.216 295.002
v 13.7015 -119.215 300
v 8.72902 -119.682 295.001
v 8.73048 -119.682 300
v 3.74421 -119.942 295.001
v 3.74434 -119.942 300
v -1.25677 -119.993 294.992
v -1.24829 -119.993 300
v -6.27471 -119.836 294.966
v -6.23876 -119.838 300
v -11.3032 -119.466 294.933
v -11.2184 -119.475 300
v -16.3102 -118.886 294.932
v -16.1787 -118.904 300
v -21.2717 -118.1 294.948
v -21.1109 -118.128 300
v -26.1809 -117.109 294.965
v -26.0066 -117.148 300
v -31.0357 -115.917 294.977
v -30.8573 -115.965 300
v -35.8328 -114.525 294.983
v -35.6545 -114.581 300
v -40.5663 -112.935 294.987
v -40.39 -112.998 300
v -45.2292 -111.15 294.988
v -45.0556 -111.22 300
v -49.8137 -109.172 294.989
v -49.6433 -109.25 300
v -54.3119 -107.006 294.989
v -54.1449 -107.09 300
v -58.7162 -104.654 294.989
v -63.0188 -102.121 294.989
v -67.2123 -99.4108 294.989
v -67.0572 -99.5155 300
v -71.2895 -96.5288 294.989
v -71.1388 -96.6399 300
v -75.2432 -93.4797 294.989
v -75.0973 -93.597 300
v -79.0667 -90.2688 294.989
v -78.9258 -90.392 300
v -82.7533 -86.9016 294.989
v -82.6176 -87.0306 300
v -86.2966 -83.384 294.989
v -86.1665 -83.5185 300
v -89.6906 -79.722 294.989
v -89.5661 -79.8618 300
v -92.9293 -75.922 294.989
v -92.8107 -76.0669 300
v -96.0071 -71.9906 294.989
v -95.8947 -72.1402 300
v -98.9187 -67.9345 294.989
v -98.8126 -68.0887 300
v -101.659 -63.7608 294.989
v -101.559 -63.9193 300
v -104.223 -59.4768 294.989
v -104.131 -59.6393 300
v -106.607 -55.0898 294.989
v -106.521 -55.256 300
v -108.807 -50.6074 294.989
v -108.728 -50.777 300
v -110.818 -46.0374 294.989
v -110.746 -46.2102 300
v -112.637 -41.3877 294.989
v -112.572 -41.5633 300
v -114.261 -36.6663 294.989
v -114.204 -36.8445 300
v -115.687 -31.8815 294.989
v -115.637 -32.0619 300
v -116.913 -27.0415 294.989
v -117.937 -22.1547 294.989
v -118.757 -17.2285 294.988
v -119.37 -12.2755 294.994
v -119.777 -7.31165 295.014
v -119.766 -7.48503 300
v -119.977 -2.35609 295.042
v -119.974 -2.49645 300
v -119.972 2.5867 295.044
v -119.974 2.49645 300
v -119.763 7.54284 295.024
v -119.766 7.48503 300
v -119.345 12.5194 294.991
v -119.351 12.4607 300
v -118.72 17.4807 294.985
v -118.73 17.4147 300
v -117.891 22.398 294.993
v -117.902 22.3386 300
v -116.861 27.2656 295.004
v -116.871 27.2238 300
v -115.631 32.0869 295.007
v -115.637 32.0619 300
v -114.199 36.8579 295.006
v -114.204 36.8445 300
v -112.57 41.5699 295.004
v -112.572 41.5633 300
v -110.744 46.2132 295.002
v -110.746 46.2102 300
v -108.727 50.7784 295.001
v -108.728 50.777 300
v -106.521 55.2565 295
v -106.521 55.256 300
v -104.13 59.6395 295
v -104.131 59.6393 300
v -101.559 63.9194 295
v -101.559 63.9193 300
v -98.8126 68.0888 295
v -98.8126 68.0887 300
v -95.8947 72.1403 295
v -95.8947 72.1402 300
v -92.8107 76.0669 295
v -92.8107 76.0669 300
v -89.5661 79.8618 295
v -89.5661 79.8618 300
v -86.1665 83.5185 295
v -86.1665 83.5185 300
v -82.6176 87.0306 295
v -82.6176 87.0306 300
v -78.9258 90.392 295
v -78.9258 90.392 300
v -75.0973 93.597 295
v -75.0973 93.597 300
v -71.1388 96.6399 295
v -71.1388 96.6399 300
v -67.0572 99.5155 295
v -67.0572 99.5155 300
v -62.8594 102.219 295
v -62.8594 102.219 300
v -58.5528 104.745 295
v -54.1449 107.09 295
v -49.6433 109.25 295
v -49.6433 109.25 300
v -45.0556 111.22 295
v -45.0556 111.22 300
v -40.39 112.998 295
v -40.39 112.998 300
v -35.6545 114.581 295
v -35.6545 114.581 300
v -30.8573 115.965 295
v -30.8573 115.965 300
v -26.0066 117.148 295
v -26.0066 117.148 300
v -21.1109 118.128 295
v -21.1109 118.128 300
v -16.1787 118.904 295
v -16.1787 118.904 300
v -11.2184 119.475 295
v -11.2184 119.475 300
v -6.23879 119.838 295
v -6.23876 119.838 300
v -1.24628 119.993 294.998
v -1.24829 119.993 300
v 3.75679 119.941 294.987
v 3.74434 119.942 300
v 8.7701 119.679 294.959
v 8.73048 119.682 300
v 13.788 119.205 294.927
v 13.7015 119.215 300
v 18.7803 118.521 294.928
v 18.6488 118.542 300
v 23.7236 117.632 294.945
v 23.5639 117.664 300
v 28.611 116.539 294.964
v 28.4381 116.582 300
v 33.4401 115.246 294.976
v 33.2631 115.298 300
v 38.2074 113.755 294.983
v 42.9069 112.067 294.986
v 47.5317 110.185 294.988
v 52.0741 108.112 294.989
v 56.5263 105.853 294.989
v 56.3611 105.941 300
v 60.8807 103.41 294.989
v 60.7193 103.504 300
v 65.1296 100.787 294.989
v 64.9723 100.889 300
v 69.2659 97.991 294.989
v 69.1129 98.099 300
v 73.2822 95.0248 294.989
v 73.1339 95.139 300
v 77.1717 91.8942 294.989
v 77.0282 92.0144 300
v 80.9275 88.6044 294.989
v 80.7892 88.7305 300
v 84.5433 85.1612 294.989
v 84.4103 85.293 300
v 88.0127 81.5706 294.989
v 87.8853 81.7078 300
v 91.3297 77.8389 294.989
v 91.2082 77.9812 300
v 94.4886 73.9723 294.989
v 94.3731 74.1196 300
v 97.484 69.9777 294.989
v 97.3747 70.1297 300
v 100.311 65.8619 294.989
v 100.208 66.0183 300
v 102.964 61.6321 294.989
v 102.867 61.7927 300
v 105.438 57.2957 294.989
v 105.349 57.4601 300
v 107.73 52.86 294.989
v 107.648 53.028 300
v 109.836 48.3329 294.989
v 109.76 48.5041 300
v 111.752 43.721 294.988
v 111.683 43.8963 300
v 113.473 39.0366 294.994
v 113.412 39.2124 300
v 114.995 34.2943 295.014
v 114.946 34.4607 300
v 116.314 29.5123 295.042
v 116.28 29.6493 300
v 117.431 24.6962 295.043
v 117.412 24.7866 300
v 118.35 19.8313 295.029
v 118.342 19.881 300
v 119.069 14.918 295.014
v 119.066 14.9409 300
v 119.585 9.966 295.006
v 119.585 9.975 300
v 119.896 4.98917 295.002
v 119.896 -4.99182 260
v 120 0 260
v 119.896 -4.99182 265
v 120 0 265
v 119.896 -4.99182 270
v 120 0 270
v 119.896 -4.99182 275
v 120 0 275
v 119.896 -4.99182 280
v 120 0 280
v 119.896 -4.99182 285
v 120 0 285
v 119.896 -4.99182 290
v 120 0 290
v 119.896 4.99413 260.001
v 119.896 4.99557 265.003
v 119.896 4.99735 270.008
v 119.896 4.99551 275.009
v 119.896 4.99073 280.008
v 119.896 4.98762 285.006
v 119.896 4.98712 290.004
v 119.066 -14.9408 260
v 118.342 -19.8808 260
v 117.412 -24.786 259.999
v 116.28 -29.6469 259.996
v 114.948 -34.4538 259.989
v 113.418 -39.1952 259.975
v 111.7 -43.8525 259.952
v 109.798 -48.419 259.939
v 107.707 -52.9075 259.956
v 105.424 -57.3208 259.979
v 102.955 -61.646 260.003
v 100.293 -65.8888 260.029
v 97.4385 -70.041 260.046
v 94.4116 -74.0706 260.039
v 91.2282 -77.9578 260.025
v 87.8947 -81.6977 260.014
v 84.4144 -85.289 260.007
v 80.7908 -88.729 260.003
v 77.0288 -92.0139 260.001
v 73.1341 -95.1389 260.001
v 69.113 -98.0989 260
v 64.9724 -100.889 260
v 60.7193 -103.504 260
v 56.3611 -105.941 260
v 51.9107 -108.191 259.996
v 47.3817 -110.25 259.981
v 42.7646 -112.121 259.974
v 38.065 -113.803 259.992
v 33.2912 -115.29 260.008
v 28.457 -116.577 260.013
v 23.5748 -117.661 260.011
v 18.6545 -118.541 260.008
v 13.7042 -119.215 260.004
v 8.73164 -119.682 260.002
v 3.74486 -119.942 260.001
v -1.24217 -119.994 259.996
v -6.21524 -119.839 259.981
v -11.167 -119.479 259.96
v -16.0977 -118.915 259.953
v -20.9868 -118.151 259.961
v -25.8444 -117.184 259.973
v -30.6699 -116.015 259.981
v -35.4536 -114.643 259.986
v -40.1836 -113.072 259.989
v -44.8483 -111.304 259.99
v -49.4377 -109.343 259.991
v -53.9426 -107.192 259.991
v -58.3545 -104.856 259.991
v -62.6657 -102.338 259.991
v -66.8685 -99.6424 259.991
v -70.9556 -96.7745 259.991
v -74.9198 -93.7391 259.991
v -78.7544 -90.5414 259.991
v -82.4526 -87.187 259.991
v -86.0081 -83.6816 259.991
v -89.4146 -80.0314 259.991
v -92.6664 -76.2426 259.991
v -95.7578 -72.3218 259.991
v -98.6834 -68.2758 259.991
v -101.438 -64.1116 259.991
v -104.017 -59.8365 259.991
v -106.416 -55.4577 259.991
v -108.631 -50.9829 259.991
v -110.658 -46.4199 259.991
v -112.493 -41.7765 259.991
v -114.134 -37.0608 259.991
v -115.577 -32.281 259.991
v -116.819 -27.4452 259.991
v -117.86 -22.562 259.991
v -118.696 -17.6396 259.991
v -119.328 -12.6857 259.993
v -119.753 -7.70153 260.004
v -119.97 -2.6823 260.026
v -119.977 2.36509 260.045
v -119.772 7.4009 260.035
v -119.358 12.3956 260.006
v -118.738 17.3605 259.989
v -117.911 22.2941 259.999
v -116.879 27.1915 260.012
v -115.643 32.0416 260.015
v -114.207 36.8333 260.012
v -112.574 41.5577 260.008
v -110.747 46.2076 260.004
v -108.728 50.776 260.002
v -106.521 55.2556 260.001
v -104.131 59.6391 260
v -101.56 63.9193 260
v -98.8126 68.0887 260
v -95.8947 72.1402 260
v -92.8107 76.0669 260
v -89.5661 79.8618 260
v -86.1665 83.5185 260
v -82.6176 87.0306 260
v -78.9258 90.392 260
v -75.0973 93.597 260
v -71.1388 96.6399 260
v -67.0572 99.5155 260
v -62.8594 102.219 260
v -58.5528 104.745 260
v -54.1449 107.09 260
v -49.6433 109.25 260
v -45.0556 111.22 260
v -40.39 112.998 260
v -35.6545 114.581 260
v -30.8573 115.965 260
v -26.0066 117.148 260
v -21.1109 118.128 260
v -16.1787 118.904 260
v -11.2184 119.475 260
v -6.23882 119.838 260
v -1.25111 119.993 259.997
v 3.72984 119.942 259.986
v 8.69156 119.685 259.962
v 13.6306 119.223 259.938
v 18.5496 118.558 259.932
v 23.4264 117.691 259.947
v 28.2677 116.623 259.964
v 33.0715 115.353 259.976
v 37.8281 113.882 259.984
v 42.5258 112.212 259.988
v 47.1535 110.347 259.99
v 51.7014 108.291 259.99
v 56.1607 106.047 259.991
v 60.5232 103.619 259.991
v 64.7811 101.012 259.991
v 68.927 98.2297 259.991
v 72.9535 95.2774 259.991
v 76.8537 92.1602 259.991
v 80.6209 88.8834 259.991
v 84.2486 85.4528 259.991
v 87.7303 81.8742 259.991
v 91.0602 78.1539 259.991
v 94.2325 74.2983 259.991
v 97.2416 70.314 259.991
v 100.082 66.2081 259.991
v 102.75 61.9875 259.991
v 105.24 57.6596 259.991
v 107.547 53.2319 259.991
v 109.668 48.712 259.991
v 111.6 44.1077 259.991
v 113.338 39.4263 259.995
v 114.883 34.6674 260.008
v 116.234 29.8254 260.03
v 117.386 24.908 260.046
v 118.33 19.9498 260.037
v 119.062 14.9738 260.021
v 119.584 9.98735 260.008
v 119.583 9.99473 265.019
v 119.585 -9.975 290
v 119.066 -14.9409 290
v 118.342 -19.881 290
v 117.412 -24.7865 290
v 116.279 -29.6519 289.996
v 114.94 -34.4801 289.974
v 113.387 -39.287 289.921
v 111.607 -44.0887 289.854
v 109.607 -48.8506 289.869
v 107.428 -53.4725 289.914
v 105.089 -57.9332 289.978
v 102.604 -62.229 290.073
v 99.9876 -66.3512 290.173
v 97.2346 -70.3238 290.156
v 94.2969 -74.2166 290.103
v 91.1699 -78.026 290.058
v 87.867 -81.7275 290.029
v 84.4018 -85.3014 290.014
v 80.7854 -88.734 290.006
v 77.0265 -92.0158 290.003
v 73.1331 -95.1396 290.001
v 69.1126 -98.0992 290
v 64.9722 -100.889 290
v 60.7195 -103.504 290
v 56.3532 -105.945 289.992
v 51.863 -108.214 289.955
v 47.2817 -110.293 289.936
v 42.6385 -112.169 289.951
v 37.9496 -113.841 289.989
v 33.2059 -115.314 290.013
v 28.4027 -116.59 290.02
v 23.5439 -117.668 290.016
v 18.6383 -118.544 290.01
v 13.6963 -119.216 290.006
v 8.72836 -119.682 290.003
v 3.73478 -119.942 289.994
v -1.29515 -119.993 289.954
v -6.37956 -119.83 289.865
v -11.5266 -119.445 289.753
v -16.6338 -118.842 289.782
v -21.6442 -118.032 289.851
v -26.5689 -117.022 289.907
v -31.4245 -115.812 289.941
v -36.2171 -114.404 289.959
v -40.9446 -112.799 289.967
v -45.6009 -110.998 289.971
v -50.1783 -109.005 289.973
v -54.6691 -106.824 289.974
v -59.0654 -104.457 289.974
v -63.3595 -101.91 289.974
v -67.5439 -99.1858 289.974
v -71.6114 -96.2902 289.974
v -75.5549 -93.2279 289.974
v -79.3677 -90.0043 289.974
v -83.043 -86.6248 289.974
v -86.5746 -83.0953 289.974
v -89.9563 -79.422 289.974
v -93.1823 -75.6113 289.974
v -96.2469 -71.6696 289.974
v -99.145 -67.6038 289.974
v -101.871 -63.421 289.974
v -104.421 -59.1284 289.974
v -106.791 -54.7335 289.974
v -108.975 -50.2437 289.974
v -110.971 -45.667 289.974
v -112.774 -41.0113 289.974
v -114.383 -36.2846 289.974
v -115.793 -31.495 289.974
v -117.003 -26.651 289.974
v -118.011 -21.7596 289.973
v -118.813 -16.8337 289.977
v -119.409 -11.8938 290.008
v -119.797 -6.97326 290.084
v -119.981 -2.10687 290.176
v -119.969 2.73056 290.15
v -119.757 7.64111 290.061
v -119.337 12.5934 289.997
v -118.712 17.5342 289.982
v -117.885 22.4308 290.004
v -116.857 27.2851 290.02
v -115.627 32.0983 290.022
v -114.197 36.8644 290.017
v -112.568 41.5735 290.011
v -110.744 46.2151 290.006
v -108.727 50.7793 290.003
v -106.521 55.257 290.001
v -104.13 59.6397 290.001
v -101.559 63.9195 290
v -98.8125 68.0888 290
v -95.8946 72.1403 290
v -92.8107 76.0669 290
v -89.5661 79.8618 290
v -86.1665 83.5185 290
v -82.6176 87.0306 290
v -78.9258 90.392 290
v -75.0973 93.597 290
v -71.1388 96.6399 290
v -67.0572 99.5155 290
v -62.8594 102.219 290
v -58.5528 104.745 290
v -54.1449 107.09 290
v -49.6433 109.25 290
v -45.0556 111.22 290
v -40.39 112.998 290
v -35.6545 114.581 290
v -30.8573 115.965 290
v -26.0066 117.148 290
v -21.1109 118.128 290
v -16.1787 118.904 290
v -11.2184 119.475 290
v -6.23657 119.838 289.998
v -1.23408 119.994 289.984
v 3.79713 119.94 289.937
v 8.8747 119.671 289.845
v 14.0092 119.179 289.739
v 19.1004 118.47 289.773
v 24.0924 117.557 289.845
v 28.9955 116.444 289.903
v 33.8256 115.134 289.939
v 38.5885 113.626 289.958
v 43.282 111.923 289.967
v 47.9 110.025 289.971
v 52.4351 107.938 289.973
v 56.8796 105.663 289.974
v 61.2257 103.206 289.974
v 65.4659 100.57 289.974
v 69.5927 97.7591 289.974
v 73.5991 94.7796 289.974
v 77.4781 91.6359 289.974
v 81.2229 88.3336 289.974
v 84.8272 84.8784 289.974
v 88.2846 81.2763 289.974
v 91.5891 77.5334 289.974
v 94.7351 73.6563 289.974
v 97.7171 69.6517 289.974
v 100.53 65.5266 289.974
v 103.169 61.288 289.974
v 105.629 56.9432 289.974
v 107.906 52.5 289.974
v 109.997 47.9646 289.973
v 111.896 43.3497 289.978
v 113.597 38.6738 290.009
v 115.092 33.967 290.085
v 116.377 29.2653 290.177
v 117.46 24.5578 290.155
v 118.361 19.7653 290.096
v 119.073 14.8895 290.043
v 119.586 9.9551 290.017
v 119.585 -9.97498 260
v 119.585 -9.97496 265
v 119.585 -9.97495 270
v 119.585 -9.97496 275
v 119.585 -9.97498 280
v 119.585 -9.97499 285
v 119.582 10.0031 270.041
v 119.583 9.99138 275.047
v 119.585 9.96843 280.042
v 119.587 9.95389 285.03
v 118.342 -19.8801 264.998
v 117.413 -24.7843 264.995
v 114.952 -34.4377 264.953
v 113.431 -39.1594 264.911
v 111.736 -43.7604 264.837
v 109.878 -48.2363 264.794
v 107.832 -52.6519 264.863
v 105.576 -57.0415 264.949
v 103.119 -61.371 265.025
v 100.441 -65.6626 265.107
v 97.5365 -69.9044 265.16
v 94.463 -74.0051 265.118
v 91.2523 -77.9296 265.07
v 87.9051 -81.6866 265.037
v 84.4186 -85.2848 265.018
v 80.7924 -88.7276 265.008
v 77.0294 -92.0134 265.004
v 73.1343 -95.1387 265.001
v 69.1131 -98.0989 265.001
v 64.9724 -100.889 265
v 60.7192 -103.505 265
v 56.3651 -105.939 264.995
v 51.93 -108.182 264.97
v 47.4056 -110.239 264.946
v 42.7882 -112.112 264.963
v 38.0832 -113.797 264.999
v 33.3036 -115.286 265.022
v 28.4645 -116.575 265.027
v 23.5791 -117.661 265.022
v 18.6567 -118.541 265.014
v 13.7053 -119.215 265.008
v 8.73211 -119.682 265.005
v 3.7495 -119.941 264.998
v -1.22168 -119.994 264.973
v -6.15542 -119.842 264.918
v -11.0426 -119.491 264.854
v -15.9252 -118.939 264.843
v -20.7326 -118.195 264.884
v -25.5311 -117.253 264.923
v -30.3241 -116.105 264.95
v -35.093 -114.754 264.965
v -39.8184 -113.201 264.973
v -44.4843 -111.45 264.977
v -49.0779 -109.505 264.978
v -53.5888 -107.37 264.979
v -58.0081 -105.048 264.98
v -62.3274 -102.544 264.98
v -66.539 -99.8627 264.98
v -70.6355 -97.0084 264.98
v -74.6097 -93.9861 264.98
v -78.4548 -90.8011 264.98
v -82.1641 -87.4589 264.98
v -85.7311 -83.9653 264.98
v -89.1497 -80.3264 264.98
v -92.414 -76.5484 264.98
v -95.5183 -72.6378 264.98
v -98.4573 -68.6015 264.98
v -101.226 -64.4465 264.98
v -103.819 -60.1799 264.98
v -106.232 -55.809 264.98
v -108.462 -51.3416 264.98
v -110.504 -46.7853 264.98
v -112.354 -42.148 264.98
v -114.011 -37.4378 264.98
v -115.469 -32.6627 264.98
v -116.728 -27.8311 264.98
v -117.785 -22.9513 264.98
v -118.638 -18.0313 264.982
v -119.286 -13.0734 264.996
v -119.729 -8.06432 265.038
v -119.963 -2.98027 265.107
v -119.98 2.17342 265.155
v -119.779 7.28354 265.089
v -119.365 12.3254 265.019
v -118.744 17.3161 265.003
v -117.916 22.2669 265.019
v -116.882 27.1756 265.031
v -115.646 32.0328 265.031
v -114.209 36.8286 265.024
v -112.575 41.5554 265.015
v -110.747 46.2065 265.009
v -108.728 50.7755 265.005
v -106.522 55.2554 265.002
v -104.131 59.639 265.001
v -101.56 63.9193 265
v -98.8126 68.0887 265
v -95.8947 72.1402 265
v -92.8107 76.0669 265
v -89.5661 79.8618 265
v -86.1665 83.5185 265
v -82.6176 87.0306 265
v -78.9258 90.392 265
v -75.0973 93.597 265
v -71.1388 96.6399 265
v -67.0572 99.5155 265
v -62.8594 102.219 265
v -58.5528 104.745 265
v -54.1449 107.09 265
v -49.6433 109.25 265
v -45.0556 111.22 265
v -40.39 112.998 265
v -35.6545 114.581 265
v -30.8573 115.965 265
v -26.0066 117.148 265
v -21.1109 118.128 265
v -16.1787 118.904 265
v -11.2184 119.475 265
v -6.24026 119.838 264.998
v -1.2594 119.993 264.984
v 3.70244 119.943 264.947
v 8.62222 119.69 264.883
v 13.4963 119.239 264.815
v 18.3692 118.586 264.81
v 23.1679 117.742 264.862
v 27.9523 116.699 264.91
v 32.7252 115.451 264.943
v 37.4684 114.001 264.961
v 42.1625 112.349 264.971
v 46.7921 110.501 264.976
v 51.3448 108.461 264.978
v 55.8107 106.232 264.979
v 60.1808 103.818 264.979
v 64.4471 101.225 264.98
v 68.6021 98.4569 264.98
v 72.6383 95.518 264.98
v 76.5488 92.4136 264.98
v 80.3268 89.1493 264.98
v 83.9658 85.7307 264.98
v 87.4593 82.1637 264.98
v 90.8015 78.4544 264.98
v 93.9865 74.6092 264.98
v 97.0088 70.635 264.98
v 99.8631 66.5384 264.98
v 102.545 62.3266 264.98
v 105.049 58.007 264.98
v 107.371 53.5869 264.98
v 109.507 49.0741 264.98
v 111.453 44.4761 264.984
v 113.21 39.7941 265.001
v 114.778 35.0133 265.046
v 116.161 30.1094 265.114
v 117.349 25.084 265.161
v 118.315 20.0373 265.115
v 119.058 15.0107 265.061
v 119.069 14.9213 280.138
v 119.074 14.88 285.086
v 119.066 -14.9406 264.999
v 119.066 -14.9409 285
v 118.342 -19.8809 285
v 117.412 -24.7879 284.997
v 116.276 -29.6612 284.979
v 114.929 -34.5169 284.919
v 113.349 -39.3969 284.781
v 111.497 -44.3665 284.569
v 109.381 -49.3532 284.686
v 107.142 -54.0432 284.842
v 104.783 -58.4854 285.011
v 102.315 -62.7021 285.246
v 99.7782 -66.6657 285.531
v 97.1549 -70.4339 285.39
v 94.2742 -74.2454 285.229
v 91.1641 -78.0327 285.121
v 87.8653 -81.7293 285.059
v 84.4011 -85.3021 285.028
v 80.7849 -88.7344 285.012
v 77.0262 -92.0161 285.005
v 73.133 -95.1397 285.002
v 69.1125 -98.0992 285.001
v 64.9722 -100.889 285
v 60.7151 -103.507 284.996
v 56.3347 -105.955 284.968
v 51.8508 -108.22 284.924
v 47.2838 -110.292 284.91
v 42.6548 -112.163 284.949
v 37.9678 -113.835 285
v 33.2195 -115.31 285.029
v 28.4107 -116.588 285.034
v 23.5478 -117.667 285.027
v 18.64 -118.544 285.017
v 13.6969 -119.216 285.01
v 8.72358 -119.683 285.001
v 3.71319 -119.942 284.97
v -1.35938 -119.992 284.871
v -6.55146 -119.821 284.655
v -11.9744 -119.401 284.299
v -17.2665 -118.751 284.515
v -22.3216 -117.906 284.719
v -27.2417 -116.867 284.841
v -32.0827 -115.632 284.905
v -36.8611 -114.198 284.936
v -41.5759 -112.567 284.95
v -46.2201 -110.742 284.957
v -50.7854 -108.724 284.959
v -55.2635 -106.517 284.96
v -59.6464 -104.126 284.961
v -63.9261 -101.555 284.961
v -68.0953 -98.8081 284.961
v -72.1466 -95.8899 284.961
v -76.073 -92.8057 284.961
v -79.8677 -89.5609 284.961
v -83.5242 -86.161 284.961
v -87.036 -82.6119 284.961
v -90.3972 -78.9198 284.961
v -93.6019 -75.0911 284.961
v -96.6446 -71.1324 284.961
v -99.5199 -67.0506 284.961
v -102.223 -62.8527 284.961
v -104.749 -58.5459 284.961
v -107.094 -54.1379 284.961
v -109.253 -49.6361 284.961
v -111.223 -45.0483 284.961
v -113.001 -40.3826 284.961
v -114.583 -35.647 284.961
v -115.967 -30.8496 284.961
v -117.15 -25.9983 284.961
v -118.13 -21.1043 284.962
v -118.903 -16.1865 284.986
v -119.469 -11.2776 285.073
v -119.827 -6.43707 285.267
v -119.987 -1.7405 285.533
v -119.966 2.87096 285.362
v -119.754 7.67873 285.16
v -119.338 12.5925 285.037
v -118.715 17.5152 285.012
v -117.889 22.4106 285.03
v -116.86 27.2707 285.042
v -115.63 32.0901 285.04
v -114.199 36.8604 285.029
v -112.569 41.5719 285.018
v -110.744 46.2146 285.01
v -108.727 50.7792 285.005
v -106.521 55.257 285.003
v -104.13 59.6397 285.001
v -101.559 63.9195 285
v -98.8125 68.0888 285
v -95.8946 72.1403 285
v -92.8107 76.0669 285
v -89.5661 79.8618 285
v -86.1665 83.5185 285
v -82.6176 87.0306 285
v -78.9258 90.392 285
v -75.0973 93.597 285
v -71.1388 96.6399 285
v -67.0572 99.5155 285
v -62.8594 102.219 285
v -58.5528 104.745 285
v -54.1449 107.09 285
v -49.6433 109.25 285
v -45.0556 111.22 285
v -40.39 112.998 285
v -35.6545 114.581 285
v -30.8573 115.965 285
v -26.0066 117.148 285
v -21.1109 118.128 285
v -16.1787 118.904 285
v -11.2172 119.475 284.999
v -6.23028 119.838 284.989
v -1.21305 119.994 284.949
v 3.85758 119.938 284.84
v 9.04 119.659 284.619
v 14.45 119.127 284.28
v 19.7259 118.368 284.503
v 24.7633 117.417 284.711
v 29.6625 116.276 284.836
v 34.4785 114.94 284.901
v 39.2273 113.407 284.934
v 43.9078 111.679 284.949
v 48.5135 109.756 284.956
v 53.0361 107.644 284.959
v 57.4674 105.345 284.96
v 61.7996 102.863 284.961
v 66.025 100.203 284.961
v 70.1361 97.37 284.961
v 74.1258 94.3682 284.961
v 77.9872 91.203 284.961
v 81.7136 87.8799 284.961
v 85.2986 84.4047 284.961
v 88.7358 80.7833 284.961
v 92.0195 77.0221 284.961
v 95.1439 73.1276 284.961
v 98.1035 69.1065 284.961
v 100.893 64.9657 284.961
v 103.508 60.7124 284.961
v 105.944 56.3541 284.961
v 108.197 51.8976 284.96
v 110.262 47.3536 284.962
v 112.131 42.74 284.987
v 113.796 38.0851 285.077
v 115.245 33.4463 285.272
v 116.466 28.9071 285.539
v 117.487 24.4302 285.389
v 118.367 19.7298 285.218
v 15.2107 119.032 277.967
v 12.8486 119.31 274.1
v 17.9277 118.653 274.087
v 119.066 -14.9407 274.999
v 119.066 -14.9406 269.999
v 119.066 -14.9408 280
v 119.054 15.0374 270.124
v 119.057 15.0132 275.172
v 116.282 -29.6405 264.98
v 111.782 -43.6429 269.59
v 110.018 -47.9161 269.435
v 113.442 -39.1269 269.774
v 108.062 -52.1788 269.672
v 105.84 -56.5491 269.901
v 103.409 -60.8815 270.076
v 100.708 -65.2528 270.281
v 97.6831 -69.6994 270.451
v 94.5202 -73.9319 270.272
v 91.2735 -77.9048 270.145
v 87.9128 -81.6783 270.072
v 84.4212 -85.2822 270.034
v 80.7933 -88.7268 270.016
v 77.0296 -92.0132 270.007
v 73.1343 -95.1387 270.003
v 69.1131 -98.0989 270.001
v 64.9723 -100.889 270.001
v 60.7199 -103.504 269.997
v 56.3713 -105.935 269.974
v 51.9335 -108.18 269.936
v 47.4026 -110.241 269.929
v 42.7804 -112.115 269.964
v 38.0742 -113.8 270.006
v 33.2963 -115.288 270.031
v 28.4598 -116.576 270.036
v 23.5765 -117.661 270.029
v 18.6554 -118.541 270.02
v 13.7046 -119.215 270.012
v 8.73262 -119.682 270.004
v 3.75508 -119.941 269.979
v -1.19605 -119.994 269.912
v -6.06128 -119.847 269.781
v -10.7984 -119.513 269.605
v -15.6561 -118.974 269.596
v -20.2873 -118.273 269.737
v -24.993 -117.368 269.838
v -29.7468 -116.255 269.9
v -34.5019 -114.933 269.935
v -39.2255 -113.408 269.952
v -43.8957 -111.683 269.961
v -48.4973 -109.763 269.965
v -53.0184 -107.652 269.967
v -57.4494 -105.354 269.967
v -61.7817 -102.874 269.968
v -66.0074 -100.215 269.968
v -70.119 -97.3824 269.968
v -74.1092 -94.3813 269.968
v -77.9712 -91.2168 269.968
v -81.6982 -87.8943 269.968
v -85.2837 -84.4197 269.968
v -88.7216 -80.799 269.968
v -92.0059 -77.0384 269.968
v -95.131 -73.1444 269.968
v -98.0913 -69.1237 269.968
v -100.882 -64.9835 269.968
v -103.498 -60.7307 269.968
v -105.935 -56.3728 269.968
v -108.188 -51.9173 269.968
v -110.254 -47.3719 269.968
v -112.129 -42.7445 269.968
v -113.81 -38.0431 269.968
v -115.294 -33.2758 269.968
v -116.578 -28.451 269.968
v -117.661 -23.577 269.969
v -118.54 -18.6614 269.978
v -119.215 -13.7007 270.018
v -119.687 -8.66563 270.118
v -119.949 -3.48914 270.286
v -119.985 1.90147 270.429
v -119.785 7.1777 270.218
v -119.369 12.2905 270.082
v -118.745 17.3099 270.041
v -117.915 22.2706 270.044
v -116.881 27.1808 270.049
v -115.645 32.0365 270.044
v -114.208 36.8308 270.033
v -112.575 41.5565 270.021
v -110.747 46.2071 270.012
v -108.728 50.7757 270.007
v -106.521 55.2555 270.003
v -104.131 59.6391 270.002
v -101.56 63.9193 270.001
v -98.8126 68.0887 270
v -95.8947 72.1402 270
v -92.8107 76.0669 270
v -89.5661 79.8618 270
v -86.1665 83.5185 270
v -82.6176 87.0306 270
v -78.9258 90.392 270
v -75.0973 93.597 270
v -71.1388 96.6399 270
v -67.0572 99.5155 270
v -62.8594 102.219 270
v -58.5528 104.745 270
v -54.1449 107.09 270
v -49.6433 109.25 270
v -45.0556 111.22 270
v -40.39 112.998 270
v -35.6545 114.581 270
v -30.8573 115.965 270
v -26.0066 117.148 270
v -21.1109 118.128 270
v -16.1787 118.904 270
v -11.2185 119.475 269.999
v -6.24172 119.838 269.989
v -1.26667 119.993 269.955
v 3.67397 119.944 269.873
v 8.52448 119.697 269.731
v 13.2491 119.266 269.553
v 18.0979 118.627 269.55
v 22.7249 117.829 269.712
v 27.4163 116.826 269.823
v 32.1504 115.613 269.892
v 36.8804 114.192 269.93
v 41.5735 112.568 269.95
v 46.2082 110.747 269.96
v 50.7696 108.731 269.964
v 55.2462 106.526 269.966
v 59.6286 104.137 269.967
v 63.9085 101.566 269.968
v 68.0779 98.82 269.968
v 72.1297 95.9026 269.968
v 76.0566 92.8191 269.968
v 79.8519 89.5749 269.968
v 83.509 86.1757 269.968
v 87.0215 82.6272 269.968
v 90.3833 78.9358 269.968
v 93.5887 75.1076 269.968
v 96.6321 71.1495 269.968
v 99.5081 67.0681 269.968
v 102.212 62.8707 269.968
v 104.739 58.5644 269.968
v 107.084 54.1567 269.968
v 109.244 49.6556 269.97
v 111.215 45.0679 269.982
v 112.999 40.3889 270.026
v 114.601 35.5882 270.13
v 116.033 30.5985 270.302
v 117.294 25.3382 270.457
v 118.299 20.1356 270.271
v 117.413 -24.7836 269.985
v 116.282 -29.6406 269.963
v 118.342 -19.8798 269.995
v 118.351 19.8264 280.352
v 118.342 -19.8811 279.998
v 117.412 -24.7896 279.988
v 116.275 -29.6676 279.953
v 114.923 -34.5346 279.846
v 113.328 -39.4557 279.565
v 111.374 -44.6739 278.808
v 109 -50.1899 279.43
v 106.726 -54.8601 279.79
v 104.36 -59.2371 280.093
v 101.908 -63.3615 280.534
v 99.5292 -67.0368 281.392
v 97.2044 -70.3656 280.72
v 94.3326 -74.1712 280.379
v 91.1963 -77.9951 280.19
v 87.8801 -81.7134 280.091
v 84.4073 -85.296 280.042
v 80.7874 -88.7322 280.019
v 77.0271 -92.0153 280.008
v 73.1333 -95.1395 280.003
v 69.1126 -98.0992 280.001
v 64.9713 -100.89 280
v 60.7119 -103.509 279.99
v 56.3434 -105.95 279.954
v 51.879 -108.206 279.913
v 47.3291 -110.272 279.913
v 42.7043 -112.144 279.958
v 38.0094 -113.821 280.008
v 33.2487 -115.302 280.035
v 28.4288 -116.584 280.04
v 23.558 -117.665 280.032
v 18.6452 -118.543 280.022
v 13.6983 -119.216 280.012
v 8.72058 -119.683 279.996
v 3.70672 -119.943 279.942
v -1.36905 -119.992 279.78
v -6.61466 -119.818 279.356
v -12.7437 -119.321 277.969
v -18.2865 -118.599 279.228
v -23.2617 -117.724 279.636
v -28.1161 -116.66 279.81
v -32.9185 -115.397 279.89
v -37.6727 -113.933 279.927
v -42.3695 -112.271 279.944
v -46.9979 -110.414 279.951
v -51.5477 -108.364 279.954
v -56.0097 -106.127 279.956
v -60.3754 -103.705 279.956
v -64.6369 -101.104 279.957
v -68.7866 -98.328 279.957
v -72.8173 -95.3815 279.957
v -76.722 -92.2699 279.957
v -80.4939 -88.9985 279.957
v -84.1264 -85.5731 279.957
v -87.6133 -81.9994 279.957
v -90.9485 -78.2839 279.957
v -94.1263 -74.4328 279.957
v -97.1411 -70.4529 279.957
v -99.9877 -66.351 279.957
v -102.661 -62.1342 279.957
v -105.157 -57.8098 279.957
v -107.471 -53.3854 279.957
v -109.599 -48.8686 279.957
v -111.537 -44.2672 279.957
v -113.282 -39.5891 279.957
v -114.83 -34.8425 279.957
v -116.18 -30.0355 279.957
v -117.329 -25.1773 279.957
v -118.274 -20.2818 279.968
v -119.012 -15.3683 280.021
v -119.542 -10.4727 280.182
v -119.865 -5.69203 280.559
v -119.993 -1.3072 281.387
v -119.968 2.76176 280.682
v -119.763 7.54345 280.304
v -119.348 12.489 280.111
v -118.726 17.4384 280.054
v -117.899 22.3572 280.053
v -116.868 27.2368 280.056
v -115.635 32.0704 280.049
v -114.202 36.8499 280.036
v -112.571 41.5666 280.023
v -110.745 46.2121 280.013
v -108.727 50.7781 280.007
v -106.521 55.2566 280.004
v -104.13 59.6396 280.002
v -101.559 63.9195 280.001
v -98.8125 68.0888 280
v -95.8946 72.1403 280
v -92.8107 76.0669 280
v -89.5661 79.8618 280
v -86.1665 83.5185 280
v -82.6176 87.0306 280
v -78.9258 90.392 280
v -75.0973 93.597 280
v -71.1388 96.6399 280
v -67.0572 99.5155 280
v -62.8594 102.219 280
v -58.5528 104.745 280
v -54.1449 107.09 280
v -49.6433 109.25 280
v -45.0556 111.22 280
v -40.39 112.998 280
v -35.6545 114.581 280
v -30.8573 115.965 280
v -26.0066 117.148 280
v -21.1109 118.128 280
v -16.1784 118.904 280
v -11.216 119.475 279.997
v -6.22791 119.838 279.978
v -1.21132 119.994 279.913
v 3.85851 119.938 279.736
v 9.09187 119.655 279.301
v 20.7376 118.195 279.216
v 25.6965 117.216 279.626
v 30.5304 116.051 279.803
v 35.3079 114.688 279.885
v 40.0324 113.126 279.924
v 44.6947 111.366 279.942
v 49.2841 109.412 279.95
v 53.7906 107.269 279.954
v 58.2052 104.939 279.956
v 62.5197 102.427 279.956
v 66.7262 99.7377 279.957
v 70.8173 96.8757 279.957
v 74.7859 93.846 279.957
v 78.625 90.6538 279.957
v 82.328 87.3047 279.957
v 85.8885 83.8044 279.957
v 89.3002 80.159 279.957
v 92.5574 76.3749 279.957
v 95.6544 72.4585 279.957
v 98.5858 68.4167 279.957
v 101.346 64.2565 279.957
v 103.932 59.985 279.957
v 106.337 55.6096 279.957
v 108.558 51.1388 279.957
v 110.588 46.5857 279.969
v 112.422 41.9672 280.026
v 114.051 37.3155 280.191
v 115.451 32.7273 280.572
v 116.57 28.4854 281.406
v 117.468 24.5224 280.728
v 118.342 -19.8806 274.994
v 118.3 20.1287 275.473
v 114.954 -34.4324 269.892
v 117.245 25.5644 276.233
v 108.387 -51.5 274.397
v 106.23 -55.8136 274.818
v 103.836 -60.1498 275.129
v 97.8191 -69.5085 276.228
v 94.5186 -73.934 275.486
v 91.2632 -77.9168 275.225
v 87.9064 -81.6851 275.106
v 84.4181 -85.2853 275.049
v 80.7918 -88.7281 275.022
v 77.029 -92.0138 275.01
v 73.134 -95.1389 275.004
v 69.1129 -98.099 275.002
v 64.9717 -100.889 275
v 60.7175 -103.506 274.987
v 56.3617 -105.94 274.955
v 51.9112 -108.191 274.925
v 47.3707 -110.254 274.929
v 42.7461 -112.128 274.967
v 38.0443 -113.81 275.007
v 33.2741 -115.295 275.031
v 28.4454 -116.58 275.036
v 23.568 -117.663 275.03
v 18.6508 -118.542 275.021
v 13.7016 -119.215 275.012
v 8.72802 -119.682 274.996
v 3.7422 -119.942 274.946
v -1.22194 -119.994 274.823
v -6.0468 -119.848 274.589
v -10.3728 -119.551 274.104
v -15.46 -119 274.092
v -19.6367 -118.382 274.529
v -24.2492 -117.524 274.725
v -28.9895 -116.446 274.84
v -33.7474 -115.157 274.901
v -38.4782 -113.664 274.933
v -43.158 -111.97 274.948
v -47.7711 -110.081 274.955
v -52.3054 -108.001 274.958
v -56.7512 -105.732 274.96
v -61.0997 -103.28 274.96
v -65.3428 -100.649 274.96
v -69.4729 -97.8443 274.961
v -73.4829 -94.8697 274.961
v -77.3657 -91.7308 274.961
v -81.1146 -88.4331 274.961
v -84.7231 -84.9823 274.961
v -88.1849 -81.3844 274.961
v -91.494 -77.6456 274.961
v -94.6448 -73.7724 274.961
v -97.6317 -69.7715 274.961
v -100.45 -65.6497 274.961
v -103.093 -61.4144 274.961
v -105.559 -57.0727 274.961
v -107.842 -52.6322 274.961
v -109.938 -48.1006 274.961
v -111.844 -43.4857 274.961
v -113.556 -38.7955 274.961
v -115.071 -34.0382 274.961
v -116.388 -29.222 274.961
v -117.502 -24.3563 274.963
v -118.413 -19.4502 274.981
v -119.12 -14.5052 275.047
v -119.624 -9.49742 275.216
v -119.923 -4.31277 275.558
v -119.988 1.6774 276.193
v -119.784 7.20071 275.434
v -119.364 12.3392 275.166
v -118.739 17.3544 275.079
v -117.909 22.3052 275.061
v -116.876 27.2046 275.056
v -115.641 32.0513 275.047
v -114.205 36.8391 275.035
v -112.573 41.5609 275.023
v -110.746 46.2092 275.014
v -108.728 50.7767 275.008
v -106.521 55.256 275.004
v -104.131 59.6393 275.002
v -101.559 63.9194 275.001
v -98.8126 68.0888 275
v -95.8947 72.1403 275
v -92.8107 76.0669 275
v -89.5661 79.8618 275
v -86.1665 83.5185 275
v -82.6176 87.0306 275
v -78.9258 90.392 275
v -75.0973 93.597 275
v -71.1388 96.6399 275
v -67.0572 99.5155 275
v -62.8594 102.219 275
v -58.5528 104.745 275
v -54.1449 107.09 275
v -49.6433 109.25 275
v -45.0556 111.22 275
v -40.39 112.998 275
v -35.6545 114.581 275
v -30.8573 115.965 275
v -26.0066 117.148 275
v -21.1109 118.128 275
v -16.1785 118.904 275
v -11.2174 119.475 274.996
v -6.23713 119.838 274.976
v -1.25229 119.993 274.916
v 3.70271 119.943 274.779
v 8.513 119.698 274.533
v 22.0854 117.95 274.516
v 26.6789 116.997 274.714
v 31.3982 115.82 274.832
v 36.1309 114.432 274.897
v 40.8316 112.84 274.93
v 45.4765 111.049 274.946
v 50.05 109.064 274.954
v 54.5405 106.889 274.958
v 58.9384 104.529 274.959
v 63.235 101.987 274.96
v 67.4225 99.2684 274.96
v 71.4934 96.3779 274.961
v 75.4407 93.3204 274.961
v 79.2573 90.1015 274.961
v 82.9368 86.7265 274.961
v 86.4727 83.2014 274.961
v 89.8589 79.5322 274.961
v 93.0895 75.7254 274.961
v 96.159 71.7875 274.961
v 99.062 67.7253 274.961
v 101.794 63.5458 274.961
v 104.349 59.2563 274.961
v 106.724 54.8644 274.961
v 108.913 50.3786 274.964
v 110.913 45.8075 274.984
v 112.724 41.1507 275.055
v 114.351 36.3843 275.231
v 115.819 31.3987 275.591
v 116.278 -29.6547 274.936
v 114.942 -34.4719 274.844
v 117.412 -24.7879 274.976
v 110.2 -47.497 273.566
v 101.158 -64.5533 275.55
v 113.412 -39.2126 274.628
v 111.752 -43.7209 274.242
v 16.3806 37.1752 300
v 19.8781 37.8614 300
v 16.6338 33.6275 300
v -3.38772 -12.5821 300
v 13.3363 32.8903 300
v 19.6759 31.579 300
v -18.1526 3.23681 300
v -10.3609 -5.39873 300
v 114.255 -4.54133 300
v 114.152 -9.61003 300
v 113.732 -14.4983 300
v 113.068 -19.3278 300
v 112.18 -24.1212 300
v 111.074 -28.8743 300
v 109.765 -33.5889 300
v 108.254 -38.2575 300
v 106.549 -42.873 300
v 104.649 -47.4174 300
v 102.558 -51.8831 300
v 100.28 -56.2655 300
v 97.819 -60.5585 300
v 95.1773 -64.7512 300
v 92.36 -68.8343 300
v 89.3737 -72.7986 300
v 86.2429 -76.6344 300
v 82.9528 -80.3747 300
v 38.3202 6.68982 300
v 33.0083 5.45716 300
v 35.3232 -3.96107 300
v 36.2311 -7.06013 300
v 31.1564 -4.60052 300
v 65.8729 -95.6021 300
v 62.2615 -98.3818 300
v 59.2649 -100.679 300
v 55.1122 -102.464 300
v 50.4526 -103.176 300
v 45.6791 -105.717 300
v 41.0573 -107.698 300
v 36.4117 -109.396 300
v 31.7061 -110.866 300
v 26.9405 -112.138 300
v 22.1195 -113.207 300
v 17.2524 -114.073 300
v 12.3463 -114.736 300
v 7.4099 -115.197 300
v 2.45489 -115.451 300
v -2.508 -115.498 300
v -7.47088 -115.34 300
v -12.4264 -114.976 300
v -17.3673 -114.405 300
v -22.2803 -113.633 300
v -27.1637 -112.648 300
v -32.0169 -111.44 300
v -36.7919 -110.065 300
v -41.3577 -108.653 300
v -45.5615 -107.322 300
v -49.0363 -106.344 300
v -52.6423 -104.366 300
v -63.7821 -94.9686 300
v -67.9923 -92.2211 300
v -71.9248 -89.3126 300
v -75.6769 -86.207 300
v -79.2955 -82.9366 300
v -82.7696 -79.5008 300
v -86.1053 -75.9113 300
v -89.2981 -72.1716 300
v -92.3438 -68.2906 300
v -95.2262 -64.2805 300
v -97.9386 -60.1536 300
v -100.479 -55.917 300
v -102.845 -51.5729 300
v -105.03 -47.1277 300
v -107.029 -42.5914 300
v -108.839 -37.9746 300
v -110.463 -33.3027 300
v -111.924 -28.546 300
v 40.9103 9.97686 300
v 38.2939 12.414 300
v 35.8672 -10.2253 300
v 29.8827 -7.97199 300
v -115.934 -6.02057 300
v -116.405 -1.47863 300
v -116.799 2.29067 300
v -116.153 6.77528 300
v -114.323 11.1469 300
v -113.971 16.5274 300
v -113.235 21.491 300
v -112.249 26.3279 300
v -111.038 31.0977 300
v -109.628 35.8144 300
v -108.014 40.4726 300
v -106.203 45.0679 300
v -104.2 49.5936 300
v -102.006 54.039 300
v -99.6265 58.3937 300
v -97.0665 62.6489 300
v -94.33 66.7977 300
v -91.4215 70.8323 300
v -88.3456 74.7444 300
v -85.1144 78.5256 300
v -81.7176 82.1698 300
v -78.1451 85.6725 300
v -74.4679 89.0208 300
v -70.8708 92.1699 300
v -67.5363 95.0499 300
v -64.8875 97.4936 300
v -61.3195 99.5275 300
v -47.4858 104.081 300
v -42.9412 106.227 300
v -38.4024 108.053 300
v -33.7877 109.624 300
v -29.1024 110.993 300
v -24.3544 112.152 300
v -19.5508 113.113 300
v -14.6948 113.873 300
v -9.79496 114.434 300
v -4.87013 114.788 300
v 0.0643283 114.937 300
v 5.0017 114.881 300
v 9.93874 114.621 300
v 14.8679 114.154 300
v 19.7784 113.481 300
v 24.6592 112.604 300
v 29.4905 111.541 300
v 34.3083 110.293 300
v 17.043 8.63454 300
v -29.4694 28.2615 300
v -27.6701 30.9667 300
v 55.6029 101.908 300
v 59.7179 99.9306 300
v 63.1343 98.2917 300
v 66.6156 95.3928 300
v 69.3799 91.5451 300
v 73.7767 88.429 300
v 77.616 85.2042 300
v 81.2166 81.8338 300
v 84.6451 78.3071 300
v 87.9243 74.6334 300
v 91.0494 70.8155 300
v 94.0187 66.8623 300
v 96.8273 62.7815 300
v 99.4669 58.5811 300
v 101.931 54.2714 300
v 104.215 49.8613 300
v 106.315 45.358 300
v 108.228 40.7715 300
v 109.946 36.0978 300
v 111.461 31.3409 300
v 112.801 26.572 300
v 114.011 21.9501 300
v 115.109 17.6467 300
v 116.123 14.1251 300
v 116.318 9.9551 300
v 108.838 -4.78108 300
v 108.898 -9.41155 300
v 107.935 -18.734 300
v 107.095 -23.3988 300
v 106.01 -28.0222 300
v 104.729 -32.6249 300
v 103.245 -37.1903 300
v 101.575 -41.7245 300
v 99.7019 -46.1863 300
v 97.6371 -50.5769 300
v 95.3878 -54.8991 300
v 92.9542 -59.1436 300
v 90.337 -63.2923 300
v 87.5422 -67.3359 300
v 84.5794 -71.265 300
v 81.4654 -75.0801 300
v 78.1631 -78.8279 300
v 74.4334 -82.6787 300
v 70.0754 -86.6828 300
v 66.2055 -90.1057 300
v 62.6983 -93.1938 300
v 59.3671 -96.0583 300
v 56.4235 -99.0578 300
v 48.1593 -99.1369 300
v 43.7799 -101.399 300
v 39.3288 -103.305 300
v 34.8009 -104.977 300
v 30.1831 -106.411 300
v 25.4991 -107.672 300
v 20.7481 -108.72 300
v 15.9422 -109.572 300
v 11.091 -110.221 300
v 6.20336 -110.675 300
v 1.2957 -110.921 300
v -3.62327 -110.964 300
v -8.54671 -110.803 300
v -13.4698 -110.437 300
v -18.3849 -109.867 300
v -23.282 -109.089 300
v -28.1591 -108.09 300
v -32.9835 -106.911 300
v -37.6361 -105.698 300
v -41.9384 -104.632 300
v -45.909 -103.702 300
v -49.6616 -103.389 300
v -25.2764 32.3485 300
v -23.1476 28.4224 300
v -65.0668 -87.8453 300
v -68.8481 -85.1554 300
v -57.1406 -92.1121 300
v -61.1852 -90.227 300
v -72.4638 -82.1487 300
v -76.0072 -78.9938 300
v -79.3873 -75.6373 300
v -82.6505 -72.1245 300
v -85.7765 -68.4521 300
v -88.7756 -64.6326 300
v -91.6065 -60.6812 300
v -94.2729 -56.612 300
v -96.7795 -52.4273 300
v -99.1182 -48.1288 300
v -101.275 -43.7276 300
v -103.247 -39.235 300
v -105.035 -34.6617 300
v -106.647 -30.0218 300
v -108.104 -25.2583 300
v -109.425 -20.0759 300
v -110.547 -14.2708 300
v -111.427 -9.17654 300
v -112.212 -4.56237 300
v -112.901 -0.213698 300
v -113.93 3.88374 300
v -109.689 11.0236 300
v -109.283 15.9338 300
v -108.572 20.7129 300
v -107.628 25.4304 300
v -106.436 30.0953 300
v -105.061 34.7249 300
v -103.469 39.303 300
v -101.68 43.8311 300
v -99.6989 48.302 300
v -97.5229 52.6994 300
v -95.1604 57.0129 300
v -92.6161 61.2331 300
v -89.8942 65.3542 300
v -86.9986 69.3655 300
v -83.9365 73.258 300
v -80.709 77.0226 300
v -77.3029 80.655 300
v -73.768 84.1473 300
v -70.2927 87.475 300
v -67.1322 90.5783 300
v -64.2671 93.4654 300
v -62.0449 96.4857 300
v -40.7484 101.443 300
v -36.4733 103.257 300
v -48.5279 96.9389 300
v -44.8086 99.3875 300
v -32.0081 104.766 300
v -27.4541 106.13 300
v -22.8189 107.25 300
v -18.1192 108.19 300
v -13.3573 108.928 300
v -8.53727 109.48 300
v -3.6926 109.82 300
v 1.16382 109.958 300
v 6.03344 109.9 300
v 10.9131 109.641 300
v 15.7876 109.174 300
v 20.6455 108.501 300
v 25.4778 107.629 300
v 30.2768 106.573 300
v 35.1019 105.319 300
v 40.2155 103.728 300
v 45.7555 101.639 300
v 50.5585 99.7188 300
v 54.9 97.9711 300
v 58.9634 96.2823 300
v 62.9898 95.0145 300
v 66.8466 87.6647 300
v 70.8102 84.7523 300
v 74.5008 81.649 300
v 78.0188 78.3814 300
v 81.3691 74.9297 300
v 84.5922 71.3274 300
v 87.6647 67.5644 300
v 90.5938 63.6578 300
v 93.3728 59.6169 300
v 95.9848 55.4519 300
v 98.4238 51.1764 300
v 100.685 46.8 300
v 102.767 42.3289 300
v 104.662 37.7646 300
v 106.365 33.1033 300
v 107.897 28.398 300
v 109.326 23.8086 300
v 110.708 19.5445 300
v 112.052 15.5714 300
v 113.845 12.0622 300
v 108.538 -14.0647 300
v 108.216 -0.248752 300
v -16.1059 -7.41867 300
v -13.7808 32.8381 300
v -11.0413 33.5909 300
v -10.6576 29.2736 300
v -4.41926 -38.5714 300
v -6.97491 -39.0987 300
v -4.88502 -36.0312 300
v 110.452 4.67694 300
v 106.791 3.78848 300
v -54.2421 -96.6444 300
v -53.1315 -93.0651 300
v -53.9013 96.8559 300
v -51.4354 94.0378 300
v 101.032 -27.0645 300
v 99.7986 -31.5374 300
v 102.057 -22.5823 300
v 98.3371 -35.958 300
v 96.7327 -40.4122 300
v 94.8844 -44.7557 300
v 92.8523 -49.0429 300
v 90.6467 -53.2886 300
v 88.2566 -57.4719 300
v 85.6761 -61.5536 300
v 82.9164 -65.5378 300
v 79.9866 -69.4149 300
v 76.8902 -73.1946 300
v 73.587 -76.9026 300
v 69.9931 -80.6102 300
v 66.2289 -84.2663 300
v 62.7541 -87.6297 300
v 59.6828 -90.6707 300
v 56.2626 -93.451 300
v 52.4006 -96.7972 300
v 37.5535 -98.8674 300
v 33.1974 -100.522 300
v 45.8412 -94.9109 300
v 41.7663 -96.9985 300
v 28.6828 -101.864 300
v 24.1174 -103.141 300
v 19.4573 -104.149 300
v 14.7369 -104.985 300
v 9.96622 -105.613 300
v 5.15185 -106.063 300
v 0.317816 -106.295 300
v -4.53255 -106.331 300
v -9.39777 -106.171 300
v -14.2725 -105.805 300
v -19.1518 -105.233 300
v -24.0252 -104.45 300
v -28.8713 -103.476 300
v -33.6113 -102.426 300
v -38.0904 -101.486 300
v -42.0985 -100.807 300
v -46.105 -99.8848 300
v -50.9181 -99.3329 300
v -49.293 -94.5475 300
v -62.1496 -83.6111 300
v -65.7749 -81.0883 300
v -75.9651 -71.897 300
v -79.1529 -68.4884 300
v -58.4713 -85.7624 300
v -104.963 6.22302 300
v -109.92 6.18843 300
v -104.888 10.8075 300
v -72.6797 -75.1464 300
v -82.1729 -64.9025 300
v -85.1323 -61.1706 300
v -87.881 -57.2984 300
v -90.4862 -53.306 300
v -92.9577 -49.1892 300
v -95.2657 -44.9529 300
v -97.3775 -40.6177 300
v -99.309 -36.1907 300
v -101.07 -31.677 300
v -102.659 -27.0773 300
v -104.078 -22.3393 300
v -105.344 -17.3502 300
v -106.476 -12.2366 300
v -107.508 -7.51738 300
v -108.479 -3.30376 300
v -109.041 1.07345 300
v -103.841 19.9444 300
v -102.979 24.5072 300
v -104.441 15.3643 300
v -101.77 29.0241 300
v -100.47 33.5476 300
v -98.8955 38.014 300
v -97.1418 42.4492 300
v -95.1979 46.8446 300
v -93.0483 51.1689 300
v -90.7131 55.4201 300
v -88.1943 59.5859 300
v -85.4983 63.6653 300
v -82.6254 67.6402 300
v -79.5805 71.5015 300
v -76.3617 75.2438 300
v -72.9923 78.8621 300
v -69.6107 82.3496 300
v -66.461 85.671 300
v -63.7864 88.7242 300
v -60.9108 91.6452 300
v -57.9292 95.4386 300
v -54.7025 91.5596 300
v -38.6745 96.7406 300
v -34.6187 98.5118 300
v -21.3976 102.379 300
v -16.8244 103.313 300
v -42.4335 94.7361 300
v 60.2938 86.1484 300
v 62.8539 90.3921 300
v 64.1458 83.6934 300
v -25.8998 101.284 300
v -12.1922 104.008 300
v -7.47408 104.568 300
v -2.74537 104.877 300
v 2.00457 104.998 300
v 6.78789 104.944 300
v 11.5928 104.695 300
v 16.3833 104.225 300
v 21.1616 103.554 300
v 25.928 102.69 300
v 30.6837 101.635 300
v 35.4744 100.36 300
v 40.4034 98.8195 300
v 45.364 97.0997 300
v 49.928 95.5055 300
v 54.0253 94.1286 300
v 58.0453 92.3184 300
v 71.3538 78.0361 300
v 74.7773 74.9199 300
v 67.7798 80.9368 300
v 78.002 71.5441 300
v 81.1696 68.048 300
v 84.1641 64.3498 300
v 87.0407 60.5081 300
v 89.7834 56.5274 300
v 92.352 52.4171 300
v 94.7521 48.1972 300
v 96.9773 43.8763 300
v 99.0327 39.4541 300
v 100.907 34.9276 300
v 102.617 30.3219 300
v 104.225 25.7488 300
v 105.807 21.4129 300
v 107.37 17.5512 300
v 108.755 13.524 300
v 110.966 8.95316 300
v 105.919 7.98618 300
v 103.734 -9.15436 300
v 103.498 -13.6017 300
v 103.015 -0.629803 300
v 103.591 -4.81505 300
v 102.862 -18.0887 300
v 49.7699 -92.6145 300
v -69.261 -78.1938 300
v -54.767 -87.4704 300
v -30.3099 99.9761 300
v -45.8251 92.4861 300
v -45.2886 -95.8409 300
v -57.8941 88.8409 300
v 104.758 12.216 300
v -51.0429 -88.801 300
v -104.773 1.6371 300
v -48.9046 90.0273 300
v 56.301 88.3829 300
v 53.5496 -90.0906 300
v 102.08 3.40784 300
v 47.4123 -88.2733 300
v 43.6572 -90.5518 300
v 93.5176 -34.6129 300
v 91.9618 -38.9138 300
v 90.1581 -43.1249 300
v 86.0303 -51.4302 300
v 83.7082 -55.5514 300
v 81.1745 -59.5239 300
v 78.467 -63.4261 300
v 75.5859 -67.2218 300
v 72.5353 -70.9509 300
v 69.3033 -74.5854 300
v 65.9102 -78.1721 300
v 62.5075 -81.6925 300
v 59.3695 -85.0563 300
v 57.1768 -87.9736 300
v -66.0669 -74.3351 300
v -69.3527 -71.3857 300
v 35.7502 -94.3477 300
v 31.5668 -95.9629 300
v 18.2402 -99.4698 300
v 13.637 -100.313 300
v 39.7609 -92.5077 300
v 22.767 -98.4694 300
v 8.98071 -100.889 300
v 4.26125 -101.365 300
v -0.463044 -101.559 300
v -5.21753 -101.592 300
v -10.0015 -101.441 300
v -14.804 -101.075 300
v -19.6276 -100.505 300
v -24.4535 -99.7397 300
v -29.2322 -98.8529 300
v -33.8696 -98.0026 300
v -38.2173 -97.3725 300
v -41.6207 -97.376 300
v -47.2727 -90.1681 300
v -59.212 -79.4792 300
v -62.6903 -77.0797 300
v -32.8246 93.7863 300
v -28.6982 95.2647 300
v -75.5606 -64.9431 300
v -78.5298 -61.4931 300
v -100.018 5.93989 300
v -99.9963 10.3825 300
v -52.1807 -83.0577 300
v -55.701 -81.4628 300
v -81.3448 -57.8686 300
v -84.0212 -54.1088 300
v -88.9953 -46.1942 300
v -91.2799 -42.0363 300
v -93.3102 -37.7967 300
v -95.1848 -33.4611 300
v -96.919 -29.0265 300
v -98.4846 -24.4959 300
v -99.8722 -19.8626 300
v -101.136 -15.1148 300
v -102.338 -10.387 300
v -103.54 -5.97022 300
v -104.871 -2.57248 300
v -24.4119 96.4722 300
v -99.0446 19.1473 300
v -98.2314 23.5432 300
v -99.5898 14.7498 300
v -92.5791 40.912 300
v -90.703 45.2163 300
v -95.7739 32.2641 300
v -94.2721 36.5973 300
v -88.5792 49.4288 300
v -86.2884 53.5934 300
v -83.8081 57.6758 300
v -81.1566 61.7007 300
v -78.3177 65.6184 300
v -75.3017 69.4353 300
v -72.1208 73.1489 300
v -68.8569 76.7547 300
v -65.6999 80.2591 300
v -62.8884 83.6305 300
v -61.1147 86.527 300
v -52.0346 87.5471 300
v -36.702 92.0693 300
v 71.4253 71.3815 300
v 74.5918 68.1794 300
v -15.6444 98.408 300
v -11.1547 99.1359 300
v 57.4804 82.0792 300
v 61.2254 79.75 300
v -43.4325 87.9721 300
v -40.2331 90.122 300
v -6.60017 99.6173 300
v -2.0124 99.9218 300
v 7.27091 99.9883 300
v 11.9895 99.7707 300
v 16.6493 99.2832 300
v 21.3152 98.6131 300
v 25.9955 97.7663 300
v 30.686 96.7279 300
v 35.3814 95.4776 300
v 40.1125 94.0567 300
v 44.7825 92.598 300
v 49.1803 91.31 300
v 52.7686 90.6708 300
v 68.1422 74.387 300
v 64.7067 77.1401 300
v 83.3429 57.413 300
v 86.0554 53.5236 300
v 77.5858 64.7236 300
v 80.5297 61.1592 300
v 88.549 49.488 300
v 90.8976 45.3513 300
v 93.0684 41.1131 300
v 95.0985 36.7644 300
v 96.956 32.3138 300
v 98.7002 27.8142 300
v 100.423 23.3985 300
v 102.217 19.2827 300
v 104.06 16.2426 300
v 101.111 7.50665 300
v 98.6444 -8.85339 300
v 98.4682 -13.1044 300
v 97.8682 -17.4152 300
v 98.4905 -4.71525 300
v 27.1902 -97.2493 300
v 88.1635 -47.2667 300
v 97.0548 -21.7212 300
v 96.1079 -26.0354 300
v -97.062 27.9055 300
v 94.8842 -30.3185 300
v -72.49 -68.2278 300
v -86.5425 -50.2214 300
v -20.0575 97.4926 300
v 2.59217 100.015 300
v 97.9908 -0.726111 300
v -43.244 -91.6108 300
v -55.3594 84.8831 300
v 97.267 3.15557 300
v 99.9899 11.8299 300
v -48.6578 -84.4498 300
v -99.8615 1.3038 300
v 51.2638 -85.7422 300
v 53.4669 84.3773 300
v -46.4526 85.7173 300
v 76.7988 -57.2287 300
v 74.1692 -61.0472 300
v 87.2235 -37.2739 300
v 85.5063 -41.3587 300
v 81.4961 -49.3738 300
v 79.2441 -53.3408 300
v 71.3558 -64.7034 300
v 68.3942 -68.4018 300
v 65.2758 -71.9255 300
v 62.0612 -75.4193 300
v 58.8569 -78.9161 300
v 55.755 -82.7584 300
v -82.5451 -47.3021 300
v -84.9228 -43.3918 300
v 33.93 -89.7823 300
v 29.917 -91.3397 300
v 12.6117 -95.5004 300
v 8.09178 -96.1333 300
v -93.4013 22.5418 300
v -92.3589 26.7545 300
v -94.7266 14.101 300
v -94.1961 18.3178 300
v 25.6995 -92.5839 300
v 21.4404 -93.7726 300
v -42.5207 3.35535 300
v -43.2231 6.46866 300
v -38.4045 3.97302 300
v 17.0575 -94.6914 300
v -5.69214 -96.756 300
v -10.3786 -96.6442 300
v 3.52641 -96.5201 300
v -1.05618 -96.6982 300
v -15.0724 -96.2697 300
v -19.8155 -95.7219 300
v -24.5598 -95.0093 300
v -29.2491 -94.2473 300
v -33.8404 -93.6099 300
v -38.4919 -93.3848 300
v -42.0918 9.31088 300
v -37.1335 7.39359 300
v -31.0778 89.0731 300
v -27.1179 90.5211 300
v -49.4878 83.494 300
v -56.2467 -75.3786 300
v -59.6175 -73.1403 300
v -62.8448 -70.4709 300
v -77.471 -54.6945 300
v -80.0692 -51.0728 300
v -84.1035 47.4886 300
v -81.8973 51.5607 300
v -65.9621 -67.6132 300
v -69.0193 -64.6485 300
v -11.4629 -26.0156 300
v -74.7536 -58.1601 300
v -52.8199 -77.2146 300
v -87.0825 -39.3615 300
v -89.0707 -35.2313 300
v -92.6041 -26.6789 300
v -94.1607 -22.2488 300
v -95.5031 -17.7777 300
v -96.772 -13.2386 300
v -98.0547 -8.68697 300
v -99.6735 -4.0809 300
v -32.832 29.8854 300
v -31.8083 32.6298 300
v -22.9834 91.666 300
v -71.9202 -61.4653 300
v -95.0179 9.90443 300
v -87.9732 39.2562 300
v -86.1454 43.3944 300
v -29.72 34.3576 300
v 61.6086 73.3592 300
v 64.8915 70.7378 300
v -79.4544 55.5078 300
v -76.8854 59.4896 300
v -74.0871 63.3165 300
v -71.1228 67.0741 300
v -68.0233 70.7551 300
v -64.9059 74.3503 300
v -61.9581 77.929 300
v -59.3432 81.7742 300
v 39.819 -10.2281 300
v 39.9924 -13.2149 300
v -14.5469 93.5145 300
v -10.2367 94.2177 300
v 58.2271 75.7667 300
v 96.3917 7.03612 300
v -34.772 87.3811 300
v 68.0026 67.7977 300
v 71.0724 64.7533 300
v -5.85626 94.6462 300
v -1.42571 94.9831 300
v 84.5757 46.6601 300
v 86.8842 42.6406 300
v -18.7879 92.6325 300
v -6.64952 -18.5302 300
v -38.1345 85.4325 300
v 7.54637 95.0209 300
v 12.1049 94.8043 300
v 16.6234 94.3251 300
v 25.7202 92.8565 300
v 30.3318 91.8713 300
v 34.8765 90.6638 300
v 39.4441 89.3563 300
v 44.0009 88.0675 300
v 48.7776 87.0441 300
v 38.4888 -15.8063 300
v 33.9146 -13.3254 300
v 73.9675 61.426 300
v 76.8268 57.9881 300
v 93.1843 -0.725348 300
v 93.5513 -4.53175 300
v -45.1525 -85.8807 300
v 79.5139 54.3345 300
v 82.1269 50.5675 300
v -11.4662 -18.0508 300
v 88.9598 38.5171 300
v 91.0001 34.2758 300
v 92.8215 29.9465 300
v 94.5953 25.5712 300
v 96.4461 21.2449 300
v 98.7953 16.9466 300
v 28.744 -29.5297 300
v 27.0995 -26.7622 300
v 28.2133 -24.7661 300
v 31.3531 -27.3407 300
v 90.0554 -29.0492 300
v 88.7336 -33.1614 300
v 41.4324 -86.0806 300
v 37.7619 -88.0231 300
v 91.1927 -24.9402 300
v 93.5818 -8.51761 300
v 93.4277 -12.5821 300
v 92.8867 -16.7026 300
v 83.5656 -45.3591 300
v 92.1146 -20.8209 300
v 3.02875 95.061 300
v -89.605 35.101 300
v -49.3715 -78.7405 300
v -95.01 5.70364 300
v -91.0444 30.9305 300
v 44.9924 -83.9114 300
v -90.8673 -31.0166 300
v 54.6777 77.9609 300
v -41.2326 83.3156 300
v 21.1402 93.6606 300
v -52.6013 81.0885 300
v -45.989 -80.2432 300
v 95.1683 11.0032 300
v -44.2549 81.2454 300
v 50.9193 80.0452 300
v 92.7353 2.92418 300
v 48.5478 -81.5009 300
v -94.766 1.41421 300
v -41.4499 -87.2912 300
v 51.9252 73.9269 300
v 55.2607 71.8576 300
v 61.448 -68.9658 300
v 58.3933 -72.3473 300
v 74.8556 -51.0032 300
v 72.5042 -54.7641 300
v -67.0658 64.4716 300
v -64.0792 68.1318 300
v 64.4144 -65.523 300
v 55.3393 -75.5619 300
v 52.1346 -78.7522 300
v -82.7921 -36.8501 300
v -84.7459 -32.8471 300
v -78.4245 -44.493 300
v -80.6834 -40.7344 300
v -87.5436 25.5469 300
v -86.3549 29.5625 300
v 2.90573 -91.6329 300
v -1.53328 -91.8466 300
v 67.492 61.2977 300
v 70.3198 58.1637 300
v -76.0542 -48.1215 300
v -15.1102 -91.4207 300
v -19.7614 -90.9461 300
v -10.5302 -91.7273 300
v 87.9446 -15.9463 300
v 87.2677 -19.8903 300
v 20.125 -88.9941 300
v 15.9299 -89.9241 300
v -5.99685 -91.8335 300
v 7.30389 -91.2398 300
v 11.6446 -90.6299 300
v -24.3854 -90.3034 300
v -28.9442 -89.6626 300
v -33.3393 -89.1051 300
v -37.4377 -88.6219 300
v -65.4971 -61.077 300
v -68.2938 -58.0734 300
v -29.3576 84.3326 300
v -25.5659 85.7598 300
v -53.1816 -71.2817 300
v -56.4983 -69.1839 300
v 34.0161 85.9002 300
v 38.4162 84.6797 300
v -59.6003 -66.6374 300
v -73.5599 -51.5836 300
v -0.943591 90.0043 300
v 3.34887 90.1409 300
v -89.3055 17.4614 300
v -88.5418 21.5103 300
v -92.1977 -11.6958 300
v -93.3198 -7.3654 300
v -49.7075 -72.9857 300
v -90.9669 -16.0256 300
v -86.477 -28.7572 300
v -88.1718 -24.5618 300
v -89.6023 -20.3306 300
v -94.2506 -3.06782 300
v -21.5972 86.8585 300
v 42.6726 83.396 300
v 73.0143 54.7981 300
v 75.6635 51.3281 300
v 83.9721 -31.6499 300
v 82.5376 -35.579 300
v 32.081 -85.171 300
v 28.247 -86.6656 300
v -83.3541 37.5202 300
v -81.6031 41.4932 300
v 58.4567 69.551 300
v 61.5667 67.018 300
v 69.9449 -58.3927 300
v 67.2614 -61.9982 300
v -72.6367 57.0175 300
v -69.9341 60.7762 300
v -61.1191 71.6697 300
v -58.3518 75.1256 300
v -55.8096 78.3679 300
v 16.3996 89.3654 300
v 20.796 88.7683 300
v -13.5081 88.6251 300
v -9.38441 89.2908 300
v 92.1521 6.48132 300
v -32.9012 82.6063 300
v 88.5047 27.8126 300
v 90.2514 23.5721 300
v 64.5586 64.2289 300
v -17.5718 87.7837 300
v -5.18457 89.6876 300
v 7.66854 90.0243 300
v 12.0287 89.7916 300
v 25.1735 87.944 300
v 29.6107 87.0109 300
v 46.8433 82.0042 300
v 88.6136 -0.611606 300
v 88.7219 -4.26585 300
v -62.5778 -63.9033 300
v 78.1342 47.6666 300
v 39.2342 -81.6416 300
v 35.7352 -83.4889 300
v 91.9438 19.4 300
v 80.48 43.9018 300
v 88.6699 -8.10184 300
v 86.69 31.982 300
v 93.698 15.2593 300
v 85.2389 -27.7289 300
v 80.8431 -39.4668 300
v 79.0424 -43.3572 300
v 88.3851 -12.0062 300
v 77.0104 -47.1795 300
v -36.1691 80.5559 300
v -70.954 -54.8783 300
v 86.3155 -23.8083 300
v -84.9133 33.5385 300
v 24.2118 -87.8685 300
v -46.0269 -74.4169 300
v -90.0503 5.51891 300
v -90.1005 9.44422 300
v -75.1558 53.1946 300
v 84.7525 36.063 300
v -43.0326 -82.0449 300
v 82.6643 40.0303 300
v -79.6002 45.408 300
v -77.4813 49.3297 300
v -47.306 79.6799 300
v -89.7915 13.429 300
v 42.6163 -79.6137 300
v -39.2861 78.1899 300
v 45.9496 -77.4303 300
v 21.0759 -42.958 300
v 19.0147 -45.1742 300
v 18.6722 -39.8006 300
v 16.2908 -46.4789 300
v 14.9537 -40.3391 300
v -41.9642 -75.8588 300
v -50.2049 77.5652 300
v 90.5934 9.88724 300
v -39.6967 -83.4392 300
v -21.6215 -37.7153 300
v -24.7545 -37.4454 300
v -20.3605 -33.7733 300
v 88.614 2.77396 300
v -26.8846 -35.7697 300
v -23.0241 -31.9914 300
v -41.9048 -20.8374 300
v -43.9176 -19.0501 300
v -39.5256 -18.2607 300
v -44.6881 -16.4965 300
v -40.7801 -14.8157 300
v -89.8084 1.57916 300
v -42.5628 75.4815 300
v 48.4892 75.9112 300
v 10.7418 -85.7704 300
v 6.58654 -86.3587 300
v 72.5948 -44.9202 300
v 70.5265 -48.5785 300
v -57.4799 68.9126 300
v -54.9416 72.4281 300
v 52.0614 -72.1611 300
v 49.1993 -75.0579 300
v -50.1291 -67.2089 300
v -53.3606 -65.2397 300
v 82.3765 -18.9174 300
v 81.5202 -22.6528 300
v 22.7498 -83.1441 300
v 18.845 -84.2128 300
v -81.5864 28.1279 300
v -80.2714 31.9338 300
v -85.1601 8.98643 300
v -84.9542 12.7433 300
v 78.445 37.5189 300
v 80.4567 33.7114 300
v -14.998 -86.5612 300
v -19.5138 -86.1694 300
v 40.3772 -75.3741 300
v 37.1216 -77.2492 300
v 83.0278 -15.1534 300
v -24.0257 -85.6651 300
v 65.8095 -55.6692 300
v 63.2407 -59.1459 300
v 14.8238 -85.0444 300
v 2.37451 -86.7079 300
v -28.4918 -85.202 300
v -32.8344 -84.8285 300
v -36.366 -84.9489 300
v -73.0999 47.0229 300
v -70.8804 50.7619 300
v -27.6628 79.5875 300
v -24.0429 80.9975 300
v -75.1424 43.2631 300
v 37.1248 80.0844 300
v 41.1648 78.9495 300
v -76.4094 -38.1485 300
v -78.4525 -34.4322 300
v 76.3118 41.224 300
v -20.2514 82.0672 300
v 54.8716 -69.0506 300
v -56.3548 -62.8461 300
v -69.6382 -48.5189 300
v -72.0227 -45.2296 300
v -0.52371 85.0313 300
v 3.57329 85.1733 300
v -84.4296 16.5891 300
v -89.3399 -2.41592 300
v -83.6623 20.447 300
v 80.4451 -26.3703 300
v -74.2421 -41.7286 300
v -86.3546 -14.4666 300
v -87.5435 -10.3793 300
v -82.015 -26.6406 300
v -83.629 -22.6184 300
v -85.0211 -18.5657 300
v 30.2278 -80.5352 300
v 26.5625 -81.9389 300
v 58.2533 63.3463 300
v 61.1336 60.7301 300
v 79.2048 -30.0909 300
v 77.8473 -33.8242 300
v -68.4166 54.4276 300
v -65.8245 58.0992 300
v 44.9208 77.7398 300
v 69.1856 51.6611 300
v 71.7076 48.3341 300
v -6.1902 -86.9174 300
v -10.5619 -86.8123 300
v 52.2519 67.945 300
v 55.2867 65.7393 300
v 7.70467 85.0678 300
v -53.213 75.5156 300
v 66.5895 54.8501 300
v -63.0639 61.692 300
v -60.2509 65.3143 300
v -12.5217 83.7596 300
v -8.58095 84.3716 300
v 24.4841 83.0803 300
v 28.7435 82.1942 300
v -80.2818 -30.5763 300
v -31.0404 77.8545 300
v 84.0433 25.7941 300
v 85.7272 21.7406 300
v 76.2303 -37.5305 300
v 74.502 -41.2389 300
v 16.0454 84.3921 300
v 20.2554 83.8234 300
v -59.2057 -60.2528 300
v -61.9824 -57.5577 300
v 11.859 84.7868 300
v 57.7025 -65.8018 300
v 60.4942 -62.4716 300
v -78.7333 35.7173 300
v 32.9428 81.1611 300
v -1.88035 -86.8695 300
v -77.0124 39.4915 300
v 83.9052 -3.85694 300
v 83.7861 -7.60184 300
v 74.0388 44.8137 300
v 88.9704 13.7483 300
v 87.3351 17.7356 300
v -4.57118 84.7412 300
v 83.4582 -11.3773 300
v 82.2683 29.7856 300
v -64.6028 -54.6515 300
v -67.1648 -51.6564 300
v 84.0893 -0.147325 300
v -85.1851 5.29953 300
v 88.925 5.64815 300
v -88.5424 -6.41488 300
v -82.6883 24.2907 300
v -43.093 -70.0046 300
v -46.7047 -68.7736 300
v -37.0296 73.2021 300
v -34.1497 75.7524 300
v -16.4081 82.9698 300
v -40.8518 -79.1617 300
v 68.2237 -52.137 300
v -45.9468 76.2708 300
v 63.8895 57.8474 300
v 49.1561 70.0286 300
v 33.7237 -78.9351 300
v 46.0443 72.0885 300
v -48.1493 73.701 300
v -37.5469 -79.7427 300
v 43.6163 -73.4733 300
v 85.8818 7.88286 300
v -85.0934 1.64197 300
v 84.5877 3.6082 300
v -39.3021 -70.9512 300
v -39.7263 70.1161 300
v 31.7925 -74.4431 300
v 28.4332 -75.939 300
v 52.1188 61.993 300
v 54.9447 59.6989 300
v 46.7908 -71.8353 300
v 5.93384 -81.4116 300
v 1.92083 -81.7969 300
v 27.7578 77.3867 300
v 31.8411 76.4749 300
v -66.5899 48.2218 300
v -64.2731 51.7776 300
v 40.4147 -23.379 300
v 39.7205 -26.3766 300
v 36.3447 -22.3085 300
v 81.1485 19.951 300
v 82.7026 16.0691 300
v -61.7436 55.2955 300
v -59.121 58.8396 300
v -15.3182 78.2758 300
v -11.6079 78.98 300
v 35.0429 -72.8216 300
v 61.6922 -52.8382 300
v 59.2297 -56.1474 300
v 17.5744 -79.3566 300
v 13.7794 -80.2123 300
v -74.1173 33.8639 300
v -72.5257 37.4674 300
v -28.0936 -80.769 300
v -33.0184 -80.8501 300
v 37.5221 -28.3786 300
v 33.7049 -24.9496 300
v -25.982 74.8903 300
v -22.548 76.2752 300
v -74.0506 -32.0587 300
v -75.8503 -28.3856 300
v 57.6556 57.1368 300
v 60.315 54.4629 300
v 62.8576 51.5617 300
v 35.8584 75.5617 300
v 39.728 74.7011 300
v -7.83964 79.4817 300
v 51.2977 -65.7199 300
v 48.8522 -68.8516 300
v -2.1577 -81.9546 300
v -65.7002 -45.4662 300
v -67.9574 -42.3467 300
v -51.4555 10.1853 300
v -51.8221 12.9398 300
v -47.7625 10.548 300
v 78.1469 -14.3556 300
v 77.5258 -17.929 300
v 38.221 -71.0238 300
v -80.0273 12.0146 300
v -79.5803 15.6625 300
v -84.8519 -1.99112 300
v -80.461 -16.9016 300
v -81.7859 -13.0104 300
v 78.8232 -7.12959 300
v 78.5721 -10.7525 300
v -70.0569 -39.0073 300
v -72.1131 -35.6037 300
v -82.9965 -9.22098 300
v 19.6299 78.8912 300
v 23.6793 78.2084 300
v -79.0351 -20.7759 300
v 24.9106 -77.2238 300
v -32.1109 71.1108 300
v -29.1861 73.1905 300
v 21.2769 -78.3408 300
v 66.1871 -46.0631 300
v 64.0094 -49.4743 300
v 65.3035 48.4996 300
v 67.7024 45.3484 300
v 9.88231 -80.8524 300
v -18.9538 77.3458 300
v -77.9164 23.0037 300
v -76.8587 26.6537 300
v 74.1488 35.0521 300
v 76.0722 31.4117 300
v -68.7189 44.6446 300
v -78.7918 19.3317 300
v 3.73613 80.1674 300
v 7.6664 80.1105 300
v -43.8613 -64.7028 300
v -47.1688 -63.2423 300
v -70.6746 41.0533 300
v -56.4265 62.4203 300
v -53.8087 66.1702 300
v 69.9288 42.0044 300
v 72.1028 38.588 300
v -77.4776 -24.608 300
v -53.1603 -59.1699 300
v -55.8874 -56.7208 300
v 43.1787 74.2044 300
v 79.5255 23.8213 300
v 75.6561 -24.9884 300
v 74.5187 -28.5094 300
v -80.2817 8.43463 300
v -75.5333 30.2567 300
v 76.6452 -21.4634 300
v -4.01989 79.8326 300
v 11.624 79.8377 300
v 53.9261 -62.5133 300
v -14.8058 -81.7244 300
v -19.1673 -81.4462 300
v 56.5841 -59.3114 300
v -84.0648 -5.58497 300
v 73.1431 -32.0377 300
v 71.6803 -35.5689 300
v -6.30589 -81.9846 300
v 78.973 -3.49127 300
v 84.249 12.1649 300
v -0.158894 80.0451 300
v 77.8184 27.6434 300
v -60.9443 -51.3098 300
v -63.3615 -48.4486 300
v 69.9778 -39.0812 300
v 68.1751 -42.5894 300
v -58.4482 -54.0638 300
v -50.234 -61.3246 300
v -40.4204 -65.9002 300
v -23.5584 -81.1123 300
v 15.6095 79.4188 300
v -51.4642 70.4563 300
v 49.2386 64.1487 300
v -50.6471 15.4365 300
v -46.3899 14.081 300
v -10.5259 -81.8941 300
v 46.2686 66.2238 300
v -80.4536 4.90689 300
v -34.7609 68.6244 300
v 79.1782 0.202994 300
v 41.5581 -68.8142 300
v 42.9026 68.306 300
v -37.1917 65.8177 300
v 79.6617 4.00896 300
v -80.6869 1.44701 300
v -36.9187 -66.9981 300
v -80.0311 -4.71286 300
v -81.1522 -1.78428 300
v 11.332 74.8687 300
v 15.1187 74.5138 300
v 51.6109 56.053 300
v 54.2076 53.6436 300
v -10.4724 -77.0581 300
v -14.6154 -76.9516 300
v 5.3159 -76.4983 300
v 1.49659 -76.8786 300
v 73.934 -6.75931 300
v 73.7495 -10.1907 300
v -69.5098 31.978 300
v -68.0112 35.3992 300
v 63.7825 -40.2378 300
v 61.8882 -43.5345 300
v 71.6435 29.1104 300
v 73.3672 25.5196 300
v 18.3576 -49.5216 300
v 16.1829 -51.0863 300
v 13.4888 -51.1507 300
v 12.7901 -46.5648 300
v 0.140485 75.1327 300
v 3.84579 75.2127 300
v -67.8172 -33.087 300
v -69.658 -29.7205 300
v -3.54359 74.9546 300
v -62.331 45.6354 300
v -60.1399 49.0442 300
v -78.7327 -8.03417 300
v 57.5726 -49.9256 300
v 55.2094 -53.0329 300
v -21.0604 71.67 300
v -17.7102 72.8376 300
v 30.694 71.7745 300
v 34.7537 71.0047 300
v -49.8657 18.2349 300
v -49.7908 21.3015 300
v -45.8216 17.8779 300
v 72.718 -16.9474 300
v 71.9043 -20.2774 300
v -31.8812 -75.7714 300
v -36.6903 -75.7151 300
v 9.06792 -75.973 300
v -24.302 70.2819 300
v -27.3336 68.6145 300
v -71.341 -26.2079 300
v -72.9656 -22.6347 300
v 56.6854 51.0231 300
v 59.1176 48.3121 300
v 39.1162 70.5187 300
v -10.8103 74.3247 300
v -7.19897 74.6805 300
v 33.0108 -68.5766 300
v -48.6157 24.2727 300
v -43.559 21.2186 300
v 47.3807 -62.2626 300
v 45.1856 -66.3064 300
v -2.412 -77.055 300
v -61.7497 -42.4245 300
v -63.8806 -39.4684 300
v -52.5843 -53.3317 300
v -54.9658 -50.7336 300
v -75.1229 11.2056 300
v -74.695 14.7035 300
v -32.5851 64.3504 300
v -30.0941 66.6252 300
v -75.9257 -15.2828 300
v -77.3463 -11.6044 300
v 46.3179 60.4597 300
v 48.9586 58.3174 300
v -52.771 59.3505 300
v -50.226 62.9359 300
v 18.948 73.9628 300
v 22.8169 73.3421 300
v -44.2866 -59.3494 300
v -47.31 -57.695 300
v 39.0178 42.12 300
v 41.6308 40.8904 300
v 37.3605 38.6643 300
v 23.3069 -72.5206 300
v 19.8721 -73.6069 300
v 59.7728 -46.7461 300
v -27.2381 -76.1047 300
v 12.7425 -75.3145 300
v -6.41704 -77.0962 300
v 43.158 38.4981 300
v 39.734 35.6343 300
v -73.121 21.6753 300
v -72.1067 25.1351 300
v -59.5413 -45.2711 300
v -55.2964 55.8727 300
v 67.8695 35.9812 300
v 69.8162 32.6052 300
v 7.57693 75.0816 300
v 52.6433 -56.0103 300
v 61.4289 45.4034 300
v -65.8701 -36.3107 300
v 67.0851 -33.5802 300
v 65.5103 -36.9135 300
v -74.4583 -18.9701 300
v 79.5319 10.9769 300
v 80.8668 7.68077 300
v 65.8155 39.2431 300
v -73.9435 18.1889 300
v 49.9871 -59.0018 300
v -50.1106 -55.7359 300
v 54.5788 -12.1609 300
v 54.7967 -15.2246 300
v 50.3861 -12.3675 300
v -22.9395 -76.6471 300
v 78.1205 14.4913 300
v 53.3291 -17.7688 300
v 48.8915 -15.8468 300
v 70.8938 -23.5949 300
v 69.8065 -26.9148 300
v -14.3349 73.8277 300
v 29.9114 -69.9821 300
v 73.336 -13.585 300
v 76.5903 18.1375 300
v -18.8045 -76.8275 300
v -37.7374 -61.8781 300
v -41.0776 -60.7147 300
v -57.2636 -48.0324 300
v 68.4913 -30.2453 300
v -47.833 66.737 300
v -45.1439 70.5643 300
v 73.9866 -3.28672 300
v 0.148183 -62.8561 300
v -2.98639 -63.8467 300
v -1.25061 -58.8428 300
v -66.26 38.8136 300
v -70.8437 28.555 300
v 26.7291 72.5682 300
v -6.40184 -63.1069 300
v -5.59411 -58.0388 300
v -64.3418 42.2217 300
v 63.6532 42.3694 300
v -57.7481 52.4406 300
v 16.3288 -74.4975 300
v 26.6471 -71.2839 300
v 74.9929 21.8255 300
v -75.663 4.17445 300
v -75.4103 7.71236 300
v 73.8908 0.356015 300
v 73.2258 4.7843 300
v -34.3245 -63.008 300
v -34.8678 61.9521 300
v -76.0256 0.505228 300
v 68.9157 -12.858 300
v 68.1823 -15.963 300
v -63.4857 33.3198 300
v -61.8647 36.5536 300
v 65.1435 -25.3156 300
v 63.9324 -28.4526 300
v 61.0446 -34.7514 300
v 59.4046 -37.8903 300
v 46.0307 -54.9581 300
v 42.365 -56.861 300
v -13.5457 70.0424 300
v -10.2264 69.8741 300
v 0.34678 70.2751 300
v 3.8933 70.2783 300
v 51.2676 -49.86 300
v 48.8235 -52.5369 300
v -18.5836 -72.3292 300
v -22.2459 -72.6935 300
v -70.2524 10.3632 300
v -69.8264 13.7169 300
v -58.1091 43.026 300
v -56.0406 46.2774 300
v 18.2157 69.0715 300
v 21.8955 68.4771 300
v 53.5083 -47.0041 300
v 31.4847 -64.1923 300
v 28.2 -65.4774 300
v -61.6964 -33.6459 300
v -63.5273 -30.5912 300
v 1.05975 -72.0359 300
v -2.65201 -72.2791 300
v 8.2532 -71.1114 300
v 4.69935 -71.6365 300
v -22.5811 65.7695 300
v -19.4969 67.2113 300
v -25.4876 64.1292 300
v -66.8659 -24.071 300
v -68.4282 -20.6807 300
v -59.7837 -36.5814 300
v 33.2088 66.2046 300
v -6.72725 70.0017 300
v -26.7523 52.2409 300
v -24.7876 54.6611 300
v -23.9488 49.0211 300
v -42.2291 66.5447 300
v -39.4845 62.8816 300
v -60.0228 39.7867 300
v -49.2956 -50.2186 300
v -51.3989 -47.5358 300
v 70.4739 19.7735 300
v 72.0854 16.1909 300
v -57.7806 -39.4063 300
v -66.1944 26.8478 300
v -64.9214 30.0848 300
v -3.20249 70.1862 300
v -46.92 59.6247 300
v -44.6359 63.0877 300
v 50.7202 50.1386 300
v 53.0942 47.6849 300
v -38.3144 -56.69 300
v -41.5511 -55.4691 300
v 59.6583 39.4812 300
v 61.7012 36.5182 300
v -72.9831 -10.0708 300
v -74.6656 -6.59717 300
v 15.1145 -69.6953 300
v 11.7229 -70.466 300
v -28.1643 62.2624 300
v 57.5455 -40.9833 300
v 55.5993 -44.0315 300
v -26.001 -71.5363 300
v -30.3402 -70.3702 300
v 10.9965 69.8981 300
v 14.5849 69.5522 300
v -6.51814 -72.3184 300
v -10.4559 -72.2762 300
v 68.8616 23.3312 300
v 69.4324 -3.32064 300
v -51.5431 52.868 300
v -49.2318 56.2224 300
v 63.6125 33.382 300
v 65.4739 30.1745 300
v 7.43533 70.1221 300
v -53.8117 49.5537 300
v 67.2727 -19.062 300
v 66.251 -22.1862 300
v 62.5382 -31.6045 300
v -69.9058 -17.1715 300
v -69.1179 17.0264 300
v -68.3445 20.3304 300
v -14.5566 -72.266 300
v -47.5064 -52.847 300
v 73.7344 12.7078 300
v 75.7056 9.27329 300
v 67.1906 26.7893 300
v 25.6289 67.7525 300
v 29.4047 66.9983 300
v -16.3823 68.5079 300
v 24.9596 -66.6691 300
v 21.7427 -67.8319 300
v -35.5523 -71.5823 300
v -33.4942 -68.2998 300
v -34.9278 -57.76 300
v -53.5559 -44.8582 300
v 69.331 -6.47695 300
v 45.6702 54.7659 300
v 48.2401 52.4737 300
v -55.6869 -42.1471 300
v -67.3205 23.5954 300
v -70.549 6.97962 300
v 57.5462 42.3312 300
v 43.0306 57.2068 300
v -44.5372 -54.0523 300
v 18.4418 -68.7981 300
v -22.0947 55.5336 300
v -20.8186 50.389 300
v 38.7231 -56.241 300
v 40.9404 -52.7976 300
v -30.6346 60.1694 300
v 55.3488 45.0519 300
v -70.7606 3.50151 300
v 69.1835 -9.67759 300
v -76.8047 -3.34314 300
v -65.2209 -27.3551 300
v -71.4144 -13.6291 300
v -31.3522 -58.7902 300
v -70.7806 -0.367564 300
v -33.0718 57.9828 300
v 69.5354 10.5855 300
v 69.5774 7.0899 300
v 65.5347 8.99309 300
v 59.4411 -26.6741 300
v 58.1492 -29.6502 300
v 47.3225 46.7059 300
v 49.5603 44.4006 300
v 65.2538 -2.65683 300
v 64.8985 -6.05514 300
v -10.4823 -67.5565 300
v -14.6564 -67.5852 300
v 47.6018 -46.9722 300
v 45.6218 -49.5061 300
v 57.5799 33.7919 300
v 59.391 30.8366 300
v -51.9776 43.5266 300
v -49.9198 46.6657 300
v 67.5522 14.05 300
v 51.6939 41.9341 300
v -32.2981 -53.5452 300
v -35.6353 -52.5587 300
v -49.7227 -41.6763 300
v -51.8401 -39.0672 300
v -53.932 40.4223 300
v -55.7739 37.3593 300
v 29.0862 -59.443 300
v 26.2024 -60.8447 300
v -60.4295 28.2301 300
v -59.0949 31.2833 300
v -63.5927 18.9942 300
v -62.6834 22.0882 300
v 64.8494 -9.2114 300
v 65.2523 -12.1977 300
v 60.8153 -9.65991 300
v -53.8155 -36.4304 300
v -62.3932 -21.9209 300
v -63.8913 -18.7233 300
v -65.3485 -15.3757 300
v -66.8403 -11.9694 300
v 31.7856 61.5137 300
v -10.1183 64.9397 300
v -6.42111 65.2494 300
v 63.9947 -14.8641 300
v 59.5493 -13.1568 300
v -45.7932 53.1738 300
v -43.7536 56.4538 300
v -45.2039 -47.0927 300
v -47.5103 -44.3301 300
v 7.42684 -66.3285 300
v 4.07318 -66.89 300
v -61.6038 25.1706 300
v -2.97054 65.6164 300
v -41.7721 59.6983 300
v 43.6025 -51.6708 300
v 20.9385 63.6194 300
v 24.4847 62.9677 300
v 14.0172 64.6167 300
v 17.4522 64.1697 300
v -2.89382 -67.7698 300
v -6.57894 -67.6848 300
v 61.0917 27.7118 300
v 62.745 24.5057 300
v -55.695 -33.7182 300
v -57.52 -30.9673 300
v -57.5028 34.3273 300
v 53.3131 -38.4973 300
v 51.4811 -41.3928 300
v -59.2188 -28.0482 300
v 23.2003 -62.0535 300
v 10.7021 -65.6781 300
v -60.8261 -25.0042 300
v -17.6738 62.8817 300
v -14.3051 64.8255 300
v -47.8537 49.9029 300
v 60.6306 -23.6963 300
v 0.600732 -67.3803 300
v 3.84271 65.4272 300
v 7.2344 65.2476 300
v -65.4925 9.53205 300
v -65.0287 12.7205 300
v 62.8972 -17.7593 300
v 61.7779 -20.7237 300
v 49.551 -44.2357 300
v 56.661 -32.6172 300
v 55.0527 -35.5664 300
v -38.9975 -51.3164 300
v -42.7491 -50.1574 300
v -64.3502 15.8628 300
v 64.2935 21.1077 300
v 28.0935 62.256 300
v -23.663 59.7658 300
v -20.7907 61.3092 300
v 20.1511 -63.1359 300
v 10.6148 64.9633 300
v -30.914 -64.3447 300
v -28.6157 56.0905 300
v -26.3026 58.1363 300
v 42.44 50.9072 300
v 44.942 48.857 300
v -23.8946 -67.1617 300
v -27.8075 -66.0831 300
v 13.9023 -64.9317 300
v -19.2431 -68.1446 300
v -68.5168 -8.43012 300
v -70.6336 -4.62882 300
v 55.7051 36.6348 300
v -65.8736 6.36506 300
v 53.7571 39.3493 300
v 0.424477 65.5709 300
v 36.9018 54.7229 300
v 39.7976 52.8831 300
v 17.0428 -64.0733 300
v 31.7952 -57.8269 300
v 65.8548 17.6027 300
v -30.7586 53.8482 300
v 33.47 56.0002 300
v -28.9102 -54.402 300
v -49.8893 -33.4422 300
v -51.6782 -30.8944 300
v 58.6339 -16.2901 300
v 57.5051 -19.2105 300
v 56.3171 -22.0776 300
v 46.2629 41.3267 300
v 48.2427 39.0077 300
v -29.8297 -49.5361 300
v -32.8116 -48.421 300
v -12.7052 58.985 300
v -9.18067 59.8158 300
v -51.6552 34.947 300
v -49.8356 37.827 300
v 27.1046 -55.1023 300
v 24.3121 -56.3813 300
v -10.2849 -62.7229 300
v -14.4255 -62.5687 300
v 3.35091 -62.2838 300
v -45.9622 -38.4466 300
v -47.9963 -35.9595 300
v 41.8931 45.436 300
v 44.2163 43.5402 300
v 43.9903 -44.5422 300
v 42.6312 -47.3289 300
v -57.963 -19.777 300
v -59.3769 -16.7746 300
v 54.0561 -27.7942 300
v 52.5369 -30.5263 300
v 60.2212 -5.93759 300
v -41.339 -43.1956 300
v -43.7429 -40.8669 300
v 55.171 28.3078 300
v 56.7475 25.3402 300
v 60.1254 -2.33569 300
v 18.6302 -58.6121 300
v 15.7139 -59.5044 300
v 41.9637 -49.6583 300
v 39.6961 -50.0189 300
v -46.0812 43.8587 300
v -44.1859 46.9945 300
v 60.9889 15.475 300
v 62.328 11.5065 300
v 23.3094 58.2432 300
v 26.6902 57.5957 300
v 21.4902 -57.5541 300
v 49.1596 -36.0677 300
v 47.3979 -38.867 300
v -53.3518 -28.2401 300
v -54.9728 -25.5338 300
v 6.93697 60.4661 300
v 10.1781 60.1494 300
v 9.69232 -61.0119 300
v 6.56805 -61.6857 300
v -56.4904 -22.6754 300
v -16.0396 57.8388 300
v 55.2152 -24.9524 300
v 16.67 59.3148 300
v 19.9644 58.813 300
v 3.66021 60.7124 300
v -62.157 -10.4148 300
v -63.5623 -7.10534 300
v 12.7282 -60.2912 300
v 45.6496 -41.7082 300
v 50.887 -33.288 300
v -22.7103 -63.0684 300
v -25.9559 -62.9464 300
v -38.6941 -45.3171 300
v 13.4126 59.7589 300
v -2.78178 61.7023 300
v 0.36493 61.0636 300
v -19.1424 56.634 300
v -53.4263 32.1489 300
v -27.3373 -59.9538 300
v -60.8344 8.56507 300
v -60.3354 11.6981 300
v -61.4388 5.26477 300
v -35.7581 -46.9743 300
v 51.9174 33.9842 300
v 53.5524 31.1898 300
v -59.7353 14.7254 300
v -47.9706 40.821 300
v -42.4273 50.2992 300
v -60.767 -13.6263 300
v 30.083 56.8968 300
v 60.2516 1.29594 300
v -57.2413 23.593 300
v -56.1977 26.4895 300
v 39.5007 47.2721 300
v -55.0539 29.4015 300
v 50.2363 36.6407 300
v 58.2275 22.2167 300
v 37.1015 49.0687 300
v 29.9567 -53.775 300
v 59.6321 18.9382 300
v -18.7668 -62.8538 300
v -5.82358 60.5977 300
v -59.0089 17.7137 300
v -58.1759 20.6658 300
v 3.69441 -13.4037 300
v 6.42075 -11.4512 300
v 60.3282 4.89889 300
v -28.7786 49.8151 300
v 51.1687 -23.3547 300
v 50.6941 -26.2125 300
v 54.8382 -1.92236 300
v 54.8098 -5.48095 300
v -0.209064 56.1654 300
v 3.31225 56.0065 300
v -55.0045 -14.8838 300
v -56.2677 -11.9526 300
v -13.967 -57.3797 300
v -18.9106 -57.4689 300
v -29.8951 -44.6067 300
v -32.7036 -43.1181 300
v -58.9228 -5.74393 300
v 45.0461 36.285 300
v 47.2737 34.4556 300
v -22.6957 -59.4546 300
v -44.3345 -33.0282 300
v -46.0529 -30.5867 300
v -17.7721 51.6976 300
v -53.9812 19.4049 300
v -53.237 22.2376 300
v -9.70782 -57.6115 300
v 54.8571 -8.91469 300
v -40.2919 -37.5321 300
v -42.5033 -35.4172 300
v 17.2641 -54.476 300
v 14.497 -55.1894 300
v -42.2743 41.0997 300
v -40.588 44.2201 300
v -55.4444 13.7474 300
v -54.7357 16.5683 300
v 22.4932 -52.19 300
v 19.8907 -53.3797 300
v 48.7924 -28.444 300
v 46.9338 -30.9672 300
v 55.0902 17.0864 300
v 56.2255 14.0324 300
v 53.8008 20.0918 300
v -14.6398 52.9143 300
v -11.3746 53.9943 300
v -7.9041 55.1148 300
v -4.27197 56.6013 300
v 15.861 54.5951 300
v 18.9973 54.1118 300
v 11.6445 -55.8761 300
v 8.74612 -56.5494 300
v -57.6041 -8.91095 300
v 41.6152 -39.2313 300
v 39.9581 -42.3655 300
v 12.7535 55.0836 300
v 45.1414 -33.619 300
v -44.036 38.116 300
v -52.2814 -20.4228 300
v -53.6647 -17.6973 300
v -56.0121 7.88979 300
v -55.783 10.8544 300
v -47.7034 -28.1357 300
v -49.2989 -25.6319 300
v 9.66126 55.5942 300
v 6.53468 56.0169 300
v 52.4428 23.0429 300
v 52.1623 -20.5698 300
v -35.3693 -41.4045 300
v 48.3091 31.6836 300
v 49.624 28.816 300
v 36.6866 43.8873 300
v -50.8407 -23.0712 300
v 60.7858 8.14108 300
v -49.7192 29.9461 300
v -47.7176 32.4796 300
v 43.3673 -36.3637 300
v -25.1887 -54.9639 300
v 22.1934 53.659 300
v 25.3899 53.1533 300
v -37.9035 -39.5261 300
v 34.2724 45.9018 300
v 25.0656 -50.9629 300
v 54.9726 1.79709 300
v -56.0865 1.63013 300
v -56.1565 4.82402 300
v 5.70995 -57.3249 300
v -52.337 24.9887 300
v -51.8186 27.8008 300
v 57.1198 10.9905 300
v -39.1098 47.5968 300
v 51.043 25.9499 300
v -45.8557 35.2465 300
v 2.39852 -57.9109 300
v -26.9835 -46.0395 300
v 38.5399 -46.3253 300
v -25.8867 45.3292 300
v -21.4747 -54.9812 300
v -55.3416 -1.67335 300
v 55.3136 5.87175 300
v -54.367 -4.71084 300
v 24.3016 48.9212 300
v 45.6911 26.6844 300
v 47.0014 23.7701 300
v -51.7072 4.6177 300
v -51.5808 7.43882 300
v -39.687 -32.9502 300
v -40.8686 -30.4105 300
v 10.6441 -51.5989 300
v 52.2135 12.3938 300
v 53.5307 9.41663 300
v -42.3379 -27.9597 300
v 9.07586 51.5381 300
v 11.9892 50.6934 300
v 7.81934 -52.305 300
v 5.11915 -53.4944 300
v -37.1832 -34.3713 300
v -43.9203 -25.5751 300
v -45.4665 -23.1945 300
v 49.9075 -8.64636 300
v -38.4704 38.3381 300
v -36.9672 41.5099 300
v -47.04 -20.8685 300
v -43.8193 29.7571 300
v -41.8752 32.505 300
v -10.2551 49.1513 300
v -6.90257 49.8772 300
v -13.4149 48.2906 300
v -48.352 -18.3587 300
v 18.0689 49.6505 300
v 21.1583 49.2597 300
v -8.93768 -52.2998 300
v -12.7537 -52.0377 300
v 57.797 8.40864 300
v -34.8157 -36.062 300
v 15.0039 50.1436 300
v -40.1544 35.3773 300
v -49.6591 -15.7946 300
v 0.114326 51.0634 300
v 3.38324 51.4579 300
v -51.0317 -13.2099 300
v -52.0606 -10.4377 300
v -18.8417 45.0838 300
v -16.256 46.8788 300
v 42.5863 33.2145 300
v 6.29378 52.3529 300
v 48.3165 20.9431 300
v 49.5776 18.0784 300
v 47.8386 -19.1654 300
v -29.7071 -39.3162 300
v -32.3042 -37.7454 300
v 44.1327 29.662 300
v 39.3661 -33.625 300
v 37.5426 -36.3223 300
v -46.0076 27.0345 300
v 41.2617 -31.0314 300
v 49.6302 -1.68435 300
v 49.7081 -5.15312 300
v -53.2648 -7.61702 300
v 34.3345 40.3252 300
v 31.6846 41.947 300
v 23.5856 -47.0808 300
v 20.8862 -48.3924 300
v 49.6668 1.81521 300
v 35.8418 -39.2025 300
v 34.0811 -42.1826 300
v -1.48503 -52.905 300
v -5.18241 -52.5897 300
v -3.40611 50.6279 300
v 47.2776 -22.7222 300
v 1.98126 -53.1146 300
v 50.9393 15.2524 300
v -16.6241 -51.8388 300
v 45.0113 -25.7019 300
v 43.1834 -28.4722 300
v -21.1783 42.8549 300
v -23.9786 -41.6538 300
v -27.0105 -40.7137 300
v 49.781 5.31561 300
v -23.2446 40.3028 300
v -20.6042 -42.1412 300
v -45.9616 -14.0377 300
v 42.4353 24.7181 300
v 43.3299 21.8719 300
v 41.7274 -20.4721 300
v 48.4576 10.9397 300
v 49.871 8.47646 300
v -14.6577 42.494 300
v -12.3183 44.4572 300
v -41.6306 24.2806 300
v -39.8265 27.1376 300
v 44.5801 -4.63395 300
v 44.5818 -7.89698 300
v 8.06572 47.8615 300
v 10.9817 46.4513 300
v 33.5435 -33.2665 300
v 31.9043 -36.0483 300
v 14.0771 45.7641 300
v -40.3679 -23.1032 300
v -38.0417 29.8398 300
v -6.04964 45.0308 300
v -2.60196 45.5996 300
v -4.74771 -47.3998 300
v -8.19383 -47.2141 300
v -27.7716 42.1291 300
v -9.29897 44.6257 300
v 2.28059 -47.8767 300
v -1.27739 -47.5895 300
v 17.2021 45.4291 300
v 20.2192 45.1262 300
v 0.941126 46.4311 300
v -47.7659 3.91997 300
v -47.5943 7.13125 300
v -36.3766 32.5938 300
v -16.9085 40.5347 300
v 42.8837 -17.42 300
v -47.7985 -11.8821 300
v -48.2412 -9.15281 300
v 4.47883 47.6969 300
v -34.7482 35.4873 300
v -38.6017 -25.4041 300
v 35.6718 31.8823 300
v 37.9292 29.237 300
v 44.4425 19.0427 300
v 45.6512 16.1862 300
v 9.48388 -47.2199 300
v 6.16957 -48.5179 300
v 44.4886 -11.1597 300
v 43.9246 -14.3583 300
v 28.7808 38.6719 300
v 31.6642 37.2272 300
v 35.4887 -30.7297 300
v 44.5645 -1.31203 300
v -49.3232 -6.46159 300
v 47.1331 13.5278 300
v 33.5634 34.6383 300
v -29.301 -34.0917 300
v -31.9712 -32.4602 300
v 40.1305 26.7669 300
v -19.0754 38.4139 300
v 44.573 2.17291 300
v 0.274187 -11.3493 300
v -32.8032 38.7071 300
v -36.8422 -27.953 300
v -35.1064 -30.9727 300
v -11.6756 -47.0949 300
v 30.3408 -38.9965 300
v 44.7898 5.76882 300
v -29.5645 39.2176 300
v -18.4069 -37.732 300
v -21.1017 36.285 300
v -43.0131 -11.8062 300
v 8.32246 -41.4604 300
v 5.10615 -41.9956 300
v 43.8256 11.8062 300
v 45.6363 9.28756 300
v -37.2286 22.0993 300
v -36.4984 25.117 300
v -34.5621 27.4245 300
v 9.72912 41.7759 300
v 13.273 41.3063 300
v -37.712 -20.8116 300
v -40.9584 12.4763 300
v -39.7231 15.7246 300
v 29.2764 31.1669 300
v 31.731 28.2948 300
v -45.5226 -5.26082 300
v -1.34538 -42.5339 300
v -4.46571 -42.6403 300
v 16.6175 41.3359 300
v 19.7178 41.3465 300
v 27.9145 -32.905 300
v -8.83116 39.4574 300
v -5.39622 39.9407 300
v 23.2088 36.2009 300
v 26.8241 34.56 300
v 39.8735 -4.19464 300
v 40.0246 -7.29393 300
v -1.85082 40.5874 300
v 1.76052 41.3862 300
v -7.52232 -42.7282 300
v 11.5755 -40.9092 300
v 39.1431 2.67215 300
v 39.5952 -0.899467 300
v 5.61342 42.7985 300
v -14.9966 36.6919 300
v -12.3687 39.0226 300
v 37.2826 -18.8489 300
v -44.0298 -8.15933 300
v -35.1709 -22.5221 300
v 34.458 25.7728 300
v 40.6124 17.3537 300
v 42.0766 14.4108 300
v 1.84594 -42.3679 300
v 39.8288 20.5653 300
v -17.0138 -42.1527 300
v -38.486 19.0223 300
v -25.609 -30.2762 300
v -28.1496 -28.5388 300
v -42.5211 0.208486 300
v -25.2866 37.9772 300
v -17.2744 34.9455 300
v -33.0119 -24.5912 300
v 37.5467 23.5619 300
v -30.7019 -26.6804 300
v -13.7153 -42.2614 300
v -15.2806 -47.0442 300
v -16.5826 -33.6558 300
v -27.4536 35.9876 300
v -6.72412 -34.1257 300
v -8.72027 -31.7827 300
v -19.0983 32.9898 300
v 5.9331 36.4378 300
v 9.56555 36.6408 300
v 30.7208 22.0643 300
v 34.0628 19.6315 300
v 2.32582 35.9001 300
v 31.0077 -19.4068 300
v 29.5307 -22.2231 300
v -34.0664 -15.7167 300
v -35.4698 -12.4572 300
v 25.3012 27.049 300
v 27.9244 24.5496 300
v 10.1106 -35.5352 300
v 7.17404 -36.2459 300
v -24.6437 -24.8468 300
v -27.1826 -23.1519 300
v -7.9044 34.2538 300
v -4.62227 34.7737 300
v 13.101 36.9992 300
v -38.0985 0.677748 300
v -31.0213 24.8587 300
v -34.7641 13.9856 300
v -33.755 17.4495 300
v 32.4261 -16.4108 300
v 16.0155 -33.8809 300
v 13.0765 -34.7704 300
v 1.25961 -37.659 300
v -1.65553 -38.1854 300
v -29.8428 -21.3058 300
v -32.6627 -19.2081 300
v 4.2314 -37.049 300
v 36.1531 15.6741 300
v -33.2259 21.3755 300
v -35.9664 10.6874 300
v -37.2118 -9.28574 300
v -15.2123 -37.7611 300
v -1.17384 35.3618 300
v -22.053 -26.3185 300
v -15.9376 32.749 300
v -19.3533 -27.555 300
v 22.6354 29.5144 300
v 34.8646 -0.896681 300
v 34.2766 2.25941 300
v -16.5835 -28.5736 300
v -23.1621 34.306 300
v -13.8356 -29.4828 300
v -10.5805 -42.4985 300
v 26.5427 18.5424 300
v 28.9902 15.8587 300
v 11.9012 -30.3595 300
v 8.95989 -30.973 300
v 26.4536 -17.4197 300
v 25.4332 -20.4786 300
v 28.6658 -11.1796 300
v 8.52942 9.8282 300
v -13.668 -34.1666 300
v -29.3068 -13.0001 300
v -34.9715 0.65409 300
v -33.5195 2.91284 300
v 21.8256 23.5015 300
v 24.186 21.0822 300
v 6.16348 -31.8069 300
v -21.438 -21.2983 300
v -2.40472 -34.7583 300
v 12.0904 9.43927 300
v -31.2803 8.94686 300
v -29.9814 12.1221 300
v -19.5589 -10.3706 300
v -20.9827 30.843 300
v -11.3175 -30.6563 300
v 3.36475 -32.8119 300
v -3.79865 -31.5965 300
v 30.5237 -1.13063 300
v 15.0037 -29.6041 300
v -7.3316 29.555 300
v -3.97921 29.8861 300
v -28.9833 15.536 300
v -27.8976 18.9979 300
v -32.6351 5.90835 300
v 0.433265 -33.7782 300
v 27.5726 -14.3503 300
v -0.552423 30.3381 300
v 2.8862 30.7542 300
v -18.9764 -22.641 300
v 24.7939 -23.6293 300
v -16.4966 -23.8503 300
v 19.4096 25.7651 300
v 6.42608 31.3811 300
v -14.0943 -25.0349 300
v 9.97165 32.198 300
v -21.4987 -7.85249 300
v -33.6949 -1.65899 300
v 19.1193 13.422 300
v 14.6299 12.3644 300
v 24.4194 -6.52654 300
v 23.6677 -9.57744 300
v 22.9443 -12.6911 300
v -25.4899 -10.444 300
v 22.1749 -15.858 300
v -10.4303 24.8674 300
v -25.676 10.2804 300
v 3.61138 25.7575 300
v 7.2102 26.443 300
v 20.8958 18.2662 300
v 22.7491 15.6492 300
v -23.5851 17.2302 300
v -24.6257 13.7195 300
v -19.8637 24.4126 300
v 24.996 -3.34291 300
v -16.3886 -19.3792 300
v -18.9096 -18.0181 300
v 24.8514 12.9768 300
v 0.082257 25.4682 300
v -3.36419 25.2954 300
v 16.5851 -23.8193 300
v -14.1384 -20.702 300
v 16.8557 23.0291 300
v 18.8896 20.7647 300
v -6.79324 24.9493 300
v 19.5472 -8.49023 300
v 19.0774 -11.4674 300
v 21.0158 10.6512 300
v 14.074 -19.244 300
v -20.3435 11.8937 300
v 0.634663 20.6186 300
v 4.40271 20.1885 300
v -21.3798 8.42171 300
v -16.8717 6.84073 300
v -15.697 10.5396 300
v 8.46447 -15.6507 300
v 5.18035 -17.6775 300
# </points>

# <faces count="7885">
g Mesh_2
f 1 2 3
f 2 1 4
f 2 4 5
f 6 7 8
f 7 6 2
f 7 2 5
f 9 10 11
f 12 13 14
f 15 10 16
f 15 16 17
f 18 19 20
f 11 10 15
f 11 15 21
f 21 22 23
f 22 21 15
f 22 15 24
f 25 26 27
f 28 25 29
f 29 25 30
f 29 30 31
f 32 33 34
f 35 36 37
f 38 39 40
f 40 39 41
f 40 41 42
f 43 44 45
f 46 47 48
f 46 48 49
f 37 36 50
f 37 50 51
f 52 53 54
f 53 52 41
f 53 41 39
f 55 56 57
f 55 57 58
f 59 60 61
f 62 63 64
f 65 66 67
f 68 69 70
f 60 59 71
f 60 71 72
f 73 74 75
f 73 75 76
f 64 63 77
f 64 77 78
f 79 80 81
f 82 83 84
f 82 84 85
f 86 87 88
f 86 88 89
f 80 79 90
f 80 90 91
f 92 93 94
f 92 94 95
f 96 97 98
f 99 100 101
f 102 103 104
f 102 104 105
f 51 50 106
f 51 106 107
f 108 31 109
f 108 109 110
f 97 96 111
f 97 111 112
f 113 114 115
f 114 113 116
f 114 116 117
f 118 119 120
f 119 118 121
f 119 121 122
f 101 100 123
f 101 123 124
f 125 126 127
f 126 125 128
f 126 128 129
f 130 131 132
f 131 130 133
f 131 133 134
f 135 136 137
f 138 139 140
f 136 135 141
f 136 141 142
f 143 144 145
f 146 45 147
f 146 147 148
f 144 143 149
f 144 149 150
f 151 152 153
f 152 151 154
f 152 154 155
f 156 157 158
f 157 156 159
f 157 159 160
f 161 162 163
f 162 161 164
f 162 164 165
f 166 167 168
f 167 166 169
f 167 169 170
f 171 172 173
f 78 77 174
f 78 174 175
f 176 177 69
f 178 179 180
f 110 109 13
f 110 13 12
f 180 179 181
f 180 181 182
f 146 181 43
f 146 43 45
f 183 184 185
f 105 104 186
f 105 186 187
f 188 189 190
f 188 190 191
f 192 193 194
f 185 184 195
f 185 195 196
f 124 123 197
f 124 197 198
f 24 199 200
f 88 87 201
f 88 201 202
f 203 9 180
f 203 180 182
f 204 205 206
f 187 186 171
f 187 171 173
f 200 199 207
f 200 207 208
f 209 210 211
f 211 210 212
f 211 212 213
f 31 30 214
f 31 214 109
f 85 84 215
f 85 215 89
f 216 217 218
f 218 217 219
f 218 219 220
f 146 201 182
f 146 182 181
f 221 222 223
f 45 44 224
f 45 224 147
f 225 226 227
f 223 222 228
f 223 228 229
f 230 231 232
f 232 231 4
f 232 4 233
f 214 234 185
f 214 185 235
f 236 237 238
f 238 237 239
f 238 239 240
f 392 203 87
f 392 87 86
f 393 394 395
f 181 179 396
f 181 396 43
f 397 398 399
f 88 400 89
f 395 394 401
f 395 401 402
f 403 404 405
f 403 405 406
f 407 67 408
f 407 408 103
f 43 396 409
f 43 409 44
f 172 191 140
f 172 140 83
f 84 410 411
f 84 411 215
f 89 400 412
f 89 412 85
f 413 242 241
f 413 241 414
f 414 241 243
f 414 243 415
f 415 243 244
f 415 244 416
f 416 244 245
f 416 245 417
f 417 245 246
f 417 246 418
f 418 246 247
f 418 247 419
f 419 247 248
f 419 248 420
f 420 248 249
f 420 249 421
f 421 249 250
f 421 250 422
f 422 250 251
f 422 251 423
f 423 251 252
f 423 252 424
f 424 252 253
f 424 253 425
f 425 253 254
f 425 254 426
f 426 254 255
f 426 255 427
f 427 255 256
f 427 256 428
f 428 256 257
f 428 257 429
f 429 257 258
f 429 258 430
f 430 258 259
f 430 259 431
f 431 259 260
f 431 260 432
f 432 260 261
f 432 261 433
f 433 261 262
f 433 262 434
f 434 262 263
f 434 263 435
f 435 263 264
f 435 264 436
f 436 264 265
f 436 265 437
f 437 265 266
f 437 266 438
f 438 266 267
f 438 267 439
f 439 267 268
f 439 268 440
f 440 268 269
f 440 269 441
f 441 269 270
f 441 270 442
f 442 270 271
f 442 271 443
f 443 271 272
f 443 272 444
f 444 272 273
f 444 273 445
f 445 273 274
f 445 274 446
f 446 274 275
f 446 275 447
f 447 275 276
f 447 276 448
f 448 276 277
f 448 277 449
f 449 277 278
f 449 278 450
f 450 278 279
f 450 279 451
f 451 279 280
f 451 280 452
f 452 280 281
f 452 281 453
f 453 281 282
f 453 282 454
f 454 282 283
f 454 283 455
f 455 283 284
f 455 284 456
f 456 284 285
f 456 285 457
f 457 285 286
f 457 286 458
f 458 286 287
f 458 287 459
f 459 287 288
f 459 288 460
f 460 288 289
f 460 289 461
f 461 289 290
f 461 290 462
f 462 290 291
f 462 291 463
f 463 291 292
f 463 292 464
f 464 292 293
f 464 293 465
f 465 293 294
f 465 294 466
f 466 294 295
f 466 295 467
f 467 295 296
f 467 296 468
f 468 296 297
f 468 297 469
f 469 297 298
f 469 298 470
f 470 298 299
f 470 299 471
f 471 299 300
f 471 300 472
f 472 300 301
f 472 301 473
f 473 301 302
f 473 302 474
f 474 302 303
f 474 303 475
f 475 303 304
f 475 304 476
f 476 304 305
f 476 305 477
f 477 305 306
f 477 306 478
f 478 306 307
f 478 307 479
f 479 307 308
f 479 308 480
f 480 308 309
f 480 309 481
f 481 309 310
f 481 310 482
f 482 310 311
f 482 311 483
f 483 311 312
f 483 312 484
f 484 312 313
f 484 313 485
f 485 313 314
f 485 314 486
f 486 314 315
f 486 315 487
f 487 315 316
f 487 316 488
f 488 316 317
f 488 317 489
f 489 317 318
f 489 318 490
f 490 318 319
f 490 319 491
f 491 319 320
f 491 320 492
f 492 320 321
f 492 321 493
f 493 321 322
f 493 322 494
f 494 322 323
f 494 323 495
f 495 323 324
f 495 324 496
f 496 324 325
f 496 325 497
f 497 325 326
f 497 326 498
f 498 326 327
f 498 327 499
f 499 327 328
f 499 328 500
f 500 328 329
f 500 329 501
f 501 329 330
f 501 330 502
f 502 330 331
f 502 331 503
f 503 331 332
f 503 332 504
f 504 332 333
f 504 333 505
f 505 333 334
f 505 334 506
f 506 334 335
f 506 335 507
f 507 335 336
f 507 336 508
f 508 336 337
f 508 337 509
f 509 337 338
f 509 338 510
f 510 338 339
f 510 339 511
f 511 339 340
f 511 340 512
f 512 340 341
f 512 341 513
f 513 341 342
f 513 342 514
f 514 342 343
f 514 343 515
f 515 343 344
f 515 344 516
f 516 344 345
f 516 345 517
f 517 345 346
f 517 346 518
f 518 346 347
f 518 347 519
f 519 347 348
f 519 348 520
f 520 348 349
f 520 349 521
f 521 349 350
f 521 350 522
f 522 350 351
f 522 351 523
f 523 351 352
f 523 352 524
f 524 352 353
f 524 353 525
f 525 353 354
f 525 354 526
f 526 354 355
f 526 355 527
f 527 355 356
f 527 356 528
f 528 356 357
f 528 357 529
f 529 357 358
f 529 358 530
f 530 358 359
f 530 359 531
f 531 359 360
f 531 360 532
f 532 360 361
f 532 361 533
f 533 361 362
f 533 362 534
f 534 362 363
f 534 363 535
f 535 363 364
f 535 364 536
f 536 364 365
f 536 365 537
f 537 365 366
f 537 366 538
f 538 366 367
f 538 367 539
f 539 367 368
f 539 368 540
f 540 368 369
f 540 369 541
f 541 369 370
f 541 370 542
f 542 370 371
f 542 371 543
f 543 371 372
f 543 372 544
f 544 372 373
f 544 373 545
f 545 373 374
f 545 374 546
f 546 374 375
f 546 375 547
f 547 375 376
f 547 376 548
f 548 376 377
f 548 377 549
f 549 377 378
f 549 378 550
f 550 378 379
f 550 379 551
f 551 379 380
f 551 380 552
f 552 380 381
f 552 381 553
f 553 381 382
f 553 382 554
f 554 382 383
f 554 383 555
f 555 383 384
f 555 384 556
f 556 384 385
f 556 385 557
f 557 385 386
f 557 386 558
f 558 386 387
f 558 387 559
f 559 387 388
f 559 388 560
f 560 388 389
f 560 389 561
f 561 389 390
f 561 390 562
f 562 390 391
f 562 391 563
f 563 391 242
f 563 242 413
f 564 565 95
f 564 95 566
f 567 568 565
f 567 565 564
f 569 570 568
f 569 568 567
f 571 572 570
f 571 570 569
f 573 574 572
f 573 572 571
f 575 576 574
f 575 574 573
f 577 578 576
f 577 576 575
f 579 580 578
f 579 578 577
f 581 582 580
f 581 580 579
f 583 584 582
f 583 582 581
f 585 586 584
f 585 584 583
f 587 588 586
f 587 586 585
f 589 590 588
f 589 588 587
f 591 592 590
f 591 590 589
f 593 594 592
f 593 592 591
f 595 596 594
f 595 594 593
f 597 598 596
f 597 596 595
f 599 600 598
f 599 598 597
f 601 99 600
f 601 600 599
f 602 100 99
f 602 99 601
f 603 123 100
f 603 100 602
f 604 197 123
f 604 123 603
f 605 606 197
f 605 197 604
f 607 608 606
f 607 606 605
f 609 610 608
f 609 608 607
f 611 612 610
f 611 610 609
f 613 614 612
f 613 612 611
f 615 616 614
f 615 614 613
f 617 618 616
f 617 616 615
f 619 620 618
f 619 618 617
f 621 622 620
f 621 620 619
f 623 624 622
f 623 622 621
f 625 626 624
f 625 624 623
f 627 628 626
f 627 626 625
f 629 630 628
f 629 628 627
f 631 632 630
f 631 630 629
f 633 634 632
f 633 632 631
f 635 636 634
f 635 634 633
f 637 638 636
f 637 636 635
f 639 640 638
f 639 638 637
f 641 642 640
f 641 640 639
f 643 644 642
f 643 642 641
f 645 646 644
f 645 644 643
f 647 648 646
f 647 646 645
f 649 650 648
f 649 648 647
f 651 652 650
f 651 650 649
f 653 654 652
f 653 652 651
f 655 656 654
f 655 654 653
f 657 658 656
f 657 656 655
f 659 75 658
f 659 658 657
f 660 76 75
f 660 75 659
f 661 662 76
f 661 76 660
f 663 664 662
f 663 662 661
f 665 666 664
f 665 664 663
f 667 668 666
f 667 666 665
f 669 670 668
f 669 668 667
f 671 672 670
f 671 670 669
f 673 674 672
f 673 672 671
f 675 676 674
f 675 674 673
f 677 678 676
f 677 676 675
f 679 680 678
f 679 678 677
f 681 682 680
f 681 680 679
f 683 684 682
f 683 682 681
f 685 686 684
f 685 684 683
f 687 688 686
f 687 686 685
f 689 690 688
f 689 688 687
f 691 692 690
f 691 690 689
f 693 694 692
f 693 692 691
f 695 696 694
f 695 694 693
f 697 62 696
f 697 696 695
f 698 63 62
f 698 62 697
f 699 77 63
f 699 63 698
f 700 174 77
f 700 77 699
f 701 702 174
f 701 174 700
f 703 704 702
f 703 702 701
f 705 706 704
f 705 704 703
f 707 708 706
f 707 706 705
f 709 710 708
f 709 708 707
f 711 712 710
f 711 710 709
f 713 714 712
f 713 712 711
f 715 716 714
f 715 714 713
f 717 718 716
f 717 716 715
f 719 720 718
f 719 718 717
f 721 722 720
f 721 720 719
f 723 724 722
f 723 722 721
f 725 726 724
f 725 724 723
f 727 728 726
f 727 726 725
f 729 730 728
f 729 728 727
f 731 732 730
f 731 730 729
f 733 734 732
f 733 732 731
f 735 736 734
f 735 734 733
f 737 738 736
f 737 736 735
f 739 740 738
f 739 738 737
f 741 742 740
f 741 740 739
f 743 744 742
f 743 742 741
f 745 746 744
f 745 744 743
f 747 748 746
f 747 746 745
f 749 750 748
f 749 748 747
f 751 752 750
f 751 750 749
f 753 754 752
f 753 752 751
f 755 57 754
f 755 754 753
f 756 58 57
f 756 57 755
f 757 758 58
f 757 58 756
f 759 760 758
f 759 758 757
f 761 762 760
f 761 760 759
f 763 764 762
f 763 762 761
f 765 766 764
f 765 764 763
f 767 768 766
f 767 766 765
f 769 770 768
f 769 768 767
f 771 772 770
f 771 770 769
f 773 774 772
f 773 772 771
f 775 776 774
f 775 774 773
f 777 778 776
f 777 776 775
f 779 780 778
f 779 778 777
f 781 782 780
f 781 780 779
f 783 784 782
f 783 782 781
f 785 786 784
f 785 784 783
f 787 788 786
f 787 786 785
f 789 790 788
f 789 788 787
f 791 792 790
f 791 790 789
f 793 35 792
f 793 792 791
f 794 36 35
f 794 35 793
f 795 50 36
f 795 36 794
f 796 106 50
f 796 50 795
f 797 798 106
f 797 106 796
f 799 800 798
f 799 798 797
f 801 802 800
f 801 800 799
f 803 804 802
f 803 802 801
f 805 806 804
f 805 804 803
f 807 808 806
f 807 806 805
f 809 810 808
f 809 808 807
f 811 812 810
f 811 810 809
f 813 814 812
f 813 812 811
f 815 816 814
f 815 814 813
f 817 818 816
f 817 816 815
f 819 820 818
f 819 818 817
f 821 822 820
f 821 820 819
f 823 824 822
f 823 822 821
f 825 826 824
f 825 824 823
f 827 828 826
f 827 826 825
f 829 830 828
f 829 828 827
f 831 832 830
f 831 830 829
f 833 834 832
f 833 832 831
f 835 836 834
f 835 834 833
f 837 838 836
f 837 836 835
f 839 840 838
f 839 838 837
f 841 842 840
f 841 840 839
f 843 844 842
f 843 842 841
f 845 846 844
f 845 844 843
f 847 94 846
f 847 846 845
f 566 95 94
f 566 94 847
f 848 849 413
f 848 413 414
f 850 851 849
f 850 849 848
f 852 853 851
f 852 851 850
f 854 855 853
f 854 853 852
f 856 857 855
f 856 855 854
f 858 859 857
f 858 857 856
f 860 861 859
f 860 859 858
f 564 566 861
f 564 861 860
f 563 413 849
f 563 849 862
f 862 849 851
f 862 851 863
f 863 851 853
f 863 853 864
f 864 853 855
f 864 855 865
f 865 855 857
f 865 857 866
f 866 857 859
f 866 859 867
f 867 859 861
f 867 861 868
f 868 861 566
f 868 566 847
f 869 416 417
f 869 417 870
f 870 417 418
f 870 418 871
f 871 418 419
f 871 419 872
f 872 419 420
f 872 420 873
f 873 420 421
f 873 421 874
f 874 421 422
f 874 422 875
f 875 422 423
f 875 423 876
f 876 423 424
f 876 424 877
f 877 424 425
f 877 425 878
f 878 425 426
f 878 426 879
f 879 426 427
f 879 427 880
f 880 427 428
f 880 428 881
f 881 428 429
f 881 429 882
f 882 429 430
f 882 430 883
f 883 430 431
f 883 431 884
f 884 431 432
f 884 432 885
f 885 432 433
f 885 433 886
f 886 433 434
f 886 434 887
f 887 434 435
f 887 435 888
f 888 435 436
f 888 436 889
f 889 436 437
f 889 437 890
f 890 437 438
f 890 438 891
f 891 438 439
f 891 439 892
f 892 439 440
f 892 440 893
f 893 440 441
f 893 441 894
f 894 441 442
f 894 442 895
f 895 442 443
f 895 443 896
f 896 443 444
f 896 444 897
f 897 444 445
f 897 445 898
f 898 445 446
f 898 446 899
f 899 446 447
f 899 447 900
f 900 447 448
f 900 448 901
f 901 448 449
f 901 449 902
f 902 449 450
f 902 450 903
f 903 450 451
f 903 451 904
f 904 451 452
f 904 452 905
f 905 452 453
f 905 453 906
f 906 453 454
f 906 454 907
f 907 454 455
f 907 455 908
f 908 455 456
f 908 456 909
f 909 456 457
f 909 457 910
f 910 457 458
f 910 458 911
f 911 458 459
f 911 459 912
f 912 459 460
f 912 460 913
f 913 460 461
f 913 461 914
f 914 461 462
f 914 462 915
f 915 462 463
f 915 463 916
f 916 463 464
f 916 464 917
f 917 464 465
f 917 465 918
f 918 465 466
f 918 466 919
f 919 466 467
f 919 467 920
f 920 467 468
f 920 468 921
f 921 468 469
f 921 469 922
f 922 469 470
f 922 470 923
f 923 470 471
f 923 471 924
f 924 471 472
f 924 472 925
f 925 472 473
f 925 473 926
f 926 473 474
f 926 474 927
f 927 474 475
f 927 475 928
f 928 475 476
f 928 476 929
f 929 476 477
f 929 477 930
f 930 477 478
f 930 478 931
f 931 478 479
f 931 479 932
f 932 479 480
f 932 480 933
f 933 480 481
f 933 481 934
f 934 481 482
f 934 482 935
f 935 482 483
f 935 483 936
f 936 483 484
f 936 484 937
f 937 484 485
f 937 485 938
f 938 485 486
f 938 486 939
f 939 486 487
f 939 487 940
f 940 487 488
f 940 488 941
f 941 488 489
f 941 489 942
f 942 489 490
f 942 490 943
f 943 490 491
f 943 491 944
f 944 491 492
f 944 492 945
f 945 492 493
f 945 493 946
f 946 493 494
f 946 494 947
f 947 494 495
f 947 495 948
f 948 495 496
f 948 496 949
f 949 496 497
f 949 497 950
f 950 497 498
f 950 498 951
f 951 498 499
f 951 499 952
f 952 499 500
f 952 500 953
f 953 500 501
f 953 501 954
f 954 501 502
f 954 502 955
f 955 502 503
f 955 503 956
f 956 503 504
f 956 504 957
f 957 504 505
f 957 505 958
f 958 505 506
f 958 506 959
f 959 506 507
f 959 507 960
f 960 507 508
f 960 508 961
f 961 508 509
f 961 509 962
f 962 509 510
f 962 510 963
f 963 510 511
f 963 511 964
f 964 511 512
f 964 512 965
f 965 512 513
f 965 513 966
f 966 513 514
f 966 514 967
f 967 514 515
f 967 515 968
f 968 515 516
f 968 516 969
f 969 516 517
f 969 517 970
f 970 517 518
f 970 518 971
f 971 518 519
f 971 519 972
f 972 519 520
f 972 520 973
f 973 520 521
f 973 521 974
f 974 521 522
f 974 522 975
f 975 522 523
f 975 523 976
f 976 523 524
f 976 524 977
f 977 524 525
f 977 525 978
f 978 525 526
f 978 526 979
f 979 526 527
f 979 527 980
f 980 527 528
f 980 528 981
f 981 528 529
f 981 529 982
f 982 529 530
f 982 530 983
f 983 530 531
f 983 531 984
f 984 531 532
f 984 532 985
f 985 532 533
f 985 533 986
f 986 533 534
f 986 534 987
f 987 534 535
f 987 535 988
f 988 535 536
f 988 536 989
f 989 536 537
f 989 537 990
f 990 537 538
f 990 538 991
f 991 538 539
f 991 539 992
f 992 539 540
f 992 540 993
f 993 540 541
f 993 541 994
f 994 541 542
f 994 542 995
f 995 542 543
f 995 543 996
f 996 543 544
f 996 544 997
f 997 544 545
f 997 545 998
f 998 545 546
f 998 546 999
f 999 546 547
f 999 547 1000
f 1000 547 548
f 1000 548 1001
f 1001 548 549
f 1001 549 1002
f 1002 549 550
f 1002 550 1003
f 1003 550 551
f 1003 551 1004
f 1004 551 552
f 1004 552 1005
f 1005 552 553
f 1005 553 1006
f 1006 553 554
f 1006 554 1007
f 1007 554 555
f 1007 555 1008
f 1008 555 556
f 1008 556 1009
f 1009 556 557
f 1009 557 1010
f 1010 557 558
f 1010 558 1011
f 1011 558 559
f 1011 559 1012
f 1012 559 560
f 1012 560 1013
f 1013 560 561
f 1013 561 1014
f 1014 561 562
f 1014 562 1015
f 1015 562 563
f 1015 563 862
f 1015 862 863
f 1015 863 1016
f 1017 567 564
f 1017 564 860
f 1018 569 567
f 1018 567 1017
f 1019 571 569
f 1019 569 1018
f 1020 573 571
f 1020 571 1019
f 1021 575 573
f 1021 573 1020
f 1022 577 575
f 1022 575 1021
f 1023 579 577
f 1023 577 1022
f 1024 581 579
f 1024 579 1023
f 1025 583 581
f 1025 581 1024
f 1026 585 583
f 1026 583 1025
f 1027 587 585
f 1027 585 1026
f 1028 589 587
f 1028 587 1027
f 1029 591 589
f 1029 589 1028
f 1030 593 591
f 1030 591 1029
f 1031 595 593
f 1031 593 1030
f 1032 597 595
f 1032 595 1031
f 1033 599 597
f 1033 597 1032
f 1034 601 599
f 1034 599 1033
f 1035 602 601
f 1035 601 1034
f 1036 603 602
f 1036 602 1035
f 1037 604 603
f 1037 603 1036
f 1038 605 604
f 1038 604 1037
f 1039 607 605
f 1039 605 1038
f 1040 609 607
f 1040 607 1039
f 1041 611 609
f 1041 609 1040
f 1042 613 611
f 1042 611 1041
f 1043 615 613
f 1043 613 1042
f 1044 617 615
f 1044 615 1043
f 1045 619 617
f 1045 617 1044
f 1046 621 619
f 1046 619 1045
f 1047 623 621
f 1047 621 1046
f 1048 625 623
f 1048 623 1047
f 1049 627 625
f 1049 625 1048
f 1050 629 627
f 1050 627 1049
f 1051 631 629
f 1051 629 1050
f 1052 633 631
f 1052 631 1051
f 1053 635 633
f 1053 633 1052
f 1054 637 635
f 1054 635 1053
f 1055 639 637
f 1055 637 1054
f 1056 641 639
f 1056 639 1055
f 1057 643 641
f 1057 641 1056
f 1058 645 643
f 1058 643 1057
f 1059 647 645
f 1059 645 1058
f 1060 649 647
f 1060 647 1059
f 1061 651 649
f 1061 649 1060
f 1062 653 651
f 1062 651 1061
f 1063 655 653
f 1063 653 1062
f 1064 657 655
f 1064 655 1063
f 1065 659 657
f 1065 657 1064
f 1066 660 659
f 1066 659 1065
f 1067 661 660
f 1067 660 1066
f 1068 663 661
f 1068 661 1067
f 1069 665 663
f 1069 663 1068
f 1070 667 665
f 1070 665 1069
f 1071 669 667
f 1071 667 1070
f 1072 671 669
f 1072 669 1071
f 1073 673 671
f 1073 671 1072
f 1074 675 673
f 1074 673 1073
f 1075 677 675
f 1075 675 1074
f 1076 679 677
f 1076 677 1075
f 1077 681 679
f 1077 679 1076
f 1078 683 681
f 1078 681 1077
f 1079 685 683
f 1079 683 1078
f 1080 687 685
f 1080 685 1079
f 1081 689 687
f 1081 687 1080
f 1082 691 689
f 1082 689 1081
f 1083 693 691
f 1083 691 1082
f 1084 695 693
f 1084 693 1083
f 1085 697 695
f 1085 695 1084
f 1086 698 697
f 1086 697 1085
f 1087 699 698
f 1087 698 1086
f 1088 700 699
f 1088 699 1087
f 1089 701 700
f 1089 700 1088
f 1090 703 701
f 1090 701 1089
f 1091 705 703
f 1091 703 1090
f 1092 707 705
f 1092 705 1091
f 1093 709 707
f 1093 707 1092
f 1094 711 709
f 1094 709 1093
f 1095 713 711
f 1095 711 1094
f 1096 715 713
f 1096 713 1095
f 1097 717 715
f 1097 715 1096
f 1098 719 717
f 1098 717 1097
f 1099 721 719
f 1099 719 1098
f 1100 723 721
f 1100 721 1099
f 1101 725 723
f 1101 723 1100
f 1102 727 725
f 1102 725 1101
f 1103 729 727
f 1103 727 1102
f 1104 731 729
f 1104 729 1103
f 1105 733 731
f 1105 731 1104
f 1106 735 733
f 1106 733 1105
f 1107 737 735
f 1107 735 1106
f 1108 739 737
f 1108 737 1107
f 1109 741 739
f 1109 739 1108
f 1110 743 741
f 1110 741 1109
f 1111 745 743
f 1111 743 1110
f 1112 747 745
f 1112 745 1111
f 1113 749 747
f 1113 747 1112
f 1114 751 749
f 1114 749 1113
f 1115 753 751
f 1115 751 1114
f 1116 755 753
f 1116 753 1115
f 1117 756 755
f 1117 755 1116
f 1118 757 756
f 1118 756 1117
f 1119 759 757
f 1119 757 1118
f 1120 761 759
f 1120 759 1119
f 1121 763 761
f 1121 761 1120
f 1122 765 763
f 1122 763 1121
f 1123 767 765
f 1123 765 1122
f 1124 769 767
f 1124 767 1123
f 1125 771 769
f 1125 769 1124
f 1126 773 771
f 1126 771 1125
f 1127 775 773
f 1127 773 1126
f 1128 777 775
f 1128 775 1127
f 1129 779 777
f 1129 777 1128
f 1130 781 779
f 1130 779 1129
f 1131 783 781
f 1131 781 1130
f 1132 785 783
f 1132 783 1131
f 1133 787 785
f 1133 785 1132
f 1134 789 787
f 1134 787 1133
f 1135 791 789
f 1135 789 1134
f 1136 793 791
f 1136 791 1135
f 1137 794 793
f 1137 793 1136
f 1138 795 794
f 1138 794 1137
f 1139 796 795
f 1139 795 1138
f 1140 797 796
f 1140 796 1139
f 1141 799 797
f 1141 797 1140
f 1142 801 799
f 1142 799 1141
f 1143 803 801
f 1143 801 1142
f 1144 805 803
f 1144 803 1143
f 1145 807 805
f 1145 805 1144
f 1146 809 807
f 1146 807 1145
f 1147 811 809
f 1147 809 1146
f 1148 813 811
f 1148 811 1147
f 1149 815 813
f 1149 813 1148
f 1150 817 815
f 1150 815 1149
f 1151 819 817
f 1151 817 1150
f 1152 821 819
f 1152 819 1151
f 1153 823 821
f 1153 821 1152
f 1154 825 823
f 1154 823 1153
f 1155 827 825
f 1155 825 1154
f 1156 829 827
f 1156 827 1155
f 1157 831 829
f 1157 829 1156
f 1158 833 831
f 1158 831 1157
f 1159 835 833
f 1159 833 1158
f 1160 837 835
f 1160 835 1159
f 1161 839 837
f 1161 837 1160
f 1162 841 839
f 1162 839 1161
f 1163 843 841
f 1163 841 1162
f 1164 845 843
f 1164 843 1163
f 868 847 845
f 868 845 1164
f 848 414 415
f 848 415 1165
f 1166 850 848
f 1166 848 1165
f 1167 852 850
f 1167 850 1166
f 1168 854 852
f 1168 852 1167
f 1169 856 854
f 1169 854 1168
f 1170 858 856
f 1170 856 1169
f 1017 860 858
f 1017 858 1170
f 1171 864 865
f 1171 865 1172
f 1172 865 866
f 1172 866 1173
f 1173 866 867
f 1173 867 1174
f 1174 867 868
f 1174 868 1164
f 1016 863 864
f 1016 864 1171
f 1165 415 416
f 1165 416 869
f 1175 870 871
f 1175 871 1176
f 1177 873 874
f 1177 874 1178
f 1178 874 875
f 1178 875 1179
f 1179 875 876
f 1179 876 1180
f 1180 876 877
f 1180 877 1181
f 1181 877 878
f 1181 878 1182
f 1182 878 879
f 1182 879 1183
f 1183 879 880
f 1183 880 1184
f 1184 880 881
f 1184 881 1185
f 1185 881 882
f 1185 882 1186
f 1186 882 883
f 1186 883 1187
f 1187 883 884
f 1187 884 1188
f 1188 884 885
f 1188 885 1189
f 1189 885 886
f 1189 886 1190
f 1190 886 887
f 1190 887 1191
f 1191 887 888
f 1191 888 1192
f 1192 888 889
f 1192 889 1193
f 1193 889 890
f 1193 890 1194
f 1194 890 891
f 1194 891 1195
f 1195 891 892
f 1195 892 1196
f 1196 892 893
f 1196 893 1197
f 1197 893 894
f 1197 894 1198
f 1198 894 895
f 1198 895 1199
f 1199 895 896
f 1199 896 1200
f 1200 896 897
f 1200 897 1201
f 1201 897 898
f 1201 898 1202
f 1202 898 899
f 1202 899 1203
f 1203 899 900
f 1203 900 1204
f 1204 900 901
f 1204 901 1205
f 1205 901 902
f 1205 902 1206
f 1206 902 903
f 1206 903 1207
f 1207 903 904
f 1207 904 1208
f 1208 904 905
f 1208 905 1209
f 1209 905 906
f 1209 906 1210
f 1210 906 907
f 1210 907 1211
f 1211 907 908
f 1211 908 1212
f 1212 908 909
f 1212 909 1213
f 1213 909 910
f 1213 910 1214
f 1214 910 911
f 1214 911 1215
f 1215 911 912
f 1215 912 1216
f 1216 912 913
f 1216 913 1217
f 1217 913 914
f 1217 914 1218
f 1218 914 915
f 1218 915 1219
f 1219 915 916
f 1219 916 1220
f 1220 916 917
f 1220 917 1221
f 1221 917 918
f 1221 918 1222
f 1222 918 919
f 1222 919 1223
f 1223 919 920
f 1223 920 1224
f 1224 920 921
f 1224 921 1225
f 1225 921 922
f 1225 922 1226
f 1226 922 923
f 1226 923 1227
f 1227 923 924
f 1227 924 1228
f 1228 924 925
f 1228 925 1229
f 1229 925 926
f 1229 926 1230
f 1230 926 927
f 1230 927 1231
f 1231 927 928
f 1231 928 1232
f 1232 928 929
f 1232 929 1233
f 1233 929 930
f 1233 930 1234
f 1234 930 931
f 1234 931 1235
f 1235 931 932
f 1235 932 1236
f 1236 932 933
f 1236 933 1237
f 1237 933 934
f 1237 934 1238
f 1238 934 935
f 1238 935 1239
f 1239 935 936
f 1239 936 1240
f 1240 936 937
f 1240 937 1241
f 1241 937 938
f 1241 938 1242
f 1242 938 939
f 1242 939 1243
f 1243 939 940
f 1243 940 1244
f 1244 940 941
f 1244 941 1245
f 1245 941 942
f 1245 942 1246
f 1246 942 943
f 1246 943 1247
f 1247 943 944
f 1247 944 1248
f 1248 944 945
f 1248 945 1249
f 1249 945 946
f 1249 946 1250
f 1250 946 947
f 1250 947 1251
f 1251 947 948
f 1251 948 1252
f 1252 948 949
f 1252 949 1253
f 1253 949 950
f 1253 950 1254
f 1254 950 951
f 1254 951 1255
f 1255 951 952
f 1255 952 1256
f 1256 952 953
f 1256 953 1257
f 1257 953 954
f 1257 954 1258
f 1258 954 955
f 1258 955 1259
f 1259 955 956
f 1259 956 1260
f 1260 956 957
f 1260 957 1261
f 1261 957 958
f 1261 958 1262
f 1262 958 959
f 1262 959 1263
f 1263 959 960
f 1263 960 1264
f 1264 960 961
f 1264 961 1265
f 1265 961 962
f 1265 962 1266
f 1266 962 963
f 1266 963 1267
f 1267 963 964
f 1267 964 1268
f 1268 964 965
f 1268 965 1269
f 1269 965 966
f 1269 966 1270
f 1270 966 967
f 1270 967 1271
f 1271 967 968
f 1271 968 1272
f 1272 968 969
f 1272 969 1273
f 1273 969 970
f 1273 970 1274
f 1274 970 971
f 1274 971 1275
f 1275 971 972
f 1275 972 1276
f 1276 972 973
f 1276 973 1277
f 1277 973 974
f 1277 974 1278
f 1278 974 975
f 1278 975 1279
f 1279 975 976
f 1279 976 1280
f 1280 976 977
f 1280 977 1281
f 1281 977 978
f 1281 978 1282
f 1282 978 979
f 1282 979 1283
f 1283 979 980
f 1283 980 1284
f 1284 980 981
f 1284 981 1285
f 1285 981 982
f 1285 982 1286
f 1286 982 983
f 1286 983 1287
f 1287 983 984
f 1287 984 1288
f 1288 984 985
f 1288 985 1289
f 1289 985 986
f 1289 986 1290
f 1290 986 987
f 1290 987 1291
f 1291 987 988
f 1291 988 1292
f 1292 988 989
f 1292 989 1293
f 1293 989 990
f 1293 990 1294
f 1294 990 991
f 1294 991 1295
f 1295 991 992
f 1295 992 1296
f 1296 992 993
f 1296 993 1297
f 1297 993 994
f 1297 994 1298
f 1298 994 995
f 1298 995 1299
f 1299 995 996
f 1299 996 1300
f 1300 996 997
f 1300 997 1301
f 1301 997 998
f 1301 998 1302
f 1302 998 999
f 1302 999 1303
f 1303 999 1000
f 1303 1000 1304
f 1304 1000 1001
f 1304 1001 1305
f 1305 1001 1002
f 1305 1002 1306
f 1306 1002 1003
f 1306 1003 1307
f 1307 1003 1004
f 1307 1004 1308
f 1308 1004 1005
f 1308 1005 1309
f 1309 1005 1006
f 1309 1006 1310
f 1310 1006 1007
f 1310 1007 1311
f 1311 1007 1008
f 1311 1008 1312
f 1312 1008 1009
f 1312 1009 1313
f 1313 1009 1010
f 1313 1010 1314
f 1314 1010 1011
f 1314 1011 1315
f 1315 1011 1012
f 1315 1012 1316
f 1316 1012 1013
f 1316 1013 1317
f 1317 1013 1014
f 1317 1014 1318
f 1318 1014 1015
f 1318 1015 1016
f 1319 1173 1174
f 1319 1174 1320
f 1321 869 870
f 1321 870 1175
f 1322 1018 1017
f 1322 1017 1170
f 1323 1019 1018
f 1323 1018 1322
f 1324 1020 1019
f 1324 1019 1323
f 1325 1021 1020
f 1325 1020 1324
f 1326 1022 1021
f 1326 1021 1325
f 1327 1023 1022
f 1327 1022 1326
f 1328 1024 1023
f 1328 1023 1327
f 1329 1025 1024
f 1329 1024 1328
f 1330 1026 1025
f 1330 1025 1329
f 1331 1027 1026
f 1331 1026 1330
f 1332 1028 1027
f 1332 1027 1331
f 1333 1029 1028
f 1333 1028 1332
f 1334 1030 1029
f 1334 1029 1333
f 1335 1031 1030
f 1335 1030 1334
f 1336 1032 1031
f 1336 1031 1335
f 1337 1033 1032
f 1337 1032 1336
f 1338 1034 1033
f 1338 1033 1337
f 1339 1035 1034
f 1339 1034 1338
f 1340 1036 1035
f 1340 1035 1339
f 1341 1037 1036
f 1341 1036 1340
f 1342 1038 1037
f 1342 1037 1341
f 1343 1039 1038
f 1343 1038 1342
f 1344 1040 1039
f 1344 1039 1343
f 1345 1041 1040
f 1345 1040 1344
f 1346 1042 1041
f 1346 1041 1345
f 1347 1043 1042
f 1347 1042 1346
f 1348 1044 1043
f 1348 1043 1347
f 1349 1045 1044
f 1349 1044 1348
f 1350 1046 1045
f 1350 1045 1349
f 1351 1047 1046
f 1351 1046 1350
f 1352 1048 1047
f 1352 1047 1351
f 1353 1049 1048
f 1353 1048 1352
f 1354 1050 1049
f 1354 1049 1353
f 1355 1051 1050
f 1355 1050 1354
f 1356 1052 1051
f 1356 1051 1355
f 1357 1053 1052
f 1357 1052 1356
f 1358 1054 1053
f 1358 1053 1357
f 1359 1055 1054
f 1359 1054 1358
f 1360 1056 1055
f 1360 1055 1359
f 1361 1057 1056
f 1361 1056 1360
f 1362 1058 1057
f 1362 1057 1361
f 1363 1059 1058
f 1363 1058 1362
f 1364 1060 1059
f 1364 1059 1363
f 1365 1061 1060
f 1365 1060 1364
f 1366 1062 1061
f 1366 1061 1365
f 1367 1063 1062
f 1367 1062 1366
f 1368 1064 1063
f 1368 1063 1367
f 1369 1065 1064
f 1369 1064 1368
f 1370 1066 1065
f 1370 1065 1369
f 1371 1067 1066
f 1371 1066 1370
f 1372 1068 1067
f 1372 1067 1371
f 1373 1069 1068
f 1373 1068 1372
f 1374 1070 1069
f 1374 1069 1373
f 1375 1071 1070
f 1375 1070 1374
f 1376 1072 1071
f 1376 1071 1375
f 1377 1073 1072
f 1377 1072 1376
f 1378 1074 1073
f 1378 1073 1377
f 1379 1075 1074
f 1379 1074 1378
f 1380 1076 1075
f 1380 1075 1379
f 1381 1077 1076
f 1381 1076 1380
f 1382 1078 1077
f 1382 1077 1381
f 1383 1079 1078
f 1383 1078 1382
f 1384 1080 1079
f 1384 1079 1383
f 1385 1081 1080
f 1385 1080 1384
f 1386 1082 1081
f 1386 1081 1385
f 1387 1083 1082
f 1387 1082 1386
f 1388 1084 1083
f 1388 1083 1387
f 1389 1085 1084
f 1389 1084 1388
f 1390 1086 1085
f 1390 1085 1389
f 1391 1087 1086
f 1391 1086 1390
f 1392 1088 1087
f 1392 1087 1391
f 1393 1089 1088
f 1393 1088 1392
f 1394 1090 1089
f 1394 1089 1393
f 1395 1091 1090
f 1395 1090 1394
f 1396 1092 1091
f 1396 1091 1395
f 1397 1093 1092
f 1397 1092 1396
f 1398 1094 1093
f 1398 1093 1397
f 1399 1095 1094
f 1399 1094 1398
f 1400 1096 1095
f 1400 1095 1399
f 1401 1097 1096
f 1401 1096 1400
f 1402 1098 1097
f 1402 1097 1401
f 1403 1099 1098
f 1403 1098 1402
f 1404 1100 1099
f 1404 1099 1403
f 1405 1101 1100
f 1405 1100 1404
f 1406 1102 1101
f 1406 1101 1405
f 1407 1103 1102
f 1407 1102 1406
f 1408 1104 1103
f 1408 1103 1407
f 1409 1105 1104
f 1409 1104 1408
f 1410 1106 1105
f 1410 1105 1409
f 1411 1107 1106
f 1411 1106 1410
f 1412 1108 1107
f 1412 1107 1411
f 1413 1109 1108
f 1413 1108 1412
f 1414 1110 1109
f 1414 1109 1413
f 1415 1111 1110
f 1415 1110 1414
f 1416 1112 1111
f 1416 1111 1415
f 1417 1113 1112
f 1417 1112 1416
f 1418 1114 1113
f 1418 1113 1417
f 1419 1115 1114
f 1419 1114 1418
f 1420 1116 1115
f 1420 1115 1419
f 1421 1117 1116
f 1421 1116 1420
f 1422 1118 1117
f 1422 1117 1421
f 1423 1119 1118
f 1423 1118 1422
f 1424 1120 1119
f 1424 1119 1423
f 1425 1121 1120
f 1425 1120 1424
f 1426 1122 1121
f 1426 1121 1425
f 1427 1123 1122
f 1427 1122 1426
f 1428 1124 1123
f 1428 1123 1427
f 1429 1125 1124
f 1429 1124 1428
f 1430 1126 1125
f 1430 1125 1429
f 1431 1127 1126
f 1431 1126 1430
f 1432 1128 1127
f 1432 1127 1431
f 1433 1129 1128
f 1433 1128 1432
f 1434 1130 1129
f 1434 1129 1433
f 1435 1131 1130
f 1435 1130 1434
f 1436 1132 1131
f 1436 1131 1435
f 1437 1133 1132
f 1437 1132 1436
f 1438 1134 1133
f 1438 1133 1437
f 1439 1135 1134
f 1439 1134 1438
f 1440 1136 1135
f 1440 1135 1439
f 1441 1137 1136
f 1441 1136 1440
f 1442 1138 1137
f 1442 1137 1441
f 1443 1139 1138
f 1443 1138 1442
f 1444 1140 1139
f 1444 1139 1443
f 1445 1141 1140
f 1445 1140 1444
f 1446 1142 1141
f 1446 1141 1445
f 1447 1143 1142
f 1447 1142 1446
f 1448 1144 1143
f 1448 1143 1447
f 1449 1145 1144
f 1449 1144 1448
f 1450 1146 1145
f 1450 1145 1449
f 1451 1147 1146
f 1451 1146 1450
f 1452 1148 1147
f 1452 1147 1451
f 1453 1149 1148
f 1453 1148 1452
f 1454 1150 1149
f 1454 1149 1453
f 1455 1151 1150
f 1455 1150 1454
f 1456 1152 1151
f 1456 1151 1455
f 1457 1153 1152
f 1457 1152 1456
f 1458 1154 1153
f 1458 1153 1457
f 1459 1155 1154
f 1459 1154 1458
f 1460 1156 1155
f 1460 1155 1459
f 1461 1157 1156
f 1461 1156 1460
f 1462 1158 1157
f 1462 1157 1461
f 1463 1159 1158
f 1463 1158 1462
f 1464 1160 1159
f 1464 1159 1463
f 1465 1161 1160
f 1465 1160 1464
f 1466 1162 1161
f 1466 1161 1465
f 1320 1163 1162
f 1320 1162 1466
f 1174 1164 1163
f 1174 1163 1320
f 1467 1468 1469
f 1470 1168 1167
f 1470 1167 1471
f 1472 1169 1168
f 1472 1168 1470
f 1322 1170 1169
f 1322 1169 1472
f 1473 1171 1172
f 1473 1172 1474
f 1474 1172 1173
f 1474 1173 1319
f 1318 1016 1171
f 1318 1171 1473
f 1176 871 872
f 1176 872 1475
f 1475 872 873
f 1475 873 1177
f 1476 1179 1180
f 1476 1180 1477
f 1478 1178 1179
f 1478 1179 1476
f 1479 1181 1182
f 1479 1182 1480
f 1480 1182 1183
f 1480 1183 1481
f 1481 1183 1184
f 1481 1184 1482
f 1482 1184 1185
f 1482 1185 1483
f 1483 1185 1186
f 1483 1186 1484
f 1484 1186 1187
f 1484 1187 1485
f 1485 1187 1188
f 1485 1188 1486
f 1486 1188 1189
f 1486 1189 1487
f 1487 1189 1190
f 1487 1190 1488
f 1488 1190 1191
f 1488 1191 1489
f 1489 1191 1192
f 1489 1192 1490
f 1490 1192 1193
f 1490 1193 1491
f 1491 1193 1194
f 1491 1194 1492
f 1492 1194 1195
f 1492 1195 1493
f 1493 1195 1196
f 1493 1196 1494
f 1494 1196 1197
f 1494 1197 1495
f 1495 1197 1198
f 1495 1198 1496
f 1496 1198 1199
f 1496 1199 1497
f 1497 1199 1200
f 1497 1200 1498
f 1498 1200 1201
f 1498 1201 1499
f 1499 1201 1202
f 1499 1202 1500
f 1500 1202 1203
f 1500 1203 1501
f 1501 1203 1204
f 1501 1204 1502
f 1502 1204 1205
f 1502 1205 1503
f 1503 1205 1206
f 1503 1206 1504
f 1504 1206 1207
f 1504 1207 1505
f 1505 1207 1208
f 1505 1208 1506
f 1506 1208 1209
f 1506 1209 1507
f 1507 1209 1210
f 1507 1210 1508
f 1508 1210 1211
f 1508 1211 1509
f 1509 1211 1212
f 1509 1212 1510
f 1510 1212 1213
f 1510 1213 1511
f 1511 1213 1214
f 1511 1214 1512
f 1512 1214 1215
f 1512 1215 1513
f 1513 1215 1216
f 1513 1216 1514
f 1514 1216 1217
f 1514 1217 1515
f 1515 1217 1218
f 1515 1218 1516
f 1516 1218 1219
f 1516 1219 1517
f 1517 1219 1220
f 1517 1220 1518
f 1518 1220 1221
f 1518 1221 1519
f 1519 1221 1222
f 1519 1222 1520
f 1520 1222 1223
f 1520 1223 1521
f 1521 1223 1224
f 1521 1224 1522
f 1522 1224 1225
f 1522 1225 1523
f 1523 1225 1226
f 1523 1226 1524
f 1524 1226 1227
f 1524 1227 1525
f 1525 1227 1228
f 1525 1228 1526
f 1526 1228 1229
f 1526 1229 1527
f 1527 1229 1230
f 1527 1230 1528
f 1528 1230 1231
f 1528 1231 1529
f 1529 1231 1232
f 1529 1232 1530
f 1530 1232 1233
f 1530 1233 1531
f 1531 1233 1234
f 1531 1234 1532
f 1532 1234 1235
f 1532 1235 1533
f 1533 1235 1236
f 1533 1236 1534
f 1534 1236 1237
f 1534 1237 1535
f 1535 1237 1238
f 1535 1238 1536
f 1536 1238 1239
f 1536 1239 1537
f 1537 1239 1240
f 1537 1240 1538
f 1538 1240 1241
f 1538 1241 1539
f 1539 1241 1242
f 1539 1242 1540
f 1540 1242 1243
f 1540 1243 1541
f 1541 1243 1244
f 1541 1244 1542
f 1542 1244 1245
f 1542 1245 1543
f 1543 1245 1246
f 1543 1246 1544
f 1544 1246 1247
f 1544 1247 1545
f 1545 1247 1248
f 1545 1248 1546
f 1546 1248 1249
f 1546 1249 1547
f 1547 1249 1250
f 1547 1250 1548
f 1548 1250 1251
f 1548 1251 1549
f 1549 1251 1252
f 1549 1252 1550
f 1550 1252 1253
f 1550 1253 1551
f 1551 1253 1254
f 1551 1254 1552
f 1552 1254 1255
f 1552 1255 1553
f 1553 1255 1256
f 1553 1256 1554
f 1554 1256 1257
f 1554 1257 1555
f 1555 1257 1258
f 1555 1258 1556
f 1556 1258 1259
f 1556 1259 1557
f 1557 1259 1260
f 1557 1260 1558
f 1558 1260 1261
f 1558 1261 1559
f 1559 1261 1262
f 1559 1262 1560
f 1560 1262 1263
f 1560 1263 1561
f 1561 1263 1264
f 1561 1264 1562
f 1562 1264 1265
f 1562 1265 1563
f 1563 1265 1266
f 1563 1266 1564
f 1564 1266 1267
f 1564 1267 1565
f 1565 1267 1268
f 1565 1268 1566
f 1566 1268 1269
f 1566 1269 1567
f 1567 1269 1270
f 1567 1270 1568
f 1568 1270 1271
f 1568 1271 1569
f 1569 1271 1272
f 1569 1272 1570
f 1570 1272 1273
f 1570 1273 1571
f 1571 1273 1274
f 1571 1274 1572
f 1572 1274 1275
f 1572 1275 1573
f 1573 1275 1276
f 1573 1276 1574
f 1574 1276 1277
f 1574 1277 1575
f 1575 1277 1278
f 1575 1278 1576
f 1576 1278 1279
f 1576 1279 1577
f 1577 1279 1280
f 1577 1280 1578
f 1578 1280 1281
f 1578 1281 1579
f 1579 1281 1282
f 1579 1282 1580
f 1580 1282 1283
f 1580 1283 1581
f 1581 1283 1284
f 1581 1284 1582
f 1582 1284 1285
f 1582 1285 1583
f 1583 1285 1286
f 1583 1286 1584
f 1584 1286 1287
f 1584 1287 1585
f 1585 1287 1288
f 1585 1288 1586
f 1586 1288 1289
f 1586 1289 1587
f 1587 1289 1290
f 1587 1290 1588
f 1588 1290 1291
f 1588 1291 1589
f 1589 1291 1292
f 1589 1292 1590
f 1590 1292 1293
f 1590 1293 1591
f 1591 1293 1294
f 1591 1294 1592
f 1592 1294 1295
f 1592 1295 1593
f 1593 1295 1296
f 1593 1296 1594
f 1594 1296 1297
f 1594 1297 1595
f 1595 1297 1298
f 1595 1298 1596
f 1596 1298 1299
f 1596 1299 1597
f 1597 1299 1300
f 1597 1300 1598
f 1598 1300 1301
f 1598 1301 1599
f 1599 1301 1302
f 1599 1302 1600
f 1600 1302 1303
f 1600 1303 1601
f 1601 1303 1304
f 1601 1304 1602
f 1602 1304 1305
f 1602 1305 1603
f 1603 1305 1306
f 1603 1306 1604
f 1604 1306 1307
f 1604 1307 1605
f 1605 1307 1308
f 1605 1308 1606
f 1606 1308 1309
f 1606 1309 1607
f 1607 1309 1310
f 1607 1310 1608
f 1608 1310 1311
f 1608 1311 1609
f 1609 1311 1312
f 1609 1312 1610
f 1610 1312 1313
f 1610 1313 1611
f 1611 1313 1314
f 1611 1314 1612
f 1612 1314 1315
f 1612 1315 1613
f 1613 1315 1316
f 1613 1316 1614
f 1614 1316 1317
f 1614 1317 1615
f 1615 1317 1318
f 1615 1318 1473
f 1616 1176 1475
f 1616 1475 1617
f 1618 1471 1321
f 1618 1321 1175
f 1477 1180 1181
f 1477 1181 1479
f 1619 1319 1320
f 1619 1320 1466
f 1620 1323 1322
f 1620 1322 1472
f 1621 1324 1323
f 1621 1323 1620
f 1622 1325 1324
f 1622 1324 1621
f 1623 1326 1325
f 1623 1325 1622
f 1624 1327 1326
f 1624 1326 1623
f 1625 1328 1327
f 1625 1327 1624
f 1626 1329 1328
f 1626 1328 1625
f 1627 1330 1329
f 1627 1329 1626
f 1628 1331 1330
f 1628 1330 1627
f 1629 1332 1331
f 1629 1331 1628
f 1630 1333 1332
f 1630 1332 1629
f 1631 1334 1333
f 1631 1333 1630
f 1632 1335 1334
f 1632 1334 1631
f 1633 1336 1335
f 1633 1335 1632
f 1634 1337 1336
f 1634 1336 1633
f 1635 1338 1337
f 1635 1337 1634
f 1636 1339 1338
f 1636 1338 1635
f 1637 1340 1339
f 1637 1339 1636
f 1638 1341 1340
f 1638 1340 1637
f 1639 1342 1341
f 1639 1341 1638
f 1640 1343 1342
f 1640 1342 1639
f 1641 1344 1343
f 1641 1343 1640
f 1642 1345 1344
f 1642 1344 1641
f 1643 1346 1345
f 1643 1345 1642
f 1644 1347 1346
f 1644 1346 1643
f 1645 1348 1347
f 1645 1347 1644
f 1646 1349 1348
f 1646 1348 1645
f 1647 1350 1349
f 1647 1349 1646
f 1648 1351 1350
f 1648 1350 1647
f 1649 1352 1351
f 1649 1351 1648
f 1650 1353 1352
f 1650 1352 1649
f 1651 1354 1353
f 1651 1353 1650
f 1652 1355 1354
f 1652 1354 1651
f 1653 1356 1355
f 1653 1355 1652
f 1654 1357 1356
f 1654 1356 1653
f 1655 1358 1357
f 1655 1357 1654
f 1656 1359 1358
f 1656 1358 1655
f 1657 1360 1359
f 1657 1359 1656
f 1658 1361 1360
f 1658 1360 1657
f 1659 1362 1361
f 1659 1361 1658
f 1660 1363 1362
f 1660 1362 1659
f 1661 1364 1363
f 1661 1363 1660
f 1662 1365 1364
f 1662 1364 1661
f 1663 1366 1365
f 1663 1365 1662
f 1664 1367 1366
f 1664 1366 1663
f 1665 1368 1367
f 1665 1367 1664
f 1666 1369 1368
f 1666 1368 1665
f 1667 1370 1369
f 1667 1369 1666
f 1668 1371 1370
f 1668 1370 1667
f 1669 1372 1371
f 1669 1371 1668
f 1670 1373 1372
f 1670 1372 1669
f 1671 1374 1373
f 1671 1373 1670
f 1672 1375 1374
f 1672 1374 1671
f 1673 1376 1375
f 1673 1375 1672
f 1674 1377 1376
f 1674 1376 1673
f 1675 1378 1377
f 1675 1377 1674
f 1676 1379 1378
f 1676 1378 1675
f 1677 1380 1379
f 1677 1379 1676
f 1678 1381 1380
f 1678 1380 1677
f 1679 1382 1381
f 1679 1381 1678
f 1680 1383 1382
f 1680 1382 1679
f 1681 1384 1383
f 1681 1383 1680
f 1682 1385 1384
f 1682 1384 1681
f 1683 1386 1385
f 1683 1385 1682
f 1684 1387 1386
f 1684 1386 1683
f 1685 1388 1387
f 1685 1387 1684
f 1686 1389 1388
f 1686 1388 1685
f 1687 1390 1389
f 1687 1389 1686
f 1688 1391 1390
f 1688 1390 1687
f 1689 1392 1391
f 1689 1391 1688
f 1690 1393 1392
f 1690 1392 1689
f 1691 1394 1393
f 1691 1393 1690
f 1692 1395 1394
f 1692 1394 1691
f 1693 1396 1395
f 1693 1395 1692
f 1694 1397 1396
f 1694 1396 1693
f 1695 1398 1397
f 1695 1397 1694
f 1696 1399 1398
f 1696 1398 1695
f 1697 1400 1399
f 1697 1399 1696
f 1698 1401 1400
f 1698 1400 1697
f 1699 1402 1401
f 1699 1401 1698
f 1700 1403 1402
f 1700 1402 1699
f 1701 1404 1403
f 1701 1403 1700
f 1702 1405 1404
f 1702 1404 1701
f 1703 1406 1405
f 1703 1405 1702
f 1704 1407 1406
f 1704 1406 1703
f 1705 1408 1407
f 1705 1407 1704
f 1706 1409 1408
f 1706 1408 1705
f 1707 1410 1409
f 1707 1409 1706
f 1708 1411 1410
f 1708 1410 1707
f 1709 1412 1411
f 1709 1411 1708
f 1710 1413 1412
f 1710 1412 1709
f 1711 1414 1413
f 1711 1413 1710
f 1712 1415 1414
f 1712 1414 1711
f 1713 1416 1415
f 1713 1415 1712
f 1714 1417 1416
f 1714 1416 1713
f 1715 1418 1417
f 1715 1417 1714
f 1716 1419 1418
f 1716 1418 1715
f 1717 1420 1419
f 1717 1419 1716
f 1718 1421 1420
f 1718 1420 1717
f 1719 1422 1421
f 1719 1421 1718
f 1720 1423 1422
f 1720 1422 1719
f 1721 1424 1423
f 1721 1423 1720
f 1722 1425 1424
f 1722 1424 1721
f 1723 1426 1425
f 1723 1425 1722
f 1724 1427 1426
f 1724 1426 1723
f 1725 1428 1427
f 1725 1427 1724
f 1726 1429 1428
f 1726 1428 1725
f 1727 1430 1429
f 1727 1429 1726
f 1728 1431 1430
f 1728 1430 1727
f 1729 1432 1431
f 1729 1431 1728
f 1730 1433 1432
f 1730 1432 1729
f 1731 1434 1433
f 1731 1433 1730
f 1467 1435 1434
f 1467 1434 1731
f 1732 1436 1435
f 1732 1435 1467
f 1733 1437 1436
f 1733 1436 1732
f 1734 1438 1437
f 1734 1437 1733
f 1735 1439 1438
f 1735 1438 1734
f 1736 1440 1439
f 1736 1439 1735
f 1737 1441 1440
f 1737 1440 1736
f 1738 1442 1441
f 1738 1441 1737
f 1739 1443 1442
f 1739 1442 1738
f 1740 1444 1443
f 1740 1443 1739
f 1741 1445 1444
f 1741 1444 1740
f 1742 1446 1445
f 1742 1445 1741
f 1743 1447 1446
f 1743 1446 1742
f 1744 1448 1447
f 1744 1447 1743
f 1745 1449 1448
f 1745 1448 1744
f 1746 1450 1449
f 1746 1449 1745
f 1747 1451 1450
f 1747 1450 1746
f 1748 1452 1451
f 1748 1451 1747
f 1749 1453 1452
f 1749 1452 1748
f 1750 1454 1453
f 1750 1453 1749
f 1751 1455 1454
f 1751 1454 1750
f 1752 1456 1455
f 1752 1455 1751
f 1753 1457 1456
f 1753 1456 1752
f 1754 1458 1457
f 1754 1457 1753
f 1755 1459 1458
f 1755 1458 1754
f 1756 1460 1459
f 1756 1459 1755
f 1757 1461 1460
f 1757 1460 1756
f 1758 1462 1461
f 1758 1461 1757
f 1759 1463 1462
f 1759 1462 1758
f 1760 1464 1463
f 1760 1463 1759
f 1761 1465 1464
f 1761 1464 1760
f 1619 1466 1465
f 1619 1465 1761
f 1620 1472 1470
f 1620 1470 1762
f 1762 1470 1471
f 1762 1471 1618
f 1615 1473 1474
f 1615 1474 1763
f 1764 1177 1178
f 1764 1178 1478
f 1763 1474 1319
f 1763 1319 1619
f 1618 1175 1176
f 1618 1176 1616
f 1617 1475 1177
f 1617 1177 1764
f 1765 1763 1619
f 1765 1619 1761
f 1766 1479 1480
f 1766 1480 1767
f 1767 1480 1481
f 1767 1481 1768
f 1769 1483 1484
f 1769 1484 1770
f 1770 1484 1485
f 1770 1485 1771
f 1771 1485 1486
f 1771 1486 1772
f 1772 1486 1487
f 1772 1487 1773
f 1773 1487 1488
f 1773 1488 1774
f 1774 1488 1489
f 1774 1489 1775
f 1775 1489 1490
f 1775 1490 1776
f 1776 1490 1491
f 1776 1491 1777
f 1777 1491 1492
f 1777 1492 1778
f 1778 1492 1493
f 1778 1493 1779
f 1779 1493 1494
f 1779 1494 1780
f 1780 1494 1495
f 1780 1495 1781
f 1781 1495 1496
f 1781 1496 1782
f 1782 1496 1497
f 1782 1497 1783
f 1783 1497 1498
f 1783 1498 1784
f 1784 1498 1499
f 1784 1499 1785
f 1785 1499 1500
f 1785 1500 1786
f 1786 1500 1501
f 1786 1501 1787
f 1787 1501 1502
f 1787 1502 1788
f 1788 1502 1503
f 1788 1503 1789
f 1789 1503 1504
f 1789 1504 1790
f 1790 1504 1505
f 1790 1505 1791
f 1791 1505 1506
f 1791 1506 1792
f 1792 1506 1507
f 1792 1507 1793
f 1793 1507 1508
f 1793 1508 1794
f 1794 1508 1509
f 1794 1509 1795
f 1795 1509 1510
f 1795 1510 1796
f 1796 1510 1511
f 1796 1511 1797
f 1797 1511 1512
f 1797 1512 1798
f 1798 1512 1513
f 1798 1513 1799
f 1799 1513 1514
f 1799 1514 1800
f 1800 1514 1515
f 1800 1515 1801
f 1801 1515 1516
f 1801 1516 1802
f 1802 1516 1517
f 1802 1517 1803
f 1803 1517 1518
f 1803 1518 1804
f 1804 1518 1519
f 1804 1519 1805
f 1805 1519 1520
f 1805 1520 1806
f 1806 1520 1521
f 1806 1521 1807
f 1807 1521 1522
f 1807 1522 1808
f 1808 1522 1523
f 1808 1523 1809
f 1809 1523 1524
f 1809 1524 1810
f 1810 1524 1525
f 1810 1525 1811
f 1811 1525 1526
f 1811 1526 1812
f 1812 1526 1527
f 1812 1527 1813
f 1813 1527 1528
f 1813 1528 1814
f 1814 1528 1529
f 1814 1529 1815
f 1815 1529 1530
f 1815 1530 1816
f 1816 1530 1531
f 1816 1531 1817
f 1817 1531 1532
f 1817 1532 1818
f 1818 1532 1533
f 1818 1533 1819
f 1819 1533 1534
f 1819 1534 1820
f 1820 1534 1535
f 1820 1535 1821
f 1821 1535 1536
f 1821 1536 1822
f 1822 1536 1537
f 1822 1537 1823
f 1823 1537 1538
f 1823 1538 1824
f 1824 1538 1539
f 1824 1539 1825
f 1825 1539 1540
f 1825 1540 1826
f 1826 1540 1541
f 1826 1541 1827
f 1827 1541 1542
f 1827 1542 1828
f 1828 1542 1543
f 1828 1543 1829
f 1829 1543 1544
f 1829 1544 1830
f 1830 1544 1545
f 1830 1545 1831
f 1831 1545 1546
f 1831 1546 1832
f 1832 1546 1547
f 1832 1547 1833
f 1833 1547 1548
f 1833 1548 1834
f 1834 1548 1549
f 1834 1549 1835
f 1835 1549 1550
f 1835 1550 1836
f 1836 1550 1551
f 1836 1551 1837
f 1837 1551 1552
f 1837 1552 1838
f 1838 1552 1553
f 1838 1553 1839
f 1839 1553 1554
f 1839 1554 1840
f 1840 1554 1555
f 1840 1555 1841
f 1841 1555 1556
f 1841 1556 1842
f 1842 1556 1557
f 1842 1557 1843
f 1843 1557 1558
f 1843 1558 1844
f 1844 1558 1559
f 1844 1559 1845
f 1845 1559 1560
f 1845 1560 1846
f 1846 1560 1561
f 1846 1561 1847
f 1847 1561 1562
f 1847 1562 1848
f 1848 1562 1563
f 1848 1563 1849
f 1849 1563 1564
f 1849 1564 1850
f 1850 1564 1565
f 1850 1565 1851
f 1851 1565 1566
f 1851 1566 1852
f 1852 1566 1567
f 1852 1567 1853
f 1853 1567 1568
f 1853 1568 1854
f 1854 1568 1569
f 1854 1569 1855
f 1855 1569 1570
f 1855 1570 1856
f 1856 1570 1571
f 1856 1571 1857
f 1857 1571 1572
f 1857 1572 1858
f 1858 1572 1573
f 1858 1573 1859
f 1859 1573 1574
f 1859 1574 1860
f 1860 1574 1575
f 1860 1575 1861
f 1861 1575 1576
f 1861 1576 1862
f 1862 1576 1577
f 1862 1577 1863
f 1863 1577 1578
f 1863 1578 1864
f 1864 1578 1579
f 1864 1579 1865
f 1865 1579 1580
f 1865 1580 1866
f 1866 1580 1581
f 1866 1581 1867
f 1867 1581 1582
f 1867 1582 1868
f 1868 1582 1583
f 1868 1583 1869
f 1869 1583 1584
f 1869 1584 1468
f 1468 1584 1585
f 1468 1585 1469
f 1469 1585 1586
f 1469 1586 1870
f 1870 1586 1587
f 1870 1587 1871
f 1871 1587 1588
f 1871 1588 1872
f 1872 1588 1589
f 1872 1589 1873
f 1873 1589 1590
f 1873 1590 1874
f 1874 1590 1591
f 1874 1591 1875
f 1875 1591 1592
f 1875 1592 1876
f 1876 1592 1593
f 1876 1593 1877
f 1877 1593 1594
f 1877 1594 1878
f 1878 1594 1595
f 1878 1595 1879
f 1879 1595 1596
f 1879 1596 1880
f 1880 1596 1597
f 1880 1597 1881
f 1881 1597 1598
f 1881 1598 1882
f 1882 1598 1599
f 1882 1599 1883
f 1883 1599 1600
f 1883 1600 1884
f 1884 1600 1601
f 1884 1601 1885
f 1885 1601 1602
f 1885 1602 1886
f 1886 1602 1603
f 1886 1603 1887
f 1887 1603 1604
f 1887 1604 1888
f 1888 1604 1605
f 1888 1605 1889
f 1889 1605 1606
f 1889 1606 1890
f 1890 1606 1607
f 1890 1607 1891
f 1891 1607 1608
f 1891 1608 1892
f 1892 1608 1609
f 1892 1609 1893
f 1893 1609 1610
f 1893 1610 1894
f 1894 1610 1611
f 1894 1611 1895
f 1895 1611 1612
f 1895 1612 1896
f 1896 1612 1613
f 1896 1613 1897
f 1897 1613 1614
f 1897 1614 1765
f 1765 1614 1615
f 1765 1615 1763
f 1898 1617 1764
f 1898 1764 1899
f 1762 1618 1616
f 1762 1616 1900
f 1901 1477 1479
f 1901 1479 1766
f 1902 1482 1483
f 1902 1483 1769
f 1900 1616 1617
f 1900 1617 1898
f 1900 1621 1620
f 1900 1620 1762
f 1468 1467 1731
f 1468 1731 1869
f 1903 1624 1623
f 1903 1623 1899
f 1904 1625 1624
f 1904 1624 1903
f 1834 1696 1695
f 1834 1695 1833
f 1767 1627 1626
f 1767 1626 1766
f 1768 1628 1627
f 1768 1627 1767
f 1902 1629 1628
f 1902 1628 1768
f 1769 1630 1629
f 1769 1629 1902
f 1770 1632 1631
f 1770 1631 1769
f 1833 1695 1694
f 1833 1694 1832
f 1773 1635 1634
f 1773 1634 1772
f 1774 1636 1635
f 1774 1635 1773
f 1775 1637 1636
f 1775 1636 1774
f 1776 1638 1637
f 1776 1637 1775
f 1777 1639 1638
f 1777 1638 1776
f 1778 1640 1639
f 1778 1639 1777
f 1779 1641 1640
f 1779 1640 1778
f 1780 1642 1641
f 1780 1641 1779
f 1781 1643 1642
f 1781 1642 1780
f 1782 1644 1643
f 1782 1643 1781
f 1656 1794 1795
f 1697 1696 1834
f 1697 1834 1835
f 1786 1648 1647
f 1786 1647 1785
f 1787 1649 1648
f 1787 1648 1786
f 1788 1650 1649
f 1788 1649 1787
f 1789 1651 1650
f 1789 1650 1788
f 1790 1652 1651
f 1790 1651 1789
f 1791 1653 1652
f 1791 1652 1790
f 1792 1654 1653
f 1792 1653 1791
f 1793 1655 1654
f 1793 1654 1792
f 1794 1656 1655
f 1794 1655 1793
f 1796 1657 1656
f 1796 1656 1795
f 1784 1646 1645
f 1784 1645 1783
f 1799 1660 1659
f 1799 1659 1798
f 1800 1661 1660
f 1800 1660 1799
f 1801 1662 1661
f 1801 1661 1800
f 1802 1663 1662
f 1802 1662 1801
f 1803 1664 1663
f 1803 1663 1802
f 1804 1665 1664
f 1804 1664 1803
f 1805 1666 1665
f 1805 1665 1804
f 1806 1667 1666
f 1806 1666 1805
f 1807 1668 1667
f 1807 1667 1806
f 1808 1669 1668
f 1808 1668 1807
f 1809 1670 1669
f 1809 1669 1808
f 1810 1671 1670
f 1810 1670 1809
f 1811 1672 1671
f 1811 1671 1810
f 1812 1673 1672
f 1812 1672 1811
f 1813 1674 1673
f 1813 1673 1812
f 1814 1675 1674
f 1814 1674 1813
f 1815 1676 1675
f 1815 1675 1814
f 1816 1677 1676
f 1816 1676 1815
f 1817 1678 1677
f 1817 1677 1816
f 1818 1679 1678
f 1818 1678 1817
f 1819 1680 1679
f 1819 1679 1818
f 1820 1681 1680
f 1820 1680 1819
f 1821 1682 1681
f 1821 1681 1820
f 1822 1683 1682
f 1822 1682 1821
f 1823 1684 1683
f 1823 1683 1822
f 1824 1685 1684
f 1824 1684 1823
f 1825 1686 1685
f 1825 1685 1824
f 1826 1687 1686
f 1826 1686 1825
f 1827 1688 1687
f 1827 1687 1826
f 1828 1689 1688
f 1828 1688 1827
f 1829 1690 1689
f 1829 1689 1828
f 1830 1691 1690
f 1830 1690 1829
f 1831 1693 1692
f 1831 1692 1830
f 1832 1694 1693
f 1832 1693 1831
f 1783 1645 1644
f 1783 1644 1782
f 1647 1646 1784
f 1647 1784 1785
f 1836 1698 1697
f 1836 1697 1835
f 1837 1699 1698
f 1837 1698 1836
f 1838 1700 1699
f 1838 1699 1837
f 1839 1701 1700
f 1839 1700 1838
f 1840 1702 1701
f 1840 1701 1839
f 1841 1703 1702
f 1841 1702 1840
f 1842 1704 1703
f 1842 1703 1841
f 1843 1705 1704
f 1843 1704 1842
f 1844 1706 1705
f 1844 1705 1843
f 1845 1707 1706
f 1845 1706 1844
f 1846 1708 1707
f 1846 1707 1845
f 1847 1709 1708
f 1847 1708 1846
f 1848 1710 1709
f 1848 1709 1847
f 1849 1711 1710
f 1849 1710 1848
f 1850 1712 1711
f 1850 1711 1849
f 1851 1713 1712
f 1851 1712 1850
f 1852 1714 1713
f 1852 1713 1851
f 1853 1715 1714
f 1853 1714 1852
f 1854 1716 1715
f 1854 1715 1853
f 1855 1717 1716
f 1855 1716 1854
f 1856 1718 1717
f 1856 1717 1855
f 1857 1719 1718
f 1857 1718 1856
f 1858 1720 1719
f 1858 1719 1857
f 1859 1721 1720
f 1859 1720 1858
f 1860 1722 1721
f 1860 1721 1859
f 1861 1723 1722
f 1861 1722 1860
f 1862 1724 1723
f 1862 1723 1861
f 1863 1725 1724
f 1863 1724 1862
f 1864 1726 1725
f 1864 1725 1863
f 1865 1727 1726
f 1865 1726 1864
f 1866 1728 1727
f 1866 1727 1865
f 1867 1729 1728
f 1867 1728 1866
f 1868 1730 1729
f 1868 1729 1867
f 1869 1731 1730
f 1869 1730 1868
f 1904 1901 1625
f 1870 1732 1467
f 1870 1467 1469
f 1871 1733 1732
f 1871 1732 1870
f 1625 1901 1766
f 1625 1766 1626
f 1874 1736 1735
f 1874 1735 1873
f 1875 1737 1736
f 1875 1736 1874
f 1876 1738 1737
f 1876 1737 1875
f 1877 1739 1738
f 1877 1738 1876
f 1878 1740 1739
f 1878 1739 1877
f 1879 1741 1740
f 1879 1740 1878
f 1880 1742 1741
f 1880 1741 1879
f 1881 1743 1742
f 1881 1742 1880
f 1882 1744 1743
f 1882 1743 1881
f 1883 1745 1744
f 1883 1744 1882
f 1884 1746 1745
f 1884 1745 1883
f 1885 1747 1746
f 1885 1746 1884
f 1886 1748 1747
f 1886 1747 1885
f 1887 1749 1748
f 1887 1748 1886
f 1888 1750 1749
f 1888 1749 1887
f 1889 1751 1750
f 1889 1750 1888
f 1890 1752 1751
f 1890 1751 1889
f 1891 1753 1752
f 1891 1752 1890
f 1892 1754 1753
f 1892 1753 1891
f 1893 1755 1754
f 1893 1754 1892
f 1894 1756 1755
f 1894 1755 1893
f 1895 1757 1756
f 1895 1756 1894
f 1896 1758 1757
f 1896 1757 1895
f 1897 1759 1758
f 1897 1758 1896
f 1765 1760 1759
f 1765 1759 1897
f 1899 1764 1478
f 1899 1478 1903
f 1903 1478 1476
f 1903 1476 1904
f 1768 1481 1482
f 1768 1482 1902
f 1904 1476 1477
f 1904 1477 1901
f 1871 1872 1734
f 1871 1734 1733
f 1873 1735 1734
f 1873 1734 1872
f 1796 1797 1658
f 1796 1658 1657
f 1631 1630 1769
f 1798 1659 1658
f 1798 1658 1797
f 83 140 410
f 83 410 84
f 1771 1633 1632
f 1771 1632 1770
f 1692 1691 1830
f 1905 1906 1907
f 1634 1633 1771
f 1634 1771 1772
f 1761 1760 1765
f 1898 1622 1621
f 1898 1621 1900
f 1623 1622 1898
f 1623 1898 1899
f 1321 1166 1165
f 1321 1165 869
f 1167 1166 1321
f 1167 1321 1471
f 30 1908 234
f 30 234 214
f 1909 1907 232
f 232 1907 1910
f 232 1910 230
f 103 408 1911
f 103 1911 104
f 235 185 196
f 235 196 1912
f 92 95 565
f 92 565 1913
f 1913 565 568
f 1913 568 1914
f 1914 568 570
f 1914 570 1915
f 1915 570 572
f 1915 572 1916
f 1916 572 574
f 1916 574 1917
f 1917 574 576
f 1917 576 1918
f 1918 576 578
f 1918 578 1919
f 1919 578 580
f 1919 580 1920
f 1920 580 582
f 1920 582 1921
f 1921 582 584
f 1921 584 1922
f 1922 584 586
f 1922 586 1923
f 1923 586 588
f 1923 588 1924
f 1924 588 590
f 1924 590 1925
f 1925 590 592
f 1925 592 1926
f 1926 592 594
f 1926 594 1927
f 1927 594 596
f 1927 596 1928
f 1928 596 598
f 1928 598 1929
f 1929 598 600
f 1929 600 1930
f 1930 600 99
f 1930 99 101
f 32 189 188
f 32 188 33
f 208 1931 1932
f 208 1932 200
f 1933 1934 1935
f 1936 606 608
f 1936 608 1937
f 1937 608 610
f 1937 610 1938
f 1938 610 612
f 1938 612 1939
f 1939 612 614
f 1939 614 1940
f 1940 614 616
f 1940 616 1941
f 1941 616 618
f 1941 618 1942
f 1942 618 620
f 1942 620 1943
f 1943 620 622
f 1943 622 1944
f 1944 622 624
f 1944 624 1945
f 1945 624 626
f 1945 626 1946
f 1946 626 628
f 1946 628 1947
f 1947 628 630
f 1947 630 1948
f 1948 630 632
f 1948 632 1949
f 1949 632 634
f 1949 634 1950
f 1950 634 636
f 1950 636 1951
f 1951 636 638
f 1951 638 1952
f 1952 638 640
f 1952 640 1953
f 1953 640 642
f 1953 642 1954
f 1954 642 644
f 1954 644 1955
f 1955 644 646
f 1955 646 1956
f 1956 646 648
f 1956 648 1957
f 1957 648 650
f 1957 650 1958
f 1958 650 652
f 1958 652 1959
f 1959 652 654
f 1959 654 1960
f 1960 654 656
f 1960 656 1961
f 1961 656 658
f 1961 658 1962
f 1962 658 75
f 1962 75 74
f 73 76 662
f 73 662 1963
f 1963 662 664
f 1963 664 1964
f 1964 664 666
f 1964 666 1965
f 1965 666 668
f 1965 668 1966
f 1966 668 670
f 1966 670 1967
f 1967 670 672
f 1967 672 1968
f 1968 672 674
f 1968 674 1969
f 1969 674 676
f 1969 676 1970
f 1970 676 678
f 1970 678 1971
f 1971 678 680
f 1971 680 1972
f 1972 680 682
f 1972 682 1973
f 1973 682 684
f 1973 684 1974
f 1974 684 686
f 1974 686 1975
f 1975 686 688
f 1975 688 1976
f 1976 688 690
f 1976 690 1977
f 1977 690 692
f 1977 692 1978
f 1978 692 694
f 1978 694 1979
f 1979 694 696
f 1979 696 1980
f 1980 696 62
f 1980 62 64
f 1981 1931 208
f 1981 208 1982
f 172 171 188
f 172 188 191
f 1935 1934 1983
f 1935 1983 1984
f 1985 702 704
f 1985 704 1986
f 1986 704 706
f 1986 706 1987
f 1987 706 708
f 1987 708 1988
f 1988 708 710
f 1988 710 1989
f 1989 710 712
f 1989 712 1990
f 1990 712 714
f 1990 714 1991
f 1991 714 716
f 1991 716 1992
f 1992 716 718
f 1992 718 1993
f 1993 718 720
f 1993 720 1994
f 1994 720 722
f 1994 722 1995
f 1995 722 724
f 1995 724 1996
f 1996 724 726
f 1996 726 1997
f 1997 726 728
f 1997 728 1998
f 1998 728 730
f 1998 730 1999
f 1999 730 732
f 1999 732 2000
f 2000 732 734
f 2000 734 2001
f 2001 734 736
f 2001 736 2002
f 2002 736 738
f 2002 738 2003
f 2003 738 740
f 2003 740 2004
f 2004 740 742
f 2004 742 2005
f 2005 742 744
f 2005 744 2006
f 2006 744 746
f 2006 746 2007
f 2007 746 748
f 2007 748 2008
f 2008 748 750
f 2008 750 2009
f 2009 750 752
f 2009 752 2010
f 2010 752 754
f 2010 754 2011
f 2011 754 57
f 2011 57 56
f 55 58 758
f 55 758 2012
f 2012 758 760
f 2012 760 2013
f 2013 760 762
f 2013 762 2014
f 2014 762 764
f 2014 764 2015
f 2015 764 766
f 2015 766 2016
f 2016 766 768
f 2016 768 2017
f 2017 768 770
f 2017 770 2018
f 2018 770 772
f 2018 772 2019
f 2019 772 774
f 2019 774 2020
f 2020 774 776
f 2020 776 2021
f 2021 776 778
f 2021 778 2022
f 2022 778 780
f 2022 780 2023
f 2023 780 782
f 2023 782 2024
f 2024 782 784
f 2024 784 2025
f 2025 784 786
f 2025 786 2026
f 2026 786 788
f 2026 788 2027
f 2027 788 790
f 2027 790 2028
f 2028 790 792
f 2028 792 2029
f 2029 792 35
f 2029 35 37
f 14 1912 102
f 14 102 105
f 16 203 392
f 16 392 2030
f 2031 2032 193
f 2033 798 800
f 2033 800 2034
f 2034 800 802
f 2034 802 2035
f 2035 802 804
f 2035 804 2036
f 2036 804 806
f 2036 806 2037
f 2037 806 808
f 2037 808 2038
f 2038 808 810
f 2038 810 2039
f 2039 810 812
f 2039 812 2040
f 2040 812 814
f 2040 814 2041
f 2041 814 816
f 2041 816 2042
f 2042 816 818
f 2042 818 2043
f 2043 818 820
f 2043 820 2044
f 2044 820 822
f 2044 822 2045
f 2045 822 824
f 2045 824 2046
f 2046 824 826
f 2046 826 2047
f 2047 826 828
f 2047 828 2048
f 2048 828 830
f 2048 830 2049
f 2049 830 832
f 2049 832 2050
f 2050 832 834
f 2050 834 2051
f 2051 834 836
f 2051 836 2052
f 2052 836 838
f 2052 838 2053
f 2053 838 840
f 2053 840 2054
f 2054 840 842
f 2054 842 2055
f 2055 842 844
f 2055 844 2056
f 2056 844 846
f 2056 846 2057
f 2057 846 94
f 2057 94 93
f 9 203 16
f 9 16 10
f 108 202 29
f 108 29 31
f 88 202 108
f 88 108 400
f 2058 1913 1914
f 2058 1914 2059
f 2060 1916 1917
f 2060 1917 2061
f 2061 1917 1918
f 2061 1918 2062
f 2062 1918 1919
f 2062 1919 2063
f 2063 1919 1920
f 2063 1920 2064
f 2064 1920 1921
f 2064 1921 2065
f 2065 1921 1922
f 2065 1922 2066
f 2066 1922 1923
f 2066 1923 2067
f 2067 1923 1924
f 2067 1924 2068
f 2068 1924 1925
f 2068 1925 2069
f 2069 1925 1926
f 2069 1926 2070
f 2070 1926 1927
f 2070 1927 2071
f 2071 1927 1928
f 2071 1928 2072
f 2072 1928 1929
f 2072 1929 2073
f 2073 1929 1930
f 2073 1930 2074
f 2074 1930 101
f 2074 101 2075
f 2075 101 124
f 2075 124 2076
f 2076 124 198
f 2076 198 2077
f 2077 198 1936
f 2077 1936 2078
f 2078 1936 1937
f 2078 1937 2079
f 2079 1937 1938
f 2079 1938 2080
f 2081 1940 1941
f 2081 1941 2082
f 2082 1941 1942
f 2082 1942 2083
f 2083 1942 1943
f 2083 1943 2084
f 2084 1943 1944
f 2084 1944 2085
f 2085 1944 1945
f 2085 1945 2086
f 2086 1945 1946
f 2086 1946 2087
f 2087 1946 1947
f 2087 1947 2088
f 2088 1947 1948
f 2088 1948 2089
f 2089 1948 1949
f 2089 1949 2090
f 2090 1949 1950
f 2090 1950 2091
f 2091 1950 1951
f 2091 1951 2092
f 2092 1951 1952
f 2092 1952 2093
f 2093 1952 1953
f 2093 1953 2094
f 2094 1953 1954
f 2094 1954 2095
f 2095 1954 1955
f 2095 1955 2096
f 2096 1955 1956
f 2096 1956 2097
f 2097 1956 1957
f 2097 1957 2098
f 2098 1957 1958
f 2098 1958 2099
f 2099 1958 1959
f 2099 1959 2100
f 2100 1959 1960
f 2100 1960 2101
f 2101 1960 1961
f 2101 1961 2102
f 193 2032 2103
f 193 2103 2104
f 2105 1964 1965
f 2105 1965 2106
f 2107 73 1963
f 2107 1963 2108
f 2108 1963 1964
f 2108 1964 2105
f 2109 1966 1967
f 2109 1967 2110
f 2110 1967 1968
f 2110 1968 2111
f 2111 1968 1969
f 2111 1969 2112
f 2112 1969 1970
f 2112 1970 2113
f 2113 1970 1971
f 2113 1971 2114
f 2114 1971 1972
f 2114 1972 2115
f 2115 1972 1973
f 2115 1973 2116
f 2116 1973 1974
f 2116 1974 2117
f 2117 1974 1975
f 2117 1975 2118
f 2118 1975 1976
f 2118 1976 2119
f 2119 1976 1977
f 2119 1977 2120
f 2120 1977 1978
f 2120 1978 2121
f 2121 1978 1979
f 2121 1979 2122
f 2122 1979 1980
f 2122 1980 2123
f 2123 1980 64
f 2123 64 2124
f 2124 64 78
f 2124 78 2125
f 2125 78 175
f 2125 175 2126
f 2126 175 1985
f 2126 1985 2127
f 2127 1985 1986
f 2127 1986 2128
f 2128 1986 1987
f 2128 1987 2129
f 2130 1989 1990
f 2130 1990 2131
f 2131 1990 1991
f 2131 1991 2132
f 2132 1991 1992
f 2132 1992 2133
f 2133 1992 1993
f 2133 1993 2134
f 2134 1993 1994
f 2134 1994 2135
f 2135 1994 1995
f 2135 1995 2136
f 2136 1995 1996
f 2136 1996 2137
f 2137 1996 1997
f 2137 1997 2138
f 2138 1997 1998
f 2138 1998 2139
f 2139 1998 1999
f 2139 1999 2140
f 2140 1999 2000
f 2140 2000 2141
f 2141 2000 2001
f 2141 2001 2142
f 2142 2001 2002
f 2142 2002 2143
f 2143 2002 2003
f 2143 2003 2144
f 2144 2003 2004
f 2144 2004 2145
f 2145 2004 2005
f 2145 2005 2146
f 2146 2005 2006
f 2146 2006 2147
f 2147 2006 2007
f 2147 2007 2148
f 2148 2007 2008
f 2148 2008 2149
f 2149 2008 2009
f 2149 2009 2150
f 2150 2009 2010
f 2150 2010 2151
f 235 1912 14
f 235 14 13
f 2152 2013 2014
f 2152 2014 2153
f 2154 55 2012
f 2154 2012 2155
f 2155 2012 2013
f 2155 2013 2152
f 2156 2015 2016
f 2156 2016 2157
f 2157 2016 2017
f 2157 2017 2158
f 2158 2017 2018
f 2158 2018 2159
f 2159 2018 2019
f 2159 2019 2160
f 2160 2019 2020
f 2160 2020 2161
f 2161 2020 2021
f 2161 2021 2162
f 2162 2021 2022
f 2162 2022 2163
f 2163 2022 2023
f 2163 2023 2164
f 2164 2023 2024
f 2164 2024 2165
f 2165 2024 2025
f 2165 2025 2166
f 2166 2025 2026
f 2166 2026 2167
f 2167 2026 2027
f 2167 2027 2168
f 2168 2027 2028
f 2168 2028 2169
f 2169 2028 2029
f 2169 2029 2170
f 2170 2029 37
f 2170 37 2171
f 2171 37 51
f 2171 51 2172
f 2172 51 107
f 2172 107 2173
f 2173 107 2033
f 2173 2033 2174
f 2174 2033 2034
f 2174 2034 2175
f 2175 2034 2035
f 2175 2035 2176
f 2177 2037 2038
f 2177 2038 2178
f 2178 2038 2039
f 2178 2039 2179
f 2179 2039 2040
f 2179 2040 2180
f 2180 2040 2041
f 2180 2041 2181
f 2181 2041 2042
f 2181 2042 2182
f 2182 2042 2043
f 2182 2043 2183
f 2183 2043 2044
f 2183 2044 2184
f 2184 2044 2045
f 2184 2045 2185
f 2185 2045 2046
f 2185 2046 2186
f 2186 2046 2047
f 2186 2047 2187
f 2187 2047 2048
f 2187 2048 2188
f 2188 2048 2049
f 2188 2049 2189
f 2189 2049 2050
f 2189 2050 2190
f 2190 2050 2051
f 2190 2051 2191
f 2191 2051 2052
f 2191 2052 2192
f 2192 2052 2053
f 2192 2053 2193
f 2193 2053 2054
f 2193 2054 2194
f 2194 2054 2055
f 2194 2055 2195
f 2195 2055 2056
f 2195 2056 2196
f 214 235 13
f 214 13 109
f 2059 1914 1915
f 2059 1915 2197
f 2198 92 1913
f 2198 1913 2058
f 2197 1915 1916
f 2197 1916 2060
f 196 2199 102
f 196 102 1912
f 2106 1965 1966
f 2106 1966 2109
f 47 2200 2201
f 47 2201 2202
f 2153 2014 2015
f 2153 2015 2156
f 2203 2204 2205
f 2206 92 2198
f 2206 2198 2207
f 2208 73 2107
f 2208 2107 2209
f 2210 55 2154
f 2210 2154 2211
f 2212 2062 2063
f 2212 2063 2213
f 2214 2061 2062
f 2214 2062 2212
f 2215 2064 2065
f 2215 2065 2216
f 2216 2065 2066
f 2216 2066 2217
f 2217 2066 2067
f 2217 2067 2218
f 2218 2067 2068
f 2218 2068 2219
f 2219 2068 2069
f 2219 2069 2220
f 2220 2069 2070
f 2220 2070 2221
f 2221 2070 2071
f 2221 2071 2222
f 2222 2071 2072
f 2222 2072 2223
f 2223 2072 2073
f 2223 2073 2224
f 2224 2073 2074
f 2224 2074 2225
f 2225 2074 2075
f 2225 2075 2226
f 2226 2075 2076
f 2226 2076 2227
f 2227 2076 2077
f 2227 2077 2228
f 2228 2077 2078
f 2228 2078 2229
f 2229 2078 2079
f 2229 2079 2230
f 2230 2079 2080
f 2230 2080 2231
f 2232 2083 2084
f 2232 2084 2233
f 2234 2081 2082
f 2234 2082 2235
f 2235 2082 2083
f 2235 2083 2232
f 2236 2085 2086
f 2236 2086 2237
f 2237 2086 2087
f 2237 2087 2238
f 2238 2087 2088
f 2238 2088 2239
f 2239 2088 2089
f 2239 2089 2240
f 2240 2089 2090
f 2240 2090 2241
f 2241 2090 2091
f 2241 2091 2242
f 2242 2091 2092
f 2242 2092 2243
f 2243 2092 2093
f 2243 2093 2244
f 2244 2093 2094
f 2244 2094 2245
f 2245 2094 2095
f 2245 2095 2246
f 2246 2095 2096
f 2246 2096 2247
f 2247 2096 2097
f 2247 2097 2248
f 2248 2097 2098
f 2248 2098 2249
f 2249 2098 2099
f 2249 2099 2250
f 2250 2099 2100
f 2250 2100 2251
f 2251 2100 2101
f 2251 2101 2252
f 2252 2101 2102
f 2252 2102 2253
f 2254 2253 2208
f 2254 2208 2209
f 2255 2105 2106
f 2255 2106 2256
f 2257 2111 2112
f 2257 2112 2258
f 2259 2108 2105
f 2259 2105 2255
f 2260 2261 2130
f 2260 2130 2262
f 2263 2110 2111
f 2263 2111 2257
f 2264 2113 2114
f 2264 2114 2265
f 2265 2114 2115
f 2265 2115 2266
f 2266 2115 2116
f 2266 2116 2267
f 2267 2116 2117
f 2267 2117 2268
f 2268 2117 2118
f 2268 2118 2269
f 2269 2118 2119
f 2269 2119 2270
f 2270 2119 2120
f 2270 2120 2271
f 2271 2120 2121
f 2271 2121 2272
f 2272 2121 2122
f 2272 2122 2273
f 2273 2122 2123
f 2273 2123 2274
f 2274 2123 2124
f 2274 2124 2275
f 2275 2124 2125
f 2275 2125 2276
f 2276 2125 2126
f 2276 2126 2277
f 2277 2126 2127
f 2277 2127 2278
f 2278 2127 2128
f 2278 2128 2279
f 2279 2128 2129
f 2279 2129 2261
f 2280 2132 2133
f 2280 2133 2281
f 2262 2130 2131
f 2262 2131 2282
f 2282 2131 2132
f 2282 2132 2280
f 2283 2134 2135
f 2283 2135 2284
f 2284 2135 2136
f 2284 2136 2285
f 2285 2136 2137
f 2285 2137 2286
f 2286 2137 2138
f 2286 2138 2287
f 2287 2138 2139
f 2287 2139 2288
f 2288 2139 2140
f 2288 2140 2289
f 2289 2140 2141
f 2289 2141 2290
f 2290 2141 2142
f 2290 2142 2291
f 2291 2142 2143
f 2291 2143 2292
f 2292 2143 2144
f 2292 2144 2293
f 2293 2144 2145
f 2293 2145 2294
f 2294 2145 2146
f 2294 2146 2295
f 2295 2146 2147
f 2295 2147 2296
f 2296 2147 2148
f 2296 2148 2297
f 2297 2148 2149
f 2297 2149 2298
f 2298 2149 2150
f 2298 2150 2299
f 2299 2150 2151
f 2299 2151 2300
f 2301 2300 2210
f 2301 2210 2211
f 2302 2152 2153
f 2302 2153 2303
f 2304 2158 2159
f 2304 2159 2305
f 2306 2155 2152
f 2306 2152 2302
f 2307 2308 2177
f 2307 2177 2309
f 2310 2157 2158
f 2310 2158 2304
f 2311 2160 2161
f 2311 2161 2312
f 2312 2161 2162
f 2312 2162 2313
f 2313 2162 2163
f 2313 2163 2314
f 2314 2163 2164
f 2314 2164 2315
f 2315 2164 2165
f 2315 2165 2316
f 2316 2165 2166
f 2316 2166 2317
f 2317 2166 2167
f 2317 2167 2318
f 2318 2167 2168
f 2318 2168 2319
f 2319 2168 2169
f 2319 2169 2320
f 2320 2169 2170
f 2320 2170 2321
f 2321 2170 2171
f 2321 2171 2322
f 2322 2171 2172
f 2322 2172 2323
f 2323 2172 2173
f 2323 2173 2324
f 2324 2173 2174
f 2324 2174 2325
f 2325 2174 2175
f 2325 2175 2326
f 2326 2175 2176
f 2326 2176 2308
f 2327 2179 2180
f 2327 2180 2328
f 2309 2177 2178
f 2309 2178 2329
f 2329 2178 2179
f 2329 2179 2327
f 2330 2181 2182
f 2330 2182 2331
f 2331 2182 2183
f 2331 2183 2332
f 2332 2183 2184
f 2332 2184 2333
f 2333 2184 2185
f 2333 2185 2334
f 2334 2185 2186
f 2334 2186 2335
f 2335 2186 2187
f 2335 2187 2336
f 2336 2187 2188
f 2336 2188 2337
f 2337 2188 2189
f 2337 2189 2338
f 2338 2189 2190
f 2338 2190 2339
f 2339 2190 2191
f 2339 2191 2340
f 2340 2191 2192
f 2340 2192 2341
f 2341 2192 2193
f 2341 2193 2342
f 2342 2193 2194
f 2342 2194 2343
f 2343 2194 2195
f 2343 2195 2344
f 2344 2195 2196
f 2344 2196 2345
f 2346 2345 2206
f 2346 2206 2207
f 2347 2059 2197
f 2347 2197 2348
f 2349 2198 2058
f 2349 2058 2350
f 2350 2058 2059
f 2350 2059 2347
f 2348 2197 2060
f 2348 2060 2351
f 2351 2060 2061
f 2351 2061 2214
f 2352 2231 2081
f 2352 2081 2234
f 2213 2063 2064
f 2213 2064 2215
f 2256 2106 2109
f 2256 2109 2353
f 2233 2084 2085
f 2233 2085 2236
f 2353 2109 2110
f 2353 2110 2263
f 2354 2107 2108
f 2354 2108 2259
f 2258 2112 2113
f 2258 2113 2264
f 2303 2153 2156
f 2303 2156 2355
f 2281 2133 2134
f 2281 2134 2283
f 2355 2156 2157
f 2355 2157 2310
f 2356 2154 2155
f 2356 2155 2306
f 2305 2159 2160
f 2305 2160 2311
f 2328 2180 2181
f 2328 2181 2330
f 2252 2253 2254
f 2252 2254 2357
f 2299 2300 2301
f 2299 2301 2358
f 2344 2345 2346
f 2344 2346 2359
f 2209 2107 2354
f 2209 2354 2360
f 2279 2261 2260
f 2279 2260 2361
f 2211 2154 2356
f 2211 2356 2362
f 2326 2308 2307
f 2326 2307 2363
f 2230 2231 2352
f 2230 2352 2364
f 2207 2198 2349
f 2207 2349 2365
f 2366 2352 2234
f 2366 2234 2367
f 2368 2215 2216
f 2368 2216 2369
f 2369 2216 2217
f 2369 2217 2370
f 2371 2219 2220
f 2371 2220 2372
f 2372 2220 2221
f 2372 2221 2373
f 2373 2221 2222
f 2373 2222 2374
f 2374 2222 2223
f 2374 2223 2375
f 2375 2223 2224
f 2375 2224 2376
f 2376 2224 2225
f 2376 2225 2377
f 2377 2225 2226
f 2377 2226 2378
f 2378 2226 2227
f 2378 2227 2379
f 2379 2227 2228
f 2379 2228 2380
f 2380 2228 2229
f 2380 2229 2381
f 2381 2229 2230
f 2381 2230 2364
f 2382 2353 2263
f 2382 2263 2383
f 2384 2232 2233
f 2384 2233 2385
f 2386 2238 2239
f 2386 2239 2387
f 2388 2235 2232
f 2388 2232 2384
f 2389 2237 2238
f 2389 2238 2386
f 2390 2240 2241
f 2390 2241 2391
f 2391 2241 2242
f 2391 2242 2392
f 2392 2242 2243
f 2392 2243 2393
f 2393 2243 2244
f 2393 2244 2394
f 2394 2244 2245
f 2394 2245 2395
f 2395 2245 2246
f 2395 2246 2396
f 2396 2246 2247
f 2396 2247 2397
f 2397 2247 2248
f 2397 2248 2398
f 2398 2248 2249
f 2398 2249 2399
f 2399 2249 2250
f 2399 2250 2400
f 2400 2250 2251
f 2400 2251 2401
f 2401 2251 2252
f 2401 2252 2357
f 2402 2254 2209
f 2402 2209 2360
f 2403 2255 2256
f 2403 2256 2404
f 2405 2303 2355
f 2405 2355 2406
f 2407 2258 2264
f 2407 2264 2408
f 2409 2260 2262
f 2409 2262 2410
f 2411 2354 2259
f 2411 2259 2412
f 2408 2264 2265
f 2408 2265 2413
f 2413 2265 2266
f 2413 2266 2414
f 2415 2268 2269
f 2415 2269 2416
f 2416 2269 2270
f 2416 2270 2417
f 2417 2270 2271
f 2417 2271 2418
f 2418 2271 2272
f 2418 2272 2419
f 2419 2272 2273
f 2419 2273 2420
f 2420 2273 2274
f 2420 2274 2421
f 2421 2274 2275
f 2421 2275 2422
f 2422 2275 2276
f 2422 2276 2423
f 2423 2276 2277
f 2423 2277 2424
f 2424 2277 2278
f 2424 2278 2425
f 2425 2278 2279
f 2425 2279 2361
f 2406 2355 2310
f 2406 2310 2426
f 2427 2280 2281
f 2427 2281 2428
f 2410 2262 2282
f 2410 2282 2429
f 2430 2286 2287
f 2430 2287 2431
f 2432 2284 2285
f 2432 2285 2433
f 2431 2287 2288
f 2431 2288 2434
f 2434 2288 2289
f 2434 2289 2435
f 2435 2289 2290
f 2435 2290 2436
f 2436 2290 2291
f 2436 2291 2437
f 2437 2291 2292
f 2437 2292 2438
f 2438 2292 2293
f 2438 2293 2439
f 2439 2293 2294
f 2439 2294 2440
f 2440 2294 2295
f 2440 2295 2441
f 2441 2295 2296
f 2441 2296 2442
f 2442 2296 2297
f 2442 2297 2443
f 2443 2297 2298
f 2443 2298 2444
f 2444 2298 2299
f 2444 2299 2358
f 2445 2301 2211
f 2445 2211 2362
f 2446 2302 2303
f 2446 2303 2405
f 2447 2328 2330
f 2447 2330 2448
f 2449 2305 2311
f 2449 2311 2450
f 2451 2307 2309
f 2451 2309 2452
f 2453 2356 2306
f 2453 2306 2454
f 2450 2311 2312
f 2450 2312 2455
f 2455 2312 2313
f 2455 2313 2456
f 2457 2315 2316
f 2457 2316 2458
f 2458 2316 2317
f 2458 2317 2459
f 2459 2317 2318
f 2459 2318 2460
f 2460 2318 2319
f 2460 2319 2461
f 2461 2319 2320
f 2461 2320 2462
f 2462 2320 2321
f 2462 2321 2463
f 2463 2321 2322
f 2463 2322 2464
f 2464 2322 2323
f 2464 2323 2465
f 2465 2323 2324
f 2465 2324 2466
f 2466 2324 2325
f 2466 2325 2467
f 2467 2325 2326
f 2467 2326 2363
f 2468 2327 2328
f 2468 2328 2447
f 2452 2309 2329
f 2452 2329 2469
f 2470 2333 2334
f 2470 2334 2471
f 2472 2331 2332
f 2472 2332 2473
f 2471 2334 2335
f 2471 2335 2474
f 2474 2335 2336
f 2474 2336 2475
f 2475 2336 2337
f 2475 2337 2476
f 2476 2337 2338
f 2476 2338 2477
f 2477 2338 2339
f 2477 2339 2478
f 2478 2339 2340
f 2478 2340 2479
f 2479 2340 2341
f 2479 2341 2480
f 2480 2341 2342
f 2480 2342 2481
f 2481 2342 2343
f 2481 2343 2482
f 2482 2343 2344
f 2482 2344 2359
f 2483 2346 2207
f 2483 2207 2365
f 2484 2347 2348
f 2484 2348 2485
f 2485 2348 2351
f 2485 2351 2486
f 2487 2350 2347
f 2487 2347 2484
f 2367 2234 2235
f 2367 2235 2388
f 2488 2236 2237
f 2488 2237 2389
f 2489 2218 2219
f 2489 2219 2371
f 2490 2214 2212
f 2490 2212 2491
f 2370 2217 2218
f 2370 2218 2489
f 2385 2233 2236
f 2385 2236 2488
f 2428 2281 2283
f 2428 2283 2492
f 2404 2256 2353
f 2404 2353 2382
f 2491 2212 2213
f 2491 2213 2493
f 2486 2351 2214
f 2486 2214 2490
f 2493 2213 2215
f 2493 2215 2368
f 2387 2239 2240
f 2387 2240 2390
f 2429 2282 2280
f 2429 2280 2427
f 2494 2257 2258
f 2494 2258 2407
f 2414 2266 2267
f 2414 2267 2495
f 2412 2259 2255
f 2412 2255 2403
f 2383 2263 2257
f 2383 2257 2494
f 2495 2267 2268
f 2495 2268 2415
f 2492 2283 2284
f 2492 2284 2432
f 2433 2285 2286
f 2433 2286 2430
f 2469 2329 2327
f 2469 2327 2468
f 2496 2304 2305
f 2496 2305 2449
f 2456 2313 2314
f 2456 2314 2497
f 2454 2306 2302
f 2454 2302 2446
f 2426 2310 2304
f 2426 2304 2496
f 2497 2314 2315
f 2497 2315 2457
f 2448 2330 2331
f 2448 2331 2472
f 2473 2332 2333
f 2473 2333 2470
f 2498 2349 2350
f 2498 2350 2487
f 2357 2254 2402
f 2357 2402 2499
f 2358 2301 2445
f 2358 2445 2500
f 2365 2349 2498
f 2365 2498 2501
f 2359 2346 2483
f 2359 2483 2502
f 2360 2354 2411
f 2360 2411 2503
f 2361 2260 2409
f 2361 2409 2504
f 2364 2352 2366
f 2364 2366 2505
f 2363 2307 2451
f 2363 2451 2506
f 2362 2356 2453
f 2362 2453 2507
f 2508 2373 2374
f 2508 2374 2509
f 2510 2369 2370
f 2510 2370 2511
f 2512 2371 2372
f 2512 2372 2513
f 2513 2372 2373
f 2513 2373 2508
f 2514 2375 2376
f 2514 2376 2515
f 2515 2376 2377
f 2515 2377 2516
f 2516 2377 2378
f 2516 2378 2517
f 2517 2378 2379
f 2517 2379 2518
f 2518 2379 2380
f 2518 2380 2519
f 2199 407 103
f 2199 103 102
f 2520 2495 2415
f 2520 2415 2521
f 2522 2384 2385
f 2522 2385 2523
f 2524 2387 2390
f 2524 2390 2525
f 2526 2428 2492
f 2526 2492 2527
f 2528 2429 2427
f 2528 2427 2529
f 2530 2488 2389
f 2530 2389 2531
f 2532 2533 2534
f 2531 2389 2386
f 2531 2386 2535
f 2536 2393 2394
f 2536 2394 2537
f 2525 2390 2391
f 2525 2391 2538
f 2538 2391 2392
f 2538 2392 2539
f 2537 2394 2395
f 2537 2395 2540
f 2540 2395 2396
f 2540 2396 2541
f 2541 2396 2397
f 2541 2397 2542
f 2542 2397 2398
f 2542 2398 2543
f 2543 2398 2399
f 2543 2399 2544
f 2544 2399 2400
f 2544 2400 2545
f 2534 2533 2546
f 2534 2546 2547
f 2548 2405 2406
f 2548 2406 2549
f 2550 2445 2362
f 2550 2362 2507
f 2551 2403 2404
f 2551 2404 2552
f 2552 2404 2382
f 2552 2382 2553
f 2554 2413 2414
f 2554 2414 2555
f 2556 2434 2435
f 2556 2435 2557
f 2558 2383 2494
f 2558 2494 2559
f 2560 19 206
f 2560 206 205
f 2561 2408 2413
f 2561 2413 2554
f 2562 2412 2403
f 2562 2403 2551
f 2521 2415 2416
f 2521 2416 2563
f 2563 2416 2417
f 2563 2417 2564
f 2565 2419 2420
f 2565 2420 2566
f 2566 2420 2421
f 2566 2421 2567
f 2567 2421 2422
f 2567 2422 2568
f 2568 2422 2423
f 2568 2423 2569
f 2569 2423 2424
f 2569 2424 2570
f 2571 2572 2031
f 2549 2406 2426
f 2549 2426 2573
f 2559 2494 2407
f 2559 2407 2574
f 2529 2427 2428
f 2529 2428 2526
f 2575 2410 2429
f 2575 2429 2528
f 2576 2430 2431
f 2576 2431 2577
f 2031 2572 2578
f 2031 2578 2032
f 2579 2469 2468
f 2579 2468 2580
f 2509 2374 2375
f 2509 2375 2514
f 2577 2431 2434
f 2577 2434 2556
f 2581 2436 2437
f 2581 2437 2582
f 2582 2437 2438
f 2582 2438 2583
f 2583 2438 2439
f 2583 2439 2584
f 2584 2439 2440
f 2584 2440 2585
f 2585 2440 2441
f 2585 2441 2586
f 2586 2441 2442
f 2586 2442 2587
f 2587 2442 2443
f 2587 2443 2588
f 2589 2590 1983
f 2591 2449 2450
f 2591 2450 2592
f 2593 2452 2469
f 2593 2469 2579
f 2594 2483 2365
f 2594 2365 2501
f 2595 2446 2405
f 2595 2405 2548
f 2596 2447 2448
f 2596 2448 2597
f 2598 2455 2456
f 2598 2456 2599
f 2600 2474 2475
f 2600 2475 2601
f 2573 2426 2496
f 2573 2496 2602
f 19 18 2603
f 19 2603 206
f 2592 2450 2455
f 2592 2455 2598
f 2604 2454 2446
f 2604 2446 2595
f 2605 2457 2458
f 2605 2458 2606
f 2606 2458 2459
f 2606 2459 2607
f 2608 2461 2462
f 2608 2462 2609
f 2609 2462 2463
f 2609 2463 2610
f 2610 2463 2464
f 2610 2464 2611
f 2611 2464 2465
f 2611 2465 2612
f 2612 2465 2466
f 2612 2466 2613
f 1983 2590 2614
f 1983 2614 2615
f 2602 2496 2449
f 2602 2449 2591
f 2616 2472 2473
f 2616 2473 2617
f 2618 2498 2487
f 2618 2487 2619
f 2553 2382 2383
f 2553 2383 2558
f 2620 2402 2360
f 2620 2360 2503
f 2621 2470 2471
f 2621 2471 2622
f 234 2603 18
f 234 18 2623
f 2622 2471 2474
f 2622 2474 2600
f 2624 2476 2477
f 2624 2477 2625
f 2625 2477 2478
f 2625 2478 2626
f 2626 2478 2479
f 2626 2479 2627
f 2627 2479 2480
f 2627 2480 2628
f 2628 2480 2481
f 2628 2481 2629
f 2630 2631 2632
f 2630 2632 2633
f 2634 2493 2368
f 2634 2368 2635
f 2636 2367 2388
f 2636 2388 2637
f 2638 2491 2493
f 2638 2493 2634
f 2639 2484 2485
f 2639 2485 2640
f 2640 2485 2486
f 2640 2486 2641
f 2619 2487 2484
f 2619 2484 2639
f 406 2603 234
f 406 234 1908
f 2642 2489 2371
f 2642 2371 2512
f 2643 2490 2491
f 2643 2491 2638
f 2511 2370 2489
f 2511 2489 2642
f 2644 2497 2457
f 2644 2457 2605
f 2645 2433 2430
f 2645 2430 2576
f 2646 2411 2412
f 2646 2412 2562
f 2647 2409 2410
f 2647 2410 2575
f 2555 2414 2495
f 2555 2495 2520
f 2574 2407 2408
f 2574 2408 2561
f 2617 2473 2470
f 2617 2470 2621
f 2637 2388 2384
f 2637 2384 2522
f 2580 2468 2447
f 2580 2447 2596
f 2539 2392 2393
f 2539 2393 2536
f 2535 2386 2387
f 2535 2387 2524
f 2641 2486 2490
f 2641 2490 2643
f 2523 2385 2488
f 2523 2488 2530
f 2527 2492 2432
f 2527 2432 2648
f 2597 2448 2472
f 2597 2472 2616
f 2635 2368 2369
f 2635 2369 2510
f 2649 2366 2367
f 2649 2367 2636
f 2564 2417 2418
f 2564 2418 2650
f 2650 2418 2419
f 2650 2419 2565
f 2648 2432 2433
f 2648 2433 2645
f 2557 2435 2436
f 2557 2436 2581
f 2599 2456 2497
f 2599 2497 2644
f 2651 2451 2452
f 2651 2452 2593
f 2652 2453 2454
f 2652 2454 2604
f 2607 2459 2460
f 2607 2460 2653
f 2653 2460 2461
f 2653 2461 2608
f 2601 2475 2476
f 2601 2476 2624
f 2500 2445 2550
f 2500 2550 2654
f 2503 2411 2646
f 2503 2646 2655
f 2502 2483 2594
f 2502 2594 2656
f 2507 2453 2652
f 2507 2652 2657
f 2506 2451 2651
f 2506 2651 2658
f 2501 2498 2618
f 2501 2618 2659
f 2505 2366 2649
f 2505 2649 2660
f 2504 2409 2647
f 2504 2647 2661
f 2499 2402 2620
f 2499 2620 2662
f 2663 2651 2593
f 2663 2593 2664
f 2665 2516 2517
f 2665 2517 2666
f 2667 2513 2508
f 2667 2508 2668
f 2669 2584 2585
f 2669 2585 2670
f 2671 2515 2516
f 2671 2516 2665
f 2672 2518 2519
f 2672 2519 2673
f 2673 2519 2505
f 2673 2505 2660
f 2674 2563 2564
f 2674 2564 2675
f 2676 2520 2521
f 2676 2521 2677
f 2678 2527 2648
f 2678 2648 2679
f 2680 2538 2539
f 2680 2539 2681
f 2682 2597 2616
f 2682 2616 2683
f 2684 2555 2520
f 2684 2520 2676
f 2685 2540 2541
f 2685 2541 2686
f 2687 2537 2540
f 2687 2540 2685
f 2688 2641 2643
f 2688 2643 2689
f 2690 2531 2535
f 2690 2535 2691
f 2692 2536 2537
f 2692 2537 2687
f 2693 2525 2538
f 2693 2538 2680
f 2691 2535 2524
f 2691 2524 2694
f 2686 2541 2542
f 2686 2542 2695
f 2695 2542 2543
f 2695 2543 2696
f 2696 2543 2544
f 2696 2544 2697
f 2697 2544 2545
f 2697 2545 2698
f 2698 2545 2499
f 2698 2499 2662
f 2699 2559 2574
f 2699 2574 2700
f 2701 2548 2549
f 2701 2549 2702
f 2677 2521 2563
f 2677 2563 2674
f 2703 2551 2552
f 2703 2552 2704
f 2705 2610 2611
f 2705 2611 2706
f 2704 2552 2553
f 2704 2553 2707
f 2708 2554 2555
f 2708 2555 2684
f 2709 2599 2644
f 2709 2644 2710
f 2711 2529 2526
f 2711 2526 2712
f 2713 2568 2569
f 2713 2569 2714
f 2715 2562 2551
f 2715 2551 2703
f 2716 2567 2568
f 2716 2568 2713
f 2717 2650 2565
f 2717 2565 2718
f 2718 2565 2566
f 2718 2566 2719
f 2719 2566 2567
f 2719 2567 2716
f 2714 2569 2570
f 2714 2570 2720
f 2720 2570 2504
f 2720 2504 2661
f 2702 2549 2573
f 2702 2573 2721
f 2706 2611 2612
f 2706 2612 2722
f 2723 2617 2621
f 2723 2621 2724
f 2725 2635 2510
f 2725 2510 2726
f 2727 2522 2523
f 2727 2523 2728
f 2729 2576 2577
f 2729 2577 2730
f 2664 2593 2579
f 2664 2579 2731
f 2731 2579 2580
f 2731 2580 2732
f 2681 2539 2536
f 2681 2536 2692
f 2733 2509 2514
f 2733 2514 2734
f 2683 2616 2617
f 2683 2617 2723
f 2735 2582 2583
f 2735 2583 2736
f 2670 2585 2586
f 2670 2586 2737
f 2737 2586 2587
f 2737 2587 2738
f 2738 2587 2588
f 2738 2588 2739
f 2739 2588 2500
f 2739 2500 2654
f 2740 2607 2653
f 2740 2653 2741
f 2742 2591 2592
f 2742 2592 2743
f 2744 2594 2501
f 2744 2501 2659
f 2745 2595 2548
f 2745 2548 2701
f 2746 2626 2627
f 2746 2627 2747
f 2748 2596 2597
f 2748 2597 2682
f 2721 2573 2602
f 2721 2602 2749
f 2743 2592 2598
f 2743 2598 2750
f 2751 2605 2606
f 2751 2606 2752
f 2752 2606 2607
f 2752 2607 2740
f 2753 2608 2609
f 2753 2609 2754
f 2754 2609 2610
f 2754 2610 2705
f 2722 2612 2613
f 2722 2613 2755
f 2755 2613 2506
f 2755 2506 2658
f 2749 2602 2591
f 2749 2591 2742
f 2756 2618 2619
f 2756 2619 2757
f 2707 2553 2558
f 2707 2558 2758
f 2724 2621 2622
f 2724 2622 2759
f 2666 2517 2518
f 2666 2518 2672
f 2760 2636 2637
f 2760 2637 2761
f 2747 2627 2628
f 2747 2628 2762
f 2759 2622 2600
f 2759 2600 2763
f 2757 2619 2639
f 2757 2639 2764
f 2765 2625 2626
f 2765 2626 2746
f 2762 2628 2629
f 2762 2629 2766
f 2766 2629 2502
f 2766 2502 2656
f 2767 2634 2635
f 2767 2635 2725
f 2732 2580 2596
f 2732 2596 2748
f 2768 2511 2642
f 2768 2642 2769
f 2764 2639 2640
f 2764 2640 2770
f 2770 2640 2641
f 2770 2641 2688
f 2769 2642 2512
f 2769 2512 2771
f 2710 2644 2605
f 2710 2605 2751
f 2772 2604 2595
f 2772 2595 2745
f 2773 2561 2554
f 2773 2554 2708
f 2689 2643 2638
f 2689 2638 2774
f 2741 2653 2608
f 2741 2608 2753
f 2775 2645 2576
f 2775 2576 2729
f 2728 2523 2530
f 2728 2530 2776
f 2777 2646 2562
f 2777 2562 2715
f 2774 2638 2634
f 2774 2634 2767
f 2675 2564 2650
f 2675 2650 2717
f 2761 2637 2522
f 2761 2522 2727
f 2778 2647 2575
f 2778 2575 2779
f 2780 2581 2582
f 2780 2582 2735
f 2781 2624 2625
f 2781 2625 2765
f 2782 2620 2503
f 2782 2503 2655
f 2763 2600 2601
f 2763 2601 2783
f 2750 2598 2599
f 2750 2599 2709
f 2758 2558 2559
f 2758 2559 2699
f 2784 2556 2557
f 2784 2557 2785
f 2730 2577 2556
f 2730 2556 2784
f 2786 2550 2507
f 2786 2507 2657
f 2700 2574 2561
f 2700 2561 2773
f 2785 2557 2581
f 2785 2581 2780
f 2736 2583 2584
f 2736 2584 2669
f 2779 2575 2528
f 2779 2528 2787
f 2694 2524 2525
f 2694 2525 2693
f 2788 2649 2636
f 2788 2636 2760
f 2734 2514 2515
f 2734 2515 2671
f 2679 2648 2645
f 2679 2645 2775
f 2776 2530 2531
f 2776 2531 2690
f 2712 2526 2527
f 2712 2527 2678
f 2787 2528 2529
f 2787 2529 2711
f 2789 2652 2604
f 2789 2604 2772
f 2783 2601 2624
f 2783 2624 2781
f 2668 2508 2509
f 2668 2509 2733
f 2771 2512 2513
f 2771 2513 2667
f 2726 2510 2511
f 2726 2511 2768
f 2080 1938 1939
f 2660 2649 2788
f 2660 2788 2790
f 2791 2792 2793
f 2102 1961 1962
f 2793 2792 2794
f 2793 2794 2795
f 2655 2646 2777
f 2655 2777 2796
f 2654 2550 2786
f 2654 2786 2797
f 2129 1987 1988
f 2656 2594 2744
f 2656 2744 2798
f 2662 2620 2782
f 2662 2782 2799
f 2800 2801 2802
f 2151 2010 2011
f 2659 2618 2756
f 2659 2756 2803
f 2176 2035 2036
f 2802 2801 2804
f 2802 2804 2805
f 2806 2807 2808
f 2808 2807 2809
f 2808 2809 2810
f 2196 2056 2057
f 2661 2647 2778
f 2661 2778 2811
f 2657 2652 2789
f 2657 2789 2812
f 2658 2651 2663
f 2658 2663 2813
f 2814 2694 2693
f 2814 2693 2815
f 2816 2771 2667
f 2816 2667 2817
f 2818 2737 2738
f 2818 2738 2819
f 2820 2672 2673
f 2820 2673 2821
f 2821 2673 2660
f 2821 2660 2790
f 2822 2703 2704
f 2822 2704 2823
f 2824 2689 2774
f 2824 2774 2825
f 2826 2776 2690
f 2826 2690 2827
f 2828 2679 2775
f 2828 2775 2829
f 2830 2779 2787
f 2830 2787 2831
f 2832 2783 2781
f 2832 2781 2833
f 2834 2685 2686
f 2834 2686 2835
f 2836 2788 2760
f 2836 2760 2837
f 2838 2688 2689
f 2838 2689 2824
f 2835 2686 2695
f 2835 2695 2839
f 2840 2733 2734
f 2840 2734 2841
f 2827 2690 2691
f 2827 2691 2842
f 2815 2693 2680
f 2815 2680 2843
f 2844 2696 2697
f 2844 2697 2845
f 2845 2697 2698
f 2845 2698 2846
f 2846 2698 2662
f 2846 2662 2799
f 2847 2785 2780
f 2847 2780 2848
f 2849 2701 2702
f 2849 2702 2850
f 2851 2784 2785
f 2851 2785 2847
f 2852 2706 2722
f 2852 2722 2853
f 2854 2677 2674
f 2854 2674 2855
f 2856 2763 2783
f 2856 2783 2832
f 2850 2702 2721
f 2850 2721 2857
f 2858 2666 2672
f 2858 2672 2820
f 2823 2704 2707
f 2823 2707 2859
f 2860 2708 2684
f 2860 2684 2861
f 2862 2709 2710
f 2862 2710 2863
f 2831 2787 2711
f 2831 2711 2864
f 2865 2720 2661
f 2865 2661 2811
f 2864 2711 2712
f 2864 2712 2866
f 2825 2774 2767
f 2825 2767 2867
f 2868 2676 2677
f 2868 2677 2854
f 2869 2716 2713
f 2869 2713 2870
f 2871 2717 2718
f 2871 2718 2872
f 2872 2718 2719
f 2872 2719 2873
f 2874 2727 2728
f 2874 2728 2875
f 2876 2732 2748
f 2876 2748 2877
f 2878 2725 2726
f 2878 2726 2879
f 2880 2735 2736
f 2880 2736 2881
f 2882 2755 2658
f 2882 2658 2813
f 2883 2723 2724
f 2883 2724 2884
f 2885 2692 2687
f 2885 2687 2886
f 2887 2664 2731
f 2887 2731 2888
f 2863 2710 2751
f 2863 2751 2889
f 2819 2738 2739
f 2819 2739 2890
f 2891 2683 2723
f 2891 2723 2883
f 2892 2669 2670
f 2892 2670 2893
f 2893 2670 2737
f 2893 2737 2818
f 2890 2739 2654
f 2890 2654 2797
f 2894 2742 2743
f 2894 2743 2895
f 2896 2753 2754
f 2896 2754 2897
f 2853 2722 2755
f 2853 2755 2882
f 2855 2674 2675
f 2855 2675 2898
f 2899 2745 2701
f 2899 2701 2849
f 2900 2746 2747
f 2900 2747 2901
f 2902 2768 2769
f 2902 2769 2903
f 2904 2740 2741
f 2904 2741 2905
f 2906 2758 2699
f 2906 2699 2907
f 2889 2751 2752
f 2889 2752 2908
f 2909 2665 2666
f 2909 2666 2858
f 2910 2671 2665
f 2910 2665 2909
f 2908 2752 2740
f 2908 2740 2904
f 2829 2775 2729
f 2829 2729 2911
f 2897 2754 2705
f 2897 2705 2912
f 2859 2707 2758
f 2859 2758 2906
f 2843 2680 2681
f 2843 2681 2913
f 2911 2729 2730
f 2911 2730 2914
f 2915 2757 2764
f 2915 2764 2916
f 2884 2724 2759
f 2884 2759 2917
f 2918 2766 2656
f 2918 2656 2798
f 2841 2734 2671
f 2841 2671 2910
f 2901 2747 2762
f 2901 2762 2919
f 2920 2750 2709
f 2920 2709 2862
f 2921 2770 2688
f 2921 2688 2838
f 2922 2765 2746
f 2922 2746 2900
f 2923 2700 2773
f 2923 2773 2924
f 2903 2769 2771
f 2903 2771 2816
f 2867 2767 2725
f 2867 2725 2878
f 2916 2764 2770
f 2916 2770 2921
f 2925 2756 2757
f 2925 2757 2915
f 2913 2681 2692
f 2913 2692 2885
f 2926 2778 2779
f 2926 2779 2830
f 2927 2744 2659
f 2927 2659 2803
f 2924 2773 2708
f 2924 2708 2860
f 2898 2675 2717
f 2898 2717 2871
f 2928 2714 2720
f 2928 2720 2865
f 2848 2780 2735
f 2848 2735 2880
f 2866 2712 2678
f 2866 2678 2929
f 2930 2777 2715
f 2930 2715 2931
f 2907 2699 2700
f 2907 2700 2923
f 2895 2743 2750
f 2895 2750 2920
f 2931 2715 2703
f 2931 2703 2822
f 2873 2719 2716
f 2873 2716 2869
f 2932 2789 2772
f 2932 2772 2933
f 2833 2781 2765
f 2833 2765 2922
f 2934 2749 2742
f 2934 2742 2894
f 2917 2759 2763
f 2917 2763 2856
f 2879 2726 2768
f 2879 2768 2902
f 2875 2728 2776
f 2875 2776 2826
f 2905 2741 2753
f 2905 2753 2896
f 2857 2721 2749
f 2857 2749 2934
f 2935 2782 2655
f 2935 2655 2796
f 2936 2668 2733
f 2936 2733 2840
f 2937 2786 2657
f 2937 2657 2812
f 2914 2730 2784
f 2914 2784 2851
f 2938 2682 2683
f 2938 2683 2891
f 2939 2663 2664
f 2939 2664 2887
f 2886 2687 2685
f 2886 2685 2834
f 2842 2691 2694
f 2842 2694 2814
f 2912 2705 2706
f 2912 2706 2852
f 2870 2713 2714
f 2870 2714 2928
f 2861 2684 2676
f 2861 2676 2868
f 2888 2731 2732
f 2888 2732 2876
f 2929 2678 2679
f 2929 2679 2828
f 2839 2695 2696
f 2839 2696 2844
f 2837 2760 2761
f 2837 2761 2940
f 2881 2736 2669
f 2881 2669 2892
f 2817 2667 2668
f 2817 2668 2936
f 2940 2761 2727
f 2940 2727 2874
f 2919 2762 2766
f 2919 2766 2918
f 2877 2748 2682
f 2877 2682 2938
f 2933 2772 2745
f 2933 2745 2899
f 2813 2663 2939
f 2813 2939 2941
f 2797 2786 2937
f 2797 2937 2942
f 2799 2782 2935
f 2799 2935 2943
f 2790 2788 2836
f 2790 2836 2944
f 2798 2744 2927
f 2798 2927 2945
f 2811 2778 2926
f 2811 2926 2946
f 2803 2756 2925
f 2803 2925 2947
f 2796 2777 2930
f 2796 2930 2948
f 2812 2789 2932
f 2812 2932 2949
f 2950 2940 2874
f 2950 2874 2951
f 2952 2888 2876
f 2952 2876 2953
f 2954 2821 2790
f 2954 2790 2944
f 2955 2815 2843
f 2955 2843 2956
f 2957 2897 2912
f 2957 2912 2958
f 2959 2848 2880
f 2959 2880 2960
f 2961 2962 2963
f 2964 2901 2919
f 2964 2919 2965
f 2966 2881 2892
f 2966 2892 2967
f 2968 2934 2894
f 2968 2894 2969
f 2970 2837 2940
f 2970 2940 2950
f 2971 2840 2841
f 2971 2841 2972
f 2973 2827 2842
f 2973 2842 2974
f 2975 2911 2914
f 2975 2914 2976
f 2977 2844 2845
f 2977 2845 2978
f 2963 2962 2979
f 2963 2979 2980
f 2981 2849 2850
f 2981 2850 2982
f 2983 2855 2898
f 2983 2898 2984
f 2985 2877 2938
f 2985 2938 2986
f 2986 2938 2891
f 2986 2891 2987
f 2988 2852 2853
f 2988 2853 2989
f 2969 2894 2895
f 2969 2895 2990
f 2991 2858 2820
f 2991 2820 2992
f 2956 2843 2913
f 2956 2913 2993
f 2994 2860 2861
f 2994 2861 2995
f 2996 2997 2998
f 2999 2838 2824
f 2999 2824 3000
f 3001 2836 2837
f 3001 2837 2970
f 3002 2831 2864
f 3002 2864 3003
f 3004 2865 2811
f 3004 2811 2946
f 3005 2873 2869
f 3005 2869 3006
f 3007 2916 2921
f 3007 2921 3008
f 3009 2868 2854
f 3009 2854 3010
f 3006 2869 2870
f 3006 2870 3011
f 3012 2905 2896
f 3012 2896 3013
f 3014 2872 2873
f 3014 2873 3005
f 2951 2874 2875
f 2951 2875 3015
f 3016 2933 2899
f 3016 2899 3017
f 3015 2875 2826
f 3015 2826 3018
f 3019 2817 2936
f 3019 2936 3020
f 3021 2883 2884
f 3021 2884 3022
f 2974 2842 2814
f 2974 2814 3023
f 2982 2850 2857
f 2982 2857 3024
f 3025 2929 2828
f 3025 2828 3026
f 3027 2832 2833
f 3027 2833 3028
f 3029 2847 2848
f 3029 2848 2959
f 3003 2864 2866
f 3003 2866 3030
f 3031 2863 2889
f 3031 2889 3032
f 3033 2931 2822
f 3033 2822 3034
f 2987 2891 2883
f 2987 2883 3021
f 3035 2851 2847
f 3035 2847 3029
f 2967 2892 2893
f 2967 2893 3036
f 3010 2854 2855
f 3010 2855 2983
f 3036 2893 2818
f 3036 2818 3037
f 3038 2917 2856
f 3038 2856 3039
f 3040 2871 2872
f 3040 2872 3014
f 3041 2859 2906
f 3041 2906 3042
f 2989 2853 2882
f 2989 2882 3043
f 2984 2898 2871
f 2984 2871 3040
f 3017 2899 2849
f 3017 2849 2981
f 3044 2900 2901
f 3044 2901 2964
f 3045 2867 2878
f 3045 2878 3046
f 3024 2857 2934
f 3024 2934 2968
f 3047 2830 2831
f 3047 2831 3002
f 3026 2828 2829
f 3026 2829 3048
f 3000 2824 2825
f 3000 2825 3049
f 2990 2895 2920
f 2990 2920 3050
f 3032 2889 2908
f 3032 2908 3051
f 3052 2909 2858
f 3052 2858 2991
f 3053 2834 2835
f 3053 2835 3054
f 3055 2910 2909
f 3055 2909 3052
f 3011 2870 2928
f 3011 2928 3056
f 3057 2879 2902
f 3057 2902 3058
f 2993 2913 2885
f 2993 2885 3059
f 3060 2915 2916
f 3060 2916 3007
f 3022 2884 2917
f 3022 2917 3038
f 3061 2918 2798
f 3061 2798 2945
f 2992 2820 2821
f 2992 2821 2954
f 3050 2920 2862
f 3050 2862 3062
f 3008 2921 2838
f 3008 2838 2999
f 3063 2922 2900
f 3063 2900 3044
f 3018 2826 2827
f 3018 2827 2973
f 3064 2923 2924
f 3064 2924 3065
f 3066 2903 2816
f 3066 2816 3067
f 3013 2896 2897
f 3013 2897 2957
f 3058 2902 2903
f 3058 2903 3066
f 2976 2914 2851
f 2976 2851 3035
f 2958 2912 2852
f 2958 2852 2988
f 3067 2816 2817
f 3067 2817 3019
f 3048 2829 2911
f 3048 2911 2975
f 2945 2927 2803
f 2945 2803 2947
f 3042 2906 2907
f 3042 2907 3068
f 3034 2822 2823
f 3034 2823 3069
f 2972 2841 2910
f 2972 2910 3055
f 3070 2930 2931
f 3070 2931 3033
f 3068 2907 2923
f 3068 2923 3064
f 3054 2835 2839
f 3054 2839 3071
f 3072 2904 2905
f 3072 2905 3012
f 3037 2818 2819
f 3037 2819 3073
f 3069 2823 2859
f 3069 2859 3041
f 2960 2880 2881
f 2960 2881 2966
f 3028 2833 2922
f 3028 2922 3063
f 3074 2887 2888
f 3074 2888 2952
f 3049 2825 2867
f 3049 2867 3045
f 3020 2936 2840
f 3020 2840 2971
f 2998 2997 3075
f 2998 3075 3076
f 3051 2908 2904
f 3051 2904 3072
f 3043 2882 2813
f 3043 2813 2941
f 3077 2886 2834
f 3077 2834 3053
f 3078 2939 2887
f 3078 2887 3074
f 3065 2924 2860
f 3065 2860 2994
f 3079 2926 2830
f 3079 2830 3047
f 3059 2885 2886
f 3059 2886 3077
f 3071 2839 2844
f 3071 2844 2977
f 3046 2878 2879
f 3046 2879 3057
f 3062 2862 2863
f 3062 2863 3031
f 2953 2876 2877
f 2953 2877 2985
f 3056 2928 2865
f 3056 2865 3004
f 3080 2932 2933
f 3080 2933 3016
f 3081 2925 2915
f 3081 2915 3060
f 3030 2866 2929
f 3030 2929 3025
f 3039 2856 2832
f 3039 2832 3027
f 2995 2861 2868
f 2995 2868 3009
f 2965 2919 2918
f 2965 2918 3061
f 3023 2814 2815
f 3023 2815 2955
f 2944 2836 3001
f 2944 3001 3082
f 2941 2939 3078
f 2941 3078 3083
f 2949 2932 3080
f 2949 3080 3084
f 2947 2925 3081
f 2947 3081 3085
f 2946 2926 3079
f 2946 3079 3086
f 2948 2930 3070
f 2948 3070 3087
f 3088 3056 3004
f 3088 3004 3089
f 3090 3051 3072
f 3090 3072 3091
f 3092 2953 2985
f 3092 2985 3093
f 3094 3077 3053
f 3094 3053 3095
f 3096 2955 2956
f 3096 2956 3097
f 3098 3007 3008
f 3098 3008 3099
f 3100 2975 2976
f 3100 2976 3101
f 3102 3067 3019
f 3102 3019 3103
f 3104 3028 3063
f 3104 3063 3105
f 3106 3107 2794
f 2794 3107 3108
f 2794 3108 3109
f 3110 3062 3031
f 3110 3031 3111
f 3112 3010 2983
f 3112 2983 3113
f 3114 3050 3062
f 3114 3062 3110
f 3115 2959 2960
f 3115 2960 3116
f 3117 3011 3056
f 3117 3056 3088
f 3118 2971 2972
f 3118 2972 3119
f 3120 2982 3024
f 3120 3024 3121
f 3122 2958 2988
f 3122 2988 3123
f 3124 3125 3126
f 3127 3000 3049
f 3127 3049 3128
f 3129 2978 2943
f 3129 2943 3130
f 3131 3023 2955
f 3131 2955 3096
f 3132 2981 2982
f 3132 2982 3120
f 3133 3017 2981
f 3133 2981 3132
f 3134 2984 3040
f 3134 3040 3135
f 3136 2986 2987
f 3136 2987 3137
f 3123 2988 2989
f 3123 2989 3138
f 3139 2969 2990
f 3139 2990 3140
f 163 3001 2970
f 163 2970 3141
f 3126 3125 3142
f 3126 3142 3143
f 3144 2991 2992
f 3144 2992 3145
f 3097 2956 2993
f 3097 2993 3146
f 3147 2994 2995
f 3147 2995 3148
f 3149 3042 3068
f 3149 3068 3150
f 3140 2990 3050
f 3140 3050 3114
f 3151 3002 3003
f 3151 3003 3152
f 3153 3080 3016
f 3153 3016 3154
f 3093 2985 2986
f 3093 2986 3136
f 3155 3005 3006
f 3155 3006 3156
f 3157 3074 2952
f 3157 2952 3158
f 3159 3036 3037
f 3159 3037 3160
f 3156 3006 3011
f 3156 3011 3117
f 3161 3012 3013
f 3161 3013 3162
f 3163 3034 3069
f 3163 3069 3164
f 3165 3166 3167
f 3154 3016 3017
f 3154 3017 3133
f 3168 3015 3018
f 3168 3018 3169
f 3103 3019 3020
f 3103 3020 3170
f 3171 2977 2978
f 3171 2978 3129
f 3172 2974 3023
f 3172 3023 3131
f 3173 3059 3077
f 3173 3077 3094
f 3167 3166 3174
f 3167 3174 3175
f 3176 3025 3026
f 3176 3026 3177
f 3178 3065 2994
f 3178 2994 3147
f 3179 2967 3036
f 3179 3036 3159
f 3180 3039 3027
f 3180 3027 3181
f 3111 3031 3032
f 3111 3032 3182
f 3119 2972 3055
f 3119 3055 3183
f 3137 2987 3021
f 3137 3021 3184
f 3148 2995 3009
f 3148 3009 3185
f 3186 3058 3066
f 3186 3066 3187
f 3135 3040 3014
f 3135 3014 3188
f 3189 3061 2945
f 3189 2945 3190
f 3191 3038 3039
f 3191 3039 3180
f 3192 3030 3025
f 3192 3025 3176
f 3183 3055 3052
f 3183 3052 3193
f 3194 3041 3042
f 3194 3042 3149
f 3195 3196 3197
f 3198 3071 2977
f 3198 2977 3171
f 3199 2965 3061
f 3199 3061 3189
f 3197 3196 3200
f 3197 3200 3201
f 3202 3045 3046
f 3202 3046 3203
f 3121 3024 2968
f 3121 2968 3204
f 3141 2970 2950
f 3141 2950 3205
f 3190 2945 2947
f 3190 2947 3085
f 3170 3020 2971
f 3170 2971 3118
f 3099 3008 2999
f 3099 2999 3206
f 3207 2964 2965
f 3207 2965 3199
f 3193 3052 2991
f 3193 2991 3144
f 3095 3053 3054
f 3095 3054 3208
f 3209 3070 3033
f 3209 3033 3210
f 3150 3068 3064
f 3150 3064 3211
f 3212 3057 3058
f 3212 3058 3186
f 3146 2993 3059
f 3146 3059 3173
f 3213 3073 2942
f 3213 2942 3214
f 3215 3060 3007
f 3215 3007 3098
f 3216 3217 3218
f 3158 2952 2953
f 3158 2953 3092
f 3210 3033 3034
f 3210 3034 3163
f 3101 2976 3035
f 3101 3035 3219
f 3187 3066 3067
f 3187 3067 3102
f 3203 3046 3057
f 3203 3057 3212
f 3220 3048 2975
f 3220 2975 3100
f 3162 3013 2957
f 3162 2957 3221
f 3218 3217 3222
f 3218 3222 3223
f 3224 3029 2959
f 3224 2959 3115
f 3113 2983 2984
f 3113 2984 3134
f 3208 3054 3071
f 3208 3071 3198
f 3219 3035 3029
f 3219 3029 3224
f 3184 3021 3022
f 3184 3022 3225
f 3116 2960 2966
f 3116 2966 3226
f 3188 3014 3005
f 3188 3005 3155
f 3091 3072 3012
f 3091 3012 3161
f 3206 2999 3000
f 3206 3000 3127
f 3226 2966 2967
f 3226 2967 3179
f 3169 3018 2973
f 3169 2973 3227
f 3160 3037 3073
f 3160 3073 3213
f 3225 3022 3038
f 3225 3038 3191
f 3205 2950 2951
f 3205 2951 3228
f 3228 2951 3015
f 3228 3015 3168
f 3089 3004 2946
f 3089 2946 3086
f 3177 3026 3048
f 3177 3048 3220
f 3105 3063 3044
f 3105 3044 3229
f 3230 3079 3047
f 3230 3047 3231
f 168 3078 3074
f 168 3074 3157
f 3182 3032 3051
f 3182 3051 3090
f 3181 3027 3028
f 3181 3028 3104
f 3164 3069 3041
f 3164 3041 3194
f 3227 2973 2974
f 3227 2974 3172
f 3229 3044 2964
f 3229 2964 3207
f 3221 2957 2958
f 3221 2958 3122
f 3211 3064 3065
f 3211 3065 3178
f 3232 3081 3060
f 3232 3060 3215
f 3231 3047 3002
f 3231 3002 3151
f 3204 2968 2969
f 3204 2969 3139
f 3152 3003 3030
f 3152 3030 3192
f 3185 3009 3010
f 3185 3010 3112
f 3128 3049 3045
f 3128 3045 3202
f 3082 3001 163
f 3082 163 162
f 3085 3081 3232
f 3085 3232 3233
f 3087 3070 3209
f 3087 3209 3234
f 3084 3080 3153
f 3084 3153 3235
f 3086 3079 3230
f 3086 3230 3236
f 3083 3078 168
f 3083 168 167
f 3237 3206 3127
f 3237 3127 3238
f 3239 3101 3219
f 3239 3219 3240
f 3241 3203 3212
f 3241 3212 3242
f 3243 3187 3102
f 3243 3102 3244
f 3245 3193 3144
f 3245 3144 3246
f 3247 3204 3139
f 3247 3139 3248
f 3249 3110 3111
f 3249 3111 3250
f 3251 3119 3183
f 3251 3183 3252
f 3253 3208 3198
f 3253 3198 3254
f 3255 3151 3152
f 3255 3152 3256
f 3246 3144 3145
f 3246 3145 165
f 3257 3115 3116
f 3257 3116 3258
f 3259 3161 3162
f 3259 3162 3260
f 3261 3118 3119
f 3261 3119 3251
f 3262 3141 3205
f 3262 3205 3263
f 3264 3185 3112
f 3264 3112 3265
f 3266 3097 3146
f 3266 3146 3267
f 3268 3131 3096
f 3268 3096 3269
f 3270 3132 3120
f 3270 3120 3271
f 3272 3133 3132
f 3272 3132 3270
f 3273 3134 3135
f 3273 3135 3274
f 3275 3148 3185
f 3275 3185 3264
f 3276 3123 3138
f 3276 3138 170
f 3248 3139 3140
f 3248 3140 3277
f 3278 3279 3280
f 3281 2949 3084
f 3281 3084 3282
f 3240 3219 3224
f 3240 3224 3283
f 3284 3149 3150
f 3284 3150 3285
f 3286 3229 3207
f 3286 3207 3287
f 3288 3147 3148
f 3288 3148 3275
f 3289 3220 3100
f 3289 3100 3290
f 3277 3140 3114
f 3277 3114 3291
f 3292 3160 3213
f 3292 3213 3293
f 3294 3093 3136
f 3294 3136 3295
f 3296 3210 3163
f 3296 3163 3297
f 3298 3225 3191
f 3298 3191 3299
f 3300 3156 3117
f 3300 3117 3301
f 3302 3227 3172
f 3302 3172 3303
f 3304 3154 3133
f 3304 3133 3272
f 3305 3103 3170
f 3305 3170 3306
f 3307 3171 3129
f 3307 3129 3308
f 3309 3090 3091
f 3309 3091 3310
f 3303 3172 3131
f 3303 3131 3268
f 3311 3173 3094
f 3311 3094 3312
f 3313 3105 3229
f 3313 3229 3286
f 3252 3183 3193
f 3252 3193 3245
f 158 3232 3215
f 158 3215 3314
f 3315 3179 3159
f 3315 3159 3316
f 3317 3180 3181
f 3317 3181 3318
f 3250 3111 3182
f 3250 3182 3319
f 3258 3116 3226
f 3258 3226 3320
f 3321 3128 3202
f 3321 3202 3322
f 3323 3186 3187
f 3323 3187 3243
f 3274 3135 3188
f 3274 3188 3324
f 3325 3192 3176
f 3325 3176 3326
f 3327 3095 3208
f 3327 3208 3253
f 3328 3194 3149
f 3328 3149 3284
f 3254 3198 3171
f 3254 3171 3307
f 3329 3199 3189
f 3329 3189 3330
f 3331 3104 3105
f 3331 3105 3313
f 3332 3221 3122
f 3332 3122 3333
f 3334 3121 3204
f 3334 3204 3247
f 3335 3228 3168
f 3335 3168 3336
f 3337 2948 3087
f 3337 3087 3338
f 3287 3207 3199
f 3287 3199 3329
f 3339 3209 3210
f 3339 3210 3296
f 3285 3150 3211
f 3285 3211 3340
f 3242 3212 3186
f 3242 3186 3323
f 3314 3215 3098
f 3314 3098 3341
f 3342 3158 3092
f 3342 3092 3343
f 3256 3152 3192
f 3256 3192 3325
f 3340 3211 3178
f 3340 3178 3344
f 3322 3202 3203
f 3322 3203 3241
f 3299 3191 3180
f 3299 3180 3317
f 3310 3091 3161
f 3310 3161 3259
f 3263 3205 3228
f 3263 3228 3335
f 3244 3102 3103
f 3244 3103 3305
f 3312 3094 3095
f 3312 3095 3327
f 3318 3181 3104
f 3318 3104 3331
f 3269 3096 3097
f 3269 3097 3266
f 3326 3176 3177
f 3326 3177 3345
f 3346 3231 3151
f 3346 3151 3255
f 3347 3184 3225
f 3347 3225 3298
f 166 168 3157
f 166 3157 3348
f 3349 3164 3194
f 3349 3194 3328
f 3350 3169 3227
f 3350 3227 3302
f 3280 3279 3351
f 3280 3351 3352
f 3316 3159 3160
f 3316 3160 3292
f 3345 3177 3220
f 3345 3220 3289
f 3246 3353 3354
f 3319 3182 3090
f 3319 3090 3309
f 3348 3157 3158
f 3348 3158 3342
f 3355 3153 3154
f 3355 3154 3304
f 170 3138 3083
f 170 3083 167
f 161 163 3141
f 161 3141 3262
f 3343 3092 3093
f 3343 3093 3294
f 3295 3136 3137
f 3295 3137 3356
f 3357 3230 3231
f 3357 3231 3346
f 3336 3168 3169
f 3336 3169 3350
f 3238 3127 3128
f 3238 3128 3321
f 165 3145 3082
f 165 3082 162
f 3333 3122 3123
f 3333 3123 3276
f 3271 3120 3121
f 3271 3121 3334
f 3358 3099 3206
f 3358 3206 3237
f 3320 3226 3179
f 3320 3179 3315
f 3301 3117 3088
f 3301 3088 3359
f 3267 3146 3173
f 3267 3173 3311
f 3360 3113 3134
f 3360 3134 3273
f 3291 3114 3110
f 3291 3110 3249
f 3265 3112 3113
f 3265 3113 3360
f 3290 3100 3101
f 3290 3101 3239
f 3324 3188 3155
f 3324 3155 3361
f 3297 3163 3164
f 3297 3164 3349
f 3260 3162 3221
f 3260 3221 3332
f 3283 3224 3115
f 3283 3115 3257
f 3341 3098 3099
f 3341 3099 3358
f 3306 3170 3118
f 3306 3118 3261
f 3344 3178 3147
f 3344 3147 3288
f 3361 3155 3156
f 3361 3156 3300
f 3356 3137 3184
f 3356 3184 3347
f 3354 3353 136
f 3354 136 142
f 3234 3209 3339
f 3234 3339 3362
f 3236 3230 3357
f 3236 3357 3363
f 3233 3232 158
f 3233 158 157
f 3235 3153 3355
f 3235 3355 3364
f 3365 3366 3367
f 3367 3366 160
f 3367 160 159
f 3368 3242 3323
f 3368 3323 3369
f 3370 3294 3295
f 3370 3295 3371
f 3372 3314 3341
f 3372 3341 3373
f 3374 3312 3327
f 3374 3327 3375
f 3376 3251 3252
f 3376 3252 3377
f 3378 3299 3317
f 3378 3317 3379
f 3380 3258 3320
f 3380 3320 3381
f 3382 3287 3329
f 3382 3329 3365
f 3371 3295 3356
f 3371 3356 3383
f 3384 3339 3296
f 3384 3296 3385
f 3386 3340 3344
f 3386 3344 3387
f 3353 3246 165
f 3353 165 164
f 3388 3257 3258
f 3388 3258 3380
f 3389 3283 3257
f 3389 3257 3388
f 3390 3262 3263
f 3390 3263 3391
f 3392 3290 3239
f 3392 3239 3393
f 3394 3326 3345
f 3394 3345 3395
f 3396 3397 3398
f 3387 3344 3288
f 3387 3288 3399
f 3400 3273 3274
f 3400 3274 3401
f 3402 3324 3361
f 3402 3361 3403
f 3404 3276 170
f 3404 170 169
f 3405 3248 3277
f 3405 3277 3406
f 3398 3397 3407
f 3398 3407 3408
f 3409 3316 3292
f 3409 3292 3410
f 3373 3341 3358
f 3373 3358 3396
f 3411 3284 3285
f 3411 3285 3412
f 3413 3268 3269
f 3413 3269 3414
f 3415 3289 3290
f 3415 3290 3392
f 3406 3277 3291
f 3406 3291 3416
f 3410 3292 3293
f 3410 3293 3417
f 3418 3245 3246
f 3418 3246 3354
f 3419 3260 3332
f 3419 3332 3420
f 3421 3310 3259
f 3421 3259 3422
f 3423 3267 3311
f 3423 3311 3424
f 3425 3318 3331
f 3425 3331 3426
f 3427 3275 3264
f 3427 3264 3428
f 3429 3240 3283
f 3429 3283 3389
f 3430 3305 3306
f 3430 3306 3431
f 3428 3264 3265
f 3428 3265 3432
f 3391 3263 3335
f 3391 3335 3433
f 3434 3303 3268
f 3434 3268 3413
f 3435 3360 3273
f 3435 3273 3400
f 3436 3271 3334
f 3436 3334 3437
f 3438 3315 3316
f 3438 3316 3409
f 3439 3241 3242
f 3439 3242 3368
f 3395 3345 3289
f 3395 3289 3415
f 3414 3269 3266
f 3414 3266 3440
f 3441 3250 3319
f 3441 3319 3442
f 3334 3247 3437
f 3443 3255 3256
f 3443 3256 3444
f 3445 3321 3322
f 3445 3322 3446
f 3431 3306 3261
f 3431 3261 3447
f 3448 3243 3244
f 3448 3244 3449
f 3450 3297 3349
f 3450 3349 3451
f 3452 3325 3326
f 3452 3326 3394
f 3451 3328 3284
f 3451 3284 3411
f 3426 3331 3313
f 3426 3313 3453
f 3420 3332 3333
f 3420 3333 3454
f 3396 3358 3237
f 3396 3237 3397
f 3455 3272 3270
f 3455 3270 3456
f 3433 3335 3336
f 3433 3336 3457
f 3442 3319 3309
f 3442 3309 3458
f 3379 3317 3318
f 3379 3318 3425
f 3446 3322 3241
f 3446 3241 3439
f 3338 3087 3234
f 3338 3234 3459
f 3393 3239 3240
f 3393 3240 3429
f 3460 3355 3304
f 3460 3304 3461
f 3458 3309 3310
f 3458 3310 3421
f 3462 3342 3343
f 3462 3343 3463
f 3444 3256 3325
f 3444 3325 3452
f 3464 3307 3308
f 3464 3308 3465
f 3461 3304 3272
f 3461 3272 3455
f 3466 3302 3303
f 3466 3303 3434
f 3437 3247 3248
f 3437 3248 3405
f 3375 3327 3253
f 3375 3253 3467
f 3468 3300 3301
f 3468 3301 3469
f 3403 3361 3300
f 3403 3300 3468
f 3369 3323 3243
f 3369 3243 3448
f 3470 3298 3299
f 3470 3299 3378
f 3385 3296 3297
f 3385 3297 3450
f 3471 3346 3255
f 3471 3255 3443
f 3472 3347 3298
f 3472 3298 3470
f 3432 3265 3360
f 3432 3360 3435
f 3465 3308 3338
f 3465 3338 3459
f 3377 3252 3245
f 3377 3245 3418
f 3473 3249 3250
f 3473 3250 3441
f 3474 166 3348
f 3474 3348 3475
f 3476 3350 3302
f 3476 3302 3466
f 3477 161 3262
f 3477 3262 3390
f 3453 3313 3286
f 3453 3286 3478
f 3416 3291 3249
f 3416 3249 3473
f 3457 3336 3350
f 3457 3350 3476
f 3456 3270 3271
f 3456 3271 3436
f 3424 3311 3312
f 3424 3312 3374
f 3478 3286 3287
f 3478 3287 3382
f 3440 3266 3267
f 3440 3267 3423
f 153 3357 3346
f 153 3346 3471
f 3399 3288 3275
f 3399 3275 3427
f 3463 3343 3294
f 3463 3294 3370
f 3397 3237 3238
f 3397 3238 3407
f 3447 3261 3251
f 3447 3251 3376
f 3454 3333 3276
f 3454 3276 3404
f 3449 3244 3305
f 3449 3305 3430
f 3412 3285 3340
f 3412 3340 3386
f 3407 3238 3321
f 3407 3321 3445
f 156 158 3314
f 156 3314 3372
f 3401 3274 3324
f 3401 3324 3402
f 3282 3084 3235
f 3282 3235 145
f 3383 3356 3347
f 3383 3347 3472
f 3475 3348 3342
f 3475 3342 3462
f 3422 3259 3260
f 3422 3260 3419
f 3381 3320 3315
f 3381 3315 3438
f 3301 3359 3469
f 3417 3282 145
f 3417 145 144
f 164 161 3477
f 164 3477 137
f 3363 3357 153
f 3363 153 152
f 3364 3355 3460
f 3364 3460 3479
f 169 166 3474
f 169 3474 3480
f 3362 3339 3384
f 3362 3384 3481
f 3469 3359 3236
f 3469 3236 3363
f 3482 3399 3427
f 3482 3427 3483
f 3408 3407 3445
f 3408 3445 3484
f 3485 3446 3439
f 3485 3439 3486
f 3487 3371 3383
f 3487 3383 3488
f 3489 3384 3385
f 3489 3385 3490
f 3491 3437 3405
f 3491 3405 3492
f 3493 3389 3388
f 3493 3388 3494
f 3495 3390 3391
f 3495 3391 3496
f 3497 3374 3375
f 3497 3375 3498
f 3499 3414 3440
f 3499 3440 3216
f 3500 3386 3387
f 3500 3387 3501
f 3502 3463 3370
f 3502 3370 3503
f 3501 3387 3399
f 3501 3399 3482
f 3504 3376 3377
f 3504 3377 3505
f 3506 3400 3401
f 3506 3401 3507
f 3508 3369 3448
f 3508 3448 3509
f 150 3410 3417
f 150 3417 144
f 3510 3373 3396
f 3510 3396 3398
f 3511 3411 3412
f 3511 3412 3512
f 3513 3379 3425
f 3513 3425 3514
f 3515 3372 3373
f 3515 3373 3510
f 3516 3457 3476
f 3516 3476 3517
f 145 3235 3364
f 145 3364 143
f 3518 3418 3354
f 3518 3354 3519
f 3253 3254 3467
f 3520 3381 3438
f 3520 3438 3521
f 3522 3478 3382
f 3522 3382 3523
f 3524 3420 3454
f 3524 3454 3525
f 3496 3391 3433
f 3496 3433 3526
f 3278 3460 3461
f 3278 3461 3279
f 3527 3430 3431
f 3527 3431 3528
f 3529 3428 3432
f 3529 3432 3530
f 3531 3442 3458
f 3531 3458 3532
f 3533 3434 3413
f 3533 3413 3534
f 3535 3435 3400
f 3535 3400 3506
f 3536 3436 3437
f 3536 3437 3491
f 3486 3439 3368
f 3486 3368 3537
f 155 3469 3363
f 155 3363 152
f 3538 3422 3419
f 3538 3419 3539
f 3540 3441 3442
f 3540 3442 3531
f 3541 3403 3468
f 3541 3468 3542
f 3517 3476 3466
f 3517 3466 3543
f 3528 3431 3447
f 3528 3447 3544
f 3509 3448 3449
f 3509 3449 3545
f 3546 3464 3465
f 3546 3465 3547
f 3548 3451 3411
f 3548 3411 3511
f 3549 3421 3422
f 3549 3422 3538
f 3550 3416 3473
f 3550 3473 3551
f 3545 3449 3430
f 3545 3430 3527
f 3544 3447 3376
f 3544 3376 3504
f 3351 3455 3456
f 3351 3456 3552
f 3553 3429 3389
f 3553 3389 3493
f 3530 3432 3435
f 3530 3435 3535
f 3526 3433 3457
f 3526 3457 3516
f 3467 3254 3307
f 3467 3307 3464
f 3484 3445 3446
f 3484 3446 3485
f 3459 3234 3362
f 3459 3362 3554
f 3222 3424 3374
f 3222 3374 3497
f 3555 3443 3444
f 3555 3444 3556
f 3532 3458 3421
f 3532 3421 3549
f 3557 3471 3443
f 3557 3443 3555
f 3558 3450 3451
f 3558 3451 3548
f 3559 3470 3378
f 3559 3378 3560
f 3556 3444 3452
f 3556 3452 3561
f 3279 3461 3455
f 3279 3455 3351
f 3562 3380 3381
f 3562 3381 3520
f 3521 3438 3409
f 3521 3409 3563
f 3564 3402 3403
f 3564 3403 3541
f 3525 3454 3404
f 3525 3404 3565
f 3566 156 3372
f 3566 3372 3515
f 151 153 3471
f 151 3471 3557
f 3567 3415 3392
f 3567 3392 3568
f 3569 3462 3463
f 3569 3463 3502
f 3570 3393 3429
f 3570 3429 3553
f 3571 3472 3470
f 3571 3470 3559
f 3514 3425 3426
f 3514 3426 3572
f 132 3474 3475
f 132 3475 3573
f 3523 3382 3365
f 3523 3365 3367
f 3574 3477 3390
f 3574 3390 3495
f 3539 3419 3420
f 3539 3420 3524
f 3216 3440 3423
f 3216 3423 3217
f 3488 3383 3472
f 3488 3472 3571
f 3551 3473 3441
f 3551 3441 3540
f 3534 3413 3414
f 3534 3414 3499
f 3572 3426 3453
f 3572 3453 3575
f 3576 3467 3464
f 3576 3464 3546
f 3563 3409 3410
f 3563 3410 150
f 3088 3089 3359
f 3537 3368 3369
f 3537 3369 3508
f 3492 3405 3406
f 3492 3406 3577
f 3498 3375 3467
f 3498 3467 3576
f 3542 3468 3469
f 3542 3469 155
f 3483 3427 3428
f 3483 3428 3529
f 3578 3394 3395
f 3578 3395 3579
f 3577 3406 3416
f 3577 3416 3550
f 3568 3392 3393
f 3568 3393 3570
f 3575 3453 3478
f 3575 3478 3522
f 3494 3388 3380
f 3494 3380 3562
f 3359 3089 3086
f 3359 3086 3236
f 3560 3378 3379
f 3560 3379 3513
f 3565 3404 169
f 3565 169 3480
f 3573 3475 3462
f 3573 3462 3569
f 3512 3412 3386
f 3512 3386 3500
f 136 3353 164
f 136 164 137
f 3490 3385 3450
f 3490 3450 3558
f 3507 3401 3402
f 3507 3402 3564
f 3503 3370 3371
f 3503 3371 3487
f 3547 3465 3459
f 3547 3459 3554
f 3579 3395 3415
f 3579 3415 3567
f 3561 3452 3394
f 3561 3394 3578
f 3543 3466 3434
f 3543 3434 3533
f 3552 3456 3436
f 3552 3436 3536
f 3338 3308 3337
f 3337 3308 3129
f 3337 3129 3130
f 3580 27 26
f 3580 26 3581
f 137 3477 3574
f 137 3574 135
f 159 156 3566
f 159 3566 3582
f 3480 3474 132
f 3480 132 131
f 3505 3377 3418
f 3505 3418 3518
f 3479 3460 3278
f 3479 3278 3583
f 3217 3423 3424
f 3217 3424 3222
f 3481 3384 3489
f 3481 3489 115
f 3584 3537 3508
f 3584 3508 3585
f 3586 3515 3510
f 3586 3510 3587
f 3588 3551 3540
f 3588 3540 3589
f 3590 3507 3564
f 3590 3564 3591
f 3592 3498 3576
f 3592 3576 3593
f 3594 3490 3558
f 3594 3558 3595
f 3596 3542 155
f 3596 155 154
f 3597 3488 3571
f 3597 3571 3598
f 3546 3547 3554
f 3546 3554 3599
f 3600 3501 3482
f 3600 3482 3601
f 3352 3351 3552
f 3352 3552 3602
f 3166 3503 3487
f 3166 3487 3174
f 3603 3579 3567
f 3603 3567 3604
f 3605 3497 3498
f 3605 3498 3592
f 3587 3510 3398
f 3587 3398 3606
f 3607 3512 3500
f 3607 3500 3608
f 143 3364 3479
f 143 3479 127
f 3609 3516 3517
f 3609 3517 3610
f 3281 3293 3213
f 3281 3213 3214
f 3606 3398 3408
f 3606 3408 3195
f 3611 3520 3521
f 3611 3521 3612
f 3613 3561 3578
f 3613 3578 3614
f 3615 3496 3526
f 3615 3526 3616
f 2989 3043 3138
f 3617 3509 3545
f 3617 3545 3618
f 3616 3526 3516
f 3616 3516 3609
f 3619 3575 3522
f 3619 3522 3620
f 3621 3572 3575
f 3621 3575 3619
f 3622 3536 3491
f 3622 3491 3623
f 3624 3492 3577
f 3624 3577 3625
f 3626 3538 3539
f 3626 3539 3627
f 3628 3543 3533
f 3628 3533 3629
f 3630 3541 3542
f 3630 3542 3596
f 3610 3517 3543
f 3610 3543 3628
f 3631 3544 3504
f 3631 3504 3632
f 134 3565 3480
f 134 3480 131
f 3633 3549 3538
f 3633 3538 3626
f 3138 3043 2941
f 3138 2941 3083
f 3625 3550 3551
f 3625 3551 3588
f 3618 3545 3527
f 3618 3527 3634
f 3635 3562 3520
f 3635 3520 3611
f 3636 3535 3506
f 3636 3506 3637
f 3223 3222 3497
f 3223 3497 3605
f 3638 3555 3556
f 3638 3556 3639
f 3174 3487 3488
f 3174 3488 3597
f 2992 2954 3145
f 3640 3483 3529
f 3640 3529 3641
f 3642 3532 3549
f 3642 3549 3633
f 3643 3531 3532
f 3643 3532 3642
f 3644 3514 3572
f 3644 3572 3621
f 3200 3485 3486
f 3200 3486 3645
f 3595 3558 3548
f 3595 3548 3646
f 3647 3559 3560
f 3647 3560 3648
f 3639 3556 3561
f 3639 3561 3613
f 3649 3569 3502
f 3649 3502 3165
f 3614 3578 3579
f 3614 3579 3603
f 3641 3529 3530
f 3641 3530 3650
f 3651 3367 159
f 3651 159 3582
f 3652 3553 3493
f 3652 3493 3653
f 3634 3527 3528
f 3634 3528 3654
f 3554 3362 3481
f 3554 3481 3655
f 3656 3524 3525
f 3656 3525 3657
f 3591 3564 3541
f 3591 3541 3630
f 3658 3511 3512
f 3658 3512 3607
f 3659 3573 3569
f 3659 3569 3649
f 3660 3495 3496
f 3660 3496 3615
f 3661 3566 3515
f 3661 3515 3586
f 3662 151 3557
f 3662 3557 3663
f 3165 3502 3503
f 3165 3503 3166
f 3629 3533 3534
f 3629 3534 3664
f 3604 3567 3568
f 3604 3568 3665
f 3666 3570 3553
f 3666 3553 3652
f 3195 3408 3484
f 3195 3484 3196
f 3145 2954 2944
f 3145 2944 3082
f 3598 3571 3559
f 3598 3559 3647
f 3620 3522 3523
f 3620 3523 3667
f 130 132 3573
f 130 3573 3659
f 3612 3521 3563
f 3612 3563 3668
f 3669 3513 3514
f 3669 3514 3644
f 120 3574 3495
f 120 3495 3660
f 3593 3576 3546
f 3593 3546 3599
f 3663 3557 3555
f 3663 3555 3638
f 3654 3528 3544
f 3654 3544 3631
f 3665 3568 3570
f 3665 3570 3666
f 3637 3506 3507
f 3637 3507 3590
f 2819 2890 3073
f 3648 3560 3513
f 3648 3513 3669
f 3608 3500 3501
f 3608 3501 3600
f 3670 3494 3562
f 3670 3562 3635
f 3653 3493 3494
f 3653 3494 3670
f 3627 3539 3524
f 3627 3524 3656
f 3650 3530 3535
f 3650 3535 3636
f 3585 3508 3509
f 3585 3509 3617
f 3645 3486 3537
f 3645 3537 3584
f 3623 3491 3492
f 3623 3492 3624
f 3671 3499 3216
f 3671 3216 3218
f 3672 3489 3490
f 3672 3490 3594
f 3601 3482 3483
f 3601 3483 3640
f 3196 3484 3485
f 3196 3485 3200
f 3632 3504 3505
f 3632 3505 3673
f 3664 3534 3499
f 3664 3499 3671
f 3589 3540 3531
f 3589 3531 3643
f 3657 3525 3565
f 3657 3565 134
f 3602 3552 3536
f 3602 3536 3622
f 3668 3563 150
f 3668 150 149
f 3646 3548 3511
f 3646 3511 3658
f 115 3489 3672
f 115 3672 113
f 149 143 127
f 149 127 126
f 3073 2890 2797
f 3073 2797 2942
f 3583 3278 3280
f 3583 3280 3674
f 3599 3554 3655
f 3599 3655 3675
f 135 3574 120
f 135 120 119
f 154 151 3662
f 154 3662 3676
f 3582 3566 3661
f 3582 3661 3677
f 3678 3596 154
f 3678 154 3676
f 3679 3657 134
f 3679 134 133
f 160 3366 3233
f 160 3233 157
f 3680 3648 3669
f 3680 3669 3681
f 3682 3663 3638
f 3682 3638 3683
f 3684 3608 3600
f 3684 3600 3685
f 2845 2846 2978
f 3108 3610 3628
f 3108 3628 3686
f 3687 3620 3667
f 3687 3667 3688
f 127 3479 3583
f 127 3583 125
f 3685 3600 3601
f 3685 3601 3689
f 129 3668 149
f 129 149 126
f 3690 3642 3633
f 3690 3633 3691
f 3692 3629 3664
f 3692 3664 3693
f 3694 3607 3608
f 3694 3608 3684
f 3107 3609 3610
f 3107 3610 3108
f 3695 3640 3641
f 3695 3641 3696
f 3697 3606 3195
f 3697 3195 3197
f 3698 3611 3612
f 3698 3612 3699
f 3696 3641 3650
f 3696 3650 3700
f 3701 3653 3670
f 3701 3670 3702
f 3106 3616 3609
f 3106 3609 3107
f 3703 3623 3624
f 3703 3624 3704
f 3705 3622 3623
f 3705 3623 3703
f 3700 3650 3636
f 3700 3636 3706
f 3707 3627 3656
f 3707 3656 3708
f 3125 3604 3665
f 3125 3665 3142
f 3709 3605 3592
f 3709 3592 3710
f 3711 3667 3523
f 3711 3523 3651
f 3712 3658 3607
f 3712 3607 3694
f 3691 3633 3626
f 3691 3626 3713
f 3189 3190 3330
f 2978 2846 2799
f 2978 2799 2943
f 3714 3635 3611
f 3714 3611 3698
f 3706 3636 3637
f 3706 3637 3715
f 3716 3588 3589
f 3716 3589 3717
f 3718 3590 3591
f 3718 3591 3719
f 3720 3352 3602
f 3720 3602 3721
f 3683 3638 3639
f 3683 3639 2996
f 3175 3174 3597
f 3175 3597 3722
f 3723 3643 3642
f 3723 3642 3690
f 3724 3644 3621
f 3724 3621 3725
f 3201 3200 3645
f 3201 3645 3726
f 3727 3595 3646
f 3727 3646 3728
f 3729 3647 3648
f 3729 3648 3680
f 2996 3639 3613
f 2996 3613 2997
f 3075 3614 3603
f 3075 3603 3124
f 3730 3654 3631
f 3730 3631 3731
f 2481 2482 2629
f 3711 3651 3582
f 3711 3582 3677
f 3732 3652 3653
f 3732 3653 3701
f 3733 3634 3654
f 3733 3654 3730
f 3734 3586 3587
f 3734 3587 3735
f 3708 3656 3657
f 3708 3657 3679
f 3655 3481 115
f 3655 115 114
f 3719 3591 3630
f 3719 3630 3736
f 3737 3649 3165
f 3737 3165 3167
f 3738 3659 3649
f 3738 3649 3737
f 3739 3660 3615
f 3739 3615 3740
f 3741 3661 3586
f 3741 3586 3734
f 81 3662 3663
f 81 3663 3682
f 2629 2482 2359
f 2629 2359 2502
f 3715 3637 3590
f 3715 3590 3718
f 3142 3666 3652
f 3142 3652 3732
f 3124 3603 3604
f 3124 3604 3125
f 3742 3632 3673
f 3742 3673 3743
f 3744 3218 3223
f 3744 3223 3745
f 3722 3598 3647
f 3722 3647 3729
f 98 130 3659
f 98 3659 3738
f 3728 3646 3658
f 3728 3658 3712
f 3681 3669 3644
f 3681 3644 3724
f 3746 3625 3588
f 3746 3588 3716
f 3726 3645 3584
f 3726 3584 3747
f 118 120 3660
f 118 3660 3739
f 3736 3630 3596
f 3736 3596 3678
f 3693 3664 3671
f 3693 3671 3748
f 3731 3631 3632
f 3731 3632 3742
f 3686 3628 3629
f 3686 3629 3692
f 3745 3223 3605
f 3745 3605 3709
f 3713 3626 3627
f 3713 3627 3707
f 2466 2467 2613
f 3748 3671 3218
f 3748 3218 3744
f 3704 3624 3625
f 3704 3625 3746
f 3725 3621 3619
f 3725 3619 3749
f 3710 3592 3593
f 3710 3593 3750
f 3751 3617 3618
f 3751 3618 3752
f 3753 3280 3352
f 3753 3352 3720
f 3740 3615 3616
f 3740 3616 3106
f 3749 3619 3620
f 3749 3620 3687
f 3699 3612 3668
f 3699 3668 129
f 3747 3585 3617
f 3747 3617 3751
f 3717 3589 3643
f 3717 3643 3723
f 3754 3672 3594
f 3754 3594 3755
f 3743 3673 141
f 3743 141 122
f 3702 3670 3635
f 3702 3635 3714
f 3721 3602 3622
f 3721 3622 3705
f 3689 3601 3640
f 3689 3640 3695
f 3735 3587 3606
f 3735 3606 3697
f 122 141 135
f 122 135 119
f 3752 3618 3634
f 3752 3634 3733
f 2613 2467 2363
f 2613 2363 2506
f 117 3675 3655
f 117 3655 114
f 2443 2444 2588
f 133 130 98
f 133 98 97
f 2588 2444 2358
f 2588 2358 2500
f 3755 3594 3595
f 3755 3595 3727
f 3676 3662 81
f 3676 81 80
f 3677 3661 3741
f 3677 3741 3756
f 3674 3280 3753
f 3674 3753 3757
f 2997 3613 3614
f 2997 3614 3075
f 113 3672 3754
f 113 3754 3758
f 112 3679 133
f 112 133 97
f 2809 3706 3715
f 2809 3715 3759
f 3760 3680 3681
f 3760 3681 3761
f 3762 3747 3751
f 3762 3751 2961
f 3763 3687 3688
f 3763 3688 3764
f 3765 3721 3705
f 3765 3705 3766
f 2424 2425 2570
f 3767 3732 3701
f 3767 3701 3768
f 3769 3735 3697
f 3769 3697 3770
f 3771 3690 3691
f 3771 3691 3772
f 3773 3731 3742
f 3773 3742 3774
f 3772 3691 3713
f 3772 3713 3775
f 3776 3695 3696
f 3776 3696 2806
f 2806 3696 3700
f 2806 3700 2807
f 3768 3701 3702
f 3768 3702 3777
f 2570 2425 2361
f 2570 2361 2504
f 3778 3704 3746
f 3778 3746 3779
f 3780 3745 3709
f 3780 3709 3781
f 125 3583 3674
f 125 3674 3782
f 3783 3703 3704
f 3783 3704 3778
f 2400 2401 2545
f 3784 3748 3744
f 3784 3744 3785
f 3786 3707 3708
f 3786 3708 3787
f 3779 3746 3716
f 3779 3716 3788
f 3789 3682 3683
f 3789 3683 3790
f 3777 3702 3714
f 3777 3714 3791
f 3792 3720 3721
f 3792 3721 3765
f 3793 3726 3747
f 3793 3747 3762
f 3794 3718 3719
f 3794 3719 3795
f 3349 3328 3451
f 3788 3716 3717
f 3788 3717 3796
f 2807 3700 3706
f 2807 3706 2809
f 3791 3714 3698
f 3791 3698 3797
f 3798 3689 3695
f 3798 3695 3776
f 3790 3683 2996
f 3790 2996 2998
f 3799 3175 3722
f 3799 3722 3800
f 2800 3754 3755
f 2800 3755 2801
f 2545 2401 2357
f 2545 2357 2499
f 3801 3724 3725
f 3801 3725 3802
f 3761 3681 3724
f 3761 3724 3801
f 3329 3330 3365
f 3076 3075 3124
f 3076 3124 3126
f 3803 3686 3692
f 3803 3692 3804
f 3805 3197 3201
f 3805 3201 3806
f 3807 3738 3737
f 3807 3737 3808
f 2979 3733 3730
f 2979 3730 3809
f 3810 3734 3735
f 3810 3735 3769
f 3795 3719 3736
f 3795 3736 3811
f 3787 3708 3679
f 3787 3679 112
f 3812 3749 3687
f 3812 3687 3763
f 3804 3693 3748
f 3804 3748 3784
f 3808 3737 3167
f 3808 3167 3813
f 3814 3728 3712
f 3814 3712 3815
f 2380 2381 2519
f 2791 3739 3740
f 2791 3740 2792
f 79 81 3682
f 79 3682 3789
f 3800 3722 3729
f 3800 3729 3816
f 3817 3753 3720
f 3817 3720 3792
f 3785 3744 3745
f 3785 3745 3780
f 3775 3713 3707
f 3775 3707 3786
f 96 98 3738
f 96 3738 3807
f 61 118 3739
f 61 3739 2791
f 2519 2381 2364
f 2519 2364 2505
f 3818 3741 3734
f 3818 3734 3810
f 3819 27 3580
f 3819 3580 403
f 3811 3736 3678
f 3811 3678 91
f 3143 3142 3732
f 3143 3732 3767
f 3816 3729 3680
f 3816 3680 3760
f 2792 3740 3106
f 2792 3106 2794
f 3820 3699 129
f 3820 129 128
f 3821 3685 3689
f 3821 3689 3798
f 2804 3727 3728
f 2804 3728 3814
f 3806 3201 3726
f 3806 3726 3793
f 3796 3723 3690
f 3796 3690 3771
f 3815 3712 3694
f 3815 3694 3822
f 2177 2308 2037
f 3781 3709 3710
f 3781 3710 3823
f 3774 3742 3743
f 3774 3743 3824
f 2961 3751 3752
f 2961 3752 2962
f 3822 3684 3685
f 3822 3685 3821
f 3766 3705 3703
f 3766 3703 3783
f 3109 3108 3686
f 3109 3686 3803
f 2037 2308 2176
f 2037 2176 2036
f 3797 3698 3699
f 3797 3699 3820
f 2130 2261 1989
f 3770 3697 3197
f 3770 3197 3805
f 3824 3743 122
f 3824 122 121
f 1989 2261 2129
f 1989 2129 1988
f 3802 3725 3749
f 3802 3749 3812
f 3813 3167 3175
f 3813 3175 3799
f 2081 2231 1940
f 3756 3764 3688
f 3756 3688 3677
f 3756 3741 3818
f 3756 3818 3825
f 121 118 61
f 121 61 60
f 1940 2231 2080
f 1940 2080 1939
f 128 125 3782
f 128 3782 3826
f 93 92 2206
f 93 2206 2345
f 3758 3754 2800
f 3758 2800 3827
f 3759 3715 3718
f 3759 3718 3794
f 93 2345 2196
f 93 2196 2057
f 3809 3730 3731
f 3809 3731 3773
f 2801 3755 3727
f 2801 3727 2804
f 91 3678 3676
f 91 3676 80
f 3757 3753 3817
f 3757 3817 3828
f 2962 3752 3733
f 2962 3733 2979
f 2810 2809 3759
f 2810 3759 3829
f 3830 3803 3804
f 3830 3804 3831
f 3832 3812 3763
f 3832 3763 3833
f 74 73 2208
f 74 2208 2253
f 3834 3767 3768
f 3834 3768 3835
f 72 3824 121
f 72 121 60
f 3835 3768 3777
f 3835 3777 3836
f 56 2300 2151
f 56 2151 2011
f 3837 3772 3775
f 3837 3775 3838
f 3839 3776 2806
f 3839 2806 2808
f 3840 3076 3126
f 3840 3126 3841
f 56 55 2210
f 56 2210 2300
f 3842 3813 3799
f 3842 3799 3843
f 3844 3811 91
f 3844 91 90
f 3845 3785 3780
f 3845 3780 3846
f 3847 3786 3787
f 3847 3787 3848
f 3849 3774 3824
f 3849 3824 72
f 3850 3783 3778
f 3850 3778 3851
f 2571 3791 3797
f 2571 3797 2572
f 3852 96 3807
f 3852 3807 3853
f 3853 3808 3813
f 3853 3813 3842
f 3854 3769 3770
f 3854 3770 3855
f 3856 3779 3788
f 3856 3788 3857
f 3846 3780 3781
f 3846 3781 3858
f 2795 2794 3109
f 2795 3109 3859
f 2532 3789 3790
f 2532 3790 2533
f 3860 3818 3810
f 3860 3810 3861
f 3836 3777 3791
f 3836 3791 2571
f 3857 3788 3796
f 3857 3796 3862
f 3863 3792 3765
f 3863 3765 3864
f 2614 3793 3762
f 2614 3762 3865
f 3829 3794 3795
f 3829 3795 3866
f 74 2253 2102
f 74 2102 1962
f 148 26 25
f 148 25 28
f 3867 3798 3776
f 3867 3776 3839
f 3833 3764 3756
f 3833 3756 3825
f 3843 3799 3800
f 3843 3800 3868
f 3869 3801 3802
f 3869 3802 3870
f 107 106 798
f 107 798 2033
f 3871 3784 3785
f 3871 3785 3845
f 3872 3761 3801
f 3872 3801 3869
f 2589 3805 3806
f 2589 3806 2590
f 116 113 3758
f 116 3758 3873
f 3865 3762 2961
f 3865 2961 2963
f 3841 3126 3143
f 3841 3143 3874
f 3581 26 148
f 3581 148 147
f 3855 3770 3805
f 3855 3805 2589
f 2590 3806 3793
f 2590 3793 2614
f 3831 3804 3784
f 3831 3784 3871
f 2546 2998 3076
f 2546 3076 3840
f 3875 3814 3815
f 3875 3815 3876
f 3877 79 3789
f 3877 3789 2532
f 3782 3674 3757
f 3782 3757 3878
f 3879 3817 3792
f 3879 3792 3863
f 59 61 2791
f 59 2791 2793
f 3874 3143 3767
f 3874 3767 3834
f 3880 3821 3798
f 3880 3798 3867
f 3864 3766 3783
f 3864 3783 3850
f 3861 3810 3769
f 3861 3769 3854
f 2805 2804 3814
f 2805 3814 3875
f 2980 2979 3809
f 2980 3809 2633
f 3851 3778 3779
f 3851 3779 3856
f 3868 3800 3816
f 3868 3816 3881
f 3882 3822 3821
f 3882 3821 3880
f 3881 3760 3761
f 3881 3761 3872
f 2533 3790 2998
f 2533 2998 2546
f 3862 3771 3772
f 3862 3772 3837
f 3883 3884 116
f 3883 116 3873
f 2630 3773 3774
f 2630 3774 3849
f 3876 3815 3822
f 3876 3822 3882
f 3866 3795 3811
f 3866 3811 3844
f 3870 3802 3812
f 3870 3812 3832
f 3848 3787 112
f 3848 112 111
f 3859 3109 3803
f 3859 3803 3830
f 2633 3809 3773
f 2633 3773 2630
f 111 96 3852
f 111 3852 1906
f 175 174 702
f 175 702 1985
f 3827 2800 2802
f 3827 2802 3885
f 90 79 3877
f 90 3877 398
f 3825 3818 3860
f 3825 3860 1931
f 3826 3782 3878
f 3826 3878 3886
f 3887 227 226
f 3887 226 3888
f 3838 3775 3786
f 3838 3786 3847
f 3519 3354 142
f 3828 3817 3879
f 3828 3879 3889
f 3890 3862 3837
f 3890 3837 3891
f 198 197 606
f 198 606 1936
f 3892 3868 3881
f 3892 3881 3893
f 3894 3857 3862
f 3894 3862 3890
f 3895 2963 2980
f 3895 2980 3896
f 30 3819 1908
f 3897 2808 2810
f 3897 2810 3898
f 1908 3819 403
f 1908 403 406
f 3899 3842 3843
f 3899 3843 3900
f 2204 227 3887
f 2204 3887 2205
f 28 201 146
f 28 146 148
f 3901 3859 3830
f 3901 3830 3902
f 3903 3876 3882
f 3903 3882 3904
f 3905 3850 3851
f 3905 3851 3906
f 1934 3855 2589
f 1934 2589 1983
f 1933 3854 3855
f 1933 3855 1934
f 3891 3837 3838
f 3891 3838 3907
f 2203 3846 3858
f 2203 3858 2204
f 105 187 14
f 3908 3877 2532
f 3908 2532 2534
f 3909 3836 2571
f 3909 2571 2031
f 2200 3863 3864
f 2200 3864 2201
f 3910 3841 3874
f 3910 3874 3911
f 3912 3865 2963
f 3912 2963 3895
f 3913 2793 2795
f 3913 2795 3914
f 3915 3871 3845
f 3915 3845 3916
f 3917 3880 3867
f 3917 3867 3918
f 3919 3831 3871
f 3919 3871 3915
f 1981 3833 3825
f 1981 3825 1931
f 3920 3869 3870
f 3920 3870 1982
f 3911 3874 3834
f 3911 3834 3921
f 2547 2546 3840
f 2547 3840 3922
f 3898 2810 3829
f 3898 3829 3923
f 3893 3872 3869
f 3893 3869 3920
f 3900 3843 3868
f 3900 3868 3892
f 14 187 173
f 14 173 12
f 3873 3758 3827
f 3873 3827 3924
f 202 201 28
f 202 28 29
f 3921 3835 3836
f 3921 3836 3909
f 3925 3856 3857
f 3925 3857 3894
f 3926 3875 3876
f 3926 3876 3903
f 397 3866 3844
f 397 3844 398
f 3927 3879 3863
f 3927 3863 2200
f 3293 3281 3282
f 3293 3282 3417
f 54 59 2793
f 54 2793 3913
f 3928 2805 3875
f 3928 3875 3926
f 3929 3853 3842
f 3929 3842 3899
f 1910 3852 3853
f 1910 3853 3929
f 3914 2795 3859
f 3914 3859 3901
f 1982 3870 3832
f 1982 3832 1981
f 3923 3829 3866
f 3923 3866 397
f 2615 2614 3865
f 2615 3865 3912
f 3523 3367 3651
f 3930 3861 3854
f 3930 3854 1933
f 38 3849 72
f 38 72 71
f 1905 3847 3848
f 1905 3848 1906
f 2201 3864 3850
f 2201 3850 3905
f 3931 3860 3861
f 3931 3861 3930
f 40 42 2631
f 40 2631 2630
f 3932 2802 2805
f 3932 2805 3928
f 3878 3757 3828
f 3878 3828 3933
f 3896 2980 2633
f 3896 2633 2632
f 3906 3851 3856
f 3906 3856 3925
f 3916 3845 3846
f 3916 3846 2203
f 3918 3839 2808
f 3918 2808 3897
f 3904 3882 3880
f 3904 3880 3917
f 85 412 110
f 85 110 82
f 3577 3550 3625
f 3922 3840 3841
f 3922 3841 3910
f 3902 3830 3831
f 3902 3831 3919
f 406 405 206
f 406 206 2603
f 225 3883 3873
f 225 3873 3924
f 30 25 27
f 30 27 3819
f 3593 3599 3675
f 117 3750 3593
f 117 3593 3675
f 47 46 3927
f 47 3927 2200
f 3907 3838 3847
f 3907 3847 1905
f 398 3877 3908
f 398 3908 399
f 71 59 54
f 71 54 53
f 1931 3860 3931
f 1931 3931 1932
f 3886 3878 3933
f 3886 3933 2103
f 3889 3879 3927
f 3889 3927 46
f 40 2630 3849
f 40 3849 38
f 3885 2802 3932
f 3885 3932 3934
f 1906 3852 1910
f 1906 1910 1907
f 3935 3883 225
f 3935 225 227
f 3936 3892 3893
f 3936 3893 3937
f 3938 3914 3901
f 3938 3901 3939
f 3940 3895 3896
f 3940 3896 3941
f 1984 1983 2615
f 1984 2615 3942
f 89 215 3943
f 89 3943 86
f 3924 3827 3885
f 3924 3885 3944
f 3945 3897 3898
f 3945 3898 236
f 3946 3908 2534
f 3946 2534 3947
f 3948 3899 3900
f 3948 3900 3949
f 3939 3901 3902
f 3939 3902 3950
f 1909 3907 1905
f 1909 1905 1907
f 3951 3903 3904
f 3951 3904 393
f 2204 3858 3935
f 2204 3935 227
f 3952 3916 2203
f 3952 2203 2205
f 3953 392 86
f 3953 86 3943
f 3954 3922 3910
f 3954 3910 3955
f 192 3909 2031
f 192 2031 193
f 196 195 3956
f 196 3956 2199
f 3933 3828 3889
f 3933 3889 3957
f 205 204 3888
f 205 3888 3958
f 3950 3902 3919
f 3950 3919 3959
f 3960 3887 3888
f 3960 3888 204
f 3961 3930 1933
f 3961 1933 1935
f 3962 3913 3914
f 3962 3914 3938
f 116 3884 3750
f 116 3750 117
f 207 3920 1982
f 207 1982 208
f 3963 3905 3906
f 3963 3906 3964
f 3965 3911 3921
f 3965 3921 3966
f 3967 2547 3922
f 3967 3922 3954
f 236 3898 3923
f 236 3923 237
f 3937 3893 3920
f 3937 3920 207
f 3968 3915 3916
f 3968 3916 3952
f 3969 3912 3895
f 3969 3895 3940
f 3970 3925 3894
f 3970 3894 3971
f 3964 3906 3925
f 3964 3925 3970
f 3972 3926 3903
f 3972 3903 3951
f 3955 3910 3911
f 3955 3911 3965
f 3941 3896 2632
f 3941 2632 3973
f 52 54 3913
f 52 3913 3962
f 3974 3928 3926
f 3974 3926 3972
f 3975 3929 3899
f 3975 3899 3948
f 230 1910 3929
f 230 3929 3975
f 3823 3710 3750
f 3823 3750 3884
f 2202 2201 3905
f 2202 3905 3963
f 3665 3666 3142
f 3971 3894 3890
f 3971 3890 3976
f 3977 3932 3928
f 3977 3928 3974
f 3947 2534 2547
f 3947 2547 3967
f 401 3918 3897
f 401 3897 3945
f 141 3673 3519
f 141 3519 142
f 3505 3518 3519
f 3505 3519 3673
f 3976 3890 3891
f 3976 3891 3978
f 3966 3921 3909
f 3966 3909 192
f 3978 3891 3907
f 3978 3907 1909
f 2199 3956 3979
f 2199 3979 407
f 3584 3585 3747
f 23 3931 3930
f 23 3930 3961
f 3597 3598 3722
f 3942 2615 3912
f 3942 3912 3969
f 393 3904 3917
f 393 3917 394
f 3959 3919 3915
f 3959 3915 3968
f 3949 3900 3892
f 3949 3892 3936
f 3867 3839 3918
f 3934 3932 3977
f 3934 3977 2560
f 399 3908 3946
f 399 3946 3980
f 6 8 3981
f 6 3981 3982
f 1932 3931 23
f 1932 23 22
f 39 38 71
f 39 71 53
f 2032 2578 3886
f 2032 3886 2103
f 3881 3872 3893
f 226 225 3924
f 226 3924 3944
f 2103 3933 3957
f 2103 3957 2104
f 394 3917 3918
f 394 3918 401
f 3832 3833 1981
f 3983 1984 3942
f 3983 3942 3984
f 3984 3942 3969
f 3984 3969 3985
f 3973 42 41
f 3973 41 177
f 3688 3667 3711
f 3688 3711 3677
f 3986 3945 236
f 3986 236 238
f 110 412 400
f 110 400 108
f 3987 3940 3941
f 3987 3941 176
f 219 3939 3950
f 219 3950 209
f 210 3959 3968
f 210 3968 212
f 21 23 3961
f 21 3961 11
f 3844 90 398
f 2202 3988 48
f 2202 48 47
f 176 3941 3973
f 176 3973 177
f 228 3954 3955
f 228 3955 3989
f 2632 2631 42
f 2632 42 3973
f 3990 3971 3976
f 3990 3976 3991
f 216 3962 3938
f 216 3938 217
f 3988 190 189
f 3988 189 48
f 3992 3949 3936
f 3992 3936 3993
f 3994 3966 192
f 3994 192 194
f 3991 3976 3978
f 3991 3978 233
f 221 3947 3967
f 221 3967 222
f 3989 3955 3965
f 3989 3965 3995
f 194 193 2104
f 194 2104 3996
f 233 3978 1909
f 233 1909 232
f 402 401 3945
f 402 3945 3986
f 3997 1935 1984
f 3997 1984 3983
f 3998 3972 3951
f 3998 3951 3999
f 4000 3937 207
f 4000 207 199
f 3960 3952 2205
f 3960 2205 3887
f 3781 3823 3935
f 3781 3935 3858
f 3985 3969 3940
f 3985 3940 3987
f 4001 3970 3971
f 4001 3971 3990
f 4002 3964 3970
f 4002 3970 4001
f 217 3938 3939
f 217 3939 219
f 4003 52 3962
f 4003 3962 216
f 4004 3974 3972
f 4004 3972 3998
f 4005 3975 3948
f 4005 3948 4006
f 3944 3885 3934
f 3944 3934 3958
f 231 230 3975
f 231 3975 4005
f 3988 2202 3963
f 3988 3963 4007
f 24 200 1932
f 24 1932 22
f 3957 3889 46
f 3957 46 49
f 3823 3884 3883
f 3823 3883 3935
f 20 3977 3974
f 20 3974 4004
f 3995 3965 3966
f 3995 3966 3994
f 11 3961 1935
f 11 1935 3997
f 4007 3963 3964
f 4007 3964 4002
f 212 3968 3952
f 212 3952 3960
f 3717 3723 3796
f 3999 3951 393
f 3999 393 395
f 3365 3330 3233
f 3365 3233 3366
f 3888 226 3944
f 3888 3944 3958
f 4006 3948 3949
f 4006 3949 3992
f 3330 3190 3085
f 3330 3085 3233
f 396 4008 4009
f 396 4009 409
f 3694 3684 3822
f 3692 3693 3804
f 179 178 4008
f 179 4008 396
f 3993 3936 3937
f 3993 3937 4000
f 83 82 173
f 83 173 172
f 2560 3977 20
f 2560 20 19
f 82 110 12
f 82 12 173
f 239 397 399
f 239 399 3980
f 3923 397 239
f 3923 239 237
f 41 52 4003
f 41 4003 177
f 209 3950 3959
f 209 3959 210
f 222 3967 3954
f 222 3954 228
f 2578 3820 3826
f 2578 3826 3886
f 3797 3820 2578
f 3797 2578 2572
f 3214 2812 2949
f 3214 2949 3281
f 3996 2104 3957
f 3996 3957 49
f 2937 2812 3214
f 2937 3214 2942
f 4008 3984 3985
f 4008 3985 4009
f 8 3992 3993
f 8 3993 3981
f 195 395 402
f 195 402 3956
f 68 3987 176
f 68 176 69
f 3981 3993 4000
f 3981 4000 4010
f 69 177 4003
f 69 4003 4011
f 4011 4003 216
f 4011 216 218
f 3130 2796 2948
f 3130 2948 3337
f 220 219 209
f 220 209 211
f 4012 3995 3994
f 4012 3994 34
f 17 199 24
f 17 24 15
f 4009 3985 3987
f 4009 3987 68
f 4013 4001 3990
f 4013 3990 4014
f 138 4007 4002
f 138 4002 139
f 7 4006 3992
f 7 3992 8
f 229 228 3989
f 229 3989 4015
f 4014 3990 3991
f 4014 3991 1
f 3958 3934 2560
f 3958 2560 205
f 3979 3986 238
f 3979 238 65
f 2935 2796 3130
f 2935 3130 2943
f 1 3991 233
f 1 233 4
f 221 3980 3946
f 221 3946 3947
f 4015 3989 3995
f 4015 3995 4012
f 32 194 3996
f 32 3996 189
f 3956 402 3986
f 3956 3986 3979
f 180 3997 3983
f 180 3983 178
f 239 3980 221
f 239 221 240
f 183 3998 3999
f 183 3999 184
f 3 3982 3953
f 3 3953 3943
f 139 4002 4001
f 139 4001 4013
f 4010 4000 199
f 4010 199 17
f 190 3988 4007
f 190 4007 138
f 2623 4004 3998
f 2623 3998 183
f 5 4005 4006
f 5 4006 7
f 6 3982 3
f 6 3 2
f 87 203 182
f 87 182 201
f 4016 4015 4012
f 4016 4012 4017
f 4 231 4005
f 4 4005 5
f 213 212 3960
f 213 3960 204
f 405 213 204
f 405 204 206
f 3759 3794 3829
f 65 238 240
f 65 240 66
f 3820 128 3826
f 9 11 3997
f 9 3997 180
f 3807 3808 3853
f 215 411 3
f 215 3 3943
f 34 3994 194
f 34 194 32
f 18 20 4004
f 18 4004 2623
f 186 4016 4017
f 186 4017 171
f 3581 4018 4019
f 3581 4019 3580
f 3765 3766 3864
f 66 240 221
f 66 221 223
f 104 1911 4016
f 104 4016 186
f 3816 3760 3881
f 3763 3764 3833
f 3796 3771 3862
f 178 3983 3984
f 178 3984 4008
f 44 409 70
f 44 70 224
f 3580 4019 404
f 3580 404 403
f 184 3999 395
f 184 395 195
f 147 224 4018
f 147 4018 3581
f 4017 33 188
f 4017 188 171
f 3953 3982 2030
f 3953 2030 392
f 3982 3981 4010
f 3982 4010 2030
f 70 69 4011
f 70 4011 224
f 224 4011 218
f 224 218 4018
f 4019 220 211
f 4019 211 404
f 3848 111 1906
f 191 190 138
f 191 138 140
f 409 4009 68
f 409 68 70
f 2030 4010 17
f 2030 17 16
f 1911 229 4015
f 1911 4015 4016
f 410 4013 4014
f 410 4014 411
f 189 3996 49
f 189 49 48
f 4017 4012 34
f 4017 34 33
f 67 66 223
f 67 223 408
f 411 4014 1
f 411 1 3
f 4018 218 220
f 4018 220 4019
f 407 3979 65
f 407 65 67
f 3834 3835 3921
f 404 211 213
f 404 213 405
f 140 139 4013
f 140 4013 410
f 234 2623 183
f 234 183 185
f 408 223 229
f 408 229 1911
# </faces>
