# Wavefront OBJ file written 2026-03-18T16:43:22
o cellFull_normal_3

# points : 10382
# faces  : 20611
# zones  : 1
#   0  Mesh_2  (nFaces: 20611)

# <points count="10382">
v 104.699 -4.6786 -7.51231e-29
v 109.886 -5.00661 -7.88451e-29
v 110 0 0
v 104.896 0.134089 -7.52645e-29
v 104.322 -9.48451 -7.48525e-29
v 109.544 -10.0028 -7.85999e-29
v 103.745 -14.2558 -7.44391e-29
v 108.976 -14.9783 -7.81917e-29
v 102.971 -18.9899 -7.38831e-29
v 108.181 -19.9228 -7.76215e-29
v 101.99 -23.6797 -7.31792e-29
v 107.162 -24.8259 -7.68905e-29
v 100.801 -28.3178 -7.23262e-29
v 105.921 -29.6776 -7.6e-29
v 99.404 -32.8944 -7.13241e-29
v 104.46 -34.4678 -7.49521e-29
v 97.8021 -37.3994 -7.01747e-29
v 102.783 -39.1866 -7.37488e-29
v 95.9985 -41.8232 -6.88806e-29
v 100.893 -43.8241 -7.23926e-29
v 93.997 -46.1574 -6.74445e-29
v 98.7941 -48.3708 -7.08864e-29
v 91.8015 -50.394 -6.58692e-29
v 96.4901 -52.8173 -6.92333e-29
v 89.4162 -54.525 -6.41577e-29
v 93.9861 -57.1542 -6.74366e-29
v 86.8458 -58.5424 -6.23133e-29
v 91.2874 -61.3727 -6.55003e-29
v 84.0954 -62.4384 -6.03399e-29
v 88.3994 -65.4641 -6.34281e-29
v 81.1705 -66.2049 -5.82413e-29
v 85.3282 -69.4197 -6.12245e-29
v 78.0773 -69.8345 -5.60218e-29
v 82.0802 -73.2314 -5.88939e-29
v 74.8219 -73.3197 -5.3686e-29
v 78.662 -76.8914 -5.64414e-29
v 71.4111 -76.6532 -5.12387e-29
v 75.0808 -80.392 -5.38718e-29
v 67.852 -79.8281 -4.86849e-29
v 71.344 -83.7259 -5.11905e-29
v 64.1518 -82.8379 -4.603e-29
v 67.4593 -86.8864 -4.84032e-29
v 60.3183 -85.6764 -4.32794e-29
v 63.4348 -89.8667 -4.55156e-29
v 56.3593 -88.3375 -4.04388e-29
v 59.2789 -92.6608 -4.25336e-29
v 52.2832 -90.8159 -3.75141e-29
v 55 -95.2628 -3.94634e-29
v 48.0982 -93.1062 -3.45113e-29
v 50.6072 -97.6674 -3.63115e-29
v 43.8131 -95.2038 -3.14367e-29
v 46.1094 -99.8695 -3.30843e-29
v 39.4367 -97.1044 -2.82965e-29
v 41.5161 -101.865 -2.97885e-29
v 34.9782 -98.8038 -2.50975e-29
v 36.8368 -103.649 -2.6431e-29
v 30.4467 -100.299 -2.1846e-29
v 32.0811 -105.218 -2.30187e-29
v 25.8516 -101.586 -1.85489e-29
v 27.2589 -106.569 -1.95587e-29
v 21.2024 -102.662 -1.52131e-29
v 22.3802 -107.699 -1.60581e-29
v 16.5088 -103.526 -1.18453e-29
v 17.4551 -108.606 -1.25243e-29
v 11.7805 -104.176 -8.45269e-30
v 12.4938 -109.288 -8.96453e-30
v 7.02726 -104.61 -5.04218e-30
v 7.50667 -109.744 -5.38616e-30
v 2.25898 -104.826 -1.62085e-30
v 2.50395 -109.971 -1.79663e-30
v -2.51448 -104.826 1.80419e-30
v -2.50395 -109.971 1.79663e-30
v -7.28323 -104.608 5.22584e-30
v -7.50667 -109.744 5.38616e-30
v -12.0374 -104.174 8.63702e-30
v -12.4938 -109.288 8.96453e-30
v -16.7671 -103.524 1.20307e-29
v -17.4551 -108.606 1.25243e-29
v -21.4625 -102.659 1.53997e-29
v -22.3802 -107.699 1.60581e-29
v -26.1139 -101.581 1.87372e-29
v -27.2589 -106.569 1.95587e-29
v -30.7117 -100.292 2.20362e-29
v -32.0811 -105.218 2.30187e-29
v -35.2463 -98.7954 2.52898e-29
v -36.8368 -103.649 2.6431e-29
v -39.7083 -97.0938 2.84914e-29
v -41.5161 -101.865 2.97885e-29
v -44.0885 -95.1909 3.16342e-29
v -46.1094 -99.8695 3.30843e-29
v -48.3777 -93.0904 3.47119e-29
v -50.6072 -97.6674 3.63115e-29
v -52.5672 -90.7968 3.77178e-29
v -55 -95.2628 3.94634e-29
v -56.648 -88.3147 4.06459e-29
v -59.2789 -92.6608 4.25336e-29
v -60.6119 -85.6494 4.34901e-29
v -63.4348 -89.8667 4.55156e-29
v -64.4506 -82.8062 4.62444e-29
v -67.4593 -86.8864 4.84032e-29
v -68.1561 -79.7911 4.89031e-29
v -71.344 -83.7259 5.11905e-29
v -71.7207 -76.6104 5.14608e-29
v -75.0808 -80.392 5.38718e-29
v -75.137 -73.2705 5.39121e-29
v -78.662 -76.8914 5.64414e-29
v -78.3979 -69.7784 5.62518e-29
v -82.0802 -73.2314 5.88939e-29
v -81.4966 -66.1413 5.84752e-29
v -85.3282 -69.4197 6.12245e-29
v -84.4268 -62.3668 6.05777e-29
v -88.3994 -65.4641 6.34281e-29
v -87.1822 -58.4626 6.25547e-29
v -91.2874 -61.3727 6.55003e-29
v -89.7573 -54.4368 6.44024e-29
v -93.9861 -57.1542 6.74366e-29
v -92.1465 -50.2978 6.61167e-29
v -96.4901 -52.8173 6.92333e-29
v -94.345 -46.0541 6.76942e-29
v -98.7941 -48.3708 7.08864e-29
v -96.3482 -41.7146 6.91315e-29
v -100.893 -43.8241 7.23926e-29
v -98.1519 -37.2881 7.04257e-29
v -102.783 -39.1866 7.37488e-29
v -99.7524 -32.7839 7.1574e-29
v -104.46 -34.4678 7.49521e-29
v -101.146 -28.2113 7.25741e-29
v -105.921 -29.6776 7.6e-29
v -102.33 -23.5798 7.34239e-29
v -107.162 -24.8259 7.68905e-29
v -103.303 -18.8989 7.41216e-29
v -108.181 -19.9228 7.76215e-29
v -104.061 -14.1784 7.46657e-29
v -108.976 -14.9783 7.81917e-29
v -104.604 -9.42803 7.50551e-29
v -109.544 -10.0028 7.85999e-29
v -104.93 -4.65763 7.5289e-29
v -109.886 -5.00661 7.88451e-29
v -105.038 0.122906 7.53669e-29
v -110 2.79628e-13 7.89269e-29
v -104.929 4.90366 7.52885e-29
v -109.886 5.00661 7.88451e-29
v -104.603 9.67474 7.50541e-29
v -109.544 10.0028 7.85999e-29
v -104.059 14.4262 7.46641e-29
v -108.976 14.9783 7.81917e-29
v -103.3 19.1483 7.41194e-29
v -108.181 19.9228 7.76215e-29
v -102.326 23.8312 7.34209e-29
v -107.162 24.8259 7.68905e-29
v -101.141 28.4651 7.25702e-29
v -105.921 29.6776 7.6e-29
v -99.7454 33.0405 7.1569e-29
v -104.46 34.4678 7.49521e-29
v -98.1431 37.5478 7.04193e-29
v -102.783 39.1866 7.37488e-29
v -96.3372 41.9778 6.91236e-29
v -100.893 43.8241 7.23926e-29
v -94.3316 46.3213 6.76845e-29
v -98.7941 48.3708 7.08864e-29
v -92.1301 50.5691 6.61049e-29
v -96.4901 52.8173 6.92333e-29
v -89.7375 54.7125 6.43882e-29
v -93.9861 57.1542 6.74366e-29
v -87.1587 58.743 6.25379e-29
v -91.2874 61.3727 6.55003e-29
v -84.399 62.6521 6.05577e-29
v -88.3994 65.4641 6.34281e-29
v -81.464 66.4317 5.84518e-29
v -85.3282 69.4197 6.12245e-29
v -78.36 70.074 5.62246e-29
v -82.0802 73.2314 5.88939e-29
v -75.0932 73.5714 5.38806e-29
v -78.662 76.8914 5.64414e-29
v -71.6704 76.9167 5.14247e-29
v -75.0808 80.392 5.38718e-29
v -68.0987 80.1029 4.8862e-29
v -71.344 83.7259 5.11905e-29
v -64.3856 83.1234 4.61978e-29
v -67.4593 86.8864 4.84032e-29
v -60.5386 85.9719 4.34375e-29
v -63.4348 89.8667 4.55156e-29
v -56.5658 88.6424 4.05869e-29
v -59.2789 92.6608 4.25336e-29
v -52.4753 91.1295 3.76519e-29
v -55 95.2628 3.94634e-29
v -48.2757 93.428 3.46386e-29
v -50.6072 97.6674 3.63115e-29
v -43.9756 95.533 3.15533e-29
v -46.1094 99.8695 3.30843e-29
v -39.584 97.4402 2.84022e-29
v -41.5161 101.865 2.97885e-29
v -35.1098 99.1457 2.51919e-29
v -36.8368 103.649 2.6431e-29
v -30.5625 100.646 2.19291e-29
v -32.0811 105.218 2.30187e-29
v -25.9513 101.938 1.86205e-29
v -27.2589 106.569 1.95587e-29
v -21.286 103.018 1.52731e-29
v -22.3802 107.699 1.60581e-29
v -16.576 103.885 1.18936e-29
v -17.4551 108.606 1.25243e-29
v -11.8313 104.537 8.48915e-30
v -12.4938 109.288 8.96453e-30
v -7.06156 104.972 5.06679e-30
v -7.50667 109.744 5.38616e-30
v -2.27672 105.19 1.63359e-30
v -2.50395 109.971 1.79663e-30
v 2.51329 105.189 -1.80333e-30
v 2.50395 109.971 -1.79663e-30
v 7.29856 104.971 -5.23684e-30
v 7.50667 109.744 -5.38616e-30
v 12.0692 104.535 -8.65983e-30
v 12.4938 109.288 -8.96453e-30
v 16.8152 103.883 -1.20652e-29
v 17.4551 108.606 -1.25243e-29
v 21.5269 103.015 -1.54459e-29
v 22.3802 107.699 -1.60581e-29
v 26.1943 101.933 -1.87949e-29
v 27.2589 106.569 -1.95587e-29
v 30.808 100.64 -2.21053e-29
v 32.0811 105.218 -2.30187e-29
v 35.3582 99.1383 -2.53701e-29
v 36.8368 103.649 -2.6431e-29
v 39.8356 97.431 -2.85827e-29
v 41.5161 101.865 -2.97885e-29
v 44.2309 95.5216 -3.17364e-29
v 46.1094 99.8695 -3.30843e-29
v 48.5348 93.4139 -3.48246e-29
v 50.6072 97.6674 -3.63115e-29
v 52.7386 91.1125 -3.78409e-29
v 55 95.2628 -3.94634e-29
v 56.8335 88.622 -4.0779e-29
v 59.2789 92.6608 -4.25336e-29
v 60.811 85.9476 -4.36329e-29
v 63.4348 89.8667 -4.55156e-29
v 64.6628 83.0947 -4.63967e-29
v 67.4593 86.8864 -4.84032e-29
v 68.381 80.0694 -4.90645e-29
v 71.344 83.7259 -5.11905e-29
v 71.9578 76.8779 -5.16309e-29
v 75.0808 80.392 -5.38718e-29
v 75.3857 73.5266 -5.40905e-29
v 78.662 76.8914 -5.64414e-29
v 78.6578 70.0227 -5.64383e-29
v 82.0802 73.2314 -5.88939e-29
v 81.7671 66.3733 -5.86693e-29
v 85.3282 69.4197 -6.12245e-29
v 84.7073 62.586 -6.07789e-29
v 88.3994 65.4641 -6.34281e-29
v 87.4721 58.6686 -6.27627e-29
v 91.2874 61.3727 -6.55003e-29
v 90.0559 54.6292 -6.46167e-29
v 93.9861 57.1542 -6.74366e-29
v 92.4533 50.4763 -6.63368e-29
v 96.4901 52.8173 -6.92333e-29
v 94.6593 46.2183 -6.79197e-29
v 98.7941 48.3708 -7.08864e-29
v 96.6693 41.8641 -6.93619e-29
v 100.893 43.8241 -7.23926e-29
v 98.4791 37.4227 -7.06604e-29
v 102.783 39.1866 -7.37488e-29
v 100.085 32.9033 -7.18127e-29
v 104.46 34.4678 -7.49521e-29
v 101.481 28.3139 -7.28145e-29
v 105.921 29.6776 -7.6e-29
v 102.648 23.6831 -7.36516e-29
v 107.162 24.8259 -7.68905e-29
v 103.566 19.0406 -7.43102e-29
v 108.181 19.9228 -7.76215e-29
v 104.231 14.3823 -7.47872e-29
v 108.976 14.9783 -7.81917e-29
v 104.657 9.68333 -7.50934e-29
v 109.544 10.0028 -7.85999e-29
v 104.872 4.93221 -7.52476e-29
v 109.886 5.00661 -7.88451e-29
v 99.9005 0.30754 -7.16803e-29
v 99.9911 4.89575 -7.17453e-29
v 98.6579 -13.5119 -7.07887e-29
v 99.2459 -8.93829 -7.12106e-29
v 97.9057 -18.0491 -7.0249e-29
v 96.9616 -22.5359 -6.95716e-29
v 95.8242 -26.9709 -6.87555e-29
v 94.4881 -31.3443 -6.77968e-29
v 92.9574 -35.6446 -6.66985e-29
v 91.2366 -39.8632 -6.54638e-29
v 89.3292 -43.993 -6.40952e-29
v 87.2383 -48.0271 -6.2595e-29
v 84.9679 -51.9589 -6.09659e-29
v 82.5219 -55.7813 -5.92109e-29
v 79.9051 -59.4874 -5.73333e-29
v 77.1227 -63.0702 -5.53368e-29
v 74.18 -66.5225 -5.32254e-29
v 71.0832 -69.8375 -5.10034e-29
v 67.8383 -73.0082 -4.86752e-29
v 64.4523 -76.0283 -4.62456e-29
v 60.9319 -78.8914 -4.37197e-29
v 57.2845 -81.5916 -4.11026e-29
v 53.5176 -84.1233 -3.83998e-29
v 49.6389 -86.4811 -3.56167e-29
v 45.6565 -88.6602 -3.27593e-29
v 41.5786 -90.656 -2.98333e-29
v 37.4136 -92.4643 -2.68449e-29
v 33.1702 -94.0814 -2.38002e-29
v 28.8571 -95.5038 -2.07055e-29
v 24.4833 -96.7285 -1.75672e-29
v 20.0578 -97.7531 -1.43918e-29
v 15.5898 -98.5752 -1.1186e-29
v 11.0885 -99.1932 -7.95621e-30
v 6.5633 -99.6057 -4.70928e-30
v 2.0235 -99.8118 -1.4519e-30
v -2.52146 -99.8111 1.80919e-30
v -7.06217 -99.6036 5.06723e-30
v -11.5892 -99.1895 8.31545e-30
v -16.0932 -98.5697 1.15471e-29
v -20.5648 -97.7455 1.47556e-29
v -24.9946 -96.7186 1.79341e-29
v -29.3737 -95.4909 2.10761e-29
v -33.6928 -94.065 2.41751e-29
v -37.9429 -92.4439 2.72247e-29
v -42.1153 -90.6309 3.02184e-29
v -46.2013 -88.6296 3.31502e-29
v -50.1924 -86.4441 3.60139e-29
v -54.0803 -84.079 3.88035e-29
v -57.8569 -81.5392 4.15133e-29
v -61.5144 -78.8298 4.41376e-29
v -65.0452 -75.9565 4.6671e-29
v -68.4418 -72.9251 4.91082e-29
v -71.6973 -69.7419 5.14441e-29
v -74.8049 -66.4135 5.36738e-29
v -77.7581 -62.9468 5.57928e-29
v -80.5508 -59.3488 5.77965e-29
v -83.177 -55.6271 5.96809e-29
v -85.6314 -51.7893 6.1442e-29
v -87.9089 -47.8434 6.30761e-29
v -90.0045 -43.7975 6.45798e-29
v -91.9141 -39.66 6.59499e-29
v -93.6336 -35.4394 6.71837e-29
v -95.1593 -31.1444 6.82784e-29
v -96.4881 -26.7841 6.92318e-29
v -97.6172 -22.3673 7.0042e-29
v -98.5442 -17.9032 7.07071e-29
v -99.2671 -13.4011 7.12258e-29
v -99.7844 -8.87035 7.1597e-29
v -100.095 -4.32024 7.18198e-29
v -100.198 0.239762 7.18939e-29
v -100.094 4.8002 7.18189e-29
v -99.7817 9.35162 7.15951e-29
v -99.2629 13.8846 7.12228e-29
v -98.5382 18.3897 7.07028e-29
v -97.6091 22.8576 7.00362e-29
v -96.4775 27.2791 6.92242e-29
v -95.1457 31.6449 6.82686e-29
v -93.6164 35.946 6.71714e-29
v -91.8928 40.1735 6.59346e-29
v -89.9783 44.3186 6.4561e-29
v -87.877 48.3726 6.30532e-29
v -85.593 52.3273 6.14145e-29
v -83.1313 56.1742 5.96481e-29
v -80.4967 59.9055 5.77577e-29
v -77.6947 63.5134 5.57473e-29
v -74.7311 66.9904 5.36208e-29
v -71.612 70.3292 5.13828e-29
v -68.3439 73.5229 4.90379e-29
v -64.9334 76.5648 4.65909e-29
v -61.3877 79.4487 4.40467e-29
v -57.714 82.1685 4.14108e-29
v -53.92 84.7185 3.86885e-29
v -50.0134 87.0935 3.58855e-29
v -46.0024 89.2883 3.30075e-29
v -41.8953 91.2986 3.00606e-29
v -37.7004 93.12 2.70507e-29
v -33.4266 94.7488 2.39842e-29
v -29.0827 96.1815 2.08673e-29
v -24.6776 97.4151 1.77066e-29
v -20.2205 98.447 1.45086e-29
v -15.7206 99.2751 1.12798e-29
v -11.1873 99.8977 8.02704e-30
v -6.62978 100.313 4.75698e-30
v -2.05767 100.521 1.47641e-30
v 2.5196 100.52 -1.80786e-30
v 7.09256 100.311 -5.08904e-30
v 11.6517 99.8945 -8.36031e-30
v 16.1876 99.2705 -1.16149e-29
v 20.6909 98.4406 -1.48461e-29
v 25.1521 97.4064 -1.80471e-29
v 29.5621 96.1702 -2.12113e-29
v 33.9117 94.7344 -2.43322e-29
v 38.1918 93.102 -2.74033e-29
v 42.3937 91.2763 -3.04182e-29
v 46.5084 89.261 -3.33706e-29
v 50.5276 87.0603 -3.62544e-29
v 54.4428 84.6787 -3.90636e-29
v 58.246 82.1212 -4.17925e-29
v 61.9291 79.3929 -4.44352e-29
v 65.4846 76.4996 -4.69863e-29
v 68.9051 73.4471 -4.94406e-29
v 72.1834 70.2418 -5.17928e-29
v 75.3128 66.8903 -5.40382e-29
v 78.2866 63.3995 -5.6172e-29
v 81.0987 59.7766 -5.81897e-29
v 83.7433 56.0291 -6.00873e-29
v 86.2149 52.1647 -6.18606e-29
v 88.5081 48.1915 -6.35061e-29
v 90.6184 44.1176 -6.50203e-29
v 92.5413 39.9515 -6.64e-29
v 94.2728 35.7018 -6.76423e-29
v 95.8082 31.3763 -6.8744e-29
v 97.1307 26.9967 -6.96929e-29
v 98.2112 22.6088 -7.04682e-29
v 99.0234 18.2364 -7.1051e-29
v 99.5641 13.8531 -7.1439e-29
v 99.8588 9.41364 -7.16504e-29
v 99.6368 -4.31019 -7.14911e-29
v 94.671 -3.90597 -6.7928e-29
v 94.9922 0.53847 -6.81586e-29
v 92.02 -21.3817 -6.60259e-29
v 92.9305 -17.093 -6.66792e-29
v 90.9377 -25.6236 -6.52493e-29
v 89.6585 -29.7999 -6.43315e-29
v 88.1956 -33.9014 -6.32818e-29
v 86.5545 -37.9211 -6.21043e-29
v 84.7385 -41.8526 -6.08013e-29
v 82.7497 -45.6898 -5.93743e-29
v 80.5912 -49.427 -5.78256e-29
v 78.267 -53.0586 -5.61579e-29
v 75.7813 -56.5786 -5.43744e-29
v 73.1386 -59.9809 -5.24782e-29
v 70.3441 -63.2589 -5.04731e-29
v 67.4032 -66.4065 -4.8363e-29
v 64.3218 -69.4172 -4.6152e-29
v 61.1062 -72.2848 -4.38447e-29
v 57.7629 -75.0035 -4.14458e-29
v 54.2987 -77.5676 -3.89603e-29
v 50.7209 -79.9718 -3.63931e-29
v 47.0367 -82.2111 -3.37496e-29
v 43.2538 -84.2806 -3.10353e-29
v 39.38 -86.1762 -2.82558e-29
v 35.4232 -87.8937 -2.54168e-29
v 31.3917 -89.4297 -2.25241e-29
v 27.2938 -90.7808 -1.95838e-29
v 23.138 -91.9442 -1.66019e-29
v 18.9328 -92.9174 -1.35846e-29
v 14.687 -93.6983 -1.05381e-29
v 10.4093 -94.2852 -7.46883e-30
v 6.1086 -94.677 -4.38302e-30
v 1.79383 -94.8726 -1.2871e-30
v -2.52608 -94.8716 1.81251e-30
v -6.84219 -94.674 4.90939e-30
v -11.1455 -94.28 7.99711e-30
v -15.4272 -93.6906 1.10693e-29
v -19.6783 -92.9067 1.41195e-29
v -23.89 -91.93 1.71415e-29
v -28.0536 -90.7624 2.01289e-29
v -32.1604 -89.4063 2.30756e-29
v -36.2019 -87.8644 2.59755e-29
v -40.1696 -86.14 2.88224e-29
v -44.0554 -84.2364 3.16105e-29
v -47.8512 -82.1575 3.4334e-29
v -51.549 -79.9077 3.69873e-29
v -55.1412 -77.4915 3.95647e-29
v -58.6202 -74.914 4.2061e-29
v -61.9789 -72.1803 4.44709e-29
v -65.2101 -69.2961 4.67894e-29
v -68.3073 -66.2673 4.90116e-29
v -71.2639 -63.1002 5.1133e-29
v -74.0737 -59.8013 5.31491e-29
v -76.7309 -56.3773 5.50557e-29
v -79.2299 -52.8354 5.68488e-29
v -81.5655 -49.1828 5.85246e-29
v -83.7328 -45.4272 6.00797e-29
v -85.7272 -41.5761 6.15107e-29
v -87.5446 -37.6376 6.28147e-29
v -89.1811 -33.6199 6.39889e-29
v -90.6332 -29.5311 6.50309e-29
v -91.898 -25.3799 6.59384e-29
v -92.9727 -21.1747 6.67095e-29
v -93.855 -16.9242 6.73426e-29
v -94.5431 -12.6374 6.78362e-29
v -95.0354 -8.32294 6.81895e-29
v -95.3308 -3.98989 6.84015e-29
v -95.4288 0.352811 6.84718e-29
v -95.329 4.69616 6.84002e-29
v -95.0316 9.03116 6.81868e-29
v -94.5371 13.3488 6.7832e-29
v -93.8465 17.6402 6.73365e-29
v -92.9611 21.8963 6.67012e-29
v -91.8828 26.1084 6.59275e-29
v -90.6137 30.2677 6.50169e-29
v -89.1564 34.3656 6.39712e-29
v -87.5138 38.3936 6.27926e-29
v -85.6893 42.3432 6.14835e-29
v -83.6866 46.2063 6.00465e-29
v -81.5098 49.9749 5.84847e-29
v -79.1634 53.641 5.68011e-29
v -76.6521 57.1971 5.49992e-29
v -73.9812 60.6358 5.30828e-29
v -71.1561 63.9498 5.10557e-29
v -68.1827 67.1323 4.89222e-29
v -65.0669 70.1767 4.66866e-29
v -61.8154 73.0766 4.43536e-29
v -58.4347 75.8259 4.19279e-29
v -54.9318 78.4189 3.94145e-29
v -51.314 80.8501 3.68187e-29
v -47.5887 83.1145 3.41457e-29
v -43.7636 85.2073 3.14011e-29
v -39.8466 87.1242 2.85906e-29
v -35.8458 88.8611 2.572e-29
v -31.7695 90.4143 2.27951e-29
v -27.626 91.7805 1.98221e-29
v -23.4241 92.957 1.68072e-29
v -19.1722 93.9411 1.37564e-29
v -14.8794 94.7309 1.06762e-29
v -10.5543 95.3245 7.57292e-30
v -6.20612 95.7207 4.45299e-30
v -1.84369 95.9186 1.32288e-30
v 2.52389 95.9178 -1.81093e-30
v 6.88757 95.7182 -4.94195e-30
v 11.2383 95.3201 -8.06367e-30
v 15.5671 94.7243 -1.11696e-29
v 19.8649 93.9319 -1.42534e-29
v 24.1228 92.9446 -1.73085e-29
v 28.3321 91.7644 -2.03288e-29
v 32.4839 90.3936 -2.33077e-29
v 36.5696 88.8351 -2.62393e-29
v 40.5807 87.0919 -2.91174e-29
v 44.509 85.1676 -3.1936e-29
v 48.3462 83.0663 -3.46892e-29
v 52.0843 80.7922 -3.73714e-29
v 55.7156 78.3499 -3.99769e-29
v 59.2325 75.7444 -4.25003e-29
v 62.6277 72.9812 -4.49364e-29
v 65.894 70.0659 -4.72801e-29
v 69.0248 67.0044 -4.95265e-29
v 72.0135 63.8032 -5.16709e-29
v 74.8538 60.4688 -5.37088e-29
v 77.5397 57.008 -5.56361e-29
v 80.0658 53.4281 -5.74486e-29
v 82.4266 49.7363 -5.91425e-29
v 84.6173 45.9403 -6.07144e-29
v 86.6333 42.048 -6.21609e-29
v 88.4703 38.0674 -6.34789e-29
v 90.1242 34.0063 -6.46656e-29
v 91.5844 29.8796 -6.57134e-29
v 92.8322 25.7298 -6.66087e-29
v 93.8325 21.6064 -6.73264e-29
v 94.546 17.5148 -6.78384e-29
v 94.9655 13.4089 -6.81393e-29
v 95.1492 9.22546 -6.82712e-29
v 93.6383 -12.7322 -6.71871e-29
v 94.2342 -8.34471 -6.76146e-29
v 95.1326 4.93174 -6.82592e-29
v 90.3722 5.07662 -6.48436e-29
v 90.528 9.16077 -6.49554e-29
v 84.8804 -28.2507 -6.09032e-29
v 86.115 -24.2738 -6.1789e-29
v 83.4812 -32.1567 -5.98992e-29
v 81.918 -35.9818 -5.87776e-29
v 80.1928 -39.7204 -5.75397e-29
v 78.304 -43.3647 -5.61845e-29
v 76.2554 -46.9108 -5.47145e-29
v 74.0507 -50.3543 -5.31327e-29
v 71.6941 -53.6906 -5.14417e-29
v 69.1895 -56.9145 -4.96447e-29
v 66.5415 -60.0202 -4.77447e-29
v 63.7551 -63.0021 -4.57454e-29
v 60.8356 -65.8542 -4.36506e-29
v 57.789 -68.5709 -4.14645e-29
v 54.6212 -71.1465 -3.91916e-29
v 51.3388 -73.5758 -3.68364e-29
v 47.9485 -75.8536 -3.44038e-29
v 44.4572 -77.9752 -3.18988e-29
v 40.8722 -79.9362 -2.93265e-29
v 37.2008 -81.7324 -2.66922e-29
v 33.4506 -83.36 -2.40014e-29
v 29.6293 -84.8156 -2.12595e-29
v 25.7448 -86.096 -1.84723e-29
v 21.8051 -87.1986 -1.56455e-29
v 17.8184 -88.1209 -1.2785e-29
v 13.793 -88.861 -9.8967e-30
v 9.73707 -89.4173 -6.98652e-30
v 5.65911 -89.7884 -4.06051e-30
v 1.56754 -89.9736 -1.12474e-30
v -2.52916 -89.9724 1.81472e-30
v -6.62251 -89.7847 4.75176e-30
v -10.704 -89.4108 7.6803e-30
v -14.7652 -88.8514 1.05943e-29
v -18.7976 -88.1076 1.34876e-29
v -22.7929 -87.1808 1.63543e-29
v -26.7428 -86.0728 1.91884e-29
v -30.6391 -84.786 2.19841e-29
v -34.4736 -83.3228 2.47354e-29
v -38.2384 -81.6862 2.74367e-29
v -41.9257 -79.8796 3.00824e-29
v -45.5277 -77.9065 3.26669e-29
v -49.037 -75.7711 3.51849e-29
v -52.4463 -73.4776 3.76311e-29
v -55.7483 -71.0308 4.00004e-29
v -58.9363 -68.4357 4.22878e-29
v -62.0036 -65.6975 4.44886e-29
v -64.9437 -62.8219 4.65983e-29
v -67.7506 -59.8148 4.86122e-29
v -70.4183 -56.6824 5.05263e-29
v -72.9412 -53.4311 5.23365e-29
v -75.314 -50.0675 5.40391e-29
v -77.5318 -46.5987 5.56304e-29
v -79.5899 -43.0317 5.71071e-29
v -81.4839 -39.374 5.84661e-29
v -83.2098 -35.6329 5.97045e-29
v -84.7641 -31.8164 6.08197e-29
v -86.1433 -27.9322 6.18093e-29
v -87.3446 -23.9884 6.26712e-29
v -88.3654 -19.9931 6.34037e-29
v -89.2034 -15.9545 6.4005e-29
v -89.857 -11.8812 6.44739e-29
v -90.3245 -7.78137 6.48094e-29
v -90.6051 -3.66362 6.50107e-29
v -90.6979 0.463542 6.50773e-29
v -90.6028 4.59156 6.5009e-29
v -90.3198 8.71188 6.4806e-29
v -89.8495 12.816 6.44686e-29
v -89.1928 16.8953 6.39974e-29
v -88.3509 20.9414 6.33933e-29
v -87.3255 24.9458 6.26575e-29
v -86.1186 28.9003 6.17915e-29
v -84.7327 32.7966 6.07971e-29
v -83.1705 36.6267 5.96763e-29
v -81.4353 40.3824 5.84312e-29
v -79.5305 44.0562 5.70645e-29
v -77.46 47.6402 5.55789e-29
v -75.2281 51.127 5.39774e-29
v -72.8392 54.5093 5.22634e-29
v -70.2983 57.7801 5.04402e-29
v -67.6107 60.9326 4.85118e-29
v -64.7817 63.9601 4.64819e-29
v -61.8172 66.8564 4.43549e-29
v -58.7233 69.6153 4.2135e-29
v -55.5063 72.2311 3.98267e-29
v -52.1729 74.6983 3.7435e-29
v -48.7299 77.0118 3.49646e-29
v -45.1845 79.1666 3.24206e-29
v -41.5438 81.1582 2.98084e-29
v -37.8155 82.9825 2.71332e-29
v -34.0072 84.6355 2.44007e-29
v -30.1267 86.1138 2.16164e-29
v -26.1822 87.4143 1.87862e-29
v -22.1817 88.534 1.59158e-29
v -18.1336 89.4708 1.30111e-29
v -14.0461 90.2225 1.00783e-29
v -9.92778 90.7875 7.12335e-30
v -5.78713 91.1646 4.15236e-30
v -1.63273 91.3528 1.17151e-30
v 2.52682 91.3518 -1.81304e-30
v 6.68289 91.1614 -4.79508e-30
v 10.8268 90.7819 -7.76845e-30
v 14.9501 90.2142 -1.0727e-29
v 19.0441 89.4592 -1.36645e-29
v 23.1004 88.5184 -1.65749e-29
v 27.1105 87.3938 -1.94523e-29
v 31.0661 86.0875 -2.22904e-29
v 34.9589 84.6023 -2.50836e-29
v 38.7809 82.941 -2.7826e-29
v 42.5242 81.1072 -3.05118e-29
v 46.1808 79.1044 -3.31355e-29
v 49.7432 76.9369 -3.56916e-29
v 53.2041 74.609 -3.81748e-29
v 56.556 72.1254 -4.05799e-29
v 59.7922 69.4913 -4.29019e-29
v 62.9057 66.7121 -4.51359e-29
v 65.8902 63.7935 -4.72773e-29
v 68.7393 60.7414 -4.93216e-29
v 71.4471 57.5621 -5.12645e-29
v 74.0079 54.2622 -5.31019e-29
v 76.4163 50.8485 -5.483e-29
v 78.6674 47.3279 -5.64452e-29
v 80.7563 43.7079 -5.7944e-29
v 82.6787 39.9957 -5.93234e-29
v 84.4305 36.199 -6.05803e-29
v 86.0055 32.3283 -6.17104e-29
v 87.4032 28.4168 -6.27133e-29
v 88.6111 24.5245 -6.35799e-29
v 89.5726 20.6959 -6.42699e-29
v 90.2084 16.9121 -6.47261e-29
v 90.4711 13.0975 -6.49146e-29
v 88.6966 -11.9411 -6.36413e-29
v 89.289 -7.72288 -6.40664e-29
v 87.1138 -20.2087 -6.25056e-29
v 90.1103 0.849086 -6.46557e-29
v 89.7338 -3.43264 -6.43855e-29
v 87.9621 -16.0929 -6.31143e-29
v 84.8562 -2.8962 -6.08857e-29
v 85.298 1.27916 -6.12027e-29
v 80.122 -26.6846 -5.74889e-29
v 81.2887 -22.8927 -5.8326e-29
v 86.0088 9.33654 -6.17128e-29
v 86.217 13.0071 -6.18622e-29
v 77.3052 -34.0348 -5.54678e-29
v 78.7898 -30.4001 -5.6533e-29
v 75.676 -37.5879 -5.42988e-29
v 73.8848 -41.0417 -5.30136e-29
v 71.9432 -44.398 -5.16205e-29
v 69.8561 -47.6552 -5.01229e-29
v 67.6269 -50.8097 -4.85234e-29
v 65.259 -53.8568 -4.68244e-29
v 62.7564 -56.7917 -4.50288e-29
v 60.1233 -59.6092 -4.31395e-29
v 57.3648 -62.3038 -4.11602e-29
v 54.4861 -64.8705 -3.90947e-29
v 51.493 -67.3038 -3.69471e-29
v 48.3915 -69.5989 -3.47218e-29
v 45.188 -71.751 -3.24231e-29
v 41.8889 -73.7556 -3.0056e-29
v 38.5009 -75.6085 -2.76251e-29
v 35.0311 -77.3058 -2.51354e-29
v 31.4866 -78.8438 -2.25922e-29
v 27.8747 -80.2194 -2.00006e-29
v 24.2028 -81.4295 -1.73659e-29
v 20.4785 -82.4715 -1.46936e-29
v 16.7094 -83.3433 -1.19893e-29
v 12.9035 -84.0428 -9.25846e-30
v 9.06847 -84.5685 -6.50678e-30
v 5.21235 -84.9192 -3.73995e-30
v 1.34309 -85.0941 -9.63688e-31
v -2.53129 -85.0927 1.81625e-30
v -6.40276 -84.9149 4.59409e-30
v -10.2633 -84.561 7.36408e-30
v -14.1049 -84.0316 1.01205e-29
v -17.9195 -83.3277 1.28576e-29
v -21.6993 -82.4506 1.55696e-29
v -25.4364 -81.4021 1.8251e-29
v -29.1229 -80.1842 2.08962e-29
v -32.7514 -78.7994 2.34996e-29
v -36.314 -77.2505 2.60559e-29
v -39.8036 -75.5404 2.85597e-29
v -43.2127 -73.6728 3.10058e-29
v -46.5342 -71.6513 3.33891e-29
v -49.7613 -69.4801 3.57046e-29
v -52.8871 -67.1636 3.79474e-29
v -55.9052 -64.7065 4.01129e-29
v -58.8091 -62.1138 4.21965e-29
v -61.5929 -59.3909 4.41939e-29
v -64.2506 -56.5432 4.61009e-29
v -66.7767 -53.5766 4.79134e-29
v -69.1659 -50.4972 4.96277e-29
v -71.4131 -47.3114 5.12401e-29
v -73.5136 -44.0256 5.27472e-29
v -75.4629 -40.6466 5.41459e-29
v -77.2569 -37.1813 5.54332e-29
v -78.8919 -33.637 5.66063e-29
v -80.3643 -30.0209 5.76627e-29
v -81.6709 -26.3404 5.86003e-29
v -82.809 -22.6032 5.94169e-29
v -83.7761 -18.817 6.01108e-29
v -84.5701 -14.9896 6.06805e-29
v -85.1893 -11.1288 6.11248e-29
v -85.6322 -7.24282 6.14426e-29
v -85.8979 -3.33952 6.16332e-29
v -85.9857 0.572948 6.16962e-29
v -85.8953 4.48649 6.16313e-29
v -85.6268 8.39299 6.14387e-29
v -85.1807 12.2843 6.11186e-29
v -84.5577 16.1525 6.06716e-29
v -83.7591 19.9893 6.00985e-29
v -82.7864 23.7869 5.94006e-29
v -81.6415 27.5374 5.85792e-29
v -80.3268 31.233 5.76358e-29
v -78.8447 34.8659 5.65724e-29
v -77.1984 38.4286 5.53912e-29
v -75.3912 41.9137 5.40945e-29
v -73.4266 45.3139 5.26848e-29
v -71.3087 48.6221 5.11652e-29
v -69.0418 51.8314 4.95387e-29
v -66.6305 54.9351 4.78086e-29
v -64.0798 57.9266 4.59783e-29
v -61.3947 60.7998 4.40518e-29
v -58.5809 63.5485 4.20328e-29
v -55.644 66.1671 3.99255e-29
v -52.5902 68.65 3.77343e-29
v -49.4256 70.992 3.54637e-29
v -46.1568 73.1882 3.31183e-29
v -42.7905 75.2338 3.07029e-29
v -39.3335 77.1247 2.82225e-29
v -35.7931 78.8568 2.56822e-29
v -32.1766 80.4263 2.30872e-29
v -28.4913 81.83 2.0443e-29
v -24.7449 83.0649 1.77549e-29
v -20.9452 84.1283 1.50285e-29
v -17.0998 85.0179 1.22694e-29
v -13.217 85.7317 9.4834e-30
v -9.30452 86.2683 6.67615e-30
v -5.37063 86.6263 3.85352e-30
v -1.42343 86.8049 1.02133e-30
v 2.5289 86.8037 -1.81453e-30
v 6.47818 86.6226 -4.6482e-30
v 10.4162 86.2618 -7.4738e-30
v 14.3348 85.722 -1.02855e-29
v 18.2258 85.0042 -1.30773e-29
v 22.0812 84.1098 -1.58437e-29
v 25.893 83.0406 -1.85786e-29
v 29.6531 81.7986 -2.12766e-29
v 33.3538 80.3864 -2.3932e-29
v 36.9875 78.8068 -2.65391e-29
v 40.5464 77.063 -2.90927e-29
v 44.0232 75.1585 -3.15874e-29
v 47.4107 73.0972 -3.4018e-29
v 50.7017 70.8832 -3.63794e-29
v 53.8895 68.5211 -3.86666e-29
v 56.9672 66.0157 -4.08749e-29
v 59.9285 63.3721 -4.29997e-29
v 62.7672 60.5956 -4.50365e-29
v 65.4773 57.6921 -4.69811e-29
v 68.0532 54.6674 -4.88293e-29
v 70.4894 51.5278 -5.05773e-29
v 72.7808 48.2797 -5.22214e-29
v 74.9225 44.9297 -5.37582e-29
v 76.9101 41.4849 -5.51843e-29
v 78.7393 37.9521 -5.64968e-29
v 80.4059 34.3398 -5.76926e-29
v 81.9208 30.6708 -5.87796e-29
v 83.3114 26.9991 -5.97773e-29
v 84.5599 23.3936 -6.06732e-29
v 85.5803 19.8985 -6.14053e-29
v 86.216 16.4818 -6.18614e-29
v 83.0811 -15.0961 -5.96121e-29
v 83.788 -11.1203 -6.01193e-29
v 82.2309 -19.0074 -5.90021e-29
v 85.6764 5.40342 -6.14743e-29
v 84.35 -7.02889 -6.05225e-29
v 77.4203 -17.8101 -5.55504e-29
v 78.2369 -14.0797 -5.61363e-29
v 80.526 1.88577 -5.77788e-29
v 81.0696 5.98281 -5.81688e-29
v 79.4713 -6.29493 -5.7022e-29
v 80.0051 -2.23918 -5.7405e-29
v 78.8888 -10.2194 -5.66041e-29
v 69.4858 -38.7139 -4.98572e-29
v 71.1932 -35.4589 -5.10823e-29
v 67.6469 -41.8798 -4.85378e-29
v 65.6754 -44.9515 -4.71232e-29
v 63.5724 -47.9255 -4.56143e-29
v 61.3403 -50.7976 -4.40127e-29
v 58.9818 -53.5633 -4.23205e-29
v 56.5009 -56.2179 -4.05403e-29
v 53.9021 -58.7563 -3.86756e-29
v 51.1904 -61.1739 -3.673e-29
v 48.3712 -63.4658 -3.47072e-29
v 45.45 -65.6273 -3.26112e-29
v 42.4326 -67.6542 -3.04461e-29
v 39.3252 -69.5421 -2.82165e-29
v 36.1339 -71.2871 -2.59267e-29
v 32.8654 -72.8857 -2.35815e-29
v 29.5262 -74.3344 -2.11856e-29
v 26.1233 -75.6301 -1.87439e-29
v 22.6637 -76.77 -1.62616e-29
v 19.1544 -77.7516 -1.37436e-29
v 15.6026 -78.5729 -1.11952e-29
v 12.0159 -79.2318 -8.62159e-30
v 8.40143 -79.727 -6.02817e-30
v 4.7668 -80.0574 -3.42026e-30
v 1.11951 -80.222 -8.03271e-31
v -2.53288 -80.2205 1.81739e-30
v -6.18282 -80.0526 4.43628e-30
v -9.82272 -79.7187 7.04797e-30
v -13.445 -79.2193 9.64704e-30
v -17.0422 -78.5553 1.22281e-29
v -20.6068 -77.7279 1.47857e-29
v -24.1314 -76.7388 1.73147e-29
v -27.6086 -75.5898 1.98097e-29
v -31.0313 -74.2833 2.22655e-29
v -34.3921 -72.8218 2.46769e-29
v -37.6843 -71.2083 2.70391e-29
v -40.9007 -69.4459 2.9347e-29
v -44.0349 -67.5382 3.15958e-29
v -47.0801 -65.4891 3.37807e-29
v -50.0299 -63.3027 3.58973e-29
v -52.8783 -60.9835 3.79411e-29
v -55.6192 -58.536 3.99077e-29
v -58.2468 -55.9655 4.17931e-29
v -60.7557 -53.277 4.35932e-29
v -63.1405 -50.476 4.53044e-29
v -65.3961 -47.5683 4.69228e-29
v -67.5179 -44.5599 4.84452e-29
v -69.5013 -41.4568 4.98684e-29
v -71.3421 -38.2656 5.11891e-29
v -73.0363 -34.9926 5.24048e-29
v -74.5804 -31.6447 5.35127e-29
v -75.9711 -28.2287 5.45105e-29
v -77.2053 -24.7517 5.53961e-29
v -78.2803 -21.2208 5.61674e-29
v -79.1939 -17.6433 5.68229e-29
v -79.9439 -14.0266 5.73611e-29
v -80.5288 -10.3782 5.77808e-29
v -80.9472 -6.70562 5.8081e-29
v -81.1981 -3.01645 5.8261e-29
v -81.2809 0.68167 5.83204e-29
v -81.1952 4.38107 5.82589e-29
v -80.9411 8.07408 5.80767e-29
v -80.5191 11.753 5.77738e-29
v -79.9299 15.4103 5.73511e-29
v -79.1745 19.0383 5.68091e-29
v -78.2545 22.6294 5.61489e-29
v -77.1716 26.1762 5.53719e-29
v -75.9279 29.6713 5.44796e-29
v -74.5259 33.1075 5.34736e-29
v -72.9685 36.4774 5.23561e-29
v -71.2586 39.7742 5.11293e-29
v -69.3998 42.9909 4.97956e-29
v -67.3959 46.1208 4.83577e-29
v -65.2507 49.1573 4.68185e-29
v -62.9688 52.0941 4.51812e-29
v -60.5547 54.925 4.3449e-29
v -58.0134 57.6441 4.16256e-29
v -55.35 60.2456 3.97146e-29
v -52.57 62.724 3.77198e-29
v -49.679 65.0742 3.56455e-29
v -46.683 67.2912 3.34958e-29
v -43.5881 69.3703 3.12752e-29
v -40.4006 71.307 2.89881e-29
v -37.1271 73.0973 2.66394e-29
v -33.7744 74.7373 2.42337e-29
v -30.3493 76.2235 2.17761e-29
v -26.8589 77.5528 1.92717e-29
v -23.3103 78.7222 1.67256e-29
v -19.711 79.7293 1.41429e-29
v -16.0682 80.5718 1.15292e-29
v -12.3896 81.2479 8.88974e-30
v -8.68272 81.7561 6.23e-30
v -4.95527 82.0951 3.55549e-30
v -1.21495 82.2641 8.71747e-31
v 2.53049 82.2628 -1.81567e-30
v 6.2733 82.0909 -4.5012e-30
v 10.0057 81.7488 -7.17926e-30
v 13.7199 81.2369 -9.84429e-30
v 17.4083 80.5563 -1.24908e-29
v 21.0632 79.7082 -1.51132e-29
v 24.6768 78.6943 -1.77061e-29
v 28.2419 77.5166 -2.0264e-29
v 31.7508 76.1774 -2.27818e-29
v 35.1964 74.6794 -2.5254e-29
v 38.5713 73.0255 -2.76756e-29
v 41.8686 71.2191 -3.00415e-29
v 45.0814 69.2638 -3.23467e-29
v 48.2029 67.1636 -3.45864e-29
v 51.2267 64.9228 -3.6756e-29
v 54.1463 62.5458 -3.88509e-29
v 56.9557 60.0376 -4.08666e-29
v 59.6488 57.4032 -4.27991e-29
v 62.2202 54.648 -4.46441e-29
v 64.6644 51.7777 -4.63978e-29
v 66.9761 48.7981 -4.80565e-29
v 69.1506 45.7153 -4.96167e-29
v 71.1833 42.5357 -5.10752e-29
v 73.0697 39.2657 -5.24287e-29
v 74.8058 35.9125 -5.36745e-29
v 76.4014 32.4907 -5.48193e-29
v 77.906 29.0368 -5.58989e-29
v 79.3586 25.6067 -5.69411e-29
v 80.7532 22.2696 -5.79418e-29
v 82.017 19.1147 -5.88486e-29
v 82.9137 16.2206 -5.9492e-29
v 74.1121 -28.6284 -5.31767e-29
v 75.3922 -25.1097 -5.40952e-29
v 76.4601 -21.4811 -5.48614e-29
v 81.6713 9.85972 -5.86005e-29
v 82.2101 13.3351 -5.89871e-29
v 72.6956 -32.0688 -5.21603e-29
v 70.6721 -23.5142 -5.07084e-29
v 71.7567 -20.1112 -5.14866e-29
v 66.6864 -33.289 -4.78486e-29
v 68.1565 -30.1272 -4.89035e-29
v 65.0911 -36.3655 -4.67039e-29
v 63.3615 -39.345 -4.54629e-29
v 61.5074 -42.2328 -4.41326e-29
v 59.5322 -45.0289 -4.27154e-29
v 57.4354 -47.7291 -4.12109e-29
v 55.2191 -50.3282 -3.96207e-29
v 52.8879 -52.8218 -3.79479e-29
v 50.447 -55.2061 -3.61966e-29
v 47.9013 -57.4768 -3.437e-29
v 45.2546 -59.6287 -3.24709e-29
v 42.5123 -61.6573 -3.05033e-29
v 39.6799 -63.5589 -2.8471e-29
v 36.7633 -65.3299 -2.63783e-29
v 33.7682 -66.9669 -2.42293e-29
v 30.7006 -68.4666 -2.20282e-29
v 27.5666 -69.8258 -1.97795e-29
v 24.3726 -71.0416 -1.74878e-29
v 21.1251 -72.1112 -1.51576e-29
v 17.8308 -73.0325 -1.27939e-29
v 14.4963 -73.8032 -1.04014e-29
v 11.1287 -74.4216 -7.98502e-30
v 7.73478 -74.8864 -5.54983e-30
v 4.32161 -75.1964 -3.10083e-30
v 0.896259 -75.3507 -6.43081e-31
v -2.53419 -75.3491 1.81833e-30
v -5.96264 -75.1912 4.27829e-30
v -9.38195 -74.8773 6.73171e-30
v -12.785 -74.4078 9.17348e-30
v -16.1648 -73.7837 1.15985e-29
v -19.5143 -73.006 1.40018e-29
v -22.8264 -72.0763 1.63783e-29
v -26.0943 -70.9962 1.87231e-29
v -29.3112 -69.768 2.10313e-29
v -32.4703 -68.394 2.3298e-29
v -35.5651 -66.8769 2.55185e-29
v -38.589 -65.2198 2.76882e-29
v -41.5357 -63.4259 2.98026e-29
v -44.399 -61.4989 3.18571e-29
v -47.173 -59.4426 3.38474e-29
v -49.8517 -57.2612 3.57695e-29
v -52.4296 -54.959 3.76191e-29
v -54.9011 -52.5409 3.93925e-29
v -57.2612 -50.0115 4.10859e-29
v -59.5046 -47.3761 4.26956e-29
v -61.6268 -44.6401 4.42183e-29
v -63.6232 -41.8091 4.56507e-29
v -65.4895 -38.8888 4.69899e-29
v -67.2218 -35.8852 4.82328e-29
v -68.8163 -32.8045 4.93769e-29
v -70.2696 -29.6529 5.04196e-29
v -71.5785 -26.437 5.13588e-29
v -72.7403 -23.1634 5.21924e-29
v -73.7523 -19.8388 5.29185e-29
v -74.6123 -16.47 5.35356e-29
v -75.3185 -13.0641 5.40423e-29
v -75.8691 -9.62796 5.44374e-29
v -76.263 -6.16878 5.472e-29
v -76.4991 -2.6937 5.48894e-29
v -76.5768 0.790101 5.49452e-29
v -76.4959 4.27539 5.48871e-29
v -76.2563 7.75495 5.47152e-29
v -75.8584 11.2216 5.44297e-29
v -75.3029 14.668 5.40311e-29
v -74.5908 18.0871 5.35202e-29
v -73.7235 21.4718 5.28978e-29
v -72.7025 24.815 5.21653e-29
v -71.5299 28.1097 5.13239e-29
v -70.208 31.3491 5.03754e-29
v -68.7393 34.5263 4.93216e-29
v -67.1269 37.6348 4.81647e-29
v -65.3739 40.668 4.69069e-29
v -63.4838 43.6197 4.55507e-29
v -61.4604 46.4834 4.40989e-29
v -59.3079 49.2534 4.25544e-29
v -57.0305 51.9237 4.09203e-29
v -54.6329 54.4887 3.92e-29
v -52.1199 56.9429 3.73969e-29
v -49.4966 59.2813 3.55147e-29
v -46.7685 61.4989 3.35572e-29
v -43.941 63.5909 3.15284e-29
v -41.02 65.5529 2.94325e-29
v -38.0114 67.3807 2.72738e-29
v -34.9214 69.0704 2.50567e-29
v -31.7563 70.6184 2.27857e-29
v -28.5226 72.0213 2.04654e-29
v -25.227 73.2762 1.81008e-29
v -21.8762 74.3802 1.56966e-29
v -18.4772 75.331 1.32577e-29
v -15.037 76.1265 1.07893e-29
v -11.5626 76.7648 8.29638e-30
v -8.0613 77.2446 5.78412e-30
v -4.54025 77.5646 3.25771e-30
v -1.00677 77.7241 7.22375e-31
v 2.53182 77.7227 -1.81662e-30
v 6.06819 77.5601 -4.35403e-30
v 9.595 77.2365 -6.88458e-30
v 13.1049 76.7526 -9.40301e-30
v 16.5907 76.1092 -1.19041e-29
v 20.045 75.3075 -1.43826e-29
v 23.4607 74.3489 -1.68335e-29
v 26.8307 73.2354 -1.92514e-29
v 30.1479 71.9692 -2.16316e-29
v 33.4053 70.5527 -2.39689e-29
v 36.5964 68.9887 -2.62585e-29
v 39.7142 67.2804 -2.84956e-29
v 42.7523 65.4312 -3.06755e-29
v 45.7044 63.4448 -3.27937e-29
v 48.5642 61.3252 -3.48456e-29
v 51.3257 59.0767 -3.6827e-29
v 53.9831 56.7039 -3.87338e-29
v 56.5308 54.2115 -4.05618e-29
v 58.9635 51.6046 -4.23073e-29
v 61.276 48.8886 -4.39665e-29
v 63.4633 46.069 -4.5536e-29
v 65.521 43.1516 -4.70124e-29
v 67.4445 40.1423 -4.83926e-29
v 69.2297 37.0474 -4.96735e-29
v 70.8796 33.8764 -5.08573e-29
v 72.4345 30.6493 -5.1973e-29
v 73.9586 27.3971 -5.30666e-29
v 75.506 24.1482 -5.41768e-29
v 77.1049 20.9602 -5.5324e-29
v 78.8002 18.0112 -5.65405e-29
v 78.7922 14.5653 -5.65347e-29
v 69.4451 -26.8363 -4.9828e-29
v 74.099 -9.34824 -5.31673e-29
v 74.6288 -5.52191 -5.35474e-29
v 72.6804 -16.614 -5.21494e-29
v 76.5225 6.90894 -5.49062e-29
v 77.5376 10.8867 -5.56345e-29
v 73.4785 -13.0329 -5.27221e-29
v 75.7704 2.71315 -5.43665e-29
v 75.1755 -1.43764 -5.39397e-29
v 73.2479 12.2204 -5.25566e-29
v 75.0034 15.5555 -5.38162e-29
v 69.4676 -8.55363 -4.98442e-29
v 69.85 -4.75407 -5.01186e-29
v 59.0985 -36.792 -4.24042e-29
v 60.7316 -34.0128 -4.3576e-29
v 57.3624 -39.4955 -4.11585e-29
v 66.0416 -21.9126 -4.7386e-29
v 67.1411 -18.7169 -4.81749e-29
v 62.1956 -31.097 -4.46264e-29
v 63.5995 -28.1396 -4.56337e-29
v 55.5211 -42.1222 -3.98373e-29
v 53.56 -44.6564 -3.84302e-29
v 51.4818 -47.0913 -3.69391e-29
v 49.2969 -49.4265 -3.53714e-29
v 47.0126 -51.6617 -3.37323e-29
v 44.6311 -53.7908 -3.20236e-29
v 42.1529 -55.8035 -3.02454e-29
v 39.5851 -57.6967 -2.84029e-29
v 36.934 -59.4697 -2.65008e-29
v 34.2055 -61.1209 -2.4543e-29
v 31.4046 -62.6476 -2.25333e-29
v 28.5366 -64.0469 -2.04755e-29
v 25.6071 -65.3156 -1.83735e-29
v 22.6216 -66.4508 -1.62314e-29
v 19.5861 -67.4498 -1.40534e-29
v 16.5067 -68.3104 -1.18438e-29
v 13.3896 -69.0305 -9.60725e-30
v 10.2411 -69.6084 -7.3482e-30
v 7.06788 -70.0426 -5.07133e-30
v 3.87631 -70.3322 -2.78132e-30
v 0.673025 -70.4763 -4.82907e-31
v -2.53535 -70.4745 1.81915e-30
v -5.74215 -70.3266 4.12009e-30
v -8.94074 -70.0327 6.41513e-30
v -12.1245 -69.5933 8.69951e-30
v -15.2867 -69.0091 1.09685e-29
v -18.4209 -68.2811 1.32173e-29
v -21.5204 -67.4108 1.54413e-29
v -24.5789 -66.3997 1.76358e-29
v -27.5899 -65.2499 1.97962e-29
v -30.5471 -63.9634 2.19181e-29
v -33.4444 -62.5429 2.39969e-29
v -36.2756 -60.9911 2.60283e-29
v -39.0348 -59.3111 2.80081e-29
v -41.7161 -57.5063 2.9932e-29
v -44.3141 -55.5802 3.17961e-29
v -46.8231 -53.5367 3.35963e-29
v -49.2378 -51.3799 3.5329e-29
v -51.5532 -49.1141 3.69903e-29
v -53.7643 -46.744 3.85768e-29
v -55.8664 -44.2744 4.00851e-29
v -57.855 -41.7102 4.1512e-29
v -59.7259 -39.0567 4.28544e-29
v -61.4751 -36.3192 4.41095e-29
v -63.0988 -33.5034 4.52745e-29
v -64.5935 -30.6151 4.63469e-29
v -65.9559 -27.66 4.73245e-29
v -67.1831 -24.6444 4.8205e-29
v -68.2724 -21.5743 4.89866e-29
v -69.2214 -18.4561 4.96675e-29
v -70.0278 -15.2962 5.02462e-29
v -70.69 -12.1011 5.07213e-29
v -71.2064 -8.87739 5.10918e-29
v -71.5757 -5.63176 5.13568e-29
v -71.797 -2.37089 5.15156e-29
v -71.8698 0.898448 5.15678e-29
v -71.7936 4.1695 5.15131e-29
v -71.5685 7.43547 5.13516e-29
v -71.1947 10.6896 5.10834e-29
v -70.673 13.9251 5.07091e-29
v -70.0042 17.1352 5.02292e-29
v -69.1896 20.3133 4.96447e-29
v -68.2306 23.4527 4.89566e-29
v -67.1291 26.5469 4.81663e-29
v -65.8873 29.5894 4.72753e-29
v -64.5076 32.5738 4.62853e-29
v -62.9926 35.4939 4.51983e-29
v -61.3454 38.3436 4.40164e-29
v -59.5693 41.1168 4.2742e-29
v -57.6678 43.8077 4.13776e-29
v -55.6447 46.4107 3.9926e-29
v -53.5041 48.9203 3.83901e-29
v -51.2502 51.3311 3.67729e-29
v -48.8878 53.6381 3.50778e-29
v -46.4214 55.8363 3.33082e-29
v -43.8563 57.9211 3.14676e-29
v -41.1974 59.8881 2.95599e-29
v -38.4504 61.7329 2.75888e-29
v -35.6208 63.4517 2.55585e-29
v -32.7143 65.0408 2.34731e-29
v -29.737 66.4968 2.13368e-29
v -26.6948 67.8164 1.9154e-29
v -23.5942 68.9968 1.69292e-29
v -20.4414 70.0354 1.4667e-29
v -17.2428 70.9299 1.2372e-29
v -14.0053 71.6783 1.0049e-29
v -10.7353 72.2788 7.70274e-30
v -7.43961 72.7302 5.33805e-30
v -4.1251 73.0312 2.95983e-30
v -0.798603 73.1812 5.73012e-31
v 2.533 73.1796 -1.81747e-30
v 5.8628 73.0263 -4.20666e-30
v 9.1839 72.7214 -6.5896e-30
v 12.4894 72.2655 -8.96134e-30
v 15.7724 71.6593 -1.13169e-29
v 19.026 70.9039 -1.36515e-29
v 22.2436 70.0007 -1.59602e-29
v 25.4184 68.9515 -1.82381e-29
v 28.5437 67.7583 -2.04806e-29
v 31.613 66.4234 -2.26829e-29
v 34.62 64.9494 -2.48404e-29
v 37.5582 63.3392 -2.69486e-29
v 40.4216 61.5962 -2.90032e-29
v 43.204 59.7236 -3.09996e-29
v 45.8998 57.7254 -3.29339e-29
v 48.5031 55.6054 -3.48018e-29
v 51.0085 53.368 -3.65994e-29
v 53.4107 51.0178 -3.83231e-29
v 55.7045 48.5594 -3.9969e-29
v 57.8853 45.9978 -4.15337e-29
v 59.9482 43.3383 -4.30138e-29
v 61.8889 40.5863 -4.44063e-29
v 63.7032 37.7475 -4.57081e-29
v 65.3896 34.8284 -4.69182e-29
v 66.9635 31.8375 -4.80475e-29
v 68.4778 28.7931 -4.9134e-29
v 70.007 25.7 -5.02312e-29
v 71.6295 22.5459 -5.13954e-29
v 73.3736 19.2628 -5.26468e-29
v 64.8441 -25.0427 -4.65267e-29
v 69.0352 -12.1084 -4.95339e-29
v 70.9262 3.6885 -5.08907e-29
v 71.786 8.18157 -5.15077e-29
v 68.143 -15.4276 -4.88938e-29
v 70.3375 -0.619321 -5.04684e-29
v 56.3737 -31.6154 -4.04491e-29
v 57.7879 -28.9327 -4.14638e-29
v 59.0739 -26.1129 -4.23865e-29
v 60.3138 -23.2455 -4.32762e-29
v 61.4883 -20.2425 -4.41189e-29
v 62.652 -17.2271 -4.49539e-29
v 49.7698 -41.6322 -3.57107e-29
v 51.5877 -39.2533 -3.7015e-29
v 47.8201 -43.8998 -3.43117e-29
v 45.7748 -46.0805 -3.28442e-29
v 43.6475 -48.18 -3.13178e-29
v 41.4333 -50.1802 -2.97291e-29
v 39.1091 -52.0406 -2.80615e-29
v 36.7 -53.7787 -2.63329e-29
v 34.2167 -55.4066 -2.45511e-29
v 31.6656 -56.9261 -2.27206e-29
v 29.0514 -58.3347 -2.08449e-29
v 26.3782 -59.6286 -1.89268e-29
v 23.65 -60.8039 -1.69693e-29
v 20.8714 -61.8569 -1.49756e-29
v 18.047 -62.7844 -1.2949e-29
v 15.182 -63.5838 -1.08934e-29
v 12.2822 -64.2529 -8.81265e-30
v 9.35299 -64.7901 -6.71093e-30
v 6.4005 -65.1937 -4.59247e-30
v 3.43071 -65.4629 -2.46159e-30
v 0.4497 -65.5967 -3.22668e-31
v -2.53636 -65.5948 1.81988e-30
v -5.52131 -65.4568 3.96163e-30
v -8.49893 -65.183 6.09813e-30
v -11.4631 -64.7736 8.22494e-30
v -14.4075 -64.2294 1.03376e-29
v -17.3262 -63.5512 1.24318e-29
v -20.2129 -62.7404 1.45031e-29
v -23.0617 -61.7984 1.65472e-29
v -25.8666 -60.727 1.85597e-29
v -28.6217 -59.5281 2.05366e-29
v -31.3213 -58.2043 2.24736e-29
v -33.9596 -56.7579 2.43666e-29
v -36.5311 -55.1919 2.62117e-29
v -39.0303 -53.5094 2.80049e-29
v -41.452 -51.7136 2.97425e-29
v -43.7911 -49.8082 3.14209e-29
v -46.0425 -47.7969 3.30363e-29
v -48.2016 -45.6838 3.45855e-29
v -50.2636 -43.4732 3.6065e-29
v -52.2242 -41.1694 3.74717e-29
v -54.0791 -38.7772 3.88027e-29
v -55.8245 -36.3014 4.0055e-29
v -57.4564 -33.747 4.12259e-29
v -58.9714 -31.1192 4.2313e-29
v -60.3661 -28.4234 4.33137e-29
v -61.6376 -25.6651 4.4226e-29
v -62.783 -22.8499 4.50478e-29
v -63.7997 -19.9835 4.57774e-29
v -64.6855 -17.072 4.64129e-29
v -65.4383 -14.1211 4.69531e-29
v -66.0565 -11.1371 4.73967e-29
v -66.5386 -8.1261 4.77426e-29
v -66.8833 -5.09425 4.79899e-29
v -67.0899 -2.04784 4.81381e-29
v -67.1576 1.00681 4.81867e-29
v -67.0862 4.06339 4.81355e-29
v -66.8756 7.11554 4.79843e-29
v -66.526 10.1569 4.77336e-29
v -66.0381 13.1812 4.73835e-29
v -65.4127 16.1822 4.69347e-29
v -64.6508 19.1535 4.6388e-29
v -63.7538 22.0889 4.57445e-29
v -62.7236 24.9823 4.50053e-29
v -61.562 27.8277 4.41718e-29
v -60.2712 30.6191 4.32456e-29
v -58.8538 33.3506 4.22286e-29
v -57.3126 36.0165 4.11228e-29
v -55.6506 38.6111 3.99302e-29
v -53.8711 41.129 3.86534e-29
v -51.9775 43.5649 3.72948e-29
v -49.9739 45.9136 3.58571e-29
v -47.864 48.1701 3.43432e-29
v -45.6522 50.3296 3.27562e-29
v -43.343 52.3875 3.10993e-29
v -40.9409 54.3394 2.93758e-29
v -38.451 56.1811 2.75892e-29
v -35.8781 57.9087 2.57432e-29
v -33.2276 59.5185 2.38414e-29
v -30.5049 61.0068 2.18878e-29
v -27.7155 62.3706 1.98864e-29
v -24.8652 63.6068 1.78412e-29
v -21.9597 64.7126 1.57564e-29
v -19.005 65.6857 1.36364e-29
v -16.0072 66.5238 1.14854e-29
v -12.9725 67.2251 9.30798e-30
v -9.90709 67.7879 7.10851e-30
v -6.81733 68.2108 4.89155e-30
v -3.70959 68.4929 2.66169e-30
v -0.590296 68.6332 4.23547e-31
v 2.5341 68.6315 -1.81826e-30
v 5.65711 68.4875 -4.05907e-30
v 8.77225 68.2013 -6.29424e-30
v 11.8731 67.7734 -8.51912e-30
v 14.9531 67.2045 -1.07291e-29
v 18.0059 66.4955 -1.29195e-29
v 21.0251 65.6478 -1.50859e-29
v 24.0045 64.6629 -1.72236e-29
v 26.9377 63.5428 -1.93283e-29
v 29.8187 62.2896 -2.13954e-29
v 32.6413 60.9057 -2.34207e-29
v 35.3998 59.3938 -2.53999e-29
v 38.0882 57.757 -2.73289e-29
v 40.7009 55.9984 -2.92036e-29
v 43.2324 54.1216 -3.102e-29
v 45.6773 52.1304 -3.27743e-29
v 48.0305 50.0286 -3.44627e-29
v 50.287 47.8206 -3.60818e-29
v 52.4419 45.5108 -3.7628e-29
v 54.4907 43.1039 -3.9098e-29
v 56.429 40.6047 -4.04888e-29
v 58.2527 38.0183 -4.17973e-29
v 59.9586 35.3501 -4.30213e-29
v 61.5428 32.601 -4.4158e-29
v 63.0245 29.78 -4.52212e-29
v 64.4561 26.8889 -4.62483e-29
v 65.9326 23.9124 -4.73078e-29
v 67.6278 20.8658 -4.85241e-29
v 69.7354 17.9638 -5.00364e-29
v 69.4246 14.3388 -4.98133e-29
v 65.2381 -11.3443 -4.68095e-29
v 64.9707 -7.9646 -4.66176e-29
v 65.8905 4.66801 -4.72776e-29
v 66.3859 10.0506 -4.7633e-29
v 63.7946 -14.1731 -4.57737e-29
v 65.4285 0.0936732 -4.6946e-29
v 53.255 -36.7593 -3.82113e-29
v 54.8607 -34.2215 -3.93635e-29
v 65.1042 -4.07751 -4.67134e-29
v 53.4397 -26.7575 -3.83439e-29
v 54.6516 -24.1431 -3.92134e-29
v 64.211 13.1813 -4.60725e-29
v 66.0478 15.726 -4.73904e-29
v 47.8092 -36.5301 -3.43039e-29
v 49.2935 -34.1529 -3.5369e-29
v 52.1192 -29.2733 -3.73964e-29
v 55.8034 -21.3622 -4.00399e-29
v 56.964 -18.506 -4.08726e-29
v 42.4258 -42.8976 -3.04412e-29
v 44.3538 -40.8747 -3.18246e-29
v 40.4704 -44.8988 -2.90382e-29
v 38.4767 -46.826 -2.76077e-29
v 36.2389 -48.4416 -2.6002e-29
v 33.9387 -49.9537 -2.43516e-29
v 31.5825 -51.394 -2.2661e-29
v 29.1778 -52.7568 -2.09355e-29
v 26.7289 -54.033 -1.91784e-29
v 24.2369 -55.2136 -1.73904e-29
v 21.702 -56.291 -1.55715e-29
v 19.1254 -57.2593 -1.37228e-29
v 16.5095 -58.1139 -1.18458e-29
v 13.8578 -58.8515 -9.94318e-30
v 11.1745 -59.4693 -8.01786e-30
v 8.46438 -59.9655 -6.07334e-30
v 5.7327 -60.3385 -4.11331e-30
v 2.98482 -60.5872 -2.14166e-30
v 0.226313 -60.7107 -1.62383e-31
v -2.53719 -60.7086 1.82048e-30
v -5.3 -60.5807 3.80284e-30
v -8.05639 -60.3269 5.7806e-30
v -10.8006 -59.9477 7.74965e-30
v -13.5271 -59.4435 9.70589e-30
v -16.2299 -58.8152 1.16452e-29
v -18.9036 -58.064 1.35637e-29
v -21.5425 -57.1911 1.54571e-29
v -24.141 -56.1982 1.73216e-29
v -26.6938 -55.0872 1.91532e-29
v -29.1954 -53.8601 2.09482e-29
v -31.6405 -52.5193 2.27026e-29
v -34.0241 -51.0675 2.44128e-29
v -36.3409 -49.5074 2.60752e-29
v -38.5862 -47.8421 2.76863e-29
v -40.7552 -46.075 2.92425e-29
v -42.8431 -44.2094 3.07407e-29
v -44.8456 -42.2492 3.21775e-29
v -46.7584 -40.1982 3.35499e-29
v -48.5772 -38.0605 3.4855e-29
v -50.2983 -35.8405 3.60899e-29
v -51.9179 -33.5426 3.7252e-29
v -53.4324 -31.1715 3.83387e-29
v -54.8386 -28.732 3.93476e-29
v -56.1333 -26.229 4.02766e-29
v -57.3136 -23.6677 4.11235e-29
v -58.3771 -21.0531 4.18865e-29
v -59.3212 -18.3908 4.25639e-29
v -60.1437 -15.6861 4.31541e-29
v -60.8429 -12.9447 4.36558e-29
v -61.4171 -10.172 4.40678e-29
v -61.8648 -7.37394 4.4389e-29
v -62.185 -4.55615 4.46188e-29
v -62.3767 -1.72448 4.47564e-29
v -62.4394 1.11523 4.48014e-29
v -62.3728 3.95706 4.47535e-29
v -62.1767 6.79513 4.46128e-29
v -61.8513 9.62353 4.43794e-29
v -61.3973 12.4364 4.40536e-29
v -60.8152 15.2278 4.36359e-29
v -60.1061 17.992 4.31272e-29
v -59.2714 20.7232 4.25282e-29
v -58.3124 23.4156 4.18401e-29
v -57.2311 26.0637 4.10643e-29
v -56.0294 28.6618 4.02021e-29
v -54.7098 31.2044 3.92552e-29
v -53.2746 33.6863 3.82254e-29
v -51.7268 36.1021 3.71149e-29
v -50.0694 38.4468 3.59257e-29
v -48.3057 40.7153 3.46602e-29
v -46.4391 42.9029 3.33209e-29
v -44.4734 45.0049 3.19104e-29
v -42.4125 47.0167 3.04317e-29
v -40.2606 48.9341 2.88876e-29
v -38.0219 50.753 2.72813e-29
v -35.701 52.4694 2.5616e-29
v -33.3025 54.0796 2.38951e-29
v -30.8314 55.5801 2.21221e-29
v -28.2927 56.9676 2.03005e-29
v -25.6915 58.2391 1.84341e-29
v -23.0332 59.3917 1.65267e-29
v -20.3231 60.4229 1.45822e-29
v -17.5668 61.3304 1.26045e-29
v -14.77 62.1121 1.05978e-29
v -11.9385 62.7662 8.56605e-30
v -9.07792 63.2911 6.51356e-30
v -6.19432 63.6856 4.44453e-30
v -3.29361 63.9486 2.36322e-30
v -0.381788 64.0794 2.73939e-31
v 2.53512 64.0776 -1.81899e-30
v 5.45107 63.9428 -3.91123e-30
v 8.36 63.6754 -5.99844e-30
v 11.2559 63.2755 -8.07628e-30
v 14.1327 62.7439 -1.01404e-29
v 16.9843 62.0813 -1.21865e-29
v 19.805 61.2891 -1.42104e-29
v 22.5886 60.3687 -1.62077e-29
v 25.3295 59.3218 -1.81744e-29
v 28.0219 58.1503 -2.01062e-29
v 30.66 56.8567 -2.19991e-29
v 33.2385 55.4432 -2.38492e-29
v 35.7517 53.9128 -2.56524e-29
v 38.1944 52.2683 -2.74051e-29
v 40.5615 50.5132 -2.91035e-29
v 42.8478 48.6508 -3.0744e-29
v 45.0486 46.6848 -3.23232e-29
v 47.1592 44.6193 -3.38375e-29
v 49.175 42.4583 -3.52839e-29
v 51.0917 40.2061 -3.66592e-29
v 52.9053 37.8675 -3.79604e-29
v 54.6126 35.447 -3.91854e-29
v 56.2033 32.9434 -4.03268e-29
v 57.6693 30.3591 -4.13787e-29
v 59.0215 27.6921 -4.23489e-29
v 60.2906 24.9087 -4.32595e-29
v 61.5113 21.9006 -4.41354e-29
v 62.6751 18.3515 -4.49705e-29
v 60.9369 5.06777 -4.37232e-29
v 61.2986 9.43826 -4.39828e-29
v 60.1145 -3.64445 -4.31331e-29
v 60.4792 0.621405 -4.33949e-29
v 58.2745 -15.3991 -4.18129e-29
v 60.0326 -12.1135 -4.30744e-29
v 50.7287 -31.7329 -3.63987e-29
v 59.9316 -7.74153 -4.3002e-29
v 26.086 26.6101 -1.87172e-29
v 25.1194 24.4813 -1.80236e-29
v 28.7822 26.4699 -2.06517e-29
v 46.2398 -38.8304 -3.31778e-29
v 49.4076 -24.7794 -3.54508e-29
v 50.4102 -22.2921 -3.61702e-29
v 46.7818 -29.4077 -3.35668e-29
v 48.103 -27.0933 -3.45147e-29
v 54.5051 -6.87609 -3.91083e-29
v 54.9826 -2.99036 -3.94509e-29
v 51.337 -19.6326 -3.68352e-29
v 52.2005 -16.8615 -3.74547e-29
v 43.3818 -36.6007 -3.11272e-29
v 44.2926 -34.16 -3.17807e-29
v 36.1344 -44.0811 -2.5927e-29
v 37.5345 -41.9134 -2.69317e-29
v 33.6575 -44.9829 -2.41498e-29
v 31.4118 -46.1819 -2.25385e-29
v 29.097 -47.3991 -2.08776e-29
v 26.7764 -48.5898 -1.92125e-29
v 24.4551 -49.7275 -1.75469e-29
v 22.1222 -50.7925 -1.5873e-29
v 19.7681 -51.7711 -1.41839e-29
v 17.3867 -52.6544 -1.24752e-29
v 14.9755 -53.436 -1.07452e-29
v 12.535 -54.1117 -8.99406e-30
v 10.0673 -54.6783 -7.22346e-30
v 7.57589 -55.1335 -5.43583e-30
v 5.06496 -55.4758 -3.63419e-30
v 2.53912 -55.704 -1.82186e-30
v 0.00333891 -55.8173 -2.39573e-33
v -2.53733 -55.8151 1.82058e-30
v -5.07773 -55.6973 3.64336e-30
v -7.61266 -55.4638 5.46221e-30
v -10.1368 -55.1148 7.27335e-30
v -12.645 -54.6508 9.07298e-30
v -15.1318 -54.0725 1.08574e-29
v -17.5922 -53.381 1.26227e-29
v -20.0209 -52.5774 1.43654e-29
v -22.4129 -51.6632 1.60816e-29
v -24.763 -50.64 1.77679e-29
v -27.0664 -49.5099 1.94206e-29
v -29.3182 -48.2748 2.10363e-29
v -31.5135 -46.9373 2.26115e-29
v -33.6478 -45.4999 2.41428e-29
v -35.7164 -43.9653 2.56271e-29
v -37.7149 -42.3366 2.70611e-29
v -39.6391 -40.6169 2.84418e-29
v -41.4849 -38.8098 2.97661e-29
v -43.2481 -36.9186 3.10313e-29
v -44.9251 -34.9473 3.22346e-29
v -46.5122 -32.8998 3.33733e-29
v -48.0058 -30.7801 3.4445e-29
v -49.4027 -28.5925 3.54473e-29
v -50.6999 -26.3415 3.63781e-29
v -51.8944 -24.0316 3.72351e-29
v -52.9836 -21.6675 3.80166e-29
v -53.965 -19.254 3.87208e-29
v -54.8364 -16.7959 3.9346e-29
v -55.5956 -14.2984 3.98908e-29
v -56.241 -11.7666 4.03539e-29
v -56.7714 -9.20587 4.07344e-29
v -57.1855 -6.62122 4.10316e-29
v -57.4818 -4.01778 4.12441e-29
v -57.6589 -1.401 4.13712e-29
v -57.7164 1.22359 4.14125e-29
v -57.6542 3.85048 4.13678e-29
v -57.4722 6.4742 4.12373e-29
v -57.1707 9.08933 4.1021e-29
v -56.7503 11.6904 4.07193e-29
v -56.2115 14.2721 4.03327e-29
v -55.5552 16.8289 3.98618e-29
v -54.7826 19.3555 3.93074e-29
v -53.895 21.8466 3.86705e-29
v -52.894 24.297 3.79523e-29
v -51.7816 26.7015 3.71541e-29
v -50.5597 29.0551 3.62775e-29
v -49.2308 31.3527 3.5324e-29
v -47.7975 33.5894 3.42955e-29
v -46.2624 35.7606 3.3194e-29
v -44.6286 37.8615 3.20218e-29
v -42.8993 39.8878 3.0781e-29
v -41.078 41.835 2.94741e-29
v -39.1682 43.699 2.81038e-29
v -37.1737 45.4757 2.66728e-29
v -35.0986 47.1613 2.51838e-29
v -32.947 48.7521 2.364e-29
v -30.7233 50.2448 2.20445e-29
v -28.4318 51.6358 2.04003e-29
v -26.0774 52.9223 1.8711e-29
v -23.6647 54.1014 1.69798e-29
v -21.1986 55.1704 1.52104e-29
v -18.6842 56.1269 1.34062e-29
v -16.1266 56.9686 1.15711e-29
v -13.5311 57.6938 9.70881e-30
v -10.903 58.3006 7.82307e-30
v -8.24761 58.7876 5.9178e-30
v -5.57048 59.1536 3.99691e-30
v -2.87711 59.3975 2.06437e-30
v -0.173068 59.5187 1.2418e-31
v 2.53605 59.5168 -1.81966e-30
v 5.24463 59.3914 -3.76311e-30
v 7.94706 59.1427 -5.70215e-30
v 10.6377 58.7709 -7.63273e-30
v 13.3109 58.2766 -9.55083e-30
v 15.9612 57.6606 -1.14524e-29
v 18.583 56.924 -1.33336e-29
v 21.1707 56.0681 -1.51903e-29
v 23.719 55.0945 -1.70187e-29
v 26.2224 54.005 -1.8815e-29
v 28.6758 52.8016 -2.05754e-29
v 31.0739 51.4867 -2.22961e-29
v 33.4117 50.0628 -2.39734e-29
v 35.6842 48.5327 -2.5604e-29
v 37.8865 46.8993 -2.71842e-29
v 40.0141 45.166 -2.87108e-29
v 42.0623 43.3361 -3.01804e-29
v 44.0267 41.4132 -3.15899e-29
v 45.9031 39.4011 -3.29363e-29
v 47.688 37.3046 -3.4217e-29
v 49.3792 35.1274 -3.54304e-29
v 50.9636 32.8652 -3.65672e-29
v 52.4271 30.5222 -3.76173e-29
v 53.7844 28.1079 -3.85912e-29
v 55.0557 25.6292 -3.95034e-29
v 56.2532 23.0743 -4.03626e-29
v 57.3792 20.4114 -4.11706e-29
v 58.4007 17.6547 -4.19035e-29
v 61.1221 15.0175 -4.38561e-29
v 56.2992 5.82957 -4.03957e-29
v 57.5494 10.4723 -4.12927e-29
v 45.5024 -31.781 -3.26488e-29
v 53.1026 -13.8164 -3.8102e-29
v 55.5561 1.33219 -3.98625e-29
v 61.6597 12.452 -4.42419e-29
v 39.3358 -39.9205 -2.82241e-29
v 41.1905 -38.0784 -2.95549e-29
v 53.96 -10.4682 -3.87172e-29
v -31.002 6.93149 2.22444e-29
v -29.1562 5.44312 2.092e-29
v -27.4174 6.88157 1.96724e-29
v -29.9747 8.2747 2.15074e-29
v 40.4195 -32.1203 -2.90016e-29
v 41.6623 -29.5121 -2.98934e-29
v 48.8182 -9.33532 -3.50279e-29
v 49.3652 -6.0074 -3.54204e-29
v 34.1216 -38.8399 -2.44828e-29
v 36.2857 -36.7145 -2.60356e-29
v 49.9327 -2.10462 -3.58276e-29
v 50.5012 2.05291 -3.62355e-29
v 29.259 -42.2786 -2.09939e-29
v 32.2086 -41.4428 -2.31102e-29
v 26.7377 -43.3043 -1.91848e-29
v 24.4245 -44.359 -1.7525e-29
v 22.2059 -45.3858 -1.59331e-29
v 20.0226 -46.351 -1.43666e-29
v 17.8432 -47.2379 -1.28028e-29
v 15.6539 -48.0395 -1.12319e-29
v 13.4454 -48.749 -9.6473e-30
v 11.2149 -49.3627 -8.04689e-30
v 8.96226 -49.8778 -6.43057e-30
v 6.68936 -50.2919 -4.79973e-30
v 4.39923 -50.6033 -3.15652e-30
v 2.09576 -50.8109 -1.50374e-30
v -0.216951 -50.9142 1.55666e-31
v -2.53461 -50.9123 1.81862e-30
v -4.85258 -50.8049 3.48181e-30
v -7.16606 -50.5919 5.14177e-30
v -9.47018 -50.2734 6.79502e-30
v -11.7601 -49.8498 8.43806e-30
v -14.0309 -49.3218 1.00674e-29
v -16.278 -48.6901 1.16797e-29
v -18.4964 -47.956 1.32715e-29
v -20.6816 -47.1206 1.48394e-29
v -22.8289 -46.1856 1.63801e-29
v -24.9338 -45.1525 1.78904e-29
v -26.9919 -44.0235 1.93671e-29
v -28.9988 -42.8004 2.08071e-29
v -30.9501 -41.4859 2.22072e-29
v -32.8418 -40.0822 2.35645e-29
v -34.6697 -38.5921 2.48761e-29
v -36.4299 -37.0186 2.61391e-29
v -38.1187 -35.3648 2.73508e-29
v -39.7322 -33.6338 2.85085e-29
v -41.2671 -31.8291 2.96098e-29
v -42.7198 -29.9542 3.06522e-29
v -44.0873 -28.013 3.16334e-29
v -45.3665 -26.0093 3.25512e-29
v -46.5545 -23.9471 3.34036e-29
v -47.6487 -21.8306 3.41887e-29
v -48.6467 -19.6643 3.49048e-29
v -49.5463 -17.4522 3.55503e-29
v -50.3452 -15.1988 3.61235e-29
v -51.0408 -12.9087 3.66227e-29
v -51.6347 -10.5879 3.70487e-29
v -52.1276 -8.24087 3.74025e-29
v -52.5157 -5.87072 3.76809e-29
v -52.791 -3.48135 3.78785e-29
v -52.9522 -1.07892 3.79941e-29
v -53.0008 1.33094 3.8029e-29
v -52.9387 3.74299 3.79844e-29
v -52.7671 6.15224 3.78613e-29
v -52.4867 8.55378 3.76601e-29
v -52.0979 10.9427 3.73811e-29
v -51.6011 13.3142 3.70247e-29
v -50.9969 15.6632 3.65911e-29
v -50.286 17.9848 3.6081e-29
v -49.4696 20.2742 3.54952e-29
v -48.5489 22.5266 3.48347e-29
v -47.5257 24.7371 3.41005e-29
v -46.4019 26.9011 3.32941e-29
v -45.1794 29.0141 3.2417e-29
v -43.8606 31.0714 3.14707e-29
v -42.448 33.0687 3.04572e-29
v -40.9445 35.0017 2.93783e-29
v -39.3527 36.8663 2.82362e-29
v -37.676 38.6584 2.70332e-29
v -35.9176 40.3742 2.57715e-29
v -34.081 42.0099 2.44537e-29
v -32.1698 43.562 2.30824e-29
v -30.1878 45.027 2.16603e-29
v -28.1391 46.4017 2.01903e-29
v -26.0277 47.6832 1.86753e-29
v -23.8579 48.8685 1.71184e-29
v -21.634 49.9549 1.55228e-29
v -19.3606 50.94 1.38916e-29
v -17.0424 51.8215 1.22282e-29
v -14.6839 52.5975 1.0536e-29
v -12.2901 53.266 8.81836e-30
v -9.86582 53.8254 7.0789e-30
v -7.41606 54.2744 5.32115e-30
v -4.94584 54.6118 3.54872e-30
v -2.46027 54.8366 1.76529e-30
v 0.0355206 54.9482 -2.54867e-32
v 2.53643 54.9462 -1.81993e-30
v 5.03729 54.8303 -3.61434e-30
v 7.53287 54.6004 -5.40496e-30
v 10.018 54.2569 -7.18805e-30
v 12.4873 53.8001 -8.95988e-30
v 14.9359 53.2308 -1.07167e-29
v 17.3584 52.5499 -1.24549e-29
v 19.7498 51.7587 -1.41708e-29
v 22.1051 50.8585 -1.58608e-29
v 24.4193 49.851 -1.75212e-29
v 26.6875 48.7381 -1.91487e-29
v 28.905 47.5219 -2.07398e-29
v 31.067 46.2047 -2.22911e-29
v 33.1689 44.7891 -2.37993e-29
v 35.2064 43.2782 -2.52612e-29
v 37.175 41.6746 -2.66737e-29
v 39.0707 39.9812 -2.80339e-29
v 40.8882 38.2007 -2.9338e-29
v 42.6275 36.3399 -3.05859e-29
v 44.2887 34.4047 -3.17779e-29
v 45.8516 32.3802 -3.28993e-29
v 47.2909 30.2602 -3.39321e-29
v 48.6572 28.053 -3.49123e-29
v 49.9947 25.7877 -3.58721e-29
v 51.319 23.4909 -3.68222e-29
v 52.5885 21.151 -3.77331e-29
v 53.6591 18.5541 -3.85013e-29
v 54.114 15.1364 -3.88277e-29
v 57.7158 14.5152 -4.1412e-29
v 51.3312 6.67746 -3.6831e-29
v 52.5826 11.5436 -3.77289e-29
v 39.0431 -35.0718 -2.80141e-29
v 46.7009 -20.831 -3.35087e-29
v 47.0992 -18.2089 -3.37944e-29
v 47.635 -15.4259 -3.41789e-29
v 48.2344 -12.447 -3.4609e-29
v 46.2419 -23.2468 -3.31793e-29
v 43.0782 -27.2181 -3.09093e-29
v 44.4325 -25.0702 -3.18811e-29
v 14.6878 27.6584 -1.05388e-29
v 16.4534 29.4994 -1.18056e-29
v 14.4184 30.4003 -1.03455e-29
v 43.1152 -14.2531 -3.09359e-29
v 43.4871 -11.3587 -3.12027e-29
v 44.0232 -8.27544 -3.15874e-29
v 44.4901 -5.09079 -3.19224e-29
v 39.8196 -24.8387 -2.85712e-29
v 41.7944 -22.671 -2.99882e-29
v 21.9551 -40.1079 -1.57532e-29
v 24.0132 -39.0606 -1.72299e-29
v 19.9384 -41.0748 -1.43062e-29
v 17.9374 -41.9526 -1.28704e-29
v 15.9393 -42.7417 -1.14367e-29
v 13.9392 -43.4472 -1.00016e-29
v 11.9302 -44.073 -8.56014e-30
v 9.90727 -44.6169 -7.10863e-30
v 7.86816 -45.0754 -5.64554e-30
v 5.81281 -45.4446 -4.17079e-30
v 3.7435 -45.7229 -2.68603e-30
v 1.66253 -45.9099 -1.19289e-30
v -0.427703 -46.0035 3.06884e-31
v -2.5234 -46.0017 1.81059e-30
v -4.61999 -45.9039 3.31492e-30
v -6.71292 -45.7105 4.81663e-30
v -8.79767 -45.4218 6.31248e-30
v -10.8698 -45.0383 7.79927e-30
v -12.925 -44.5605 9.2739e-30
v -14.9589 -43.9888 1.07332e-29
v -16.9671 -43.3243 1.21742e-29
v -18.9454 -42.5679 1.35937e-29
v -20.8897 -41.7211 1.49887e-29
v -22.7959 -40.7853 1.63565e-29
v -24.66 -39.7623 1.7694e-29
v -26.478 -38.654 1.89984e-29
v -28.246 -37.4625 2.0267e-29
v -29.9604 -36.19 2.14971e-29
v -31.6173 -34.8389 2.26859e-29
v -33.2131 -33.4119 2.3831e-29
v -34.7445 -31.9116 2.49298e-29
v -36.2079 -30.341 2.59798e-29
v -37.6002 -28.7032 2.69788e-29
v -38.9182 -27.0014 2.79245e-29
v -40.1593 -25.2392 2.8815e-29
v -41.3206 -23.4201 2.96483e-29
v -42.4003 -21.548 3.04229e-29
v -43.3959 -19.6266 3.11373e-29
v -44.3063 -17.66 3.17905e-29
v -45.128 -15.651 3.23801e-29
v -45.8547 -13.6014 3.29015e-29
v -46.497 -11.5201 3.33624e-29
v -47.0703 -9.41489 3.37737e-29
v -47.573 -7.28885 3.41344e-29
v -47.9761 -5.1384 3.44237e-29
v -48.226 -2.96119 3.4603e-29
v -48.3438 -0.770561 3.46875e-29
v -48.3515 1.42728 3.4693e-29
v -48.2622 3.62678 3.4629e-29
v -48.081 5.823 3.44989e-29
v -47.8082 8.0117 3.43032e-29
v -47.4425 10.1887 3.40408e-29
v -46.9825 12.3497 3.37107e-29
v -46.4273 14.4904 3.33124e-29
v -45.7764 16.6065 3.28454e-29
v -45.0302 18.6936 3.231e-29
v -44.1894 20.7471 3.17066e-29
v -43.2554 22.7629 3.10365e-29
v -42.2295 24.7367 3.03004e-29
v -41.1136 26.6641 2.94997e-29
v -39.9097 28.5411 2.86359e-29
v -38.6202 30.3638 2.77106e-29
v -37.2472 32.1281 2.67255e-29
v -35.7937 33.8303 2.56826e-29
v -34.2623 35.4668 2.45838e-29
v -32.6559 37.0338 2.34311e-29
v -30.9776 38.5279 2.2227e-29
v -29.2309 39.9457 2.09737e-29
v -27.4192 41.2842 1.96737e-29
v -25.5463 42.5405 1.83299e-29
v -23.6157 43.7119 1.69447e-29
v -21.6314 44.7956 1.55209e-29
v -19.5972 45.7889 1.40613e-29
v -17.5174 46.6898 1.2569e-29
v -15.3961 47.4961 1.1047e-29
v -13.2377 48.206 9.49826e-30
v -11.0464 48.8174 7.92599e-30
v -8.82697 49.3292 6.3335e-30
v -6.58375 49.74 4.72395e-30
v -4.32146 50.0486 3.10072e-30
v -2.04473 50.2545 1.46713e-30
v 0.242028 50.357 -1.73659e-31
v 2.53419 50.3553 -1.81832e-30
v 4.82686 50.2491 -3.46336e-30
v 7.11512 50.0386 -5.10522e-30
v 9.39425 49.724 -6.74053e-30
v 11.6594 49.3053 -8.36585e-30
v 13.9058 48.783 -9.97767e-30
v 16.1286 48.158 -1.15725e-29
v 18.3231 47.4315 -1.31472e-29
v 20.4848 46.6048 -1.46982e-29
v 22.6091 45.6793 -1.62224e-29
v 24.6914 44.6567 -1.77165e-29
v 26.7278 43.5394 -1.91776e-29
v 28.7146 42.3306 -2.06032e-29
v 30.6475 41.033 -2.19901e-29
v 32.5217 39.6485 -2.33349e-29
v 34.3342 38.1792 -2.46353e-29
v 36.0749 36.6213 -2.58844e-29
v 37.7529 34.9869 -2.70883e-29
v 39.3826 33.2949 -2.82577e-29
v 40.9491 31.5347 -2.93817e-29
v 42.4125 29.6815 -3.04317e-29
v 43.7865 27.666 -3.14176e-29
v 45.1639 25.5366 -3.24059e-29
v 46.6345 23.3785 -3.34611e-29
v 48.2314 21.4657 -3.46069e-29
v 49.6017 19.4199 -3.55901e-29
v 50.9993 17.5609 -3.65928e-29
v 51.1967 15.3913 -3.67345e-29
v 46.3023 7.3163 -3.32227e-29
v 47.483 11.9522 -3.40698e-29
v 32.6205 -32.8526 -2.34058e-29
v 34.7533 -31.0869 -2.49361e-29
v 43.2959 -20.049 -3.10655e-29
v 42.9729 -17.159 -3.08338e-29
v 26.2772 -37.9443 -1.88543e-29
v 28.3532 -36.4092 -2.03439e-29
v 44.9802 -1.34209 -3.2274e-29
v 45.5704 2.83298 -3.26975e-29
v 37.3299 -29.7088 -2.67848e-29
v 38.4055 -27.2454 -2.75566e-29
v 18.6617 25.5369 -1.33901e-29
v 18.4375 29.0121 -1.32292e-29
v 30.5378 -34.6877 -2.19114e-29
v 48.7919 15.1036 -3.5009e-29
v 19.8211 -36.2787 -1.4222e-29
v 21.6883 -35.3602 -1.55618e-29
v 35.0958 -25.4529 -2.51819e-29
v 36.085 -22.5517 -2.58916e-29
v 16.0653 -37.8667 -1.15271e-29
v 17.9695 -37.1806 -1.28934e-29
v 14.1774 -38.4578 -1.01725e-29
v 12.3245 -39.0003 -8.84305e-30
v 10.4888 -39.5015 -7.52591e-30
v 8.65723 -39.9541 -6.21171e-30
v 6.81961 -40.3428 -4.89319e-30
v 4.9742 -40.6561 -3.56907e-30
v 3.12111 -40.8961 -2.23945e-30
v 1.25734 -41.061 -9.0216e-31
v -0.617061 -41.1412 4.42751e-31
v -2.49668 -41.1291 1.79141e-30
v -4.37564 -41.0286 3.1396e-30
v -6.24996 -40.8434 4.48445e-30
v -8.11622 -40.576 5.82352e-30
v -9.97139 -40.2277 7.15464e-30
v -11.812 -39.7973 8.47533e-30
v -13.6337 -39.2833 9.78241e-30
v -15.432 -38.6858 1.10728e-29
v -17.2033 -38.0061 1.23437e-29
v -18.944 -37.2456 1.35926e-29
v -20.6506 -36.4055 1.48172e-29
v -22.3197 -35.4876 1.60148e-29
v -23.9479 -34.4935 1.7183e-29
v -25.5319 -33.425 1.83196e-29
v -27.0682 -32.2838 1.94219e-29
v -28.5533 -31.0718 2.04875e-29
v -29.984 -29.7912 2.1514e-29
v -31.357 -28.4445 2.24991e-29
v -32.669 -27.0343 2.34406e-29
v -33.9177 -25.5639 2.43365e-29
v -35.1016 -24.0366 2.5186e-29
v -36.2177 -22.4562 2.59868e-29
v -37.2735 -20.8309 2.67444e-29
v -38.2659 -19.1592 2.74565e-29
v -39.1814 -17.4404 2.81133e-29
v -40.0299 -15.685 2.87221e-29
v -40.7924 -13.8827 2.92693e-29
v -41.4718 -12.0294 2.97567e-29
v -42.1366 -10.1493 3.02337e-29
v -42.8313 -8.26414 3.07322e-29
v -43.524 -6.38732 3.12292e-29
v -44.1131 -4.50604 3.16519e-29
v -44.1869 -2.5432 3.17048e-29
v -44.0816 -0.555197 3.16293e-29
v -43.9088 1.45185 3.15053e-29
v -43.6981 3.4578 3.13541e-29
v -43.4492 5.45531 3.11755e-29
v -43.1486 7.44002 3.09598e-29
v -42.7855 9.41002 3.06993e-29
v -42.351 11.363 3.03876e-29
v -41.8387 13.2967 3.002e-29
v -41.2444 15.2076 2.95936e-29
v -40.5657 17.0916 2.91066e-29
v -39.8034 18.9451 2.85596e-29
v -38.9581 20.7649 2.79531e-29
v -38.0302 22.5469 2.72873e-29
v -37.0212 24.287 2.65633e-29
v -35.9333 25.982 2.57827e-29
v -34.7677 27.6283 2.49464e-29
v -33.527 29.2223 2.40561e-29
v -32.2132 30.7611 2.31136e-29
v -30.8286 32.241 2.212e-29
v -29.3747 33.6578 2.10768e-29
v -27.855 35.0081 1.99864e-29
v -26.2732 36.2891 1.88515e-29
v -24.6336 37.4992 1.7675e-29
v -22.9389 38.6365 1.6459e-29
v -21.1915 39.6978 1.52053e-29
v -19.3941 40.679 1.39156e-29
v -17.5516 41.5784 1.25936e-29
v -15.6677 42.395 1.12419e-29
v -13.7456 43.1264 9.86268e-30
v -11.7886 43.7692 8.45851e-30
v -9.80198 44.323 7.03309e-30
v -7.7895 44.7869 5.5891e-30
v -5.75517 45.1596 4.12943e-30
v -3.70316 45.4403 2.65708e-30
v -1.63674 45.6286 1.17439e-30
v 0.440376 45.7231 -3.15977e-31
v 2.52345 45.7222 -1.81062e-30
v 4.60725 45.6273 -3.30578e-30
v 6.68775 45.4399 -4.79857e-30
v 8.76122 45.1585 -6.28632e-30
v 10.8227 44.7798 -7.76546e-30
v 12.8666 44.3041 -9.23204e-30
v 14.8886 43.7332 -1.06828e-29
v 16.8847 43.0692 -1.21151e-29
v 18.8513 42.3139 -1.35261e-29
v 20.784 41.4681 -1.49129e-29
v 22.6815 40.5356 -1.62743e-29
v 24.5453 39.5261 -1.76117e-29
v 26.3704 38.4393 -1.89212e-29
v 28.1488 37.2774 -2.01972e-29
v 29.8809 36.0518 -2.14401e-29
v 31.5465 34.7413 -2.26352e-29
v 33.1432 33.3247 -2.37808e-29
v 34.7235 31.8428 -2.49147e-29
v 36.3468 30.3423 -2.60795e-29
v 38.0052 28.8591 -2.72694e-29
v 39.6102 27.3291 -2.8421e-29
v 40.8651 25.3182 -2.93214e-29
v 42.1929 23.0451 -3.02741e-29
v 43.745 20.9327 -3.13878e-29
v 27.8229 22.1973 -1.99634e-29
v 31.1937 24.6085 -2.2382e-29
v -22.0795 -13.426 1.58424e-29
v -24.926 -15.0276 1.78848e-29
v -23.3278 -16.2944 1.67381e-29
v 46.7885 16.9418 -3.35715e-29
v 41.3229 8.22526 -2.96499e-29
v 42.6403 13.8592 -3.05951e-29
v 40.3459 -0.657808 -2.89488e-29
v 40.6793 3.45672 -2.91881e-29
v 38.1693 -16.3349 -2.73871e-29
v 38.6083 -13.2734 -2.77021e-29
v 40.1039 -4.21939 -2.87753e-29
v 24.1314 -34.8427 -1.73147e-29
v 27.5317 -31.0698 -1.97545e-29
v 29.7488 -29.2596 -2.13453e-29
v 32.7282 -27.845 -2.34831e-29
v -24.6992 -10.3688 1.77221e-29
v -26.8212 -14.0742 1.92447e-29
v 4.86008 -19.7095 -3.48719e-30
v 1.66392 -21.2978 -1.19389e-30
v 5.55927 -23.7474 -3.98887e-30
v 38.18 -20.004 -2.73948e-29
v 39.1532 -10.3289 -2.80931e-29
v 39.5697 -7.34417 -2.83919e-29
v 25.7136 -32.9876 -1.84499e-29
v -0.25888 -26.9993 1.85751e-31
v 3.2145 -27.5949 -2.30646e-30
v 18.3383 -32.9768 -1.31581e-29
v 20.6329 -32.0749 -1.48044e-29
v 10.9634 -34.9626 -7.86641e-30
v 12.7023 -34.6011 -9.11411e-30
v 7.56804 -35.7037 -5.4302e-30
v 9.25194 -35.32 -6.63842e-30
v 4.2399 -36.2829 -3.0422e-30
v 5.90099 -36.0551 -4.23406e-30
v 0.906731 -36.6015 -6.50595e-31
v 2.58026 -36.4569 -1.85138e-30
v -2.45575 -36.5824 1.76204e-30
v -0.77912 -36.6727 5.59032e-31
v -5.77208 -36.1597 4.14157e-30
v -4.11741 -36.4026 2.95431e-30
v -7.42253 -35.8701 5.32579e-30
v -9.06791 -35.5365 6.50638e-30
v -10.7034 -35.1439 7.67987e-30
v -12.3177 -34.6684 8.83815e-30
v -13.9058 -34.1155 9.97766e-30
v -15.4671 -33.4906 1.10979e-29
v -17.0003 -32.7969 1.2198e-29
v -18.5031 -32.0374 1.32763e-29
v -19.9737 -31.2143 1.43314e-29
v -21.4098 -30.3285 1.53619e-29
v -22.8084 -29.3792 1.63654e-29
v -24.165 -28.3656 1.73388e-29
v -25.4755 -27.2889 1.82791e-29
v -26.7372 -26.1515 1.91844e-29
v -27.9477 -24.9558 2.0053e-29
v -29.1065 -23.7061 2.08844e-29
v -30.2191 -22.4065 2.16827e-29
v -31.2766 -21.0546 2.24415e-29
v -32.3399 -19.6956 2.32044e-29
v -33.4222 -18.3389 2.3981e-29
v -34.481 -16.9498 2.47407e-29
v -35.3148 -15.409 2.5339e-29
v -36.2223 -13.8922 2.59901e-29
v -37.1007 -12.3591 2.66204e-29
v -37.7305 -10.6432 2.70722e-29
v -38.4736 -8.88456 2.76055e-29
v -39.4404 -7.1507 2.82991e-29
v -40.4556 -5.45959 2.90276e-29
v -41.7645 -4.14447 2.99667e-29
v -40.9752 -2.5508 2.94004e-29
v -40.2142 -0.676582 2.88544e-29
v -39.65 1.2446 2.84496e-29
v -39.2169 3.13506 2.81388e-29
v -38.8585 4.98457 2.78816e-29
v -38.5192 6.79741 2.76382e-29
v -38.1527 8.5783 2.73752e-29
v -37.7377 10.3338 2.70774e-29
v -37.2627 12.0676 2.67366e-29
v -36.7201 13.7785 2.63473e-29
v -36.1019 15.4612 2.59037e-29
v -35.4127 17.1147 2.54092e-29
v -34.6551 18.7384 2.48656e-29
v -33.8269 20.3287 2.42714e-29
v -32.9256 21.8804 2.36247e-29
v -31.9544 23.3909 2.29278e-29
v -30.9167 24.8602 2.21833e-29
v -29.8098 26.2834 2.1389e-29
v -28.6382 27.6589 2.05484e-29
v -27.3999 28.9821 1.96599e-29
v -26.0915 30.2416 1.87211e-29
v -24.723 31.4366 1.77392e-29
v -23.3055 32.5733 1.67221e-29
v -21.8428 33.6551 1.56725e-29
v -20.3327 34.6787 1.45891e-29
v -18.772 35.6339 1.34692e-29
v -17.163 36.5123 1.23147e-29
v -15.5152 37.3189 1.11324e-29
v -13.8309 38.0556 9.92394e-30
v -12.1092 38.7142 8.68857e-30
v -10.3541 39.2876 7.42925e-30
v -8.57372 39.7818 6.15179e-30
v -6.77137 40.1997 4.85857e-30
v -4.94929 40.5407 3.5512e-30
v -3.10691 40.7972 2.22926e-30
v -1.24908 40.9707 8.96239e-31
v 0.620816 41.0596 -4.45446e-31
v 2.49647 41.0615 -1.79126e-30
v 4.37327 40.991 -3.1379e-30
v 6.25019 40.8528 -4.48462e-30
v 8.1246 40.6289 -5.82954e-30
v 9.98503 40.2855 -7.16443e-30
v 11.8237 39.8372 -8.48373e-30
v 13.6398 39.2978 -9.7868e-30
v 15.4339 38.6781 -1.1074e-29
v 17.2034 37.9784 -1.23437e-29
v 18.9573 37.2033 -1.36022e-29
v 20.7133 36.3882 -1.48621e-29
v 22.4637 35.5284 -1.61181e-29
v 24.1915 34.5926 -1.73578e-29
v 25.9232 33.6864 -1.86003e-29
v 27.6063 32.7898 -1.9808e-29
v 29.2083 31.8221 -2.09575e-29
v 30.5821 30.483 -2.19432e-29
v 31.9985 28.9802 -2.29595e-29
v 33.7546 27.5225 -2.42195e-29
v 35.787 26.3158 -2.56778e-29
v 37.8036 25.7079 -2.71247e-29
v 38.2164 23.5368 -2.74209e-29
v 39.564 20.904 -2.83878e-29
v 41.9548 18.5569 -3.01033e-29
v 24.3009 -27.6107 -1.74363e-29
v 26.4697 -25.5411 -1.89925e-29
v 29.6283 -23.8434 -2.12588e-29
v 32.2961 -17.3663 -2.3173e-29
v 33.2735 -14.4721 -2.38743e-29
v 31.172 -20.4717 -2.23665e-29
v 35.9954 -0.264659 -2.58273e-29
v 35.848 3.84324 -2.57215e-29
v 36.2268 8.72678 -2.59933e-29
v 35.0556 -12.1761 -2.5153e-29
v 22.4988 -29.816 -1.61433e-29
v 35.3163 -9.3999 -2.53401e-29
v 35.5051 -6.5152 -2.54755e-29
v 22.6898 22.1355 -1.62803e-29
v 25.3944 20.6943 -1.82209e-29
v 37.0678 14.1699 -2.65968e-29
v 36.5402 -3.64999 -2.62182e-29
v 14.5997 -34.3246 -1.04755e-29
v 16.6828 -34.2271 -1.19702e-29
v 8.24341 -9.00333 -5.91479e-30
v 10.6871 -6.37668 -7.66814e-30
v 6.37702 -5.91961 -4.57562e-30
v 10.0719 -31.8069 -7.22675e-30
v 11.9844 -31.8698 -8.599e-30
v -35.1425 0.751974 2.52153e-29
v -35.8312 -1.33206 2.57095e-29
v -34.5165 4.48764 2.47662e-29
v -34.7163 2.68965 2.49095e-29
v -33.9759 7.7601 2.43783e-29
v -34.344 6.17705 2.46424e-29
v -33.0221 10.8669 2.36939e-29
v -33.5108 9.31328 2.40446e-29
v -31.9044 13.8969 2.28919e-29
v -32.5207 12.4088 2.33342e-29
v -30.6087 16.8164 2.19623e-29
v -31.2576 15.3595 2.24279e-29
v -29.0972 19.6147 2.08778e-29
v -29.9137 18.2496 2.14636e-29
v -27.3554 22.2637 1.9628e-29
v -28.2399 20.9438 2.02626e-29
v -25.3075 24.723 1.81586e-29
v -26.3446 23.5074 1.89027e-29
v -22.9862 26.9522 1.6493e-29
v -24.2195 25.9071 1.73779e-29
v -20.4482 28.9263 1.4672e-29
v -21.7188 27.9417 1.55836e-29
v -17.865 30.8647 1.28184e-29
v -19.1698 29.9086 1.37546e-29
v -15.06 32.5232 1.08058e-29
v -16.5104 31.7663 1.18465e-29
v -12.1092 33.9174 8.68855e-30
v -13.5947 33.2366 9.7544e-30
v -9.01028 35.0133 6.46503e-30
v -10.5931 34.5451 7.60073e-30
v -5.82408 35.8337 4.17887e-30
v -7.42043 35.4315 5.32428e-30
v -2.54881 36.4123 1.82882e-30
v -4.20838 36.1981 3.01959e-30
v 0.7917 36.7069 -5.68058e-31
v -0.882914 36.5815 6.33506e-31
v 4.17271 36.7001 -2.99399e-30
v 2.47722 36.7029 -1.77745e-30
v 5.87779 36.7392 -4.21742e-30
v 7.56935 36.7184 -5.43114e-30
v 9.20466 36.2861 -6.6045e-30
v 10.8125 35.7275 -7.75817e-30
v 12.413 35.1053 -8.90651e-30
v 14.0146 34.4492 -1.00557e-29
v 15.6441 33.7707 -1.12249e-29
v 17.3682 33.0874 -1.2462e-29
v 19.156 32.4718 -1.37448e-29
v 20.9477 31.8944 -1.50304e-29
v 22.7692 31.1498 -1.63373e-29
v 24.6526 30.7575 -1.76886e-29
v 26.3668 30.4 -1.89186e-29
v 27.9151 30.2435 -2.00295e-29
v 28.3951 28.7421 -2.0374e-29
v 34.4334 22.6628 -2.47066e-29
v 11.6287 -2.09388 -8.34382e-30
v 6.63049 -1.26792 -4.75749e-30
v 21.1233 -24.4017 -1.51563e-29
v 22.7031 -22.0176 -1.62898e-29
v 31.1935 8.84775 -2.23819e-29
v 31.5441 14.2349 -2.26334e-29
v 3.76974 -33.0984 -2.70485e-30
v 5.25548 -33.2371 -3.77089e-30
v 24.9011 -19.8703 -1.78669e-29
v 28.4759 -14.938 -2.04319e-29
v 30.2587 -12.0299 -2.17111e-29
v -2.28836 -33.18 1.64194e-30
v -0.89006 -33.7013 6.38633e-31
v 31.5674 -0.497623 -2.26501e-29
v 31.183 3.95608 -2.23743e-29
v 19.7991 -26.691 -1.42062e-29
v 0.646235 -33.3944 -4.63684e-31
v 2.23834 -33.0997 -1.60605e-30
v 31.851 -8.64323 -2.28536e-29
v 32.0989 -5.01531 -2.30315e-29
v 17.4422 -27.7131 -1.25151e-29
v -16.734 -2.92555 1.20069e-29
v -13.0947 -8.02177 9.39566e-30
v -12.7659 -0.818882 9.15975e-30
v -10.406 16.2589 7.46651e-30
v -8.13279 17.7143 5.83542e-30
v -12.8839 19.4502 9.24444e-30
v 6.73585 -32.6214 -4.83308e-30
v 8.36755 -32.0129 -6.00386e-30
v 15.6412 -29.2927 -1.12229e-29
v -5.16546 -32.1368 3.70631e-30
v -3.69783 -32.665 2.65325e-30
v -7.94038 -19.2766 5.69736e-30
v -6.22648 -20.6421 4.4676e-30
v -6.3414 -17.0048 4.55006e-30
v 27.5295 -17.9937 -1.97529e-29
v -37.1753 -3.69995 2.66739e-29
v -3.9286 -20.3097 2.81884e-30
v -3.52748 -16.1918 2.53102e-30
v -8.19876 -31.468 5.88275e-30
v -6.67625 -31.735 4.79032e-30
v -9.69944 -31.2118 6.95952e-30
v -11.0971 -30.6579 7.96238e-30
v -12.4474 -30.0075 8.93121e-30
v -13.7768 -29.302 9.88511e-30
v -15.0855 -28.5656 1.08241e-29
v -16.3736 -27.8114 1.17483e-29
v -17.6426 -27.0404 1.26589e-29
v -18.8905 -26.2416 1.35542e-29
v -20.1077 -25.3953 1.44276e-29
v -21.2781 -24.4881 1.52674e-29
v -22.3998 -23.5265 1.60722e-29
v -23.4799 -22.5189 1.68472e-29
v -24.5245 -21.4662 1.75968e-29
v -25.5489 -20.3738 1.83318e-29
v -26.5115 -19.1861 1.90225e-29
v -27.6381 -18.0228 1.98308e-29
v -29.0259 -17.0167 2.08266e-29
v -30.5374 -16.1807 2.19111e-29
v -32.0309 -15.5094 2.29827e-29
v -31.693 -13.5373 2.27403e-29
v -33.4738 -12.2724 2.4018e-29
v -35.0605 -11.4327 2.51565e-29
v -35.0395 -9.83104 2.51414e-29
v -35.5179 -7.94541 2.54847e-29
v -36.965 -6.1505 2.6523e-29
v 14.0923 -31.3667 -1.01115e-29
v -10.4673 23.1461 7.5105e-30
v -13.2427 23.0478 9.50188e-30
v -24.9464 20.503 1.78995e-29
v -25.4141 19.1249 1.8235e-29
v 10.9383 -27.0891 -7.84845e-30
v 13.2559 -25.3436 -9.51133e-30
v -26.2154 17.9783 1.881e-29
v -27.2412 16.899 1.9546e-29
v -27.5262 15.4578 1.97505e-29
v -27.8459 13.9639 1.99799e-29
v -28.5491 12.6448 2.04844e-29
v -29.5158 11.4129 2.11781e-29
v -29.6842 9.84146 2.12989e-29
v -32.1771 5.86725 2.30876e-29
v 10.0005 -29.533 -7.17556e-30
v 7.82113 -28.796 -5.61179e-30
v 29.7824 19.0867 -2.13694e-29
v 18.3831 -22.0938 -1.31902e-29
v 19.6924 -19.1457 -1.41296e-29
v 45.7487 19.5026 -3.28254e-29
v 22.4303 -16.6566 -1.60941e-29
v 24.0716 -12.7435 -1.72718e-29
v 26.0786 -9.08768 -1.87118e-29
v 15.9991 -24.254 -1.14796e-29
v 5.56767 -29.9931 -3.9949e-30
v 26.4925 3.97102 -1.90088e-29
v 26.191 8.7853 -1.87925e-29
v 0.32566 -30.6396 -2.33667e-31
v 2.37223 -30.4545 -1.70212e-30
v 26.5193 -4.19284 -1.90281e-29
v 27.3821 -0.367909 -1.96472e-29
v -31.6919 4.47867 2.27395e-29
v -30.9686 2.69457 2.22205e-29
v -22.7342 22.4506 1.63121e-29
v -23.5943 21.3449 1.69293e-29
v -4.15067 -28.9074 2.97817e-30
v -2.60685 -29.9496 1.87046e-30
v 8.74109 -22.7142 -6.27188e-30
v -31.0879 0.469306 2.23061e-29
v -31.4393 -1.78968 2.25582e-29
v -20.3934 24.1235 1.46326e-29
v -22.0144 23.6833 1.57957e-29
v -17.934 25.7886 1.2868e-29
v -19.0975 24.8372 1.37028e-29
v -15.8579 27.913 1.13783e-29
v -16.908 26.8551 1.21318e-29
v -13.2915 29.3211 9.53691e-30
v -14.9024 29.0777 1.06928e-29
v -10.6746 30.6735 7.65918e-30
v -11.9933 29.9544 8.60537e-30
v -7.83227 31.5527 5.61979e-30
v -9.49562 31.6196 6.81327e-30
v -4.9501 32.4155 3.55178e-30
v -6.40282 31.9092 4.59413e-30
v -1.96353 33.0022 1.40887e-30
v -3.59864 33.1827 2.58209e-30
v 1.00121 33.8145 -7.18384e-31
v -0.449697 33.2671 3.22665e-31
v 4.10159 33.3764 -2.94296e-30
v 2.49882 33.4476 -1.79294e-30
v 26.1151 13.6272 -1.8738e-29
v -16.8138 22.3063 1.20642e-29
v -19.1632 21.877 1.37499e-29
v -15.0803 18.4 1.08204e-29
v 25.6792 17.7947 -1.84252e-29
v -7.60741 -28.5909 5.45845e-30
v -5.88438 -28.466 4.22214e-30
v -9.91791 -28.0452 7.11627e-30
v -9.06379 -29.1555 6.50342e-30
v -10.957 -26.9146 7.86183e-30
v -12.0451 -25.8011 8.64258e-30
v -13.1388 -24.7877 9.42733e-30
v -14.2559 -23.929 1.02289e-29
v -15.403 -23.2102 1.10519e-29
v -16.5542 -22.5613 1.18779e-29
v -17.6786 -21.9013 1.26847e-29
v -18.566 -20.9827 1.33214e-29
v -19.4086 -19.9839 1.3926e-29
v -20.3424 -19.1047 1.4596e-29
v -21.338 -18.1971 1.53104e-29
v -22.3431 -17.2358 1.60315e-29
v -29.3386 -13.7482 2.1051e-29
v 26.2449 28.4952 -1.88311e-29
v 24.5071 28.6205 -1.75843e-29
v -32.5366 -10.1293 2.33456e-29
v -30.6859 -11.345 2.20177e-29
v -27.8002 3.1764 1.99471e-29
v 7.24405 34.5185 -5.19773e-30
v 5.8088 33.7261 -4.16791e-30
v 8.39851 33.4765 -6.02607e-30
v 9.82679 32.6426 -7.05089e-30
v 11.2781 31.756 -8.09224e-30
v 12.8661 31.0843 -9.23166e-30
v 20.4412 29.5268 -1.46669e-29
v 22.2278 27.8951 -1.59489e-29
v -22.0338 19.4281 1.58096e-29
v -23.6271 18.0106 1.69528e-29
v -19.4408 16.4979 1.39491e-29
v -33.29 -4.50384 2.38861e-29
v -20.4889 20.5051 1.47011e-29
v -24.741 14.4997 1.77521e-29
v -25.7813 12.9504 1.84985e-29
v 3.93086 30.753 -2.82046e-30
v 2.03881 31.7738 -1.46288e-30
v 0.425741 30.7969 -3.05476e-31
v -24.6391 16.5601 1.7679e-29
v -21.5816 14.8388 1.54852e-29
v -8.9057 27.7328 6.38999e-30
v -10.9463 27.6561 7.85413e-30
v -8.34358 24.8654 5.98666e-30
v -3.65694 29.6329 2.62392e-30
v -5.64694 29.4734 4.05178e-30
v -12.6245 27.0392 9.0583e-30
v -3.23227 26.7886 2.31921e-30
v -14.1093 25.9084 1.01237e-29
v -15.3832 25.265 1.10377e-29
v -15.8086 23.8998 1.13429e-29
v -7.47738 29.1293 5.36515e-30
v -5.65127 25.4829 4.05488e-30
v -22.4351 12.7299 1.60976e-29
v 15.6221 -16.3179 -1.12092e-29
v 18.1332 -13.8209 -1.30108e-29
v 4.09388 -31.4976 -2.93743e-30
v 19.2567 -10.2039 -1.3817e-29
v 20.489 -6.31316 -1.47012e-29
v -26.6627 8.88451 1.9131e-29
v 11.5885 -22.2043 -8.31496e-30
v 13.8893 -20.0404 -9.96584e-30
v -1.4607 -31.6738 1.04807e-30
v -26.6966 11.265 1.91552e-29
v -22.1236 9.6295 1.58741e-29
v -27.2449 0.177443 1.95487e-29
v 22.0901 -2.04623 -1.585e-29
v -27.7306 -3.14885 1.98972e-29
v 4.86766 14.4534 -3.49263e-30
v 0.305293 20.4923 -2.19053e-31
v -2.42055 19.2344 1.73678e-30
v 0.537811 13.4853 -3.85889e-31
v 21.5555 3.76542 -1.54665e-29
v 21.2972 8.98532 -1.52811e-29
v -31.3491 -7.60828 2.24935e-29
v -27.367 -6.61594 1.96363e-29
v 21.3485 13.9563 -1.53179e-29
v -7.65487 -25.8143 5.4925e-30
v -5.16987 -25.15 3.70947e-30
v -10.1046 -22.4436 7.25018e-30
v -9.13821 -24.4561 6.55682e-30
v -11.1033 -21.1664 7.96682e-30
v -12.3466 -20.4109 8.85889e-30
v -13.6821 -20.0883 9.81715e-30
v -14.982 -19.8681 1.07498e-29
v -16.2298 -19.8669 1.16451e-29
v -16.3909 -18.0712 1.17607e-29
v -17.2199 -15.6163 1.23556e-29
v -18.8572 -16.5188 1.35303e-29
v -20.049 -16.3208 1.43855e-29
v -20.5956 -15.1905 1.47777e-29
v 8.83162 30.7869 -6.33684e-30
v 6.68532 30.8148 -4.79683e-30
v 10.0259 29.2526 -7.19374e-30
v 12.2795 28.7264 -8.81076e-30
v 21.6834 18.4655 -1.55582e-29
v 2.55132 23.4164 -1.83062e-30
v 6.66173 20.2882 -4.77991e-30
v 14.4329 -8.3725 -1.03559e-29
v 15.5758 -4.34529 -1.11759e-29
v -2.73376 -25.7201 1.96152e-30
v -20.3594 -7.1785 1.46082e-29
v -16.3978 -12.4613 1.17657e-29
v 9.84986 -16.2082 -7.06744e-30
v 12.6874 -12.7556 -9.10342e-30
v 17.3393 20.6215 -1.24412e-29
v 16.2507 9.81091 -1.16602e-29
v 16.5557 15.2433 -1.1879e-29
v -1.84649 30.7551 1.32488e-30
v -17.1917 17.3753 1.23354e-29
v -24.0461 3.92836 1.72535e-29
v -22.8909 -0.339671 1.64246e-29
v 12.7684 24.1908 -9.16154e-30
v -24.2077 -3.79565 1.73694e-29
v -22.6929 6.76294 1.62825e-29
v 8.36031 -19.8759 -5.99866e-30
v -1.25194 -20.51 8.98291e-31
v 7.70444 26.8095 -5.52807e-30
v 2.7125 27.7019 -1.94627e-30
v 17.212 -0.760374 -1.23499e-29
v 16.5414 4.29427 -1.18687e-29
v -0.583766 27.7509 4.18862e-31
v -11.3508 -17.2163 8.14441e-30
v -9.41694 -17.7325 6.75681e-30
v -14.5272 -16.8145 1.04235e-29
v -13.1225 -17.9045 9.41559e-30
v -15.3664 9.33614 1.10256e-29
v -15.4695 6.50563 1.10997e-29
v -5.36249 18.6268 3.84768e-30
v 11.6393 17.6155 -8.35138e-30
v -28.7576 -10.7648 2.06341e-29
v 36.2948 18.8376 -2.60421e-29
v 10.9375 11.453 -7.84781e-30
v 11.3131 4.57595 -8.11737e-30
v 0.0873176 -16.2886 -6.26519e-32
v 5.06924 -13.5808 -3.63727e-30
v -11.7713 -14.3478 8.4461e-30
v -13.6685 14.1241 9.80741e-30
v -15.7355 12.5819 1.12905e-29
v -16.6106 4.00839 1.19184e-29
v -13.0654 16.2415 9.37467e-30
v -18.1824 1.47906 1.30461e-29
v -8.19162 -14.0865 5.87763e-30
v -14.3215 2.25189 1.02759e-29
v 3.13429 -7.32556 -2.24891e-30
v -4.32259 -11.2494 3.10153e-30
v -0.537373 -9.23983 3.85574e-31
v 6.13522 5.40714 -4.40212e-30
v -8.68256 11.5859 6.22988e-30
v -9.61563 8.66494 6.89938e-30
v -11.2664 6.56341 8.08385e-30
v -12.4191 4.15016 8.91091e-30
v -9.43537 0.920142 6.77004e-30
v -8.87316 -6.2534 6.36664e-30
v -4.97497 -4.66301 3.56963e-30
v -5.54051 1.24075 3.97541e-30
v -4.48842 6.79404 3.22052e-30
v -2.32391 2.75361 1.66744e-30
v 1.17753 5.83991 -8.449e-31
v -2.74566 8.9804 1.97006e-30
v -1.26171 -3.23933 9.05301e-31
v 2.51653 -1.78234 -1.80565e-30
v -5.4796 12.3158 3.93171e-30
v -3.14873 14.2138 2.25926e-30
v -6.61485 5.12752 4.74627e-30
v -9.04689 4.27034 6.49129e-30
v 114.987 -0.0764106 -8.25054e-29
v 114.807 -5.01377 -8.2376e-29
v 114.463 -9.98427 -8.21294e-29
v 113.916 -14.9446 -8.17367e-29
v 113.158 -19.8778 -8.11924e-29
v 112.188 -24.7699 -8.04967e-29
v 111.012 -29.5991 -7.96533e-29
v 109.649 -34.3167 -7.86754e-29
v 108.159 -38.7987 -7.76057e-29
v 107.712 -42.8258 -7.72855e-29
v 105.415 -46.5315 -7.56369e-29
v 103.174 -50.7648 -7.40292e-29
v 100.838 -55.1139 -7.23528e-29
v 98.3401 -59.4188 -7.05607e-29
v 95.6677 -63.625 -6.86432e-29
v 92.8308 -67.7033 -6.66077e-29
v 89.8718 -71.6127 -6.44846e-29
v 86.9211 -75.2588 -6.23674e-29
v 84.8803 -78.8759 -6.09031e-29
v 81.4535 -81.479 -5.84442e-29
v 77.8588 -84.6113 -5.5865e-29
v 74.115 -87.8224 -5.31788e-29
v 70.2297 -90.9362 -5.0391e-29
v 66.211 -93.8966 -4.75075e-29
v 62.0669 -96.6842 -4.45341e-29
v 57.8055 -99.2904 -4.14764e-29
v 6.41875 116.039 -4.60556e-30
v 8.73048 119.682 -6.26427e-30
v 3.74434 119.942 -2.68663e-30
v 53.4348 -101.709 -3.83404e-29
v 48.9624 -103.936 -3.51313e-29
v 44.398 -105.966 -3.18563e-29
v 39.7505 -107.795 -2.85217e-29
v 35.0296 -109.419 -2.51344e-29
v 30.2472 -110.835 -2.17029e-29
v 25.4232 -112.036 -1.82415e-29
v 20.6025 -113.01 -1.47827e-29
v 15.8992 -113.735 -1.14079e-29
v 12.2858 -115.31 -8.81527e-30
v 7.87032 -114.985 -5.64709e-30
v 3.05488 -114.954 -2.19193e-30
v -1.89016 -114.903 1.35622e-30
v -6.86532 -114.692 4.92599e-30
v -11.8326 -114.281 8.49011e-30
v -16.7634 -113.661 1.2028e-29
v -21.6056 -112.843 1.55024e-29
v -26.2295 -111.869 1.88201e-29
v -30.2752 -111.893 2.1723e-29
v -34.2214 -110.03 2.45544e-29
v -38.6833 -108.285 2.77559e-29
v -43.2705 -106.459 3.10473e-29
v -47.8319 -104.467 3.43202e-29
v -52.3152 -102.291 3.7537e-29
v -56.6901 -99.9373 4.06761e-29
v -60.9109 -97.4418 4.37046e-29
v -64.8693 -94.9221 4.65449e-29
v -68.6929 -93.3162 4.92884e-29
v -71.6709 -90.2051 5.14251e-29
v -75.1928 -86.9893 5.39521e-29
v -78.8096 -83.6352 5.65472e-29
v -82.3458 -80.1297 5.90845e-29
v -85.7446 -76.4743 6.15232e-29
v -88.9863 -72.6745 6.38492e-29
v -92.0618 -68.7367 6.60559e-29
v 12.7487 114.429 -9.14742e-30
v 13.7015 119.215 -9.83107e-30
v -94.9662 -64.6657 6.81399e-29
v -97.6999 -60.4607 7.01013e-29
v -100.28 -56.0944 7.19526e-29
v -102.788 -51.4362 7.37523e-29
v -105.8 -45.6494 7.59133e-29
v -107.6 -40.5034 7.72049e-29
v -109.237 -35.6666 7.83793e-29
v -110.677 -30.8524 7.94127e-29
v -109.648 38.7081 7.8674e-29
v -112.572 41.5633 8.07724e-29
v -114.204 36.8445 8.19431e-29
v -111.911 -26.0035 8.02984e-29
v -112.935 -21.1118 8.10331e-29
v -113.746 -16.182 8.16148e-29
v -114.342 -11.2227 8.20422e-29
v -114.724 -6.24912 8.23161e-29
v -114.899 -1.28588 8.24422e-29
v -114.897 3.60791 8.24406e-29
v -114.812 8.27232 8.23796e-29
v -114.884 12.3709 8.24312e-29
v -112.298 16.8914 8.0576e-29
v -112.497 19.9748 8.07186e-29
v -112.165 24.0442 8.04803e-29
v -111.308 28.6423 7.98653e-29
v -110.256 33.5036 7.91104e-29
v -106.151 44.6382 7.61653e-29
v -103.852 49.3435 7.45155e-29
v -101.713 53.62 7.29811e-29
v -100.548 57.6097 7.21447e-29
v -97.786 60.9273 7.01631e-29
v -94.9887 64.7949 6.8156e-29
v -92.0673 68.771 6.60598e-29
v -88.987 72.6837 6.38497e-29
v -85.7424 76.4768 6.15216e-29
v -82.3367 80.13 5.9078e-29
v -78.7755 83.6331 5.65228e-29
v -110.746 46.2102 7.94619e-29
v -75.0646 86.9793 5.38601e-29
v -71.2088 90.1639 5.10935e-29
v -67.2062 93.1882 4.82216e-29
v -63.0318 96.0707 4.52264e-29
v -58.5626 98.9014 4.20197e-29
v -53.0575 102.29 3.80697e-29
v -48.0089 104.467 3.44472e-29
v -43.292 106.445 3.10627e-29
v -110.746 -46.2102 7.94619e-29
v -108.728 -50.777 7.80139e-29
v -38.5897 108.223 2.76888e-29
v -33.8395 109.796 2.42804e-29
v -29.0322 111.163 2.08311e-29
v -24.1726 112.32 1.73442e-29
v -19.2743 113.266 1.38296e-29
v -14.3649 114.008 1.0307e-29
v -9.46803 114.534 6.79347e-30
v -4.37262 114.892 3.13743e-30
v 0.825073 115.186 -5.92004e-31
v -1.24829 119.993 8.95671e-31
v 17.9482 113.543 -1.28782e-29
v 22.9217 112.597 -1.64467e-29
v 27.8018 111.481 -1.99483e-29
v 32.6014 110.174 -2.33921e-29
v 37.2793 108.696 -2.67485e-29
v 41.7072 107.13 -2.99257e-29
v 45.7861 106.449 -3.28523e-29
v 49.3952 104.087 -3.54419e-29
v 53.5551 101.75 -3.84267e-29
v 57.8378 99.3005 -4.14996e-29
v 62.0757 96.686 -4.45404e-29
v 66.2137 93.8946 -4.75095e-29
v 70.231 90.9272 -5.03919e-29
v 74.1167 87.7882 -5.318e-29
v -106.521 -55.256 7.64308e-29
v 77.8626 84.4834 -5.58677e-29
v 81.462 81.0183 -5.84504e-29
v 84.9068 77.4005 -6.09221e-29
v 88.1897 73.6367 -6.32776e-29
v 91.3045 69.7352 -6.55125e-29
v 94.2438 65.7056 -6.76215e-29
v 96.9946 61.5646 -6.95953e-29
v 99.5297 57.3488 -7.14142e-29
v 101.788 53.1532 -7.30345e-29
v 104.49 50.3094 -7.49736e-29
v 105.669 46.0293 -7.58191e-29
v 107.256 41.4779 -7.6958e-29
v 108.868 36.8011 -7.81144e-29
v 110.339 32.0432 -7.917e-29
v 111.619 27.2258 -8.00885e-29
v 112.69 22.3728 -8.08573e-29
v 113.543 17.5352 -8.14693e-29
v 114.171 12.8457 -8.19199e-29
v 115.569 9.06853 -8.29228e-29
v 115.136 4.71513 -8.26123e-29
v 119.896 -4.99182 -8.60275e-29
v 120 0 0
v 119.066 -14.9409 -8.5432e-29
v 119.585 -9.975 -8.5804e-29
v 117.412 -24.7866 -8.42452e-29
v 118.342 -19.881 -8.49122e-29
v 116.28 -29.6493 -8.34325e-29
v 114.946 -34.4607 -8.24753e-29
v 113.412 -39.2124 -8.13754e-29
v 111.683 -43.8963 -8.01345e-29
v 109.76 -48.5041 -7.8755e-29
v 107.648 -53.028 -7.72391e-29
v 105.349 -57.4601 -7.55895e-29
v 102.867 -61.7927 -7.3809e-29
v 100.208 -66.0183 -7.19007e-29
v 97.3747 -70.1297 -6.9868e-29
v 94.3731 -74.1196 -6.77143e-29
v 91.2082 -77.9812 -6.54434e-29
v 87.8853 -81.7078 -6.30592e-29
v 84.4103 -85.293 -6.05658e-29
v 80.7892 -88.7305 -5.79676e-29
v 77.0282 -92.0144 -5.5269e-29
v 73.1339 -95.139 -5.24748e-29
v 69.1129 -98.099 -4.95897e-29
v 64.9723 -100.889 -4.66188e-29
v 60.7193 -103.504 -4.35671e-29
v -6.23876 119.838 4.47642e-30
v 47.3597 -110.259 -3.39814e-29
v 51.9053 -108.193 -3.7243e-29
v 42.7321 -112.134 -3.0661e-29
v 38.0305 -113.814 -2.72875e-29
v 33.2631 -115.298 -2.38668e-29
v 28.4381 -116.582 -2.04048e-29
v 23.5639 -117.664 -1.69075e-29
v 18.6488 -118.542 -1.33808e-29
v 13.7015 -119.215 -9.83107e-30
v 8.73048 -119.682 -6.26427e-30
v 3.74434 -119.942 -2.68663e-30
v -1.24829 -119.993 8.95671e-31
v -11.2184 -119.475 8.04941e-30
v -6.23876 -119.838 4.47642e-30
v -21.1109 -118.128 1.51474e-29
v -16.1787 -118.904 1.16085e-29
v -26.0066 -117.148 1.86602e-29
v -30.8573 -115.965 2.21406e-29
v -35.6545 -114.581 2.55827e-29
v -40.39 -112.998 2.89806e-29
v -45.0556 -111.22 3.23282e-29
v -49.6433 -109.25 3.56199e-29
v -54.1449 -107.09 3.88499e-29
v -58.5528 -104.745 4.20127e-29
v -62.8594 -102.219 4.51027e-29
v -67.0572 -99.5155 4.81146e-29
v -71.1388 -96.6399 5.10433e-29
v -75.0973 -93.597 5.38836e-29
v -78.9258 -90.392 5.66306e-29
v -82.6176 -87.0306 5.92796e-29
v -86.1665 -83.5185 6.18259e-29
v -89.5661 -79.8618 6.42652e-29
v -92.8107 -76.0669 6.65933e-29
v -95.8947 -72.1402 6.88061e-29
v -104.131 -59.6393 7.47154e-29
v -101.559 -63.9193 7.28706e-29
v -119.351 12.4607 8.56366e-29
v -119.766 7.48503 8.59344e-29
v -112.572 -41.5633 8.07724e-29
v -114.204 -36.8445 8.19431e-29
v -115.637 -32.0619 8.29719e-29
v -115.203 15.4746 8.26604e-29
v -118.73 17.4147 8.51905e-29
v -118.73 -17.4147 8.51905e-29
v -117.902 -22.3386 8.4597e-29
v -119.351 -12.4607 8.56366e-29
v -119.766 -7.48503 8.59344e-29
v -119.974 -2.49645 8.60834e-29
v -119.974 2.49645 8.60834e-29
v 77.0282 92.0144 -5.5269e-29
v 80.7892 88.7305 -5.79676e-29
v -117.902 22.3386 8.4597e-29
v -116.871 27.2238 8.3857e-29
v -115.637 32.0619 8.29719e-29
v -108.728 50.777 7.80139e-29
v -106.521 55.256 7.64308e-29
v -104.131 59.6393 7.47154e-29
v -101.559 63.9193 7.28706e-29
v -98.8126 68.0887 7.08997e-29
v -95.8947 72.1402 6.88061e-29
v -92.8107 76.0669 6.65933e-29
v -89.5661 79.8618 6.42652e-29
v -86.1665 83.5185 6.18259e-29
v -82.6176 87.0306 5.92796e-29
v -45.0556 111.22 3.23282e-29
v -40.39 112.998 2.89806e-29
v -71.1388 96.6399 5.10433e-29
v -75.0973 93.597 5.38836e-29
v -67.0572 99.5155 4.81146e-29
v -62.8594 102.219 4.51027e-29
v -58.5528 104.745 4.20127e-29
v -49.6433 109.25 3.56199e-29
v -54.1449 107.09 3.88499e-29
v -30.8573 115.965 2.21406e-29
v -35.6545 114.581 2.55827e-29
v -26.0066 117.148 1.86602e-29
v -21.1109 118.128 1.51474e-29
v -16.1787 118.904 1.16085e-29
v -11.2184 119.475 8.04941e-30
v -78.9258 90.392 5.66306e-29
v 18.6488 118.542 -1.33808e-29
v 23.5639 117.664 -1.69075e-29
v 28.4381 116.582 -2.04048e-29
v 33.2631 115.298 -2.38668e-29
v 38.0305 113.814 -2.72875e-29
v 42.7321 112.134 -3.0661e-29
v 47.3597 110.259 -3.39814e-29
v 51.9053 108.193 -3.7243e-29
v 56.3611 105.941 -4.044e-29
v 60.7193 103.504 -4.35671e-29
v 64.9723 100.889 -4.66188e-29
v 69.1129 98.099 -4.95897e-29
v 73.1339 95.139 -5.24748e-29
v -116.871 -27.2238 8.3857e-29
v 87.8853 81.7078 -6.30592e-29
v 84.4103 85.293 -6.05658e-29
v 91.2082 77.9812 -6.54434e-29
v 94.3731 74.1196 -6.77143e-29
v 97.3747 70.1297 -6.9868e-29
v 100.208 66.0183 -7.19007e-29
v 102.867 61.7927 -7.3809e-29
v 105.349 57.4601 -7.55895e-29
v 107.648 53.028 -7.72391e-29
v 109.76 48.5041 -7.8755e-29
v 111.683 43.8963 -8.01345e-29
v 113.412 39.2124 -8.13754e-29
v 114.946 34.4607 -8.24753e-29
v 116.28 29.6493 -8.34325e-29
v 117.412 24.7866 -8.42452e-29
v 118.342 19.881 -8.49122e-29
v 119.066 14.9409 -8.5432e-29
v 119.585 9.975 -8.5804e-29
v 119.896 4.99182 -8.60275e-29
v 56.3611 -105.941 -4.044e-29
v -98.8126 -68.0887 7.08997e-29
v 119.896 -4.99212 245
v 119.896 -4.99182 250
v 120 0 250
v 120 0 245
v 119.585 -9.97547 245
v 119.585 -9.975 250
v 119.066 -14.9414 245
v 119.066 -14.9409 250
v 118.342 -19.8814 245
v 118.342 -19.881 250
v 117.412 -24.7869 245
v 117.412 -24.7866 250
v 116.279 -29.6495 245
v 116.28 -29.6493 250
v 114.945 -34.4608 245
v 114.946 -34.4607 250
v 113.412 -39.2125 245
v 113.412 -39.2124 250
v 111.683 -43.8963 245
v 111.683 -43.8963 250
v 109.76 -48.5041 245
v 109.76 -48.5041 250
v 107.648 -53.028 245
v 107.648 -53.028 250
v 105.349 -57.4601 245
v 105.349 -57.4601 250
v 102.867 -61.7927 245
v 102.867 -61.7927 250
v 100.208 -66.0183 245
v 100.208 -66.0183 250
v 97.3747 -70.1297 245
v 97.3747 -70.1297 250
v 94.3731 -74.1196 245
v 94.3731 -74.1196 250
v 91.2082 -77.9812 245
v 91.2082 -77.9812 250
v 87.8853 -81.7078 245
v 87.8853 -81.7078 250
v 84.4103 -85.293 245
v 84.4103 -85.293 250
v 80.7892 -88.7305 245
v 80.7892 -88.7305 250
v 77.0282 -92.0144 245
v 77.0282 -92.0144 250
v 73.1339 -95.139 245
v 73.1339 -95.139 250
v 69.1129 -98.099 245
v 69.1129 -98.099 250
v 64.9723 -100.889 245
v 64.9723 -100.889 250
v 60.7193 -103.504 245
v 60.7193 -103.504 250
v 56.3611 -105.941 245
v 56.3611 -105.941 250
v 51.9053 -108.193 245
v 51.9053 -108.193 250
v 47.3597 -110.259 245
v 47.3597 -110.259 250
v 42.7321 -112.134 245
v 42.7321 -112.134 250
v 38.0305 -113.814 245
v 38.0305 -113.814 250
v 33.2631 -115.298 245
v 33.2631 -115.298 250
v 28.4381 -116.582 245
v 28.4381 -116.582 250
v 23.5639 -117.664 245
v 23.5639 -117.664 250
v 18.6488 -118.542 245
v 18.6488 -118.542 250
v 13.7015 -119.215 245
v 13.7015 -119.215 250
v 8.73048 -119.682 245
v 8.73048 -119.682 250
v 3.74434 -119.942 245
v 3.74434 -119.942 250
v -1.24829 -119.993 245
v -1.24829 -119.993 250
v -6.23876 -119.838 245
v -6.23876 -119.838 250
v -11.2184 -119.475 245
v -11.2184 -119.475 250
v -16.1787 -118.904 245
v -16.1787 -118.904 250
v -21.1109 -118.128 245
v -21.1109 -118.128 250
v -26.0066 -117.148 245
v -26.0066 -117.148 250
v -30.8573 -115.965 245
v -30.8573 -115.965 250
v -35.6545 -114.581 245
v -35.6545 -114.581 250
v -40.39 -112.998 245
v -40.39 -112.998 250
v -45.0556 -111.22 245
v -45.0556 -111.22 250
v -49.6433 -109.25 245
v -49.6433 -109.25 250
v -54.1449 -107.09 245
v -54.1449 -107.09 250
v -58.5528 -104.745 245
v -58.5528 -104.745 250
v -62.8594 -102.219 245
v -62.8594 -102.219 250
v -67.0572 -99.5155 245
v -67.0572 -99.5155 250
v -71.1388 -96.6399 245
v -71.1388 -96.6399 250
v -75.0973 -93.597 245
v -75.0973 -93.597 250
v -78.9258 -90.392 245
v -78.9258 -90.392 250
v -82.6176 -87.0306 245
v -82.6176 -87.0306 250
v -86.1665 -83.5185 245
v -86.1665 -83.5185 250
v -89.5661 -79.8618 245
v -89.5661 -79.8618 250
v -92.8107 -76.0669 245
v -92.8107 -76.0669 250
v -95.8947 -72.1402 245
v -95.8947 -72.1402 250
v -98.8126 -68.0887 245
v -98.8126 -68.0887 250
v -101.559 -63.9193 245
v -101.559 -63.9193 250
v -104.131 -59.6393 245
v -104.131 -59.6393 250
v -106.521 -55.256 245
v -106.521 -55.256 250
v -108.728 -50.777 245
v -108.728 -50.777 250
v -110.746 -46.2102 245
v -110.746 -46.2102 250
v -112.572 -41.5633 245
v -112.572 -41.5633 250
v -114.204 -36.8445 245
v -114.204 -36.8445 250
v -115.637 -32.0619 245
v -115.637 -32.0619 250
v -116.871 -27.2238 245
v -116.871 -27.2238 250
v -117.902 -22.3386 245
v -117.902 -22.3386 250
v -118.73 -17.4147 245
v -118.73 -17.4147 250
v -119.351 -12.4607 245
v -119.351 -12.4607 250
v -119.766 -7.48503 245
v -119.766 -7.48503 250
v -119.974 -2.49645 245
v -119.974 -2.49645 250
v -119.974 2.49645 245
v -119.974 2.49645 250
v -119.766 7.48503 245
v -119.766 7.48503 250
v -119.351 12.4607 245
v -119.351 12.4607 250
v -118.73 17.4147 245
v -118.73 17.4147 250
v -117.902 22.3386 245
v -117.902 22.3386 250
v -116.871 27.2238 245
v -116.871 27.2238 250
v -115.637 32.0619 245
v -115.637 32.0619 250
v -114.204 36.8445 245
v -114.204 36.8445 250
v -112.572 41.5633 245
v -112.572 41.5633 250
v -110.746 46.2102 245
v -110.746 46.2102 250
v -108.728 50.777 245
v -108.728 50.777 250
v -106.521 55.256 245
v -106.521 55.256 250
v -104.131 59.6393 245
v -104.131 59.6393 250
v -101.559 63.9193 245
v -101.559 63.9193 250
v -98.8126 68.0887 245
v -98.8126 68.0887 250
v -95.8947 72.1402 245
v -95.8947 72.1402 250
v -92.8107 76.0669 245
v -92.8107 76.0669 250
v -89.5661 79.8618 245
v -89.5661 79.8618 250
v -86.1665 83.5185 245
v -86.1665 83.5185 250
v -82.6176 87.0306 245
v -82.6176 87.0306 250
v -78.9258 90.392 245
v -78.9258 90.392 250
v -75.0973 93.597 245
v -75.0973 93.597 250
v -71.1388 96.6399 245
v -71.1388 96.6399 250
v -67.0572 99.5155 245
v -67.0572 99.5155 250
v -62.8594 102.219 245
v -62.8594 102.219 250
v -58.5528 104.745 245
v -58.5528 104.745 250
v -54.1449 107.09 245
v -54.1449 107.09 250
v -49.6433 109.25 245
v -49.6433 109.25 250
v -45.0556 111.22 245
v -45.0556 111.22 250
v -40.39 112.998 245
v -40.39 112.998 250
v -35.6545 114.581 245
v -35.6545 114.581 250
v -30.8573 115.965 245
v -30.8573 115.965 250
v -26.0066 117.148 245
v -26.0066 117.148 250
v -21.1109 118.128 245
v -21.1109 118.128 250
v -16.1787 118.904 245
v -16.1787 118.904 250
v -11.2184 119.475 245
v -11.2184 119.475 250
v -6.23876 119.838 245
v -6.23876 119.838 250
v -1.24829 119.993 245
v -1.24829 119.993 250
v 3.74434 119.942 245
v 3.74434 119.942 250
v 8.73048 119.682 245
v 8.73048 119.682 250
v 13.7015 119.215 245
v 13.7015 119.215 250
v 18.6488 118.542 245
v 18.6488 118.542 250
v 23.5639 117.664 245
v 23.5639 117.664 250
v 28.4381 116.582 245
v 28.4381 116.582 250
v 33.2631 115.298 245
v 33.2631 115.298 250
v 38.0305 113.814 245
v 38.0305 113.814 250
v 42.7321 112.134 245
v 42.7321 112.134 250
v 47.3597 110.259 245
v 47.3597 110.259 250
v 51.9053 108.193 245
v 51.9053 108.193 250
v 56.3611 105.941 245
v 56.3611 105.941 250
v 60.7193 103.504 245
v 60.7193 103.504 250
v 64.9723 100.889 245
v 64.9723 100.889 250
v 69.1129 98.099 245
v 69.1129 98.099 250
v 73.1339 95.139 245
v 73.1339 95.139 250
v 77.0282 92.0144 245
v 77.0282 92.0144 250
v 80.7892 88.7305 245
v 80.7892 88.7305 250
v 84.4103 85.293 245
v 84.4103 85.293 250
v 87.8853 81.7078 245
v 87.8853 81.7078 250
v 91.2082 77.9812 245
v 91.2082 77.9812 250
v 94.3731 74.1196 245
v 94.3731 74.1196 250
v 97.3747 70.1297 245
v 97.3747 70.1297 250
v 100.208 66.0183 245
v 100.208 66.0183 250
v 102.867 61.7927 245
v 102.867 61.7927 250
v 105.349 57.4601 245
v 105.349 57.4601 250
v 107.648 53.028 245
v 107.648 53.028 250
v 109.76 48.5041 245
v 109.76 48.5041 250
v 111.683 43.8963 245
v 111.683 43.8963 250
v 113.412 39.2124 245
v 113.412 39.2124 250
v 114.946 34.4607 245
v 114.946 34.4607 250
v 116.28 29.6493 245
v 116.28 29.6493 250
v 117.412 24.7866 245
v 117.412 24.7866 250
v 118.342 19.881 245
v 118.342 19.881 250
v 119.066 14.9409 245
v 119.066 14.9409 250
v 119.585 9.975 245
v 119.585 9.975 250
v 119.896 4.99182 245
v 119.896 4.99182 250
v 120 0 5
v 119.896 -4.99226 5
v 119.585 -9.97579 5
v 119.066 -14.9419 5
v 118.341 -19.8819 5
v 117.412 -24.7873 5
v 116.279 -29.6498 5
v 114.945 -34.4609 5
v 113.412 -39.2125 5
v 111.683 -43.8963 5
v 109.76 -48.5041 5
v 107.648 -53.028 5
v 105.349 -57.4601 5
v 102.867 -61.7927 5
v 100.208 -66.0183 5
v 97.3747 -70.1297 5
v 94.3731 -74.1196 5
v 91.2082 -77.9812 5
v 87.8853 -81.7078 5
v 84.4103 -85.293 5
v 80.7892 -88.7305 5
v 77.0282 -92.0144 5
v 73.1339 -95.139 5
v 69.1129 -98.099 5
v 64.9723 -100.889 5
v 60.7193 -103.504 5
v 56.3611 -105.941 5
v 51.9053 -108.193 5
v 47.3597 -110.259 5
v 42.7321 -112.134 5
v 38.0305 -113.814 5
v 33.2631 -115.298 5
v 28.4381 -116.582 5
v 23.5639 -117.664 5
v 18.6488 -118.542 5
v 13.7015 -119.215 5
v 8.73048 -119.682 5
v 3.74434 -119.942 5
v -1.24829 -119.993 5
v -6.23876 -119.838 5
v -11.2184 -119.475 5
v -16.1787 -118.904 5
v -21.1109 -118.128 5
v -26.0066 -117.148 5
v -30.8573 -115.965 5
v -35.6545 -114.581 5
v -40.39 -112.998 5
v -45.0556 -111.22 5
v -49.6433 -109.25 5
v -54.1449 -107.09 5
v -58.5528 -104.745 5
v -62.8594 -102.219 5
v -67.0572 -99.5155 5
v -71.1388 -96.6399 5
v -75.0973 -93.597 5
v -78.9258 -90.392 5
v -82.6176 -87.0306 5
v -86.1665 -83.5185 5
v -89.5661 -79.8618 5
v -92.8107 -76.0669 5
v -95.8947 -72.1402 5
v -98.8126 -68.0887 5
v -101.559 -63.9193 5
v -104.131 -59.6393 5
v -106.521 -55.256 5
v -108.728 -50.777 5
v -110.746 -46.2102 5
v -112.572 -41.5633 5
v -114.204 -36.8445 5
v -115.637 -32.0619 5
v -116.871 -27.2238 5
v -117.902 -22.3386 5
v -118.73 -17.4147 5
v -119.351 -12.4607 5
v -119.766 -7.48503 5
v -119.974 -2.49645 5
v -119.974 2.49645 5
v -119.766 7.48503 5
v -119.351 12.4607 5
v -118.73 17.4147 5
v -117.902 22.3386 5
v -116.871 27.2238 5
v -115.637 32.0619 5
v -114.204 36.8445 5
v -112.572 41.5633 5
v -110.746 46.2102 5
v -108.728 50.777 5
v -106.521 55.256 5
v -104.131 59.6393 5
v -101.559 63.9193 5
v -98.8126 68.0887 5
v -95.8947 72.1402 5
v -92.8107 76.0669 5
v -89.5661 79.8618 5
v -86.1665 83.5185 5
v -82.6176 87.0306 5
v -78.9258 90.392 5
v -75.0973 93.597 5
v -71.1388 96.6399 5
v -67.0572 99.5155 5
v -62.8594 102.219 5
v -58.5528 104.745 5
v -54.1449 107.09 5
v -49.6433 109.25 5
v -45.0556 111.22 5
v -40.39 112.998 5
v -35.6545 114.581 5
v -30.8573 115.965 5
v -26.0066 117.148 5
v -21.1109 118.128 5
v -16.1787 118.904 5
v -11.2184 119.475 5
v -6.23876 119.838 5
v -1.24829 119.993 5
v 3.74434 119.942 5
v 8.73048 119.682 5
v 13.7015 119.215 5
v 18.6488 118.542 5
v 23.5639 117.664 5
v 28.4381 116.582 5
v 33.2631 115.298 5
v 38.0305 113.814 5
v 42.7321 112.134 5
v 47.3597 110.259 5
v 51.9053 108.193 5
v 56.3611 105.941 5
v 60.7193 103.504 5
v 64.9723 100.889 5
v 69.1129 98.099 5
v 73.1339 95.139 5
v 77.0282 92.0144 5
v 80.7892 88.7305 5
v 84.4103 85.293 5
v 87.8853 81.7078 5
v 91.2082 77.9812 5
v 94.3731 74.1196 5
v 97.3747 70.1297 5
v 100.208 66.0183 5
v 102.867 61.7927 5
v 105.349 57.4601 5
v 107.648 53.028 5
v 109.76 48.5041 5
v 111.683 43.8963 5
v 113.412 39.2124 5
v 114.946 34.4607 5
v 116.28 29.6493 5
v 117.412 24.7866 5
v 118.342 19.881 5
v 119.066 14.9409 5
v 119.585 9.975 5
v 119.896 4.99182 5
v 120 0 240
v 119.896 -4.99246 240
v 120 0 235
v 119.896 -4.99289 235
v 120 0 230
v 119.896 -4.99348 230
v 120 0 225
v 119.896 -4.99419 225
v 120 0 220
v 119.896 -4.99491 220
v 120 0 215
v 119.896 -4.99551 215
v 120 0 210
v 119.896 -4.99593 210
v 120 0 205
v 119.896 -4.99618 205
v 120 0 200
v 119.896 -4.99631 200
v 120 0 195
v 119.896 -4.99637 195
v 120 0 190
v 119.896 -4.9964 190
v 120 0 185
v 119.896 -4.99641 185
v 120 0 180
v 119.896 -4.99641 180
v 120 0 175
v 119.896 -4.99642 175
v 120 0 170
v 119.896 -4.99642 170
v 120 0 165
v 119.896 -4.99642 165
v 120 0 160
v 119.896 -4.99642 160
v 120 0 155
v 119.896 -4.99642 155
v 120 0 150
v 119.896 -4.99642 150
v 120 0 145
v 119.896 -4.99642 145
v 120 0 140
v 119.896 -4.99642 140
v 120 0 135
v 119.896 -4.99642 135
v 120 0 130
v 119.896 -4.99642 130
v 120 0 125
v 119.896 -4.99642 125
v 120 0 120
v 119.896 -4.99642 120
v 120 0 115
v 119.896 -4.99642 115
v 120 0 110
v 119.896 -4.99642 110
v 120 0 105
v 119.896 -4.99642 105
v 120 0 100
v 119.896 -4.99642 100
v 120 0 95
v 119.896 -4.99642 95
v 120 0 90
v 119.896 -4.99642 90
v 120 0 85
v 119.896 -4.99642 85
v 120 0 80
v 119.896 -4.99642 80
v 120 0 75
v 119.896 -4.99642 75
v 120 0 70
v 119.896 -4.99642 70
v 120 0 65
v 119.896 -4.99642 65
v 120 0 60
v 119.896 -4.99642 60
v 120 0 55
v 119.896 -4.99642 55
v 120 0 50
v 119.896 -4.99642 50
v 120 0 45
v 119.896 -4.99642 45
v 120 0 40
v 119.896 -4.99642 40
v 120 0 35
v 119.896 -4.99623 35
v 120 0 30
v 119.896 -4.99574 30
v 120 0 25
v 119.896 -4.99501 25
v 120 0 20
v 119.896 -4.99419 20
v 120 0 15
v 119.896 -4.99342 15
v 120 0 10
v 119.896 -4.99278 10
v 119.896 4.99182 240
v 119.896 4.99182 235
v 119.896 4.99182 230
v 119.896 4.99182 225
v 119.896 4.99182 220
v 119.896 4.99182 215
v 119.896 4.99182 210
v 119.896 4.99182 205
v 119.896 4.99182 200
v 119.896 4.99182 195
v 119.896 4.99182 190
v 119.896 4.99182 185
v 119.896 4.99182 180
v 119.896 4.99182 175
v 119.896 4.99182 170
v 119.896 4.99182 165
v 119.896 4.99182 160
v 119.896 4.99182 155
v 119.896 4.99182 150
v 119.896 4.99182 145
v 119.896 4.99182 140
v 119.896 4.99182 135
v 119.896 4.99182 130
v 119.896 4.99182 125
v 119.896 4.99182 120
v 119.896 4.99182 115
v 119.896 4.99182 110
v 119.896 4.99182 105
v 119.896 4.99182 100
v 119.896 4.99182 95
v 119.896 4.99182 90
v 119.896 4.99182 85
v 119.896 4.99182 80
v 119.896 4.99182 75
v 119.896 4.99182 70
v 119.896 4.99182 65
v 119.896 4.99182 60
v 119.896 4.99182 55
v 119.896 4.99182 50
v 119.896 4.99182 45
v 119.896 4.99182 40
v 119.896 4.99182 35
v 119.896 4.99182 30
v 119.896 4.99182 25
v 119.896 4.99182 20
v 119.896 4.99182 15
v 119.896 4.99182 10
v 119.585 -9.97602 240
v 119.066 -14.9421 240
v 118.341 -19.8821 240
v 117.412 -24.7875 240
v 116.279 -29.65 240
v 114.945 -34.4612 240
v 113.412 -39.2127 240
v 111.683 -43.8964 240
v 109.76 -48.5042 240
v 107.648 -53.028 240
v 105.349 -57.4601 240
v 102.867 -61.7927 240
v 100.208 -66.0183 240
v 97.3747 -70.1297 240
v 94.3731 -74.1196 240
v 91.2082 -77.9812 240
v 87.8853 -81.7078 240
v 84.4103 -85.293 240
v 80.7892 -88.7305 240
v 77.0282 -92.0144 240
v 73.1339 -95.139 240
v 69.1129 -98.099 240
v 64.9723 -100.889 240
v 60.7193 -103.504 240
v 56.3611 -105.941 240
v 51.9053 -108.193 240
v 47.3597 -110.259 240
v 42.7321 -112.134 240
v 38.0305 -113.814 240
v 33.2631 -115.298 240
v 28.4381 -116.582 240
v 23.5639 -117.664 240
v 18.6488 -118.542 240
v 13.7015 -119.215 240
v 8.73048 -119.682 240
v 3.74434 -119.942 240
v -1.24829 -119.993 240
v -6.23876 -119.838 240
v -11.2184 -119.475 240
v -16.1787 -118.904 240
v -21.1109 -118.128 240
v -26.0066 -117.148 240
v -30.8573 -115.965 240
v -35.6545 -114.581 240
v -40.39 -112.998 240
v -45.0556 -111.22 240
v -49.6433 -109.25 240
v -54.1449 -107.09 240
v -58.5528 -104.745 240
v -62.8594 -102.219 240
v -67.0572 -99.5155 240
v -71.1388 -96.6399 240
v -75.0973 -93.597 240
v -78.9258 -90.392 240
v -82.6176 -87.0306 240
v -86.1665 -83.5185 240
v -89.5661 -79.8618 240
v -92.8107 -76.0669 240
v -95.8947 -72.1402 240
v -98.8126 -68.0887 240
v -101.559 -63.9193 240
v -104.131 -59.6393 240
v -106.521 -55.256 240
v -108.728 -50.777 240
v -110.746 -46.2102 240
v -112.572 -41.5633 240
v -114.204 -36.8445 240
v -115.637 -32.0619 240
v -116.871 -27.2238 240
v -117.902 -22.3386 240
v -118.73 -17.4147 240
v -119.351 -12.4607 240
v -119.766 -7.48503 240
v -119.974 -2.49645 240
v -119.974 2.49645 240
v -119.766 7.48503 240
v -119.351 12.4607 240
v -118.73 17.4147 240
v -117.902 22.3386 240
v -116.871 27.2238 240
v -115.637 32.0619 240
v -114.204 36.8445 240
v -112.572 41.5633 240
v -110.746 46.2102 240
v -108.728 50.777 240
v -106.521 55.256 240
v -104.131 59.6393 240
v -101.559 63.9193 240
v -98.8126 68.0887 240
v -95.8947 72.1402 240
v -92.8107 76.0669 240
v -89.5661 79.8618 240
v -86.1665 83.5185 240
v -82.6176 87.0306 240
v -78.9258 90.392 240
v -75.0973 93.597 240
v -71.1388 96.6399 240
v -67.0572 99.5155 240
v -62.8594 102.219 240
v -58.5528 104.745 240
v -54.1449 107.09 240
v -49.6433 109.25 240
v -45.0556 111.22 240
v -40.39 112.998 240
v -35.6545 114.581 240
v -30.8573 115.965 240
v -26.0066 117.148 240
v -21.1109 118.128 240
v -16.1787 118.904 240
v -11.2184 119.475 240
v -6.23876 119.838 240
v -1.24829 119.993 240
v 3.74434 119.942 240
v 8.73048 119.682 240
v 13.7015 119.215 240
v 18.6488 118.542 240
v 23.5639 117.664 240
v 28.4381 116.582 240
v 33.2631 115.298 240
v 38.0305 113.814 240
v 42.7321 112.134 240
v 47.3597 110.259 240
v 51.9053 108.193 240
v 56.3611 105.941 240
v 60.7193 103.504 240
v 64.9723 100.889 240
v 69.1129 98.099 240
v 73.1339 95.139 240
v 77.0282 92.0144 240
v 80.7892 88.7305 240
v 84.4103 85.293 240
v 87.8853 81.7078 240
v 91.2082 77.9812 240
v 94.3731 74.1196 240
v 97.3747 70.1297 240
v 100.208 66.0183 240
v 102.867 61.7927 240
v 105.349 57.4601 240
v 107.648 53.028 240
v 109.76 48.5041 240
v 111.683 43.8963 240
v 113.412 39.2124 240
v 114.946 34.4607 240
v 116.28 29.6493 240
v 117.412 24.7866 240
v 118.342 19.881 240
v 119.066 14.9409 240
v 119.585 9.975 240
v 119.066 -14.9432 10
v 118.341 -19.8833 10
v 117.412 -24.7886 10
v 116.279 -29.6508 10
v 114.945 -34.4615 10
v 113.412 -39.2128 10
v 111.683 -43.8965 10
v 109.76 -48.5042 10
v 107.648 -53.028 10
v 105.349 -57.4601 10
v 102.867 -61.7927 10
v 100.208 -66.0183 10
v 97.3747 -70.1297 10
v 94.3731 -74.1196 10
v 91.2082 -77.9812 10
v 87.8853 -81.7078 10
v 84.4103 -85.293 10
v 80.7892 -88.7305 10
v 77.0282 -92.0144 10
v 73.1339 -95.139 10
v 69.1129 -98.099 10
v 64.9723 -100.889 10
v 60.7193 -103.504 10
v 56.3611 -105.941 10
v 51.9053 -108.193 10
v 47.3597 -110.259 10
v 42.7321 -112.134 10
v 38.0305 -113.814 10
v 33.2631 -115.298 10
v 28.4381 -116.582 10
v 23.5639 -117.664 10
v 18.6488 -118.542 10
v 13.7015 -119.215 10
v 8.73048 -119.682 10
v 3.74434 -119.942 10
v -1.24829 -119.993 10
v -6.23876 -119.838 10
v -11.2184 -119.475 10
v -16.1787 -118.904 10
v -21.1109 -118.128 10
v -26.0066 -117.148 10
v -30.8573 -115.965 10
v -35.6545 -114.581 10
v -40.39 -112.998 10
v -45.0556 -111.22 10
v -49.6433 -109.25 10
v -54.1449 -107.09 10
v -58.5528 -104.745 10
v -62.8594 -102.219 10
v -67.0572 -99.5155 10
v -71.1388 -96.6399 10
v -75.0973 -93.597 10
v -78.9258 -90.392 10
v -82.6176 -87.0306 10
v -86.1665 -83.5185 10
v -89.5661 -79.8618 10
v -92.8107 -76.0669 10
v -95.8947 -72.1402 10
v -98.8126 -68.0887 10
v -101.559 -63.9193 10
v -104.131 -59.6393 10
v -106.521 -55.256 10
v -108.728 -50.777 10
v -110.746 -46.2102 10
v -112.572 -41.5633 10
v -114.204 -36.8445 10
v -115.637 -32.0619 10
v -116.871 -27.2238 10
v -117.902 -22.3386 10
v -118.73 -17.4147 10
v -119.351 -12.4607 10
v -119.766 -7.48503 10
v -119.974 -2.49645 10
v -119.974 2.49645 10
v -119.766 7.48503 10
v -119.351 12.4607 10
v -118.73 17.4147 10
v -117.902 22.3386 10
v -116.871 27.2238 10
v -115.637 32.0619 10
v -114.204 36.8445 10
v -112.572 41.5633 10
v -110.746 46.2102 10
v -108.728 50.777 10
v -106.521 55.256 10
v -104.131 59.6393 10
v -101.559 63.9193 10
v -98.8126 68.0887 10
v -95.8947 72.1402 10
v -92.8107 76.0669 10
v -89.5661 79.8618 10
v -86.1665 83.5185 10
v -82.6176 87.0306 10
v -78.9258 90.392 10
v -75.0973 93.597 10
v -71.1388 96.6399 10
v -67.0572 99.5155 10
v -62.8594 102.219 10
v -58.5528 104.745 10
v -54.1449 107.09 10
v -49.6433 109.25 10
v -45.0556 111.22 10
v -40.39 112.998 10
v -35.6545 114.581 10
v -30.8573 115.965 10
v -26.0066 117.148 10
v -21.1109 118.128 10
v -16.1787 118.904 10
v -11.2184 119.475 10
v -6.23876 119.838 10
v -1.24829 119.993 10
v 3.74434 119.942 10
v 8.73048 119.682 10
v 13.7015 119.215 10
v 18.6488 118.542 10
v 23.5639 117.664 10
v 28.4381 116.582 10
v 33.2631 115.298 10
v 38.0305 113.814 10
v 42.7321 112.134 10
v 47.3597 110.259 10
v 51.9053 108.193 10
v 56.3611 105.941 10
v 60.7193 103.504 10
v 64.9723 100.889 10
v 69.1129 98.099 10
v 73.1339 95.139 10
v 77.0282 92.0144 10
v 80.7892 88.7305 10
v 84.4103 85.293 10
v 87.8853 81.7078 10
v 91.2082 77.9812 10
v 94.3731 74.1196 10
v 97.3747 70.1297 10
v 100.208 66.0183 10
v 102.867 61.7927 10
v 105.349 57.4601 10
v 107.648 53.028 10
v 109.76 48.5041 10
v 111.683 43.8963 10
v 113.412 39.2124 10
v 114.946 34.4607 10
v 116.28 29.6493 10
v 117.412 24.7866 10
v 118.342 19.881 10
v 119.066 14.9409 10
v 119.585 9.975 10
v 119.585 -9.97677 10
v 119.585 -9.97791 230
v 119.584 -9.97937 225
v 119.584 -9.98086 220
v 119.584 -9.98228 215
v 119.584 -9.98328 210
v 119.584 -9.98393 205
v 119.584 -9.98431 200
v 119.584 -9.98449 195
v 119.584 -9.98456 190
v 119.584 -9.9846 185
v 119.584 -9.98461 180
v 119.584 -9.98461 175
v 119.584 -9.98462 170
v 119.584 -9.98462 165
v 119.584 -9.98462 160
v 119.584 -9.98462 155
v 119.584 -9.98462 150
v 119.584 -9.98462 145
v 119.584 -9.98462 140
v 119.584 -9.98462 135
v 119.584 -9.98462 130
v 119.584 -9.98462 125
v 119.584 -9.98462 120
v 119.584 -9.98462 115
v 119.584 -9.98462 110
v 119.584 -9.98462 105
v 119.584 -9.98462 100
v 119.584 -9.98462 95
v 119.584 -9.98462 90
v 119.584 -9.98462 85
v 119.584 -9.98462 80
v 119.584 -9.98462 75
v 119.584 -9.98462 70
v 119.584 -9.98462 65
v 119.584 -9.98462 60
v 119.584 -9.98462 55
v 119.584 -9.98462 50
v 119.584 -9.98462 45
v 119.584 -9.98442 40
v 119.584 -9.98372 35
v 119.584 -9.98249 30
v 119.584 -9.98095 25
v 119.584 -9.97936 20
v 119.585 -9.97793 15
v 119.585 9.975 235
v 119.585 9.975 230
v 119.585 9.975 225
v 119.585 9.975 220
v 119.585 9.975 215
v 119.585 9.975 210
v 119.585 9.975 205
v 119.585 9.975 200
v 119.585 9.975 195
v 119.585 9.975 190
v 119.585 9.975 185
v 119.585 9.975 180
v 119.585 9.975 175
v 119.585 9.975 170
v 119.585 9.975 165
v 119.585 9.975 160
v 119.585 9.975 155
v 119.585 9.975 150
v 119.585 9.975 145
v 119.585 9.975 140
v 119.585 9.975 135
v 119.585 9.975 130
v 119.585 9.975 125
v 119.585 9.975 120
v 119.585 9.975 115
v 119.585 9.975 110
v 119.585 9.975 105
v 119.585 9.975 100
v 119.585 9.975 95
v 119.585 9.975 90
v 119.585 9.975 85
v 119.585 9.975 80
v 119.585 9.975 75
v 119.585 9.975 70
v 119.585 9.975 65
v 119.585 9.975 60
v 119.585 9.975 55
v 119.585 9.975 50
v 119.585 9.975 45
v 119.585 9.975 40
v 119.585 9.975 35
v 119.585 9.975 30
v 119.585 9.975 25
v 119.585 9.975 20
v 119.585 9.975 15
v 119.585 -9.97679 235
v 119.066 -14.9431 235
v 118.341 -19.8833 235
v 117.412 -24.7887 235
v 116.279 -29.651 235
v 114.945 -34.4619 235
v 113.412 -39.2132 235
v 111.683 -43.8967 235
v 109.76 -48.5044 235
v 107.648 -53.0281 235
v 105.349 -57.4601 235
v 102.867 -61.7927 235
v 100.208 -66.0183 235
v 97.3747 -70.1297 235
v 94.3731 -74.1196 235
v 91.2082 -77.9812 235
v 87.8853 -81.7078 235
v 84.4103 -85.293 235
v 80.7892 -88.7305 235
v 77.0282 -92.0144 235
v 73.1339 -95.139 235
v 69.1129 -98.099 235
v 64.9723 -100.889 235
v 60.7193 -103.504 235
v 56.3611 -105.941 235
v 51.9053 -108.193 235
v 47.3597 -110.259 235
v 42.7321 -112.134 235
v 38.0305 -113.814 235
v 33.2631 -115.298 235
v 28.4381 -116.582 235
v 23.5639 -117.664 235
v 18.6488 -118.542 235
v 13.7015 -119.215 235
v 8.73048 -119.682 235
v 3.74434 -119.942 235
v -1.24829 -119.993 235
v -6.23876 -119.838 235
v -11.2184 -119.475 235
v -16.1787 -118.904 235
v -21.1109 -118.128 235
v -26.0066 -117.148 235
v -30.8573 -115.965 235
v -35.6545 -114.581 235
v -40.39 -112.998 235
v -45.0556 -111.22 235
v -49.6433 -109.25 235
v -54.1449 -107.09 235
v -58.5528 -104.745 235
v -62.8594 -102.219 235
v -67.0572 -99.5155 235
v -71.1388 -96.6399 235
v -75.0973 -93.597 235
v -78.9258 -90.392 235
v -82.6176 -87.0306 235
v -86.1665 -83.5185 235
v -89.5661 -79.8618 235
v -92.8107 -76.0669 235
v -95.8947 -72.1402 235
v -98.8126 -68.0887 235
v -101.559 -63.9193 235
v -104.131 -59.6393 235
v -106.521 -55.256 235
v -108.728 -50.777 235
v -110.746 -46.2102 235
v -112.572 -41.5633 235
v -114.204 -36.8445 235
v -115.637 -32.0619 235
v -116.871 -27.2238 235
v -117.902 -22.3386 235
v -118.73 -17.4147 235
v -119.351 -12.4607 235
v -119.766 -7.48503 235
v -119.974 -2.49645 235
v -119.974 2.49645 235
v -119.766 7.48503 235
v -119.351 12.4607 235
v -118.73 17.4147 235
v -117.902 22.3386 235
v -116.871 27.2238 235
v -115.637 32.0619 235
v -114.204 36.8445 235
v -112.572 41.5633 235
v -110.746 46.2102 235
v -108.728 50.777 235
v -106.521 55.256 235
v -104.131 59.6393 235
v -101.559 63.9193 235
v -98.8126 68.0887 235
v -95.8947 72.1402 235
v -92.8107 76.0669 235
v -89.5661 79.8618 235
v -86.1665 83.5185 235
v -82.6176 87.0306 235
v -78.9258 90.392 235
v -75.0973 93.597 235
v -71.1388 96.6399 235
v -67.0572 99.5155 235
v -62.8594 102.219 235
v -58.5528 104.745 235
v -54.1449 107.09 235
v -49.6433 109.25 235
v -45.0556 111.22 235
v -40.39 112.998 235
v -35.6545 114.581 235
v -30.8573 115.965 235
v -26.0066 117.148 235
v -21.1109 118.128 235
v -16.1787 118.904 235
v -11.2184 119.475 235
v -6.23876 119.838 235
v -1.24829 119.993 235
v 3.74434 119.942 235
v 8.73048 119.682 235
v 13.7015 119.215 235
v 18.6488 118.542 235
v 23.5639 117.664 235
v 28.4381 116.582 235
v 33.2631 115.298 235
v 38.0305 113.814 235
v 42.7321 112.134 235
v 47.3597 110.259 235
v 51.9053 108.193 235
v 56.3611 105.941 235
v 60.7193 103.504 235
v 64.9723 100.889 235
v 69.1129 98.099 235
v 73.1339 95.139 235
v 77.0282 92.0144 235
v 80.7892 88.7305 235
v 84.4103 85.293 235
v 87.8853 81.7078 235
v 91.2082 77.9812 235
v 94.3731 74.1196 235
v 97.3747 70.1297 235
v 100.208 66.0183 235
v 102.867 61.7927 235
v 105.349 57.4601 235
v 107.648 53.028 235
v 109.76 48.5041 235
v 111.683 43.8963 235
v 113.412 39.2124 235
v 114.946 34.4607 235
v 116.28 29.6493 235
v 117.412 24.7866 235
v 118.342 19.881 235
v 119.066 14.9409 235
v 116.279 -29.6526 15
v 114.945 -34.4628 15
v 119.065 -14.9489 220
v 119.065 -14.9514 215
v 118.341 -19.8853 15
v 117.411 -24.7907 15
v 113.412 -39.2136 15
v 111.683 -43.8969 15
v 109.76 -48.5043 15
v 107.648 -53.028 15
v 105.349 -57.4601 15
v 102.867 -61.7927 15
v 100.208 -66.0183 15
v 97.3747 -70.1297 15
v 94.3731 -74.1196 15
v 91.2082 -77.9812 15
v 87.8853 -81.7078 15
v 84.4103 -85.293 15
v 80.7892 -88.7305 15
v 77.0282 -92.0144 15
v 73.1339 -95.139 15
v 69.1129 -98.099 15
v 64.9723 -100.889 15
v 60.7193 -103.504 15
v 56.3611 -105.941 15
v 51.9053 -108.193 15
v 47.3597 -110.259 15
v 42.7321 -112.134 15
v 38.0305 -113.814 15
v 33.2631 -115.298 15
v 28.4381 -116.582 15
v 23.5639 -117.664 15
v 18.6488 -118.542 15
v 13.7015 -119.215 15
v 8.73048 -119.682 15
v 3.74434 -119.942 15
v -1.24829 -119.993 15
v -6.23876 -119.838 15
v -11.2184 -119.475 15
v -16.1787 -118.904 15
v -21.1109 -118.128 15
v -26.0066 -117.148 15
v -30.8573 -115.965 15
v -35.6545 -114.581 15
v -40.39 -112.998 15
v -45.0556 -111.22 15
v -49.6433 -109.25 15
v -54.1449 -107.09 15
v -58.5528 -104.745 15
v -62.8594 -102.219 15
v -67.0572 -99.5155 15
v -71.1388 -96.6399 15
v -75.0973 -93.597 15
v -78.9258 -90.392 15
v -82.6176 -87.0306 15
v -86.1665 -83.5185 15
v -89.5661 -79.8618 15
v -92.8107 -76.0669 15
v -95.8947 -72.1402 15
v -98.8126 -68.0887 15
v -101.559 -63.9193 15
v -104.131 -59.6393 15
v -106.521 -55.256 15
v -108.728 -50.777 15
v -110.746 -46.2102 15
v -112.572 -41.5633 15
v -114.204 -36.8445 15
v -115.637 -32.0619 15
v -116.871 -27.2238 15
v -117.902 -22.3386 15
v -118.73 -17.4147 15
v -119.351 -12.4607 15
v -119.766 -7.48503 15
v -119.974 -2.49645 15
v -119.974 2.49645 15
v -119.766 7.48503 15
v -119.351 12.4607 15
v -118.73 17.4147 15
v -117.902 22.3386 15
v -116.871 27.2238 15
v -115.637 32.0619 15
v -114.204 36.8445 15
v -112.572 41.5633 15
v -110.746 46.2102 15
v -108.728 50.777 15
v -106.521 55.256 15
v -104.131 59.6393 15
v -101.559 63.9193 15
v -98.8126 68.0887 15
v -95.8947 72.1402 15
v -92.8107 76.0669 15
v -89.5661 79.8618 15
v -86.1665 83.5185 15
v -82.6176 87.0306 15
v -78.9258 90.392 15
v -75.0973 93.597 15
v -71.1388 96.6399 15
v -67.0572 99.5155 15
v -62.8594 102.219 15
v -58.5528 104.745 15
v -54.1449 107.09 15
v -49.6433 109.25 15
v -45.0556 111.22 15
v -40.39 112.998 15
v -35.6545 114.581 15
v -30.8573 115.965 15
v -26.0066 117.148 15
v -21.1109 118.128 15
v -16.1787 118.904 15
v -11.2184 119.475 15
v -6.23876 119.838 15
v -1.24829 119.993 15
v 3.74434 119.942 15
v 8.73048 119.682 15
v 13.7015 119.215 15
v 18.6488 118.542 15
v 23.5639 117.664 15
v 28.4381 116.582 15
v 33.2631 115.298 15
v 38.0305 113.814 15
v 42.7321 112.134 15
v 47.3597 110.259 15
v 51.9053 108.193 15
v 56.3611 105.941 15
v 60.7193 103.504 15
v 64.9723 100.889 15
v 69.1129 98.099 15
v 73.1339 95.139 15
v 77.0282 92.0144 15
v 80.7892 88.7305 15
v 84.4103 85.293 15
v 87.8853 81.7078 15
v 91.2082 77.9812 15
v 94.3731 74.1196 15
v 97.3747 70.1297 15
v 100.208 66.0183 15
v 102.867 61.7927 15
v 105.349 57.4601 15
v 107.648 53.028 15
v 109.76 48.5041 15
v 111.683 43.8963 15
v 113.412 39.2124 15
v 114.946 34.4607 15
v 116.28 29.6493 15
v 117.412 24.7866 15
v 118.342 19.881 15
v 119.066 14.9409 15
v 119.065 -14.9532 210
v 119.066 -14.9448 15
v 119.066 -14.9446 230
v 119.065 -14.9466 225
v 119.064 -14.9544 205
v 119.064 -14.9553 200
v 119.064 -14.9557 195
v 119.064 -14.9559 190
v 119.064 -14.9559 185
v 119.064 -14.956 180
v 119.064 -14.956 175
v 119.064 -14.956 170
v 119.064 -14.956 165
v 119.064 -14.956 160
v 119.064 -14.956 155
v 119.064 -14.956 150
v 119.064 -14.956 145
v 119.064 -14.956 140
v 119.064 -14.956 135
v 119.064 -14.956 130
v 119.064 -14.956 125
v 119.064 -14.956 120
v 119.064 -14.956 115
v 119.064 -14.956 110
v 119.064 -14.956 105
v 119.064 -14.956 100
v 119.064 -14.956 95
v 119.064 -14.956 90
v 119.064 -14.956 85
v 119.064 -14.956 80
v 119.064 -14.956 75
v 119.064 -14.956 70
v 119.064 -14.956 65
v 119.064 -14.956 60
v 119.064 -14.956 55
v 119.064 -14.956 50
v 119.064 -14.9558 45
v 119.064 -14.955 40
v 119.065 -14.9534 35
v 119.065 -14.9513 30
v 119.065 -14.949 25
v 119.065 -14.9467 20
v 119.066 14.9409 230
v 119.066 14.9409 225
v 119.066 14.9409 220
v 119.066 14.9409 215
v 119.066 14.9409 210
v 119.066 14.9409 205
v 119.066 14.9409 200
v 119.066 14.9409 195
v 119.066 14.9409 190
v 119.066 14.9409 185
v 119.066 14.9409 180
v 119.066 14.9409 175
v 119.066 14.9409 170
v 119.066 14.9409 165
v 119.066 14.9409 160
v 119.066 14.9409 155
v 119.066 14.9409 150
v 119.066 14.9409 145
v 119.066 14.9409 140
v 119.066 14.9409 135
v 119.066 14.9409 130
v 119.066 14.9409 125
v 119.066 14.9409 120
v 119.066 14.9409 115
v 119.066 14.9409 110
v 119.066 14.9409 105
v 119.066 14.9409 100
v 119.066 14.9409 95
v 119.066 14.9409 90
v 119.066 14.9409 85
v 119.066 14.9409 80
v 119.066 14.9409 75
v 119.066 14.9409 70
v 119.066 14.9409 65
v 119.066 14.9409 60
v 119.066 14.9409 55
v 119.066 14.9409 50
v 119.066 14.9409 45
v 119.066 14.9409 40
v 119.066 14.9409 35
v 119.066 14.9409 30
v 119.066 14.9409 25
v 119.066 14.9409 20
v 118.341 -19.8851 230
v 117.411 -24.7906 230
v 116.279 -29.6528 230
v 114.945 -34.4634 230
v 113.412 -39.2143 230
v 111.683 -43.8974 230
v 109.76 -48.5048 230
v 107.647 -53.0284 230
v 105.349 -57.4603 230
v 102.867 -61.7928 230
v 100.208 -66.0183 230
v 97.3747 -70.1297 230
v 94.3731 -74.1196 230
v 91.2082 -77.9812 230
v 87.8853 -81.7078 230
v 84.4103 -85.293 230
v 80.7892 -88.7305 230
v 77.0282 -92.0144 230
v 73.1339 -95.139 230
v 69.1129 -98.099 230
v 64.9723 -100.889 230
v 60.7193 -103.504 230
v 56.3611 -105.941 230
v 51.9053 -108.193 230
v 47.3597 -110.259 230
v 42.7321 -112.134 230
v 38.0305 -113.814 230
v 33.2631 -115.298 230
v 28.4381 -116.582 230
v 23.5639 -117.664 230
v 18.6488 -118.542 230
v 13.7015 -119.215 230
v 8.73048 -119.682 230
v 3.74434 -119.942 230
v -1.24829 -119.993 230
v -6.23876 -119.838 230
v -11.2184 -119.475 230
v -16.1787 -118.904 230
v -21.1109 -118.128 230
v -26.0066 -117.148 230
v -30.8573 -115.965 230
v -35.6545 -114.581 230
v -40.39 -112.998 230
v -45.0556 -111.22 230
v -49.6433 -109.25 230
v -54.1449 -107.09 230
v -58.5528 -104.745 230
v -62.8594 -102.219 230
v -67.0572 -99.5155 230
v -71.1388 -96.6399 230
v -75.0973 -93.597 230
v -78.9258 -90.392 230
v -82.6176 -87.0306 230
v -86.1665 -83.5185 230
v -89.5661 -79.8618 230
v -92.8107 -76.0669 230
v -95.8947 -72.1402 230
v -98.8126 -68.0887 230
v -101.559 -63.9193 230
v -104.131 -59.6393 230
v -106.521 -55.256 230
v -108.728 -50.777 230
v -110.746 -46.2102 230
v -112.572 -41.5633 230
v -114.204 -36.8445 230
v -115.637 -32.0619 230
v -116.871 -27.2238 230
v -117.902 -22.3386 230
v -118.73 -17.4147 230
v -119.351 -12.4607 230
v -119.766 -7.48503 230
v -119.974 -2.49645 230
v -119.974 2.49645 230
v -119.766 7.48503 230
v -119.351 12.4607 230
v -118.73 17.4147 230
v -117.902 22.3386 230
v -116.871 27.2238 230
v -115.637 32.0619 230
v -114.204 36.8445 230
v -112.572 41.5633 230
v -110.746 46.2102 230
v -108.728 50.777 230
v -106.521 55.256 230
v -104.131 59.6393 230
v -101.559 63.9193 230
v -98.8126 68.0887 230
v -95.8947 72.1402 230
v -92.8107 76.0669 230
v -89.5661 79.8618 230
v -86.1665 83.5185 230
v -82.6176 87.0306 230
v -78.9258 90.392 230
v -75.0973 93.597 230
v -71.1388 96.6399 230
v -67.0572 99.5155 230
v -62.8594 102.219 230
v -58.5528 104.745 230
v -54.1449 107.09 230
v -49.6433 109.25 230
v -45.0556 111.22 230
v -40.39 112.998 230
v -35.6545 114.581 230
v -30.8573 115.965 230
v -26.0066 117.148 230
v -21.1109 118.128 230
v -16.1787 118.904 230
v -11.2184 119.475 230
v -6.23876 119.838 230
v -1.24829 119.993 230
v 3.74434 119.942 230
v 8.73048 119.682 230
v 13.7015 119.215 230
v 18.6488 118.542 230
v 23.5639 117.664 230
v 28.4381 116.582 230
v 33.2631 115.298 230
v 38.0305 113.814 230
v 42.7321 112.134 230
v 47.3597 110.259 230
v 51.9053 108.193 230
v 56.3611 105.941 230
v 60.7193 103.504 230
v 64.9723 100.889 230
v 69.1129 98.099 230
v 73.1339 95.139 230
v 77.0282 92.0144 230
v 80.7892 88.7305 230
v 84.4103 85.293 230
v 87.8853 81.7078 230
v 91.2082 77.9812 230
v 94.3731 74.1196 230
v 97.3747 70.1297 230
v 100.208 66.0183 230
v 102.867 61.7927 230
v 105.349 57.4601 230
v 107.648 53.028 230
v 109.76 48.5041 230
v 111.683 43.8963 230
v 113.412 39.2124 230
v 114.946 34.4607 230
v 116.28 29.6493 230
v 117.412 24.7866 230
v 118.342 19.881 230
v 118.34 -19.8904 220
v 118.34 -19.8937 215
v 114.944 -34.4652 20
v 113.411 -39.2151 20
v 109.76 -48.5047 20
v 107.648 -53.0281 20
v 105.349 -57.4601 20
v 102.867 -61.7927 20
v 100.208 -66.0183 20
v 97.3747 -70.1297 20
v 94.3731 -74.1196 20
v 91.2082 -77.9812 20
v 87.8853 -81.7078 20
v 84.4103 -85.293 20
v 80.7892 -88.7305 20
v 77.0282 -92.0144 20
v 73.1339 -95.139 20
v 69.1129 -98.099 20
v 64.9723 -100.889 20
v 60.7193 -103.504 20
v 56.3611 -105.941 20
v 51.9053 -108.193 20
v 47.3597 -110.259 20
v 42.7321 -112.134 20
v 38.0305 -113.814 20
v 33.2631 -115.298 20
v 28.4381 -116.582 20
v 23.5639 -117.664 20
v 18.6488 -118.542 20
v 13.7015 -119.215 20
v 8.73048 -119.682 20
v 3.74434 -119.942 20
v -1.24829 -119.993 20
v -6.23876 -119.838 20
v -11.2184 -119.475 20
v -16.1787 -118.904 20
v -21.1109 -118.128 20
v -26.0066 -117.148 20
v -30.8573 -115.965 20
v -35.6545 -114.581 20
v -40.39 -112.998 20
v -45.0556 -111.22 20
v -49.6433 -109.25 20
v -54.1449 -107.09 20
v -58.5528 -104.745 20
v -62.8594 -102.219 20
v -67.0572 -99.5155 20
v -71.1388 -96.6399 20
v -75.0973 -93.597 20
v -78.9258 -90.392 20
v -82.6176 -87.0306 20
v -86.1665 -83.5185 20
v -89.5661 -79.8618 20
v -92.8107 -76.0669 20
v -95.8947 -72.1402 20
v -98.8126 -68.0887 20
v -101.559 -63.9193 20
v -104.131 -59.6393 20
v -106.521 -55.256 20
v -108.728 -50.777 20
v -110.746 -46.2102 20
v -112.572 -41.5633 20
v -114.204 -36.8445 20
v -115.637 -32.0619 20
v -116.871 -27.2238 20
v -117.902 -22.3386 20
v -118.73 -17.4147 20
v -119.351 -12.4607 20
v -119.766 -7.48503 20
v -119.974 -2.49645 20
v -119.974 2.49645 20
v -119.766 7.48503 20
v -119.351 12.4607 20
v -118.73 17.4147 20
v -117.902 22.3386 20
v -116.871 27.2238 20
v -115.637 32.0619 20
v -114.204 36.8445 20
v -112.572 41.5633 20
v -110.746 46.2102 20
v -108.728 50.777 20
v -106.521 55.256 20
v -104.131 59.6393 20
v -101.559 63.9193 20
v -98.8126 68.0887 20
v -95.8947 72.1402 20
v -92.8107 76.0669 20
v -89.5661 79.8618 20
v -86.1665 83.5185 20
v -82.6176 87.0306 20
v -78.9258 90.392 20
v -75.0973 93.597 20
v -71.1388 96.6399 20
v -67.0572 99.5155 20
v -62.8594 102.219 20
v -58.5528 104.745 20
v -54.1449 107.09 20
v -49.6433 109.25 20
v -45.0556 111.22 20
v -40.39 112.998 20
v -35.6545 114.581 20
v -30.8573 115.965 20
v -26.0066 117.148 20
v -21.1109 118.128 20
v -16.1787 118.904 20
v -11.2184 119.475 20
v -6.23876 119.838 20
v -1.24829 119.993 20
v 3.74434 119.942 20
v 8.73048 119.682 20
v 13.7015 119.215 20
v 18.6488 118.542 20
v 23.5639 117.664 20
v 28.4381 116.582 20
v 33.2631 115.298 20
v 38.0305 113.814 20
v 42.7321 112.134 20
v 47.3597 110.259 20
v 51.9053 108.193 20
v 56.3611 105.941 20
v 60.7193 103.504 20
v 64.9723 100.889 20
v 69.1129 98.099 20
v 73.1339 95.139 20
v 77.0282 92.0144 20
v 80.7892 88.7305 20
v 84.4103 85.293 20
v 87.8853 81.7078 20
v 91.2082 77.9812 20
v 94.3731 74.1196 20
v 97.3747 70.1297 20
v 100.208 66.0183 20
v 102.867 61.7927 20
v 105.349 57.4601 20
v 107.648 53.028 20
v 109.76 48.5041 20
v 111.683 43.8963 20
v 113.412 39.2124 20
v 114.946 34.4607 20
v 116.28 29.6493 20
v 117.412 24.7866 20
v 118.342 19.881 20
v 118.339 -19.8965 210
v 117.411 -24.7934 20
v 116.278 -29.6553 20
v 111.683 -43.8979 20
v 118.34 -19.8876 20
v 118.339 -19.8986 205
v 118.338 -19.9004 200
v 118.341 -19.8874 225
v 118.338 -19.9013 195
v 118.338 -19.9017 190
v 118.338 -19.9018 185
v 118.338 -19.9018 180
v 118.338 -19.9018 175
v 118.338 -19.9018 170
v 118.338 -19.9018 165
v 118.338 -19.9018 160
v 118.338 -19.9018 155
v 118.338 -19.9018 150
v 118.338 -19.9018 145
v 118.338 -19.9018 140
v 118.338 -19.9018 135
v 118.338 -19.9018 130
v 118.338 -19.9018 125
v 118.338 -19.9018 120
v 118.338 -19.9018 115
v 118.338 -19.9018 110
v 118.338 -19.9018 105
v 118.338 -19.9018 100
v 118.338 -19.9018 95
v 118.338 -19.9018 90
v 118.338 -19.9018 85
v 118.338 -19.9018 80
v 118.338 -19.9018 75
v 118.338 -19.9018 70
v 118.338 -19.9018 65
v 118.338 -19.9018 60
v 118.338 -19.9018 55
v 118.338 -19.9016 50
v 118.338 -19.9006 45
v 118.339 -19.8988 40
v 118.339 -19.8962 35
v 118.34 -19.8932 30
v 118.34 -19.8903 25
v 118.342 19.881 225
v 118.342 19.881 220
v 118.342 19.881 215
v 118.342 19.881 210
v 118.342 19.881 205
v 118.342 19.881 200
v 118.342 19.881 195
v 118.342 19.881 190
v 118.342 19.881 185
v 118.342 19.881 180
v 118.342 19.881 175
v 118.342 19.881 170
v 118.342 19.881 165
v 118.342 19.881 160
v 118.342 19.881 155
v 118.342 19.881 150
v 118.342 19.881 145
v 118.342 19.881 140
v 118.342 19.881 135
v 118.342 19.881 130
v 118.342 19.881 125
v 118.342 19.881 120
v 118.342 19.881 115
v 118.342 19.881 110
v 118.342 19.881 105
v 118.342 19.881 100
v 118.342 19.881 95
v 118.342 19.881 90
v 118.342 19.881 85
v 118.342 19.881 80
v 118.342 19.881 75
v 118.342 19.881 70
v 118.342 19.881 65
v 118.342 19.881 60
v 118.342 19.881 55
v 118.342 19.881 50
v 118.342 19.881 45
v 118.342 19.881 40
v 118.342 19.881 35
v 118.342 19.881 30
v 118.342 19.881 25
v 117.411 -24.7932 225
v 116.278 -29.6553 225
v 114.944 -34.4656 225
v 113.411 -39.2161 225
v 111.682 -43.8987 225
v 109.76 -48.5056 225
v 107.647 -53.0288 225
v 105.348 -57.4605 225
v 102.867 -61.7929 225
v 100.208 -66.0184 225
v 97.3747 -70.1297 225
v 94.3731 -74.1196 225
v 91.2082 -77.9812 225
v 87.8853 -81.7078 225
v 84.4103 -85.293 225
v 80.7892 -88.7305 225
v 77.0282 -92.0144 225
v 73.1339 -95.139 225
v 69.1129 -98.099 225
v 64.9723 -100.889 225
v 60.7193 -103.504 225
v 56.3611 -105.941 225
v 51.9053 -108.193 225
v 47.3597 -110.259 225
v 42.7321 -112.134 225
v 38.0305 -113.814 225
v 33.2631 -115.298 225
v 28.4381 -116.582 225
v 23.5639 -117.664 225
v 18.6488 -118.542 225
v 13.7015 -119.215 225
v 8.73048 -119.682 225
v 3.74434 -119.942 225
v -1.24829 -119.993 225
v -6.23876 -119.838 225
v -11.2184 -119.475 225
v -16.1787 -118.904 225
v -21.1109 -118.128 225
v -26.0066 -117.148 225
v -30.8573 -115.965 225
v -35.6545 -114.581 225
v -40.39 -112.998 225
v -45.0556 -111.22 225
v -49.6433 -109.25 225
v -54.1449 -107.09 225
v -58.5528 -104.745 225
v -62.8594 -102.219 225
v -67.0572 -99.5155 225
v -71.1388 -96.6399 225
v -75.0973 -93.597 225
v -78.9258 -90.392 225
v -82.6176 -87.0306 225
v -86.1665 -83.5185 225
v -89.5661 -79.8618 225
v -92.8107 -76.0669 225
v -95.8947 -72.1402 225
v -98.8126 -68.0887 225
v -101.559 -63.9193 225
v -104.131 -59.6393 225
v -106.521 -55.256 225
v -108.728 -50.777 225
v -110.746 -46.2102 225
v -112.572 -41.5633 225
v -114.204 -36.8445 225
v -115.637 -32.0619 225
v -116.871 -27.2238 225
v -117.902 -22.3386 225
v -118.73 -17.4147 225
v -119.351 -12.4607 225
v -119.766 -7.48503 225
v -119.974 -2.49645 225
v -119.974 2.49645 225
v -119.766 7.48503 225
v -119.351 12.4607 225
v -118.73 17.4147 225
v -117.902 22.3386 225
v -116.871 27.2238 225
v -115.637 32.0619 225
v -114.204 36.8445 225
v -112.572 41.5633 225
v -110.746 46.2102 225
v -108.728 50.777 225
v -106.521 55.256 225
v -104.131 59.6393 225
v -101.559 63.9193 225
v -98.8126 68.0887 225
v -95.8947 72.1402 225
v -92.8107 76.0669 225
v -89.5661 79.8618 225
v -86.1665 83.5185 225
v -82.6176 87.0306 225
v -78.9258 90.392 225
v -75.0973 93.597 225
v -71.1388 96.6399 225
v -67.0572 99.5155 225
v -62.8594 102.219 225
v -58.5528 104.745 225
v -54.1449 107.09 225
v -49.6433 109.25 225
v -45.0556 111.22 225
v -40.39 112.998 225
v -35.6545 114.581 225
v -30.8573 115.965 225
v -26.0066 117.148 225
v -21.1109 118.128 225
v -16.1787 118.904 225
v -11.2184 119.475 225
v -6.23876 119.838 225
v -1.24829 119.993 225
v 3.74434 119.942 225
v 8.73048 119.682 225
v 13.7015 119.215 225
v 18.6488 118.542 225
v 23.5639 117.664 225
v 28.4381 116.582 225
v 33.2631 115.298 225
v 38.0305 113.814 225
v 42.7321 112.134 225
v 47.3597 110.259 225
v 51.9053 108.193 225
v 56.3611 105.941 225
v 60.7193 103.504 225
v 64.9723 100.889 225
v 69.1129 98.099 225
v 73.1339 95.139 225
v 77.0282 92.0144 225
v 80.7892 88.7305 225
v 84.4103 85.293 225
v 87.8853 81.7078 225
v 91.2082 77.9812 225
v 94.3731 74.1196 225
v 97.3747 70.1297 225
v 100.208 66.0183 225
v 102.867 61.7927 225
v 105.349 57.4601 225
v 107.648 53.028 225
v 109.76 48.5041 225
v 111.683 43.8963 225
v 113.412 39.2124 225
v 114.946 34.4607 225
v 116.28 29.6493 225
v 117.412 24.7866 225
v 114.943 -34.4683 25
v 113.411 -39.2178 25
v 117.407 -24.812 195
v 117.407 -24.813 190
v 117.41 -24.7965 220
v 105.349 -57.4603 25
v 102.867 -61.7928 25
v 107.647 -53.0286 25
v 100.208 -66.0184 25
v 97.3747 -70.1297 25
v 94.3731 -74.1196 25
v 91.2082 -77.9812 25
v 87.8853 -81.7078 25
v 84.4103 -85.293 25
v 80.7892 -88.7305 25
v 77.0282 -92.0144 25
v 73.1339 -95.139 25
v 69.1129 -98.099 25
v 64.9723 -100.889 25
v 60.7193 -103.504 25
v 56.3611 -105.941 25
v 51.9053 -108.193 25
v 47.3597 -110.259 25
v 42.7321 -112.134 25
v 38.0305 -113.814 25
v 33.2631 -115.298 25
v 28.4381 -116.582 25
v 23.5639 -117.664 25
v 18.6488 -118.542 25
v 13.7015 -119.215 25
v 8.73048 -119.682 25
v 3.74434 -119.942 25
v -1.24829 -119.993 25
v -6.23876 -119.838 25
v -11.2184 -119.475 25
v -16.1787 -118.904 25
v -21.1109 -118.128 25
v -26.0066 -117.148 25
v -30.8573 -115.965 25
v -35.6545 -114.581 25
v -40.39 -112.998 25
v -45.0556 -111.22 25
v -49.6433 -109.25 25
v -54.1449 -107.09 25
v -58.5528 -104.745 25
v -62.8594 -102.219 25
v -67.0572 -99.5155 25
v -71.1388 -96.6399 25
v -75.0973 -93.597 25
v -78.9258 -90.392 25
v -82.6176 -87.0306 25
v -86.1665 -83.5185 25
v -89.5661 -79.8618 25
v -92.8107 -76.0669 25
v -95.8947 -72.1402 25
v -98.8126 -68.0887 25
v -101.559 -63.9193 25
v -104.131 -59.6393 25
v -106.521 -55.256 25
v -108.728 -50.777 25
v -110.746 -46.2102 25
v -112.572 -41.5633 25
v -114.204 -36.8445 25
v -115.637 -32.0619 25
v -116.871 -27.2238 25
v -117.902 -22.3386 25
v -118.73 -17.4147 25
v -119.351 -12.4607 25
v -119.766 -7.48503 25
v -119.974 -2.49645 25
v -119.974 2.49645 25
v -119.766 7.48503 25
v -119.351 12.4607 25
v -118.73 17.4147 25
v -117.902 22.3386 25
v -116.871 27.2238 25
v -115.637 32.0619 25
v -114.204 36.8445 25
v -112.572 41.5633 25
v -110.746 46.2102 25
v -108.728 50.777 25
v -106.521 55.256 25
v -104.131 59.6393 25
v -101.559 63.9193 25
v -98.8126 68.0887 25
v -95.8947 72.1402 25
v -92.8107 76.0669 25
v -89.5661 79.8618 25
v -86.1665 83.5185 25
v -82.6176 87.0306 25
v -78.9258 90.392 25
v -75.0973 93.597 25
v -71.1388 96.6399 25
v -67.0572 99.5155 25
v -62.8594 102.219 25
v -58.5528 104.745 25
v -54.1449 107.09 25
v -49.6433 109.25 25
v -45.0556 111.22 25
v -40.39 112.998 25
v -35.6545 114.581 25
v -30.8573 115.965 25
v -26.0066 117.148 25
v -21.1109 118.128 25
v -16.1787 118.904 25
v -11.2184 119.475 25
v -6.23876 119.838 25
v -1.24829 119.993 25
v 3.74434 119.942 25
v 8.73048 119.682 25
v 13.7015 119.215 25
v 18.6488 118.542 25
v 23.5639 117.664 25
v 28.4381 116.582 25
v 33.2631 115.298 25
v 38.0305 113.814 25
v 42.7321 112.134 25
v 47.3597 110.259 25
v 51.9053 108.193 25
v 56.3611 105.941 25
v 60.7193 103.504 25
v 64.9723 100.889 25
v 69.1129 98.099 25
v 73.1339 95.139 25
v 77.0282 92.0144 25
v 80.7892 88.7305 25
v 84.4103 85.293 25
v 87.8853 81.7078 25
v 91.2082 77.9812 25
v 94.3731 74.1196 25
v 97.3747 70.1297 25
v 100.208 66.0183 25
v 102.867 61.7927 25
v 105.349 57.4601 25
v 107.648 53.028 25
v 109.76 48.5041 25
v 111.683 43.8963 25
v 113.412 39.2124 25
v 114.946 34.4607 25
v 116.28 29.6493 25
v 117.412 24.7866 25
v 111.682 -43.8999 25
v 109.76 -48.5058 25
v 117.409 -24.8001 215
v 117.409 -24.8042 210
v 117.408 -24.8074 205
v 117.41 -24.7963 25
v 116.277 -29.6585 25
v 117.407 -24.8098 200
v 117.407 -24.8132 185
v 117.407 -24.8134 180
v 117.407 -24.8134 175
v 117.407 -24.8134 170
v 117.407 -24.8135 165
v 117.407 -24.8135 160
v 117.407 -24.8135 155
v 117.407 -24.8135 150
v 117.407 -24.8135 145
v 117.407 -24.8135 140
v 117.407 -24.8135 135
v 117.407 -24.8135 130
v 117.407 -24.8135 125
v 117.407 -24.8135 120
v 117.407 -24.8135 115
v 117.407 -24.8135 110
v 117.407 -24.8135 105
v 117.407 -24.8135 100
v 117.407 -24.8135 95
v 117.407 -24.8135 90
v 117.407 -24.8135 85
v 117.407 -24.8135 80
v 117.407 -24.8135 75
v 117.407 -24.8135 70
v 117.407 -24.8135 65
v 117.407 -24.8135 60
v 117.407 -24.8131 55
v 117.407 -24.8119 50
v 117.407 -24.8097 45
v 117.408 -24.8067 40
v 117.409 -24.8031 35
v 117.41 -24.7995 30
v 117.412 24.7866 220
v 117.412 24.7866 215
v 117.412 24.7866 210
v 117.412 24.7866 205
v 117.412 24.7866 200
v 117.412 24.7866 195
v 117.412 24.7866 190
v 117.412 24.7866 185
v 117.412 24.7866 180
v 117.412 24.7866 175
v 117.412 24.7866 170
v 117.412 24.7866 165
v 117.412 24.7866 160
v 117.412 24.7866 155
v 117.412 24.7866 150
v 117.412 24.7866 145
v 117.412 24.7866 140
v 117.412 24.7866 135
v 117.412 24.7866 130
v 117.412 24.7866 125
v 117.412 24.7866 120
v 117.412 24.7866 115
v 117.412 24.7866 110
v 117.412 24.7866 105
v 117.412 24.7866 100
v 117.412 24.7866 95
v 117.412 24.7866 90
v 117.412 24.7866 85
v 117.412 24.7866 80
v 117.412 24.7866 75
v 117.412 24.7866 70
v 117.412 24.7866 65
v 117.412 24.7866 60
v 117.412 24.7866 55
v 117.412 24.7866 50
v 117.412 24.7866 45
v 117.412 24.7866 40
v 117.412 24.7866 35
v 117.412 24.7866 30
v 116.277 -29.6587 220
v 114.943 -34.4688 220
v 113.41 -39.2188 220
v 111.681 -43.9008 220
v 109.759 -48.507 220
v 107.647 -53.0297 220
v 105.348 -57.461 220
v 102.867 -61.7931 220
v 100.208 -66.0185 220
v 97.3746 -70.1298 220
v 94.3731 -74.1196 220
v 91.2082 -77.9812 220
v 87.8853 -81.7078 220
v 84.4103 -85.293 220
v 80.7892 -88.7305 220
v 77.0282 -92.0144 220
v 73.1339 -95.139 220
v 69.1129 -98.099 220
v 64.9723 -100.889 220
v 60.7193 -103.504 220
v 56.3611 -105.941 220
v 51.9053 -108.193 220
v 47.3597 -110.259 220
v 42.7321 -112.134 220
v 38.0305 -113.814 220
v 33.2631 -115.298 220
v 28.4381 -116.582 220
v 23.5639 -117.664 220
v 18.6488 -118.542 220
v 13.7015 -119.215 220
v 8.73048 -119.682 220
v 3.74434 -119.942 220
v -1.24829 -119.993 220
v -6.23876 -119.838 220
v -11.2184 -119.475 220
v -16.1787 -118.904 220
v -21.1109 -118.128 220
v -26.0066 -117.148 220
v -30.8573 -115.965 220
v -35.6545 -114.581 220
v -40.39 -112.998 220
v -45.0556 -111.22 220
v -49.6433 -109.25 220
v -54.1449 -107.09 220
v -58.5528 -104.745 220
v -62.8594 -102.219 220
v -67.0572 -99.5155 220
v -71.1388 -96.6399 220
v -75.0973 -93.597 220
v -78.9258 -90.392 220
v -82.6176 -87.0306 220
v -86.1665 -83.5185 220
v -89.5661 -79.8618 220
v -92.8107 -76.0669 220
v -95.8947 -72.1402 220
v -98.8126 -68.0887 220
v -101.559 -63.9193 220
v -104.131 -59.6393 220
v -106.521 -55.256 220
v -108.728 -50.777 220
v -110.746 -46.2102 220
v -112.572 -41.5633 220
v -114.204 -36.8445 220
v -115.637 -32.0619 220
v -116.871 -27.2238 220
v -117.902 -22.3386 220
v -118.73 -17.4147 220
v -119.351 -12.4607 220
v -119.766 -7.48503 220
v -119.974 -2.49645 220
v -119.974 2.49645 220
v -119.766 7.48503 220
v -119.351 12.4607 220
v -118.73 17.4147 220
v -117.902 22.3386 220
v -116.871 27.2238 220
v -115.637 32.0619 220
v -114.204 36.8445 220
v -112.572 41.5633 220
v -110.746 46.2102 220
v -108.728 50.777 220
v -106.521 55.256 220
v -104.131 59.6393 220
v -101.559 63.9193 220
v -98.8126 68.0887 220
v -95.8947 72.1402 220
v -92.8107 76.0669 220
v -89.5661 79.8618 220
v -86.1665 83.5185 220
v -82.6176 87.0306 220
v -78.9258 90.392 220
v -75.0973 93.597 220
v -71.1388 96.6399 220
v -67.0572 99.5155 220
v -62.8594 102.219 220
v -58.5528 104.745 220
v -54.1449 107.09 220
v -49.6433 109.25 220
v -45.0556 111.22 220
v -40.39 112.998 220
v -35.6545 114.581 220
v -30.8573 115.965 220
v -26.0066 117.148 220
v -21.1109 118.128 220
v -16.1787 118.904 220
v -11.2184 119.475 220
v -6.23876 119.838 220
v -1.24829 119.993 220
v 3.74434 119.942 220
v 8.73048 119.682 220
v 13.7015 119.215 220
v 18.6488 118.542 220
v 23.5639 117.664 220
v 28.4381 116.582 220
v 33.2631 115.298 220
v 38.0305 113.814 220
v 42.7321 112.134 220
v 47.3597 110.259 220
v 51.9053 108.193 220
v 56.3611 105.941 220
v 60.7193 103.504 220
v 64.9723 100.889 220
v 69.1129 98.099 220
v 73.1339 95.139 220
v 77.0282 92.0144 220
v 80.7892 88.7305 220
v 84.4103 85.293 220
v 87.8853 81.7078 220
v 91.2082 77.9812 220
v 94.3731 74.1196 220
v 97.3747 70.1297 220
v 100.208 66.0183 220
v 102.867 61.7927 220
v 105.349 57.4601 220
v 107.648 53.028 220
v 109.76 48.5041 220
v 111.683 43.8963 220
v 113.412 39.2124 220
v 114.946 34.4607 220
v 116.28 29.6493 220
v 116.272 -29.6779 195
v 116.272 -29.6802 190
v 116.271 -29.6821 175
v 116.271 -29.6822 170
v 116.28 29.6493 30
v 105.348 -57.4615 30
v 102.867 -61.7933 30
v 100.207 -66.0186 30
v 97.3747 -70.1297 30
v 94.3731 -74.1196 30
v 87.8853 -81.7078 30
v 84.4103 -85.293 30
v 80.7892 -88.7305 30
v 77.0282 -92.0144 30
v 73.1339 -95.139 30
v 69.1129 -98.099 30
v 64.9723 -100.889 30
v 60.7193 -103.504 30
v 56.3611 -105.941 30
v 51.9053 -108.193 30
v 47.3597 -110.259 30
v 42.7321 -112.134 30
v 38.0305 -113.814 30
v 33.2631 -115.298 30
v 28.4381 -116.582 30
v 23.5639 -117.664 30
v 18.6488 -118.542 30
v 13.7015 -119.215 30
v 8.73048 -119.682 30
v 3.74434 -119.942 30
v -1.24829 -119.993 30
v -6.23876 -119.838 30
v -11.2184 -119.475 30
v -16.1787 -118.904 30
v -21.1109 -118.128 30
v -26.0066 -117.148 30
v -30.8573 -115.965 30
v -35.6545 -114.581 30
v -40.39 -112.998 30
v -45.0556 -111.22 30
v -49.6433 -109.25 30
v -54.1449 -107.09 30
v -58.5528 -104.745 30
v -62.8594 -102.219 30
v -67.0572 -99.5155 30
v -71.1388 -96.6399 30
v -75.0973 -93.597 30
v -78.9258 -90.392 30
v -82.6176 -87.0306 30
v -86.1665 -83.5185 30
v -89.5661 -79.8618 30
v -92.8107 -76.0669 30
v -95.8947 -72.1402 30
v -98.8126 -68.0887 30
v -101.559 -63.9193 30
v -104.131 -59.6393 30
v -106.521 -55.256 30
v -108.728 -50.777 30
v -110.746 -46.2102 30
v -112.572 -41.5633 30
v -114.204 -36.8445 30
v -115.637 -32.0619 30
v -116.871 -27.2238 30
v -117.902 -22.3386 30
v -118.73 -17.4147 30
v -119.351 -12.4607 30
v -119.766 -7.48503 30
v -119.974 -2.49645 30
v -119.974 2.49645 30
v -119.766 7.48503 30
v -119.351 12.4607 30
v -118.73 17.4147 30
v -117.902 22.3386 30
v -116.871 27.2238 30
v -115.637 32.0619 30
v -114.204 36.8445 30
v -112.572 41.5633 30
v -110.746 46.2102 30
v -108.728 50.777 30
v -106.521 55.256 30
v -104.131 59.6393 30
v -101.559 63.9193 30
v -98.8126 68.0887 30
v -95.8947 72.1402 30
v -92.8107 76.0669 30
v -89.5661 79.8618 30
v -86.1665 83.5185 30
v -82.6176 87.0306 30
v -78.9258 90.392 30
v -75.0973 93.597 30
v -71.1388 96.6399 30
v -67.0572 99.5155 30
v -62.8594 102.219 30
v -58.5528 104.745 30
v -54.1449 107.09 30
v -49.6433 109.25 30
v -45.0556 111.22 30
v -40.39 112.998 30
v -35.6545 114.581 30
v -30.8573 115.965 30
v -26.0066 117.148 30
v -21.1109 118.128 30
v -16.1787 118.904 30
v -11.2184 119.475 30
v -6.23876 119.838 30
v -1.24829 119.993 30
v 3.74434 119.942 30
v 8.73048 119.682 30
v 13.7015 119.215 30
v 18.6488 118.542 30
v 23.5639 117.664 30
v 28.4381 116.582 30
v 33.2631 115.298 30
v 38.0305 113.814 30
v 42.7321 112.134 30
v 47.3597 110.259 30
v 51.9053 108.193 30
v 56.3611 105.941 30
v 60.7193 103.504 30
v 64.9723 100.889 30
v 69.1129 98.099 30
v 73.1339 95.139 30
v 77.0282 92.0144 30
v 80.7892 88.7305 30
v 84.4103 85.293 30
v 87.8853 81.7078 30
v 91.2082 77.9812 30
v 94.3731 74.1196 30
v 97.3747 70.1297 30
v 100.208 66.0183 30
v 102.867 61.7927 30
v 105.349 57.4601 30
v 107.648 53.028 30
v 109.76 48.5041 30
v 111.683 43.8963 30
v 113.412 39.2124 30
v 114.946 34.4607 30
v 109.758 -48.5085 30
v 107.646 -53.0304 30
v 116.274 -29.6711 205
v 116.273 -29.6747 200
v 116.276 -29.6625 215
v 116.275 -29.6668 210
v 116.276 -29.6619 30
v 111.68 -43.9031 30
v 116.271 -29.6822 165
v 116.271 -29.6822 160
v 116.271 -29.6809 185
v 116.271 -29.6818 180
v 114.942 -34.472 30
v 113.409 -39.2217 30
v 116.271 -29.6822 155
v 116.271 -29.6822 150
v 116.271 -29.6822 145
v 116.271 -29.6822 140
v 116.271 -29.6822 135
v 116.271 -29.6822 130
v 116.271 -29.6822 125
v 116.271 -29.6822 120
v 116.271 -29.6822 115
v 116.271 -29.6822 110
v 116.271 -29.6822 105
v 116.271 -29.6822 100
v 116.271 -29.6822 95
v 116.271 -29.6822 90
v 116.271 -29.6822 85
v 116.271 -29.6822 80
v 116.271 -29.6822 75
v 116.271 -29.6822 70
v 116.271 -29.6822 65
v 116.271 -29.6818 60
v 116.271 -29.6805 55
v 116.272 -29.678 50
v 116.273 -29.6744 45
v 116.274 -29.6701 40
v 116.275 -29.6658 35
v 91.2082 -77.9812 30
v 116.28 29.6493 215
v 116.28 29.6493 210
v 116.28 29.6493 205
v 116.28 29.6493 200
v 116.28 29.6493 195
v 116.28 29.6493 190
v 116.28 29.6493 185
v 116.28 29.6493 180
v 116.28 29.6493 175
v 116.28 29.6493 170
v 116.28 29.6493 165
v 116.28 29.6493 160
v 116.28 29.6493 155
v 116.28 29.6493 150
v 116.28 29.6493 145
v 116.28 29.6493 140
v 116.28 29.6493 135
v 116.28 29.6493 130
v 116.28 29.6493 125
v 116.28 29.6493 120
v 116.28 29.6493 115
v 116.28 29.6493 110
v 116.28 29.6493 105
v 116.28 29.6493 100
v 116.28 29.6493 95
v 116.28 29.6493 90
v 116.28 29.6493 85
v 116.28 29.6493 80
v 116.28 29.6493 75
v 116.28 29.6493 70
v 116.28 29.6493 65
v 116.28 29.6493 60
v 116.28 29.6493 55
v 116.28 29.6493 50
v 116.28 29.6493 45
v 116.28 29.6493 40
v 116.28 29.6493 35
v 114.942 -34.4727 215
v 113.409 -39.2223 215
v 111.68 -43.9035 215
v 109.758 -48.5089 215
v 107.646 -53.0308 215
v 105.348 -57.4617 215
v 102.867 -61.7935 215.001
v 100.207 -66.0187 215.001
v 97.3746 -70.1299 215.001
v 94.373 -74.1197 215.001
v 91.2081 -77.9812 215.001
v 87.8853 -81.7078 215.001
v 84.4103 -85.293 215.001
v 80.7892 -88.7305 215.001
v 77.0282 -92.0144 215.001
v 73.1339 -95.139 215.001
v 69.1129 -98.099 215.001
v 64.9723 -100.889 215.001
v 60.7193 -103.504 215.001
v 56.3611 -105.941 215.001
v 51.9053 -108.193 215.001
v 47.3597 -110.259 215.001
v 42.7321 -112.134 215.001
v 38.0305 -113.814 215.001
v 33.2631 -115.298 215.001
v 28.4381 -116.582 215.001
v 23.5639 -117.664 215.001
v 18.6488 -118.542 215.001
v 13.7015 -119.215 215.001
v 8.73048 -119.682 215.001
v 3.74434 -119.942 215.001
v -1.24829 -119.993 215.001
v -6.23876 -119.838 215.001
v -11.2184 -119.475 215.001
v -16.1787 -118.904 215.001
v -21.1109 -118.128 215.001
v -26.0066 -117.148 215.001
v -30.8573 -115.965 215.001
v -35.6545 -114.581 215.001
v -40.39 -112.998 215.001
v -45.0556 -111.22 215.001
v -49.6433 -109.25 215.001
v -54.1449 -107.09 215.001
v -58.5528 -104.745 215.001
v -62.8594 -102.219 215.001
v -67.0572 -99.5155 215.001
v -71.1388 -96.6399 215.001
v -75.0973 -93.597 215.001
v -78.9258 -90.392 215.001
v -82.6176 -87.0306 215.001
v -86.1665 -83.5185 215.001
v -89.5661 -79.8618 215.001
v -92.8107 -76.0669 215.001
v -95.8947 -72.1402 215.001
v -98.8126 -68.0887 215.001
v -101.559 -63.9193 215.001
v -104.131 -59.6393 215.001
v -106.521 -55.256 215.001
v -108.728 -50.777 215.001
v -110.746 -46.2102 215.001
v -112.572 -41.5633 215.001
v -114.204 -36.8445 215.001
v -115.637 -32.0619 215.001
v -116.871 -27.2238 215.001
v -117.902 -22.3386 215.001
v -118.73 -17.4147 215.001
v -119.351 -12.4607 215.001
v -119.766 -7.48503 215.001
v -119.974 -2.49645 215.001
v -119.974 2.49645 215.001
v -119.766 7.48503 215.001
v -119.351 12.4607 215.001
v -118.73 17.4147 215.001
v -117.902 22.3386 215.001
v -116.871 27.2238 215.001
v -115.637 32.0619 215.001
v -114.204 36.8445 215.001
v -112.572 41.5633 215.001
v -110.746 46.2102 215.001
v -108.728 50.777 215.001
v -106.521 55.256 215.001
v -104.131 59.6393 215.001
v -101.559 63.9193 215.001
v -98.8126 68.0887 215.001
v -95.8947 72.1402 215.001
v -92.8107 76.0669 215.001
v -89.5661 79.8618 215.001
v -86.1665 83.5185 215.001
v -82.6176 87.0306 215.001
v -78.9258 90.392 215.001
v -75.0973 93.597 215.001
v -71.1388 96.6399 215.001
v -67.0571 99.5155 215.001
v -62.8594 102.219 215.001
v -58.5528 104.745 215.001
v -54.1449 107.09 215.001
v -49.6433 109.25 215.001
v -45.0556 111.22 215.001
v -40.39 112.998 215.001
v -35.6545 114.581 215.001
v -30.8573 115.965 215.001
v -26.0066 117.148 215.001
v -21.1109 118.128 215.001
v -16.1787 118.904 215.001
v -11.2184 119.475 215.001
v -6.23876 119.838 215.001
v -1.24829 119.993 215.001
v 3.74434 119.942 215.001
v 8.73048 119.682 215.001
v 13.7015 119.215 215.001
v 18.6488 118.542 215.001
v 23.5639 117.664 215.001
v 28.4381 116.582 215.001
v 33.2631 115.298 215.001
v 38.0305 113.814 215.001
v 42.7321 112.134 215.001
v 47.3597 110.259 215.001
v 51.9053 108.193 215.001
v 56.3611 105.941 215.001
v 60.7193 103.504 215.001
v 64.9723 100.889 215.001
v 69.1129 98.0989 215.001
v 73.1339 95.139 215.001
v 77.0282 92.0144 215.001
v 80.7892 88.7305 215.001
v 84.4103 85.293 215.001
v 87.8853 81.7078 215.001
v 91.2082 77.9812 215.001
v 94.3731 74.1196 215.001
v 97.3747 70.1297 215.001
v 100.208 66.0183 215.001
v 102.867 61.7927 215.001
v 105.349 57.4601 215.001
v 107.648 53.028 215
v 109.76 48.5041 215
v 111.683 43.8963 215
v 113.412 39.2124 215
v 114.946 34.4607 215
v 114.934 -34.4991 175
v 114.934 -34.4994 170
v 94.3731 -74.1196 35
v 91.2082 -77.9812 35
v 77.0282 -92.0144 35
v 73.1339 -95.139 35
v 109.756 -48.5132 35
v 107.645 -53.0342 35
v 114.937 -34.4898 195.001
v 114.936 -34.4936 190.001
v 114.941 -34.4768 210
v 114.939 -34.4816 205
v 105.346 -57.4645 35
v 102.866 -61.7949 35
v 80.7892 -88.7305 35
v 114.934 -34.4995 165
v 97.3745 -70.13 35
v 87.8853 -81.7078 35
v 84.4103 -85.293 35
v 69.1129 -98.099 35
v 64.9723 -100.889 35
v 60.7193 -103.504 35
v 56.3611 -105.941 35
v 51.9053 -108.193 35
v 47.3597 -110.259 35
v 42.7321 -112.134 35
v 38.0305 -113.814 35
v 33.2631 -115.298 35
v 28.4381 -116.582 35
v 23.5639 -117.664 35
v 18.6488 -118.542 35
v 13.7015 -119.215 35
v 8.73048 -119.682 35
v 3.74434 -119.942 35
v -1.24829 -119.993 35
v -6.23876 -119.838 35
v -11.2184 -119.475 35
v -16.1787 -118.904 35
v -21.1109 -118.128 35
v -26.0066 -117.148 35
v -30.8573 -115.965 35
v -35.6545 -114.581 35
v -40.39 -112.998 35
v -45.0556 -111.22 35
v -49.6433 -109.25 35
v -54.1449 -107.09 35
v -58.5528 -104.745 35
v -62.8594 -102.219 35
v -67.0572 -99.5155 35
v -71.1388 -96.6399 35
v -75.0973 -93.597 35
v -78.9258 -90.392 35
v -82.6176 -87.0306 35
v -86.1665 -83.5185 35
v -89.5661 -79.8618 35
v -92.8107 -76.0669 35
v -95.8947 -72.1402 35
v -98.8126 -68.0887 35
v -101.559 -63.9193 35
v -104.131 -59.6393 35
v -106.521 -55.256 35
v -108.728 -50.777 35
v -110.746 -46.2102 35
v -112.572 -41.5633 35
v -114.204 -36.8445 35
v -115.637 -32.0619 35
v -116.871 -27.2238 35
v -117.902 -22.3386 35
v -118.73 -17.4147 35
v -119.351 -12.4607 35
v -119.766 -7.48503 35
v -119.974 -2.49645 35
v -119.974 2.49645 35
v -119.766 7.48503 35
v -119.351 12.4607 35
v -118.73 17.4147 35
v -117.902 22.3386 35
v -116.871 27.2238 35
v -115.637 32.0619 35
v -114.204 36.8445 35
v -112.572 41.5633 35
v -110.746 46.2102 35
v -108.728 50.777 35
v -106.521 55.256 35
v -104.131 59.6393 35
v -101.559 63.9193 35
v -98.8126 68.0887 35
v -95.8947 72.1402 35
v -92.8107 76.0669 35
v -89.5661 79.8618 35
v -86.1665 83.5185 35
v -82.6176 87.0306 35
v -78.9258 90.392 35
v -75.0973 93.597 35
v -71.1388 96.6399 35
v -67.0572 99.5155 35
v -62.8594 102.219 35
v -58.5528 104.745 35
v -54.1449 107.09 35
v -49.6433 109.25 35
v -45.0556 111.22 35
v -40.39 112.998 35
v -35.6545 114.581 35
v -30.8573 115.965 35
v -26.0066 117.148 35
v -21.1109 118.128 35
v -16.1787 118.904 35
v -11.2184 119.475 35
v -6.23876 119.838 35
v -1.24829 119.993 35
v 3.74434 119.942 35
v 8.73048 119.682 35
v 13.7015 119.215 35
v 18.6488 118.542 35
v 23.5639 117.664 35
v 28.4381 116.582 35
v 33.2631 115.298 35
v 38.0305 113.814 35
v 42.7321 112.134 35
v 47.3597 110.259 35
v 51.9053 108.193 35
v 56.3611 105.941 35
v 60.7193 103.504 35
v 64.9723 100.889 35
v 69.1129 98.099 35
v 73.1339 95.139 35
v 77.0282 92.0144 35
v 80.7892 88.7305 35
v 84.4103 85.293 35
v 87.8853 81.7078 35
v 91.2082 77.9812 35
v 94.3731 74.1196 35
v 97.3747 70.1297 35
v 100.208 66.0183 35
v 102.867 61.7927 35
v 105.349 57.4601 35
v 107.648 53.028 35
v 109.76 48.5041 35
v 111.683 43.8963 35
v 113.412 39.2124 35
v 114.946 34.4607 35
v 114.934 -34.4995 160
v 114.934 -34.4995 155
v 114.938 -34.4854 200.001
v 100.207 -66.0195 35
v 114.934 -34.4995 150
v 111.678 -43.9081 35
v 114.935 -34.4957 185.001
v 114.934 -34.4979 180
v 113.408 -39.2265 35
v 114.934 -34.4995 145
v 114.934 -34.4995 140
v 114.934 -34.4995 135
v 114.934 -34.4995 130
v 114.934 -34.4995 125
v 114.934 -34.4995 120
v 114.934 -34.4995 115
v 114.934 -34.4995 110
v 114.934 -34.4995 105
v 114.934 -34.4995 100
v 114.934 -34.4995 95
v 114.934 -34.4995 90
v 114.934 -34.4995 85
v 114.934 -34.4995 80
v 114.934 -34.4995 75
v 114.934 -34.4995 70
v 114.934 -34.4992 65
v 114.934 -34.498 60
v 114.935 -34.4954 55
v 114.936 -34.4914 50
v 114.938 -34.4864 45
v 114.939 -34.4812 40
v 114.941 -34.4763 35
v 114.946 34.4607 210
v 114.946 34.4607 205
v 114.946 34.4607 200
v 114.946 34.4607 195
v 114.946 34.4607 190
v 114.946 34.4607 185
v 114.946 34.4607 180
v 114.946 34.4607 175
v 114.946 34.4607 170
v 114.946 34.4607 165
v 114.946 34.4607 160
v 114.946 34.4607 155
v 114.946 34.4607 150
v 114.946 34.4607 145
v 114.946 34.4607 140
v 114.946 34.4607 135
v 114.946 34.4607 130
v 114.946 34.4607 125
v 114.946 34.4607 120
v 114.946 34.4607 115
v 114.946 34.4607 110
v 114.946 34.4607 105
v 114.946 34.4607 100
v 114.946 34.4607 95
v 114.946 34.4607 90
v 114.946 34.4607 85
v 114.946 34.4607 80
v 114.946 34.4607 75
v 114.946 34.4607 70
v 114.946 34.4607 65
v 114.946 34.4607 60
v 114.946 34.4607 55
v 114.946 34.4607 50
v 114.946 34.4607 45
v 114.946 34.4607 40
v 113.408 -39.2261 210
v 111.679 -43.9067 210
v 109.757 -48.5113 210.001
v 107.645 -53.0326 210.001
v 105.347 -57.4629 210.002
v 102.866 -61.7943 210.002
v 100.207 -66.0192 210.002
v 97.3744 -70.1301 210.002
v 94.3729 -74.1198 210.002
v 91.2081 -77.9813 210.002
v 87.8853 -81.7079 210.002
v 84.4103 -85.293 210.002
v 80.7892 -88.7305 210.002
v 77.0282 -92.0144 210.002
v 73.1339 -95.139 210.002
v 69.1129 -98.099 210.002
v 64.9723 -100.889 210.002
v 60.7193 -103.504 210.002
v 56.3611 -105.941 210.002
v 51.9053 -108.193 210.002
v 47.3597 -110.259 210.002
v 42.7321 -112.134 210.002
v 38.0305 -113.814 210.002
v 33.2631 -115.298 210.002
v 28.4381 -116.582 210.002
v 23.5639 -117.664 210.002
v 18.6488 -118.542 210.002
v 13.7015 -119.215 210.002
v 8.73048 -119.682 210.002
v 3.74433 -119.942 210.002
v -1.2483 -119.993 210.002
v -6.23876 -119.838 210.002
v -11.2184 -119.475 210.002
v -16.1787 -118.904 210.002
v -21.1109 -118.128 210.002
v -26.0066 -117.148 210.002
v -30.8573 -115.965 210.002
v -35.6545 -114.581 210.002
v -40.39 -112.998 210.002
v -45.0557 -111.22 210.002
v -49.6433 -109.25 210.002
v -54.1449 -107.09 210.002
v -58.5528 -104.745 210.002
v -62.8594 -102.219 210.002
v -67.0572 -99.5155 210.002
v -71.1388 -96.6399 210.002
v -75.0973 -93.597 210.002
v -78.9258 -90.392 210.002
v -82.6176 -87.0306 210.002
v -86.1665 -83.5185 210.002
v -89.5661 -79.8618 210.002
v -92.8107 -76.0669 210.002
v -95.8947 -72.1402 210.002
v -98.8126 -68.0887 210.002
v -101.559 -63.9193 210.002
v -104.131 -59.6393 210.002
v -106.521 -55.256 210.002
v -108.728 -50.777 210.002
v -110.746 -46.2102 210.002
v -112.572 -41.5633 210.002
v -114.204 -36.8445 210.002
v -115.637 -32.0619 210.002
v -116.871 -27.2238 210.002
v -117.902 -22.3386 210.002
v -118.73 -17.4147 210.002
v -119.351 -12.4606 210.002
v -119.766 -7.48502 210.002
v -119.974 -2.49645 210.002
v -119.974 2.49645 210.002
v -119.766 7.48503 210.002
v -119.351 12.4607 210.002
v -118.73 17.4147 210.002
v -117.902 22.3386 210.002
v -116.871 27.2238 210.002
v -115.637 32.0619 210.002
v -114.204 36.8445 210.002
v -112.572 41.5633 210.002
v -110.746 46.2102 210.002
v -108.728 50.777 210.002
v -106.521 55.256 210.002
v -104.131 59.6393 210.002
v -101.559 63.9193 210.002
v -98.8126 68.0887 210.002
v -95.8947 72.1402 210.002
v -92.8107 76.0669 210.002
v -89.5661 79.8618 210.002
v -86.1665 83.5185 210.002
v -82.6176 87.0306 210.002
v -78.9258 90.392 210.002
v -75.0973 93.597 210.002
v -71.1388 96.6399 210.002
v -67.0571 99.5155 210.002
v -62.8594 102.219 210.002
v -58.5528 104.745 210.002
v -54.1449 107.09 210.002
v -49.6432 109.25 210.002
v -45.0556 111.22 210.002
v -40.39 112.998 210.002
v -35.6545 114.581 210.002
v -30.8573 115.965 210.002
v -26.0066 117.148 210.002
v -21.1109 118.128 210.002
v -16.1787 118.904 210.002
v -11.2184 119.475 210.002
v -6.23876 119.838 210.002
v -1.24829 119.993 210.002
v 3.74434 119.942 210.002
v 8.73049 119.682 210.002
v 13.7015 119.215 210.002
v 18.6488 118.542 210.002
v 23.5639 117.664 210.002
v 28.4381 116.582 210.002
v 33.2631 115.298 210.002
v 38.0305 113.814 210.002
v 42.7321 112.134 210.002
v 47.3597 110.259 210.002
v 51.9053 108.193 210.002
v 56.3611 105.941 210.002
v 60.7193 103.504 210.002
v 64.9723 100.889 210.002
v 69.1129 98.0989 210.002
v 73.1339 95.139 210.002
v 77.0282 92.0144 210.002
v 80.7892 88.7305 210.002
v 84.4103 85.293 210.002
v 87.8853 81.7078 210.002
v 91.2082 77.9812 210.002
v 94.3731 74.1196 210.002
v 97.3747 70.1297 210.002
v 100.208 66.0183 210.002
v 102.867 61.7927 210.002
v 105.349 57.4601 210.002
v 107.648 53.028 210.001
v 109.76 48.5041 210.001
v 111.683 43.8963 210
v 113.412 39.2124 210
v 94.3729 -74.1198 40
v 91.2081 -77.9812 40
v 113.397 -39.257 130
v 113.397 -39.257 125
v 69.1129 -98.099 40
v 64.9723 -100.889 40
v 113.398 -39.253 180.001
v 113.398 -39.2554 175
v 113.397 -39.2569 165
v 113.397 -39.257 160
v 102.864 -61.798 40
v 100.206 -66.0209 40
v 113.397 -39.257 155
v 113.397 -39.257 150
v 60.7193 -103.504 40
v 97.3739 -70.1308 40
v 87.8853 -81.7078 40
v 84.4103 -85.293 40
v 80.7892 -88.7305 40
v 56.3611 -105.941 40
v 51.9053 -108.193 40
v 47.3597 -110.259 40
v 42.7321 -112.134 40
v 38.0305 -113.814 40
v 33.2631 -115.298 40
v 28.4381 -116.582 40
v 23.5639 -117.664 40
v 18.6488 -118.542 40
v 13.7015 -119.215 40
v 8.73048 -119.682 40
v 3.74434 -119.942 40
v -1.24829 -119.993 40
v -6.23876 -119.838 40
v -11.2184 -119.475 40
v -16.1787 -118.904 40
v -21.1109 -118.128 40
v -26.0066 -117.148 40
v -30.8573 -115.965 40
v -35.6545 -114.581 40
v -40.39 -112.998 40
v -45.0556 -111.22 40
v -49.6433 -109.25 40
v -54.1449 -107.09 40
v -58.5528 -104.745 40
v -62.8594 -102.219 40
v -67.0572 -99.5155 40
v -71.1388 -96.6399 40
v -75.0973 -93.597 40
v -78.9258 -90.392 40
v -82.6176 -87.0306 40
v -86.1665 -83.5185 40
v -89.5661 -79.8618 40
v -92.8107 -76.0669 40
v -95.8947 -72.1402 40
v -98.8126 -68.0887 40
v -101.559 -63.9193 40
v -104.131 -59.6393 40
v -106.521 -55.256 40
v -108.728 -50.777 40
v -110.746 -46.2102 40
v -112.572 -41.5633 40
v -114.204 -36.8445 40
v -115.637 -32.0619 40
v -116.871 -27.2238 40
v -117.902 -22.3386 40
v -118.73 -17.4147 40
v -119.351 -12.4607 40
v -119.766 -7.48503 40
v -119.974 -2.49645 40
v -119.974 2.49645 40
v -119.766 7.48503 40
v -119.351 12.4607 40
v -118.73 17.4147 40
v -117.902 22.3386 40
v -116.871 27.2238 40
v -115.637 32.0619 40
v -114.204 36.8445 40
v -112.572 41.5633 40
v -110.746 46.2102 40
v -108.728 50.777 40
v -106.521 55.256 40
v -104.131 59.6393 40
v -101.559 63.9193 40
v -98.8126 68.0887 40
v -95.8947 72.1402 40
v -92.8107 76.0669 40
v -89.5661 79.8618 40
v -86.1665 83.5185 40
v -82.6176 87.0306 40
v -78.9258 90.392 40
v -75.0973 93.597 40
v -71.1388 96.6399 40
v -67.0572 99.5155 40
v -62.8594 102.219 40
v -58.5528 104.745 40
v -54.1449 107.09 40
v -49.6433 109.25 40
v -45.0556 111.22 40
v -40.39 112.998 40
v -35.6545 114.581 40
v -30.8573 115.965 40
v -26.0066 117.148 40
v -21.1109 118.128 40
v -16.1787 118.904 40
v -11.2184 119.475 40
v -6.23876 119.838 40
v -1.24829 119.993 40
v 3.74434 119.942 40
v 8.73048 119.682 40
v 13.7015 119.215 40
v 18.6488 118.542 40
v 23.5639 117.664 40
v 28.4381 116.582 40
v 33.2631 115.298 40
v 38.0305 113.814 40
v 42.7321 112.134 40
v 47.3597 110.259 40
v 51.9053 108.193 40
v 56.3611 105.941 40
v 60.7193 103.504 40
v 64.9723 100.889 40
v 69.1129 98.099 40
v 73.1339 95.139 40
v 77.0282 92.0144 40
v 80.7892 88.7305 40
v 84.4103 85.293 40
v 87.8853 81.7078 40
v 91.2082 77.9812 40
v 94.3731 74.1196 40
v 97.3747 70.1297 40
v 100.208 66.0183 40
v 102.867 61.7927 40
v 105.349 57.4601 40
v 107.648 53.028 40
v 109.76 48.5041 40
v 111.683 43.8963 40
v 113.412 39.2124 40
v 113.401 -39.2448 190.002
v 113.4 -39.2492 185.002
v 113.405 -39.2348 200.001
v 113.403 -39.2399 195.002
v 113.397 -39.257 135
v 113.406 -39.2302 205.001
v 113.397 -39.2564 170
v 105.344 -57.4688 40
v 113.406 -39.232 40
v 107.642 -53.0401 40
v 109.754 -48.5195 40
v 113.397 -39.2571 145
v 113.397 -39.257 140
v 111.676 -43.9142 40
v 113.397 -39.257 120
v 113.397 -39.2571 115
v 113.397 -39.2571 110
v 113.397 -39.2571 105
v 113.397 -39.2571 100
v 113.397 -39.2571 95
v 113.397 -39.2571 90
v 113.397 -39.257 85
v 113.397 -39.257 80
v 113.397 -39.257 75
v 113.397 -39.2567 70
v 113.397 -39.2556 65
v 113.398 -39.2532 60
v 113.4 -39.2492 55
v 113.402 -39.2439 50
v 113.404 -39.2379 45
v 77.0282 -92.0144 40
v 73.1339 -95.139 40
v 113.412 39.2124 205
v 113.412 39.2124 200.001
v 113.412 39.2124 195.001
v 113.412 39.2124 190.001
v 113.412 39.2124 185.001
v 113.412 39.2124 180.001
v 113.412 39.2124 175
v 113.412 39.2124 170
v 113.412 39.2124 165
v 113.412 39.2124 160
v 113.412 39.2124 155
v 113.412 39.2124 150
v 113.412 39.2124 145
v 113.412 39.2124 140
v 113.412 39.2124 135
v 113.412 39.2124 130
v 113.412 39.2124 125
v 113.412 39.2124 120
v 113.412 39.2124 115
v 113.412 39.2124 110
v 113.412 39.2124 105
v 113.412 39.2124 100
v 113.412 39.2124 95
v 113.412 39.2124 90
v 113.412 39.2124 85
v 113.412 39.2124 80
v 113.412 39.2124 75
v 113.412 39.2124 70
v 113.412 39.2124 65
v 113.412 39.2124 60
v 113.412 39.2124 55
v 113.412 39.2124 50
v 113.412 39.2124 45
v 111.677 -43.9104 205.001
v 109.756 -48.5146 205.002
v 107.644 -53.0354 205.003
v 105.346 -57.465 205.004
v 102.865 -61.7958 205.005
v 100.206 -66.0202 205.005
v 97.3739 -70.1307 205.005
v 94.3727 -74.1201 205.005
v 91.2079 -77.9815 205.005
v 87.8852 -81.708 205.005
v 84.4103 -85.2931 205.005
v 80.7892 -88.7306 205.005
v 77.0282 -92.0144 205.005
v 73.1339 -95.139 205.005
v 69.1129 -98.099 205.005
v 64.9723 -100.889 205.005
v 60.7193 -103.505 205.005
v 56.3611 -105.941 205.005
v 51.9053 -108.193 205.005
v 47.3597 -110.259 205.005
v 42.7321 -112.134 205.005
v 38.0305 -113.814 205.005
v 33.2631 -115.298 205.005
v 28.4381 -116.582 205.005
v 23.5639 -117.664 205.005
v 18.6488 -118.542 205.005
v 13.7015 -119.215 205.005
v 8.73048 -119.682 205.005
v 3.74433 -119.942 205.005
v -1.2483 -119.993 205.005
v -6.23877 -119.838 205.005
v -11.2184 -119.475 205.005
v -16.1787 -118.904 205.005
v -21.1109 -118.128 205.005
v -26.0066 -117.148 205.005
v -30.8573 -115.965 205.005
v -35.6545 -114.581 205.005
v -40.3901 -112.998 205.005
v -45.0557 -111.22 205.005
v -49.6433 -109.25 205.005
v -54.1449 -107.09 205.005
v -58.5528 -104.745 205.005
v -62.8594 -102.219 205.005
v -67.0572 -99.5155 205.005
v -71.1388 -96.6399 205.005
v -75.0973 -93.597 205.005
v -78.9258 -90.392 205.005
v -82.6176 -87.0306 205.005
v -86.1665 -83.5185 205.005
v -89.5661 -79.8618 205.005
v -92.8107 -76.0669 205.005
v -95.8947 -72.1402 205.005
v -98.8126 -68.0887 205.005
v -101.559 -63.9193 205.005
v -104.131 -59.6393 205.005
v -106.521 -55.256 205.005
v -108.728 -50.777 205.005
v -110.746 -46.2102 205.005
v -112.572 -41.5633 205.005
v -114.204 -36.8445 205.005
v -115.637 -32.0619 205.005
v -116.871 -27.2238 205.005
v -117.902 -22.3386 205.005
v -118.73 -17.4147 205.005
v -119.351 -12.4606 205.005
v -119.766 -7.48502 205.005
v -119.974 -2.49644 205.005
v -119.974 2.49646 205.005
v -119.766 7.48503 205.005
v -119.351 12.4607 205.005
v -118.73 17.4147 205.005
v -117.902 22.3386 205.005
v -116.871 27.2238 205.005
v -115.637 32.0619 205.005
v -114.204 36.8445 205.005
v -112.572 41.5633 205.005
v -110.746 46.2102 205.005
v -108.728 50.777 205.005
v -106.521 55.256 205.005
v -104.131 59.6393 205.005
v -101.559 63.9193 205.005
v -98.8126 68.0887 205.005
v -95.8947 72.1402 205.005
v -92.8107 76.0669 205.005
v -89.5661 79.8618 205.005
v -86.1665 83.5185 205.005
v -82.6176 87.0306 205.005
v -78.9258 90.392 205.005
v -75.0973 93.597 205.005
v -71.1388 96.6399 205.005
v -67.0571 99.5155 205.005
v -62.8594 102.219 205.005
v -58.5528 104.745 205.005
v -54.1449 107.09 205.005
v -49.6432 109.25 205.005
v -45.0556 111.22 205.005
v -40.39 112.998 205.005
v -35.6545 114.581 205.005
v -30.8573 115.965 205.005
v -26.0066 117.148 205.005
v -21.1109 118.128 205.005
v -16.1787 118.904 205.005
v -11.2184 119.475 205.005
v -6.23875 119.838 205.005
v -1.24829 119.993 205.005
v 3.74434 119.942 205.005
v 8.73049 119.682 205.005
v 13.7015 119.215 205.005
v 18.6488 118.542 205.005
v 23.5639 117.664 205.005
v 28.4381 116.582 205.005
v 33.2631 115.298 205.005
v 38.0305 113.814 205.005
v 42.7321 112.134 205.005
v 47.3597 110.259 205.005
v 51.9053 108.193 205.005
v 56.3611 105.941 205.005
v 60.7193 103.504 205.005
v 64.9723 100.889 205.005
v 69.1129 98.0989 205.005
v 73.1339 95.139 205.005
v 77.0282 92.0144 205.005
v 80.7892 88.7305 205.005
v 84.4103 85.293 205.005
v 87.8853 81.7078 205.005
v 91.2082 77.9812 205.005
v 94.3731 74.1196 205.005
v 97.3747 70.1296 205.005
v 100.208 66.0183 205.005
v 102.867 61.7927 205.005
v 105.349 57.4601 205.004
v 107.648 53.028 205.003
v 109.76 48.5041 205.002
v 111.683 43.8963 205.001
v 111.663 -43.9465 130
v 111.663 -43.9465 125
v 60.7193 -103.504 45
v 56.3611 -105.941 45
v 111.663 -43.9465 120
v 111.663 -43.9465 115
v 111.674 -43.9207 45
v 109.751 -48.5264 45
v 77.0282 -92.0144 45
v 73.1339 -95.139 45
v 111.664 -43.9452 170
v 111.663 -43.9462 165
v 80.7892 -88.7305 45
v 64.9723 -100.889 45
v 97.3729 -70.1321 45
v 94.3726 -74.1203 45
v 91.2079 -77.9815 45
v 87.8852 -81.7079 45
v 84.4103 -85.293 45
v 51.9053 -108.193 45
v 47.3597 -110.259 45
v 42.7321 -112.134 45
v 38.0305 -113.814 45
v 33.2631 -115.298 45
v 28.4381 -116.582 45
v 23.5639 -117.664 45
v 18.6488 -118.542 45
v 13.7015 -119.215 45
v 8.73048 -119.682 45
v 3.74434 -119.942 45
v -1.24829 -119.993 45
v -6.23876 -119.838 45
v -11.2184 -119.475 45
v -16.1787 -118.904 45
v -21.1109 -118.128 45
v -26.0066 -117.148 45
v -30.8573 -115.965 45
v -35.6545 -114.581 45
v -40.39 -112.998 45
v -45.0556 -111.22 45
v -49.6433 -109.25 45
v -54.1449 -107.09 45
v -58.5528 -104.745 45
v -62.8594 -102.219 45
v -67.0572 -99.5155 45
v -71.1388 -96.6399 45
v -75.0973 -93.597 45
v -78.9258 -90.392 45
v -82.6176 -87.0306 45
v -86.1665 -83.5185 45
v -89.5661 -79.8618 45
v -92.8107 -76.0669 45
v -95.8947 -72.1402 45
v -98.8126 -68.0887 45
v -101.559 -63.9193 45
v -104.131 -59.6393 45
v -106.521 -55.256 45
v -108.728 -50.777 45
v -110.746 -46.2102 45
v -112.572 -41.5633 45
v -114.204 -36.8445 45
v -115.637 -32.0619 45
v -116.871 -27.2238 45
v -117.902 -22.3386 45
v -118.73 -17.4147 45
v -119.351 -12.4607 45
v -119.766 -7.48503 45
v -119.974 -2.49645 45
v -119.974 2.49645 45
v -119.766 7.48503 45
v -119.351 12.4607 45
v -118.73 17.4147 45
v -117.902 22.3386 45
v -116.871 27.2238 45
v -115.637 32.0619 45
v -114.204 36.8445 45
v -112.572 41.5633 45
v -110.746 46.2102 45
v -108.728 50.777 45
v -106.521 55.256 45
v -104.131 59.6393 45
v -101.559 63.9193 45
v -98.8126 68.0887 45
v -95.8947 72.1402 45
v -92.8107 76.0669 45
v -89.5661 79.8618 45
v -86.1665 83.5185 45
v -82.6176 87.0306 45
v -78.9258 90.392 45
v -75.0973 93.597 45
v -71.1388 96.6399 45
v -67.0572 99.5155 45
v -62.8594 102.219 45
v -58.5528 104.745 45
v -54.1449 107.09 45
v -49.6433 109.25 45
v -45.0556 111.22 45
v -40.39 112.998 45
v -35.6545 114.581 45
v -30.8573 115.965 45
v -26.0066 117.148 45
v -21.1109 118.128 45
v -16.1787 118.904 45
v -11.2184 119.475 45
v -6.23876 119.838 45
v -1.24829 119.993 45
v 3.74434 119.942 45
v 8.73048 119.682 45
v 13.7015 119.215 45
v 18.6488 118.542 45
v 23.5639 117.664 45
v 28.4381 116.582 45
v 33.2631 115.298 45
v 38.0305 113.814 45
v 42.7321 112.134 45
v 47.3597 110.259 45
v 51.9053 108.193 45
v 56.3611 105.941 45
v 60.7193 103.504 45
v 64.9723 100.889 45
v 69.1129 98.099 45
v 73.1339 95.139 45
v 77.0282 92.0144 45
v 80.7892 88.7305 45
v 84.4103 85.293 45
v 87.8853 81.7078 45
v 91.2082 77.9812 45
v 94.3731 74.1196 45
v 97.3747 70.1297 45
v 100.208 66.0183 45
v 102.867 61.7927 45
v 105.349 57.4601 45
v 107.648 53.028 45
v 109.76 48.5041 45
v 111.683 43.8963 45
v 111.676 -43.9151 200.003
v 111.674 -43.9208 195.004
v 111.669 -43.9329 185.003
v 111.666 -43.9389 180.002
v 111.663 -43.9465 110
v 111.665 -43.9425 175.001
v 100.204 -66.0238 45
v 111.671 -43.9267 190.004
v 102.861 -61.8024 44.9999
v 105.341 -57.4743 44.9999
v 111.663 -43.9465 140
v 111.663 -43.9465 135
v 107.639 -53.0466 44.9999
v 111.663 -43.9464 160
v 111.663 -43.9465 145
v 111.663 -43.9465 105
v 111.663 -43.9465 100
v 111.663 -43.9465 95
v 111.663 -43.9464 90
v 111.663 -43.9464 85
v 111.663 -43.9463 80
v 111.664 -43.946 75
v 111.664 -43.9448 69.9999
v 111.665 -43.9423 64.9999
v 111.666 -43.9384 59.9999
v 111.669 -43.9332 55
v 111.671 -43.927 50
v 111.663 -43.9465 150
v 111.663 -43.9464 155
v 69.1129 -98.099 45
v 111.683 43.8963 200.001
v 111.683 43.8963 195.002
v 111.683 43.8963 190.002
v 111.683 43.8963 185.001
v 111.683 43.8963 180.001
v 111.683 43.8963 175.001
v 111.683 43.8963 170
v 111.683 43.8963 165
v 111.683 43.8963 160
v 111.683 43.8963 155
v 111.683 43.8963 150
v 111.683 43.8963 145
v 111.683 43.8963 140
v 111.683 43.8963 135
v 111.683 43.8963 130
v 111.683 43.8963 125
v 111.683 43.8963 120
v 111.683 43.8963 115
v 111.683 43.8963 110
v 111.683 43.8963 105
v 111.683 43.8963 100
v 111.683 43.8963 95
v 111.683 43.8963 90
v 111.683 43.8963 85
v 111.683 43.8963 80
v 111.683 43.8963 75
v 111.683 43.8963 70
v 111.683 43.8963 65
v 111.683 43.8963 60
v 111.683 43.8963 55
v 111.683 43.8963 50
v 109.754 -48.5192 200.004
v 107.642 -53.0396 200.006
v 105.344 -57.4686 200.007
v 102.864 -61.7986 200.008
v 100.205 -66.0221 200.008
v 97.373 -70.132 200.008
v 94.3721 -74.1209 200.009
v 91.2076 -77.9819 200.009
v 87.885 -81.7082 200.009
v 84.4102 -85.2932 200.009
v 80.7891 -88.7306 200.009
v 77.0282 -92.0145 200.009
v 73.1339 -95.1391 200.009
v 69.1129 -98.099 200.009
v 64.9723 -100.889 200.009
v 60.7193 -103.505 200.009
v 56.3611 -105.941 200.009
v 51.9053 -108.193 200.009
v 47.3597 -110.259 200.009
v 42.7321 -112.134 200.009
v 38.0305 -113.814 200.009
v 33.2631 -115.298 200.009
v 28.4381 -116.582 200.009
v 23.5639 -117.664 200.009
v 18.6488 -118.542 200.009
v 13.7015 -119.215 200.009
v 8.73047 -119.682 200.009
v 3.74433 -119.942 200.009
v -1.2483 -119.993 200.009
v -6.23877 -119.838 200.009
v -11.2184 -119.475 200.009
v -16.1787 -118.904 200.009
v -21.1109 -118.128 200.009
v -26.0066 -117.148 200.009
v -30.8573 -115.965 200.009
v -35.6545 -114.581 200.009
v -40.3901 -112.998 200.009
v -45.0557 -111.22 200.009
v -49.6433 -109.25 200.009
v -54.1449 -107.09 200.009
v -58.5528 -104.745 200.009
v -62.8594 -102.219 200.009
v -67.0572 -99.5155 200.009
v -71.1388 -96.6399 200.009
v -75.0973 -93.597 200.009
v -78.9258 -90.392 200.009
v -82.6177 -87.0306 200.009
v -86.1665 -83.5185 200.009
v -89.5661 -79.8618 200.009
v -92.8107 -76.0669 200.009
v -95.8947 -72.1402 200.009
v -98.8126 -68.0887 200.009
v -101.559 -63.9193 200.009
v -104.131 -59.6393 200.009
v -106.521 -55.256 200.009
v -108.728 -50.777 200.009
v -110.746 -46.2102 200.009
v -112.572 -41.5633 200.009
v -114.204 -36.8445 200.009
v -115.637 -32.0619 200.009
v -116.871 -27.2238 200.009
v -117.902 -22.3386 200.009
v -118.73 -17.4147 200.009
v -119.351 -12.4606 200.009
v -119.766 -7.48502 200.009
v -119.974 -2.49644 200.009
v -119.974 2.49646 200.009
v -119.766 7.48504 200.009
v -119.351 12.4607 200.009
v -118.73 17.4147 200.009
v -117.902 22.3386 200.009
v -116.871 27.2238 200.009
v -115.637 32.0619 200.009
v -114.204 36.8445 200.009
v -112.572 41.5633 200.009
v -110.746 46.2102 200.009
v -108.728 50.7771 200.009
v -106.521 55.256 200.009
v -104.131 59.6393 200.009
v -101.559 63.9193 200.009
v -98.8126 68.0887 200.009
v -95.8947 72.1403 200.009
v -92.8107 76.0669 200.009
v -89.5661 79.8618 200.009
v -86.1665 83.5185 200.009
v -82.6176 87.0306 200.009
v -78.9258 90.3921 200.009
v -75.0973 93.597 200.009
v -71.1388 96.6399 200.009
v -67.0571 99.5155 200.009
v -62.8594 102.219 200.009
v -58.5528 104.745 200.009
v -54.1449 107.09 200.009
v -49.6432 109.25 200.009
v -45.0556 111.22 200.009
v -40.39 112.998 200.009
v -35.6545 114.581 200.009
v -30.8573 115.965 200.009
v -26.0066 117.148 200.009
v -21.1109 118.128 200.009
v -16.1787 118.904 200.009
v -11.2184 119.475 200.009
v -6.23875 119.838 200.009
v -1.24828 119.993 200.009
v 3.74435 119.942 200.009
v 8.7305 119.682 200.009
v 13.7015 119.215 200.009
v 18.6488 118.542 200.009
v 23.5639 117.664 200.009
v 28.4381 116.582 200.009
v 33.2631 115.298 200.009
v 38.0305 113.814 200.009
v 42.7321 112.134 200.009
v 47.3597 110.259 200.009
v 51.9053 108.193 200.009
v 56.3611 105.941 200.009
v 60.7193 103.504 200.009
v 64.9724 100.889 200.009
v 69.1129 98.0989 200.009
v 73.1339 95.139 200.009
v 77.0282 92.0144 200.009
v 80.7892 88.7305 200.009
v 84.4103 85.293 200.009
v 87.8853 81.7078 200.009
v 91.2082 77.9812 200.009
v 94.3731 74.1196 200.009
v 97.3747 70.1296 200.008
v 100.208 66.0183 200.008
v 102.867 61.7927 200.007
v 105.349 57.4601 200.005
v 107.648 53.028 200.004
v 109.76 48.5041 200.003
v 60.7193 -103.504 50
v 56.3611 -105.941 50
v 109.736 -48.5596 135
v 109.736 -48.5596 130
v 109.736 -48.5596 125
v 109.736 -48.5596 120
v 109.748 -48.5329 49.9999
v 51.9053 -108.193 50
v 77.0282 -92.0144 50
v 73.1339 -95.139 50
v 107.635 -53.053 49.9999
v 47.3597 -110.259 50
v 64.9723 -100.889 50
v 97.371 -70.1348 50
v 94.3716 -74.1216 50.0001
v 91.2074 -77.9821 50
v 87.885 -81.7082 50
v 84.4103 -85.2931 50
v 80.7892 -88.7305 50
v 42.7321 -112.134 50
v 33.2631 -115.298 50
v 28.4381 -116.582 50
v 23.5639 -117.664 50
v 18.6488 -118.542 50
v 13.7015 -119.215 50
v 8.73048 -119.682 50
v 3.74434 -119.942 50
v -1.24829 -119.993 50
v -6.23876 -119.838 50
v -11.2184 -119.475 50
v -16.1787 -118.904 50
v -21.1109 -118.128 50
v -26.0066 -117.148 50
v -30.8573 -115.965 50
v -35.6545 -114.581 50
v -40.39 -112.998 50
v -45.0556 -111.22 50
v -49.6433 -109.25 50
v -54.1449 -107.09 50
v -58.5528 -104.745 50
v -62.8594 -102.219 50
v -67.0572 -99.5155 50
v -71.1388 -96.6399 50
v -75.0973 -93.597 50
v -78.9258 -90.392 50
v -82.6176 -87.0306 50
v -86.1665 -83.5185 50
v -89.5661 -79.8618 50
v -92.8107 -76.0669 50
v -95.8947 -72.1402 50
v -98.8126 -68.0887 50
v -101.559 -63.9193 50
v -104.131 -59.6393 50
v -106.521 -55.256 50
v -108.728 -50.777 50
v -110.746 -46.2102 50
v -112.572 -41.5633 50
v -114.204 -36.8445 50
v -115.637 -32.0619 50
v -116.871 -27.2238 50
v -117.902 -22.3386 50
v -118.73 -17.4147 50
v -119.351 -12.4607 50
v -119.766 -7.48503 50
v -119.974 -2.49645 50
v -119.974 2.49645 50
v -119.766 7.48503 50
v -119.351 12.4607 50
v -118.73 17.4147 50
v -117.902 22.3386 50
v -116.871 27.2238 50
v -115.637 32.0619 50
v -114.204 36.8445 50
v -112.572 41.5633 50
v -110.746 46.2102 50
v -108.728 50.777 50
v -106.521 55.256 50
v -104.131 59.6393 50
v -101.559 63.9193 50
v -98.8126 68.0887 50
v -95.8947 72.1402 50
v -92.8107 76.0669 50
v -89.5661 79.8618 50
v -86.1665 83.5185 50
v -82.6176 87.0306 50
v -78.9258 90.392 50
v -75.0973 93.597 50
v -71.1388 96.6399 50
v -67.0572 99.5155 50
v -62.8594 102.219 50
v -58.5528 104.745 50
v -54.1449 107.09 50
v -49.6433 109.25 50
v -45.0556 111.22 50
v -40.39 112.998 50
v -35.6545 114.581 50
v -30.8573 115.965 50
v -26.0066 117.148 50
v -21.1109 118.128 50
v -16.1787 118.904 50
v -11.2184 119.475 50
v -6.23876 119.838 50
v -1.24829 119.993 50
v 3.74434 119.942 50
v 8.73048 119.682 50
v 13.7015 119.215 50
v 18.6488 118.542 50
v 23.5639 117.664 50
v 28.4381 116.582 50
v 33.2631 115.298 50
v 38.0305 113.814 50
v 42.7321 112.134 50
v 47.3597 110.259 50
v 51.9053 108.193 50
v 56.3611 105.941 50
v 60.7193 103.504 50
v 64.9723 100.889 50
v 69.1129 98.099 50
v 73.1339 95.139 50
v 77.0282 92.0144 50
v 80.7892 88.7305 50
v 84.4103 85.293 50
v 87.8853 81.7078 50
v 91.2082 77.9812 50
v 94.3731 74.1196 50
v 97.3747 70.1297 50
v 100.208 66.0183 50
v 102.867 61.7927 50
v 105.349 57.4601 50
v 107.648 53.028 50
v 109.76 48.5041 50
v 109.736 -48.5596 155
v 109.736 -48.5596 150
v 69.1129 -98.099 50
v 109.745 -48.5393 185.005
v 109.742 -48.547 180.004
v 109.736 -48.5596 145
v 109.736 -48.5589 165
v 109.736 -48.5595 160
v 38.0305 -113.814 50
v 109.736 -48.5596 115
v 109.736 -48.5596 110
v 105.338 -57.4803 49.9999
v 100.201 -66.028 50
v 102.858 -61.8077 50
v 109.736 -48.5596 140
v 109.736 -48.5595 95
v 109.736 -48.5594 90
v 109.736 -48.5592 85
v 109.736 -48.5586 80
v 109.737 -48.5573 75
v 109.738 -48.5547 69.9999
v 109.74 -48.5506 64.9999
v 109.742 -48.5452 59.9999
v 109.745 -48.539 54.9999
v 109.736 -48.5596 105
v 109.751 -48.5252 195.006
v 109.736 -48.5596 100
v 109.76 48.5041 195.003
v 109.76 48.5041 190.003
v 109.76 48.5041 185.003
v 109.76 48.5041 180.002
v 109.76 48.5041 175.001
v 109.76 48.5041 170.001
v 109.76 48.5041 165
v 109.76 48.5041 160
v 109.76 48.5041 155
v 109.76 48.5041 150
v 109.76 48.5041 145
v 109.76 48.5041 140
v 109.76 48.5041 135
v 109.76 48.5041 130
v 109.76 48.5041 125
v 109.76 48.5041 120
v 109.76 48.5041 115
v 109.76 48.5041 110
v 109.76 48.5041 105
v 109.76 48.5041 100
v 109.76 48.5041 95
v 109.76 48.5041 90
v 109.76 48.5041 85
v 109.76 48.5041 80
v 109.76 48.5041 75
v 109.76 48.5041 70
v 109.76 48.5041 65
v 109.76 48.5041 60
v 109.76 48.5041 55
v 109.739 -48.5524 175.002
v 109.737 -48.5569 170.001
v 109.748 -48.5318 190.006
v 107.639 -53.0454 195.008
v 105.341 -57.4739 195.009
v 102.861 -61.8031 195.01
v 100.203 -66.0255 195.01
v 97.3714 -70.1343 195.01
v 94.371 -74.1223 195.01
v 91.2069 -77.9827 195.01
v 87.8846 -81.7086 195.01
v 84.41 -85.2934 195.01
v 80.789 -88.7307 195.01
v 77.0281 -92.0145 195.01
v 73.1338 -95.1391 195.01
v 69.1129 -98.099 195.01
v 64.9723 -100.889 195.01
v 60.7192 -103.505 195.01
v 56.3611 -105.941 195.01
v 51.9053 -108.193 195.01
v 47.3597 -110.259 195.01
v 42.7321 -112.134 195.01
v 38.0305 -113.814 195.01
v 33.2631 -115.298 195.01
v 28.4381 -116.582 195.01
v 23.5639 -117.664 195.01
v 18.6488 -118.542 195.01
v 13.7015 -119.215 195.01
v 8.73047 -119.682 195.01
v 3.74432 -119.942 195.01
v -1.24831 -119.993 195.01
v -6.23878 -119.838 195.01
v -11.2184 -119.475 195.01
v -16.1787 -118.904 195.01
v -21.1109 -118.128 195.01
v -26.0066 -117.148 195.01
v -30.8573 -115.965 195.01
v -35.6545 -114.581 195.01
v -40.3901 -112.998 195.01
v -45.0557 -111.22 195.01
v -49.6433 -109.25 195.01
v -54.1449 -107.09 195.01
v -58.5529 -104.745 195.01
v -62.8594 -102.219 195.01
v -67.0572 -99.5155 195.01
v -71.1388 -96.6399 195.01
v -75.0973 -93.597 195.01
v -78.9258 -90.392 195.01
v -82.6177 -87.0306 195.01
v -86.1665 -83.5185 195.01
v -89.5661 -79.8618 195.01
v -92.8107 -76.0669 195.01
v -95.8947 -72.1402 195.01
v -98.8126 -68.0887 195.01
v -101.559 -63.9193 195.01
v -104.131 -59.6393 195.01
v -106.521 -55.256 195.01
v -108.728 -50.777 195.01
v -110.746 -46.2102 195.01
v -112.572 -41.5633 195.01
v -114.204 -36.8445 195.01
v -115.637 -32.0619 195.01
v -116.871 -27.2238 195.01
v -117.902 -22.3386 195.01
v -118.73 -17.4147 195.01
v -119.351 -12.4606 195.01
v -119.766 -7.48501 195.01
v -119.974 -2.49643 195.01
v -119.974 2.49646 195.01
v -119.766 7.48504 195.01
v -119.351 12.4607 195.01
v -118.73 17.4147 195.01
v -117.902 22.3386 195.01
v -116.871 27.2238 195.01
v -115.637 32.0619 195.01
v -114.204 36.8445 195.01
v -112.572 41.5633 195.01
v -110.746 46.2102 195.01
v -108.728 50.7771 195.01
v -106.521 55.256 195.01
v -104.131 59.6393 195.01
v -101.559 63.9193 195.01
v -98.8126 68.0887 195.01
v -95.8947 72.1403 195.01
v -92.8107 76.0669 195.01
v -89.5661 79.8618 195.01
v -86.1665 83.5185 195.01
v -82.6176 87.0306 195.01
v -78.9258 90.3921 195.01
v -75.0973 93.597 195.01
v -71.1388 96.6399 195.01
v -67.0571 99.5155 195.01
v -62.8594 102.219 195.01
v -58.5528 104.745 195.01
v -54.1449 107.09 195.01
v -49.6432 109.25 195.01
v -45.0556 111.22 195.01
v -40.39 112.998 195.01
v -35.6545 114.581 195.01
v -30.8573 115.965 195.01
v -26.0066 117.148 195.01
v -21.1109 118.128 195.01
v -16.1787 118.904 195.01
v -11.2184 119.475 195.01
v -6.23875 119.838 195.01
v -1.24828 119.993 195.01
v 3.74435 119.942 195.01
v 8.7305 119.682 195.01
v 13.7015 119.215 195.01
v 18.6488 118.542 195.01
v 23.5639 117.664 195.01
v 28.4381 116.582 195.01
v 33.2631 115.298 195.01
v 38.0305 113.814 195.01
v 42.7321 112.134 195.01
v 47.3597 110.259 195.01
v 51.9053 108.193 195.01
v 56.3611 105.941 195.01
v 60.7193 103.504 195.01
v 64.9724 100.889 195.01
v 69.1129 98.0989 195.01
v 73.1339 95.139 195.01
v 77.0282 92.0144 195.01
v 80.7892 88.7305 195.01
v 84.4103 85.293 195.01
v 87.8853 81.7078 195.01
v 91.2082 77.9812 195.01
v 94.3731 74.1196 195.01
v 97.3747 70.1296 195.01
v 100.208 66.0183 195.009
v 102.867 61.7927 195.008
v 105.349 57.4601 195.006
v 107.648 53.028 195.004
v 107.618 -53.0885 135
v 107.618 -53.0885 130
v 47.3597 -110.259 55
v 42.7321 -112.134 55
v 80.7891 -88.7306 55
v 77.0282 -92.0144 55
v 105.334 -57.4871 55
v 102.854 -61.8138 55
v 107.618 -53.0877 160
v 107.618 -53.0883 155
v 60.7193 -103.504 55
v 56.3611 -105.941 55
v 107.624 -53.0765 175.003
v 107.621 -53.0829 170.001
v 107.619 -53.0858 165
v 73.1339 -95.139 55
v 107.632 -53.0595 54.9999
v 23.5639 -117.664 55
v 18.6488 -118.542 55
v 64.9723 -100.889 55
v 97.3679 -70.1391 55.0001
v 94.3694 -74.1243 55.0001
v 91.2062 -77.9836 55
v 87.8844 -81.7088 55
v 84.4101 -85.2932 55
v 107.628 -53.0688 180.005
v 33.2631 -115.298 55
v 28.4381 -116.582 55
v 13.7015 -119.215 55
v 8.73048 -119.682 55
v 3.74434 -119.942 55
v -1.24829 -119.993 55
v -6.23876 -119.838 55
v -11.2184 -119.475 55
v -16.1787 -118.904 55
v -21.1109 -118.128 55
v -26.0066 -117.148 55
v -30.8573 -115.965 55
v -35.6545 -114.581 55
v -40.39 -112.998 55
v -45.0556 -111.22 55
v -49.6433 -109.25 55
v -54.1449 -107.09 55
v -58.5528 -104.745 55
v -62.8594 -102.219 55
v -67.0572 -99.5155 55
v -71.1388 -96.6399 55
v -75.0973 -93.597 55
v -78.9258 -90.392 55
v -82.6176 -87.0306 55
v -86.1665 -83.5185 55
v -89.5661 -79.8618 55
v -92.8107 -76.0669 55
v -95.8947 -72.1402 55
v -98.8126 -68.0887 55
v -101.559 -63.9193 55
v -104.131 -59.6393 55
v -106.521 -55.256 55
v -108.728 -50.777 55
v -110.746 -46.2102 55
v -112.572 -41.5633 55
v -114.204 -36.8445 55
v -115.637 -32.0619 55
v -116.871 -27.2238 55
v -117.902 -22.3386 55
v -118.73 -17.4147 55
v -119.351 -12.4607 55
v -119.766 -7.48503 55
v -119.974 -2.49645 55
v -119.974 2.49645 55
v -119.766 7.48503 55
v -119.351 12.4607 55
v -118.73 17.4147 55
v -117.902 22.3386 55
v -116.871 27.2238 55
v -115.637 32.0619 55
v -114.204 36.8445 55
v -112.572 41.5633 55
v -110.746 46.2102 55
v -108.728 50.777 55
v -106.521 55.256 55
v -104.131 59.6393 55
v -101.559 63.9193 55
v -98.8126 68.0887 55
v -95.8947 72.1402 55
v -92.8107 76.0669 55
v -89.5661 79.8618 55
v -86.1665 83.5185 55
v -82.6176 87.0306 55
v -78.9258 90.392 55
v -75.0973 93.597 55
v -71.1388 96.6399 55
v -67.0572 99.5155 55
v -62.8594 102.219 55
v -58.5528 104.745 55
v -54.1449 107.09 55
v -49.6433 109.25 55
v -45.0556 111.22 55
v -40.39 112.998 55
v -35.6545 114.581 55
v -30.8573 115.965 55
v -26.0066 117.148 55
v -21.1109 118.128 55
v -16.1787 118.904 55
v -11.2184 119.475 55
v -6.23876 119.838 55
v -1.24829 119.993 55
v 3.74434 119.942 55
v 8.73048 119.682 55
v 13.7015 119.215 55
v 18.6488 118.542 55
v 23.5639 117.664 55
v 28.4381 116.582 55
v 33.2631 115.298 55
v 38.0305 113.814 55
v 42.7321 112.134 55
v 47.3597 110.259 55
v 51.9053 108.193 55
v 56.3611 105.941 55
v 60.7193 103.504 55
v 64.9723 100.889 55
v 69.1129 98.099 55
v 73.1339 95.139 55
v 77.0282 92.0144 55
v 80.7892 88.7305 55
v 84.4103 85.293 55
v 87.8853 81.7078 55
v 91.2082 77.9812 55
v 94.3731 74.1196 55
v 97.3747 70.1297 55
v 100.208 66.0183 55
v 102.867 61.7927 55
v 105.349 57.4601 55
v 107.648 53.028 55
v 107.618 -53.0883 100
v 107.618 -53.0881 95
v 107.618 -53.0885 125
v 69.1129 -98.099 55
v 107.618 -53.0876 89.9999
v 107.632 -53.0603 185.007
v 107.618 -53.0884 150
v 107.618 -53.0885 145
v 107.62 -53.0851 80
v 107.621 -53.0826 75
v 107.618 -53.0885 115
v 107.618 -53.0884 110
v 100.198 -66.0335 55.0001
v 107.619 -53.0865 84.9999
v 107.623 -53.0782 70
v 107.626 -53.0725 65
v 107.629 -53.0658 60
v 107.618 -53.0884 105
v 51.9053 -108.193 55
v 107.618 -53.0885 120
v 107.636 -53.0524 190.007
v 107.618 -53.0885 140
v 107.648 53.028 190.004
v 107.648 53.028 185.004
v 107.648 53.028 180.003
v 107.648 53.028 175.002
v 107.648 53.028 170.001
v 107.648 53.028 165.001
v 107.648 53.028 160
v 107.648 53.028 155
v 107.648 53.028 150
v 107.648 53.028 145
v 107.648 53.028 140
v 107.648 53.028 135
v 107.648 53.028 130
v 107.648 53.028 125
v 107.648 53.028 120
v 107.648 53.028 115
v 107.648 53.028 110
v 107.648 53.028 105
v 107.648 53.028 100
v 107.648 53.028 95
v 107.648 53.028 90
v 107.648 53.028 85
v 107.648 53.028 80
v 107.648 53.028 75
v 107.648 53.028 70
v 107.648 53.028 65
v 107.648 53.028 60
v 38.0305 -113.814 55
v 105.337 -57.4808 190.009
v 102.857 -61.8092 190.009
v 100.2 -66.0305 190.01
v 97.3688 -70.1379 190.01
v 94.3691 -74.1247 190.01
v 91.2057 -77.9841 190.01
v 87.8839 -81.7094 190.01
v 84.4096 -85.2938 190.01
v 80.7888 -88.7309 190.01
v 77.028 -92.0146 190.01
v 73.1338 -95.1391 190.01
v 69.1129 -98.099 190.01
v 64.9723 -100.889 190.01
v 60.7192 -103.505 190.01
v 56.3611 -105.941 190.01
v 51.9053 -108.193 190.01
v 47.3597 -110.259 190.01
v 42.7321 -112.134 190.01
v 38.0305 -113.814 190.01
v 33.2631 -115.298 190.01
v 28.4381 -116.582 190.01
v 23.5638 -117.664 190.01
v 18.6488 -118.542 190.01
v 13.7015 -119.215 190.01
v 8.73047 -119.682 190.01
v 3.74432 -119.942 190.01
v -1.24831 -119.993 190.01
v -6.23878 -119.838 190.01
v -11.2184 -119.475 190.01
v -16.1787 -118.904 190.01
v -21.1109 -118.128 190.01
v -26.0066 -117.148 190.01
v -30.8573 -115.965 190.01
v -35.6545 -114.581 190.01
v -40.3901 -112.998 190.01
v -45.0557 -111.22 190.01
v -49.6433 -109.25 190.01
v -54.1449 -107.09 190.01
v -58.5529 -104.745 190.01
v -62.8594 -102.219 190.01
v -67.0572 -99.5155 190.01
v -71.1388 -96.6399 190.01
v -75.0973 -93.597 190.01
v -78.9258 -90.392 190.01
v -82.6177 -87.0306 190.01
v -86.1665 -83.5185 190.01
v -89.5661 -79.8618 190.01
v -92.8107 -76.0669 190.01
v -95.8947 -72.1402 190.01
v -98.8126 -68.0887 190.01
v -101.559 -63.9193 190.01
v -104.131 -59.6393 190.01
v -106.521 -55.256 190.01
v -108.728 -50.777 190.01
v -110.746 -46.2102 190.01
v -112.572 -41.5633 190.01
v -114.204 -36.8445 190.01
v -115.637 -32.0619 190.01
v -116.871 -27.2238 190.01
v -117.902 -22.3386 190.01
v -118.73 -17.4147 190.01
v -119.351 -12.4606 190.01
v -119.766 -7.48501 190.01
v -119.974 -2.49643 190.01
v -119.974 2.49646 190.01
v -119.766 7.48504 190.01
v -119.351 12.4607 190.01
v -118.73 17.4147 190.01
v -117.902 22.3386 190.01
v -116.871 27.2238 190.01
v -115.637 32.0619 190.01
v -114.204 36.8445 190.01
v -112.572 41.5633 190.01
v -110.746 46.2102 190.01
v -108.728 50.7771 190.01
v -106.521 55.256 190.01
v -104.131 59.6393 190.01
v -101.559 63.9193 190.01
v -98.8126 68.0887 190.01
v -95.8947 72.1403 190.01
v -92.8107 76.0669 190.01
v -89.5661 79.8618 190.01
v -86.1665 83.5185 190.01
v -82.6176 87.0306 190.01
v -78.9258 90.3921 190.01
v -75.0973 93.597 190.01
v -71.1388 96.6399 190.01
v -67.0571 99.5155 190.01
v -62.8594 102.219 190.01
v -58.5528 104.745 190.01
v -54.1449 107.09 190.01
v -49.6432 109.25 190.01
v -45.0556 111.22 190.01
v -40.39 112.998 190.01
v -35.6545 114.581 190.01
v -30.8573 115.965 190.01
v -26.0066 117.148 190.01
v -21.1109 118.128 190.01
v -16.1787 118.904 190.01
v -11.2184 119.475 190.01
v -6.23875 119.838 190.01
v -1.24828 119.993 190.01
v 3.74435 119.942 190.01
v 8.7305 119.682 190.01
v 13.7015 119.215 190.01
v 18.6488 118.542 190.01
v 23.5639 117.664 190.01
v 28.4381 116.582 190.01
v 33.2631 115.298 190.01
v 38.0305 113.814 190.01
v 42.7321 112.134 190.01
v 47.3597 110.259 190.01
v 51.9053 108.193 190.01
v 56.3611 105.941 190.01
v 60.7193 103.504 190.01
v 64.9724 100.889 190.01
v 69.1129 98.0989 190.01
v 73.1339 95.139 190.01
v 77.0282 92.0144 190.01
v 80.7892 88.7305 190.01
v 84.4103 85.293 190.01
v 87.8853 81.7078 190.01
v 91.2082 77.9812 190.01
v 94.3731 74.1196 190.01
v 97.3747 70.1296 190.01
v 100.208 66.0183 190.009
v 102.867 61.7927 190.007
v 105.349 57.4601 190.006
v 47.3597 -110.259 60
v 42.7321 -112.134 60
v 105.313 -57.525 105
v 105.313 -57.5248 99.9999
v 91.204 -77.9861 59.9996
v 87.8835 -81.7098 59.9997
v 105.316 -57.5207 84.9997
v 105.317 -57.518 79.9998
v 105.314 -57.5227 89.9997
v 105.313 -57.5252 125
v 105.313 -57.5252 120
v 77.0282 -92.0145 60
v 73.1339 -95.139 60
v 105.32 -57.5135 170.001
v 105.316 -57.5193 165.001
v 102.85 -61.8209 60.0001
v 100.193 -66.0399 60.0001
v 23.5639 -117.664 60
v 18.6488 -118.542 60
v 105.314 -57.5239 94.9998
v 97.3637 -70.1449 59.9999
v 94.3659 -74.1288 59.9997
v 84.4095 -85.2939 59.9998
v 80.7889 -88.7308 59.9999
v 105.349 57.4601 60
v 33.2631 -115.298 60
v 28.4381 -116.582 60
v 8.73048 -119.682 60
v 3.74434 -119.942 60
v -6.23876 -119.838 60
v -11.2184 -119.475 60
v -16.1787 -118.904 60
v -21.1109 -118.128 60
v -26.0066 -117.148 60
v -30.8573 -115.965 60
v -35.6545 -114.581 60
v -40.39 -112.998 60
v -45.0556 -111.22 60
v -49.6433 -109.25 60
v -54.1449 -107.09 60
v -58.5528 -104.745 60
v -62.8594 -102.219 60
v -67.0572 -99.5155 60
v -71.1388 -96.6399 60
v -75.0973 -93.597 60
v -78.9258 -90.392 60
v -82.6176 -87.0306 60
v -86.1665 -83.5185 60
v -89.5661 -79.8618 60
v -92.8107 -76.0669 60
v -95.8947 -72.1402 60
v -98.8126 -68.0887 60
v -101.559 -63.9193 60
v -104.131 -59.6393 60
v -106.521 -55.256 60
v -108.728 -50.777 60
v -110.746 -46.2102 60
v -112.572 -41.5633 60
v -114.204 -36.8445 60
v -115.637 -32.0619 60
v -116.871 -27.2238 60
v -117.902 -22.3386 60
v -118.73 -17.4147 60
v -119.351 -12.4607 60
v -119.766 -7.48503 60
v -119.974 -2.49645 60
v -119.974 2.49645 60
v -119.766 7.48503 60
v -119.351 12.4607 60
v -118.73 17.4147 60
v -117.902 22.3386 60
v -116.871 27.2238 60
v -115.637 32.0619 60
v -114.204 36.8445 60
v -112.572 41.5633 60
v -110.746 46.2102 60
v -108.728 50.777 60
v -106.521 55.256 60
v -104.131 59.6393 60
v -101.559 63.9193 60
v -98.8126 68.0887 60
v -95.8947 72.1402 60
v -92.8107 76.0669 60
v -89.5661 79.8618 60
v -86.1665 83.5185 60
v -82.6176 87.0306 60
v -78.9258 90.392 60
v -75.0973 93.597 60
v -71.1388 96.6399 60
v -67.0572 99.5155 60
v -62.8594 102.219 60
v -58.5528 104.745 60
v -54.1449 107.09 60
v -49.6433 109.25 60
v -45.0556 111.22 60
v -40.39 112.998 60
v -35.6545 114.581 60
v -30.8573 115.965 60
v -26.0066 117.148 60
v -21.1109 118.128 60
v -16.1787 118.904 60
v -11.2184 119.475 60
v -6.23876 119.838 60
v -1.24829 119.993 60
v 3.74434 119.942 60
v 8.73048 119.682 60
v 13.7015 119.215 60
v 18.6488 118.542 60
v 23.5639 117.664 60
v 28.4381 116.582 60
v 33.2631 115.298 60
v 38.0305 113.814 60
v 42.7321 112.134 60
v 47.3597 110.259 60
v 51.9053 108.193 60
v 56.3611 105.941 60
v 60.7193 103.504 60
v 64.9723 100.889 60
v 69.1129 98.099 60
v 73.1339 95.139 60
v 77.0282 92.0144 60
v 80.7892 88.7305 60
v 84.4103 85.293 60
v 87.8853 81.7078 60
v 91.2082 77.9812 60
v 94.3731 74.1196 60
v 97.3747 70.1297 60
v 100.208 66.0183 60
v 102.867 61.7927 60
v 38.0305 -113.814 60
v 51.9053 -108.193 60
v 105.313 -57.5251 115
v 105.313 -57.5252 130
v 69.1129 -98.099 60
v 64.9723 -100.889 60
v 105.32 -57.5131 74.9999
v 105.323 -57.5078 70.0001
v 105.324 -57.506 175.003
v 105.333 -57.4886 185.007
v 105.328 -57.4972 180.005
v 105.313 -57.525 150
v 105.313 -57.5251 145
v 105.326 -57.5007 65.0001
v 56.3611 -105.941 60
v 105.315 -57.522 160
v 105.314 -57.5241 155
v 105.33 -57.4935 60
v 105.313 -57.5251 110
v 105.313 -57.5251 140
v 105.313 -57.5252 135
v -1.24829 -119.993 60
v 13.7015 -119.215 60
v 105.349 57.4601 185.005
v 105.349 57.4601 180.003
v 105.349 57.4601 175.002
v 105.349 57.4601 170.001
v 105.349 57.4601 165.001
v 105.349 57.4601 160
v 105.349 57.4601 155
v 105.349 57.4601 150
v 105.349 57.4601 145
v 105.349 57.4601 140
v 105.349 57.4601 135
v 105.349 57.4601 130
v 105.349 57.4601 125
v 105.349 57.4601 120
v 105.349 57.4601 115
v 105.349 57.4601 110
v 105.349 57.4601 105
v 105.349 57.4601 100
v 105.349 57.4601 95
v 105.349 57.4601 90
v 105.349 57.4601 85
v 105.349 57.4601 80
v 105.349 57.4601 75
v 105.349 57.4601 70
v 105.349 57.4601 65
v 60.7193 -103.504 60
v 102.853 -61.8167 185.008
v 100.195 -66.0369 185.008
v 97.3652 -70.1428 185.008
v 94.3664 -74.1281 185.008
v 91.2038 -77.9864 185.008
v 87.8826 -81.7107 185.008
v 84.4088 -85.2945 185.008
v 80.7884 -88.7313 185.008
v 77.0278 -92.0148 185.008
v 73.1337 -95.1392 185.008
v 69.1128 -98.099 185.008
v 64.9723 -100.889 185.008
v 60.7192 -103.505 185.008
v 56.3611 -105.941 185.008
v 51.9053 -108.193 185.008
v 47.3597 -110.259 185.008
v 42.7321 -112.134 185.008
v 38.0305 -113.814 185.008
v 33.2631 -115.298 185.008
v 28.4381 -116.582 185.008
v 23.5639 -117.664 185.008
v 18.6488 -118.542 185.008
v 13.7015 -119.215 185.008
v 8.73047 -119.682 185.008
v 3.74432 -119.942 185.008
v -1.24831 -119.993 185.008
v -6.23877 -119.838 185.008
v -11.2184 -119.475 185.008
v -16.1787 -118.904 185.008
v -21.1109 -118.128 185.008
v -26.0066 -117.148 185.008
v -30.8573 -115.965 185.008
v -35.6545 -114.581 185.008
v -40.3901 -112.998 185.008
v -45.0557 -111.22 185.008
v -49.6433 -109.25 185.008
v -54.1449 -107.09 185.008
v -58.5529 -104.745 185.008
v -62.8594 -102.219 185.008
v -67.0572 -99.5155 185.008
v -71.1388 -96.6399 185.008
v -75.0973 -93.597 185.008
v -78.9258 -90.392 185.008
v -82.6177 -87.0306 185.008
v -86.1665 -83.5185 185.008
v -89.5661 -79.8618 185.008
v -92.8107 -76.0669 185.008
v -95.8947 -72.1402 185.008
v -98.8126 -68.0887 185.008
v -101.559 -63.9193 185.008
v -104.131 -59.6393 185.008
v -106.521 -55.256 185.008
v -108.728 -50.777 185.008
v -110.746 -46.2102 185.008
v -112.572 -41.5633 185.008
v -114.204 -36.8445 185.008
v -115.637 -32.0619 185.008
v -116.871 -27.2238 185.008
v -117.902 -22.3386 185.008
v -118.73 -17.4147 185.008
v -119.351 -12.4606 185.008
v -119.766 -7.48501 185.008
v -119.974 -2.49644 185.008
v -119.974 2.49646 185.008
v -119.766 7.48504 185.008
v -119.351 12.4607 185.008
v -118.73 17.4147 185.008
v -117.902 22.3386 185.008
v -116.871 27.2238 185.008
v -115.637 32.0619 185.008
v -114.204 36.8445 185.008
v -112.572 41.5633 185.008
v -110.746 46.2102 185.008
v -108.728 50.7771 185.008
v -106.521 55.256 185.008
v -104.131 59.6393 185.008
v -101.559 63.9193 185.008
v -98.8126 68.0887 185.008
v -95.8947 72.1403 185.008
v -92.8107 76.0669 185.008
v -89.5661 79.8618 185.008
v -86.1665 83.5185 185.008
v -82.6176 87.0306 185.008
v -78.9258 90.3921 185.008
v -75.0973 93.597 185.008
v -71.1388 96.6399 185.008
v -67.0571 99.5155 185.008
v -62.8594 102.219 185.008
v -58.5528 104.745 185.008
v -54.1449 107.09 185.008
v -49.6432 109.25 185.008
v -45.0556 111.22 185.008
v -40.39 112.998 185.008
v -35.6545 114.581 185.008
v -30.8573 115.965 185.008
v -26.0066 117.148 185.008
v -21.1109 118.128 185.008
v -16.1787 118.904 185.008
v -11.2184 119.475 185.008
v -6.23875 119.838 185.008
v -1.24828 119.993 185.008
v 3.74435 119.942 185.008
v 8.7305 119.682 185.008
v 13.7015 119.215 185.008
v 18.6488 118.542 185.008
v 23.5639 117.664 185.008
v 28.4381 116.582 185.008
v 33.2631 115.298 185.008
v 38.0305 113.814 185.008
v 42.7321 112.134 185.008
v 47.3597 110.259 185.008
v 51.9053 108.193 185.008
v 56.3611 105.941 185.008
v 60.7193 103.504 185.008
v 64.9724 100.889 185.008
v 69.1129 98.0989 185.008
v 73.1339 95.139 185.008
v 77.0282 92.0144 185.008
v 80.7892 88.7305 185.008
v 84.4103 85.293 185.008
v 87.8853 81.7078 185.008
v 91.2082 77.9812 185.008
v 94.3731 74.1196 185.008
v 97.3747 70.1296 185.008
v 100.208 66.0183 185.007
v 102.867 61.7927 185.006
v 102.826 -61.8616 105
v 102.826 -61.8611 99.9998
v 102.826 -61.862 120
v 102.826 -61.862 115
v 102.834 -61.8488 79.9989
v 102.837 -61.8426 74.9993
v 84.4082 -85.2951 64.9993
v 80.7885 -88.7312 64.9997
v 102.826 -61.8619 140
v 102.826 -61.862 135
v 87.8807 -81.7128 64.9988
v 102.826 -61.862 125
v 60.7193 -103.504 65
v 56.3611 -105.941 65
v 77.0279 -92.0147 64.9999
v 73.1338 -95.1391 64.9999
v 69.1129 -98.099 65
v 18.6488 -118.542 65
v 13.7015 -119.215 65
v 102.829 -61.857 89.9991
v 102.831 -61.8535 84.9988
v 102.833 -61.8492 165.001
v 102.83 -61.8549 160
v 97.3589 -70.1516 64.9992
v 94.3615 -74.1343 64.9988
v 91.2001 -77.9906 64.9985
v 102.846 -61.828 65
v 102.826 -61.862 130
v 33.2631 -115.298 65
v 28.4381 -116.582 65
v 23.5639 -117.664 65
v -21.1109 -118.128 65
v -26.0066 -117.148 65
v -16.1787 -118.904 65
v -11.2184 -119.475 65
v -30.8573 -115.965 65
v -35.6545 -114.581 65
v -40.39 -112.998 65
v -45.0556 -111.22 65
v -49.6433 -109.25 65
v -54.1449 -107.09 65
v -58.5528 -104.745 65
v -62.8594 -102.219 65
v -67.0572 -99.5155 65
v -71.1388 -96.6399 65
v -75.0973 -93.597 65
v -78.9258 -90.392 65
v -82.6176 -87.0306 65
v -86.1665 -83.5185 65
v -89.5661 -79.8618 65
v -92.8107 -76.0669 65
v -95.8947 -72.1402 65
v -98.8126 -68.0887 65
v -101.559 -63.9193 65
v -104.131 -59.6393 65
v -106.521 -55.256 65
v -108.728 -50.777 65
v -110.746 -46.2102 65
v -112.572 -41.5633 65
v -114.204 -36.8445 65
v -115.637 -32.0619 65
v -116.871 -27.2238 65
v -117.902 -22.3386 65
v -118.73 -17.4147 65
v -119.351 -12.4607 65
v -119.766 -7.48503 65
v -119.974 -2.49645 65
v -119.974 2.49645 65
v -119.766 7.48503 65
v -119.351 12.4607 65
v -118.73 17.4147 65
v -117.902 22.3386 65
v -116.871 27.2238 65
v -115.637 32.0619 65
v -114.204 36.8445 65
v -112.572 41.5633 65
v -110.746 46.2102 65
v -108.728 50.777 65
v -106.521 55.256 65
v -104.131 59.6393 65
v -101.559 63.9193 65
v -98.8126 68.0887 65
v -95.8947 72.1402 65
v -92.8107 76.0669 65
v -89.5661 79.8618 65
v -86.1665 83.5185 65
v -82.6176 87.0306 65
v -78.9258 90.392 65
v -75.0973 93.597 65
v -71.1388 96.6399 65
v -67.0572 99.5155 65
v -62.8594 102.219 65
v -58.5528 104.745 65
v -54.1449 107.09 65
v -49.6433 109.25 65
v -45.0556 111.22 65
v -40.39 112.998 65
v -35.6545 114.581 65
v -30.8573 115.965 65
v -26.0066 117.148 65
v -21.1109 118.128 65
v -16.1787 118.904 65
v -11.2184 119.475 65
v -6.23876 119.838 65
v -1.24829 119.993 65
v 3.74434 119.942 65
v 8.73048 119.682 65
v 13.7015 119.215 65
v 18.6488 118.542 65
v 23.5639 117.664 65
v 28.4381 116.582 65
v 33.2631 115.298 65
v 38.0305 113.814 65
v 42.7321 112.134 65
v 47.3597 110.259 65
v 51.9053 108.193 65
v 56.3611 105.941 65
v 60.7193 103.504 65
v 64.9723 100.889 65
v 69.1129 98.099 65
v 73.1339 95.139 65
v 77.0282 92.0144 65
v 80.7892 88.7305 65
v 84.4103 85.293 65
v 87.8853 81.7078 65
v 91.2082 77.9812 65
v 94.3731 74.1196 65
v 97.3747 70.1297 65
v 100.208 66.0183 65
v 102.867 61.7927 65
v 42.7321 -112.134 65
v 38.0305 -113.814 65
v 102.842 -61.8351 69.9997
v 102.828 -61.858 155
v 102.826 -61.8607 150
v 51.9053 -108.193 65
v 47.3597 -110.259 65
v 102.826 -61.8614 145
v 102.848 -61.8247 180.005
v 102.842 -61.8338 175.003
v 64.9723 -100.889 65
v 102.827 -61.8594 94.9994
v 100.189 -66.0472 64.9997
v -1.24829 -119.993 65
v -6.23876 -119.838 65
v 102.838 -61.8414 170.002
v 102.826 -61.8618 110
v 3.74434 -119.942 65
v 8.73048 -119.682 65
v 102.867 61.7927 180.004
v 102.867 61.7927 175.003
v 102.867 61.7927 170.002
v 102.867 61.7927 165.001
v 102.867 61.7927 160.001
v 102.867 61.7927 155
v 102.867 61.7927 150
v 102.867 61.7927 145
v 102.867 61.7927 140
v 102.867 61.7927 135
v 102.867 61.7927 130
v 102.867 61.7927 125
v 102.867 61.7927 120
v 102.867 61.7927 115
v 102.867 61.7927 110
v 102.867 61.7927 105
v 102.867 61.7927 100
v 102.867 61.7927 95
v 102.867 61.7927 90
v 102.867 61.7927 85
v 102.867 61.7927 80
v 102.867 61.7927 75
v 102.867 61.7927 70
v 100.191 -66.0442 180.006
v 97.3608 -70.1489 180.006
v 94.3626 -74.1329 180.006
v 91.2009 -77.9898 180.006
v 87.8806 -81.7129 180.006
v 84.4075 -85.2958 180.006
v 80.7876 -88.732 180.006
v 77.0274 -92.0151 180.006
v 73.1335 -95.1394 180.006
v 69.1127 -98.0991 180.006
v 64.9722 -100.889 180.006
v 60.7192 -103.505 180.006
v 56.3611 -105.941 180.006
v 51.9053 -108.193 180.006
v 47.3597 -110.259 180.006
v 42.7321 -112.134 180.006
v 38.0305 -113.814 180.006
v 33.2631 -115.298 180.006
v 28.4381 -116.582 180.006
v 23.5639 -117.664 180.006
v 18.6488 -118.542 180.006
v 13.7015 -119.215 180.006
v 8.73047 -119.682 180.006
v 3.74433 -119.942 180.006
v -1.2483 -119.993 180.006
v -6.23877 -119.838 180.006
v -11.2184 -119.475 180.006
v -16.1787 -118.904 180.006
v -21.1109 -118.128 180.006
v -26.0066 -117.148 180.006
v -30.8573 -115.965 180.006
v -35.6545 -114.581 180.006
v -40.3901 -112.998 180.006
v -45.0557 -111.22 180.006
v -49.6433 -109.25 180.006
v -54.1449 -107.09 180.006
v -58.5528 -104.745 180.006
v -62.8594 -102.219 180.006
v -67.0572 -99.5155 180.006
v -71.1388 -96.6399 180.006
v -75.0973 -93.597 180.006
v -78.9258 -90.392 180.006
v -82.6177 -87.0306 180.006
v -86.1665 -83.5185 180.006
v -89.5661 -79.8618 180.006
v -92.8107 -76.0669 180.006
v -95.8947 -72.1402 180.006
v -98.8126 -68.0887 180.006
v -101.559 -63.9193 180.006
v -104.131 -59.6393 180.006
v -106.521 -55.256 180.006
v -108.728 -50.777 180.006
v -110.746 -46.2102 180.006
v -112.572 -41.5633 180.006
v -114.204 -36.8445 180.006
v -115.637 -32.0619 180.006
v -116.871 -27.2238 180.006
v -117.902 -22.3386 180.006
v -118.73 -17.4147 180.006
v -119.351 -12.4606 180.006
v -119.766 -7.48502 180.006
v -119.974 -2.49644 180.006
v -119.974 2.49646 180.006
v -119.766 7.48504 180.006
v -119.351 12.4607 180.006
v -118.73 17.4147 180.006
v -117.902 22.3386 180.006
v -116.871 27.2238 180.006
v -115.637 32.0619 180.006
v -114.204 36.8445 180.006
v -112.572 41.5633 180.006
v -110.746 46.2102 180.006
v -108.728 50.7771 180.006
v -106.521 55.256 180.006
v -104.131 59.6393 180.006
v -101.559 63.9193 180.006
v -98.8126 68.0887 180.006
v -95.8947 72.1403 180.006
v -92.8107 76.0669 180.006
v -89.5661 79.8618 180.006
v -86.1665 83.5185 180.006
v -82.6176 87.0306 180.006
v -78.9258 90.392 180.006
v -75.0973 93.597 180.006
v -71.1388 96.6399 180.006
v -67.0571 99.5155 180.006
v -62.8594 102.219 180.006
v -58.5528 104.745 180.006
v -54.1449 107.09 180.006
v -49.6432 109.25 180.006
v -45.0556 111.22 180.006
v -40.39 112.998 180.006
v -35.6545 114.581 180.006
v -30.8573 115.965 180.006
v -26.0066 117.148 180.006
v -21.1109 118.128 180.006
v -16.1787 118.904 180.006
v -11.2184 119.475 180.006
v -6.23875 119.838 180.006
v -1.24828 119.993 180.006
v 3.74435 119.942 180.006
v 8.73049 119.682 180.006
v 13.7015 119.215 180.006
v 18.6488 118.542 180.006
v 23.5639 117.664 180.006
v 28.4381 116.582 180.006
v 33.2631 115.298 180.006
v 38.0305 113.814 180.006
v 42.7321 112.134 180.006
v 47.3597 110.259 180.006
v 51.9053 108.193 180.006
v 56.3611 105.941 180.006
v 60.7193 103.504 180.006
v 64.9724 100.889 180.006
v 69.1129 98.0989 180.006
v 73.1339 95.139 180.006
v 77.0282 92.0144 180.006
v 80.7892 88.7305 180.006
v 84.4103 85.293 180.006
v 87.8853 81.7078 180.006
v 91.2082 77.9812 180.006
v 94.3731 74.1196 180.006
v 97.3747 70.1296 180.006
v 100.208 66.0183 180.005
v 100.16 -66.0914 120
v 100.16 -66.0913 115
v -6.23876 -119.838 70
v -11.2184 -119.475 70
v 64.9723 -100.889 70
v 60.7192 -103.505 70
v 100.169 -66.0773 84.9977
v 100.173 -66.0708 79.9975
v -1.24829 -119.993 70
v 100.16 -66.0914 125
v 56.3611 -105.941 70
v 80.7867 -88.7328 69.9996
v 77.0274 -92.0151 69.9999
v 73.1334 -95.1394 70
v 69.1128 -98.099 70
v -30.8573 -115.965 70
v -35.6545 -114.581 70
v 47.3597 -110.259 70
v 42.7321 -112.134 70
v 94.3555 -74.142 69.9974
v 91.1952 -77.9964 69.9973
v 13.7015 -119.215 70
v 8.73048 -119.682 70
v 100.184 -66.0547 69.9989
v 87.8762 -81.7177 69.9979
v 84.4051 -85.2982 69.9989
v 97.3533 -70.1594 69.998
v 28.4381 -116.582 70
v 23.5639 -117.664 70
v -21.1109 -118.128 70
v -26.0066 -117.148 70
v 100.16 -66.091 140
v 100.16 -66.0914 135
v -16.1787 -118.904 70
v -40.39 -112.998 70
v -45.0556 -111.22 70
v -49.6433 -109.25 70
v -54.1449 -107.09 70
v -58.5528 -104.745 70
v -62.8594 -102.219 70
v -67.0572 -99.5155 70
v -71.1388 -96.6399 70
v -75.0973 -93.597 70
v -78.9258 -90.392 70
v -82.6176 -87.0306 70
v -86.1665 -83.5185 70
v -89.5661 -79.8618 70
v -92.8107 -76.0669 70
v -95.8947 -72.1402 70
v -98.8126 -68.0887 70
v -101.559 -63.9193 70
v -104.131 -59.6393 70
v -106.521 -55.256 70
v -108.728 -50.777 70
v -110.746 -46.2102 70
v -112.572 -41.5633 70
v -114.204 -36.8445 70
v -115.637 -32.0619 70
v -116.871 -27.2238 70
v -117.902 -22.3386 70
v -118.73 -17.4147 70
v -119.351 -12.4607 70
v -119.766 -7.48503 70
v -119.974 -2.49645 70
v -119.974 2.49645 70
v -119.766 7.48503 70
v -119.351 12.4607 70
v -118.73 17.4147 70
v -117.902 22.3386 70
v -116.871 27.2238 70
v -115.637 32.0619 70
v -114.204 36.8445 70
v -112.572 41.5633 70
v -110.746 46.2102 70
v -108.728 50.777 70
v -106.521 55.256 70
v -104.131 59.6393 70
v -101.559 63.9193 70
v -98.8126 68.0887 70
v -95.8947 72.1402 70
v -92.8107 76.0669 70
v -89.5661 79.8618 70
v -86.1665 83.5185 70
v -82.6176 87.0306 70
v -78.9258 90.392 70
v -75.0973 93.597 70
v -71.1388 96.6399 70
v -67.0572 99.5155 70
v -62.8594 102.219 70
v -58.5528 104.745 70
v -54.1449 107.09 70
v -49.6433 109.25 70
v -45.0556 111.22 70
v -40.39 112.998 70
v -35.6545 114.581 70
v -30.8573 115.965 70
v -26.0066 117.148 70
v -21.1109 118.128 70
v -16.1787 118.904 70
v -11.2184 119.475 70
v -6.23876 119.838 70
v -1.24829 119.993 70
v 3.74434 119.942 70
v 8.73048 119.682 70
v 13.7015 119.215 70
v 18.6488 118.542 70
v 23.5639 117.664 70
v 28.4381 116.582 70
v 33.2631 115.298 70
v 38.0305 113.814 70
v 42.7321 112.134 70
v 47.3597 110.259 70
v 51.9053 108.193 70
v 56.3611 105.941 70
v 60.7193 103.504 70
v 64.9723 100.889 70
v 69.1129 98.099 70
v 73.1339 95.139 70
v 77.0282 92.0144 70
v 80.7892 88.7305 70
v 84.4103 85.293 70
v 87.8853 81.7078 70
v 91.2082 77.9812 70
v 94.3731 74.1196 70
v 97.3747 70.1297 70
v 100.208 66.0183 70
v 18.6488 -118.542 70
v 51.9053 -108.193 70
v 100.178 -66.0626 74.998
v 100.165 -66.0826 155
v 100.162 -66.0875 150
v 38.0305 -113.814 70
v 33.2631 -115.298 70
v 3.74434 -119.942 70
v 100.161 -66.089 99.9996
v 100.162 -66.087 94.999
v 100.18 -66.0607 170.002
v 100.174 -66.0697 165.001
v 100.165 -66.0824 89.9984
v 100.161 -66.0895 145
v 100.16 -66.091 110
v 100.16 -66.0903 105
v 100.16 -66.0914 130
v 100.208 66.0183 175.003
v 100.208 66.0183 170.002
v 100.208 66.0183 165.001
v 100.208 66.0183 160.001
v 100.208 66.0183 155
v 100.208 66.0183 150
v 100.208 66.0183 145
v 100.208 66.0183 140
v 100.208 66.0183 135
v 100.208 66.0183 130
v 100.208 66.0183 125
v 100.208 66.0183 120
v 100.208 66.0183 115
v 100.208 66.0183 110
v 100.208 66.0183 105
v 100.208 66.0183 100
v 100.208 66.0183 95
v 100.208 66.0183 90
v 100.208 66.0183 85
v 100.208 66.0183 80
v 100.208 66.0183 75
v 100.185 -66.0522 175.004
v 100.169 -66.0764 160
v 97.3555 -70.1563 175.004
v 94.3578 -74.1391 175.004
v 91.1969 -77.9944 175.004
v 87.8776 -81.7162 175.004
v 84.4053 -85.2979 175.004
v 80.7862 -88.7333 175.004
v 77.0265 -92.0158 175.004
v 73.133 -95.1397 175.004
v 69.1125 -98.0993 175.004
v 64.9721 -100.889 175.004
v 60.7192 -103.505 175.004
v 56.361 -105.941 175.004
v 51.9053 -108.193 175.004
v 47.3597 -110.259 175.004
v 42.7321 -112.134 175.004
v 38.0305 -113.814 175.004
v 33.2631 -115.298 175.004
v 28.4381 -116.582 175.004
v 23.5639 -117.664 175.004
v 18.6488 -118.542 175.004
v 13.7015 -119.215 175.004
v 8.73048 -119.682 175.004
v 3.74433 -119.942 175.004
v -1.2483 -119.993 175.004
v -6.23877 -119.838 175.004
v -11.2184 -119.475 175.004
v -16.1787 -118.904 175.004
v -21.1109 -118.128 175.004
v -26.0066 -117.148 175.004
v -30.8573 -115.965 175.004
v -35.6545 -114.581 175.004
v -40.3901 -112.998 175.004
v -45.0557 -111.22 175.004
v -49.6433 -109.25 175.004
v -54.1449 -107.09 175.004
v -58.5528 -104.745 175.004
v -62.8594 -102.219 175.004
v -67.0572 -99.5155 175.004
v -71.1388 -96.6399 175.004
v -75.0973 -93.597 175.004
v -78.9258 -90.392 175.004
v -82.6176 -87.0306 175.004
v -86.1665 -83.5185 175.004
v -89.5661 -79.8618 175.004
v -92.8107 -76.0669 175.004
v -95.8947 -72.1402 175.004
v -98.8126 -68.0887 175.004
v -101.559 -63.9193 175.004
v -104.131 -59.6393 175.004
v -106.521 -55.256 175.004
v -108.728 -50.777 175.004
v -110.746 -46.2102 175.004
v -112.572 -41.5633 175.004
v -114.204 -36.8445 175.004
v -115.637 -32.0619 175.004
v -116.871 -27.2238 175.004
v -117.902 -22.3386 175.004
v -118.73 -17.4147 175.004
v -119.351 -12.4606 175.004
v -119.766 -7.48502 175.004
v -119.974 -2.49644 175.004
v -119.974 2.49646 175.004
v -119.766 7.48503 175.004
v -119.351 12.4607 175.004
v -118.73 17.4147 175.004
v -117.902 22.3386 175.004
v -116.871 27.2238 175.004
v -115.637 32.0619 175.004
v -114.204 36.8445 175.004
v -112.572 41.5633 175.004
v -110.746 46.2102 175.004
v -108.728 50.777 175.004
v -106.521 55.256 175.004
v -104.131 59.6393 175.004
v -101.559 63.9193 175.004
v -98.8126 68.0887 175.004
v -95.8947 72.1402 175.004
v -92.8107 76.0669 175.004
v -89.5661 79.8618 175.004
v -86.1665 83.5185 175.004
v -82.6176 87.0306 175.004
v -78.9258 90.392 175.004
v -75.0973 93.597 175.004
v -71.1388 96.6399 175.004
v -67.0571 99.5155 175.004
v -62.8594 102.219 175.004
v -58.5528 104.745 175.004
v -54.1449 107.09 175.004
v -49.6432 109.25 175.004
v -45.0556 111.22 175.004
v -40.39 112.998 175.004
v -35.6545 114.581 175.004
v -30.8573 115.965 175.004
v -26.0066 117.148 175.004
v -21.1109 118.128 175.004
v -16.1787 118.904 175.004
v -11.2184 119.475 175.004
v -6.23875 119.838 175.004
v -1.24829 119.993 175.004
v 3.74434 119.942 175.004
v 8.73049 119.682 175.004
v 13.7015 119.215 175.004
v 18.6488 118.542 175.004
v 23.5639 117.664 175.004
v 28.4381 116.582 175.004
v 33.2631 115.298 175.004
v 38.0305 113.814 175.004
v 42.7321 112.134 175.004
v 47.3597 110.259 175.004
v 51.9053 108.193 175.004
v 56.3611 105.941 175.004
v 60.7193 103.504 175.004
v 64.9723 100.889 175.004
v 69.1129 98.0989 175.004
v 73.1339 95.139 175.004
v 77.0282 92.0144 175.004
v 80.7892 88.7305 175.004
v 84.4103 85.293 175.004
v 87.8853 81.7078 175.004
v 91.2082 77.9812 175.004
v 94.3731 74.1196 175.004
v 97.3747 70.1296 175.004
v -6.23876 -119.838 75
v -11.2184 -119.475 75
v 60.7191 -103.505 75
v 56.361 -105.941 75
v -35.6545 -114.581 75
v -40.39 -112.998 75
v 51.9053 -108.193 75
v -45.0556 -111.22 75
v 47.3597 -110.259 75
v 42.7321 -112.134 75
v 97.3199 -70.2056 115
v 97.3203 -70.2051 110
v 69.1123 -98.0994 75.0001
v 64.972 -100.889 75
v 97.3196 -70.2061 125
v 97.3197 -70.2059 120
v 80.7833 -88.7359 75.0002
v 77.0255 -92.0167 75.0004
v 97.3262 -70.1969 150
v 97.3227 -70.2019 145
v 73.1323 -95.1402 75.0002
v 91.1883 -78.0045 74.997
v 87.8707 -81.7235 74.9979
v 8.73048 -119.682 75
v 3.74434 -119.942 75
v 97.3198 -70.2059 135
v 97.3196 -70.2061 130
v -16.1787 -118.904 75
v -21.1109 -118.128 75
v 97.3747 70.1297 75
v 84.4001 -85.3031 74.9994
v 97.3472 -70.1678 74.9968
v 28.4381 -116.582 75
v 23.5639 -117.664 75
v -26.0066 -117.148 75
v -30.8573 -115.965 75
v 97.3434 -70.1731 165.001
v 97.3369 -70.1822 160
v -49.6433 -109.25 75
v -54.1449 -107.09 75
v -58.5528 -104.745 75
v -62.8594 -102.219 75
v -67.0572 -99.5155 75
v -71.1388 -96.6399 75
v -75.0973 -93.597 75
v -78.9258 -90.392 75
v -82.6176 -87.0306 75
v -86.1665 -83.5185 75
v -89.5661 -79.8618 75
v -92.8107 -76.0669 75
v -95.8947 -72.1402 75
v -98.8126 -68.0887 75
v -101.559 -63.9193 75
v -104.131 -59.6393 75
v -106.521 -55.256 75
v -108.728 -50.777 75
v -110.746 -46.2102 75
v -112.572 -41.5633 75
v -114.204 -36.8445 75
v -115.637 -32.0619 75
v -116.871 -27.2238 75
v -117.902 -22.3386 75
v -118.73 -17.4147 75
v -119.351 -12.4607 75
v -119.766 -7.48503 75
v -119.974 -2.49645 75
v -119.974 2.49645 75
v -119.766 7.48503 75
v -119.351 12.4607 75
v -118.73 17.4147 75
v -117.902 22.3386 75
v -116.871 27.2238 75
v -115.637 32.0619 75
v -114.204 36.8445 75
v -112.572 41.5633 75
v -110.746 46.2102 75
v -108.728 50.777 75
v -106.521 55.256 75
v -104.131 59.6393 75
v -101.559 63.9193 75
v -98.8126 68.0887 75
v -95.8947 72.1402 75
v -92.8107 76.0669 75
v -89.5661 79.8618 75
v -86.1665 83.5185 75
v -82.6176 87.0306 75
v -78.9258 90.392 75
v -75.0973 93.597 75
v -71.1388 96.6399 75
v -67.0572 99.5155 75
v -62.8594 102.219 75
v -58.5528 104.745 75
v -54.1449 107.09 75
v -49.6433 109.25 75
v -45.0556 111.22 75
v -40.39 112.998 75
v -35.6545 114.581 75
v -30.8573 115.965 75
v -26.0066 117.148 75
v -21.1109 118.128 75
v -16.1787 118.904 75
v -11.2184 119.475 75
v -6.23876 119.838 75
v -1.24829 119.993 75
v 3.74434 119.942 75
v 8.73048 119.682 75
v 13.7015 119.215 75
v 18.6488 118.542 75
v 23.5639 117.664 75
v 28.4381 116.582 75
v 33.2631 115.298 75
v 38.0305 113.814 75
v 42.7321 112.134 75
v 47.3597 110.259 75
v 51.9053 108.193 75
v 56.3611 105.941 75
v 60.7193 103.504 75
v 64.9723 100.889 75
v 69.1129 98.099 75
v 73.1339 95.139 75
v 77.0282 92.0144 75
v 80.7892 88.7305 75
v 84.4103 85.293 75
v 87.8853 81.7078 75
v 91.2082 77.9812 75
v 94.3731 74.1196 75
v 18.6488 -118.542 75
v 13.7015 -119.215 75
v -1.24829 -119.993 75
v 33.2631 -115.298 75
v 97.3208 -70.2044 140
v 97.3315 -70.1897 155
v 94.3487 -74.1506 74.9966
v 97.3498 -70.1643 170.002
v 97.3351 -70.1846 84.9972
v 97.3408 -70.1767 79.9965
v 97.3301 -70.1916 89.9982
v 38.0305 -113.814 75
v 97.3214 -70.2036 105
v 97.3259 -70.1973 94.9991
v 97.3234 -70.2008 99.9997
v 97.3747 70.1296 170.002
v 97.3747 70.1297 165.001
v 97.3747 70.1297 160.001
v 97.3747 70.1297 155
v 97.3747 70.1297 150
v 97.3747 70.1297 145
v 97.3747 70.1297 140
v 97.3747 70.1297 135
v 97.3747 70.1297 130
v 97.3747 70.1297 125
v 97.3747 70.1297 120
v 97.3747 70.1297 115
v 97.3747 70.1297 110
v 97.3747 70.1297 105
v 97.3747 70.1297 100
v 97.3747 70.1297 95
v 97.3747 70.1297 90
v 97.3747 70.1297 85
v 97.3747 70.1297 80
v 94.3521 -74.1463 170.002
v 91.1916 -78.0005 170.002
v 87.8731 -81.721 170.002
v 84.4018 -85.3015 170.002
v 80.7836 -88.7356 170.002
v 77.0248 -92.0173 170.002
v 73.1319 -95.1406 170.002
v 69.1119 -98.0997 170.002
v 64.9718 -100.889 170.002
v 60.719 -103.505 170.002
v 56.361 -105.941 170.002
v 51.9053 -108.193 170.002
v 47.3597 -110.259 170.002
v 42.7321 -112.134 170.002
v 38.0305 -113.814 170.002
v 33.2631 -115.298 170.002
v 28.4381 -116.582 170.002
v 23.5639 -117.664 170.002
v 18.6488 -118.542 170.002
v 13.7015 -119.215 170.002
v 8.73048 -119.682 170.002
v 3.74433 -119.942 170.002
v -1.2483 -119.993 170.002
v -6.23876 -119.838 170.002
v -11.2184 -119.475 170.002
v -16.1787 -118.904 170.002
v -21.1109 -118.128 170.002
v -26.0066 -117.148 170.002
v -30.8573 -115.965 170.002
v -35.6545 -114.581 170.002
v -40.39 -112.998 170.002
v -45.0557 -111.22 170.002
v -49.6433 -109.25 170.002
v -54.1449 -107.09 170.002
v -58.5528 -104.745 170.002
v -62.8594 -102.219 170.002
v -67.0572 -99.5155 170.002
v -71.1388 -96.6399 170.002
v -75.0973 -93.597 170.002
v -78.9258 -90.392 170.002
v -82.6176 -87.0306 170.002
v -86.1665 -83.5185 170.002
v -89.5661 -79.8618 170.002
v -92.8107 -76.0669 170.002
v -95.8947 -72.1402 170.002
v -98.8126 -68.0887 170.002
v -101.559 -63.9193 170.002
v -104.131 -59.6393 170.002
v -106.521 -55.256 170.002
v -108.728 -50.777 170.002
v -110.746 -46.2102 170.002
v -112.572 -41.5633 170.002
v -114.204 -36.8445 170.002
v -115.637 -32.0619 170.002
v -116.871 -27.2238 170.002
v -117.902 -22.3386 170.002
v -118.73 -17.4147 170.002
v -119.351 -12.4606 170.002
v -119.766 -7.48502 170.002
v -119.974 -2.49645 170.002
v -119.974 2.49645 170.002
v -119.766 7.48503 170.002
v -119.351 12.4607 170.002
v -118.73 17.4147 170.002
v -117.902 22.3386 170.002
v -116.871 27.2238 170.002
v -115.637 32.0619 170.002
v -114.204 36.8445 170.002
v -112.572 41.5633 170.002
v -110.746 46.2102 170.002
v -108.728 50.777 170.002
v -106.521 55.256 170.002
v -104.131 59.6393 170.002
v -101.559 63.9193 170.002
v -98.8126 68.0887 170.002
v -95.8947 72.1402 170.002
v -92.8107 76.0669 170.002
v -89.5661 79.8618 170.002
v -86.1665 83.5185 170.002
v -82.6176 87.0306 170.002
v -78.9258 90.392 170.002
v -75.0973 93.597 170.002
v -71.1388 96.6399 170.002
v -67.0571 99.5155 170.002
v -62.8594 102.219 170.002
v -58.5528 104.745 170.002
v -54.1449 107.09 170.002
v -49.6432 109.25 170.002
v -45.0556 111.22 170.002
v -40.39 112.998 170.002
v -35.6545 114.581 170.002
v -30.8573 115.965 170.002
v -26.0066 117.148 170.002
v -21.1109 118.128 170.002
v -16.1787 118.904 170.002
v -11.2184 119.475 170.002
v -6.23876 119.838 170.002
v -1.24829 119.993 170.002
v 3.74434 119.942 170.002
v 8.73049 119.682 170.002
v 13.7015 119.215 170.002
v 18.6488 118.542 170.002
v 23.5639 117.664 170.002
v 28.4381 116.582 170.002
v 33.2631 115.298 170.002
v 38.0305 113.814 170.002
v 42.7321 112.134 170.002
v 47.3597 110.259 170.002
v 51.9053 108.193 170.002
v 56.3611 105.941 170.002
v 60.7193 103.504 170.002
v 64.9723 100.889 170.002
v 69.1129 98.0989 170.002
v 73.1339 95.139 170.002
v 77.0282 92.0144 170.002
v 80.7892 88.7305 170.002
v 84.4103 85.293 170.002
v 87.8853 81.7078 170.002
v 91.2082 77.9812 170.003
v 94.3731 74.1196 170.003
v 60.7183 -103.505 80
v 56.3606 -105.941 80
v 94.3137 -74.1951 140
v 94.3114 -74.1981 135
v -40.39 -112.998 80
v -45.0556 -111.22 80
v -21.1109 -118.128 80
v -26.0066 -117.148 80
v 51.9051 -108.194 80
v -49.6433 -109.25 80
v -54.1449 -107.09 80
v 47.3596 -110.259 80
v 42.7321 -112.134 80
v 94.3419 -74.1593 79.9968
v -30.8573 -115.965 80
v -35.6545 -114.581 80
v -58.5528 -104.745 80
v 94.3184 -74.1893 100
v 94.3225 -74.184 94.9998
v 77.0214 -92.0201 80.001
v 73.1301 -95.1419 80.0005
v 91.1811 -78.0128 79.9981
v 87.8638 -81.7309 79.9992
v 38.0305 -113.814 80
v 94.3382 -74.164 160.001
v 94.3304 -74.1739 155
v 18.6488 -118.542 80
v 13.7015 -119.215 80
v 94.311 -74.1986 130
v 94.3108 -74.1988 125
v 94.3288 -74.1759 89.9989
v 28.4381 -116.582 80
v 23.5639 -117.664 80
v -11.2184 -119.475 80
v -16.1787 -118.904 80
v 94.3132 -74.1958 110
v 94.3153 -74.1932 105
v -62.8594 -102.219 80
v -67.0572 -99.5155 80
v -71.1388 -96.6399 80
v -75.0973 -93.597 80
v -78.9258 -90.392 80
v -82.6176 -87.0306 80
v -86.1665 -83.5185 80
v -89.5661 -79.8618 80
v -92.8107 -76.0669 80
v -95.8947 -72.1402 80
v -98.8126 -68.0887 80
v -101.559 -63.9193 80
v -104.131 -59.6393 80
v -106.521 -55.256 80
v -108.728 -50.777 80
v -110.746 -46.2102 80
v -112.572 -41.5633 80
v -114.204 -36.8445 80
v -115.637 -32.0619 80
v -116.871 -27.2238 80
v -117.902 -22.3386 80
v -118.73 -17.4147 80
v -119.351 -12.4607 80
v -119.766 -7.48503 80
v -119.974 -2.49645 80
v -119.974 2.49645 80
v -119.766 7.48503 80
v -119.351 12.4607 80
v -118.73 17.4147 80
v -117.902 22.3386 80
v -116.871 27.2238 80
v -115.637 32.0619 80
v -114.204 36.8445 80
v -112.572 41.5633 80
v -110.746 46.2102 80
v -108.728 50.777 80
v -106.521 55.256 80
v -104.131 59.6393 80
v -101.559 63.9193 80
v -98.8126 68.0887 80
v -95.8947 72.1402 80
v -92.8107 76.0669 80
v -89.5661 79.8618 80
v -86.1665 83.5185 80
v -82.6176 87.0306 80
v -78.9258 90.392 80
v -75.0973 93.597 80
v -71.1388 96.6399 80
v -67.0572 99.5155 80
v -62.8594 102.219 80
v -58.5528 104.745 80
v -54.1449 107.09 80
v -49.6433 109.25 80
v -45.0556 111.22 80
v -40.39 112.998 80
v -35.6545 114.581 80
v -30.8573 115.965 80
v -26.0066 117.148 80
v -21.1109 118.128 80
v -16.1787 118.904 80
v -11.2184 119.475 80
v -6.23876 119.838 80
v -1.24829 119.993 80
v 3.74434 119.942 80
v 8.73048 119.682 80
v 13.7015 119.215 80
v 18.6488 118.542 80
v 23.5639 117.664 80
v 28.4381 116.582 80
v 33.2631 115.298 80
v 38.0305 113.814 80
v 42.7321 112.134 80
v 47.3597 110.259 80
v 51.9053 108.193 80
v 56.3611 105.941 80
v 60.7193 103.504 80
v 64.9723 100.889 80
v 69.1129 98.099 80
v 73.1339 95.139 80
v 77.0282 92.0144 80
v 80.7892 88.7305 80
v 84.4103 85.293 80
v 87.8853 81.7078 80
v 91.2082 77.9812 80
v 94.3731 74.1196 80
v 33.2631 -115.298 80
v 84.3942 -85.3089 80.0006
v 3.74434 -119.942 80
v -1.24829 -119.993 80
v 94.3236 -74.1826 150
v 64.9708 -100.89 80
v 94.3455 -74.1547 165.001
v 94.3119 -74.1975 115
v -6.23876 -119.838 80
v 94.3355 -74.1675 84.9981
v 80.778 -88.7407 80.0011
v 8.73048 -119.682 80
v 94.3113 -74.1982 120
v 94.3182 -74.1895 145
v 94.3731 74.1196 165.001
v 94.3731 74.1196 160.001
v 94.3731 74.1196 155
v 94.3731 74.1196 150
v 94.3731 74.1196 145
v 94.3731 74.1196 140
v 94.3731 74.1196 135
v 94.3731 74.1196 130
v 94.3731 74.1196 125
v 94.3731 74.1196 120
v 94.3731 74.1196 115
v 94.3731 74.1196 110
v 94.3731 74.1196 105
v 94.3731 74.1196 100
v 94.3731 74.1196 95
v 94.3731 74.1196 90
v 94.3731 74.1196 85
v 69.1103 -98.1008 80.0001
v 91.185 -78.0083 165.001
v 87.8668 -81.7278 165.001
v 84.3963 -85.3069 165.001
v 80.7792 -88.7396 165.001
v 77.0216 -92.02 165.001
v 73.1298 -95.1422 165.001
v 69.1106 -98.1006 165.001
v 64.9711 -100.89 165.001
v 60.7186 -103.505 165.001
v 56.3608 -105.941 165.001
v 51.9052 -108.194 165.001
v 47.3596 -110.259 165.001
v 42.7321 -112.134 165.001
v 38.0305 -113.814 165.001
v 33.2631 -115.298 165.001
v 28.4381 -116.582 165.001
v 23.5639 -117.664 165.001
v 18.6488 -118.542 165.001
v 13.7015 -119.215 165.001
v 8.73048 -119.682 165.001
v 3.74433 -119.942 165.001
v -1.24829 -119.993 165.001
v -6.23876 -119.838 165.001
v -11.2184 -119.475 165.001
v -16.1787 -118.904 165.001
v -21.1109 -118.128 165.001
v -26.0066 -117.148 165.001
v -30.8573 -115.965 165.001
v -35.6545 -114.581 165.001
v -40.39 -112.998 165.001
v -45.0557 -111.22 165.001
v -49.6433 -109.25 165.001
v -54.1449 -107.09 165.001
v -58.5528 -104.745 165.001
v -62.8594 -102.219 165.001
v -67.0572 -99.5155 165.001
v -71.1388 -96.6399 165.001
v -75.0973 -93.597 165.001
v -78.9258 -90.392 165.001
v -82.6176 -87.0306 165.001
v -86.1665 -83.5185 165.001
v -89.5661 -79.8618 165.001
v -92.8107 -76.0669 165.001
v -95.8947 -72.1402 165.001
v -98.8126 -68.0887 165.001
v -101.559 -63.9193 165.001
v -104.131 -59.6393 165.001
v -106.521 -55.256 165.001
v -108.728 -50.777 165.001
v -110.746 -46.2102 165.001
v -112.572 -41.5633 165.001
v -114.204 -36.8445 165.001
v -115.637 -32.0619 165.001
v -116.871 -27.2238 165.001
v -117.902 -22.3386 165.001
v -118.73 -17.4147 165.001
v -119.351 -12.4606 165.001
v -119.766 -7.48502 165.001
v -119.974 -2.49645 165.001
v -119.974 2.49645 165.001
v -119.766 7.48503 165.001
v -119.351 12.4607 165.001
v -118.73 17.4147 165.001
v -117.902 22.3386 165.001
v -116.871 27.2238 165.001
v -115.637 32.0619 165.001
v -114.204 36.8445 165.001
v -112.572 41.5633 165.001
v -110.746 46.2102 165.001
v -108.728 50.777 165.001
v -106.521 55.256 165.001
v -104.131 59.6393 165.001
v -101.559 63.9193 165.001
v -98.8126 68.0887 165.001
v -95.8947 72.1402 165.001
v -92.8107 76.0669 165.001
v -89.5661 79.8618 165.001
v -86.1665 83.5185 165.001
v -82.6176 87.0306 165.001
v -78.9258 90.392 165.001
v -75.0973 93.597 165.001
v -71.1388 96.6399 165.001
v -67.0571 99.5155 165.001
v -62.8594 102.219 165.001
v -58.5528 104.745 165.001
v -54.1449 107.09 165.001
v -49.6432 109.25 165.001
v -45.0556 111.22 165.001
v -40.39 112.998 165.001
v -35.6545 114.581 165.001
v -30.8573 115.965 165.001
v -26.0066 117.148 165.001
v -21.1109 118.128 165.001
v -16.1787 118.904 165.001
v -11.2184 119.475 165.001
v -6.23876 119.838 165.001
v -1.24829 119.993 165.001
v 3.74434 119.942 165.001
v 8.73049 119.682 165.001
v 13.7015 119.215 165.001
v 18.6488 118.542 165.001
v 23.5639 117.664 165.001
v 28.4381 116.582 165.001
v 33.2631 115.298 165.001
v 38.0305 113.814 165.001
v 42.7321 112.134 165.001
v 47.3597 110.259 165.001
v 51.9053 108.193 165.001
v 56.3611 105.941 165.001
v 60.7193 103.504 165.001
v 64.9723 100.889 165.001
v 69.1129 98.0989 165.001
v 73.1339 95.139 165.001
v 77.0282 92.0144 165.001
v 80.7892 88.7305 165.001
v 84.4103 85.293 165.001
v 87.8853 81.7078 165.001
v 91.2082 77.9812 165.001
v 91.145 -78.0551 140
v 91.1405 -78.0602 135
v 91.1598 -78.0378 150
v 91.1515 -78.0475 145
v -58.5528 -104.745 85
v -62.8594 -102.219 85
v 56.3591 -105.942 84.9999
v 51.9044 -108.194 85
v -49.6433 -109.25 85
v -54.1449 -107.09 85
v 91.1473 -78.0524 105
v 91.1519 -78.0469 100.001
v -30.8573 -115.965 85
v -35.6545 -114.581 85
v 60.7162 -103.506 84.9998
v 91.1395 -78.0614 130
v 91.1389 -78.0621 125
v 91.159 -78.0387 95.0007
v 91.174 -78.0212 84.9994
v 23.5639 -117.664 85
v 18.6488 -118.542 85
v 47.3593 -110.259 85
v 91.1399 -78.061 120
v 91.141 -78.0598 115
v 87.8562 -81.7392 85.0006
v 91.1772 -78.0175 160.001
v 91.1686 -78.0275 155
v 91.1667 -78.0296 90.0002
v 28.4381 -116.582 85
v -11.2184 -119.475 85
v -16.1787 -118.904 85
v -45.0556 -111.22 85
v -71.1388 -96.6399 85
v -75.0973 -93.597 85
v -78.9258 -90.392 85
v -82.6176 -87.0306 85
v -86.1665 -83.5185 85
v -89.5661 -79.8618 85
v -92.8107 -76.0669 85
v -95.8947 -72.1402 85
v -98.8126 -68.0887 85
v -101.559 -63.9193 85
v -104.131 -59.6393 85
v -106.521 -55.256 85
v -108.728 -50.777 85
v -110.746 -46.2102 85
v -112.572 -41.5633 85
v -114.204 -36.8445 85
v -115.637 -32.0619 85
v -116.871 -27.2238 85
v -117.902 -22.3386 85
v -118.73 -17.4147 85
v -119.351 -12.4607 85
v -119.766 -7.48503 85
v -119.974 -2.49645 85
v -119.974 2.49645 85
v -119.766 7.48503 85
v -119.351 12.4607 85
v -118.73 17.4147 85
v -117.902 22.3386 85
v -116.871 27.2238 85
v -115.637 32.0619 85
v -114.204 36.8445 85
v -112.572 41.5633 85
v -110.746 46.2102 85
v -108.728 50.777 85
v -106.521 55.256 85
v -104.131 59.6393 85
v -101.559 63.9193 85
v -98.8126 68.0887 85
v -95.8947 72.1402 85
v -92.8107 76.0669 85
v -89.5661 79.8618 85
v -86.1665 83.5185 85
v -82.6176 87.0306 85
v -78.9258 90.392 85
v -75.0973 93.597 85
v -71.1388 96.6399 85
v -67.0572 99.5155 85
v -62.8594 102.219 85
v -58.5528 104.745 85
v -54.1449 107.09 85
v -49.6433 109.25 85
v -45.0556 111.22 85
v -40.39 112.998 85
v -35.6545 114.581 85
v -30.8573 115.965 85
v -26.0066 117.148 85
v -21.1109 118.128 85
v -16.1787 118.904 85
v -11.2184 119.475 85
v -6.23876 119.838 85
v -1.24829 119.993 85
v 3.74434 119.942 85
v 8.73048 119.682 85
v 13.7015 119.215 85
v 18.6488 118.542 85
v 23.5639 117.664 85
v 28.4381 116.582 85
v 33.2631 115.298 85
v 38.0305 113.814 85
v 42.7321 112.134 85
v 47.3597 110.259 85
v 51.9053 108.193 85
v 56.3611 105.941 85
v 60.7193 103.504 85
v 64.9723 100.889 85
v 69.1129 98.099 85
v 73.1339 95.139 85
v 77.0282 92.0144 85
v 80.7892 88.7305 85
v 84.4103 85.293 85
v 87.8853 81.7078 85
v 91.2082 77.9812 85
v -21.1109 -118.128 85
v 38.0305 -113.814 85
v 33.2631 -115.298 85
v 13.7015 -119.215 85
v 8.73048 -119.682 85
v -40.39 -112.998 85
v -1.24829 -119.993 85
v -6.23876 -119.838 85
v 64.9681 -100.892 84.9997
v 91.1439 -78.0563 110
v 3.74434 -119.942 85
v 84.3864 -85.3167 85.0011
v 80.7713 -88.7468 85.0014
v 73.1248 -95.146 85
v 69.1068 -98.1033 84.9996
v 91.2082 77.9812 160.001
v 91.2082 77.9812 155
v 91.2082 77.9812 150
v 91.2082 77.9812 145
v 91.2082 77.9812 140
v 91.2082 77.9812 135
v 91.2082 77.9812 130
v 91.2082 77.9812 125
v 91.2082 77.9812 120
v 91.2082 77.9812 115
v 91.2082 77.9812 110
v 91.2082 77.9812 105
v 91.2082 77.9812 100
v 91.2082 77.9812 95
v 91.2082 77.9812 90
v -67.0572 -99.5155 85
v 77.0148 -92.0256 85.0005
v 42.732 -112.134 85
v -26.0066 -117.148 85
v 87.8588 -81.7363 160.001
v 84.3888 -85.3143 160.001
v 80.7727 -88.7456 160.001
v 77.0164 -92.0243 160.001
v 73.126 -95.1451 160.001
v 69.1081 -98.1024 160.001
v 64.9696 -100.891 160.001
v 60.7178 -103.505 160.001
v 56.3603 -105.941 160.001
v 51.905 -108.194 160.001
v 47.3596 -110.259 160.001
v 42.732 -112.134 160.001
v 38.0305 -113.814 160.001
v 33.2631 -115.298 160.001
v 28.4381 -116.582 160.001
v 23.5639 -117.664 160.001
v 18.6488 -118.542 160.001
v 13.7015 -119.215 160.001
v 8.73048 -119.682 160.001
v 3.74434 -119.942 160.001
v -1.24829 -119.993 160.001
v -6.23876 -119.838 160.001
v -11.2184 -119.475 160.001
v -16.1787 -118.904 160.001
v -21.1109 -118.128 160.001
v -26.0066 -117.148 160.001
v -30.8573 -115.965 160.001
v -35.6545 -114.581 160.001
v -40.39 -112.998 160.001
v -45.0556 -111.22 160.001
v -49.6433 -109.25 160.001
v -54.1449 -107.09 160.001
v -58.5528 -104.745 160.001
v -62.8594 -102.219 160.001
v -67.0572 -99.5155 160.001
v -71.1388 -96.6399 160.001
v -75.0973 -93.597 160.001
v -78.9258 -90.392 160.001
v -82.6176 -87.0306 160.001
v -86.1665 -83.5185 160.001
v -89.5661 -79.8618 160.001
v -92.8107 -76.0669 160.001
v -95.8947 -72.1402 160.001
v -98.8126 -68.0887 160.001
v -101.559 -63.9193 160.001
v -104.131 -59.6393 160.001
v -106.521 -55.256 160.001
v -108.728 -50.777 160.001
v -110.746 -46.2102 160.001
v -112.572 -41.5633 160.001
v -114.204 -36.8445 160.001
v -115.637 -32.0619 160.001
v -116.871 -27.2238 160.001
v -117.902 -22.3386 160.001
v -118.73 -17.4147 160.001
v -119.351 -12.4607 160.001
v -119.766 -7.48503 160.001
v -119.974 -2.49645 160.001
v -119.974 2.49645 160.001
v -119.766 7.48503 160.001
v -119.351 12.4607 160.001
v -118.73 17.4147 160.001
v -117.902 22.3386 160.001
v -116.871 27.2238 160.001
v -115.637 32.0619 160.001
v -114.204 36.8445 160.001
v -112.572 41.5633 160.001
v -110.746 46.2102 160.001
v -108.728 50.777 160.001
v -106.521 55.256 160.001
v -104.131 59.6393 160.001
v -101.559 63.9193 160.001
v -98.8126 68.0887 160.001
v -95.8947 72.1402 160.001
v -92.8107 76.0669 160.001
v -89.5661 79.8618 160.001
v -86.1665 83.5185 160.001
v -82.6176 87.0306 160.001
v -78.9258 90.392 160.001
v -75.0973 93.597 160.001
v -71.1388 96.6399 160.001
v -67.0571 99.5155 160.001
v -62.8594 102.219 160.001
v -58.5528 104.745 160.001
v -54.1449 107.09 160.001
v -49.6433 109.25 160.001
v -45.0556 111.22 160.001
v -40.39 112.998 160.001
v -35.6545 114.581 160.001
v -30.8573 115.965 160.001
v -26.0066 117.148 160.001
v -21.1109 118.128 160.001
v -16.1787 118.904 160.001
v -11.2184 119.475 160.001
v -6.23876 119.838 160.001
v -1.24829 119.993 160.001
v 3.74434 119.942 160.001
v 8.73049 119.682 160.001
v 13.7015 119.215 160.001
v 18.6488 118.542 160.001
v 23.5639 117.664 160.001
v 28.4381 116.582 160.001
v 33.2631 115.298 160.001
v 38.0305 113.814 160.001
v 42.7321 112.134 160.001
v 47.3597 110.259 160.001
v 51.9053 108.193 160.001
v 56.3611 105.941 160.001
v 60.7193 103.504 160.001
v 64.9723 100.889 160.001
v 69.1129 98.0989 160.001
v 73.1339 95.139 160.001
v 77.0282 92.0144 160.001
v 80.7892 88.7305 160.001
v 84.4103 85.293 160.001
v 87.8853 81.7078 160.001
v 87.8397 -81.7569 150
v 87.8291 -81.7683 145
v 47.3587 -110.259 90
v 42.7319 -112.134 90
v 80.7619 -88.7553 90
v 77.0069 -92.0322 89.9991
v 87.8211 -81.7769 140
v 87.8139 -81.7845 135
v -6.23876 -119.838 90
v -11.2184 -119.475 90
v 87.8235 -81.7742 104.999
v 87.8303 -81.7669 99.9999
v 87.8143 -81.7842 114.998
v 87.8183 -81.7798 109.998
v 87.8108 -81.788 124.999
v 87.8118 -81.7868 119.999
v 56.3568 -105.943 89.9997
v 51.9029 -108.195 89.9999
v -54.1449 -107.09 90
v -58.5528 -104.745 90
v -16.1787 -118.904 90
v 87.8117 -81.7869 129.999
v 87.8391 -81.7575 95.0006
v -26.0066 -117.148 90
v -30.8573 -115.965 90
v 23.5639 -117.664 90
v 18.6488 -118.542 90
v 87.8479 -81.748 90.0008
v 87.8496 -81.7462 155
v 33.2631 -115.298 90
v 28.4381 -116.582 90
v 87.8853 81.7078 90
v -45.0556 -111.22 90
v -49.6433 -109.25 90
v 84.3774 -85.3256 90.0005
v 8.73048 -119.682 90
v 3.74434 -119.942 90
v -1.24829 -119.993 90
v -71.1388 -96.6399 90
v -75.0973 -93.597 90
v -78.9258 -90.392 90
v -86.1665 -83.5185 90
v -89.5661 -79.8618 90
v -92.8107 -76.0669 90
v -95.8947 -72.1402 90
v -98.8126 -68.0887 90
v -101.559 -63.9193 90
v -104.131 -59.6393 90
v -106.521 -55.256 90
v -108.728 -50.777 90
v -110.746 -46.2102 90
v -112.572 -41.5633 90
v -114.204 -36.8445 90
v -115.637 -32.0619 90
v -116.871 -27.2238 90
v -117.902 -22.3386 90
v -118.73 -17.4147 90
v -119.351 -12.4607 90
v -119.766 -7.48503 90
v -119.974 -2.49645 90
v -119.974 2.49645 90
v -119.766 7.48503 90
v -119.351 12.4607 90
v -118.73 17.4147 90
v -117.902 22.3386 90
v -116.871 27.2238 90
v -115.637 32.0619 90
v -114.204 36.8445 90
v -112.572 41.5633 90
v -110.746 46.2102 90
v -108.728 50.777 90
v -106.521 55.256 90
v -104.131 59.6393 90
v -101.559 63.9193 90
v -98.8126 68.0887 90
v -95.8947 72.1402 90
v -92.8107 76.0669 90
v -89.5661 79.8618 90
v -86.1665 83.5185 90
v -82.6176 87.0306 90
v -78.9258 90.392 90
v -75.0973 93.597 90
v -71.1388 96.6399 90
v -67.0572 99.5155 90
v -62.8594 102.219 90
v -58.5528 104.745 90
v -54.1449 107.09 90
v -49.6433 109.25 90
v -45.0556 111.22 90
v -40.39 112.998 90
v -35.6545 114.581 90
v -30.8573 115.965 90
v -26.0066 117.148 90
v -21.1109 118.128 90
v -16.1787 118.904 90
v -11.2184 119.475 90
v -6.23876 119.838 90
v -1.24829 119.993 90
v 3.74434 119.942 90
v 8.73048 119.682 90
v 13.7015 119.215 90
v 18.6488 118.542 90
v 23.5639 117.664 90
v 28.4381 116.582 90
v 33.2631 115.298 90
v 38.0305 113.814 90
v 42.7321 112.134 90
v 47.3597 110.259 90
v 51.9053 108.193 90
v 56.3611 105.941 90
v 60.7193 103.504 90
v 64.9723 100.889 90
v 69.1129 98.099 90
v 73.1339 95.139 90
v 77.0282 92.0144 90
v 80.7892 88.7305 90
v 84.4103 85.293 90
v -62.8594 -102.219 90
v -67.0572 -99.5155 90
v -21.1109 -118.128 90
v 13.7015 -119.215 90
v 38.0304 -113.814 90
v -35.6545 -114.581 90
v -40.39 -112.998 90
v -82.6176 -87.0306 90
v 69.1012 -98.1072 89.9982
v 64.9639 -100.895 89.9986
v 87.8853 81.7078 155
v 87.8853 81.7078 150
v 87.8853 81.7078 145
v 87.8853 81.7078 140
v 87.8853 81.7078 135
v 87.8853 81.7078 130
v 87.8853 81.7078 125
v 87.8853 81.7078 120
v 87.8853 81.7078 115
v 87.8853 81.7078 110
v 87.8853 81.7078 105
v 87.8853 81.7078 100
v 87.8853 81.7078 95
v 73.1174 -95.1517 89.9982
v 60.7129 -103.508 89.999
v 84.3794 -85.3236 155
v 80.7639 -88.7535 155
v 77.0089 -92.0306 155
v 73.1201 -95.1496 155
v 69.1039 -98.1053 155
v 64.9668 -100.893 155
v 60.7161 -103.506 155
v 56.3594 -105.942 155
v 51.9045 -108.194 155
v 47.3593 -110.259 155
v 42.7319 -112.134 155
v 38.0304 -113.814 155
v 33.2631 -115.298 155
v 28.4381 -116.582 155
v 23.5639 -117.664 155
v 18.6488 -118.542 155
v 13.7015 -119.215 155
v 8.73048 -119.682 155
v 3.74433 -119.942 155
v -1.24829 -119.993 155
v -6.23876 -119.838 155
v -11.2184 -119.475 155
v -16.1787 -118.904 155
v -21.1109 -118.128 155
v -26.0066 -117.148 155
v -30.8573 -115.965 155
v -35.6545 -114.581 155
v -40.39 -112.998 155
v -45.0556 -111.22 155
v -49.6433 -109.25 155
v -54.1449 -107.09 155
v -58.5528 -104.745 155
v -62.8594 -102.219 155
v -67.0572 -99.5155 155
v -71.1388 -96.6399 155
v -75.0973 -93.597 155
v -78.9258 -90.392 155
v -82.6176 -87.0306 155
v -86.1665 -83.5185 155
v -89.5661 -79.8618 155
v -92.8107 -76.0669 155
v -95.8947 -72.1402 155
v -98.8126 -68.0887 155
v -101.559 -63.9193 155
v -104.131 -59.6393 155
v -106.521 -55.256 155
v -108.728 -50.777 155
v -110.746 -46.2102 155
v -112.572 -41.5633 155
v -114.204 -36.8445 155
v -115.637 -32.0619 155
v -116.871 -27.2238 155
v -117.902 -22.3386 155
v -118.73 -17.4147 155
v -119.351 -12.4607 155
v -119.766 -7.48503 155
v -119.974 -2.49645 155
v -119.974 2.49645 155
v -119.766 7.48503 155
v -119.351 12.4607 155
v -118.73 17.4147 155
v -117.902 22.3386 155
v -116.871 27.2238 155
v -115.637 32.0619 155
v -114.204 36.8445 155
v -112.572 41.5633 155
v -110.746 46.2102 155
v -108.728 50.777 155
v -106.521 55.256 155
v -104.131 59.6393 155
v -101.559 63.9193 155
v -98.8126 68.0887 155
v -95.8947 72.1402 155
v -92.8107 76.0669 155
v -89.5661 79.8618 155
v -86.1665 83.5185 155
v -82.6176 87.0306 155
v -78.9258 90.392 155
v -75.0973 93.597 155
v -71.1388 96.6399 155
v -67.0571 99.5155 155
v -62.8594 102.219 155
v -58.5528 104.745 155
v -54.1449 107.09 155
v -49.6433 109.25 155
v -45.0556 111.22 155
v -40.39 112.998 155
v -35.6545 114.581 155
v -30.8573 115.965 155
v -26.0066 117.148 155
v -21.1109 118.128 155
v -16.1787 118.904 155
v -11.2184 119.475 155
v -6.23876 119.838 155
v -1.24829 119.993 155
v 3.74434 119.942 155
v 8.73049 119.682 155
v 13.7015 119.215 155
v 18.6488 118.542 155
v 23.5639 117.664 155
v 28.4381 116.582 155
v 33.2631 115.298 155
v 38.0305 113.814 155
v 42.7321 112.134 155
v 47.3597 110.259 155
v 51.9053 108.193 155
v 56.3611 105.941 155
v 60.7193 103.504 155
v 64.9723 100.889 155
v 69.1129 98.0989 155
v 73.1339 95.139 155
v 77.0282 92.0144 155
v 80.7892 88.7305 155
v 84.4103 85.293 155
v 47.3576 -110.26 94.9996
v 42.7314 -112.134 94.9998
v -67.0572 -99.5155 94.9998
v -71.1388 -96.6399 94.9998
v 84.3388 -85.3638 134.999
v 84.3338 -85.3687 129.998
v -40.39 -112.998 94.9997
v -45.0556 -111.22 94.9998
v 84.3579 -85.3448 145
v 84.3473 -85.3553 139.999
v -78.9258 -90.392 94.9999
v -82.6176 -87.0306 94.9997
v 33.2631 -115.298 94.9997
v 28.4381 -116.582 94.9999
v 84.3342 -85.3682 119.996
v 84.3379 -85.3647 114.996
v 84.3691 -85.3338 150
v -11.2184 -119.475 94.9998
v -16.1787 -118.904 94.9998
v 84.3335 -85.369 124.996
v 84.368 -85.3349 94.9992
v -26.0066 -117.148 94.9997
v -30.8573 -115.965 94.9998
v 51.9011 -108.196 94.9994
v 18.6488 -118.542 94.9998
v 13.7015 -119.215 94.9999
v 60.7094 -103.51 94.9967
v 56.3541 -105.944 94.9983
v -21.1109 -118.128 94.9998
v 76.9977 -92.0399 94.9965
v 73.1101 -95.1573 94.9957
v 69.095 -98.1116 94.9957
v -62.8594 -102.219 94.9998
v -58.5528 -104.745 94.9997
v -49.6433 -109.25 94.9997
v -54.1449 -107.09 94.9997
v 8.73048 -119.682 94.9997
v 3.74434 -119.942 94.9999
v -1.24829 -119.993 94.9998
v -75.0973 -93.597 94.9998
v -86.1665 -83.5185 94.9998
v -89.5661 -79.8618 94.9998
v -92.8107 -76.0669 94.9998
v -98.8126 -68.0887 94.9998
v -101.559 -63.9193 94.9997
v -104.131 -59.6393 94.9997
v -106.521 -55.256 94.9998
v -108.728 -50.777 94.9998
v -110.746 -46.2102 94.9998
v -112.572 -41.5633 94.9998
v -114.204 -36.8445 94.9997
v -115.637 -32.0619 94.9998
v -116.871 -27.2238 94.9998
v -117.902 -22.3386 94.9998
v -118.73 -17.4144 94.9999
v -119.352 -12.4588 95.0002
v -119.767 -7.48138 95.0003
v -119.974 -2.49206 95.0002
v -119.974 2.50095 95.0002
v -119.766 7.48993 95.0006
v -119.351 12.4651 94.9998
v -118.729 17.418 94.999
v -117.902 22.3407 94.9989
v -116.871 27.225 94.9991
v -115.637 32.0625 94.9994
v -114.204 36.8448 94.9995
v -112.572 41.5634 94.9996
v -110.746 46.2102 94.9997
v -108.728 50.7771 94.9997
v -106.521 55.256 94.9997
v -104.131 59.6393 94.9997
v -101.559 63.9193 94.9997
v -98.8126 68.0887 94.9997
v -95.8947 72.1402 94.9997
v -92.8107 76.0669 94.9997
v -89.5661 79.8618 94.9997
v -86.1665 83.5185 94.9997
v -82.6176 87.0306 94.9997
v -78.9258 90.392 94.9997
v -75.0973 93.597 94.9997
v -71.1388 96.6399 94.9997
v -67.0571 99.5155 94.9997
v -62.8594 102.219 94.9997
v -58.5528 104.745 94.9997
v -54.1449 107.09 94.9997
v -49.6433 109.25 94.9997
v -45.0556 111.22 94.9997
v -40.39 112.998 94.9997
v -35.6545 114.581 94.9997
v -30.8573 115.965 94.9997
v -26.0066 117.148 94.9997
v -21.1109 118.128 94.9997
v -16.1787 118.904 94.9997
v -11.2184 119.475 94.9997
v -6.23876 119.838 94.9997
v -1.24829 119.993 94.9997
v 3.74434 119.942 94.9997
v 8.73048 119.682 94.9997
v 13.7015 119.215 94.9997
v 18.6488 118.542 94.9997
v 23.5639 117.664 94.9997
v 28.4381 116.582 94.9997
v 33.2631 115.298 94.9997
v 38.0305 113.814 94.9997
v 42.7321 112.134 94.9997
v 47.3597 110.259 94.9997
v 51.9053 108.193 94.9997
v 56.3611 105.941 94.9997
v 60.7193 103.504 94.9997
v 64.9723 100.889 94.9998
v 69.1129 98.099 94.9999
v 73.1339 95.139 94.9999
v 77.0282 92.0144 95
v 80.7892 88.7305 95
v 84.4103 85.293 95
v 80.7523 -88.7641 94.9977
v 23.5639 -117.664 94.9998
v 38.0303 -113.814 94.9997
v -35.6545 -114.581 94.9997
v -6.23876 -119.838 94.9997
v -95.8947 -72.1402 94.9997
v 84.3439 -85.3587 109.996
v 84.4103 85.293 150
v 84.4103 85.293 145
v 84.4103 85.293 140
v 84.4103 85.293 135
v 84.4103 85.293 130
v 84.4103 85.293 125
v 84.4103 85.293 120
v 84.4103 85.293 115
v 84.4103 85.293 110
v 84.4103 85.293 105
v 84.4103 85.293 100
v 64.9588 -100.898 94.9957
v 84.3508 -85.3519 104.996
v 84.3592 -85.3436 99.9976
v 80.7534 -88.7631 150
v 76.9992 -92.0387 150
v 73.112 -95.1559 150
v 69.0975 -98.1098 150
v 64.9623 -100.896 149.999
v 60.7132 -103.508 149.999
v 56.3577 -105.942 149.998
v 51.9035 -108.194 149.998
v 47.3588 -110.259 149.998
v 42.7317 -112.134 149.998
v 38.0303 -113.814 149.998
v 33.263 -115.298 149.998
v 28.4381 -116.582 149.998
v 23.5638 -117.664 149.998
v 18.6488 -118.542 149.998
v 13.7015 -119.215 149.998
v 8.73048 -119.682 149.998
v 3.74433 -119.942 149.998
v -1.2483 -119.993 149.998
v -6.23877 -119.838 149.998
v -11.2184 -119.475 149.998
v -16.1787 -118.904 149.998
v -21.1109 -118.128 149.998
v -26.0066 -117.148 149.998
v -30.8573 -115.965 149.998
v -35.6545 -114.581 149.998
v -40.3901 -112.998 149.998
v -45.0557 -111.22 149.998
v -49.6433 -109.25 149.998
v -54.1449 -107.09 149.998
v -58.5528 -104.745 149.998
v -62.8594 -102.219 149.998
v -67.0572 -99.5155 149.998
v -71.1388 -96.6399 149.998
v -75.0973 -93.597 149.998
v -78.9258 -90.392 149.998
v -82.6176 -87.0306 149.998
v -86.1665 -83.5185 149.998
v -89.5661 -79.8618 149.998
v -92.8107 -76.0669 149.998
v -95.8947 -72.1402 149.998
v -98.8126 -68.0887 149.998
v -101.559 -63.9193 149.998
v -104.131 -59.6393 149.998
v -106.521 -55.256 149.998
v -108.728 -50.777 149.998
v -110.746 -46.2102 149.998
v -112.572 -41.5633 149.998
v -114.204 -36.8445 149.998
v -115.637 -32.0619 149.998
v -116.871 -27.2238 149.998
v -117.902 -22.3386 149.998
v -118.73 -17.4147 149.998
v -119.351 -12.4604 149.999
v -119.766 -7.48557 149.999
v -119.974 -2.49852 149.999
v -119.974 2.49284 149.999
v -119.767 7.4804 149.998
v -119.352 12.4557 149.998
v -118.73 17.4108 149.997
v -117.903 22.3361 149.997
v -116.871 27.2224 149.997
v -115.638 32.0612 149.998
v -114.204 36.8442 149.998
v -112.572 41.5632 149.998
v -110.746 46.2101 149.998
v -108.728 50.777 149.998
v -106.521 55.256 149.998
v -104.131 59.6393 149.998
v -101.559 63.9193 149.998
v -98.8126 68.0887 149.998
v -95.8947 72.1402 149.998
v -92.8107 76.0669 149.998
v -89.5661 79.8618 149.998
v -86.1665 83.5185 149.998
v -82.6176 87.0306 149.998
v -78.9258 90.392 149.998
v -75.0973 93.597 149.998
v -71.1388 96.6399 149.998
v -67.0571 99.5155 149.998
v -62.8594 102.219 149.998
v -58.5528 104.745 149.998
v -54.1449 107.09 149.998
v -49.6432 109.25 149.998
v -45.0556 111.22 149.998
v -40.39 112.998 149.998
v -35.6545 114.581 149.998
v -30.8573 115.965 149.998
v -26.0066 117.148 149.998
v -21.1109 118.128 149.998
v -16.1787 118.904 149.998
v -11.2184 119.475 149.998
v -6.23875 119.838 149.998
v -1.24829 119.993 149.998
v 3.74434 119.942 149.998
v 8.73049 119.682 149.998
v 13.7015 119.215 149.998
v 18.6488 118.542 149.998
v 23.5639 117.664 149.998
v 28.4381 116.582 149.998
v 33.2631 115.298 149.998
v 38.0305 113.814 149.998
v 42.7321 112.134 149.998
v 47.3597 110.259 149.998
v 51.9053 108.193 149.998
v 56.3611 105.941 149.998
v 60.7193 103.504 149.998
v 64.9723 100.889 149.999
v 69.1129 98.0989 149.999
v 73.1339 95.139 150
v 77.0282 92.0144 150
v 80.7892 88.7305 150
v -67.0571 -99.5155 99.9979
v -71.1388 -96.6399 99.9982
v -75.0973 -93.597 99.9978
v -78.9258 -90.392 99.9985
v 80.7269 -88.7872 109.992
v 80.7345 -88.7803 104.993
v 80.713 -88.7998 124.991
v 80.7139 -88.799 119.99
v -30.8573 -115.965 99.9977
v -35.6545 -114.581 99.998
v 80.7435 -88.7721 99.9954
v 76.9895 -92.0469 99.9935
v -16.1787 -118.904 99.9979
v -21.1109 -118.128 99.9984
v 80.7421 -88.7734 145
v 80.73 -88.7844 139.999
v 80.7208 -88.7927 134.996
v -106.521 -55.256 99.998
v -108.728 -50.777 99.9982
v -11.2184 -119.475 99.9979
v 80.716 -88.7971 129.993
v 28.4381 -116.582 99.9979
v 23.5639 -117.664 99.9984
v -26.0066 -117.148 99.9975
v -95.8947 -72.1402 99.9981
v -98.8126 -68.0887 99.9983
v 80.7892 88.7305 100
v 18.6488 -118.542 99.9977
v 13.7015 -119.215 99.9983
v 73.1027 -95.163 99.9919
v 69.0885 -98.1161 99.9905
v -62.8594 -102.219 99.9979
v -58.5528 -104.745 99.9977
v -49.6432 -109.25 99.9979
v -54.1449 -107.09 99.9976
v 33.263 -115.298 99.9974
v -40.39 -112.998 99.9974
v -45.0556 -111.22 99.9977
v 3.74434 -119.942 99.998
v -1.24829 -119.993 99.9981
v -104.131 -59.6393 99.9976
v -82.6176 -87.0306 99.9974
v -86.1665 -83.5185 99.9981
v -89.5661 -79.8618 99.9979
v -92.8107 -76.0669 99.998
v -101.559 -63.9193 99.9974
v -110.746 -46.2102 99.998
v -112.572 -41.5633 99.9981
v -114.204 -36.8445 99.9979
v -115.637 -32.0619 99.998
v -116.871 -27.2236 99.9981
v -117.903 -22.337 99.9985
v -118.731 -17.4048 100.001
v -119.354 -12.4363 100.004
v -119.769 -7.44881 100.005
v -119.975 -2.45525 100.003
v -119.973 2.54154 100.005
v -119.763 7.53006 100.002
v -119.348 12.4971 99.9929
v -118.726 17.439 99.989
v -117.9 22.3525 99.99
v -116.869 27.231 99.9926
v -115.637 32.0653 99.9948
v -114.203 36.846 99.9962
v -112.572 41.5639 99.997
v -110.746 46.2104 99.9974
v -108.728 50.7771 99.9975
v -106.521 55.256 99.9976
v -104.131 59.6393 99.9976
v -101.559 63.9193 99.9976
v -98.8126 68.0887 99.9976
v -95.8947 72.1402 99.9976
v -92.8107 76.0669 99.9976
v -89.5661 79.8618 99.9976
v -86.1665 83.5185 99.9976
v -82.6176 87.0306 99.9976
v -78.9258 90.392 99.9976
v -75.0973 93.597 99.9976
v -71.1388 96.6399 99.9976
v -67.0571 99.5155 99.9976
v -62.8594 102.219 99.9976
v -58.5528 104.745 99.9976
v -54.1449 107.09 99.9976
v -49.6432 109.25 99.9976
v -45.0556 111.22 99.9976
v -40.39 112.998 99.9976
v -35.6545 114.581 99.9976
v -30.8573 115.965 99.9976
v -26.0066 117.148 99.9976
v -21.1109 118.128 99.9976
v -16.1787 118.904 99.9976
v -11.2184 119.475 99.9976
v -6.23875 119.838 99.9976
v -1.24829 119.993 99.9976
v 3.74434 119.942 99.9976
v 8.73049 119.682 99.9976
v 13.7015 119.215 99.9976
v 18.6488 118.542 99.9976
v 23.5639 117.664 99.9976
v 28.4381 116.582 99.9976
v 33.2631 115.298 99.9976
v 38.0305 113.814 99.9976
v 42.7321 112.134 99.9976
v 47.3597 110.259 99.9976
v 51.9053 108.193 99.9976
v 56.3611 105.941 99.9976
v 60.7193 103.504 99.998
v 64.9723 100.889 99.9985
v 69.1129 98.0989 99.9992
v 73.1339 95.139 99.9996
v 77.0282 92.0144 99.9998
v 8.73048 -119.682 99.9974
v 64.9536 -100.901 99.9897
v 42.7307 -112.134 99.9978
v 38.0301 -113.814 99.9977
v 80.7201 -88.7934 114.99
v 56.3512 -105.946 99.9929
v 51.8992 -108.197 99.9962
v 47.3562 -110.261 99.9962
v 60.7051 -103.513 99.99
v 80.7892 88.7305 145
v 80.7892 88.7305 140
v 80.7892 88.7305 135
v 80.7892 88.7305 129.999
v 80.7892 88.7305 124.999
v 80.7892 88.7305 119.999
v 80.7892 88.7305 114.999
v 80.7892 88.7305 110
v 80.7892 88.7305 105
v -6.23876 -119.838 99.9976
v 76.9881 -92.048 144.999
v 73.1019 -95.1636 144.998
v 69.0893 -98.1156 144.997
v 64.9561 -100.899 144.995
v 60.7089 -103.51 144.993
v 56.355 -105.944 144.992
v 51.9019 -108.195 144.992
v 47.3579 -110.26 144.991
v 42.7312 -112.134 144.991
v 38.0301 -113.814 144.991
v 33.2629 -115.298 144.991
v 28.438 -116.582 144.991
v 23.5638 -117.664 144.991
v 18.6488 -118.542 144.991
v 13.7015 -119.215 144.991
v 8.73046 -119.682 144.991
v 3.74431 -119.942 144.991
v -1.24831 -119.993 144.991
v -6.23878 -119.838 144.991
v -11.2184 -119.475 144.991
v -16.1787 -118.904 144.991
v -21.1109 -118.128 144.991
v -26.0066 -117.148 144.991
v -30.8573 -115.965 144.991
v -35.6545 -114.581 144.991
v -40.3901 -112.998 144.991
v -45.0557 -111.22 144.991
v -49.6433 -109.25 144.991
v -54.1449 -107.09 144.991
v -58.5529 -104.745 144.991
v -62.8594 -102.219 144.991
v -67.0572 -99.5155 144.991
v -71.1388 -96.6399 144.991
v -75.0973 -93.597 144.991
v -78.9258 -90.392 144.991
v -82.6177 -87.0306 144.991
v -86.1665 -83.5185 144.991
v -89.5661 -79.8618 144.991
v -92.8107 -76.0668 144.991
v -95.8947 -72.1402 144.991
v -98.8126 -68.0887 144.991
v -101.559 -63.9193 144.991
v -104.131 -59.6393 144.991
v -106.521 -55.256 144.991
v -108.728 -50.777 144.991
v -110.746 -46.2102 144.991
v -112.572 -41.5633 144.991
v -114.204 -36.8445 144.991
v -115.637 -32.0619 144.991
v -116.871 -27.2238 144.991
v -117.902 -22.3384 144.991
v -118.73 -17.413 144.996
v -119.351 -12.4618 145.003
v -119.766 -7.49783 145.003
v -119.974 -2.52339 145
v -119.975 2.45841 144.997
v -119.769 7.44169 144.993
v -119.355 12.4208 144.987
v -118.734 17.3862 144.985
v -117.906 22.3216 144.986
v -116.873 27.2149 144.988
v -115.639 32.0577 144.989
v -114.204 36.8427 144.99
v -112.572 41.5626 144.991
v -110.746 46.2099 144.991
v -108.728 50.7769 144.991
v -106.521 55.256 144.991
v -104.131 59.6393 144.991
v -101.559 63.9193 144.991
v -98.8126 68.0887 144.991
v -95.8947 72.1403 144.991
v -92.8107 76.0669 144.991
v -89.5661 79.8618 144.991
v -86.1665 83.5185 144.991
v -82.6176 87.0306 144.991
v -78.9258 90.3921 144.991
v -75.0973 93.597 144.991
v -71.1388 96.6399 144.991
v -67.0571 99.5155 144.991
v -62.8594 102.219 144.991
v -58.5528 104.745 144.991
v -54.1449 107.09 144.991
v -49.6432 109.25 144.991
v -45.0556 111.22 144.991
v -40.39 112.998 144.991
v -35.6545 114.581 144.991
v -30.8573 115.965 144.991
v -26.0066 117.148 144.991
v -21.1109 118.128 144.991
v -16.1786 118.904 144.991
v -11.2184 119.475 144.991
v -6.23874 119.838 144.991
v -1.24827 119.993 144.991
v 3.74436 119.942 144.991
v 8.73051 119.682 144.991
v 13.7015 119.215 144.991
v 18.6488 118.542 144.991
v 23.5639 117.664 144.991
v 28.4381 116.582 144.991
v 33.2631 115.298 144.991
v 38.0305 113.814 144.991
v 42.7321 112.134 144.991
v 47.3597 110.259 144.991
v 51.9053 108.193 144.991
v 56.3611 105.941 144.992
v 60.7193 103.504 144.993
v 64.9723 100.889 144.995
v 69.1129 98.0989 144.997
v 73.1339 95.139 144.999
v 77.0282 92.0144 145
v -75.0973 -93.597 104.992
v -78.9258 -90.392 104.992
v 56.3478 -105.948 104.981
v 51.8969 -108.198 104.986
v 64.9474 -100.905 104.979
v 60.7006 -103.515 104.978
v 76.9584 -92.0728 119.98
v 76.964 -92.0681 114.982
v -86.1665 -83.5185 104.991
v -89.5661 -79.8618 104.992
v -45.0556 -111.22 104.991
v -49.6432 -109.25 104.992
v -92.8107 -76.0669 104.991
v -95.8947 -72.1402 104.992
v 76.981 -92.0539 104.99
v -110.746 -46.2102 104.991
v -112.572 -41.5633 104.992
v 76.977 -92.0573 139.996
v 76.9665 -92.066 134.992
v -106.521 -55.256 104.992
v -108.728 -50.777 104.991
v -67.0571 -99.5155 104.991
v -71.1388 -96.6399 104.991
v 76.9611 -92.0706 129.986
v 76.9576 -92.0735 124.982
v 28.438 -116.582 104.991
v 23.5639 -117.664 104.992
v -6.23876 -119.838 104.991
v -11.2184 -119.475 104.992
v -98.8126 -68.0887 104.992
v 18.6488 -118.542 104.991
v 13.7015 -119.215 104.992
v 73.0945 -95.1693 104.986
v -16.1787 -118.904 104.991
v -21.1109 -118.128 104.992
v 8.73048 -119.682 104.99
v 3.74433 -119.942 104.992
v -62.8594 -102.219 104.991
v -58.5528 -104.745 104.991
v -54.1449 -107.09 104.991
v -1.2483 -119.993 104.991
v 76.9726 -92.061 109.985
v 47.3548 -110.261 104.987
v 42.73 -112.134 104.991
v -114.204 -36.8442 104.991
v -82.6176 -87.0306 104.99
v -26.0066 -117.148 104.991
v -35.6545 -114.581 104.991
v -40.39 -112.998 104.991
v -101.559 -63.9193 104.991
v -115.638 -32.0607 104.992
v -116.872 -27.2192 104.993
v -117.907 -22.3169 104.998
v -118.739 -17.35 105.012
v -119.364 -12.3356 105.029
v -119.777 -7.31567 105.027
v -119.978 -2.30127 105.023
v -119.97 2.70181 105.016
v -119.755 7.67257 104.988
v -119.337 12.597 104.951
v -118.717 17.4971 104.945
v -117.894 22.3822 104.957
v -116.866 27.2448 104.97
v -115.635 32.0714 104.98
v -114.202 36.8486 104.986
v -112.572 41.565 104.989
v -110.745 46.2109 104.99
v -108.728 50.7773 104.991
v -106.521 55.2561 104.991
v -104.13 59.6393 104.991
v -101.559 63.9194 104.991
v -98.8126 68.0888 104.991
v -95.8947 72.1403 104.991
v -92.8107 76.0669 104.991
v -89.5661 79.8618 104.991
v -86.1665 83.5185 104.991
v -82.6176 87.0306 104.991
v -78.9258 90.3921 104.991
v -75.0973 93.597 104.991
v -71.1388 96.6399 104.991
v -67.0571 99.5155 104.991
v -62.8594 102.219 104.991
v -58.5528 104.745 104.991
v -54.1449 107.09 104.991
v -49.6432 109.25 104.991
v -45.0556 111.22 104.991
v -40.39 112.998 104.991
v -35.6545 114.581 104.991
v -30.8573 115.965 104.991
v -26.0066 117.148 104.991
v -21.1109 118.128 104.991
v -16.1786 118.904 104.991
v -11.2184 119.475 104.991
v -6.23874 119.838 104.991
v -1.24827 119.993 104.991
v 3.74436 119.942 104.991
v 8.73051 119.682 104.991
v 13.7015 119.215 104.991
v 18.6488 118.542 104.991
v 23.5639 117.664 104.991
v 28.4381 116.582 104.991
v 33.2631 115.298 104.991
v 38.0305 113.814 104.991
v 42.7321 112.134 104.991
v 47.3597 110.259 104.991
v 51.9053 108.193 104.991
v 56.3611 105.941 104.992
v 60.7193 103.504 104.993
v 64.9723 100.889 104.995
v 69.1129 98.0989 104.997
v 73.1339 95.139 104.999
v 77.0282 92.0144 104.999
v 69.0809 -98.1215 104.981
v -30.8573 -115.965 104.99
v 38.0297 -113.814 104.991
v 77.0282 92.0144 139.999
v 77.0282 92.0144 134.998
v 77.0282 92.0144 129.997
v 77.0282 92.0144 124.997
v 77.0282 92.0144 119.997
v 77.0282 92.0144 114.998
v 77.0282 92.0144 109.999
v 33.2628 -115.298 104.99
v -104.131 -59.6393 104.99
v 73.0914 -95.1717 139.993
v 69.0801 -98.1221 139.989
v 64.9488 -100.904 139.984
v 60.7036 -103.514 139.981
v 56.3513 -105.946 139.979
v 51.8997 -108.196 139.979
v 47.3566 -110.26 139.979
v 42.7305 -112.134 139.979
v 38.0297 -113.814 139.979
v 33.2627 -115.298 139.979
v 28.4379 -116.582 139.979
v 23.5637 -117.664 139.979
v 18.6488 -118.542 139.979
v 13.7015 -119.215 139.979
v 8.73044 -119.682 139.979
v 3.74429 -119.942 139.979
v -1.24834 -119.993 139.979
v -6.2388 -119.838 139.979
v -11.2185 -119.475 139.979
v -16.1787 -118.904 139.979
v -21.111 -118.128 139.979
v -26.0067 -117.148 139.979
v -30.8573 -115.965 139.979
v -35.6546 -114.581 139.979
v -40.3901 -112.998 139.979
v -45.0557 -111.22 139.979
v -49.6433 -109.25 139.979
v -54.145 -107.09 139.979
v -58.5529 -104.745 139.979
v -62.8594 -102.219 139.979
v -67.0572 -99.5155 139.979
v -71.1388 -96.6399 139.979
v -75.0973 -93.597 139.979
v -78.9258 -90.392 139.979
v -82.6177 -87.0306 139.979
v -86.1665 -83.5185 139.979
v -89.5661 -79.8618 139.979
v -92.8108 -76.0668 139.979
v -95.8947 -72.1402 139.979
v -98.8126 -68.0887 139.979
v -101.56 -63.9193 139.979
v -104.131 -59.6393 139.979
v -106.521 -55.256 139.979
v -108.728 -50.777 139.979
v -110.746 -46.2101 139.979
v -112.572 -41.5633 139.979
v -114.204 -36.8445 139.979
v -115.637 -32.0619 139.979
v -116.871 -27.2233 139.979
v -117.903 -22.3337 139.989
v -118.73 -17.4107 140.016
v -119.349 -12.4853 140.042
v -119.761 -7.5692 140.033
v -119.971 -2.63639 140.016
v -119.978 2.32117 139.998
v -119.778 7.30312 139.973
v -119.367 12.307 139.947
v -118.744 17.3142 139.945
v -117.913 22.2825 139.953
v -116.878 27.1958 139.963
v -115.641 32.049 139.97
v -114.205 36.8389 139.974
v -112.573 41.561 139.977
v -110.746 46.2093 139.978
v -108.728 50.7767 139.978
v -106.521 55.2559 139.979
v -104.131 59.6393 139.979
v -101.559 63.9193 139.979
v -98.8126 68.0888 139.979
v -95.8946 72.1403 139.979
v -92.8107 76.0669 139.979
v -89.5661 79.8618 139.979
v -86.1664 83.5185 139.979
v -82.6176 87.0306 139.979
v -78.9258 90.3921 139.979
v -75.0973 93.597 139.979
v -71.1388 96.6399 139.979
v -67.0571 99.5155 139.979
v -62.8594 102.219 139.979
v -58.5528 104.745 139.979
v -54.1449 107.09 139.979
v -49.6432 109.25 139.979
v -45.0556 111.22 139.979
v -40.39 112.998 139.979
v -35.6545 114.581 139.979
v -30.8572 115.965 139.979
v -26.0066 117.148 139.979
v -21.1109 118.129 139.979
v -16.1786 118.904 139.979
v -11.2184 119.475 139.979
v -6.23871 119.838 139.979
v -1.24825 119.993 139.979
v 3.74439 119.942 139.979
v 8.73053 119.682 139.979
v 13.7016 119.215 139.979
v 18.6489 118.542 139.979
v 23.5639 117.664 139.979
v 28.4381 116.582 139.979
v 33.2631 115.298 139.979
v 38.0306 113.814 139.979
v 42.7321 112.134 139.979
v 47.3597 110.259 139.979
v 51.9054 108.193 139.98
v 56.3611 105.941 139.982
v 60.7193 103.504 139.986
v 64.9724 100.889 139.99
v 69.1129 98.0989 139.994
v 73.1339 95.139 139.997
v 56.3442 -105.95 109.965
v 51.8945 -108.199 109.97
v -89.5661 -79.8618 109.979
v -92.8107 -76.0669 109.98
v 73.0856 -95.1761 109.978
v 69.0732 -98.1269 109.971
v 42.7291 -112.135 109.976
v 38.0294 -113.815 109.978
v 73.0824 -95.1786 134.985
v 73.0751 -95.1842 129.977
v -110.746 -46.21 109.978
v -112.572 -41.5628 109.979
v -86.1665 -83.5185 109.978
v 3.74432 -119.942 109.978
v -1.24831 -119.993 109.979
v 13.7015 -119.215 109.979
v 8.73047 -119.682 109.978
v -6.23878 -119.838 109.979
v -75.0973 -93.597 109.979
v -78.9258 -90.392 109.979
v -104.131 -59.6393 109.978
v -106.521 -55.256 109.979
v 33.2626 -115.298 109.977
v 28.438 -116.582 109.978
v -95.8947 -72.1402 109.978
v -98.8126 -68.0887 109.979
v 18.6488 -118.542 109.978
v -16.1787 -118.904 109.978
v -21.1109 -118.128 109.979
v 73.0778 -95.1821 114.971
v -49.6433 -109.25 109.978
v -54.1449 -107.09 109.979
v -58.5528 -104.745 109.978
v -62.8594 -102.219 109.979
v -108.728 -50.777 109.978
v -115.64 -32.0517 109.982
v -116.878 -27.1956 109.99
v -26.0066 -117.148 109.978
v -30.8573 -115.965 109.978
v 47.3534 -110.262 109.972
v -114.205 -36.8409 109.979
v -82.6176 -87.0306 109.978
v -35.6545 -114.581 109.977
v -40.39 -112.998 109.978
v -101.559 -63.9193 109.977
v -117.919 -22.25 110.015
v -118.761 -17.1989 110.07
v -119.392 -12.0659 110.124
v -119.798 -6.96212 110.107
v -119.985 -1.91348 110.071
v -119.961 3.07731 110.015
v -119.734 7.98119 109.915
v -119.317 12.7833 109.804
v -118.704 17.5884 109.824
v -117.887 22.4216 109.879
v -116.863 27.2608 109.924
v -115.633 32.0777 109.951
v -114.202 36.8511 109.965
v -112.571 41.566 109.973
v -110.745 46.2113 109.976
v -108.727 50.7775 109.977
v -106.521 55.2562 109.978
v -104.13 59.6394 109.978
v -101.559 63.9194 109.978
v -98.8126 68.0888 109.978
v -95.8946 72.1403 109.978
v -92.8107 76.0669 109.978
v -89.5661 79.8618 109.978
v -86.1664 83.5185 109.978
v -82.6176 87.0306 109.978
v -78.9258 90.3921 109.978
v -75.0973 93.597 109.978
v -71.1388 96.6399 109.978
v -67.0571 99.5155 109.978
v -62.8594 102.219 109.978
v -58.5528 104.745 109.978
v -54.1449 107.09 109.978
v -49.6432 109.25 109.978
v -45.0556 111.22 109.978
v -40.39 112.998 109.978
v -35.6545 114.581 109.978
v -30.8572 115.965 109.978
v -26.0066 117.148 109.978
v -21.1109 118.129 109.978
v -16.1786 118.904 109.978
v -11.2184 119.475 109.978
v -6.23871 119.838 109.978
v -1.24824 119.993 109.978
v 3.74439 119.942 109.978
v 8.73053 119.682 109.978
v 13.7016 119.215 109.978
v 18.6489 118.542 109.978
v 23.5639 117.664 109.978
v 28.4381 116.582 109.978
v 33.2631 115.298 109.978
v 38.0306 113.814 109.978
v 42.7322 112.134 109.978
v 47.3597 110.259 109.978
v 51.9054 108.193 109.979
v 56.3611 105.941 109.982
v 60.7193 103.504 109.985
v 64.9724 100.889 109.99
v 69.1129 98.0989 109.993
v 73.1339 95.139 109.996
v 23.5638 -117.664 109.978
v -67.0572 -99.5155 109.978
v -71.1388 -96.6399 109.978
v 64.9407 -100.909 109.965
v 73.0728 -95.1859 119.968
v -11.2184 -119.475 109.978
v -45.0557 -111.22 109.977
v 60.6954 -103.519 109.964
v 73.1339 95.139 134.995
v 73.1339 95.139 129.993
v 73.1339 95.139 124.992
v 73.1339 95.139 119.992
v 73.1339 95.139 114.994
v 73.0728 -95.186 124.97
v 69.0718 -98.1279 134.977
v 64.9417 -100.909 134.97
v 60.6981 -103.517 134.966
v 56.3474 -105.948 134.963
v 51.897 -108.198 134.963
v 47.355 -110.261 134.963
v 42.7296 -112.135 134.963
v 38.0292 -113.815 134.963
v 33.2625 -115.298 134.964
v 28.4378 -116.582 134.964
v 23.5637 -117.664 134.964
v 18.6487 -118.542 134.964
v 13.7014 -119.215 134.964
v 8.73041 -119.682 134.964
v 3.74427 -119.942 134.964
v -1.24836 -119.993 134.964
v -6.23883 -119.838 134.964
v -11.2185 -119.475 134.964
v -16.1787 -118.904 134.964
v -21.111 -118.128 134.964
v -26.0067 -117.148 134.964
v -30.8573 -115.965 134.964
v -35.6546 -114.581 134.964
v -40.3901 -112.998 134.964
v -45.0557 -111.22 134.964
v -49.6433 -109.25 134.964
v -54.145 -107.09 134.964
v -58.5529 -104.745 134.964
v -62.8595 -102.219 134.964
v -67.0572 -99.5155 134.964
v -71.1388 -96.6399 134.964
v -75.0973 -93.5969 134.964
v -78.9258 -90.392 134.964
v -82.6177 -87.0306 134.964
v -86.1665 -83.5185 134.964
v -89.5662 -79.8618 134.964
v -92.8108 -76.0668 134.964
v -95.8947 -72.1402 134.964
v -98.8126 -68.0887 134.964
v -101.56 -63.9193 134.964
v -104.131 -59.6392 134.964
v -106.521 -55.2559 134.964
v -108.728 -50.777 134.964
v -110.746 -46.2101 134.964
v -112.572 -41.5633 134.964
v -114.204 -36.8444 134.964
v -115.638 -32.061 134.964
v -116.873 -27.2158 134.975
v -117.906 -22.3203 135.019
v -118.729 -17.4182 135.105
v -119.34 -12.5702 135.182
v -119.748 -7.77864 135.131
v -119.964 -2.92823 135.066
v -119.983 1.99433 134.998
v -119.796 6.98953 134.912
v -119.392 12.0624 134.833
v -118.764 17.1805 134.847
v -117.925 22.2182 134.886
v -116.884 27.1669 134.919
v -115.645 32.0366 134.94
v -114.207 36.8338 134.952
v -112.574 41.559 134.958
v -110.746 46.2085 134.962
v -108.728 50.7764 134.963
v -106.521 55.2558 134.964
v -104.131 59.6393 134.964
v -101.559 63.9194 134.964
v -98.8125 68.0888 134.964
v -95.8946 72.1403 134.964
v -92.8107 76.0669 134.964
v -89.5661 79.8619 134.964
v -86.1664 83.5186 134.964
v -82.6176 87.0307 134.964
v -78.9257 90.3921 134.964
v -75.0972 93.597 134.964
v -71.1387 96.64 134.964
v -67.0571 99.5156 134.964
v -62.8593 102.219 134.964
v -58.5528 104.745 134.964
v -54.1449 107.09 134.964
v -49.6432 109.25 134.964
v -45.0556 111.22 134.964
v -40.39 112.998 134.964
v -35.6544 114.581 134.964
v -30.8572 115.965 134.964
v -26.0065 117.148 134.964
v -21.1108 118.129 134.964
v -16.1786 118.904 134.964
v -11.2184 119.475 134.964
v -6.23868 119.838 134.964
v -1.24821 119.993 134.964
v 3.74442 119.942 134.964
v 8.73056 119.682 134.964
v 13.7016 119.215 134.964
v 18.6489 118.542 134.964
v 23.5639 117.664 134.964
v 28.4382 116.582 134.964
v 33.2632 115.298 134.964
v 38.0306 113.814 134.964
v 42.7322 112.134 134.964
v 47.3598 110.259 134.964
v 51.9054 108.193 134.967
v 56.3611 105.941 134.971
v 60.7193 103.504 134.978
v 64.9723 100.889 134.984
v 69.1129 98.0989 134.99
v -89.5661 -79.8618 114.964
v -92.8108 -76.0668 114.964
v -114.206 -36.837 114.966
v -115.643 -32.0411 114.971
v -6.2388 -119.838 114.964
v -11.2185 -119.475 114.963
v -104.131 -59.6393 114.963
v -106.521 -55.256 114.964
v -26.0066 -117.148 114.963
v -30.8573 -115.965 114.963
v -62.8594 -102.219 114.964
v -67.0572 -99.5155 114.963
v -16.1787 -118.904 114.963
v 23.5638 -117.664 114.963
v 18.6488 -118.542 114.963
v -95.8947 -72.1402 114.964
v -98.8126 -68.0887 114.964
v 13.7015 -119.215 114.963
v 69.0625 -98.1344 124.96
v 69.0623 -98.1346 119.956
v -108.728 -50.7769 114.963
v -110.746 -46.2098 114.963
v 3.74429 -119.942 114.963
v -1.24833 -119.993 114.964
v 28.4379 -116.582 114.963
v -75.0973 -93.597 114.963
v -78.9258 -90.392 114.964
v -116.889 -27.1461 115.006
v -117.939 -22.1455 115.073
v 69.1129 98.0989 114.989
v 51.8928 -108.2 114.954
v 47.3526 -110.262 114.957
v -58.5529 -104.745 114.964
v -71.1388 -96.6399 114.964
v -49.6433 -109.25 114.964
v -54.1449 -107.09 114.964
v -21.111 -118.128 114.964
v -40.3901 -112.998 114.963
v -45.0557 -111.22 114.963
v -35.6545 -114.581 114.963
v -82.6177 -87.0306 114.964
v -86.1665 -83.5185 114.963
v 56.3417 -105.951 114.951
v -101.56 -63.9193 114.963
v -118.797 -16.9505 115.23
v -119.444 -11.5345 115.403
v -119.834 -6.30297 115.268
v -119.994 -1.24291 115.121
v -119.943 3.69991 114.961
v -119.7 8.47942 114.723
v -119.293 13.0062 114.42
v -118.694 17.6551 114.587
v -117.884 22.4347 114.755
v -116.862 27.2612 114.858
v -115.633 32.0765 114.913
v -114.202 36.8503 114.94
v -112.571 41.5657 114.953
v -110.745 46.2111 114.959
v -108.727 50.7775 114.962
v -106.521 55.2562 114.963
v -104.13 59.6394 114.963
v -101.559 63.9194 114.963
v -98.8125 68.0888 114.964
v -95.8946 72.1403 114.964
v -92.8107 76.0669 114.964
v -89.5661 79.8619 114.964
v -86.1664 83.5186 114.964
v -82.6176 87.0307 114.964
v -78.9257 90.3921 114.964
v -75.0972 93.597 114.964
v -71.1387 96.64 114.964
v -67.0571 99.5156 114.964
v -62.8593 102.219 114.964
v -58.5528 104.745 114.964
v -54.1449 107.09 114.964
v -49.6432 109.25 114.964
v -45.0556 111.22 114.964
v -40.39 112.998 114.964
v -35.6544 114.581 114.964
v -30.8572 115.965 114.964
v -26.0065 117.148 114.964
v -21.1108 118.129 114.964
v -16.1786 118.904 114.964
v -11.2184 119.475 114.964
v -6.23868 119.838 114.964
v -1.24821 119.993 114.964
v 3.74442 119.942 114.964
v 8.73056 119.682 114.964
v 13.7016 119.215 114.964
v 18.6489 118.542 114.964
v 23.5639 117.664 114.964
v 28.4382 116.582 114.964
v 33.2632 115.298 114.964
v 38.0306 113.814 114.964
v 42.7322 112.134 114.964
v 47.3598 110.259 114.964
v 51.9054 108.193 114.966
v 56.3611 105.941 114.971
v 60.7193 103.504 114.977
v 64.9723 100.889 114.983
v 69.0659 -98.132 129.967
v 69.0669 -98.1314 114.963
v 64.9353 -100.913 114.953
v -112.573 -41.5608 114.965
v 8.73044 -119.682 114.964
v 69.1129 98.099 129.986
v 69.1129 98.099 124.985
v 69.1129 98.099 119.986
v 42.7283 -112.135 114.96
v 38.0288 -113.815 114.961
v 33.2623 -115.298 114.963
v 60.6917 -103.521 114.951
v 64.9364 -100.912 129.958
v 60.6936 -103.52 129.952
v 56.3439 -105.95 129.95
v 51.8945 -108.199 129.95
v 47.3534 -110.262 129.951
v 42.7286 -112.135 129.951
v 38.0287 -113.815 129.952
v 33.2622 -115.298 129.953
v 28.4376 -116.582 129.953
v 23.5636 -117.664 129.953
v 18.6487 -118.542 129.953
v 13.7014 -119.215 129.953
v 8.73039 -119.682 129.953
v 3.74425 -119.942 129.953
v -1.24838 -119.993 129.953
v -6.23884 -119.838 129.953
v -11.2185 -119.475 129.953
v -16.1788 -118.904 129.953
v -21.111 -118.128 129.953
v -26.0067 -117.148 129.953
v -30.8573 -115.965 129.953
v -35.6546 -114.581 129.953
v -40.3901 -112.998 129.953
v -45.0557 -111.22 129.953
v -49.6433 -109.25 129.953
v -54.145 -107.09 129.953
v -58.5529 -104.745 129.953
v -62.8595 -102.219 129.953
v -67.0572 -99.5155 129.953
v -71.1389 -96.6399 129.953
v -75.0974 -93.5969 129.953
v -78.9258 -90.392 129.953
v -82.6177 -87.0305 129.953
v -86.1665 -83.5184 129.953
v -89.5662 -79.8618 129.953
v -92.8108 -76.0668 129.953
v -95.8947 -72.1402 129.953
v -98.8126 -68.0887 129.953
v -101.56 -63.9193 129.953
v -104.131 -59.6392 129.953
v -106.521 -55.2559 129.953
v -108.728 -50.777 129.953
v -110.746 -46.2101 129.953
v -112.572 -41.5631 129.953
v -114.204 -36.8433 129.953
v -115.64 -32.0538 129.959
v -116.878 -27.1952 129.996
v -117.911 -22.2909 130.103
v -118.729 -17.4206 130.314
v -119.325 -12.7148 130.562
v -119.72 -8.19459 130.342
v -119.95 -3.46066 130.163
v -119.992 1.42485 129.996
v -119.827 6.44215 129.783
v -119.435 11.635 129.545
v -118.787 17.0181 129.657
v -117.936 22.159 129.778
v -116.889 27.1453 129.859
v -115.647 32.0285 129.906
v -114.208 36.8306 129.93
v -112.574 41.5577 129.943
v -110.747 46.208 129.948
v -108.728 50.7762 129.951
v -106.521 55.2557 129.952
v -104.131 59.6393 129.953
v -101.559 63.9194 129.953
v -98.8125 68.0888 129.953
v -95.8946 72.1403 129.953
v -92.8107 76.0669 129.953
v -89.5661 79.8619 129.953
v -86.1664 83.5186 129.953
v -82.6176 87.0307 129.953
v -78.9257 90.3921 129.953
v -75.0972 93.5971 129.953
v -71.1387 96.64 129.953
v -67.0571 99.5156 129.953
v -62.8593 102.219 129.953
v -58.5527 104.745 129.953
v -54.1448 107.09 129.953
v -49.6432 109.25 129.953
v -45.0556 111.22 129.953
v -40.3899 112.998 129.953
v -35.6544 114.581 129.953
v -30.8572 115.965 129.953
v -26.0065 117.148 129.953
v -21.1108 118.129 129.953
v -16.1786 118.904 129.953
v -11.2183 119.475 129.953
v -6.23866 119.838 129.953
v -1.24819 119.993 129.953
v 3.74444 119.942 129.953
v 8.73059 119.682 129.953
v 13.7016 119.215 129.953
v 18.6489 118.542 129.953
v 23.564 117.664 129.953
v 28.4382 116.582 129.953
v 33.2632 115.298 129.953
v 38.0306 113.814 129.953
v 42.7322 112.134 129.954
v 47.3598 110.259 129.955
v 51.9054 108.193 129.959
v 56.3611 105.941 129.965
v 60.7193 103.504 129.972
v 64.9723 100.889 129.98
v -114.207 -36.8348 119.958
v -115.645 -32.0342 119.966
v -101.56 -63.9193 119.953
v -104.131 -59.6392 119.952
v -116.893 -27.1287 120.024
v -117.95 -22.088 120.18
v -118.818 -16.7987 120.491
v -26.0067 -117.148 119.953
v -30.8573 -115.965 119.952
v 64.9723 100.889 119.979
v -86.1665 -83.5185 119.953
v -89.5662 -79.8618 119.952
v -11.2185 -119.475 119.953
v -16.1787 -118.904 119.952
v 23.5637 -117.664 119.952
v 18.6488 -118.542 119.952
v -119.881 -5.3401 120.44
v -119.999 -0.349711 120.112
v 13.7014 -119.215 119.953
v 64.9335 -100.914 124.952
v 64.9328 -100.914 119.948
v 60.6902 -103.521 119.945
v -92.8108 -76.0668 119.954
v -95.8947 -72.1402 119.953
v 56.3409 -105.951 119.944
v 51.8922 -108.2 119.946
v 47.3521 -110.262 119.947
v 8.73041 -119.682 119.954
v 3.74427 -119.942 119.952
v -71.1388 -96.6399 119.953
v -75.0973 -93.597 119.952
v -119.914 4.55164 119.833
v -98.8126 -68.0887 119.954
v -106.521 -55.2559 119.953
v -108.728 -50.7769 119.952
v -110.746 -46.2096 119.953
v -40.3901 -112.998 119.952
v -45.0557 -111.22 119.952
v -62.8594 -102.219 119.953
v -67.0572 -99.5155 119.953
v -35.6546 -114.581 119.953
v -82.6177 -87.0306 119.953
v -54.145 -107.09 119.953
v -58.5529 -104.745 119.953
v -119.535 -10.5533 121.21
v -119.643 9.25608 119.422
v -119.278 13.141 118.515
v -118.707 17.5683 119.288
v -117.897 22.3655 119.638
v -116.871 27.2261 119.803
v -115.638 32.0609 119.883
v -114.204 36.8437 119.921
v -112.572 41.563 119.938
v -110.746 46.2101 119.947
v -108.728 50.7771 119.95
v -106.521 55.2561 119.952
v -104.13 59.6394 119.953
v -101.559 63.9194 119.953
v -98.8125 68.0888 119.953
v -95.8946 72.1403 119.953
v -92.8107 76.0669 119.953
v -89.5661 79.8619 119.953
v -86.1664 83.5186 119.953
v -82.6176 87.0307 119.953
v -78.9257 90.3921 119.953
v -75.0972 93.5971 119.953
v -71.1387 96.64 119.953
v -67.0571 99.5156 119.953
v -62.8593 102.219 119.953
v -58.5527 104.745 119.953
v -54.1448 107.09 119.953
v -49.6432 109.25 119.953
v -45.0555 111.22 119.953
v -40.3899 112.998 119.953
v -35.6544 114.581 119.953
v -30.8572 115.965 119.953
v -26.0065 117.148 119.953
v -21.1108 118.129 119.953
v -16.1786 118.904 119.953
v -11.2183 119.475 119.953
v -6.23865 119.838 119.953
v -1.24819 119.993 119.953
v 3.74444 119.942 119.953
v 8.73059 119.682 119.953
v 13.7016 119.215 119.953
v 18.6489 118.542 119.953
v 23.564 117.664 119.953
v 28.4382 116.582 119.953
v 33.2632 115.298 119.953
v 38.0306 113.814 119.953
v 42.7322 112.134 119.953
v 47.3598 110.259 119.955
v 51.9054 108.193 119.958
v 56.3611 105.941 119.965
v 60.7193 103.504 119.972
v 42.7278 -112.135 119.95
v 38.0286 -113.815 119.95
v -1.24836 -119.993 119.953
v -112.573 -41.56 119.956
v -49.6433 -109.25 119.954
v 64.9723 100.889 124.978
v -21.111 -118.128 119.954
v -6.23883 -119.838 119.954
v 28.4377 -116.582 119.953
v 33.2621 -115.298 119.953
v -78.9258 -90.392 119.954
v 60.6909 -103.521 124.947
v 56.3416 -105.951 124.946
v 51.8927 -108.2 124.946
v 47.3521 -110.262 124.947
v 42.7278 -112.135 124.948
v 38.0283 -113.815 124.949
v 33.2619 -115.298 124.95
v 28.4375 -116.582 124.951
v 23.5636 -117.664 124.951
v 18.6487 -118.542 124.951
v 13.7014 -119.215 124.951
v 8.73039 -119.682 124.951
v 3.74425 -119.942 124.951
v -1.24838 -119.993 124.951
v -6.23884 -119.838 124.951
v -11.2185 -119.475 124.951
v -16.1787 -118.904 124.951
v -21.111 -118.128 124.951
v -26.0067 -117.148 124.951
v -30.8573 -115.965 124.95
v -35.6546 -114.581 124.951
v -40.3901 -112.998 124.95
v -45.0557 -111.22 124.95
v -49.6433 -109.25 124.951
v -54.145 -107.09 124.951
v -58.5529 -104.745 124.951
v -62.8595 -102.219 124.951
v -67.0572 -99.5155 124.951
v -71.1388 -96.6399 124.951
v -75.0974 -93.5969 124.951
v -78.9258 -90.392 124.951
v -82.6177 -87.0305 124.951
v -86.1665 -83.5184 124.951
v -89.5662 -79.8618 124.951
v -92.8108 -76.0668 124.951
v -95.8947 -72.1402 124.951
v -98.8126 -68.0887 124.951
v -101.56 -63.9193 124.951
v -104.131 -59.6392 124.951
v -106.521 -55.2559 124.951
v -108.728 -50.7769 124.951
v -110.746 -46.2098 124.951
v -112.573 -41.5617 124.952
v -114.206 -36.8381 124.954
v -115.644 -32.0385 124.969
v -116.886 -27.1576 125.035
v -117.925 -22.2167 125.21
v -118.744 -17.3193 125.601
v -119.314 -12.8167 126.467
v -119.666 -8.93987 125.641
v -119.924 -4.26234 125.298
v -119.998 0.614189 125.016
v -119.869 5.61217 124.626
v -119.507 10.8621 123.772
v -118.793 16.9753 124.357
v -117.933 22.1794 124.65
v -116.886 27.16 124.801
v -115.645 32.0354 124.877
v -114.207 36.8335 124.916
v -112.574 41.5589 124.935
v -110.746 46.2085 124.943
v -108.728 50.7764 124.948
v -106.521 55.2558 124.949
v -104.131 59.6393 124.95
v -101.559 63.9194 124.951
v -98.8125 68.0888 124.951
v -95.8946 72.1403 124.951
v -92.8107 76.0669 124.951
v -89.566 79.8619 124.951
v -86.1664 83.5186 124.951
v -82.6176 87.0307 124.951
v -78.9257 90.3921 124.951
v -75.0972 93.5971 124.951
v -71.1387 96.64 124.951
v -67.0571 99.5156 124.951
v -62.8593 102.219 124.951
v -58.5527 104.745 124.951
v -54.1448 107.09 124.951
v -49.6432 109.25 124.951
v -45.0555 111.22 124.951
v -40.3899 112.998 124.951
v -35.6544 114.581 124.951
v -30.8572 115.965 124.951
v -26.0065 117.148 124.951
v -21.1108 118.129 124.951
v -16.1786 118.904 124.951
v -11.2183 119.475 124.951
v -6.23865 119.838 124.951
v -1.24818 119.993 124.951
v 3.74445 119.942 124.951
v 8.7306 119.682 124.951
v 13.7016 119.215 124.951
v 18.6489 118.542 124.951
v 23.564 117.664 124.951
v 28.4382 116.582 124.951
v 33.2632 115.298 124.951
v 38.0306 113.814 124.951
v 42.7322 112.134 124.951
v 47.3598 110.259 124.953
v 51.9054 108.193 124.957
v 56.3611 105.941 124.964
v 60.7193 103.504 124.971
# </points>

# <faces count="20611">
g Mesh_2
f 1 2 3
f 1 3 4
f 5 6 2
f 5 2 1
f 7 8 6
f 7 6 5
f 9 10 8
f 9 8 7
f 11 12 10
f 11 10 9
f 13 14 12
f 13 12 11
f 15 16 14
f 15 14 13
f 17 18 16
f 17 16 15
f 19 20 18
f 19 18 17
f 21 22 20
f 21 20 19
f 23 24 22
f 23 22 21
f 25 26 24
f 25 24 23
f 27 28 26
f 27 26 25
f 29 30 28
f 29 28 27
f 31 32 30
f 31 30 29
f 33 34 32
f 33 32 31
f 35 36 34
f 35 34 33
f 37 38 36
f 37 36 35
f 39 40 38
f 39 38 37
f 41 42 40
f 41 40 39
f 43 44 42
f 43 42 41
f 45 46 44
f 45 44 43
f 47 48 46
f 47 46 45
f 49 50 48
f 49 48 47
f 51 52 50
f 51 50 49
f 53 54 52
f 53 52 51
f 55 56 54
f 55 54 53
f 57 58 56
f 57 56 55
f 59 60 58
f 59 58 57
f 61 62 60
f 61 60 59
f 63 64 62
f 63 62 61
f 65 66 64
f 65 64 63
f 67 68 66
f 67 66 65
f 69 70 68
f 69 68 67
f 71 72 70
f 71 70 69
f 73 74 72
f 73 72 71
f 75 76 74
f 75 74 73
f 77 78 76
f 77 76 75
f 79 80 78
f 79 78 77
f 81 82 80
f 81 80 79
f 83 84 82
f 83 82 81
f 85 86 84
f 85 84 83
f 87 88 86
f 87 86 85
f 89 90 88
f 89 88 87
f 91 92 90
f 91 90 89
f 93 94 92
f 93 92 91
f 95 96 94
f 95 94 93
f 97 98 96
f 97 96 95
f 99 100 98
f 99 98 97
f 101 102 100
f 101 100 99
f 103 104 102
f 103 102 101
f 105 106 104
f 105 104 103
f 107 108 106
f 107 106 105
f 109 110 108
f 109 108 107
f 111 112 110
f 111 110 109
f 113 114 112
f 113 112 111
f 115 116 114
f 115 114 113
f 117 118 116
f 117 116 115
f 119 120 118
f 119 118 117
f 121 122 120
f 121 120 119
f 123 124 122
f 123 122 121
f 125 126 124
f 125 124 123
f 127 128 126
f 127 126 125
f 129 130 128
f 129 128 127
f 131 132 130
f 131 130 129
f 133 134 132
f 133 132 131
f 135 136 134
f 135 134 133
f 137 138 136
f 137 136 135
f 139 140 138
f 139 138 137
f 141 142 140
f 141 140 139
f 143 144 142
f 143 142 141
f 145 146 144
f 145 144 143
f 147 148 146
f 147 146 145
f 149 150 148
f 149 148 147
f 151 152 150
f 151 150 149
f 153 154 152
f 153 152 151
f 155 156 154
f 155 154 153
f 157 158 156
f 157 156 155
f 159 160 158
f 159 158 157
f 161 162 160
f 161 160 159
f 163 164 162
f 163 162 161
f 165 166 164
f 165 164 163
f 167 168 166
f 167 166 165
f 169 170 168
f 169 168 167
f 171 172 170
f 171 170 169
f 173 174 172
f 173 172 171
f 175 176 174
f 175 174 173
f 177 178 176
f 177 176 175
f 179 180 178
f 179 178 177
f 181 182 180
f 181 180 179
f 183 184 182
f 183 182 181
f 185 186 184
f 185 184 183
f 187 188 186
f 187 186 185
f 189 190 188
f 189 188 187
f 191 192 190
f 191 190 189
f 193 194 192
f 193 192 191
f 195 196 194
f 195 194 193
f 197 198 196
f 197 196 195
f 199 200 198
f 199 198 197
f 201 202 200
f 201 200 199
f 203 204 202
f 203 202 201
f 205 206 204
f 205 204 203
f 207 208 206
f 207 206 205
f 209 210 208
f 209 208 207
f 211 212 210
f 211 210 209
f 213 214 212
f 213 212 211
f 215 216 214
f 215 214 213
f 217 218 216
f 217 216 215
f 219 220 218
f 219 218 217
f 221 222 220
f 221 220 219
f 223 224 222
f 223 222 221
f 225 226 224
f 225 224 223
f 227 228 226
f 227 226 225
f 229 230 228
f 229 228 227
f 231 232 230
f 231 230 229
f 233 234 232
f 233 232 231
f 235 236 234
f 235 234 233
f 237 238 236
f 237 236 235
f 239 240 238
f 239 238 237
f 241 242 240
f 241 240 239
f 243 244 242
f 243 242 241
f 245 246 244
f 245 244 243
f 247 248 246
f 247 246 245
f 249 250 248
f 249 248 247
f 251 252 250
f 251 250 249
f 253 254 252
f 253 252 251
f 255 256 254
f 255 254 253
f 257 258 256
f 257 256 255
f 259 260 258
f 259 258 257
f 261 262 260
f 261 260 259
f 263 264 262
f 263 262 261
f 265 266 264
f 265 264 263
f 267 268 266
f 267 266 265
f 269 270 268
f 269 268 267
f 271 272 270
f 271 270 269
f 273 274 272
f 273 272 271
f 275 276 274
f 275 274 273
f 4 3 276
f 4 276 275
f 277 4 275
f 277 275 278
f 279 7 5
f 279 5 280
f 281 9 7
f 281 7 279
f 282 11 9
f 282 9 281
f 283 13 11
f 283 11 282
f 284 15 13
f 284 13 283
f 285 17 15
f 285 15 284
f 286 19 17
f 286 17 285
f 287 21 19
f 287 19 286
f 288 23 21
f 288 21 287
f 289 25 23
f 289 23 288
f 290 27 25
f 290 25 289
f 291 29 27
f 291 27 290
f 292 31 29
f 292 29 291
f 293 33 31
f 293 31 292
f 294 35 33
f 294 33 293
f 295 37 35
f 295 35 294
f 296 39 37
f 296 37 295
f 297 41 39
f 297 39 296
f 298 43 41
f 298 41 297
f 299 45 43
f 299 43 298
f 300 47 45
f 300 45 299
f 301 49 47
f 301 47 300
f 302 51 49
f 302 49 301
f 303 53 51
f 303 51 302
f 304 55 53
f 304 53 303
f 305 57 55
f 305 55 304
f 306 59 57
f 306 57 305
f 307 61 59
f 307 59 306
f 308 63 61
f 308 61 307
f 309 65 63
f 309 63 308
f 310 67 65
f 310 65 309
f 311 69 67
f 311 67 310
f 312 71 69
f 312 69 311
f 313 73 71
f 313 71 312
f 314 75 73
f 314 73 313
f 315 77 75
f 315 75 314
f 316 79 77
f 316 77 315
f 317 81 79
f 317 79 316
f 318 83 81
f 318 81 317
f 319 85 83
f 319 83 318
f 320 87 85
f 320 85 319
f 321 89 87
f 321 87 320
f 322 91 89
f 322 89 321
f 323 93 91
f 323 91 322
f 324 95 93
f 324 93 323
f 325 97 95
f 325 95 324
f 326 99 97
f 326 97 325
f 327 101 99
f 327 99 326
f 328 103 101
f 328 101 327
f 329 105 103
f 329 103 328
f 330 107 105
f 330 105 329
f 331 109 107
f 331 107 330
f 332 111 109
f 332 109 331
f 333 113 111
f 333 111 332
f 334 115 113
f 334 113 333
f 335 117 115
f 335 115 334
f 336 119 117
f 336 117 335
f 337 121 119
f 337 119 336
f 338 123 121
f 338 121 337
f 339 125 123
f 339 123 338
f 340 127 125
f 340 125 339
f 341 129 127
f 341 127 340
f 342 131 129
f 342 129 341
f 343 133 131
f 343 131 342
f 344 135 133
f 344 133 343
f 345 137 135
f 345 135 344
f 346 139 137
f 346 137 345
f 347 141 139
f 347 139 346
f 348 143 141
f 348 141 347
f 349 145 143
f 349 143 348
f 350 147 145
f 350 145 349
f 351 149 147
f 351 147 350
f 352 151 149
f 352 149 351
f 353 153 151
f 353 151 352
f 354 155 153
f 354 153 353
f 355 157 155
f 355 155 354
f 356 159 157
f 356 157 355
f 357 161 159
f 357 159 356
f 358 163 161
f 358 161 357
f 359 165 163
f 359 163 358
f 360 167 165
f 360 165 359
f 361 169 167
f 361 167 360
f 362 171 169
f 362 169 361
f 363 173 171
f 363 171 362
f 364 175 173
f 364 173 363
f 365 177 175
f 365 175 364
f 366 179 177
f 366 177 365
f 367 181 179
f 367 179 366
f 368 183 181
f 368 181 367
f 369 185 183
f 369 183 368
f 370 187 185
f 370 185 369
f 371 189 187
f 371 187 370
f 372 191 189
f 372 189 371
f 373 193 191
f 373 191 372
f 374 195 193
f 374 193 373
f 375 197 195
f 375 195 374
f 376 199 197
f 376 197 375
f 377 201 199
f 377 199 376
f 378 203 201
f 378 201 377
f 379 205 203
f 379 203 378
f 380 207 205
f 380 205 379
f 381 209 207
f 381 207 380
f 382 211 209
f 382 209 381
f 383 213 211
f 383 211 382
f 384 215 213
f 384 213 383
f 385 217 215
f 385 215 384
f 386 219 217
f 386 217 385
f 387 221 219
f 387 219 386
f 388 223 221
f 388 221 387
f 389 225 223
f 389 223 388
f 390 227 225
f 390 225 389
f 391 229 227
f 391 227 390
f 392 231 229
f 392 229 391
f 393 233 231
f 393 231 392
f 394 235 233
f 394 233 393
f 395 237 235
f 395 235 394
f 396 239 237
f 396 237 395
f 397 241 239
f 397 239 396
f 398 243 241
f 398 241 397
f 399 245 243
f 399 243 398
f 400 247 245
f 400 245 399
f 401 249 247
f 401 247 400
f 402 251 249
f 402 249 401
f 403 253 251
f 403 251 402
f 404 255 253
f 404 253 403
f 405 257 255
f 405 255 404
f 406 259 257
f 406 257 405
f 407 261 259
f 407 259 406
f 408 263 261
f 408 261 407
f 409 265 263
f 409 263 408
f 410 267 265
f 410 265 409
f 411 269 267
f 411 267 410
f 412 271 269
f 412 269 411
f 413 273 271
f 413 271 412
f 278 275 273
f 278 273 413
f 414 1 4
f 414 4 277
f 280 5 1
f 280 1 414
f 415 414 277
f 415 277 416
f 417 282 281
f 417 281 418
f 419 283 282
f 419 282 417
f 420 284 283
f 420 283 419
f 421 285 284
f 421 284 420
f 422 286 285
f 422 285 421
f 423 287 286
f 423 286 422
f 424 288 287
f 424 287 423
f 425 289 288
f 425 288 424
f 426 290 289
f 426 289 425
f 427 291 290
f 427 290 426
f 428 292 291
f 428 291 427
f 429 293 292
f 429 292 428
f 430 294 293
f 430 293 429
f 431 295 294
f 431 294 430
f 432 296 295
f 432 295 431
f 433 297 296
f 433 296 432
f 434 298 297
f 434 297 433
f 435 299 298
f 435 298 434
f 436 300 299
f 436 299 435
f 437 301 300
f 437 300 436
f 438 302 301
f 438 301 437
f 439 303 302
f 439 302 438
f 440 304 303
f 440 303 439
f 441 305 304
f 441 304 440
f 442 306 305
f 442 305 441
f 443 307 306
f 443 306 442
f 444 308 307
f 444 307 443
f 445 309 308
f 445 308 444
f 446 310 309
f 446 309 445
f 447 311 310
f 447 310 446
f 448 312 311
f 448 311 447
f 449 313 312
f 449 312 448
f 450 314 313
f 450 313 449
f 451 315 314
f 451 314 450
f 452 316 315
f 452 315 451
f 453 317 316
f 453 316 452
f 454 318 317
f 454 317 453
f 455 319 318
f 455 318 454
f 456 320 319
f 456 319 455
f 457 321 320
f 457 320 456
f 458 322 321
f 458 321 457
f 459 323 322
f 459 322 458
f 460 324 323
f 460 323 459
f 461 325 324
f 461 324 460
f 462 326 325
f 462 325 461
f 463 327 326
f 463 326 462
f 464 328 327
f 464 327 463
f 465 329 328
f 465 328 464
f 466 330 329
f 466 329 465
f 467 331 330
f 467 330 466
f 468 332 331
f 468 331 467
f 469 333 332
f 469 332 468
f 470 334 333
f 470 333 469
f 471 335 334
f 471 334 470
f 472 336 335
f 472 335 471
f 473 337 336
f 473 336 472
f 474 338 337
f 474 337 473
f 475 339 338
f 475 338 474
f 476 340 339
f 476 339 475
f 477 341 340
f 477 340 476
f 478 342 341
f 478 341 477
f 479 343 342
f 479 342 478
f 480 344 343
f 480 343 479
f 481 345 344
f 481 344 480
f 482 346 345
f 482 345 481
f 483 347 346
f 483 346 482
f 484 348 347
f 484 347 483
f 485 349 348
f 485 348 484
f 486 350 349
f 486 349 485
f 487 351 350
f 487 350 486
f 488 352 351
f 488 351 487
f 489 353 352
f 489 352 488
f 490 354 353
f 490 353 489
f 491 355 354
f 491 354 490
f 492 356 355
f 492 355 491
f 493 357 356
f 493 356 492
f 494 358 357
f 494 357 493
f 495 359 358
f 495 358 494
f 496 360 359
f 496 359 495
f 497 361 360
f 497 360 496
f 498 362 361
f 498 361 497
f 499 363 362
f 499 362 498
f 500 364 363
f 500 363 499
f 501 365 364
f 501 364 500
f 502 366 365
f 502 365 501
f 503 367 366
f 503 366 502
f 504 368 367
f 504 367 503
f 505 369 368
f 505 368 504
f 506 370 369
f 506 369 505
f 507 371 370
f 507 370 506
f 508 372 371
f 508 371 507
f 509 373 372
f 509 372 508
f 510 374 373
f 510 373 509
f 511 375 374
f 511 374 510
f 512 376 375
f 512 375 511
f 513 377 376
f 513 376 512
f 514 378 377
f 514 377 513
f 515 379 378
f 515 378 514
f 516 380 379
f 516 379 515
f 517 381 380
f 517 380 516
f 518 382 381
f 518 381 517
f 519 383 382
f 519 382 518
f 520 384 383
f 520 383 519
f 521 385 384
f 521 384 520
f 522 386 385
f 522 385 521
f 523 387 386
f 523 386 522
f 524 388 387
f 524 387 523
f 525 389 388
f 525 388 524
f 526 390 389
f 526 389 525
f 527 391 390
f 527 390 526
f 528 392 391
f 528 391 527
f 529 393 392
f 529 392 528
f 530 394 393
f 530 393 529
f 531 395 394
f 531 394 530
f 532 396 395
f 532 395 531
f 533 397 396
f 533 396 532
f 534 398 397
f 534 397 533
f 535 399 398
f 535 398 534
f 536 400 399
f 536 399 535
f 537 401 400
f 537 400 536
f 538 402 401
f 538 401 537
f 539 403 402
f 539 402 538
f 540 404 403
f 540 403 539
f 541 405 404
f 541 404 540
f 542 406 405
f 542 405 541
f 543 407 406
f 543 406 542
f 544 408 407
f 544 407 543
f 545 409 408
f 545 408 544
f 546 410 409
f 546 409 545
f 547 411 410
f 547 410 546
f 548 412 411
f 548 411 547
f 549 413 412
f 549 412 548
f 550 279 280
f 550 280 551
f 551 280 414
f 551 414 415
f 416 277 278
f 416 278 552
f 552 278 413
f 552 413 549
f 418 281 279
f 418 279 550
f 553 552 549
f 553 549 554
f 555 420 419
f 555 419 556
f 557 421 420
f 557 420 555
f 558 422 421
f 558 421 557
f 559 423 422
f 559 422 558
f 560 424 423
f 560 423 559
f 561 425 424
f 561 424 560
f 562 426 425
f 562 425 561
f 563 427 426
f 563 426 562
f 564 428 427
f 564 427 563
f 565 429 428
f 565 428 564
f 566 430 429
f 566 429 565
f 567 431 430
f 567 430 566
f 568 432 431
f 568 431 567
f 569 433 432
f 569 432 568
f 570 434 433
f 570 433 569
f 571 435 434
f 571 434 570
f 572 436 435
f 572 435 571
f 573 437 436
f 573 436 572
f 574 438 437
f 574 437 573
f 575 439 438
f 575 438 574
f 576 440 439
f 576 439 575
f 577 441 440
f 577 440 576
f 578 442 441
f 578 441 577
f 579 443 442
f 579 442 578
f 580 444 443
f 580 443 579
f 581 445 444
f 581 444 580
f 582 446 445
f 582 445 581
f 583 447 446
f 583 446 582
f 584 448 447
f 584 447 583
f 585 449 448
f 585 448 584
f 586 450 449
f 586 449 585
f 587 451 450
f 587 450 586
f 588 452 451
f 588 451 587
f 589 453 452
f 589 452 588
f 590 454 453
f 590 453 589
f 591 455 454
f 591 454 590
f 592 456 455
f 592 455 591
f 593 457 456
f 593 456 592
f 594 458 457
f 594 457 593
f 595 459 458
f 595 458 594
f 596 460 459
f 596 459 595
f 597 461 460
f 597 460 596
f 598 462 461
f 598 461 597
f 599 463 462
f 599 462 598
f 600 464 463
f 600 463 599
f 601 465 464
f 601 464 600
f 602 466 465
f 602 465 601
f 603 467 466
f 603 466 602
f 604 468 467
f 604 467 603
f 605 469 468
f 605 468 604
f 606 470 469
f 606 469 605
f 607 471 470
f 607 470 606
f 608 472 471
f 608 471 607
f 609 473 472
f 609 472 608
f 610 474 473
f 610 473 609
f 611 475 474
f 611 474 610
f 612 476 475
f 612 475 611
f 613 477 476
f 613 476 612
f 614 478 477
f 614 477 613
f 615 479 478
f 615 478 614
f 616 480 479
f 616 479 615
f 617 481 480
f 617 480 616
f 618 482 481
f 618 481 617
f 619 483 482
f 619 482 618
f 620 484 483
f 620 483 619
f 621 485 484
f 621 484 620
f 622 486 485
f 622 485 621
f 623 487 486
f 623 486 622
f 624 488 487
f 624 487 623
f 625 489 488
f 625 488 624
f 626 490 489
f 626 489 625
f 627 491 490
f 627 490 626
f 628 492 491
f 628 491 627
f 629 493 492
f 629 492 628
f 630 494 493
f 630 493 629
f 631 495 494
f 631 494 630
f 632 496 495
f 632 495 631
f 633 497 496
f 633 496 632
f 634 498 497
f 634 497 633
f 635 499 498
f 635 498 634
f 636 500 499
f 636 499 635
f 637 501 500
f 637 500 636
f 638 502 501
f 638 501 637
f 639 503 502
f 639 502 638
f 640 504 503
f 640 503 639
f 641 505 504
f 641 504 640
f 642 506 505
f 642 505 641
f 643 507 506
f 643 506 642
f 644 508 507
f 644 507 643
f 645 509 508
f 645 508 644
f 646 510 509
f 646 509 645
f 647 511 510
f 647 510 646
f 648 512 511
f 648 511 647
f 649 513 512
f 649 512 648
f 650 514 513
f 650 513 649
f 651 515 514
f 651 514 650
f 652 516 515
f 652 515 651
f 653 517 516
f 653 516 652
f 654 518 517
f 654 517 653
f 655 519 518
f 655 518 654
f 656 520 519
f 656 519 655
f 657 521 520
f 657 520 656
f 658 522 521
f 658 521 657
f 659 523 522
f 659 522 658
f 660 524 523
f 660 523 659
f 661 525 524
f 661 524 660
f 662 526 525
f 662 525 661
f 663 527 526
f 663 526 662
f 664 528 527
f 664 527 663
f 665 529 528
f 665 528 664
f 666 530 529
f 666 529 665
f 667 531 530
f 667 530 666
f 668 532 531
f 668 531 667
f 669 533 532
f 669 532 668
f 670 534 533
f 670 533 669
f 671 535 534
f 671 534 670
f 672 536 535
f 672 535 671
f 673 537 536
f 673 536 672
f 674 538 537
f 674 537 673
f 675 539 538
f 675 538 674
f 676 540 539
f 676 539 675
f 677 541 540
f 677 540 676
f 678 542 541
f 678 541 677
f 679 543 542
f 679 542 678
f 680 544 543
f 680 543 679
f 681 545 544
f 681 544 680
f 682 546 545
f 682 545 681
f 683 547 546
f 683 546 682
f 684 548 547
f 684 547 683
f 554 549 548
f 554 548 684
f 685 550 551
f 685 551 686
f 556 419 417
f 556 417 687
f 688 416 552
f 688 552 553
f 686 551 415
f 686 415 689
f 689 415 416
f 689 416 688
f 687 417 418
f 687 418 690
f 690 418 550
f 690 550 685
f 691 689 688
f 691 688 692
f 693 555 556
f 693 556 694
f 695 554 684
f 695 684 696
f 697 558 557
f 697 557 698
f 699 559 558
f 699 558 697
f 700 560 559
f 700 559 699
f 701 561 560
f 701 560 700
f 702 562 561
f 702 561 701
f 703 563 562
f 703 562 702
f 704 564 563
f 704 563 703
f 705 565 564
f 705 564 704
f 706 566 565
f 706 565 705
f 707 567 566
f 707 566 706
f 708 568 567
f 708 567 707
f 709 569 568
f 709 568 708
f 710 570 569
f 710 569 709
f 711 571 570
f 711 570 710
f 712 572 571
f 712 571 711
f 713 573 572
f 713 572 712
f 714 574 573
f 714 573 713
f 715 575 574
f 715 574 714
f 716 576 575
f 716 575 715
f 717 577 576
f 717 576 716
f 718 578 577
f 718 577 717
f 719 579 578
f 719 578 718
f 720 580 579
f 720 579 719
f 721 581 580
f 721 580 720
f 722 582 581
f 722 581 721
f 723 583 582
f 723 582 722
f 724 584 583
f 724 583 723
f 725 585 584
f 725 584 724
f 726 586 585
f 726 585 725
f 727 587 586
f 727 586 726
f 728 588 587
f 728 587 727
f 729 589 588
f 729 588 728
f 730 590 589
f 730 589 729
f 731 591 590
f 731 590 730
f 732 592 591
f 732 591 731
f 733 593 592
f 733 592 732
f 734 594 593
f 734 593 733
f 735 595 594
f 735 594 734
f 736 596 595
f 736 595 735
f 737 597 596
f 737 596 736
f 738 598 597
f 738 597 737
f 739 599 598
f 739 598 738
f 740 600 599
f 740 599 739
f 741 601 600
f 741 600 740
f 742 602 601
f 742 601 741
f 743 603 602
f 743 602 742
f 744 604 603
f 744 603 743
f 745 605 604
f 745 604 744
f 746 606 605
f 746 605 745
f 747 607 606
f 747 606 746
f 748 608 607
f 748 607 747
f 749 609 608
f 749 608 748
f 750 610 609
f 750 609 749
f 751 611 610
f 751 610 750
f 752 612 611
f 752 611 751
f 753 613 612
f 753 612 752
f 754 614 613
f 754 613 753
f 755 615 614
f 755 614 754
f 756 616 615
f 756 615 755
f 757 617 616
f 757 616 756
f 758 618 617
f 758 617 757
f 759 619 618
f 759 618 758
f 760 620 619
f 760 619 759
f 761 621 620
f 761 620 760
f 762 622 621
f 762 621 761
f 763 623 622
f 763 622 762
f 764 624 623
f 764 623 763
f 765 625 624
f 765 624 764
f 766 626 625
f 766 625 765
f 767 627 626
f 767 626 766
f 768 628 627
f 768 627 767
f 769 629 628
f 769 628 768
f 770 630 629
f 770 629 769
f 771 631 630
f 771 630 770
f 772 632 631
f 772 631 771
f 773 633 632
f 773 632 772
f 774 634 633
f 774 633 773
f 775 635 634
f 775 634 774
f 776 636 635
f 776 635 775
f 777 637 636
f 777 636 776
f 778 638 637
f 778 637 777
f 779 639 638
f 779 638 778
f 780 640 639
f 780 639 779
f 781 641 640
f 781 640 780
f 782 642 641
f 782 641 781
f 783 643 642
f 783 642 782
f 784 644 643
f 784 643 783
f 785 645 644
f 785 644 784
f 786 646 645
f 786 645 785
f 787 647 646
f 787 646 786
f 788 648 647
f 788 647 787
f 789 649 648
f 789 648 788
f 790 650 649
f 790 649 789
f 791 651 650
f 791 650 790
f 792 652 651
f 792 651 791
f 793 653 652
f 793 652 792
f 794 654 653
f 794 653 793
f 795 655 654
f 795 654 794
f 796 656 655
f 796 655 795
f 797 657 656
f 797 656 796
f 798 658 657
f 798 657 797
f 799 659 658
f 799 658 798
f 800 660 659
f 800 659 799
f 801 661 660
f 801 660 800
f 802 662 661
f 802 661 801
f 803 663 662
f 803 662 802
f 804 664 663
f 804 663 803
f 805 665 664
f 805 664 804
f 806 666 665
f 806 665 805
f 807 667 666
f 807 666 806
f 808 668 667
f 808 667 807
f 809 669 668
f 809 668 808
f 810 670 669
f 810 669 809
f 811 671 670
f 811 670 810
f 812 672 671
f 812 671 811
f 813 673 672
f 813 672 812
f 814 674 673
f 814 673 813
f 815 675 674
f 815 674 814
f 816 676 675
f 816 675 815
f 817 677 676
f 817 676 816
f 818 678 677
f 818 677 817
f 819 679 678
f 819 678 818
f 820 680 679
f 820 679 819
f 821 681 680
f 821 680 820
f 822 682 681
f 822 681 821
f 823 683 682
f 823 682 822
f 696 684 683
f 696 683 823
f 824 690 685
f 824 685 825
f 694 556 687
f 694 687 826
f 692 688 553
f 692 553 827
f 826 687 690
f 826 690 824
f 698 557 555
f 698 555 693
f 825 685 686
f 825 686 828
f 828 686 689
f 828 689 691
f 827 553 554
f 827 554 695
f 829 826 824
f 829 824 830
f 831 692 827
f 831 827 832
f 833 828 691
f 833 691 834
f 835 825 828
f 835 828 833
f 830 824 825
f 830 825 835
f 836 700 699
f 836 699 837
f 838 701 700
f 838 700 836
f 839 702 701
f 839 701 838
f 840 703 702
f 840 702 839
f 841 704 703
f 841 703 840
f 842 705 704
f 842 704 841
f 843 706 705
f 843 705 842
f 844 707 706
f 844 706 843
f 845 708 707
f 845 707 844
f 846 709 708
f 846 708 845
f 847 710 709
f 847 709 846
f 848 711 710
f 848 710 847
f 849 712 711
f 849 711 848
f 850 713 712
f 850 712 849
f 851 714 713
f 851 713 850
f 852 715 714
f 852 714 851
f 853 716 715
f 853 715 852
f 854 717 716
f 854 716 853
f 855 718 717
f 855 717 854
f 856 719 718
f 856 718 855
f 857 720 719
f 857 719 856
f 858 721 720
f 858 720 857
f 859 722 721
f 859 721 858
f 860 723 722
f 860 722 859
f 861 724 723
f 861 723 860
f 862 725 724
f 862 724 861
f 863 726 725
f 863 725 862
f 864 727 726
f 864 726 863
f 865 728 727
f 865 727 864
f 866 729 728
f 866 728 865
f 867 730 729
f 867 729 866
f 868 731 730
f 868 730 867
f 869 732 731
f 869 731 868
f 870 733 732
f 870 732 869
f 871 734 733
f 871 733 870
f 872 735 734
f 872 734 871
f 873 736 735
f 873 735 872
f 874 737 736
f 874 736 873
f 875 738 737
f 875 737 874
f 876 739 738
f 876 738 875
f 877 740 739
f 877 739 876
f 878 741 740
f 878 740 877
f 879 742 741
f 879 741 878
f 880 743 742
f 880 742 879
f 881 744 743
f 881 743 880
f 882 745 744
f 882 744 881
f 883 746 745
f 883 745 882
f 884 747 746
f 884 746 883
f 885 748 747
f 885 747 884
f 886 749 748
f 886 748 885
f 887 750 749
f 887 749 886
f 888 751 750
f 888 750 887
f 889 752 751
f 889 751 888
f 890 753 752
f 890 752 889
f 891 754 753
f 891 753 890
f 892 755 754
f 892 754 891
f 893 756 755
f 893 755 892
f 894 757 756
f 894 756 893
f 895 758 757
f 895 757 894
f 896 759 758
f 896 758 895
f 897 760 759
f 897 759 896
f 898 761 760
f 898 760 897
f 899 762 761
f 899 761 898
f 900 763 762
f 900 762 899
f 901 764 763
f 901 763 900
f 902 765 764
f 902 764 901
f 903 766 765
f 903 765 902
f 904 767 766
f 904 766 903
f 905 768 767
f 905 767 904
f 906 769 768
f 906 768 905
f 907 770 769
f 907 769 906
f 908 771 770
f 908 770 907
f 909 772 771
f 909 771 908
f 910 773 772
f 910 772 909
f 911 774 773
f 911 773 910
f 912 775 774
f 912 774 911
f 913 776 775
f 913 775 912
f 914 777 776
f 914 776 913
f 915 778 777
f 915 777 914
f 916 779 778
f 916 778 915
f 917 780 779
f 917 779 916
f 918 781 780
f 918 780 917
f 919 782 781
f 919 781 918
f 920 783 782
f 920 782 919
f 921 784 783
f 921 783 920
f 922 785 784
f 922 784 921
f 923 786 785
f 923 785 922
f 924 787 786
f 924 786 923
f 925 788 787
f 925 787 924
f 926 789 788
f 926 788 925
f 927 790 789
f 927 789 926
f 928 791 790
f 928 790 927
f 929 792 791
f 929 791 928
f 930 793 792
f 930 792 929
f 931 794 793
f 931 793 930
f 932 795 794
f 932 794 931
f 933 796 795
f 933 795 932
f 934 797 796
f 934 796 933
f 935 798 797
f 935 797 934
f 936 799 798
f 936 798 935
f 937 800 799
f 937 799 936
f 938 801 800
f 938 800 937
f 939 802 801
f 939 801 938
f 940 803 802
f 940 802 939
f 941 804 803
f 941 803 940
f 942 805 804
f 942 804 941
f 943 806 805
f 943 805 942
f 944 807 806
f 944 806 943
f 945 808 807
f 945 807 944
f 946 809 808
f 946 808 945
f 947 810 809
f 947 809 946
f 948 811 810
f 948 810 947
f 949 812 811
f 949 811 948
f 950 813 812
f 950 812 949
f 951 814 813
f 951 813 950
f 952 815 814
f 952 814 951
f 953 816 815
f 953 815 952
f 954 817 816
f 954 816 953
f 955 818 817
f 955 817 954
f 956 819 818
f 956 818 955
f 957 820 819
f 957 819 956
f 958 821 820
f 958 820 957
f 959 822 821
f 959 821 958
f 960 823 822
f 960 822 959
f 961 698 693
f 961 693 962
f 963 694 826
f 963 826 829
f 834 691 692
f 834 692 831
f 964 695 696
f 964 696 965
f 832 827 695
f 832 695 964
f 962 693 694
f 962 694 963
f 966 697 698
f 966 698 961
f 965 696 823
f 965 823 960
f 837 699 697
f 837 697 966
f 967 962 963
f 967 963 968
f 969 837 966
f 969 966 970
f 971 836 837
f 971 837 969
f 972 838 836
f 972 836 971
f 973 839 838
f 973 838 972
f 974 840 839
f 974 839 973
f 975 841 840
f 975 840 974
f 976 842 841
f 976 841 975
f 977 843 842
f 977 842 976
f 978 844 843
f 978 843 977
f 979 845 844
f 979 844 978
f 980 846 845
f 980 845 979
f 981 847 846
f 981 846 980
f 982 848 847
f 982 847 981
f 983 849 848
f 983 848 982
f 984 850 849
f 984 849 983
f 985 851 850
f 985 850 984
f 986 852 851
f 986 851 985
f 987 853 852
f 987 852 986
f 988 854 853
f 988 853 987
f 989 855 854
f 989 854 988
f 990 856 855
f 990 855 989
f 991 857 856
f 991 856 990
f 992 858 857
f 992 857 991
f 993 859 858
f 993 858 992
f 994 860 859
f 994 859 993
f 995 861 860
f 995 860 994
f 996 862 861
f 996 861 995
f 997 863 862
f 997 862 996
f 998 864 863
f 998 863 997
f 999 865 864
f 999 864 998
f 1000 866 865
f 1000 865 999
f 1001 867 866
f 1001 866 1000
f 1002 868 867
f 1002 867 1001
f 1003 869 868
f 1003 868 1002
f 1004 870 869
f 1004 869 1003
f 1005 871 870
f 1005 870 1004
f 1006 872 871
f 1006 871 1005
f 1007 873 872
f 1007 872 1006
f 1008 874 873
f 1008 873 1007
f 1009 875 874
f 1009 874 1008
f 1010 876 875
f 1010 875 1009
f 1011 877 876
f 1011 876 1010
f 1012 878 877
f 1012 877 1011
f 1013 879 878
f 1013 878 1012
f 1014 880 879
f 1014 879 1013
f 1015 881 880
f 1015 880 1014
f 1016 882 881
f 1016 881 1015
f 1017 883 882
f 1017 882 1016
f 1018 884 883
f 1018 883 1017
f 1019 885 884
f 1019 884 1018
f 1020 886 885
f 1020 885 1019
f 1021 887 886
f 1021 886 1020
f 1022 888 887
f 1022 887 1021
f 1023 889 888
f 1023 888 1022
f 1024 890 889
f 1024 889 1023
f 1025 891 890
f 1025 890 1024
f 1026 892 891
f 1026 891 1025
f 1027 893 892
f 1027 892 1026
f 1028 894 893
f 1028 893 1027
f 1029 895 894
f 1029 894 1028
f 1030 896 895
f 1030 895 1029
f 1031 897 896
f 1031 896 1030
f 1032 898 897
f 1032 897 1031
f 1033 899 898
f 1033 898 1032
f 1034 900 899
f 1034 899 1033
f 1035 901 900
f 1035 900 1034
f 1036 902 901
f 1036 901 1035
f 1037 903 902
f 1037 902 1036
f 1038 904 903
f 1038 903 1037
f 1039 905 904
f 1039 904 1038
f 1040 906 905
f 1040 905 1039
f 1041 907 906
f 1041 906 1040
f 1042 908 907
f 1042 907 1041
f 1043 909 908
f 1043 908 1042
f 1044 910 909
f 1044 909 1043
f 1045 911 910
f 1045 910 1044
f 1046 912 911
f 1046 911 1045
f 1047 913 912
f 1047 912 1046
f 1048 914 913
f 1048 913 1047
f 1049 915 914
f 1049 914 1048
f 1050 916 915
f 1050 915 1049
f 1051 917 916
f 1051 916 1050
f 1052 918 917
f 1052 917 1051
f 1053 919 918
f 1053 918 1052
f 1054 920 919
f 1054 919 1053
f 1055 921 920
f 1055 920 1054
f 1056 922 921
f 1056 921 1055
f 1057 923 922
f 1057 922 1056
f 1058 924 923
f 1058 923 1057
f 1059 925 924
f 1059 924 1058
f 1060 926 925
f 1060 925 1059
f 1061 927 926
f 1061 926 1060
f 1062 928 927
f 1062 927 1061
f 1063 929 928
f 1063 928 1062
f 1064 930 929
f 1064 929 1063
f 1065 931 930
f 1065 930 1064
f 1066 932 931
f 1066 931 1065
f 1067 933 932
f 1067 932 1066
f 1068 934 933
f 1068 933 1067
f 1069 935 934
f 1069 934 1068
f 1070 936 935
f 1070 935 1069
f 1071 937 936
f 1071 936 1070
f 1072 938 937
f 1072 937 1071
f 1073 939 938
f 1073 938 1072
f 1074 940 939
f 1074 939 1073
f 1075 941 940
f 1075 940 1074
f 1076 942 941
f 1076 941 1075
f 1077 943 942
f 1077 942 1076
f 1078 944 943
f 1078 943 1077
f 1079 945 944
f 1079 944 1078
f 1080 946 945
f 1080 945 1079
f 1081 947 946
f 1081 946 1080
f 1082 948 947
f 1082 947 1081
f 1083 949 948
f 1083 948 1082
f 1084 950 949
f 1084 949 1083
f 1085 951 950
f 1085 950 1084
f 1086 952 951
f 1086 951 1085
f 1087 953 952
f 1087 952 1086
f 1088 954 953
f 1088 953 1087
f 1089 955 954
f 1089 954 1088
f 1090 956 955
f 1090 955 1089
f 1091 957 956
f 1091 956 1090
f 1092 958 957
f 1092 957 1091
f 1093 959 958
f 1093 958 1092
f 1094 960 959
f 1094 959 1093
f 1095 961 962
f 1095 962 967
f 970 966 961
f 970 961 1095
f 1096 835 833
f 1096 833 1097
f 968 963 829
f 968 829 1098
f 1099 832 964
f 1099 964 1100
f 1098 829 830
f 1098 830 1101
f 1101 830 835
f 1101 835 1096
f 1102 831 832
f 1102 832 1099
f 1097 833 834
f 1097 834 1103
f 1100 964 965
f 1100 965 1094
f 1103 834 831
f 1103 831 1102
f 1104 1100 1094
f 1104 1094 1105
f 1106 1096 1097
f 1106 1097 1107
f 1108 972 971
f 1108 971 1109
f 1110 973 972
f 1110 972 1108
f 1111 967 968
f 1111 968 1112
f 1113 969 970
f 1113 970 1114
f 1115 974 973
f 1115 973 1110
f 1116 975 974
f 1116 974 1115
f 1117 976 975
f 1117 975 1116
f 1118 977 976
f 1118 976 1117
f 1119 978 977
f 1119 977 1118
f 1120 979 978
f 1120 978 1119
f 1121 980 979
f 1121 979 1120
f 1122 981 980
f 1122 980 1121
f 1123 982 981
f 1123 981 1122
f 1124 983 982
f 1124 982 1123
f 1125 984 983
f 1125 983 1124
f 1126 985 984
f 1126 984 1125
f 1127 986 985
f 1127 985 1126
f 1128 987 986
f 1128 986 1127
f 1129 988 987
f 1129 987 1128
f 1130 989 988
f 1130 988 1129
f 1131 990 989
f 1131 989 1130
f 1132 991 990
f 1132 990 1131
f 1133 992 991
f 1133 991 1132
f 1134 993 992
f 1134 992 1133
f 1135 994 993
f 1135 993 1134
f 1136 995 994
f 1136 994 1135
f 1137 996 995
f 1137 995 1136
f 1138 997 996
f 1138 996 1137
f 1139 998 997
f 1139 997 1138
f 1140 999 998
f 1140 998 1139
f 1141 1000 999
f 1141 999 1140
f 1142 1001 1000
f 1142 1000 1141
f 1143 1002 1001
f 1143 1001 1142
f 1144 1003 1002
f 1144 1002 1143
f 1145 1004 1003
f 1145 1003 1144
f 1146 1005 1004
f 1146 1004 1145
f 1147 1006 1005
f 1147 1005 1146
f 1148 1007 1006
f 1148 1006 1147
f 1149 1008 1007
f 1149 1007 1148
f 1150 1009 1008
f 1150 1008 1149
f 1151 1010 1009
f 1151 1009 1150
f 1152 1011 1010
f 1152 1010 1151
f 1153 1012 1011
f 1153 1011 1152
f 1154 1013 1012
f 1154 1012 1153
f 1155 1014 1013
f 1155 1013 1154
f 1156 1015 1014
f 1156 1014 1155
f 1157 1016 1015
f 1157 1015 1156
f 1158 1017 1016
f 1158 1016 1157
f 1159 1018 1017
f 1159 1017 1158
f 1160 1019 1018
f 1160 1018 1159
f 1161 1020 1019
f 1161 1019 1160
f 1162 1021 1020
f 1162 1020 1161
f 1163 1022 1021
f 1163 1021 1162
f 1164 1023 1022
f 1164 1022 1163
f 1165 1024 1023
f 1165 1023 1164
f 1166 1025 1024
f 1166 1024 1165
f 1167 1026 1025
f 1167 1025 1166
f 1168 1027 1026
f 1168 1026 1167
f 1169 1028 1027
f 1169 1027 1168
f 1170 1029 1028
f 1170 1028 1169
f 1171 1030 1029
f 1171 1029 1170
f 1172 1031 1030
f 1172 1030 1171
f 1173 1032 1031
f 1173 1031 1172
f 1174 1033 1032
f 1174 1032 1173
f 1175 1034 1033
f 1175 1033 1174
f 1176 1035 1034
f 1176 1034 1175
f 1177 1036 1035
f 1177 1035 1176
f 1178 1037 1036
f 1178 1036 1177
f 1179 1038 1037
f 1179 1037 1178
f 1180 1039 1038
f 1180 1038 1179
f 1181 1040 1039
f 1181 1039 1180
f 1182 1041 1040
f 1182 1040 1181
f 1183 1042 1041
f 1183 1041 1182
f 1184 1043 1042
f 1184 1042 1183
f 1185 1044 1043
f 1185 1043 1184
f 1186 1045 1044
f 1186 1044 1185
f 1187 1046 1045
f 1187 1045 1186
f 1188 1047 1046
f 1188 1046 1187
f 1189 1048 1047
f 1189 1047 1188
f 1190 1049 1048
f 1190 1048 1189
f 1191 1050 1049
f 1191 1049 1190
f 1192 1051 1050
f 1192 1050 1191
f 1193 1052 1051
f 1193 1051 1192
f 1194 1053 1052
f 1194 1052 1193
f 1195 1054 1053
f 1195 1053 1194
f 1196 1055 1054
f 1196 1054 1195
f 1197 1056 1055
f 1197 1055 1196
f 1198 1057 1056
f 1198 1056 1197
f 1199 1058 1057
f 1199 1057 1198
f 1200 1059 1058
f 1200 1058 1199
f 1201 1060 1059
f 1201 1059 1200
f 1202 1061 1060
f 1202 1060 1201
f 1203 1062 1061
f 1203 1061 1202
f 1204 1063 1062
f 1204 1062 1203
f 1205 1064 1063
f 1205 1063 1204
f 1206 1065 1064
f 1206 1064 1205
f 1207 1066 1065
f 1207 1065 1206
f 1208 1067 1066
f 1208 1066 1207
f 1209 1068 1067
f 1209 1067 1208
f 1210 1069 1068
f 1210 1068 1209
f 1211 1070 1069
f 1211 1069 1210
f 1212 1071 1070
f 1212 1070 1211
f 1213 1072 1071
f 1213 1071 1212
f 1214 1073 1072
f 1214 1072 1213
f 1215 1074 1073
f 1215 1073 1214
f 1216 1075 1074
f 1216 1074 1215
f 1217 1076 1075
f 1217 1075 1216
f 1218 1077 1076
f 1218 1076 1217
f 1219 1078 1077
f 1219 1077 1218
f 1220 1079 1078
f 1220 1078 1219
f 1221 1080 1079
f 1221 1079 1220
f 1222 1081 1080
f 1222 1080 1221
f 1223 1082 1081
f 1223 1081 1222
f 1224 1083 1082
f 1224 1082 1223
f 1225 1084 1083
f 1225 1083 1224
f 1226 1085 1084
f 1226 1084 1225
f 1227 1086 1085
f 1227 1085 1226
f 1228 1087 1086
f 1228 1086 1227
f 1229 1088 1087
f 1229 1087 1228
f 1230 1089 1088
f 1230 1088 1229
f 1231 1090 1089
f 1231 1089 1230
f 1232 1091 1090
f 1232 1090 1231
f 1233 1092 1091
f 1233 1091 1232
f 1105 1093 1092
f 1105 1092 1233
f 1234 1095 967
f 1234 967 1111
f 1235 1101 1096
f 1235 1096 1106
f 1236 1102 1099
f 1236 1099 1237
f 1112 968 1098
f 1112 1098 1238
f 1239 1103 1102
f 1239 1102 1236
f 1237 1099 1100
f 1237 1100 1104
f 1238 1098 1101
f 1238 1101 1235
f 1107 1097 1103
f 1107 1103 1239
f 1109 971 969
f 1109 969 1113
f 1114 970 1095
f 1114 1095 1234
f 1240 1109 1113
f 1240 1113 1241
f 1242 1114 1234
f 1242 1234 1243
f 1244 1111 1112
f 1244 1112 1245
f 1246 1116 1115
f 1246 1115 1247
f 1248 1117 1116
f 1248 1116 1246
f 1249 1118 1117
f 1249 1117 1248
f 1250 1119 1118
f 1250 1118 1249
f 1251 1120 1119
f 1251 1119 1250
f 1252 1121 1120
f 1252 1120 1251
f 1253 1122 1121
f 1253 1121 1252
f 1254 1123 1122
f 1254 1122 1253
f 1255 1124 1123
f 1255 1123 1254
f 1256 1125 1124
f 1256 1124 1255
f 1257 1126 1125
f 1257 1125 1256
f 1258 1127 1126
f 1258 1126 1257
f 1259 1128 1127
f 1259 1127 1258
f 1260 1129 1128
f 1260 1128 1259
f 1261 1130 1129
f 1261 1129 1260
f 1262 1131 1130
f 1262 1130 1261
f 1263 1132 1131
f 1263 1131 1262
f 1264 1133 1132
f 1264 1132 1263
f 1265 1134 1133
f 1265 1133 1264
f 1266 1135 1134
f 1266 1134 1265
f 1267 1136 1135
f 1267 1135 1266
f 1268 1137 1136
f 1268 1136 1267
f 1269 1138 1137
f 1269 1137 1268
f 1270 1139 1138
f 1270 1138 1269
f 1271 1140 1139
f 1271 1139 1270
f 1272 1141 1140
f 1272 1140 1271
f 1273 1142 1141
f 1273 1141 1272
f 1274 1143 1142
f 1274 1142 1273
f 1275 1144 1143
f 1275 1143 1274
f 1276 1145 1144
f 1276 1144 1275
f 1277 1146 1145
f 1277 1145 1276
f 1278 1147 1146
f 1278 1146 1277
f 1279 1148 1147
f 1279 1147 1278
f 1280 1149 1148
f 1280 1148 1279
f 1281 1150 1149
f 1281 1149 1280
f 1282 1151 1150
f 1282 1150 1281
f 1283 1152 1151
f 1283 1151 1282
f 1284 1153 1152
f 1284 1152 1283
f 1285 1154 1153
f 1285 1153 1284
f 1286 1155 1154
f 1286 1154 1285
f 1287 1156 1155
f 1287 1155 1286
f 1288 1157 1156
f 1288 1156 1287
f 1289 1158 1157
f 1289 1157 1288
f 1290 1159 1158
f 1290 1158 1289
f 1291 1160 1159
f 1291 1159 1290
f 1292 1161 1160
f 1292 1160 1291
f 1293 1162 1161
f 1293 1161 1292
f 1294 1163 1162
f 1294 1162 1293
f 1295 1164 1163
f 1295 1163 1294
f 1296 1165 1164
f 1296 1164 1295
f 1297 1166 1165
f 1297 1165 1296
f 1298 1167 1166
f 1298 1166 1297
f 1299 1168 1167
f 1299 1167 1298
f 1300 1169 1168
f 1300 1168 1299
f 1301 1170 1169
f 1301 1169 1300
f 1302 1171 1170
f 1302 1170 1301
f 1303 1172 1171
f 1303 1171 1302
f 1304 1173 1172
f 1304 1172 1303
f 1305 1174 1173
f 1305 1173 1304
f 1306 1175 1174
f 1306 1174 1305
f 1307 1176 1175
f 1307 1175 1306
f 1308 1177 1176
f 1308 1176 1307
f 1309 1178 1177
f 1309 1177 1308
f 1310 1179 1178
f 1310 1178 1309
f 1311 1180 1179
f 1311 1179 1310
f 1312 1181 1180
f 1312 1180 1311
f 1313 1182 1181
f 1313 1181 1312
f 1314 1183 1182
f 1314 1182 1313
f 1315 1184 1183
f 1315 1183 1314
f 1316 1185 1184
f 1316 1184 1315
f 1317 1186 1185
f 1317 1185 1316
f 1318 1187 1186
f 1318 1186 1317
f 1319 1188 1187
f 1319 1187 1318
f 1320 1189 1188
f 1320 1188 1319
f 1321 1190 1189
f 1321 1189 1320
f 1322 1191 1190
f 1322 1190 1321
f 1323 1192 1191
f 1323 1191 1322
f 1324 1193 1192
f 1324 1192 1323
f 1325 1194 1193
f 1325 1193 1324
f 1326 1195 1194
f 1326 1194 1325
f 1327 1196 1195
f 1327 1195 1326
f 1328 1197 1196
f 1328 1196 1327
f 1329 1198 1197
f 1329 1197 1328
f 1330 1199 1198
f 1330 1198 1329
f 1331 1200 1199
f 1331 1199 1330
f 1332 1201 1200
f 1332 1200 1331
f 1333 1202 1201
f 1333 1201 1332
f 1334 1203 1202
f 1334 1202 1333
f 1335 1204 1203
f 1335 1203 1334
f 1336 1205 1204
f 1336 1204 1335
f 1337 1206 1205
f 1337 1205 1336
f 1338 1207 1206
f 1338 1206 1337
f 1339 1208 1207
f 1339 1207 1338
f 1340 1209 1208
f 1340 1208 1339
f 1341 1210 1209
f 1341 1209 1340
f 1342 1211 1210
f 1342 1210 1341
f 1343 1212 1211
f 1343 1211 1342
f 1344 1213 1212
f 1344 1212 1343
f 1345 1214 1213
f 1345 1213 1344
f 1346 1215 1214
f 1346 1214 1345
f 1347 1216 1215
f 1347 1215 1346
f 1348 1217 1216
f 1348 1216 1347
f 1349 1218 1217
f 1349 1217 1348
f 1350 1219 1218
f 1350 1218 1349
f 1351 1220 1219
f 1351 1219 1350
f 1352 1221 1220
f 1352 1220 1351
f 1353 1222 1221
f 1353 1221 1352
f 1354 1223 1222
f 1354 1222 1353
f 1355 1224 1223
f 1355 1223 1354
f 1356 1225 1224
f 1356 1224 1355
f 1357 1226 1225
f 1357 1225 1356
f 1358 1227 1226
f 1358 1226 1357
f 1359 1228 1227
f 1359 1227 1358
f 1360 1229 1228
f 1360 1228 1359
f 1361 1230 1229
f 1361 1229 1360
f 1362 1231 1230
f 1362 1230 1361
f 1363 1232 1231
f 1363 1231 1362
f 1364 1233 1232
f 1364 1232 1363
f 1365 1105 1233
f 1365 1233 1364
f 1243 1234 1111
f 1243 1111 1244
f 1366 1235 1106
f 1366 1106 1367
f 1368 1236 1237
f 1368 1237 1369
f 1245 1112 1238
f 1245 1238 1370
f 1371 1239 1236
f 1371 1236 1368
f 1372 1110 1108
f 1372 1108 1373
f 1373 1108 1109
f 1373 1109 1240
f 1370 1238 1235
f 1370 1235 1366
f 1367 1106 1107
f 1367 1107 1374
f 1241 1113 1114
f 1241 1114 1242
f 1247 1115 1110
f 1247 1110 1372
f 1369 1237 1104
f 1369 1104 1365
f 1374 1107 1239
f 1374 1239 1371
f 1375 1241 1242
f 1375 1242 1376
f 1377 1369 1365
f 1377 1365 1378
f 1379 1247 1372
f 1379 1372 1380
f 1381 1240 1241
f 1381 1241 1375
f 1382 1243 1244
f 1382 1244 1383
f 1384 1249 1248
f 1384 1248 1385
f 1386 1250 1249
f 1386 1249 1384
f 1387 1251 1250
f 1387 1250 1386
f 1388 1252 1251
f 1388 1251 1387
f 1389 1253 1252
f 1389 1252 1388
f 1390 1254 1253
f 1390 1253 1389
f 1391 1255 1254
f 1391 1254 1390
f 1392 1256 1255
f 1392 1255 1391
f 1393 1257 1256
f 1393 1256 1392
f 1394 1258 1257
f 1394 1257 1393
f 1395 1259 1258
f 1395 1258 1394
f 1396 1260 1259
f 1396 1259 1395
f 1397 1261 1260
f 1397 1260 1396
f 1398 1262 1261
f 1398 1261 1397
f 1399 1263 1262
f 1399 1262 1398
f 1400 1264 1263
f 1400 1263 1399
f 1401 1265 1264
f 1401 1264 1400
f 1402 1266 1265
f 1402 1265 1401
f 1403 1267 1266
f 1403 1266 1402
f 1404 1268 1267
f 1404 1267 1403
f 1405 1269 1268
f 1405 1268 1404
f 1406 1270 1269
f 1406 1269 1405
f 1407 1271 1270
f 1407 1270 1406
f 1408 1272 1271
f 1408 1271 1407
f 1409 1273 1272
f 1409 1272 1408
f 1410 1274 1273
f 1410 1273 1409
f 1411 1275 1274
f 1411 1274 1410
f 1412 1276 1275
f 1412 1275 1411
f 1413 1277 1276
f 1413 1276 1412
f 1414 1278 1277
f 1414 1277 1413
f 1415 1279 1278
f 1415 1278 1414
f 1416 1280 1279
f 1416 1279 1415
f 1417 1281 1280
f 1417 1280 1416
f 1418 1282 1281
f 1418 1281 1417
f 1419 1283 1282
f 1419 1282 1418
f 1420 1284 1283
f 1420 1283 1419
f 1421 1285 1284
f 1421 1284 1420
f 1422 1286 1285
f 1422 1285 1421
f 1423 1287 1286
f 1423 1286 1422
f 1424 1288 1287
f 1424 1287 1423
f 1425 1289 1288
f 1425 1288 1424
f 1426 1290 1289
f 1426 1289 1425
f 1427 1291 1290
f 1427 1290 1426
f 1428 1292 1291
f 1428 1291 1427
f 1429 1293 1292
f 1429 1292 1428
f 1430 1294 1293
f 1430 1293 1429
f 1431 1295 1294
f 1431 1294 1430
f 1432 1296 1295
f 1432 1295 1431
f 1433 1297 1296
f 1433 1296 1432
f 1434 1298 1297
f 1434 1297 1433
f 1435 1299 1298
f 1435 1298 1434
f 1436 1300 1299
f 1436 1299 1435
f 1437 1301 1300
f 1437 1300 1436
f 1438 1302 1301
f 1438 1301 1437
f 1439 1303 1302
f 1439 1302 1438
f 1440 1304 1303
f 1440 1303 1439
f 1441 1305 1304
f 1441 1304 1440
f 1442 1306 1305
f 1442 1305 1441
f 1443 1307 1306
f 1443 1306 1442
f 1444 1308 1307
f 1444 1307 1443
f 1445 1309 1308
f 1445 1308 1444
f 1446 1310 1309
f 1446 1309 1445
f 1447 1311 1310
f 1447 1310 1446
f 1448 1312 1311
f 1448 1311 1447
f 1449 1313 1312
f 1449 1312 1448
f 1450 1314 1313
f 1450 1313 1449
f 1451 1315 1314
f 1451 1314 1450
f 1452 1316 1315
f 1452 1315 1451
f 1453 1317 1316
f 1453 1316 1452
f 1454 1318 1317
f 1454 1317 1453
f 1455 1319 1318
f 1455 1318 1454
f 1456 1320 1319
f 1456 1319 1455
f 1457 1321 1320
f 1457 1320 1456
f 1458 1322 1321
f 1458 1321 1457
f 1459 1323 1322
f 1459 1322 1458
f 1460 1324 1323
f 1460 1323 1459
f 1461 1325 1324
f 1461 1324 1460
f 1462 1326 1325
f 1462 1325 1461
f 1463 1327 1326
f 1463 1326 1462
f 1464 1328 1327
f 1464 1327 1463
f 1465 1329 1328
f 1465 1328 1464
f 1466 1330 1329
f 1466 1329 1465
f 1467 1331 1330
f 1467 1330 1466
f 1468 1332 1331
f 1468 1331 1467
f 1469 1333 1332
f 1469 1332 1468
f 1470 1334 1333
f 1470 1333 1469
f 1471 1335 1334
f 1471 1334 1470
f 1472 1336 1335
f 1472 1335 1471
f 1473 1337 1336
f 1473 1336 1472
f 1474 1338 1337
f 1474 1337 1473
f 1475 1339 1338
f 1475 1338 1474
f 1476 1340 1339
f 1476 1339 1475
f 1477 1341 1340
f 1477 1340 1476
f 1478 1342 1341
f 1478 1341 1477
f 1479 1343 1342
f 1479 1342 1478
f 1480 1344 1343
f 1480 1343 1479
f 1481 1345 1344
f 1481 1344 1480
f 1482 1346 1345
f 1482 1345 1481
f 1483 1347 1346
f 1483 1346 1482
f 1484 1348 1347
f 1484 1347 1483
f 1485 1349 1348
f 1485 1348 1484
f 1486 1350 1349
f 1486 1349 1485
f 1487 1351 1350
f 1487 1350 1486
f 1488 1352 1351
f 1488 1351 1487
f 1489 1353 1352
f 1489 1352 1488
f 1490 1354 1353
f 1490 1353 1489
f 1491 1355 1354
f 1491 1354 1490
f 1492 1356 1355
f 1492 1355 1491
f 1493 1357 1356
f 1493 1356 1492
f 1494 1358 1357
f 1494 1357 1493
f 1495 1359 1358
f 1495 1358 1494
f 1496 1360 1359
f 1496 1359 1495
f 1497 1361 1360
f 1497 1360 1496
f 1498 1362 1361
f 1498 1361 1497
f 1499 1363 1362
f 1499 1362 1498
f 1378 1364 1363
f 1378 1363 1499
f 1500 1368 1369
f 1500 1369 1501
f 1502 1374 1371
f 1502 1371 1503
f 1504 1245 1370
f 1504 1370 1505
f 1503 1371 1368
f 1503 1368 1500
f 1380 1372 1373
f 1380 1373 1506
f 1506 1373 1240
f 1506 1240 1381
f 1507 1367 1374
f 1507 1374 1502
f 1508 1509 1510
f 1383 1244 1245
f 1383 1245 1504
f 1385 1248 1246
f 1385 1246 1511
f 1511 1246 1247
f 1511 1247 1379
f 1376 1242 1243
f 1376 1243 1382
f 1512 1375 1376
f 1512 1376 1513
f 1514 1506 1381
f 1514 1381 1515
f 1516 1507 1502
f 1516 1502 1517
f 1518 1382 1383
f 1518 1383 1519
f 1520 1511 1379
f 1520 1379 1521
f 1522 1387 1386
f 1522 1386 1523
f 1524 1388 1387
f 1524 1387 1522
f 1525 1389 1388
f 1525 1388 1524
f 1526 1390 1389
f 1526 1389 1525
f 1527 1391 1390
f 1527 1390 1526
f 1528 1392 1391
f 1528 1391 1527
f 1529 1393 1392
f 1529 1392 1528
f 1530 1394 1393
f 1530 1393 1529
f 1531 1395 1394
f 1531 1394 1530
f 1532 1396 1395
f 1532 1395 1531
f 1533 1397 1396
f 1533 1396 1532
f 1534 1398 1397
f 1534 1397 1533
f 1535 1399 1398
f 1535 1398 1534
f 1536 1400 1399
f 1536 1399 1535
f 1537 1401 1400
f 1537 1400 1536
f 1538 1402 1401
f 1538 1401 1537
f 1539 1403 1402
f 1539 1402 1538
f 1540 1404 1403
f 1540 1403 1539
f 1541 1405 1404
f 1541 1404 1540
f 1542 1406 1405
f 1542 1405 1541
f 1543 1407 1406
f 1543 1406 1542
f 1544 1408 1407
f 1544 1407 1543
f 1545 1409 1408
f 1545 1408 1544
f 1546 1410 1409
f 1546 1409 1545
f 1547 1411 1410
f 1547 1410 1546
f 1548 1412 1411
f 1548 1411 1547
f 1549 1413 1412
f 1549 1412 1548
f 1550 1414 1413
f 1550 1413 1549
f 1551 1415 1414
f 1551 1414 1550
f 1552 1416 1415
f 1552 1415 1551
f 1553 1417 1416
f 1553 1416 1552
f 1554 1418 1417
f 1554 1417 1553
f 1555 1419 1418
f 1555 1418 1554
f 1556 1420 1419
f 1556 1419 1555
f 1557 1421 1420
f 1557 1420 1556
f 1558 1422 1421
f 1558 1421 1557
f 1559 1423 1422
f 1559 1422 1558
f 1560 1424 1423
f 1560 1423 1559
f 1561 1425 1424
f 1561 1424 1560
f 1562 1426 1425
f 1562 1425 1561
f 1563 1427 1426
f 1563 1426 1562
f 1564 1428 1427
f 1564 1427 1563
f 1565 1429 1428
f 1565 1428 1564
f 1566 1430 1429
f 1566 1429 1565
f 1567 1431 1430
f 1567 1430 1566
f 1568 1432 1431
f 1568 1431 1567
f 1569 1433 1432
f 1569 1432 1568
f 1570 1434 1433
f 1570 1433 1569
f 1571 1435 1434
f 1571 1434 1570
f 1572 1436 1435
f 1572 1435 1571
f 1573 1437 1436
f 1573 1436 1572
f 1574 1438 1437
f 1574 1437 1573
f 1575 1439 1438
f 1575 1438 1574
f 1576 1440 1439
f 1576 1439 1575
f 1577 1441 1440
f 1577 1440 1576
f 1578 1442 1441
f 1578 1441 1577
f 1579 1443 1442
f 1579 1442 1578
f 1580 1444 1443
f 1580 1443 1579
f 1581 1445 1444
f 1581 1444 1580
f 1582 1446 1445
f 1582 1445 1581
f 1583 1447 1446
f 1583 1446 1582
f 1584 1448 1447
f 1584 1447 1583
f 1585 1449 1448
f 1585 1448 1584
f 1586 1450 1449
f 1586 1449 1585
f 1587 1451 1450
f 1587 1450 1586
f 1588 1452 1451
f 1588 1451 1587
f 1589 1453 1452
f 1589 1452 1588
f 1590 1454 1453
f 1590 1453 1589
f 1591 1455 1454
f 1591 1454 1590
f 1592 1456 1455
f 1592 1455 1591
f 1593 1457 1456
f 1593 1456 1592
f 1594 1458 1457
f 1594 1457 1593
f 1595 1459 1458
f 1595 1458 1594
f 1596 1460 1459
f 1596 1459 1595
f 1597 1461 1460
f 1597 1460 1596
f 1598 1462 1461
f 1598 1461 1597
f 1599 1463 1462
f 1599 1462 1598
f 1600 1464 1463
f 1600 1463 1599
f 1601 1465 1464
f 1601 1464 1600
f 1602 1466 1465
f 1602 1465 1601
f 1603 1467 1466
f 1603 1466 1602
f 1604 1468 1467
f 1604 1467 1603
f 1605 1469 1468
f 1605 1468 1604
f 1606 1470 1469
f 1606 1469 1605
f 1607 1471 1470
f 1607 1470 1606
f 1608 1472 1471
f 1608 1471 1607
f 1609 1473 1472
f 1609 1472 1608
f 1610 1474 1473
f 1610 1473 1609
f 1611 1475 1474
f 1611 1474 1610
f 1612 1476 1475
f 1612 1475 1611
f 1613 1477 1476
f 1613 1476 1612
f 1614 1478 1477
f 1614 1477 1613
f 1615 1479 1478
f 1615 1478 1614
f 1616 1480 1479
f 1616 1479 1615
f 1617 1481 1480
f 1617 1480 1616
f 1618 1482 1481
f 1618 1481 1617
f 1619 1483 1482
f 1619 1482 1618
f 1620 1484 1483
f 1620 1483 1619
f 1621 1485 1484
f 1621 1484 1620
f 1622 1486 1485
f 1622 1485 1621
f 1623 1487 1486
f 1623 1486 1622
f 1624 1488 1487
f 1624 1487 1623
f 1625 1489 1488
f 1625 1488 1624
f 1626 1490 1489
f 1626 1489 1625
f 1627 1491 1490
f 1627 1490 1626
f 1628 1492 1491
f 1628 1491 1627
f 1629 1493 1492
f 1629 1492 1628
f 1630 1494 1493
f 1630 1493 1629
f 1631 1495 1494
f 1631 1494 1630
f 1632 1496 1495
f 1632 1495 1631
f 1633 1497 1496
f 1633 1496 1632
f 1634 1498 1497
f 1634 1497 1633
f 1635 1499 1498
f 1635 1498 1634
f 1377 1378 1499
f 1377 1499 1636
f 1637 1500 1501
f 1637 1501 1638
f 1639 1380 1506
f 1639 1506 1514
f 1519 1383 1504
f 1519 1504 1640
f 1641 1503 1500
f 1641 1500 1637
f 965 960 1094
f 1642 1501 1369
f 1642 1369 1377
f 1515 1381 1375
f 1515 1375 1512
f 1521 1379 1380
f 1521 1380 1639
f 1643 1384 1385
f 1643 1385 1644
f 1644 1385 1511
f 1644 1511 1520
f 1523 1386 1384
f 1523 1384 1643
f 1517 1502 1503
f 1517 1503 1641
f 1645 1505 1507
f 1645 1507 1516
f 1640 1504 1505
f 1640 1505 1645
f 1513 1376 1382
f 1513 1382 1518
f 1646 1647 1648
f 1646 1648 1649
f 1650 1521 1639
f 1650 1639 1651
f 1652 1645 1516
f 1652 1516 1653
f 1654 1523 1643
f 1654 1643 1655
f 1656 1517 1641
f 1656 1641 1657
f 1658 1525 1524
f 1658 1524 1659
f 1660 1526 1525
f 1660 1525 1658
f 1661 1527 1526
f 1661 1526 1660
f 1662 1528 1527
f 1662 1527 1661
f 1663 1529 1528
f 1663 1528 1662
f 1664 1530 1529
f 1664 1529 1663
f 1665 1531 1530
f 1665 1530 1664
f 1666 1532 1531
f 1666 1531 1665
f 1667 1533 1532
f 1667 1532 1666
f 1668 1534 1533
f 1668 1533 1667
f 1669 1535 1534
f 1669 1534 1668
f 1670 1536 1535
f 1670 1535 1669
f 1671 1537 1536
f 1671 1536 1670
f 1672 1538 1537
f 1672 1537 1671
f 1673 1539 1538
f 1673 1538 1672
f 1674 1540 1539
f 1674 1539 1673
f 1675 1541 1540
f 1675 1540 1674
f 1676 1542 1541
f 1676 1541 1675
f 1677 1543 1542
f 1677 1542 1676
f 1678 1544 1543
f 1678 1543 1677
f 1679 1545 1544
f 1679 1544 1678
f 1680 1546 1545
f 1680 1545 1679
f 1681 1547 1546
f 1681 1546 1680
f 1682 1548 1547
f 1682 1547 1681
f 1683 1549 1548
f 1683 1548 1682
f 1684 1550 1549
f 1684 1549 1683
f 1685 1551 1550
f 1685 1550 1684
f 1686 1552 1551
f 1686 1551 1685
f 1687 1553 1552
f 1687 1552 1686
f 1688 1554 1553
f 1688 1553 1687
f 1689 1555 1554
f 1689 1554 1688
f 1690 1556 1555
f 1690 1555 1689
f 1691 1557 1556
f 1691 1556 1690
f 1692 1558 1557
f 1692 1557 1691
f 1693 1559 1558
f 1693 1558 1692
f 1694 1560 1559
f 1694 1559 1693
f 1695 1561 1560
f 1695 1560 1694
f 1696 1562 1561
f 1696 1561 1695
f 1697 1563 1562
f 1697 1562 1696
f 1698 1564 1563
f 1698 1563 1697
f 1699 1565 1564
f 1699 1564 1698
f 1700 1566 1565
f 1700 1565 1699
f 1701 1567 1566
f 1701 1566 1700
f 1702 1568 1567
f 1702 1567 1701
f 1703 1569 1568
f 1703 1568 1702
f 1704 1570 1569
f 1704 1569 1703
f 1705 1571 1570
f 1705 1570 1704
f 1706 1572 1571
f 1706 1571 1705
f 1707 1573 1572
f 1707 1572 1706
f 1708 1574 1573
f 1708 1573 1707
f 1709 1575 1574
f 1709 1574 1708
f 1710 1576 1575
f 1710 1575 1709
f 1711 1577 1576
f 1711 1576 1710
f 1712 1578 1577
f 1712 1577 1711
f 1713 1579 1578
f 1713 1578 1712
f 1714 1580 1579
f 1714 1579 1713
f 1715 1581 1580
f 1715 1580 1714
f 1716 1582 1581
f 1716 1581 1715
f 1717 1583 1582
f 1717 1582 1716
f 1718 1584 1583
f 1718 1583 1717
f 1719 1585 1584
f 1719 1584 1718
f 1720 1586 1585
f 1720 1585 1719
f 1721 1587 1586
f 1721 1586 1720
f 1722 1588 1587
f 1722 1587 1721
f 1723 1589 1588
f 1723 1588 1722
f 1724 1590 1589
f 1724 1589 1723
f 1725 1591 1590
f 1725 1590 1724
f 1726 1592 1591
f 1726 1591 1725
f 1727 1593 1592
f 1727 1592 1726
f 1728 1594 1593
f 1728 1593 1727
f 1729 1595 1594
f 1729 1594 1728
f 1730 1596 1595
f 1730 1595 1729
f 1731 1597 1596
f 1731 1596 1730
f 1732 1598 1597
f 1732 1597 1731
f 1733 1599 1598
f 1733 1598 1732
f 1734 1600 1599
f 1734 1599 1733
f 1735 1601 1600
f 1735 1600 1734
f 1736 1602 1601
f 1736 1601 1735
f 1737 1603 1602
f 1737 1602 1736
f 1738 1604 1603
f 1738 1603 1737
f 1739 1605 1604
f 1739 1604 1738
f 1740 1606 1605
f 1740 1605 1739
f 1741 1607 1606
f 1741 1606 1740
f 1742 1608 1607
f 1742 1607 1741
f 1743 1609 1608
f 1743 1608 1742
f 1744 1610 1609
f 1744 1609 1743
f 1745 1611 1610
f 1745 1610 1744
f 1746 1612 1611
f 1746 1611 1745
f 1747 1613 1612
f 1747 1612 1746
f 1748 1614 1613
f 1748 1613 1747
f 1749 1615 1614
f 1749 1614 1748
f 1750 1616 1615
f 1750 1615 1749
f 1751 1617 1616
f 1751 1616 1750
f 1752 1618 1617
f 1752 1617 1751
f 1753 1619 1618
f 1753 1618 1752
f 1754 1620 1619
f 1754 1619 1753
f 1755 1621 1620
f 1755 1620 1754
f 1756 1622 1621
f 1756 1621 1755
f 1757 1623 1622
f 1757 1622 1756
f 1758 1624 1623
f 1758 1623 1757
f 1759 1625 1624
f 1759 1624 1758
f 1760 1626 1625
f 1760 1625 1759
f 1761 1627 1626
f 1761 1626 1760
f 1762 1628 1627
f 1762 1627 1761
f 1763 1629 1628
f 1763 1628 1762
f 1764 1630 1629
f 1764 1629 1763
f 1765 1631 1630
f 1765 1630 1764
f 1766 1632 1631
f 1766 1631 1765
f 1767 1633 1632
f 1767 1632 1766
f 1768 1634 1633
f 1768 1633 1767
f 1769 1635 1634
f 1769 1634 1768
f 1770 1636 1499
f 1770 1499 1635
f 1771 1637 1638
f 1771 1638 1772
f 1655 1643 1644
f 1655 1644 1773
f 1774 1513 1518
f 1774 1518 1775
f 1094 1093 1105
f 1657 1641 1637
f 1657 1637 1771
f 1773 1520 1521
f 1773 1521 1650
f 1775 1518 1519
f 1775 1519 1776
f 1777 1640 1645
f 1777 1645 1652
f 1778 1512 1513
f 1778 1513 1774
f 1653 1516 1517
f 1653 1517 1656
f 1776 1519 1640
f 1776 1640 1777
f 1779 1514 1515
f 1779 1515 1780
f 1780 1515 1512
f 1780 1512 1778
f 1659 1522 1523
f 1659 1523 1654
f 1651 1639 1514
f 1651 1514 1779
f 1781 1782 1783
f 1784 1776 1777
f 1784 1777 1785
f 1786 1652 1653
f 1786 1653 1787
f 1788 1779 1780
f 1788 1780 1789
f 1790 1661 1660
f 1790 1660 1791
f 1792 1662 1661
f 1792 1661 1790
f 1793 1663 1662
f 1793 1662 1792
f 1794 1664 1663
f 1794 1663 1793
f 1795 1665 1664
f 1795 1664 1794
f 1796 1666 1665
f 1796 1665 1795
f 1797 1667 1666
f 1797 1666 1796
f 1798 1668 1667
f 1798 1667 1797
f 1799 1669 1668
f 1799 1668 1798
f 1800 1670 1669
f 1800 1669 1799
f 1801 1671 1670
f 1801 1670 1800
f 1802 1672 1671
f 1802 1671 1801
f 1803 1673 1672
f 1803 1672 1802
f 1804 1674 1673
f 1804 1673 1803
f 1805 1675 1674
f 1805 1674 1804
f 1806 1676 1675
f 1806 1675 1805
f 1807 1677 1676
f 1807 1676 1806
f 1808 1678 1677
f 1808 1677 1807
f 1809 1679 1678
f 1809 1678 1808
f 1810 1680 1679
f 1810 1679 1809
f 1811 1681 1680
f 1811 1680 1810
f 1812 1682 1681
f 1812 1681 1811
f 1813 1683 1682
f 1813 1682 1812
f 1814 1684 1683
f 1814 1683 1813
f 1815 1685 1684
f 1815 1684 1814
f 1816 1686 1685
f 1816 1685 1815
f 1817 1687 1686
f 1817 1686 1816
f 1818 1688 1687
f 1818 1687 1817
f 1819 1689 1688
f 1819 1688 1818
f 1820 1690 1689
f 1820 1689 1819
f 1821 1691 1690
f 1821 1690 1820
f 1822 1692 1691
f 1822 1691 1821
f 1823 1693 1692
f 1823 1692 1822
f 1824 1694 1693
f 1824 1693 1823
f 1825 1695 1694
f 1825 1694 1824
f 1826 1696 1695
f 1826 1695 1825
f 1827 1697 1696
f 1827 1696 1826
f 1828 1698 1697
f 1828 1697 1827
f 1829 1699 1698
f 1829 1698 1828
f 1830 1700 1699
f 1830 1699 1829
f 1831 1701 1700
f 1831 1700 1830
f 1832 1702 1701
f 1832 1701 1831
f 1833 1703 1702
f 1833 1702 1832
f 1834 1704 1703
f 1834 1703 1833
f 1835 1705 1704
f 1835 1704 1834
f 1836 1706 1705
f 1836 1705 1835
f 1837 1707 1706
f 1837 1706 1836
f 1838 1708 1707
f 1838 1707 1837
f 1839 1709 1708
f 1839 1708 1838
f 1840 1710 1709
f 1840 1709 1839
f 1841 1711 1710
f 1841 1710 1840
f 1842 1712 1711
f 1842 1711 1841
f 1843 1713 1712
f 1843 1712 1842
f 1844 1714 1713
f 1844 1713 1843
f 1845 1715 1714
f 1845 1714 1844
f 1846 1716 1715
f 1846 1715 1845
f 1847 1717 1716
f 1847 1716 1846
f 1848 1718 1717
f 1848 1717 1847
f 1849 1719 1718
f 1849 1718 1848
f 1850 1720 1719
f 1850 1719 1849
f 1851 1721 1720
f 1851 1720 1850
f 1852 1722 1721
f 1852 1721 1851
f 1853 1723 1722
f 1853 1722 1852
f 1854 1724 1723
f 1854 1723 1853
f 1855 1725 1724
f 1855 1724 1854
f 1856 1726 1725
f 1856 1725 1855
f 1857 1727 1726
f 1857 1726 1856
f 1858 1728 1727
f 1858 1727 1857
f 1859 1729 1728
f 1859 1728 1858
f 1860 1730 1729
f 1860 1729 1859
f 1861 1731 1730
f 1861 1730 1860
f 1862 1732 1731
f 1862 1731 1861
f 1863 1733 1732
f 1863 1732 1862
f 1864 1734 1733
f 1864 1733 1863
f 1865 1735 1734
f 1865 1734 1864
f 1866 1736 1735
f 1866 1735 1865
f 1867 1737 1736
f 1867 1736 1866
f 1868 1738 1737
f 1868 1737 1867
f 1869 1739 1738
f 1869 1738 1868
f 1870 1740 1739
f 1870 1739 1869
f 1871 1741 1740
f 1871 1740 1870
f 1872 1742 1741
f 1872 1741 1871
f 1873 1743 1742
f 1873 1742 1872
f 1874 1744 1743
f 1874 1743 1873
f 1875 1745 1744
f 1875 1744 1874
f 1876 1746 1745
f 1876 1745 1875
f 1877 1747 1746
f 1877 1746 1876
f 1878 1748 1747
f 1878 1747 1877
f 1879 1749 1748
f 1879 1748 1878
f 1880 1750 1749
f 1880 1749 1879
f 1881 1751 1750
f 1881 1750 1880
f 1882 1752 1751
f 1882 1751 1881
f 1883 1753 1752
f 1883 1752 1882
f 1884 1754 1753
f 1884 1753 1883
f 1885 1755 1754
f 1885 1754 1884
f 1886 1756 1755
f 1886 1755 1885
f 1887 1757 1756
f 1887 1756 1886
f 1888 1758 1757
f 1888 1757 1887
f 1889 1759 1758
f 1889 1758 1888
f 1890 1760 1759
f 1890 1759 1889
f 1891 1761 1760
f 1891 1760 1890
f 1892 1762 1761
f 1892 1761 1891
f 1893 1763 1762
f 1893 1762 1892
f 1894 1764 1763
f 1894 1763 1893
f 1895 1765 1764
f 1895 1764 1894
f 1896 1766 1765
f 1896 1765 1895
f 1897 1767 1766
f 1897 1766 1896
f 1898 1768 1767
f 1898 1767 1897
f 1899 1769 1768
f 1899 1768 1898
f 1900 1771 1772
f 1900 1772 1901
f 1902 1655 1773
f 1902 1773 1903
f 1904 1774 1775
f 1904 1775 1905
f 1906 1658 1659
f 1906 1659 1907
f 1104 1105 1365
f 1785 1777 1652
f 1785 1652 1786
f 1787 1653 1656
f 1787 1656 1908
f 1789 1778 1774
f 1789 1774 1904
f 1909 1657 1771
f 1909 1771 1900
f 1910 1650 1651
f 1910 1651 1911
f 1903 1773 1650
f 1903 1650 1910
f 1908 1656 1657
f 1908 1657 1909
f 1782 1781 1912
f 1782 1912 1913
f 1791 1660 1658
f 1791 1658 1906
f 1911 1651 1779
f 1911 1779 1788
f 1914 1654 1655
f 1914 1655 1902
f 1907 1659 1654
f 1907 1654 1914
f 1905 1775 1776
f 1905 1776 1784
f 1915 1901 1772
f 1915 1772 1899
f 1916 1790 1791
f 1916 1791 1917
f 1918 1911 1788
f 1918 1788 1919
f 1920 1793 1792
f 1920 1792 1921
f 1922 1794 1793
f 1922 1793 1920
f 1923 1795 1794
f 1923 1794 1922
f 1924 1796 1795
f 1924 1795 1923
f 1925 1797 1796
f 1925 1796 1924
f 1926 1798 1797
f 1926 1797 1925
f 1927 1799 1798
f 1927 1798 1926
f 1928 1800 1799
f 1928 1799 1927
f 1929 1801 1800
f 1929 1800 1928
f 1930 1802 1801
f 1930 1801 1929
f 1931 1803 1802
f 1931 1802 1930
f 1932 1804 1803
f 1932 1803 1931
f 1933 1805 1804
f 1933 1804 1932
f 1934 1806 1805
f 1934 1805 1933
f 1935 1807 1806
f 1935 1806 1934
f 1936 1808 1807
f 1936 1807 1935
f 1937 1809 1808
f 1937 1808 1936
f 1938 1810 1809
f 1938 1809 1937
f 1939 1811 1810
f 1939 1810 1938
f 1940 1812 1811
f 1940 1811 1939
f 1941 1813 1812
f 1941 1812 1940
f 1942 1814 1813
f 1942 1813 1941
f 1943 1815 1814
f 1943 1814 1942
f 1944 1816 1815
f 1944 1815 1943
f 1945 1817 1816
f 1945 1816 1944
f 1946 1818 1817
f 1946 1817 1945
f 1947 1819 1818
f 1947 1818 1946
f 1948 1820 1819
f 1948 1819 1947
f 1949 1821 1820
f 1949 1820 1948
f 1950 1822 1821
f 1950 1821 1949
f 1951 1823 1822
f 1951 1822 1950
f 1952 1824 1823
f 1952 1823 1951
f 1953 1825 1824
f 1953 1824 1952
f 1954 1826 1825
f 1954 1825 1953
f 1955 1827 1826
f 1955 1826 1954
f 1956 1828 1827
f 1956 1827 1955
f 1957 1829 1828
f 1957 1828 1956
f 1958 1830 1829
f 1958 1829 1957
f 1959 1831 1830
f 1959 1830 1958
f 1960 1832 1831
f 1960 1831 1959
f 1961 1833 1832
f 1961 1832 1960
f 1962 1834 1833
f 1962 1833 1961
f 1963 1835 1834
f 1963 1834 1962
f 1964 1836 1835
f 1964 1835 1963
f 1965 1837 1836
f 1965 1836 1964
f 1966 1838 1837
f 1966 1837 1965
f 1967 1839 1838
f 1967 1838 1966
f 1968 1840 1839
f 1968 1839 1967
f 1969 1841 1840
f 1969 1840 1968
f 1970 1842 1841
f 1970 1841 1969
f 1971 1843 1842
f 1971 1842 1970
f 1972 1844 1843
f 1972 1843 1971
f 1973 1845 1844
f 1973 1844 1972
f 1974 1846 1845
f 1974 1845 1973
f 1975 1847 1846
f 1975 1846 1974
f 1976 1848 1847
f 1976 1847 1975
f 1977 1849 1848
f 1977 1848 1976
f 1978 1850 1849
f 1978 1849 1977
f 1979 1851 1850
f 1979 1850 1978
f 1980 1852 1851
f 1980 1851 1979
f 1981 1853 1852
f 1981 1852 1980
f 1982 1854 1853
f 1982 1853 1981
f 1983 1855 1854
f 1983 1854 1982
f 1984 1856 1855
f 1984 1855 1983
f 1985 1857 1856
f 1985 1856 1984
f 1986 1858 1857
f 1986 1857 1985
f 1987 1859 1858
f 1987 1858 1986
f 1988 1860 1859
f 1988 1859 1987
f 1989 1861 1860
f 1989 1860 1988
f 1990 1862 1861
f 1990 1861 1989
f 1991 1863 1862
f 1991 1862 1990
f 1992 1864 1863
f 1992 1863 1991
f 1993 1865 1864
f 1993 1864 1992
f 1994 1866 1865
f 1994 1865 1993
f 1995 1867 1866
f 1995 1866 1994
f 1996 1868 1867
f 1996 1867 1995
f 1997 1869 1868
f 1997 1868 1996
f 1998 1870 1869
f 1998 1869 1997
f 1999 1871 1870
f 1999 1870 1998
f 2000 1872 1871
f 2000 1871 1999
f 2001 1873 1872
f 2001 1872 2000
f 2002 1874 1873
f 2002 1873 2001
f 2003 1875 1874
f 2003 1874 2002
f 2004 1876 1875
f 2004 1875 2003
f 2005 1877 1876
f 2005 1876 2004
f 2006 1878 1877
f 2006 1877 2005
f 2007 1879 1878
f 2007 1878 2006
f 2008 1880 1879
f 2008 1879 2007
f 2009 1881 1880
f 2009 1880 2008
f 2010 1882 1881
f 2010 1881 2009
f 2011 1883 1882
f 2011 1882 2010
f 2012 1884 1883
f 2012 1883 2011
f 2013 1885 1884
f 2013 1884 2012
f 2014 1886 1885
f 2014 1885 2013
f 2015 1887 1886
f 2015 1886 2014
f 2016 1888 1887
f 2016 1887 2015
f 2017 1889 1888
f 2017 1888 2016
f 2018 1890 1889
f 2018 1889 2017
f 2019 1891 1890
f 2019 1890 2018
f 2020 1892 1891
f 2020 1891 2019
f 2021 1893 1892
f 2021 1892 2020
f 2022 1894 1893
f 2022 1893 2021
f 2023 1895 1894
f 2023 1894 2022
f 1510 1509 2024
f 1510 2024 2025
f 2026 2027 2028
f 1915 1898 1897
f 1915 1897 2029
f 2030 1900 1901
f 2030 1901 2031
f 2032 1908 1909
f 2032 1909 2033
f 2034 1905 1784
f 2034 1784 2035
f 1365 1364 1378
f 1921 1792 1790
f 1921 1790 1916
f 2036 1787 1908
f 2036 1908 2032
f 1917 1791 1906
f 1917 1906 2037
f 2038 1914 1902
f 2038 1902 2039
f 2039 1902 1903
f 2039 1903 2040
f 2027 2026 2041
f 2027 2041 2042
f 2033 1909 1900
f 2033 1900 2030
f 2043 2044 2045
f 1919 1788 1789
f 1919 1789 2046
f 2040 1910 1911
f 2040 1911 1918
f 2047 1785 1786
f 2047 1786 2048
f 2048 1786 1787
f 2048 1787 2036
f 2035 1784 1785
f 2035 1785 2047
f 2049 1907 1914
f 2049 1914 2038
f 2037 1906 1907
f 2037 1907 2049
f 2045 2044 2050
f 2045 2050 2051
f 2052 1916 1917
f 2052 1917 2053
f 2054 1923 1922
f 2054 1922 2055
f 2056 1925 1924
f 2056 1924 2057
f 2058 1927 1926
f 2058 1926 2059
f 2060 1929 1928
f 2060 1928 2061
f 2062 1931 1930
f 2062 1930 2063
f 2064 1933 1932
f 2064 1932 2065
f 2066 1934 1933
f 2066 1933 2064
f 2067 1935 1934
f 2067 1934 2066
f 2068 1936 1935
f 2068 1935 2067
f 2069 1937 1936
f 2069 1936 2068
f 2070 1938 1937
f 2070 1937 2069
f 2071 1939 1938
f 2071 1938 2070
f 2072 1940 1939
f 2072 1939 2071
f 2073 1941 1940
f 2073 1940 2072
f 2074 1942 1941
f 2074 1941 2073
f 2075 1943 1942
f 2075 1942 2074
f 2076 1944 1943
f 2076 1943 2075
f 2077 1945 1944
f 2077 1944 2076
f 2078 1946 1945
f 2078 1945 2077
f 2079 1947 1946
f 2079 1946 2078
f 2080 1948 1947
f 2080 1947 2079
f 2081 1949 1948
f 2081 1948 2080
f 2082 1950 1949
f 2082 1949 2081
f 2083 1951 1950
f 2083 1950 2082
f 2084 1952 1951
f 2084 1951 2083
f 2085 1953 1952
f 2085 1952 2084
f 2086 1954 1953
f 2086 1953 2085
f 2087 1955 1954
f 2087 1954 2086
f 2088 1956 1955
f 2088 1955 2087
f 2089 1957 1956
f 2089 1956 2088
f 2090 1958 1957
f 2090 1957 2089
f 2091 1959 1958
f 2091 1958 2090
f 2092 1960 1959
f 2092 1959 2091
f 2093 1961 1960
f 2093 1960 2092
f 2094 1962 1961
f 2094 1961 2093
f 2095 1963 1962
f 2095 1962 2094
f 2096 1964 1963
f 2096 1963 2095
f 2097 1965 1964
f 2097 1964 2096
f 2098 1966 1965
f 2098 1965 2097
f 2099 1967 1966
f 2099 1966 2098
f 2100 1968 1967
f 2100 1967 2099
f 2101 1969 1968
f 2101 1968 2100
f 2102 1970 1969
f 2102 1969 2101
f 2103 1971 1970
f 2103 1970 2102
f 2104 1972 1971
f 2104 1971 2103
f 2105 1973 1972
f 2105 1972 2104
f 2106 1974 1973
f 2106 1973 2105
f 2107 1975 1974
f 2107 1974 2106
f 2108 1976 1975
f 2108 1975 2107
f 2109 1977 1976
f 2109 1976 2108
f 2110 1978 1977
f 2110 1977 2109
f 2111 1979 1978
f 2111 1978 2110
f 2112 1980 1979
f 2112 1979 2111
f 2113 1981 1980
f 2113 1980 2112
f 2114 1982 1981
f 2114 1981 2113
f 2115 1983 1982
f 2115 1982 2114
f 2116 1984 1983
f 2116 1983 2115
f 2117 1985 1984
f 2117 1984 2116
f 2118 1986 1985
f 2118 1985 2117
f 2119 1987 1986
f 2119 1986 2118
f 2120 1988 1987
f 2120 1987 2119
f 2121 1989 1988
f 2121 1988 2120
f 2122 1990 1989
f 2122 1989 2121
f 2123 1991 1990
f 2123 1990 2122
f 2124 1992 1991
f 2124 1991 2123
f 2125 1993 1992
f 2125 1992 2124
f 2126 1994 1993
f 2126 1993 2125
f 2127 1995 1994
f 2127 1994 2126
f 2128 1996 1995
f 2128 1995 2127
f 2129 1997 1996
f 2129 1996 2128
f 2130 1998 1997
f 2130 1997 2129
f 2131 1999 1998
f 2131 1998 2130
f 2132 2000 1999
f 2132 1999 2131
f 2133 2001 2000
f 2133 2000 2132
f 2134 2002 2001
f 2134 2001 2133
f 2135 2003 2002
f 2135 2002 2134
f 2136 2004 2003
f 2136 2003 2135
f 2137 2005 2004
f 2137 2004 2136
f 2138 2006 2005
f 2138 2005 2137
f 2139 2007 2006
f 2139 2006 2138
f 2140 2008 2007
f 2140 2007 2139
f 2141 2009 2008
f 2141 2008 2140
f 2142 2010 2009
f 2142 2009 2141
f 2143 2011 2010
f 2143 2010 2142
f 2144 2012 2011
f 2144 2011 2143
f 2145 2013 2012
f 2145 2012 2144
f 2146 2014 2013
f 2146 2013 2145
f 2147 2015 2014
f 2147 2014 2146
f 2148 2016 2015
f 2148 2015 2147
f 2149 2017 2016
f 2149 2016 2148
f 2150 2018 2017
f 2150 2017 2149
f 2151 2019 2018
f 2151 2018 2150
f 2152 2020 2019
f 2152 2019 2151
f 2153 2021 2020
f 2153 2020 2152
f 2154 2022 2021
f 2154 2021 2153
f 2155 2023 2022
f 2155 2022 2154
f 2156 2038 2039
f 2156 2039 2157
f 2157 2039 2040
f 2157 2040 2158
f 2159 2046 2034
f 2159 2034 2160
f 2161 1919 2046
f 2161 2046 2159
f 2162 2032 2033
f 2162 2033 2163
f 2163 2033 2030
f 2163 2030 2164
f 2160 2034 2035
f 2160 2035 2165
f 2166 2049 2038
f 2166 2038 2156
f 2167 2047 2048
f 2167 2048 2168
f 2024 1509 2169
f 2024 2169 2170
f 2164 2030 2031
f 2164 2031 2171
f 2168 2048 2036
f 2168 2036 2172
f 2173 1920 1921
f 2173 1921 2174
f 2172 2036 2032
f 2172 2032 2162
f 2158 1918 1919
f 2158 1919 2161
f 2174 1921 1916
f 2174 1916 2052
f 2057 1924 1923
f 2057 1923 2054
f 2059 1926 1925
f 2059 1925 2056
f 2061 1928 1927
f 2061 1927 2058
f 2063 1930 1929
f 2063 1929 2060
f 2065 1932 1931
f 2065 1931 2062
f 2175 2176 2177
f 1642 1377 1636
f 2165 2035 2047
f 2165 2047 2167
f 2055 1922 1920
f 2055 1920 2173
f 2178 2054 2055
f 2178 2055 2179
f 2180 2097 2096
f 2180 2096 2181
f 2182 2099 2098
f 2182 2098 2183
f 2184 2101 2100
f 2184 2100 2185
f 2186 2103 2102
f 2186 2102 2187
f 2188 2105 2104
f 2188 2104 2189
f 2190 2107 2106
f 2190 2106 2191
f 2192 2109 2108
f 2192 2108 2193
f 2194 2111 2110
f 2194 2110 2195
f 2196 2113 2112
f 2196 2112 2197
f 2198 2115 2114
f 2198 2114 2199
f 2200 2117 2116
f 2200 2116 2201
f 2202 2119 2118
f 2202 2118 2203
f 2204 2121 2120
f 2204 2120 2205
f 2206 2123 2122
f 2206 2122 2207
f 2208 2125 2124
f 2208 2124 2209
f 2210 2127 2126
f 2210 2126 2211
f 2212 2129 2128
f 2212 2128 2213
f 2214 2131 2130
f 2214 2130 2215
f 2216 2133 2132
f 2216 2132 2217
f 2218 2134 2133
f 2218 2133 2216
f 2219 2135 2134
f 2219 2134 2218
f 2220 2136 2135
f 2220 2135 2219
f 2221 2137 2136
f 2221 2136 2220
f 2222 2138 2137
f 2222 2137 2221
f 2223 2139 2138
f 2223 2138 2222
f 2224 2140 2139
f 2224 2139 2223
f 2225 2141 2140
f 2225 2140 2224
f 2226 2142 2141
f 2226 2141 2225
f 2227 2143 2142
f 2227 2142 2226
f 2228 2144 2143
f 2228 2143 2227
f 2229 2145 2144
f 2229 2144 2228
f 2230 2146 2145
f 2230 2145 2229
f 2231 2147 2146
f 2231 2146 2230
f 2232 2148 2147
f 2232 2147 2231
f 1510 2149 2148
f 1510 2148 2232
f 2025 2150 2149
f 2025 2149 1510
f 2233 2151 2150
f 2233 2150 2025
f 2177 2176 2234
f 2177 2234 2235
f 2236 2156 2157
f 2236 2157 2237
f 2238 2164 2171
f 2238 2171 2239
f 2240 2058 2059
f 2240 2059 2241
f 2237 2157 2158
f 2237 2158 2242
f 2243 2159 2160
f 2243 2160 2244
f 2245 2062 2063
f 2245 2063 2246
f 2247 2162 2163
f 2247 2163 2248
f 2248 2163 2164
f 2248 2164 2238
f 2249 2166 2156
f 2249 2156 2236
f 2250 2060 2061
f 2250 2061 2251
f 2252 2167 2168
f 2252 2168 2253
f 2254 2053 2166
f 2254 2166 2249
f 2255 2256 2257
f 1644 1520 1773
f 2258 2259 2260
f 2261 2056 2057
f 2261 2057 2262
f 2253 2172 2162
f 2253 2162 2247
f 1524 1522 1659
f 2263 2052 2053
f 2263 2053 2254
f 2264 2064 2065
f 2264 2065 2265
f 2266 2267 2268
f 2269 2161 2159
f 2269 2159 2243
f 2242 2158 2161
f 2242 2161 2269
f 2270 2181 2096
f 2270 2096 2095
f 2241 2059 2056
f 2241 2056 2261
f 2251 2061 2058
f 2251 2058 2240
f 2246 2063 2060
f 2246 2060 2250
f 2265 2065 2062
f 2265 2062 2245
f 2268 2267 2271
f 2268 2271 2272
f 2273 2067 2066
f 2273 2066 2274
f 2275 2068 2067
f 2275 2067 2273
f 2276 2069 2068
f 2276 2068 2275
f 2277 2070 2069
f 2277 2069 2276
f 2278 2071 2070
f 2278 2070 2277
f 2279 2072 2071
f 2279 2071 2278
f 2280 2073 2072
f 2280 2072 2279
f 2281 2074 2073
f 2281 2073 2280
f 2282 2075 2074
f 2282 2074 2281
f 2283 2076 2075
f 2283 2075 2282
f 2284 2077 2076
f 2284 2076 2283
f 2285 2078 2077
f 2285 2077 2284
f 2286 2079 2078
f 2286 2078 2285
f 2287 2080 2079
f 2287 2079 2286
f 2288 2081 2080
f 2288 2080 2287
f 2289 2082 2081
f 2289 2081 2288
f 2290 2083 2082
f 2290 2082 2289
f 2291 2084 2083
f 2291 2083 2290
f 2292 2085 2084
f 2292 2084 2291
f 2293 2086 2085
f 2293 2085 2292
f 2294 2087 2086
f 2294 2086 2293
f 2295 2088 2087
f 2295 2087 2294
f 2296 2089 2088
f 2296 2088 2295
f 2297 2090 2089
f 2297 2089 2296
f 2298 2091 2090
f 2298 2090 2297
f 2299 2092 2091
f 2299 2091 2298
f 2270 2093 2092
f 2270 2092 2299
f 2183 2098 2097
f 2183 2097 2180
f 2185 2100 2099
f 2185 2099 2182
f 2187 2102 2101
f 2187 2101 2184
f 2189 2104 2103
f 2189 2103 2186
f 2191 2106 2105
f 2191 2105 2188
f 2193 2108 2107
f 2193 2107 2190
f 2195 2110 2109
f 2195 2109 2192
f 2197 2112 2111
f 2197 2111 2194
f 2199 2114 2113
f 2199 2113 2196
f 2201 2116 2115
f 2201 2115 2198
f 2203 2118 2117
f 2203 2117 2200
f 2205 2120 2119
f 2205 2119 2202
f 2207 2122 2121
f 2207 2121 2204
f 2209 2124 2123
f 2209 2123 2206
f 2211 2126 2125
f 2211 2125 2208
f 2213 2128 2127
f 2213 2127 2210
f 2215 2130 2129
f 2215 2129 2212
f 2217 2132 2131
f 2217 2131 2214
f 1770 1635 1769
f 2179 2055 2173
f 2179 2173 2300
f 2260 2259 2301
f 2260 2301 2302
f 2274 2066 2064
f 2274 2064 2264
f 2262 2057 2054
f 2262 2054 2178
f 2303 2194 2195
f 2303 2195 2304
f 2305 2300 2263
f 2305 2263 2306
f 2307 2192 2193
f 2307 2193 2308
f 2309 2190 2191
f 2309 2191 2310
f 2311 2188 2189
f 2311 2189 2312
f 2313 2186 2187
f 2313 2187 1649
f 1646 2184 2185
f 1646 2185 2314
f 2315 2305 2316
f 2317 2233 2025
f 2317 2025 2024
f 2318 2236 2237
f 2318 2237 2319
f 2023 2155 2320
f 2319 2237 2242
f 2319 2242 2321
f 2322 2243 2244
f 2322 2244 2323
f 2306 2263 2254
f 2306 2254 2324
f 2325 2261 2262
f 2325 2262 2316
f 2326 2248 2238
f 2326 2238 2327
f 2328 2250 2251
f 2328 2251 2329
f 2330 2253 2247
f 2330 2247 2331
f 2332 2182 2183
f 2332 2183 2333
f 1780 1778 1789
f 2334 2196 2197
f 2334 2197 2335
f 2336 2264 2265
f 2336 2265 2337
f 2316 2305 2338
f 2316 2338 2045
f 2321 2269 2243
f 2321 2243 2322
f 2339 2180 2181
f 2339 2181 2340
f 2029 2031 1901
f 2029 1901 1915
f 2341 2198 2199
f 2341 2199 2342
f 2343 2200 2201
f 2343 2201 2344
f 2345 2202 2203
f 2345 2203 2346
f 2347 2204 2205
f 2347 2205 2348
f 2349 2206 2207
f 2349 2207 2350
f 2351 2208 2209
f 2351 2209 2352
f 2353 2210 2211
f 2353 2211 2354
f 2355 2212 2213
f 2355 2213 2356
f 2357 2214 2215
f 2357 2215 2358
f 2359 2216 2217
f 2359 2217 2360
f 2327 2238 2239
f 2327 2239 2361
f 2324 2249 2236
f 2324 2236 2318
f 1896 1895 2023
f 1896 2023 2320
f 2260 2362 2363
f 2260 2363 2364
f 2331 2247 2248
f 2331 2248 2326
f 2365 2361 2239
f 2365 2239 2317
f 2366 2273 2274
f 2366 2274 2367
f 2333 2183 2180
f 2333 2180 2339
f 2368 2276 2275
f 2368 2275 2369
f 2370 2277 2276
f 2370 2276 2368
f 2371 2278 2277
f 2371 2277 2370
f 2372 2279 2278
f 2372 2278 2371
f 2373 2280 2279
f 2373 2279 2372
f 2374 2281 2280
f 2374 2280 2373
f 2375 2282 2281
f 2375 2281 2374
f 2376 2283 2282
f 2376 2282 2375
f 2377 2284 2283
f 2377 2283 2376
f 2378 2285 2284
f 2378 2284 2377
f 2379 2286 2285
f 2379 2285 2378
f 2380 2287 2286
f 2380 2286 2379
f 2381 2288 2287
f 2381 2287 2380
f 2028 2289 2288
f 2028 2288 2381
f 2027 2290 2289
f 2027 2289 2028
f 2042 2291 2290
f 2042 2290 2027
f 2382 2292 2291
f 2382 2291 2042
f 2231 2230 2383
f 2231 2383 2232
f 2229 2384 2383
f 2229 2383 2230
f 2385 2295 2294
f 2385 2294 2386
f 2387 1647 2332
f 2387 2332 2333
f 2314 2185 2182
f 2314 2182 2332
f 1649 2187 2184
f 1649 2184 1646
f 2312 2189 2186
f 2312 2186 2313
f 2310 2191 2188
f 2310 2188 2311
f 2308 2193 2190
f 2308 2190 2309
f 2304 2195 2192
f 2304 2192 2307
f 2335 2197 2194
f 2335 2194 2303
f 2342 2199 2196
f 2342 2196 2334
f 2344 2201 2198
f 2344 2198 2341
f 2346 2203 2200
f 2346 2200 2343
f 2348 2205 2202
f 2348 2202 2345
f 2350 2207 2204
f 2350 2204 2347
f 2352 2209 2206
f 2352 2206 2349
f 2354 2211 2208
f 2354 2208 2351
f 2356 2213 2210
f 2356 2210 2353
f 2358 2215 2212
f 2358 2212 2355
f 1646 2314 2332
f 1646 2332 1647
f 2360 2217 2214
f 2360 2214 2357
f 2388 2219 2218
f 2388 2218 2389
f 2390 2220 2219
f 2390 2219 2388
f 2391 2221 2220
f 2391 2220 2390
f 2392 2222 2221
f 2392 2221 2391
f 2393 2223 2222
f 2393 2222 2392
f 1783 2224 2223
f 1783 2223 2393
f 1782 2225 2224
f 1782 2224 1783
f 1913 2226 2225
f 1913 2225 1782
f 2394 2227 2226
f 2394 2226 1913
f 2395 2228 2227
f 2395 2227 2394
f 2396 2397 2398
f 2155 2031 2029
f 2155 2029 2320
f 2369 2275 2273
f 2369 2273 2366
f 2389 2218 2216
f 2389 2216 2359
f 2340 2181 2270
f 2340 2270 2399
f 2400 2334 2335
f 2400 2335 2396
f 2401 2309 2310
f 2401 2310 2402
f 2403 2359 2360
f 2403 2360 2404
f 2404 2357 2358
f 2404 2358 2405
f 2398 2397 2406
f 2398 2406 2407
f 2095 2094 2093
f 2095 2093 2270
f 2408 2409 2410
f 2411 2353 2354
f 2411 2354 2412
f 2410 2409 2413
f 2410 2413 2301
f 2408 2349 2350
f 2408 2350 2409
f 2411 2412 2414
f 2415 2345 2346
f 2415 2346 2416
f 2417 2343 2344
f 2417 2344 2362
f 2414 2412 2418
f 2414 2418 2419
f 2260 2302 2417
f 2260 2417 2362
f 2169 1509 2395
f 2169 2395 1912
f 2401 2402 2420
f 2316 2262 2178
f 2316 2178 2315
f 2421 2319 2321
f 2421 2321 2422
f 2329 2251 2240
f 2329 2240 2423
f 1899 1898 1915
f 2424 2322 2323
f 2424 2323 2425
f 2426 2313 1649
f 2426 1649 1648
f 2427 2306 2324
f 2427 2324 2428
f 2337 2265 2245
f 2337 2245 2429
f 2051 2325 2316
f 2051 2316 2045
f 2420 2402 2430
f 2420 2430 2431
f 1903 1910 2040
f 2415 2416 2417
f 2415 2417 2302
f 2387 2333 2339
f 2387 2339 2432
f 2367 2274 2264
f 2367 2264 2336
f 2425 2323 2330
f 2425 2330 2433
f 2330 2331 2433
f 2396 2303 2304
f 2396 2304 2397
f 2422 2321 2322
f 2422 2322 2424
f 2432 2339 2340
f 2432 2340 2434
f 2435 2436 2437
f 2435 2437 2438
f 2433 2331 2326
f 2433 2326 2439
f 2050 2328 2329
f 2050 2329 2051
f 2439 2326 2327
f 2439 2327 2440
f 2428 2318 2319
f 2428 2319 2421
f 2365 2317 2024
f 2365 2024 2170
f 2434 2399 2441
f 2434 2441 2442
f 2440 2327 2361
f 2440 2361 2443
f 2397 2304 2307
f 2397 2307 2406
f 2444 2366 2367
f 2444 2367 2445
f 2446 2371 2370
f 2446 2370 2447
f 2448 2372 2371
f 2448 2371 2446
f 2449 2373 2372
f 2449 2372 2448
f 2450 2374 2373
f 2450 2373 2449
f 2451 2375 2374
f 2451 2374 2450
f 2452 2376 2375
f 2452 2375 2451
f 2453 2377 2376
f 2453 2376 2452
f 2454 2378 2377
f 2454 2377 2453
f 2455 2379 2378
f 2455 2378 2454
f 2456 2380 2379
f 2456 2379 2455
f 2457 2381 2380
f 2457 2380 2456
f 2026 2028 2381
f 2026 2381 2457
f 2307 2308 2406
f 2458 2391 2390
f 2458 2390 2459
f 2460 2392 2391
f 2460 2391 2458
f 2461 2393 2392
f 2461 2392 2460
f 1781 1783 2393
f 1781 2393 2461
f 2406 2308 2309
f 2406 2309 2401
f 2443 2361 2365
f 2443 2365 2462
f 2459 2389 2359
f 2459 2359 2403
f 2311 2312 2430
f 2447 2370 2368
f 2447 2368 2444
f 2338 2305 2306
f 2338 2306 2427
f 2430 2312 2313
f 2430 2313 2426
f 2463 2436 2435
f 2463 2435 2464
f 2341 2342 2363
f 2383 1508 1510
f 2383 1510 2232
f 2363 2342 2334
f 2363 2334 2400
f 2347 2348 2413
f 2407 2406 2401
f 2407 2401 2420
f 2413 2348 2345
f 2413 2345 2415
f 2465 2424 2425
f 2465 2425 2466
f 2402 2310 2311
f 2402 2311 2430
f 2337 2050 2467
f 2337 2467 2336
f 2468 2041 2026
f 2468 2026 2469
f 2351 2352 2418
f 2418 2352 2349
f 2418 2349 2408
f 2470 2428 2421
f 2470 2421 2471
f 2462 2169 1912
f 2462 1912 2472
f 2473 2440 2443
f 2473 2443 2474
f 2355 2356 2475
f 2476 2400 2396
f 2476 2396 2398
f 2477 2387 2432
f 2477 2432 2478
f 2266 2447 2444
f 2266 2444 2267
f 2472 1912 1781
f 2472 1781 2479
f 2480 2442 2041
f 2480 2041 2468
f 2431 2430 2426
f 2431 2426 2481
f 2475 2356 2353
f 2475 2353 2411
f 2482 2427 2428
f 2482 2428 2470
f 2478 2432 2434
f 2478 2434 2480
f 2245 2246 2429
f 2429 2246 2250
f 2429 2250 2328
f 2419 2418 2408
f 2419 2408 2410
f 2240 2241 2423
f 2481 2426 1648
f 2481 1648 2477
f 2271 2445 2467
f 2271 2467 2483
f 2484 2459 2403
f 2484 2403 2485
f 2423 2241 2261
f 2423 2261 2325
f 2466 2425 2433
f 2466 2433 2486
f 2301 2413 2415
f 2301 2415 2302
f 2043 2045 2338
f 2043 2338 2482
f 2483 2467 2050
f 2483 2050 2044
f 2178 2179 2315
f 2364 2363 2400
f 2364 2400 2476
f 2040 1918 2158
f 2471 2422 2424
f 2471 2424 2465
f 2486 2433 2439
f 2486 2439 2487
f 2362 2344 2341
f 2362 2341 2363
f 2416 2346 2343
f 2416 2343 2417
f 2315 2179 2300
f 2315 2300 2305
f 2409 2350 2347
f 2409 2347 2413
f 2487 2439 2440
f 2487 2440 2473
f 2412 2354 2351
f 2412 2351 2418
f 2405 2358 2355
f 2405 2355 2475
f 2488 2475 2411
f 2488 2411 2414
f 2267 2444 2445
f 2267 2445 2271
f 2489 2449 2448
f 2489 2448 2490
f 2491 2451 2450
f 2491 2450 2492
f 2244 2252 2323
f 2323 2252 2253
f 2323 2253 2330
f 2490 2448 2446
f 2490 2446 2266
f 2472 2474 2443
f 2472 2443 2462
f 2493 2420 2431
f 2493 2431 2494
f 2270 2299 2399
f 2176 2465 2466
f 2176 2466 2234
f 2399 2299 2298
f 2399 2298 2441
f 2463 2488 2414
f 2463 2414 2436
f 2437 2419 2410
f 2437 2410 2495
f 2492 2450 2449
f 2492 2449 2489
f 2496 2479 2484
f 2496 2484 2464
f 2497 2382 2042
f 2497 2042 2041
f 2171 2498 2239
f 2499 2473 2474
f 2499 2474 2496
f 2234 2486 2487
f 2234 2487 2500
f 2255 2468 2469
f 2255 2469 2256
f 2501 2044 2043
f 2501 2043 2502
f 2239 2498 2233
f 2239 2233 2317
f 2256 2469 2491
f 2256 2491 2503
f 2504 2476 2398
f 2504 2398 2505
f 2505 2407 2420
f 2505 2420 2493
f 2496 2474 2472
f 2496 2472 2479
f 2395 2394 1913
f 2395 1913 1912
f 2494 2431 2481
f 2494 2481 2506
f 2160 2165 2244
f 2244 2165 2167
f 2244 2167 2252
f 2495 2410 2301
f 2495 2301 2259
f 2464 2484 2485
f 2464 2485 2463
f 2173 2174 2300
f 2502 2470 2471
f 2502 2471 2175
f 2272 2271 2483
f 2272 2483 2501
f 2300 2174 2052
f 2300 2052 2263
f 2175 2471 2465
f 2175 2465 2176
f 2258 2260 2364
f 2258 2364 2507
f 2459 2390 2388
f 2459 2388 2389
f 2368 2369 2366
f 2368 2366 2444
f 2168 2172 2253
f 2506 2481 2477
f 2506 2477 2508
f 2031 2155 2171
f 2436 2414 2419
f 2436 2419 2437
f 2503 2489 2490
f 2503 2490 2509
f 2507 2364 2476
f 2507 2476 2504
f 1648 1647 2387
f 1648 2387 2477
f 2510 2508 2255
f 2510 2255 2257
f 2511 2502 2175
f 2511 2175 2177
f 2499 2496 2464
f 2499 2464 2435
f 2171 2155 2154
f 2171 2154 2498
f 1917 2037 2053
f 2512 2272 2501
f 2512 2501 2513
f 2053 2037 2049
f 2053 2049 2166
f 1789 1904 2046
f 2046 1904 1905
f 2046 1905 2034
f 2235 2234 2500
f 2235 2500 2514
f 2328 2050 2337
f 2328 2337 2429
f 1896 2320 2029
f 1896 2029 1897
f 1501 1642 1638
f 1638 1642 1636
f 1638 1636 1770
f 1370 1366 1505
f 2515 2504 2505
f 2515 2505 2516
f 2517 2493 2494
f 2517 2494 2518
f 2518 2494 2506
f 2518 2506 2510
f 2294 2382 2497
f 2294 2497 2386
f 1505 1366 1367
f 1505 1367 1507
f 2292 2382 2294
f 2292 2294 2293
f 2519 2520 2521
f 2519 2521 2522
f 2502 2043 2482
f 2502 2482 2470
f 1769 1899 1772
f 2516 2505 2493
f 2516 2493 2517
f 1638 1770 1769
f 1638 1769 1772
f 2523 2524 2525
f 2523 2525 2526
f 2242 2269 2321
f 2527 2528 2525
f 2527 2525 2524
f 2254 2249 2324
f 2488 2485 2405
f 2488 2405 2475
f 2403 2404 2405
f 2403 2405 2485
f 2528 2511 2177
f 2528 2177 2235
f 2513 2511 2528
f 2513 2528 2527
f 2515 2258 2507
f 2515 2507 2504
f 2526 2529 2515
f 2526 2515 2523
f 2514 2435 2438
f 2514 2438 2525
f 2259 2258 2515
f 2259 2515 2529
f 2255 2478 2480
f 2255 2480 2468
f 2477 2478 2255
f 2477 2255 2508
f 2256 2520 2519
f 2256 2519 2257
f 2367 2336 2467
f 2367 2467 2445
f 2365 2170 2169
f 2365 2169 2462
f 2528 2235 2514
f 2528 2514 2525
f 2437 2495 2530
f 2437 2530 2438
f 2523 2515 2516
f 2523 2516 2531
f 2360 2357 2404
f 2495 2259 2529
f 2495 2529 2530
f 2383 2384 1508
f 2532 2517 2518
f 2532 2518 2519
f 2512 2513 2527
f 2512 2527 2521
f 2514 2500 2499
f 2514 2499 2435
f 2500 2487 2473
f 2500 2473 2499
f 2335 2303 2396
f 2531 2516 2517
f 2531 2517 2532
f 2513 2501 2502
f 2513 2502 2511
f 2512 2509 2268
f 2512 2268 2272
f 2520 2509 2512
f 2520 2512 2521
f 2522 2521 2527
f 2522 2527 2524
f 2340 2399 2434
f 2324 2318 2428
f 2457 2454 2469
f 2457 2469 2026
f 2455 2454 2457
f 2455 2457 2456
f 2491 2492 2489
f 2491 2489 2503
f 2460 2484 2479
f 2460 2479 2461
f 2338 2427 2482
f 2459 2484 2460
f 2459 2460 2458
f 2453 2491 2469
f 2453 2469 2454
f 2519 2518 2510
f 2519 2510 2257
f 1781 2461 2479
f 2531 2532 2519
f 2531 2519 2522
f 2451 2491 2453
f 2451 2453 2452
f 2497 2441 2385
f 2497 2385 2386
f 2442 2441 2497
f 2442 2497 2041
f 2421 2422 2471
f 2434 2442 2480
f 2446 2447 2266
f 2384 2395 1509
f 2384 1509 1508
f 2228 2395 2384
f 2228 2384 2229
f 2297 2385 2441
f 2297 2441 2298
f 2295 2385 2297
f 2295 2297 2296
f 2526 2525 2438
f 2526 2438 2530
f 2153 2233 2498
f 2153 2498 2154
f 2256 2503 2509
f 2256 2509 2520
f 2151 2233 2153
f 2151 2153 2152
f 2490 2266 2268
f 2490 2268 2509
f 2524 2523 2531
f 2524 2531 2522
f 2423 2325 2051
f 2423 2051 2329
f 2466 2486 2234
f 2483 2044 2501
f 2485 2488 2463
f 2398 2407 2505
f 2506 2508 2510
f 2529 2526 2530
f 2533 3 2
f 2533 2 2534
f 2534 2 6
f 2534 6 2535
f 2535 6 8
f 2535 8 2536
f 2536 8 10
f 2536 10 2537
f 2537 10 12
f 2537 12 2538
f 2538 12 14
f 2538 14 2539
f 2539 14 16
f 2539 16 2540
f 2540 16 18
f 2540 18 2541
f 2542 18 20
f 2542 20 2543
f 2543 20 22
f 2543 22 2544
f 2544 22 24
f 2544 24 2545
f 2545 24 26
f 2545 26 2546
f 2546 26 28
f 2546 28 2547
f 2547 28 30
f 2547 30 2548
f 2548 30 32
f 2548 32 2549
f 2549 32 34
f 2549 34 2550
f 2551 34 36
f 2551 36 2552
f 2552 36 38
f 2552 38 2553
f 2553 38 40
f 2553 40 2554
f 2554 40 42
f 2554 42 2555
f 2555 42 44
f 2555 44 2556
f 2556 44 46
f 2556 46 2557
f 2557 46 48
f 2557 48 2558
f 2559 2560 2561
f 2562 50 52
f 2562 52 2563
f 2563 52 54
f 2563 54 2564
f 2564 54 56
f 2564 56 2565
f 2565 56 58
f 2565 58 2566
f 2566 58 60
f 2566 60 2567
f 2567 60 62
f 2567 62 2568
f 2568 62 64
f 2568 64 2569
f 2569 64 66
f 2569 66 2570
f 2571 66 68
f 2571 68 2572
f 2572 68 70
f 2572 70 2573
f 2573 70 72
f 2573 72 2574
f 2574 72 74
f 2574 74 2575
f 2575 74 76
f 2575 76 2576
f 2576 76 78
f 2576 78 2577
f 2577 78 80
f 2577 80 2578
f 2578 80 82
f 2578 82 2579
f 2580 82 84
f 2580 84 2581
f 2581 84 86
f 2581 86 2582
f 2582 86 88
f 2582 88 2583
f 2583 88 90
f 2583 90 2584
f 2584 90 92
f 2584 92 2585
f 2585 92 94
f 2585 94 2586
f 2586 94 96
f 2586 96 2587
f 2587 96 98
f 2587 98 2588
f 2589 98 100
f 2589 100 2590
f 2590 100 102
f 2590 102 2591
f 2591 102 104
f 2591 104 2592
f 2592 104 106
f 2592 106 2593
f 2593 106 108
f 2593 108 2594
f 2594 108 110
f 2594 110 2595
f 2595 110 112
f 2595 112 2596
f 2560 2559 2597
f 2560 2597 2598
f 2599 114 116
f 2599 116 2600
f 2600 116 118
f 2600 118 2601
f 2601 118 120
f 2601 120 2602
f 2602 120 122
f 2602 122 2603
f 2603 122 124
f 2603 124 2604
f 2604 124 126
f 2604 126 2605
f 2605 126 128
f 2605 128 2606
f 2607 2608 2609
f 2610 130 132
f 2610 132 2611
f 2611 132 134
f 2611 134 2612
f 2612 134 136
f 2612 136 2613
f 2613 136 138
f 2613 138 2614
f 2614 138 140
f 2614 140 2615
f 2615 140 142
f 2615 142 2616
f 2616 142 144
f 2616 144 2617
f 2617 144 146
f 2617 146 2618
f 2619 146 148
f 2619 148 2620
f 2620 148 150
f 2620 150 2621
f 2621 150 152
f 2621 152 2622
f 2622 152 154
f 2622 154 2623
f 2623 154 156
f 2623 156 2607
f 2607 156 158
f 2607 158 2624
f 2624 158 160
f 2624 160 2625
f 2625 160 162
f 2625 162 2626
f 2627 162 164
f 2627 164 2628
f 2628 164 166
f 2628 166 2629
f 2629 166 168
f 2629 168 2630
f 2630 168 170
f 2630 170 2631
f 2631 170 172
f 2631 172 2632
f 2632 172 174
f 2632 174 2633
f 2633 174 176
f 2633 176 2634
f 2608 2607 2624
f 2608 2624 2635
f 2636 178 180
f 2636 180 2637
f 2637 180 182
f 2637 182 2638
f 2638 182 184
f 2638 184 2639
f 2639 184 186
f 2639 186 2640
f 2640 186 188
f 2640 188 2641
f 2641 188 190
f 2641 190 2642
f 2642 190 192
f 2642 192 2643
f 2644 2645 2603
f 2646 194 196
f 2646 196 2647
f 2647 196 198
f 2647 198 2648
f 2648 198 200
f 2648 200 2649
f 2649 200 202
f 2649 202 2650
f 2650 202 204
f 2650 204 2651
f 2651 204 206
f 2651 206 2652
f 2652 206 208
f 2652 208 2653
f 2653 208 210
f 2653 210 2654
f 2655 2654 2559
f 2655 2559 2561
f 2559 212 214
f 2559 214 2597
f 2597 214 216
f 2597 216 2656
f 2656 216 218
f 2656 218 2657
f 2657 218 220
f 2657 220 2658
f 2658 220 222
f 2658 222 2659
f 2659 222 224
f 2659 224 2660
f 2660 224 226
f 2660 226 2661
f 2662 226 228
f 2662 228 2663
f 2663 228 230
f 2663 230 2664
f 2664 230 232
f 2664 232 2665
f 2665 232 234
f 2665 234 2666
f 2666 234 236
f 2666 236 2667
f 2667 236 238
f 2667 238 2668
f 2668 238 240
f 2668 240 2669
f 2603 2645 2670
f 2603 2670 2602
f 2671 242 244
f 2671 244 2672
f 2672 244 246
f 2672 246 2673
f 2673 246 248
f 2673 248 2674
f 2674 248 250
f 2674 250 2675
f 2675 250 252
f 2675 252 2676
f 2676 252 254
f 2676 254 2677
f 2677 254 256
f 2677 256 2678
f 2678 256 258
f 2678 258 2679
f 2680 258 260
f 2680 260 2681
f 2681 260 262
f 2681 262 2682
f 2682 262 264
f 2682 264 2683
f 2683 264 266
f 2683 266 2684
f 2684 266 268
f 2684 268 2685
f 2685 268 270
f 2685 270 2686
f 2686 270 272
f 2686 272 2687
f 2687 272 274
f 2687 274 2688
f 2689 274 276
f 2689 276 2690
f 2690 276 3
f 2690 3 2533
f 2534 2691 2692
f 2534 2692 2533
f 2536 2693 2694
f 2536 2694 2535
f 2538 2695 2696
f 2538 2696 2537
f 2539 2697 2695
f 2539 2695 2538
f 2540 2698 2697
f 2540 2697 2539
f 2541 2699 2698
f 2541 2698 2540
f 2542 2700 2699
f 2542 2699 2541
f 2543 2701 2700
f 2543 2700 2542
f 2544 2702 2701
f 2544 2701 2543
f 2545 2703 2702
f 2545 2702 2544
f 2546 2704 2703
f 2546 2703 2545
f 2547 2705 2704
f 2547 2704 2546
f 2548 2706 2705
f 2548 2705 2547
f 2549 2707 2706
f 2549 2706 2548
f 2550 2708 2707
f 2550 2707 2549
f 2551 2709 2708
f 2551 2708 2550
f 2552 2710 2709
f 2552 2709 2551
f 2553 2711 2710
f 2553 2710 2552
f 2554 2712 2711
f 2554 2711 2553
f 2555 2713 2712
f 2555 2712 2554
f 2556 2714 2713
f 2556 2713 2555
f 2557 2715 2714
f 2557 2714 2556
f 2558 2716 2715
f 2558 2715 2557
f 2653 2654 2655
f 2653 2655 2717
f 2564 2718 2719
f 2564 2719 2563
f 2565 2720 2718
f 2565 2718 2564
f 2566 2721 2720
f 2566 2720 2565
f 2567 2722 2721
f 2567 2721 2566
f 2568 2723 2722
f 2568 2722 2567
f 2569 2724 2723
f 2569 2723 2568
f 2570 2725 2724
f 2570 2724 2569
f 2571 2726 2725
f 2571 2725 2570
f 2572 2727 2726
f 2572 2726 2571
f 2573 2728 2727
f 2573 2727 2572
f 2574 2729 2728
f 2574 2728 2573
f 2576 2730 2731
f 2576 2731 2575
f 2578 2732 2733
f 2578 2733 2577
f 2579 2734 2732
f 2579 2732 2578
f 2580 2735 2734
f 2580 2734 2579
f 2581 2736 2735
f 2581 2735 2580
f 2582 2737 2736
f 2582 2736 2581
f 2583 2738 2737
f 2583 2737 2582
f 2584 2739 2738
f 2584 2738 2583
f 2585 2740 2739
f 2585 2739 2584
f 2586 2741 2740
f 2586 2740 2585
f 2587 2742 2741
f 2587 2741 2586
f 2588 2743 2742
f 2588 2742 2587
f 2589 2744 2743
f 2589 2743 2588
f 2590 2745 2744
f 2590 2744 2589
f 2591 2746 2745
f 2591 2745 2590
f 2592 2747 2746
f 2592 2746 2591
f 2593 2748 2747
f 2593 2747 2592
f 2594 2749 2748
f 2594 2748 2593
f 2595 2750 2749
f 2595 2749 2594
f 2596 2751 2750
f 2596 2750 2595
f 2654 210 212
f 2654 212 2559
f 2601 2752 2753
f 2601 2753 2600
f 2602 2670 2752
f 2602 2752 2601
f 2617 2618 2754
f 2617 2754 2755
f 2604 2756 2644
f 2604 2644 2603
f 2605 2757 2756
f 2605 2756 2604
f 2606 2758 2757
f 2606 2757 2605
f 2759 2760 2754
f 2759 2754 2618
f 2612 2761 2762
f 2612 2762 2611
f 2613 2763 2761
f 2613 2761 2612
f 2614 2764 2763
f 2614 2763 2613
f 2615 2765 2764
f 2615 2764 2614
f 2617 2755 2766
f 2617 2766 2616
f 2767 2669 2671
f 2767 2671 2768
f 2621 2769 2760
f 2621 2760 2620
f 2622 2770 2769
f 2622 2769 2621
f 2623 2771 2770
f 2623 2770 2622
f 2607 2609 2771
f 2607 2771 2623
f 2669 240 242
f 2669 242 2671
f 2625 2772 2635
f 2625 2635 2624
f 2626 2773 2772
f 2626 2772 2625
f 2627 2774 2773
f 2627 2773 2626
f 2628 2775 2774
f 2628 2774 2627
f 2629 2776 2775
f 2629 2775 2628
f 2630 2777 2776
f 2630 2776 2629
f 2631 2778 2777
f 2631 2777 2630
f 2632 2779 2778
f 2632 2778 2631
f 2633 2780 2779
f 2633 2779 2632
f 2634 2781 2780
f 2634 2780 2633
f 2782 2643 2646
f 2782 2646 2783
f 2638 2784 2785
f 2638 2785 2637
f 2639 2786 2784
f 2639 2784 2638
f 2640 2787 2786
f 2640 2786 2639
f 2641 2788 2787
f 2641 2787 2640
f 2642 2789 2790
f 2642 2790 2641
f 2643 2782 2789
f 2643 2789 2642
f 2643 192 194
f 2643 194 2646
f 2648 2791 2792
f 2648 2792 2647
f 2649 2793 2791
f 2649 2791 2648
f 2650 2794 2793
f 2650 2793 2649
f 2651 2795 2794
f 2651 2794 2650
f 2652 2796 2795
f 2652 2795 2651
f 2653 2717 2796
f 2653 2796 2652
f 2781 2634 2636
f 2781 2636 2797
f 2634 176 178
f 2634 178 2636
f 2656 2798 2598
f 2656 2598 2597
f 2657 2799 2798
f 2657 2798 2656
f 2658 2800 2799
f 2658 2799 2657
f 2659 2801 2800
f 2659 2800 2658
f 2660 2802 2801
f 2660 2801 2659
f 2661 2803 2802
f 2661 2802 2660
f 2662 2804 2803
f 2662 2803 2661
f 2663 2805 2804
f 2663 2804 2662
f 2664 2806 2805
f 2664 2805 2663
f 2665 2807 2806
f 2665 2806 2664
f 2666 2808 2807
f 2666 2807 2665
f 2667 2809 2808
f 2667 2808 2666
f 2668 2810 2809
f 2668 2809 2667
f 2669 2767 2810
f 2669 2810 2668
f 2758 2606 2610
f 2758 2610 2811
f 2673 2812 2813
f 2673 2813 2672
f 2674 2814 2812
f 2674 2812 2673
f 2675 2815 2814
f 2675 2814 2674
f 2676 2816 2815
f 2676 2815 2675
f 2677 2817 2816
f 2677 2816 2676
f 2678 2818 2817
f 2678 2817 2677
f 2679 2819 2818
f 2679 2818 2678
f 2680 2820 2819
f 2680 2819 2679
f 2681 2821 2820
f 2681 2820 2680
f 2682 2822 2821
f 2682 2821 2681
f 2683 2823 2822
f 2683 2822 2682
f 2684 2824 2823
f 2684 2823 2683
f 2685 2825 2824
f 2685 2824 2684
f 2686 2826 2825
f 2686 2825 2685
f 2687 2827 2826
f 2687 2826 2686
f 2688 2828 2827
f 2688 2827 2687
f 2689 2829 2828
f 2689 2828 2688
f 2690 2830 2829
f 2690 2829 2689
f 2533 2692 2830
f 2533 2830 2690
f 2733 2730 2576
f 2733 2576 2577
f 2574 2575 2731
f 2574 2731 2729
f 2615 2616 2766
f 2615 2766 2765
f 2694 2691 2534
f 2694 2534 2535
f 2536 2537 2696
f 2536 2696 2693
f 2563 2719 2831
f 2563 2831 2562
f 2600 2753 2832
f 2600 2832 2599
f 2611 2762 2811
f 2611 2811 2610
f 2637 2785 2797
f 2637 2797 2636
f 2647 2792 2783
f 2647 2783 2646
f 2672 2813 2768
f 2672 2768 2671
f 2606 128 130
f 2606 130 2610
f 2751 2596 2599
f 2751 2599 2832
f 2596 112 114
f 2596 114 2599
f 2716 2558 2562
f 2716 2562 2831
f 2558 48 50
f 2558 50 2562
f 2759 2618 146
f 2759 146 2619
f 2759 2619 2620
f 2759 2620 2760
f 2790 2788 2641
f 2541 18 2542
f 2550 34 2551
f 2570 66 2571
f 2579 82 2580
f 2588 98 2589
f 2626 162 2627
f 2661 226 2662
f 2679 258 2680
f 2688 274 2689
f 2833 2834 2835
f 2833 2835 2836
f 2837 2838 2834
f 2837 2834 2833
f 2839 2840 2838
f 2839 2838 2837
f 2841 2842 2840
f 2841 2840 2839
f 2843 2844 2842
f 2843 2842 2841
f 2845 2846 2844
f 2845 2844 2843
f 2847 2848 2846
f 2847 2846 2845
f 2849 2850 2848
f 2849 2848 2847
f 2851 2852 2850
f 2851 2850 2849
f 2853 2854 2852
f 2853 2852 2851
f 2855 2856 2854
f 2855 2854 2853
f 2857 2858 2856
f 2857 2856 2855
f 2859 2860 2858
f 2859 2858 2857
f 2861 2862 2860
f 2861 2860 2859
f 2863 2864 2862
f 2863 2862 2861
f 2865 2866 2864
f 2865 2864 2863
f 2867 2868 2866
f 2867 2866 2865
f 2869 2870 2868
f 2869 2868 2867
f 2871 2872 2870
f 2871 2870 2869
f 2873 2874 2872
f 2873 2872 2871
f 2875 2876 2874
f 2875 2874 2873
f 2877 2878 2876
f 2877 2876 2875
f 2879 2880 2878
f 2879 2878 2877
f 2881 2882 2880
f 2881 2880 2879
f 2883 2884 2882
f 2883 2882 2881
f 2885 2886 2884
f 2885 2884 2883
f 2887 2888 2886
f 2887 2886 2885
f 2889 2890 2888
f 2889 2888 2887
f 2891 2892 2890
f 2891 2890 2889
f 2893 2894 2892
f 2893 2892 2891
f 2895 2896 2894
f 2895 2894 2893
f 2897 2898 2896
f 2897 2896 2895
f 2899 2900 2898
f 2899 2898 2897
f 2901 2902 2900
f 2901 2900 2899
f 2903 2904 2902
f 2903 2902 2901
f 2905 2906 2904
f 2905 2904 2903
f 2907 2908 2906
f 2907 2906 2905
f 2909 2910 2908
f 2909 2908 2907
f 2911 2912 2910
f 2911 2910 2909
f 2913 2914 2912
f 2913 2912 2911
f 2915 2916 2914
f 2915 2914 2913
f 2917 2918 2916
f 2917 2916 2915
f 2919 2920 2918
f 2919 2918 2917
f 2921 2922 2920
f 2921 2920 2919
f 2923 2924 2922
f 2923 2922 2921
f 2925 2926 2924
f 2925 2924 2923
f 2927 2928 2926
f 2927 2926 2925
f 2929 2930 2928
f 2929 2928 2927
f 2931 2932 2930
f 2931 2930 2929
f 2933 2934 2932
f 2933 2932 2931
f 2935 2936 2934
f 2935 2934 2933
f 2937 2938 2936
f 2937 2936 2935
f 2939 2940 2938
f 2939 2938 2937
f 2941 2942 2940
f 2941 2940 2939
f 2943 2944 2942
f 2943 2942 2941
f 2945 2946 2944
f 2945 2944 2943
f 2947 2948 2946
f 2947 2946 2945
f 2949 2950 2948
f 2949 2948 2947
f 2951 2952 2950
f 2951 2950 2949
f 2953 2954 2952
f 2953 2952 2951
f 2955 2956 2954
f 2955 2954 2953
f 2957 2958 2956
f 2957 2956 2955
f 2959 2960 2958
f 2959 2958 2957
f 2961 2962 2960
f 2961 2960 2959
f 2963 2964 2962
f 2963 2962 2961
f 2965 2966 2964
f 2965 2964 2963
f 2967 2968 2966
f 2967 2966 2965
f 2969 2970 2968
f 2969 2968 2967
f 2971 2972 2970
f 2971 2970 2969
f 2973 2974 2972
f 2973 2972 2971
f 2975 2976 2974
f 2975 2974 2973
f 2977 2978 2976
f 2977 2976 2975
f 2979 2980 2978
f 2979 2978 2977
f 2981 2982 2980
f 2981 2980 2979
f 2983 2984 2982
f 2983 2982 2981
f 2985 2986 2984
f 2985 2984 2983
f 2987 2988 2986
f 2987 2986 2985
f 2989 2990 2988
f 2989 2988 2987
f 2991 2992 2990
f 2991 2990 2989
f 2993 2994 2992
f 2993 2992 2991
f 2995 2996 2994
f 2995 2994 2993
f 2997 2998 2996
f 2997 2996 2995
f 2999 3000 2998
f 2999 2998 2997
f 3001 3002 3000
f 3001 3000 2999
f 3003 3004 3002
f 3003 3002 3001
f 3005 3006 3004
f 3005 3004 3003
f 3007 3008 3006
f 3007 3006 3005
f 3009 3010 3008
f 3009 3008 3007
f 3011 3012 3010
f 3011 3010 3009
f 3013 3014 3012
f 3013 3012 3011
f 3015 3016 3014
f 3015 3014 3013
f 3017 3018 3016
f 3017 3016 3015
f 3019 3020 3018
f 3019 3018 3017
f 3021 3022 3020
f 3021 3020 3019
f 3023 3024 3022
f 3023 3022 3021
f 3025 3026 3024
f 3025 3024 3023
f 3027 3028 3026
f 3027 3026 3025
f 3029 3030 3028
f 3029 3028 3027
f 3031 3032 3030
f 3031 3030 3029
f 3033 3034 3032
f 3033 3032 3031
f 3035 3036 3034
f 3035 3034 3033
f 3037 3038 3036
f 3037 3036 3035
f 3039 3040 3038
f 3039 3038 3037
f 3041 3042 3040
f 3041 3040 3039
f 3043 3044 3042
f 3043 3042 3041
f 3045 3046 3044
f 3045 3044 3043
f 3047 3048 3046
f 3047 3046 3045
f 3049 3050 3048
f 3049 3048 3047
f 3051 3052 3050
f 3051 3050 3049
f 3053 3054 3052
f 3053 3052 3051
f 3055 3056 3054
f 3055 3054 3053
f 3057 3058 3056
f 3057 3056 3055
f 3059 3060 3058
f 3059 3058 3057
f 3061 3062 3060
f 3061 3060 3059
f 3063 3064 3062
f 3063 3062 3061
f 3065 3066 3064
f 3065 3064 3063
f 3067 3068 3066
f 3067 3066 3065
f 3069 3070 3068
f 3069 3068 3067
f 3071 3072 3070
f 3071 3070 3069
f 3073 3074 3072
f 3073 3072 3071
f 3075 3076 3074
f 3075 3074 3073
f 3077 3078 3076
f 3077 3076 3075
f 3079 3080 3078
f 3079 3078 3077
f 3081 3082 3080
f 3081 3080 3079
f 3083 3084 3082
f 3083 3082 3081
f 3085 3086 3084
f 3085 3084 3083
f 3087 3088 3086
f 3087 3086 3085
f 3089 3090 3088
f 3089 3088 3087
f 3091 3092 3090
f 3091 3090 3089
f 3093 3094 3092
f 3093 3092 3091
f 3095 3096 3094
f 3095 3094 3093
f 3097 3098 3096
f 3097 3096 3095
f 3099 3100 3098
f 3099 3098 3097
f 3101 3102 3100
f 3101 3100 3099
f 3103 3104 3102
f 3103 3102 3101
f 3105 3106 3104
f 3105 3104 3103
f 3107 3108 3106
f 3107 3106 3105
f 3109 3110 3108
f 3109 3108 3107
f 3111 3112 3110
f 3111 3110 3109
f 3113 3114 3112
f 3113 3112 3111
f 3115 3116 3114
f 3115 3114 3113
f 3117 3118 3116
f 3117 3116 3115
f 3119 3120 3118
f 3119 3118 3117
f 3121 3122 3120
f 3121 3120 3119
f 3123 3124 3122
f 3123 3122 3121
f 3125 3126 3124
f 3125 3124 3123
f 3127 3128 3126
f 3127 3126 3125
f 3129 3130 3128
f 3129 3128 3127
f 3131 3132 3130
f 3131 3130 3129
f 3133 3134 3132
f 3133 3132 3131
f 2836 2835 3134
f 2836 3134 3133
f 3135 2692 2691
f 3135 2691 3136
f 3136 2691 2694
f 3136 2694 3137
f 3137 2694 2693
f 3137 2693 3138
f 3138 2693 2696
f 3138 2696 3139
f 3139 2696 2695
f 3139 2695 3140
f 3140 2695 2697
f 3140 2697 3141
f 3141 2697 2698
f 3141 2698 3142
f 3142 2698 2699
f 3142 2699 3143
f 3143 2699 2700
f 3143 2700 3144
f 3144 2700 2701
f 3144 2701 3145
f 3145 2701 2702
f 3145 2702 3146
f 3146 2702 2703
f 3146 2703 3147
f 3147 2703 2704
f 3147 2704 3148
f 3148 2704 2705
f 3148 2705 3149
f 3149 2705 2706
f 3149 2706 3150
f 3150 2706 2707
f 3150 2707 3151
f 3151 2707 2708
f 3151 2708 3152
f 3152 2708 2709
f 3152 2709 3153
f 3153 2709 2710
f 3153 2710 3154
f 3154 2710 2711
f 3154 2711 3155
f 3155 2711 2712
f 3155 2712 3156
f 3156 2712 2713
f 3156 2713 3157
f 3157 2713 2714
f 3157 2714 3158
f 3158 2714 2715
f 3158 2715 3159
f 3159 2715 2716
f 3159 2716 3160
f 3160 2716 2831
f 3160 2831 3161
f 3161 2831 2719
f 3161 2719 3162
f 3162 2719 2718
f 3162 2718 3163
f 3163 2718 2720
f 3163 2720 3164
f 3164 2720 2721
f 3164 2721 3165
f 3165 2721 2722
f 3165 2722 3166
f 3166 2722 2723
f 3166 2723 3167
f 3167 2723 2724
f 3167 2724 3168
f 3168 2724 2725
f 3168 2725 3169
f 3169 2725 2726
f 3169 2726 3170
f 3170 2726 2727
f 3170 2727 3171
f 3171 2727 2728
f 3171 2728 3172
f 3172 2728 2729
f 3172 2729 3173
f 3173 2729 2731
f 3173 2731 3174
f 3174 2731 2730
f 3174 2730 3175
f 3175 2730 2733
f 3175 2733 3176
f 3176 2733 2732
f 3176 2732 3177
f 3177 2732 2734
f 3177 2734 3178
f 3178 2734 2735
f 3178 2735 3179
f 3179 2735 2736
f 3179 2736 3180
f 3180 2736 2737
f 3180 2737 3181
f 3181 2737 2738
f 3181 2738 3182
f 3182 2738 2739
f 3182 2739 3183
f 3183 2739 2740
f 3183 2740 3184
f 3184 2740 2741
f 3184 2741 3185
f 3185 2741 2742
f 3185 2742 3186
f 3186 2742 2743
f 3186 2743 3187
f 3187 2743 2744
f 3187 2744 3188
f 3188 2744 2745
f 3188 2745 3189
f 3189 2745 2746
f 3189 2746 3190
f 3190 2746 2747
f 3190 2747 3191
f 3191 2747 2748
f 3191 2748 3192
f 3192 2748 2749
f 3192 2749 3193
f 3193 2749 2750
f 3193 2750 3194
f 3194 2750 2751
f 3194 2751 3195
f 3195 2751 2832
f 3195 2832 3196
f 3196 2832 2753
f 3196 2753 3197
f 3197 2753 2752
f 3197 2752 3198
f 3198 2752 2670
f 3198 2670 3199
f 3199 2670 2645
f 3199 2645 3200
f 3200 2645 2644
f 3200 2644 3201
f 3201 2644 2756
f 3201 2756 3202
f 3202 2756 2757
f 3202 2757 3203
f 3203 2757 2758
f 3203 2758 3204
f 3204 2758 2811
f 3204 2811 3205
f 3205 2811 2762
f 3205 2762 3206
f 3206 2762 2761
f 3206 2761 3207
f 3207 2761 2763
f 3207 2763 3208
f 3208 2763 2764
f 3208 2764 3209
f 3209 2764 2765
f 3209 2765 3210
f 3210 2765 2766
f 3210 2766 3211
f 3211 2766 2755
f 3211 2755 3212
f 3212 2755 2754
f 3212 2754 3213
f 3213 2754 2760
f 3213 2760 3214
f 3214 2760 2769
f 3214 2769 3215
f 3215 2769 2770
f 3215 2770 3216
f 3216 2770 2771
f 3216 2771 3217
f 3217 2771 2609
f 3217 2609 3218
f 3218 2609 2608
f 3218 2608 3219
f 3219 2608 2635
f 3219 2635 3220
f 3220 2635 2772
f 3220 2772 3221
f 3221 2772 2773
f 3221 2773 3222
f 3222 2773 2774
f 3222 2774 3223
f 3223 2774 2775
f 3223 2775 3224
f 3224 2775 2776
f 3224 2776 3225
f 3225 2776 2777
f 3225 2777 3226
f 3226 2777 2778
f 3226 2778 3227
f 3227 2778 2779
f 3227 2779 3228
f 3228 2779 2780
f 3228 2780 3229
f 3229 2780 2781
f 3229 2781 3230
f 3230 2781 2797
f 3230 2797 3231
f 3231 2797 2785
f 3231 2785 3232
f 3232 2785 2784
f 3232 2784 3233
f 3233 2784 2786
f 3233 2786 3234
f 3234 2786 2787
f 3234 2787 3235
f 3235 2787 2788
f 3235 2788 3236
f 3236 2788 2790
f 3236 2790 3237
f 3237 2790 2789
f 3237 2789 3238
f 3238 2789 2782
f 3238 2782 3239
f 3239 2782 2783
f 3239 2783 3240
f 3240 2783 2792
f 3240 2792 3241
f 3241 2792 2791
f 3241 2791 3242
f 3242 2791 2793
f 3242 2793 3243
f 3243 2793 2794
f 3243 2794 3244
f 3244 2794 2795
f 3244 2795 3245
f 3245 2795 2796
f 3245 2796 3246
f 3246 2796 2717
f 3246 2717 3247
f 3247 2717 2655
f 3247 2655 3248
f 3248 2655 2561
f 3248 2561 3249
f 3249 2561 2560
f 3249 2560 3250
f 3250 2560 2598
f 3250 2598 3251
f 3251 2598 2798
f 3251 2798 3252
f 3252 2798 2799
f 3252 2799 3253
f 3253 2799 2800
f 3253 2800 3254
f 3254 2800 2801
f 3254 2801 3255
f 3255 2801 2802
f 3255 2802 3256
f 3256 2802 2803
f 3256 2803 3257
f 3257 2803 2804
f 3257 2804 3258
f 3258 2804 2805
f 3258 2805 3259
f 3259 2805 2806
f 3259 2806 3260
f 3260 2806 2807
f 3260 2807 3261
f 3261 2807 2808
f 3261 2808 3262
f 3262 2808 2809
f 3262 2809 3263
f 3263 2809 2810
f 3263 2810 3264
f 3264 2810 2767
f 3264 2767 3265
f 3265 2767 2768
f 3265 2768 3266
f 3266 2768 2813
f 3266 2813 3267
f 3267 2813 2812
f 3267 2812 3268
f 3268 2812 2814
f 3268 2814 3269
f 3269 2814 2815
f 3269 2815 3270
f 3270 2815 2816
f 3270 2816 3271
f 3271 2816 2817
f 3271 2817 3272
f 3272 2817 2818
f 3272 2818 3273
f 3273 2818 2819
f 3273 2819 3274
f 3274 2819 2820
f 3274 2820 3275
f 3275 2820 2821
f 3275 2821 3276
f 3276 2821 2822
f 3276 2822 3277
f 3277 2822 2823
f 3277 2823 3278
f 3278 2823 2824
f 3278 2824 3279
f 3279 2824 2825
f 3279 2825 3280
f 3280 2825 2826
f 3280 2826 3281
f 3281 2826 2827
f 3281 2827 3282
f 3282 2827 2828
f 3282 2828 3283
f 3283 2828 2829
f 3283 2829 3284
f 3284 2829 2830
f 3284 2830 3285
f 3285 2830 2692
f 3285 2692 3135
f 2833 2836 3286
f 2833 3286 3287
f 3287 3286 3288
f 3287 3288 3289
f 3289 3288 3290
f 3289 3290 3291
f 3291 3290 3292
f 3291 3292 3293
f 3293 3292 3294
f 3293 3294 3295
f 3295 3294 3296
f 3295 3296 3297
f 3297 3296 3298
f 3297 3298 3299
f 3299 3298 3300
f 3299 3300 3301
f 3301 3300 3302
f 3301 3302 3303
f 3303 3302 3304
f 3303 3304 3305
f 3305 3304 3306
f 3305 3306 3307
f 3307 3306 3308
f 3307 3308 3309
f 3309 3308 3310
f 3309 3310 3311
f 3311 3310 3312
f 3311 3312 3313
f 3313 3312 3314
f 3313 3314 3315
f 3315 3314 3316
f 3315 3316 3317
f 3317 3316 3318
f 3317 3318 3319
f 3319 3318 3320
f 3319 3320 3321
f 3321 3320 3322
f 3321 3322 3323
f 3323 3322 3324
f 3323 3324 3325
f 3325 3324 3326
f 3325 3326 3327
f 3327 3326 3328
f 3327 3328 3329
f 3329 3328 3330
f 3329 3330 3331
f 3331 3330 3332
f 3331 3332 3333
f 3333 3332 3334
f 3333 3334 3335
f 3335 3334 3336
f 3335 3336 3337
f 3337 3336 3338
f 3337 3338 3339
f 3339 3338 3340
f 3339 3340 3341
f 3341 3340 3342
f 3341 3342 3343
f 3343 3342 3344
f 3343 3344 3345
f 3345 3344 3346
f 3345 3346 3347
f 3347 3346 3348
f 3347 3348 3349
f 3349 3348 3350
f 3349 3350 3351
f 3351 3350 3352
f 3351 3352 3353
f 3353 3352 3354
f 3353 3354 3355
f 3355 3354 3356
f 3355 3356 3357
f 3357 3356 3358
f 3357 3358 3359
f 3359 3358 3360
f 3359 3360 3361
f 3361 3360 3362
f 3361 3362 3363
f 3363 3362 3364
f 3363 3364 3365
f 3365 3364 3366
f 3365 3366 3367
f 3367 3366 3368
f 3367 3368 3369
f 3369 3368 3370
f 3369 3370 3371
f 3371 3370 3372
f 3371 3372 3373
f 3373 3372 3374
f 3373 3374 3375
f 3375 3374 3376
f 3375 3376 3377
f 3377 3376 3378
f 3377 3378 3379
f 3379 3378 3135
f 3379 3135 3136
f 3380 3286 2836
f 3380 2836 3133
f 3381 3288 3286
f 3381 3286 3380
f 3382 3290 3288
f 3382 3288 3381
f 3383 3292 3290
f 3383 3290 3382
f 3384 3294 3292
f 3384 3292 3383
f 3385 3296 3294
f 3385 3294 3384
f 3386 3298 3296
f 3386 3296 3385
f 3387 3300 3298
f 3387 3298 3386
f 3388 3302 3300
f 3388 3300 3387
f 3389 3304 3302
f 3389 3302 3388
f 3390 3306 3304
f 3390 3304 3389
f 3391 3308 3306
f 3391 3306 3390
f 3392 3310 3308
f 3392 3308 3391
f 3393 3312 3310
f 3393 3310 3392
f 3394 3314 3312
f 3394 3312 3393
f 3395 3316 3314
f 3395 3314 3394
f 3396 3318 3316
f 3396 3316 3395
f 3397 3320 3318
f 3397 3318 3396
f 3398 3322 3320
f 3398 3320 3397
f 3399 3324 3322
f 3399 3322 3398
f 3400 3326 3324
f 3400 3324 3399
f 3401 3328 3326
f 3401 3326 3400
f 3402 3330 3328
f 3402 3328 3401
f 3403 3332 3330
f 3403 3330 3402
f 3404 3334 3332
f 3404 3332 3403
f 3405 3336 3334
f 3405 3334 3404
f 3406 3338 3336
f 3406 3336 3405
f 3407 3340 3338
f 3407 3338 3406
f 3408 3342 3340
f 3408 3340 3407
f 3409 3344 3342
f 3409 3342 3408
f 3410 3346 3344
f 3410 3344 3409
f 3411 3348 3346
f 3411 3346 3410
f 3412 3350 3348
f 3412 3348 3411
f 3413 3352 3350
f 3413 3350 3412
f 3414 3354 3352
f 3414 3352 3413
f 3415 3356 3354
f 3415 3354 3414
f 3416 3358 3356
f 3416 3356 3415
f 3417 3360 3358
f 3417 3358 3416
f 3418 3362 3360
f 3418 3360 3417
f 3419 3364 3362
f 3419 3362 3418
f 3420 3366 3364
f 3420 3364 3419
f 3421 3368 3366
f 3421 3366 3420
f 3422 3370 3368
f 3422 3368 3421
f 3423 3372 3370
f 3423 3370 3422
f 3424 3374 3372
f 3424 3372 3423
f 3425 3376 3374
f 3425 3374 3424
f 3426 3378 3376
f 3426 3376 3425
f 3285 3135 3378
f 3285 3378 3426
f 3427 2837 2833
f 3427 2833 3287
f 3428 2839 2837
f 3428 2837 3427
f 3429 2841 2839
f 3429 2839 3428
f 3430 2843 2841
f 3430 2841 3429
f 3431 2845 2843
f 3431 2843 3430
f 3432 2847 2845
f 3432 2845 3431
f 3433 2849 2847
f 3433 2847 3432
f 3434 2851 2849
f 3434 2849 3433
f 3435 2853 2851
f 3435 2851 3434
f 3436 2855 2853
f 3436 2853 3435
f 3437 2857 2855
f 3437 2855 3436
f 3438 2859 2857
f 3438 2857 3437
f 3439 2861 2859
f 3439 2859 3438
f 3440 2863 2861
f 3440 2861 3439
f 3441 2865 2863
f 3441 2863 3440
f 3442 2867 2865
f 3442 2865 3441
f 3443 2869 2867
f 3443 2867 3442
f 3444 2871 2869
f 3444 2869 3443
f 3445 2873 2871
f 3445 2871 3444
f 3446 2875 2873
f 3446 2873 3445
f 3447 2877 2875
f 3447 2875 3446
f 3448 2879 2877
f 3448 2877 3447
f 3449 2881 2879
f 3449 2879 3448
f 3450 2883 2881
f 3450 2881 3449
f 3451 2885 2883
f 3451 2883 3450
f 3452 2887 2885
f 3452 2885 3451
f 3453 2889 2887
f 3453 2887 3452
f 3454 2891 2889
f 3454 2889 3453
f 3455 2893 2891
f 3455 2891 3454
f 3456 2895 2893
f 3456 2893 3455
f 3457 2897 2895
f 3457 2895 3456
f 3458 2899 2897
f 3458 2897 3457
f 3459 2901 2899
f 3459 2899 3458
f 3460 2903 2901
f 3460 2901 3459
f 3461 2905 2903
f 3461 2903 3460
f 3462 2907 2905
f 3462 2905 3461
f 3463 2909 2907
f 3463 2907 3462
f 3464 2911 2909
f 3464 2909 3463
f 3465 2913 2911
f 3465 2911 3464
f 3466 2915 2913
f 3466 2913 3465
f 3467 2917 2915
f 3467 2915 3466
f 3468 2919 2917
f 3468 2917 3467
f 3469 2921 2919
f 3469 2919 3468
f 3470 2923 2921
f 3470 2921 3469
f 3471 2925 2923
f 3471 2923 3470
f 3472 2927 2925
f 3472 2925 3471
f 3473 2929 2927
f 3473 2927 3472
f 3474 2931 2929
f 3474 2929 3473
f 3475 2933 2931
f 3475 2931 3474
f 3476 2935 2933
f 3476 2933 3475
f 3477 2937 2935
f 3477 2935 3476
f 3478 2939 2937
f 3478 2937 3477
f 3479 2941 2939
f 3479 2939 3478
f 3480 2943 2941
f 3480 2941 3479
f 3481 2945 2943
f 3481 2943 3480
f 3482 2947 2945
f 3482 2945 3481
f 3483 2949 2947
f 3483 2947 3482
f 3484 2951 2949
f 3484 2949 3483
f 3485 2953 2951
f 3485 2951 3484
f 3486 2955 2953
f 3486 2953 3485
f 3487 2957 2955
f 3487 2955 3486
f 3488 2959 2957
f 3488 2957 3487
f 3489 2961 2959
f 3489 2959 3488
f 3490 2963 2961
f 3490 2961 3489
f 3491 2965 2963
f 3491 2963 3490
f 3492 2967 2965
f 3492 2965 3491
f 3493 2969 2967
f 3493 2967 3492
f 3494 2971 2969
f 3494 2969 3493
f 3495 2973 2971
f 3495 2971 3494
f 3496 2975 2973
f 3496 2973 3495
f 3497 2977 2975
f 3497 2975 3496
f 3498 2979 2977
f 3498 2977 3497
f 3499 2981 2979
f 3499 2979 3498
f 3500 2983 2981
f 3500 2981 3499
f 3501 2985 2983
f 3501 2983 3500
f 3502 2987 2985
f 3502 2985 3501
f 3503 2989 2987
f 3503 2987 3502
f 3504 2991 2989
f 3504 2989 3503
f 3505 2993 2991
f 3505 2991 3504
f 3506 2995 2993
f 3506 2993 3505
f 3507 2997 2995
f 3507 2995 3506
f 3508 2999 2997
f 3508 2997 3507
f 3509 3001 2999
f 3509 2999 3508
f 3510 3003 3001
f 3510 3001 3509
f 3511 3005 3003
f 3511 3003 3510
f 3512 3007 3005
f 3512 3005 3511
f 3513 3009 3007
f 3513 3007 3512
f 3514 3011 3009
f 3514 3009 3513
f 3515 3013 3011
f 3515 3011 3514
f 3516 3015 3013
f 3516 3013 3515
f 3517 3017 3015
f 3517 3015 3516
f 3518 3019 3017
f 3518 3017 3517
f 3519 3021 3019
f 3519 3019 3518
f 3520 3023 3021
f 3520 3021 3519
f 3521 3025 3023
f 3521 3023 3520
f 3522 3027 3025
f 3522 3025 3521
f 3523 3029 3027
f 3523 3027 3522
f 3524 3031 3029
f 3524 3029 3523
f 3525 3033 3031
f 3525 3031 3524
f 3526 3035 3033
f 3526 3033 3525
f 3527 3037 3035
f 3527 3035 3526
f 3528 3039 3037
f 3528 3037 3527
f 3529 3041 3039
f 3529 3039 3528
f 3530 3043 3041
f 3530 3041 3529
f 3531 3045 3043
f 3531 3043 3530
f 3532 3047 3045
f 3532 3045 3531
f 3533 3049 3047
f 3533 3047 3532
f 3534 3051 3049
f 3534 3049 3533
f 3535 3053 3051
f 3535 3051 3534
f 3536 3055 3053
f 3536 3053 3535
f 3537 3057 3055
f 3537 3055 3536
f 3538 3059 3057
f 3538 3057 3537
f 3539 3061 3059
f 3539 3059 3538
f 3540 3063 3061
f 3540 3061 3539
f 3541 3065 3063
f 3541 3063 3540
f 3542 3067 3065
f 3542 3065 3541
f 3543 3069 3067
f 3543 3067 3542
f 3544 3071 3069
f 3544 3069 3543
f 3545 3073 3071
f 3545 3071 3544
f 3546 3075 3073
f 3546 3073 3545
f 3547 3077 3075
f 3547 3075 3546
f 3548 3079 3077
f 3548 3077 3547
f 3549 3081 3079
f 3549 3079 3548
f 3550 3083 3081
f 3550 3081 3549
f 3551 3085 3083
f 3551 3083 3550
f 3552 3087 3085
f 3552 3085 3551
f 3553 3089 3087
f 3553 3087 3552
f 3554 3091 3089
f 3554 3089 3553
f 3555 3093 3091
f 3555 3091 3554
f 3556 3095 3093
f 3556 3093 3555
f 3557 3097 3095
f 3557 3095 3556
f 3558 3099 3097
f 3558 3097 3557
f 3559 3101 3099
f 3559 3099 3558
f 3560 3103 3101
f 3560 3101 3559
f 3561 3105 3103
f 3561 3103 3560
f 3562 3107 3105
f 3562 3105 3561
f 3563 3109 3107
f 3563 3107 3562
f 3564 3111 3109
f 3564 3109 3563
f 3565 3113 3111
f 3565 3111 3564
f 3566 3115 3113
f 3566 3113 3565
f 3567 3117 3115
f 3567 3115 3566
f 3568 3119 3117
f 3568 3117 3567
f 3569 3121 3119
f 3569 3119 3568
f 3570 3123 3121
f 3570 3121 3569
f 3571 3125 3123
f 3571 3123 3570
f 3572 3127 3125
f 3572 3125 3571
f 3573 3129 3127
f 3573 3127 3572
f 3574 3131 3129
f 3574 3129 3573
f 3380 3133 3131
f 3380 3131 3574
f 3575 3138 3139
f 3575 3139 3576
f 3576 3139 3140
f 3576 3140 3577
f 3577 3140 3141
f 3577 3141 3578
f 3578 3141 3142
f 3578 3142 3579
f 3579 3142 3143
f 3579 3143 3580
f 3580 3143 3144
f 3580 3144 3581
f 3581 3144 3145
f 3581 3145 3582
f 3582 3145 3146
f 3582 3146 3583
f 3583 3146 3147
f 3583 3147 3584
f 3584 3147 3148
f 3584 3148 3585
f 3585 3148 3149
f 3585 3149 3586
f 3586 3149 3150
f 3586 3150 3587
f 3587 3150 3151
f 3587 3151 3588
f 3588 3151 3152
f 3588 3152 3589
f 3589 3152 3153
f 3589 3153 3590
f 3590 3153 3154
f 3590 3154 3591
f 3591 3154 3155
f 3591 3155 3592
f 3592 3155 3156
f 3592 3156 3593
f 3593 3156 3157
f 3593 3157 3594
f 3594 3157 3158
f 3594 3158 3595
f 3595 3158 3159
f 3595 3159 3596
f 3596 3159 3160
f 3596 3160 3597
f 3597 3160 3161
f 3597 3161 3598
f 3598 3161 3162
f 3598 3162 3599
f 3599 3162 3163
f 3599 3163 3600
f 3600 3163 3164
f 3600 3164 3601
f 3601 3164 3165
f 3601 3165 3602
f 3602 3165 3166
f 3602 3166 3603
f 3603 3166 3167
f 3603 3167 3604
f 3604 3167 3168
f 3604 3168 3605
f 3605 3168 3169
f 3605 3169 3606
f 3606 3169 3170
f 3606 3170 3607
f 3607 3170 3171
f 3607 3171 3608
f 3608 3171 3172
f 3608 3172 3609
f 3609 3172 3173
f 3609 3173 3610
f 3610 3173 3174
f 3610 3174 3611
f 3611 3174 3175
f 3611 3175 3612
f 3612 3175 3176
f 3612 3176 3613
f 3613 3176 3177
f 3613 3177 3614
f 3614 3177 3178
f 3614 3178 3615
f 3615 3178 3179
f 3615 3179 3616
f 3616 3179 3180
f 3616 3180 3617
f 3617 3180 3181
f 3617 3181 3618
f 3618 3181 3182
f 3618 3182 3619
f 3619 3182 3183
f 3619 3183 3620
f 3620 3183 3184
f 3620 3184 3621
f 3621 3184 3185
f 3621 3185 3622
f 3622 3185 3186
f 3622 3186 3623
f 3623 3186 3187
f 3623 3187 3624
f 3624 3187 3188
f 3624 3188 3625
f 3625 3188 3189
f 3625 3189 3626
f 3626 3189 3190
f 3626 3190 3627
f 3627 3190 3191
f 3627 3191 3628
f 3628 3191 3192
f 3628 3192 3629
f 3629 3192 3193
f 3629 3193 3630
f 3630 3193 3194
f 3630 3194 3631
f 3631 3194 3195
f 3631 3195 3632
f 3632 3195 3196
f 3632 3196 3633
f 3633 3196 3197
f 3633 3197 3634
f 3634 3197 3198
f 3634 3198 3635
f 3635 3198 3199
f 3635 3199 3636
f 3636 3199 3200
f 3636 3200 3637
f 3637 3200 3201
f 3637 3201 3638
f 3638 3201 3202
f 3638 3202 3639
f 3639 3202 3203
f 3639 3203 3640
f 3640 3203 3204
f 3640 3204 3641
f 3641 3204 3205
f 3641 3205 3642
f 3642 3205 3206
f 3642 3206 3643
f 3643 3206 3207
f 3643 3207 3644
f 3644 3207 3208
f 3644 3208 3645
f 3645 3208 3209
f 3645 3209 3646
f 3646 3209 3210
f 3646 3210 3647
f 3647 3210 3211
f 3647 3211 3648
f 3648 3211 3212
f 3648 3212 3649
f 3649 3212 3213
f 3649 3213 3650
f 3650 3213 3214
f 3650 3214 3651
f 3651 3214 3215
f 3651 3215 3652
f 3652 3215 3216
f 3652 3216 3653
f 3653 3216 3217
f 3653 3217 3654
f 3654 3217 3218
f 3654 3218 3655
f 3655 3218 3219
f 3655 3219 3656
f 3656 3219 3220
f 3656 3220 3657
f 3657 3220 3221
f 3657 3221 3658
f 3658 3221 3222
f 3658 3222 3659
f 3659 3222 3223
f 3659 3223 3660
f 3660 3223 3224
f 3660 3224 3661
f 3661 3224 3225
f 3661 3225 3662
f 3662 3225 3226
f 3662 3226 3663
f 3663 3226 3227
f 3663 3227 3664
f 3664 3227 3228
f 3664 3228 3665
f 3665 3228 3229
f 3665 3229 3666
f 3666 3229 3230
f 3666 3230 3667
f 3667 3230 3231
f 3667 3231 3668
f 3668 3231 3232
f 3668 3232 3669
f 3669 3232 3233
f 3669 3233 3670
f 3670 3233 3234
f 3670 3234 3671
f 3671 3234 3235
f 3671 3235 3672
f 3672 3235 3236
f 3672 3236 3673
f 3673 3236 3237
f 3673 3237 3674
f 3674 3237 3238
f 3674 3238 3675
f 3675 3238 3239
f 3675 3239 3676
f 3676 3239 3240
f 3676 3240 3677
f 3677 3240 3241
f 3677 3241 3678
f 3678 3241 3242
f 3678 3242 3679
f 3679 3242 3243
f 3679 3243 3680
f 3680 3243 3244
f 3680 3244 3681
f 3681 3244 3245
f 3681 3245 3682
f 3682 3245 3246
f 3682 3246 3683
f 3683 3246 3247
f 3683 3247 3684
f 3684 3247 3248
f 3684 3248 3685
f 3685 3248 3249
f 3685 3249 3686
f 3686 3249 3250
f 3686 3250 3687
f 3687 3250 3251
f 3687 3251 3688
f 3688 3251 3252
f 3688 3252 3689
f 3689 3252 3253
f 3689 3253 3690
f 3690 3253 3254
f 3690 3254 3691
f 3691 3254 3255
f 3691 3255 3692
f 3692 3255 3256
f 3692 3256 3693
f 3693 3256 3257
f 3693 3257 3694
f 3694 3257 3258
f 3694 3258 3695
f 3695 3258 3259
f 3695 3259 3696
f 3696 3259 3260
f 3696 3260 3697
f 3697 3260 3261
f 3697 3261 3698
f 3698 3261 3262
f 3698 3262 3699
f 3699 3262 3263
f 3699 3263 3700
f 3700 3263 3264
f 3700 3264 3701
f 3701 3264 3265
f 3701 3265 3702
f 3702 3265 3266
f 3702 3266 3703
f 3703 3266 3267
f 3703 3267 3704
f 3704 3267 3268
f 3704 3268 3705
f 3705 3268 3269
f 3705 3269 3706
f 3706 3269 3270
f 3706 3270 3707
f 3707 3270 3271
f 3707 3271 3708
f 3708 3271 3272
f 3708 3272 3709
f 3709 3272 3273
f 3709 3273 3710
f 3710 3273 3274
f 3710 3274 3711
f 3711 3274 3275
f 3711 3275 3712
f 3712 3275 3276
f 3712 3276 3713
f 3713 3276 3277
f 3713 3277 3714
f 3714 3277 3278
f 3714 3278 3715
f 3715 3278 3279
f 3715 3279 3716
f 3716 3279 3280
f 3716 3280 3717
f 3717 3280 3281
f 3717 3281 3718
f 3718 3281 3282
f 3718 3282 3719
f 3719 3282 3283
f 3719 3283 3720
f 3720 3283 3284
f 3720 3284 3721
f 3721 3284 3285
f 3721 3285 3426
f 3722 3137 3138
f 3722 3138 3575
f 3723 3291 3293
f 3723 3293 3724
f 3724 3293 3295
f 3724 3295 3725
f 3725 3295 3297
f 3725 3297 3726
f 3726 3297 3299
f 3726 3299 3727
f 3727 3299 3301
f 3727 3301 3728
f 3728 3301 3303
f 3728 3303 3729
f 3729 3303 3305
f 3729 3305 3730
f 3730 3305 3307
f 3730 3307 3731
f 3731 3307 3309
f 3731 3309 3732
f 3732 3309 3311
f 3732 3311 3733
f 3733 3311 3313
f 3733 3313 3734
f 3734 3313 3315
f 3734 3315 3735
f 3735 3315 3317
f 3735 3317 3736
f 3736 3317 3319
f 3736 3319 3737
f 3737 3319 3321
f 3737 3321 3738
f 3738 3321 3323
f 3738 3323 3739
f 3739 3323 3325
f 3739 3325 3740
f 3740 3325 3327
f 3740 3327 3741
f 3741 3327 3329
f 3741 3329 3742
f 3742 3329 3331
f 3742 3331 3743
f 3743 3331 3333
f 3743 3333 3744
f 3744 3333 3335
f 3744 3335 3745
f 3745 3335 3337
f 3745 3337 3746
f 3746 3337 3339
f 3746 3339 3747
f 3747 3339 3341
f 3747 3341 3748
f 3748 3341 3343
f 3748 3343 3749
f 3749 3343 3345
f 3749 3345 3750
f 3750 3345 3347
f 3750 3347 3751
f 3751 3347 3349
f 3751 3349 3752
f 3752 3349 3351
f 3752 3351 3753
f 3753 3351 3353
f 3753 3353 3754
f 3754 3353 3355
f 3754 3355 3755
f 3755 3355 3357
f 3755 3357 3756
f 3756 3357 3359
f 3756 3359 3757
f 3757 3359 3361
f 3757 3361 3758
f 3758 3361 3363
f 3758 3363 3759
f 3759 3363 3365
f 3759 3365 3760
f 3760 3365 3367
f 3760 3367 3761
f 3761 3367 3369
f 3761 3369 3762
f 3762 3369 3371
f 3762 3371 3763
f 3763 3371 3373
f 3763 3373 3764
f 3764 3373 3375
f 3764 3375 3765
f 3765 3375 3377
f 3765 3377 3766
f 3766 3377 3379
f 3766 3379 3722
f 3722 3379 3136
f 3722 3136 3137
f 3767 3381 3380
f 3767 3380 3574
f 3768 3382 3381
f 3768 3381 3767
f 3769 3383 3382
f 3769 3382 3768
f 3770 3384 3383
f 3770 3383 3769
f 3771 3385 3384
f 3771 3384 3770
f 3772 3386 3385
f 3772 3385 3771
f 3773 3387 3386
f 3773 3386 3772
f 3774 3388 3387
f 3774 3387 3773
f 3775 3389 3388
f 3775 3388 3774
f 3776 3390 3389
f 3776 3389 3775
f 3777 3391 3390
f 3777 3390 3776
f 3778 3392 3391
f 3778 3391 3777
f 3779 3393 3392
f 3779 3392 3778
f 3780 3394 3393
f 3780 3393 3779
f 3781 3395 3394
f 3781 3394 3780
f 3782 3396 3395
f 3782 3395 3781
f 3783 3397 3396
f 3783 3396 3782
f 3784 3398 3397
f 3784 3397 3783
f 3785 3399 3398
f 3785 3398 3784
f 3786 3400 3399
f 3786 3399 3785
f 3787 3401 3400
f 3787 3400 3786
f 3788 3402 3401
f 3788 3401 3787
f 3789 3403 3402
f 3789 3402 3788
f 3790 3404 3403
f 3790 3403 3789
f 3791 3405 3404
f 3791 3404 3790
f 3792 3406 3405
f 3792 3405 3791
f 3793 3407 3406
f 3793 3406 3792
f 3794 3408 3407
f 3794 3407 3793
f 3795 3409 3408
f 3795 3408 3794
f 3796 3410 3409
f 3796 3409 3795
f 3797 3411 3410
f 3797 3410 3796
f 3798 3412 3411
f 3798 3411 3797
f 3799 3413 3412
f 3799 3412 3798
f 3800 3414 3413
f 3800 3413 3799
f 3801 3415 3414
f 3801 3414 3800
f 3802 3416 3415
f 3802 3415 3801
f 3803 3417 3416
f 3803 3416 3802
f 3804 3418 3417
f 3804 3417 3803
f 3805 3419 3418
f 3805 3418 3804
f 3806 3420 3419
f 3806 3419 3805
f 3807 3421 3420
f 3807 3420 3806
f 3808 3422 3421
f 3808 3421 3807
f 3809 3423 3422
f 3809 3422 3808
f 3810 3424 3423
f 3810 3423 3809
f 3811 3425 3424
f 3811 3424 3810
f 3721 3426 3425
f 3721 3425 3811
f 3812 3289 3291
f 3812 3291 3723
f 3427 3287 3289
f 3427 3289 3812
f 3813 3428 3427
f 3813 3427 3812
f 3814 3429 3428
f 3814 3428 3813
f 3815 3430 3429
f 3815 3429 3814
f 3816 3431 3430
f 3816 3430 3815
f 3817 3432 3431
f 3817 3431 3816
f 3818 3433 3432
f 3818 3432 3817
f 3819 3434 3433
f 3819 3433 3818
f 3820 3435 3434
f 3820 3434 3819
f 3821 3436 3435
f 3821 3435 3820
f 3822 3437 3436
f 3822 3436 3821
f 3823 3438 3437
f 3823 3437 3822
f 3824 3439 3438
f 3824 3438 3823
f 3825 3440 3439
f 3825 3439 3824
f 3826 3441 3440
f 3826 3440 3825
f 3827 3442 3441
f 3827 3441 3826
f 3828 3443 3442
f 3828 3442 3827
f 3829 3444 3443
f 3829 3443 3828
f 3830 3445 3444
f 3830 3444 3829
f 3831 3446 3445
f 3831 3445 3830
f 3832 3447 3446
f 3832 3446 3831
f 3833 3448 3447
f 3833 3447 3832
f 3834 3449 3448
f 3834 3448 3833
f 3835 3450 3449
f 3835 3449 3834
f 3836 3451 3450
f 3836 3450 3835
f 3837 3452 3451
f 3837 3451 3836
f 3838 3453 3452
f 3838 3452 3837
f 3839 3454 3453
f 3839 3453 3838
f 3840 3455 3454
f 3840 3454 3839
f 3841 3456 3455
f 3841 3455 3840
f 3842 3457 3456
f 3842 3456 3841
f 3843 3458 3457
f 3843 3457 3842
f 3844 3459 3458
f 3844 3458 3843
f 3845 3460 3459
f 3845 3459 3844
f 3846 3461 3460
f 3846 3460 3845
f 3847 3462 3461
f 3847 3461 3846
f 3848 3463 3462
f 3848 3462 3847
f 3849 3464 3463
f 3849 3463 3848
f 3850 3465 3464
f 3850 3464 3849
f 3851 3466 3465
f 3851 3465 3850
f 3852 3467 3466
f 3852 3466 3851
f 3853 3468 3467
f 3853 3467 3852
f 3854 3469 3468
f 3854 3468 3853
f 3855 3470 3469
f 3855 3469 3854
f 3856 3471 3470
f 3856 3470 3855
f 3857 3472 3471
f 3857 3471 3856
f 3858 3473 3472
f 3858 3472 3857
f 3859 3474 3473
f 3859 3473 3858
f 3860 3475 3474
f 3860 3474 3859
f 3861 3476 3475
f 3861 3475 3860
f 3862 3477 3476
f 3862 3476 3861
f 3863 3478 3477
f 3863 3477 3862
f 3864 3479 3478
f 3864 3478 3863
f 3865 3480 3479
f 3865 3479 3864
f 3866 3481 3480
f 3866 3480 3865
f 3867 3482 3481
f 3867 3481 3866
f 3868 3483 3482
f 3868 3482 3867
f 3869 3484 3483
f 3869 3483 3868
f 3870 3485 3484
f 3870 3484 3869
f 3871 3486 3485
f 3871 3485 3870
f 3872 3487 3486
f 3872 3486 3871
f 3873 3488 3487
f 3873 3487 3872
f 3874 3489 3488
f 3874 3488 3873
f 3875 3490 3489
f 3875 3489 3874
f 3876 3491 3490
f 3876 3490 3875
f 3877 3492 3491
f 3877 3491 3876
f 3878 3493 3492
f 3878 3492 3877
f 3879 3494 3493
f 3879 3493 3878
f 3880 3495 3494
f 3880 3494 3879
f 3881 3496 3495
f 3881 3495 3880
f 3882 3497 3496
f 3882 3496 3881
f 3883 3498 3497
f 3883 3497 3882
f 3884 3499 3498
f 3884 3498 3883
f 3885 3500 3499
f 3885 3499 3884
f 3886 3501 3500
f 3886 3500 3885
f 3887 3502 3501
f 3887 3501 3886
f 3888 3503 3502
f 3888 3502 3887
f 3889 3504 3503
f 3889 3503 3888
f 3890 3505 3504
f 3890 3504 3889
f 3891 3506 3505
f 3891 3505 3890
f 3892 3507 3506
f 3892 3506 3891
f 3893 3508 3507
f 3893 3507 3892
f 3894 3509 3508
f 3894 3508 3893
f 3895 3510 3509
f 3895 3509 3894
f 3896 3511 3510
f 3896 3510 3895
f 3897 3512 3511
f 3897 3511 3896
f 3898 3513 3512
f 3898 3512 3897
f 3899 3514 3513
f 3899 3513 3898
f 3900 3515 3514
f 3900 3514 3899
f 3901 3516 3515
f 3901 3515 3900
f 3902 3517 3516
f 3902 3516 3901
f 3903 3518 3517
f 3903 3517 3902
f 3904 3519 3518
f 3904 3518 3903
f 3905 3520 3519
f 3905 3519 3904
f 3906 3521 3520
f 3906 3520 3905
f 3907 3522 3521
f 3907 3521 3906
f 3908 3523 3522
f 3908 3522 3907
f 3909 3524 3523
f 3909 3523 3908
f 3910 3525 3524
f 3910 3524 3909
f 3911 3526 3525
f 3911 3525 3910
f 3912 3527 3526
f 3912 3526 3911
f 3913 3528 3527
f 3913 3527 3912
f 3914 3529 3528
f 3914 3528 3913
f 3915 3530 3529
f 3915 3529 3914
f 3916 3531 3530
f 3916 3530 3915
f 3917 3532 3531
f 3917 3531 3916
f 3918 3533 3532
f 3918 3532 3917
f 3919 3534 3533
f 3919 3533 3918
f 3920 3535 3534
f 3920 3534 3919
f 3921 3536 3535
f 3921 3535 3920
f 3922 3537 3536
f 3922 3536 3921
f 3923 3538 3537
f 3923 3537 3922
f 3924 3539 3538
f 3924 3538 3923
f 3925 3540 3539
f 3925 3539 3924
f 3926 3541 3540
f 3926 3540 3925
f 3927 3542 3541
f 3927 3541 3926
f 3928 3543 3542
f 3928 3542 3927
f 3929 3544 3543
f 3929 3543 3928
f 3930 3545 3544
f 3930 3544 3929
f 3931 3546 3545
f 3931 3545 3930
f 3932 3547 3546
f 3932 3546 3931
f 3933 3548 3547
f 3933 3547 3932
f 3934 3549 3548
f 3934 3548 3933
f 3935 3550 3549
f 3935 3549 3934
f 3936 3551 3550
f 3936 3550 3935
f 3937 3552 3551
f 3937 3551 3936
f 3938 3553 3552
f 3938 3552 3937
f 3939 3554 3553
f 3939 3553 3938
f 3940 3555 3554
f 3940 3554 3939
f 3941 3556 3555
f 3941 3555 3940
f 3942 3557 3556
f 3942 3556 3941
f 3943 3558 3557
f 3943 3557 3942
f 3944 3559 3558
f 3944 3558 3943
f 3945 3560 3559
f 3945 3559 3944
f 3946 3561 3560
f 3946 3560 3945
f 3947 3562 3561
f 3947 3561 3946
f 3948 3563 3562
f 3948 3562 3947
f 3949 3564 3563
f 3949 3563 3948
f 3950 3565 3564
f 3950 3564 3949
f 3951 3566 3565
f 3951 3565 3950
f 3952 3567 3566
f 3952 3566 3951
f 3953 3568 3567
f 3953 3567 3952
f 3954 3569 3568
f 3954 3568 3953
f 3955 3570 3569
f 3955 3569 3954
f 3956 3571 3570
f 3956 3570 3955
f 3957 3572 3571
f 3957 3571 3956
f 3958 3573 3572
f 3958 3572 3957
f 3767 3574 3573
f 3767 3573 3958
f 3959 3578 3579
f 3959 3579 3960
f 3961 3725 3726
f 3961 3726 3962
f 3963 3576 3577
f 3963 3577 3964
f 3960 3579 3580
f 3960 3580 3965
f 3965 3580 3581
f 3965 3581 3966
f 3966 3581 3582
f 3966 3582 3967
f 3967 3582 3583
f 3967 3583 3968
f 3968 3583 3584
f 3968 3584 3969
f 3969 3584 3585
f 3969 3585 3970
f 3970 3585 3586
f 3970 3586 3971
f 3971 3586 3587
f 3971 3587 3972
f 3972 3587 3588
f 3972 3588 3973
f 3973 3588 3589
f 3973 3589 3974
f 3974 3589 3590
f 3974 3590 3975
f 3975 3590 3591
f 3975 3591 3976
f 3976 3591 3592
f 3976 3592 3977
f 3977 3592 3593
f 3977 3593 3978
f 3978 3593 3594
f 3978 3594 3979
f 3979 3594 3595
f 3979 3595 3980
f 3980 3595 3596
f 3980 3596 3981
f 3981 3596 3597
f 3981 3597 3982
f 3982 3597 3598
f 3982 3598 3983
f 3983 3598 3599
f 3983 3599 3984
f 3984 3599 3600
f 3984 3600 3985
f 3985 3600 3601
f 3985 3601 3986
f 3986 3601 3602
f 3986 3602 3987
f 3987 3602 3603
f 3987 3603 3988
f 3988 3603 3604
f 3988 3604 3989
f 3989 3604 3605
f 3989 3605 3990
f 3990 3605 3606
f 3990 3606 3991
f 3991 3606 3607
f 3991 3607 3992
f 3992 3607 3608
f 3992 3608 3993
f 3993 3608 3609
f 3993 3609 3994
f 3994 3609 3610
f 3994 3610 3995
f 3995 3610 3611
f 3995 3611 3996
f 3996 3611 3612
f 3996 3612 3997
f 3997 3612 3613
f 3997 3613 3998
f 3998 3613 3614
f 3998 3614 3999
f 3999 3614 3615
f 3999 3615 4000
f 4000 3615 3616
f 4000 3616 4001
f 4001 3616 3617
f 4001 3617 4002
f 4002 3617 3618
f 4002 3618 4003
f 4003 3618 3619
f 4003 3619 4004
f 4004 3619 3620
f 4004 3620 4005
f 4005 3620 3621
f 4005 3621 4006
f 4006 3621 3622
f 4006 3622 4007
f 4007 3622 3623
f 4007 3623 4008
f 4008 3623 3624
f 4008 3624 4009
f 4009 3624 3625
f 4009 3625 4010
f 4010 3625 3626
f 4010 3626 4011
f 4011 3626 3627
f 4011 3627 4012
f 4012 3627 3628
f 4012 3628 4013
f 4013 3628 3629
f 4013 3629 4014
f 4014 3629 3630
f 4014 3630 4015
f 4015 3630 3631
f 4015 3631 4016
f 4016 3631 3632
f 4016 3632 4017
f 4017 3632 3633
f 4017 3633 4018
f 4018 3633 3634
f 4018 3634 4019
f 4019 3634 3635
f 4019 3635 4020
f 4020 3635 3636
f 4020 3636 4021
f 4021 3636 3637
f 4021 3637 4022
f 4022 3637 3638
f 4022 3638 4023
f 4023 3638 3639
f 4023 3639 4024
f 4024 3639 3640
f 4024 3640 4025
f 4025 3640 3641
f 4025 3641 4026
f 4026 3641 3642
f 4026 3642 4027
f 4027 3642 3643
f 4027 3643 4028
f 4028 3643 3644
f 4028 3644 4029
f 4029 3644 3645
f 4029 3645 4030
f 4030 3645 3646
f 4030 3646 4031
f 4031 3646 3647
f 4031 3647 4032
f 4032 3647 3648
f 4032 3648 4033
f 4033 3648 3649
f 4033 3649 4034
f 4034 3649 3650
f 4034 3650 4035
f 4035 3650 3651
f 4035 3651 4036
f 4036 3651 3652
f 4036 3652 4037
f 4037 3652 3653
f 4037 3653 4038
f 4038 3653 3654
f 4038 3654 4039
f 4039 3654 3655
f 4039 3655 4040
f 4040 3655 3656
f 4040 3656 4041
f 4041 3656 3657
f 4041 3657 4042
f 4042 3657 3658
f 4042 3658 4043
f 4043 3658 3659
f 4043 3659 4044
f 4044 3659 3660
f 4044 3660 4045
f 4045 3660 3661
f 4045 3661 4046
f 4046 3661 3662
f 4046 3662 4047
f 4047 3662 3663
f 4047 3663 4048
f 4048 3663 3664
f 4048 3664 4049
f 4049 3664 3665
f 4049 3665 4050
f 4050 3665 3666
f 4050 3666 4051
f 4051 3666 3667
f 4051 3667 4052
f 4052 3667 3668
f 4052 3668 4053
f 4053 3668 3669
f 4053 3669 4054
f 4054 3669 3670
f 4054 3670 4055
f 4055 3670 3671
f 4055 3671 4056
f 4056 3671 3672
f 4056 3672 4057
f 4057 3672 3673
f 4057 3673 4058
f 4058 3673 3674
f 4058 3674 4059
f 4059 3674 3675
f 4059 3675 4060
f 4060 3675 3676
f 4060 3676 4061
f 4061 3676 3677
f 4061 3677 4062
f 4062 3677 3678
f 4062 3678 4063
f 4063 3678 3679
f 4063 3679 4064
f 4064 3679 3680
f 4064 3680 4065
f 4065 3680 3681
f 4065 3681 4066
f 4066 3681 3682
f 4066 3682 4067
f 4067 3682 3683
f 4067 3683 4068
f 4068 3683 3684
f 4068 3684 4069
f 4069 3684 3685
f 4069 3685 4070
f 4070 3685 3686
f 4070 3686 4071
f 4071 3686 3687
f 4071 3687 4072
f 4072 3687 3688
f 4072 3688 4073
f 4073 3688 3689
f 4073 3689 4074
f 4074 3689 3690
f 4074 3690 4075
f 4075 3690 3691
f 4075 3691 4076
f 4076 3691 3692
f 4076 3692 4077
f 4077 3692 3693
f 4077 3693 4078
f 4078 3693 3694
f 4078 3694 4079
f 4079 3694 3695
f 4079 3695 4080
f 4080 3695 3696
f 4080 3696 4081
f 4081 3696 3697
f 4081 3697 4082
f 4082 3697 3698
f 4082 3698 4083
f 4083 3698 3699
f 4083 3699 4084
f 4084 3699 3700
f 4084 3700 4085
f 4085 3700 3701
f 4085 3701 4086
f 4086 3701 3702
f 4086 3702 4087
f 4087 3702 3703
f 4087 3703 4088
f 4088 3703 3704
f 4088 3704 4089
f 4089 3704 3705
f 4089 3705 4090
f 4090 3705 3706
f 4090 3706 4091
f 4091 3706 3707
f 4091 3707 4092
f 4092 3707 3708
f 4092 3708 4093
f 4093 3708 3709
f 4093 3709 4094
f 4094 3709 3710
f 4094 3710 4095
f 4095 3710 3711
f 4095 3711 4096
f 4096 3711 3712
f 4096 3712 4097
f 4097 3712 3713
f 4097 3713 4098
f 4098 3713 3714
f 4098 3714 4099
f 4099 3714 3715
f 4099 3715 4100
f 4100 3715 3716
f 4100 3716 4101
f 4101 3716 3717
f 4101 3717 4102
f 4102 3717 3718
f 4102 3718 4103
f 4103 3718 3719
f 4103 3719 4104
f 4104 3719 3720
f 4104 3720 4105
f 4105 3720 3721
f 4105 3721 3811
f 3962 3726 3727
f 3962 3727 4106
f 4107 3575 3576
f 4107 3576 3963
f 4108 3723 3724
f 4108 3724 4109
f 4109 3724 3725
f 4109 3725 3961
f 4106 3727 3728
f 4106 3728 4110
f 4110 3728 3729
f 4110 3729 4111
f 4111 3729 3730
f 4111 3730 4112
f 4112 3730 3731
f 4112 3731 4113
f 4113 3731 3732
f 4113 3732 4114
f 4114 3732 3733
f 4114 3733 4115
f 4115 3733 3734
f 4115 3734 4116
f 4116 3734 3735
f 4116 3735 4117
f 4117 3735 3736
f 4117 3736 4118
f 4118 3736 3737
f 4118 3737 4119
f 4119 3737 3738
f 4119 3738 4120
f 4120 3738 3739
f 4120 3739 4121
f 4121 3739 3740
f 4121 3740 4122
f 4122 3740 3741
f 4122 3741 4123
f 4123 3741 3742
f 4123 3742 4124
f 4124 3742 3743
f 4124 3743 4125
f 4125 3743 3744
f 4125 3744 4126
f 4126 3744 3745
f 4126 3745 4127
f 4127 3745 3746
f 4127 3746 4128
f 4128 3746 3747
f 4128 3747 4129
f 4129 3747 3748
f 4129 3748 4130
f 4130 3748 3749
f 4130 3749 4131
f 4131 3749 3750
f 4131 3750 4132
f 4132 3750 3751
f 4132 3751 4133
f 4133 3751 3752
f 4133 3752 4134
f 4134 3752 3753
f 4134 3753 4135
f 4135 3753 3754
f 4135 3754 4136
f 4136 3754 3755
f 4136 3755 4137
f 4137 3755 3756
f 4137 3756 4138
f 4138 3756 3757
f 4138 3757 4139
f 4139 3757 3758
f 4139 3758 4140
f 4140 3758 3759
f 4140 3759 4141
f 4141 3759 3760
f 4141 3760 4142
f 4142 3760 3761
f 4142 3761 4143
f 4143 3761 3762
f 4143 3762 4144
f 4144 3762 3763
f 4144 3763 4145
f 4145 3763 3764
f 4145 3764 4146
f 4146 3764 3765
f 4146 3765 4147
f 4147 3765 3766
f 4147 3766 4107
f 4107 3766 3722
f 4107 3722 3575
f 3813 3812 3723
f 3813 3723 4108
f 3964 3577 3578
f 3964 3578 3959
f 4148 3768 3767
f 4148 3767 3958
f 4149 3769 3768
f 4149 3768 4148
f 4150 3770 3769
f 4150 3769 4149
f 4151 3771 3770
f 4151 3770 4150
f 4152 3772 3771
f 4152 3771 4151
f 4153 3773 3772
f 4153 3772 4152
f 4154 3774 3773
f 4154 3773 4153
f 4155 3775 3774
f 4155 3774 4154
f 4156 3776 3775
f 4156 3775 4155
f 4157 3777 3776
f 4157 3776 4156
f 4158 3778 3777
f 4158 3777 4157
f 4159 3779 3778
f 4159 3778 4158
f 4160 3780 3779
f 4160 3779 4159
f 4161 3781 3780
f 4161 3780 4160
f 4162 3782 3781
f 4162 3781 4161
f 4163 3783 3782
f 4163 3782 4162
f 4164 3784 3783
f 4164 3783 4163
f 4165 3785 3784
f 4165 3784 4164
f 4166 3786 3785
f 4166 3785 4165
f 4167 3787 3786
f 4167 3786 4166
f 4168 3788 3787
f 4168 3787 4167
f 4169 3789 3788
f 4169 3788 4168
f 4170 3790 3789
f 4170 3789 4169
f 4171 3791 3790
f 4171 3790 4170
f 4172 3792 3791
f 4172 3791 4171
f 4173 3793 3792
f 4173 3792 4172
f 4174 3794 3793
f 4174 3793 4173
f 4175 3795 3794
f 4175 3794 4174
f 4176 3796 3795
f 4176 3795 4175
f 4177 3797 3796
f 4177 3796 4176
f 4178 3798 3797
f 4178 3797 4177
f 4179 3799 3798
f 4179 3798 4178
f 4180 3800 3799
f 4180 3799 4179
f 4181 3801 3800
f 4181 3800 4180
f 4182 3802 3801
f 4182 3801 4181
f 4183 3803 3802
f 4183 3802 4182
f 4184 3804 3803
f 4184 3803 4183
f 4185 3805 3804
f 4185 3804 4184
f 4186 3806 3805
f 4186 3805 4185
f 4187 3807 3806
f 4187 3806 4186
f 4188 3808 3807
f 4188 3807 4187
f 4189 3809 3808
f 4189 3808 4188
f 4190 3810 3809
f 4190 3809 4189
f 4105 3811 3810
f 4105 3810 4190
f 4191 3814 3813
f 4191 3813 4108
f 4192 3815 3814
f 4192 3814 4191
f 4193 3816 3815
f 4193 3815 4192
f 4194 3817 3816
f 4194 3816 4193
f 4195 3818 3817
f 4195 3817 4194
f 4196 3819 3818
f 4196 3818 4195
f 4197 3820 3819
f 4197 3819 4196
f 4198 3821 3820
f 4198 3820 4197
f 4199 3822 3821
f 4199 3821 4198
f 4200 3823 3822
f 4200 3822 4199
f 4201 3824 3823
f 4201 3823 4200
f 4202 3825 3824
f 4202 3824 4201
f 4203 3826 3825
f 4203 3825 4202
f 4204 3827 3826
f 4204 3826 4203
f 4205 3828 3827
f 4205 3827 4204
f 4206 3829 3828
f 4206 3828 4205
f 4207 3830 3829
f 4207 3829 4206
f 4208 3831 3830
f 4208 3830 4207
f 4209 3832 3831
f 4209 3831 4208
f 4210 3833 3832
f 4210 3832 4209
f 4211 3834 3833
f 4211 3833 4210
f 4212 3835 3834
f 4212 3834 4211
f 4213 3836 3835
f 4213 3835 4212
f 4214 3837 3836
f 4214 3836 4213
f 4215 3838 3837
f 4215 3837 4214
f 4216 3839 3838
f 4216 3838 4215
f 4217 3840 3839
f 4217 3839 4216
f 4218 3841 3840
f 4218 3840 4217
f 4219 3842 3841
f 4219 3841 4218
f 4220 3843 3842
f 4220 3842 4219
f 4221 3844 3843
f 4221 3843 4220
f 4222 3845 3844
f 4222 3844 4221
f 4223 3846 3845
f 4223 3845 4222
f 4224 3847 3846
f 4224 3846 4223
f 4225 3848 3847
f 4225 3847 4224
f 4226 3849 3848
f 4226 3848 4225
f 4227 3850 3849
f 4227 3849 4226
f 4228 3851 3850
f 4228 3850 4227
f 4229 3852 3851
f 4229 3851 4228
f 4230 3853 3852
f 4230 3852 4229
f 4231 3854 3853
f 4231 3853 4230
f 4232 3855 3854
f 4232 3854 4231
f 4233 3856 3855
f 4233 3855 4232
f 4234 3857 3856
f 4234 3856 4233
f 4235 3858 3857
f 4235 3857 4234
f 4236 3859 3858
f 4236 3858 4235
f 4237 3860 3859
f 4237 3859 4236
f 4238 3861 3860
f 4238 3860 4237
f 4239 3862 3861
f 4239 3861 4238
f 4240 3863 3862
f 4240 3862 4239
f 4241 3864 3863
f 4241 3863 4240
f 4242 3865 3864
f 4242 3864 4241
f 4243 3866 3865
f 4243 3865 4242
f 4244 3867 3866
f 4244 3866 4243
f 4245 3868 3867
f 4245 3867 4244
f 4246 3869 3868
f 4246 3868 4245
f 4247 3870 3869
f 4247 3869 4246
f 4248 3871 3870
f 4248 3870 4247
f 4249 3872 3871
f 4249 3871 4248
f 4250 3873 3872
f 4250 3872 4249
f 4251 3874 3873
f 4251 3873 4250
f 4252 3875 3874
f 4252 3874 4251
f 4253 3876 3875
f 4253 3875 4252
f 4254 3877 3876
f 4254 3876 4253
f 4255 3878 3877
f 4255 3877 4254
f 4256 3879 3878
f 4256 3878 4255
f 4257 3880 3879
f 4257 3879 4256
f 4258 3881 3880
f 4258 3880 4257
f 4259 3882 3881
f 4259 3881 4258
f 4260 3883 3882
f 4260 3882 4259
f 4261 3884 3883
f 4261 3883 4260
f 4262 3885 3884
f 4262 3884 4261
f 4263 3886 3885
f 4263 3885 4262
f 4264 3887 3886
f 4264 3886 4263
f 4265 3888 3887
f 4265 3887 4264
f 4266 3889 3888
f 4266 3888 4265
f 4267 3890 3889
f 4267 3889 4266
f 4268 3891 3890
f 4268 3890 4267
f 4269 3892 3891
f 4269 3891 4268
f 4270 3893 3892
f 4270 3892 4269
f 4271 3894 3893
f 4271 3893 4270
f 4272 3895 3894
f 4272 3894 4271
f 4273 3896 3895
f 4273 3895 4272
f 4274 3897 3896
f 4274 3896 4273
f 4275 3898 3897
f 4275 3897 4274
f 4276 3899 3898
f 4276 3898 4275
f 4277 3900 3899
f 4277 3899 4276
f 4278 3901 3900
f 4278 3900 4277
f 4279 3902 3901
f 4279 3901 4278
f 4280 3903 3902
f 4280 3902 4279
f 4281 3904 3903
f 4281 3903 4280
f 4282 3905 3904
f 4282 3904 4281
f 4283 3906 3905
f 4283 3905 4282
f 4284 3907 3906
f 4284 3906 4283
f 4285 3908 3907
f 4285 3907 4284
f 4286 3909 3908
f 4286 3908 4285
f 4287 3910 3909
f 4287 3909 4286
f 4288 3911 3910
f 4288 3910 4287
f 4289 3912 3911
f 4289 3911 4288
f 4290 3913 3912
f 4290 3912 4289
f 4291 3914 3913
f 4291 3913 4290
f 4292 3915 3914
f 4292 3914 4291
f 4293 3916 3915
f 4293 3915 4292
f 4294 3917 3916
f 4294 3916 4293
f 4295 3918 3917
f 4295 3917 4294
f 4296 3919 3918
f 4296 3918 4295
f 4297 3920 3919
f 4297 3919 4296
f 4298 3921 3920
f 4298 3920 4297
f 4299 3922 3921
f 4299 3921 4298
f 4300 3923 3922
f 4300 3922 4299
f 4301 3924 3923
f 4301 3923 4300
f 4302 3925 3924
f 4302 3924 4301
f 4303 3926 3925
f 4303 3925 4302
f 4304 3927 3926
f 4304 3926 4303
f 4305 3928 3927
f 4305 3927 4304
f 4306 3929 3928
f 4306 3928 4305
f 4307 3930 3929
f 4307 3929 4306
f 4308 3931 3930
f 4308 3930 4307
f 4309 3932 3931
f 4309 3931 4308
f 4310 3933 3932
f 4310 3932 4309
f 4311 3934 3933
f 4311 3933 4310
f 4312 3935 3934
f 4312 3934 4311
f 4313 3936 3935
f 4313 3935 4312
f 4314 3937 3936
f 4314 3936 4313
f 4315 3938 3937
f 4315 3937 4314
f 4316 3939 3938
f 4316 3938 4315
f 4317 3940 3939
f 4317 3939 4316
f 4318 3941 3940
f 4318 3940 4317
f 4319 3942 3941
f 4319 3941 4318
f 4320 3943 3942
f 4320 3942 4319
f 4321 3944 3943
f 4321 3943 4320
f 4322 3945 3944
f 4322 3944 4321
f 4323 3946 3945
f 4323 3945 4322
f 4324 3947 3946
f 4324 3946 4323
f 4325 3948 3947
f 4325 3947 4324
f 4326 3949 3948
f 4326 3948 4325
f 4327 3950 3949
f 4327 3949 4326
f 4328 3951 3950
f 4328 3950 4327
f 4329 3952 3951
f 4329 3951 4328
f 4330 3953 3952
f 4330 3952 4329
f 4331 3954 3953
f 4331 3953 4330
f 4332 3955 3954
f 4332 3954 4331
f 4333 3956 3955
f 4333 3955 4332
f 4334 3957 3956
f 4334 3956 4333
f 4148 3958 3957
f 4148 3957 4334
f 4335 3961 3962
f 4335 3962 4336
f 4337 3960 3965
f 4337 3965 4338
f 4339 3967 3968
f 4339 3968 4340
f 4340 3968 3969
f 4340 3969 4341
f 4341 3969 3970
f 4341 3970 4342
f 4342 3970 3971
f 4342 3971 4343
f 4343 3971 3972
f 4343 3972 4344
f 4344 3972 3973
f 4344 3973 4345
f 4345 3973 3974
f 4345 3974 4346
f 4346 3974 3975
f 4346 3975 4347
f 4347 3975 3976
f 4347 3976 4348
f 4348 3976 3977
f 4348 3977 4349
f 4349 3977 3978
f 4349 3978 4350
f 4350 3978 3979
f 4350 3979 4351
f 4351 3979 3980
f 4351 3980 4352
f 4352 3980 3981
f 4352 3981 4353
f 4353 3981 3982
f 4353 3982 4354
f 4354 3982 3983
f 4354 3983 4355
f 4355 3983 3984
f 4355 3984 4356
f 4356 3984 3985
f 4356 3985 4357
f 4357 3985 3986
f 4357 3986 4358
f 4358 3986 3987
f 4358 3987 4359
f 4359 3987 3988
f 4359 3988 4360
f 4360 3988 3989
f 4360 3989 4361
f 4361 3989 3990
f 4361 3990 4362
f 4362 3990 3991
f 4362 3991 4363
f 4363 3991 3992
f 4363 3992 4364
f 4364 3992 3993
f 4364 3993 4365
f 4365 3993 3994
f 4365 3994 4366
f 4366 3994 3995
f 4366 3995 4367
f 4367 3995 3996
f 4367 3996 4368
f 4368 3996 3997
f 4368 3997 4369
f 4369 3997 3998
f 4369 3998 4370
f 4370 3998 3999
f 4370 3999 4371
f 4371 3999 4000
f 4371 4000 4372
f 4372 4000 4001
f 4372 4001 4373
f 4373 4001 4002
f 4373 4002 4374
f 4374 4002 4003
f 4374 4003 4375
f 4375 4003 4004
f 4375 4004 4376
f 4376 4004 4005
f 4376 4005 4377
f 4377 4005 4006
f 4377 4006 4378
f 4378 4006 4007
f 4378 4007 4379
f 4379 4007 4008
f 4379 4008 4380
f 4380 4008 4009
f 4380 4009 4381
f 4381 4009 4010
f 4381 4010 4382
f 4382 4010 4011
f 4382 4011 4383
f 4383 4011 4012
f 4383 4012 4384
f 4384 4012 4013
f 4384 4013 4385
f 4385 4013 4014
f 4385 4014 4386
f 4386 4014 4015
f 4386 4015 4387
f 4387 4015 4016
f 4387 4016 4388
f 4388 4016 4017
f 4388 4017 4389
f 4389 4017 4018
f 4389 4018 4390
f 4390 4018 4019
f 4390 4019 4391
f 4391 4019 4020
f 4391 4020 4392
f 4392 4020 4021
f 4392 4021 4393
f 4393 4021 4022
f 4393 4022 4394
f 4394 4022 4023
f 4394 4023 4395
f 4395 4023 4024
f 4395 4024 4396
f 4396 4024 4025
f 4396 4025 4397
f 4397 4025 4026
f 4397 4026 4398
f 4398 4026 4027
f 4398 4027 4399
f 4399 4027 4028
f 4399 4028 4400
f 4400 4028 4029
f 4400 4029 4401
f 4401 4029 4030
f 4401 4030 4402
f 4402 4030 4031
f 4402 4031 4403
f 4403 4031 4032
f 4403 4032 4404
f 4404 4032 4033
f 4404 4033 4405
f 4405 4033 4034
f 4405 4034 4406
f 4406 4034 4035
f 4406 4035 4407
f 4407 4035 4036
f 4407 4036 4408
f 4408 4036 4037
f 4408 4037 4409
f 4409 4037 4038
f 4409 4038 4410
f 4410 4038 4039
f 4410 4039 4411
f 4411 4039 4040
f 4411 4040 4412
f 4412 4040 4041
f 4412 4041 4413
f 4413 4041 4042
f 4413 4042 4414
f 4414 4042 4043
f 4414 4043 4415
f 4415 4043 4044
f 4415 4044 4416
f 4416 4044 4045
f 4416 4045 4417
f 4417 4045 4046
f 4417 4046 4418
f 4418 4046 4047
f 4418 4047 4419
f 4419 4047 4048
f 4419 4048 4420
f 4420 4048 4049
f 4420 4049 4421
f 4421 4049 4050
f 4421 4050 4422
f 4422 4050 4051
f 4422 4051 4423
f 4423 4051 4052
f 4423 4052 4424
f 4424 4052 4053
f 4424 4053 4425
f 4425 4053 4054
f 4425 4054 4426
f 4426 4054 4055
f 4426 4055 4427
f 4427 4055 4056
f 4427 4056 4428
f 4428 4056 4057
f 4428 4057 4429
f 4429 4057 4058
f 4429 4058 4430
f 4430 4058 4059
f 4430 4059 4431
f 4431 4059 4060
f 4431 4060 4432
f 4432 4060 4061
f 4432 4061 4433
f 4433 4061 4062
f 4433 4062 4434
f 4434 4062 4063
f 4434 4063 4435
f 4435 4063 4064
f 4435 4064 4436
f 4436 4064 4065
f 4436 4065 4437
f 4437 4065 4066
f 4437 4066 4438
f 4438 4066 4067
f 4438 4067 4439
f 4439 4067 4068
f 4439 4068 4440
f 4440 4068 4069
f 4440 4069 4441
f 4441 4069 4070
f 4441 4070 4442
f 4442 4070 4071
f 4442 4071 4443
f 4443 4071 4072
f 4443 4072 4444
f 4444 4072 4073
f 4444 4073 4445
f 4445 4073 4074
f 4445 4074 4446
f 4446 4074 4075
f 4446 4075 4447
f 4447 4075 4076
f 4447 4076 4448
f 4448 4076 4077
f 4448 4077 4449
f 4449 4077 4078
f 4449 4078 4450
f 4450 4078 4079
f 4450 4079 4451
f 4451 4079 4080
f 4451 4080 4452
f 4452 4080 4081
f 4452 4081 4453
f 4453 4081 4082
f 4453 4082 4454
f 4454 4082 4083
f 4454 4083 4455
f 4455 4083 4084
f 4455 4084 4456
f 4456 4084 4085
f 4456 4085 4457
f 4457 4085 4086
f 4457 4086 4458
f 4458 4086 4087
f 4458 4087 4459
f 4459 4087 4088
f 4459 4088 4460
f 4460 4088 4089
f 4460 4089 4461
f 4461 4089 4090
f 4461 4090 4462
f 4462 4090 4091
f 4462 4091 4463
f 4463 4091 4092
f 4463 4092 4464
f 4464 4092 4093
f 4464 4093 4465
f 4465 4093 4094
f 4465 4094 4466
f 4466 4094 4095
f 4466 4095 4467
f 4467 4095 4096
f 4467 4096 4468
f 4468 4096 4097
f 4468 4097 4469
f 4469 4097 4098
f 4469 4098 4470
f 4470 4098 4099
f 4470 4099 4471
f 4471 4099 4100
f 4471 4100 4472
f 4472 4100 4101
f 4472 4101 4473
f 4473 4101 4102
f 4473 4102 4474
f 4474 4102 4103
f 4474 4103 4475
f 4475 4103 4104
f 4475 4104 4476
f 4476 4104 4105
f 4476 4105 4190
f 4336 3962 4106
f 4336 4106 4477
f 4478 3964 3959
f 4478 3959 4479
f 4338 3965 3966
f 4338 3966 4480
f 4147 4107 3963
f 4147 3963 4481
f 4479 3959 3960
f 4479 3960 4337
f 4482 4110 4111
f 4482 4111 4483
f 4191 4108 4109
f 4191 4109 4484
f 4484 4109 3961
f 4484 3961 4335
f 4485 4112 4113
f 4485 4113 4486
f 4486 4113 4114
f 4486 4114 4487
f 4487 4114 4115
f 4487 4115 4488
f 4488 4115 4116
f 4488 4116 4489
f 4489 4116 4117
f 4489 4117 4490
f 4490 4117 4118
f 4490 4118 4491
f 4491 4118 4119
f 4491 4119 4492
f 4492 4119 4120
f 4492 4120 4493
f 4493 4120 4121
f 4493 4121 4494
f 4494 4121 4122
f 4494 4122 4495
f 4495 4122 4123
f 4495 4123 4496
f 4496 4123 4124
f 4496 4124 4497
f 4497 4124 4125
f 4497 4125 4498
f 4498 4125 4126
f 4498 4126 4499
f 4499 4126 4127
f 4499 4127 4500
f 4500 4127 4128
f 4500 4128 4501
f 4501 4128 4129
f 4501 4129 4502
f 4502 4129 4130
f 4502 4130 4503
f 4503 4130 4131
f 4503 4131 4504
f 4504 4131 4132
f 4504 4132 4505
f 4505 4132 4133
f 4505 4133 4506
f 4506 4133 4134
f 4506 4134 4507
f 4507 4134 4135
f 4507 4135 4508
f 4508 4135 4136
f 4508 4136 4509
f 4509 4136 4137
f 4509 4137 4510
f 4510 4137 4138
f 4510 4138 4511
f 4511 4138 4139
f 4511 4139 4512
f 4512 4139 4140
f 4512 4140 4513
f 4513 4140 4141
f 4513 4141 4514
f 4514 4141 4142
f 4514 4142 4515
f 4515 4142 4143
f 4515 4143 4516
f 4516 4143 4144
f 4516 4144 4517
f 4517 4144 4145
f 4517 4145 4518
f 4518 4145 4146
f 4518 4146 4519
f 4519 4146 4147
f 4519 4147 4481
f 4520 4149 4148
f 4520 4148 4334
f 4521 4150 4149
f 4521 4149 4520
f 4522 4151 4150
f 4522 4150 4521
f 4523 4152 4151
f 4523 4151 4522
f 4524 4153 4152
f 4524 4152 4523
f 4525 4154 4153
f 4525 4153 4524
f 4526 4155 4154
f 4526 4154 4525
f 4527 4156 4155
f 4527 4155 4526
f 4528 4157 4156
f 4528 4156 4527
f 4529 4158 4157
f 4529 4157 4528
f 4530 4159 4158
f 4530 4158 4529
f 4531 4160 4159
f 4531 4159 4530
f 4532 4161 4160
f 4532 4160 4531
f 4533 4162 4161
f 4533 4161 4532
f 4534 4163 4162
f 4534 4162 4533
f 4535 4164 4163
f 4535 4163 4534
f 4536 4165 4164
f 4536 4164 4535
f 4537 4166 4165
f 4537 4165 4536
f 4538 4167 4166
f 4538 4166 4537
f 4539 4168 4167
f 4539 4167 4538
f 4540 4169 4168
f 4540 4168 4539
f 4541 4170 4169
f 4541 4169 4540
f 4542 4171 4170
f 4542 4170 4541
f 4543 4172 4171
f 4543 4171 4542
f 4544 4173 4172
f 4544 4172 4543
f 4545 4174 4173
f 4545 4173 4544
f 4546 4175 4174
f 4546 4174 4545
f 4547 4176 4175
f 4547 4175 4546
f 4548 4177 4176
f 4548 4176 4547
f 4549 4178 4177
f 4549 4177 4548
f 4550 4179 4178
f 4550 4178 4549
f 4551 4180 4179
f 4551 4179 4550
f 4552 4181 4180
f 4552 4180 4551
f 4553 4182 4181
f 4553 4181 4552
f 4554 4183 4182
f 4554 4182 4553
f 4555 4184 4183
f 4555 4183 4554
f 4556 4185 4184
f 4556 4184 4555
f 4557 4186 4185
f 4557 4185 4556
f 4558 4187 4186
f 4558 4186 4557
f 4559 4188 4187
f 4559 4187 4558
f 4560 4189 4188
f 4560 4188 4559
f 4476 4190 4189
f 4476 4189 4560
f 4480 3966 3967
f 4480 3967 4339
f 4477 4106 4110
f 4477 4110 4482
f 4481 3963 3964
f 4481 3964 4478
f 4483 4111 4112
f 4483 4112 4485
f 4561 4192 4191
f 4561 4191 4484
f 4562 4193 4192
f 4562 4192 4561
f 4563 4194 4193
f 4563 4193 4562
f 4564 4195 4194
f 4564 4194 4563
f 4565 4196 4195
f 4565 4195 4564
f 4566 4197 4196
f 4566 4196 4565
f 4567 4198 4197
f 4567 4197 4566
f 4568 4199 4198
f 4568 4198 4567
f 4569 4200 4199
f 4569 4199 4568
f 4570 4201 4200
f 4570 4200 4569
f 4571 4202 4201
f 4571 4201 4570
f 4572 4203 4202
f 4572 4202 4571
f 4573 4204 4203
f 4573 4203 4572
f 4574 4205 4204
f 4574 4204 4573
f 4575 4206 4205
f 4575 4205 4574
f 4576 4207 4206
f 4576 4206 4575
f 4577 4208 4207
f 4577 4207 4576
f 4578 4209 4208
f 4578 4208 4577
f 4579 4210 4209
f 4579 4209 4578
f 4580 4211 4210
f 4580 4210 4579
f 4581 4212 4211
f 4581 4211 4580
f 4582 4213 4212
f 4582 4212 4581
f 4583 4214 4213
f 4583 4213 4582
f 4584 4215 4214
f 4584 4214 4583
f 4585 4216 4215
f 4585 4215 4584
f 4586 4217 4216
f 4586 4216 4585
f 4587 4218 4217
f 4587 4217 4586
f 4588 4219 4218
f 4588 4218 4587
f 4589 4220 4219
f 4589 4219 4588
f 4590 4221 4220
f 4590 4220 4589
f 4591 4222 4221
f 4591 4221 4590
f 4592 4223 4222
f 4592 4222 4591
f 4593 4224 4223
f 4593 4223 4592
f 4594 4225 4224
f 4594 4224 4593
f 4595 4226 4225
f 4595 4225 4594
f 4596 4227 4226
f 4596 4226 4595
f 4597 4228 4227
f 4597 4227 4596
f 4598 4229 4228
f 4598 4228 4597
f 4599 4230 4229
f 4599 4229 4598
f 4600 4231 4230
f 4600 4230 4599
f 4601 4232 4231
f 4601 4231 4600
f 4602 4233 4232
f 4602 4232 4601
f 4603 4234 4233
f 4603 4233 4602
f 4604 4235 4234
f 4604 4234 4603
f 4605 4236 4235
f 4605 4235 4604
f 4606 4237 4236
f 4606 4236 4605
f 4607 4238 4237
f 4607 4237 4606
f 4608 4239 4238
f 4608 4238 4607
f 4609 4240 4239
f 4609 4239 4608
f 4610 4241 4240
f 4610 4240 4609
f 4611 4242 4241
f 4611 4241 4610
f 4612 4243 4242
f 4612 4242 4611
f 4613 4244 4243
f 4613 4243 4612
f 4614 4245 4244
f 4614 4244 4613
f 4615 4246 4245
f 4615 4245 4614
f 4616 4247 4246
f 4616 4246 4615
f 4617 4248 4247
f 4617 4247 4616
f 4618 4249 4248
f 4618 4248 4617
f 4619 4250 4249
f 4619 4249 4618
f 4620 4251 4250
f 4620 4250 4619
f 4621 4252 4251
f 4621 4251 4620
f 4622 4253 4252
f 4622 4252 4621
f 4623 4254 4253
f 4623 4253 4622
f 4624 4255 4254
f 4624 4254 4623
f 4625 4256 4255
f 4625 4255 4624
f 4626 4257 4256
f 4626 4256 4625
f 4627 4258 4257
f 4627 4257 4626
f 4628 4259 4258
f 4628 4258 4627
f 4629 4260 4259
f 4629 4259 4628
f 4630 4261 4260
f 4630 4260 4629
f 4631 4262 4261
f 4631 4261 4630
f 4632 4263 4262
f 4632 4262 4631
f 4633 4264 4263
f 4633 4263 4632
f 4634 4265 4264
f 4634 4264 4633
f 4635 4266 4265
f 4635 4265 4634
f 4636 4267 4266
f 4636 4266 4635
f 4637 4268 4267
f 4637 4267 4636
f 4638 4269 4268
f 4638 4268 4637
f 4639 4270 4269
f 4639 4269 4638
f 4640 4271 4270
f 4640 4270 4639
f 4641 4272 4271
f 4641 4271 4640
f 4642 4273 4272
f 4642 4272 4641
f 4643 4274 4273
f 4643 4273 4642
f 4644 4275 4274
f 4644 4274 4643
f 4645 4276 4275
f 4645 4275 4644
f 4646 4277 4276
f 4646 4276 4645
f 4647 4278 4277
f 4647 4277 4646
f 4648 4279 4278
f 4648 4278 4647
f 4649 4280 4279
f 4649 4279 4648
f 4650 4281 4280
f 4650 4280 4649
f 4651 4282 4281
f 4651 4281 4650
f 4652 4283 4282
f 4652 4282 4651
f 4653 4284 4283
f 4653 4283 4652
f 4654 4285 4284
f 4654 4284 4653
f 4655 4286 4285
f 4655 4285 4654
f 4656 4287 4286
f 4656 4286 4655
f 4657 4288 4287
f 4657 4287 4656
f 4658 4289 4288
f 4658 4288 4657
f 4659 4290 4289
f 4659 4289 4658
f 4660 4291 4290
f 4660 4290 4659
f 4661 4292 4291
f 4661 4291 4660
f 4662 4293 4292
f 4662 4292 4661
f 4663 4294 4293
f 4663 4293 4662
f 4664 4295 4294
f 4664 4294 4663
f 4665 4296 4295
f 4665 4295 4664
f 4666 4297 4296
f 4666 4296 4665
f 4667 4298 4297
f 4667 4297 4666
f 4668 4299 4298
f 4668 4298 4667
f 4669 4300 4299
f 4669 4299 4668
f 4670 4301 4300
f 4670 4300 4669
f 4671 4302 4301
f 4671 4301 4670
f 4672 4303 4302
f 4672 4302 4671
f 4673 4304 4303
f 4673 4303 4672
f 4674 4305 4304
f 4674 4304 4673
f 4675 4306 4305
f 4675 4305 4674
f 4676 4307 4306
f 4676 4306 4675
f 4677 4308 4307
f 4677 4307 4676
f 4678 4309 4308
f 4678 4308 4677
f 4679 4310 4309
f 4679 4309 4678
f 4680 4311 4310
f 4680 4310 4679
f 4681 4312 4311
f 4681 4311 4680
f 4682 4313 4312
f 4682 4312 4681
f 4683 4314 4313
f 4683 4313 4682
f 4684 4315 4314
f 4684 4314 4683
f 4685 4316 4315
f 4685 4315 4684
f 4686 4317 4316
f 4686 4316 4685
f 4687 4318 4317
f 4687 4317 4686
f 4688 4319 4318
f 4688 4318 4687
f 4689 4320 4319
f 4689 4319 4688
f 4690 4321 4320
f 4690 4320 4689
f 4691 4322 4321
f 4691 4321 4690
f 4692 4323 4322
f 4692 4322 4691
f 4693 4324 4323
f 4693 4323 4692
f 4694 4325 4324
f 4694 4324 4693
f 4695 4326 4325
f 4695 4325 4694
f 4696 4327 4326
f 4696 4326 4695
f 4697 4328 4327
f 4697 4327 4696
f 4698 4329 4328
f 4698 4328 4697
f 4699 4330 4329
f 4699 4329 4698
f 4700 4331 4330
f 4700 4330 4699
f 4701 4332 4331
f 4701 4331 4700
f 4702 4333 4332
f 4702 4332 4701
f 4520 4334 4333
f 4520 4333 4702
f 4703 4337 4338
f 4703 4338 4704
f 4705 4485 4486
f 4705 4486 4706
f 4561 4484 4335
f 4561 4335 4707
f 4708 4341 4342
f 4708 4342 4709
f 4710 4340 4341
f 4710 4341 4708
f 4711 4343 4344
f 4711 4344 4712
f 4712 4344 4345
f 4712 4345 4713
f 4713 4345 4346
f 4713 4346 4714
f 4714 4346 4347
f 4714 4347 4715
f 4715 4347 4348
f 4715 4348 4716
f 4716 4348 4349
f 4716 4349 4717
f 4717 4349 4350
f 4717 4350 4718
f 4718 4350 4351
f 4718 4351 4719
f 4719 4351 4352
f 4719 4352 4720
f 4720 4352 4353
f 4720 4353 4721
f 4721 4353 4354
f 4721 4354 4722
f 4722 4354 4355
f 4722 4355 4723
f 4723 4355 4356
f 4723 4356 4724
f 4724 4356 4357
f 4724 4357 4725
f 4725 4357 4358
f 4725 4358 4726
f 4726 4358 4359
f 4726 4359 4727
f 4727 4359 4360
f 4727 4360 4728
f 4728 4360 4361
f 4728 4361 4729
f 4729 4361 4362
f 4729 4362 4730
f 4730 4362 4363
f 4730 4363 4731
f 4731 4363 4364
f 4731 4364 4732
f 4732 4364 4365
f 4732 4365 4733
f 4733 4365 4366
f 4733 4366 4734
f 4734 4366 4367
f 4734 4367 4735
f 4735 4367 4368
f 4735 4368 4736
f 4736 4368 4369
f 4736 4369 4737
f 4737 4369 4370
f 4737 4370 4738
f 4738 4370 4371
f 4738 4371 4739
f 4739 4371 4372
f 4739 4372 4740
f 4740 4372 4373
f 4740 4373 4741
f 4741 4373 4374
f 4741 4374 4742
f 4742 4374 4375
f 4742 4375 4743
f 4743 4375 4376
f 4743 4376 4744
f 4744 4376 4377
f 4744 4377 4745
f 4745 4377 4378
f 4745 4378 4746
f 4746 4378 4379
f 4746 4379 4747
f 4747 4379 4380
f 4747 4380 4748
f 4748 4380 4381
f 4748 4381 4749
f 4749 4381 4382
f 4749 4382 4750
f 4750 4382 4383
f 4750 4383 4751
f 4751 4383 4384
f 4751 4384 4752
f 4752 4384 4385
f 4752 4385 4753
f 4753 4385 4386
f 4753 4386 4754
f 4754 4386 4387
f 4754 4387 4755
f 4755 4387 4388
f 4755 4388 4756
f 4756 4388 4389
f 4756 4389 4757
f 4757 4389 4390
f 4757 4390 4758
f 4758 4390 4391
f 4758 4391 4759
f 4759 4391 4392
f 4759 4392 4760
f 4760 4392 4393
f 4760 4393 4761
f 4761 4393 4394
f 4761 4394 4762
f 4762 4394 4395
f 4762 4395 4763
f 4763 4395 4396
f 4763 4396 4764
f 4764 4396 4397
f 4764 4397 4765
f 4765 4397 4398
f 4765 4398 4766
f 4766 4398 4399
f 4766 4399 4767
f 4767 4399 4400
f 4767 4400 4768
f 4768 4400 4401
f 4768 4401 4769
f 4769 4401 4402
f 4769 4402 4770
f 4770 4402 4403
f 4770 4403 4771
f 4771 4403 4404
f 4771 4404 4772
f 4772 4404 4405
f 4772 4405 4773
f 4773 4405 4406
f 4773 4406 4774
f 4774 4406 4407
f 4774 4407 4775
f 4775 4407 4408
f 4775 4408 4776
f 4776 4408 4409
f 4776 4409 4777
f 4777 4409 4410
f 4777 4410 4778
f 4778 4410 4411
f 4778 4411 4779
f 4779 4411 4412
f 4779 4412 4780
f 4780 4412 4413
f 4780 4413 4781
f 4781 4413 4414
f 4781 4414 4782
f 4782 4414 4415
f 4782 4415 4783
f 4783 4415 4416
f 4783 4416 4784
f 4784 4416 4417
f 4784 4417 4785
f 4785 4417 4418
f 4785 4418 4786
f 4786 4418 4419
f 4786 4419 4787
f 4787 4419 4420
f 4787 4420 4788
f 4788 4420 4421
f 4788 4421 4789
f 4789 4421 4422
f 4789 4422 4790
f 4790 4422 4423
f 4790 4423 4791
f 4791 4423 4424
f 4791 4424 4792
f 4792 4424 4425
f 4792 4425 4793
f 4793 4425 4426
f 4793 4426 4794
f 4794 4426 4427
f 4794 4427 4795
f 4795 4427 4428
f 4795 4428 4796
f 4796 4428 4429
f 4796 4429 4797
f 4797 4429 4430
f 4797 4430 4798
f 4798 4430 4431
f 4798 4431 4799
f 4799 4431 4432
f 4799 4432 4800
f 4800 4432 4433
f 4800 4433 4801
f 4801 4433 4434
f 4801 4434 4802
f 4802 4434 4435
f 4802 4435 4803
f 4803 4435 4436
f 4803 4436 4804
f 4804 4436 4437
f 4804 4437 4805
f 4805 4437 4438
f 4805 4438 4806
f 4806 4438 4439
f 4806 4439 4807
f 4807 4439 4440
f 4807 4440 4808
f 4808 4440 4441
f 4808 4441 4809
f 4809 4441 4442
f 4809 4442 4810
f 4810 4442 4443
f 4810 4443 4811
f 4811 4443 4444
f 4811 4444 4812
f 4812 4444 4445
f 4812 4445 4813
f 4813 4445 4446
f 4813 4446 4814
f 4814 4446 4447
f 4814 4447 4815
f 4815 4447 4448
f 4815 4448 4816
f 4816 4448 4449
f 4816 4449 4817
f 4817 4449 4450
f 4817 4450 4818
f 4818 4450 4451
f 4818 4451 4819
f 4819 4451 4452
f 4819 4452 4820
f 4820 4452 4453
f 4820 4453 4821
f 4821 4453 4454
f 4821 4454 4822
f 4822 4454 4455
f 4822 4455 4823
f 4823 4455 4456
f 4823 4456 4824
f 4824 4456 4457
f 4824 4457 4825
f 4825 4457 4458
f 4825 4458 4826
f 4826 4458 4459
f 4826 4459 4827
f 4827 4459 4460
f 4827 4460 4828
f 4828 4460 4461
f 4828 4461 4829
f 4829 4461 4462
f 4829 4462 4830
f 4830 4462 4463
f 4830 4463 4831
f 4831 4463 4464
f 4831 4464 4832
f 4832 4464 4465
f 4832 4465 4833
f 4833 4465 4466
f 4833 4466 4834
f 4834 4466 4467
f 4834 4467 4835
f 4835 4467 4468
f 4835 4468 4836
f 4836 4468 4469
f 4836 4469 4837
f 4837 4469 4470
f 4837 4470 4838
f 4838 4470 4471
f 4838 4471 4839
f 4839 4471 4472
f 4839 4472 4840
f 4840 4472 4473
f 4840 4473 4841
f 4841 4473 4474
f 4841 4474 4842
f 4842 4474 4475
f 4842 4475 4843
f 4843 4475 4476
f 4843 4476 4560
f 4844 4480 4339
f 4844 4339 4845
f 4846 4336 4477
f 4846 4477 4847
f 4847 4477 4482
f 4847 4482 4848
f 4849 4478 4479
f 4849 4479 4850
f 4709 4342 4343
f 4709 4343 4711
f 4704 4338 4480
f 4704 4480 4844
f 4851 4483 4485
f 4851 4485 4705
f 4852 4487 4488
f 4852 4488 4853
f 4853 4488 4489
f 4853 4489 4854
f 4706 4486 4487
f 4706 4487 4852
f 4854 4489 4490
f 4854 4490 4855
f 4855 4490 4491
f 4855 4491 4856
f 4856 4491 4492
f 4856 4492 4857
f 4857 4492 4493
f 4857 4493 4858
f 4858 4493 4494
f 4858 4494 4859
f 4859 4494 4495
f 4859 4495 4860
f 4860 4495 4496
f 4860 4496 4861
f 4861 4496 4497
f 4861 4497 4862
f 4862 4497 4498
f 4862 4498 4863
f 4863 4498 4499
f 4863 4499 4864
f 4864 4499 4500
f 4864 4500 4865
f 4865 4500 4501
f 4865 4501 4866
f 4866 4501 4502
f 4866 4502 4867
f 4867 4502 4503
f 4867 4503 4868
f 4868 4503 4504
f 4868 4504 4869
f 4869 4504 4505
f 4869 4505 4870
f 4870 4505 4506
f 4870 4506 4871
f 4871 4506 4507
f 4871 4507 4872
f 4872 4507 4508
f 4872 4508 4873
f 4873 4508 4509
f 4873 4509 4874
f 4874 4509 4510
f 4874 4510 4875
f 4875 4510 4511
f 4875 4511 4876
f 4876 4511 4512
f 4876 4512 4877
f 4877 4512 4513
f 4877 4513 4878
f 4878 4513 4514
f 4878 4514 4879
f 4879 4514 4515
f 4879 4515 4880
f 4880 4515 4516
f 4880 4516 4881
f 4881 4516 4517
f 4881 4517 4882
f 4882 4517 4518
f 4882 4518 4883
f 4883 4518 4519
f 4883 4519 4849
f 4849 4519 4481
f 4849 4481 4478
f 4850 4479 4337
f 4850 4337 4703
f 4707 4335 4336
f 4707 4336 4846
f 4884 4521 4520
f 4884 4520 4702
f 4885 4522 4521
f 4885 4521 4884
f 4886 4523 4522
f 4886 4522 4885
f 4887 4524 4523
f 4887 4523 4886
f 4888 4525 4524
f 4888 4524 4887
f 4889 4526 4525
f 4889 4525 4888
f 4890 4527 4526
f 4890 4526 4889
f 4891 4528 4527
f 4891 4527 4890
f 4892 4529 4528
f 4892 4528 4891
f 4893 4530 4529
f 4893 4529 4892
f 4894 4531 4530
f 4894 4530 4893
f 4895 4532 4531
f 4895 4531 4894
f 4896 4533 4532
f 4896 4532 4895
f 4897 4534 4533
f 4897 4533 4896
f 4898 4535 4534
f 4898 4534 4897
f 4899 4536 4535
f 4899 4535 4898
f 4900 4537 4536
f 4900 4536 4899
f 4901 4538 4537
f 4901 4537 4900
f 4902 4539 4538
f 4902 4538 4901
f 4903 4540 4539
f 4903 4539 4902
f 4904 4541 4540
f 4904 4540 4903
f 4905 4542 4541
f 4905 4541 4904
f 4906 4543 4542
f 4906 4542 4905
f 4907 4544 4543
f 4907 4543 4906
f 4908 4545 4544
f 4908 4544 4907
f 4909 4546 4545
f 4909 4545 4908
f 4910 4547 4546
f 4910 4546 4909
f 4911 4548 4547
f 4911 4547 4910
f 4912 4549 4548
f 4912 4548 4911
f 4913 4550 4549
f 4913 4549 4912
f 4914 4551 4550
f 4914 4550 4913
f 4915 4552 4551
f 4915 4551 4914
f 4916 4553 4552
f 4916 4552 4915
f 4917 4554 4553
f 4917 4553 4916
f 4918 4555 4554
f 4918 4554 4917
f 4919 4556 4555
f 4919 4555 4918
f 4920 4557 4556
f 4920 4556 4919
f 4921 4558 4557
f 4921 4557 4920
f 4922 4559 4558
f 4922 4558 4921
f 4843 4560 4559
f 4843 4559 4922
f 4845 4339 4340
f 4845 4340 4710
f 4848 4482 4483
f 4848 4483 4851
f 4923 4562 4561
f 4923 4561 4707
f 4924 4563 4562
f 4924 4562 4923
f 4925 4564 4563
f 4925 4563 4924
f 4926 4565 4564
f 4926 4564 4925
f 4927 4566 4565
f 4927 4565 4926
f 4928 4567 4566
f 4928 4566 4927
f 4929 4568 4567
f 4929 4567 4928
f 4930 4569 4568
f 4930 4568 4929
f 4931 4570 4569
f 4931 4569 4930
f 4932 4571 4570
f 4932 4570 4931
f 4933 4572 4571
f 4933 4571 4932
f 4934 4573 4572
f 4934 4572 4933
f 4935 4574 4573
f 4935 4573 4934
f 4936 4575 4574
f 4936 4574 4935
f 4937 4576 4575
f 4937 4575 4936
f 4938 4577 4576
f 4938 4576 4937
f 4939 4578 4577
f 4939 4577 4938
f 4940 4579 4578
f 4940 4578 4939
f 4941 4580 4579
f 4941 4579 4940
f 4942 4581 4580
f 4942 4580 4941
f 4943 4582 4581
f 4943 4581 4942
f 4944 4583 4582
f 4944 4582 4943
f 4945 4584 4583
f 4945 4583 4944
f 4946 4585 4584
f 4946 4584 4945
f 4947 4586 4585
f 4947 4585 4946
f 4948 4587 4586
f 4948 4586 4947
f 4949 4588 4587
f 4949 4587 4948
f 4950 4589 4588
f 4950 4588 4949
f 4951 4590 4589
f 4951 4589 4950
f 4952 4591 4590
f 4952 4590 4951
f 4953 4592 4591
f 4953 4591 4952
f 4954 4593 4592
f 4954 4592 4953
f 4955 4594 4593
f 4955 4593 4954
f 4956 4595 4594
f 4956 4594 4955
f 4957 4596 4595
f 4957 4595 4956
f 4958 4597 4596
f 4958 4596 4957
f 4959 4598 4597
f 4959 4597 4958
f 4960 4599 4598
f 4960 4598 4959
f 4961 4600 4599
f 4961 4599 4960
f 4962 4601 4600
f 4962 4600 4961
f 4963 4602 4601
f 4963 4601 4962
f 4964 4603 4602
f 4964 4602 4963
f 4965 4604 4603
f 4965 4603 4964
f 4966 4605 4604
f 4966 4604 4965
f 4967 4606 4605
f 4967 4605 4966
f 4968 4607 4606
f 4968 4606 4967
f 4969 4608 4607
f 4969 4607 4968
f 4970 4609 4608
f 4970 4608 4969
f 4971 4610 4609
f 4971 4609 4970
f 4972 4611 4610
f 4972 4610 4971
f 4973 4612 4611
f 4973 4611 4972
f 4974 4613 4612
f 4974 4612 4973
f 4975 4614 4613
f 4975 4613 4974
f 4976 4615 4614
f 4976 4614 4975
f 4977 4616 4615
f 4977 4615 4976
f 4978 4617 4616
f 4978 4616 4977
f 4979 4618 4617
f 4979 4617 4978
f 4980 4619 4618
f 4980 4618 4979
f 4981 4620 4619
f 4981 4619 4980
f 4982 4621 4620
f 4982 4620 4981
f 4983 4622 4621
f 4983 4621 4982
f 4984 4623 4622
f 4984 4622 4983
f 4985 4624 4623
f 4985 4623 4984
f 4986 4625 4624
f 4986 4624 4985
f 4987 4626 4625
f 4987 4625 4986
f 4988 4627 4626
f 4988 4626 4987
f 4989 4628 4627
f 4989 4627 4988
f 4990 4629 4628
f 4990 4628 4989
f 4991 4630 4629
f 4991 4629 4990
f 4992 4631 4630
f 4992 4630 4991
f 4993 4632 4631
f 4993 4631 4992
f 4994 4633 4632
f 4994 4632 4993
f 4995 4634 4633
f 4995 4633 4994
f 4996 4635 4634
f 4996 4634 4995
f 4997 4636 4635
f 4997 4635 4996
f 4998 4637 4636
f 4998 4636 4997
f 4999 4638 4637
f 4999 4637 4998
f 5000 4639 4638
f 5000 4638 4999
f 5001 4640 4639
f 5001 4639 5000
f 5002 4641 4640
f 5002 4640 5001
f 5003 4642 4641
f 5003 4641 5002
f 5004 4643 4642
f 5004 4642 5003
f 5005 4644 4643
f 5005 4643 5004
f 5006 4645 4644
f 5006 4644 5005
f 5007 4646 4645
f 5007 4645 5006
f 5008 4647 4646
f 5008 4646 5007
f 5009 4648 4647
f 5009 4647 5008
f 5010 4649 4648
f 5010 4648 5009
f 5011 4650 4649
f 5011 4649 5010
f 5012 4651 4650
f 5012 4650 5011
f 5013 4652 4651
f 5013 4651 5012
f 5014 4653 4652
f 5014 4652 5013
f 5015 4654 4653
f 5015 4653 5014
f 5016 4655 4654
f 5016 4654 5015
f 5017 4656 4655
f 5017 4655 5016
f 5018 4657 4656
f 5018 4656 5017
f 5019 4658 4657
f 5019 4657 5018
f 5020 4659 4658
f 5020 4658 5019
f 5021 4660 4659
f 5021 4659 5020
f 5022 4661 4660
f 5022 4660 5021
f 5023 4662 4661
f 5023 4661 5022
f 5024 4663 4662
f 5024 4662 5023
f 5025 4664 4663
f 5025 4663 5024
f 5026 4665 4664
f 5026 4664 5025
f 5027 4666 4665
f 5027 4665 5026
f 5028 4667 4666
f 5028 4666 5027
f 5029 4668 4667
f 5029 4667 5028
f 5030 4669 4668
f 5030 4668 5029
f 5031 4670 4669
f 5031 4669 5030
f 5032 4671 4670
f 5032 4670 5031
f 5033 4672 4671
f 5033 4671 5032
f 5034 4673 4672
f 5034 4672 5033
f 5035 4674 4673
f 5035 4673 5034
f 5036 4675 4674
f 5036 4674 5035
f 5037 4676 4675
f 5037 4675 5036
f 5038 4677 4676
f 5038 4676 5037
f 5039 4678 4677
f 5039 4677 5038
f 5040 4679 4678
f 5040 4678 5039
f 5041 4680 4679
f 5041 4679 5040
f 5042 4681 4680
f 5042 4680 5041
f 5043 4682 4681
f 5043 4681 5042
f 5044 4683 4682
f 5044 4682 5043
f 5045 4684 4683
f 5045 4683 5044
f 5046 4685 4684
f 5046 4684 5045
f 5047 4686 4685
f 5047 4685 5046
f 5048 4687 4686
f 5048 4686 5047
f 5049 4688 4687
f 5049 4687 5048
f 5050 4689 4688
f 5050 4688 5049
f 5051 4690 4689
f 5051 4689 5050
f 5052 4691 4690
f 5052 4690 5051
f 5053 4692 4691
f 5053 4691 5052
f 5054 4693 4692
f 5054 4692 5053
f 5055 4694 4693
f 5055 4693 5054
f 5056 4695 4694
f 5056 4694 5055
f 5057 4696 4695
f 5057 4695 5056
f 5058 4697 4696
f 5058 4696 5057
f 5059 4698 4697
f 5059 4697 5058
f 5060 4699 4698
f 5060 4698 5059
f 5061 4700 4699
f 5061 4699 5060
f 5062 4701 4700
f 5062 4700 5061
f 4884 4702 4701
f 4884 4701 5062
f 5063 4705 4706
f 5063 4706 5064
f 5065 4854 4855
f 5065 4855 5066
f 4842 4843 4922
f 4842 4922 5067
f 5068 4708 4709
f 5068 4709 5069
f 5070 4711 4712
f 5070 4712 5071
f 5071 4712 4713
f 5071 4713 5072
f 5073 4715 4716
f 5073 4716 5074
f 5074 4716 4717
f 5074 4717 5075
f 5075 4717 4718
f 5075 4718 5076
f 5076 4718 4719
f 5076 4719 5077
f 5077 4719 4720
f 5077 4720 5078
f 5078 4720 4721
f 5078 4721 5079
f 5079 4721 4722
f 5079 4722 5080
f 5080 4722 4723
f 5080 4723 5081
f 5081 4723 4724
f 5081 4724 5082
f 5082 4724 4725
f 5082 4725 5083
f 5083 4725 4726
f 5083 4726 5084
f 5084 4726 4727
f 5084 4727 5085
f 5085 4727 4728
f 5085 4728 5086
f 5086 4728 4729
f 5086 4729 5087
f 5087 4729 4730
f 5087 4730 5088
f 5088 4730 4731
f 5088 4731 5089
f 5089 4731 4732
f 5089 4732 5090
f 5090 4732 4733
f 5090 4733 5091
f 5091 4733 4734
f 5091 4734 5092
f 5092 4734 4735
f 5092 4735 5093
f 5093 4735 4736
f 5093 4736 5094
f 5094 4736 4737
f 5094 4737 5095
f 5095 4737 4738
f 5095 4738 5096
f 5096 4738 4739
f 5096 4739 5097
f 5097 4739 4740
f 5097 4740 5098
f 5098 4740 4741
f 5098 4741 5099
f 5099 4741 4742
f 5099 4742 5100
f 5100 4742 4743
f 5100 4743 5101
f 5101 4743 4744
f 5101 4744 5102
f 5102 4744 4745
f 5102 4745 5103
f 5103 4745 4746
f 5103 4746 5104
f 5104 4746 4747
f 5104 4747 5105
f 5105 4747 4748
f 5105 4748 5106
f 5106 4748 4749
f 5106 4749 5107
f 5107 4749 4750
f 5107 4750 5108
f 5108 4750 4751
f 5108 4751 5109
f 5109 4751 4752
f 5109 4752 5110
f 5110 4752 4753
f 5110 4753 5111
f 5111 4753 4754
f 5111 4754 5112
f 5112 4754 4755
f 5112 4755 5113
f 5113 4755 4756
f 5113 4756 5114
f 5114 4756 4757
f 5114 4757 5115
f 5115 4757 4758
f 5115 4758 5116
f 5116 4758 4759
f 5116 4759 5117
f 5117 4759 4760
f 5117 4760 5118
f 5118 4760 4761
f 5118 4761 5119
f 5119 4761 4762
f 5119 4762 5120
f 5120 4762 4763
f 5120 4763 5121
f 5121 4763 4764
f 5121 4764 5122
f 5122 4764 4765
f 5122 4765 5123
f 5123 4765 4766
f 5123 4766 5124
f 5124 4766 4767
f 5124 4767 5125
f 5125 4767 4768
f 5125 4768 5126
f 5126 4768 4769
f 5126 4769 5127
f 5127 4769 4770
f 5127 4770 5128
f 5128 4770 4771
f 5128 4771 5129
f 5129 4771 4772
f 5129 4772 5130
f 5130 4772 4773
f 5130 4773 5131
f 5131 4773 4774
f 5131 4774 5132
f 5132 4774 4775
f 5132 4775 5133
f 5133 4775 4776
f 5133 4776 5134
f 5134 4776 4777
f 5134 4777 5135
f 5135 4777 4778
f 5135 4778 5136
f 5136 4778 4779
f 5136 4779 5137
f 5137 4779 4780
f 5137 4780 5138
f 5138 4780 4781
f 5138 4781 5139
f 5139 4781 4782
f 5139 4782 5140
f 5140 4782 4783
f 5140 4783 5141
f 5141 4783 4784
f 5141 4784 5142
f 5142 4784 4785
f 5142 4785 5143
f 5143 4785 4786
f 5143 4786 5144
f 5144 4786 4787
f 5144 4787 5145
f 5145 4787 4788
f 5145 4788 5146
f 5146 4788 4789
f 5146 4789 5147
f 5147 4789 4790
f 5147 4790 5148
f 5148 4790 4791
f 5148 4791 5149
f 5149 4791 4792
f 5149 4792 5150
f 5150 4792 4793
f 5150 4793 5151
f 5151 4793 4794
f 5151 4794 5152
f 5152 4794 4795
f 5152 4795 5153
f 5153 4795 4796
f 5153 4796 5154
f 5154 4796 4797
f 5154 4797 5155
f 5155 4797 4798
f 5155 4798 5156
f 5156 4798 4799
f 5156 4799 5157
f 5157 4799 4800
f 5157 4800 5158
f 5158 4800 4801
f 5158 4801 5159
f 5159 4801 4802
f 5159 4802 5160
f 5160 4802 4803
f 5160 4803 5161
f 5161 4803 4804
f 5161 4804 5162
f 5162 4804 4805
f 5162 4805 5163
f 5163 4805 4806
f 5163 4806 5164
f 5164 4806 4807
f 5164 4807 5165
f 5165 4807 4808
f 5165 4808 5166
f 5166 4808 4809
f 5166 4809 5167
f 5167 4809 4810
f 5167 4810 5168
f 5168 4810 4811
f 5168 4811 5169
f 5169 4811 4812
f 5169 4812 5170
f 5170 4812 4813
f 5170 4813 5171
f 5171 4813 4814
f 5171 4814 5172
f 5172 4814 4815
f 5172 4815 5173
f 5173 4815 4816
f 5173 4816 5174
f 5174 4816 4817
f 5174 4817 5175
f 5175 4817 4818
f 5175 4818 5176
f 5176 4818 4819
f 5176 4819 5177
f 5177 4819 4820
f 5177 4820 5178
f 5178 4820 4821
f 5178 4821 5179
f 5179 4821 4822
f 5179 4822 5180
f 5180 4822 4823
f 5180 4823 5181
f 5181 4823 4824
f 5181 4824 5182
f 5182 4824 4825
f 5182 4825 5183
f 5183 4825 4826
f 5183 4826 5184
f 5184 4826 4827
f 5184 4827 5185
f 5185 4827 4828
f 5185 4828 5186
f 5186 4828 4829
f 5186 4829 5187
f 5187 4829 4830
f 5187 4830 5188
f 5188 4830 4831
f 5188 4831 5189
f 5189 4831 4832
f 5189 4832 5190
f 5190 4832 4833
f 5190 4833 5191
f 5191 4833 4834
f 5191 4834 5192
f 5192 4834 4835
f 5192 4835 5193
f 5193 4835 4836
f 5193 4836 5194
f 5194 4836 4837
f 5194 4837 5195
f 5195 4837 4838
f 5195 4838 5196
f 5196 4838 4839
f 5196 4839 5197
f 5197 4839 4840
f 5197 4840 5198
f 5198 4840 4841
f 5198 4841 5199
f 5199 4841 4842
f 5199 4842 5067
f 5200 4845 4710
f 5200 4710 5201
f 5202 4848 4851
f 5202 4851 5203
f 5204 4846 4847
f 5204 4847 5205
f 5203 4851 4705
f 5203 4705 5063
f 4923 4707 4846
f 4923 4846 5204
f 5205 4847 4848
f 5205 4848 5202
f 4883 4849 4850
f 4883 4850 5206
f 5207 4844 4845
f 5207 4845 5200
f 5069 4709 4711
f 5069 4711 5070
f 5208 4856 4857
f 5208 4857 5209
f 5210 4852 4853
f 5210 4853 5211
f 5211 4853 4854
f 5211 4854 5065
f 5201 4710 4708
f 5201 4708 5068
f 5212 4703 4704
f 5212 4704 5213
f 5213 4704 4844
f 5213 4844 5207
f 5209 4857 4858
f 5209 4858 5214
f 5214 4858 4859
f 5214 4859 5215
f 5215 4859 4860
f 5215 4860 5216
f 5216 4860 4861
f 5216 4861 5217
f 5217 4861 4862
f 5217 4862 5218
f 5218 4862 4863
f 5218 4863 5219
f 5219 4863 4864
f 5219 4864 5220
f 5220 4864 4865
f 5220 4865 5221
f 5221 4865 4866
f 5221 4866 5222
f 5222 4866 4867
f 5222 4867 5223
f 5223 4867 4868
f 5223 4868 5224
f 5224 4868 4869
f 5224 4869 5225
f 5225 4869 4870
f 5225 4870 5226
f 5226 4870 4871
f 5226 4871 5227
f 5227 4871 4872
f 5227 4872 5228
f 5228 4872 4873
f 5228 4873 5229
f 5229 4873 4874
f 5229 4874 5230
f 5230 4874 4875
f 5230 4875 5231
f 5231 4875 4876
f 5231 4876 5232
f 5232 4876 4877
f 5232 4877 5233
f 5233 4877 4878
f 5233 4878 5234
f 5234 4878 4879
f 5234 4879 5235
f 5235 4879 4880
f 5235 4880 5236
f 5236 4880 4881
f 5236 4881 5237
f 5237 4881 4882
f 5237 4882 5238
f 5238 4882 4883
f 5238 4883 5206
f 5206 4850 4703
f 5206 4703 5212
f 5239 4714 4715
f 5239 4715 5073
f 5240 4885 4884
f 5240 4884 5062
f 5241 4886 4885
f 5241 4885 5240
f 5242 4887 4886
f 5242 4886 5241
f 5243 4888 4887
f 5243 4887 5242
f 5244 4889 4888
f 5244 4888 5243
f 5245 4890 4889
f 5245 4889 5244
f 5246 4891 4890
f 5246 4890 5245
f 5247 4892 4891
f 5247 4891 5246
f 5248 4893 4892
f 5248 4892 5247
f 5249 4894 4893
f 5249 4893 5248
f 5250 4895 4894
f 5250 4894 5249
f 5251 4896 4895
f 5251 4895 5250
f 5252 4897 4896
f 5252 4896 5251
f 5253 4898 4897
f 5253 4897 5252
f 5254 4899 4898
f 5254 4898 5253
f 5255 4900 4899
f 5255 4899 5254
f 5256 4901 4900
f 5256 4900 5255
f 5257 4902 4901
f 5257 4901 5256
f 5258 4903 4902
f 5258 4902 5257
f 5259 4904 4903
f 5259 4903 5258
f 5260 4905 4904
f 5260 4904 5259
f 5261 4906 4905
f 5261 4905 5260
f 5262 4907 4906
f 5262 4906 5261
f 5263 4908 4907
f 5263 4907 5262
f 5264 4909 4908
f 5264 4908 5263
f 5265 4910 4909
f 5265 4909 5264
f 5266 4911 4910
f 5266 4910 5265
f 5267 4912 4911
f 5267 4911 5266
f 5268 4913 4912
f 5268 4912 5267
f 5269 4914 4913
f 5269 4913 5268
f 5270 4915 4914
f 5270 4914 5269
f 5271 4916 4915
f 5271 4915 5270
f 5272 4917 4916
f 5272 4916 5271
f 5273 4918 4917
f 5273 4917 5272
f 5274 4919 4918
f 5274 4918 5273
f 5275 4920 4919
f 5275 4919 5274
f 5276 4921 4920
f 5276 4920 5275
f 5067 4922 4921
f 5067 4921 5276
f 5066 4855 4856
f 5066 4856 5208
f 5072 4713 4714
f 5072 4714 5239
f 5064 4706 4852
f 5064 4852 5210
f 5277 4924 4923
f 5277 4923 5204
f 5278 4925 4924
f 5278 4924 5277
f 5279 4926 4925
f 5279 4925 5278
f 5280 4927 4926
f 5280 4926 5279
f 5281 4928 4927
f 5281 4927 5280
f 5282 4929 4928
f 5282 4928 5281
f 5283 4930 4929
f 5283 4929 5282
f 5284 4931 4930
f 5284 4930 5283
f 5285 4932 4931
f 5285 4931 5284
f 5286 4933 4932
f 5286 4932 5285
f 5287 4934 4933
f 5287 4933 5286
f 5288 4935 4934
f 5288 4934 5287
f 5289 4936 4935
f 5289 4935 5288
f 5290 4937 4936
f 5290 4936 5289
f 5291 4938 4937
f 5291 4937 5290
f 5292 4939 4938
f 5292 4938 5291
f 5293 4940 4939
f 5293 4939 5292
f 5294 4941 4940
f 5294 4940 5293
f 5295 4942 4941
f 5295 4941 5294
f 5296 4943 4942
f 5296 4942 5295
f 5297 4944 4943
f 5297 4943 5296
f 5298 4945 4944
f 5298 4944 5297
f 5299 4946 4945
f 5299 4945 5298
f 5300 4947 4946
f 5300 4946 5299
f 5301 4948 4947
f 5301 4947 5300
f 5302 4949 4948
f 5302 4948 5301
f 5303 4950 4949
f 5303 4949 5302
f 5304 4951 4950
f 5304 4950 5303
f 5305 4952 4951
f 5305 4951 5304
f 5306 4953 4952
f 5306 4952 5305
f 5307 4954 4953
f 5307 4953 5306
f 5308 4955 4954
f 5308 4954 5307
f 5309 4956 4955
f 5309 4955 5308
f 5310 4957 4956
f 5310 4956 5309
f 5311 4958 4957
f 5311 4957 5310
f 5312 4959 4958
f 5312 4958 5311
f 5313 4960 4959
f 5313 4959 5312
f 5314 4961 4960
f 5314 4960 5313
f 5315 4962 4961
f 5315 4961 5314
f 5316 4963 4962
f 5316 4962 5315
f 5317 4964 4963
f 5317 4963 5316
f 5318 4965 4964
f 5318 4964 5317
f 5319 4966 4965
f 5319 4965 5318
f 5320 4967 4966
f 5320 4966 5319
f 5321 4968 4967
f 5321 4967 5320
f 5322 4969 4968
f 5322 4968 5321
f 5323 4970 4969
f 5323 4969 5322
f 5324 4971 4970
f 5324 4970 5323
f 5325 4972 4971
f 5325 4971 5324
f 5326 4973 4972
f 5326 4972 5325
f 5327 4974 4973
f 5327 4973 5326
f 5328 4975 4974
f 5328 4974 5327
f 5329 4976 4975
f 5329 4975 5328
f 5330 4977 4976
f 5330 4976 5329
f 5331 4978 4977
f 5331 4977 5330
f 5332 4979 4978
f 5332 4978 5331
f 5333 4980 4979
f 5333 4979 5332
f 5334 4981 4980
f 5334 4980 5333
f 5335 4982 4981
f 5335 4981 5334
f 5336 4983 4982
f 5336 4982 5335
f 5337 4984 4983
f 5337 4983 5336
f 5338 4985 4984
f 5338 4984 5337
f 5339 4986 4985
f 5339 4985 5338
f 5340 4987 4986
f 5340 4986 5339
f 5341 4988 4987
f 5341 4987 5340
f 5342 4989 4988
f 5342 4988 5341
f 5343 4990 4989
f 5343 4989 5342
f 5344 4991 4990
f 5344 4990 5343
f 5345 4992 4991
f 5345 4991 5344
f 5346 4993 4992
f 5346 4992 5345
f 5347 4994 4993
f 5347 4993 5346
f 5348 4995 4994
f 5348 4994 5347
f 5349 4996 4995
f 5349 4995 5348
f 5350 4997 4996
f 5350 4996 5349
f 5351 4998 4997
f 5351 4997 5350
f 5352 4999 4998
f 5352 4998 5351
f 5353 5000 4999
f 5353 4999 5352
f 5354 5001 5000
f 5354 5000 5353
f 5355 5002 5001
f 5355 5001 5354
f 5356 5003 5002
f 5356 5002 5355
f 5357 5004 5003
f 5357 5003 5356
f 5358 5005 5004
f 5358 5004 5357
f 5359 5006 5005
f 5359 5005 5358
f 5360 5007 5006
f 5360 5006 5359
f 5361 5008 5007
f 5361 5007 5360
f 5362 5009 5008
f 5362 5008 5361
f 5363 5010 5009
f 5363 5009 5362
f 5364 5011 5010
f 5364 5010 5363
f 5365 5012 5011
f 5365 5011 5364
f 5366 5013 5012
f 5366 5012 5365
f 5367 5014 5013
f 5367 5013 5366
f 5368 5015 5014
f 5368 5014 5367
f 5369 5016 5015
f 5369 5015 5368
f 5370 5017 5016
f 5370 5016 5369
f 5371 5018 5017
f 5371 5017 5370
f 5372 5019 5018
f 5372 5018 5371
f 5373 5020 5019
f 5373 5019 5372
f 5374 5021 5020
f 5374 5020 5373
f 5375 5022 5021
f 5375 5021 5374
f 5376 5023 5022
f 5376 5022 5375
f 5377 5024 5023
f 5377 5023 5376
f 5378 5025 5024
f 5378 5024 5377
f 5379 5026 5025
f 5379 5025 5378
f 5380 5027 5026
f 5380 5026 5379
f 5381 5028 5027
f 5381 5027 5380
f 5382 5029 5028
f 5382 5028 5381
f 5383 5030 5029
f 5383 5029 5382
f 5384 5031 5030
f 5384 5030 5383
f 5385 5032 5031
f 5385 5031 5384
f 5386 5033 5032
f 5386 5032 5385
f 5387 5034 5033
f 5387 5033 5386
f 5388 5035 5034
f 5388 5034 5387
f 5389 5036 5035
f 5389 5035 5388
f 5390 5037 5036
f 5390 5036 5389
f 5391 5038 5037
f 5391 5037 5390
f 5392 5039 5038
f 5392 5038 5391
f 5393 5040 5039
f 5393 5039 5392
f 5394 5041 5040
f 5394 5040 5393
f 5395 5042 5041
f 5395 5041 5394
f 5396 5043 5042
f 5396 5042 5395
f 5397 5044 5043
f 5397 5043 5396
f 5398 5045 5044
f 5398 5044 5397
f 5399 5046 5045
f 5399 5045 5398
f 5400 5047 5046
f 5400 5046 5399
f 5401 5048 5047
f 5401 5047 5400
f 5402 5049 5048
f 5402 5048 5401
f 5403 5050 5049
f 5403 5049 5402
f 5404 5051 5050
f 5404 5050 5403
f 5405 5052 5051
f 5405 5051 5404
f 5406 5053 5052
f 5406 5052 5405
f 5407 5054 5053
f 5407 5053 5406
f 5408 5055 5054
f 5408 5054 5407
f 5409 5056 5055
f 5409 5055 5408
f 5410 5057 5056
f 5410 5056 5409
f 5411 5058 5057
f 5411 5057 5410
f 5412 5059 5058
f 5412 5058 5411
f 5413 5060 5059
f 5413 5059 5412
f 5414 5061 5060
f 5414 5060 5413
f 5240 5062 5061
f 5240 5061 5414
f 5415 5065 5066
f 5415 5066 5416
f 5417 5072 5239
f 5417 5239 5418
f 5419 5076 5077
f 5419 5077 5420
f 5421 5200 5201
f 5421 5201 5422
f 5423 5063 5064
f 5423 5064 5424
f 5425 5205 5202
f 5425 5202 5426
f 5427 5068 5069
f 5427 5069 5428
f 5429 5075 5076
f 5429 5076 5419
f 5416 5066 5208
f 5416 5208 5430
f 5431 5071 5072
f 5431 5072 5417
f 5432 5073 5074
f 5432 5074 5433
f 5433 5074 5075
f 5433 5075 5429
f 5420 5077 5078
f 5420 5078 5434
f 5434 5078 5079
f 5434 5079 5435
f 5435 5079 5080
f 5435 5080 5436
f 5436 5080 5081
f 5436 5081 5437
f 5437 5081 5082
f 5437 5082 5438
f 5438 5082 5083
f 5438 5083 5439
f 5439 5083 5084
f 5439 5084 5440
f 5440 5084 5085
f 5440 5085 5441
f 5441 5085 5086
f 5441 5086 5442
f 5442 5086 5087
f 5442 5087 5443
f 5443 5087 5088
f 5443 5088 5444
f 5444 5088 5089
f 5444 5089 5445
f 5445 5089 5090
f 5445 5090 5446
f 5446 5090 5091
f 5446 5091 5447
f 5447 5091 5092
f 5447 5092 5448
f 5448 5092 5093
f 5448 5093 5449
f 5449 5093 5094
f 5449 5094 5450
f 5450 5094 5095
f 5450 5095 5451
f 5451 5095 5096
f 5451 5096 5452
f 5452 5096 5097
f 5452 5097 5453
f 5453 5097 5098
f 5453 5098 5454
f 5454 5098 5099
f 5454 5099 5455
f 5455 5099 5100
f 5455 5100 5456
f 5456 5100 5101
f 5456 5101 5457
f 5457 5101 5102
f 5457 5102 5458
f 5458 5102 5103
f 5458 5103 5459
f 5459 5103 5104
f 5459 5104 5460
f 5460 5104 5105
f 5460 5105 5461
f 5461 5105 5106
f 5461 5106 5462
f 5462 5106 5107
f 5462 5107 5463
f 5463 5107 5108
f 5463 5108 5464
f 5464 5108 5109
f 5464 5109 5465
f 5465 5109 5110
f 5465 5110 5466
f 5466 5110 5111
f 5466 5111 5467
f 5467 5111 5112
f 5467 5112 5468
f 5468 5112 5113
f 5468 5113 5469
f 5469 5113 5114
f 5469 5114 5470
f 5470 5114 5115
f 5470 5115 5471
f 5471 5115 5116
f 5471 5116 5472
f 5472 5116 5117
f 5472 5117 5473
f 5473 5117 5118
f 5473 5118 5474
f 5474 5118 5119
f 5474 5119 5475
f 5475 5119 5120
f 5475 5120 5476
f 5476 5120 5121
f 5476 5121 5477
f 5477 5121 5122
f 5477 5122 5478
f 5478 5122 5123
f 5478 5123 5479
f 5479 5123 5124
f 5479 5124 5480
f 5480 5124 5125
f 5480 5125 5481
f 5481 5125 5126
f 5481 5126 5482
f 5482 5126 5127
f 5482 5127 5483
f 5483 5127 5128
f 5483 5128 5484
f 5484 5128 5129
f 5484 5129 5485
f 5485 5129 5130
f 5485 5130 5486
f 5486 5130 5131
f 5486 5131 5487
f 5487 5131 5132
f 5487 5132 5488
f 5488 5132 5133
f 5488 5133 5489
f 5489 5133 5134
f 5489 5134 5490
f 5490 5134 5135
f 5490 5135 5491
f 5491 5135 5136
f 5491 5136 5492
f 5492 5136 5137
f 5492 5137 5493
f 5493 5137 5138
f 5493 5138 5494
f 5494 5138 5139
f 5494 5139 5495
f 5495 5139 5140
f 5495 5140 5496
f 5496 5140 5141
f 5496 5141 5497
f 5497 5141 5142
f 5497 5142 5498
f 5498 5142 5143
f 5498 5143 5499
f 5499 5143 5144
f 5499 5144 5500
f 5500 5144 5145
f 5500 5145 5501
f 5501 5145 5146
f 5501 5146 5502
f 5502 5146 5147
f 5502 5147 5503
f 5503 5147 5148
f 5503 5148 5504
f 5504 5148 5149
f 5504 5149 5505
f 5505 5149 5150
f 5505 5150 5506
f 5506 5150 5151
f 5506 5151 5507
f 5507 5151 5152
f 5507 5152 5508
f 5508 5152 5153
f 5508 5153 5509
f 5509 5153 5154
f 5509 5154 5510
f 5510 5154 5155
f 5510 5155 5511
f 5511 5155 5156
f 5511 5156 5512
f 5512 5156 5157
f 5512 5157 5513
f 5513 5157 5158
f 5513 5158 5514
f 5514 5158 5159
f 5514 5159 5515
f 5515 5159 5160
f 5515 5160 5516
f 5516 5160 5161
f 5516 5161 5517
f 5517 5161 5162
f 5517 5162 5518
f 5518 5162 5163
f 5518 5163 5519
f 5519 5163 5164
f 5519 5164 5520
f 5520 5164 5165
f 5520 5165 5521
f 5521 5165 5166
f 5521 5166 5522
f 5522 5166 5167
f 5522 5167 5523
f 5523 5167 5168
f 5523 5168 5524
f 5524 5168 5169
f 5524 5169 5525
f 5525 5169 5170
f 5525 5170 5526
f 5526 5170 5171
f 5526 5171 5527
f 5527 5171 5172
f 5527 5172 5528
f 5528 5172 5173
f 5528 5173 5529
f 5529 5173 5174
f 5529 5174 5530
f 5530 5174 5175
f 5530 5175 5531
f 5531 5175 5176
f 5531 5176 5532
f 5532 5176 5177
f 5532 5177 5533
f 5533 5177 5178
f 5533 5178 5534
f 5534 5178 5179
f 5534 5179 5535
f 5535 5179 5180
f 5535 5180 5536
f 5536 5180 5181
f 5536 5181 5537
f 5537 5181 5182
f 5537 5182 5538
f 5538 5182 5183
f 5538 5183 5539
f 5539 5183 5184
f 5539 5184 5540
f 5540 5184 5185
f 5540 5185 5541
f 5541 5185 5186
f 5541 5186 5542
f 5542 5186 5187
f 5542 5187 5543
f 5543 5187 5188
f 5543 5188 5544
f 5544 5188 5189
f 5544 5189 5545
f 5545 5189 5190
f 5545 5190 5546
f 5546 5190 5191
f 5546 5191 5547
f 5547 5191 5192
f 5547 5192 5548
f 5548 5192 5193
f 5548 5193 5549
f 5549 5193 5194
f 5549 5194 5550
f 5550 5194 5195
f 5550 5195 5551
f 5551 5195 5196
f 5551 5196 5552
f 5552 5196 5197
f 5552 5197 5553
f 5553 5197 5198
f 5553 5198 5554
f 5554 5198 5199
f 5554 5199 5555
f 5555 5199 5067
f 5555 5067 5276
f 5556 5209 5214
f 5556 5214 5557
f 5426 5202 5203
f 5426 5203 5558
f 5428 5069 5070
f 5428 5070 5559
f 5557 5214 5215
f 5557 5215 5560
f 5558 5203 5063
f 5558 5063 5423
f 5561 5207 5200
f 5561 5200 5421
f 5559 5070 5071
f 5559 5071 5431
f 5562 5210 5211
f 5562 5211 5563
f 5422 5201 5068
f 5422 5068 5427
f 5563 5211 5065
f 5563 5065 5415
f 5418 5239 5073
f 5418 5073 5432
f 5564 5213 5207
f 5564 5207 5561
f 5565 5216 5217
f 5565 5217 5566
f 5566 5217 5218
f 5566 5218 5567
f 5567 5218 5219
f 5567 5219 5568
f 5568 5219 5220
f 5568 5220 5569
f 5569 5220 5221
f 5569 5221 5570
f 5570 5221 5222
f 5570 5222 5571
f 5571 5222 5223
f 5571 5223 5572
f 5572 5223 5224
f 5572 5224 5573
f 5573 5224 5225
f 5573 5225 5574
f 5574 5225 5226
f 5574 5226 5575
f 5575 5226 5227
f 5575 5227 5576
f 5576 5227 5228
f 5576 5228 5577
f 5577 5228 5229
f 5577 5229 5578
f 5578 5229 5230
f 5578 5230 5579
f 5579 5230 5231
f 5579 5231 5580
f 5580 5231 5232
f 5580 5232 5581
f 5581 5232 5233
f 5581 5233 5582
f 5582 5233 5234
f 5582 5234 5583
f 5583 5234 5235
f 5583 5235 5584
f 5584 5235 5236
f 5584 5236 5585
f 5585 5236 5237
f 5585 5237 5586
f 5586 5237 5238
f 5586 5238 5587
f 5587 5238 5206
f 5587 5206 5212
f 5560 5215 5216
f 5560 5216 5565
f 5588 5241 5240
f 5588 5240 5414
f 5589 5242 5241
f 5589 5241 5588
f 5590 5243 5242
f 5590 5242 5589
f 5591 5244 5243
f 5591 5243 5590
f 5592 5245 5244
f 5592 5244 5591
f 5593 5246 5245
f 5593 5245 5592
f 5594 5247 5246
f 5594 5246 5593
f 5595 5248 5247
f 5595 5247 5594
f 5596 5249 5248
f 5596 5248 5595
f 5597 5250 5249
f 5597 5249 5596
f 5598 5251 5250
f 5598 5250 5597
f 5599 5252 5251
f 5599 5251 5598
f 5600 5253 5252
f 5600 5252 5599
f 5601 5254 5253
f 5601 5253 5600
f 5602 5255 5254
f 5602 5254 5601
f 5603 5256 5255
f 5603 5255 5602
f 5604 5257 5256
f 5604 5256 5603
f 5605 5258 5257
f 5605 5257 5604
f 5606 5259 5258
f 5606 5258 5605
f 5607 5260 5259
f 5607 5259 5606
f 5608 5261 5260
f 5608 5260 5607
f 5609 5262 5261
f 5609 5261 5608
f 5610 5263 5262
f 5610 5262 5609
f 5611 5264 5263
f 5611 5263 5610
f 5612 5265 5264
f 5612 5264 5611
f 5613 5266 5265
f 5613 5265 5612
f 5614 5267 5266
f 5614 5266 5613
f 5615 5268 5267
f 5615 5267 5614
f 5616 5269 5268
f 5616 5268 5615
f 5617 5270 5269
f 5617 5269 5616
f 5618 5271 5270
f 5618 5270 5617
f 5619 5272 5271
f 5619 5271 5618
f 5620 5273 5272
f 5620 5272 5619
f 5621 5274 5273
f 5621 5273 5620
f 5622 5275 5274
f 5622 5274 5621
f 5555 5276 5275
f 5555 5275 5622
f 5424 5064 5210
f 5424 5210 5562
f 5430 5208 5209
f 5430 5209 5556
f 5277 5204 5205
f 5277 5205 5425
f 5587 5212 5213
f 5587 5213 5564
f 5623 5278 5277
f 5623 5277 5425
f 5624 5279 5278
f 5624 5278 5623
f 5625 5280 5279
f 5625 5279 5624
f 5626 5281 5280
f 5626 5280 5625
f 5627 5282 5281
f 5627 5281 5626
f 5628 5283 5282
f 5628 5282 5627
f 5629 5284 5283
f 5629 5283 5628
f 5630 5285 5284
f 5630 5284 5629
f 5631 5286 5285
f 5631 5285 5630
f 5632 5287 5286
f 5632 5286 5631
f 5633 5288 5287
f 5633 5287 5632
f 5634 5289 5288
f 5634 5288 5633
f 5635 5290 5289
f 5635 5289 5634
f 5636 5291 5290
f 5636 5290 5635
f 5637 5292 5291
f 5637 5291 5636
f 5638 5293 5292
f 5638 5292 5637
f 5639 5294 5293
f 5639 5293 5638
f 5640 5295 5294
f 5640 5294 5639
f 5641 5296 5295
f 5641 5295 5640
f 5642 5297 5296
f 5642 5296 5641
f 5643 5298 5297
f 5643 5297 5642
f 5644 5299 5298
f 5644 5298 5643
f 5645 5300 5299
f 5645 5299 5644
f 5646 5301 5300
f 5646 5300 5645
f 5647 5302 5301
f 5647 5301 5646
f 5648 5303 5302
f 5648 5302 5647
f 5649 5304 5303
f 5649 5303 5648
f 5650 5305 5304
f 5650 5304 5649
f 5651 5306 5305
f 5651 5305 5650
f 5652 5307 5306
f 5652 5306 5651
f 5653 5308 5307
f 5653 5307 5652
f 5654 5309 5308
f 5654 5308 5653
f 5655 5310 5309
f 5655 5309 5654
f 5656 5311 5310
f 5656 5310 5655
f 5657 5312 5311
f 5657 5311 5656
f 5658 5313 5312
f 5658 5312 5657
f 5659 5314 5313
f 5659 5313 5658
f 5660 5315 5314
f 5660 5314 5659
f 5661 5316 5315
f 5661 5315 5660
f 5662 5317 5316
f 5662 5316 5661
f 5663 5318 5317
f 5663 5317 5662
f 5664 5319 5318
f 5664 5318 5663
f 5665 5320 5319
f 5665 5319 5664
f 5666 5321 5320
f 5666 5320 5665
f 5667 5322 5321
f 5667 5321 5666
f 5668 5323 5322
f 5668 5322 5667
f 5669 5324 5323
f 5669 5323 5668
f 5670 5325 5324
f 5670 5324 5669
f 5671 5326 5325
f 5671 5325 5670
f 5672 5327 5326
f 5672 5326 5671
f 5673 5328 5327
f 5673 5327 5672
f 5674 5329 5328
f 5674 5328 5673
f 5675 5330 5329
f 5675 5329 5674
f 5676 5331 5330
f 5676 5330 5675
f 5677 5332 5331
f 5677 5331 5676
f 5678 5333 5332
f 5678 5332 5677
f 5679 5334 5333
f 5679 5333 5678
f 5680 5335 5334
f 5680 5334 5679
f 5681 5336 5335
f 5681 5335 5680
f 5682 5337 5336
f 5682 5336 5681
f 5683 5338 5337
f 5683 5337 5682
f 5684 5339 5338
f 5684 5338 5683
f 5685 5340 5339
f 5685 5339 5684
f 5686 5341 5340
f 5686 5340 5685
f 5687 5342 5341
f 5687 5341 5686
f 5688 5343 5342
f 5688 5342 5687
f 5689 5344 5343
f 5689 5343 5688
f 5690 5345 5344
f 5690 5344 5689
f 5691 5346 5345
f 5691 5345 5690
f 5692 5347 5346
f 5692 5346 5691
f 5693 5348 5347
f 5693 5347 5692
f 5694 5349 5348
f 5694 5348 5693
f 5695 5350 5349
f 5695 5349 5694
f 5696 5351 5350
f 5696 5350 5695
f 5697 5352 5351
f 5697 5351 5696
f 5698 5353 5352
f 5698 5352 5697
f 5699 5354 5353
f 5699 5353 5698
f 5700 5355 5354
f 5700 5354 5699
f 5701 5356 5355
f 5701 5355 5700
f 5702 5357 5356
f 5702 5356 5701
f 5703 5358 5357
f 5703 5357 5702
f 5704 5359 5358
f 5704 5358 5703
f 5705 5360 5359
f 5705 5359 5704
f 5706 5361 5360
f 5706 5360 5705
f 5707 5362 5361
f 5707 5361 5706
f 5708 5363 5362
f 5708 5362 5707
f 5709 5364 5363
f 5709 5363 5708
f 5710 5365 5364
f 5710 5364 5709
f 5711 5366 5365
f 5711 5365 5710
f 5712 5367 5366
f 5712 5366 5711
f 5713 5368 5367
f 5713 5367 5712
f 5714 5369 5368
f 5714 5368 5713
f 5715 5370 5369
f 5715 5369 5714
f 5716 5371 5370
f 5716 5370 5715
f 5717 5372 5371
f 5717 5371 5716
f 5718 5373 5372
f 5718 5372 5717
f 5719 5374 5373
f 5719 5373 5718
f 5720 5375 5374
f 5720 5374 5719
f 5721 5376 5375
f 5721 5375 5720
f 5722 5377 5376
f 5722 5376 5721
f 5723 5378 5377
f 5723 5377 5722
f 5724 5379 5378
f 5724 5378 5723
f 5725 5380 5379
f 5725 5379 5724
f 5726 5381 5380
f 5726 5380 5725
f 5727 5382 5381
f 5727 5381 5726
f 5728 5383 5382
f 5728 5382 5727
f 5729 5384 5383
f 5729 5383 5728
f 5730 5385 5384
f 5730 5384 5729
f 5731 5386 5385
f 5731 5385 5730
f 5732 5387 5386
f 5732 5386 5731
f 5733 5388 5387
f 5733 5387 5732
f 5734 5389 5388
f 5734 5388 5733
f 5735 5390 5389
f 5735 5389 5734
f 5736 5391 5390
f 5736 5390 5735
f 5737 5392 5391
f 5737 5391 5736
f 5738 5393 5392
f 5738 5392 5737
f 5739 5394 5393
f 5739 5393 5738
f 5740 5395 5394
f 5740 5394 5739
f 5741 5396 5395
f 5741 5395 5740
f 5742 5397 5396
f 5742 5396 5741
f 5743 5398 5397
f 5743 5397 5742
f 5744 5399 5398
f 5744 5398 5743
f 5745 5400 5399
f 5745 5399 5744
f 5746 5401 5400
f 5746 5400 5745
f 5747 5402 5401
f 5747 5401 5746
f 5748 5403 5402
f 5748 5402 5747
f 5749 5404 5403
f 5749 5403 5748
f 5750 5405 5404
f 5750 5404 5749
f 5751 5406 5405
f 5751 5405 5750
f 5752 5407 5406
f 5752 5406 5751
f 5753 5408 5407
f 5753 5407 5752
f 5754 5409 5408
f 5754 5408 5753
f 5755 5410 5409
f 5755 5409 5754
f 5756 5411 5410
f 5756 5410 5755
f 5757 5412 5411
f 5757 5411 5756
f 5758 5413 5412
f 5758 5412 5757
f 5588 5414 5413
f 5588 5413 5758
f 5759 5417 5418
f 5759 5418 5760
f 5761 5568 5569
f 5761 5569 5762
f 5763 5434 5435
f 5763 5435 5764
f 5765 5563 5415
f 5765 5415 5766
f 5767 5430 5556
f 5767 5556 5768
f 5769 5428 5559
f 5769 5559 5770
f 5771 5557 5560
f 5771 5560 5772
f 5764 5435 5436
f 5764 5436 5773
f 5774 5431 5417
f 5774 5417 5759
f 5775 5432 5433
f 5775 5433 5776
f 5776 5433 5429
f 5776 5429 5777
f 5773 5436 5437
f 5773 5437 5778
f 5778 5437 5438
f 5778 5438 5779
f 5779 5438 5439
f 5779 5439 5780
f 5780 5439 5440
f 5780 5440 5781
f 5781 5440 5441
f 5781 5441 5782
f 5782 5441 5442
f 5782 5442 5783
f 5783 5442 5443
f 5783 5443 5784
f 5784 5443 5444
f 5784 5444 5785
f 5785 5444 5445
f 5785 5445 5786
f 5786 5445 5446
f 5786 5446 5787
f 5787 5446 5447
f 5787 5447 5788
f 5788 5447 5448
f 5788 5448 5789
f 5789 5448 5449
f 5789 5449 5790
f 5790 5449 5450
f 5790 5450 5791
f 5791 5450 5451
f 5791 5451 5792
f 5792 5451 5452
f 5792 5452 5793
f 5793 5452 5453
f 5793 5453 5794
f 5794 5453 5454
f 5794 5454 5795
f 5795 5454 5455
f 5795 5455 5796
f 5796 5455 5456
f 5796 5456 5797
f 5797 5456 5457
f 5797 5457 5798
f 5798 5457 5458
f 5798 5458 5799
f 5799 5458 5459
f 5799 5459 5800
f 5800 5459 5460
f 5800 5460 5801
f 5801 5460 5461
f 5801 5461 5802
f 5802 5461 5462
f 5802 5462 5803
f 5803 5462 5463
f 5803 5463 5804
f 5804 5463 5464
f 5804 5464 5805
f 5805 5464 5465
f 5805 5465 5806
f 5806 5465 5466
f 5806 5466 5807
f 5807 5466 5467
f 5807 5467 5808
f 5808 5467 5468
f 5808 5468 5809
f 5809 5468 5469
f 5809 5469 5810
f 5810 5469 5470
f 5810 5470 5811
f 5811 5470 5471
f 5811 5471 5812
f 5812 5471 5472
f 5812 5472 5813
f 5813 5472 5473
f 5813 5473 5814
f 5814 5473 5474
f 5814 5474 5815
f 5815 5474 5475
f 5815 5475 5816
f 5816 5475 5476
f 5816 5476 5817
f 5817 5476 5477
f 5817 5477 5818
f 5818 5477 5478
f 5818 5478 5819
f 5819 5478 5479
f 5819 5479 5820
f 5820 5479 5480
f 5820 5480 5821
f 5821 5480 5481
f 5821 5481 5822
f 5822 5481 5482
f 5822 5482 5823
f 5823 5482 5483
f 5823 5483 5824
f 5824 5483 5484
f 5824 5484 5825
f 5825 5484 5485
f 5825 5485 5826
f 5826 5485 5486
f 5826 5486 5827
f 5827 5486 5487
f 5827 5487 5828
f 5828 5487 5488
f 5828 5488 5829
f 5829 5488 5489
f 5829 5489 5830
f 5830 5489 5490
f 5830 5490 5831
f 5831 5490 5491
f 5831 5491 5832
f 5832 5491 5492
f 5832 5492 5833
f 5833 5492 5493
f 5833 5493 5834
f 5834 5493 5494
f 5834 5494 5835
f 5835 5494 5495
f 5835 5495 5836
f 5836 5495 5496
f 5836 5496 5837
f 5837 5496 5497
f 5837 5497 5838
f 5838 5497 5498
f 5838 5498 5839
f 5839 5498 5499
f 5839 5499 5840
f 5840 5499 5500
f 5840 5500 5841
f 5841 5500 5501
f 5841 5501 5842
f 5842 5501 5502
f 5842 5502 5843
f 5843 5502 5503
f 5843 5503 5844
f 5844 5503 5504
f 5844 5504 5845
f 5845 5504 5505
f 5845 5505 5846
f 5846 5505 5506
f 5846 5506 5847
f 5847 5506 5507
f 5847 5507 5848
f 5848 5507 5508
f 5848 5508 5849
f 5849 5508 5509
f 5849 5509 5850
f 5850 5509 5510
f 5850 5510 5851
f 5851 5510 5511
f 5851 5511 5852
f 5852 5511 5512
f 5852 5512 5853
f 5853 5512 5513
f 5853 5513 5854
f 5854 5513 5514
f 5854 5514 5855
f 5855 5514 5515
f 5855 5515 5856
f 5856 5515 5516
f 5856 5516 5857
f 5857 5516 5517
f 5857 5517 5858
f 5858 5517 5518
f 5858 5518 5859
f 5859 5518 5519
f 5859 5519 5860
f 5860 5519 5520
f 5860 5520 5861
f 5861 5520 5521
f 5861 5521 5862
f 5862 5521 5522
f 5862 5522 5863
f 5863 5522 5523
f 5863 5523 5864
f 5864 5523 5524
f 5864 5524 5865
f 5865 5524 5525
f 5865 5525 5866
f 5866 5525 5526
f 5866 5526 5867
f 5867 5526 5527
f 5867 5527 5868
f 5868 5527 5528
f 5868 5528 5869
f 5869 5528 5529
f 5869 5529 5870
f 5870 5529 5530
f 5870 5530 5871
f 5871 5530 5531
f 5871 5531 5872
f 5872 5531 5532
f 5872 5532 5873
f 5873 5532 5533
f 5873 5533 5874
f 5874 5533 5534
f 5874 5534 5875
f 5875 5534 5535
f 5875 5535 5876
f 5876 5535 5536
f 5876 5536 5877
f 5877 5536 5537
f 5877 5537 5878
f 5878 5537 5538
f 5878 5538 5879
f 5879 5538 5539
f 5879 5539 5880
f 5880 5539 5540
f 5880 5540 5881
f 5881 5540 5541
f 5881 5541 5882
f 5882 5541 5542
f 5882 5542 5883
f 5883 5542 5543
f 5883 5543 5884
f 5884 5543 5544
f 5884 5544 5885
f 5885 5544 5545
f 5885 5545 5886
f 5886 5545 5546
f 5886 5546 5887
f 5887 5546 5547
f 5887 5547 5888
f 5888 5547 5548
f 5888 5548 5889
f 5889 5548 5549
f 5889 5549 5890
f 5890 5549 5550
f 5890 5550 5891
f 5891 5550 5551
f 5891 5551 5892
f 5892 5551 5552
f 5892 5552 5893
f 5893 5552 5553
f 5893 5553 5894
f 5894 5553 5554
f 5894 5554 5895
f 5895 5554 5555
f 5895 5555 5622
f 5896 5424 5562
f 5896 5562 5897
f 5898 5558 5423
f 5898 5423 5899
f 5900 5567 5568
f 5900 5568 5761
f 5901 5426 5558
f 5901 5558 5898
f 5760 5418 5432
f 5760 5432 5775
f 5766 5415 5416
f 5766 5416 5902
f 5903 5427 5428
f 5903 5428 5769
f 5586 5587 5564
f 5586 5564 5904
f 5905 5422 5427
f 5905 5427 5903
f 5906 5421 5422
f 5906 5422 5905
f 5907 5565 5566
f 5907 5566 5908
f 5904 5564 5561
f 5904 5561 5909
f 5908 5566 5567
f 5908 5567 5900
f 5762 5569 5570
f 5762 5570 5910
f 5910 5570 5571
f 5910 5571 5911
f 5911 5571 5572
f 5911 5572 5912
f 5912 5572 5573
f 5912 5573 5913
f 5913 5573 5574
f 5913 5574 5914
f 5914 5574 5575
f 5914 5575 5915
f 5915 5575 5576
f 5915 5576 5916
f 5916 5576 5577
f 5916 5577 5917
f 5917 5577 5578
f 5917 5578 5918
f 5918 5578 5579
f 5918 5579 5919
f 5919 5579 5580
f 5919 5580 5920
f 5920 5580 5581
f 5920 5581 5921
f 5921 5581 5582
f 5921 5582 5922
f 5922 5582 5583
f 5922 5583 5923
f 5923 5583 5584
f 5923 5584 5924
f 5924 5584 5585
f 5924 5585 5925
f 5925 5585 5586
f 5925 5586 5904
f 5772 5560 5565
f 5772 5565 5907
f 5777 5429 5419
f 5777 5419 5926
f 5768 5556 5557
f 5768 5557 5771
f 5926 5419 5420
f 5926 5420 5927
f 5899 5423 5424
f 5899 5424 5896
f 5897 5562 5563
f 5897 5563 5765
f 5928 5589 5588
f 5928 5588 5758
f 5929 5590 5589
f 5929 5589 5928
f 5930 5591 5590
f 5930 5590 5929
f 5931 5592 5591
f 5931 5591 5930
f 5932 5593 5592
f 5932 5592 5931
f 5933 5594 5593
f 5933 5593 5932
f 5934 5595 5594
f 5934 5594 5933
f 5935 5596 5595
f 5935 5595 5934
f 5936 5597 5596
f 5936 5596 5935
f 5937 5598 5597
f 5937 5597 5936
f 5938 5599 5598
f 5938 5598 5937
f 5939 5600 5599
f 5939 5599 5938
f 5940 5601 5600
f 5940 5600 5939
f 5941 5602 5601
f 5941 5601 5940
f 5942 5603 5602
f 5942 5602 5941
f 5943 5604 5603
f 5943 5603 5942
f 5944 5605 5604
f 5944 5604 5943
f 5945 5606 5605
f 5945 5605 5944
f 5946 5607 5606
f 5946 5606 5945
f 5947 5608 5607
f 5947 5607 5946
f 5948 5609 5608
f 5948 5608 5947
f 5949 5610 5609
f 5949 5609 5948
f 5950 5611 5610
f 5950 5610 5949
f 5951 5612 5611
f 5951 5611 5950
f 5952 5613 5612
f 5952 5612 5951
f 5953 5614 5613
f 5953 5613 5952
f 5954 5615 5614
f 5954 5614 5953
f 5955 5616 5615
f 5955 5615 5954
f 5956 5617 5616
f 5956 5616 5955
f 5957 5618 5617
f 5957 5617 5956
f 5958 5619 5618
f 5958 5618 5957
f 5959 5620 5619
f 5959 5619 5958
f 5960 5621 5620
f 5960 5620 5959
f 5895 5622 5621
f 5895 5621 5960
f 5623 5425 5426
f 5623 5426 5901
f 5909 5561 5421
f 5909 5421 5906
f 5770 5559 5431
f 5770 5431 5774
f 5902 5416 5430
f 5902 5430 5767
f 5927 5420 5434
f 5927 5434 5763
f 5961 5624 5623
f 5961 5623 5901
f 5962 5625 5624
f 5962 5624 5961
f 5963 5626 5625
f 5963 5625 5962
f 5964 5627 5626
f 5964 5626 5963
f 5965 5628 5627
f 5965 5627 5964
f 5966 5629 5628
f 5966 5628 5965
f 5967 5630 5629
f 5967 5629 5966
f 5968 5631 5630
f 5968 5630 5967
f 5969 5632 5631
f 5969 5631 5968
f 5970 5633 5632
f 5970 5632 5969
f 5971 5634 5633
f 5971 5633 5970
f 5972 5635 5634
f 5972 5634 5971
f 5973 5636 5635
f 5973 5635 5972
f 5974 5637 5636
f 5974 5636 5973
f 5975 5638 5637
f 5975 5637 5974
f 5976 5639 5638
f 5976 5638 5975
f 5977 5640 5639
f 5977 5639 5976
f 5978 5641 5640
f 5978 5640 5977
f 5979 5642 5641
f 5979 5641 5978
f 5980 5643 5642
f 5980 5642 5979
f 5981 5644 5643
f 5981 5643 5980
f 5982 5645 5644
f 5982 5644 5981
f 5983 5646 5645
f 5983 5645 5982
f 5984 5647 5646
f 5984 5646 5983
f 5985 5648 5647
f 5985 5647 5984
f 5986 5649 5648
f 5986 5648 5985
f 5987 5650 5649
f 5987 5649 5986
f 5988 5651 5650
f 5988 5650 5987
f 5989 5652 5651
f 5989 5651 5988
f 5990 5653 5652
f 5990 5652 5989
f 5991 5654 5653
f 5991 5653 5990
f 5992 5655 5654
f 5992 5654 5991
f 5993 5656 5655
f 5993 5655 5992
f 5994 5657 5656
f 5994 5656 5993
f 5995 5658 5657
f 5995 5657 5994
f 5996 5659 5658
f 5996 5658 5995
f 5997 5660 5659
f 5997 5659 5996
f 5998 5661 5660
f 5998 5660 5997
f 5999 5662 5661
f 5999 5661 5998
f 6000 5663 5662
f 6000 5662 5999
f 6001 5664 5663
f 6001 5663 6000
f 6002 5665 5664
f 6002 5664 6001
f 6003 5666 5665
f 6003 5665 6002
f 6004 5667 5666
f 6004 5666 6003
f 6005 5668 5667
f 6005 5667 6004
f 6006 5669 5668
f 6006 5668 6005
f 6007 5670 5669
f 6007 5669 6006
f 6008 5671 5670
f 6008 5670 6007
f 6009 5672 5671
f 6009 5671 6008
f 6010 5673 5672
f 6010 5672 6009
f 6011 5674 5673
f 6011 5673 6010
f 6012 5675 5674
f 6012 5674 6011
f 6013 5676 5675
f 6013 5675 6012
f 6014 5677 5676
f 6014 5676 6013
f 6015 5678 5677
f 6015 5677 6014
f 6016 5679 5678
f 6016 5678 6015
f 6017 5680 5679
f 6017 5679 6016
f 6018 5681 5680
f 6018 5680 6017
f 6019 5682 5681
f 6019 5681 6018
f 6020 5683 5682
f 6020 5682 6019
f 6021 5684 5683
f 6021 5683 6020
f 6022 5685 5684
f 6022 5684 6021
f 6023 5686 5685
f 6023 5685 6022
f 6024 5687 5686
f 6024 5686 6023
f 6025 5688 5687
f 6025 5687 6024
f 6026 5689 5688
f 6026 5688 6025
f 6027 5690 5689
f 6027 5689 6026
f 6028 5691 5690
f 6028 5690 6027
f 6029 5692 5691
f 6029 5691 6028
f 6030 5693 5692
f 6030 5692 6029
f 6031 5694 5693
f 6031 5693 6030
f 6032 5695 5694
f 6032 5694 6031
f 6033 5696 5695
f 6033 5695 6032
f 6034 5697 5696
f 6034 5696 6033
f 6035 5698 5697
f 6035 5697 6034
f 6036 5699 5698
f 6036 5698 6035
f 6037 5700 5699
f 6037 5699 6036
f 6038 5701 5700
f 6038 5700 6037
f 6039 5702 5701
f 6039 5701 6038
f 6040 5703 5702
f 6040 5702 6039
f 6041 5704 5703
f 6041 5703 6040
f 6042 5705 5704
f 6042 5704 6041
f 6043 5706 5705
f 6043 5705 6042
f 6044 5707 5706
f 6044 5706 6043
f 6045 5708 5707
f 6045 5707 6044
f 6046 5709 5708
f 6046 5708 6045
f 6047 5710 5709
f 6047 5709 6046
f 6048 5711 5710
f 6048 5710 6047
f 6049 5712 5711
f 6049 5711 6048
f 6050 5713 5712
f 6050 5712 6049
f 6051 5714 5713
f 6051 5713 6050
f 6052 5715 5714
f 6052 5714 6051
f 6053 5716 5715
f 6053 5715 6052
f 6054 5717 5716
f 6054 5716 6053
f 6055 5718 5717
f 6055 5717 6054
f 6056 5719 5718
f 6056 5718 6055
f 6057 5720 5719
f 6057 5719 6056
f 6058 5721 5720
f 6058 5720 6057
f 6059 5722 5721
f 6059 5721 6058
f 6060 5723 5722
f 6060 5722 6059
f 6061 5724 5723
f 6061 5723 6060
f 6062 5725 5724
f 6062 5724 6061
f 6063 5726 5725
f 6063 5725 6062
f 6064 5727 5726
f 6064 5726 6063
f 6065 5728 5727
f 6065 5727 6064
f 6066 5729 5728
f 6066 5728 6065
f 6067 5730 5729
f 6067 5729 6066
f 6068 5731 5730
f 6068 5730 6067
f 6069 5732 5731
f 6069 5731 6068
f 6070 5733 5732
f 6070 5732 6069
f 6071 5734 5733
f 6071 5733 6070
f 6072 5735 5734
f 6072 5734 6071
f 6073 5736 5735
f 6073 5735 6072
f 6074 5737 5736
f 6074 5736 6073
f 6075 5738 5737
f 6075 5737 6074
f 6076 5739 5738
f 6076 5738 6075
f 6077 5740 5739
f 6077 5739 6076
f 6078 5741 5740
f 6078 5740 6077
f 6079 5742 5741
f 6079 5741 6078
f 6080 5743 5742
f 6080 5742 6079
f 6081 5744 5743
f 6081 5743 6080
f 6082 5745 5744
f 6082 5744 6081
f 6083 5746 5745
f 6083 5745 6082
f 6084 5747 5746
f 6084 5746 6083
f 6085 5748 5747
f 6085 5747 6084
f 6086 5749 5748
f 6086 5748 6085
f 6087 5750 5749
f 6087 5749 6086
f 6088 5751 5750
f 6088 5750 6087
f 6089 5752 5751
f 6089 5751 6088
f 6090 5753 5752
f 6090 5752 6089
f 6091 5754 5753
f 6091 5753 6090
f 6092 5755 5754
f 6092 5754 6091
f 6093 5756 5755
f 6093 5755 6092
f 6094 5757 5756
f 6094 5756 6093
f 5928 5758 5757
f 5928 5757 6094
f 6095 5761 5762
f 6095 5762 6096
f 6097 5773 5778
f 6097 5778 6098
f 6099 5910 5911
f 6099 5911 6100
f 6101 5909 5906
f 6101 5906 6102
f 6103 5926 5927
f 6103 5927 6104
f 6105 5902 5767
f 6105 5767 6106
f 6107 5777 5926
f 6107 5926 6103
f 6108 5764 5773
f 6108 5773 6097
f 6109 5774 5759
f 6109 5759 6110
f 6110 5759 5760
f 6110 5760 6111
f 6112 5775 5776
f 6112 5776 6113
f 6113 5776 5777
f 6113 5777 6107
f 6114 5779 5780
f 6114 5780 6115
f 6115 5780 5781
f 6115 5781 6116
f 6116 5781 5782
f 6116 5782 6117
f 6117 5782 5783
f 6117 5783 6118
f 6118 5783 5784
f 6118 5784 6119
f 6119 5784 5785
f 6119 5785 6120
f 6120 5785 5786
f 6120 5786 6121
f 6121 5786 5787
f 6121 5787 6122
f 6122 5787 5788
f 6122 5788 6123
f 6123 5788 5789
f 6123 5789 6124
f 6124 5789 5790
f 6124 5790 6125
f 6125 5790 5791
f 6125 5791 6126
f 6126 5791 5792
f 6126 5792 6127
f 6127 5792 5793
f 6127 5793 6128
f 6128 5793 5794
f 6128 5794 6129
f 6129 5794 5795
f 6129 5795 6130
f 6130 5795 5796
f 6130 5796 6131
f 6131 5796 5797
f 6131 5797 6132
f 6132 5797 5798
f 6132 5798 6133
f 6133 5798 5799
f 6133 5799 6134
f 6134 5799 5800
f 6134 5800 6135
f 6135 5800 5801
f 6135 5801 6136
f 6136 5801 5802
f 6136 5802 6137
f 6137 5802 5803
f 6137 5803 6138
f 6138 5803 5804
f 6138 5804 6139
f 6139 5804 5805
f 6139 5805 6140
f 6140 5805 5806
f 6140 5806 6141
f 6141 5806 5807
f 6141 5807 6142
f 6142 5807 5808
f 6142 5808 6143
f 6143 5808 5809
f 6143 5809 6144
f 6144 5809 5810
f 6144 5810 6145
f 6145 5810 5811
f 6145 5811 6146
f 6146 5811 5812
f 6146 5812 6147
f 6147 5812 5813
f 6147 5813 6148
f 6148 5813 5814
f 6148 5814 6149
f 6149 5814 5815
f 6149 5815 6150
f 6150 5815 5816
f 6150 5816 6151
f 6151 5816 5817
f 6151 5817 6152
f 6152 5817 5818
f 6152 5818 6153
f 6153 5818 5819
f 6153 5819 6154
f 6154 5819 5820
f 6154 5820 6155
f 6155 5820 5821
f 6155 5821 6156
f 6156 5821 5822
f 6156 5822 6157
f 6157 5822 5823
f 6157 5823 6158
f 6158 5823 5824
f 6158 5824 6159
f 6159 5824 5825
f 6159 5825 6160
f 6160 5825 5826
f 6160 5826 6161
f 6161 5826 5827
f 6161 5827 6162
f 6162 5827 5828
f 6162 5828 6163
f 6163 5828 5829
f 6163 5829 6164
f 6164 5829 5830
f 6164 5830 6165
f 6165 5830 5831
f 6165 5831 6166
f 6166 5831 5832
f 6166 5832 6167
f 6167 5832 5833
f 6167 5833 6168
f 6168 5833 5834
f 6168 5834 6169
f 6169 5834 5835
f 6169 5835 6170
f 6170 5835 5836
f 6170 5836 6171
f 6171 5836 5837
f 6171 5837 6172
f 6172 5837 5838
f 6172 5838 6173
f 6173 5838 5839
f 6173 5839 6174
f 6174 5839 5840
f 6174 5840 6175
f 6175 5840 5841
f 6175 5841 6176
f 6176 5841 5842
f 6176 5842 6177
f 6177 5842 5843
f 6177 5843 6178
f 6178 5843 5844
f 6178 5844 6179
f 6179 5844 5845
f 6179 5845 6180
f 6180 5845 5846
f 6180 5846 6181
f 6181 5846 5847
f 6181 5847 6182
f 6182 5847 5848
f 6182 5848 6183
f 6183 5848 5849
f 6183 5849 6184
f 6184 5849 5850
f 6184 5850 6185
f 6185 5850 5851
f 6185 5851 6186
f 6186 5851 5852
f 6186 5852 6187
f 6187 5852 5853
f 6187 5853 6188
f 6188 5853 5854
f 6188 5854 6189
f 6189 5854 5855
f 6189 5855 6190
f 6190 5855 5856
f 6190 5856 6191
f 6191 5856 5857
f 6191 5857 6192
f 6192 5857 5858
f 6192 5858 6193
f 6193 5858 5859
f 6193 5859 6194
f 6194 5859 5860
f 6194 5860 6195
f 6195 5860 5861
f 6195 5861 6196
f 6196 5861 5862
f 6196 5862 6197
f 6197 5862 5863
f 6197 5863 6198
f 6198 5863 5864
f 6198 5864 6199
f 6199 5864 5865
f 6199 5865 6200
f 6200 5865 5866
f 6200 5866 6201
f 6201 5866 5867
f 6201 5867 6202
f 6202 5867 5868
f 6202 5868 6203
f 6203 5868 5869
f 6203 5869 6204
f 6204 5869 5870
f 6204 5870 6205
f 6205 5870 5871
f 6205 5871 6206
f 6206 5871 5872
f 6206 5872 6207
f 6207 5872 5873
f 6207 5873 6208
f 6208 5873 5874
f 6208 5874 6209
f 6209 5874 5875
f 6209 5875 6210
f 6210 5875 5876
f 6210 5876 6211
f 6211 5876 5877
f 6211 5877 6212
f 6212 5877 5878
f 6212 5878 6213
f 6213 5878 5879
f 6213 5879 6214
f 6214 5879 5880
f 6214 5880 6215
f 6215 5880 5881
f 6215 5881 6216
f 6216 5881 5882
f 6216 5882 6217
f 6217 5882 5883
f 6217 5883 6218
f 6218 5883 5884
f 6218 5884 6219
f 6219 5884 5885
f 6219 5885 6220
f 6220 5885 5886
f 6220 5886 6221
f 6221 5886 5887
f 6221 5887 6222
f 6222 5887 5888
f 6222 5888 6223
f 6223 5888 5889
f 6223 5889 6224
f 6224 5889 5890
f 6224 5890 6225
f 6225 5890 5891
f 6225 5891 6226
f 6226 5891 5892
f 6226 5892 6227
f 6227 5892 5893
f 6227 5893 6228
f 6228 5893 5894
f 6228 5894 6229
f 6229 5894 5895
f 6229 5895 5960
f 6230 5898 5899
f 6230 5899 6231
f 6232 5897 5765
f 6232 5765 6233
f 6100 5911 5912
f 6100 5912 6234
f 5961 5901 5898
f 5961 5898 6230
f 6233 5765 5766
f 6233 5766 6235
f 6236 5770 5774
f 6236 5774 6109
f 6231 5899 5896
f 6231 5896 6237
f 6238 5769 5770
f 6238 5770 6236
f 6239 5903 5769
f 6239 5769 6238
f 6240 5908 5900
f 6240 5900 6241
f 6242 5905 5903
f 6242 5903 6239
f 6106 5767 5768
f 6106 5768 6243
f 6102 5906 5905
f 6102 5905 6242
f 6244 5907 5908
f 6244 5908 6240
f 6111 5760 5775
f 6111 5775 6112
f 6235 5766 5902
f 6235 5902 6105
f 5925 5904 5909
f 5925 5909 6101
f 6234 5912 5913
f 6234 5913 6245
f 6245 5913 5914
f 6245 5914 6246
f 6246 5914 5915
f 6246 5915 6247
f 6247 5915 5916
f 6247 5916 6248
f 6248 5916 5917
f 6248 5917 6249
f 6249 5917 5918
f 6249 5918 6250
f 6250 5918 5919
f 6250 5919 6251
f 6251 5919 5920
f 6251 5920 6252
f 6252 5920 5921
f 6252 5921 6253
f 6253 5921 5922
f 6253 5922 6254
f 6254 5922 5923
f 6254 5923 6255
f 6255 5923 5924
f 6255 5924 6256
f 6256 5924 5925
f 6256 5925 6101
f 6257 5772 5907
f 6257 5907 6244
f 6096 5762 5910
f 6096 5910 6099
f 6243 5768 5771
f 6243 5771 6258
f 6104 5927 5763
f 6104 5763 6259
f 6098 5778 5779
f 6098 5779 6114
f 6241 5900 5761
f 6241 5761 6095
f 6259 5763 5764
f 6259 5764 6108
f 6260 5929 5928
f 6260 5928 6094
f 6261 5930 5929
f 6261 5929 6260
f 6262 5931 5930
f 6262 5930 6261
f 6263 5932 5931
f 6263 5931 6262
f 6264 5933 5932
f 6264 5932 6263
f 6265 5934 5933
f 6265 5933 6264
f 6266 5935 5934
f 6266 5934 6265
f 6267 5936 5935
f 6267 5935 6266
f 6268 5937 5936
f 6268 5936 6267
f 6269 5938 5937
f 6269 5937 6268
f 6270 5939 5938
f 6270 5938 6269
f 6271 5940 5939
f 6271 5939 6270
f 6272 5941 5940
f 6272 5940 6271
f 6273 5942 5941
f 6273 5941 6272
f 6274 5943 5942
f 6274 5942 6273
f 6275 5944 5943
f 6275 5943 6274
f 6276 5945 5944
f 6276 5944 6275
f 6277 5946 5945
f 6277 5945 6276
f 6278 5947 5946
f 6278 5946 6277
f 6279 5948 5947
f 6279 5947 6278
f 6280 5949 5948
f 6280 5948 6279
f 6281 5950 5949
f 6281 5949 6280
f 6282 5951 5950
f 6282 5950 6281
f 6283 5952 5951
f 6283 5951 6282
f 6284 5953 5952
f 6284 5952 6283
f 6285 5954 5953
f 6285 5953 6284
f 6286 5955 5954
f 6286 5954 6285
f 6287 5956 5955
f 6287 5955 6286
f 6288 5957 5956
f 6288 5956 6287
f 6289 5958 5957
f 6289 5957 6288
f 6290 5959 5958
f 6290 5958 6289
f 6229 5960 5959
f 6229 5959 6290
f 6258 5771 5772
f 6258 5772 6257
f 6237 5896 5897
f 6237 5897 6232
f 6291 5962 5961
f 6291 5961 6230
f 6292 5963 5962
f 6292 5962 6291
f 6293 5964 5963
f 6293 5963 6292
f 6294 5965 5964
f 6294 5964 6293
f 6295 5966 5965
f 6295 5965 6294
f 6296 5967 5966
f 6296 5966 6295
f 6297 5968 5967
f 6297 5967 6296
f 6298 5969 5968
f 6298 5968 6297
f 6299 5970 5969
f 6299 5969 6298
f 6300 5971 5970
f 6300 5970 6299
f 6301 5972 5971
f 6301 5971 6300
f 6302 5973 5972
f 6302 5972 6301
f 6303 5974 5973
f 6303 5973 6302
f 6304 5975 5974
f 6304 5974 6303
f 6305 5976 5975
f 6305 5975 6304
f 6306 5977 5976
f 6306 5976 6305
f 6307 5978 5977
f 6307 5977 6306
f 6308 5979 5978
f 6308 5978 6307
f 6309 5980 5979
f 6309 5979 6308
f 6310 5981 5980
f 6310 5980 6309
f 6311 5982 5981
f 6311 5981 6310
f 6312 5983 5982
f 6312 5982 6311
f 6313 5984 5983
f 6313 5983 6312
f 6314 5985 5984
f 6314 5984 6313
f 6315 5986 5985
f 6315 5985 6314
f 6316 5987 5986
f 6316 5986 6315
f 6317 5988 5987
f 6317 5987 6316
f 6318 5989 5988
f 6318 5988 6317
f 6319 5990 5989
f 6319 5989 6318
f 6320 5991 5990
f 6320 5990 6319
f 6321 5992 5991
f 6321 5991 6320
f 6322 5993 5992
f 6322 5992 6321
f 6323 5994 5993
f 6323 5993 6322
f 6324 5995 5994
f 6324 5994 6323
f 6325 5996 5995
f 6325 5995 6324
f 6326 5997 5996
f 6326 5996 6325
f 6327 5998 5997
f 6327 5997 6326
f 6328 5999 5998
f 6328 5998 6327
f 6329 6000 5999
f 6329 5999 6328
f 6330 6001 6000
f 6330 6000 6329
f 6331 6002 6001
f 6331 6001 6330
f 6332 6003 6002
f 6332 6002 6331
f 6333 6004 6003
f 6333 6003 6332
f 6334 6005 6004
f 6334 6004 6333
f 6335 6006 6005
f 6335 6005 6334
f 6336 6007 6006
f 6336 6006 6335
f 6337 6008 6007
f 6337 6007 6336
f 6338 6009 6008
f 6338 6008 6337
f 6339 6010 6009
f 6339 6009 6338
f 6340 6011 6010
f 6340 6010 6339
f 6341 6012 6011
f 6341 6011 6340
f 6342 6013 6012
f 6342 6012 6341
f 6343 6014 6013
f 6343 6013 6342
f 6344 6015 6014
f 6344 6014 6343
f 6345 6016 6015
f 6345 6015 6344
f 6346 6017 6016
f 6346 6016 6345
f 6347 6018 6017
f 6347 6017 6346
f 6348 6019 6018
f 6348 6018 6347
f 6349 6020 6019
f 6349 6019 6348
f 6350 6021 6020
f 6350 6020 6349
f 6351 6022 6021
f 6351 6021 6350
f 6352 6023 6022
f 6352 6022 6351
f 6353 6024 6023
f 6353 6023 6352
f 6354 6025 6024
f 6354 6024 6353
f 6355 6026 6025
f 6355 6025 6354
f 6356 6027 6026
f 6356 6026 6355
f 6357 6028 6027
f 6357 6027 6356
f 6358 6029 6028
f 6358 6028 6357
f 6359 6030 6029
f 6359 6029 6358
f 6360 6031 6030
f 6360 6030 6359
f 6361 6032 6031
f 6361 6031 6360
f 6362 6033 6032
f 6362 6032 6361
f 6363 6034 6033
f 6363 6033 6362
f 6364 6035 6034
f 6364 6034 6363
f 6365 6036 6035
f 6365 6035 6364
f 6366 6037 6036
f 6366 6036 6365
f 6367 6038 6037
f 6367 6037 6366
f 6368 6039 6038
f 6368 6038 6367
f 6369 6040 6039
f 6369 6039 6368
f 6370 6041 6040
f 6370 6040 6369
f 6371 6042 6041
f 6371 6041 6370
f 6372 6043 6042
f 6372 6042 6371
f 6373 6044 6043
f 6373 6043 6372
f 6374 6045 6044
f 6374 6044 6373
f 6375 6046 6045
f 6375 6045 6374
f 6376 6047 6046
f 6376 6046 6375
f 6377 6048 6047
f 6377 6047 6376
f 6378 6049 6048
f 6378 6048 6377
f 6379 6050 6049
f 6379 6049 6378
f 6380 6051 6050
f 6380 6050 6379
f 6381 6052 6051
f 6381 6051 6380
f 6382 6053 6052
f 6382 6052 6381
f 6383 6054 6053
f 6383 6053 6382
f 6384 6055 6054
f 6384 6054 6383
f 6385 6056 6055
f 6385 6055 6384
f 6386 6057 6056
f 6386 6056 6385
f 6387 6058 6057
f 6387 6057 6386
f 6388 6059 6058
f 6388 6058 6387
f 6389 6060 6059
f 6389 6059 6388
f 6390 6061 6060
f 6390 6060 6389
f 6391 6062 6061
f 6391 6061 6390
f 6392 6063 6062
f 6392 6062 6391
f 6393 6064 6063
f 6393 6063 6392
f 6394 6065 6064
f 6394 6064 6393
f 6395 6066 6065
f 6395 6065 6394
f 6396 6067 6066
f 6396 6066 6395
f 6397 6068 6067
f 6397 6067 6396
f 6398 6069 6068
f 6398 6068 6397
f 6399 6070 6069
f 6399 6069 6398
f 6400 6071 6070
f 6400 6070 6399
f 6401 6072 6071
f 6401 6071 6400
f 6402 6073 6072
f 6402 6072 6401
f 6403 6074 6073
f 6403 6073 6402
f 6404 6075 6074
f 6404 6074 6403
f 6405 6076 6075
f 6405 6075 6404
f 6406 6077 6076
f 6406 6076 6405
f 6407 6078 6077
f 6407 6077 6406
f 6408 6079 6078
f 6408 6078 6407
f 6409 6080 6079
f 6409 6079 6408
f 6410 6081 6080
f 6410 6080 6409
f 6411 6082 6081
f 6411 6081 6410
f 6412 6083 6082
f 6412 6082 6411
f 6413 6084 6083
f 6413 6083 6412
f 6414 6085 6084
f 6414 6084 6413
f 6415 6086 6085
f 6415 6085 6414
f 6416 6087 6086
f 6416 6086 6415
f 6417 6088 6087
f 6417 6087 6416
f 6418 6089 6088
f 6418 6088 6417
f 6419 6090 6089
f 6419 6089 6418
f 6420 6091 6090
f 6420 6090 6419
f 6421 6092 6091
f 6421 6091 6420
f 6422 6093 6092
f 6422 6092 6421
f 6260 6094 6093
f 6260 6093 6422
f 6423 6097 6098
f 6423 6098 6424
f 6425 6241 6095
f 6425 6095 6426
f 6427 6096 6099
f 6427 6099 6428
f 6256 6101 6102
f 6256 6102 6429
f 6424 6098 6114
f 6424 6114 6430
f 6431 6103 6104
f 6431 6104 6432
f 6429 6102 6242
f 6429 6242 6433
f 6430 6114 6115
f 6430 6115 6434
f 6435 6108 6097
f 6435 6097 6423
f 6436 6109 6110
f 6436 6110 6437
f 6437 6110 6111
f 6437 6111 6438
f 6439 6112 6113
f 6439 6113 6440
f 6440 6113 6107
f 6440 6107 6441
f 6434 6115 6116
f 6434 6116 6442
f 6443 6118 6119
f 6443 6119 6444
f 6444 6119 6120
f 6444 6120 6445
f 6445 6120 6121
f 6445 6121 6446
f 6446 6121 6122
f 6446 6122 6447
f 6447 6122 6123
f 6447 6123 6448
f 6448 6123 6124
f 6448 6124 6449
f 6449 6124 6125
f 6449 6125 6450
f 6450 6125 6126
f 6450 6126 6451
f 6451 6126 6127
f 6451 6127 6452
f 6452 6127 6128
f 6452 6128 6453
f 6453 6128 6129
f 6453 6129 6454
f 6454 6129 6130
f 6454 6130 6455
f 6455 6130 6131
f 6455 6131 6456
f 6456 6131 6132
f 6456 6132 6457
f 6457 6132 6133
f 6457 6133 6458
f 6458 6133 6134
f 6458 6134 6459
f 6459 6134 6135
f 6459 6135 6460
f 6460 6135 6136
f 6460 6136 6461
f 6461 6136 6137
f 6461 6137 6462
f 6462 6137 6138
f 6462 6138 6463
f 6463 6138 6139
f 6463 6139 6464
f 6464 6139 6140
f 6464 6140 6465
f 6465 6140 6141
f 6465 6141 6466
f 6466 6141 6142
f 6466 6142 6467
f 6467 6142 6143
f 6467 6143 6468
f 6468 6143 6144
f 6468 6144 6469
f 6469 6144 6145
f 6469 6145 6470
f 6470 6145 6146
f 6470 6146 6471
f 6471 6146 6147
f 6471 6147 6472
f 6472 6147 6148
f 6472 6148 6473
f 6473 6148 6149
f 6473 6149 6474
f 6474 6149 6150
f 6474 6150 6475
f 6475 6150 6151
f 6475 6151 6476
f 6476 6151 6152
f 6476 6152 6477
f 6477 6152 6153
f 6477 6153 6478
f 6478 6153 6154
f 6478 6154 6479
f 6479 6154 6155
f 6479 6155 6480
f 6480 6155 6156
f 6480 6156 6481
f 6481 6156 6157
f 6481 6157 6482
f 6482 6157 6158
f 6482 6158 6483
f 6483 6158 6159
f 6483 6159 6484
f 6484 6159 6160
f 6484 6160 6485
f 6485 6160 6161
f 6485 6161 6486
f 6486 6161 6162
f 6486 6162 6487
f 6487 6162 6163
f 6487 6163 6488
f 6488 6163 6164
f 6488 6164 6489
f 6489 6164 6165
f 6489 6165 6490
f 6490 6165 6166
f 6490 6166 6491
f 6491 6166 6167
f 6491 6167 6492
f 6492 6167 6168
f 6492 6168 6493
f 6493 6168 6169
f 6493 6169 6494
f 6494 6169 6170
f 6494 6170 6495
f 6495 6170 6171
f 6495 6171 6496
f 6496 6171 6172
f 6496 6172 6497
f 6497 6172 6173
f 6497 6173 6498
f 6498 6173 6174
f 6498 6174 6499
f 6499 6174 6175
f 6499 6175 6500
f 6500 6175 6176
f 6500 6176 6501
f 6501 6176 6177
f 6501 6177 6502
f 6502 6177 6178
f 6502 6178 6503
f 6503 6178 6179
f 6503 6179 6504
f 6504 6179 6180
f 6504 6180 6505
f 6505 6180 6181
f 6505 6181 6506
f 6506 6181 6182
f 6506 6182 6507
f 6507 6182 6183
f 6507 6183 6508
f 6508 6183 6184
f 6508 6184 6509
f 6509 6184 6185
f 6509 6185 6510
f 6510 6185 6186
f 6510 6186 6511
f 6511 6186 6187
f 6511 6187 6512
f 6512 6187 6188
f 6512 6188 6513
f 6513 6188 6189
f 6513 6189 6514
f 6514 6189 6190
f 6514 6190 6515
f 6515 6190 6191
f 6515 6191 6516
f 6516 6191 6192
f 6516 6192 6517
f 6517 6192 6193
f 6517 6193 6518
f 6518 6193 6194
f 6518 6194 6519
f 6519 6194 6195
f 6519 6195 6520
f 6520 6195 6196
f 6520 6196 6521
f 6521 6196 6197
f 6521 6197 6522
f 6522 6197 6198
f 6522 6198 6523
f 6523 6198 6199
f 6523 6199 6524
f 6524 6199 6200
f 6524 6200 6525
f 6525 6200 6201
f 6525 6201 6526
f 6526 6201 6202
f 6526 6202 6527
f 6527 6202 6203
f 6527 6203 6528
f 6528 6203 6204
f 6528 6204 6529
f 6529 6204 6205
f 6529 6205 6530
f 6530 6205 6206
f 6530 6206 6531
f 6531 6206 6207
f 6531 6207 6532
f 6532 6207 6208
f 6532 6208 6533
f 6533 6208 6209
f 6533 6209 6534
f 6534 6209 6210
f 6534 6210 6535
f 6535 6210 6211
f 6535 6211 6536
f 6536 6211 6212
f 6536 6212 6537
f 6537 6212 6213
f 6537 6213 6538
f 6538 6213 6214
f 6538 6214 6539
f 6539 6214 6215
f 6539 6215 6540
f 6540 6215 6216
f 6540 6216 6541
f 6541 6216 6217
f 6541 6217 6542
f 6542 6217 6218
f 6542 6218 6543
f 6543 6218 6219
f 6543 6219 6544
f 6544 6219 6220
f 6544 6220 6545
f 6545 6220 6221
f 6545 6221 6546
f 6546 6221 6222
f 6546 6222 6547
f 6547 6222 6223
f 6547 6223 6548
f 6548 6223 6224
f 6548 6224 6549
f 6549 6224 6225
f 6549 6225 6550
f 6550 6225 6226
f 6550 6226 6551
f 6551 6226 6227
f 6551 6227 6552
f 6552 6227 6228
f 6552 6228 6553
f 6553 6228 6229
f 6553 6229 6290
f 6554 6258 6257
f 6554 6257 6555
f 6556 6259 6108
f 6556 6108 6435
f 6557 6232 6233
f 6557 6233 6558
f 6555 6257 6244
f 6555 6244 6559
f 6426 6095 6096
f 6426 6096 6427
f 6441 6107 6103
f 6441 6103 6431
f 6560 6106 6243
f 6560 6243 6561
f 6562 6117 6118
f 6562 6118 6443
f 6563 6100 6234
f 6563 6234 6564
f 6433 6242 6239
f 6433 6239 6565
f 6438 6111 6112
f 6438 6112 6439
f 6566 6236 6109
f 6566 6109 6436
f 6567 6238 6236
f 6567 6236 6566
f 6565 6239 6238
f 6565 6238 6567
f 6568 6240 6241
f 6568 6241 6425
f 6559 6244 6240
f 6559 6240 6568
f 6432 6104 6259
f 6432 6259 6556
f 6569 6247 6248
f 6569 6248 6570
f 6570 6248 6249
f 6570 6249 6571
f 6571 6249 6250
f 6571 6250 6572
f 6572 6250 6251
f 6572 6251 6573
f 6573 6251 6252
f 6573 6252 6574
f 6574 6252 6253
f 6574 6253 6575
f 6575 6253 6254
f 6575 6254 6576
f 6576 6254 6255
f 6576 6255 6577
f 6577 6255 6256
f 6577 6256 6429
f 6564 6234 6245
f 6564 6245 6578
f 6291 6230 6231
f 6291 6231 6579
f 6578 6245 6246
f 6578 6246 6580
f 6581 6261 6260
f 6581 6260 6422
f 6582 6262 6261
f 6582 6261 6581
f 6583 6263 6262
f 6583 6262 6582
f 6584 6264 6263
f 6584 6263 6583
f 6585 6265 6264
f 6585 6264 6584
f 6586 6266 6265
f 6586 6265 6585
f 6587 6267 6266
f 6587 6266 6586
f 6588 6268 6267
f 6588 6267 6587
f 6589 6269 6268
f 6589 6268 6588
f 6590 6270 6269
f 6590 6269 6589
f 6591 6271 6270
f 6591 6270 6590
f 6592 6272 6271
f 6592 6271 6591
f 6593 6273 6272
f 6593 6272 6592
f 6594 6274 6273
f 6594 6273 6593
f 6595 6275 6274
f 6595 6274 6594
f 6596 6276 6275
f 6596 6275 6595
f 6597 6277 6276
f 6597 6276 6596
f 6598 6278 6277
f 6598 6277 6597
f 6599 6279 6278
f 6599 6278 6598
f 6600 6280 6279
f 6600 6279 6599
f 6601 6281 6280
f 6601 6280 6600
f 6602 6282 6281
f 6602 6281 6601
f 6603 6283 6282
f 6603 6282 6602
f 6604 6284 6283
f 6604 6283 6603
f 6605 6285 6284
f 6605 6284 6604
f 6606 6286 6285
f 6606 6285 6605
f 6607 6287 6286
f 6607 6286 6606
f 6608 6288 6287
f 6608 6287 6607
f 6609 6289 6288
f 6609 6288 6608
f 6553 6290 6289
f 6553 6289 6609
f 6610 6235 6105
f 6610 6105 6611
f 6579 6231 6237
f 6579 6237 6612
f 6428 6099 6100
f 6428 6100 6563
f 6561 6243 6258
f 6561 6258 6554
f 6558 6233 6235
f 6558 6235 6610
f 6611 6105 6106
f 6611 6106 6560
f 6580 6246 6247
f 6580 6247 6569
f 6612 6237 6232
f 6612 6232 6557
f 6442 6116 6117
f 6442 6117 6562
f 6613 6292 6291
f 6613 6291 6579
f 6614 6293 6292
f 6614 6292 6613
f 6615 6294 6293
f 6615 6293 6614
f 6616 6295 6294
f 6616 6294 6615
f 6617 6296 6295
f 6617 6295 6616
f 6618 6297 6296
f 6618 6296 6617
f 6619 6298 6297
f 6619 6297 6618
f 6620 6299 6298
f 6620 6298 6619
f 6621 6300 6299
f 6621 6299 6620
f 6622 6301 6300
f 6622 6300 6621
f 6623 6302 6301
f 6623 6301 6622
f 6624 6303 6302
f 6624 6302 6623
f 6625 6304 6303
f 6625 6303 6624
f 6626 6305 6304
f 6626 6304 6625
f 6627 6306 6305
f 6627 6305 6626
f 6628 6307 6306
f 6628 6306 6627
f 6629 6308 6307
f 6629 6307 6628
f 6630 6309 6308
f 6630 6308 6629
f 6631 6310 6309
f 6631 6309 6630
f 6632 6311 6310
f 6632 6310 6631
f 6633 6312 6311
f 6633 6311 6632
f 6634 6313 6312
f 6634 6312 6633
f 6635 6314 6313
f 6635 6313 6634
f 6636 6315 6314
f 6636 6314 6635
f 6637 6316 6315
f 6637 6315 6636
f 6638 6317 6316
f 6638 6316 6637
f 6639 6318 6317
f 6639 6317 6638
f 6640 6319 6318
f 6640 6318 6639
f 6641 6320 6319
f 6641 6319 6640
f 6642 6321 6320
f 6642 6320 6641
f 6643 6322 6321
f 6643 6321 6642
f 6644 6323 6322
f 6644 6322 6643
f 6645 6324 6323
f 6645 6323 6644
f 6646 6325 6324
f 6646 6324 6645
f 6647 6326 6325
f 6647 6325 6646
f 6648 6327 6326
f 6648 6326 6647
f 6649 6328 6327
f 6649 6327 6648
f 6650 6329 6328
f 6650 6328 6649
f 6651 6330 6329
f 6651 6329 6650
f 6652 6331 6330
f 6652 6330 6651
f 6653 6332 6331
f 6653 6331 6652
f 6654 6333 6332
f 6654 6332 6653
f 6655 6334 6333
f 6655 6333 6654
f 6656 6335 6334
f 6656 6334 6655
f 6657 6336 6335
f 6657 6335 6656
f 6658 6337 6336
f 6658 6336 6657
f 6659 6338 6337
f 6659 6337 6658
f 6660 6339 6338
f 6660 6338 6659
f 6661 6340 6339
f 6661 6339 6660
f 6662 6341 6340
f 6662 6340 6661
f 6663 6342 6341
f 6663 6341 6662
f 6664 6343 6342
f 6664 6342 6663
f 6665 6344 6343
f 6665 6343 6664
f 6666 6345 6344
f 6666 6344 6665
f 6667 6346 6345
f 6667 6345 6666
f 6668 6347 6346
f 6668 6346 6667
f 6669 6348 6347
f 6669 6347 6668
f 6670 6349 6348
f 6670 6348 6669
f 6671 6350 6349
f 6671 6349 6670
f 6672 6351 6350
f 6672 6350 6671
f 6673 6352 6351
f 6673 6351 6672
f 6674 6353 6352
f 6674 6352 6673
f 6675 6354 6353
f 6675 6353 6674
f 6676 6355 6354
f 6676 6354 6675
f 6677 6356 6355
f 6677 6355 6676
f 6678 6357 6356
f 6678 6356 6677
f 6679 6358 6357
f 6679 6357 6678
f 6680 6359 6358
f 6680 6358 6679
f 6681 6360 6359
f 6681 6359 6680
f 6682 6361 6360
f 6682 6360 6681
f 6683 6362 6361
f 6683 6361 6682
f 6684 6363 6362
f 6684 6362 6683
f 6685 6364 6363
f 6685 6363 6684
f 6686 6365 6364
f 6686 6364 6685
f 6687 6366 6365
f 6687 6365 6686
f 6688 6367 6366
f 6688 6366 6687
f 6689 6368 6367
f 6689 6367 6688
f 6690 6369 6368
f 6690 6368 6689
f 6691 6370 6369
f 6691 6369 6690
f 6692 6371 6370
f 6692 6370 6691
f 6693 6372 6371
f 6693 6371 6692
f 6694 6373 6372
f 6694 6372 6693
f 6695 6374 6373
f 6695 6373 6694
f 6696 6375 6374
f 6696 6374 6695
f 6697 6376 6375
f 6697 6375 6696
f 6698 6377 6376
f 6698 6376 6697
f 6699 6378 6377
f 6699 6377 6698
f 6700 6379 6378
f 6700 6378 6699
f 6701 6380 6379
f 6701 6379 6700
f 6702 6381 6380
f 6702 6380 6701
f 6703 6382 6381
f 6703 6381 6702
f 6704 6383 6382
f 6704 6382 6703
f 6705 6384 6383
f 6705 6383 6704
f 6706 6385 6384
f 6706 6384 6705
f 6707 6386 6385
f 6707 6385 6706
f 6708 6387 6386
f 6708 6386 6707
f 6709 6388 6387
f 6709 6387 6708
f 6710 6389 6388
f 6710 6388 6709
f 6711 6390 6389
f 6711 6389 6710
f 6712 6391 6390
f 6712 6390 6711
f 6713 6392 6391
f 6713 6391 6712
f 6714 6393 6392
f 6714 6392 6713
f 6715 6394 6393
f 6715 6393 6714
f 6716 6395 6394
f 6716 6394 6715
f 6717 6396 6395
f 6717 6395 6716
f 6718 6397 6396
f 6718 6396 6717
f 6719 6398 6397
f 6719 6397 6718
f 6720 6399 6398
f 6720 6398 6719
f 6721 6400 6399
f 6721 6399 6720
f 6722 6401 6400
f 6722 6400 6721
f 6723 6402 6401
f 6723 6401 6722
f 6724 6403 6402
f 6724 6402 6723
f 6725 6404 6403
f 6725 6403 6724
f 6726 6405 6404
f 6726 6404 6725
f 6727 6406 6405
f 6727 6405 6726
f 6728 6407 6406
f 6728 6406 6727
f 6729 6408 6407
f 6729 6407 6728
f 6730 6409 6408
f 6730 6408 6729
f 6731 6410 6409
f 6731 6409 6730
f 6732 6411 6410
f 6732 6410 6731
f 6733 6412 6411
f 6733 6411 6732
f 6734 6413 6412
f 6734 6412 6733
f 6735 6414 6413
f 6735 6413 6734
f 6736 6415 6414
f 6736 6414 6735
f 6737 6416 6415
f 6737 6415 6736
f 6738 6417 6416
f 6738 6416 6737
f 6739 6418 6417
f 6739 6417 6738
f 6740 6419 6418
f 6740 6418 6739
f 6741 6420 6419
f 6741 6419 6740
f 6742 6421 6420
f 6742 6420 6741
f 6581 6422 6421
f 6581 6421 6742
f 6743 6425 6426
f 6743 6426 6744
f 6745 6434 6442
f 6745 6442 6746
f 6747 6441 6431
f 6747 6431 6748
f 6749 6565 6567
f 6749 6567 6750
f 6751 6561 6554
f 6751 6554 6752
f 6753 6423 6424
f 6753 6424 6754
f 6755 6610 6611
f 6755 6611 6756
f 6756 6611 6560
f 6756 6560 6757
f 6748 6431 6432
f 6748 6432 6758
f 6577 6429 6433
f 6577 6433 6759
f 6760 6445 6446
f 6760 6446 6761
f 6762 6435 6423
f 6762 6423 6753
f 6763 6436 6437
f 6763 6437 6764
f 6764 6437 6438
f 6764 6438 6765
f 6766 6439 6440
f 6766 6440 6767
f 6767 6440 6441
f 6767 6441 6747
f 6768 6558 6610
f 6768 6610 6755
f 6769 6443 6444
f 6769 6444 6770
f 6770 6444 6445
f 6770 6445 6760
f 6771 6447 6448
f 6771 6448 6772
f 6772 6448 6449
f 6772 6449 6773
f 6773 6449 6450
f 6773 6450 6774
f 6774 6450 6451
f 6774 6451 6775
f 6775 6451 6452
f 6775 6452 6776
f 6776 6452 6453
f 6776 6453 6777
f 6777 6453 6454
f 6777 6454 6778
f 6778 6454 6455
f 6778 6455 6779
f 6779 6455 6456
f 6779 6456 6780
f 6780 6456 6457
f 6780 6457 6781
f 6781 6457 6458
f 6781 6458 6782
f 6782 6458 6459
f 6782 6459 6783
f 6783 6459 6460
f 6783 6460 6784
f 6784 6460 6461
f 6784 6461 6785
f 6785 6461 6462
f 6785 6462 6786
f 6786 6462 6463
f 6786 6463 6787
f 6787 6463 6464
f 6787 6464 6788
f 6788 6464 6465
f 6788 6465 6789
f 6789 6465 6466
f 6789 6466 6790
f 6790 6466 6467
f 6790 6467 6791
f 6791 6467 6468
f 6791 6468 6792
f 6792 6468 6469
f 6792 6469 6793
f 6793 6469 6470
f 6793 6470 6794
f 6794 6470 6471
f 6794 6471 6795
f 6795 6471 6472
f 6795 6472 6796
f 6796 6472 6473
f 6796 6473 6797
f 6797 6473 6474
f 6797 6474 6798
f 6798 6474 6475
f 6798 6475 6799
f 6799 6475 6476
f 6799 6476 6800
f 6800 6476 6477
f 6800 6477 6801
f 6801 6477 6478
f 6801 6478 6802
f 6802 6478 6479
f 6802 6479 6803
f 6803 6479 6480
f 6803 6480 6804
f 6804 6480 6481
f 6804 6481 6805
f 6805 6481 6482
f 6805 6482 6806
f 6806 6482 6483
f 6806 6483 6807
f 6807 6483 6484
f 6807 6484 6808
f 6808 6484 6485
f 6808 6485 6809
f 6809 6485 6486
f 6809 6486 6810
f 6810 6486 6487
f 6810 6487 6811
f 6811 6487 6488
f 6811 6488 6812
f 6812 6488 6489
f 6812 6489 6813
f 6813 6489 6490
f 6813 6490 6814
f 6814 6490 6491
f 6814 6491 6815
f 6815 6491 6492
f 6815 6492 6816
f 6816 6492 6493
f 6816 6493 6817
f 6817 6493 6494
f 6817 6494 6818
f 6818 6494 6495
f 6818 6495 6819
f 6819 6495 6496
f 6819 6496 6820
f 6820 6496 6497
f 6820 6497 6821
f 6821 6497 6498
f 6821 6498 6822
f 6822 6498 6499
f 6822 6499 6823
f 6823 6499 6500
f 6823 6500 6824
f 6824 6500 6501
f 6824 6501 6825
f 6825 6501 6502
f 6825 6502 6826
f 6826 6502 6503
f 6826 6503 6827
f 6827 6503 6504
f 6827 6504 6828
f 6828 6504 6505
f 6828 6505 6829
f 6829 6505 6506
f 6829 6506 6830
f 6830 6506 6507
f 6830 6507 6831
f 6831 6507 6508
f 6831 6508 6832
f 6832 6508 6509
f 6832 6509 6833
f 6833 6509 6510
f 6833 6510 6834
f 6834 6510 6511
f 6834 6511 6835
f 6835 6511 6512
f 6835 6512 6836
f 6836 6512 6513
f 6836 6513 6837
f 6837 6513 6514
f 6837 6514 6838
f 6838 6514 6515
f 6838 6515 6839
f 6839 6515 6516
f 6839 6516 6840
f 6840 6516 6517
f 6840 6517 6841
f 6841 6517 6518
f 6841 6518 6842
f 6842 6518 6519
f 6842 6519 6843
f 6843 6519 6520
f 6843 6520 6844
f 6844 6520 6521
f 6844 6521 6845
f 6845 6521 6522
f 6845 6522 6846
f 6846 6522 6523
f 6846 6523 6847
f 6847 6523 6524
f 6847 6524 6848
f 6848 6524 6525
f 6848 6525 6849
f 6849 6525 6526
f 6849 6526 6850
f 6850 6526 6527
f 6850 6527 6851
f 6851 6527 6528
f 6851 6528 6852
f 6852 6528 6529
f 6852 6529 6853
f 6853 6529 6530
f 6853 6530 6854
f 6854 6530 6531
f 6854 6531 6855
f 6855 6531 6532
f 6855 6532 6856
f 6856 6532 6533
f 6856 6533 6857
f 6857 6533 6534
f 6857 6534 6858
f 6858 6534 6535
f 6858 6535 6859
f 6859 6535 6536
f 6859 6536 6860
f 6860 6536 6537
f 6860 6537 6861
f 6861 6537 6538
f 6861 6538 6862
f 6862 6538 6539
f 6862 6539 6863
f 6863 6539 6540
f 6863 6540 6864
f 6864 6540 6541
f 6864 6541 6865
f 6865 6541 6542
f 6865 6542 6866
f 6866 6542 6543
f 6866 6543 6867
f 6867 6543 6544
f 6867 6544 6868
f 6868 6544 6545
f 6868 6545 6869
f 6869 6545 6546
f 6869 6546 6870
f 6870 6546 6547
f 6870 6547 6871
f 6871 6547 6548
f 6871 6548 6872
f 6872 6548 6549
f 6872 6549 6873
f 6873 6549 6550
f 6873 6550 6874
f 6874 6550 6551
f 6874 6551 6875
f 6875 6551 6552
f 6875 6552 6876
f 6876 6552 6553
f 6876 6553 6609
f 6877 6580 6569
f 6877 6569 6878
f 6744 6426 6427
f 6744 6427 6879
f 6880 6556 6435
f 6880 6435 6762
f 6878 6569 6570
f 6878 6570 6881
f 6882 6557 6558
f 6882 6558 6768
f 6883 6555 6559
f 6883 6559 6884
f 6885 6572 6573
f 6885 6573 6886
f 6887 6563 6564
f 6887 6564 6888
f 6759 6433 6565
f 6759 6565 6749
f 6750 6567 6566
f 6750 6566 6889
f 6881 6570 6571
f 6881 6571 6890
f 6886 6573 6574
f 6886 6574 6891
f 6891 6574 6575
f 6891 6575 6892
f 6892 6575 6576
f 6892 6576 6893
f 6893 6576 6577
f 6893 6577 6759
f 6888 6564 6578
f 6888 6578 6894
f 6754 6424 6430
f 6754 6430 6895
f 6879 6427 6428
f 6879 6428 6896
f 6896 6428 6563
f 6896 6563 6887
f 6758 6432 6556
f 6758 6556 6880
f 6897 6612 6557
f 6897 6557 6882
f 6895 6430 6434
f 6895 6434 6745
f 6761 6446 6447
f 6761 6447 6771
f 6889 6566 6436
f 6889 6436 6763
f 6752 6554 6555
f 6752 6555 6883
f 6898 6568 6425
f 6898 6425 6743
f 6894 6578 6580
f 6894 6580 6877
f 6899 6582 6581
f 6899 6581 6742
f 6900 6583 6582
f 6900 6582 6899
f 6901 6584 6583
f 6901 6583 6900
f 6902 6585 6584
f 6902 6584 6901
f 6903 6586 6585
f 6903 6585 6902
f 6904 6587 6586
f 6904 6586 6903
f 6905 6588 6587
f 6905 6587 6904
f 6906 6589 6588
f 6906 6588 6905
f 6907 6590 6589
f 6907 6589 6906
f 6908 6591 6590
f 6908 6590 6907
f 6909 6592 6591
f 6909 6591 6908
f 6910 6593 6592
f 6910 6592 6909
f 6911 6594 6593
f 6911 6593 6910
f 6912 6595 6594
f 6912 6594 6911
f 6913 6596 6595
f 6913 6595 6912
f 6914 6597 6596
f 6914 6596 6913
f 6915 6598 6597
f 6915 6597 6914
f 6916 6599 6598
f 6916 6598 6915
f 6917 6600 6599
f 6917 6599 6916
f 6918 6601 6600
f 6918 6600 6917
f 6919 6602 6601
f 6919 6601 6918
f 6920 6603 6602
f 6920 6602 6919
f 6921 6604 6603
f 6921 6603 6920
f 6922 6605 6604
f 6922 6604 6921
f 6923 6606 6605
f 6923 6605 6922
f 6924 6607 6606
f 6924 6606 6923
f 6925 6608 6607
f 6925 6607 6924
f 6876 6609 6608
f 6876 6608 6925
f 6746 6442 6562
f 6746 6562 6926
f 6765 6438 6439
f 6765 6439 6766
f 6757 6560 6561
f 6757 6561 6751
f 6613 6579 6612
f 6613 6612 6897
f 6926 6562 6443
f 6926 6443 6769
f 6890 6571 6572
f 6890 6572 6885
f 6884 6559 6568
f 6884 6568 6898
f 6927 6614 6613
f 6927 6613 6897
f 6928 6615 6614
f 6928 6614 6927
f 6929 6616 6615
f 6929 6615 6928
f 6930 6617 6616
f 6930 6616 6929
f 6931 6618 6617
f 6931 6617 6930
f 6932 6619 6618
f 6932 6618 6931
f 6933 6620 6619
f 6933 6619 6932
f 6934 6621 6620
f 6934 6620 6933
f 6935 6622 6621
f 6935 6621 6934
f 6936 6623 6622
f 6936 6622 6935
f 6937 6624 6623
f 6937 6623 6936
f 6938 6625 6624
f 6938 6624 6937
f 6939 6626 6625
f 6939 6625 6938
f 6940 6627 6626
f 6940 6626 6939
f 6941 6628 6627
f 6941 6627 6940
f 6942 6629 6628
f 6942 6628 6941
f 6943 6630 6629
f 6943 6629 6942
f 6944 6631 6630
f 6944 6630 6943
f 6945 6632 6631
f 6945 6631 6944
f 6946 6633 6632
f 6946 6632 6945
f 6947 6634 6633
f 6947 6633 6946
f 6948 6635 6634
f 6948 6634 6947
f 6949 6636 6635
f 6949 6635 6948
f 6950 6637 6636
f 6950 6636 6949
f 6951 6638 6637
f 6951 6637 6950
f 6952 6639 6638
f 6952 6638 6951
f 6953 6640 6639
f 6953 6639 6952
f 6954 6641 6640
f 6954 6640 6953
f 6955 6642 6641
f 6955 6641 6954
f 6956 6643 6642
f 6956 6642 6955
f 6957 6644 6643
f 6957 6643 6956
f 6958 6645 6644
f 6958 6644 6957
f 6959 6646 6645
f 6959 6645 6958
f 6960 6647 6646
f 6960 6646 6959
f 6961 6648 6647
f 6961 6647 6960
f 6962 6649 6648
f 6962 6648 6961
f 6963 6650 6649
f 6963 6649 6962
f 6964 6651 6650
f 6964 6650 6963
f 6965 6652 6651
f 6965 6651 6964
f 6966 6653 6652
f 6966 6652 6965
f 6967 6654 6653
f 6967 6653 6966
f 6968 6655 6654
f 6968 6654 6967
f 6969 6656 6655
f 6969 6655 6968
f 6970 6657 6656
f 6970 6656 6969
f 6971 6658 6657
f 6971 6657 6970
f 6972 6659 6658
f 6972 6658 6971
f 6973 6660 6659
f 6973 6659 6972
f 6974 6661 6660
f 6974 6660 6973
f 6975 6662 6661
f 6975 6661 6974
f 6976 6663 6662
f 6976 6662 6975
f 6977 6664 6663
f 6977 6663 6976
f 6978 6665 6664
f 6978 6664 6977
f 6979 6666 6665
f 6979 6665 6978
f 6980 6667 6666
f 6980 6666 6979
f 6981 6668 6667
f 6981 6667 6980
f 6982 6669 6668
f 6982 6668 6981
f 6983 6670 6669
f 6983 6669 6982
f 6984 6671 6670
f 6984 6670 6983
f 6985 6672 6671
f 6985 6671 6984
f 6986 6673 6672
f 6986 6672 6985
f 6987 6674 6673
f 6987 6673 6986
f 6988 6675 6674
f 6988 6674 6987
f 6989 6676 6675
f 6989 6675 6988
f 6990 6677 6676
f 6990 6676 6989
f 6991 6678 6677
f 6991 6677 6990
f 6992 6679 6678
f 6992 6678 6991
f 6993 6680 6679
f 6993 6679 6992
f 6994 6681 6680
f 6994 6680 6993
f 6995 6682 6681
f 6995 6681 6994
f 6996 6683 6682
f 6996 6682 6995
f 6997 6684 6683
f 6997 6683 6996
f 6998 6685 6684
f 6998 6684 6997
f 6999 6686 6685
f 6999 6685 6998
f 7000 6687 6686
f 7000 6686 6999
f 7001 6688 6687
f 7001 6687 7000
f 7002 6689 6688
f 7002 6688 7001
f 7003 6690 6689
f 7003 6689 7002
f 7004 6691 6690
f 7004 6690 7003
f 7005 6692 6691
f 7005 6691 7004
f 7006 6693 6692
f 7006 6692 7005
f 7007 6694 6693
f 7007 6693 7006
f 7008 6695 6694
f 7008 6694 7007
f 7009 6696 6695
f 7009 6695 7008
f 7010 6697 6696
f 7010 6696 7009
f 7011 6698 6697
f 7011 6697 7010
f 7012 6699 6698
f 7012 6698 7011
f 7013 6700 6699
f 7013 6699 7012
f 7014 6701 6700
f 7014 6700 7013
f 7015 6702 6701
f 7015 6701 7014
f 7016 6703 6702
f 7016 6702 7015
f 7017 6704 6703
f 7017 6703 7016
f 7018 6705 6704
f 7018 6704 7017
f 7019 6706 6705
f 7019 6705 7018
f 7020 6707 6706
f 7020 6706 7019
f 7021 6708 6707
f 7021 6707 7020
f 7022 6709 6708
f 7022 6708 7021
f 7023 6710 6709
f 7023 6709 7022
f 7024 6711 6710
f 7024 6710 7023
f 7025 6712 6711
f 7025 6711 7024
f 7026 6713 6712
f 7026 6712 7025
f 7027 6714 6713
f 7027 6713 7026
f 7028 6715 6714
f 7028 6714 7027
f 7029 6716 6715
f 7029 6715 7028
f 7030 6717 6716
f 7030 6716 7029
f 7031 6718 6717
f 7031 6717 7030
f 7032 6719 6718
f 7032 6718 7031
f 7033 6720 6719
f 7033 6719 7032
f 7034 6721 6720
f 7034 6720 7033
f 7035 6722 6721
f 7035 6721 7034
f 7036 6723 6722
f 7036 6722 7035
f 7037 6724 6723
f 7037 6723 7036
f 7038 6725 6724
f 7038 6724 7037
f 7039 6726 6725
f 7039 6725 7038
f 7040 6727 6726
f 7040 6726 7039
f 7041 6728 6727
f 7041 6727 7040
f 7042 6729 6728
f 7042 6728 7041
f 7043 6730 6729
f 7043 6729 7042
f 7044 6731 6730
f 7044 6730 7043
f 7045 6732 6731
f 7045 6731 7044
f 7046 6733 6732
f 7046 6732 7045
f 7047 6734 6733
f 7047 6733 7046
f 7048 6735 6734
f 7048 6734 7047
f 7049 6736 6735
f 7049 6735 7048
f 7050 6737 6736
f 7050 6736 7049
f 7051 6738 6737
f 7051 6737 7050
f 7052 6739 6738
f 7052 6738 7051
f 7053 6740 6739
f 7053 6739 7052
f 7054 6741 6740
f 7054 6740 7053
f 6899 6742 6741
f 6899 6741 7054
f 7055 6745 6746
f 7055 6746 7056
f 7057 6894 6877
f 7057 6877 7058
f 7059 6765 6766
f 7059 6766 7060
f 7061 6890 6885
f 7061 6885 7062
f 7063 6881 6890
f 7063 6890 7061
f 7064 6879 6896
f 7064 6896 7065
f 7066 6748 6758
f 7066 6758 7067
f 7068 6756 6757
f 7068 6757 7069
f 7070 6750 6889
f 7070 6889 7071
f 7072 6760 6761
f 7072 6761 7073
f 7074 6878 6881
f 7074 6881 7063
f 7075 6763 6764
f 7075 6764 7076
f 7076 6764 6765
f 7076 6765 7059
f 7060 6766 6767
f 7060 6767 7077
f 7077 6767 6747
f 7077 6747 7078
f 6875 6876 6925
f 6875 6925 7079
f 7080 6769 6770
f 7080 6770 7081
f 7081 6770 6760
f 7081 6760 7072
f 7082 6772 6773
f 7082 6773 7083
f 7084 6775 6776
f 7084 6776 7085
f 7085 6776 6777
f 7085 6777 7086
f 7086 6777 6778
f 7086 6778 7087
f 7087 6778 6779
f 7087 6779 7088
f 7088 6779 6780
f 7088 6780 7089
f 7089 6780 6781
f 7089 6781 7090
f 7090 6781 6782
f 7090 6782 7091
f 7091 6782 6783
f 7091 6783 7092
f 7092 6783 6784
f 7092 6784 7093
f 7093 6784 6785
f 7093 6785 7094
f 7094 6785 6786
f 7094 6786 7095
f 7095 6786 6787
f 7095 6787 7096
f 7096 6787 6788
f 7096 6788 7097
f 7097 6788 6789
f 7097 6789 7098
f 7098 6789 6790
f 7098 6790 7099
f 7099 6790 6791
f 7099 6791 7100
f 7100 6791 6792
f 7100 6792 7101
f 7101 6792 6793
f 7101 6793 7102
f 7102 6793 6794
f 7102 6794 7103
f 7103 6794 6795
f 7103 6795 7104
f 7104 6795 6796
f 7104 6796 7105
f 7105 6796 6797
f 7105 6797 7106
f 7106 6797 6798
f 7106 6798 7107
f 7107 6798 6799
f 7107 6799 7108
f 7108 6799 6800
f 7108 6800 7109
f 7109 6800 6801
f 7109 6801 7110
f 7110 6801 6802
f 7110 6802 7111
f 7111 6802 6803
f 7111 6803 7112
f 7112 6803 6804
f 7112 6804 7113
f 7113 6804 6805
f 7113 6805 7114
f 7114 6805 6806
f 7114 6806 7115
f 7115 6806 6807
f 7115 6807 7116
f 7116 6807 6808
f 7116 6808 7117
f 7117 6808 6809
f 7117 6809 7118
f 7118 6809 6810
f 7118 6810 7119
f 7119 6810 6811
f 7119 6811 7120
f 7120 6811 6812
f 7120 6812 7121
f 7121 6812 6813
f 7121 6813 7122
f 7122 6813 6814
f 7122 6814 7123
f 7123 6814 6815
f 7123 6815 7124
f 7124 6815 6816
f 7124 6816 7125
f 7125 6816 6817
f 7125 6817 7126
f 7126 6817 6818
f 7126 6818 7127
f 7127 6818 6819
f 7127 6819 7128
f 7128 6819 6820
f 7128 6820 7129
f 7129 6820 6821
f 7129 6821 7130
f 7130 6821 6822
f 7130 6822 7131
f 7131 6822 6823
f 7131 6823 7132
f 7132 6823 6824
f 7132 6824 7133
f 7133 6824 6825
f 7133 6825 7134
f 7134 6825 6826
f 7134 6826 7135
f 7135 6826 6827
f 7135 6827 7136
f 7136 6827 6828
f 7136 6828 7137
f 7137 6828 6829
f 7137 6829 7138
f 7138 6829 6830
f 7138 6830 7139
f 7139 6830 6831
f 7139 6831 7140
f 7140 6831 6832
f 7140 6832 7141
f 7141 6832 6833
f 7141 6833 7142
f 7142 6833 6834
f 7142 6834 7143
f 7143 6834 6835
f 7143 6835 7144
f 7144 6835 6836
f 7144 6836 7145
f 7145 6836 6837
f 7145 6837 7146
f 7146 6837 6838
f 7146 6838 7147
f 7147 6838 6839
f 7147 6839 7148
f 7148 6839 6840
f 7148 6840 7149
f 7149 6840 6841
f 7149 6841 7150
f 7150 6841 6842
f 7150 6842 7151
f 7151 6842 6843
f 7151 6843 7152
f 7152 6843 6844
f 7152 6844 7153
f 7153 6844 6845
f 7153 6845 7154
f 7154 6845 6846
f 7154 6846 7155
f 7155 6846 6847
f 7155 6847 7156
f 7156 6847 6848
f 7156 6848 7157
f 7157 6848 6849
f 7157 6849 7158
f 7158 6849 6850
f 7158 6850 7159
f 7159 6850 6851
f 7159 6851 7160
f 7160 6851 6852
f 7160 6852 7161
f 7161 6852 6853
f 7161 6853 7162
f 7162 6853 6854
f 7162 6854 7163
f 7163 6854 6855
f 7163 6855 7164
f 7164 6855 6856
f 7164 6856 7165
f 7165 6856 6857
f 7165 6857 7166
f 7166 6857 6858
f 7166 6858 7167
f 7167 6858 6859
f 7167 6859 7168
f 7168 6859 6860
f 7168 6860 7169
f 7169 6860 6861
f 7169 6861 7170
f 7170 6861 6862
f 7170 6862 7171
f 7171 6862 6863
f 7171 6863 7172
f 7172 6863 6864
f 7172 6864 7173
f 7173 6864 6865
f 7173 6865 7174
f 7174 6865 6866
f 7174 6866 7175
f 7175 6866 6867
f 7175 6867 7176
f 7176 6867 6868
f 7176 6868 7177
f 7177 6868 6869
f 7177 6869 7178
f 7178 6869 6870
f 7178 6870 7179
f 7179 6870 6871
f 7179 6871 7180
f 7180 6871 6872
f 7180 6872 7181
f 7181 6872 6873
f 7181 6873 7182
f 7182 6873 6874
f 7182 6874 7183
f 7183 6874 6875
f 7183 6875 7079
f 7056 6746 6926
f 7056 6926 7184
f 7185 6895 6745
f 7185 6745 7055
f 7065 6896 6887
f 7065 6887 7186
f 7187 6744 6879
f 7187 6879 7064
f 7188 6880 6762
f 7188 6762 7189
f 7190 6886 6891
f 7190 6891 7191
f 7192 6755 6756
f 7192 6756 7068
f 7193 6882 6768
f 7193 6768 7194
f 7195 6883 6884
f 7195 6884 7196
f 7191 6891 6892
f 7191 6892 7197
f 7198 6754 6895
f 7198 6895 7185
f 7199 6751 6752
f 7199 6752 7200
f 7184 6926 6769
f 7184 6769 7080
f 6893 6759 6749
f 6893 6749 7201
f 7186 6887 6888
f 7186 6888 7202
f 7196 6884 6898
f 7196 6898 7203
f 7058 6877 6878
f 7058 6878 7074
f 7062 6885 6886
f 7062 6886 7190
f 7203 6898 6743
f 7203 6743 7204
f 7205 6774 6775
f 7205 6775 7084
f 7201 6749 6750
f 7201 6750 7070
f 7197 6892 6893
f 7197 6893 7201
f 7202 6888 6894
f 7202 6894 7057
f 7071 6889 6763
f 7071 6763 7075
f 7073 6761 6771
f 7073 6771 7206
f 7069 6757 6751
f 7069 6751 7199
f 7067 6758 6880
f 7067 6880 7188
f 7078 6747 6748
f 7078 6748 7066
f 7204 6743 6744
f 7204 6744 7187
f 6927 6897 6882
f 6927 6882 7193
f 7207 6900 6899
f 7207 6899 7054
f 7208 6901 6900
f 7208 6900 7207
f 7209 6902 6901
f 7209 6901 7208
f 7210 6903 6902
f 7210 6902 7209
f 7211 6904 6903
f 7211 6903 7210
f 7212 6905 6904
f 7212 6904 7211
f 7213 6906 6905
f 7213 6905 7212
f 7214 6907 6906
f 7214 6906 7213
f 7215 6908 6907
f 7215 6907 7214
f 7216 6909 6908
f 7216 6908 7215
f 7217 6910 6909
f 7217 6909 7216
f 7218 6911 6910
f 7218 6910 7217
f 7219 6912 6911
f 7219 6911 7218
f 7220 6913 6912
f 7220 6912 7219
f 7221 6914 6913
f 7221 6913 7220
f 7222 6915 6914
f 7222 6914 7221
f 7223 6916 6915
f 7223 6915 7222
f 7224 6917 6916
f 7224 6916 7223
f 7225 6918 6917
f 7225 6917 7224
f 7226 6919 6918
f 7226 6918 7225
f 7227 6920 6919
f 7227 6919 7226
f 7228 6921 6920
f 7228 6920 7227
f 7229 6922 6921
f 7229 6921 7228
f 7230 6923 6922
f 7230 6922 7229
f 7231 6924 6923
f 7231 6923 7230
f 7079 6925 6924
f 7079 6924 7231
f 7232 6753 6754
f 7232 6754 7198
f 7189 6762 6753
f 7189 6753 7232
f 7206 6771 6772
f 7206 6772 7082
f 7083 6773 6774
f 7083 6774 7205
f 7200 6752 6883
f 7200 6883 7195
f 7194 6768 6755
f 7194 6755 7192
f 7233 6928 6927
f 7233 6927 7193
f 7234 6929 6928
f 7234 6928 7233
f 7235 6930 6929
f 7235 6929 7234
f 7236 6931 6930
f 7236 6930 7235
f 7237 6932 6931
f 7237 6931 7236
f 7238 6933 6932
f 7238 6932 7237
f 7239 6934 6933
f 7239 6933 7238
f 7240 6935 6934
f 7240 6934 7239
f 7241 6936 6935
f 7241 6935 7240
f 7242 6937 6936
f 7242 6936 7241
f 7243 6938 6937
f 7243 6937 7242
f 7244 6939 6938
f 7244 6938 7243
f 7245 6940 6939
f 7245 6939 7244
f 7246 6941 6940
f 7246 6940 7245
f 7247 6942 6941
f 7247 6941 7246
f 7248 6943 6942
f 7248 6942 7247
f 7249 6944 6943
f 7249 6943 7248
f 7250 6945 6944
f 7250 6944 7249
f 7251 6946 6945
f 7251 6945 7250
f 7252 6947 6946
f 7252 6946 7251
f 7253 6948 6947
f 7253 6947 7252
f 7254 6949 6948
f 7254 6948 7253
f 7255 6950 6949
f 7255 6949 7254
f 7256 6951 6950
f 7256 6950 7255
f 7257 6952 6951
f 7257 6951 7256
f 7258 6953 6952
f 7258 6952 7257
f 7259 6954 6953
f 7259 6953 7258
f 7260 6955 6954
f 7260 6954 7259
f 7261 6956 6955
f 7261 6955 7260
f 7262 6957 6956
f 7262 6956 7261
f 7263 6958 6957
f 7263 6957 7262
f 7264 6959 6958
f 7264 6958 7263
f 7265 6960 6959
f 7265 6959 7264
f 7266 6961 6960
f 7266 6960 7265
f 7267 6962 6961
f 7267 6961 7266
f 7268 6963 6962
f 7268 6962 7267
f 7269 6964 6963
f 7269 6963 7268
f 7270 6965 6964
f 7270 6964 7269
f 7271 6966 6965
f 7271 6965 7270
f 7272 6967 6966
f 7272 6966 7271
f 7273 6968 6967
f 7273 6967 7272
f 7274 6969 6968
f 7274 6968 7273
f 7275 6970 6969
f 7275 6969 7274
f 7276 6971 6970
f 7276 6970 7275
f 7277 6972 6971
f 7277 6971 7276
f 7278 6973 6972
f 7278 6972 7277
f 7279 6974 6973
f 7279 6973 7278
f 7280 6975 6974
f 7280 6974 7279
f 7281 6976 6975
f 7281 6975 7280
f 7282 6977 6976
f 7282 6976 7281
f 7283 6978 6977
f 7283 6977 7282
f 7284 6979 6978
f 7284 6978 7283
f 7285 6980 6979
f 7285 6979 7284
f 7286 6981 6980
f 7286 6980 7285
f 7287 6982 6981
f 7287 6981 7286
f 7288 6983 6982
f 7288 6982 7287
f 7289 6984 6983
f 7289 6983 7288
f 7290 6985 6984
f 7290 6984 7289
f 7291 6986 6985
f 7291 6985 7290
f 7292 6987 6986
f 7292 6986 7291
f 7293 6988 6987
f 7293 6987 7292
f 7294 6989 6988
f 7294 6988 7293
f 7295 6990 6989
f 7295 6989 7294
f 7296 6991 6990
f 7296 6990 7295
f 7297 6992 6991
f 7297 6991 7296
f 7298 6993 6992
f 7298 6992 7297
f 7299 6994 6993
f 7299 6993 7298
f 7300 6995 6994
f 7300 6994 7299
f 7301 6996 6995
f 7301 6995 7300
f 7302 6997 6996
f 7302 6996 7301
f 7303 6998 6997
f 7303 6997 7302
f 7304 6999 6998
f 7304 6998 7303
f 7305 7000 6999
f 7305 6999 7304
f 7306 7001 7000
f 7306 7000 7305
f 7307 7002 7001
f 7307 7001 7306
f 7308 7003 7002
f 7308 7002 7307
f 7309 7004 7003
f 7309 7003 7308
f 7310 7005 7004
f 7310 7004 7309
f 7311 7006 7005
f 7311 7005 7310
f 7312 7007 7006
f 7312 7006 7311
f 7313 7008 7007
f 7313 7007 7312
f 7314 7009 7008
f 7314 7008 7313
f 7315 7010 7009
f 7315 7009 7314
f 7316 7011 7010
f 7316 7010 7315
f 7317 7012 7011
f 7317 7011 7316
f 7318 7013 7012
f 7318 7012 7317
f 7319 7014 7013
f 7319 7013 7318
f 7320 7015 7014
f 7320 7014 7319
f 7321 7016 7015
f 7321 7015 7320
f 7322 7017 7016
f 7322 7016 7321
f 7323 7018 7017
f 7323 7017 7322
f 7324 7019 7018
f 7324 7018 7323
f 7325 7020 7019
f 7325 7019 7324
f 7326 7021 7020
f 7326 7020 7325
f 7327 7022 7021
f 7327 7021 7326
f 7328 7023 7022
f 7328 7022 7327
f 7329 7024 7023
f 7329 7023 7328
f 7330 7025 7024
f 7330 7024 7329
f 7331 7026 7025
f 7331 7025 7330
f 7332 7027 7026
f 7332 7026 7331
f 7333 7028 7027
f 7333 7027 7332
f 7334 7029 7028
f 7334 7028 7333
f 7335 7030 7029
f 7335 7029 7334
f 7336 7031 7030
f 7336 7030 7335
f 7337 7032 7031
f 7337 7031 7336
f 7338 7033 7032
f 7338 7032 7337
f 7339 7034 7033
f 7339 7033 7338
f 7340 7035 7034
f 7340 7034 7339
f 7341 7036 7035
f 7341 7035 7340
f 7342 7037 7036
f 7342 7036 7341
f 7343 7038 7037
f 7343 7037 7342
f 7344 7039 7038
f 7344 7038 7343
f 7345 7040 7039
f 7345 7039 7344
f 7346 7041 7040
f 7346 7040 7345
f 7347 7042 7041
f 7347 7041 7346
f 7348 7043 7042
f 7348 7042 7347
f 7349 7044 7043
f 7349 7043 7348
f 7350 7045 7044
f 7350 7044 7349
f 7351 7046 7045
f 7351 7045 7350
f 7352 7047 7046
f 7352 7046 7351
f 7353 7048 7047
f 7353 7047 7352
f 7354 7049 7048
f 7354 7048 7353
f 7355 7050 7049
f 7355 7049 7354
f 7356 7051 7050
f 7356 7050 7355
f 7357 7052 7051
f 7357 7051 7356
f 7358 7053 7052
f 7358 7052 7357
f 7207 7054 7053
f 7207 7053 7358
f 7359 7057 7058
f 7359 7058 7360
f 7361 7065 7186
f 7361 7186 7362
f 7363 7062 7190
f 7363 7190 7364
f 7365 7077 7078
f 7365 7078 7366
f 7367 7203 7204
f 7367 7204 7368
f 7369 7060 7077
f 7369 7077 7365
f 7370 7064 7065
f 7370 7065 7361
f 7371 7232 7198
f 7371 7198 7372
f 7366 7078 7066
f 7366 7066 7373
f 7374 7067 7188
f 7374 7188 7375
f 7376 7073 7206
f 7376 7206 7377
f 7378 7063 7061
f 7378 7061 7379
f 7380 7069 7199
f 7380 7199 7381
f 7382 7075 7076
f 7382 7076 7383
f 7383 7076 7059
f 7383 7059 7384
f 7385 7197 7201
f 7385 7201 7070
f 7368 7204 7187
f 7368 7187 7386
f 7379 7061 7062
f 7379 7062 7363
f 7387 7080 7081
f 7387 7081 7388
f 7388 7081 7072
f 7388 7072 7389
f 7390 7087 7088
f 7390 7088 7391
f 7392 7086 7087
f 7392 7087 7390
f 7393 7085 7086
f 7393 7086 7392
f 7391 7088 7089
f 7391 7089 7394
f 7394 7089 7090
f 7394 7090 7395
f 7395 7090 7091
f 7395 7091 7396
f 7396 7091 7092
f 7396 7092 7397
f 7397 7092 7093
f 7397 7093 7398
f 7398 7093 7094
f 7398 7094 7399
f 7399 7094 7095
f 7399 7095 7400
f 7400 7095 7096
f 7400 7096 7401
f 7401 7096 7097
f 7401 7097 7402
f 7402 7097 7098
f 7402 7098 7403
f 7403 7098 7099
f 7403 7099 7404
f 7404 7099 7100
f 7404 7100 7405
f 7405 7100 7101
f 7405 7101 7406
f 7406 7101 7102
f 7406 7102 7407
f 7407 7102 7103
f 7407 7103 7408
f 7408 7103 7104
f 7408 7104 7409
f 7409 7104 7105
f 7409 7105 7410
f 7410 7105 7106
f 7410 7106 7411
f 7411 7106 7107
f 7411 7107 7412
f 7412 7107 7108
f 7412 7108 7413
f 7413 7108 7109
f 7413 7109 7414
f 7414 7109 7110
f 7414 7110 7415
f 7415 7110 7111
f 7415 7111 7416
f 7416 7111 7112
f 7416 7112 7417
f 7417 7112 7113
f 7417 7113 7418
f 7418 7113 7114
f 7418 7114 7419
f 7419 7114 7115
f 7419 7115 7420
f 7420 7115 7116
f 7420 7116 7421
f 7421 7116 7117
f 7421 7117 7422
f 7422 7117 7118
f 7422 7118 7423
f 7423 7118 7119
f 7423 7119 7424
f 7424 7119 7120
f 7424 7120 7425
f 7425 7120 7121
f 7425 7121 7426
f 7426 7121 7122
f 7426 7122 7427
f 7427 7122 7123
f 7427 7123 7428
f 7428 7123 7124
f 7428 7124 7429
f 7429 7124 7125
f 7429 7125 7430
f 7430 7125 7126
f 7430 7126 7431
f 7431 7126 7127
f 7431 7127 7432
f 7432 7127 7128
f 7432 7128 7433
f 7433 7128 7129
f 7433 7129 7434
f 7434 7129 7130
f 7434 7130 7435
f 7435 7130 7131
f 7435 7131 7436
f 7436 7131 7132
f 7436 7132 7437
f 7437 7132 7133
f 7437 7133 7438
f 7438 7133 7134
f 7438 7134 7439
f 7439 7134 7135
f 7439 7135 7440
f 7440 7135 7136
f 7440 7136 7441
f 7441 7136 7137
f 7441 7137 7442
f 7442 7137 7138
f 7442 7138 7443
f 7443 7138 7139
f 7443 7139 7444
f 7444 7139 7140
f 7444 7140 7445
f 7445 7140 7141
f 7445 7141 7446
f 7446 7141 7142
f 7446 7142 7447
f 7447 7142 7143
f 7447 7143 7448
f 7448 7143 7144
f 7448 7144 7449
f 7449 7144 7145
f 7449 7145 7450
f 7450 7145 7146
f 7450 7146 7451
f 7451 7146 7147
f 7451 7147 7452
f 7452 7147 7148
f 7452 7148 7453
f 7453 7148 7149
f 7453 7149 7454
f 7454 7149 7150
f 7454 7150 7455
f 7455 7150 7151
f 7455 7151 7456
f 7456 7151 7152
f 7456 7152 7457
f 7457 7152 7153
f 7457 7153 7458
f 7458 7153 7154
f 7458 7154 7459
f 7459 7154 7155
f 7459 7155 7460
f 7460 7155 7156
f 7460 7156 7461
f 7461 7156 7157
f 7461 7157 7462
f 7462 7157 7158
f 7462 7158 7463
f 7463 7158 7159
f 7463 7159 7464
f 7464 7159 7160
f 7464 7160 7465
f 7465 7160 7161
f 7465 7161 7466
f 7466 7161 7162
f 7466 7162 7467
f 7467 7162 7163
f 7467 7163 7468
f 7468 7163 7164
f 7468 7164 7469
f 7469 7164 7165
f 7469 7165 7470
f 7470 7165 7166
f 7470 7166 7471
f 7471 7166 7167
f 7471 7167 7472
f 7472 7167 7168
f 7472 7168 7473
f 7473 7168 7169
f 7473 7169 7474
f 7474 7169 7170
f 7474 7170 7475
f 7475 7170 7171
f 7475 7171 7476
f 7476 7171 7172
f 7476 7172 7477
f 7477 7172 7173
f 7477 7173 7478
f 7478 7173 7174
f 7478 7174 7479
f 7479 7174 7175
f 7479 7175 7480
f 7480 7175 7176
f 7480 7176 7481
f 7481 7176 7177
f 7481 7177 7482
f 7482 7177 7178
f 7482 7178 7483
f 7483 7178 7179
f 7483 7179 7484
f 7484 7179 7180
f 7484 7180 7485
f 7485 7180 7181
f 7485 7181 7486
f 7486 7181 7182
f 7486 7182 7487
f 7487 7182 7183
f 7487 7183 7488
f 7488 7183 7079
f 7488 7079 7231
f 7489 7056 7184
f 7489 7184 7490
f 7364 7190 7191
f 7364 7191 7491
f 7492 7200 7195
f 7492 7195 7493
f 7494 7185 7055
f 7494 7055 7495
f 7496 7196 7203
f 7496 7203 7367
f 7386 7187 7064
f 7386 7064 7370
f 7497 7194 7192
f 7497 7192 7498
f 7375 7188 7189
f 7375 7189 7499
f 7499 7189 7232
f 7499 7232 7371
f 7233 7193 7194
f 7233 7194 7497
f 7360 7058 7074
f 7360 7074 7500
f 7491 7191 7197
f 7491 7197 7385
f 7372 7198 7185
f 7372 7185 7494
f 7381 7199 7200
f 7381 7200 7492
f 7495 7055 7056
f 7495 7056 7489
f 7490 7184 7080
f 7490 7080 7387
f 7501 7071 7075
f 7501 7075 7382
f 7384 7059 7060
f 7384 7060 7369
f 7502 7205 7084
f 7502 7084 7503
f 7504 7068 7069
f 7504 7069 7380
f 7362 7186 7202
f 7362 7202 7505
f 7503 7084 7085
f 7503 7085 7393
f 7505 7202 7057
f 7505 7057 7359
f 7493 7195 7196
f 7493 7196 7496
f 7506 7083 7205
f 7506 7205 7502
f 7500 7074 7063
f 7500 7063 7378
f 7507 7082 7083
f 7507 7083 7506
f 7508 7208 7207
f 7508 7207 7358
f 7509 7209 7208
f 7509 7208 7508
f 7510 7210 7209
f 7510 7209 7509
f 7511 7211 7210
f 7511 7210 7510
f 7512 7212 7211
f 7512 7211 7511
f 7513 7213 7212
f 7513 7212 7512
f 7514 7214 7213
f 7514 7213 7513
f 7515 7215 7214
f 7515 7214 7514
f 7516 7216 7215
f 7516 7215 7515
f 7517 7217 7216
f 7517 7216 7516
f 7518 7218 7217
f 7518 7217 7517
f 7519 7219 7218
f 7519 7218 7518
f 7520 7220 7219
f 7520 7219 7519
f 7521 7221 7220
f 7521 7220 7520
f 7522 7222 7221
f 7522 7221 7521
f 7523 7223 7222
f 7523 7222 7522
f 7524 7224 7223
f 7524 7223 7523
f 7525 7225 7224
f 7525 7224 7524
f 7526 7226 7225
f 7526 7225 7525
f 7527 7227 7226
f 7527 7226 7526
f 7528 7228 7227
f 7528 7227 7527
f 7529 7229 7228
f 7529 7228 7528
f 7530 7230 7229
f 7530 7229 7529
f 7488 7231 7230
f 7488 7230 7530
f 7389 7072 7073
f 7389 7073 7376
f 7385 7070 7071
f 7385 7071 7501
f 7377 7206 7082
f 7377 7082 7507
f 7373 7066 7067
f 7373 7067 7374
f 7498 7192 7068
f 7498 7068 7504
f 7531 7234 7233
f 7531 7233 7497
f 7532 7235 7234
f 7532 7234 7531
f 7533 7236 7235
f 7533 7235 7532
f 7534 7237 7236
f 7534 7236 7533
f 7535 7238 7237
f 7535 7237 7534
f 7536 7239 7238
f 7536 7238 7535
f 7537 7240 7239
f 7537 7239 7536
f 7538 7241 7240
f 7538 7240 7537
f 7539 7242 7241
f 7539 7241 7538
f 7540 7243 7242
f 7540 7242 7539
f 7541 7244 7243
f 7541 7243 7540
f 7542 7245 7244
f 7542 7244 7541
f 7543 7246 7245
f 7543 7245 7542
f 7544 7247 7246
f 7544 7246 7543
f 7545 7248 7247
f 7545 7247 7544
f 7546 7249 7248
f 7546 7248 7545
f 7547 7250 7249
f 7547 7249 7546
f 7548 7251 7250
f 7548 7250 7547
f 7549 7252 7251
f 7549 7251 7548
f 7550 7253 7252
f 7550 7252 7549
f 7551 7254 7253
f 7551 7253 7550
f 7552 7255 7254
f 7552 7254 7551
f 7553 7256 7255
f 7553 7255 7552
f 7554 7257 7256
f 7554 7256 7553
f 7555 7258 7257
f 7555 7257 7554
f 7556 7259 7258
f 7556 7258 7555
f 7557 7260 7259
f 7557 7259 7556
f 7558 7261 7260
f 7558 7260 7557
f 7559 7262 7261
f 7559 7261 7558
f 7560 7263 7262
f 7560 7262 7559
f 7561 7264 7263
f 7561 7263 7560
f 7562 7265 7264
f 7562 7264 7561
f 7563 7266 7265
f 7563 7265 7562
f 7564 7267 7266
f 7564 7266 7563
f 7565 7268 7267
f 7565 7267 7564
f 7566 7269 7268
f 7566 7268 7565
f 7567 7270 7269
f 7567 7269 7566
f 7568 7271 7270
f 7568 7270 7567
f 7569 7272 7271
f 7569 7271 7568
f 7570 7273 7272
f 7570 7272 7569
f 7571 7274 7273
f 7571 7273 7570
f 7572 7275 7274
f 7572 7274 7571
f 7573 7276 7275
f 7573 7275 7572
f 7574 7277 7276
f 7574 7276 7573
f 7575 7278 7277
f 7575 7277 7574
f 7576 7279 7278
f 7576 7278 7575
f 7577 7280 7279
f 7577 7279 7576
f 7578 7281 7280
f 7578 7280 7577
f 7579 7282 7281
f 7579 7281 7578
f 7580 7283 7282
f 7580 7282 7579
f 7581 7284 7283
f 7581 7283 7580
f 7582 7285 7284
f 7582 7284 7581
f 7583 7286 7285
f 7583 7285 7582
f 7584 7287 7286
f 7584 7286 7583
f 7585 7288 7287
f 7585 7287 7584
f 7586 7289 7288
f 7586 7288 7585
f 7587 7290 7289
f 7587 7289 7586
f 7588 7291 7290
f 7588 7290 7587
f 7589 7292 7291
f 7589 7291 7588
f 7590 7293 7292
f 7590 7292 7589
f 7591 7294 7293
f 7591 7293 7590
f 7592 7295 7294
f 7592 7294 7591
f 7593 7296 7295
f 7593 7295 7592
f 7594 7297 7296
f 7594 7296 7593
f 7595 7298 7297
f 7595 7297 7594
f 7596 7299 7298
f 7596 7298 7595
f 7597 7300 7299
f 7597 7299 7596
f 7598 7301 7300
f 7598 7300 7597
f 7599 7302 7301
f 7599 7301 7598
f 7600 7303 7302
f 7600 7302 7599
f 7601 7304 7303
f 7601 7303 7600
f 7602 7305 7304
f 7602 7304 7601
f 7603 7306 7305
f 7603 7305 7602
f 7604 7307 7306
f 7604 7306 7603
f 7605 7308 7307
f 7605 7307 7604
f 7606 7309 7308
f 7606 7308 7605
f 7607 7310 7309
f 7607 7309 7606
f 7608 7311 7310
f 7608 7310 7607
f 7609 7312 7311
f 7609 7311 7608
f 7610 7313 7312
f 7610 7312 7609
f 7611 7314 7313
f 7611 7313 7610
f 7612 7315 7314
f 7612 7314 7611
f 7613 7316 7315
f 7613 7315 7612
f 7614 7317 7316
f 7614 7316 7613
f 7615 7318 7317
f 7615 7317 7614
f 7616 7319 7318
f 7616 7318 7615
f 7617 7320 7319
f 7617 7319 7616
f 7618 7321 7320
f 7618 7320 7617
f 7619 7322 7321
f 7619 7321 7618
f 7620 7323 7322
f 7620 7322 7619
f 7621 7324 7323
f 7621 7323 7620
f 7622 7325 7324
f 7622 7324 7621
f 7623 7326 7325
f 7623 7325 7622
f 7624 7327 7326
f 7624 7326 7623
f 7625 7328 7327
f 7625 7327 7624
f 7626 7329 7328
f 7626 7328 7625
f 7627 7330 7329
f 7627 7329 7626
f 7628 7331 7330
f 7628 7330 7627
f 7629 7332 7331
f 7629 7331 7628
f 7630 7333 7332
f 7630 7332 7629
f 7631 7334 7333
f 7631 7333 7630
f 7632 7335 7334
f 7632 7334 7631
f 7633 7336 7335
f 7633 7335 7632
f 7634 7337 7336
f 7634 7336 7633
f 7635 7338 7337
f 7635 7337 7634
f 7636 7339 7338
f 7636 7338 7635
f 7637 7340 7339
f 7637 7339 7636
f 7638 7341 7340
f 7638 7340 7637
f 7639 7342 7341
f 7639 7341 7638
f 7640 7343 7342
f 7640 7342 7639
f 7641 7344 7343
f 7641 7343 7640
f 7642 7345 7344
f 7642 7344 7641
f 7643 7346 7345
f 7643 7345 7642
f 7644 7347 7346
f 7644 7346 7643
f 7645 7348 7347
f 7645 7347 7644
f 7646 7349 7348
f 7646 7348 7645
f 7647 7350 7349
f 7647 7349 7646
f 7648 7351 7350
f 7648 7350 7647
f 7649 7352 7351
f 7649 7351 7648
f 7650 7353 7352
f 7650 7352 7649
f 7651 7354 7353
f 7651 7353 7650
f 7652 7355 7354
f 7652 7354 7651
f 7653 7356 7355
f 7653 7355 7652
f 7654 7357 7356
f 7654 7356 7653
f 7508 7358 7357
f 7508 7357 7654
f 7655 7361 7362
f 7655 7362 7656
f 7657 7503 7393
f 7657 7393 7658
f 7659 7499 7371
f 7659 7371 7660
f 7661 7379 7363
f 7661 7363 7662
f 7663 7502 7503
f 7663 7503 7657
f 7664 7370 7361
f 7664 7361 7655
f 7660 7371 7372
f 7660 7372 7665
f 7666 7366 7373
f 7666 7373 7667
f 7668 7374 7375
f 7668 7375 7669
f 7667 7373 7374
f 7667 7374 7668
f 7670 7394 7395
f 7670 7395 7671
f 7672 7495 7489
f 7672 7489 7673
f 7674 7383 7384
f 7674 7384 7675
f 7676 7377 7507
f 7676 7507 7677
f 7491 7385 7501
f 7491 7501 7678
f 7679 7369 7365
f 7679 7365 7680
f 7678 7501 7382
f 7678 7382 7681
f 7682 7388 7389
f 7682 7389 7683
f 7684 7390 7391
f 7684 7391 7685
f 7686 7367 7368
f 7686 7368 7687
f 7685 7391 7394
f 7685 7394 7670
f 7658 7393 7392
f 7658 7392 7688
f 7671 7395 7396
f 7671 7396 7689
f 7689 7396 7397
f 7689 7397 7690
f 7690 7397 7398
f 7690 7398 7691
f 7691 7398 7399
f 7691 7399 7692
f 7692 7399 7400
f 7692 7400 7693
f 7693 7400 7401
f 7693 7401 7694
f 7694 7401 7402
f 7694 7402 7695
f 7695 7402 7403
f 7695 7403 7696
f 7696 7403 7404
f 7696 7404 7697
f 7697 7404 7405
f 7697 7405 7698
f 7698 7405 7406
f 7698 7406 7699
f 7699 7406 7407
f 7699 7407 7700
f 7700 7407 7408
f 7700 7408 7701
f 7701 7408 7409
f 7701 7409 7702
f 7702 7409 7410
f 7702 7410 7703
f 7703 7410 7411
f 7703 7411 7704
f 7704 7411 7412
f 7704 7412 7705
f 7705 7412 7413
f 7705 7413 7706
f 7706 7413 7414
f 7706 7414 7707
f 7707 7414 7415
f 7707 7415 7708
f 7708 7415 7416
f 7708 7416 7709
f 7709 7416 7417
f 7709 7417 7710
f 7710 7417 7418
f 7710 7418 7711
f 7711 7418 7419
f 7711 7419 7712
f 7712 7419 7420
f 7712 7420 7713
f 7713 7420 7421
f 7713 7421 7714
f 7714 7421 7422
f 7714 7422 7715
f 7715 7422 7423
f 7715 7423 7716
f 7716 7423 7424
f 7716 7424 7717
f 7717 7424 7425
f 7717 7425 7718
f 7718 7425 7426
f 7718 7426 7719
f 7719 7426 7427
f 7719 7427 7720
f 7720 7427 7428
f 7720 7428 7721
f 7721 7428 7429
f 7721 7429 7722
f 7722 7429 7430
f 7722 7430 7723
f 7723 7430 7431
f 7723 7431 7724
f 7724 7431 7432
f 7724 7432 7725
f 7725 7432 7433
f 7725 7433 7726
f 7726 7433 7434
f 7726 7434 7727
f 7727 7434 7435
f 7727 7435 7728
f 7728 7435 7436
f 7728 7436 7729
f 7729 7436 7437
f 7729 7437 7730
f 7730 7437 7438
f 7730 7438 7731
f 7731 7438 7439
f 7731 7439 7732
f 7732 7439 7440
f 7732 7440 7733
f 7733 7440 7441
f 7733 7441 7734
f 7734 7441 7442
f 7734 7442 7735
f 7735 7442 7443
f 7735 7443 7736
f 7736 7443 7444
f 7736 7444 7737
f 7737 7444 7445
f 7737 7445 7738
f 7738 7445 7446
f 7738 7446 7739
f 7739 7446 7447
f 7739 7447 7740
f 7740 7447 7448
f 7740 7448 7741
f 7741 7448 7449
f 7741 7449 7742
f 7742 7449 7450
f 7742 7450 7743
f 7743 7450 7451
f 7743 7451 7744
f 7744 7451 7452
f 7744 7452 7745
f 7745 7452 7453
f 7745 7453 7746
f 7746 7453 7454
f 7746 7454 7747
f 7747 7454 7455
f 7747 7455 7748
f 7748 7455 7456
f 7748 7456 7749
f 7749 7456 7457
f 7749 7457 7750
f 7750 7457 7458
f 7750 7458 7751
f 7751 7458 7459
f 7751 7459 7752
f 7752 7459 7460
f 7752 7460 7753
f 7753 7460 7461
f 7753 7461 7754
f 7754 7461 7462
f 7754 7462 7755
f 7755 7462 7463
f 7755 7463 7756
f 7756 7463 7464
f 7756 7464 7757
f 7757 7464 7465
f 7757 7465 7758
f 7758 7465 7466
f 7758 7466 7759
f 7759 7466 7467
f 7759 7467 7760
f 7760 7467 7468
f 7760 7468 7761
f 7761 7468 7469
f 7761 7469 7762
f 7762 7469 7470
f 7762 7470 7763
f 7763 7470 7471
f 7763 7471 7764
f 7764 7471 7472
f 7764 7472 7765
f 7765 7472 7473
f 7765 7473 7766
f 7766 7473 7474
f 7766 7474 7767
f 7767 7474 7475
f 7767 7475 7768
f 7768 7475 7476
f 7768 7476 7769
f 7769 7476 7477
f 7769 7477 7770
f 7770 7477 7478
f 7770 7478 7771
f 7771 7478 7479
f 7771 7479 7772
f 7772 7479 7480
f 7772 7480 7773
f 7773 7480 7481
f 7773 7481 7774
f 7774 7481 7482
f 7774 7482 7775
f 7775 7482 7483
f 7775 7483 7776
f 7776 7483 7484
f 7776 7484 7777
f 7777 7484 7485
f 7777 7485 7778
f 7778 7485 7486
f 7778 7486 7779
f 7779 7486 7487
f 7779 7487 7780
f 7780 7487 7488
f 7780 7488 7530
f 7683 7389 7376
f 7683 7376 7781
f 7665 7372 7494
f 7665 7494 7782
f 7783 7364 7491
f 7783 7491 7678
f 7784 7492 7493
f 7784 7493 7785
f 7681 7382 7383
f 7681 7383 7674
f 7786 7490 7387
f 7786 7387 7787
f 7788 7506 7502
f 7788 7502 7663
f 7669 7375 7499
f 7669 7499 7659
f 7789 7360 7500
f 7789 7500 7790
f 7791 7504 7380
f 7791 7380 7792
f 7680 7365 7366
f 7680 7366 7666
f 7790 7500 7378
f 7790 7378 7793
f 7785 7493 7496
f 7785 7496 7794
f 7688 7392 7390
f 7688 7390 7684
f 7675 7384 7369
f 7675 7369 7679
f 7795 7505 7359
f 7795 7359 7796
f 7662 7363 7364
f 7662 7364 7783
f 7656 7362 7505
f 7656 7505 7795
f 7796 7359 7360
f 7796 7360 7789
f 7677 7507 7506
f 7677 7506 7788
f 7687 7368 7386
f 7687 7386 7797
f 7798 7509 7508
f 7798 7508 7654
f 7799 7510 7509
f 7799 7509 7798
f 7800 7511 7510
f 7800 7510 7799
f 7801 7512 7511
f 7801 7511 7800
f 7802 7513 7512
f 7802 7512 7801
f 7803 7514 7513
f 7803 7513 7802
f 7804 7515 7514
f 7804 7514 7803
f 7805 7516 7515
f 7805 7515 7804
f 7806 7517 7516
f 7806 7516 7805
f 7807 7518 7517
f 7807 7517 7806
f 7808 7519 7518
f 7808 7518 7807
f 7809 7520 7519
f 7809 7519 7808
f 7810 7521 7520
f 7810 7520 7809
f 7811 7522 7521
f 7811 7521 7810
f 7812 7523 7522
f 7812 7522 7811
f 7813 7524 7523
f 7813 7523 7812
f 7814 7525 7524
f 7814 7524 7813
f 7815 7526 7525
f 7815 7525 7814
f 7816 7527 7526
f 7816 7526 7815
f 7817 7528 7527
f 7817 7527 7816
f 7818 7529 7528
f 7818 7528 7817
f 7780 7530 7529
f 7780 7529 7818
f 7781 7376 7377
f 7781 7377 7676
f 7819 7498 7504
f 7819 7504 7791
f 7792 7380 7381
f 7792 7381 7820
f 7793 7378 7379
f 7793 7379 7661
f 7794 7496 7367
f 7794 7367 7686
f 7797 7386 7370
f 7797 7370 7664
f 7531 7497 7498
f 7531 7498 7819
f 7673 7489 7490
f 7673 7490 7786
f 7782 7494 7495
f 7782 7495 7672
f 7787 7387 7388
f 7787 7388 7682
f 7820 7381 7492
f 7820 7492 7784
f 7821 7532 7531
f 7821 7531 7819
f 7822 7533 7532
f 7822 7532 7821
f 7823 7534 7533
f 7823 7533 7822
f 7824 7535 7534
f 7824 7534 7823
f 7825 7536 7535
f 7825 7535 7824
f 7826 7537 7536
f 7826 7536 7825
f 7827 7538 7537
f 7827 7537 7826
f 7828 7539 7538
f 7828 7538 7827
f 7829 7540 7539
f 7829 7539 7828
f 7830 7541 7540
f 7830 7540 7829
f 7831 7542 7541
f 7831 7541 7830
f 7832 7543 7542
f 7832 7542 7831
f 7833 7544 7543
f 7833 7543 7832
f 7834 7545 7544
f 7834 7544 7833
f 7835 7546 7545
f 7835 7545 7834
f 7836 7547 7546
f 7836 7546 7835
f 7837 7548 7547
f 7837 7547 7836
f 7838 7549 7548
f 7838 7548 7837
f 7839 7550 7549
f 7839 7549 7838
f 7840 7551 7550
f 7840 7550 7839
f 7841 7552 7551
f 7841 7551 7840
f 7842 7553 7552
f 7842 7552 7841
f 7843 7554 7553
f 7843 7553 7842
f 7844 7555 7554
f 7844 7554 7843
f 7845 7556 7555
f 7845 7555 7844
f 7846 7557 7556
f 7846 7556 7845
f 7847 7558 7557
f 7847 7557 7846
f 7848 7559 7558
f 7848 7558 7847
f 7849 7560 7559
f 7849 7559 7848
f 7850 7561 7560
f 7850 7560 7849
f 7851 7562 7561
f 7851 7561 7850
f 7852 7563 7562
f 7852 7562 7851
f 7853 7564 7563
f 7853 7563 7852
f 7854 7565 7564
f 7854 7564 7853
f 7855 7566 7565
f 7855 7565 7854
f 7856 7567 7566
f 7856 7566 7855
f 7857 7568 7567
f 7857 7567 7856
f 7858 7569 7568
f 7858 7568 7857
f 7859 7570 7569
f 7859 7569 7858
f 7860 7571 7570
f 7860 7570 7859
f 7861 7572 7571
f 7861 7571 7860
f 7862 7573 7572
f 7862 7572 7861
f 7863 7574 7573
f 7863 7573 7862
f 7864 7575 7574
f 7864 7574 7863
f 7865 7576 7575
f 7865 7575 7864
f 7866 7577 7576
f 7866 7576 7865
f 7867 7578 7577
f 7867 7577 7866
f 7868 7579 7578
f 7868 7578 7867
f 7869 7580 7579
f 7869 7579 7868
f 7870 7581 7580
f 7870 7580 7869
f 7871 7582 7581
f 7871 7581 7870
f 7872 7583 7582
f 7872 7582 7871
f 7873 7584 7583
f 7873 7583 7872
f 7874 7585 7584
f 7874 7584 7873
f 7875 7586 7585
f 7875 7585 7874
f 7876 7587 7586
f 7876 7586 7875
f 7877 7588 7587
f 7877 7587 7876
f 7878 7589 7588
f 7878 7588 7877
f 7879 7590 7589
f 7879 7589 7878
f 7880 7591 7590
f 7880 7590 7879
f 7881 7592 7591
f 7881 7591 7880
f 7882 7593 7592
f 7882 7592 7881
f 7883 7594 7593
f 7883 7593 7882
f 7884 7595 7594
f 7884 7594 7883
f 7885 7596 7595
f 7885 7595 7884
f 7886 7597 7596
f 7886 7596 7885
f 7887 7598 7597
f 7887 7597 7886
f 7888 7599 7598
f 7888 7598 7887
f 7889 7600 7599
f 7889 7599 7888
f 7890 7601 7600
f 7890 7600 7889
f 7891 7602 7601
f 7891 7601 7890
f 7892 7603 7602
f 7892 7602 7891
f 7893 7604 7603
f 7893 7603 7892
f 7894 7605 7604
f 7894 7604 7893
f 7895 7606 7605
f 7895 7605 7894
f 7896 7607 7606
f 7896 7606 7895
f 7897 7608 7607
f 7897 7607 7896
f 7898 7609 7608
f 7898 7608 7897
f 7899 7610 7609
f 7899 7609 7898
f 7900 7611 7610
f 7900 7610 7899
f 7901 7612 7611
f 7901 7611 7900
f 7902 7613 7612
f 7902 7612 7901
f 7903 7614 7613
f 7903 7613 7902
f 7904 7615 7614
f 7904 7614 7903
f 7905 7616 7615
f 7905 7615 7904
f 7906 7617 7616
f 7906 7616 7905
f 7907 7618 7617
f 7907 7617 7906
f 7908 7619 7618
f 7908 7618 7907
f 7909 7620 7619
f 7909 7619 7908
f 7910 7621 7620
f 7910 7620 7909
f 7911 7622 7621
f 7911 7621 7910
f 7912 7623 7622
f 7912 7622 7911
f 7913 7624 7623
f 7913 7623 7912
f 7914 7625 7624
f 7914 7624 7913
f 7915 7626 7625
f 7915 7625 7914
f 7916 7627 7626
f 7916 7626 7915
f 7917 7628 7627
f 7917 7627 7916
f 7918 7629 7628
f 7918 7628 7917
f 7919 7630 7629
f 7919 7629 7918
f 7920 7631 7630
f 7920 7630 7919
f 7921 7632 7631
f 7921 7631 7920
f 7922 7633 7632
f 7922 7632 7921
f 7923 7634 7633
f 7923 7633 7922
f 7924 7635 7634
f 7924 7634 7923
f 7925 7636 7635
f 7925 7635 7924
f 7926 7637 7636
f 7926 7636 7925
f 7927 7638 7637
f 7927 7637 7926
f 7928 7639 7638
f 7928 7638 7927
f 7929 7640 7639
f 7929 7639 7928
f 7930 7641 7640
f 7930 7640 7929
f 7931 7642 7641
f 7931 7641 7930
f 7932 7643 7642
f 7932 7642 7931
f 7933 7644 7643
f 7933 7643 7932
f 7934 7645 7644
f 7934 7644 7933
f 7935 7646 7645
f 7935 7645 7934
f 7936 7647 7646
f 7936 7646 7935
f 7937 7648 7647
f 7937 7647 7936
f 7938 7649 7648
f 7938 7648 7937
f 7939 7650 7649
f 7939 7649 7938
f 7940 7651 7650
f 7940 7650 7939
f 7941 7652 7651
f 7941 7651 7940
f 7942 7653 7652
f 7942 7652 7941
f 7798 7654 7653
f 7798 7653 7942
f 7943 7657 7658
f 7943 7658 7944
f 7945 7660 7665
f 7945 7665 7946
f 7947 7671 7689
f 7947 7689 7948
f 7946 7665 7782
f 7946 7782 7949
f 7948 7689 7690
f 7948 7690 7950
f 7951 7672 7673
f 7951 7673 7952
f 7953 7656 7795
f 7953 7795 7954
f 7955 7669 7659
f 7955 7659 7956
f 7957 7664 7655
f 7957 7655 7958
f 7959 7666 7667
f 7959 7667 7960
f 7961 7785 7794
f 7961 7794 7962
f 7960 7667 7668
f 7960 7668 7963
f 7964 7675 7679
f 7964 7679 7965
f 7949 7782 7672
f 7949 7672 7951
f 7966 7677 7788
f 7966 7788 7967
f 7968 7687 7797
f 7968 7797 7969
f 7970 7688 7684
f 7970 7684 7971
f 7779 7780 7818
f 7779 7818 7972
f 7965 7679 7680
f 7965 7680 7973
f 7783 7678 7681
f 7783 7681 7974
f 7975 7682 7683
f 7975 7683 7976
f 7944 7658 7688
f 7944 7688 7970
f 7977 7685 7670
f 7977 7670 7978
f 7979 7792 7820
f 7979 7820 7980
f 7950 7690 7691
f 7950 7691 7981
f 7981 7691 7692
f 7981 7692 7982
f 7982 7692 7693
f 7982 7693 7983
f 7983 7693 7694
f 7983 7694 7984
f 7984 7694 7695
f 7984 7695 7985
f 7985 7695 7696
f 7985 7696 7986
f 7986 7696 7697
f 7986 7697 7987
f 7987 7697 7698
f 7987 7698 7988
f 7988 7698 7699
f 7988 7699 7989
f 7989 7699 7700
f 7989 7700 7990
f 7990 7700 7701
f 7990 7701 7991
f 7991 7701 7702
f 7991 7702 7992
f 7992 7702 7703
f 7992 7703 7993
f 7993 7703 7704
f 7993 7704 7994
f 7994 7704 7705
f 7994 7705 7995
f 7995 7705 7706
f 7995 7706 7996
f 7996 7706 7707
f 7996 7707 7997
f 7997 7707 7708
f 7997 7708 7998
f 7998 7708 7709
f 7998 7709 7999
f 7999 7709 7710
f 7999 7710 8000
f 8000 7710 7711
f 8000 7711 8001
f 8001 7711 7712
f 8001 7712 8002
f 8002 7712 7713
f 8002 7713 8003
f 8003 7713 7714
f 8003 7714 8004
f 8004 7714 7715
f 8004 7715 8005
f 8005 7715 7716
f 8005 7716 8006
f 8006 7716 7717
f 8006 7717 8007
f 8007 7717 7718
f 8007 7718 8008
f 8008 7718 7719
f 8008 7719 8009
f 8009 7719 7720
f 8009 7720 8010
f 8010 7720 7721
f 8010 7721 8011
f 8011 7721 7722
f 8011 7722 8012
f 8012 7722 7723
f 8012 7723 8013
f 8013 7723 7724
f 8013 7724 8014
f 8014 7724 7725
f 8014 7725 8015
f 8015 7725 7726
f 8015 7726 8016
f 8016 7726 7727
f 8016 7727 8017
f 8017 7727 7728
f 8017 7728 8018
f 8018 7728 7729
f 8018 7729 8019
f 8019 7729 7730
f 8019 7730 8020
f 8020 7730 7731
f 8020 7731 8021
f 8021 7731 7732
f 8021 7732 8022
f 8022 7732 7733
f 8022 7733 8023
f 8023 7733 7734
f 8023 7734 8024
f 8024 7734 7735
f 8024 7735 8025
f 8025 7735 7736
f 8025 7736 8026
f 8026 7736 7737
f 8026 7737 8027
f 8027 7737 7738
f 8027 7738 8028
f 8028 7738 7739
f 8028 7739 8029
f 8029 7739 7740
f 8029 7740 8030
f 8030 7740 7741
f 8030 7741 8031
f 8031 7741 7742
f 8031 7742 8032
f 8032 7742 7743
f 8032 7743 8033
f 8033 7743 7744
f 8033 7744 8034
f 8034 7744 7745
f 8034 7745 8035
f 8035 7745 7746
f 8035 7746 8036
f 8036 7746 7747
f 8036 7747 8037
f 8037 7747 7748
f 8037 7748 8038
f 8038 7748 7749
f 8038 7749 8039
f 8039 7749 7750
f 8039 7750 8040
f 8040 7750 7751
f 8040 7751 8041
f 8041 7751 7752
f 8041 7752 8042
f 8042 7752 7753
f 8042 7753 8043
f 8043 7753 7754
f 8043 7754 8044
f 8044 7754 7755
f 8044 7755 8045
f 8045 7755 7756
f 8045 7756 8046
f 8046 7756 7757
f 8046 7757 8047
f 8047 7757 7758
f 8047 7758 8048
f 8048 7758 7759
f 8048 7759 8049
f 8049 7759 7760
f 8049 7760 8050
f 8050 7760 7761
f 8050 7761 8051
f 8051 7761 7762
f 8051 7762 8052
f 8052 7762 7763
f 8052 7763 8053
f 8053 7763 7764
f 8053 7764 8054
f 8054 7764 7765
f 8054 7765 8055
f 8055 7765 7766
f 8055 7766 8056
f 8056 7766 7767
f 8056 7767 8057
f 8057 7767 7768
f 8057 7768 8058
f 8058 7768 7769
f 8058 7769 8059
f 8059 7769 7770
f 8059 7770 8060
f 8060 7770 7771
f 8060 7771 8061
f 8061 7771 7772
f 8061 7772 8062
f 8062 7772 7773
f 8062 7773 8063
f 8063 7773 7774
f 8063 7774 8064
f 8064 7774 7775
f 8064 7775 8065
f 8065 7775 7776
f 8065 7776 8066
f 8066 7776 7777
f 8066 7777 8067
f 8067 7777 7778
f 8067 7778 8068
f 8068 7778 7779
f 8068 7779 7972
f 8069 7781 7676
f 8069 7676 8070
f 7976 7683 7781
f 7976 7781 8069
f 7967 7788 7663
f 7967 7663 8071
f 8072 7787 7682
f 8072 7682 7975
f 8071 7663 7657
f 8071 7657 7943
f 8073 7686 7687
f 8073 7687 7968
f 8074 7784 7785
f 8074 7785 7961
f 7974 7681 7674
f 7974 7674 8075
f 8076 7791 7792
f 8076 7792 7979
f 7958 7655 7656
f 7958 7656 7953
f 8077 7661 7662
f 8077 7662 8078
f 8079 7793 7661
f 8079 7661 8077
f 7973 7680 7666
f 7973 7666 7959
f 7969 7797 7664
f 7969 7664 7957
f 7952 7673 7786
f 7952 7786 8080
f 7971 7684 7685
f 7971 7685 7977
f 7980 7820 7784
f 7980 7784 8074
f 7954 7795 7796
f 7954 7796 8081
f 8078 7662 7783
f 8078 7783 7974
f 7821 7819 7791
f 7821 7791 8076
f 8082 7790 7793
f 8082 7793 8079
f 8070 7676 7677
f 8070 7677 7966
f 8080 7786 7787
f 8080 7787 8072
f 7963 7668 7669
f 7963 7669 7955
f 8081 7796 7789
f 8081 7789 8083
f 8084 7799 7798
f 8084 7798 7942
f 8085 7800 7799
f 8085 7799 8084
f 8086 7801 7800
f 8086 7800 8085
f 8087 7802 7801
f 8087 7801 8086
f 8088 7803 7802
f 8088 7802 8087
f 8089 7804 7803
f 8089 7803 8088
f 8090 7805 7804
f 8090 7804 8089
f 8091 7806 7805
f 8091 7805 8090
f 8092 7807 7806
f 8092 7806 8091
f 8093 7808 7807
f 8093 7807 8092
f 8094 7809 7808
f 8094 7808 8093
f 8095 7810 7809
f 8095 7809 8094
f 8096 7811 7810
f 8096 7810 8095
f 8097 7812 7811
f 8097 7811 8096
f 8098 7813 7812
f 8098 7812 8097
f 8099 7814 7813
f 8099 7813 8098
f 8100 7815 7814
f 8100 7814 8099
f 8101 7816 7815
f 8101 7815 8100
f 8102 7817 7816
f 8102 7816 8101
f 7972 7818 7817
f 7972 7817 8102
f 8075 7674 7675
f 8075 7675 7964
f 7956 7659 7660
f 7956 7660 7945
f 7978 7670 7671
f 7978 7671 7947
f 7962 7794 7686
f 7962 7686 8073
f 8083 7789 7790
f 8083 7790 8082
f 8103 7822 7821
f 8103 7821 8076
f 8104 7823 7822
f 8104 7822 8103
f 8105 7824 7823
f 8105 7823 8104
f 8106 7825 7824
f 8106 7824 8105
f 8107 7826 7825
f 8107 7825 8106
f 8108 7827 7826
f 8108 7826 8107
f 8109 7828 7827
f 8109 7827 8108
f 8110 7829 7828
f 8110 7828 8109
f 8111 7830 7829
f 8111 7829 8110
f 8112 7831 7830
f 8112 7830 8111
f 8113 7832 7831
f 8113 7831 8112
f 8114 7833 7832
f 8114 7832 8113
f 8115 7834 7833
f 8115 7833 8114
f 8116 7835 7834
f 8116 7834 8115
f 8117 7836 7835
f 8117 7835 8116
f 8118 7837 7836
f 8118 7836 8117
f 8119 7838 7837
f 8119 7837 8118
f 8120 7839 7838
f 8120 7838 8119
f 8121 7840 7839
f 8121 7839 8120
f 8122 7841 7840
f 8122 7840 8121
f 8123 7842 7841
f 8123 7841 8122
f 8124 7843 7842
f 8124 7842 8123
f 8125 7844 7843
f 8125 7843 8124
f 8126 7845 7844
f 8126 7844 8125
f 8127 7846 7845
f 8127 7845 8126
f 8128 7847 7846
f 8128 7846 8127
f 8129 7848 7847
f 8129 7847 8128
f 8130 7849 7848
f 8130 7848 8129
f 8131 7850 7849
f 8131 7849 8130
f 8132 7851 7850
f 8132 7850 8131
f 8133 7852 7851
f 8133 7851 8132
f 8134 7853 7852
f 8134 7852 8133
f 8135 7854 7853
f 8135 7853 8134
f 8136 7855 7854
f 8136 7854 8135
f 8137 7856 7855
f 8137 7855 8136
f 8138 7857 7856
f 8138 7856 8137
f 8139 7858 7857
f 8139 7857 8138
f 8140 7859 7858
f 8140 7858 8139
f 8141 7860 7859
f 8141 7859 8140
f 8142 7861 7860
f 8142 7860 8141
f 8143 7862 7861
f 8143 7861 8142
f 8144 7863 7862
f 8144 7862 8143
f 8145 7864 7863
f 8145 7863 8144
f 8146 7865 7864
f 8146 7864 8145
f 8147 7866 7865
f 8147 7865 8146
f 8148 7867 7866
f 8148 7866 8147
f 8149 7868 7867
f 8149 7867 8148
f 8150 7869 7868
f 8150 7868 8149
f 8151 7870 7869
f 8151 7869 8150
f 8152 7871 7870
f 8152 7870 8151
f 8153 7872 7871
f 8153 7871 8152
f 8154 7873 7872
f 8154 7872 8153
f 8155 7874 7873
f 8155 7873 8154
f 8156 7875 7874
f 8156 7874 8155
f 8157 7876 7875
f 8157 7875 8156
f 8158 7877 7876
f 8158 7876 8157
f 8159 7878 7877
f 8159 7877 8158
f 8160 7879 7878
f 8160 7878 8159
f 8161 7880 7879
f 8161 7879 8160
f 8162 7881 7880
f 8162 7880 8161
f 8163 7882 7881
f 8163 7881 8162
f 8164 7883 7882
f 8164 7882 8163
f 8165 7884 7883
f 8165 7883 8164
f 8166 7885 7884
f 8166 7884 8165
f 8167 7886 7885
f 8167 7885 8166
f 8168 7887 7886
f 8168 7886 8167
f 8169 7888 7887
f 8169 7887 8168
f 8170 7889 7888
f 8170 7888 8169
f 8171 7890 7889
f 8171 7889 8170
f 8172 7891 7890
f 8172 7890 8171
f 8173 7892 7891
f 8173 7891 8172
f 8174 7893 7892
f 8174 7892 8173
f 8175 7894 7893
f 8175 7893 8174
f 8176 7895 7894
f 8176 7894 8175
f 8177 7896 7895
f 8177 7895 8176
f 8178 7897 7896
f 8178 7896 8177
f 8179 7898 7897
f 8179 7897 8178
f 8180 7899 7898
f 8180 7898 8179
f 8181 7900 7899
f 8181 7899 8180
f 8182 7901 7900
f 8182 7900 8181
f 8183 7902 7901
f 8183 7901 8182
f 8184 7903 7902
f 8184 7902 8183
f 8185 7904 7903
f 8185 7903 8184
f 8186 7905 7904
f 8186 7904 8185
f 8187 7906 7905
f 8187 7905 8186
f 8188 7907 7906
f 8188 7906 8187
f 8189 7908 7907
f 8189 7907 8188
f 8190 7909 7908
f 8190 7908 8189
f 8191 7910 7909
f 8191 7909 8190
f 8192 7911 7910
f 8192 7910 8191
f 8193 7912 7911
f 8193 7911 8192
f 8194 7913 7912
f 8194 7912 8193
f 8195 7914 7913
f 8195 7913 8194
f 8196 7915 7914
f 8196 7914 8195
f 8197 7916 7915
f 8197 7915 8196
f 8198 7917 7916
f 8198 7916 8197
f 8199 7918 7917
f 8199 7917 8198
f 8200 7919 7918
f 8200 7918 8199
f 8201 7920 7919
f 8201 7919 8200
f 8202 7921 7920
f 8202 7920 8201
f 8203 7922 7921
f 8203 7921 8202
f 8204 7923 7922
f 8204 7922 8203
f 8205 7924 7923
f 8205 7923 8204
f 8206 7925 7924
f 8206 7924 8205
f 8207 7926 7925
f 8207 7925 8206
f 8208 7927 7926
f 8208 7926 8207
f 8209 7928 7927
f 8209 7927 8208
f 8210 7929 7928
f 8210 7928 8209
f 8211 7930 7929
f 8211 7929 8210
f 8212 7931 7930
f 8212 7930 8211
f 8213 7932 7931
f 8213 7931 8212
f 8214 7933 7932
f 8214 7932 8213
f 8215 7934 7933
f 8215 7933 8214
f 8216 7935 7934
f 8216 7934 8215
f 8217 7936 7935
f 8217 7935 8216
f 8218 7937 7936
f 8218 7936 8217
f 8219 7938 7937
f 8219 7937 8218
f 8220 7939 7938
f 8220 7938 8219
f 8221 7940 7939
f 8221 7939 8220
f 8222 7941 7940
f 8222 7940 8221
f 8084 7942 7941
f 8084 7941 8222
f 8223 7945 7946
f 8223 7946 8224
f 8225 8073 7968
f 8225 7968 8226
f 8227 7948 7950
f 8227 7950 8228
f 8229 7971 7977
f 8229 7977 8230
f 8224 7946 7949
f 8224 7949 8231
f 8232 7981 7982
f 8232 7982 8233
f 8234 7951 7952
f 8234 7952 8235
f 8236 8078 7974
f 8236 7974 8075
f 8237 7978 7947
f 8237 7947 8238
f 8233 7982 7983
f 8233 7983 8239
f 8240 8083 8082
f 8240 8082 8241
f 8242 7960 7963
f 8242 7963 8243
f 8244 7964 7965
f 8244 7965 8245
f 8231 7949 7951
f 8231 7951 8234
f 8235 7952 8080
f 8235 8080 8246
f 8247 7980 8074
f 8247 8074 8248
f 8249 8069 8070
f 8249 8070 8250
f 8251 7969 7957
f 8251 7957 8252
f 8241 8082 8079
f 8241 8079 8253
f 8254 7975 7976
f 8254 7976 8255
f 8256 7944 7970
f 8256 7970 8257
f 8226 7968 7969
f 8226 7969 8251
f 8258 7954 8081
f 8258 8081 8259
f 8228 7950 7981
f 8228 7981 8232
f 8239 7983 7984
f 8239 7984 8260
f 8260 7984 7985
f 8260 7985 8261
f 8261 7985 7986
f 8261 7986 8262
f 8262 7986 7987
f 8262 7987 8263
f 8263 7987 7988
f 8263 7988 8264
f 8264 7988 7989
f 8264 7989 8265
f 8265 7989 7990
f 8265 7990 8266
f 8266 7990 7991
f 8266 7991 8267
f 8267 7991 7992
f 8267 7992 8268
f 8268 7992 7993
f 8268 7993 8269
f 8269 7993 7994
f 8269 7994 8270
f 8270 7994 7995
f 8270 7995 8271
f 8271 7995 7996
f 8271 7996 8272
f 8272 7996 7997
f 8272 7997 8273
f 8273 7997 7998
f 8273 7998 8274
f 8274 7998 7999
f 8274 7999 8275
f 8275 7999 8000
f 8275 8000 8276
f 8276 8000 8001
f 8276 8001 8277
f 8277 8001 8002
f 8277 8002 8278
f 8278 8002 8003
f 8278 8003 8279
f 8279 8003 8004
f 8279 8004 8280
f 8280 8004 8005
f 8280 8005 8281
f 8281 8005 8006
f 8281 8006 8282
f 8282 8006 8007
f 8282 8007 8283
f 8283 8007 8008
f 8283 8008 8284
f 8284 8008 8009
f 8284 8009 8285
f 8285 8009 8010
f 8285 8010 8286
f 8286 8010 8011
f 8286 8011 8287
f 8287 8011 8012
f 8287 8012 8288
f 8288 8012 8013
f 8288 8013 8289
f 8289 8013 8014
f 8289 8014 8290
f 8290 8014 8015
f 8290 8015 8291
f 8291 8015 8016
f 8291 8016 8292
f 8292 8016 8017
f 8292 8017 8293
f 8293 8017 8018
f 8293 8018 8294
f 8294 8018 8019
f 8294 8019 8295
f 8295 8019 8020
f 8295 8020 8296
f 8296 8020 8021
f 8296 8021 8297
f 8297 8021 8022
f 8297 8022 8298
f 8298 8022 8023
f 8298 8023 8299
f 8299 8023 8024
f 8299 8024 8300
f 8300 8024 8025
f 8300 8025 8301
f 8301 8025 8026
f 8301 8026 8302
f 8302 8026 8027
f 8302 8027 8303
f 8303 8027 8028
f 8303 8028 8304
f 8304 8028 8029
f 8304 8029 8305
f 8305 8029 8030
f 8305 8030 8306
f 8306 8030 8031
f 8306 8031 8307
f 8307 8031 8032
f 8307 8032 8308
f 8308 8032 8033
f 8308 8033 8309
f 8309 8033 8034
f 8309 8034 8310
f 8310 8034 8035
f 8310 8035 8311
f 8311 8035 8036
f 8311 8036 8312
f 8312 8036 8037
f 8312 8037 8313
f 8313 8037 8038
f 8313 8038 8314
f 8314 8038 8039
f 8314 8039 8315
f 8315 8039 8040
f 8315 8040 8316
f 8316 8040 8041
f 8316 8041 8317
f 8317 8041 8042
f 8317 8042 8318
f 8318 8042 8043
f 8318 8043 8319
f 8319 8043 8044
f 8319 8044 8320
f 8320 8044 8045
f 8320 8045 8321
f 8321 8045 8046
f 8321 8046 8322
f 8322 8046 8047
f 8322 8047 8323
f 8323 8047 8048
f 8323 8048 8324
f 8324 8048 8049
f 8324 8049 8325
f 8325 8049 8050
f 8325 8050 8326
f 8326 8050 8051
f 8326 8051 8327
f 8327 8051 8052
f 8327 8052 8328
f 8328 8052 8053
f 8328 8053 8329
f 8329 8053 8054
f 8329 8054 8330
f 8330 8054 8055
f 8330 8055 8331
f 8331 8055 8056
f 8331 8056 8332
f 8332 8056 8057
f 8332 8057 8333
f 8333 8057 8058
f 8333 8058 8334
f 8334 8058 8059
f 8334 8059 8335
f 8335 8059 8060
f 8335 8060 8336
f 8336 8060 8061
f 8336 8061 8337
f 8337 8061 8062
f 8337 8062 8338
f 8338 8062 8063
f 8338 8063 8339
f 8339 8063 8064
f 8339 8064 8340
f 8340 8064 8065
f 8340 8065 8341
f 8341 8065 8066
f 8341 8066 8342
f 8342 8066 8067
f 8342 8067 8343
f 8343 8067 8068
f 8343 8068 8344
f 8344 8068 7972
f 8344 7972 8102
f 8246 8080 8072
f 8246 8072 8345
f 8245 7965 7973
f 8245 7973 8346
f 8255 7976 8069
f 8255 8069 8249
f 8345 8072 7975
f 8345 7975 8254
f 8347 7967 8071
f 8347 8071 8348
f 8248 8074 7961
f 8248 7961 8349
f 8350 7956 7945
f 8350 7945 8223
f 8103 8076 7979
f 8103 7979 8351
f 8352 7953 7954
f 8352 7954 8258
f 8353 7943 7944
f 8353 7944 8256
f 8253 8079 8077
f 8253 8077 8354
f 8346 7973 7959
f 8346 7959 8355
f 8250 8070 7966
f 8250 7966 8356
f 8236 8075 7964
f 8236 7964 8244
f 8355 7959 7960
f 8355 7960 8242
f 8238 7947 7948
f 8238 7948 8227
f 8351 7979 7980
f 8351 7980 8247
f 8357 7958 7953
f 8357 7953 8352
f 8348 8071 7943
f 8348 7943 8353
f 8230 7977 7978
f 8230 7978 8237
f 8358 7962 8073
f 8358 8073 8225
f 8359 8085 8084
f 8359 8084 8222
f 8360 8086 8085
f 8360 8085 8359
f 8361 8087 8086
f 8361 8086 8360
f 8362 8088 8087
f 8362 8087 8361
f 8363 8089 8088
f 8363 8088 8362
f 8364 8090 8089
f 8364 8089 8363
f 8365 8091 8090
f 8365 8090 8364
f 8366 8092 8091
f 8366 8091 8365
f 8367 8093 8092
f 8367 8092 8366
f 8368 8094 8093
f 8368 8093 8367
f 8369 8095 8094
f 8369 8094 8368
f 8370 8096 8095
f 8370 8095 8369
f 8371 8097 8096
f 8371 8096 8370
f 8372 8098 8097
f 8372 8097 8371
f 8373 8099 8098
f 8373 8098 8372
f 8374 8100 8099
f 8374 8099 8373
f 8375 8101 8100
f 8375 8100 8374
f 8344 8102 8101
f 8344 8101 8375
f 8257 7970 7971
f 8257 7971 8229
f 8376 7955 7956
f 8376 7956 8350
f 8259 8081 8083
f 8259 8083 8240
f 8349 7961 7962
f 8349 7962 8358
f 8243 7963 7955
f 8243 7955 8376
f 8354 8077 8078
f 8354 8078 8236
f 8356 7966 7967
f 8356 7967 8347
f 8252 7957 7958
f 8252 7958 8357
f 8377 8104 8103
f 8377 8103 8351
f 8378 8105 8104
f 8378 8104 8377
f 8379 8106 8105
f 8379 8105 8378
f 8380 8107 8106
f 8380 8106 8379
f 8381 8108 8107
f 8381 8107 8380
f 8382 8109 8108
f 8382 8108 8381
f 8383 8110 8109
f 8383 8109 8382
f 8384 8111 8110
f 8384 8110 8383
f 8385 8112 8111
f 8385 8111 8384
f 8386 8113 8112
f 8386 8112 8385
f 8387 8114 8113
f 8387 8113 8386
f 8388 8115 8114
f 8388 8114 8387
f 8389 8116 8115
f 8389 8115 8388
f 8390 8117 8116
f 8390 8116 8389
f 8391 8118 8117
f 8391 8117 8390
f 8392 8119 8118
f 8392 8118 8391
f 8393 8120 8119
f 8393 8119 8392
f 8394 8121 8120
f 8394 8120 8393
f 8395 8122 8121
f 8395 8121 8394
f 8396 8123 8122
f 8396 8122 8395
f 8397 8124 8123
f 8397 8123 8396
f 8398 8125 8124
f 8398 8124 8397
f 8399 8126 8125
f 8399 8125 8398
f 8400 8127 8126
f 8400 8126 8399
f 8401 8128 8127
f 8401 8127 8400
f 8402 8129 8128
f 8402 8128 8401
f 8403 8130 8129
f 8403 8129 8402
f 8404 8131 8130
f 8404 8130 8403
f 8405 8132 8131
f 8405 8131 8404
f 8406 8133 8132
f 8406 8132 8405
f 8407 8134 8133
f 8407 8133 8406
f 8408 8135 8134
f 8408 8134 8407
f 8409 8136 8135
f 8409 8135 8408
f 8410 8137 8136
f 8410 8136 8409
f 8411 8138 8137
f 8411 8137 8410
f 8412 8139 8138
f 8412 8138 8411
f 8413 8140 8139
f 8413 8139 8412
f 8414 8141 8140
f 8414 8140 8413
f 8415 8142 8141
f 8415 8141 8414
f 8416 8143 8142
f 8416 8142 8415
f 8417 8144 8143
f 8417 8143 8416
f 8418 8145 8144
f 8418 8144 8417
f 8419 8146 8145
f 8419 8145 8418
f 8420 8147 8146
f 8420 8146 8419
f 8421 8148 8147
f 8421 8147 8420
f 8422 8149 8148
f 8422 8148 8421
f 8423 8150 8149
f 8423 8149 8422
f 8424 8151 8150
f 8424 8150 8423
f 8425 8152 8151
f 8425 8151 8424
f 8426 8153 8152
f 8426 8152 8425
f 8427 8154 8153
f 8427 8153 8426
f 8428 8155 8154
f 8428 8154 8427
f 8429 8156 8155
f 8429 8155 8428
f 8430 8157 8156
f 8430 8156 8429
f 8431 8158 8157
f 8431 8157 8430
f 8432 8159 8158
f 8432 8158 8431
f 8433 8160 8159
f 8433 8159 8432
f 8434 8161 8160
f 8434 8160 8433
f 8435 8162 8161
f 8435 8161 8434
f 8436 8163 8162
f 8436 8162 8435
f 8437 8164 8163
f 8437 8163 8436
f 8438 8165 8164
f 8438 8164 8437
f 8439 8166 8165
f 8439 8165 8438
f 8440 8167 8166
f 8440 8166 8439
f 8441 8168 8167
f 8441 8167 8440
f 8442 8169 8168
f 8442 8168 8441
f 8443 8170 8169
f 8443 8169 8442
f 8444 8171 8170
f 8444 8170 8443
f 8445 8172 8171
f 8445 8171 8444
f 8446 8173 8172
f 8446 8172 8445
f 8447 8174 8173
f 8447 8173 8446
f 8448 8175 8174
f 8448 8174 8447
f 8449 8176 8175
f 8449 8175 8448
f 8450 8177 8176
f 8450 8176 8449
f 8451 8178 8177
f 8451 8177 8450
f 8452 8179 8178
f 8452 8178 8451
f 8453 8180 8179
f 8453 8179 8452
f 8454 8181 8180
f 8454 8180 8453
f 8455 8182 8181
f 8455 8181 8454
f 8456 8183 8182
f 8456 8182 8455
f 8457 8184 8183
f 8457 8183 8456
f 8458 8185 8184
f 8458 8184 8457
f 8459 8186 8185
f 8459 8185 8458
f 8460 8187 8186
f 8460 8186 8459
f 8461 8188 8187
f 8461 8187 8460
f 8462 8189 8188
f 8462 8188 8461
f 8463 8190 8189
f 8463 8189 8462
f 8464 8191 8190
f 8464 8190 8463
f 8465 8192 8191
f 8465 8191 8464
f 8466 8193 8192
f 8466 8192 8465
f 8467 8194 8193
f 8467 8193 8466
f 8468 8195 8194
f 8468 8194 8467
f 8469 8196 8195
f 8469 8195 8468
f 8470 8197 8196
f 8470 8196 8469
f 8471 8198 8197
f 8471 8197 8470
f 8472 8199 8198
f 8472 8198 8471
f 8473 8200 8199
f 8473 8199 8472
f 8474 8201 8200
f 8474 8200 8473
f 8475 8202 8201
f 8475 8201 8474
f 8476 8203 8202
f 8476 8202 8475
f 8477 8204 8203
f 8477 8203 8476
f 8478 8205 8204
f 8478 8204 8477
f 8479 8206 8205
f 8479 8205 8478
f 8480 8207 8206
f 8480 8206 8479
f 8481 8208 8207
f 8481 8207 8480
f 8482 8209 8208
f 8482 8208 8481
f 8483 8210 8209
f 8483 8209 8482
f 8484 8211 8210
f 8484 8210 8483
f 8485 8212 8211
f 8485 8211 8484
f 8486 8213 8212
f 8486 8212 8485
f 8487 8214 8213
f 8487 8213 8486
f 8488 8215 8214
f 8488 8214 8487
f 8489 8216 8215
f 8489 8215 8488
f 8490 8217 8216
f 8490 8216 8489
f 8491 8218 8217
f 8491 8217 8490
f 8492 8219 8218
f 8492 8218 8491
f 8493 8220 8219
f 8493 8219 8492
f 8494 8221 8220
f 8494 8220 8493
f 8359 8222 8221
f 8359 8221 8494
f 8495 8225 8226
f 8495 8226 8496
f 8497 8349 8358
f 8497 8358 8498
f 8499 8239 8260
f 8499 8260 8500
f 8501 8224 8231
f 8501 8231 8502
f 8503 8232 8233
f 8503 8233 8504
f 8505 8259 8240
f 8505 8240 8506
f 8507 8237 8238
f 8507 8238 8508
f 8504 8233 8239
f 8504 8239 8499
f 8509 8223 8224
f 8509 8224 8501
f 8510 8251 8252
f 8510 8252 8511
f 8506 8240 8241
f 8506 8241 8512
f 8513 8354 8236
f 8513 8236 8244
f 8514 8255 8249
f 8514 8249 8515
f 8502 8231 8234
f 8502 8234 8516
f 8517 8357 8352
f 8517 8352 8518
f 8513 8244 8245
f 8513 8245 8519
f 8520 8247 8248
f 8520 8248 8521
f 8512 8241 8253
f 8512 8253 8522
f 8523 8254 8255
f 8523 8255 8514
f 8496 8226 8251
f 8496 8251 8510
f 8524 8256 8257
f 8524 8257 8525
f 8526 8228 8232
f 8526 8232 8503
f 8527 8262 8263
f 8527 8263 8528
f 8528 8263 8264
f 8528 8264 8529
f 8529 8264 8265
f 8529 8265 8530
f 8530 8265 8266
f 8530 8266 8531
f 8531 8266 8267
f 8531 8267 8532
f 8532 8267 8268
f 8532 8268 8533
f 8533 8268 8269
f 8533 8269 8534
f 8534 8269 8270
f 8534 8270 8535
f 8535 8270 8271
f 8535 8271 8536
f 8536 8271 8272
f 8536 8272 8537
f 8537 8272 8273
f 8537 8273 8538
f 8538 8273 8274
f 8538 8274 8539
f 8539 8274 8275
f 8539 8275 8540
f 8540 8275 8276
f 8540 8276 8541
f 8541 8276 8277
f 8541 8277 8542
f 8542 8277 8278
f 8542 8278 8543
f 8543 8278 8279
f 8543 8279 8544
f 8544 8279 8280
f 8544 8280 8545
f 8545 8280 8281
f 8545 8281 8546
f 8546 8281 8282
f 8546 8282 8547
f 8547 8282 8283
f 8547 8283 8548
f 8548 8283 8284
f 8548 8284 8549
f 8549 8284 8285
f 8549 8285 8550
f 8550 8285 8286
f 8550 8286 8551
f 8551 8286 8287
f 8551 8287 8552
f 8552 8287 8288
f 8552 8288 8553
f 8553 8288 8289
f 8553 8289 8554
f 8554 8289 8290
f 8554 8290 8555
f 8555 8290 8291
f 8555 8291 8556
f 8556 8291 8292
f 8556 8292 8557
f 8557 8292 8293
f 8557 8293 8558
f 8558 8293 8294
f 8558 8294 8559
f 8559 8294 8295
f 8559 8295 8560
f 8560 8295 8296
f 8560 8296 8561
f 8561 8296 8297
f 8561 8297 8562
f 8562 8297 8298
f 8562 8298 8563
f 8563 8298 8299
f 8563 8299 8564
f 8564 8299 8300
f 8564 8300 8565
f 8565 8300 8301
f 8565 8301 8566
f 8566 8301 8302
f 8566 8302 8567
f 8567 8302 8303
f 8567 8303 8568
f 8568 8303 8304
f 8568 8304 8569
f 8569 8304 8305
f 8569 8305 8570
f 8570 8305 8306
f 8570 8306 8571
f 8571 8306 8307
f 8571 8307 8572
f 8572 8307 8308
f 8572 8308 8573
f 8573 8308 8309
f 8573 8309 8574
f 8574 8309 8310
f 8574 8310 8575
f 8575 8310 8311
f 8575 8311 8576
f 8576 8311 8312
f 8576 8312 8577
f 8577 8312 8313
f 8577 8313 8578
f 8578 8313 8314
f 8578 8314 8579
f 8579 8314 8315
f 8579 8315 8580
f 8580 8315 8316
f 8580 8316 8581
f 8581 8316 8317
f 8581 8317 8582
f 8582 8317 8318
f 8582 8318 8583
f 8583 8318 8319
f 8583 8319 8584
f 8584 8319 8320
f 8584 8320 8585
f 8585 8320 8321
f 8585 8321 8586
f 8586 8321 8322
f 8586 8322 8587
f 8587 8322 8323
f 8587 8323 8588
f 8588 8323 8324
f 8588 8324 8589
f 8589 8324 8325
f 8589 8325 8590
f 8590 8325 8326
f 8590 8326 8591
f 8591 8326 8327
f 8591 8327 8592
f 8592 8327 8328
f 8592 8328 8593
f 8593 8328 8329
f 8593 8329 8594
f 8594 8329 8330
f 8594 8330 8595
f 8595 8330 8331
f 8595 8331 8596
f 8596 8331 8332
f 8596 8332 8597
f 8597 8332 8333
f 8597 8333 8598
f 8598 8333 8334
f 8598 8334 8599
f 8599 8334 8335
f 8599 8335 8600
f 8600 8335 8336
f 8600 8336 8601
f 8601 8336 8337
f 8601 8337 8602
f 8602 8337 8338
f 8602 8338 8603
f 8603 8338 8339
f 8603 8339 8604
f 8604 8339 8340
f 8604 8340 8605
f 8605 8340 8341
f 8605 8341 8606
f 8606 8341 8342
f 8606 8342 8607
f 8607 8342 8343
f 8607 8343 8608
f 8608 8343 8344
f 8608 8344 8375
f 8525 8257 8229
f 8525 8229 8609
f 8610 8246 8345
f 8610 8345 8611
f 8612 8250 8356
f 8612 8356 8613
f 8614 8227 8228
f 8614 8228 8526
f 8615 8348 8353
f 8615 8353 8616
f 8521 8248 8349
f 8521 8349 8497
f 8617 8350 8223
f 8617 8223 8509
f 8518 8352 8258
f 8518 8258 8618
f 8616 8353 8256
f 8616 8256 8524
f 8613 8356 8347
f 8613 8347 8619
f 8508 8238 8227
f 8508 8227 8614
f 8511 8252 8357
f 8511 8357 8517
f 8522 8253 8354
f 8522 8354 8513
f 8619 8347 8348
f 8619 8348 8615
f 8620 8346 8355
f 8620 8355 8621
f 8618 8258 8259
f 8618 8259 8505
f 8622 8243 8376
f 8622 8376 8623
f 8515 8249 8250
f 8515 8250 8612
f 8611 8345 8254
f 8611 8254 8523
f 8624 8360 8359
f 8624 8359 8494
f 8625 8361 8360
f 8625 8360 8624
f 8626 8362 8361
f 8626 8361 8625
f 8627 8363 8362
f 8627 8362 8626
f 8628 8364 8363
f 8628 8363 8627
f 8629 8365 8364
f 8629 8364 8628
f 8630 8366 8365
f 8630 8365 8629
f 8631 8367 8366
f 8631 8366 8630
f 8632 8368 8367
f 8632 8367 8631
f 8633 8369 8368
f 8633 8368 8632
f 8634 8370 8369
f 8634 8369 8633
f 8635 8371 8370
f 8635 8370 8634
f 8636 8372 8371
f 8636 8371 8635
f 8637 8373 8372
f 8637 8372 8636
f 8638 8374 8373
f 8638 8373 8637
f 8608 8375 8374
f 8608 8374 8638
f 8500 8260 8261
f 8500 8261 8639
f 8498 8358 8225
f 8498 8225 8495
f 8621 8355 8242
f 8621 8242 8640
f 8519 8245 8346
f 8519 8346 8620
f 8640 8242 8243
f 8640 8243 8622
f 8516 8234 8235
f 8516 8235 8641
f 8639 8261 8262
f 8639 8262 8527
f 8623 8376 8350
f 8623 8350 8617
f 8642 8230 8237
f 8642 8237 8507
f 8377 8351 8247
f 8377 8247 8520
f 8609 8229 8230
f 8609 8230 8642
f 8641 8235 8246
f 8641 8246 8610
f 8643 8378 8377
f 8643 8377 8520
f 8644 8379 8378
f 8644 8378 8643
f 8645 8380 8379
f 8645 8379 8644
f 8646 8381 8380
f 8646 8380 8645
f 8647 8382 8381
f 8647 8381 8646
f 8648 8383 8382
f 8648 8382 8647
f 8649 8384 8383
f 8649 8383 8648
f 8650 8385 8384
f 8650 8384 8649
f 8651 8386 8385
f 8651 8385 8650
f 8652 8387 8386
f 8652 8386 8651
f 8653 8388 8387
f 8653 8387 8652
f 8654 8389 8388
f 8654 8388 8653
f 8655 8390 8389
f 8655 8389 8654
f 8656 8391 8390
f 8656 8390 8655
f 8657 8392 8391
f 8657 8391 8656
f 8658 8393 8392
f 8658 8392 8657
f 8659 8394 8393
f 8659 8393 8658
f 8660 8395 8394
f 8660 8394 8659
f 8661 8396 8395
f 8661 8395 8660
f 8662 8397 8396
f 8662 8396 8661
f 8663 8398 8397
f 8663 8397 8662
f 8664 8399 8398
f 8664 8398 8663
f 8665 8400 8399
f 8665 8399 8664
f 8666 8401 8400
f 8666 8400 8665
f 8667 8402 8401
f 8667 8401 8666
f 8668 8403 8402
f 8668 8402 8667
f 8669 8404 8403
f 8669 8403 8668
f 8670 8405 8404
f 8670 8404 8669
f 8671 8406 8405
f 8671 8405 8670
f 8672 8407 8406
f 8672 8406 8671
f 8673 8408 8407
f 8673 8407 8672
f 8674 8409 8408
f 8674 8408 8673
f 8675 8410 8409
f 8675 8409 8674
f 8676 8411 8410
f 8676 8410 8675
f 8677 8412 8411
f 8677 8411 8676
f 8678 8413 8412
f 8678 8412 8677
f 8679 8414 8413
f 8679 8413 8678
f 8680 8415 8414
f 8680 8414 8679
f 8681 8416 8415
f 8681 8415 8680
f 8682 8417 8416
f 8682 8416 8681
f 8683 8418 8417
f 8683 8417 8682
f 8684 8419 8418
f 8684 8418 8683
f 8685 8420 8419
f 8685 8419 8684
f 8686 8421 8420
f 8686 8420 8685
f 8687 8422 8421
f 8687 8421 8686
f 8688 8423 8422
f 8688 8422 8687
f 8689 8424 8423
f 8689 8423 8688
f 8690 8425 8424
f 8690 8424 8689
f 8691 8426 8425
f 8691 8425 8690
f 8692 8427 8426
f 8692 8426 8691
f 8693 8428 8427
f 8693 8427 8692
f 8694 8429 8428
f 8694 8428 8693
f 8695 8430 8429
f 8695 8429 8694
f 8696 8431 8430
f 8696 8430 8695
f 8697 8432 8431
f 8697 8431 8696
f 8698 8433 8432
f 8698 8432 8697
f 8699 8434 8433
f 8699 8433 8698
f 8700 8435 8434
f 8700 8434 8699
f 8701 8436 8435
f 8701 8435 8700
f 8702 8437 8436
f 8702 8436 8701
f 8703 8438 8437
f 8703 8437 8702
f 8704 8439 8438
f 8704 8438 8703
f 8705 8440 8439
f 8705 8439 8704
f 8706 8441 8440
f 8706 8440 8705
f 8707 8442 8441
f 8707 8441 8706
f 8708 8443 8442
f 8708 8442 8707
f 8709 8444 8443
f 8709 8443 8708
f 8710 8445 8444
f 8710 8444 8709
f 8711 8446 8445
f 8711 8445 8710
f 8712 8447 8446
f 8712 8446 8711
f 8713 8448 8447
f 8713 8447 8712
f 8714 8449 8448
f 8714 8448 8713
f 8715 8450 8449
f 8715 8449 8714
f 8716 8451 8450
f 8716 8450 8715
f 8717 8452 8451
f 8717 8451 8716
f 8718 8453 8452
f 8718 8452 8717
f 8719 8454 8453
f 8719 8453 8718
f 8720 8455 8454
f 8720 8454 8719
f 8721 8456 8455
f 8721 8455 8720
f 8722 8457 8456
f 8722 8456 8721
f 8723 8458 8457
f 8723 8457 8722
f 8724 8459 8458
f 8724 8458 8723
f 8725 8460 8459
f 8725 8459 8724
f 8726 8461 8460
f 8726 8460 8725
f 8727 8462 8461
f 8727 8461 8726
f 8728 8463 8462
f 8728 8462 8727
f 8729 8464 8463
f 8729 8463 8728
f 8730 8465 8464
f 8730 8464 8729
f 8731 8466 8465
f 8731 8465 8730
f 8732 8467 8466
f 8732 8466 8731
f 8733 8468 8467
f 8733 8467 8732
f 8734 8469 8468
f 8734 8468 8733
f 8735 8470 8469
f 8735 8469 8734
f 8736 8471 8470
f 8736 8470 8735
f 8737 8472 8471
f 8737 8471 8736
f 8738 8473 8472
f 8738 8472 8737
f 8739 8474 8473
f 8739 8473 8738
f 8740 8475 8474
f 8740 8474 8739
f 8741 8476 8475
f 8741 8475 8740
f 8742 8477 8476
f 8742 8476 8741
f 8743 8478 8477
f 8743 8477 8742
f 8744 8479 8478
f 8744 8478 8743
f 8745 8480 8479
f 8745 8479 8744
f 8746 8481 8480
f 8746 8480 8745
f 8747 8482 8481
f 8747 8481 8746
f 8748 8483 8482
f 8748 8482 8747
f 8749 8484 8483
f 8749 8483 8748
f 8750 8485 8484
f 8750 8484 8749
f 8751 8486 8485
f 8751 8485 8750
f 8752 8487 8486
f 8752 8486 8751
f 8753 8488 8487
f 8753 8487 8752
f 8754 8489 8488
f 8754 8488 8753
f 8755 8490 8489
f 8755 8489 8754
f 8756 8491 8490
f 8756 8490 8755
f 8757 8492 8491
f 8757 8491 8756
f 8758 8493 8492
f 8758 8492 8757
f 8624 8494 8493
f 8624 8493 8758
f 8759 8497 8498
f 8759 8498 8760
f 8761 8516 8641
f 8761 8641 8762
f 8763 8621 8640
f 8763 8640 8764
f 8765 8495 8496
f 8765 8496 8766
f 8760 8498 8495
f 8760 8495 8765
f 8767 8616 8524
f 8767 8524 8768
f 8769 8505 8506
f 8769 8506 8770
f 8771 8518 8618
f 8771 8618 8772
f 8773 8511 8517
f 8773 8517 8774
f 8775 8501 8502
f 8775 8502 8776
f 8777 8504 8499
f 8777 8499 8778
f 8768 8524 8525
f 8768 8525 8779
f 8780 8510 8511
f 8780 8511 8773
f 8770 8506 8512
f 8770 8512 8781
f 8782 8642 8507
f 8782 8507 8783
f 8784 8514 8515
f 8784 8515 8785
f 8776 8502 8516
f 8776 8516 8761
f 8774 8517 8518
f 8774 8518 8771
f 8522 8513 8519
f 8522 8519 8786
f 8643 8520 8521
f 8643 8521 8787
f 8781 8512 8522
f 8781 8522 8786
f 8788 8611 8523
f 8788 8523 8789
f 8607 8608 8638
f 8607 8638 8790
f 8789 8523 8514
f 8789 8514 8784
f 8791 8526 8503
f 8791 8503 8792
f 8792 8503 8504
f 8792 8504 8777
f 8786 8519 8620
f 8786 8620 8793
f 8794 8613 8619
f 8794 8619 8795
f 8795 8619 8615
f 8795 8615 8796
f 8797 8527 8528
f 8797 8528 8798
f 8798 8528 8529
f 8798 8529 8799
f 8800 8531 8532
f 8800 8532 8801
f 8801 8532 8533
f 8801 8533 8802
f 8802 8533 8534
f 8802 8534 8803
f 8803 8534 8535
f 8803 8535 8804
f 8804 8535 8536
f 8804 8536 8805
f 8805 8536 8537
f 8805 8537 8806
f 8806 8537 8538
f 8806 8538 8807
f 8807 8538 8539
f 8807 8539 8808
f 8808 8539 8540
f 8808 8540 8809
f 8809 8540 8541
f 8809 8541 8810
f 8810 8541 8542
f 8810 8542 8811
f 8811 8542 8543
f 8811 8543 8812
f 8812 8543 8544
f 8812 8544 8813
f 8813 8544 8545
f 8813 8545 8814
f 8814 8545 8546
f 8814 8546 8815
f 8815 8546 8547
f 8815 8547 8816
f 8816 8547 8548
f 8816 8548 8817
f 8817 8548 8549
f 8817 8549 8818
f 8818 8549 8550
f 8818 8550 8819
f 8819 8550 8551
f 8819 8551 8820
f 8820 8551 8552
f 8820 8552 8821
f 8821 8552 8553
f 8821 8553 8822
f 8822 8553 8554
f 8822 8554 8823
f 8823 8554 8555
f 8823 8555 8824
f 8824 8555 8556
f 8824 8556 8825
f 8825 8556 8557
f 8825 8557 8826
f 8826 8557 8558
f 8826 8558 8827
f 8827 8558 8559
f 8827 8559 8828
f 8828 8559 8560
f 8828 8560 8829
f 8829 8560 8561
f 8829 8561 8830
f 8830 8561 8562
f 8830 8562 8831
f 8831 8562 8563
f 8831 8563 8832
f 8832 8563 8564
f 8832 8564 8833
f 8833 8564 8565
f 8833 8565 8834
f 8834 8565 8566
f 8834 8566 8835
f 8835 8566 8567
f 8835 8567 8836
f 8836 8567 8568
f 8836 8568 8837
f 8837 8568 8569
f 8837 8569 8838
f 8838 8569 8570
f 8838 8570 8839
f 8839 8570 8571
f 8839 8571 8840
f 8840 8571 8572
f 8840 8572 8841
f 8841 8572 8573
f 8841 8573 8842
f 8842 8573 8574
f 8842 8574 8843
f 8843 8574 8575
f 8843 8575 8844
f 8844 8575 8576
f 8844 8576 8845
f 8845 8576 8577
f 8845 8577 8846
f 8846 8577 8578
f 8846 8578 8847
f 8847 8578 8579
f 8847 8579 8848
f 8848 8579 8580
f 8848 8580 8849
f 8849 8580 8581
f 8849 8581 8850
f 8850 8581 8582
f 8850 8582 8851
f 8851 8582 8583
f 8851 8583 8852
f 8852 8583 8584
f 8852 8584 8853
f 8853 8584 8585
f 8853 8585 8854
f 8854 8585 8586
f 8854 8586 8855
f 8855 8586 8587
f 8855 8587 8856
f 8856 8587 8588
f 8856 8588 8857
f 8857 8588 8589
f 8857 8589 8858
f 8858 8589 8590
f 8858 8590 8859
f 8859 8590 8591
f 8859 8591 8860
f 8860 8591 8592
f 8860 8592 8861
f 8861 8592 8593
f 8861 8593 8862
f 8862 8593 8594
f 8862 8594 8863
f 8863 8594 8595
f 8863 8595 8864
f 8864 8595 8596
f 8864 8596 8865
f 8865 8596 8597
f 8865 8597 8866
f 8866 8597 8598
f 8866 8598 8867
f 8867 8598 8599
f 8867 8599 8868
f 8868 8599 8600
f 8868 8600 8869
f 8869 8600 8601
f 8869 8601 8870
f 8870 8601 8602
f 8870 8602 8871
f 8871 8602 8603
f 8871 8603 8872
f 8872 8603 8604
f 8872 8604 8873
f 8873 8604 8605
f 8873 8605 8874
f 8874 8605 8606
f 8874 8606 8875
f 8875 8606 8607
f 8875 8607 8790
f 8876 8500 8639
f 8876 8639 8877
f 8779 8525 8609
f 8779 8609 8878
f 8879 8612 8613
f 8879 8613 8794
f 8880 8610 8611
f 8880 8611 8788
f 8881 8508 8614
f 8881 8614 8882
f 8796 8615 8616
f 8796 8616 8767
f 8778 8499 8500
f 8778 8500 8876
f 8787 8521 8497
f 8787 8497 8759
f 8878 8609 8642
f 8878 8642 8782
f 8793 8620 8621
f 8793 8621 8763
f 8772 8618 8505
f 8772 8505 8769
f 8883 8530 8531
f 8883 8531 8800
f 8785 8515 8612
f 8785 8612 8879
f 8884 8623 8617
f 8884 8617 8885
f 8783 8507 8508
f 8783 8508 8881
f 8886 8625 8624
f 8886 8624 8758
f 8887 8626 8625
f 8887 8625 8886
f 8888 8627 8626
f 8888 8626 8887
f 8889 8628 8627
f 8889 8627 8888
f 8890 8629 8628
f 8890 8628 8889
f 8891 8630 8629
f 8891 8629 8890
f 8892 8631 8630
f 8892 8630 8891
f 8893 8632 8631
f 8893 8631 8892
f 8894 8633 8632
f 8894 8632 8893
f 8895 8634 8633
f 8895 8633 8894
f 8896 8635 8634
f 8896 8634 8895
f 8897 8636 8635
f 8897 8635 8896
f 8898 8637 8636
f 8898 8636 8897
f 8790 8638 8637
f 8790 8637 8898
f 8764 8640 8622
f 8764 8622 8899
f 8766 8496 8510
f 8766 8510 8780
f 8882 8614 8526
f 8882 8526 8791
f 8899 8622 8623
f 8899 8623 8884
f 8799 8529 8530
f 8799 8530 8883
f 8762 8641 8610
f 8762 8610 8880
f 8877 8639 8527
f 8877 8527 8797
f 8900 8509 8501
f 8900 8501 8775
f 8885 8617 8509
f 8885 8509 8900
f 8901 8644 8643
f 8901 8643 8787
f 8902 8645 8644
f 8902 8644 8901
f 8903 8646 8645
f 8903 8645 8902
f 8904 8647 8646
f 8904 8646 8903
f 8905 8648 8647
f 8905 8647 8904
f 8906 8649 8648
f 8906 8648 8905
f 8907 8650 8649
f 8907 8649 8906
f 8908 8651 8650
f 8908 8650 8907
f 8909 8652 8651
f 8909 8651 8908
f 8910 8653 8652
f 8910 8652 8909
f 8911 8654 8653
f 8911 8653 8910
f 8912 8655 8654
f 8912 8654 8911
f 8913 8656 8655
f 8913 8655 8912
f 8914 8657 8656
f 8914 8656 8913
f 8915 8658 8657
f 8915 8657 8914
f 8916 8659 8658
f 8916 8658 8915
f 8917 8660 8659
f 8917 8659 8916
f 8918 8661 8660
f 8918 8660 8917
f 8919 8662 8661
f 8919 8661 8918
f 8920 8663 8662
f 8920 8662 8919
f 8921 8664 8663
f 8921 8663 8920
f 8922 8665 8664
f 8922 8664 8921
f 8923 8666 8665
f 8923 8665 8922
f 8924 8667 8666
f 8924 8666 8923
f 8925 8668 8667
f 8925 8667 8924
f 8926 8669 8668
f 8926 8668 8925
f 8927 8670 8669
f 8927 8669 8926
f 8928 8671 8670
f 8928 8670 8927
f 8929 8672 8671
f 8929 8671 8928
f 8930 8673 8672
f 8930 8672 8929
f 8931 8674 8673
f 8931 8673 8930
f 8932 8675 8674
f 8932 8674 8931
f 8933 8676 8675
f 8933 8675 8932
f 8934 8677 8676
f 8934 8676 8933
f 8935 8678 8677
f 8935 8677 8934
f 8936 8679 8678
f 8936 8678 8935
f 8937 8680 8679
f 8937 8679 8936
f 8938 8681 8680
f 8938 8680 8937
f 8939 8682 8681
f 8939 8681 8938
f 8940 8683 8682
f 8940 8682 8939
f 8941 8684 8683
f 8941 8683 8940
f 8942 8685 8684
f 8942 8684 8941
f 8943 8686 8685
f 8943 8685 8942
f 8944 8687 8686
f 8944 8686 8943
f 8945 8688 8687
f 8945 8687 8944
f 8946 8689 8688
f 8946 8688 8945
f 8947 8690 8689
f 8947 8689 8946
f 8948 8691 8690
f 8948 8690 8947
f 8949 8692 8691
f 8949 8691 8948
f 8950 8693 8692
f 8950 8692 8949
f 8951 8694 8693
f 8951 8693 8950
f 8952 8695 8694
f 8952 8694 8951
f 8953 8696 8695
f 8953 8695 8952
f 8954 8697 8696
f 8954 8696 8953
f 8955 8698 8697
f 8955 8697 8954
f 8956 8699 8698
f 8956 8698 8955
f 8957 8700 8699
f 8957 8699 8956
f 8958 8701 8700
f 8958 8700 8957
f 8959 8702 8701
f 8959 8701 8958
f 8960 8703 8702
f 8960 8702 8959
f 8961 8704 8703
f 8961 8703 8960
f 8962 8705 8704
f 8962 8704 8961
f 8963 8706 8705
f 8963 8705 8962
f 8964 8707 8706
f 8964 8706 8963
f 8965 8708 8707
f 8965 8707 8964
f 8966 8709 8708
f 8966 8708 8965
f 8967 8710 8709
f 8967 8709 8966
f 8968 8711 8710
f 8968 8710 8967
f 8969 8712 8711
f 8969 8711 8968
f 8970 8713 8712
f 8970 8712 8969
f 8971 8714 8713
f 8971 8713 8970
f 8972 8715 8714
f 8972 8714 8971
f 8973 8716 8715
f 8973 8715 8972
f 8974 8717 8716
f 8974 8716 8973
f 8975 8718 8717
f 8975 8717 8974
f 8976 8719 8718
f 8976 8718 8975
f 8977 8720 8719
f 8977 8719 8976
f 8978 8721 8720
f 8978 8720 8977
f 8979 8722 8721
f 8979 8721 8978
f 8980 8723 8722
f 8980 8722 8979
f 8981 8724 8723
f 8981 8723 8980
f 8982 8725 8724
f 8982 8724 8981
f 8983 8726 8725
f 8983 8725 8982
f 8984 8727 8726
f 8984 8726 8983
f 8985 8728 8727
f 8985 8727 8984
f 8986 8729 8728
f 8986 8728 8985
f 8987 8730 8729
f 8987 8729 8986
f 8988 8731 8730
f 8988 8730 8987
f 8989 8732 8731
f 8989 8731 8988
f 8990 8733 8732
f 8990 8732 8989
f 8991 8734 8733
f 8991 8733 8990
f 8992 8735 8734
f 8992 8734 8991
f 8993 8736 8735
f 8993 8735 8992
f 8994 8737 8736
f 8994 8736 8993
f 8995 8738 8737
f 8995 8737 8994
f 8996 8739 8738
f 8996 8738 8995
f 8997 8740 8739
f 8997 8739 8996
f 8998 8741 8740
f 8998 8740 8997
f 8999 8742 8741
f 8999 8741 8998
f 9000 8743 8742
f 9000 8742 8999
f 9001 8744 8743
f 9001 8743 9000
f 9002 8745 8744
f 9002 8744 9001
f 9003 8746 8745
f 9003 8745 9002
f 9004 8747 8746
f 9004 8746 9003
f 9005 8748 8747
f 9005 8747 9004
f 9006 8749 8748
f 9006 8748 9005
f 9007 8750 8749
f 9007 8749 9006
f 9008 8751 8750
f 9008 8750 9007
f 9009 8752 8751
f 9009 8751 9008
f 9010 8753 8752
f 9010 8752 9009
f 9011 8754 8753
f 9011 8753 9010
f 9012 8755 8754
f 9012 8754 9011
f 9013 8756 8755
f 9013 8755 9012
f 9014 8757 8756
f 9014 8756 9013
f 8886 8758 8757
f 8886 8757 9014
f 9015 8761 8762
f 9015 8762 9016
f 9017 8877 8797
f 9017 8797 9018
f 9019 8766 8780
f 9019 8780 9020
f 9021 8882 8791
f 9021 8791 9022
f 9023 8760 8765
f 9023 8765 9024
f 9025 8799 8883
f 9025 8883 9026
f 9027 8788 8789
f 9027 8789 9028
f 9029 8774 8771
f 9029 8771 9030
f 8901 8787 8759
f 8901 8759 9031
f 9032 8768 8779
f 9032 8779 9033
f 9020 8780 8773
f 9020 8773 9034
f 8781 8786 8793
f 8781 8793 9035
f 9036 8782 8783
f 9036 8783 9037
f 9038 8776 8761
f 9038 8761 9015
f 9039 8785 8879
f 9039 8879 9040
f 9041 8900 8775
f 9041 8775 9042
f 9043 8878 8782
f 9043 8782 9036
f 9044 8764 8899
f 9044 8899 9045
f 9045 8899 8884
f 9045 8884 9046
f 9047 8876 8877
f 9047 8877 9017
f 9048 8778 8876
f 9048 8876 9047
f 9049 8792 8777
f 9049 8777 9050
f 9051 8794 8795
f 9051 8795 9052
f 9052 8795 8796
f 9052 8796 9053
f 9018 8797 8798
f 9018 8798 9054
f 9054 8798 8799
f 9054 8799 9025
f 9055 8800 8801
f 9055 8801 9056
f 9056 8801 8802
f 9056 8802 9057
f 9058 8804 8805
f 9058 8805 9059
f 9059 8805 8806
f 9059 8806 9060
f 9060 8806 8807
f 9060 8807 9061
f 9061 8807 8808
f 9061 8808 9062
f 9062 8808 8809
f 9062 8809 9063
f 9063 8809 8810
f 9063 8810 9064
f 9064 8810 8811
f 9064 8811 9065
f 9065 8811 8812
f 9065 8812 9066
f 9066 8812 8813
f 9066 8813 9067
f 9067 8813 8814
f 9067 8814 9068
f 9068 8814 8815
f 9068 8815 9069
f 9069 8815 8816
f 9069 8816 9070
f 9070 8816 8817
f 9070 8817 9071
f 9071 8817 8818
f 9071 8818 9072
f 9072 8818 8819
f 9072 8819 9073
f 9073 8819 8820
f 9073 8820 9074
f 9074 8820 8821
f 9074 8821 9075
f 9075 8821 8822
f 9075 8822 9076
f 9076 8822 8823
f 9076 8823 9077
f 9077 8823 8824
f 9077 8824 9078
f 9078 8824 8825
f 9078 8825 9079
f 9079 8825 8826
f 9079 8826 9080
f 9080 8826 8827
f 9080 8827 9081
f 9081 8827 8828
f 9081 8828 9082
f 9082 8828 8829
f 9082 8829 9083
f 9083 8829 8830
f 9083 8830 9084
f 9084 8830 8831
f 9084 8831 9085
f 9085 8831 8832
f 9085 8832 9086
f 9086 8832 8833
f 9086 8833 9087
f 9087 8833 8834
f 9087 8834 9088
f 9088 8834 8835
f 9088 8835 9089
f 9089 8835 8836
f 9089 8836 9090
f 9090 8836 8837
f 9090 8837 9091
f 9091 8837 8838
f 9091 8838 9092
f 9092 8838 8839
f 9092 8839 9093
f 9093 8839 8840
f 9093 8840 9094
f 9094 8840 8841
f 9094 8841 9095
f 9095 8841 8842
f 9095 8842 9096
f 9096 8842 8843
f 9096 8843 9097
f 9097 8843 8844
f 9097 8844 9098
f 9098 8844 8845
f 9098 8845 9099
f 9099 8845 8846
f 9099 8846 9100
f 9100 8846 8847
f 9100 8847 9101
f 9101 8847 8848
f 9101 8848 9102
f 9102 8848 8849
f 9102 8849 9103
f 9103 8849 8850
f 9103 8850 9104
f 9104 8850 8851
f 9104 8851 9105
f 9105 8851 8852
f 9105 8852 9106
f 9106 8852 8853
f 9106 8853 9107
f 9107 8853 8854
f 9107 8854 9108
f 9108 8854 8855
f 9108 8855 9109
f 9109 8855 8856
f 9109 8856 9110
f 9110 8856 8857
f 9110 8857 9111
f 9111 8857 8858
f 9111 8858 9112
f 9112 8858 8859
f 9112 8859 9113
f 9113 8859 8860
f 9113 8860 9114
f 9114 8860 8861
f 9114 8861 9115
f 9115 8861 8862
f 9115 8862 9116
f 9116 8862 8863
f 9116 8863 9117
f 9117 8863 8864
f 9117 8864 9118
f 9118 8864 8865
f 9118 8865 9119
f 9119 8865 8866
f 9119 8866 9120
f 9120 8866 8867
f 9120 8867 9121
f 9121 8867 8868
f 9121 8868 9122
f 9122 8868 8869
f 9122 8869 9123
f 9123 8869 8870
f 9123 8870 9124
f 9124 8870 8871
f 9124 8871 9125
f 9125 8871 8872
f 9125 8872 9126
f 9126 8872 8873
f 9126 8873 9127
f 9127 8873 8874
f 9127 8874 9128
f 9128 8874 8875
f 9128 8875 9129
f 9129 8875 8790
f 9129 8790 8898
f 9035 8793 8763
f 9035 8763 9130
f 9028 8789 8784
f 9028 8784 9131
f 9033 8779 8878
f 9033 8878 9043
f 9040 8879 8794
f 9040 8794 9051
f 9132 8880 8788
f 9132 8788 9027
f 9133 8881 8882
f 9133 8882 9021
f 9053 8796 8767
f 9053 8767 9134
f 9130 8763 8764
f 9130 8764 9044
f 9042 8775 8776
f 9042 8776 9038
f 9135 8803 8804
f 9135 8804 9058
f 9030 8771 8772
f 9030 8772 9136
f 9024 8765 8766
f 9024 8766 9019
f 9037 8783 8881
f 9037 8881 9133
f 9022 8791 8792
f 9022 8792 9049
f 9137 8887 8886
f 9137 8886 9014
f 9138 8888 8887
f 9138 8887 9137
f 9139 8889 8888
f 9139 8888 9138
f 9140 8890 8889
f 9140 8889 9139
f 9141 8891 8890
f 9141 8890 9140
f 9142 8892 8891
f 9142 8891 9141
f 9143 8893 8892
f 9143 8892 9142
f 9144 8894 8893
f 9144 8893 9143
f 9145 8895 8894
f 9145 8894 9144
f 9146 8896 8895
f 9146 8895 9145
f 9147 8897 8896
f 9147 8896 9146
f 9129 8898 8897
f 9129 8897 9147
f 9131 8784 8785
f 9131 8785 9039
f 9046 8884 8885
f 9046 8885 9148
f 9136 8772 8769
f 9136 8769 9149
f 9050 8777 8778
f 9050 8778 9048
f 9148 8885 8900
f 9148 8900 9041
f 9150 8770 8781
f 9150 8781 9035
f 9034 8773 8774
f 9034 8774 9029
f 9057 8802 8803
f 9057 8803 9135
f 9026 8883 8800
f 9026 8800 9055
f 9149 8769 8770
f 9149 8770 9150
f 9031 8759 8760
f 9031 8760 9023
f 9134 8767 8768
f 9134 8768 9032
f 9016 8762 8880
f 9016 8880 9132
f 9151 8902 8901
f 9151 8901 9031
f 9152 8903 8902
f 9152 8902 9151
f 9153 8904 8903
f 9153 8903 9152
f 9154 8905 8904
f 9154 8904 9153
f 9155 8906 8905
f 9155 8905 9154
f 9156 8907 8906
f 9156 8906 9155
f 9157 8908 8907
f 9157 8907 9156
f 9158 8909 8908
f 9158 8908 9157
f 9159 8910 8909
f 9159 8909 9158
f 9160 8911 8910
f 9160 8910 9159
f 9161 8912 8911
f 9161 8911 9160
f 9162 8913 8912
f 9162 8912 9161
f 9163 8914 8913
f 9163 8913 9162
f 9164 8915 8914
f 9164 8914 9163
f 9165 8916 8915
f 9165 8915 9164
f 9166 8917 8916
f 9166 8916 9165
f 9167 8918 8917
f 9167 8917 9166
f 9168 8919 8918
f 9168 8918 9167
f 9169 8920 8919
f 9169 8919 9168
f 9170 8921 8920
f 9170 8920 9169
f 9171 8922 8921
f 9171 8921 9170
f 9172 8923 8922
f 9172 8922 9171
f 9173 8924 8923
f 9173 8923 9172
f 9174 8925 8924
f 9174 8924 9173
f 9175 8926 8925
f 9175 8925 9174
f 9176 8927 8926
f 9176 8926 9175
f 9177 8928 8927
f 9177 8927 9176
f 9178 8929 8928
f 9178 8928 9177
f 9179 8930 8929
f 9179 8929 9178
f 9180 8931 8930
f 9180 8930 9179
f 9181 8932 8931
f 9181 8931 9180
f 9182 8933 8932
f 9182 8932 9181
f 9183 8934 8933
f 9183 8933 9182
f 9184 8935 8934
f 9184 8934 9183
f 9185 8936 8935
f 9185 8935 9184
f 9186 8937 8936
f 9186 8936 9185
f 9187 8938 8937
f 9187 8937 9186
f 9188 8939 8938
f 9188 8938 9187
f 9189 8940 8939
f 9189 8939 9188
f 9190 8941 8940
f 9190 8940 9189
f 9191 8942 8941
f 9191 8941 9190
f 9192 8943 8942
f 9192 8942 9191
f 9193 8944 8943
f 9193 8943 9192
f 9194 8945 8944
f 9194 8944 9193
f 9195 8946 8945
f 9195 8945 9194
f 9196 8947 8946
f 9196 8946 9195
f 9197 8948 8947
f 9197 8947 9196
f 9198 8949 8948
f 9198 8948 9197
f 9199 8950 8949
f 9199 8949 9198
f 9200 8951 8950
f 9200 8950 9199
f 9201 8952 8951
f 9201 8951 9200
f 9202 8953 8952
f 9202 8952 9201
f 9203 8954 8953
f 9203 8953 9202
f 9204 8955 8954
f 9204 8954 9203
f 9205 8956 8955
f 9205 8955 9204
f 9206 8957 8956
f 9206 8956 9205
f 9207 8958 8957
f 9207 8957 9206
f 9208 8959 8958
f 9208 8958 9207
f 9209 8960 8959
f 9209 8959 9208
f 9210 8961 8960
f 9210 8960 9209
f 9211 8962 8961
f 9211 8961 9210
f 9212 8963 8962
f 9212 8962 9211
f 9213 8964 8963
f 9213 8963 9212
f 9214 8965 8964
f 9214 8964 9213
f 9215 8966 8965
f 9215 8965 9214
f 9216 8967 8966
f 9216 8966 9215
f 9217 8968 8967
f 9217 8967 9216
f 9218 8969 8968
f 9218 8968 9217
f 9219 8970 8969
f 9219 8969 9218
f 9220 8971 8970
f 9220 8970 9219
f 9221 8972 8971
f 9221 8971 9220
f 9222 8973 8972
f 9222 8972 9221
f 9223 8974 8973
f 9223 8973 9222
f 9224 8975 8974
f 9224 8974 9223
f 9225 8976 8975
f 9225 8975 9224
f 9226 8977 8976
f 9226 8976 9225
f 9227 8978 8977
f 9227 8977 9226
f 9228 8979 8978
f 9228 8978 9227
f 9229 8980 8979
f 9229 8979 9228
f 9230 8981 8980
f 9230 8980 9229
f 9231 8982 8981
f 9231 8981 9230
f 9232 8983 8982
f 9232 8982 9231
f 9233 8984 8983
f 9233 8983 9232
f 9234 8985 8984
f 9234 8984 9233
f 9235 8986 8985
f 9235 8985 9234
f 9236 8987 8986
f 9236 8986 9235
f 9237 8988 8987
f 9237 8987 9236
f 9238 8989 8988
f 9238 8988 9237
f 9239 8990 8989
f 9239 8989 9238
f 9240 8991 8990
f 9240 8990 9239
f 9241 8992 8991
f 9241 8991 9240
f 9242 8993 8992
f 9242 8992 9241
f 9243 8994 8993
f 9243 8993 9242
f 9244 8995 8994
f 9244 8994 9243
f 9245 8996 8995
f 9245 8995 9244
f 9246 8997 8996
f 9246 8996 9245
f 9247 8998 8997
f 9247 8997 9246
f 9248 8999 8998
f 9248 8998 9247
f 9249 9000 8999
f 9249 8999 9248
f 9250 9001 9000
f 9250 9000 9249
f 9251 9002 9001
f 9251 9001 9250
f 9252 9003 9002
f 9252 9002 9251
f 9253 9004 9003
f 9253 9003 9252
f 9254 9005 9004
f 9254 9004 9253
f 9255 9006 9005
f 9255 9005 9254
f 9256 9007 9006
f 9256 9006 9255
f 9257 9008 9007
f 9257 9007 9256
f 9258 9009 9008
f 9258 9008 9257
f 9259 9010 9009
f 9259 9009 9258
f 9260 9011 9010
f 9260 9010 9259
f 9261 9012 9011
f 9261 9011 9260
f 9262 9013 9012
f 9262 9012 9261
f 9137 9014 9013
f 9137 9013 9262
f 9263 9017 9018
f 9263 9018 9264
f 9265 9054 9025
f 9265 9025 9266
f 9267 9136 9149
f 9267 9149 9268
f 9269 9034 9029
f 9269 9029 9270
f 9271 9037 9133
f 9271 9133 9272
f 9268 9149 9150
f 9268 9150 9273
f 9273 9130 9044
f 9273 9044 9274
f 9275 9033 9043
f 9275 9043 9276
f 9277 9023 9024
f 9277 9024 9278
f 9278 9024 9019
f 9278 9019 9279
f 9280 9061 9062
f 9280 9062 9281
f 9282 9032 9033
f 9282 9033 9275
f 9283 9020 9034
f 9283 9034 9269
f 9284 9028 9131
f 9284 9131 9285
f 9286 9036 9037
f 9286 9037 9271
f 9287 9135 9058
f 9287 9058 9288
f 9128 9129 9147
f 9128 9147 9289
f 9290 9039 9040
f 9290 9040 9291
f 9274 9044 9045
f 9274 9045 9292
f 9292 9045 9046
f 9292 9046 9293
f 9294 9047 9017
f 9294 9017 9263
f 9295 9048 9047
f 9295 9047 9294
f 9296 9049 9050
f 9296 9050 9297
f 9298 9027 9028
f 9298 9028 9284
f 9264 9018 9054
f 9264 9054 9265
f 9299 9021 9022
f 9299 9022 9300
f 9301 9052 9053
f 9301 9053 9302
f 9303 9060 9061
f 9303 9061 9280
f 9304 9026 9055
f 9304 9055 9305
f 9306 9056 9057
f 9306 9057 9307
f 9288 9058 9059
f 9288 9059 9308
f 9308 9059 9060
f 9308 9060 9303
f 9281 9062 9063
f 9281 9063 9309
f 9309 9063 9064
f 9309 9064 9310
f 9310 9064 9065
f 9310 9065 9311
f 9311 9065 9066
f 9311 9066 9312
f 9312 9066 9067
f 9312 9067 9313
f 9313 9067 9068
f 9313 9068 9314
f 9314 9068 9069
f 9314 9069 9315
f 9315 9069 9070
f 9315 9070 9316
f 9316 9070 9071
f 9316 9071 9317
f 9317 9071 9072
f 9317 9072 9318
f 9318 9072 9073
f 9318 9073 9319
f 9319 9073 9074
f 9319 9074 9320
f 9320 9074 9075
f 9320 9075 9321
f 9321 9075 9076
f 9321 9076 9322
f 9322 9076 9077
f 9322 9077 9323
f 9323 9077 9078
f 9323 9078 9324
f 9324 9078 9079
f 9324 9079 9325
f 9325 9079 9080
f 9325 9080 9326
f 9326 9080 9081
f 9326 9081 9327
f 9327 9081 9082
f 9327 9082 9328
f 9328 9082 9083
f 9328 9083 9329
f 9329 9083 9084
f 9329 9084 9330
f 9330 9084 9085
f 9330 9085 9331
f 9331 9085 9086
f 9331 9086 9332
f 9332 9086 9087
f 9332 9087 9333
f 9333 9087 9088
f 9333 9088 9334
f 9334 9088 9089
f 9334 9089 9335
f 9335 9089 9090
f 9335 9090 9336
f 9336 9090 9091
f 9336 9091 9337
f 9337 9091 9092
f 9337 9092 9338
f 9338 9092 9093
f 9338 9093 9339
f 9339 9093 9094
f 9339 9094 9340
f 9340 9094 9095
f 9340 9095 9341
f 9341 9095 9096
f 9341 9096 9342
f 9342 9096 9097
f 9342 9097 9343
f 9343 9097 9098
f 9343 9098 9344
f 9344 9098 9099
f 9344 9099 9345
f 9345 9099 9100
f 9345 9100 9346
f 9346 9100 9101
f 9346 9101 9347
f 9347 9101 9102
f 9347 9102 9348
f 9348 9102 9103
f 9348 9103 9349
f 9349 9103 9104
f 9349 9104 9350
f 9350 9104 9105
f 9350 9105 9351
f 9351 9105 9106
f 9351 9106 9352
f 9352 9106 9107
f 9352 9107 9353
f 9353 9107 9108
f 9353 9108 9354
f 9354 9108 9109
f 9354 9109 9355
f 9355 9109 9110
f 9355 9110 9356
f 9356 9110 9111
f 9356 9111 9357
f 9357 9111 9112
f 9357 9112 9358
f 9358 9112 9113
f 9358 9113 9359
f 9359 9113 9114
f 9359 9114 9360
f 9360 9114 9115
f 9360 9115 9361
f 9361 9115 9116
f 9361 9116 9362
f 9362 9116 9117
f 9362 9117 9363
f 9363 9117 9118
f 9363 9118 9364
f 9364 9118 9119
f 9364 9119 9365
f 9365 9119 9120
f 9365 9120 9366
f 9366 9120 9121
f 9366 9121 9367
f 9367 9121 9122
f 9367 9122 9368
f 9368 9122 9123
f 9368 9123 9369
f 9369 9123 9124
f 9369 9124 9370
f 9370 9124 9125
f 9370 9125 9371
f 9371 9125 9126
f 9371 9126 9372
f 9372 9126 9127
f 9372 9127 9373
f 9373 9127 9128
f 9373 9128 9289
f 9285 9131 9039
f 9285 9039 9290
f 9150 9035 9130
f 9150 9130 9273
f 9291 9040 9051
f 9291 9051 9374
f 9293 9046 9148
f 9293 9148 9375
f 9374 9051 9052
f 9374 9052 9301
f 9272 9133 9021
f 9272 9021 9299
f 9300 9022 9049
f 9300 9049 9296
f 9376 9016 9132
f 9376 9132 9377
f 9378 9030 9136
f 9378 9136 9267
f 9377 9132 9027
f 9377 9027 9298
f 9297 9050 9048
f 9297 9048 9295
f 9379 9042 9038
f 9379 9038 9380
f 9380 9038 9015
f 9380 9015 9381
f 9266 9025 9026
f 9266 9026 9304
f 9375 9148 9041
f 9375 9041 9382
f 9383 9138 9137
f 9383 9137 9262
f 9384 9139 9138
f 9384 9138 9383
f 9385 9140 9139
f 9385 9139 9384
f 9386 9141 9140
f 9386 9140 9385
f 9387 9142 9141
f 9387 9141 9386
f 9388 9143 9142
f 9388 9142 9387
f 9389 9144 9143
f 9389 9143 9388
f 9390 9145 9144
f 9390 9144 9389
f 9391 9146 9145
f 9391 9145 9390
f 9289 9147 9146
f 9289 9146 9391
f 9307 9057 9135
f 9307 9135 9287
f 9276 9043 9036
f 9276 9036 9286
f 9392 9134 9032
f 9392 9032 9282
f 9151 9031 9023
f 9151 9023 9277
f 9270 9029 9030
f 9270 9030 9378
f 9305 9055 9056
f 9305 9056 9306
f 9302 9053 9134
f 9302 9134 9392
f 9381 9015 9016
f 9381 9016 9376
f 9279 9019 9020
f 9279 9020 9283
f 9382 9041 9042
f 9382 9042 9379
f 9393 9152 9151
f 9393 9151 9277
f 9394 9153 9152
f 9394 9152 9393
f 9395 9154 9153
f 9395 9153 9394
f 9396 9155 9154
f 9396 9154 9395
f 9397 9156 9155
f 9397 9155 9396
f 9398 9157 9156
f 9398 9156 9397
f 9399 9158 9157
f 9399 9157 9398
f 9400 9159 9158
f 9400 9158 9399
f 9401 9160 9159
f 9401 9159 9400
f 9402 9161 9160
f 9402 9160 9401
f 9403 9162 9161
f 9403 9161 9402
f 9404 9163 9162
f 9404 9162 9403
f 9405 9164 9163
f 9405 9163 9404
f 9406 9165 9164
f 9406 9164 9405
f 9407 9166 9165
f 9407 9165 9406
f 9408 9167 9166
f 9408 9166 9407
f 9409 9168 9167
f 9409 9167 9408
f 9410 9169 9168
f 9410 9168 9409
f 9411 9170 9169
f 9411 9169 9410
f 9412 9171 9170
f 9412 9170 9411
f 9413 9172 9171
f 9413 9171 9412
f 9414 9173 9172
f 9414 9172 9413
f 9415 9174 9173
f 9415 9173 9414
f 9416 9175 9174
f 9416 9174 9415
f 9417 9176 9175
f 9417 9175 9416
f 9418 9177 9176
f 9418 9176 9417
f 9419 9178 9177
f 9419 9177 9418
f 9420 9179 9178
f 9420 9178 9419
f 9421 9180 9179
f 9421 9179 9420
f 9422 9181 9180
f 9422 9180 9421
f 9423 9182 9181
f 9423 9181 9422
f 9424 9183 9182
f 9424 9182 9423
f 9425 9184 9183
f 9425 9183 9424
f 9426 9185 9184
f 9426 9184 9425
f 9427 9186 9185
f 9427 9185 9426
f 9428 9187 9186
f 9428 9186 9427
f 9429 9188 9187
f 9429 9187 9428
f 9430 9189 9188
f 9430 9188 9429
f 9431 9190 9189
f 9431 9189 9430
f 9432 9191 9190
f 9432 9190 9431
f 9433 9192 9191
f 9433 9191 9432
f 9434 9193 9192
f 9434 9192 9433
f 9435 9194 9193
f 9435 9193 9434
f 9436 9195 9194
f 9436 9194 9435
f 9437 9196 9195
f 9437 9195 9436
f 9438 9197 9196
f 9438 9196 9437
f 9439 9198 9197
f 9439 9197 9438
f 9440 9199 9198
f 9440 9198 9439
f 9441 9200 9199
f 9441 9199 9440
f 9442 9201 9200
f 9442 9200 9441
f 9443 9202 9201
f 9443 9201 9442
f 9444 9203 9202
f 9444 9202 9443
f 9445 9204 9203
f 9445 9203 9444
f 9446 9205 9204
f 9446 9204 9445
f 9447 9206 9205
f 9447 9205 9446
f 9448 9207 9206
f 9448 9206 9447
f 9449 9208 9207
f 9449 9207 9448
f 9450 9209 9208
f 9450 9208 9449
f 9451 9210 9209
f 9451 9209 9450
f 9452 9211 9210
f 9452 9210 9451
f 9453 9212 9211
f 9453 9211 9452
f 9454 9213 9212
f 9454 9212 9453
f 9455 9214 9213
f 9455 9213 9454
f 9456 9215 9214
f 9456 9214 9455
f 9457 9216 9215
f 9457 9215 9456
f 9458 9217 9216
f 9458 9216 9457
f 9459 9218 9217
f 9459 9217 9458
f 9460 9219 9218
f 9460 9218 9459
f 9461 9220 9219
f 9461 9219 9460
f 9462 9221 9220
f 9462 9220 9461
f 9463 9222 9221
f 9463 9221 9462
f 9464 9223 9222
f 9464 9222 9463
f 9465 9224 9223
f 9465 9223 9464
f 9466 9225 9224
f 9466 9224 9465
f 9467 9226 9225
f 9467 9225 9466
f 9468 9227 9226
f 9468 9226 9467
f 9469 9228 9227
f 9469 9227 9468
f 9470 9229 9228
f 9470 9228 9469
f 9471 9230 9229
f 9471 9229 9470
f 9472 9231 9230
f 9472 9230 9471
f 9473 9232 9231
f 9473 9231 9472
f 9474 9233 9232
f 9474 9232 9473
f 9475 9234 9233
f 9475 9233 9474
f 9476 9235 9234
f 9476 9234 9475
f 9477 9236 9235
f 9477 9235 9476
f 9478 9237 9236
f 9478 9236 9477
f 9479 9238 9237
f 9479 9237 9478
f 9480 9239 9238
f 9480 9238 9479
f 9481 9240 9239
f 9481 9239 9480
f 9482 9241 9240
f 9482 9240 9481
f 9483 9242 9241
f 9483 9241 9482
f 9484 9243 9242
f 9484 9242 9483
f 9485 9244 9243
f 9485 9243 9484
f 9486 9245 9244
f 9486 9244 9485
f 9487 9246 9245
f 9487 9245 9486
f 9488 9247 9246
f 9488 9246 9487
f 9489 9248 9247
f 9489 9247 9488
f 9490 9249 9248
f 9490 9248 9489
f 9491 9250 9249
f 9491 9249 9490
f 9492 9251 9250
f 9492 9250 9491
f 9493 9252 9251
f 9493 9251 9492
f 9494 9253 9252
f 9494 9252 9493
f 9495 9254 9253
f 9495 9253 9494
f 9496 9255 9254
f 9496 9254 9495
f 9497 9256 9255
f 9497 9255 9496
f 9498 9257 9256
f 9498 9256 9497
f 9499 9258 9257
f 9499 9257 9498
f 9500 9259 9258
f 9500 9258 9499
f 9501 9260 9259
f 9501 9259 9500
f 9502 9261 9260
f 9502 9260 9501
f 9383 9262 9261
f 9383 9261 9502
f 9503 9265 9266
f 9503 9266 9504
f 9505 9379 9380
f 9505 9380 9506
f 9507 9375 9382
f 9507 9382 9508
f 9509 9270 9378
f 9509 9378 9510
f 9511 9305 9306
f 9511 9306 9512
f 9513 9300 9296
f 9513 9296 9514
f 9515 9307 9287
f 9515 9287 9516
f 9517 9268 9273
f 9517 9273 9274
f 9518 9309 9310
f 9518 9310 9519
f 9520 9278 9279
f 9520 9279 9521
f 9522 9280 9281
f 9522 9281 9523
f 9524 9263 9264
f 9524 9264 9525
f 9526 9283 9269
f 9526 9269 9527
f 9528 9284 9285
f 9528 9285 9529
f 9530 9392 9282
f 9530 9282 9531
f 9516 9287 9288
f 9516 9288 9532
f 9533 9290 9291
f 9533 9291 9534
f 9517 9274 9292
f 9517 9292 9535
f 9536 9275 9276
f 9536 9276 9537
f 9538 9374 9301
f 9538 9301 9539
f 9540 9294 9263
f 9540 9263 9524
f 9541 9295 9294
f 9541 9294 9540
f 9514 9296 9297
f 9514 9297 9542
f 9521 9279 9283
f 9521 9283 9526
f 9539 9301 9302
f 9539 9302 9543
f 9510 9378 9267
f 9510 9267 9544
f 9545 9381 9376
f 9545 9376 9546
f 9519 9310 9311
f 9519 9311 9547
f 9548 9304 9305
f 9548 9305 9511
f 9537 9276 9286
f 9537 9286 9549
f 9550 9272 9299
f 9550 9299 9551
f 9532 9288 9308
f 9532 9308 9552
f 9547 9311 9312
f 9547 9312 9553
f 9553 9312 9313
f 9553 9313 9554
f 9554 9313 9314
f 9554 9314 9555
f 9555 9314 9315
f 9555 9315 9556
f 9556 9315 9316
f 9556 9316 9557
f 9557 9316 9317
f 9557 9317 9558
f 9558 9317 9318
f 9558 9318 9559
f 9559 9318 9319
f 9559 9319 9560
f 9560 9319 9320
f 9560 9320 9561
f 9561 9320 9321
f 9561 9321 9562
f 9562 9321 9322
f 9562 9322 9563
f 9563 9322 9323
f 9563 9323 9564
f 9564 9323 9324
f 9564 9324 9565
f 9565 9324 9325
f 9565 9325 9566
f 9566 9325 9326
f 9566 9326 9567
f 9567 9326 9327
f 9567 9327 9568
f 9568 9327 9328
f 9568 9328 9569
f 9569 9328 9329
f 9569 9329 9570
f 9570 9329 9330
f 9570 9330 9571
f 9571 9330 9331
f 9571 9331 9572
f 9572 9331 9332
f 9572 9332 9573
f 9573 9332 9333
f 9573 9333 9574
f 9574 9333 9334
f 9574 9334 9575
f 9575 9334 9335
f 9575 9335 9576
f 9576 9335 9336
f 9576 9336 9577
f 9577 9336 9337
f 9577 9337 9578
f 9578 9337 9338
f 9578 9338 9579
f 9579 9338 9339
f 9579 9339 9580
f 9580 9339 9340
f 9580 9340 9581
f 9581 9340 9341
f 9581 9341 9582
f 9582 9341 9342
f 9582 9342 9583
f 9583 9342 9343
f 9583 9343 9584
f 9584 9343 9344
f 9584 9344 9585
f 9585 9344 9345
f 9585 9345 9586
f 9586 9345 9346
f 9586 9346 9587
f 9587 9346 9347
f 9587 9347 9588
f 9588 9347 9348
f 9588 9348 9589
f 9589 9348 9349
f 9589 9349 9590
f 9590 9349 9350
f 9590 9350 9591
f 9591 9350 9351
f 9591 9351 9592
f 9592 9351 9352
f 9592 9352 9593
f 9593 9352 9353
f 9593 9353 9594
f 9594 9353 9354
f 9594 9354 9595
f 9595 9354 9355
f 9595 9355 9596
f 9596 9355 9356
f 9596 9356 9597
f 9597 9356 9357
f 9597 9357 9598
f 9598 9357 9358
f 9598 9358 9599
f 9599 9358 9359
f 9599 9359 9600
f 9600 9359 9360
f 9600 9360 9601
f 9601 9360 9361
f 9601 9361 9602
f 9602 9361 9362
f 9602 9362 9603
f 9603 9362 9363
f 9603 9363 9604
f 9604 9363 9364
f 9604 9364 9605
f 9605 9364 9365
f 9605 9365 9606
f 9606 9365 9366
f 9606 9366 9607
f 9607 9366 9367
f 9607 9367 9608
f 9608 9367 9368
f 9608 9368 9609
f 9609 9368 9369
f 9609 9369 9610
f 9610 9369 9370
f 9610 9370 9611
f 9611 9370 9371
f 9611 9371 9612
f 9612 9371 9372
f 9612 9372 9613
f 9613 9372 9373
f 9613 9373 9614
f 9614 9373 9289
f 9614 9289 9391
f 9529 9285 9290
f 9529 9290 9533
f 9615 9293 9375
f 9615 9375 9507
f 9542 9297 9295
f 9542 9295 9541
f 9523 9281 9309
f 9523 9309 9518
f 9534 9291 9374
f 9534 9374 9538
f 9616 9271 9272
f 9616 9272 9550
f 9506 9380 9381
f 9506 9381 9545
f 9512 9306 9307
f 9512 9307 9515
f 9546 9376 9377
f 9546 9377 9617
f 9618 9384 9383
f 9618 9383 9502
f 9619 9385 9384
f 9619 9384 9618
f 9620 9386 9385
f 9620 9385 9619
f 9621 9387 9386
f 9621 9386 9620
f 9622 9388 9387
f 9622 9387 9621
f 9623 9389 9388
f 9623 9388 9622
f 9624 9390 9389
f 9624 9389 9623
f 9614 9391 9390
f 9614 9390 9624
f 9504 9266 9304
f 9504 9304 9548
f 9544 9267 9268
f 9544 9268 9517
f 9549 9286 9271
f 9549 9271 9616
f 9393 9277 9278
f 9393 9278 9520
f 9525 9264 9265
f 9525 9265 9503
f 9543 9302 9392
f 9543 9392 9530
f 9508 9382 9379
f 9508 9379 9505
f 9535 9292 9293
f 9535 9293 9615
f 9625 9298 9284
f 9625 9284 9528
f 9552 9308 9303
f 9552 9303 9626
f 9617 9377 9298
f 9617 9298 9625
f 9527 9269 9270
f 9527 9270 9509
f 9626 9303 9280
f 9626 9280 9522
f 9551 9299 9300
f 9551 9300 9513
f 9531 9282 9275
f 9531 9275 9536
f 9627 9394 9393
f 9627 9393 9520
f 9628 9395 9394
f 9628 9394 9627
f 9629 9396 9395
f 9629 9395 9628
f 9630 9397 9396
f 9630 9396 9629
f 9631 9398 9397
f 9631 9397 9630
f 9632 9399 9398
f 9632 9398 9631
f 9633 9400 9399
f 9633 9399 9632
f 9634 9401 9400
f 9634 9400 9633
f 9635 9402 9401
f 9635 9401 9634
f 9636 9403 9402
f 9636 9402 9635
f 9637 9404 9403
f 9637 9403 9636
f 9638 9405 9404
f 9638 9404 9637
f 9639 9406 9405
f 9639 9405 9638
f 9640 9407 9406
f 9640 9406 9639
f 9641 9408 9407
f 9641 9407 9640
f 9642 9409 9408
f 9642 9408 9641
f 9643 9410 9409
f 9643 9409 9642
f 9644 9411 9410
f 9644 9410 9643
f 9645 9412 9411
f 9645 9411 9644
f 9646 9413 9412
f 9646 9412 9645
f 9647 9414 9413
f 9647 9413 9646
f 9648 9415 9414
f 9648 9414 9647
f 9649 9416 9415
f 9649 9415 9648
f 9650 9417 9416
f 9650 9416 9649
f 9651 9418 9417
f 9651 9417 9650
f 9652 9419 9418
f 9652 9418 9651
f 9653 9420 9419
f 9653 9419 9652
f 9654 9421 9420
f 9654 9420 9653
f 9655 9422 9421
f 9655 9421 9654
f 9656 9423 9422
f 9656 9422 9655
f 9657 9424 9423
f 9657 9423 9656
f 9658 9425 9424
f 9658 9424 9657
f 9659 9426 9425
f 9659 9425 9658
f 9660 9427 9426
f 9660 9426 9659
f 9661 9428 9427
f 9661 9427 9660
f 9662 9429 9428
f 9662 9428 9661
f 9663 9430 9429
f 9663 9429 9662
f 9664 9431 9430
f 9664 9430 9663
f 9665 9432 9431
f 9665 9431 9664
f 9666 9433 9432
f 9666 9432 9665
f 9667 9434 9433
f 9667 9433 9666
f 9668 9435 9434
f 9668 9434 9667
f 9669 9436 9435
f 9669 9435 9668
f 9670 9437 9436
f 9670 9436 9669
f 9671 9438 9437
f 9671 9437 9670
f 9672 9439 9438
f 9672 9438 9671
f 9673 9440 9439
f 9673 9439 9672
f 9674 9441 9440
f 9674 9440 9673
f 9675 9442 9441
f 9675 9441 9674
f 9676 9443 9442
f 9676 9442 9675
f 9677 9444 9443
f 9677 9443 9676
f 9678 9445 9444
f 9678 9444 9677
f 9679 9446 9445
f 9679 9445 9678
f 9680 9447 9446
f 9680 9446 9679
f 9681 9448 9447
f 9681 9447 9680
f 9682 9449 9448
f 9682 9448 9681
f 9683 9450 9449
f 9683 9449 9682
f 9684 9451 9450
f 9684 9450 9683
f 9685 9452 9451
f 9685 9451 9684
f 9686 9453 9452
f 9686 9452 9685
f 9687 9454 9453
f 9687 9453 9686
f 9688 9455 9454
f 9688 9454 9687
f 9689 9456 9455
f 9689 9455 9688
f 9690 9457 9456
f 9690 9456 9689
f 9691 9458 9457
f 9691 9457 9690
f 9692 9459 9458
f 9692 9458 9691
f 9693 9460 9459
f 9693 9459 9692
f 9694 9461 9460
f 9694 9460 9693
f 9695 9462 9461
f 9695 9461 9694
f 9696 9463 9462
f 9696 9462 9695
f 9697 9464 9463
f 9697 9463 9696
f 9698 9465 9464
f 9698 9464 9697
f 9699 9466 9465
f 9699 9465 9698
f 9700 9467 9466
f 9700 9466 9699
f 9701 9468 9467
f 9701 9467 9700
f 9702 9469 9468
f 9702 9468 9701
f 9703 9470 9469
f 9703 9469 9702
f 9704 9471 9470
f 9704 9470 9703
f 9705 9472 9471
f 9705 9471 9704
f 9706 9473 9472
f 9706 9472 9705
f 9707 9474 9473
f 9707 9473 9706
f 9708 9475 9474
f 9708 9474 9707
f 9709 9476 9475
f 9709 9475 9708
f 9710 9477 9476
f 9710 9476 9709
f 9711 9478 9477
f 9711 9477 9710
f 9712 9479 9478
f 9712 9478 9711
f 9713 9480 9479
f 9713 9479 9712
f 9714 9481 9480
f 9714 9480 9713
f 9715 9482 9481
f 9715 9481 9714
f 9716 9483 9482
f 9716 9482 9715
f 9717 9484 9483
f 9717 9483 9716
f 9718 9485 9484
f 9718 9484 9717
f 9719 9486 9485
f 9719 9485 9718
f 9720 9487 9486
f 9720 9486 9719
f 9721 9488 9487
f 9721 9487 9720
f 9722 9489 9488
f 9722 9488 9721
f 9723 9490 9489
f 9723 9489 9722
f 9724 9491 9490
f 9724 9490 9723
f 9725 9492 9491
f 9725 9491 9724
f 9726 9493 9492
f 9726 9492 9725
f 9727 9494 9493
f 9727 9493 9726
f 9728 9495 9494
f 9728 9494 9727
f 9729 9496 9495
f 9729 9495 9728
f 9730 9497 9496
f 9730 9496 9729
f 9731 9498 9497
f 9731 9497 9730
f 9732 9499 9498
f 9732 9498 9731
f 9733 9500 9499
f 9733 9499 9732
f 9734 9501 9500
f 9734 9500 9733
f 9618 9502 9501
f 9618 9501 9734
f 9735 9505 9506
f 9735 9506 9736
f 9737 9512 9515
f 9737 9515 9738
f 9739 9535 9615
f 9739 9615 9740
f 9741 9546 9617
f 9741 9617 9742
f 9743 9521 9526
f 9743 9526 9744
f 9745 9518 9519
f 9745 9519 9746
f 9747 9511 9512
f 9747 9512 9737
f 9748 9539 9543
f 9748 9543 9749
f 9750 9534 9538
f 9750 9538 9751
f 9749 9543 9530
f 9749 9530 9752
f 9753 9503 9504
f 9753 9504 9754
f 9755 9626 9522
f 9755 9522 9756
f 9757 9625 9528
f 9757 9528 9758
f 9759 9516 9532
f 9759 9532 9760
f 9761 9533 9534
f 9761 9534 9750
f 9742 9617 9625
f 9742 9625 9757
f 9544 9517 9535
f 9544 9535 9739
f 9762 9536 9537
f 9762 9537 9763
f 9764 9510 9544
f 9764 9544 9739
f 9765 9514 9542
f 9765 9542 9766
f 9767 9541 9540
f 9767 9540 9768
f 9769 9523 9518
f 9769 9518 9745
f 9770 9553 9554
f 9770 9554 9771
f 9772 9549 9616
f 9772 9616 9773
f 9774 9545 9546
f 9774 9546 9741
f 9746 9519 9547
f 9746 9547 9775
f 9776 9548 9511
f 9776 9511 9747
f 9777 9550 9551
f 9777 9551 9778
f 9760 9532 9552
f 9760 9552 9779
f 9771 9554 9555
f 9771 9555 9780
f 9780 9555 9556
f 9780 9556 9781
f 9781 9556 9557
f 9781 9557 9782
f 9782 9557 9558
f 9782 9558 9783
f 9783 9558 9559
f 9783 9559 9784
f 9784 9559 9560
f 9784 9560 9785
f 9785 9560 9561
f 9785 9561 9786
f 9786 9561 9562
f 9786 9562 9787
f 9787 9562 9563
f 9787 9563 9788
f 9788 9563 9564
f 9788 9564 9789
f 9789 9564 9565
f 9789 9565 9790
f 9790 9565 9566
f 9790 9566 9791
f 9791 9566 9567
f 9791 9567 9792
f 9792 9567 9568
f 9792 9568 9793
f 9793 9568 9569
f 9793 9569 9794
f 9794 9569 9570
f 9794 9570 9795
f 9795 9570 9571
f 9795 9571 9796
f 9796 9571 9572
f 9796 9572 9797
f 9797 9572 9573
f 9797 9573 9798
f 9798 9573 9574
f 9798 9574 9799
f 9799 9574 9575
f 9799 9575 9800
f 9800 9575 9576
f 9800 9576 9801
f 9801 9576 9577
f 9801 9577 9802
f 9802 9577 9578
f 9802 9578 9803
f 9803 9578 9579
f 9803 9579 9804
f 9804 9579 9580
f 9804 9580 9805
f 9805 9580 9581
f 9805 9581 9806
f 9806 9581 9582
f 9806 9582 9807
f 9807 9582 9583
f 9807 9583 9808
f 9808 9583 9584
f 9808 9584 9809
f 9809 9584 9585
f 9809 9585 9810
f 9810 9585 9586
f 9810 9586 9811
f 9811 9586 9587
f 9811 9587 9812
f 9812 9587 9588
f 9812 9588 9813
f 9813 9588 9589
f 9813 9589 9814
f 9814 9589 9590
f 9814 9590 9815
f 9815 9590 9591
f 9815 9591 9816
f 9816 9591 9592
f 9816 9592 9817
f 9817 9592 9593
f 9817 9593 9818
f 9818 9593 9594
f 9818 9594 9819
f 9819 9594 9595
f 9819 9595 9820
f 9820 9595 9596
f 9820 9596 9821
f 9821 9596 9597
f 9821 9597 9822
f 9822 9597 9598
f 9822 9598 9823
f 9823 9598 9599
f 9823 9599 9824
f 9824 9599 9600
f 9824 9600 9825
f 9825 9600 9601
f 9825 9601 9826
f 9826 9601 9602
f 9826 9602 9827
f 9827 9602 9603
f 9827 9603 9828
f 9828 9603 9604
f 9828 9604 9829
f 9829 9604 9605
f 9829 9605 9830
f 9830 9605 9606
f 9830 9606 9831
f 9831 9606 9607
f 9831 9607 9832
f 9832 9607 9608
f 9832 9608 9833
f 9833 9608 9609
f 9833 9609 9834
f 9834 9609 9610
f 9834 9610 9835
f 9835 9610 9611
f 9835 9611 9836
f 9836 9611 9612
f 9836 9612 9837
f 9837 9612 9613
f 9837 9613 9838
f 9838 9613 9614
f 9838 9614 9624
f 9754 9504 9548
f 9754 9548 9776
f 9839 9529 9533
f 9839 9533 9761
f 9736 9506 9545
f 9736 9545 9774
f 9751 9538 9539
f 9751 9539 9748
f 9840 9524 9525
f 9840 9525 9841
f 9740 9615 9507
f 9740 9507 9842
f 9843 9509 9510
f 9843 9510 9764
f 9738 9515 9516
f 9738 9516 9759
f 9752 9530 9531
f 9752 9531 9844
f 9779 9552 9626
f 9779 9626 9755
f 9845 9513 9514
f 9845 9514 9765
f 9841 9525 9503
f 9841 9503 9753
f 9758 9528 9529
f 9758 9529 9839
f 9846 9508 9505
f 9846 9505 9735
f 9775 9547 9553
f 9775 9553 9770
f 9847 9619 9618
f 9847 9618 9734
f 9848 9620 9619
f 9848 9619 9847
f 9849 9621 9620
f 9849 9620 9848
f 9850 9622 9621
f 9850 9621 9849
f 9851 9623 9622
f 9851 9622 9850
f 9838 9624 9623
f 9838 9623 9851
f 9744 9526 9527
f 9744 9527 9852
f 9768 9540 9524
f 9768 9524 9840
f 9756 9522 9523
f 9756 9523 9769
f 9627 9520 9521
f 9627 9521 9743
f 9844 9531 9536
f 9844 9536 9762
f 9842 9507 9508
f 9842 9508 9846
f 9778 9551 9513
f 9778 9513 9845
f 9852 9527 9509
f 9852 9509 9843
f 9773 9616 9550
f 9773 9550 9777
f 9763 9537 9549
f 9763 9549 9772
f 9766 9542 9541
f 9766 9541 9767
f 9853 9628 9627
f 9853 9627 9743
f 9854 9629 9628
f 9854 9628 9853
f 9855 9630 9629
f 9855 9629 9854
f 9856 9631 9630
f 9856 9630 9855
f 9857 9632 9631
f 9857 9631 9856
f 9858 9633 9632
f 9858 9632 9857
f 9859 9634 9633
f 9859 9633 9858
f 9860 9635 9634
f 9860 9634 9859
f 9861 9636 9635
f 9861 9635 9860
f 9862 9637 9636
f 9862 9636 9861
f 9863 9638 9637
f 9863 9637 9862
f 9864 9639 9638
f 9864 9638 9863
f 9865 9640 9639
f 9865 9639 9864
f 9866 9641 9640
f 9866 9640 9865
f 9867 9642 9641
f 9867 9641 9866
f 9868 9643 9642
f 9868 9642 9867
f 9869 9644 9643
f 9869 9643 9868
f 9870 9645 9644
f 9870 9644 9869
f 9871 9646 9645
f 9871 9645 9870
f 9872 9647 9646
f 9872 9646 9871
f 9873 9648 9647
f 9873 9647 9872
f 9874 9649 9648
f 9874 9648 9873
f 9875 9650 9649
f 9875 9649 9874
f 9876 9651 9650
f 9876 9650 9875
f 9877 9652 9651
f 9877 9651 9876
f 9878 9653 9652
f 9878 9652 9877
f 9879 9654 9653
f 9879 9653 9878
f 9880 9655 9654
f 9880 9654 9879
f 9881 9656 9655
f 9881 9655 9880
f 9882 9657 9656
f 9882 9656 9881
f 9883 9658 9657
f 9883 9657 9882
f 9884 9659 9658
f 9884 9658 9883
f 9885 9660 9659
f 9885 9659 9884
f 9886 9661 9660
f 9886 9660 9885
f 9887 9662 9661
f 9887 9661 9886
f 9888 9663 9662
f 9888 9662 9887
f 9889 9664 9663
f 9889 9663 9888
f 9890 9665 9664
f 9890 9664 9889
f 9891 9666 9665
f 9891 9665 9890
f 9892 9667 9666
f 9892 9666 9891
f 9893 9668 9667
f 9893 9667 9892
f 9894 9669 9668
f 9894 9668 9893
f 9895 9670 9669
f 9895 9669 9894
f 9896 9671 9670
f 9896 9670 9895
f 9897 9672 9671
f 9897 9671 9896
f 9898 9673 9672
f 9898 9672 9897
f 9899 9674 9673
f 9899 9673 9898
f 9900 9675 9674
f 9900 9674 9899
f 9901 9676 9675
f 9901 9675 9900
f 9902 9677 9676
f 9902 9676 9901
f 9903 9678 9677
f 9903 9677 9902
f 9904 9679 9678
f 9904 9678 9903
f 9905 9680 9679
f 9905 9679 9904
f 9906 9681 9680
f 9906 9680 9905
f 9907 9682 9681
f 9907 9681 9906
f 9908 9683 9682
f 9908 9682 9907
f 9909 9684 9683
f 9909 9683 9908
f 9910 9685 9684
f 9910 9684 9909
f 9911 9686 9685
f 9911 9685 9910
f 9912 9687 9686
f 9912 9686 9911
f 9913 9688 9687
f 9913 9687 9912
f 9914 9689 9688
f 9914 9688 9913
f 9915 9690 9689
f 9915 9689 9914
f 9916 9691 9690
f 9916 9690 9915
f 9917 9692 9691
f 9917 9691 9916
f 9918 9693 9692
f 9918 9692 9917
f 9919 9694 9693
f 9919 9693 9918
f 9920 9695 9694
f 9920 9694 9919
f 9921 9696 9695
f 9921 9695 9920
f 9922 9697 9696
f 9922 9696 9921
f 9923 9698 9697
f 9923 9697 9922
f 9924 9699 9698
f 9924 9698 9923
f 9925 9700 9699
f 9925 9699 9924
f 9926 9701 9700
f 9926 9700 9925
f 9927 9702 9701
f 9927 9701 9926
f 9928 9703 9702
f 9928 9702 9927
f 9929 9704 9703
f 9929 9703 9928
f 9930 9705 9704
f 9930 9704 9929
f 9931 9706 9705
f 9931 9705 9930
f 9932 9707 9706
f 9932 9706 9931
f 9933 9708 9707
f 9933 9707 9932
f 9934 9709 9708
f 9934 9708 9933
f 9935 9710 9709
f 9935 9709 9934
f 9936 9711 9710
f 9936 9710 9935
f 9937 9712 9711
f 9937 9711 9936
f 9938 9713 9712
f 9938 9712 9937
f 9939 9714 9713
f 9939 9713 9938
f 9940 9715 9714
f 9940 9714 9939
f 9941 9716 9715
f 9941 9715 9940
f 9942 9717 9716
f 9942 9716 9941
f 9943 9718 9717
f 9943 9717 9942
f 9944 9719 9718
f 9944 9718 9943
f 9945 9720 9719
f 9945 9719 9944
f 9946 9721 9720
f 9946 9720 9945
f 9947 9722 9721
f 9947 9721 9946
f 9948 9723 9722
f 9948 9722 9947
f 9949 9724 9723
f 9949 9723 9948
f 9950 9725 9724
f 9950 9724 9949
f 9951 9726 9725
f 9951 9725 9950
f 9952 9727 9726
f 9952 9726 9951
f 9953 9728 9727
f 9953 9727 9952
f 9954 9729 9728
f 9954 9728 9953
f 9955 9730 9729
f 9955 9729 9954
f 9956 9731 9730
f 9956 9730 9955
f 9957 9732 9731
f 9957 9731 9956
f 9958 9733 9732
f 9958 9732 9957
f 9847 9734 9733
f 9847 9733 9958
f 9959 9737 9738
f 9959 9738 9960
f 9961 9775 9770
f 9961 9770 9962
f 9963 9752 9844
f 9963 9844 9964
f 9965 9755 9756
f 9965 9756 9966
f 9967 9772 9773
f 9967 9773 9968
f 9969 9768 9840
f 9969 9840 9970
f 9964 9844 9762
f 9964 9762 9971
f 9972 9839 9761
f 9972 9761 9973
f 9974 9759 9760
f 9974 9760 9975
f 9973 9761 9750
f 9973 9750 9976
f 9977 9852 9843
f 9977 9843 9978
f 9979 9769 9745
f 9979 9745 9980
f 9981 9748 9749
f 9981 9749 9982
f 9983 9758 9839
f 9983 9839 9972
f 9982 9749 9752
f 9982 9752 9963
f 9984 9753 9754
f 9984 9754 9985
f 9986 9771 9780
f 9986 9780 9987
f 9837 9838 9851
f 9837 9851 9988
f 9989 9736 9774
f 9989 9774 9990
f 9991 9767 9768
f 9991 9768 9969
f 9992 9841 9753
f 9992 9753 9984
f 9960 9738 9759
f 9960 9759 9974
f 9993 9765 9766
f 9993 9766 9994
f 9966 9756 9769
f 9966 9769 9979
f 9962 9770 9771
f 9962 9771 9986
f 9995 9763 9772
f 9995 9772 9967
f 9996 9778 9845
f 9996 9845 9997
f 9968 9773 9777
f 9968 9777 9998
f 9999 9776 9747
f 9999 9747 10000
f 9998 9777 9778
f 9998 9778 9996
f 10001 9735 9736
f 10001 9736 9989
f 9975 9760 9779
f 9975 9779 10002
f 10003 9781 9782
f 10003 9782 10004
f 10004 9782 9783
f 10004 9783 10005
f 10005 9783 9784
f 10005 9784 10006
f 10006 9784 9785
f 10006 9785 10007
f 10007 9785 9786
f 10007 9786 10008
f 10008 9786 9787
f 10008 9787 10009
f 10009 9787 9788
f 10009 9788 10010
f 10010 9788 9789
f 10010 9789 10011
f 10011 9789 9790
f 10011 9790 10012
f 10012 9790 9791
f 10012 9791 10013
f 10013 9791 9792
f 10013 9792 10014
f 10014 9792 9793
f 10014 9793 10015
f 10015 9793 9794
f 10015 9794 10016
f 10016 9794 9795
f 10016 9795 10017
f 10017 9795 9796
f 10017 9796 10018
f 10018 9796 9797
f 10018 9797 10019
f 10019 9797 9798
f 10019 9798 10020
f 10020 9798 9799
f 10020 9799 10021
f 10021 9799 9800
f 10021 9800 10022
f 10022 9800 9801
f 10022 9801 10023
f 10023 9801 9802
f 10023 9802 10024
f 10024 9802 9803
f 10024 9803 10025
f 10025 9803 9804
f 10025 9804 10026
f 10026 9804 9805
f 10026 9805 10027
f 10027 9805 9806
f 10027 9806 10028
f 10028 9806 9807
f 10028 9807 10029
f 10029 9807 9808
f 10029 9808 10030
f 10030 9808 9809
f 10030 9809 10031
f 10031 9809 9810
f 10031 9810 10032
f 10032 9810 9811
f 10032 9811 10033
f 10033 9811 9812
f 10033 9812 10034
f 10034 9812 9813
f 10034 9813 10035
f 10035 9813 9814
f 10035 9814 10036
f 10036 9814 9815
f 10036 9815 10037
f 10037 9815 9816
f 10037 9816 10038
f 10038 9816 9817
f 10038 9817 10039
f 10039 9817 9818
f 10039 9818 10040
f 10040 9818 9819
f 10040 9819 10041
f 10041 9819 9820
f 10041 9820 10042
f 10042 9820 9821
f 10042 9821 10043
f 10043 9821 9822
f 10043 9822 10044
f 10044 9822 9823
f 10044 9823 10045
f 10045 9823 9824
f 10045 9824 10046
f 10046 9824 9825
f 10046 9825 10047
f 10047 9825 9826
f 10047 9826 10048
f 10048 9826 9827
f 10048 9827 10049
f 10049 9827 9828
f 10049 9828 10050
f 10050 9828 9829
f 10050 9829 10051
f 10051 9829 9830
f 10051 9830 10052
f 10052 9830 9831
f 10052 9831 10053
f 10053 9831 9832
f 10053 9832 10054
f 10054 9832 9833
f 10054 9833 10055
f 10055 9833 9834
f 10055 9834 10056
f 10056 9834 9835
f 10056 9835 10057
f 10057 9835 9836
f 10057 9836 10058
f 10058 9836 9837
f 10058 9837 9988
f 10059 9744 9852
f 10059 9852 9977
f 9985 9754 9776
f 9985 9776 9999
f 10060 9740 9842
f 10060 9842 10061
f 9980 9745 9746
f 9980 9746 10062
f 9978 9843 9764
f 9978 9764 10060
f 10002 9779 9755
f 10002 9755 9965
f 9994 9766 9767
f 9994 9767 9991
f 10063 9751 9748
f 10063 9748 9981
f 10064 9848 9847
f 10064 9847 9958
f 10065 9849 9848
f 10065 9848 10064
f 10066 9850 9849
f 10066 9849 10065
f 9988 9851 9850
f 9988 9850 10066
f 9990 9774 9741
f 9990 9741 10067
f 10067 9741 9742
f 10067 9742 10068
f 10069 9757 9758
f 10069 9758 9983
f 10061 9842 9846
f 10061 9846 10070
f 10060 9764 9739
f 10060 9739 9740
f 9997 9845 9765
f 9997 9765 9993
f 10068 9742 9757
f 10068 9757 10069
f 9970 9840 9841
f 9970 9841 9992
f 10000 9747 9737
f 10000 9737 9959
f 9987 9780 9781
f 9987 9781 10003
f 9853 9743 9744
f 9853 9744 10059
f 10062 9746 9775
f 10062 9775 9961
f 9976 9750 9751
f 9976 9751 10063
f 9971 9762 9763
f 9971 9763 9995
f 10070 9846 9735
f 10070 9735 10001
f 10071 9854 9853
f 10071 9853 10059
f 10072 9855 9854
f 10072 9854 10071
f 10073 9856 9855
f 10073 9855 10072
f 10074 9857 9856
f 10074 9856 10073
f 10075 9858 9857
f 10075 9857 10074
f 10076 9859 9858
f 10076 9858 10075
f 10077 9860 9859
f 10077 9859 10076
f 10078 9861 9860
f 10078 9860 10077
f 10079 9862 9861
f 10079 9861 10078
f 10080 9863 9862
f 10080 9862 10079
f 10081 9864 9863
f 10081 9863 10080
f 10082 9865 9864
f 10082 9864 10081
f 10083 9866 9865
f 10083 9865 10082
f 10084 9867 9866
f 10084 9866 10083
f 10085 9868 9867
f 10085 9867 10084
f 10086 9869 9868
f 10086 9868 10085
f 10087 9870 9869
f 10087 9869 10086
f 10088 9871 9870
f 10088 9870 10087
f 10089 9872 9871
f 10089 9871 10088
f 10090 9873 9872
f 10090 9872 10089
f 10091 9874 9873
f 10091 9873 10090
f 10092 9875 9874
f 10092 9874 10091
f 10093 9876 9875
f 10093 9875 10092
f 10094 9877 9876
f 10094 9876 10093
f 10095 9878 9877
f 10095 9877 10094
f 10096 9879 9878
f 10096 9878 10095
f 10097 9880 9879
f 10097 9879 10096
f 10098 9881 9880
f 10098 9880 10097
f 10099 9882 9881
f 10099 9881 10098
f 10100 9883 9882
f 10100 9882 10099
f 10101 9884 9883
f 10101 9883 10100
f 10102 9885 9884
f 10102 9884 10101
f 10103 9886 9885
f 10103 9885 10102
f 10104 9887 9886
f 10104 9886 10103
f 10105 9888 9887
f 10105 9887 10104
f 10106 9889 9888
f 10106 9888 10105
f 10107 9890 9889
f 10107 9889 10106
f 10108 9891 9890
f 10108 9890 10107
f 10109 9892 9891
f 10109 9891 10108
f 10110 9893 9892
f 10110 9892 10109
f 10111 9894 9893
f 10111 9893 10110
f 10112 9895 9894
f 10112 9894 10111
f 10113 9896 9895
f 10113 9895 10112
f 10114 9897 9896
f 10114 9896 10113
f 10115 9898 9897
f 10115 9897 10114
f 10116 9899 9898
f 10116 9898 10115
f 10117 9900 9899
f 10117 9899 10116
f 10118 9901 9900
f 10118 9900 10117
f 10119 9902 9901
f 10119 9901 10118
f 10120 9903 9902
f 10120 9902 10119
f 10121 9904 9903
f 10121 9903 10120
f 10122 9905 9904
f 10122 9904 10121
f 10123 9906 9905
f 10123 9905 10122
f 10124 9907 9906
f 10124 9906 10123
f 10125 9908 9907
f 10125 9907 10124
f 10126 9909 9908
f 10126 9908 10125
f 10127 9910 9909
f 10127 9909 10126
f 10128 9911 9910
f 10128 9910 10127
f 10129 9912 9911
f 10129 9911 10128
f 10130 9913 9912
f 10130 9912 10129
f 10131 9914 9913
f 10131 9913 10130
f 10132 9915 9914
f 10132 9914 10131
f 10133 9916 9915
f 10133 9915 10132
f 10134 9917 9916
f 10134 9916 10133
f 10135 9918 9917
f 10135 9917 10134
f 10136 9919 9918
f 10136 9918 10135
f 10137 9920 9919
f 10137 9919 10136
f 10138 9921 9920
f 10138 9920 10137
f 10139 9922 9921
f 10139 9921 10138
f 10140 9923 9922
f 10140 9922 10139
f 10141 9924 9923
f 10141 9923 10140
f 10142 9925 9924
f 10142 9924 10141
f 10143 9926 9925
f 10143 9925 10142
f 10144 9927 9926
f 10144 9926 10143
f 10145 9928 9927
f 10145 9927 10144
f 10146 9929 9928
f 10146 9928 10145
f 10147 9930 9929
f 10147 9929 10146
f 10148 9931 9930
f 10148 9930 10147
f 10149 9932 9931
f 10149 9931 10148
f 10150 9933 9932
f 10150 9932 10149
f 10151 9934 9933
f 10151 9933 10150
f 10152 9935 9934
f 10152 9934 10151
f 10153 9936 9935
f 10153 9935 10152
f 10154 9937 9936
f 10154 9936 10153
f 10155 9938 9937
f 10155 9937 10154
f 10156 9939 9938
f 10156 9938 10155
f 10157 9940 9939
f 10157 9939 10156
f 10158 9941 9940
f 10158 9940 10157
f 10159 9942 9941
f 10159 9941 10158
f 10160 9943 9942
f 10160 9942 10159
f 10161 9944 9943
f 10161 9943 10160
f 10162 9945 9944
f 10162 9944 10161
f 10163 9946 9945
f 10163 9945 10162
f 10164 9947 9946
f 10164 9946 10163
f 10165 9948 9947
f 10165 9947 10164
f 10166 9949 9948
f 10166 9948 10165
f 10167 9950 9949
f 10167 9949 10166
f 10168 9951 9950
f 10168 9950 10167
f 10169 9952 9951
f 10169 9951 10168
f 10170 9953 9952
f 10170 9952 10169
f 10171 9954 9953
f 10171 9953 10170
f 10172 9955 9954
f 10172 9954 10171
f 10173 9956 9955
f 10173 9955 10172
f 10174 9957 9956
f 10174 9956 10173
f 10064 9958 9957
f 10064 9957 10174
f 10175 9961 9962
f 10175 9962 10176
f 10177 10002 9965
f 10177 9965 10178
f 10176 9962 9986
f 10176 9986 10179
f 10180 9987 10003
f 10180 10003 10181
f 10182 9967 9968
f 10182 9968 10183
f 10058 9988 10066
f 10058 10066 10184
f 10185 10000 9959
f 10185 9959 10186
f 10187 9964 9971
f 10187 9971 10188
f 10189 9972 9973
f 10189 9973 10190
f 10191 10005 10006
f 10191 10006 10192
f 10190 9973 9976
f 10190 9976 10193
f 10194 9977 9978
f 10194 9978 10195
f 10195 9978 10060
f 10195 10060 10061
f 10195 10061 10070
f 10195 10070 10196
f 10179 9986 9987
f 10179 9987 10180
f 10197 9960 9974
f 10197 9974 10198
f 10186 9959 9960
f 10186 9960 10197
f 10196 10070 10001
f 10196 10001 10199
f 10071 10059 9977
f 10071 9977 10194
f 10200 9989 9990
f 10200 9990 10201
f 10202 10063 9981
f 10202 9981 10203
f 10204 9992 9984
f 10204 9984 10205
f 10192 10006 10007
f 10192 10007 10206
f 10198 9974 9975
f 10198 9975 10207
f 10208 9966 9979
f 10208 9979 10209
f 10209 9979 9980
f 10209 9980 10210
f 10199 10001 9989
f 10199 9989 10200
f 10211 9996 9997
f 10211 9997 10212
f 10213 9969 9970
f 10213 9970 10214
f 10183 9968 9998
f 10183 9998 10215
f 10216 9999 10000
f 10216 10000 10185
f 10215 9998 9996
f 10215 9996 10211
f 10217 9994 9991
f 10217 9991 10218
f 10181 10003 10004
f 10181 10004 10219
f 10219 10004 10005
f 10219 10005 10191
f 10206 10007 10008
f 10206 10008 10220
f 10220 10008 10009
f 10220 10009 10221
f 10221 10009 10010
f 10221 10010 10222
f 10222 10010 10011
f 10222 10011 10223
f 10223 10011 10012
f 10223 10012 10224
f 10224 10012 10013
f 10224 10013 10225
f 10225 10013 10014
f 10225 10014 10226
f 10226 10014 10015
f 10226 10015 10227
f 10227 10015 10016
f 10227 10016 10228
f 10228 10016 10017
f 10228 10017 10229
f 10229 10017 10018
f 10229 10018 10230
f 10230 10018 10019
f 10230 10019 10231
f 10231 10019 10020
f 10231 10020 10232
f 10232 10020 10021
f 10232 10021 10233
f 10233 10021 10022
f 10233 10022 10234
f 10234 10022 10023
f 10234 10023 10235
f 10235 10023 10024
f 10235 10024 10236
f 10236 10024 10025
f 10236 10025 10237
f 10237 10025 10026
f 10237 10026 10238
f 10238 10026 10027
f 10238 10027 10239
f 10239 10027 10028
f 10239 10028 10240
f 10240 10028 10029
f 10240 10029 10241
f 10241 10029 10030
f 10241 10030 10242
f 10242 10030 10031
f 10242 10031 10243
f 10243 10031 10032
f 10243 10032 10244
f 10244 10032 10033
f 10244 10033 10245
f 10245 10033 10034
f 10245 10034 10246
f 10246 10034 10035
f 10246 10035 10247
f 10247 10035 10036
f 10247 10036 10248
f 10248 10036 10037
f 10248 10037 10249
f 10249 10037 10038
f 10249 10038 10250
f 10250 10038 10039
f 10250 10039 10251
f 10251 10039 10040
f 10251 10040 10252
f 10252 10040 10041
f 10252 10041 10253
f 10253 10041 10042
f 10253 10042 10254
f 10254 10042 10043
f 10254 10043 10255
f 10255 10043 10044
f 10255 10044 10256
f 10256 10044 10045
f 10256 10045 10257
f 10257 10045 10046
f 10257 10046 10258
f 10258 10046 10047
f 10258 10047 10259
f 10259 10047 10048
f 10259 10048 10260
f 10260 10048 10049
f 10260 10049 10261
f 10261 10049 10050
f 10261 10050 10262
f 10262 10050 10051
f 10262 10051 10263
f 10263 10051 10052
f 10263 10052 10264
f 10264 10052 10053
f 10264 10053 10265
f 10265 10053 10054
f 10265 10054 10266
f 10266 10054 10055
f 10266 10055 10267
f 10267 10055 10056
f 10267 10056 10268
f 10268 10056 10057
f 10268 10057 10269
f 10269 10057 10058
f 10269 10058 10184
f 10270 10067 10068
f 10270 10068 10271
f 10193 9976 10063
f 10193 10063 10202
f 10203 9981 9982
f 10203 9982 10272
f 10210 9980 10062
f 10210 10062 10273
f 10212 9997 9993
f 10212 9993 10274
f 10218 9991 9969
f 10218 9969 10213
f 10178 9965 9966
f 10178 9966 10208
f 10207 9975 10002
f 10207 10002 10177
f 10275 10065 10064
f 10275 10064 10174
f 10184 10066 10065
f 10184 10065 10275
f 10201 9990 10067
f 10201 10067 10270
f 10276 9995 9967
f 10276 9967 10182
f 10214 9970 9992
f 10214 9992 10204
f 10277 9963 9964
f 10277 9964 10187
f 10278 9983 9972
f 10278 9972 10189
f 10279 10069 9983
f 10279 9983 10278
f 10273 10062 9961
f 10273 9961 10175
f 10280 9985 9999
f 10280 9999 10216
f 10274 9993 9994
f 10274 9994 10217
f 10272 9982 9963
f 10272 9963 10277
f 10271 10068 10069
f 10271 10069 10279
f 10188 9971 9995
f 10188 9995 10276
f 10205 9984 9985
f 10205 9985 10280
f 10281 10072 10071
f 10281 10071 10194
f 10282 10073 10072
f 10282 10072 10281
f 10283 10074 10073
f 10283 10073 10282
f 10284 10075 10074
f 10284 10074 10283
f 10285 10076 10075
f 10285 10075 10284
f 10286 10077 10076
f 10286 10076 10285
f 10287 10078 10077
f 10287 10077 10286
f 10288 10079 10078
f 10288 10078 10287
f 10289 10080 10079
f 10289 10079 10288
f 10290 10081 10080
f 10290 10080 10289
f 10291 10082 10081
f 10291 10081 10290
f 10292 10083 10082
f 10292 10082 10291
f 10293 10084 10083
f 10293 10083 10292
f 10294 10085 10084
f 10294 10084 10293
f 10295 10086 10085
f 10295 10085 10294
f 10296 10087 10086
f 10296 10086 10295
f 10297 10088 10087
f 10297 10087 10296
f 10298 10089 10088
f 10298 10088 10297
f 10299 10090 10089
f 10299 10089 10298
f 10300 10091 10090
f 10300 10090 10299
f 10301 10092 10091
f 10301 10091 10300
f 10302 10093 10092
f 10302 10092 10301
f 10303 10094 10093
f 10303 10093 10302
f 10304 10095 10094
f 10304 10094 10303
f 10305 10096 10095
f 10305 10095 10304
f 10306 10097 10096
f 10306 10096 10305
f 10307 10098 10097
f 10307 10097 10306
f 10308 10099 10098
f 10308 10098 10307
f 10309 10100 10099
f 10309 10099 10308
f 10310 10101 10100
f 10310 10100 10309
f 10311 10102 10101
f 10311 10101 10310
f 10312 10103 10102
f 10312 10102 10311
f 10313 10104 10103
f 10313 10103 10312
f 10314 10105 10104
f 10314 10104 10313
f 10315 10106 10105
f 10315 10105 10314
f 10316 10107 10106
f 10316 10106 10315
f 10317 10108 10107
f 10317 10107 10316
f 10318 10109 10108
f 10318 10108 10317
f 10319 10110 10109
f 10319 10109 10318
f 10320 10111 10110
f 10320 10110 10319
f 10321 10112 10111
f 10321 10111 10320
f 10322 10113 10112
f 10322 10112 10321
f 10323 10114 10113
f 10323 10113 10322
f 10324 10115 10114
f 10324 10114 10323
f 10325 10116 10115
f 10325 10115 10324
f 10326 10117 10116
f 10326 10116 10325
f 10327 10118 10117
f 10327 10117 10326
f 10328 10119 10118
f 10328 10118 10327
f 10329 10120 10119
f 10329 10119 10328
f 10330 10121 10120
f 10330 10120 10329
f 10331 10122 10121
f 10331 10121 10330
f 10332 10123 10122
f 10332 10122 10331
f 10333 10124 10123
f 10333 10123 10332
f 10334 10125 10124
f 10334 10124 10333
f 10335 10126 10125
f 10335 10125 10334
f 10336 10127 10126
f 10336 10126 10335
f 10337 10128 10127
f 10337 10127 10336
f 10338 10129 10128
f 10338 10128 10337
f 10339 10130 10129
f 10339 10129 10338
f 10340 10131 10130
f 10340 10130 10339
f 10341 10132 10131
f 10341 10131 10340
f 10342 10133 10132
f 10342 10132 10341
f 10343 10134 10133
f 10343 10133 10342
f 10344 10135 10134
f 10344 10134 10343
f 10345 10136 10135
f 10345 10135 10344
f 10346 10137 10136
f 10346 10136 10345
f 10347 10138 10137
f 10347 10137 10346
f 10348 10139 10138
f 10348 10138 10347
f 10349 10140 10139
f 10349 10139 10348
f 10350 10141 10140
f 10350 10140 10349
f 10351 10142 10141
f 10351 10141 10350
f 10352 10143 10142
f 10352 10142 10351
f 10353 10144 10143
f 10353 10143 10352
f 10354 10145 10144
f 10354 10144 10353
f 10355 10146 10145
f 10355 10145 10354
f 10356 10147 10146
f 10356 10146 10355
f 10357 10148 10147
f 10357 10147 10356
f 10358 10149 10148
f 10358 10148 10357
f 10359 10150 10149
f 10359 10149 10358
f 10360 10151 10150
f 10360 10150 10359
f 10361 10152 10151
f 10361 10151 10360
f 10362 10153 10152
f 10362 10152 10361
f 10363 10154 10153
f 10363 10153 10362
f 10364 10155 10154
f 10364 10154 10363
f 10365 10156 10155
f 10365 10155 10364
f 10366 10157 10156
f 10366 10156 10365
f 10367 10158 10157
f 10367 10157 10366
f 10368 10159 10158
f 10368 10158 10367
f 10369 10160 10159
f 10369 10159 10368
f 10370 10161 10160
f 10370 10160 10369
f 10371 10162 10161
f 10371 10161 10370
f 10372 10163 10162
f 10372 10162 10371
f 10373 10164 10163
f 10373 10163 10372
f 10374 10165 10164
f 10374 10164 10373
f 10375 10166 10165
f 10375 10165 10374
f 10376 10167 10166
f 10376 10166 10375
f 10377 10168 10167
f 10377 10167 10376
f 10378 10169 10168
f 10378 10168 10377
f 10379 10170 10169
f 10379 10169 10378
f 10380 10171 10170
f 10380 10170 10379
f 10381 10172 10171
f 10381 10171 10380
f 10382 10173 10172
f 10382 10172 10381
f 10275 10174 10173
f 10275 10173 10382
f 10318 10177 10178
f 10318 10178 10319
f 10311 10280 10216
f 10311 10216 10312
f 10317 10207 10177
f 10317 10177 10318
f 10220 10221 10334
f 10282 10199 10200
f 10282 10200 10283
f 10325 10176 10179
f 10325 10179 10326
f 10327 10180 10181
f 10327 10181 10328
f 10304 10274 10217
f 10304 10217 10305
f 10285 10270 10271
f 10285 10271 10286
f 10313 10185 10186
f 10313 10186 10314
f 10310 10205 10280
f 10310 10280 10311
f 10194 10195 10196
f 10194 10196 10281
f 10316 10198 10207
f 10316 10207 10317
f 10290 10190 10193
f 10290 10193 10291
f 10326 10179 10180
f 10326 10180 10327
f 10295 10277 10187
f 10295 10187 10296
f 10309 10204 10205
f 10309 10205 10310
f 10306 10218 10213
f 10306 10213 10307
f 10314 10186 10197
f 10314 10197 10315
f 10324 10175 10176
f 10324 10176 10325
f 10334 10221 10222
f 10334 10222 10335
f 10292 10202 10203
f 10292 10203 10293
f 10302 10211 10212
f 10302 10212 10303
f 10322 10210 10273
f 10322 10273 10323
f 10332 10192 10206
f 10332 10206 10333
f 10320 10208 10209
f 10320 10209 10321
f 10303 10212 10274
f 10303 10274 10304
f 10321 10209 10210
f 10321 10210 10322
f 10307 10213 10214
f 10307 10214 10308
f 10305 10217 10218
f 10305 10218 10306
f 10300 10183 10215
f 10300 10215 10301
f 10312 10216 10185
f 10312 10185 10313
f 10333 10206 10220
f 10333 10220 10334
f 10289 10189 10190
f 10289 10190 10290
f 10330 10329 10219
f 10335 10222 10223
f 10335 10223 10336
f 10336 10223 10224
f 10336 10224 10337
f 10337 10224 10225
f 10337 10225 10338
f 10338 10225 10226
f 10338 10226 10339
f 10339 10226 10227
f 10339 10227 10340
f 10340 10227 10228
f 10340 10228 10341
f 10341 10228 10229
f 10341 10229 10342
f 10342 10229 10230
f 10342 10230 10343
f 10343 10230 10231
f 10343 10231 10344
f 10344 10231 10232
f 10344 10232 10345
f 10345 10232 10233
f 10345 10233 10346
f 10346 10233 10234
f 10346 10234 10347
f 10347 10234 10235
f 10347 10235 10348
f 10348 10235 10236
f 10348 10236 10349
f 10349 10236 10237
f 10349 10237 10350
f 10350 10237 10238
f 10350 10238 10351
f 10351 10238 10239
f 10351 10239 10352
f 10352 10239 10240
f 10352 10240 10353
f 10353 10240 10241
f 10353 10241 10354
f 10354 10241 10242
f 10354 10242 10355
f 10355 10242 10243
f 10355 10243 10356
f 10356 10243 10244
f 10356 10244 10357
f 10357 10244 10245
f 10357 10245 10358
f 10358 10245 10246
f 10358 10246 10359
f 10359 10246 10247
f 10359 10247 10360
f 10360 10247 10248
f 10360 10248 10361
f 10361 10248 10249
f 10361 10249 10362
f 10362 10249 10250
f 10362 10250 10363
f 10363 10250 10251
f 10363 10251 10364
f 10364 10251 10252
f 10364 10252 10365
f 10365 10252 10253
f 10365 10253 10366
f 10366 10253 10254
f 10366 10254 10367
f 10367 10254 10255
f 10367 10255 10368
f 10368 10255 10256
f 10368 10256 10369
f 10369 10256 10257
f 10369 10257 10370
f 10370 10257 10258
f 10370 10258 10371
f 10371 10258 10259
f 10371 10259 10372
f 10372 10259 10260
f 10372 10260 10373
f 10373 10260 10261
f 10373 10261 10374
f 10374 10261 10262
f 10374 10262 10375
f 10375 10262 10263
f 10375 10263 10376
f 10376 10263 10264
f 10376 10264 10377
f 10377 10264 10265
f 10377 10265 10378
f 10378 10265 10266
f 10378 10266 10379
f 10379 10266 10267
f 10379 10267 10380
f 10380 10267 10268
f 10380 10268 10381
f 10381 10268 10269
f 10381 10269 10382
f 10382 10269 10184
f 10382 10184 10275
f 10297 10188 10276
f 10297 10276 10298
f 10298 10276 10182
f 10298 10182 10299
f 10281 10196 10199
f 10281 10199 10282
f 10296 10187 10188
f 10296 10188 10297
f 10291 10193 10202
f 10291 10202 10292
f 10319 10178 10208
f 10319 10208 10320
f 10294 10272 10277
f 10294 10277 10295
f 10288 10278 10189
f 10288 10189 10289
f 10299 10182 10183
f 10299 10183 10300
f 10219 10329 10328
f 10219 10328 10181
f 10283 10200 10201
f 10283 10201 10284
f 10293 10203 10272
f 10293 10272 10294
f 10323 10273 10175
f 10323 10175 10324
f 10301 10215 10211
f 10301 10211 10302
f 10284 10201 10270
f 10284 10270 10285
f 10308 10214 10204
f 10308 10204 10309
f 10315 10197 10198
f 10315 10198 10316
f 10288 10287 10279
f 10288 10279 10278
f 10286 10271 10279
f 10286 10279 10287
f 10331 10191 10192
f 10331 10192 10332
f 10219 10191 10331
f 10219 10331 10330
# </faces>
