y1,z1,y2,z2
-0.05982641503214836,0.01499979943037033,-0.05500056967139244,0.0149999363347888
-0.05500056967139244,0.0149999363347888,-0.05500001087784767,0.01007431373000145
-0.05500001087784767,0.01007431373000145,-0.05982641503214836,0.01499979943037033
-0.05000000074505806,0.010009169578552246,-0.045000333338975906,0.015000039711594582
-0.045000333338975906,0.015000039711594582,-0.04500000178813934,0.01000126451253891
-0.04500000178813934,0.01000126451253891,-0.05000000074505806,0.010009169578552246
-0.050000496208667755,0.014999981969594955,-0.045000333338975906,0.015000039711594582
-0.05000000074505806,0.010009169578552246,-0.050000496208667755,0.014999981969594955
-0.03999999910593033,0.010000040754675865,-0.03500000014901161,0.009999999776482582
-0.03500000014901161,0.009999999776482582,-0.038594700396060944,0.009999999776482582
-0.038594700396060944,0.009999999776482582,-0.03999999910593033,0.010000040754675865
-0.03999999910593033,0.010000040754675865,-0.04000032693147659,0.015000059269368649
-0.04000032693147659,0.015000059269368649,-0.03500000014901161,0.009999999776482582
-0.04000032693147659,0.015000059269368649,-0.03500022366642952,0.015000086277723312
-0.03500022366642952,0.015000086277723312,-0.03500000014901161,0.009999999776482582
-0.030000219121575356,0.015000095590949059,-0.02500014379620552,0.015000107698142529
-0.02500014379620552,0.015000107698142529,-0.029999999329447746,0.009999999776482582
-0.029999999329447746,0.009999999776482582,-0.030000219121575356,0.015000095590949059
-0.02500014379620552,0.015000107698142529,-0.02500000037252903,0.009999999776482582
-0.02500000037252903,0.009999999776482582,-0.029999999329447746,0.009999999776482582
-0.02000013366341591,0.015000115148723125,-0.01500007975846529,0.015000119805335999
-0.01500007975846529,0.015000119805335999,-0.019999999552965164,0.009999999776482582
-0.019999999552965164,0.009999999776482582,-0.02000013366341591,0.015000115148723125
-0.01500007975846529,0.015000119805335999,-0.014999999664723873,0.009999999776482582
-0.014999999664723873,0.009999999776482582,-0.019999999552965164,0.009999999776482582
-0.007954306900501251,0.009999999776482582,-0.005000024568289518,0.015000125393271446
-0.005000024568289518,0.015000125393271446,-0.004999999888241291,0.009999999776482582
-0.004999999888241291,0.009999999776482582,-0.007954306900501251,0.009999999776482582
-0.007954306900501251,0.009999999776482582,-0.009999999776482582,0.009999999776482582
-0.009999999776482582,0.009999999776482582,-0.005000024568289518,0.015000125393271446
-0.009999999776482582,0.009999999776482582,-0.010000063106417656,0.015000124461948872
-0.010000063106417656,0.015000124461948872,-0.005000024568289518,0.015000125393271446
-4.576988190858425e-17,0.009999999776482582,0.004999999888241291,0.009999999776482582
0.004999999888241291,0.009999999776482582,0.0013940809294581413,0.009999999776482582
0.0013940809294581413,0.009999999776482582,-4.576988190858425e-17,0.009999999776482582
-4.576988190858425e-17,0.009999999776482582,1.9651145155563654e-09,0.015000127255916595
1.9651145155563654e-09,0.015000127255916595,0.004999999888241291,0.009999999776482582
1.9651145155563654e-09,0.015000127255916595,0.005000028293579817,0.015000125393271446
0.005000028293579817,0.015000125393271446,0.004999999888241291,0.009999999776482582
0.010000066831707954,0.015000124461948872,0.015000084415078163,0.015000119805335999
0.015000084415078163,0.015000119805335999,0.009999999776482582,0.009999999776482582
0.009999999776482582,0.009999999776482582,0.010000066831707954,0.015000124461948872
0.015000084415078163,0.015000119805335999,0.014999999664723873,0.009999999776482582
0.014999999664723873,0.009999999776482582,0.009999999776482582,0.009999999776482582
0.020000139251351357,0.015000115148723125,0.02500014938414097,0.015000107698142529
0.02500014938414097,0.015000107698142529,0.019999999552965164,0.009999999776482582
0.019999999552965164,0.009999999776482582,0.020000139251351357,0.015000115148723125
0.02500014938414097,0.015000107698142529,0.02500000037252903,0.009999999776482582
0.02500000037252903,0.009999999776482582,0.019999999552965164,0.009999999776482582
0.030000226572155952,0.015000095590949059,0.03500023111701012,0.015000086277723312
0.03500023111701012,0.015000086277723312,0.029999999329447746,0.009999999776482582
0.029999999329447746,0.009999999776482582,0.030000226572155952,0.015000095590949059
0.03500023111701012,0.015000086277723312,0.03500000014901161,0.009999999776482582
0.03500000014901161,0.009999999776482582,0.029999999329447746,0.009999999776482582
0.0441119559109211,0.009999999776482582,0.0450003445148468,0.015000039711594582
0.0450003445148468,0.015000039711594582,0.04500000178813934,0.010000059381127357
0.04500000178813934,0.010000059381127357,0.0441119559109211,0.009999999776482582
0.0441119559109211,0.009999999776482582,0.03999999910593033,0.009999999776482582
0.03999999910593033,0.009999999776482582,0.0450003445148468,0.015000039711594582
0.03999999910593033,0.009999999776482582,0.04000033810734749,0.015000059269368649
0.04000033810734749,0.015000059269368649,0.0450003445148468,0.015000039711594582
0.05000000074505806,0.010003871284425259,0.05500058829784393,0.014999937266111374
0.05500058829784393,0.014999937266111374,0.05500000715255737,0.01003352738916874
0.05500000715255737,0.01003352738916874,0.05000000074505806,0.010003871284425259
0.05000050738453865,0.01499998290091753,0.05500058829784393,0.014999937266111374
0.05000000074505806,0.010003871284425259,0.05000050738453865,0.01499998290091753
0.060000039637088776,0.010110156610608101,0.06500160694122314,0.014999650418758392
0.06500160694122314,0.014999650418758392,0.06500021368265152,0.010325639508664608
0.06500021368265152,0.010325639508664608,0.060000039637088776,0.010110156610608101
0.06000097095966339,0.01499979943037033,0.06500160694122314,0.014999650418758392
0.060000039637088776,0.010110156610608101,0.06000097095966339,0.01499979943037033
0.07000087201595306,0.010455253534018993,0.07500822842121124,0.014998601749539375
0.07500822842121124,0.014998601749539375,0.07500296831130981,0.01023231353610754
0.07500296831130981,0.01023231353610754,0.07000087201595306,0.010455253534018993
0.07000347971916199,0.014999241568148136,0.07500822842121124,0.014998601749539375
0.07000087201595306,0.010455253534018993,0.07000347971916199,0.014999241568148136
0.08001992851495743,0.01499695610255003,0.08504749834537506,0.014993364922702312
0.08504749834537506,0.014993364922702312,0.08001022785902023,0.009999999776482582
0.08001022785902023,0.009999999776482582,0.08001992851495743,0.01499695610255003
0.08504749834537506,0.014993364922702312,0.08503290265798569,0.009999999776482582
0.08503290265798569,0.009999999776482582,0.08001022785902023,0.009999999776482582
0.09010209888219833,0.014983657747507095,0.09519945085048676,0.014955220744013786
0.09519945085048676,0.014955220744013786,0.09009070694446564,0.009999999776482582
0.09009070694446564,0.009999999776482582,0.09010209888219833,0.014983657747507095
0.09519945085048676,0.014955220744013786,0.09521500766277313,0.009999999776482582
0.09521500766277313,0.009999999776482582,0.09009070694446564,0.009999999776482582
0.10033013671636581,0.014860707335174084,0.10542012006044388,0.014573819935321808
0.10542012006044388,0.014573819935321808,0.10041234642267227,0.009999999776482582
0.10041234642267227,0.009999999776482582,0.10033013671636581,0.014860707335174084
0.10542012006044388,0.014573819935321808,0.10548564046621323,0.009999996982514858
0.10548564046621323,0.009999996982514858,0.10041234642267227,0.009999999776482582
-0.1057203859090805,0.019635912030935287,-0.10492447018623352,0.024780461564660072
-0.10492447018623352,0.024780461564660072,-0.10502713173627853,0.020166989415884018
-0.10502713173627853,0.020166989415884018,-0.1057203859090805,0.019635912030935287
-0.1057203859090805,0.019635912030935287,-0.10997094959020615,0.01960187591612339
-0.10997094959020615,0.01960187591612339,-0.10492447018623352,0.024780461564660072
-0.10997094959020615,0.01960187591612339,-0.10997086018323898,0.02478492073714733
-0.10997086018323898,0.02478492073714733,-0.10492447018623352,0.024780461564660072
-0.09945393353700638,0.020424414426088333,-0.09508763253688812,0.019887931644916534
-0.09508763253688812,0.019887931644916534,-0.09982272237539291,0.023810572922229767
-0.09982272237539291,0.023810572922229767,-0.09945393353700638,0.020424414426088333
-0.09508763253688812,0.019887931644916534,-0.09108195453882217,0.02993241511285305
-0.09108195453882217,0.02993241511285305,-0.09982272237539291,0.023810572922229767
-0.09508763253688812,0.019887931644916534,-0.09007605165243149,0.021235646679997444
-0.09007605165243149,0.021235646679997444,-0.09108195453882217,0.02993241511285305
-0.0899507999420166,0.02994074858725071,-0.09108195453882217,0.02993241511285305
-0.09007605165243149,0.021235646679997444,-0.0899507999420166,0.02994074858725071
-0.09108195453882217,0.02993241511285305,-0.09982272237539291,0.023810572922229767
-0.09982272237539291,0.023810572922229767,-0.09857680648565292,0.029877206310629845
-0.09857680648565292,0.029877206310629845,-0.09108195453882217,0.02993241511285305
-0.09982272237539291,0.023810572922229767,-0.09993500262498856,0.024838972836732864
-0.09993500262498856,0.024838972836732864,-0.09857680648565292,0.029877206310629845
-0.0799994021654129,0.029973827302455902,-0.08002304285764694,0.02129565365612507
-0.08002304285764694,0.02129565365612507,-0.0899507999420166,0.02994074858725071
-0.0899507999420166,0.02994074858725071,-0.0799994021654129,0.029973827302455902
-0.08002304285764694,0.02129565365612507,-0.09007605165243149,0.021235646679997444
-0.09007605165243149,0.021235646679997444,-0.0899507999420166,0.02994074858725071
-0.08002304285764694,0.02129565365612507,-0.0850478783249855,0.020041588693857193
-0.0850478783249855,0.020041588693857193,-0.09007605165243149,0.021235646679997444
-0.07001205533742905,0.029988227412104607,-0.07000715285539627,0.02130369283258915
-0.07000715285539627,0.02130369283258915,-0.0799994021654129,0.029973827302455902
-0.0799994021654129,0.029973827302455902,-0.07001205533742905,0.029988227412104607
-0.07000715285539627,0.02130369283258915,-0.08002304285764694,0.02129565365612507
-0.08002304285764694,0.02129565365612507,-0.0799994021654129,0.029973827302455902
-0.07501257956027985,0.02005777880549431,-0.08002304285764694,0.02129565365612507
-0.07000715285539627,0.02130369283258915,-0.07501257956027985,0.02005777880549431
-0.07001205533742905,0.029988227412104607,-0.06532690674066544,0.029991213232278824
-0.06532690674066544,0.029991213232278824,-0.07000715285539627,0.02130369283258915
-0.07000715285539627,0.02130369283258915,-0.07001205533742905,0.029988227412104607
-0.06532690674066544,0.029991213232278824,-0.061472196131944656,0.02094014175236225
-0.061472196131944656,0.02094014175236225,-0.07000715285539627,0.02130369283258915
-0.06500398367643356,0.020060883834958076,-0.07000715285539627,0.02130369283258915
-0.061472196131944656,0.02094014175236225,-0.06500398367643356,0.020060883834958076
-0.06000363454222679,0.021305741742253304,-0.06001322343945503,0.029994601383805275
-0.06001322343945503,0.029994601383805275,-0.061472196131944656,0.02094014175236225
-0.061472196131944656,0.02094014175236225,-0.06000363454222679,0.021305741742253304
-0.06001322343945503,0.029994601383805275,-0.06532690674066544,0.029991213232278824
-0.06532690674066544,0.029991213232278824,-0.061472196131944656,0.02094014175236225
-0.06001322343945503,0.029994601383805275,-0.05001112073659897,0.029997600242495537
-0.05001112073659897,0.029997600242495537,-0.06000363454222679,0.021305741742253304
-0.06000363454222679,0.021305741742253304,-0.06001322343945503,0.029994601383805275
-0.05001112073659897,0.029997600242495537,-0.050002407282590866,0.02130652777850628
-0.050002407282590866,0.02130652777850628,-0.06000363454222679,0.021305741742253304
-0.050002407282590866,0.02130652777850628,-0.055001888424158096,0.02006182074546814
-0.055001888424158096,0.02006182074546814,-0.06000363454222679,0.021305741742253304
-0.05001112073659897,0.029997600242495537,-0.050002407282590866,0.02130652777850628
-0.050002407282590866,0.02130652777850628,-0.04000839963555336,0.029999107122421265
-0.04000839963555336,0.029999107122421265,-0.05001112073659897,0.029997600242495537
-0.050002407282590866,0.02130652777850628,-0.040001701563596725,0.021306883543729782
-0.040001701563596725,0.021306883543729782,-0.04000839963555336,0.029999107122421265
-0.045001208782196045,0.020062170922756195,-0.040001701563596725,0.021306883543729782
-0.050002407282590866,0.02130652777850628,-0.045001208782196045,0.020062170922756195
-0.04000839963555336,0.029999107122421265,-0.040001701563596725,0.021306883543729782
-0.040001701563596725,0.021306883543729782,-0.030005857348442078,0.029999904334545135
-0.030005857348442078,0.029999904334545135,-0.04000839963555336,0.029999107122421265
-0.040001701563596725,0.021306883543729782,-0.030001163482666016,0.02130706235766411
-0.030001163482666016,0.02130706235766411,-0.030005857348442078,0.029999904334545135
-0.040001701563596725,0.021306883543729782,-0.035000819712877274,0.02006233111023903
-0.035000819712877274,0.02006233111023903,-0.030001163482666016,0.02130706235766411
-0.030005857348442078,0.029999904334545135,-0.030001163482666016,0.02130706235766411
-0.030001163482666016,0.02130706235766411,-0.020003657788038254,0.030000334605574608
-0.020003657788038254,0.030000334605574608,-0.030005857348442078,0.029999904334545135
-0.030001163482666016,0.02130706235766411,-0.020000720396637917,0.02130715735256672
-0.020000720396637917,0.02130715735256672,-0.020003657788038254,0.030000334605574608
-0.02500053308904171,0.020062413066625595,-0.020000720396637917,0.02130715735256672
-0.030001163482666016,0.02130706235766411,-0.02500053308904171,0.020062413066625595
-0.020003657788038254,0.030000334605574608,-0.010001735761761665,0.03000055067241192
-0.010001735761761665,0.03000055067241192,-0.020000720396637917,0.02130715735256672
-0.020000720396637917,0.02130715735256672,-0.020003657788038254,0.030000334605574608
-0.010001735761761665,0.03000055067241192,-0.010000339709222317,0.02130720391869545
-0.010000339709222317,0.02130720391869545,-0.020000720396637917,0.02130715735256672
-0.010000339709222317,0.02130720391869545,-0.015000298619270325,0.020062454044818878
-0.015000298619270325,0.020062454044818878,-0.020000720396637917,0.02130715735256672
-0.010001735761761665,0.03000055067241192,-0.010000339709222317,0.02130720391869545
-0.010000339709222317,0.02130720391869545,4.138160036859517e-08,0.03000061772763729
4.138160036859517e-08,0.03000061772763729,-0.010001735761761665,0.03000055067241192
-0.010000339709222317,0.02130720391869545,9.450360494156484e-09,0.021307218819856644
9.450360494156484e-09,0.021307218819856644,4.138160036859517e-08,0.03000061772763729
-0.005000092554837465,0.02006247267127037,9.450360494156484e-09,0.021307218819856644
-0.010000339709222317,0.02130720391869545,-0.005000092554837465,0.02006247267127037
0.010001827031373978,0.030000552535057068,4.138160036859517e-08,0.03000061772763729
4.138160036859517e-08,0.03000061772763729,0.010000360198318958,0.0213072057813406
0.010000360198318958,0.0213072057813406,0.010001827031373978,0.030000552535057068
4.138160036859517e-08,0.03000061772763729,9.450360494156484e-09,0.021307218819856644
9.450360494156484e-09,0.021307218819856644,0.010000360198318958,0.0213072057813406
0.005000104662030935,0.02006247267127037,0.010000360198318958,0.0213072057813406
9.450360494156484e-09,0.021307218819856644,0.005000104662030935,0.02006247267127037
0.020003771409392357,0.030000338330864906,0.010001827031373978,0.030000552535057068
0.010001827031373978,0.030000552535057068,0.020000746473670006,0.02130715921521187
0.020000746473670006,0.02130715921521187,0.020003771409392357,0.030000338330864906
0.010001827031373978,0.030000552535057068,0.010000360198318958,0.0213072057813406
0.010000360198318958,0.0213072057813406,0.020000746473670006,0.02130715921521187
0.015000312589108944,0.020062455907464027,0.020000746473670006,0.02130715921521187
0.010000360198318958,0.0213072057813406,0.015000312589108944,0.020062455907464027
0.030006006360054016,0.029999909922480583,0.020003771409392357,0.030000338330864906
0.020003771409392357,0.030000338330864906,0.03000119887292385,0.02130706235766411
0.03000119887292385,0.02130706235766411,0.030006006360054016,0.029999909922480583
0.020003771409392357,0.030000338330864906,0.020000746473670006,0.02130715921521187
0.020000746473670006,0.02130715921521187,0.03000119887292385,0.02130706235766411
0.02500055357813835,0.020062413066625595,0.03000119887292385,0.02130706235766411
0.020000746473670006,0.02130715921521187,0.02500055357813835,0.020062413066625595
0.04000859335064888,0.02999911457300186,0.040001749992370605,0.021306881681084633
0.040001749992370605,0.021306881681084633,0.030006006360054016,0.029999909922480583
0.030006006360054016,0.029999909922480583,0.04000859335064888,0.02999911457300186
0.040001749992370605,0.021306881681084633,0.03000119887292385,0.02130706235766411
0.03000119887292385,0.02130706235766411,0.030006006360054016,0.029999909922480583
0.03500084951519966,0.02006233111023903,0.03000119887292385,0.02130706235766411
0.040001749992370605,0.021306881681084633,0.03500084951519966,0.02006233111023903
0.05001136660575867,0.029997628182172775,0.05000247061252594,0.02130652219057083
0.05000247061252594,0.02130652219057083,0.04000859335064888,0.02999911457300186
0.04000859335064888,0.02999911457300186,0.05001136660575867,0.029997628182172775
0.05000247061252594,0.02130652219057083,0.040001749992370605,0.021306881681084633
0.040001749992370605,0.021306881681084633,0.04000859335064888,0.02999911457300186
0.04500124230980873,0.020062170922756195,0.040001749992370605,0.021306881681084633
0.05000247061252594,0.02130652219057083,0.04500124230980873,0.020062170922756195
0.0600135512650013,0.029994718730449677,0.05001136660575867,0.029997628182172775
0.05001136660575867,0.029997628182172775,0.06000374257564545,0.021305734291672707
0.06000374257564545,0.021305734291672707,0.0600135512650013,0.029994718730449677
0.05001136660575867,0.029997628182172775,0.05000247061252594,0.02130652219057083
0.05000247061252594,0.02130652219057083,0.06000374257564545,0.021305734291672707
0.05500194430351257,0.02006181702017784,0.06000374257564545,0.021305734291672707
0.05000247061252594,0.02130652219057083,0.05500194430351257,0.02006181702017784
0.0700126364827156,0.02998863160610199,0.0600135512650013,0.029994718730449677
0.0600135512650013,0.029994718730449677,0.07000751048326492,0.021303769201040268
0.07000751048326492,0.021303769201040268,0.0700126364827156,0.02998863160610199
0.0600135512650013,0.029994718730449677,0.06000374257564545,0.021305734291672707
0.06000374257564545,0.021305734291672707,0.07000751048326492,0.021303769201040268
0.0650041326880455,0.02006090059876442,0.07000751048326492,0.021303769201040268
0.06000374257564545,0.021305734291672707,0.0650041326880455,0.02006090059876442
0.0700126364827156,0.02998863160610199,0.08000083267688751,0.029975108802318573
0.08000083267688751,0.029975108802318573,0.07000751048326492,0.021303769201040268
0.07000751048326492,0.021303769201040268,0.0700126364827156,0.02998863160610199
0.08000083267688751,0.029975108802318573,0.08002496510744095,0.021296171471476555
0.08002496510744095,0.021296171471476555,0.07000751048326492,0.021303769201040268
0.07501336932182312,0.020057955756783485,0.07000751048326492,0.021303769201040268
0.08002496510744095,0.021296171471476555,0.07501336932182312,0.020057955756783485
0.08000083267688751,0.029975108802318573,0.08002496510744095,0.021296171471476555
0.08002496510744095,0.021296171471476555,0.08995416760444641,0.02994462475180626
0.08995416760444641,0.02994462475180626,0.08000083267688751,0.029975108802318573
0.08002496510744095,0.021296171471476555,0.09008491039276123,0.021238358691334724
0.09008491039276123,0.021238358691334724,0.08995416760444641,0.02994462475180626
0.08505234867334366,0.02004263736307621,0.09008491039276123,0.021238358691334724
0.08002496510744095,0.021296171471476555,0.08505234867334366,0.02004263736307621
0.09127403050661087,0.02993573248386383,0.0998414158821106,0.023898957297205925
0.0998414158821106,0.023898957297205925,0.09857996553182602,0.029886519536376
0.09857996553182602,0.029886519536376,0.09127403050661087,0.02993573248386383
0.0998414158821106,0.023898957297205925,0.09994307905435562,0.024853575974702835
0.09994307905435562,0.024853575974702835,0.09857996553182602,0.029886519536376
0.09947367757558823,0.020438652485609055,0.0998414158821106,0.023898957297205925
0.0998414158821106,0.023898957297205925,0.0951041430234909,0.019894007593393326
0.0951041430234909,0.019894007593393326,0.09947367757558823,0.020438652485609055
0.0998414158821106,0.023898957297205925,0.09127403050661087,0.02993573248386383
0.09127403050661087,0.02993573248386383,0.0951041430234909,0.019894007593393326
0.09127403050661087,0.02993573248386383,0.09008491039276123,0.021238358691334724
0.09008491039276123,0.021238358691334724,0.0951041430234909,0.019894007593393326
0.08995416760444641,0.02994462475180626,0.09008491039276123,0.021238358691334724
0.09127403050661087,0.02993573248386383,0.08995416760444641,0.02994462475180626
0.10352779179811478,0.02481514774262905,0.09947367757558823,0.020438652485609055
0.09947367757558823,0.020438652485609055,0.0998414158821106,0.023898957297205925
0.0998414158821106,0.023898957297205925,0.10352779179811478,0.02481514774262905
0.10352779179811478,0.02481514774262905,0.10492862015962601,0.02480013109743595
0.10492862015962601,0.02480013109743595,0.09947367757558823,0.020438652485609055
0.10492862015962601,0.02480013109743595,0.10505174845457077,0.019669711589813232
0.10505174845457077,0.019669711589813232,0.09947367757558823,0.020438652485609055
-0.10997083783149719,0.029903622344136238,-0.10997089743614197,0.03496244549751282
-0.10997089743614197,0.03496244549751282,-0.10488886386156082,0.029885606840252876
-0.10488886386156082,0.029885606840252876,-0.10997083783149719,0.029903622344136238
-0.10997089743614197,0.03496244549751282,-0.10487419366836548,0.0349474772810936
-0.10487419366836548,0.0349474772810936,-0.10488886386156082,0.029885606840252876
-0.09108195453882217,0.02993241511285305,-0.08988561481237411,0.03996647894382477
-0.08988561481237411,0.03996647894382477,-0.0899507999420166,0.02994074858725071
-0.09108195453882217,0.02993241511285305,-0.09260722994804382,0.039966825395822525
-0.09260722994804382,0.039966825395822525,-0.08988561481237411,0.03996647894382477
-0.09108195453882217,0.02993241511285305,-0.09857680648565292,0.029877206310629845
-0.09857680648565292,0.029877206310629845,-0.09260722994804382,0.039966825395822525
-0.09260722994804382,0.039966825395822525,-0.09108195453882217,0.02993241511285305
-0.09857680648565292,0.029877206310629845,-0.09850221127271652,0.039967577904462814
-0.09850221127271652,0.039967577904462814,-0.09260722994804382,0.039966825395822525
-0.09857680648565292,0.029877206310629845,-0.09975237399339676,0.0349339134991169
-0.09975237399339676,0.0349339134991169,-0.09850221127271652,0.039967577904462814
-0.0899507999420166,0.02994074858725071,-0.08988561481237411,0.03996647894382477
-0.08988561481237411,0.03996647894382477,-0.0799994021654129,0.029973827302455902
-0.0799994021654129,0.029973827302455902,-0.0899507999420166,0.02994074858725071
-0.08988561481237411,0.03996647894382477,-0.07996877282857895,0.03997654840350151
-0.07996877282857895,0.03997654840350151,-0.0799994021654129,0.029973827302455902
-0.07996877282857895,0.03997654840350151,-0.07001205533742905,0.029988227412104607
-0.07001205533742905,0.029988227412104607,-0.0799994021654129,0.029973827302455902
-0.07996877282857895,0.03997654840350151,-0.07000911235809326,0.03998613730072975
-0.07000911235809326,0.03998613730072975,-0.07001205533742905,0.029988227412104607
-0.07000911235809326,0.03998613730072975,-0.06842762231826782,0.03998710960149765
-0.06842762231826782,0.03998710960149765,-0.07001205533742905,0.029988227412104607
-0.06532690674066544,0.029991213232278824,-0.07001205533742905,0.029988227412104607
-0.06842762231826782,0.03998710960149765,-0.06532690674066544,0.029991213232278824
-0.06842762231826782,0.03998710960149765,-0.06001322343945503,0.029994601383805275
-0.06001322343945503,0.029994601383805275,-0.06532690674066544,0.029991213232278824
-0.06002030894160271,0.03999227657914162,-0.06001322343945503,0.029994601383805275
-0.06842762231826782,0.03998710960149765,-0.06002030894160271,0.03999227657914162
-0.06002030894160271,0.03999227657914162,-0.05001112073659897,0.029997600242495537
-0.05001112073659897,0.029997600242495537,-0.06001322343945503,0.029994601383805275
-0.06002030894160271,0.03999227657914162,-0.05002008005976677,0.03999592736363411
-0.05002008005976677,0.03999592736363411,-0.05001112073659897,0.029997600242495537
-0.05002008005976677,0.03999592736363411,-0.04000839963555336,0.029999107122421265
-0.04000839963555336,0.029999107122421265,-0.05001112073659897,0.029997600242495537
-0.05002008005976677,0.03999592736363411,-0.04001624137163162,0.03999806195497513
-0.04001624137163162,0.03999806195497513,-0.04000839963555336,0.029999107122421265
-0.04001624137163162,0.03999806195497513,-0.030005857348442078,0.029999904334545135
-0.030005857348442078,0.029999904334545135,-0.04000839963555336,0.029999107122421265
-0.04001624137163162,0.03999806195497513,-0.0300117377191782,0.03999931365251541
-0.0300117377191782,0.03999931365251541,-0.030005857348442078,0.029999904334545135
-0.0300117377191782,0.03999931365251541,-0.020003657788038254,0.030000334605574608
-0.020003657788038254,0.030000334605574608,-0.030005857348442078,0.029999904334545135
-0.0300117377191782,0.03999931365251541,-0.020007474347949028,0.040000032633543015
-0.020007474347949028,0.040000032633543015,-0.020003657788038254,0.030000334605574608
-0.020007474347949028,0.040000032633543015,-0.010001735761761665,0.03000055067241192
-0.010001735761761665,0.03000055067241192,-0.020003657788038254,0.030000334605574608
-0.020007474347949028,0.040000032633543015,-0.010003584437072277,0.04000040516257286
-0.010003584437072277,0.04000040516257286,-0.010001735761761665,0.03000055067241192
-0.010003584437072277,0.04000040516257286,4.138160036859517e-08,0.03000061772763729
4.138160036859517e-08,0.03000061772763729,-0.010001735761761665,0.03000055067241192
-0.010003584437072277,0.04000040516257286,8.09059841344606e-08,0.04000052437186241
8.09059841344606e-08,0.04000052437186241,4.138160036859517e-08,0.03000061772763729
8.09059841344606e-08,0.04000052437186241,0.010001827031373978,0.030000552535057068
0.010001827031373978,0.030000552535057068,4.138160036859517e-08,0.03000061772763729
8.09059841344606e-08,0.04000052437186241,0.01000376045703888,0.04000040888786316
0.01000376045703888,0.04000040888786316,0.010001827031373978,0.030000552535057068
0.01000376045703888,0.04000040888786316,0.020003771409392357,0.030000338330864906
0.020003771409392357,0.030000338330864906,0.010001827031373978,0.030000552535057068
0.01000376045703888,0.04000040888786316,0.02000769041478634,0.04000003635883331
0.02000769041478634,0.04000003635883331,0.020003771409392357,0.030000338330864906
0.02000769041478634,0.04000003635883331,0.030006006360054016,0.029999909922480583
0.030006006360054016,0.029999909922480583,0.020003771409392357,0.030000338330864906
0.02000769041478634,0.04000003635883331,0.030012013390660286,0.03999931365251541
0.030012013390660286,0.03999931365251541,0.030006006360054016,0.029999909922480583
0.030012013390660286,0.03999931365251541,0.04000859335064888,0.02999911457300186
0.04000859335064888,0.02999911457300186,0.030006006360054016,0.029999909922480583
0.030012013390660286,0.03999931365251541,0.04001658409833908,0.03999805450439453
0.04001658409833908,0.03999805450439453,0.04000859335064888,0.02999911457300186
0.04001658409833908,0.03999805450439453,0.05001136660575867,0.029997628182172775
0.05001136660575867,0.029997628182172775,0.04000859335064888,0.02999911457300186
0.04001658409833908,0.03999805450439453,0.05002047121524811,0.03999593108892441
0.05002047121524811,0.03999593108892441,0.05001136660575867,0.029997628182172775
0.05002047121524811,0.03999593108892441,0.0600135512650013,0.029994718730449677
0.0600135512650013,0.029994718730449677,0.05001136660575867,0.029997628182172775
0.05002047121524811,0.03999593108892441,0.060020703822374344,0.039992354810237885
0.060020703822374344,0.039992354810237885,0.0600135512650013,0.029994718730449677
0.060020703822374344,0.039992354810237885,0.0700126364827156,0.02998863160610199
0.0700126364827156,0.02998863160610199,0.0600135512650013,0.029994718730449677
0.060020703822374344,0.039992354810237885,0.07000948488712311,0.039986446499824524
0.07000948488712311,0.039986446499824524,0.0700126364827156,0.02998863160610199
0.07000948488712311,0.039986446499824524,0.08000083267688751,0.029975108802318573
0.08000083267688751,0.029975108802318573,0.0700126364827156,0.02998863160610199
0.07000948488712311,0.039986446499824524,0.07996921241283417,0.03997739776968956
0.07996921241283417,0.03997739776968956,0.08000083267688751,0.029975108802318573
0.07996921241283417,0.03997739776968956,0.08995416760444641,0.02994462475180626
0.08995416760444641,0.02994462475180626,0.08000083267688751,0.029975108802318573
0.07996921241283417,0.03997739776968956,0.0898861214518547,0.03996808081865311
0.0898861214518547,0.03996808081865311,0.08995416760444641,0.02994462475180626
0.09127403050661087,0.02993573248386383,0.0929354876279831,0.039968397468328476
0.0929354876279831,0.039968397468328476,0.09857996553182602,0.029886519536376
0.09857996553182602,0.029886519536376,0.09127403050661087,0.02993573248386383
0.0929354876279831,0.039968397468328476,0.09850255399942398,0.03996897116303444
0.09850255399942398,0.03996897116303444,0.09857996553182602,0.029886519536376
0.09975342452526093,0.034939657896757126,0.09857996553182602,0.029886519536376
0.09850255399942398,0.03996897116303444,0.09975342452526093,0.034939657896757126
0.0929354876279831,0.039968397468328476,0.09127403050661087,0.02993573248386383
0.09127403050661087,0.02993573248386383,0.0898861214518547,0.03996808081865311
0.0898861214518547,0.03996808081865311,0.0929354876279831,0.039968397468328476
0.08995416760444641,0.02994462475180626,0.0898861214518547,0.03996808081865311
-0.10997093468904495,0.04000058025121689,-0.10997091978788376,0.04499708488583565
-0.10997091978788376,0.04499708488583565,-0.10487052798271179,0.03998241946101189
-0.10487052798271179,0.03998241946101189,-0.10997093468904495,0.04000058025121689
-0.10997091978788376,0.04499708488583565,-0.10486696660518646,0.044992584735155106
-0.10486696660518646,0.044992584735155106,-0.10487052798271179,0.03998241946101189
-0.0898624137043953,0.04998476058244705,-0.09849141538143158,0.04999280720949173
-0.09849141538143158,0.04999280720949173,-0.08988561481237411,0.03996647894382477
-0.08988561481237411,0.03996647894382477,-0.0898624137043953,0.04998476058244705
-0.09849141538143158,0.04999280720949173,-0.09973043203353882,0.04498555511236191
-0.09973043203353882,0.04498555511236191,-0.08988561481237411,0.03996647894382477
-0.09973043203353882,0.04498555511236191,-0.09260722994804382,0.039966825395822525
-0.09973043203353882,0.04498555511236191,-0.09972232580184937,0.044952455908060074
-0.09972232580184937,0.044952455908060074,-0.09260722994804382,0.039966825395822525
-0.09850221127271652,0.039967577904462814,-0.09260722994804382,0.039966825395822525
-0.09260722994804382,0.039966825395822525,-0.09972232580184937,0.044952455908060074
-0.09972232580184937,0.044952455908060074,-0.09850221127271652,0.039967577904462814
-0.08988561481237411,0.03996647894382477,-0.0898624137043953,0.04998476058244705
-0.0898624137043953,0.04998476058244705,-0.07996877282857895,0.03997654840350151
-0.0898624137043953,0.04998476058244705,-0.07995077967643738,0.04998500645160675
-0.07995077967643738,0.04998500645160675,-0.07996877282857895,0.03997654840350151
-0.07995077967643738,0.04998500645160675,-0.07000911235809326,0.03998613730072975
-0.07995077967643738,0.04998500645160675,-0.07000433653593063,0.049988534301519394
-0.07000433653593063,0.049988534301519394,-0.07000911235809326,0.03998613730072975
-0.07000433653593063,0.049988534301519394,-0.06974773108959198,0.049988631159067154
-0.06974773108959198,0.049988631159067154,-0.07000911235809326,0.03998613730072975
-0.06974773108959198,0.049988631159067154,-0.06842762231826782,0.03998710960149765
-0.06974773108959198,0.049988631159067154,-0.06002030894160271,0.03999227657914162
-0.06002495810389519,0.04999234899878502,-0.06002030894160271,0.03999227657914162
-0.06974773108959198,0.049988631159067154,-0.06002495810389519,0.04999234899878502
-0.06002495810389519,0.04999234899878502,-0.05002008005976677,0.03999592736363411
-0.06002495810389519,0.04999234899878502,-0.05002770572900772,0.04999528080224991
-0.05002770572900772,0.04999528080224991,-0.05002008005976677,0.03999592736363411
-0.05002770572900772,0.04999528080224991,-0.04001624137163162,0.03999806195497513
-0.05002770572900772,0.04999528080224991,-0.04002366214990616,0.04999731108546257
-0.04002366214990616,0.04999731108546257,-0.04001624137163162,0.03999806195497513
-0.04002366214990616,0.04999731108546257,-0.0300117377191782,0.03999931365251541
-0.04002366214990616,0.04999731108546257,-0.030017655342817307,0.04999864473938942
-0.030017655342817307,0.04999864473938942,-0.0300117377191782,0.03999931365251541
-0.030017655342817307,0.04999864473938942,-0.020007474347949028,0.040000032633543015
-0.030017655342817307,0.04999864473938942,-0.02001146227121353,0.04999946802854538
-0.02001146227121353,0.04999946802854538,-0.020007474347949028,0.040000032633543015
-0.02001146227121353,0.04999946802854538,-0.010003584437072277,0.04000040516257286
-0.02001146227121353,0.04999946802854538,-0.010005557909607887,0.049999918788671494
-0.010005557909607887,0.049999918788671494,-0.010003584437072277,0.04000040516257286
-0.010005557909607887,0.049999918788671494,8.09059841344606e-08,0.04000052437186241
-0.010005557909607887,0.049999918788671494,1.1755032147675593e-07,0.050000060349702835
1.1755032147675593e-07,0.050000060349702835,8.09059841344606e-08,0.04000052437186241
1.1755032147675593e-07,0.050000060349702835,0.01000376045703888,0.04000040888786316
1.1755032147675593e-07,0.050000060349702835,0.010005811229348183,0.049999915063381195
0.010005811229348183,0.049999915063381195,0.01000376045703888,0.04000040888786316
0.010005811229348183,0.049999915063381195,0.02000769041478634,0.04000003635883331
0.010005811229348183,0.049999915063381195,0.020011765882372856,0.049999456852674484
0.020011765882372856,0.049999456852674484,0.02000769041478634,0.04000003635883331
0.020011765882372856,0.049999456852674484,0.030012013390660286,0.03999931365251541
0.020011765882372856,0.049999456852674484,0.030018027871847153,0.04999861493706703
0.030018027871847153,0.04999861493706703,0.030012013390660286,0.03999931365251541
0.030018027871847153,0.04999861493706703,0.04001658409833908,0.03999805450439453
0.030018027871847153,0.04999861493706703,0.04002409055829048,0.049997251480817795
0.04002409055829048,0.049997251480817795,0.04001658409833908,0.03999805450439453
0.04002409055829048,0.049997251480817795,0.05002047121524811,0.03999593108892441
0.04002409055829048,0.049997251480817795,0.05002811551094055,0.04999518394470215
0.05002811551094055,0.04999518394470215,0.05002047121524811,0.03999593108892441
0.05002811551094055,0.04999518394470215,0.060020703822374344,0.039992354810237885
0.05002811551094055,0.04999518394470215,0.06002520024776459,0.04999223351478577
0.06002520024776459,0.04999223351478577,0.060020703822374344,0.039992354810237885
0.06002520024776459,0.04999223351478577,0.07000948488712311,0.039986446499824524
0.06002520024776459,0.04999223351478577,0.07000419497489929,0.049988459795713425
0.07000419497489929,0.049988459795713425,0.07000948488712311,0.039986446499824524
0.07000419497489929,0.049988459795713425,0.07996921241283417,0.03997739776968956
0.07000419497489929,0.049988459795713425,0.07995004951953888,0.049985047429800034
0.07995004951953888,0.049985047429800034,0.07996921241283417,0.03997739776968956
0.07995004951953888,0.049985047429800034,0.0898861214518547,0.03996808081865311
0.07995004951953888,0.049985047429800034,0.08986121416091919,0.04998483881354332
0.08986121416091919,0.04998483881354332,0.0898861214518547,0.03996808081865311
0.09251110255718231,0.04998709633946419,0.09849098324775696,0.04999218508601189
0.09849098324775696,0.04999218508601189,0.0929354876279831,0.039968397468328476
0.0929354876279831,0.039968397468328476,0.09251110255718231,0.04998709633946419
0.09849098324775696,0.04999218508601189,0.09850255399942398,0.03996897116303444
0.09850255399942398,0.03996897116303444,0.0929354876279831,0.039968397468328476
0.09849098324775696,0.04999218508601189,0.09973038733005524,0.044985562562942505
0.09973038733005524,0.044985562562942505,0.09850255399942398,0.03996897116303444
0.0898861214518547,0.03996808081865311,0.09251110255718231,0.04998709633946419
0.0898861214518547,0.03996808081865311,0.08986121416091919,0.04998483881354332
0.08986121416091919,0.04998483881354332,0.09251110255718231,0.04998709633946419
-0.08985446393489838,0.059993479400873184,-0.0984889343380928,0.05999848619103432
-0.0984889343380928,0.05999848619103432,-0.0898624137043953,0.04998476058244705
-0.0898624137043953,0.04998476058244705,-0.08985446393489838,0.059993479400873184
-0.0984889343380928,0.05999848619103432,-0.09849141538143158,0.04999280720949173
-0.09849141538143158,0.04999280720949173,-0.0898624137043953,0.04998476058244705
-0.09972671419382095,0.05499747022986412,-0.09849141538143158,0.04999280720949173
-0.0984889343380928,0.05999848619103432,-0.09972671419382095,0.05499747022986412
-0.08033247292041779,0.05999164283275604,-0.0799439400434494,0.05959510803222656
-0.0799439400434494,0.05959510803222656,-0.07995077967643738,0.04998500645160675
-0.07995077967643738,0.04998500645160675,-0.08033247292041779,0.05999164283275604
-0.07995077967643738,0.04998500645160675,-0.08985446393489838,0.059993479400873184
-0.08985446393489838,0.059993479400873184,-0.08033247292041779,0.05999164283275604
-0.0898624137043953,0.04998476058244705,-0.08985446393489838,0.059993479400873184
-0.08033247292041779,0.05999164283275604,-0.07994365692138672,0.05999156832695007
-0.07994365692138672,0.05999156832695007,-0.0799439400434494,0.05959510803222656
-0.0799439400434494,0.05959510803222656,-0.07000428438186646,0.0502195842564106
-0.07000428438186646,0.0502195842564106,-0.07000433653593063,0.049988534301519394
-0.07000433653593063,0.049988534301519394,-0.0799439400434494,0.05959510803222656
-0.07000204175710678,0.059992093592882156,-0.0799439400434494,0.05959510803222656
-0.07994365692138672,0.05999156832695007,-0.07000204175710678,0.059992093592882156
-0.07000204175710678,0.059992093592882156,-0.07000428438186646,0.0502195842564106
-0.07000428438186646,0.0502195842564106,-0.06974773108959198,0.049988631159067154
-0.07000428438186646,0.0502195842564106,-0.06002495810389519,0.04999234899878502
-0.07000204175710678,0.059992093592882156,-0.06002495810389519,0.04999234899878502
-0.07000204175710678,0.059992093592882156,-0.06002790853381157,0.05999370291829109
-0.06002790853381157,0.05999370291829109,-0.06002495810389519,0.04999234899878502
-0.06002790853381157,0.05999370291829109,-0.05002770572900772,0.04999528080224991
-0.06002790853381157,0.05999370291829109,-0.05003361403942108,0.05999549478292465
-0.05003361403942108,0.05999549478292465,-0.05002770572900772,0.04999528080224991
-0.05003361403942108,0.05999549478292465,-0.04002366214990616,0.04999731108546257
-0.05003361403942108,0.05999549478292465,-0.04002988710999489,0.059996992349624634
-0.04002988710999489,0.059996992349624634,-0.04002366214990616,0.04999731108546257
-0.04002988710999489,0.059996992349624634,-0.030017655342817307,0.04999864473938942
-0.04002988710999489,0.059996992349624634,-0.030022868886590004,0.059998106211423874
-0.030022868886590004,0.059998106211423874,-0.030017655342817307,0.04999864473938942
-0.030022868886590004,0.059998106211423874,-0.02001146227121353,0.04999946802854538
-0.030022868886590004,0.059998106211423874,-0.020015090703964233,0.059998854994773865
-0.020015090703964233,0.059998854994773865,-0.02001146227121353,0.04999946802854538
-0.020015090703964233,0.059998854994773865,-0.010005557909607887,0.049999918788671494
-0.020015090703964233,0.059998854994773865,-0.01000739075243473,0.05999928340315819
-0.01000739075243473,0.05999928340315819,-0.010005557909607887,0.049999918788671494
-0.01000739075243473,0.05999928340315819,1.1755032147675593e-07,0.050000060349702835
-0.01000739075243473,0.05999928340315819,1.4355924804476672e-07,0.05999941751360893
1.4355924804476672e-07,0.05999941751360893,1.1755032147675593e-07,0.050000060349702835
1.4355924804476672e-07,0.05999941751360893,0.010005811229348183,0.049999915063381195
1.4355924804476672e-07,0.05999941751360893,0.010007697157561779,0.05999927222728729
0.010007697157561779,0.05999927222728729,0.010005811229348183,0.049999915063381195
0.010007697157561779,0.05999927222728729,0.020011765882372856,0.049999456852674484
0.010007697157561779,0.05999927222728729,0.020015448331832886,0.05999882146716118
0.020015448331832886,0.05999882146716118,0.020011765882372856,0.049999456852674484
0.020015448331832886,0.05999882146716118,0.030018027871847153,0.04999861493706703
0.020015448331832886,0.05999882146716118,0.03002328798174858,0.05999802425503731
0.03002328798174858,0.05999802425503731,0.030018027871847153,0.04999861493706703
0.03002328798174858,0.05999802425503731,0.04002409055829048,0.049997251480817795
0.03002328798174858,0.05999802425503731,0.040030330419540405,0.0599968358874321
0.040030330419540405,0.0599968358874321,0.04002409055829048,0.049997251480817795
0.040030330419540405,0.0599968358874321,0.05002811551094055,0.04999518394470215
0.040030330419540405,0.0599968358874321,0.05003395304083824,0.059995222836732864
0.05003395304083824,0.059995222836732864,0.05002811551094055,0.04999518394470215
0.05003395304083824,0.059995222836732864,0.06002520024776459,0.04999223351478577
0.05003395304083824,0.059995222836732864,0.06002788990736008,0.05999328941106796
0.06002788990736008,0.05999328941106796,0.06002520024776459,0.04999223351478577
0.06002788990736008,0.05999328941106796,0.07000419497489929,0.049988459795713425
0.06002788990736008,0.05999328941106796,0.07000143826007843,0.05999153479933739
0.07000143826007843,0.05999153479933739,0.07000419497489929,0.049988459795713425
0.07000143826007843,0.05999153479933739,0.07995004951953888,0.049985047429800034
0.07000143826007843,0.05999153479933739,0.07994229346513748,0.05999091640114784
0.07994229346513748,0.05999091640114784,0.07995004951953888,0.049985047429800034
0.07994229346513748,0.05999091640114784,0.08986121416091919,0.04998483881354332
0.07994229346513748,0.05999091640114784,0.08985259383916855,0.05999276787042618
0.08985259383916855,0.05999276787042618,0.08986121416091919,0.04998483881354332
0.09251110255718231,0.04998709633946419,0.09849098324775696,0.04999218508601189
0.09849098324775696,0.04999218508601189,0.09377330541610718,0.059995029121637344
0.09377330541610718,0.059995029121637344,0.09251110255718231,0.04998709633946419
0.09848790615797043,0.05999774858355522,0.09377330541610718,0.059995029121637344
0.09377330541610718,0.059995029121637344,0.0997258648276329,0.05499618873000145
0.0997258648276329,0.05499618873000145,0.09848790615797043,0.05999774858355522
0.09849098324775696,0.04999218508601189,0.0997258648276329,0.05499618873000145
0.09251110255718231,0.04998709633946419,0.08985259383916855,0.05999276787042618
0.08985259383916855,0.05999276787042618,0.09377330541610718,0.059995029121637344
0.08986121416091919,0.04998483881354332,0.08985259383916855,0.05999276787042618
-0.10997098684310913,0.060001615434885025,-0.10997100174427032,0.061605773866176605
-0.10997100174427032,0.061605773866176605,-0.10820421576499939,0.06000114232301712
-0.10820421576499939,0.06000114232301712,-0.10997098684310913,0.060001615434885025
-0.08985446393489838,0.059993479400873184,-0.08985301107168198,0.06522233039140701
-0.08985301107168198,0.06522233039140701,-0.0984889343380928,0.05999848619103432
-0.0984889343380928,0.05999848619103432,-0.08985446393489838,0.059993479400873184
-0.08985301107168198,0.06522233039140701,-0.09972566366195679,0.06499964743852615
-0.09972566366195679,0.06499964743852615,-0.0984889343380928,0.05999848619103432
-0.08985301107168198,0.06522233039140701,-0.09257582575082779,0.0699978768825531
-0.09257582575082779,0.0699978768825531,-0.09972566366195679,0.06499964743852615
-0.09257582575082779,0.0699978768825531,-0.0984882116317749,0.06999947130680084
-0.0984882116317749,0.06999947130680084,-0.09972566366195679,0.06499964743852615
-0.08985168486833572,0.069997139275074,-0.08985301107168198,0.06522233039140701
-0.08985301107168198,0.06522233039140701,-0.09257582575082779,0.0699978768825531
-0.09257582575082779,0.0699978768825531,-0.08985168486833572,0.069997139275074
-0.08985446393489838,0.059993479400873184,-0.08985301107168198,0.06522233039140701
-0.08985301107168198,0.06522233039140701,-0.08033247292041779,0.05999164283275604
-0.08985301107168198,0.06522233039140701,-0.07994365692138672,0.05999156832695007
-0.08985301107168198,0.06522233039140701,-0.08985168486833572,0.069997139275074
-0.08985168486833572,0.069997139275074,-0.07994365692138672,0.05999156832695007
-0.08985168486833572,0.069997139275074,-0.07994095236063004,0.06999542564153671
-0.07994095236063004,0.06999542564153671,-0.07994365692138672,0.05999156832695007
-0.07994095236063004,0.06999542564153671,-0.07000204175710678,0.059992093592882156
-0.07994095236063004,0.06999542564153671,-0.0700015276670456,0.06999494135379791
-0.0700015276670456,0.06999494135379791,-0.07000204175710678,0.059992093592882156
-0.0700015276670456,0.06999494135379791,-0.06002790853381157,0.05999370291829109
-0.0700015276670456,0.06999494135379791,-0.06003027409315109,0.06999533623456955
-0.06003027409315109,0.06999533623456955,-0.06002790853381157,0.05999370291829109
-0.06003027409315109,0.06999533623456955,-0.05003361403942108,0.05999549478292465
-0.06003027409315109,0.06999533623456955,-0.050037991255521774,0.06999615579843521
-0.050037991255521774,0.06999615579843521,-0.05003361403942108,0.05999549478292465
-0.050037991255521774,0.06999615579843521,-0.04002988710999489,0.059996992349624634
-0.050037991255521774,0.06999615579843521,-0.04003479331731796,0.06999705731868744
-0.04003479331731796,0.06999705731868744,-0.04002988710999489,0.059996992349624634
-0.04003479331731796,0.06999705731868744,-0.030022868886590004,0.059998106211423874
-0.04003479331731796,0.06999705731868744,-0.03002714179456234,0.06999783217906952
-0.03002714179456234,0.06999783217906952,-0.030022868886590004,0.059998106211423874
-0.03002714179456234,0.06999783217906952,-0.020015090703964233,0.059998854994773865
-0.03002714179456234,0.06999783217906952,-0.020018145442008972,0.06999839842319489
-0.020018145442008972,0.06999839842319489,-0.020015090703964233,0.059998854994773865
-0.020018145442008972,0.06999839842319489,-0.01000739075243473,0.05999928340315819
-0.020018145442008972,0.06999839842319489,-0.010008960030972958,0.06999874114990234
-0.010008960030972958,0.06999874114990234,-0.01000739075243473,0.05999928340315819
-0.010008960030972958,0.06999874114990234,1.4355924804476672e-07,0.05999941751360893
-0.010008960030972958,0.06999874114990234,1.566930052376847e-07,0.0699988529086113
1.566930052376847e-07,0.0699988529086113,1.4355924804476672e-07,0.05999941751360893
1.566930052376847e-07,0.0699988529086113,0.010007697157561779,0.05999927222728729
1.566930052376847e-07,0.0699988529086113,0.01000929158180952,0.06999871879816055
0.01000929158180952,0.06999871879816055,0.010007697157561779,0.05999927222728729
0.01000929158180952,0.06999871879816055,0.020015448331832886,0.05999882146716118
0.01000929158180952,0.06999871879816055,0.020018525421619415,0.06999833136796951
0.020018525421619415,0.06999833136796951,0.020015448331832886,0.05999882146716118
0.020018525421619415,0.06999833136796951,0.03002328798174858,0.05999802425503731
0.020018525421619415,0.06999833136796951,0.03002757765352726,0.06999768316745758
0.03002757765352726,0.06999768316745758,0.03002328798174858,0.05999802425503731
0.03002757765352726,0.06999768316745758,0.040030330419540405,0.0599968358874321
0.03002757765352726,0.06999768316745758,0.04003523290157318,0.06999678164720535
0.04003523290157318,0.06999678164720535,0.040030330419540405,0.0599968358874321
0.04003523290157318,0.06999678164720535,0.05003395304083824,0.059995222836732864
0.04003523290157318,0.06999678164720535,0.05003828555345535,0.06999567896127701
0.05003828555345535,0.06999567896127701,0.05003395304083824,0.059995222836732864
0.05003828555345535,0.06999567896127701,0.06002788990736008,0.05999328941106796
0.05003828555345535,0.06999567896127701,0.06003013625741005,0.06999462097883224
0.06003013625741005,0.06999462097883224,0.06002788990736008,0.05999328941106796
0.06003013625741005,0.06999462097883224,0.07000143826007843,0.05999153479933739
0.06003013625741005,0.06999462097883224,0.07000081986188889,0.0699940025806427
0.07000081986188889,0.0699940025806427,0.07000143826007843,0.05999153479933739
0.07000081986188889,0.0699940025806427,0.07994229346513748,0.05999091640114784
0.07000081986188889,0.0699940025806427,0.0799395963549614,0.06999439001083374
0.0799395963549614,0.06999439001083374,0.07994229346513748,0.05999091640114784
0.0799395963549614,0.06999439001083374,0.08985259383916855,0.05999276787042618
0.0799395963549614,0.06999439001083374,0.08985008299350739,0.06999634951353073
0.08985008299350739,0.06999634951353073,0.08985259383916855,0.05999276787042618
0.09263792634010315,0.06999751925468445,0.0984877496957779,0.06999996304512024
0.0984877496957779,0.06999996304512024,0.09377330541610718,0.059995029121637344
0.09377330541610718,0.059995029121637344,0.09263792634010315,0.06999751925468445
0.09848790615797043,0.05999774858355522,0.09377330541610718,0.059995029121637344
0.09377330541610718,0.059995029121637344,0.09972512722015381,0.06499975919723511
0.09972512722015381,0.06499975919723511,0.09848790615797043,0.05999774858355522
0.0984877496957779,0.06999996304512024,0.09972512722015381,0.06499975919723511
0.08985259383916855,0.05999276787042618,0.09263792634010315,0.06999751925468445
0.08985259383916855,0.05999276787042618,0.08985008299350739,0.06999634951353073
0.08985008299350739,0.06999634951353073,0.09263792634010315,0.06999751925468445
-0.09257582575082779,0.0699978768825531,-0.0984882116317749,0.06999947130680084
-0.0984882116317749,0.06999947130680084,-0.0953877866268158,0.08000005781650543
-0.0953877866268158,0.08000005781650543,-0.09257582575082779,0.0699978768825531
-0.09848764538764954,0.08000072091817856,-0.0953877866268158,0.08000005781650543
-0.0953877866268158,0.08000005781650543,-0.0997254028916359,0.07500028610229492
-0.0997254028916359,0.07500028610229492,-0.09848764538764954,0.08000072091817856
-0.0984882116317749,0.06999947130680084,-0.0997254028916359,0.07500028610229492
-0.08985033631324768,0.07999886572360992,-0.08985168486833572,0.069997139275074
-0.09257582575082779,0.0699978768825531,-0.08985033631324768,0.07999886572360992
-0.09257582575082779,0.0699978768825531,-0.0953877866268158,0.08000005781650543
-0.0953877866268158,0.08000005781650543,-0.08985033631324768,0.07999886572360992
-0.08985033631324768,0.07999886572360992,-0.07994095236063004,0.06999542564153671
-0.08985033631324768,0.07999886572360992,-0.07993969321250916,0.07999757677316666
-0.07993969321250916,0.07999757677316666,-0.07994095236063004,0.06999542564153671
-0.07993969321250916,0.07999757677316666,-0.0700015276670456,0.06999494135379791
-0.07993969321250916,0.07999757677316666,-0.07000139355659485,0.07999688386917114
-0.07000139355659485,0.07999688386917114,-0.0700015276670456,0.06999494135379791
-0.07000139355659485,0.07999688386917114,-0.06003027409315109,0.06999533623456955
-0.07000139355659485,0.07999688386917114,-0.06003181263804436,0.0799967423081398
-0.06003181263804436,0.0799967423081398,-0.06003027409315109,0.06999533623456955
-0.06003181263804436,0.0799967423081398,-0.050037991255521774,0.06999615579843521
-0.06003181263804436,0.0799967423081398,-0.05004112422466278,0.0799969807267189
-0.05004112422466278,0.0799969807267189,-0.050037991255521774,0.06999615579843521
-0.05004112422466278,0.0799969807267189,-0.04003479331731796,0.06999705731868744
-0.05004112422466278,0.0799969807267189,-0.0400385744869709,0.07999739795923233
-0.0400385744869709,0.07999739795923233,-0.04003479331731796,0.06999705731868744
-0.0400385744869709,0.07999739795923233,-0.03002714179456234,0.06999783217906952
-0.0400385744869709,0.07999739795923233,-0.030030539259314537,0.07999784499406815
-0.030030539259314537,0.07999784499406815,-0.03002714179456234,0.06999783217906952
-0.030030539259314537,0.07999784499406815,-0.020018145442008972,0.06999839842319489
-0.030030539259314537,0.07999784499406815,-0.02002062276005745,0.0799982100725174
-0.02002062276005745,0.0799982100725174,-0.020018145442008972,0.06999839842319489
-0.02002062276005745,0.0799982100725174,-0.010008960030972958,0.06999874114990234
-0.02002062276005745,0.0799982100725174,-0.01001025177538395,0.0799984484910965
-0.01001025177538395,0.0799984484910965,-0.010008960030972958,0.06999874114990234
-0.01001025177538395,0.0799984484910965,1.566930052376847e-07,0.0699988529086113
-0.01001025177538395,0.0799984484910965,1.5801919062141678e-07,0.07999851554632187
1.5801919062141678e-07,0.07999851554632187,1.566930052376847e-07,0.0699988529086113
1.5801919062141678e-07,0.07999851554632187,0.01000929158180952,0.06999871879816055
1.5801919062141678e-07,0.07999851554632187,0.01001058705151081,0.07999839633703232
0.01001058705151081,0.07999839633703232,0.01000929158180952,0.06999871879816055
0.01001058705151081,0.07999839633703232,0.020018525421619415,0.06999833136796951
0.01001058705151081,0.07999839633703232,0.02002100646495819,0.07999809831380844
0.02002100646495819,0.07999809831380844,0.020018525421619415,0.06999833136796951
0.02002100646495819,0.07999809831380844,0.03002757765352726,0.06999768316745758
0.02002100646495819,0.07999809831380844,0.030030976980924606,0.07999761402606964
0.030030976980924606,0.07999761402606964,0.03002757765352726,0.06999768316745758
0.030030976980924606,0.07999761402606964,0.04003523290157318,0.06999678164720535
0.030030976980924606,0.07999761402606964,0.04003902152180672,0.0799969881772995
0.04003902152180672,0.0799969881772995,0.04003523290157318,0.06999678164720535
0.04003902152180672,0.0799969881772995,0.05003828555345535,0.06999567896127701
0.04003902152180672,0.0799969881772995,0.050041425973176956,0.07999631017446518
0.050041425973176956,0.07999631017446518,0.05003828555345535,0.06999567896127701
0.050041425973176956,0.07999631017446518,0.06003013625741005,0.06999462097883224
0.050041425973176956,0.07999631017446518,0.060031708329916,0.0799957737326622
0.060031708329916,0.0799957737326622,0.06003013625741005,0.06999462097883224
0.060031708329916,0.0799957737326622,0.07000081986188889,0.0699940025806427
0.060031708329916,0.0799957737326622,0.0700007975101471,0.07999563217163086
0.0700007975101471,0.07999563217163086,0.07000081986188889,0.0699940025806427
0.0700007975101471,0.07999563217163086,0.0799395963549614,0.06999439001083374
0.0700007975101471,0.07999563217163086,0.07993855327367783,0.07999622821807861
0.07993855327367783,0.07999622821807861,0.0799395963549614,0.06999439001083374
0.07993855327367783,0.07999622821807861,0.08985008299350739,0.06999634951353073
0.07993855327367783,0.07999622821807861,0.08984902501106262,0.07999783754348755
0.08984902501106262,0.07999783754348755,0.08985008299350739,0.06999634951353073
0.09972492605447769,0.07500024139881134,0.0984877496957779,0.06999996304512024
0.0984877496957779,0.06999996304512024,0.09891866147518158,0.07825636118650436
0.09891866147518158,0.07825636118650436,0.09972492605447769,0.07500024139881134
0.0984877496957779,0.06999996304512024,0.09263792634010315,0.06999751925468445
0.09263792634010315,0.06999751925468445,0.09891866147518158,0.07825636118650436
0.08984902501106262,0.07999783754348755,0.08985008299350739,0.06999634951353073
0.08985008299350739,0.06999634951353073,0.09848707169294357,0.08000042289495468
0.09848707169294357,0.08000042289495468,0.08984902501106262,0.07999783754348755
0.09263792634010315,0.06999751925468445,0.09848707169294357,0.08000042289495468
0.09891866147518158,0.07825636118650436,0.09848707169294357,0.08000042289495468
-0.10486496239900589,0.08500146865844727,-0.10997100174427032,0.08378387242555618
-0.10997100174427032,0.08378387242555618,-0.10997094213962555,0.08500247448682785
-0.10997094213962555,0.08500247448682785,-0.10486496239900589,0.08500146865844727
-0.10486500710248947,0.08482556790113449,-0.10997100174427032,0.08378387242555618
-0.10486496239900589,0.08500146865844727,-0.10486500710248947,0.08482556790113449
-0.09848764538764954,0.08000072091817856,-0.0953877866268158,0.08000005781650543
-0.0953877866268158,0.08000005781650543,-0.09934665262699127,0.0834731012582779
-0.09934665262699127,0.0834731012582779,-0.09848764538764954,0.08000072091817856
-0.08984940499067307,0.08999965339899063,-0.08985033631324768,0.07999886572360992
-0.08985033631324768,0.07999886572360992,-0.09848745167255402,0.09000048041343689
-0.09848745167255402,0.09000048041343689,-0.08984940499067307,0.08999965339899063
-0.0953877866268158,0.08000005781650543,-0.09848745167255402,0.09000048041343689
-0.0953877866268158,0.08000005781650543,-0.09934665262699127,0.0834731012582779
-0.09934665262699127,0.0834731012582779,-0.09848745167255402,0.09000048041343689
-0.09934665262699127,0.0834731012582779,-0.09972473233938217,0.08500076830387115
-0.09972473233938217,0.08500076830387115,-0.09848745167255402,0.09000048041343689
-0.08985033631324768,0.07999886572360992,-0.08984940499067307,0.08999965339899063
-0.08984940499067307,0.08999965339899063,-0.07993969321250916,0.07999757677316666
-0.08984940499067307,0.08999965339899063,-0.07993883639574051,0.08999882638454437
-0.07993883639574051,0.08999882638454437,-0.07993969321250916,0.07999757677316666
-0.07993883639574051,0.08999882638454437,-0.07000139355659485,0.07999688386917114
-0.07993883639574051,0.08999882638454437,-0.07000118494033813,0.08999818563461304
-0.07000118494033813,0.08999818563461304,-0.07000139355659485,0.07999688386917114
-0.07000118494033813,0.08999818563461304,-0.06003181263804436,0.0799967423081398
-0.07000118494033813,0.08999818563461304,-0.060032594949007034,0.08999784290790558
-0.060032594949007034,0.08999784290790558,-0.06003181263804436,0.0799967423081398
-0.060032594949007034,0.08999784290790558,-0.05004112422466278,0.0799969807267189
-0.060032594949007034,0.08999784290790558,-0.05004293471574783,0.08999776840209961
-0.05004293471574783,0.08999776840209961,-0.05004112422466278,0.0799969807267189
-0.05004293471574783,0.08999776840209961,-0.0400385744869709,0.07999739795923233
-0.05004293471574783,0.08999776840209961,-0.040041230618953705,0.08999788761138916
-0.040041230618953705,0.08999788761138916,-0.0400385744869709,0.07999739795923233
-0.040041230618953705,0.08999788761138916,-0.030030539259314537,0.07999784499406815
-0.040041230618953705,0.08999788761138916,-0.030033258721232414,0.08999808132648468
-0.030033258721232414,0.08999808132648468,-0.030030539259314537,0.07999784499406815
-0.030033258721232414,0.08999808132648468,-0.02002062276005745,0.0799982100725174
-0.030033258721232414,0.08999808132648468,-0.02002263255417347,0.0899982824921608
-0.02002263255417347,0.0899982824921608,-0.02002062276005745,0.0799982100725174
-0.02002263255417347,0.0899982824921608,-0.01001025177538395,0.0799984484910965
-0.02002263255417347,0.0899982824921608,-0.010011312551796436,0.08999840915203094
-0.010011312551796436,0.08999840915203094,-0.01001025177538395,0.0799984484910965
-0.010011312551796436,0.08999840915203094,1.5801919062141678e-07,0.07999851554632187
-0.010011312551796436,0.08999840915203094,1.4924975744179392e-07,0.08999843895435333
1.4924975744179392e-07,0.08999843895435333,1.5801919062141678e-07,0.07999851554632187
1.4924975744179392e-07,0.08999843895435333,0.01001058705151081,0.07999839633703232
1.4924975744179392e-07,0.08999843895435333,0.010011631064116955,0.08999834954738617
0.010011631064116955,0.08999834954738617,0.01001058705151081,0.07999839633703232
0.010011631064116955,0.08999834954738617,0.02002100646495819,0.07999809831380844
0.010011631064116955,0.08999834954738617,0.020023005083203316,0.08999812602996826
0.020023005083203316,0.08999812602996826,0.02002100646495819,0.07999809831380844
0.020023005083203316,0.08999812602996826,0.030030976980924606,0.07999761402606964
0.020023005083203316,0.08999812602996826,0.030033690854907036,0.0899977907538414
0.030033690854907036,0.0899977907538414,0.030030976980924606,0.07999761402606964
0.030033690854907036,0.0899977907538414,0.04003902152180672,0.0799969881772995
0.030033690854907036,0.0899977907538414,0.040041711181402206,0.08999737352132797
0.040041711181402206,0.08999737352132797,0.04003902152180672,0.0799969881772995
0.040041711181402206,0.08999737352132797,0.050041425973176956,0.07999631017446518
0.040041711181402206,0.08999737352132797,0.05004332214593887,0.08999697118997574
0.05004332214593887,0.08999697118997574,0.050041425973176956,0.07999631017446518
0.05004332214593887,0.08999697118997574,0.060031708329916,0.0799957737326622
0.05004332214593887,0.08999697118997574,0.06003264710307121,0.08999668061733246
0.06003264710307121,0.08999668061733246,0.060031708329916,0.0799957737326622
0.06003264710307121,0.08999668061733246,0.0700007975101471,0.07999563217163086
0.06003264710307121,0.08999668061733246,0.07000081241130829,0.08999668061733246
0.07000081241130829,0.08999668061733246,0.0700007975101471,0.07999563217163086
0.07000081241130829,0.08999668061733246,0.07993855327367783,0.07999622821807861
0.07000081241130829,0.08999668061733246,0.07993794232606888,0.08999720215797424
0.07993794232606888,0.08999720215797424,0.07993855327367783,0.07999622821807861
0.07993794232606888,0.08999720215797424,0.08984902501106262,0.07999783754348755
0.07993794232606888,0.08999720215797424,0.08984822034835815,0.08999846875667572
0.08984822034835815,0.08999846875667572,0.08984902501106262,0.07999783754348755
0.08984902501106262,0.07999783754348755,0.08984822034835815,0.08999846875667572
0.08984822034835815,0.08999846875667572,0.09848707169294357,0.08000042289495468
0.09848707169294357,0.08000042289495468,0.08984902501106262,0.07999783754348755
0.08984822034835815,0.08999846875667572,0.09848669916391373,0.09000059962272644
0.09848669916391373,0.09000059962272644,0.09848707169294357,0.08000042289495468
0.09848669916391373,0.09000059962272644,0.09972424060106277,0.08500074595212936
0.09972424060106277,0.08500074595212936,0.09848707169294357,0.08000042289495468
0.09972424060106277,0.08500074595212936,0.10486477613449097,0.08500129729509354
0.10486477613449097,0.08500129729509354,0.09848707169294357,0.08000042289495468
0.10486477613449097,0.08500129729509354,0.10486621409654617,0.08000126481056213
0.10486621409654617,0.08000126481056213,0.09848707169294357,0.08000042289495468
-0.10997100174427032,0.09060843288898468,-0.1048661544919014,0.09000074118375778
-0.1048661544919014,0.09000074118375778,-0.1069348156452179,0.09000077843666077
-0.1069348156452179,0.09000077843666077,-0.10997100174427032,0.09060843288898468
-0.10997100174427032,0.09060843288898468,-0.1099708080291748,0.09500020742416382
-0.1099708080291748,0.09500020742416382,-0.1048661544919014,0.09000074118375778
-0.1099708080291748,0.09500020742416382,-0.10486473888158798,0.0950004830956459
-0.10486473888158798,0.0950004830956459,-0.1048661544919014,0.09000074118375778
-0.08984851837158203,0.10000012814998627,-0.08984940499067307,0.08999965339899063
-0.08984940499067307,0.08999965339899063,-0.09848761558532715,0.1000002771615982
-0.09848761558532715,0.1000002771615982,-0.08984851837158203,0.10000012814998627
-0.08984940499067307,0.08999965339899063,-0.09848745167255402,0.09000048041343689
-0.09848745167255402,0.09000048041343689,-0.09848761558532715,0.1000002771615982
-0.09848745167255402,0.09000048041343689,-0.09972503781318665,0.0950004979968071
-0.09972503781318665,0.0950004979968071,-0.09848761558532715,0.1000002771615982
-0.08984940499067307,0.08999965339899063,-0.08984851837158203,0.10000012814998627
-0.08984851837158203,0.10000012814998627,-0.07993883639574051,0.08999882638454437
-0.08984851837158203,0.10000012814998627,-0.07993803918361664,0.09999959915876389
-0.07993803918361664,0.09999959915876389,-0.07993883639574051,0.08999882638454437
-0.07993803918361664,0.09999959915876389,-0.07000118494033813,0.08999818563461304
-0.07993803918361664,0.09999959915876389,-0.07000083476305008,0.09999904036521912
-0.07000083476305008,0.09999904036521912,-0.07000118494033813,0.08999818563461304
-0.07000083476305008,0.09999904036521912,-0.060032594949007034,0.08999784290790558
-0.07000083476305008,0.09999904036521912,-0.06003287434577942,0.09999864548444748
-0.06003287434577942,0.09999864548444748,-0.060032594949007034,0.08999784290790558
-0.06003287434577942,0.09999864548444748,-0.05004293471574783,0.08999776840209961
-0.06003287434577942,0.09999864548444748,-0.050043877214193344,0.09999845176935196
-0.050043877214193344,0.09999845176935196,-0.05004293471574783,0.08999776840209961
-0.050043877214193344,0.09999845176935196,-0.040041230618953705,0.08999788761138916
-0.050043877214193344,0.09999845176935196,-0.04004272446036339,0.09999840706586838
-0.04004272446036339,0.09999840706586838,-0.040041230618953705,0.08999788761138916
-0.04004272446036339,0.09999840706586838,-0.030033258721232414,0.08999808132648468
-0.04004272446036339,0.09999840706586838,-0.03003513440489769,0.09999845921993256
-0.03003513440489769,0.09999845921993256,-0.030033258721232414,0.08999808132648468
-0.03003513440489769,0.09999845921993256,-0.02002263255417347,0.0899982824921608
-0.03003513440489769,0.09999845921993256,-0.020024312660098076,0.09999853372573853
-0.020024312660098076,0.09999853372573853,-0.02002263255417347,0.0899982824921608
-0.020024312660098076,0.09999853372573853,-0.010011312551796436,0.08999840915203094
-0.020024312660098076,0.09999853372573853,-0.01001221127808094,0.0999985858798027
-0.01001221127808094,0.0999985858798027,-0.010011312551796436,0.08999840915203094
-0.01001221127808094,0.0999985858798027,1.4924975744179392e-07,0.08999843895435333
-0.01001221127808094,0.0999985858798027,1.3269009002669918e-07,0.0999985858798027
1.3269009002669918e-07,0.0999985858798027,1.4924975744179392e-07,0.08999843895435333
1.3269009002669918e-07,0.0999985858798027,0.010011631064116955,0.08999834954738617
1.3269009002669918e-07,0.0999985858798027,0.010012495331466198,0.09999851137399673
0.010012495331466198,0.09999851137399673,0.010011631064116955,0.08999834954738617
0.010012495331466198,0.09999851137399673,0.020023005083203316,0.08999812602996826
0.010012495331466198,0.09999851137399673,0.02002466842532158,0.0999983549118042
0.02002466842532158,0.0999983549118042,0.020023005083203316,0.08999812602996826
0.02002466842532158,0.0999983549118042,0.030033690854907036,0.0899977907538414
0.02002466842532158,0.0999983549118042,0.03003559447824955,0.09999813139438629
0.03003559447824955,0.09999813139438629,0.030033690854907036,0.0899977907538414
0.03003559447824955,0.09999813139438629,0.040041711181402206,0.08999737352132797
0.03003559447824955,0.09999813139438629,0.040043286979198456,0.0999978631734848
0.040043286979198456,0.0999978631734848,0.040041711181402206,0.08999737352132797
0.040043286979198456,0.0999978631734848,0.05004332214593887,0.08999697118997574
0.040043286979198456,0.0999978631734848,0.05004442110657692,0.09999759495258331
0.05004442110657692,0.09999759495258331,0.05004332214593887,0.08999697118997574
0.05004442110657692,0.09999759495258331,0.06003264710307121,0.08999668061733246
0.05004442110657692,0.09999759495258331,0.06003318727016449,0.09999740868806839
0.06003318727016449,0.09999740868806839,0.06003264710307121,0.08999668061733246
0.06003318727016449,0.09999740868806839,0.07000081241130829,0.08999668061733246
0.06003318727016449,0.09999740868806839,0.07000083476305008,0.09999740868806839
0.07000083476305008,0.09999740868806839,0.07000081241130829,0.08999668061733246
0.07000083476305008,0.09999740868806839,0.07993794232606888,0.08999720215797424
0.07000083476305008,0.09999740868806839,0.0799376368522644,0.09999775886535645
0.0799376368522644,0.09999775886535645,0.07993794232606888,0.08999720215797424
0.0799376368522644,0.09999775886535645,0.08984822034835815,0.08999846875667572
0.0799376368522644,0.09999775886535645,0.08984790742397308,0.09999869018793106
0.08984790742397308,0.09999869018793106,0.08984822034835815,0.08999846875667572
0.08984822034835815,0.08999846875667572,0.09848669916391373,0.09000059962272644
0.09848669916391373,0.09000059962272644,0.08984790742397308,0.09999869018793106
0.08984790742397308,0.09999869018793106,0.08984822034835815,0.08999846875667572
0.09848669916391373,0.09000059962272644,0.09848690032958984,0.10000049322843552
0.09848690032958984,0.10000049322843552,0.08984790742397308,0.09999869018793106
0.09848669916391373,0.09000059962272644,0.09972427785396576,0.09500084072351456
0.09972427785396576,0.09500084072351456,0.09848690032958984,0.10000049322843552
0.09972427785396576,0.09500084072351456,0.10486485809087753,0.09500139951705933
0.10486485809087753,0.09500139951705933,0.09848669916391373,0.09000059962272644
0.09848669916391373,0.09000059962272644,0.09972427785396576,0.09500084072351456
0.10486485809087753,0.09500139951705933,0.10486599057912827,0.0900014340877533
0.10486599057912827,0.0900014340877533,0.09848669916391373,0.09000059962272644
-0.10997090488672256,0.09999918192625046,-0.10997075587511063,0.1049998328089714
-0.10997075587511063,0.1049998328089714,-0.1048658937215805,0.09999998658895493
-0.1048658937215805,0.09999998658895493,-0.10997090488672256,0.09999918192625046
-0.10997075587511063,0.1049998328089714,-0.10486453026533127,0.10500004887580872
-0.10486453026533127,0.10500004887580872,-0.1048658937215805,0.09999998658895493
-0.08984773606061935,0.11000023782253265,-0.08984851837158203,0.10000012814998627
-0.08984851837158203,0.10000012814998627,-0.0984870046377182,0.11000017076730728
-0.0984870046377182,0.11000017076730728,-0.08984773606061935,0.11000023782253265
-0.08984851837158203,0.10000012814998627,-0.09848761558532715,0.1000002771615982
-0.09848761558532715,0.1000002771615982,-0.0984870046377182,0.11000017076730728
-0.09972477704286575,0.10500021278858185,-0.0984870046377182,0.11000017076730728
-0.09848761558532715,0.1000002771615982,-0.09972477704286575,0.10500021278858185
-0.08984773606061935,0.11000023782253265,-0.07993803918361664,0.09999959915876389
-0.08984773606061935,0.11000023782253265,-0.07993736863136292,0.10999993234872818
-0.07993736863136292,0.10999993234872818,-0.07993803918361664,0.09999959915876389
-0.07993736863136292,0.10999993234872818,-0.07000083476305008,0.09999904036521912
-0.07993736863136292,0.10999993234872818,-0.07000049948692322,0.10999952256679535
-0.07000049948692322,0.10999952256679535,-0.07000083476305008,0.09999904036521912
-0.07000049948692322,0.10999952256679535,-0.06003287434577942,0.09999864548444748
-0.07000049948692322,0.10999952256679535,-0.060032956302165985,0.10999918729066849
-0.060032956302165985,0.10999918729066849,-0.06003287434577942,0.09999864548444748
-0.060032956302165985,0.10999918729066849,-0.050043877214193344,0.09999845176935196
-0.060032956302165985,0.10999918729066849,-0.05004435405135155,0.10999897867441177
-0.05004435405135155,0.10999897867441177,-0.050043877214193344,0.09999845176935196
-0.05004435405135155,0.10999897867441177,-0.04004272446036339,0.09999840706586838
-0.05004435405135155,0.10999897867441177,-0.040043529123067856,0.10999888926744461
-0.040043529123067856,0.10999888926744461,-0.04004272446036339,0.09999840706586838
-0.040043529123067856,0.10999888926744461,-0.03003513440489769,0.09999845921993256
-0.040043529123067856,0.10999888926744461,-0.030036166310310364,0.10999886691570282
-0.030036166310310364,0.10999886691570282,-0.03003513440489769,0.09999845921993256
-0.030036166310310364,0.10999886691570282,-0.020024312660098076,0.09999853372573853
-0.030036166310310364,0.10999886691570282,-0.020025456324219704,0.10999888926744461
-0.020025456324219704,0.10999888926744461,-0.020024312660098076,0.09999853372573853
-0.020025456324219704,0.10999888926744461,-0.01001221127808094,0.0999985858798027
-0.020025456324219704,0.10999888926744461,-0.010013020597398281,0.10999888926744461
-0.010013020597398281,0.10999888926744461,-0.01001221127808094,0.0999985858798027
-0.010013020597398281,0.10999888926744461,1.3269009002669918e-07,0.0999985858798027
-0.010013020597398281,0.10999888926744461,1.127755666630037e-07,0.10999886691570282
1.127755666630037e-07,0.10999886691570282,1.3269009002669918e-07,0.0999985858798027
1.127755666630037e-07,0.10999886691570282,0.010012495331466198,0.09999851137399673
1.127755666630037e-07,0.10999886691570282,0.010013246908783913,0.10999880731105804
0.010013246908783913,0.10999880731105804,0.010012495331466198,0.09999851137399673
0.010013246908783913,0.10999880731105804,0.02002466842532158,0.0999983549118042
0.010013246908783913,0.10999880731105804,0.02002578042447567,0.10999871045351028
0.02002578042447567,0.10999871045351028,0.02002466842532158,0.0999983549118042
0.02002578042447567,0.10999871045351028,0.03003559447824955,0.09999813139438629
0.02002578042447567,0.10999871045351028,0.03003663942217827,0.10999856144189835
0.03003663942217827,0.10999856144189835,0.03003559447824955,0.09999813139438629
0.03003663942217827,0.10999856144189835,0.040043286979198456,0.0999978631734848
0.03003663942217827,0.10999856144189835,0.04004417359828949,0.10999836772680283
0.04004417359828949,0.10999836772680283,0.040043286979198456,0.0999978631734848
0.04004417359828949,0.10999836772680283,0.05004442110657692,0.09999759495258331
0.04004417359828949,0.10999836772680283,0.05004507675766945,0.1099981889128685
0.05004507675766945,0.1099981889128685,0.05004442110657692,0.09999759495258331
0.05004507675766945,0.1099981889128685,0.06003318727016449,0.09999740868806839
0.05004507675766945,0.1099981889128685,0.06003357842564583,0.10999804735183716
0.06003357842564583,0.10999804735183716,0.06003318727016449,0.09999740868806839
0.06003357842564583,0.10999804735183716,0.07000083476305008,0.09999740868806839
0.06003357842564583,0.10999804735183716,0.0700010135769844,0.10999801754951477
0.0700010135769844,0.10999801754951477,0.07000083476305008,0.09999740868806839
0.0700010135769844,0.10999801754951477,0.0799376368522644,0.09999775886535645
0.0700010135769844,0.10999801754951477,0.07993771880865097,0.1099981963634491
0.07993771880865097,0.1099981963634491,0.0799376368522644,0.09999775886535645
0.07993771880865097,0.1099981963634491,0.08984790742397308,0.09999869018793106
0.07993771880865097,0.1099981963634491,0.08984801918268204,0.10999874025583267
0.08984801918268204,0.10999874025583267,0.08984790742397308,0.09999869018793106
0.08984790742397308,0.09999869018793106,0.08984801918268204,0.10999874025583267
0.08984801918268204,0.10999874025583267,0.09848690032958984,0.10000049322843552
0.09848690032958984,0.10000049322843552,0.08984790742397308,0.09999869018793106
0.08984801918268204,0.10999874025583267,0.09848720580339432,0.10999971628189087
0.09848720580339432,0.10999971628189087,0.09848690032958984,0.10000049322843552
0.0997244343161583,0.10499996691942215,0.09848690032958984,0.10000049322843552
0.09848720580339432,0.10999971628189087,0.0997244343161583,0.10499996691942215
0.0997244343161583,0.10499996691942215,0.10486496984958649,0.10499966889619827
0.10486496984958649,0.10499966889619827,0.09848690032958984,0.10000049322843552
0.10486496984958649,0.10499966889619827,0.1048661395907402,0.10000143200159073
0.1048661395907402,0.10000143200159073,0.09848690032958984,0.10000049322843552
-0.10997100174427032,0.11306727677583694,-0.10486581921577454,0.10999971628189087
-0.10486581921577454,0.10999971628189087,-0.1090647503733635,0.10999841243028641
-0.1090647503733635,0.10999841243028641,-0.10997100174427032,0.11306727677583694
-0.10997100174427032,0.11306727677583694,-0.10997099429368973,0.11500509828329086
-0.10997099429368973,0.11500509828329086,-0.10486581921577454,0.10999971628189087
-0.10997099429368973,0.11500509828329086,-0.10486457496881485,0.1150018721818924
-0.10486457496881485,0.1150018721818924,-0.10486581921577454,0.10999971628189087
-0.08984750509262085,0.12000013887882233,-0.09848715364933014,0.12000036984682083
-0.09848715364933014,0.12000036984682083,-0.08984773606061935,0.11000023782253265
-0.08984773606061935,0.11000023782253265,-0.08984750509262085,0.12000013887882233
-0.09848715364933014,0.12000036984682083,-0.0984870046377182,0.11000017076730728
-0.0984870046377182,0.11000017076730728,-0.08984773606061935,0.11000023782253265
-0.09848715364933014,0.12000036984682083,-0.0997244268655777,0.1150006502866745
-0.0997244268655777,0.1150006502866745,-0.0984870046377182,0.11000017076730728
-0.08984750509262085,0.12000013887882233,-0.07993736863136292,0.10999993234872818
-0.08984750509262085,0.12000013887882233,-0.07993710786104202,0.1199999526143074
-0.07993710786104202,0.1199999526143074,-0.07993736863136292,0.10999993234872818
-0.07993710786104202,0.1199999526143074,-0.07000049948692322,0.10999952256679535
-0.07993710786104202,0.1199999526143074,-0.07000036537647247,0.1199997290968895
-0.07000036537647247,0.1199997290968895,-0.07000049948692322,0.10999952256679535
-0.07000036537647247,0.1199997290968895,-0.060032956302165985,0.10999918729066849
-0.07000036537647247,0.1199997290968895,-0.06003301963210106,0.11999954283237457
-0.06003301963210106,0.11999954283237457,-0.060032956302165985,0.10999918729066849
-0.06003301963210106,0.11999954283237457,-0.05004435405135155,0.10999897867441177
-0.06003301963210106,0.11999954283237457,-0.05004461482167244,0.11999940127134323
-0.05004461482167244,0.11999940127134323,-0.05004435405135155,0.10999897867441177
-0.05004461482167244,0.11999940127134323,-0.040043529123067856,0.10999888926744461
-0.05004461482167244,0.11999940127134323,-0.040043942630290985,0.11999931931495667
-0.040043942630290985,0.11999931931495667,-0.040043529123067856,0.10999888926744461
-0.040043942630290985,0.11999931931495667,-0.030036166310310364,0.10999886691570282
-0.040043942630290985,0.11999931931495667,-0.030036676675081253,0.11999928206205368
-0.030036676675081253,0.11999928206205368,-0.030036166310310364,0.10999886691570282
-0.030036676675081253,0.11999928206205368,-0.020025456324219704,0.10999888926744461
-0.030036676675081253,0.11999928206205368,-0.02002599649131298,0.11999926716089249
-0.02002599649131298,0.11999926716089249,-0.020025456324219704,0.10999888926744461
-0.02002599649131298,0.11999926716089249,-0.010013020597398281,0.10999888926744461
-0.02002599649131298,0.11999926716089249,-0.010013503953814507,0.11999925225973129
-0.010013503953814507,0.11999925225973129,-0.010013020597398281,0.10999888926744461
8.901130144067793e-08,0.11745511740446091,-0.006207161583006382,0.1199992448091507
-0.006207161583006382,0.1199992448091507,8.090241010449972e-08,0.1199992299079895
8.090241010449972e-08,0.1199992299079895,8.901130144067793e-08,0.11745511740446091
8.901130144067793e-08,0.11745511740446091,-0.010013503953814507,0.11999925225973129
-0.010013503953814507,0.11999925225973129,-0.006207161583006382,0.1199992448091507
8.901130144067793e-08,0.11745511740446091,1.127755666630037e-07,0.10999886691570282
1.127755666630037e-07,0.10999886691570282,-0.010013503953814507,0.11999925225973129
0.010013487190008163,0.11569245904684067,8.901130144067793e-08,0.11745511740446091
8.090241010449972e-08,0.1199992299079895,0.010013487190008163,0.11569245904684067
0.010013668797910213,0.11999917775392532,0.010013487190008163,0.11569245904684067
8.090241010449972e-08,0.1199992299079895,0.010013668797910213,0.11999917775392532
1.127755666630037e-07,0.10999886691570282,0.010013487190008163,0.11569245904684067
0.010013487190008163,0.11569245904684067,0.010013246908783913,0.10999880731105804
0.020026061683893204,0.11563623696565628,0.010013487190008163,0.11569245904684067
0.010013668797910213,0.11999917775392532,0.020026061683893204,0.11563623696565628
0.020026279613375664,0.11999911069869995,0.020026061683893204,0.11563623696565628
0.010013668797910213,0.11999917775392532,0.020026279613375664,0.11999911069869995
0.010013246908783913,0.10999880731105804,0.020026061683893204,0.11563623696565628
0.020026061683893204,0.11563623696565628,0.02002578042447567,0.10999871045351028
0.03003701940178871,0.1174127459526062,0.020026061683893204,0.11563623696565628
0.020026279613375664,0.11999911069869995,0.03003701940178871,0.1174127459526062
0.030037151649594307,0.119998998939991,0.03003701940178871,0.1174127459526062
0.020026279613375664,0.11999911069869995,0.030037151649594307,0.119998998939991
0.02002578042447567,0.10999871045351028,0.03003701940178871,0.1174127459526062
0.03003701940178871,0.1174127459526062,0.03003663942217827,0.10999856144189835
0.04004455730319023,0.1179504320025444,0.03003701940178871,0.1174127459526062
0.030037151649594307,0.119998998939991,0.04004455730319023,0.1179504320025444
0.04004465416073799,0.11999887973070145,0.04004455730319023,0.1179504320025444
0.030037151649594307,0.119998998939991,0.04004465416073799,0.11999887973070145
0.03003663942217827,0.10999856144189835,0.04004455730319023,0.1179504320025444
0.04004455730319023,0.1179504320025444,0.04004417359828949,0.10999836772680283
0.0500454343855381,0.11834299564361572,0.04004455730319023,0.1179504320025444
0.04004465416073799,0.11999887973070145,0.0500454343855381,0.11834299564361572
0.05004550516605377,0.1199987530708313,0.0500454343855381,0.11834299564361572
0.04004465416073799,0.11999887973070145,0.05004550516605377,0.1199987530708313
0.04004417359828949,0.10999836772680283,0.0500454343855381,0.11834299564361572
0.0500454343855381,0.11834299564361572,0.05004507675766945,0.1099981889128685
0.060033928602933884,0.11920665949583054,0.0500454343855381,0.11834299564361572
0.05004550516605377,0.1199987530708313,0.060033928602933884,0.11920665949583054
0.06003395840525627,0.11999864876270294,0.060033928602933884,0.11920665949583054
0.05004550516605377,0.1199987530708313,0.06003395840525627,0.11999864876270294
0.05004507675766945,0.1099981889128685,0.060033928602933884,0.11920665949583054
0.060033928602933884,0.11920665949583054,0.06003357842564583,0.10999804735183716
0.06003395840525627,0.11999864876270294,0.06280578672885895,0.11999864876270294
0.06280578672885895,0.11999864876270294,0.060033928602933884,0.11920665949583054
0.06280578672885895,0.11999864876270294,0.06003357842564583,0.10999804735183716
0.06280578672885895,0.11999864876270294,0.07000137865543365,0.11999864131212234
0.07000137865543365,0.11999864131212234,0.06003357842564583,0.10999804735183716
0.07000137865543365,0.11999864131212234,0.0700010135769844,0.10999801754951477
0.07000137865543365,0.11999864131212234,0.07993771880865097,0.1099981963634491
0.07000137865543365,0.11999864131212234,0.07993810623884201,0.11999881267547607
0.07993810623884201,0.11999881267547607,0.07993771880865097,0.1099981963634491
0.07993810623884201,0.11999881267547607,0.08984801918268204,0.10999874025583267
0.07993810623884201,0.11999881267547607,0.0898483544588089,0.11999935656785965
0.0898483544588089,0.11999935656785965,0.08984801918268204,0.10999874025583267
0.08984801918268204,0.10999874025583267,0.0898483544588089,0.11999935656785965
0.0898483544588089,0.11999935656785965,0.09848720580339432,0.10999971628189087
0.09848720580339432,0.10999971628189087,0.08984801918268204,0.10999874025583267
0.0898483544588089,0.11999935656785965,0.09848695993423462,0.12000054866075516
0.09848695993423462,0.12000054866075516,0.09848720580339432,0.10999971628189087
0.09848695993423462,0.12000054866075516,0.09972462058067322,0.11500044167041779
0.09972462058067322,0.11500044167041779,0.09848720580339432,0.10999971628189087
0.09972462058067322,0.11500044167041779,0.10486454516649246,0.11500129848718643
0.10486454516649246,0.11500129848718643,0.09848720580339432,0.10999971628189087
0.09848720580339432,0.10999971628189087,0.09972462058067322,0.11500044167041779
0.10486454516649246,0.11500129848718643,0.10486612468957901,0.10999920964241028
0.10486612468957901,0.10999920964241028,0.09848720580339432,0.10999971628189087
-0.10997094959020615,0.12000217288732529,-0.10997088998556137,0.12500065565109253
-0.10997088998556137,0.12500065565109253,-0.10486580431461334,0.12000106275081635
-0.10486580431461334,0.12000106275081635,-0.10997094959020615,0.12000217288732529
-0.10997088998556137,0.12500065565109253,-0.10486443340778351,0.12500038743019104
-0.10486443340778351,0.12500038743019104,-0.10486580431461334,0.12000106275081635
-0.08984750509262085,0.12000013887882233,-0.09848715364933014,0.12000036984682083
-0.09848715364933014,0.12000036984682083,-0.08984735608100891,0.12999987602233887
-0.08984735608100891,0.12999987602233887,-0.08984750509262085,0.12000013887882233
-0.09848715364933014,0.12000036984682083,-0.09848719090223312,0.12999999523162842
-0.09848719090223312,0.12999999523162842,-0.08984735608100891,0.12999987602233887
-0.09848715364933014,0.12000036984682083,-0.0997246652841568,0.12500007450580597
-0.0997246652841568,0.12500007450580597,-0.09848719090223312,0.12999999523162842
-0.08984735608100891,0.12999987602233887,-0.07993710786104202,0.1199999526143074
-0.08984735608100891,0.12999987602233887,-0.07993703335523605,0.12999987602233887
-0.07993703335523605,0.12999987602233887,-0.07993710786104202,0.1199999526143074
-0.07993703335523605,0.12999987602233887,-0.07000036537647247,0.1199997290968895
-0.07993703335523605,0.12999987602233887,-0.07000038027763367,0.12999984622001648
-0.07000038027763367,0.12999984622001648,-0.07000036537647247,0.1199997290968895
-0.07000038027763367,0.12999984622001648,-0.06003301963210106,0.11999954283237457
-0.07000038027763367,0.12999984622001648,-0.06003309786319733,0.1299998015165329
-0.06003309786319733,0.1299998015165329,-0.06003301963210106,0.11999954283237457
-0.050044722855091095,0.12916511297225952,-0.05520498380064964,0.1299997717142105
-0.05520498380064964,0.1299997717142105,-0.05004473403096199,0.12999974191188812
-0.05004473403096199,0.12999974191188812,-0.050044722855091095,0.12916511297225952
-0.050044722855091095,0.12916511297225952,-0.06003309786319733,0.1299998015165329
-0.06003309786319733,0.1299998015165329,-0.05520498380064964,0.1299997717142105
-0.050044722855091095,0.12916511297225952,-0.05004461482167244,0.11999940127134323
-0.05004461482167244,0.11999940127134323,-0.06003309786319733,0.1299998015165329
-0.04004405066370964,0.12759234011173248,-0.050044722855091095,0.12916511297225952
-0.05004473403096199,0.12999974191188812,-0.04004405066370964,0.12759234011173248
-0.04004408419132233,0.12999969720840454,-0.04004405066370964,0.12759234011173248
-0.05004473403096199,0.12999974191188812,-0.04004408419132233,0.12999969720840454
-0.05004461482167244,0.11999940127134323,-0.04004405066370964,0.12759234011173248
-0.04004405066370964,0.12759234011173248,-0.040043942630290985,0.11999931931495667
-0.030036762356758118,0.12564659118652344,-0.04004405066370964,0.12759234011173248
-0.04004408419132233,0.12999969720840454,-0.030036762356758118,0.12564659118652344
-0.03003682754933834,0.12999966740608215,-0.030036762356758118,0.12564659118652344
-0.04004408419132233,0.12999969720840454,-0.03003682754933834,0.12999966740608215
-0.040043942630290985,0.11999931931495667,-0.030036762356758118,0.12564659118652344
-0.030036762356758118,0.12564659118652344,-0.030036676675081253,0.11999928206205368
-0.02002604305744171,0.12317802757024765,-0.030036762356758118,0.12564659118652344
-0.03003682754933834,0.12999966740608215,-0.02002604305744171,0.12317802757024765
-0.02002614364027977,0.12999963760375977,-0.02002604305744171,0.12317802757024765
-0.03003682754933834,0.12999966740608215,-0.02002614364027977,0.12999963760375977
-0.030036676675081253,0.11999928206205368,-0.02002604305744171,0.12317802757024765
-0.02002604305744171,0.12317802757024765,-0.02002599649131298,0.11999926716089249
-0.010013517923653126,0.12113973498344421,-0.02002604305744171,0.12317802757024765
-0.02002614364027977,0.12999963760375977,-0.010013517923653126,0.12113973498344421
-0.01001362968236208,0.12999962270259857,-0.010013517923653126,0.12113973498344421
-0.02002614364027977,0.12999963760375977,-0.01001362968236208,0.12999962270259857
-0.02002599649131298,0.11999926716089249,-0.010013517923653126,0.12113973498344421
-0.010013517923653126,0.12113973498344421,-0.010013503953814507,0.11999925225973129
-0.006207161583006382,0.1199992448091507,-0.010013517923653126,0.12113973498344421
-0.01001362968236208,0.12999962270259857,-0.006207161583006382,0.1199992448091507
-0.01001362968236208,0.12999962270259857,8.090241010449972e-08,0.1199992299079895
-0.01001362968236208,0.12999962270259857,5.590927187881789e-08,0.12999959290027618
5.590927187881789e-08,0.12999959290027618,8.090241010449972e-08,0.1199992299079895
5.590927187881789e-08,0.12999959290027618,0.010013668797910213,0.11999917775392532
5.590927187881789e-08,0.12999959290027618,0.010013749822974205,0.1299995630979538
0.010013749822974205,0.1299995630979538,0.010013668797910213,0.11999917775392532
0.010013749822974205,0.1299995630979538,0.020026279613375664,0.11999911069869995
0.010013749822974205,0.1299995630979538,0.020026402547955513,0.12999950349330902
0.020026402547955513,0.12999950349330902,0.020026279613375664,0.11999911069869995
0.020026402547955513,0.12999950349330902,0.030037151649594307,0.119998998939991
0.020026402547955513,0.12999950349330902,0.030037306249141693,0.12999944388866425
0.030037306249141693,0.12999944388866425,0.030037151649594307,0.119998998939991
0.030037306249141693,0.12999944388866425,0.04004465416073799,0.11999887973070145
0.030037306249141693,0.12999944388866425,0.04004485532641411,0.12999935448169708
0.04004485532641411,0.12999935448169708,0.04004465416073799,0.11999887973070145
0.04004485532641411,0.12999935448169708,0.05004550516605377,0.1199987530708313
0.04004485532641411,0.12999935448169708,0.050045762211084366,0.12999926507472992
0.050045762211084366,0.12999926507472992,0.05004550516605377,0.1199987530708313
0.050045762211084366,0.12999926507472992,0.06003395840525627,0.11999864876270294
0.050045762211084366,0.12999926507472992,0.06003429740667343,0.12999920547008514
0.06003429740667343,0.12999920547008514,0.06003395840525627,0.11999864876270294
0.07000144571065903,0.121504046022892,0.06280578672885895,0.11999864876270294
0.06003395840525627,0.11999864876270294,0.07000144571065903,0.121504046022892
0.06003395840525627,0.11999864876270294,0.07000181078910828,0.12999919056892395
0.07000181078910828,0.12999919056892395,0.07000144571065903,0.121504046022892
0.06003429740667343,0.12999920547008514,0.07000181078910828,0.12999919056892395
0.07000144571065903,0.121504046022892,0.07000137865543365,0.11999864131212234
0.07993835210800171,0.1251109391450882,0.07000144571065903,0.121504046022892
0.07000181078910828,0.12999919056892395,0.07993835210800171,0.1251109391450882
0.07993858307600021,0.12999935448169708,0.07993835210800171,0.1251109391450882
0.07000181078910828,0.12999919056892395,0.07993858307600021,0.12999935448169708
0.07000137865543365,0.11999864131212234,0.07993835210800171,0.1251109391450882
0.07993835210800171,0.1251109391450882,0.07993810623884201,0.11999881267547607
0.07993858307600021,0.12999935448169708,0.08748292177915573,0.12999971210956573
0.08748292177915573,0.12999971210956573,0.07993835210800171,0.1251109391450882
0.08748292177915573,0.12999971210956573,0.07993810623884201,0.11999881267547607
0.08748292177915573,0.12999971210956573,0.08984877169132233,0.1299998164176941
0.08984877169132233,0.1299998164176941,0.07993810623884201,0.11999881267547607
0.08984877169132233,0.1299998164176941,0.0898483544588089,0.11999935656785965
0.0898483544588089,0.11999935656785965,0.09848695993423462,0.12000054866075516
0.09848695993423462,0.12000054866075516,0.08984877169132233,0.1299998164176941
0.08984877169132233,0.1299998164176941,0.0898483544588089,0.11999935656785965
0.09848695993423462,0.12000054866075516,0.0984872505068779,0.130000501871109
0.0984872505068779,0.130000501871109,0.08984877169132233,0.1299998164176941
0.09972421824932098,0.12500067055225372,0.0984872505068779,0.130000501871109
0.09848695993423462,0.12000054866075516,0.09972421824932098,0.12500067055225372
0.09972421824932098,0.12500067055225372,0.10486363619565964,0.1250009387731552
0.10486363619565964,0.1250009387731552,0.09848695993423462,0.12000054866075516
0.10486363619565964,0.1250009387731552,0.10486534237861633,0.12000129371881485
0.10486534237861633,0.12000129371881485,0.09848695993423462,0.12000054866075516
-0.10997078567743301,0.13000066578388214,-0.10997078567743301,0.13500012457370758
-0.10997078567743301,0.13500012457370758,-0.10486556589603424,0.1300002932548523
-0.10486556589603424,0.1300002932548523,-0.10997078567743301,0.13000066578388214
-0.10997078567743301,0.13500012457370758,-0.10486432909965515,0.13500013947486877
-0.10486432909965515,0.13500013947486877,-0.10486556589603424,0.1300002932548523
-0.08984735608100891,0.12999987602233887,-0.09848719090223312,0.12999999523162842
-0.09848719090223312,0.12999999523162842,-0.0898473933339119,0.14000000059604645
-0.0898473933339119,0.14000000059604645,-0.08984735608100891,0.12999987602233887
-0.09848719090223312,0.12999999523162842,-0.09848737716674805,0.1400001347064972
-0.09848737716674805,0.1400001347064972,-0.0898473933339119,0.14000000059604645
-0.09972460567951202,0.13500003516674042,-0.09848737716674805,0.1400001347064972
-0.09848719090223312,0.12999999523162842,-0.09972460567951202,0.13500003516674042
-0.07993707060813904,0.1381535828113556,-0.08098775893449783,0.13999998569488525
-0.08098775893449783,0.13999998569488525,-0.07993707805871964,0.13999998569488525
-0.07993707805871964,0.13999998569488525,-0.07993707060813904,0.1381535828113556
-0.07993707060813904,0.1381535828113556,-0.0898473933339119,0.14000000059604645
-0.0898473933339119,0.14000000059604645,-0.08098775893449783,0.13999998569488525
-0.07993707060813904,0.1381535828113556,-0.07993703335523605,0.12999987602233887
-0.07993703335523605,0.12999987602233887,-0.0898473933339119,0.14000000059604645
-0.07000038772821426,0.13277532160282135,-0.07993707060813904,0.1381535828113556
-0.07993707805871964,0.13999998569488525,-0.07000038772821426,0.13277532160282135
-0.07000041007995605,0.14000001549720764,-0.07000038772821426,0.13277532160282135
-0.07993707805871964,0.13999998569488525,-0.07000041007995605,0.14000001549720764
-0.07993703335523605,0.12999987602233887,-0.07000038772821426,0.13277532160282135
-0.07000038772821426,0.13277532160282135,-0.07000038027763367,0.12999984622001648
-0.06003309786319733,0.13063210248947144,-0.07000038772821426,0.13277532160282135
-0.07000041007995605,0.14000001549720764,-0.06003309786319733,0.13063210248947144
-0.06003309041261673,0.14000006020069122,-0.06003309786319733,0.13063210248947144
-0.07000041007995605,0.14000001549720764,-0.06003309041261673,0.14000006020069122
-0.07000038027763367,0.12999984622001648,-0.06003309786319733,0.13063210248947144
-0.06003309786319733,0.13063210248947144,-0.06003309786319733,0.1299998015165329
-0.05520498380064964,0.1299997717142105,-0.06003309786319733,0.13063210248947144
-0.06003309041261673,0.14000006020069122,-0.05520498380064964,0.1299997717142105
-0.06003309041261673,0.14000006020069122,-0.05004473403096199,0.12999974191188812
-0.06003309041261673,0.14000006020069122,-0.05004465579986572,0.14000007510185242
-0.05004465579986572,0.14000007510185242,-0.05004473403096199,0.12999974191188812
-0.05004465579986572,0.14000007510185242,-0.04004408419132233,0.12999969720840454
-0.05004465579986572,0.14000007510185242,-0.040043942630290985,0.14000006020069122
-0.040043942630290985,0.14000006020069122,-0.04004408419132233,0.12999969720840454
-0.040043942630290985,0.14000006020069122,-0.03003682754933834,0.12999966740608215
-0.040043942630290985,0.14000006020069122,-0.030036643147468567,0.14000003039836884
-0.030036643147468567,0.14000003039836884,-0.03003682754933834,0.12999966740608215
-0.030036643147468567,0.14000003039836884,-0.02002614364027977,0.12999963760375977
-0.030036643147468567,0.14000003039836884,-0.020025957375764847,0.14000000059604645
-0.020025957375764847,0.14000000059604645,-0.02002614364027977,0.12999963760375977
-0.020025957375764847,0.14000000059604645,-0.01001362968236208,0.12999962270259857
-0.020025957375764847,0.14000000059604645,-0.010013493709266186,0.13999995589256287
-0.010013493709266186,0.13999995589256287,-0.01001362968236208,0.12999962270259857
-0.010013493709266186,0.13999995589256287,5.590927187881789e-08,0.12999959290027618
-0.010013493709266186,0.13999995589256287,5.373930989094333e-08,0.13999994099140167
5.373930989094333e-08,0.13999994099140167,5.590927187881789e-08,0.12999959290027618
5.373930989094333e-08,0.13999994099140167,0.010013749822974205,0.1299995630979538
5.373930989094333e-08,0.13999994099140167,0.010013608261942863,0.13999991118907928
0.010013608261942863,0.13999991118907928,0.010013749822974205,0.1299995630979538
0.010013608261942863,0.13999991118907928,0.020026402547955513,0.12999950349330902
0.010013608261942863,0.13999991118907928,0.02002621814608574,0.1399998813867569
0.02002621814608574,0.1399998813867569,0.020026402547955513,0.12999950349330902
0.02002621814608574,0.1399998813867569,0.030037306249141693,0.12999944388866425
0.02002621814608574,0.1399998813867569,0.03003714606165886,0.1399998515844345
0.03003714606165886,0.1399998515844345,0.030037306249141693,0.12999944388866425
0.03003714606165886,0.1399998515844345,0.04004485532641411,0.12999935448169708
0.03003714606165886,0.1399998515844345,0.040044769644737244,0.13999980688095093
0.040044769644737244,0.13999980688095093,0.04004485532641411,0.12999935448169708
0.040044769644737244,0.13999980688095093,0.050045762211084366,0.12999926507472992
0.040044769644737244,0.13999980688095093,0.05004580318927765,0.13999973237514496
0.05004580318927765,0.13999973237514496,0.050045762211084366,0.12999926507472992
0.05004580318927765,0.13999973237514496,0.06003429740667343,0.12999920547008514
0.05004580318927765,0.13999973237514496,0.06003449857234955,0.139999657869339
0.06003449857234955,0.139999657869339,0.06003429740667343,0.12999920547008514
0.06003449857234955,0.139999657869339,0.07000181078910828,0.12999919056892395
0.06003449857234955,0.139999657869339,0.07000219076871872,0.1399996280670166
0.07000219076871872,0.1399996280670166,0.07000181078910828,0.12999919056892395
0.07000219076871872,0.1399996280670166,0.07993858307600021,0.12999935448169708
0.07000219076871872,0.1399996280670166,0.07993914932012558,0.13999971747398376
0.07993914932012558,0.13999971747398376,0.07993858307600021,0.12999935448169708
0.08984885364770889,0.13093504309654236,0.08748292177915573,0.12999971210956573
0.07993858307600021,0.12999935448169708,0.08984885364770889,0.13093504309654236
0.07993858307600021,0.12999935448169708,0.08984964340925217,0.14000001549720764
0.08984964340925217,0.14000001549720764,0.08984885364770889,0.13093504309654236
0.07993914932012558,0.13999971747398376,0.08984964340925217,0.14000001549720764
0.08984885364770889,0.13093504309654236,0.08984877169132233,0.1299998164176941
0.08984964340925217,0.14000001549720764,0.08984885364770889,0.13093504309654236
0.08984885364770889,0.13093504309654236,0.09869151562452316,0.13917924463748932
0.09869151562452316,0.13917924463748932,0.08984964340925217,0.14000001549720764
0.09869151562452316,0.13917924463748932,0.09848833084106445,0.14000049233436584
0.09848833084106445,0.14000049233436584,0.08984964340925217,0.14000001549720764
0.0984872505068779,0.130000501871109,0.09972590953111649,0.13500069081783295
0.09972590953111649,0.13500069081783295,0.08984877169132233,0.1299998164176941
0.08984877169132233,0.1299998164176941,0.0984872505068779,0.130000501871109
0.09869151562452316,0.13917924463748932,0.08984885364770889,0.13093504309654236
0.08984885364770889,0.13093504309654236,0.09972590953111649,0.13500069081783295
0.09972590953111649,0.13500069081783295,0.09869151562452316,0.13917924463748932
0.08984885364770889,0.13093504309654236,0.08984877169132233,0.1299998164176941
0.09972590953111649,0.13500069081783295,0.10486702620983124,0.13500124216079712
0.10486702620983124,0.13500124216079712,0.0984872505068779,0.130000501871109
0.0984872505068779,0.130000501871109,0.09972590953111649,0.13500069081783295
0.10486702620983124,0.13500124216079712,0.10486514121294022,0.13000059127807617
0.10486514121294022,0.13000059127807617,0.0984872505068779,0.130000501871109
-0.10997072607278824,0.14000019431114197,-0.10997072607278824,0.14499624073505402
-0.10997072607278824,0.14499624073505402,-0.10486563295125961,0.1400001347064972
-0.10486563295125961,0.1400001347064972,-0.10997072607278824,0.14000019431114197
-0.10997072607278824,0.14499624073505402,-0.1048644557595253,0.1449991762638092
-0.1048644557595253,0.1449991762638092,-0.10486563295125961,0.1400001347064972
-0.0898473933339119,0.14000000059604645,-0.08984746783971786,0.15000028908252716
-0.08984746783971786,0.15000028908252716,-0.09848737716674805,0.1400001347064972
-0.09848737716674805,0.1400001347064972,-0.0898473933339119,0.14000000059604645
-0.08984746783971786,0.15000028908252716,-0.09848707169294357,0.15000075101852417
-0.09848707169294357,0.15000075101852417,-0.09848737716674805,0.1400001347064972
-0.09848707169294357,0.15000075101852417,-0.09972494840621948,0.14500011503696442
-0.09972494840621948,0.14500011503696442,-0.09848737716674805,0.1400001347064972
-0.08098775893449783,0.13999998569488525,-0.08881084620952606,0.15000027418136597
-0.08881084620952606,0.15000027418136597,-0.07993708550930023,0.15000019967556
-0.07993708550930023,0.15000019967556,-0.08098775893449783,0.13999998569488525
-0.07993708550930023,0.15000019967556,-0.07993707805871964,0.13999998569488525
-0.08984746783971786,0.15000028908252716,-0.08098775893449783,0.13999998569488525
-0.08984746783971786,0.15000028908252716,-0.08881084620952606,0.15000027418136597
-0.07993708550930023,0.15000019967556,-0.07000041007995605,0.14000001549720764
-0.07993708550930023,0.15000019967556,-0.0700003057718277,0.15000027418136597
-0.0700003057718277,0.15000027418136597,-0.07000041007995605,0.14000001549720764
-0.0700003057718277,0.15000027418136597,-0.06003309041261673,0.14000006020069122
-0.0700003057718277,0.15000027418136597,-0.060032833367586136,0.15000037848949432
-0.060032833367586136,0.15000037848949432,-0.06003309041261673,0.14000006020069122
-0.060032833367586136,0.15000037848949432,-0.05004465579986572,0.14000007510185242
-0.060032833367586136,0.15000037848949432,-0.05004424229264259,0.1500004231929779
-0.05004424229264259,0.1500004231929779,-0.05004465579986572,0.14000007510185242
-0.05004424229264259,0.1500004231929779,-0.040043942630290985,0.14000006020069122
-0.05004424229264259,0.1500004231929779,-0.04004339873790741,0.1500004082918167
-0.04004339873790741,0.1500004082918167,-0.040043942630290985,0.14000006020069122
-0.04004339873790741,0.1500004082918167,-0.030036643147468567,0.14000003039836884
-0.04004339873790741,0.1500004082918167,-0.030036024749279022,0.15000036358833313
-0.030036024749279022,0.15000036358833313,-0.030036643147468567,0.14000003039836884
-0.030036024749279022,0.15000036358833313,-0.020025957375764847,0.14000000059604645
-0.030036024749279022,0.15000036358833313,-0.020025335252285004,0.15000030398368835
-0.020025335252285004,0.15000030398368835,-0.020025957375764847,0.14000000059604645
-0.020025335252285004,0.15000030398368835,-0.010013493709266186,0.13999995589256287
-0.020025335252285004,0.15000030398368835,-0.010012968443334103,0.15000027418136597
-0.010012968443334103,0.15000027418136597,-0.010013493709266186,0.13999995589256287
-0.010012968443334103,0.15000027418136597,5.373930989094333e-08,0.13999994099140167
-0.010012968443334103,0.15000027418136597,7.039224669824762e-08,0.15000024437904358
7.039224669824762e-08,0.15000024437904358,5.373930989094333e-08,0.13999994099140167
7.039224669824762e-08,0.15000024437904358,0.010013608261942863,0.13999991118907928
7.039224669824762e-08,0.15000024437904358,0.010013128630816936,0.1500002145767212
0.010013128630816936,0.1500002145767212,0.010013608261942863,0.13999991118907928
0.010013128630816936,0.1500002145767212,0.02002621814608574,0.1399998813867569
0.010013128630816936,0.1500002145767212,0.020025642588734627,0.1500002145767212
0.020025642588734627,0.1500002145767212,0.02002621814608574,0.1399998813867569
0.020025642588734627,0.1500002145767212,0.03003714606165886,0.1399998515844345
0.020025642588734627,0.1500002145767212,0.030036579817533493,0.1500002145767212
0.030036579817533493,0.1500002145767212,0.03003714606165886,0.1399998515844345
0.030036579817533493,0.1500002145767212,0.040044769644737244,0.13999980688095093
0.030036579817533493,0.1500002145767212,0.040044307708740234,0.15000019967556
0.040044307708740234,0.15000019967556,0.040044769644737244,0.13999980688095093
0.040044307708740234,0.15000019967556,0.05004580318927765,0.13999973237514496
0.040044307708740234,0.15000019967556,0.050045520067214966,0.15000015497207642
0.050045520067214966,0.15000015497207642,0.05004580318927765,0.13999973237514496
0.050045520067214966,0.15000015497207642,0.06003449857234955,0.139999657869339
0.050045520067214966,0.15000015497207642,0.06003442034125328,0.15000008046627045
0.06003442034125328,0.15000008046627045,0.06003449857234955,0.139999657869339
0.06003442034125328,0.15000008046627045,0.07000219076871872,0.1399996280670166
0.06003442034125328,0.15000008046627045,0.07000227272510529,0.14999999105930328
0.07000227272510529,0.14999999105930328,0.07000219076871872,0.1399996280670166
0.07000227272510529,0.14999999105930328,0.07993914932012558,0.13999971747398376
0.07000227272510529,0.14999999105930328,0.07993925362825394,0.1499999314546585
0.07993925362825394,0.1499999314546585,0.07993914932012558,0.13999971747398376
0.07993925362825394,0.1499999314546585,0.08984964340925217,0.14000001549720764
0.07993925362825394,0.1499999314546585,0.08984951674938202,0.15000000596046448
0.08984951674938202,0.15000000596046448,0.08984964340925217,0.14000001549720764
0.08984964340925217,0.14000001549720764,0.08984951674938202,0.15000000596046448
0.08984951674938202,0.15000000596046448,0.09848833084106445,0.14000049233436584
0.09848833084106445,0.14000049233436584,0.08984964340925217,0.14000001549720764
0.08984951674938202,0.15000000596046448,0.0984877273440361,0.15000025928020477
0.0984877273440361,0.15000025928020477,0.09848833084106445,0.14000049233436584
0.09972569346427917,0.1450003832578659,0.09848833084106445,0.14000049233436584
0.0984877273440361,0.15000025928020477,0.09972569346427917,0.1450003832578659
0.10475198179483414,0.14500027894973755,0.10486813634634018,0.14000056684017181
0.10486813634634018,0.14000056684017181,0.09979293495416641,0.14000050723552704
0.09979293495416641,0.14000050723552704,0.10475198179483414,0.14500027894973755
0.10486619174480438,0.14500027894973755,0.10486813634634018,0.14000056684017181
0.10475198179483414,0.14500027894973755,0.10486619174480438,0.14500027894973755
-0.10997087508440018,0.1500035673379898,-0.10997090488672256,0.1550009548664093
-0.10997090488672256,0.1550009548664093,-0.10486572980880737,0.15000152587890625
-0.10486572980880737,0.15000152587890625,-0.10997087508440018,0.1500035673379898
-0.10997090488672256,0.1550009548664093,-0.10486453026533127,0.15500088036060333
-0.10486453026533127,0.15500088036060333,-0.10486572980880737,0.15000152587890625
-0.09336084127426147,0.1600005179643631,-0.08984745293855667,0.15158440172672272
-0.08984745293855667,0.15158440172672272,-0.0898473709821701,0.16000038385391235
-0.0898473709821701,0.16000038385391235,-0.09336084127426147,0.1600005179643631
-0.09848632663488388,0.16000071167945862,-0.0997241660952568,0.155000701546669
-0.0997241660952568,0.155000701546669,-0.09336084127426147,0.1600005179643631
-0.09336084127426147,0.1600005179643631,-0.09848632663488388,0.16000071167945862
-0.0997241660952568,0.155000701546669,-0.08984745293855667,0.15158440172672272
-0.08984745293855667,0.15158440172672272,-0.09336084127426147,0.1600005179643631
-0.0997241660952568,0.155000701546669,-0.09848707169294357,0.15000075101852417
-0.09848707169294357,0.15000075101852417,-0.08984745293855667,0.15158440172672272
-0.08984746783971786,0.15000028908252716,-0.08984745293855667,0.15158440172672272
-0.09848707169294357,0.15000075101852417,-0.08984746783971786,0.15000028908252716
-0.08881084620952606,0.15000027418136597,-0.08984745293855667,0.15158440172672272
-0.08984745293855667,0.15158440172672272,-0.0898473709821701,0.16000038385391235
-0.0898473709821701,0.16000038385391235,-0.08881084620952606,0.15000027418136597
-0.0898473709821701,0.16000038385391235,-0.07993708550930023,0.15000019967556
-0.0898473709821701,0.16000038385391235,-0.07993683964014053,0.16000044345855713
-0.07993683964014053,0.16000044345855713,-0.07993708550930023,0.15000019967556
-0.08984746783971786,0.15000028908252716,-0.08984745293855667,0.15158440172672272
-0.07993683964014053,0.16000044345855713,-0.0700003057718277,0.15000027418136597
-0.07993683964014053,0.16000044345855713,-0.06999985873699188,0.16000063717365265
-0.06999985873699188,0.16000063717365265,-0.0700003057718277,0.15000027418136597
-0.06999985873699188,0.16000063717365265,-0.060032833367586136,0.15000037848949432
-0.06999985873699188,0.16000063717365265,-0.06003214791417122,0.1600007712841034
-0.06003214791417122,0.1600007712841034,-0.060032833367586136,0.15000037848949432
-0.06003214791417122,0.1600007712841034,-0.05004424229264259,0.1500004231929779
-0.06003214791417122,0.1600007712841034,-0.05004331097006798,0.16000081598758698
-0.05004331097006798,0.16000081598758698,-0.05004424229264259,0.1500004231929779
-0.05004331097006798,0.16000081598758698,-0.04004339873790741,0.1500004082918167
-0.05004331097006798,0.16000081598758698,-0.04004225507378578,0.1600007563829422
-0.04004225507378578,0.1600007563829422,-0.04004339873790741,0.1500004082918167
-0.04004225507378578,0.1600007563829422,-0.030036024749279022,0.15000036358833313
-0.04004225507378578,0.1600007563829422,-0.03003474697470665,0.16000066697597504
-0.03003474697470665,0.16000066697597504,-0.030036024749279022,0.15000036358833313
-0.03003474697470665,0.16000066697597504,-0.020025335252285004,0.15000030398368835
-0.03003474697470665,0.16000066697597504,-0.020024031400680542,0.16000056266784668
-0.020024031400680542,0.16000056266784668,-0.020025335252285004,0.15000030398368835
-0.020024031400680542,0.16000056266784668,-0.010012968443334103,0.15000027418136597
-0.020024031400680542,0.16000056266784668,-0.010012075304985046,0.1600004881620407
-0.010012075304985046,0.1600004881620407,-0.010012968443334103,0.15000027418136597
-0.010012075304985046,0.1600004881620407,7.039224669824762e-08,0.15000024437904358
-0.010012075304985046,0.1600004881620407,1.0618916945759338e-07,0.16000044345855713
1.0618916945759338e-07,0.16000044345855713,7.039224669824762e-08,0.15000024437904358
1.0618916945759338e-07,0.16000044345855713,0.010013128630816936,0.1500002145767212
1.0618916945759338e-07,0.16000044345855713,0.010012325830757618,0.16000044345855713
0.010012325830757618,0.16000044345855713,0.010013128630816936,0.1500002145767212
0.010012325830757618,0.16000044345855713,0.020025642588734627,0.1500002145767212
0.010012325830757618,0.16000044345855713,0.02002442441880703,0.16000047326087952
0.02002442441880703,0.16000047326087952,0.020025642588734627,0.1500002145767212
0.022299330681562424,0.1600004881620407,0.03003622032701969,0.15304996073246002
0.03003622032701969,0.15304996073246002,0.030036579817533493,0.1500002145767212
0.030036579817533493,0.1500002145767212,0.022299330681562424,0.1600004881620407
0.030036579817533493,0.1500002145767212,0.02002442441880703,0.16000047326087952
0.02002442441880703,0.16000047326087952,0.022299330681562424,0.1600004881620407
0.022299330681562424,0.1600004881620407,0.03003539890050888,0.1600005328655243
0.03003539890050888,0.1600005328655243,0.03003622032701969,0.15304996073246002
0.03003622032701969,0.15304996073246002,0.04004381597042084,0.15483511984348297
0.04004381597042084,0.15483511984348297,0.040044307708740234,0.15000019967556
0.040044307708740234,0.15000019967556,0.03003622032701969,0.15304996073246002
0.040043290704488754,0.16000057756900787,0.03003622032701969,0.15304996073246002
0.03003539890050888,0.1600005328655243,0.040043290704488754,0.16000057756900787
0.040043290704488754,0.16000057756900787,0.04004381597042084,0.15483511984348297
0.04004381597042084,0.15483511984348297,0.043775543570518494,0.16000057756900787
0.043775543570518494,0.16000057756900787,0.050044767558574677,0.16000059247016907
0.050044767558574677,0.16000059247016907,0.04004381597042084,0.15483511984348297
0.050044767558574677,0.16000059247016907,0.040044307708740234,0.15000019967556
0.050044767558574677,0.16000059247016907,0.050045520067214966,0.15000015497207642
0.040043290704488754,0.16000057756900787,0.043775543570518494,0.16000057756900787
0.050044767558574677,0.16000059247016907,0.06003442034125328,0.15000008046627045
0.050044767558574677,0.16000059247016907,0.06003398448228836,0.1600005328655243
0.06003398448228836,0.1600005328655243,0.06003442034125328,0.15000008046627045
0.06003398448228836,0.1600005328655243,0.07000227272510529,0.14999999105930328
0.06003398448228836,0.1600005328655243,0.07000211626291275,0.16000042855739594
0.07000211626291275,0.16000042855739594,0.07000227272510529,0.14999999105930328
0.07000211626291275,0.16000042855739594,0.07993925362825394,0.1499999314546585
0.07000211626291275,0.16000042855739594,0.07993924617767334,0.1600002944469452
0.07993924617767334,0.1600002944469452,0.07993925362825394,0.1499999314546585
0.07993924617767334,0.1600002944469452,0.08984951674938202,0.15000000596046448
0.07993924617767334,0.1600002944469452,0.08984945714473724,0.160000279545784
0.08984945714473724,0.160000279545784,0.08984951674938202,0.15000000596046448
0.08984951674938202,0.15000000596046448,0.0984877273440361,0.15000025928020477
0.0984877273440361,0.15000025928020477,0.08984945714473724,0.160000279545784
0.08984945714473724,0.160000279545784,0.08984951674938202,0.15000000596046448
0.0984877273440361,0.15000025928020477,0.09848776459693909,0.16000066697597504
0.09848776459693909,0.16000066697597504,0.08984945714473724,0.160000279545784
0.09972493350505829,0.15500065684318542,0.09848776459693909,0.16000066697597504
0.0984877273440361,0.15000025928020477,0.09972493350505829,0.15500065684318542
0.10140404105186462,0.15500077605247498,0.10486694425344467,0.1499999463558197
0.10486694425344467,0.1499999463558197,0.10086090862751007,0.15000014007091522
0.10086090862751007,0.15000014007091522,0.10140404105186462,0.15500077605247498
0.10486533492803574,0.15500099956989288,0.10486694425344467,0.1499999463558197
0.10140404105186462,0.15500077605247498,0.10486533492803574,0.15500099956989288
-0.10997098684310913,0.16000142693519592,-0.10997095704078674,0.16500118374824524
-0.10997095704078674,0.16500118374824524,-0.10486577451229095,0.16000103950500488
-0.10486577451229095,0.16000103950500488,-0.10997098684310913,0.16000142693519592
-0.10997095704078674,0.16500118374824524,-0.10486464202404022,0.165000781416893
-0.10486464202404022,0.165000781416893,-0.10486577451229095,0.16000103950500488
-0.08984728902578354,0.17000044882297516,-0.09848623722791672,0.17000022530555725
-0.09848623722791672,0.17000022530555725,-0.0898473709821701,0.16000038385391235
-0.0898473709821701,0.16000038385391235,-0.08984728902578354,0.17000044882297516
-0.09848623722791672,0.17000022530555725,-0.09336084127426147,0.1600005179643631
-0.09851942211389542,0.169866144657135,-0.09336084127426147,0.1600005179643631
-0.09848623722791672,0.17000022530555725,-0.09851942211389542,0.169866144657135
-0.09972397983074188,0.1650005728006363,-0.09851942211389542,0.169866144657135
-0.09851942211389542,0.169866144657135,-0.09336084127426147,0.1600005179643631
-0.09336084127426147,0.1600005179643631,-0.09972397983074188,0.1650005728006363
-0.09336084127426147,0.1600005179643631,-0.09848632663488388,0.16000071167945862
-0.09848632663488388,0.16000071167945862,-0.09972397983074188,0.1650005728006363
-0.0898473709821701,0.16000038385391235,-0.08984728902578354,0.17000044882297516
-0.08984728902578354,0.17000044882297516,-0.07993683964014053,0.16000044345855713
-0.08984728902578354,0.17000044882297516,-0.0799364447593689,0.1700008064508438
-0.0799364447593689,0.1700008064508438,-0.07993683964014053,0.16000044345855713
-0.0799364447593689,0.1700008064508438,-0.06999985873699188,0.16000063717365265
-0.0799364447593689,0.1700008064508438,-0.0699990838766098,0.17000113427639008
-0.0699990838766098,0.17000113427639008,-0.06999985873699188,0.16000063717365265
-0.0699990838766098,0.17000113427639008,-0.06003214791417122,0.1600007712841034
-0.0699990838766098,0.17000113427639008,-0.06003092601895332,0.17000128328800201
-0.06003092601895332,0.17000128328800201,-0.06003214791417122,0.1600007712841034
-0.06003092601895332,0.17000128328800201,-0.05004331097006798,0.16000081598758698
-0.06003092601895332,0.17000128328800201,-0.05004164204001427,0.17000125348567963
-0.05004164204001427,0.17000125348567963,-0.05004331097006798,0.16000081598758698
-0.05004164204001427,0.17000125348567963,-0.04004225507378578,0.1600007563829422
-0.05004164204001427,0.17000125348567963,-0.04004022479057312,0.1700011044740677
-0.04004022479057312,0.1700011044740677,-0.04004225507378578,0.1600007563829422
-0.04004022479057312,0.1700011044740677,-0.03003474697470665,0.16000066697597504
-0.04004022479057312,0.1700011044740677,-0.03003249503672123,0.17000089585781097
-0.03003249503672123,0.17000089585781097,-0.03003474697470665,0.16000066697597504
-0.03003249503672123,0.17000089585781097,-0.020024031400680542,0.16000056266784668
-0.03003249503672123,0.17000089585781097,-0.020022118464112282,0.17000071704387665
-0.020022118464112282,0.17000071704387665,-0.020024031400680542,0.16000056266784668
-0.020022118464112282,0.17000071704387665,-0.010012075304985046,0.1600004881620407
-0.020022118464112282,0.17000071704387665,-0.010011057369410992,0.1700005829334259
-0.010011057369410992,0.1700005829334259,-0.010012075304985046,0.1600004881620407
-0.010011057369410992,0.1700005829334259,1.0618916945759338e-07,0.16000044345855713
-0.010011057369410992,0.1700005829334259,1.4882155596751545e-07,0.17000052332878113
1.4882155596751545e-07,0.17000052332878113,1.0618916945759338e-07,0.16000044345855713
1.4882155596751545e-07,0.17000052332878113,0.010012325830757618,0.16000044345855713
1.4882155596751545e-07,0.17000052332878113,0.0100114019587636,0.17000055313110352
0.0100114019587636,0.17000055313110352,0.010012325830757618,0.16000044345855713
0.016710856929421425,0.1700006127357483,0.020023858174681664,0.1631324142217636
0.020023858174681664,0.1631324142217636,0.02002442441880703,0.16000047326087952
0.02002442441880703,0.16000047326087952,0.016710856929421425,0.1700006127357483
0.02002442441880703,0.16000047326087952,0.0100114019587636,0.17000055313110352
0.0100114019587636,0.17000055313110352,0.016710856929421425,0.1700006127357483
0.016710856929421425,0.1700006127357483,0.020022613927721977,0.17000064253807068
0.020022613927721977,0.17000064253807068,0.020023858174681664,0.1631324142217636
0.020023858174681664,0.1631324142217636,0.022299330681562424,0.1600004881620407
0.020023858174681664,0.1631324142217636,0.03003539890050888,0.1600005328655243
0.020022613927721977,0.17000064253807068,0.03003539890050888,0.1600005328655243
0.020022613927721977,0.17000064253807068,0.030033256858587265,0.17000079154968262
0.030033256858587265,0.17000079154968262,0.03003539890050888,0.1600005328655243
0.030033256858587265,0.17000079154968262,0.040043290704488754,0.16000057756900787
0.030033256858587265,0.17000079154968262,0.04004139453172684,0.17000095546245575
0.04004139453172684,0.17000095546245575,0.040043290704488754,0.16000057756900787
0.043775543570518494,0.16000057756900787,0.04637846350669861,0.1700010448694229
0.04637846350669861,0.1700010448694229,0.05004328489303589,0.1700010895729065
0.05004328489303589,0.1700010895729065,0.043775543570518494,0.16000057756900787
0.05004328489303589,0.1700010895729065,0.050044767558574677,0.16000059247016907
0.04004139453172684,0.17000095546245575,0.043775543570518494,0.16000057756900787
0.04004139453172684,0.17000095546245575,0.04637846350669861,0.1700010448694229
0.05004328489303589,0.1700010895729065,0.06003398448228836,0.1600005328655243
0.05004328489303589,0.1700010895729065,0.06003301218152046,0.17000116407871246
0.06003301218152046,0.17000116407871246,0.06003398448228836,0.1600005328655243
0.06003301218152046,0.17000116407871246,0.07000211626291275,0.16000042855739594
0.06003301218152046,0.17000116407871246,0.07000163942575455,0.17000111937522888
0.07000163942575455,0.17000111937522888,0.07000211626291275,0.16000042855739594
0.07000163942575455,0.17000111937522888,0.07993924617767334,0.1600002944469452
0.07000163942575455,0.17000111937522888,0.07993914932012558,0.17000095546245575
0.07993914932012558,0.17000095546245575,0.07993924617767334,0.1600002944469452
0.07993914932012558,0.17000095546245575,0.08984945714473724,0.160000279545784
0.07993914932012558,0.17000095546245575,0.08984952419996262,0.17000074684619904
0.08984952419996262,0.17000074684619904,0.08984945714473724,0.160000279545784
0.08984945714473724,0.160000279545784,0.09848776459693909,0.16000066697597504
0.09848776459693909,0.16000066697597504,0.08984952419996262,0.17000074684619904
0.08984952419996262,0.17000074684619904,0.08984945714473724,0.160000279545784
0.09848776459693909,0.16000066697597504,0.09848847985267639,0.1700006127357483
0.09848847985267639,0.1700006127357483,0.08984952419996262,0.17000074684619904
0.09848776459693909,0.16000066697597504,0.09972544759511948,0.16500073671340942
0.09972544759511948,0.16500073671340942,0.09848847985267639,0.1700006127357483
-0.08984716981649399,0.18000061810016632,-0.09848669916391373,0.17999961972236633
-0.09848669916391373,0.17999961972236633,-0.08984728902578354,0.17000044882297516
-0.08984728902578354,0.17000044882297516,-0.08984716981649399,0.18000061810016632
-0.09848669916391373,0.17999961972236633,-0.09848623722791672,0.17000022530555725
-0.09848623722791672,0.17000022530555725,-0.08984728902578354,0.17000044882297516
-0.09848669916391373,0.17999961972236633,-0.09972403198480606,0.17500005662441254
-0.09972403198480606,0.17500005662441254,-0.09848623722791672,0.17000022530555725
-0.08984728902578354,0.17000044882297516,-0.08984716981649399,0.18000061810016632
-0.08984716981649399,0.18000061810016632,-0.0799364447593689,0.1700008064508438
-0.08984716981649399,0.18000061810016632,-0.07993597537279129,0.18000151216983795
-0.07993597537279129,0.18000151216983795,-0.0799364447593689,0.1700008064508438
-0.07993597537279129,0.18000151216983795,-0.0699990838766098,0.17000113427639008
-0.07993597537279129,0.18000151216983795,-0.06999798119068146,0.18000197410583496
-0.06999798119068146,0.18000197410583496,-0.0699990838766098,0.17000113427639008
-0.06999798119068146,0.18000197410583496,-0.06003092601895332,0.17000128328800201
-0.06999798119068146,0.18000197410583496,-0.060029011219739914,0.18000200390815735
-0.060029011219739914,0.18000200390815735,-0.06003092601895332,0.17000128328800201
-0.060029011219739914,0.18000200390815735,-0.05004164204001427,0.17000125348567963
-0.060029011219739914,0.18000200390815735,-0.05003895238041878,0.18000176548957825
-0.05003895238041878,0.18000176548957825,-0.05004164204001427,0.17000125348567963
-0.05003895238041878,0.18000176548957825,-0.04004022479057312,0.1700011044740677
-0.05003895238041878,0.18000176548957825,-0.040036942809820175,0.1800013780593872
-0.040036942809820175,0.1800013780593872,-0.04004022479057312,0.1700011044740677
-0.040036942809820175,0.1800013780593872,-0.03003249503672123,0.17000089585781097
-0.040036942809820175,0.1800013780593872,-0.030029363930225372,0.18000100553035736
-0.030029363930225372,0.18000100553035736,-0.03003249503672123,0.17000089585781097
-0.030029363930225372,0.18000100553035736,-0.020022118464112282,0.17000071704387665
-0.030029363930225372,0.18000100553035736,-0.020019859075546265,0.1800006926059723
-0.020019859075546265,0.1800006926059723,-0.020022118464112282,0.17000071704387665
-0.020019859075546265,0.1800006926059723,-0.010011057369410992,0.1700005829334259
-0.020019859075546265,0.1800006926059723,-0.010009871795773506,0.18000049889087677
-0.010009871795773506,0.18000049889087677,-0.010011057369410992,0.1700005829334259
-0.010009871795773506,0.18000049889087677,1.4882155596751545e-07,0.17000052332878113
-0.010009871795773506,0.18000049889087677,1.7834835830399243e-07,0.1800004243850708
1.7834835830399243e-07,0.1800004243850708,1.4882155596751545e-07,0.17000052332878113
1.7834835830399243e-07,0.1800004243850708,0.0100114019587636,0.17000055313110352
1.7834835830399243e-07,0.1800004243850708,0.010010276921093464,0.18000046908855438
0.010010276921093464,0.18000046908855438,0.0100114019587636,0.17000055313110352
0.010010276921093464,0.18000046908855438,0.013683825731277466,0.18000052869319916
0.013683825731277466,0.18000052869319916,0.0100114019587636,0.17000055313110352
0.013683825731277466,0.18000052869319916,0.016710856929421425,0.1700006127357483
0.013683825731277466,0.18000052869319916,0.020022613927721977,0.17000064253807068
0.020020417869091034,0.18000063300132751,0.020022613927721977,0.17000064253807068
0.013683825731277466,0.18000052869319916,0.020020417869091034,0.18000063300132751
0.020020417869091034,0.18000063300132751,0.030033256858587265,0.17000079154968262
0.020020417869091034,0.18000063300132751,0.03003019094467163,0.1800009161233902
0.03003019094467163,0.1800009161233902,0.030033256858587265,0.17000079154968262
0.03003019094467163,0.1800009161233902,0.04004139453172684,0.17000095546245575
0.03003019094467163,0.1800009161233902,0.04003817215561867,0.18000127375125885
0.04003817215561867,0.18000127375125885,0.04004139453172684,0.17000095546245575
0.04637846350669861,0.1700010448694229,0.0454648993909359,0.18000148236751556
0.0454648993909359,0.18000148236751556,0.05004068464040756,0.1800016611814499
0.05004068464040756,0.1800016611814499,0.04637846350669861,0.1700010448694229
0.05004068464040756,0.1800016611814499,0.05004328489303589,0.1700010895729065
0.04003817215561867,0.18000127375125885,0.04637846350669861,0.1700010448694229
0.04003817215561867,0.18000127375125885,0.0454648993909359,0.18000148236751556
0.05004068464040756,0.1800016611814499,0.06003301218152046,0.17000116407871246
0.05004068464040756,0.1800016611814499,0.060031235218048096,0.18000197410583496
0.060031235218048096,0.18000197410583496,0.06003301218152046,0.17000116407871246
0.060031235218048096,0.18000197410583496,0.07000163942575455,0.17000111937522888
0.060031235218048096,0.18000197410583496,0.07000072300434113,0.1800021529197693
0.07000072300434113,0.1800021529197693,0.07000163942575455,0.17000111937522888
0.07000072300434113,0.1800021529197693,0.07993914932012558,0.17000095546245575
0.07000072300434113,0.1800021529197693,0.07993891835212708,0.18000204861164093
0.07993891835212708,0.18000204861164093,0.07993914932012558,0.17000095546245575
0.07993891835212708,0.18000204861164093,0.08984952419996262,0.17000074684619904
0.07993891835212708,0.18000204861164093,0.08984966576099396,0.1800016611814499
0.08984966576099396,0.1800016611814499,0.08984952419996262,0.17000074684619904
0.08984966576099396,0.1800016611814499,0.09848874807357788,0.18000121414661407
0.09848874807357788,0.18000121414661407,0.08984952419996262,0.17000074684619904
0.08984952419996262,0.17000074684619904,0.08984966576099396,0.1800016611814499
0.09848874807357788,0.18000121414661407,0.09848847985267639,0.1700006127357483
0.09848847985267639,0.1700006127357483,0.08984952419996262,0.17000074684619904
0.09848874807357788,0.18000121414661407,0.0997258797287941,0.17500075697898865
0.0997258797287941,0.17500075697898865,0.09848847985267639,0.1700006127357483
-0.08984747529029846,0.19000177085399628,-0.09848687797784805,0.18999934196472168
-0.09848687797784805,0.18999934196472168,-0.08984716981649399,0.18000061810016632
-0.08984716981649399,0.18000061810016632,-0.08984747529029846,0.19000177085399628
-0.09848687797784805,0.18999934196472168,-0.09848669916391373,0.17999961972236633
-0.09848669916391373,0.17999961972236633,-0.08984716981649399,0.18000061810016632
-0.09972431510686874,0.1849992573261261,-0.09848669916391373,0.17999961972236633
-0.09848687797784805,0.18999934196472168,-0.09972431510686874,0.1849992573261261
-0.08984716981649399,0.18000061810016632,-0.08984747529029846,0.19000177085399628
-0.08984747529029846,0.19000177085399628,-0.07993597537279129,0.18000151216983795
-0.08984747529029846,0.19000177085399628,-0.07993578910827637,0.19000312685966492
-0.07993578910827637,0.19000312685966492,-0.07993597537279129,0.18000151216983795
-0.07993578910827637,0.19000312685966492,-0.06999798119068146,0.18000197410583496
-0.07993578910827637,0.19000312685966492,-0.06999661773443222,0.1900034248828888
-0.06999661773443222,0.1900034248828888,-0.06999798119068146,0.18000197410583496
-0.06999661773443222,0.1900034248828888,-0.060029011219739914,0.18000200390815735
-0.06999661773443222,0.1900034248828888,-0.06002620980143547,0.19000302255153656
-0.06002620980143547,0.19000302255153656,-0.060029011219739914,0.18000200390815735
-0.06002620980143547,0.19000302255153656,-0.05003895238041878,0.18000176548957825
-0.06002620980143547,0.19000302255153656,-0.05003487318754196,0.19000232219696045
-0.05003487318754196,0.19000232219696045,-0.05003895238041878,0.18000176548957825
-0.05003487318754196,0.19000232219696045,-0.040036942809820175,0.1800013780593872
-0.05003487318754196,0.19000232219696045,-0.0400325283408165,0.19000157713890076
-0.0400325283408165,0.19000157713890076,-0.040036942809820175,0.1800013780593872
-0.0400325283408165,0.19000157713890076,-0.030029363930225372,0.18000100553035736
-0.0400325283408165,0.19000157713890076,-0.030025580897927284,0.19000093638896942
-0.030025580897927284,0.19000093638896942,-0.030029363930225372,0.18000100553035736
-0.030025580897927284,0.19000093638896942,-0.020019859075546265,0.1800006926059723
-0.030025580897927284,0.19000093638896942,-0.020017167553305626,0.1900004744529724
-0.020017167553305626,0.1900004744529724,-0.020019859075546265,0.1800006926059723
-0.020017167553305626,0.1900004744529724,-0.010009871795773506,0.18000049889087677
-0.020017167553305626,0.1900004744529724,-0.010008483193814754,0.19000020623207092
-0.010008483193814754,0.19000020623207092,-0.010009871795773506,0.18000049889087677
-0.010008483193814754,0.19000020623207092,1.7834835830399243e-07,0.1800004243850708
-0.010008483193814754,0.19000020623207092,1.826059872200858e-07,0.19000010192394257
1.826059872200858e-07,0.19000010192394257,1.7834835830399243e-07,0.1800004243850708
1.826059872200858e-07,0.19000010192394257,0.010010276921093464,0.18000046908855438
1.826059872200858e-07,0.19000010192394257,0.01000889390707016,0.19000017642974854
0.01000889390707016,0.19000017642974854,0.010010276921093464,0.18000046908855438
0.01000889390707016,0.19000017642974854,0.01134792435914278,0.19000020623207092
0.01134792435914278,0.19000020623207092,0.010010276921093464,0.18000046908855438
0.01134792435914278,0.19000020623207092,0.013683825731277466,0.18000052869319916
0.01134792435914278,0.19000020623207092,0.020020417869091034,0.18000063300132751
0.020017720758914948,0.19000042974948883,0.020020417869091034,0.18000063300132751
0.01134792435914278,0.19000020623207092,0.020017720758914948,0.19000042974948883
0.020017720758914948,0.19000042974948883,0.03003019094467163,0.1800009161233902
0.020017720758914948,0.19000042974948883,0.030026383697986603,0.19000086188316345
0.030026383697986603,0.19000086188316345,0.03003019094467163,0.1800009161233902
0.030026383697986603,0.19000086188316345,0.04003817215561867,0.18000127375125885
0.030026383697986603,0.19000086188316345,0.040033694356679916,0.1900014728307724
0.040033694356679916,0.1900014728307724,0.04003817215561867,0.18000127375125885
0.0454648993909359,0.18000148236751556,0.04391680657863617,0.19000175595283508
0.04391680657863617,0.19000175595283508,0.05003650486469269,0.1900022029876709
0.05003650486469269,0.1900022029876709,0.0454648993909359,0.18000148236751556
0.05003650486469269,0.1900022029876709,0.05004068464040756,0.1800016611814499
0.040033694356679916,0.1900014728307724,0.0454648993909359,0.18000148236751556
0.040033694356679916,0.1900014728307724,0.04391680657863617,0.19000175595283508
0.05003650486469269,0.1900022029876709,0.060031235218048096,0.18000197410583496
0.05003650486469269,0.1900022029876709,0.060028325766325,0.19000296294689178
0.060028325766325,0.19000296294689178,0.060031235218048096,0.18000197410583496
0.060028325766325,0.19000296294689178,0.07000072300434113,0.1800021529197693
0.060028325766325,0.19000296294689178,0.06999920308589935,0.19000348448753357
0.06999920308589935,0.19000348448753357,0.07000072300434113,0.1800021529197693
0.06999920308589935,0.19000348448753357,0.07993891835212708,0.18000204861164093
0.06999920308589935,0.19000348448753357,0.07993847876787186,0.19000345468521118
0.07993847876787186,0.19000345468521118,0.07993891835212708,0.18000204861164093
0.07993847876787186,0.19000345468521118,0.08984966576099396,0.1800016611814499
0.07993847876787186,0.19000345468521118,0.08984962850809097,0.19000257551670074
0.08984962850809097,0.19000257551670074,0.08984966576099396,0.1800016611814499
0.08984962850809097,0.19000257551670074,0.08984966576099396,0.1800016611814499
0.08984966576099396,0.1800016611814499,0.09848833829164505,0.19000080227851868
0.09848833829164505,0.19000080227851868,0.08984962850809097,0.19000257551670074
0.08984966576099396,0.1800016611814499,0.09848874807357788,0.18000121414661407
0.09848874807357788,0.18000121414661407,0.09848833829164505,0.19000080227851868
0.09972547739744186,0.1850009262561798,0.09848833829164505,0.19000080227851868
0.09848874807357788,0.18000121414661407,0.09972547739744186,0.1850009262561798
-0.09848687797784805,0.18999934196472168,-0.08984747529029846,0.19000177085399628
-0.08984747529029846,0.19000177085399628,-0.09972430020570755,0.1949997842311859
-0.09972430020570755,0.1949997842311859,-0.09848687797784805,0.18999934196472168
-0.09902942925691605,0.19780796766281128,-0.09972430020570755,0.1949997842311859
-0.09972430020570755,0.1949997842311859,-0.08984784781932831,0.19284053146839142
-0.08984784781932831,0.19284053146839142,-0.09902942925691605,0.19780796766281128
-0.08984747529029846,0.19000177085399628,-0.08984784781932831,0.19284053146839142
-0.08984877914190292,0.20000497996807098,-0.08984784781932831,0.19284053146839142
-0.08984784781932831,0.19284053146839142,-0.09902942925691605,0.19780796766281128
-0.09902942925691605,0.19780796766281128,-0.08984877914190292,0.20000497996807098
-0.09902942925691605,0.19780796766281128,-0.09848703444004059,0.2000012993812561
-0.09848703444004059,0.2000012993812561,-0.08984877914190292,0.20000497996807098
-0.08984784781932831,0.19284053146839142,-0.07993600517511368,0.19355513155460358
-0.07993600517511368,0.19355513155460358,-0.07993578910827637,0.19000312685966492
-0.07993578910827637,0.19000312685966492,-0.08984784781932831,0.19284053146839142
-0.08984747529029846,0.19000177085399628,-0.08984784781932831,0.19284053146839142
-0.07993639260530472,0.20000627636909485,-0.08984784781932831,0.19284053146839142
-0.08984784781932831,0.19284053146839142,-0.08984877914190292,0.20000497996807098
-0.08984877914190292,0.20000497996807098,-0.07993639260530472,0.20000627636909485
-0.07993639260530472,0.20000627636909485,-0.07993600517511368,0.19355513155460358
-0.07993600517511368,0.19355513155460358,-0.06999523192644119,0.19965007901191711
-0.06999523192644119,0.19965007901191711,-0.06999661773443222,0.1900034248828888
-0.06999661773443222,0.1900034248828888,-0.07993600517511368,0.19355513155460358
-0.06999517977237701,0.2000056952238083,-0.07993600517511368,0.19355513155460358
-0.07993639260530472,0.20000627636909485,-0.06999517977237701,0.2000056952238083
-0.06999517977237701,0.2000056952238083,-0.06999523192644119,0.19965007901191711
-0.06999523192644119,0.19965007901191711,-0.06939207017421722,0.20000560581684113
-0.06939207017421722,0.20000560581684113,-0.060022395104169846,0.20000429451465607
-0.060022395104169846,0.20000429451465607,-0.06999523192644119,0.19965007901191711
-0.060022395104169846,0.20000429451465607,-0.06999661773443222,0.1900034248828888
-0.060022395104169846,0.20000429451465607,-0.06002620980143547,0.19000302255153656
-0.06999517977237701,0.2000056952238083,-0.06939207017421722,0.20000560581684113
-0.060022395104169846,0.20000429451465607,-0.05003487318754196,0.19000232219696045
-0.060022395104169846,0.20000429451465607,-0.050029583275318146,0.20000280439853668
-0.050029583275318146,0.20000280439853668,-0.05003487318754196,0.19000232219696045
-0.050029583275318146,0.20000280439853668,-0.0400325283408165,0.19000157713890076
-0.050029583275318146,0.20000280439853668,-0.04002710059285164,0.2000015825033188
-0.04002710059285164,0.2000015825033188,-0.0400325283408165,0.19000157713890076
-0.04002710059285164,0.2000015825033188,-0.030025580897927284,0.19000093638896942
-0.04002710059285164,0.2000015825033188,-0.03002103976905346,0.20000068843364716
-0.03002103976905346,0.20000068843364716,-0.030025580897927284,0.19000093638896942
-0.03002103976905346,0.20000068843364716,-0.020017167553305626,0.1900004744529724
-0.03002103976905346,0.20000068843364716,-0.020013989880681038,0.2000000923871994
-0.020013989880681038,0.2000000923871994,-0.020017167553305626,0.1900004744529724
-0.020013989880681038,0.2000000923871994,-0.010008483193814754,0.19000020623207092
-0.020013989880681038,0.2000000923871994,-0.01000687014311552,0.19999974966049194
-0.01000687014311552,0.19999974966049194,-0.010008483193814754,0.19000020623207092
-0.01000687014311552,0.19999974966049194,1.826059872200858e-07,0.19000010192394257
-0.01000687014311552,0.19999974966049194,1.6055965090799873e-07,0.1999996453523636
1.6055965090799873e-07,0.1999996453523636,1.826059872200858e-07,0.19000010192394257
0.009334939531981945,0.19999973475933075,0.010007745586335659,0.19690349698066711
0.010007745586335659,0.19690349698066711,0.01000889390707016,0.19000017642974854
0.01000889390707016,0.19000017642974854,0.009334939531981945,0.19999973475933075
0.01000889390707016,0.19000017642974854,1.6055965090799873e-07,0.1999996453523636
1.6055965090799873e-07,0.1999996453523636,0.009334939531981945,0.19999973475933075
0.009334939531981945,0.19999973475933075,0.010007230564951897,0.19999973475933075
0.010007230564951897,0.19999973475933075,0.010007745586335659,0.19690349698066711
0.010007745586335659,0.19690349698066711,0.01134792435914278,0.19000020623207092
0.010007745586335659,0.19690349698066711,0.020017720758914948,0.19000042974948883
0.010007230564951897,0.19999973475933075,0.020017720758914948,0.19000042974948883
0.010007230564951897,0.19999973475933075,0.020014474168419838,0.20000004768371582
0.020014474168419838,0.20000004768371582,0.020017720758914948,0.19000042974948883
0.020014474168419838,0.20000004768371582,0.030026383697986603,0.19000086188316345
0.020014474168419838,0.20000004768371582,0.03002173826098442,0.2000006139278412
0.03002173826098442,0.2000006139278412,0.030026383697986603,0.19000086188316345
0.03002173826098442,0.2000006139278412,0.040033694356679916,0.1900014728307724
0.03002173826098442,0.2000006139278412,0.04002811014652252,0.20000146329402924
0.04002811014652252,0.20000146329402924,0.040033694356679916,0.1900014728307724
0.04391680657863617,0.19000175595283508,0.04320608079433441,0.20000183582305908
0.04320608079433441,0.20000183582305908,0.05003097280859947,0.20000262558460236
0.05003097280859947,0.20000262558460236,0.04391680657863617,0.19000175595283508
0.05003097280859947,0.20000262558460236,0.05003650486469269,0.1900022029876709
0.04002811014652252,0.20000146329402924,0.04391680657863617,0.19000175595283508
0.04002811014652252,0.20000146329402924,0.04320608079433441,0.20000183582305908
0.05003097280859947,0.20000262558460236,0.060028325766325,0.19000296294689178
0.05003097280859947,0.20000262558460236,0.06002417951822281,0.20000402629375458
0.06002417951822281,0.20000402629375458,0.060028325766325,0.19000296294689178
0.06002417951822281,0.20000402629375458,0.06999920308589935,0.19000348448753357
0.06002417951822281,0.20000402629375458,0.06999732553958893,0.20000529289245605
0.06999732553958893,0.20000529289245605,0.06999920308589935,0.19000348448753357
0.06999732553958893,0.20000529289245605,0.07993847876787186,0.19000345468521118
0.06999732553958893,0.20000529289245605,0.07993848621845245,0.20000575482845306
0.07993848621845245,0.20000575482845306,0.07993847876787186,0.19000345468521118
0.07993848621845245,0.20000575482845306,0.08984962850809097,0.19000257551670074
0.07993848621845245,0.20000575482845306,0.08985017985105515,0.2000044882297516
0.08985017985105515,0.2000044882297516,0.08984962850809097,0.19000257551670074
0.08985017985105515,0.2000044882297516,0.09848856180906296,0.20000135898590088
0.09848856180906296,0.20000135898590088,0.08984962850809097,0.19000257551670074
0.09848856180906296,0.20000135898590088,0.09848833829164505,0.19000080227851868
0.09848833829164505,0.19000080227851868,0.08984962850809097,0.19000257551670074
0.0997258722782135,0.19500063359737396,0.09848833829164505,0.19000080227851868
0.09848856180906296,0.20000135898590088,0.0997258722782135,0.19500063359737396
-0.10590385645627975,0.19999955594539642,-0.10486584156751633,0.20142139494419098
-0.10486584156751633,0.20142139494419098,-0.1048661544919014,0.1999998241662979
-0.1048661544919014,0.1999998241662979,-0.10590385645627975,0.19999955594539642
-0.08985275030136108,0.21001169085502625,-0.08984877914190292,0.20000497996807098
-0.08984877914190292,0.20000497996807098,-0.09848853945732117,0.2100057750940323
-0.09848853945732117,0.2100057750940323,-0.08985275030136108,0.21001169085502625
-0.08984877914190292,0.20000497996807098,-0.09848703444004059,0.2000012993812561
-0.09848703444004059,0.2000012993812561,-0.09848853945732117,0.2100057750940323
-0.09848703444004059,0.2000012993812561,-0.09972500801086426,0.20500263571739197
-0.09972500801086426,0.20500263571739197,-0.09848853945732117,0.2100057750940323
-0.08984877914190292,0.20000497996807098,-0.08985275030136108,0.21001169085502625
-0.08985275030136108,0.21001169085502625,-0.07993639260530472,0.20000627636909485
-0.08985275030136108,0.21001169085502625,-0.07993944734334946,0.21001139283180237
-0.07993944734334946,0.21001139283180237,-0.07993639260530472,0.20000627636909485
-0.07993944734334946,0.21001139283180237,-0.06999517977237701,0.2000056952238083
-0.07993944734334946,0.21001139283180237,-0.06999468803405762,0.21000850200653076
-0.06999468803405762,0.21000850200653076,-0.06999517977237701,0.2000056952238083
-0.06939207017421722,0.20000560581684113,-0.060018815100193024,0.20812444388866425
-0.060018815100193024,0.20812444388866425,-0.060022395104169846,0.20000429451465607
-0.06939207017421722,0.20000560581684113,-0.060017988085746765,0.21000540256500244
-0.060017988085746765,0.21000540256500244,-0.060018815100193024,0.20812444388866425
-0.06999517977237701,0.2000056952238083,-0.060017988085746765,0.21000540256500244
-0.06999468803405762,0.21000850200653076,-0.060017988085746765,0.21000540256500244
-0.060018815100193024,0.20812444388866425,-0.05686594918370247,0.21000464260578156
-0.05686594918370247,0.21000464260578156,-0.05002304166555405,0.21000300347805023
-0.05002304166555405,0.21000300347805023,-0.060018815100193024,0.20812444388866425
-0.05002304166555405,0.21000300347805023,-0.060022395104169846,0.20000429451465607
-0.05002304166555405,0.21000300347805023,-0.050029583275318146,0.20000280439853668
-0.060017988085746765,0.21000540256500244,-0.05686594918370247,0.21000464260578156
-0.05002304166555405,0.21000300347805023,-0.04002710059285164,0.2000015825033188
-0.05002304166555405,0.21000300347805023,-0.040020667016506195,0.2100013643503189
-0.040020667016506195,0.2100013643503189,-0.04002710059285164,0.2000015825033188
-0.040020667016506195,0.2100013643503189,-0.03002103976905346,0.20000068843364716
-0.040020667016506195,0.2100013643503189,-0.030015796422958374,0.21000030636787415
-0.030015796422958374,0.21000030636787415,-0.03002103976905346,0.20000068843364716
-0.030015796422958374,0.21000030636787415,-0.020013989880681038,0.2000000923871994
-0.030015796422958374,0.21000030636787415,-0.020010391250252724,0.20999965071678162
-0.020010391250252724,0.20999965071678162,-0.020013989880681038,0.2000000923871994
-0.020010391250252724,0.20999965071678162,-0.01000687014311552,0.19999974966049194
-0.020010391250252724,0.20999965071678162,-0.010005068965256214,0.20999929308891296
-0.010005068965256214,0.20999929308891296,-0.01000687014311552,0.19999974966049194
-0.010005068965256214,0.20999929308891296,1.6055965090799873e-07,0.1999996453523636
-0.010005068965256214,0.20999929308891296,1.204353168304806e-07,0.2099991738796234
1.204353168304806e-07,0.2099991738796234,1.6055965090799873e-07,0.1999996453523636
1.204353168304806e-07,0.2099991738796234,0.007546580396592617,0.20999924838542938
0.007546580396592617,0.20999924838542938,1.6055965090799873e-07,0.1999996453523636
0.007546580396592617,0.20999924838542938,0.009334939531981945,0.19999973475933075
0.007546580396592617,0.20999924838542938,0.010007230564951897,0.19999973475933075
0.010005340911448002,0.20999927818775177,0.010007230564951897,0.19999973475933075
0.007546580396592617,0.20999924838542938,0.010005340911448002,0.20999927818775177
0.010005340911448002,0.20999927818775177,0.020014474168419838,0.20000004768371582
0.010005340911448002,0.20999927818775177,0.020010758191347122,0.20999962091445923
0.020010758191347122,0.20999962091445923,0.020014474168419838,0.20000004768371582
0.020010758191347122,0.20999962091445923,0.03002173826098442,0.2000006139278412
0.020010758191347122,0.20999962091445923,0.030016329139471054,0.21000023186206818
0.030016329139471054,0.21000023186206818,0.03002173826098442,0.2000006139278412
0.030016329139471054,0.21000023186206818,0.04002811014652252,0.20000146329402924
0.030016329139471054,0.21000023186206818,0.040021441876888275,0.21000124514102936
0.040021441876888275,0.21000124514102936,0.04002811014652252,0.20000146329402924
0.04320608079433441,0.20000183582305908,0.044692765921354294,0.21000194549560547
0.044692765921354294,0.21000194549560547,0.0500241182744503,0.21000275015830994
0.0500241182744503,0.21000275015830994,0.04320608079433441,0.20000183582305908
0.0500241182744503,0.21000275015830994,0.05003097280859947,0.20000262558460236
0.040021441876888275,0.21000124514102936,0.04320608079433441,0.20000183582305908
0.040021441876888275,0.21000124514102936,0.044692765921354294,0.21000194549560547
0.0500241182744503,0.21000275015830994,0.06002417951822281,0.20000402629375458
0.0500241182744503,0.21000275015830994,0.060019392520189285,0.21000491082668304
0.060019392520189285,0.21000491082668304,0.06002417951822281,0.20000402629375458
0.060019392520189285,0.21000491082668304,0.06999732553958893,0.20000529289245605
0.060019392520189285,0.21000491082668304,0.06999637186527252,0.2100076526403427
0.06999637186527252,0.2100076526403427,0.06999732553958893,0.20000529289245605
0.06999637186527252,0.2100076526403427,0.07993848621845245,0.20000575482845306
0.06999637186527252,0.2100076526403427,0.07994113117456436,0.2100100964307785
0.07994113117456436,0.2100100964307785,0.07993848621845245,0.20000575482845306
0.07994113117456436,0.2100100964307785,0.08985017985105515,0.2000044882297516
0.07994113117456436,0.2100100964307785,0.08985390514135361,0.21001020073890686
0.08985390514135361,0.21001020073890686,0.08985017985105515,0.2000044882297516
0.08985390514135361,0.21001020073890686,0.09848915785551071,0.21000495553016663
0.09848915785551071,0.21000495553016663,0.08985017985105515,0.2000044882297516
0.08985017985105515,0.2000044882297516,0.08985390514135361,0.21001020073890686
0.09848915785551071,0.21000495553016663,0.09848856180906296,0.20000135898590088
0.09848856180906296,0.20000135898590088,0.08985017985105515,0.2000044882297516
0.09972575306892395,0.2050023376941681,0.09848856180906296,0.20000135898590088
0.09848915785551071,0.21000495553016663,0.09972575306892395,0.2050023376941681
-0.10997098684310913,0.20999978482723236,-0.10997091978788376,0.21499983966350555
-0.10997091978788376,0.21499983966350555,-0.10486643016338348,0.2100021243095398
-0.10486643016338348,0.2100021243095398,-0.10997098684310913,0.20999978482723236
-0.10997091978788376,0.21499983966350555,-0.10486537963151932,0.21500499546527863
-0.10486537963151932,0.21500499546527863,-0.10486643016338348,0.2100021243095398
-0.08985275030136108,0.21001169085502625,-0.09848853945732117,0.2100057750940323
-0.09848853945732117,0.2100057750940323,-0.08986514061689377,0.220025435090065
-0.08986514061689377,0.220025435090065,-0.08985275030136108,0.21001169085502625
-0.09848853945732117,0.2100057750940323,-0.09849387407302856,0.22002451121807098
-0.09849387407302856,0.22002451121807098,-0.08986514061689377,0.220025435090065
-0.09848853945732117,0.2100057750940323,-0.09972681105136871,0.21501074731349945
-0.09972681105136871,0.21501074731349945,-0.09849387407302856,0.22002451121807098
-0.08985275030136108,0.21001169085502625,-0.08986514061689377,0.220025435090065
-0.08986514061689377,0.220025435090065,-0.07993944734334946,0.21001139283180237
-0.08986514061689377,0.220025435090065,-0.07994992285966873,0.22001782059669495
-0.07994992285966873,0.22001782059669495,-0.07993944734334946,0.21001139283180237
-0.07994992285966873,0.22001782059669495,-0.06999468803405762,0.21000850200653076
-0.07994992285966873,0.22001782059669495,-0.06999638676643372,0.22001038491725922
-0.06999638676643372,0.22001038491725922,-0.06999468803405762,0.21000850200653076
-0.06999638676643372,0.22001038491725922,-0.060017988085746765,0.21000540256500244
-0.06999638676643372,0.22001038491725922,-0.0600125789642334,0.22000554203987122
-0.0600125789642334,0.22000554203987122,-0.060017988085746765,0.21000540256500244
-0.05686594918370247,0.21000464260578156,-0.05001581460237503,0.21961583197116852
-0.05001581460237503,0.21961583197116852,-0.05002304166555405,0.21000300347805023
-0.05686594918370247,0.21000464260578156,-0.05001552402973175,0.22000263631343842
-0.05001552402973175,0.22000263631343842,-0.05001581460237503,0.21961583197116852
-0.060017988085746765,0.21000540256500244,-0.05001552402973175,0.22000263631343842
-0.0600125789642334,0.22000554203987122,-0.05001552402973175,0.22000263631343842
-0.05001581460237503,0.21961583197116852,-0.04930945485830307,0.22000251710414886
-0.04930945485830307,0.22000251710414886,-0.040013570338487625,0.22000092267990112
-0.040013570338487625,0.22000092267990112,-0.05001581460237503,0.21961583197116852
-0.040013570338487625,0.22000092267990112,-0.05002304166555405,0.21000300347805023
-0.040013570338487625,0.22000092267990112,-0.040020667016506195,0.2100013643503189
-0.05001552402973175,0.22000263631343842,-0.04930945485830307,0.22000251710414886
-0.040013570338487625,0.22000092267990112,-0.030015796422958374,0.21000030636787415
-0.040013570338487625,0.22000092267990112,-0.03001018799841404,0.21999992430210114
-0.03001018799841404,0.21999992430210114,-0.030015796422958374,0.21000030636787415
-0.03001018799841404,0.21999992430210114,-0.020010391250252724,0.20999965071678162
-0.03001018799841404,0.21999992430210114,-0.02000662125647068,0.21999935805797577
-0.02000662125647068,0.21999935805797577,-0.020010391250252724,0.20999965071678162
-0.02000662125647068,0.21999935805797577,-0.010005068965256214,0.20999929308891296
-0.02000662125647068,0.21999935805797577,-0.010003209114074707,0.2199990600347519
-0.010003209114074707,0.2199990600347519,-0.010005068965256214,0.20999929308891296
-0.010003209114074707,0.2199990600347519,1.204353168304806e-07,0.2099991738796234
-0.010003209114074707,0.2199990600347519,7.467732388022341e-08,0.21999897062778473
7.467732388022341e-08,0.21999897062778473,1.204353168304806e-07,0.2099991738796234
7.467732388022341e-08,0.21999897062778473,0.005810968112200499,0.2199990153312683
0.005810968112200499,0.2199990153312683,1.204353168304806e-07,0.2099991738796234
0.005810968112200499,0.2199990153312683,0.007546580396592617,0.20999924838542938
0.005810968112200499,0.2199990153312683,0.010005340911448002,0.20999927818775177
0.010003378614783287,0.2199990451335907,0.010005340911448002,0.20999927818775177
0.005810968112200499,0.2199990153312683,0.010003378614783287,0.2199990451335907
0.010003378614783287,0.2199990451335907,0.020010758191347122,0.20999962091445923
0.010003378614783287,0.2199990451335907,0.020006855949759483,0.2199993133544922
0.020006855949759483,0.2199993133544922,0.020010758191347122,0.20999962091445923
0.020006855949759483,0.2199993133544922,0.030016329139471054,0.21000023186206818
0.020006855949759483,0.2199993133544922,0.030010532587766647,0.21999986469745636
0.030010532587766647,0.21999986469745636,0.030016329139471054,0.21000023186206818
0.030010532587766647,0.21999986469745636,0.040021441876888275,0.21000124514102936
0.030010532587766647,0.21999986469745636,0.040014080703258514,0.22000080347061157
0.040014080703258514,0.22000080347061157,0.040021441876888275,0.21000124514102936
0.044692765921354294,0.21000194549560547,0.05001784488558769,0.21797588467597961
0.05001784488558769,0.21797588467597961,0.0500241182744503,0.21000275015830994
0.044692765921354294,0.21000194549560547,0.05001625046133995,0.22000236809253693
0.05001625046133995,0.22000236809253693,0.05001784488558769,0.21797588467597961
0.040021441876888275,0.21000124514102936,0.05001625046133995,0.22000236809253693
0.040014080703258514,0.22000080347061157,0.05001625046133995,0.22000236809253693
0.05001784488558769,0.21797588467597961,0.05172758921980858,0.22000281512737274
0.05172758921980858,0.22000281512737274,0.060013558715581894,0.22000502049922943
0.060013558715581894,0.22000502049922943,0.05001784488558769,0.21797588467597961
0.060013558715581894,0.22000502049922943,0.0500241182744503,0.21000275015830994
0.060013558715581894,0.22000502049922943,0.060019392520189285,0.21000491082668304
0.05001625046133995,0.22000236809253693,0.05172758921980858,0.22000281512737274
0.060013558715581894,0.22000502049922943,0.06999637186527252,0.2100076526403427
0.060013558715581894,0.22000502049922943,0.0699976310133934,0.22000941634178162
0.0699976310133934,0.22000941634178162,0.06999637186527252,0.2100076526403427
0.0699976310133934,0.22000941634178162,0.07994113117456436,0.2100100964307785
0.0699976310133934,0.22000941634178162,0.07995131611824036,0.22001618146896362
0.07995131611824036,0.22001618146896362,0.07994113117456436,0.2100100964307785
0.07995131611824036,0.22001618146896362,0.08985390514135361,0.21001020073890686
0.07995131611824036,0.22001618146896362,0.08986633270978928,0.22002333402633667
0.08986633270978928,0.22002333402633667,0.08985390514135361,0.21001020073890686
0.08985390514135361,0.21001020073890686,0.09848915785551071,0.21000495553016663
0.09848915785551071,0.21000495553016663,0.08986633270978928,0.22002333402633667
0.08986633270978928,0.22002333402633667,0.08985390514135361,0.21001020073890686
0.09848915785551071,0.21000495553016663,0.09849394857883453,0.2200232744216919
0.09849394857883453,0.2200232744216919,0.08986633270978928,0.22002333402633667
0.09972724318504333,0.215009868144989,0.09849394857883453,0.2200232744216919
0.09848915785551071,0.21000495553016663,0.09972724318504333,0.215009868144989
-0.10997091233730316,0.22000564634799957,-0.10997092723846436,0.2250235676765442
-0.10997092723846436,0.2250235676765442,-0.10486752539873123,0.22001449763774872
-0.10486752539873123,0.22001449763774872,-0.10997091233730316,0.22000564634799957
-0.10997092723846436,0.2250235676765442,-0.10486823320388794,0.2250368446111679
-0.10486823320388794,0.2250368446111679,-0.10486752539873123,0.22001449763774872
-0.08986514061689377,0.220025435090065,-0.09849387407302856,0.22002451121807098
-0.09849387407302856,0.22002451121807098,-0.08990192413330078,0.23004387319087982
-0.08990192413330078,0.23004387319087982,-0.08986514061689377,0.220025435090065
-0.09849387407302856,0.22002451121807098,-0.09854038804769516,0.23009167611598969
-0.09854038804769516,0.23009167611598969,-0.08990192413330078,0.23004387319087982
-0.09973728656768799,0.22504839301109314,-0.09854038804769516,0.23009167611598969
-0.09849387407302856,0.22002451121807098,-0.09973728656768799,0.22504839301109314
-0.08986514061689377,0.220025435090065,-0.08990192413330078,0.23004387319087982
-0.08990192413330078,0.23004387319087982,-0.07994992285966873,0.22001782059669495
-0.08990192413330078,0.23004387319087982,-0.07997097074985504,0.23001964390277863
-0.07997097074985504,0.23001964390277863,-0.07994992285966873,0.22001782059669495
-0.07997097074985504,0.23001964390277863,-0.06999638676643372,0.22001038491725922
-0.07997097074985504,0.23001964390277863,-0.06999845802783966,0.2300087958574295
-0.06999845802783966,0.2300087958574295,-0.06999638676643372,0.22001038491725922
-0.06999845802783966,0.2300087958574295,-0.0600125789642334,0.22000554203987122
-0.06999845802783966,0.2300087958574295,-0.060006774961948395,0.23000387847423553
-0.060006774961948395,0.23000387847423553,-0.0600125789642334,0.22000554203987122
-0.060006774961948395,0.23000387847423553,-0.05001552402973175,0.22000263631343842
-0.060006774961948395,0.23000387847423553,-0.050007905811071396,0.2300015240907669
-0.050007905811071396,0.2300015240907669,-0.05001552402973175,0.22000263631343842
-0.04930945485830307,0.22000251710414886,-0.04295359551906586,0.23000068962574005
-0.04295359551906586,0.23000068962574005,-0.04000670835375786,0.2300003319978714
-0.04000670835375786,0.2300003319978714,-0.04930945485830307,0.22000251710414886
-0.04000670835375786,0.2300003319978714,-0.040013570338487625,0.22000092267990112
-0.050007905811071396,0.2300015240907669,-0.04930945485830307,0.22000251710414886
-0.050007905811071396,0.2300015240907669,-0.04295359551906586,0.23000068962574005
-0.04000670835375786,0.2300003319978714,-0.03001018799841404,0.21999992430210114
-0.04000670835375786,0.2300003319978714,-0.030004944652318954,0.22999969124794006
-0.030004944652318954,0.22999969124794006,-0.03001018799841404,0.21999992430210114
-0.030004944652318954,0.22999969124794006,-0.02000662125647068,0.21999935805797577
-0.030004944652318954,0.22999969124794006,-0.020003177225589752,0.2299993485212326
-0.020003177225589752,0.2299993485212326,-0.02000662125647068,0.21999935805797577
-0.020003177225589752,0.2299993485212326,-0.010003209114074707,0.2199990600347519
-0.020003177225589752,0.2299993485212326,-0.01000153087079525,0.22999918460845947
-0.01000153087079525,0.22999918460845947,-0.010003209114074707,0.2199990600347519
-0.01000153087079525,0.22999918460845947,7.467732388022341e-08,0.21999897062778473
-0.01000153087079525,0.22999918460845947,3.469856224569412e-08,0.2299991250038147
3.469856224569412e-08,0.2299991250038147,7.467732388022341e-08,0.21999897062778473
3.469856224569412e-08,0.2299991250038147,0.004502165596932173,0.22999915480613708
0.004502165596932173,0.22999915480613708,7.467732388022341e-08,0.21999897062778473
0.004502165596932173,0.22999915480613708,0.005810968112200499,0.2199990153312683
0.004502165596932173,0.22999915480613708,0.010003378614783287,0.2199990451335907
0.010001610964536667,0.22999918460845947,0.010003378614783287,0.2199990451335907
0.004502165596932173,0.22999915480613708,0.010001610964536667,0.22999918460845947
0.010001610964536667,0.22999918460845947,0.020006855949759483,0.2199993133544922
0.010001610964536667,0.22999918460845947,0.020003290846943855,0.2299993336200714
0.020003290846943855,0.2299993336200714,0.020006855949759483,0.2199993133544922
0.020003290846943855,0.2299993336200714,0.030010532587766647,0.21999986469745636
0.020003290846943855,0.2299993336200714,0.030005112290382385,0.22999966144561768
0.030005112290382385,0.22999966144561768,0.030010532587766647,0.21999986469745636
0.030005112290382385,0.22999966144561768,0.040014080703258514,0.22000080347061157
0.030005112290382385,0.22999966144561768,0.04000696539878845,0.23000024259090424
0.04000696539878845,0.23000024259090424,0.040014080703258514,0.22000080347061157
0.04000696539878845,0.23000024259090424,0.05001625046133995,0.22000236809253693
0.04000696539878845,0.23000024259090424,0.05000828206539154,0.23000136017799377
0.05000828206539154,0.23000136017799377,0.05001625046133995,0.22000236809253693
0.05172758921980858,0.22000281512737274,0.060008883476257324,0.22748839855194092
0.060008883476257324,0.22748839855194092,0.060013558715581894,0.22000502049922943
0.05172758921980858,0.22000281512737274,0.06000731140375137,0.23000353574752808
0.06000731140375137,0.23000353574752808,0.060008883476257324,0.22748839855194092
0.05001625046133995,0.22000236809253693,0.06000731140375137,0.23000353574752808
0.05000828206539154,0.23000136017799377,0.06000731140375137,0.23000353574752808
0.060008883476257324,0.22748839855194092,0.06999902427196503,0.2289082407951355
0.06999902427196503,0.2289082407951355,0.0699976310133934,0.22000941634178162
0.0699976310133934,0.22000941634178162,0.060008883476257324,0.22748839855194092
0.06999919563531876,0.2300080955028534,0.060008883476257324,0.22748839855194092
0.06000731140375137,0.23000353574752808,0.06999919563531876,0.2300080955028534
0.06999919563531876,0.2300080955028534,0.06999902427196503,0.2289082407951355
0.06999902427196503,0.2289082407951355,0.07996761053800583,0.22796230018138885
0.07996761053800583,0.22796230018138885,0.07995131611824036,0.22001618146896362
0.07995131611824036,0.22001618146896362,0.06999902427196503,0.2289082407951355
0.07997182756662369,0.23001836240291595,0.06999902427196503,0.2289082407951355
0.06999919563531876,0.2300080955028534,0.07997182756662369,0.23001836240291595
0.07997182756662369,0.23001836240291595,0.07996761053800583,0.22796230018138885
0.07996761053800583,0.22796230018138885,0.08988471329212189,0.22511664032936096
0.08988471329212189,0.22511664032936096,0.08986633270978928,0.22002333402633667
0.08986633270978928,0.22002333402633667,0.07996761053800583,0.22796230018138885
0.08990249037742615,0.23004184663295746,0.07996761053800583,0.22796230018138885
0.07997182756662369,0.23001836240291595,0.08990249037742615,0.23004184663295746
0.08990249037742615,0.23004184663295746,0.08988471329212189,0.22511664032936096
0.09891661256551743,0.22173187136650085,0.08988471329212189,0.22511664032936096
0.08988471329212189,0.22511664032936096,0.08986633270978928,0.22002333402633667
0.08986633270978928,0.22002333402633667,0.09891661256551743,0.22173187136650085
0.08986633270978928,0.22002333402633667,0.09849394857883453,0.2200232744216919
0.09849394857883453,0.2200232744216919,0.09891661256551743,0.22173187136650085
0.08990249037742615,0.23004184663295746,0.09853985905647278,0.23008976876735687
0.09853985905647278,0.23008976876735687,0.08988471329212189,0.22511664032936096
0.08988471329212189,0.22511664032936096,0.08990249037742615,0.23004184663295746
0.09853985905647278,0.23008976876735687,0.09891661256551743,0.22173187136650085
0.09891661256551743,0.22173187136650085,0.08988471329212189,0.22511664032936096
0.09853985905647278,0.23008976876735687,0.09973720461130142,0.22504684329032898
0.09973720461130142,0.22504684329032898,0.09891661256551743,0.22173187136650085
0.09891661256551743,0.22173187136650085,0.10486859083175659,0.22503629326820374
0.10486859083175659,0.22503629326820374,0.10486830025911331,0.2228645235300064
0.10486830025911331,0.2228645235300064,0.09891661256551743,0.22173187136650085
0.09973720461130142,0.22504684329032898,0.10486859083175659,0.22503629326820374
0.09891661256551743,0.22173187136650085,0.09973720461130142,0.22504684329032898
-0.1099708303809166,0.23006445169448853,-0.10997092723846436,0.235154390335083
-0.10997092723846436,0.235154390335083,-0.10487396270036697,0.2300810068845749
-0.10487396270036697,0.2300810068845749,-0.1099708303809166,0.23006445169448853
-0.10997092723846436,0.235154390335083,-0.10488270223140717,0.23515808582305908
-0.10488270223140717,0.23515808582305908,-0.10487396270036697,0.2300810068845749
-0.08990192413330078,0.23004387319087982,-0.09854038804769516,0.23009167611598969
-0.09854038804769516,0.23009167611598969,-0.08997684717178345,0.23875264823436737
-0.08997684717178345,0.23875264823436737,-0.08990192413330078,0.23004387319087982
-0.09927000105381012,0.23951847851276398,-0.09492305666208267,0.24008624255657196
-0.09492305666208267,0.24008624255657196,-0.09985370188951492,0.2351101040840149
-0.09985370188951492,0.2351101040840149,-0.09927000105381012,0.23951847851276398
-0.09854038804769516,0.23009167611598969,-0.09985370188951492,0.2351101040840149
-0.09985370188951492,0.2351101040840149,-0.08997684717178345,0.23875264823436737
-0.09492305666208267,0.24008624255657196,-0.08997684717178345,0.23875264823436737
-0.07997097074985504,0.23001964390277863,-0.08990192413330078,0.23004387319087982
-0.08990192413330078,0.23004387319087982,-0.07999380677938461,0.23870162665843964
-0.07999380677938461,0.23870162665843964,-0.07997097074985504,0.23001964390277863
-0.08990192413330078,0.23004387319087982,-0.08997684717178345,0.23875264823436737
-0.08997684717178345,0.23875264823436737,-0.07999380677938461,0.23870162665843964
-0.08499060571193695,0.2399534434080124,-0.07999380677938461,0.23870162665843964
-0.08997684717178345,0.23875264823436737,-0.08499060571193695,0.2399534434080124
-0.06999845802783966,0.2300087958574295,-0.06999970227479935,0.23869547247886658
-0.06999970227479935,0.23869547247886658,-0.07997097074985504,0.23001964390277863
-0.07997097074985504,0.23001964390277863,-0.06999845802783966,0.2300087958574295
-0.06999970227479935,0.23869547247886658,-0.07999380677938461,0.23870162665843964
-0.07999380677938461,0.23870162665843964,-0.07997097074985504,0.23001964390277863
-0.07499855756759644,0.2399410754442215,-0.07999380677938461,0.23870162665843964
-0.06999970227479935,0.23869547247886658,-0.07499855756759644,0.2399410754442215
-0.060006774961948395,0.23000387847423553,-0.06999845802783966,0.2300087958574295
-0.06999845802783966,0.2300087958574295,-0.06000145897269249,0.23869390785694122
-0.06000145897269249,0.23869390785694122,-0.060006774961948395,0.23000387847423553
-0.06999845802783966,0.2300087958574295,-0.06999970227479935,0.23869547247886658
-0.06999970227479935,0.23869547247886658,-0.06000145897269249,0.23869390785694122
-0.06500068306922913,0.23993875086307526,-0.06000145897269249,0.23869390785694122
-0.06999970227479935,0.23869547247886658,-0.06500068306922913,0.23993875086307526
-0.060006774961948395,0.23000387847423553,-0.050007905811071396,0.2300015240907669
-0.050007905811071396,0.2300015240907669,-0.06000145897269249,0.23869390785694122
-0.06000145897269249,0.23869390785694122,-0.060006774961948395,0.23000387847423553
-0.050007905811071396,0.2300015240907669,-0.05000158026814461,0.2386932671070099
-0.05000158026814461,0.2386932671070099,-0.06000145897269249,0.23869390785694122
-0.05000158026814461,0.2386932671070099,-0.05500093474984169,0.23993800580501556
-0.05500093474984169,0.23993800580501556,-0.06000145897269249,0.23869390785694122
-0.04000670835375786,0.2300003319978714,-0.04295359551906586,0.23000068962574005
-0.04295359551906586,0.23000068962574005,-0.041103165596723557,0.23896731436252594
-0.041103165596723557,0.23896731436252594,-0.04000670835375786,0.2300003319978714
-0.041103165596723557,0.23896731436252594,-0.040001317858695984,0.2386929839849472
-0.040001317858695984,0.2386929839849472,-0.04000670835375786,0.2300003319978714
-0.050007905811071396,0.2300015240907669,-0.04295359551906586,0.23000068962574005
-0.04295359551906586,0.23000068962574005,-0.05000158026814461,0.2386932671070099
-0.05000158026814461,0.2386932671070099,-0.050007905811071396,0.2300015240907669
-0.04295359551906586,0.23000068962574005,-0.041103165596723557,0.23896731436252594
-0.041103165596723557,0.23896731436252594,-0.05000158026814461,0.2386932671070099
-0.041103165596723557,0.23896731436252594,-0.0450008399784565,0.23993772268295288
-0.0450008399784565,0.23993772268295288,-0.05000158026814461,0.2386932671070099
-0.04000670835375786,0.2300003319978714,-0.030004944652318954,0.22999969124794006
-0.030004944652318954,0.22999969124794006,-0.040001317858695984,0.2386929839849472
-0.040001317858695984,0.2386929839849472,-0.04000670835375786,0.2300003319978714
-0.030004944652318954,0.22999969124794006,-0.030000966042280197,0.23869284987449646
-0.030000966042280197,0.23869284987449646,-0.040001317858695984,0.2386929839849472
-0.035000648349523544,0.23993760347366333,-0.040001317858695984,0.2386929839849472
-0.030000966042280197,0.23869284987449646,-0.035000648349523544,0.23993760347366333
-0.030004944652318954,0.22999969124794006,-0.020003177225589752,0.2299993485212326
-0.020003177225589752,0.2299993485212326,-0.030000966042280197,0.23869284987449646
-0.030000966042280197,0.23869284987449646,-0.030004944652318954,0.22999969124794006
-0.020003177225589752,0.2299993485212326,-0.020000619813799858,0.2386927753686905
-0.020000619813799858,0.2386927753686905,-0.030000966042280197,0.23869284987449646
-0.020000619813799858,0.2386927753686905,-0.025000447407364845,0.23993754386901855
-0.025000447407364845,0.23993754386901855,-0.030000966042280197,0.23869284987449646
-0.020003177225589752,0.2299993485212326,-0.01000153087079525,0.22999918460845947
-0.01000153087079525,0.22999918460845947,-0.020000619813799858,0.2386927753686905
-0.020000619813799858,0.2386927753686905,-0.020003177225589752,0.2299993485212326
-0.01000153087079525,0.22999918460845947,-0.010000296868383884,0.2386927455663681
-0.010000296868383884,0.2386927455663681,-0.020000619813799858,0.2386927753686905
-0.015000256709754467,0.23993751406669617,-0.020000619813799858,0.2386927753686905
-0.010000296868383884,0.2386927455663681,-0.015000256709754467,0.23993751406669617
-0.01000153087079525,0.22999918460845947,3.469856224569412e-08,0.2299991250038147
3.469856224569412e-08,0.2299991250038147,-0.010000296868383884,0.2386927455663681
-0.010000296868383884,0.2386927455663681,-0.01000153087079525,0.22999918460845947
3.469856224569412e-08,0.2299991250038147,7.010952263186709e-09,0.23869271576404572
7.010952263186709e-09,0.23869271576404572,-0.010000296868383884,0.2386927455663681
-0.00500008137896657,0.23993748426437378,-0.010000296868383884,0.2386927455663681
7.010952263186709e-09,0.23869271576404572,-0.00500008137896657,0.23993748426437378
3.469856224569412e-08,0.2299991250038147,0.004502165596932173,0.22999915480613708
0.004502165596932173,0.22999915480613708,7.010952263186709e-09,0.23869271576404572
7.010952263186709e-09,0.23869271576404572,3.469856224569412e-08,0.2299991250038147
0.004502165596932173,0.22999915480613708,0.005203061271458864,0.23988695442676544
0.005203061271458864,0.23988695442676544,7.010952263186709e-09,0.23869271576404572
0.005203061271458864,0.23988695442676544,0.0050000897608697414,0.23993748426437378
0.0050000897608697414,0.23993748426437378,7.010952263186709e-09,0.23869271576404572
0.010001610964536667,0.22999918460845947,0.004502165596932173,0.22999915480613708
0.004502165596932173,0.22999915480613708,0.010000313632190228,0.2386927306652069
0.010000313632190228,0.2386927306652069,0.010001610964536667,0.22999918460845947
0.004502165596932173,0.22999915480613708,0.005203061271458864,0.23988695442676544
0.005203061271458864,0.23988695442676544,0.010000313632190228,0.2386927306652069
0.020003290846943855,0.2299993336200714,0.010001610964536667,0.22999918460845947
0.010001610964536667,0.22999918460845947,0.02000064216554165,0.2386927753686905
0.02000064216554165,0.2386927753686905,0.020003290846943855,0.2299993336200714
0.010001610964536667,0.22999918460845947,0.010000313632190228,0.2386927306652069
0.010000313632190228,0.2386927306652069,0.02000064216554165,0.2386927753686905
0.010000313632190228,0.2386927306652069,0.015000267885625362,0.23993751406669617
0.015000267885625362,0.23993751406669617,0.02000064216554165,0.2386927753686905
0.030005112290382385,0.22999966144561768,0.030001001432538033,0.23869283497333527
0.030001001432538033,0.23869283497333527,0.020003290846943855,0.2299993336200714
0.020003290846943855,0.2299993336200714,0.030005112290382385,0.22999966144561768
0.030001001432538033,0.23869283497333527,0.02000064216554165,0.2386927753686905
0.02000064216554165,0.2386927753686905,0.020003290846943855,0.2299993336200714
0.02500046230852604,0.23993754386901855,0.02000064216554165,0.2386927753686905
0.030001001432538033,0.23869283497333527,0.02500046230852604,0.23993754386901855
0.04000696539878845,0.23000024259090424,0.030005112290382385,0.22999966144561768
0.030005112290382385,0.22999966144561768,0.04000137373805046,0.238692969083786
0.04000137373805046,0.238692969083786,0.04000696539878845,0.23000024259090424
0.030005112290382385,0.22999966144561768,0.030001001432538033,0.23869283497333527
0.030001001432538033,0.23869283497333527,0.04000137373805046,0.238692969083786
0.030001001432538033,0.23869283497333527,0.035000674426555634,0.23993760347366333
0.035000674426555634,0.23993760347366333,0.04000137373805046,0.238692969083786
0.05000828206539154,0.23000136017799377,0.04000696539878845,0.23000024259090424
0.04000696539878845,0.23000024259090424,0.05000166594982147,0.2386932373046875
0.05000166594982147,0.2386932373046875,0.05000828206539154,0.23000136017799377
0.04000696539878845,0.23000024259090424,0.04000137373805046,0.238692969083786
0.04000137373805046,0.238692969083786,0.05000166594982147,0.2386932373046875
0.04500088095664978,0.2399377077817917,0.05000166594982147,0.2386932373046875
0.04000137373805046,0.238692969083786,0.04500088095664978,0.2399377077817917
0.06000731140375137,0.23000353574752808,0.05000828206539154,0.23000136017799377
0.05000828206539154,0.23000136017799377,0.060001589357852936,0.23869380354881287
0.060001589357852936,0.23869380354881287,0.06000731140375137,0.23000353574752808
0.05000828206539154,0.23000136017799377,0.05000166594982147,0.2386932373046875
0.05000166594982147,0.2386932373046875,0.060001589357852936,0.23869380354881287
0.05500100180506706,0.23993797600269318,0.060001589357852936,0.23869380354881287
0.05000166594982147,0.2386932373046875,0.05500100180506706,0.23993797600269318
0.06999989598989487,0.23869526386260986,0.06999952346086502,0.23407188057899475
0.06999952346086502,0.23407188057899475,0.06500079482793808,0.2399386614561081
0.06500079482793808,0.2399386614561081,0.06999989598989487,0.23869526386260986
0.06999952346086502,0.23407188057899475,0.06043248996138573,0.23880110681056976
0.06043248996138573,0.23880110681056976,0.06500079482793808,0.2399386614561081
0.06000731140375137,0.23000353574752808,0.060001589357852936,0.23869380354881287
0.060001589357852936,0.23869380354881287,0.06999919563531876,0.2300080955028534
0.06999919563531876,0.2300080955028534,0.06000731140375137,0.23000353574752808
0.060001589357852936,0.23869380354881287,0.06999952346086502,0.23407188057899475
0.06999952346086502,0.23407188057899475,0.06999919563531876,0.2300080955028534
0.060001589357852936,0.23869380354881287,0.06043248996138573,0.23880110681056976
0.0799795612692833,0.23306143283843994,0.07999388873577118,0.23870119452476501
0.07999388873577118,0.23870119452476501,0.06999952346086502,0.23407188057899475
0.06999952346086502,0.23407188057899475,0.0799795612692833,0.23306143283843994
0.06999989598989487,0.23869526386260986,0.06999952346086502,0.23407188057899475
0.06999952346086502,0.23407188057899475,0.07499867677688599,0.23994086682796478
0.07499867677688599,0.23994086682796478,0.06999989598989487,0.23869526386260986
0.07999388873577118,0.23870119452476501,0.07499867677688599,0.23994086682796478
0.0799795612692833,0.23306143283843994,0.07997182756662369,0.23001836240291595
0.07997182756662369,0.23001836240291595,0.06999919563531876,0.2300080955028534
0.06999919563531876,0.2300080955028534,0.0799795612692833,0.23306143283843994
0.06999919563531876,0.2300080955028534,0.06999952346086502,0.23407188057899475
0.06999952346086502,0.23407188057899475,0.0799795612692833,0.23306143283843994
0.0799795612692833,0.23306143283843994,0.08993031829595566,0.2333553433418274
0.08993031829595566,0.2333553433418274,0.07999388873577118,0.23870119452476501
0.07999388873577118,0.23870119452476501,0.0799795612692833,0.23306143283843994
0.08997564017772675,0.23875176906585693,0.08499020338058472,0.23995301127433777
0.08499020338058472,0.23995301127433777,0.08993031829595566,0.2333553433418274
0.08993031829595566,0.2333553433418274,0.08997564017772675,0.23875176906585693
0.08499020338058472,0.23995301127433777,0.07999388873577118,0.23870119452476501
0.08990249037742615,0.23004184663295746,0.07997182756662369,0.23001836240291595
0.07997182756662369,0.23001836240291595,0.0799795612692833,0.23306143283843994
0.0799795612692833,0.23306143283843994,0.08990249037742615,0.23004184663295746
0.0799795612692833,0.23306143283843994,0.08993031829595566,0.2333553433418274
0.08993031829595566,0.2333553433418274,0.08990249037742615,0.23004184663295746
0.08993031829595566,0.2333553433418274,0.08997564017772675,0.23875176906585693
0.08997564017772675,0.23875176906585693,0.09983931481838226,0.2352026402950287
0.09983931481838226,0.2352026402950287,0.08993031829595566,0.2333553433418274
0.09926554560661316,0.2395174652338028,0.09983931481838226,0.2352026402950287
0.09983931481838226,0.2352026402950287,0.09492003172636032,0.24008521437644958
0.09492003172636032,0.24008521437644958,0.09926554560661316,0.2395174652338028
0.08997564017772675,0.23875176906585693,0.09492003172636032,0.24008521437644958
0.09853985905647278,0.23008976876735687,0.08990249037742615,0.23004184663295746
0.08990249037742615,0.23004184663295746,0.09985194355249405,0.23510773479938507
0.09985194355249405,0.23510773479938507,0.09853985905647278,0.23008976876735687
0.08990249037742615,0.23004184663295746,0.08993031829595566,0.2333553433418274
0.08993031829595566,0.2333553433418274,0.09985194355249405,0.23510773479938507
0.08993031829595566,0.2333553433418274,0.09983931481838226,0.2352026402950287
0.09983931481838226,0.2352026402950287,0.09985194355249405,0.23510773479938507
0.09985194355249405,0.23510773479938507,0.10488196462392807,0.23515650629997253
0.10488196462392807,0.23515650629997253,0.09853985905647278,0.23008976876735687
0.09853985905647278,0.23008976876735687,0.09985194355249405,0.23510773479938507
0.10488196462392807,0.23515650629997253,0.10487420856952667,0.23008081316947937
0.10487420856952667,0.23008081316947937,0.09853985905647278,0.23008976876735687
-0.10490644723176956,0.24025696516036987,-0.10997088253498077,0.24028022587299347
-0.10997088253498077,0.24028022587299347,-0.1049589142203331,0.2453191578388214
-0.1049589142203331,0.2453191578388214,-0.10490644723176956,0.24025696516036987
-0.10997088253498077,0.24028022587299347,-0.10997086763381958,0.2452777624130249
-0.10997086763381958,0.2452777624130249,-0.1049589142203331,0.2453191578388214
-0.09927000105381012,0.23951847851276398,-0.0999598577618599,0.24510474503040314
-0.0999598577618599,0.24510474503040314,-0.09492305666208267,0.24008624255657196
-0.09492305666208267,0.24008624255657196,-0.09927000105381012,0.23951847851276398
-0.0999598577618599,0.24510474503040314,-0.09497901052236557,0.24503426253795624
-0.09497901052236557,0.24503426253795624,-0.09492305666208267,0.24008624255657196
-0.08997684717178345,0.23875264823436737,-0.0899910032749176,0.24501264095306396
-0.0899910032749176,0.24501264095306396,-0.08499060571193695,0.2399534434080124
-0.08499060571193695,0.2399534434080124,-0.08997684717178345,0.23875264823436737
-0.0899910032749176,0.24501264095306396,-0.08499716967344284,0.24500516057014465
-0.08499716967344284,0.24500516057014465,-0.08499060571193695,0.2399534434080124
-0.07999380677938461,0.23870162665843964,-0.07999909669160843,0.2450023740530014
-0.07999909669160843,0.2450023740530014,-0.07499855756759644,0.2399410754442215
-0.07499855756759644,0.2399410754442215,-0.07999380677938461,0.23870162665843964
-0.07999909669160843,0.2450023740530014,-0.07499995082616806,0.24500106275081635
-0.07499995082616806,0.24500106275081635,-0.07499855756759644,0.2399410754442215
-0.06999970227479935,0.23869547247886658,-0.07000015676021576,0.24500057101249695
-0.07000015676021576,0.24500057101249695,-0.06500068306922913,0.23993875086307526
-0.06500068306922913,0.23993875086307526,-0.06999970227479935,0.23869547247886658
-0.07000015676021576,0.24500057101249695,-0.06500023603439331,0.24500024318695068
-0.06500023603439331,0.24500024318695068,-0.06500068306922913,0.23993875086307526
-0.06000145897269249,0.23869390785694122,-0.060000307857990265,0.24500012397766113
-0.060000307857990265,0.24500012397766113,-0.05500093474984169,0.23993800580501556
-0.05500093474984169,0.23993800580501556,-0.06000145897269249,0.23869390785694122
-0.060000307857990265,0.24500012397766113,-0.05500026047229767,0.24500001966953278
-0.05500026047229767,0.24500001966953278,-0.05500093474984169,0.23993800580501556
-0.05000158026814461,0.2386932671070099,-0.050000302493572235,0.2449999749660492
-0.050000302493572235,0.2449999749660492,-0.0450008399784565,0.23993772268295288
-0.0450008399784565,0.23993772268295288,-0.05000158026814461,0.2386932671070099
-0.050000302493572235,0.2449999749660492,-0.04500022530555725,0.2449999302625656
-0.04500022530555725,0.2449999302625656,-0.0450008399784565,0.23993772268295288
-0.04000024497509003,0.24499991536140442,-0.03787671774625778,0.24499991536140442
-0.03787671774625778,0.24499991536140442,-0.040000393986701965,0.24411548674106598
-0.040000393986701965,0.24411548674106598,-0.04000024497509003,0.24499991536140442
0.010000313632190228,0.2386927306652069,0.010000058449804783,0.24499985575675964
0.010000058449804783,0.24499985575675964,0.015000267885625362,0.23993751406669617
0.015000267885625362,0.23993751406669617,0.010000313632190228,0.2386927306652069
0.010000058449804783,0.24499985575675964,0.015000071376562119,0.24499987065792084
0.015000071376562119,0.24499987065792084,0.015000267885625362,0.23993751406669617
0.02000064216554165,0.2386927753686905,0.020000118762254715,0.24499987065792084
0.020000118762254715,0.24499987065792084,0.02500046230852604,0.23993754386901855
0.02500046230852604,0.23993754386901855,0.02000064216554165,0.2386927753686905
0.020000118762254715,0.24499987065792084,0.02500012330710888,0.24499988555908203
0.02500012330710888,0.24499988555908203,0.02500046230852604,0.23993754386901855
0.030001001432538033,0.23869283497333527,0.03000018559396267,0.24499988555908203
0.03000018559396267,0.24499988555908203,0.035000674426555634,0.23993760347366333
0.035000674426555634,0.23993760347366333,0.030001001432538033,0.23869283497333527
0.03000018559396267,0.24499988555908203,0.03500018268823624,0.24499990046024323
0.03500018268823624,0.24499990046024323,0.035000674426555634,0.23993760347366333
0.04000137373805046,0.238692969083786,0.04000025615096092,0.24499991536140442
0.04000025615096092,0.24499991536140442,0.04500088095664978,0.2399377077817917
0.04500088095664978,0.2399377077817917,0.04000137373805046,0.238692969083786
0.04000025615096092,0.24499991536140442,0.045000240206718445,0.2449999302625656
0.045000240206718445,0.2449999302625656,0.04500088095664978,0.2399377077817917
0.05000166594982147,0.2386932373046875,0.05000031739473343,0.2449999749660492
0.05000031739473343,0.2449999749660492,0.05500100180506706,0.23993797600269318
0.05500100180506706,0.23993797600269318,0.05000166594982147,0.2386932373046875
0.05000031739473343,0.2449999749660492,0.05500028282403946,0.24500000476837158
0.05500028282403946,0.24500000476837158,0.05500100180506706,0.23993797600269318
0.060001589357852936,0.23869380354881287,0.06000090390443802,0.24214059114456177
0.06000090390443802,0.24214059114456177,0.06043248996138573,0.23880110681056976
0.06043248996138573,0.23880110681056976,0.060001589357852936,0.23869380354881287
0.10244544595479965,0.239935964345932,0.10492024570703506,0.24285566806793213
0.10492024570703506,0.24285566806793213,0.10490218549966812,0.24025936424732208
0.10490218549966812,0.24025936424732208,0.10244544595479965,0.239935964345932
-0.10997100174427032,0.25,-0.10503657907247543,0.25
-0.10503657907247543,0.25,-0.1050252914428711,0.24931900203227997
-0.1050252914428711,0.24931900203227997,-0.10997100174427032,0.25
-0.10503657907247543,0.25,-0.10423284024000168,0.25
-0.10423284024000168,0.25,-0.1050252914428711,0.24931900203227997
-0.1049589142203331,0.2453191578388214,-0.09927000105381012,0.23951847851276398
-0.09927000105381012,0.23951847851276398,-0.10490644723176956,0.24025696516036987
-0.1049589142203331,0.2453191578388214,-0.0999598577618599,0.24510474503040314
-0.10997086763381958,0.2452777624130249,-0.1050252914428711,0.24931900203227997
-0.1050252914428711,0.24931900203227997,-0.1049589142203331,0.2453191578388214
-0.10997086763381958,0.2452777624130249,-0.10997100174427032,0.25
-0.10423284024000168,0.25,-0.1049589142203331,0.2453191578388214
-0.10423284024000168,0.25,-0.09998951107263565,0.25
-0.09998951107263565,0.25,-0.1049589142203331,0.2453191578388214
-0.09998951107263565,0.25,-0.0999598577618599,0.24510474503040314
0.10244544595479965,0.239935964345932,0.09926554560661316,0.2395174652338028
0.09926554560661316,0.2395174652338028,0.10492024570703506,0.24285566806793213
0.09926554560661316,0.2395174652338028,0.10493741184473038,0.2453273981809616
0.10493741184473038,0.2453273981809616,0.10492024570703506,0.24285566806793213
0.09926554560661316,0.2395174652338028,0.09995012730360031,0.2451055347919464
0.09995012730360031,0.2451055347919464,0.10493741184473038,0.2453273981809616
0.10493741184473038,0.2453273981809616,0.10588012635707855,0.24532455205917358
0.10588012635707855,0.24532455205917358,0.10492024570703506,0.24285566806793213
0.09995012730360031,0.2451055347919464,0.10496894270181656,0.25
0.10496894270181656,0.25,0.10493741184473038,0.2453273981809616
0.09995012730360031,0.2451055347919464,0.0999784842133522,0.25
0.0999784842133522,0.25,0.10496894270181656,0.25
0.10997100174427032,0.25,0.10588012635707855,0.24532455205917358
0.10493741184473038,0.2453273981809616,0.10997100174427032,0.25
0.10496894270181656,0.25,0.10997100174427032,0.25
0.10588012635707855,0.24532455205917358,0.10490218549966812,0.24025936424732208
0.10588012635707855,0.24532455205917358,0.10997093468904495,0.2453121691942215
0.10997093468904495,0.2453121691942215,0.10490218549966812,0.24025936424732208
0.10997093468904495,0.2453121691942215,0.10997091978788376,0.24029000103473663
0.10997091978788376,0.24029000103473663,0.10490218549966812,0.24025936424732208
0.10997100174427032,0.25,0.10997093468904495,0.2453121691942215
-0.11008317768573761,0.010000000707805157,-0.10997073352336884,0.014611003920435905
-0.10997073352336884,0.014611003920435905,-0.10537099838256836,0.009999997913837433
-0.10537099838256836,0.009999997913837433,-0.11008317768573761,0.010000000707805157
-0.10997073352336884,0.014611003920435905,-0.1053730696439743,0.014554386958479881
-0.1053730696439743,0.014554386958479881,-0.10537099838256836,0.009999997913837433
-0.1053730696439743,0.014554386958479881,-0.10035001486539841,0.009999999776482582
-0.10035001486539841,0.009999999776482582,-0.10537099838256836,0.009999997913837433
-0.1053730696439743,0.014554386958479881,-0.10028829425573349,0.014853797852993011
-0.10028829425573349,0.014853797852993011,-0.10035001486539841,0.009999999776482582
-0.10997100174427032,0.01876014471054077,-0.1057203859090805,0.019635912030935287
-0.1057203859090805,0.019635912030935287,-0.10503881424665451,0.019641369581222534
-0.10503881424665451,0.019641369581222534,-0.10997100174427032,0.01876014471054077
-0.10503881424665451,0.019641369581222534,-0.10997073352336884,0.014611003920435905
-0.10997073352336884,0.014611003920435905,-0.10997100174427032,0.01876014471054077
-0.10503881424665451,0.019641369581222534,-0.1053730696439743,0.014554386958479881
-0.10503881424665451,0.019641369581222534,-0.10028829425573349,0.014853797852993011
-0.10503881424665451,0.019641369581222534,-0.09945393353700638,0.020424414426088333
-0.09945393353700638,0.020424414426088333,-0.10028829425573349,0.014853797852993011
-0.10997100174427032,0.01876014471054077,-0.10997094959020615,0.01960187591612339
-0.10028829425573349,0.014853797852993011,-0.09518907219171524,0.009999999776482582
-0.09518907219171524,0.009999999776482582,-0.10035001486539841,0.009999999776482582
-0.10028829425573349,0.014853797852993011,-0.0951765924692154,0.014952740631997585
-0.0951765924692154,0.014952740631997585,-0.09518907219171524,0.009999999776482582
-0.0951765924692154,0.014952740631997585,-0.09008113294839859,0.009999999776482582
-0.09008113294839859,0.009999999776482582,-0.09518907219171524,0.009999999776482582
-0.0951765924692154,0.014952740631997585,-0.09009182453155518,0.014982751570641994
-0.09009182453155518,0.014982751570641994,-0.09008113294839859,0.009999999776482582
-0.09945393353700638,0.020424414426088333,-0.09508763253688812,0.019887931644916534
-0.09508763253688812,0.019887931644916534,-0.10028829425573349,0.014853797852993011
-0.09508763253688812,0.019887931644916534,-0.0951765924692154,0.014952740631997585
-0.09508763253688812,0.019887931644916534,-0.09007605165243149,0.021235646679997444
-0.09007605165243149,0.021235646679997444,-0.0951765924692154,0.014952740631997585
-0.09007605165243149,0.021235646679997444,-0.09009182453155518,0.014982751570641994
-0.09009182453155518,0.014982751570641994,-0.0850299820303917,0.009999999776482582
-0.0850299820303917,0.009999999776482582,-0.09008113294839859,0.009999999776482582
-0.09009182453155518,0.014982751570641994,-0.08504346758127213,0.014993028715252876
-0.08504346758127213,0.014993028715252876,-0.0850299820303917,0.009999999776482582
-0.08504346758127213,0.014993028715252876,-0.08000947535037994,0.009999999776482582
-0.08000947535037994,0.009999999776482582,-0.0850299820303917,0.009999999776482582
-0.08504346758127213,0.014993028715252876,-0.08001851290464401,0.014996820129454136
-0.08001851290464401,0.014996820129454136,-0.08000947535037994,0.009999999776482582
-0.09007605165243149,0.021235646679997444,-0.0850478783249855,0.020041588693857193
-0.0850478783249855,0.020041588693857193,-0.09009182453155518,0.014982751570641994
-0.0850478783249855,0.020041588693857193,-0.08504346758127213,0.014993028715252876
-0.0850478783249855,0.020041588693857193,-0.08002304285764694,0.02129565365612507
-0.08002304285764694,0.02129565365612507,-0.08504346758127213,0.014993028715252876
-0.08002304285764694,0.02129565365612507,-0.08001851290464401,0.014996820129454136
-0.08001851290464401,0.014996820129454136,-0.07500255107879639,0.009999999776482582
-0.07500255107879639,0.009999999776482582,-0.08000947535037994,0.009999999776482582
-0.08001851290464401,0.014996820129454136,-0.07500775903463364,0.014998549595475197
-0.07500775903463364,0.014998549595475197,-0.07500255107879639,0.009999999776482582
-0.07500775903463364,0.014998549595475197,-0.07000058144330978,0.009999999776482582
-0.07000058144330978,0.009999999776482582,-0.07500255107879639,0.009999999776482582
-0.07500775903463364,0.014998549595475197,-0.07000332325696945,0.01499921828508377
-0.07000332325696945,0.01499921828508377,-0.07000058144330978,0.009999999776482582
-0.08002304285764694,0.02129565365612507,-0.07501257956027985,0.02005777880549431
-0.07501257956027985,0.02005777880549431,-0.08001851290464401,0.014996820129454136
-0.07501257956027985,0.02005777880549431,-0.07500775903463364,0.014998549595475197
-0.07501257956027985,0.02005777880549431,-0.07000715285539627,0.02130369283258915
-0.07000715285539627,0.02130369283258915,-0.07500775903463364,0.014998549595475197
-0.07000715285539627,0.02130369283258915,-0.07000332325696945,0.01499921828508377
-0.07000332325696945,0.01499921828508377,-0.06500010937452316,0.009999999776482582
-0.06500010937452316,0.009999999776482582,-0.07000058144330978,0.009999999776482582
-0.07000332325696945,0.01499921828508377,-0.06500154733657837,0.014999641105532646
-0.06500154733657837,0.014999641105532646,-0.06500010937452316,0.009999999776482582
-0.06500154733657837,0.014999641105532646,-0.060000017285346985,0.009999999776482582
-0.060000017285346985,0.009999999776482582,-0.06500010937452316,0.009999999776482582
-0.06500154733657837,0.014999641105532646,-0.060000941157341,0.014999794773757458
-0.060000941157341,0.014999794773757458,-0.060000017285346985,0.009999999776482582
-0.07000715285539627,0.02130369283258915,-0.06500398367643356,0.020060883834958076
-0.06500398367643356,0.020060883834958076,-0.07000332325696945,0.01499921828508377
-0.06500398367643356,0.020060883834958076,-0.06500154733657837,0.014999641105532646
-0.061472196131944656,0.02094014175236225,-0.06000097468495369,0.015080501325428486
-0.06000097468495369,0.015080501325428486,-0.060000941157341,0.014999794773757458
-0.060000941157341,0.014999794773757458,-0.061472196131944656,0.02094014175236225
-0.060000941157341,0.014999794773757458,-0.06500398367643356,0.020060883834958076
-0.06500398367643356,0.020060883834958076,-0.061472196131944656,0.02094014175236225
-0.06000363454222679,0.021305741742253304,-0.06000097468495369,0.015080501325428486
-0.061472196131944656,0.02094014175236225,-0.06000363454222679,0.021305741742253304
-0.05500001087784767,0.01007431373000145,-0.055000003427267075,0.009999999776482582
-0.055000003427267075,0.009999999776482582,-0.05982641503214836,0.01499979943037033
-0.055000003427267075,0.009999999776482582,-0.060000941157341,0.014999794773757458
-0.060000941157341,0.014999794773757458,-0.05982641503214836,0.01499979943037033
-0.055000003427267075,0.009999999776482582,-0.060000017285346985,0.009999999776482582
-0.05500001087784767,0.01007431373000145,-0.05000000074505806,0.010009169578552246
-0.05000000074505806,0.010009169578552246,-0.05000000074505806,0.009999999776482582
-0.05000000074505806,0.009999999776482582,-0.05500001087784767,0.01007431373000145
-0.05000000074505806,0.009999999776482582,-0.055000003427267075,0.009999999776482582
-0.06000097468495369,0.015080501325428486,-0.05982641503214836,0.01499979943037033
-0.05500001087784767,0.01007431373000145,-0.050000496208667755,0.014999981969594955
-0.05500056967139244,0.0149999363347888,-0.050000496208667755,0.014999981969594955
-0.06000097468495369,0.015080501325428486,-0.05500056967139244,0.0149999363347888
-0.06000363454222679,0.021305741742253304,-0.05500056967139244,0.0149999363347888
-0.06000363454222679,0.021305741742253304,-0.055001888424158096,0.02006182074546814
-0.055001888424158096,0.02006182074546814,-0.05500056967139244,0.0149999363347888
-0.050002407282590866,0.02130652777850628,-0.050000496208667755,0.014999981969594955
-0.050000496208667755,0.014999981969594955,-0.055001888424158096,0.02006182074546814
-0.055001888424158096,0.02006182074546814,-0.050002407282590866,0.02130652777850628
-0.04500000178813934,0.009999999776482582,-0.05000000074505806,0.009999999776482582
-0.05000000074505806,0.010009169578552246,-0.04500000178813934,0.009999999776482582
-0.04500000178813934,0.01000126451253891,-0.04500000178813934,0.009999999776482582
-0.04500000178813934,0.01000126451253891,-0.03999999910593033,0.010000040754675865
-0.03999999910593033,0.010000040754675865,-0.03999999910593033,0.009999999776482582
-0.03999999910593033,0.009999999776482582,-0.04500000178813934,0.01000126451253891
-0.03999999910593033,0.009999999776482582,-0.04500000178813934,0.009999999776482582
-0.04500000178813934,0.01000126451253891,-0.04000032693147659,0.015000059269368649
-0.045000333338975906,0.015000039711594582,-0.04000032693147659,0.015000059269368649
-0.050002407282590866,0.02130652777850628,-0.045000333338975906,0.015000039711594582
-0.045001208782196045,0.020062170922756195,-0.045000333338975906,0.015000039711594582
-0.040001701563596725,0.021306883543729782,-0.04000032693147659,0.015000059269368649
-0.04000032693147659,0.015000059269368649,-0.045001208782196045,0.020062170922756195
-0.045001208782196045,0.020062170922756195,-0.040001701563596725,0.021306883543729782
-0.038594700396060944,0.009999999776482582,-0.03999999910593033,0.009999999776482582
-0.03500022366642952,0.015000086277723312,-0.029999999329447746,0.009999999776482582
-0.029999999329447746,0.009999999776482582,-0.03500000014901161,0.009999999776482582
-0.03500022366642952,0.015000086277723312,-0.030000219121575356,0.015000095590949059
-0.040001701563596725,0.021306883543729782,-0.03500022366642952,0.015000086277723312
-0.035000819712877274,0.02006233111023903,-0.03500022366642952,0.015000086277723312
-0.030001163482666016,0.02130706235766411,-0.030000219121575356,0.015000095590949059
-0.030000219121575356,0.015000095590949059,-0.035000819712877274,0.02006233111023903
-0.035000819712877274,0.02006233111023903,-0.030001163482666016,0.02130706235766411
-0.02500014379620552,0.015000107698142529,-0.019999999552965164,0.009999999776482582
-0.019999999552965164,0.009999999776482582,-0.02500000037252903,0.009999999776482582
-0.02500014379620552,0.015000107698142529,-0.02000013366341591,0.015000115148723125
-0.030001163482666016,0.02130706235766411,-0.02500014379620552,0.015000107698142529
-0.030001163482666016,0.02130706235766411,-0.02500053308904171,0.020062413066625595
-0.02500053308904171,0.020062413066625595,-0.02500014379620552,0.015000107698142529
-0.020000720396637917,0.02130715735256672,-0.02000013366341591,0.015000115148723125
-0.02000013366341591,0.015000115148723125,-0.02500053308904171,0.020062413066625595
-0.02500053308904171,0.020062413066625595,-0.020000720396637917,0.02130715735256672
-0.01500007975846529,0.015000119805335999,-0.009999999776482582,0.009999999776482582
-0.009999999776482582,0.009999999776482582,-0.014999999664723873,0.009999999776482582
-0.01500007975846529,0.015000119805335999,-0.010000063106417656,0.015000124461948872
-0.020000720396637917,0.02130715735256672,-0.01500007975846529,0.015000119805335999
-0.015000298619270325,0.020062454044818878,-0.01500007975846529,0.015000119805335999
-0.010000339709222317,0.02130720391869545,-0.010000063106417656,0.015000124461948872
-0.010000063106417656,0.015000124461948872,-0.015000298619270325,0.020062454044818878
-0.015000298619270325,0.020062454044818878,-0.010000339709222317,0.02130720391869545
-0.004999999888241291,0.009999999776482582,-4.576988190858425e-17,0.009999999776482582
-4.576988190858425e-17,0.009999999776482582,-8.153200337090993e-17,0.009999999776482582
-8.153200337090993e-17,0.009999999776482582,-0.004999999888241291,0.009999999776482582
-0.004999999888241291,0.009999999776482582,1.9651145155563654e-09,0.015000127255916595
-0.005000024568289518,0.015000125393271446,1.9651145155563654e-09,0.015000127255916595
-0.010000339709222317,0.02130720391869545,-0.005000024568289518,0.015000125393271446
-0.005000092554837465,0.02006247267127037,-0.005000024568289518,0.015000125393271446
9.450360494156484e-09,0.021307218819856644,1.9651145155563654e-09,0.015000127255916595
1.9651145155563654e-09,0.015000127255916595,-0.005000092554837465,0.02006247267127037
-0.005000092554837465,0.02006247267127037,9.450360494156484e-09,0.021307218819856644
0.0013940809294581413,0.009999999776482582,-8.153200337090993e-17,0.009999999776482582
0.005000028293579817,0.015000125393271446,0.009999999776482582,0.009999999776482582
0.009999999776482582,0.009999999776482582,0.004999999888241291,0.009999999776482582
0.005000028293579817,0.015000125393271446,0.010000066831707954,0.015000124461948872
9.450360494156484e-09,0.021307218819856644,0.005000028293579817,0.015000125393271446
9.450360494156484e-09,0.021307218819856644,0.005000104662030935,0.02006247267127037
0.005000104662030935,0.02006247267127037,0.005000028293579817,0.015000125393271446
0.010000360198318958,0.0213072057813406,0.010000066831707954,0.015000124461948872
0.010000066831707954,0.015000124461948872,0.005000104662030935,0.02006247267127037
0.005000104662030935,0.02006247267127037,0.010000360198318958,0.0213072057813406
0.015000084415078163,0.015000119805335999,0.019999999552965164,0.009999999776482582
0.019999999552965164,0.009999999776482582,0.014999999664723873,0.009999999776482582
0.015000084415078163,0.015000119805335999,0.020000139251351357,0.015000115148723125
0.010000360198318958,0.0213072057813406,0.015000084415078163,0.015000119805335999
0.010000360198318958,0.0213072057813406,0.015000312589108944,0.020062455907464027
0.015000312589108944,0.020062455907464027,0.015000084415078163,0.015000119805335999
0.020000746473670006,0.02130715921521187,0.020000139251351357,0.015000115148723125
0.020000139251351357,0.015000115148723125,0.015000312589108944,0.020062455907464027
0.015000312589108944,0.020062455907464027,0.020000746473670006,0.02130715921521187
0.02500014938414097,0.015000107698142529,0.029999999329447746,0.009999999776482582
0.029999999329447746,0.009999999776482582,0.02500000037252903,0.009999999776482582
0.02500014938414097,0.015000107698142529,0.030000226572155952,0.015000095590949059
0.020000746473670006,0.02130715921521187,0.02500014938414097,0.015000107698142529
0.020000746473670006,0.02130715921521187,0.02500055357813835,0.020062413066625595
0.02500055357813835,0.020062413066625595,0.02500014938414097,0.015000107698142529
0.03000119887292385,0.02130706235766411,0.030000226572155952,0.015000095590949059
0.030000226572155952,0.015000095590949059,0.02500055357813835,0.020062413066625595
0.02500055357813835,0.020062413066625595,0.03000119887292385,0.02130706235766411
0.03500023111701012,0.015000086277723312,0.03999999910593033,0.009999999776482582
0.03999999910593033,0.009999999776482582,0.03500000014901161,0.009999999776482582
0.03500023111701012,0.015000086277723312,0.04000033810734749,0.015000059269368649
0.03000119887292385,0.02130706235766411,0.03500023111701012,0.015000086277723312
0.03500084951519966,0.02006233111023903,0.03500023111701012,0.015000086277723312
0.040001749992370605,0.021306881681084633,0.04000033810734749,0.015000059269368649
0.04000033810734749,0.015000059269368649,0.03500084951519966,0.02006233111023903
0.03500084951519966,0.02006233111023903,0.040001749992370605,0.021306881681084633
0.04500000178813934,0.009999999776482582,0.0441119559109211,0.009999999776482582
0.04500000178813934,0.010000059381127357,0.04500000178813934,0.009999999776482582
0.04500000178813934,0.010000059381127357,0.05000000074505806,0.010003871284425259
0.05000000074505806,0.010003871284425259,0.05000000074505806,0.009999999776482582
0.05000000074505806,0.009999999776482582,0.04500000178813934,0.010000059381127357
0.05000000074505806,0.009999999776482582,0.04500000178813934,0.009999999776482582
0.04500000178813934,0.010000059381127357,0.05000050738453865,0.01499998290091753
0.0450003445148468,0.015000039711594582,0.05000050738453865,0.01499998290091753
0.040001749992370605,0.021306881681084633,0.0450003445148468,0.015000039711594582
0.04500124230980873,0.020062170922756195,0.0450003445148468,0.015000039711594582
0.05000247061252594,0.02130652219057083,0.05000050738453865,0.01499998290091753
0.05000050738453865,0.01499998290091753,0.04500124230980873,0.020062170922756195
0.04500124230980873,0.020062170922756195,0.05000247061252594,0.02130652219057083
0.055000003427267075,0.009999999776482582,0.05000000074505806,0.009999999776482582
0.05000000074505806,0.010003871284425259,0.055000003427267075,0.009999999776482582
0.05500000715255737,0.01003352738916874,0.055000003427267075,0.009999999776482582
0.05500000715255737,0.01003352738916874,0.060000039637088776,0.010110156610608101
0.060000039637088776,0.010110156610608101,0.060000017285346985,0.009999999776482582
0.060000017285346985,0.009999999776482582,0.05500000715255737,0.01003352738916874
0.060000017285346985,0.009999999776482582,0.055000003427267075,0.009999999776482582
0.05500000715255737,0.01003352738916874,0.06000097095966339,0.01499979943037033
0.05500058829784393,0.014999937266111374,0.06000097095966339,0.01499979943037033
0.05000247061252594,0.02130652219057083,0.05500058829784393,0.014999937266111374
0.05000247061252594,0.02130652219057083,0.05500194430351257,0.02006181702017784
0.05500194430351257,0.02006181702017784,0.05500058829784393,0.014999937266111374
0.06000374257564545,0.021305734291672707,0.06000097095966339,0.01499979943037033
0.06000097095966339,0.01499979943037033,0.05500194430351257,0.02006181702017784
0.05500194430351257,0.02006181702017784,0.06000374257564545,0.021305734291672707
0.06500011682510376,0.009999999776482582,0.060000017285346985,0.009999999776482582
0.060000039637088776,0.010110156610608101,0.06500011682510376,0.009999999776482582
0.06500021368265152,0.010325639508664608,0.06500011682510376,0.009999999776482582
0.06500021368265152,0.010325639508664608,0.07000087201595306,0.010455253534018993
0.07000087201595306,0.010455253534018993,0.07000061124563217,0.009999999776482582
0.07000061124563217,0.009999999776482582,0.06500021368265152,0.010325639508664608
0.07000061124563217,0.009999999776482582,0.06500011682510376,0.009999999776482582
0.06500021368265152,0.010325639508664608,0.07000347971916199,0.014999241568148136
0.06500160694122314,0.014999650418758392,0.07000347971916199,0.014999241568148136
0.06000374257564545,0.021305734291672707,0.06500160694122314,0.014999650418758392
0.0650041326880455,0.02006090059876442,0.06500160694122314,0.014999650418758392
0.07000751048326492,0.021303769201040268,0.07000347971916199,0.014999241568148136
0.07000347971916199,0.014999241568148136,0.0650041326880455,0.02006090059876442
0.0650041326880455,0.02006090059876442,0.07000751048326492,0.021303769201040268
0.07500271499156952,0.009999999776482582,0.07000061124563217,0.009999999776482582
0.07000087201595306,0.010455253534018993,0.07500271499156952,0.009999999776482582
0.07500296831130981,0.01023231353610754,0.07500271499156952,0.009999999776482582
0.07500296831130981,0.01023231353610754,0.07549076527357101,0.009999999776482582
0.07549076527357101,0.009999999776482582,0.07500271499156952,0.009999999776482582
0.07500296831130981,0.01023231353610754,0.08001022785902023,0.009999999776482582
0.08001022785902023,0.009999999776482582,0.07549076527357101,0.009999999776482582
0.07500822842121124,0.014998601749539375,0.08001022785902023,0.009999999776482582
0.07500822842121124,0.014998601749539375,0.08001992851495743,0.01499695610255003
0.07000751048326492,0.021303769201040268,0.07500822842121124,0.014998601749539375
0.07000751048326492,0.021303769201040268,0.07501336932182312,0.020057955756783485
0.07501336932182312,0.020057955756783485,0.07500822842121124,0.014998601749539375
0.08002496510744095,0.021296171471476555,0.08001992851495743,0.01499695610255003
0.08001992851495743,0.01499695610255003,0.07501336932182312,0.020057955756783485
0.07501336932182312,0.020057955756783485,0.08002496510744095,0.021296171471476555
0.08504749834537506,0.014993364922702312,0.09009070694446564,0.009999999776482582
0.09009070694446564,0.009999999776482582,0.08503290265798569,0.009999999776482582
0.08504749834537506,0.014993364922702312,0.09010209888219833,0.014983657747507095
0.08002496510744095,0.021296171471476555,0.08504749834537506,0.014993364922702312
0.08002496510744095,0.021296171471476555,0.08505234867334366,0.02004263736307621
0.08505234867334366,0.02004263736307621,0.08504749834537506,0.014993364922702312
0.09008491039276123,0.021238358691334724,0.09010209888219833,0.014983657747507095
0.09010209888219833,0.014983657747507095,0.08505234867334366,0.02004263736307621
0.08505234867334366,0.02004263736307621,0.09008491039276123,0.021238358691334724
0.09519945085048676,0.014955220744013786,0.10041234642267227,0.009999999776482582
0.10041234642267227,0.009999999776482582,0.09521500766277313,0.009999999776482582
0.09519945085048676,0.014955220744013786,0.10033013671636581,0.014860707335174084
0.09008491039276123,0.021238358691334724,0.09519945085048676,0.014955220744013786
0.0951041430234909,0.019894007593393326,0.09519945085048676,0.014955220744013786
0.09947367757558823,0.020438652485609055,0.10033013671636581,0.014860707335174084
0.10033013671636581,0.014860707335174084,0.0951041430234909,0.019894007593393326
0.0951041430234909,0.019894007593393326,0.09947367757558823,0.020438652485609055
0.10542012006044388,0.014573819935321808,0.11008256673812866,0.010000000707805157
0.11008256673812866,0.010000000707805157,0.10548564046621323,0.009999996982514858
0.10542012006044388,0.014573819935321808,0.10997065156698227,0.014647547155618668
0.10997065156698227,0.014647547155618668,0.11008256673812866,0.010000000707805157
0.09947367757558823,0.020438652485609055,0.10542012006044388,0.014573819935321808
0.10505174845457077,0.019669711589813232,0.10542012006044388,0.014573819935321808
0.10505174845457077,0.019669711589813232,0.10997094959020615,0.019644536077976227
0.10997094959020615,0.019644536077976227,0.10542012006044388,0.014573819935321808
0.10997094959020615,0.019644536077976227,0.10997065156698227,0.014647547155618668
-0.10502713173627853,0.020166989415884018,-0.10503881424665451,0.019641369581222534
-0.10502713173627853,0.020166989415884018,-0.09982272237539291,0.023810572922229767
-0.09982272237539291,0.023810572922229767,-0.09945393353700638,0.020424414426088333
-0.09945393353700638,0.020424414426088333,-0.10502713173627853,0.020166989415884018
-0.10502713173627853,0.020166989415884018,-0.09993500262498856,0.024838972836732864
-0.09993500262498856,0.024838972836732864,-0.09982272237539291,0.023810572922229767
-0.10492447018623352,0.024780461564660072,-0.09993500262498856,0.024838972836732864
-0.10997086018323898,0.02478492073714733,-0.10997083783149719,0.029903622344136238
-0.10997083783149719,0.029903622344136238,-0.10492447018623352,0.024780461564660072
-0.10488886386156082,0.029885606840252876,-0.10492447018623352,0.024780461564660072
-0.10492447018623352,0.024780461564660072,-0.09857680648565292,0.029877206310629845
-0.09857680648565292,0.029877206310629845,-0.09993500262498856,0.024838972836732864
-0.10488886386156082,0.029885606840252876,-0.09857680648565292,0.029877206310629845
0.0998414158821106,0.023898957297205925,0.09994307905435562,0.024853575974702835
0.09994307905435562,0.024853575974702835,0.10352779179811478,0.02481514774262905
0.10492551326751709,0.025214312598109245,0.10352779179811478,0.02481514774262905
0.09994307905435562,0.024853575974702835,0.10492551326751709,0.025214312598109245
0.09994307905435562,0.024853575974702835,0.10489022731781006,0.02989676408469677
0.10489022731781006,0.02989676408469677,0.10492551326751709,0.025214312598109245
0.09994307905435562,0.024853575974702835,0.09857996553182602,0.029886519536376
0.09857996553182602,0.029886519536376,0.10489022731781006,0.02989676408469677
0.10997100174427032,0.02854406088590622,0.10492551326751709,0.025214312598109245
0.10489022731781006,0.02989676408469677,0.10997100174427032,0.02854406088590622
0.10997097939252853,0.029915539547801018,0.10997100174427032,0.02854406088590622
0.10489022731781006,0.02989676408469677,0.10997097939252853,0.029915539547801018
0.10492862015962601,0.02480013109743595,0.10997094959020615,0.019644536077976227
0.10492862015962601,0.02480013109743595,0.10997094213962555,0.024807803332805634
0.10997094213962555,0.024807803332805634,0.10997094959020615,0.019644536077976227
0.10492551326751709,0.025214312598109245,0.10492862015962601,0.02480013109743595
0.10997100174427032,0.02854406088590622,0.10492862015962601,0.02480013109743595
0.10997100174427032,0.02854406088590622,0.10997094213962555,0.024807803332805634
-0.10487419366836548,0.0349474772810936,-0.09857680648565292,0.029877206310629845
-0.10487419366836548,0.0349474772810936,-0.09975237399339676,0.0349339134991169
-0.09975237399339676,0.0349339134991169,-0.09857680648565292,0.029877206310629845
-0.10997089743614197,0.03496244549751282,-0.10997093468904495,0.04000058025121689
-0.10997093468904495,0.04000058025121689,-0.10487419366836548,0.0349474772810936
-0.10487052798271179,0.03998241946101189,-0.10487419366836548,0.0349474772810936
-0.10487419366836548,0.0349474772810936,-0.09850221127271652,0.039967577904462814
-0.09850221127271652,0.039967577904462814,-0.09975237399339676,0.0349339134991169
-0.10487052798271179,0.03998241946101189,-0.09850221127271652,0.039967577904462814
0.09857996553182602,0.029886519536376,0.09975342452526093,0.034939657896757126
0.09975342452526093,0.034939657896757126,0.10489022731781006,0.02989676408469677
0.09975342452526093,0.034939657896757126,0.10487464815378189,0.03495447710156441
0.10487464815378189,0.03495447710156441,0.10489022731781006,0.02989676408469677
0.10730058699846268,0.03496387228369713,0.10997100174427032,0.03168926388025284
0.10997100174427032,0.03168926388025284,0.10997097939252853,0.029915539547801018
0.10997097939252853,0.029915539547801018,0.10730058699846268,0.03496387228369713
0.10997097939252853,0.029915539547801018,0.10487464815378189,0.03495447710156441
0.10487464815378189,0.03495447710156441,0.10730058699846268,0.03496387228369713
0.09975342452526093,0.034939657896757126,0.09850255399942398,0.03996897116303444
0.09850255399942398,0.03996897116303444,0.10487464815378189,0.03495447710156441
0.09850255399942398,0.03996897116303444,0.10487023741006851,0.03998059034347534
0.10487023741006851,0.03998059034347534,0.10487464815378189,0.03495447710156441
0.10997100174427032,0.03578781709074974,0.10730058699846268,0.03496387228369713
0.10487464815378189,0.03495447710156441,0.10997100174427032,0.03578781709074974
0.10487464815378189,0.03495447710156441,0.10997078567743301,0.039990369230508804
0.10997078567743301,0.039990369230508804,0.10997100174427032,0.03578781709074974
0.10487023741006851,0.03998059034347534,0.10997078567743301,0.039990369230508804
0.10730058699846268,0.03496387228369713,0.10997095704078674,0.03497421368956566
0.10997095704078674,0.03497421368956566,0.10997100174427032,0.03168926388025284
0.10997100174427032,0.03578781709074974,0.10997095704078674,0.03497421368956566
-0.09972232580184937,0.044952455908060074,-0.09975538402795792,0.044985588639974594
-0.09975538402795792,0.044985588639974594,-0.09973043203353882,0.04498555511236191
-0.09973043203353882,0.04498555511236191,-0.09972232580184937,0.044952455908060074
-0.10997099429368973,0.050001081079244614,-0.1048673540353775,0.04999798536300659
-0.1048673540353775,0.04999798536300659,-0.10486727207899094,0.04883463308215141
-0.10486727207899094,0.04883463308215141,-0.10997099429368973,0.050001081079244614
-0.10997100174427032,0.04973652586340904,-0.10997099429368973,0.050001081079244614
-0.10486727207899094,0.04883463308215141,-0.10997100174427032,0.04973652586340904
-0.09975538402795792,0.044985588639974594,-0.10486727207899094,0.04883463308215141
-0.1048673540353775,0.04999798536300659,-0.09975538402795792,0.044985588639974594
-0.1048673540353775,0.04999798536300659,-0.09973043203353882,0.04498555511236191
-0.1048673540353775,0.04999798536300659,-0.09849141538143158,0.04999280720949173
-0.09849141538143158,0.04999280720949173,-0.09973043203353882,0.04498555511236191
-0.09972232580184937,0.044952455908060074,-0.10486696660518646,0.044992584735155106
-0.10486696660518646,0.044992584735155106,-0.09975538402795792,0.044985588639974594
-0.09972232580184937,0.044952455908060074,-0.09850221127271652,0.039967577904462814
-0.09850221127271652,0.039967577904462814,-0.10486696660518646,0.044992584735155106
-0.10997091978788376,0.04499708488583565,-0.10486727207899094,0.04883463308215141
-0.10486727207899094,0.04883463308215141,-0.10486696660518646,0.044992584735155106
-0.10997091978788376,0.04499708488583565,-0.10997100174427032,0.04973652586340904
0.09850255399942398,0.03996897116303444,0.09973038733005524,0.044985562562942505
0.09973038733005524,0.044985562562942505,0.10487023741006851,0.03998059034347534
0.09973038733005524,0.044985562562942505,0.10486645251512527,0.044991809874773026
0.10486645251512527,0.044991809874773026,0.10487023741006851,0.03998059034347534
0.10487023741006851,0.03998059034347534,0.10997077822685242,0.044996511191129684
0.10997077822685242,0.044996511191129684,0.10997078567743301,0.039990369230508804
0.10486645251512527,0.044991809874773026,0.10997077822685242,0.044996511191129684
0.09973038733005524,0.044985562562942505,0.09849098324775696,0.04999218508601189
0.09849098324775696,0.04999218508601189,0.10486645251512527,0.044991809874773026
0.09849098324775696,0.04999218508601189,0.10486677289009094,0.049996957182884216
0.10486677289009094,0.049996957182884216,0.10486645251512527,0.044991809874773026
0.10486677289009094,0.049996957182884216,0.10997077822685242,0.044996511191129684
0.10486677289009094,0.049996957182884216,0.10997088253498077,0.050000693649053574
0.10997088253498077,0.050000693649053574,0.10997077822685242,0.044996511191129684
-0.10997099429368973,0.050001081079244614,-0.10997099429368973,0.055000804364681244
-0.10997099429368973,0.055000804364681244,-0.1048673540353775,0.04999798536300659
-0.10997099429368973,0.055000804364681244,-0.10486546903848648,0.05499976873397827
-0.10486546903848648,0.05499976873397827,-0.1048673540353775,0.04999798536300659
-0.09849141538143158,0.04999280720949173,-0.10486546903848648,0.05499976873397827
-0.10486546903848648,0.05499976873397827,-0.09972671419382095,0.05499747022986412
-0.10997100174427032,0.05724057927727699,-0.10820421576499939,0.06000114232301712
-0.10820421576499939,0.06000114232301712,-0.10486654937267303,0.06000024452805519
-0.10486654937267303,0.06000024452805519,-0.10997100174427032,0.05724057927727699
-0.10486654937267303,0.06000024452805519,-0.10997099429368973,0.055000804364681244
-0.10997099429368973,0.055000804364681244,-0.10997100174427032,0.05724057927727699
-0.10486654937267303,0.06000024452805519,-0.10486546903848648,0.05499976873397827
-0.0984889343380928,0.05999848619103432,-0.09972671419382095,0.05499747022986412
-0.09972671419382095,0.05499747022986412,-0.10486654937267303,0.06000024452805519
-0.10486654937267303,0.06000024452805519,-0.0984889343380928,0.05999848619103432
-0.10997100174427032,0.05724057927727699,-0.10997098684310913,0.060001615434885025
0.09849098324775696,0.04999218508601189,0.0997258648276329,0.05499618873000145
0.0997258648276329,0.05499618873000145,0.10486677289009094,0.049996957182884216
0.0997258648276329,0.05499618873000145,0.10486508160829544,0.054997239261865616
0.10486508160829544,0.054997239261865616,0.10486677289009094,0.049996957182884216
0.10757983475923538,0.05499643832445145,0.10997100174427032,0.05371832847595215
0.10997100174427032,0.05371832847595215,0.10997088253498077,0.050000693649053574
0.10997088253498077,0.050000693649053574,0.10757983475923538,0.05499643832445145
0.10997088253498077,0.050000693649053574,0.10486508160829544,0.054997239261865616
0.10486508160829544,0.054997239261865616,0.10757983475923538,0.05499643832445145
0.0997258648276329,0.05499618873000145,0.09848790615797043,0.05999774858355522
0.09848790615797043,0.05999774858355522,0.10486508160829544,0.054997239261865616
0.09848790615797043,0.05999774858355522,0.10486611723899841,0.05999897047877312
0.10486611723899841,0.05999897047877312,0.10486508160829544,0.054997239261865616
0.10486611723899841,0.05999897047877312,0.10711511224508286,0.05999857932329178
0.10711511224508286,0.05999857932329178,0.10486508160829544,0.054997239261865616
0.10711511224508286,0.05999857932329178,0.10757983475923538,0.05499643832445145
0.10757983475923538,0.05499643832445145,0.10997095704078674,0.05499573051929474
0.10997095704078674,0.05499573051929474,0.10997100174427032,0.05371832847595215
0.10711511224508286,0.05999857932329178,0.10997095704078674,0.05499573051929474
0.10997096449136734,0.05999808385968208,0.10997095704078674,0.05499573051929474
0.10711511224508286,0.05999857932329178,0.10997096449136734,0.05999808385968208
-0.10997100174427032,0.061605773866176605,-0.10997097194194794,0.06499961018562317
-0.10997097194194794,0.06499961018562317,-0.10820421576499939,0.06000114232301712
-0.10997097194194794,0.06499961018562317,-0.10486654937267303,0.06000024452805519
-0.10997097194194794,0.06499961018562317,-0.10486528277397156,0.06499996036291122
-0.10486528277397156,0.06499996036291122,-0.10486654937267303,0.06000024452805519
-0.09972566366195679,0.06499964743852615,-0.0984889343380928,0.05999848619103432
-0.0984889343380928,0.05999848619103432,-0.10486528277397156,0.06499996036291122
-0.10486528277397156,0.06499996036291122,-0.09972566366195679,0.06499964743852615
-0.10997097194194794,0.06499961018562317,-0.10486645996570587,0.069999098777771
-0.10486645996570587,0.069999098777771,-0.10486528277397156,0.06499996036291122
-0.10997097194194794,0.06499961018562317,-0.10997095704078674,0.06999731063842773
-0.10997095704078674,0.06999731063842773,-0.10486645996570587,0.069999098777771
-0.0984882116317749,0.06999947130680084,-0.09972566366195679,0.06499964743852615
-0.09972566366195679,0.06499964743852615,-0.10486645996570587,0.069999098777771
-0.10486645996570587,0.069999098777771,-0.0984882116317749,0.06999947130680084
0.09848790615797043,0.05999774858355522,0.09972512722015381,0.06499975919723511
0.09972512722015381,0.06499975919723511,0.10486611723899841,0.05999897047877312
0.09972512722015381,0.06499975919723511,0.10486488044261932,0.06500111520290375
0.10486488044261932,0.06500111520290375,0.10486611723899841,0.05999897047877312
0.10997100174427032,0.060998495668172836,0.10711511224508286,0.05999857932329178
0.10486611723899841,0.05999897047877312,0.10997100174427032,0.060998495668172836
0.10486611723899841,0.05999897047877312,0.10997084528207779,0.06500231474637985
0.10997084528207779,0.06500231474637985,0.10997100174427032,0.060998495668172836
0.10486488044261932,0.06500111520290375,0.10997084528207779,0.06500231474637985
0.09972512722015381,0.06499975919723511,0.0984877496957779,0.06999996304512024
0.0984877496957779,0.06999996304512024,0.10486488044261932,0.06500111520290375
0.0984877496957779,0.06999996304512024,0.10486625880002975,0.07000178098678589
0.10486625880002975,0.07000178098678589,0.10486488044261932,0.06500111520290375
0.10486625880002975,0.07000178098678589,0.10997084528207779,0.06500231474637985
0.10486625880002975,0.07000178098678589,0.10997083783149719,0.07000403851270676
0.10997083783149719,0.07000403851270676,0.10997084528207779,0.06500231474637985
0.10997100174427032,0.060998495668172836,0.10997096449136734,0.05999808385968208
-0.10997095704078674,0.06999731063842773,-0.10997097939252853,0.0749986469745636
-0.10997097939252853,0.0749986469745636,-0.10486645996570587,0.069999098777771
-0.10997097939252853,0.0749986469745636,-0.10486526042222977,0.07500012964010239
-0.10486526042222977,0.07500012964010239,-0.10486645996570587,0.069999098777771
-0.0984882116317749,0.06999947130680084,-0.10486526042222977,0.07500012964010239
-0.10486526042222977,0.07500012964010239,-0.0997254028916359,0.07500028610229492
-0.10997097939252853,0.0749986469745636,-0.10486625880002975,0.08000218868255615
-0.10486625880002975,0.08000218868255615,-0.10486526042222977,0.07500012964010239
-0.10997097939252853,0.0749986469745636,-0.1099708154797554,0.08000488579273224
-0.1099708154797554,0.08000488579273224,-0.10486625880002975,0.08000218868255615
-0.09848764538764954,0.08000072091817856,-0.0997254028916359,0.07500028610229492
-0.0997254028916359,0.07500028610229492,-0.10486625880002975,0.08000218868255615
-0.10486625880002975,0.08000218868255615,-0.09848764538764954,0.08000072091817856
0.0984877496957779,0.06999996304512024,0.09972492605447769,0.07500024139881134
0.09972492605447769,0.07500024139881134,0.10486625880002975,0.07000178098678589
0.09972492605447769,0.07500024139881134,0.10486512631177902,0.07500042766332626
0.10486512631177902,0.07500042766332626,0.10486625880002975,0.07000178098678589
0.10601966828107834,0.07500018924474716,0.10997100174427032,0.07386920601129532
0.10997100174427032,0.07386920601129532,0.10997083783149719,0.07000403851270676
0.10997083783149719,0.07000403851270676,0.10601966828107834,0.07500018924474716
0.10997083783149719,0.07000403851270676,0.10486512631177902,0.07500042766332626
0.10486512631177902,0.07500042766332626,0.10601966828107834,0.07500018924474716
0.09891866147518158,0.07825636118650436,0.10486536473035812,0.07601411640644073
0.10486536473035812,0.07601411640644073,0.10486512631177902,0.07500042766332626
0.10486512631177902,0.07500042766332626,0.09891866147518158,0.07825636118650436
0.09972492605447769,0.07500024139881134,0.09891866147518158,0.07825636118650436
0.10486536473035812,0.07601411640644073,0.10601966828107834,0.07500018924474716
0.10601966828107834,0.07500018924474716,0.10997095704078674,0.0749993771314621
0.10997095704078674,0.0749993771314621,0.10997100174427032,0.07386920601129532
0.10486621409654617,0.08000126481056213,0.09891866147518158,0.07825636118650436
0.09891866147518158,0.07825636118650436,0.09848707169294357,0.08000042289495468
0.10486621409654617,0.08000126481056213,0.10486536473035812,0.07601411640644073
0.10486536473035812,0.07601411640644073,0.10997095704078674,0.0749993771314621
0.10486621409654617,0.08000126481056213,0.10997095704078674,0.0749993771314621
0.10486621409654617,0.08000126481056213,0.10997087508440018,0.08000113815069199
0.10997087508440018,0.08000113815069199,0.10997095704078674,0.0749993771314621
-0.1099708154797554,0.08000488579273224,-0.10997100174427032,0.08378387242555618
-0.10997100174427032,0.08378387242555618,-0.10486625880002975,0.08000218868255615
-0.10486500710248947,0.08482556790113449,-0.10486625880002975,0.08000218868255615
-0.10486500710248947,0.08482556790113449,-0.09934665262699127,0.0834731012582779
-0.09934665262699127,0.0834731012582779,-0.09848764538764954,0.08000072091817856
-0.09848764538764954,0.08000072091817856,-0.10486500710248947,0.08482556790113449
-0.1069348156452179,0.09000077843666077,-0.10997100174427032,0.08844099193811417
-0.10997100174427032,0.08844099193811417,-0.10997097194194794,0.09000083804130554
-0.10997097194194794,0.09000083804130554,-0.1069348156452179,0.09000077843666077
-0.10486500710248947,0.08482556790113449,-0.09972473233938217,0.08500076830387115
-0.09972473233938217,0.08500076830387115,-0.09934665262699127,0.0834731012582779
-0.10486496239900589,0.08500146865844727,-0.09972473233938217,0.08500076830387115
-0.1069348156452179,0.09000077843666077,-0.10997094213962555,0.08500247448682785
-0.10997094213962555,0.08500247448682785,-0.10997100174427032,0.08844099193811417
-0.1048661544919014,0.09000074118375778,-0.10997094213962555,0.08500247448682785
-0.1048661544919014,0.09000074118375778,-0.10486496239900589,0.08500146865844727
-0.10486496239900589,0.08500146865844727,-0.09848745167255402,0.09000048041343689
-0.09848745167255402,0.09000048041343689,-0.09972473233938217,0.08500076830387115
-0.1048661544919014,0.09000074118375778,-0.09848745167255402,0.09000048041343689
0.10486477613449097,0.08500129729509354,0.10997087508440018,0.08000113815069199
0.10486477613449097,0.08500129729509354,0.10997097194194794,0.08500178903341293
0.10997097194194794,0.08500178903341293,0.10997087508440018,0.08000113815069199
0.10486599057912827,0.0900014340877533,0.09972424060106277,0.08500074595212936
0.09972424060106277,0.08500074595212936,0.09848669916391373,0.09000059962272644
0.10486599057912827,0.0900014340877533,0.10486477613449097,0.08500129729509354
0.10486599057912827,0.0900014340877533,0.10997097194194794,0.09000208228826523
0.10997097194194794,0.09000208228826523,0.10486477613449097,0.08500129729509354
0.10997097194194794,0.09000208228826523,0.10997097194194794,0.08500178903341293
-0.10997097194194794,0.09000083804130554,-0.10997100174427032,0.09060843288898468
-0.10486473888158798,0.0950004830956459,-0.09848745167255402,0.09000048041343689
-0.10486473888158798,0.0950004830956459,-0.09972503781318665,0.0950004979968071
-0.09972503781318665,0.0950004979968071,-0.09848745167255402,0.09000048041343689
-0.1099708080291748,0.09500020742416382,-0.10997090488672256,0.09999918192625046
-0.10997090488672256,0.09999918192625046,-0.10486473888158798,0.0950004830956459
-0.1048658937215805,0.09999998658895493,-0.10486473888158798,0.0950004830956459
-0.10486473888158798,0.0950004830956459,-0.09848761558532715,0.1000002771615982
-0.09848761558532715,0.1000002771615982,-0.09972503781318665,0.0950004979968071
-0.1048658937215805,0.09999998658895493,-0.09848761558532715,0.1000002771615982
0.10997096449136734,0.09500163048505783,0.10997100174427032,0.09223776310682297
0.10997100174427032,0.09223776310682297,0.1063823476433754,0.0950014665722847
0.1063823476433754,0.0950014665722847,0.10997096449136734,0.09500163048505783
0.1063823476433754,0.0950014665722847,0.10997100174427032,0.09617848694324493
0.10997100174427032,0.09617848694324493,0.10997096449136734,0.09500163048505783
0.10997100174427032,0.09223776310682297,0.10486485809087753,0.09500139951705933
0.10486485809087753,0.09500139951705933,0.1063823476433754,0.0950014665722847
0.10997100174427032,0.09223776310682297,0.10997097194194794,0.09000208228826523
0.10997097194194794,0.09000208228826523,0.10486485809087753,0.09500139951705933
0.1048661395907402,0.10000143200159073,0.09972427785396576,0.09500084072351456
0.09972427785396576,0.09500084072351456,0.09848690032958984,0.10000049322843552
0.1048661395907402,0.10000143200159073,0.10486485809087753,0.09500139951705933
0.1063823476433754,0.0950014665722847,0.10997088998556137,0.10000231117010117
0.10997088998556137,0.10000231117010117,0.10997100174427032,0.09617848694324493
0.10486485809087753,0.09500139951705933,0.10997088998556137,0.10000231117010117
0.1048661395907402,0.10000143200159073,0.10997088998556137,0.10000231117010117
-0.1090647503733635,0.10999841243028641,-0.10997100174427032,0.1097341850399971
-0.10997100174427032,0.1097341850399971,-0.10997098684310913,0.10999812930822372
-0.10997098684310913,0.10999812930822372,-0.1090647503733635,0.10999841243028641
-0.10486453026533127,0.10500004887580872,-0.09848761558532715,0.1000002771615982
-0.10486453026533127,0.10500004887580872,-0.09972477704286575,0.10500021278858185
-0.09972477704286575,0.10500021278858185,-0.09848761558532715,0.1000002771615982
-0.1090647503733635,0.10999841243028641,-0.10997075587511063,0.1049998328089714
-0.10997075587511063,0.1049998328089714,-0.10997100174427032,0.1097341850399971
-0.10486581921577454,0.10999971628189087,-0.10997075587511063,0.1049998328089714
-0.10486581921577454,0.10999971628189087,-0.10486453026533127,0.10500004887580872
-0.10486453026533127,0.10500004887580872,-0.0984870046377182,0.11000017076730728
-0.0984870046377182,0.11000017076730728,-0.09972477704286575,0.10500021278858185
-0.10486581921577454,0.10999971628189087,-0.0984870046377182,0.11000017076730728
0.10997148603200912,0.10499808937311172,0.10997144132852554,0.10437487065792084
0.10997144132852554,0.10437487065792084,0.10807549208402634,0.10499867796897888
0.10807549208402634,0.10499867796897888,0.10997148603200912,0.10499808937311172
0.10807549208402634,0.10499867796897888,0.10997150093317032,0.10620202869176865
0.10997150093317032,0.10620202869176865,0.10997148603200912,0.10499808937311172
0.10997144132852554,0.10437487065792084,0.10486496984958649,0.10499966889619827
0.10486496984958649,0.10499966889619827,0.10807549208402634,0.10499867796897888
0.10997144132852554,0.10437487065792084,0.10997088998556137,0.10000231117010117
0.10997088998556137,0.10000231117010117,0.10486496984958649,0.10499966889619827
0.10486612468957901,0.10999920964241028,0.0997244343161583,0.10499996691942215
0.0997244343161583,0.10499996691942215,0.09848720580339432,0.10999971628189087
0.10486612468957901,0.10999920964241028,0.10486496984958649,0.10499966889619827
0.10807549208402634,0.10499867796897888,0.10997144877910614,0.10999677330255508
0.10997144877910614,0.10999677330255508,0.10997150093317032,0.10620202869176865
0.10486496984958649,0.10499966889619827,0.10997144877910614,0.10999677330255508
0.10486612468957901,0.10999920964241028,0.10997144877910614,0.10999677330255508
-0.10997098684310913,0.10999812930822372,-0.10997100174427032,0.11306727677583694
-0.10486457496881485,0.1150018721818924,-0.0984870046377182,0.11000017076730728
-0.10486457496881485,0.1150018721818924,-0.0997244268655777,0.1150006502866745
-0.0997244268655777,0.1150006502866745,-0.0984870046377182,0.11000017076730728
-0.10997099429368973,0.11500509828329086,-0.10997094959020615,0.12000217288732529
-0.10997094959020615,0.12000217288732529,-0.10486457496881485,0.1150018721818924
-0.10486580431461334,0.12000106275081635,-0.10486457496881485,0.1150018721818924
-0.10486457496881485,0.1150018721818924,-0.09848715364933014,0.12000036984682083
-0.09848715364933014,0.12000036984682083,-0.0997244268655777,0.1150006502866745
-0.10486580431461334,0.12000106275081635,-0.09848715364933014,0.12000036984682083
0.10486454516649246,0.11500129848718643,0.10997144877910614,0.10999677330255508
0.10486454516649246,0.11500129848718643,0.10997095704078674,0.11500313133001328
0.10997095704078674,0.11500313133001328,0.10997144877910614,0.10999677330255508
0.10486534237861633,0.12000129371881485,0.09972462058067322,0.11500044167041779
0.09972462058067322,0.11500044167041779,0.09848695993423462,0.12000054866075516
0.10486534237861633,0.12000129371881485,0.10486454516649246,0.11500129848718643
0.10486534237861633,0.12000129371881485,0.10997021198272705,0.12000203132629395
0.10997021198272705,0.12000203132629395,0.10486454516649246,0.11500129848718643
0.10997021198272705,0.12000203132629395,0.10997095704078674,0.11500313133001328
-0.10486443340778351,0.12500038743019104,-0.09848715364933014,0.12000036984682083
-0.10486443340778351,0.12500038743019104,-0.0997246652841568,0.12500007450580597
-0.0997246652841568,0.12500007450580597,-0.09848715364933014,0.12000036984682083
-0.10997088998556137,0.12500065565109253,-0.10997078567743301,0.13000066578388214
-0.10997078567743301,0.13000066578388214,-0.10486443340778351,0.12500038743019104
-0.10486556589603424,0.1300002932548523,-0.10486443340778351,0.12500038743019104
-0.10486443340778351,0.12500038743019104,-0.09848719090223312,0.12999999523162842
-0.09848719090223312,0.12999999523162842,-0.0997246652841568,0.12500007450580597
-0.10486556589603424,0.1300002932548523,-0.09848719090223312,0.12999999523162842
0.10486363619565964,0.1250009387731552,0.10997021198272705,0.12000203132629395
0.10486363619565964,0.1250009387731552,0.10996949672698975,0.12500114738941193
0.10996949672698975,0.12500114738941193,0.10997021198272705,0.12000203132629395
0.10486514121294022,0.13000059127807617,0.09972421824932098,0.12500067055225372
0.09972421824932098,0.12500067055225372,0.0984872505068779,0.130000501871109
0.10486514121294022,0.13000059127807617,0.10486363619565964,0.1250009387731552
0.10486514121294022,0.13000059127807617,0.10996928811073303,0.13000044226646423
0.10996928811073303,0.13000044226646423,0.10486363619565964,0.1250009387731552
0.10996928811073303,0.13000044226646423,0.10996949672698975,0.12500114738941193
-0.10486432909965515,0.13500013947486877,-0.09848719090223312,0.12999999523162842
-0.10486432909965515,0.13500013947486877,-0.09972460567951202,0.13500003516674042
-0.09972460567951202,0.13500003516674042,-0.09848719090223312,0.12999999523162842
-0.10997078567743301,0.13500012457370758,-0.10997072607278824,0.14000019431114197
-0.10997072607278824,0.14000019431114197,-0.10486432909965515,0.13500013947486877
-0.10486563295125961,0.1400001347064972,-0.10486432909965515,0.13500013947486877
-0.10486432909965515,0.13500013947486877,-0.09848737716674805,0.1400001347064972
-0.09848737716674805,0.1400001347064972,-0.09972460567951202,0.13500003516674042
-0.10486563295125961,0.1400001347064972,-0.09848737716674805,0.1400001347064972
0.10997429490089417,0.1350030153989792,0.10997351258993149,0.13417738676071167
0.10997351258993149,0.13417738676071167,0.10729990154504776,0.13500209152698517
0.10729990154504776,0.13500209152698517,0.10997429490089417,0.1350030153989792
0.09869151562452316,0.13917924463748932,0.09848833084106445,0.14000049233436584
0.09848833084106445,0.14000049233436584,0.09979293495416641,0.14000050723552704
0.09979293495416641,0.14000050723552704,0.09869151562452316,0.13917924463748932
0.10729990154504776,0.13500209152698517,0.10997404903173447,0.13638493418693542
0.10997404903173447,0.13638493418693542,0.10997429490089417,0.1350030153989792
0.10997351258993149,0.13417738676071167,0.10486702620983124,0.13500124216079712
0.10486702620983124,0.13500124216079712,0.10729990154504776,0.13500209152698517
0.10997351258993149,0.13417738676071167,0.10996928811073303,0.13000044226646423
0.10996928811073303,0.13000044226646423,0.10486702620983124,0.13500124216079712
0.09979293495416641,0.14000050723552704,0.09972590953111649,0.13500069081783295
0.10486813634634018,0.14000056684017181,0.09972590953111649,0.13500069081783295
0.10486813634634018,0.14000056684017181,0.10486702620983124,0.13500124216079712
0.10729990154504776,0.13500209152698517,0.10997327417135239,0.14000026881694794
0.10997327417135239,0.14000026881694794,0.10997404903173447,0.13638493418693542
0.10486702620983124,0.13500124216079712,0.10997327417135239,0.14000026881694794
0.10486813634634018,0.14000056684017181,0.10997327417135239,0.14000026881694794
-0.1048644557595253,0.1449991762638092,-0.09848737716674805,0.1400001347064972
-0.1048644557595253,0.1449991762638092,-0.09972494840621948,0.14500011503696442
-0.09972494840621948,0.14500011503696442,-0.09848737716674805,0.1400001347064972
-0.10997072607278824,0.14499624073505402,-0.10997087508440018,0.1500035673379898
-0.10997087508440018,0.1500035673379898,-0.1048644557595253,0.1449991762638092
-0.10486572980880737,0.15000152587890625,-0.1048644557595253,0.1449991762638092
-0.1048644557595253,0.1449991762638092,-0.09848707169294357,0.15000075101852417
-0.09848707169294357,0.15000075101852417,-0.09972494840621948,0.14500011503696442
-0.10486572980880737,0.15000152587890625,-0.09848707169294357,0.15000075101852417
0.09848833084106445,0.14000049233436584,0.09972569346427917,0.1450003832578659
0.09972569346427917,0.1450003832578659,0.10475198179483414,0.14500027894973755
0.10475198179483414,0.14500027894973755,0.09848833084106445,0.14000049233436584
0.09972569346427917,0.1450003832578659,0.0984877273440361,0.15000025928020477
0.0984877273440361,0.15000025928020477,0.10086090862751007,0.15000014007091522
0.10086090862751007,0.15000014007091522,0.09972569346427917,0.1450003832578659
0.10086090862751007,0.15000014007091522,0.10475198179483414,0.14500027894973755
0.10486619174480438,0.14500027894973755,0.10997327417135239,0.14000026881694794
0.10486619174480438,0.14500027894973755,0.1099722757935524,0.14499999582767487
0.1099722757935524,0.14499999582767487,0.10997327417135239,0.14000026881694794
0.10486619174480438,0.14500027894973755,0.10086090862751007,0.15000014007091522
0.10486694425344467,0.1499999463558197,0.10486619174480438,0.14500027894973755
0.10486694425344467,0.1499999463558197,0.10997200012207031,0.1499989628791809
0.10997200012207031,0.1499989628791809,0.10486619174480438,0.14500027894973755
0.10997200012207031,0.1499989628791809,0.1099722757935524,0.14499999582767487
-0.10486453026533127,0.15500088036060333,-0.09848707169294357,0.15000075101852417
-0.10486453026533127,0.15500088036060333,-0.0997241660952568,0.155000701546669
-0.0997241660952568,0.155000701546669,-0.09848707169294357,0.15000075101852417
-0.10997090488672256,0.1550009548664093,-0.10997098684310913,0.16000142693519592
-0.10997098684310913,0.16000142693519592,-0.10486453026533127,0.15500088036060333
-0.10486577451229095,0.16000103950500488,-0.10486453026533127,0.15500088036060333
-0.10486453026533127,0.15500088036060333,-0.09848632663488388,0.16000071167945862
-0.09848632663488388,0.16000071167945862,-0.0997241660952568,0.155000701546669
-0.10486577451229095,0.16000103950500488,-0.09848632663488388,0.16000071167945862
0.0984877273440361,0.15000025928020477,0.09972493350505829,0.15500065684318542
0.09972493350505829,0.15500065684318542,0.10140404105186462,0.15500077605247498
0.10140404105186462,0.15500077605247498,0.0984877273440361,0.15000025928020477
0.10486581921577454,0.1572687029838562,0.10140404105186462,0.15500077605247498
0.09972493350505829,0.15500065684318542,0.10486581921577454,0.1572687029838562
0.09972493350505829,0.15500065684318542,0.10486635565757751,0.16000090539455414
0.10486635565757751,0.16000090539455414,0.10486581921577454,0.1572687029838562
0.09972493350505829,0.15500065684318542,0.09848776459693909,0.16000066697597504
0.09848776459693909,0.16000066697597504,0.10486635565757751,0.16000090539455414
0.10486635565757751,0.16000090539455414,0.10733505338430405,0.1600009649991989
0.10733505338430405,0.1600009649991989,0.10486581921577454,0.1572687029838562
0.10486533492803574,0.15500099956989288,0.10997200012207031,0.1499989628791809
0.10486533492803574,0.15500099956989288,0.10997148603200912,0.15500156581401825
0.10997148603200912,0.15500156581401825,0.10997200012207031,0.1499989628791809
0.10486581921577454,0.1572687029838562,0.10486533492803574,0.15500099956989288
0.10733505338430405,0.1600009649991989,0.10486533492803574,0.15500099956989288
0.10733505338430405,0.1600009649991989,0.10997147113084793,0.1600010246038437
0.10997147113084793,0.1600010246038437,0.10486533492803574,0.15500099956989288
0.10997147113084793,0.1600010246038437,0.10997148603200912,0.15500156581401825
-0.10997094213962555,0.16999876499176025,-0.10486593097448349,0.169999897480011
-0.10486593097448349,0.169999897480011,-0.10486556589603424,0.1685374677181244
-0.10486556589603424,0.1685374677181244,-0.10997094213962555,0.16999876499176025
-0.10997100174427032,0.1672162264585495,-0.10997094213962555,0.16999876499176025
-0.10486556589603424,0.1685374677181244,-0.10997100174427032,0.1672162264585495
-0.10486593097448349,0.169999897480011,-0.09848623722791672,0.17000022530555725
-0.09848623722791672,0.17000022530555725,-0.09851942211389542,0.169866144657135
-0.09851942211389542,0.169866144657135,-0.10486593097448349,0.169999897480011
-0.09851942211389542,0.169866144657135,-0.10486556589603424,0.1685374677181244
-0.10486464202404022,0.165000781416893,-0.09848632663488388,0.16000071167945862
-0.10486464202404022,0.165000781416893,-0.09972397983074188,0.1650005728006363
-0.09972397983074188,0.1650005728006363,-0.09848632663488388,0.16000071167945862
-0.10997095704078674,0.16500118374824524,-0.10486556589603424,0.1685374677181244
-0.10486556589603424,0.1685374677181244,-0.10486464202404022,0.165000781416893
-0.10997095704078674,0.16500118374824524,-0.10997100174427032,0.1672162264585495
-0.09851942211389542,0.169866144657135,-0.10486464202404022,0.165000781416893
-0.09851942211389542,0.169866144657135,-0.09972397983074188,0.1650005728006363
0.09848776459693909,0.16000066697597504,0.09972544759511948,0.16500073671340942
0.09972544759511948,0.16500073671340942,0.10486635565757751,0.16000090539455414
0.09972544759511948,0.16500073671340942,0.10486486554145813,0.16500094532966614
0.10486486554145813,0.16500094532966614,0.10486635565757751,0.16000090539455414
0.10997132211923599,0.16175875067710876,0.10733505338430405,0.1600009649991989
0.10486635565757751,0.16000090539455414,0.10997132211923599,0.16175875067710876
0.10486635565757751,0.16000090539455414,0.10997094213962555,0.16500143706798553
0.10997094213962555,0.16500143706798553,0.10997132211923599,0.16175875067710876
0.10486486554145813,0.16500094532966614,0.10997094213962555,0.16500143706798553
0.09972544759511948,0.16500073671340942,0.09848847985267639,0.1700006127357483
0.09848847985267639,0.1700006127357483,0.10486486554145813,0.16500094532966614
0.09848847985267639,0.1700006127357483,0.10486610233783722,0.17000031471252441
0.10486610233783722,0.17000031471252441,0.10486486554145813,0.16500094532966614
0.10486610233783722,0.17000031471252441,0.10997094213962555,0.16500143706798553
0.10486610233783722,0.17000031471252441,0.10997091233730316,0.16999949514865875
0.10997091233730316,0.16999949514865875,0.10997094213962555,0.16500143706798553
0.10997132211923599,0.16175875067710876,0.10997147113084793,0.1600010246038437
-0.10997094213962555,0.16999876499176025,-0.10997092723846436,0.17500199377536774
-0.10997092723846436,0.17500199377536774,-0.10486593097448349,0.169999897480011
-0.10997092723846436,0.17500199377536774,-0.10486464202404022,0.17500047385692596
-0.10486464202404022,0.17500047385692596,-0.10486593097448349,0.169999897480011
-0.09972403198480606,0.17500005662441254,-0.09848623722791672,0.17000022530555725
-0.09848623722791672,0.17000022530555725,-0.10486464202404022,0.17500047385692596
-0.10486464202404022,0.17500047385692596,-0.09972403198480606,0.17500005662441254
-0.10997092723846436,0.17500199377536774,-0.10486593842506409,0.17999927699565887
-0.10486593842506409,0.17999927699565887,-0.10486464202404022,0.17500047385692596
-0.10997092723846436,0.17500199377536774,-0.10997094213962555,0.17999908328056335
-0.10997094213962555,0.17999908328056335,-0.10486593842506409,0.17999927699565887
-0.09848669916391373,0.17999961972236633,-0.09972403198480606,0.17500005662441254
-0.09972403198480606,0.17500005662441254,-0.10486593842506409,0.17999927699565887
-0.10486593842506409,0.17999927699565887,-0.09848669916391373,0.17999961972236633
0.09848847985267639,0.1700006127357483,0.0997258797287941,0.17500075697898865
0.0997258797287941,0.17500075697898865,0.10486610233783722,0.17000031471252441
0.0997258797287941,0.17500075697898865,0.10486495494842529,0.17500075697898865
0.10486495494842529,0.17500075697898865,0.10486610233783722,0.17000031471252441
0.10486610233783722,0.17000031471252441,0.10997091233730316,0.17500090599060059
0.10997091233730316,0.17500090599060059,0.10997091233730316,0.16999949514865875
0.10486495494842529,0.17500075697898865,0.10997091233730316,0.17500090599060059
0.0997258797287941,0.17500075697898865,0.09848874807357788,0.18000121414661407
0.09848874807357788,0.18000121414661407,0.10486495494842529,0.17500075697898865
0.09848874807357788,0.18000121414661407,0.1048661470413208,0.180001899600029
0.1048661470413208,0.180001899600029,0.10486495494842529,0.17500075697898865
0.1048661470413208,0.180001899600029,0.10997091233730316,0.17500090599060059
0.1048661470413208,0.180001899600029,0.10997073352336884,0.18000401556491852
0.10997073352336884,0.18000401556491852,0.10997091233730316,0.17500090599060059
-0.10997094213962555,0.17999908328056335,-0.10997097194194794,0.1849980354309082
-0.10997097194194794,0.1849980354309082,-0.10486593842506409,0.17999927699565887
-0.10997097194194794,0.1849980354309082,-0.10486464202404022,0.18499872088432312
-0.10486464202404022,0.18499872088432312,-0.10486593842506409,0.17999927699565887
-0.09848669916391373,0.17999961972236633,-0.10486464202404022,0.18499872088432312
-0.10486464202404022,0.18499872088432312,-0.09972431510686874,0.1849992573261261
-0.10997097194194794,0.1849980354309082,-0.10486593842506409,0.18999764323234558
-0.10486593842506409,0.18999764323234558,-0.10486464202404022,0.18499872088432312
-0.10997097194194794,0.1849980354309082,-0.109970822930336,0.18999499082565308
-0.109970822930336,0.18999499082565308,-0.10486593842506409,0.18999764323234558
-0.09848687797784805,0.18999934196472168,-0.09972431510686874,0.1849992573261261
-0.09972431510686874,0.1849992573261261,-0.10486593842506409,0.18999764323234558
-0.10486593842506409,0.18999764323234558,-0.09848687797784805,0.18999934196472168
0.09848874807357788,0.18000121414661407,0.09972547739744186,0.1850009262561798
0.09972547739744186,0.1850009262561798,0.1048661470413208,0.180001899600029
0.09972547739744186,0.1850009262561798,0.1048649251461029,0.18500080704689026
0.1048649251461029,0.18500080704689026,0.1048661470413208,0.180001899600029
0.10907721519470215,0.18500041961669922,0.10997100174427032,0.1848314106464386
0.10997100174427032,0.1848314106464386,0.10997073352336884,0.18000401556491852
0.10997073352336884,0.18000401556491852,0.10907721519470215,0.18500041961669922
0.10997073352336884,0.18000401556491852,0.1048649251461029,0.18500080704689026
0.1048649251461029,0.18500080704689026,0.10907721519470215,0.18500041961669922
0.09972547739744186,0.1850009262561798,0.09848833829164505,0.19000080227851868
0.09848833829164505,0.19000080227851868,0.1048649251461029,0.18500080704689026
0.09848833829164505,0.19000080227851868,0.10486618429422379,0.19000037014484406
0.10486618429422379,0.19000037014484406,0.1048649251461029,0.18500080704689026
0.10486618429422379,0.19000037014484406,0.10810212790966034,0.19000059366226196
0.10810212790966034,0.19000059366226196,0.1048649251461029,0.18500080704689026
0.10810212790966034,0.19000059366226196,0.10907721519470215,0.18500041961669922
0.10907721519470215,0.18500041961669922,0.10997099429368973,0.18500034511089325
0.10997099429368973,0.18500034511089325,0.10997100174427032,0.1848314106464386
0.10810212790966034,0.19000059366226196,0.10997099429368973,0.18500034511089325
0.10997096449136734,0.1900007277727127,0.10997099429368973,0.18500034511089325
0.10810212790966034,0.19000059366226196,0.10997096449136734,0.1900007277727127
-0.109970822930336,0.18999499082565308,-0.10997095704078674,0.19499848783016205
-0.10997095704078674,0.19499848783016205,-0.10486593842506409,0.18999764323234558
-0.10997095704078674,0.19499848783016205,-0.10486476123332977,0.1949988454580307
-0.10486476123332977,0.1949988454580307,-0.10486593842506409,0.18999764323234558
-0.09848687797784805,0.18999934196472168,-0.10486476123332977,0.1949988454580307
-0.10486476123332977,0.1949988454580307,-0.09972430020570755,0.1949997842311859
-0.10590385645627975,0.19999955594539642,-0.10486597567796707,0.19930988550186157
-0.10486597567796707,0.19930988550186157,-0.10486476123332977,0.1949988454580307
-0.10486476123332977,0.1949988454580307,-0.10590385645627975,0.19999955594539642
-0.10486476123332977,0.1949988454580307,-0.10997097939252853,0.19999848306179047
-0.10997097939252853,0.19999848306179047,-0.10590385645627975,0.19999955594539642
-0.10997095704078674,0.19499848783016205,-0.10997097939252853,0.19999848306179047
-0.10486597567796707,0.19930988550186157,-0.09902942925691605,0.19780796766281128
-0.09972430020570755,0.1949997842311859,-0.10486597567796707,0.19930988550186157
-0.1048661544919014,0.1999998241662979,-0.10486597567796707,0.19930988550186157
-0.10486597567796707,0.19930988550186157,-0.09848703444004059,0.2000012993812561
-0.09848703444004059,0.2000012993812561,-0.09902942925691605,0.19780796766281128
-0.1048661544919014,0.1999998241662979,-0.09848703444004059,0.2000012993812561
0.09848833829164505,0.19000080227851868,0.0997258722782135,0.19500063359737396
0.0997258722782135,0.19500063359737396,0.10486618429422379,0.19000037014484406
0.0997258722782135,0.19500063359737396,0.10486474633216858,0.19500048458576202
0.10486474633216858,0.19500048458576202,0.10486618429422379,0.19000037014484406
0.10997100174427032,0.1909598708152771,0.10810212790966034,0.19000059366226196
0.10486618429422379,0.19000037014484406,0.10997100174427032,0.1909598708152771
0.10486618429422379,0.19000037014484406,0.10997086018323898,0.1950010359287262
0.10997086018323898,0.1950010359287262,0.10997100174427032,0.1909598708152771
0.10486474633216858,0.19500048458576202,0.10997086018323898,0.1950010359287262
0.0997258722782135,0.19500063359737396,0.09848856180906296,0.20000135898590088
0.09848856180906296,0.20000135898590088,0.10486474633216858,0.19500048458576202
0.09848856180906296,0.20000135898590088,0.10486595332622528,0.2000005543231964
0.10486595332622528,0.2000005543231964,0.10486474633216858,0.19500048458576202
0.10486595332622528,0.2000005543231964,0.10997086018323898,0.1950010359287262
0.10486595332622528,0.2000005543231964,0.10997089743614197,0.20000030100345612
0.10997089743614197,0.20000030100345612,0.10997086018323898,0.1950010359287262
0.10997100174427032,0.1909598708152771,0.10997096449136734,0.1900007277727127
-0.10997097939252853,0.19999848306179047,-0.10486584156751633,0.20142139494419098
-0.10997097939252853,0.19999848306179047,-0.10486502200365067,0.2050016224384308
-0.10486502200365067,0.2050016224384308,-0.10486584156751633,0.20142139494419098
-0.10997097939252853,0.19999848306179047,-0.10997090488672256,0.20500211417675018
-0.10997090488672256,0.20500211417675018,-0.10486502200365067,0.2050016224384308
-0.10282288491725922,0.20500202476978302,-0.10486584156751633,0.20142139494419098
-0.10486502200365067,0.2050016224384308,-0.10282288491725922,0.20500202476978302
-0.10997090488672256,0.20500211417675018,-0.10997100174427032,0.20944273471832275
-0.10997100174427032,0.20944273471832275,-0.10486502200365067,0.2050016224384308
-0.10486559569835663,0.20696522295475006,-0.10486502200365067,0.2050016224384308
-0.10997100174427032,0.20944273471832275,-0.10486559569835663,0.20696522295475006
-0.10486559569835663,0.20696522295475006,-0.10282288491725922,0.20500202476978302
-0.10282288491725922,0.20500202476978302,-0.1048661544919014,0.1999998241662979
-0.10282288491725922,0.20500202476978302,-0.09972500801086426,0.20500263571739197
-0.09972500801086426,0.20500263571739197,-0.1048661544919014,0.1999998241662979
-0.09972500801086426,0.20500263571739197,-0.09848703444004059,0.2000012993812561
-0.10997100174427032,0.20944273471832275,-0.10486643016338348,0.2100021243095398
-0.10486643016338348,0.2100021243095398,-0.10486559569835663,0.20696522295475006
-0.10997100174427032,0.20944273471832275,-0.10997098684310913,0.20999978482723236
-0.10486559569835663,0.20696522295475006,-0.09972500801086426,0.20500263571739197
-0.10486643016338348,0.2100021243095398,-0.09972500801086426,0.20500263571739197
-0.10486643016338348,0.2100021243095398,-0.09848853945732117,0.2100057750940323
-0.09848853945732117,0.2100057750940323,-0.09972500801086426,0.20500263571739197
0.09848856180906296,0.20000135898590088,0.09972575306892395,0.2050023376941681
0.09972575306892395,0.2050023376941681,0.10486595332622528,0.2000005543231964
0.09972575306892395,0.2050023376941681,0.10486479103565216,0.2050020396709442
0.10486479103565216,0.2050020396709442,0.10486595332622528,0.2000005543231964
0.10486595332622528,0.2000005543231964,0.10997087508440018,0.20500361919403076
0.10997087508440018,0.20500361919403076,0.10997089743614197,0.20000030100345612
0.10486479103565216,0.2050020396709442,0.10997087508440018,0.20500361919403076
0.09972575306892395,0.2050023376941681,0.09848915785551071,0.21000495553016663
0.09848915785551071,0.21000495553016663,0.10486479103565216,0.2050020396709442
0.09848915785551071,0.21000495553016663,0.10486645996570587,0.21000155806541443
0.10486645996570587,0.21000155806541443,0.10486479103565216,0.2050020396709442
0.10764804482460022,0.21000009775161743,0.10997100174427032,0.2089860439300537
0.10997100174427032,0.2089860439300537,0.10997087508440018,0.20500361919403076
0.10997087508440018,0.20500361919403076,0.10764804482460022,0.21000009775161743
0.10997087508440018,0.20500361919403076,0.10486645996570587,0.21000155806541443
0.10486645996570587,0.21000155806541443,0.10764804482460022,0.21000009775161743
0.10764804482460022,0.21000009775161743,0.10997097194194794,0.20999887585639954
0.10997097194194794,0.20999887585639954,0.10997100174427032,0.2089860439300537
-0.10486537963151932,0.21500499546527863,-0.09848853945732117,0.2100057750940323
-0.10486537963151932,0.21500499546527863,-0.09972681105136871,0.21501074731349945
-0.09972681105136871,0.21501074731349945,-0.09848853945732117,0.2100057750940323
-0.10997091978788376,0.21499983966350555,-0.10997091233730316,0.22000564634799957
-0.10997091233730316,0.22000564634799957,-0.10486537963151932,0.21500499546527863
-0.10486752539873123,0.22001449763774872,-0.10486537963151932,0.21500499546527863
-0.10486537963151932,0.21500499546527863,-0.09849387407302856,0.22002451121807098
-0.09849387407302856,0.22002451121807098,-0.09972681105136871,0.21501074731349945
-0.10486752539873123,0.22001449763774872,-0.09849387407302856,0.22002451121807098
0.09848915785551071,0.21000495553016663,0.09972724318504333,0.215009868144989
0.09972724318504333,0.215009868144989,0.10486645996570587,0.21000155806541443
0.09972724318504333,0.215009868144989,0.1048656776547432,0.2150048464536667
0.1048656776547432,0.2150048464536667,0.10486645996570587,0.21000155806541443
0.10637404769659042,0.2150035947561264,0.10764804482460022,0.21000009775161743
0.10486645996570587,0.21000155806541443,0.10637404769659042,0.2150035947561264
0.1048656776547432,0.2150048464536667,0.10637404769659042,0.2150035947561264
0.09972724318504333,0.215009868144989,0.09849394857883453,0.2200232744216919
0.09849394857883453,0.2200232744216919,0.1048656776547432,0.2150048464536667
0.09849394857883453,0.2200232744216919,0.10486787557601929,0.22001424431800842
0.10486787557601929,0.22001424431800842,0.1048656776547432,0.2150048464536667
0.10997100174427032,0.2173202484846115,0.10637404769659042,0.2150035947561264
0.1048656776547432,0.2150048464536667,0.10997100174427032,0.2173202484846115
0.1048656776547432,0.2150048464536667,0.10997094213962555,0.22000649571418762
0.10997094213962555,0.22000649571418762,0.10997100174427032,0.2173202484846115
0.10486787557601929,0.22001424431800842,0.10997094213962555,0.22000649571418762
0.10637404769659042,0.2150035947561264,0.10997097194194794,0.20999887585639954
0.10997094959020615,0.21500059962272644,0.10997097194194794,0.20999887585639954
0.10637404769659042,0.2150035947561264,0.10997094959020615,0.21500059962272644
0.10997100174427032,0.2173202484846115,0.10997094959020615,0.21500059962272644
-0.10486823320388794,0.2250368446111679,-0.09849387407302856,0.22002451121807098
-0.10486823320388794,0.2250368446111679,-0.09973728656768799,0.22504839301109314
-0.09973728656768799,0.22504839301109314,-0.09849387407302856,0.22002451121807098
-0.10997092723846436,0.2250235676765442,-0.1099708303809166,0.23006445169448853
-0.1099708303809166,0.23006445169448853,-0.10486823320388794,0.2250368446111679
-0.10487396270036697,0.2300810068845749,-0.10486823320388794,0.2250368446111679
-0.10486823320388794,0.2250368446111679,-0.09854038804769516,0.23009167611598969
-0.09854038804769516,0.23009167611598969,-0.09973728656768799,0.22504839301109314
-0.10487396270036697,0.2300810068845749,-0.09854038804769516,0.23009167611598969
0.09849394857883453,0.2200232744216919,0.09891661256551743,0.22173187136650085
0.09891661256551743,0.22173187136650085,0.10486787557601929,0.22001424431800842
0.10486830025911331,0.2228645235300064,0.10486787557601929,0.22001424431800842
0.10486830025911331,0.2228645235300064,0.10997094213962555,0.22000649571418762
0.10997100174427032,0.2245682179927826,0.10997094213962555,0.22000649571418762
0.10486830025911331,0.2228645235300064,0.10997100174427032,0.2245682179927826
0.10486830025911331,0.2228645235300064,0.10997099429368973,0.22502368688583374
0.10997099429368973,0.22502368688583374,0.10997100174427032,0.2245682179927826
0.10486859083175659,0.22503629326820374,0.10997099429368973,0.22502368688583374
0.10487420856952667,0.23008081316947937,0.09973720461130142,0.22504684329032898
0.09973720461130142,0.22504684329032898,0.09853985905647278,0.23008976876735687
0.10487420856952667,0.23008081316947937,0.10486859083175659,0.22503629326820374
0.10487420856952667,0.23008081316947937,0.10997097939252853,0.23006770014762878
0.10997097939252853,0.23006770014762878,0.10486859083175659,0.22503629326820374
0.10997097939252853,0.23006770014762878,0.10997099429368973,0.22502368688583374
-0.10488270223140717,0.23515808582305908,-0.09854038804769516,0.23009167611598969
-0.10488270223140717,0.23515808582305908,-0.09985370188951492,0.2351101040840149
-0.09985370188951492,0.2351101040840149,-0.09854038804769516,0.23009167611598969
-0.10997092723846436,0.235154390335083,-0.10997088253498077,0.24028022587299347
-0.10997088253498077,0.24028022587299347,-0.10488270223140717,0.23515808582305908
-0.10490644723176956,0.24025696516036987,-0.10488270223140717,0.23515808582305908
-0.10488270223140717,0.23515808582305908,-0.09927000105381012,0.23951847851276398
-0.09927000105381012,0.23951847851276398,-0.09985370188951492,0.2351101040840149
0.09983931481838226,0.2352026402950287,0.09926554560661316,0.2395174652338028
0.10244544595479965,0.239935964345932,0.09983931481838226,0.2352026402950287
0.10488196462392807,0.23515650629997253,0.10997097939252853,0.23006770014762878
0.10488196462392807,0.23515650629997253,0.10997099429368973,0.23515261709690094
0.10997099429368973,0.23515261709690094,0.10997097939252853,0.23006770014762878
0.10244544595479965,0.239935964345932,0.09985194355249405,0.23510773479938507
0.09985194355249405,0.23510773479938507,0.09983931481838226,0.2352026402950287
0.10490218549966812,0.24025936424732208,0.09985194355249405,0.23510773479938507
0.10490218549966812,0.24025936424732208,0.10488196462392807,0.23515650629997253
0.10997091978788376,0.24029000103473663,0.10997099429368973,0.23515261709690094
0.10997099429368973,0.23515261709690094,0.10490218549966812,0.24025936424732208
-0.09497901052236557,0.24503426253795624,-0.08997684717178345,0.23875264823436737
-0.08997684717178345,0.23875264823436737,-0.09492305666208267,0.24008624255657196
-0.09497901052236557,0.24503426253795624,-0.0899910032749176,0.24501264095306396
-0.09998951107263565,0.25,-0.09497901052236557,0.24503426253795624
-0.09998951107263565,0.25,-0.09499478340148926,0.25
-0.09499478340148926,0.25,-0.09497901052236557,0.24503426253795624
-0.09499478340148926,0.25,-0.08999880403280258,0.25
-0.08999880403280258,0.25,-0.09497901052236557,0.24503426253795624
-0.08999880403280258,0.25,-0.0899910032749176,0.24501264095306396
-0.08499716967344284,0.24500516057014465,-0.07999380677938461,0.23870162665843964
-0.07999380677938461,0.23870162665843964,-0.08499060571193695,0.2399534434080124
-0.08499716967344284,0.24500516057014465,-0.07999909669160843,0.2450023740530014
-0.08999880403280258,0.25,-0.08499716967344284,0.24500516057014465
-0.08999880403280258,0.25,-0.0849999189376831,0.25
-0.0849999189376831,0.25,-0.08499716967344284,0.24500516057014465
-0.0849999189376831,0.25,-0.08000011742115021,0.25
-0.08000011742115021,0.25,-0.08499716967344284,0.24500516057014465
-0.08000011742115021,0.25,-0.07999909669160843,0.2450023740530014
-0.07499995082616806,0.24500106275081635,-0.06999970227479935,0.23869547247886658
-0.06999970227479935,0.23869547247886658,-0.07499855756759644,0.2399410754442215
-0.07499995082616806,0.24500106275081635,-0.07000015676021576,0.24500057101249695
-0.08000011742115021,0.25,-0.07499995082616806,0.24500106275081635
-0.08000011742115021,0.25,-0.07500006258487701,0.25
-0.07500006258487701,0.25,-0.07499995082616806,0.24500106275081635
-0.07500006258487701,0.25,-0.07000002264976501,0.25
-0.07000002264976501,0.25,-0.07499995082616806,0.24500106275081635
-0.07000002264976501,0.25,-0.07000015676021576,0.24500057101249695
-0.0650000125169754,0.24990831315517426,-0.06798725575208664,0.25
-0.06798725575208664,0.25,-0.0650000050663948,0.25
-0.0650000050663948,0.25,-0.0650000125169754,0.24990831315517426
-0.06000000983476639,0.2499045878648758,-0.0650000125169754,0.24990831315517426
-0.0650000050663948,0.25,-0.06000000983476639,0.2499045878648758
-0.06000000238418579,0.25,-0.06000000983476639,0.2499045878648758
-0.0650000050663948,0.25,-0.06000000238418579,0.25
-0.06500023603439331,0.24500024318695068,-0.06000145897269249,0.23869390785694122
-0.06000145897269249,0.23869390785694122,-0.06500068306922913,0.23993875086307526
-0.06500023603439331,0.24500024318695068,-0.060000307857990265,0.24500012397766113
-0.0650000125169754,0.24990831315517426,-0.07000002264976501,0.25
-0.07000002264976501,0.25,-0.06798725575208664,0.25
-0.0650000125169754,0.24990831315517426,-0.06500023603439331,0.24500024318695068
-0.06500023603439331,0.24500024318695068,-0.07000002264976501,0.25
-0.06000000983476639,0.2499045878648758,-0.06500023603439331,0.24500024318695068
-0.06000000983476639,0.2499045878648758,-0.060000307857990265,0.24500012397766113
-0.055000003427267075,0.24992501735687256,-0.06000000983476639,0.2499045878648758
-0.06000000238418579,0.25,-0.055000003427267075,0.24992501735687256
-0.054999999701976776,0.25,-0.055000003427267075,0.24992501735687256
-0.06000000238418579,0.25,-0.054999999701976776,0.25
-0.05000000447034836,0.24995216727256775,-0.055000003427267075,0.24992501735687256
-0.054999999701976776,0.25,-0.05000000447034836,0.24995216727256775
-0.05000000074505806,0.25,-0.05000000447034836,0.24995216727256775
-0.054999999701976776,0.25,-0.05000000074505806,0.25
-0.05500026047229767,0.24500001966953278,-0.05000158026814461,0.2386932671070099
-0.05000158026814461,0.2386932671070099,-0.05500093474984169,0.23993800580501556
-0.05500026047229767,0.24500001966953278,-0.050000302493572235,0.2449999749660492
-0.060000307857990265,0.24500012397766113,-0.055000003427267075,0.24992501735687256
-0.055000003427267075,0.24992501735687256,-0.05500026047229767,0.24500001966953278
-0.05000000447034836,0.24995216727256775,-0.05500026047229767,0.24500001966953278
-0.05000000447034836,0.24995216727256775,-0.050000302493572235,0.2449999749660492
-0.040001317858695984,0.2386929839849472,-0.041103165596723557,0.23896731436252594
-0.041103165596723557,0.23896731436252594,-0.040000393986701965,0.24411548674106598
-0.040000393986701965,0.24411548674106598,-0.040001317858695984,0.2386929839849472
-0.04500000178813934,0.24996492266654968,-0.05000000447034836,0.24995216727256775
-0.05000000074505806,0.25,-0.04500000178813934,0.24996492266654968
-0.04500000178813934,0.25,-0.04500000178813934,0.24996492266654968
-0.05000000074505806,0.25,-0.04500000178813934,0.25
-0.04000000283122063,0.24992938339710236,-0.04500000178813934,0.24996492266654968
-0.04500000178813934,0.25,-0.04000000283122063,0.24992938339710236
-0.03999999910593033,0.25,-0.04000000283122063,0.24992938339710236
-0.04500000178813934,0.25,-0.03999999910593033,0.25
-0.041103165596723557,0.23896731436252594,-0.04000024497509003,0.24499991536140442
-0.041103165596723557,0.23896731436252594,-0.0450008399784565,0.23993772268295288
-0.0450008399784565,0.23993772268295288,-0.04000024497509003,0.24499991536140442
-0.04500022530555725,0.2449999302625656,-0.04000024497509003,0.24499991536140442
-0.050000302493572235,0.2449999749660492,-0.04500000178813934,0.24996492266654968
-0.04500000178813934,0.24996492266654968,-0.04500022530555725,0.2449999302625656
-0.04000000283122063,0.24992938339710236,-0.04500022530555725,0.2449999302625656
-0.04000000283122063,0.24992938339710236,-0.04000024497509003,0.24499991536140442
-0.03787671774625778,0.24499991536140442,-0.03500017523765564,0.24499990046024323
-0.03500017523765564,0.24499990046024323,-0.040000393986701965,0.24411548674106598
-0.03500017523765564,0.24499990046024323,-0.040001317858695984,0.2386929839849472
-0.03500017523765564,0.24499990046024323,-0.035000648349523544,0.23993760347366333
-0.035000648349523544,0.23993760347366333,-0.040001317858695984,0.2386929839849472
-0.030000966042280197,0.23869284987449646,-0.035000648349523544,0.23993760347366333
-0.035000648349523544,0.23993760347366333,-0.030000178143382072,0.24499988555908203
-0.030000178143382072,0.24499988555908203,-0.030000966042280197,0.23869284987449646
-0.03500017523765564,0.24499990046024323,-0.030000178143382072,0.24499988555908203
-0.03787671774625778,0.24499991536140442,-0.04000000283122063,0.24992938339710236
-0.03999999910593033,0.25,-0.03787671774625778,0.24499991536140442
-0.03999999910593033,0.25,-0.03500017523765564,0.24499990046024323
-0.03999999910593033,0.25,-0.03500000014901161,0.25
-0.03500000014901161,0.25,-0.03500017523765564,0.24499990046024323
-0.03500000014901161,0.25,-0.030000178143382072,0.24499988555908203
-0.03500000014901161,0.25,-0.029999999329447746,0.25
-0.029999999329447746,0.25,-0.030000178143382072,0.24499988555908203
-0.025000447407364845,0.23993754386901855,-0.030000966042280197,0.23869284987449646
-0.030000966042280197,0.23869284987449646,-0.02500011958181858,0.24499988555908203
-0.02500011958181858,0.24499988555908203,-0.025000447407364845,0.23993754386901855
-0.030000178143382072,0.24499988555908203,-0.02500011958181858,0.24499988555908203
-0.020000619813799858,0.2386927753686905,-0.025000447407364845,0.23993754386901855
-0.025000447407364845,0.23993754386901855,-0.020000113174319267,0.24499987065792084
-0.020000113174319267,0.24499987065792084,-0.020000619813799858,0.2386927753686905
-0.02500011958181858,0.24499988555908203,-0.020000113174319267,0.24499987065792084
-0.029999999329447746,0.25,-0.02500011958181858,0.24499988555908203
-0.029999999329447746,0.25,-0.02500000037252903,0.25
-0.02500000037252903,0.25,-0.02500011958181858,0.24499988555908203
-0.02500000037252903,0.25,-0.020000113174319267,0.24499987065792084
-0.02500000037252903,0.25,-0.019999999552965164,0.25
-0.019999999552965164,0.25,-0.020000113174319267,0.24499987065792084
-0.015000256709754467,0.23993751406669617,-0.020000619813799858,0.2386927753686905
-0.020000619813799858,0.2386927753686905,-0.01500006765127182,0.24499987065792084
-0.01500006765127182,0.24499987065792084,-0.015000256709754467,0.23993751406669617
-0.020000113174319267,0.24499987065792084,-0.01500006765127182,0.24499987065792084
-0.010000296868383884,0.2386927455663681,-0.015000256709754467,0.23993751406669617
-0.015000256709754467,0.23993751406669617,-0.010000054724514484,0.24499987065792084
-0.010000054724514484,0.24499987065792084,-0.010000296868383884,0.2386927455663681
-0.01500006765127182,0.24499987065792084,-0.010000054724514484,0.24499987065792084
-0.019612275063991547,0.25,-0.014999999664723873,0.2499999850988388
-0.014999999664723873,0.2499999850988388,-0.01500006765127182,0.24499987065792084
-0.01500006765127182,0.24499987065792084,-0.019612275063991547,0.25
-0.01500006765127182,0.24499987065792084,-0.019999999552965164,0.25
-0.019999999552965164,0.25,-0.019612275063991547,0.25
-0.014999999664723873,0.2499999850988388,-0.010000054724514484,0.24499987065792084
-0.009999999776482582,0.25,-0.010000054724514484,0.24499987065792084
-0.014999999664723873,0.2499999850988388,-0.009999999776482582,0.25
-0.019612275063991547,0.25,-0.014999999664723873,0.25
-0.014999999664723873,0.25,-0.014999999664723873,0.2499999850988388
-0.014999999664723873,0.25,-0.009999999776482582,0.25
-0.00500008137896657,0.23993748426437378,-0.010000296868383884,0.2386927455663681
-0.010000296868383884,0.2386927455663681,-0.0050000217743217945,0.24499987065792084
-0.0050000217743217945,0.24499987065792084,-0.00500008137896657,0.23993748426437378
-0.010000054724514484,0.24499987065792084,-0.0050000217743217945,0.24499987065792084
7.010953595454339e-09,0.23869271576404572,-0.00500008137896657,0.23993748426437378
-0.00500008137896657,0.23993748426437378,1.3278148580653237e-09,0.24499985575675964
1.3278148580653237e-09,0.24499985575675964,7.010953595454339e-09,0.23869271576404572
-0.0050000217743217945,0.24499987065792084,1.3278148580653237e-09,0.24499985575675964
-0.009999999776482582,0.25,-0.004999999888241291,0.25
-0.004999999888241291,0.25,-0.0050000217743217945,0.24499987065792084
-0.0050000217743217945,0.24499987065792084,-0.009999999776482582,0.25
-0.004999999888241291,0.25,1.3278148580653237e-09,0.24499985575675964
6.688944010293141e-16,0.25,1.3278148580653237e-09,0.24499985575675964
-0.004999999888241291,0.25,6.688944010293141e-16,0.25
-0.004999999888241291,0.25,-6.646159317336142e-17,0.25
-6.646159317336142e-17,0.25,6.688944010293141e-16,0.25
0.0050000897608697414,0.23993748426437378,7.010953595454339e-09,0.23869271576404572
7.010953595454339e-09,0.23869271576404572,0.005000024102628231,0.24499987065792084
0.005000024102628231,0.24499987065792084,0.0050000897608697414,0.23993748426437378
1.3278148580653237e-09,0.24499985575675964,0.005000024102628231,0.24499987065792084
0.005602252669632435,0.24499987065792084,0.005203061271458864,0.23988695442676544
0.005203061271458864,0.23988695442676544,0.0050000897608697414,0.23993748426437378
0.0050000897608697414,0.23993748426437378,0.005602252669632435,0.24499987065792084
0.005000024102628231,0.24499987065792084,0.005602252669632435,0.24499987065792084
6.688944010293141e-16,0.25,0.004999999888241291,0.2499999701976776
0.004999999888241291,0.2499999701976776,0.005000024102628231,0.24499987065792084
0.005000024102628231,0.24499987065792084,6.688944010293141e-16,0.25
0.004999999888241291,0.2499999701976776,0.005602252669632435,0.24499987065792084
0.005602252669632435,0.24499987065792084,0.010000313632190228,0.2386927306652069
0.010000313632190228,0.2386927306652069,0.005203061271458864,0.23988695442676544
0.005602252669632435,0.24499987065792084,0.010000058449804783,0.24499985575675964
6.688944010293141e-16,0.25,0.004999999888241291,0.25
0.004999999888241291,0.25,0.004999999888241291,0.2499999701976776
-6.646159317336142e-17,0.25,0.004999999888241291,0.25
0.004999999888241291,0.2499999701976776,0.010000058449804783,0.24499985575675964
0.004999999888241291,0.25,0.010000058449804783,0.24499985575675964
0.004999999888241291,0.25,0.009999999776482582,0.25
0.009999999776482582,0.25,0.010000058449804783,0.24499985575675964
0.015000071376562119,0.24499987065792084,0.02000064216554165,0.2386927753686905
0.02000064216554165,0.2386927753686905,0.015000267885625362,0.23993751406669617
0.015000071376562119,0.24499987065792084,0.020000118762254715,0.24499987065792084
0.009999999776482582,0.25,0.015000071376562119,0.24499987065792084
0.009999999776482582,0.25,0.014999999664723873,0.25
0.014999999664723873,0.25,0.015000071376562119,0.24499987065792084
0.014999999664723873,0.25,0.019999999552965164,0.25
0.019999999552965164,0.25,0.015000071376562119,0.24499987065792084
0.019999999552965164,0.25,0.020000118762254715,0.24499987065792084
0.02500000037252903,0.2499999850988388,0.022378651425242424,0.25
0.022378651425242424,0.25,0.02500000037252903,0.25
0.02500000037252903,0.25,0.02500000037252903,0.2499999850988388
0.029999999329447746,0.2499997913837433,0.02500000037252903,0.2499999850988388
0.02500000037252903,0.25,0.029999999329447746,0.2499997913837433
0.029999999329447746,0.25,0.029999999329447746,0.2499997913837433
0.02500000037252903,0.25,0.029999999329447746,0.25
0.02500012330710888,0.24499988555908203,0.030001001432538033,0.23869283497333527
0.030001001432538033,0.23869283497333527,0.02500046230852604,0.23993754386901855
0.02500012330710888,0.24499988555908203,0.03000018559396267,0.24499988555908203
0.02500000037252903,0.2499999850988388,0.019999999552965164,0.25
0.019999999552965164,0.25,0.022378651425242424,0.25
0.02500000037252903,0.2499999850988388,0.02500012330710888,0.24499988555908203
0.02500012330710888,0.24499988555908203,0.019999999552965164,0.25
0.029999999329447746,0.2499997913837433,0.02500012330710888,0.24499988555908203
0.029999999329447746,0.2499997913837433,0.03000018559396267,0.24499988555908203
0.03500000014901161,0.24999883770942688,0.029999999329447746,0.2499997913837433
0.029999999329447746,0.25,0.03500000014901161,0.24999883770942688
0.03500000014901161,0.25,0.03500000014901161,0.24999883770942688
0.029999999329447746,0.25,0.03500000014901161,0.25
0.03999999910593033,0.24999655783176422,0.03500000014901161,0.24999883770942688
0.03500000014901161,0.25,0.03999999910593033,0.24999655783176422
0.03999999910593033,0.25,0.03999999910593033,0.24999655783176422
0.03500000014901161,0.25,0.03999999910593033,0.25
0.03500018268823624,0.24499990046024323,0.04000137373805046,0.238692969083786
0.04000137373805046,0.238692969083786,0.035000674426555634,0.23993760347366333
0.03500018268823624,0.24499990046024323,0.04000025615096092,0.24499991536140442
0.03000018559396267,0.24499988555908203,0.03500000014901161,0.24999883770942688
0.03500000014901161,0.24999883770942688,0.03500018268823624,0.24499990046024323
0.03999999910593033,0.24999655783176422,0.03500018268823624,0.24499990046024323
0.03999999910593033,0.24999655783176422,0.04000025615096092,0.24499991536140442
0.04500000178813934,0.24998822808265686,0.03999999910593033,0.24999655783176422
0.03999999910593033,0.25,0.04500000178813934,0.24998822808265686
0.04500000178813934,0.25,0.04500000178813934,0.24998822808265686
0.03999999910593033,0.25,0.04500000178813934,0.25
0.05000000074505806,0.2499895691871643,0.04500000178813934,0.24998822808265686
0.04500000178813934,0.25,0.05000000074505806,0.2499895691871643
0.05000000074505806,0.25,0.05000000074505806,0.2499895691871643
0.04500000178813934,0.25,0.05000000074505806,0.25
0.045000240206718445,0.2449999302625656,0.05000166594982147,0.2386932373046875
0.05000166594982147,0.2386932373046875,0.04500088095664978,0.2399377077817917
0.045000240206718445,0.2449999302625656,0.05000031739473343,0.2449999749660492
0.04000025615096092,0.24499991536140442,0.04500000178813934,0.24998822808265686
0.04500000178813934,0.24998822808265686,0.045000240206718445,0.2449999302625656
0.05000000074505806,0.2499895691871643,0.045000240206718445,0.2449999302625656
0.05000000074505806,0.2499895691871643,0.05000031739473343,0.2449999749660492
0.060000333935022354,0.24500010907649994,0.06000090390443802,0.24214059114456177
0.06000090390443802,0.24214059114456177,0.056889522820711136,0.24500004947185516
0.056889522820711136,0.24500004947185516,0.060000333935022354,0.24500010907649994
0.05500000715255737,0.2498963475227356,0.05000000074505806,0.2499895691871643
0.05000000074505806,0.25,0.05500000715255737,0.2498963475227356
0.054999999701976776,0.25,0.05500000715255737,0.2498963475227356
0.05000000074505806,0.25,0.054999999701976776,0.25
0.056889522820711136,0.24500004947185516,0.05500000715255737,0.2498963475227356
0.054999999701976776,0.25,0.056889522820711136,0.24500004947185516
0.054999999701976776,0.25,0.060000333935022354,0.24500010907649994
0.054999999701976776,0.25,0.05999999865889549,0.25
0.05999999865889549,0.25,0.060000333935022354,0.24500010907649994
0.06000090390443802,0.24214059114456177,0.05500028282403946,0.24500000476837158
0.05500028282403946,0.24500000476837158,0.056889522820711136,0.24500004947185516
0.060001589357852936,0.23869380354881287,0.05500028282403946,0.24500000476837158
0.060001589357852936,0.23869380354881287,0.05500100180506706,0.23993797600269318
0.05000031739473343,0.2449999749660492,0.05500000715255737,0.2498963475227356
0.05500000715255737,0.2498963475227356,0.05500028282403946,0.24500000476837158
0.060000333935022354,0.24500010907649994,0.06043248996138573,0.23880110681056976
0.060000333935022354,0.24500010907649994,0.06500079482793808,0.2399386614561081
0.06500079482793808,0.2399386614561081,0.06043248996138573,0.23880110681056976
0.060000333935022354,0.24500010907649994,0.0650002658367157,0.2450002133846283
0.0650002658367157,0.2450002133846283,0.06500079482793808,0.2399386614561081
0.06999989598989487,0.23869526386260986,0.06500079482793808,0.2399386614561081
0.06500079482793808,0.2399386614561081,0.07000018656253815,0.24500052630901337
0.07000018656253815,0.24500052630901337,0.06999989598989487,0.23869526386260986
0.0650002658367157,0.2450002133846283,0.07000018656253815,0.24500052630901337
0.05999999865889549,0.25,0.0650002658367157,0.2450002133846283
0.05999999865889549,0.25,0.06499999761581421,0.25
0.06499999761581421,0.25,0.0650002658367157,0.2450002133846283
0.06499999761581421,0.25,0.07000018656253815,0.24500052630901337
0.06499999761581421,0.25,0.07000000029802322,0.25
0.07000000029802322,0.25,0.07000018656253815,0.24500052630901337
0.07499867677688599,0.23994086682796478,0.06999989598989487,0.23869526386260986
0.06999989598989487,0.23869526386260986,0.07499993592500687,0.24500101804733276
0.07499993592500687,0.24500101804733276,0.07499867677688599,0.23994086682796478
0.07000018656253815,0.24500052630901337,0.07499993592500687,0.24500101804733276
0.07999388873577118,0.23870119452476501,0.07499867677688599,0.23994086682796478
0.07499867677688599,0.23994086682796478,0.0799989253282547,0.24500226974487305
0.0799989253282547,0.24500226974487305,0.07999388873577118,0.23870119452476501
0.07499993592500687,0.24500101804733276,0.0799989253282547,0.24500226974487305
0.07000000029802322,0.25,0.07499993592500687,0.24500101804733276
0.07000000029802322,0.25,0.07500000298023224,0.25
0.07500000298023224,0.25,0.07499993592500687,0.24500101804733276
0.07500000298023224,0.25,0.0799989253282547,0.24500226974487305
0.07500000298023224,0.25,0.0799998939037323,0.25
0.0799998939037323,0.25,0.0799989253282547,0.24500226974487305
0.08499020338058472,0.23995301127433777,0.07999388873577118,0.23870119452476501
0.07999388873577118,0.23870119452476501,0.08499648422002792,0.24500501155853271
0.08499648422002792,0.24500501155853271,0.08499020338058472,0.23995301127433777
0.0799989253282547,0.24500226974487305,0.08499648422002792,0.24500501155853271
0.08997564017772675,0.23875176906585693,0.08499020338058472,0.23995301127433777
0.08499020338058472,0.23995301127433777,0.08998897671699524,0.24501240253448486
0.08998897671699524,0.24501240253448486,0.08997564017772675,0.23875176906585693
0.08499648422002792,0.24500501155853271,0.08998897671699524,0.24501240253448486
0.0799998939037323,0.25,0.08499648422002792,0.24500501155853271
0.0799998939037323,0.25,0.0849992111325264,0.25
0.0849992111325264,0.25,0.08499648422002792,0.24500501155853271
0.0849992111325264,0.25,0.08998897671699524,0.24501240253448486
0.0849992111325264,0.25,0.08999655395746231,0.25
0.08999655395746231,0.25,0.08998897671699524,0.24501240253448486
0.09492003172636032,0.24008521437644958,0.08997564017772675,0.23875176906585693
0.08997564017772675,0.23875176906585693,0.09497412294149399,0.24503400921821594
0.09497412294149399,0.24503400921821594,0.09492003172636032,0.24008521437644958
0.08998897671699524,0.24501240253448486,0.09497412294149399,0.24503400921821594
0.09926554560661316,0.2395174652338028,0.09492003172636032,0.24008521437644958
0.09492003172636032,0.24008521437644958,0.09995012730360031,0.2451055347919464
0.09497412294149399,0.24503400921821594,0.09995012730360031,0.2451055347919464
0.08999655395746231,0.25,0.09497412294149399,0.24503400921821594
0.08999655395746231,0.25,0.0949888527393341,0.25
0.0949888527393341,0.25,0.09497412294149399,0.24503400921821594
0.09995012730360031,0.2451055347919464,0.0949888527393341,0.25
0.0949888527393341,0.25,0.0999784842133522,0.25
