time_s,Q_sum_check_W,Tavg_jellyRoll_K
0.023, 37.979711, NA
0.046, 37.976396, NA
0.069, 37.971432, NA
0.093, 37.965653, NA
0.116, 37.959475, NA
0.139, 37.953106, NA
0.162, 37.946650, NA
0.185, 37.940159, NA
0.208, 37.933658, NA
0.232, 37.927159, NA
0.255, 37.920669, NA
0.278, 37.914190, NA
0.301, 37.907725, NA
0.324, 37.901272, NA
0.347, 37.894833, NA
0.370, 37.888407, NA
0.394, 37.881994, NA
0.417, 37.875594, NA
0.440, 37.869207, NA
0.463, 37.862831, NA
0.486, 37.856468, NA
9.515, 35.845574, NA
9.538, 35.841244, NA
9.561, 35.836917, NA
9.584, 35.832593, NA
9.607, 35.828272, NA
9.630, 35.823955, NA
9.654, 35.819641, NA
9.677, 35.815330, NA
9.700, 35.811022, NA
9.723, 35.806717, NA
9.746, 35.802416, NA
9.769, 35.798118, NA
9.793, 35.793823, NA
9.816, 35.789531, NA
9.839, 35.785243, NA
9.862, 35.780957, NA
9.885, 35.776675, NA
9.908, 35.772396, NA
9.931, 35.768121, NA
9.955, 35.763848, NA
9.978, 35.759578, NA
10.001, 35.755312, NA
10.024, 35.751049, NA
10.047, 35.746789, NA
10.070, 35.742532, NA
10.093, 35.738278, NA
10.117, 35.734028, NA
10.140, 35.729780, NA
10.163, 35.725536, NA
10.186, 35.721295, NA
10.209, 35.717057, NA
10.232, 35.712822, NA
10.256, 35.708590, NA
10.279, 35.704361, NA
10.302, 35.700135, NA
10.325, 35.695913, NA
10.348, 35.691693, NA
10.371, 35.687477, NA
10.394, 35.683264, NA
10.418, 35.679053, NA
10.441, 35.674846, NA
10.464, 35.670642, NA
10.487, 35.666441, NA
19.516, 34.227837, NA
19.539, 34.224589, NA
19.562, 34.221344, NA
19.585, 34.218101, NA
19.608, 34.214859, NA
19.631, 34.211619, NA
19.654, 34.208382, NA
19.678, 34.205146, NA
19.701, 34.201913, NA
19.724, 34.198681, NA
19.747, 34.195451, NA
19.770, 34.192223, NA
19.793, 34.188997, NA
19.817, 34.185773, NA
19.840, 34.182551, NA
19.863, 34.179331, NA
19.886, 34.176113, NA
19.909, 34.172897, NA
19.932, 34.169682, NA
19.955, 34.166470, NA
19.979, 34.163260, NA
20.002, 34.160051, NA
20.025, 34.156844, NA
20.048, 34.153640, NA
20.071, 34.150437, NA
20.094, 34.147236, NA
20.118, 34.144037, NA
20.141, 34.140840, NA
20.164, 34.137645, NA
20.187, 34.134452, NA
20.210, 34.131260, NA
20.233, 34.128071, NA
20.256, 34.124883, NA
20.280, 34.121698, NA
20.303, 34.118514, NA
20.326, 34.115332, NA
20.349, 34.112152, NA
20.372, 34.108974, NA
20.395, 34.105798, NA
20.418, 34.102624, NA
20.442, 34.099452, NA
20.465, 34.096281, NA
20.488, 34.093113, NA
29.516, 32.985567, NA
29.540, 32.983021, NA
29.563, 32.980477, NA
29.586, 32.977934, NA
29.609, 32.975392, NA
29.632, 32.972851, NA
29.655, 32.970312, NA
29.679, 32.967774, NA
29.702, 32.965238, NA
29.725, 32.962703, NA
29.748, 32.960169, NA
29.771, 32.957637, NA
29.794, 32.955106, NA
29.817, 32.952576, NA
29.841, 32.950047, NA
29.864, 32.947520, NA
29.887, 32.944994, NA
29.910, 32.942470, NA
29.933, 32.939947, NA
29.956, 32.937425, NA
29.979, 32.934905, NA
30.003, 32.932386, NA
30.026, 32.929868, NA
30.049, 32.927351, NA
30.072, 32.924836, NA
30.095, 32.922322, NA
30.118, 32.919810, NA
30.142, 32.917299, NA
30.165, 32.914789, NA
30.188, 32.912280, NA
30.211, 32.909773, NA
30.234, 32.907267, NA
30.257, 32.904763, NA
30.280, 32.902260, NA
30.304, 32.899758, NA
30.327, 32.897257, NA
30.350, 32.894758, NA
30.373, 32.892260, NA
30.396, 32.889763, NA
30.419, 32.887268, NA
30.442, 32.884774, NA
30.466, 32.882281, NA
30.489, 32.879789, NA
39.517, 31.998831, NA
39.541, 31.996784, NA
39.564, 31.994738, NA
39.587, 31.992693, NA
39.610, 31.990649, NA
39.633, 31.988606, NA
39.656, 31.986564, NA
39.679, 31.984523, NA
39.703, 31.982483, NA
39.726, 31.980444, NA
39.749, 31.978406, NA
39.772, 31.976369, NA
39.795, 31.974333, NA
39.818, 31.972298, NA
39.841, 31.970264, NA
39.865, 31.968230, NA
39.888, 31.966198, NA
39.911, 31.964167, NA
39.934, 31.962137, NA
39.957, 31.960108, NA
39.980, 31.958079, NA
40.004, 31.956052, NA
40.027, 31.954026, NA
40.050, 31.952001, NA
40.073, 31.949976, NA
40.096, 31.947953, NA
40.119, 31.945930, NA
40.142, 31.943909, NA
40.166, 31.941889, NA
40.189, 31.939869, NA
40.212, 31.937851, NA
40.235, 31.935833, NA
40.258, 31.933816, NA
40.281, 31.931801, NA
40.304, 31.929786, NA
40.328, 31.927773, NA
40.351, 31.925760, NA
40.374, 31.923748, NA
40.397, 31.921737, NA
40.420, 31.919728, NA
40.443, 31.917719, NA
40.467, 31.915711, NA
40.490, 31.913704, NA
49.518, 31.198683, NA
49.541, 31.197009, NA
49.565, 31.195337, NA
49.588, 31.193665, NA
49.611, 31.191994, NA
49.634, 31.190323, NA
49.657, 31.188654, NA
49.680, 31.186985, NA
49.703, 31.185317, NA
49.727, 31.183649, NA
49.750, 31.181983, NA
49.773, 31.180317, NA
49.796, 31.178652, NA
49.819, 31.176987, NA
49.842, 31.175324, NA
49.865, 31.173661, NA
49.889, 31.171999, NA
49.912, 31.170337, NA
49.935, 31.168677, NA
49.958, 31.167017, NA
49.981, 31.165358, NA
50.004, 31.163699, NA
50.028, 31.162042, NA
50.051, 31.160385, NA
50.074, 31.158729, NA
50.097, 31.157073, NA
50.120, 31.155419, NA
50.143, 31.153765, NA
50.166, 31.152112, NA
50.190, 31.150459, NA
50.213, 31.148808, NA
50.236, 31.147157, NA
50.259, 31.145507, NA
50.282, 31.143857, NA
50.305, 31.142208, NA
50.328, 31.140560, NA
50.352, 31.138913, NA
50.375, 31.137267, NA
50.398, 31.135621, NA
50.421, 31.133976, NA
50.444, 31.132332, NA
50.467, 31.130688, NA
50.491, 31.129045, NA
59.519, 30.540615, NA
59.542, 30.539231, NA
59.565, 30.537847, NA
59.589, 30.536464, NA
59.612, 30.535082, NA
59.635, 30.533700, NA
59.658, 30.532319, NA
59.681, 30.530938, NA
59.704, 30.529558, NA
59.727, 30.528178, NA
59.751, 30.526799, NA
59.774, 30.525421, NA
59.797, 30.524043, NA
59.820, 30.522666, NA
59.843, 30.521290, NA
59.866, 30.519914, NA
59.890, 30.518538, NA
59.913, 30.517164, NA
59.936, 30.515789, NA
59.959, 30.514416, NA
59.982, 30.513043, NA
60.005, 30.511670, NA
60.028, 30.510299, NA
60.052, 30.508927, NA
60.075, 30.507557, NA
60.098, 30.506186, NA
60.121, 30.504817, NA
60.144, 30.503448, NA
60.167, 30.502080, NA
60.190, 30.500712, NA
60.214, 30.499345, NA
60.237, 30.497978, NA
60.260, 30.496612, NA
60.283, 30.495247, NA
60.306, 30.493882, NA
60.329, 30.492518, NA
60.353, 30.491154, NA
60.376, 30.489791, NA
60.399, 30.488428, NA
60.422, 30.487066, NA
60.445, 30.485705, NA
60.468, 30.484344, NA
60.491, 30.482984, NA
69.520, 29.993862, NA
69.543, 29.992707, NA
69.566, 29.991552, NA
69.589, 29.990398, NA
69.613, 29.989245, NA
69.636, 29.988092, NA
69.659, 29.986939, NA
69.682, 29.985787, NA
69.705, 29.984635, NA
69.728, 29.983484, NA
69.751, 29.982333, NA
69.775, 29.981183, NA
69.798, 29.980033, NA
69.821, 29.978884, NA
69.844, 29.977735, NA
69.867, 29.976587, NA
69.890, 29.975439, NA
69.914, 29.974291, NA
69.937, 29.973144, NA
69.960, 29.971998, NA
69.983, 29.970852, NA
70.006, 29.969706, NA
70.029, 29.968561, NA
70.052, 29.967416, NA
70.076, 29.966272, NA
70.099, 29.965129, NA
70.122, 29.963985, NA
70.145, 29.962843, NA
70.168, 29.961700, NA
70.191, 29.960559, NA
70.214, 29.959417, NA
70.238, 29.958276, NA
70.261, 29.957136, NA
70.284, 29.955996, NA
70.307, 29.954857, NA
70.330, 29.953718, NA
70.353, 29.952579, NA
70.377, 29.951441, NA
70.400, 29.950303, NA
70.423, 29.949166, NA
70.446, 29.948029, NA
70.469, 29.946893, NA
70.492, 29.945758, NA
79.521, 29.536139, NA
79.544, 29.535169, NA
79.567, 29.534199, NA
79.590, 29.533230, NA
79.613, 29.532261, NA
79.637, 29.531293, NA
79.660, 29.530325, NA
79.683, 29.529357, NA
79.706, 29.528389, NA
79.729, 29.527422, NA
79.752, 29.526456, NA
79.776, 29.525490, NA
79.799, 29.524524, NA
79.822, 29.523558, NA
79.845, 29.522593, NA
79.868, 29.521629, NA
79.891, 29.520664, NA
79.914, 29.519700, NA
79.938, 29.518737, NA
79.961, 29.517774, NA
79.984, 29.516811, NA
80.007, 29.515848, NA
80.030, 29.514886, NA
80.053, 29.513925, NA
80.076, 29.512963, NA
80.100, 29.512003, NA
80.123, 29.511042, NA
80.146, 29.510082, NA
80.169, 29.509122, NA
80.192, 29.508163, NA
80.215, 29.507204, NA
80.239, 29.506245, NA
80.262, 29.505287, NA
80.285, 29.504329, NA
80.308, 29.503372, NA
80.331, 29.502415, NA
80.354, 29.501458, NA
80.377, 29.500502, NA
80.401, 29.499546, NA
80.424, 29.498590, NA
80.447, 29.497635, NA
80.470, 29.496680, NA
80.493, 29.495726, NA
89.522, 29.150705, NA
89.545, 29.149886, NA
89.568, 29.149067, NA
89.591, 29.148249, NA
89.614, 29.147431, NA
89.637, 29.146613, NA
89.661, 29.145796, NA
89.684, 29.144979, NA
89.707, 29.144162, NA
89.730, 29.143346, NA
89.753, 29.142530, NA
89.776, 29.141714, NA
89.800, 29.140899, NA
89.823, 29.140083, NA
89.846, 29.139269, NA
89.869, 29.138454, NA
89.892, 29.137640, NA
89.915, 29.136826, NA
89.938, 29.136012, NA
89.962, 29.135199, NA
89.985, 29.134386, NA
90.008, 29.133574, NA
90.031, 29.132761, NA
90.054, 29.131949, NA
90.077, 29.131138, NA
90.100, 29.130326, NA
90.124, 29.129515, NA
90.147, 29.128705, NA
90.170, 29.127894, NA
90.193, 29.127084, NA
90.216, 29.126274, NA
90.239, 29.125465, NA
90.263, 29.124656, NA
90.286, 29.123847, NA
90.309, 29.123038, NA
90.332, 29.122230, NA
90.355, 29.121422, NA
90.378, 29.120615, NA
90.401, 29.119807, NA
90.425, 29.119000, NA
90.448, 29.118194, NA
90.471, 29.117387, NA
90.494, 29.116581, NA
99.523, 28.824668, NA
99.546, 28.823974, NA
99.569, 28.823280, NA
99.592, 28.822587, NA
99.615, 28.821893, NA
99.638, 28.821200, NA
99.662, 28.820508, NA
99.685, 28.819815, NA
99.708, 28.819123, NA
99.731, 28.818431, NA
99.754, 28.817739, NA
99.777, 28.817047, NA
99.800, 28.816356, NA
99.824, 28.815665, NA
99.847, 28.814975, NA
99.870, 28.814284, NA
99.893, 28.813594, NA
99.916, 28.812904, NA
99.939, 28.812214, NA
99.962, 28.811525, NA
99.986, 28.810836, NA
100.009, 28.810147, NA
100.032, 28.809458, NA
100.055, 28.808770, NA
100.078, 28.808082, NA
100.101, 28.807394, NA
100.125, 28.806707, NA
100.148, 28.806019, NA
100.171, 28.805332, NA
100.194, 28.804646, NA
100.217, 28.803959, NA
100.240, 28.803273, NA
100.263, 28.802587, NA
100.287, 28.801901, NA
100.310, 28.801216, NA
100.333, 28.800530, NA
100.356, 28.799845, NA
100.379, 28.799161, NA
100.402, 28.798476, NA
100.425, 28.797792, NA
100.449, 28.797108, NA
100.472, 28.796424, NA
100.495, 28.795741, NA
109.500, 28.548469, NA
109.523, 28.547879, NA
109.547, 28.547289, NA
109.570, 28.546699, NA
109.593, 28.546109, NA
109.616, 28.545520, NA
109.639, 28.544930, NA
109.662, 28.544341, NA
109.686, 28.543752, NA
109.709, 28.543164, NA
109.732, 28.542575, NA
109.755, 28.541987, NA
109.778, 28.541399, NA
109.801, 28.540811, NA
109.824, 28.540223, NA
109.848, 28.539636, NA
109.871, 28.539049, NA
109.894, 28.538462, NA
109.917, 28.537875, NA
109.940, 28.537289, NA
109.963, 28.536703, NA
109.986, 28.536117, NA
110.010, 28.535531, NA
110.033, 28.534945, NA
110.056, 28.534360, NA
110.079, 28.533775, NA
110.102, 28.533190, NA
110.125, 28.532605, NA
110.149, 28.532020, NA
110.172, 28.531436, NA
110.195, 28.530852, NA
110.218, 28.530268, NA
110.241, 28.529684, NA
110.264, 28.529101, NA
110.287, 28.528518, NA
110.311, 28.527935, NA
110.334, 28.527352, NA
110.357, 28.526769, NA
110.380, 28.526187, NA
110.403, 28.525605, NA
110.426, 28.525023, NA
110.449, 28.524441, NA
110.473, 28.523860, NA
110.496, 28.523279, NA
119.501, 28.312715, NA
119.524, 28.312211, NA
119.548, 28.311708, NA
119.571, 28.311205, NA
119.594, 28.310702, NA
119.617, 28.310200, NA
119.640, 28.309697, NA
119.663, 28.309195, NA
119.686, 28.308693, NA
119.710, 28.308191, NA
119.733, 28.307689, NA
119.756, 28.307188, NA
119.779, 28.306686, NA
119.802, 28.306185, NA
119.825, 28.305684, NA
119.848, 28.305184, NA
119.872, 28.304683, NA
119.895, 28.304183, NA
119.918, 28.303682, NA
119.941, 28.303182, NA
119.964, 28.302682, NA
119.987, 28.302183, NA
120.011, 28.301683, NA
120.034, 28.301184, NA
120.057, 28.300685, NA
120.080, 28.300186, NA
120.103, 28.299687, NA
120.126, 28.299188, NA
120.149, 28.298690, NA
120.173, 28.298192, NA
120.196, 28.297694, NA
120.219, 28.297196, NA
120.242, 28.296698, NA
120.265, 28.296201, NA
120.288, 28.295703, NA
120.311, 28.295206, NA
120.335, 28.294709, NA
120.358, 28.294213, NA
120.381, 28.293716, NA
120.404, 28.293220, NA
120.427, 28.292723, NA
120.450, 28.292227, NA
120.474, 28.291731, NA
120.497, 28.291236, NA
129.502, 28.111504, NA
129.525, 28.111074, NA
129.548, 28.110644, NA
129.572, 28.110214, NA
129.595, 28.109784, NA
129.618, 28.109355, NA
129.641, 28.108926, NA
129.664, 28.108497, NA
129.687, 28.108068, NA
129.710, 28.107639, NA
129.734, 28.107210, NA
129.757, 28.106782, NA
129.780, 28.106353, NA
129.803, 28.105925, NA
129.826, 28.105497, NA
129.849, 28.105069, NA
129.872, 28.104641, NA
129.896, 28.104214, NA
129.919, 28.103786, NA
129.942, 28.103359, NA
129.965, 28.102932, NA
129.988, 28.102505, NA
130.011, 28.102078, NA
130.035, 28.101651, NA
130.058, 28.101225, NA
130.081, 28.100799, NA
130.104, 28.100372, NA
130.127, 28.099946, NA
130.150, 28.099520, NA
130.173, 28.099095, NA
130.197, 28.098669, NA
130.220, 28.098244, NA
130.243, 28.097818, NA
130.266, 28.097393, NA
130.289, 28.096968, NA
130.312, 28.096543, NA
130.335, 28.096119, NA
130.359, 28.095694, NA
130.382, 28.095270, NA
130.405, 28.094846, NA
130.428, 28.094422, NA
130.451, 28.093998, NA
130.474, 28.093574, NA
130.498, 28.093150, NA
139.503, 27.939432, NA
139.526, 27.939064, NA
139.549, 27.938696, NA
139.572, 27.938328, NA
139.596, 27.937960, NA
139.619, 27.937593, NA
139.642, 27.937225, NA
139.665, 27.936858, NA
139.688, 27.936491, NA
139.711, 27.936123, NA
139.734, 27.935756, NA
139.758, 27.935390, NA
139.781, 27.935023, NA
139.804, 27.934656, NA
139.827, 27.934290, NA
139.850, 27.933924, NA
139.873, 27.933558, NA
139.897, 27.933192, NA
139.920, 27.932826, NA
139.943, 27.932460, NA
139.966, 27.932094, NA
139.989, 27.931729, NA
140.012, 27.931363, NA
140.035, 27.930998, NA
140.059, 27.930633, NA
140.082, 27.930268, NA
140.105, 27.929903, NA
140.128, 27.929539, NA
140.151, 27.929174, NA
140.174, 27.928809, NA
140.197, 27.928445, NA
140.221, 27.928081, NA
140.244, 27.927717, NA
140.267, 27.927353, NA
140.290, 27.926989, NA
140.313, 27.926625, NA
140.336, 27.926262, NA
140.360, 27.925899, NA
140.383, 27.925535, NA
140.406, 27.925172, NA
140.429, 27.924809, NA
140.452, 27.924446, NA
140.475, 27.924083, NA
140.498, 27.923721, NA
149.504, 27.792031, NA
149.527, 27.791715, NA
149.550, 27.791400, NA
149.573, 27.791084, NA
149.596, 27.790769, NA
149.620, 27.790454, NA
149.643, 27.790139, NA
149.666, 27.789824, NA
149.689, 27.789509, NA
149.712, 27.789194, NA
149.735, 27.788880, NA
149.758, 27.788565, NA
149.782, 27.788251, NA
149.805, 27.787937, NA
149.828, 27.787623, NA
149.851, 27.787309, NA
149.874, 27.786995, NA
149.897, 27.786681, NA
149.921, 27.786367, NA
149.944, 27.786054, NA
149.967, 27.785740, NA
149.990, 27.785427, NA
150.013, 27.785114, NA
150.036, 27.784800, NA
150.059, 27.784487, NA
150.083, 27.784174, NA
150.106, 27.783862, NA
150.129, 27.783549, NA
150.152, 27.783236, NA
150.175, 27.782924, NA
150.198, 27.782612, NA
150.221, 27.782299, NA
150.245, 27.781987, NA
150.268, 27.781675, NA
150.291, 27.781363, NA
150.314, 27.781051, NA
150.337, 27.780740, NA
150.360, 27.780428, NA
150.384, 27.780117, NA
150.407, 27.779805, NA
150.430, 27.779494, NA
150.453, 27.779183, NA
150.476, 27.778872, NA
150.499, 27.778561, NA
159.505, 27.665582, NA
159.528, 27.665311, NA
159.551, 27.665040, NA
159.574, 27.664770, NA
159.597, 27.664499, NA
159.620, 27.664228, NA
159.644, 27.663958, NA
159.667, 27.663688, NA
159.690, 27.663417, NA
159.713, 27.663147, NA
159.736, 27.662877, NA
159.759, 27.662607, NA
159.783, 27.662337, NA
159.806, 27.662068, NA
159.829, 27.661798, NA
159.852, 27.661528, NA
159.875, 27.661259, NA
159.898, 27.660989, NA
159.921, 27.660720, NA
159.945, 27.660451, NA
159.968, 27.660182, NA
159.991, 27.659913, NA
160.014, 27.659644, NA
160.037, 27.659375, NA
160.060, 27.659106, NA
160.083, 27.658838, NA
160.107, 27.658569, NA
160.130, 27.658301, NA
160.153, 27.658032, NA
160.176, 27.657764, NA
160.199, 27.657496, NA
160.222, 27.657228, NA
160.246, 27.656960, NA
160.269, 27.656692, NA
160.292, 27.656424, NA
160.315, 27.656157, NA
160.338, 27.655889, NA
160.361, 27.655622, NA
160.384, 27.655354, NA
160.408, 27.655087, NA
160.431, 27.654820, NA
160.454, 27.654552, NA
160.477, 27.654285, NA
169.506, 27.556973, NA
169.529, 27.556741, NA
169.552, 27.556508, NA
169.575, 27.556275, NA
169.598, 27.556043, NA
169.621, 27.555810, NA
169.644, 27.555578, NA
169.668, 27.555345, NA
169.691, 27.555113, NA
169.714, 27.554881, NA
169.737, 27.554649, NA
169.760, 27.554417, NA
169.783, 27.554185, NA
169.807, 27.553953, NA
169.830, 27.553721, NA
169.853, 27.553490, NA
169.876, 27.553258, NA
169.899, 27.553026, NA
169.922, 27.552795, NA
169.945, 27.552564, NA
169.969, 27.552332, NA
169.992, 27.552101, NA
170.015, 27.551870, NA
170.038, 27.551639, NA
170.061, 27.551408, NA
170.084, 27.551177, NA
170.107, 27.550946, NA
170.131, 27.550716, NA
170.154, 27.550485, NA
170.177, 27.550254, NA
170.200, 27.550024, NA
170.223, 27.549794, NA
170.246, 27.549563, NA
170.270, 27.549333, NA
170.293, 27.549103, NA
170.316, 27.548873, NA
170.339, 27.548643, NA
170.362, 27.548413, NA
170.385, 27.548183, NA
170.408, 27.547953, NA
170.432, 27.547724, NA
170.455, 27.547494, NA
170.478, 27.547265, NA
179.506, 27.463588, NA
179.530, 27.463388, NA
179.553, 27.463187, NA
179.576, 27.462987, NA
179.599, 27.462787, NA
179.622, 27.462587, NA
179.645, 27.462387, NA
179.669, 27.462187, NA
179.692, 27.461988, NA
179.715, 27.461788, NA
179.738, 27.461588, NA
179.761, 27.461389, NA
179.784, 27.461189, NA
179.807, 27.460990, NA
179.831, 27.460790, NA
179.854, 27.460591, NA
179.877, 27.460392, NA
179.900, 27.460193, NA
179.923, 27.459993, NA
179.946, 27.459794, NA
179.969, 27.459595, NA
179.993, 27.459396, NA
180.016, 27.459198, NA
180.039, 27.458999, NA
180.062, 27.458800, NA
180.085, 27.458602, NA
180.108, 27.458403, NA
180.132, 27.458205, NA
180.155, 27.458006, NA
180.178, 27.457808, NA
180.201, 27.457609, NA
180.224, 27.457411, NA
180.247, 27.457213, NA
180.270, 27.457015, NA
180.294, 27.456817, NA
180.317, 27.456619, NA
180.340, 27.456421, NA
180.363, 27.456223, NA
180.386, 27.456026, NA
180.409, 27.455828, NA
180.432, 27.455630, NA
180.456, 27.455433, NA
180.479, 27.455235, NA
189.507, 27.383217, NA
189.530, 27.383044, NA
189.554, 27.382872, NA
189.577, 27.382700, NA
189.600, 27.382527, NA
189.623, 27.382355, NA
189.646, 27.382183, NA
189.669, 27.382011, NA
189.693, 27.381839, NA
189.716, 27.381667, NA
189.739, 27.381495, NA
189.762, 27.381323, NA
189.785, 27.381151, NA
189.808, 27.380980, NA
189.831, 27.380808, NA
189.855, 27.380636, NA
189.878, 27.380465, NA
189.901, 27.380293, NA
189.924, 27.380122, NA
189.947, 27.379950, NA
189.970, 27.379779, NA
189.993, 27.379608, NA
190.017, 27.379437, NA
190.040, 27.379266, NA
190.063, 27.379094, NA
190.086, 27.378923, NA
190.109, 27.378752, NA
190.132, 27.378582, NA
190.156, 27.378411, NA
190.179, 27.378240, NA
190.202, 27.378069, NA
190.225, 27.377898, NA
190.248, 27.377728, NA
190.271, 27.377557, NA
190.294, 27.377387, NA
190.318, 27.377216, NA
190.341, 27.377046, NA
190.364, 27.376876, NA
190.387, 27.376705, NA
190.410, 27.376535, NA
190.433, 27.376365, NA
190.457, 27.376195, NA
190.480, 27.376025, NA
199.508, 27.313990, NA
199.531, 27.313841, NA
199.555, 27.313692, NA
199.578, 27.313544, NA
199.601, 27.313395, NA
199.624, 27.313247, NA
199.647, 27.313099, NA
199.670, 27.312950, NA
199.693, 27.312802, NA
199.717, 27.312654, NA
199.740, 27.312506, NA
199.763, 27.312358, NA
199.786, 27.312210, NA
199.809, 27.312062, NA
199.832, 27.311914, NA
199.855, 27.311766, NA
199.879, 27.311618, NA
199.902, 27.311470, NA
199.925, 27.311323, NA
199.948, 27.311175, NA
199.971, 27.311027, NA
199.994, 27.310880, NA
200.018, 27.310732, NA
200.041, 27.310585, NA
200.064, 27.310437, NA
200.087, 27.310290, NA
200.110, 27.310142, NA
200.133, 27.309995, NA
200.156, 27.309848, NA
200.180, 27.309701, NA
200.203, 27.309554, NA
200.226, 27.309407, NA
200.249, 27.309260, NA
200.272, 27.309113, NA
200.295, 27.308966, NA
200.318, 27.308819, NA
200.342, 27.308672, NA
200.365, 27.308525, NA
200.388, 27.308378, NA
200.411, 27.308232, NA
200.434, 27.308085, NA
200.457, 27.307939, NA
200.481, 27.307792, NA
209.509, 27.254317, NA
209.532, 27.254189, NA
209.555, 27.254061, NA
209.579, 27.253933, NA
209.602, 27.253805, NA
209.625, 27.253677, NA
209.648, 27.253549, NA
209.671, 27.253421, NA
209.694, 27.253293, NA
209.717, 27.253166, NA
209.741, 27.253038, NA
209.764, 27.252910, NA
209.787, 27.252783, NA
209.810, 27.252655, NA
209.833, 27.252527, NA
209.856, 27.252400, NA
209.879, 27.252272, NA
209.903, 27.252145, NA
209.926, 27.252018, NA
209.949, 27.251890, NA
209.972, 27.251763, NA
209.995, 27.251636, NA
210.018, 27.251508, NA
210.042, 27.251381, NA
210.065, 27.251254, NA
210.088, 27.251127, NA
210.111, 27.251000, NA
210.134, 27.250873, NA
210.157, 27.250746, NA
210.180, 27.250619, NA
210.204, 27.250492, NA
210.227, 27.250365, NA
210.250, 27.250239, NA
210.273, 27.250112, NA
210.296, 27.249985, NA
210.319, 27.249859, NA
210.343, 27.249732, NA
210.366, 27.249605, NA
210.389, 27.249479, NA
210.412, 27.249352, NA
210.435, 27.249226, NA
210.458, 27.249100, NA
210.481, 27.248973, NA
219.510, 27.202848, NA
219.533, 27.202737, NA
219.556, 27.202627, NA
219.579, 27.202516, NA
219.603, 27.202406, NA
219.626, 27.202296, NA
219.649, 27.202185, NA
219.672, 27.202075, NA
219.695, 27.201965, NA
219.718, 27.201854, NA
219.741, 27.201744, NA
219.765, 27.201634, NA
219.788, 27.201524, NA
219.811, 27.201414, NA
219.834, 27.201304, NA
219.857, 27.201194, NA
219.880, 27.201084, NA
219.904, 27.200974, NA
219.927, 27.200864, NA
219.950, 27.200754, NA
219.973, 27.200644, NA
219.996, 27.200534, NA
220.019, 27.200424, NA
220.042, 27.200315, NA
220.066, 27.200205, NA
220.089, 27.200095, NA
220.112, 27.199986, NA
220.135, 27.199876, NA
220.158, 27.199767, NA
220.181, 27.199657, NA
220.204, 27.199548, NA
220.228, 27.199438, NA
220.251, 27.199329, NA
220.274, 27.199220, NA
220.297, 27.199110, NA
220.320, 27.199001, NA
220.343, 27.198892, NA
220.367, 27.198782, NA
220.390, 27.198673, NA
220.413, 27.198564, NA
220.436, 27.198455, NA
220.459, 27.198346, NA
220.482, 27.198237, NA
229.511, 27.158428, NA
229.534, 27.158333, NA
229.557, 27.158237, NA
229.580, 27.158142, NA
229.603, 27.158047, NA
229.627, 27.157951, NA
229.650, 27.157856, NA
229.673, 27.157761, NA
229.696, 27.157666, NA
229.719, 27.157570, NA
229.742, 27.157475, NA
229.766, 27.157380, NA
229.789, 27.157285, NA
229.812, 27.157190, NA
229.835, 27.157095, NA
229.858, 27.157000, NA
229.881, 27.156905, NA
229.904, 27.156810, NA
229.928, 27.156715, NA
229.951, 27.156620, NA
229.974, 27.156526, NA
229.997, 27.156431, NA
230.020, 27.156336, NA
230.043, 27.156241, NA
230.066, 27.156147, NA
230.090, 27.156052, NA
230.113, 27.155957, NA
230.136, 27.155863, NA
230.159, 27.155768, NA
230.182, 27.155674, NA
230.205, 27.155579, NA
230.229, 27.155485, NA
230.252, 27.155390, NA
230.275, 27.155296, NA
230.298, 27.155201, NA
230.321, 27.155107, NA
230.344, 27.155013, NA
230.367, 27.154918, NA
230.391, 27.154824, NA
230.414, 27.154730, NA
230.437, 27.154636, NA
230.460, 27.154542, NA
230.483, 27.154448, NA
239.512, 27.120072, NA
239.535, 27.119990, NA
239.558, 27.119908, NA
239.581, 27.119825, NA
239.604, 27.119743, NA
239.627, 27.119661, NA
239.651, 27.119578, NA
239.674, 27.119496, NA
239.697, 27.119414, NA
239.720, 27.119332, NA
239.743, 27.119249, NA
239.766, 27.119167, NA
239.790, 27.119085, NA
239.813, 27.119003, NA
239.836, 27.118921, NA
239.859, 27.118839, NA
239.882, 27.118757, NA
239.905, 27.118675, NA
239.928, 27.118593, NA
239.952, 27.118511, NA
239.975, 27.118429, NA
239.998, 27.118347, NA
240.021, 27.118265, NA
240.044, 27.118184, NA
240.067, 27.118102, NA
240.090, 27.118020, NA
240.114, 27.117938, NA
240.137, 27.117857, NA
240.160, 27.117775, NA
240.183, 27.117693, NA
240.206, 27.117612, NA
240.229, 27.117530, NA
240.253, 27.117448, NA
240.276, 27.117367, NA
240.299, 27.117285, NA
240.322, 27.117204, NA
240.345, 27.117122, NA
240.368, 27.117041, NA
240.391, 27.116960, NA
240.415, 27.116878, NA
240.438, 27.116797, NA
240.461, 27.116716, NA
240.484, 27.116634, NA
249.513, 27.086937, NA
249.536, 27.086866, NA
249.559, 27.086795, NA
249.582, 27.086724, NA
249.605, 27.086652, NA
249.628, 27.086581, NA
249.652, 27.086510, NA
249.675, 27.086439, NA
249.698, 27.086368, NA
249.721, 27.086297, NA
249.744, 27.086226, NA
249.767, 27.086155, NA
249.790, 27.086084, NA
249.814, 27.086013, NA
249.837, 27.085942, NA
249.860, 27.085871, NA
249.883, 27.085800, NA
249.906, 27.085730, NA
249.929, 27.085659, NA
249.952, 27.085588, NA
249.976, 27.085517, NA
249.999, 27.085446, NA
250.022, 27.085376, NA
250.045, 27.085305, NA
250.068, 27.085234, NA
250.091, 27.085164, NA
250.115, 27.085093, NA
250.138, 27.085022, NA
250.161, 27.084952, NA
250.184, 27.084881, NA
250.207, 27.084811, NA
250.230, 27.084740, NA
250.253, 27.084670, NA
250.277, 27.084599, NA
250.300, 27.084529, NA
250.323, 27.084458, NA
250.346, 27.084388, NA
250.369, 27.084318, NA
250.392, 27.084247, NA
250.415, 27.084177, NA
250.439, 27.084107, NA
250.462, 27.084036, NA
250.485, 27.083966, NA
259.513, 27.058300, NA
259.537, 27.058238, NA
259.560, 27.058176, NA
259.583, 27.058115, NA
259.606, 27.058053, NA
259.629, 27.057992, NA
259.652, 27.057930, NA
259.676, 27.057869, NA
259.699, 27.057808, NA
259.722, 27.057746, NA
259.745, 27.057685, NA
259.768, 27.057623, NA
259.791, 27.057562, NA
259.814, 27.057501, NA
259.838, 27.057439, NA
259.861, 27.057378, NA
259.884, 27.057317, NA
259.907, 27.057256, NA
259.930, 27.057194, NA
259.953, 27.057133, NA
259.976, 27.057072, NA
260.000, 27.057011, NA
260.023, 27.056950, NA
260.046, 27.056889, NA
260.069, 27.056828, NA
260.092, 27.056766, NA
260.115, 27.056705, NA
260.139, 27.056644, NA
260.162, 27.056583, NA
260.185, 27.056522, NA
260.208, 27.056461, NA
260.231, 27.056400, NA
260.254, 27.056340, NA
260.277, 27.056279, NA
260.301, 27.056218, NA
260.324, 27.056157, NA
260.347, 27.056096, NA
260.370, 27.056035, NA
260.393, 27.055974, NA
260.416, 27.055914, NA
260.439, 27.055853, NA
260.463, 27.055792, NA
260.486, 27.055731, NA
269.514, 27.033539, NA
269.538, 27.033486, NA
269.561, 27.033433, NA
269.584, 27.033380, NA
269.607, 27.033327, NA
269.630, 27.033273, NA
269.653, 27.033220, NA
269.676, 27.033167, NA
269.700, 27.033114, NA
269.723, 27.033061, NA
269.746, 27.033008, NA
269.769, 27.032955, NA
269.792, 27.032902, NA
269.815, 27.032849, NA
269.838, 27.032796, NA
269.862, 27.032743, NA
269.885, 27.032690, NA
269.908, 27.032637, NA
269.931, 27.032584, NA
269.954, 27.032531, NA
269.977, 27.032478, NA
270.001, 27.032425, NA
270.024, 27.032372, NA
270.047, 27.032319, NA
270.070, 27.032267, NA
270.093, 27.032214, NA
270.116, 27.032161, NA
270.139, 27.032108, NA
270.163, 27.032055, NA
270.186, 27.032003, NA
270.209, 27.031950, NA
270.232, 27.031897, NA
270.255, 27.031844, NA
270.278, 27.031792, NA
270.301, 27.031739, NA
270.325, 27.031686, NA
270.348, 27.031634, NA
270.371, 27.031581, NA
270.394, 27.031529, NA
270.417, 27.031476, NA
270.440, 27.031424, NA
270.464, 27.031371, NA
270.487, 27.031319, NA
279.515, 27.012124, NA
279.538, 27.012078, NA
279.562, 27.012032, NA
279.585, 27.011986, NA
279.608, 27.011940, NA
279.631, 27.011894, NA
279.654, 27.011848, NA
279.677, 27.011802, NA
279.700, 27.011756, NA
279.724, 27.011710, NA
279.747, 27.011664, NA
279.770, 27.011618, NA
279.793, 27.011572, NA
279.816, 27.011527, NA
279.839, 27.011481, NA
279.862, 27.011435, NA
279.886, 27.011389, NA
279.909, 27.011343, NA
279.932, 27.011297, NA
279.955, 27.011252, NA
279.978, 27.011206, NA
280.001, 27.011160, NA
280.025, 27.011114, NA
280.048, 27.011069, NA
280.071, 27.011023, NA
280.094, 27.010977, NA
280.117, 27.010932, NA
280.140, 27.010886, NA
280.163, 27.010840, NA
280.187, 27.010795, NA
280.210, 27.010749, NA
280.233, 27.010703, NA
280.256, 27.010658, NA
280.279, 27.010612, NA
280.302, 27.010567, NA
280.325, 27.010521, NA
280.349, 27.010476, NA
280.372, 27.010430, NA
280.395, 27.010385, NA
280.418, 27.010339, NA
280.441, 27.010294, NA
280.464, 27.010248, NA
280.488, 27.010203, NA
289.516, 26.993596, NA
289.539, 26.993556, NA
289.562, 26.993516, NA
289.586, 26.993476, NA
289.609, 26.993436, NA
289.632, 26.993397, NA
289.655, 26.993357, NA
289.678, 26.993317, NA
289.701, 26.993277, NA
289.724, 26.993237, NA
289.748, 26.993198, NA
289.771, 26.993158, NA
289.794, 26.993118, NA
289.817, 26.993079, NA
289.840, 26.993039, NA
289.863, 26.992999, NA
289.887, 26.992960, NA
289.910, 26.992920, NA
289.933, 26.992880, NA
289.956, 26.992841, NA
289.979, 26.992801, NA
290.002, 26.992762, NA
290.025, 26.992722, NA
290.049, 26.992682, NA
290.072, 26.992643, NA
290.095, 26.992603, NA
290.118, 26.992564, NA
290.141, 26.992524, NA
290.164, 26.992485, NA
290.187, 26.992445, NA
290.211, 26.992406, NA
290.234, 26.992366, NA
290.257, 26.992327, NA
290.280, 26.992287, NA
290.303, 26.992248, NA
290.326, 26.992209, NA
290.350, 26.992169, NA
290.373, 26.992130, NA
290.396, 26.992090, NA
290.419, 26.992051, NA
290.442, 26.992012, NA
290.465, 26.991972, NA
290.488, 26.991933, NA
299.517, 26.977560, NA
299.540, 26.977526, NA
299.563, 26.977491, NA
299.586, 26.977457, NA
299.610, 26.977422, NA
299.633, 26.977388, NA
299.656, 26.977353, NA
299.679, 26.977319, NA
299.702, 26.977284, NA
299.725, 26.977250, NA
299.748, 26.977216, NA
299.772, 26.977181, NA
299.795, 26.977147, NA
299.818, 26.977112, NA
299.841, 26.977078, NA
299.864, 26.977044, NA
299.887, 26.977009, NA
299.911, 26.976975, NA
299.934, 26.976941, NA
299.957, 26.976906, NA
299.980, 26.976872, NA
300.003, 26.976838, NA
300.026, 26.976804, NA
300.049, 26.976769, NA
300.073, 26.976735, NA
300.096, 26.976701, NA
300.119, 26.976667, NA
300.142, 26.976633, NA
300.165, 26.976598, NA
300.188, 26.976564, NA
300.211, 26.976530, NA
300.235, 26.976496, NA
300.258, 26.976462, NA
300.281, 26.976428, NA
300.304, 26.976393, NA
300.327, 26.976359, NA
300.350, 26.976325, NA
300.374, 26.976291, NA
300.397, 26.976257, NA
300.420, 26.976223, NA
300.443, 26.976189, NA
300.466, 26.976155, NA
300.489, 26.976121, NA
309.518, 26.963678, NA
309.541, 26.963648, NA
309.564, 26.963618, NA
309.587, 26.963588, NA
309.610, 26.963558, NA
309.634, 26.963529, NA
309.657, 26.963499, NA
309.680, 26.963469, NA
309.703, 26.963439, NA
309.726, 26.963409, NA
309.749, 26.963380, NA
309.773, 26.963350, NA
309.796, 26.963320, NA
309.819, 26.963290, NA
309.842, 26.963261, NA
309.865, 26.963231, NA
309.888, 26.963201, NA
309.911, 26.963171, NA
309.935, 26.963142, NA
309.958, 26.963112, NA
309.981, 26.963082, NA
310.004, 26.963053, NA
310.027, 26.963023, NA
310.050, 26.962993, NA
310.073, 26.962964, NA
310.097, 26.962934, NA
310.120, 26.962904, NA
310.143, 26.962875, NA
310.166, 26.962845, NA
310.189, 26.962816, NA
310.212, 26.962786, NA
310.236, 26.962756, NA
310.259, 26.962727, NA
310.282, 26.962697, NA
310.305, 26.962668, NA
310.328, 26.962638, NA
310.351, 26.962609, NA
310.374, 26.962579, NA
310.398, 26.962550, NA
310.421, 26.962520, NA
310.444, 26.962491, NA
310.467, 26.962461, NA
310.490, 26.962432, NA
319.519, 26.951657, NA
319.542, 26.951631, NA
319.565, 26.951605, NA
319.588, 26.951579, NA
319.611, 26.951553, NA
319.634, 26.951527, NA
319.658, 26.951502, NA
319.681, 26.951476, NA
319.704, 26.951450, NA
319.727, 26.951424, NA
319.750, 26.951398, NA
319.773, 26.951373, NA
319.797, 26.951347, NA
319.820, 26.951321, NA
319.843, 26.951295, NA
319.866, 26.951269, NA
319.889, 26.951244, NA
319.912, 26.951218, NA
319.935, 26.951192, NA
319.959, 26.951167, NA
319.982, 26.951141, NA
320.005, 26.951115, NA
320.028, 26.951089, NA
320.051, 26.951064, NA
320.074, 26.951038, NA
320.097, 26.951012, NA
320.121, 26.950987, NA
320.144, 26.950961, NA
320.167, 26.950936, NA
320.190, 26.950910, NA
320.213, 26.950884, NA
320.236, 26.950859, NA
320.260, 26.950833, NA
320.283, 26.950807, NA
320.306, 26.950782, NA
320.329, 26.950756, NA
320.352, 26.950731, NA
320.375, 26.950705, NA
320.398, 26.950680, NA
320.422, 26.950654, NA
320.445, 26.950629, NA
320.468, 26.950603, NA
320.491, 26.950577, NA
329.520, 26.941244, NA
329.543, 26.941222, NA
329.566, 26.941200, NA
329.589, 26.941177, NA
329.612, 26.941155, NA
329.635, 26.941132, NA
329.659, 26.941110, NA
329.682, 26.941088, NA
329.705, 26.941065, NA
329.728, 26.941043, NA
329.751, 26.941021, NA
329.774, 26.940998, NA
329.797, 26.940976, NA
329.821, 26.940954, NA
329.844, 26.940931, NA
329.867, 26.940909, NA
329.890, 26.940887, NA
329.913, 26.940865, NA
329.936, 26.940842, NA
329.959, 26.940820, NA
329.983, 26.940798, NA
330.006, 26.940775, NA
330.029, 26.940753, NA
330.052, 26.940731, NA
330.075, 26.940709, NA
330.098, 26.940686, NA
330.122, 26.940664, NA
330.145, 26.940642, NA
330.168, 26.940620, NA
330.191, 26.940598, NA
330.214, 26.940575, NA
330.237, 26.940553, NA
330.260, 26.940531, NA
330.284, 26.940509, NA
330.307, 26.940487, NA
330.330, 26.940465, NA
330.353, 26.940442, NA
330.376, 26.940420, NA
330.399, 26.940398, NA
330.422, 26.940376, NA
330.446, 26.940354, NA
330.469, 26.940332, NA
330.492, 26.940310, NA
339.520, 26.932224, NA
339.544, 26.932204, NA
339.567, 26.932185, NA
339.590, 26.932166, NA
339.613, 26.932146, NA
339.636, 26.932127, NA
339.659, 26.932107, NA
339.683, 26.932088, NA
339.706, 26.932069, NA
339.729, 26.932049, NA
339.752, 26.932030, NA
339.775, 26.932011, NA
339.798, 26.931991, NA
339.821, 26.931972, NA
339.845, 26.931953, NA
339.868, 26.931933, NA
339.891, 26.931914, NA
339.914, 26.931895, NA
339.937, 26.931875, NA
339.960, 26.931856, NA
339.983, 26.931837, NA
340.007, 26.931817, NA
340.030, 26.931798, NA
340.053, 26.931779, NA
340.076, 26.931760, NA
340.099, 26.931740, NA
340.122, 26.931721, NA
340.146, 26.931702, NA
340.169, 26.931683, NA
340.192, 26.931663, NA
340.215, 26.931644, NA
340.238, 26.931625, NA
340.261, 26.931606, NA
340.284, 26.931586, NA
340.308, 26.931567, NA
340.331, 26.931548, NA
340.354, 26.931529, NA
340.377, 26.931510, NA
340.400, 26.931490, NA
340.423, 26.931471, NA
340.446, 26.931452, NA
340.470, 26.931433, NA
340.493, 26.931414, NA
349.521, 26.924407, NA
349.545, 26.924390, NA
349.568, 26.924373, NA
349.591, 26.924357, NA
349.614, 26.924340, NA
349.637, 26.924323, NA
349.660, 26.924306, NA
349.683, 26.924289, NA
349.707, 26.924273, NA
349.730, 26.924256, NA
349.753, 26.924239, NA
349.776, 26.924222, NA
349.799, 26.924205, NA
349.822, 26.924189, NA
349.845, 26.924172, NA
349.869, 26.924155, NA
349.892, 26.924138, NA
349.915, 26.924122, NA
349.938, 26.924105, NA
349.961, 26.924088, NA
349.984, 26.924071, NA
350.008, 26.924055, NA
350.031, 26.924038, NA
350.054, 26.924021, NA
350.077, 26.924005, NA
350.100, 26.923988, NA
350.123, 26.923971, NA
350.146, 26.923955, NA
350.170, 26.923938, NA
350.193, 26.923921, NA
350.216, 26.923905, NA
350.239, 26.923888, NA
350.262, 26.923871, NA
350.285, 26.923855, NA
350.308, 26.923838, NA
350.332, 26.923821, NA
350.355, 26.923805, NA
350.378, 26.923788, NA
350.401, 26.923771, NA
350.424, 26.923755, NA
350.447, 26.923738, NA
350.471, 26.923722, NA
350.494, 26.923705, NA
359.522, 26.917632, NA
359.545, 26.917617, NA
359.569, 26.917603, NA
359.592, 26.917588, NA
359.615, 26.917574, NA
359.638, 26.917559, NA
359.661, 26.917544, NA
359.684, 26.917530, NA
359.707, 26.917515, NA
359.731, 26.917501, NA
359.754, 26.917486, NA
359.777, 26.917472, NA
359.800, 26.917457, NA
359.823, 26.917443, NA
359.846, 26.917428, NA
359.869, 26.917414, NA
359.893, 26.917399, NA
359.916, 26.917385, NA
359.939, 26.917370, NA
359.962, 26.917356, NA
359.985, 26.917341, NA
360.008, 26.917327, NA
360.032, 26.917312, NA
360.055, 26.917298, NA
360.078, 26.917283, NA
360.101, 26.917269, NA
360.124, 26.917254, NA
360.147, 26.917240, NA
360.170, 26.917225, NA
360.194, 26.917211, NA
360.217, 26.917196, NA
360.240, 26.917182, NA
360.263, 26.917168, NA
360.286, 26.917153, NA
360.309, 26.917139, NA
360.332, 26.917124, NA
360.356, 26.917110, NA
360.379, 26.917095, NA
360.402, 26.917081, NA
360.425, 26.917067, NA
360.448, 26.917052, NA
360.471, 26.917038, NA
360.495, 26.917023, NA
369.523, 26.911759, NA
369.546, 26.911746, NA
369.569, 26.911733, NA
369.593, 26.911721, NA
369.616, 26.911708, NA
369.639, 26.911695, NA
369.662, 26.911683, NA
369.685, 26.911670, NA
369.708, 26.911658, NA
369.731, 26.911645, NA
369.755, 26.911632, NA
369.778, 26.911620, NA
369.801, 26.911607, NA
369.824, 26.911594, NA
369.847, 26.911582, NA
369.870, 26.911569, NA
369.894, 26.911557, NA
369.917, 26.911544, NA
369.940, 26.911532, NA
369.963, 26.911519, NA
369.986, 26.911506, NA
370.009, 26.911494, NA
370.032, 26.911481, NA
370.056, 26.911469, NA
370.079, 26.911456, NA
370.102, 26.911444, NA
370.125, 26.911431, NA
370.148, 26.911419, NA
370.171, 26.911406, NA
370.194, 26.911394, NA
370.218, 26.911381, NA
370.241, 26.911368, NA
370.264, 26.911356, NA
370.287, 26.911343, NA
370.310, 26.911331, NA
370.333, 26.911318, NA
370.357, 26.911306, NA
370.380, 26.911293, NA
370.403, 26.911281, NA
370.426, 26.911268, NA
370.449, 26.911256, NA
370.472, 26.911243, NA
370.495, 26.911231, NA
379.501, 26.906677, NA
379.524, 26.906666, NA
379.547, 26.906655, NA
379.570, 26.906644, NA
379.593, 26.906633, NA
379.617, 26.906622, NA
379.640, 26.906611, NA
379.663, 26.906600, NA
379.686, 26.906589, NA
379.709, 26.906578, NA
379.732, 26.906567, NA
379.755, 26.906556, NA
379.779, 26.906546, NA
379.802, 26.906535, NA
379.825, 26.906524, NA
379.848, 26.906513, NA
379.871, 26.906502, NA
379.894, 26.906491, NA
379.918, 26.906480, NA
379.941, 26.906469, NA
379.964, 26.906458, NA
379.987, 26.906447, NA
380.010, 26.906436, NA
380.033, 26.906426, NA
380.056, 26.906415, NA
380.080, 26.906404, NA
380.103, 26.906393, NA
380.126, 26.906382, NA
380.149, 26.906371, NA
380.172, 26.906360, NA
380.195, 26.906349, NA
380.218, 26.906339, NA
380.242, 26.906328, NA
380.265, 26.906317, NA
380.288, 26.906306, NA
380.311, 26.906295, NA
380.334, 26.906284, NA
380.357, 26.906273, NA
380.381, 26.906263, NA
380.404, 26.906252, NA
380.427, 26.906241, NA
380.450, 26.906230, NA
380.473, 26.906219, NA
380.496, 26.906208, NA
389.502, 26.902259, NA
389.525, 26.902250, NA
389.548, 26.902240, NA
389.571, 26.902231, NA
389.594, 26.902221, NA
389.617, 26.902212, NA
389.641, 26.902202, NA
389.664, 26.902193, NA
389.687, 26.902183, NA
389.710, 26.902174, NA
389.733, 26.902164, NA
389.756, 26.902155, NA
389.780, 26.902145, NA
389.803, 26.902136, NA
389.826, 26.902126, NA
389.849, 26.902117, NA
389.872, 26.902107, NA
389.895, 26.902098, NA
389.918, 26.902088, NA
389.942, 26.902079, NA
389.965, 26.902069, NA
389.988, 26.902060, NA
390.011, 26.902051, NA
390.034, 26.902041, NA
390.057, 26.902032, NA
390.080, 26.902022, NA
390.104, 26.902013, NA
390.127, 26.902003, NA
390.150, 26.901994, NA
390.173, 26.901984, NA
390.196, 26.901975, NA
390.219, 26.901966, NA
390.243, 26.901956, NA
390.266, 26.901947, NA
390.289, 26.901937, NA
390.312, 26.901928, NA
390.335, 26.901919, NA
390.358, 26.901909, NA
390.381, 26.901900, NA
390.405, 26.901890, NA
390.428, 26.901881, NA
390.451, 26.901872, NA
390.474, 26.901862, NA
390.497, 26.901853, NA
399.503, 26.898427, NA
399.526, 26.898419, NA
399.549, 26.898411, NA
399.572, 26.898402, NA
399.595, 26.898394, NA
399.618, 26.898386, NA
399.641, 26.898378, NA
399.665, 26.898369, NA
399.688, 26.898361, NA
399.711, 26.898353, NA
399.734, 26.898345, NA
399.757, 26.898337, NA
399.780, 26.898328, NA
399.804, 26.898320, NA
399.827, 26.898312, NA
399.850, 26.898304, NA
399.873, 26.898295, NA
399.896, 26.898287, NA
399.919, 26.898279, NA
399.942, 26.898271, NA
399.966, 26.898263, NA
399.989, 26.898254, NA
400.012, 26.898246, NA
400.035, 26.898238, NA
400.058, 26.898230, NA
400.081, 26.898222, NA
400.104, 26.898213, NA
400.128, 26.898205, NA
400.151, 26.898197, NA
400.174, 26.898189, NA
400.197, 26.898181, NA
400.220, 26.898173, NA
400.243, 26.898164, NA
400.267, 26.898156, NA
400.290, 26.898148, NA
400.313, 26.898140, NA
400.336, 26.898132, NA
400.359, 26.898124, NA
400.382, 26.898115, NA
400.405, 26.898107, NA
400.429, 26.898099, NA
400.452, 26.898091, NA
400.475, 26.898083, NA
400.498, 26.898075, NA
409.503, 26.895103, NA
409.527, 26.895096, NA
409.550, 26.895089, NA
409.573, 26.895081, NA
409.596, 26.895074, NA
409.619, 26.895067, NA
409.642, 26.895060, NA
409.666, 26.895053, NA
409.689, 26.895046, NA
409.712, 26.895038, NA
409.735, 26.895031, NA
409.758, 26.895024, NA
409.781, 26.895017, NA
409.804, 26.895010, NA
409.828, 26.895003, NA
409.851, 26.894996, NA
409.874, 26.894989, NA
409.897, 26.894981, NA
409.920, 26.894974, NA
409.943, 26.894967, NA
409.966, 26.894960, NA
409.990, 26.894953, NA
410.013, 26.894946, NA
410.036, 26.894939, NA
410.059, 26.894932, NA
410.082, 26.894925, NA
410.105, 26.894917, NA
410.129, 26.894910, NA
410.152, 26.894903, NA
410.175, 26.894896, NA
410.198, 26.894889, NA
410.221, 26.894882, NA
410.244, 26.894875, NA
410.267, 26.894868, NA
410.291, 26.894861, NA
410.314, 26.894854, NA
410.337, 26.894847, NA
410.360, 26.894839, NA
410.383, 26.894832, NA
410.406, 26.894825, NA
410.429, 26.894818, NA
410.453, 26.894811, NA
410.476, 26.894804, NA
410.499, 26.894797, NA
419.504, 26.892218, NA
419.527, 26.892212, NA
419.551, 26.892206, NA
419.574, 26.892200, NA
419.597, 26.892194, NA
419.620, 26.892187, NA
419.643, 26.892181, NA
419.666, 26.892175, NA
419.690, 26.892169, NA
419.713, 26.892163, NA
419.736, 26.892156, NA
419.759, 26.892150, NA
419.782, 26.892144, NA
419.805, 26.892138, NA
419.828, 26.892132, NA
419.852, 26.892126, NA
419.875, 26.892119, NA
419.898, 26.892113, NA
419.921, 26.892107, NA
419.944, 26.892101, NA
419.967, 26.892095, NA
419.990, 26.892088, NA
420.014, 26.892082, NA
420.037, 26.892076, NA
420.060, 26.892070, NA
420.083, 26.892064, NA
420.106, 26.892058, NA
420.129, 26.892051, NA
420.153, 26.892045, NA
420.176, 26.892039, NA
420.199, 26.892033, NA
420.222, 26.892027, NA
420.245, 26.892021, NA
420.268, 26.892015, NA
420.291, 26.892008, NA
420.315, 26.892002, NA
420.338, 26.891996, NA
420.361, 26.891990, NA
420.384, 26.891984, NA
420.407, 26.891978, NA
420.430, 26.891972, NA
420.454, 26.891965, NA
420.477, 26.891959, NA
420.500, 26.891953, NA
429.505, 26.889715, NA
429.528, 26.889710, NA
429.552, 26.889705, NA
429.575, 26.889699, NA
429.598, 26.889694, NA
429.621, 26.889689, NA
429.644, 26.889683, NA
429.667, 26.889678, NA
429.690, 26.889672, NA
429.714, 26.889667, NA
429.737, 26.889662, NA
429.760, 26.889656, NA
429.783, 26.889651, NA
429.806, 26.889646, NA
429.829, 26.889640, NA
429.852, 26.889635, NA
429.876, 26.889629, NA
429.899, 26.889624, NA
429.922, 26.889619, NA
429.945, 26.889613, NA
429.968, 26.889608, NA
429.991, 26.889603, NA
430.015, 26.889597, NA
430.038, 26.889592, NA
430.061, 26.889587, NA
430.084, 26.889581, NA
430.107, 26.889576, NA
430.130, 26.889570, NA
430.153, 26.889565, NA
430.177, 26.889560, NA
430.200, 26.889554, NA
430.223, 26.889549, NA
430.246, 26.889544, NA
430.269, 26.889538, NA
430.292, 26.889533, NA
430.315, 26.889528, NA
430.339, 26.889522, NA
430.362, 26.889517, NA
430.385, 26.889512, NA
430.408, 26.889506, NA
430.431, 26.889501, NA
430.454, 26.889496, NA
430.478, 26.889491, NA
439.506, 26.887543, NA
439.529, 26.887538, NA
439.552, 26.887534, NA
439.576, 26.887529, NA
439.599, 26.887524, NA
439.622, 26.887520, NA
439.645, 26.887515, NA
439.668, 26.887510, NA
439.691, 26.887506, NA
439.714, 26.887501, NA
439.738, 26.887496, NA
439.761, 26.887492, NA
439.784, 26.887487, NA
439.807, 26.887482, NA
439.830, 26.887478, NA
439.853, 26.887473, NA
439.877, 26.887468, NA
439.900, 26.887464, NA
439.923, 26.887459, NA
439.946, 26.887454, NA
439.969, 26.887450, NA
439.992, 26.887445, NA
440.015, 26.887440, NA
440.039, 26.887436, NA
440.062, 26.887431, NA
440.085, 26.887426, NA
440.108, 26.887422, NA
440.131, 26.887417, NA
440.154, 26.887413, NA
440.177, 26.887408, NA
440.201, 26.887403, NA
440.224, 26.887399, NA
440.247, 26.887394, NA
440.270, 26.887389, NA
440.293, 26.887385, NA
440.316, 26.887380, NA
440.340, 26.887375, NA
440.363, 26.887371, NA
440.386, 26.887366, NA
440.409, 26.887362, NA
440.432, 26.887357, NA
440.455, 26.887352, NA
440.478, 26.887348, NA
449.507, 26.885657, NA
449.530, 26.885653, NA
449.553, 26.885649, NA
449.576, 26.885645, NA
449.600, 26.885641, NA
449.623, 26.885637, NA
449.646, 26.885633, NA
449.669, 26.885629, NA
449.692, 26.885625, NA
449.715, 26.885621, NA
449.738, 26.885617, NA
449.762, 26.885613, NA
449.785, 26.885609, NA
449.808, 26.885604, NA
449.831, 26.885600, NA
449.854, 26.885596, NA
449.877, 26.885592, NA
449.901, 26.885588, NA
449.924, 26.885584, NA
449.947, 26.885580, NA
449.970, 26.885576, NA
449.993, 26.885572, NA
450.016, 26.885568, NA
450.039, 26.885564, NA
450.063, 26.885560, NA
450.086, 26.885556, NA
450.109, 26.885552, NA
450.132, 26.885548, NA
450.155, 26.885544, NA
450.178, 26.885540, NA
450.201, 26.885536, NA
450.225, 26.885532, NA
450.248, 26.885528, NA
450.271, 26.885524, NA
450.294, 26.885520, NA
450.317, 26.885516, NA
450.340, 26.885512, NA
450.364, 26.885508, NA
450.387, 26.885504, NA
450.410, 26.885500, NA
450.433, 26.885496, NA
450.456, 26.885492, NA
450.479, 26.885488, NA
459.508, 26.884020, NA
459.531, 26.884016, NA
459.554, 26.884013, NA
459.577, 26.884009, NA
459.600, 26.884006, NA
459.624, 26.884002, NA
459.647, 26.883999, NA
459.670, 26.883995, NA
459.693, 26.883992, NA
459.716, 26.883988, NA
459.739, 26.883985, NA
459.763, 26.883981, NA
459.786, 26.883978, NA
459.809, 26.883974, NA
459.832, 26.883971, NA
459.855, 26.883967, NA
459.878, 26.883964, NA
459.901, 26.883960, NA
459.925, 26.883957, NA
459.948, 26.883953, NA
459.971, 26.883950, NA
459.994, 26.883946, NA
460.017, 26.883943, NA
460.040, 26.883939, NA
460.063, 26.883936, NA
460.087, 26.883932, NA
460.110, 26.883929, NA
460.133, 26.883925, NA
460.156, 26.883922, NA
460.179, 26.883918, NA
460.202, 26.883915, NA
460.226, 26.883911, NA
460.249, 26.883908, NA
460.272, 26.883904, NA
460.295, 26.883901, NA
460.318, 26.883897, NA
460.341, 26.883894, NA
460.364, 26.883890, NA
460.388, 26.883887, NA
460.411, 26.883883, NA
460.434, 26.883880, NA
460.457, 26.883876, NA
460.480, 26.883873, NA
469.509, 26.882598, NA
469.532, 26.882595, NA
469.555, 26.882592, NA
469.578, 26.882589, NA
469.601, 26.882586, NA
469.624, 26.882583, NA
469.648, 26.882580, NA
469.671, 26.882577, NA
469.694, 26.882574, NA
469.717, 26.882571, NA
469.740, 26.882568, NA
469.763, 26.882565, NA
469.787, 26.882562, NA
469.810, 26.882559, NA
469.833, 26.882556, NA
469.856, 26.882553, NA
469.879, 26.882549, NA
469.902, 26.882546, NA
469.925, 26.882543, NA
469.949, 26.882540, NA
469.972, 26.882537, NA
469.995, 26.882534, NA
470.018, 26.882531, NA
470.041, 26.882528, NA
470.064, 26.882525, NA
470.087, 26.882522, NA
470.111, 26.882519, NA
470.134, 26.882516, NA
470.157, 26.882513, NA
470.180, 26.882510, NA
470.203, 26.882507, NA
470.226, 26.882504, NA
470.250, 26.882501, NA
470.273, 26.882498, NA
470.296, 26.882495, NA
470.319, 26.882492, NA
470.342, 26.882489, NA
470.365, 26.882486, NA
470.388, 26.882483, NA
470.412, 26.882480, NA
470.435, 26.882477, NA
470.458, 26.882474, NA
470.481, 26.882471, NA
479.510, 26.881364, NA
479.533, 26.881361, NA
479.556, 26.881359, NA
479.579, 26.881356, NA
479.602, 26.881353, NA
479.625, 26.881351, NA
479.649, 26.881348, NA
479.672, 26.881345, NA
479.695, 26.881343, NA
479.718, 26.881340, NA
479.741, 26.881337, NA
479.764, 26.881335, NA
479.787, 26.881332, NA
479.811, 26.881329, NA
479.834, 26.881327, NA
479.857, 26.881324, NA
479.880, 26.881321, NA
479.903, 26.881319, NA
479.926, 26.881316, NA
479.949, 26.881313, NA
479.973, 26.881311, NA
479.996, 26.881308, NA
480.019, 26.881306, NA
480.042, 26.881303, NA
480.065, 26.881300, NA
480.088, 26.881298, NA
480.112, 26.881295, NA
480.135, 26.881292, NA
480.158, 26.881290, NA
480.181, 26.881287, NA
480.204, 26.881284, NA
480.227, 26.881282, NA
480.250, 26.881279, NA
480.274, 26.881277, NA
480.297, 26.881274, NA
480.320, 26.881271, NA
480.343, 26.881269, NA
480.366, 26.881266, NA
480.389, 26.881263, NA
480.412, 26.881261, NA
480.436, 26.881258, NA
480.459, 26.881255, NA
480.482, 26.881253, NA
489.510, 26.880292, NA
489.534, 26.880289, NA
489.557, 26.880287, NA
489.580, 26.880285, NA
489.603, 26.880282, NA
489.626, 26.880280, NA
489.649, 26.880278, NA
489.673, 26.880275, NA
489.696, 26.880273, NA
489.719, 26.880271, NA
489.742, 26.880269, NA
489.765, 26.880266, NA
489.788, 26.880264, NA
489.811, 26.880262, NA
489.835, 26.880259, NA
489.858, 26.880257, NA
489.881, 26.880255, NA
489.904, 26.880252, NA
489.927, 26.880250, NA
489.950, 26.880248, NA
489.973, 26.880246, NA
489.997, 26.880243, NA
490.020, 26.880241, NA
490.043, 26.880239, NA
490.066, 26.880236, NA
490.089, 26.880234, NA
490.112, 26.880232, NA
490.136, 26.880229, NA
490.159, 26.880227, NA
490.182, 26.880225, NA
490.205, 26.880223, NA
490.228, 26.880220, NA
490.251, 26.880218, NA
490.274, 26.880216, NA
490.298, 26.880213, NA
490.321, 26.880211, NA
490.344, 26.880209, NA
490.367, 26.880207, NA
490.390, 26.880204, NA
490.413, 26.880202, NA
490.436, 26.880200, NA
490.460, 26.880197, NA
490.483, 26.880195, NA
499.511, 26.879360, NA
499.535, 26.879358, NA
499.558, 26.879356, NA
499.581, 26.879354, NA
499.604, 26.879352, NA
499.627, 26.879350, NA
499.650, 26.879348, NA
499.673, 26.879346, NA
499.697, 26.879344, NA
499.720, 26.879342, NA
499.743, 26.879340, NA
499.766, 26.879338, NA
499.789, 26.879336, NA
499.812, 26.879334, NA
499.835, 26.879332, NA
499.859, 26.879330, NA
499.882, 26.879328, NA
499.905, 26.879326, NA
499.928, 26.879324, NA
499.951, 26.879322, NA
499.974, 26.879320, NA
499.998, 26.879318, NA
500.021, 26.879316, NA
500.044, 26.879314, NA
500.067, 26.879312, NA
500.090, 26.879310, NA
500.113, 26.879308, NA
500.136, 26.879306, NA
500.160, 26.879304, NA
500.183, 26.879302, NA
500.206, 26.879300, NA
500.229, 26.879298, NA
500.252, 26.879296, NA
500.275, 26.879294, NA
500.298, 26.879292, NA
500.322, 26.879290, NA
500.345, 26.879288, NA
500.368, 26.879286, NA
500.391, 26.879284, NA
500.414, 26.879282, NA
500.437, 26.879280, NA
500.461, 26.879278, NA
500.484, 26.879276, NA
509.512, 26.878551, NA
509.535, 26.878549, NA
509.559, 26.878548, NA
509.582, 26.878546, NA
509.605, 26.878544, NA
509.628, 26.878542, NA
509.651, 26.878541, NA
509.674, 26.878539, NA
509.697, 26.878537, NA
509.721, 26.878535, NA
509.744, 26.878534, NA
509.767, 26.878532, NA
509.790, 26.878530, NA
509.813, 26.878528, NA
509.836, 26.878527, NA
509.859, 26.878525, NA
509.883, 26.878523, NA
509.906, 26.878522, NA
509.929, 26.878520, NA
509.952, 26.878518, NA
509.975, 26.878516, NA
509.998, 26.878515, NA
510.022, 26.878513, NA
510.045, 26.878511, NA
510.068, 26.878509, NA
510.091, 26.878508, NA
510.114, 26.878506, NA
510.137, 26.878504, NA
510.160, 26.878502, NA
510.184, 26.878501, NA
510.207, 26.878499, NA
510.230, 26.878497, NA
510.253, 26.878496, NA
510.276, 26.878494, NA
510.299, 26.878492, NA
510.322, 26.878490, NA
510.346, 26.878489, NA
510.369, 26.878487, NA
510.392, 26.878485, NA
510.415, 26.878483, NA
510.438, 26.878482, NA
510.461, 26.878480, NA
510.485, 26.878478, NA
519.513, 26.877848, NA
519.536, 26.877847, NA
519.559, 26.877845, NA
519.583, 26.877844, NA
519.606, 26.877842, NA
519.629, 26.877841, NA
519.652, 26.877839, NA
519.675, 26.877837, NA
519.698, 26.877836, NA
519.721, 26.877834, NA
519.745, 26.877833, NA
519.768, 26.877831, NA
519.791, 26.877830, NA
519.814, 26.877828, NA
519.837, 26.877827, NA
519.860, 26.877825, NA
519.884, 26.877824, NA
519.907, 26.877822, NA
519.930, 26.877821, NA
519.953, 26.877819, NA
519.976, 26.877818, NA
519.999, 26.877816, NA
520.022, 26.877815, NA
520.046, 26.877813, NA
520.069, 26.877812, NA
520.092, 26.877810, NA
520.115, 26.877809, NA
520.138, 26.877807, NA
520.161, 26.877806, NA
520.184, 26.877804, NA
520.208, 26.877803, NA
520.231, 26.877801, NA
520.254, 26.877800, NA
520.277, 26.877798, NA
520.300, 26.877797, NA
520.323, 26.877795, NA
520.347, 26.877794, NA
520.370, 26.877792, NA
520.393, 26.877791, NA
520.416, 26.877789, NA
520.439, 26.877788, NA
520.462, 26.877786, NA
520.485, 26.877785, NA
529.514, 26.877237, NA
529.537, 26.877236, NA
529.560, 26.877235, NA
529.583, 26.877233, NA
529.607, 26.877232, NA
529.630, 26.877231, NA
529.653, 26.877229, NA
529.676, 26.877228, NA
529.699, 26.877227, NA
529.722, 26.877225, NA
529.745, 26.877224, NA
529.769, 26.877223, NA
529.792, 26.877221, NA
529.815, 26.877220, NA
529.838, 26.877219, NA
529.861, 26.877217, NA
529.884, 26.877216, NA
529.908, 26.877215, NA
529.931, 26.877214, NA
529.954, 26.877212, NA
529.977, 26.877211, NA
530.000, 26.877210, NA
530.023, 26.877208, NA
530.046, 26.877207, NA
530.070, 26.877206, NA
530.093, 26.877204, NA
530.116, 26.877203, NA
530.139, 26.877202, NA
530.162, 26.877200, NA
530.185, 26.877199, NA
530.208, 26.877198, NA
530.232, 26.877197, NA
530.255, 26.877195, NA
530.278, 26.877194, NA
530.301, 26.877193, NA
530.324, 26.877191, NA
530.347, 26.877190, NA
530.371, 26.877189, NA
530.394, 26.877187, NA
530.417, 26.877186, NA
530.440, 26.877185, NA
530.463, 26.877184, NA
530.486, 26.877182, NA
539.515, 26.876706, NA
539.538, 26.876705, NA
539.561, 26.876704, NA
539.584, 26.876703, NA
539.607, 26.876702, NA
539.631, 26.876701, NA
539.654, 26.876699, NA
539.677, 26.876698, NA
539.700, 26.876697, NA
539.723, 26.876696, NA
539.746, 26.876695, NA
539.770, 26.876694, NA
539.793, 26.876693, NA
539.816, 26.876691, NA
539.839, 26.876690, NA
539.862, 26.876689, NA
539.885, 26.876688, NA
539.908, 26.876687, NA
539.932, 26.876686, NA
539.955, 26.876685, NA
539.978, 26.876683, NA
540.001, 26.876682, NA
540.024, 26.876681, NA
540.047, 26.876680, NA
540.070, 26.876679, NA
540.094, 26.876678, NA
540.117, 26.876677, NA
540.140, 26.876675, NA
540.163, 26.876674, NA
540.186, 26.876673, NA
540.209, 26.876672, NA
540.233, 26.876671, NA
540.256, 26.876670, NA
540.279, 26.876669, NA
540.302, 26.876668, NA
540.325, 26.876666, NA
540.348, 26.876665, NA
540.371, 26.876664, NA
540.395, 26.876663, NA
540.418, 26.876662, NA
540.441, 26.876661, NA
540.464, 26.876660, NA
540.487, 26.876659, NA
549.516, 26.876245, NA
549.539, 26.876244, NA
549.562, 26.876243, NA
549.585, 26.876242, NA
549.608, 26.876241, NA
549.631, 26.876240, NA
549.655, 26.876239, NA
549.678, 26.876238, NA
549.701, 26.876237, NA
549.724, 26.876236, NA
549.747, 26.876235, NA
549.770, 26.876234, NA
549.794, 26.876233, NA
549.817, 26.876232, NA
549.840, 26.876231, NA
549.863, 26.876230, NA
549.886, 26.876229, NA
549.909, 26.876228, NA
549.932, 26.876227, NA
549.956, 26.876226, NA
549.979, 26.876225, NA
550.002, 26.876224, NA
550.025, 26.876223, NA
550.048, 26.876222, NA
550.071, 26.876221, NA
550.094, 26.876220, NA
550.118, 26.876219, NA
550.141, 26.876218, NA
550.164, 26.876217, NA
550.187, 26.876216, NA
550.210, 26.876215, NA
550.233, 26.876214, NA
550.257, 26.876213, NA
550.280, 26.876212, NA
550.303, 26.876211, NA
550.326, 26.876210, NA
550.349, 26.876209, NA
550.372, 26.876208, NA
550.395, 26.876207, NA
550.419, 26.876206, NA
550.442, 26.876205, NA
550.465, 26.876204, NA
550.488, 26.876203, NA
559.517, 26.875844, NA
559.540, 26.875843, NA
559.563, 26.875842, NA
559.586, 26.875841, NA
559.609, 26.875840, NA
559.632, 26.875839, NA
559.656, 26.875838, NA
559.679, 26.875838, NA
559.702, 26.875837, NA
559.725, 26.875836, NA
559.748, 26.875835, NA
559.771, 26.875834, NA
559.794, 26.875833, NA
559.818, 26.875832, NA
559.841, 26.875832, NA
559.864, 26.875831, NA
559.887, 26.875830, NA
559.910, 26.875829, NA
559.933, 26.875828, NA
559.956, 26.875827, NA
559.980, 26.875826, NA
560.003, 26.875826, NA
560.026, 26.875825, NA
560.049, 26.875824, NA
560.072, 26.875823, NA
560.095, 26.875822, NA
560.119, 26.875821, NA
560.142, 26.875820, NA
560.165, 26.875820, NA
560.188, 26.875819, NA
560.211, 26.875818, NA
560.234, 26.875817, NA
560.257, 26.875816, NA
560.281, 26.875815, NA
560.304, 26.875814, NA
560.327, 26.875814, NA
560.350, 26.875813, NA
560.373, 26.875812, NA
560.396, 26.875811, NA
560.419, 26.875810, NA
560.443, 26.875809, NA
560.466, 26.875808, NA
560.489, 26.875808, NA
569.517, 26.875495, NA
569.541, 26.875494, NA
569.564, 26.875493, NA
569.587, 26.875493, NA
569.610, 26.875492, NA
569.633, 26.875491, NA
569.656, 26.875490, NA
569.680, 26.875490, NA
569.703, 26.875489, NA
569.726, 26.875488, NA
569.749, 26.875487, NA
569.772, 26.875487, NA
569.795, 26.875486, NA
569.818, 26.875485, NA
569.842, 26.875484, NA
569.865, 26.875484, NA
569.888, 26.875483, NA
569.911, 26.875482, NA
569.934, 26.875481, NA
569.957, 26.875481, NA
569.980, 26.875480, NA
570.004, 26.875479, NA
570.027, 26.875478, NA
570.050, 26.875478, NA
570.073, 26.875477, NA
570.096, 26.875476, NA
570.119, 26.875475, NA
570.143, 26.875475, NA
570.166, 26.875474, NA
570.189, 26.875473, NA
570.212, 26.875472, NA
570.235, 26.875472, NA
570.258, 26.875471, NA
570.281, 26.875470, NA
570.305, 26.875470, NA
570.328, 26.875469, NA
570.351, 26.875468, NA
570.374, 26.875467, NA
570.397, 26.875467, NA
570.420, 26.875466, NA
570.443, 26.875465, NA
570.467, 26.875464, NA
570.490, 26.875464, NA
579.518, 26.875192, NA
579.542, 26.875191, NA
579.565, 26.875190, NA
579.588, 26.875190, NA
579.611, 26.875189, NA
579.634, 26.875188, NA
579.657, 26.875188, NA
579.680, 26.875187, NA
579.704, 26.875186, NA
579.727, 26.875186, NA
579.750, 26.875185, NA
579.773, 26.875185, NA
579.796, 26.875184, NA
579.819, 26.875183, NA
579.842, 26.875183, NA
579.866, 26.875182, NA
579.889, 26.875181, NA
579.912, 26.875181, NA
579.935, 26.875180, NA
579.958, 26.875179, NA
579.981, 26.875179, NA
580.005, 26.875178, NA
580.028, 26.875177, NA
580.051, 26.875177, NA
580.074, 26.875176, NA
580.097, 26.875175, NA
580.120, 26.875175, NA
580.143, 26.875174, NA
580.167, 26.875173, NA
580.190, 26.875173, NA
580.213, 26.875172, NA
580.236, 26.875172, NA
580.259, 26.875171, NA
580.282, 26.875170, NA
580.305, 26.875170, NA
580.329, 26.875169, NA
580.352, 26.875168, NA
580.375, 26.875168, NA
580.398, 26.875167, NA
580.421, 26.875166, NA
580.444, 26.875166, NA
580.468, 26.875165, NA
580.491, 26.875164, NA
589.519, 26.874928, NA
589.542, 26.874927, NA
589.566, 26.874927, NA
589.589, 26.874926, NA
589.612, 26.874926, NA
589.635, 26.874925, NA
589.658, 26.874925, NA
589.681, 26.874924, NA
589.704, 26.874924, NA
589.728, 26.874923, NA
589.751, 26.874922, NA
589.774, 26.874922, NA
589.797, 26.874921, NA
589.820, 26.874921, NA
589.843, 26.874920, NA
589.866, 26.874920, NA
589.890, 26.874919, NA
589.913, 26.874918, NA
589.936, 26.874918, NA
589.959, 26.874917, NA
589.982, 26.874917, NA
590.005, 26.874916, NA
590.029, 26.874916, NA
590.052, 26.874915, NA
590.075, 26.874914, NA
590.098, 26.874914, NA
590.121, 26.874913, NA
590.144, 26.874913, NA
590.167, 26.874912, NA
590.191, 26.874912, NA
590.214, 26.874911, NA
590.237, 26.874911, NA
590.260, 26.874910, NA
590.283, 26.874909, NA
590.306, 26.874909, NA
590.329, 26.874908, NA
590.353, 26.874908, NA
590.376, 26.874907, NA
590.399, 26.874907, NA
590.422, 26.874906, NA
590.445, 26.874905, NA
590.468, 26.874905, NA
590.492, 26.874904, NA
599.520, 26.874699, NA
599.543, 26.874698, NA
599.566, 26.874698, NA
599.590, 26.874697, NA
599.613, 26.874697, NA
599.636, 26.874696, NA
599.659, 26.874696, NA
599.682, 26.874695, NA
599.705, 26.874695, NA
599.728, 26.874694, NA
599.752, 26.874694, NA
599.775, 26.874693, NA
599.798, 26.874693, NA
599.821, 26.874692, NA
599.844, 26.874692, NA
599.867, 26.874691, NA
599.891, 26.874691, NA
599.914, 26.874690, NA
599.937, 26.874690, NA
599.960, 26.874689, NA
599.983, 26.874689, NA
600.006, 26.874688, NA
600.029, 26.874688, NA
600.053, 26.874687, NA
600.076, 26.874687, NA
600.099, 26.874686, NA
600.122, 26.874686, NA
600.145, 26.874685, NA
600.168, 26.874685, NA
600.191, 26.874684, NA
600.215, 26.874684, NA
600.238, 26.874683, NA
600.261, 26.874683, NA
600.284, 26.874683, NA
600.307, 26.874682, NA
600.330, 26.874682, NA
600.354, 26.874681, NA
600.377, 26.874681, NA
600.400, 26.874680, NA
600.423, 26.874680, NA
600.446, 26.874679, NA
600.469, 26.874679, NA
600.492, 26.874678, NA
609.521, 26.874499, NA
609.544, 26.874499, NA
609.567, 26.874498, NA
609.590, 26.874498, NA
609.614, 26.874498, NA
609.637, 26.874497, NA
609.660, 26.874497, NA
609.683, 26.874496, NA
609.706, 26.874496, NA
609.729, 26.874495, NA
609.752, 26.874495, NA
609.776, 26.874495, NA
609.799, 26.874494, NA
609.822, 26.874494, NA
609.845, 26.874493, NA
609.868, 26.874493, NA
609.891, 26.874492, NA
609.915, 26.874492, NA
609.938, 26.874492, NA
609.961, 26.874491, NA
609.984, 26.874491, NA
610.007, 26.874490, NA
610.030, 26.874490, NA
610.053, 26.874489, NA
610.077, 26.874489, NA
610.100, 26.874489, NA
610.123, 26.874488, NA
610.146, 26.874488, NA
610.169, 26.874487, NA
610.192, 26.874487, NA
610.215, 26.874486, NA
610.239, 26.874486, NA
610.262, 26.874486, NA
610.285, 26.874485, NA
610.308, 26.874485, NA
610.331, 26.874484, NA
610.354, 26.874484, NA
610.378, 26.874483, NA
610.401, 26.874483, NA
610.424, 26.874483, NA
610.447, 26.874482, NA
610.470, 26.874482, NA
610.493, 26.874481, NA
619.522, 26.874326, NA
619.545, 26.874325, NA
619.568, 26.874325, NA
619.591, 26.874325, NA
619.614, 26.874324, NA
619.638, 26.874324, NA
619.661, 26.874324, NA
619.684, 26.874323, NA
619.707, 26.874323, NA
619.730, 26.874322, NA
619.753, 26.874322, NA
619.777, 26.874322, NA
619.800, 26.874321, NA
619.823, 26.874321, NA
619.846, 26.874321, NA
619.869, 26.874320, NA
619.892, 26.874320, NA
619.915, 26.874320, NA
619.939, 26.874319, NA
619.962, 26.874319, NA
619.985, 26.874318, NA
620.008, 26.874318, NA
620.031, 26.874318, NA
620.054, 26.874317, NA
620.077, 26.874317, NA
620.101, 26.874317, NA
620.124, 26.874316, NA
620.147, 26.874316, NA
620.170, 26.874315, NA
620.193, 26.874315, NA
620.216, 26.874315, NA
620.240, 26.874314, NA
620.263, 26.874314, NA
620.286, 26.874314, NA
620.309, 26.874313, NA
620.332, 26.874313, NA
620.355, 26.874312, NA
620.378, 26.874312, NA
620.402, 26.874312, NA
620.425, 26.874311, NA
620.448, 26.874311, NA
620.471, 26.874311, NA
620.494, 26.874310, NA
629.523, 26.874175, NA
629.546, 26.874175, NA
629.569, 26.874174, NA
629.592, 26.874174, NA
629.615, 26.874174, NA
629.638, 26.874173, NA
629.662, 26.874173, NA
629.685, 26.874173, NA
629.708, 26.874172, NA
629.731, 26.874172, NA
629.754, 26.874172, NA
629.777, 26.874171, NA
629.801, 26.874171, NA
629.824, 26.874171, NA
629.847, 26.874170, NA
629.870, 26.874170, NA
629.893, 26.874170, NA
629.916, 26.874169, NA
629.939, 26.874169, NA
629.963, 26.874169, NA
629.986, 26.874168, NA
630.009, 26.874168, NA
630.032, 26.874168, NA
630.055, 26.874167, NA
630.078, 26.874167, NA
630.102, 26.874167, NA
630.125, 26.874167, NA
630.148, 26.874166, NA
630.171, 26.874166, NA
630.194, 26.874166, NA
630.217, 26.874165, NA
630.240, 26.874165, NA
630.264, 26.874165, NA
630.287, 26.874164, NA
630.310, 26.874164, NA
630.333, 26.874164, NA
630.356, 26.874163, NA
630.379, 26.874163, NA
630.402, 26.874163, NA
630.426, 26.874162, NA
630.449, 26.874162, NA
630.472, 26.874162, NA
630.495, 26.874161, NA
639.500, 26.874044, NA
639.524, 26.874044, NA
639.547, 26.874043, NA
639.570, 26.874043, NA
639.593, 26.874043, NA
639.616, 26.874043, NA
639.639, 26.874042, NA
639.663, 26.874042, NA
639.686, 26.874042, NA
639.709, 26.874041, NA
639.732, 26.874041, NA
639.755, 26.874041, NA
639.778, 26.874041, NA
639.801, 26.874040, NA
639.825, 26.874040, NA
639.848, 26.874040, NA
639.871, 26.874039, NA
639.894, 26.874039, NA
639.917, 26.874039, NA
639.940, 26.874039, NA
639.963, 26.874038, NA
639.987, 26.874038, NA
640.010, 26.874038, NA
640.033, 26.874037, NA
640.056, 26.874037, NA
640.079, 26.874037, NA
640.102, 26.874037, NA
640.126, 26.874036, NA
640.149, 26.874036, NA
640.172, 26.874036, NA
640.195, 26.874035, NA
640.218, 26.874035, NA
640.241, 26.874035, NA
640.264, 26.874035, NA
640.288, 26.874034, NA
640.311, 26.874034, NA
640.334, 26.874034, NA
640.357, 26.874034, NA
640.380, 26.874033, NA
640.403, 26.874033, NA
640.426, 26.874033, NA
640.450, 26.874032, NA
640.473, 26.874032, NA
640.496, 26.874032, NA
649.501, 26.873930, NA
649.524, 26.873929, NA
649.548, 26.873929, NA
649.571, 26.873929, NA
649.594, 26.873929, NA
649.617, 26.873928, NA
649.640, 26.873928, NA
649.663, 26.873928, NA
649.687, 26.873928, NA
649.710, 26.873927, NA
649.733, 26.873927, NA
649.756, 26.873927, NA
649.779, 26.873927, NA
649.802, 26.873926, NA
649.825, 26.873926, NA
649.849, 26.873926, NA
649.872, 26.873926, NA
649.895, 26.873925, NA
649.918, 26.873925, NA
649.941, 26.873925, NA
649.964, 26.873925, NA
649.988, 26.873925, NA
650.011, 26.873924, NA
650.034, 26.873924, NA
650.057, 26.873924, NA
650.080, 26.873924, NA
650.103, 26.873923, NA
650.126, 26.873923, NA
650.150, 26.873923, NA
650.173, 26.873923, NA
650.196, 26.873922, NA
650.219, 26.873922, NA
650.242, 26.873922, NA
650.265, 26.873922, NA
650.288, 26.873921, NA
650.312, 26.873921, NA
650.335, 26.873921, NA
650.358, 26.873921, NA
650.381, 26.873920, NA
650.404, 26.873920, NA
650.427, 26.873920, NA
650.451, 26.873920, NA
650.474, 26.873919, NA
650.497, 26.873919, NA
659.502, 26.873830, NA
659.525, 26.873830, NA
659.549, 26.873830, NA
659.572, 26.873830, NA
659.595, 26.873829, NA
659.618, 26.873829, NA
659.641, 26.873829, NA
659.664, 26.873829, NA
659.687, 26.873829, NA
659.711, 26.873828, NA
659.734, 26.873828, NA
659.757, 26.873828, NA
659.780, 26.873828, NA
659.803, 26.873827, NA
659.826, 26.873827, NA
659.849, 26.873827, NA
659.873, 26.873827, NA
659.896, 26.873827, NA
659.919, 26.873826, NA
659.942, 26.873826, NA
659.965, 26.873826, NA
659.988, 26.873826, NA
660.012, 26.873826, NA
660.035, 26.873825, NA
660.058, 26.873825, NA
660.081, 26.873825, NA
660.104, 26.873825, NA
660.127, 26.873824, NA
660.150, 26.873824, NA
660.174, 26.873824, NA
660.197, 26.873824, NA
660.220, 26.873824, NA
660.243, 26.873823, NA
660.266, 26.873823, NA
660.289, 26.873823, NA
660.312, 26.873823, NA
660.336, 26.873823, NA
660.359, 26.873822, NA
660.382, 26.873822, NA
660.405, 26.873822, NA
660.428, 26.873822, NA
660.451, 26.873821, NA
660.475, 26.873821, NA
660.498, 26.873821, NA
669.503, 26.873744, NA
669.526, 26.873744, NA
669.549, 26.873743, NA
669.573, 26.873743, NA
669.596, 26.873743, NA
669.619, 26.873743, NA
669.642, 26.873743, NA
669.665, 26.873742, NA
669.688, 26.873742, NA
669.711, 26.873742, NA
669.735, 26.873742, NA
669.758, 26.873742, NA
669.781, 26.873741, NA
669.804, 26.873741, NA
669.827, 26.873741, NA
669.850, 26.873741, NA
669.874, 26.873741, NA
669.897, 26.873741, NA
669.920, 26.873740, NA
669.943, 26.873740, NA
669.966, 26.873740, NA
669.989, 26.873740, NA
670.012, 26.873740, NA
670.036, 26.873739, NA
670.059, 26.873739, NA
670.082, 26.873739, NA
670.105, 26.873739, NA
670.128, 26.873739, NA
670.151, 26.873739, NA
670.174, 26.873738, NA
670.198, 26.873738, NA
670.221, 26.873738, NA
670.244, 26.873738, NA
670.267, 26.873738, NA
670.290, 26.873737, NA
670.313, 26.873737, NA
670.337, 26.873737, NA
670.360, 26.873737, NA
670.383, 26.873737, NA
670.406, 26.873736, NA
670.429, 26.873736, NA
670.452, 26.873736, NA
670.475, 26.873736, NA
670.499, 26.873736, NA
679.504, 26.873668, NA
679.527, 26.873668, NA
679.550, 26.873668, NA
679.573, 26.873668, NA
679.597, 26.873668, NA
679.620, 26.873668, NA
679.643, 26.873667, NA
679.666, 26.873667, NA
679.689, 26.873667, NA
679.712, 26.873667, NA
679.735, 26.873667, NA
679.759, 26.873667, NA
679.782, 26.873666, NA
679.805, 26.873666, NA
679.828, 26.873666, NA
679.851, 26.873666, NA
679.874, 26.873666, NA
679.898, 26.873666, NA
679.921, 26.873665, NA
679.944, 26.873665, NA
679.967, 26.873665, NA
679.990, 26.873665, NA
680.013, 26.873665, NA
680.036, 26.873665, NA
680.060, 26.873665, NA
680.083, 26.873664, NA
680.106, 26.873664, NA
680.129, 26.873664, NA
680.152, 26.873664, NA
680.175, 26.873664, NA
680.198, 26.873664, NA
680.222, 26.873663, NA
680.245, 26.873663, NA
680.268, 26.873663, NA
680.291, 26.873663, NA
680.314, 26.873663, NA
680.337, 26.873663, NA
680.361, 26.873662, NA
680.384, 26.873662, NA
680.407, 26.873662, NA
680.430, 26.873662, NA
680.453, 26.873662, NA
680.476, 26.873662, NA
680.499, 26.873661, NA
689.505, 26.873603, NA
689.528, 26.873603, NA
689.551, 26.873603, NA
689.574, 26.873602, NA
689.597, 26.873602, NA
689.621, 26.873602, NA
689.644, 26.873602, NA
689.667, 26.873602, NA
689.690, 26.873602, NA
689.713, 26.873602, NA
689.736, 26.873601, NA
689.760, 26.873601, NA
689.783, 26.873601, NA
689.806, 26.873601, NA
689.829, 26.873601, NA
689.852, 26.873601, NA
689.875, 26.873601, NA
689.898, 26.873600, NA
689.922, 26.873600, NA
689.945, 26.873600, NA
689.968, 26.873600, NA
689.991, 26.873600, NA
690.014, 26.873600, NA
690.037, 26.873600, NA
690.060, 26.873599, NA
690.084, 26.873599, NA
690.107, 26.873599, NA
690.130, 26.873599, NA
690.153, 26.873599, NA
690.176, 26.873599, NA
690.199, 26.873599, NA
690.223, 26.873598, NA
690.246, 26.873598, NA
690.269, 26.873598, NA
690.292, 26.873598, NA
690.315, 26.873598, NA
690.338, 26.873598, NA
690.361, 26.873598, NA
690.385, 26.873598, NA
690.408, 26.873597, NA
690.431, 26.873597, NA
690.454, 26.873597, NA
690.477, 26.873597, NA
699.506, 26.873546, NA
699.529, 26.873546, NA
699.552, 26.873546, NA
699.575, 26.873545, NA
699.598, 26.873545, NA
699.621, 26.873545, NA
699.645, 26.873545, NA
699.668, 26.873545, NA
699.691, 26.873545, NA
699.714, 26.873545, NA
699.737, 26.873545, NA
699.760, 26.873544, NA
699.784, 26.873544, NA
699.807, 26.873544, NA
699.830, 26.873544, NA
699.853, 26.873544, NA
699.876, 26.873544, NA
699.899, 26.873544, NA
699.922, 26.873544, NA
699.946, 26.873543, NA
699.969, 26.873543, NA
699.992, 26.873543, NA
700.015, 26.873543, NA
700.038, 26.873543, NA
700.061, 26.873543, NA
700.084, 26.873543, NA
700.108, 26.873543, NA
700.131, 26.873542, NA
700.154, 26.873542, NA
700.177, 26.873542, NA
700.200, 26.873542, NA
700.223, 26.873542, NA
700.247, 26.873542, NA
700.270, 26.873542, NA
700.293, 26.873542, NA
700.316, 26.873542, NA
700.339, 26.873541, NA
700.362, 26.873541, NA
700.385, 26.873541, NA
700.409, 26.873541, NA
700.432, 26.873541, NA
700.455, 26.873541, NA
700.478, 26.873541, NA
709.507, 26.873513, NA
709.530, 26.873513, NA
709.553, 26.873513, NA
709.576, 26.873513, NA
709.599, 26.873513, NA
709.622, 26.873513, NA
709.646, 26.873513, NA
709.669, 26.873513, NA
709.692, 26.873513, NA
709.715, 26.873513, NA
709.738, 26.873513, NA
709.761, 26.873513, NA
709.784, 26.873513, NA
709.808, 26.873513, NA
709.831, 26.873513, NA
709.854, 26.873513, NA
709.877, 26.873513, NA
709.900, 26.873513, NA
709.923, 26.873513, NA
709.946, 26.873513, NA
709.970, 26.873513, NA
709.993, 26.873513, NA
710.016, 26.873513, NA
710.039, 26.873513, NA
710.062, 26.873513, NA
710.085, 26.873513, NA
710.109, 26.873513, NA
710.132, 26.873513, NA
710.155, 26.873513, NA
710.178, 26.873513, NA
710.201, 26.873513, NA
710.224, 26.873513, NA
710.247, 26.873513, NA
710.271, 26.873513, NA
710.294, 26.873513, NA
710.317, 26.873513, NA
710.340, 26.873513, NA
710.363, 26.873513, NA
710.386, 26.873513, NA
710.409, 26.873513, NA
710.433, 26.873513, NA
710.456, 26.873513, NA
710.479, 26.873513, NA
719.507, 26.873513, NA
719.531, 26.873513, NA
719.554, 26.873513, NA
719.577, 26.873513, NA
719.600, 26.873513, NA
719.623, 26.873513, NA
719.646, 26.873513, NA
719.670, 26.873513, NA
719.693, 26.873513, NA
719.716, 26.873513, NA
719.739, 26.873513, NA
719.762, 26.873513, NA
719.785, 26.873513, NA
719.808, 26.873513, NA
719.832, 26.873513, NA
719.855, 26.873513, NA
719.878, 26.873513, NA
719.901, 26.873513, NA
719.924, 26.873513, NA
719.947, 26.873513, NA
719.970, 26.873513, NA
719.994, 26.873513, NA
720.017, 26.873513, NA
720.040, 26.873513, NA
720.063, 26.873513, NA
720.086, 26.873513, NA
720.109, 26.873513, NA
720.133, 26.873513, NA
720.156, 26.873513, NA
720.179, 26.873513, NA
720.202, 26.873513, NA
720.225, 26.873513, NA
720.248, 26.873513, NA
720.271, 26.873513, NA
720.295, 26.873513, NA
720.318, 26.873513, NA
720.341, 26.873513, NA
720.364, 26.873513, NA
720.387, 26.873513, NA
720.410, 26.873513, NA
720.433, 26.873513, NA
720.457, 26.873513, NA
720.480, 26.873513, NA
729.508, 26.873513, NA
729.532, 26.873513, NA
729.555, 26.873513, NA
729.578, 26.873513, NA
729.601, 26.873513, NA
729.624, 26.873513, NA
729.647, 26.873513, NA
729.670, 26.873513, NA
729.694, 26.873513, NA
729.717, 26.873513, NA
729.740, 26.873513, NA
729.763, 26.873513, NA
729.786, 26.873513, NA
729.809, 26.873513, NA
729.832, 26.873513, NA
729.856, 26.873513, NA
729.879, 26.873513, NA
729.902, 26.873513, NA
729.925, 26.873513, NA
729.948, 26.873513, NA
729.971, 26.873513, NA
729.995, 26.873513, NA
730.018, 26.873513, NA
730.041, 26.873513, NA
730.064, 26.873513, NA
730.087, 26.873513, NA
730.110, 26.873513, NA
730.133, 26.873513, NA
730.157, 26.873513, NA
730.180, 26.873513, NA
730.203, 26.873513, NA
730.226, 26.873513, NA
730.249, 26.873513, NA
730.272, 26.873513, NA
730.295, 26.873513, NA
730.319, 26.873513, NA
730.342, 26.873513, NA
730.365, 26.873513, NA
730.388, 26.873513, NA
730.411, 26.873513, NA
730.434, 26.873513, NA
730.458, 26.873513, NA
730.481, 26.873513, NA
739.509, 26.873513, NA
739.532, 26.873513, NA
739.556, 26.873513, NA
739.579, 26.873513, NA
739.602, 26.873513, NA
739.625, 26.873513, NA
739.648, 26.873513, NA
739.671, 26.873513, NA
739.694, 26.873513, NA
739.718, 26.873513, NA
739.741, 26.873513, NA
739.764, 26.873513, NA
739.787, 26.873513, NA
739.810, 26.873513, NA
739.833, 26.873513, NA
739.856, 26.873513, NA
739.880, 26.873513, NA
739.903, 26.873513, NA
739.926, 26.873513, NA
739.949, 26.873513, NA
739.972, 26.873513, NA
739.995, 26.873513, NA
740.019, 26.873513, NA
740.042, 26.873513, NA
740.065, 26.873513, NA
740.088, 26.873513, NA
740.111, 26.873513, NA
740.134, 26.873513, NA
740.157, 26.873513, NA
740.181, 26.873513, NA
740.204, 26.873513, NA
740.227, 26.873513, NA
740.250, 26.873513, NA
740.273, 26.873513, NA
740.296, 26.873513, NA
740.319, 26.873513, NA
740.343, 26.873513, NA
740.366, 26.873513, NA
740.389, 26.873513, NA
740.412, 26.873513, NA
740.435, 26.873513, NA
740.458, 26.873513, NA
740.482, 26.873513, NA
749.510, 26.873513, NA
749.533, 26.873513, NA
749.556, 26.873513, NA
749.580, 26.873513, NA
749.603, 26.873513, NA
749.626, 26.873513, NA
749.649, 26.873513, NA
749.672, 26.873513, NA
749.695, 26.873513, NA
749.718, 26.873513, NA
749.742, 26.873513, NA
749.765, 26.873513, NA
749.788, 26.873513, NA
749.811, 26.873513, NA
749.834, 26.873513, NA
749.857, 26.873513, NA
749.881, 26.873513, NA
749.904, 26.873513, NA
749.927, 26.873513, NA
749.950, 26.873513, NA
749.973, 26.873513, NA
749.996, 26.873513, NA
750.019, 26.873513, NA
750.043, 26.873513, NA
750.066, 26.873513, NA
750.089, 26.873513, NA
750.112, 26.873513, NA
750.135, 26.873513, NA
750.158, 26.873513, NA
750.181, 26.873513, NA
750.205, 26.873513, NA
750.228, 26.873513, NA
750.251, 26.873513, NA
750.274, 26.873513, NA
750.297, 26.873513, NA
750.320, 26.873513, NA
750.344, 26.873513, NA
750.367, 26.873513, NA
750.390, 26.873513, NA
750.413, 26.873513, NA
750.436, 26.873513, NA
750.459, 26.873513, NA
750.482, 26.873513, NA
759.511, 26.873513, NA
759.534, 26.873513, NA
759.557, 26.873513, NA
759.580, 26.873513, NA
759.604, 26.873513, NA
759.627, 26.873513, NA
759.650, 26.873513, NA
759.673, 26.873513, NA
759.696, 26.873513, NA
759.719, 26.873513, NA
759.742, 26.873513, NA
759.766, 26.873513, NA
759.789, 26.873513, NA
759.812, 26.873513, NA
759.835, 26.873513, NA
759.858, 26.873513, NA
759.881, 26.873513, NA
759.905, 26.873513, NA
759.928, 26.873513, NA
759.951, 26.873513, NA
759.974, 26.873513, NA
759.997, 26.873513, NA
760.020, 26.873513, NA
760.043, 26.873513, NA
760.067, 26.873513, NA
760.090, 26.873513, NA
760.113, 26.873513, NA
760.136, 26.873513, NA
760.159, 26.873513, NA
760.182, 26.873513, NA
760.205, 26.873513, NA
760.229, 26.873513, NA
760.252, 26.873513, NA
760.275, 26.873513, NA
760.298, 26.873513, NA
760.321, 26.873513, NA
760.344, 26.873513, NA
760.368, 26.873513, NA
760.391, 26.873513, NA
760.414, 26.873513, NA
760.437, 26.873513, NA
760.460, 26.873513, NA
760.483, 26.873513, NA
769.512, 26.873513, NA
769.535, 26.873513, NA
769.558, 26.873513, NA
769.581, 26.873513, NA
769.604, 26.873513, NA
769.628, 26.873513, NA
769.651, 26.873513, NA
769.674, 26.873513, NA
769.697, 26.873513, NA
769.720, 26.873513, NA
769.743, 26.873513, NA
769.767, 26.873513, NA
769.790, 26.873513, NA
769.813, 26.873513, NA
769.836, 26.873513, NA
769.859, 26.873513, NA
769.882, 26.873513, NA
769.905, 26.873513, NA
769.929, 26.873513, NA
769.952, 26.873513, NA
769.975, 26.873513, NA
769.998, 26.873513, NA
770.021, 26.873513, NA
770.044, 26.873513, NA
770.067, 26.873513, NA
770.091, 26.873513, NA
770.114, 26.873513, NA
770.137, 26.873513, NA
770.160, 26.873513, NA
770.183, 26.873513, NA
770.206, 26.873513, NA
770.230, 26.873513, NA
770.253, 26.873513, NA
770.276, 26.873513, NA
770.299, 26.873513, NA
770.322, 26.873513, NA
770.345, 26.873513, NA
770.368, 26.873513, NA
770.392, 26.873513, NA
770.415, 26.873513, NA
770.438, 26.873513, NA
770.461, 26.873513, NA
770.484, 26.873513, NA
779.513, 26.873513, NA
779.536, 26.873513, NA
779.559, 26.873513, NA
779.582, 26.873513, NA
779.605, 26.873513, NA
779.628, 26.873513, NA
779.652, 26.873513, NA
779.675, 26.873513, NA
779.698, 26.873513, NA
779.721, 26.873513, NA
779.744, 26.873513, NA
779.767, 26.873513, NA
779.791, 26.873513, NA
779.814, 26.873513, NA
779.837, 26.873513, NA
779.860, 26.873513, NA
779.883, 26.873513, NA
779.906, 26.873513, NA
779.929, 26.873513, NA
779.953, 26.873513, NA
779.976, 26.873513, NA
779.999, 26.873513, NA
780.022, 26.873513, NA
780.045, 26.873513, NA
780.068, 26.873513, NA
780.091, 26.873513, NA
780.115, 26.873513, NA
780.138, 26.873513, NA
780.161, 26.873513, NA
780.184, 26.873513, NA
780.207, 26.873513, NA
780.230, 26.873513, NA
780.254, 26.873513, NA
780.277, 26.873513, NA
780.300, 26.873513, NA
780.323, 26.873513, NA
780.346, 26.873513, NA
780.369, 26.873513, NA
780.392, 26.873513, NA
780.416, 26.873513, NA
780.439, 26.873513, NA
780.462, 26.873513, NA
780.485, 26.873513, NA
789.514, 26.873513, NA
789.537, 26.873513, NA
789.560, 26.873513, NA
789.583, 26.873513, NA
789.606, 26.873513, NA
789.629, 26.873513, NA
789.653, 26.873513, NA
789.676, 26.873513, NA
789.699, 26.873513, NA
789.722, 26.873513, NA
789.745, 26.873513, NA
789.768, 26.873513, NA
789.791, 26.873513, NA
789.815, 26.873513, NA
789.838, 26.873513, NA
789.861, 26.873513, NA
789.884, 26.873513, NA
789.907, 26.873513, NA
789.930, 26.873513, NA
789.953, 26.873513, NA
789.977, 26.873513, NA
790.000, 26.873513, NA
790.023, 26.873513, NA
790.046, 26.873513, NA
790.069, 26.873513, NA
790.092, 26.873513, NA
790.116, 26.873513, NA
790.139, 26.873513, NA
790.162, 26.873513, NA
790.185, 26.873513, NA
790.208, 26.873513, NA
790.231, 26.873513, NA
790.254, 26.873513, NA
790.278, 26.873513, NA
790.301, 26.873513, NA
790.324, 26.873513, NA
790.347, 26.873513, NA
790.370, 26.873513, NA
790.393, 26.873513, NA
790.416, 26.873513, NA
790.440, 26.873513, NA
790.463, 26.873513, NA
790.486, 26.873513, NA
799.514, 26.873513, NA
799.538, 26.873513, NA
799.561, 26.873513, NA
799.584, 26.873513, NA
799.607, 26.873513, NA
799.630, 26.873513, NA
799.653, 26.873513, NA
799.677, 26.873513, NA
799.700, 26.873513, NA
799.723, 26.873513, NA
799.746, 26.873513, NA
799.769, 26.873513, NA
799.792, 26.873513, NA
799.815, 26.873513, NA
799.839, 26.873513, NA
799.862, 26.873513, NA
799.885, 26.873513, NA
799.908, 26.873513, NA
799.931, 26.873513, NA
799.954, 26.873513, NA
799.977, 26.873513, NA
800.001, 26.873513, NA
800.024, 26.873513, NA
800.047, 26.873513, NA
800.070, 26.873513, NA
800.093, 26.873513, NA
800.116, 26.873513, NA
800.140, 26.873513, NA
800.163, 26.873513, NA
800.186, 26.873513, NA
800.209, 26.873513, NA
800.232, 26.873513, NA
800.255, 26.873513, NA
800.278, 26.873513, NA
800.302, 26.873513, NA
800.325, 26.873513, NA
800.348, 26.873513, NA
800.371, 26.873513, NA
800.394, 26.873513, NA
800.417, 26.873513, NA
800.440, 26.873513, NA
800.464, 26.873513, NA
800.487, 26.873513, NA
809.515, 26.873513, NA
809.539, 26.873513, NA
809.562, 26.873513, NA
809.585, 26.873513, NA
809.608, 26.873513, NA
809.631, 26.873513, NA
809.654, 26.873513, NA
809.677, 26.873513, NA
809.701, 26.873513, NA
809.724, 26.873513, NA
809.747, 26.873513, NA
809.770, 26.873513, NA
809.793, 26.873513, NA
809.816, 26.873513, NA
809.839, 26.873513, NA
809.863, 26.873513, NA
809.886, 26.873513, NA
809.909, 26.873513, NA
809.932, 26.873513, NA
809.955, 26.873513, NA
809.978, 26.873513, NA
810.002, 26.873513, NA
810.025, 26.873513, NA
810.048, 26.873513, NA
810.071, 26.873513, NA
810.094, 26.873513, NA
810.117, 26.873513, NA
810.140, 26.873513, NA
810.164, 26.873513, NA
810.187, 26.873513, NA
810.210, 26.873513, NA
810.233, 26.873513, NA
810.256, 26.873513, NA
810.279, 26.873513, NA
810.302, 26.873513, NA
810.326, 26.873513, NA
810.349, 26.873513, NA
810.372, 26.873513, NA
810.395, 26.873513, NA
810.418, 26.873513, NA
810.441, 26.873513, NA
810.465, 26.873513, NA
810.488, 26.873513, NA
819.516, 26.873513, NA
819.539, 26.873513, NA
819.563, 26.873513, NA
819.586, 26.873513, NA
819.609, 26.873513, NA
819.632, 26.873513, NA
819.655, 26.873513, NA
819.678, 26.873513, NA
819.701, 26.873513, NA
819.725, 26.873513, NA
819.748, 26.873513, NA
819.771, 26.873513, NA
819.794, 26.873513, NA
819.817, 26.873513, NA
819.840, 26.873513, NA
819.863, 26.873513, NA
819.887, 26.873513, NA
819.910, 26.873513, NA
819.933, 26.873513, NA
819.956, 26.873513, NA
819.979, 26.873513, NA
820.002, 26.873513, NA
820.026, 26.873513, NA
820.049, 26.873513, NA
820.072, 26.873513, NA
820.095, 26.873513, NA
820.118, 26.873513, NA
820.141, 26.873513, NA
820.164, 26.873513, NA
820.188, 26.873513, NA
820.211, 26.873513, NA
820.234, 26.873513, NA
820.257, 26.873513, NA
820.280, 26.873513, NA
820.303, 26.873513, NA
820.326, 26.873513, NA
820.350, 26.873513, NA
820.373, 26.873513, NA
820.396, 26.873513, NA
820.419, 26.873513, NA
820.442, 26.873513, NA
820.465, 26.873513, NA
820.489, 26.873513, NA
829.517, 26.873513, NA
829.540, 26.873513, NA
829.563, 26.873513, NA
829.587, 26.873513, NA
829.610, 26.873513, NA
829.633, 26.873513, NA
829.656, 26.873513, NA
829.679, 26.873513, NA
829.702, 26.873513, NA
829.725, 26.873513, NA
829.749, 26.873513, NA
829.772, 26.873513, NA
829.795, 26.873513, NA
829.818, 26.873513, NA
829.841, 26.873513, NA
829.864, 26.873513, NA
829.888, 26.873513, NA
829.911, 26.873513, NA
829.934, 26.873513, NA
829.957, 26.873513, NA
829.980, 26.873513, NA
830.003, 26.873513, NA
830.026, 26.873513, NA
830.050, 26.873513, NA
830.073, 26.873513, NA
830.096, 26.873513, NA
830.119, 26.873513, NA
830.142, 26.873513, NA
830.165, 26.873513, NA
830.188, 26.873513, NA
830.212, 26.873513, NA
830.235, 26.873513, NA
830.258, 26.873513, NA
830.281, 26.873513, NA
830.304, 26.873513, NA
830.327, 26.873513, NA
830.351, 26.873513, NA
830.374, 26.873513, NA
830.397, 26.873513, NA
830.420, 26.873513, NA
830.443, 26.873513, NA
830.466, 26.873513, NA
830.489, 26.873513, NA
839.518, 26.873513, NA
839.541, 26.873513, NA
839.564, 26.873513, NA
839.587, 26.873513, NA
839.611, 26.873513, NA
839.634, 26.873513, NA
839.657, 26.873513, NA
839.680, 26.873513, NA
839.703, 26.873513, NA
839.726, 26.873513, NA
839.749, 26.873513, NA
839.773, 26.873513, NA
839.796, 26.873513, NA
839.819, 26.873513, NA
839.842, 26.873513, NA
839.865, 26.873513, NA
839.888, 26.873513, NA
839.912, 26.873513, NA
839.935, 26.873513, NA
839.958, 26.873513, NA
839.981, 26.873513, NA
840.004, 26.873513, NA
840.027, 26.873513, NA
840.050, 26.873513, NA
840.074, 26.873513, NA
840.097, 26.873513, NA
840.120, 26.873513, NA
840.143, 26.873513, NA
840.166, 26.873513, NA
840.189, 26.873513, NA
840.213, 26.873513, NA
840.236, 26.873513, NA
840.259, 26.873513, NA
840.282, 26.873513, NA
840.305, 26.873513, NA
840.328, 26.873513, NA
840.351, 26.873513, NA
840.375, 26.873513, NA
840.398, 26.873513, NA
840.421, 26.873513, NA
840.444, 26.873513, NA
840.467, 26.873513, NA
840.490, 26.873513, NA
849.519, 26.873513, NA
849.542, 26.873513, NA
849.565, 26.873513, NA
849.588, 26.873513, NA
849.611, 26.873513, NA
849.635, 26.873513, NA
849.658, 26.873513, NA
849.681, 26.873513, NA
849.704, 26.873513, NA
849.727, 26.873513, NA
849.750, 26.873513, NA
849.774, 26.873513, NA
849.797, 26.873513, NA
849.820, 26.873513, NA
849.843, 26.873513, NA
849.866, 26.873513, NA
849.889, 26.873513, NA
849.912, 26.873513, NA
849.936, 26.873513, NA
849.959, 26.873513, NA
849.982, 26.873513, NA
850.005, 26.873513, NA
850.028, 26.873513, NA
850.051, 26.873513, NA
850.074, 26.873513, NA
850.098, 26.873513, NA
850.121, 26.873513, NA
850.144, 26.873513, NA
850.167, 26.873513, NA
850.190, 26.873513, NA
850.213, 26.873513, NA
850.237, 26.873513, NA
850.260, 26.873513, NA
850.283, 26.873513, NA
850.306, 26.873513, NA
850.329, 26.873513, NA
850.352, 26.873513, NA
850.375, 26.873513, NA
850.399, 26.873513, NA
850.422, 26.873513, NA
850.445, 26.873513, NA
850.468, 26.873513, NA
850.491, 26.873513, NA
859.520, 26.873513, NA
859.543, 26.873513, NA
859.566, 26.873513, NA
859.589, 26.873513, NA
859.612, 26.873513, NA
859.635, 26.873513, NA
859.659, 26.873513, NA
859.682, 26.873513, NA
859.705, 26.873513, NA
859.728, 26.873513, NA
859.751, 26.873513, NA
859.774, 26.873513, NA
859.798, 26.873513, NA
859.821, 26.873513, NA
859.844, 26.873513, NA
859.867, 26.873513, NA
859.890, 26.873513, NA
859.913, 26.873513, NA
859.936, 26.873513, NA
859.960, 26.873513, NA
859.983, 26.873513, NA
860.006, 26.873513, NA
860.029, 26.873513, NA
860.052, 26.873513, NA
860.075, 26.873513, NA
860.099, 26.873513, NA
860.122, 26.873513, NA
860.145, 26.873513, NA
860.168, 26.873513, NA
860.191, 26.873513, NA
860.214, 26.873513, NA
860.237, 26.873513, NA
860.261, 26.873513, NA
860.284, 26.873513, NA
860.307, 26.873513, NA
860.330, 26.873513, NA
860.353, 26.873513, NA
860.376, 26.873513, NA
860.399, 26.873513, NA
860.423, 26.873513, NA
860.446, 26.873513, NA
860.469, 26.873513, NA
860.492, 26.873513, NA
869.521, 26.873513, NA
869.544, 26.873513, NA
869.567, 26.873513, NA
869.590, 26.873513, NA
869.613, 26.873513, NA
869.636, 26.873513, NA
869.660, 26.873513, NA
869.683, 26.873513, NA
869.706, 26.873513, NA
869.729, 26.873513, NA
869.752, 26.873513, NA
869.775, 26.873513, NA
869.798, 26.873513, NA
869.822, 26.873513, NA
869.845, 26.873513, NA
869.868, 26.873513, NA
869.891, 26.873513, NA
869.914, 26.873513, NA
869.937, 26.873513, NA
869.960, 26.873513, NA
869.984, 26.873513, NA
870.007, 26.873513, NA
870.030, 26.873513, NA
870.053, 26.873513, NA
870.076, 26.873513, NA
870.099, 26.873513, NA
870.123, 26.873513, NA
870.146, 26.873513, NA
870.169, 26.873513, NA
870.192, 26.873513, NA
870.215, 26.873513, NA
870.238, 26.873513, NA
870.261, 26.873513, NA
870.285, 26.873513, NA
870.308, 26.873513, NA
870.331, 26.873513, NA
870.354, 26.873513, NA
870.377, 26.873513, NA
870.400, 26.873513, NA
870.423, 26.873513, NA
870.447, 26.873513, NA
870.470, 26.873513, NA
870.493, 26.873513, NA
879.522, 26.873513, NA
879.545, 26.873513, NA
879.568, 26.873513, NA
879.591, 26.873513, NA
879.614, 26.873513, NA
879.637, 26.873513, NA
879.660, 26.873513, NA
879.684, 26.873513, NA
879.707, 26.873513, NA
879.730, 26.873513, NA
879.753, 26.873513, NA
879.776, 26.873513, NA
879.799, 26.873513, NA
879.822, 26.873513, NA
879.846, 26.873513, NA
879.869, 26.873513, NA
879.892, 26.873513, NA
879.915, 26.873513, NA
879.938, 26.873513, NA
879.961, 26.873513, NA
879.985, 26.873513, NA
880.008, 26.873513, NA
880.031, 26.873513, NA
880.054, 26.873513, NA
880.077, 26.873513, NA
880.100, 26.873513, NA
880.123, 26.873513, NA
880.147, 26.873513, NA
880.170, 26.873513, NA
880.193, 26.873513, NA
880.216, 26.873513, NA
880.239, 26.873513, NA
880.262, 26.873513, NA
880.285, 26.873513, NA
880.309, 26.873513, NA
880.332, 26.873513, NA
880.355, 26.873513, NA
880.378, 26.873513, NA
880.401, 26.873513, NA
880.424, 26.873513, NA
880.448, 26.873513, NA
880.471, 26.873513, NA
880.494, 26.873513, NA
889.522, 26.873513, NA
889.546, 26.873513, NA
889.569, 26.873513, NA
889.592, 26.873513, NA
889.615, 26.873513, NA
889.638, 26.873513, NA
889.661, 26.873513, NA
889.684, 26.873513, NA
889.708, 26.873513, NA
889.731, 26.873513, NA
889.754, 26.873513, NA
889.777, 26.873513, NA
889.800, 26.873513, NA
889.823, 26.873513, NA
889.846, 26.873513, NA
889.870, 26.873513, NA
889.893, 26.873513, NA
889.916, 26.873513, NA
889.939, 26.873513, NA
889.962, 26.873513, NA
889.985, 26.873513, NA
890.009, 26.873513, NA
890.032, 26.873513, NA
890.055, 26.873513, NA
890.078, 26.873513, NA
890.101, 26.873513, NA
890.124, 26.873513, NA
890.147, 26.873513, NA
890.171, 26.873513, NA
890.194, 26.873513, NA
890.217, 26.873513, NA
890.240, 26.873513, NA
890.263, 26.873513, NA
890.286, 26.873513, NA
890.309, 26.873513, NA
890.333, 26.873513, NA
890.356, 26.873513, NA
890.379, 26.873513, NA
890.402, 26.873513, NA
890.425, 26.873513, NA
890.448, 26.873513, NA
890.472, 26.873513, NA
890.495, 26.873513, NA
899.500, 26.873513, NA
899.523, 26.873513, NA
899.546, 26.873513, NA
899.570, 26.873513, NA
899.593, 26.873513, NA
899.616, 26.873513, NA
899.639, 26.873513, NA
899.662, 26.873513, NA
899.685, 26.873513, NA
899.708, 26.873513, NA
899.732, 26.873513, NA
899.755, 26.873513, NA
899.778, 26.873513, NA
899.801, 26.873513, NA
899.824, 26.873513, NA
899.847, 26.873513, NA
899.871, 26.873513, NA
899.894, 26.873513, NA
899.917, 26.873513, NA
899.940, 26.873513, NA
899.963, 26.873513, NA
899.986, 26.873513, NA
900.009, 26.873513, NA
900.033, 26.873513, NA
900.056, 26.873513, NA
900.079, 26.873513, NA
900.102, 26.873513, NA
900.125, 26.873513, NA
900.148, 26.873513, NA
900.171, 26.873513, NA
900.195, 26.873513, NA
900.218, 26.873513, NA
900.241, 26.873513, NA
900.264, 26.873513, NA
900.287, 26.873513, NA
900.310, 26.873513, NA
900.334, 26.873513, NA
900.357, 26.873513, NA
900.380, 26.873513, NA
900.403, 26.873513, NA
900.426, 26.873513, NA
900.449, 26.873513, NA
900.472, 26.873513, NA
900.496, 26.873513, NA
909.501, 26.873513, NA
909.524, 26.873513, NA
909.547, 26.873513, NA
909.570, 26.873513, NA
909.594, 26.873513, NA
909.617, 26.873513, NA
909.640, 26.873513, NA
909.663, 26.873513, NA
909.686, 26.873513, NA
909.709, 26.873513, NA
909.732, 26.873513, NA
909.756, 26.873513, NA
909.779, 26.873513, NA
909.802, 26.873513, NA
909.825, 26.873513, NA
909.848, 26.873513, NA
909.871, 26.873513, NA
909.895, 26.873513, NA
909.918, 26.873513, NA
909.941, 26.873513, NA
909.964, 26.873513, NA
909.987, 26.873513, NA
910.010, 26.873513, NA
910.033, 26.873513, NA
910.057, 26.873513, NA
910.080, 26.873513, NA
910.103, 26.873513, NA
910.126, 26.873513, NA
910.149, 26.873513, NA
910.172, 26.873513, NA
910.195, 26.873513, NA
910.219, 26.873513, NA
910.242, 26.873513, NA
910.265, 26.873513, NA
910.288, 26.873513, NA
910.311, 26.873513, NA
910.334, 26.873513, NA
910.358, 26.873513, NA
910.381, 26.873513, NA
910.404, 26.873513, NA
910.427, 26.873513, NA
910.450, 26.873513, NA
910.473, 26.873513, NA
910.496, 26.873513, NA
919.502, 26.873513, NA
919.525, 26.873513, NA
919.548, 26.873513, NA
919.571, 26.873513, NA
919.594, 26.873513, NA
919.618, 26.873513, NA
919.641, 26.873513, NA
919.664, 26.873513, NA
919.687, 26.873513, NA
919.710, 26.873513, NA
919.733, 26.873513, NA
919.757, 26.873513, NA
919.780, 26.873513, NA
919.803, 26.873513, NA
919.826, 26.873513, NA
919.849, 26.873513, NA
919.872, 26.873513, NA
919.895, 26.873513, NA
919.919, 26.873513, NA
919.942, 26.873513, NA
919.965, 26.873513, NA
919.988, 26.873513, NA
920.011, 26.873513, NA
920.034, 26.873513, NA
920.057, 26.873513, NA
920.081, 26.873513, NA
920.104, 26.873513, NA
920.127, 26.873513, NA
920.150, 26.873513, NA
920.173, 26.873513, NA
920.196, 26.873513, NA
920.220, 26.873513, NA
920.243, 26.873513, NA
920.266, 26.873513, NA
920.289, 26.873513, NA
920.312, 26.873513, NA
920.335, 26.873513, NA
920.358, 26.873513, NA
920.382, 26.873513, NA
920.405, 26.873513, NA
920.428, 26.873513, NA
920.451, 26.873513, NA
920.474, 26.873513, NA
920.497, 26.873513, NA
929.503, 26.873513, NA
929.526, 26.873513, NA
929.549, 26.873513, NA
929.572, 26.873513, NA
929.595, 26.873513, NA
929.618, 26.873513, NA
929.642, 26.873513, NA
929.665, 26.873513, NA
929.688, 26.873513, NA
929.711, 26.873513, NA
929.734, 26.873513, NA
929.757, 26.873513, NA
929.781, 26.873513, NA
929.804, 26.873513, NA
929.827, 26.873513, NA
929.850, 26.873513, NA
929.873, 26.873513, NA
929.896, 26.873513, NA
929.919, 26.873513, NA
929.943, 26.873513, NA
929.966, 26.873513, NA
929.989, 26.873513, NA
930.012, 26.873513, NA
930.035, 26.873513, NA
930.058, 26.873513, NA
930.081, 26.873513, NA
930.105, 26.873513, NA
930.128, 26.873513, NA
930.151, 26.873513, NA
930.174, 26.873513, NA
930.197, 26.873513, NA
930.220, 26.873513, NA
930.244, 26.873513, NA
930.267, 26.873513, NA
930.290, 26.873513, NA
930.313, 26.873513, NA
930.336, 26.873513, NA
930.359, 26.873513, NA
930.382, 26.873513, NA
930.406, 26.873513, NA
930.429, 26.873513, NA
930.452, 26.873513, NA
930.475, 26.873513, NA
930.498, 26.873513, NA
939.504, 26.873513, NA
939.527, 26.873513, NA
939.550, 26.873513, NA
939.573, 26.873513, NA
939.596, 26.873513, NA
939.619, 26.873513, NA
939.643, 26.873513, NA
939.666, 26.873513, NA
939.689, 26.873513, NA
939.712, 26.873513, NA
939.735, 26.873513, NA
939.758, 26.873513, NA
939.781, 26.873513, NA
939.805, 26.873513, NA
939.828, 26.873513, NA
939.851, 26.873513, NA
939.874, 26.873513, NA
939.897, 26.873513, NA
939.920, 26.873513, NA
939.943, 26.873513, NA
939.967, 26.873513, NA
939.990, 26.873513, NA
940.013, 26.873513, NA
940.036, 26.873513, NA
940.059, 26.873513, NA
940.082, 26.873513, NA
940.106, 26.873513, NA
940.129, 26.873513, NA
940.152, 26.873513, NA
940.175, 26.873513, NA
940.198, 26.873513, NA
940.221, 26.873513, NA
940.244, 26.873513, NA
940.268, 26.873513, NA
940.291, 26.873513, NA
940.314, 26.873513, NA
940.337, 26.873513, NA
940.360, 26.873513, NA
940.383, 26.873513, NA
940.406, 26.873513, NA
940.430, 26.873513, NA
940.453, 26.873513, NA
940.476, 26.873513, NA
940.499, 26.873513, NA
949.504, 26.873513, NA
949.528, 26.873513, NA
949.551, 26.873513, NA
949.574, 26.873513, NA
949.597, 26.873513, NA
949.620, 26.873513, NA
949.643, 26.873513, NA
949.667, 26.873513, NA
949.690, 26.873513, NA
949.713, 26.873513, NA
949.736, 26.873513, NA
949.759, 26.873513, NA
949.782, 26.873513, NA
949.805, 26.873513, NA
949.829, 26.873513, NA
949.852, 26.873513, NA
949.875, 26.873513, NA
949.898, 26.873513, NA
949.921, 26.873513, NA
949.944, 26.873513, NA
949.967, 26.873513, NA
949.991, 26.873513, NA
950.014, 26.873513, NA
950.037, 26.873513, NA
950.060, 26.873513, NA
950.083, 26.873513, NA
950.106, 26.873513, NA
950.130, 26.873513, NA
950.153, 26.873513, NA
950.176, 26.873513, NA
950.199, 26.873513, NA
950.222, 26.873513, NA
950.245, 26.873513, NA
950.268, 26.873513, NA
950.292, 26.873513, NA
950.315, 26.873513, NA
950.338, 26.873513, NA
950.361, 26.873513, NA
950.384, 26.873513, NA
950.407, 26.873513, NA
950.430, 26.873513, NA
950.454, 26.873513, NA
950.477, 26.873513, NA
950.500, 26.873513, NA
959.505, 26.873513, NA
959.529, 26.873513, NA
959.552, 26.873513, NA
959.575, 26.873513, NA
959.598, 26.873513, NA
959.621, 26.873513, NA
959.644, 26.873513, NA
959.667, 26.873513, NA
959.691, 26.873513, NA
959.714, 26.873513, NA
959.737, 26.873513, NA
959.760, 26.873513, NA
959.783, 26.873513, NA
959.806, 26.873513, NA
959.829, 26.873513, NA
959.853, 26.873513, NA
959.876, 26.873513, NA
959.899, 26.873513, NA
959.922, 26.873513, NA
959.945, 26.873513, NA
959.968, 26.873513, NA
959.992, 26.873513, NA
960.015, 26.873513, NA
960.038, 26.873513, NA
960.061, 26.873513, NA
960.084, 26.873513, NA
960.107, 26.873513, NA
960.130, 26.873513, NA
960.154, 26.873513, NA
960.177, 26.873513, NA
960.200, 26.873513, NA
960.223, 26.873513, NA
960.246, 26.873513, NA
960.269, 26.873513, NA
960.292, 26.873513, NA
960.316, 26.873513, NA
960.339, 26.873513, NA
960.362, 26.873513, NA
960.385, 26.873513, NA
960.408, 26.873513, NA
960.431, 26.873513, NA
960.455, 26.873513, NA
960.478, 26.873513, NA
969.506, 26.873513, NA
969.529, 26.873513, NA
969.553, 26.873513, NA
969.576, 26.873513, NA
969.599, 26.873513, NA
969.622, 26.873513, NA
969.645, 26.873513, NA
969.668, 26.873513, NA
969.691, 26.873513, NA
969.715, 26.873513, NA
969.738, 26.873513, NA
969.761, 26.873513, NA
969.784, 26.873513, NA
969.807, 26.873513, NA
969.830, 26.873513, NA
969.853, 26.873513, NA
969.877, 26.873513, NA
969.900, 26.873513, NA
969.923, 26.873513, NA
969.946, 26.873513, NA
969.969, 26.873513, NA
969.992, 26.873513, NA
970.016, 26.873513, NA
970.039, 26.873513, NA
970.062, 26.873513, NA
970.085, 26.873513, NA
970.108, 26.873513, NA
970.131, 26.873513, NA
970.154, 26.873513, NA
970.178, 26.873513, NA
970.201, 26.873513, NA
970.224, 26.873513, NA
970.247, 26.873513, NA
970.270, 26.873513, NA
970.293, 26.873513, NA
970.316, 26.873513, NA
970.340, 26.873513, NA
970.363, 26.873513, NA
970.386, 26.873513, NA
970.409, 26.873513, NA
970.432, 26.873513, NA
970.455, 26.873513, NA
970.479, 26.873513, NA
979.507, 26.873513, NA
979.530, 26.873513, NA
979.553, 26.873513, NA
979.577, 26.873513, NA
979.600, 26.873513, NA
979.623, 26.873513, NA
979.646, 26.873513, NA
979.669, 26.873513, NA
979.692, 26.873513, NA
979.715, 26.873513, NA
979.739, 26.873513, NA
979.762, 26.873513, NA
979.785, 26.873513, NA
979.808, 26.873513, NA
979.831, 26.873513, NA
979.854, 26.873513, NA
979.878, 26.873513, NA
979.901, 26.873513, NA
979.924, 26.873513, NA
979.947, 26.873513, NA
979.970, 26.873513, NA
979.993, 26.873513, NA
980.016, 26.873513, NA
980.040, 26.873513, NA
980.063, 26.873513, NA
980.086, 26.873513, NA
980.109, 26.873513, NA
980.132, 26.873513, NA
980.155, 26.873513, NA
980.178, 26.873513, NA
980.202, 26.873513, NA
980.225, 26.873513, NA
980.248, 26.873513, NA
980.271, 26.873513, NA
980.294, 26.873513, NA
980.317, 26.873513, NA
980.341, 26.873513, NA
980.364, 26.873513, NA
980.387, 26.873513, NA
980.410, 26.873513, NA
980.433, 26.873513, NA
980.456, 26.873513, NA
980.479, 26.873513, NA
989.508, 26.873513, NA
989.531, 26.873513, NA
989.554, 26.873513, NA
989.577, 26.873513, NA
989.601, 26.873513, NA
989.624, 26.873513, NA
989.647, 26.873513, NA
989.670, 26.873513, NA
989.693, 26.873513, NA
989.716, 26.873513, NA
989.739, 26.873513, NA
989.763, 26.873513, NA
989.786, 26.873513, NA
989.809, 26.873513, NA
989.832, 26.873513, NA
989.855, 26.873513, NA
989.878, 26.873513, NA
989.902, 26.873513, NA
989.925, 26.873513, NA
989.948, 26.873513, NA
989.971, 26.873513, NA
989.994, 26.873513, NA
990.017, 26.873513, NA
990.040, 26.873513, NA
990.064, 26.873513, NA
990.087, 26.873513, NA
990.110, 26.873513, NA
990.133, 26.873513, NA
990.156, 26.873513, NA
990.179, 26.873513, NA
990.202, 26.873513, NA
990.226, 26.873513, NA
990.249, 26.873513, NA
990.272, 26.873513, NA
990.295, 26.873513, NA
990.318, 26.873513, NA
990.341, 26.873513, NA
990.365, 26.873513, NA
990.388, 26.873513, NA
990.411, 26.873513, NA
990.434, 26.873513, NA
990.457, 26.873513, NA
990.480, 26.873513, NA
999.509, 26.873513, NA
999.532, 26.873513, NA
999.555, 26.873513, NA
999.578, 26.873513, NA
999.601, 26.873513, NA
999.625, 26.873513, NA
999.648, 26.873513, NA
999.671, 26.873513, NA
999.694, 26.873513, NA
999.717, 26.873513, NA
999.740, 26.873513, NA
999.764, 26.873513, NA
999.787, 26.873513, NA
999.810, 26.873513, NA
999.833, 26.873513, NA
999.856, 26.873513, NA
999.879, 26.873513, NA
999.902, 26.873513, NA
999.926, 26.873513, NA
999.949, 26.873513, NA
999.972, 26.873513, NA
999.995, 26.873513, NA
1000.018, 26.873513, NA
1000.041, 26.873513, NA
1000.064, 26.873513, NA
1000.088, 26.873513, NA
1000.111, 26.873513, NA
1000.134, 26.873513, NA
1000.157, 26.873513, NA
1000.180, 26.873513, NA
1000.203, 26.873513, NA
1000.227, 26.873513, NA
1000.250, 26.873513, NA
1000.273, 26.873513, NA
1000.296, 26.873513, NA
1000.319, 26.873513, NA
1000.342, 26.873513, NA
1000.365, 26.873513, NA
1000.389, 26.873513, NA
1000.412, 26.873513, NA
1000.435, 26.873513, NA
1000.458, 26.873513, NA
1000.481, 26.873513, NA
1009.510, 26.873513, NA
1009.533, 26.873513, NA
1009.556, 26.873513, NA
1009.579, 26.873513, NA
1009.602, 26.873513, NA
1009.625, 26.873513, NA
1009.649, 26.873513, NA
1009.672, 26.873513, NA
1009.695, 26.873513, NA
1009.718, 26.873513, NA
1009.741, 26.873513, NA
1009.764, 26.873513, NA
1009.788, 26.873513, NA
1009.811, 26.873513, NA
1009.834, 26.873513, NA
1009.857, 26.873513, NA
1009.880, 26.873513, NA
1009.903, 26.873513, NA
1009.926, 26.873513, NA
1009.950, 26.873513, NA
1009.973, 26.873513, NA
1009.996, 26.873513, NA
1010.019, 26.873513, NA
1010.042, 26.873513, NA
1010.065, 26.873513, NA
1010.088, 26.873513, NA
1010.112, 26.873513, NA
1010.135, 26.873513, NA
1010.158, 26.873513, NA
1010.181, 26.873513, NA
1010.204, 26.873513, NA
1010.227, 26.873513, NA
1010.251, 26.873513, NA
1010.274, 26.873513, NA
1010.297, 26.873513, NA
1010.320, 26.873513, NA
1010.343, 26.873513, NA
1010.366, 26.873513, NA
1010.389, 26.873513, NA
1010.413, 26.873513, NA
1010.436, 26.873513, NA
1010.459, 26.873513, NA
1010.482, 26.873513, NA
1019.511, 26.873513, NA
1019.534, 26.873513, NA
1019.557, 26.873513, NA
1019.580, 26.873513, NA
1019.603, 26.873513, NA
1019.626, 26.873513, NA
1019.650, 26.873513, NA
1019.673, 26.873513, NA
1019.696, 26.873513, NA
1019.719, 26.873513, NA
1019.742, 26.873513, NA
1019.765, 26.873513, NA
1019.788, 26.873513, NA
1019.812, 26.873513, NA
1019.835, 26.873513, NA
1019.858, 26.873513, NA
1019.881, 26.873513, NA
1019.904, 26.873513, NA
1019.927, 26.873513, NA
1019.950, 26.873513, NA
1019.974, 26.873513, NA
1019.997, 26.873513, NA
1020.020, 26.873513, NA
1020.043, 26.873513, NA
1020.066, 26.873513, NA
1020.089, 26.873513, NA
1020.113, 26.873513, NA
1020.136, 26.873513, NA
1020.159, 26.873513, NA
1020.182, 26.873513, NA
1020.205, 26.873513, NA
1020.228, 26.873513, NA
1020.251, 26.873513, NA
1020.275, 26.873513, NA
1020.298, 26.873513, NA
1020.321, 26.873513, NA
1020.344, 26.873513, NA
1020.367, 26.873513, NA
1020.390, 26.873513, NA
1020.413, 26.873513, NA
1020.437, 26.873513, NA
1020.460, 26.873513, NA
1020.483, 26.873513, NA
1029.511, 26.873513, NA
1029.535, 26.873513, NA
1029.558, 26.873513, NA
1029.581, 26.873513, NA
1029.604, 26.873513, NA
1029.627, 26.873513, NA
1029.650, 26.873513, NA
1029.674, 26.873513, NA
1029.697, 26.873513, NA
1029.720, 26.873513, NA
1029.743, 26.873513, NA
1029.766, 26.873513, NA
1029.789, 26.873513, NA
1029.812, 26.873513, NA
1029.836, 26.873513, NA
1029.859, 26.873513, NA
1029.882, 26.873513, NA
1029.905, 26.873513, NA
1029.928, 26.873513, NA
1029.951, 26.873513, NA
1029.974, 26.873513, NA
1029.998, 26.873513, NA
1030.021, 26.873513, NA
1030.044, 26.873513, NA
1030.067, 26.873513, NA
1030.090, 26.873513, NA
1030.113, 26.873513, NA
1030.137, 26.873513, NA
1030.160, 26.873513, NA
1030.183, 26.873513, NA
1030.206, 26.873513, NA
1030.229, 26.873513, NA
1030.252, 26.873513, NA
1030.275, 26.873513, NA
1030.299, 26.873513, NA
1030.322, 26.873513, NA
1030.345, 26.873513, NA
1030.368, 26.873513, NA
1030.391, 26.873513, NA
1030.414, 26.873513, NA
1030.438, 26.873513, NA
1030.461, 26.873513, NA
1030.484, 26.873513, NA
1039.512, 26.873513, NA
1039.536, 26.873513, NA
1039.559, 26.873513, NA
1039.582, 26.873513, NA
1039.605, 26.873513, NA
1039.628, 26.873513, NA
1039.651, 26.873513, NA
1039.674, 26.873513, NA
1039.698, 26.873513, NA
1039.721, 26.873513, NA
1039.744, 26.873513, NA
1039.767, 26.873513, NA
1039.790, 26.873513, NA
1039.813, 26.873513, NA
1039.836, 26.873513, NA
1039.860, 26.873513, NA
1039.883, 26.873513, NA
1039.906, 26.873513, NA
1039.929, 26.873513, NA
1039.952, 26.873513, NA
1039.975, 26.873513, NA
1039.999, 26.873513, NA
1040.022, 26.873513, NA
1040.045, 26.873513, NA
1040.068, 26.873513, NA
1040.091, 26.873513, NA
1040.114, 26.873513, NA
1040.137, 26.873513, NA
1040.161, 26.873513, NA
1040.184, 26.873513, NA
1040.207, 26.873513, NA
1040.230, 26.873513, NA
1040.253, 26.873513, NA
1040.276, 26.873513, NA
1040.299, 26.873513, NA
1040.323, 26.873513, NA
1040.346, 26.873513, NA
1040.369, 26.873513, NA
1040.392, 26.873513, NA
1040.415, 26.873513, NA
1040.438, 26.873513, NA
1040.462, 26.873513, NA
1040.485, 26.873513, NA
1049.513, 26.873513, NA
1049.536, 26.873513, NA
1049.560, 26.873513, NA
1049.583, 26.873513, NA
1049.606, 26.873513, NA
1049.629, 26.873513, NA
1049.652, 26.873513, NA
1049.675, 26.873513, NA
1049.698, 26.873513, NA
1049.722, 26.873513, NA
1049.745, 26.873513, NA
1049.768, 26.873513, NA
1049.791, 26.873513, NA
1049.814, 26.873513, NA
1049.837, 26.873513, NA
1049.860, 26.873513, NA
1049.884, 26.873513, NA
1049.907, 26.873513, NA
1049.930, 26.873513, NA
1049.953, 26.873513, NA
1049.976, 26.873513, NA
1049.999, 26.873513, NA
1050.023, 26.873513, NA
1050.046, 26.873513, NA
1050.069, 26.873513, NA
1050.092, 26.873513, NA
1050.115, 26.873513, NA
1050.138, 26.873513, NA
1050.161, 26.873513, NA
1050.185, 26.873513, NA
1050.208, 26.873513, NA
1050.231, 26.873513, NA
1050.254, 26.873513, NA
1050.277, 26.873513, NA
1050.300, 26.873513, NA
1050.324, 26.873513, NA
1050.347, 26.873513, NA
1050.370, 26.873513, NA
1050.393, 26.873513, NA
1050.416, 26.873513, NA
1050.439, 26.873513, NA
1050.462, 26.873513, NA
1050.486, 26.873513, NA
1059.514, 26.873513, NA
1059.537, 26.873513, NA
1059.560, 26.873513, NA
1059.584, 26.873513, NA
1059.607, 26.873513, NA
1059.630, 26.873513, NA
1059.653, 26.873513, NA
1059.676, 26.873513, NA
1059.699, 26.873513, NA
1059.722, 26.873513, NA
1059.746, 26.873513, NA
1059.769, 26.873513, NA
1059.792, 26.873513, NA
1059.815, 26.873513, NA
1059.838, 26.873513, NA
1059.861, 26.873513, NA
1059.885, 26.873513, NA
1059.908, 26.873513, NA
1059.931, 26.873513, NA
1059.954, 26.873513, NA
1059.977, 26.873513, NA
1060.000, 26.873513, NA
1060.023, 26.873513, NA
1060.047, 26.873513, NA
1060.070, 26.873513, NA
1060.093, 26.873513, NA
1060.116, 26.873513, NA
1060.139, 26.873513, NA
1060.162, 26.873513, NA
1060.185, 26.873513, NA
1060.209, 26.873513, NA
1060.232, 26.873513, NA
1060.255, 26.873513, NA
1060.278, 26.873513, NA
1060.301, 26.873513, NA
1060.324, 26.873513, NA
1060.348, 26.873513, NA
1060.371, 26.873513, NA
1060.394, 26.873513, NA
1060.417, 26.873513, NA
1060.440, 26.873513, NA
1060.463, 26.873513, NA
1060.486, 26.873513, NA
1069.515, 26.873513, NA
1069.538, 26.873513, NA
1069.561, 26.873513, NA
1069.584, 26.873513, NA
1069.608, 26.873513, NA
1069.631, 26.873513, NA
1069.654, 26.873513, NA
1069.677, 26.873513, NA
1069.700, 26.873513, NA
1069.723, 26.873513, NA
1069.746, 26.873513, NA
1069.770, 26.873513, NA
1069.793, 26.873513, NA
1069.816, 26.873513, NA
1069.839, 26.873513, NA
1069.862, 26.873513, NA
1069.885, 26.873513, NA
1069.909, 26.873513, NA
1069.932, 26.873513, NA
1069.955, 26.873513, NA
1069.978, 26.873513, NA
1070.001, 26.873513, NA
1070.024, 26.873513, NA
1070.047, 26.873513, NA
1070.071, 26.873513, NA
1070.094, 26.873513, NA
1070.117, 26.873513, NA
1070.140, 26.873513, NA
1070.163, 26.873513, NA
1070.186, 26.873513, NA
1070.210, 26.873513, NA
1070.233, 26.873513, NA
1070.256, 26.873513, NA
1070.279, 26.873513, NA
1070.302, 26.873513, NA
1070.325, 26.873513, NA
1070.348, 26.873513, NA
1070.372, 26.873513, NA
1070.395, 26.873513, NA
1070.418, 26.873513, NA
1070.441, 26.873513, NA
1070.464, 26.873513, NA
1070.487, 26.873513, NA
1079.516, 26.873513, NA
1079.539, 26.873513, NA
1079.562, 26.873513, NA
1079.585, 26.873513, NA
1079.608, 26.873513, NA
1079.632, 26.873513, NA
1079.655, 26.873513, NA
1079.678, 26.873513, NA
1079.701, 26.873513, NA
1079.724, 26.873513, NA
1079.747, 26.873513, NA
1079.771, 26.873513, NA
1079.794, 26.873513, NA
1079.817, 26.873513, NA
1079.840, 26.873513, NA
1079.863, 26.873513, NA
1079.886, 26.873513, NA
1079.909, 26.873513, NA
1079.933, 26.873513, NA
1079.956, 26.873513, NA
1079.979, 26.873513, NA
1080.002, 26.873513, NA
1080.025, 26.873513, NA
1080.048, 26.873513, NA
1080.071, 26.873513, NA
1080.095, 26.873513, NA
1080.118, 26.873513, NA
1080.141, 26.873513, NA
1080.164, 26.873513, NA
1080.187, 26.873513, NA
1080.210, 26.873513, NA
1080.234, 26.873513, NA
1080.257, 26.873513, NA
1080.280, 26.873513, NA
1080.303, 26.873513, NA
1080.326, 26.873513, NA
1080.349, 26.873513, NA
1080.372, 26.873513, NA
1080.396, 26.873513, NA
1080.419, 26.873513, NA
1080.442, 26.873513, NA
1080.465, 26.873513, NA
1080.488, 26.873513, NA
1089.517, 26.873513, NA
1089.540, 26.873513, NA
1089.563, 26.873513, NA
1089.586, 26.873513, NA
1089.609, 26.873513, NA
1089.633, 26.873513, NA
1089.656, 26.873513, NA
1089.679, 26.873513, NA
1089.702, 26.873513, NA
1089.725, 26.873513, NA
1089.748, 26.873513, NA
1089.771, 26.873513, NA
1089.795, 26.873513, NA
1089.818, 26.873513, NA
1089.841, 26.873513, NA
1089.864, 26.873513, NA
1089.887, 26.873513, NA
1089.910, 26.873513, NA
1089.933, 26.873513, NA
1089.957, 26.873513, NA
1089.980, 26.873513, NA
1090.003, 26.873513, NA
1090.026, 26.873513, NA
1090.049, 26.873513, NA
1090.072, 26.873513, NA
1090.096, 26.873513, NA
1090.119, 26.873513, NA
1090.142, 26.873513, NA
1090.165, 26.873513, NA
1090.188, 26.873513, NA
1090.211, 26.873513, NA
1090.234, 26.873513, NA
1090.258, 26.873513, NA
1090.281, 26.873513, NA
1090.304, 26.873513, NA
1090.327, 26.873513, NA
1090.350, 26.873513, NA
1090.373, 26.873513, NA
1090.396, 26.873513, NA
1090.420, 26.873513, NA
1090.443, 26.873513, NA
1090.466, 26.873513, NA
1090.489, 26.873513, NA
1099.518, 26.873513, NA
1099.541, 26.873513, NA
1099.564, 26.873513, NA
1099.587, 26.873513, NA
1099.610, 26.873513, NA
1099.633, 26.873513, NA
1099.657, 26.873513, NA
1099.680, 26.873513, NA
1099.703, 26.873513, NA
1099.726, 26.873513, NA
1099.749, 26.873513, NA
1099.772, 26.873513, NA
1099.795, 26.873513, NA
1099.819, 26.873513, NA
1099.842, 26.873513, NA
1099.865, 26.873513, NA
1099.888, 26.873513, NA
1099.911, 26.873513, NA
1099.934, 26.873513, NA
1099.957, 26.873513, NA
1099.981, 26.873513, NA
1100.004, 26.873513, NA
1100.027, 26.873513, NA
1100.050, 26.873513, NA
1100.073, 26.873513, NA
1100.096, 26.873513, NA
1100.120, 26.873513, NA
1100.143, 26.873513, NA
1100.166, 26.873513, NA
1100.189, 26.873513, NA
1100.212, 26.873513, NA
1100.235, 26.873513, NA
1100.258, 26.873513, NA
1100.282, 26.873513, NA
1100.305, 26.873513, NA
1100.328, 26.873513, NA
1100.351, 26.873513, NA
1100.374, 26.873513, NA
1100.397, 26.873513, NA
1100.420, 26.873513, NA
1100.444, 26.873513, NA
1100.467, 26.873513, NA
1100.490, 26.873513, NA
1109.519, 26.873513, NA
1109.542, 26.873513, NA
1109.565, 26.873513, NA
1109.588, 26.873513, NA
1109.611, 26.873513, NA
1109.634, 26.873513, NA
1109.657, 26.873513, NA
1109.681, 26.873513, NA
1109.704, 26.873513, NA
1109.727, 26.873513, NA
1109.750, 26.873513, NA
1109.773, 26.873513, NA
1109.796, 26.873513, NA
1109.819, 26.873513, NA
1109.843, 26.873513, NA
1109.866, 26.873513, NA
1109.889, 26.873513, NA
1109.912, 26.873513, NA
1109.935, 26.873513, NA
1109.958, 26.873513, NA
1109.982, 26.873513, NA
1110.005, 26.873513, NA
1110.028, 26.873513, NA
1110.051, 26.873513, NA
1110.074, 26.873513, NA
1110.097, 26.873513, NA
1110.120, 26.873513, NA
1110.144, 26.873513, NA
1110.167, 26.873513, NA
1110.190, 26.873513, NA
1110.213, 26.873513, NA
1110.236, 26.873513, NA
1110.259, 26.873513, NA
1110.282, 26.873513, NA
1110.306, 26.873513, NA
1110.329, 26.873513, NA
1110.352, 26.873513, NA
1110.375, 26.873513, NA
1110.398, 26.873513, NA
1110.421, 26.873513, NA
1110.445, 26.873513, NA
1110.468, 26.873513, NA
1110.491, 26.873513, NA
1119.519, 26.873513, NA
1119.543, 26.873513, NA
1119.566, 26.873513, NA
1119.589, 26.873513, NA
1119.612, 26.873513, NA
1119.635, 26.873513, NA
1119.658, 26.873513, NA
1119.681, 26.873513, NA
1119.705, 26.873513, NA
1119.728, 26.873513, NA
1119.751, 26.873513, NA
1119.774, 26.873513, NA
1119.797, 26.873513, NA
1119.820, 26.873513, NA
1119.843, 26.873513, NA
1119.867, 26.873513, NA
1119.890, 26.873513, NA
1119.913, 26.873513, NA
1119.936, 26.873513, NA
1119.959, 26.873513, NA
1119.982, 26.873513, NA
1120.006, 26.873513, NA
1120.029, 26.873513, NA
1120.052, 26.873513, NA
1120.075, 26.873513, NA
1120.098, 26.873513, NA
1120.121, 26.873513, NA
1120.144, 26.873513, NA
1120.168, 26.873513, NA
1120.191, 26.873513, NA
1120.214, 26.873513, NA
1120.237, 26.873513, NA
1120.260, 26.873513, NA
1120.283, 26.873513, NA
1120.306, 26.873513, NA
1120.330, 26.873513, NA
1120.353, 26.873513, NA
1120.376, 26.873513, NA
1120.399, 26.873513, NA
1120.422, 26.873513, NA
1120.445, 26.873513, NA
1120.469, 26.873513, NA
1120.492, 26.873513, NA
1129.520, 26.873513, NA
1129.543, 26.873513, NA
1129.567, 26.873513, NA
1129.590, 26.873513, NA
1129.613, 26.873513, NA
1129.636, 26.873513, NA
1129.659, 26.873513, NA
1129.682, 26.873513, NA
1129.705, 26.873513, NA
1129.729, 26.873513, NA
1129.752, 26.873513, NA
1129.775, 26.873513, NA
1129.798, 26.873513, NA
1129.821, 26.873513, NA
1129.844, 26.873513, NA
1129.868, 26.873513, NA
1129.891, 26.873513, NA
1129.914, 26.873513, NA
1129.937, 26.873513, NA
1129.960, 26.873513, NA
1129.983, 26.873513, NA
1130.006, 26.873513, NA
1130.030, 26.873513, NA
1130.053, 26.873513, NA
1130.076, 26.873513, NA
1130.099, 26.873513, NA
1130.122, 26.873513, NA
1130.145, 26.873513, NA
1130.168, 26.873513, NA
1130.192, 26.873513, NA
1130.215, 26.873513, NA
1130.238, 26.873513, NA
1130.261, 26.873513, NA
1130.284, 26.873513, NA
1130.307, 26.873513, NA
1130.331, 26.873513, NA
1130.354, 26.873513, NA
1130.377, 26.873513, NA
1130.400, 26.873513, NA
1130.423, 26.873513, NA
1130.446, 26.873513, NA
1130.469, 26.873513, NA
1130.493, 26.873513, NA
1139.521, 26.873513, NA
1139.544, 26.873513, NA
1139.567, 26.873513, NA
1139.591, 26.873513, NA
1139.614, 26.873513, NA
1139.637, 26.873513, NA
1139.660, 26.873513, NA
1139.683, 26.873513, NA
1139.706, 26.873513, NA
1139.729, 26.873513, NA
1139.753, 26.873513, NA
1139.776, 26.873513, NA
1139.799, 26.873513, NA
1139.822, 26.873513, NA
1139.845, 26.873513, NA
1139.868, 26.873513, NA
1139.892, 26.873513, NA
1139.915, 26.873513, NA
1139.938, 26.873513, NA
1139.961, 26.873513, NA
1139.984, 26.873513, NA
1140.007, 26.873513, NA
1140.030, 26.873513, NA
1140.054, 26.873513, NA
1140.077, 26.873513, NA
1140.100, 26.873513, NA
1140.123, 26.873513, NA
1140.146, 26.873513, NA
1140.169, 26.873513, NA
1140.192, 26.873513, NA
1140.216, 26.873513, NA
1140.239, 26.873513, NA
1140.262, 26.873513, NA
1140.285, 26.873513, NA
1140.308, 26.873513, NA
1140.331, 26.873513, NA
1140.355, 26.873513, NA
1140.378, 26.873513, NA
1140.401, 26.873513, NA
1140.424, 26.873513, NA
1140.447, 26.873513, NA
1140.470, 26.873513, NA
1140.493, 26.873513, NA
1149.522, 26.873513, NA
1149.545, 26.873513, NA
1149.568, 26.873513, NA
1149.591, 26.873513, NA
1149.615, 26.873513, NA
1149.638, 26.873513, NA
1149.661, 26.873513, NA
1149.684, 26.873513, NA
1149.707, 26.873513, NA
1149.730, 26.873513, NA
1149.754, 26.873513, NA
1149.777, 26.873513, NA
1149.800, 26.873513, NA
1149.823, 26.873513, NA
1149.846, 26.873513, NA
1149.869, 26.873513, NA
1149.892, 26.873513, NA
1149.916, 26.873513, NA
1149.939, 26.873513, NA
1149.962, 26.873513, NA
1149.985, 26.873513, NA
1150.008, 26.873513, NA
1150.031, 26.873513, NA
1150.054, 26.873513, NA
1150.078, 26.873513, NA
1150.101, 26.873513, NA
1150.124, 26.873513, NA
1150.147, 26.873513, NA
1150.170, 26.873513, NA
1150.193, 26.873513, NA
1150.217, 26.873513, NA
1150.240, 26.873513, NA
1150.263, 26.873513, NA
1150.286, 26.873513, NA
1150.309, 26.873513, NA
1150.332, 26.873513, NA
1150.355, 26.873513, NA
1150.379, 26.873513, NA
1150.402, 26.873513, NA
1150.425, 26.873513, NA
1150.448, 26.873513, NA
1150.471, 26.873513, NA
1150.494, 26.873513, NA
1159.523, 26.873513, NA
1159.546, 26.873513, NA
1159.569, 26.873513, NA
1159.592, 26.873513, NA
1159.615, 26.873513, NA
1159.639, 26.873513, NA
1159.662, 26.873513, NA
1159.685, 26.873513, NA
1159.708, 26.873513, NA
1159.731, 26.873513, NA
1159.754, 26.873513, NA
1159.778, 26.873513, NA
1159.801, 26.873513, NA
1159.824, 26.873513, NA
1159.847, 26.873513, NA
1159.870, 26.873513, NA
1159.893, 26.873513, NA
1159.916, 26.873513, NA
1159.940, 26.873513, NA
1159.963, 26.873513, NA
1159.986, 26.873513, NA
1160.009, 26.873513, NA
1160.032, 26.873513, NA
1160.055, 26.873513, NA
1160.078, 26.873513, NA
1160.102, 26.873513, NA
1160.125, 26.873513, NA
1160.148, 26.873513, NA
1160.171, 26.873513, NA
1160.194, 26.873513, NA
1160.217, 26.873513, NA
1160.241, 26.873513, NA
1160.264, 26.873513, NA
1160.287, 26.873513, NA
1160.310, 26.873513, NA
1160.333, 26.873513, NA
1160.356, 26.873513, NA
1160.379, 26.873513, NA
1160.403, 26.873513, NA
1160.426, 26.873513, NA
1160.449, 26.873513, NA
1160.472, 26.873513, NA
1160.495, 26.873513, NA
1169.501, 26.873513, NA
1169.524, 26.873513, NA
1169.547, 26.873513, NA
1169.570, 26.873513, NA
1169.593, 26.873513, NA
1169.616, 26.873513, NA
1169.640, 26.873513, NA
1169.663, 26.873513, NA
1169.686, 26.873513, NA
1169.709, 26.873513, NA
1169.732, 26.873513, NA
1169.755, 26.873513, NA
1169.778, 26.873513, NA
1169.802, 26.873513, NA
1169.825, 26.873513, NA
1169.848, 26.873513, NA
1169.871, 26.873513, NA
1169.894, 26.873513, NA
1169.917, 26.873513, NA
1169.940, 26.873513, NA
1169.964, 26.873513, NA
1169.987, 26.873513, NA
1170.010, 26.873513, NA
1170.033, 26.873513, NA
1170.056, 26.873513, NA
1170.079, 26.873513, NA
1170.103, 26.873513, NA
1170.126, 26.873513, NA
1170.149, 26.873513, NA
1170.172, 26.873513, NA
1170.195, 26.873513, NA
1170.218, 26.873513, NA
1170.241, 26.873513, NA
1170.265, 26.873513, NA
1170.288, 26.873513, NA
1170.311, 26.873513, NA
1170.334, 26.873513, NA
1170.357, 26.873513, NA
1170.380, 26.873513, NA
1170.403, 26.873513, NA
1170.427, 26.873513, NA
1170.450, 26.873513, NA
1170.473, 26.873513, NA
1170.496, 26.873513, NA
1179.501, 26.873513, NA
1179.525, 26.873513, NA
1179.548, 26.873513, NA
1179.571, 26.873513, NA
1179.594, 26.873513, NA
1179.617, 26.873513, NA
1179.640, 26.873513, NA
1179.664, 26.873513, NA
1179.687, 26.873513, NA
1179.710, 26.873513, NA
1179.733, 26.873513, NA
1179.756, 26.873513, NA
1179.779, 26.873513, NA
1179.802, 26.873513, NA
1179.826, 26.873513, NA
1179.849, 26.873513, NA
1179.872, 26.873513, NA
1179.895, 26.873513, NA
1179.918, 26.873513, NA
1179.941, 26.873513, NA
1179.964, 26.873513, NA
1179.988, 26.873513, NA
1180.011, 26.873513, NA
1180.034, 26.873513, NA
1180.057, 26.873513, NA
1180.080, 26.873513, NA
1180.103, 26.873513, NA
1180.127, 26.873513, NA
1180.150, 26.873513, NA
1180.173, 26.873513, NA
1180.196, 26.873513, NA
1180.219, 26.873513, NA
1180.242, 26.873513, NA
1180.265, 26.873513, NA
1180.289, 26.873513, NA
1180.312, 26.873513, NA
1180.335, 26.873513, NA
1180.358, 26.873513, NA
1180.381, 26.873513, NA
1180.404, 26.873513, NA
1180.427, 26.873513, NA
1180.451, 26.873513, NA
1180.474, 26.873513, NA
1180.497, 26.873513, NA
1189.502, 26.873513, NA
1189.526, 26.873513, NA
1189.549, 26.873513, NA
1189.572, 26.873513, NA
1189.595, 26.873513, NA
1189.618, 26.873513, NA
1189.641, 26.873513, NA
1189.664, 26.873513, NA
1189.688, 26.873513, NA
1189.711, 26.873513, NA
1189.734, 26.873513, NA
1189.757, 26.873513, NA
1189.780, 26.873513, NA
1189.803, 26.873513, NA
1189.826, 26.873513, NA
1189.850, 26.873513, NA
1189.873, 26.873513, NA
1189.896, 26.873513, NA
1189.919, 26.873513, NA
1189.942, 26.873513, NA
1189.965, 26.873513, NA
1189.989, 26.873513, NA
1190.012, 26.873513, NA
1190.035, 26.873513, NA
1190.058, 26.873513, NA
1190.081, 26.873513, NA
1190.104, 26.873513, NA
1190.127, 26.873513, NA
1190.151, 26.873513, NA
1190.174, 26.873513, NA
1190.197, 26.873513, NA
1190.220, 26.873513, NA
1190.243, 26.873513, NA
1190.266, 26.873513, NA
1190.289, 26.873513, NA
1190.313, 26.873513, NA
1190.336, 26.873513, NA
1190.359, 26.873513, NA
1190.382, 26.873513, NA
1190.405, 26.873513, NA
1190.428, 26.873513, NA
1190.452, 26.873513, NA
1190.475, 26.873513, NA
1190.498, 26.873513, NA
1199.503, 26.873513, NA
1199.526, 26.873513, NA
1199.550, 26.873513, NA
1199.573, 26.873513, NA
1199.596, 26.873513, NA
1199.619, 26.873513, NA
1199.642, 26.873513, NA
1199.665, 26.873513, NA
1199.688, 26.873513, NA
1199.712, 26.873513, NA
1199.735, 26.873513, NA
1199.758, 26.873513, NA
1199.781, 26.873513, NA
1199.804, 26.873513, NA
1199.827, 26.873513, NA
1199.850, 26.873513, NA
1199.874, 26.873513, NA
1199.897, 26.873513, NA
1199.920, 26.873513, NA
1199.943, 26.873513, NA
1199.966, 26.873513, NA
1199.989, 26.873513, NA
