"Points:0","Points:1","Points:2","T","coords:0","coords:1","coords:2"
-1.210719347e-08,-0.009138682857,0.002841731301,311.3870544,-1.210719347e-08,-0.009138682857,0.002841731301
-1.210719347e-08,-0.0091161374,0.003400777001,312.3505249,-1.210719347e-08,-0.0091161374,0.003400777001
-1.210719347e-08,-0.008591867052,0.00284237531,312.1517639,-1.210719347e-08,-0.008591867052,0.00284237531
-1.210719347e-08,-0.008591593243,0.003380764974,313.8457947,-1.210719347e-08,-0.008591593243,0.003380764974
-1.210719347e-08,-0.008055670187,0.002840823727,312.3371887,-1.210719347e-08,-0.008055670187,0.002840823727
-1.210719347e-08,-0.0080636153,0.003364409553,314.4376831,-1.210719347e-08,-0.0080636153,0.003364409553
-1.210719347e-08,-0.007530394476,0.002838450251,312.2702637,-1.210719347e-08,-0.007530394476,0.002838450251
-1.210719347e-08,-0.007540847175,0.003352851141,315.163269,-1.210719347e-08,-0.007540847175,0.003352851141
-1.210719347e-08,-0.007015222218,0.002836855827,312.8526611,-1.210719347e-08,-0.007015222218,0.002836855827
-1.210719347e-08,-0.007025077008,0.003346937709,315.6442871,-1.210719347e-08,-0.007025077008,0.003346937709
-1.210719347e-08,-0.006506988779,0.002835741965,313.0209961,-1.210719347e-08,-0.006506988779,0.002835741965
-1.210719347e-08,-0.006514701527,0.00334241963,316.2219849,-1.210719347e-08,-0.006514701527,0.00334241963
-1.210719347e-08,-0.005000930745,0.002834440675,313.2952576,-1.210719347e-08,-0.005000930745,0.002834440675
-1.210719347e-08,-0.005003449973,0.003337931819,316.5789185,-1.210719347e-08,-0.005003449973,0.003337931819
-1.210719347e-08,-0.004500471987,0.002834238578,313.699707,-1.210719347e-08,-0.004500471987,0.002834238578
-1.210719347e-08,-0.004502113909,0.003336933441,316.6735229,-1.210719347e-08,-0.004502113909,0.003336933441
-1.210719347e-08,-0.003510258859,0.002834034152,313.7504578,-1.210719347e-08,-0.003510258859,0.002834034152
-1.210719347e-08,-0.003501022002,0.003336132504,316.5545349,-1.210719347e-08,-0.003501022002,0.003336132504
-1.210719347e-08,-0.003501010826,0.003329008352,315.2277527,-1.210719347e-08,-0.003501010826,0.003329008352
-1.210719347e-08,-0.004000283312,0.002834154293,313.3719788,-1.210719347e-08,-0.004000283312,0.002834154293
-1.210719347e-08,-0.004001516383,0.00333674578,317.0409851,-1.210719347e-08,-0.004001516383,0.00333674578
-1.210719347e-08,-0.002000447595,0.003335755551,316.5285034,-1.210719347e-08,-0.002000447595,0.003335755551
-1.210719347e-08,-0.001875429181,0.002833881183,314.036438,-1.210719347e-08,-0.001875429181,0.002833881183
-1.210719347e-08,-0.00200011651,0.002833889099,313.7869568,-1.210719347e-08,-0.00200011651,0.002833889099
-1.210719347e-08,-0.001949390164,0.00333572505,317.1647644,-1.210719347e-08,-0.001949390164,0.00333572505
-1.210719347e-08,-0.0006397691322,0.003335415386,316.3305054,-1.210719347e-08,-0.0006397691322,0.003335415386
-1.210719347e-08,-0.0004999476951,0.002833826467,313.7946777,-1.210719347e-08,-0.0004999476951,0.002833826467
-1.210719347e-08,-0.0006631811848,0.002833832987,312.807373,-1.210719347e-08,-0.0006631811848,0.002833832987
-1.210719347e-08,-0.0005000267993,0.003335352987,316.8588867,-1.210719347e-08,-0.0005000267993,0.003335352987
-1.210719347e-08,5.281769688e-08,0.002833834616,312.9624329,-1.210719347e-08,5.281769688e-08,0.002833834616
-1.210719347e-08,1.201297835e-07,0.003335526213,316.8600159,-1.210719347e-08,1.201297835e-07,0.003335526213
-1.210719347e-08,0.0005002331454,0.002833822276,313.4258728,-1.210719347e-08,0.0005002331454,0.002833822276
-1.210719347e-08,0.0005002593389,0.003335355548,316.8596802,-1.210719347e-08,0.0005002593389,0.003335355548
-1.210719347e-08,0.003426333191,0.003336098976,316.2780457,-1.210719347e-08,0.003426333191,0.003336098976
-1.210719347e-08,0.003499815706,0.002833999693,313.3937683,-1.210719347e-08,0.003499815706,0.002833999693
-1.210719347e-08,0.003089934122,0.002833982697,313.0316162,-1.210719347e-08,0.003089934122,0.002833982697
-1.210719347e-08,0.003500889987,0.003336099675,316.259552,-1.210719347e-08,0.003500889987,0.003336099675
-1.210719347e-08,0.004000334069,0.002834117739,313.1133118,-1.210719347e-08,0.004000334069,0.002834117739
-1.210719347e-08,0.004001429304,0.003292925889,315.1989136,-1.210719347e-08,0.004001429304,0.003292925889
-1.210719347e-08,0.004112049472,0.002834140789,313.7227173,-1.210719347e-08,0.004112049472,0.002834140789
-1.210719347e-08,0.005428303499,0.002834618557,312.6806335,-1.210719347e-08,0.005428303499,0.002834618557
-1.210719347e-08,0.005502623972,0.002916306257,315.0062866,-1.210719347e-08,0.005502623972,0.002916306257
-1.210719347e-08,0.005502091255,0.002834655344,313.578125,-1.210719347e-08,0.005502091255,0.002834655344
-1.210719347e-08,0.006003761664,0.002835075604,312.5779724,-1.210719347e-08,0.006003761664,0.002835075604
-1.210719347e-08,0.006005007774,0.002955589443,314.890564,-1.210719347e-08,0.006005007774,0.002955589443
-1.210719347e-08,0.006132529117,0.002835222753,313.4353027,-1.210719347e-08,0.006132529117,0.002835222753
-1.210719347e-08,-0.008611405268,0.00445406884,314.6166382,-1.210719347e-08,-0.008611405268,0.00445406884
-1.210719347e-08,-0.009109565988,0.00394380698,313.3628235,-1.210719347e-08,-0.009109565988,0.00394380698
-1.210719347e-08,-0.009109395556,0.004006763455,312.9685364,-1.210719347e-08,-0.009109395556,0.004006763455
-1.210719347e-08,-0.008591393009,0.004453388508,315.5147705,-1.210719347e-08,-0.008591393009,0.004453388508
-1.210719347e-08,-0.00859087985,0.003922372591,314.8358154,-1.210719347e-08,-0.00859087985,0.003922372591
-1.210719347e-08,-0.007050106302,0.004915348254,320.880249,-1.210719347e-08,-0.007050106302,0.004915348254
-1.210719347e-08,-0.007949636318,0.004955011886,318.7518921,-1.210719347e-08,-0.007949636318,0.004955011886
-1.210719347e-08,-0.007034744136,0.003991947044,318.8561401,-1.210719347e-08,-0.007034744136,0.003991947044
-1.210719347e-08,-0.008007269353,0.003961354028,316.163208,-1.210719347e-08,-0.008007269353,0.003961354028
-1.210719347e-08,-0.007545254659,0.003868187545,317.6386719,-1.210719347e-08,-0.007545254659,0.003868187545
-1.210719347e-08,-0.008080608211,0.004440245684,317.7027893,-1.210719347e-08,-0.008080608211,0.004440245684
-1.210719347e-08,-0.006030017976,0.00488805864,322.3762207,-1.210719347e-08,-0.006030017976,0.00488805864
-1.210719347e-08,-0.006015290506,0.003981557675,319.6625061,-1.210719347e-08,-0.006015290506,0.003981557675
-1.210719347e-08,-0.006520846393,0.003856837982,318.4684448,-1.210719347e-08,-0.006520846393,0.003856837982
-1.210719347e-08,-0.005508784205,0.003849997651,318.6361084,-1.210719347e-08,-0.005508784205,0.003849997651
-1.210719347e-08,-0.005548237357,0.003860246856,320.1555176,-1.210719347e-08,-0.005548237357,0.003860246856
-1.210719347e-08,-0.005449301098,0.003864933969,319.241394,-1.210719347e-08,-0.005449301098,0.003864933969
-1.210719347e-08,-0.005018070806,0.004873117432,323.4298096,-1.210719347e-08,-0.005018070806,0.004873117432
-1.210719347e-08,-0.005007145461,0.003975947388,320.6887817,-1.210719347e-08,-0.005007145461,0.003975947388
-1.210719347e-08,-0.00401100656,0.004864515737,324.0002136,-1.210719347e-08,-0.00401100656,0.004864515737
-1.210719347e-08,-0.004003675189,0.003973089624,320.8682861,-1.210719347e-08,-0.004003675189,0.003973089624
-1.210719347e-08,-0.004503982607,0.003846892389,319.2243347,-1.210719347e-08,-0.004503982607,0.003846892389
-1.210719347e-08,-0.0030020657,0.003971511498,320.0585632,-1.210719347e-08,-0.0030020657,0.003971511498
-1.210719347e-08,-0.00300277397,0.004107181448,322.5870056,-1.210719347e-08,-0.00300277397,0.004107181448
-1.210719347e-08,-0.003345199162,0.003884906415,320.4413757,-1.210719347e-08,-0.003345199162,0.003884906415
-1.210719347e-08,-0.003006700892,0.004859421402,324.2937012,-1.210719347e-08,-0.003006700892,0.004859421402
-1.210719347e-08,-0.003502040636,0.003845318919,320.0171204,-1.210719347e-08,-0.003502040636,0.003845318919
-1.210719347e-08,-0.002001142362,0.00397060439,319.6398621,-1.210719347e-08,-0.002001142362,0.00397060439
-1.210719347e-08,-0.002001561457,0.004107418004,322.6825256,-1.210719347e-08,-0.002001561457,0.004107418004
-1.210719347e-08,-0.002501150593,0.003844440216,320.5272827,-1.210719347e-08,-0.002501150593,0.003844440216
-1.210719347e-08,-0.002003856236,0.004856417887,324.1900024,-1.210719347e-08,-0.002003856236,0.004856417887
-1.210719347e-08,-0.001000491902,0.003970131744,320.1522827,-1.210719347e-08,-0.001000491902,0.003970131744
-1.210719347e-08,-0.001500562183,0.003843955696,321.0003357,-1.210719347e-08,-0.001500562183,0.003843955696
-1.210719347e-08,-0.001001145924,0.004426426254,322.7219238,-1.210719347e-08,-0.001001145924,0.004426426254
-1.210719347e-08,-0.001001759898,0.004854830448,324.2507629,-1.210719347e-08,-0.001001759898,0.004854830448
-1.210719347e-08,-0.0007052682922,0.003895567963,319.8728333,-1.210719347e-08,-0.0007052682922,0.003895567963
-1.210719347e-08,1.722843379e-08,0.004854331259,324.8770752,-1.210719347e-08,1.722843379e-08,0.004854331259
-1.210719347e-08,8.919887762e-08,0.003969985992,320.895874,-1.210719347e-08,8.919887762e-08,0.003969985992
-1.210719347e-08,-0.00050012063,0.003843747079,320.5889893,-1.210719347e-08,-0.00050012063,0.003843747079
-1.210719347e-08,0.001001360943,0.004573383834,322.7235718,-1.210719347e-08,0.001001360943,0.004573383834
-1.210719347e-08,0.000760018127,0.003909375984,320.5886536,-1.210719347e-08,0.000760018127,0.003909375984
-1.210719347e-08,0.001000526245,0.003970135003,320.153717,-1.210719347e-08,0.001000526245,0.003970135003
-1.210719347e-08,0.001001750352,0.004854820203,324.5075073,-1.210719347e-08,0.001001750352,0.004854820203
-1.210719347e-08,0.0005002846592,0.003843747778,320.5888977,-1.210719347e-08,0.0005002846592,0.003843747778
-1.210719347e-08,0.002003795933,0.004856392276,324.0900269,-1.210719347e-08,0.002003795933,0.004856392276
-1.210719347e-08,0.002001037821,0.003970583435,320.8573914,-1.210719347e-08,0.002001037821,0.003970583435
-1.210719347e-08,0.001529260771,0.004855647683,324.2355042,-1.210719347e-08,0.001529260771,0.004855647683
-1.210719347e-08,0.00150050025,0.003843952902,320.5731812,-1.210719347e-08,0.00150050025,0.003843952902
-1.210719347e-08,0.003006635699,0.004859367386,324.3292847,-1.210719347e-08,0.003006635699,0.004859367386
-1.210719347e-08,0.003001969773,0.003971476573,321.0189209,-1.210719347e-08,0.003001969773,0.003971476573
-1.210719347e-08,0.002501007402,0.003844413208,319.4689941,-1.210719347e-08,0.002501007402,0.003844413208
-1.210719347e-08,0.004010961391,0.004864421207,324.2778931,-1.210719347e-08,0.004010961391,0.004864421207
-1.210719347e-08,0.004003659822,0.003973033279,321.2315674,-1.210719347e-08,0.004003659822,0.003973033279
-1.210719347e-08,0.003501971019,0.003845277708,319.0337524,-1.210719347e-08,0.003501971019,0.003845277708
-1.210719347e-08,0.005018038675,0.00487292232,323.1750183,-1.210719347e-08,0.005018038675,0.00487292232
-1.210719347e-08,0.005007136147,0.003975809086,320.5595093,-1.210719347e-08,0.005007136147,0.003975809086
-1.210719347e-08,0.004503997508,0.003846810898,319.2236633,-1.210719347e-08,0.004503997508,0.003846810898
-1.210719347e-08,0.006030035671,0.004887678195,322.6195679,-1.210719347e-08,0.006030035671,0.004887678195
-1.210719347e-08,0.006015284453,0.003981226124,319.9626465,-1.210719347e-08,0.006015284453,0.003981226124
-1.210719347e-08,0.005508762319,0.0038498051,318.8847656,-1.210719347e-08,0.005508762319,0.0038498051
-1.210719347e-08,0.007050217129,0.004914518446,321.342804,-1.210719347e-08,0.007050217129,0.004914518446
-1.210719347e-08,0.007034897804,0.003991023172,318.8500061,-1.210719347e-08,0.007034897804,0.003991023172
-1.210719347e-08,0.00652089389,0.003856323194,318.22995,-1.210719347e-08,0.00652089389,0.003856323194
-1.210719347e-08,0.007949829102,0.004953423515,318.8882751,-1.210719347e-08,0.007949829102,0.004953423515
-1.210719347e-08,0.008007901721,0.003958691377,316.1530151,-1.210719347e-08,0.008007901721,0.003958691377
-1.210719347e-08,0.008080963977,0.004437902011,317.379364,-1.210719347e-08,0.008080963977,0.004437902011
-1.210719347e-08,0.007545603905,0.003866593819,317.6293335,-1.210719347e-08,0.007545603905,0.003866593819
-1.210719347e-08,0.009268333204,0.003943966702,312.0570068,-1.210719347e-08,0.009268333204,0.003943966702
-1.210719347e-08,0.009622460231,0.004216303118,312.2247925,-1.210719347e-08,0.009622460231,0.004216303118
-1.210719347e-08,0.009622451849,0.003954858519,312.0838623,-1.210719347e-08,0.009622451849,0.003954858519
-1.210719347e-08,-0.008897000924,0.005490493495,315.2967224,-1.210719347e-08,-0.008897000924,0.005490493495
-1.210719347e-08,-0.009107769467,0.004985823762,314.1025696,-1.210719347e-08,-0.009107769467,0.004985823762
-1.210719347e-08,-0.009107788093,0.005357591435,313.4355164,-1.210719347e-08,-0.009107788093,0.005357591435
-1.210719347e-08,-0.008591841906,0.00548467366,316.3590698,-1.210719347e-08,-0.008591841906,0.00548467366
-1.210719347e-08,-0.008591321297,0.004972415511,316.1182251,-1.210719347e-08,-0.008591321297,0.004972415511
-1.210719347e-08,-0.0070590307,0.005951490253,322.3378601,-1.210719347e-08,-0.0070590307,0.005951490253
-1.210719347e-08,-0.007949313149,0.005980743561,319.7793884,-1.210719347e-08,-0.007949313149,0.005980743561
-1.210719347e-08,-0.008075688034,0.005475390237,318.6606445,-1.210719347e-08,-0.008075688034,0.005475390237
-1.210719347e-08,-0.006041334011,0.005924191326,324.6812134,-1.210719347e-08,-0.006041334011,0.005924191326
-1.210719347e-08,-0.005027484614,0.005903549027,325.9745178,-1.210719347e-08,-0.005027484614,0.005903549027
-1.210719347e-08,-0.004018058069,0.005890486762,326.6931152,-1.210719347e-08,-0.004018058069,0.005890486762
-1.210719347e-08,-0.003011558205,0.005882245023,327.0709534,-1.210719347e-08,-0.003011558205,0.005882245023
-1.210719347e-08,-0.002006866038,0.005877195857,327.2577515,-1.210719347e-08,-0.002006866038,0.005877195857
-1.210719347e-08,-0.001003207406,0.005874463357,327.3410034,-1.210719347e-08,-0.001003207406,0.005874463357
-1.210719347e-08,-1.763213753e-08,0.005873593036,327.3649292,-1.210719347e-08,-1.763213753e-08,0.005873593036
-1.210719347e-08,0.001003155252,0.005874446128,327.5585632,-1.210719347e-08,0.001003155252,0.005874446128
-1.210719347e-08,0.002004405949,0.005064256024,326.199585,-1.210719347e-08,0.002004405949,0.005064256024
-1.210719347e-08,0.002006791299,0.005877157673,327.1351624,-1.210719347e-08,0.002006791299,0.005877157673
-1.210719347e-08,0.003008224536,0.005195340142,326.0217896,-1.210719347e-08,0.003008224536,0.005195340142
-1.210719347e-08,0.003011472523,0.005882175639,327.117981,-1.210719347e-08,0.003011472523,0.005882175639
-1.210719347e-08,0.004016718362,0.005706586409,325.6892395,-1.210719347e-08,0.004016718362,0.005706586409
-1.210719347e-08,0.004017974716,0.005890378729,326.8724365,-1.210719347e-08,0.004017974716,0.005890378729
-1.210719347e-08,0.004242061172,0.005893260706,326.6426697,-1.210719347e-08,0.004242061172,0.005893260706
-1.210719347e-08,0.005027413368,0.005903361831,325.6698608,-1.210719347e-08,0.005027413368,0.005903361831
-1.210719347e-08,0.006041328888,0.00592391612,324.7336121,-1.210719347e-08,0.006041328888,0.00592391612
-1.210719347e-08,0.007059107069,0.005951029249,322.5582275,-1.210719347e-08,0.007059107069,0.005951029249
-1.210719347e-08,0.007863068022,0.005977313966,321.1569214,-1.210719347e-08,0.007863068022,0.005977313966
-1.210719347e-08,0.008075798862,0.005474298261,318.8250427,-1.210719347e-08,0.008075798862,0.005474298261
-1.210719347e-08,0.007965259254,0.005916400813,318.9655151,-1.210719347e-08,0.007965259254,0.005916400813
-1.210719347e-08,0.007949330844,0.00598013401,319.0094604,-1.210719347e-08,0.007949330844,0.00598013401
-1.210719347e-08,0.008308178745,0.005478451494,317.5939026,-1.210719347e-08,0.008308178745,0.005478451494
-1.210719347e-08,0.008591928519,0.005483523011,316.5143433,-1.210719347e-08,0.008591928519,0.005483523011
-1.210719347e-08,0.008591627702,0.005159742199,316.1060791,-1.210719347e-08,0.008591627702,0.005159742199
-1.210719347e-08,0.009622460231,0.005406941287,312.5427551,-1.210719347e-08,0.009622460231,0.005406941287
-1.210719347e-08,0.009107804857,0.005493131001,313.35849,-1.210719347e-08,0.009107804857,0.005493131001
-1.210719347e-08,0.009446330369,0.005496783182,312.5926514,-1.210719347e-08,0.009446330369,0.005496783182
-1.210719347e-08,0.009622439742,0.004992375616,312.4793091,-1.210719347e-08,0.009622439742,0.004992375616
-1.210719347e-08,0.009107816033,0.004984416999,314.2444763,-1.210719347e-08,0.009107816033,0.004984416999
-1.210719347e-08,-0.009107793681,0.006498800591,313.6736145,-1.210719347e-08,-0.009107793681,0.006498800591
-1.210719347e-08,-0.008592129685,0.006494403351,316.8803406,-1.210719347e-08,-0.008592129685,0.006494403351
-1.210719347e-08,-0.009107766673,0.005997159984,314.2764282,-1.210719347e-08,-0.009107766673,0.005997159984
-1.210719347e-08,-0.008591778576,0.005990575999,316.7172241,-1.210719347e-08,-0.008591778576,0.005990575999
-1.210719347e-08,-0.007063294761,0.006971368566,323.2693176,-1.210719347e-08,-0.007063294761,0.006971368566
-1.210719347e-08,-0.007950322703,0.006990551483,320.2783508,-1.210719347e-08,-0.007950322703,0.006990551483
-1.210719347e-08,-0.008076490834,0.006489638239,319.3028564,-1.210719347e-08,-0.008076490834,0.006489638239
-1.210719347e-08,-0.006048549898,0.006951180287,325.8298035,-1.210719347e-08,-0.006048549898,0.006951180287
-1.210719347e-08,-0.005035139155,0.00693194475,327.3329163,-1.210719347e-08,-0.005035139155,0.00693194475
-1.210719347e-08,-0.004024172202,0.00691663241,328.1867065,-1.210719347e-08,-0.004024172202,0.00691663241
-1.210719347e-08,-0.003016014118,0.006906392518,328.6444702,-1.210719347e-08,-0.003016014118,0.006906392518
-1.210719347e-08,-0.002009743592,0.006899875589,328.8747864,-1.210719347e-08,-0.002009743592,0.006899875589
-1.210719347e-08,-0.001004621852,0.006896263454,328.9787903,-1.210719347e-08,-0.001004621852,0.006896263454
-1.210719347e-08,-4.040045454e-08,0.006895100232,329.0086975,-1.210719347e-08,-4.040045454e-08,0.006895100232
-1.210719347e-08,0.001004530466,0.006896242499,328.9805298,-1.210719347e-08,0.001004530466,0.006896242499
-1.210719347e-08,0.00200963486,0.006899832748,328.8789062,-1.210719347e-08,0.00200963486,0.006899832748
-1.210719347e-08,0.003015886294,0.006906319875,328.6524353,-1.210719347e-08,0.003015886294,0.006906319875
-1.210719347e-08,0.004024029244,0.006916533224,328.3619385,-1.210719347e-08,0.004024029244,0.006916533224
-1.210719347e-08,0.005028962623,0.006113839336,326.7055664,-1.210719347e-08,0.005028962623,0.006113839336
-1.210719347e-08,0.005034983158,0.006931801792,327.5080261,-1.210719347e-08,0.005034983158,0.006931801792
-1.210719347e-08,0.00604401622,0.006313523743,325.1588745,-1.210719347e-08,0.00604401622,0.006313523743
-1.210719347e-08,0.006048413459,0.006951014046,326.1615906,-1.210719347e-08,0.006048413459,0.006951014046
-1.210719347e-08,0.007060686126,0.006343343761,322.7872314,-1.210719347e-08,0.007060686126,0.006343343761
-1.210719347e-08,0.007063210942,0.006971194874,323.8725281,-1.210719347e-08,0.007063210942,0.006971194874
-1.210719347e-08,0.007950250991,0.006990465801,320.6524658,-1.210719347e-08,0.007950250991,0.006990465801
-1.210719347e-08,0.00807649456,0.006489308085,319.5464478,-1.210719347e-08,0.00807649456,0.006489308085
-1.210719347e-08,0.008592166007,0.006494030822,316.6714783,-1.210719347e-08,0.008592166007,0.006494030822
-1.210719347e-08,0.00859187264,0.005990013946,316.7123108,-1.210719347e-08,0.00859187264,0.005990013946
-1.210719347e-08,0.009107773192,0.005996817257,314.2784729,-1.210719347e-08,0.009107773192,0.005996817257
-1.210719347e-08,0.009622460231,0.006226635072,312.6829834,-1.210719347e-08,0.009622460231,0.006226635072
-1.210719347e-08,0.009622447193,0.006000342779,312.6411133,-1.210719347e-08,0.009622447193,0.006000342779
-1.210719347e-08,0.009107788093,0.006327603012,314.4102478,-1.210719347e-08,0.009107788093,0.006327603012
-1.210719347e-08,-0.009107821621,0.00749898795,314.2423096,-1.210719347e-08,-0.009107821621,0.00749898795
-1.210719347e-08,-0.008592343889,0.00749731902,317.0601807,-1.210719347e-08,-0.008592343889,0.00749731902
-1.210719347e-08,-0.009107790887,0.006998917088,314.2118225,-1.210719347e-08,-0.009107790887,0.006998917088
-1.210719347e-08,-0.008592072874,0.006995997392,316.9879761,-1.210719347e-08,-0.008592072874,0.006995997392
-1.210719347e-08,-0.007065501995,0.007982464507,323.7259216,-1.210719347e-08,-0.007065501995,0.007982464507
-1.210719347e-08,-0.00795088429,0.007994747721,320.5104065,-1.210719347e-08,-0.00795088429,0.007994747721
-1.210719347e-08,-0.008077007718,0.007494852878,319.6032715,-1.210719347e-08,-0.008077007718,0.007494852878
-1.210719347e-08,-0.006052440964,0.007968273014,326.4075317,-1.210719347e-08,-0.006052440964,0.007968273014
-1.210719347e-08,-0.005040280521,0.007953762077,328.0315247,-1.210719347e-08,-0.005040280521,0.007953762077
-1.210719347e-08,-0.004029185511,0.007940130308,328.9684448,-1.210719347e-08,-0.004029185511,0.007940130308
-1.210719347e-08,-0.003019799711,0.007929201238,329.4784851,-1.210719347e-08,-0.003019799711,0.007929201238
-1.210719347e-08,-0.002012257464,0.007922000252,329.738739,-1.210719347e-08,-0.002012257464,0.007922000252
-1.210719347e-08,-0.001005877624,0.007917920128,329.857605,-1.210719347e-08,-0.001005877624,0.007917920128
-1.210719347e-08,-5.632094258e-08,0.007916592993,329.8918457,-1.210719347e-08,-5.632094258e-08,0.007916592993
-1.210719347e-08,0.001005754573,0.007917898707,329.8588562,-1.210719347e-08,0.001005754573,0.007917898707
-1.210719347e-08,0.00201211567,0.00792195648,329.7416077,-1.210719347e-08,0.00201211567,0.00792195648
-1.210719347e-08,0.003019632306,0.00792913232,329.4837646,-1.210719347e-08,0.003019632306,0.00792913232
-1.210719347e-08,0.004028986208,0.007940051146,328.9770813,-1.210719347e-08,0.004028986208,0.007940051146
-1.210719347e-08,0.00504005095,0.007953683846,328.0441284,-1.210719347e-08,0.00504005095,0.007953683846
-1.210719347e-08,0.006052191369,0.007968200371,326.4244385,-1.210719347e-08,0.006052191369,0.007968200371
-1.210719347e-08,0.007065257058,0.007982417941,323.7795715,-1.210719347e-08,0.007065257058,0.007982417941
-1.210719347e-08,0.007950765081,0.007994776592,320.7721252,-1.210719347e-08,0.007950765081,0.007994776592
-1.210719347e-08,0.008076920174,0.00749494601,319.3060913,-1.210719347e-08,0.008076920174,0.00749494601
-1.210719347e-08,0.008592294529,0.007497689221,317.0579834,-1.210719347e-08,0.008592294529,0.007497689221
-1.210719347e-08,0.008592072874,0.006995988544,316.7923279,-1.210719347e-08,0.008592072874,0.006995988544
-1.210719347e-08,0.009622436948,0.007503416389,312.7487793,-1.210719347e-08,0.009622436948,0.007503416389
-1.210719347e-08,0.009107798338,0.007183588576,313.7338867,-1.210719347e-08,0.009107798338,0.007183588576
-1.210719347e-08,0.00910780672,0.007500440814,314.735321,-1.210719347e-08,0.00910780672,0.007500440814
-1.210719347e-08,0.009622460231,0.007240149193,312.7415161,-1.210719347e-08,0.009622460231,0.007240149193
-1.210719347e-08,-0.00883869268,0.008499452844,315.7884521,-1.210719347e-08,-0.00883869268,0.008499452844
-1.210719347e-08,-0.00910782069,0.007999275811,314.6404114,-1.210719347e-08,-0.00910782069,0.007999275811
-1.210719347e-08,-0.009107830003,0.008098318242,313.7674255,-1.210719347e-08,-0.009107830003,0.008098318242
-1.210719347e-08,-0.008592474274,0.008498731069,316.9885559,-1.210719347e-08,-0.008592474274,0.008498731069
-1.210719347e-08,-0.008592273109,0.007997932844,317.1063843,-1.210719347e-08,-0.008592273109,0.007997932844
-1.210719347e-08,-0.007066668011,0.008988911286,323.937561,-1.210719347e-08,-0.007066668011,0.008988911286
-1.210719347e-08,-0.007951195352,0.008996774442,320.612854,-1.210719347e-08,-0.007951195352,0.008996774442
-1.210719347e-08,-0.008077273145,0.008497149684,319.7376709,-1.210719347e-08,-0.008077273145,0.008497149684
-1.210719347e-08,-0.006054576021,0.008979164995,326.6797791,-1.210719347e-08,-0.006054576021,0.008979164995
-1.210719347e-08,-0.005043227226,0.008968634531,328.3656921,-1.210719347e-08,-0.005043227226,0.008968634531
-1.210719347e-08,-0.004032628611,0.008958371356,329.3475037,-1.210719347e-08,-0.004032628611,0.008958371356
-1.210719347e-08,-0.00302292523,0.008949045092,329.8876953,-1.210719347e-08,-0.00302292523,0.008949045092
-1.210719347e-08,-0.002014370402,0.00894186832,330.1663818,-1.210719347e-08,-0.002014370402,0.00894186832
-1.210719347e-08,-0.001006943057,0.008937721141,330.2948914,-1.210719347e-08,-0.001006943057,0.008937721141
-1.210719347e-08,-6.517206685e-08,0.008936360478,330.3319397,-1.210719347e-08,-6.517206685e-08,0.008936360478
-1.210719347e-08,0.001006800449,0.008937698789,330.2957153,-1.210719347e-08,0.001006800449,0.008937698789
-1.210719347e-08,0.002014206024,0.008941824548,330.1682434,-1.210719347e-08,0.002014206024,0.008941824548
-1.210719347e-08,0.003022737103,0.008948985487,329.8908691,-1.210719347e-08,0.003022737103,0.008948985487
-1.210719347e-08,0.004032406025,0.008958320133,329.3522644,-1.210719347e-08,0.004032406025,0.008958320133
-1.210719347e-08,0.005042965058,0.00896859169,328.3723145,-1.210719347e-08,0.005042965058,0.00896859169
-1.210719347e-08,0.006054279394,0.008979135193,326.6885376,-1.210719347e-08,0.006054279394,0.008979135193
-1.210719347e-08,0.007066362537,0.008988913149,323.9621277,-1.210719347e-08,0.007066362537,0.008988913149
-1.210719347e-08,0.007951010019,0.008996851742,320.8778076,-1.210719347e-08,0.007951010019,0.008996851742
-1.210719347e-08,0.008077149279,0.008497147821,319.4284668,-1.210719347e-08,0.008077149279,0.008497147821
-1.210719347e-08,0.008592374623,0.00849863328,316.9449768,-1.210719347e-08,0.008592374623,0.00849863328
-1.210719347e-08,0.008592178114,0.007997971028,317.3695984,-1.210719347e-08,0.008592178114,0.007997971028
-1.210719347e-08,0.009107790887,0.007999171503,314.4803467,-1.210719347e-08,0.009107790887,0.007999171503
-1.210719347e-08,0.00910781417,0.008499737829,313.9772644,-1.210719347e-08,0.00910781417,0.008499737829
-1.210719347e-08,0.009622424841,0.007998306304,312.7616577,-1.210719347e-08,0.009622424841,0.007998306304
-1.210719347e-08,0.009622393176,0.008500401862,312.769043,-1.210719347e-08,0.009622393176,0.008500401862
-1.210719347e-08,-0.009107885882,0.009499238804,313.9884338,-1.210719347e-08,-0.009107885882,0.009499238804
-1.210719347e-08,-0.008592559956,0.009498937987,317.1696167,-1.210719347e-08,-0.008592559956,0.009498937987
-1.210719347e-08,-0.009107870981,0.008999431506,314.503418,-1.210719347e-08,-0.009107870981,0.008999431506
-1.210719347e-08,-0.008592392318,0.008998689242,317.1570435,-1.210719347e-08,-0.008592392318,0.008998689242
-1.210719347e-08,-0.00706731854,0.009992839769,324.0294189,-1.210719347e-08,-0.00706731854,0.009992839769
-1.210719347e-08,-0.007951331325,0.009997962043,320.6559753,-1.210719347e-08,-0.007951331325,0.009997962043
-1.210719347e-08,-0.008077433333,0.009498148225,319.7944336,-1.210719347e-08,-0.008077433333,0.009498148225
-1.210719347e-08,-0.006055779755,0.009986205027,326.798645,-1.210719347e-08,-0.006055779755,0.009986205027
-1.210719347e-08,-0.005044930615,0.009978745133,328.5128784,-1.210719347e-08,-0.005044930615,0.009978745133
-1.210719347e-08,-0.004034665413,0.009971258231,329.5158691,-1.210719347e-08,-0.004034665413,0.009971258231
-1.210719347e-08,-0.003025092417,0.009964369237,330.0711365,-1.210719347e-08,-0.003025092417,0.009964369237
-1.210719347e-08,-0.002016146667,0.009958531708,330.3597412,-1.210719347e-08,-0.002016146667,0.009958531708
-1.210719347e-08,-0.001007841434,0.009954621084,330.4938354,-1.210719347e-08,-0.001007841434,0.009954621084
-1.210719347e-08,-6.541235109e-08,0.009953331202,330.5325928,-1.210719347e-08,-6.541235109e-08,0.009953331202
-1.210719347e-08,0.001007692656,0.00995459687,330.4943542,-1.210719347e-08,0.001007692656,0.00995459687
-1.210719347e-08,0.002015972743,0.009958480485,330.3608398,-1.210719347e-08,0.002015972743,0.009958480485
-1.210719347e-08,0.003024899168,0.009964313358,330.0728149,-1.210719347e-08,0.003024899168,0.009964313358
-1.210719347e-08,0.004034440499,0.00997120887,329.5183411,-1.210719347e-08,0.004034440499,0.00997120887
-1.210719347e-08,0.005044671241,0.00997870788,328.5162964,-1.210719347e-08,0.005044671241,0.00997870788
-1.210719347e-08,0.006055491045,0.009986191057,326.8031616,-1.210719347e-08,0.006055491045,0.009986191057
-1.210719347e-08,0.007067017257,0.009992856532,324.0401001,-1.210719347e-08,0.007067017257,0.009992856532
-1.210719347e-08,0.007951163687,0.009998005815,320.9222412,-1.210719347e-08,0.007951163687,0.009998005815
-1.210719347e-08,0.008077249862,0.009498259984,319.4797363,-1.210719347e-08,0.008077249862,0.009498259984
-1.210719347e-08,0.008592434227,0.009499164298,316.9771729,-1.210719347e-08,0.008592434227,0.009499164298
-1.210719347e-08,0.008592258207,0.008998846635,317.4270325,-1.210719347e-08,0.008592258207,0.008998846635
-1.210719347e-08,0.009229524061,0.00899973698,312.7746887,-1.210719347e-08,0.009229524061,0.00899973698
-1.210719347e-08,0.009622433223,0.009500150569,312.776947,-1.210719347e-08,0.009622433223,0.009500150569
-1.210719347e-08,0.009622460231,0.009155416861,312.7763672,-1.210719347e-08,0.009622460231,0.009155416861
-1.210719347e-08,0.00910782814,0.008999713697,314.1214905,-1.210719347e-08,0.00910782814,0.008999713697
-1.210719347e-08,0.009107857943,0.009499812499,314.2961121,-1.210719347e-08,0.009107857943,0.009499812499
-1.210719347e-08,-0.008716047741,0.01049950905,315.8200073,-1.210719347e-08,-0.008716047741,0.01049950905
-1.210719347e-08,-0.009107898921,0.009999984875,314.6768188,-1.210719347e-08,-0.009107898921,0.009999984875
-1.210719347e-08,-0.009107921273,0.01040669158,313.7906799,-1.210719347e-08,-0.009107921273,0.01040669158
-1.210719347e-08,-0.00859262608,0.01049941219,317.0304565,-1.210719347e-08,-0.00859262608,0.01049941219
-1.210719347e-08,-0.008592462167,0.00999924913,317.1771545,-1.210719347e-08,-0.008592462167,0.00999924913
-1.210719347e-08,-0.007067728788,0.01099533215,324.0666809,-1.210719347e-08,-0.007067728788,0.01099533215
-1.210719347e-08,-0.007951445878,0.01099866256,320.672821,-1.210719347e-08,-0.007951445878,0.01099866256
-1.210719347e-08,-0.008077492006,0.01049885526,319.8175049,-1.210719347e-08,-0.008077492006,0.01049885526
-1.210719347e-08,-0.006056490354,0.01099083014,326.8457336,-1.210719347e-08,-0.006056490354,0.01099083014
-1.210719347e-08,-0.005045931786,0.01098562032,328.5708618,-1.210719347e-08,-0.005045931786,0.01098562032
-1.210719347e-08,-0.004035875201,0.01098027918,329.5823364,-1.210719347e-08,-0.004035875201,0.01098027918
-1.210719347e-08,-0.003026376944,0.01097531803,330.1437988,-1.210719347e-08,-0.003026376944,0.01097531803
-1.210719347e-08,-0.002017368097,0.01097116061,330.4367981,-1.210719347e-08,-0.002017368097,0.01097116061
-1.210719347e-08,-0.001008632244,0.01096817292,330.5735474,-1.210719347e-08,-0.001008632244,0.01096817292
-1.210719347e-08,-5.629097544e-08,0.01096700691,330.6131592,-1.210719347e-08,-5.629097544e-08,0.01096700691
-1.210719347e-08,0.001008484745,0.01096814219,330.5737915,-1.210719347e-08,0.001008484745,0.01096814219
-1.210719347e-08,0.00201719813,0.01097111218,330.4373169,-1.210719347e-08,0.00201719813,0.01097111218
-1.210719347e-08,0.003026189748,0.01097526401,330.1446533,-1.210719347e-08,0.003026189748,0.01097526401
-1.210719347e-08,0.004035660066,0.01098022889,329.5836182,-1.210719347e-08,0.004035660066,0.01098022889
-1.210719347e-08,0.005045691971,0.01098558214,328.5726929,-1.210719347e-08,0.005045691971,0.01098558214
-1.210719347e-08,0.006056229584,0.0109908171,326.848053,-1.210719347e-08,0.006056229584,0.0109908171
-1.210719347e-08,0.007067457307,0.01099535543,324.0714722,-1.210719347e-08,0.007067457307,0.01099535543
-1.210719347e-08,0.007951272652,0.01099872869,321.2810669,-1.210719347e-08,0.007951272652,0.01099872869
-1.210719347e-08,0.008077342063,0.01049888879,319.5000916,-1.210719347e-08,0.008077342063,0.01049888879
-1.210719347e-08,0.00859245006,0.01049938891,317.1831055,-1.210719347e-08,0.00859245006,0.01049938891
-1.210719347e-08,0.008592303842,0.009999254718,317.4498291,-1.210719347e-08,0.008592303842,0.009999254718
-1.210719347e-08,0.009107824415,0.009999804199,314.5166016,-1.210719347e-08,0.009107824415,0.009999804199
-1.210719347e-08,0.009107816964,0.01049958356,314.0837708,-1.210719347e-08,0.009107816964,0.01049958356
-1.210719347e-08,0.009622448124,0.0100000808,312.7795715,-1.210719347e-08,0.009622448124,0.0100000808
-1.210719347e-08,0.009622442536,0.01049936656,312.7795715,-1.210719347e-08,0.009622442536,0.01049936656
-1.210719347e-08,-0.009107931517,0.01149978582,313.9925537,-1.210719347e-08,-0.009107931517,0.01149978582
-1.210719347e-08,-0.008592692204,0.01149964985,317.1845093,-1.210719347e-08,-0.008592692204,0.01149964985
-1.210719347e-08,-0.009107908234,0.01099930331,314.5154114,-1.210719347e-08,-0.009107908234,0.01099930331
-1.210719347e-08,-0.008592533879,0.01099934336,317.1838074,-1.210719347e-08,-0.008592533879,0.01099934336
-1.210719347e-08,-0.007067971397,0.01199700404,324.0800476,-1.210719347e-08,-0.007067971397,0.01199700404
-1.210719347e-08,-0.00795156043,0.01199931372,320.6779175,-1.210719347e-08,-0.00795156043,0.01199931372
-1.210719347e-08,-0.008077619597,0.01149932295,319.8251648,-1.210719347e-08,-0.008077619597,0.01149932295
-1.210719347e-08,-0.006056909915,0.01199391857,326.861969,-1.210719347e-08,-0.006056909915,0.01199391857
-1.210719347e-08,-0.005046525504,0.01199030224,328.5901489,-1.210719347e-08,-0.005046525504,0.01199030224
-1.210719347e-08,-0.004036591854,0.01198654436,329.6037292,-1.210719347e-08,-0.004036591854,0.01198654436
-1.210719347e-08,-0.003027130384,0.01198303141,330.166748,-1.210719347e-08,-0.003027130384,0.01198303141
-1.210719347e-08,-0.002018050989,0.01198010985,330.460968,-1.210719347e-08,-0.002018050989,0.01198010985
-1.210719347e-08,-0.001009133295,0.01197809167,330.5985718,-1.210719347e-08,-0.001009133295,0.01197809167
-1.210719347e-08,-4.690530275e-08,0.01197727583,330.6384277,-1.210719347e-08,-4.690530275e-08,0.01197727583
-1.210719347e-08,0.001008997438,0.01197806001,330.5986328,-1.210719347e-08,0.001008997438,0.01197806001
-1.210719347e-08,0.002017894993,0.01198005956,330.4611816,-1.210719347e-08,0.002017894993,0.01198005956
-1.210719347e-08,0.003026957856,0.0119829718,330.1671448,-1.210719347e-08,0.003026957856,0.0119829718
-1.210719347e-08,0.004036394879,0.01198648103,329.6043701,-1.210719347e-08,0.004036394879,0.01198648103
-1.210719347e-08,0.005046311766,0.01199023984,328.5911865,-1.210719347e-08,0.005046311766,0.01199023984
-1.210719347e-08,0.006056687795,0.01199387014,326.863678,-1.210719347e-08,0.006056687795,0.01199387014
-1.210719347e-08,0.007067743689,0.01199697517,324.0826111,-1.210719347e-08,0.007067743689,0.01199697517
-1.210719347e-08,0.007951329462,0.01199929789,320.9452515,-1.210719347e-08,0.007951329462,0.01199929789
-1.210719347e-08,0.008077397011,0.01149939839,319.3155823,-1.210719347e-08,0.008077397011,0.01149939839
-1.210719347e-08,0.008592470549,0.01128355134,317.4579773,-1.210719347e-08,0.008592470549,0.01128355134
-1.210719347e-08,0.008278266527,0.01149955206,318.5489197,-1.210719347e-08,0.008278266527,0.01149955206
-1.210719347e-08,0.008592376485,0.01099942531,317.1852112,-1.210719347e-08,0.008592376485,0.01099942531
-1.210719347e-08,-0.00910788402,0.01250078343,314.2957458,-1.210719347e-08,-0.00910788402,0.01250078343
-1.210719347e-08,-0.008592674509,0.0125001464,317.1845398,-1.210719347e-08,-0.008592674509,0.0125001464
-1.210719347e-08,-0.009107896127,0.01200046577,314.1269836,-1.210719347e-08,-0.009107896127,0.01200046577
-1.210719347e-08,-0.008592558093,0.01199995354,317.1844788,-1.210719347e-08,-0.008592558093,0.01199995354
-1.210719347e-08,-0.007068067789,0.01299807522,324.083252,-1.210719347e-08,-0.007068067789,0.01299807522
-1.210719347e-08,-0.007951536216,0.01299960166,320.6784058,-1.210719347e-08,-0.007951536216,0.01299960166
-1.210719347e-08,-0.008077647537,0.01249975897,319.8270264,-1.210719347e-08,-0.008077647537,0.01249975897
-1.210719347e-08,-0.006057134829,0.01299598068,326.865448,-1.210719347e-08,-0.006057134829,0.01299598068
-1.210719347e-08,-0.005046871956,0.01299348939,328.593689,-1.210719347e-08,-0.005046871956,0.01299348939
-1.210719347e-08,-0.004037019797,0.01299087238,329.606842,-1.210719347e-08,-0.004037019797,0.01299087238
-1.210719347e-08,-0.003027576953,0.01298841368,330.1694946,-1.210719347e-08,-0.003027576953,0.01298841368
-1.210719347e-08,-0.002018438419,0.01298637409,330.4635315,-1.210719347e-08,-0.002018438419,0.01298637409
-1.210719347e-08,-0.00100937672,0.012984992,330.6011353,-1.210719347e-08,-0.00100937672,0.012984992
-1.210719347e-08,-3.793888226e-08,0.01298448537,330.6409912,-1.210719347e-08,-3.793888226e-08,0.01298448537
-1.210719347e-08,0.001009258325,0.01298496127,330.6011658,-1.210719347e-08,0.001009258325,0.01298496127
-1.210719347e-08,0.002018302679,0.012986321,330.4636536,-1.210719347e-08,0.002018302679,0.012986321
-1.210719347e-08,0.003027427709,0.0129883429,330.1697388,-1.210719347e-08,0.003027427709,0.0129883429
-1.210719347e-08,0.00403685309,0.01299078669,329.6073303,-1.210719347e-08,0.00403685309,0.01299078669
-1.210719347e-08,0.005046701059,0.01299339067,328.5946655,-1.210719347e-08,0.005046701059,0.01299339067
-1.210719347e-08,0.006056985352,0.01299587917,326.8671265,-1.210719347e-08,0.006056985352,0.01299587917
-1.210719347e-08,0.00706795603,0.01299797557,324.0849304,-1.210719347e-08,0.00706795603,0.01299797557
-1.210719347e-08,0.00795151107,0.01299949642,320.9460449,-1.210719347e-08,0.00795151107,0.01299949642
-1.210719347e-08,0.008077505045,0.01249963325,319.3171692,-1.210719347e-08,0.008077505045,0.01249963325
-1.210719347e-08,0.007971577346,0.01199931744,318.5499878,-1.210719347e-08,0.007971577346,0.01199931744
-1.210719347e-08,0.008220881224,0.01249970309,318.5497437,-1.210719347e-08,0.008220881224,0.01249970309
-1.210719347e-08,-0.009107867256,0.01350014377,313.9908447,-1.210719347e-08,-0.009107867256,0.01350014377
-1.210719347e-08,-0.00859263353,0.01349996496,317.184082,-1.210719347e-08,-0.00859263353,0.01349996496
-1.210719347e-08,-0.009107864462,0.01299995743,314.5133667,-1.210719347e-08,-0.009107864462,0.01299995743
-1.210719347e-08,-0.00859253481,0.01299994532,317.1842651,-1.210719347e-08,-0.00859253481,0.01299994532
-1.210719347e-08,-0.007068080362,0.01399875991,324.0817261,-1.210719347e-08,-0.007068080362,0.01399875991
-1.210719347e-08,-0.007951519452,0.01399974432,320.9431458,-1.210719347e-08,-0.007951519452,0.01399974432
-1.210719347e-08,-0.00807759352,0.01349981688,319.8261414,-1.210719347e-08,-0.00807759352,0.01349981688
-1.210719347e-08,-0.006057251245,0.01399734896,326.8632812,-1.210719347e-08,-0.006057251245,0.01399734896
-1.210719347e-08,-0.005047080573,0.01399564371,328.5908203,-1.210719347e-08,-0.005047080573,0.01399564371
-1.210719347e-08,-0.004037285224,0.0139938388,329.6031799,-1.210719347e-08,-0.004037285224,0.0139938388
-1.210719347e-08,-0.003027851693,0.01399213355,330.1651917,-1.210719347e-08,-0.003027851693,0.01399213355
-1.210719347e-08,-0.002018669387,0.0139907198,330.4588013,-1.210719347e-08,-0.002018669387,0.0139907198
-1.210719347e-08,-0.001009509433,0.01398976799,330.5960999,-1.210719347e-08,-0.001009509433,0.01398976799
-1.210719347e-08,-2.917747821e-08,0.01398942154,330.6358643,-1.210719347e-08,-2.917747821e-08,0.01398942154
-1.210719347e-08,0.001009412459,0.01398973726,330.5960999,-1.210719347e-08,0.001009412459,0.01398973726
-1.210719347e-08,0.002018554835,0.01399066485,330.4588928,-1.210719347e-08,0.002018554835,0.01399066485
-1.210719347e-08,0.003027727129,0.01399205625,330.1654663,-1.210719347e-08,0.003027727129,0.01399205625
-1.210719347e-08,0.004037150182,0.01399373822,329.6037903,-1.210719347e-08,0.004037150182,0.01399373822
-1.210719347e-08,0.005046955775,0.01399552077,328.5918884,-1.210719347e-08,0.005046955775,0.01399552077
-1.210719347e-08,0.006057175342,0.01399720926,326.8649597,-1.210719347e-08,0.006057175342,0.01399720926
-1.210719347e-08,0.007068081759,0.01399861742,323.8397827,-1.210719347e-08,0.007068081759,0.01399861742
-1.210719347e-08,0.00795154646,0.01399960835,320.7389832,-1.210719347e-08,0.00795154646,0.01399960835
-1.210719347e-08,0.008077637292,0.01349966228,319.5073853,-1.210719347e-08,0.008077637292,0.01349966228
-1.210719347e-08,0.008592678234,0.01349970698,317.4584351,-1.210719347e-08,0.008592678234,0.01349970698
-1.210719347e-08,0.008592523634,0.01299989969,317.3805542,-1.210719347e-08,0.008592523634,0.01299989969
-1.210719347e-08,0.009622449987,0.0134985093,312.776001,-1.210719347e-08,0.009622449987,0.0134985093
-1.210719347e-08,0.009107913822,0.01325950585,313.7905579,-1.210719347e-08,0.009107913822,0.01325950585
-1.210719347e-08,0.009107917547,0.01349942014,314.6793518,-1.210719347e-08,0.009107917547,0.01349942014
-1.210719347e-08,0.009622460231,0.0132585438,312.7751465,-1.210719347e-08,0.009622460231,0.0132585438
-1.210719347e-08,-0.008592645638,0.01449336577,316.7295227,-1.210719347e-08,-0.008592645638,0.01449336577
-1.210719347e-08,-0.009107880294,0.0139998477,314.5145569,-1.210719347e-08,-0.009107880294,0.0139998477
-1.210719347e-08,-0.00910791941,0.01433958113,313.7899475,-1.210719347e-08,-0.00910791941,0.01433958113
-1.210719347e-08,-0.00859251339,0.01399992593,317.6386108,-1.210719347e-08,-0.00859251339,0.01399992593
-1.210719347e-08,-0.007068125065,0.01499919873,324.079071,-1.210719347e-08,-0.007068125065,0.01499919873
-1.210719347e-08,-0.007951543666,0.01499986835,320.6755676,-1.210719347e-08,-0.007951543666,0.01499986835
-1.210719347e-08,-0.008077575825,0.01449993066,319.3140259,-1.210719347e-08,-0.008077575825,0.01449993066
-1.210719347e-08,-0.006057349034,0.01499824785,326.8597107,-1.210719347e-08,-0.006057349034,0.01499824785
-1.210719347e-08,-0.005047229584,0.01499709021,328.5864563,-1.210719347e-08,-0.005047229584,0.01499709021
-1.210719347e-08,-0.004037464038,0.01499585714,329.598175,-1.210719347e-08,-0.004037464038,0.01499585714
-1.210719347e-08,-0.003028030507,0.0149946874,330.1871338,-1.210719347e-08,-0.003028030507,0.0149946874
-1.210719347e-08,-0.002018814208,0.0149937151,330.4850769,-1.210719347e-08,-0.002018814208,0.0149937151
-1.210719347e-08,-0.001009585452,0.01499306131,330.6061401,-1.210719347e-08,-0.001009585452,0.01499306131
-1.210719347e-08,-2.184600056e-08,0.01499282103,330.6299133,-1.210719347e-08,-2.184600056e-08,0.01499282103
-1.210719347e-08,0.001009512809,0.01499302872,330.5896301,-1.210719347e-08,0.001009512809,0.01499302872
-1.210719347e-08,0.002018724568,0.01499365922,330.4527588,-1.210719347e-08,0.002018724568,0.01499365922
-1.210719347e-08,0.00302793365,0.01499460917,330.1598816,-1.210719347e-08,0.00302793365,0.01499460917
-1.210719347e-08,0.004037357867,0.0149957547,329.5987549,-1.210719347e-08,0.004037357867,0.0149957547
-1.210719347e-08,0.005047135986,0.01499696355,328.5874634,-1.210719347e-08,0.005047135986,0.01499696355
-1.210719347e-08,0.006057306193,0.0149981007,326.7071228,-1.210719347e-08,0.006057306193,0.0149981007
-1.210719347e-08,0.007068143226,0.01485168561,324.0810547,-1.210719347e-08,0.007068143226,0.01485168561
-1.210719347e-08,0.006749653723,0.01499875169,325.7801514,-1.210719347e-08,0.006749653723,0.01499875169
-1.210719347e-08,0.007068153936,0.01499905158,324.0794983,-1.210719347e-08,0.007068153936,0.01499905158
-1.210719347e-08,0.007951532491,0.01499977708,320.6749878,-1.210719347e-08,0.007951532491,0.01499977708
-1.210719347e-08,0.008008466102,0.01477395277,321.102356,-1.210719347e-08,0.008008466102,0.01477395277
-1.210719347e-08,0.008077611215,0.01449981425,319.3136292,-1.210719347e-08,0.008077611215,0.01449981425
-1.210719347e-08,0.008592658676,0.01449997164,317.1845703,-1.210719347e-08,0.008592658676,0.01449997164
-1.210719347e-08,0.008592545055,0.01399978064,316.843811,-1.210719347e-08,0.008592545055,0.01399978064
-1.210719347e-08,0.009622413665,0.01450111438,312.7765198,-1.210719347e-08,0.009622413665,0.01450111438
-1.210719347e-08,0.009107890539,0.01405554917,313.7906494,-1.210719347e-08,0.009107890539,0.01405554917
-1.210719347e-08,0.009107872844,0.01450028364,314.8060913,-1.210719347e-08,0.009107872844,0.01450028364
-1.210719347e-08,0.009622460231,0.01414255239,312.7756348,-1.210719347e-08,0.009622460231,0.01414255239
-1.210719347e-08,-0.009013818577,0.01550004072,315.8200073,-1.210719347e-08,-0.009013818577,0.01550004072
-1.210719347e-08,-0.008592644706,0.01550000533,317.3779602,-1.210719347e-08,-0.008592644706,0.01550000533
-1.210719347e-08,-0.008592568338,0.01509632729,317.4561157,-1.210719347e-08,-0.008592568338,0.01509632729
-1.210719347e-08,-0.007068159059,0.01599944942,324.0768738,-1.210719347e-08,-0.007068159059,0.01599944942
-1.210719347e-08,-0.007951530628,0.01599987037,320.6742554,-1.210719347e-08,-0.007951530628,0.01599987037
-1.210719347e-08,-0.008077590726,0.01549995132,319.823761,-1.210719347e-08,-0.008077590726,0.01549995132
-1.210719347e-08,-0.006057426333,0.01599882357,326.8566895,-1.210719347e-08,-0.006057426333,0.01599882357
-1.210719347e-08,-0.005047338083,0.01599805057,328.6747437,-1.210719347e-08,-0.005047338083,0.01599805057
-1.210719347e-08,-0.004037587903,0.01599721797,329.7162476,-1.210719347e-08,-0.004037587903,0.01599721797
-1.210719347e-08,-0.003028145293,0.0159619879,330.1174927,-1.210719347e-08,-0.003028145293,0.0159619879
-1.210719347e-08,-0.003069417318,0.01599645615,329.9584045,-1.210719347e-08,-0.003069417318,0.01599645615
-1.210719347e-08,-0.003028149484,0.01599642448,330.1542053,-1.210719347e-08,-0.003028149484,0.01599642448
-1.210719347e-08,-0.002018866595,0.01556550339,330.4170532,-1.210719347e-08,-0.002018866595,0.01556550339
-1.210719347e-08,-0.002018906176,0.01599576138,330.4469299,-1.210719347e-08,-0.002018906176,0.01599576138
-1.210719347e-08,-0.001009608852,0.01552273706,330.5731201,-1.210719347e-08,-0.001009608852,0.01552273706
-1.210719347e-08,-0.001009629807,0.01599531434,330.5882263,-1.210719347e-08,-0.001009629807,0.01599531434
-1.210719347e-08,-0.0001090249498,0.01599516906,330.6238708,-1.210719347e-08,-0.0001090249498,0.01599516906
-1.210719347e-08,-8.518848738e-09,0.01599515043,330.6238098,-1.210719347e-08,-8.518848738e-09,0.01599515043
-1.210719347e-08,0.00100958813,0.01599528827,330.5666199,-1.210719347e-08,0.00100958813,0.01599528827
-1.210719347e-08,0.002018848667,0.01599571295,330.4284668,-1.210719347e-08,0.002018848667,0.01599571295
-1.210719347e-08,0.003028083593,0.01599635556,330.1549683,-1.210719347e-08,0.003028083593,0.01599635556
-1.210719347e-08,0.004037511069,0.01599713042,329.5944519,-1.210719347e-08,0.004037511069,0.01599713042
-1.210719347e-08,0.005047270097,0.0159979444,328.5837402,-1.210719347e-08,0.005047270097,0.0159979444
-1.210719347e-08,0.006057396065,0.01599870436,326.7036743,-1.210719347e-08,0.006057396065,0.01599870436
-1.210719347e-08,0.006569255609,0.01599902473,325.77771,-1.210719347e-08,0.006569255609,0.01599902473
-1.210719347e-08,0.007068184204,0.0159993358,324.0775452,-1.210719347e-08,0.007068184204,0.0159993358
-1.210719347e-08,0.007951559499,0.0159998294,320.7349548,-1.210719347e-08,0.007951559499,0.0159998294
-1.210719347e-08,0.008077625185,0.01549987867,319.8231506,-1.210719347e-08,0.008077625185,0.01549987867
-1.210719347e-08,0.00859263353,0.01538608037,317.455719,-1.210719347e-08,0.00859263353,0.01538608037
-1.210719347e-08,0.008592543192,0.01500000618,316.9890442,-1.210719347e-08,0.008592543192,0.01500000618
-1.210719347e-08,0.008114716038,0.01499983575,318.5465698,-1.210719347e-08,0.008114716038,0.01499983575
-1.210719347e-08,0.009107875638,0.01500019245,314.2990417,-1.210719347e-08,0.009107875638,0.01500019245
-1.210719347e-08,0.009107889608,0.01550024096,314.0818787,-1.210719347e-08,0.009107889608,0.01550024096
-1.210719347e-08,0.00962244533,0.0150002297,312.7773438,-1.210719347e-08,0.00962244533,0.0150002297
-1.210719347e-08,0.009622446261,0.01550067496,312.77771,-1.210719347e-08,0.009622446261,0.01550067496
-1.210719347e-08,-0.009107908234,0.016105799,314.6011658,-1.210719347e-08,-0.009107908234,0.016105799
-1.210719347e-08,-0.008592521772,0.01599985547,316.7284546,-1.210719347e-08,-0.008592521772,0.01599985547
-1.210719347e-08,-0.008928309195,0.01599957794,315.8197327,-1.210719347e-08,-0.008928309195,0.01599957794
-1.210719347e-08,-0.009107895195,0.01650002226,314.2963562,-1.210719347e-08,-0.009107895195,0.01650002226
-1.210719347e-08,-0.008592605591,0.01650000364,317.3774109,-1.210719347e-08,-0.008592605591,0.01650000364
-1.210719347e-08,-0.007068175822,0.01699961908,324.3178101,-1.210719347e-08,-0.007068175822,0.01699961908
-1.210719347e-08,-0.007951462641,0.01699993759,320.7344055,-1.210719347e-08,-0.007951462641,0.01699993759
-1.210719347e-08,-0.008077540435,0.01649995521,319.8226929,-1.210719347e-08,-0.008077540435,0.01649995521
-1.210719347e-08,-0.006057474762,0.01699920371,327.2147827,-1.210719347e-08,-0.006057474762,0.01699920371
-1.210719347e-08,-0.005047400482,0.01689737104,328.4516296,-1.210719347e-08,-0.005047400482,0.01689737104
-1.210719347e-08,-0.00525308121,0.01699879579,327.9337463,-1.210719347e-08,-0.00525308121,0.01699879579
-1.210719347e-08,-0.005047407467,0.01699869148,328.5792542,-1.210719347e-08,-0.005047407467,0.01699869148
-1.210719347e-08,-0.004037622362,0.01642859541,329.4698486,-1.210719347e-08,-0.004037622362,0.01642859541
-1.210719347e-08,-0.004037667997,0.01699813642,329.6423645,-1.210719347e-08,-0.004037667997,0.01699813642
-1.210719347e-08,-0.003028226085,0.01699760184,330.1504517,-1.210719347e-08,-0.003028226085,0.01699760184
-1.210719347e-08,-0.002018964384,0.0169971548,330.442749,-1.210719347e-08,-0.002018964384,0.0169971548
-1.210719347e-08,-0.001009656349,0.01699684933,330.5709229,-1.210719347e-08,-0.001009656349,0.01699684933
-1.210719347e-08,-7.212541675e-09,0.01605833508,330.6207275,-1.210719347e-08,-7.212541675e-09,0.01605833508
-1.210719347e-08,1.218949919e-08,0.01699673757,330.6190186,-1.210719347e-08,1.218949919e-08,0.01699673757
-1.210719347e-08,0.001009637257,0.01676724292,330.5944824,-1.210719347e-08,0.001009637257,0.01676724292
-1.210719347e-08,0.001009651925,0.01699682884,330.572937,-1.210719347e-08,0.001009651925,0.01699682884
-1.210719347e-08,0.001294362126,0.01699690893,330.5404053,-1.210719347e-08,0.001294362126,0.01699690893
-1.210719347e-08,0.002018945292,0.01699711196,330.4189758,-1.210719347e-08,0.002018945292,0.01699711196
-1.210719347e-08,0.003028201405,0.01699754409,330.1124573,-1.210719347e-08,0.003028201405,0.01699754409
-1.210719347e-08,0.004037631676,0.01699806564,329.5911255,-1.210719347e-08,0.004037631676,0.01699806564
-1.210719347e-08,0.005047371611,0.01699861512,328.5809937,-1.210719347e-08,0.005047371611,0.01699861512
-1.210719347e-08,0.006057461724,0.01699913293,327.0717468,-1.210719347e-08,0.006057461724,0.01699913293
-1.210719347e-08,0.007068192586,0.01636775583,323.5095215,-1.210719347e-08,0.007068192586,0.01636775583
-1.210719347e-08,0.007068206556,0.01699957065,324.2650757,-1.210719347e-08,0.007068206556,0.01699957065
-1.210719347e-08,0.007951525971,0.01699996181,319.8218994,-1.210719347e-08,0.007951525971,0.01699996181
-1.210719347e-08,0.007494989317,0.01699975878,322.3757324,-1.210719347e-08,0.007494989317,0.01699975878
-1.210719347e-08,0.008077611215,0.01649994589,320.4604797,-1.210719347e-08,0.008077611215,0.01649994589
-1.210719347e-08,-0.00859253481,0.01716963761,316.7290649,-1.210719347e-08,-0.00859253481,0.01716963761
-1.210719347e-08,-0.009107883088,0.01700049452,314.5155334,-1.210719347e-08,-0.009107883088,0.01700049452
-1.210719347e-08,-0.009107885882,0.01707343943,313.9941711,-1.210719347e-08,-0.009107885882,0.01707343943
-1.210719347e-08,-0.008592494763,0.01700009592,317.4559326,-1.210719347e-08,-0.008592494763,0.01700009592
-1.210719347e-08,-0.007068181876,0.01799975149,324.4127808,-1.210719347e-08,-0.007068181876,0.01799975149
-1.210719347e-08,-0.007951474749,0.0179999508,321.0974731,-1.210719347e-08,-0.007951474749,0.0179999508
-1.210719347e-08,-0.007068179082,0.01747284643,323.5072937,-1.210719347e-08,-0.007068179082,0.01747284643
-1.210719347e-08,-0.008037345484,0.01734068617,320.186554,-1.210719347e-08,-0.008037345484,0.01734068617
-1.210719347e-08,-0.008077505976,0.01749995165,319.502533,-1.210719347e-08,-0.008077505976,0.01749995165
-1.210719347e-08,-0.006057481281,0.01728074253,326.4930725,-1.210719347e-08,-0.006057481281,0.01728074253
-1.210719347e-08,-0.00605749758,0.01799947023,327.0065613,-1.210719347e-08,-0.00605749758,0.01799947023
-1.210719347e-08,-0.005047440995,0.01799912751,328.5775146,-1.210719347e-08,-0.005047440995,0.01799912751
-1.210719347e-08,-0.004037707578,0.0179987587,329.5877686,-1.210719347e-08,-0.004037707578,0.0179987587
-1.210719347e-08,-0.003028264502,0.01799840108,330.1477661,-1.210719347e-08,-0.003028264502,0.01799840108
-1.210719347e-08,-0.002018993255,0.01799810119,330.4396973,-1.210719347e-08,-0.002018993255,0.01799810119
-1.210719347e-08,-0.001009663218,0.01799789444,330.5759583,-1.210719347e-08,-0.001009663218,0.01799789444
-1.210719347e-08,3.876485266e-08,0.01799781621,330.6154175,-1.210719347e-08,3.876485266e-08,0.01799781621
-1.210719347e-08,0.001009706641,0.01799787581,330.5836792,-1.210719347e-08,0.001009706641,0.01799787581
-1.210719347e-08,0.002018997679,0.01765377447,330.4607239,-1.210719347e-08,0.002018997679,0.01765377447
-1.210719347e-08,0.002019025153,0.01799806207,330.4397583,-1.210719347e-08,0.002019025153,0.01799806207
-1.210719347e-08,0.002602756023,0.01799822971,330.3435974,-1.210719347e-08,0.002602756023,0.01799822971
-1.210719347e-08,0.003028295701,0.01799835078,330.1207275,-1.210719347e-08,0.003028295701,0.01799835078
-1.210719347e-08,0.004037726671,0.0179986991,329.4323425,-1.210719347e-08,0.004037726671,0.0179986991
-1.210719347e-08,0.005047452636,0.01799907163,328.4501953,-1.210719347e-08,0.005047452636,0.01799907163
-1.210719347e-08,0.006057515275,0.01799942553,326.8544617,-1.210719347e-08,0.006057515275,0.01799942553
-1.210719347e-08,0.007068224717,0.01799972914,324.0752258,-1.210719347e-08,0.007068224717,0.01799972914
-1.210719347e-08,0.008038788103,0.01734621078,320.07724,-1.210719347e-08,0.008038788103,0.01734621078
-1.210719347e-08,0.007951516658,0.01799996011,320.4608765,-1.210719347e-08,0.007951516658,0.01799996011
-1.210719347e-08,0.008077569306,0.01750001311,320.4606934,-1.210719347e-08,0.008077569306,0.01750001311
-1.210719347e-08,0.00826281216,0.01750005595,318.5453796,-1.210719347e-08,0.00826281216,0.01750005595
-1.210719347e-08,-0.009107884951,0.01829971001,314.602417,-1.210719347e-08,-0.009107884951,0.01829971001
-1.210719347e-08,-0.009107884951,0.01849999465,314.2970276,-1.210719347e-08,-0.009107884951,0.01849999465
-1.210719347e-08,-0.00878420379,0.01850001514,315.8196716,-1.210719347e-08,-0.00878420379,0.01850001514
-1.210719347e-08,-0.007068230771,0.01899985783,324.0727234,-1.210719347e-08,-0.007068230771,0.01899985783
-1.210719347e-08,-0.007951518521,0.01900003478,320.6720581,-1.210719347e-08,-0.007951518521,0.01900003478
-1.210719347e-08,-0.008077551611,0.01850001141,319.8213196,-1.210719347e-08,-0.008077551611,0.01850001141
-1.210719347e-08,-0.006057519931,0.01899965666,326.8516846,-1.210719347e-08,-0.006057519931,0.01899965666
-1.210719347e-08,-0.005047449842,0.01899942569,328.5764771,-1.210719347e-08,-0.005047449842,0.01899942569
-1.210719347e-08,-0.004037712235,0.01899917983,329.5863037,-1.210719347e-08,-0.004037712235,0.01899917983
-1.210719347e-08,-0.00302826846,0.01899894327,330.1459351,-1.210719347e-08,-0.00302826846,0.01899894327
-1.210719347e-08,-0.002018993255,0.0189987421,330.437561,-1.210719347e-08,-0.002018993255,0.0189987421
-1.210719347e-08,-0.001009654254,0.01899860241,330.5736389,-1.210719347e-08,-0.001009654254,0.01899860241
-1.210719347e-08,6.911702854e-08,0.01899854839,330.6130371,-1.210719347e-08,6.911702854e-08,0.01899854839
-1.210719347e-08,0.001009757048,0.01899858378,330.573761,-1.210719347e-08,0.001009757048,0.01899858378
-1.210719347e-08,0.002019094303,0.01899870485,330.4569702,-1.210719347e-08,0.002019094303,0.01899870485
-1.210719347e-08,0.003028313164,0.01821594499,330.1861877,-1.210719347e-08,0.003028313164,0.01821594499
-1.210719347e-08,0.003028375795,0.01899889298,330.1743164,-1.210719347e-08,0.003028375795,0.01899889298
-1.210719347e-08,0.004037783016,0.01868302375,329.709259,-1.210719347e-08,0.004037783016,0.01868302375
-1.210719347e-08,0.004037809093,0.01899912581,329.5345764,-1.210719347e-08,0.004037809093,0.01899912581
-1.210719347e-08,0.00497736223,0.01899935864,329.2225952,-1.210719347e-08,0.00497736223,0.01899935864
-1.210719347e-08,0.005047528073,0.0189993754,328.4855957,-1.210719347e-08,0.005047528073,0.0189993754
-1.210719347e-08,0.006057578605,0.01899962127,326.4937744,-1.210719347e-08,0.006057578605,0.01899962127
-1.210719347e-08,0.007068273146,0.01893386804,324.074585,-1.210719347e-08,0.007068273146,0.01893386804
-1.210719347e-08,0.006521311589,0.01899972372,325.7737732,-1.210719347e-08,0.006521311589,0.01899972372
-1.210719347e-08,0.007068276405,0.01899984293,324.0739746,-1.210719347e-08,0.007068276405,0.01899984293
-1.210719347e-08,0.007951551117,0.01900002174,320.7332153,-1.210719347e-08,0.007951551117,0.01900002174
-1.210719347e-08,0.008077587001,0.01850003004,320.4596558,-1.210719347e-08,0.008077587001,0.01850003004
-1.210719347e-08,0.008051864803,0.01839802973,320.8432922,-1.210719347e-08,0.008051864803,0.01839802973
-1.210719347e-08,0.008592586033,0.01819958165,317.6369629,-1.210719347e-08,0.008592586033,0.01819958165
-1.210719347e-08,0.008592528291,0.01799998432,317.3772888,-1.210719347e-08,0.008592528291,0.01799998432
-1.210719347e-08,0.009184085764,0.01850077137,312.7745972,-1.210719347e-08,0.009184085764,0.01850077137
-1.210719347e-08,0.009107904509,0.01799984649,314.0796814,-1.210719347e-08,0.009107904509,0.01799984649
-1.210719347e-08,0.009107918479,0.01841603965,314.8047791,-1.210719347e-08,0.009107918479,0.01841603965
-1.210719347e-08,0.009622450918,0.01850195602,312.7739868,-1.210719347e-08,0.009622450918,0.01850195602
-1.210719347e-08,0.009622426704,0.0179993324,312.7750549,-1.210719347e-08,0.009622426704,0.0179993324
-1.210719347e-08,-0.009107918479,0.01950023696,313.9935913,-1.210719347e-08,-0.009107918479,0.01950023696
-1.210719347e-08,-0.008592693135,0.01950010285,316.9875793,-1.210719347e-08,-0.008592693135,0.01950010285
-1.210719347e-08,-0.009107879363,0.01900044642,314.2969055,-1.210719347e-08,-0.009107879363,0.01900044642
-1.210719347e-08,-0.00859252084,0.01900014654,316.9873352,-1.210719347e-08,-0.00859252084,0.01900014654
-1.210719347e-08,-0.007068307139,0.01999988407,324.072876,-1.210719347e-08,-0.007068307139,0.01999988407
-1.210719347e-08,-0.008004622534,0.01921062917,320.8425598,-1.210719347e-08,-0.008004622534,0.01921062917
-1.210719347e-08,-0.007179022301,0.01999989711,322.374054,-1.210719347e-08,-0.007179022301,0.01999989711
-1.210719347e-08,-0.00807765685,0.01950003952,319.3109436,-1.210719347e-08,-0.00807765685,0.01950003952
-1.210719347e-08,-0.007951652631,0.01999998465,320.4597168,-1.210719347e-08,-0.007951652631,0.01999998465
-1.210719347e-08,-0.006057537161,0.01999977045,326.8515625,-1.210719347e-08,-0.006057537161,0.01999977045
-1.210719347e-08,-0.005047434941,0.01999962889,328.5759583,-1.210719347e-08,-0.005047434941,0.01999962889
-1.210719347e-08,-0.004037686624,0.01999947056,329.5853882,-1.210719347e-08,-0.004037686624,0.01999947056
-1.210719347e-08,-0.003028243314,0.01999931224,330.1447144,-1.210719347e-08,-0.003028243314,0.01999931224
-1.210719347e-08,-0.002018969972,0.01999917813,330.4360962,-1.210719347e-08,-0.002018969972,0.01999917813
-1.210719347e-08,-0.001009630854,0.01999908313,330.5720215,-1.210719347e-08,-0.001009630854,0.01999908313
-1.210719347e-08,1.042497075e-07,0.01999904215,330.6113281,-1.210719347e-08,1.042497075e-07,0.01999904215
-1.210719347e-08,0.001009805244,0.01999906264,330.5720825,-1.210719347e-08,0.001009805244,0.01999906264
-1.210719347e-08,0.002019155771,0.01999913901,330.4362793,-1.210719347e-08,0.002019155771,0.01999913901
-1.210719347e-08,0.003028448205,0.01999926008,330.144928,-1.210719347e-08,0.003028448205,0.01999926008
-1.210719347e-08,0.004037888255,0.01999941096,329.6585083,-1.210719347e-08,0.004037888255,0.01999941096
-1.210719347e-08,0.005047530867,0.0190316774,328.7059021,-1.210719347e-08,0.005047530867,0.0190316774
-1.210719347e-08,0.00504761003,0.0199995786,328.6686401,-1.210719347e-08,0.00504761003,0.0199995786
-1.210719347e-08,0.006057591178,0.01914766431,327.2125854,-1.210719347e-08,0.006057591178,0.01914766431
-1.210719347e-08,0.006057662889,0.01999975182,326.6982117,-1.210719347e-08,0.006057662889,0.01999975182
-1.210719347e-08,0.007068364415,0.01999991946,324.0735779,-1.210719347e-08,0.007068364415,0.01999991946
-1.210719347e-08,0.007951641455,0.02000005916,321.2798767,-1.210719347e-08,0.007951641455,0.02000005916
-1.210719347e-08,0.008077644743,0.01950005442,319.1828308,-1.210719347e-08,0.008077644743,0.01950005442
-1.210719347e-08,0.008490683511,0.01950005814,318.5446472,-1.210719347e-08,0.008490683511,0.01950005814
-1.210719347e-08,0.008592679165,0.01950005814,316.9098206,-1.210719347e-08,0.008592679165,0.01950005814
-1.210719347e-08,0.008592662401,0.01943703182,316.7277832,-1.210719347e-08,0.008592662401,0.01943703182
-1.210719347e-08,0.009107897058,0.01916428655,313.9918823,-1.210719347e-08,0.009107897058,0.01916428655
-1.210719347e-08,0.009622454643,0.01899962872,312.774231,-1.210719347e-08,0.009622454643,0.01899962872
-1.210719347e-08,0.00931477081,0.01899986528,312.7745972,-1.210719347e-08,0.00931477081,0.01899986528
-1.210719347e-08,0.009107889608,0.01950000599,313.9160156,-1.210719347e-08,0.009107889608,0.01950000599
-1.210719347e-08,0.009622446261,0.01949989609,312.7739563,-1.210719347e-08,0.009622446261,0.01949989609
-1.210719347e-08,-0.009107952006,0.02050026692,313.6444702,-1.210719347e-08,-0.009107952006,0.02050026692
-1.210719347e-08,-0.008592745289,0.02050005645,317.1817017,-1.210719347e-08,-0.008592745289,0.02050005645
-1.210719347e-08,-0.009107938968,0.01999994554,314.514801,-1.210719347e-08,-0.009107938968,0.01999994554
-1.210719347e-08,-0.008592617698,0.020000007,317.1819153,-1.210719347e-08,-0.008592617698,0.020000007
-1.210719347e-08,-0.007068290841,0.02099991404,323.6485291,-1.210719347e-08,-0.007068290841,0.02099991404
-1.210719347e-08,-0.007437117398,0.02099994197,322.3744507,-1.210719347e-08,-0.007437117398,0.02099994197
-1.210719347e-08,-0.007951658219,0.02099998109,320.0766907,-1.210719347e-08,-0.007951658219,0.02099998109
-1.210719347e-08,-0.008077738807,0.02049998753,320.4597168,-1.210719347e-08,-0.008077738807,0.02049998753
-1.210719347e-08,-0.006057492923,0.02099985443,326.8516541,-1.210719347e-08,-0.006057492923,0.02099985443
-1.210719347e-08,-0.005047375336,0.02099977247,328.5757446,-1.210719347e-08,-0.005047375336,0.02099977247
-1.210719347e-08,-0.004037627485,0.02099967189,329.5848389,-1.210719347e-08,-0.004037627485,0.02099967189
-1.210719347e-08,-0.003028193023,0.02099956758,330.1438599,-1.210719347e-08,-0.003028193023,0.02099956758
-1.210719347e-08,-0.002018929692,0.02099947445,330.4350891,-1.210719347e-08,-0.002018929692,0.02099947445
-1.210719347e-08,-0.001009596977,0.02099940926,330.5708923,-1.210719347e-08,-0.001009596977,0.02099940926
-1.210719347e-08,1.359254753e-07,0.02099937946,330.6101685,-1.210719347e-08,1.359254753e-07,0.02099937946
-1.210719347e-08,0.001009846455,0.02099938691,330.5709534,-1.210719347e-08,0.001009846455,0.02099938691
-1.210719347e-08,0.002019207692,0.02099943347,330.4351807,-1.210719347e-08,0.002019207692,0.02099943347
-1.210719347e-08,0.003028510837,0.02099950798,330.1716919,-1.210719347e-08,0.003028510837,0.02099950798
-1.210719347e-08,0.004037959501,0.02099960297,329.5848694,-1.210719347e-08,0.004037959501,0.02099960297
-1.210719347e-08,0.005047687329,0.02099971287,328.5757446,-1.210719347e-08,0.005047687329,0.02099971287
-1.210719347e-08,0.006057742052,0.02099982835,326.8518066,-1.210719347e-08,0.006057742052,0.02099982835
-1.210719347e-08,0.007068431471,0.02099995129,324.0732727,-1.210719347e-08,0.007068431471,0.02099995129
-1.210719347e-08,0.00795168709,0.02100007981,320.9378662,-1.210719347e-08,0.00795168709,0.02100007981
-1.210719347e-08,0.008077721111,0.020500049,319.5015564,-1.210719347e-08,0.008077721111,0.020500049
-1.210719347e-08,0.009107915685,0.02003157325,313.9936218,-1.210719347e-08,0.009107915685,0.02003157325
-1.210719347e-08,0.009622453712,0.02000052668,312.7752991,-1.210719347e-08,0.009622453712,0.02000052668
-1.210719347e-08,0.009125525132,0.02000023797,312.7744751,-1.210719347e-08,0.009125525132,0.02000023797
-1.210719347e-08,0.009107924998,0.02049965039,313.7902832,-1.210719347e-08,0.009107924998,0.02049965039
-1.210719347e-08,0.00962244533,0.02049863897,312.7757568,-1.210719347e-08,0.00962244533,0.02049863897
-1.210719347e-08,-0.008592742495,0.02149283513,316.7272644,-1.210719347e-08,-0.008592742495,0.02149283513
-1.210719347e-08,-0.009107944556,0.02100010403,314.8041992,-1.210719347e-08,-0.009107944556,0.02100010403
-1.210719347e-08,-0.009107988328,0.02146700397,313.7888794,-1.210719347e-08,-0.009107988328,0.02146700397
-1.210719347e-08,-0.008592639118,0.02100003138,317.4543457,-1.210719347e-08,-0.008592639118,0.02100003138
-1.210719347e-08,-0.007068198174,0.02199997194,324.0738525,-1.210719347e-08,-0.007068198174,0.02199997194
-1.210719347e-08,-0.00795162376,0.02200007066,320.7338867,-1.210719347e-08,-0.00795162376,0.02200007066
-1.210719347e-08,-0.008077673614,0.0215000473,320.4598694,-1.210719347e-08,-0.008077673614,0.0215000473
-1.210719347e-08,-0.008044584654,0.02136880532,319.8212891,-1.210719347e-08,-0.008044584654,0.02136880532
-1.210719347e-08,-0.006057397462,0.02199993283,326.8519287,-1.210719347e-08,-0.006057397462,0.02199993283
-1.210719347e-08,-0.00504727941,0.02199988067,328.5757141,-1.210719347e-08,-0.00504727941,0.02199988067
-1.210719347e-08,-0.004037541803,0.02199981175,329.5845337,-1.210719347e-08,-0.004037541803,0.02199981175
-1.210719347e-08,-0.003028122475,0.02199973911,330.1433105,-1.210719347e-08,-0.003028122475,0.02199973911
-1.210719347e-08,-0.002018874511,0.02199967578,330.4343872,-1.210719347e-08,-0.002018874511,0.02199967578
-1.210719347e-08,-0.001009557396,0.02199962921,330.5700989,-1.210719347e-08,-0.001009557396,0.02199962921
-1.210719347e-08,1.684195752e-07,0.02199960686,330.6093445,-1.210719347e-08,1.684195752e-07,0.02199960686
-1.210719347e-08,0.001009877538,0.02199960873,330.5701294,-1.210719347e-08,0.001009877538,0.02199960873
-1.210719347e-08,0.002019243315,0.0219996348,330.4481506,-1.210719347e-08,0.002019243315,0.0219996348
-1.210719347e-08,0.002998699667,0.02199967578,330.3379822,-1.210719347e-08,0.002998699667,0.02199967578
-1.210719347e-08,0.003028550884,0.02196869999,330.0786438,-1.210719347e-08,0.003028550884,0.02196869999
-1.210719347e-08,0.003028552281,0.02199967764,330.2080078,-1.210719347e-08,0.003028552281,0.02199967764
-1.210719347e-08,0.004037976731,0.0213503167,329.4630432,-1.210719347e-08,0.004037976731,0.0213503167
-1.210719347e-08,0.004038008396,0.02199973352,329.7056885,-1.210719347e-08,0.004038008396,0.02199973352
-1.210719347e-08,0.005047696177,0.02115444094,328.3605347,-1.210719347e-08,0.005047696177,0.02115444094
-1.210719347e-08,0.005047743209,0.02199979872,328.7901001,-1.210719347e-08,0.005047743209,0.02199979872
-1.210719347e-08,0.006057756487,0.02126698196,326.4918213,-1.210719347e-08,0.006057756487,0.02126698196
-1.210719347e-08,0.006057795603,0.02199987136,327.2110596,-1.210719347e-08,0.006057795603,0.02199987136
-1.210719347e-08,0.007068453357,0.02155009098,323.7331848,-1.210719347e-08,0.007068453357,0.02155009098
-1.210719347e-08,0.007068470586,0.02199994214,324.0728149,-1.210719347e-08,0.007068470586,0.02199994214
-1.210719347e-08,0.00799055025,0.02184573002,320.4588928,-1.210719347e-08,0.00799055025,0.02184573002
-1.210719347e-08,0.008077730425,0.02150009386,319.5013733,-1.210719347e-08,0.008077730425,0.02150009386
-1.210719347e-08,0.007951662876,0.02200000361,320.4589539,-1.210719347e-08,0.007951662876,0.02200000361
-1.210719347e-08,-0.007068130653,0.02300000191,324.0744019,-1.210719347e-08,-0.007068130653,0.02300000191
-1.210719347e-08,-0.007951675914,0.02299998887,320.9396057,-1.210719347e-08,-0.007951675914,0.02299998887
-1.210719347e-08,-0.008077695966,0.02250003256,319.50354,-1.210719347e-08,-0.008077695966,0.02250003256
-1.210719347e-08,-0.006057302933,0.02299999259,326.8522339,-1.210719347e-08,-0.006057302933,0.02299999259
-1.210719347e-08,-0.005047180224,0.0229999572,328.5757446,-1.210719347e-08,-0.005047180224,0.0229999572
-1.210719347e-08,-0.004037450533,0.02299990878,329.5843506,-1.210719347e-08,-0.004037450533,0.02299990878
-1.210719347e-08,-0.003028049599,0.02299985662,330.1429443,-1.210719347e-08,-0.003028049599,0.02299985662
-1.210719347e-08,-0.002018821891,0.02299981192,330.4338989,-1.210719347e-08,-0.002018821891,0.02299981192
-1.210719347e-08,-0.001009518863,0.02299977839,330.569519,-1.210719347e-08,-0.001009518863,0.02299977839
-1.210719347e-08,1.940700827e-07,0.02299976163,330.6087341,-1.210719347e-08,1.940700827e-07,0.02299976163
-1.210719347e-08,0.001009894651,0.02299975976,330.5639343,-1.210719347e-08,0.001009894651,0.02299975976
-1.210719347e-08,0.001989424927,0.0229997728,330.530426,-1.210719347e-08,0.001989424927,0.0229997728
-1.210719347e-08,0.002019255655,0.02296505868,330.4147949,-1.210719347e-08,0.002019255655,0.02296505868
-1.210719347e-08,0.002019256121,0.0229997728,330.4338684,-1.210719347e-08,0.002019256121,0.0229997728
-1.210719347e-08,0.003028562991,0.02299979515,330.1427612,-1.210719347e-08,0.003028562991,0.02299979515
-1.210719347e-08,0.00403801864,0.02299982496,329.5838623,-1.210719347e-08,0.00403801864,0.02299982496
-1.210719347e-08,0.005047752522,0.02299985848,328.5748901,-1.210719347e-08,0.005047752522,0.02299985848
-1.210719347e-08,0.006057791878,0.02299989387,326.8511047,-1.210719347e-08,0.006057791878,0.02299989387
-1.210719347e-08,0.007068435196,0.02299992554,324.0726929,-1.210719347e-08,0.007068435196,0.02299992554
-1.210719347e-08,0.007951658219,0.02299991436,320.9378052,-1.210719347e-08,0.007951658219,0.02299991436
-1.210719347e-08,0.008077727631,0.02249994874,319.5014648,-1.210719347e-08,0.008077727631,0.02249994874
-1.210719347e-08,0.008592722937,0.02249989286,316.9872437,-1.210719347e-08,0.008592722937,0.02249989286
-1.210719347e-08,0.008592614904,0.02200001292,317.4538879,-1.210719347e-08,0.008592614904,0.02200001292
-1.210719347e-08,0.009107910097,0.02200000361,314.8043213,-1.210719347e-08,0.009107910097,0.02200000361
-1.210719347e-08,0.009107918479,0.0224997811,313.9924927,-1.210719347e-08,0.009107918479,0.0224997811
-1.210719347e-08,0.009622455575,0.02199998498,312.7750854,-1.210719347e-08,0.009622455575,0.02199998498
-1.210719347e-08,0.009622436017,0.02249974012,312.7747192,-1.210719347e-08,0.009622436017,0.02249974012
-1.210719347e-08,-0.007068080362,0.02400005795,324.0747375,-1.210719347e-08,-0.007068080362,0.02400005795
-1.210719347e-08,-0.00795167964,0.0240000505,320.9397278,-1.210719347e-08,-0.00795167964,0.0240000505
-1.210719347e-08,-0.008077741601,0.02349998616,319.5036316,-1.210719347e-08,-0.008077741601,0.02349998616
-1.210719347e-08,-0.006057224702,0.02400004119,326.8524475,-1.210719347e-08,-0.006057224702,0.02400004119
-1.210719347e-08,-0.005047095008,0.02400000766,328.5758057,-1.210719347e-08,-0.005047095008,0.02400000766
-1.210719347e-08,-0.004037374165,0.02399996854,329.584198,-1.210719347e-08,-0.004037374165,0.02399996854
-1.210719347e-08,-0.003027989063,0.02399993129,330.1427002,-1.210719347e-08,-0.003027989063,0.02399993129
-1.210719347e-08,-0.002018779516,0.02399989963,330.4335327,-1.210719347e-08,-0.002018779516,0.02399989963
-1.210719347e-08,-0.001009490574,0.02399987727,330.5691223,-1.210719347e-08,-0.001009490574,0.02399987727
-1.210719347e-08,2.034783648e-07,0.02399986424,330.6083069,-1.210719347e-08,2.034783648e-07,0.02399986424
-1.210719347e-08,0.001009891857,0.02399986237,330.5821533,-1.210719347e-08,0.001009891857,0.02399986237
-1.210719347e-08,0.001295282622,0.02399986424,330.5300293,-1.210719347e-08,0.001295282622,0.02399986424
-1.210719347e-08,0.002019243315,0.02399986796,330.4472656,-1.210719347e-08,0.002019243315,0.02399986796
-1.210719347e-08,0.003028542269,0.02399987727,330.1424866,-1.210719347e-08,0.003028542269,0.02399987727
-1.210719347e-08,0.004037991632,0.02399988845,329.5836487,-1.210719347e-08,0.004037991632,0.02399988845
-1.210719347e-08,0.005047718063,0.02399989776,328.5747681,-1.210719347e-08,0.005047718063,0.02399989776
-1.210719347e-08,0.006057752762,0.02399990521,326.8510132,-1.210719347e-08,0.006057752762,0.02399990521
-1.210719347e-08,0.007068398409,0.02399990894,324.0726624,-1.210719347e-08,0.007068398409,0.02399990894
-1.210719347e-08,0.007951642387,0.02399988845,320.9377441,-1.210719347e-08,0.007951642387,0.02399988845
-1.210719347e-08,0.008077674545,0.02349987254,319.50177,-1.210719347e-08,0.008077674545,0.02349987254
-1.210719347e-08,0.008592712693,0.02349965088,316.8424072,-1.210719347e-08,0.008592712693,0.02349965088
-1.210719347e-08,0.008592594415,0.02299982123,317.4547729,-1.210719347e-08,0.008592594415,0.02299982123
-1.210719347e-08,0.009107943624,0.022999648,314.2986755,-1.210719347e-08,0.009107943624,0.022999648
-1.210719347e-08,0.009622460231,0.02307013422,312.7769775,-1.210719347e-08,0.009622460231,0.02307013422
-1.210719347e-08,0.009622449055,0.02299969643,312.7770386,-1.210719347e-08,0.009622449055,0.02299969643
-1.210719347e-08,0.009107951075,0.02312660404,314.6031799,-1.210719347e-08,0.009107951075,0.02312660404
-1.210719347e-08,-0.007068010513,0.02500010282,324.4147034,-1.210719347e-08,-0.007068010513,0.02500010282
-1.210719347e-08,-0.007951558568,0.02500015125,321.0997314,-1.210719347e-08,-0.007951558568,0.02500015125
-1.210719347e-08,-0.008077654988,0.02450013719,319.5036926,-1.210719347e-08,-0.008077654988,0.02450013719
-1.210719347e-08,-0.006057161372,0.0250000637,326.8525696,-1.210719347e-08,-0.006057161372,0.0250000637
-1.210719347e-08,-0.005047033541,0.02500003017,328.5758057,-1.210719347e-08,-0.005047033541,0.02500003017
-1.210719347e-08,-0.004037318751,0.02499999851,329.5841064,-1.210719347e-08,-0.004037318751,0.02499999851
-1.210719347e-08,-0.003027947154,0.02499997243,330.1424866,-1.210719347e-08,-0.003027947154,0.02499997243
-1.210719347e-08,-0.002018752741,0.02499995381,330.4332581,-1.210719347e-08,-0.002018752741,0.02499995381
-1.210719347e-08,-0.001009478699,0.02499994077,330.5687866,-1.210719347e-08,-0.001009478699,0.02499994077
-1.210719347e-08,1.99152538e-07,0.02499993332,330.6079712,-1.210719347e-08,1.99152538e-07,0.02499993332
-1.210719347e-08,0.000938983052,0.02499993145,330.6080322,-1.210719347e-08,0.000938983052,0.02499993145
-1.210719347e-08,0.001009876025,0.02474077791,330.5611267,-1.210719347e-08,0.001009876025,0.02474077791
-1.210719347e-08,0.001009870553,0.02499993145,330.5688477,-1.210719347e-08,0.001009870553,0.02499993145
-1.210719347e-08,0.002019206295,0.02499993332,330.4332886,-1.210719347e-08,0.002019206295,0.02499993332
-1.210719347e-08,0.003028492909,0.02499993518,330.142334,-1.210719347e-08,0.003028492909,0.02499993518
-1.210719347e-08,0.004037931096,0.02499993332,329.5835876,-1.210719347e-08,0.004037931096,0.02499993332
-1.210719347e-08,0.005047648679,0.02499992587,328.5747681,-1.210719347e-08,0.005047648679,0.02499992587
-1.210719347e-08,0.00605768431,0.02499990538,326.8511047,-1.210719347e-08,0.00605768431,0.02499990538
-1.210719347e-08,0.007068350445,0.02499988675,324.0727234,-1.210719347e-08,0.007068350445,0.02499988675
-1.210719347e-08,0.007951666601,0.02499990165,320.9375,-1.210719347e-08,0.007951666601,0.02499990165
-1.210719347e-08,0.008077677339,0.02449991368,319.5013428,-1.210719347e-08,0.008077677339,0.02449991368
-1.210719347e-08,0.008592669852,0.0244999025,316.9871216,-1.210719347e-08,0.008592669852,0.0244999025
-1.210719347e-08,0.00859257672,0.02399974875,317.4545898,-1.210719347e-08,0.00859257672,0.02399974875
-1.210719347e-08,0.009107938036,0.02399929985,314.9503174,-1.210719347e-08,0.009107938036,0.02399929985
-1.210719347e-08,0.009107925929,0.02449989878,313.9924316,-1.210719347e-08,0.009107925929,0.02449989878
-1.210719347e-08,0.009622453712,0.02399847656,312.7761841,-1.210719347e-08,0.009622453712,0.02399847656
-1.210719347e-08,0.009622499347,0.02450002916,312.7738953,-1.210719347e-08,0.009622499347,0.02450002916
-1.210719347e-08,-0.009107869118,0.02517456375,314.6003723,-1.210719347e-08,-0.009107869118,0.02517456375
-1.210719347e-08,-0.009107868187,0.0255000852,313.9924316,-1.210719347e-08,-0.009107868187,0.0255000852
-1.210719347e-08,-0.008778763004,0.02550009638,315.8197632,-1.210719347e-08,-0.008778763004,0.02550009638
-1.210719347e-08,-0.007068017963,0.02600005828,323.8324585,-1.210719347e-08,-0.007068017963,0.02600005828
-1.210719347e-08,-0.007951596752,0.02600004524,320.7351074,-1.210719347e-08,-0.007951596752,0.02600004524
-1.210719347e-08,-0.008077608421,0.02550011128,319.5042114,-1.210719347e-08,-0.008077608421,0.02550011128
-1.210719347e-08,-0.006057146005,0.02600004338,326.8525391,-1.210719347e-08,-0.006057146005,0.02600004338
-1.210719347e-08,-0.005047010724,0.02600002289,328.5757141,-1.210719347e-08,-0.005047010724,0.02600002289
-1.210719347e-08,-0.004037296399,0.02600000612,329.5839844,-1.210719347e-08,-0.004037296399,0.02600000612
-1.210719347e-08,-0.003027930623,0.02599999309,330.142334,-1.210719347e-08,-0.003027930623,0.02599999309
-1.210719347e-08,-0.00201874529,0.02599998564,330.4330444,-1.210719347e-08,-0.00201874529,0.02599998564
-1.210719347e-08,-0.001009486848,0.02599998005,330.568573,-1.210719347e-08,-0.001009486848,0.02599998005
-1.210719347e-08,1.775164691e-07,0.02599997818,330.6077271,-1.210719347e-08,1.775164691e-07,0.02599997818
-1.210719347e-08,0.0007070839056,0.02599997818,330.6078186,-1.210719347e-08,0.0007070839056,0.02599997818
-1.210719347e-08,0.001009833417,0.02599997818,330.568634,-1.210719347e-08,0.001009833417,0.02599997818
-1.210719347e-08,0.002019153908,0.02599998005,330.433136,-1.210719347e-08,0.002019153908,0.02599998005
-1.210719347e-08,0.003028426785,0.02599997818,330.1422729,-1.210719347e-08,0.003028426785,0.02599997818
-1.210719347e-08,0.004037852865,0.02599997073,329.5836182,-1.210719347e-08,0.004037852865,0.02599997073
-1.210719347e-08,0.005047563463,0.02599995025,328.5748901,-1.210719347e-08,0.005047563463,0.02599995025
-1.210719347e-08,0.00605760375,0.02599991672,326.8511963,-1.210719347e-08,0.00605760375,0.02599991672
-1.210719347e-08,0.00706828991,0.02599986643,324.0726929,-1.210719347e-08,0.00706828991,0.02599986643
-1.210719347e-08,0.007951667532,0.02599980868,320.9373779,-1.210719347e-08,0.007951667532,0.02599980868
-1.210719347e-08,0.008077715524,0.02549985051,319.5010986,-1.210719347e-08,0.008077715524,0.02549985051
-1.210719347e-08,0.008592700586,0.02549986728,316.9867554,-1.210719347e-08,0.008592700586,0.02549986728
-1.210719347e-08,0.008592579514,0.02499995567,317.4535828,-1.210719347e-08,0.008592579514,0.02499995567
-1.210719347e-08,0.009107949212,0.0250001438,314.5133057,-1.210719347e-08,0.009107949212,0.0250001438
-1.210719347e-08,0.009107959457,0.02549991943,313.9921875,-1.210719347e-08,0.009107959457,0.02549991943
-1.210719347e-08,0.009622490965,0.02500063181,312.7735291,-1.210719347e-08,0.009622490965,0.02500063181
-1.210719347e-08,0.009622504935,0.02550003119,312.775238,-1.210719347e-08,0.009622504935,0.02550003119
-1.210719347e-08,-0.009107937105,0.02649995871,314.0793457,-1.210719347e-08,-0.009107937105,0.02649995871
-1.210719347e-08,-0.008813068271,0.02599979937,315.8194885,-1.210719347e-08,-0.008813068271,0.02599979937
-1.210719347e-08,-0.009107913822,0.02599959821,314.2977295,-1.210719347e-08,-0.009107913822,0.02599959821
-1.210719347e-08,-0.009042239748,0.02649996616,315.8188782,-1.210719347e-08,-0.009042239748,0.02649996616
-1.210719347e-08,-0.007068004459,0.02700003237,324.0748901,-1.210719347e-08,-0.007068004459,0.02700003237
-1.210719347e-08,-0.007951628417,0.0270000603,320.9400635,-1.210719347e-08,-0.007951628417,0.0270000603
-1.210719347e-08,-0.008077678271,0.02650004625,319.5038757,-1.210719347e-08,-0.008077678271,0.02650004625
-1.210719347e-08,-0.006057134364,0.0270000156,326.852356,-1.210719347e-08,-0.006057134364,0.0270000156
-1.210719347e-08,-0.005047005601,0.02700000629,328.5755615,-1.210719347e-08,-0.005047005601,0.02700000629
-1.210719347e-08,-0.004037299193,0.02700000256,329.5838318,-1.210719347e-08,-0.004037299193,0.02700000256
-1.210719347e-08,-0.003027938539,0.0270000007,330.1421814,-1.210719347e-08,-0.003027938539,0.0270000007
-1.210719347e-08,-0.002018759958,0.0270000007,330.4328918,-1.210719347e-08,-0.002018759958,0.0270000007
-1.210719347e-08,-0.001009511063,0.02700000256,330.5684204,-1.210719347e-08,-0.001009511063,0.02700000256
-1.210719347e-08,1.425789549e-07,0.02700000629,330.607605,-1.210719347e-08,1.425789549e-07,0.02700000629
-1.210719347e-08,0.0006041443557,0.02700000815,330.607666,-1.210719347e-08,0.0006041443557,0.02700000815
-1.210719347e-08,0.001009784639,0.02700001001,330.568512,-1.210719347e-08,0.001009784639,0.02700001001
-1.210719347e-08,0.002019092208,0.02700001374,330.4330444,-1.210719347e-08,0.002019092208,0.02700001374
-1.210719347e-08,0.003028351814,0.02700001188,330.1422424,-1.210719347e-08,0.003028351814,0.02700001188
-1.210719347e-08,0.004037767649,0.02700000629,329.5836487,-1.210719347e-08,0.004037767649,0.02700000629
-1.210719347e-08,0.005047470797,0.02699998952,328.5749817,-1.210719347e-08,0.005047470797,0.02699998952
-1.210719347e-08,0.00605750829,0.02699996531,326.8512573,-1.210719347e-08,0.00605750829,0.02699996531
-1.210719347e-08,0.007068200037,0.02699993923,324.0727539,-1.210719347e-08,0.007068200037,0.02699993923
-1.210719347e-08,0.007951603271,0.02699992992,320.9372864,-1.210719347e-08,0.007951603271,0.02699992992
-1.210719347e-08,0.00807767082,0.02649982274,319.5007629,-1.210719347e-08,0.00807767082,0.02649982274
-1.210719347e-08,0.008592636324,0.02649977244,316.9863892,-1.210719347e-08,0.008592636324,0.02649977244
-1.210719347e-08,0.008592561819,0.02599974163,317.4536743,-1.210719347e-08,0.008592561819,0.02599974163
-1.210719347e-08,0.00910790544,0.02649971843,313.7888184,-1.210719347e-08,0.00910790544,0.02649971843
-1.210719347e-08,0.009142028168,0.02599951439,312.775238,-1.210719347e-08,0.009142028168,0.02599951439
-1.210719347e-08,0.009107930586,0.02599954605,314.2973022,-1.210719347e-08,0.009107930586,0.02599954605
-1.210719347e-08,0.009115733206,0.02649972215,312.774231,-1.210719347e-08,0.009115733206,0.02649972215
-1.210719347e-08,-0.007067915052,0.02800000086,324.0744934,-1.210719347e-08,-0.007067915052,0.02800000086
-1.210719347e-08,-0.007951500826,0.02800002135,320.9397888,-1.210719347e-08,-0.007951500826,0.02800002135
-1.210719347e-08,-0.008077633567,0.02750002779,319.5037231,-1.210719347e-08,-0.008077633567,0.02750002779
-1.210719347e-08,-0.006057093386,0.02799999155,326.8521118,-1.210719347e-08,-0.006057093386,0.02799999155
-1.210719347e-08,-0.005046999082,0.02799999155,328.5753784,-1.210719347e-08,-0.005046999082,0.02799999155
-1.210719347e-08,-0.004037312232,0.02799999714,329.5836792,-1.210719347e-08,-0.004037312232,0.02799999714
-1.210719347e-08,-0.003027960192,0.02800000273,330.1420593,-1.210719347e-08,-0.003027960192,0.02800000273
-1.210719347e-08,-0.0020187872,0.02800000831,330.4327698,-1.210719347e-08,-0.0020187872,0.02800000831
-1.210719347e-08,-0.001009541331,0.02800001577,330.5682983,-1.210719347e-08,-0.001009541331,0.02800001577
-1.210719347e-08,1.032486807e-07,0.02800002322,330.6074829,-1.210719347e-08,1.032486807e-07,0.02800002322
-1.210719347e-08,0.0006276543136,0.02800002694,330.6075439,-1.210719347e-08,0.0006276543136,0.02800002694
-1.210719347e-08,0.001009735744,0.0280000288,330.5684204,-1.210719347e-08,0.001009735744,0.0280000288
-1.210719347e-08,0.002019031206,0.02800003439,330.4329834,-1.210719347e-08,0.002019031206,0.02800003439
-1.210719347e-08,0.0030282808,0.02800003625,330.1422424,-1.210719347e-08,0.0030282808,0.02800003625
-1.210719347e-08,0.004037688021,0.02800003625,329.5837097,-1.210719347e-08,0.004037688021,0.02800003625
-1.210719347e-08,0.005047379993,0.02800003067,328.5750732,-1.210719347e-08,0.005047379993,0.02800003067
-1.210719347e-08,0.006057396997,0.02800002508,326.8514404,-1.210719347e-08,0.006057396997,0.02800002508
-1.210719347e-08,0.007068060804,0.02800004371,324.0730591,-1.210719347e-08,0.007068060804,0.02800004371
-1.210719347e-08,0.007951457053,0.0280001238,320.9378357,-1.210719347e-08,0.007951457053,0.0280001238
-1.210719347e-08,0.008077583276,0.02750005946,319.5011597,-1.210719347e-08,0.008077583276,0.02750005946
-1.210719347e-08,0.00859254133,0.02750014514,316.9867249,-1.210719347e-08,0.00859254133,0.02750014514
-1.210719347e-08,0.008592462167,0.02699991688,317.453125,-1.210719347e-08,0.008592462167,0.02699991688
-1.210719347e-08,0.009622382,0.02735086903,312.7745667,-1.210719347e-08,0.009622382,0.02735086903
-1.210719347e-08,0.009107804857,0.02750041708,313.6445923,-1.210719347e-08,0.009107804857,0.02750041708
-1.210719347e-08,0.009119370952,0.02750043198,312.7759705,-1.210719347e-08,0.009119370952,0.02750043198
-1.210719347e-08,0.009622390382,0.02699950151,312.773407,-1.210719347e-08,0.009622390382,0.02699950151
-1.210719347e-08,0.009107824415,0.02699983492,314.8031006,-1.210719347e-08,0.009107824415,0.02699983492
-1.210719347e-08,-0.00910782814,0.02849697508,314.601532,-1.210719347e-08,-0.00910782814,0.02849697508
-1.210719347e-08,-0.00910782814,0.02850021049,313.9942932,-1.210719347e-08,-0.00910782814,0.02850021049
-1.210719347e-08,-0.009099271148,0.02850020863,315.8202515,-1.210719347e-08,-0.009099271148,0.02850020863
-1.210719347e-08,-0.007067827974,0.02899996936,324.4139404,-1.210719347e-08,-0.007067827974,0.02899996936
-1.210719347e-08,-0.007951323874,0.0289999824,321.0991821,-1.210719347e-08,-0.007951323874,0.0289999824
-1.210719347e-08,-0.008077443577,0.02850001492,319.5038452,-1.210719347e-08,-0.008077443577,0.02850001492
-1.210719347e-08,-0.006057054736,0.02899997309,326.8518677,-1.210719347e-08,-0.006057054736,0.02899997309
-1.210719347e-08,-0.005046996754,0.0289999824,328.5752258,-1.210719347e-08,-0.005046996754,0.0289999824
-1.210719347e-08,-0.004037331324,0.02899999358,329.5835571,-1.210719347e-08,-0.004037331324,0.02899999358
-1.210719347e-08,-0.003027987201,0.02900000475,330.1419373,-1.210719347e-08,-0.003027987201,0.02900000475
-1.210719347e-08,-0.002018817002,0.02900001593,330.4326782,-1.210719347e-08,-0.002018817002,0.02900001593
-1.210719347e-08,-0.001009573811,0.02900002338,330.5681763,-1.210719347e-08,-0.001009573811,0.02900002338
-1.210719347e-08,6.164108157e-08,0.02900003083,330.6073914,-1.210719347e-08,6.164108157e-08,0.02900003083
-1.210719347e-08,0.0007720765425,0.02900003642,330.6074524,-1.210719347e-08,0.0007720765425,0.02900003642
-1.210719347e-08,0.001009689062,0.02900003828,330.5683289,-1.210719347e-08,0.001009689062,0.02900003828
-1.210719347e-08,0.002018976491,0.02900004759,330.4329529,-1.210719347e-08,0.002018976491,0.02900004759
-1.210719347e-08,0.003028221894,0.02900005318,330.1422424,-1.210719347e-08,0.003028221894,0.02900005318
-1.210719347e-08,0.004037627019,0.02900005691,329.5837402,-1.210719347e-08,0.004037627019,0.02900005691
-1.210719347e-08,0.005047314335,0.02900005691,328.5751343,-1.210719347e-08,0.005047314335,0.02900005691
-1.210719347e-08,0.006057315506,0.02900005877,326.851532,-1.210719347e-08,0.006057315506,0.02900005877
-1.210719347e-08,0.007067938801,0.02900007926,324.4130554,-1.210719347e-08,0.007067938801,0.02900007926
-1.210719347e-08,0.007951258682,0.02900015004,321.0979309,-1.210719347e-08,0.007951258682,0.02900015004
-1.210719347e-08,0.008077349514,0.02850018255,319.5021362,-1.210719347e-08,0.008077349514,0.02850018255
-1.210719347e-08,0.008592348546,0.02850027755,316.9874268,-1.210719347e-08,0.008592348546,0.02850027755
-1.210719347e-08,0.008592349477,0.02800019458,317.4541321,-1.210719347e-08,0.008592349477,0.02800019458
-1.210719347e-08,0.009107756428,0.02800028957,314.5143433,-1.210719347e-08,0.009107756428,0.02800028957
-1.210719347e-08,0.009622303769,0.02847374603,312.7748413,-1.210719347e-08,0.009622303769,0.02847374603
-1.210719347e-08,0.00962236058,0.02800034545,312.7757263,-1.210719347e-08,0.00962236058,0.02800034545
-1.210719347e-08,0.009107689373,0.02836155705,314.6014404,-1.210719347e-08,0.009107689373,0.02836155705
-1.210719347e-08,-0.009107832797,0.02949992381,313.9197083,-1.210719347e-08,-0.009107832797,0.02949992381
-1.210719347e-08,-0.008853345178,0.02899996378,315.8206787,-1.210719347e-08,-0.008853345178,0.02899996378
-1.210719347e-08,-0.009107817896,0.02899994515,314.2991333,-1.210719347e-08,-0.009107817896,0.02899994515
-1.210719347e-08,-0.008890244178,0.02949994616,315.8208923,-1.210719347e-08,-0.008890244178,0.02949994616
-1.210719347e-08,-0.007067843806,0.02999993972,324.0738831,-1.210719347e-08,-0.007067843806,0.02999993972
-1.210719347e-08,-0.00795133505,0.02999994531,320.93927,-1.210719347e-08,-0.00795133505,0.02999994531
-1.210719347e-08,-0.00807736069,0.02949996293,319.5038452,-1.210719347e-08,-0.00807736069,0.02949996293
-1.210719347e-08,-0.006057069637,0.02999995835,326.8516235,-1.210719347e-08,-0.006057069637,0.02999995835
-1.210719347e-08,-0.005047017243,0.02999997884,328.5750122,-1.210719347e-08,-0.005047017243,0.02999997884
-1.210719347e-08,-0.004037356935,0.0299999956,329.5834045,-1.210719347e-08,-0.004037356935,0.0299999956
-1.210719347e-08,-0.003028014442,0.03000000864,330.1418152,-1.210719347e-08,-0.003028014442,0.03000000864
-1.210719347e-08,-0.002018843777,0.03000001609,330.4325562,-1.210719347e-08,-0.002018843777,0.03000001609
-1.210719347e-08,-0.001009603497,0.03000002541,330.5680847,-1.210719347e-08,-0.001009603497,0.03000002541
-1.210719347e-08,2.952897482e-08,0.03000003472,330.6072998,-1.210719347e-08,2.952897482e-08,0.03000003472
-1.210719347e-08,0.001002894482,0.03000004217,330.6073608,-1.210719347e-08,0.001002894482,0.03000004217
-1.210719347e-08,0.00100964983,0.03000004217,330.5515137,-1.210719347e-08,0.00100964983,0.03000004217
-1.210719347e-08,0.002018935513,0.03000004962,330.4136353,-1.210719347e-08,0.002018935513,0.03000004962
-1.210719347e-08,0.003028182313,0.03000005707,330.1422119,-1.210719347e-08,0.003028182313,0.03000005707
-1.210719347e-08,0.004037596285,0.03000006266,329.5837402,-1.210719347e-08,0.004037596285,0.03000006266
-1.210719347e-08,0.005047302227,0.03000006452,328.5751038,-1.210719347e-08,0.005047302227,0.03000006452
-1.210719347e-08,0.006057325751,0.03000005893,326.8514099,-1.210719347e-08,0.006057325751,0.03000005893
-1.210719347e-08,0.007067971863,0.03000003844,324.0729065,-1.210719347e-08,0.007067971863,0.03000003844
-1.210719347e-08,0.007951248437,0.0299999658,320.732605,-1.210719347e-08,0.007951248437,0.0299999658
-1.210719347e-08,0.008077278733,0.02950003743,319.5021973,-1.210719347e-08,0.008077278733,0.02950003743
-1.210719347e-08,0.008592306636,0.02949999459,317.1833496,-1.210719347e-08,0.008592306636,0.02949999459
-1.210719347e-08,0.008592179045,0.02900027111,316.9884338,-1.210719347e-08,0.008592179045,0.02900027111
-1.210719347e-08,0.009107665159,0.02949985117,314.5166321,-1.210719347e-08,0.009107665159,0.02949985117
-1.210719347e-08,0.009293947369,0.02949972823,312.7771301,-1.210719347e-08,0.009293947369,0.02949972823
-1.210719347e-08,0.009107653983,0.02925112657,313.9956665,-1.210719347e-08,0.009107653983,0.02925112657
-1.210719347e-08,-0.009107853286,0.03011912853,313.7906494,-1.210719347e-08,-0.009107853286,0.03011912853
-1.210719347e-08,-0.00877680257,0.02999998629,315.8205872,-1.210719347e-08,-0.00877680257,0.02999998629
-1.210719347e-08,-0.009107845835,0.03000001237,314.6039429,-1.210719347e-08,-0.009107845835,0.03000001237
-1.210719347e-08,-0.007067925762,0.03099995479,324.3161011,-1.210719347e-08,-0.007067925762,0.03099995479
-1.210719347e-08,-0.007951431908,0.03099996783,320.7335815,-1.210719347e-08,-0.007951431908,0.03099996783
-1.210719347e-08,-0.008077455685,0.03049996495,319.5032959,-1.210719347e-08,-0.008077455685,0.03049996495
-1.210719347e-08,-0.006057125516,0.0309999641,327.0671692,-1.210719347e-08,-0.006057125516,0.0309999641
-1.210719347e-08,-0.005047056358,0.03099998273,328.5748291,-1.210719347e-08,-0.005047056358,0.03099998273
-1.210719347e-08,-0.004037383478,0.03099999763,329.583252,-1.210719347e-08,-0.004037383478,0.03099999763
-1.210719347e-08,-0.003028036328,0.03100000881,330.1416931,-1.210719347e-08,-0.003028036328,0.03100000881
-1.210719347e-08,-0.002018863801,0.03100001626,330.4324646,-1.210719347e-08,-0.002018863801,0.03100001626
-1.210719347e-08,-0.001009623636,0.03100002371,330.5679932,-1.210719347e-08,-0.001009623636,0.03100002371
-1.210719347e-08,9.75691794e-09,0.03100003116,330.6072083,-1.210719347e-08,9.75691794e-09,0.03100003116
-1.210719347e-08,0.001009649015,0.03003215604,330.5760498,-1.210719347e-08,0.001009649015,0.03003215604
-1.210719347e-08,0.001009623986,0.03100003861,330.5682068,-1.210719347e-08,0.001009623986,0.03100003861
-1.210719347e-08,0.001350906328,0.03100004047,330.5291443,-1.210719347e-08,0.001350906328,0.03100004047
-1.210719347e-08,0.002018908039,0.03100004606,330.4190674,-1.210719347e-08,0.002018908039,0.03100004606
-1.210719347e-08,0.003028158098,0.03100005351,330.0773315,-1.210719347e-08,0.003028158098,0.03100005351
-1.210719347e-08,0.004037585109,0.0310000591,329.4623108,-1.210719347e-08,0.004037585109,0.0310000591
-1.210719347e-08,0.005047315266,0.03100006282,328.3601379,-1.210719347e-08,0.005047315266,0.03100006282
-1.210719347e-08,0.00605738163,0.03100005724,326.4914551,-1.210719347e-08,0.00605738163,0.03100005724
-1.210719347e-08,0.007068087347,0.03095341846,323.8294373,-1.210719347e-08,0.007068087347,0.03095341846
-1.210719347e-08,0.006834100932,0.03100004792,325.7715454,-1.210719347e-08,0.006834100932,0.03100004792
-1.210719347e-08,0.007068092935,0.0310000442,323.8286133,-1.210719347e-08,0.007068092935,0.0310000442
-1.210719347e-08,0.007208847906,0.03100004047,322.3722839,-1.210719347e-08,0.007208847906,0.03100004047
-1.210719347e-08,0.007951406762,0.03100002185,319.8205566,-1.210719347e-08,0.007951406762,0.03100002185
-1.210719347e-08,0.008077356033,0.03049996309,320.4582825,-1.210719347e-08,0.008077356033,0.03049996309
-1.210719347e-08,0.008592389524,0.03049990162,316.9866638,-1.210719347e-08,0.008592389524,0.03049990162
-1.210719347e-08,0.008592187427,0.02999985218,317.4544678,-1.210719347e-08,0.008592187427,0.02999985218
-1.210719347e-08,0.009107613936,0.02999959886,314.8044434,-1.210719347e-08,0.009107613936,0.02999959886
-1.210719347e-08,0.009107673541,0.03049978428,313.9911499,-1.210719347e-08,0.009107673541,0.03049978428
-1.210719347e-08,0.009622316808,0.02999923751,312.7746582,-1.210719347e-08,0.009622316808,0.02999923751
-1.210719347e-08,0.009622314014,0.03049970977,312.7733765,-1.210719347e-08,0.009622314014,0.03049970977
-1.210719347e-08,-0.007068006787,0.03197054937,323.830719,-1.210719347e-08,-0.007068006787,0.03197054937
-1.210719347e-08,-0.00795146171,0.03200008348,320.4595337,-1.210719347e-08,-0.00795146171,0.03200008348
-1.210719347e-08,-0.008077546023,0.03150001168,320.4597473,-1.210719347e-08,-0.008077546023,0.03150001168
-1.210719347e-08,-0.00716890255,0.03200000525,322.3747559,-1.210719347e-08,-0.00716890255,0.03200000525
-1.210719347e-08,-0.007068009116,0.03199999407,324.4138489,-1.210719347e-08,-0.007068009116,0.03199999407
-1.210719347e-08,-0.006941623054,0.03199999034,325.7724304,-1.210719347e-08,-0.006941623054,0.03199999034
-1.210719347e-08,-0.006057184655,0.03199997544,326.6969299,-1.210719347e-08,-0.006057184655,0.03199997544
-1.210719347e-08,-0.005047095474,0.03199998289,328.6666565,-1.210719347e-08,-0.005047095474,0.03199998289
-1.210719347e-08,-0.004037408624,0.03199999407,329.6559448,-1.210719347e-08,-0.004037408624,0.03199999407
-1.210719347e-08,-0.003028051229,0.03200000525,330.1416016,-1.210719347e-08,-0.003028051229,0.03200000525
-1.210719347e-08,-0.002018873347,0.03200000897,330.432373,-1.210719347e-08,-0.002018873347,0.03200000897
-1.210719347e-08,-0.001009631553,0.03200001642,330.5679321,-1.210719347e-08,-0.001009631553,0.03200001642
-1.210719347e-08,-1.544986472e-09,0.03200002015,330.6071472,-1.210719347e-08,-1.544986472e-09,0.03200002015
-1.210719347e-08,0.001009608619,0.0320000276,330.5759277,-1.210719347e-08,0.001009608619,0.0320000276
-1.210719347e-08,0.002018900588,0.03144367784,330.4520569,-1.210719347e-08,0.002018900588,0.03144367784
-1.210719347e-08,0.002018891042,0.03200003505,330.4465637,-1.210719347e-08,0.002018891042,0.03200003505
-1.210719347e-08,0.003028144594,0.03183522075,330.2069092,-1.210719347e-08,0.003028144594,0.03183522075
-1.210719347e-08,0.0030281418,0.0320000425,330.1421204,-1.210719347e-08,0.0030281418,0.0320000425
-1.210719347e-08,0.004037578125,0.03194444254,329.7049866,-1.210719347e-08,0.004037578125,0.03194444254
-1.210719347e-08,0.004037577659,0.03200004622,329.5836182,-1.210719347e-08,0.004037577659,0.03200004622
-1.210719347e-08,0.005047325045,0.03173405305,328.7897644,-1.210719347e-08,0.005047325045,0.03173405305
-1.210719347e-08,0.005047328304,0.03200004995,328.5748291,-1.210719347e-08,0.005047328304,0.03200004995
-1.210719347e-08,0.0060573956,0.03128915653,327.2106934,-1.210719347e-08,0.0060573956,0.03128915653
-1.210719347e-08,0.006057430059,0.03200004995,326.6965332,-1.210719347e-08,0.006057430059,0.03200004995
-1.210719347e-08,0.007068194449,0.03200004622,324.4115295,-1.210719347e-08,0.007068194449,0.03200004622
-1.210719347e-08,0.007951647975,0.03200003505,321.277771,-1.210719347e-08,0.007951647975,0.03200003505
-1.210719347e-08,0.008077612147,0.03149999678,320.1839294,-1.210719347e-08,0.008077612147,0.03149999678
-1.210719347e-08,0.008009376936,0.03122974373,320.4577942,-1.210719347e-08,0.008009376936,0.03122974373
-1.210719347e-08,0.008404328488,0.0314999409,318.5437317,-1.210719347e-08,0.008404328488,0.0314999409
-1.210719347e-08,0.00859276671,0.03149990737,316.9879456,-1.210719347e-08,0.00859276671,0.03149990737
-1.210719347e-08,0.008592469618,0.03100006096,317.4538574,-1.210719347e-08,0.008592469618,0.03100006096
-1.210719347e-08,0.009584225714,0.03100098856,312.7761841,-1.210719347e-08,0.009584225714,0.03100098856
-1.210719347e-08,0.009622721933,0.03149832413,312.7789307,-1.210719347e-08,0.009622721933,0.03149832413
-1.210719347e-08,0.009622895159,0.03101504222,312.7776184,-1.210719347e-08,0.009622895159,0.03101504222
-1.210719347e-08,0.009108016267,0.0310003031,314.1285095,-1.210719347e-08,0.009108016267,0.0310003031
-1.210719347e-08,0.009108171798,0.03149950877,313.995575,-1.210719347e-08,0.009108171798,0.03149950877
-1.210719347e-08,-0.009107924998,0.03250053898,314.2955627,-1.210719347e-08,-0.009107924998,0.03250053898
-1.210719347e-08,-0.008847109973,0.03200015053,315.8188477,-1.210719347e-08,-0.008847109973,0.03200015053
-1.210719347e-08,-0.009107912891,0.03200015798,313.9920959,-1.210719347e-08,-0.009107912891,0.03200015798
-1.210719347e-08,-0.00873994641,0.03250033781,315.8187561,-1.210719347e-08,-0.00873994641,0.03250033781
-1.210719347e-08,-0.007531562354,0.03300002217,322.3742065,-1.210719347e-08,-0.007531562354,0.03300002217
-1.210719347e-08,-0.007951480336,0.03300005943,320.0765076,-1.210719347e-08,-0.007951480336,0.03300005943
-1.210719347e-08,-0.008077553473,0.03250012919,320.0766296,-1.210719347e-08,-0.008077553473,0.03250012919
-1.210719347e-08,-0.007068024017,0.03299998492,323.5075989,-1.210719347e-08,-0.007068024017,0.03299998492
-1.210719347e-08,-0.006057190709,0.03231222183,327.2110291,-1.210719347e-08,-0.006057190709,0.03231222183
-1.210719347e-08,-0.006057204213,0.03299997002,326.3892517,-1.210719347e-08,-0.006057204213,0.03299997002
-1.210719347e-08,-0.005047108512,0.0327869989,328.7036743,-1.210719347e-08,-0.005047108512,0.0327869989
-1.210719347e-08,-0.005047111772,0.03299997374,328.4830627,-1.210719347e-08,-0.005047111772,0.03299997374
-1.210719347e-08,-0.004585523624,0.03299997747,329.2192688,-1.210719347e-08,-0.004585523624,0.03299997747
-1.210719347e-08,-0.004037418868,0.03299998119,329.5830078,-1.210719347e-08,-0.004037418868,0.03299998119
-1.210719347e-08,-0.003028054722,0.03299999237,330.1803589,-1.210719347e-08,-0.003028054722,0.03299999237
-1.210719347e-08,-0.002018871484,0.0329999961,330.432251,-1.210719347e-08,-0.002018871484,0.0329999961
-1.210719347e-08,-0.001009629108,0.03299999982,330.5678406,-1.210719347e-08,-0.001009629108,0.03299999982
-1.210719347e-08,-4.377926466e-09,0.03300000355,330.6070557,-1.210719347e-08,-4.377926466e-09,0.03300000355
-1.210719347e-08,0.001009604195,0.03300000727,330.5680542,-1.210719347e-08,0.001009604195,0.03300000727
-1.210719347e-08,0.00201888429,0.03300001472,330.4327393,-1.210719347e-08,0.00201888429,0.03300001472
-1.210719347e-08,0.003028133418,0.03300002217,330.1420898,-1.210719347e-08,0.003028133418,0.03300002217
-1.210719347e-08,0.004037570674,0.03300002962,329.5835876,-1.210719347e-08,0.004037570674,0.03300002962
-1.210719347e-08,0.005047331564,0.03300003335,328.5748901,-1.210719347e-08,0.005047331564,0.03300003335
-1.210719347e-08,0.006057449616,0.0330000408,326.8509216,-1.210719347e-08,0.006057449616,0.0330000408
-1.210719347e-08,0.007068227045,0.03300004825,324.0718079,-1.210719347e-08,0.007068227045,0.03300004825
-1.210719347e-08,0.007951730862,0.03300009295,320.9364624,-1.210719347e-08,0.007951730862,0.03300009295
-1.210719347e-08,0.008077753708,0.03250007704,319.5001221,-1.210719347e-08,0.008077753708,0.03250007704
-1.210719347e-08,0.009339831769,0.03250030801,312.776123,-1.210719347e-08,0.009339831769,0.03250030801
-1.210719347e-08,0.009622680955,0.03250040859,312.7760925,-1.210719347e-08,0.009622680955,0.03250040859
-1.210719347e-08,0.009622695856,0.0324376151,312.7766113,-1.210719347e-08,0.009622695856,0.0324376151
-1.210719347e-08,-0.008004900999,0.03378776088,320.4597778,-1.210719347e-08,-0.008004900999,0.03378776088
-1.210719347e-08,-0.008077519946,0.03349998966,319.821167,-1.210719347e-08,-0.008077519946,0.03349998966
-1.210719347e-08,-0.007067960687,0.03399996832,324.0735779,-1.210719347e-08,-0.007067960687,0.03399996832
-1.210719347e-08,-0.007951389067,0.03400000185,320.6729126,-1.210719347e-08,-0.007951389067,0.03400000185
-1.210719347e-08,-0.006057172548,0.03399995714,326.8515625,-1.210719347e-08,-0.006057172548,0.03399995714
-1.210719347e-08,-0.005047097802,0.03399995714,328.446167,-1.210719347e-08,-0.005047097802,0.03399995714
-1.210719347e-08,-0.004037415143,0.03343470395,329.6559448,-1.210719347e-08,-0.004037415143,0.03343470395
-1.210719347e-08,-0.004037410486,0.03399996459,329.4924622,-1.210719347e-08,-0.004037410486,0.03399996459
-1.210719347e-08,-0.003390770173,0.03399996832,329.9472656,-1.210719347e-08,-0.003390770173,0.03399996832
-1.210719347e-08,-0.003028046805,0.03399996832,330.1413879,-1.210719347e-08,-0.003028046805,0.03399996832
-1.210719347e-08,-0.002018863102,0.03399997205,330.4514771,-1.210719347e-08,-0.002018863102,0.03399997205
-1.210719347e-08,-0.001009619329,0.03399997577,330.567749,-1.210719347e-08,-0.001009619329,0.03399997577
-1.210719347e-08,6.988115864e-09,0.0339999795,330.6069946,-1.210719347e-08,6.988115864e-09,0.0339999795
-1.210719347e-08,0.001009611646,0.03399998322,330.5679932,-1.210719347e-08,0.001009611646,0.03399998322
-1.210719347e-08,0.002018888015,0.03399999067,330.4326782,-1.210719347e-08,0.002018888015,0.03399999067
-1.210719347e-08,0.00302813435,0.03399999812,330.1420593,-1.210719347e-08,0.00302813435,0.03399999812
-1.210719347e-08,0.004037570674,0.03400000557,329.5836182,-1.210719347e-08,0.004037570674,0.03400000557
-1.210719347e-08,0.005047334358,0.03400001675,328.5749512,-1.210719347e-08,0.005047334358,0.03400001675
-1.210719347e-08,0.006057464518,0.03400002792,326.8511047,-1.210719347e-08,0.006057464518,0.03400002792
-1.210719347e-08,0.007068251725,0.0340000391,323.8293152,-1.210719347e-08,0.007068251725,0.0340000391
-1.210719347e-08,0.007951790467,0.03400002047,320.7315674,-1.210719347e-08,0.007951790467,0.03400002047
-1.210719347e-08,0.008077804931,0.03350006789,319.5006104,-1.210719347e-08,0.008077804931,0.03350006789
-1.210719347e-08,0.009469857439,0.03300069273,312.7766418,-1.210719347e-08,0.009469857439,0.03300069273
-1.210719347e-08,0.009622572921,0.03310184926,312.7774658,-1.210719347e-08,0.009622572921,0.03310184926
-1.210719347e-08,0.00962257944,0.03300082684,312.7764282,-1.210719347e-08,0.00962257944,0.03300082684
-1.210719347e-08,-0.008916768245,0.03450016305,315.8196106,-1.210719347e-08,-0.008916768245,0.03450016305
-1.210719347e-08,-0.008592552505,0.03450007364,317.1828918,-1.210719347e-08,-0.008592552505,0.03450007364
-1.210719347e-08,-0.008592469618,0.03410624713,317.4551697,-1.210719347e-08,-0.008592469618,0.03410624713
-1.210719347e-08,-0.007067922503,0.0349999629,324.4134521,-1.210719347e-08,-0.007067922503,0.0349999629
-1.210719347e-08,-0.007951442152,0.03500000387,320.8432617,-1.210719347e-08,-0.007951442152,0.03500000387
-1.210719347e-08,-0.008077471517,0.03450002521,319.8220215,-1.210719347e-08,-0.008077471517,0.03450002521
-1.210719347e-08,-0.00605714554,0.03499994054,326.8516235,-1.210719347e-08,-0.00605714554,0.03499994054
-1.210719347e-08,-0.005047078244,0.03499993309,328.5750732,-1.210719347e-08,-0.005047078244,0.03499993309
-1.210719347e-08,-0.004037395585,0.03499993309,329.5106506,-1.210719347e-08,-0.004037395585,0.03499993309
-1.210719347e-08,-0.003028039588,0.03456776962,330.1804199,-1.210719347e-08,-0.003028039588,0.03456776962
-1.210719347e-08,-0.003028034233,0.03499993309,330.0585022,-1.210719347e-08,-0.003028034233,0.03499993309
-1.210719347e-08,-0.002770594554,0.03499993309,330.335907,-1.210719347e-08,-0.002770594554,0.03499993309
-1.210719347e-08,-0.002018851927,0.03499993682,330.4183655,-1.210719347e-08,-0.002018851927,0.03499993682
-1.210719347e-08,-0.001009606523,0.03499993682,330.567688,-1.210719347e-08,-0.001009606523,0.03499993682
-1.210719347e-08,2.198979132e-08,0.03499994054,330.6069336,-1.210719347e-08,2.198979132e-08,0.03499994054
-1.210719347e-08,0.00100962678,0.03499994799,330.5679321,-1.210719347e-08,0.00100962678,0.03499994799
-1.210719347e-08,0.002018900588,0.03499995917,330.4326172,-1.210719347e-08,0.002018900588,0.03499995917
-1.210719347e-08,0.003028142266,0.03499997035,330.1420288,-1.210719347e-08,0.003028142266,0.03499997035
-1.210719347e-08,0.004037573468,0.03499998525,329.5836182,-1.210719347e-08,0.004037573468,0.03499998525
-1.210719347e-08,0.005047333892,0.03500000387,328.5750732,-1.210719347e-08,0.005047333892,0.03500000387
-1.210719347e-08,0.006057468709,0.03500002623,326.8513184,-1.210719347e-08,0.006057468709,0.03500002623
-1.210719347e-08,0.007068264298,0.03500004485,324.0725708,-1.210719347e-08,0.007068264298,0.03500004485
-1.210719347e-08,0.007951762527,0.03500001505,320.9368896,-1.210719347e-08,0.007951762527,0.03500001505
-1.210719347e-08,0.008077831939,0.03450003266,319.5004883,-1.210719347e-08,0.008077831939,0.03450003266
-1.210719347e-08,-0.009107869118,0.03549999371,314.8059692,-1.210719347e-08,-0.009107869118,0.03549999371
-1.210719347e-08,-0.008592560887,0.03549997881,317.3780823,-1.210719347e-08,-0.008592560887,0.03549997881
-1.210719347e-08,-0.009107867256,0.03499998525,314.5162048,-1.210719347e-08,-0.009107867256,0.03499998525
-1.210719347e-08,-0.008592426777,0.0350000225,317.1831665,-1.210719347e-08,-0.008592426777,0.0350000225
-1.210719347e-08,-0.007067941595,0.03599992767,324.0741272,-1.210719347e-08,-0.007067941595,0.03599992767
-1.210719347e-08,-0.007951451465,0.03599994257,320.9396973,-1.210719347e-08,-0.007951451465,0.03599994257
-1.210719347e-08,-0.008077527396,0.03549997509,319.8223877,-1.210719347e-08,-0.008077527396,0.03549997509
-1.210719347e-08,-0.006057143211,0.03599991277,326.8518677,-1.210719347e-08,-0.006057143211,0.03599991277
-1.210719347e-08,-0.005047068931,0.03599990159,328.5751648,-1.210719347e-08,-0.005047068931,0.03599990159
-1.210719347e-08,-0.004037384875,0.03599989414,329.5834351,-1.210719347e-08,-0.004037384875,0.03599989414
-1.210719347e-08,-0.003028023057,0.03599988669,330.1417236,-1.210719347e-08,-0.003028023057,0.03599988669
-1.210719347e-08,-0.002531187842,0.03599988669,330.3358154,-1.210719347e-08,-0.002531187842,0.03599988669
-1.210719347e-08,-0.002018840518,0.03599988669,330.4320374,-1.210719347e-08,-0.002018840518,0.03599988669
-1.210719347e-08,-0.001009592437,0.03599988669,330.5675659,-1.210719347e-08,-0.001009592437,0.03599988669
-1.210719347e-08,3.88723258e-08,0.03599989042,330.6068115,-1.210719347e-08,3.88723258e-08,0.03599989042
-1.210719347e-08,0.001009644126,0.03599990159,330.5678101,-1.210719347e-08,0.001009644126,0.03599990159
-1.210719347e-08,0.002018915024,0.03599991277,330.4325256,-1.210719347e-08,0.002018915024,0.03599991277
-1.210719347e-08,0.003028151346,0.03599993512,330.1419678,-1.210719347e-08,0.003028151346,0.03599993512
-1.210719347e-08,0.004037571605,0.03599995747,329.5836182,-1.210719347e-08,0.004037571605,0.03599995747
-1.210719347e-08,0.005047319457,0.03599998355,328.5751343,-1.210719347e-08,0.005047319457,0.03599998355
-1.210719347e-08,0.006057437975,0.03600001708,326.8515625,-1.210719347e-08,0.006057437975,0.03600001708
-1.210719347e-08,0.00706822332,0.03600003943,324.0730591,-1.210719347e-08,0.00706822332,0.03600003943
-1.210719347e-08,0.007951613516,0.03600002825,320.937439,-1.210719347e-08,0.007951613516,0.03600002825
-1.210719347e-08,0.008077746257,0.03550001234,319.5007935,-1.210719347e-08,0.008077746257,0.03550001234
-1.210719347e-08,-0.008592493832,0.03612344339,316.9098816,-1.210719347e-08,-0.008592493832,0.03612344339
-1.210719347e-08,-0.008592453785,0.03599993885,317.3779297,-1.210719347e-08,-0.008592453785,0.03599993885
-1.210719347e-08,-0.008663688786,0.03599993885,315.8196716,-1.210719347e-08,-0.008663688786,0.03599993885
-1.210719347e-08,-0.007067949045,0.03699990734,323.8323669,-1.210719347e-08,-0.007067949045,0.03699990734
-1.210719347e-08,-0.007951417007,0.03699995577,320.7357178,-1.210719347e-08,-0.007951417007,0.03699995577
-1.210719347e-08,-0.008077506907,0.03649996221,319.3126526,-1.210719347e-08,-0.008077506907,0.03649996221
-1.210719347e-08,-0.006057144608,0.03699988127,326.8521118,-1.210719347e-08,-0.006057144608,0.03699988127
-1.210719347e-08,-0.005047068466,0.03699986264,328.5751953,-1.210719347e-08,-0.005047068466,0.03699986264
-1.210719347e-08,-0.004037383478,0.03699984401,329.583374,-1.210719347e-08,-0.004037383478,0.03699984401
-1.210719347e-08,-0.003028020728,0.03699982911,330.1416016,-1.210719347e-08,-0.003028020728,0.03699982911
-1.210719347e-08,-0.002420954406,0.03699982539,330.3356628,-1.210719347e-08,-0.002420954406,0.03699982539
-1.210719347e-08,-0.002018834464,0.03699982166,330.4318848,-1.210719347e-08,-0.002018834464,0.03699982166
-1.210719347e-08,-0.001009584288,0.03699981421,330.5673828,-1.210719347e-08,-0.001009584288,0.03699981421
-1.210719347e-08,4.865163916e-08,0.03699982166,330.6066284,-1.210719347e-08,4.865163916e-08,0.03699982166
-1.210719347e-08,0.001009658561,0.03699983284,330.567627,-1.210719347e-08,0.001009658561,0.03699983284
-1.210719347e-08,0.002018927364,0.03699985147,330.432373,-1.210719347e-08,0.002018927364,0.03699985147
-1.210719347e-08,0.00302815903,0.03699988127,330.1418457,-1.210719347e-08,0.00302815903,0.03699988127
-1.210719347e-08,0.00403756788,0.03699991852,329.5835571,-1.210719347e-08,0.00403756788,0.03699991852
-1.210719347e-08,0.005047297105,0.0369999595,328.5751953,-1.210719347e-08,0.005047297105,0.0369999595
-1.210719347e-08,0.006057391409,0.03699999675,326.8517456,-1.210719347e-08,0.006057391409,0.03699999675
-1.210719347e-08,0.007068160456,0.03700002283,324.0734863,-1.210719347e-08,0.007068160456,0.03700002283
-1.210719347e-08,0.007951568812,0.03700001538,320.9381409,-1.210719347e-08,0.007951568812,0.03700001538
-1.210719347e-08,0.008077632636,0.03650003672,319.5014954,-1.210719347e-08,0.008077632636,0.03650003672
-1.210719347e-08,0.009622482583,0.03650018573,312.7766418,-1.210719347e-08,0.009622482583,0.03650018573
-1.210719347e-08,0.00910791941,0.03607289493,313.7904053,-1.210719347e-08,0.00910791941,0.03607289493
-1.210719347e-08,0.009107936174,0.03650008887,314.6029358,-1.210719347e-08,0.009107936174,0.03650008887
-1.210719347e-08,0.009622498415,0.036201749,312.7757568,-1.210719347e-08,0.009622498415,0.036201749
-1.210719347e-08,-0.007067936007,0.03799986839,324.0754395,-1.210719347e-08,-0.007067936007,0.03799986839
-1.210719347e-08,-0.007951424457,0.03799984232,320.6760254,-1.210719347e-08,-0.007951424457,0.03799984232
-1.210719347e-08,-0.008077475242,0.03749990091,319.5059204,-1.210719347e-08,-0.008077475242,0.03749990091
-1.210719347e-08,-0.006057150662,0.03799984977,326.8521729,-1.210719347e-08,-0.006057150662,0.03799984977
-1.210719347e-08,-0.005047081038,0.03799981624,328.5751038,-1.210719347e-08,-0.005047081038,0.03799981624
-1.210719347e-08,-0.004037396051,0.03799978271,329.5831909,-1.210719347e-08,-0.004037396051,0.03799978271
-1.210719347e-08,-0.00302802911,0.03799975291,330.1413574,-1.210719347e-08,-0.00302802911,0.03799975291
-1.210719347e-08,-0.002625989262,0.03799974546,330.3353882,-1.210719347e-08,-0.002625989262,0.03799974546
-1.210719347e-08,-0.002018838422,0.03799973056,330.4178467,-1.210719347e-08,-0.002018838422,0.03799973056
-1.210719347e-08,-0.001009584055,0.03799971566,330.5670776,-1.210719347e-08,-0.001009584055,0.03799971566
-1.210719347e-08,5.392341507e-08,0.03799971938,330.6063232,-1.210719347e-08,5.392341507e-08,0.03799971938
-1.210719347e-08,0.001009666477,0.03799973428,330.5673523,-1.210719347e-08,0.001009666477,0.03799973428
-1.210719347e-08,0.00201893202,0.03799976408,330.4320984,-1.210719347e-08,0.00201893202,0.03799976408
-1.210719347e-08,0.003028158564,0.03799980879,330.1416321,-1.210719347e-08,0.003028158564,0.03799980879
-1.210719347e-08,0.004037556238,0.03799986094,329.5834351,-1.210719347e-08,0.004037556238,0.03799986094
-1.210719347e-08,0.005047267303,0.03799992055,328.5751648,-1.210719347e-08,0.005047267303,0.03799992055
-1.210719347e-08,0.00605733972,0.03799997643,326.8518677,-1.210719347e-08,0.00605733972,0.03799997643
-1.210719347e-08,0.007068091538,0.03800002113,324.4136047,-1.210719347e-08,0.007068091538,0.03800002113
-1.210719347e-08,0.0079514971,0.03800008073,321.098114,-1.210719347e-08,0.0079514971,0.03800008073
-1.210719347e-08,0.008077592589,0.03749998659,319.5020447,-1.210719347e-08,0.008077592589,0.03749998659
-1.210719347e-08,0.009107921273,0.03700006008,314.2981262,-1.210719347e-08,0.009107921273,0.03700006008
-1.210719347e-08,0.009107895195,0.03749941662,313.7894592,-1.210719347e-08,0.009107895195,0.03749941662
-1.210719347e-08,0.009622491896,0.0370003134,312.7764587,-1.210719347e-08,0.009622491896,0.0370003134
-1.210719347e-08,0.009622440673,0.03749833629,312.7745056,-1.210719347e-08,0.009622440673,0.03749833629
-1.210719347e-08,-0.009107887745,0.0383882001,314.8093262,-1.210719347e-08,-0.009107887745,0.0383882001
-1.210719347e-08,-0.008592578582,0.03849975392,317.3816528,-1.210719347e-08,-0.008592578582,0.03849975392
-1.210719347e-08,-0.008592492901,0.03815043718,317.4588623,-1.210719347e-08,-0.008592492901,0.03815043718
-1.210719347e-08,-0.009107887745,0.03849964589,314.5193787,-1.210719347e-08,-0.009107887745,0.03849964589
-1.210719347e-08,-0.007067960687,0.03899985924,324.4147644,-1.210719347e-08,-0.007067960687,0.03899985924
-1.210719347e-08,-0.00795142632,0.03899983689,320.8457947,-1.210719347e-08,-0.00795142632,0.03899983689
-1.210719347e-08,-0.008077513427,0.03849980608,319.8253784,-1.210719347e-08,-0.008077513427,0.03849980608
-1.210719347e-08,-0.006057193968,0.03899982199,326.8518372,-1.210719347e-08,-0.006057193968,0.03899982199
-1.210719347e-08,-0.005047122948,0.03899976239,328.5747375,-1.210719347e-08,-0.005047122948,0.03899976239
-1.210719347e-08,-0.004037426319,0.03899969906,329.6348267,-1.210719347e-08,-0.004037426319,0.03899969906
-1.210719347e-08,-0.003028046805,0.03888363019,330.1021729,-1.210719347e-08,-0.003028046805,0.03888363019
-1.210719347e-08,-0.003079465125,0.0389996469,329.9463501,-1.210719347e-08,-0.003079465125,0.0389996469
-1.210719347e-08,-0.003028049134,0.03899964318,330.168335,-1.210719347e-08,-0.003028049134,0.03899964318
-1.210719347e-08,-0.002018849598,0.03899959847,330.4311523,-1.210719347e-08,-0.002018849598,0.03899959847
-1.210719347e-08,-0.001009592903,0.0389995724,330.5666199,-1.210719347e-08,-0.001009592903,0.0389995724
-1.210719347e-08,4.927618491e-08,0.03899956867,330.605835,-1.210719347e-08,4.927618491e-08,0.03899956867
-1.210719347e-08,0.001009664731,0.0389995873,330.566864,-1.210719347e-08,0.001009664731,0.0389995873
-1.210719347e-08,0.002018928528,0.03899963573,330.4316711,-1.210719347e-08,0.002018928528,0.03899963573
-1.210719347e-08,0.003028150415,0.03899969906,330.1412964,-1.210719347e-08,0.003028150415,0.03899969906
-1.210719347e-08,0.004037540406,0.03899977729,329.5831909,-1.210719347e-08,0.004037540406,0.03899977729
-1.210719347e-08,0.005047237035,0.03899986297,328.5750122,-1.210719347e-08,0.005047237035,0.03899986297
-1.210719347e-08,0.006057289895,0.03899994865,326.8518677,-1.210719347e-08,0.006057289895,0.03899994865
-1.210719347e-08,0.007068021223,0.03900003433,324.0739136,-1.210719347e-08,0.007068021223,0.03900003433
-1.210719347e-08,0.00795138441,0.03900014237,320.6730347,-1.210719347e-08,0.00795138441,0.03900014237
-1.210719347e-08,0.008077496663,0.03850020468,319.3114319,-1.210719347e-08,0.008077496663,0.03850020468
-1.210719347e-08,0.008115245029,0.03850021958,318.5450134,-1.210719347e-08,0.008115245029,0.03850021958
-1.210719347e-08,0.008592615835,0.03850042447,317.1820374,-1.210719347e-08,0.008592615835,0.03850042447
-1.210719347e-08,0.008592533879,0.03816302493,316.7279968,-1.210719347e-08,0.008592533879,0.03816302493
-1.210719347e-08,0.009622384794,0.03850256279,312.7743835,-1.210719347e-08,0.009622384794,0.03850256279
-1.210719347e-08,0.009107882157,0.03804277629,313.7895813,-1.210719347e-08,0.009107882157,0.03804277629
-1.210719347e-08,0.009107897989,0.03850110248,314.6011963,-1.210719347e-08,0.009107897989,0.03850110248
-1.210719347e-08,0.009622460231,0.03803598508,312.7745972,-1.210719347e-08,0.009622460231,0.03803598508
-1.210719347e-08,-0.009107849561,0.03920426965,314.6048279,-1.210719347e-08,-0.009107849561,0.03920426965
-1.210719347e-08,-0.008592427708,0.03899980709,316.6024475,-1.210719347e-08,-0.008592427708,0.03899980709
-1.210719347e-08,-0.008825272322,0.03899981454,315.8229065,-1.210719347e-08,-0.008825272322,0.03899981454
-1.210719347e-08,-0.009107851423,0.03949970007,314.3010864,-1.210719347e-08,-0.009107851423,0.03949970007
-1.210719347e-08,-0.00859254878,0.03949984536,317.3804932,-1.210719347e-08,-0.00859254878,0.03949984536
-1.210719347e-08,-0.007068025414,0.03999988735,324.316803,-1.210719347e-08,-0.007068025414,0.03999988735
-1.210719347e-08,-0.007951414213,0.03999999911,320.6743469,-1.210719347e-08,-0.007951414213,0.03999999911
-1.210719347e-08,-0.008077477105,0.03949989006,319.8244629,-1.210719347e-08,-0.008077477105,0.03949989006
-1.210719347e-08,-0.006057266612,0.03999978676,327.2107239,-1.210719347e-08,-0.006057266612,0.03999978676
-1.210719347e-08,-0.005047185812,0.03999967873,328.7890015,-1.210719347e-08,-0.005047185812,0.03999967873
-1.210719347e-08,-0.00403746916,0.03991338238,329.5095825,-1.210719347e-08,-0.00403746916,0.03991338238
-1.210719347e-08,-0.004181985743,0.03999958932,329.2179871,-1.210719347e-08,-0.004181985743,0.03999958932
-1.210719347e-08,-0.004037473351,0.03999957442,329.6337891,-1.210719347e-08,-0.004037473351,0.03999957442
-1.210719347e-08,-0.003028081032,0.03999948129,330.1399231,-1.210719347e-08,-0.003028081032,0.03999948129
-1.210719347e-08,-0.002018871251,0.03999940678,330.4304504,-1.210719347e-08,-0.002018871251,0.03999940678
-1.210719347e-08,-0.001009608502,0.03999935836,330.5658264,-1.210719347e-08,-0.001009608502,0.03999935836
-1.210719347e-08,3.746017185e-08,0.03999934718,330.605011,-1.210719347e-08,3.746017185e-08,0.03999934718
-1.210719347e-08,0.001009651925,0.03999937326,330.56604,-1.210719347e-08,0.001009651925,0.03999937326
-1.210719347e-08,0.002018914791,0.03999944031,330.4309387,-1.210719347e-08,0.002018914791,0.03999944031
-1.210719347e-08,0.003028135048,0.03999953344,330.140686,-1.210719347e-08,0.003028135048,0.03999953344
-1.210719347e-08,0.004037522711,0.03999965265,329.5827332,-1.210719347e-08,0.004037522711,0.03999965265
-1.210719347e-08,0.005047218408,0.03999977559,328.574707,-1.210719347e-08,0.005047218408,0.03999977559
-1.210719347e-08,0.006057271734,0.03999989852,326.8516846,-1.210719347e-08,0.006057271734,0.03999989852
-1.210719347e-08,0.007068000734,0.04000000283,324.0738525,-1.210719347e-08,0.007068000734,0.04000000283
-1.210719347e-08,0.007951410487,0.04000006244,320.9389954,-1.210719347e-08,0.007951410487,0.04000006244
-1.210719347e-08,0.008077451028,0.03950006887,319.8223267,-1.210719347e-08,0.008077451028,0.03950006887
-1.210719347e-08,0.008592504077,0.03928333521,317.4556274,-1.210719347e-08,0.008592504077,0.03928333521
-1.210719347e-08,0.008592445403,0.0390002206,316.909729,-1.210719347e-08,0.008592445403,0.0390002206
-1.210719347e-08,0.008099798113,0.03900016099,318.5454712,-1.210719347e-08,0.008099798113,0.03900016099
-1.210719347e-08,0.009187974967,0.03949941322,312.7747192,-1.210719347e-08,0.009187974967,0.03949941322
-1.210719347e-08,0.009107859805,0.03900025785,313.9163208,-1.210719347e-08,0.009107859805,0.03900025785
-1.210719347e-08,0.009107868187,0.03943834826,314.8056946,-1.210719347e-08,0.009107868187,0.03943834826
-1.210719347e-08,0.009622444399,0.03949853778,312.7735291,-1.210719347e-08,0.009622444399,0.03949853778
-1.210719347e-08,0.009622422978,0.03899999708,312.7743835,-1.210719347e-08,0.009622422978,0.03899999708
-1.210719347e-08,-0.009107887745,0.04050100595,313.9945984,-1.210719347e-08,-0.009107887745,0.04050100595
-1.210719347e-08,-0.008592611179,0.04050037265,317.1843567,-1.210719347e-08,-0.008592611179,0.04050037265
-1.210719347e-08,-0.009107855149,0.04000011459,314.5180359,-1.210719347e-08,-0.009107855149,0.04000011459
-1.210719347e-08,-0.008592446335,0.04000006244,317.1851807,-1.210719347e-08,-0.008592446335,0.04000006244
-1.210719347e-08,-0.007068073377,0.04055597261,323.7334595,-1.210719347e-08,-0.007068073377,0.04055597261
-1.210719347e-08,-0.007068111096,0.04099985957,324.0725098,-1.210719347e-08,-0.007068111096,0.04099985957
-1.210719347e-08,-0.0077518709,0.04099997506,322.3743591,-1.210719347e-08,-0.0077518709,0.04099997506
-1.210719347e-08,-0.007951459847,0.04100000858,319.8223267,-1.210719347e-08,-0.007951459847,0.04100000858
-1.210719347e-08,-0.008077512495,0.0405001305,320.4610291,-1.210719347e-08,-0.008077512495,0.0405001305
-1.210719347e-08,-0.006057303865,0.04048877209,326.4907532,-1.210719347e-08,-0.006057303865,0.04048877209
-1.210719347e-08,-0.00605734298,0.04099971056,326.8498535,-1.210719347e-08,-0.00605734298,0.04099971056
-1.210719347e-08,-0.005047204904,0.04032097757,328.3587646,-1.210719347e-08,-0.005047204904,0.04032097757
-1.210719347e-08,-0.005047245882,0.04099955037,328.6650696,-1.210719347e-08,-0.005047245882,0.04099955037
-1.210719347e-08,-0.004037517589,0.04099939018,329.5810242,-1.210719347e-08,-0.004037517589,0.04099939018
-1.210719347e-08,-0.003028112231,0.04099924117,330.1390381,-1.210719347e-08,-0.003028112231,0.04099924117
-1.210719347e-08,-0.002018895,0.04099911824,330.4293823,-1.210719347e-08,-0.002018895,0.04099911824
-1.210719347e-08,-0.001009630039,0.04099904001,330.5646057,-1.210719347e-08,-0.001009630039,0.04099904001
-1.210719347e-08,1.783956982e-08,0.04099901766,330.6037292,-1.210719347e-08,1.783956982e-08,0.04099901766
-1.210719347e-08,0.001009631436,0.04099905491,330.5648193,-1.210719347e-08,0.001009631436,0.04099905491
-1.210719347e-08,0.002018894535,0.04099915177,330.4298096,-1.210719347e-08,0.002018894535,0.04099915177
-1.210719347e-08,0.003028114326,0.04099929333,330.13974,-1.210719347e-08,0.003028114326,0.04099929333
-1.210719347e-08,0.004037505481,0.04099946097,329.5819702,-1.210719347e-08,0.004037505481,0.04099946097
-1.210719347e-08,0.005047210958,0.0409996435,328.5741882,-1.210719347e-08,0.005047210958,0.0409996435
-1.210719347e-08,0.006057286635,0.04099981859,326.8513489,-1.210719347e-08,0.006057286635,0.04099981859
-1.210719347e-08,0.007068051957,0.0409999676,324.0735168,-1.210719347e-08,0.007068051957,0.0409999676
-1.210719347e-08,0.007951492444,0.04100009054,320.938446,-1.210719347e-08,0.007951492444,0.04100009054
-1.210719347e-08,0.008077489212,0.0405001007,319.5025635,-1.210719347e-08,0.008077489212,0.0405001007
-1.210719347e-08,-0.009107907303,0.04149945825,313.6458435,-1.210719347e-08,-0.009107907303,0.04149945825
-1.210719347e-08,-0.008592639118,0.04149977118,317.1829834,-1.210719347e-08,-0.008592639118,0.04149977118
-1.210719347e-08,-0.00910789147,0.0410002172,314.516571,-1.210719347e-08,-0.00910789147,0.0410002172
-1.210719347e-08,-0.008592512459,0.04100009054,317.1838074,-1.210719347e-08,-0.008592512459,0.04100009054
-1.210719347e-08,-0.007068176288,0.04199979082,324.4118958,-1.210719347e-08,-0.007068176288,0.04199979082
-1.210719347e-08,-0.007951565087,0.04199985042,321.0975037,-1.210719347e-08,-0.007951565087,0.04199985042
-1.210719347e-08,-0.008077563718,0.04149988666,320.0769653,-1.210719347e-08,-0.008077563718,0.04149988666
-1.210719347e-08,-0.00799109973,0.04115717858,320.0770569,-1.210719347e-08,-0.00799109973,0.04115717858
-1.210719347e-08,-0.006057391409,0.04199960455,326.8493958,-1.210719347e-08,-0.006057391409,0.04199960455
-1.210719347e-08,-0.005047278013,0.04199936613,328.5722656,-1.210719347e-08,-0.005047278013,0.04199936613
-1.210719347e-08,-0.004037537146,0.04199911654,329.5799866,-1.210719347e-08,-0.004037537146,0.04199911654
-1.210719347e-08,-0.003028125735,0.04199888185,330.1376648,-1.210719347e-08,-0.003028125735,0.04199888185
-1.210719347e-08,-0.002018906642,0.04199868813,330.4277344,-1.210719347e-08,-0.002018906642,0.04199868813
-1.210719347e-08,-0.001009643427,0.04199856147,330.5627747,-1.210719347e-08,-0.001009643427,0.04199856147
-1.210719347e-08,9.778469701e-11,0.04199852422,330.6018066,-1.210719347e-08,9.778469701e-11,0.04199852422
-1.210719347e-08,0.001009607338,0.04199857637,330.5629272,-1.210719347e-08,0.001009607338,0.04199857637
-1.210719347e-08,0.002018868458,0.04199871793,330.4281006,-1.210719347e-08,0.002018868458,0.04199871793
-1.210719347e-08,0.003028087318,0.04199892655,330.1382446,-1.210719347e-08,0.003028087318,0.04199892655
-1.210719347e-08,0.00403748313,0.04199917987,329.5808105,-1.210719347e-08,0.00403748313,0.04199917987
-1.210719347e-08,0.00504720211,0.04199944437,328.5733337,-1.210719347e-08,0.00504720211,0.04199944437
-1.210719347e-08,0.006057302933,0.04199969769,326.8507385,-1.210719347e-08,0.006057302933,0.04199969769
-1.210719347e-08,0.007068108302,0.04199989885,324.072998,-1.210719347e-08,0.007068108302,0.04199989885
-1.210719347e-08,0.007951580919,0.04200002179,320.9377441,-1.210719347e-08,0.007951580919,0.04200002179
-1.210719347e-08,0.00807762146,0.04150008038,319.5017395,-1.210719347e-08,0.00807762146,0.04150008038
-1.210719347e-08,-0.009107899852,0.04249993712,314.2947083,-1.210719347e-08,-0.009107899852,0.04249993712
-1.210719347e-08,-0.008903844282,0.04199923202,315.8183899,-1.210719347e-08,-0.008903844282,0.04199923202
-1.210719347e-08,-0.009107903577,0.04199895635,314.8035583,-1.210719347e-08,-0.009107903577,0.04199895635
-1.210719347e-08,-0.008707629517,0.04249996692,315.817749,-1.210719347e-08,-0.008707629517,0.04249996692
-1.210719347e-08,-0.007068202831,0.04299979657,324.0718689,-1.210719347e-08,-0.007068202831,0.04299979657
-1.210719347e-08,-0.00795166567,0.04300009459,320.9377747,-1.210719347e-08,-0.00795166567,0.04300009459
-1.210719347e-08,-0.008077667095,0.04249998555,319.5018616,-1.210719347e-08,-0.008077667095,0.04249998555
-1.210719347e-08,-0.006057396531,0.04299946502,326.8487549,-1.210719347e-08,-0.006057396531,0.04299946502
-1.210719347e-08,-0.005047269631,0.04299909249,328.571167,-1.210719347e-08,-0.005047269631,0.04299909249
-1.210719347e-08,-0.004037524574,0.04299870878,329.5783997,-1.210719347e-08,-0.004037524574,0.04299870878
-1.210719347e-08,-0.003028112929,0.04299834743,330.1355896,-1.210719347e-08,-0.003028112929,0.04299834743
-1.210719347e-08,-0.002018898027,0.04299804941,330.4252319,-1.210719347e-08,-0.002018898027,0.04299804941
-1.210719347e-08,-0.001009640284,0.04299785197,330.5600281,-1.210719347e-08,-0.001009640284,0.04299785197
-1.210719347e-08,-9.943929236e-09,0.04299778864,330.598938,-1.210719347e-08,-9.943929236e-09,0.04299778864
-1.210719347e-08,0.00100958487,0.04299786314,330.5601196,-1.210719347e-08,0.00100958487,0.04299786314
-1.210719347e-08,0.002018837724,0.04299807176,330.4255066,-1.210719347e-08,0.002018837724,0.04299807176
-1.210719347e-08,0.003028052859,0.04299838468,330.1360168,-1.210719347e-08,0.003028052859,0.04299838468
-1.210719347e-08,0.004037450068,0.04299875349,329.57901,-1.210719347e-08,0.004037450068,0.04299875349
-1.210719347e-08,0.005047175102,0.04299914464,328.571991,-1.210719347e-08,0.005047175102,0.04299914464
-1.210719347e-08,0.006057287566,0.042999506,326.8497925,-1.210719347e-08,0.006057287566,0.042999506
-1.210719347e-08,0.007068104576,0.04299978912,324.0722351,-1.210719347e-08,0.007068104576,0.04299978912
-1.210719347e-08,0.007951514795,0.04299993441,320.7321167,-1.210719347e-08,0.007951514795,0.04299993441
-1.210719347e-08,0.008077618666,0.04249997437,319.5011597,-1.210719347e-08,0.008077618666,0.04249997437
-1.210719347e-08,0.009198956192,0.04249991849,312.7740479,-1.210719347e-08,0.009198956192,0.04249991849
-1.210719347e-08,0.009622449055,0.04199982807,312.773407,-1.210719347e-08,0.009622449055,0.04199982807
-1.210719347e-08,0.009249290451,0.04199995846,312.7736816,-1.210719347e-08,0.009249290451,0.04199995846
-1.210719347e-08,0.009622456506,0.0425000675,312.7735291,-1.210719347e-08,0.009622456506,0.0425000675
-1.210719347e-08,-0.009107893333,0.04319492728,313.9917908,-1.210719347e-08,-0.009107893333,0.04319492728
-1.210719347e-08,-0.008983678184,0.04300076514,315.8179321,-1.210719347e-08,-0.008983678184,0.04300076514
-1.210719347e-08,-0.009107874706,0.04300090671,314.0780334,-1.210719347e-08,-0.009107874706,0.04300090671
-1.210719347e-08,-0.007068189792,0.04399970546,324.0716553,-1.210719347e-08,-0.007068189792,0.04399970546
-1.210719347e-08,-0.007951728068,0.04400007799,320.9378967,-1.210719347e-08,-0.007951728068,0.04400007799
-1.210719347e-08,-0.008077760227,0.04350016639,319.5021667,-1.210719347e-08,-0.008077760227,0.04350016639
-1.210719347e-08,-0.006057361141,0.04399922863,326.8477783,-1.210719347e-08,-0.006057361141,0.04399922863
-1.210719347e-08,-0.005047223065,0.04399867356,328.5694885,-1.210719347e-08,-0.005047223065,0.04399867356
-1.210719347e-08,-0.004037475679,0.04399809241,329.5759583,-1.210719347e-08,-0.004037475679,0.04399809241
-1.210719347e-08,-0.003028068691,0.04399754852,330.1324463,-1.210719347e-08,-0.003028068691,0.04399754852
-1.210719347e-08,-0.00201886287,0.04399709776,330.4215393,-1.210719347e-08,-0.00201886287,0.04399709776
-1.210719347e-08,-0.001009616884,0.04399679601,330.5559387,-1.210719347e-08,-0.001009616884,0.04399679601
-1.210719347e-08,-1.412838557e-08,0.04399669543,330.5946655,-1.210719347e-08,-1.412838557e-08,0.04399669543
-1.210719347e-08,0.001009563101,0.04399680719,330.5559692,-1.210719347e-08,0.001009563101,0.04399680719
-1.210719347e-08,0.002018801868,0.04399711266,330.4216614,-1.210719347e-08,0.002018801868,0.04399711266
-1.210719347e-08,0.003028008854,0.04399757087,330.1326904,-1.210719347e-08,0.003028008854,0.04399757087
-1.210719347e-08,0.004037403967,0.04399811849,329.5763245,-1.210719347e-08,0.004037403967,0.04399811849
-1.210719347e-08,0.005047128536,0.04399869218,328.5699768,-1.210719347e-08,0.005047128536,0.04399869218
-1.210719347e-08,0.006057242863,0.04399922118,326.8483582,-1.210719347e-08,0.006057242863,0.04399922118
-1.210719347e-08,0.007068060804,0.04399965331,323.6464844,-1.210719347e-08,0.007068060804,0.04399965331
-1.210719347e-08,0.008067233488,0.04345904291,320.4587097,-1.210719347e-08,0.008067233488,0.04345904291
-1.210719347e-08,0.007484482601,0.04399978742,322.3729858,-1.210719347e-08,0.007484482601,0.04399978742
-1.210719347e-08,0.007951480336,0.04399994016,320.4593506,-1.210719347e-08,0.007951480336,0.04399994016
-1.210719347e-08,0.008077547885,0.04349994659,319.50177,-1.210719347e-08,0.008077547885,0.04349994659
-1.210719347e-08,0.00859263353,0.04349989817,316.728241,-1.210719347e-08,0.00859263353,0.04349989817
-1.210719347e-08,0.008592545986,0.04310306162,317.1817627,-1.210719347e-08,0.008592545986,0.04310306162
-1.210719347e-08,0.009107868187,0.0429998897,314.0795288,-1.210719347e-08,0.009107868187,0.0429998897
-1.210719347e-08,0.009622460231,0.04341722652,312.7754822,-1.210719347e-08,0.009622460231,0.04341722652
-1.210719347e-08,0.009622448124,0.04299999401,312.7747192,-1.210719347e-08,0.009622448124,0.04299999401
-1.210719347e-08,0.009107892402,0.04349161685,314.6017761,-1.210719347e-08,0.009107892402,0.04349161685
-1.210719347e-08,-0.007068106439,0.04499949887,324.0708618,-1.210719347e-08,-0.007068106439,0.04499949887
-1.210719347e-08,-0.007951664738,0.04500005767,320.937439,-1.210719347e-08,-0.007951664738,0.04500005767
-1.210719347e-08,-0.008077752776,0.04450010881,319.5020752,-1.210719347e-08,-0.008077752776,0.04450010881
-1.210719347e-08,-0.006057276856,0.04499881715,326.8460083,-1.210719347e-08,-0.006057276856,0.04499881715
-1.210719347e-08,-0.005047136452,0.04499801248,328.5667114,-1.210719347e-08,-0.005047136452,0.04499801248
-1.210719347e-08,-0.004037387203,0.04499715939,329.5722046,-1.210719347e-08,-0.004037387203,0.04499715939
-1.210719347e-08,-0.003027986037,0.044996351,330.1277466,-1.210719347e-08,-0.003027986037,0.044996351
-1.210719347e-08,-0.00201879465,0.04499568418,330.4160156,-1.210719347e-08,-0.00201879465,0.04499568418
-1.210719347e-08,-0.001009573578,0.04499523714,330.5498352,-1.210719347e-08,-0.001009573578,0.04499523714
-1.210719347e-08,-4.562141775e-09,0.0449950844,330.5883789,-1.210719347e-08,-4.562141775e-09,0.0449950844
-1.210719347e-08,0.00100954494,0.04499524459,330.5498047,-1.210719347e-08,0.00100954494,0.04499524459
-1.210719347e-08,0.002018756466,0.04499569535,330.4159851,-1.210719347e-08,0.002018756466,0.04499569535
-1.210719347e-08,0.003027950181,0.04499636963,330.1277466,-1.210719347e-08,0.003027950181,0.04499636963
-1.210719347e-08,0.0040373425,0.04499717429,329.5722961,-1.210719347e-08,0.0040373425,0.04499717429
-1.210719347e-08,0.005047069397,0.04499801248,328.566925,-1.210719347e-08,0.005047069397,0.04499801248
-1.210719347e-08,0.006057185121,0.04499879107,326.8461914,-1.210719347e-08,0.006057185121,0.04499879107
-1.210719347e-08,0.007068009116,0.04499943182,324.4095154,-1.210719347e-08,0.007068009116,0.04499943182
-1.210719347e-08,0.007438916713,0.04499964416,322.3721619,-1.210719347e-08,0.007438916713,0.04499964416
-1.210719347e-08,0.007951453328,0.04499993846,320.4588928,-1.210719347e-08,0.007951453328,0.04499993846
-1.210719347e-08,0.008077555336,0.0444999896,320.4590149,-1.210719347e-08,0.008077555336,0.0444999896
-1.210719347e-08,0.008592627011,0.04450003058,316.9882812,-1.210719347e-08,0.008592627011,0.04450003058
-1.210719347e-08,0.008592505939,0.04399998486,317.454895,-1.210719347e-08,0.008592505939,0.04399998486
-1.210719347e-08,0.0091078775,0.04399994761,314.9505615,-1.210719347e-08,0.0091078775,0.04399994761
-1.210719347e-08,0.009107899852,0.0445000045,313.993988,-1.210719347e-08,0.009107899852,0.0445000045
-1.210719347e-08,0.009622436948,0.04399985448,312.7759399,-1.210719347e-08,0.009622436948,0.04399985448
-1.210719347e-08,0.009622454643,0.04449995235,312.7766113,-1.210719347e-08,0.009622454643,0.04449995235
-1.210719347e-08,-0.009107910097,0.04529081658,314.601532,-1.210719347e-08,-0.009107910097,0.04529081658
-1.210719347e-08,-0.009107898921,0.04550054297,313.9929199,-1.210719347e-08,-0.009107898921,0.04550054297
-1.210719347e-08,-0.008821206167,0.04550034925,315.8187866,-1.210719347e-08,-0.008821206167,0.04550034925
-1.210719347e-08,-0.007068043109,0.04599910602,324.0689087,-1.210719347e-08,-0.007068043109,0.04599910602
-1.210719347e-08,-0.007951587439,0.0459997654,320.9360352,-1.210719347e-08,-0.007951587439,0.0459997654
-1.210719347e-08,-0.008077662438,0.04550001025,319.5017395,-1.210719347e-08,-0.008077662438,0.04550001025
-1.210719347e-08,-0.006057182327,0.0459981598,326.8427734,-1.210719347e-08,-0.006057182327,0.0459981598
-1.210719347e-08,-0.005047015846,0.04599700123,328.5622253,-1.210719347e-08,-0.005047015846,0.04599700123
-1.210719347e-08,-0.004037253559,0.04599576071,329.5663147,-1.210719347e-08,-0.004037253559,0.04599576071
-1.210719347e-08,-0.003027853789,0.04599458352,330.1204834,-1.210719347e-08,-0.003027853789,0.04599458352
-1.210719347e-08,-0.002018684288,0.04599360377,330.4076233,-1.210719347e-08,-0.002018684288,0.04599360377
-1.210719347e-08,-0.0010095014,0.04599294811,330.5406799,-1.210719347e-08,-0.0010095014,0.04599294811
-1.210719347e-08,2.004856903e-08,0.04599272087,330.5789185,-1.210719347e-08,2.004856903e-08,0.04599272087
-1.210719347e-08,0.001009517116,0.04599295557,330.5405579,-1.210719347e-08,0.001009517116,0.04599295557
-1.210719347e-08,0.002018691273,0.04599361494,330.4074707,-1.210719347e-08,0.002018691273,0.04599361494
-1.210719347e-08,0.003027867293,0.04599459842,330.1203003,-1.210719347e-08,0.003027867293,0.04599459842
-1.210719347e-08,0.004037259147,0.04599577934,329.5661926,-1.210719347e-08,0.004037259147,0.04599577934
-1.210719347e-08,0.005046994891,0.04599700868,328.5622253,-1.210719347e-08,0.005046994891,0.04599700868
-1.210719347e-08,0.006057119463,0.04599815235,326.842926,-1.210719347e-08,0.006057119463,0.04599815235
-1.210719347e-08,0.007067944854,0.04599908739,324.0679932,-1.210719347e-08,0.007067944854,0.04599908739
-1.210719347e-08,0.0075905798,0.04599948227,322.3707886,-1.210719347e-08,0.0075905798,0.04599948227
-1.210719347e-08,0.007951391861,0.04599975422,320.0750427,-1.210719347e-08,0.007951391861,0.04599975422
-1.210719347e-08,0.008077514358,0.04549997672,320.0755615,-1.210719347e-08,0.008077514358,0.04549997672
-1.210719347e-08,0.008592618629,0.04550016671,316.9880676,-1.210719347e-08,0.008592618629,0.04550016671
-1.210719347e-08,0.008592503145,0.04500007629,317.454895,-1.210719347e-08,0.008592503145,0.04500007629
-1.210719347e-08,0.009107894264,0.04500001296,314.515625,-1.210719347e-08,0.009107894264,0.04500001296
-1.210719347e-08,0.009107894264,0.04550062492,313.9931335,-1.210719347e-08,0.009107894264,0.04550062492
-1.210719347e-08,0.00962244533,0.04499931633,312.7750244,-1.210719347e-08,0.00962244533,0.04499931633
-1.210719347e-08,0.009622427635,0.04550165683,312.7758484,-1.210719347e-08,0.009622427635,0.04550165683
-1.210719347e-08,-0.009107896127,0.04629591107,313.9918823,-1.210719347e-08,-0.009107896127,0.04629591107
-1.210719347e-08,-0.008850355633,0.04599984363,315.818634,-1.210719347e-08,-0.008850355633,0.04599984363
-1.210719347e-08,-0.009107879363,0.0459997952,314.2972412,-1.210719347e-08,-0.009107879363,0.0459997952
-1.210719347e-08,-0.007067982107,0.04699856788,324.0653076,-1.210719347e-08,-0.007067982107,0.04699856788
-1.210719347e-08,-0.007951581851,0.04699951783,320.933197,-1.210719347e-08,-0.007951581851,0.04699951783
-1.210719347e-08,-0.008077650331,0.04649972916,319.5001526,-1.210719347e-08,-0.008077650331,0.04649972916
-1.210719347e-08,-0.006057062652,0.04699719325,326.8374329,-1.210719347e-08,-0.006057062652,0.04699719325
-1.210719347e-08,-0.005046844948,0.04699550569,328.5548401,-1.210719347e-08,-0.005046844948,0.04699550569
-1.210719347e-08,-0.004037051462,0.04699370265,329.5567932,-1.210719347e-08,-0.004037051462,0.04699370265
-1.210719347e-08,-0.003027647268,0.04699198529,330.1090088,-1.210719347e-08,-0.003027647268,0.04699198529
-1.210719347e-08,-0.002018508036,0.04699055851,330.3945312,-1.210719347e-08,-0.002018508036,0.04699055851
-1.210719347e-08,-0.001009388943,0.04698959738,330.5265198,-1.210719347e-08,-0.001009388943,0.04698959738
-1.210719347e-08,4.981506407e-08,0.04698926583,330.5643616,-1.210719347e-08,4.981506407e-08,0.04698926583
-1.210719347e-08,0.001009456231,0.04698960483,330.5263367,-1.210719347e-08,0.001009456231,0.04698960483
-1.210719347e-08,0.002018575091,0.04699057341,330.3942261,-1.210719347e-08,0.002018575091,0.04699057341
-1.210719347e-08,0.003027726663,0.04699200764,330.1086426,-1.210719347e-08,0.003027726663,0.04699200764
-1.210719347e-08,0.004037124105,0.04699372873,329.556488,-1.210719347e-08,0.004037124105,0.04699372873
-1.210719347e-08,0.005046889652,0.04699553549,328.554657,-1.210719347e-08,0.005046889652,0.04699553549
-1.210719347e-08,0.006057049148,0.04699722677,326.8375244,-1.210719347e-08,0.006057049148,0.04699722677
-1.210719347e-08,0.007067902945,0.04699862376,323.8219604,-1.210719347e-08,0.007067902945,0.04699862376
-1.210719347e-08,0.007925358601,0.04699961469,322.3675842,-1.210719347e-08,0.007925358601,0.04699961469
-1.210719347e-08,0.008077461272,0.04649978876,320.4562988,-1.210719347e-08,0.008077461272,0.04649978876
-1.210719347e-08,0.007951346226,0.04699964449,320.0727234,-1.210719347e-08,0.007951346226,0.04699964449
-1.210719347e-08,0.008592566475,0.04649985954,316.9870911,-1.210719347e-08,0.008592566475,0.04649985954
-1.210719347e-08,0.008592458442,0.04599980637,317.4544983,-1.210719347e-08,0.008592458442,0.04599980637
-1.210719347e-08,0.009107866324,0.04599937052,314.515564,-1.210719347e-08,0.009107866324,0.04599937052
-1.210719347e-08,0.009107866324,0.04649986327,313.9928589,-1.210719347e-08,0.009107866324,0.04649986327
-1.210719347e-08,0.009622437879,0.04599798471,312.7754822,-1.210719347e-08,0.009622437879,0.04599798471
-1.210719347e-08,0.009622433223,0.04649999738,312.7754211,-1.210719347e-08,0.009622433223,0.04649999738
-1.210719347e-08,-0.007067894563,0.04799783975,324.0594482,-1.210719347e-08,-0.007067894563,0.04799783975
-1.210719347e-08,-0.007951524109,0.04799928144,320.928833,-1.210719347e-08,-0.007951524109,0.04799928144
-1.210719347e-08,-0.008077623323,0.04749952629,319.497345,-1.210719347e-08,-0.008077623323,0.04749952629
-1.210719347e-08,-0.006056884304,0.04799579456,326.828064,-1.210719347e-08,-0.006056884304,0.04799579456
-1.210719347e-08,-0.005046583712,0.0479933247,328.5419922,-1.210719347e-08,-0.005046583712,0.0479933247
-1.210719347e-08,-0.004036732949,0.04799069837,329.5406189,-1.210719347e-08,-0.004036732949,0.04799069837
-1.210719347e-08,-0.00302731921,0.0479882136,330.0898743,-1.210719347e-08,-0.00302731921,0.0479882136
-1.210719347e-08,-0.002018223517,0.04798614234,330.3731079,-1.210719347e-08,-0.002018223517,0.04798614234
-1.210719347e-08,-0.001009208732,0.0479847379,330.5036011,-1.210719347e-08,-0.001009208732,0.0479847379
-1.210719347e-08,7.438397631e-08,0.04798423126,330.5408936,-1.210719347e-08,7.438397631e-08,0.04798423126
-1.210719347e-08,0.001009329339,0.04798474163,330.5033569,-1.210719347e-08,0.001009329339,0.04798474163
-1.210719347e-08,0.002018354833,0.04798615724,330.3726807,-1.210719347e-08,0.002018354833,0.04798615724
-1.210719347e-08,0.003027470317,0.04798823968,330.0892944,-1.210719347e-08,0.003027470317,0.04798823968
-1.210719347e-08,0.004036884289,0.04799073562,329.5400085,-1.210719347e-08,0.004036884289,0.04799073562
-1.210719347e-08,0.005046707112,0.0479933694,328.5415039,-1.210719347e-08,0.005046707112,0.0479933694
-1.210719347e-08,0.006056948565,0.04799586535,326.8280029,-1.210719347e-08,0.006056948565,0.04799586535
-1.210719347e-08,0.007067881525,0.04799796268,324.3970337,-1.210719347e-08,0.007067881525,0.04799796268
-1.210719347e-08,0.00795144774,0.04799955711,321.0893555,-1.210719347e-08,0.00795144774,0.04799955711
-1.210719347e-08,0.008077474311,0.04749973863,320.0713196,-1.210719347e-08,0.008077474311,0.04749973863
-1.210719347e-08,0.007955042645,0.04701431096,320.454071,-1.210719347e-08,0.007955042645,0.04701431096
-1.210719347e-08,0.008592502214,0.04724190384,317.6344299,-1.210719347e-08,0.008592502214,0.04724190384
-1.210719347e-08,0.008592439815,0.04699987173,317.1806946,-1.210719347e-08,0.008592439815,0.04699987173
-1.210719347e-08,0.009373363107,0.04749939591,312.7754517,-1.210719347e-08,0.009373363107,0.04749939591
-1.210719347e-08,0.009107857011,0.04699990153,313.9170837,-1.210719347e-08,0.009107857011,0.04699990153
-1.210719347e-08,0.009107868187,0.04736295715,314.8047485,-1.210719347e-08,0.009107868187,0.04736295715
-1.210719347e-08,0.009622455575,0.04749908298,312.7750244,-1.210719347e-08,0.009622455575,0.04749908298
-1.210719347e-08,0.009622436017,0.04699977487,312.7757568,-1.210719347e-08,0.009622436017,0.04699977487
-1.210719347e-08,-0.007067751605,0.04899682477,324.0489197,-1.210719347e-08,-0.007067751605,0.04899682477
-1.210719347e-08,-0.007951498032,0.0489990823,320.9219055,-1.210719347e-08,-0.007951498032,0.0489990823
-1.210719347e-08,-0.008077600971,0.04849940166,319.4934387,-1.210719347e-08,-0.008077600971,0.04849940166
-1.210719347e-08,-0.006056591403,0.04899376631,326.8100281,-1.210719347e-08,-0.006056591403,0.04899376631
-1.210719347e-08,-0.005046157632,0.0489901416,328.5177612,-1.210719347e-08,-0.005046157632,0.0489901416
-1.210719347e-08,-0.004036218394,0.04898634553,329.5109558,-1.210719347e-08,-0.004036218394,0.04898634553
-1.210719347e-08,-0.003026785795,0.04898277298,330.0558472,-1.210719347e-08,-0.003026785795,0.04898277298
-1.210719347e-08,-0.002017755061,0.04897978529,330.3358459,-1.210719347e-08,-0.002017755061,0.04897978529
-1.210719347e-08,-0.00100889802,0.04897770658,330.4643555,-1.210719347e-08,-0.00100889802,0.04897770658
-1.210719347e-08,8.887948155e-08,0.04897684976,330.5009766,-1.210719347e-08,8.887948155e-08,0.04897684976
-1.210719347e-08,0.00100906298,0.04897770658,330.4640503,-1.210719347e-08,0.00100906298,0.04897770658
-1.210719347e-08,0.002017934341,0.04897979647,330.3352661,-1.210719347e-08,0.002017934341,0.04897979647
-1.210719347e-08,0.003026992781,0.04898279905,330.0550232,-1.210719347e-08,0.003026992781,0.04898279905
-1.210719347e-08,0.004036434926,0.04898638278,329.5099792,-1.210719347e-08,0.004036434926,0.04898638278
-1.210719347e-08,0.005046355538,0.04899019003,328.5167847,-1.210719347e-08,0.005046355538,0.04899019003
-1.210719347e-08,0.00605673762,0.04899382591,326.8093872,-1.210719347e-08,0.00605673762,0.04899382591
-1.210719347e-08,0.007067814469,0.04899691045,324.0466003,-1.210719347e-08,0.007067814469,0.04899691045
-1.210719347e-08,0.007951484993,0.04899921268,320.9230042,-1.210719347e-08,0.007951484993,0.04899921268
-1.210719347e-08,0.008077546023,0.04849965498,319.4943237,-1.210719347e-08,0.008077546023,0.04849965498
-1.210719347e-08,-0.007067446131,0.04999530315,324.2640991,-1.210719347e-08,-0.007067446131,0.04999530315
-1.210719347e-08,-0.007951385342,0.0499987565,320.9074097,-1.210719347e-08,-0.007951385342,0.0499987565
-1.210719347e-08,-0.008077559993,0.04949931428,319.4872742,-1.210719347e-08,-0.008077559993,0.04949931428
-1.210719347e-08,-0.006056068465,0.0499907583,326.9904175,-1.210719347e-08,-0.006056068465,0.0499907583
-1.210719347e-08,-0.005045432132,0.04998549074,328.4691772,-1.210719347e-08,-0.005045432132,0.04998549074
-1.210719347e-08,-0.004035358783,0.04998005927,329.4533691,-1.210719347e-08,-0.004035358783,0.04998005927
-1.210719347e-08,-0.003025892889,0.0499749817,329.9916382,-1.210719347e-08,-0.003025892889,0.0499749817
-1.210719347e-08,-0.002016944112,0.04997070506,330.2672424,-1.210719347e-08,-0.002016944112,0.04997070506
-1.210719347e-08,-0.001008279854,0.04996759072,330.393219,-1.210719347e-08,-0.001008279854,0.04996759072
-1.210719347e-08,9.614778662e-08,0.04996645078,330.4290466,-1.210719347e-08,9.614778662e-08,0.04996645078
-1.210719347e-08,0.001008473453,0.04996758699,330.3929138,-1.210719347e-08,0.001008473453,0.04996758699
-1.210719347e-08,0.002017152729,0.04997069761,330.266571,-1.210719347e-08,0.002017152729,0.04997069761
-1.210719347e-08,0.003026136663,0.04997499287,329.9905701,-1.210719347e-08,0.003026136663,0.04997499287
-1.210719347e-08,0.004035621416,0.04998008162,329.4518433,-1.210719347e-08,0.004035621416,0.04998008162
-1.210719347e-08,0.005045689177,0.04998552054,328.4673157,-1.210719347e-08,0.005045689177,0.04998552054
-1.210719347e-08,0.006056284066,0.0499907881,326.770752,-1.210719347e-08,0.006056284066,0.0499907881
-1.210719347e-08,0.007067588158,0.04999531433,324.0209045,-1.210719347e-08,0.007067588158,0.04999531433
-1.210719347e-08,0.007951438427,0.04999868572,320.7058411,-1.210719347e-08,0.007951438427,0.04999868572
-1.210719347e-08,0.008077589795,0.04949926585,319.4878235,-1.210719347e-08,0.008077589795,0.04949926585
-1.210719347e-08,-0.007067005616,0.05086809769,323.7651062,-1.210719347e-08,-0.007067005616,0.05086809769
-1.210719347e-08,-0.007960430346,0.05096144602,320.8027039,-1.210719347e-08,-0.007960430346,0.05096144602
-1.210719347e-08,-0.008077439852,0.0504989475,319.2816162,-1.210719347e-08,-0.008077439852,0.0504989475
-1.210719347e-08,-0.007951178588,0.05099803954,320.6098633,-1.210719347e-08,-0.007951178588,0.05099803954
-1.210719347e-08,-0.007066942286,0.05099291354,324.2921448,-1.210719347e-08,-0.007066942286,0.05099291354
-1.210719347e-08,-0.006826292723,0.05099132285,325.6284485,-1.210719347e-08,-0.006826292723,0.05099132285
-1.210719347e-08,-0.006055173464,0.05098622665,326.7028198,-1.210719347e-08,-0.006055173464,0.05098622665
-1.210719347e-08,-0.005044200923,0.05097864941,328.5066223,-1.210719347e-08,-0.005044200923,0.05097864941
-1.210719347e-08,-0.004033918027,0.05097099394,329.3382263,-1.210719347e-08,-0.004033918027,0.05097099394
-1.210719347e-08,-0.003024396487,0.05096391216,329.866394,-1.210719347e-08,-0.003024396487,0.05096391216
-1.210719347e-08,-0.002015540143,0.05095787719,330.1359558,-1.210719347e-08,-0.002015540143,0.05095787719
-1.210719347e-08,-0.00100746192,0.05095399916,330.2589111,-1.210719347e-08,-0.00100746192,0.05095399916
-1.210719347e-08,9.450595684e-08,0.05095272511,330.2938232,-1.210719347e-08,9.450595684e-08,0.05095272511
-1.210719347e-08,0.00100765808,0.05095399916,330.258606,-1.210719347e-08,0.00100765808,0.05095399916
-1.210719347e-08,0.002015749225,0.05095786974,330.1352539,-1.210719347e-08,0.002015749225,0.05095786974
-1.210719347e-08,0.003024651436,0.05096392334,329.8650208,-1.210719347e-08,0.003024651436,0.05096392334
-1.210719347e-08,0.004034204409,0.05097102001,329.3359375,-1.210719347e-08,0.004034204409,0.05097102001
-1.210719347e-08,0.005044491962,0.05097867921,328.3658752,-1.210719347e-08,0.005044491962,0.05097867921
-1.210719347e-08,0.006055422127,0.05098625273,326.6892395,-1.210719347e-08,0.006055422127,0.05098625273
-1.210719347e-08,0.007067098748,0.05099293217,323.9628296,-1.210719347e-08,0.007067098748,0.05099293217
-1.210719347e-08,0.008077444509,0.0504989177,320.4242554,-1.210719347e-08,0.008077444509,0.0504989177
-1.210719347e-08,0.008011759259,0.05075862259,320.0405579,-1.210719347e-08,0.008011759259,0.05075862259
-1.210719347e-08,0.007444870193,0.05099513009,322.2960815,-1.210719347e-08,0.007444870193,0.05099513009
-1.210719347e-08,0.007951231673,0.05099807307,319.7726135,-1.210719347e-08,0.007951231673,0.05099807307
-1.210719347e-08,0.008494689129,0.05049941316,318.522644,-1.210719347e-08,0.008494689129,0.05049941316
-1.210719347e-08,0.00859257672,0.05049952865,317.3571777,-1.210719347e-08,0.00859257672,0.05049952865
-1.210719347e-08,0.008592572995,0.050474599,316.7151794,-1.210719347e-08,0.008592572995,0.050474599
-1.210719347e-08,0.009622449055,0.05050061271,312.7720947,-1.210719347e-08,0.009622449055,0.05050061271
-1.210719347e-08,0.009107878432,0.0503850393,313.7843933,-1.210719347e-08,0.009107878432,0.0503850393
-1.210719347e-08,0.009107867256,0.05050009117,314.5938416,-1.210719347e-08,0.009107867256,0.05050009117
-1.210719347e-08,0.009622460231,0.05040565878,312.7716675,-1.210719347e-08,0.009622460231,0.05040565878
-1.210719347e-08,-0.008627164178,0.05149927735,315.7953491,-1.210719347e-08,-0.008627164178,0.05149927735
-1.210719347e-08,-0.008592516184,0.05149922147,317.3375854,-1.210719347e-08,-0.008592516184,0.05149922147
-1.210719347e-08,-0.008592491969,0.0513478741,317.4229736,-1.210719347e-08,-0.008592491969,0.0513478741
-1.210719347e-08,-0.007066052873,0.0519891493,323.5318909,-1.210719347e-08,-0.007066052873,0.0519891493
-1.210719347e-08,-0.007950964384,0.05199694261,320.5376892,-1.210719347e-08,-0.007950964384,0.05199694261
-1.210719347e-08,-0.008077303879,0.0514983125,319.7529297,-1.210719347e-08,-0.008077303879,0.0514983125
-1.210719347e-08,-0.006054096855,0.05167122185,326.8457642,-1.210719347e-08,-0.006054096855,0.05167122185
-1.210719347e-08,-0.006053612567,0.05197932944,326.0951233,-1.210719347e-08,-0.006053612567,0.05197932944
-1.210719347e-08,-0.005711541045,0.05197569728,327.5117798,-1.210719347e-08,-0.005711541045,0.05197569728
-1.210719347e-08,-0.005042106379,0.05196859315,328.1325073,-1.210719347e-08,-0.005042106379,0.05196859315
-1.210719347e-08,-0.004031516612,0.05195804313,329.1081238,-1.210719347e-08,-0.004031516612,0.05195804313
-1.210719347e-08,-0.003021923359,0.05194840953,329.620636,-1.210719347e-08,-0.003021923359,0.05194840953
-1.210719347e-08,-0.002013674704,0.05194125324,329.8816833,-1.210719347e-08,-0.002013674704,0.05194125324
-1.210719347e-08,-0.001006528269,0.051937107,330.0006104,-1.210719347e-08,-0.001006528269,0.051937107
-1.210719347e-08,8.39720613e-08,0.05193575472,330.0343628,-1.210719347e-08,8.39720613e-08,0.05193575472
-1.210719347e-08,0.001006705454,0.05193711072,330.0002747,-1.210719347e-08,0.001006705454,0.05193711072
-1.210719347e-08,0.002013873309,0.05194124952,329.8807983,-1.210719347e-08,0.002013873309,0.05194124952
-1.210719347e-08,0.003022168996,0.05194840953,329.6187744,-1.210719347e-08,0.003022168996,0.05194840953
-1.210719347e-08,0.004031811841,0.05195805803,329.1046143,-1.210719347e-08,0.004031811841,0.05195805803
-1.210719347e-08,0.00504242396,0.05196861923,328.1589966,-1.210719347e-08,0.00504242396,0.05196861923
-1.210719347e-08,0.006053902674,0.05197935924,326.6483459,-1.210719347e-08,0.006053902674,0.05197935924
-1.210719347e-08,0.006293822546,0.05198168382,325.5116272,-1.210719347e-08,0.006293822546,0.05198168382
-1.210719347e-08,0.007066834252,0.05130712315,323.3751831,-1.210719347e-08,0.007066834252,0.05130712315
-1.210719347e-08,0.007066259161,0.05198917165,324.3627319,-1.210719347e-08,0.007066259161,0.05198917165
-1.210719347e-08,0.007951086387,0.05199694633,320.7939758,-1.210719347e-08,0.007951086387,0.05199694633
-1.210719347e-08,0.008077371866,0.05149836466,320.3792419,-1.210719347e-08,0.008077371866,0.05149836466
-1.210719347e-08,0.008592566475,0.05149928853,316.9534302,-1.210719347e-08,0.008592566475,0.05149928853
-1.210719347e-08,0.008592426777,0.05099934712,317.1569824,-1.210719347e-08,0.008592426777,0.05099934712
-1.210719347e-08,0.009107862599,0.05099989846,314.5033875,-1.210719347e-08,0.009107862599,0.05099989846
-1.210719347e-08,0.009107914753,0.05150003359,313.9785156,-1.210719347e-08,0.009107914753,0.05150003359
-1.210719347e-08,0.009622450918,0.0510000065,312.7692566,-1.210719347e-08,0.009622450918,0.0510000065
-1.210719347e-08,0.009622441605,0.05150045827,312.767395,-1.210719347e-08,0.009622441605,0.05150045827
-1.210719347e-08,-0.009107819758,0.05238376558,314.5670166,-1.210719347e-08,-0.009107819758,0.05238376558
-1.210719347e-08,-0.008592332713,0.05199881643,316.6751404,-1.210719347e-08,-0.008592332713,0.05199881643
-1.210719347e-08,-0.008635872975,0.05199885741,315.7837524,-1.210719347e-08,-0.008635872975,0.05199885741
-1.210719347e-08,-0.009107809514,0.05249995366,314.6325073,-1.210719347e-08,-0.009107809514,0.05249995366
-1.210719347e-08,-0.008592368104,0.05249879137,317.5419617,-1.210719347e-08,-0.008592368104,0.05249879137
-1.210719347e-08,-0.007064384874,0.05298302695,323.6543579,-1.210719347e-08,-0.007064384874,0.05298302695
-1.210719347e-08,-0.007950479165,0.05299512669,320.3784485,-1.210719347e-08,-0.007950479165,0.05299512669
-1.210719347e-08,-0.008077051491,0.0524973385,319.6685486,-1.210719347e-08,-0.008077051491,0.0524973385
-1.210719347e-08,-0.006050845608,0.05296868458,326.2935486,-1.210719347e-08,-0.006050845608,0.05296868458
-1.210719347e-08,-0.0051343753,0.05295519531,327.1219482,-1.210719347e-08,-0.0051343753,0.05295519531
-1.210719347e-08,-0.005038552918,0.05295378342,327.8726501,-1.210719347e-08,-0.005038552918,0.05295378342
-1.210719347e-08,-0.004027570132,0.0529396832,328.7813721,-1.210719347e-08,-0.004027570132,0.0529396832
-1.210719347e-08,-0.003018616,0.05292871222,329.1465149,-1.210719347e-08,-0.003018616,0.05292871222
-1.210719347e-08,-0.002011473291,0.05292146653,329.3943481,-1.210719347e-08,-0.002011473291,0.05292146653
-1.210719347e-08,-0.001005438622,0.05291735381,329.5072632,-1.210719347e-08,-0.001005438622,0.05291735381
-1.210719347e-08,6.863171365e-08,0.05291602388,329.5392761,-1.210719347e-08,6.863171365e-08,0.05291602388
-1.210719347e-08,0.001005585887,0.05291735381,329.5067749,-1.210719347e-08,0.001005585887,0.05291735381
-1.210719347e-08,0.002011645585,0.05292146653,329.3930054,-1.210719347e-08,0.002011645585,0.05292146653
-1.210719347e-08,0.003018837422,0.05292871594,329.1435547,-1.210719347e-08,0.003018837422,0.05292871594
-1.210719347e-08,0.004027855117,0.05293970183,328.6533508,-1.210719347e-08,0.004027855117,0.05293970183
-1.210719347e-08,0.005038884468,0.05295381323,327.6305237,-1.210719347e-08,0.005038884468,0.05295381323
-1.210719347e-08,0.005963112693,0.05296742916,327.2242432,-1.210719347e-08,0.005963112693,0.05296742916
-1.210719347e-08,0.00605167821,0.05278677493,326.2061157,-1.210719347e-08,0.00605167821,0.05278677493
-1.210719347e-08,0.006051177159,0.05296872556,326.1732178,-1.210719347e-08,0.006051177159,0.05296872556
-1.210719347e-08,0.007064654026,0.0529830642,323.5874329,-1.210719347e-08,0.007064654026,0.0529830642
-1.210719347e-08,0.007950625382,0.05299506709,320.6248474,-1.210719347e-08,0.007950625382,0.05299506709
-1.210719347e-08,0.008077202365,0.05249727145,319.3536377,-1.210719347e-08,0.008077202365,0.05249727145
-1.210719347e-08,0.008592460304,0.05249855295,316.9094849,-1.210719347e-08,0.008592460304,0.05249855295
-1.210719347e-08,0.008592398837,0.0519987978,317.397522,-1.210719347e-08,0.008592398837,0.0519987978
-1.210719347e-08,0.009107866324,0.05249920487,313.7575989,-1.210719347e-08,0.009107866324,0.05249920487
-1.210719347e-08,0.009386984631,0.05199924484,312.7616272,-1.210719347e-08,0.009386984631,0.05199924484
-1.210719347e-08,0.009107902646,0.05199938267,314.2737427,-1.210719347e-08,0.009107902646,0.05199938267
-1.210719347e-08,0.009552104399,0.05249898881,312.7535706,-1.210719347e-08,0.009552104399,0.05249898881
-1.210719347e-08,-0.009107782505,0.05308583379,314.5245361,-1.210719347e-08,-0.009107782505,0.05308583379
-1.210719347e-08,-0.008592117578,0.05299828947,316.4845581,-1.210719347e-08,-0.008592117578,0.05299828947
-1.210719347e-08,-0.008831455372,0.05299905688,315.7354126,-1.210719347e-08,-0.008831455372,0.05299905688
-1.210719347e-08,-0.009107768536,0.05349923298,314.2145081,-1.210719347e-08,-0.009107768536,0.05349923298
-1.210719347e-08,-0.008592131548,0.05349768698,317.1711731,-1.210719347e-08,-0.008592131548,0.05349768698
-1.210719347e-08,-0.007061228156,0.05397262052,323.209259,-1.210719347e-08,-0.007061228156,0.05397262052
-1.210719347e-08,-0.007949560881,0.05399150401,320.046814,-1.210719347e-08,-0.007949560881,0.05399150401
-1.210719347e-08,-0.008076598868,0.0534953922,319.4856567,-1.210719347e-08,-0.008076598868,0.0534953922
-1.210719347e-08,-0.006045930088,0.05395197868,325.253479,-1.210719347e-08,-0.006045930088,0.05395197868
-1.210719347e-08,-0.005036786199,0.05324317515,327.5962524,-1.210719347e-08,-0.005036786199,0.05324317515
-1.210719347e-08,-0.005032580812,0.05393199995,326.8157654,-1.210719347e-08,-0.005032580812,0.05393199995
-1.210719347e-08,-0.004597417545,0.05392533168,327.3362732,-1.210719347e-08,-0.004597417545,0.05392533168
-1.210719347e-08,-0.004022258334,0.05391651392,328.0003662,-1.210719347e-08,-0.004022258334,0.05391651392
-1.210719347e-08,-0.003014699323,0.05390608683,328.2608032,-1.210719347e-08,-0.003014699323,0.05390608683
-1.210719347e-08,-0.002008920768,0.05389944464,328.4872131,-1.210719347e-08,-0.002008920768,0.05389944464
-1.210719347e-08,-0.001004191698,0.0538957566,328.590332,-1.210719347e-08,-0.001004191698,0.0538957566
-1.210719347e-08,5.134429415e-08,0.05389457941,328.6195374,-1.210719347e-08,5.134429415e-08,0.05389457941
-1.210719347e-08,0.001004302292,0.05389576033,328.5895081,-1.210719347e-08,0.001004302292,0.05389576033
-1.210719347e-08,0.002009054879,0.05389944464,328.4849548,-1.210719347e-08,0.002009054879,0.05389944464
-1.210719347e-08,0.003014878836,0.05390608683,328.2558594,-1.210719347e-08,0.003014878836,0.05390608683
-1.210719347e-08,0.004022504203,0.05391652882,327.8049011,-1.210719347e-08,0.004022504203,0.05391652882
-1.210719347e-08,0.005032893736,0.0539320372,326.8097534,-1.210719347e-08,0.005032893736,0.0539320372
-1.210719347e-08,0.005724120885,0.05394567549,326.6011963,-1.210719347e-08,0.005724120885,0.05394567549
-1.210719347e-08,0.00604627002,0.05395203084,325.5039673,-1.210719347e-08,0.00604627002,0.05395203084
-1.210719347e-08,0.007061529905,0.05397268757,323.0797729,-1.210719347e-08,0.007061529905,0.05397268757
-1.210719347e-08,0.007949641906,0.05399156734,320.2733154,-1.210719347e-08,0.007949641906,0.05399156734
-1.210719347e-08,0.008076686412,0.05349541828,319.175354,-1.210719347e-08,0.008076686412,0.05349541828
-1.210719347e-08,0.008592235856,0.05349769816,316.673645,-1.210719347e-08,0.008592235856,0.05349769816
-1.210719347e-08,0.008592230268,0.05299801007,317.3247681,-1.210719347e-08,0.008592230268,0.05299801007
-1.210719347e-08,0.009107857943,0.05299899727,314.451355,-1.210719347e-08,0.009107857943,0.05299899727
-1.210719347e-08,0.009622460231,0.05320105702,312.7402039,-1.210719347e-08,0.009622460231,0.05320105702
-1.210719347e-08,0.009622446261,0.05299843848,312.7478027,-1.210719347e-08,0.009622446261,0.05299843848
-1.210719347e-08,0.009107852355,0.05309747905,314.5246887,-1.210719347e-08,0.009107852355,0.05309747905
-1.210719347e-08,-0.009107623249,0.05449812487,313.480835,-1.210719347e-08,-0.009107623249,0.05449812487
-1.210719347e-08,-0.008591521531,0.05449527875,316.75354,-1.210719347e-08,-0.008591521531,0.05449527875
-1.210719347e-08,-0.009107706137,0.05399899185,314.3723755,-1.210719347e-08,-0.009107706137,0.05399899185
-1.210719347e-08,-0.008591721766,0.05399653316,316.8928223,-1.210719347e-08,-0.008591721766,0.05399653316
-1.210719347e-08,-0.00705497805,0.05495411158,322.3546753,-1.210719347e-08,-0.00705497805,0.05495411158
-1.210719347e-08,-0.007947176695,0.05498398095,319.3866577,-1.210719347e-08,-0.007947176695,0.05498398095
-1.210719347e-08,-0.00807543844,0.05449126661,319.1040649,-1.210719347e-08,-0.00807543844,0.05449126661
-1.210719347e-08,-0.006037137471,0.05492545292,324.3153381,-1.210719347e-08,-0.006037137471,0.05492545292
-1.210719347e-08,-0.00502440054,0.05490421131,325.5828247,-1.210719347e-08,-0.00502440054,0.05490421131
-1.210719347e-08,-0.004472764675,0.05489679798,325.7169495,-1.210719347e-08,-0.004472764675,0.05489679798
-1.210719347e-08,-0.004016010091,0.05489066243,326.6101685,-1.210719347e-08,-0.004016010091,0.05489066243
-1.210719347e-08,-0.003010272747,0.05488209054,326.6743774,-1.210719347e-08,-0.003010272747,0.05488209054
-1.210719347e-08,-0.00200611609,0.05487685278,326.8662415,-1.210719347e-08,-0.00200611609,0.05487685278
-1.210719347e-08,-0.00100284291,0.05487402156,326.9533691,-1.210719347e-08,-0.00100284291,0.05487402156
-1.210719347e-08,3.593946829e-08,0.05487312749,326.9777832,-1.210719347e-08,3.593946829e-08,0.05487312749
-1.210719347e-08,0.00100291695,0.05487402529,326.9518738,-1.210719347e-08,0.00100291695,0.05487402529
-1.210719347e-08,0.002006205497,0.05487685278,326.8623047,-1.210719347e-08,0.002006205497,0.05487685278
-1.210719347e-08,0.003010400338,0.05488208681,326.6661377,-1.210719347e-08,0.003010400338,0.05488208681
-1.210719347e-08,0.004016194958,0.05489066988,326.2785339,-1.210719347e-08,0.004016194958,0.05489066988
-1.210719347e-08,0.005024646875,0.05490423366,325.1222534,-1.210719347e-08,0.005024646875,0.05490423366
-1.210719347e-08,0.005858096294,0.05492173508,325.3908997,-1.210719347e-08,0.005858096294,0.05492173508
-1.210719347e-08,0.006037438288,0.05492550135,324.0237427,-1.210719347e-08,0.006037438288,0.05492550135
-1.210719347e-08,0.007055289112,0.05495417118,321.9873657,-1.210719347e-08,0.007055289112,0.05495417118
-1.210719347e-08,0.007947352715,0.05498401076,319.861145,-1.210719347e-08,0.007947352715,0.05498401076
-1.210719347e-08,0.008075582795,0.05449133739,318.8002625,-1.210719347e-08,0.008075582795,0.05449133739
-1.210719347e-08,0.008591649123,0.05449541658,316.5921936,-1.210719347e-08,0.008591649123,0.05449541658
-1.210719347e-08,0.008591835387,0.05399664119,317.1634521,-1.210719347e-08,0.008591835387,0.05399664119
-1.210719347e-08,0.009112593718,0.05399926379,312.7032166,-1.210719347e-08,0.009112593718,0.05399926379
-1.210719347e-08,0.009622437879,0.05449940637,312.6738892,-1.210719347e-08,0.009622437879,0.05449940637
-1.210719347e-08,0.009622460231,0.05405763909,312.6908875,-1.210719347e-08,0.009622460231,0.05405763909
-1.210719347e-08,0.009107751772,0.05399925262,314.5306396,-1.210719347e-08,0.009107751772,0.05399925262
-1.210719347e-08,0.009107650258,0.05449850857,314.0941162,-1.210719347e-08,0.009107650258,0.05449850857
-1.210719347e-08,-0.008802819997,0.05549217016,315.1785278,-1.210719347e-08,-0.008802819997,0.05549217016
-1.210719347e-08,-0.009107383899,0.05499757454,314.5694885,-1.210719347e-08,-0.009107383899,0.05499757454
-1.210719347e-08,-0.009107165039,0.05533050001,313.479248,-1.210719347e-08,-0.009107165039,0.05533050001
-1.210719347e-08,-0.008589662611,0.05548928306,316.2595215,-1.210719347e-08,-0.008589662611,0.05548928306
-1.210719347e-08,-0.008590606973,0.05499272048,316.5499573,-1.210719347e-08,-0.008590606973,0.05499272048
-1.210719347e-08,-0.007042101119,0.05591981485,320.6693115,-1.210719347e-08,-0.007042101119,0.05591981485
-1.210719347e-08,-0.00794326514,0.0559659563,318.1317749,-1.210719347e-08,-0.00794326514,0.0559659563
-1.210719347e-08,-0.00807227008,0.05548130721,318.3421021,-1.210719347e-08,-0.00807227008,0.05548130721
-1.210719347e-08,-0.006024570204,0.05589030311,322.5722046,-1.210719347e-08,-0.006024570204,0.05589030311
-1.210719347e-08,-0.005014882423,0.05587405711,322.901825,-1.210719347e-08,-0.005014882423,0.05587405711
-1.210719347e-08,-0.004894186743,0.05587294325,322.9645386,-1.210719347e-08,-0.004894186743,0.05587294325
-1.210719347e-08,-0.004009231925,0.05586476997,324.2263184,-1.210719347e-08,-0.004009231925,0.05586476997
-1.210719347e-08,-0.003005716484,0.05585931614,323.9752197,-1.210719347e-08,-0.003005716484,0.05585931614
-1.210719347e-08,-0.002003327478,0.05585613474,323.6832886,-1.210719347e-08,-0.002003327478,0.05585613474
-1.210719347e-08,-0.001001529861,0.05585446209,324.5262146,-1.210719347e-08,-0.001001529861,0.05585446209
-1.210719347e-08,2.87873192e-08,0.05585394427,323.9449463,-1.210719347e-08,2.87873192e-08,0.05585394427
-1.210719347e-08,0.001001572236,0.05585446581,323.9202881,-1.210719347e-08,0.001001572236,0.05585446581
-1.210719347e-08,0.002003368689,0.05585613474,324.0958862,-1.210719347e-08,0.002003368689,0.05585613474
-1.210719347e-08,0.003005795414,0.05585931242,323.9372864,-1.210719347e-08,0.003005795414,0.05585931242
-1.210719347e-08,0.004009359051,0.05586477369,323.9651794,-1.210719347e-08,0.004009359051,0.05586477369
-1.210719347e-08,0.00501503842,0.05587406084,322.8953247,-1.210719347e-08,0.00501503842,0.05587406084
-1.210719347e-08,0.006035088561,0.05510453135,323.6530457,-1.210719347e-08,0.006035088561,0.05510453135
-1.210719347e-08,0.006024775561,0.05589032918,322.4235535,-1.210719347e-08,0.006024775561,0.05589032918
-1.210719347e-08,0.007045889739,0.05565747991,321.5306091,-1.210719347e-08,0.007045889739,0.05565747991
-1.210719347e-08,0.007042382378,0.05591990426,320.4044189,-1.210719347e-08,0.007042382378,0.05591990426
-1.210719347e-08,0.007943492383,0.0559659861,318.2001343,-1.210719347e-08,0.007943492383,0.0559659861
-1.210719347e-08,0.008030693047,0.05563819781,319.0409241,-1.210719347e-08,0.008030693047,0.05563819781
-1.210719347e-08,0.008072457276,0.05548130721,318.0360107,-1.210719347e-08,0.008072457276,0.05548130721
-1.210719347e-08,0.008589947596,0.0554311499,316.6570129,-1.210719347e-08,0.008589947596,0.0554311499
-1.210719347e-08,0.008408279158,0.05548650026,317.3233948,-1.210719347e-08,0.008408279158,0.05548650026
-1.210719347e-08,0.008590769954,0.05499278381,316.7062988,-1.210719347e-08,0.008590769954,0.05499278381
-1.210719347e-08,0.009107464924,0.054997731,313.808075,-1.210719347e-08,0.009107464924,0.054997731
-1.210719347e-08,0.009622460231,0.05504511297,312.5801392,-1.210719347e-08,0.009622460231,0.05504511297
-1.210719347e-08,0.009622456506,0.05499941111,312.6141968,-1.210719347e-08,0.009622456506,0.05499941111
-1.210719347e-08,0.009107367136,0.05515566841,314.3801575,-1.210719347e-08,0.009107367136,0.05515566841
-1.210719347e-08,-0.009105601348,0.05635856465,313.7323914,-1.210719347e-08,-0.009105601348,0.05635856465
-1.210719347e-08,-0.008587278426,0.0559819974,315.4497681,-1.210719347e-08,-0.008587278426,0.0559819974
-1.210719347e-08,-0.008760279976,0.05598593876,314.9035645,-1.210719347e-08,-0.008760279976,0.05598593876
-1.210719347e-08,-0.009105294943,0.05648885295,313.5709229,-1.210719347e-08,-0.009105294943,0.05648885295
-1.210719347e-08,-0.008583613671,0.05647039413,315.5188599,-1.210719347e-08,-0.008583613671,0.05647039413
-1.210719347e-08,-0.007022330537,0.05674132705,317.7520447,-1.210719347e-08,-0.007022330537,0.05674132705
-1.210719347e-08,-0.007026777603,0.05655652657,319.2048035,-1.210719347e-08,-0.007026777603,0.05655652657
-1.210719347e-08,-0.007527571637,0.05688126758,317.2282104,-1.210719347e-08,-0.007527571637,0.05688126758
-1.210719347e-08,-0.008011437021,0.05673714355,317.2492676,-1.210719347e-08,-0.008011437021,0.05673714355
-1.210719347e-08,-0.007988373749,0.05685121939,315.9739075,-1.210719347e-08,-0.007988373749,0.05685121939
-1.210719347e-08,-0.008069603704,0.05644951016,316.59375,-1.210719347e-08,-0.008069603704,0.05644951016
-1.210719347e-08,-0.006512274966,0.05684770644,318.2171936,-1.210719347e-08,-0.006512274966,0.05684770644
-1.210719347e-08,-0.00603348529,0.05672791973,319.0820618,-1.210719347e-08,-0.00603348529,0.05672791973
-1.210719347e-08,-0.006009888835,0.05672201514,319.1604614,-1.210719347e-08,-0.006009888835,0.05672201514
-1.210719347e-08,-0.005264284089,0.05677898228,318.9736633,-1.210719347e-08,-0.005264284089,0.05677898228
-1.210719347e-08,-0.005013450515,0.05599578843,321.6176147,-1.210719347e-08,-0.005013450515,0.05599578843
-1.210719347e-08,-0.005004988518,0.0567150712,319.3866577,-1.210719347e-08,-0.005004988518,0.0567150712
-1.210719347e-08,-0.005505454727,0.05683843046,319.8760071,-1.210719347e-08,-0.005505454727,0.05683843046
-1.210719347e-08,-0.004002792295,0.05671175569,320.5915222,-1.210719347e-08,-0.004002792295,0.05671175569
-1.210719347e-08,-0.004502716474,0.05683462694,319.9614868,-1.210719347e-08,-0.004502716474,0.05683462694
-1.210719347e-08,-0.003001654986,0.05670998245,320.5318298,-1.210719347e-08,-0.003001654986,0.05670998245
-1.210719347e-08,-0.003501536092,0.05683278292,319.1719971,-1.210719347e-08,-0.003501536092,0.05683278292
-1.210719347e-08,-0.002500890056,0.05683181435,320.291687,-1.210719347e-08,-0.002500890056,0.05683181435
-1.210719347e-08,-0.00224425178,0.05676877126,320.2952576,-1.210719347e-08,-0.00224425178,0.05676877126
-1.210719347e-08,-0.002002116526,0.05628790334,322.3962402,-1.210719347e-08,-0.002002116526,0.05628790334
-1.210719347e-08,-0.002000935376,0.05670900643,319.9007874,-1.210719347e-08,-0.002000935376,0.05670900643
-1.210719347e-08,-0.001000441262,0.05670850351,321.1894531,-1.210719347e-08,-0.001000441262,0.05670850351
-1.210719347e-08,-0.00121689064,0.05676165223,319.927063,-1.210719347e-08,-0.00121689064,0.05676165223
-1.210719347e-08,-0.001500472659,0.05683129653,319.6464844,-1.210719347e-08,-0.001500472659,0.05683129653
-1.210719347e-08,4.058366798e-08,0.05642280728,322.4550171,-1.210719347e-08,4.058366798e-08,0.05642280728
-1.210719347e-08,-0.0001785784989,0.05675217509,320.7807312,-1.210719347e-08,-0.0001785784989,0.05675217509
-1.210719347e-08,-0.0005001456011,0.05683106929,319.3153381,-1.210719347e-08,-0.0005001456011,0.05683106929
-1.210719347e-08,4.650456376e-08,0.0567083545,319.943573,-1.210719347e-08,4.650456376e-08,0.0567083545
-1.210719347e-08,0.001000927179,0.05635056645,322.4431152,-1.210719347e-08,0.001000927179,0.05635056645
-1.210719347e-08,0.001000461751,0.05670851842,319.9354858,-1.210719347e-08,0.001000461751,0.05670851842
-1.210719347e-08,0.0005002333783,0.05683108419,320.36203,-1.210719347e-08,0.0005002333783,0.05683108419
-1.210719347e-08,0.002000910696,0.05670901015,320.6127014,-1.210719347e-08,0.002000910696,0.05670901015
-1.210719347e-08,0.001500448794,0.05683130026,320.341156,-1.210719347e-08,0.001500448794,0.05683130026
-1.210719347e-08,0.001294833492,0.05678080395,319.6497803,-1.210719347e-08,0.001294833492,0.05678080395
-1.210719347e-08,0.00300171366,0.05670998618,320.7559814,-1.210719347e-08,0.00300171366,0.05670998618
-1.210719347e-08,0.002500896109,0.05683181435,319.2550659,-1.210719347e-08,0.002500896109,0.05683181435
-1.210719347e-08,0.004002918024,0.05671175569,320.4779358,-1.210719347e-08,0.004002918024,0.05671175569
-1.210719347e-08,0.003501651343,0.0568327941,319.504425,-1.210719347e-08,0.003501651343,0.0568327941
-1.210719347e-08,0.005005055573,0.0567150563,319.9232178,-1.210719347e-08,0.005005055573,0.0567150563
-1.210719347e-08,0.0045028124,0.05683461577,318.9911499,-1.210719347e-08,0.0045028124,0.05683461577
-1.210719347e-08,0.006009966601,0.05672202632,319.4594727,-1.210719347e-08,0.006009966601,0.05672202632
-1.210719347e-08,0.005505507346,0.05683841929,318.5789185,-1.210719347e-08,0.005505507346,0.05683841929
-1.210719347e-08,0.007026816253,0.05656548217,319.340332,-1.210719347e-08,0.007026816253,0.05656548217
-1.210719347e-08,0.006512409076,0.05684772506,318.3250427,-1.210719347e-08,0.006512409076,0.05684772506
-1.210719347e-08,0.006809012033,0.05678588897,318.5845947,-1.210719347e-08,0.006809012033,0.05678588897
-1.210719347e-08,0.00702257501,0.05674137175,317.7532654,-1.210719347e-08,0.00702257501,0.05674137175
-1.210719347e-08,0.007999015972,0.05680049956,317.0571594,-1.210719347e-08,0.007999015972,0.05680049956
-1.210719347e-08,0.008069884032,0.05644954368,316.7990723,-1.210719347e-08,0.008069884032,0.05644954368
-1.210719347e-08,0.007527944166,0.05688135698,317.2287292,-1.210719347e-08,0.007527944166,0.05688135698
-1.210719347e-08,0.007988772355,0.05685127899,315.7511292,-1.210719347e-08,0.007988772355,0.05685127899
-1.210719347e-08,0.009213030338,0.0564901866,312.2793884,-1.210719347e-08,0.009213030338,0.0564901866
-1.210719347e-08,0.009622457437,0.05599927157,312.390625,-1.210719347e-08,0.009622457437,0.05599927157
-1.210719347e-08,0.00948324427,0.05599784106,312.4281006,-1.210719347e-08,0.00948324427,0.05599784106
-1.210719347e-08,0.009622440673,0.05649672076,312.1954346,-1.210719347e-08,0.009622440673,0.05649672076
-1.210719347e-08,-0.00862607453,0.0574169606,313.0079651,-1.210719347e-08,-0.00862607453,0.0574169606
-1.210719347e-08,-0.008575644344,0.05694816262,314.6024475,-1.210719347e-08,-0.008575644344,0.05694816262
-1.210719347e-08,-0.009063524194,0.05697610229,313.8306885,-1.210719347e-08,-0.009063524194,0.05697610229
-1.210719347e-08,-0.008561589755,0.05741139501,313.2158508,-1.210719347e-08,-0.008561589755,0.05741139501
-1.210719347e-08,-0.005903466605,0.05734105036,316.4433289,-1.210719347e-08,-0.005903466605,0.05734105036
-1.210719347e-08,-0.006009229459,0.05680431798,317.4082642,-1.210719347e-08,-0.006009229459,0.05680431798
-1.210719347e-08,-0.005503025837,0.05733911693,316.4360046,-1.210719347e-08,-0.005503025837,0.05733911693
-1.210719347e-08,-0.002000325127,0.05733564869,316.661438,-1.210719347e-08,-0.002000325127,0.05733564869
-1.210719347e-08,-0.001500233309,0.05733531713,316.1414795,-1.210719347e-08,-0.001500233309,0.05733531713
-1.210719347e-08,-0.001000200282,0.05733543262,317.20401,-1.210719347e-08,-0.001000200282,0.05733543262
-1.210719347e-08,-0.0009534065612,0.05733541027,316.1487427,-1.210719347e-08,-0.0009534065612,0.05733541027
-1.210719347e-08,-0.001000248129,0.05721094087,318.2644653,-1.210719347e-08,-0.001000248129,0.05721094087
-1.210719347e-08,6.794645913e-08,0.05733538792,316.4527893,-1.210719347e-08,6.794645913e-08,0.05733538792
-1.210719347e-08,0.0005002863472,0.057335224,316.9967041,-1.210719347e-08,0.0005002863472,0.057335224
-1.210719347e-08,0.00100020587,0.05733545497,316.6763,-1.210719347e-08,0.00100020587,0.05733545497
-1.210719347e-08,0.00101297989,0.05733545125,316.3564453,-1.210719347e-08,0.00101297989,0.05733545125
-1.210719347e-08,0.004501401447,0.05733701959,316.266449,-1.210719347e-08,0.004501401447,0.05733701959
-1.210719347e-08,0.004002073314,0.05702843517,318.0788574,-1.210719347e-08,0.004002073314,0.05702843517
-1.210719347e-08,0.004001250956,0.0573367402,316.2399902,-1.210719347e-08,0.004001250956,0.0573367402
-1.210719347e-08,0.004502336495,0.0570040606,317.9866028,-1.210719347e-08,0.004502336495,0.0570040606
-1.210719347e-08,0.005002130754,0.05733818561,316.383728,-1.210719347e-08,0.005002130754,0.05733818561
-1.210719347e-08,0.005450451281,0.057338994,316.0214844,-1.210719347e-08,0.005450451281,0.057338994
-1.210719347e-08,0.005004485138,0.05683655292,317.8591614,-1.210719347e-08,0.005004485138,0.05683655292
-1.210719347e-08,0.007013020106,0.05735069141,315.3566895,-1.210719347e-08,0.007013020106,0.05735069141
-1.210719347e-08,0.007521771826,0.05736028403,314.6507874,-1.210719347e-08,0.007521771826,0.05736028403
-1.210719347e-08,0.008037281223,0.05737928674,314.1933594,-1.210719347e-08,0.008037281223,0.05737928674
-1.210719347e-08,0.008562423289,0.05741152912,313.3191528,-1.210719347e-08,0.008562423289,0.05741152912
-1.210719347e-08,0.008576029912,0.05694821104,314.7144775,-1.210719347e-08,0.008576029912,0.05694821104
-1.210719347e-08,0.009102953598,0.05697828159,313.0215759,-1.210719347e-08,0.009102953598,0.05697828159
-1.210719347e-08,0.009097641334,0.05745786801,312.1523132,-1.210719347e-08,0.009097641334,0.05745786801
-1.210719347e-08,0.0096224593,0.05699295178,311.9533386,-1.210719347e-08,0.0096224593,0.05699295178
-1.210719347e-08,0.009622453712,0.05748285726,311.5626221,-1.210719347e-08,0.009622453712,0.05748285726
-1.210719347e-08,-0.008938631974,0.05833330005,310.6195374,-1.210719347e-08,-0.008938631974,0.05833330005
-1.210719347e-08,-0.009078490548,0.05790904164,311.1819458,-1.210719347e-08,-0.009078490548,0.05790904164
-1.210719347e-08,-0.009075184353,0.05796672031,310.6567688,-1.210719347e-08,-0.009075184353,0.05796672031
-1.210719347e-08,-0.008532741107,0.05833330005,310.6680298,-1.210719347e-08,-0.008532741107,0.05833330005
-1.210719347e-08,-0.008543261327,0.05786475912,311.9264832,-1.210719347e-08,-0.008543261327,0.05786475912
-1.210719347e-08,-0.007577495649,0.05833330005,310.8334656,-1.210719347e-08,-0.007577495649,0.05833330005
-1.210719347e-08,-0.007505340967,0.05833330005,310.8902283,-1.210719347e-08,-0.007505340967,0.05833330005
-1.210719347e-08,-0.007510340773,0.05792920664,310.9009705,-1.210719347e-08,-0.007510340773,0.05792920664
-1.210719347e-08,-0.005950201303,0.05833330005,311.1805115,-1.210719347e-08,-0.005950201303,0.05833330005
-1.210719347e-08,-0.005500971805,0.05783488974,312.9966125,-1.210719347e-08,-0.005500971805,0.05783488974
-1.210719347e-08,-0.005928453058,0.05783538148,313.5404968,-1.210719347e-08,-0.005928453058,0.05783538148
-1.210719347e-08,-0.005500264931,0.05833330005,311.2095947,-1.210719347e-08,-0.005500264931,0.05833330005
-1.210719347e-08,-0.003945469856,0.05783413351,312.7817383,-1.210719347e-08,-0.003945469856,0.05783413351
-1.210719347e-08,-0.003499423154,0.05833330005,311.2929077,-1.210719347e-08,-0.003499423154,0.05833330005
-1.210719347e-08,-0.003499690676,0.05810834467,311.2962036,-1.210719347e-08,-0.003499690676,0.05810834467
-1.210719347e-08,-0.004000221845,0.05783414841,312.5218506,-1.210719347e-08,-0.004000221845,0.05783414841
-1.210719347e-08,-0.004000170622,0.05833330005,311.2834473,-1.210719347e-08,-0.004000170622,0.05833330005
-1.210719347e-08,-0.002000041306,0.05783393979,313.1954041,-1.210719347e-08,-0.002000041306,0.05783393979
-1.210719347e-08,-0.002000021283,0.05833330005,311.3127441,-1.210719347e-08,-0.002000021283,0.05833330005
-1.210719347e-08,-0.001500038779,0.05783382431,312.8222046,-1.210719347e-08,-0.001500038779,0.05783382431
-1.210719347e-08,-0.00149979908,0.05833330005,311.3148193,-1.210719347e-08,-0.00149979908,0.05833330005
-1.210719347e-08,-0.0007634027861,0.05783380568,312.8259277,-1.210719347e-08,-0.0007634027861,0.05783380568
-1.210719347e-08,-0.0005004380364,0.05833330005,311.3165894,-1.210719347e-08,-0.0005004380364,0.05833330005
-1.210719347e-08,-0.0005003524711,0.05815446004,311.3164368,-1.210719347e-08,-0.0005003524711,0.05815446004
-1.210719347e-08,-0.001000158372,0.05783381686,313.2019653,-1.210719347e-08,-0.001000158372,0.05783381686
-1.210719347e-08,-0.001000247546,0.05833330005,311.31604,-1.210719347e-08,-0.001000247546,0.05833330005
-1.210719347e-08,8.94577388e-05,0.05833330005,311.3154297,-1.210719347e-08,8.94577388e-05,0.05833330005
-1.210719347e-08,0.000500699156,0.05783382058,313.6748962,-1.210719347e-08,0.000500699156,0.05783382058
-1.210719347e-08,5.005845378e-05,0.05783381313,313.5802002,-1.210719347e-08,5.005845378e-05,0.05783381313
-1.210719347e-08,0.0005018139491,0.05833330005,311.3172607,-1.210719347e-08,0.0005018139491,0.05833330005
-1.210719347e-08,0.001999737928,0.05833330005,311.3131104,-1.210719347e-08,0.001999737928,0.05833330005
-1.210719347e-08,0.002484264784,0.05833330005,311.3104248,-1.210719347e-08,0.002484264784,0.05833330005
-1.210719347e-08,0.001999812899,0.05804052204,311.3123169,-1.210719347e-08,0.001999812899,0.05804052204
-1.210719347e-08,0.002999763004,0.05833330005,311.3013,-1.210719347e-08,0.002999763004,0.05833330005
-1.210719347e-08,0.003186028218,0.05783398822,312.5476685,-1.210719347e-08,0.003186028218,0.05783398822
-1.210719347e-08,0.003000162775,0.05783396959,312.803772,-1.210719347e-08,0.003000162775,0.05783396959
-1.210719347e-08,0.003406459,0.05833330005,311.2993164,-1.210719347e-08,0.003406459,0.05833330005
-1.210719347e-08,0.004500120413,0.05787828192,311.2681274,-1.210719347e-08,0.004500120413,0.05787828192
-1.210719347e-08,0.004000487737,0.05833330005,311.2798767,-1.210719347e-08,0.004000487737,0.05833330005
-1.210719347e-08,0.004411743023,0.05833330005,311.2770081,-1.210719347e-08,0.004411743023,0.05833330005
-1.210719347e-08,0.004500185605,0.05783428252,312.3173828,-1.210719347e-08,0.004500185605,0.05783428252
-1.210719347e-08,0.004000560381,0.05783415586,313.1387329,-1.210719347e-08,0.004000560381,0.05783415586
-1.210719347e-08,0.005000499077,0.05783453211,313.4328003,-1.210719347e-08,0.005000499077,0.05783453211
-1.210719347e-08,0.004999973811,0.05833330005,311.239624,-1.210719347e-08,0.004999973811,0.05833330005
-1.210719347e-08,0.005500914995,0.05783484876,313.2665405,-1.210719347e-08,0.005500914995,0.05783484876
-1.210719347e-08,0.005500084255,0.05833330005,311.1958313,-1.210719347e-08,0.005500084255,0.05833330005
-1.210719347e-08,0.007005995605,0.05783817545,312.5562744,-1.210719347e-08,0.007005995605,0.05783817545
-1.210719347e-08,0.007002354134,0.05833330005,310.9766541,-1.210719347e-08,0.007002354134,0.05833330005
-1.210719347e-08,0.007512111682,0.0578414239,312.057251,-1.210719347e-08,0.007512111682,0.0578414239
-1.210719347e-08,0.007506370544,0.05833330005,310.8589478,-1.210719347e-08,0.007506370544,0.05833330005
-1.210719347e-08,0.008029060438,0.05833330005,310.7078857,-1.210719347e-08,0.008029060438,0.05833330005
-1.210719347e-08,0.00802388601,0.05784828216,311.881958,-1.210719347e-08,0.00802388601,0.05784828216
-1.210719347e-08,0.008017485961,0.05826066807,310.782074,-1.210719347e-08,0.008017485961,0.05826066807
-1.210719347e-08,0.008533599786,0.05833330005,310.6542358,-1.210719347e-08,0.008533599786,0.05833330005
-1.210719347e-08,0.008544772863,0.05786500871,311.6436157,-1.210719347e-08,0.008544772863,0.05786500871
-1.210719347e-08,0.009622390382,0.05794940144,311.0438843,-1.210719347e-08,0.009622390382,0.05794940144
-1.210719347e-08,0.009082864039,0.0579110533,311.2381592,-1.210719347e-08,0.009082864039,0.0579110533
-1.210719347e-08,0.009632143192,0.05833330005,310.6723938,-1.210719347e-08,0.009632143192,0.05833330005
-1.210719347e-08,0.009066415019,0.05833330005,310.6369019,-1.210719347e-08,0.009066415019,0.05833330005
-1.210719347e-08,-0.009622337297,0.002895249985,311.395813,-1.210719347e-08,-0.009622337297,0.002895249985
-1.210719347e-08,-0.009631995112,0.002333331155,311.0133667,-1.210719347e-08,-0.009631995112,0.002333331155
-1.210719347e-08,-0.009128667414,0.002333329059,311.0278931,-1.210719347e-08,-0.009128667414,0.002333329059
-1.210719347e-08,0.009624144994,0.002774699125,310.9868164,-1.210719347e-08,0.009624144994,0.002774699125
-1.210719347e-08,0.009558989666,0.002333329991,310.9865112,-1.210719347e-08,0.009558989666,0.002333329991
-1.210719347e-08,0.009148390032,0.002333326032,310.9954834,-1.210719347e-08,0.009148390032,0.002333326032
-1.210719347e-08,0.009622454643,0.002865254646,311.2727356,-1.210719347e-08,0.009622454643,0.002865254646
-1.210719347e-08,0.009145813994,0.00283034239,311.5354614,-1.210719347e-08,0.009145813994,0.00283034239
-1.210719347e-08,0.009632320143,0.002333330223,310.9855957,-1.210719347e-08,0.009632320143,0.002333330223
-1.210719347e-08,-0.009182712063,0.05833330005,310.682373,-1.210719347e-08,-0.009182712063,0.05833330005
-1.210719347e-08,-0.009054163471,0.05833330005,310.6500854,-1.210719347e-08,-0.009054163471,0.05833330005
-1.210719347e-08,-0.009632320143,0.05833330005,310.6813965,-1.210719347e-08,-0.009632320143,0.05833330005
-1.210719347e-08,-0.00962244533,0.05794193968,311.0548401,-1.210719347e-08,-0.00962244533,0.05794193968
-1.210719347e-08,-0.008580907248,0.002333329758,311.067688,-1.210719347e-08,-0.008580907248,0.002333329758
-1.210719347e-08,-0.008046000265,0.002333329991,311.1474915,-1.210719347e-08,-0.008046000265,0.002333329991
-1.210719347e-08,-0.007777463179,0.002333329991,311.1741028,-1.210719347e-08,-0.007777463179,0.002333329991
-1.210719347e-08,-0.007526295725,0.002618053462,311.2282104,-1.210719347e-08,-0.007526295725,0.002618053462
-1.210719347e-08,-0.007521002553,0.002333329991,311.2183228,-1.210719347e-08,-0.007521002553,0.002333329991
-1.210719347e-08,-0.007226557005,0.002333329991,311.2643433,-1.210719347e-08,-0.007226557005,0.002333329991
-1.210719347e-08,-0.007007867098,0.002333329991,311.2851562,-1.210719347e-08,-0.007007867098,0.002333329991
-1.210719347e-08,-0.006271054503,0.002333329991,311.4129944,-1.210719347e-08,-0.006271054503,0.002333329991
-1.210719347e-08,-0.0063068741,0.002835499356,313.6631775,-1.210719347e-08,-0.0063068741,0.002835499356
-1.210719347e-08,-0.006003693677,0.002835131949,312.580719,-1.210719347e-08,-0.006003693677,0.002835131949
-1.210719347e-08,-0.006001048721,0.002333329991,311.4378052,-1.210719347e-08,-0.006001048721,0.002333329991
-1.210719347e-08,-0.006501542404,0.002333329991,311.3684692,-1.210719347e-08,-0.006501542404,0.002333329991
-1.210719347e-08,-0.005499955732,0.002333329991,311.4805908,-1.210719347e-08,-0.005499955732,0.002333329991
-1.210719347e-08,-0.005501860753,0.002834677696,313.8250122,-1.210719347e-08,-0.005501860753,0.002834677696
-1.210719347e-08,-0.005209395662,0.002834539395,312.6820068,-1.210719347e-08,-0.005209395662,0.002834539395
-1.210719347e-08,-0.00530294748,0.002333329991,311.4982605,-1.210719347e-08,-0.00530294748,0.002333329991
-1.210719347e-08,-0.004999759607,0.002333329991,311.5065002,-1.210719347e-08,-0.004999759607,0.002333329991
-1.210719347e-08,-0.00449990388,0.002333329991,311.5328369,-1.210719347e-08,-0.00449990388,0.002333329991
-1.210719347e-08,-0.003999765962,0.002333329991,311.5479736,-1.210719347e-08,-0.003999765962,0.002333329991
-1.210719347e-08,-0.003529882291,0.002333329991,311.5545044,-1.210719347e-08,-0.003529882291,0.002333329991
-1.210719347e-08,-0.003500235267,0.002834031591,313.3934937,-1.210719347e-08,-0.003500235267,0.002834031591
-1.210719347e-08,-0.003500046441,0.002333329991,311.5609131,-1.210719347e-08,-0.003500046441,0.002333329991
-1.210719347e-08,-0.002999643097,0.002358118072,311.5646667,-1.210719347e-08,-0.002999643097,0.002358118072
-1.210719347e-08,-0.003029964864,0.002333329991,311.5625,-1.210719347e-08,-0.003029964864,0.002333329991
-1.210719347e-08,-0.00300010643,0.002833998064,312.6169434,-1.210719347e-08,-0.00300010643,0.002833998064
-1.210719347e-08,-0.002999618882,0.002333329991,311.5648804,-1.210719347e-08,-0.002999618882,0.002333329991
-1.210719347e-08,-0.002994296374,0.002333329991,311.5677795,-1.210719347e-08,-0.002994296374,0.002333329991
-1.210719347e-08,-0.002500253031,0.002333329991,311.5681763,-1.210719347e-08,-0.002500253031,0.002333329991
-1.210719347e-08,-0.002500314033,0.002833927982,313.6762085,-1.210719347e-08,-0.002500314033,0.002833927982
-1.210719347e-08,-0.002152408706,0.002833900973,313.0462036,-1.210719347e-08,-0.002152408706,0.002833900973
-1.210719347e-08,-0.002000033855,0.002548296936,311.5709534,-1.210719347e-08,-0.002000033855,0.002548296936
-1.210719347e-08,-0.001999971457,0.002333329991,311.5699463,-1.210719347e-08,-0.001999971457,0.002333329991
-1.210719347e-08,-0.001500153914,0.002833856968,313.1575623,-1.210719347e-08,-0.001500153914,0.002833856968
-1.210719347e-08,-0.001500337035,0.002333329991,311.5732117,-1.210719347e-08,-0.001500337035,0.002333329991
-1.210719347e-08,-0.001000137185,0.002833846491,313.4239807,-1.210719347e-08,-0.001000137185,0.002833846491
-1.210719347e-08,-0.001000200631,0.002333329991,311.5741882,-1.210719347e-08,-0.001000200631,0.002333329991
-1.210719347e-08,-0.0007266206667,0.002333329991,311.5736694,-1.210719347e-08,-0.0007266206667,0.002333329991
-1.210719347e-08,-0.0001606910519,0.002333329991,311.5744324,-1.210719347e-08,-0.0001606910519,0.002333329991
-1.210719347e-08,-6.641958805e-08,0.002679187804,311.5740051,-1.210719347e-08,-6.641958805e-08,0.002679187804
-1.210719347e-08,-3.328102878e-07,0.002333329991,311.5736084,-1.210719347e-08,-3.328102878e-07,0.002333329991
-1.210719347e-08,-0.0004997830256,0.002333329991,311.5737915,-1.210719347e-08,-0.0004997830256,0.002333329991
-1.210719347e-08,0.0001090588339,0.002333329991,311.5736389,-1.210719347e-08,0.0001090588339,0.002333329991
-1.210719347e-08,0.0006147947861,0.002333329991,311.5758057,-1.210719347e-08,0.0006147947861,0.002333329991
-1.210719347e-08,0.0006087244838,0.002833830658,314.04245,-1.210719347e-08,0.0006087244838,0.002833830658
-1.210719347e-08,0.001000108896,0.002833860693,313.0546265,-1.210719347e-08,0.001000108896,0.002833860693
-1.210719347e-08,0.001000186428,0.002333329991,311.5742188,-1.210719347e-08,0.001000186428,0.002333329991
-1.210719347e-08,0.0004998705699,0.002333329991,311.5746155,-1.210719347e-08,0.0004998705699,0.002333329991
-1.210719347e-08,0.001499764156,0.002391621936,311.5735168,-1.210719347e-08,0.001499764156,0.002391621936
-1.210719347e-08,0.00149421778,0.002333329991,311.5740967,-1.210719347e-08,0.00149421778,0.002333329991
-1.210719347e-08,0.001499893144,0.002833870007,313.2165527,-1.210719347e-08,0.001499893144,0.002833870007
-1.210719347e-08,0.00152933842,0.002333329991,311.5726929,-1.210719347e-08,0.00152933842,0.002333329991
-1.210719347e-08,0.001999933971,0.002333329991,311.5721436,-1.210719347e-08,0.001999933971,0.002333329991
-1.210719347e-08,0.001999973785,0.002833904233,313.0492249,-1.210719347e-08,0.001999973785,0.002833904233
-1.210719347e-08,0.001499747159,0.002333329991,311.5736389,-1.210719347e-08,0.001499747159,0.002333329991
-1.210719347e-08,0.002499953611,0.002333329991,311.5687256,-1.210719347e-08,0.002499953611,0.002333329991
-1.210719347e-08,0.002499953378,0.002833908191,314.0278931,-1.210719347e-08,0.002499953378,0.002833908191
-1.210719347e-08,0.002999893855,0.002761133248,311.565033,-1.210719347e-08,0.002999893855,0.002761133248
-1.210719347e-08,0.002899000421,0.002333329991,311.5670776,-1.210719347e-08,0.002899000421,0.002333329991
-1.210719347e-08,0.002999952529,0.002833978971,313.403595,-1.210719347e-08,0.002999952529,0.002833978971
-1.210719347e-08,0.002999549033,0.002333329991,311.5627747,-1.210719347e-08,0.002999549033,0.002333329991
-1.210719347e-08,0.003498781938,0.002333329991,311.5560303,-1.210719347e-08,0.003498781938,0.002333329991
-1.210719347e-08,0.003999749664,0.002333329991,311.5473022,-1.210719347e-08,0.003999749664,0.002333329991
-1.210719347e-08,0.004149868619,0.002333329991,311.5413208,-1.210719347e-08,0.004149868619,0.002333329991
-1.210719347e-08,0.004500793759,0.002834221115,313.6019897,-1.210719347e-08,0.004500793759,0.002834221115
-1.210719347e-08,0.004500648472,0.002333329991,311.529541,-1.210719347e-08,0.004500648472,0.002333329991
-1.210719347e-08,0.005001114681,0.002834406216,313.5451965,-1.210719347e-08,0.005001114681,0.002834406216
-1.210719347e-08,0.005000139587,0.002333329991,311.5059509,-1.210719347e-08,0.005000139587,0.002333329991
-1.210719347e-08,0.005214665551,0.002333329991,311.4967651,-1.210719347e-08,0.005214665551,0.002333329991
-1.210719347e-08,0.005500921514,0.002333329991,311.4782715,-1.210719347e-08,0.005500921514,0.002333329991
-1.210719347e-08,0.006001352798,0.002333329991,311.4349976,-1.210719347e-08,0.006001352798,0.002333329991
-1.210719347e-08,0.006397193763,0.002333329991,311.4101562,-1.210719347e-08,0.006397193763,0.002333329991
-1.210719347e-08,0.006507012993,0.002835650695,313.2701416,-1.210719347e-08,0.006507012993,0.002835650695
-1.210719347e-08,0.006501362659,0.002333329991,311.365387,-1.210719347e-08,0.006501362659,0.002333329991
-1.210719347e-08,0.007015441544,0.002836657455,312.3427734,-1.210719347e-08,0.007015441544,0.002836657455
-1.210719347e-08,0.007008212153,0.002333329991,311.2998047,-1.210719347e-08,0.007008212153,0.002333329991
-1.210719347e-08,0.007521676365,0.002333329991,311.2081604,-1.210719347e-08,0.007521676365,0.002333329991
-1.210719347e-08,0.007531104609,0.002838028828,313.1275635,-1.210719347e-08,0.007531104609,0.002838028828
-1.210719347e-08,0.008058119565,0.002839734778,311.9503784,-1.210719347e-08,0.008058119565,0.002839734778
-1.210719347e-08,0.008049559779,0.002333329991,311.1138916,-1.210719347e-08,0.008049559779,0.002333329991
-1.210719347e-08,0.008592073806,0.002333329758,311.0480347,-1.210719347e-08,0.008592073806,0.002333329758
-1.210719347e-08,0.008597371168,0.002839005087,312.1377563,-1.210719347e-08,0.008597371168,0.002839005087
-1.210719347e-08,-0.00962244533,0.003418606706,311.8395691,-1.210719347e-08,-0.00962244533,0.003418606706
-1.210719347e-08,-0.009622460231,0.003957938869,312.147644,-1.210719347e-08,-0.009622460231,0.003957938869
-1.210719347e-08,0.009117952548,0.003391306615,312.5179443,-1.210719347e-08,0.009117952548,0.003391306615
-1.210719347e-08,0.009622457437,0.003406389849,311.8493347,-1.210719347e-08,0.009622457437,0.003406389849
-1.210719347e-08,0.009622460231,0.003541078186,311.9442749,-1.210719347e-08,0.009622460231,0.003541078186
-1.210719347e-08,0.009109998122,0.003939095885,312.8871765,-1.210719347e-08,0.009109998122,0.003939095885
-1.210719347e-08,-0.009622407146,0.004482010379,312.2969666,-1.210719347e-08,-0.009622407146,0.004482010379
-1.210719347e-08,-0.00910811685,0.004470956512,313.2800293,-1.210719347e-08,-0.00910811685,0.004470956512
-1.210719347e-08,-0.009622460231,0.00395985879,312.2367554,-1.210719347e-08,-0.009622460231,0.00395985879
-1.210719347e-08,-0.009622460231,0.004778529052,312.4221191,-1.210719347e-08,-0.009622460231,0.004778529052
-1.210719347e-08,-0.009107910097,0.004791048821,313.9045105,-1.210719347e-08,-0.009107910097,0.004791048821
-1.210719347e-08,-0.009622421116,0.00499274116,312.5048218,-1.210719347e-08,-0.009622421116,0.00499274116
-1.210719347e-08,0.009622451849,0.004479545169,312.319397,-1.210719347e-08,0.009622451849,0.004479545169
-1.210719347e-08,0.009108246304,0.004468075931,313.9519653,-1.210719347e-08,0.009108246304,0.004468075931
-1.210719347e-08,0.009108202532,0.004522512201,313.237854,-1.210719347e-08,0.009108202532,0.004522512201
-1.210719347e-08,0.009622460231,0.004627627321,312.4146118,-1.210719347e-08,0.009622460231,0.004627627321
-1.210719347e-08,-0.009622439742,0.005501008127,312.5751648,-1.210719347e-08,-0.009622439742,0.005501008127
-1.210719347e-08,-0.009107789956,0.005494514015,313.6887512,-1.210719347e-08,-0.009107789956,0.005494514015
-1.210719347e-08,-0.009622460231,0.005327289458,312.5463562,-1.210719347e-08,-0.009622460231,0.005327289458
-1.210719347e-08,-0.009622460231,0.00589202065,312.6329346,-1.210719347e-08,-0.009622460231,0.00589202065
-1.210719347e-08,-0.009107790887,0.00557644153,314.3057861,-1.210719347e-08,-0.009107790887,0.00557644153
-1.210719347e-08,-0.009622454643,0.005999889225,312.6754761,-1.210719347e-08,-0.009622454643,0.005999889225
-1.210719347e-08,0.009622455575,0.00549868308,312.5826721,-1.210719347e-08,0.009622455575,0.00549868308
-1.210719347e-08,0.009622460231,0.005629219115,312.625885,-1.210719347e-08,0.009622460231,0.005629219115
-1.210719347e-08,-0.009244102985,0.006499520969,312.6999512,-1.210719347e-08,-0.009244102985,0.006499520969
-1.210719347e-08,-0.009622460231,0.006122668739,312.6861572,-1.210719347e-08,-0.009622460231,0.006122668739
-1.210719347e-08,-0.009622442536,0.006501516327,312.7063904,-1.210719347e-08,-0.009622442536,0.006501516327
-1.210719347e-08,-0.009622453712,0.006999922451,312.7302246,-1.210719347e-08,-0.009622453712,0.006999922451
-1.210719347e-08,-0.009366158396,0.006999421865,312.7267761,-1.210719347e-08,-0.009366158396,0.006999421865
-1.210719347e-08,0.009107789956,0.006498041097,313.6695557,-1.210719347e-08,0.009107789956,0.006498041097
-1.210719347e-08,0.00962244533,0.006499420386,312.7005615,-1.210719347e-08,0.00962244533,0.006499420386
-1.210719347e-08,0.009622438811,0.006999708246,312.7300415,-1.210719347e-08,0.009622438811,0.006999708246
-1.210719347e-08,0.009107784368,0.006998947356,314.4971619,-1.210719347e-08,0.009107784368,0.006998947356
-1.210719347e-08,-0.009622460231,0.007067372091,312.7417908,-1.210719347e-08,-0.009622460231,0.007067372091
-1.210719347e-08,-0.009622422047,0.007499009371,312.7471924,-1.210719347e-08,-0.009622422047,0.007499009371
-1.210719347e-08,-0.0096224593,0.007999189198,312.7571411,-1.210719347e-08,-0.0096224593,0.007999189198
-1.210719347e-08,-0.009622440673,0.008501761593,312.7639771,-1.210719347e-08,-0.009622440673,0.008501761593
-1.210719347e-08,-0.009107857011,0.008500242606,313.9760437,-1.210719347e-08,-0.009107857011,0.008500242606
-1.210719347e-08,-0.009622460231,0.008026064374,312.7601929,-1.210719347e-08,-0.009622460231,0.008026064374
-1.210719347e-08,-0.009622460231,0.008668363094,312.769165,-1.210719347e-08,-0.009622460231,0.008668363094
-1.210719347e-08,-0.009107867256,0.008616354316,314.5864258,-1.210719347e-08,-0.009107867256,0.008616354316
-1.210719347e-08,-0.009622420184,0.008999571204,312.7705688,-1.210719347e-08,-0.009622420184,0.008999571204
-1.210719347e-08,0.009622448124,0.008999814279,312.7747192,-1.210719347e-08,0.009622448124,0.008999814279
-1.210719347e-08,0.009622460231,0.008922712877,312.7719116,-1.210719347e-08,0.009622460231,0.008922712877
-1.210719347e-08,-0.009622450918,0.00949885603,312.7737122,-1.210719347e-08,-0.009622450918,0.00949885603
-1.210719347e-08,-0.009622426704,0.0100007318,312.7756042,-1.210719347e-08,-0.009622426704,0.0100007318
-1.210719347e-08,-0.009622449987,0.01050004829,312.7772217,-1.210719347e-08,-0.009622449987,0.01050004829
-1.210719347e-08,-0.009107921273,0.01049981639,313.9945374,-1.210719347e-08,-0.009107921273,0.01049981639
-1.210719347e-08,-0.009622460231,0.01038603764,312.7763977,-1.210719347e-08,-0.009622460231,0.01038603764
-1.210719347e-08,-0.009622460231,0.0106492769,312.7767334,-1.210719347e-08,-0.009622460231,0.0106492769
-1.210719347e-08,-0.009107923135,0.01061013993,314.6030273,-1.210719347e-08,-0.009107923135,0.01061013993
-1.210719347e-08,-0.009622436948,0.01099871937,312.7740784,-1.210719347e-08,-0.009622436948,0.01099871937
-1.210719347e-08,0.009107839316,0.01099936105,314.2979736,-1.210719347e-08,0.009107839316,0.01099936105
-1.210719347e-08,0.00962244533,0.01099860296,312.7739868,-1.210719347e-08,0.00962244533,0.01099860296
-1.210719347e-08,0.009622460231,0.01076934207,312.7769165,-1.210719347e-08,0.009622460231,0.01076934207
-1.210719347e-08,0.009107840247,0.01097027212,314.6043091,-1.210719347e-08,0.009107840247,0.01097027212
-1.210719347e-08,-0.009622460231,0.01187304873,312.7738953,-1.210719347e-08,-0.009622460231,0.01187304873
-1.210719347e-08,-0.009622446261,0.01200108137,312.7732544,-1.210719347e-08,-0.009622446261,0.01200108137
-1.210719347e-08,-0.009252686054,0.01200063899,312.7733459,-1.210719347e-08,-0.009252686054,0.01200063899
-1.210719347e-08,-0.009622419253,0.01149967778,312.774292,-1.210719347e-08,-0.009622419253,0.01149967778
-1.210719347e-08,0.009107864462,0.01150009502,314.0809937,-1.210719347e-08,0.009107864462,0.01150009502
-1.210719347e-08,0.009622449055,0.01150021609,312.7750549,-1.210719347e-08,0.009622449055,0.01150021609
-1.210719347e-08,0.009622421116,0.01200099103,312.7772522,-1.210719347e-08,0.009622421116,0.01200099103
-1.210719347e-08,0.009107839316,0.01200040616,314.6047668,-1.210719347e-08,0.009107839316,0.01200040616
-1.210719347e-08,-0.009622460231,0.01215328928,312.7717896,-1.210719347e-08,-0.009622460231,0.01215328928
-1.210719347e-08,-0.009622428566,0.01250185072,312.7716064,-1.210719347e-08,-0.009622428566,0.01250185072
-1.210719347e-08,-0.009622416459,0.01299946569,312.7711182,-1.210719347e-08,-0.009622416459,0.01299946569
-1.210719347e-08,0.009107876569,0.01250003371,313.791626,-1.210719347e-08,0.009107876569,0.01250003371
-1.210719347e-08,0.009622446261,0.01249995362,312.776123,-1.210719347e-08,0.009622446261,0.01249995362
-1.210719347e-08,0.009622449055,0.01300160028,312.7741394,-1.210719347e-08,0.009622449055,0.01300160028
-1.210719347e-08,0.009107904509,0.01300037559,314.8057556,-1.210719347e-08,0.009107904509,0.01300037559
-1.210719347e-08,-0.009622430429,0.01350067742,312.772644,-1.210719347e-08,-0.009622430429,0.01350067742
-1.210719347e-08,-0.009622393176,0.01399937924,312.7736511,-1.210719347e-08,-0.009622393176,0.01399937924
-1.210719347e-08,0.009107888676,0.01399969961,313.9927368,-1.210719347e-08,0.009107888676,0.01399969961
-1.210719347e-08,0.009622441605,0.01399937831,312.7746277,-1.210719347e-08,0.009622441605,0.01399937831
-1.210719347e-08,0.009622460231,0.01367528923,312.7744751,-1.210719347e-08,0.009622460231,0.01367528923
-1.210719347e-08,0.009107904509,0.01375942305,314.602478,-1.210719347e-08,0.009107904509,0.01375942305
-1.210719347e-08,-0.009622427635,0.01450072788,312.7756653,-1.210719347e-08,-0.009622427635,0.01450072788
-1.210719347e-08,-0.00910791941,0.01450026315,314.2978821,-1.210719347e-08,-0.00910791941,0.01450026315
-1.210719347e-08,-0.009622460231,0.01433640998,312.7746582,-1.210719347e-08,-0.009622460231,0.01433640998
-1.210719347e-08,-0.009622428566,0.01499968302,312.776123,-1.210719347e-08,-0.009622428566,0.01499968302
-1.210719347e-08,-0.009107913822,0.01499996893,314.6026306,-1.210719347e-08,-0.009107913822,0.01499996893
-1.210719347e-08,-0.009622460231,0.01529451832,312.7754822,-1.210719347e-08,-0.009622460231,0.01529451832
-1.210719347e-08,-0.009118800983,0.0155000519,312.7762146,-1.210719347e-08,-0.009118800983,0.0155000519
-1.210719347e-08,-0.009107945487,0.01550004818,314.1297607,-1.210719347e-08,-0.009107945487,0.01550004818
-1.210719347e-08,-0.009622460231,0.01590513438,312.7765198,-1.210719347e-08,-0.009622460231,0.01590513438
-1.210719347e-08,-0.009622454643,0.01599822566,312.7773743,-1.210719347e-08,-0.009622454643,0.01599822566
-1.210719347e-08,-0.009107909165,0.01599942893,313.9935608,-1.210719347e-08,-0.009107909165,0.01599942893
-1.210719347e-08,-0.009622437879,0.01550021023,312.7740173,-1.210719347e-08,-0.009622437879,0.01550021023
-1.210719347e-08,0.00910789147,0.01599991135,314.515564,-1.210719347e-08,0.00910789147,0.01599991135
-1.210719347e-08,0.00962243136,0.01599956118,312.7757874,-1.210719347e-08,0.00962243136,0.01599956118
-1.210719347e-08,0.009622460231,0.01566760801,312.7769775,-1.210719347e-08,0.009622460231,0.01566760801
-1.210719347e-08,0.009107897058,0.01565403864,314.6031189,-1.210719347e-08,0.009107897058,0.01565403864
-1.210719347e-08,-0.009622460231,0.01607707515,312.7737427,-1.210719347e-08,-0.009622460231,0.01607707515
-1.210719347e-08,-0.009622460231,0.01693699136,312.7746887,-1.210719347e-08,-0.009622460231,0.01693699136
-1.210719347e-08,-0.009622456506,0.01700158045,312.7756348,-1.210719347e-08,-0.009622456506,0.01700158045
-1.210719347e-08,-0.009207276627,0.017000705,312.7755127,-1.210719347e-08,-0.009207276627,0.017000705
-1.210719347e-08,-0.009622432292,0.01649994589,312.7740173,-1.210719347e-08,-0.009622432292,0.01649994589
-1.210719347e-08,0.009107910097,0.01650023088,314.0808716,-1.210719347e-08,0.009107910097,0.01650023088
-1.210719347e-08,0.009622436948,0.01650037244,312.7761841,-1.210719347e-08,0.009622436948,0.01650037244
-1.210719347e-08,0.009622388519,0.01700146869,312.7762451,-1.210719347e-08,0.009622388519,0.01700146869
-1.210719347e-08,0.009107885882,0.01700060442,314.6027527,-1.210719347e-08,0.009107885882,0.01700060442
-1.210719347e-08,-0.009107892402,0.01749990135,314.0804138,-1.210719347e-08,-0.009107892402,0.01749990135
-1.210719347e-08,-0.009622450918,0.01749956049,312.7760315,-1.210719347e-08,-0.009622450918,0.01749956049
-1.210719347e-08,-0.009622436017,0.01800016686,312.7763672,-1.210719347e-08,-0.009622436017,0.01800016686
-1.210719347e-08,-0.009107869118,0.01800001785,314.5155334,-1.210719347e-08,-0.009107869118,0.01800001785
-1.210719347e-08,0.009107893333,0.01750041544,314.2983704,-1.210719347e-08,0.009107893333,0.01750041544
-1.210719347e-08,0.009622451849,0.0175009612,312.7765198,-1.210719347e-08,0.009622451849,0.0175009612
-1.210719347e-08,0.009107903577,0.01771310903,313.7911377,-1.210719347e-08,0.009107903577,0.01771310903
-1.210719347e-08,0.009622460231,0.01760349795,312.7763672,-1.210719347e-08,0.009622460231,0.01760349795
-1.210719347e-08,-0.009622460231,0.01817394048,312.7759705,-1.210719347e-08,-0.009622460231,0.01817394048
-1.210719347e-08,-0.009622414596,0.01849977486,312.7738953,-1.210719347e-08,-0.009622414596,0.01849977486
-1.210719347e-08,-0.009622409008,0.01900118776,312.7750854,-1.210719347e-08,-0.009622409008,0.01900118776
-1.210719347e-08,0.00910791941,0.01850056462,314.2979431,-1.210719347e-08,0.00910791941,0.01850056462
-1.210719347e-08,0.009107894264,0.0190000236,314.6012573,-1.210719347e-08,0.009107894264,0.0190000236
-1.210719347e-08,-0.009622419253,0.01950040832,312.7767029,-1.210719347e-08,-0.009622419253,0.01950040832
-1.210719347e-08,-0.009622449987,0.01999964193,312.7745972,-1.210719347e-08,-0.009622449987,0.01999964193
-1.210719347e-08,0.009107913822,0.01998467185,314.8036194,-1.210719347e-08,0.009107913822,0.01998467185
-1.210719347e-08,0.009107914753,0.02000022866,314.8043213,-1.210719347e-08,0.009107914753,0.02000022866
-1.210719347e-08,-0.009477113374,0.02050061338,312.7747192,-1.210719347e-08,-0.009477113374,0.02050061338
-1.210719347e-08,-0.009622460231,0.02048601583,312.7747803,-1.210719347e-08,-0.009622460231,0.02048601583
-1.210719347e-08,-0.009622460231,0.02050074935,312.7752686,-1.210719347e-08,-0.009622460231,0.02050074935
-1.210719347e-08,-0.009622460231,0.02052140236,312.7752686,-1.210719347e-08,-0.009622460231,0.02052140236
-1.210719347e-08,-0.009622453712,0.02100020833,312.7750549,-1.210719347e-08,-0.009622453712,0.02100020833
-1.210719347e-08,0.009107924998,0.02100054547,314.5137024,-1.210719347e-08,0.009107924998,0.02100054547
-1.210719347e-08,0.009622439742,0.0210015066,312.7734375,-1.210719347e-08,0.009622439742,0.0210015066
-1.210719347e-08,0.009622460231,0.02070932277,312.7744751,-1.210719347e-08,0.009622460231,0.02070932277
-1.210719347e-08,0.009107929654,0.02063599974,314.6012268,-1.210719347e-08,0.009107929654,0.02063599974
-1.210719347e-08,-0.009622452781,0.02150115371,312.7745972,-1.210719347e-08,-0.009622452781,0.02150115371
-1.210719347e-08,-0.009107991122,0.0215005409,314.600708,-1.210719347e-08,-0.009107991122,0.0215005409
-1.210719347e-08,-0.009622460231,0.02123786509,312.7740479,-1.210719347e-08,-0.009622460231,0.02123786509
-1.210719347e-08,-0.009622460231,0.02177764103,312.776001,-1.210719347e-08,-0.009622460231,0.02177764103
-1.210719347e-08,-0.009233514778,0.022001151,312.7771606,-1.210719347e-08,-0.009233514778,0.022001151
-1.210719347e-08,-0.009107922204,0.02200085483,314.0804138,-1.210719347e-08,-0.009107922204,0.02200085483
-1.210719347e-08,-0.009622453712,0.02200206555,312.7770996,-1.210719347e-08,-0.009622453712,0.02200206555
-1.210719347e-08,0.009107911028,0.0215006154,314.2963257,-1.210719347e-08,0.009107911028,0.0215006154
-1.210719347e-08,0.009622424841,0.0215014033,312.774231,-1.210719347e-08,0.009622424841,0.0215014033
-1.210719347e-08,0.009107914753,0.02191860229,313.7897949,-1.210719347e-08,0.009107914753,0.02191860229
-1.210719347e-08,0.009622460231,0.02194146998,312.7750854,-1.210719347e-08,0.009622460231,0.02194146998
-1.210719347e-08,-0.009107899852,0.02250023931,314.0816345,-1.210719347e-08,-0.009107899852,0.02250023931
-1.210719347e-08,-0.009549544193,0.02250028215,312.7780457,-1.210719347e-08,-0.009549544193,0.02250028215
-1.210719347e-08,-0.009622460231,0.02252343111,312.7785645,-1.210719347e-08,-0.009622460231,0.02252343111
-1.210719347e-08,-0.009622436017,0.02300004289,312.7770081,-1.210719347e-08,-0.009622436017,0.02300004289
-1.210719347e-08,-0.009107913822,0.02299994044,314.6029663,-1.210719347e-08,-0.009107913822,0.02299994044
-1.210719347e-08,-0.0096224593,0.0225002896,312.7781372,-1.210719347e-08,-0.0096224593,0.0225002896
-1.210719347e-08,-0.009107925929,0.02349955775,314.0796509,-1.210719347e-08,-0.009107925929,0.02349955775
-1.210719347e-08,-0.009622451849,0.02349858359,312.7749329,-1.210719347e-08,-0.009622451849,0.02349858359
-1.210719347e-08,-0.009622446261,0.02399949171,312.7728882,-1.210719347e-08,-0.009622446261,0.02399949171
-1.210719347e-08,-0.009107898921,0.02399984933,314.6003113,-1.210719347e-08,-0.009107898921,0.02399984933
-1.210719347e-08,0.009107942693,0.02349878848,313.9932556,-1.210719347e-08,0.009107942693,0.02349878848
-1.210719347e-08,0.009622395039,0.02349652164,312.7756348,-1.210719347e-08,0.009622395039,0.02349652164
-1.210719347e-08,0.009107946418,0.02387932315,313.7911072,-1.210719347e-08,0.009107946418,0.02387932315
-1.210719347e-08,0.009622465819,0.02391483448,312.7763672,-1.210719347e-08,0.009622465819,0.02391483448
-1.210719347e-08,-0.009107871912,0.02450038493,314.0768433,-1.210719347e-08,-0.009107871912,0.02450038493
-1.210719347e-08,-0.009622433223,0.02450093254,312.7711792,-1.210719347e-08,-0.009622433223,0.02450093254
-1.210719347e-08,-0.009622440673,0.02499979548,312.7709351,-1.210719347e-08,-0.009622440673,0.02499979548
-1.210719347e-08,-0.009107862599,0.02500016801,314.5123596,-1.210719347e-08,-0.009107862599,0.02500016801
-1.210719347e-08,-0.009622460231,0.02514942549,312.7724609,-1.210719347e-08,-0.009622460231,0.02514942549
-1.210719347e-08,-0.009622413665,0.02550012432,312.7747803,-1.210719347e-08,-0.009622413665,0.02550012432
-1.210719347e-08,-0.009622449055,0.0259987209,312.7752075,-1.210719347e-08,-0.009622449055,0.0259987209
-1.210719347e-08,0.009622453712,0.02599906549,312.7749939,-1.210719347e-08,0.009622453712,0.02599906549
-1.210719347e-08,0.009622503072,0.02552051656,312.7755737,-1.210719347e-08,0.009622503072,0.02552051656
-1.210719347e-08,-0.009165745229,0.02649994381,312.7735596,-1.210719347e-08,-0.009165745229,0.02649994381
-1.210719347e-08,-0.009622460231,0.02631224133,312.7736816,-1.210719347e-08,-0.009622460231,0.02631224133
-1.210719347e-08,-0.009622452781,0.02649983205,312.772644,-1.210719347e-08,-0.009622452781,0.02649983205
-1.210719347e-08,-0.009622460231,0.02668147348,312.7729492,-1.210719347e-08,-0.009622460231,0.02668147348
-1.210719347e-08,-0.009257541038,0.02700045705,312.7739868,-1.210719347e-08,-0.009257541038,0.02700045705
-1.210719347e-08,-0.009107882157,0.0270003248,314.5137329,-1.210719347e-08,-0.009107882157,0.0270003248
-1.210719347e-08,-0.009107930586,0.02657468617,313.9911804,-1.210719347e-08,-0.009107930586,0.02657468617
-1.210719347e-08,-0.009622448124,0.02700078115,312.7733765,-1.210719347e-08,-0.009622448124,0.02700078115
-1.210719347e-08,0.009622434154,0.02650000155,312.7749939,-1.210719347e-08,0.009622434154,0.02650000155
-1.210719347e-08,0.009622441605,0.02657814883,312.7738647,-1.210719347e-08,0.009622441605,0.02657814883
-1.210719347e-08,-0.009622460231,0.02713150159,312.7748413,-1.210719347e-08,-0.009622460231,0.02713150159
-1.210719347e-08,-0.009622425772,0.02750015259,312.7738953,-1.210719347e-08,-0.009622425772,0.02750015259
-1.210719347e-08,-0.009107862599,0.02750006318,314.2958374,-1.210719347e-08,-0.009107862599,0.02750006318
-1.210719347e-08,-0.009622421116,0.02800089866,312.7729492,-1.210719347e-08,-0.009622421116,0.02800089866
-1.210719347e-08,-0.00910782069,0.02800028212,314.5133972,-1.210719347e-08,-0.00910782069,0.02800028212
-1.210719347e-08,0.009622339159,0.02750104666,312.7765503,-1.210719347e-08,0.009622339159,0.02750104666
-1.210719347e-08,0.009622371756,0.02768226154,312.7768555,-1.210719347e-08,0.009622371756,0.02768226154
-1.210719347e-08,-0.009622460231,0.02840701118,312.7747803,-1.210719347e-08,-0.009622460231,0.02840701118
-1.210719347e-08,-0.009622450918,0.02850055881,312.776825,-1.210719347e-08,-0.009622450918,0.02850055881
-1.210719347e-08,-0.009622453712,0.02899982035,312.7769165,-1.210719347e-08,-0.009622453712,0.02899982035
-1.210719347e-08,0.009107654914,0.02850046754,313.7908325,-1.210719347e-08,0.009107654914,0.02850046754
-1.210719347e-08,0.009622296318,0.02850067057,312.776062,-1.210719347e-08,0.009622296318,0.02850067057
-1.210719347e-08,0.009622299112,0.02900135517,312.776825,-1.210719347e-08,0.009622299112,0.02900135517
-1.210719347e-08,0.009107636288,0.02900062315,314.2991638,-1.210719347e-08,0.009107636288,0.02900062315
-1.210719347e-08,-0.009575031698,0.0294996202,312.7766418,-1.210719347e-08,-0.009575031698,0.0294996202
-1.210719347e-08,-0.009622460231,0.02948505431,312.7759705,-1.210719347e-08,-0.009622460231,0.02948505431
-1.210719347e-08,-0.009622460231,0.02949958853,312.7751465,-1.210719347e-08,-0.009622460231,0.02949958853
-1.210719347e-08,-0.009622460231,0.02951024286,312.7779541,-1.210719347e-08,-0.009622460231,0.02951024286
-1.210719347e-08,-0.009622450918,0.03000006266,312.7774658,-1.210719347e-08,-0.009622450918,0.03000006266
-1.210719347e-08,0.009622366168,0.02949951403,312.7776794,-1.210719347e-08,0.009622366168,0.02949951403
-1.210719347e-08,0.009622373618,0.02955137007,312.7762146,-1.210719347e-08,0.009622373618,0.02955137007
-1.210719347e-08,-0.009622438811,0.03050146997,312.7758484,-1.210719347e-08,-0.009622438811,0.03050146997
-1.210719347e-08,-0.009107847698,0.03050045483,314.5153198,-1.210719347e-08,-0.009107847698,0.03050045483
-1.210719347e-08,-0.009622460231,0.03014684282,312.7756042,-1.210719347e-08,-0.009622460231,0.03014684282
-1.210719347e-08,-0.009622447193,0.03100000694,312.7761841,-1.210719347e-08,-0.009622447193,0.03100000694
-1.210719347e-08,-0.009107864462,0.03099999391,314.6024475,-1.210719347e-08,-0.009107864462,0.03099999391
-1.210719347e-08,0.009622897953,0.03100104444,312.7746277,-1.210719347e-08,0.009622897953,0.03100104444
-1.210719347e-08,0.009622892365,0.03099426627,312.7734985,-1.210719347e-08,0.009622892365,0.03099426627
-1.210719347e-08,-0.009107904509,0.03149979562,314.2976685,-1.210719347e-08,-0.009107904509,0.03149979562
-1.210719347e-08,-0.009622458369,0.0314992927,312.7759705,-1.210719347e-08,-0.009622458369,0.0314992927
-1.210719347e-08,-0.009622460231,0.03156227991,312.7753296,-1.210719347e-08,-0.009622460231,0.03156227991
-1.210719347e-08,-0.009107914753,0.03190618008,314.6017151,-1.210719347e-08,-0.009107914753,0.03190618008
-1.210719347e-08,-0.00962244533,0.03199996054,312.7732849,-1.210719347e-08,-0.00962244533,0.03199996054
-1.210719347e-08,0.009108146653,0.03200000525,314.296814,-1.210719347e-08,0.009108146653,0.03200000525
-1.210719347e-08,0.009622659534,0.03200016916,312.7750244,-1.210719347e-08,0.009622659534,0.03200016916
-1.210719347e-08,0.009622746147,0.03165660053,312.7769165,-1.210719347e-08,0.009622746147,0.03165660053
-1.210719347e-08,0.009108175524,0.03165039048,314.805481,-1.210719347e-08,0.009108175524,0.03165039048
-1.210719347e-08,-0.009107927792,0.03258640319,313.7886963,-1.210719347e-08,-0.009107927792,0.03258640319
-1.210719347e-08,-0.009622460231,0.03275651112,312.7737732,-1.210719347e-08,-0.009622460231,0.03275651112
-1.210719347e-08,-0.009622425772,0.03300027177,312.7767334,-1.210719347e-08,-0.009622425772,0.03300027177
-1.210719347e-08,-0.009107896127,0.03300018236,314.8052368,-1.210719347e-08,-0.009107896127,0.03300018236
-1.210719347e-08,-0.00962242391,0.03250093758,312.7720032,-1.210719347e-08,-0.00962242391,0.03250093758
-1.210719347e-08,0.009108096361,0.03250022605,314.0804443,-1.210719347e-08,0.009108096361,0.03250022605
-1.210719347e-08,0.0091080321,0.03300037608,314.0813599,-1.210719347e-08,0.0091080321,0.03300037608
-1.210719347e-08,-0.009107885882,0.03349965066,314.0809631,-1.210719347e-08,-0.009107885882,0.03349965066
-1.210719347e-08,-0.009622419253,0.0334988907,312.7770386,-1.210719347e-08,-0.009622419253,0.0334988907
-1.210719347e-08,-0.009622450918,0.03400063887,312.7759094,-1.210719347e-08,-0.009622450918,0.03400063887
-1.210719347e-08,-0.009107858874,0.03400016576,314.6020813,-1.210719347e-08,-0.009107858874,0.03400016576
-1.210719347e-08,0.009622513317,0.03350004181,312.7772522,-1.210719347e-08,0.009622513317,0.03350004181
-1.210719347e-08,0.009107991122,0.03350007907,314.298584,-1.210719347e-08,0.009107991122,0.03350007907
-1.210719347e-08,0.009622531943,0.03399870545,312.776062,-1.210719347e-08,0.009622531943,0.03399870545
-1.210719347e-08,0.009107962251,0.03399958462,314.6018677,-1.210719347e-08,0.009107962251,0.03399958462
-1.210719347e-08,-0.009107873775,0.0345002152,313.9169006,-1.210719347e-08,-0.009107873775,0.0345002152
-1.210719347e-08,-0.009622457437,0.03450056538,312.7755432,-1.210719347e-08,-0.009622457437,0.03450056538
-1.210719347e-08,-0.009146233089,0.03499996662,312.7759094,-1.210719347e-08,-0.009146233089,0.03499996662
-1.210719347e-08,-0.009107870981,0.03482035547,314.6022949,-1.210719347e-08,-0.009107870981,0.03482035547
-1.210719347e-08,-0.00962244533,0.0349997133,312.7748413,-1.210719347e-08,-0.00962244533,0.0349997133
-1.210719347e-08,0.009107918479,0.03450009972,314.0799866,-1.210719347e-08,0.009107918479,0.03450009972
-1.210719347e-08,0.009622474201,0.0345005244,312.7758179,-1.210719347e-08,0.009622474201,0.0345005244
-1.210719347e-08,0.009622554295,0.0349993892,312.7759094,-1.210719347e-08,0.009622554295,0.0349993892
-1.210719347e-08,0.009107935242,0.03499975055,314.6015015,-1.210719347e-08,0.009107935242,0.03499975055
-1.210719347e-08,-0.009336273186,0.03550003842,312.7757874,-1.210719347e-08,-0.009336273186,0.03550003842
-1.210719347e-08,-0.009622452781,0.03550009429,312.7744446,-1.210719347e-08,-0.009622452781,0.03550009429
-1.210719347e-08,-0.009107869118,0.0356891267,313.9931946,-1.210719347e-08,-0.009107869118,0.0356891267
-1.210719347e-08,-0.009107854217,0.03599994257,314.5140686,-1.210719347e-08,-0.009107854217,0.03599994257
-1.210719347e-08,-0.009622432292,0.03600002453,312.774292,-1.210719347e-08,-0.009622432292,0.03600002453
-1.210719347e-08,0.009107918479,0.03549980372,314.0787964,-1.210719347e-08,0.009107918479,0.03549980372
-1.210719347e-08,0.009622443467,0.03549964353,312.774292,-1.210719347e-08,0.009622443467,0.03549964353
-1.210719347e-08,0.009622477926,0.03599979356,312.7738037,-1.210719347e-08,0.009622477926,0.03599979356
-1.210719347e-08,0.009107914753,0.0359999314,314.8037415,-1.210719347e-08,0.009107914753,0.0359999314
-1.210719347e-08,-0.009107897989,0.03650032356,313.7894592,-1.210719347e-08,-0.009107897989,0.03650032356
-1.210719347e-08,-0.009622448124,0.03650100529,312.7745972,-1.210719347e-08,-0.009622448124,0.03650100529
-1.210719347e-08,-0.009622439742,0.03700098023,312.7755737,-1.210719347e-08,-0.009622439742,0.03700098023
-1.210719347e-08,-0.009107878432,0.03700039163,314.6022034,-1.210719347e-08,-0.009107878432,0.03700039163
-1.210719347e-08,-0.009107875638,0.03749989346,314.081604,-1.210719347e-08,-0.009107875638,0.03749989346
-1.210719347e-08,-0.00962242391,0.03749969229,312.7770386,-1.210719347e-08,-0.00962242391,0.03749969229
-1.210719347e-08,-0.009622436948,0.0379996933,312.7785034,-1.210719347e-08,-0.009622436948,0.0379996933
-1.210719347e-08,-0.009107863531,0.03799974173,314.3007202,-1.210719347e-08,-0.009107863531,0.03799974173
-1.210719347e-08,0.009107875638,0.03800008073,314.5157471,-1.210719347e-08,0.009107875638,0.03800008073
-1.210719347e-08,0.009622454643,0.03799982369,312.7759399,-1.210719347e-08,0.009622454643,0.03799982369
-1.210719347e-08,0.009622463956,0.03794850037,312.7744751,-1.210719347e-08,0.009622463956,0.03794850037
-1.210719347e-08,0.00910788402,0.03789863363,314.6016541,-1.210719347e-08,0.00910788402,0.03789863363
-1.210719347e-08,-0.009622460231,0.0383131057,312.7799683,-1.210719347e-08,-0.009622460231,0.0383131057
-1.210719347e-08,-0.009107869118,0.03873772547,313.7932739,-1.210719347e-08,-0.009107869118,0.03873772547
-1.210719347e-08,-0.009622460231,0.03869195282,312.7784119,-1.210719347e-08,-0.009622460231,0.03869195282
-1.210719347e-08,-0.009622437879,0.03900006786,312.7773438,-1.210719347e-08,-0.009622437879,0.03900006786
-1.210719347e-08,-0.009107841179,0.03899982572,313.9949341,-1.210719347e-08,-0.009107841179,0.03899982572
-1.210719347e-08,-0.009622446261,0.03849948943,312.7795715,-1.210719347e-08,-0.009622446261,0.03849948943
-1.210719347e-08,-0.009622460231,0.03929166123,312.7773438,-1.210719347e-08,-0.009622460231,0.03929166123
-1.210719347e-08,-0.009622444399,0.03949938342,312.7789307,-1.210719347e-08,-0.009622444399,0.03949938342
-1.210719347e-08,-0.0096224593,0.04000014812,312.7773438,-1.210719347e-08,-0.0096224593,0.04000014812
-1.210719347e-08,0.009107865393,0.03949957341,314.0811768,-1.210719347e-08,0.009107865393,0.03949957341
-1.210719347e-08,0.009622460231,0.03970184922,312.7747498,-1.210719347e-08,0.009622460231,0.03970184922
-1.210719347e-08,0.009622437879,0.04000019282,312.7746277,-1.210719347e-08,0.009622437879,0.04000019282
-1.210719347e-08,0.009107857943,0.04000001773,314.6021729,-1.210719347e-08,0.009107857943,0.04000001773
-1.210719347e-08,-0.009622447193,0.04050192609,312.7767029,-1.210719347e-08,-0.009622447193,0.04050192609
-1.210719347e-08,-0.009622409008,0.04100038484,312.7770386,-1.210719347e-08,-0.009622409008,0.04100038484
-1.210719347e-08,0.009107855149,0.04050027579,314.0788269,-1.210719347e-08,0.009107855149,0.04050027579
-1.210719347e-08,0.009622425772,0.04050047323,312.7731323,-1.210719347e-08,0.009622425772,0.04050047323
-1.210719347e-08,0.009622429498,0.04100071266,312.7721252,-1.210719347e-08,0.009622429498,0.04100071266
-1.210719347e-08,0.009107846767,0.04100033641,314.6002197,-1.210719347e-08,0.009107846767,0.04100033641
-1.210719347e-08,-0.009183458984,0.04149940982,312.776062,-1.210719347e-08,-0.009183458984,0.04149940982
-1.210719347e-08,-0.009622460231,0.04138212651,312.7768555,-1.210719347e-08,-0.009622460231,0.04138212651
-1.210719347e-08,-0.009622444399,0.0414991267,312.7754211,-1.210719347e-08,-0.009622444399,0.0414991267
-1.210719347e-08,-0.009622460231,0.04176611826,312.7749939,-1.210719347e-08,-0.009622460231,0.04176611826
-1.210719347e-08,-0.009622446261,0.04199733958,312.7732544,-1.210719347e-08,-0.009622446261,0.04199733958
-1.210719347e-08,0.00910789147,0.04150018468,314.2955017,-1.210719347e-08,0.00910789147,0.04150018468
-1.210719347e-08,0.009622451849,0.0415003784,312.7730713,-1.210719347e-08,0.009622451849,0.0415003784
-1.210719347e-08,0.009622460231,0.04171260074,312.7731323,-1.210719347e-08,0.009622460231,0.04171260074
-1.210719347e-08,0.009107857011,0.04200000688,314.079071,-1.210719347e-08,0.009107857011,0.04200000688
-1.210719347e-08,-0.009622420184,0.04249995947,312.7720032,-1.210719347e-08,-0.009622420184,0.04249995947
-1.210719347e-08,-0.00962244533,0.04300219566,312.7731934,-1.210719347e-08,-0.00962244533,0.04300219566
-1.210719347e-08,0.009107880294,0.04249988496,314.8038635,-1.210719347e-08,0.009107880294,0.04249988496
-1.210719347e-08,0.009107880294,0.04255707189,313.9915771,-1.210719347e-08,0.009107880294,0.04255707189
-1.210719347e-08,-0.009107917547,0.04350072518,314.513092,-1.210719347e-08,-0.009107917547,0.04350072518
-1.210719347e-08,-0.009268743917,0.04350093752,312.7746582,-1.210719347e-08,-0.009268743917,0.04350093752
-1.210719347e-08,-0.009622460231,0.04355407134,312.7760315,-1.210719347e-08,-0.009622460231,0.04355407134
-1.210719347e-08,-0.00962239597,0.04399962723,312.7733459,-1.210719347e-08,-0.00962239597,0.04399962723
-1.210719347e-08,-0.009107931517,0.0440001078,314.6002808,-1.210719347e-08,-0.009107931517,0.0440001078
-1.210719347e-08,-0.009622452781,0.04350140691,312.7751465,-1.210719347e-08,-0.009622452781,0.04350140691
-1.210719347e-08,0.009107892402,0.04349966347,313.9925537,-1.210719347e-08,0.009107892402,0.04349966347
-1.210719347e-08,0.009622457437,0.04349905998,312.7749329,-1.210719347e-08,0.009622457437,0.04349905998
-1.210719347e-08,0.009107892402,0.04350373521,313.7901917,-1.210719347e-08,0.009107892402,0.04350373521
-1.210719347e-08,0.009622460231,0.04354555532,312.7754517,-1.210719347e-08,0.009622460231,0.04354555532
-1.210719347e-08,-0.009107927792,0.04450045899,314.0788879,-1.210719347e-08,-0.009107927792,0.04450045899
-1.210719347e-08,-0.009622452781,0.04450089857,312.774353,-1.210719347e-08,-0.009622452781,0.04450089857
-1.210719347e-08,-0.009622442536,0.04500382766,312.7752686,-1.210719347e-08,-0.009622442536,0.04500382766
-1.210719347e-08,-0.009107910097,0.04500142112,314.5145264,-1.210719347e-08,-0.009107910097,0.04500142112
-1.210719347e-08,-0.009622460231,0.04521916434,312.7753296,-1.210719347e-08,-0.009622460231,0.04521916434
-1.210719347e-08,-0.009622460231,0.04587324709,312.7744141,-1.210719347e-08,-0.009622460231,0.04587324709
-1.210719347e-08,-0.009622452781,0.04599921405,312.7731018,-1.210719347e-08,-0.009622452781,0.04599921405
-1.210719347e-08,-0.00928189978,0.04599959776,312.7746277,-1.210719347e-08,-0.00928189978,0.04599959776
-1.210719347e-08,-0.009622437879,0.04550090805,312.7758484,-1.210719347e-08,-0.009622437879,0.04550090805
-1.210719347e-08,-0.009107904509,0.04650012776,314.2961731,-1.210719347e-08,-0.009107904509,0.04650012776
-1.210719347e-08,-0.009622457437,0.0465009138,312.7740784,-1.210719347e-08,-0.009622457437,0.0465009138
-1.210719347e-08,-0.009622449055,0.04700022191,312.775238,-1.210719347e-08,-0.009622449055,0.04700022191
-1.210719347e-08,-0.009107882157,0.04699996859,314.6011658,-1.210719347e-08,-0.009107882157,0.04699996859
-1.210719347e-08,-0.009107875638,0.04749979451,314.2959595,-1.210719347e-08,-0.009107875638,0.04749979451
-1.210719347e-08,-0.009622437879,0.04750020057,312.7738037,-1.210719347e-08,-0.009622437879,0.04750020057
-1.210719347e-08,-0.009622460231,0.04777693003,312.7734985,-1.210719347e-08,-0.009622460231,0.04777693003
-1.210719347e-08,-0.009175820276,0.04799954593,312.7731934,-1.210719347e-08,-0.009175820276,0.04799954593
-1.210719347e-08,-0.009107871912,0.04799957946,313.9141235,-1.210719347e-08,-0.009107871912,0.04799957946
-1.210719347e-08,-0.009622441605,0.04799931869,312.7734985,-1.210719347e-08,-0.009622441605,0.04799931869
-1.210719347e-08,0.009107863531,0.04749972746,314.0799561,-1.210719347e-08,0.009107863531,0.04749972746
-1.210719347e-08,0.009622460231,0.04755987972,312.7749023,-1.210719347e-08,0.009622460231,0.04755987972
-1.210719347e-08,0.009622424841,0.04800088331,312.7756042,-1.210719347e-08,0.009622424841,0.04800088331
-1.210719347e-08,0.009107878432,0.04800041392,314.6011658,-1.210719347e-08,0.009107878432,0.04800041392
-1.210719347e-08,-0.009622460231,0.0483283475,312.7726746,-1.210719347e-08,-0.009622460231,0.0483283475
-1.210719347e-08,-0.009622450918,0.04850010574,312.7731628,-1.210719347e-08,-0.009622450918,0.04850010574
-1.210719347e-08,-0.009107912891,0.04849980772,314.294281,-1.210719347e-08,-0.009107912891,0.04849980772
-1.210719347e-08,-0.009622446261,0.04899895191,312.7732849,-1.210719347e-08,-0.009622446261,0.04899895191
-1.210719347e-08,-0.009107909165,0.04899964482,314.5980835,-1.210719347e-08,-0.009107909165,0.04899964482
-1.210719347e-08,0.0091078775,0.04850033298,314.0785217,-1.210719347e-08,0.0091078775,0.04850033298
-1.210719347e-08,0.009622442536,0.04850070179,312.7747498,-1.210719347e-08,0.009622442536,0.04850070179
-1.210719347e-08,0.009622457437,0.04900015146,312.7739868,-1.210719347e-08,0.009622457437,0.04900015146
-1.210719347e-08,0.009107880294,0.04900011793,314.598999,-1.210719347e-08,0.009107880294,0.04900011793
-1.210719347e-08,-0.00910794083,0.04950057343,314.077179,-1.210719347e-08,-0.00910794083,0.04950057343
-1.210719347e-08,-0.009622442536,0.04950196296,312.7747803,-1.210719347e-08,-0.009622442536,0.04950196296
-1.210719347e-08,-0.009622450918,0.05000051856,312.776123,-1.210719347e-08,-0.009622450918,0.05000051856
-1.210719347e-08,-0.009107899852,0.05000021309,314.5984802,-1.210719347e-08,-0.009107899852,0.05000021309
-1.210719347e-08,0.009107924066,0.04949981719,314.0764771,-1.210719347e-08,0.009107924066,0.04949981719
-1.210719347e-08,0.009622450918,0.04949988797,312.7734375,-1.210719347e-08,0.009622450918,0.04949988797
-1.210719347e-08,0.009622414596,0.05000063404,312.7720032,-1.210719347e-08,0.009622414596,0.05000063404
-1.210719347e-08,0.009107885882,0.04999997094,314.5956421,-1.210719347e-08,0.009107885882,0.04999997094
-1.210719347e-08,-0.009107900783,0.05050029978,314.0751953,-1.210719347e-08,-0.009107900783,0.05050029978
-1.210719347e-08,-0.009622438811,0.0505012311,312.7740784,-1.210719347e-08,-0.009622438811,0.0505012311
-1.210719347e-08,-0.009622451849,0.0509997718,312.7694397,-1.210719347e-08,-0.009622451849,0.0509997718
-1.210719347e-08,-0.009107884951,0.05099978298,314.5904541,-1.210719347e-08,-0.009107884951,0.05099978298
-1.210719347e-08,-0.009107868187,0.05150005966,314.2789612,-1.210719347e-08,-0.009107868187,0.05150005966
-1.210719347e-08,-0.009622406214,0.05150120333,312.7644043,-1.210719347e-08,-0.009622406214,0.05150120333
-1.210719347e-08,-0.009622447193,0.0519984141,312.7612915,-1.210719347e-08,-0.009622447193,0.0519984141
-1.210719347e-08,-0.009107839316,0.05199931562,313.9681702,-1.210719347e-08,-0.009107839316,0.05199931562
-1.210719347e-08,0.009622457437,0.05199912935,312.7626038,-1.210719347e-08,0.009622457437,0.05199912935
-1.210719347e-08,0.009622460231,0.05192426965,312.7674866,-1.210719347e-08,0.009622460231,0.05192426965
-1.210719347e-08,-0.009622460231,0.05218013749,312.7576294,-1.210719347e-08,-0.009622460231,0.05218013749
-1.210719347e-08,-0.009107801132,0.05268165469,313.7509766,-1.210719347e-08,-0.009107801132,0.05268165469
-1.210719347e-08,-0.009622460231,0.0528021194,312.7515259,-1.210719347e-08,-0.009622460231,0.0528021194
-1.210719347e-08,-0.00962244533,0.05300086364,312.7486572,-1.210719347e-08,-0.00962244533,0.05300086364
-1.210719347e-08,-0.00910777878,0.05299994349,313.9396973,-1.210719347e-08,-0.00910777878,0.05299994349
-1.210719347e-08,-0.009622437879,0.052500844,312.752655,-1.210719347e-08,-0.009622437879,0.052500844
-1.210719347e-08,0.009622458369,0.05249895528,312.7545471,-1.210719347e-08,0.009622458369,0.05249895528
-1.210719347e-08,0.009622460231,0.05256316438,312.750061,-1.210719347e-08,0.009622460231,0.05256316438
-1.210719347e-08,-0.009622460231,0.05313656479,312.7402954,-1.210719347e-08,-0.009622460231,0.05313656479
-1.210719347e-08,-0.009622421116,0.05349939317,312.7266235,-1.210719347e-08,-0.009622421116,0.05349939317
-1.210719347e-08,-0.009622429498,0.05399999768,312.6984863,-1.210719347e-08,-0.009622429498,0.05399999768
-1.210719347e-08,0.009107817896,0.05349933729,313.7165833,-1.210719347e-08,0.009107817896,0.05349933729
-1.210719347e-08,0.009622439742,0.05350000039,312.730957,-1.210719347e-08,0.009622439742,0.05350000039
-1.210719347e-08,0.009107751772,0.05399731174,313.8973083,-1.210719347e-08,0.009107751772,0.05399731174
-1.210719347e-08,0.009622457437,0.05400056764,312.7134399,-1.210719347e-08,0.009622457437,0.05400056764
-1.210719347e-08,-0.009328997694,0.05449825525,312.6735229,-1.210719347e-08,-0.009328997694,0.05449825525
-1.210719347e-08,-0.009622460231,0.05437357724,312.690155,-1.210719347e-08,-0.009622460231,0.05437357724
-1.210719347e-08,-0.009622449987,0.05449843034,312.6681213,-1.210719347e-08,-0.009622449987,0.05449843034
-1.210719347e-08,-0.009622460231,0.0547516793,312.6482849,-1.210719347e-08,-0.009622460231,0.0547516793
-1.210719347e-08,-0.009622449987,0.0549993068,312.6143188,-1.210719347e-08,-0.009622449987,0.0549993068
-1.210719347e-08,-0.009622444399,0.05549878255,312.5460815,-1.210719347e-08,-0.009622444399,0.05549878255
-1.210719347e-08,-0.009107046761,0.05549629405,313.8118896,-1.210719347e-08,-0.009107046761,0.05549629405
-1.210719347e-08,-0.009622460231,0.05519321188,312.5792542,-1.210719347e-08,-0.009622460231,0.05519321188
-1.210719347e-08,-0.009622422978,0.05599884689,312.4353638,-1.210719347e-08,-0.009622422978,0.05599884689
-1.210719347e-08,-0.00910644792,0.0559938252,313.3702698,-1.210719347e-08,-0.00910644792,0.0559938252
-1.210719347e-08,0.009107139893,0.05549656227,313.8293762,-1.210719347e-08,0.009107139893,0.05549656227
-1.210719347e-08,0.00962242391,0.05549994111,312.5067749,-1.210719347e-08,0.00962242391,0.05549994111
-1.210719347e-08,0.009622460231,0.05596447363,312.4832153,-1.210719347e-08,0.009622460231,0.05596447363
-1.210719347e-08,0.009106493555,0.05599396676,313.428833,-1.210719347e-08,0.009106493555,0.05599396676
-1.210719347e-08,-0.009622460231,0.05636394769,312.3455811,-1.210719347e-08,-0.009622460231,0.05636394769
-1.210719347e-08,-0.009102872573,0.05694827065,312.8106689,-1.210719347e-08,-0.009102872573,0.05694827065
-1.210719347e-08,-0.009622460231,0.05669384077,312.1486206,-1.210719347e-08,-0.009622460231,0.05669384077
-1.210719347e-08,-0.009622439742,0.0569932349,312.0027466,-1.210719347e-08,-0.009622439742,0.0569932349
-1.210719347e-08,-0.009102714248,0.05697834492,312.9768372,-1.210719347e-08,-0.009102714248,0.05697834492
-1.210719347e-08,-0.009622446261,0.05649780482,312.2159729,-1.210719347e-08,-0.009622446261,0.05649780482
-1.210719347e-08,0.009105353616,0.05648846924,313.4836426,-1.210719347e-08,0.009105353616,0.05648846924
-1.210719347e-08,0.009103342891,0.05689910054,312.9410095,-1.210719347e-08,0.009103342891,0.05689910054
-1.210719347e-08,-0.009096648544,0.05745756626,312.0357056,-1.210719347e-08,-0.009096648544,0.05745756626
-1.210719347e-08,-0.009622448124,0.05748340487,311.6419067,-1.210719347e-08,-0.009622448124,0.05748340487
-1.210719347e-08,-0.009622460231,0.05768880248,311.4266357,-1.210719347e-08,-0.009622460231,0.05768880248
-1.210719347e-08,-0.009082902223,0.057799384,311.9365845,-1.210719347e-08,-0.009082902223,0.057799384
-1.210719347e-08,-0.008117084391,0.05687246472,315.0025024,-1.210719347e-08,-0.008117084391,0.05687246472
-1.210719347e-08,-0.008490629494,0.05740704387,313.5541382,-1.210719347e-08,-0.008490629494,0.05740704387
-1.210719347e-08,-0.008036627434,0.05737920851,314.2858887,-1.210719347e-08,-0.008036627434,0.05737920851
-1.210719347e-08,-0.0080230413,0.05784830451,312.4526367,-1.210719347e-08,-0.0080230413,0.05784830451
-1.210719347e-08,-0.008277882822,0.05785636604,311.4790649,-1.210719347e-08,-0.008277882822,0.05785636604
-1.210719347e-08,-0.007521275897,0.0573601909,314.7614136,-1.210719347e-08,-0.007521275897,0.0573601909
-1.210719347e-08,-0.007012771908,0.05735065043,315.3023071,-1.210719347e-08,-0.007012771908,0.05735065043
-1.210719347e-08,-0.007511427626,0.05784135684,311.9946899,-1.210719347e-08,-0.007511427626,0.05784135684
-1.210719347e-08,-0.007005726453,0.05783813819,312.9244385,-1.210719347e-08,-0.007005726453,0.05783813819
-1.210719347e-08,-0.00650751451,0.05734435841,315.7077332,-1.210719347e-08,-0.00650751451,0.05734435841
-1.210719347e-08,-0.006004927214,0.05734154209,315.8145142,-1.210719347e-08,-0.006004927214,0.05734154209
-1.210719347e-08,-0.006502812263,0.05783636868,312.5351562,-1.210719347e-08,-0.006502812263,0.05783636868
-1.210719347e-08,-0.006001865491,0.05783546716,312.550415,-1.210719347e-08,-0.006001865491,0.05783546716
-1.210719347e-08,-0.005002117716,0.05733820051,316.6603699,-1.210719347e-08,-0.005002117716,0.05733820051
-1.210719347e-08,-0.005222057458,0.05733860284,315.8231812,-1.210719347e-08,-0.005222057458,0.05733860284
-1.210719347e-08,-0.005000609905,0.05783454329,313.6662903,-1.210719347e-08,-0.005000609905,0.05783454329
-1.210719347e-08,-0.005168463103,0.05783465877,312.4286499,-1.210719347e-08,-0.005168463103,0.05783465877
-1.210719347e-08,-0.004501265474,0.05733703077,316.4630737,-1.210719347e-08,-0.004501265474,0.05733703077
-1.210719347e-08,-0.004001052119,0.05733673647,316.1508179,-1.210719347e-08,-0.004001052119,0.05733673647
-1.210719347e-08,-0.004499880597,0.05783430487,312.8486328,-1.210719347e-08,-0.004499880597,0.05783430487
-1.210719347e-08,-0.004006114323,0.05783414841,313.4976501,-1.210719347e-08,-0.004006114323,0.05783414841
-1.210719347e-08,-0.004000281449,0.05779831484,315.002594,-1.210719347e-08,-0.004000281449,0.05779831484
-1.210719347e-08,-0.003500715597,0.05733606219,316.8995667,-1.210719347e-08,-0.003500715597,0.05733606219
-1.210719347e-08,-0.003000601893,0.05733602121,316.6196289,-1.210719347e-08,-0.003000601893,0.05733602121
-1.210719347e-08,-0.003500017105,0.0578340143,313.6292725,-1.210719347e-08,-0.003500017105,0.0578340143
-1.210719347e-08,-0.003000082914,0.05783399567,313.5548096,-1.210719347e-08,-0.003000082914,0.05783399567
-1.210719347e-08,-0.002500428818,0.05733558163,316.4189148,-1.210719347e-08,-0.002500428818,0.05733558163
-1.210719347e-08,-0.002258944558,0.05733561516,317.1812134,-1.210719347e-08,-0.002258944558,0.05733561516
-1.210719347e-08,-0.002500105184,0.05783389881,312.5610657,-1.210719347e-08,-0.002500105184,0.05783389881
-1.210719347e-08,-0.002213422675,0.05783392116,313.8190918,-1.210719347e-08,-0.002213422675,0.05783392116
-1.210719347e-08,-0.000500109687,0.05733520538,316.6787109,-1.210719347e-08,-0.000500109687,0.05733520538
-1.210719347e-08,-0.0001356118737,0.05733533949,317.2097168,-1.210719347e-08,-0.0001356118737,0.05733533949
-1.210719347e-08,-0.0005001990939,0.05783379078,313.203125,-1.210719347e-08,-0.0005001990939,0.05783379078
-1.210719347e-08,6.0224842e-08,0.0575346984,315.0901794,-1.210719347e-08,6.0224842e-08,0.0575346984
-1.210719347e-08,4.863959546e-08,0.05783381313,313.2029724,-1.210719347e-08,4.863959546e-08,0.05783381313
-1.210719347e-08,0.001000079326,0.05783385038,313.8302612,-1.210719347e-08,0.001000079326,0.05783385038
-1.210719347e-08,0.001000202843,0.05734714866,315.0887451,-1.210719347e-08,0.001000202843,0.05734714866
-1.210719347e-08,0.0007989449659,0.05783383921,312.5751648,-1.210719347e-08,0.0007989449659,0.05783383921
-1.210719347e-08,0.00150018814,0.05733533204,316.6713562,-1.210719347e-08,0.00150018814,0.05733533204
-1.210719347e-08,0.002000245266,0.05733563006,316.6629639,-1.210719347e-08,0.002000245266,0.05733563006
-1.210719347e-08,0.001500007231,0.05783383921,313.1989746,-1.210719347e-08,0.001500007231,0.05783383921
-1.210719347e-08,0.001999865752,0.05783386528,312.7240601,-1.210719347e-08,0.001999865752,0.05783386528
-1.210719347e-08,0.002500435337,0.05733557045,316.6492004,-1.210719347e-08,0.002500435337,0.05733557045
-1.210719347e-08,0.00300067733,0.05733601376,316.2354126,-1.210719347e-08,0.00300067733,0.05733601376
-1.210719347e-08,0.00250016991,0.05783388391,313.1873779,-1.210719347e-08,0.00250016991,0.05783388391
-1.210719347e-08,0.002555520739,0.05783389509,313.5603638,-1.210719347e-08,0.002555520739,0.05783389509
-1.210719347e-08,0.00300049549,0.05751200393,315.0517273,-1.210719347e-08,0.00300049549,0.05751200393
-1.210719347e-08,0.003500925843,0.05733606592,316.8139954,-1.210719347e-08,0.003500925843,0.05733606592
-1.210719347e-08,0.003851503599,0.05733653903,316.8858337,-1.210719347e-08,0.003851503599,0.05733653903
-1.210719347e-08,0.003500529332,0.05783402175,313.4334717,-1.210719347e-08,0.003500529332,0.05783402175
-1.210719347e-08,0.003621472046,0.05783405527,313.776001,-1.210719347e-08,0.003621472046,0.05783405527
-1.210719347e-08,0.005503033753,0.05733909085,316.4660645,-1.210719347e-08,0.005503033753,0.05733909085
-1.210719347e-08,0.006004891824,0.05734153837,316.3489685,-1.210719347e-08,0.006004891824,0.05734153837
-1.210719347e-08,0.005502509419,0.05746172369,314.7681274,-1.210719347e-08,0.005502509419,0.05746172369
-1.210719347e-08,0.005544103216,0.05783490092,312.3613892,-1.210719347e-08,0.005544103216,0.05783490092
-1.210719347e-08,0.006001613103,0.05783546343,313.6521912,-1.210719347e-08,0.006001613103,0.05783546343
-1.210719347e-08,0.006507590413,0.05734437332,315.6000061,-1.210719347e-08,0.006507590413,0.05734437332
-1.210719347e-08,0.006584494375,0.05734533444,316.0318298,-1.210719347e-08,0.006584494375,0.05734533444
-1.210719347e-08,0.00650278898,0.05783637613,312.199646,-1.210719347e-08,0.00650278898,0.05783637613
-1.210719347e-08,0.006617514882,0.05783678591,313.2274475,-1.210719347e-08,0.006617514882,0.05783678591
-1.210719347e-08,-0.008015208878,0.05833330005,310.7735291,-1.210719347e-08,-0.008015208878,0.05833330005
-1.210719347e-08,-0.008214478381,0.05833330005,310.7144165,-1.210719347e-08,-0.008214478381,0.05833330005
-1.210719347e-08,-0.00736036431,0.05833330005,310.946167,-1.210719347e-08,-0.00736036431,0.05833330005
-1.210719347e-08,-0.007001942024,0.05833330005,310.9847412,-1.210719347e-08,-0.007001942024,0.05833330005
-1.210719347e-08,-0.006500225514,0.05833330005,311.082428,-1.210719347e-08,-0.006500225514,0.05833330005
-1.210719347e-08,-0.006000853144,0.05833330005,311.1411133,-1.210719347e-08,-0.006000853144,0.05833330005
-1.210719347e-08,-0.005000347737,0.05833330005,311.2393799,-1.210719347e-08,-0.005000347737,0.05833330005
-1.210719347e-08,-0.005140820984,0.05833330005,311.2243652,-1.210719347e-08,-0.005140820984,0.05833330005
-1.210719347e-08,-0.004498652648,0.05833330005,311.2653198,-1.210719347e-08,-0.004498652648,0.05833330005
-1.210719347e-08,-0.004106688779,0.05833330005,311.2764282,-1.210719347e-08,-0.004106688779,0.05833330005
-1.210719347e-08,-0.003444331698,0.05833330005,311.3001709,-1.210719347e-08,-0.003444331698,0.05833330005
-1.210719347e-08,-0.002999875695,0.05833330005,311.3021851,-1.210719347e-08,-0.002999875695,0.05833330005
-1.210719347e-08,-0.002499942668,0.05833330005,311.3076782,-1.210719347e-08,-0.002499942668,0.05833330005
-1.210719347e-08,-0.002179104602,0.05833330005,311.3101196,-1.210719347e-08,-0.002179104602,0.05833330005
-1.210719347e-08,-0.0003670718288,0.05833330005,311.3161621,-1.210719347e-08,-0.0003670718288,0.05833330005
-1.210719347e-08,-1.92198641e-07,0.05833330005,311.3159485,-1.210719347e-08,-1.92198641e-07,0.05833330005
-1.210719347e-08,0.0009998051682,0.05833330005,311.3160706,-1.210719347e-08,0.0009998051682,0.05833330005
-1.210719347e-08,0.0007391601685,0.05833330005,311.317749,-1.210719347e-08,0.0007391601685,0.05833330005
-1.210719347e-08,0.001499935053,0.05833330005,311.3140259,-1.210719347e-08,0.001499935053,0.05833330005
-1.210719347e-08,0.001988464501,0.05833330005,311.3144531,-1.210719347e-08,0.001988464501,0.05833330005
-1.210719347e-08,0.002500238828,0.05833330005,311.3098755,-1.210719347e-08,0.002500238828,0.05833330005
-1.210719347e-08,0.002502092393,0.05833330005,311.3067627,-1.210719347e-08,0.002502092393,0.05833330005
-1.210719347e-08,0.003500622697,0.05833330005,311.2969971,-1.210719347e-08,0.003500622697,0.05833330005
-1.210719347e-08,0.003535255324,0.05833330005,311.2901001,-1.210719347e-08,0.003535255324,0.05833330005
-1.210719347e-08,0.004499444272,0.05833330005,311.2659912,-1.210719347e-08,0.004499444272,0.05833330005
-1.210719347e-08,0.004791578278,0.05833330005,311.2550659,-1.210719347e-08,0.004791578278,0.05833330005
-1.210719347e-08,0.006000358146,0.05833330005,311.1510925,-1.210719347e-08,0.006000358146,0.05833330005
-1.210719347e-08,0.005575727671,0.05833330005,311.1813049,-1.210719347e-08,0.005575727671,0.05833330005
-1.210719347e-08,0.006500129122,0.05833330005,311.0821838,-1.210719347e-08,0.006500129122,0.05833330005
-1.210719347e-08,0.006669917144,0.05833330005,311.0432129,-1.210719347e-08,0.006669917144,0.05833330005
-1.210719347e-08,0.00801635813,0.05833330005,310.770813,-1.210719347e-08,0.00801635813,0.05833330005
-1.210719347e-08,0.00799541641,0.05833330005,310.831543,-1.210719347e-08,0.00799541641,0.05833330005
-1.210719347e-08,-0.006008989178,0.003340502735,316.091095,-1.210719347e-08,-0.006008989178,0.003340502735
-1.210719347e-08,-0.006178120151,0.003341143718,316.433197,-1.210719347e-08,-0.006178120151,0.003341143718
-1.210719347e-08,-0.006012099329,0.003656936577,317.7044983,-1.210719347e-08,-0.006012099329,0.003656936577
-1.210719347e-08,-0.005505365785,0.003338566748,316.7655029,-1.210719347e-08,-0.005505365785,0.003338566748
-1.210719347e-08,-0.005146228243,0.003338112496,316.0350647,-1.210719347e-08,-0.005146228243,0.003338112496
-1.210719347e-08,-0.003499919781,0.003336132504,317.3199463,-1.210719347e-08,-0.003499919781,0.003336132504
-1.210719347e-08,-0.003000807948,0.003336117603,316.4210815,-1.210719347e-08,-0.003000807948,0.003336117603
-1.210719347e-08,-0.002500629518,0.003335699439,317.3585205,-1.210719347e-08,-0.002500629518,0.003335699439
-1.210719347e-08,-0.00207822118,0.003335746937,316.3123474,-1.210719347e-08,-0.00207822118,0.003335746937
-1.210719347e-08,-0.002000867855,0.003719785251,318.4197998,-1.210719347e-08,-0.002000867855,0.003719785251
-1.210719347e-08,-0.001500287675,0.00333545683,317.0770264,-1.210719347e-08,-0.001500287675,0.00333545683
-1.210719347e-08,-0.001000199351,0.003335576737,316.8566284,-1.210719347e-08,-0.001000199351,0.003335576737
-1.210719347e-08,0.001000225078,0.003335588379,316.6303711,-1.210719347e-08,0.001000225078,0.003335588379
-1.210719347e-08,0.0006536327419,0.003335427027,317.3868408,-1.210719347e-08,0.0006536327419,0.003335427027
-1.210719347e-08,0.001500173123,0.00333546591,317.1672974,-1.210719347e-08,0.001500173123,0.00333546591
-1.210719347e-08,0.002000304405,0.003335761372,316.6170044,-1.210719347e-08,0.002000304405,0.003335761372
-1.210719347e-08,0.002500403905,0.003335684072,317.1439819,-1.210719347e-08,0.002500403905,0.003335684072
-1.210719347e-08,0.003000677796,0.003336094785,317.0316162,-1.210719347e-08,0.003000677796,0.003336094785
-1.210719347e-08,0.004001533613,0.003336704569,316.734436,-1.210719347e-08,0.004001533613,0.003336704569
-1.210719347e-08,0.003733134829,0.003336380236,317.0772095,-1.210719347e-08,0.003733134829,0.003336380236
-1.210719347e-08,0.003501168685,0.003467371454,318.344696,-1.210719347e-08,0.003501168685,0.003467371454
-1.210719347e-08,0.004502206109,0.003336888505,316.9721985,-1.210719347e-08,0.004502206109,0.003336888505
-1.210719347e-08,0.005003490951,0.00333786686,316.5780334,-1.210719347e-08,0.005003490951,0.00333786686
-1.210719347e-08,0.005505378824,0.003338471986,316.2324829,-1.210719347e-08,0.005505378824,0.003338471986
-1.210719347e-08,0.006008985918,0.003340339754,316.0247498,-1.210719347e-08,0.006008985918,0.003340339754
-1.210719347e-08,0.006514750421,0.003342124168,316.2430115,-1.210719347e-08,0.006514750421,0.003342124168
-1.210719347e-08,0.007025270257,0.003346372629,315.4436646,-1.210719347e-08,0.007025270257,0.003346372629
-1.210719347e-08,0.007541380357,0.003351733088,315.3265991,-1.210719347e-08,0.007541380357,0.003351733088
-1.210719347e-08,0.008064874448,0.00336209638,314.2421265,-1.210719347e-08,0.008064874448,0.00336209638
-1.210719347e-08,0.008593742736,0.003375794971,313.9414978,-1.210719347e-08,0.008593742736,0.003375794971
-1.210719347e-08,0.008591587655,0.003918443341,314.8484497,-1.210719347e-08,0.008591587655,0.003918443341
-1.210719347e-08,0.008591646329,0.004450630397,315.6071472,-1.210719347e-08,0.008591646329,0.004450630397
-1.210719347e-08,0.00859144982,0.004970696289,316.3190918,-1.210719347e-08,0.00859144982,0.004970696289
-1.210719347e-08,0.008680908941,0.00497307349,315.0137939,-1.210719347e-08,0.008680908941,0.00497307349
-1.210719347e-08,0.008859907277,0.006496113259,315.6234436,-1.210719347e-08,0.008859907277,0.006496113259
-1.210719347e-08,0.008805943653,0.006997215562,315.6929016,-1.210719347e-08,0.008805943653,0.006997215562
-1.210719347e-08,0.008984638378,0.01099937595,315.8218994,-1.210719347e-08,0.008984638378,0.01099937595
-1.210719347e-08,0.008592538536,0.01149979141,316.7305908,-1.210719347e-08,0.008592538536,0.01149979141
-1.210719347e-08,0.008592435159,0.0119999256,317.1860046,-1.210719347e-08,0.008592435159,0.0119999256
-1.210719347e-08,0.008592604659,0.01249988284,316.9911194,-1.210719347e-08,0.008592604659,0.01249988284
-1.210719347e-08,0.008592543192,0.01288901549,316.9129028,-1.210719347e-08,0.008592543192,0.01288901549
-1.210719347e-08,0.008755207993,0.01300004963,315.8217468,-1.210719347e-08,0.008755207993,0.01300004963
-1.210719347e-08,0.008834602311,0.01399974246,315.8207703,-1.210719347e-08,0.008834602311,0.01399974246
-1.210719347e-08,-0.0085926475,0.01450005732,317.1837158,-1.210719347e-08,-0.0085926475,0.01450005732
-1.210719347e-08,-0.008581076749,0.01450005453,318.5474854,-1.210719347e-08,-0.008581076749,0.01450005453
-1.210719347e-08,-0.008592549711,0.01500000339,316.7288818,-1.210719347e-08,-0.008592549711,0.01500000339
-1.210719347e-08,-0.008548540995,0.01499999408,318.5471191,-1.210719347e-08,-0.008548540995,0.01499999408
-1.210719347e-08,0.008592658676,0.01550001744,317.1830139,-1.210719347e-08,0.008592658676,0.01550001744
-1.210719347e-08,0.008687665686,0.01550005842,315.8204651,-1.210719347e-08,0.008687665686,0.01550005842
-1.210719347e-08,0.00859254133,0.01599995233,317.4553528,-1.210719347e-08,0.00859254133,0.01599995233
-1.210719347e-08,0.008592655882,0.01650006697,317.1830139,-1.210719347e-08,0.008592655882,0.01650006697
-1.210719347e-08,0.008592528291,0.01700017974,316.9103699,-1.210719347e-08,0.008592528291,0.01700017974
-1.210719347e-08,-0.008592609316,0.01749997027,317.1827087,-1.210719347e-08,-0.008592609316,0.01749997027
-1.210719347e-08,-0.008592478931,0.01799998805,317.4551697,-1.210719347e-08,-0.008592478931,0.01799998805
-1.210719347e-08,0.008592640981,0.01750013418,317.3772583,-1.210719347e-08,0.008592640981,0.01750013418
-1.210719347e-08,0.008592575788,0.01779232174,316.7289734,-1.210719347e-08,0.008592575788,0.01779232174
-1.210719347e-08,-0.008592602797,0.01850002818,317.1824646,-1.210719347e-08,-0.008592602797,0.01850002818
-1.210719347e-08,-0.008592550643,0.01882494614,317.4549866,-1.210719347e-08,-0.008592550643,0.01882494614
-1.210719347e-08,-0.008281136863,0.01900009252,318.545166,-1.210719347e-08,-0.008281136863,0.01900009252
-1.210719347e-08,0.008592670783,0.01850013062,317.1827087,-1.210719347e-08,0.008592670783,0.01850013062
-1.210719347e-08,0.00859254133,0.01900006272,317.3766174,-1.210719347e-08,0.00859254133,0.01900006272
-1.210719347e-08,0.008592666127,0.01957776397,317.4544067,-1.210719347e-08,0.008592666127,0.01957776397
-1.210719347e-08,0.008592595346,0.02000011317,317.3762207,-1.210719347e-08,0.008592595346,0.02000011317
-1.210719347e-08,0.008592725731,0.02049998939,316.841217,-1.210719347e-08,0.008592725731,0.02049998939
-1.210719347e-08,0.008809100837,0.02049984783,315.819397,-1.210719347e-08,0.008809100837,0.02049984783
-1.210719347e-08,0.008592622355,0.02100018971,317.4538269,-1.210719347e-08,0.008592622355,0.02100018971
-1.210719347e-08,-0.008592744358,0.02150018327,317.1818237,-1.210719347e-08,-0.008592744358,0.02150018327
-1.210719347e-08,-0.008592569269,0.02200027555,317.1825562,-1.210719347e-08,-0.008592569269,0.02200027555
-1.210719347e-08,0.008592728525,0.02150021866,317.1816101,-1.210719347e-08,0.008592728525,0.02150021866
-1.210719347e-08,0.008592646569,0.02186769806,316.7275391,-1.210719347e-08,0.008592646569,0.02186769806
-1.210719347e-08,-0.008592659608,0.0225001052,317.1833191,-1.210719347e-08,-0.008592659608,0.0225001052
-1.210719347e-08,-0.008592555299,0.02299997211,317.1831055,-1.210719347e-08,-0.008592555299,0.02299997211
-1.210719347e-08,-0.008592688479,0.02349990234,317.1827087,-1.210719347e-08,-0.008592688479,0.02349990234
-1.210719347e-08,-0.008592555299,0.0240000058,317.1820679,-1.210719347e-08,-0.008592555299,0.0240000058
-1.210719347e-08,0.008622240275,0.02349960059,315.8205261,-1.210719347e-08,0.008622240275,0.02349960059
-1.210719347e-08,-0.008592615835,0.02450018749,317.1820068,-1.210719347e-08,-0.008592615835,0.02450018749
-1.210719347e-08,-0.008592481725,0.02500018477,317.4551086,-1.210719347e-08,-0.008592481725,0.02500018477
-1.210719347e-08,-0.008592607453,0.02550010383,316.987793,-1.210719347e-08,-0.008592607453,0.02550010383
-1.210719347e-08,-0.008592538536,0.02599995025,317.1830444,-1.210719347e-08,-0.008592538536,0.02599995025
-1.210719347e-08,-0.008592674509,0.0265000239,316.9874878,-1.210719347e-08,-0.008592674509,0.0265000239
-1.210719347e-08,-0.008592512459,0.02700011991,317.182373,-1.210719347e-08,-0.008592512459,0.02700011991
-1.210719347e-08,-0.008592595346,0.02750003524,317.1824341,-1.210719347e-08,-0.008592595346,0.02750003524
-1.210719347e-08,-0.008592417464,0.02800006792,317.4551697,-1.210719347e-08,-0.008592417464,0.02800006792
-1.210719347e-08,-0.008592491038,0.02850005776,316.9877625,-1.210719347e-08,-0.008592491038,0.02850005776
-1.210719347e-08,-0.008592348546,0.02899998426,317.1833191,-1.210719347e-08,-0.008592348546,0.02899998426
-1.210719347e-08,0.008855849504,0.02850037441,315.8200989,-1.210719347e-08,0.008855849504,0.02850037441
-1.210719347e-08,0.008914515376,0.0290004909,315.8210449,-1.210719347e-08,0.008914515376,0.0290004909
-1.210719347e-08,-0.008592466824,0.02949997596,317.1831665,-1.210719347e-08,-0.008592466824,0.02949997596
-1.210719347e-08,-0.008592384867,0.02999997139,316.9885254,-1.210719347e-08,-0.008592384867,0.02999997139
-1.210719347e-08,-0.008592524566,0.03050006554,317.1831665,-1.210719347e-08,-0.008592524566,0.03050006554
-1.210719347e-08,-0.008592451923,0.03099998273,317.1827698,-1.210719347e-08,-0.008592451923,0.03099998273
-1.210719347e-08,-0.008592623286,0.03149998561,317.4550476,-1.210719347e-08,-0.008592623286,0.03149998561
-1.210719347e-08,-0.008592521772,0.03200014308,316.9873657,-1.210719347e-08,-0.008592521772,0.03200014308
-1.210719347e-08,0.008592758328,0.03156091273,317.4539795,-1.210719347e-08,0.008592758328,0.03156091273
-1.210719347e-08,0.008592688479,0.03200001642,317.3753052,-1.210719347e-08,0.008592688479,0.03200001642
-1.210719347e-08,-0.008592651226,0.03250025585,316.9870605,-1.210719347e-08,-0.008592651226,0.03250025585
-1.210719347e-08,-0.008592517115,0.03300011531,317.182251,-1.210719347e-08,-0.008592517115,0.03300011531
-1.210719347e-08,0.008592785336,0.03250011802,317.1813049,-1.210719347e-08,0.008592785336,0.03250011802
-1.210719347e-08,0.008592644706,0.03300016746,317.1816406,-1.210719347e-08,0.008592644706,0.03300016746
-1.210719347e-08,-0.008592607453,0.03349993378,317.1823425,-1.210719347e-08,-0.008592607453,0.03349993378
-1.210719347e-08,-0.008592445403,0.03400003165,316.9873352,-1.210719347e-08,-0.008592445403,0.03400003165
-1.210719347e-08,-0.008426675573,0.0340000242,318.5452881,-1.210719347e-08,-0.008426675573,0.0340000242
-1.210719347e-08,0.008592742495,0.03350007534,317.1819763,-1.210719347e-08,0.008592742495,0.03350007534
-1.210719347e-08,0.008592601866,0.03399992734,317.1813354,-1.210719347e-08,0.008592601866,0.03399992734
-1.210719347e-08,0.008592701517,0.03450002149,317.1812134,-1.210719347e-08,0.008592701517,0.03450002149
-1.210719347e-08,0.008592585102,0.03499993682,317.1809998,-1.210719347e-08,0.008592585102,0.03499993682
-1.210719347e-08,0.008592704311,0.03549994528,317.1810913,-1.210719347e-08,0.008592704311,0.03549994528
-1.210719347e-08,0.008592567407,0.03599999845,317.1810303,-1.210719347e-08,0.008592567407,0.03599999845
-1.210719347e-08,-0.008592610247,0.03650004044,316.9876404,-1.210719347e-08,-0.008592610247,0.03650004044
-1.210719347e-08,-0.008277383633,0.03649999201,318.5461426,-1.210719347e-08,-0.008277383633,0.03649999201
-1.210719347e-08,-0.008592487313,0.03700006753,317.183136,-1.210719347e-08,-0.008592487313,0.03700006753
-1.210719347e-08,-0.008100884035,0.03699998185,318.5466919,-1.210719347e-08,-0.008100884035,0.03699998185
-1.210719347e-08,0.008592684753,0.03650004417,316.9876709,-1.210719347e-08,0.008592684753,0.03650004417
-1.210719347e-08,0.008622028865,0.03650004789,315.8199158,-1.210719347e-08,0.008622028865,0.03650004789
-1.210719347e-08,0.008592550643,0.03700000793,317.1827393,-1.210719347e-08,0.008592550643,0.03700000793
-1.210719347e-08,0.008816953748,0.03700003028,315.8205872,-1.210719347e-08,0.008816953748,0.03700003028
-1.210719347e-08,-0.008592579514,0.03749991208,317.1843262,-1.210719347e-08,-0.008592579514,0.03749991208
-1.210719347e-08,-0.008234727196,0.03749990463,318.5475464,-1.210719347e-08,-0.008234727196,0.03749990463
-1.210719347e-08,-0.008592453785,0.03799980879,316.9124756,-1.210719347e-08,-0.008592453785,0.03799980879
-1.210719347e-08,-0.008434284478,0.03799981624,318.5483704,-1.210719347e-08,-0.008434284478,0.03799981624
-1.210719347e-08,0.008592629805,0.0374998711,316.9881897,-1.210719347e-08,0.008592629805,0.0374998711
-1.210719347e-08,0.008701974526,0.03749977425,315.8201599,-1.210719347e-08,0.008701974526,0.03749977425
-1.210719347e-08,0.008592491038,0.03800011054,317.6366272,-1.210719347e-08,0.008592491038,0.03800011054
-1.210719347e-08,0.008592545055,0.03949998319,317.37854,-1.210719347e-08,0.008592545055,0.03949998319
-1.210719347e-08,0.008592423052,0.04000004753,317.1831665,-1.210719347e-08,0.008592423052,0.04000004753
-1.210719347e-08,0.008592546917,0.04050014541,317.1827698,-1.210719347e-08,0.008592546917,0.04050014541
-1.210719347e-08,0.008592457511,0.04100016132,317.1819153,-1.210719347e-08,0.008592457511,0.04100016132
-1.210719347e-08,-0.008352506906,0.04149982333,318.5455627,-1.210719347e-08,-0.008352506906,0.04149982333
-1.210719347e-08,-0.008592606522,0.04166817293,316.9094849,-1.210719347e-08,-0.008592606522,0.04166817293
-1.210719347e-08,-0.008592537604,0.04199965671,317.6363525,-1.210719347e-08,-0.008592537604,0.04199965671
-1.210719347e-08,0.00859263353,0.04150011018,317.1816406,-1.210719347e-08,0.00859263353,0.04150011018
-1.210719347e-08,0.008592510596,0.04200003296,317.1812744,-1.210719347e-08,0.008592510596,0.04200003296
-1.210719347e-08,-0.008592667989,0.04249997437,317.1813965,-1.210719347e-08,-0.008592667989,0.04249997437
-1.210719347e-08,-0.008592545986,0.04300031811,316.9864807,-1.210719347e-08,-0.008592545986,0.04300031811
-1.210719347e-08,0.00859264005,0.04249993339,317.1815186,-1.210719347e-08,0.00859264005,0.04249993339
-1.210719347e-08,0.008592522703,0.0429999195,317.1811829,-1.210719347e-08,0.008592522703,0.0429999195
-1.210719347e-08,0.00861095544,0.0429999195,315.8190308,-1.210719347e-08,0.00861095544,0.0429999195
-1.210719347e-08,-0.008592699654,0.0435003303,317.1815186,-1.210719347e-08,-0.008592699654,0.0435003303
-1.210719347e-08,-0.008592595346,0.0440001674,317.1815186,-1.210719347e-08,-0.008592595346,0.0440001674
-1.210719347e-08,0.009054896422,0.04349968582,315.8197021,-1.210719347e-08,0.009054896422,0.04349968582
-1.210719347e-08,-0.008592690341,0.04450022429,317.1818542,-1.210719347e-08,-0.008592690341,0.04450022429
-1.210719347e-08,-0.008592546917,0.04500042647,317.4544983,-1.210719347e-08,-0.008592546917,0.04500042647
-1.210719347e-08,-0.008592649363,0.04550019652,316.9870911,-1.210719347e-08,-0.008592649363,0.04550019652
-1.210719347e-08,-0.008592518978,0.04599989578,316.9867859,-1.210719347e-08,-0.008592518978,0.04599989578
-1.210719347e-08,-0.008592655882,0.04649985582,317.1811829,-1.210719347e-08,-0.008592655882,0.04649985582
-1.210719347e-08,-0.008592523634,0.04699975997,317.1804199,-1.210719347e-08,-0.008592523634,0.04699975997
-1.210719347e-08,-0.008592630737,0.0474996604,317.1792603,-1.210719347e-08,-0.008592630737,0.0474996604
-1.210719347e-08,-0.008592514321,0.04799957573,317.1778259,-1.210719347e-08,-0.008592514321,0.04799957573
-1.210719347e-08,0.00859256275,0.04749986529,317.1803284,-1.210719347e-08,0.00859256275,0.04749986529
-1.210719347e-08,0.008592477068,0.04800002649,317.1790466,-1.210719347e-08,0.008592477068,0.04800002649
-1.210719347e-08,-0.008592656814,0.04849963263,317.1768188,-1.210719347e-08,-0.008592656814,0.04849963263
-1.210719347e-08,-0.008592549711,0.04899960756,317.1753235,-1.210719347e-08,-0.008592549711,0.04899960756
-1.210719347e-08,0.008592602797,0.04849998653,317.1780701,-1.210719347e-08,0.008592602797,0.04849998653
-1.210719347e-08,0.008592498489,0.04899980873,317.1759033,-1.210719347e-08,0.008592498489,0.04899980873
-1.210719347e-08,-0.008592653088,0.04949982464,317.1741333,-1.210719347e-08,-0.008592653088,0.04949982464
-1.210719347e-08,-0.008592486382,0.04999966919,317.1714172,-1.210719347e-08,-0.008592486382,0.04999966919
-1.210719347e-08,0.008592650294,0.04949961603,317.1738281,-1.210719347e-08,0.008592650294,0.04949961603
-1.210719347e-08,0.008592502214,0.04999950528,317.3635864,-1.210719347e-08,0.008592502214,0.04999950528
-1.210719347e-08,-0.00859258417,0.05049960315,317.1664429,-1.210719347e-08,-0.00859258417,0.05049960315
-1.210719347e-08,-0.008592435159,0.05099928379,316.9635925,-1.210719347e-08,-0.008592435159,0.05099928379
-1.210719347e-08,-0.008053386584,0.05099823698,318.5133057,-1.210719347e-08,-0.008053386584,0.05099823698
-1.210719347e-08,0.008661172353,0.05349791795,315.6826172,-1.210719347e-08,0.008661172353,0.05349791795
-1.210719347e-08,0.0085898377,0.05548930541,316.2455139,-1.210719347e-08,0.0085898377,0.05548930541
-1.210719347e-08,0.0085874293,0.05598201975,315.8250122,-1.210719347e-08,0.0085874293,0.05598201975
-1.210719347e-08,0.008583790623,0.0564703308,315.2363586,-1.210719347e-08,0.008583790623,0.0564703308
-1.210719347e-08,0.008576977067,0.05688989908,314.6601257,-1.210719347e-08,0.008576977067,0.05688989908
