time_s,t_eff_k,q_raw_w
0.1,298.15,0.0
0.2,298.15,0.0
0.3,298.15,0.0
0.4,298.15,0.0
0.5,298.15,0.0
0.6,298.15,0.0
0.7,298.15,0.0
0.8,298.15,0.0
0.9,298.15,0.0
1.0,298.15,0.0
1.1,298.15,0.0
1.2,298.15,0.0
1.3,298.15,0.0
1.4,298.15,0.0
1.5,298.15,0.0
1.6,298.15,0.0
1.7,298.15,0.0
1.8,298.15,0.0
1.9,298.15,0.0
2.0,298.15,0.0
2.1,298.15,0.0
2.2,298.15,0.0
2.3,298.15,0.0
2.4,298.15,0.0
2.5,298.15,0.0
2.6,298.15,0.0
2.7,298.15,0.0
2.8,298.15,0.0
2.9,298.15,0.0
3.0,298.15,0.0
3.1,298.15,0.0
3.2,298.15,0.0
3.3,298.15,0.0
3.4,298.15,0.0
3.5,298.15,0.0
3.6,298.15,0.0
3.7,298.15,0.0
3.8,298.15,0.0
3.9,298.15,0.0
4.0,298.15,0.0
4.1,298.15,0.0
4.2,298.15,0.0
4.3,298.15,0.0
4.4,298.15,0.0
4.5,298.15,0.0
4.6,298.15,0.0
4.7,298.15,0.0
4.8,298.15,0.0
4.9,298.15,0.0
5.0,298.15,0.0
5.1,298.15,0.0
5.2,298.15,0.0
5.3,298.15,0.0
5.4,298.15,0.0
5.5,298.15,0.0
5.6,298.15,0.0
5.7,298.15,0.0
5.8,298.15,0.0
5.9,298.15,0.0
6.0,298.15,0.0
6.1,298.15,0.0
6.2,298.15,0.0
6.3,298.15,0.0
6.4,298.15,0.0
6.5,298.15,0.0
6.6,298.15,0.0
6.7,298.15,0.0
6.8,298.15,0.0
6.9,298.15,0.0
7.0,298.15,0.0
7.1,298.15,0.0
7.2,298.15,0.0
7.3,298.15,0.0
7.4,298.15,0.0
7.5,298.15,0.0
7.6,298.15,0.0
7.7,298.15,0.0
7.8,298.15,0.0
7.9,298.15,0.0
8.0,298.15,0.0
8.1,298.15,0.0
8.2,298.15,0.0
8.3,298.15,0.0
8.4,298.15,0.0
8.5,298.15,0.0
8.6,298.15,0.0
8.7,298.15,0.0
8.8,298.15,0.0
8.9,298.15,0.0
9.0,298.15,0.0
9.1,298.15,0.0
9.2,298.15,0.0
9.3,298.15,0.0
9.4,298.15,0.0
9.5,298.15,0.0
9.6,298.15,0.0
9.7,298.15,0.0
9.8,298.15,0.0
9.9,298.15,0.0
10.0,298.15,0.0
10.1,298.15,0.0
10.2,298.15,0.0
10.3,298.15,0.0
10.4,298.15,0.0
10.5,298.15,0.0
10.6,298.15,0.0
10.7,298.15,0.0
10.8,298.15,0.0
10.9,298.15,0.0
11.0,298.15,0.0
11.1,298.15,-9.2e-05
11.2,298.15,-0.000183
11.3,298.15,-0.000275
11.4,298.15,-0.000366
11.5,298.15,-0.000458
11.6,298.15,-0.00055
11.7,298.15,-0.000641
11.8,298.15,-0.000732
11.9,298.15,-0.000824
12.0,298.15,-0.000918
12.1,298.15,-0.00262
12.2,298.15,-0.004311
12.3,298.15,-0.005988
12.4,298.15,-0.00765
12.5,298.15,-0.009297
12.6,298.15,-0.010929
12.7,298.15,-0.012546
12.8,298.15,-0.014147
12.9,298.15,-0.015733
13.0,298.15,-0.017348
13.1,298.15,-0.021917
13.2,298.15,-0.026368
13.3,298.15,-0.030678
13.4,298.15,-0.034881
13.5,298.15,-0.038952
13.6,298.15,-0.042876
13.7,298.149,-0.046662
13.8,298.149,-0.050327
13.9,298.149,-0.05398
14.0,298.149,-0.057078
14.1,298.149,-0.058499
14.2,298.149,-0.059949
14.3,298.149,-0.061363
14.4,298.149,-0.062747
14.5,298.149,-0.064153
14.6,298.149,-0.065521
14.7,298.149,-0.066852
14.8,298.148,-0.068062
14.9,298.148,-0.069217
15.0,298.148,-0.070552
15.1,298.148,-0.073029
15.2,298.148,-0.075435
15.3,298.148,-0.077691
15.4,298.148,-0.079796
15.5,298.148,-0.081749
15.6,298.147,-0.08355
15.7,298.147,-0.085197
15.8,298.147,-0.086691
15.9,298.147,-0.088073
16.0,298.147,-0.08937
16.1,298.147,-0.091104
16.2,298.146,-0.092571
16.3,298.146,-0.093609
16.4,298.146,-0.094215
16.5,298.146,-0.094385
16.6,298.146,-0.094118
16.7,298.146,-0.09341
16.8,298.146,-0.092259
16.9,298.145,-0.090664
17.0,298.145,-0.0887
17.1,298.145,-0.0871
17.2,298.145,-0.085479
17.3,298.145,-0.083762
17.4,298.145,-0.081948
17.5,298.144,-0.080036
17.6,298.144,-0.078028
17.7,298.144,-0.075922
17.8,298.144,-0.073718
17.9,298.144,-0.071416
18.0,298.144,-0.069292
18.1,298.144,-0.072976
18.2,298.144,-0.076276
18.3,298.143,-0.078897
18.4,298.143,-0.080815
18.5,298.143,-0.082008
18.6,298.143,-0.082457
18.7,298.143,-0.082142
18.8,298.143,-0.081046
18.9,298.143,-0.07915
19.0,298.143,-0.076479
19.1,298.142,-0.075116
19.2,298.142,-0.073649
19.3,298.142,-0.072036
19.4,298.142,-0.070276
19.5,298.142,-0.068366
19.6,298.142,-0.066306
19.7,298.142,-0.064094
19.8,298.142,-0.061728
19.9,298.141,-0.059208
20.0,298.141,-0.056639
20.1,298.141,-0.055213
20.2,298.141,-0.053852
20.3,298.141,-0.052446
20.4,298.141,-0.050998
20.5,298.141,-0.049507
20.6,298.141,-0.047973
20.7,298.141,-0.046396
20.8,298.141,-0.044776
20.9,298.141,-0.043115
21.0,298.141,-0.041422
21.1,298.14,-0.042966
21.2,298.14,-0.044493
21.3,298.14,-0.045992
21.4,298.14,-0.047462
21.5,298.14,-0.048903
21.6,298.14,-0.050313
21.7,298.14,-0.051694
21.8,298.14,-0.053044
21.9,298.14,-0.054363
22.0,298.14,-0.055513
22.1,298.14,-0.054912
22.2,298.14,-0.054166
22.3,298.139,-0.053411
22.4,298.139,-0.052649
22.5,298.139,-0.051879
22.6,298.139,-0.051102
22.7,298.139,-0.050316
22.8,298.139,-0.049522
22.9,298.139,-0.04872
23.0,298.139,-0.047965
23.1,298.139,-0.054279
23.2,298.139,-0.060071
23.3,298.139,-0.065277
23.4,298.138,-0.069891
23.5,298.138,-0.073903
23.6,298.138,-0.077307
23.7,298.138,-0.080095
23.8,298.138,-0.082262
23.9,298.138,-0.083801
24.0,298.138,-0.084667
24.1,298.138,-0.083947
24.2,298.137,-0.08317
24.3,298.137,-0.082375
24.4,298.137,-0.081557
24.5,298.137,-0.080713
24.6,298.137,-0.079841
24.7,298.137,-0.078937
24.8,298.137,-0.077999
24.9,298.136,-0.077025
25.0,298.136,-0.076084
25.1,298.136,-0.078103
25.2,298.136,-0.079684
25.3,298.136,-0.080746
25.4,298.136,-0.081284
25.5,298.136,-0.081295
25.6,298.135,-0.080772
25.7,298.135,-0.079711
25.8,298.135,-0.07811
25.9,298.135,-0.075963
26.0,298.135,-0.073459
26.1,298.135,-0.071459
26.2,298.135,-0.069515
26.3,298.135,-0.06745
26.4,298.134,-0.065276
26.5,298.134,-0.062976
26.6,298.134,-0.06055
26.7,298.134,-0.057997
26.8,298.134,-0.055317
26.9,298.134,-0.05251
27.0,298.134,-0.049575
27.1,298.134,-0.047224
27.2,298.134,-0.045153
27.3,298.134,-0.043051
27.4,298.134,-0.040916
27.5,298.134,-0.038748
27.6,298.133,-0.036547
27.7,298.133,-0.034313
27.8,298.133,-0.032044
27.9,298.133,-0.029741
28.0,298.133,-0.027541
28.1,298.133,-0.026925
28.2,298.133,-0.026477
28.3,298.133,-0.026059
28.4,298.133,-0.025668
28.5,298.133,-0.025303
28.6,298.133,-0.024962
28.7,298.133,-0.024646
28.8,298.133,-0.024351
28.9,298.133,-0.024076
29.0,298.133,-0.023966
29.1,298.133,-0.028524
29.2,298.133,-0.032971
29.3,298.133,-0.037153
29.4,298.133,-0.041061
29.5,298.133,-0.044685
29.6,298.132,-0.048016
29.7,298.132,-0.051045
29.8,298.132,-0.053764
29.9,298.132,-0.056124
30.0,298.132,-0.05803
30.1,298.132,-0.059031
30.2,298.132,-0.059769
30.3,298.132,-0.060449
30.4,298.132,-0.061071
30.5,298.132,-0.061635
30.6,298.132,-0.062139
30.7,298.131,-0.062584
30.8,298.131,-0.062969
30.9,298.131,-0.063287
31.0,298.131,-0.063547
31.1,298.131,-0.063713
31.2,298.131,-0.06385
31.3,298.131,-0.063967
31.4,298.131,-0.064064
31.5,298.131,-0.064142
31.6,298.13,-0.064201
31.7,298.13,-0.064241
31.8,298.13,-0.064263
31.9,298.13,-0.064267
32.0,298.13,-0.064253
32.1,298.13,-0.064277
32.2,298.13,-0.064292
32.3,298.13,-0.064299
32.4,298.13,-0.064299
32.5,298.13,-0.06429
32.6,298.129,-0.064275
32.7,298.129,-0.064252
32.8,298.129,-0.064223
32.9,298.129,-0.064187
33.0,298.129,-0.06412
33.1,298.129,-0.063718
33.2,298.129,-0.063208
33.3,298.129,-0.062614
33.4,298.129,-0.061935
33.5,298.128,-0.061169
33.6,298.128,-0.060314
33.7,298.128,-0.05937
33.8,298.128,-0.058335
33.9,298.128,-0.057208
34.0,298.128,-0.055989
34.1,298.128,-0.054619
34.2,298.128,-0.053124
34.3,298.128,-0.051523
34.4,298.128,-0.049816
34.5,298.128,-0.048
34.6,298.127,-0.046076
34.7,298.127,-0.044043
34.8,298.127,-0.041899
34.9,298.127,-0.039644
35.0,298.127,-0.037231
35.1,298.127,-0.03428
35.2,298.127,-0.031124
35.3,298.127,-0.027808
35.4,298.127,-0.024329
35.5,298.127,-0.020688
35.6,298.127,-0.016882
35.7,298.127,-0.012911
35.8,298.127,-0.008774
35.9,298.127,-0.00447
36.0,298.127,0.0
36.1,298.127,0.0
36.2,298.127,0.0
36.3,298.127,0.0
36.4,298.127,0.0
36.5,298.127,0.0
36.6,298.127,0.0
36.7,298.127,0.0
36.8,298.127,0.0
36.9,298.127,0.0
37.0,298.127,0.0
37.1,298.127,0.0
37.2,298.127,0.0
37.3,298.127,0.0
37.4,298.127,0.0
37.5,298.127,0.0
37.6,298.127,0.0
37.7,298.127,0.0
37.8,298.127,0.0
37.9,298.127,0.0
38.0,298.127,0.0
38.1,298.127,0.0
38.2,298.127,0.0
38.3,298.127,0.0
38.4,298.127,0.0
38.5,298.127,0.0
38.6,298.127,0.0
38.7,298.127,0.0
38.8,298.127,0.0
38.9,298.127,0.0
39.0,298.127,0.0
39.1,298.127,0.0
39.2,298.127,0.0
39.3,298.127,0.0
39.4,298.127,0.0
39.5,298.127,0.0
39.6,298.127,0.0
39.7,298.127,0.0
39.8,298.127,0.0
39.9,298.127,0.0
40.0,298.127,0.0
40.1,298.127,0.0
40.2,298.127,0.0
40.3,298.127,0.0
40.4,298.127,0.0
40.5,298.127,0.0
40.6,298.127,0.0
40.7,298.127,0.0
40.8,298.127,0.0
40.9,298.127,0.0
41.0,298.127,0.0
41.1,298.127,0.0
41.2,298.127,0.0
41.3,298.127,0.0
41.4,298.127,0.0
41.5,298.127,0.0
41.6,298.127,0.0
41.7,298.127,0.0
41.8,298.127,0.0
41.9,298.127,0.0
42.0,298.127,0.0
42.1,298.127,0.0
42.2,298.127,0.0
42.3,298.127,0.0
42.4,298.127,0.0
42.5,298.127,0.0
42.6,298.127,0.0
42.7,298.127,0.0
42.8,298.127,0.0
42.9,298.127,0.0
43.0,298.127,0.0
43.1,298.127,0.0
43.2,298.127,0.0
43.3,298.127,0.0
43.4,298.127,0.0
43.5,298.127,0.0
43.6,298.127,0.0
43.7,298.127,0.0
43.8,298.127,0.0
43.9,298.127,0.0
44.0,298.127,0.0
44.1,298.127,0.0
44.2,298.127,0.0
44.3,298.127,0.0
44.4,298.127,0.0
44.5,298.127,0.0
44.6,298.127,0.0
44.7,298.127,0.0
44.8,298.127,0.0
44.9,298.127,0.0
45.0,298.127,0.0
45.1,298.127,0.0
45.2,298.127,0.0
45.3,298.127,0.0
45.4,298.127,0.0
45.5,298.127,0.0
45.6,298.127,0.0
45.7,298.127,0.0
45.8,298.127,0.0
45.9,298.127,0.0
46.0,298.127,0.0
46.1,298.127,0.0
46.2,298.127,0.0
46.3,298.127,0.0
46.4,298.127,0.0
46.5,298.127,0.0
46.6,298.127,0.0
46.7,298.127,0.0
46.8,298.127,0.0
46.9,298.127,0.0
47.0,298.127,0.0
47.1,298.127,0.0
47.2,298.127,0.0
47.3,298.127,0.0
47.4,298.127,0.0
47.5,298.127,0.0
47.6,298.127,0.0
47.7,298.127,0.0
47.8,298.127,0.0
47.9,298.127,0.0
48.0,298.127,-0.0
48.1,298.127,-0.001742
48.2,298.127,-0.003469
48.3,298.127,-0.005178
48.4,298.127,-0.006869
48.5,298.127,-0.008542
48.6,298.127,-0.010197
48.7,298.127,-0.011832
48.8,298.127,-0.013449
48.9,298.127,-0.015046
49.0,298.127,-0.016572
49.1,298.127,-0.015115
49.2,298.127,-0.013591
49.3,298.127,-0.012051
49.4,298.127,-0.010496
49.5,298.127,-0.008925
49.6,298.127,-0.007337
49.7,298.127,-0.005732
49.8,298.127,-0.00411
49.9,298.127,-0.00247
50.0,298.127,-0.000814
50.1,298.127,-0.000732
50.2,298.127,-0.000651
50.3,298.127,-0.00057
50.4,298.127,-0.000488
50.5,298.127,-0.000407
50.6,298.127,-0.000326
50.7,298.127,-0.000245
50.8,298.127,-0.000164
50.9,298.127,-8.2e-05
51.0,298.127,0.0
51.1,298.127,0.0
51.2,298.127,0.0
51.3,298.127,0.0
51.4,298.127,0.0
51.5,298.127,0.0
51.6,298.127,0.0
51.7,298.127,0.0
51.8,298.127,0.0
51.9,298.127,0.0
52.0,298.127,0.0
52.1,298.127,0.0
52.2,298.127,0.0
52.3,298.127,0.0
52.4,298.127,0.0
52.5,298.127,0.0
52.6,298.127,0.0
52.7,298.127,0.0
52.8,298.127,0.0
52.9,298.127,0.0
53.0,298.127,-0.0
53.1,298.127,-0.000822
53.2,298.127,-0.001642
53.3,298.127,-0.002459
53.4,298.127,-0.003272
53.5,298.127,-0.004082
53.6,298.127,-0.004887
53.7,298.127,-0.005689
53.8,298.127,-0.006487
53.9,298.127,-0.007281
54.0,298.127,-0.008052
54.1,298.127,-0.008327
54.2,298.127,-0.008583
54.3,298.127,-0.008838
54.4,298.127,-0.009093
54.5,298.127,-0.009347
54.6,298.127,-0.009601
54.7,298.127,-0.009855
54.8,298.127,-0.010108
54.9,298.127,-0.010361
55.0,298.127,-0.010579
55.1,298.127,-0.010613
55.2,298.127,-0.010614
55.3,298.127,-0.010614
55.4,298.127,-0.010615
55.5,298.127,-0.010615
55.6,298.127,-0.010616
55.7,298.127,-0.010617
55.8,298.127,-0.010617
55.9,298.127,-0.010618
56.0,298.127,-0.010641
56.1,298.127,-0.011413
56.2,298.127,-0.012202
56.3,298.127,-0.012987
56.4,298.127,-0.013767
56.5,298.126,-0.014543
56.6,298.126,-0.015315
56.7,298.126,-0.016081
56.8,298.126,-0.016844
56.9,298.126,-0.017601
57.0,298.126,-0.0183
57.1,298.126,-0.018407
57.2,298.126,-0.01846
57.3,298.126,-0.018513
57.4,298.126,-0.018566
57.5,298.126,-0.018619
57.6,298.126,-0.018673
57.7,298.126,-0.018726
57.8,298.126,-0.01878
57.9,298.126,-0.018833
58.0,298.126,-0.018936
58.1,298.126,-0.023623
58.2,298.126,-0.02818
58.3,298.126,-0.032557
58.4,298.126,-0.036749
58.5,298.126,-0.040756
58.6,298.126,-0.044575
58.7,298.126,-0.048204
58.8,298.126,-0.051641
58.9,298.126,-0.054885
59.0,298.125,-0.057835
59.1,298.125,-0.05556
59.2,298.125,-0.05312
59.3,298.125,-0.050612
59.4,298.125,-0.048031
59.5,298.125,-0.045376
59.6,298.125,-0.042644
59.7,298.125,-0.039832
59.8,298.125,-0.036938
59.9,298.125,-0.033961
60.0,298.125,-0.030969
60.1,298.125,-0.031032
60.2,298.125,-0.031166
60.3,298.125,-0.031298
60.4,298.124,-0.03143
60.5,298.124,-0.031562
60.6,298.124,-0.031693
60.7,298.124,-0.031824
60.8,298.124,-0.031954
60.9,298.124,-0.032083
61.0,298.124,-0.032207
61.1,298.124,-0.031441
61.2,298.124,-0.030666
61.3,298.124,-0.029885
61.4,298.124,-0.0291
61.5,298.124,-0.02831
61.6,298.124,-0.027514
61.7,298.124,-0.026713
61.8,298.124,-0.025907
61.9,298.124,-0.025096
62.0,298.124,-0.024296
62.1,298.124,-0.02625
62.2,298.124,-0.028187
62.3,298.124,-0.03009
62.4,298.124,-0.031957
62.5,298.123,-0.033788
62.6,298.123,-0.035583
62.7,298.123,-0.037341
62.8,298.123,-0.039062
62.9,298.123,-0.040746
63.0,298.123,-0.042329
63.1,298.123,-0.042022
63.2,298.123,-0.041653
63.3,298.123,-0.041285
63.4,298.123,-0.040917
63.5,298.123,-0.04055
63.6,298.123,-0.040183
63.7,298.123,-0.039816
63.8,298.123,-0.03945
63.9,298.123,-0.039084
64.0,298.123,-0.038685
64.1,298.122,-0.037631
64.2,298.122,-0.036535
64.3,298.122,-0.035429
64.4,298.122,-0.034312
64.5,298.122,-0.033184
64.6,298.122,-0.032045
64.7,298.122,-0.030894
64.8,298.122,-0.029732
64.9,298.122,-0.028558
65.0,298.122,-0.02741
65.1,298.122,-0.027429
65.2,298.122,-0.027486
65.3,298.122,-0.027543
65.4,298.122,-0.027599
65.5,298.122,-0.027655
65.6,298.122,-0.02771
65.7,298.122,-0.027765
65.8,298.122,-0.02782
65.9,298.122,-0.027874
66.0,298.122,-0.027955
66.1,298.121,-0.033474
66.2,298.121,-0.03872
66.3,298.121,-0.043664
66.4,298.121,-0.048299
66.5,298.121,-0.052622
66.6,298.121,-0.05663
66.7,298.121,-0.060318
66.8,298.121,-0.063684
66.9,298.121,-0.066724
67.0,298.121,-0.069355
67.1,298.121,-0.07143
67.2,298.12,-0.073183
67.3,298.12,-0.074693
67.4,298.12,-0.075958
67.5,298.12,-0.076979
67.6,298.12,-0.077752
67.7,298.12,-0.078278
67.8,298.12,-0.078554
67.9,298.12,-0.078568
68.0,298.119,-0.078344
68.1,298.119,-0.077899
68.2,298.119,-0.077282
68.3,298.119,-0.076506
68.4,298.119,-0.075571
68.5,298.119,-0.074475
68.6,298.119,-0.073222
68.7,298.119,-0.07182
68.8,298.118,-0.070262
68.9,298.118,-0.068548
69.0,298.118,-0.066676
69.1,298.118,-0.064976
69.2,298.118,-0.063288
69.3,298.118,-0.061523
69.4,298.118,-0.059681
69.5,298.118,-0.057763
69.6,298.118,-0.055766
69.7,298.118,-0.053692
69.8,298.117,-0.05154
69.9,298.117,-0.04931
70.0,298.117,-0.047113
70.1,298.117,-0.046378
70.2,298.117,-0.045782
70.3,298.117,-0.045213
70.4,298.117,-0.044669
70.5,298.117,-0.044149
70.6,298.117,-0.043651
70.7,298.117,-0.043175
70.8,298.117,-0.04272
70.9,298.117,-0.042507
71.0,298.117,-0.042378
71.1,298.116,-0.04395
71.2,298.116,-0.045939
71.3,298.116,-0.04784
71.4,298.116,-0.049644
71.5,298.116,-0.051348
71.6,298.116,-0.052945
71.7,298.116,-0.054432
71.8,298.116,-0.0558
71.9,298.116,-0.056988
72.0,298.116,-0.058066
72.1,298.116,-0.059031
72.2,298.116,-0.059805
72.3,298.115,-0.060476
72.4,298.115,-0.061048
72.5,298.115,-0.061521
72.6,298.115,-0.061891
72.7,298.115,-0.062157
72.8,298.115,-0.062317
72.9,298.115,-0.062369
73.0,298.115,-0.062316
73.1,298.115,-0.062344
73.2,298.114,-0.062364
73.3,298.114,-0.062371
73.4,298.114,-0.062367
73.5,298.114,-0.062351
73.6,298.114,-0.062324
73.7,298.114,-0.062286
73.8,298.114,-0.062238
73.9,298.114,-0.062197
74.0,298.114,-0.062152
74.1,298.114,-0.062293
74.2,298.113,-0.062458
74.3,298.113,-0.062602
74.4,298.113,-0.062725
74.5,298.113,-0.062827
74.6,298.113,-0.06291
74.7,298.113,-0.062973
74.8,298.113,-0.063017
74.9,298.113,-0.063041
75.0,298.113,-0.063048
75.1,298.113,-0.063037
75.2,298.112,-0.063005
75.3,298.112,-0.062952
75.4,298.112,-0.062879
75.5,298.112,-0.062786
75.6,298.112,-0.062672
75.7,298.112,-0.062538
75.8,298.112,-0.062383
75.9,298.112,-0.062208
76.0,298.112,-0.06203
76.1,298.112,-0.061987
76.2,298.111,-0.061949
76.3,298.111,-0.0619
76.4,298.111,-0.061839
76.5,298.111,-0.061764
76.6,298.111,-0.061675
76.7,298.111,-0.061571
76.8,298.111,-0.061451
76.9,298.111,-0.061314
77.0,298.111,-0.061145
77.1,298.11,-0.060725
77.2,298.11,-0.060153
77.3,298.11,-0.059441
77.4,298.11,-0.058586
77.5,298.11,-0.057586
77.6,298.11,-0.056438
77.7,298.11,-0.055139
77.8,298.11,-0.053687
77.9,298.11,-0.052079
78.0,298.11,-0.050238
78.1,298.11,-0.04786
78.2,298.109,-0.045155
78.3,298.109,-0.042198
78.4,298.109,-0.038983
78.5,298.109,-0.03551
78.6,298.109,-0.031774
78.7,298.109,-0.027774
78.8,298.109,-0.023507
78.9,298.109,-0.01897
79.0,298.109,-0.014172
79.1,298.109,-0.014123
79.2,298.109,-0.014081
79.3,298.109,-0.014038
79.4,298.109,-0.013992
79.5,298.109,-0.013944
79.6,298.109,-0.013894
79.7,298.109,-0.013842
79.8,298.109,-0.013788
79.9,298.109,-0.013733
80.0,298.109,-0.013641
80.1,298.109,-0.012399
80.2,298.109,-0.011102
80.3,298.109,-0.009784
80.4,298.109,-0.008446
80.5,298.109,-0.007088
80.6,298.109,-0.00571
80.7,298.109,-0.004312
80.8,298.109,-0.002894
80.9,298.109,-0.001455
81.0,298.109,-0.0
81.1,298.109,-0.002761
81.2,298.109,-0.005477
81.3,298.109,-0.008144
81.4,298.109,-0.01076
81.5,298.109,-0.013323
81.6,298.109,-0.015834
81.7,298.109,-0.01829
81.8,298.109,-0.020691
81.9,298.109,-0.023035
82.0,298.109,-0.025253
82.1,298.109,-0.025281
82.2,298.109,-0.025239
82.3,298.109,-0.025198
82.4,298.108,-0.025157
82.5,298.108,-0.025115
82.6,298.108,-0.025074
82.7,298.108,-0.025034
82.8,298.108,-0.024993
82.9,298.108,-0.024952
83.0,298.108,-0.0249
83.1,298.108,-0.022666
83.2,298.108,-0.020368
83.3,298.108,-0.018017
83.4,298.108,-0.015611
83.5,298.108,-0.013151
83.6,298.108,-0.010635
83.7,298.108,-0.008063
83.8,298.108,-0.005432
83.9,298.108,-0.002744
84.0,298.108,-1e-06
84.1,298.108,-0.000207
84.2,298.108,-0.000414
84.3,298.108,-0.000621
84.4,298.108,-0.00083
84.5,298.108,-0.001038
84.6,298.108,-0.001246
84.7,298.108,-0.001454
84.8,298.108,-0.001663
84.9,298.108,-0.001871
85.0,298.108,-0.002069
85.1,298.108,-0.001874
85.2,298.108,-0.001668
85.3,298.108,-0.001461
85.4,298.108,-0.001254
85.5,298.108,-0.001046
85.6,298.108,-0.000837
85.7,298.108,-0.000628
85.8,298.108,-0.000419
85.9,298.108,-0.00021
86.0,298.108,-1e-06
86.1,298.108,-0.001583
86.2,298.108,-0.003153
86.3,298.108,-0.004707
86.4,298.108,-0.006245
86.5,298.108,-0.007768
86.6,298.108,-0.009273
86.7,298.108,-0.010762
86.8,298.108,-0.012233
86.9,298.108,-0.013688
87.0,298.108,-0.015099
87.1,298.108,-0.013689
87.2,298.108,-0.012237
87.3,298.108,-0.010769
87.4,298.108,-0.009284
87.5,298.108,-0.007781
87.6,298.108,-0.006261
87.7,298.108,-0.004723
87.8,298.108,-0.003166
87.9,298.108,-0.001591
88.0,298.108,-0.0
88.1,298.108,0.0
88.2,298.108,0.0
88.3,298.108,0.0
88.4,298.108,0.0
88.5,298.108,0.0
88.6,298.108,0.0
88.7,298.108,0.0
88.8,298.108,0.0
88.9,298.108,0.0
89.0,298.108,0.0
89.1,298.108,0.0
89.2,298.108,0.0
89.3,298.108,0.0
89.4,298.108,0.0
89.5,298.108,0.0
89.6,298.108,0.0
89.7,298.108,0.0
89.8,298.108,0.0
89.9,298.108,0.0
90.0,298.108,0.0
90.1,298.108,0.0
90.2,298.108,0.0
90.3,298.108,0.0
90.4,298.108,0.0
90.5,298.108,0.0
90.6,298.108,0.0
90.7,298.108,0.0
90.8,298.108,0.0
90.9,298.108,0.0
91.0,298.108,0.0
91.1,298.108,0.0
91.2,298.108,0.0
91.3,298.108,0.0
91.4,298.108,0.0
91.5,298.108,0.0
91.6,298.108,0.0
91.7,298.108,0.0
91.8,298.108,0.0
91.9,298.108,0.0
92.0,298.108,0.0
92.1,298.108,0.0
92.2,298.108,0.0
92.3,298.108,0.0
92.4,298.108,0.0
92.5,298.108,0.0
92.6,298.108,0.0
92.7,298.108,0.0
92.8,298.108,0.0
92.9,298.108,0.0
93.0,298.108,0.0
93.1,298.108,0.0
93.2,298.108,0.0
93.3,298.108,0.0
93.4,298.108,0.0
93.5,298.108,0.0
93.6,298.108,0.0
93.7,298.108,0.0
93.8,298.108,0.0
93.9,298.108,0.0
94.0,298.108,0.0
94.1,298.108,0.0
94.2,298.108,0.0
94.3,298.108,0.0
94.4,298.108,0.0
94.5,298.108,0.0
94.6,298.108,0.0
94.7,298.108,0.0
94.8,298.108,0.0
94.9,298.108,0.0
95.0,298.108,0.0
95.1,298.108,0.0
95.2,298.108,0.0
95.3,298.108,0.0
95.4,298.108,0.0
95.5,298.108,0.0
95.6,298.108,0.0
95.7,298.108,0.0
95.8,298.108,0.0
95.9,298.108,0.0
96.0,298.108,0.0
96.1,298.108,0.0
96.2,298.108,0.0
96.3,298.108,0.0
96.4,298.108,0.0
96.5,298.108,0.0
96.6,298.108,0.0
96.7,298.108,0.0
96.8,298.108,0.0
96.9,298.108,0.0
97.0,298.108,0.0
97.1,298.108,0.0
97.2,298.108,0.0
97.3,298.108,0.0
97.4,298.108,0.0
97.5,298.108,0.0
97.6,298.108,0.0
97.7,298.108,0.0
97.8,298.108,0.0
97.9,298.108,0.0
98.0,298.108,0.0
98.1,298.108,0.0
98.2,298.108,0.0
98.3,298.108,0.0
98.4,298.108,0.0
98.5,298.108,0.0
98.6,298.108,0.0
98.7,298.108,0.0
98.8,298.108,0.0
98.9,298.108,0.0
99.0,298.108,0.0
99.1,298.108,0.0
99.2,298.108,0.0
99.3,298.108,0.0
99.4,298.108,0.0
99.5,298.108,0.0
99.6,298.108,0.0
99.7,298.108,0.0
99.8,298.108,0.0
99.9,298.108,0.0
100.0,298.108,0.0
100.1,298.108,0.0
100.2,298.108,0.0
100.3,298.108,0.0
100.4,298.108,0.0
100.5,298.108,0.0
100.6,298.108,0.0
100.7,298.108,0.0
100.8,298.108,0.0
100.9,298.108,0.0
101.0,298.108,0.0
101.1,298.108,0.0
101.2,298.108,0.0
101.3,298.108,0.0
101.4,298.108,0.0
101.5,298.108,0.0
101.6,298.108,0.0
101.7,298.108,0.0
101.8,298.108,0.0
101.9,298.108,0.0
102.0,298.108,0.0
102.1,298.108,0.0
102.2,298.108,0.0
102.3,298.108,0.0
102.4,298.108,0.0
102.5,298.108,0.0
102.6,298.108,0.0
102.7,298.108,0.0
102.8,298.108,0.0
102.9,298.108,0.0
103.0,298.108,0.0
103.1,298.109,0.0
103.2,298.109,0.0
103.3,298.109,0.0
103.4,298.109,0.0
103.5,298.109,0.0
103.6,298.109,0.0
103.7,298.109,0.0
103.8,298.109,0.0
103.9,298.109,0.0
104.0,298.109,0.0
104.1,298.109,0.0
104.2,298.109,0.0
104.3,298.109,0.0
104.4,298.109,0.0
104.5,298.109,0.0
104.6,298.109,0.0
104.7,298.109,0.0
104.8,298.109,0.0
104.9,298.109,0.0
105.0,298.109,0.0
105.1,298.109,0.0
105.2,298.109,0.0
105.3,298.109,0.0
105.4,298.109,0.0
105.5,298.109,0.0
105.6,298.109,0.0
105.7,298.109,0.0
105.8,298.109,0.0
105.9,298.109,0.0
106.0,298.109,0.0
106.1,298.109,0.0
106.2,298.109,0.0
106.3,298.109,0.0
106.4,298.109,0.0
106.5,298.109,0.0
106.6,298.109,0.0
106.7,298.109,0.0
106.8,298.109,0.0
106.9,298.109,0.0
107.0,298.109,0.0
107.1,298.109,0.0
107.2,298.109,0.0
107.3,298.109,0.0
107.4,298.109,0.0
107.5,298.109,0.0
107.6,298.109,0.0
107.7,298.109,0.0
107.8,298.109,0.0
107.9,298.109,0.0
108.0,298.109,0.0
108.1,298.109,0.0
108.2,298.109,0.0
108.3,298.109,0.0
108.4,298.109,0.0
108.5,298.109,0.0
108.6,298.109,0.0
108.7,298.109,0.0
108.8,298.109,0.0
108.9,298.109,0.0
109.0,298.109,0.0
109.1,298.109,0.0
109.2,298.109,0.0
109.3,298.109,0.0
109.4,298.109,0.0
109.5,298.109,0.0
109.6,298.109,0.0
109.7,298.109,0.0
109.8,298.109,0.0
109.9,298.109,0.0
110.0,298.109,0.0
110.1,298.109,0.0
110.2,298.109,0.0
110.3,298.109,0.0
110.4,298.109,0.0
110.5,298.109,0.0
110.6,298.109,0.0
110.7,298.109,0.0
110.8,298.109,0.0
110.9,298.109,0.0
111.0,298.109,0.0
111.1,298.109,0.0
111.2,298.109,0.0
111.3,298.109,0.0
111.4,298.109,0.0
111.5,298.109,0.0
111.6,298.109,0.0
111.7,298.109,0.0
111.8,298.109,0.0
111.9,298.109,0.0
112.0,298.109,0.0
112.1,298.109,0.0
112.2,298.109,0.0
112.3,298.109,0.0
112.4,298.109,0.0
112.5,298.109,0.0
112.6,298.109,0.0
112.7,298.109,0.0
112.8,298.109,0.0
112.9,298.109,0.0
113.0,298.109,0.0
113.1,298.109,0.0
113.2,298.109,0.0
113.3,298.109,0.0
113.4,298.109,0.0
113.5,298.109,0.0
113.6,298.109,0.0
113.7,298.109,0.0
113.8,298.109,0.0
113.9,298.109,0.0
114.0,298.109,0.0
114.1,298.109,0.0
114.2,298.109,0.0
114.3,298.109,0.0
114.4,298.109,0.0
114.5,298.109,0.0
114.6,298.109,0.0
114.7,298.109,0.0
114.8,298.109,0.0
114.9,298.109,0.0
115.0,298.109,0.0
115.1,298.109,0.0
115.2,298.109,0.0
115.3,298.109,0.0
115.4,298.109,0.0
115.5,298.109,0.0
115.6,298.109,0.0
115.7,298.109,0.0
115.8,298.109,0.0
115.9,298.109,0.0
116.0,298.109,0.0
116.1,298.109,0.0
116.2,298.109,0.0
116.3,298.109,0.0
116.4,298.109,0.0
116.5,298.109,0.0
116.6,298.109,0.0
116.7,298.109,0.0
116.8,298.109,0.0
116.9,298.109,0.0
117.0,298.109,0.0
117.1,298.109,0.0
117.2,298.109,0.0
117.3,298.109,0.0
117.4,298.109,0.0
117.5,298.109,0.0
117.6,298.109,0.0
117.7,298.109,0.0
117.8,298.109,0.0
117.9,298.109,0.0
118.0,298.109,0.0
118.1,298.109,0.0
118.2,298.109,0.0
118.3,298.109,0.0
118.4,298.109,0.0
118.5,298.109,0.0
118.6,298.109,0.0
118.7,298.109,0.0
118.8,298.109,0.0
118.9,298.109,0.0
119.0,298.109,0.0
119.1,298.109,0.0
119.2,298.109,0.0
119.3,298.109,0.0
119.4,298.109,0.0
119.5,298.109,0.0
119.6,298.109,0.0
119.7,298.109,0.0
119.8,298.109,0.0
119.9,298.109,0.0
120.0,298.109,0.0
120.1,298.109,0.0
120.2,298.109,0.0
120.3,298.109,0.0
120.4,298.109,0.0
120.5,298.109,0.0
120.6,298.109,0.0
120.7,298.109,0.0
120.8,298.109,0.0
120.9,298.109,0.0
121.0,298.109,0.0
121.1,298.109,0.0
121.2,298.109,0.0
121.3,298.109,0.0
121.4,298.109,0.0
121.5,298.109,0.0
121.6,298.109,0.0
121.7,298.109,0.0
121.8,298.109,0.0
121.9,298.109,0.0
122.0,298.109,0.0
122.1,298.109,0.0
122.2,298.109,0.0
122.3,298.109,0.0
122.4,298.109,0.0
122.5,298.109,0.0
122.6,298.109,0.0
122.7,298.109,0.0
122.8,298.109,0.0
122.9,298.109,0.0
123.0,298.109,0.0
123.1,298.109,0.0
123.2,298.109,0.0
123.3,298.109,0.0
123.4,298.109,0.0
123.5,298.109,0.0
123.6,298.109,0.0
123.7,298.109,0.0
123.8,298.109,0.0
123.9,298.109,0.0
124.0,298.109,0.0
124.1,298.109,0.0
124.2,298.109,0.0
124.3,298.109,0.0
124.4,298.109,0.0
124.5,298.109,0.0
124.6,298.109,0.0
124.7,298.109,0.0
124.8,298.109,0.0
124.9,298.109,0.0
125.0,298.109,0.0
125.1,298.109,0.0
125.2,298.109,0.0
125.3,298.109,0.0
125.4,298.109,0.0
125.5,298.109,0.0
125.6,298.109,0.0
125.7,298.109,0.0
125.8,298.109,0.0
125.9,298.109,0.0
126.0,298.109,0.0
126.1,298.109,0.0
126.2,298.109,0.0
126.3,298.109,0.0
126.4,298.109,0.0
126.5,298.109,0.0
126.6,298.109,0.0
126.7,298.109,0.0
126.8,298.109,0.0
126.9,298.109,0.0
127.0,298.109,0.0
127.1,298.109,0.0
127.2,298.109,0.0
127.3,298.109,0.0
127.4,298.109,0.0
127.5,298.109,0.0
127.6,298.109,0.0
127.7,298.109,0.0
127.8,298.109,0.0
127.9,298.109,0.0
128.0,298.109,0.0
128.1,298.109,0.0
128.2,298.109,0.0
128.3,298.109,0.0
128.4,298.109,0.0
128.5,298.109,0.0
128.6,298.109,0.0
128.7,298.109,0.0
128.8,298.109,0.0
128.9,298.109,0.0
129.0,298.109,0.0
129.1,298.109,0.0
129.2,298.109,0.0
129.3,298.109,0.0
129.4,298.109,0.0
129.5,298.109,0.0
129.6,298.109,0.0
129.7,298.109,0.0
129.8,298.109,0.0
129.9,298.109,0.0
130.0,298.109,0.0
130.1,298.109,0.0
130.2,298.109,0.0
130.3,298.109,0.0
130.4,298.109,0.0
130.5,298.109,0.0
130.6,298.109,0.0
130.7,298.109,0.0
130.8,298.109,0.0
130.9,298.109,0.0
131.0,298.11,0.0
131.1,298.11,0.0
131.2,298.11,0.0
131.3,298.11,0.0
131.4,298.11,0.0
131.5,298.11,0.0
131.6,298.11,0.0
131.7,298.11,0.0
131.8,298.11,0.0
131.9,298.11,0.0
132.0,298.11,0.0
132.1,298.11,0.0
132.2,298.11,0.0
132.3,298.11,0.0
132.4,298.11,0.0
132.5,298.11,0.0
132.6,298.11,0.0
132.7,298.11,0.0
132.8,298.11,0.0
132.9,298.11,0.0
133.0,298.11,0.0
133.1,298.11,0.0
133.2,298.11,0.0
133.3,298.11,0.0
133.4,298.11,0.0
133.5,298.11,0.0
133.6,298.11,0.0
133.7,298.11,0.0
133.8,298.11,0.0
133.9,298.11,0.0
134.0,298.11,0.0
134.1,298.11,0.0
134.2,298.11,0.0
134.3,298.11,0.0
134.4,298.11,0.0
134.5,298.11,0.0
134.6,298.11,0.0
134.7,298.11,0.0
134.8,298.11,0.0
134.9,298.11,0.0
135.0,298.11,0.0
135.1,298.11,0.0
135.2,298.11,0.0
135.3,298.11,0.0
135.4,298.11,0.0
135.5,298.11,0.0
135.6,298.11,0.0
135.7,298.11,0.0
135.8,298.11,0.0
135.9,298.11,0.0
136.0,298.11,0.0
136.1,298.11,0.0
136.2,298.11,0.0
136.3,298.11,0.0
136.4,298.11,0.0
136.5,298.11,0.0
136.6,298.11,0.0
136.7,298.11,0.0
136.8,298.11,0.0
136.9,298.11,0.0
137.0,298.11,0.0
137.1,298.11,-0.000105
137.2,298.11,-0.00021
137.3,298.11,-0.000314
137.4,298.11,-0.000418
137.5,298.11,-0.000523
137.6,298.11,-0.000628
137.7,298.11,-0.000733
137.8,298.11,-0.000838
137.9,298.11,-0.000943
138.0,298.11,-0.001049
138.1,298.11,-0.003024
138.2,298.11,-0.004977
138.3,298.11,-0.006908
138.4,298.11,-0.008815
138.5,298.11,-0.010699
138.6,298.11,-0.012559
138.7,298.11,-0.014395
138.8,298.11,-0.016206
138.9,298.11,-0.017993
139.0,298.11,-0.019775
139.1,298.11,-0.025522
139.2,298.11,-0.031024
139.3,298.109,-0.036257
139.4,298.109,-0.041218
139.5,298.109,-0.045903
139.6,298.109,-0.050311
139.7,298.109,-0.054437
139.8,298.109,-0.05828
139.9,298.109,-0.061808
140.0,298.109,-0.065016
140.1,298.109,-0.067577
140.2,298.109,-0.06984
140.3,298.109,-0.071894
140.4,298.108,-0.073739
140.5,298.108,-0.075373
140.6,298.108,-0.076796
140.7,298.108,-0.078006
140.8,298.108,-0.079002
140.9,298.108,-0.079783
141.0,298.108,-0.080253
141.1,298.108,-0.07949
141.2,298.107,-0.078628
141.3,298.107,-0.077762
141.4,298.107,-0.076888
141.5,298.107,-0.076006
141.6,298.107,-0.075111
141.7,298.107,-0.074201
141.8,298.107,-0.073274
141.9,298.107,-0.072328
142.0,298.106,-0.071276
142.1,298.106,-0.069686
142.2,298.106,-0.0679
142.3,298.106,-0.066001
142.4,298.106,-0.063986
142.5,298.106,-0.06185
142.6,298.106,-0.059592
142.7,298.106,-0.057208
142.8,298.106,-0.054694
142.9,298.106,-0.05205
143.0,298.105,-0.049391
143.1,298.105,-0.049234
143.2,298.105,-0.049195
143.3,298.105,-0.049154
143.4,298.105,-0.04911
143.5,298.105,-0.049064
143.6,298.105,-0.049016
143.7,298.105,-0.048967
143.8,298.105,-0.048915
143.9,298.105,-0.048863
144.0,298.105,-0.048898
144.1,298.105,-0.052121
144.2,298.104,-0.055224
144.3,298.104,-0.058116
144.4,298.104,-0.060792
144.5,298.104,-0.063251
144.6,298.104,-0.065489
144.7,298.104,-0.067506
144.8,298.104,-0.069287
144.9,298.104,-0.070832
145.0,298.104,-0.072154
145.1,298.103,-0.073038
145.2,298.103,-0.073727
145.3,298.103,-0.074271
145.4,298.103,-0.074669
145.5,298.103,-0.07492
145.6,298.103,-0.075023
145.7,298.103,-0.074979
145.8,298.103,-0.074785
145.9,298.103,-0.074442
146.0,298.102,-0.073962
146.1,298.102,-0.073534
146.2,298.102,-0.073128
146.3,298.102,-0.072733
146.4,298.102,-0.072348
146.5,298.102,-0.071973
146.6,298.102,-0.071606
146.7,298.102,-0.071247
146.8,298.101,-0.070897
146.9,298.101,-0.070553
147.0,298.101,-0.070224
147.1,298.101,-0.070136
147.2,298.101,-0.070021
147.3,298.101,-0.069869
147.4,298.101,-0.069678
147.5,298.101,-0.069444
147.6,298.101,-0.069166
147.7,298.1,-0.068839
147.8,298.1,-0.068464
147.9,298.1,-0.068036
148.0,298.1,-0.067505
148.1,298.1,-0.066745
148.2,298.1,-0.06579
148.3,298.1,-0.064686
148.4,298.1,-0.063431
148.5,298.1,-0.062021
148.6,298.099,-0.060453
148.7,298.099,-0.058724
148.8,298.099,-0.056832
148.9,298.099,-0.054775
149.0,298.099,-0.052456
149.1,298.099,-0.049466
149.2,298.099,-0.046106
149.3,298.099,-0.042468
149.4,298.099,-0.038547
149.5,298.099,-0.034341
149.6,298.099,-0.029847
149.7,298.099,-0.025061
149.8,298.099,-0.01998
149.9,298.099,-0.014603
150.0,298.098,-0.00895
150.1,298.098,-0.00808
150.2,298.098,-0.007223
150.3,298.098,-0.006355
150.4,298.098,-0.005477
150.5,298.098,-0.004588
150.6,298.098,-0.003689
150.7,298.098,-0.00278
150.8,298.098,-0.001862
150.9,298.098,-0.000934
151.0,298.098,-0.0
151.1,298.098,0.0
151.2,298.098,0.0
151.3,298.098,0.0
151.4,298.098,0.0
151.5,298.098,0.0
151.6,298.098,0.0
151.7,298.098,0.0
151.8,298.098,0.0
151.9,298.098,0.0
152.0,298.098,0.0
152.1,298.099,0.0
152.2,298.099,0.0
152.3,298.099,0.0
152.4,298.099,0.0
152.5,298.099,0.0
152.6,298.099,0.0
152.7,298.099,0.0
152.8,298.099,0.0
152.9,298.099,0.0
153.0,298.099,0.0
153.1,298.099,0.0
153.2,298.099,0.0
153.3,298.099,0.0
153.4,298.099,0.0
153.5,298.099,0.0
153.6,298.099,0.0
153.7,298.099,0.0
153.8,298.099,0.0
153.9,298.099,0.0
154.0,298.099,0.0
154.1,298.099,0.0
154.2,298.099,0.0
154.3,298.099,0.0
154.4,298.099,0.0
154.5,298.099,0.0
154.6,298.099,0.0
154.7,298.099,0.0
154.8,298.099,0.0
154.9,298.099,0.0
155.0,298.099,0.0
155.1,298.099,-0.002672
155.2,298.099,-0.005303
155.3,298.099,-0.007888
155.4,298.099,-0.010428
155.5,298.099,-0.01292
155.6,298.099,-0.015365
155.7,298.099,-0.017762
155.8,298.099,-0.02011
155.9,298.099,-0.022409
156.0,298.098,-0.024658
156.1,298.098,-0.026888
156.2,298.098,-0.029067
156.3,298.098,-0.031193
156.4,298.098,-0.033265
156.5,298.098,-0.035285
156.6,298.098,-0.03725
156.7,298.098,-0.039161
156.8,298.098,-0.041017
156.9,298.098,-0.042818
157.0,298.098,-0.044662
157.1,298.098,-0.048163
157.2,298.098,-0.051526
157.3,298.098,-0.054651
157.4,298.098,-0.057536
157.5,298.098,-0.060178
157.6,298.097,-0.062577
157.7,298.097,-0.064729
157.8,298.097,-0.066634
157.9,298.097,-0.06829
158.0,298.097,-0.069682
158.1,298.097,-0.069884
158.2,298.097,-0.07005
158.3,298.097,-0.070191
158.4,298.097,-0.070308
158.5,298.096,-0.070401
158.6,298.096,-0.070469
158.7,298.096,-0.070512
158.8,298.096,-0.07053
158.9,298.096,-0.070523
159.0,298.096,-0.070546
159.1,298.096,-0.070689
159.2,298.096,-0.070754
159.3,298.096,-0.070685
159.4,298.095,-0.070481
159.5,298.095,-0.070141
159.6,298.095,-0.069665
159.7,298.095,-0.069052
159.8,298.095,-0.068303
159.9,298.095,-0.067416
160.0,298.095,-0.066408
160.1,298.095,-0.066426
160.2,298.095,-0.066442
160.3,298.094,-0.066433
160.4,298.094,-0.066398
160.5,298.094,-0.066333
160.6,298.094,-0.066233
160.7,298.094,-0.066096
160.8,298.094,-0.065919
160.9,298.094,-0.065699
161.0,298.094,-0.065445
161.1,298.094,-0.065358
161.2,298.093,-0.065264
161.3,298.093,-0.065151
161.4,298.093,-0.065018
161.5,298.093,-0.064866
161.6,298.093,-0.064694
161.7,298.093,-0.064504
161.8,298.093,-0.064294
161.9,298.093,-0.064065
162.0,298.093,-0.063818
162.1,298.092,-0.06362
162.2,298.092,-0.063427
162.3,298.092,-0.063237
162.4,298.092,-0.063048
162.5,298.092,-0.062862
162.6,298.092,-0.062677
162.7,298.092,-0.062499
162.8,298.092,-0.062329
162.9,298.092,-0.062161
163.0,298.092,-0.061996
163.1,298.091,-0.061856
163.2,298.091,-0.061754
163.3,298.091,-0.061655
163.4,298.091,-0.06156
163.5,298.091,-0.061469
163.6,298.091,-0.06138
163.7,298.091,-0.061293
163.8,298.091,-0.061209
163.9,298.091,-0.061126
164.0,298.091,-0.061047
164.1,298.09,-0.061009
164.2,298.09,-0.060924
164.3,298.09,-0.060787
164.4,298.09,-0.060599
164.5,298.09,-0.060356
164.6,298.09,-0.060057
164.7,298.09,-0.0597
164.8,298.09,-0.059285
164.9,298.09,-0.05881
165.0,298.09,-0.058313
165.1,298.09,-0.05851
165.2,298.089,-0.058729
165.3,298.089,-0.05893
165.4,298.089,-0.059114
165.5,298.089,-0.05928
165.6,298.089,-0.05943
165.7,298.089,-0.059562
165.8,298.089,-0.059678
165.9,298.089,-0.059777
166.0,298.089,-0.059867
166.1,298.089,-0.060384
166.2,298.088,-0.060529
166.3,298.088,-0.060294
166.4,298.088,-0.059669
166.5,298.088,-0.058648
166.6,298.088,-0.057227
166.7,298.088,-0.055401
166.8,298.088,-0.053166
166.9,298.088,-0.050521
167.0,298.088,-0.047569
167.1,298.088,-0.046338
167.2,298.088,-0.045321
167.3,298.088,-0.04425
167.4,298.087,-0.043146
167.5,298.087,-0.042029
167.6,298.087,-0.040897
167.7,298.087,-0.039751
167.8,298.087,-0.038591
167.9,298.087,-0.037391
168.0,298.087,-0.036511
168.1,298.087,-0.03972
168.2,298.087,-0.042983
168.3,298.087,-0.045854
168.4,298.087,-0.048317
168.5,298.087,-0.050338
168.6,298.087,-0.051944
168.7,298.087,-0.053126
168.8,298.086,-0.053873
168.9,298.086,-0.054177
169.0,298.086,-0.054016
169.1,298.086,-0.053074
169.2,298.086,-0.051253
169.3,298.086,-0.04856
169.4,298.086,-0.044981
169.5,298.086,-0.040502
169.6,298.086,-0.035113
169.7,298.086,-0.028806
169.8,298.086,-0.02158
169.9,298.086,-0.013416
170.0,298.086,-0.004297
170.1,298.086,-0.003882
170.2,298.086,-0.003472
170.3,298.086,-0.003055
170.4,298.086,-0.002633
170.5,298.086,-0.002206
170.6,298.086,-0.001772
170.7,298.086,-0.001334
170.8,298.086,-0.000892
170.9,298.086,-0.000447
171.0,298.086,-0.0
171.1,298.086,0.0
171.2,298.086,0.0
171.3,298.086,0.0
171.4,298.086,0.0
171.5,298.086,0.0
171.6,298.086,0.0
171.7,298.086,0.0
171.8,298.086,0.0
171.9,298.086,0.0
172.0,298.086,0.0
172.1,298.086,0.0
172.2,298.086,0.0
172.3,298.086,0.0
172.4,298.086,0.0
172.5,298.086,0.0
172.6,298.086,0.0
172.7,298.086,0.0
172.8,298.086,0.0
172.9,298.086,0.0
173.0,298.086,0.0
173.1,298.086,0.0
173.2,298.086,0.0
173.3,298.086,0.0
173.4,298.086,0.0
173.5,298.086,0.0
173.6,298.086,0.0
173.7,298.086,0.0
173.8,298.086,0.0
173.9,298.086,0.0
174.0,298.086,0.0
174.1,298.086,-0.001519
174.2,298.086,-0.003028
174.3,298.086,-0.004522
174.4,298.086,-0.005999
174.5,298.086,-0.00746
174.6,298.086,-0.008905
174.7,298.086,-0.010332
174.8,298.086,-0.011742
174.9,298.086,-0.013135
175.0,298.086,-0.014546
175.1,298.086,-0.019084
175.2,298.086,-0.023449
175.3,298.086,-0.027601
175.4,298.086,-0.031537
175.5,298.086,-0.035255
175.6,298.086,-0.038752
175.7,298.086,-0.042025
175.8,298.086,-0.045072
175.9,298.085,-0.04789
176.0,298.085,-0.050569
176.1,298.085,-0.053275
176.2,298.085,-0.055747
176.3,298.085,-0.057891
176.4,298.085,-0.059704
176.5,298.085,-0.061185
176.6,298.085,-0.062331
176.7,298.085,-0.06314
176.8,298.085,-0.063609
176.9,298.085,-0.063737
177.0,298.084,-0.063521
177.1,298.084,-0.063102
177.2,298.084,-0.062692
177.3,298.084,-0.062292
177.4,298.084,-0.0619
177.5,298.084,-0.06152
177.6,298.084,-0.061148
177.7,298.084,-0.060779
177.8,298.084,-0.060409
177.9,298.084,-0.060037
178.0,298.083,-0.059584
178.1,298.083,-0.058765
178.2,298.083,-0.057706
178.3,298.083,-0.056453
178.4,298.083,-0.054984
178.5,298.083,-0.053313
178.6,298.083,-0.051435
178.7,298.083,-0.049372
178.8,298.083,-0.047099
178.9,298.083,-0.044627
179.0,298.083,-0.042056
179.1,298.083,-0.040481
179.2,298.082,-0.038832
179.3,298.082,-0.037139
179.4,298.082,-0.035395
179.5,298.082,-0.033583
179.6,298.082,-0.031699
179.7,298.082,-0.029744
179.8,298.082,-0.027718
179.9,298.082,-0.02561
180.0,298.082,-0.023492
180.1,298.082,-0.022507
180.2,298.082,-0.021577
180.3,298.082,-0.020631
180.4,298.082,-0.019669
180.5,298.082,-0.018688
180.6,298.082,-0.01769
180.7,298.082,-0.016677
180.8,298.082,-0.015648
180.9,298.082,-0.014604
181.0,298.082,-0.013518
181.1,298.082,-0.012293
181.2,298.082,-0.011008
181.3,298.082,-0.009702
181.4,298.082,-0.00837
181.5,298.082,-0.007018
181.6,298.082,-0.005654
181.7,298.082,-0.004271
181.8,298.082,-0.002867
181.9,298.082,-0.001443
182.0,298.082,-0.0
182.1,298.082,0.0
182.2,298.082,0.0
182.3,298.082,0.0
182.4,298.082,0.0
182.5,298.082,0.0
182.6,298.082,0.0
182.7,298.082,0.0
182.8,298.082,0.0
182.9,298.082,0.0
183.0,298.082,0.0
183.1,298.082,0.0
183.2,298.082,0.0
183.3,298.082,0.0
183.4,298.082,0.0
183.5,298.082,0.0
183.6,298.082,0.0
183.7,298.082,0.0
183.8,298.082,0.0
183.9,298.082,0.0
184.0,298.082,0.0
184.1,298.082,0.0
184.2,298.082,0.0
184.3,298.082,0.0
184.4,298.082,0.0
184.5,298.082,0.0
184.6,298.082,0.0
184.7,298.082,0.0
184.8,298.082,0.0
184.9,298.082,0.0
185.0,298.082,0.0
185.1,298.082,0.0
185.2,298.082,0.0
185.3,298.082,0.0
185.4,298.082,0.0
185.5,298.082,0.0
185.6,298.082,0.0
185.7,298.082,0.0
185.8,298.082,0.0
185.9,298.082,0.0
186.0,298.082,0.0
186.1,298.082,0.0
186.2,298.082,0.0
186.3,298.082,0.0
186.4,298.082,0.0
186.5,298.082,0.0
186.6,298.082,0.0
186.7,298.082,0.0
186.8,298.082,0.0
186.9,298.082,0.0
187.0,298.082,0.0
187.1,298.082,0.0
187.2,298.082,0.0
187.3,298.082,0.0
187.4,298.082,0.0
187.5,298.082,0.0
187.6,298.082,0.0
187.7,298.082,0.0
187.8,298.082,0.0
187.9,298.082,0.0
188.0,298.082,0.0
188.1,298.082,0.0
188.2,298.082,0.0
188.3,298.082,0.0
188.4,298.082,0.0
188.5,298.082,0.0
188.6,298.082,0.0
188.7,298.082,0.0
188.8,298.082,0.0
188.9,298.082,0.0
189.0,298.082,0.0
189.1,298.082,0.0
189.2,298.082,0.0
189.3,298.082,0.0
189.4,298.082,0.0
189.5,298.082,0.0
189.6,298.082,0.0
189.7,298.082,0.0
189.8,298.082,0.0
189.9,298.082,0.0
190.0,298.082,0.0
190.1,298.082,0.0
190.2,298.082,0.0
190.3,298.082,0.0
190.4,298.082,0.0
190.5,298.082,0.0
190.6,298.082,0.0
190.7,298.082,0.0
190.8,298.082,0.0
190.9,298.082,0.0
191.0,298.082,0.0
191.1,298.082,0.0
191.2,298.082,0.0
191.3,298.082,0.0
191.4,298.082,0.0
191.5,298.082,0.0
191.6,298.082,0.0
191.7,298.082,0.0
191.8,298.082,0.0
191.9,298.082,0.0
192.0,298.082,0.0
192.1,298.082,-0.000227
192.2,298.082,-0.000451
192.3,298.082,-0.000677
192.4,298.082,-0.000904
192.5,298.082,-0.00113
192.6,298.082,-0.001357
192.7,298.082,-0.001583
192.8,298.082,-0.001809
192.9,298.082,-0.002035
193.0,298.082,-0.002261
193.1,298.082,-0.002522
193.2,298.082,-0.002783
193.3,298.082,-0.003045
193.4,298.082,-0.003306
193.5,298.082,-0.003567
193.6,298.082,-0.003827
193.7,298.082,-0.004087
193.8,298.082,-0.004346
193.9,298.082,-0.004605
194.0,298.082,-0.004879
194.1,298.082,-0.00536
194.2,298.082,-0.005855
194.3,298.082,-0.006348
194.4,298.082,-0.006839
194.5,298.082,-0.007329
194.6,298.082,-0.007816
194.7,298.082,-0.008302
194.8,298.082,-0.008786
194.9,298.082,-0.009268
195.0,298.082,-0.009722
195.1,298.082,-0.009748
195.2,298.082,-0.009748
195.3,298.082,-0.009748
195.4,298.082,-0.009749
195.5,298.082,-0.009749
195.6,298.082,-0.00975
195.7,298.082,-0.00975
195.8,298.082,-0.009751
195.9,298.082,-0.009751
196.0,298.082,-0.009752
196.1,298.082,-0.009753
196.2,298.082,-0.009754
196.3,298.082,-0.009754
196.4,298.082,-0.009755
196.5,298.082,-0.009756
196.6,298.082,-0.009757
196.7,298.082,-0.009758
196.8,298.082,-0.009759
196.9,298.082,-0.00976
197.0,298.082,-0.009789
197.1,298.082,-0.010983
197.2,298.082,-0.012192
197.3,298.082,-0.013388
197.4,298.082,-0.014573
197.5,298.082,-0.015744
197.6,298.082,-0.016903
197.7,298.082,-0.01805
197.8,298.082,-0.019183
197.9,298.082,-0.020303
198.0,298.082,-0.021376
198.1,298.082,-0.021497
198.2,298.082,-0.021588
198.3,298.082,-0.021678
198.4,298.082,-0.021768
198.5,298.082,-0.021858
198.6,298.082,-0.021948
198.7,298.082,-0.022038
198.8,298.082,-0.022129
198.9,298.082,-0.022219
199.0,298.082,-0.022368
199.1,298.082,-0.023544
199.2,298.082,-0.024785
199.3,298.082,-0.026008
199.4,298.081,-0.027213
199.5,298.081,-0.028398
199.6,298.081,-0.029566
199.7,298.081,-0.030715
199.8,298.081,-0.031845
199.9,298.081,-0.032957
200.0,298.081,-0.034003
200.1,298.081,-0.03427
200.2,298.081,-0.034477
200.3,298.081,-0.034684
200.4,298.081,-0.03489
200.5,298.081,-0.035095
200.6,298.081,-0.035299
200.7,298.081,-0.035503
200.8,298.081,-0.035706
200.9,298.081,-0.03592
201.0,298.081,-0.036151
201.1,298.081,-0.037458
201.2,298.081,-0.038767
201.3,298.08,-0.040045
201.4,298.08,-0.041277
201.5,298.08,-0.042452
201.6,298.08,-0.043597
201.7,298.08,-0.044712
201.8,298.08,-0.045797
201.9,298.08,-0.046949
202.0,298.08,-0.048194
202.1,298.08,-0.050263
202.2,298.08,-0.052345
202.3,298.08,-0.054322
202.4,298.08,-0.056154
202.5,298.08,-0.05784
202.6,298.08,-0.059378
202.7,298.079,-0.060775
202.8,298.079,-0.06202
202.9,298.079,-0.063114
203.0,298.079,-0.064061
203.1,298.079,-0.06399
203.2,298.079,-0.06384
203.3,298.079,-0.063695
203.4,298.079,-0.063609
203.5,298.079,-0.063526
203.6,298.079,-0.063445
203.7,298.078,-0.063365
203.8,298.078,-0.063297
203.9,298.078,-0.063241
204.0,298.078,-0.063185
204.1,298.078,-0.063564
204.2,298.078,-0.06392
204.3,298.078,-0.064187
204.4,298.078,-0.064365
204.5,298.078,-0.064452
204.6,298.077,-0.064448
204.7,298.077,-0.064354
204.8,298.077,-0.064169
204.9,298.077,-0.063891
205.0,298.077,-0.063509
205.1,298.077,-0.06298
205.2,298.077,-0.062268
205.3,298.077,-0.061384
205.4,298.077,-0.060328
205.5,298.077,-0.059098
205.6,298.076,-0.057695
205.7,298.076,-0.056117
205.8,298.076,-0.054364
205.9,298.076,-0.052435
206.0,298.076,-0.050527
206.1,298.076,-0.049679
206.2,298.076,-0.049039
206.3,298.076,-0.048414
206.4,298.076,-0.047803
206.5,298.076,-0.047204
206.6,298.076,-0.046617
206.7,298.076,-0.046049
206.8,298.076,-0.045497
206.9,298.075,-0.044954
207.0,298.075,-0.044421
207.1,298.075,-0.043899
207.2,298.075,-0.043398
207.3,298.075,-0.042921
207.4,298.075,-0.042454
207.5,298.075,-0.041994
207.6,298.075,-0.041542
207.7,298.075,-0.041097
207.8,298.075,-0.040659
207.9,298.075,-0.040227
208.0,298.075,-0.039629
208.1,298.075,-0.035986
208.2,298.075,-0.031724
208.3,298.075,-0.027011
208.4,298.075,-0.021842
208.5,298.075,-0.016216
208.6,298.074,-0.010131
208.7,298.074,-0.003582
208.8,298.074,0.003431
208.9,298.074,0.010911
209.0,298.075,0.018378
209.1,298.075,0.016063
209.2,298.075,0.013277
209.3,298.075,0.010501
209.4,298.075,0.007744
209.5,298.075,0.00501
209.6,298.075,0.002305
209.7,298.075,-0.000356
209.8,298.075,-0.002954
209.9,298.075,-0.00551
210.0,298.075,-0.008018
210.1,298.075,-0.010043
210.2,298.075,-0.011945
210.3,298.075,-0.013815
210.4,298.075,-0.015652
210.5,298.075,-0.017454
210.6,298.075,-0.019218
210.7,298.075,-0.020942
210.8,298.075,-0.022603
210.9,298.075,-0.024083
211.0,298.074,-0.025527
211.1,298.074,-0.026934
211.2,298.074,-0.028062
211.3,298.074,-0.029133
211.4,298.074,-0.030177
211.5,298.074,-0.031196
211.6,298.074,-0.032187
211.7,298.074,-0.03315
211.8,298.074,-0.034086
211.9,298.074,-0.034979
212.0,298.074,-0.035707
212.1,298.074,-0.036248
212.2,298.074,-0.036621
212.3,298.074,-0.036985
212.4,298.074,-0.037341
212.5,298.074,-0.037688
212.6,298.074,-0.038027
212.7,298.074,-0.038359
212.8,298.074,-0.038682
212.9,298.074,-0.038998
213.0,298.073,-0.039139
213.1,298.073,-0.037951
213.2,298.073,-0.03644
213.3,298.073,-0.034768
213.4,298.073,-0.032936
213.5,298.073,-0.030942
213.6,298.073,-0.028785
213.7,298.073,-0.026465
213.8,298.073,-0.023981
213.9,298.073,-0.021333
214.0,298.073,-0.018512
214.1,298.073,-0.015223
214.2,298.073,-0.011733
214.3,298.073,-0.008039
214.4,298.073,-0.004139
214.5,298.073,-3.5e-05
214.6,298.073,0.004273
214.7,298.073,0.008786
214.8,298.073,0.013393
214.9,298.073,0.018094
215.0,298.073,0.022983
215.1,298.073,0.027581
215.2,298.073,0.031724
215.3,298.073,0.035978
215.4,298.073,0.040344
215.5,298.073,0.044821
215.6,298.073,0.04941
215.7,298.074,0.054111
215.8,298.074,0.058925
215.9,298.074,0.06385
216.0,298.074,0.068402
216.1,298.074,0.069448
216.2,298.074,0.06998
216.3,298.074,0.070481
216.4,298.074,0.070952
216.5,298.074,0.071396
216.6,298.075,0.071813
216.7,298.075,0.072206
216.8,298.075,0.072575
216.9,298.075,0.072922
217.0,298.075,0.072657
217.1,298.075,0.071833
217.2,298.075,0.070494
217.3,298.076,0.06909
217.4,298.076,0.067669
217.5,298.076,0.066232
217.6,298.076,0.064752
217.7,298.076,0.06295
217.8,298.076,0.061141
217.9,298.076,0.059327
218.0,298.076,0.05751
218.1,298.076,0.055664
218.2,298.077,0.052505
218.3,298.077,0.049375
218.4,298.077,0.046278
218.5,298.077,0.043215
218.6,298.077,0.040189
218.7,298.077,0.037202
218.8,298.077,0.034436
218.9,298.077,0.031724
219.0,298.077,0.02905
219.1,298.077,0.026416
219.2,298.077,0.024076
219.3,298.077,0.021905
219.4,298.077,0.019764
219.5,298.077,0.017656
219.6,298.077,0.015579
219.7,298.077,0.013536
219.8,298.078,0.011527
219.9,298.078,0.009426
220.0,298.078,0.00707
220.1,298.078,0.0038
220.2,298.078,0.000153
220.3,298.078,-0.003333
220.4,298.078,-0.006655
220.5,298.078,-0.00981
220.6,298.078,-0.012795
220.7,298.078,-0.015608
220.8,298.078,-0.018245
220.9,298.078,-0.020704
221.0,298.078,-0.022804
221.1,298.077,-0.023102
221.2,298.077,-0.023206
221.3,298.077,-0.023294
221.4,298.077,-0.023367
221.5,298.077,-0.023426
221.6,298.077,-0.023471
221.7,298.077,-0.023503
221.8,298.077,-0.023522
221.9,298.077,-0.02353
222.0,298.077,-0.023623
222.1,298.077,-0.023972
222.2,298.077,-0.024404
222.3,298.077,-0.024828
222.4,298.077,-0.025243
222.5,298.077,-0.025649
222.6,298.077,-0.026046
222.7,298.077,-0.026435
222.8,298.077,-0.026815
222.9,298.077,-0.027168
223.0,298.077,-0.02737
223.1,298.077,-0.027168
223.2,298.077,-0.026761
223.3,298.077,-0.026329
223.4,298.077,-0.025871
223.5,298.077,-0.02539
223.6,298.077,-0.024884
223.7,298.077,-0.024354
223.8,298.077,-0.023773
223.9,298.077,-0.023132
224.0,298.076,-0.022464
224.1,298.076,-0.021461
224.2,298.076,-0.020237
224.3,298.076,-0.018948
224.4,298.076,-0.017592
224.5,298.076,-0.016171
224.6,298.076,-0.014684
224.7,298.076,-0.013132
224.8,298.076,-0.011513
224.9,298.076,-0.009841
225.0,298.076,-0.008162
225.1,298.076,-0.008352
225.2,298.076,-0.008633
225.3,298.076,-0.008923
225.4,298.076,-0.009221
225.5,298.076,-0.009527
225.6,298.076,-0.00984
225.7,298.076,-0.010159
225.8,298.076,-0.010483
225.9,298.076,-0.010813
226.0,298.076,-0.011065
226.1,298.076,-0.010856
226.2,298.076,-0.010565
226.3,298.076,-0.010273
226.4,298.076,-0.009979
226.5,298.076,-0.009683
226.6,298.076,-0.009385
226.7,298.076,-0.009086
226.8,298.076,-0.008785
226.9,298.076,-0.008483
227.0,298.076,-0.008453
227.1,298.076,-0.00858
227.2,298.076,-0.008981
227.3,298.076,-0.009385
227.4,298.076,-0.009792
227.5,298.076,-0.010201
227.6,298.076,-0.010612
227.7,298.076,-0.011024
227.8,298.076,-0.011444
227.9,298.076,-0.011885
228.0,298.076,-0.012326
228.1,298.076,-0.012767
228.2,298.076,-0.013207
228.3,298.076,-0.013646
228.4,298.076,-0.014084
228.5,298.076,-0.014525
228.6,298.076,-0.014972
228.7,298.076,-0.015417
228.8,298.076,-0.01586
228.9,298.076,-0.016302
229.0,298.076,-0.016743
229.1,298.076,-0.018294
229.2,298.076,-0.019784
229.3,298.076,-0.021205
229.4,298.076,-0.022556
229.5,298.076,-0.023834
229.6,298.076,-0.025039
229.7,298.076,-0.026167
229.8,298.076,-0.027218
229.9,298.076,-0.028191
230.0,298.075,-0.029103
230.1,298.075,-0.029938
230.2,298.075,-0.030684
230.3,298.075,-0.031338
230.4,298.075,-0.031902
230.5,298.075,-0.032373
230.6,298.075,-0.032748
230.7,298.075,-0.033027
230.8,298.075,-0.033208
230.9,298.075,-0.03329
231.0,298.075,-0.033261
231.1,298.075,-0.032605
231.2,298.075,-0.031366
231.3,298.075,-0.029546
231.4,298.075,-0.027139
231.5,298.075,-0.024138
231.6,298.075,-0.020535
231.7,298.075,-0.016325
231.8,298.075,-0.011501
231.9,298.075,-0.006058
232.0,298.075,-0.0
232.1,298.075,0.0
232.2,298.075,0.0
232.3,298.075,0.0
232.4,298.075,0.0
232.5,298.075,0.0
232.6,298.075,0.0
232.7,298.075,0.0
232.8,298.075,0.0
232.9,298.075,0.0
233.0,298.075,0.0
233.1,298.075,0.0
233.2,298.075,0.0
233.3,298.075,0.0
233.4,298.075,0.0
233.5,298.075,0.0
233.6,298.075,0.0
233.7,298.075,0.0
233.8,298.075,0.0
233.9,298.075,0.0
234.0,298.075,0.0
234.1,298.075,0.0
234.2,298.075,0.0
234.3,298.075,0.0
234.4,298.075,0.0
234.5,298.075,0.0
234.6,298.075,0.0
234.7,298.075,0.0
234.8,298.075,0.0
234.9,298.075,0.0
235.0,298.075,0.0
235.1,298.075,-0.002329
235.2,298.075,-0.004612
235.3,298.075,-0.006837
235.4,298.075,-0.009002
235.5,298.075,-0.011106
235.6,298.075,-0.013148
235.7,298.075,-0.015127
235.8,298.075,-0.017042
235.9,298.075,-0.018893
236.0,298.075,-0.020645
236.1,298.075,-0.019338
236.2,298.075,-0.017964
236.3,298.075,-0.016555
236.4,298.075,-0.015109
236.5,298.075,-0.013626
236.6,298.075,-0.012106
236.7,298.075,-0.010547
236.8,298.075,-0.008949
236.9,298.075,-0.007311
237.0,298.075,-0.005634
237.1,298.075,-0.005093
237.2,298.075,-0.004547
237.3,298.075,-0.003997
237.4,298.075,-0.00344
237.5,298.075,-0.002879
237.6,298.075,-0.002312
237.7,298.075,-0.00174
237.8,298.075,-0.001163
237.9,298.075,-0.000581
238.0,298.075,-0.0
238.1,298.075,0.0
238.2,298.075,0.0
238.3,298.075,0.0
238.4,298.075,0.0
238.5,298.075,0.0
238.6,298.075,0.0
238.7,298.075,0.0
238.8,298.075,0.0
238.9,298.075,0.0
239.0,298.075,0.0
239.1,298.075,0.0
239.2,298.075,0.0
239.3,298.075,0.0
239.4,298.075,0.0
239.5,298.075,0.0
239.6,298.075,0.0
239.7,298.075,0.0
239.8,298.075,0.0
239.9,298.075,0.0
240.0,298.075,0.0
240.1,298.075,0.0
240.2,298.075,0.0
240.3,298.075,0.0
240.4,298.075,0.0
240.5,298.075,0.0
240.6,298.075,0.0
240.7,298.075,0.0
240.8,298.075,0.0
240.9,298.075,0.0
241.0,298.075,0.0
241.1,298.075,0.0
241.2,298.075,0.0
241.3,298.075,0.0
241.4,298.075,0.0
241.5,298.075,0.0
241.6,298.075,0.0
241.7,298.075,0.0
241.8,298.075,0.0
241.9,298.075,0.0
242.0,298.075,0.0
242.1,298.075,0.0
242.2,298.075,0.0
242.3,298.075,0.0
242.4,298.075,0.0
242.5,298.075,0.0
242.6,298.075,0.0
242.7,298.075,0.0
242.8,298.075,0.0
242.9,298.075,0.0
243.0,298.075,0.0
243.1,298.075,0.0
243.2,298.075,0.0
243.3,298.075,0.0
243.4,298.075,0.0
243.5,298.075,0.0
243.6,298.075,0.0
243.7,298.075,0.0
243.8,298.075,0.0
243.9,298.075,0.0
244.0,298.075,0.0
244.1,298.075,0.0
244.2,298.075,0.0
244.3,298.075,0.0
244.4,298.075,0.0
244.5,298.075,0.0
244.6,298.075,0.0
244.7,298.075,0.0
244.8,298.075,0.0
244.9,298.075,0.0
245.0,298.075,0.0
245.1,298.075,0.0
245.2,298.075,0.0
245.3,298.075,0.0
245.4,298.075,0.0
245.5,298.075,0.0
245.6,298.075,0.0
245.7,298.075,0.0
245.8,298.075,0.0
245.9,298.075,0.0
246.0,298.075,0.0
246.1,298.075,0.0
246.2,298.075,0.0
246.3,298.075,0.0
246.4,298.075,0.0
246.5,298.075,0.0
246.6,298.075,0.0
246.7,298.075,0.0
246.8,298.075,0.0
246.9,298.075,0.0
247.0,298.075,0.0
247.1,298.075,0.0
247.2,298.075,0.0
247.3,298.075,0.0
247.4,298.075,0.0
247.5,298.075,0.0
247.6,298.075,0.0
247.7,298.075,0.0
247.8,298.075,0.0
247.9,298.075,0.0
248.0,298.075,0.0
248.1,298.075,0.0
248.2,298.075,0.0
248.3,298.075,0.0
248.4,298.075,0.0
248.5,298.075,0.0
248.6,298.075,0.0
248.7,298.075,0.0
248.8,298.075,0.0
248.9,298.075,0.0
249.0,298.075,0.0
249.1,298.075,0.0
249.2,298.075,0.0
249.3,298.075,0.0
249.4,298.075,0.0
249.5,298.075,0.0
249.6,298.075,0.0
249.7,298.075,0.0
249.8,298.075,0.0
249.9,298.075,0.0
250.0,298.075,0.0
250.1,298.075,0.0
250.2,298.075,0.0
250.3,298.075,0.0
250.4,298.075,0.0
250.5,298.075,0.0
250.6,298.075,0.0
250.7,298.075,0.0
250.8,298.075,0.0
250.9,298.075,0.0
251.0,298.075,0.0
251.1,298.075,0.0
251.2,298.075,0.0
251.3,298.075,0.0
251.4,298.076,0.0
251.5,298.076,0.0
251.6,298.076,0.0
251.7,298.076,0.0
251.8,298.076,0.0
251.9,298.076,0.0
252.0,298.076,0.0
252.1,298.076,-0.00143
252.2,298.076,-0.002851
252.3,298.076,-0.004255
252.4,298.076,-0.005641
252.5,298.076,-0.007009
252.6,298.076,-0.008358
252.7,298.076,-0.00969
252.8,298.076,-0.011002
252.9,298.076,-0.012296
253.0,298.075,-0.013567
253.1,298.075,-0.012353
253.2,298.075,-0.011121
253.3,298.075,-0.009873
253.4,298.075,-0.008609
253.5,298.075,-0.007329
253.6,298.075,-0.006031
253.7,298.075,-0.004717
253.8,298.075,-0.003385
253.9,298.075,-0.002035
254.0,298.075,-0.000668
254.1,298.075,-0.0006
254.2,298.075,-0.000534
254.3,298.075,-0.000467
254.4,298.075,-0.0004
254.5,298.075,-0.000335
254.6,298.075,-0.000269
254.7,298.075,-0.000202
254.8,298.075,-0.000135
254.9,298.075,-6.8e-05
255.0,298.075,-0.0
255.1,298.075,0.0
255.2,298.076,0.0
255.3,298.076,0.0
255.4,298.076,0.0
255.5,298.076,0.0
255.6,298.076,0.0
255.7,298.076,0.0
255.8,298.076,0.0
255.9,298.076,0.0
256.0,298.076,0.0
256.1,298.076,-0.003644
256.2,298.076,-0.007181
256.3,298.076,-0.010601
256.4,298.076,-0.013902
256.5,298.076,-0.017084
256.6,298.076,-0.020144
256.7,298.075,-0.023081
256.8,298.075,-0.025893
256.9,298.075,-0.02858
257.0,298.075,-0.031174
257.1,298.075,-0.034461
257.2,298.075,-0.037544
257.3,298.075,-0.040386
257.4,298.075,-0.042983
257.5,298.075,-0.045335
257.6,298.075,-0.047438
257.7,298.075,-0.049291
257.8,298.075,-0.050893
257.9,298.075,-0.052241
258.0,298.075,-0.053333
258.1,298.075,-0.053592
258.2,298.075,-0.0538
258.3,298.074,-0.053958
258.4,298.074,-0.054065
258.5,298.074,-0.054121
258.6,298.074,-0.054127
258.7,298.074,-0.054082
258.8,298.074,-0.053986
258.9,298.074,-0.05384
259.0,298.074,-0.053642
259.1,298.074,-0.05339
259.2,298.074,-0.05312
259.3,298.074,-0.052832
259.4,298.074,-0.052526
259.5,298.073,-0.052202
259.6,298.073,-0.05186
259.7,298.073,-0.051501
259.8,298.073,-0.051127
259.9,298.073,-0.050736
260.0,298.073,-0.050328
260.1,298.073,-0.049902
260.2,298.073,-0.049459
260.3,298.073,-0.049008
260.4,298.073,-0.048545
260.5,298.073,-0.048067
260.6,298.073,-0.047573
260.7,298.072,-0.047063
260.8,298.072,-0.046538
260.9,298.072,-0.045968
261.0,298.072,-0.045376
261.1,298.072,-0.044096
261.2,298.072,-0.042576
261.3,298.072,-0.040875
261.4,298.072,-0.038993
261.5,298.072,-0.036929
261.6,298.072,-0.034684
261.7,298.072,-0.032255
261.8,298.072,-0.029642
261.9,298.072,-0.026834
262.0,298.072,-0.023831
262.1,298.072,-0.018937
262.2,298.072,-0.013539
262.3,298.072,-0.007666
262.4,298.072,-0.001317
262.5,298.072,0.005512
262.6,298.072,0.012822
262.7,298.072,0.020615
262.8,298.072,0.028893
262.9,298.072,0.037659
263.0,298.072,0.046869
263.1,298.072,0.05094
263.2,298.072,0.055015
263.3,298.072,0.05914
263.4,298.072,0.063314
263.5,298.072,0.067539
263.6,298.072,0.071816
263.7,298.073,0.076145
263.8,298.073,0.080523
263.9,298.073,0.084143
264.0,298.073,0.087786
264.1,298.073,0.088198
264.2,298.073,0.086918
264.3,298.073,0.085594
264.4,298.074,0.084227
264.5,298.074,0.082821
264.6,298.074,0.081371
264.7,298.074,0.07989
264.8,298.074,0.078381
264.9,298.074,0.076846
265.0,298.075,0.075289
265.1,298.075,0.067871
265.2,298.075,0.060597
265.3,298.075,0.053531
265.4,298.075,0.046683
265.5,298.075,0.040062
265.6,298.075,0.033677
265.7,298.075,0.027534
265.8,298.075,0.021642
265.9,298.075,0.016008
266.0,298.075,0.011043
266.1,298.075,0.013719
266.2,298.075,0.01695
266.3,298.075,0.020335
266.4,298.075,0.023873
266.5,298.076,0.027565
266.6,298.076,0.031411
266.7,298.076,0.035411
266.8,298.076,0.039564
266.9,298.076,0.043871
267.0,298.076,0.047608
267.1,298.076,0.044582
267.2,298.076,0.040893
267.3,298.076,0.037263
267.4,298.076,0.033694
267.5,298.076,0.03019
267.6,298.076,0.026755
267.7,298.076,0.023392
267.8,298.076,0.020103
267.9,298.076,0.016931
268.0,298.076,0.013873
268.1,298.076,0.014606
268.2,298.077,0.015474
268.3,298.077,0.016366
268.4,298.077,0.017282
268.5,298.077,0.018221
268.6,298.077,0.019182
268.7,298.077,0.020164
268.8,298.077,0.021168
268.9,298.077,0.022193
269.0,298.077,0.022735
269.1,298.077,0.012744
269.2,298.077,0.003303
269.3,298.077,-0.005066
269.4,298.077,-0.012343
269.5,298.077,-0.018506
269.6,298.077,-0.023536
269.7,298.077,-0.027413
269.8,298.077,-0.030121
269.9,298.077,-0.031643
270.0,298.077,-0.031973
270.1,298.077,-0.031939
270.2,298.077,-0.031713
270.3,298.077,-0.031285
270.4,298.077,-0.030656
270.5,298.076,-0.029825
270.6,298.076,-0.028792
270.7,298.076,-0.027557
270.8,298.076,-0.026121
270.9,298.076,-0.024482
271.0,298.076,-0.022673
271.1,298.076,-0.023142
271.2,298.076,-0.023635
271.3,298.076,-0.02412
271.4,298.076,-0.024597
271.5,298.076,-0.025066
271.6,298.076,-0.025526
271.7,298.076,-0.025978
271.8,298.076,-0.026422
271.9,298.076,-0.026857
272.0,298.076,-0.027266
272.1,298.076,-0.025386
272.2,298.076,-0.023308
272.3,298.076,-0.021047
272.4,298.076,-0.018602
272.5,298.076,-0.015973
272.6,298.076,-0.013156
272.7,298.076,-0.010151
272.8,298.076,-0.006956
272.9,298.076,-0.00357
273.0,298.076,-0.0
273.1,298.076,0.0
273.2,298.076,0.0
273.3,298.076,0.0
273.4,298.076,0.0
273.5,298.076,0.0
273.6,298.076,0.0
273.7,298.076,0.0
273.8,298.076,0.0
273.9,298.076,0.0
274.0,298.076,0.0
274.1,298.076,0.0
274.2,298.076,0.0
274.3,298.076,0.0
274.4,298.076,0.0
274.5,298.076,0.0
274.6,298.076,0.0
274.7,298.076,0.0
274.8,298.076,0.0
274.9,298.076,0.0
275.0,298.076,0.0
275.1,298.076,0.0
275.2,298.076,0.0
275.3,298.076,0.0
275.4,298.076,0.0
275.5,298.076,0.0
275.6,298.076,0.0
275.7,298.076,0.0
275.8,298.076,0.0
275.9,298.076,0.0
276.0,298.076,0.0
276.1,298.076,0.0
276.2,298.076,0.0
276.3,298.076,0.0
276.4,298.076,0.0
276.5,298.076,0.0
276.6,298.076,0.0
276.7,298.076,0.0
276.8,298.076,0.0
276.9,298.076,0.0
277.0,298.076,0.0
277.1,298.076,0.0
277.2,298.076,0.0
277.3,298.076,0.0
277.4,298.076,0.0
277.5,298.076,0.0
277.6,298.076,0.0
277.7,298.076,0.0
277.8,298.076,0.0
277.9,298.076,0.0
278.0,298.076,0.0
278.1,298.076,0.0
278.2,298.076,0.0
278.3,298.076,0.0
278.4,298.076,0.0
278.5,298.076,0.0
278.6,298.076,0.0
278.7,298.076,0.0
278.8,298.076,0.0
278.9,298.076,0.0
279.0,298.076,0.0
279.1,298.076,0.0
279.2,298.076,0.0
279.3,298.076,0.0
279.4,298.076,0.0
279.5,298.076,0.0
279.6,298.076,0.0
279.7,298.076,0.0
279.8,298.076,0.0
279.9,298.076,0.0
280.0,298.076,0.0
280.1,298.076,-0.010733
280.2,298.076,-0.020156
280.3,298.076,-0.028237
280.4,298.076,-0.034957
280.5,298.076,-0.040296
280.6,298.076,-0.044238
280.7,298.076,-0.046764
280.8,298.076,-0.04786
280.9,298.076,-0.047511
281.0,298.076,-0.045719
281.1,298.076,-0.043948
281.2,298.076,-0.041793
281.3,298.075,-0.039234
281.4,298.075,-0.036272
281.5,298.075,-0.032904
281.6,298.075,-0.029129
281.7,298.075,-0.024945
281.8,298.075,-0.020353
281.9,298.075,-0.015349
282.0,298.075,-0.01005
282.1,298.075,-0.006916
282.2,298.075,-0.003826
282.3,298.075,-0.000664
282.4,298.075,0.002571
282.5,298.075,0.005879
282.6,298.075,0.009261
282.7,298.075,0.012717
282.8,298.075,0.016248
282.9,298.075,0.019854
283.0,298.075,0.023957
283.1,298.075,0.029649
283.2,298.075,0.036023
283.3,298.076,0.042661
283.4,298.076,0.049565
283.5,298.076,0.056736
283.6,298.076,0.064173
283.7,298.076,0.071878
283.8,298.076,0.07985
283.9,298.076,0.088092
284.0,298.076,0.095689
284.1,298.077,0.097522
284.2,298.077,0.098397
284.3,298.077,0.099221
284.4,298.077,0.099997
284.5,298.077,0.100729
284.6,298.077,0.101418
284.7,298.078,0.102067
284.8,298.078,0.102679
284.9,298.078,0.103255
285.0,298.078,0.104379
285.1,298.078,0.109122
285.2,298.078,0.114546
285.3,298.079,0.120071
285.4,298.079,0.125699
285.5,298.079,0.13143
285.6,298.079,0.137264
285.7,298.08,0.143249
285.8,298.08,0.149406
285.9,298.08,0.155671
286.0,298.08,0.162043
286.1,298.081,0.168523
286.2,298.081,0.175111
286.3,298.081,0.181806
286.4,298.082,0.18861
286.5,298.082,0.195521
286.6,298.082,0.202541
286.7,298.083,0.209758
286.8,298.083,0.217204
286.9,298.083,0.224767
287.0,298.084,0.232445
287.1,298.084,0.240239
287.2,298.085,0.24815
287.3,298.085,0.256177
287.4,298.085,0.26432
287.5,298.086,0.27258
287.6,298.086,0.280957
287.7,298.087,0.289486
287.8,298.087,0.29818
287.9,298.088,0.306994
288.0,298.088,0.313786
288.1,298.089,0.294431
288.2,298.089,0.273481
288.3,298.09,0.25309
288.4,298.09,0.233281
288.5,298.091,0.214078
288.6,298.091,0.195504
288.7,298.091,0.177577
288.8,298.092,0.160319
288.9,298.092,0.143639
289.0,298.092,0.126909
289.1,298.092,0.110654
289.2,298.093,0.094406
289.3,298.093,0.079144
289.4,298.093,0.064886
289.5,298.093,0.051646
289.6,298.093,0.039442
289.7,298.093,0.028288
289.8,298.093,0.018184
289.9,298.093,0.009078
290.0,298.093,0.001087
290.1,298.093,-0.005776
290.2,298.093,-0.011512
290.3,298.093,-0.016131
290.4,298.093,-0.019559
290.5,298.093,-0.021784
290.6,298.093,-0.022797
290.7,298.093,-0.022588
290.8,298.093,-0.021149
290.9,298.093,-0.018471
291.0,298.093,-0.014559
291.1,298.093,-0.013538
291.2,298.093,-0.012428
291.3,298.093,-0.011215
291.4,298.093,-0.009902
291.5,298.093,-0.008489
291.6,298.093,-0.00698
291.7,298.093,-0.005374
291.8,298.093,-0.003673
291.9,298.093,-0.001878
292.0,298.093,-0.0
292.1,298.093,-0.000298
292.2,298.093,-0.000597
292.3,298.093,-0.000903
292.4,298.093,-0.001211
292.5,298.093,-0.001521
292.6,298.093,-0.001832
292.7,298.093,-0.002144
292.8,298.093,-0.002457
292.9,298.093,-0.002771
293.0,298.093,-0.003093
293.1,298.093,-0.004936
293.2,298.093,-0.00674
293.3,298.093,-0.008497
293.4,298.093,-0.010205
293.5,298.093,-0.011863
293.6,298.093,-0.013468
293.7,298.093,-0.015021
293.8,298.093,-0.016519
293.9,298.093,-0.017961
294.0,298.093,-0.019386
294.1,298.093,-0.021114
294.2,298.093,-0.022775
294.3,298.093,-0.024327
294.4,298.093,-0.025769
294.5,298.093,-0.027098
294.6,298.093,-0.028314
294.7,298.093,-0.029416
294.8,298.093,-0.030401
294.9,298.093,-0.03127
295.0,298.093,-0.03197
295.1,298.093,-0.032337
295.2,298.093,-0.032622
295.3,298.092,-0.032873
295.4,298.092,-0.033092
295.5,298.092,-0.033278
295.6,298.092,-0.033431
295.7,298.092,-0.033551
295.8,298.092,-0.03364
295.9,298.092,-0.033695
296.0,298.092,-0.033715
296.1,298.092,-0.0337
296.2,298.092,-0.033649
296.3,298.092,-0.033564
296.4,298.092,-0.033442
296.5,298.092,-0.033285
296.6,298.092,-0.033092
296.7,298.092,-0.032861
296.8,298.092,-0.032593
296.9,298.092,-0.032289
297.0,298.092,-0.031978
297.1,298.092,-0.031926
297.2,298.091,-0.031911
297.3,298.091,-0.031901
297.4,298.091,-0.031897
297.5,298.091,-0.031897
297.6,298.091,-0.031901
297.7,298.091,-0.031909
297.8,298.091,-0.031919
297.9,298.091,-0.031943
298.0,298.091,-0.031972
298.1,298.091,-0.032018
298.2,298.091,-0.032073
298.3,298.091,-0.03211
298.4,298.091,-0.032129
298.5,298.091,-0.032128
298.6,298.091,-0.032108
298.7,298.091,-0.032067
298.8,298.091,-0.032004
298.9,298.091,-0.031918
299.0,298.091,-0.031807
299.1,298.091,-0.031672
299.2,298.09,-0.031511
299.3,298.09,-0.031324
299.4,298.09,-0.031108
299.5,298.09,-0.030865
299.6,298.09,-0.030595
299.7,298.09,-0.030296
299.8,298.09,-0.029968
299.9,298.09,-0.029611
300.0,298.09,-0.029181
300.1,298.09,-0.028535
300.2,298.09,-0.027775
300.3,298.09,-0.026944
300.4,298.09,-0.026041
300.5,298.09,-0.025064
300.6,298.09,-0.024014
300.7,298.09,-0.022889
300.8,298.09,-0.021688
300.9,298.09,-0.02041
301.0,298.09,-0.019055
301.1,298.09,-0.017622
301.2,298.09,-0.016104
301.3,298.09,-0.014506
301.4,298.09,-0.012829
301.5,298.09,-0.011071
301.6,298.09,-0.009232
301.7,298.09,-0.007311
301.8,298.09,-0.005308
301.9,298.09,-0.003223
302.0,298.09,-0.001057
302.1,298.09,-0.000952
302.2,298.09,-0.000849
302.3,298.09,-0.000745
302.4,298.09,-0.000639
302.5,298.09,-0.000534
302.6,298.09,-0.000428
302.7,298.09,-0.000321
302.8,298.09,-0.000216
302.9,298.09,-0.000109
303.0,298.09,0.0
303.1,298.09,0.0
303.2,298.09,0.0
303.3,298.09,0.0
303.4,298.09,0.0
303.5,298.09,0.0
303.6,298.09,0.0
303.7,298.09,0.0
303.8,298.09,0.0
303.9,298.09,0.0
304.0,298.09,0.0
304.1,298.09,0.0
304.2,298.09,0.0
304.3,298.09,0.0
304.4,298.09,0.0
304.5,298.09,0.0
304.6,298.09,0.0
304.7,298.09,0.0
304.8,298.09,0.0
304.9,298.09,0.0
305.0,298.09,0.0
305.1,298.09,0.0
305.2,298.09,0.0
305.3,298.09,0.0
305.4,298.09,0.0
305.5,298.09,0.0
305.6,298.09,0.0
305.7,298.09,0.0
305.8,298.09,0.0
305.9,298.09,0.0
306.0,298.09,-0.0
306.1,298.09,-0.001373
306.2,298.09,-0.002734
306.3,298.09,-0.004073
306.4,298.09,-0.00539
306.5,298.09,-0.006686
306.6,298.09,-0.007959
306.7,298.09,-0.00921
306.8,298.09,-0.010438
306.9,298.09,-0.011643
307.0,298.09,-0.012834
307.1,298.09,-0.014416
307.2,298.09,-0.015963
307.3,298.09,-0.017463
307.4,298.09,-0.018916
307.5,298.09,-0.020323
307.6,298.09,-0.021682
307.7,298.09,-0.022992
307.8,298.09,-0.024255
307.9,298.089,-0.025469
308.0,298.089,-0.026583
308.1,298.089,-0.025776
308.2,298.089,-0.024904
308.3,298.089,-0.024014
308.4,298.089,-0.023107
308.5,298.089,-0.022182
308.6,298.089,-0.021238
308.7,298.089,-0.020274
308.8,298.089,-0.019291
308.9,298.089,-0.018286
309.0,298.089,-0.017281
309.1,298.089,-0.016716
309.2,298.089,-0.016167
309.3,298.089,-0.01561
309.4,298.089,-0.015048
309.5,298.089,-0.014479
309.6,298.089,-0.013904
309.7,298.089,-0.013321
309.8,298.089,-0.012732
309.9,298.089,-0.012136
310.0,298.089,-0.011488
310.1,298.089,-0.010472
310.2,298.089,-0.009391
310.3,298.089,-0.008289
310.4,298.089,-0.007167
310.5,298.089,-0.006025
310.6,298.089,-0.004861
310.7,298.089,-0.003677
310.8,298.089,-0.002471
310.9,298.089,-0.001243
311.0,298.089,0.0
311.1,298.089,0.0
311.2,298.089,0.0
311.3,298.089,0.0
311.4,298.089,0.0
311.5,298.089,0.0
311.6,298.089,0.0
311.7,298.089,0.0
311.8,298.089,0.0
311.9,298.089,0.0
312.0,298.089,0.0
312.1,298.089,0.0
312.2,298.089,0.0
312.3,298.089,0.0
312.4,298.089,0.0
312.5,298.089,0.0
312.6,298.089,0.0
312.7,298.089,0.0
312.8,298.089,0.0
312.9,298.089,0.0
313.0,298.089,0.0
313.1,298.089,0.0
313.2,298.089,0.0
313.3,298.089,0.0
313.4,298.089,0.0
313.5,298.089,0.0
313.6,298.089,0.0
313.7,298.089,0.0
313.8,298.089,0.0
313.9,298.089,0.0
314.0,298.089,0.0
314.1,298.089,0.0
314.2,298.089,0.0
314.3,298.089,0.0
314.4,298.089,0.0
314.5,298.089,0.0
314.6,298.089,0.0
314.7,298.089,0.0
314.8,298.089,0.0
314.9,298.089,0.0
315.0,298.089,0.0
315.1,298.089,0.0
315.2,298.089,0.0
315.3,298.089,0.0
315.4,298.089,0.0
315.5,298.089,0.0
315.6,298.089,0.0
315.7,298.089,0.0
315.8,298.089,0.0
315.9,298.089,0.0
316.0,298.089,0.0
316.1,298.089,0.0
316.2,298.089,0.0
316.3,298.089,0.0
316.4,298.089,0.0
316.5,298.089,0.0
316.6,298.089,0.0
316.7,298.089,0.0
316.8,298.089,0.0
316.9,298.089,0.0
317.0,298.089,0.0
317.1,298.089,0.0
317.2,298.089,0.0
317.3,298.089,0.0
317.4,298.089,0.0
317.5,298.089,0.0
317.6,298.089,0.0
317.7,298.089,0.0
317.8,298.089,0.0
317.9,298.089,0.0
318.0,298.089,0.0
318.1,298.089,0.0
318.2,298.089,0.0
318.3,298.089,0.0
318.4,298.089,0.0
318.5,298.089,0.0
318.6,298.089,0.0
318.7,298.089,0.0
318.8,298.089,0.0
318.9,298.089,0.0
319.0,298.089,0.0
319.1,298.089,0.0
319.2,298.089,0.0
319.3,298.089,0.0
319.4,298.089,0.0
319.5,298.089,0.0
319.6,298.089,0.0
319.7,298.089,0.0
319.8,298.089,0.0
319.9,298.089,0.0
320.0,298.089,0.0
320.1,298.089,0.0
320.2,298.089,0.0
320.3,298.089,0.0
320.4,298.089,0.0
320.5,298.089,0.0
320.6,298.089,0.0
320.7,298.089,0.0
320.8,298.089,0.0
320.9,298.089,0.0
321.0,298.089,-0.0
321.1,298.089,-0.002158
321.2,298.089,-0.00427
321.3,298.089,-0.006336
321.4,298.089,-0.008355
321.5,298.089,-0.010327
321.6,298.089,-0.012256
321.7,298.089,-0.014135
321.8,298.089,-0.015963
321.9,298.089,-0.017735
322.0,298.089,-0.019417
322.1,298.089,-0.01773
322.2,298.089,-0.015937
322.3,298.089,-0.014099
322.4,298.089,-0.012215
322.5,298.089,-0.010295
322.6,298.089,-0.00833
322.7,298.089,-0.006317
322.8,298.089,-0.004258
322.9,298.089,-0.002159
323.0,298.089,-0.0
323.1,298.089,-0.000342
323.2,298.089,-0.000686
323.3,298.089,-0.00103
323.4,298.089,-0.001374
323.5,298.089,-0.001717
323.6,298.089,-0.002059
323.7,298.089,-0.002401
323.8,298.089,-0.002741
323.9,298.089,-0.003081
324.0,298.089,-0.003421
324.1,298.089,-0.005074
324.2,298.089,-0.0067
324.3,298.089,-0.008296
324.4,298.089,-0.009864
324.5,298.089,-0.011401
324.6,298.089,-0.012908
324.7,298.089,-0.014384
324.8,298.089,-0.015829
324.9,298.089,-0.017243
325.0,298.089,-0.018596
325.1,298.089,-0.017564
325.2,298.089,-0.016488
325.3,298.089,-0.015397
325.4,298.089,-0.014292
325.5,298.089,-0.013171
325.6,298.089,-0.012033
325.7,298.089,-0.01088
325.8,298.089,-0.00971
325.9,298.089,-0.008522
326.0,298.089,-0.007324
326.1,298.089,-0.007306
326.2,298.089,-0.007295
326.3,298.089,-0.007284
326.4,298.089,-0.007272
326.5,298.089,-0.007261
326.6,298.089,-0.007249
326.7,298.089,-0.007238
326.8,298.089,-0.007226
326.9,298.089,-0.007214
327.0,298.089,-0.007191
327.1,298.089,-0.006509
327.2,298.089,-0.00581
327.3,298.089,-0.005104
327.4,298.089,-0.004393
327.5,298.089,-0.003676
327.6,298.089,-0.002952
327.7,298.089,-0.002223
327.8,298.089,-0.001487
327.9,298.089,-0.000744
328.0,298.089,0.0
328.1,298.089,0.0
328.2,298.089,0.0
328.3,298.089,0.0
328.4,298.089,0.0
328.5,298.089,0.0
328.6,298.089,0.0
328.7,298.089,0.0
328.8,298.089,0.0
328.9,298.089,0.0
329.0,298.089,0.0
329.1,298.089,0.0
329.2,298.089,0.0
329.3,298.089,0.0
329.4,298.089,0.0
329.5,298.089,0.0
329.6,298.089,0.0
329.7,298.089,0.0
329.8,298.089,0.0
329.9,298.089,0.0
330.0,298.089,-0.0
330.1,298.089,-0.000673
330.2,298.089,-0.001347
330.3,298.089,-0.002015
330.4,298.089,-0.002684
330.5,298.089,-0.00335
330.6,298.089,-0.004012
330.7,298.089,-0.004663
330.8,298.089,-0.005312
330.9,298.089,-0.005956
331.0,298.089,-0.006564
331.1,298.089,-0.005947
331.2,298.089,-0.005304
331.3,298.089,-0.004656
331.4,298.089,-0.004004
331.5,298.089,-0.003347
331.6,298.089,-0.002686
331.7,298.089,-0.00202
331.8,298.089,-0.001349
331.9,298.089,-0.000674
332.0,298.089,-0.0
332.1,298.089,-0.00032
332.2,298.089,-0.000643
332.3,298.089,-0.000966
332.4,298.089,-0.001289
332.5,298.089,-0.001611
332.6,298.089,-0.001932
332.7,298.089,-0.002252
332.8,298.089,-0.002572
332.9,298.089,-0.002891
333.0,298.089,-0.003197
333.1,298.089,-0.002894
333.2,298.089,-0.002576
333.3,298.089,-0.002258
333.4,298.089,-0.001938
333.5,298.089,-0.001618
333.6,298.089,-0.001296
333.7,298.089,-0.000973
333.8,298.089,-0.000646
333.9,298.089,-0.000323
334.0,298.089,0.0
334.1,298.089,0.0
334.2,298.089,0.0
334.3,298.089,0.0
334.4,298.089,0.0
334.5,298.089,0.0
334.6,298.089,0.0
334.7,298.089,0.0
334.8,298.089,0.0
334.9,298.089,0.0
335.0,298.089,-0.0
335.1,298.089,-0.000536
335.2,298.089,-0.001075
335.3,298.089,-0.00161
335.4,298.089,-0.002144
335.5,298.089,-0.002675
335.6,298.089,-0.003203
335.7,298.089,-0.003728
335.8,298.089,-0.004251
335.9,298.089,-0.004772
336.0,298.089,-0.00531
336.1,298.089,-0.006301
336.2,298.089,-0.007301
336.3,298.089,-0.008291
336.4,298.089,-0.00927
336.5,298.089,-0.010238
336.6,298.089,-0.011194
336.7,298.089,-0.012139
336.8,298.089,-0.013073
336.9,298.089,-0.013996
337.0,298.089,-0.014941
337.1,298.089,-0.016549
337.2,298.089,-0.018153
337.3,298.089,-0.01972
337.4,298.089,-0.021247
337.5,298.089,-0.022736
337.6,298.089,-0.024185
337.7,298.089,-0.025595
337.8,298.089,-0.026964
337.9,298.089,-0.028294
338.0,298.089,-0.029583
338.1,298.089,-0.032511
338.2,298.088,-0.035228
338.3,298.088,-0.037731
338.4,298.088,-0.040018
338.5,298.088,-0.042087
338.6,298.088,-0.043936
338.7,298.088,-0.045564
338.8,298.088,-0.046969
338.9,298.088,-0.048149
339.0,298.088,-0.049102
339.1,298.088,-0.049787
339.2,298.088,-0.050263
339.3,298.088,-0.050531
339.4,298.088,-0.050589
339.5,298.088,-0.050437
339.6,298.087,-0.050072
339.7,298.087,-0.049495
339.8,298.087,-0.048705
339.9,298.087,-0.0477
340.0,298.087,-0.046528
340.1,298.087,-0.045779
340.2,298.087,-0.045064
340.3,298.087,-0.044337
340.4,298.087,-0.043598
340.5,298.087,-0.042845
340.6,298.087,-0.042078
340.7,298.087,-0.041298
340.8,298.087,-0.040503
340.9,298.087,-0.039695
341.0,298.086,-0.038896
341.1,298.086,-0.040856
341.2,298.086,-0.042429
341.3,298.086,-0.043578
341.4,298.086,-0.044288
341.5,298.086,-0.044547
341.6,298.086,-0.044345
341.7,298.086,-0.043669
341.8,298.086,-0.042512
341.9,298.086,-0.040862
342.0,298.086,-0.038795
342.1,298.086,-0.037903
342.2,298.086,-0.037033
342.3,298.086,-0.0361
342.4,298.086,-0.035103
342.5,298.086,-0.034041
342.6,298.085,-0.032915
342.7,298.085,-0.031723
342.8,298.085,-0.030466
342.9,298.085,-0.029143
343.0,298.085,-0.027827
343.1,298.085,-0.027572
343.2,298.085,-0.027386
343.3,298.085,-0.027194
343.4,298.085,-0.026998
343.5,298.085,-0.026799
343.6,298.085,-0.026595
343.7,298.085,-0.026387
343.8,298.085,-0.026174
343.9,298.085,-0.025959
344.0,298.085,-0.025778
344.1,298.085,-0.027848
344.2,298.085,-0.029866
344.3,298.085,-0.031785
344.4,298.085,-0.033608
344.5,298.085,-0.035312
344.6,298.085,-0.03689
344.7,298.085,-0.038326
344.8,298.084,-0.039643
344.9,298.084,-0.040765
345.0,298.084,-0.041776
345.1,298.084,-0.040768
345.2,298.084,-0.039549
345.3,298.084,-0.038246
345.4,298.084,-0.036856
345.5,298.084,-0.035416
345.6,298.084,-0.03391
345.7,298.084,-0.032319
345.8,298.084,-0.030615
345.9,298.084,-0.028818
346.0,298.084,-0.026927
346.1,298.084,-0.027893
346.2,298.084,-0.028819
346.3,298.084,-0.029722
346.4,298.084,-0.030596
346.5,298.084,-0.031441
346.6,298.084,-0.032262
346.7,298.083,-0.033063
346.8,298.083,-0.033861
346.9,298.083,-0.034632
347.0,298.083,-0.035364
347.1,298.083,-0.035709
347.2,298.083,-0.035853
347.3,298.083,-0.036148
347.4,298.083,-0.036437
347.5,298.083,-0.03672
347.6,298.083,-0.036997
347.7,298.083,-0.037262
347.8,298.083,-0.037492
347.9,298.083,-0.037717
348.0,298.083,-0.037892
348.1,298.083,-0.037487
348.2,298.083,-0.037112
348.3,298.083,-0.036734
348.4,298.083,-0.036353
348.5,298.082,-0.035964
348.6,298.082,-0.035554
348.7,298.082,-0.035141
348.8,298.082,-0.034723
348.9,298.082,-0.0343
349.0,298.082,-0.033807
349.1,298.082,-0.03323
349.2,298.082,-0.03239
349.3,298.082,-0.031614
349.4,298.082,-0.030825
349.5,298.082,-0.030017
349.6,298.082,-0.029189
349.7,298.082,-0.028343
349.8,298.082,-0.027474
349.9,298.082,-0.026581
350.0,298.082,-0.025691
350.1,298.082,-0.025023
350.2,298.082,-0.024385
350.3,298.082,-0.023717
350.4,298.082,-0.023038
350.5,298.082,-0.022348
350.6,298.082,-0.021647
350.7,298.082,-0.020934
350.8,298.081,-0.020212
350.9,298.081,-0.019481
351.0,298.081,-0.01876
351.1,298.081,-0.018737
351.2,298.081,-0.018753
351.3,298.081,-0.018757
351.4,298.081,-0.01876
351.5,298.081,-0.018762
351.6,298.081,-0.018763
351.7,298.081,-0.018764
351.8,298.081,-0.018763
351.9,298.081,-0.018759
352.0,298.081,-0.018755
352.1,298.081,-0.018751
352.2,298.081,-0.018747
352.3,298.081,-0.018749
352.4,298.081,-0.018751
352.5,298.081,-0.018753
352.6,298.081,-0.018754
352.7,298.081,-0.018751
352.8,298.081,-0.018746
352.9,298.081,-0.01874
353.0,298.081,-0.01873
353.1,298.081,-0.01913
353.2,298.081,-0.01952
353.3,298.081,-0.019904
353.4,298.081,-0.020285
353.5,298.081,-0.020663
353.6,298.081,-0.021044
353.7,298.081,-0.021423
353.8,298.081,-0.021798
353.9,298.081,-0.022174
354.0,298.081,-0.02256
354.1,298.081,-0.023271
354.2,298.081,-0.023986
354.3,298.081,-0.02469
354.4,298.08,-0.025382
354.5,298.08,-0.026061
354.6,298.08,-0.026729
354.7,298.08,-0.027385
354.8,298.08,-0.028029
354.9,298.08,-0.02866
355.0,298.08,-0.029218
355.1,298.08,-0.028969
355.2,298.08,-0.028658
355.3,298.08,-0.028346
355.4,298.08,-0.028035
355.5,298.08,-0.027722
355.6,298.08,-0.027409
355.7,298.08,-0.027095
355.8,298.08,-0.026781
355.9,298.08,-0.026464
356.0,298.08,-0.026136
356.1,298.08,-0.025125
356.2,298.08,-0.024082
356.3,298.08,-0.023019
356.4,298.08,-0.021934
356.5,298.08,-0.020827
356.6,298.08,-0.019699
356.7,298.08,-0.018548
356.8,298.08,-0.017374
356.9,298.08,-0.016177
357.0,298.08,-0.014931
357.1,298.08,-0.013593
357.2,298.079,-0.012201
357.3,298.079,-0.010781
357.4,298.079,-0.00933
357.5,298.079,-0.00785
357.6,298.079,-0.006341
357.7,298.079,-0.004801
357.8,298.079,-0.00323
357.9,298.079,-0.001629
358.0,298.079,0.0
358.1,298.079,0.0
358.2,298.079,0.0
358.3,298.079,0.0
358.4,298.079,0.0
358.5,298.079,0.0
358.6,298.079,0.0
358.7,298.079,0.0
358.8,298.079,0.0
358.9,298.079,0.0
359.0,298.08,0.0
359.1,298.08,0.0
359.2,298.08,0.0
359.3,298.08,0.0
359.4,298.08,0.0
359.5,298.08,0.0
359.6,298.08,0.0
359.7,298.08,0.0
359.8,298.08,0.0
359.9,298.08,0.0
360.0,298.08,0.0
360.1,298.08,0.0
360.2,298.08,0.0
360.3,298.08,0.0
360.4,298.08,0.0
360.5,298.08,0.0
360.6,298.08,0.0
360.7,298.08,0.0
360.8,298.08,0.0
360.9,298.08,0.0
361.0,298.08,0.0
361.1,298.08,0.0
361.2,298.08,0.0
361.3,298.08,0.0
361.4,298.08,0.0
361.5,298.08,0.0
361.6,298.08,0.0
361.7,298.08,0.0
361.8,298.08,0.0
361.9,298.08,0.0
362.0,298.08,-0.0
362.1,298.08,-0.000192
362.2,298.08,-0.000383
362.3,298.08,-0.000575
362.4,298.08,-0.000768
362.5,298.08,-0.00096
362.6,298.08,-0.001152
362.7,298.08,-0.001344
362.8,298.08,-0.001535
362.9,298.08,-0.001727
363.0,298.08,-0.001923
363.1,298.08,-0.003398
363.2,298.08,-0.004858
363.3,298.08,-0.006295
363.4,298.08,-0.00771
363.5,298.08,-0.009103
363.6,298.08,-0.010472
363.7,298.08,-0.011819
363.8,298.08,-0.013143
363.9,298.08,-0.014443
364.0,298.08,-0.015645
364.1,298.08,-0.016035
364.2,298.08,-0.01635
364.3,298.08,-0.016663
364.4,298.08,-0.016975
364.5,298.08,-0.017285
364.6,298.08,-0.017594
364.7,298.079,-0.0179
364.8,298.079,-0.018206
364.9,298.079,-0.018509
365.0,298.079,-0.018845
365.1,298.079,-0.019723
365.2,298.079,-0.02062
365.3,298.079,-0.021503
365.4,298.079,-0.02237
365.5,298.079,-0.023223
365.6,298.079,-0.024061
365.7,298.079,-0.024884
365.8,298.079,-0.025692
365.9,298.079,-0.026485
366.0,298.079,-0.027308
366.1,298.079,-0.028615
366.2,298.079,-0.029923
366.3,298.079,-0.031184
366.4,298.079,-0.0324
366.5,298.079,-0.033569
366.6,298.079,-0.034692
366.7,298.079,-0.035778
366.8,298.079,-0.036819
366.9,298.079,-0.037811
367.0,298.079,-0.038754
367.1,298.079,-0.039719
367.2,298.078,-0.040668
367.3,298.078,-0.041555
367.4,298.078,-0.042381
367.5,298.078,-0.043145
367.6,298.078,-0.043847
367.7,298.078,-0.044486
367.8,298.078,-0.045063
367.9,298.078,-0.045576
368.0,298.078,-0.045972
368.1,298.078,-0.04537
368.2,298.078,-0.044692
368.3,298.078,-0.043992
368.4,298.078,-0.043269
368.5,298.078,-0.042521
368.6,298.078,-0.041746
368.7,298.077,-0.040943
368.8,298.077,-0.04011
368.9,298.077,-0.039247
369.0,298.077,-0.038307
369.1,298.077,-0.037243
369.2,298.077,-0.036084
369.3,298.077,-0.034874
369.4,298.077,-0.03361
369.5,298.077,-0.032293
369.6,298.077,-0.030921
369.7,298.077,-0.029492
369.8,298.077,-0.027983
369.9,298.077,-0.026408
370.0,298.077,-0.024772
370.1,298.077,-0.022799
370.2,298.077,-0.020644
370.3,298.077,-0.018397
370.4,298.077,-0.016057
370.5,298.077,-0.013622
370.6,298.077,-0.011091
370.7,298.077,-0.008464
370.8,298.077,-0.00574
370.9,298.077,-0.002918
371.0,298.077,0.0
371.1,298.077,0.0
371.2,298.077,0.0
371.3,298.077,0.0
371.4,298.077,0.0
371.5,298.077,0.0
371.6,298.077,0.0
371.7,298.077,0.0
371.8,298.077,0.0
371.9,298.077,0.0
372.0,298.077,0.0
372.1,298.077,0.0
372.2,298.077,0.0
372.3,298.077,0.0
372.4,298.077,0.0
372.5,298.077,0.0
372.6,298.077,0.0
372.7,298.077,0.0
372.8,298.077,0.0
372.9,298.077,0.0
373.0,298.077,0.0
373.1,298.077,0.0
373.2,298.077,0.0
373.3,298.077,0.0
373.4,298.077,0.0
373.5,298.077,0.0
373.6,298.077,0.0
373.7,298.077,0.0
373.8,298.077,0.0
373.9,298.077,0.0
374.0,298.077,0.0
374.1,298.077,0.0
374.2,298.077,0.0
374.3,298.077,0.0
374.4,298.077,0.0
374.5,298.077,0.0
374.6,298.077,0.0
374.7,298.077,0.0
374.8,298.077,0.0
374.9,298.077,0.0
375.0,298.077,0.0
375.1,298.077,0.0
375.2,298.077,0.0
375.3,298.077,0.0
375.4,298.077,0.0
375.5,298.077,0.0
375.6,298.077,0.0
375.7,298.077,0.0
375.8,298.077,0.0
375.9,298.077,0.0
376.0,298.077,0.0
376.1,298.077,0.0
376.2,298.077,0.0
376.3,298.077,0.0
376.4,298.077,0.0
376.5,298.077,0.0
376.6,298.077,0.0
376.7,298.077,0.0
376.8,298.077,0.0
376.9,298.077,0.0
377.0,298.077,0.0
377.1,298.077,0.0
377.2,298.077,0.0
377.3,298.077,0.0
377.4,298.077,0.0
377.5,298.077,0.0
377.6,298.077,0.0
377.7,298.077,0.0
377.8,298.077,0.0
377.9,298.077,0.0
378.0,298.077,0.0
378.1,298.077,0.0
378.2,298.077,0.0
378.3,298.077,0.0
378.4,298.077,0.0
378.5,298.077,0.0
378.6,298.077,0.0
378.7,298.077,0.0
378.8,298.077,0.0
378.9,298.077,0.0
379.0,298.077,0.0
379.1,298.077,0.0
379.2,298.077,0.0
379.3,298.077,0.0
379.4,298.077,0.0
379.5,298.077,0.0
379.6,298.077,0.0
379.7,298.077,0.0
379.8,298.077,0.0
379.9,298.077,0.0
380.0,298.077,0.0
380.1,298.077,0.0
380.2,298.077,0.0
380.3,298.077,0.0
380.4,298.077,0.0
380.5,298.077,0.0
380.6,298.077,0.0
380.7,298.077,0.0
380.8,298.077,0.0
380.9,298.077,0.0
381.0,298.077,0.0
381.1,298.077,0.0
381.2,298.077,0.0
381.3,298.077,0.0
381.4,298.077,0.0
381.5,298.077,0.0
381.6,298.077,0.0
381.7,298.077,0.0
381.8,298.077,0.0
381.9,298.077,0.0
382.0,298.077,0.0
382.1,298.077,0.0
382.2,298.077,0.0
382.3,298.077,0.0
382.4,298.077,0.0
382.5,298.077,0.0
382.6,298.077,0.0
382.7,298.077,0.0
382.8,298.077,0.0
382.9,298.077,0.0
383.0,298.077,0.0
383.1,298.077,0.0
383.2,298.077,0.0
383.3,298.077,0.0
383.4,298.077,0.0
383.5,298.077,0.0
383.6,298.077,0.0
383.7,298.077,0.0
383.8,298.077,0.0
383.9,298.077,0.0
384.0,298.077,0.0
384.1,298.077,0.0
384.2,298.077,0.0
384.3,298.077,0.0
384.4,298.077,0.0
384.5,298.077,0.0
384.6,298.077,0.0
384.7,298.077,0.0
384.8,298.077,0.0
384.9,298.077,0.0
385.0,298.077,0.0
385.1,298.077,0.0
385.2,298.078,0.0
385.3,298.078,0.0
385.4,298.078,0.0
385.5,298.078,0.0
385.6,298.078,0.0
385.7,298.078,0.0
385.8,298.078,0.0
385.9,298.078,0.0
386.0,298.078,0.0
386.1,298.078,0.0
386.2,298.078,0.0
386.3,298.078,0.0
386.4,298.078,0.0
386.5,298.078,0.0
386.6,298.078,0.0
386.7,298.078,0.0
386.8,298.078,0.0
386.9,298.078,0.0
387.0,298.078,0.0
387.1,298.078,0.0
387.2,298.078,0.0
387.3,298.078,0.0
387.4,298.078,0.0
387.5,298.078,0.0
387.6,298.078,0.0
387.7,298.078,0.0
387.8,298.078,0.0
387.9,298.078,0.0
388.0,298.078,0.0
388.1,298.078,0.0
388.2,298.078,0.0
388.3,298.078,0.0
388.4,298.078,0.0
388.5,298.078,0.0
388.6,298.078,0.0
388.7,298.078,0.0
388.8,298.078,0.0
388.9,298.078,0.0
389.0,298.078,0.0
389.1,298.078,0.0
389.2,298.078,0.0
389.3,298.078,0.0
389.4,298.078,0.0
389.5,298.078,0.0
389.6,298.078,0.0
389.7,298.078,0.0
389.8,298.078,0.0
389.9,298.078,0.0
390.0,298.078,0.0
390.1,298.078,0.0
390.2,298.078,0.0
390.3,298.078,0.0
390.4,298.078,0.0
390.5,298.078,0.0
390.6,298.078,0.0
390.7,298.078,0.0
390.8,298.078,0.0
390.9,298.078,0.0
391.0,298.078,-0.0
391.1,298.078,-0.000183
391.2,298.078,-0.000364
391.3,298.078,-0.000547
391.4,298.078,-0.00073
391.5,298.078,-0.000913
391.6,298.078,-0.001095
391.7,298.078,-0.001278
391.8,298.078,-0.00146
391.9,298.078,-0.001641
392.0,298.078,-0.001825
392.1,298.078,-0.002855
392.2,298.078,-0.003878
392.3,298.078,-0.00489
392.4,298.078,-0.005892
392.5,298.078,-0.006885
392.6,298.078,-0.007866
392.7,298.078,-0.008837
392.8,298.078,-0.009798
392.9,298.078,-0.010747
393.0,298.078,-0.011712
393.1,298.078,-0.013725
393.2,298.078,-0.015714
393.3,298.078,-0.01765
393.4,298.078,-0.019535
393.5,298.078,-0.021367
393.6,298.078,-0.023145
393.7,298.078,-0.02487
393.8,298.078,-0.026541
393.9,298.078,-0.028158
394.0,298.078,-0.029777
394.1,298.078,-0.031932
394.2,298.077,-0.03403
394.3,298.077,-0.036011
394.4,298.077,-0.037875
394.5,298.077,-0.03962
394.6,298.077,-0.041247
394.7,298.077,-0.042753
394.8,298.077,-0.044139
394.9,298.077,-0.045404
395.0,298.077,-0.04658
395.1,298.077,-0.047799
395.2,298.077,-0.048874
395.3,298.077,-0.049772
395.4,298.077,-0.05049
395.5,298.077,-0.051029
395.6,298.077,-0.051387
395.7,298.076,-0.051562
395.8,298.076,-0.051555
395.9,298.076,-0.051367
396.0,298.076,-0.050997
396.1,298.076,-0.050448
396.2,298.076,-0.049731
396.3,298.076,-0.048841
396.4,298.076,-0.047779
396.5,298.076,-0.046544
396.6,298.076,-0.045136
396.7,298.076,-0.043554
396.8,298.076,-0.041797
396.9,298.076,-0.039866
397.0,298.075,-0.037936
397.1,298.075,-0.037212
397.2,298.075,-0.036683
397.3,298.075,-0.036174
397.4,298.075,-0.035684
397.5,298.075,-0.035212
397.6,298.075,-0.034756
397.7,298.075,-0.034317
397.8,298.075,-0.033892
397.9,298.075,-0.033482
398.0,298.075,-0.03321
398.1,298.075,-0.035366
398.2,298.075,-0.037377
398.3,298.075,-0.039111
398.4,298.075,-0.040557
398.5,298.075,-0.041708
398.6,298.075,-0.042555
398.7,298.075,-0.043091
398.8,298.074,-0.043309
398.9,298.074,-0.043202
399.0,298.074,-0.042763
399.1,298.074,-0.041987
399.2,298.074,-0.040869
399.3,298.074,-0.039402
399.4,298.074,-0.037582
399.5,298.074,-0.035405
399.6,298.074,-0.032865
399.7,298.074,-0.029959
399.8,298.074,-0.026683
399.9,298.074,-0.023033
400.0,298.074,-0.01905
400.1,298.074,-0.017395
400.2,298.074,-0.015719
400.3,298.074,-0.013978
400.4,298.074,-0.012173
400.5,298.074,-0.010303
400.6,298.074,-0.00837
400.7,298.074,-0.006372
400.8,298.074,-0.004311
400.9,298.074,-0.002185
401.0,298.074,0.0
401.1,298.074,0.0
401.2,298.074,0.0
401.3,298.074,0.0
401.4,298.074,0.0
401.5,298.074,0.0
401.6,298.074,0.0
401.7,298.074,0.0
401.8,298.074,0.0
401.9,298.074,0.0
402.0,298.074,0.0
402.1,298.074,0.0
402.2,298.074,0.0
402.3,298.074,0.0
402.4,298.074,0.0
402.5,298.074,0.0
402.6,298.074,0.0
402.7,298.074,0.0
402.8,298.074,0.0
402.9,298.074,0.0
403.0,298.074,0.0
403.1,298.074,0.0
403.2,298.074,0.0
403.3,298.074,0.0
403.4,298.074,0.0
403.5,298.074,0.0
403.6,298.074,0.0
403.7,298.074,0.0
403.8,298.074,0.0
403.9,298.074,0.0
404.0,298.074,0.0
404.1,298.074,0.0
404.2,298.074,0.0
404.3,298.074,0.0
404.4,298.074,0.0
404.5,298.074,0.0
404.6,298.074,0.0
404.7,298.074,0.0
404.8,298.074,0.0
404.9,298.074,0.0
405.0,298.074,0.0
405.1,298.074,0.0
405.2,298.074,0.0
405.3,298.074,0.0
405.4,298.074,0.0
405.5,298.074,0.0
405.6,298.074,0.0
405.7,298.074,0.0
405.8,298.074,0.0
405.9,298.074,0.0
406.0,298.074,0.0
406.1,298.074,0.0
406.2,298.074,0.0
406.3,298.074,0.0
406.4,298.074,0.0
406.5,298.074,0.0
406.6,298.074,0.0
406.7,298.074,0.0
406.8,298.074,0.0
406.9,298.074,0.0
407.0,298.074,0.0
407.1,298.074,0.0
407.2,298.074,0.0
407.3,298.074,0.0
407.4,298.074,0.0
407.5,298.074,0.0
407.6,298.074,0.0
407.7,298.074,0.0
407.8,298.074,0.0
407.9,298.074,0.0
408.0,298.074,-0.0
408.1,298.074,-0.000257
408.2,298.074,-0.000514
408.3,298.074,-0.000772
408.4,298.074,-0.001029
408.5,298.074,-0.001286
408.6,298.074,-0.001543
408.7,298.074,-0.001799
408.8,298.074,-0.002054
408.9,298.074,-0.002309
409.0,298.074,-0.00257
409.1,298.074,-0.003556
409.2,298.074,-0.00454
409.3,298.074,-0.005514
409.4,298.074,-0.006478
409.5,298.074,-0.007431
409.6,298.074,-0.008375
409.7,298.074,-0.009307
409.8,298.074,-0.01023
409.9,298.074,-0.011142
410.0,298.074,-0.011983
410.1,298.074,-0.012281
410.2,298.074,-0.012519
410.3,298.074,-0.012756
410.4,298.074,-0.012992
410.5,298.074,-0.013227
410.6,298.074,-0.013462
410.7,298.074,-0.013696
410.8,298.074,-0.013929
410.9,298.074,-0.014161
411.0,298.074,-0.014405
411.1,298.074,-0.014647
411.2,298.074,-0.014888
411.3,298.074,-0.015129
411.4,298.074,-0.015368
411.5,298.074,-0.015607
411.6,298.074,-0.015845
411.7,298.074,-0.016088
411.8,298.074,-0.016332
411.9,298.074,-0.016575
412.0,298.074,-0.016818
412.1,298.074,-0.017059
412.2,298.074,-0.017299
412.3,298.074,-0.017539
412.4,298.074,-0.01778
412.5,298.074,-0.018024
412.6,298.074,-0.018266
412.7,298.074,-0.018508
412.8,298.074,-0.018749
412.9,298.074,-0.018988
413.0,298.074,-0.019261
413.1,298.074,-0.020577
413.2,298.073,-0.021897
413.3,298.073,-0.023185
413.4,298.073,-0.024442
413.5,298.073,-0.025667
413.6,298.073,-0.026859
413.7,298.073,-0.028019
413.8,298.073,-0.029146
413.9,298.073,-0.030249
414.0,298.073,-0.03132
414.1,298.073,-0.032357
414.2,298.073,-0.033361
414.3,298.073,-0.034339
414.4,298.073,-0.035281
414.5,298.073,-0.036189
414.6,298.073,-0.037061
414.7,298.073,-0.037897
414.8,298.073,-0.038698
414.9,298.073,-0.039463
415.0,298.073,-0.040161
415.1,298.073,-0.040081
415.2,298.073,-0.039974
415.3,298.072,-0.03987
415.4,298.072,-0.039769
415.5,298.072,-0.03967
415.6,298.072,-0.039575
415.7,298.072,-0.039482
415.8,298.072,-0.039392
415.9,298.072,-0.039304
416.0,298.072,-0.039205
416.1,298.072,-0.037952
416.2,298.072,-0.03663
416.3,298.072,-0.035252
416.4,298.072,-0.033815
416.5,298.072,-0.032319
416.6,298.072,-0.030761
416.7,298.072,-0.02914
416.8,298.072,-0.02746
416.9,298.072,-0.025749
417.0,298.072,-0.023975
417.1,298.072,-0.022202
417.2,298.071,-0.020461
417.3,298.071,-0.018664
417.4,298.071,-0.01681
417.5,298.071,-0.014899
417.6,298.071,-0.01293
417.7,298.071,-0.010903
417.8,298.071,-0.008816
417.9,298.071,-0.006671
418.0,298.071,-0.004479
418.1,298.071,-0.004032
418.2,298.071,-0.003597
418.3,298.071,-0.003158
418.4,298.071,-0.002716
418.5,298.071,-0.002271
418.6,298.071,-0.001822
418.7,298.071,-0.001371
418.8,298.071,-0.000916
418.9,298.071,-0.000458
419.0,298.071,0.0
419.1,298.071,0.0
419.2,298.071,0.0
419.3,298.071,0.0
419.4,298.071,0.0
419.5,298.071,0.0
419.6,298.071,0.0
419.7,298.071,0.0
419.8,298.071,0.0
419.9,298.071,0.0
420.0,298.071,-0.0
420.1,298.071,-3.2e-05
420.2,298.071,-6.4e-05
420.3,298.071,-9.6e-05
420.4,298.071,-0.000128
420.5,298.071,-0.00016
420.6,298.071,-0.000192
420.7,298.071,-0.000224
420.8,298.071,-0.000256
420.9,298.071,-0.000288
421.0,298.072,-0.000321
421.1,298.072,-0.002109
421.2,298.072,-0.003869
421.3,298.072,-0.005598
421.4,298.072,-0.007296
421.5,298.072,-0.008963
421.6,298.071,-0.010598
421.7,298.071,-0.0122
421.8,298.071,-0.01377
421.9,298.071,-0.015306
422.0,298.071,-0.016818
422.1,298.071,-0.018323
422.2,298.071,-0.019793
422.3,298.071,-0.021227
422.4,298.071,-0.022626
422.5,298.071,-0.023989
422.6,298.071,-0.025315
422.7,298.071,-0.026603
422.8,298.071,-0.027854
422.9,298.071,-0.029067
423.0,298.071,-0.030298
423.1,298.071,-0.032521
423.2,298.071,-0.034655
423.3,298.071,-0.036643
423.4,298.071,-0.038484
423.5,298.071,-0.040176
423.6,298.071,-0.041719
423.7,298.071,-0.04311
423.8,298.071,-0.044351
423.9,298.071,-0.045439
424.0,298.071,-0.046431
424.1,298.07,-0.047784
424.2,298.07,-0.04874
424.3,298.07,-0.049237
424.4,298.07,-0.049271
424.5,298.07,-0.048839
424.6,298.07,-0.047937
424.7,298.07,-0.046563
424.8,298.07,-0.044714
424.9,298.07,-0.042341
425.0,298.07,-0.039411
425.1,298.07,-0.035558
425.2,298.07,-0.030803
425.3,298.07,-0.025306
425.4,298.07,-0.019065
425.5,298.07,-0.012074
425.6,298.07,-0.00433
425.7,298.07,0.004169
425.8,298.07,0.013428
425.9,298.07,0.023449
426.0,298.07,0.034186
426.1,298.07,0.03794
426.2,298.07,0.041668
426.3,298.07,0.045418
426.4,298.07,0.049182
426.5,298.07,0.052983
426.6,298.07,0.056808
426.7,298.07,0.06067
426.8,298.07,0.064563
426.9,298.07,0.068486
427.0,298.071,0.072434
427.1,298.071,0.059552
427.2,298.071,0.047374
427.3,298.071,0.035938
427.4,298.071,0.025268
427.5,298.071,0.015392
427.6,298.071,0.00633
427.7,298.071,-0.001894
427.8,298.071,-0.009247
427.9,298.071,-0.015714
428.0,298.071,-0.021294
428.1,298.071,-0.025823
428.2,298.071,-0.029466
428.3,298.071,-0.032258
428.4,298.071,-0.034189
428.5,298.071,-0.035246
428.6,298.071,-0.035417
428.7,298.071,-0.034694
428.8,298.071,-0.033071
428.9,298.071,-0.030538
429.0,298.071,-0.027087
429.1,298.071,-0.025271
429.2,298.071,-0.023294
429.3,298.07,-0.021108
429.4,298.07,-0.018715
429.5,298.07,-0.016114
429.6,298.07,-0.013306
429.7,298.07,-0.01029
429.8,298.07,-0.007067
429.9,298.07,-0.003636
430.0,298.07,0.0
430.1,298.07,0.0
430.2,298.07,0.0
430.3,298.07,0.0
430.4,298.07,0.0
430.5,298.07,0.0
430.6,298.07,0.0
430.7,298.07,0.0
430.8,298.07,0.0
430.9,298.07,0.0
431.0,298.07,0.0
431.1,298.07,0.0
431.2,298.07,0.0
431.3,298.07,0.0
431.4,298.07,0.0
431.5,298.07,0.0
431.6,298.07,0.0
431.7,298.071,0.0
431.8,298.071,0.0
431.9,298.071,0.0
432.0,298.071,-0.0
432.1,298.071,-0.001913
432.2,298.071,-0.003793
432.3,298.071,-0.005635
432.4,298.071,-0.007439
432.5,298.071,-0.009204
432.6,298.071,-0.010929
432.7,298.071,-0.012614
432.8,298.07,-0.014256
432.9,298.07,-0.015857
433.0,298.07,-0.017366
433.1,298.07,-0.016116
433.2,298.07,-0.01479
433.3,298.07,-0.013435
433.4,298.07,-0.012051
433.5,298.07,-0.010637
433.6,298.07,-0.009193
433.7,298.07,-0.007719
433.8,298.07,-0.006214
433.9,298.07,-0.004677
434.0,298.07,-0.003119
434.1,298.07,-0.002805
434.2,298.07,-0.0025
434.3,298.07,-0.002193
434.4,298.07,-0.001884
434.5,298.07,-0.001574
434.6,298.07,-0.001262
434.7,298.07,-0.000948
434.8,298.07,-0.000633
434.9,298.07,-0.000316
435.0,298.07,0.0
435.1,298.07,0.0
435.2,298.07,0.0
435.3,298.07,0.0
435.4,298.07,0.0
435.5,298.07,0.0
435.6,298.07,0.0
435.7,298.07,0.0
435.8,298.07,0.0
435.9,298.07,0.0
436.0,298.07,0.0
436.1,298.07,0.0
436.2,298.07,0.0
436.3,298.07,0.0
436.4,298.07,0.0
436.5,298.07,0.0
436.6,298.07,0.0
436.7,298.07,0.0
436.8,298.071,0.0
436.9,298.071,0.0
437.0,298.071,0.0
437.1,298.071,0.0
437.2,298.071,0.0
437.3,298.071,0.0
437.4,298.071,0.0
437.5,298.071,0.0
437.6,298.071,0.0
437.7,298.071,0.0
437.8,298.071,0.0
437.9,298.071,0.0
438.0,298.071,0.0
438.1,298.071,0.0
438.2,298.071,0.0
438.3,298.071,0.0
438.4,298.071,0.0
438.5,298.071,0.0
438.6,298.071,0.0
438.7,298.071,0.0
438.8,298.071,0.0
438.9,298.071,0.0
439.0,298.071,0.0
439.1,298.071,0.0
439.2,298.071,0.0
439.3,298.071,0.0
439.4,298.071,0.0
439.5,298.071,0.0
439.6,298.071,0.0
439.7,298.071,0.0
439.8,298.071,0.0
439.9,298.071,0.0
440.0,298.071,0.0
440.1,298.071,0.0
440.2,298.071,0.0
440.3,298.071,0.0
440.4,298.071,0.0
440.5,298.071,0.0
440.6,298.071,0.0
440.7,298.071,0.0
440.8,298.071,0.0
440.9,298.071,0.0
441.0,298.071,0.0
441.1,298.071,0.0
441.2,298.071,0.0
441.3,298.071,0.0
441.4,298.071,0.0
441.5,298.071,0.0
441.6,298.071,0.0
441.7,298.071,0.0
441.8,298.071,0.0
441.9,298.071,0.0
442.0,298.071,0.0
442.1,298.071,0.0
442.2,298.071,0.0
442.3,298.071,0.0
442.4,298.071,0.0
442.5,298.071,0.0
442.6,298.071,0.0
442.7,298.071,0.0
442.8,298.071,0.0
442.9,298.071,0.0
443.0,298.071,0.0
443.1,298.071,0.0
443.2,298.071,0.0
443.3,298.071,0.0
443.4,298.071,0.0
443.5,298.071,0.0
443.6,298.071,0.0
443.7,298.071,0.0
443.8,298.071,0.0
443.9,298.071,0.0
444.0,298.071,0.0
444.1,298.071,0.0
444.2,298.071,0.0
444.3,298.071,0.0
444.4,298.071,0.0
444.5,298.071,0.0
444.6,298.071,0.0
444.7,298.071,0.0
444.8,298.071,0.0
444.9,298.071,0.0
445.0,298.071,0.0
445.1,298.071,0.0
445.2,298.071,0.0
445.3,298.071,0.0
445.4,298.071,0.0
445.5,298.071,0.0
445.6,298.071,0.0
445.7,298.071,0.0
445.8,298.071,0.0
445.9,298.071,0.0
446.0,298.071,0.0
446.1,298.071,0.0
446.2,298.071,0.0
446.3,298.071,0.0
446.4,298.071,0.0
446.5,298.071,0.0
446.6,298.071,0.0
446.7,298.071,0.0
446.8,298.071,0.0
446.9,298.071,0.0
447.0,298.071,0.0
447.1,298.071,0.0
447.2,298.071,0.0
447.3,298.071,0.0
447.4,298.071,0.0
447.5,298.071,0.0
447.6,298.071,0.0
447.7,298.071,0.0
447.8,298.071,0.0
447.9,298.071,0.0
448.0,298.071,0.0
448.1,298.071,0.0
448.2,298.071,0.0
448.3,298.071,0.0
448.4,298.071,0.0
448.5,298.071,0.0
448.6,298.071,0.0
448.7,298.071,0.0
448.8,298.071,0.0
448.9,298.071,0.0
449.0,298.071,0.0
449.1,298.071,0.0
449.2,298.071,0.0
449.3,298.071,0.0
449.4,298.071,0.0
449.5,298.071,0.0
449.6,298.071,0.0
449.7,298.071,0.0
449.8,298.071,0.0
449.9,298.071,0.0
450.0,298.071,0.0
450.1,298.071,0.0
450.2,298.071,0.0
450.3,298.071,0.0
450.4,298.071,0.0
450.5,298.071,0.0
450.6,298.071,0.0
450.7,298.071,0.0
450.8,298.071,0.0
450.9,298.071,0.0
451.0,298.071,0.0
451.1,298.071,0.0
451.2,298.071,0.0
451.3,298.071,0.0
451.4,298.071,0.0
451.5,298.072,0.0
451.6,298.072,0.0
451.7,298.072,0.0
451.8,298.072,0.0
451.9,298.072,0.0
452.0,298.072,0.0
452.1,298.072,0.0
452.2,298.072,0.0
452.3,298.072,0.0
452.4,298.072,0.0
452.5,298.072,0.0
452.6,298.072,0.0
452.7,298.072,0.0
452.8,298.072,0.0
452.9,298.072,0.0
453.0,298.072,0.0
453.1,298.072,0.0
453.2,298.072,0.0
453.3,298.072,0.0
453.4,298.072,0.0
453.5,298.072,0.0
453.6,298.072,0.0
453.7,298.072,0.0
453.8,298.072,0.0
453.9,298.072,0.0
454.0,298.072,0.0
454.1,298.072,0.0
454.2,298.072,0.0
454.3,298.072,0.0
454.4,298.072,0.0
454.5,298.072,0.0
454.6,298.072,0.0
454.7,298.072,0.0
454.8,298.072,0.0
454.9,298.072,0.0
455.0,298.072,0.0
455.1,298.072,0.0
455.2,298.072,0.0
455.3,298.072,0.0
455.4,298.072,0.0
455.5,298.072,0.0
455.6,298.072,0.0
455.7,298.072,0.0
455.8,298.072,0.0
455.9,298.072,0.0
456.0,298.072,0.0
456.1,298.072,0.0
456.2,298.072,0.0
456.3,298.072,0.0
456.4,298.072,0.0
456.5,298.072,0.0
456.6,298.072,0.0
456.7,298.072,0.0
456.8,298.072,0.0
456.9,298.072,0.0
457.0,298.072,0.0
457.1,298.072,0.0
457.2,298.072,0.0
457.3,298.072,0.0
457.4,298.072,0.0
457.5,298.072,0.0
457.6,298.072,0.0
457.7,298.072,0.0
457.8,298.072,0.0
457.9,298.072,0.0
458.0,298.072,0.0
458.1,298.072,0.0
458.2,298.072,0.0
458.3,298.072,0.0
458.4,298.072,0.0
458.5,298.072,0.0
458.6,298.072,0.0
458.7,298.072,0.0
458.8,298.072,0.0
458.9,298.072,0.0
459.0,298.072,0.0
459.1,298.072,0.0
459.2,298.072,0.0
459.3,298.072,0.0
459.4,298.072,0.0
459.5,298.072,0.0
459.6,298.072,0.0
459.7,298.072,0.0
459.8,298.072,0.0
459.9,298.072,0.0
460.0,298.072,0.0
460.1,298.072,0.0
460.2,298.072,0.0
460.3,298.072,0.0
460.4,298.072,0.0
460.5,298.072,0.0
460.6,298.072,0.0
460.7,298.072,0.0
460.8,298.072,0.0
460.9,298.072,0.0
461.0,298.072,0.0
461.1,298.072,0.0
461.2,298.072,0.0
461.3,298.072,0.0
461.4,298.072,0.0
461.5,298.072,0.0
461.6,298.072,0.0
461.7,298.072,0.0
461.8,298.072,0.0
461.9,298.072,0.0
462.0,298.072,0.0
462.1,298.072,0.0
462.2,298.072,0.0
462.3,298.072,0.0
462.4,298.072,0.0
462.5,298.072,0.0
462.6,298.072,0.0
462.7,298.072,0.0
462.8,298.072,0.0
462.9,298.072,0.0
463.0,298.072,0.0
463.1,298.072,0.0
463.2,298.072,0.0
463.3,298.072,0.0
463.4,298.072,0.0
463.5,298.072,0.0
463.6,298.072,0.0
463.7,298.072,0.0
463.8,298.072,0.0
463.9,298.072,0.0
464.0,298.072,0.0
464.1,298.072,0.0
464.2,298.072,0.0
464.3,298.072,0.0
464.4,298.072,0.0
464.5,298.072,0.0
464.6,298.072,0.0
464.7,298.072,0.0
464.8,298.072,0.0
464.9,298.072,0.0
465.0,298.072,0.0
465.1,298.072,0.0
465.2,298.072,0.0
465.3,298.072,0.0
465.4,298.072,0.0
465.5,298.072,0.0
465.6,298.072,0.0
465.7,298.072,0.0
465.8,298.072,0.0
465.9,298.072,0.0
466.0,298.072,0.0
466.1,298.072,0.0
466.2,298.072,0.0
466.3,298.072,0.0
466.4,298.072,0.0
466.5,298.072,0.0
466.6,298.073,0.0
466.7,298.073,0.0
466.8,298.073,0.0
466.9,298.073,0.0
467.0,298.073,0.0
467.1,298.073,0.0
467.2,298.073,0.0
467.3,298.073,0.0
467.4,298.073,0.0
467.5,298.073,0.0
467.6,298.073,0.0
467.7,298.073,0.0
467.8,298.073,0.0
467.9,298.073,0.0
468.0,298.073,0.0
468.1,298.073,0.0
468.2,298.073,0.0
468.3,298.073,0.0
468.4,298.073,0.0
468.5,298.073,0.0
468.6,298.073,0.0
468.7,298.073,0.0
468.8,298.073,0.0
468.9,298.073,0.0
469.0,298.073,0.0
469.1,298.073,0.0
469.2,298.073,0.0
469.3,298.073,0.0
469.4,298.073,0.0
469.5,298.073,0.0
469.6,298.073,0.0
469.7,298.073,0.0
469.8,298.073,0.0
469.9,298.073,0.0
470.0,298.073,0.0
470.1,298.073,0.0
470.2,298.073,0.0
470.3,298.073,0.0
470.4,298.073,0.0
470.5,298.073,0.0
470.6,298.073,0.0
470.7,298.073,0.0
470.8,298.073,0.0
470.9,298.073,0.0
471.0,298.073,0.0
471.1,298.073,0.0
471.2,298.073,0.0
471.3,298.073,0.0
471.4,298.073,0.0
471.5,298.073,0.0
471.6,298.073,0.0
471.7,298.073,0.0
471.8,298.073,0.0
471.9,298.073,0.0
472.0,298.073,0.0
472.1,298.073,0.0
472.2,298.073,0.0
472.3,298.073,0.0
472.4,298.073,0.0
472.5,298.073,0.0
472.6,298.073,0.0
472.7,298.073,0.0
472.8,298.073,0.0
472.9,298.073,0.0
473.0,298.073,0.0
473.1,298.073,0.0
473.2,298.073,0.0
473.3,298.073,0.0
473.4,298.073,0.0
473.5,298.073,0.0
473.6,298.073,0.0
473.7,298.073,0.0
473.8,298.073,0.0
473.9,298.073,0.0
474.0,298.073,0.0
474.1,298.073,0.0
474.2,298.073,0.0
474.3,298.073,0.0
474.4,298.073,0.0
474.5,298.073,0.0
474.6,298.073,0.0
474.7,298.073,0.0
474.8,298.073,0.0
474.9,298.073,0.0
475.0,298.073,0.0
475.1,298.073,0.0
475.2,298.073,0.0
475.3,298.073,0.0
475.4,298.073,0.0
475.5,298.073,0.0
475.6,298.073,0.0
475.7,298.073,0.0
475.8,298.073,0.0
475.9,298.073,0.0
476.0,298.073,0.0
476.1,298.073,0.0
476.2,298.073,0.0
476.3,298.073,0.0
476.4,298.073,0.0
476.5,298.073,0.0
476.6,298.073,0.0
476.7,298.073,0.0
476.8,298.073,0.0
476.9,298.073,0.0
477.0,298.073,0.0
477.1,298.073,0.0
477.2,298.073,0.0
477.3,298.073,0.0
477.4,298.073,0.0
477.5,298.073,0.0
477.6,298.073,0.0
477.7,298.073,0.0
477.8,298.073,0.0
477.9,298.073,0.0
478.0,298.073,0.0
478.1,298.073,0.0
478.2,298.073,0.0
478.3,298.073,0.0
478.4,298.073,0.0
478.5,298.073,0.0
478.6,298.073,0.0
478.7,298.073,0.0
478.8,298.073,0.0
478.9,298.073,0.0
479.0,298.073,0.0
479.1,298.073,0.0
479.2,298.073,0.0
479.3,298.073,0.0
479.4,298.073,0.0
479.5,298.073,0.0
479.6,298.073,0.0
479.7,298.073,0.0
479.8,298.073,0.0
479.9,298.073,0.0
480.0,298.073,0.0
480.1,298.073,0.0
480.2,298.073,0.0
480.3,298.073,0.0
480.4,298.073,0.0
480.5,298.073,0.0
480.6,298.073,0.0
480.7,298.073,0.0
480.8,298.073,0.0
480.9,298.073,0.0
481.0,298.073,0.0
481.1,298.073,0.0
481.2,298.073,0.0
481.3,298.073,0.0
481.4,298.073,0.0
481.5,298.073,0.0
481.6,298.073,0.0
481.7,298.073,0.0
481.8,298.073,0.0
481.9,298.074,0.0
482.0,298.074,0.0
482.1,298.074,0.0
482.2,298.074,0.0
482.3,298.074,0.0
482.4,298.074,0.0
482.5,298.074,0.0
482.6,298.074,0.0
482.7,298.074,0.0
482.8,298.074,0.0
482.9,298.074,0.0
483.0,298.074,0.0
483.1,298.074,0.0
483.2,298.074,0.0
483.3,298.074,0.0
483.4,298.074,0.0
483.5,298.074,0.0
483.6,298.074,0.0
483.7,298.074,0.0
483.8,298.074,0.0
483.9,298.074,0.0
484.0,298.074,0.0
484.1,298.074,0.0
484.2,298.074,0.0
484.3,298.074,0.0
484.4,298.074,0.0
484.5,298.074,0.0
484.6,298.074,0.0
484.7,298.074,0.0
484.8,298.074,0.0
484.9,298.074,0.0
485.0,298.074,0.0
485.1,298.074,0.0
485.2,298.074,0.0
485.3,298.074,0.0
485.4,298.074,0.0
485.5,298.074,0.0
485.6,298.074,0.0
485.7,298.074,0.0
485.8,298.074,0.0
485.9,298.074,0.0
486.0,298.074,0.0
486.1,298.074,0.0
486.2,298.074,0.0
486.3,298.074,0.0
486.4,298.074,0.0
486.5,298.074,0.0
486.6,298.074,0.0
486.7,298.074,0.0
486.8,298.074,0.0
486.9,298.074,0.0
487.0,298.074,0.0
487.1,298.074,0.0
487.2,298.074,0.0
487.3,298.074,0.0
487.4,298.074,0.0
487.5,298.074,0.0
487.6,298.074,0.0
487.7,298.074,0.0
487.8,298.074,0.0
487.9,298.074,0.0
488.0,298.074,0.0
488.1,298.074,0.0
488.2,298.074,0.0
488.3,298.074,0.0
488.4,298.074,0.0
488.5,298.074,0.0
488.6,298.074,0.0
488.7,298.074,0.0
488.8,298.074,0.0
488.9,298.074,0.0
489.0,298.074,0.0
489.1,298.074,0.0
489.2,298.074,0.0
489.3,298.074,0.0
489.4,298.074,0.0
489.5,298.074,0.0
489.6,298.074,0.0
489.7,298.074,0.0
489.8,298.074,0.0
489.9,298.074,0.0
490.0,298.074,0.0
490.1,298.074,0.0
490.2,298.074,0.0
490.3,298.074,0.0
490.4,298.074,0.0
490.5,298.074,0.0
490.6,298.074,0.0
490.7,298.074,0.0
490.8,298.074,0.0
490.9,298.074,0.0
491.0,298.074,0.0
491.1,298.074,0.0
491.2,298.074,0.0
491.3,298.074,0.0
491.4,298.074,0.0
491.5,298.074,0.0
491.6,298.074,0.0
491.7,298.074,0.0
491.8,298.074,0.0
491.9,298.074,0.0
492.0,298.074,0.0
492.1,298.074,0.0
492.2,298.074,0.0
492.3,298.074,0.0
492.4,298.074,0.0
492.5,298.074,0.0
492.6,298.074,0.0
492.7,298.074,0.0
492.8,298.074,0.0
492.9,298.074,0.0
493.0,298.074,0.0
493.1,298.074,0.0
493.2,298.074,0.0
493.3,298.074,0.0
493.4,298.074,0.0
493.5,298.074,0.0
493.6,298.074,0.0
493.7,298.074,0.0
493.8,298.074,0.0
493.9,298.074,0.0
494.0,298.074,0.0
494.1,298.074,0.0
494.2,298.074,0.0
494.3,298.074,0.0
494.4,298.074,0.0
494.5,298.074,0.0
494.6,298.074,0.0
494.7,298.074,0.0
494.8,298.074,0.0
494.9,298.074,0.0
495.0,298.074,0.0
495.1,298.074,0.0
495.2,298.074,0.0
495.3,298.074,0.0
495.4,298.074,0.0
495.5,298.074,0.0
495.6,298.074,0.0
495.7,298.074,0.0
495.8,298.074,0.0
495.9,298.074,0.0
496.0,298.074,0.0
496.1,298.074,0.0
496.2,298.074,0.0
496.3,298.074,0.0
496.4,298.074,0.0
496.5,298.074,0.0
496.6,298.074,0.0
496.7,298.074,0.0
496.8,298.074,0.0
496.9,298.074,0.0
497.0,298.074,0.0
497.1,298.074,0.0
497.2,298.074,0.0
497.3,298.074,0.0
497.4,298.074,0.0
497.5,298.075,0.0
497.6,298.075,0.0
497.7,298.075,0.0
497.8,298.075,0.0
497.9,298.075,0.0
498.0,298.075,0.0
498.1,298.075,0.0
498.2,298.075,0.0
498.3,298.075,0.0
498.4,298.075,0.0
498.5,298.075,0.0
498.6,298.075,0.0
498.7,298.075,0.0
498.8,298.075,0.0
498.9,298.075,0.0
499.0,298.075,0.0
499.1,298.075,0.0
499.2,298.075,0.0
499.3,298.075,0.0
499.4,298.075,0.0
499.5,298.075,0.0
499.6,298.075,0.0
499.7,298.075,0.0
499.8,298.075,0.0
499.9,298.075,0.0
500.0,298.075,0.0
500.1,298.075,0.0
500.2,298.075,0.0
500.3,298.075,0.0
500.4,298.075,0.0
500.5,298.075,0.0
500.6,298.075,0.0
500.7,298.075,0.0
500.8,298.075,0.0
500.9,298.075,0.0
501.0,298.075,0.0
501.1,298.075,0.0
501.2,298.075,0.0
501.3,298.075,0.0
501.4,298.075,0.0
501.5,298.075,0.0
501.6,298.075,0.0
501.7,298.075,0.0
501.8,298.075,0.0
501.9,298.075,0.0
502.0,298.075,0.0
502.1,298.075,0.0
502.2,298.075,0.0
502.3,298.075,0.0
502.4,298.075,0.0
502.5,298.075,0.0
502.6,298.075,0.0
502.7,298.075,0.0
502.8,298.075,0.0
502.9,298.075,0.0
503.0,298.075,0.0
503.1,298.075,0.0
503.2,298.075,0.0
503.3,298.075,0.0
503.4,298.075,0.0
503.5,298.075,0.0
503.6,298.075,0.0
503.7,298.075,0.0
503.8,298.075,0.0
503.9,298.075,0.0
504.0,298.075,0.0
504.1,298.075,0.0
504.2,298.075,0.0
504.3,298.075,0.0
504.4,298.075,0.0
504.5,298.075,0.0
504.6,298.075,0.0
504.7,298.075,0.0
504.8,298.075,0.0
504.9,298.075,0.0
505.0,298.075,0.0
505.1,298.075,0.0
505.2,298.075,0.0
505.3,298.075,0.0
505.4,298.075,0.0
505.5,298.075,0.0
505.6,298.075,0.0
505.7,298.075,0.0
505.8,298.075,0.0
505.9,298.075,0.0
506.0,298.075,0.0
506.1,298.075,0.0
506.2,298.075,0.0
506.3,298.075,0.0
506.4,298.075,0.0
506.5,298.075,0.0
506.6,298.075,0.0
506.7,298.075,0.0
506.8,298.075,0.0
506.9,298.075,0.0
507.0,298.075,0.0
507.1,298.075,0.0
507.2,298.075,0.0
507.3,298.075,0.0
507.4,298.075,0.0
507.5,298.075,0.0
507.6,298.075,0.0
507.7,298.075,0.0
507.8,298.075,0.0
507.9,298.075,0.0
508.0,298.075,0.0
508.1,298.075,0.0
508.2,298.075,0.0
508.3,298.075,0.0
508.4,298.075,0.0
508.5,298.075,0.0
508.6,298.075,0.0
508.7,298.075,0.0
508.8,298.075,0.0
508.9,298.075,0.0
509.0,298.075,0.0
509.1,298.075,0.0
509.2,298.075,0.0
509.3,298.075,0.0
509.4,298.075,0.0
509.5,298.075,0.0
509.6,298.075,0.0
509.7,298.075,0.0
509.8,298.075,0.0
509.9,298.075,0.0
510.0,298.075,0.0
510.1,298.075,0.0
510.2,298.075,0.0
510.3,298.075,0.0
510.4,298.075,0.0
510.5,298.075,0.0
510.6,298.075,0.0
510.7,298.075,0.0
510.8,298.075,0.0
510.9,298.075,0.0
511.0,298.075,-0.0
511.1,298.075,-0.000234
511.2,298.075,-0.000467
511.3,298.075,-0.000702
511.4,298.075,-0.000936
511.5,298.075,-0.00117
511.6,298.075,-0.001403
511.7,298.075,-0.001635
511.8,298.075,-0.001866
511.9,298.075,-0.002096
512.0,298.075,-0.002336
512.1,298.075,-0.00419
512.2,298.075,-0.006019
512.3,298.075,-0.007814
512.4,298.075,-0.009576
512.5,298.075,-0.011304
512.6,298.075,-0.012997
512.7,298.075,-0.014655
512.8,298.075,-0.016278
512.9,298.075,-0.017865
513.0,298.075,-0.019439
513.1,298.075,-0.023297
513.2,298.075,-0.02695
513.3,298.075,-0.03037
513.4,298.075,-0.033557
513.5,298.075,-0.036508
513.6,298.075,-0.03922
513.7,298.075,-0.041692
513.8,298.075,-0.043921
513.9,298.075,-0.045906
514.0,298.075,-0.047676
514.1,298.075,-0.049218
514.2,298.075,-0.050494
514.3,298.075,-0.051509
514.4,298.074,-0.052252
514.5,298.074,-0.052719
514.6,298.074,-0.052909
514.7,298.074,-0.052821
514.8,298.074,-0.052454
514.9,298.074,-0.051806
515.0,298.074,-0.050899
515.1,298.074,-0.050291
515.2,298.074,-0.049698
515.3,298.074,-0.049098
515.4,298.074,-0.048492
515.5,298.074,-0.047877
515.6,298.073,-0.047255
515.7,298.073,-0.046624
515.8,298.073,-0.045984
515.9,298.073,-0.045336
516.0,298.073,-0.044762
516.1,298.073,-0.045669
516.2,298.073,-0.046418
516.3,298.073,-0.046918
516.4,298.073,-0.047161
516.5,298.073,-0.047138
516.6,298.073,-0.046841
516.7,298.073,-0.046265
516.8,298.073,-0.045401
516.9,298.073,-0.044255
517.0,298.072,-0.042831
517.1,298.072,-0.041246
517.2,298.072,-0.039462
517.3,298.072,-0.037431
517.4,298.072,-0.035151
517.5,298.072,-0.032618
517.6,298.072,-0.029829
517.7,298.072,-0.02678
517.8,298.072,-0.023469
517.9,298.072,-0.019894
518.0,298.072,-0.016077
518.1,298.072,-0.014626
518.2,298.072,-0.01316
518.3,298.072,-0.011655
518.4,298.072,-0.010109
518.5,298.072,-0.008523
518.6,298.072,-0.006897
518.7,298.072,-0.005232
518.8,298.072,-0.003526
518.9,298.072,-0.001782
519.0,298.072,0.0
519.1,298.072,0.0
519.2,298.072,0.0
519.3,298.072,0.0
519.4,298.072,0.0
519.5,298.072,0.0
519.6,298.072,0.0
519.7,298.072,0.0
519.8,298.072,0.0
519.9,298.072,0.0
520.0,298.072,0.0
520.1,298.072,0.0
520.2,298.072,0.0
520.3,298.072,0.0
520.4,298.072,0.0
520.5,298.072,0.0
520.6,298.072,0.0
520.7,298.072,0.0
520.8,298.072,0.0
520.9,298.072,0.0
521.0,298.072,0.0
521.1,298.072,0.0
521.2,298.072,0.0
521.3,298.072,0.0
521.4,298.072,0.0
521.5,298.072,0.0
521.6,298.072,0.0
521.7,298.072,0.0
521.8,298.072,0.0
521.9,298.072,0.0
522.0,298.072,0.0
522.1,298.072,0.0
522.2,298.072,0.0
522.3,298.072,0.0
522.4,298.072,0.0
522.5,298.072,0.0
522.6,298.072,0.0
522.7,298.072,0.0
522.8,298.072,0.0
522.9,298.072,0.0
523.0,298.072,0.0
523.1,298.072,0.0
523.2,298.072,0.0
523.3,298.072,0.0
523.4,298.072,0.0
523.5,298.072,0.0
523.6,298.072,0.0
523.7,298.072,0.0
523.8,298.072,0.0
523.9,298.072,0.0
524.0,298.072,0.0
524.1,298.072,0.0
524.2,298.072,0.0
524.3,298.072,0.0
524.4,298.072,0.0
524.5,298.072,0.0
524.6,298.072,0.0
524.7,298.072,0.0
524.8,298.072,0.0
524.9,298.072,0.0
525.0,298.072,0.0
525.1,298.072,0.0
525.2,298.072,0.0
525.3,298.072,0.0
525.4,298.072,0.0
525.5,298.072,0.0
525.6,298.072,0.0
525.7,298.072,0.0
525.8,298.072,0.0
525.9,298.072,0.0
526.0,298.072,0.0
526.1,298.072,0.0
526.2,298.072,0.0
526.3,298.072,0.0
526.4,298.072,0.0
526.5,298.072,0.0
526.6,298.072,0.0
526.7,298.072,0.0
526.8,298.072,0.0
526.9,298.072,0.0
527.0,298.072,0.0
527.1,298.072,0.0
527.2,298.072,0.0
527.3,298.072,0.0
527.4,298.072,0.0
527.5,298.072,0.0
527.6,298.072,0.0
527.7,298.072,0.0
527.8,298.072,0.0
527.9,298.072,0.0
528.0,298.073,0.0
528.1,298.073,0.0
528.2,298.073,0.0
528.3,298.073,0.0
528.4,298.073,0.0
528.5,298.073,0.0
528.6,298.073,0.0
528.7,298.073,0.0
528.8,298.073,0.0
528.9,298.073,0.0
529.0,298.073,0.0
529.1,298.073,0.0
529.2,298.073,0.0
529.3,298.073,0.0
529.4,298.073,0.0
529.5,298.073,0.0
529.6,298.073,0.0
529.7,298.073,0.0
529.8,298.073,0.0
529.9,298.073,0.0
530.0,298.073,0.0
530.1,298.073,0.0
530.2,298.073,0.0
530.3,298.073,0.0
530.4,298.073,0.0
530.5,298.073,0.0
530.6,298.073,0.0
530.7,298.073,0.0
530.8,298.073,0.0
530.9,298.073,0.0
531.0,298.073,0.0
531.1,298.073,0.0
531.2,298.073,0.0
531.3,298.073,0.0
531.4,298.073,0.0
531.5,298.073,0.0
531.6,298.073,0.0
531.7,298.073,0.0
531.8,298.073,0.0
531.9,298.073,0.0
532.0,298.073,-0.0
532.1,298.073,-4.9e-05
532.2,298.073,-9.8e-05
532.3,298.073,-0.000147
532.4,298.073,-0.000196
532.5,298.073,-0.000244
532.6,298.073,-0.000293
532.7,298.073,-0.000342
532.8,298.073,-0.000391
532.9,298.073,-0.00044
533.0,298.073,-0.000491
533.1,298.073,-0.000979
533.2,298.073,-0.001466
533.3,298.073,-0.001952
533.4,298.073,-0.002435
533.5,298.073,-0.002916
533.6,298.073,-0.003394
533.7,298.073,-0.00387
533.8,298.073,-0.004344
533.9,298.073,-0.004815
534.0,298.073,-0.005298
534.1,298.073,-0.006123
534.2,298.073,-0.006954
534.3,298.073,-0.007778
534.4,298.073,-0.008593
534.5,298.073,-0.009401
534.6,298.073,-0.010201
534.7,298.073,-0.010992
534.8,298.073,-0.011776
534.9,298.073,-0.012552
535.0,298.073,-0.013328
535.1,298.073,-0.014919
535.2,298.073,-0.016485
535.3,298.073,-0.018016
535.4,298.073,-0.01951
535.5,298.073,-0.02097
535.6,298.073,-0.022392
535.7,298.073,-0.023779
535.8,298.073,-0.025129
535.9,298.073,-0.026442
536.0,298.072,-0.02773
536.1,298.072,-0.030825
536.2,298.072,-0.033711
536.3,298.072,-0.036375
536.4,298.072,-0.038814
536.5,298.072,-0.041025
536.6,298.072,-0.043009
536.7,298.072,-0.044761
536.8,298.072,-0.046303
536.9,298.072,-0.047624
537.0,298.072,-0.048696
537.1,298.072,-0.049885
537.2,298.072,-0.050621
537.3,298.072,-0.05082
537.4,298.072,-0.050478
537.5,298.071,-0.049592
537.6,298.071,-0.048157
537.7,298.071,-0.046171
537.8,298.071,-0.04363
537.9,298.071,-0.040532
538.0,298.071,-0.037051
538.1,298.071,-0.035433
538.2,298.071,-0.033967
538.3,298.071,-0.03248
538.4,298.071,-0.030971
538.5,298.071,-0.029438
538.6,298.071,-0.027882
538.7,298.071,-0.026302
538.8,298.071,-0.024697
538.9,298.071,-0.023067
539.0,298.071,-0.021892
539.1,298.071,-0.026036
539.2,298.071,-0.030115
539.3,298.071,-0.033637
539.4,298.071,-0.036584
539.5,298.07,-0.038942
539.6,298.07,-0.040694
539.7,298.07,-0.041827
539.8,298.07,-0.042327
539.9,298.07,-0.042183
540.0,298.07,-0.04142
540.1,298.07,-0.040473
540.2,298.07,-0.039251
540.3,298.07,-0.037712
540.4,298.07,-0.035851
540.5,298.07,-0.033665
540.6,298.07,-0.031149
540.7,298.07,-0.028301
540.8,298.07,-0.025117
540.9,298.07,-0.021594
541.0,298.07,-0.017736
541.1,298.07,-0.017131
541.2,298.07,-0.016517
541.3,298.07,-0.01589
541.4,298.07,-0.015248
541.5,298.07,-0.014593
541.6,298.07,-0.013925
541.7,298.07,-0.013244
541.8,298.07,-0.01255
541.9,298.069,-0.011843
542.0,298.069,-0.011119
542.1,298.069,-0.010102
542.2,298.069,-0.009058
542.3,298.069,-0.007995
542.4,298.069,-0.006911
542.5,298.069,-0.005808
542.6,298.069,-0.004685
542.7,298.069,-0.003542
542.8,298.069,-0.00238
542.9,298.069,-0.001198
543.0,298.069,0.0
543.1,298.069,0.0
543.2,298.069,0.0
543.3,298.069,0.0
543.4,298.069,0.0
543.5,298.069,0.0
543.6,298.069,0.0
543.7,298.069,0.0
543.8,298.069,0.0
543.9,298.07,0.0
544.0,298.07,0.0
544.1,298.07,0.0
544.2,298.07,0.0
544.3,298.07,0.0
544.4,298.07,0.0
544.5,298.07,0.0
544.6,298.07,0.0
544.7,298.07,0.0
544.8,298.07,0.0
544.9,298.07,0.0
545.0,298.07,0.0
545.1,298.07,0.0
545.2,298.07,0.0
545.3,298.07,0.0
545.4,298.07,0.0
545.5,298.07,0.0
545.6,298.07,0.0
545.7,298.07,0.0
545.8,298.07,0.0
545.9,298.07,0.0
546.0,298.07,0.0
546.1,298.07,0.0
546.2,298.07,0.0
546.3,298.07,0.0
546.4,298.07,0.0
546.5,298.07,0.0
546.6,298.07,0.0
546.7,298.07,0.0
546.8,298.07,0.0
546.9,298.07,0.0
547.0,298.07,0.0
547.1,298.07,0.0
547.2,298.07,0.0
547.3,298.07,0.0
547.4,298.07,0.0
547.5,298.07,0.0
547.6,298.07,0.0
547.7,298.07,0.0
547.8,298.07,0.0
547.9,298.07,0.0
548.0,298.07,0.0
548.1,298.07,0.0
548.2,298.07,0.0
548.3,298.07,0.0
548.4,298.07,0.0
548.5,298.07,0.0
548.6,298.07,0.0
548.7,298.07,0.0
548.8,298.07,0.0
548.9,298.07,0.0
549.0,298.07,0.0
549.1,298.07,0.0
549.2,298.07,0.0
549.3,298.07,0.0
549.4,298.07,0.0
549.5,298.07,0.0
549.6,298.07,0.0
549.7,298.07,0.0
549.8,298.07,0.0
549.9,298.07,0.0
550.0,298.07,0.0
550.1,298.07,0.0
550.2,298.07,0.0
550.3,298.07,0.0
550.4,298.07,0.0
550.5,298.07,0.0
550.6,298.07,0.0
550.7,298.07,0.0
550.8,298.07,0.0
550.9,298.07,0.0
551.0,298.07,0.0
551.1,298.07,0.0
551.2,298.07,0.0
551.3,298.07,0.0
551.4,298.07,0.0
551.5,298.07,0.0
551.6,298.07,0.0
551.7,298.07,0.0
551.8,298.07,0.0
551.9,298.07,0.0
552.0,298.07,0.0
552.1,298.07,0.0
552.2,298.07,0.0
552.3,298.07,0.0
552.4,298.07,0.0
552.5,298.07,0.0
552.6,298.07,0.0
552.7,298.07,0.0
552.8,298.07,0.0
552.9,298.07,0.0
553.0,298.07,-0.0
553.1,298.07,-0.00046
553.2,298.07,-0.000922
553.3,298.07,-0.001381
553.4,298.07,-0.001839
553.5,298.07,-0.002294
553.6,298.07,-0.002748
553.7,298.07,-0.003199
553.8,298.07,-0.003651
553.9,298.07,-0.004105
554.0,298.07,-0.004556
554.1,298.07,-0.005006
554.2,298.07,-0.005454
554.3,298.07,-0.005907
554.4,298.07,-0.006358
554.5,298.07,-0.006806
554.6,298.07,-0.007253
554.7,298.07,-0.007696
554.8,298.07,-0.008137
554.9,298.07,-0.008576
555.0,298.07,-0.009012
555.1,298.07,-0.009446
555.2,298.07,-0.009877
555.3,298.07,-0.010306
555.4,298.07,-0.010732
555.5,298.07,-0.011156
555.6,298.07,-0.011577
555.7,298.07,-0.011996
555.8,298.07,-0.012412
555.9,298.07,-0.012825
556.0,298.07,-0.01326
556.1,298.07,-0.013876
556.2,298.07,-0.014511
556.3,298.07,-0.015139
556.4,298.07,-0.015761
556.5,298.07,-0.016377
556.6,298.07,-0.016986
556.7,298.07,-0.017586
556.8,298.07,-0.01818
556.9,298.07,-0.018768
557.0,298.07,-0.019349
557.1,298.07,-0.019824
557.2,298.07,-0.020285
557.3,298.07,-0.020741
557.4,298.07,-0.021193
557.5,298.07,-0.021641
557.6,298.07,-0.022084
557.7,298.07,-0.022523
557.8,298.07,-0.022958
557.9,298.07,-0.023388
558.0,298.07,-0.023859
558.1,298.069,-0.026342
558.2,298.069,-0.028735
558.3,298.069,-0.030991
558.4,298.069,-0.033109
558.5,298.069,-0.035087
558.6,298.069,-0.036924
558.7,298.069,-0.038619
558.8,298.069,-0.040172
558.9,298.069,-0.04158
559.0,298.069,-0.042801
559.1,298.069,-0.041353
559.2,298.069,-0.039765
559.3,298.069,-0.038076
559.4,298.069,-0.036281
559.5,298.069,-0.034377
559.6,298.069,-0.032362
559.7,298.069,-0.030233
559.8,298.069,-0.027988
559.9,298.069,-0.025623
560.0,298.068,-0.023187
560.1,298.068,-0.022099
560.2,298.068,-0.02104
560.3,298.068,-0.019961
560.4,298.068,-0.018861
560.5,298.068,-0.01774
560.6,298.068,-0.016598
560.7,298.068,-0.015434
560.8,298.068,-0.014248
560.9,298.068,-0.013041
561.0,298.068,-0.011812
561.1,298.068,-0.01182
561.2,298.068,-0.011828
561.3,298.068,-0.011836
561.4,298.068,-0.011844
561.5,298.068,-0.011851
561.6,298.068,-0.011858
561.7,298.068,-0.011865
561.8,298.068,-0.011871
561.9,298.068,-0.011876
562.0,298.068,-0.011854
562.1,298.068,-0.010771
562.2,298.068,-0.009643
562.3,298.068,-0.008498
562.4,298.068,-0.007337
562.5,298.068,-0.006158
562.6,298.068,-0.004961
562.7,298.068,-0.003747
562.8,298.068,-0.002515
562.9,298.068,-0.001266
563.0,298.068,0.0
563.1,298.068,0.0
563.2,298.068,0.0
563.3,298.068,0.0
563.4,298.068,0.0
563.5,298.068,0.0
563.6,298.068,0.0
563.7,298.068,0.0
563.8,298.068,0.0
563.9,298.068,0.0
564.0,298.068,0.0
564.1,298.068,0.0
564.2,298.068,0.0
564.3,298.068,0.0
564.4,298.068,0.0
564.5,298.068,0.0
564.6,298.068,0.0
564.7,298.068,0.0
564.8,298.068,0.0
564.9,298.068,0.0
565.0,298.068,0.0
565.1,298.068,0.0
565.2,298.068,0.0
565.3,298.068,0.0
565.4,298.068,0.0
565.5,298.068,0.0
565.6,298.068,0.0
565.7,298.068,0.0
565.8,298.068,0.0
565.9,298.068,0.0
566.0,298.068,0.0
566.1,298.068,0.0
566.2,298.068,0.0
566.3,298.068,0.0
566.4,298.068,0.0
566.5,298.068,0.0
566.6,298.068,0.0
566.7,298.068,0.0
566.8,298.068,0.0
566.9,298.068,0.0
567.0,298.068,0.0
567.1,298.068,0.0
567.2,298.068,0.0
567.3,298.068,0.0
567.4,298.068,0.0
567.5,298.068,0.0
567.6,298.068,0.0
567.7,298.068,0.0
567.8,298.068,0.0
567.9,298.068,0.0
568.0,298.068,0.0
568.1,298.068,0.0
568.2,298.068,0.0
568.3,298.068,0.0
568.4,298.068,0.0
568.5,298.068,0.0
568.6,298.068,0.0
568.7,298.068,0.0
568.8,298.068,0.0
568.9,298.068,0.0
569.0,298.068,0.0
569.1,298.068,0.0
569.2,298.069,0.0
569.3,298.069,0.0
569.4,298.069,0.0
569.5,298.069,0.0
569.6,298.069,0.0
569.7,298.069,0.0
569.8,298.069,0.0
569.9,298.069,0.0
570.0,298.069,0.0
570.1,298.069,0.0
570.2,298.069,0.0
570.3,298.069,0.0
570.4,298.069,0.0
570.5,298.069,0.0
570.6,298.069,0.0
570.7,298.069,0.0
570.8,298.069,0.0
570.9,298.069,0.0
571.0,298.069,0.0
571.1,298.069,0.0
571.2,298.069,0.0
571.3,298.069,0.0
571.4,298.069,0.0
571.5,298.069,0.0
571.6,298.069,0.0
571.7,298.069,0.0
571.8,298.069,0.0
571.9,298.069,0.0
572.0,298.069,0.0
572.1,298.069,0.0
572.2,298.069,0.0
572.3,298.069,0.0
572.4,298.069,0.0
572.5,298.069,0.0
572.6,298.069,0.0
572.7,298.069,0.0
572.8,298.069,0.0
572.9,298.069,0.0
573.0,298.069,0.0
573.1,298.069,0.0
573.2,298.069,0.0
573.3,298.069,0.0
573.4,298.069,0.0
573.5,298.069,0.0
573.6,298.069,0.0
573.7,298.069,0.0
573.8,298.069,0.0
573.9,298.069,0.0
574.0,298.069,0.0
574.1,298.069,0.0
574.2,298.069,0.0
574.3,298.069,0.0
574.4,298.069,0.0
574.5,298.069,0.0
574.6,298.069,0.0
574.7,298.069,0.0
574.8,298.069,0.0
574.9,298.069,0.0
575.0,298.069,0.0
575.1,298.069,0.0
575.2,298.069,0.0
575.3,298.069,0.0
575.4,298.069,0.0
575.5,298.069,0.0
575.6,298.069,0.0
575.7,298.069,0.0
575.8,298.069,0.0
575.9,298.069,0.0
576.0,298.069,0.0
576.1,298.069,0.0
576.2,298.069,0.0
576.3,298.069,0.0
576.4,298.069,0.0
576.5,298.069,0.0
576.6,298.069,0.0
576.7,298.069,0.0
576.8,298.069,0.0
576.9,298.069,0.0
577.0,298.069,0.0
577.1,298.069,0.0
577.2,298.069,0.0
577.3,298.069,0.0
577.4,298.069,0.0
577.5,298.069,0.0
577.6,298.069,0.0
577.7,298.069,0.0
577.8,298.069,0.0
577.9,298.069,0.0
578.0,298.069,0.0
578.1,298.069,0.0
578.2,298.069,0.0
578.3,298.069,0.0
578.4,298.069,0.0
578.5,298.069,0.0
578.6,298.069,0.0
578.7,298.069,0.0
578.8,298.069,0.0
578.9,298.069,0.0
579.0,298.069,0.0
579.1,298.069,0.0
579.2,298.069,0.0
579.3,298.069,0.0
579.4,298.069,0.0
579.5,298.069,0.0
579.6,298.069,0.0
579.7,298.069,0.0
579.8,298.069,0.0
579.9,298.069,0.0
580.0,298.069,0.0
580.1,298.069,0.0
580.2,298.069,0.0
580.3,298.069,0.0
580.4,298.069,0.0
580.5,298.069,0.0
580.6,298.069,0.0
580.7,298.069,0.0
580.8,298.069,0.0
580.9,298.069,0.0
581.0,298.069,0.0
581.1,298.069,0.0
581.2,298.069,0.0
581.3,298.069,0.0
581.4,298.069,0.0
581.5,298.069,0.0
581.6,298.069,0.0
581.7,298.069,0.0
581.8,298.069,0.0
581.9,298.069,0.0
582.0,298.069,0.0
582.1,298.069,0.0
582.2,298.069,0.0
582.3,298.069,0.0
582.4,298.069,0.0
582.5,298.069,0.0
582.6,298.069,0.0
582.7,298.069,0.0
582.8,298.069,0.0
582.9,298.069,0.0
583.0,298.069,0.0
583.1,298.069,0.0
583.2,298.069,0.0
583.3,298.069,0.0
583.4,298.069,0.0
583.5,298.069,0.0
583.6,298.07,0.0
583.7,298.07,0.0
583.8,298.07,0.0
583.9,298.07,0.0
584.0,298.07,0.0
584.1,298.07,0.0
584.2,298.07,0.0
584.3,298.07,0.0
584.4,298.07,0.0
584.5,298.07,0.0
584.6,298.07,0.0
584.7,298.07,0.0
584.8,298.07,0.0
584.9,298.07,0.0
585.0,298.07,0.0
585.1,298.07,0.0
585.2,298.07,0.0
585.3,298.07,0.0
585.4,298.07,0.0
585.5,298.07,0.0
585.6,298.07,0.0
585.7,298.07,0.0
585.8,298.07,0.0
585.9,298.07,0.0
586.0,298.07,0.0
586.1,298.07,0.0
586.2,298.07,0.0
586.3,298.07,0.0
586.4,298.07,0.0
586.5,298.07,0.0
586.6,298.07,0.0
586.7,298.07,0.0
586.8,298.07,0.0
586.9,298.07,0.0
587.0,298.07,0.0
587.1,298.07,0.0
587.2,298.07,0.0
587.3,298.07,0.0
587.4,298.07,0.0
587.5,298.07,0.0
587.6,298.07,0.0
587.7,298.07,0.0
587.8,298.07,0.0
587.9,298.07,0.0
588.0,298.07,0.0
588.1,298.07,0.0
588.2,298.07,0.0
588.3,298.07,0.0
588.4,298.07,0.0
588.5,298.07,0.0
588.6,298.07,0.0
588.7,298.07,0.0
588.8,298.07,0.0
588.9,298.07,0.0
589.0,298.07,0.0
589.1,298.07,0.0
589.2,298.07,0.0
589.3,298.07,0.0
589.4,298.07,0.0
589.5,298.07,0.0
589.6,298.07,0.0
589.7,298.07,0.0
589.8,298.07,0.0
589.9,298.07,0.0
590.0,298.07,0.0
590.1,298.07,0.0
590.2,298.07,0.0
590.3,298.07,0.0
590.4,298.07,0.0
590.5,298.07,0.0
590.6,298.07,0.0
590.7,298.07,0.0
590.8,298.07,0.0
590.9,298.07,0.0
591.0,298.07,0.0
591.1,298.07,0.0
591.2,298.07,0.0
591.3,298.07,0.0
591.4,298.07,0.0
591.5,298.07,0.0
591.6,298.07,0.0
591.7,298.07,0.0
591.8,298.07,0.0
591.9,298.07,0.0
592.0,298.07,0.0
592.1,298.07,0.0
592.2,298.07,0.0
592.3,298.07,0.0
592.4,298.07,0.0
592.5,298.07,0.0
592.6,298.07,0.0
592.7,298.07,0.0
592.8,298.07,0.0
592.9,298.07,0.0
593.0,298.07,0.0
593.1,298.07,0.0
593.2,298.07,0.0
593.3,298.07,0.0
593.4,298.07,0.0
593.5,298.07,0.0
593.6,298.07,0.0
593.7,298.07,0.0
593.8,298.07,0.0
593.9,298.07,0.0
594.0,298.07,0.0
594.1,298.07,0.0
594.2,298.07,0.0
594.3,298.07,0.0
594.4,298.07,0.0
594.5,298.07,0.0
594.6,298.07,0.0
594.7,298.07,0.0
594.8,298.07,0.0
594.9,298.07,0.0
595.0,298.07,0.0
595.1,298.07,0.0
595.2,298.07,0.0
595.3,298.07,0.0
595.4,298.07,0.0
595.5,298.07,0.0
595.6,298.07,0.0
595.7,298.07,0.0
595.8,298.07,0.0
595.9,298.07,0.0
596.0,298.07,0.0
596.1,298.07,0.0
596.2,298.07,0.0
596.3,298.07,0.0
596.4,298.07,0.0
596.5,298.07,0.0
596.6,298.07,0.0
596.7,298.07,0.0
596.8,298.07,0.0
596.9,298.07,0.0
597.0,298.07,0.0
597.1,298.07,0.0
597.2,298.07,0.0
597.3,298.07,0.0
597.4,298.07,0.0
597.5,298.07,0.0
597.6,298.07,0.0
597.7,298.07,0.0
597.8,298.07,0.0
597.9,298.07,0.0
598.0,298.07,0.0
598.1,298.07,0.0
598.2,298.07,0.0
598.3,298.07,0.0
598.4,298.071,0.0
598.5,298.071,0.0
598.6,298.071,0.0
598.7,298.071,0.0
598.8,298.071,0.0
598.9,298.071,0.0
599.0,298.071,0.0
599.1,298.071,0.0
599.2,298.071,0.0
599.3,298.071,0.0
599.4,298.071,0.0
599.5,298.071,0.0
599.6,298.071,0.0
599.7,298.071,0.0
599.8,298.071,0.0
599.9,298.071,0.0
600.0,298.071,-0.0
600.1,298.071,-0.000278
600.2,298.071,-0.000557
600.3,298.071,-0.000835
600.4,298.071,-0.001113
600.5,298.071,-0.00139
600.6,298.071,-0.001667
600.7,298.071,-0.001942
600.8,298.071,-0.002217
600.9,298.071,-0.002491
601.0,298.071,-0.00277
601.1,298.071,-0.003676
601.2,298.071,-0.004579
601.3,298.071,-0.005474
601.4,298.071,-0.00636
601.5,298.071,-0.007238
601.6,298.071,-0.008107
601.7,298.071,-0.008967
601.8,298.071,-0.009818
601.9,298.071,-0.010661
602.0,298.071,-0.011503
602.1,298.071,-0.014123
602.2,298.071,-0.016664
602.3,298.071,-0.019117
602.4,298.071,-0.021481
602.5,298.071,-0.023755
602.6,298.07,-0.025938
602.7,298.07,-0.028029
602.8,298.07,-0.030027
602.9,298.07,-0.031932
603.0,298.07,-0.033788
603.1,298.07,-0.0367
603.2,298.07,-0.039386
603.3,298.07,-0.041799
603.4,298.07,-0.043935
603.5,298.07,-0.045794
603.6,298.07,-0.047373
603.7,298.07,-0.04867
603.8,298.07,-0.049683
603.9,298.07,-0.050411
604.0,298.07,-0.050863
604.1,298.07,-0.051083
604.2,298.069,-0.050845
604.3,298.069,-0.050134
604.4,298.069,-0.048949
604.5,298.069,-0.047285
604.6,298.069,-0.045141
604.7,298.069,-0.042513
604.8,298.069,-0.039401
604.9,298.069,-0.0358
605.0,298.069,-0.031648
605.1,298.069,-0.026962
605.2,298.069,-0.021759
605.3,298.069,-0.016039
605.4,298.069,-0.00977
605.5,298.069,-0.002971
605.6,298.069,0.004356
605.7,298.069,0.012213
605.8,298.069,0.020604
605.9,298.069,0.029528
606.0,298.069,0.038255
606.1,298.069,0.044674
606.2,298.069,0.050507
606.3,298.069,0.05648
606.4,298.069,0.062593
606.5,298.069,0.068846
606.6,298.069,0.075241
606.7,298.07,0.081777
606.8,298.07,0.088455
606.9,298.07,0.094848
607.0,298.07,0.101201
607.1,298.07,0.106112
607.2,298.07,0.110002
607.3,298.071,0.1139
607.4,298.071,0.117808
607.5,298.071,0.121725
607.6,298.071,0.125711
607.7,298.072,0.12973
607.8,298.072,0.133766
607.9,298.072,0.137818
608.0,298.072,0.141887
608.1,298.072,0.147054
608.2,298.073,0.152662
608.3,298.073,0.158338
608.4,298.073,0.164081
608.5,298.074,0.169891
608.6,298.074,0.17577
608.7,298.074,0.181717
608.8,298.074,0.187733
608.9,298.075,0.193818
609.0,298.075,0.20085
609.1,298.075,0.211015
609.2,298.076,0.222325
609.3,298.076,0.233908
609.4,298.077,0.245764
609.5,298.077,0.257893
609.6,298.077,0.270295
609.7,298.078,0.28297
609.8,298.078,0.29541
609.9,298.079,0.307053
610.0,298.079,0.318901
610.1,298.08,0.322966
610.2,298.081,0.323277
610.3,298.081,0.323528
610.4,298.082,0.32372
610.5,298.082,0.323858
610.6,298.083,0.323945
610.7,298.083,0.323983
610.8,298.084,0.323975
610.9,298.084,0.323924
611.0,298.085,0.321805
611.1,298.086,0.298915
611.2,298.086,0.27478
611.3,298.087,0.251441
611.4,298.087,0.228921
611.5,298.087,0.207245
611.6,298.088,0.186435
611.7,298.088,0.16651
611.8,298.088,0.14749
611.9,298.089,0.129012
612.0,298.089,0.111009
612.1,298.089,0.093551
612.2,298.089,0.076195
612.3,298.089,0.060174
612.4,298.089,0.045507
612.5,298.09,0.032213
612.6,298.09,0.020307
612.7,298.09,0.009806
612.8,298.09,0.000724
612.9,298.09,-0.006924
613.0,298.09,-0.013019
613.1,298.09,-0.015626
613.2,298.09,-0.017819
613.3,298.09,-0.019702
613.4,298.09,-0.021278
613.5,298.09,-0.022545
613.6,298.09,-0.023506
613.7,298.09,-0.02416
613.8,298.089,-0.024508
613.9,298.089,-0.02455
614.0,298.089,-0.024305
614.1,298.089,-0.024648
614.2,298.089,-0.024993
614.3,298.089,-0.025321
614.4,298.089,-0.025633
614.5,298.089,-0.025929
614.6,298.089,-0.026209
614.7,298.089,-0.026474
614.8,298.089,-0.026724
614.9,298.089,-0.026959
615.0,298.089,-0.027167
615.1,298.089,-0.027243
615.2,298.089,-0.027292
615.3,298.089,-0.027324
615.4,298.089,-0.027335
615.5,298.089,-0.027324
615.6,298.089,-0.027297
615.7,298.089,-0.027254
615.8,298.089,-0.027197
615.9,298.089,-0.027122
616.0,298.089,-0.027026
616.1,298.089,-0.02679
616.2,298.089,-0.026504
616.3,298.089,-0.02616
616.4,298.088,-0.025779
616.5,298.088,-0.025357
616.6,298.088,-0.024883
616.7,298.088,-0.024368
616.8,298.088,-0.023803
616.9,298.088,-0.023212
617.0,298.088,-0.022555
617.1,298.088,-0.021221
617.2,298.088,-0.019711
617.3,298.088,-0.018069
617.4,298.088,-0.016291
617.5,298.088,-0.014376
617.6,298.088,-0.012315
617.7,298.088,-0.010115
617.8,298.088,-0.007774
617.9,298.088,-0.005304
618.0,298.088,-0.002687
618.1,298.088,-0.002428
618.2,298.088,-0.00217
618.3,298.088,-0.001908
618.4,298.088,-0.001644
618.5,298.088,-0.001377
618.6,298.088,-0.001106
618.7,298.088,-0.000833
618.8,298.088,-0.000557
618.9,298.088,-0.000279
619.0,298.088,0.0
619.1,298.088,0.0
619.2,298.088,0.0
619.3,298.088,0.0
619.4,298.088,0.0
619.5,298.088,0.0
619.6,298.088,0.0
619.7,298.088,0.0
619.8,298.088,0.0
619.9,298.088,0.0
620.0,298.088,-0.0
620.1,298.088,-0.001882
620.2,298.088,-0.00372
620.3,298.088,-0.005511
620.4,298.088,-0.007252
620.5,298.088,-0.008944
620.6,298.088,-0.010585
620.7,298.088,-0.012174
620.8,298.088,-0.013716
620.9,298.088,-0.015209
621.0,298.088,-0.016648
621.1,298.088,-0.018483
621.2,298.088,-0.020238
621.3,298.088,-0.021892
621.4,298.088,-0.023444
621.5,298.088,-0.024894
621.6,298.088,-0.02624
621.7,298.088,-0.027482
621.8,298.088,-0.028618
621.9,298.088,-0.029633
622.0,298.088,-0.03053
622.1,298.088,-0.031188
622.2,298.088,-0.031741
622.3,298.088,-0.032229
622.4,298.088,-0.032653
622.5,298.087,-0.033012
622.6,298.087,-0.033306
622.7,298.087,-0.033534
622.8,298.087,-0.033697
622.9,298.087,-0.033793
623.0,298.087,-0.033834
623.1,298.087,-0.033804
623.2,298.087,-0.033662
623.3,298.087,-0.033393
623.4,298.087,-0.033
623.5,298.087,-0.03248
623.6,298.087,-0.031833
623.7,298.087,-0.03106
623.8,298.087,-0.030159
623.9,298.087,-0.029129
624.0,298.087,-0.028042
624.1,298.087,-0.027645
624.2,298.087,-0.027326
624.3,298.087,-0.027014
624.4,298.087,-0.026709
624.5,298.087,-0.02641
624.6,298.086,-0.026118
624.7,298.086,-0.025832
624.8,298.086,-0.025551
624.9,298.086,-0.025275
625.0,298.086,-0.025114
625.1,298.086,-0.025569
625.2,298.086,-0.026109
625.3,298.086,-0.026621
625.4,298.086,-0.027106
625.5,298.086,-0.02756
625.6,298.086,-0.027983
625.7,298.086,-0.028373
625.8,298.086,-0.02873
625.9,298.086,-0.02905
626.0,298.086,-0.029331
626.1,298.086,-0.029581
626.2,298.086,-0.029791
626.3,298.086,-0.029954
626.4,298.086,-0.030068
626.5,298.086,-0.030133
626.6,298.086,-0.030147
626.7,298.086,-0.03011
626.8,298.086,-0.030028
626.9,298.085,-0.029899
627.0,298.085,-0.029722
627.1,298.085,-0.029727
627.2,298.085,-0.029772
627.3,298.085,-0.029815
627.4,298.085,-0.029855
627.5,298.085,-0.029892
627.6,298.085,-0.029928
627.7,298.085,-0.02996
627.8,298.085,-0.029991
627.9,298.085,-0.03002
628.0,298.085,-0.030066
628.1,298.085,-0.030167
628.2,298.085,-0.030277
628.3,298.085,-0.030376
628.4,298.085,-0.030464
628.5,298.085,-0.030542
628.6,298.085,-0.03061
628.7,298.085,-0.030667
628.8,298.085,-0.030713
628.9,298.085,-0.030749
629.0,298.085,-0.030776
629.1,298.084,-0.030831
629.2,298.084,-0.030692
629.3,298.084,-0.030357
629.4,298.084,-0.029823
629.5,298.084,-0.02909
629.6,298.084,-0.028156
629.7,298.084,-0.027019
629.8,298.084,-0.025694
629.9,298.084,-0.024185
630.0,298.084,-0.02248
630.1,298.084,-0.020677
630.2,298.084,-0.018812
630.3,298.084,-0.016789
630.4,298.084,-0.014608
630.5,298.084,-0.012268
630.6,298.084,-0.009769
630.7,298.084,-0.007109
630.8,298.084,-0.00429
630.9,298.084,-0.001545
631.0,298.084,0.001309
631.1,298.084,0.004003
631.2,298.084,0.006243
631.3,298.084,0.008545
631.4,298.084,0.01091
631.5,298.084,0.013337
631.6,298.084,0.01588
631.7,298.084,0.018501
631.8,298.084,0.02119
631.9,298.084,0.023946
632.0,298.084,0.026769
632.1,298.084,0.02966
632.2,298.084,0.03262
632.3,298.084,0.035641
632.4,298.084,0.038704
632.5,298.085,0.041833
632.6,298.085,0.045029
632.7,298.085,0.048292
632.8,298.085,0.051622
632.9,298.085,0.055019
633.0,298.085,0.058483
633.1,298.085,0.060358
633.2,298.085,0.06086
633.3,298.085,0.061343
633.4,298.085,0.061807
633.5,298.085,0.062254
633.6,298.086,0.062685
633.7,298.086,0.0631
633.8,298.086,0.0635
633.9,298.086,0.063886
634.0,298.086,0.063427
634.1,298.086,0.062056
634.2,298.086,0.059861
634.3,298.086,0.057671
634.4,298.086,0.055487
634.5,298.087,0.053311
634.6,298.087,0.051146
634.7,298.087,0.048993
634.8,298.087,0.046855
634.9,298.087,0.044732
635.0,298.087,0.042254
635.1,298.087,0.037144
635.2,298.087,0.031874
635.3,298.087,0.026819
635.4,298.087,0.021986
635.5,298.087,0.017378
635.6,298.087,0.013002
635.7,298.087,0.00886
635.8,298.087,0.004958
635.9,298.087,0.001298
636.0,298.087,-0.00194
636.1,298.087,-0.004431
636.2,298.087,-0.00662
636.3,298.087,-0.008677
636.4,298.087,-0.010602
636.5,298.087,-0.012394
636.6,298.087,-0.01405
636.7,298.087,-0.015572
636.8,298.087,-0.016956
636.9,298.087,-0.018203
637.0,298.087,-0.019251
637.1,298.087,-0.019697
637.2,298.087,-0.020067
637.3,298.087,-0.020419
637.4,298.087,-0.020754
637.5,298.087,-0.021072
637.6,298.087,-0.021373
637.7,298.087,-0.02166
637.8,298.087,-0.021931
637.9,298.087,-0.022188
638.0,298.087,-0.022429
638.1,298.087,-0.022656
638.2,298.087,-0.022872
638.3,298.087,-0.023073
638.4,298.087,-0.023259
638.5,298.087,-0.023432
638.6,298.087,-0.023592
638.7,298.087,-0.023737
638.8,298.087,-0.02387
638.9,298.087,-0.023989
639.0,298.087,-0.024094
639.1,298.087,-0.024157
639.2,298.087,-0.024206
639.3,298.087,-0.024242
639.4,298.087,-0.024265
639.5,298.086,-0.024275
639.6,298.086,-0.024273
639.7,298.086,-0.024258
639.8,298.086,-0.02423
639.9,298.086,-0.024191
640.0,298.086,-0.024118
640.1,298.086,-0.02345
640.2,298.086,-0.022419
640.3,298.086,-0.021044
640.4,298.086,-0.01932
640.5,298.086,-0.017245
640.6,298.086,-0.014814
640.7,298.086,-0.012027
640.8,298.086,-0.008879
640.9,298.086,-0.005368
641.0,298.086,-0.001247
641.1,298.086,0.003696
641.2,298.086,0.009428
641.3,298.086,0.015709
641.4,298.086,0.022542
641.5,298.086,0.02993
641.6,298.086,0.037877
641.7,298.086,0.046384
641.8,298.086,0.055454
641.9,298.087,0.065091
642.0,298.087,0.074611
642.1,298.087,0.073103
642.2,298.087,0.07089
642.3,298.087,0.068657
642.4,298.087,0.066408
642.5,298.087,0.064147
642.6,298.087,0.061878
642.7,298.087,0.059605
642.8,298.088,0.057331
642.9,298.088,0.054867
643.0,298.088,0.052091
643.1,298.088,0.046705
643.2,298.088,0.040846
643.3,298.088,0.035216
643.4,298.088,0.029822
643.5,298.088,0.024672
643.6,298.088,0.019771
643.7,298.088,0.015126
643.8,298.088,0.010741
643.9,298.088,0.006624
644.0,298.088,0.003209
644.1,298.088,0.003468
644.2,298.088,0.004182
644.3,298.088,0.004922
644.4,298.088,0.005688
644.5,298.088,0.006479
644.6,298.088,0.007295
644.7,298.088,0.008132
644.8,298.088,0.008975
644.9,298.088,0.009842
645.0,298.088,0.010731
645.1,298.088,0.011005
645.2,298.089,0.011209
645.3,298.089,0.011416
645.4,298.089,0.011626
645.5,298.089,0.01184
645.6,298.089,0.012057
645.7,298.089,0.012277
645.8,298.089,0.012494
645.9,298.089,0.01271
646.0,298.089,0.01293
646.1,298.089,0.013151
646.2,298.089,0.013375
646.3,298.089,0.013601
646.4,298.089,0.013829
646.5,298.089,0.014059
646.6,298.089,0.014291
646.7,298.089,0.014524
646.8,298.089,0.014756
646.9,298.089,0.01499
647.0,298.089,0.015
647.1,298.089,0.013808
647.2,298.089,0.012411
647.3,298.089,0.011034
647.4,298.089,0.009677
647.5,298.089,0.008343
647.6,298.089,0.007031
647.7,298.089,0.005743
647.8,298.089,0.004479
647.9,298.089,0.003211
648.0,298.089,0.001793
648.1,298.089,0.000117
648.2,298.089,-0.001714
648.3,298.089,-0.003466
648.4,298.089,-0.005139
648.5,298.089,-0.006731
648.6,298.089,-0.008241
648.7,298.089,-0.009667
648.8,298.089,-0.011009
648.9,298.089,-0.012265
649.0,298.089,-0.013517
649.1,298.089,-0.015737
649.2,298.089,-0.017529
649.3,298.089,-0.018804
649.4,298.089,-0.019557
649.5,298.089,-0.01978
649.6,298.089,-0.019469
649.7,298.089,-0.018618
649.8,298.089,-0.017221
649.9,298.089,-0.015274
650.0,298.089,-0.012786
650.1,298.089,-0.011841
650.2,298.089,-0.010832
650.3,298.089,-0.009745
650.4,298.089,-0.008582
650.5,298.089,-0.007341
650.6,298.089,-0.006025
650.7,298.089,-0.004632
650.8,298.089,-0.003162
650.9,298.089,-0.001617
651.0,298.089,0.0
651.1,298.089,0.0
651.2,298.089,0.0
651.3,298.089,0.0
651.4,298.089,0.0
651.5,298.089,0.0
651.6,298.089,0.0
651.7,298.089,0.0
651.8,298.089,0.0
651.9,298.089,0.0
652.0,298.089,0.0
652.1,298.089,0.0
652.2,298.089,0.0
652.3,298.089,0.0
652.4,298.089,0.0
652.5,298.089,0.0
652.6,298.089,0.0
652.7,298.089,0.0
652.8,298.089,0.0
652.9,298.089,0.0
653.0,298.089,0.0
653.1,298.089,0.0
653.2,298.089,0.0
653.3,298.089,0.0
653.4,298.089,0.0
653.5,298.089,0.0
653.6,298.089,0.0
653.7,298.089,0.0
653.8,298.089,0.0
653.9,298.089,0.0
654.0,298.089,0.0
654.1,298.089,0.0
654.2,298.089,0.0
654.3,298.089,0.0
654.4,298.089,0.0
654.5,298.089,0.0
654.6,298.089,0.0
654.7,298.089,0.0
654.8,298.089,0.0
654.9,298.089,0.0
655.0,298.089,0.0
655.1,298.089,0.0
655.2,298.089,0.0
655.3,298.089,0.0
655.4,298.089,0.0
655.5,298.089,0.0
655.6,298.089,0.0
655.7,298.089,0.0
655.8,298.089,0.0
655.9,298.089,0.0
656.0,298.089,0.0
656.1,298.089,0.0
656.2,298.089,0.0
656.3,298.089,0.0
656.4,298.089,0.0
656.5,298.089,0.0
656.6,298.089,0.0
656.7,298.089,0.0
656.8,298.089,0.0
656.9,298.089,0.0
657.0,298.089,0.0
657.1,298.089,0.0
657.2,298.089,0.0
657.3,298.089,0.0
657.4,298.089,0.0
657.5,298.089,0.0
657.6,298.089,0.0
657.7,298.089,0.0
657.8,298.089,0.0
657.9,298.089,0.0
658.0,298.089,0.0
658.1,298.089,0.0
658.2,298.089,0.0
658.3,298.089,0.0
658.4,298.089,0.0
658.5,298.089,0.0
658.6,298.089,0.0
658.7,298.089,0.0
658.8,298.089,0.0
658.9,298.089,0.0
659.0,298.089,0.0
659.1,298.089,0.0
659.2,298.089,0.0
659.3,298.089,0.0
659.4,298.089,0.0
659.5,298.089,0.0
659.6,298.089,0.0
659.7,298.089,0.0
659.8,298.089,0.0
659.9,298.089,0.0
660.0,298.089,0.0
660.1,298.089,0.0
660.2,298.089,0.0
660.3,298.089,0.0
660.4,298.089,0.0
660.5,298.089,0.0
660.6,298.089,0.0
660.7,298.089,0.0
660.8,298.089,0.0
660.9,298.089,0.0
661.0,298.089,0.0
661.1,298.089,0.0
661.2,298.089,0.0
661.3,298.089,0.0
661.4,298.089,0.0
661.5,298.089,0.0
661.6,298.089,0.0
661.7,298.089,0.0
661.8,298.089,0.0
661.9,298.089,0.0
662.0,298.089,0.0
662.1,298.089,0.0
662.2,298.089,0.0
662.3,298.089,0.0
662.4,298.089,0.0
662.5,298.089,0.0
662.6,298.089,0.0
662.7,298.089,0.0
662.8,298.089,0.0
662.9,298.089,0.0
663.0,298.089,0.0
663.1,298.089,0.0
663.2,298.089,0.0
663.3,298.089,0.0
663.4,298.089,0.0
663.5,298.09,0.0
663.6,298.09,0.0
663.7,298.09,0.0
663.8,298.09,0.0
663.9,298.09,0.0
664.0,298.09,-0.0
664.1,298.09,-0.001549
664.2,298.09,-0.003068
664.3,298.09,-0.004546
664.4,298.09,-0.00599
664.5,298.09,-0.00741
664.6,298.09,-0.008793
664.7,298.09,-0.010139
664.8,298.089,-0.011442
664.9,298.089,-0.012705
665.0,298.089,-0.013971
665.1,298.089,-0.015395
665.2,298.089,-0.016802
665.3,298.089,-0.018149
665.4,298.089,-0.019438
665.5,298.089,-0.020668
665.6,298.089,-0.021839
665.7,298.089,-0.022951
665.8,298.089,-0.024002
665.9,298.089,-0.024993
666.0,298.089,-0.025987
666.1,298.089,-0.029159
666.2,298.089,-0.031488
666.3,298.089,-0.032895
666.4,298.089,-0.033374
666.5,298.089,-0.032909
666.6,298.089,-0.031497
666.7,298.089,-0.029136
666.8,298.089,-0.025814
666.9,298.089,-0.021522
667.0,298.089,-0.016279
667.1,298.089,-0.014422
667.2,298.089,-0.012532
667.3,298.089,-0.01059
667.4,298.089,-0.008604
667.5,298.089,-0.006561
667.6,298.089,-0.004463
667.7,298.089,-0.002297
667.8,298.089,-3.3e-05
667.9,298.089,0.002291
668.0,298.089,0.004617
668.1,298.089,0.010497
668.2,298.089,0.016838
668.3,298.089,0.023564
668.4,298.089,0.030671
668.5,298.089,0.038223
668.6,298.089,0.04622
668.7,298.089,0.054666
668.8,298.089,0.06362
668.9,298.089,0.073198
669.0,298.089,0.082105
669.1,298.089,0.08527
669.2,298.09,0.08762
669.3,298.09,0.089804
669.4,298.09,0.091978
669.5,298.09,0.094138
669.6,298.09,0.096261
669.7,298.09,0.09825
669.8,298.091,0.100227
669.9,298.091,0.102157
670.0,298.091,0.103041
670.1,298.091,0.092745
670.2,298.091,0.081889
670.3,298.091,0.071247
670.4,298.092,0.061016
670.5,298.092,0.051317
670.6,298.092,0.042162
670.7,298.092,0.033629
670.8,298.092,0.025657
670.9,298.092,0.018259
671.0,298.092,0.011897
671.1,298.092,0.012427
671.2,298.092,0.013343
671.3,298.092,0.014288
671.4,298.092,0.01523
671.5,298.092,0.016164
671.6,298.092,0.017124
671.7,298.092,0.018109
671.8,298.092,0.019118
671.9,298.092,0.020166
672.0,298.092,0.021298
672.1,298.092,0.022456
672.2,298.092,0.023639
672.3,298.092,0.024847
672.4,298.092,0.02608
672.5,298.093,0.027337
672.6,298.093,0.028619
672.7,298.093,0.029924
672.8,298.093,0.031253
672.9,298.093,0.032605
673.0,298.093,0.034033
673.1,298.093,0.035518
673.2,298.093,0.037029
673.3,298.093,0.038564
673.4,298.093,0.040125
673.5,298.093,0.041679
673.6,298.093,0.043197
673.7,298.093,0.044737
673.8,298.093,0.046298
673.9,298.093,0.04788
674.0,298.094,0.049003
674.1,298.094,0.037375
674.2,298.094,0.026337
674.3,298.094,0.016415
674.4,298.094,0.007627
674.5,298.094,-6e-06
674.6,298.094,-0.006468
674.7,298.094,-0.011741
674.8,298.094,-0.015811
674.9,298.094,-0.018662
675.0,298.094,-0.020279
675.1,298.094,-0.020527
675.2,298.094,-0.020756
675.3,298.094,-0.020969
675.4,298.094,-0.021166
675.5,298.094,-0.021349
675.6,298.094,-0.021518
675.7,298.094,-0.021674
675.8,298.094,-0.021817
675.9,298.093,-0.021947
676.0,298.093,-0.022064
676.1,298.093,-0.021871
676.2,298.093,-0.02124
676.3,298.093,-0.020167
676.4,298.093,-0.018649
676.5,298.093,-0.016683
676.6,298.093,-0.014264
676.7,298.093,-0.01139
676.8,298.093,-0.008056
676.9,298.093,-0.004259
677.0,298.093,0.0
677.1,298.093,0.0
677.2,298.093,0.0
677.3,298.093,0.0
677.4,298.093,0.0
677.5,298.093,0.0
677.6,298.093,0.0
677.7,298.093,0.0
677.8,298.093,0.0
677.9,298.093,0.0
678.0,298.093,0.0
678.1,298.093,0.0
678.2,298.093,0.0
678.3,298.093,0.0
678.4,298.093,0.0
678.5,298.093,0.0
678.6,298.093,0.0
678.7,298.093,0.0
678.8,298.093,0.0
678.9,298.093,0.0
679.0,298.093,0.0
679.1,298.093,0.0
679.2,298.093,0.0
679.3,298.093,0.0
679.4,298.093,0.0
679.5,298.093,0.0
679.6,298.093,0.0
679.7,298.093,0.0
679.8,298.093,0.0
679.9,298.093,0.0
680.0,298.093,0.0
680.1,298.093,0.0
680.2,298.093,0.0
680.3,298.093,0.0
680.4,298.093,0.0
680.5,298.093,0.0
680.6,298.093,0.0
680.7,298.093,0.0
680.8,298.093,0.0
680.9,298.093,0.0
681.0,298.093,0.0
681.1,298.093,0.0
681.2,298.093,0.0
681.3,298.093,0.0
681.4,298.093,0.0
681.5,298.093,0.0
681.6,298.093,0.0
681.7,298.093,0.0
681.8,298.093,0.0
681.9,298.093,0.0
682.0,298.093,0.0
682.1,298.093,0.0
682.2,298.093,0.0
682.3,298.093,0.0
682.4,298.093,0.0
682.5,298.093,0.0
682.6,298.094,0.0
682.7,298.094,0.0
682.8,298.094,0.0
682.9,298.094,0.0
683.0,298.094,-0.0
683.1,298.094,-0.001127
683.2,298.094,-0.002237
683.3,298.094,-0.003329
683.4,298.094,-0.004401
683.5,298.094,-0.005453
683.6,298.094,-0.006486
683.7,298.094,-0.007498
683.8,298.094,-0.008489
683.9,298.093,-0.00946
684.0,298.093,-0.01043
684.1,298.093,-0.015345
684.2,298.093,-0.019608
684.3,298.093,-0.023189
684.4,298.093,-0.026081
684.5,298.093,-0.028276
684.6,298.093,-0.029768
684.7,298.093,-0.030551
684.8,298.093,-0.030617
684.9,298.093,-0.029963
685.0,298.093,-0.028628
685.1,298.093,-0.027912
685.2,298.093,-0.027193
685.3,298.093,-0.026425
685.4,298.093,-0.025606
685.5,298.093,-0.024738
685.6,298.093,-0.02382
685.7,298.093,-0.022853
685.8,298.093,-0.021834
685.9,298.093,-0.020766
686.0,298.093,-0.019658
686.1,298.093,-0.019789
686.2,298.093,-0.019943
686.3,298.093,-0.020107
686.4,298.093,-0.020281
686.5,298.093,-0.020463
686.6,298.093,-0.020652
686.7,298.093,-0.020847
686.8,298.093,-0.021047
686.9,298.092,-0.02125
687.0,298.092,-0.021399
687.1,298.092,-0.020178
687.2,298.092,-0.01877
687.3,298.092,-0.017233
687.4,298.092,-0.015565
687.5,298.092,-0.013766
687.6,298.092,-0.011835
687.7,298.092,-0.009772
687.8,298.092,-0.007577
687.9,298.092,-0.005249
688.0,298.092,-0.002883
688.1,298.092,-0.003536
688.2,298.092,-0.004286
688.3,298.092,-0.005037
688.4,298.092,-0.005787
688.5,298.092,-0.006535
688.6,298.092,-0.007279
688.7,298.092,-0.008018
688.8,298.092,-0.008751
688.9,298.092,-0.009476
689.0,298.092,-0.010437
689.1,298.092,-0.013171
689.2,298.092,-0.015818
689.3,298.092,-0.018129
689.4,298.092,-0.020098
689.5,298.092,-0.021718
689.6,298.092,-0.022985
689.7,298.092,-0.023892
689.8,298.092,-0.024435
689.9,298.092,-0.024608
690.0,298.092,-0.024418
690.1,298.092,-0.024317
690.2,298.092,-0.024178
690.3,298.092,-0.023991
690.4,298.092,-0.023756
690.5,298.092,-0.023472
690.6,298.092,-0.023141
690.7,298.092,-0.022762
690.8,298.092,-0.022334
690.9,298.092,-0.021859
691.0,298.092,-0.021357
691.1,298.092,-0.022215
691.2,298.092,-0.023014
691.3,298.091,-0.023731
691.4,298.091,-0.024364
691.5,298.091,-0.024913
691.6,298.091,-0.025375
691.7,298.091,-0.025751
691.8,298.091,-0.026039
691.9,298.091,-0.026239
692.0,298.091,-0.026346
692.1,298.091,-0.026368
692.2,298.091,-0.026363
692.3,298.091,-0.026334
692.4,298.091,-0.026283
692.5,298.091,-0.026208
692.6,298.091,-0.02611
692.7,298.091,-0.025989
692.8,298.091,-0.025845
692.9,298.091,-0.025677
693.0,298.091,-0.025502
693.1,298.091,-0.025655
693.2,298.091,-0.025793
693.3,298.091,-0.0259
693.4,298.091,-0.025974
693.5,298.091,-0.026015
693.6,298.091,-0.026021
693.7,298.091,-0.025992
693.8,298.09,-0.025927
693.9,298.09,-0.025825
694.0,298.09,-0.02567
694.1,298.09,-0.02495
694.2,298.09,-0.02382
694.3,298.09,-0.02229
694.4,298.09,-0.020356
694.5,298.09,-0.018013
694.6,298.09,-0.015255
694.7,298.09,-0.012079
694.8,298.09,-0.00848
694.9,298.09,-0.004454
695.0,298.09,0.0
695.1,298.09,0.0
695.2,298.09,0.0
695.3,298.09,0.0
695.4,298.09,0.0
695.5,298.09,0.0
695.6,298.09,0.0
695.7,298.09,0.0
695.8,298.09,0.0
695.9,298.09,0.0
696.0,298.09,0.0
696.1,298.09,0.0
696.2,298.09,0.0
696.3,298.09,0.0
696.4,298.09,0.0
696.5,298.09,0.0
696.6,298.09,0.0
696.7,298.09,0.0
696.8,298.09,0.0
696.9,298.09,0.0
697.0,298.09,0.0
697.1,298.09,0.0
697.2,298.09,0.0
697.3,298.09,0.0
697.4,298.09,0.0
697.5,298.09,0.0
697.6,298.09,0.0
697.7,298.09,0.0
697.8,298.09,0.0
697.9,298.09,0.0
698.0,298.09,0.0
698.1,298.09,0.0
698.2,298.09,0.0
698.3,298.09,0.0
698.4,298.09,0.0
698.5,298.09,0.0
698.6,298.09,0.0
698.7,298.09,0.0
698.8,298.09,0.0
698.9,298.09,0.0
699.0,298.09,0.0
699.1,298.09,0.0
699.2,298.09,0.0
699.3,298.09,0.0
699.4,298.09,0.0
699.5,298.09,0.0
699.6,298.09,0.0
699.7,298.09,0.0
699.8,298.09,0.0
699.9,298.09,0.0
700.0,298.09,-0.0
700.1,298.09,-0.000755
700.2,298.09,-0.001506
700.3,298.09,-0.002249
700.4,298.09,-0.002983
700.5,298.09,-0.00371
700.6,298.09,-0.004428
700.7,298.09,-0.005138
700.8,298.09,-0.005839
700.9,298.09,-0.006532
701.0,298.09,-0.007209
701.1,298.09,-0.007738
701.2,298.09,-0.008255
701.3,298.09,-0.008766
701.4,298.09,-0.009272
701.5,298.09,-0.009773
701.6,298.09,-0.010269
701.7,298.09,-0.010759
701.8,298.09,-0.011244
701.9,298.09,-0.011723
702.0,298.09,-0.012159
702.1,298.09,-0.011958
702.2,298.09,-0.011719
702.3,298.09,-0.011478
702.4,298.09,-0.011236
702.5,298.09,-0.010994
702.6,298.09,-0.01075
702.7,298.09,-0.010504
702.8,298.09,-0.010258
702.9,298.09,-0.01001
703.0,298.09,-0.009758
703.1,298.09,-0.008866
703.2,298.09,-0.007954
703.3,298.09,-0.007023
703.4,298.09,-0.006075
703.5,298.09,-0.005109
703.6,298.09,-0.004125
703.7,298.09,-0.003121
703.8,298.09,-0.002099
703.9,298.09,-0.001058
704.0,298.09,0.0
704.1,298.09,0.0
704.2,298.09,0.0
704.3,298.09,0.0
704.4,298.09,0.0
704.5,298.09,0.0
704.6,298.09,0.0
704.7,298.09,0.0
704.8,298.09,0.0
704.9,298.09,0.0
705.0,298.09,0.0
705.1,298.09,0.0
705.2,298.09,0.0
705.3,298.09,0.0
705.4,298.09,0.0
705.5,298.09,0.0
705.6,298.09,0.0
705.7,298.09,0.0
705.8,298.09,0.0
705.9,298.09,0.0
706.0,298.09,0.0
706.1,298.09,0.0
706.2,298.09,0.0
706.3,298.09,0.0
706.4,298.09,0.0
706.5,298.09,0.0
706.6,298.09,0.0
706.7,298.09,0.0
706.8,298.09,0.0
706.9,298.09,0.0
707.0,298.09,0.0
707.1,298.09,0.0
707.2,298.09,0.0
707.3,298.09,0.0
707.4,298.09,0.0
707.5,298.09,0.0
707.6,298.09,0.0
707.7,298.09,0.0
707.8,298.09,0.0
707.9,298.09,0.0
708.0,298.09,-0.0
708.1,298.09,-0.002818
708.2,298.09,-0.005524
708.3,298.09,-0.008114
708.4,298.09,-0.010588
708.5,298.09,-0.012942
708.6,298.09,-0.015177
708.7,298.09,-0.017291
708.8,298.09,-0.019283
708.9,298.09,-0.021151
709.0,298.09,-0.022926
709.1,298.09,-0.026009
709.2,298.09,-0.028645
709.3,298.09,-0.030798
709.4,298.09,-0.032463
709.5,298.09,-0.033637
709.6,298.09,-0.034315
709.7,298.09,-0.034494
709.8,298.09,-0.03417
709.9,298.09,-0.033341
710.0,298.09,-0.032025
710.1,298.09,-0.030983
710.2,298.09,-0.029827
710.3,298.09,-0.028534
710.4,298.09,-0.027104
710.5,298.089,-0.025536
710.6,298.089,-0.023831
710.7,298.089,-0.021988
710.8,298.089,-0.020006
710.9,298.089,-0.017886
711.0,298.089,-0.015826
711.1,298.089,-0.019971
711.2,298.089,-0.023589
711.3,298.089,-0.026465
711.4,298.089,-0.028583
711.5,298.089,-0.029926
711.6,298.089,-0.030482
711.7,298.089,-0.030236
711.8,298.089,-0.029174
711.9,298.089,-0.027286
712.0,298.089,-0.024594
712.1,298.089,-0.023002
712.2,298.089,-0.021249
712.3,298.089,-0.019299
712.4,298.089,-0.01715
712.5,298.089,-0.014801
712.6,298.089,-0.012249
712.7,298.089,-0.009495
712.8,298.089,-0.006536
712.9,298.089,-0.00337
713.0,298.089,0.0
713.1,298.089,0.0
713.2,298.089,0.0
713.3,298.089,0.0
713.4,298.089,0.0
713.5,298.089,0.0
713.6,298.089,0.0
713.7,298.089,0.0
713.8,298.089,0.0
713.9,298.089,0.0
714.0,298.089,0.0
714.1,298.089,0.0
714.2,298.089,0.0
714.3,298.089,0.0
714.4,298.089,0.0
714.5,298.089,0.0
714.6,298.089,0.0
714.7,298.089,0.0
714.8,298.089,0.0
714.9,298.089,0.0
715.0,298.089,0.0
715.1,298.089,0.0
715.2,298.089,0.0
715.3,298.089,0.0
715.4,298.089,0.0
715.5,298.089,0.0
715.6,298.089,0.0
715.7,298.089,0.0
715.8,298.089,0.0
715.9,298.089,0.0
716.0,298.089,-0.0
716.1,298.089,-0.000688
716.2,298.089,-0.001373
716.3,298.089,-0.002053
716.4,298.089,-0.002726
716.5,298.089,-0.003393
716.6,298.089,-0.004054
716.7,298.089,-0.004709
716.8,298.089,-0.005358
716.9,298.089,-0.006
717.0,298.089,-0.006651
717.1,298.089,-0.008255
717.2,298.089,-0.009828
717.3,298.089,-0.011355
717.4,298.089,-0.012834
717.5,298.089,-0.014265
717.6,298.089,-0.015649
717.7,298.089,-0.016983
717.8,298.089,-0.018269
717.9,298.089,-0.019505
718.0,298.089,-0.020752
718.1,298.089,-0.023243
718.2,298.089,-0.02554
718.3,298.089,-0.02758
718.4,298.089,-0.02936
718.5,298.089,-0.030878
718.6,298.088,-0.032133
718.7,298.088,-0.033122
718.8,298.088,-0.033843
718.9,298.088,-0.034295
719.0,298.088,-0.034474
719.1,298.088,-0.034328
719.2,298.088,-0.034183
719.3,298.088,-0.034039
719.4,298.088,-0.033897
719.5,298.088,-0.033756
719.6,298.088,-0.033616
719.7,298.088,-0.033476
719.8,298.088,-0.033337
719.9,298.088,-0.0332
720.0,298.088,-0.033066
720.1,298.088,-0.032935
720.2,298.088,-0.032812
720.3,298.088,-0.032693
720.4,298.088,-0.032579
720.5,298.087,-0.032469
720.6,298.087,-0.032363
720.7,298.087,-0.03226
720.8,298.087,-0.032158
720.9,298.087,-0.032059
721.0,298.087,-0.031961
721.1,298.087,-0.031867
721.2,298.087,-0.031767
721.3,298.087,-0.031666
721.4,298.087,-0.031566
721.5,298.087,-0.031466
721.6,298.087,-0.031366
721.7,298.087,-0.031266
721.8,298.087,-0.031167
721.9,298.087,-0.031069
722.0,298.087,-0.03097
722.1,298.087,-0.030941
722.2,298.087,-0.030918
722.3,298.087,-0.030894
722.4,298.087,-0.03087
722.5,298.087,-0.030846
722.6,298.086,-0.030821
722.7,298.086,-0.030795
722.8,298.086,-0.030768
722.9,298.086,-0.030739
723.0,298.086,-0.030705
723.1,298.086,-0.030486
723.2,298.086,-0.029955
723.3,298.086,-0.029112
723.4,298.086,-0.027953
723.5,298.086,-0.026477
723.6,298.086,-0.02468
723.7,298.086,-0.022562
723.8,298.086,-0.020129
723.9,298.086,-0.017416
724.0,298.086,-0.014388
724.1,298.086,-0.011088
724.2,298.086,-0.007634
724.3,298.086,-0.003897
724.4,298.086,0.000127
724.5,298.086,0.004437
724.6,298.086,0.009036
724.7,298.086,0.013923
724.8,298.086,0.0191
724.9,298.086,0.024568
725.0,298.086,0.030767
725.1,298.086,0.043488
725.2,298.086,0.058017
725.3,298.086,0.073927
725.4,298.086,0.091225
725.5,298.087,0.109919
725.6,298.087,0.130018
725.7,298.087,0.151526
725.8,298.087,0.174452
725.9,298.088,0.198801
726.0,298.088,0.22317
726.1,298.088,0.211852
726.2,298.089,0.19934
726.3,298.089,0.187054
726.4,298.089,0.174996
726.5,298.09,0.16319
726.6,298.09,0.151671
726.7,298.09,0.140435
726.8,298.09,0.129508
726.9,298.091,0.119116
727.0,298.091,0.109591
727.1,298.091,0.106239
727.2,298.091,0.103871
727.3,298.091,0.101505
727.4,298.092,0.099142
727.5,298.092,0.096783
727.6,298.092,0.094429
727.7,298.092,0.092083
727.8,298.092,0.089746
727.9,298.092,0.087418
728.0,298.093,0.084506
728.1,298.093,0.077432
728.2,298.093,0.07002
728.3,298.093,0.062865
728.4,298.093,0.055973
728.5,298.093,0.04935
728.6,298.093,0.043001
728.7,298.093,0.036929
728.8,298.093,0.031141
728.9,298.093,0.025639
729.0,298.094,0.020112
729.1,298.094,0.013944
729.2,298.094,0.008001
729.3,298.094,0.002603
729.4,298.094,-0.002244
729.5,298.094,-0.006534
729.6,298.094,-0.010261
729.7,298.094,-0.01342
729.8,298.094,-0.016005
729.9,298.094,-0.018012
730.0,298.094,-0.01943
730.1,298.094,-0.019797
730.2,298.093,-0.020124
730.3,298.093,-0.020418
730.4,298.093,-0.02068
730.5,298.093,-0.020911
730.6,298.093,-0.02111
730.7,298.093,-0.021279
730.8,298.093,-0.021419
730.9,298.093,-0.02153
731.0,298.093,-0.021618
731.1,298.093,-0.021758
731.2,298.093,-0.021893
731.3,298.093,-0.022016
731.4,298.093,-0.022127
731.5,298.093,-0.022227
731.6,298.093,-0.022316
731.7,298.093,-0.022393
731.8,298.093,-0.02246
731.9,298.093,-0.022516
732.0,298.093,-0.022564
732.1,298.093,-0.022616
732.2,298.093,-0.022668
732.3,298.093,-0.022717
732.4,298.093,-0.022762
732.5,298.093,-0.022805
732.6,298.093,-0.022845
732.7,298.093,-0.022883
732.8,298.093,-0.022918
732.9,298.093,-0.02295
733.0,298.093,-0.022978
733.1,298.093,-0.022987
733.2,298.093,-0.022982
733.3,298.092,-0.022967
733.4,298.092,-0.022941
733.5,298.092,-0.022905
733.6,298.092,-0.022859
733.7,298.092,-0.022803
733.8,298.092,-0.022737
733.9,298.092,-0.022659
734.0,298.092,-0.02257
734.1,298.092,-0.022472
734.2,298.092,-0.022363
734.3,298.092,-0.022243
734.4,298.092,-0.022112
734.5,298.092,-0.02197
734.6,298.092,-0.021818
734.7,298.092,-0.021656
734.8,298.092,-0.021483
734.9,298.092,-0.0213
735.0,298.092,-0.021107
735.1,298.092,-0.020732
735.2,298.092,-0.020323
735.3,298.092,-0.019878
735.4,298.092,-0.019398
735.5,298.092,-0.018883
735.6,298.092,-0.018332
735.7,298.092,-0.017746
735.8,298.092,-0.017125
735.9,298.092,-0.016468
736.0,298.092,-0.015786
736.1,298.092,-0.016443
736.2,298.092,-0.017082
736.3,298.092,-0.01769
736.4,298.092,-0.018267
736.5,298.092,-0.018812
736.6,298.091,-0.019322
736.7,298.091,-0.019798
736.8,298.091,-0.020237
736.9,298.091,-0.02062
737.0,298.091,-0.02097
737.1,298.091,-0.021244
737.2,298.091,-0.021462
737.3,298.091,-0.021662
737.4,298.091,-0.021843
737.5,298.091,-0.022004
737.6,298.091,-0.022146
737.7,298.091,-0.022269
737.8,298.091,-0.022371
737.9,298.091,-0.022453
738.0,298.091,-0.022513
738.1,298.091,-0.022085
738.2,298.091,-0.020869
738.3,298.091,-0.018858
738.4,298.091,-0.016043
738.5,298.091,-0.012417
738.6,298.091,-0.007971
738.7,298.091,-0.002699
738.8,298.091,0.003406
738.9,298.091,0.010349
739.0,298.091,0.017748
739.1,298.091,0.018388
739.2,298.091,0.018622
739.3,298.091,0.018839
739.4,298.091,0.019038
739.5,298.091,0.019221
739.6,298.091,0.019389
739.7,298.091,0.019543
739.8,298.091,0.019683
739.9,298.091,0.01981
740.0,298.091,0.019672
740.1,298.091,0.018481
740.2,298.091,0.017048
740.3,298.091,0.015626
740.4,298.091,0.014217
740.5,298.091,0.012823
740.6,298.091,0.011444
740.7,298.092,0.010084
740.8,298.092,0.008742
740.9,298.092,0.00742
741.0,298.092,0.005942
741.1,298.092,0.002393
741.2,298.092,-0.001061
741.3,298.092,-0.00424
741.4,298.092,-0.007137
741.5,298.092,-0.00975
741.6,298.092,-0.012072
741.7,298.092,-0.0141
741.8,298.092,-0.01583
741.9,298.092,-0.017258
742.0,298.091,-0.018356
742.1,298.091,-0.018478
742.2,298.091,-0.018569
742.3,298.091,-0.018655
742.4,298.091,-0.018735
742.5,298.091,-0.018811
742.6,298.091,-0.018881
742.7,298.091,-0.018948
742.8,298.091,-0.01901
742.9,298.091,-0.019068
743.0,298.091,-0.019154
743.1,298.091,-0.019296
743.2,298.091,-0.019461
743.3,298.091,-0.019618
743.4,298.091,-0.019767
743.5,298.091,-0.019908
743.6,298.091,-0.020041
743.7,298.091,-0.020166
743.8,298.091,-0.020284
743.9,298.091,-0.020393
744.0,298.091,-0.020492
744.1,298.091,-0.020487
744.2,298.091,-0.020468
744.3,298.091,-0.020438
744.4,298.091,-0.020398
744.5,298.091,-0.020346
744.6,298.091,-0.020284
744.7,298.091,-0.020212
744.8,298.091,-0.020128
744.9,298.091,-0.020035
745.0,298.091,-0.019904
745.1,298.091,-0.019538
745.2,298.091,-0.01907
745.3,298.091,-0.018526
745.4,298.091,-0.017905
745.5,298.091,-0.017207
745.6,298.09,-0.016431
745.7,298.09,-0.015578
745.8,298.09,-0.014646
745.9,298.09,-0.013604
746.0,298.09,-0.012476
746.1,298.09,-0.011265
746.2,298.09,-0.009968
746.3,298.09,-0.008573
746.4,298.09,-0.007071
746.5,298.09,-0.00548
746.6,298.09,-0.003798
746.7,298.09,-0.002026
746.8,298.09,-0.000164
746.9,298.09,0.001788
747.0,298.09,0.003618
747.1,298.09,0.00486
747.2,298.09,0.005906
747.3,298.09,0.00697
747.4,298.09,0.00805
747.5,298.09,0.009147
747.6,298.09,0.010261
747.7,298.09,0.011392
747.8,298.091,0.012541
747.9,298.091,0.013707
748.0,298.091,0.01451
748.1,298.091,0.012567
748.2,298.091,0.010312
748.3,298.091,0.008123
748.4,298.091,0.006004
748.5,298.091,0.003957
748.6,298.091,0.001985
748.7,298.091,8.9e-05
748.8,298.091,-0.001728
748.9,298.091,-0.003464
749.0,298.091,-0.005197
749.1,298.091,-0.006857
749.2,298.091,-0.008419
749.3,298.091,-0.009902
749.4,298.091,-0.011287
749.5,298.091,-0.012564
749.6,298.091,-0.013733
749.7,298.091,-0.014792
749.8,298.091,-0.015739
749.9,298.091,-0.016572
750.0,298.091,-0.017258
750.1,298.091,-0.017519
750.2,298.091,-0.017735
750.3,298.09,-0.01794
750.4,298.09,-0.018135
750.5,298.09,-0.018319
750.6,298.09,-0.018492
750.7,298.09,-0.018656
750.8,298.09,-0.018808
750.9,298.09,-0.018951
751.0,298.09,-0.019098
751.1,298.09,-0.019307
751.2,298.09,-0.019457
751.3,298.09,-0.019532
751.4,298.09,-0.019533
751.5,298.09,-0.019458
751.6,298.09,-0.019306
751.7,298.09,-0.019079
751.8,298.09,-0.018774
751.9,298.09,-0.018387
752.0,298.09,-0.017912
752.1,298.09,-0.017165
752.2,298.09,-0.01626
752.3,298.09,-0.015214
752.4,298.09,-0.014026
752.5,298.09,-0.012695
752.6,298.09,-0.01122
752.7,298.09,-0.0096
752.8,298.09,-0.007834
752.9,298.09,-0.005922
753.0,298.09,-0.003872
753.1,298.09,-0.003506
753.2,298.09,-0.003143
753.3,298.09,-0.002773
753.4,298.09,-0.002396
753.5,298.09,-0.002012
753.6,298.09,-0.001622
753.7,298.09,-0.001226
753.8,298.09,-0.000823
753.9,298.09,-0.000413
754.0,298.09,0.0
754.1,298.09,0.0
754.2,298.09,0.0
754.3,298.09,0.0
754.4,298.09,0.0
754.5,298.09,0.0
754.6,298.09,0.0
754.7,298.09,0.0
754.8,298.09,0.0
754.9,298.09,0.0
755.0,298.09,0.0
755.1,298.09,0.0
755.2,298.09,0.0
755.3,298.09,0.0
755.4,298.09,0.0
755.5,298.09,0.0
755.6,298.09,0.0
755.7,298.09,0.0
755.8,298.09,0.0
755.9,298.09,0.0
756.0,298.09,0.0
756.1,298.09,0.0
756.2,298.09,0.0
756.3,298.09,0.0
756.4,298.09,0.0
756.5,298.09,0.0
756.6,298.09,0.0
756.7,298.09,0.0
756.8,298.09,0.0
756.9,298.09,0.0
757.0,298.09,0.0
757.1,298.09,0.0
757.2,298.09,0.0
757.3,298.09,0.0
757.4,298.09,0.0
757.5,298.09,0.0
757.6,298.09,0.0
757.7,298.09,0.0
757.8,298.09,0.0
757.9,298.09,0.0
758.0,298.09,0.0
758.1,298.09,0.0
758.2,298.09,0.0
758.3,298.09,0.0
758.4,298.09,0.0
758.5,298.09,0.0
758.6,298.09,0.0
758.7,298.09,0.0
758.8,298.09,0.0
758.9,298.09,0.0
759.0,298.09,0.0
759.1,298.09,0.0
759.2,298.09,0.0
759.3,298.09,0.0
759.4,298.09,0.0
759.5,298.09,0.0
759.6,298.09,0.0
759.7,298.09,0.0
759.8,298.09,0.0
759.9,298.09,0.0
760.0,298.09,0.0
760.1,298.09,0.0
760.2,298.09,0.0
760.3,298.09,0.0
760.4,298.09,0.0
760.5,298.09,0.0
760.6,298.09,0.0
760.7,298.09,0.0
760.8,298.09,0.0
760.9,298.09,0.0
761.0,298.09,0.0
761.1,298.09,0.0
761.2,298.09,0.0
761.3,298.09,0.0
761.4,298.09,0.0
761.5,298.09,0.0
761.6,298.09,0.0
761.7,298.09,0.0
761.8,298.09,0.0
761.9,298.09,0.0
762.0,298.09,0.0
762.1,298.09,0.0
762.2,298.09,0.0
762.3,298.09,0.0
762.4,298.09,0.0
762.5,298.09,0.0
762.6,298.09,0.0
762.7,298.09,0.0
762.8,298.09,0.0
762.9,298.09,0.0
763.0,298.09,-0.0
763.1,298.09,-0.001903
763.2,298.09,-0.003747
763.3,298.09,-0.005527
763.4,298.09,-0.007243
763.5,298.09,-0.008895
763.6,298.09,-0.010483
763.7,298.09,-0.012004
763.8,298.09,-0.013459
763.9,298.09,-0.014846
764.0,298.09,-0.016202
764.1,298.09,-0.018874
764.2,298.09,-0.021248
764.3,298.09,-0.023287
764.4,298.09,-0.024988
764.5,298.09,-0.026348
764.6,298.09,-0.027363
764.7,298.09,-0.028033
764.8,298.09,-0.028353
764.9,298.09,-0.028323
765.0,298.09,-0.027946
765.1,298.09,-0.027626
765.2,298.09,-0.027274
765.3,298.09,-0.026883
765.4,298.09,-0.026454
765.5,298.09,-0.025986
765.6,298.09,-0.025479
765.7,298.09,-0.024932
765.8,298.09,-0.024347
765.9,298.09,-0.023723
766.0,298.089,-0.023038
766.1,298.089,-0.022092
766.2,298.089,-0.021039
766.3,298.089,-0.019899
766.4,298.089,-0.018672
766.5,298.089,-0.017357
766.6,298.089,-0.015954
766.7,298.089,-0.014464
766.8,298.089,-0.012885
766.9,298.089,-0.011217
767.0,298.089,-0.009652
767.1,298.089,-0.008075
767.2,298.089,-0.006641
767.3,298.089,-0.005162
767.4,298.089,-0.003637
767.5,298.089,-0.002066
767.6,298.089,-0.00045
767.7,298.089,0.001213
767.8,298.089,0.002922
767.9,298.089,0.00488
768.0,298.089,0.007016
768.1,298.089,0.013545
768.2,298.089,0.021357
768.3,298.089,0.029927
768.4,298.089,0.039259
768.5,298.089,0.049357
768.6,298.09,0.060225
768.7,298.09,0.071867
768.8,298.09,0.084287
768.9,298.09,0.097487
769.0,298.09,0.111382
769.1,298.09,0.125936
769.2,298.091,0.141258
769.3,298.091,0.15735
769.4,298.091,0.174196
769.5,298.091,0.191802
769.6,298.092,0.210183
769.7,298.092,0.229341
769.8,298.092,0.249278
769.9,298.093,0.269996
770.0,298.093,0.289017
770.1,298.094,0.298398
770.2,298.094,0.305339
770.3,298.095,0.31231
770.4,298.095,0.319311
770.5,298.096,0.326345
770.6,298.097,0.333412
770.7,298.097,0.340515
770.8,298.098,0.347654
770.9,298.098,0.354832
771.0,298.099,0.362822
771.1,298.099,0.37709
771.2,298.1,0.392427
771.3,298.101,0.408063
771.4,298.101,0.423997
771.5,298.102,0.440231
771.6,298.103,0.456764
771.7,298.104,0.473598
771.8,298.105,0.490731
771.9,298.105,0.508166
772.0,298.106,0.522736
772.1,298.107,0.502953
772.2,298.108,0.480365
772.3,298.109,0.458138
772.4,298.11,0.436291
772.5,298.11,0.414839
772.6,298.111,0.393798
772.7,298.112,0.373181
772.8,298.112,0.353002
772.9,298.113,0.333273
773.0,298.114,0.315808
773.1,298.114,0.329817
773.2,298.115,0.346069
773.3,298.115,0.362773
773.4,298.116,0.379929
773.5,298.117,0.397537
773.6,298.117,0.415597
773.7,298.118,0.434112
773.8,298.119,0.453079
773.9,298.119,0.472043
774.0,298.12,0.489862
774.1,298.121,0.498219
774.2,298.122,0.504099
774.3,298.123,0.510003
774.4,298.124,0.515932
774.5,298.125,0.521885
774.6,298.125,0.527864
774.7,298.126,0.533868
774.8,298.127,0.539898
774.9,298.128,0.545953
775.0,298.129,0.549359
775.1,298.13,0.531498
775.2,298.131,0.511246
775.3,298.132,0.491277
775.4,298.133,0.471602
775.5,298.133,0.452232
775.6,298.134,0.433177
775.7,298.135,0.414444
775.8,298.136,0.396044
775.9,298.136,0.377983
776.0,298.137,0.363025
776.1,298.138,0.354572
776.2,298.138,0.348895
776.3,298.139,0.343252
776.4,298.139,0.337644
776.5,298.14,0.33207
776.6,298.141,0.326532
776.7,298.141,0.321029
776.8,298.142,0.315563
776.9,298.142,0.310938
777.0,298.143,0.307394
777.1,298.143,0.305788
777.2,298.144,0.306842
777.3,298.144,0.307915
777.4,298.145,0.309006
777.5,298.145,0.310115
777.6,298.146,0.311239
777.7,298.146,0.312379
777.8,298.147,0.313534
777.9,298.148,0.314666
778.0,298.148,0.313357
778.1,298.149,0.308739
778.2,298.149,0.30166
778.3,298.15,0.294637
778.4,298.15,0.287673
778.5,298.151,0.280879
778.6,298.151,0.274278
778.7,298.152,0.267734
778.8,298.152,0.26125
778.9,298.152,0.254827
779.0,298.153,0.248464
779.1,298.153,0.242165
779.2,298.154,0.237039
779.3,298.154,0.232016
779.4,298.155,0.227036
779.5,298.155,0.222099
779.6,298.155,0.217206
779.7,298.156,0.212357
779.8,298.156,0.207552
779.9,298.156,0.202792
780.0,298.157,0.197695
780.1,298.157,0.19252
780.2,298.157,0.187401
780.3,298.158,0.182339
780.4,298.158,0.177288
780.5,298.158,0.172241
780.6,298.159,0.167255
780.7,298.159,0.162331
780.8,298.159,0.157541
780.9,298.159,0.153164
781.0,298.16,0.148839
781.1,298.16,0.144711
781.2,298.16,0.141514
781.3,298.16,0.138351
781.4,298.161,0.135219
781.5,298.161,0.13212
781.6,298.161,0.129052
781.7,298.161,0.126017
781.8,298.162,0.123014
781.9,298.162,0.119964
782.0,298.162,0.116921
782.1,298.162,0.113912
782.2,298.162,0.110893
782.3,298.163,0.107844
782.4,298.163,0.10483
782.5,298.163,0.101854
782.6,298.163,0.098914
782.7,298.163,0.09601
782.8,298.163,0.093144
782.9,298.164,0.090315
783.0,298.164,0.088037
783.1,298.164,0.089213
783.2,298.164,0.090936
783.3,298.164,0.092691
783.4,298.164,0.094479
783.5,298.165,0.096299
783.6,298.165,0.098151
783.7,298.165,0.100034
783.8,298.165,0.101948
783.9,298.165,0.103892
784.0,298.165,0.106597
784.1,298.166,0.111423
784.2,298.166,0.11714
784.3,298.166,0.12302
784.4,298.166,0.129065
784.5,298.166,0.135274
784.6,298.167,0.141649
784.7,298.167,0.148187
784.8,298.167,0.15489
784.9,298.167,0.161369
785.0,298.168,0.167224
785.1,298.168,0.165673
785.2,298.168,0.162568
785.3,298.168,0.15947
785.4,298.169,0.15638
785.5,298.169,0.153301
785.6,298.169,0.150232
785.7,298.169,0.147177
785.8,298.17,0.144136
785.9,298.17,0.14111
786.0,298.17,0.137302
786.1,298.17,0.130964
786.2,298.171,0.123985
786.3,298.171,0.11716
786.4,298.171,0.110493
786.5,298.171,0.103988
786.6,298.171,0.097659
786.7,298.172,0.0915
786.8,298.172,0.085509
786.9,298.172,0.079689
787.0,298.172,0.074043
787.1,298.172,0.072449
787.2,298.172,0.070939
787.3,298.172,0.069444
787.4,298.172,0.067964
787.5,298.173,0.0665
787.6,298.173,0.065051
787.7,298.173,0.063616
787.8,298.173,0.062197
787.9,298.173,0.060792
788.0,298.173,0.059861
788.1,298.173,0.060632
788.2,298.173,0.061885
788.3,298.173,0.063162
788.4,298.174,0.064464
788.5,298.174,0.065789
788.6,298.174,0.067139
788.7,298.174,0.068511
788.8,298.174,0.070002
788.9,298.174,0.071734
789.0,298.174,0.073498
789.1,298.174,0.075767
789.2,298.174,0.078833
789.3,298.175,0.081972
789.4,298.175,0.085184
789.5,298.175,0.088467
789.6,298.175,0.091823
789.7,298.175,0.095252
789.8,298.175,0.098753
789.9,298.175,0.102326
790.0,298.176,0.105292
790.1,298.176,0.10638
790.2,298.176,0.106789
790.3,298.176,0.107196
790.4,298.176,0.107601
790.5,298.177,0.108003
790.6,298.177,0.108404
790.7,298.177,0.108803
790.8,298.177,0.109201
790.9,298.177,0.109597
791.0,298.177,0.109619
791.1,298.178,0.098197
791.2,298.178,0.086989
791.3,298.178,0.076377
791.4,298.178,0.066371
791.5,298.178,0.056978
791.6,298.178,0.048207
791.7,298.178,0.040066
791.8,298.178,0.032562
791.9,298.178,0.025703
792.0,298.179,0.01939
792.1,298.179,0.012553
792.2,298.179,0.006698
792.3,298.179,0.001936
792.4,298.179,-0.001721
792.5,298.179,-0.004266
792.6,298.179,-0.005688
792.7,298.179,-0.00598
792.8,298.179,-0.005134
792.9,298.179,-0.003143
793.0,298.179,0.0
793.1,298.179,0.0
793.2,298.179,0.0
793.3,298.179,0.0
793.4,298.179,0.0
793.5,298.179,0.0
793.6,298.178,0.0
793.7,298.178,0.0
793.8,298.178,0.0
793.9,298.178,0.0
794.0,298.178,0.0
794.1,298.178,0.0
794.2,298.178,0.0
794.3,298.178,0.0
794.4,298.178,0.0
794.5,298.178,0.0
794.6,298.178,0.0
794.7,298.178,0.0
794.8,298.178,0.0
794.9,298.178,0.0
795.0,298.178,0.0
795.1,298.178,0.0
795.2,298.178,0.0
795.3,298.178,0.0
795.4,298.178,0.0
795.5,298.178,0.0
795.6,298.178,0.0
795.7,298.178,0.0
795.8,298.178,0.0
795.9,298.178,0.0
796.0,298.178,0.0
796.1,298.178,0.0
796.2,298.178,0.0
796.3,298.178,0.0
796.4,298.178,0.0
796.5,298.178,0.0
796.6,298.178,0.0
796.7,298.178,0.0
796.8,298.178,0.0
796.9,298.178,0.0
797.0,298.178,0.0
797.1,298.178,0.0
797.2,298.178,0.0
797.3,298.178,0.0
797.4,298.178,0.0
797.5,298.178,0.0
797.6,298.178,0.0
797.7,298.178,0.0
797.8,298.178,0.0
797.9,298.178,0.0
798.0,298.178,0.0
798.1,298.178,0.0
798.2,298.178,0.0
798.3,298.178,0.0
798.4,298.178,0.0
798.5,298.178,0.0
798.6,298.178,0.0
798.7,298.178,0.0
798.8,298.178,0.0
798.9,298.178,0.0
799.0,298.178,-0.0
799.1,298.178,-0.002198
799.2,298.178,-0.004204
799.3,298.178,-0.006013
799.4,298.178,-0.007623
799.5,298.178,-0.009032
799.6,298.178,-0.010238
799.7,298.178,-0.011238
799.8,298.178,-0.012031
799.9,298.178,-0.012616
800.0,298.178,-0.012991
800.1,298.178,-0.013158
800.2,298.178,-0.012879
800.3,298.178,-0.012147
800.4,298.178,-0.010961
800.5,298.178,-0.009318
800.6,298.178,-0.007213
800.7,298.178,-0.004644
800.8,298.178,-0.001608
800.9,298.178,0.001896
801.0,298.178,0.00598
801.1,298.178,0.015468
801.2,298.178,0.027074
801.3,298.178,0.040706
801.4,298.178,0.056379
801.5,298.178,0.074105
801.6,298.178,0.093898
801.7,298.178,0.115769
801.8,298.179,0.13973
801.9,298.179,0.165646
802.0,298.179,0.192204
802.1,298.18,0.217529
802.2,298.18,0.242402
802.3,298.18,0.26858
802.4,298.181,0.296067
802.5,298.181,0.324867
802.6,298.182,0.354984
802.7,298.182,0.386422
802.8,298.183,0.419184
802.9,298.184,0.453274
803.0,298.185,0.485247
803.1,298.185,0.48339
803.2,298.186,0.478007
803.3,298.187,0.47254
803.4,298.188,0.466998
803.5,298.189,0.461387
803.6,298.189,0.455715
803.7,298.19,0.449989
803.8,298.191,0.444215
803.9,298.192,0.4384
804.0,298.192,0.42997
804.1,298.193,0.396477
804.2,298.194,0.361795
804.3,298.194,0.328524
804.4,298.195,0.29669
804.5,298.195,0.266321
804.6,298.196,0.237441
804.7,298.196,0.210075
804.8,298.197,0.184244
804.9,298.197,0.159969
805.0,298.197,0.138369
805.1,298.197,0.122993
805.2,298.198,0.109417
805.3,298.198,0.096555
805.4,298.198,0.084415
805.5,298.198,0.073004
805.6,298.198,0.062326
805.7,298.198,0.052389
805.8,298.198,0.043197
805.9,298.198,0.034757
806.0,298.199,0.02726
806.1,298.199,0.021014
806.2,298.199,0.015529
806.3,298.199,0.010623
806.4,298.199,0.0063
806.5,298.199,0.002563
806.6,298.199,-0.000586
806.7,298.199,-0.003145
806.8,298.199,-0.00511
806.9,298.199,-0.006478
807.0,298.199,-0.007242
807.1,298.199,-0.007482
807.2,298.199,-0.007502
807.3,298.199,-0.007309
807.4,298.199,-0.006904
807.5,298.199,-0.006285
807.6,298.199,-0.005453
807.7,298.199,-0.004409
807.8,298.198,-0.003151
807.9,298.198,-0.001681
808.0,298.198,0.0
808.1,298.198,0.0
808.2,298.198,0.0
808.3,298.198,0.0
808.4,298.198,0.0
808.5,298.198,0.0
808.6,298.198,0.0
808.7,298.198,0.0
808.8,298.198,0.0
808.9,298.198,0.0
809.0,298.198,0.0
809.1,298.198,0.0
809.2,298.198,0.0
809.3,298.198,0.0
809.4,298.198,0.0
809.5,298.198,0.0
809.6,298.198,0.0
809.7,298.198,0.0
809.8,298.198,0.0
809.9,298.198,0.0
810.0,298.198,0.0
810.1,298.198,0.0
810.2,298.198,0.0
810.3,298.198,0.0
810.4,298.198,0.0
810.5,298.198,0.0
810.6,298.198,0.0
810.7,298.198,0.0
810.8,298.198,0.0
810.9,298.198,0.0
811.0,298.198,0.0
811.1,298.198,0.0
811.2,298.198,0.0
811.3,298.198,0.0
811.4,298.198,0.0
811.5,298.198,0.0
811.6,298.198,0.0
811.7,298.198,0.0
811.8,298.198,0.0
811.9,298.198,0.0
812.0,298.198,0.0
812.1,298.198,0.0
812.2,298.198,0.0
812.3,298.198,0.0
812.4,298.198,0.0
812.5,298.198,0.0
812.6,298.198,0.0
812.7,298.198,0.0
812.8,298.198,0.0
812.9,298.198,0.0
813.0,298.198,0.0
813.1,298.198,0.0
813.2,298.198,0.0
813.3,298.198,0.0
813.4,298.198,0.0
813.5,298.198,0.0
813.6,298.198,0.0
813.7,298.198,0.0
813.8,298.198,0.0
813.9,298.198,0.0
814.0,298.198,0.0
814.1,298.198,0.0
814.2,298.198,0.0
814.3,298.198,0.0
814.4,298.198,0.0
814.5,298.198,0.0
814.6,298.198,0.0
814.7,298.198,0.0
814.8,298.198,0.0
814.9,298.198,0.0
815.0,298.198,0.0
815.1,298.198,0.0
815.2,298.198,0.0
815.3,298.198,0.0
815.4,298.198,0.0
815.5,298.198,0.0
815.6,298.198,0.0
815.7,298.198,0.0
815.8,298.198,0.0
815.9,298.198,0.0
816.0,298.198,0.0
816.1,298.198,0.0
816.2,298.198,0.0
816.3,298.198,0.0
816.4,298.198,0.0
816.5,298.198,0.0
816.6,298.198,0.0
816.7,298.198,0.0
816.8,298.198,0.0
816.9,298.198,0.0
817.0,298.198,0.0
817.1,298.198,0.0
817.2,298.198,0.0
817.3,298.198,0.0
817.4,298.198,0.0
817.5,298.198,0.0
817.6,298.198,0.0
817.7,298.198,0.0
817.8,298.198,0.0
817.9,298.198,0.0
818.0,298.198,-0.0
818.1,298.198,-0.002441
818.2,298.198,-0.004705
818.3,298.198,-0.006794
818.4,298.198,-0.008708
818.5,298.198,-0.010445
818.6,298.198,-0.011998
818.7,298.198,-0.013362
818.8,298.198,-0.014539
818.9,298.198,-0.015529
819.0,298.198,-0.016339
819.1,298.198,-0.01733
819.2,298.198,-0.017684
819.3,298.198,-0.017368
819.4,298.198,-0.01639
819.5,298.198,-0.014744
819.6,298.198,-0.012437
819.7,298.198,-0.009459
819.8,298.198,-0.005803
819.9,298.198,-0.001466
820.0,298.198,0.003236
820.1,298.198,0.005519
820.2,298.198,0.007382
820.3,298.198,0.009434
820.4,298.198,0.011558
820.5,298.198,0.013752
820.6,298.198,0.015968
820.7,298.198,0.018209
820.8,298.198,0.020515
820.9,298.198,0.022885
821.0,298.198,0.024983
821.1,298.198,0.026784
821.2,298.198,0.028259
821.3,298.198,0.029542
821.4,298.198,0.031099
821.5,298.198,0.032598
821.6,298.198,0.034006
821.7,298.198,0.035427
821.8,298.198,0.036892
821.9,298.198,0.038399
822.0,298.198,0.039921
822.1,298.198,0.041458
822.2,298.198,0.043009
822.3,298.198,0.044493
822.4,298.198,0.045974
822.5,298.199,0.047468
822.6,298.199,0.048974
822.7,298.199,0.050526
822.8,298.199,0.052269
822.9,298.199,0.054032
823.0,298.199,0.055003
823.1,298.199,0.053878
823.2,298.199,0.051952
823.3,298.199,0.050153
823.4,298.199,0.048364
823.5,298.199,0.046515
823.6,298.199,0.044662
823.7,298.199,0.042826
823.8,298.2,0.041008
823.9,298.2,0.039208
824.0,298.2,0.037757
824.1,298.2,0.038266
824.2,298.2,0.038787
824.3,298.2,0.03959
824.4,298.2,0.0404
824.5,298.2,0.041215
824.6,298.2,0.042023
824.7,298.2,0.042839
824.8,298.2,0.043662
824.9,298.2,0.044492
825.0,298.2,0.045329
825.1,298.2,0.046174
825.2,298.2,0.047026
825.3,298.201,0.047885
825.4,298.201,0.048749
825.5,298.201,0.049575
825.6,298.201,0.050408
825.7,298.201,0.051247
825.8,298.201,0.052092
825.9,298.201,0.052943
826.0,298.201,0.053439
826.1,298.201,0.053484
826.2,298.201,0.053458
826.3,298.201,0.053407
826.4,298.201,0.053354
826.5,298.202,0.053297
826.6,298.202,0.053238
826.7,298.202,0.053176
826.8,298.202,0.053112
826.9,298.202,0.053045
827.0,298.202,0.053442
827.1,298.202,0.059758
827.2,298.202,0.067319
827.3,298.202,0.075019
827.4,298.202,0.083106
827.5,298.203,0.091584
827.6,298.203,0.100453
827.7,298.203,0.109716
827.8,298.203,0.119374
827.9,298.203,0.129428
828.0,298.203,0.13988
828.1,298.204,0.144164
828.2,298.204,0.149184
828.3,298.204,0.154285
828.4,298.204,0.159467
828.5,298.205,0.164751
828.6,298.205,0.170132
828.7,298.205,0.175594
828.8,298.206,0.181139
828.9,298.206,0.186316
829.0,298.206,0.191257
829.1,298.206,0.191801
829.2,298.207,0.191347
829.3,298.207,0.191217
829.4,298.207,0.191069
829.5,298.208,0.190904
829.6,298.208,0.190423
829.7,298.208,0.189924
829.8,298.209,0.189411
829.9,298.209,0.188955
830.0,298.209,0.18807
830.1,298.21,0.177733
830.2,298.21,0.167117
830.3,298.21,0.156888
830.4,298.21,0.146923
830.5,298.211,0.137228
830.6,298.211,0.127776
830.7,298.211,0.118568
830.8,298.211,0.109649
830.9,298.212,0.101024
831.0,298.212,0.092453
831.1,298.212,0.083229
831.2,298.212,0.074196
831.3,298.212,0.065603
831.4,298.212,0.057455
831.5,298.212,0.049765
831.6,298.212,0.04254
831.7,298.212,0.03577
831.8,298.213,0.02946
831.9,298.213,0.023618
832.0,298.213,0.018369
832.1,298.213,0.018235
832.2,298.213,0.018197
832.3,298.213,0.018171
832.4,298.213,0.018155
832.5,298.213,0.018148
832.6,298.213,0.018151
832.7,298.213,0.018163
832.8,298.213,0.018183
832.9,298.213,0.01821
833.0,298.213,0.018334
833.1,298.213,0.018919
833.2,298.213,0.019721
833.3,298.213,0.020328
833.4,298.213,0.021155
833.5,298.213,0.021938
833.6,298.213,0.022724
833.7,298.213,0.02353
833.8,298.213,0.024354
833.9,298.213,0.025152
834.0,298.213,0.025898
834.1,298.213,0.025532
834.2,298.213,0.024924
834.3,298.213,0.024478
834.4,298.213,0.024034
834.5,298.213,0.023564
834.6,298.213,0.023037
834.7,298.213,0.022512
834.8,298.213,0.021991
834.9,298.214,0.021474
835.0,298.214,0.020959
835.1,298.214,0.020449
835.2,298.214,0.019941
835.3,298.214,0.019437
835.4,298.214,0.018937
835.5,298.214,0.018422
835.6,298.214,0.017875
835.7,298.214,0.017332
835.8,298.214,0.016802
835.9,298.214,0.016294
836.0,298.214,0.015997
836.1,298.214,0.017673
836.2,298.214,0.019916
836.3,298.214,0.022222
836.4,298.214,0.024512
836.5,298.214,0.026896
836.6,298.214,0.029374
836.7,298.214,0.031946
836.8,298.214,0.034511
836.9,298.214,0.037062
837.0,298.214,0.039694
837.1,298.214,0.042295
837.2,298.214,0.044671
837.3,298.214,0.047102
837.4,298.214,0.049585
837.5,298.215,0.051875
837.6,298.215,0.054252
837.7,298.215,0.056887
837.8,298.215,0.059581
837.9,298.215,0.062378
838.0,298.215,0.064827
838.1,298.215,0.063602
838.2,298.215,0.062212
838.3,298.215,0.060745
838.4,298.215,0.059282
838.5,298.215,0.057838
838.6,298.216,0.056431
838.7,298.216,0.05503
838.8,298.216,0.053635
838.9,298.216,0.052247
839.0,298.216,0.050867
839.1,298.216,0.052204
839.2,298.216,0.053681
839.3,298.216,0.055181
839.4,298.216,0.056704
839.5,298.216,0.058384
839.6,298.216,0.060114
839.7,298.217,0.061872
839.8,298.217,0.063657
839.9,298.217,0.065469
840.0,298.217,0.067309
840.1,298.217,0.071686
840.2,298.217,0.077245
840.3,298.217,0.08301
840.4,298.217,0.088982
840.5,298.217,0.095163
840.6,298.218,0.101552
840.7,298.218,0.108151
840.8,298.218,0.11496
840.9,298.218,0.12194
841.0,298.218,0.12853
841.1,298.219,0.1308
841.2,298.219,0.132394
841.3,298.219,0.133991
841.4,298.219,0.135591
841.5,298.219,0.137193
841.6,298.22,0.138799
841.7,298.22,0.140408
841.8,298.22,0.142021
841.9,298.22,0.142859
842.0,298.221,0.14347
842.1,298.221,0.140065
842.2,298.221,0.134944
842.3,298.221,0.129887
842.4,298.222,0.124896
842.5,298.222,0.119974
842.6,298.222,0.115123
842.7,298.222,0.110346
842.8,298.222,0.105644
842.9,298.222,0.101019
843.0,298.223,0.095728
843.1,298.223,0.090113
843.2,298.223,0.083935
843.3,298.223,0.077939
843.4,298.223,0.072128
843.5,298.223,0.066503
843.6,298.223,0.061068
843.7,298.224,0.055826
843.8,298.224,0.050777
843.9,298.224,0.045925
844.0,298.224,0.041623
844.1,298.224,0.040326
844.2,298.224,0.039392
844.3,298.224,0.038469
844.4,298.224,0.037558
844.5,298.224,0.036657
844.6,298.224,0.035768
844.7,298.224,0.034888
844.8,298.224,0.03402
844.9,298.224,0.033161
845.0,298.224,0.032377
845.1,298.224,0.032312
845.2,298.224,0.032317
845.3,298.224,0.032327
845.4,298.225,0.032342
845.5,298.225,0.032361
845.6,298.225,0.032384
845.7,298.225,0.032411
845.8,298.225,0.032441
845.9,298.225,0.032475
846.0,298.225,0.032758
846.1,298.225,0.035294
846.2,298.225,0.038187
846.3,298.225,0.041193
846.4,298.225,0.044313
846.5,298.225,0.047546
846.6,298.225,0.050893
846.7,298.225,0.054356
846.8,298.225,0.057933
846.9,298.225,0.061626
847.0,298.226,0.065902
847.1,298.226,0.072159
847.2,298.226,0.079207
847.3,298.226,0.08658
847.4,298.226,0.09428
847.5,298.226,0.102309
847.6,298.226,0.110668
847.7,298.227,0.119358
847.8,298.227,0.12838
847.9,298.227,0.137557
848.0,298.227,0.146624
848.1,298.227,0.155985
848.2,298.228,0.165633
848.3,298.228,0.175145
848.4,298.228,0.18493
848.5,298.229,0.194987
848.6,298.229,0.205318
848.7,298.229,0.215924
848.8,298.23,0.226805
848.9,298.23,0.237965
849.0,298.23,0.247708
849.1,298.231,0.242844
849.2,298.231,0.236333
849.3,298.232,0.229861
849.4,298.232,0.223434
849.5,298.232,0.217056
849.6,298.233,0.21073
849.7,298.233,0.204404
849.8,298.233,0.198009
849.9,298.234,0.191681
850.0,298.234,0.185423
850.1,298.234,0.179194
850.2,298.235,0.172473
850.3,298.235,0.16585
850.4,298.235,0.159326
850.5,298.235,0.152905
850.6,298.236,0.146588
850.7,298.236,0.140378
850.8,298.236,0.134278
850.9,298.236,0.128288
851.0,298.237,0.122513
851.1,298.237,0.123174
851.2,298.237,0.123608
851.3,298.237,0.124218
851.4,298.237,0.124837
851.5,298.238,0.125464
851.6,298.238,0.126098
851.7,298.238,0.126739
851.8,298.238,0.127391
851.9,298.238,0.128062
852.0,298.239,0.128738
852.1,298.239,0.129421
852.2,298.239,0.13011
852.3,298.239,0.130805
852.4,298.239,0.131501
852.5,298.24,0.132162
852.6,298.24,0.132829
852.7,298.24,0.1335
852.8,298.24,0.134175
852.9,298.241,0.134855
853.0,298.241,0.13554
853.1,298.241,0.133121
853.2,298.241,0.130119
853.3,298.241,0.127067
853.4,298.242,0.124039
853.5,298.242,0.121036
853.6,298.242,0.118059
853.7,298.242,0.115295
853.8,298.242,0.11256
853.9,298.243,0.109849
854.0,298.243,0.106751
854.1,298.243,0.102527
854.2,298.243,0.097998
854.3,298.243,0.093534
854.4,298.243,0.088979
854.5,298.244,0.084741
854.6,298.244,0.080589
854.7,298.244,0.076524
854.8,298.244,0.072549
854.9,298.244,0.068662
855.0,298.244,0.065269
855.1,298.244,0.065098
855.2,298.244,0.06501
855.3,298.245,0.064927
855.4,298.245,0.06485
855.5,298.245,0.064778
855.6,298.245,0.064711
855.7,298.245,0.064647
855.8,298.245,0.064874
855.9,298.245,0.06503
856.0,298.245,0.065384
856.1,298.245,0.077338
856.2,298.245,0.090852
856.3,298.246,0.105463
856.4,298.246,0.121178
856.5,298.246,0.138004
856.6,298.246,0.155932
856.7,298.246,0.174984
856.8,298.247,0.195168
856.9,298.247,0.216356
857.0,298.247,0.237366
857.1,298.248,0.249258
857.2,298.248,0.259092
857.3,298.249,0.269352
857.4,298.249,0.279949
857.5,298.25,0.290757
857.6,298.25,0.301775
857.7,298.251,0.312841
857.8,298.251,0.323969
857.9,298.252,0.335298
858.0,298.252,0.34598
858.1,298.253,0.341541
858.2,298.253,0.335898
858.3,298.254,0.330224
858.4,298.254,0.324553
858.5,298.255,0.318889
858.6,298.256,0.313395
858.7,298.256,0.307931
858.8,298.257,0.30248
858.9,298.257,0.297044
859.0,298.258,0.290818
859.1,298.258,0.281872
859.2,298.259,0.273025
859.3,298.259,0.264281
859.4,298.259,0.255277
859.5,298.26,0.246246
859.6,298.26,0.237675
859.7,298.261,0.229223
859.8,298.261,0.220895
859.9,298.261,0.212691
860.0,298.262,0.205571
860.1,298.262,0.225746
860.2,298.262,0.247756
860.3,298.263,0.270793
860.4,298.263,0.294908
860.5,298.264,0.320126
860.6,298.264,0.346452
860.7,298.265,0.373892
860.8,298.266,0.402452
860.9,298.266,0.432137
861.0,298.267,0.46342
861.1,298.268,0.501801
861.2,298.269,0.54231
861.3,298.27,0.584486
861.4,298.27,0.628337
861.5,298.272,0.673868
861.6,298.273,0.721087
861.7,298.274,0.769998
861.8,298.275,0.820608
861.9,298.277,0.872923
862.0,298.278,0.920263
862.1,298.28,0.880796
862.2,298.281,0.835617
862.3,298.282,0.791413
862.4,298.284,0.748213
862.5,298.285,0.70604
862.6,298.286,0.664918
862.7,298.287,0.624871
862.8,298.288,0.58592
862.9,298.289,0.548084
863.0,298.29,0.511417
863.1,298.291,0.486845
863.2,298.292,0.462835
863.3,298.293,0.43936
863.4,298.294,0.416427
863.5,298.294,0.394045
863.6,298.295,0.372221
863.7,298.296,0.350961
863.8,298.296,0.330273
863.9,298.297,0.310162
864.0,298.297,0.291512
864.1,298.298,0.294513
864.2,298.298,0.298448
864.3,298.299,0.302442
864.4,298.299,0.306496
864.5,298.3,0.310611
864.6,298.3,0.31478
864.7,298.301,0.319006
864.8,298.301,0.323287
864.9,298.302,0.328403
865.0,298.302,0.333929
865.1,298.303,0.353768
865.2,298.303,0.376292
865.3,298.304,0.399594
865.4,298.305,0.423676
865.5,298.305,0.448542
865.6,298.306,0.474195
865.7,298.307,0.500638
865.8,298.308,0.527874
865.9,298.309,0.555906
866.0,298.31,0.583888
866.1,298.311,0.598595
866.2,298.312,0.612635
866.3,298.313,0.626856
866.4,298.314,0.641259
866.5,298.315,0.655842
866.6,298.316,0.670606
866.7,298.317,0.685552
866.8,298.318,0.700678
866.9,298.319,0.715987
867.0,298.321,0.726731
867.1,298.322,0.697222
867.2,298.323,0.663666
867.3,298.324,0.630806
867.4,298.325,0.598658
867.5,298.326,0.567237
867.6,298.327,0.536557
867.7,298.328,0.50663
867.8,298.329,0.477468
867.9,298.33,0.449084
868.0,298.33,0.422401
868.1,298.331,0.396495
868.2,298.332,0.371341
868.3,298.332,0.347058
868.4,298.333,0.323731
868.5,298.333,0.30116
868.6,298.334,0.279352
868.7,298.334,0.258316
868.8,298.335,0.238058
868.9,298.335,0.218584
869.0,298.336,0.200778
869.1,298.336,0.194034
869.2,298.336,0.188254
869.3,298.336,0.182564
869.4,298.337,0.176964
869.5,298.337,0.171452
869.6,298.337,0.166028
869.7,298.338,0.160692
869.8,298.338,0.155728
869.9,298.338,0.150974
870.0,298.338,0.146295
870.1,298.339,0.142284
870.2,298.339,0.139392
870.3,298.339,0.136535
870.4,298.339,0.133712
870.5,298.339,0.130922
870.6,298.34,0.128165
870.7,298.34,0.125441
870.8,298.34,0.122749
870.9,298.34,0.120088
871.0,298.34,0.117984
871.1,298.341,0.116848
871.2,298.341,0.116245
871.3,298.341,0.115651
871.4,298.341,0.115066
871.5,298.341,0.11449
871.6,298.342,0.113922
871.7,298.342,0.113361
871.8,298.342,0.112808
871.9,298.342,0.112261
872.0,298.342,0.110897
872.1,298.342,0.107213
872.2,298.343,0.102791
872.3,298.343,0.098453
872.4,298.343,0.0942
872.5,298.343,0.090032
872.6,298.343,0.085951
872.7,298.343,0.081955
872.8,298.343,0.078047
872.9,298.344,0.074227
873.0,298.344,0.069944
873.1,298.344,0.065259
873.2,298.344,0.060213
873.3,298.344,0.055357
873.4,298.344,0.050693
873.5,298.344,0.046221
873.6,298.344,0.041942
873.7,298.344,0.03786
873.8,298.344,0.033973
873.9,298.344,0.030284
874.0,298.344,0.026762
874.1,298.344,0.023427
874.2,298.344,0.0203
874.3,298.344,0.01738
874.4,298.344,0.014669
874.5,298.344,0.012164
874.6,298.344,0.009869
874.7,298.344,0.007788
874.8,298.344,0.00592
874.9,298.344,0.004267
875.0,298.344,0.00285
875.1,298.344,0.001907
875.2,298.344,0.0011
875.3,298.344,0.000407
875.4,298.344,-0.000169
875.5,298.344,-0.000629
875.6,298.344,-0.000973
875.7,298.344,-0.001201
875.8,298.344,-0.001312
875.9,298.344,-0.001306
876.0,298.344,-0.001183
876.1,298.344,-0.001467
876.2,298.344,-0.001455
876.3,298.344,-0.001142
876.4,298.344,-0.000525
876.5,298.344,0.0004
876.6,298.344,0.001636
876.7,298.344,0.003188
876.8,298.344,0.005059
876.9,298.344,0.007251
877.0,298.344,0.009774
877.1,298.344,0.012639
877.2,298.344,0.01584
877.3,298.344,0.019381
877.4,298.344,0.023264
877.5,298.344,0.027489
877.6,298.344,0.032059
877.7,298.344,0.036976
877.8,298.344,0.042216
877.9,298.344,0.04767
878.0,298.344,0.053459
878.1,298.344,0.059003
878.2,298.344,0.064417
878.3,298.345,0.070073
878.4,298.345,0.075973
878.5,298.345,0.082119
878.6,298.345,0.08851
878.7,298.345,0.095148
878.8,298.345,0.102035
878.9,298.345,0.10917
879.0,298.345,0.116093
879.1,298.346,0.098531
879.2,298.346,0.081931
879.3,298.346,0.066774
879.4,298.346,0.053079
879.5,298.346,0.040864
879.6,298.346,0.030147
879.7,298.346,0.020942
879.8,298.346,0.013267
879.9,298.346,0.007135
880.0,298.346,0.002629
880.1,298.346,0.002306
880.2,298.346,0.002056
880.3,298.346,0.001813
880.4,298.346,0.001577
880.5,298.346,0.001347
880.6,298.346,0.001124
880.7,298.346,0.000906
880.8,298.346,0.000694
880.9,298.346,0.000488
881.0,298.346,0.000316
881.1,298.346,0.003487
881.2,298.346,0.008003
881.3,298.346,0.013849
881.4,298.346,0.021038
881.5,298.346,0.029582
881.6,298.346,0.039492
881.7,298.346,0.05078
881.8,298.346,0.063456
881.9,298.346,0.077529
882.0,298.346,0.092508
882.1,298.346,0.093235
882.2,298.347,0.093448
882.3,298.347,0.093649
882.4,298.347,0.093839
882.5,298.347,0.094018
882.6,298.347,0.094187
882.7,298.347,0.094347
882.8,298.347,0.094498
882.9,298.348,0.094641
883.0,298.348,0.095378
883.1,298.348,0.0966
883.2,298.348,0.098438
883.3,298.348,0.100291
883.4,298.348,0.102161
883.5,298.348,0.104048
883.6,298.349,0.105951
883.7,298.349,0.10787
883.8,298.349,0.109865
883.9,298.349,0.112037
884.0,298.349,0.114231
884.1,298.349,0.117658
884.2,298.35,0.121654
884.3,298.35,0.125724
884.4,298.35,0.129866
884.5,298.35,0.134082
884.6,298.35,0.138371
884.7,298.351,0.142734
884.8,298.351,0.147171
884.9,298.351,0.151681
885.0,298.351,0.155551
885.1,298.352,0.154682
885.2,298.352,0.153093
885.3,298.352,0.151499
885.4,298.352,0.149901
885.5,298.353,0.148298
885.6,298.353,0.146692
885.7,298.353,0.145083
885.8,298.353,0.14346
885.9,298.353,0.141794
886.0,298.354,0.140127
886.1,298.354,0.13846
886.2,298.354,0.136795
886.3,298.354,0.13511
886.4,298.355,0.133402
886.5,298.355,0.131696
886.6,298.355,0.129994
886.7,298.355,0.128296
886.8,298.355,0.126602
886.9,298.356,0.124912
887.0,298.356,0.122566
887.1,298.356,0.117683
887.2,298.356,0.112248
887.3,298.356,0.106922
887.4,298.356,0.101706
887.5,298.357,0.096601
887.6,298.357,0.091695
887.7,298.357,0.086929
887.8,298.357,0.082274
887.9,298.357,0.077732
888.0,298.357,0.073303
888.1,298.357,0.06966
888.2,298.357,0.066559
888.3,298.358,0.063521
888.4,298.358,0.060545
888.5,298.358,0.057633
888.6,298.358,0.054783
888.7,298.358,0.051997
888.8,298.358,0.049276
888.9,298.358,0.046619
889.0,298.358,0.043927
889.1,298.358,0.039221
889.2,298.358,0.034667
889.3,298.358,0.030364
889.4,298.358,0.026317
889.5,298.358,0.022526
889.6,298.358,0.018995
889.7,298.358,0.015723
889.8,298.358,0.012714
889.9,298.358,0.009969
890.0,298.358,0.007551
890.1,298.358,0.00571
890.2,298.358,0.004097
890.3,298.358,0.002653
890.4,298.358,0.001377
890.5,298.358,0.00027
890.6,298.358,-0.000667
890.7,298.358,-0.001433
890.8,298.358,-0.002028
890.9,298.358,-0.002451
891.0,298.358,-0.0027
891.1,298.358,-0.002795
891.2,298.358,-0.002807
891.3,298.358,-0.002739
891.4,298.358,-0.002591
891.5,298.358,-0.002361
891.6,298.358,-0.002051
891.7,298.358,-0.001659
891.8,298.358,-0.001187
891.9,298.358,-0.000634
892.0,298.358,-0.0
892.1,298.358,-0.000136
892.2,298.358,-0.000273
892.3,298.358,-0.00041
892.4,298.358,-0.000548
892.5,298.358,-0.000685
892.6,298.358,-0.000822
892.7,298.358,-0.000959
892.8,298.358,-0.001095
892.9,298.358,-0.001231
893.0,298.358,-0.001369
893.1,298.358,-0.001807
893.2,298.358,-0.00222
893.3,298.358,-0.002605
893.4,298.358,-0.002962
893.5,298.358,-0.00329
893.6,298.358,-0.003589
893.7,298.358,-0.003859
893.8,298.358,-0.004098
893.9,298.358,-0.004308
894.0,298.358,-0.004489
894.1,298.357,-0.004749
894.2,298.357,-0.004751
894.3,298.357,-0.00449
894.4,298.357,-0.003964
894.5,298.357,-0.00317
894.6,298.357,-0.002107
894.7,298.357,-0.000773
894.8,298.357,0.000836
894.9,298.357,0.00272
895.0,298.357,0.004796
895.1,298.357,0.006297
895.2,298.357,0.007813
895.3,298.357,0.009429
895.4,298.357,0.011146
895.5,298.357,0.012963
895.6,298.357,0.014883
895.7,298.357,0.016904
895.8,298.357,0.019027
895.9,298.357,0.021253
896.0,298.357,0.023415
896.1,298.357,0.02525
896.2,298.357,0.026966
896.3,298.357,0.028731
896.4,298.357,0.030545
896.5,298.357,0.032408
896.6,298.357,0.03432
896.7,298.358,0.036281
896.8,298.358,0.038291
896.9,298.358,0.040352
897.0,298.358,0.042091
897.1,298.358,0.041496
897.2,298.358,0.040532
897.3,298.358,0.039569
897.4,298.358,0.038607
897.5,298.358,0.037648
897.6,298.358,0.036692
897.7,298.358,0.035739
897.8,298.358,0.034791
897.9,298.358,0.033847
898.0,298.358,0.032759
898.1,298.358,0.031027
898.2,298.358,0.029185
898.3,298.358,0.027383
898.4,298.358,0.025621
898.5,298.358,0.023902
898.6,298.358,0.022225
898.7,298.358,0.020591
898.8,298.358,0.019002
898.9,298.358,0.017457
899.0,298.358,0.015819
899.1,298.358,0.013791
899.2,298.358,0.011736
899.3,298.358,0.009792
899.4,298.358,0.00796
899.5,298.358,0.006243
899.6,298.358,0.00464
899.7,298.358,0.003152
899.8,298.358,0.001782
899.9,298.358,0.000529
900.0,298.358,-0.000649
900.1,298.358,-0.002269
900.2,298.358,-0.003557
900.3,298.358,-0.004466
900.4,298.358,-0.004994
900.5,298.358,-0.005138
900.6,298.358,-0.004894
900.7,298.358,-0.004261
900.8,298.358,-0.003236
900.9,298.358,-0.001816
901.0,298.358,0.0
901.1,298.358,0.0
901.2,298.358,0.0
901.3,298.358,0.0
901.4,298.358,0.0
901.5,298.358,0.0
901.6,298.358,0.0
901.7,298.358,0.0
901.8,298.358,0.0
901.9,298.358,0.0
902.0,298.358,0.0
902.1,298.358,0.0
902.2,298.358,0.0
902.3,298.358,0.0
902.4,298.358,0.0
902.5,298.358,0.0
902.6,298.358,0.0
902.7,298.358,0.0
902.8,298.358,0.0
902.9,298.358,0.0
903.0,298.358,0.0
903.1,298.358,0.0
903.2,298.358,0.0
903.3,298.358,0.0
903.4,298.358,0.0
903.5,298.358,0.0
903.6,298.358,0.0
903.7,298.358,0.0
903.8,298.358,0.0
903.9,298.358,0.0
904.0,298.357,0.0
904.1,298.357,0.0
904.2,298.357,0.0
904.3,298.357,0.0
904.4,298.357,0.0
904.5,298.357,0.0
904.6,298.357,0.0
904.7,298.357,0.0
904.8,298.357,0.0
904.9,298.357,0.0
905.0,298.357,0.0
905.1,298.357,0.0
905.2,298.357,0.0
905.3,298.357,0.0
905.4,298.357,0.0
905.5,298.357,0.0
905.6,298.357,0.0
905.7,298.357,0.0
905.8,298.357,0.0
905.9,298.357,0.0
906.0,298.357,-0.0
906.1,298.357,-0.001823
906.2,298.357,-0.003455
906.3,298.357,-0.004893
906.4,298.357,-0.006136
906.5,298.357,-0.007182
906.6,298.357,-0.008028
906.7,298.357,-0.008674
906.8,298.357,-0.009117
906.9,298.357,-0.009357
907.0,298.357,-0.009388
907.1,298.357,-0.009072
907.2,298.357,-0.008317
907.3,298.357,-0.007121
907.4,298.357,-0.005482
907.5,298.357,-0.003397
907.6,298.357,-0.000864
907.7,298.357,0.002121
907.8,298.357,0.005561
907.9,298.357,0.009456
908.0,298.357,0.013869
908.1,298.357,0.024188
908.2,298.357,0.036525
908.3,298.357,0.050836
908.4,298.357,0.067132
908.5,298.357,0.085427
908.6,298.357,0.105731
908.7,298.357,0.128056
908.8,298.357,0.152412
908.9,298.358,0.178811
909.0,298.358,0.205764
909.1,298.358,0.230965
909.2,298.359,0.255939
909.3,298.359,0.282181
909.4,298.359,0.309697
909.5,298.36,0.338489
909.6,298.361,0.368564
909.7,298.361,0.399924
909.8,298.362,0.432573
909.9,298.362,0.466517
910.0,298.363,0.498056
910.1,298.364,0.496233
910.2,298.365,0.490657
910.3,298.366,0.485023
910.4,298.367,0.479336
910.5,298.367,0.473603
910.6,298.368,0.467829
910.7,298.369,0.462019
910.8,298.37,0.456179
910.9,298.37,0.450312
911.0,298.371,0.440393
911.1,298.372,0.408267
911.2,298.373,0.373504
911.3,298.373,0.340141
911.4,298.374,0.308203
911.5,298.374,0.27771
911.6,298.375,0.248685
911.7,298.375,0.221147
911.8,298.375,0.195114
911.9,298.376,0.170606
912.0,298.376,0.148304
912.1,298.376,0.148984
912.2,298.376,0.150352
912.3,298.377,0.151743
912.4,298.377,0.153157
912.5,298.377,0.154593
912.6,298.377,0.15605
912.7,298.378,0.157527
912.8,298.378,0.159024
912.9,298.378,0.160541
913.0,298.378,0.163037
913.1,298.379,0.194527
913.2,298.379,0.230009
913.3,298.379,0.268552
913.4,298.38,0.310178
913.5,298.38,0.354906
913.6,298.381,0.402757
913.7,298.382,0.453751
913.8,298.382,0.507905
913.9,298.383,0.565236
914.0,298.384,0.620663
914.1,298.385,0.57137
914.2,298.386,0.519239
914.3,298.387,0.469389
914.4,298.388,0.42186
914.5,298.388,0.376688
914.6,298.389,0.333907
914.7,298.39,0.293551
914.8,298.39,0.25565
914.9,298.391,0.220234
915.0,298.391,0.188531
915.1,298.391,0.188656
915.2,298.391,0.19
915.3,298.392,0.191366
915.4,298.392,0.192754
915.5,298.392,0.194164
915.6,298.393,0.195594
915.7,298.393,0.197043
915.8,298.393,0.198512
915.9,298.394,0.199999
916.0,298.394,0.201458
916.1,298.394,0.176542
916.2,298.395,0.153138
916.3,298.395,0.131311
916.4,298.395,0.111075
916.5,298.395,0.092447
916.6,298.395,0.075442
916.7,298.395,0.060073
916.8,298.395,0.046355
916.9,298.396,0.034301
917.0,298.396,0.024124
917.1,298.396,0.025904
917.2,298.396,0.027983
917.3,298.396,0.030161
917.4,298.396,0.032439
917.5,298.396,0.034819
917.6,298.396,0.0373
917.7,298.396,0.039884
917.8,298.396,0.042572
917.9,298.396,0.045402
918.0,298.396,0.048349
918.1,298.396,0.051404
918.2,298.396,0.05463
918.3,298.396,0.057986
918.4,298.396,0.061457
918.5,298.396,0.065043
918.6,298.396,0.068744
918.7,298.397,0.072562
918.8,298.397,0.076713
918.9,298.397,0.081048
919.0,298.397,0.085515
919.1,298.397,0.093575
919.2,298.397,0.10289
919.3,298.397,0.112669
919.4,298.397,0.122914
919.5,298.398,0.133627
919.6,298.398,0.144811
919.7,298.398,0.156469
919.8,298.398,0.168605
919.9,298.399,0.18122
920.0,298.399,0.194594
920.1,298.399,0.213382
920.2,298.399,0.233382
920.3,298.4,0.254319
920.4,298.4,0.276194
920.5,298.401,0.299013
920.6,298.401,0.322781
920.7,298.402,0.347502
920.8,298.402,0.373179
920.9,298.403,0.399817
921.0,298.404,0.426259
921.1,298.404,0.426517
921.2,298.405,0.425574
921.3,298.406,0.424589
921.4,298.406,0.423565
921.5,298.407,0.422503
921.6,298.408,0.421407
921.7,298.408,0.420277
921.8,298.409,0.419117
921.9,298.41,0.417296
922.0,298.411,0.414499
922.1,298.411,0.408344
922.2,298.412,0.400023
922.3,298.413,0.391742
922.4,298.413,0.383502
922.5,298.414,0.375308
922.6,298.414,0.367163
922.7,298.415,0.35907
922.8,298.416,0.351031
922.9,298.416,0.343049
923.0,298.417,0.333287
923.1,298.417,0.275483
923.2,298.418,0.221496
923.3,298.418,0.173223
923.4,298.418,0.130722
923.5,298.419,0.094052
923.6,298.419,0.063267
923.7,298.419,0.03842
923.8,298.419,0.01956
923.9,298.419,0.006737
924.0,298.419,-3e-06
924.1,298.419,-0.000523
924.2,298.419,-0.000924
924.3,298.419,-0.001208
924.4,298.419,-0.001376
924.5,298.419,-0.001429
924.6,298.419,-0.001368
924.7,298.419,-0.001194
924.8,298.419,-0.000907
924.9,298.419,-0.000509
925.0,298.419,-0.0
925.1,298.419,-0.000922
925.2,298.419,-0.001597
925.3,298.419,-0.00202
925.4,298.418,-0.002186
925.5,298.418,-0.002091
925.6,298.418,-0.00173
925.7,298.418,-0.0011
925.8,298.418,-0.000196
925.9,298.418,0.000984
926.0,298.418,0.002436
926.1,298.418,0.002271
926.2,298.418,0.002102
926.3,298.418,0.001936
926.4,298.418,0.001772
926.5,298.418,0.001611
926.6,298.418,0.001453
926.7,298.418,0.001297
926.8,298.418,0.001143
926.9,298.418,0.000992
927.0,298.418,0.000852
927.1,298.418,0.001621
927.2,298.418,0.002484
927.3,298.418,0.003435
927.4,298.418,0.004475
927.5,298.418,0.005603
927.6,298.418,0.006821
927.7,298.418,0.008129
927.8,298.418,0.009529
927.9,298.418,0.01102
928.0,298.418,0.012529
928.1,298.418,0.012471
928.2,298.418,0.012339
928.3,298.418,0.012205
928.4,298.418,0.012071
928.5,298.418,0.011936
928.6,298.418,0.011801
928.7,298.418,0.011664
928.8,298.418,0.011528
928.9,298.418,0.011391
929.0,298.418,0.011255
929.1,298.418,0.011694
929.2,298.418,0.012145
929.3,298.418,0.012604
929.4,298.418,0.013073
929.5,298.418,0.013551
929.6,298.418,0.014038
929.7,298.418,0.014535
929.8,298.418,0.01504
929.9,298.418,0.015555
930.0,298.418,0.015921
930.1,298.418,0.015319
930.2,298.418,0.01457
930.3,298.418,0.013833
930.4,298.418,0.013106
930.5,298.418,0.012392
930.6,298.418,0.011689
930.7,298.418,0.010998
930.8,298.418,0.01032
930.9,298.418,0.009654
931.0,298.418,0.009119
931.1,298.418,0.008859
931.2,298.418,0.008717
931.3,298.418,0.008585
931.4,298.418,0.008462
931.5,298.418,0.008317
931.6,298.418,0.008173
931.7,298.418,0.00801
931.8,298.418,0.007846
931.9,298.418,0.007789
932.0,298.418,0.007539
932.1,298.418,0.005556
932.2,298.418,0.003718
932.3,298.418,0.002082
932.4,298.418,0.000633
932.5,298.418,-0.000628
932.6,298.418,-0.001702
932.7,298.418,-0.002585
932.8,298.418,-0.003273
932.9,298.418,-0.003764
933.0,298.418,-0.004055
933.1,298.418,-0.00416
933.2,298.418,-0.004151
933.3,298.417,-0.00403
933.4,298.417,-0.003796
933.5,298.417,-0.00345
933.6,298.417,-0.002991
933.7,298.417,-0.002417
933.8,298.417,-0.001729
933.9,298.417,-0.000921
934.0,298.417,-0.0
934.1,298.417,-0.000475
934.2,298.417,-0.000934
934.3,298.417,-0.001375
934.4,298.417,-0.001797
934.5,298.417,-0.0022
934.6,298.417,-0.002585
934.7,298.417,-0.002952
934.8,298.417,-0.003298
934.9,298.417,-0.003625
935.0,298.417,-0.003939
935.1,298.417,-0.004393
935.2,298.417,-0.004784
935.3,298.417,-0.005106
935.4,298.417,-0.005358
935.5,298.417,-0.005539
935.6,298.417,-0.005648
935.7,298.417,-0.005683
935.8,298.417,-0.005645
935.9,298.417,-0.005532
936.0,298.417,-0.00535
936.1,298.417,-0.005316
936.2,298.417,-0.005261
936.3,298.417,-0.005201
936.4,298.417,-0.005135
936.5,298.417,-0.005064
936.6,298.417,-0.004986
936.7,298.416,-0.004902
936.8,298.416,-0.004809
936.9,298.416,-0.004699
937.0,298.416,-0.004624
937.1,298.416,-0.00465
937.2,298.416,-0.004686
937.3,298.416,-0.004755
937.4,298.416,-0.004817
937.5,298.416,-0.004874
937.6,298.416,-0.004931
937.7,298.416,-0.004989
937.8,298.416,-0.005046
937.9,298.416,-0.005079
938.0,298.416,-0.005129
938.1,298.416,-0.005324
938.2,298.416,-0.005496
938.3,298.416,-0.005651
938.4,298.416,-0.005796
938.5,298.416,-0.005931
938.6,298.416,-0.006061
938.7,298.416,-0.006176
938.8,298.416,-0.006278
938.9,298.416,-0.006365
939.0,298.416,-0.006434
939.1,298.416,-0.006376
939.2,298.416,-0.006244
939.3,298.416,-0.006039
939.4,298.416,-0.005761
939.5,298.416,-0.00541
939.6,298.416,-0.004984
939.7,298.415,-0.004483
939.8,298.415,-0.003901
939.9,298.415,-0.003227
940.0,298.415,-0.002514
940.1,298.415,-0.002042
940.2,298.415,-0.001394
940.3,298.415,-0.000811
940.4,298.415,-0.0002
940.5,298.415,0.000444
940.6,298.415,0.001122
940.7,298.415,0.001847
940.8,298.415,0.002607
940.9,298.415,0.003346
941.0,298.415,0.004035
941.1,298.415,0.004235
941.2,298.415,0.004251
941.3,298.415,0.004265
941.4,298.415,0.004264
941.5,298.415,0.004236
941.6,298.415,0.004206
941.7,298.415,0.004174
941.8,298.415,0.004141
941.9,298.415,0.004153
942.0,298.415,0.004283
942.1,298.415,0.004587
942.2,298.415,0.005068
942.3,298.415,0.005497
942.4,298.415,0.005953
942.5,298.415,0.006419
942.6,298.415,0.006897
942.7,298.415,0.0074
942.8,298.415,0.007914
942.9,298.415,0.008438
943.0,298.415,0.008973
943.1,298.415,0.009519
943.2,298.415,0.010075
943.3,298.415,0.010642
943.4,298.415,0.011219
943.5,298.415,0.011807
943.6,298.415,0.012409
943.7,298.415,0.01304
943.8,298.415,0.013682
943.9,298.415,0.014336
944.0,298.415,0.015001
944.1,298.415,0.015678
944.2,298.415,0.016367
944.3,298.415,0.017067
944.4,298.415,0.017779
944.5,298.415,0.018503
944.6,298.415,0.019241
944.7,298.415,0.020002
944.8,298.415,0.020776
944.9,298.415,0.021562
945.0,298.415,0.022502
945.1,298.415,0.026931
945.2,298.415,0.031918
945.3,298.415,0.037271
945.4,298.415,0.043006
945.5,298.415,0.049125
945.6,298.415,0.05562
945.7,298.415,0.062492
945.8,298.415,0.06962
945.9,298.415,0.07702
946.0,298.415,0.084388
946.1,298.416,0.08592
946.2,298.416,0.086897
946.3,298.416,0.087832
946.4,298.416,0.088719
946.5,298.416,0.089601
946.6,298.416,0.090481
946.7,298.416,0.091358
946.8,298.417,0.092241
946.9,298.417,0.093133
947.0,298.417,0.093264
947.1,298.417,0.089427
947.2,298.417,0.08513
947.3,298.417,0.080691
947.4,298.417,0.076334
947.5,298.417,0.072071
947.6,298.417,0.067907
947.7,298.418,0.063845
947.8,298.418,0.059884
947.9,298.418,0.056024
948.0,298.418,0.052147
948.1,298.418,0.047477
948.2,298.418,0.04253
948.3,298.418,0.037964
948.4,298.418,0.033654
948.5,298.418,0.029557
948.6,298.418,0.025674
948.7,298.418,0.022007
948.8,298.418,0.018678
948.9,298.418,0.015554
949.0,298.418,0.012307
949.1,298.418,0.007444
949.2,298.418,0.003313
949.3,298.418,-3.2e-05
949.4,298.418,-0.002595
949.5,298.418,-0.004358
949.6,298.418,-0.005298
949.7,298.418,-0.00541
949.8,298.418,-0.004693
949.9,298.418,-0.00314
950.0,298.418,-0.000752
950.1,298.418,-0.000685
950.2,298.418,-0.000616
950.3,298.418,-0.000545
950.4,298.418,-0.000473
950.5,298.418,-0.000399
950.6,298.418,-0.000323
950.7,298.418,-0.000244
950.8,298.418,-0.000164
950.9,298.418,-8.3e-05
951.0,298.418,0.0
951.1,298.418,0.0
951.2,298.418,0.0
951.3,298.418,0.0
951.4,298.418,0.0
951.5,298.418,0.0
951.6,298.418,0.0
951.7,298.417,0.0
951.8,298.417,0.0
951.9,298.417,0.0
952.0,298.417,0.0
952.1,298.417,0.0
952.2,298.417,0.0
952.3,298.417,0.0
952.4,298.417,0.0
952.5,298.417,0.0
952.6,298.417,0.0
952.7,298.417,0.0
952.8,298.417,0.0
952.9,298.417,0.0
953.0,298.417,0.0
953.1,298.417,0.0
953.2,298.417,0.0
953.3,298.417,0.0
953.4,298.417,0.0
953.5,298.417,0.0
953.6,298.417,0.0
953.7,298.417,0.0
953.8,298.417,0.0
953.9,298.417,0.0
954.0,298.417,0.0
954.1,298.417,0.0
954.2,298.417,0.0
954.3,298.417,0.0
954.4,298.417,0.0
954.5,298.417,0.0
954.6,298.417,0.0
954.7,298.417,0.0
954.8,298.417,0.0
954.9,298.417,0.0
955.0,298.417,0.0
955.1,298.417,0.0
955.2,298.417,0.0
955.3,298.417,0.0
955.4,298.417,0.0
955.5,298.417,0.0
955.6,298.417,0.0
955.7,298.417,0.0
955.8,298.417,0.0
955.9,298.417,0.0
956.0,298.417,0.0
956.1,298.416,0.0
956.2,298.416,0.0
956.3,298.416,0.0
956.4,298.416,0.0
956.5,298.416,0.0
956.6,298.416,0.0
956.7,298.416,0.0
956.8,298.416,0.0
956.9,298.416,0.0
957.0,298.416,-0.0
957.1,298.416,-0.002607
957.2,298.416,-0.004851
957.3,298.416,-0.006728
957.4,298.416,-0.008234
957.5,298.416,-0.009366
957.6,298.416,-0.01012
957.7,298.416,-0.010494
957.8,298.416,-0.010484
957.9,298.416,-0.010088
958.0,298.416,-0.009272
958.1,298.416,-0.006892
958.2,298.416,-0.003177
958.3,298.416,0.001851
958.4,298.416,0.008202
958.5,298.416,0.015884
958.6,298.416,0.024907
958.7,298.416,0.035279
958.8,298.416,0.047007
958.9,298.416,0.060313
959.0,298.416,0.075338
959.1,298.416,0.09249
959.2,298.416,0.11217
959.3,298.416,0.133616
959.4,298.417,0.156836
959.5,298.417,0.181839
959.6,298.417,0.208633
959.7,298.417,0.237227
959.8,298.418,0.266708
959.9,298.418,0.297872
960.0,298.419,0.330748
960.1,298.419,0.359404
960.2,298.42,0.385883
960.3,298.421,0.413298
960.4,298.421,0.44165
960.5,298.422,0.470943
960.6,298.423,0.501178
960.7,298.424,0.53236
960.8,298.424,0.56449
960.9,298.425,0.59757
961.0,298.426,0.628219
961.1,298.427,0.637166
961.2,298.428,0.642693
961.3,298.429,0.648178
961.4,298.431,0.653623
961.5,298.432,0.659033
961.6,298.433,0.66441
961.7,298.434,0.669756
961.8,298.435,0.675074
961.9,298.436,0.680364
962.0,298.437,0.682953
962.1,298.438,0.67308
962.2,298.439,0.660558
962.3,298.441,0.648062
962.4,298.442,0.635599
962.5,298.443,0.623176
962.6,298.444,0.610797
962.7,298.445,0.598469
962.8,298.446,0.586196
962.9,298.447,0.573985
963.0,298.448,0.558072
963.1,298.449,0.529323
963.2,298.449,0.497667
963.3,298.45,0.466871
963.4,298.451,0.436949
963.5,298.452,0.407917
963.6,298.452,0.379787
963.7,298.453,0.353052
963.8,298.454,0.327259
963.9,298.454,0.302366
964.0,298.455,0.278383
964.1,298.455,0.25729
964.2,298.456,0.238673
964.3,298.456,0.220705
964.4,298.456,0.203392
964.5,298.457,0.18674
964.6,298.457,0.170754
964.7,298.457,0.155441
964.8,298.457,0.141045
964.9,298.458,0.127324
965.0,298.458,0.114266
965.1,298.458,0.101978
965.2,298.458,0.090957
965.3,298.458,0.080531
965.4,298.458,0.070702
965.5,298.458,0.061475
965.6,298.459,0.052851
965.7,298.459,0.044835
965.8,298.459,0.03743
965.9,298.459,0.030638
966.0,298.459,0.024574
966.1,298.459,0.022925
966.2,298.459,0.021434
966.3,298.459,0.019991
966.4,298.459,0.018594
966.5,298.459,0.017243
966.6,298.459,0.015937
966.7,298.459,0.014675
966.8,298.459,0.013458
966.9,298.459,0.012284
967.0,298.459,0.011035
967.1,298.459,0.009573
967.2,298.459,0.008083
967.3,298.459,0.006681
967.4,298.459,0.005367
967.5,298.459,0.004141
967.6,298.459,0.003004
967.7,298.459,0.001955
967.8,298.459,0.000994
967.9,298.459,0.000121
968.0,298.459,-0.000693
968.1,298.459,-0.001549
968.2,298.459,-0.002279
968.3,298.458,-0.002854
968.4,298.458,-0.003272
968.5,298.458,-0.003534
968.6,298.458,-0.003638
968.7,298.458,-0.003585
968.8,298.458,-0.003373
968.9,298.458,-0.003002
969.0,298.458,-0.002481
969.1,298.458,-0.002306
969.2,298.458,-0.002121
969.3,298.458,-0.001918
969.4,298.458,-0.001697
969.5,298.458,-0.001458
969.6,298.458,-0.001201
969.7,298.458,-0.000927
969.8,298.458,-0.000635
969.9,298.458,-0.000326
970.0,298.458,0.0
970.1,298.458,0.0
970.2,298.458,0.0
970.3,298.458,0.0
970.4,298.458,0.0
970.5,298.458,0.0
970.6,298.458,0.0
970.7,298.458,0.0
970.8,298.458,0.0
970.9,298.458,0.0
971.0,298.458,0.0
971.1,298.458,0.0
971.2,298.458,0.0
971.3,298.458,0.0
971.4,298.458,0.0
971.5,298.458,0.0
971.6,298.458,0.0
971.7,298.458,0.0
971.8,298.457,0.0
971.9,298.457,0.0
972.0,298.457,0.0
972.1,298.457,0.0
972.2,298.457,0.0
972.3,298.457,0.0
972.4,298.457,0.0
972.5,298.457,0.0
972.6,298.457,0.0
972.7,298.457,0.0
972.8,298.457,0.0
972.9,298.457,0.0
973.0,298.457,0.0
973.1,298.457,0.0
973.2,298.457,0.0
973.3,298.457,0.0
973.4,298.457,0.0
973.5,298.457,0.0
973.6,298.457,0.0
973.7,298.457,0.0
973.8,298.457,0.0
973.9,298.457,0.0
974.0,298.457,0.0
974.1,298.457,0.0
974.2,298.457,0.0
974.3,298.457,0.0
974.4,298.457,0.0
974.5,298.457,0.0
974.6,298.457,0.0
974.7,298.457,0.0
974.8,298.457,0.0
974.9,298.457,0.0
975.0,298.457,0.0
975.1,298.457,0.0
975.2,298.457,0.0
975.3,298.457,0.0
975.4,298.457,0.0
975.5,298.456,0.0
975.6,298.456,0.0
975.7,298.456,0.0
975.8,298.456,0.0
975.9,298.456,0.0
976.0,298.456,0.0
976.1,298.456,0.0
976.2,298.456,0.0
976.3,298.456,0.0
976.4,298.456,0.0
976.5,298.456,0.0
976.6,298.456,0.0
976.7,298.456,0.0
976.8,298.456,0.0
976.9,298.456,0.0
977.0,298.456,0.0
977.1,298.456,0.0
977.2,298.456,0.0
977.3,298.456,0.0
977.4,298.456,0.0
977.5,298.456,0.0
977.6,298.456,0.0
977.7,298.456,0.0
977.8,298.456,0.0
977.9,298.456,0.0
978.0,298.456,0.0
978.1,298.456,0.0
978.2,298.456,0.0
978.3,298.456,0.0
978.4,298.456,0.0
978.5,298.456,0.0
978.6,298.456,0.0
978.7,298.456,0.0
978.8,298.456,0.0
978.9,298.456,0.0
979.0,298.456,0.0
979.1,298.456,0.0
979.2,298.456,0.0
979.3,298.455,0.0
979.4,298.455,0.0
979.5,298.455,0.0
979.6,298.455,0.0
979.7,298.455,0.0
979.8,298.455,0.0
979.9,298.455,0.0
980.0,298.455,0.0
980.1,298.455,0.0
980.2,298.455,0.0
980.3,298.455,0.0
980.4,298.455,0.0
980.5,298.455,0.0
980.6,298.455,0.0
980.7,298.455,0.0
980.8,298.455,0.0
980.9,298.455,0.0
981.0,298.455,0.0
981.1,298.455,0.0
981.2,298.455,0.0
981.3,298.455,0.0
981.4,298.455,0.0
981.5,298.455,0.0
981.6,298.455,0.0
981.7,298.455,0.0
981.8,298.455,0.0
981.9,298.455,0.0
982.0,298.455,0.0
982.1,298.455,0.0
982.2,298.455,0.0
982.3,298.455,0.0
982.4,298.455,0.0
982.5,298.455,0.0
982.6,298.455,0.0
982.7,298.455,0.0
982.8,298.455,0.0
982.9,298.455,0.0
983.0,298.454,0.0
983.1,298.454,0.0
983.2,298.454,0.0
983.3,298.454,0.0
983.4,298.454,0.0
983.5,298.454,0.0
983.6,298.454,0.0
983.7,298.454,0.0
983.8,298.454,0.0
983.9,298.454,0.0
984.0,298.454,0.0
984.1,298.454,0.0
984.2,298.454,0.0
984.3,298.454,0.0
984.4,298.454,0.0
984.5,298.454,0.0
984.6,298.454,0.0
984.7,298.454,0.0
984.8,298.454,0.0
984.9,298.454,0.0
985.0,298.454,0.0
985.1,298.454,0.0
985.2,298.454,0.0
985.3,298.454,0.0
985.4,298.454,0.0
985.5,298.454,0.0
985.6,298.454,0.0
985.7,298.454,0.0
985.8,298.454,0.0
985.9,298.454,0.0
986.0,298.454,0.0
986.1,298.454,0.0
986.2,298.454,0.0
986.3,298.454,0.0
986.4,298.454,0.0
986.5,298.454,0.0
986.6,298.454,0.0
986.7,298.454,0.0
986.8,298.453,0.0
986.9,298.453,0.0
987.0,298.453,0.0
987.1,298.453,0.0
987.2,298.453,0.0
987.3,298.453,0.0
987.4,298.453,0.0
987.5,298.453,0.0
987.6,298.453,0.0
987.7,298.453,0.0
987.8,298.453,0.0
987.9,298.453,0.0
988.0,298.453,0.0
988.1,298.453,0.0
988.2,298.453,0.0
988.3,298.453,0.0
988.4,298.453,0.0
988.5,298.453,0.0
988.6,298.453,0.0
988.7,298.453,0.0
988.8,298.453,0.0
988.9,298.453,0.0
989.0,298.453,0.0
989.1,298.453,0.0
989.2,298.453,0.0
989.3,298.453,0.0
989.4,298.453,0.0
989.5,298.453,0.0
989.6,298.453,0.0
989.7,298.453,0.0
989.8,298.453,0.0
989.9,298.453,0.0
990.0,298.453,0.0
990.1,298.453,0.0
990.2,298.453,0.0
990.3,298.453,0.0
990.4,298.453,0.0
990.5,298.453,0.0
990.6,298.452,0.0
990.7,298.452,0.0
990.8,298.452,0.0
990.9,298.452,0.0
991.0,298.452,0.0
991.1,298.452,0.0
991.2,298.452,0.0
991.3,298.452,0.0
991.4,298.452,0.0
991.5,298.452,0.0
991.6,298.452,0.0
991.7,298.452,0.0
991.8,298.452,0.0
991.9,298.452,0.0
992.0,298.452,0.0
992.1,298.452,0.0
992.2,298.452,0.0
992.3,298.452,0.0
992.4,298.452,0.0
992.5,298.452,0.0
992.6,298.452,0.0
992.7,298.452,0.0
992.8,298.452,0.0
992.9,298.452,0.0
993.0,298.452,0.0
993.1,298.452,0.0
993.2,298.452,0.0
993.3,298.452,0.0
993.4,298.452,0.0
993.5,298.452,0.0
993.6,298.452,0.0
993.7,298.452,0.0
993.8,298.452,0.0
993.9,298.452,0.0
994.0,298.452,0.0
994.1,298.452,0.0
994.2,298.452,0.0
994.3,298.452,0.0
994.4,298.452,0.0
994.5,298.451,0.0
994.6,298.451,0.0
994.7,298.451,0.0
994.8,298.451,0.0
994.9,298.451,0.0
995.0,298.451,0.0
995.1,298.451,0.0
995.2,298.451,0.0
995.3,298.451,0.0
995.4,298.451,0.0
995.5,298.451,0.0
995.6,298.451,0.0
995.7,298.451,0.0
995.8,298.451,0.0
995.9,298.451,0.0
996.0,298.451,0.0
996.1,298.451,0.0
996.2,298.451,0.0
996.3,298.451,0.0
996.4,298.451,0.0
996.5,298.451,0.0
996.6,298.451,0.0
996.7,298.451,0.0
996.8,298.451,0.0
996.9,298.451,0.0
997.0,298.451,0.0
997.1,298.451,0.0
997.2,298.451,0.0
997.3,298.451,0.0
997.4,298.451,0.0
997.5,298.451,0.0
997.6,298.451,0.0
997.7,298.451,0.0
997.8,298.451,0.0
997.9,298.451,0.0
998.0,298.451,0.0
998.1,298.451,0.0
998.2,298.451,0.0
998.3,298.451,0.0
998.4,298.45,0.0
998.5,298.45,0.0
998.6,298.45,0.0
998.7,298.45,0.0
998.8,298.45,0.0
998.9,298.45,0.0
999.0,298.45,0.0
999.1,298.45,0.0
999.2,298.45,0.0
999.3,298.45,0.0
999.4,298.45,0.0
999.5,298.45,0.0
999.6,298.45,0.0
999.7,298.45,0.0
999.8,298.45,0.0
999.9,298.45,0.0
1000.0,298.45,0.0
1000.1,298.45,0.0
1000.2,298.45,0.0
1000.3,298.45,0.0
1000.4,298.45,0.0
1000.5,298.45,0.0
1000.6,298.45,0.0
1000.7,298.45,0.0
1000.8,298.45,0.0
1000.9,298.45,0.0
1001.0,298.45,0.0
1001.1,298.45,0.0
1001.2,298.45,0.0
1001.3,298.45,0.0
1001.4,298.45,0.0
1001.5,298.45,0.0
1001.6,298.45,0.0
1001.7,298.45,0.0
1001.8,298.45,0.0
1001.9,298.45,0.0
1002.0,298.45,0.0
1002.1,298.45,0.0
1002.2,298.45,0.0
1002.3,298.449,0.0
1002.4,298.449,0.0
1002.5,298.449,0.0
1002.6,298.449,0.0
1002.7,298.449,0.0
1002.8,298.449,0.0
1002.9,298.449,0.0
1003.0,298.449,0.0
1003.1,298.449,0.0
1003.2,298.449,0.0
1003.3,298.449,0.0
1003.4,298.449,0.0
1003.5,298.449,0.0
1003.6,298.449,0.0
1003.7,298.449,0.0
1003.8,298.449,0.0
1003.9,298.449,0.0
1004.0,298.449,0.0
1004.1,298.449,0.0
1004.2,298.449,0.0
1004.3,298.449,0.0
1004.4,298.449,0.0
1004.5,298.449,0.0
1004.6,298.449,0.0
1004.7,298.449,0.0
1004.8,298.449,0.0
1004.9,298.449,0.0
1005.0,298.449,0.0
1005.1,298.449,0.0
1005.2,298.449,0.0
1005.3,298.449,0.0
1005.4,298.449,0.0
1005.5,298.449,0.0
1005.6,298.449,0.0
1005.7,298.449,0.0
1005.8,298.449,0.0
1005.9,298.449,0.0
1006.0,298.449,0.0
1006.1,298.449,0.0
1006.2,298.448,0.0
1006.3,298.448,0.0
1006.4,298.448,0.0
1006.5,298.448,0.0
1006.6,298.448,0.0
1006.7,298.448,0.0
1006.8,298.448,0.0
1006.9,298.448,0.0
1007.0,298.448,0.0
1007.1,298.448,0.0
1007.2,298.448,0.0
1007.3,298.448,0.0
1007.4,298.448,0.0
1007.5,298.448,0.0
1007.6,298.448,0.0
1007.7,298.448,0.0
1007.8,298.448,0.0
1007.9,298.448,0.0
1008.0,298.448,0.0
1008.1,298.448,0.0
1008.2,298.448,0.0
1008.3,298.448,0.0
1008.4,298.448,0.0
1008.5,298.448,0.0
1008.6,298.448,0.0
1008.7,298.448,0.0
1008.8,298.448,0.0
1008.9,298.448,0.0
1009.0,298.448,0.0
1009.1,298.448,0.0
1009.2,298.448,0.0
1009.3,298.448,0.0
1009.4,298.448,0.0
1009.5,298.448,0.0
1009.6,298.448,0.0
1009.7,298.448,0.0
1009.8,298.448,0.0
1009.9,298.448,0.0
1010.0,298.448,0.0
1010.1,298.447,0.0
1010.2,298.447,0.0
1010.3,298.447,0.0
1010.4,298.447,0.0
1010.5,298.447,0.0
1010.6,298.447,0.0
1010.7,298.447,0.0
1010.8,298.447,0.0
1010.9,298.447,0.0
1011.0,298.447,0.0
1011.1,298.447,0.0
1011.2,298.447,0.0
1011.3,298.447,0.0
1011.4,298.447,0.0
1011.5,298.447,0.0
1011.6,298.447,0.0
1011.7,298.447,0.0
1011.8,298.447,0.0
1011.9,298.447,0.0
1012.0,298.447,0.0
1012.1,298.447,0.0
1012.2,298.447,0.0
1012.3,298.447,0.0
1012.4,298.447,0.0
1012.5,298.447,0.0
1012.6,298.447,0.0
1012.7,298.447,0.0
1012.8,298.447,0.0
1012.9,298.447,0.0
1013.0,298.447,0.0
1013.1,298.447,0.0
1013.2,298.447,0.0
1013.3,298.447,0.0
1013.4,298.447,0.0
1013.5,298.447,0.0
1013.6,298.447,0.0
1013.7,298.447,0.0
1013.8,298.447,0.0
1013.9,298.447,0.0
1014.0,298.447,0.0
1014.1,298.446,0.0
1014.2,298.446,0.0
1014.3,298.446,0.0
1014.4,298.446,0.0
1014.5,298.446,0.0
1014.6,298.446,0.0
1014.7,298.446,0.0
1014.8,298.446,0.0
1014.9,298.446,0.0
1015.0,298.446,0.0
1015.1,298.446,0.0
1015.2,298.446,0.0
1015.3,298.446,0.0
1015.4,298.446,0.0
1015.5,298.446,0.0
1015.6,298.446,0.0
1015.7,298.446,0.0
1015.8,298.446,0.0
1015.9,298.446,0.0
1016.0,298.446,0.0
1016.1,298.446,0.0
1016.2,298.446,0.0
1016.3,298.446,0.0
1016.4,298.446,0.0
1016.5,298.446,0.0
1016.6,298.446,0.0
1016.7,298.446,0.0
1016.8,298.446,0.0
1016.9,298.446,0.0
1017.0,298.446,0.0
1017.1,298.446,0.0
1017.2,298.446,0.0
1017.3,298.446,0.0
1017.4,298.446,0.0
1017.5,298.446,0.0
1017.6,298.446,0.0
1017.7,298.446,0.0
1017.8,298.446,0.0
1017.9,298.446,0.0
1018.0,298.446,0.0
1018.1,298.445,0.0
1018.2,298.445,0.0
1018.3,298.445,0.0
1018.4,298.445,0.0
1018.5,298.445,0.0
1018.6,298.445,0.0
1018.7,298.445,0.0
1018.8,298.445,0.0
1018.9,298.445,0.0
1019.0,298.445,0.0
1019.1,298.445,0.0
1019.2,298.445,0.0
1019.3,298.445,0.0
1019.4,298.445,0.0
1019.5,298.445,0.0
1019.6,298.445,0.0
1019.7,298.445,0.0
1019.8,298.445,0.0
1019.9,298.445,0.0
1020.0,298.445,0.0
1020.1,298.445,0.0
1020.2,298.445,0.0
1020.3,298.445,0.0
1020.4,298.445,0.0
1020.5,298.445,0.0
1020.6,298.445,0.0
1020.7,298.445,0.0
1020.8,298.445,0.0
1020.9,298.445,0.0
1021.0,298.445,0.0
1021.1,298.445,0.0
1021.2,298.445,0.0
1021.3,298.445,0.0
1021.4,298.445,0.0
1021.5,298.445,0.0
1021.6,298.445,0.0
1021.7,298.445,0.0
1021.8,298.445,0.0
1021.9,298.445,0.0
1022.0,298.445,0.0
1022.1,298.444,0.0
1022.2,298.444,0.0
1022.3,298.444,0.0
1022.4,298.444,0.0
1022.5,298.444,0.0
1022.6,298.444,0.0
1022.7,298.444,0.0
1022.8,298.444,0.0
1022.9,298.444,0.0
1023.0,298.444,0.0
1023.1,298.444,0.0
1023.2,298.444,0.0
1023.3,298.444,0.0
1023.4,298.444,0.0
1023.5,298.444,0.0
1023.6,298.444,0.0
1023.7,298.444,0.0
1023.8,298.444,0.0
1023.9,298.444,0.0
1024.0,298.444,0.0
1024.1,298.444,0.0
1024.2,298.444,0.0
1024.3,298.444,0.0
1024.4,298.444,0.0
1024.5,298.444,0.0
1024.6,298.444,0.0
1024.7,298.444,0.0
1024.8,298.444,0.0
1024.9,298.444,0.0
1025.0,298.444,0.0
1025.1,298.444,0.0
1025.2,298.444,0.0
1025.3,298.444,0.0
1025.4,298.444,0.0
1025.5,298.444,0.0
1025.6,298.444,0.0
1025.7,298.444,0.0
1025.8,298.444,0.0
1025.9,298.444,0.0
1026.0,298.444,-0.0
1026.1,298.443,-0.000294
1026.2,298.443,-0.000586
1026.3,298.443,-0.000877
1026.4,298.443,-0.001166
1026.5,298.443,-0.001453
1026.6,298.443,-0.001738
1026.7,298.443,-0.002021
1026.8,298.443,-0.002302
1026.9,298.443,-0.002581
1027.0,298.443,-0.002865
1027.1,298.443,-0.004654
1027.2,298.443,-0.006361
1027.3,298.443,-0.00798
1027.4,298.443,-0.009511
1027.5,298.443,-0.010952
1027.6,298.443,-0.012302
1027.7,298.443,-0.013562
1027.8,298.443,-0.01473
1027.9,298.443,-0.015806
1028.0,298.443,-0.016814
1028.1,298.443,-0.018602
1028.2,298.443,-0.020008
1028.3,298.443,-0.021004
1028.4,298.443,-0.021588
1028.5,298.443,-0.021756
1028.6,298.442,-0.021506
1028.7,298.442,-0.020835
1028.8,298.442,-0.019741
1028.9,298.442,-0.018255
1029.0,298.442,-0.016359
1029.1,298.442,-0.014267
1029.2,298.442,-0.011947
1029.3,298.442,-0.009316
1029.4,298.442,-0.006373
1029.5,298.442,-0.003115
1029.6,298.442,0.000458
1029.7,298.442,0.004348
1029.8,298.442,0.008556
1029.9,298.442,0.013082
1030.0,298.442,0.017577
1030.1,298.442,0.02027
1030.2,298.442,0.022669
1030.3,298.442,0.025124
1030.4,298.442,0.027635
1030.5,298.442,0.030203
1030.6,298.442,0.032827
1030.7,298.442,0.035355
1030.8,298.442,0.03788
1030.9,298.442,0.040451
1031.0,298.442,0.04307
1031.1,298.442,0.045736
1031.2,298.442,0.047971
1031.3,298.442,0.050049
1031.4,298.442,0.052148
1031.5,298.442,0.054271
1031.6,298.443,0.056416
1031.7,298.443,0.058587
1031.8,298.443,0.060806
1031.9,298.443,0.063049
1032.0,298.443,0.065317
1032.1,298.443,0.067804
1032.2,298.443,0.070415
1032.3,298.443,0.073059
1032.4,298.443,0.075738
1032.5,298.443,0.078452
1032.6,298.443,0.0812
1032.7,298.444,0.083984
1032.8,298.444,0.086803
1032.9,298.444,0.089658
1033.0,298.444,0.092547
1033.1,298.444,0.095488
1033.2,298.444,0.098471
1033.3,298.444,0.101489
1033.4,298.444,0.104544
1033.5,298.445,0.107635
1033.6,298.445,0.110763
1033.7,298.445,0.113928
1033.8,298.445,0.11713
1033.9,298.445,0.120368
1034.0,298.445,0.123641
1034.1,298.446,0.121392
1034.2,298.446,0.11914
1034.3,298.446,0.116888
1034.4,298.446,0.114637
1034.5,298.446,0.112388
1034.6,298.447,0.110144
1034.7,298.447,0.107905
1034.8,298.447,0.105672
1034.9,298.447,0.103446
1035.0,298.447,0.101456
1035.1,298.447,0.099474
1035.2,298.447,0.097499
1035.3,298.448,0.09553
1035.4,298.448,0.093608
1035.5,298.448,0.09172
1035.6,298.448,0.089839
1035.7,298.448,0.087967
1035.8,298.448,0.08618
1035.9,298.448,0.084668
1036.0,298.448,0.083161
1036.1,298.449,0.08166
1036.2,298.449,0.080726
1036.3,298.449,0.079882
1036.4,298.449,0.079038
1036.5,298.449,0.078196
1036.6,298.449,0.077353
1036.7,298.449,0.076512
1036.8,298.449,0.075671
1036.9,298.449,0.074832
1037.0,298.45,0.07466
1037.1,298.45,0.078432
1037.2,298.45,0.083
1037.3,298.45,0.087701
1037.4,298.45,0.092533
1037.5,298.45,0.097498
1037.6,298.45,0.102596
1037.7,298.45,0.107827
1037.8,298.451,0.113191
1037.9,298.451,0.118689
1038.0,298.451,0.124837
1038.1,298.451,0.131149
1038.2,298.451,0.137619
1038.3,298.452,0.14426
1038.4,298.452,0.151243
1038.5,298.452,0.158395
1038.6,298.452,0.165716
1038.7,298.452,0.173208
1038.8,298.453,0.18087
1038.9,298.453,0.188702
1039.0,298.453,0.196202
1039.1,298.454,0.200941
1039.2,298.454,0.20522
1039.3,298.454,0.20954
1039.4,298.455,0.213901
1039.5,298.455,0.218304
1039.6,298.455,0.222749
1039.7,298.456,0.227236
1039.8,298.456,0.231765
1039.9,298.456,0.235845
1040.0,298.457,0.239927
1040.1,298.457,0.240023
1040.2,298.458,0.239087
1040.3,298.458,0.238137
1040.4,298.458,0.237172
1040.5,298.459,0.236192
1040.6,298.459,0.2352
1040.7,298.459,0.234194
1040.8,298.46,0.233176
1040.9,298.46,0.232025
1041.0,298.461,0.230496
1041.1,298.461,0.221602
1041.2,298.461,0.212258
1041.3,298.462,0.203071
1041.4,298.462,0.194047
1041.5,298.462,0.185189
1041.6,298.462,0.176499
1041.7,298.463,0.167983
1041.8,298.463,0.159642
1041.9,298.463,0.151479
1042.0,298.463,0.142777
1042.1,298.464,0.13419
1042.2,298.464,0.125467
1042.3,298.464,0.116851
1042.4,298.464,0.108505
1042.5,298.464,0.100431
1042.6,298.465,0.092633
1042.7,298.465,0.085114
1042.8,298.465,0.077877
1042.9,298.465,0.071009
1043.0,298.465,0.064702
1043.1,298.465,0.059288
1043.2,298.465,0.054489
1043.3,298.465,0.049867
1043.4,298.465,0.045421
1043.5,298.465,0.041152
1043.6,298.465,0.037063
1043.7,298.465,0.033154
1043.8,298.465,0.029425
1043.9,298.465,0.025879
1044.0,298.465,0.022781
1044.1,298.466,0.021793
1044.2,298.466,0.021081
1044.3,298.466,0.020383
1044.4,298.466,0.019698
1044.5,298.466,0.019024
1044.6,298.466,0.018363
1044.7,298.466,0.017713
1044.8,298.466,0.017074
1044.9,298.466,0.016455
1045.0,298.466,0.01588
1045.1,298.466,0.016384
1045.2,298.466,0.016956
1045.3,298.466,0.017543
1045.4,298.466,0.018146
1045.5,298.466,0.018764
1045.6,298.466,0.019397
1045.7,298.466,0.020046
1045.8,298.466,0.020709
1045.9,298.466,0.021336
1046.0,298.466,0.021864
1046.1,298.466,0.02214
1046.2,298.466,0.022203
1046.3,298.466,0.022269
1046.4,298.466,0.022337
1046.5,298.466,0.022406
1046.6,298.466,0.022478
1046.7,298.466,0.022551
1046.8,298.466,0.022626
1046.9,298.466,0.022702
1047.0,298.466,0.022576
1047.1,298.466,0.020121
1047.2,298.466,0.017584
1047.3,298.466,0.015169
1047.4,298.466,0.012879
1047.5,298.466,0.010715
1047.6,298.466,0.008679
1047.7,298.466,0.006771
1047.8,298.466,0.004992
1047.9,298.466,0.003334
1048.0,298.466,0.001762
1048.1,298.466,-0.000218
1048.2,298.466,-0.001945
1048.3,298.466,-0.003348
1048.4,298.466,-0.004423
1048.5,298.466,-0.005168
1048.6,298.465,-0.005581
1048.7,298.465,-0.005659
1048.8,298.465,-0.005399
1048.9,298.465,-0.0048
1049.0,298.465,-0.003862
1049.1,298.465,-0.003593
1049.2,298.465,-0.003299
1049.3,298.465,-0.002979
1049.4,298.465,-0.002632
1049.5,298.465,-0.002259
1049.6,298.465,-0.001859
1049.7,298.465,-0.001433
1049.8,298.465,-0.000981
1049.9,298.465,-0.000504
1050.0,298.465,0.0
1050.1,298.465,0.0
1050.2,298.465,0.0
1050.3,298.465,0.0
1050.4,298.465,0.0
1050.5,298.465,0.0
1050.6,298.465,0.0
1050.7,298.465,0.0
1050.8,298.465,0.0
1050.9,298.465,0.0
1051.0,298.465,0.0
1051.1,298.465,0.0
1051.2,298.465,0.0
1051.3,298.465,0.0
1051.4,298.465,0.0
1051.5,298.465,0.0
1051.6,298.465,0.0
1051.7,298.465,0.0
1051.8,298.465,0.0
1051.9,298.465,0.0
1052.0,298.464,0.0
1052.1,298.464,0.0
1052.2,298.464,0.0
1052.3,298.464,0.0
1052.4,298.464,0.0
1052.5,298.464,0.0
1052.6,298.464,0.0
1052.7,298.464,0.0
1052.8,298.464,0.0
1052.9,298.464,0.0
1053.0,298.464,0.0
1053.1,298.464,0.0
1053.2,298.464,0.0
1053.3,298.464,0.0
1053.4,298.464,0.0
1053.5,298.464,0.0
1053.6,298.464,0.0
1053.7,298.464,0.0
1053.8,298.464,0.0
1053.9,298.464,0.0
1054.0,298.464,0.0
1054.1,298.464,0.0
1054.2,298.464,0.0
1054.3,298.464,0.0
1054.4,298.464,0.0
1054.5,298.464,0.0
1054.6,298.464,0.0
1054.7,298.464,0.0
1054.8,298.464,0.0
1054.9,298.464,0.0
1055.0,298.464,0.0
1055.1,298.464,0.0
1055.2,298.464,0.0
1055.3,298.464,0.0
1055.4,298.464,0.0
1055.5,298.464,0.0
1055.6,298.464,0.0
1055.7,298.463,0.0
1055.8,298.463,0.0
1055.9,298.463,0.0
1056.0,298.463,0.0
1056.1,298.463,0.0
1056.2,298.463,0.0
1056.3,298.463,0.0
1056.4,298.463,0.0
1056.5,298.463,0.0
1056.6,298.463,0.0
1056.7,298.463,0.0
1056.8,298.463,0.0
1056.9,298.463,0.0
1057.0,298.463,0.0
1057.1,298.463,0.0
1057.2,298.463,0.0
1057.3,298.463,0.0
1057.4,298.463,0.0
1057.5,298.463,0.0
1057.6,298.463,0.0
1057.7,298.463,0.0
1057.8,298.463,0.0
1057.9,298.463,0.0
1058.0,298.463,0.0
1058.1,298.463,0.0
1058.2,298.463,0.0
1058.3,298.463,0.0
1058.4,298.463,0.0
1058.5,298.463,0.0
1058.6,298.463,0.0
1058.7,298.463,0.0
1058.8,298.463,0.0
1058.9,298.463,0.0
1059.0,298.463,0.0
1059.1,298.463,0.0
1059.2,298.463,0.0
1059.3,298.463,0.0
1059.4,298.463,0.0
1059.5,298.462,0.0
1059.6,298.462,0.0
1059.7,298.462,0.0
1059.8,298.462,0.0
1059.9,298.462,0.0
1060.0,298.462,0.0
1060.1,298.462,0.0
1060.2,298.462,0.0
1060.3,298.462,0.0
1060.4,298.462,0.0
1060.5,298.462,0.0
1060.6,298.462,0.0
1060.7,298.462,0.0
1060.8,298.462,0.0
1060.9,298.462,0.0
1061.0,298.462,-0.0
1061.1,298.462,-0.000494
1061.2,298.462,-0.000978
1061.3,298.462,-0.001455
1061.4,298.462,-0.001921
1061.5,298.462,-0.002377
1061.6,298.462,-0.002825
1061.7,298.462,-0.003266
1061.8,298.462,-0.003699
1061.9,298.462,-0.004121
1062.0,298.462,-0.004528
1062.1,298.462,-0.00502
1062.2,298.462,-0.005503
1062.3,298.462,-0.005971
1062.4,298.462,-0.006423
1062.5,298.462,-0.006858
1062.6,298.462,-0.007279
1062.7,298.462,-0.007683
1062.8,298.461,-0.008071
1062.9,298.461,-0.008449
1063.0,298.461,-0.008802
1063.1,298.461,-0.009987
1063.2,298.461,-0.010934
1063.3,298.461,-0.01164
1063.4,298.461,-0.012103
1063.5,298.461,-0.01232
1063.6,298.461,-0.012291
1063.7,298.461,-0.012013
1063.8,298.461,-0.011484
1063.9,298.461,-0.0107
1064.0,298.461,-0.009609
1064.1,298.461,-0.008144
1064.2,298.461,-0.006269
1064.3,298.461,-0.00404
1064.4,298.461,-0.001456
1064.5,298.461,0.001484
1064.6,298.461,0.004784
1064.7,298.461,0.008444
1064.8,298.461,0.012467
1064.9,298.461,0.016854
1065.0,298.461,0.021598
1065.1,298.461,0.022632
1065.2,298.461,0.023661
1065.3,298.461,0.024695
1065.4,298.461,0.025735
1065.5,298.461,0.02678
1065.6,298.461,0.027832
1065.7,298.461,0.02889
1065.8,298.461,0.029954
1065.9,298.461,0.031025
1066.0,298.461,0.031866
1066.1,298.461,0.026277
1066.2,298.461,0.02086
1066.3,298.461,0.015861
1066.4,298.461,0.011284
1066.5,298.461,0.007138
1066.6,298.461,0.003427
1066.7,298.461,0.000159
1066.8,298.461,-0.002642
1066.9,298.461,-0.004974
1067.0,298.461,-0.006865
1067.1,298.461,-0.007468
1067.2,298.461,-0.007952
1067.3,298.461,-0.008389
1067.4,298.461,-0.008778
1067.5,298.461,-0.009118
1067.6,298.461,-0.009411
1067.7,298.461,-0.009655
1067.8,298.46,-0.009849
1067.9,298.46,-0.009995
1068.0,298.46,-0.01009
1068.1,298.46,-0.010046
1068.2,298.46,-0.00992
1068.3,298.46,-0.009712
1068.4,298.46,-0.009422
1068.5,298.46,-0.009048
1068.6,298.46,-0.008591
1068.7,298.46,-0.008048
1068.8,298.46,-0.007421
1068.9,298.46,-0.006707
1069.0,298.46,-0.005853
1069.1,298.46,-0.003951
1069.2,298.46,-0.001619
1069.3,298.46,0.001094
1069.4,298.46,0.004189
1069.5,298.46,0.007669
1069.6,298.46,0.011537
1069.7,298.46,0.015795
1069.8,298.46,0.020446
1069.9,298.46,0.025492
1070.0,298.46,0.030688
1070.1,298.46,0.035263
1070.2,298.46,0.039816
1070.3,298.46,0.044593
1070.4,298.46,0.049594
1070.5,298.46,0.05482
1070.6,298.46,0.060272
1070.7,298.46,0.065952
1070.8,298.46,0.071859
1070.9,298.46,0.077995
1071.0,298.46,0.084627
1071.1,298.461,0.091773
1071.2,298.461,0.09921
1071.3,298.461,0.107058
1071.4,298.461,0.11519
1071.5,298.461,0.123606
1071.6,298.461,0.132308
1071.7,298.462,0.141307
1071.8,298.462,0.150612
1071.9,298.462,0.160207
1072.0,298.462,0.170093
1072.1,298.463,0.184519
1072.2,298.463,0.199642
1072.3,298.463,0.215364
1072.4,298.463,0.231687
1072.5,298.464,0.248613
1072.6,298.464,0.266144
1072.7,298.465,0.284281
1072.8,298.465,0.303028
1072.9,298.466,0.322386
1073.0,298.466,0.343729
1073.1,298.467,0.369587
1073.2,298.467,0.397884
1073.3,298.468,0.42726
1073.4,298.469,0.457718
1073.5,298.469,0.489262
1073.6,298.47,0.521896
1073.7,298.471,0.555624
1073.8,298.472,0.590448
1073.9,298.473,0.625872
1074.0,298.474,0.660767
1074.1,298.475,0.681229
1074.2,298.476,0.699283
1074.3,298.477,0.717554
1074.4,298.479,0.736045
1074.5,298.48,0.754756
1074.6,298.481,0.773688
1074.7,298.482,0.792842
1074.8,298.484,0.81222
1074.9,298.485,0.83096
1075.0,298.486,0.84806
1075.1,298.488,0.848891
1075.2,298.489,0.846072
1075.3,298.491,0.843181
1075.4,298.492,0.840221
1075.5,298.493,0.837196
1075.6,298.495,0.833068
1075.7,298.496,0.828429
1075.8,298.498,0.823739
1075.9,298.499,0.818999
1076.0,298.5,0.814214
1076.1,298.502,0.806529
1076.2,298.503,0.791952
1076.3,298.504,0.777428
1076.4,298.506,0.763087
1076.5,298.507,0.749061
1076.6,298.508,0.735097
1076.7,298.509,0.721196
1076.8,298.511,0.707355
1076.9,298.512,0.693581
1077.0,298.513,0.679879
1077.1,298.514,0.667944
1077.2,298.515,0.658285
1077.3,298.516,0.648659
1077.4,298.517,0.639066
1077.5,298.518,0.629509
1077.6,298.519,0.619989
1077.7,298.52,0.610509
1077.8,298.521,0.60107
1077.9,298.522,0.591673
1078.0,298.523,0.583815
1078.1,298.524,0.583667
1078.2,298.525,0.585017
1078.3,298.526,0.586377
1078.4,298.527,0.587745
1078.5,298.528,0.58912
1078.6,298.529,0.590502
1078.7,298.53,0.59189
1078.8,298.531,0.593285
1078.9,298.532,0.594686
1079.0,298.533,0.592251
1079.1,298.534,0.570951
1079.2,298.535,0.546281
1079.3,298.536,0.522074
1079.4,298.537,0.498339
1079.5,298.538,0.475083
1079.6,298.538,0.452315
1079.7,298.539,0.430041
1079.8,298.54,0.408268
1079.9,298.54,0.387002
1080.0,298.541,0.364798
1080.1,298.542,0.340045
1080.2,298.542,0.314749
1080.3,298.543,0.290367
1080.4,298.543,0.266907
1080.5,298.544,0.24438
1080.6,298.544,0.222798
1080.7,298.544,0.20222
1080.8,298.545,0.182593
1080.9,298.545,0.163926
1081.0,298.545,0.146226
1081.1,298.545,0.12963
1081.2,298.545,0.114179
1081.3,298.546,0.099677
1081.4,298.546,0.086131
1081.5,298.546,0.073548
1081.6,298.546,0.061932
1081.7,298.546,0.051291
1081.8,298.546,0.041705
1081.9,298.546,0.033115
1082.0,298.546,0.025493
1082.1,298.546,0.019825
1082.2,298.546,0.015025
1082.3,298.546,0.010868
1082.4,298.546,0.007357
1082.5,298.546,0.004496
1082.6,298.546,0.002285
1082.7,298.546,0.000728
1082.8,298.546,-0.000174
1082.9,298.546,-0.000417
1083.0,298.546,0.0
1083.1,298.546,0.0
1083.2,298.546,0.0
1083.3,298.546,0.0
1083.4,298.546,0.0
1083.5,298.546,0.0
1083.6,298.546,0.0
1083.7,298.546,0.0
1083.8,298.546,0.0
1083.9,298.546,0.0
1084.0,298.546,-0.0
1084.1,298.546,-0.000503
1084.2,298.546,-0.00086
1084.3,298.546,-0.001068
1084.4,298.546,-0.001123
1084.5,298.546,-0.001024
1084.6,298.545,-0.000768
1084.7,298.545,-0.000352
1084.8,298.545,0.000226
1084.9,298.545,0.000967
1085.0,298.545,0.0019
1085.1,298.545,0.003802
1085.2,298.545,0.006206
1085.3,298.545,0.009091
1085.4,298.545,0.012461
1085.5,298.545,0.016322
1085.6,298.545,0.020676
1085.7,298.545,0.025529
1085.8,298.545,0.030883
1085.9,298.545,0.036743
1086.0,298.545,0.043052
1086.1,298.545,0.04418
1086.2,298.545,0.045257
1086.3,298.545,0.046345
1086.4,298.545,0.047443
1086.5,298.545,0.048551
1086.6,298.546,0.04967
1086.7,298.546,0.0508
1086.8,298.546,0.051933
1086.9,298.546,0.053076
1087.0,298.546,0.05423
1087.1,298.546,0.054382
1087.2,298.546,0.054505
1087.3,298.546,0.054623
1087.4,298.546,0.054738
1087.5,298.546,0.054848
1087.6,298.546,0.054955
1087.7,298.546,0.055058
1087.8,298.546,0.055159
1087.9,298.546,0.055256
1088.0,298.546,0.055108
1088.1,298.546,0.054347
1088.2,298.546,0.053347
1088.3,298.546,0.05235
1088.4,298.547,0.051357
1088.5,298.547,0.050366
1088.6,298.547,0.04938
1088.7,298.547,0.048398
1088.8,298.547,0.04742
1088.9,298.547,0.046648
1089.0,298.547,0.045936
1089.1,298.547,0.04547
1089.2,298.547,0.045457
1089.3,298.547,0.045443
1089.4,298.547,0.045429
1089.5,298.547,0.045415
1089.6,298.547,0.045401
1089.7,298.547,0.045386
1089.8,298.547,0.045371
1089.9,298.547,0.045357
1090.0,298.547,0.045736
1090.1,298.547,0.048349
1090.2,298.547,0.051462
1090.3,298.547,0.054681
1090.4,298.547,0.058009
1090.5,298.548,0.061445
1090.6,298.548,0.06499
1090.7,298.548,0.068645
1090.8,298.548,0.072409
1090.9,298.548,0.076283
1091.0,298.548,0.08047
1091.1,298.548,0.090076
1091.2,298.548,0.100476
1091.3,298.548,0.111471
1091.4,298.548,0.123066
1091.5,298.549,0.135264
1091.6,298.549,0.148069
1091.7,298.549,0.161484
1091.8,298.549,0.175512
1091.9,298.55,0.189939
1092.0,298.55,0.204692
1092.1,298.55,0.220027
1092.2,298.55,0.235884
1092.3,298.551,0.251955
1092.4,298.551,0.268586
1092.5,298.552,0.285779
1092.6,298.552,0.303537
1092.7,298.553,0.321861
1092.8,298.553,0.340754
1092.9,298.554,0.360217
1093.0,298.554,0.378006
1093.1,298.555,0.375883
1093.2,298.555,0.371492
1093.3,298.556,0.367076
1093.4,298.557,0.362637
1093.5,298.557,0.35818
1093.6,298.558,0.353706
1093.7,298.558,0.34922
1093.8,298.559,0.344723
1093.9,298.559,0.340218
1094.0,298.56,0.333952
1094.1,298.56,0.321839
1094.2,298.561,0.308205
1094.3,298.561,0.294808
1094.4,298.562,0.281652
1094.5,298.562,0.268745
1094.6,298.563,0.256091
1094.7,298.563,0.243696
1094.8,298.564,0.231813
1094.9,298.564,0.220284
1095.0,298.564,0.209011
1095.1,298.565,0.198
1095.2,298.565,0.187953
1095.3,298.565,0.178212
1095.4,298.565,0.168702
1095.5,298.566,0.159427
1095.6,298.566,0.15039
1095.7,298.566,0.141593
1095.8,298.566,0.132918
1095.9,298.567,0.124276
1096.0,298.567,0.115904
1096.1,298.567,0.106673
1096.2,298.567,0.097102
1096.3,298.567,0.087956
1096.4,298.567,0.07924
1096.5,298.567,0.070957
1096.6,298.567,0.063112
1096.7,298.568,0.055707
1096.8,298.568,0.048746
1096.9,298.568,0.042231
1097.0,298.568,0.036103
1097.1,298.568,0.028669
1097.2,298.568,0.022016
1097.3,298.568,0.016212
1097.4,298.568,0.011265
1097.5,298.568,0.007181
1097.6,298.568,0.003965
1097.7,298.568,0.001622
1097.8,298.568,0.000159
1097.9,298.568,-0.00042
1098.0,298.568,-0.000109
1098.1,298.567,-0.000104
1098.2,298.567,-9.7e-05
1098.3,298.567,-8.9e-05
1098.4,298.567,-7.9e-05
1098.5,298.567,-6.9e-05
1098.6,298.567,-5.7e-05
1098.7,298.567,-4.4e-05
1098.8,298.567,-3e-05
1098.9,298.567,-1.6e-05
1099.0,298.567,0.0
1099.1,298.567,0.0
1099.2,298.567,0.0
1099.3,298.567,0.0
1099.4,298.567,0.0
1099.5,298.567,0.0
1099.6,298.567,0.0
1099.7,298.567,0.0
1099.8,298.567,0.0
1099.9,298.567,0.0
1100.0,298.567,-0.0
1100.1,298.567,-0.000823
1100.2,298.567,-0.001305
1100.3,298.567,-0.001439
1100.4,298.567,-0.001223
1100.5,298.567,-0.000652
1100.6,298.567,0.000274
1100.7,298.567,0.001555
1100.8,298.566,0.003249
1100.9,298.566,0.005341
1101.0,298.566,0.007715
1101.1,298.566,0.011915
1101.2,298.566,0.01704
1101.3,298.566,0.023065
1101.4,298.566,0.02983
1101.5,298.566,0.037406
1101.6,298.566,0.045827
1101.7,298.566,0.055097
1101.8,298.567,0.065223
1101.9,298.567,0.076209
1102.0,298.567,0.088577
1102.1,298.567,0.102946
1102.2,298.567,0.119145
1102.3,298.567,0.136696
1102.4,298.567,0.155374
1102.5,298.568,0.175085
1102.6,298.568,0.196007
1102.7,298.568,0.218105
1102.8,298.568,0.241368
1102.9,298.569,0.26585
1103.0,298.569,0.291558
1103.1,298.57,0.313967
1103.2,298.57,0.33655
1103.3,298.571,0.359946
1103.4,298.571,0.384157
1103.5,298.572,0.409186
1103.6,298.573,0.435085
1103.7,298.573,0.461854
1103.8,298.574,0.48943
1103.9,298.575,0.51748
1104.0,298.576,0.542727
1104.1,298.577,0.536604
1104.2,298.577,0.526517
1104.3,298.578,0.516449
1104.4,298.579,0.506388
1104.5,298.58,0.496334
1104.6,298.581,0.486294
1104.7,298.581,0.47628
1104.8,298.582,0.466297
1104.9,298.583,0.456295
1105.0,298.584,0.446293
1105.1,298.584,0.418473
1105.2,298.585,0.39086
1105.3,298.586,0.364182
1105.4,298.586,0.338661
1105.5,298.587,0.313973
1105.6,298.587,0.290134
1105.7,298.588,0.267145
1105.8,298.588,0.244637
1105.9,298.589,0.22305
1106.0,298.589,0.203792
1106.1,298.589,0.188152
1106.2,298.59,0.173643
1106.3,298.59,0.160274
1106.4,298.59,0.146748
1106.5,298.59,0.133787
1106.6,298.59,0.121638
1106.7,298.591,0.11004
1106.8,298.591,0.098997
1106.9,298.591,0.088513
1107.0,298.591,0.078404
1107.1,298.591,0.067627
1107.2,298.591,0.057263
1107.3,298.591,0.047778
1107.4,298.591,0.039097
1107.5,298.591,0.031264
1107.6,298.591,0.024287
1107.7,298.591,0.01817
1107.8,298.591,0.012919
1107.9,298.591,0.00848
1108.0,298.591,0.005024
1108.1,298.591,0.003734
1108.2,298.591,0.002631
1108.3,298.591,0.001699
1108.4,298.591,0.00094
1108.5,298.591,0.000353
1108.6,298.591,-6.2e-05
1108.7,298.591,-0.000305
1108.8,298.591,-0.000376
1108.9,298.591,-0.000274
1109.0,298.591,-0.0
1109.1,298.591,-0.000318
1109.2,298.591,-0.000505
1109.3,298.591,-0.000557
1109.4,298.591,-0.00047
1109.5,298.591,-0.000243
1109.6,298.591,0.000127
1109.7,298.591,0.000642
1109.8,298.591,0.001306
1109.9,298.591,0.002119
1110.0,298.591,0.003115
1110.1,298.591,0.006029
1110.2,298.591,0.009835
1110.3,298.59,0.014512
1110.4,298.59,0.020068
1110.5,298.59,0.026513
1110.6,298.59,0.033854
1110.7,298.59,0.0421
1110.8,298.591,0.051257
1110.9,298.591,0.061332
1111.0,298.591,0.07234
1111.1,298.591,0.088956
1111.2,298.591,0.107339
1111.3,298.591,0.127493
1111.4,298.591,0.149431
1111.5,298.591,0.173166
1111.6,298.592,0.198707
1111.7,298.592,0.226068
1111.8,298.592,0.255257
1111.9,298.593,0.286286
1112.0,298.593,0.319757
1112.1,298.594,0.362879
1112.2,298.594,0.409506
1112.3,298.595,0.459062
1112.4,298.596,0.511564
1112.5,298.596,0.567027
1112.6,298.597,0.625465
1112.7,298.598,0.686894
1112.8,298.6,0.751326
1112.9,298.601,0.818776
1113.0,298.602,0.88538
1113.1,298.604,0.904087
1113.2,298.605,0.918977
1113.3,298.607,0.933916
1113.4,298.608,0.948907
1113.5,298.61,0.963952
1113.6,298.611,0.979055
1113.7,298.613,0.994218
1113.8,298.615,1.009444
1113.9,298.616,1.024736
1114.0,298.618,1.034346
1114.1,298.62,0.986413
1114.2,298.621,0.9339
1114.3,298.623,0.88257
1114.4,298.624,0.832454
1114.5,298.626,0.783583
1114.6,298.627,0.735985
1114.7,298.628,0.689689
1114.8,298.629,0.644719
1114.9,298.63,0.60164
1115.0,298.631,0.560123
1115.1,298.632,0.51995
1115.2,298.633,0.481506
1115.3,298.634,0.444808
1115.4,298.635,0.409455
1115.5,298.635,0.375465
1115.6,298.636,0.342853
1115.7,298.636,0.311636
1115.8,298.637,0.281828
1115.9,298.637,0.253445
1116.0,298.638,0.227571
1116.1,298.638,0.208841
1116.2,298.638,0.191862
1116.3,298.639,0.175573
1116.4,298.639,0.159979
1116.5,298.639,0.145084
1116.6,298.639,0.130891
1116.7,298.639,0.117406
1116.8,298.64,0.104632
1116.9,298.64,0.092574
1117.0,298.64,0.080827
1117.1,298.64,0.068738
1117.2,298.64,0.057264
1117.3,298.64,0.046818
1117.4,298.64,0.037405
1117.5,298.64,0.029033
1117.6,298.64,0.021708
1117.7,298.64,0.015434
1117.8,298.64,0.010218
1117.9,298.64,0.006066
1118.0,298.64,0.002996
1118.1,298.64,0.002765
1118.2,298.64,0.002559
1118.3,298.64,0.002363
1118.4,298.64,0.002176
1118.5,298.64,0.001998
1118.6,298.64,0.001828
1118.7,298.64,0.001667
1118.8,298.64,0.001513
1118.9,298.64,0.001368
1119.0,298.64,0.001236
1119.1,298.64,0.002141
1119.2,298.64,0.003313
1119.3,298.64,0.00475
1119.4,298.64,0.006454
1119.5,298.64,0.008401
1119.6,298.64,0.010617
1119.7,298.64,0.013158
1119.8,298.639,0.015991
1119.9,298.639,0.019105
1120.0,298.639,0.022492
1120.1,298.639,0.023836
1120.2,298.639,0.025119
1120.3,298.639,0.026473
1120.4,298.639,0.02787
1120.5,298.639,0.029307
1120.6,298.639,0.030787
1120.7,298.639,0.032318
1120.8,298.639,0.033892
1120.9,298.64,0.035713
1121.0,298.64,0.037403
1121.1,298.64,0.03411
1121.2,298.64,0.031206
1121.3,298.64,0.028351
1121.4,298.64,0.025518
1121.5,298.64,0.022823
1121.6,298.64,0.020268
1121.7,298.64,0.017899
1121.8,298.64,0.015691
1121.9,298.64,0.013619
1122.0,298.64,0.011702
1122.1,298.639,0.009117
1122.2,298.639,0.006805
1122.3,298.639,0.004866
1122.4,298.639,0.003239
1122.5,298.639,0.001918
1122.6,298.639,0.000906
1122.7,298.639,0.000202
1122.8,298.639,-0.000186
1122.9,298.639,-0.000254
1123.0,298.639,0.0
1123.1,298.639,0.0
1123.2,298.639,0.0
1123.3,298.639,0.0
1123.4,298.639,0.0
1123.5,298.639,0.0
1123.6,298.639,0.0
1123.7,298.639,0.0
1123.8,298.639,0.0
1123.9,298.639,0.0
1124.0,298.639,0.0
1124.1,298.639,0.0
1124.2,298.639,0.0
1124.3,298.639,0.0
1124.4,298.639,0.0
1124.5,298.639,0.0
1124.6,298.638,0.0
1124.7,298.638,0.0
1124.8,298.638,0.0
1124.9,298.638,0.0
1125.0,298.638,0.0
1125.1,298.638,0.0
1125.2,298.638,0.0
1125.3,298.638,0.0
1125.4,298.638,0.0
1125.5,298.638,0.0
1125.6,298.638,0.0
1125.7,298.638,0.0
1125.8,298.638,0.0
1125.9,298.638,0.0
1126.0,298.638,0.0
1126.1,298.638,0.0
1126.2,298.638,0.0
1126.3,298.638,0.0
1126.4,298.638,0.0
1126.5,298.638,0.0
1126.6,298.638,0.0
1126.7,298.638,0.0
1126.8,298.638,0.0
1126.9,298.637,0.0
1127.0,298.637,0.0
1127.1,298.637,0.0
1127.2,298.637,0.0
1127.3,298.637,0.0
1127.4,298.637,0.0
1127.5,298.637,0.0
1127.6,298.637,0.0
1127.7,298.637,0.0
1127.8,298.637,0.0
1127.9,298.637,0.0
1128.0,298.637,0.0
1128.1,298.637,0.0
1128.2,298.637,0.0
1128.3,298.637,0.0
1128.4,298.637,0.0
1128.5,298.637,0.0
1128.6,298.637,0.0
1128.7,298.637,0.0
1128.8,298.637,0.0
1128.9,298.637,0.0
1129.0,298.637,0.0
1129.1,298.637,0.0
1129.2,298.636,0.0
1129.3,298.636,0.0
1129.4,298.636,0.0
1129.5,298.636,0.0
1129.6,298.636,0.0
1129.7,298.636,0.0
1129.8,298.636,0.0
1129.9,298.636,0.0
1130.0,298.636,0.0
1130.1,298.636,0.0
1130.2,298.636,0.0
1130.3,298.636,0.0
1130.4,298.636,0.0
1130.5,298.636,0.0
1130.6,298.636,0.0
1130.7,298.636,0.0
1130.8,298.636,0.0
1130.9,298.636,0.0
1131.0,298.636,0.0
1131.1,298.636,0.0
1131.2,298.636,0.0
1131.3,298.636,0.0
1131.4,298.636,0.0
1131.5,298.635,0.0
1131.6,298.635,0.0
1131.7,298.635,0.0
1131.8,298.635,0.0
1131.9,298.635,0.0
1132.0,298.635,0.0
1132.1,298.635,0.0
1132.2,298.635,0.0
1132.3,298.635,0.0
1132.4,298.635,0.0
1132.5,298.635,0.0
1132.6,298.635,0.0
1132.7,298.635,0.0
1132.8,298.635,0.0
1132.9,298.635,0.0
1133.0,298.635,0.0
1133.1,298.635,0.0
1133.2,298.635,0.0
1133.3,298.635,0.0
1133.4,298.635,0.0
1133.5,298.635,0.0
1133.6,298.635,0.0
1133.7,298.635,0.0
1133.8,298.635,0.0
1133.9,298.634,0.0
1134.0,298.634,0.0
1134.1,298.634,0.0
1134.2,298.634,0.0
1134.3,298.634,0.0
1134.4,298.634,0.0
1134.5,298.634,0.0
1134.6,298.634,0.0
1134.7,298.634,0.0
1134.8,298.634,0.0
1134.9,298.634,0.0
1135.0,298.634,0.0
1135.1,298.634,0.0
1135.2,298.634,0.0
1135.3,298.634,0.0
1135.4,298.634,0.0
1135.5,298.634,0.0
1135.6,298.634,0.0
1135.7,298.634,0.0
1135.8,298.634,0.0
1135.9,298.634,0.0
1136.0,298.634,0.0
1136.1,298.634,0.0
1136.2,298.634,0.0
1136.3,298.633,0.0
1136.4,298.633,0.0
1136.5,298.633,0.0
1136.6,298.633,0.0
1136.7,298.633,0.0
1136.8,298.633,0.0
1136.9,298.633,0.0
1137.0,298.633,-0.0
1137.1,298.633,-0.000384
1137.2,298.633,-0.000755
1137.3,298.633,-0.001115
1137.4,298.633,-0.001461
1137.5,298.633,-0.001795
1137.6,298.633,-0.002116
1137.7,298.633,-0.002424
1137.8,298.633,-0.002718
1137.9,298.633,-0.002999
1138.0,298.633,-0.003261
1138.1,298.633,-0.003381
1138.2,298.633,-0.003493
1138.3,298.633,-0.003602
1138.4,298.633,-0.00371
1138.5,298.632,-0.003816
1138.6,298.632,-0.003919
1138.7,298.632,-0.004021
1138.8,298.632,-0.00412
1138.9,298.632,-0.004217
1139.0,298.632,-0.004315
1139.1,298.632,-0.004411
1139.2,298.632,-0.004505
1139.3,298.632,-0.004597
1139.4,298.632,-0.004687
1139.5,298.632,-0.004774
1139.6,298.632,-0.004859
1139.7,298.632,-0.004942
1139.8,298.632,-0.005021
1139.9,298.632,-0.005098
1140.0,298.632,-0.005174
1140.1,298.632,-0.005407
1140.2,298.632,-0.005594
1140.3,298.632,-0.005732
1140.4,298.632,-0.005822
1140.5,298.631,-0.005863
1140.6,298.631,-0.005854
1140.7,298.631,-0.005795
1140.8,298.631,-0.005687
1140.9,298.631,-0.005527
1141.0,298.631,-0.005311
1141.1,298.631,-0.004749
1141.2,298.631,-0.003979
1141.3,298.631,-0.003004
1141.4,298.631,-0.001824
1141.5,298.631,-0.000437
1141.6,298.631,0.001158
1141.7,298.631,0.002964
1141.8,298.631,0.00498
1141.9,298.631,0.007161
1142.0,298.631,0.009521
1142.1,298.631,0.011981
1142.2,298.631,0.014481
1142.3,298.631,0.017148
1142.4,298.631,0.019984
1142.5,298.631,0.02299
1142.6,298.631,0.026166
1142.7,298.631,0.029513
1142.8,298.631,0.033032
1142.9,298.631,0.036723
1143.0,298.631,0.040284
1143.1,298.631,0.037571
1143.2,298.631,0.03464
1143.3,298.631,0.031796
1143.4,298.631,0.029039
1143.5,298.631,0.026375
1143.6,298.631,0.023805
1143.7,298.631,0.021332
1143.8,298.631,0.018883
1143.9,298.631,0.016531
1144.0,298.631,0.014291
1144.1,298.631,0.011272
1144.2,298.631,0.008316
1144.3,298.631,0.005648
1144.4,298.631,0.003272
1144.5,298.631,0.001192
1144.6,298.631,-0.000588
1144.7,298.631,-0.002067
1144.8,298.631,-0.003239
1144.9,298.631,-0.004103
1145.0,298.63,-0.004653
1145.1,298.63,-0.004866
1145.2,298.63,-0.00493
1145.3,298.63,-0.004844
1145.4,298.63,-0.004609
1145.5,298.63,-0.004223
1145.6,298.63,-0.003685
1145.7,298.63,-0.002994
1145.8,298.63,-0.002151
1145.9,298.63,-0.001153
1146.0,298.63,0.0
1146.1,298.63,0.0
1146.2,298.63,0.0
1146.3,298.63,0.0
1146.4,298.63,0.0
1146.5,298.63,0.0
1146.6,298.63,0.0
1146.7,298.63,0.0
1146.8,298.63,0.0
1146.9,298.63,0.0
1147.0,298.63,0.0
1147.1,298.63,0.0
1147.2,298.63,0.0
1147.3,298.629,0.0
1147.4,298.629,0.0
1147.5,298.629,0.0
1147.6,298.629,0.0
1147.7,298.629,0.0
1147.8,298.629,0.0
1147.9,298.629,0.0
1148.0,298.629,0.0
1148.1,298.629,0.0
1148.2,298.629,0.0
1148.3,298.629,0.0
1148.4,298.629,0.0
1148.5,298.629,0.0
1148.6,298.629,0.0
1148.7,298.629,0.0
1148.8,298.629,0.0
1148.9,298.629,0.0
1149.0,298.629,-0.0
1149.1,298.629,-0.000298
1149.2,298.629,-0.000592
1149.3,298.629,-0.000881
1149.4,298.629,-0.001165
1149.5,298.629,-0.001444
1149.6,298.629,-0.001718
1149.7,298.628,-0.001986
1149.8,298.628,-0.00225
1149.9,298.628,-0.002508
1150.0,298.628,-0.002758
1150.1,298.628,-0.002766
1150.2,298.628,-0.002772
1150.3,298.628,-0.002778
1150.4,298.628,-0.002784
1150.5,298.628,-0.00279
1150.6,298.628,-0.002796
1150.7,298.628,-0.002802
1150.8,298.628,-0.002808
1150.9,298.628,-0.002814
1151.0,298.628,-0.002825
1151.1,298.628,-0.003988
1151.2,298.628,-0.005002
1151.3,298.628,-0.005859
1151.4,298.628,-0.006557
1151.5,298.628,-0.007095
1151.6,298.628,-0.007471
1151.7,298.628,-0.007685
1151.8,298.627,-0.007735
1151.9,298.627,-0.007619
1152.0,298.627,-0.007329
1152.1,298.627,-0.006289
1152.2,298.627,-0.004571
1152.3,298.627,-0.002175
1152.4,298.627,0.000904
1152.5,298.627,0.004672
1152.6,298.627,0.009132
1152.7,298.627,0.014291
1152.8,298.627,0.020152
1152.9,298.627,0.026839
1153.0,298.627,0.034299
1153.1,298.627,0.043172
1153.2,298.627,0.05328
1153.3,298.627,0.064329
1153.4,298.627,0.076327
1153.5,298.627,0.089277
1153.6,298.627,0.103185
1153.7,298.628,0.118056
1153.8,298.628,0.133893
1153.9,298.628,0.150703
1154.0,298.628,0.166805
1154.1,298.628,0.170784
1154.2,298.629,0.173068
1154.3,298.629,0.175336
1154.4,298.629,0.177588
1154.5,298.629,0.179826
1154.6,298.63,0.182051
1154.7,298.63,0.184265
1154.8,298.63,0.186468
1154.9,298.63,0.188662
1155.0,298.631,0.191055
1155.1,298.631,0.193652
1155.2,298.631,0.196249
1155.3,298.632,0.198847
1155.4,298.632,0.201495
1155.5,298.632,0.204162
1155.6,298.633,0.206833
1155.7,298.633,0.209508
1155.8,298.633,0.212188
1155.9,298.633,0.214873
1156.0,298.634,0.219001
1156.1,298.634,0.230857
1156.2,298.634,0.244563
1156.3,298.635,0.25869
1156.4,298.635,0.273238
1156.5,298.636,0.28821
1156.6,298.636,0.303606
1156.7,298.637,0.319429
1156.8,298.637,0.335679
1156.9,298.638,0.352358
1157.0,298.638,0.371633
1157.1,298.639,0.397605
1157.2,298.639,0.42683
1157.3,298.64,0.457155
1157.4,298.641,0.488584
1157.5,298.642,0.521124
1157.6,298.642,0.554776
1157.7,298.643,0.589258
1157.8,298.644,0.624058
1157.9,298.645,0.659917
1158.0,298.646,0.696839
1158.1,298.648,0.734686
1158.2,298.649,0.769651
1158.3,298.65,0.805476
1158.4,298.651,0.842163
1158.5,298.653,0.879716
1158.6,298.654,0.918136
1158.7,298.656,0.957426
1158.8,298.657,0.997588
1158.9,298.659,1.038624
1159.0,298.661,1.074792
1159.1,298.662,1.092883
1159.2,298.664,1.105262
1159.3,298.666,1.117652
1159.4,298.668,1.130056
1159.5,298.67,1.142477
1159.6,298.672,1.154917
1159.7,298.674,1.167378
1159.8,298.676,1.179862
1159.9,298.678,1.190326
1160.0,298.679,1.199356
1160.1,298.681,1.196262
1160.2,298.683,1.187566
1160.3,298.685,1.178796
1160.4,298.687,1.169958
1160.5,298.689,1.161058
1160.6,298.691,1.152101
1160.7,298.693,1.143092
1160.8,298.695,1.134035
1160.9,298.697,1.124935
1161.0,298.699,1.121036
1161.1,298.701,1.125077
1161.2,298.703,1.134374
1161.3,298.704,1.143707
1161.4,298.706,1.153075
1161.5,298.708,1.162479
1161.6,298.71,1.171919
1161.7,298.712,1.181394
1161.8,298.714,1.192139
1161.9,298.716,1.203404
1162.0,298.718,1.214726
1162.1,298.72,1.226104
1162.2,298.722,1.237542
1162.3,298.724,1.249058
1162.4,298.726,1.260642
1162.5,298.728,1.272671
1162.6,298.73,1.286687
1162.7,298.733,1.300783
1162.8,298.735,1.314958
1162.9,298.737,1.329205
1163.0,298.739,1.343531
1163.1,298.741,1.357941
1163.2,298.744,1.372438
1163.3,298.746,1.388163
1163.4,298.748,1.404737
1163.5,298.751,1.421428
1163.6,298.753,1.438234
1163.7,298.755,1.455153
1163.8,298.758,1.472184
1163.9,298.76,1.489326
1164.0,298.763,1.506582
1164.1,298.765,1.523949
1164.2,298.768,1.538911
1164.3,298.77,1.550741
1164.4,298.773,1.562608
1164.5,298.775,1.574513
1164.6,298.778,1.586456
1164.7,298.781,1.598438
1164.8,298.783,1.610459
1164.9,298.786,1.619758
1165.0,298.789,1.628804
1165.1,298.791,1.535017
1165.2,298.794,1.42651
1165.3,298.796,1.332519
1165.4,298.799,1.241387
1165.5,298.801,1.153162
1165.6,298.803,1.067889
1165.7,298.804,0.983226
1165.8,298.806,0.90129
1165.9,298.807,0.823675
1166.0,298.809,0.751484
1166.1,298.81,0.749427
1166.2,298.811,0.749263
1166.3,298.812,0.749151
1166.4,298.814,0.749087
1166.5,298.815,0.749069
1166.6,298.816,0.749094
1166.7,298.817,0.749158
1166.8,298.818,0.74926
1166.9,298.82,0.750627
1167.0,298.821,0.752236
1167.1,298.822,0.784943
1167.2,298.823,0.821269
1167.3,298.825,0.858565
1167.4,298.826,0.896835
1167.5,298.828,0.936082
1167.6,298.829,0.976312
1167.7,298.831,1.017527
1167.8,298.832,1.059731
1167.9,298.834,1.102927
1168.0,298.836,1.141742
1168.1,298.838,1.146835
1168.2,298.84,1.148892
1168.3,298.842,1.148116
1168.4,298.844,1.146545
1168.5,298.845,1.144942
1168.6,298.847,1.143309
1168.7,298.849,1.141645
1168.8,298.851,1.139955
1168.9,298.853,1.141663
1169.0,298.855,1.143357
1169.1,298.857,1.145038
1169.2,298.859,1.146706
1169.3,298.86,1.148362
1169.4,298.862,1.150005
1169.5,298.864,1.151636
1169.6,298.866,1.153257
1169.7,298.868,1.154867
1169.8,298.87,1.156466
1169.9,298.872,1.158055
1170.0,298.874,1.161943
1170.1,298.876,1.168711
1170.2,298.878,1.175506
1170.3,298.88,1.182327
1170.4,298.881,1.186121
1170.5,298.883,1.187734
1170.6,298.885,1.189336
1170.7,298.887,1.190929
1170.8,298.889,1.192513
1170.9,298.891,1.1941
1171.0,298.893,1.1897
1171.1,298.895,1.181782
1171.2,298.897,1.177597
1171.3,298.899,1.177215
1171.4,298.901,1.17526
1171.5,298.903,1.170501
1171.6,298.905,1.165724
1171.7,298.907,1.16093
1171.8,298.909,1.156338
1171.9,298.911,1.154009
1172.0,298.912,1.151667
1172.1,298.914,1.149313
1172.2,298.916,1.148108
1172.3,298.918,1.148913
1172.4,298.92,1.149714
1172.5,298.922,1.150513
1172.6,298.924,1.152506
1172.7,298.926,1.155164
1172.8,298.928,1.157827
1172.9,298.929,1.160495
1173.0,298.931,1.156665
1173.1,298.933,1.152478
1173.2,298.935,1.148277
1173.3,298.937,1.145439
1173.4,298.939,1.146597
1173.5,298.941,1.147754
1173.6,298.943,1.14891
1173.7,298.944,1.150066
1173.8,298.946,1.15122
1173.9,298.948,1.152373
1174.0,298.95,1.153525
1174.1,298.952,1.154675
1174.2,298.954,1.149488
1174.3,298.956,1.142176
1174.4,298.958,1.131938
1174.5,298.96,1.117137
1174.6,298.961,1.102378
1174.7,298.963,1.097393
1174.8,298.965,1.093512
1174.9,298.967,1.089433
1175.0,298.968,1.085069
1175.1,298.97,1.0807
1175.2,298.972,1.076923
1175.3,298.974,1.075078
1175.4,298.976,1.07323
1175.5,298.977,1.071379
1175.6,298.979,1.069525
1175.7,298.981,1.067668
1175.8,298.983,1.065807
1175.9,298.984,1.065454
1176.0,298.986,1.066667
1176.1,298.988,1.067886
1176.2,298.989,1.071216
1176.3,298.991,1.075732
1176.4,298.993,1.080273
1176.5,298.995,1.0853
1176.6,298.996,1.090472
1176.7,298.998,1.095612
1176.8,299.0,1.100117
1176.9,299.002,1.104643
1177.0,299.004,1.112832
1177.1,299.005,1.129401
1177.2,299.007,1.149958
1177.3,299.009,1.170761
1177.4,299.011,1.191026
1177.5,299.013,1.209665
1177.6,299.015,1.228496
1177.7,299.017,1.247518
1177.8,299.019,1.26673
1177.9,299.021,1.286132
1178.0,299.023,1.305723
1178.1,299.025,1.319234
1178.2,299.028,1.326445
1178.3,299.03,1.333673
1178.4,299.032,1.340918
1178.5,299.034,1.34818
1178.6,299.036,1.355459
1178.7,299.038,1.362757
1178.8,299.041,1.370072
1178.9,299.043,1.377405
1179.0,299.045,1.385405
1179.1,299.047,1.393466
1179.2,299.05,1.401553
1179.3,299.052,1.409664
1179.4,299.054,1.417801
1179.5,299.057,1.425956
1179.6,299.059,1.434118
1179.7,299.061,1.442296
1179.8,299.064,1.450494
1179.9,299.066,1.458718
1180.0,299.069,1.460701
1180.1,299.071,1.462307
1180.2,299.073,1.463893
1180.3,299.076,1.465462
1180.4,299.078,1.46675
1180.5,299.081,1.46082
1180.6,299.083,1.454858
1180.7,299.085,1.448995
1180.8,299.088,1.450399
1180.9,299.09,1.451791
1181.0,299.092,1.45317
1181.1,299.095,1.440746
1181.2,299.097,1.427265
1181.3,299.1,1.412482
1181.4,299.102,1.413657
1181.5,299.104,1.403869
1181.6,299.106,1.388824
1181.7,299.109,1.373801
1181.8,299.111,1.365097
1181.9,299.113,1.356716
1182.0,299.115,1.34833
1182.1,299.118,1.33994
1182.2,299.12,1.33292
1182.3,299.122,1.329143
1182.4,299.124,1.325361
1182.5,299.126,1.321573
1182.6,299.128,1.317779
1182.7,299.131,1.316936
1182.8,299.133,1.317735
1182.9,299.135,1.31854
1183.0,299.137,1.317474
1183.1,299.139,1.311892
1183.2,299.141,1.306303
1183.3,299.143,1.300709
1183.4,299.146,1.296043
1183.5,299.148,1.291428
1183.6,299.15,1.286807
1183.7,299.152,1.282181
1183.8,299.154,1.277551
1183.9,299.156,1.272917
1184.0,299.158,1.268279
1184.1,299.16,1.263589
1184.2,299.162,1.251983
1184.3,299.164,1.240395
1184.4,299.166,1.228825
1184.5,299.168,1.21375
1184.6,299.17,1.196244
1184.7,299.172,1.181191
1184.8,299.174,1.166529
1184.9,299.176,1.151918
1185.0,299.178,1.137362
1185.1,299.18,1.122652
1185.2,299.182,1.101227
1185.3,299.183,1.080212
1185.4,299.185,1.059958
1185.5,299.187,1.038672
1185.6,299.188,1.017515
1185.7,299.19,0.996691
1185.8,299.192,0.976031
1185.9,299.193,0.956158
1186.0,299.195,0.936783
1186.1,299.196,0.935388
1186.2,299.198,0.935231
1186.3,299.199,0.935097
1186.4,299.201,0.934985
1186.5,299.202,0.934892
1186.6,299.204,0.934819
1186.7,299.205,0.934763
1186.8,299.207,0.934725
1186.9,299.208,0.934702
1187.0,299.21,0.934693
1187.1,299.211,0.934699
1187.2,299.213,0.934718
1187.3,299.214,0.934749
1187.4,299.216,0.934792
1187.5,299.217,0.934845
1187.6,299.219,0.934909
1187.7,299.22,0.934982
1187.8,299.222,0.935069
1187.9,299.223,0.93517
1188.0,299.225,0.935281
1188.1,299.226,0.935402
1188.2,299.228,0.93553
1188.3,299.229,0.935664
1188.4,299.23,0.935804
1188.5,299.232,0.935949
1188.6,299.233,0.936093
1188.7,299.235,0.936241
1188.8,299.236,0.93639
1188.9,299.238,0.936543
1189.0,299.239,0.9367
1189.1,299.241,0.93686
1189.2,299.242,0.937024
1189.3,299.244,0.937192
1189.4,299.245,0.937362
1189.5,299.247,0.937535
1189.6,299.248,0.937712
1189.7,299.25,0.937891
1189.8,299.251,0.938072
1189.9,299.253,0.938256
1190.0,299.254,0.938441
1190.1,299.256,0.938628
1190.2,299.257,0.938817
1190.3,299.259,0.939007
1190.4,299.26,0.939199
1190.5,299.262,0.939391
1190.6,299.263,0.939584
1190.7,299.265,0.939779
1190.8,299.266,0.939974
1190.9,299.268,0.94017
1191.0,299.269,0.940367
1191.1,299.271,0.940565
1191.2,299.272,0.940806
1191.3,299.274,0.941055
1191.4,299.275,0.941305
1191.5,299.277,0.941555
1191.6,299.278,0.941806
1191.7,299.28,0.942058
1191.8,299.281,0.94231
1191.9,299.283,0.942562
1192.0,299.284,0.942815
1192.1,299.286,0.943068
1192.2,299.287,0.94328
1192.3,299.289,0.943484
1192.4,299.29,0.943687
1192.5,299.292,0.943891
1192.6,299.293,0.944095
1192.7,299.295,0.944299
1192.8,299.296,0.944502
1192.9,299.298,0.944706
1193.0,299.299,0.944909
1193.1,299.301,0.945113
1193.2,299.302,0.946011
1193.3,299.304,0.947044
1193.4,299.305,0.948081
1193.5,299.307,0.94912
1193.6,299.308,0.950162
1193.7,299.31,0.951207
1193.8,299.311,0.952255
1193.9,299.313,0.953304
1194.0,299.314,0.954356
1194.1,299.316,0.955411
1194.2,299.317,0.9618
1194.3,299.319,0.969251
1194.4,299.32,0.976751
1194.5,299.322,0.984301
1194.6,299.323,0.991897
1194.7,299.325,0.999511
1194.8,299.327,1.007172
1194.9,299.328,1.014881
1195.0,299.33,1.022635
1195.1,299.331,1.016187
1195.2,299.333,1.009602
1195.3,299.335,1.003008
1195.4,299.336,0.996408
1195.5,299.338,0.989803
1195.6,299.339,0.983194
1195.7,299.341,0.976582
1195.8,299.342,0.969969
1195.9,299.344,0.963355
1196.0,299.346,0.960116
1196.1,299.347,0.964165
1196.2,299.349,0.971629
1196.3,299.35,0.979146
1196.4,299.352,0.986715
1196.5,299.353,0.994335
1196.6,299.355,1.002005
1196.7,299.356,1.009725
1196.8,299.358,1.017495
1196.9,299.36,1.027184
1197.0,299.361,1.038963
1197.1,299.363,1.056619
1197.2,299.365,1.080353
1197.3,299.366,1.10441
1197.4,299.368,1.12879
1197.5,299.37,1.153493
1197.6,299.372,1.177226
1197.7,299.374,1.200879
1197.8,299.376,1.224817
1197.9,299.377,1.24904
1198.0,299.379,1.273552
1198.1,299.382,1.293507
1198.2,299.384,1.305283
1198.3,299.386,1.317118
1198.4,299.388,1.329014
1198.5,299.39,1.340971
1198.6,299.392,1.352988
1198.7,299.394,1.365065
1198.8,299.396,1.377201
1198.9,299.399,1.390787
1199.0,299.401,1.407781
1199.1,299.403,1.432383
1199.2,299.406,1.463482
1199.3,299.408,1.494977
1199.4,299.41,1.526864
1199.5,299.413,1.559146
1199.6,299.415,1.591823
1199.7,299.418,1.624897
1199.8,299.421,1.658369
1199.9,299.423,1.692239
1200.0,299.426,1.719124
1200.1,299.429,1.734171
1200.2,299.432,1.741846
1200.3,299.434,1.749508
1200.4,299.437,1.757158
1200.5,299.44,1.764799
1200.6,299.443,1.772431
1200.7,299.446,1.780057
1200.8,299.449,1.787676
1200.9,299.452,1.795291
1201.0,299.455,1.795194
1201.1,299.458,1.79049
1201.2,299.461,1.77806
1201.3,299.463,1.76559
1201.4,299.466,1.753085
1201.5,299.469,1.740549
1201.6,299.472,1.727986
1201.7,299.475,1.715399
1201.8,299.478,1.702793
1201.9,299.48,1.689433
1202.0,299.483,1.675552
1202.1,299.486,1.661665
1202.2,299.488,1.647776
1202.3,299.491,1.633888
1202.4,299.494,1.620004
1202.5,299.496,1.605874
1202.6,299.499,1.591404
1202.7,299.502,1.576948
1202.8,299.504,1.562509
1202.9,299.507,1.548088
1203.0,299.509,1.533688
1203.1,299.512,1.519002
1203.2,299.514,1.5034
1203.3,299.517,1.487831
1203.4,299.519,1.472299
1203.5,299.521,1.456805
1203.6,299.524,1.441351
1203.7,299.526,1.42606
1203.8,299.528,1.412325
1203.9,299.531,1.398625
1204.0,299.533,1.384959
1204.1,299.535,1.372382
1204.2,299.537,1.364774
1204.3,299.539,1.357179
1204.4,299.542,1.349596
1204.5,299.544,1.342026
1204.6,299.546,1.334468
1204.7,299.548,1.326923
1204.8,299.55,1.319391
1204.9,299.552,1.313818
1205.0,299.554,1.310128
1205.1,299.556,1.306446
1205.2,299.559,1.304521
1205.3,299.561,1.303373
1205.4,299.563,1.302236
1205.5,299.565,1.30222
1205.6,299.567,1.302367
1205.7,299.569,1.302525
1205.8,299.571,1.302695
1205.9,299.573,1.302875
1206.0,299.575,1.306858
1206.1,299.577,1.311011
1206.2,299.579,1.31519
1206.3,299.581,1.319395
1206.4,299.584,1.323626
1206.5,299.586,1.325825
1206.6,299.588,1.326125
1206.7,299.59,1.326429
1206.8,299.592,1.326737
1206.9,299.594,1.327053
1207.0,299.596,1.327374
1207.1,299.598,1.3277
1207.2,299.601,1.328028
1207.3,299.603,1.328359
1207.4,299.605,1.328691
1207.5,299.607,1.329026
1207.6,299.609,1.329362
1207.7,299.611,1.329695
1207.8,299.613,1.33002
1207.9,299.615,1.330343
1208.0,299.617,1.330663
1208.1,299.62,1.330983
1208.2,299.622,1.318048
1208.3,299.624,1.30548
1208.4,299.626,1.298596
1208.5,299.628,1.290595
1208.6,299.63,1.282372
1208.7,299.632,1.275699
1208.8,299.634,1.269393
1208.9,299.636,1.263087
1209.0,299.638,1.256781
1209.1,299.64,1.250476
1209.2,299.642,1.249866
1209.3,299.644,1.249967
1209.4,299.646,1.250073
1209.5,299.648,1.250186
1209.6,299.65,1.250303
1209.7,299.652,1.250426
1209.8,299.654,1.250553
1209.9,299.656,1.250686
1210.0,299.658,1.250822
1210.1,299.66,1.250963
1210.2,299.662,1.251107
1210.3,299.664,1.251255
1210.4,299.666,1.251406
1210.5,299.668,1.25156
1210.6,299.67,1.251717
1210.7,299.672,1.251877
1210.8,299.674,1.251132
1210.9,299.676,1.249427
1211.0,299.678,1.247719
1211.1,299.68,1.245274
1211.2,299.682,1.236868
1211.3,299.684,1.228465
1211.4,299.686,1.219737
1211.5,299.688,1.210558
1211.6,299.69,1.2018
1211.7,299.691,1.193659
1211.8,299.693,1.185849
1211.9,299.695,1.178554
1212.0,299.697,1.171266
1212.1,299.699,1.177364
1212.2,299.701,1.184748
1212.3,299.703,1.192834
1212.4,299.704,1.200755
1212.5,299.706,1.208728
1212.6,299.708,1.216755
1212.7,299.71,1.223911
1212.8,299.712,1.229437
1212.9,299.714,1.234991
1213.0,299.716,1.240573
1213.1,299.718,1.246184
1213.2,299.72,1.248007
1213.3,299.722,1.248232
1213.4,299.724,1.248455
1213.5,299.726,1.249009
1213.6,299.728,1.249612
1213.7,299.73,1.249702
1213.8,299.732,1.249535
1213.9,299.734,1.249544
1214.0,299.736,1.249755
1214.1,299.738,1.249964
1214.2,299.74,1.250171
1214.3,299.742,1.250377
1214.4,299.744,1.250582
1214.5,299.746,1.250785
1214.6,299.748,1.250987
1214.7,299.75,1.251187
1214.8,299.752,1.251386
1214.9,299.753,1.251584
1215.0,299.755,1.248381
1215.1,299.757,1.243183
1215.2,299.759,1.23578
1215.3,299.761,1.227357
1215.4,299.763,1.218936
1215.5,299.765,1.210518
1215.6,299.767,1.202192
1215.7,299.769,1.193894
1215.8,299.771,1.186895
1215.9,299.773,1.180145
1216.0,299.775,1.173397
1216.1,299.776,1.168286
1216.2,299.778,1.167741
1216.3,299.78,1.167203
1216.4,299.782,1.166673
1216.5,299.784,1.166146
1216.6,299.786,1.165624
1216.7,299.787,1.165104
1216.8,299.789,1.164588
1216.9,299.791,1.164074
1217.0,299.793,1.163563
1217.1,299.795,1.163055
1217.2,299.797,1.162548
1217.3,299.798,1.162044
1217.4,299.8,1.161542
1217.5,299.802,1.161042
1217.6,299.804,1.160544
1217.7,299.806,1.160047
1217.8,299.807,1.159552
1217.9,299.809,1.159058
1218.0,299.811,1.158566
1218.1,299.813,1.158075
1218.2,299.815,1.157586
1218.3,299.816,1.157097
1218.4,299.818,1.15661
1218.5,299.82,1.156123
1218.6,299.822,1.155636
1218.7,299.824,1.155021
1218.8,299.826,1.15321
1218.9,299.827,1.151396
1219.0,299.829,1.14958
1219.1,299.831,1.144935
1219.2,299.833,1.136207
1219.3,299.834,1.127485
1219.4,299.836,1.118773
1219.5,299.838,1.11007
1219.6,299.84,1.101187
1219.7,299.841,1.092241
1219.8,299.843,1.08331
1219.9,299.845,1.074394
1220.0,299.846,1.065494
1220.1,299.848,1.05661
1220.2,299.85,1.047744
1220.3,299.851,1.038896
1220.4,299.853,1.030068
1220.5,299.855,1.021259
1220.6,299.856,1.012778
1220.7,299.858,1.004436
1220.8,299.859,0.996114
1220.9,299.861,0.987811
1221.0,299.862,0.979528
1221.1,299.864,0.9748
1221.2,299.865,0.973121
1221.3,299.867,0.971449
1221.4,299.868,0.969616
1221.5,299.87,0.967781
1221.6,299.871,0.965964
1221.7,299.873,0.963857
1221.8,299.874,0.960556
1221.9,299.876,0.957261
1222.0,299.877,0.953971
1222.1,299.879,0.950687
1222.2,299.88,0.942006
1222.3,299.882,0.93278
1222.4,299.883,0.924001
1222.5,299.884,0.914788
1222.6,299.886,0.905262
1222.7,299.887,0.896243
1222.8,299.888,0.887253
1222.9,299.89,0.878836
1223.0,299.891,0.87458
1223.1,299.892,0.88153
1223.2,299.894,0.893807
1223.3,299.895,0.90621
1223.4,299.897,0.918736
1223.5,299.898,0.931385
1223.6,299.899,0.944157
1223.7,299.901,0.957051
1223.8,299.902,0.970067
1223.9,299.904,0.981954
1224.0,299.905,0.993942
1224.1,299.907,0.99549
1224.2,299.908,0.994523
1224.3,299.91,0.99355
1224.4,299.911,0.992572
1224.5,299.913,0.991588
1224.6,299.914,0.990599
1224.7,299.916,0.990912
1224.8,299.917,0.991762
1224.9,299.919,0.992614
1225.0,299.92,0.993466
1225.1,299.922,0.99432
1225.2,299.924,0.999737
1225.3,299.925,1.006337
1225.4,299.927,1.012972
1225.5,299.928,1.019646
1225.6,299.93,1.026356
1225.7,299.931,1.033103
1225.8,299.933,1.039888
1225.9,299.934,1.046709
1226.0,299.936,1.050101
1226.1,299.938,1.0455
1226.2,299.939,1.037443
1226.3,299.941,1.029387
1226.4,299.942,1.021332
1226.5,299.944,1.013278
1226.6,299.946,1.005225
1226.7,299.947,0.997176
1226.8,299.949,0.989132
1226.9,299.95,0.981096
1227.0,299.952,0.977071
1227.1,299.953,0.979463
1227.2,299.955,0.985886
1227.3,299.956,0.99235
1227.4,299.958,0.998855
1227.5,299.959,1.0054
1227.6,299.961,1.011985
1227.7,299.962,1.018609
1227.8,299.964,1.025047
1227.9,299.965,1.031255
1228.0,299.967,1.037496
1228.1,299.969,1.030569
1228.2,299.97,1.022435
1228.3,299.972,1.014304
1228.4,299.973,1.006178
1228.5,299.975,0.998058
1228.6,299.976,0.989946
1228.7,299.978,0.98277
1228.8,299.979,0.975761
1228.9,299.981,0.968758
1229.0,299.982,0.961762
1229.1,299.984,0.956561
1229.2,299.985,0.955499
1229.3,299.987,0.95444
1229.4,299.988,0.953383
1229.5,299.99,0.952329
1229.6,299.991,0.951394
1229.7,299.993,0.950598
1229.8,299.994,0.949804
1229.9,299.995,0.949012
1230.0,299.997,0.948223
1230.1,299.998,0.953302
1230.2,300.0,0.959548
1230.3,300.001,0.965834
1230.4,300.003,0.972187
1230.5,300.004,0.978712
1230.6,300.006,0.985277
1230.7,300.007,0.991882
1230.8,300.009,0.998527
1230.9,300.01,1.005211
1231.0,300.012,1.011934
1231.1,300.013,1.018695
1231.2,300.015,1.025494
1231.3,300.016,1.03233
1231.4,300.018,1.0395
1231.5,300.02,1.046741
1231.6,300.021,1.054021
1231.7,300.023,1.061341
1231.8,300.024,1.0687
1231.9,300.026,1.074628
1232.0,300.028,1.079987
1232.1,300.029,1.075938
1232.2,300.031,1.068349
1232.3,300.033,1.060756
1232.4,300.034,1.053161
1232.5,300.036,1.045563
1232.6,300.038,1.037966
1232.7,300.039,1.030371
1232.8,300.041,1.022921
1232.9,300.042,1.016204
1233.0,300.044,1.009489
1233.1,300.045,1.014586
1233.2,300.047,1.021603
1233.3,300.048,1.028666
1233.4,300.05,1.035773
1233.5,300.052,1.042923
1233.6,300.053,1.050117
1233.7,300.055,1.057354
1233.8,300.056,1.064633
1233.9,300.058,1.071955
1234.0,300.06,1.074521
1234.1,300.061,1.064026
1234.2,300.063,1.048802
1234.3,300.065,1.033632
1234.4,300.066,1.018521
1234.5,300.068,1.003927
1234.6,300.069,0.990138
1234.7,300.071,0.976403
1234.8,300.072,0.962723
1234.9,300.074,0.949101
1235.0,300.075,0.935538
1235.1,300.077,0.927689
1235.2,300.078,0.926973
1235.3,300.079,0.925679
1235.4,300.081,0.92449
1235.5,300.082,0.923307
1235.6,300.083,0.92213
1235.7,300.085,0.920959
1235.8,300.086,0.919796
1235.9,300.088,0.918639
1236.0,300.089,0.914705
1236.1,300.09,0.895159
1236.2,300.092,0.87304
1236.3,300.093,0.851127
1236.4,300.094,0.829424
1236.5,300.096,0.807936
1236.6,300.097,0.786665
1236.7,300.098,0.765615
1236.8,300.099,0.744791
1236.9,300.1,0.724357
1237.0,300.101,0.707225
1237.1,300.102,0.695145
1237.2,300.103,0.686495
1237.3,300.104,0.677892
1237.4,300.105,0.669336
1237.5,300.106,0.660828
1237.6,300.107,0.652367
1237.7,300.108,0.643954
1237.8,300.109,0.635588
1237.9,300.11,0.627269
1238.0,300.111,0.616738
1238.1,300.112,0.604727
1238.2,300.112,0.590598
1238.3,300.113,0.576605
1238.4,300.114,0.56275
1238.5,300.115,0.549033
1238.6,300.116,0.535455
1238.7,300.116,0.522019
1238.8,300.117,0.508726
1238.9,300.118,0.495575
1239.0,300.118,0.484253
1239.1,300.119,0.484532
1239.2,300.12,0.486955
1239.3,300.12,0.489275
1239.4,300.121,0.491604
1239.5,300.122,0.493881
1239.6,300.122,0.496182
1239.7,300.123,0.498505
1239.8,300.124,0.500849
1239.9,300.124,0.503215
1240.0,300.125,0.505034
1240.1,300.126,0.503034
1240.2,300.126,0.500635
1240.3,300.127,0.497577
1240.4,300.128,0.495243
1240.5,300.128,0.492816
1240.6,300.129,0.49038
1240.7,300.13,0.487953
1240.8,300.13,0.485533
1240.9,300.131,0.483121
1241.0,300.132,0.48257
1241.1,300.132,0.483264
1241.2,300.133,0.486091
1241.3,300.133,0.488775
1241.4,300.134,0.491422
1241.5,300.135,0.49412
1241.6,300.135,0.497013
1241.7,300.136,0.499926
1241.8,300.137,0.502671
1241.9,300.137,0.505363
1242.0,300.138,0.50727
1242.1,300.139,0.500391
1242.2,300.139,0.493755
1242.3,300.14,0.486504
1242.4,300.141,0.479409
1242.5,300.141,0.472349
1242.6,300.142,0.465325
1242.7,300.143,0.458338
1242.8,300.143,0.451388
1242.9,300.144,0.444477
1243.0,300.144,0.439561
1243.1,300.145,0.440294
1243.2,300.146,0.44306
1243.3,300.146,0.444561
1243.4,300.147,0.447229
1243.5,300.147,0.449915
1243.6,300.148,0.452487
1243.7,300.148,0.455033
1243.8,300.149,0.457595
1243.9,300.15,0.460174
1244.0,300.15,0.461592
1244.1,300.151,0.461078
1244.2,300.151,0.459674
1244.3,300.152,0.457385
1244.4,300.153,0.455578
1244.5,300.153,0.453946
1244.6,300.154,0.451868
1244.7,300.154,0.449792
1244.8,300.155,0.447719
1244.9,300.156,0.445648
1245.0,300.156,0.442215
1245.1,300.157,0.437431
1245.2,300.157,0.430303
1245.3,300.158,0.42405
1245.4,300.158,0.417599
1245.5,300.159,0.410756
1245.6,300.159,0.404341
1245.7,300.16,0.397962
1245.8,300.16,0.391681
1245.9,300.161,0.38622
1246.0,300.161,0.380788
1246.1,300.162,0.377879
1246.2,300.162,0.375191
1246.3,300.163,0.373248
1246.4,300.163,0.371225
1246.5,300.164,0.369174
1246.6,300.164,0.367131
1246.7,300.165,0.365095
1246.8,300.165,0.363065
1246.9,300.165,0.361106
1247.0,300.166,0.35917
1247.1,300.166,0.357241
1247.2,300.167,0.355318
1247.3,300.167,0.353401
1247.4,300.168,0.35149
1247.5,300.168,0.349585
1247.6,300.168,0.347687
1247.7,300.169,0.345794
1247.8,300.169,0.343907
1247.9,300.17,0.342026
1248.0,300.17,0.34015
1248.1,300.17,0.33828
1248.2,300.171,0.336416
1248.3,300.171,0.334558
1248.4,300.172,0.332705
1248.5,300.172,0.330857
1248.6,300.172,0.329015
1248.7,300.173,0.327179
1248.8,300.173,0.325348
1248.9,300.173,0.324266
1249.0,300.174,0.323385
1249.1,300.174,0.323902
1249.2,300.175,0.325713
1249.3,300.175,0.327537
1249.4,300.175,0.329516
1249.5,300.176,0.331631
1249.6,300.176,0.333761
1249.7,300.176,0.335904
1249.8,300.177,0.338061
1249.9,300.177,0.340232
1250.0,300.178,0.342416
1250.1,300.178,0.341254
1250.2,300.178,0.340171
1250.3,300.179,0.338623
1250.4,300.179,0.337077
1250.5,300.18,0.335532
1250.6,300.18,0.333989
1250.7,300.18,0.332448
1250.8,300.181,0.33093
1250.9,300.181,0.329422
1251.0,300.182,0.327916
1251.1,300.182,0.326412
1251.2,300.182,0.324911
1251.3,300.183,0.323412
1251.4,300.183,0.321915
1251.5,300.183,0.320421
1251.6,300.184,0.318929
1251.7,300.184,0.31744
1251.8,300.184,0.31594
1251.9,300.185,0.314438
1252.0,300.185,0.312939
1252.1,300.185,0.311443
1252.2,300.186,0.30995
1252.3,300.186,0.30846
1252.4,300.187,0.306973
1252.5,300.187,0.305489
1252.6,300.187,0.304008
1252.7,300.188,0.30253
1252.8,300.188,0.301088
1252.9,300.188,0.299661
1253.0,300.189,0.298238
1253.1,300.189,0.296817
1253.2,300.189,0.295399
1253.3,300.19,0.293984
1253.4,300.19,0.292573
1253.5,300.19,0.291164
1253.6,300.19,0.289759
1253.7,300.191,0.288357
1253.8,300.191,0.286953
1253.9,300.191,0.285551
1254.0,300.192,0.284152
1254.1,300.192,0.282756
1254.2,300.192,0.281364
1254.3,300.193,0.279975
1254.4,300.193,0.278589
1254.5,300.193,0.277206
1254.6,300.193,0.275827
1254.7,300.194,0.274451
1254.8,300.194,0.27309
1254.9,300.194,0.271737
1255.0,300.195,0.270387
1255.1,300.195,0.269041
1255.2,300.195,0.267697
1255.3,300.195,0.266357
1255.4,300.196,0.265021
1255.5,300.196,0.263687
1255.6,300.196,0.262357
1255.7,300.196,0.261031
1255.8,300.197,0.259734
1255.9,300.197,0.25845
1256.0,300.197,0.257168
1256.1,300.198,0.25589
1256.2,300.198,0.254615
1256.3,300.198,0.253344
1256.4,300.198,0.252075
1256.5,300.199,0.25081
1256.6,300.199,0.249548
1256.7,300.199,0.248289
1256.8,300.199,0.247041
1256.9,300.199,0.245798
1257.0,300.2,0.244559
1257.1,300.2,0.243322
1257.2,300.2,0.242089
1257.3,300.2,0.240859
1257.4,300.201,0.239632
1257.5,300.201,0.238408
1257.6,300.201,0.237188
1257.7,300.201,0.235971
1257.8,300.202,0.234756
1257.9,300.202,0.233546
1258.0,300.202,0.232339
1258.1,300.202,0.234233
1258.2,300.202,0.236143
1258.3,300.203,0.238066
1258.4,300.203,0.240004
1258.5,300.203,0.241954
1258.6,300.203,0.243924
1258.7,300.204,0.245964
1258.8,300.204,0.248017
1258.9,300.204,0.250084
1259.0,300.204,0.252165
1259.1,300.204,0.25426
1259.2,300.205,0.256368
1259.3,300.205,0.25849
1259.4,300.205,0.260691
1259.5,300.206,0.262931
1259.6,300.206,0.265186
1259.7,300.206,0.267456
1259.8,300.206,0.26974
1259.9,300.207,0.272037
1260.0,300.207,0.27435
1260.1,300.207,0.276722
1260.2,300.207,0.279196
1260.3,300.208,0.281685
1260.4,300.208,0.28419
1260.5,300.208,0.28671
1260.6,300.209,0.289246
1260.7,300.209,0.291798
1260.8,300.209,0.294365
1260.9,300.21,0.296947
1261.0,300.21,0.300005
1261.1,300.21,0.309192
1261.2,300.211,0.319003
1261.3,300.211,0.328982
1261.4,300.211,0.33913
1261.5,300.212,0.349446
1261.6,300.212,0.359932
1261.7,300.213,0.370588
1261.8,300.213,0.381415
1261.9,300.213,0.391959
1262.0,300.214,0.402176
1262.1,300.214,0.407585
1262.2,300.215,0.41161
1262.3,300.215,0.415657
1262.4,300.216,0.419724
1262.5,300.217,0.423813
1262.6,300.217,0.427978
1262.7,300.218,0.432322
1262.8,300.218,0.43669
1262.9,300.219,0.441083
1263.0,300.219,0.445501
1263.1,300.22,0.453235
1263.2,300.22,0.461979
1263.3,300.221,0.47082
1263.4,300.222,0.479758
1263.5,300.222,0.488793
1263.6,300.223,0.497926
1263.7,300.224,0.507157
1263.8,300.224,0.516485
1263.9,300.225,0.5252
1264.0,300.226,0.532032
1264.1,300.226,0.536531
1264.2,300.227,0.537628
1264.3,300.228,0.538716
1264.4,300.229,0.539796
1264.5,300.229,0.540868
1264.6,300.23,0.54192
1264.7,300.231,0.54279
1264.8,300.232,0.543652
1264.9,300.232,0.544507
1265.0,300.233,0.545356
1265.1,300.234,0.542608
1265.2,300.234,0.539083
1265.3,300.235,0.535551
1265.4,300.236,0.532012
1265.5,300.237,0.528467
1265.6,300.237,0.524916
1265.7,300.238,0.521362
1265.8,300.239,0.517804
1265.9,300.239,0.514244
1266.0,300.24,0.512255
1266.1,300.241,0.511321
1266.2,300.242,0.511794
1266.3,300.242,0.512348
1266.4,300.243,0.512902
1266.5,300.244,0.513456
1266.6,300.244,0.514011
1266.7,300.245,0.514566
1266.8,300.246,0.515122
1266.9,300.246,0.515677
1267.0,300.247,0.513801
1267.1,300.248,0.507893
1267.2,300.248,0.499599
1267.3,300.249,0.491344
1267.4,300.25,0.483131
1267.5,300.25,0.474959
1267.6,300.251,0.466796
1267.7,300.252,0.458679
1267.8,300.252,0.450609
1267.9,300.253,0.442589
1268.0,300.253,0.434618
1268.1,300.254,0.426431
1268.2,300.254,0.418117
1268.3,300.255,0.409864
1268.4,300.255,0.401672
1268.5,300.256,0.393542
1268.6,300.256,0.385477
1268.7,300.257,0.377476
1268.8,300.257,0.36954
1268.9,300.258,0.361671
1269.0,300.258,0.35503
1269.1,300.259,0.349493
1269.2,300.259,0.345137
1269.3,300.259,0.340804
1269.4,300.26,0.336494
1269.5,300.26,0.332207
1269.6,300.261,0.32789
1269.7,300.261,0.323552
1269.8,300.261,0.319239
1269.9,300.262,0.31495
1270.0,300.262,0.310685
1270.1,300.262,0.306444
1270.2,300.263,0.302228
1270.3,300.263,0.298036
1270.4,300.263,0.293868
1270.5,300.264,0.289682
1270.6,300.264,0.285471
1270.7,300.264,0.281286
1270.8,300.265,0.277127
1270.9,300.265,0.272994
1271.0,300.265,0.269969
1271.1,300.265,0.267941
1271.2,300.266,0.266999
1271.3,300.266,0.266063
1271.4,300.266,0.265133
1271.5,300.267,0.264209
1271.6,300.267,0.26329
1271.7,300.267,0.262377
1271.8,300.267,0.261469
1271.9,300.268,0.260739
1272.0,300.268,0.261111
1272.1,300.268,0.261974
1272.2,300.268,0.264298
1272.3,300.269,0.266641
1272.4,300.269,0.269005
1272.5,300.269,0.271387
1272.6,300.269,0.273789
1272.7,300.27,0.27621
1272.8,300.27,0.278418
1272.9,300.27,0.280215
1273.0,300.271,0.282025
1273.1,300.271,0.282892
1273.2,300.271,0.282207
1273.3,300.271,0.281523
1273.4,300.272,0.28084
1273.5,300.272,0.280157
1273.6,300.272,0.279498
1273.7,300.273,0.278894
1273.8,300.273,0.27829
1273.9,300.273,0.277687
1274.0,300.273,0.277085
1274.1,300.274,0.279328
1274.2,300.274,0.28192
1274.3,300.274,0.28453
1274.4,300.275,0.28716
1274.5,300.275,0.28981
1274.6,300.275,0.292478
1274.7,300.276,0.295165
1274.8,300.276,0.298021
1274.9,300.276,0.301066
1275.0,300.277,0.304133
1275.1,300.277,0.309667
1275.2,300.277,0.316068
1275.3,300.278,0.322548
1275.4,300.278,0.329106
1275.5,300.278,0.335744
1275.6,300.279,0.34246
1275.7,300.279,0.349255
1275.8,300.279,0.35613
1275.9,300.28,0.362422
1276.0,300.28,0.368315
1276.1,300.281,0.373853
1276.2,300.281,0.377619
1276.3,300.282,0.381408
1276.4,300.282,0.385221
1276.5,300.283,0.389057
1276.6,300.283,0.392916
1276.7,300.284,0.396799
1276.8,300.284,0.400705
1276.9,300.285,0.404635
1277.0,300.285,0.407726
1277.1,300.286,0.408916
1277.2,300.286,0.40924
1277.3,300.287,0.409558
1277.4,300.287,0.409872
1277.5,300.288,0.410181
1277.6,300.288,0.410486
1277.7,300.289,0.410786
1277.8,300.289,0.411083
1277.9,300.29,0.411376
1278.0,300.29,0.412518
1278.1,300.291,0.415879
1278.2,300.291,0.420118
1278.3,300.292,0.424387
1278.4,300.292,0.428685
1278.5,300.293,0.433013
1278.6,300.293,0.437369
1278.7,300.294,0.441755
1278.8,300.294,0.446169
1278.9,300.295,0.450613
1279.0,300.296,0.454716
1279.1,300.296,0.455667
1279.2,300.297,0.456307
1279.3,300.297,0.456913
1279.4,300.298,0.457515
1279.5,300.299,0.458115
1279.6,300.299,0.458711
1279.7,300.3,0.459305
1279.8,300.3,0.459896
1279.9,300.301,0.460485
1280.0,300.301,0.458981
1280.1,300.302,0.453414
1280.2,300.303,0.445796
1280.3,300.303,0.438215
1280.4,300.304,0.430671
1280.5,300.304,0.423166
1280.6,300.305,0.415703
1280.7,300.305,0.408282
1280.8,300.306,0.400904
1280.9,300.306,0.393572
1281.0,300.307,0.387405
1281.1,300.307,0.39
1281.2,300.308,0.393743
1281.3,300.308,0.397517
1281.4,300.309,0.401322
1281.5,300.309,0.405157
1281.6,300.31,0.409023
1281.7,300.31,0.412919
1281.8,300.311,0.416845
1281.9,300.311,0.420801
1282.0,300.312,0.423017
1282.1,300.312,0.421066
1282.2,300.313,0.417356
1282.3,300.313,0.41365
1282.4,300.314,0.409949
1282.5,300.314,0.406253
1282.6,300.315,0.402563
1282.7,300.315,0.398879
1282.8,300.316,0.395202
1282.9,300.316,0.391533
1283.0,300.317,0.388607
1283.1,300.317,0.387805
1283.2,300.318,0.387739
1283.3,300.318,0.387675
1283.4,300.319,0.387613
1283.5,300.319,0.387553
1283.6,300.32,0.387495
1283.7,300.32,0.387438
1283.8,300.321,0.387383
1283.9,300.321,0.386791
1284.0,300.322,0.385583
1284.1,300.322,0.379613
1284.2,300.322,0.372007
1284.3,300.323,0.364455
1284.4,300.323,0.356958
1284.5,300.324,0.349517
1284.6,300.324,0.342134
1284.7,300.325,0.33481
1284.8,300.325,0.327545
1284.9,300.325,0.320342
1285.0,300.326,0.314808
1285.1,300.326,0.312655
1285.2,300.326,0.31211
1285.3,300.327,0.311571
1285.4,300.327,0.311035
1285.5,300.327,0.310505
1285.6,300.328,0.309978
1285.7,300.328,0.309456
1285.8,300.328,0.308937
1285.9,300.329,0.308422
1286.0,300.329,0.307261
1286.1,300.329,0.304006
1286.2,300.33,0.300121
1286.3,300.33,0.296253
1286.4,300.33,0.292398
1286.5,300.331,0.288508
1286.6,300.331,0.284638
1286.7,300.331,0.280787
1286.8,300.332,0.276955
1286.9,300.332,0.273143
1287.0,300.332,0.26935
1287.1,300.332,0.265578
1287.2,300.333,0.261826
1287.3,300.333,0.258095
1287.4,300.333,0.254376
1287.5,300.333,0.250603
1287.6,300.334,0.246853
1287.7,300.334,0.243124
1287.8,300.334,0.239418
1287.9,300.334,0.235933
1288.0,300.335,0.233296
1288.1,300.335,0.231238
1288.2,300.335,0.230402
1288.3,300.335,0.229571
1288.4,300.335,0.228744
1288.5,300.336,0.227922
1288.6,300.336,0.227103
1288.7,300.336,0.226289
1288.8,300.336,0.225816
1288.9,300.336,0.22554
1289.0,300.337,0.225269
1289.1,300.337,0.225998
1289.2,300.337,0.228141
1289.3,300.337,0.230302
1289.4,300.337,0.232482
1289.5,300.338,0.234679
1289.6,300.338,0.236894
1289.7,300.338,0.239126
1289.8,300.338,0.241376
1289.9,300.338,0.243644
1290.0,300.339,0.24498
1290.1,300.339,0.242342
1290.2,300.339,0.238774
1290.3,300.339,0.235223
1290.4,300.339,0.231689
1290.5,300.34,0.228173
1290.6,300.34,0.224675
1290.7,300.34,0.221196
1290.8,300.34,0.217725
1290.9,300.34,0.214242
1291.0,300.341,0.21078
1291.1,300.341,0.207339
1291.2,300.341,0.203919
1291.3,300.341,0.20052
1291.4,300.341,0.197143
1291.5,300.341,0.19378
1291.6,300.342,0.190428
1291.7,300.342,0.187099
1291.8,300.342,0.183793
1291.9,300.342,0.180511
1292.0,300.342,0.178137
1292.1,300.342,0.176414
1292.2,300.342,0.175577
1292.3,300.342,0.174744
1292.4,300.342,0.173915
1292.5,300.343,0.17309
1292.6,300.343,0.172268
1292.7,300.343,0.171458
1292.8,300.343,0.170657
1292.9,300.343,0.169859
1293.0,300.343,0.169063
1293.1,300.343,0.168271
1293.2,300.343,0.167482
1293.3,300.343,0.166696
1293.4,300.343,0.165921
1293.5,300.344,0.165155
1293.6,300.344,0.164391
1293.7,300.344,0.16363
1293.8,300.344,0.162872
1293.9,300.344,0.162116
1294.0,300.344,0.161966
1294.1,300.344,0.165389
1294.2,300.344,0.169472
1294.3,300.344,0.173612
1294.4,300.344,0.177811
1294.5,300.345,0.182068
1294.6,300.345,0.1864
1294.7,300.345,0.190821
1294.8,300.345,0.1953
1294.9,300.345,0.19984
1295.0,300.345,0.204439
1295.1,300.345,0.209099
1295.2,300.345,0.213957
1295.3,300.346,0.218915
1295.4,300.346,0.223937
1295.5,300.346,0.229025
1295.6,300.346,0.234179
1295.7,300.346,0.239423
1295.8,300.347,0.244822
1295.9,300.347,0.250291
1296.0,300.347,0.255829
1296.1,300.347,0.261436
1296.2,300.348,0.267113
1296.3,300.348,0.272964
1296.4,300.348,0.278947
1296.5,300.348,0.285004
1296.6,300.349,0.291136
1296.7,300.349,0.297342
1296.8,300.349,0.303588
1296.9,300.35,0.309427
1297.0,300.35,0.31533
1297.1,300.35,0.319967
1297.2,300.351,0.323552
1297.3,300.351,0.32716
1297.4,300.351,0.330789
1297.5,300.352,0.334441
1297.6,300.352,0.338115
1297.7,300.353,0.341843
1297.8,300.353,0.345714
1297.9,300.353,0.349609
1298.0,300.354,0.35353
1298.1,300.354,0.357476
1298.2,300.355,0.361447
1298.3,300.355,0.365444
1298.4,300.355,0.369466
1298.5,300.356,0.373515
1298.6,300.356,0.377633
1298.7,300.357,0.381825
1298.8,300.357,0.386045
1298.9,300.358,0.390291
1299.0,300.358,0.392867
1299.1,300.359,0.39176
1299.2,300.359,0.388951
1299.3,300.36,0.386137
1299.4,300.36,0.383316
1299.5,300.36,0.380491
1299.6,300.361,0.377662
1299.7,300.361,0.374829
1299.8,300.362,0.371994
1299.9,300.362,0.369156
1300.0,300.363,0.366964
1300.1,300.363,0.366818
1300.2,300.364,0.367316
1300.3,300.364,0.367814
1300.4,300.364,0.368312
1300.5,300.365,0.368805
1300.6,300.365,0.369288
1300.7,300.366,0.369772
1300.8,300.366,0.370255
1300.9,300.367,0.370739
1301.0,300.367,0.371222
1301.1,300.368,0.371705
1301.2,300.368,0.372188
1301.3,300.368,0.37266
1301.4,300.369,0.373115
1301.5,300.369,0.373571
1301.6,300.37,0.374026
1301.7,300.37,0.374482
1301.8,300.371,0.374938
1301.9,300.371,0.375675
1302.0,300.371,0.377484
1302.1,300.372,0.379956
1302.2,300.372,0.384089
1302.3,300.373,0.388254
1302.4,300.373,0.392451
1302.5,300.374,0.396681
1302.6,300.374,0.400942
1302.7,300.375,0.405235
1302.8,300.375,0.409561
1302.9,300.376,0.413819
1303.0,300.376,0.417971
1303.1,300.377,0.411563
1303.2,300.377,0.404849
1303.3,300.378,0.398164
1303.4,300.378,0.391537
1303.5,300.379,0.385057
1303.6,300.379,0.37861
1303.7,300.38,0.372195
1303.8,300.38,0.365814
1303.9,300.381,0.359468
1304.0,300.381,0.353159
1304.1,300.381,0.35249
1304.2,300.382,0.35267
1304.3,300.382,0.352854
1304.4,300.383,0.35304
1304.5,300.383,0.353229
1304.6,300.383,0.35342
1304.7,300.384,0.353317
1304.8,300.384,0.353112
1304.9,300.385,0.352908
1305.0,300.385,0.352704
1305.1,300.385,0.350876
1305.2,300.386,0.34756
1305.3,300.386,0.344251
1305.4,300.387,0.340949
1305.5,300.387,0.337655
1305.6,300.387,0.334368
1305.7,300.388,0.33109
1305.8,300.388,0.327821
1305.9,300.388,0.32456
1306.0,300.389,0.32149
1306.1,300.389,0.321239
1306.2,300.39,0.321172
1306.3,300.39,0.321108
1306.4,300.39,0.321046
1306.5,300.391,0.320987
1306.6,300.391,0.32093
1306.7,300.391,0.320875
1306.8,300.392,0.320823
1306.9,300.392,0.320772
1307.0,300.392,0.320088
1307.1,300.393,0.317354
1307.2,300.393,0.313996
1307.3,300.393,0.310647
1307.4,300.394,0.307308
1307.5,300.394,0.303979
1307.6,300.394,0.300661
1307.7,300.395,0.297354
1307.8,300.395,0.294058
1307.9,300.395,0.290933
1308.0,300.396,0.287886
1308.1,300.396,0.290375
1308.2,300.396,0.293273
1308.3,300.397,0.296196
1308.4,300.397,0.299144
1308.5,300.397,0.302116
1308.6,300.397,0.305112
1308.7,300.398,0.308133
1308.8,300.398,0.311177
1308.9,300.398,0.313994
1309.0,300.399,0.316549
1309.1,300.399,0.314021
1309.2,300.399,0.310715
1309.3,300.4,0.307416
1309.4,300.4,0.304125
1309.5,300.4,0.300842
1309.6,300.401,0.297568
1309.7,300.401,0.294302
1309.8,300.401,0.291046
1309.9,300.402,0.2878
1310.0,300.402,0.285495
1310.1,300.402,0.284294
1310.2,300.403,0.284022
1310.3,300.403,0.283753
1310.4,300.403,0.283484
1310.5,300.403,0.283217
1310.6,300.404,0.282952
1310.7,300.404,0.282688
1310.8,300.404,0.282425
1310.9,300.405,0.282164
1311.0,300.405,0.280858
1311.1,300.405,0.27856
1311.2,300.405,0.275232
1311.3,300.406,0.271915
1311.4,300.406,0.26861
1311.5,300.406,0.265318
1311.6,300.406,0.261962
1311.7,300.407,0.258607
1311.8,300.407,0.255267
1311.9,300.407,0.251941
1312.0,300.407,0.24863
1312.1,300.408,0.245334
1312.2,300.408,0.242053
1312.3,300.408,0.238788
1312.4,300.408,0.23554
1312.5,300.409,0.232308
1312.6,300.409,0.229026
1312.7,300.409,0.225751
1312.8,300.409,0.222493
1312.9,300.409,0.219339
1313.0,300.409,0.2164
1313.1,300.41,0.218201
1313.2,300.41,0.220389
1313.3,300.41,0.222597
1313.4,300.41,0.224824
1313.5,300.41,0.227071
1313.6,300.411,0.229337
1313.7,300.411,0.231622
1313.8,300.411,0.233927
1313.9,300.411,0.236126
1314.0,300.411,0.237832
1314.1,300.412,0.235359
1314.2,300.412,0.232141
1314.3,300.412,0.228937
1314.4,300.412,0.225747
1314.5,300.412,0.222571
1314.6,300.413,0.21941
1314.7,300.413,0.216265
1314.8,300.413,0.213135
1314.9,300.413,0.20937
1315.0,300.413,0.205518
1315.1,300.413,0.198463
1315.2,300.414,0.190158
1315.3,300.414,0.182003
1315.4,300.414,0.174
1315.5,300.414,0.166151
1315.6,300.414,0.158458
1315.7,300.414,0.150922
1315.8,300.414,0.143546
1315.9,300.414,0.136331
1316.0,300.414,0.129949
1316.1,300.414,0.132717
1316.2,300.414,0.136206
1316.3,300.414,0.13975
1316.4,300.414,0.143348
1316.5,300.414,0.147001
1316.6,300.414,0.15071
1316.7,300.415,0.154473
1316.8,300.415,0.158292
1316.9,300.415,0.162166
1317.0,300.415,0.165912
1317.1,300.415,0.165531
1317.2,300.415,0.164968
1317.3,300.415,0.164405
1317.4,300.415,0.163844
1317.5,300.415,0.163283
1317.6,300.415,0.162723
1317.7,300.415,0.162165
1317.8,300.415,0.161607
1317.9,300.415,0.16105
1318.0,300.416,0.161272
1318.1,300.416,0.173985
1318.2,300.416,0.188024
1318.3,300.416,0.202617
1318.4,300.416,0.21777
1318.5,300.416,0.233486
1318.6,300.416,0.249769
1318.7,300.417,0.266624
1318.8,300.417,0.284055
1318.9,300.417,0.302064
1319.0,300.418,0.320646
1319.1,300.418,0.331018
1319.2,300.418,0.34156
1319.3,300.419,0.352282
1319.4,300.419,0.363184
1319.5,300.419,0.374269
1319.6,300.42,0.385535
1319.7,300.42,0.396985
1319.8,300.421,0.408618
1319.9,300.421,0.42051
1320.0,300.422,0.434427
1320.1,300.422,0.449236
1320.2,300.423,0.466376
1320.3,300.424,0.483866
1320.4,300.424,0.501707
1320.5,300.425,0.519902
1320.6,300.425,0.538451
1320.7,300.426,0.556595
1320.8,300.427,0.575065
1320.9,300.428,0.593864
1321.0,300.429,0.612995
1321.1,300.429,0.632459
1321.2,300.43,0.650964
1321.3,300.431,0.668745
1321.4,300.432,0.68679
1321.5,300.433,0.705098
1321.6,300.434,0.723671
1321.7,300.435,0.742509
1321.8,300.436,0.761613
1321.9,300.437,0.780984
1322.0,300.438,0.804394
1322.1,300.44,0.828458
1322.2,300.441,0.854845
1322.3,300.442,0.882683
1322.4,300.443,0.911013
1322.5,300.445,0.939837
1322.6,300.446,0.969156
1322.7,300.447,0.998972
1322.8,300.449,1.029286
1322.9,300.45,1.060099
1323.0,300.452,1.086589
1323.1,300.454,1.094713
1323.2,300.455,1.097987
1323.3,300.457,1.101224
1323.4,300.459,1.104425
1323.5,300.46,1.107591
1323.6,300.462,1.110726
1323.7,300.464,1.113831
1323.8,300.465,1.116386
1323.9,300.467,1.115472
1324.0,300.469,1.114516
1324.1,300.47,1.106169
1324.2,300.472,1.089436
1324.3,300.474,1.072739
1324.4,300.475,1.056084
1324.5,300.477,1.039477
1324.6,300.479,1.022921
1324.7,300.48,1.006422
1324.8,300.482,0.989984
1324.9,300.483,0.973224
1325.0,300.485,0.95258
1325.1,300.486,0.926863
1325.2,300.487,0.896805
1325.3,300.489,0.867127
1325.4,300.49,0.837841
1325.5,300.491,0.808954
1325.6,300.492,0.780477
1325.7,300.493,0.752416
1325.8,300.494,0.724778
1325.9,300.496,0.697571
1326.0,300.496,0.673032
1326.1,300.497,0.657156
1326.2,300.498,0.643617
1326.3,300.499,0.63019
1326.4,300.5,0.616878
1326.5,300.501,0.60368
1326.6,300.502,0.590597
1326.7,300.503,0.577632
1326.8,300.503,0.56527
1326.9,300.504,0.553517
1327.0,300.505,0.541866
1327.1,300.506,0.530699
1327.2,300.506,0.521998
1327.3,300.507,0.513357
1327.4,300.508,0.504778
1327.5,300.508,0.496259
1327.6,300.509,0.487802
1327.7,300.51,0.479406
1327.8,300.51,0.471091
1327.9,300.511,0.462851
1328.0,300.511,0.454672
1328.1,300.512,0.454382
1328.2,300.512,0.45419
1328.3,300.513,0.45401
1328.4,300.514,0.453843
1328.5,300.514,0.453687
1328.6,300.515,0.453541
1328.7,300.515,0.453406
1328.8,300.516,0.45328
1328.9,300.516,0.453164
1329.0,300.517,0.453055
1329.1,300.518,0.452955
1329.2,300.518,0.452862
1329.3,300.519,0.452777
1329.4,300.519,0.452698
1329.5,300.52,0.452625
1329.6,300.52,0.452559
1329.7,300.521,0.452497
1329.8,300.522,0.452442
1329.9,300.522,0.452391
1330.0,300.523,0.452345
1330.1,300.523,0.452303
1330.2,300.524,0.452265
1330.3,300.524,0.452231
1330.4,300.525,0.452201
1330.5,300.525,0.452175
1330.6,300.526,0.452151
1330.7,300.527,0.452131
1330.8,300.527,0.452114
1330.9,300.528,0.4518
1331.0,300.528,0.45
1331.1,300.529,0.447855
1331.2,300.529,0.443639
1331.3,300.53,0.439432
1331.4,300.53,0.435236
1331.5,300.531,0.43105
1331.6,300.532,0.426875
1331.7,300.532,0.422504
1331.8,300.533,0.417962
1331.9,300.533,0.413434
1332.0,300.534,0.40892
1332.1,300.534,0.4019
1332.2,300.535,0.393584
1332.3,300.535,0.385332
1332.4,300.535,0.377146
1332.5,300.536,0.369028
1332.6,300.536,0.360977
1332.7,300.537,0.352995
1332.8,300.537,0.345083
1332.9,300.538,0.337515
1333.0,300.538,0.330568
1333.1,300.538,0.328696
1333.2,300.539,0.327922
1333.3,300.539,0.327153
1333.4,300.539,0.326391
1333.5,300.54,0.325633
1333.6,300.54,0.324871
1333.7,300.54,0.324108
1333.8,300.541,0.323349
1333.9,300.541,0.322595
1334.0,300.541,0.321845
1334.1,300.542,0.321099
1334.2,300.542,0.320356
1334.3,300.542,0.319618
1334.4,300.543,0.318864
1334.5,300.543,0.318108
1334.6,300.543,0.317356
1334.7,300.544,0.316607
1334.8,300.544,0.315861
1334.9,300.544,0.315874
1335.0,300.545,0.315973
1335.1,300.545,0.320733
1335.2,300.545,0.327164
1335.3,300.546,0.333674
1335.4,300.546,0.340264
1335.5,300.546,0.346934
1335.6,300.547,0.353685
1335.7,300.547,0.360515
1335.8,300.548,0.367426
1335.9,300.548,0.374355
1336.0,300.548,0.37964
1336.1,300.549,0.381289
1336.2,300.549,0.381092
1336.3,300.55,0.380891
1336.4,300.55,0.380688
1336.5,300.551,0.380482
1336.6,300.551,0.380273
1336.7,300.552,0.380062
1336.8,300.552,0.379849
1336.9,300.552,0.379633
1337.0,300.553,0.380528
1337.1,300.553,0.383042
1337.2,300.554,0.386691
1337.3,300.554,0.390365
1337.4,300.555,0.394064
1337.5,300.555,0.397788
1337.6,300.556,0.401537
1337.7,300.556,0.405311
1337.8,300.557,0.40911
1337.9,300.557,0.411983
1338.0,300.557,0.414843
1338.1,300.558,0.416847
1338.2,300.558,0.416919
1338.3,300.559,0.416988
1338.4,300.559,0.417054
1338.5,300.56,0.417118
1338.6,300.56,0.417179
1338.7,300.561,0.417238
1338.8,300.561,0.417295
1338.9,300.562,0.418109
1339.0,300.562,0.419677
1339.1,300.563,0.421483
1339.2,300.563,0.425585
1339.3,300.564,0.429715
1339.4,300.565,0.433874
1339.5,300.565,0.43806
1339.6,300.566,0.442275
1339.7,300.566,0.446519
1339.8,300.567,0.45079
1339.9,300.567,0.45509
1340.0,300.568,0.45872
1340.1,300.568,0.459787
1340.2,300.569,0.460155
1340.3,300.57,0.46052
1340.4,300.57,0.460882
1340.5,300.571,0.461242
1340.6,300.571,0.461598
1340.7,300.572,0.461951
1340.8,300.572,0.462302
1340.9,300.573,0.463028
1341.0,300.574,0.464367
1341.1,300.574,0.476141
1341.2,300.575,0.489491
1341.3,300.575,0.503054
1341.4,300.576,0.516831
1341.5,300.577,0.530812
1341.6,300.577,0.545008
1341.7,300.578,0.559419
1341.8,300.579,0.574047
1341.9,300.58,0.588891
1342.0,300.58,0.603952
1342.1,300.581,0.605662
1342.2,300.582,0.607297
1342.3,300.583,0.608927
1342.4,300.584,0.61055
1342.5,300.584,0.612168
1342.6,300.585,0.613781
1342.7,300.586,0.615389
1342.8,300.587,0.61699
1342.9,300.588,0.618588
1343.0,300.589,0.620181
1343.1,300.589,0.621771
1343.2,300.59,0.623358
1343.3,300.591,0.624942
1343.4,300.592,0.626524
1343.5,300.593,0.628104
1343.6,300.594,0.629683
1343.7,300.595,0.63126
1343.8,300.595,0.632836
1343.9,300.596,0.634411
1344.0,300.597,0.633734
1344.1,300.598,0.63263
1344.2,300.599,0.629272
1344.3,300.6,0.625907
1344.4,300.601,0.622534
1344.5,300.601,0.619155
1344.6,300.602,0.615769
1344.7,300.603,0.612378
1344.8,300.604,0.608476
1344.9,300.605,0.604208
1345.0,300.605,0.599938
1345.1,300.606,0.593516
1345.2,300.607,0.584897
1345.3,300.608,0.576313
1345.4,300.609,0.567764
1345.5,300.609,0.559252
1345.6,300.61,0.550779
1345.7,300.611,0.542345
1345.8,300.612,0.533951
1345.9,300.612,0.525599
1346.0,300.613,0.517693
1346.1,300.614,0.513015
1346.2,300.614,0.508683
1346.3,300.615,0.504394
1346.4,300.616,0.500115
1346.5,300.616,0.495846
1346.6,300.617,0.491507
1346.7,300.617,0.486962
1346.8,300.618,0.48243
1346.9,300.619,0.477911
1347.0,300.619,0.473405
1347.1,300.62,0.465873
1347.2,300.62,0.457148
1347.3,300.621,0.448484
1347.4,300.622,0.439882
1347.5,300.622,0.431341
1347.6,300.623,0.422864
1347.7,300.623,0.414451
1347.8,300.624,0.406103
1347.9,300.624,0.397821
1348.0,300.625,0.387472
1348.1,300.625,0.369368
1348.2,300.625,0.3496
1348.3,300.626,0.330303
1348.4,300.626,0.311481
1348.5,300.626,0.293141
1348.6,300.627,0.275287
1348.7,300.627,0.257924
1348.8,300.627,0.241058
1348.9,300.627,0.224693
1349.0,300.628,0.209065
1349.1,300.628,0.195791
1349.2,300.628,0.183117
1349.3,300.628,0.170816
1349.4,300.628,0.158889
1349.5,300.628,0.147339
1349.6,300.628,0.136169
1349.7,300.628,0.125381
1349.8,300.628,0.114977
1349.9,300.628,0.104961
1350.0,300.628,0.095676
1350.1,300.628,0.08796
1350.2,300.628,0.080838
1350.3,300.628,0.073969
1350.4,300.628,0.067354
1350.5,300.628,0.060993
1350.6,300.628,0.054889
1350.7,300.627,0.049041
1350.8,300.627,0.043451
1350.9,300.627,0.03812
1351.0,300.627,0.033068
1351.1,300.627,0.032136
1351.2,300.627,0.031239
1351.3,300.627,0.030356
1351.4,300.626,0.029487
1351.5,300.626,0.028633
1351.6,300.626,0.027792
1351.7,300.626,0.026965
1351.8,300.626,0.026151
1351.9,300.626,0.02535
1352.0,300.625,0.024469
1352.1,300.625,0.022683
1352.2,300.625,0.02086
1352.3,300.625,0.019092
1352.4,300.625,0.017379
1352.5,300.625,0.015722
1352.6,300.624,0.014119
1352.7,300.624,0.012572
1352.8,300.624,0.01108
1352.9,300.624,0.009644
1353.0,300.624,0.008266
1353.1,300.623,0.007779
1353.2,300.623,0.007305
1353.3,300.623,0.006841
1353.4,300.623,0.006388
1353.5,300.623,0.005945
1353.6,300.622,0.005512
1353.7,300.622,0.005089
1353.8,300.622,0.004675
1353.9,300.622,0.004271
1354.0,300.622,0.003874
1354.1,300.621,0.003438
1354.2,300.621,0.003011
1354.3,300.621,0.002595
1354.4,300.621,0.002191
1354.5,300.621,0.001798
1354.6,300.62,0.001418
1354.7,300.62,0.001049
1354.8,300.62,0.000692
1354.9,300.62,0.000346
1355.0,300.62,0.0
1355.1,300.619,0.0
1355.2,300.619,0.0
1355.3,300.619,0.0
1355.4,300.619,0.0
1355.5,300.618,0.0
1355.6,300.618,0.0
1355.7,300.618,0.0
1355.8,300.618,0.0
1355.9,300.618,0.0
1356.0,300.617,0.0
1356.1,300.617,0.0
1356.2,300.617,0.0
1356.3,300.617,0.0
1356.4,300.617,0.0
1356.5,300.616,0.0
1356.6,300.616,0.0
1356.7,300.616,0.0
1356.8,300.616,0.0
1356.9,300.616,0.0
1357.0,300.615,0.0
1357.1,300.615,0.0
1357.2,300.615,0.0
1357.3,300.615,0.0
1357.4,300.614,0.0
1357.5,300.614,0.0
1357.6,300.614,0.0
1357.7,300.614,0.0
1357.8,300.614,0.0
1357.9,300.613,0.0
1358.0,300.613,0.0
1358.1,300.613,0.0
1358.2,300.613,0.0
1358.3,300.613,0.0
1358.4,300.612,0.0
1358.5,300.612,0.0
1358.6,300.612,0.0
1358.7,300.612,0.0
1358.8,300.612,0.0
1358.9,300.611,0.0
1359.0,300.611,0.0
1359.1,300.611,0.0
1359.2,300.611,0.0
1359.3,300.61,0.0
1359.4,300.61,0.0
1359.5,300.61,0.0
1359.6,300.61,0.0
1359.7,300.61,0.0
1359.8,300.609,0.0
1359.9,300.609,0.0
1360.0,300.609,0.0
1360.1,300.609,0.0
1360.2,300.609,0.0
1360.3,300.608,0.0
1360.4,300.608,0.0
1360.5,300.608,0.0
1360.6,300.608,0.0
1360.7,300.608,0.0
1360.8,300.607,0.0
1360.9,300.607,0.0
1361.0,300.607,0.0
1361.1,300.607,0.002032
1361.2,300.607,0.004561
1361.3,300.606,0.007604
1361.4,300.606,0.011168
1361.5,300.606,0.015259
1361.6,300.606,0.019882
1361.7,300.606,0.025041
1361.8,300.605,0.030743
1361.9,300.605,0.036993
1362.0,300.605,0.043845
1362.1,300.605,0.053869
1362.2,300.605,0.064963
1362.3,300.605,0.077086
1362.4,300.605,0.090245
1362.5,300.605,0.104449
1362.6,300.605,0.119705
1362.7,300.605,0.136021
1362.8,300.605,0.153404
1362.9,300.605,0.171861
1363.0,300.605,0.190326
1363.1,300.605,0.209011
1363.2,300.605,0.227434
1363.3,300.605,0.246668
1363.4,300.605,0.266717
1363.5,300.606,0.287585
1363.6,300.606,0.309278
1363.7,300.606,0.331798
1363.8,300.607,0.35515
1363.9,300.607,0.379338
1364.0,300.607,0.402492
1364.1,300.608,0.390459
1364.2,300.608,0.376711
1364.3,300.609,0.363123
1364.4,300.609,0.349703
1364.5,300.609,0.33646
1364.6,300.61,0.323399
1364.7,300.61,0.31053
1364.8,300.61,0.297857
1364.9,300.611,0.285388
1365.0,300.611,0.271939
1365.1,300.611,0.257292
1365.2,300.612,0.241868
1365.3,300.612,0.226857
1365.4,300.612,0.212268
1365.5,300.612,0.198108
1365.6,300.612,0.184383
1365.7,300.612,0.171101
1365.8,300.612,0.158267
1365.9,300.612,0.145887
1366.0,300.612,0.133401
1366.1,300.612,0.118462
1366.2,300.612,0.103847
1366.3,300.612,0.090129
1366.4,300.612,0.077318
1366.5,300.612,0.065424
1366.6,300.612,0.054453
1366.7,300.612,0.044416
1366.8,300.612,0.03532
1366.9,300.612,0.027172
1367.0,300.612,0.020054
1367.1,300.611,0.017074
1367.2,300.611,0.014367
1367.3,300.611,0.011861
1367.4,300.611,0.009557
1367.5,300.611,0.007456
1367.6,300.611,0.005559
1367.7,300.61,0.003865
1367.8,300.61,0.002375
1367.9,300.61,0.00109
1368.0,300.61,0.0
1368.1,300.61,0.0
1368.2,300.609,0.0
1368.3,300.609,0.0
1368.4,300.609,0.0
1368.5,300.609,0.0
1368.6,300.608,0.0
1368.7,300.608,0.0
1368.8,300.608,0.0
1368.9,300.608,0.0
1369.0,300.608,0.0
1369.1,300.607,0.001042
1369.2,300.607,0.002266
1369.3,300.607,0.003688
1369.4,300.607,0.00531
1369.5,300.607,0.007136
1369.6,300.606,0.009167
1369.7,300.606,0.011408
1369.8,300.606,0.013859
1369.9,300.606,0.01653
1370.0,300.606,0.019491
1370.1,300.606,0.023107
1370.2,300.605,0.027255
1370.3,300.605,0.031633
1370.4,300.605,0.036333
1370.5,300.605,0.041412
1370.6,300.605,0.046884
1370.7,300.605,0.0527
1370.8,300.605,0.05869
1370.9,300.604,0.065007
1371.0,300.604,0.071408
1371.1,300.604,0.071889
1371.2,300.604,0.071924
1371.3,300.604,0.071954
1371.4,300.604,0.071979
1371.5,300.604,0.071999
1371.6,300.604,0.072015
1371.7,300.604,0.072028
1371.8,300.604,0.072036
1371.9,300.604,0.072042
1372.0,300.603,0.071608
1372.1,300.603,0.066031
1372.2,300.603,0.060246
1372.3,300.603,0.054919
1372.4,300.603,0.049818
1372.5,300.603,0.044944
1372.6,300.603,0.040339
1372.7,300.603,0.035973
1372.8,300.602,0.031817
1372.9,300.602,0.027727
1373.0,300.602,0.023899
1373.1,300.602,0.02027
1373.2,300.602,0.016689
1373.3,300.602,0.013451
1373.4,300.601,0.010528
1373.5,300.601,0.007933
1373.6,300.601,0.005674
1373.7,300.601,0.003754
1373.8,300.601,0.002168
1373.9,300.6,0.000917
1374.0,300.6,0.0
1374.1,300.6,0.0
1374.2,300.6,0.0
1374.3,300.6,0.0
1374.4,300.599,0.0
1374.5,300.599,0.0
1374.6,300.599,0.0
1374.7,300.599,0.0
1374.8,300.599,0.0
1374.9,300.598,0.0
1375.0,300.598,0.0
1375.1,300.598,0.0
1375.2,300.598,0.0
1375.3,300.598,0.0
1375.4,300.597,0.0
1375.5,300.597,0.0
1375.6,300.597,0.0
1375.7,300.597,0.0
1375.8,300.597,0.0
1375.9,300.596,0.0
1376.0,300.596,0.0
1376.1,300.596,0.0
1376.2,300.596,0.0
1376.3,300.596,0.0
1376.4,300.595,0.0
1376.5,300.595,0.0
1376.6,300.595,0.0
1376.7,300.595,0.0
1376.8,300.594,0.0
1376.9,300.594,0.0
1377.0,300.594,0.0
1377.1,300.594,0.0
1377.2,300.594,0.0
1377.3,300.593,0.0
1377.4,300.593,0.0
1377.5,300.593,0.0
1377.6,300.593,0.0
1377.7,300.593,0.0
1377.8,300.592,0.0
1377.9,300.592,0.0
1378.0,300.592,0.0
1378.1,300.592,0.0
1378.2,300.592,0.0
1378.3,300.591,0.0
1378.4,300.591,0.0
1378.5,300.591,0.0
1378.6,300.591,0.0
1378.7,300.591,0.0
1378.8,300.59,0.0
1378.9,300.59,0.0
1379.0,300.59,0.0
1379.1,300.59,0.0
1379.2,300.59,0.0
1379.3,300.589,0.0
1379.4,300.589,0.0
1379.5,300.589,0.0
1379.6,300.589,0.0
1379.7,300.589,0.0
1379.8,300.588,0.0
1379.9,300.588,0.0
1380.0,300.588,0.0
1380.1,300.588,0.0
1380.2,300.587,0.0
1380.3,300.587,0.0
1380.4,300.587,0.0
1380.5,300.587,0.0
1380.6,300.587,0.0
1380.7,300.586,0.0
1380.8,300.586,0.0
1380.9,300.586,0.0
1381.0,300.586,0.0
1381.1,300.586,0.000351
1381.2,300.585,0.002013
1381.3,300.585,0.005012
1381.4,300.585,0.009361
1381.5,300.585,0.015074
1381.6,300.585,0.022165
1381.7,300.585,0.030646
1381.8,300.584,0.04053
1381.9,300.584,0.051828
1382.0,300.584,0.064198
1382.1,300.584,0.075329
1382.2,300.584,0.086971
1382.3,300.584,0.09948
1382.4,300.584,0.112861
1382.5,300.584,0.127121
1382.6,300.584,0.142263
1382.7,300.584,0.158294
1382.8,300.584,0.175218
1382.9,300.584,0.19304
1383.0,300.584,0.211351
1383.1,300.584,0.20807
1383.2,300.584,0.204363
1383.3,300.585,0.200648
1383.4,300.585,0.196926
1383.5,300.585,0.193201
1383.6,300.585,0.189476
1383.7,300.585,0.185753
1383.8,300.585,0.182035
1383.9,300.585,0.178324
1384.0,300.585,0.174016
1384.1,300.585,0.160556
1384.2,300.586,0.147021
1384.3,300.586,0.134027
1384.4,300.586,0.121584
1384.5,300.586,0.109699
1384.6,300.586,0.098383
1384.7,300.586,0.087644
1384.8,300.585,0.07749
1384.9,300.585,0.067929
1385.0,300.585,0.059076
1385.1,300.585,0.058029
1385.2,300.585,0.057098
1385.3,300.585,0.056175
1385.4,300.585,0.05526
1385.5,300.585,0.054353
1385.6,300.585,0.053454
1385.7,300.585,0.052562
1385.8,300.584,0.051678
1385.9,300.584,0.050801
1386.0,300.584,0.050243
1386.1,300.584,0.056107
1386.2,300.584,0.062669
1386.3,300.584,0.06962
1386.4,300.584,0.076964
1386.5,300.584,0.084705
1386.6,300.584,0.092846
1386.7,300.584,0.101511
1386.8,300.584,0.110833
1386.9,300.584,0.120596
1387.0,300.584,0.130803
1387.1,300.584,0.145707
1387.2,300.584,0.16295
1387.3,300.584,0.181214
1387.4,300.584,0.200507
1387.5,300.584,0.220836
1387.6,300.584,0.242206
1387.7,300.584,0.264626
1387.8,300.585,0.287907
1387.9,300.585,0.312198
1388.0,300.585,0.337536
1388.1,300.585,0.362847
1388.2,300.586,0.388381
1388.3,300.586,0.414842
1388.4,300.587,0.442235
1388.5,300.587,0.470565
1388.6,300.588,0.499835
1388.7,300.589,0.530049
1388.8,300.589,0.561213
1388.9,300.59,0.593329
1389.0,300.591,0.625173
1389.1,300.592,0.633724
1389.2,300.593,0.641058
1389.3,300.593,0.648402
1389.4,300.594,0.655757
1389.5,300.595,0.663125
1389.6,300.596,0.670506
1389.7,300.597,0.677903
1389.8,300.598,0.685317
1389.9,300.599,0.692748
1390.0,300.6,0.698589
1390.1,300.601,0.68037
1390.2,300.602,0.660717
1390.3,300.603,0.641242
1390.4,300.604,0.621954
1390.5,300.604,0.602862
1390.6,300.605,0.583974
1390.7,300.606,0.565298
1390.8,300.607,0.546447
1390.9,300.608,0.527409
1391.0,300.608,0.508629
1391.1,300.609,0.486783
1391.2,300.609,0.463448
1391.3,300.61,0.4406
1391.4,300.611,0.418248
1391.5,300.611,0.396399
1391.6,300.612,0.375064
1391.7,300.612,0.354248
1391.8,300.612,0.334015
1391.9,300.613,0.314879
1392.0,300.613,0.29625
1392.1,300.613,0.278135
1392.2,300.614,0.260539
1392.3,300.614,0.243742
1392.4,300.614,0.227647
1392.5,300.614,0.212059
1392.6,300.614,0.196983
1392.7,300.615,0.182423
1392.8,300.615,0.168384
1392.9,300.615,0.15487
1393.0,300.615,0.142404
1393.1,300.615,0.132792
1393.2,300.615,0.123978
1393.3,300.615,0.115449
1393.4,300.615,0.107207
1393.5,300.615,0.099254
1393.6,300.615,0.09159
1393.7,300.615,0.084219
1393.8,300.615,0.077141
1393.9,300.615,0.070357
1394.0,300.614,0.06415
1394.1,300.614,0.061522
1394.2,300.614,0.059219
1394.3,300.614,0.056961
1394.4,300.614,0.05475
1394.5,300.614,0.052584
1394.6,300.614,0.050463
1394.7,300.614,0.048386
1394.8,300.614,0.046354
1394.9,300.613,0.044365
1395.0,300.613,0.042354
1395.1,300.613,0.03876
1395.2,300.613,0.035255
1395.3,300.613,0.031908
1395.4,300.613,0.028719
1395.5,300.613,0.025688
1395.6,300.612,0.022816
1395.7,300.612,0.020105
1395.8,300.612,0.017555
1395.9,300.612,0.015166
1396.0,300.612,0.013009
1396.1,300.612,0.011313
1396.2,300.611,0.009787
1396.3,300.611,0.008363
1396.4,300.611,0.007041
1396.5,300.611,0.005822
1396.6,300.611,0.004704
1396.7,300.61,0.00369
1396.8,300.61,0.002778
1396.9,300.61,0.00197
1397.0,300.61,0.00127
1397.1,300.61,0.001098
1397.2,300.609,0.00094
1397.3,300.609,0.000791
1397.4,300.609,0.000652
1397.5,300.609,0.000522
1397.6,300.609,0.000402
1397.7,300.608,0.00029
1397.8,300.608,0.000188
1397.9,300.608,9.5e-05
1398.0,300.608,0.0
1398.1,300.608,0.0
1398.2,300.607,0.0
1398.3,300.607,0.0
1398.4,300.607,0.0
1398.5,300.607,0.0
1398.6,300.606,0.0
1398.7,300.606,0.0
1398.8,300.606,0.0
1398.9,300.606,0.0
1399.0,300.606,0.0
1399.1,300.605,0.0
1399.2,300.605,0.0
1399.3,300.605,0.0
1399.4,300.605,0.0
1399.5,300.605,0.0
1399.6,300.604,0.0
1399.7,300.604,0.0
1399.8,300.604,0.0
1399.9,300.604,0.0
1400.0,300.604,0.0
1400.1,300.603,0.0
1400.2,300.603,0.0
1400.3,300.603,0.0
1400.4,300.603,0.0
1400.5,300.603,0.0
1400.6,300.602,0.0
1400.7,300.602,0.0
1400.8,300.602,0.0
1400.9,300.602,0.0
1401.0,300.602,0.0
1401.1,300.601,0.0
1401.2,300.601,0.0
1401.3,300.601,0.0
1401.4,300.601,0.0
1401.5,300.6,0.0
1401.6,300.6,0.0
1401.7,300.6,0.0
1401.8,300.6,0.0
1401.9,300.6,0.0
1402.0,300.599,0.0
1402.1,300.599,0.0
1402.2,300.599,0.0
1402.3,300.599,0.0
1402.4,300.599,0.0
1402.5,300.598,0.0
1402.6,300.598,0.0
1402.7,300.598,0.0
1402.8,300.598,0.0
1402.9,300.598,0.0
1403.0,300.597,0.0
1403.1,300.597,0.0
1403.2,300.597,0.0
1403.3,300.597,0.0
1403.4,300.597,0.0
1403.5,300.596,0.0
1403.6,300.596,0.0
1403.7,300.596,0.0
1403.8,300.596,0.0
1403.9,300.596,0.0
1404.0,300.595,0.0
1404.1,300.595,0.0
1404.2,300.595,0.0
1404.3,300.595,0.0
1404.4,300.595,0.0
1404.5,300.594,0.0
1404.6,300.594,0.0
1404.7,300.594,0.0
1404.8,300.594,0.0
1404.9,300.593,0.0
1405.0,300.593,0.0
1405.1,300.593,0.0
1405.2,300.593,0.0
1405.3,300.593,0.0
1405.4,300.592,0.0
1405.5,300.592,0.0
1405.6,300.592,0.0
1405.7,300.592,0.0
1405.8,300.592,0.0
1405.9,300.591,0.0
1406.0,300.591,0.0
1406.1,300.591,0.0
1406.2,300.591,0.0
1406.3,300.591,0.0
1406.4,300.59,0.0
1406.5,300.59,0.0
1406.6,300.59,0.0
1406.7,300.59,0.0
1406.8,300.59,0.0
1406.9,300.589,0.0
1407.0,300.589,0.0
1407.1,300.589,-0.0002
1407.2,300.589,-0.000252
1407.3,300.589,-0.000143
1407.4,300.588,0.000129
1407.5,300.588,0.000566
1407.6,300.588,0.001169
1407.7,300.588,0.00194
1407.8,300.588,0.002881
1407.9,300.587,0.003993
1408.0,300.587,0.005243
1408.1,300.587,0.005022
1408.2,300.587,0.004718
1408.3,300.587,0.004437
1408.4,300.586,0.004169
1408.5,300.586,0.003907
1408.6,300.586,0.00365
1408.7,300.586,0.003398
1408.8,300.586,0.003153
1408.9,300.585,0.002911
1409.0,300.585,0.002667
1409.1,300.585,0.002333
1409.2,300.585,0.002003
1409.3,300.585,0.001692
1409.4,300.584,0.0014
1409.5,300.584,0.001128
1409.6,300.584,0.000876
1409.7,300.584,0.000644
1409.8,300.584,0.000433
1409.9,300.583,0.000242
1410.0,300.583,7.5e-05
1410.1,300.583,-3.9e-05
1410.2,300.583,-0.00014
1410.3,300.583,-0.00023
1410.4,300.582,-0.000309
1410.5,300.582,-0.000378
1410.6,300.582,-0.000435
1410.7,300.582,-0.000481
1410.8,300.581,-0.000516
1410.9,300.581,-0.00054
1411.0,300.581,-0.000553
1411.1,300.581,-0.000561
1411.2,300.581,-0.000566
1411.3,300.58,-0.000567
1411.4,300.58,-0.000564
1411.5,300.58,-0.000558
1411.6,300.58,-0.000548
1411.7,300.58,-0.000534
1411.8,300.579,-0.000517
1411.9,300.579,-0.000496
1412.0,300.579,-0.000471
1412.1,300.579,-0.000613
1412.2,300.579,-0.000713
1412.3,300.578,-0.000767
1412.4,300.578,-0.000776
1412.5,300.578,-0.000738
1412.6,300.578,-0.000653
1412.7,300.578,-0.000521
1412.8,300.577,-0.000342
1412.9,300.577,-0.000115
1413.0,300.577,0.000174
1413.1,300.577,0.001164
1413.2,300.577,0.002514
1413.3,300.576,0.004218
1413.4,300.576,0.006288
1413.5,300.576,0.008744
1413.6,300.576,0.01157
1413.7,300.576,0.014676
1413.8,300.575,0.018139
1413.9,300.575,0.022006
1414.0,300.575,0.026445
1414.1,300.575,0.032471
1414.2,300.575,0.039152
1414.3,300.575,0.046338
1414.4,300.575,0.054385
1414.5,300.574,0.063088
1414.6,300.574,0.072453
1414.7,300.574,0.082484
1414.8,300.574,0.093184
1414.9,300.574,0.104339
1415.0,300.574,0.1161
1415.1,300.574,0.126391
1415.2,300.574,0.13703
1415.3,300.574,0.147862
1415.4,300.574,0.159235
1415.5,300.574,0.171064
1415.6,300.574,0.183335
1415.7,300.574,0.19605
1415.8,300.575,0.209212
1415.9,300.575,0.222822
1416.0,300.575,0.235295
1416.1,300.575,0.243018
1416.2,300.575,0.24921
1416.3,300.576,0.255547
1416.4,300.576,0.262072
1416.5,300.576,0.268673
1416.6,300.576,0.27535
1416.7,300.576,0.282096
1416.8,300.577,0.28882
1416.9,300.577,0.295618
1417.0,300.577,0.302155
1417.1,300.578,0.293448
1417.2,300.578,0.284357
1417.3,300.578,0.275352
1417.4,300.578,0.266439
1417.5,300.579,0.257579
1417.6,300.579,0.248628
1417.7,300.579,0.239789
1417.8,300.579,0.231065
1417.9,300.58,0.222525
1418.0,300.58,0.214225
1418.1,300.58,0.194453
1418.2,300.58,0.17554
1418.3,300.58,0.1573
1418.4,300.58,0.139999
1418.5,300.58,0.123649
1418.6,300.58,0.108265
1418.7,300.58,0.09386
1418.8,300.58,0.080442
1418.9,300.58,0.067973
1419.0,300.58,0.056427
1419.1,300.58,0.045926
1419.2,300.58,0.036362
1419.3,300.58,0.027873
1419.4,300.579,0.020472
1419.5,300.579,0.014168
1419.6,300.579,0.009027
1419.7,300.579,0.00504
1419.8,300.579,0.002201
1419.9,300.579,0.000522
1420.0,300.578,-0.0
1420.1,300.578,0.0
1420.2,300.578,0.0
1420.3,300.578,0.0
1420.4,300.578,0.0
1420.5,300.577,0.0
1420.6,300.577,0.0
1420.7,300.577,0.0
1420.8,300.577,0.0
1420.9,300.576,0.0
1421.0,300.576,0.0
1421.1,300.576,0.0
1421.2,300.576,0.0
1421.3,300.576,0.0
1421.4,300.575,0.0
1421.5,300.575,0.0
1421.6,300.575,0.0
1421.7,300.575,0.0
1421.8,300.575,0.0
1421.9,300.574,0.0
1422.0,300.574,0.0
1422.1,300.574,0.0
1422.2,300.574,0.0
1422.3,300.574,0.0
1422.4,300.573,0.0
1422.5,300.573,0.0
1422.6,300.573,0.0
1422.7,300.573,0.0
1422.8,300.573,0.0
1422.9,300.572,0.0
1423.0,300.572,0.0
1423.1,300.572,-0.000324
1423.2,300.572,-0.000401
1423.3,300.572,-0.000216
1423.4,300.571,0.000234
1423.5,300.571,0.000953
1423.6,300.571,0.001943
1423.7,300.571,0.003208
1423.8,300.571,0.004749
1423.9,300.57,0.00657
1424.0,300.57,0.008705
1424.1,300.57,0.012557
1424.2,300.57,0.017144
1424.3,300.57,0.022442
1424.4,300.57,0.028456
1424.5,300.569,0.035193
1424.6,300.569,0.042659
1424.7,300.569,0.050859
1424.8,300.569,0.059797
1424.9,300.569,0.069481
1425.0,300.569,0.080554
1425.1,300.569,0.093527
1425.2,300.569,0.108244
1425.3,300.569,0.124074
1425.4,300.569,0.141024
1425.5,300.569,0.159102
1425.6,300.569,0.178313
1425.7,300.569,0.198666
1425.8,300.569,0.220165
1425.9,300.569,0.242819
1426.0,300.569,0.265008
1426.1,300.57,0.259581
1426.2,300.57,0.252565
1426.3,300.57,0.245585
1426.4,300.57,0.238645
1426.5,300.57,0.23175
1426.6,300.571,0.224906
1426.7,300.571,0.218116
1426.8,300.571,0.211385
1426.9,300.571,0.204716
1427.0,300.571,0.197188
1427.1,300.571,0.179447
1427.2,300.572,0.16163
1427.3,300.572,0.144676
1427.4,300.572,0.128598
1427.5,300.572,0.11341
1427.6,300.572,0.099124
1427.7,300.572,0.085754
1427.8,300.572,0.07331
1427.9,300.571,0.061874
1428.0,300.571,0.051518
1428.1,300.571,0.042364
1428.2,300.571,0.034303
1428.3,300.571,0.027071
1428.4,300.571,0.020678
1428.5,300.571,0.01513
1428.6,300.57,0.010435
1428.7,300.57,0.0066
1428.8,300.57,0.003633
1428.9,300.57,0.001539
1429.0,300.57,0.000326
1429.1,300.57,0.000221
1429.2,300.569,0.000133
1429.3,300.569,6.1e-05
1429.4,300.569,6e-06
1429.5,300.569,-3.2e-05
1429.6,300.568,-5.5e-05
1429.7,300.568,-6.2e-05
1429.8,300.568,-5.3e-05
1429.9,300.568,-2.8e-05
1430.0,300.568,-0.0
1430.1,300.567,0.0
1430.2,300.567,0.0
1430.3,300.567,0.0
1430.4,300.567,0.0
1430.5,300.567,0.0
1430.6,300.566,0.0
1430.7,300.566,0.0
1430.8,300.566,0.0
1430.9,300.566,0.0
1431.0,300.566,0.0
1431.1,300.565,0.0
1431.2,300.565,0.0
1431.3,300.565,0.0
1431.4,300.565,0.0
1431.5,300.565,0.0
1431.6,300.564,0.0
1431.7,300.564,0.0
1431.8,300.564,0.0
1431.9,300.564,0.0
1432.0,300.564,0.0
1432.1,300.563,0.0
1432.2,300.563,0.0
1432.3,300.563,0.0
1432.4,300.563,0.0
1432.5,300.563,0.0
1432.6,300.562,0.0
1432.7,300.562,0.0
1432.8,300.562,0.0
1432.9,300.562,0.0
1433.0,300.562,0.0
1433.1,300.561,0.0
1433.2,300.561,0.0
1433.3,300.561,0.0
1433.4,300.561,0.0
1433.5,300.561,0.0
1433.6,300.56,0.0
1433.7,300.56,0.0
1433.8,300.56,0.0
1433.9,300.56,0.0
1434.0,300.56,0.0
1434.1,300.559,0.0
1434.2,300.559,0.0
1434.3,300.559,0.0
1434.4,300.559,0.0
1434.5,300.559,0.0
1434.6,300.558,0.0
1434.7,300.558,0.0
1434.8,300.558,0.0
1434.9,300.558,0.0
1435.0,300.558,0.0
1435.1,300.557,-0.000407
1435.2,300.557,-0.000724
1435.3,300.557,-0.000935
1435.4,300.557,-0.001041
1435.5,300.557,-0.001039
1435.6,300.556,-0.00093
1435.7,300.556,-0.000711
1435.8,300.556,-0.000382
1435.9,300.556,5.8e-05
1436.0,300.556,0.000597
1436.1,300.555,0.001157
1436.2,300.555,0.001782
1436.3,300.555,0.002487
1436.4,300.555,0.003272
1436.5,300.555,0.004139
1436.6,300.554,0.005087
1436.7,300.554,0.006118
1436.8,300.554,0.007231
1436.9,300.554,0.008427
1437.0,300.554,0.009585
1437.1,300.553,0.009138
1437.2,300.553,0.008581
1437.3,300.553,0.008034
1437.4,300.553,0.007499
1437.5,300.553,0.006977
1437.6,300.552,0.006468
1437.7,300.552,0.005971
1437.8,300.552,0.005489
1437.9,300.552,0.00502
1438.0,300.552,0.00455
1438.1,300.552,0.003676
1438.2,300.551,0.002859
1438.3,300.551,0.002113
1438.4,300.551,0.001441
1438.5,300.551,0.000843
1438.6,300.551,0.000321
1438.7,300.55,-0.000126
1438.8,300.55,-0.000495
1438.9,300.55,-0.000786
1439.0,300.55,-0.000999
1439.1,300.55,-0.001115
1439.2,300.549,-0.001182
1439.3,300.549,-0.001202
1439.4,300.549,-0.001174
1439.5,300.549,-0.001099
1439.6,300.549,-0.000975
1439.7,300.548,-0.000803
1439.8,300.548,-0.000581
1439.9,300.548,-0.00031
1440.0,300.548,-0.0
1440.1,300.547,0.0
1440.2,300.547,0.0
1440.3,300.547,0.0
1440.4,300.547,0.0
1440.5,300.547,0.0
1440.6,300.546,0.0
1440.7,300.546,0.0
1440.8,300.546,0.0
1440.9,300.546,0.0
1441.0,300.546,0.0
1441.1,300.545,0.0
1441.2,300.545,0.0
1441.3,300.545,0.0
1441.4,300.545,0.0
1441.5,300.545,0.0
1441.6,300.544,0.0
1441.7,300.544,0.0
1441.8,300.544,0.0
1441.9,300.544,0.0
1442.0,300.544,0.0
1442.1,300.543,-6.6e-05
1442.2,300.543,-0.000138
1442.3,300.543,-0.000211
1442.4,300.543,-0.000284
1442.5,300.543,-0.000356
1442.6,300.542,-0.000428
1442.7,300.542,-0.000498
1442.8,300.542,-0.000569
1442.9,300.542,-0.000638
1443.0,300.542,-0.000707
1443.1,300.541,-0.001003
1443.2,300.541,-0.001268
1443.3,300.541,-0.001503
1443.4,300.541,-0.001708
1443.5,300.541,-0.001881
1443.6,300.54,-0.002022
1443.7,300.54,-0.002131
1443.8,300.54,-0.002209
1443.9,300.54,-0.002253
1444.0,300.54,-0.002266
1444.1,300.539,-0.002275
1444.2,300.539,-0.002284
1444.3,300.539,-0.002293
1444.4,300.539,-0.002301
1444.5,300.539,-0.002309
1444.6,300.538,-0.002316
1444.7,300.538,-0.002323
1444.8,300.538,-0.002329
1444.9,300.538,-0.002334
1445.0,300.538,-0.002337
1445.1,300.537,-0.002283
1445.2,300.537,-0.002189
1445.3,300.537,-0.002056
1445.4,300.537,-0.001883
1445.5,300.537,-0.00167
1445.6,300.536,-0.001417
1445.7,300.536,-0.001123
1445.8,300.536,-0.000787
1445.9,300.536,-0.00041
1446.0,300.536,-0.0
1446.1,300.535,0.0
1446.2,300.535,0.0
1446.3,300.535,0.0
1446.4,300.535,0.0
1446.5,300.535,0.0
1446.6,300.534,0.0
1446.7,300.534,0.0
1446.8,300.534,0.0
1446.9,300.534,0.0
1447.0,300.534,0.0
1447.1,300.533,0.0
1447.2,300.533,0.0
1447.3,300.533,0.0
1447.4,300.533,0.0
1447.5,300.533,0.0
1447.6,300.532,0.0
1447.7,300.532,0.0
1447.8,300.532,0.0
1447.9,300.532,0.0
1448.0,300.532,0.0
1448.1,300.531,0.0
1448.2,300.531,0.0
1448.3,300.531,0.0
1448.4,300.531,0.0
1448.5,300.531,0.0
1448.6,300.53,0.0
1448.7,300.53,0.0
1448.8,300.53,0.0
1448.9,300.53,0.0
1449.0,300.53,0.0
1449.1,300.529,0.0
1449.2,300.529,0.0
1449.3,300.529,0.0
1449.4,300.529,0.0
1449.5,300.529,0.0
1449.6,300.528,0.0
1449.7,300.528,0.0
1449.8,300.528,0.0
1449.9,300.528,0.0
1450.0,300.528,0.0
1450.1,300.527,0.0
1450.2,300.527,0.0
1450.3,300.527,0.0
1450.4,300.527,0.0
1450.5,300.527,0.0
1450.6,300.526,0.0
1450.7,300.526,0.0
1450.8,300.526,0.0
1450.9,300.526,0.0
1451.0,300.526,0.0
1451.1,300.525,0.0
1451.2,300.525,0.0
1451.3,300.525,0.0
1451.4,300.525,0.0
1451.5,300.525,0.0
1451.6,300.524,0.0
1451.7,300.524,0.0
1451.8,300.524,0.0
1451.9,300.524,0.0
1452.0,300.524,0.0
1452.1,300.523,0.0
1452.2,300.523,0.0
1452.3,300.523,0.0
1452.4,300.523,0.0
1452.5,300.523,0.0
1452.6,300.522,0.0
1452.7,300.522,0.0
1452.8,300.522,0.0
1452.9,300.522,0.0
1453.0,300.522,0.0
1453.1,300.521,0.0
1453.2,300.521,0.0
1453.3,300.521,0.0
1453.4,300.521,0.0
1453.5,300.521,0.0
1453.6,300.52,0.0
1453.7,300.52,0.0
1453.8,300.52,0.0
1453.9,300.52,0.0
1454.0,300.52,0.0
1454.1,300.519,0.0
1454.2,300.519,0.0
1454.3,300.519,0.0
1454.4,300.519,0.0
1454.5,300.519,0.0
1454.6,300.518,0.0
1454.7,300.518,0.0
1454.8,300.518,0.0
1454.9,300.518,0.0
1455.0,300.518,0.0
1455.1,300.517,0.0
1455.2,300.517,0.0
1455.3,300.517,0.0
1455.4,300.517,0.0
1455.5,300.517,0.0
1455.6,300.516,0.0
1455.7,300.516,0.0
1455.8,300.516,0.0
1455.9,300.516,0.0
1456.0,300.516,0.0
1456.1,300.515,0.0
1456.2,300.515,0.0
1456.3,300.515,0.0
1456.4,300.515,0.0
1456.5,300.515,0.0
1456.6,300.515,0.0
1456.7,300.514,0.0
1456.8,300.514,0.0
1456.9,300.514,0.0
1457.0,300.514,0.0
1457.1,300.514,0.0
1457.2,300.513,0.0
1457.3,300.513,0.0
1457.4,300.513,0.0
1457.5,300.513,0.0
1457.6,300.513,0.0
1457.7,300.512,0.0
1457.8,300.512,0.0
1457.9,300.512,0.0
1458.0,300.512,0.0
1458.1,300.512,0.0
1458.2,300.511,0.0
1458.3,300.511,0.0
1458.4,300.511,0.0
1458.5,300.511,0.0
1458.6,300.511,0.0
1458.7,300.51,0.0
1458.8,300.51,0.0
1458.9,300.51,0.0
1459.0,300.51,0.0
1459.1,300.51,0.0
1459.2,300.509,0.0
1459.3,300.509,0.0
1459.4,300.509,0.0
1459.5,300.509,0.0
1459.6,300.509,0.0
1459.7,300.508,0.0
1459.8,300.508,0.0
1459.9,300.508,0.0
1460.0,300.508,0.0
1460.1,300.508,0.0
1460.2,300.507,0.0
1460.3,300.507,0.0
1460.4,300.507,0.0
1460.5,300.507,0.0
1460.6,300.507,0.0
1460.7,300.506,0.0
1460.8,300.506,0.0
1460.9,300.506,0.0
1461.0,300.506,0.0
1461.1,300.506,0.0
1461.2,300.505,0.0
1461.3,300.505,0.0
1461.4,300.505,0.0
1461.5,300.505,0.0
1461.6,300.505,0.0
1461.7,300.504,0.0
1461.8,300.504,0.0
1461.9,300.504,0.0
1462.0,300.504,0.0
1462.1,300.504,0.0
1462.2,300.503,0.0
1462.3,300.503,0.0
1462.4,300.503,0.0
1462.5,300.503,0.0
1462.6,300.503,0.0
1462.7,300.502,0.0
1462.8,300.502,0.0
1462.9,300.502,0.0
1463.0,300.502,0.0
1463.1,300.502,0.0
1463.2,300.501,0.0
1463.3,300.501,0.0
1463.4,300.501,0.0
1463.5,300.501,0.0
1463.6,300.501,0.0
1463.7,300.501,0.0
1463.8,300.5,0.0
1463.9,300.5,0.0
1464.0,300.5,0.0
1464.1,300.5,0.0
1464.2,300.5,0.0
1464.3,300.499,0.0
1464.4,300.499,0.0
1464.5,300.499,0.0
1464.6,300.499,0.0
1464.7,300.499,0.0
1464.8,300.498,0.0
1464.9,300.498,0.0
1465.0,300.498,0.0
1465.1,300.498,0.0
1465.2,300.498,0.0
1465.3,300.497,0.0
1465.4,300.497,0.0
1465.5,300.497,0.0
1465.6,300.497,0.0
1465.7,300.497,0.0
1465.8,300.496,0.0
1465.9,300.496,0.0
1466.0,300.496,0.0
1466.1,300.496,0.0
1466.2,300.496,0.0
1466.3,300.495,0.0
1466.4,300.495,0.0
1466.5,300.495,0.0
1466.6,300.495,0.0
1466.7,300.495,0.0
1466.8,300.494,0.0
1466.9,300.494,0.0
1467.0,300.494,0.0
1467.1,300.494,0.0
1467.2,300.494,0.0
1467.3,300.493,0.0
1467.4,300.493,0.0
1467.5,300.493,0.0
1467.6,300.493,0.0
1467.7,300.493,0.0
1467.8,300.492,0.0
1467.9,300.492,0.0
1468.0,300.492,0.0
1468.1,300.492,0.0
1468.2,300.492,0.0
1468.3,300.491,0.0
1468.4,300.491,0.0
1468.5,300.491,0.0
1468.6,300.491,0.0
1468.7,300.491,0.0
1468.8,300.491,0.0
1468.9,300.49,0.0
1469.0,300.49,0.0
1469.1,300.49,0.0
1469.2,300.49,0.0
1469.3,300.49,0.0
1469.4,300.489,0.0
1469.5,300.489,0.0
1469.6,300.489,0.0
1469.7,300.489,0.0
1469.8,300.489,0.0
1469.9,300.488,0.0
1470.0,300.488,0.0
1470.1,300.488,0.0
1470.2,300.488,0.0
1470.3,300.488,0.0
1470.4,300.487,0.0
1470.5,300.487,0.0
1470.6,300.487,0.0
1470.7,300.487,0.0
1470.8,300.487,0.0
1470.9,300.486,0.0
1471.0,300.486,0.0
1471.1,300.486,0.0
1471.2,300.486,0.0
1471.3,300.486,0.0
1471.4,300.485,0.0
1471.5,300.485,0.0
1471.6,300.485,0.0
1471.7,300.485,0.0
1471.8,300.485,0.0
1471.9,300.484,0.0
1472.0,300.484,0.0
1472.1,300.484,0.0
1472.2,300.484,0.0
1472.3,300.484,0.0
1472.4,300.483,0.0
1472.5,300.483,0.0
1472.6,300.483,0.0
1472.7,300.483,0.0
1472.8,300.483,0.0
1472.9,300.483,0.0
1473.0,300.482,0.0
1473.1,300.482,0.0
1473.2,300.482,0.0
1473.3,300.482,0.0
1473.4,300.482,0.0
1473.5,300.481,0.0
1473.6,300.481,0.0
1473.7,300.481,0.0
1473.8,300.481,0.0
1473.9,300.481,0.0
1474.0,300.48,0.0
1474.1,300.48,0.0
1474.2,300.48,0.0
1474.3,300.48,0.0
1474.4,300.48,0.0
1474.5,300.479,0.0
1474.6,300.479,0.0
1474.7,300.479,0.0
1474.8,300.479,0.0
1474.9,300.479,0.0
1475.0,300.478,0.0
1475.1,300.478,0.0
1475.2,300.478,0.0
1475.3,300.478,0.0
1475.4,300.478,0.0
1475.5,300.477,0.0
1475.6,300.477,0.0
1475.7,300.477,0.0
1475.8,300.477,0.0
1475.9,300.477,0.0
1476.0,300.476,0.0
1476.1,300.476,0.0
1476.2,300.476,0.0
1476.3,300.476,0.0
1476.4,300.476,0.0
1476.5,300.476,0.0
1476.6,300.475,0.0
1476.7,300.475,0.0
1476.8,300.475,0.0
1476.9,300.475,0.0
1477.0,300.475,0.0
1477.1,300.474,0.0
1477.2,300.474,0.0
1477.3,300.474,0.0
1477.4,300.474,0.0
1477.5,300.474,0.0
1477.6,300.473,0.0
1477.7,300.473,0.0
1477.8,300.473,0.0
1477.9,300.473,0.0
1478.0,300.473,0.0
1478.1,300.472,-0.000376
1478.2,300.472,-0.000753
1478.3,300.472,-0.001122
1478.4,300.472,-0.001483
1478.5,300.472,-0.001834
1478.6,300.471,-0.002176
1478.7,300.471,-0.002509
1478.8,300.471,-0.002832
1478.9,300.471,-0.003146
1479.0,300.471,-0.003447
1479.1,300.47,-0.003675
1479.2,300.47,-0.003892
1479.3,300.47,-0.004105
1479.4,300.47,-0.004312
1479.5,300.47,-0.004513
1479.6,300.469,-0.004708
1479.7,300.469,-0.004898
1479.8,300.469,-0.005083
1479.9,300.469,-0.005261
1480.0,300.469,-0.005427
1480.1,300.468,-0.005528
1480.2,300.468,-0.005621
1480.3,300.468,-0.005711
1480.4,300.468,-0.0058
1480.5,300.468,-0.005886
1480.6,300.467,-0.00597
1480.7,300.467,-0.006053
1480.8,300.467,-0.006133
1480.9,300.467,-0.006212
1481.0,300.467,-0.006276
1481.1,300.466,-0.006311
1481.2,300.466,-0.006334
1481.3,300.466,-0.006357
1481.4,300.466,-0.006379
1481.5,300.466,-0.006401
1481.6,300.465,-0.006423
1481.7,300.465,-0.006445
1481.8,300.465,-0.006467
1481.9,300.465,-0.006488
1482.0,300.465,-0.006509
1482.1,300.464,-0.006539
1482.2,300.464,-0.00657
1482.3,300.464,-0.0066
1482.4,300.464,-0.006629
1482.5,300.464,-0.006658
1482.6,300.463,-0.006687
1482.7,300.463,-0.006714
1482.8,300.463,-0.006738
1482.9,300.463,-0.006761
1483.0,300.462,-0.006784
1483.1,300.462,-0.006806
1483.2,300.462,-0.006827
1483.3,300.462,-0.006849
1483.4,300.462,-0.006867
1483.5,300.461,-0.006884
1483.6,300.461,-0.006901
1483.7,300.461,-0.006918
1483.8,300.461,-0.006934
1483.9,300.461,-0.00695
1484.0,300.46,-0.006978
1484.1,300.46,-0.007073
1484.2,300.46,-0.007173
1484.3,300.46,-0.007263
1484.4,300.46,-0.007345
1484.5,300.459,-0.007418
1484.6,300.459,-0.007482
1484.7,300.459,-0.007536
1484.8,300.459,-0.007582
1484.9,300.459,-0.007619
1485.0,300.458,-0.007652
1485.1,300.458,-0.00768
1485.2,300.458,-0.007694
1485.3,300.458,-0.007688
1485.4,300.458,-0.007661
1485.5,300.457,-0.007615
1485.6,300.457,-0.007548
1485.7,300.457,-0.00746
1485.8,300.457,-0.007352
1485.9,300.457,-0.007223
1486.0,300.456,-0.007058
1486.1,300.456,-0.006835
1486.2,300.456,-0.006552
1486.3,300.456,-0.006225
1486.4,300.456,-0.005853
1486.5,300.455,-0.005437
1486.6,300.455,-0.004976
1486.7,300.455,-0.00447
1486.8,300.455,-0.003919
1486.9,300.455,-0.003285
1487.0,300.454,-0.002599
1487.1,300.454,-0.001802
1487.2,300.454,-0.000849
1487.3,300.454,0.00018
1487.4,300.454,0.001285
1487.5,300.453,0.002468
1487.6,300.453,0.003727
1487.7,300.453,0.005064
1487.8,300.453,0.006479
1487.9,300.453,0.007972
1488.0,300.452,0.009605
1488.1,300.452,0.011644
1488.2,300.452,0.013872
1488.3,300.452,0.016229
1488.4,300.452,0.018717
1488.5,300.452,0.021335
1488.6,300.451,0.024084
1488.7,300.451,0.026965
1488.8,300.451,0.029978
1488.9,300.451,0.033169
1489.0,300.451,0.036511
1489.1,300.451,0.039992
1489.2,300.451,0.043613
1489.3,300.45,0.047374
1489.4,300.45,0.05131
1489.5,300.45,0.055395
1489.6,300.45,0.059625
1489.7,300.45,0.064001
1489.8,300.45,0.068522
1489.9,300.45,0.073305
1490.0,300.45,0.07825
1490.1,300.45,0.083349
1490.2,300.45,0.088605
1490.3,300.45,0.09402
1490.4,300.45,0.099682
1490.5,300.45,0.105507
1490.6,300.45,0.111495
1490.7,300.45,0.117648
1490.8,300.45,0.123965
1490.9,300.45,0.130447
1491.0,300.45,0.136264
1491.1,300.45,0.141237
1491.2,300.45,0.145439
1491.3,300.45,0.149698
1491.4,300.45,0.154013
1491.5,300.45,0.158385
1491.6,300.45,0.162813
1491.7,300.45,0.167095
1491.8,300.45,0.171398
1491.9,300.45,0.175752
1492.0,300.45,0.180157
1492.1,300.45,0.184613
1492.2,300.451,0.18912
1492.3,300.451,0.193486
1492.4,300.451,0.1977
1492.5,300.451,0.201956
1492.6,300.451,0.206255
1492.7,300.451,0.210596
1492.8,300.451,0.214979
1492.9,300.452,0.21925
1493.0,300.452,0.222449
1493.1,300.452,0.225664
1493.2,300.452,0.228859
1493.3,300.452,0.231364
1493.4,300.453,0.233874
1493.5,300.453,0.23639
1493.6,300.453,0.238912
1493.7,300.453,0.241439
1493.8,300.453,0.243974
1493.9,300.454,0.245636
1494.0,300.454,0.247204
1494.1,300.454,0.248768
1494.2,300.454,0.248995
1494.3,300.455,0.248945
1494.4,300.455,0.248881
1494.5,300.455,0.248803
1494.6,300.455,0.248712
1494.7,300.455,0.248609
1494.8,300.456,0.248494
1494.9,300.456,0.248428
1495.0,300.456,0.248469
1495.1,300.456,0.2485
1495.2,300.457,0.248521
1495.3,300.457,0.24864
1495.4,300.457,0.248758
1495.5,300.457,0.248868
1495.6,300.458,0.248969
1495.7,300.458,0.249052
1495.8,300.458,0.248732
1495.9,300.458,0.248402
1496.0,300.458,0.248063
1496.1,300.459,0.246756
1496.2,300.459,0.244224
1496.3,300.459,0.24169
1496.4,300.459,0.239153
1496.5,300.46,0.236569
1496.6,300.46,0.233793
1496.7,300.46,0.23102
1496.8,300.46,0.228248
1496.9,300.46,0.225478
1497.0,300.461,0.222712
1497.1,300.461,0.219949
1497.2,300.461,0.216743
1497.3,300.461,0.213181
1497.4,300.461,0.209634
1497.5,300.461,0.206102
1497.6,300.462,0.202586
1497.7,300.462,0.199086
1497.8,300.462,0.195603
1497.9,300.462,0.191913
1498.0,300.462,0.188175
1498.1,300.462,0.18446
1498.2,300.462,0.18032
1498.3,300.462,0.176074
1498.4,300.463,0.171864
1498.5,300.463,0.167575
1498.6,300.463,0.163291
1498.7,300.463,0.159049
1498.8,300.463,0.154917
1498.9,300.463,0.150881
1499.0,300.463,0.146886
1499.1,300.463,0.142743
1499.2,300.463,0.138255
1499.3,300.463,0.133826
1499.4,300.463,0.129456
1499.5,300.463,0.125147
1499.6,300.463,0.120873
1499.7,300.463,0.116655
1499.8,300.463,0.112502
1499.9,300.463,0.108515
1500.0,300.463,0.104853
1500.1,300.463,0.105075
1500.2,300.463,0.105556
1500.3,300.463,0.106219
1500.4,300.463,0.106891
1500.5,300.463,0.107571
1500.6,300.463,0.108297
1500.7,300.463,0.109046
1500.8,300.463,0.109802
1500.9,300.463,0.110507
1501.0,300.463,0.110621
1501.1,300.463,0.109021
1501.2,300.463,0.107151
1501.3,300.463,0.105175
1501.4,300.463,0.103284
1501.5,300.463,0.101464
1501.6,300.463,0.099655
1501.7,300.463,0.097858
1501.8,300.463,0.096202
1501.9,300.463,0.094602
1502.0,300.463,0.093012
1502.1,300.463,0.093762
1502.2,300.463,0.095456
1502.3,300.463,0.097233
1502.4,300.463,0.099034
1502.5,300.463,0.100739
1502.6,300.463,0.102408
1502.7,300.463,0.104098
1502.8,300.463,0.105809
1502.9,300.463,0.10754
1503.0,300.463,0.109291
1503.1,300.463,0.109149
1503.2,300.463,0.108353
1503.3,300.463,0.107711
1503.4,300.463,0.107067
1503.5,300.463,0.106423
1503.6,300.463,0.105778
1503.7,300.463,0.105031
1503.8,300.463,0.104268
1503.9,300.463,0.103505
1504.0,300.463,0.102741
1504.1,300.463,0.101978
1504.2,300.463,0.101215
1504.3,300.463,0.100451
1504.4,300.463,0.099688
1504.5,300.462,0.098927
1504.6,300.462,0.09817
1504.7,300.462,0.097414
1504.8,300.462,0.096658
1504.9,300.462,0.095902
1505.0,300.462,0.095416
1505.1,300.462,0.095261
1505.2,300.462,0.095738
1505.3,300.462,0.096181
1505.4,300.462,0.096618
1505.5,300.462,0.097058
1505.6,300.462,0.097472
1505.7,300.462,0.09787
1505.8,300.462,0.09827
1505.9,300.462,0.098672
1506.0,300.462,0.099461
1506.1,300.462,0.100666
1506.2,300.462,0.102577
1506.3,300.462,0.104474
1506.4,300.462,0.106173
1506.5,300.462,0.107723
1506.6,300.462,0.109692
1506.7,300.462,0.111685
1506.8,300.462,0.113651
1506.9,300.462,0.115602
1507.0,300.462,0.117574
1507.1,300.462,0.119568
1507.2,300.462,0.121584
1507.3,300.462,0.123622
1507.4,300.462,0.125731
1507.5,300.462,0.127918
1507.6,300.462,0.130129
1507.7,300.462,0.132363
1507.8,300.462,0.134622
1507.9,300.462,0.136904
1508.0,300.462,0.139582
1508.1,300.462,0.14298
1508.2,300.462,0.147412
1508.3,300.462,0.151517
1508.4,300.462,0.155648
1508.5,300.462,0.159958
1508.6,300.462,0.164338
1508.7,300.463,0.168787
1508.8,300.463,0.173306
1508.9,300.463,0.177961
1509.0,300.463,0.183891
1509.1,300.463,0.191415
1509.2,300.463,0.200507
1509.3,300.463,0.209834
1509.4,300.463,0.219399
1509.5,300.464,0.229202
1509.6,300.464,0.239244
1509.7,300.464,0.249526
1509.8,300.464,0.260049
1509.9,300.464,0.270814
1510.0,300.465,0.282147
1510.1,300.465,0.294296
1510.2,300.465,0.30673
1510.3,300.466,0.319448
1510.4,300.466,0.332566
1510.5,300.466,0.345978
1510.6,300.467,0.359684
1510.7,300.467,0.373684
1510.8,300.468,0.387979
1510.9,300.468,0.40257
1511.0,300.469,0.417717
1511.1,300.469,0.434383
1511.2,300.47,0.451408
1511.3,300.47,0.468798
1511.4,300.471,0.486639
1511.5,300.471,0.504848
1511.6,300.472,0.523425
1511.7,300.473,0.542371
1511.8,300.473,0.561688
1511.9,300.474,0.581376
1512.0,300.475,0.60046
1512.1,300.476,0.619548
1512.2,300.477,0.638963
1512.3,300.478,0.658708
1512.4,300.478,0.678781
1512.5,300.479,0.699018
1512.6,300.48,0.719503
1512.7,300.481,0.740312
1512.8,300.483,0.761447
1512.9,300.484,0.782908
1513.0,300.485,0.801212
1513.1,300.486,0.815744
1513.2,300.487,0.826869
1513.3,300.488,0.838059
1513.4,300.489,0.849315
1513.5,300.491,0.860638
1513.6,300.492,0.872029
1513.7,300.493,0.883488
1513.8,300.495,0.895015
1513.9,300.496,0.905163
1514.0,300.497,0.912897
1514.1,300.499,0.915669
1514.2,300.5,0.913031
1514.3,300.501,0.910344
1514.4,300.503,0.907611
1514.5,300.504,0.904834
1514.6,300.505,0.902016
1514.7,300.507,0.899157
1514.8,300.508,0.896261
1514.9,300.509,0.893328
1515.0,300.511,0.886233
1515.1,300.512,0.870749
1515.2,300.513,0.851273
1515.3,300.514,0.831926
1515.4,300.516,0.812713
1515.5,300.517,0.793641
1515.6,300.518,0.774716
1515.7,300.519,0.755944
1515.8,300.52,0.737329
1515.9,300.521,0.719926
1516.0,300.522,0.703606
1516.1,300.523,0.692854
1516.2,300.524,0.685124
1516.3,300.525,0.677412
1516.4,300.526,0.669718
1516.5,300.527,0.662044
1516.6,300.528,0.654389
1516.7,300.529,0.646755
1516.8,300.53,0.639142
1516.9,300.531,0.631552
1517.0,300.531,0.623136
1517.1,300.532,0.61085
1517.2,300.533,0.597877
1517.3,300.534,0.584973
1517.4,300.535,0.572171
1517.5,300.536,0.559473
1517.6,300.536,0.54688
1517.7,300.537,0.534394
1517.8,300.538,0.522018
1517.9,300.538,0.510168
1518.0,300.539,0.500445
1518.1,300.54,0.495954
1518.2,300.54,0.494304
1518.3,300.541,0.492662
1518.4,300.542,0.491027
1518.5,300.542,0.489398
1518.6,300.543,0.487775
1518.7,300.543,0.486157
1518.8,300.544,0.484544
1518.9,300.545,0.482935
1519.0,300.545,0.480601
1519.1,300.546,0.471653
1519.2,300.547,0.462049
1519.3,300.547,0.452517
1519.4,300.548,0.443058
1519.5,300.548,0.433673
1519.6,300.549,0.424364
1519.7,300.549,0.415132
1519.8,300.55,0.405996
1519.9,300.55,0.397315
1520.0,300.551,0.388707
1520.1,300.551,0.385263
1520.2,300.552,0.382626
1520.3,300.552,0.379998
1520.4,300.553,0.377379
1520.5,300.553,0.374769
1520.6,300.553,0.372167
1520.7,300.554,0.369574
1520.8,300.554,0.366988
1520.9,300.555,0.36441
1521.0,300.555,0.360047
1521.1,300.556,0.348898
1521.2,300.556,0.336158
1521.3,300.556,0.323615
1521.4,300.557,0.311273
1521.5,300.557,0.299135
1521.6,300.557,0.287204
1521.7,300.558,0.275481
1521.8,300.558,0.26397
1521.9,300.558,0.252672
1522.0,300.558,0.241748
1522.1,300.558,0.232897
1522.2,300.559,0.224343
1522.3,300.559,0.21593
1522.4,300.559,0.207659
1522.5,300.559,0.19953
1522.6,300.559,0.191545
1522.7,300.559,0.183705
1522.8,300.56,0.17601
1522.9,300.56,0.168463
1523.0,300.56,0.160437
1523.1,300.56,0.144651
1523.2,300.56,0.129042
1523.3,300.56,0.114242
1523.4,300.56,0.100261
1523.5,300.56,0.087105
1523.6,300.56,0.074781
1523.7,300.56,0.063297
1523.8,300.56,0.052659
1523.9,300.559,0.042874
1524.0,300.559,0.034054
1524.1,300.559,0.029217
1524.2,300.559,0.024779
1524.3,300.559,0.020638
1524.4,300.559,0.016793
1524.5,300.559,0.013245
1524.6,300.558,0.009997
1524.7,300.558,0.007049
1524.8,300.558,0.004402
1524.9,300.558,0.002057
1525.0,300.558,0.0
1525.1,300.557,0.0
1525.2,300.557,0.0
1525.3,300.557,0.0
1525.4,300.557,0.0
1525.5,300.557,0.0
1525.6,300.556,0.0
1525.7,300.556,0.0
1525.8,300.556,0.0
1525.9,300.556,0.0
1526.0,300.556,0.0
1526.1,300.555,0.0
1526.2,300.555,0.0
1526.3,300.555,0.0
1526.4,300.555,0.0
1526.5,300.555,0.0
1526.6,300.554,0.0
1526.7,300.554,0.0
1526.8,300.554,0.0
1526.9,300.554,0.0
1527.0,300.554,0.0
1527.1,300.553,0.0
1527.2,300.553,0.0
1527.3,300.553,0.0
1527.4,300.553,0.0
1527.5,300.552,0.0
1527.6,300.552,0.0
1527.7,300.552,0.0
1527.8,300.552,0.0
1527.9,300.552,0.0
1528.0,300.551,0.0
1528.1,300.551,0.0
1528.2,300.551,0.0
1528.3,300.551,0.0
1528.4,300.551,0.0
1528.5,300.55,0.0
1528.6,300.55,0.0
1528.7,300.55,0.0
1528.8,300.55,0.0
1528.9,300.55,0.0
1529.0,300.549,0.0
1529.1,300.549,0.0
1529.2,300.549,0.0
1529.3,300.549,0.0
1529.4,300.549,0.0
1529.5,300.548,0.0
1529.6,300.548,0.0
1529.7,300.548,0.0
1529.8,300.548,0.0
1529.9,300.548,0.0
1530.0,300.547,0.0
1530.1,300.547,0.001014
1530.2,300.547,0.002197
1530.3,300.547,0.003567
1530.4,300.547,0.005126
1530.5,300.546,0.006878
1530.6,300.546,0.008823
1530.7,300.546,0.010965
1530.8,300.546,0.013305
1530.9,300.546,0.015845
1531.0,300.546,0.018673
1531.1,300.545,0.021735
1531.2,300.545,0.025116
1531.3,300.545,0.028733
1531.4,300.545,0.032587
1531.5,300.545,0.036681
1531.6,300.545,0.041016
1531.7,300.544,0.045595
1531.8,300.544,0.050419
1531.9,300.544,0.055489
1532.0,300.544,0.061102
1532.1,300.544,0.06774
1532.2,300.544,0.075054
1532.3,300.544,0.082754
1532.4,300.544,0.090844
1532.5,300.544,0.099326
1532.6,300.544,0.108201
1532.7,300.544,0.117476
1532.8,300.544,0.127154
1532.9,300.544,0.137233
1533.0,300.544,0.147717
1533.1,300.544,0.159182
1533.2,300.544,0.171124
1533.3,300.544,0.183521
1533.4,300.544,0.196378
1533.5,300.544,0.209695
1533.6,300.544,0.223475
1533.7,300.544,0.237721
1533.8,300.545,0.252435
1533.9,300.545,0.267913
1534.0,300.545,0.284149
1534.1,300.545,0.305803
1534.2,300.546,0.329241
1534.3,300.546,0.353598
1534.4,300.546,0.378878
1534.5,300.547,0.405084
1534.6,300.547,0.43214
1534.7,300.548,0.460127
1534.8,300.548,0.489051
1534.9,300.549,0.518916
1535.0,300.55,0.549727
1535.1,300.551,0.578327
1535.2,300.551,0.607185
1535.3,300.552,0.636794
1535.4,300.553,0.66716
1535.5,300.554,0.698283
1535.6,300.555,0.729943
1535.7,300.556,0.76223
1535.8,300.557,0.795267
1535.9,300.558,0.829058
1536.0,300.559,0.863605
1536.1,300.561,0.89597
1536.2,300.562,0.927151
1536.3,300.563,0.958903
1536.4,300.565,0.991229
1536.5,300.566,1.024131
1536.6,300.568,1.057609
1536.7,300.569,1.091665
1536.8,300.571,1.127822
1536.9,300.573,1.165013
1537.0,300.574,1.202857
1537.1,300.576,1.241356
1537.2,300.578,1.280511
1537.3,300.58,1.321527
1537.4,300.582,1.364386
1537.5,300.584,1.407984
1537.6,300.586,1.452325
1537.7,300.589,1.497413
1537.8,300.591,1.542819
1537.9,300.593,1.587558
1538.0,300.596,1.632993
1538.1,300.598,1.66989
1538.2,300.601,1.702943
1538.3,300.604,1.73633
1538.4,300.606,1.770052
1538.5,300.609,1.804111
1538.6,300.612,1.838508
1538.7,300.615,1.874115
1538.8,300.618,1.912758
1538.9,300.621,1.951824
1539.0,300.624,1.991314
1539.1,300.627,2.03123
1539.2,300.63,2.07343
1539.3,300.634,2.121243
1539.4,300.637,2.169658
1539.5,300.64,2.218675
1539.6,300.644,2.268296
1539.7,300.648,2.318523
1539.8,300.651,2.369357
1539.9,300.655,2.420799
1540.0,300.659,2.466546
1540.1,300.663,2.501173
1540.2,300.667,2.53118
1540.3,300.671,2.560578
1540.4,300.675,2.590124
1540.5,300.679,2.61982
1540.6,300.684,2.649587
1540.7,300.688,2.676486
1540.8,300.692,2.703496
1540.9,300.696,2.730619
1541.0,300.701,2.757855
1541.1,300.705,2.780045
1541.2,300.71,2.789526
1541.3,300.714,2.798944
1541.4,300.719,2.808302
1541.5,300.723,2.817603
1541.6,300.728,2.82685
1541.7,300.732,2.836045
1541.8,300.737,2.845191
1541.9,300.742,2.85429
1542.0,300.746,2.856723
1542.1,300.751,2.835459
1542.2,300.755,2.807549
1542.3,300.76,2.779618
1542.4,300.764,2.751678
1542.5,300.769,2.723724
1542.6,300.773,2.695751
1542.7,300.778,2.667764
1542.8,300.782,2.639772
1542.9,300.786,2.61178
1543.0,300.79,2.573787
1543.1,300.794,2.515368
1543.2,300.798,2.447611
1543.3,300.802,2.38051
1543.4,300.806,2.314083
1543.5,300.81,2.248347
1543.6,300.813,2.183318
1543.7,300.817,2.119552
1543.8,300.82,2.056851
1543.9,300.824,1.99488
1544.0,300.827,1.933651
1544.1,300.83,1.887668
1544.2,300.833,1.845094
1544.3,300.836,1.802885
1544.4,300.838,1.761045
1544.5,300.841,1.719571
1544.6,300.844,1.678477
1544.7,300.846,1.637768
1544.8,300.849,1.598393
1544.9,300.851,1.561419
1545.0,300.854,1.524789
1545.1,300.856,1.490921
1545.2,300.859,1.463982
1545.3,300.861,1.437237
1545.4,300.863,1.410687
1545.5,300.865,1.384334
1545.6,300.867,1.358179
1545.7,300.869,1.332223
1545.8,300.871,1.306466
1545.9,300.873,1.28327
1546.0,300.875,1.262944
1546.1,300.877,1.243423
1546.2,300.879,1.231315
1546.3,300.881,1.219263
1546.4,300.883,1.207265
1546.5,300.885,1.19532
1546.6,300.886,1.183427
1546.7,300.888,1.171586
1546.8,300.89,1.159795
1546.9,300.892,1.148054
1547.0,300.893,1.141379
1547.1,300.895,1.146086
1547.2,300.897,1.15589
1547.3,300.899,1.165786
1547.4,300.9,1.175774
1547.5,300.902,1.185852
1547.6,300.904,1.196018
1547.7,300.906,1.206271
1547.8,300.907,1.216609
1547.9,300.909,1.227031
1548.0,300.911,1.234097
1548.1,300.913,1.239635
1548.2,300.915,1.244337
1548.3,300.917,1.247774
1548.4,300.919,1.251228
1548.5,300.92,1.254699
1548.6,300.922,1.258188
1548.7,300.924,1.261692
1548.8,300.926,1.265211
1548.9,300.928,1.270784
1549.0,300.93,1.278045
1549.1,300.932,1.291932
1549.2,300.934,1.311747
1549.3,300.936,1.331766
1549.4,300.938,1.351986
1549.5,300.94,1.372408
1549.6,300.942,1.393031
1549.7,300.944,1.413855
1549.8,300.946,1.434879
1549.9,300.948,1.456104
1550.0,300.951,1.475339
1550.1,300.953,1.483277
1550.2,300.955,1.489041
1550.3,300.957,1.494812
1550.4,300.96,1.500592
1550.5,300.962,1.506869
1550.6,300.964,1.513235
1550.7,300.967,1.519614
1550.8,300.969,1.526005
1550.9,300.971,1.53241
1551.0,300.974,1.538829
1551.1,300.976,1.55025
1551.2,300.978,1.565103
1551.3,300.981,1.580052
1551.4,300.983,1.595096
1551.5,300.986,1.610238
1551.6,300.988,1.625244
1551.7,300.991,1.640094
1551.8,300.993,1.655034
1551.9,300.996,1.670062
1552.0,300.998,1.685178
1552.1,301.001,1.685126
1552.2,301.003,1.682854
1552.3,301.006,1.680551
1552.4,301.009,1.678216
1552.5,301.011,1.675853
1552.6,301.014,1.673462
1552.7,301.016,1.671044
1552.8,301.019,1.6686
1552.9,301.022,1.669345
1553.0,301.024,1.67313
1553.1,301.027,1.679355
1553.2,301.029,1.695138
1553.3,301.032,1.711025
1553.4,301.035,1.727016
1553.5,301.037,1.74311
1553.6,301.04,1.759306
1553.7,301.043,1.775606
1553.8,301.045,1.792008
1553.9,301.048,1.808611
1554.0,301.051,1.825988
1554.1,301.054,1.843477
1554.2,301.057,1.861075
1554.3,301.06,1.878783
1554.4,301.062,1.896601
1554.5,301.065,1.914528
1554.6,301.068,1.932565
1554.7,301.071,1.951919
1554.8,301.074,1.973144
1554.9,301.078,1.994516
1555.0,301.081,2.016035
1555.1,301.084,2.0377
1555.2,301.087,2.067531
1555.3,301.09,2.098552
1555.4,301.094,2.129859
1555.5,301.097,2.161451
1555.6,301.1,2.193328
1555.7,301.104,2.225491
1555.8,301.107,2.257938
1555.9,301.111,2.288539
1556.0,301.114,2.316076
1556.1,301.118,2.343812
1556.2,301.122,2.371746
1556.3,301.125,2.396331
1556.4,301.129,2.420852
1556.5,301.133,2.445521
1556.6,301.137,2.470482
1556.7,301.141,2.495743
1556.8,301.145,2.521155
1556.9,301.149,2.546719
1557.0,301.153,2.572435
1557.1,301.157,2.622626
1557.2,301.161,2.674774
1557.3,301.165,2.727527
1557.4,301.17,2.780886
1557.5,301.174,2.834852
1557.6,301.179,2.889427
1557.7,301.183,2.94461
1557.8,301.188,3.000223
1557.9,301.193,3.049146
1558.0,301.198,3.098529
1558.1,301.203,3.148373
1558.2,301.208,3.183962
1558.3,301.213,3.21938
1558.4,301.218,3.25501
1558.5,301.223,3.290854
1558.6,301.229,3.326916
1558.7,301.234,3.363196
1558.8,301.239,3.399697
1558.9,301.245,3.433548
1559.0,301.25,3.462566
1559.1,301.256,3.491707
1559.2,301.261,3.520971
1559.3,301.267,3.547597
1559.4,301.273,3.572516
1559.5,301.279,3.597511
1559.6,301.284,3.622585
1559.7,301.29,3.647737
1559.8,301.296,3.672968
1559.9,301.302,3.69828
1560.0,301.308,3.723706
1560.1,301.314,3.74956
1560.2,301.32,3.775501
1560.3,301.326,3.801529
1560.4,301.332,3.827694
1560.5,301.339,3.854045
1560.6,301.345,3.880487
1560.7,301.351,3.907021
1560.8,301.357,3.933646
1560.9,301.364,3.960364
1561.0,301.37,3.987175
1561.1,301.377,4.01408
1561.2,301.383,4.041078
1561.3,301.39,4.071452
1561.4,301.396,4.102854
1561.5,301.403,4.134392
1561.6,301.41,4.166068
1561.7,301.416,4.197881
1561.8,301.423,4.229832
1561.9,301.43,4.26192
1562.0,301.437,4.294147
1562.1,301.444,4.326516
1562.2,301.451,4.35905
1562.3,301.458,4.402589
1562.4,301.465,4.449373
1562.5,301.472,4.49646
1562.6,301.48,4.543848
1562.7,301.487,4.591538
1562.8,301.494,4.63953
1562.9,301.502,4.687822
1563.0,301.51,4.730561
1563.1,301.517,4.76614
1563.2,301.525,4.801863
1563.3,301.533,4.837154
1563.4,301.541,4.87099
1563.5,301.549,4.904952
1563.6,301.557,4.939041
1563.7,301.565,4.973255
1563.8,301.573,5.007594
1563.9,301.581,5.042058
1564.0,301.589,5.077098
1564.1,301.597,5.112307
1564.2,301.606,5.147629
1564.3,301.614,5.183075
1564.4,301.622,5.218646
1564.5,301.631,5.257881
1564.6,301.639,5.298233
1564.7,301.648,5.338762
1564.8,301.657,5.379469
1564.9,301.666,5.420353
1565.0,301.674,5.461415
1565.1,301.683,5.502653
1565.2,301.692,5.551129
1565.3,301.701,5.609366
1565.4,301.71,5.667977
1565.5,301.72,5.726959
1565.6,301.729,5.786312
1565.7,301.739,5.846034
1565.8,301.748,5.906127
1565.9,301.758,5.96659
1566.0,301.767,6.002646
1566.1,301.777,6.027806
1566.2,301.787,6.02814
1566.3,301.797,6.028353
1566.4,301.807,6.028447
1566.5,301.817,6.028427
1566.6,301.826,6.028468
1566.7,301.836,6.028592
1566.8,301.846,6.028614
1566.9,301.856,6.028538
1567.0,301.866,6.028368
1567.1,301.876,6.043318
1567.2,301.886,6.059855
1567.3,301.895,6.076384
1567.4,301.905,6.092903
1567.5,301.915,6.109411
1567.6,301.925,6.125907
1567.7,301.935,6.142392
1567.8,301.945,6.158866
1567.9,301.955,6.17533
1568.0,301.965,6.191101
1568.1,301.975,6.205813
1568.2,301.986,6.220507
1568.3,301.996,6.235183
1568.4,302.006,6.249842
1568.5,302.016,6.264484
1568.6,302.026,6.279111
1568.7,302.037,6.293722
1568.8,302.047,6.307008
1568.9,302.057,6.32005
1569.0,302.067,6.33307
1569.1,302.078,6.346068
1569.2,302.088,6.359045
1569.3,302.098,6.372001
1569.4,302.109,6.384936
1569.5,302.119,6.397851
1569.6,302.13,6.410746
1569.7,302.14,6.423622
1569.8,302.151,6.434743
1569.9,302.161,6.445544
1570.0,302.172,6.456317
1570.1,302.182,6.467062
1570.2,302.193,6.477782
1570.3,302.203,6.488478
1570.4,302.214,6.49915
1570.5,302.224,6.509796
1570.6,302.235,6.520418
1570.7,302.246,6.531015
1570.8,302.256,6.539838
1570.9,302.267,6.548334
1571.0,302.278,6.556797
1571.1,302.288,6.565228
1571.2,302.299,6.573635
1571.3,302.31,6.582023
1571.4,302.32,6.590386
1571.5,302.331,6.598718
1571.6,302.342,6.607017
1571.7,302.353,6.615284
1571.8,302.363,6.614826
1571.9,302.374,6.612835
1572.0,302.385,6.610778
1572.1,302.396,6.595125
1572.2,302.406,6.552142
1572.3,302.417,6.509091
1572.4,302.428,6.465975
1572.5,302.438,6.422809
1572.6,302.449,6.379607
1572.7,302.459,6.336381
1572.8,302.469,6.293136
1572.9,302.479,6.25679
1573.0,302.49,6.223872
1573.1,302.5,6.190921
1573.2,302.51,6.157941
1573.3,302.52,6.126653
1573.4,302.53,6.099891
1573.5,302.54,6.073098
1573.6,302.549,6.046275
1573.7,302.559,6.019424
1573.8,302.569,5.990767
1573.9,302.579,5.961849
1574.0,302.588,5.932911
1574.1,302.598,5.903955
1574.2,302.607,5.874985
1574.3,302.617,5.845105
1574.4,302.626,5.813899
1574.5,302.636,5.782687
1574.6,302.645,5.751471
1574.7,302.654,5.720255
1574.8,302.664,5.689038
1574.9,302.673,5.645241
1575.0,302.682,5.600507
1575.1,302.691,5.555826
1575.2,302.7,5.510592
1575.3,302.709,5.452867
1575.4,302.717,5.395293
1575.5,302.726,5.337872
1575.6,302.735,5.280607
1575.7,302.743,5.223499
1575.8,302.752,5.166554
1575.9,302.76,5.109776
1576.0,302.768,5.059863
1576.1,302.776,5.01674
1576.2,302.784,4.97371
1576.3,302.792,4.932092
1576.4,302.8,4.891887
1576.5,302.808,4.851768
1576.6,302.816,4.811737
1576.7,302.823,4.771794
1576.8,302.831,4.731941
1576.9,302.838,4.691074
1577.0,302.846,4.649176
1577.1,302.853,4.607384
1577.2,302.861,4.565701
1577.3,302.868,4.524102
1577.4,302.875,4.48154
1577.5,302.882,4.439097
1577.6,302.889,4.396775
1577.7,302.896,4.354576
1577.8,302.903,4.312502
1577.9,302.91,4.270554
1578.0,302.917,4.244207
1578.1,302.923,4.223508
1578.2,302.93,4.218277
1578.3,302.937,4.213082
1578.4,302.943,4.207921
1578.5,302.95,4.20279
1578.6,302.957,4.197686
1578.7,302.963,4.192497
1578.8,302.97,4.187321
1578.9,302.977,4.182165
1579.0,302.983,4.177029
1579.1,302.99,4.133362
1579.2,302.996,4.089388
1579.3,303.003,4.045547
1579.4,303.009,4.001842
1579.5,303.015,3.958275
1579.6,303.022,3.914851
1579.7,303.028,3.871573
1579.8,303.034,3.828443
1579.9,303.04,3.791803
1580.0,303.046,3.756257
1580.1,303.052,3.752989
1580.2,303.057,3.763366
1580.3,303.063,3.773819
1580.4,303.069,3.784338
1580.5,303.075,3.794919
1580.6,303.081,3.805563
1580.7,303.087,3.816269
1580.8,303.093,3.82627
1580.9,303.099,3.83503
1581.0,303.105,3.84384
1581.1,303.111,3.805138
1581.2,303.117,3.761675
1581.3,303.123,3.718348
1581.4,303.129,3.67516
1581.5,303.134,3.632116
1581.6,303.14,3.58922
1581.7,303.146,3.550395
1581.8,303.151,3.511884
1581.9,303.157,3.473499
1582.0,303.162,3.435245
1582.1,303.167,3.397122
1582.2,303.173,3.365342
1582.3,303.178,3.338458
1582.4,303.183,3.311643
1582.5,303.188,3.284897
1582.6,303.193,3.258222
1582.7,303.198,3.231619
1582.8,303.203,3.205048
1582.9,303.208,3.178504
1583.0,303.213,3.152034
1583.1,303.218,3.124961
1583.2,303.223,3.097761
1583.3,303.227,3.070642
1583.4,303.232,3.043604
1583.5,303.237,3.016649
1583.6,303.241,2.989508
1583.7,303.246,2.96239
1583.8,303.25,2.935359
1583.9,303.255,2.908416
1584.0,303.259,2.88156
1584.1,303.264,2.854793
1584.2,303.268,2.828116
1584.3,303.272,2.801528
1584.4,303.277,2.773554
1584.5,303.281,2.745337
1584.6,303.285,2.717222
1584.7,303.289,2.689213
1584.8,303.293,2.661311
1584.9,303.297,2.633517
1585.0,303.301,2.605831
1585.1,303.305,2.578255
1585.2,303.309,2.55079
1585.3,303.313,2.523436
1585.4,303.316,2.497505
1585.5,303.32,2.471983
1585.6,303.324,2.446562
1585.7,303.327,2.421243
1585.8,303.331,2.396026
1585.9,303.335,2.370913
1586.0,303.338,2.349557
1586.1,303.342,2.332394
1586.2,303.345,2.319755
1586.3,303.348,2.310807
1586.4,303.352,2.299883
1586.5,303.355,2.287815
1586.6,303.359,2.275784
1586.7,303.362,2.26379
1586.8,303.365,2.253211
1586.9,303.369,2.245041
1587.0,303.372,2.236873
1587.1,303.375,2.230228
1587.2,303.379,2.232504
1587.3,303.382,2.234807
1587.4,303.385,2.237136
1587.5,303.388,2.239496
1587.6,303.392,2.241885
1587.7,303.395,2.244302
1587.8,303.398,2.24866
1587.9,303.402,2.254428
1588.0,303.405,2.260233
1588.1,303.408,2.269038
1588.2,303.412,2.286435
1588.3,303.415,2.303942
1588.4,303.418,2.321555
1588.5,303.422,2.339275
1588.6,303.425,2.357101
1588.7,303.429,2.375031
1588.8,303.432,2.393064
1588.9,303.436,2.411201
1589.0,303.439,2.423671
1589.1,303.443,2.433668
1589.2,303.446,2.441203
1589.3,303.45,2.447121
1589.4,303.454,2.453057
1589.5,303.457,2.459011
1589.6,303.461,2.464981
1589.7,303.465,2.470965
1589.8,303.468,2.478404
1589.9,303.472,2.48881
1590.0,303.476,2.499254
1590.1,303.479,2.510382
1590.2,303.483,2.531838
1590.3,303.487,2.553418
1590.4,303.491,2.575122
1590.5,303.495,2.59695
1590.6,303.498,2.6189
1590.7,303.502,2.640973
1590.8,303.506,2.663167
1590.9,303.51,2.68494
1591.0,303.514,2.69719
1591.1,303.518,2.701856
1591.2,303.522,2.694463
1591.3,303.526,2.691756
1591.4,303.53,2.690855
1591.5,303.534,2.688602
1591.6,303.538,2.674645
1591.7,303.542,2.660677
1591.8,303.546,2.663051
1591.9,303.55,2.670709
1592.0,303.554,2.678388
1592.1,303.558,2.689975
1592.2,303.562,2.713653
1592.3,303.567,2.712728
1592.4,303.571,2.74217
1592.5,303.575,2.772592
1592.6,303.579,2.803141
1592.7,303.583,2.825771
1592.8,303.587,2.848524
1592.9,303.592,2.871397
1593.0,303.596,2.894176
1593.1,303.6,2.893569
1593.2,303.605,2.892941
1593.3,303.609,2.892293
1593.4,303.613,2.891626
1593.5,303.618,2.890942
1593.6,303.622,2.890242
1593.7,303.626,2.884625
1593.8,303.631,2.876121
1593.9,303.635,2.867582
1594.0,303.639,2.858997
1594.1,303.644,2.834666
1594.2,303.648,2.798559
1594.3,303.652,2.76257
1594.4,303.656,2.731439
1594.5,303.66,2.700877
1594.6,303.664,2.670405
1594.7,303.668,2.640029
1594.8,303.672,2.609751
1594.9,303.676,2.580657
1595.0,303.68,2.552152
1595.1,303.684,2.5365
1595.2,303.688,2.534964
1595.3,303.691,2.533444
1595.4,303.695,2.531938
1595.5,303.699,2.516844
1595.6,303.703,2.500771
1595.7,303.706,2.497838
1595.8,303.71,2.496327
1595.9,303.714,2.494829
1596.0,303.717,2.481621
1596.1,303.721,2.440025
1596.2,303.725,2.405764
1596.3,303.728,2.345276
1596.4,303.732,2.308797
1596.5,303.735,2.270315
1596.6,303.738,2.224855
1596.7,303.741,2.179738
1596.8,303.745,2.13497
1596.9,303.748,2.090555
1597.0,303.751,2.046499
1597.1,303.754,2.007599
1597.2,303.757,1.994813
1597.3,303.759,1.966503
1597.4,303.762,1.948821
1597.5,303.765,1.931354
1597.6,303.768,1.913959
1597.7,303.77,1.896636
1597.8,303.773,1.879384
1597.9,303.776,1.858295
1598.0,303.778,1.836739
1598.1,303.781,1.815287
1598.2,303.783,1.793939
1598.3,303.786,1.772697
1598.4,303.788,1.75156
1598.5,303.791,1.730529
1598.6,303.793,1.709604
1598.7,303.796,1.688785
1598.8,303.798,1.668075
1598.9,303.8,1.647897
1599.0,303.803,1.627885
1599.1,303.805,1.607977
1599.2,303.807,1.588174
1599.3,303.809,1.568476
1599.4,303.811,1.548883
1599.5,303.813,1.529395
1599.6,303.815,1.510013
1599.7,303.817,1.490736
1599.8,303.819,1.471566
1599.9,303.821,1.455911
1600.0,303.823,1.440828
1600.1,303.825,1.426201
1600.2,303.827,1.416931
1600.3,303.829,1.407701
1600.4,303.831,1.398643
1600.5,303.833,1.389998
1600.6,303.835,1.381388
1600.7,303.836,1.372814
1600.8,303.838,1.364451
1600.9,303.84,1.35668
1601.0,303.842,1.348939
1601.1,303.843,1.360217
1601.2,303.845,1.37212
1601.3,303.847,1.384209
1601.4,303.849,1.396383
1601.5,303.851,1.40864
1601.6,303.853,1.421246
1601.7,303.854,1.434009
1601.8,303.856,1.446857
1601.9,303.858,1.459788
1602.0,303.86,1.472802
1602.1,303.862,1.485899
1602.2,303.864,1.499305
1602.3,303.866,1.513284
1602.4,303.868,1.527352
1602.5,303.87,1.541506
1602.6,303.872,1.555748
1602.7,303.874,1.570075
1602.8,303.876,1.584489
1602.9,303.879,1.598108
1603.0,303.881,1.611648
1603.1,303.883,1.624569
1603.2,303.885,1.632118
1603.3,303.887,1.639693
1603.4,303.89,1.644513
1603.5,303.892,1.644744
1603.6,303.894,1.64615
1603.7,303.896,1.651472
1603.8,303.899,1.657015
1603.9,303.901,1.664753
1604.0,303.903,1.672521
1604.1,303.905,1.695356
1604.2,303.908,1.723425
1604.3,303.91,1.751755
1604.4,303.913,1.780345
1604.5,303.915,1.809196
1604.6,303.918,1.838307
1604.7,303.92,1.86768
1604.8,303.923,1.894991
1604.9,303.925,1.919349
1605.0,303.928,1.943884
1605.1,303.931,1.955036
1605.2,303.934,1.952741
1605.3,303.936,1.950421
1605.4,303.939,1.948077
1605.5,303.942,1.945712
1605.6,303.945,1.943326
1605.7,303.947,1.94123
1605.8,303.95,1.941627
1605.9,303.953,1.942013
1606.0,303.956,1.942388
1606.1,303.958,1.954283
1606.2,303.961,1.975055
1606.3,303.964,1.995964
1606.4,303.967,2.017011
1606.5,303.97,2.038196
1606.6,303.973,2.059517
1606.7,303.975,2.080975
1606.8,303.978,2.10257
1606.9,303.981,2.119842
1607.0,303.984,2.137111
1607.1,303.988,2.145608
1607.2,303.991,2.14506
1607.3,303.994,2.144491
1607.4,303.997,2.143902
1607.5,304.0,2.143295
1607.6,304.003,2.142671
1607.7,304.006,2.142032
1607.8,304.009,2.141379
1607.9,304.012,2.140713
1608.0,304.015,2.142967
1608.1,304.018,2.163515
1608.2,304.021,2.187155
1608.3,304.024,2.210959
1608.4,304.028,2.234927
1608.5,304.031,2.25906
1608.6,304.034,2.283356
1608.7,304.037,2.307815
1608.8,304.041,2.332436
1608.9,304.044,2.353642
1609.0,304.048,2.372856
1609.1,304.051,2.371037
1609.2,304.055,2.359913
1609.3,304.058,2.348763
1609.4,304.061,2.33759
1609.5,304.065,2.326396
1609.6,304.068,2.315185
1609.7,304.072,2.303959
1609.8,304.075,2.295937
1609.9,304.078,2.288569
1610.0,304.081,2.281197
1610.1,304.085,2.295332
1610.2,304.088,2.320576
1610.3,304.091,2.346009
1610.4,304.095,2.371628
1610.5,304.098,2.397432
1610.6,304.102,2.423418
1610.7,304.105,2.447777
1610.8,304.109,2.470498
1610.9,304.113,2.493358
1611.0,304.116,2.516355
1611.1,304.12,2.539489
1611.2,304.124,2.560785
1611.3,304.127,2.57673
1611.4,304.131,2.59274
1611.5,304.135,2.608813
1611.6,304.139,2.624949
1611.7,304.143,2.641161
1611.8,304.147,2.657784
1611.9,304.15,2.674474
1612.0,304.154,2.691231
1612.1,304.158,2.721287
1612.2,304.162,2.752656
1612.3,304.167,2.784248
1612.4,304.171,2.816063
1612.5,304.175,2.848102
1612.6,304.179,2.878892
1612.7,304.183,2.9078
1612.8,304.188,2.936886
1612.9,304.192,2.966151
1613.0,304.197,2.995593
1613.1,304.201,3.02521
1613.2,304.206,3.054831
1613.3,304.21,3.076604
1613.4,304.215,3.098465
1613.5,304.219,3.120413
1613.6,304.224,3.142449
1613.7,304.229,3.164574
1613.8,304.234,3.186788
1613.9,304.238,3.212361
1614.0,304.243,3.240012
1614.1,304.248,3.270246
1614.2,304.253,3.309257
1614.3,304.258,3.348547
1614.4,304.263,3.388116
1614.5,304.268,3.427963
1614.6,304.273,3.468088
1614.7,304.279,3.508491
1614.8,304.284,3.549172
1614.9,304.289,3.592221
1615.0,304.295,3.636026
1615.1,304.3,3.680144
1615.2,304.306,3.724574
1615.3,304.312,3.769318
1615.4,304.318,3.814373
1615.5,304.323,3.85974
1615.6,304.329,3.905419
1615.7,304.335,3.949292
1615.8,304.341,3.991509
1615.9,304.348,4.03403
1616.0,304.354,4.076835
1616.1,304.36,4.119927
1616.2,304.366,4.163285
1616.3,304.373,4.198337
1616.4,304.379,4.233451
1616.5,304.386,4.268724
1616.6,304.392,4.304157
1616.7,304.399,4.33975
1616.8,304.406,4.375929
1616.9,304.413,4.412784
1617.0,304.419,4.449811
1617.1,304.426,4.48701
1617.2,304.433,4.524623
1617.3,304.44,4.56346
1617.4,304.447,4.602487
1617.5,304.454,4.641702
1617.6,304.462,4.681106
1617.7,304.469,4.718952
1617.8,304.476,4.756815
1617.9,304.484,4.794849
1618.0,304.491,4.833054
1618.1,304.499,4.826885
1618.2,304.506,4.81309
1618.3,304.514,4.799192
1618.4,304.521,4.785196
1618.5,304.529,4.771109
1618.6,304.536,4.75694
1618.7,304.543,4.742694
1618.8,304.551,4.728372
1618.9,304.558,4.721287
1619.0,304.565,4.715268
1619.1,304.573,4.709192
1619.2,304.58,4.703061
1619.3,304.587,4.701169
1619.4,304.595,4.701613
1619.5,304.602,4.702023
1619.6,304.609,4.702401
1619.7,304.617,4.702115
1619.8,304.624,4.700927
1619.9,304.631,4.699705
1620.0,304.639,4.698451
1620.1,304.646,4.683329
1620.2,304.653,4.663035
1620.3,304.66,4.642701
1620.4,304.668,4.622362
1620.5,304.675,4.602096
1620.6,304.682,4.581853
1620.7,304.689,4.561633
1620.8,304.696,4.539203
1620.9,304.703,4.516569
1621.0,304.71,4.493919
1621.1,304.717,4.471254
1621.2,304.724,4.448577
1621.3,304.731,4.425891
1621.4,304.738,4.403199
1621.5,304.744,4.380502
1621.6,304.751,4.357803
1621.7,304.758,4.329746
1621.8,304.764,4.300108
1621.9,304.771,4.270496
1622.0,304.778,4.240913
1622.1,304.784,4.199529
1622.2,304.791,4.136572
1622.3,304.797,4.073912
1622.4,304.803,4.011558
1622.5,304.809,3.949523
1622.6,304.815,3.887813
1622.7,304.821,3.830011
1622.8,304.827,3.773992
1622.9,304.833,3.718258
1623.0,304.838,3.662813
1623.1,304.844,3.607665
1623.2,304.849,3.552819
1623.3,304.855,3.498383
1623.4,304.86,3.450149
1623.5,304.865,3.402164
1623.6,304.87,3.35443
1623.7,304.875,3.30695
1623.8,304.88,3.259727
1623.9,304.885,3.212764
1624.0,304.89,3.164978
1624.1,304.895,3.115268
1624.2,304.899,3.065863
1624.3,304.904,3.016768
1624.4,304.908,2.967647
1624.5,304.913,2.918835
1624.6,304.917,2.870345
1624.7,304.921,2.82218
1624.8,304.925,2.774343
1624.9,304.929,2.726836
1625.0,304.933,2.672102
1625.1,304.937,2.586533
1625.2,304.941,2.49479
1625.3,304.945,2.404427
1625.4,304.948,2.315462
1625.5,304.951,2.228123
1625.6,304.954,2.142388
1625.7,304.957,2.05808
1625.8,304.96,1.975218
1625.9,304.963,1.893821
1626.0,304.966,1.813918
1626.1,304.968,1.752875
1626.2,304.97,1.694715
1626.3,304.973,1.637421
1626.4,304.975,1.580985
1626.5,304.977,1.525407
1626.6,304.979,1.470692
1626.7,304.981,1.416843
1626.8,304.982,1.363005
1626.9,304.984,1.309914
1627.0,304.986,1.257732
1627.1,304.987,1.206464
1627.2,304.989,1.156113
1627.3,304.99,1.106684
1627.4,304.991,1.05818
1627.5,304.992,1.010542
1627.6,304.994,0.963394
1627.7,304.995,0.917202
1627.8,304.995,0.872085
1627.9,304.996,0.828475
1628.0,304.997,0.785807
1628.1,304.998,0.765427
1628.2,304.999,0.746669
1628.3,304.999,0.728141
1628.4,305.0,0.70984
1628.5,305.0,0.691764
1628.6,305.001,0.673911
1628.7,305.002,0.65628
1628.8,305.002,0.63887
1628.9,305.003,0.621678
1629.0,305.003,0.60687
1629.1,305.003,0.602274
1629.2,305.004,0.599877
1629.3,305.004,0.597516
1629.4,305.005,0.595188
1629.5,305.005,0.592893
1629.6,305.005,0.590627
1629.7,305.006,0.588391
1629.8,305.006,0.586183
1629.9,305.007,0.584075
1630.0,305.007,0.582318
1630.1,305.007,0.607959
1630.2,305.008,0.634557
1630.3,305.008,0.661643
1630.4,305.009,0.689222
1630.5,305.009,0.717297
1630.6,305.01,0.745874
1630.7,305.011,0.774956
1630.8,305.011,0.804546
1630.9,305.012,0.834649
1631.0,305.013,0.864217
1631.1,305.014,0.889865
1631.2,305.015,0.914799
1631.3,305.016,0.940071
1631.4,305.016,0.965681
1631.5,305.017,0.991632
1631.6,305.019,1.017926
1631.7,305.02,1.044563
1631.8,305.021,1.071547
1631.9,305.022,1.098878
1632.0,305.023,1.129331
1632.1,305.025,1.174222
1632.2,305.026,1.222845
1632.3,305.027,1.272442
1632.4,305.029,1.323017
1632.5,305.03,1.374577
1632.6,305.032,1.427125
1632.7,305.034,1.480666
1632.8,305.036,1.535206
1632.9,305.038,1.590035
1633.0,305.04,1.640027
1633.1,305.042,1.666251
1633.2,305.044,1.685326
1633.3,305.046,1.704498
1633.4,305.049,1.723769
1633.5,305.051,1.743115
1633.6,305.053,1.761476
1633.7,305.056,1.779926
1633.8,305.058,1.798467
1633.9,305.06,1.8171
1634.0,305.063,1.835826
1634.1,305.065,1.85211
1634.2,305.068,1.862717
1634.3,305.07,1.873335
1634.4,305.073,1.883967
1634.5,305.075,1.894615
1634.6,305.078,1.905279
1634.7,305.08,1.915961
1634.8,305.083,1.924398
1634.9,305.086,1.932741
1635.0,305.088,1.941089
1635.1,305.091,1.937021
1635.2,305.093,1.925919
1635.3,305.096,1.914784
1635.4,305.099,1.903621
1635.5,305.101,1.892283
1635.6,305.104,1.880627
1635.7,305.106,1.868953
1635.8,305.109,1.857265
1635.9,305.111,1.845566
1636.0,305.114,1.833857
1636.1,305.116,1.813282
1636.2,305.119,1.790418
1636.3,305.121,1.767621
1636.4,305.123,1.744895
1636.5,305.126,1.722245
1636.6,305.128,1.699674
1636.7,305.13,1.677546
1636.8,305.132,1.657325
1636.9,305.135,1.637174
1637.0,305.137,1.617096
1637.1,305.139,1.597116
1637.2,305.141,1.583957
1637.3,305.143,1.57083
1637.4,305.145,1.557737
1637.5,305.147,1.544679
1637.6,305.149,1.531655
1637.7,305.151,1.518667
1637.8,305.153,1.505644
1637.9,305.155,1.492508
1638.0,305.157,1.479411
1638.1,305.158,1.466354
1638.2,305.16,1.453152
1638.3,305.162,1.439832
1638.4,305.164,1.426555
1638.5,305.166,1.413322
1638.6,305.167,1.400134
1638.7,305.169,1.386991
1638.8,305.171,1.373893
1638.9,305.173,1.360842
1639.0,305.174,1.353252
1639.1,305.176,1.353088
1639.2,305.177,1.358366
1639.3,305.179,1.363686
1639.4,305.181,1.369046
1639.5,305.183,1.374446
1639.6,305.184,1.379884
1639.7,305.186,1.38536
1639.8,305.188,1.391223
1639.9,305.189,1.39947
1640.0,305.191,1.40777
1640.1,305.193,1.417733
1640.2,305.195,1.433564
1640.3,305.196,1.449523
1640.4,305.198,1.46561
1640.5,305.2,1.481823
1640.6,305.202,1.498161
1640.7,305.204,1.514663
1640.8,305.206,1.531649
1640.9,305.208,1.548763
1641.0,305.21,1.566006
1641.1,305.212,1.592941
1641.2,305.214,1.621417
1641.3,305.216,1.650195
1641.4,305.218,1.679582
1641.5,305.22,1.710871
1641.6,305.222,1.742499
1641.7,305.225,1.774467
1641.8,305.227,1.806775
1641.9,305.229,1.839424
1642.0,305.232,1.872414
1642.1,305.234,1.905745
1642.2,305.237,1.9496
1642.3,305.24,1.995167
1642.4,305.242,2.041327
1642.5,305.245,2.088081
1642.6,305.248,2.135424
1642.7,305.251,2.182693
1642.8,305.254,2.230544
1642.9,305.257,2.278978
1643.0,305.26,2.327996
1643.1,305.263,2.360722
1643.2,305.267,2.390873
1643.3,305.27,2.421236
1643.4,305.274,2.451811
1643.5,305.277,2.4826
1643.6,305.281,2.513603
1643.7,305.284,2.544821
1643.8,305.288,2.576255
1643.9,305.291,2.610965
1644.0,305.295,2.649957
1644.1,305.299,2.689281
1644.2,305.303,2.735326
1644.3,305.307,2.783812
1644.4,305.311,2.832787
1644.5,305.315,2.882252
1644.6,305.319,2.932206
1644.7,305.323,2.982651
1644.8,305.328,3.032541
1644.9,305.332,3.082877
1645.0,305.337,3.133685
1645.1,305.341,3.164918
1645.2,305.346,3.193038
1645.3,305.351,3.221279
1645.4,305.355,3.249642
1645.5,305.36,3.280295
1645.6,305.365,3.311763
1645.7,305.37,3.343391
1645.8,305.375,3.37518
1645.9,305.38,3.407131
1646.0,305.385,3.439245
1646.1,305.39,3.471523
1646.2,305.395,3.514946
1646.3,305.401,3.561641
1646.4,305.406,3.608698
1646.5,305.411,3.656116
1646.6,305.417,3.703896
1646.7,305.422,3.752051
1646.8,305.428,3.800597
1646.9,305.434,3.849519
1647.0,305.439,3.891852
1647.1,305.445,3.931669
1647.2,305.451,3.971713
1647.3,305.457,4.011182
1647.4,305.463,4.049035
1647.5,305.469,4.087081
1647.6,305.476,4.125322
1647.7,305.482,4.163759
1647.8,305.488,4.202391
1647.9,305.494,4.24122
1648.0,305.501,4.274297
1648.1,305.507,4.301138
1648.2,305.514,4.328047
1648.3,305.521,4.353512
1648.4,305.527,4.37804
1648.5,305.534,4.40262
1648.6,305.541,4.427252
1648.7,305.547,4.451937
1648.8,305.554,4.476677
1648.9,305.561,4.501677
1649.0,305.568,4.526775
1649.1,305.575,4.551924
1649.2,305.582,4.577103
1649.3,305.589,4.602406
1649.4,305.596,4.627853
1649.5,305.603,4.653362
1649.6,305.61,4.678934
1649.7,305.617,4.704574
1649.8,305.624,4.730282
1649.9,305.631,4.756058
1650.0,305.639,4.767232
1650.1,305.646,4.768475
1650.2,305.653,4.760831
1650.3,305.661,4.750173
1650.4,305.668,4.739423
1650.5,305.675,4.728585
1650.6,305.682,4.717662
1650.7,305.69,4.707998
1650.8,305.697,4.703221
1650.9,305.704,4.698382
1651.0,305.711,4.693484
1651.1,305.718,4.688528
1651.2,305.726,4.683516
1651.3,305.733,4.683667
1651.4,305.74,4.687009
1651.5,305.747,4.690316
1651.6,305.754,4.693593
1651.7,305.761,4.696851
1651.8,305.769,4.70007
1651.9,305.776,4.702442
1652.0,305.783,4.704793
1652.1,305.79,4.707126
1652.2,305.797,4.70944
1652.3,305.804,4.711345
1652.4,305.812,4.712919
1652.5,305.819,4.714472
1652.6,305.826,4.716006
1652.7,305.833,4.716756
1652.8,305.84,4.709642
1652.9,305.848,4.702486
1653.0,305.855,4.695291
1653.1,305.862,4.68806
1653.2,305.869,4.680792
1653.3,305.876,4.664106
1653.4,305.883,4.644816
1653.5,305.89,4.625487
1653.6,305.897,4.60611
1653.7,305.904,4.586688
1653.8,305.911,4.569593
1653.9,305.918,4.555016
1654.0,305.925,4.540408
1654.1,305.932,4.542646
1654.2,305.939,4.557091
1654.3,305.946,4.571598
1654.4,305.953,4.586167
1654.5,305.96,4.600794
1654.6,305.967,4.61548
1654.7,305.974,4.630221
1654.8,305.981,4.645016
1654.9,305.988,4.659865
1655.0,305.995,4.674766
1655.1,306.002,4.689717
1655.2,306.009,4.704718
1655.3,306.017,4.719766
1655.4,306.024,4.734861
1655.5,306.031,4.750003
1655.6,306.038,4.76519
1655.7,306.046,4.780406
1655.8,306.053,4.795815
1655.9,306.06,4.811276
1656.0,306.067,4.826771
1656.1,306.075,4.84231
1656.2,306.082,4.857889
1656.3,306.09,4.873513
1656.4,306.097,4.88918
1656.5,306.104,4.90489
1656.6,306.112,4.920642
1656.7,306.119,4.936483
1656.8,306.127,4.952407
1656.9,306.135,4.968372
1657.0,306.142,4.984377
1657.1,306.15,5.000422
1657.2,306.157,5.016507
1657.3,306.165,5.032629
1657.4,306.173,5.048789
1657.5,306.181,5.064987
1657.6,306.188,5.081251
1657.7,306.196,5.097686
1657.8,306.204,5.114157
1657.9,306.212,5.130664
1658.0,306.219,5.147199
1658.1,306.227,5.163752
1658.2,306.235,5.18033
1658.3,306.243,5.196935
1658.4,306.251,5.213575
1658.5,306.259,5.230248
1658.6,306.267,5.24713
1658.7,306.275,5.264085
1658.8,306.283,5.281076
1658.9,306.291,5.298102
1659.0,306.299,5.315165
1659.1,306.308,5.332263
1659.2,306.316,5.349397
1659.3,306.324,5.366565
1659.4,306.332,5.383769
1659.5,306.34,5.401007
1659.6,306.349,5.413786
1659.7,306.357,5.425613
1659.8,306.365,5.437445
1659.9,306.374,5.449281
1660.0,306.382,5.46112
1660.1,306.39,5.472963
1660.2,306.399,5.480481
1660.3,306.407,5.476752
1660.4,306.416,5.473016
1660.5,306.424,5.469249
1660.6,306.432,5.465454
1660.7,306.441,5.461614
1660.8,306.449,5.457727
1660.9,306.458,5.453791
1661.0,306.466,5.468381
1661.1,306.474,5.487357
1661.2,306.483,5.523392
1661.3,306.491,5.560452
1661.4,306.5,5.597708
1661.5,306.508,5.635158
1661.6,306.517,5.672801
1661.7,306.526,5.710634
1661.8,306.534,5.743004
1661.9,306.543,5.771937
1662.0,306.552,5.800978
1662.1,306.561,5.82185
1662.2,306.57,5.818486
1662.3,306.579,5.815025
1662.4,306.588,5.811479
1662.5,306.597,5.807864
1662.6,306.606,5.804188
1662.7,306.615,5.800455
1662.8,306.624,5.796667
1662.9,306.632,5.792825
1663.0,306.641,5.787368
1663.1,306.65,5.781407
1663.2,306.659,5.775395
1663.3,306.668,5.769333
1663.4,306.677,5.763224
1663.5,306.686,5.757068
1663.6,306.695,5.750869
1663.7,306.703,5.744627
1663.8,306.712,5.738343
1663.9,306.721,5.732007
1664.0,306.73,5.737119
1664.1,306.739,5.745522
1664.2,306.747,5.753928
1664.3,306.756,5.766766
1664.4,306.765,5.780581
1664.5,306.774,5.794434
1664.6,306.783,5.808326
1664.7,306.792,5.822255
1664.8,306.801,5.836221
1664.9,306.81,5.837577
1665.0,306.819,5.837799
1665.1,306.828,5.832997
1665.2,306.836,5.801813
1665.3,306.845,5.77059
1665.4,306.854,5.739331
1665.5,306.863,5.708043
1665.6,306.872,5.67673
1665.7,306.88,5.645397
1665.8,306.889,5.617651
1665.9,306.898,5.594733
1666.0,306.906,5.571791
1666.1,306.915,5.560116
1666.2,306.923,5.568844
1666.3,306.932,5.57759
1666.4,306.94,5.586351
1666.5,306.949,5.595129
1666.6,306.957,5.603934
1666.7,306.966,5.612771
1666.8,306.974,5.621638
1666.9,306.983,5.626548
1667.0,306.991,5.622473
1667.1,307.0,5.618382
1667.2,307.009,5.612855
1667.3,307.017,5.599547
1667.4,307.026,5.58621
1667.5,307.034,5.572844
1667.6,307.043,5.559451
1667.7,307.051,5.546032
1667.8,307.06,5.532587
1667.9,307.068,5.519118
1668.0,307.076,5.515489
1668.1,307.085,5.517178
1668.2,307.093,5.519215
1668.3,307.102,5.526028
1668.4,307.11,5.532867
1668.5,307.118,5.539728
1668.6,307.127,5.546613
1668.7,307.135,5.553521
1668.8,307.144,5.557301
1668.9,307.152,5.56075
1669.0,307.161,5.564212
1669.1,307.169,5.558853
1669.2,307.178,5.543306
1669.3,307.186,5.527723
1669.4,307.194,5.512106
1669.5,307.203,5.496457
1669.6,307.211,5.480778
1669.7,307.219,5.465071
1669.8,307.228,5.449336
1669.9,307.236,5.432798
1670.0,307.244,5.415831
1670.1,307.252,5.398842
1670.2,307.261,5.381833
1670.3,307.269,5.364805
1670.4,307.277,5.350277
1670.5,307.285,5.335979
1670.6,307.293,5.321599
1670.7,307.301,5.307158
1670.8,307.309,5.292667
1670.9,307.317,5.278167
1671.0,307.325,5.263644
1671.1,307.333,5.249115
1671.2,307.341,5.244077
1671.3,307.349,5.246079
1671.4,307.357,5.248105
1671.5,307.365,5.250154
1671.6,307.373,5.252223
1671.7,307.38,5.254311
1671.8,307.388,5.256404
1671.9,307.396,5.2585
1672.0,307.404,5.260612
1672.1,307.412,5.262146
1672.2,307.42,5.262958
1672.3,307.428,5.263776
1672.4,307.436,5.264602
1672.5,307.444,5.265435
1672.6,307.452,5.266274
1672.7,307.46,5.267117
1672.8,307.468,5.267959
1672.9,307.476,5.268803
1673.0,307.484,5.269648
1673.1,307.492,5.261284
1673.2,307.499,5.241575
1673.3,307.507,5.221873
1673.4,307.515,5.202163
1673.5,307.523,5.182451
1673.6,307.531,5.162724
1673.7,307.539,5.142984
1673.8,307.546,5.130036
1673.9,307.554,5.117409
1674.0,307.562,5.104772
1674.1,307.569,5.092123
1674.2,307.577,5.083542
1674.3,307.585,5.083413
1674.4,307.592,5.083298
1674.5,307.6,5.083196
1674.6,307.607,5.083105
1674.7,307.615,5.083025
1674.8,307.623,5.082949
1674.9,307.63,5.082833
1675.0,307.638,5.075327
1675.1,307.645,5.057089
1675.2,307.653,5.038807
1675.3,307.66,5.017869
1675.4,307.668,4.996239
1675.5,307.675,4.974601
1675.6,307.683,4.95296
1675.7,307.69,4.931318
1675.8,307.698,4.909349
1675.9,307.705,4.887143
1676.0,307.712,4.864941
1676.1,307.719,4.842745
1676.2,307.727,4.819682
1676.3,307.734,4.796328
1676.4,307.741,4.772986
1676.5,307.748,4.749634
1676.6,307.755,4.726264
1676.7,307.762,4.702884
1676.8,307.769,4.679514
1676.9,307.776,4.656153
1677.0,307.783,4.63281
1677.1,307.79,4.608188
1677.2,307.796,4.583433
1677.3,307.803,4.558702
1677.4,307.81,4.533995
1677.5,307.817,4.509317
1677.6,307.823,4.484669
1677.7,307.83,4.460051
1677.8,307.836,4.435464
1677.9,307.843,4.410911
1678.0,307.849,4.386393
1678.1,307.856,4.378151
1678.2,307.862,4.371905
1678.3,307.869,4.365686
1678.4,307.875,4.359491
1678.5,307.881,4.35332
1678.6,307.888,4.347172
1678.7,307.894,4.341044
1678.8,307.901,4.334937
1678.9,307.907,4.328847
1679.0,307.913,4.322773
1679.1,307.92,4.316714
1679.2,307.926,4.310669
1679.3,307.932,4.304639
1679.4,307.938,4.298623
1679.5,307.945,4.292616
1679.6,307.951,4.287694
1679.7,307.957,4.28543
1679.8,307.963,4.283145
1679.9,307.97,4.280848
1680.0,307.976,4.278545
1680.1,307.982,4.295054
1680.2,307.988,4.328087
1680.3,307.995,4.361347
1680.4,308.001,4.394007
1680.5,308.008,4.42508
1680.6,308.014,4.456347
1680.7,308.021,4.487806
1680.8,308.027,4.519454
1680.9,308.034,4.551289
1681.0,308.04,4.58331
1681.1,308.047,4.615513
1681.2,308.054,4.636389
1681.3,308.061,4.654608
1681.4,308.068,4.672891
1681.5,308.075,4.691236
1681.6,308.081,4.709639
1681.7,308.088,4.728103
1681.8,308.095,4.748806
1681.9,308.102,4.77112
1682.0,308.109,4.79352
1682.1,308.116,4.824811
1682.2,308.124,4.865957
1682.3,308.131,4.907352
1682.4,308.138,4.948994
1682.5,308.145,4.990886
1682.6,308.153,5.033022
1682.7,308.16,5.075419
1682.8,308.168,5.118834
1682.9,308.175,5.163441
1683.0,308.183,5.208356
1683.1,308.191,5.253544
1683.2,308.199,5.29911
1683.3,308.207,5.346909
1683.4,308.215,5.39499
1683.5,308.223,5.443352
1683.6,308.231,5.491995
1683.7,308.239,5.540918
1683.8,308.247,5.590119
1683.9,308.256,5.638718
1684.0,308.264,5.668771
1684.1,308.273,5.698563
1684.2,308.281,5.70756
1684.3,308.29,5.716349
1684.4,308.298,5.724977
1684.5,308.307,5.733484
1684.6,308.315,5.741947
1684.7,308.324,5.750339
1684.8,308.333,5.758752
1684.9,308.341,5.76714
1685.0,308.35,5.775497
1685.1,308.359,5.783831
1685.2,308.367,5.792142
1685.3,308.376,5.800523
1685.4,308.385,5.808884
1685.5,308.393,5.817219
1685.6,308.402,5.825527
1685.7,308.411,5.83381
1685.8,308.42,5.842067
1685.9,308.429,5.850291
1686.0,308.437,5.858494
1686.1,308.446,5.866678
1686.2,308.455,5.874844
1686.3,308.464,5.882993
1686.4,308.473,5.891113
1686.5,308.481,5.899202
1686.6,308.49,5.907272
1686.7,308.499,5.915328
1686.8,308.508,5.923365
1686.9,308.517,5.930186
1687.0,308.526,5.916344
1687.1,308.535,5.901276
1687.2,308.544,5.863188
1687.3,308.552,5.825072
1687.4,308.561,5.786935
1687.5,308.57,5.748785
1687.6,308.578,5.71063
1687.7,308.587,5.674006
1687.8,308.595,5.642737
1687.9,308.604,5.611461
1688.0,308.612,5.580183
1688.1,308.621,5.560791
1688.2,308.629,5.563374
1688.3,308.637,5.565944
1688.4,308.645,5.568513
1688.5,308.654,5.571087
1688.6,308.662,5.570953
1688.7,308.67,5.568736
1688.8,308.679,5.566514
1688.9,308.687,5.564293
1689.0,308.695,5.562074
1689.1,308.704,5.559856
1689.2,308.712,5.544502
1689.3,308.72,5.524762
1689.4,308.728,5.505005
1689.5,308.736,5.485233
1689.6,308.745,5.465449
1689.7,308.753,5.445654
1689.8,308.761,5.427088
1689.9,308.769,5.410294
1690.0,308.777,5.393494
1690.1,308.785,5.386616
1690.2,308.793,5.386989
1690.3,308.801,5.387384
1690.4,308.809,5.387801
1690.5,308.817,5.388237
1690.6,308.825,5.388691
1690.7,308.833,5.389159
1690.8,308.841,5.389644
1690.9,308.849,5.390143
1691.0,308.857,5.390554
1691.1,308.865,5.390955
1691.2,308.873,5.391371
1691.3,308.881,5.391808
1691.4,308.889,5.392267
1691.5,308.897,5.392783
1691.6,308.905,5.393329
1691.7,308.913,5.393896
1691.8,308.921,5.394485
1691.9,308.929,5.395093
1692.0,308.937,5.395721
1692.1,308.945,5.396367
1692.2,308.953,5.397029
1692.3,308.961,5.397708
1692.4,308.969,5.398392
1692.5,308.977,5.39911
1692.6,308.985,5.39982
1692.7,308.993,5.400516
1692.8,309.001,5.401202
1692.9,309.009,5.401898
1693.0,309.017,5.402601
1693.1,309.025,5.403311
1693.2,309.033,5.404033
1693.3,309.04,5.404766
1693.4,309.048,5.40551
1693.5,309.056,5.406212
1693.6,309.064,5.406904
1693.7,309.072,5.40759
1693.8,309.08,5.408266
1693.9,309.088,5.408936
1694.0,309.096,5.409597
1694.1,309.104,5.410251
1694.2,309.112,5.410897
1694.3,309.12,5.411533
1694.4,309.128,5.412161
1694.5,309.136,5.412763
1694.6,309.144,5.413354
1694.7,309.152,5.41394
1694.8,309.16,5.414521
1694.9,309.168,5.415094
1695.0,309.176,5.415658
1695.1,309.184,5.416218
1695.2,309.192,5.416772
1695.3,309.2,5.417324
1695.4,309.208,5.417869
1695.5,309.216,5.418432
1695.6,309.224,5.418997
1695.7,309.232,5.419559
1695.8,309.24,5.420119
1695.9,309.248,5.420677
1696.0,309.256,5.421232
1696.1,309.264,5.421785
1696.2,309.272,5.422334
1696.3,309.28,5.422882
1696.4,309.288,5.423427
1696.5,309.296,5.42114
1696.6,309.304,5.418254
1696.7,309.312,5.415384
1696.8,309.32,5.412531
1696.9,309.328,5.409698
1697.0,309.336,5.406879
1697.1,309.344,5.404073
1697.2,309.352,5.383538
1697.3,309.36,5.36218
1697.4,309.368,5.340816
1697.5,309.376,5.319448
1697.6,309.383,5.298079
1697.7,309.391,5.276715
1697.8,309.399,5.25536
1697.9,309.407,5.234005
1698.0,309.414,5.211548
1698.1,309.422,5.188395
1698.2,309.43,5.16524
1698.3,309.437,5.142081
1698.4,309.445,5.118923
1698.5,309.452,5.095764
1698.6,309.46,5.072609
1698.7,309.467,5.049459
1698.8,309.474,5.026317
1698.9,309.482,5.003184
1699.0,309.489,4.97892
1699.1,309.496,4.953954
1699.2,309.503,4.929008
1699.3,309.511,4.904084
1699.4,309.518,4.879184
1699.5,309.525,4.854309
1699.6,309.532,4.829461
1699.7,309.539,4.804641
1699.8,309.546,4.779851
1699.9,309.553,4.755091
1700.0,309.559,4.739268
1700.1,309.566,4.729076
1700.2,309.573,4.718958
1700.3,309.58,4.713314
1700.4,309.587,4.707699
1700.5,309.593,4.70211
1700.6,309.6,4.696546
1700.7,309.607,4.691006
1700.8,309.614,4.685469
1700.9,309.621,4.679948
1701.0,309.627,4.674458
1701.1,309.634,4.668506
1701.2,309.641,4.661811
1701.3,309.647,4.655164
1701.4,309.654,4.648543
1701.5,309.661,4.641949
1701.6,309.667,4.635369
1701.7,309.674,4.628807
1701.8,309.681,4.622259
1701.9,309.687,4.615722
1702.0,309.694,4.609195
1702.1,309.701,4.595071
1702.2,309.707,4.569704
1702.3,309.714,4.544352
1702.4,309.72,4.51902
1702.5,309.727,4.493709
1702.6,309.733,4.468421
1702.7,309.739,4.443544
1702.8,309.746,4.422359
1702.9,309.752,4.401197
1703.0,309.758,4.380057
1703.1,309.765,4.38029
1703.2,309.771,4.393045
1703.3,309.777,4.405891
1703.4,309.783,4.418826
1703.5,309.79,4.431847
1703.6,309.796,4.44495
1703.7,309.802,4.453126
1703.8,309.809,4.461206
1703.9,309.815,4.469339
1704.0,309.821,4.477521
1704.1,309.828,4.485751
1704.2,309.834,4.487995
1704.3,309.84,4.483003
1704.4,309.847,4.478011
1704.5,309.853,4.473017
1704.6,309.86,4.468015
1704.7,309.866,4.462981
1704.8,309.872,4.457906
1704.9,309.879,4.452823
1705.0,309.885,4.447774
1705.1,309.891,4.442787
1705.2,309.898,4.437815
1705.3,309.904,4.432849
1705.4,309.91,4.427915
1705.5,309.916,4.422994
1705.6,309.923,4.418092
1705.7,309.929,4.413268
1705.8,309.935,4.408534
1705.9,309.941,4.406693
1706.0,309.948,4.413289
1706.1,309.954,4.419965
1706.2,309.96,4.429474
1706.3,309.967,4.444691
1706.4,309.973,4.46001
1706.5,309.979,4.475412
1706.6,309.986,4.490912
1706.7,309.992,4.506572
1706.8,309.998,4.522375
1706.9,310.005,4.530772
1707.0,310.011,4.538269
1707.1,310.018,4.545793
1707.2,310.024,4.549736
1707.3,310.031,4.547498
1707.4,310.037,4.545252
1707.5,310.044,4.542989
1707.6,310.05,4.540702
1707.7,310.056,4.538395
1707.8,310.063,4.536074
1707.9,310.069,4.533739
1708.0,310.076,4.531389
1708.1,310.082,4.529025
1708.2,310.089,4.52665
1708.3,310.095,4.524263
1708.4,310.102,4.52187
1708.5,310.108,4.519471
1708.6,310.114,4.517072
1708.7,310.121,4.514673
1708.8,310.127,4.512268
1708.9,310.134,4.509856
1709.0,310.14,4.524851
1709.1,310.146,4.544737
1709.2,310.153,4.58224
1709.3,310.159,4.620006
1709.4,310.166,4.658035
1709.5,310.173,4.696324
1709.6,310.179,4.734869
1709.7,310.186,4.772255
1709.8,310.193,4.801418
1709.9,310.2,4.830728
1710.0,310.207,4.860188
1710.1,310.214,4.889794
1710.2,310.221,4.89156
1710.3,310.228,4.88936
1710.4,310.235,4.888389
1710.5,310.242,4.888607
1710.6,310.249,4.888803
1710.7,310.256,4.888987
1710.8,310.263,4.899798
1710.9,310.27,4.91225
1711.0,310.277,4.924734
1711.1,310.284,4.941603
1711.2,310.291,4.960194
1711.3,310.298,4.978853
1711.4,310.305,5.001462
1711.5,310.312,5.02447
1711.6,310.32,5.047573
1711.7,310.327,5.070771
1711.8,310.334,5.094363
1711.9,310.342,5.118527
1712.0,310.349,5.142788
1712.1,310.356,5.167147
1712.2,310.364,5.191565
1712.3,310.371,5.215175
1712.4,310.379,5.238872
1712.5,310.386,5.262658
1712.6,310.394,5.28653
1712.7,310.402,5.310488
1712.8,310.409,5.334535
1712.9,310.417,5.358669
1713.0,310.425,5.382892
1713.1,310.433,5.405048
1713.2,310.44,5.411705
1713.3,310.448,5.418342
1713.4,310.456,5.424962
1713.5,310.464,5.431564
1713.6,310.472,5.43815
1713.7,310.48,5.444698
1713.8,310.488,5.451154
1713.9,310.496,5.45756
1714.0,310.504,5.47303
1714.1,310.511,5.497229
1714.2,310.519,5.521539
1714.3,310.527,5.548918
1714.4,310.536,5.577515
1714.5,310.544,5.606319
1714.6,310.552,5.635303
1714.7,310.56,5.664454
1714.8,310.568,5.692137
1714.9,310.577,5.712578
1715.0,310.585,5.733082
1715.1,310.593,5.753687
1715.2,310.602,5.77168
1715.3,310.61,5.78125
1715.4,310.619,5.790825
1715.5,310.627,5.800395
1715.6,310.635,5.809963
1715.7,310.644,5.819521
1715.8,310.652,5.829074
1715.9,310.661,5.838618
1716.0,310.669,5.855898
1716.1,310.678,5.884982
1716.2,310.687,5.914184
1716.3,310.695,5.944898
1716.4,310.704,5.977409
1716.5,310.713,6.010057
1716.6,310.722,6.042844
1716.7,310.73,6.075768
1716.8,310.739,6.108829
1716.9,310.748,6.135052
1717.0,310.757,6.156142
1717.1,310.766,6.177279
1717.2,310.775,6.198463
1717.3,310.784,6.212838
1717.4,310.794,6.225358
1717.5,310.803,6.237878
1717.6,310.812,6.250399
1717.7,310.821,6.262919
1717.8,310.83,6.275437
1717.9,310.84,6.287954
1718.0,310.849,6.301588
1718.1,310.858,6.337338
1718.2,310.867,6.373252
1718.3,310.877,6.409649
1718.4,310.886,6.446298
1718.5,310.896,6.484345
1718.6,310.905,6.524862
1718.7,310.915,6.565406
1718.8,310.925,6.589393
1718.9,310.934,6.613564
1719.0,310.944,6.637899
1719.1,310.954,6.662338
1719.2,310.964,6.651794
1719.3,310.974,6.636852
1719.4,310.983,6.628335
1719.5,310.993,6.630913
1719.6,311.003,6.624514
1719.7,311.013,6.604416
1719.8,311.023,6.588401
1719.9,311.032,6.577979
1720.0,311.042,6.567491
1720.1,311.052,6.556939
1720.2,311.061,6.548587
1720.3,311.071,6.540381
1720.4,311.081,6.532126
1720.5,311.09,6.523827
1720.6,311.1,6.515487
1720.7,311.109,6.5071
1720.8,311.119,6.498669
1720.9,311.129,6.490197
1721.0,311.138,6.472881
1721.1,311.148,6.42496
1721.2,311.157,6.377045
1721.3,311.166,6.338271
1721.4,311.176,6.306701
1721.5,311.185,6.275111
1721.6,311.194,6.243504
1721.7,311.203,6.211885
1721.8,311.212,6.180286
1721.9,311.221,6.148768
1722.0,311.23,6.117238
1722.1,311.239,6.085666
1722.2,311.248,6.05407
1722.3,311.257,6.027171
1722.4,311.266,6.008094
1722.5,311.275,5.989035
1722.6,311.283,5.970043
1722.7,311.292,5.951081
1722.8,311.301,5.929657
1722.9,311.309,5.905996
1723.0,311.318,5.882339
1723.1,311.326,5.849976
1723.2,311.335,5.805798
1723.3,311.343,5.761679
1723.4,311.352,5.717618
1723.5,311.36,5.673617
1723.6,311.368,5.629682
1723.7,311.376,5.585815
1723.8,311.384,5.54202
1723.9,311.392,5.4919
1724.0,311.4,5.432225
1724.1,311.408,5.362522
1724.2,311.415,5.270989
1724.3,311.423,5.17998
1724.4,311.43,5.089513
1724.5,311.438,4.999597
1724.6,311.445,4.910244
1724.7,311.452,4.821464
1724.8,311.458,4.73327
1724.9,311.465,4.64325
1725.0,311.472,4.551622
1725.1,311.478,4.460686
1725.2,311.484,4.370453
1725.3,311.49,4.280933
1725.4,311.496,4.192134
1725.5,311.502,4.1029
1725.6,311.507,4.009882
1725.7,311.513,3.917715
1725.8,311.518,3.82641
1725.9,311.523,3.735976
1726.0,311.528,3.646424
1726.1,311.533,3.557762
1726.2,311.538,3.453252
1726.3,311.542,3.34797
1726.4,311.547,3.244046
1726.5,311.551,3.141495
1726.6,311.555,3.040331
1726.7,311.559,2.939071
1726.8,311.562,2.838585
1726.9,311.566,2.739584
1727.0,311.569,2.642084
1727.1,311.573,2.546096
1727.2,311.576,2.451634
1727.3,311.578,2.358706
1727.4,311.581,2.266348
1727.5,311.584,2.174271
1727.6,311.586,2.08384
1727.7,311.589,1.995065
1727.8,311.591,1.907958
1727.9,311.593,1.82253
1728.0,311.595,1.73879
1728.1,311.596,1.656423
1728.2,311.598,1.574101
1728.3,311.599,1.493584
1728.4,311.601,1.414883
1728.5,311.602,1.338008
1728.6,311.603,1.26297
1728.7,311.604,1.189779
1728.8,311.605,1.118446
1728.9,311.605,1.049992
1729.0,311.606,0.983473
1729.1,311.606,0.953055
1729.2,311.607,0.925126
1729.3,311.607,0.897606
1729.4,311.608,0.870491
1729.5,311.608,0.843778
1729.6,311.608,0.817464
1729.7,311.608,0.791546
1729.8,311.608,0.766021
1729.9,311.609,0.741076
1730.0,311.609,0.716573
1730.1,311.609,0.692451
1730.2,311.609,0.668708
1730.3,311.609,0.645433
1730.4,311.609,0.622608
1730.5,311.608,0.600153
1730.6,311.608,0.578067
1730.7,311.608,0.556255
1730.8,311.608,0.534614
1730.9,311.608,0.513348
1731.0,311.607,0.493619
1731.1,311.607,0.487506
1731.2,311.607,0.481677
1731.3,311.606,0.47591
1731.4,311.606,0.470202
1731.5,311.606,0.464553
1731.6,311.605,0.45896
1731.7,311.605,0.453422
1731.8,311.604,0.447938
1731.9,311.604,0.442794
1732.0,311.604,0.437732
1732.1,311.603,0.432717
1732.2,311.603,0.427749
1732.3,311.602,0.423123
1732.4,311.602,0.418538
1732.5,311.601,0.413992
1732.6,311.601,0.409486
1732.7,311.601,0.405017
1732.8,311.6,0.400586
1732.9,311.6,0.396191
1733.0,311.599,0.391962
1733.1,311.599,0.38819
1733.2,311.598,0.384447
1733.3,311.598,0.380734
1733.4,311.597,0.377061
1733.5,311.597,0.373439
1733.6,311.596,0.369845
1733.7,311.595,0.366277
1733.8,311.595,0.362735
1733.9,311.594,0.35922
1734.0,311.594,0.355197
1734.1,311.593,0.347211
1734.2,311.593,0.338788
1734.3,311.592,0.330433
1734.4,311.592,0.322157
1734.5,311.591,0.313976
1734.6,311.59,0.305891
1734.7,311.59,0.297901
1734.8,311.589,0.290008
1734.9,311.588,0.28221
1735.0,311.588,0.274509
1735.1,311.587,0.26274
1735.2,311.586,0.250895
1735.3,311.586,0.239271
1735.4,311.585,0.227869
1735.5,311.584,0.21669
1735.6,311.583,0.205736
1735.7,311.582,0.195008
1735.8,311.582,0.184506
1735.9,311.581,0.174232
1736.0,311.58,0.164782
1736.1,311.579,0.162387
1736.2,311.578,0.160606
1736.3,311.577,0.158841
1736.4,311.577,0.157094
1736.5,311.576,0.155363
1736.6,311.575,0.153648
1736.7,311.574,0.151949
1736.8,311.573,0.150266
1736.9,311.572,0.148598
1737.0,311.571,0.146398
1737.1,311.57,0.142015
1737.2,311.569,0.13716
1737.3,311.569,0.132379
1737.4,311.568,0.127672
1737.5,311.567,0.123039
1737.6,311.566,0.11848
1737.7,311.565,0.113996
1737.8,311.564,0.109585
1737.9,311.563,0.105249
1738.0,311.562,0.101357
1738.1,311.561,0.103091
1738.2,311.56,0.105197
1738.3,311.559,0.107305
1738.4,311.558,0.109417
1738.5,311.557,0.111531
1738.6,311.556,0.113649
1738.7,311.555,0.115771
1738.8,311.554,0.117897
1738.9,311.553,0.120027
1739.0,311.552,0.122334
1739.1,311.552,0.127661
1739.2,311.551,0.133222
1739.3,311.55,0.138846
1739.4,311.549,0.144534
1739.5,311.548,0.150288
1739.6,311.547,0.156109
1739.7,311.546,0.161997
1739.8,311.545,0.167955
1739.9,311.544,0.173982
1740.0,311.544,0.180827
1740.1,311.543,0.189965
1740.2,311.542,0.200042
1740.3,311.541,0.210315
1740.4,311.54,0.220786
1740.5,311.54,0.231459
1740.6,311.539,0.242335
1740.7,311.538,0.253416
1740.8,311.537,0.264705
1740.9,311.537,0.276203
1741.0,311.536,0.287788
1741.1,311.535,0.288213
1741.2,311.535,0.288583
1741.3,311.534,0.288813
1741.4,311.533,0.288998
1741.5,311.533,0.289179
1741.6,311.532,0.289356
1741.7,311.531,0.289529
1741.8,311.531,0.289735
1741.9,311.53,0.28994
1742.0,311.53,0.290684
1742.1,311.529,0.29438
1742.2,311.528,0.299091
1742.3,311.528,0.303099
1742.4,311.527,0.307562
1742.5,311.526,0.312058
1742.6,311.526,0.316587
1742.7,311.525,0.32115
1742.8,311.525,0.325747
1742.9,311.524,0.330378
1743.0,311.523,0.334524
1743.1,311.523,0.336478
1743.2,311.522,0.337249
1743.3,311.522,0.33815
1743.4,311.521,0.33901
1743.5,311.521,0.339536
1743.6,311.52,0.340062
1743.7,311.519,0.340588
1743.8,311.519,0.341114
1743.9,311.518,0.34164
1744.0,311.518,0.342167
1744.1,311.517,0.34168
1744.2,311.517,0.338594
1744.3,311.516,0.335401
1744.4,311.515,0.33226
1744.5,311.515,0.329279
1744.6,311.514,0.326305
1744.7,311.514,0.323341
1744.8,311.513,0.320386
1744.9,311.513,0.31744
1745.0,311.512,0.314504
1745.1,311.511,0.311579
1745.2,311.511,0.308713
1745.3,311.51,0.30587
1745.4,311.51,0.303037
1745.5,311.509,0.300216
1745.6,311.508,0.297406
1745.7,311.508,0.294598
1745.8,311.507,0.291785
1745.9,311.506,0.288984
1746.0,311.506,0.287734
1746.1,311.505,0.290794
1746.2,311.504,0.295723
1746.3,311.504,0.299831
1746.4,311.503,0.304658
1746.5,311.503,0.309535
1746.6,311.502,0.314462
1746.7,311.501,0.319439
1746.8,311.501,0.324334
1746.9,311.5,0.329226
1747.0,311.5,0.333234
1747.1,311.499,0.332267
1747.2,311.498,0.329994
1747.3,311.498,0.327593
1747.4,311.497,0.325124
1747.5,311.497,0.322659
1747.6,311.496,0.320199
1747.7,311.496,0.317745
1747.8,311.495,0.315603
1747.9,311.494,0.313766
1748.0,311.494,0.311932
1748.1,311.493,0.316168
1748.2,311.493,0.320999
1748.3,311.492,0.326261
1748.4,311.491,0.33158
1748.5,311.491,0.336812
1748.6,311.49,0.34202
1748.7,311.49,0.34728
1748.8,311.489,0.352594
1748.9,311.489,0.357961
1749.0,311.488,0.363381
1749.1,311.488,0.366441
1749.2,311.487,0.368595
1749.3,311.487,0.370525
1749.4,311.486,0.372469
1749.5,311.486,0.374681
1749.6,311.485,0.376904
1749.7,311.485,0.37914
1749.8,311.484,0.381388
1749.9,311.484,0.383098
1750.0,311.483,0.383642
1750.1,311.483,0.383336
1750.2,311.482,0.381668
1750.3,311.482,0.380165
1750.4,311.481,0.378864
1750.5,311.481,0.376841
1750.6,311.48,0.37512
1750.7,311.48,0.373668
1750.8,311.479,0.372183
1750.9,311.479,0.370411
1751.0,311.478,0.36864
1751.1,311.478,0.36687
1751.2,311.477,0.365101
1751.3,311.477,0.363334
1751.4,311.476,0.361568
1751.5,311.476,0.359955
1751.6,311.475,0.35836
1751.7,311.475,0.356768
1751.8,311.474,0.355178
1751.9,311.474,0.35359
1752.0,311.473,0.352005
1752.1,311.473,0.350423
1752.2,311.472,0.348844
1752.3,311.472,0.347267
1752.4,311.471,0.345694
1752.5,311.471,0.344124
1752.6,311.47,0.342557
1752.7,311.469,0.340993
1752.8,311.469,0.339433
1752.9,311.468,0.337876
1753.0,311.468,0.336323
1753.1,311.467,0.334774
1753.2,311.467,0.333228
1753.3,311.466,0.331674
1753.4,311.466,0.330098
1753.5,311.465,0.328525
1753.6,311.464,0.326956
1753.7,311.464,0.325391
1753.8,311.463,0.32383
1753.9,311.463,0.322273
1754.0,311.462,0.32072
1754.1,311.462,0.319173
1754.2,311.461,0.317634
1754.3,311.46,0.3161
1754.4,311.46,0.314569
1754.5,311.459,0.313043
1754.6,311.459,0.31152
1754.7,311.458,0.310003
1754.8,311.457,0.308489
1754.9,311.457,0.306979
1755.0,311.456,0.305474
1755.1,311.456,0.303878
1755.2,311.455,0.302098
1755.3,311.454,0.300323
1755.4,311.454,0.298552
1755.5,311.453,0.296786
1755.6,311.453,0.295026
1755.7,311.452,0.29327
1755.8,311.451,0.29152
1755.9,311.451,0.289774
1756.0,311.45,0.288034
1756.1,311.45,0.285445
1756.2,311.449,0.280929
1756.3,311.448,0.276213
1756.4,311.448,0.271528
1756.5,311.447,0.266873
1756.6,311.446,0.26225
1756.7,311.446,0.257658
1756.8,311.445,0.253098
1756.9,311.444,0.248571
1757.0,311.444,0.244198
1757.1,311.443,0.245616
1757.2,311.442,0.247171
1757.3,311.442,0.248743
1757.4,311.441,0.250331
1757.5,311.44,0.251935
1757.6,311.439,0.253556
1757.7,311.439,0.255192
1757.8,311.438,0.256843
1757.9,311.437,0.258473
1758.0,311.437,0.260099
1758.1,311.436,0.255777
1758.2,311.435,0.251389
1758.3,311.435,0.247027
1758.4,311.434,0.242694
1758.5,311.433,0.238389
1758.6,311.433,0.234113
1758.7,311.432,0.229867
1758.8,311.431,0.225651
1758.9,311.43,0.221466
1759.0,311.43,0.21802
1759.1,311.429,0.21592
1759.2,311.428,0.21453
1759.3,311.428,0.213148
1759.4,311.427,0.211772
1759.5,311.426,0.21041
1759.6,311.425,0.209055
1759.7,311.425,0.207706
1759.8,311.424,0.206364
1759.9,311.423,0.205027
1760.0,311.422,0.203696
1760.1,311.421,0.202369
1760.2,311.421,0.201048
1760.3,311.42,0.199742
1760.4,311.419,0.19845
1760.5,311.418,0.197162
1760.6,311.418,0.195879
1760.7,311.417,0.194602
1760.8,311.416,0.19333
1760.9,311.415,0.192061
1761.0,311.415,0.190798
1761.1,311.414,0.189539
1761.2,311.413,0.188285
1761.3,311.412,0.187037
1761.4,311.411,0.185793
1761.5,311.411,0.184554
1761.6,311.41,0.18332
1761.7,311.409,0.18209
1761.8,311.408,0.180866
1761.9,311.407,0.179646
1762.0,311.407,0.178431
1762.1,311.406,0.17722
1762.2,311.405,0.176014
1762.3,311.404,0.174813
1762.4,311.403,0.173618
1762.5,311.403,0.172428
1762.6,311.402,0.171244
1762.7,311.401,0.170064
1762.8,311.4,0.168889
1762.9,311.399,0.16743
1763.0,311.399,0.165977
1763.1,311.398,0.16305
1763.2,311.397,0.159575
1763.3,311.396,0.15613
1763.4,311.395,0.152716
1763.5,311.394,0.149332
1763.6,311.394,0.14598
1763.7,311.393,0.142659
1763.8,311.392,0.139372
1763.9,311.391,0.135934
1764.0,311.39,0.13245
1764.1,311.389,0.127538
1764.2,311.388,0.122281
1764.3,311.388,0.117122
1764.4,311.387,0.112063
1764.5,311.386,0.107104
1764.6,311.385,0.102247
1764.7,311.384,0.097493
1764.8,311.383,0.092842
1764.9,311.382,0.088296
1765.0,311.381,0.083513
1765.1,311.38,0.07623
1765.2,311.379,0.068949
1765.3,311.378,0.062013
1765.4,311.377,0.055426
1765.5,311.376,0.049192
1765.6,311.375,0.043313
1765.7,311.374,0.037793
1765.8,311.373,0.032635
1765.9,311.372,0.027888
1766.0,311.371,0.023501
1766.1,311.37,0.019476
1766.2,311.369,0.015868
1766.3,311.368,0.012625
1766.4,311.367,0.00974
1766.5,311.366,0.007215
1766.6,311.365,0.005051
1766.7,311.364,0.003251
1766.8,311.363,0.001818
1766.9,311.362,0.000751
1767.0,311.36,0.0
1767.1,311.359,0.0
1767.2,311.358,0.0
1767.3,311.357,0.0
1767.4,311.356,0.0
1767.5,311.355,0.0
1767.6,311.354,0.0
1767.7,311.353,0.0
1767.8,311.352,0.0
1767.9,311.351,0.0
1768.0,311.35,0.0
1768.1,311.349,0.0
1768.2,311.347,0.0
1768.3,311.346,0.0
1768.4,311.345,0.0
1768.5,311.344,0.0
1768.6,311.343,0.0
1768.7,311.342,0.0
1768.8,311.341,0.0
1768.9,311.34,0.0
1769.0,311.339,0.0
1769.1,311.338,0.0
1769.2,311.337,0.0
1769.3,311.336,0.0
1769.4,311.335,0.0
1769.5,311.333,0.0
1769.6,311.332,0.0
1769.7,311.331,0.0
1769.8,311.33,0.0
1769.9,311.329,0.0
1770.0,311.328,0.0
1770.1,311.327,0.0
1770.2,311.326,0.0
1770.3,311.325,0.0
1770.4,311.324,0.0
1770.5,311.323,0.0
1770.6,311.322,0.0
1770.7,311.32,0.0
1770.8,311.319,0.0
1770.9,311.318,0.0
1771.0,311.317,0.0
1771.1,311.316,0.0
1771.2,311.315,0.0
1771.3,311.314,0.0
1771.4,311.313,0.0
1771.5,311.312,0.0
1771.6,311.311,0.0
1771.7,311.31,0.0
1771.8,311.309,0.0
1771.9,311.308,0.0
1772.0,311.306,0.0
1772.1,311.305,0.0
1772.2,311.304,0.0
1772.3,311.303,0.0
1772.4,311.302,0.0
1772.5,311.301,0.0
1772.6,311.3,0.0
1772.7,311.299,0.0
1772.8,311.298,0.0
1772.9,311.297,0.0
1773.0,311.296,0.0
1773.1,311.295,0.0
1773.2,311.294,0.0
1773.3,311.292,0.0
1773.4,311.291,0.0
1773.5,311.29,0.0
1773.6,311.289,0.0
1773.7,311.288,0.0
1773.8,311.287,0.0
1773.9,311.286,0.0
1774.0,311.285,0.0
1774.1,311.284,0.0
1774.2,311.283,0.0
1774.3,311.282,0.0
1774.4,311.281,0.0
1774.5,311.28,0.0
1774.6,311.279,0.0
1774.7,311.277,0.0
1774.8,311.276,0.0
1774.9,311.275,0.0
1775.0,311.274,0.0
1775.1,311.273,0.0
1775.2,311.272,0.0
1775.3,311.271,0.0
1775.4,311.27,0.0
1775.5,311.269,0.0
1775.6,311.268,0.0
1775.7,311.267,0.0
1775.8,311.266,0.0
1775.9,311.265,0.0
1776.0,311.264,0.0
1776.1,311.262,0.0
1776.2,311.261,0.0
1776.3,311.26,0.0
1776.4,311.259,0.0
1776.5,311.258,0.0
1776.6,311.257,0.0
1776.7,311.256,0.0
1776.8,311.255,0.0
1776.9,311.254,0.0
1777.0,311.253,0.0
1777.1,311.252,0.0
1777.2,311.251,0.0
1777.3,311.25,0.0
1777.4,311.249,0.0
1777.5,311.247,0.0
1777.6,311.246,0.0
1777.7,311.245,0.0
1777.8,311.244,0.0
1777.9,311.243,0.0
1778.0,311.242,0.0
1778.1,311.241,0.0
1778.2,311.24,0.0
1778.3,311.239,0.0
1778.4,311.238,0.0
1778.5,311.237,0.0
1778.6,311.236,0.0
1778.7,311.235,0.0
1778.8,311.234,0.0
1778.9,311.233,0.0
1779.0,311.231,0.0
1779.1,311.23,0.0
1779.2,311.229,0.0
1779.3,311.228,0.0
1779.4,311.227,0.0
1779.5,311.226,0.0
1779.6,311.225,0.0
1779.7,311.224,0.0
1779.8,311.223,0.0
1779.9,311.222,0.0
1780.0,311.221,0.0
1780.1,311.22,0.0
1780.2,311.219,0.0
1780.3,311.218,0.0
1780.4,311.217,0.0
1780.5,311.215,0.0
1780.6,311.214,0.0
1780.7,311.213,0.0
1780.8,311.212,0.0
1780.9,311.211,0.0
1781.0,311.21,0.0
1781.1,311.209,0.0
1781.2,311.208,0.0
1781.3,311.207,0.0
1781.4,311.206,0.0
1781.5,311.205,0.0
1781.6,311.204,0.0
1781.7,311.203,0.0
1781.8,311.202,0.0
1781.9,311.201,0.0
1782.0,311.199,0.0
1782.1,311.198,0.0
1782.2,311.197,0.0
1782.3,311.196,0.0
1782.4,311.195,0.0
1782.5,311.194,0.0
1782.6,311.193,0.0
1782.7,311.192,0.0
1782.8,311.191,0.0
1782.9,311.19,0.0
1783.0,311.189,0.0
1783.1,311.188,0.0
1783.2,311.187,0.0
1783.3,311.186,0.0
1783.4,311.185,0.0
1783.5,311.184,0.0
1783.6,311.182,0.0
1783.7,311.181,0.0
1783.8,311.18,0.0
1783.9,311.179,0.0
1784.0,311.178,0.0
1784.1,311.177,0.0
1784.2,311.176,0.0
1784.3,311.175,0.0
1784.4,311.174,0.0
1784.5,311.173,0.0
1784.6,311.172,0.0
1784.7,311.171,0.0
1784.8,311.17,0.0
1784.9,311.169,0.0
1785.0,311.168,0.0
1785.1,311.167,0.0
1785.2,311.165,0.0
1785.3,311.164,0.0
1785.4,311.163,0.0
1785.5,311.162,0.0
1785.6,311.161,0.0
1785.7,311.16,0.0
1785.8,311.159,0.0
1785.9,311.158,0.0
1786.0,311.157,0.0
1786.1,311.156,0.0
1786.2,311.155,0.0
1786.3,311.154,0.0
1786.4,311.153,0.0
1786.5,311.152,0.0
1786.6,311.151,0.0
1786.7,311.15,0.0
1786.8,311.149,0.0
1786.9,311.147,0.0
1787.0,311.146,0.0
1787.1,311.145,0.0
1787.2,311.144,0.0
1787.3,311.143,0.0
1787.4,311.142,0.0
1787.5,311.141,0.0
1787.6,311.14,0.0
1787.7,311.139,0.0
1787.8,311.138,0.0
1787.9,311.137,0.0
1788.0,311.136,0.0
1788.1,311.135,0.0
1788.2,311.134,0.0
1788.3,311.133,0.0
1788.4,311.132,0.0
1788.5,311.131,0.0
1788.6,311.129,0.0
1788.7,311.128,0.0
1788.8,311.127,0.0
1788.9,311.126,0.0
1789.0,311.125,0.0
1789.1,311.124,0.0
1789.2,311.123,0.0
1789.3,311.122,0.0
1789.4,311.121,0.0
1789.5,311.12,0.0
1789.6,311.119,0.0
1789.7,311.118,0.0
1789.8,311.117,0.0
1789.9,311.116,0.0
1790.0,311.115,0.0
1790.1,311.114,0.0
1790.2,311.113,0.0
1790.3,311.112,0.0
1790.4,311.11,0.0
1790.5,311.109,0.0
1790.6,311.108,0.0
1790.7,311.107,0.0
1790.8,311.106,0.0
1790.9,311.105,0.0
1791.0,311.104,0.0
1791.1,311.103,0.0
1791.2,311.102,0.0
1791.3,311.101,0.0
1791.4,311.1,0.0
1791.5,311.099,0.0
1791.6,311.098,0.0
1791.7,311.097,0.0
1791.8,311.096,0.0
1791.9,311.095,0.0
1792.0,311.094,0.0
1792.1,311.093,0.0
1792.2,311.092,0.0
1792.3,311.09,0.0
1792.4,311.089,0.0
1792.5,311.088,0.0
1792.6,311.087,0.0
1792.7,311.086,0.0
1792.8,311.085,0.0
1792.9,311.084,0.0
1793.0,311.083,0.0
1793.1,311.082,0.0
1793.2,311.081,0.0
1793.3,311.08,0.0
1793.4,311.079,0.0
1793.5,311.078,0.0
1793.6,311.077,0.0
1793.7,311.076,0.0
1793.8,311.075,0.0
1793.9,311.074,0.0
1794.0,311.073,0.0
1794.1,311.072,0.0
1794.2,311.07,0.0
1794.3,311.069,0.0
1794.4,311.068,0.0
1794.5,311.067,0.0
1794.6,311.066,0.0
1794.7,311.065,0.0
1794.8,311.064,0.0
1794.9,311.063,0.0
1795.0,311.062,0.0
1795.1,311.061,0.0
1795.2,311.06,0.0
1795.3,311.059,0.0
1795.4,311.058,0.0
1795.5,311.057,0.0
1795.6,311.056,0.0
1795.7,311.055,0.0
1795.8,311.054,0.0
1795.9,311.053,0.0
1796.0,311.052,0.0
1796.1,311.051,0.0
1796.2,311.05,0.0
1796.3,311.048,0.0
1796.4,311.047,0.0
1796.5,311.046,0.0
1796.6,311.045,0.0
1796.7,311.044,0.0
1796.8,311.043,0.0
1796.9,311.042,0.0
1797.0,311.041,0.0
1797.1,311.04,0.0
1797.2,311.039,0.0
1797.3,311.038,0.0
1797.4,311.037,0.0
1797.5,311.036,0.0
1797.6,311.035,0.0
1797.7,311.034,0.0
1797.8,311.033,0.0
1797.9,311.032,0.0
1798.0,311.031,0.0
1798.1,311.03,0.0
1798.2,311.029,0.0
1798.3,311.028,0.0
1798.4,311.026,0.0
1798.5,311.025,0.0
1798.6,311.024,0.0
1798.7,311.023,0.0
1798.8,311.022,0.0
1798.9,311.021,0.0
1799.0,311.02,0.0
1799.1,311.019,0.0
1799.2,311.018,0.0
1799.3,311.017,0.0
1799.4,311.016,0.0
1799.5,311.015,0.0
1799.6,311.014,0.0
1799.7,311.013,0.0
1799.8,311.012,0.0
1799.9,311.011,0.0
1800.0,311.01,0.0
1800.1,311.009,0.0
1800.2,311.008,0.0
1800.3,311.007,0.0
1800.4,311.006,0.0
1800.5,311.005,0.0
1800.6,311.003,0.0
1800.7,311.002,0.0
1800.8,311.001,0.0
1800.9,311.0,0.0
1801.0,310.999,0.0
1801.1,310.998,0.0
1801.2,310.997,0.0
1801.3,310.996,0.0
1801.4,310.995,0.0
1801.5,310.994,0.0
1801.6,310.993,0.0
1801.7,310.992,0.0
1801.8,310.991,0.0
1801.9,310.99,0.0
1802.0,310.989,0.0
1802.1,310.988,0.0
1802.2,310.987,0.0
1802.3,310.986,0.0
1802.4,310.985,0.0
1802.5,310.984,0.0
1802.6,310.983,0.0
1802.7,310.982,0.0
1802.8,310.981,0.0
1802.9,310.979,0.0
1803.0,310.978,0.0
1803.1,310.977,0.0
1803.2,310.976,0.0
1803.3,310.975,0.0
1803.4,310.974,0.0
1803.5,310.973,0.0
1803.6,310.972,0.0
1803.7,310.971,0.0
1803.8,310.97,0.0
1803.9,310.969,0.0
1804.0,310.968,0.0
1804.1,310.967,0.0
1804.2,310.966,0.0
1804.3,310.965,0.0
1804.4,310.964,0.0
1804.5,310.963,0.0
1804.6,310.962,0.0
1804.7,310.961,0.0
1804.8,310.96,0.0
1804.9,310.959,0.0
1805.0,310.958,0.0
1805.1,310.957,0.0
1805.2,310.956,0.0
1805.3,310.954,0.0
1805.4,310.953,0.0
1805.5,310.952,0.0
1805.6,310.951,0.0
1805.7,310.95,0.0
1805.8,310.949,0.0
1805.9,310.948,0.0
1806.0,310.947,0.0
1806.1,310.946,0.0
1806.2,310.945,0.0
1806.3,310.944,0.0
1806.4,310.943,0.0
1806.5,310.942,0.0
1806.6,310.941,0.0
1806.7,310.94,0.0
1806.8,310.939,0.0
1806.9,310.938,0.0
1807.0,310.937,0.0
1807.1,310.936,0.0
1807.2,310.935,0.0
1807.3,310.934,0.0
1807.4,310.933,0.0
1807.5,310.932,0.0
1807.6,310.931,0.0
1807.7,310.93,0.0
1807.8,310.929,0.0
1807.9,310.927,0.0
1808.0,310.926,0.0
1808.1,310.925,0.0
1808.2,310.924,0.0
1808.3,310.923,0.0
1808.4,310.922,0.0
1808.5,310.921,0.0
1808.6,310.92,0.0
1808.7,310.919,0.0
1808.8,310.918,0.0
1808.9,310.917,0.0
1809.0,310.916,0.0
1809.1,310.915,0.0
1809.2,310.914,0.0
1809.3,310.913,0.0
1809.4,310.912,0.0
1809.5,310.911,0.0
1809.6,310.91,0.0
1809.7,310.909,0.0
1809.8,310.908,0.0
1809.9,310.907,0.0
1810.0,310.906,0.0
1810.1,310.905,0.0
1810.2,310.904,0.0
1810.3,310.903,0.0
1810.4,310.902,0.0
1810.5,310.901,0.0
1810.6,310.9,0.0
1810.7,310.898,0.0
1810.8,310.897,0.0
1810.9,310.896,0.0
1811.0,310.895,0.0
1811.1,310.894,-4.7e-05
1811.2,310.893,-9.5e-05
1811.3,310.892,-0.000143
1811.4,310.891,-0.00019
1811.5,310.89,-0.000237
1811.6,310.889,-0.000283
1811.7,310.888,-0.00033
1811.8,310.887,-0.000376
1811.9,310.886,-0.000422
1812.0,310.885,-0.000469
1812.1,310.884,-0.001325
1812.2,310.883,-0.002217
1812.3,310.882,-0.003104
1812.4,310.881,-0.00398
1812.5,310.88,-0.004847
1812.6,310.879,-0.005703
1812.7,310.878,-0.006549
1812.8,310.877,-0.007384
1812.9,310.876,-0.008209
1813.0,310.875,-0.009045
1813.1,310.874,-0.011376
1813.2,310.873,-0.013633
1813.3,310.871,-0.015792
1813.4,310.87,-0.017854
1813.5,310.869,-0.019815
1813.6,310.868,-0.021677
1813.7,310.867,-0.023438
1813.8,310.866,-0.025096
1813.9,310.865,-0.026651
1814.0,310.864,-0.028072
1814.1,310.863,-0.028721
1814.2,310.862,-0.029381
1814.3,310.861,-0.029948
1814.4,310.86,-0.03049
1814.5,310.859,-0.031008
1814.6,310.858,-0.0315
1814.7,310.856,-0.031968
1814.8,310.855,-0.032411
1814.9,310.854,-0.032828
1815.0,310.853,-0.033269
1815.1,310.852,-0.034068
1815.2,310.851,-0.034805
1815.3,310.85,-0.03543
1815.4,310.849,-0.035944
1815.5,310.848,-0.036345
1815.6,310.847,-0.036634
1815.7,310.846,-0.036808
1815.8,310.844,-0.036868
1815.9,310.843,-0.036813
1816.0,310.842,-0.036642
1816.1,310.841,-0.036223
1816.2,310.84,-0.035485
1816.3,310.839,-0.034425
1816.4,310.838,-0.033041
1816.5,310.837,-0.031332
1816.6,310.836,-0.029295
1816.7,310.835,-0.026927
1816.8,310.834,-0.024228
1816.9,310.833,-0.021195
1817.0,310.831,-0.01803
1817.1,310.83,-0.015909
1817.2,310.829,-0.013913
1817.3,310.828,-0.011841
1817.4,310.827,-0.009692
1817.5,310.826,-0.007466
1817.6,310.825,-0.005162
1817.7,310.824,-0.002781
1817.8,310.823,-0.000322
1817.9,310.822,0.002216
1818.0,310.821,0.00435
1818.1,310.82,-0.001175
1818.2,310.819,-0.00664
1818.3,310.818,-0.011555
1818.4,310.817,-0.015906
1818.5,310.816,-0.019682
1818.6,310.815,-0.022871
1818.7,310.814,-0.025464
1818.8,310.813,-0.02745
1818.9,310.812,-0.02882
1819.0,310.811,-0.029561
1819.1,310.809,-0.029686
1819.2,310.808,-0.029702
1819.3,310.807,-0.02961
1819.4,310.806,-0.02941
1819.5,310.805,-0.0291
1819.6,310.804,-0.028679
1819.7,310.803,-0.028146
1819.8,310.802,-0.0275
1819.9,310.801,-0.02674
1820.0,310.8,-0.025905
1820.1,310.799,-0.025416
1820.2,310.798,-0.024937
1820.3,310.797,-0.024428
1820.4,310.796,-0.023889
1820.5,310.794,-0.02332
1820.6,310.793,-0.022722
1820.7,310.792,-0.022093
1820.8,310.791,-0.021434
1820.9,310.79,-0.020746
1821.0,310.789,-0.020033
1821.1,310.788,-0.020697
1821.2,310.787,-0.021347
1821.3,310.786,-0.021977
1821.4,310.785,-0.022585
1821.5,310.784,-0.023172
1821.6,310.783,-0.023737
1821.7,310.782,-0.024281
1821.8,310.781,-0.024802
1821.9,310.78,-0.025301
1822.0,310.779,-0.025741
1822.1,310.777,-0.025512
1822.2,310.776,-0.025241
1822.3,310.775,-0.024963
1822.4,310.774,-0.024679
1822.5,310.773,-0.02439
1822.6,310.772,-0.024094
1822.7,310.771,-0.023792
1822.8,310.77,-0.023484
1822.9,310.769,-0.02317
1823.0,310.768,-0.022877
1823.1,310.767,-0.025346
1823.2,310.766,-0.027405
1823.3,310.765,-0.029019
1823.4,310.764,-0.030185
1823.5,310.763,-0.030897
1823.6,310.761,-0.031151
1823.7,310.76,-0.030941
1823.8,310.759,-0.030265
1823.9,310.758,-0.029117
1824.0,310.757,-0.027549
1824.1,310.756,-0.0278
1824.2,310.755,-0.028082
1824.3,310.754,-0.028338
1824.4,310.753,-0.028568
1824.5,310.752,-0.028769
1824.6,310.751,-0.028941
1824.7,310.75,-0.029081
1824.8,310.749,-0.029189
1824.9,310.748,-0.029263
1825.0,310.746,-0.029294
1825.1,310.745,-0.028785
1825.2,310.744,-0.02788
1825.3,310.743,-0.026585
1825.4,310.742,-0.024896
1825.5,310.741,-0.02281
1825.6,310.74,-0.020322
1825.7,310.739,-0.017431
1825.8,310.738,-0.014133
1825.9,310.737,-0.010426
1826.0,310.736,-0.00658
1826.1,310.735,-0.004014
1826.2,310.734,-0.001619
1826.3,310.733,0.000876
1826.4,310.732,0.003471
1826.5,310.731,0.006168
1826.6,310.73,0.008966
1826.7,310.729,0.011866
1826.8,310.728,0.014868
1826.9,310.727,0.017814
1827.0,310.726,0.020557
1827.1,310.725,0.023182
1827.2,310.724,0.02522
1827.3,310.723,0.027288
1827.4,310.722,0.029385
1827.5,310.721,0.031513
1827.6,310.72,0.03367
1827.7,310.719,0.035858
1827.8,310.718,0.038077
1827.9,310.717,0.040327
1828.0,310.716,0.042382
1828.1,310.715,0.042826
1828.2,310.714,0.043031
1828.3,310.713,0.04322
1828.4,310.712,0.043396
1828.5,310.711,0.043559
1828.6,310.71,0.04371
1828.7,310.709,0.043849
1828.8,310.709,0.043976
1828.9,310.708,0.044093
1829.0,310.707,0.043651
1829.1,310.706,0.038747
1829.2,310.705,0.033508
1829.3,310.704,0.028482
1829.4,310.703,0.023677
1829.5,310.702,0.019096
1829.6,310.701,0.014746
1829.7,310.7,0.01063
1829.8,310.699,0.006753
1829.9,310.698,0.003119
1830.0,310.697,-0.000256
1830.1,310.696,-0.001555
1830.2,310.695,-0.002805
1830.3,310.694,-0.004016
1830.4,310.693,-0.005187
1830.5,310.692,-0.006317
1830.6,310.691,-0.007406
1830.7,310.69,-0.008455
1830.8,310.689,-0.009462
1830.9,310.688,-0.010427
1831.0,310.687,-0.011333
1831.1,310.686,-0.011788
1831.2,310.684,-0.012215
1831.3,310.683,-0.012632
1831.4,310.682,-0.013037
1831.5,310.681,-0.013431
1831.6,310.68,-0.013815
1831.7,310.679,-0.014187
1831.8,310.678,-0.014549
1831.9,310.677,-0.0149
1832.0,310.676,-0.015182
1832.1,310.675,-0.015399
1832.2,310.674,-0.015554
1832.3,310.673,-0.015706
1832.4,310.672,-0.015855
1832.5,310.671,-0.016
1832.6,310.67,-0.016142
1832.7,310.669,-0.016281
1832.8,310.668,-0.016418
1832.9,310.667,-0.016551
1833.0,310.666,-0.016708
1833.1,310.665,-0.01732
1833.2,310.664,-0.017894
1833.3,310.663,-0.018404
1833.4,310.662,-0.018849
1833.5,310.661,-0.019229
1833.6,310.659,-0.019543
1833.7,310.658,-0.01979
1833.8,310.657,-0.019967
1833.9,310.656,-0.020075
1834.0,310.655,-0.020112
1834.1,310.654,-0.020075
1834.2,310.653,-0.019958
1834.3,310.652,-0.01976
1834.4,310.651,-0.019482
1834.5,310.65,-0.019122
1834.6,310.649,-0.018679
1834.7,310.648,-0.018154
1834.8,310.647,-0.017546
1834.9,310.646,-0.016853
1835.0,310.645,-0.016049
1835.1,310.644,-0.015022
1835.2,310.643,-0.013847
1835.3,310.642,-0.012549
1835.4,310.641,-0.011129
1835.5,310.64,-0.009583
1835.6,310.639,-0.007913
1835.7,310.638,-0.006116
1835.8,310.637,-0.004193
1835.9,310.636,-0.002141
1836.0,310.635,-0.0
1836.1,310.634,0.0
1836.2,310.633,0.0
1836.3,310.632,0.0
1836.4,310.63,0.0
1836.5,310.629,0.0
1836.6,310.628,0.0
1836.7,310.627,0.0
1836.8,310.626,0.0
1836.9,310.625,0.0
1837.0,310.624,0.0
1837.1,310.623,0.0
1837.2,310.622,0.0
1837.3,310.621,0.0
1837.4,310.62,0.0
1837.5,310.619,0.0
1837.6,310.618,0.0
1837.7,310.617,0.0
1837.8,310.616,0.0
1837.9,310.615,0.0
1838.0,310.614,0.0
1838.1,310.613,0.0
1838.2,310.612,0.0
1838.3,310.611,0.0
1838.4,310.61,0.0
1838.5,310.609,0.0
1838.6,310.608,0.0
1838.7,310.607,0.0
1838.8,310.606,0.0
1838.9,310.605,0.0
1839.0,310.604,0.0
1839.1,310.603,0.0
1839.2,310.602,0.0
1839.3,310.601,0.0
1839.4,310.6,0.0
1839.5,310.599,0.0
1839.6,310.598,0.0
1839.7,310.597,0.0
1839.8,310.596,0.0
1839.9,310.595,0.0
1840.0,310.594,0.0
1840.1,310.593,0.0
1840.2,310.592,0.0
1840.3,310.591,0.0
1840.4,310.59,0.0
1840.5,310.589,0.0
1840.6,310.588,0.0
1840.7,310.587,0.0
1840.8,310.586,0.0
1840.9,310.585,0.0
1841.0,310.584,0.0
1841.1,310.583,0.0
1841.2,310.582,0.0
1841.3,310.581,0.0
1841.4,310.58,0.0
1841.5,310.579,0.0
1841.6,310.578,0.0
1841.7,310.577,0.0
1841.8,310.576,0.0
1841.9,310.575,0.0
1842.0,310.574,0.0
1842.1,310.573,0.0
1842.2,310.572,0.0
1842.3,310.571,0.0
1842.4,310.57,0.0
1842.5,310.569,0.0
1842.6,310.568,0.0
1842.7,310.567,0.0
1842.8,310.566,0.0
1842.9,310.565,0.0
1843.0,310.564,0.0
1843.1,310.563,0.0
1843.2,310.562,0.0
1843.3,310.561,0.0
1843.4,310.56,0.0
1843.5,310.559,0.0
1843.6,310.558,0.0
1843.7,310.557,0.0
1843.8,310.556,0.0
1843.9,310.555,0.0
1844.0,310.554,0.0
1844.1,310.553,0.0
1844.2,310.552,0.0
1844.3,310.551,0.0
1844.4,310.55,0.0
1844.5,310.549,0.0
1844.6,310.548,0.0
1844.7,310.547,0.0
1844.8,310.546,0.0
1844.9,310.545,0.0
1845.0,310.544,0.0
1845.1,310.543,0.0
1845.2,310.542,0.0
1845.3,310.541,0.0
1845.4,310.54,0.0
1845.5,310.539,0.0
1845.6,310.538,0.0
1845.7,310.537,0.0
1845.8,310.536,0.0
1845.9,310.535,0.0
1846.0,310.534,0.0
1846.1,310.533,0.0
1846.2,310.532,0.0
1846.3,310.531,0.0
1846.4,310.53,0.0
1846.5,310.529,0.0
1846.6,310.528,0.0
1846.7,310.527,0.0
1846.8,310.526,0.0
1846.9,310.525,0.0
1847.0,310.524,0.0
1847.1,310.523,0.0
1847.2,310.522,0.0
1847.3,310.521,0.0
1847.4,310.52,0.0
1847.5,310.519,0.0
1847.6,310.518,0.0
1847.7,310.517,0.0
1847.8,310.516,0.0
1847.9,310.515,0.0
1848.0,310.514,0.0
1848.1,310.513,-0.000928
1848.2,310.512,-0.001883
1848.3,310.511,-0.00283
1848.4,310.51,-0.003764
1848.5,310.509,-0.004685
1848.6,310.508,-0.005593
1848.7,310.507,-0.006488
1848.8,310.506,-0.00737
1848.9,310.505,-0.008238
1849.0,310.504,-0.009069
1849.1,310.503,-0.008287
1849.2,310.502,-0.007468
1849.3,310.5,-0.006635
1849.4,310.499,-0.005789
1849.5,310.498,-0.004929
1849.6,310.497,-0.004056
1849.7,310.496,-0.003168
1849.8,310.495,-0.002266
1849.9,310.494,-0.001349
1850.0,310.493,-0.000439
1850.1,310.492,-0.000396
1850.2,310.491,-0.000353
1850.3,310.49,-0.00031
1850.4,310.489,-0.000267
1850.5,310.488,-0.000224
1850.6,310.487,-0.000179
1850.7,310.486,-0.000135
1850.8,310.485,-9e-05
1850.9,310.484,-4.5e-05
1851.0,310.483,-0.0
1851.1,310.482,0.0
1851.2,310.481,0.0
1851.3,310.48,0.0
1851.4,310.479,0.0
1851.5,310.478,0.0
1851.6,310.477,0.0
1851.7,310.476,0.0
1851.8,310.475,0.0
1851.9,310.474,0.0
1852.0,310.473,0.0
1852.1,310.472,0.0
1852.2,310.471,0.0
1852.3,310.47,0.0
1852.4,310.469,0.0
1852.5,310.468,0.0
1852.6,310.467,0.0
1852.7,310.466,0.0
1852.8,310.465,0.0
1852.9,310.464,0.0
1853.0,310.463,0.0
1853.1,310.462,-0.000452
1853.2,310.461,-0.000904
1853.3,310.46,-0.001368
1853.4,310.459,-0.001834
1853.5,310.458,-0.002297
1853.6,310.457,-0.002758
1853.7,310.456,-0.003217
1853.8,310.455,-0.003673
1853.9,310.454,-0.004126
1854.0,310.453,-0.004573
1854.1,310.452,-0.004724
1854.2,310.451,-0.004872
1854.3,310.45,-0.005019
1854.4,310.449,-0.005166
1854.5,310.448,-0.005313
1854.6,310.447,-0.005459
1854.7,310.446,-0.005606
1854.8,310.445,-0.005752
1854.9,310.444,-0.005898
1855.0,310.443,-0.006027
1855.1,310.442,-0.006047
1855.2,310.441,-0.00605
1855.3,310.44,-0.006053
1855.4,310.439,-0.006056
1855.5,310.438,-0.006059
1855.6,310.437,-0.006062
1855.7,310.436,-0.006065
1855.8,310.435,-0.006068
1855.9,310.434,-0.006082
1856.0,310.433,-0.006099
1856.1,310.432,-0.006528
1856.2,310.431,-0.006979
1856.3,310.43,-0.007426
1856.4,310.429,-0.007871
1856.5,310.428,-0.008313
1856.6,310.427,-0.008751
1856.7,310.426,-0.009186
1856.8,310.425,-0.009618
1856.9,310.424,-0.010047
1857.0,310.423,-0.010468
1857.1,310.422,-0.010506
1857.2,310.421,-0.01054
1857.3,310.42,-0.010573
1857.4,310.419,-0.010606
1857.5,310.418,-0.01064
1857.6,310.417,-0.010673
1857.7,310.416,-0.010707
1857.8,310.415,-0.01074
1857.9,310.414,-0.010774
1858.0,310.413,-0.010808
1858.1,310.412,-0.01345
1858.2,310.411,-0.015956
1858.3,310.41,-0.018326
1858.4,310.409,-0.020557
1858.5,310.408,-0.022648
1858.6,310.407,-0.024598
1858.7,310.406,-0.026404
1858.8,310.405,-0.028067
1858.9,310.404,-0.029584
1859.0,310.403,-0.030856
1859.1,310.402,-0.029882
1859.2,310.401,-0.028751
1859.3,310.4,-0.02756
1859.4,310.399,-0.02631
1859.5,310.398,-0.024997
1859.6,310.397,-0.023622
1859.7,310.396,-0.022182
1859.8,310.395,-0.020676
1859.9,310.393,-0.019104
1860.0,310.392,-0.017489
1860.1,310.391,-0.017538
1860.2,310.39,-0.017612
1860.3,310.389,-0.017685
1860.4,310.388,-0.017758
1860.5,310.387,-0.017831
1860.6,310.386,-0.017903
1860.7,310.385,-0.017975
1860.8,310.384,-0.018046
1860.9,310.383,-0.018117
1861.0,310.382,-0.018145
1861.1,310.381,-0.017775
1861.2,310.38,-0.017359
1861.3,310.379,-0.016938
1861.4,310.378,-0.016513
1861.5,310.377,-0.016084
1861.6,310.376,-0.015651
1861.7,310.375,-0.015213
1861.8,310.374,-0.014771
1861.9,310.373,-0.014325
1862.0,310.372,-0.01391
1862.1,310.371,-0.014966
1862.2,310.37,-0.016031
1862.3,310.369,-0.017069
1862.4,310.368,-0.018081
1862.5,310.367,-0.019065
1862.6,310.366,-0.020023
1862.7,310.365,-0.020953
1862.8,310.364,-0.021856
1862.9,310.363,-0.02273
1863.0,310.362,-0.023521
1863.1,310.361,-0.023389
1863.2,310.36,-0.023202
1863.3,310.359,-0.023015
1863.4,310.358,-0.022827
1863.5,310.357,-0.022636
1863.6,310.356,-0.022444
1863.7,310.355,-0.022252
1863.8,310.354,-0.022059
1863.9,310.353,-0.021869
1864.0,310.352,-0.021676
1864.1,310.351,-0.021115
1864.2,310.35,-0.020539
1864.3,310.349,-0.019955
1864.4,310.347,-0.019362
1864.5,310.346,-0.01876
1864.6,310.345,-0.018148
1864.7,310.344,-0.017528
1864.8,310.343,-0.016898
1864.9,310.342,-0.016259
1865.0,310.341,-0.015636
1865.1,310.34,-0.015639
1865.2,310.339,-0.015669
1865.3,310.338,-0.015704
1865.4,310.337,-0.015739
1865.5,310.336,-0.015774
1865.6,310.335,-0.015808
1865.7,310.334,-0.015842
1865.8,310.333,-0.015876
1865.9,310.332,-0.015902
1866.0,310.331,-0.015942
1866.1,310.33,-0.018942
1866.2,310.329,-0.021725
1866.3,310.328,-0.024276
1866.4,310.327,-0.026601
1866.5,310.326,-0.02871
1866.6,310.325,-0.030563
1866.7,310.324,-0.032118
1866.8,310.323,-0.03344
1866.9,310.322,-0.034525
1867.0,310.321,-0.035371
1867.1,310.32,-0.035938
1867.2,310.319,-0.036243
1867.3,310.318,-0.036388
1867.4,310.317,-0.036351
1867.5,310.316,-0.036131
1867.6,310.315,-0.035725
1867.7,310.314,-0.03513
1867.8,310.313,-0.034346
1867.9,310.312,-0.033387
1868.0,310.31,-0.032243
1868.1,310.309,-0.031055
1868.2,310.308,-0.029816
1868.3,310.307,-0.028454
1868.4,310.306,-0.026969
1868.5,310.305,-0.025362
1868.6,310.304,-0.02363
1868.7,310.303,-0.021774
1868.8,310.302,-0.019815
1868.9,310.301,-0.017734
1869.0,310.3,-0.015531
1869.1,310.299,-0.013704
1869.2,310.298,-0.011889
1869.3,310.297,-0.010012
1869.4,310.296,-0.008071
1869.5,310.295,-0.006068
1869.6,310.294,-0.004001
1869.7,310.293,-0.001871
1869.8,310.292,0.000273
1869.9,310.291,0.002424
1870.0,310.29,0.004633
1870.1,310.289,0.005325
1870.2,310.288,0.005737
1870.3,310.287,0.006136
1870.4,310.286,0.006524
1870.5,310.285,0.0069
1870.6,310.284,0.007265
1870.7,310.283,0.00762
1870.8,310.282,0.007964
1870.9,310.281,0.0083
1871.0,310.28,0.008295
1871.1,310.28,0.006158
1871.2,310.279,0.003767
1871.3,310.278,0.001452
1871.4,310.277,-0.000782
1871.5,310.276,-0.002934
1871.6,310.275,-0.005
1871.7,310.274,-0.006979
1871.8,310.273,-0.008853
1871.9,310.272,-0.010566
1872.0,310.271,-0.012193
1872.1,310.27,-0.013727
1872.2,310.269,-0.015021
1872.3,310.268,-0.016243
1872.4,310.267,-0.017394
1872.5,310.266,-0.01847
1872.6,310.265,-0.019472
1872.7,310.264,-0.020408
1872.8,310.263,-0.021268
1872.9,310.262,-0.022034
1873.0,310.261,-0.022675
1873.1,310.259,-0.022846
1873.2,310.258,-0.022979
1873.3,310.257,-0.023107
1873.4,310.256,-0.023229
1873.5,310.255,-0.023346
1873.6,310.254,-0.023458
1873.7,310.253,-0.023565
1873.8,310.252,-0.023668
1873.9,310.251,-0.023765
1874.0,310.25,-0.023848
1874.1,310.249,-0.023697
1874.2,310.248,-0.023523
1874.3,310.247,-0.023334
1874.4,310.246,-0.023132
1874.5,310.245,-0.022917
1874.6,310.244,-0.022688
1874.7,310.243,-0.022446
1874.8,310.242,-0.022185
1874.9,310.241,-0.021911
1875.0,310.24,-0.021622
1875.1,310.239,-0.02132
1875.2,310.238,-0.020993
1875.3,310.237,-0.020647
1875.4,310.236,-0.020287
1875.5,310.235,-0.019911
1875.6,310.234,-0.019521
1875.7,310.233,-0.019116
1875.8,310.232,-0.018696
1875.9,310.231,-0.018261
1876.0,310.23,-0.017915
1876.1,310.229,-0.018186
1876.2,310.228,-0.018548
1876.3,310.227,-0.018901
1876.4,310.226,-0.019243
1876.5,310.225,-0.019574
1876.6,310.224,-0.019893
1876.7,310.223,-0.020199
1876.8,310.222,-0.020494
1876.9,310.221,-0.020788
1877.0,310.22,-0.0211
1877.1,310.219,-0.021698
1877.2,310.218,-0.022246
1877.3,310.217,-0.022686
1877.4,310.216,-0.023016
1877.5,310.215,-0.023233
1877.6,310.214,-0.023338
1877.7,310.213,-0.023328
1877.8,310.212,-0.023201
1877.9,310.211,-0.022956
1878.0,310.21,-0.022575
1878.1,310.209,-0.021958
1878.2,310.208,-0.021132
1878.3,310.207,-0.020114
1878.4,310.206,-0.018902
1878.5,310.205,-0.017493
1878.6,310.204,-0.015885
1878.7,310.203,-0.014078
1878.8,310.202,-0.012068
1878.9,310.201,-0.009855
1879.0,310.2,-0.007438
1879.1,310.199,-0.00742
1879.2,310.198,-0.007403
1879.3,310.197,-0.007385
1879.4,310.196,-0.007365
1879.5,310.195,-0.007345
1879.6,310.194,-0.007324
1879.7,310.193,-0.007302
1879.8,310.192,-0.007279
1879.9,310.191,-0.007255
1880.0,310.19,-0.007217
1880.1,310.189,-0.006574
1880.2,310.188,-0.005902
1880.3,310.187,-0.005215
1880.4,310.186,-0.004513
1880.5,310.185,-0.003794
1880.6,310.184,-0.003061
1880.7,310.183,-0.002312
1880.8,310.182,-0.001547
1880.9,310.181,-0.000767
1881.0,310.18,-0.0
1881.1,310.179,-0.001479
1881.2,310.178,-0.00295
1881.3,310.177,-0.004383
1881.4,310.176,-0.005778
1881.5,310.175,-0.007134
1881.6,310.174,-0.00845
1881.7,310.173,-0.009726
1881.8,310.172,-0.01096
1881.9,310.171,-0.012154
1882.0,310.17,-0.013278
1882.1,310.169,-0.013295
1882.2,310.168,-0.013285
1882.3,310.167,-0.013275
1882.4,310.166,-0.013265
1882.5,310.165,-0.013255
1882.6,310.164,-0.013245
1882.7,310.163,-0.013234
1882.8,310.162,-0.013224
1882.9,310.161,-0.013214
1883.0,310.16,-0.013198
1883.1,310.159,-0.012079
1883.2,310.158,-0.010912
1883.3,310.157,-0.009701
1883.4,310.156,-0.008447
1883.5,310.155,-0.007148
1883.6,310.154,-0.005805
1883.7,310.153,-0.004416
1883.8,310.152,-0.002981
1883.9,310.151,-0.001501
1884.0,310.15,-0.0
1884.1,310.149,-0.000112
1884.2,310.148,-0.000223
1884.3,310.147,-0.000332
1884.4,310.146,-0.000444
1884.5,310.145,-0.000558
1884.6,310.144,-0.000673
1884.7,310.143,-0.00079
1884.8,310.142,-0.000907
1884.9,310.141,-0.001024
1885.0,310.14,-0.001139
1885.1,310.14,-0.001027
1885.2,310.139,-0.000913
1885.3,310.138,-0.000797
1885.4,310.137,-0.000682
1885.5,310.136,-0.000567
1885.6,310.135,-0.000453
1885.7,310.134,-0.000339
1885.8,310.133,-0.000228
1885.9,310.132,-0.000115
1886.0,310.131,-0.0
1886.1,310.13,-0.000871
1886.2,310.129,-0.001757
1886.3,310.128,-0.002633
1886.4,310.127,-0.003496
1886.5,310.126,-0.004349
1886.6,310.125,-0.00519
1886.7,310.124,-0.006018
1886.8,310.123,-0.006835
1886.9,310.122,-0.00764
1887.0,310.121,-0.008421
1887.1,310.12,-0.007651
1887.2,310.119,-0.006857
1887.3,310.118,-0.006048
1887.4,310.117,-0.005225
1887.5,310.116,-0.004388
1887.6,310.115,-0.003535
1887.7,310.114,-0.002668
1887.8,310.113,-0.001786
1887.9,310.112,-0.000888
1888.0,310.111,-0.0
1888.1,310.11,0.0
1888.2,310.109,0.0
1888.3,310.108,0.0
1888.4,310.107,0.0
1888.5,310.106,0.0
1888.6,310.105,0.0
1888.7,310.104,0.0
1888.8,310.103,0.0
1888.9,310.102,0.0
1889.0,310.101,0.0
1889.1,310.101,0.0
1889.2,310.1,0.0
1889.3,310.099,0.0
1889.4,310.098,0.0
1889.5,310.097,0.0
1889.6,310.096,0.0
1889.7,310.095,0.0
1889.8,310.094,0.0
1889.9,310.093,0.0
1890.0,310.092,0.0
1890.1,310.091,0.0
1890.2,310.09,0.0
1890.3,310.089,0.0
1890.4,310.088,0.0
1890.5,310.087,0.0
1890.6,310.086,0.0
1890.7,310.085,0.0
1890.8,310.084,0.0
1890.9,310.083,0.0
1891.0,310.082,0.0
1891.1,310.081,0.0
1891.2,310.08,0.0
1891.3,310.079,0.0
1891.4,310.078,0.0
1891.5,310.077,0.0
1891.6,310.076,0.0
1891.7,310.075,0.0
1891.8,310.074,0.0
1891.9,310.073,0.0
1892.0,310.072,0.0
1892.1,310.071,0.0
1892.2,310.071,0.0
1892.3,310.07,0.0
1892.4,310.069,0.0
1892.5,310.068,0.0
1892.6,310.067,0.0
1892.7,310.066,0.0
1892.8,310.065,0.0
1892.9,310.064,0.0
1893.0,310.063,0.0
1893.1,310.062,0.0
1893.2,310.061,0.0
1893.3,310.06,0.0
1893.4,310.059,0.0
1893.5,310.058,0.0
1893.6,310.057,0.0
1893.7,310.056,0.0
1893.8,310.055,0.0
1893.9,310.054,0.0
1894.0,310.053,0.0
1894.1,310.052,0.0
1894.2,310.051,0.0
1894.3,310.05,0.0
1894.4,310.049,0.0
1894.5,310.048,0.0
1894.6,310.047,0.0
1894.7,310.046,0.0
1894.8,310.045,0.0
1894.9,310.044,0.0
1895.0,310.043,0.0
1895.1,310.042,0.0
1895.2,310.042,0.0
1895.3,310.041,0.0
1895.4,310.04,0.0
1895.5,310.039,0.0
1895.6,310.038,0.0
1895.7,310.037,0.0
1895.8,310.036,0.0
1895.9,310.035,0.0
1896.0,310.034,0.0
1896.1,310.033,0.0
1896.2,310.032,0.0
1896.3,310.031,0.0
1896.4,310.03,0.0
1896.5,310.029,0.0
1896.6,310.028,0.0
1896.7,310.027,0.0
1896.8,310.026,0.0
1896.9,310.025,0.0
1897.0,310.024,0.0
1897.1,310.023,0.0
1897.2,310.022,0.0
1897.3,310.021,0.0
1897.4,310.02,0.0
1897.5,310.019,0.0
1897.6,310.018,0.0
1897.7,310.017,0.0
1897.8,310.016,0.0
1897.9,310.016,0.0
1898.0,310.015,0.0
1898.1,310.014,0.0
1898.2,310.013,0.0
1898.3,310.012,0.0
1898.4,310.011,0.0
1898.5,310.01,0.0
1898.6,310.009,0.0
1898.7,310.008,0.0
1898.8,310.007,0.0
1898.9,310.006,0.0
1899.0,310.005,0.0
1899.1,310.004,0.0
1899.2,310.003,0.0
1899.3,310.002,0.0
1899.4,310.001,0.0
1899.5,310.0,0.0
1899.6,309.999,0.0
1899.7,309.998,0.0
1899.8,309.997,0.0
1899.9,309.996,0.0
1900.0,309.995,0.0
1900.1,309.994,0.0
1900.2,309.993,0.0
1900.3,309.992,0.0
1900.4,309.991,0.0
1900.5,309.99,0.0
1900.6,309.99,0.0
1900.7,309.989,0.0
1900.8,309.988,0.0
1900.9,309.987,0.0
1901.0,309.986,0.0
1901.1,309.985,0.0
1901.2,309.984,0.0
1901.3,309.983,0.0
1901.4,309.982,0.0
1901.5,309.981,0.0
1901.6,309.98,0.0
1901.7,309.979,0.0
1901.8,309.978,0.0
1901.9,309.977,0.0
1902.0,309.976,0.0
1902.1,309.975,0.0
1902.2,309.974,0.0
1902.3,309.973,0.0
1902.4,309.972,0.0
1902.5,309.971,0.0
1902.6,309.97,0.0
1902.7,309.969,0.0
1902.8,309.968,0.0
1902.9,309.967,0.0
1903.0,309.966,0.0
1903.1,309.966,0.0
1903.2,309.965,0.0
1903.3,309.964,0.0
1903.4,309.963,0.0
1903.5,309.962,0.0
1903.6,309.961,0.0
1903.7,309.96,0.0
1903.8,309.959,0.0
1903.9,309.958,0.0
1904.0,309.957,0.0
1904.1,309.956,0.0
1904.2,309.955,0.0
1904.3,309.954,0.0
1904.4,309.953,0.0
1904.5,309.952,0.0
1904.6,309.951,0.0
1904.7,309.95,0.0
1904.8,309.949,0.0
1904.9,309.948,0.0
1905.0,309.947,0.0
1905.1,309.946,0.0
1905.2,309.945,0.0
1905.3,309.944,0.0
1905.4,309.943,0.0
1905.5,309.943,0.0
1905.6,309.942,0.0
1905.7,309.941,0.0
1905.8,309.94,0.0
1905.9,309.939,0.0
1906.0,309.938,0.0
1906.1,309.937,0.0
1906.2,309.936,0.0
1906.3,309.935,0.0
1906.4,309.934,0.0
1906.5,309.933,0.0
1906.6,309.932,0.0
1906.7,309.931,0.0
1906.8,309.93,0.0
1906.9,309.929,0.0
1907.0,309.928,0.0
1907.1,309.927,0.0
1907.2,309.926,0.0
1907.3,309.925,0.0
1907.4,309.924,0.0
1907.5,309.923,0.0
1907.6,309.922,0.0
1907.7,309.921,0.0
1907.8,309.921,0.0
1907.9,309.92,0.0
1908.0,309.919,0.0
1908.1,309.918,0.0
1908.2,309.917,0.0
1908.3,309.916,0.0
1908.4,309.915,0.0
1908.5,309.914,0.0
1908.6,309.913,0.0
1908.7,309.912,0.0
1908.8,309.911,0.0
1908.9,309.91,0.0
1909.0,309.909,0.0
1909.1,309.908,0.0
1909.2,309.907,0.0
1909.3,309.906,0.0
1909.4,309.905,0.0
1909.5,309.904,0.0
1909.6,309.903,0.0
1909.7,309.902,0.0
1909.8,309.901,0.0
1909.9,309.9,0.0
1910.0,309.9,0.0
1910.1,309.899,0.0
1910.2,309.898,0.0
1910.3,309.897,0.0
1910.4,309.896,0.0
1910.5,309.895,0.0
1910.6,309.894,0.0
1910.7,309.893,0.0
1910.8,309.892,0.0
1910.9,309.891,0.0
1911.0,309.89,0.0
1911.1,309.889,0.0
1911.2,309.888,0.0
1911.3,309.887,0.0
1911.4,309.886,0.0
1911.5,309.885,0.0
1911.6,309.884,0.0
1911.7,309.883,0.0
1911.8,309.882,0.0
1911.9,309.881,0.0
1912.0,309.88,0.0
1912.1,309.88,0.0
1912.2,309.879,0.0
1912.3,309.878,0.0
1912.4,309.877,0.0
1912.5,309.876,0.0
1912.6,309.875,0.0
1912.7,309.874,0.0
1912.8,309.873,0.0
1912.9,309.872,0.0
1913.0,309.871,0.0
1913.1,309.87,0.0
1913.2,309.869,0.0
1913.3,309.868,0.0
1913.4,309.867,0.0
1913.5,309.866,0.0
1913.6,309.865,0.0
1913.7,309.864,0.0
1913.8,309.863,0.0
1913.9,309.862,0.0
1914.0,309.861,0.0
1914.1,309.86,0.0
1914.2,309.86,0.0
1914.3,309.859,0.0
1914.4,309.858,0.0
1914.5,309.857,0.0
1914.6,309.856,0.0
1914.7,309.855,0.0
1914.8,309.854,0.0
1914.9,309.853,0.0
1915.0,309.852,0.0
1915.1,309.851,0.0
1915.2,309.85,0.0
1915.3,309.849,0.0
1915.4,309.848,0.0
1915.5,309.847,0.0
1915.6,309.846,0.0
1915.7,309.845,0.0
1915.8,309.844,0.0
1915.9,309.843,0.0
1916.0,309.842,0.0
1916.1,309.841,0.0
1916.2,309.841,0.0
1916.3,309.84,0.0
1916.4,309.839,0.0
1916.5,309.838,0.0
1916.6,309.837,0.0
1916.7,309.836,0.0
1916.8,309.835,0.0
1916.9,309.834,0.0
1917.0,309.833,0.0
1917.1,309.832,0.0
1917.2,309.831,0.0
1917.3,309.83,0.0
1917.4,309.829,0.0
1917.5,309.828,0.0
1917.6,309.827,0.0
1917.7,309.826,0.0
1917.8,309.825,0.0
1917.9,309.824,0.0
1918.0,309.823,0.0
1918.1,309.823,0.0
1918.2,309.822,0.0
1918.3,309.821,0.0
1918.4,309.82,0.0
1918.5,309.819,0.0
1918.6,309.818,0.0
1918.7,309.817,0.0
1918.8,309.816,0.0
1918.9,309.815,0.0
1919.0,309.814,0.0
1919.1,309.813,0.0
1919.2,309.812,0.0
1919.3,309.811,0.0
1919.4,309.81,0.0
1919.5,309.809,0.0
1919.6,309.808,0.0
1919.7,309.807,0.0
1919.8,309.806,0.0
1919.9,309.805,0.0
1920.0,309.805,0.0
1920.1,309.804,0.0
1920.2,309.803,0.0
1920.3,309.802,0.0
1920.4,309.801,0.0
1920.5,309.8,0.0
1920.6,309.799,0.0
1920.7,309.798,0.0
1920.8,309.797,0.0
1920.9,309.796,0.0
1921.0,309.795,0.0
1921.1,309.794,0.0
1921.2,309.793,0.0
1921.3,309.792,0.0
1921.4,309.791,0.0
1921.5,309.79,0.0
1921.6,309.789,0.0
1921.7,309.788,0.0
1921.8,309.787,0.0
1921.9,309.787,0.0
1922.0,309.786,0.0
1922.1,309.785,0.0
1922.2,309.784,0.0
1922.3,309.783,0.0
1922.4,309.782,0.0
1922.5,309.781,0.0
1922.6,309.78,0.0
1922.7,309.779,0.0
1922.8,309.778,0.0
1922.9,309.777,0.0
1923.0,309.776,0.0
1923.1,309.775,0.0
1923.2,309.774,0.0
1923.3,309.773,0.0
1923.4,309.772,0.0
1923.5,309.771,0.0
1923.6,309.77,0.0
1923.7,309.77,0.0
1923.8,309.769,0.0
1923.9,309.768,0.0
1924.0,309.767,0.0
1924.1,309.766,0.0
1924.2,309.765,0.0
1924.3,309.764,0.0
1924.4,309.763,0.0
1924.5,309.762,0.0
1924.6,309.761,0.0
1924.7,309.76,0.0
1924.8,309.759,0.0
1924.9,309.758,0.0
1925.0,309.757,0.0
1925.1,309.756,0.0
1925.2,309.755,0.0
1925.3,309.754,0.0
1925.4,309.754,0.0
1925.5,309.753,0.0
1925.6,309.752,0.0
1925.7,309.751,0.0
1925.8,309.75,0.0
1925.9,309.749,0.0
1926.0,309.748,0.0
1926.1,309.747,0.0
1926.2,309.746,0.0
1926.3,309.745,0.0
1926.4,309.744,0.0
1926.5,309.743,0.0
1926.6,309.742,0.0
1926.7,309.741,0.0
1926.8,309.74,0.0
1926.9,309.739,0.0
1927.0,309.738,0.0
1927.1,309.738,0.0
1927.2,309.737,0.0
1927.3,309.736,0.0
1927.4,309.735,0.0
1927.5,309.734,0.0
1927.6,309.733,0.0
1927.7,309.732,0.0
1927.8,309.731,0.0
1927.9,309.73,0.0
1928.0,309.729,0.0
1928.1,309.728,0.0
1928.2,309.727,0.0
1928.3,309.726,0.0
1928.4,309.725,0.0
1928.5,309.724,0.0
1928.6,309.723,0.0
1928.7,309.722,0.0
1928.8,309.722,0.0
1928.9,309.721,0.0
1929.0,309.72,0.0
1929.1,309.719,0.0
1929.2,309.718,0.0
1929.3,309.717,0.0
1929.4,309.716,0.0
1929.5,309.715,0.0
1929.6,309.714,0.0
1929.7,309.713,0.0
1929.8,309.712,0.0
1929.9,309.711,0.0
1930.0,309.71,0.0
1930.1,309.709,0.0
1930.2,309.708,0.0
1930.3,309.707,0.0
1930.4,309.706,0.0
1930.5,309.706,0.0
1930.6,309.705,0.0
1930.7,309.704,0.0
1930.8,309.703,0.0
1930.9,309.702,0.0
1931.0,309.701,0.0
1931.1,309.7,0.0
1931.2,309.699,0.0
1931.3,309.698,0.0
1931.4,309.697,0.0
1931.5,309.696,0.0
1931.6,309.695,0.0
1931.7,309.694,0.0
1931.8,309.693,0.0
1931.9,309.692,0.0
1932.0,309.691,0.0
1932.1,309.691,0.0
1932.2,309.69,0.0
1932.3,309.689,0.0
1932.4,309.688,0.0
1932.5,309.687,0.0
1932.6,309.686,0.0
1932.7,309.685,0.0
1932.8,309.684,0.0
1932.9,309.683,0.0
1933.0,309.682,0.0
1933.1,309.681,0.0
1933.2,309.68,0.0
1933.3,309.679,0.0
1933.4,309.678,0.0
1933.5,309.677,0.0
1933.6,309.676,0.0
1933.7,309.676,0.0
1933.8,309.675,0.0
1933.9,309.674,0.0
1934.0,309.673,0.0
1934.1,309.672,0.0
1934.2,309.671,0.0
1934.3,309.67,0.0
1934.4,309.669,0.0
1934.5,309.668,0.0
1934.6,309.667,0.0
1934.7,309.666,0.0
1934.8,309.665,0.0
1934.9,309.664,0.0
1935.0,309.663,0.0
1935.1,309.662,0.0
1935.2,309.662,0.0
1935.3,309.661,0.0
1935.4,309.66,0.0
1935.5,309.659,0.0
1935.6,309.658,0.0
1935.7,309.657,0.0
1935.8,309.656,0.0
1935.9,309.655,0.0
1936.0,309.654,0.0
1936.1,309.653,0.0
1936.2,309.652,0.0
1936.3,309.651,0.0
1936.4,309.65,0.0
1936.5,309.649,0.0
1936.6,309.648,0.0
1936.7,309.648,0.0
1936.8,309.647,0.0
1936.9,309.646,0.0
1937.0,309.645,0.0
1937.1,309.644,-6.6e-05
1937.2,309.643,-0.000133
1937.3,309.642,-0.000198
1937.4,309.641,-0.000263
1937.5,309.64,-0.000328
1937.6,309.639,-0.000392
1937.7,309.638,-0.000456
1937.8,309.637,-0.000519
1937.9,309.636,-0.000582
1938.0,309.635,-0.000647
1938.1,309.634,-0.001887
1938.2,309.633,-0.003128
1938.3,309.633,-0.004352
1938.4,309.632,-0.005557
1938.5,309.631,-0.006744
1938.6,309.63,-0.007913
1938.7,309.629,-0.009064
1938.8,309.628,-0.010195
1938.9,309.627,-0.011308
1939.0,309.626,-0.012403
1939.1,309.625,-0.015955
1939.2,309.624,-0.019304
1939.3,309.623,-0.022445
1939.4,309.622,-0.025377
1939.5,309.621,-0.028098
1939.6,309.62,-0.030605
1939.7,309.619,-0.032897
1939.8,309.618,-0.034972
1939.9,309.617,-0.036814
1940.0,309.616,-0.038429
1940.1,309.615,-0.039637
1940.2,309.614,-0.040651
1940.3,309.613,-0.041505
1940.4,309.612,-0.042199
1940.5,309.611,-0.042731
1940.6,309.61,-0.0431
1940.7,309.609,-0.043306
1940.8,309.608,-0.043348
1940.9,309.607,-0.043224
1941.0,309.606,-0.042937
1941.1,309.605,-0.042686
1941.2,309.604,-0.042428
1941.3,309.603,-0.042159
1941.4,309.602,-0.041877
1941.5,309.601,-0.041581
1941.6,309.6,-0.04127
1941.7,309.599,-0.040943
1941.8,309.598,-0.040597
1941.9,309.597,-0.040233
1942.0,309.596,-0.039816
1942.1,309.595,-0.039211
1942.2,309.594,-0.038483
1942.3,309.593,-0.037666
1942.4,309.592,-0.036757
1942.5,309.591,-0.035754
1942.6,309.59,-0.034656
1942.7,309.589,-0.033461
1942.8,309.588,-0.032168
1942.9,309.587,-0.030774
1943.0,309.586,-0.029293
1943.1,309.585,-0.029236
1943.2,309.584,-0.029193
1943.3,309.583,-0.029149
1943.4,309.582,-0.029104
1943.5,309.581,-0.029058
1943.6,309.58,-0.029012
1943.7,309.579,-0.028965
1943.8,309.579,-0.028918
1943.9,309.578,-0.02887
1944.0,309.577,-0.028896
1944.1,309.576,-0.030539
1944.2,309.575,-0.032092
1944.3,309.574,-0.03348
1944.4,309.573,-0.034701
1944.5,309.572,-0.035753
1944.6,309.571,-0.036634
1944.7,309.57,-0.037344
1944.8,309.569,-0.037877
1944.9,309.568,-0.038228
1945.0,309.567,-0.038411
1945.1,309.566,-0.038411
1945.2,309.565,-0.038283
1945.3,309.564,-0.038043
1945.4,309.563,-0.037689
1945.5,309.562,-0.037221
1945.6,309.561,-0.036639
1945.7,309.56,-0.035941
1945.8,309.559,-0.035128
1945.9,309.558,-0.034199
1946.0,309.557,-0.033182
1946.1,309.556,-0.032797
1946.2,309.555,-0.032445
1946.3,309.554,-0.032097
1946.4,309.553,-0.031752
1946.5,309.552,-0.031411
1946.6,309.551,-0.031074
1946.7,309.55,-0.030739
1946.8,309.549,-0.030407
1946.9,309.548,-0.030078
1947.0,309.547,-0.029835
1947.1,309.546,-0.030192
1947.2,309.545,-0.030599
1947.3,309.544,-0.030975
1947.4,309.543,-0.031315
1947.5,309.542,-0.031621
1947.6,309.541,-0.031889
1947.7,309.54,-0.03212
1947.8,309.539,-0.032311
1947.9,309.538,-0.032461
1948.0,309.537,-0.032587
1948.1,309.536,-0.032704
1948.2,309.535,-0.032726
1948.3,309.534,-0.032634
1948.4,309.533,-0.032426
1948.5,309.532,-0.032101
1948.6,309.531,-0.031658
1948.7,309.53,-0.031093
1948.8,309.529,-0.030406
1948.9,309.528,-0.029594
1949.0,309.527,-0.02862
1949.1,309.527,-0.027284
1949.2,309.526,-0.025702
1949.3,309.525,-0.02391
1949.4,309.524,-0.021906
1949.5,309.523,-0.019686
1949.6,309.522,-0.01725
1949.7,309.521,-0.014595
1949.8,309.52,-0.011719
1949.9,309.519,-0.008619
1950.0,309.518,-0.005307
1950.1,309.517,-0.004793
1950.2,309.516,-0.004285
1950.3,309.515,-0.00377
1950.4,309.514,-0.003247
1950.5,309.513,-0.002718
1950.6,309.512,-0.002183
1950.7,309.511,-0.00164
1950.8,309.51,-0.001091
1950.9,309.51,-0.000541
1951.0,309.509,-0.0
1951.1,309.508,0.0
1951.2,309.507,0.0
1951.3,309.506,0.0
1951.4,309.505,0.0
1951.5,309.504,0.0
1951.6,309.503,0.0
1951.7,309.502,0.0
1951.8,309.501,0.0
1951.9,309.5,0.0
1952.0,309.499,0.0
1952.1,309.498,0.0
1952.2,309.498,0.0
1952.3,309.497,0.0
1952.4,309.496,0.0
1952.5,309.495,0.0
1952.6,309.494,0.0
1952.7,309.493,0.0
1952.8,309.492,0.0
1952.9,309.491,0.0
1953.0,309.49,0.0
1953.1,309.489,0.0
1953.2,309.488,0.0
1953.3,309.487,0.0
1953.4,309.487,0.0
1953.5,309.486,0.0
1953.6,309.485,0.0
1953.7,309.484,0.0
1953.8,309.483,0.0
1953.9,309.482,0.0
1954.0,309.481,0.0
1954.1,309.48,0.0
1954.2,309.479,0.0
1954.3,309.478,0.0
1954.4,309.477,0.0
1954.5,309.476,0.0
1954.6,309.475,0.0
1954.7,309.475,0.0
1954.8,309.474,0.0
1954.9,309.473,0.0
1955.0,309.472,0.0
1955.1,309.471,-0.001587
1955.2,309.47,-0.00317
1955.3,309.469,-0.004719
1955.4,309.468,-0.006233
1955.5,309.467,-0.007711
1955.6,309.466,-0.009154
1955.7,309.465,-0.01056
1955.8,309.464,-0.01193
1955.9,309.463,-0.01327
1956.0,309.462,-0.014574
1956.1,309.462,-0.015839
1956.2,309.461,-0.017072
1956.3,309.46,-0.01827
1956.4,309.459,-0.019428
1956.5,309.458,-0.020545
1956.6,309.457,-0.021622
1956.7,309.456,-0.022659
1956.8,309.455,-0.023654
1956.9,309.454,-0.024609
1957.0,309.453,-0.025535
1957.1,309.452,-0.027359
1957.2,309.451,-0.029017
1957.3,309.45,-0.030494
1957.4,309.449,-0.031789
1957.5,309.448,-0.032899
1957.6,309.447,-0.033823
1957.7,309.446,-0.03456
1957.8,309.445,-0.035109
1957.9,309.444,-0.035468
1958.0,309.443,-0.035627
1958.1,309.442,-0.035531
1958.2,309.441,-0.035406
1958.3,309.44,-0.03526
1958.4,309.439,-0.035093
1958.5,309.438,-0.034906
1958.6,309.437,-0.034698
1958.7,309.436,-0.034469
1958.8,309.435,-0.034219
1958.9,309.434,-0.033947
1959.0,309.434,-0.033636
1959.1,309.433,-0.033155
1959.2,309.432,-0.032553
1959.3,309.431,-0.031847
1959.4,309.43,-0.031037
1959.5,309.429,-0.030121
1959.6,309.428,-0.0291
1959.7,309.427,-0.027972
1959.8,309.426,-0.026738
1959.9,309.425,-0.025397
1960.0,309.424,-0.024023
1960.1,309.423,-0.024558
1960.2,309.422,-0.025142
1960.3,309.421,-0.025698
1960.4,309.42,-0.026226
1960.5,309.419,-0.026722
1960.6,309.418,-0.027186
1960.7,309.417,-0.027616
1960.8,309.416,-0.02801
1960.9,309.415,-0.028367
1961.0,309.414,-0.028661
1961.1,309.413,-0.028366
1961.2,309.412,-0.02803
1961.3,309.411,-0.02768
1961.4,309.41,-0.027314
1961.5,309.409,-0.026933
1961.6,309.408,-0.026537
1961.7,309.408,-0.026126
1961.8,309.407,-0.0257
1961.9,309.406,-0.025259
1962.0,309.405,-0.024805
1962.1,309.404,-0.024592
1962.2,309.403,-0.024383
1962.3,309.402,-0.024174
1962.4,309.401,-0.023967
1962.5,309.4,-0.02376
1962.6,309.399,-0.023554
1962.7,309.398,-0.023349
1962.8,309.397,-0.023145
1962.9,309.396,-0.022941
1963.0,309.395,-0.022815
1963.1,309.394,-0.022756
1963.2,309.393,-0.022775
1963.3,309.392,-0.022796
1963.4,309.391,-0.02282
1963.5,309.39,-0.022845
1963.6,309.389,-0.022873
1963.7,309.388,-0.022902
1963.8,309.387,-0.022932
1963.9,309.387,-0.022964
1964.0,309.386,-0.023083
1964.1,309.385,-0.023497
1964.2,309.384,-0.023956
1964.3,309.383,-0.024376
1964.4,309.382,-0.024755
1964.5,309.381,-0.025092
1964.6,309.38,-0.025387
1964.7,309.379,-0.025638
1964.8,309.378,-0.025845
1964.9,309.377,-0.026007
1965.0,309.376,-0.026112
1965.1,309.375,-0.026049
1965.2,309.374,-0.025964
1965.3,309.373,-0.025867
1965.4,309.372,-0.025758
1965.5,309.371,-0.025637
1965.6,309.37,-0.025504
1965.7,309.369,-0.025359
1965.8,309.368,-0.025203
1965.9,309.367,-0.025035
1966.0,309.367,-0.024841
1966.1,309.366,-0.023917
1966.2,309.365,-0.022684
1966.3,309.364,-0.02115
1966.4,309.363,-0.019314
1966.5,309.362,-0.017173
1966.6,309.361,-0.014725
1966.7,309.36,-0.011967
1966.8,309.359,-0.008897
1966.9,309.358,-0.005513
1967.0,309.357,-0.001974
1967.1,309.356,-0.000748
1967.2,309.355,0.000332
1967.3,309.354,0.001425
1967.4,309.353,0.002532
1967.5,309.353,0.003653
1967.6,309.352,0.004789
1967.7,309.351,0.005939
1967.8,309.35,0.007103
1967.9,309.349,0.008282
1968.0,309.348,0.009189
1968.1,309.347,0.00511
1968.2,309.346,0.001049
1968.3,309.345,-0.002702
1968.4,309.344,-0.006138
1968.5,309.344,-0.009251
1968.6,309.343,-0.012036
1968.7,309.342,-0.014486
1968.8,309.341,-0.016595
1968.9,309.34,-0.018359
1969.0,309.339,-0.019807
1969.1,309.338,-0.021108
1969.2,309.337,-0.02178
1969.3,309.336,-0.021782
1969.4,309.335,-0.021104
1969.5,309.334,-0.019739
1969.6,309.333,-0.01768
1969.7,309.332,-0.014918
1969.8,309.331,-0.011448
1969.9,309.33,-0.007262
1970.0,309.329,-0.002359
1970.1,309.329,-0.002131
1970.2,309.328,-0.001905
1970.3,309.327,-0.001675
1970.4,309.326,-0.001442
1970.5,309.325,-0.001206
1970.6,309.324,-0.000966
1970.7,309.323,-0.000723
1970.8,309.322,-0.00048
1970.9,309.321,-0.000242
1971.0,309.32,-0.0
1971.1,309.319,0.0
1971.2,309.319,0.0
1971.3,309.318,0.0
1971.4,309.317,0.0
1971.5,309.316,0.0
1971.6,309.315,0.0
1971.7,309.314,0.0
1971.8,309.313,0.0
1971.9,309.312,0.0
1972.0,309.311,0.0
1972.1,309.31,0.0
1972.2,309.309,0.0
1972.3,309.309,0.0
1972.4,309.308,0.0
1972.5,309.307,0.0
1972.6,309.306,0.0
1972.7,309.305,0.0
1972.8,309.304,0.0
1972.9,309.303,0.0
1973.0,309.302,0.0
1973.1,309.301,0.0
1973.2,309.3,0.0
1973.3,309.299,0.0
1973.4,309.299,0.0
1973.5,309.298,0.0
1973.6,309.297,0.0
1973.7,309.296,0.0
1973.8,309.295,0.0
1973.9,309.294,0.0
1974.0,309.293,0.0
1974.1,309.292,-0.000842
1974.2,309.291,-0.001699
1974.3,309.29,-0.002545
1974.4,309.29,-0.00338
1974.5,309.289,-0.004202
1974.6,309.288,-0.005013
1974.7,309.287,-0.005812
1974.8,309.286,-0.006598
1974.9,309.285,-0.007372
1975.0,309.284,-0.008157
1975.1,309.283,-0.010626
1975.2,309.282,-0.012959
1975.3,309.281,-0.015131
1975.4,309.28,-0.01714
1975.5,309.279,-0.018983
1975.6,309.278,-0.02066
1975.7,309.278,-0.022153
1975.8,309.277,-0.023477
1975.9,309.276,-0.024654
1976.0,309.275,-0.025674
1976.1,309.274,-0.026626
1976.2,309.273,-0.027344
1976.3,309.272,-0.027815
1976.4,309.271,-0.028036
1976.5,309.27,-0.028006
1976.6,309.269,-0.027722
1976.7,309.268,-0.027184
1976.8,309.267,-0.026388
1976.9,309.266,-0.025334
1977.0,309.265,-0.024086
1977.1,309.264,-0.024137
1977.2,309.263,-0.024254
1977.3,309.262,-0.02437
1977.4,309.261,-0.024484
1977.5,309.26,-0.024596
1977.6,309.26,-0.024703
1977.7,309.259,-0.024805
1977.8,309.258,-0.024902
1977.9,309.257,-0.024992
1978.0,309.256,-0.025123
1978.1,309.255,-0.02545
1978.2,309.254,-0.025677
1978.3,309.253,-0.025752
1978.4,309.252,-0.025672
1978.5,309.251,-0.025435
1978.6,309.25,-0.025038
1978.7,309.249,-0.024478
1978.8,309.248,-0.023753
1978.9,309.247,-0.02286
1979.0,309.246,-0.021802
1979.1,309.245,-0.021155
1979.2,309.244,-0.020461
1979.3,309.244,-0.019715
1979.4,309.243,-0.018915
1979.5,309.242,-0.018061
1979.6,309.241,-0.017153
1979.7,309.24,-0.016191
1979.8,309.239,-0.015174
1979.9,309.238,-0.014101
1980.0,309.237,-0.013017
1980.1,309.236,-0.012494
1980.2,309.235,-0.012005
1980.3,309.234,-0.011504
1980.4,309.233,-0.010992
1980.5,309.232,-0.010468
1980.6,309.231,-0.009933
1980.7,309.231,-0.009386
1980.8,309.23,-0.008828
1980.9,309.229,-0.008258
1981.0,309.228,-0.007663
1981.1,309.227,-0.006977
1981.2,309.226,-0.006262
1981.3,309.225,-0.005531
1981.4,309.224,-0.004785
1981.5,309.223,-0.004023
1981.6,309.222,-0.003246
1981.7,309.221,-0.002453
1981.8,309.221,-0.001644
1981.9,309.22,-0.00082
1982.0,309.219,-0.0
1982.1,309.218,0.0
1982.2,309.217,0.0
1982.3,309.216,0.0
1982.4,309.215,0.0
1982.5,309.214,0.0
1982.6,309.213,0.0
1982.7,309.212,0.0
1982.8,309.212,0.0
1982.9,309.211,0.0
1983.0,309.21,0.0
1983.1,309.209,0.0
1983.2,309.208,0.0
1983.3,309.207,0.0
1983.4,309.206,0.0
1983.5,309.205,0.0
1983.6,309.204,0.0
1983.7,309.203,0.0
1983.8,309.203,0.0
1983.9,309.202,0.0
1984.0,309.201,0.0
1984.1,309.2,0.0
1984.2,309.199,0.0
1984.3,309.198,0.0
1984.4,309.197,0.0
1984.5,309.196,0.0
1984.6,309.195,0.0
1984.7,309.194,0.0
1984.8,309.194,0.0
1984.9,309.193,0.0
1985.0,309.192,0.0
1985.1,309.191,0.0
1985.2,309.19,0.0
1985.3,309.189,0.0
1985.4,309.188,0.0
1985.5,309.187,0.0
1985.6,309.186,0.0
1985.7,309.185,0.0
1985.8,309.185,0.0
1985.9,309.184,0.0
1986.0,309.183,0.0
1986.1,309.182,0.0
1986.2,309.181,0.0
1986.3,309.18,0.0
1986.4,309.179,0.0
1986.5,309.178,0.0
1986.6,309.177,0.0
1986.7,309.177,0.0
1986.8,309.176,0.0
1986.9,309.175,0.0
1987.0,309.174,0.0
1987.1,309.173,0.0
1987.2,309.172,0.0
1987.3,309.171,0.0
1987.4,309.17,0.0
1987.5,309.169,0.0
1987.6,309.168,0.0
1987.7,309.168,0.0
1987.8,309.167,0.0
1987.9,309.166,0.0
1988.0,309.165,0.0
1988.1,309.164,0.0
1988.2,309.163,0.0
1988.3,309.162,0.0
1988.4,309.161,0.0
1988.5,309.16,0.0
1988.6,309.159,0.0
1988.7,309.159,0.0
1988.8,309.158,0.0
1988.9,309.157,0.0
1989.0,309.156,0.0
1989.1,309.155,0.0
1989.2,309.154,0.0
1989.3,309.153,0.0
1989.4,309.152,0.0
1989.5,309.151,0.0
1989.6,309.151,0.0
1989.7,309.15,0.0
1989.8,309.149,0.0
1989.9,309.148,0.0
1990.0,309.147,0.0
1990.1,309.146,0.0
1990.2,309.145,0.0
1990.3,309.144,0.0
1990.4,309.143,0.0
1990.5,309.142,0.0
1990.6,309.142,0.0
1990.7,309.141,0.0
1990.8,309.14,0.0
1990.9,309.139,0.0
1991.0,309.138,0.0
1991.1,309.137,0.0
1991.2,309.136,0.0
1991.3,309.135,0.0
1991.4,309.134,0.0
1991.5,309.134,0.0
1991.6,309.133,0.0
1991.7,309.132,0.0
1991.8,309.131,0.0
1991.9,309.13,0.0
1992.0,309.129,0.0
1992.1,309.128,-0.000137
1992.2,309.127,-0.000272
1992.3,309.126,-0.000405
1992.4,309.126,-0.00054
1992.5,309.125,-0.000677
1992.6,309.124,-0.000815
1992.7,309.123,-0.000954
1992.8,309.122,-0.001093
1992.9,309.121,-0.001233
1993.0,309.12,-0.001376
1993.1,309.119,-0.001534
1993.2,309.118,-0.001696
1993.3,309.117,-0.001858
1993.4,309.117,-0.00202
1993.5,309.116,-0.002181
1993.6,309.115,-0.002342
1993.7,309.114,-0.002503
1993.8,309.113,-0.002664
1993.9,309.112,-0.002824
1994.0,309.111,-0.002995
1994.1,309.11,-0.003291
1994.2,309.109,-0.003597
1994.3,309.109,-0.003901
1994.4,309.108,-0.004204
1994.5,309.107,-0.004506
1994.6,309.106,-0.004807
1994.7,309.105,-0.005106
1994.8,309.104,-0.005404
1994.9,309.103,-0.005701
1995.0,309.102,-0.005984
1995.1,309.101,-0.005999
1995.2,309.1,-0.006001
1995.3,309.1,-0.006004
1995.4,309.099,-0.006006
1995.5,309.098,-0.006008
1995.6,309.097,-0.006011
1995.7,309.096,-0.006013
1995.8,309.095,-0.006015
1995.9,309.094,-0.006018
1996.0,309.093,-0.00602
1996.1,309.092,-0.006022
1996.2,309.091,-0.006025
1996.3,309.091,-0.006027
1996.4,309.09,-0.00603
1996.5,309.089,-0.006032
1996.6,309.088,-0.006034
1996.7,309.087,-0.006037
1996.8,309.086,-0.006039
1996.9,309.085,-0.006042
1997.0,309.084,-0.00607
1997.1,309.083,-0.006796
1997.2,309.082,-0.007539
1997.3,309.082,-0.008273
1997.4,309.081,-0.008997
1997.5,309.08,-0.009713
1997.6,309.079,-0.010418
1997.7,309.078,-0.011115
1997.8,309.077,-0.011801
1997.9,309.076,-0.012478
1998.0,309.075,-0.013125
1998.1,309.074,-0.013202
1998.2,309.073,-0.013259
1998.3,309.072,-0.013315
1998.4,309.072,-0.013372
1998.5,309.071,-0.013429
1998.6,309.07,-0.013486
1998.7,309.069,-0.013542
1998.8,309.068,-0.013599
1998.9,309.067,-0.013656
1999.0,309.066,-0.013744
1999.1,309.065,-0.014465
1999.2,309.064,-0.015203
1999.3,309.063,-0.015929
1999.4,309.062,-0.016641
1999.5,309.061,-0.017339
1999.6,309.061,-0.018023
1999.7,309.06,-0.018694
1999.8,309.059,-0.01935
1999.9,309.058,-0.019981
2000.0,309.057,-0.020588
2000.1,309.056,-0.020743
2000.2,309.055,-0.020865
2000.3,309.054,-0.020986
2000.4,309.053,-0.021107
2000.5,309.052,-0.021227
2000.6,309.051,-0.021346
2000.7,309.05,-0.021465
2000.8,309.05,-0.021583
2000.9,309.049,-0.0217
2001.0,309.048,-0.021852
2001.1,309.047,-0.022568
2001.2,309.046,-0.023296
2001.3,309.045,-0.024001
2001.4,309.044,-0.024682
2001.5,309.043,-0.025339
2001.6,309.042,-0.025971
2001.7,309.041,-0.02658
2001.8,309.04,-0.027164
2001.9,309.039,-0.027723
2002.0,309.038,-0.028303
2002.1,309.037,-0.029389
2002.2,309.037,-0.030411
2002.3,309.036,-0.031323
2002.4,309.035,-0.032123
2002.5,309.034,-0.03281
2002.6,309.033,-0.033385
2002.7,309.032,-0.033846
2002.8,309.031,-0.034192
2002.9,309.03,-0.034422
2003.0,309.029,-0.034518
2003.1,309.028,-0.034413
2003.2,309.027,-0.034289
2003.3,309.026,-0.034165
2003.4,309.025,-0.034042
2003.5,309.024,-0.033918
2003.6,309.023,-0.033795
2003.7,309.022,-0.033672
2003.8,309.022,-0.033548
2003.9,309.021,-0.033424
2004.0,309.02,-0.0333
2004.1,309.019,-0.033171
2004.2,309.018,-0.032975
2004.3,309.017,-0.032708
2004.4,309.016,-0.032371
2004.5,309.015,-0.031964
2004.6,309.014,-0.031485
2004.7,309.013,-0.030934
2004.8,309.012,-0.030306
2004.9,309.011,-0.029568
2005.0,309.01,-0.028746
2005.1,309.009,-0.027756
2005.2,309.008,-0.026532
2005.3,309.007,-0.025174
2005.4,309.007,-0.023681
2005.5,309.006,-0.022052
2005.6,309.005,-0.020285
2005.7,309.004,-0.018382
2005.8,309.003,-0.01634
2005.9,309.002,-0.01416
2006.0,309.001,-0.012078
2006.1,309.0,-0.011285
2006.2,308.999,-0.010733
2006.3,308.998,-0.010186
2006.4,308.997,-0.009644
2006.5,308.997,-0.009107
2006.6,308.996,-0.008573
2006.7,308.995,-0.008042
2006.8,308.994,-0.007528
2006.9,308.993,-0.007022
2007.0,308.992,-0.00652
2007.1,308.991,-0.006022
2007.2,308.99,-0.005536
2007.3,308.989,-0.005071
2007.4,308.989,-0.00461
2007.5,308.988,-0.004152
2007.6,308.987,-0.003697
2007.7,308.986,-0.003245
2007.8,308.985,-0.002795
2007.9,308.984,-0.002307
2008.0,308.983,-0.001725
2008.1,308.982,0.002315
2008.2,308.981,0.006882
2008.3,308.981,0.011803
2008.4,308.98,0.017079
2008.5,308.979,0.022714
2008.6,308.978,0.028708
2008.7,308.977,0.035065
2008.8,308.976,0.041786
2008.9,308.976,0.048874
2009.0,308.975,0.055756
2009.1,308.974,0.05357
2009.2,308.973,0.050834
2009.3,308.972,0.048121
2009.4,308.972,0.045433
2009.5,308.971,0.042775
2009.6,308.97,0.040147
2009.7,308.969,0.037554
2009.8,308.968,0.034998
2009.9,308.967,0.032696
2010.0,308.967,0.030432
2010.1,308.966,0.028202
2010.2,308.965,0.02629
2010.3,308.964,0.024465
2010.4,308.963,0.022666
2010.5,308.962,0.020893
2010.6,308.962,0.019148
2010.7,308.961,0.017432
2010.8,308.96,0.015745
2010.9,308.959,0.014089
2011.0,308.958,0.012696
2011.1,308.957,0.011377
2011.2,308.956,0.010256
2011.3,308.956,0.009172
2011.4,308.955,0.008105
2011.5,308.954,0.007053
2011.6,308.953,0.006018
2011.7,308.952,0.005
2011.8,308.951,0.004034
2011.9,308.95,0.003108
2012.0,308.95,0.002197
2012.1,308.949,0.001705
2012.2,308.948,0.001358
2012.3,308.947,0.001014
2012.4,308.946,0.000673
2012.5,308.945,0.000333
2012.6,308.944,-3e-06
2012.7,308.943,-0.000337
2012.8,308.943,-0.000669
2012.9,308.942,-0.000998
2013.0,308.941,-0.001267
2013.1,308.94,0.000632
2013.2,308.939,0.002709
2013.3,308.938,0.004911
2013.4,308.937,0.007236
2013.5,308.936,0.009686
2013.6,308.936,0.012262
2013.7,308.935,0.014963
2013.8,308.934,0.017791
2013.9,308.933,0.020872
2014.0,308.932,0.024131
2014.1,308.931,0.027532
2014.2,308.93,0.031093
2014.3,308.93,0.03496
2014.4,308.929,0.038985
2014.5,308.928,0.043169
2014.6,308.927,0.047513
2014.7,308.926,0.052017
2014.8,308.926,0.056683
2014.9,308.925,0.061511
2015.0,308.924,0.06597
2015.1,308.923,0.070369
2015.2,308.923,0.074331
2015.3,308.922,0.078384
2015.4,308.921,0.082527
2015.5,308.92,0.086761
2015.6,308.92,0.091087
2015.7,308.919,0.095505
2015.8,308.918,0.100015
2015.9,308.917,0.104617
2016.0,308.917,0.108345
2016.1,308.916,0.109765
2016.2,308.915,0.110209
2016.3,308.915,0.110637
2016.4,308.914,0.11105
2016.5,308.913,0.111449
2016.6,308.913,0.111835
2016.7,308.912,0.112208
2016.8,308.911,0.112569
2016.9,308.91,0.112919
2017.0,308.91,0.112459
2017.1,308.909,0.111969
2017.2,308.908,0.110727
2017.3,308.908,0.109448
2017.4,308.907,0.10816
2017.5,308.906,0.106863
2017.6,308.906,0.105559
2017.7,308.905,0.104248
2017.8,308.904,0.102762
2017.9,308.903,0.101244
2018.0,308.903,0.099722
2018.1,308.902,0.097299
2018.2,308.901,0.094346
2018.3,308.901,0.091416
2018.4,308.9,0.088509
2018.5,308.899,0.085629
2018.6,308.898,0.082775
2018.7,308.898,0.07995
2018.8,308.897,0.077153
2018.9,308.896,0.074387
2019.0,308.895,0.071793
2019.1,308.895,0.069606
2019.2,308.894,0.067456
2019.3,308.893,0.065385
2019.4,308.892,0.063333
2019.5,308.892,0.061301
2019.6,308.891,0.059289
2019.7,308.89,0.057299
2019.8,308.889,0.055329
2019.9,308.889,0.053381
2020.0,308.888,0.051037
2020.1,308.887,0.047473
2020.2,308.886,0.04361
2020.3,308.885,0.039867
2020.4,308.885,0.036247
2020.5,308.884,0.03275
2020.6,308.883,0.029379
2020.7,308.882,0.026136
2020.8,308.881,0.023022
2020.9,308.88,0.020039
2021.0,308.88,0.017392
2021.1,308.879,0.017265
2021.2,308.878,0.017347
2021.3,308.877,0.017435
2021.4,308.876,0.017529
2021.5,308.875,0.017629
2021.6,308.875,0.017713
2021.7,308.874,0.017802
2021.8,308.873,0.017896
2021.9,308.872,0.017994
2022.0,308.871,0.018097
2022.1,308.87,0.017701
2022.2,308.869,0.017201
2022.3,308.869,0.016705
2022.4,308.868,0.016213
2022.5,308.867,0.015725
2022.6,308.866,0.01524
2022.7,308.865,0.01476
2022.8,308.864,0.014283
2022.9,308.864,0.013811
2023.0,308.863,0.0135
2023.1,308.862,0.014004
2023.2,308.861,0.014682
2023.3,308.86,0.015377
2023.4,308.859,0.016088
2023.5,308.858,0.016816
2023.6,308.858,0.01756
2023.7,308.857,0.01832
2023.8,308.856,0.019097
2023.9,308.855,0.019977
2024.0,308.854,0.020913
2024.1,308.853,0.022247
2024.2,308.853,0.023842
2024.3,308.852,0.025485
2024.4,308.851,0.027178
2024.5,308.85,0.028919
2024.6,308.849,0.03071
2024.7,308.848,0.032551
2024.8,308.848,0.034441
2024.9,308.847,0.036381
2025.0,308.846,0.038008
2025.1,308.845,0.037981
2025.2,308.844,0.037528
2025.3,308.844,0.037089
2025.4,308.843,0.036654
2025.5,308.842,0.036216
2025.6,308.841,0.035775
2025.7,308.84,0.035331
2025.8,308.84,0.034884
2025.9,308.839,0.034564
2026.0,308.838,0.034291
2026.1,308.837,0.034301
2026.2,308.836,0.034616
2026.3,308.835,0.034932
2026.4,308.835,0.03525
2026.5,308.834,0.035569
2026.6,308.833,0.035889
2026.7,308.832,0.036113
2026.8,308.831,0.036268
2026.9,308.831,0.036422
2027.0,308.83,0.036575
2027.1,308.829,0.036607
2027.2,308.828,0.03626
2027.3,308.827,0.035662
2027.4,308.827,0.035085
2027.5,308.826,0.034568
2027.6,308.825,0.03405
2027.7,308.824,0.033534
2027.8,308.823,0.033018
2027.9,308.822,0.032502
2028.0,308.822,0.031987
2028.1,308.821,0.031473
2028.2,308.82,0.030942
2028.3,308.819,0.030348
2028.4,308.818,0.029755
2028.5,308.818,0.029163
2028.6,308.817,0.028573
2028.7,308.816,0.027985
2028.8,308.815,0.027399
2028.9,308.814,0.026816
2029.0,308.813,0.026136
2029.1,308.813,0.024263
2029.2,308.812,0.022207
2029.3,308.811,0.020316
2029.4,308.81,0.018478
2029.5,308.809,0.016693
2029.6,308.808,0.014962
2029.7,308.808,0.013212
2029.8,308.807,0.011498
2029.9,308.806,0.009849
2030.0,308.805,0.008267
2030.1,308.804,0.006752
2030.2,308.803,0.005301
2030.3,308.802,0.003909
2030.4,308.802,0.002588
2030.5,308.801,0.001339
2030.6,308.8,0.000162
2030.7,308.799,-0.000936
2030.8,308.798,-0.001958
2030.9,308.797,-0.002913
2031.0,308.796,-0.003807
2031.1,308.796,-0.00549
2031.2,308.795,-0.006737
2031.3,308.794,-0.007531
2031.4,308.793,-0.007866
2031.5,308.792,-0.007738
2031.6,308.791,-0.007142
2031.7,308.79,-0.006073
2031.8,308.789,-0.004527
2031.9,308.789,-0.0025
2032.0,308.788,-0.0
2032.1,308.787,0.0
2032.2,308.786,0.0
2032.3,308.785,0.0
2032.4,308.784,0.0
2032.5,308.783,0.0
2032.6,308.782,0.0
2032.7,308.782,0.0
2032.8,308.781,0.0
2032.9,308.78,0.0
2033.0,308.779,0.0
2033.1,308.778,0.0
2033.2,308.777,0.0
2033.3,308.776,0.0
2033.4,308.776,0.0
2033.5,308.775,0.0
2033.6,308.774,0.0
2033.7,308.773,0.0
2033.8,308.772,0.0
2033.9,308.771,0.0
2034.0,308.77,0.0
2034.1,308.769,0.0
2034.2,308.769,0.0
2034.3,308.768,0.0
2034.4,308.767,0.0
2034.5,308.766,0.0
2034.6,308.765,0.0
2034.7,308.764,0.0
2034.8,308.763,0.0
2034.9,308.763,0.0
2035.0,308.762,0.0
2035.1,308.761,-0.001086
2035.2,308.76,-0.002145
2035.3,308.759,-0.003162
2035.4,308.758,-0.004136
2035.5,308.757,-0.005067
2035.6,308.756,-0.005953
2035.7,308.756,-0.006795
2035.8,308.755,-0.00759
2035.9,308.754,-0.00834
2036.0,308.753,-0.009039
2036.1,308.752,-0.008557
2036.2,308.751,-0.00804
2036.3,308.75,-0.007491
2036.4,308.749,-0.00691
2036.5,308.749,-0.006297
2036.6,308.748,-0.00565
2036.7,308.747,-0.00497
2036.8,308.746,-0.004256
2036.9,308.745,-0.003508
2037.0,308.744,-0.002732
2037.1,308.743,-0.002474
2037.2,308.742,-0.002217
2037.3,308.742,-0.001956
2037.4,308.741,-0.00169
2037.5,308.74,-0.001419
2037.6,308.739,-0.001143
2037.7,308.738,-0.000861
2037.8,308.737,-0.000575
2037.9,308.736,-0.000286
2038.0,308.736,-0.0
2038.1,308.735,0.0
2038.2,308.734,0.0
2038.3,308.733,0.0
2038.4,308.732,0.0
2038.5,308.731,0.0
2038.6,308.73,0.0
2038.7,308.73,0.0
2038.8,308.729,0.0
2038.9,308.728,0.0
2039.0,308.727,0.0
2039.1,308.726,0.0
2039.2,308.725,0.0
2039.3,308.724,0.0
2039.4,308.724,0.0
2039.5,308.723,0.0
2039.6,308.722,0.0
2039.7,308.721,0.0
2039.8,308.72,0.0
2039.9,308.719,0.0
2040.0,308.718,0.0
2040.1,308.717,0.0
2040.2,308.717,0.0
2040.3,308.716,0.0
2040.4,308.715,0.0
2040.5,308.714,0.0
2040.6,308.713,0.0
2040.7,308.712,0.0
2040.8,308.711,0.0
2040.9,308.711,0.0
2041.0,308.71,0.0
2041.1,308.709,0.0
2041.2,308.708,0.0
2041.3,308.707,0.0
2041.4,308.706,0.0
2041.5,308.705,0.0
2041.6,308.705,0.0
2041.7,308.704,0.0
2041.8,308.703,0.0
2041.9,308.702,0.0
2042.0,308.701,0.0
2042.1,308.7,0.0
2042.2,308.699,0.0
2042.3,308.699,0.0
2042.4,308.698,0.0
2042.5,308.697,0.0
2042.6,308.696,0.0
2042.7,308.695,0.0
2042.8,308.694,0.0
2042.9,308.693,0.0
2043.0,308.693,0.0
2043.1,308.692,0.0
2043.2,308.691,0.0
2043.3,308.69,0.0
2043.4,308.689,0.0
2043.5,308.688,0.0
2043.6,308.687,0.0
2043.7,308.687,0.0
2043.8,308.686,0.0
2043.9,308.685,0.0
2044.0,308.684,0.0
2044.1,308.683,0.0
2044.2,308.682,0.0
2044.3,308.681,0.0
2044.4,308.681,0.0
2044.5,308.68,0.0
2044.6,308.679,0.0
2044.7,308.678,0.0
2044.8,308.677,0.0
2044.9,308.676,0.0
2045.0,308.675,0.0
2045.1,308.675,0.0
2045.2,308.674,0.0
2045.3,308.673,0.0
2045.4,308.672,0.0
2045.5,308.671,0.0
2045.6,308.67,0.0
2045.7,308.669,0.0
2045.8,308.669,0.0
2045.9,308.668,0.0
2046.0,308.667,0.0
2046.1,308.666,0.0
2046.2,308.665,0.0
2046.3,308.664,0.0
2046.4,308.663,0.0
2046.5,308.663,0.0
2046.6,308.662,0.0
2046.7,308.661,0.0
2046.8,308.66,0.0
2046.9,308.659,0.0
2047.0,308.658,0.0
2047.1,308.657,0.0
2047.2,308.657,0.0
2047.3,308.656,0.0
2047.4,308.655,0.0
2047.5,308.654,0.0
2047.6,308.653,0.0
2047.7,308.652,0.0
2047.8,308.651,0.0
2047.9,308.651,0.0
2048.0,308.65,0.0
2048.1,308.649,0.0
2048.2,308.648,0.0
2048.3,308.647,0.0
2048.4,308.646,0.0
2048.5,308.645,0.0
2048.6,308.645,0.0
2048.7,308.644,0.0
2048.8,308.643,0.0
2048.9,308.642,0.0
2049.0,308.641,0.0
2049.1,308.64,0.0
2049.2,308.639,0.0
2049.3,308.639,0.0
2049.4,308.638,0.0
2049.5,308.637,0.0
2049.6,308.636,0.0
2049.7,308.635,0.0
2049.8,308.634,0.0
2049.9,308.633,0.0
2050.0,308.633,0.0
2050.1,308.632,0.0
2050.2,308.631,0.0
2050.3,308.63,0.0
2050.4,308.629,0.0
2050.5,308.628,0.0
2050.6,308.627,0.0
2050.7,308.627,0.0
2050.8,308.626,0.0
2050.9,308.625,0.0
2051.0,308.624,0.0
2051.1,308.623,0.0
2051.2,308.622,0.0
2051.3,308.621,0.0
2051.4,308.621,0.0
2051.5,308.62,0.0
2051.6,308.619,0.0
2051.7,308.618,0.0
2051.8,308.617,0.0
2051.9,308.616,0.0
2052.0,308.616,0.0
2052.1,308.615,-0.000856
2052.2,308.614,-0.001714
2052.3,308.613,-0.00256
2052.4,308.612,-0.003393
2052.5,308.611,-0.004213
2052.6,308.61,-0.00502
2052.7,308.61,-0.005813
2052.8,308.609,-0.006593
2052.9,308.608,-0.007359
2053.0,308.607,-0.008106
2053.1,308.606,-0.007403
2053.2,308.605,-0.006681
2053.3,308.604,-0.005946
2053.4,308.603,-0.005197
2053.5,308.603,-0.004434
2053.6,308.602,-0.003656
2053.7,308.601,-0.002864
2053.8,308.6,-0.002058
2053.9,308.599,-0.001236
2054.0,308.598,-0.000405
2054.1,308.597,-0.000364
2054.2,308.597,-0.000324
2054.3,308.596,-0.000285
2054.4,308.595,-0.000245
2054.5,308.594,-0.000205
2054.6,308.593,-0.000165
2054.7,308.592,-0.000124
2054.8,308.592,-8.3e-05
2054.9,308.591,-4.2e-05
2055.0,308.59,-0.0
2055.1,308.589,0.0
2055.2,308.588,0.0
2055.3,308.587,0.0
2055.4,308.586,0.0
2055.5,308.586,0.0
2055.6,308.585,0.0
2055.7,308.584,0.0
2055.8,308.583,0.0
2055.9,308.582,0.0
2056.0,308.581,0.0
2056.1,308.58,-0.002245
2056.2,308.58,-0.004415
2056.3,308.579,-0.006496
2056.4,308.578,-0.008486
2056.5,308.577,-0.010384
2056.6,308.576,-0.012189
2056.7,308.575,-0.0139
2056.8,308.574,-0.015516
2056.9,308.574,-0.017036
2057.0,308.573,-0.018488
2057.1,308.572,-0.020261
2057.2,308.571,-0.021879
2057.3,308.57,-0.023311
2057.4,308.569,-0.024556
2057.5,308.568,-0.025612
2057.6,308.567,-0.026477
2057.7,308.566,-0.027151
2057.8,308.566,-0.02763
2057.9,308.565,-0.027914
2058.0,308.564,-0.028
2058.1,308.563,-0.027897
2058.2,308.562,-0.027753
2058.3,308.561,-0.027568
2058.4,308.56,-0.027342
2058.5,308.559,-0.027075
2058.6,308.558,-0.026767
2058.7,308.558,-0.026418
2058.8,308.557,-0.026027
2058.9,308.556,-0.025595
2059.0,308.555,-0.025121
2059.1,308.554,-0.024732
2059.2,308.553,-0.024326
2059.3,308.552,-0.023905
2059.4,308.551,-0.023466
2059.5,308.55,-0.02301
2059.6,308.55,-0.022537
2059.7,308.549,-0.022052
2059.8,308.548,-0.021556
2059.9,308.547,-0.021044
2060.0,308.546,-0.020515
2060.1,308.545,-0.01997
2060.2,308.544,-0.019409
2060.3,308.543,-0.018854
2060.4,308.542,-0.018285
2060.5,308.542,-0.017702
2060.6,308.541,-0.017103
2060.7,308.54,-0.01649
2060.8,308.539,-0.015862
2060.9,308.538,-0.015219
2061.0,308.537,-0.01443
2061.1,308.536,-0.012822
2061.2,308.535,-0.010943
2061.3,308.535,-0.00892
2061.4,308.534,-0.006754
2061.5,308.533,-0.004444
2061.6,308.532,-0.001988
2061.7,308.531,0.000614
2061.8,308.53,0.003363
2061.9,308.53,0.00626
2062.0,308.529,0.009689
2062.1,308.528,0.014313
2062.2,308.527,0.019691
2062.3,308.526,0.025443
2062.4,308.525,0.031573
2062.5,308.525,0.038082
2062.6,308.524,0.044974
2062.7,308.523,0.052249
2062.8,308.522,0.05991
2062.9,308.522,0.06796
2063.0,308.521,0.075613
2063.1,308.52,0.079989
2063.2,308.519,0.083633
2063.3,308.519,0.087329
2063.4,308.518,0.091077
2063.5,308.517,0.094878
2063.6,308.517,0.098731
2063.7,308.516,0.102637
2063.8,308.515,0.106598
2063.9,308.515,0.110611
2064.0,308.514,0.113764
2064.1,308.513,0.11359
2064.2,308.513,0.112481
2064.3,308.512,0.111349
2064.4,308.511,0.110196
2064.5,308.511,0.109024
2064.6,308.51,0.107833
2064.7,308.509,0.106625
2064.8,308.509,0.105401
2064.9,308.508,0.104133
2065.0,308.507,0.102564
2065.1,308.507,0.096214
2065.2,308.506,0.089675
2065.3,308.505,0.083301
2065.4,308.505,0.077097
2065.5,308.504,0.071066
2065.6,308.503,0.065214
2065.7,308.502,0.059545
2065.8,308.502,0.054064
2065.9,308.501,0.048774
2066.0,308.5,0.043956
2066.1,308.499,0.04704
2066.2,308.499,0.050517
2066.3,308.498,0.054114
2066.4,308.497,0.05783
2066.5,308.496,0.061665
2066.6,308.496,0.065621
2066.7,308.495,0.069697
2066.8,308.494,0.073894
2066.9,308.493,0.078212
2067.0,308.493,0.082142
2067.1,308.492,0.079198
2067.2,308.491,0.075789
2067.3,308.49,0.072425
2067.4,308.49,0.069107
2067.5,308.489,0.065837
2067.6,308.488,0.062618
2067.7,308.488,0.05945
2067.8,308.487,0.056335
2067.9,308.486,0.053381
2068.0,308.485,0.051035
2068.1,308.485,0.051348
2068.2,308.484,0.052431
2068.3,308.483,0.05353
2068.4,308.482,0.054644
2068.5,308.482,0.055774
2068.6,308.481,0.056917
2068.7,308.48,0.058075
2068.8,308.479,0.059248
2068.9,308.479,0.060434
2069.0,308.478,0.06145
2069.1,308.477,0.050959
2069.2,308.476,0.041106
2069.3,308.476,0.032088
2069.4,308.475,0.023918
2069.5,308.474,0.01661
2069.6,308.473,0.010177
2069.7,308.472,0.004629
2069.8,308.471,-2e-05
2069.9,308.471,-0.003761
2070.0,308.47,-0.006543
2070.1,308.469,-0.007487
2070.2,308.468,-0.008249
2070.3,308.467,-0.008866
2070.4,308.466,-0.009338
2070.5,308.466,-0.009665
2070.6,308.465,-0.009844
2070.7,308.464,-0.009877
2070.8,308.463,-0.009761
2070.9,308.462,-0.009496
2071.0,308.461,-0.00909
2071.1,308.46,-0.009256
2071.2,308.46,-0.009425
2071.3,308.459,-0.00959
2071.4,308.458,-0.009751
2071.5,308.457,-0.009906
2071.6,308.456,-0.010057
2071.7,308.455,-0.010203
2071.8,308.454,-0.010344
2071.9,308.454,-0.01048
2072.0,308.453,-0.010597
2072.1,308.452,-0.010197
2072.2,308.451,-0.009641
2072.3,308.45,-0.008944
2072.4,308.449,-0.008104
2072.5,308.448,-0.00712
2072.6,308.448,-0.00599
2072.7,308.447,-0.004713
2072.8,308.446,-0.003288
2072.9,308.445,-0.001715
2073.0,308.444,-0.0
2073.1,308.443,0.0
2073.2,308.442,0.0
2073.3,308.442,0.0
2073.4,308.441,0.0
2073.5,308.44,0.0
2073.6,308.439,0.0
2073.7,308.438,0.0
2073.8,308.437,0.0
2073.9,308.437,0.0
2074.0,308.436,0.0
2074.1,308.435,0.0
2074.2,308.434,0.0
2074.3,308.433,0.0
2074.4,308.432,0.0
2074.5,308.432,0.0
2074.6,308.431,0.0
2074.7,308.43,0.0
2074.8,308.429,0.0
2074.9,308.428,0.0
2075.0,308.427,0.0
2075.1,308.427,0.0
2075.2,308.426,0.0
2075.3,308.425,0.0
2075.4,308.424,0.0
2075.5,308.423,0.0
2075.6,308.422,0.0
2075.7,308.422,0.0
2075.8,308.421,0.0
2075.9,308.42,0.0
2076.0,308.419,0.0
2076.1,308.418,0.0
2076.2,308.417,0.0
2076.3,308.417,0.0
2076.4,308.416,0.0
2076.5,308.415,0.0
2076.6,308.414,0.0
2076.7,308.413,0.0
2076.8,308.412,0.0
2076.9,308.411,0.0
2077.0,308.411,0.0
2077.1,308.41,0.0
2077.2,308.409,0.0
2077.3,308.408,0.0
2077.4,308.407,0.0
2077.5,308.406,0.0
2077.6,308.406,0.0
2077.7,308.405,0.0
2077.8,308.404,0.0
2077.9,308.403,0.0
2078.0,308.402,0.0
2078.1,308.401,0.0
2078.2,308.401,0.0
2078.3,308.4,0.0
2078.4,308.399,0.0
2078.5,308.398,0.0
2078.6,308.397,0.0
2078.7,308.396,0.0
2078.8,308.396,0.0
2078.9,308.395,0.0
2079.0,308.394,0.0
2079.1,308.393,0.0
2079.2,308.392,0.0
2079.3,308.391,0.0
2079.4,308.391,0.0
2079.5,308.39,0.0
2079.6,308.389,0.0
2079.7,308.388,0.0
2079.8,308.387,0.0
2079.9,308.386,0.0
2080.0,308.386,0.0
2080.1,308.385,-0.005756
2080.2,308.384,-0.010496
2080.3,308.383,-0.014193
2080.4,308.382,-0.016836
2080.5,308.381,-0.018412
2080.6,308.38,-0.018908
2080.7,308.38,-0.018312
2080.8,308.379,-0.016613
2080.9,308.378,-0.0138
2081.0,308.377,-0.009949
2081.1,308.376,-0.007295
2081.2,308.375,-0.004417
2081.3,308.374,-0.001229
2081.4,308.374,0.002271
2081.5,308.373,0.006085
2081.6,308.372,0.010215
2081.7,308.371,0.014662
2081.8,308.37,0.019302
2081.9,308.37,0.02412
2082.0,308.369,0.029228
2082.1,308.368,0.032716
2082.2,308.367,0.03558
2082.3,308.366,0.038509
2082.4,308.366,0.041505
2082.5,308.365,0.044568
2082.6,308.364,0.047697
2082.7,308.363,0.050895
2082.8,308.363,0.054161
2082.9,308.362,0.05782
2083.0,308.361,0.061587
2083.1,308.36,0.066674
2083.2,308.36,0.072656
2083.3,308.359,0.078852
2083.4,308.358,0.085264
2083.5,308.358,0.091893
2083.6,308.357,0.098739
2083.7,308.356,0.105804
2083.8,308.356,0.113088
2083.9,308.355,0.120592
2084.0,308.354,0.127452
2084.1,308.354,0.129028
2084.2,308.353,0.129721
2084.3,308.352,0.130391
2084.4,308.352,0.131039
2084.5,308.351,0.131666
2084.6,308.351,0.132274
2084.7,308.35,0.132863
2084.8,308.349,0.133435
2084.9,308.349,0.133989
2085.0,308.348,0.134607
2085.1,308.348,0.139491
2085.2,308.347,0.144542
2085.3,308.346,0.149694
2085.4,308.346,0.154958
2085.5,308.345,0.160312
2085.6,308.345,0.165755
2085.7,308.344,0.171289
2085.8,308.344,0.176913
2085.9,308.343,0.182627
2086.0,308.342,0.188432
2086.1,308.342,0.194327
2086.2,308.341,0.200314
2086.3,308.341,0.206496
2086.4,308.34,0.212858
2086.5,308.34,0.219327
2086.6,308.339,0.225907
2086.7,308.339,0.232593
2086.8,308.339,0.239383
2086.9,308.338,0.246279
2087.0,308.338,0.253276
2087.1,308.337,0.260379
2087.2,308.337,0.267583
2087.3,308.337,0.274979
2087.4,308.336,0.282549
2087.5,308.336,0.290225
2087.6,308.335,0.298007
2087.7,308.335,0.305901
2087.8,308.335,0.313904
2087.9,308.334,0.322015
2088.0,308.334,0.328789
2088.1,308.334,0.311433
2088.2,308.334,0.293071
2088.3,308.333,0.275155
2088.4,308.333,0.257698
2088.5,308.332,0.240713
2088.6,308.332,0.224212
2088.7,308.332,0.208208
2088.8,308.331,0.192711
2088.9,308.331,0.177732
2089.0,308.33,0.16259
2089.1,308.329,0.147392
2089.2,308.329,0.132235
2089.3,308.328,0.11782
2089.4,308.328,0.104157
2089.5,308.327,0.09126
2089.6,308.326,0.079137
2089.7,308.326,0.0678
2089.8,308.325,0.057259
2089.9,308.324,0.047481
2090.0,308.323,0.038428
2090.1,308.323,0.030227
2090.2,308.322,0.022887
2090.3,308.321,0.016373
2090.4,308.32,0.010743
2090.5,308.319,0.006019
2090.6,308.319,0.002208
2090.7,308.318,-0.00068
2090.8,308.317,-0.002638
2090.9,308.316,-0.003657
2091.0,308.315,-0.00373
2091.1,308.314,-0.003671
2091.2,308.314,-0.003542
2091.3,308.313,-0.003343
2091.4,308.312,-0.003073
2091.5,308.311,-0.002733
2091.6,308.31,-0.002323
2091.7,308.309,-0.001844
2091.8,308.309,-0.001296
2091.9,308.308,-0.000679
2092.0,308.307,-0.0
2092.1,308.306,-0.000113
2092.2,308.305,-0.000221
2092.3,308.304,-0.000336
2092.4,308.304,-0.000452
2092.5,308.303,-0.00057
2092.6,308.302,-0.000689
2092.7,308.301,-0.000808
2092.8,308.3,-0.000929
2092.9,308.3,-0.00105
2093.0,308.299,-0.001176
2093.1,308.298,-0.001854
2093.2,308.297,-0.002501
2093.3,308.296,-0.003112
2093.4,308.295,-0.003685
2093.5,308.295,-0.004221
2093.6,308.294,-0.004719
2093.7,308.293,-0.005177
2093.8,308.292,-0.005595
2093.9,308.291,-0.005972
2094.0,308.29,-0.006318
2094.1,308.29,-0.006678
2094.2,308.289,-0.006969
2094.3,308.288,-0.007179
2094.4,308.287,-0.007306
2094.5,308.286,-0.00735
2094.6,308.285,-0.00731
2094.7,308.284,-0.007184
2094.8,308.284,-0.006972
2094.9,308.283,-0.006673
2095.0,308.282,-0.006308
2095.1,308.281,-0.006063
2095.2,308.28,-0.005815
2095.3,308.279,-0.005544
2095.4,308.279,-0.005248
2095.5,308.278,-0.004928
2095.6,308.277,-0.004584
2095.7,308.276,-0.004211
2095.8,308.275,-0.003807
2095.9,308.274,-0.003377
2096.0,308.274,-0.00292
2096.1,308.273,-0.002437
2096.2,308.272,-0.001927
2096.3,308.271,-0.00139
2096.4,308.27,-0.000826
2096.5,308.269,-0.000234
2096.6,308.269,0.000385
2096.7,308.268,0.00104
2096.8,308.267,0.001724
2096.9,308.266,0.002436
2097.0,308.265,0.003091
2097.1,308.265,0.002924
2097.2,308.264,0.002671
2097.3,308.263,0.002416
2097.4,308.262,0.002161
2097.5,308.261,0.001906
2097.6,308.26,0.00165
2097.7,308.26,0.001395
2097.8,308.259,0.00114
2097.9,308.258,0.000886
2098.0,308.257,0.000599
2098.1,308.256,6.7e-05
2098.2,308.255,-0.000484
2098.3,308.255,-0.001018
2098.4,308.254,-0.001536
2098.5,308.253,-0.002036
2098.6,308.252,-0.002519
2098.7,308.251,-0.002984
2098.8,308.251,-0.003433
2098.9,308.25,-0.003863
2099.0,308.249,-0.004274
2099.1,308.248,-0.004665
2099.2,308.247,-0.005041
2099.3,308.246,-0.005397
2099.4,308.246,-0.005731
2099.5,308.245,-0.006043
2099.6,308.244,-0.006332
2099.7,308.243,-0.006599
2099.8,308.242,-0.006842
2099.9,308.241,-0.007063
2100.0,308.241,-0.007264
2100.1,308.24,-0.007489
2100.2,308.239,-0.007663
2100.3,308.238,-0.00778
2100.4,308.237,-0.007839
2100.5,308.236,-0.007841
2100.6,308.236,-0.007784
2100.7,308.235,-0.007667
2100.8,308.234,-0.007491
2100.9,308.233,-0.007254
2101.0,308.232,-0.006955
2101.1,308.231,-0.006594
2101.2,308.231,-0.006171
2101.3,308.23,-0.005685
2101.4,308.229,-0.005134
2101.5,308.228,-0.004519
2101.6,308.227,-0.00384
2101.7,308.226,-0.003096
2101.8,308.226,-0.002286
2101.9,308.225,-0.00141
2102.0,308.224,-0.000469
2102.1,308.223,-0.000424
2102.2,308.222,-0.000379
2102.3,308.221,-0.000334
2102.4,308.221,-0.000288
2102.5,308.22,-0.000241
2102.6,308.219,-0.000194
2102.7,308.218,-0.000148
2102.8,308.217,-0.0001
2102.9,308.216,-5.1e-05
2103.0,308.216,-0.0
2103.1,308.215,0.0
2103.2,308.214,0.0
2103.3,308.213,0.0
2103.4,308.212,0.0
2103.5,308.212,0.0
2103.6,308.211,0.0
2103.7,308.21,0.0
2103.8,308.209,0.0
2103.9,308.208,0.0
2104.0,308.207,0.0
2104.1,308.207,0.0
2104.2,308.206,0.0
2104.3,308.205,0.0
2104.4,308.204,0.0
2104.5,308.203,0.0
2104.6,308.203,0.0
2104.7,308.202,0.0
2104.8,308.201,0.0
2104.9,308.2,0.0
2105.0,308.199,0.0
2105.1,308.198,0.0
2105.2,308.198,0.0
2105.3,308.197,0.0
2105.4,308.196,0.0
2105.5,308.195,0.0
2105.6,308.194,0.0
2105.7,308.193,0.0
2105.8,308.193,0.0
2105.9,308.192,0.0
2106.0,308.191,0.0
2106.1,308.19,-0.000674
2106.2,308.189,-0.001337
2106.3,308.189,-0.001986
2106.4,308.188,-0.00262
2106.5,308.187,-0.003239
2106.6,308.186,-0.003842
2106.7,308.185,-0.004429
2106.8,308.184,-0.005001
2106.9,308.184,-0.005556
2107.0,308.183,-0.006116
2107.1,308.182,-0.006807
2107.2,308.181,-0.007485
2107.3,308.18,-0.00813
2107.4,308.179,-0.008742
2107.5,308.179,-0.009318
2107.6,308.178,-0.00986
2107.7,308.177,-0.010367
2107.8,308.176,-0.010839
2107.9,308.175,-0.011274
2108.0,308.174,-0.011649
2108.1,308.174,-0.011407
2108.2,308.173,-0.011124
2108.3,308.172,-0.010824
2108.4,308.171,-0.010508
2108.5,308.17,-0.010175
2108.6,308.169,-0.009825
2108.7,308.169,-0.009457
2108.8,308.168,-0.00907
2108.9,308.167,-0.008666
2109.0,308.166,-0.008249
2109.1,308.165,-0.00802
2109.2,308.164,-0.007792
2109.3,308.164,-0.007558
2109.4,308.163,-0.007318
2109.5,308.162,-0.007073
2109.6,308.161,-0.006821
2109.7,308.16,-0.006564
2109.8,308.159,-0.0063
2109.9,308.159,-0.00603
2110.0,308.158,-0.005747
2110.1,308.157,-0.005256
2110.2,308.156,-0.004741
2110.3,308.155,-0.004209
2110.4,308.155,-0.00366
2110.5,308.154,-0.003094
2110.6,308.153,-0.00251
2110.7,308.152,-0.001908
2110.8,308.151,-0.001289
2110.9,308.15,-0.000652
2111.0,308.15,-0.0
2111.1,308.149,0.0
2111.2,308.148,0.0
2111.3,308.147,0.0
2111.4,308.146,0.0
2111.5,308.146,0.0
2111.6,308.145,0.0
2111.7,308.144,0.0
2111.8,308.143,0.0
2111.9,308.142,0.0
2112.0,308.141,0.0
2112.1,308.141,0.0
2112.2,308.14,0.0
2112.3,308.139,0.0
2112.4,308.138,0.0
2112.5,308.137,0.0
2112.6,308.137,0.0
2112.7,308.136,0.0
2112.8,308.135,0.0
2112.9,308.134,0.0
2113.0,308.133,0.0
2113.1,308.132,0.0
2113.2,308.132,0.0
2113.3,308.131,0.0
2113.4,308.13,0.0
2113.5,308.129,0.0
2113.6,308.128,0.0
2113.7,308.128,0.0
2113.8,308.127,0.0
2113.9,308.126,0.0
2114.0,308.125,0.0
2114.1,308.124,0.0
2114.2,308.124,0.0
2114.3,308.123,0.0
2114.4,308.122,0.0
2114.5,308.121,0.0
2114.6,308.12,0.0
2114.7,308.119,0.0
2114.8,308.119,0.0
2114.9,308.118,0.0
2115.0,308.117,0.0
2115.1,308.116,0.0
2115.2,308.115,0.0
2115.3,308.115,0.0
2115.4,308.114,0.0
2115.5,308.113,0.0
2115.6,308.112,0.0
2115.7,308.111,0.0
2115.8,308.111,0.0
2115.9,308.11,0.0
2116.0,308.109,0.0
2116.1,308.108,0.0
2116.2,308.107,0.0
2116.3,308.106,0.0
2116.4,308.106,0.0
2116.5,308.105,0.0
2116.6,308.104,0.0
2116.7,308.103,0.0
2116.8,308.102,0.0
2116.9,308.102,0.0
2117.0,308.101,0.0
2117.1,308.1,0.0
2117.2,308.099,0.0
2117.3,308.098,0.0
2117.4,308.098,0.0
2117.5,308.097,0.0
2117.6,308.096,0.0
2117.7,308.095,0.0
2117.8,308.094,0.0
2117.9,308.093,0.0
2118.0,308.093,0.0
2118.1,308.092,0.0
2118.2,308.091,0.0
2118.3,308.09,0.0
2118.4,308.089,0.0
2118.5,308.089,0.0
2118.6,308.088,0.0
2118.7,308.087,0.0
2118.8,308.086,0.0
2118.9,308.085,0.0
2119.0,308.085,0.0
2119.1,308.084,0.0
2119.2,308.083,0.0
2119.3,308.082,0.0
2119.4,308.081,0.0
2119.5,308.08,0.0
2119.6,308.08,0.0
2119.7,308.079,0.0
2119.8,308.078,0.0
2119.9,308.077,0.0
2120.0,308.076,0.0
2120.1,308.076,0.0
2120.2,308.075,0.0
2120.3,308.074,0.0
2120.4,308.073,0.0
2120.5,308.072,0.0
2120.6,308.072,0.0
2120.7,308.071,0.0
2120.8,308.07,0.0
2120.9,308.069,0.0
2121.0,308.068,0.0
2121.1,308.068,-0.001257
2121.2,308.067,-0.002484
2121.3,308.066,-0.003675
2121.4,308.065,-0.004829
2121.5,308.064,-0.005947
2121.6,308.063,-0.007028
2121.7,308.063,-0.008072
2121.8,308.062,-0.009077
2121.9,308.061,-0.010037
2122.0,308.06,-0.010961
2122.1,308.059,-0.010041
2122.2,308.058,-0.009072
2122.3,308.058,-0.008067
2122.4,308.057,-0.007029
2122.5,308.056,-0.005955
2122.6,308.055,-0.004842
2122.7,308.054,-0.003691
2122.8,308.054,-0.002501
2122.9,308.053,-0.001271
2123.0,308.052,-0.0
2123.1,308.051,-0.000205
2123.2,308.05,-0.000406
2123.3,308.05,-0.000609
2123.4,308.049,-0.000812
2123.5,308.048,-0.001015
2123.6,308.047,-0.001217
2123.7,308.046,-0.001419
2123.8,308.045,-0.001621
2123.9,308.045,-0.001821
2124.0,308.044,-0.002025
2124.1,308.043,-0.002991
2124.2,308.042,-0.00394
2124.3,308.041,-0.004867
2124.4,308.041,-0.005771
2124.5,308.04,-0.006653
2124.6,308.039,-0.007511
2124.7,308.038,-0.008346
2124.8,308.037,-0.009158
2124.9,308.037,-0.009945
2125.0,308.036,-0.010683
2125.1,308.035,-0.01013
2125.2,308.034,-0.009539
2125.3,308.033,-0.008935
2125.4,308.032,-0.008318
2125.5,308.032,-0.007688
2125.6,308.031,-0.007044
2125.7,308.03,-0.006387
2125.8,308.029,-0.005715
2125.9,308.028,-0.00503
2126.0,308.027,-0.004339
2126.1,308.027,-0.004326
2126.2,308.026,-0.004321
2126.3,308.025,-0.004316
2126.4,308.024,-0.004311
2126.5,308.023,-0.004306
2126.6,308.023,-0.004301
2126.7,308.022,-0.004296
2126.8,308.021,-0.00429
2126.9,308.02,-0.004285
2127.0,308.019,-0.00427
2127.1,308.019,-0.003874
2127.2,308.018,-0.003463
2127.3,308.017,-0.003048
2127.4,308.016,-0.002627
2127.5,308.015,-0.002202
2127.6,308.015,-0.001771
2127.7,308.014,-0.001335
2127.8,308.013,-0.000894
2127.9,308.012,-0.000448
2128.0,308.011,-0.0
2128.1,308.01,0.0
2128.2,308.01,0.0
2128.3,308.009,0.0
2128.4,308.008,0.0
2128.5,308.007,0.0
2128.6,308.006,0.0
2128.7,308.006,0.0
2128.8,308.005,0.0
2128.9,308.004,0.0
2129.0,308.003,0.0
2129.1,308.002,0.0
2129.2,308.002,0.0
2129.3,308.001,0.0
2129.4,308.0,0.0
2129.5,307.999,0.0
2129.6,307.998,0.0
2129.7,307.998,0.0
2129.8,307.997,0.0
2129.9,307.996,0.0
2130.0,307.995,0.0
2130.1,307.994,-0.000409
2130.2,307.994,-0.000818
2130.3,307.993,-0.001224
2130.4,307.992,-0.001627
2130.5,307.991,-0.002028
2130.6,307.99,-0.002425
2130.7,307.99,-0.00282
2130.8,307.989,-0.003211
2130.9,307.988,-0.003599
2131.0,307.987,-0.003974
2131.1,307.986,-0.003602
2131.2,307.986,-0.003217
2131.3,307.985,-0.002828
2131.4,307.984,-0.002436
2131.5,307.983,-0.002039
2131.6,307.982,-0.001639
2131.7,307.981,-0.001234
2131.8,307.981,-0.000826
2131.9,307.98,-0.000414
2132.0,307.979,-0.0
2132.1,307.978,-0.000199
2132.2,307.977,-0.000395
2132.3,307.977,-0.000593
2132.4,307.976,-0.00079
2132.5,307.975,-0.000987
2132.6,307.974,-0.001184
2132.7,307.973,-0.00138
2132.8,307.973,-0.001575
2132.9,307.972,-0.00177
2133.0,307.971,-0.001959
2133.1,307.97,-0.001772
2133.2,307.969,-0.001579
2133.3,307.969,-0.001385
2133.4,307.968,-0.00119
2133.5,307.967,-0.000993
2133.6,307.966,-0.000796
2133.7,307.965,-0.000598
2133.8,307.965,-0.000399
2133.9,307.964,-0.000201
2134.0,307.963,-0.0
2134.1,307.962,0.0
2134.2,307.961,0.0
2134.3,307.961,0.0
2134.4,307.96,0.0
2134.5,307.959,0.0
2134.6,307.958,0.0
2134.7,307.957,0.0
2134.8,307.957,0.0
2134.9,307.956,0.0
2135.0,307.955,0.0
2135.1,307.954,-0.000332
2135.2,307.953,-0.000664
2135.3,307.953,-0.000995
2135.4,307.952,-0.001324
2135.5,307.951,-0.001652
2135.6,307.95,-0.001977
2135.7,307.949,-0.002301
2135.8,307.949,-0.002623
2135.9,307.948,-0.002943
2136.0,307.947,-0.003269
2136.1,307.946,-0.003879
2136.2,307.945,-0.00449
2136.3,307.945,-0.005093
2136.4,307.944,-0.005687
2136.5,307.943,-0.006273
2136.6,307.942,-0.00685
2136.7,307.941,-0.007419
2136.8,307.94,-0.007979
2136.9,307.94,-0.00853
2137.0,307.939,-0.00909
2137.1,307.938,-0.010044
2137.2,307.937,-0.010986
2137.3,307.936,-0.011899
2137.4,307.936,-0.012782
2137.5,307.935,-0.013634
2137.6,307.934,-0.014456
2137.7,307.933,-0.015247
2137.8,307.932,-0.016007
2137.9,307.931,-0.016735
2138.0,307.931,-0.017465
2138.1,307.93,-0.018983
2138.2,307.929,-0.020367
2138.3,307.928,-0.021584
2138.4,307.927,-0.022631
2138.5,307.927,-0.023508
2138.6,307.926,-0.024212
2138.7,307.925,-0.024743
2138.8,307.924,-0.025098
2138.9,307.923,-0.025275
2139.0,307.922,-0.025276
2139.1,307.921,-0.025105
2139.2,307.921,-0.024767
2139.3,307.92,-0.024264
2139.4,307.919,-0.023595
2139.5,307.918,-0.022758
2139.6,307.917,-0.021753
2139.7,307.916,-0.020578
2139.8,307.916,-0.019233
2139.9,307.915,-0.017717
2140.0,307.914,-0.016033
2140.1,307.913,-0.015268
2140.2,307.912,-0.014496
2140.3,307.912,-0.013707
2140.4,307.911,-0.012903
2140.5,307.91,-0.012082
2140.6,307.909,-0.011246
2140.7,307.908,-0.010393
2140.8,307.907,-0.009524
2140.9,307.907,-0.008638
2141.0,307.906,-0.007873
2141.1,307.905,-0.010531
2141.2,307.904,-0.012992
2141.3,307.903,-0.01511
2141.4,307.903,-0.01688
2141.5,307.902,-0.018293
2141.6,307.901,-0.019343
2141.7,307.9,-0.020024
2141.8,307.899,-0.02033
2141.9,307.898,-0.020254
2142.0,307.898,-0.019799
2142.1,307.897,-0.019541
2142.2,307.896,-0.019248
2142.3,307.895,-0.018909
2142.4,307.894,-0.018525
2142.5,307.893,-0.018095
2142.6,307.893,-0.017619
2142.7,307.892,-0.017097
2142.8,307.891,-0.016527
2142.9,307.89,-0.01591
2143.0,307.889,-0.015278
2143.1,307.888,-0.015148
2143.2,307.888,-0.015049
2143.3,307.887,-0.014948
2143.4,307.886,-0.014844
2143.5,307.885,-0.014739
2143.6,307.884,-0.014631
2143.7,307.884,-0.014521
2143.8,307.883,-0.014409
2143.9,307.882,-0.014296
2144.0,307.881,-0.014214
2144.1,307.88,-0.015205
2144.2,307.879,-0.016142
2144.3,307.879,-0.016989
2144.4,307.878,-0.017745
2144.5,307.877,-0.018409
2144.6,307.876,-0.018981
2144.7,307.875,-0.019458
2144.8,307.875,-0.019841
2144.9,307.874,-0.020128
2145.0,307.873,-0.02031
2145.1,307.872,-0.020041
2145.2,307.871,-0.019702
2145.3,307.87,-0.019298
2145.4,307.87,-0.018828
2145.5,307.869,-0.018292
2145.6,307.868,-0.017688
2145.7,307.867,-0.017015
2145.8,307.866,-0.016272
2145.9,307.865,-0.015457
2146.0,307.865,-0.014614
2146.1,307.864,-0.015014
2146.2,307.863,-0.01544
2146.3,307.862,-0.015846
2146.4,307.861,-0.016232
2146.5,307.861,-0.016599
2146.6,307.86,-0.016945
2146.7,307.859,-0.017271
2146.8,307.858,-0.017577
2146.9,307.857,-0.017862
2147.0,307.856,-0.018122
2147.1,307.856,-0.018219
2147.2,307.855,-0.018306
2147.3,307.854,-0.01839
2147.4,307.853,-0.018469
2147.5,307.852,-0.018544
2147.6,307.852,-0.018614
2147.7,307.851,-0.01868
2147.8,307.85,-0.018741
2147.9,307.849,-0.018798
2148.0,307.848,-0.018832
2148.1,307.847,-0.018708
2148.2,307.847,-0.018563
2148.3,307.846,-0.018415
2148.4,307.845,-0.018264
2148.5,307.844,-0.018109
2148.6,307.843,-0.017951
2148.7,307.842,-0.01779
2148.8,307.842,-0.017625
2148.9,307.841,-0.017456
2149.0,307.84,-0.017278
2149.1,307.839,-0.016988
2149.2,307.838,-0.01668
2149.3,307.838,-0.016358
2149.4,307.837,-0.016022
2149.5,307.836,-0.015672
2149.6,307.835,-0.015307
2149.7,307.834,-0.014927
2149.8,307.833,-0.014532
2149.9,307.833,-0.014122
2150.0,307.832,-0.013726
2150.1,307.831,-0.01339
2150.2,307.83,-0.013075
2150.3,307.829,-0.012753
2150.4,307.829,-0.012423
2150.5,307.828,-0.012085
2150.6,307.827,-0.011738
2150.7,307.826,-0.011384
2150.8,307.825,-0.011021
2150.9,307.825,-0.010649
2151.0,307.824,-0.010298
2151.1,307.823,-0.010273
2151.2,307.822,-0.010277
2151.3,307.821,-0.010279
2151.4,307.821,-0.010282
2151.5,307.82,-0.010285
2151.6,307.819,-0.010287
2151.7,307.818,-0.010288
2151.8,307.817,-0.01029
2151.9,307.816,-0.010291
2152.0,307.816,-0.010293
2152.1,307.815,-0.010294
2152.2,307.814,-0.010294
2152.3,307.813,-0.010295
2152.4,307.812,-0.010295
2152.5,307.812,-0.010296
2152.6,307.811,-0.010296
2152.7,307.81,-0.010296
2152.8,307.809,-0.010296
2152.9,307.808,-0.010295
2153.0,307.808,-0.0103
2153.1,307.807,-0.010501
2153.2,307.806,-0.010705
2153.3,307.805,-0.010907
2153.4,307.804,-0.011107
2153.5,307.804,-0.011304
2153.6,307.803,-0.011499
2153.7,307.802,-0.011691
2153.8,307.801,-0.011882
2153.9,307.8,-0.012071
2154.0,307.8,-0.012264
2154.1,307.799,-0.012617
2154.2,307.798,-0.01297
2154.3,307.797,-0.013314
2154.4,307.796,-0.013649
2154.5,307.795,-0.013975
2154.6,307.795,-0.014292
2154.7,307.794,-0.014599
2154.8,307.793,-0.014897
2154.9,307.792,-0.015186
2155.0,307.791,-0.015436
2155.1,307.791,-0.015322
2155.2,307.79,-0.015179
2155.3,307.789,-0.015035
2155.4,307.788,-0.014891
2155.5,307.787,-0.014745
2155.6,307.787,-0.014599
2155.7,307.786,-0.014452
2155.8,307.785,-0.014303
2155.9,307.784,-0.014154
2156.0,307.783,-0.013999
2156.1,307.783,-0.013515
2156.2,307.782,-0.013009
2156.3,307.781,-0.012487
2156.4,307.78,-0.011948
2156.5,307.779,-0.011392
2156.6,307.778,-0.010817
2156.7,307.778,-0.010225
2156.8,307.777,-0.009615
2156.9,307.776,-0.008983
2157.0,307.775,-0.008331
2157.1,307.774,-0.007611
2157.2,307.774,-0.006858
2157.3,307.773,-0.006083
2157.4,307.772,-0.005285
2157.5,307.771,-0.004463
2157.6,307.77,-0.003618
2157.7,307.77,-0.002749
2157.8,307.769,-0.001856
2157.9,307.768,-0.000939
2158.0,307.767,-0.0
2158.1,307.767,0.0
2158.2,307.766,0.0
2158.3,307.765,0.0
2158.4,307.764,0.0
2158.5,307.763,0.0
2158.6,307.763,0.0
2158.7,307.762,0.0
2158.8,307.761,0.0
2158.9,307.76,0.0
2159.0,307.759,0.0
2159.1,307.759,0.0
2159.2,307.758,0.0
2159.3,307.757,0.0
2159.4,307.756,0.0
2159.5,307.756,0.0
2159.6,307.755,0.0
2159.7,307.754,0.0
2159.8,307.753,0.0
2159.9,307.752,0.0
2160.0,307.752,0.0
2160.1,307.751,0.0
2160.2,307.75,0.0
2160.3,307.749,0.0
2160.4,307.748,0.0
2160.5,307.748,0.0
2160.6,307.747,0.0
2160.7,307.746,0.0
2160.8,307.745,0.0
2160.9,307.745,0.0
2161.0,307.744,0.0
2161.1,307.743,0.0
2161.2,307.742,0.0
2161.3,307.741,0.0
2161.4,307.741,0.0
2161.5,307.74,0.0
2161.6,307.739,0.0
2161.7,307.738,0.0
2161.8,307.738,0.0
2161.9,307.737,0.0
2162.0,307.736,0.0
2162.1,307.735,-0.000114
2162.2,307.734,-0.000227
2162.3,307.734,-0.000339
2162.4,307.733,-0.000452
2162.5,307.732,-0.000565
2162.6,307.731,-0.000679
2162.7,307.73,-0.000792
2162.8,307.73,-0.000905
2162.9,307.729,-0.001018
2163.0,307.728,-0.001134
2163.1,307.727,-0.002001
2163.2,307.727,-0.002854
2163.3,307.726,-0.003691
2163.4,307.725,-0.004511
2163.5,307.724,-0.005313
2163.6,307.723,-0.006099
2163.7,307.723,-0.006866
2163.8,307.722,-0.007616
2163.9,307.721,-0.008348
2164.0,307.72,-0.009053
2164.1,307.719,-0.00924
2164.2,307.719,-0.009418
2164.3,307.718,-0.009593
2164.4,307.717,-0.009768
2164.5,307.716,-0.009941
2164.6,307.715,-0.010113
2164.7,307.715,-0.010284
2164.8,307.714,-0.010454
2164.9,307.713,-0.010622
2165.0,307.712,-0.01081
2165.1,307.711,-0.011286
2165.2,307.711,-0.011773
2165.3,307.71,-0.012248
2165.4,307.709,-0.012712
2165.5,307.708,-0.013164
2165.6,307.707,-0.013605
2165.7,307.707,-0.014034
2165.8,307.706,-0.014451
2165.9,307.705,-0.014857
2166.0,307.704,-0.015262
2166.1,307.703,-0.015926
2166.2,307.703,-0.016567
2166.3,307.702,-0.017171
2166.4,307.701,-0.01774
2166.5,307.7,-0.018271
2166.6,307.699,-0.018767
2166.7,307.699,-0.019225
2166.8,307.698,-0.019653
2166.9,307.697,-0.020048
2167.0,307.696,-0.020403
2167.1,307.695,-0.020726
2167.2,307.695,-0.021031
2167.3,307.694,-0.021286
2167.4,307.693,-0.021492
2167.5,307.692,-0.021649
2167.6,307.691,-0.021756
2167.7,307.69,-0.021813
2167.8,307.69,-0.021819
2167.9,307.689,-0.021775
2168.0,307.688,-0.02168
2168.1,307.687,-0.021566
2168.2,307.686,-0.021434
2168.3,307.686,-0.02128
2168.4,307.685,-0.021106
2168.5,307.684,-0.02091
2168.6,307.683,-0.020692
2168.7,307.682,-0.020449
2168.8,307.681,-0.020183
2168.9,307.681,-0.019885
2169.0,307.68,-0.019558
2169.1,307.679,-0.019168
2169.2,307.678,-0.018722
2169.3,307.677,-0.018235
2169.4,307.677,-0.017707
2169.5,307.676,-0.017137
2169.6,307.675,-0.016525
2169.7,307.674,-0.01587
2169.8,307.673,-0.01517
2169.9,307.673,-0.014427
2170.0,307.672,-0.013608
2170.1,307.671,-0.012601
2170.2,307.67,-0.011493
2170.3,307.669,-0.010314
2170.4,307.669,-0.009062
2170.5,307.668,-0.007738
2170.6,307.667,-0.00634
2170.7,307.666,-0.004868
2170.8,307.665,-0.003321
2170.9,307.665,-0.001697
2171.0,307.664,-0.0
2171.1,307.663,0.0
2171.2,307.662,0.0
2171.3,307.662,0.0
2171.4,307.661,0.0
2171.5,307.66,0.0
2171.6,307.659,0.0
2171.7,307.658,0.0
2171.8,307.658,0.0
2171.9,307.657,0.0
2172.0,307.656,0.0
2172.1,307.655,0.0
2172.2,307.655,0.0
2172.3,307.654,0.0
2172.4,307.653,0.0
2172.5,307.652,0.0
2172.6,307.651,0.0
2172.7,307.651,0.0
2172.8,307.65,0.0
2172.9,307.649,0.0
2173.0,307.648,0.0
2173.1,307.648,0.0
2173.2,307.647,0.0
2173.3,307.646,0.0
2173.4,307.645,0.0
2173.5,307.644,0.0
2173.6,307.644,0.0
2173.7,307.643,0.0
2173.8,307.642,0.0
2173.9,307.641,0.0
2174.0,307.641,0.0
2174.1,307.64,0.0
2174.2,307.639,0.0
2174.3,307.638,0.0
2174.4,307.637,0.0
2174.5,307.637,0.0
2174.6,307.636,0.0
2174.7,307.635,0.0
2174.8,307.634,0.0
2174.9,307.634,0.0
2175.0,307.633,0.0
2175.1,307.632,0.0
2175.2,307.631,0.0
2175.3,307.631,0.0
2175.4,307.63,0.0
2175.5,307.629,0.0
2175.6,307.628,0.0
2175.7,307.627,0.0
2175.8,307.627,0.0
2175.9,307.626,0.0
2176.0,307.625,0.0
2176.1,307.624,0.0
2176.2,307.624,0.0
2176.3,307.623,0.0
2176.4,307.622,0.0
2176.5,307.621,0.0
2176.6,307.62,0.0
2176.7,307.62,0.0
2176.8,307.619,0.0
2176.9,307.618,0.0
2177.0,307.617,0.0
2177.1,307.617,0.0
2177.2,307.616,0.0
2177.3,307.615,0.0
2177.4,307.614,0.0
2177.5,307.613,0.0
2177.6,307.613,0.0
2177.7,307.612,0.0
2177.8,307.611,0.0
2177.9,307.61,0.0
2178.0,307.61,0.0
2178.1,307.609,0.0
2178.2,307.608,0.0
2178.3,307.607,0.0
2178.4,307.607,0.0
2178.5,307.606,0.0
2178.6,307.605,0.0
2178.7,307.604,0.0
2178.8,307.603,0.0
2178.9,307.603,0.0
2179.0,307.602,0.0
2179.1,307.601,0.0
2179.2,307.6,0.0
2179.3,307.6,0.0
2179.4,307.599,0.0
2179.5,307.598,0.0
2179.6,307.597,0.0
2179.7,307.596,0.0
2179.8,307.596,0.0
2179.9,307.595,0.0
2180.0,307.594,0.0
2180.1,307.593,0.0
2180.2,307.593,0.0
2180.3,307.592,0.0
2180.4,307.591,0.0
2180.5,307.59,0.0
2180.6,307.59,0.0
2180.7,307.589,0.0
2180.8,307.588,0.0
2180.9,307.587,0.0
2181.0,307.586,0.0
2181.1,307.586,0.0
2181.2,307.585,0.0
2181.3,307.584,0.0
2181.4,307.583,0.0
2181.5,307.583,0.0
2181.6,307.582,0.0
2181.7,307.581,0.0
2181.8,307.58,0.0
2181.9,307.58,0.0
2182.0,307.579,0.0
2182.1,307.578,0.0
2182.2,307.577,0.0
2182.3,307.576,0.0
2182.4,307.576,0.0
2182.5,307.575,0.0
2182.6,307.574,0.0
2182.7,307.573,0.0
2182.8,307.573,0.0
2182.9,307.572,0.0
2183.0,307.571,0.0
2183.1,307.57,0.0
2183.2,307.57,0.0
2183.3,307.569,0.0
2183.4,307.568,0.0
2183.5,307.567,0.0
2183.6,307.566,0.0
2183.7,307.566,0.0
2183.8,307.565,0.0
2183.9,307.564,0.0
2184.0,307.563,0.0
2184.1,307.563,0.0
2184.2,307.562,0.0
2184.3,307.561,0.0
2184.4,307.56,0.0
2184.5,307.56,0.0
2184.6,307.559,0.0
2184.7,307.558,0.0
2184.8,307.557,0.0
2184.9,307.556,0.0
2185.0,307.556,0.0
2185.1,307.555,0.0
2185.2,307.554,0.0
2185.3,307.553,0.0
2185.4,307.553,0.0
2185.5,307.552,0.0
2185.6,307.551,0.0
2185.7,307.55,0.0
2185.8,307.55,0.0
2185.9,307.549,0.0
2186.0,307.548,0.0
2186.1,307.547,0.0
2186.2,307.546,0.0
2186.3,307.546,0.0
2186.4,307.545,0.0
2186.5,307.544,0.0
2186.6,307.543,0.0
2186.7,307.543,0.0
2186.8,307.542,0.0
2186.9,307.541,0.0
2187.0,307.54,0.0
2187.1,307.54,0.0
2187.2,307.539,0.0
2187.3,307.538,0.0
2187.4,307.537,0.0
2187.5,307.536,0.0
2187.6,307.536,0.0
2187.7,307.535,0.0
2187.8,307.534,0.0
2187.9,307.533,0.0
2188.0,307.533,0.0
2188.1,307.532,0.0
2188.2,307.531,0.0
2188.3,307.53,0.0
2188.4,307.53,0.0
2188.5,307.529,0.0
2188.6,307.528,0.0
2188.7,307.527,0.0
2188.8,307.526,0.0
2188.9,307.526,0.0
2189.0,307.525,0.0
2189.1,307.524,0.0
2189.2,307.523,0.0
2189.3,307.523,0.0
2189.4,307.522,0.0
2189.5,307.521,0.0
2189.6,307.52,0.0
2189.7,307.52,0.0
2189.8,307.519,0.0
2189.9,307.518,0.0
2190.0,307.517,0.0
2190.1,307.517,0.0
2190.2,307.516,0.0
2190.3,307.515,0.0
2190.4,307.514,0.0
2190.5,307.513,0.0
2190.6,307.513,0.0
2190.7,307.512,0.0
2190.8,307.511,0.0
2190.9,307.51,0.0
2191.0,307.51,0.0
2191.1,307.509,-0.000115
2191.2,307.508,-0.000228
2191.3,307.507,-0.000339
2191.4,307.507,-0.000451
2191.5,307.506,-0.000563
2191.6,307.505,-0.000676
2191.7,307.504,-0.000788
2191.8,307.504,-0.000901
2191.9,307.503,-0.001013
2192.0,307.502,-0.001126
2192.1,307.501,-0.001761
2192.2,307.5,-0.002389
2192.3,307.5,-0.00301
2192.4,307.499,-0.003622
2192.5,307.498,-0.004227
2192.6,307.497,-0.004823
2192.7,307.497,-0.005412
2192.8,307.496,-0.005992
2192.9,307.495,-0.006563
2193.0,307.494,-0.007141
2193.1,307.494,-0.008342
2193.2,307.493,-0.009518
2193.3,307.492,-0.010653
2193.4,307.491,-0.011748
2193.5,307.49,-0.0128
2193.6,307.49,-0.013811
2193.7,307.489,-0.01478
2193.8,307.488,-0.015706
2193.9,307.487,-0.01659
2194.0,307.486,-0.017443
2194.1,307.486,-0.018598
2194.2,307.485,-0.019676
2194.3,307.484,-0.020661
2194.4,307.483,-0.021553
2194.5,307.482,-0.022352
2194.6,307.482,-0.023056
2194.7,307.481,-0.023664
2194.8,307.48,-0.024178
2194.9,307.479,-0.024595
2195.0,307.478,-0.024914
2195.1,307.478,-0.025193
2195.2,307.477,-0.025332
2195.3,307.476,-0.025329
2195.4,307.475,-0.025182
2195.5,307.474,-0.024892
2195.6,307.474,-0.024456
2195.7,307.473,-0.023874
2195.8,307.472,-0.023145
2195.9,307.471,-0.022268
2196.0,307.47,-0.021265
2196.1,307.47,-0.020125
2196.2,307.469,-0.018842
2196.3,307.468,-0.017417
2196.4,307.467,-0.015856
2196.5,307.466,-0.014156
2196.6,307.466,-0.012313
2196.7,307.465,-0.010327
2196.8,307.464,-0.008197
2196.9,307.463,-0.005922
2197.0,307.463,-0.003698
2197.1,307.462,-0.003023
2197.2,307.461,-0.002552
2197.3,307.46,-0.00209
2197.4,307.46,-0.001636
2197.5,307.459,-0.00119
2197.6,307.458,-0.000751
2197.7,307.457,-0.000319
2197.8,307.456,0.000107
2197.9,307.456,0.000526
2198.0,307.455,0.000726
2198.1,307.454,-0.001938
2198.2,307.453,-0.004598
2198.3,307.453,-0.007037
2198.4,307.452,-0.00925
2198.5,307.451,-0.011232
2198.6,307.45,-0.012977
2198.7,307.45,-0.014482
2198.8,307.449,-0.015742
2198.9,307.448,-0.016752
2199.0,307.447,-0.017508
2199.1,307.446,-0.018007
2199.2,307.446,-0.018244
2199.3,307.445,-0.018217
2199.4,307.444,-0.01792
2199.5,307.443,-0.017351
2199.6,307.442,-0.016507
2199.7,307.442,-0.015384
2199.8,307.441,-0.013978
2199.9,307.44,-0.012288
2200.0,307.439,-0.010327
2200.1,307.439,-0.009488
2200.2,307.438,-0.00862
2200.3,307.437,-0.007706
2200.4,307.436,-0.006745
2200.5,307.435,-0.005738
2200.6,307.435,-0.004684
2200.7,307.434,-0.003583
2200.8,307.433,-0.002435
2200.9,307.432,-0.00124
2201.0,307.432,-0.0
2201.1,307.431,0.0
2201.2,307.43,0.0
2201.3,307.429,0.0
2201.4,307.429,0.0
2201.5,307.428,0.0
2201.6,307.427,0.0
2201.7,307.426,0.0
2201.8,307.426,0.0
2201.9,307.425,0.0
2202.0,307.424,0.0
2202.1,307.423,0.0
2202.2,307.423,0.0
2202.3,307.422,0.0
2202.4,307.421,0.0
2202.5,307.42,0.0
2202.6,307.42,0.0
2202.7,307.419,0.0
2202.8,307.418,0.0
2202.9,307.417,0.0
2203.0,307.416,0.0
2203.1,307.416,0.0
2203.2,307.415,0.0
2203.3,307.414,0.0
2203.4,307.413,0.0
2203.5,307.413,0.0
2203.6,307.412,0.0
2203.7,307.411,0.0
2203.8,307.41,0.0
2203.9,307.41,0.0
2204.0,307.409,0.0
2204.1,307.408,0.0
2204.2,307.407,0.0
2204.3,307.407,0.0
2204.4,307.406,0.0
2204.5,307.405,0.0
2204.6,307.404,0.0
2204.7,307.404,0.0
2204.8,307.403,0.0
2204.9,307.402,0.0
2205.0,307.401,0.0
2205.1,307.401,0.0
2205.2,307.4,0.0
2205.3,307.399,0.0
2205.4,307.398,0.0
2205.5,307.398,0.0
2205.6,307.397,0.0
2205.7,307.396,0.0
2205.8,307.395,0.0
2205.9,307.395,0.0
2206.0,307.394,0.0
2206.1,307.393,0.0
2206.2,307.392,0.0
2206.3,307.392,0.0
2206.4,307.391,0.0
2206.5,307.39,0.0
2206.6,307.389,0.0
2206.7,307.388,0.0
2206.8,307.388,0.0
2206.9,307.387,0.0
2207.0,307.386,0.0
2207.1,307.385,0.0
2207.2,307.385,0.0
2207.3,307.384,0.0
2207.4,307.383,0.0
2207.5,307.382,0.0
2207.6,307.382,0.0
2207.7,307.381,0.0
2207.8,307.38,0.0
2207.9,307.379,0.0
2208.0,307.379,0.0
2208.1,307.378,-0.000152
2208.2,307.377,-0.000301
2208.3,307.376,-0.00045
2208.4,307.376,-0.0006
2208.5,307.375,-0.000749
2208.6,307.374,-0.000899
2208.7,307.373,-0.001048
2208.8,307.373,-0.001197
2208.9,307.372,-0.001346
2209.0,307.371,-0.001498
2209.1,307.37,-0.00207
2209.2,307.37,-0.00264
2209.3,307.369,-0.003201
2209.4,307.368,-0.003755
2209.5,307.367,-0.004302
2209.6,307.367,-0.00484
2209.7,307.366,-0.005371
2209.8,307.365,-0.005893
2209.9,307.364,-0.006408
2210.0,307.364,-0.0069
2210.1,307.363,-0.007049
2210.2,307.362,-0.007184
2210.3,307.361,-0.007318
2210.4,307.36,-0.007451
2210.5,307.36,-0.007584
2210.6,307.359,-0.007719
2210.7,307.358,-0.007852
2210.8,307.357,-0.007985
2210.9,307.357,-0.008118
2211.0,307.356,-0.008249
2211.1,307.355,-0.00838
2211.2,307.354,-0.008511
2211.3,307.354,-0.008644
2211.4,307.353,-0.008778
2211.5,307.352,-0.008911
2211.6,307.351,-0.009044
2211.7,307.35,-0.009176
2211.8,307.35,-0.009307
2211.9,307.349,-0.009437
2212.0,307.348,-0.009567
2212.1,307.347,-0.009702
2212.2,307.347,-0.009837
2212.3,307.346,-0.009972
2212.4,307.345,-0.010105
2212.5,307.344,-0.010237
2212.6,307.344,-0.010369
2212.7,307.343,-0.010499
2212.8,307.342,-0.010629
2212.9,307.341,-0.010758
2213.0,307.34,-0.010905
2213.1,307.34,-0.011606
2213.2,307.339,-0.012302
2213.3,307.338,-0.012973
2213.4,307.337,-0.013619
2213.5,307.337,-0.01424
2213.6,307.336,-0.014835
2213.7,307.335,-0.015404
2213.8,307.334,-0.015948
2213.9,307.334,-0.016466
2214.0,307.333,-0.016962
2214.1,307.332,-0.017434
2214.2,307.331,-0.017878
2214.3,307.33,-0.018294
2214.4,307.33,-0.018684
2214.5,307.329,-0.019046
2214.6,307.328,-0.01938
2214.7,307.327,-0.019682
2214.8,307.327,-0.019953
2214.9,307.326,-0.020196
2215.0,307.325,-0.020411
2215.1,307.324,-0.020355
2215.2,307.323,-0.020285
2215.3,307.323,-0.020218
2215.4,307.322,-0.020151
2215.5,307.321,-0.020086
2215.6,307.32,-0.020022
2215.7,307.319,-0.019959
2215.8,307.319,-0.019898
2215.9,307.318,-0.019837
2216.0,307.317,-0.019775
2216.1,307.316,-0.019317
2216.2,307.316,-0.018812
2216.3,307.315,-0.018261
2216.4,307.314,-0.017663
2216.5,307.313,-0.017017
2216.6,307.312,-0.016323
2216.7,307.312,-0.015579
2216.8,307.311,-0.014785
2216.9,307.31,-0.013943
2217.0,307.309,-0.013073
2217.1,307.309,-0.012194
2217.2,307.308,-0.011302
2217.3,307.307,-0.010367
2217.4,307.306,-0.009389
2217.5,307.305,-0.008365
2217.6,307.305,-0.007297
2217.7,307.304,-0.006184
2217.8,307.303,-0.005025
2217.9,307.302,-0.00382
2218.0,307.302,-0.002579
2218.1,307.301,-0.002322
2218.2,307.3,-0.002073
2218.3,307.299,-0.001822
2218.4,307.299,-0.001568
2218.5,307.298,-0.001312
2218.6,307.297,-0.001054
2218.7,307.296,-0.000793
2218.8,307.296,-0.00053
2218.9,307.295,-0.000266
2219.0,307.294,-0.0
2219.1,307.293,0.0
2219.2,307.293,0.0
2219.3,307.292,0.0
2219.4,307.291,0.0
2219.5,307.29,0.0
2219.6,307.29,0.0
2219.7,307.289,0.0
2219.8,307.288,0.0
2219.9,307.287,0.0
2220.0,307.287,0.0
2220.1,307.286,-1.9e-05
2220.2,307.285,-3.8e-05
2220.3,307.284,-5.7e-05
2220.4,307.284,-7.6e-05
2220.5,307.283,-9.4e-05
2220.6,307.282,-0.000113
2220.7,307.281,-0.000132
2220.8,307.281,-0.00015
2220.9,307.28,-0.000169
2221.0,307.279,-0.000188
2221.1,307.279,-0.001227
2221.2,307.278,-0.002244
2221.3,307.277,-0.003237
2221.4,307.276,-0.004206
2221.5,307.276,-0.005151
2221.6,307.275,-0.00607
2221.7,307.274,-0.006965
2221.8,307.273,-0.007833
2221.9,307.272,-0.008684
2222.0,307.272,-0.009508
2222.1,307.271,-0.010306
2222.2,307.27,-0.011087
2222.3,307.269,-0.011842
2222.4,307.269,-0.012569
2222.5,307.268,-0.013266
2222.6,307.267,-0.013934
2222.7,307.266,-0.014573
2222.8,307.266,-0.015183
2222.9,307.265,-0.015763
2223.0,307.264,-0.016339
2223.1,307.263,-0.017349
2223.2,307.262,-0.018267
2223.3,307.262,-0.019069
2223.4,307.261,-0.019756
2223.5,307.26,-0.020327
2223.6,307.259,-0.020781
2223.7,307.259,-0.021117
2223.8,307.258,-0.021333
2223.9,307.257,-0.021429
2224.0,307.256,-0.021405
2224.1,307.255,-0.021159
2224.2,307.255,-0.020561
2224.3,307.254,-0.019593
2224.4,307.253,-0.018255
2224.5,307.252,-0.016545
2224.6,307.252,-0.01446
2224.7,307.251,-0.011995
2224.8,307.25,-0.009149
2224.9,307.249,-0.005859
2225.0,307.249,-0.002165
2225.1,307.248,0.002763
2225.2,307.247,0.008234
2225.3,307.246,0.014356
2225.4,307.246,0.021079
2225.5,307.245,0.028402
2225.6,307.244,0.036325
2225.7,307.244,0.044858
2225.8,307.243,0.054007
2225.9,307.242,0.063819
2226.0,307.242,0.074132
2226.1,307.241,0.077682
2226.2,307.24,0.081302
2226.3,307.24,0.084967
2226.4,307.239,0.088642
2226.5,307.239,0.092189
2226.6,307.238,0.095775
2226.7,307.237,0.0994
2226.8,307.237,0.103065
2226.9,307.236,0.106684
2227.0,307.236,0.109865
2227.1,307.235,0.098317
2227.2,307.234,0.086531
2227.3,307.234,0.075296
2227.4,307.233,0.064681
2227.5,307.233,0.054712
2227.6,307.232,0.045442
2227.7,307.231,0.036825
2227.8,307.231,0.028875
2227.9,307.23,0.021604
2228.0,307.229,0.015024
2228.1,307.229,0.009508
2228.2,307.228,0.004571
2228.3,307.227,0.000253
2228.4,307.226,-0.003405
2228.5,307.226,-0.006394
2228.6,307.225,-0.008705
2228.7,307.224,-0.010331
2228.8,307.223,-0.011263
2228.9,307.223,-0.011493
2229.0,307.222,-0.011023
2229.1,307.221,-0.010602
2229.2,307.22,-0.010037
2229.3,307.22,-0.00932
2229.4,307.219,-0.008451
2229.5,307.218,-0.007429
2229.6,307.217,-0.006252
2229.7,307.216,-0.00492
2229.8,307.216,-0.003435
2229.9,307.215,-0.001797
2230.0,307.214,-0.0
2230.1,307.214,0.0
2230.2,307.213,0.0
2230.3,307.212,0.0
2230.4,307.211,0.0
2230.5,307.211,0.0
2230.6,307.21,0.0
2230.7,307.209,0.0
2230.8,307.208,0.0
2230.9,307.208,0.0
2231.0,307.207,0.0
2231.1,307.206,0.0
2231.2,307.205,0.0
2231.3,307.205,0.0
2231.4,307.204,0.0
2231.5,307.203,0.0
2231.6,307.202,0.0
2231.7,307.202,0.0
2231.8,307.201,0.0
2231.9,307.2,0.0
2232.0,307.199,0.0
2232.1,307.199,-0.000967
2232.2,307.198,-0.001911
2232.3,307.197,-0.002821
2232.4,307.196,-0.003696
2232.5,307.196,-0.00454
2232.6,307.195,-0.005361
2232.7,307.194,-0.006149
2232.8,307.193,-0.006903
2232.9,307.193,-0.007624
2233.0,307.192,-0.008297
2233.1,307.191,-0.007748
2233.2,307.19,-0.007162
2233.3,307.19,-0.006552
2233.4,307.189,-0.005918
2233.5,307.188,-0.005259
2233.6,307.187,-0.004576
2233.7,307.187,-0.003867
2233.8,307.186,-0.003133
2233.9,307.185,-0.002373
2234.0,307.184,-0.001589
2234.1,307.184,-0.001435
2234.2,307.183,-0.001281
2234.3,307.182,-0.001126
2234.4,307.182,-0.000969
2234.5,307.181,-0.000811
2234.6,307.18,-0.000651
2234.7,307.179,-0.00049
2234.8,307.179,-0.000328
2234.9,307.178,-0.000165
2235.0,307.177,-0.0
2235.1,307.176,0.0
2235.2,307.176,0.0
2235.3,307.175,0.0
2235.4,307.174,0.0
2235.5,307.173,0.0
2235.6,307.173,0.0
2235.7,307.172,0.0
2235.8,307.171,0.0
2235.9,307.17,0.0
2236.0,307.17,0.0
2236.1,307.169,0.0
2236.2,307.168,0.0
2236.3,307.167,0.0
2236.4,307.167,0.0
2236.5,307.166,0.0
2236.6,307.165,0.0
2236.7,307.165,0.0
2236.8,307.164,0.0
2236.9,307.163,0.0
2237.0,307.162,0.0
2237.1,307.162,0.0
2237.2,307.161,0.0
2237.3,307.16,0.0
2237.4,307.159,0.0
2237.5,307.159,0.0
2237.6,307.158,0.0
2237.7,307.157,0.0
2237.8,307.156,0.0
2237.9,307.156,0.0
2238.0,307.155,0.0
2238.1,307.154,0.0
2238.2,307.153,0.0
2238.3,307.153,0.0
2238.4,307.152,0.0
2238.5,307.151,0.0
2238.6,307.151,0.0
2238.7,307.15,0.0
2238.8,307.149,0.0
2238.9,307.148,0.0
2239.0,307.148,0.0
2239.1,307.147,0.0
2239.2,307.146,0.0
2239.3,307.145,0.0
2239.4,307.145,0.0
2239.5,307.144,0.0
2239.6,307.143,0.0
2239.7,307.142,0.0
2239.8,307.142,0.0
2239.9,307.141,0.0
2240.0,307.14,0.0
2240.1,307.139,0.0
2240.2,307.139,0.0
2240.3,307.138,0.0
2240.4,307.137,0.0
2240.5,307.137,0.0
2240.6,307.136,0.0
2240.7,307.135,0.0
2240.8,307.134,0.0
2240.9,307.134,0.0
2241.0,307.133,0.0
2241.1,307.132,0.0
2241.2,307.131,0.0
2241.3,307.131,0.0
2241.4,307.13,0.0
2241.5,307.129,0.0
2241.6,307.128,0.0
2241.7,307.128,0.0
2241.8,307.127,0.0
2241.9,307.126,0.0
2242.0,307.126,0.0
2242.1,307.125,0.0
2242.2,307.124,0.0
2242.3,307.123,0.0
2242.4,307.123,0.0
2242.5,307.122,0.0
2242.6,307.121,0.0
2242.7,307.12,0.0
2242.8,307.12,0.0
2242.9,307.119,0.0
2243.0,307.118,0.0
2243.1,307.117,0.0
2243.2,307.117,0.0
2243.3,307.116,0.0
2243.4,307.115,0.0
2243.5,307.115,0.0
2243.6,307.114,0.0
2243.7,307.113,0.0
2243.8,307.112,0.0
2243.9,307.112,0.0
2244.0,307.111,0.0
2244.1,307.11,0.0
2244.2,307.109,0.0
2244.3,307.109,0.0
2244.4,307.108,0.0
2244.5,307.107,0.0
2244.6,307.106,0.0
2244.7,307.106,0.0
2244.8,307.105,0.0
2244.9,307.104,0.0
2245.0,307.104,0.0
2245.1,307.103,0.0
2245.2,307.102,0.0
2245.3,307.101,0.0
2245.4,307.101,0.0
2245.5,307.1,0.0
2245.6,307.099,0.0
2245.7,307.098,0.0
2245.8,307.098,0.0
2245.9,307.097,0.0
2246.0,307.096,0.0
2246.1,307.095,0.0
2246.2,307.095,0.0
2246.3,307.094,0.0
2246.4,307.093,0.0
2246.5,307.093,0.0
2246.6,307.092,0.0
2246.7,307.091,0.0
2246.8,307.09,0.0
2246.9,307.09,0.0
2247.0,307.089,0.0
2247.1,307.088,0.0
2247.2,307.087,0.0
2247.3,307.087,0.0
2247.4,307.086,0.0
2247.5,307.085,0.0
2247.6,307.084,0.0
2247.7,307.084,0.0
2247.8,307.083,0.0
2247.9,307.082,0.0
2248.0,307.082,0.0
2248.1,307.081,0.0
2248.2,307.08,0.0
2248.3,307.079,0.0
2248.4,307.079,0.0
2248.5,307.078,0.0
2248.6,307.077,0.0
2248.7,307.076,0.0
2248.8,307.076,0.0
2248.9,307.075,0.0
2249.0,307.074,0.0
2249.1,307.074,0.0
2249.2,307.073,0.0
2249.3,307.072,0.0
2249.4,307.071,0.0
2249.5,307.071,0.0
2249.6,307.07,0.0
2249.7,307.069,0.0
2249.8,307.068,0.0
2249.9,307.068,0.0
2250.0,307.067,0.0
2250.1,307.066,0.0
2250.2,307.065,0.0
2250.3,307.065,0.0
2250.4,307.064,0.0
2250.5,307.063,0.0
2250.6,307.063,0.0
2250.7,307.062,0.0
2250.8,307.061,0.0
2250.9,307.06,0.0
2251.0,307.06,0.0
2251.1,307.059,0.0
2251.2,307.058,0.0
2251.3,307.057,0.0
2251.4,307.057,0.0
2251.5,307.056,0.0
2251.6,307.055,0.0
2251.7,307.055,0.0
2251.8,307.054,0.0
2251.9,307.053,0.0
2252.0,307.052,0.0
2252.1,307.052,0.0
2252.2,307.051,0.0
2252.3,307.05,0.0
2252.4,307.049,0.0
2252.5,307.049,0.0
2252.6,307.048,0.0
2252.7,307.047,0.0
2252.8,307.047,0.0
2252.9,307.046,0.0
2253.0,307.045,0.0
2253.1,307.044,0.0
2253.2,307.044,0.0
2253.3,307.043,0.0
2253.4,307.042,0.0
2253.5,307.041,0.0
2253.6,307.041,0.0
2253.7,307.04,0.0
2253.8,307.039,0.0
2253.9,307.039,0.0
2254.0,307.038,0.0
2254.1,307.037,0.0
2254.2,307.036,0.0
2254.3,307.036,0.0
2254.4,307.035,0.0
2254.5,307.034,0.0
2254.6,307.033,0.0
2254.7,307.033,0.0
2254.8,307.032,0.0
2254.9,307.031,0.0
2255.0,307.031,0.0
2255.1,307.03,0.0
2255.2,307.029,0.0
2255.3,307.028,0.0
2255.4,307.028,0.0
2255.5,307.027,0.0
2255.6,307.026,0.0
2255.7,307.025,0.0
2255.8,307.025,0.0
2255.9,307.024,0.0
2256.0,307.023,0.0
2256.1,307.023,0.0
2256.2,307.022,0.0
2256.3,307.021,0.0
2256.4,307.02,0.0
2256.5,307.02,0.0
2256.6,307.019,0.0
2256.7,307.018,0.0
2256.8,307.017,0.0
2256.9,307.017,0.0
2257.0,307.016,0.0
2257.1,307.015,0.0
2257.2,307.015,0.0
2257.3,307.014,0.0
2257.4,307.013,0.0
2257.5,307.012,0.0
2257.6,307.012,0.0
2257.7,307.011,0.0
2257.8,307.01,0.0
2257.9,307.009,0.0
2258.0,307.009,0.0
2258.1,307.008,0.0
2258.2,307.007,0.0
2258.3,307.007,0.0
2258.4,307.006,0.0
2258.5,307.005,0.0
2258.6,307.004,0.0
2258.7,307.004,0.0
2258.8,307.003,0.0
2258.9,307.002,0.0
2259.0,307.002,0.0
2259.1,307.001,0.0
2259.2,307.0,0.0
2259.3,306.999,0.0
2259.4,306.999,0.0
2259.5,306.998,0.0
2259.6,306.997,0.0
2259.7,306.996,0.0
2259.8,306.996,0.0
2259.9,306.995,0.0
2260.0,306.994,0.0
2260.1,306.994,0.0
2260.2,306.993,0.0
2260.3,306.992,0.0
2260.4,306.991,0.0
2260.5,306.991,0.0
2260.6,306.99,0.0
2260.7,306.989,0.0
2260.8,306.988,0.0
2260.9,306.988,0.0
2261.0,306.987,0.0
2261.1,306.986,0.0
2261.2,306.986,0.0
2261.3,306.985,0.0
2261.4,306.984,0.0
2261.5,306.983,0.0
2261.6,306.983,0.0
2261.7,306.982,0.0
2261.8,306.981,0.0
2261.9,306.981,0.0
2262.0,306.98,0.0
2262.1,306.979,0.0
2262.2,306.978,0.0
2262.3,306.978,0.0
2262.4,306.977,0.0
2262.5,306.976,0.0
2262.6,306.975,0.0
2262.7,306.975,0.0
2262.8,306.974,0.0
2262.9,306.973,0.0
2263.0,306.973,0.0
2263.1,306.972,0.0
2263.2,306.971,0.0
2263.3,306.97,0.0
2263.4,306.97,0.0
2263.5,306.969,0.0
2263.6,306.968,0.0
2263.7,306.968,0.0
2263.8,306.967,0.0
2263.9,306.966,0.0
2264.0,306.965,0.0
2264.1,306.965,0.0
2264.2,306.964,0.0
2264.3,306.963,0.0
2264.4,306.962,0.0
2264.5,306.962,0.0
2264.6,306.961,0.0
2264.7,306.96,0.0
2264.8,306.96,0.0
2264.9,306.959,0.0
2265.0,306.958,0.0
2265.1,306.957,0.0
2265.2,306.957,0.0
2265.3,306.956,0.0
2265.4,306.955,0.0
2265.5,306.955,0.0
2265.6,306.954,0.0
2265.7,306.953,0.0
2265.8,306.952,0.0
2265.9,306.952,0.0
2266.0,306.951,0.0
2266.1,306.95,0.0
2266.2,306.949,0.0
2266.3,306.949,0.0
2266.4,306.948,0.0
2266.5,306.947,0.0
2266.6,306.947,0.0
2266.7,306.946,0.0
2266.8,306.945,0.0
2266.9,306.944,0.0
2267.0,306.944,0.0
2267.1,306.943,0.0
2267.2,306.942,0.0
2267.3,306.942,0.0
2267.4,306.941,0.0
2267.5,306.94,0.0
2267.6,306.939,0.0
2267.7,306.939,0.0
2267.8,306.938,0.0
2267.9,306.937,0.0
2268.0,306.937,0.0
2268.1,306.936,0.0
2268.2,306.935,0.0
2268.3,306.934,0.0
2268.4,306.934,0.0
2268.5,306.933,0.0
2268.6,306.932,0.0
2268.7,306.931,0.0
2268.8,306.931,0.0
2268.9,306.93,0.0
2269.0,306.929,0.0
2269.1,306.929,0.0
2269.2,306.928,0.0
2269.3,306.927,0.0
2269.4,306.926,0.0
2269.5,306.926,0.0
2269.6,306.925,0.0
2269.7,306.924,0.0
2269.8,306.924,0.0
2269.9,306.923,0.0
2270.0,306.922,0.0
2270.1,306.921,0.0
2270.2,306.921,0.0
2270.3,306.92,0.0
2270.4,306.919,0.0
2270.5,306.919,0.0
2270.6,306.918,0.0
2270.7,306.917,0.0
2270.8,306.916,0.0
2270.9,306.916,0.0
2271.0,306.915,0.0
2271.1,306.914,0.0
2271.2,306.914,0.0
2271.3,306.913,0.0
2271.4,306.912,0.0
2271.5,306.911,0.0
2271.6,306.911,0.0
2271.7,306.91,0.0
2271.8,306.909,0.0
2271.9,306.909,0.0
2272.0,306.908,0.0
2272.1,306.907,0.0
2272.2,306.906,0.0
2272.3,306.906,0.0
2272.4,306.905,0.0
2272.5,306.904,0.0
2272.6,306.903,0.0
2272.7,306.903,0.0
2272.8,306.902,0.0
2272.9,306.901,0.0
2273.0,306.901,0.0
2273.1,306.9,0.0
2273.2,306.899,0.0
2273.3,306.898,0.0
2273.4,306.898,0.0
2273.5,306.897,0.0
2273.6,306.896,0.0
2273.7,306.896,0.0
2273.8,306.895,0.0
2273.9,306.894,0.0
2274.0,306.893,0.0
2274.1,306.893,0.0
2274.2,306.892,0.0
2274.3,306.891,0.0
2274.4,306.891,0.0
2274.5,306.89,0.0
2274.6,306.889,0.0
2274.7,306.888,0.0
2274.8,306.888,0.0
2274.9,306.887,0.0
2275.0,306.886,0.0
2275.1,306.886,0.0
2275.2,306.885,0.0
2275.3,306.884,0.0
2275.4,306.883,0.0
2275.5,306.883,0.0
2275.6,306.882,0.0
2275.7,306.881,0.0
2275.8,306.881,0.0
2275.9,306.88,0.0
2276.0,306.879,0.0
2276.1,306.878,0.0
2276.2,306.878,0.0
2276.3,306.877,0.0
2276.4,306.876,0.0
2276.5,306.876,0.0
2276.6,306.875,0.0
2276.7,306.874,0.0
2276.8,306.873,0.0
2276.9,306.873,0.0
2277.0,306.872,0.0
2277.1,306.871,0.0
2277.2,306.871,0.0
2277.3,306.87,0.0
2277.4,306.869,0.0
2277.5,306.868,0.0
2277.6,306.868,0.0
2277.7,306.867,0.0
2277.8,306.866,0.0
2277.9,306.866,0.0
2278.0,306.865,0.0
2278.1,306.864,0.0
2278.2,306.863,0.0
2278.3,306.863,0.0
2278.4,306.862,0.0
2278.5,306.861,0.0
2278.6,306.861,0.0
2278.7,306.86,0.0
2278.8,306.859,0.0
2278.9,306.858,0.0
2279.0,306.858,0.0
2279.1,306.857,0.0
2279.2,306.856,0.0
2279.3,306.856,0.0
2279.4,306.855,0.0
2279.5,306.854,0.0
2279.6,306.853,0.0
2279.7,306.853,0.0
2279.8,306.852,0.0
2279.9,306.851,0.0
2280.0,306.851,0.0
2280.1,306.85,0.0
2280.2,306.849,0.0
2280.3,306.848,0.0
2280.4,306.848,0.0
2280.5,306.847,0.0
2280.6,306.846,0.0
2280.7,306.846,0.0
2280.8,306.845,0.0
2280.9,306.844,0.0
2281.0,306.843,0.0
2281.1,306.843,0.0
2281.2,306.842,0.0
2281.3,306.841,0.0
2281.4,306.841,0.0
2281.5,306.84,0.0
2281.6,306.839,0.0
2281.7,306.838,0.0
2281.8,306.838,0.0
2281.9,306.837,0.0
2282.0,306.836,0.0
2282.1,306.836,0.0
2282.2,306.835,0.0
2282.3,306.834,0.0
2282.4,306.834,0.0
2282.5,306.833,0.0
2282.6,306.832,0.0
2282.7,306.831,0.0
2282.8,306.831,0.0
2282.9,306.83,0.0
2283.0,306.829,0.0
2283.1,306.829,0.0
2283.2,306.828,0.0
2283.3,306.827,0.0
2283.4,306.826,0.0
2283.5,306.826,0.0
2283.6,306.825,0.0
2283.7,306.824,0.0
2283.8,306.824,0.0
2283.9,306.823,0.0
2284.0,306.822,0.0
2284.1,306.821,0.0
2284.2,306.821,0.0
2284.3,306.82,0.0
2284.4,306.819,0.0
2284.5,306.819,0.0
2284.6,306.818,0.0
2284.7,306.817,0.0
2284.8,306.816,0.0
2284.9,306.816,0.0
2285.0,306.815,0.0
2285.1,306.814,0.0
2285.2,306.814,0.0
2285.3,306.813,0.0
2285.4,306.812,0.0
2285.5,306.811,0.0
2285.6,306.811,0.0
2285.7,306.81,0.0
2285.8,306.809,0.0
2285.9,306.809,0.0
2286.0,306.808,0.0
2286.1,306.807,0.0
2286.2,306.807,0.0
2286.3,306.806,0.0
2286.4,306.805,0.0
2286.5,306.804,0.0
2286.6,306.804,0.0
2286.7,306.803,0.0
2286.8,306.802,0.0
2286.9,306.802,0.0
2287.0,306.801,0.0
2287.1,306.8,0.0
2287.2,306.799,0.0
2287.3,306.799,0.0
2287.4,306.798,0.0
2287.5,306.797,0.0
2287.6,306.797,0.0
2287.7,306.796,0.0
2287.8,306.795,0.0
2287.9,306.794,0.0
2288.0,306.794,0.0
2288.1,306.793,0.0
2288.2,306.792,0.0
2288.3,306.792,0.0
2288.4,306.791,0.0
2288.5,306.79,0.0
2288.6,306.79,0.0
2288.7,306.789,0.0
2288.8,306.788,0.0
2288.9,306.787,0.0
2289.0,306.787,0.0
2289.1,306.786,0.0
2289.2,306.785,0.0
2289.3,306.785,0.0
2289.4,306.784,0.0
2289.5,306.783,0.0
2289.6,306.782,0.0
2289.7,306.782,0.0
2289.8,306.781,0.0
2289.9,306.78,0.0
2290.0,306.78,0.0
2290.1,306.779,0.0
2290.2,306.778,0.0
2290.3,306.778,0.0
2290.4,306.777,0.0
2290.5,306.776,0.0
2290.6,306.775,0.0
2290.7,306.775,0.0
2290.8,306.774,0.0
2290.9,306.773,0.0
2291.0,306.773,0.0
2291.1,306.772,0.0
2291.2,306.771,0.0
2291.3,306.77,0.0
2291.4,306.77,0.0
2291.5,306.769,0.0
2291.6,306.768,0.0
2291.7,306.768,0.0
2291.8,306.767,0.0
2291.9,306.766,0.0
2292.0,306.765,0.0
2292.1,306.765,0.0
2292.2,306.764,0.0
2292.3,306.763,0.0
2292.4,306.763,0.0
2292.5,306.762,0.0
2292.6,306.761,0.0
2292.7,306.761,0.0
2292.8,306.76,0.0
2292.9,306.759,0.0
2293.0,306.758,0.0
2293.1,306.758,0.0
2293.2,306.757,0.0
2293.3,306.756,0.0
2293.4,306.756,0.0
2293.5,306.755,0.0
2293.6,306.754,0.0
2293.7,306.754,0.0
2293.8,306.753,0.0
2293.9,306.752,0.0
2294.0,306.751,0.0
2294.1,306.751,0.0
2294.2,306.75,0.0
2294.3,306.749,0.0
2294.4,306.749,0.0
2294.5,306.748,0.0
2294.6,306.747,0.0
2294.7,306.746,0.0
2294.8,306.746,0.0
2294.9,306.745,0.0
2295.0,306.744,0.0
2295.1,306.744,0.0
2295.2,306.743,0.0
2295.3,306.742,0.0
2295.4,306.742,0.0
2295.5,306.741,0.0
2295.6,306.74,0.0
2295.7,306.739,0.0
2295.8,306.739,0.0
2295.9,306.738,0.0
2296.0,306.737,0.0
2296.1,306.737,0.0
2296.2,306.736,0.0
2296.3,306.735,0.0
2296.4,306.734,0.0
2296.5,306.734,0.0
2296.6,306.733,0.0
2296.7,306.732,0.0
2296.8,306.732,0.0
2296.9,306.731,0.0
2297.0,306.73,0.0
2297.1,306.73,0.0
2297.2,306.729,0.0
2297.3,306.728,0.0
2297.4,306.727,0.0
2297.5,306.727,0.0
2297.6,306.726,0.0
2297.7,306.725,0.0
2297.8,306.725,0.0
2297.9,306.724,0.0
2298.0,306.723,0.0
2298.1,306.723,0.0
2298.2,306.722,0.0
2298.3,306.721,0.0
2298.4,306.72,0.0
2298.5,306.72,0.0
2298.6,306.719,0.0
2298.7,306.718,0.0
2298.8,306.718,0.0
2298.9,306.717,0.0
2299.0,306.716,0.0
2299.1,306.716,0.0
2299.2,306.715,0.0
2299.3,306.714,0.0
2299.4,306.713,0.0
2299.5,306.713,0.0
2299.6,306.712,0.0
2299.7,306.711,0.0
2299.8,306.711,0.0
2299.9,306.71,0.0
2300.0,306.709,0.0
2300.1,306.709,0.0
2300.2,306.708,0.0
2300.3,306.707,0.0
2300.4,306.706,0.0
2300.5,306.706,0.0
2300.6,306.705,0.0
2300.7,306.704,0.0
2300.8,306.704,0.0
2300.9,306.703,0.0
2301.0,306.702,0.0
2301.1,306.701,0.0
2301.2,306.701,0.0
2301.3,306.7,0.0
2301.4,306.699,0.0
2301.5,306.699,0.0
2301.6,306.698,0.0
2301.7,306.697,0.0
2301.8,306.697,0.0
2301.9,306.696,0.0
2302.0,306.695,0.0
2302.1,306.694,0.0
2302.2,306.694,0.0
2302.3,306.693,0.0
2302.4,306.692,0.0
2302.5,306.692,0.0
2302.6,306.691,0.0
2302.7,306.69,0.0
2302.8,306.69,0.0
2302.9,306.689,0.0
2303.0,306.688,0.0
2303.1,306.687,0.0
2303.2,306.687,0.0
2303.3,306.686,0.0
2303.4,306.685,0.0
2303.5,306.685,0.0
2303.6,306.684,0.0
2303.7,306.683,0.0
2303.8,306.683,0.0
2303.9,306.682,0.0
2304.0,306.681,0.0
2304.1,306.681,0.0
2304.2,306.68,0.0
2304.3,306.679,0.0
2304.4,306.678,0.0
2304.5,306.678,0.0
2304.6,306.677,0.0
2304.7,306.676,0.0
2304.8,306.676,0.0
2304.9,306.675,0.0
2305.0,306.674,0.0
2305.1,306.674,0.0
2305.2,306.673,0.0
2305.3,306.672,0.0
2305.4,306.671,0.0
2305.5,306.671,0.0
2305.6,306.67,0.0
2305.7,306.669,0.0
2305.8,306.669,0.0
2305.9,306.668,0.0
2306.0,306.667,0.0
2306.1,306.667,0.0
2306.2,306.666,0.0
2306.3,306.665,0.0
2306.4,306.664,0.0
2306.5,306.664,0.0
2306.6,306.663,0.0
2306.7,306.662,0.0
2306.8,306.662,0.0
2306.9,306.661,0.0
2307.0,306.66,0.0
2307.1,306.66,0.0
2307.2,306.659,0.0
2307.3,306.658,0.0
2307.4,306.657,0.0
2307.5,306.657,0.0
2307.6,306.656,0.0
2307.7,306.655,0.0
2307.8,306.655,0.0
2307.9,306.654,0.0
2308.0,306.653,0.0
2308.1,306.653,0.0
2308.2,306.652,0.0
2308.3,306.651,0.0
2308.4,306.65,0.0
2308.5,306.65,0.0
2308.6,306.649,0.0
2308.7,306.648,0.0
2308.8,306.648,0.0
2308.9,306.647,0.0
2309.0,306.646,0.0
2309.1,306.646,0.0
2309.2,306.645,0.0
2309.3,306.644,0.0
2309.4,306.644,0.0
2309.5,306.643,0.0
2309.6,306.642,0.0
2309.7,306.641,0.0
2309.8,306.641,0.0
2309.9,306.64,0.0
2310.0,306.639,0.0
2310.1,306.639,0.0
2310.2,306.638,0.0
2310.3,306.637,0.0
2310.4,306.637,0.0
2310.5,306.636,0.0
2310.6,306.635,0.0
2310.7,306.634,0.0
2310.8,306.634,0.0
2310.9,306.633,0.0
2311.0,306.632,0.0
2311.1,306.632,-0.000145
2311.2,306.631,-0.000286
2311.3,306.63,-0.000427
2311.4,306.63,-0.000568
2311.5,306.629,-0.000709
2311.6,306.628,-0.00085
2311.7,306.628,-0.000991
2311.8,306.627,-0.001131
2311.9,306.626,-0.001271
2312.0,306.625,-0.001413
2312.1,306.625,-0.002531
2312.2,306.624,-0.003626
2312.3,306.623,-0.004694
2312.4,306.623,-0.005734
2312.5,306.622,-0.006747
2312.6,306.621,-0.007733
2312.7,306.621,-0.00869
2312.8,306.62,-0.009619
2312.9,306.619,-0.010519
2313.0,306.618,-0.011427
2313.1,306.618,-0.013537
2313.2,306.617,-0.0155
2313.3,306.616,-0.017276
2313.4,306.616,-0.018865
2313.5,306.615,-0.020263
2313.6,306.614,-0.02147
2313.7,306.613,-0.022483
2313.8,306.613,-0.023302
2313.9,306.612,-0.023924
2314.0,306.611,-0.024357
2314.1,306.61,-0.024581
2314.2,306.61,-0.024594
2314.3,306.609,-0.024389
2314.4,306.608,-0.023962
2314.5,306.607,-0.02331
2314.6,306.607,-0.022433
2314.7,306.606,-0.02133
2314.8,306.605,-0.019997
2314.9,306.605,-0.018439
2315.0,306.604,-0.016676
2315.1,306.603,-0.015936
2315.2,306.602,-0.015218
2315.3,306.602,-0.014489
2315.4,306.601,-0.013749
2315.5,306.6,-0.012995
2315.6,306.6,-0.01223
2315.7,306.599,-0.011452
2315.8,306.598,-0.010662
2315.9,306.597,-0.009858
2316.0,306.597,-0.009148
2316.1,306.596,-0.011007
2316.2,306.595,-0.012774
2316.3,306.595,-0.01434
2316.4,306.594,-0.0157
2316.5,306.593,-0.016848
2316.6,306.592,-0.01778
2316.7,306.592,-0.018491
2316.8,306.591,-0.018978
2316.9,306.59,-0.019236
2317.0,306.59,-0.019262
2317.1,306.589,-0.019081
2317.2,306.588,-0.018715
2317.3,306.587,-0.018159
2317.4,306.587,-0.01741
2317.5,306.586,-0.016468
2317.6,306.585,-0.015328
2317.7,306.584,-0.013988
2317.8,306.584,-0.012447
2317.9,306.583,-0.010702
2318.0,306.582,-0.008767
2318.1,306.582,-0.008005
2318.2,306.581,-0.007232
2318.3,306.58,-0.00643
2318.4,306.58,-0.005599
2318.5,306.579,-0.004739
2318.6,306.578,-0.00385
2318.7,306.577,-0.002931
2318.8,306.577,-0.001983
2318.9,306.576,-0.001006
2319.0,306.575,-0.0
2319.1,306.575,0.0
2319.2,306.574,0.0
2319.3,306.573,0.0
2319.4,306.573,0.0
2319.5,306.572,0.0
2319.6,306.571,0.0
2319.7,306.571,0.0
2319.8,306.57,0.0
2319.9,306.569,0.0
2320.0,306.568,0.0
2320.1,306.568,0.0
2320.2,306.567,0.0
2320.3,306.566,0.0
2320.4,306.566,0.0
2320.5,306.565,0.0
2320.6,306.564,0.0
2320.7,306.564,0.0
2320.8,306.563,0.0
2320.9,306.562,0.0
2321.0,306.562,0.0
2321.1,306.561,0.0
2321.2,306.56,0.0
2321.3,306.559,0.0
2321.4,306.559,0.0
2321.5,306.558,0.0
2321.6,306.557,0.0
2321.7,306.557,0.0
2321.8,306.556,0.0
2321.9,306.555,0.0
2322.0,306.555,0.0
2322.1,306.554,0.0
2322.2,306.553,0.0
2322.3,306.553,0.0
2322.4,306.552,0.0
2322.5,306.551,0.0
2322.6,306.551,0.0
2322.7,306.55,0.0
2322.8,306.549,0.0
2322.9,306.548,0.0
2323.0,306.548,0.0
2323.1,306.547,0.0
2323.2,306.546,0.0
2323.3,306.546,0.0
2323.4,306.545,0.0
2323.5,306.544,0.0
2323.6,306.544,0.0
2323.7,306.543,0.0
2323.8,306.542,0.0
2323.9,306.542,0.0
2324.0,306.541,0.0
2324.1,306.54,0.0
2324.2,306.54,0.0
2324.3,306.539,0.0
2324.4,306.538,0.0
2324.5,306.537,0.0
2324.6,306.537,0.0
2324.7,306.536,0.0
2324.8,306.535,0.0
2324.9,306.535,0.0
2325.0,306.534,0.0
2325.1,306.533,0.0
2325.2,306.533,0.0
2325.3,306.532,0.0
2325.4,306.531,0.0
2325.5,306.531,0.0
2325.6,306.53,0.0
2325.7,306.529,0.0
2325.8,306.529,0.0
2325.9,306.528,0.0
2326.0,306.527,0.0
2326.1,306.526,0.0
2326.2,306.526,0.0
2326.3,306.525,0.0
2326.4,306.524,0.0
2326.5,306.524,0.0
2326.6,306.523,0.0
2326.7,306.522,0.0
2326.8,306.522,0.0
2326.9,306.521,0.0
2327.0,306.52,0.0
2327.1,306.52,0.0
2327.2,306.519,0.0
2327.3,306.518,0.0
2327.4,306.518,0.0
2327.5,306.517,0.0
2327.6,306.516,0.0
2327.7,306.515,0.0
2327.8,306.515,0.0
2327.9,306.514,0.0
2328.0,306.513,0.0
2328.1,306.513,0.0
2328.2,306.512,0.0
2328.3,306.511,0.0
2328.4,306.511,0.0
2328.5,306.51,0.0
2328.6,306.509,0.0
2328.7,306.509,0.0
2328.8,306.508,0.0
2328.9,306.507,0.0
2329.0,306.507,0.0
2329.1,306.506,0.0
2329.2,306.505,0.0
2329.3,306.505,0.0
2329.4,306.504,0.0
2329.5,306.503,0.0
2329.6,306.502,0.0
2329.7,306.502,0.0
2329.8,306.501,0.0
2329.9,306.5,0.0
2330.0,306.5,0.0
2330.1,306.499,0.0
2330.2,306.498,0.0
2330.3,306.498,0.0
2330.4,306.497,0.0
2330.5,306.496,0.0
2330.6,306.496,0.0
2330.7,306.495,0.0
2330.8,306.494,0.0
2330.9,306.494,0.0
2331.0,306.493,0.0
2331.1,306.492,0.0
2331.2,306.492,0.0
2331.3,306.491,0.0
2331.4,306.49,0.0
2331.5,306.489,0.0
2331.6,306.489,0.0
2331.7,306.488,0.0
2331.8,306.487,0.0
2331.9,306.487,0.0
2332.0,306.486,0.0
2332.1,306.485,-2.9e-05
2332.2,306.485,-5.8e-05
2332.3,306.484,-8.7e-05
2332.4,306.483,-0.000116
2332.5,306.483,-0.000145
2332.6,306.482,-0.000173
2332.7,306.481,-0.000201
2332.8,306.481,-0.00023
2332.9,306.48,-0.000258
2333.0,306.479,-0.000286
2333.1,306.479,-0.000569
2333.2,306.478,-0.000851
2333.3,306.477,-0.001132
2333.4,306.476,-0.001412
2333.5,306.476,-0.001689
2333.6,306.475,-0.001965
2333.7,306.474,-0.002239
2333.8,306.474,-0.002511
2333.9,306.473,-0.002781
2334.0,306.472,-0.003058
2334.1,306.472,-0.003528
2334.2,306.471,-0.004
2334.3,306.47,-0.004467
2334.4,306.47,-0.004927
2334.5,306.469,-0.005381
2334.6,306.468,-0.005828
2334.7,306.468,-0.006269
2334.8,306.467,-0.006704
2334.9,306.466,-0.007133
2335.0,306.465,-0.00757
2335.1,306.465,-0.008428
2335.2,306.464,-0.009274
2335.3,306.463,-0.010092
2335.4,306.463,-0.010882
2335.5,306.462,-0.011642
2335.6,306.461,-0.012374
2335.7,306.461,-0.013076
2335.8,306.46,-0.013749
2335.9,306.459,-0.014392
2336.0,306.458,-0.015047
2336.1,306.458,-0.016461
2336.2,306.457,-0.01774
2336.3,306.456,-0.018838
2336.4,306.456,-0.019756
2336.5,306.455,-0.020491
2336.6,306.454,-0.021041
2336.7,306.453,-0.021404
2336.8,306.453,-0.02158
2336.9,306.452,-0.021567
2337.0,306.451,-0.021354
2337.1,306.451,-0.020776
2337.2,306.45,-0.019759
2337.3,306.449,-0.018307
2337.4,306.448,-0.016416
2337.5,306.448,-0.014084
2337.6,306.447,-0.011305
2337.7,306.446,-0.008078
2337.8,306.446,-0.004398
2337.9,306.445,-0.000262
2338.0,306.444,0.004028
2338.1,306.444,0.005879
2338.2,306.443,0.007455
2338.3,306.442,0.009059
2338.4,306.442,0.01069
2338.5,306.441,0.01235
2338.6,306.44,0.014038
2338.7,306.44,0.015755
2338.8,306.439,0.017501
2338.9,306.438,0.019276
2339.0,306.438,0.020756
2339.1,306.437,0.015451
2339.2,306.436,0.010264
2339.3,306.436,0.005528
2339.4,306.435,0.001254
2339.5,306.434,-0.002549
2339.6,306.434,-0.005872
2339.7,306.433,-0.008704
2339.8,306.432,-0.011038
2339.9,306.432,-0.012864
2340.0,306.431,-0.014154
2340.1,306.43,-0.014759
2340.2,306.43,-0.015102
2340.3,306.429,-0.015201
2340.4,306.428,-0.015053
2340.5,306.427,-0.014656
2340.6,306.427,-0.014005
2340.7,306.426,-0.013099
2340.8,306.425,-0.011934
2340.9,306.425,-0.010507
2341.0,306.424,-0.008834
2341.1,306.423,-0.008542
2341.2,306.423,-0.008259
2341.3,306.422,-0.007968
2341.4,306.421,-0.007667
2341.5,306.42,-0.007359
2341.6,306.42,-0.007041
2341.7,306.419,-0.006716
2341.8,306.418,-0.006381
2341.9,306.418,-0.006039
2342.0,306.417,-0.005672
2342.1,306.416,-0.005185
2342.2,306.416,-0.004668
2342.3,306.415,-0.004136
2342.4,306.414,-0.003589
2342.5,306.414,-0.003027
2342.6,306.413,-0.002451
2342.7,306.412,-0.00186
2342.8,306.412,-0.001254
2342.9,306.411,-0.000634
2343.0,306.41,-0.0
2343.1,306.409,0.0
2343.2,306.409,0.0
2343.3,306.408,0.0
2343.4,306.407,0.0
2343.5,306.407,0.0
2343.6,306.406,0.0
2343.7,306.405,0.0
2343.8,306.405,0.0
2343.9,306.404,0.0
2344.0,306.403,0.0
2344.1,306.403,0.0
2344.2,306.402,0.0
2344.3,306.401,0.0
2344.4,306.401,0.0
2344.5,306.4,0.0
2344.6,306.399,0.0
2344.7,306.399,0.0
2344.8,306.398,0.0
2344.9,306.397,0.0
2345.0,306.397,0.0
2345.1,306.396,0.0
2345.2,306.395,0.0
2345.3,306.395,0.0
2345.4,306.394,0.0
2345.5,306.393,0.0
2345.6,306.393,0.0
2345.7,306.392,0.0
2345.8,306.391,0.0
2345.9,306.391,0.0
2346.0,306.39,0.0
2346.1,306.389,0.0
2346.2,306.389,0.0
2346.3,306.388,0.0
2346.4,306.387,0.0
2346.5,306.386,0.0
2346.6,306.386,0.0
2346.7,306.385,0.0
2346.8,306.384,0.0
2346.9,306.384,0.0
2347.0,306.383,0.0
2347.1,306.382,0.0
2347.2,306.382,0.0
2347.3,306.381,0.0
2347.4,306.38,0.0
2347.5,306.38,0.0
2347.6,306.379,0.0
2347.7,306.378,0.0
2347.8,306.378,0.0
2347.9,306.377,0.0
2348.0,306.376,0.0
2348.1,306.376,0.0
2348.2,306.375,0.0
2348.3,306.374,0.0
2348.4,306.374,0.0
2348.5,306.373,0.0
2348.6,306.372,0.0
2348.7,306.372,0.0
2348.8,306.371,0.0
2348.9,306.37,0.0
2349.0,306.37,0.0
2349.1,306.369,0.0
2349.2,306.368,0.0
2349.3,306.368,0.0
2349.4,306.367,0.0
2349.5,306.366,0.0
2349.6,306.366,0.0
2349.7,306.365,0.0
2349.8,306.364,0.0
2349.9,306.364,0.0
2350.0,306.363,0.0
2350.1,306.362,0.0
2350.2,306.362,0.0
2350.3,306.361,0.0
2350.4,306.36,0.0
2350.5,306.36,0.0
2350.6,306.359,0.0
2350.7,306.358,0.0
2350.8,306.358,0.0
2350.9,306.357,0.0
2351.0,306.356,0.0
2351.1,306.355,0.0
2351.2,306.355,0.0
2351.3,306.354,0.0
2351.4,306.353,0.0
2351.5,306.353,0.0
2351.6,306.352,0.0
2351.7,306.351,0.0
2351.8,306.351,0.0
2351.9,306.35,0.0
2352.0,306.349,0.0
2352.1,306.349,0.0
2352.2,306.348,0.0
2352.3,306.347,0.0
2352.4,306.347,0.0
2352.5,306.346,0.0
2352.6,306.345,0.0
2352.7,306.345,0.0
2352.8,306.344,0.0
2352.9,306.343,0.0
2353.0,306.343,0.0
2353.1,306.342,-0.000256
2353.2,306.341,-0.00051
2353.3,306.341,-0.000764
2353.4,306.34,-0.001016
2353.5,306.339,-0.001267
2353.6,306.339,-0.001516
2353.7,306.338,-0.001764
2353.8,306.337,-0.00201
2353.9,306.337,-0.002254
2354.0,306.336,-0.002501
2354.1,306.335,-0.002749
2354.2,306.335,-0.002995
2354.3,306.334,-0.003241
2354.4,306.333,-0.003485
2354.5,306.333,-0.003727
2354.6,306.332,-0.003968
2354.7,306.331,-0.004207
2354.8,306.331,-0.004444
2354.9,306.33,-0.004679
2355.0,306.329,-0.004912
2355.1,306.329,-0.005143
2355.2,306.328,-0.005373
2355.3,306.327,-0.0056
2355.4,306.326,-0.005825
2355.5,306.326,-0.006049
2355.6,306.325,-0.00627
2355.7,306.324,-0.00649
2355.8,306.324,-0.006707
2355.9,306.323,-0.006923
2356.0,306.322,-0.007147
2356.1,306.322,-0.007467
2356.2,306.321,-0.007793
2356.3,306.32,-0.008114
2356.4,306.32,-0.00843
2356.5,306.319,-0.008742
2356.6,306.318,-0.009048
2356.7,306.318,-0.009349
2356.8,306.317,-0.009644
2356.9,306.316,-0.009935
2357.0,306.316,-0.010202
2357.1,306.315,-0.010446
2357.2,306.314,-0.010668
2357.3,306.313,-0.010886
2357.4,306.313,-0.011101
2357.5,306.312,-0.011313
2357.6,306.311,-0.01152
2357.7,306.311,-0.011724
2357.8,306.31,-0.011924
2357.9,306.309,-0.012121
2358.0,306.309,-0.012332
2358.1,306.308,-0.013455
2358.2,306.307,-0.014487
2358.3,306.307,-0.015408
2358.4,306.306,-0.016218
2358.5,306.305,-0.016915
2358.6,306.305,-0.017497
2358.7,306.304,-0.017965
2358.8,306.303,-0.018317
2358.9,306.302,-0.018551
2359.0,306.302,-0.018661
2359.1,306.301,-0.018375
2359.2,306.3,-0.017999
2359.3,306.3,-0.017538
2359.4,306.299,-0.01699
2359.5,306.298,-0.016353
2359.6,306.298,-0.015625
2359.7,306.297,-0.014806
2359.8,306.296,-0.013892
2359.9,306.295,-0.012884
2360.0,306.295,-0.011796
2360.1,306.294,-0.011298
2360.2,306.293,-0.010805
2360.3,306.293,-0.010296
2360.4,306.292,-0.009771
2360.5,306.291,-0.00923
2360.6,306.291,-0.008672
2360.7,306.29,-0.008098
2360.8,306.289,-0.007506
2360.9,306.289,-0.006898
2361.0,306.288,-0.006279
2361.1,306.287,-0.006277
2361.2,306.287,-0.006281
2361.3,306.286,-0.006285
2361.4,306.285,-0.006289
2361.5,306.285,-0.006292
2361.6,306.284,-0.006295
2361.7,306.283,-0.006298
2361.8,306.283,-0.006301
2361.9,306.282,-0.006304
2362.0,306.281,-0.006299
2362.1,306.28,-0.005738
2362.2,306.28,-0.005155
2362.3,306.279,-0.004559
2362.4,306.278,-0.003949
2362.5,306.278,-0.003326
2362.6,306.277,-0.002689
2362.7,306.276,-0.002038
2362.8,306.276,-0.001372
2362.9,306.275,-0.000693
2363.0,306.274,-0.0
2363.1,306.274,0.0
2363.2,306.273,0.0
2363.3,306.272,0.0
2363.4,306.272,0.0
2363.5,306.271,0.0
2363.6,306.27,0.0
2363.7,306.27,0.0
2363.8,306.269,0.0
2363.9,306.268,0.0
2364.0,306.268,0.0
2364.1,306.267,0.0
2364.2,306.266,0.0
2364.3,306.266,0.0
2364.4,306.265,0.0
2364.5,306.264,0.0
2364.6,306.264,0.0
2364.7,306.263,0.0
2364.8,306.262,0.0
2364.9,306.262,0.0
2365.0,306.261,0.0
2365.1,306.26,0.0
2365.2,306.26,0.0
2365.3,306.259,0.0
2365.4,306.258,0.0
2365.5,306.258,0.0
2365.6,306.257,0.0
2365.7,306.256,0.0
2365.8,306.256,0.0
2365.9,306.255,0.0
2366.0,306.254,0.0
2366.1,306.254,0.0
2366.2,306.253,0.0
2366.3,306.252,0.0
2366.4,306.252,0.0
2366.5,306.251,0.0
2366.6,306.25,0.0
2366.7,306.25,0.0
2366.8,306.249,0.0
2366.9,306.248,0.0
2367.0,306.248,0.0
2367.1,306.247,0.0
2367.2,306.246,0.0
2367.3,306.246,0.0
2367.4,306.245,0.0
2367.5,306.244,0.0
2367.6,306.244,0.0
2367.7,306.243,0.0
2367.8,306.242,0.0
2367.9,306.242,0.0
2368.0,306.241,0.0
2368.1,306.241,0.0
2368.2,306.24,0.0
2368.3,306.239,0.0
2368.4,306.239,0.0
2368.5,306.238,0.0
2368.6,306.237,0.0
2368.7,306.237,0.0
2368.8,306.236,0.0
2368.9,306.235,0.0
2369.0,306.235,0.0
2369.1,306.234,0.0
2369.2,306.233,0.0
2369.3,306.233,0.0
2369.4,306.232,0.0
2369.5,306.231,0.0
2369.6,306.231,0.0
2369.7,306.23,0.0
2369.8,306.229,0.0
2369.9,306.229,0.0
2370.0,306.228,0.0
2370.1,306.227,0.0
2370.2,306.227,0.0
2370.3,306.226,0.0
2370.4,306.225,0.0
2370.5,306.225,0.0
2370.6,306.224,0.0
2370.7,306.223,0.0
2370.8,306.223,0.0
2370.9,306.222,0.0
2371.0,306.221,0.0
2371.1,306.221,0.0
2371.2,306.22,0.0
2371.3,306.219,0.0
2371.4,306.219,0.0
2371.5,306.218,0.0
2371.6,306.217,0.0
2371.7,306.217,0.0
2371.8,306.216,0.0
2371.9,306.215,0.0
2372.0,306.215,0.0
2372.1,306.214,0.0
2372.2,306.213,0.0
2372.3,306.213,0.0
2372.4,306.212,0.0
2372.5,306.211,0.0
2372.6,306.211,0.0
2372.7,306.21,0.0
2372.8,306.209,0.0
2372.9,306.209,0.0
2373.0,306.208,0.0
2373.1,306.207,0.0
2373.2,306.207,0.0
2373.3,306.206,0.0
2373.4,306.205,0.0
2373.5,306.205,0.0
2373.6,306.204,0.0
2373.7,306.203,0.0
2373.8,306.203,0.0
2373.9,306.202,0.0
2374.0,306.201,0.0
2374.1,306.201,0.0
2374.2,306.2,0.0
2374.3,306.199,0.0
2374.4,306.199,0.0
2374.5,306.198,0.0
2374.6,306.197,0.0
2374.7,306.197,0.0
2374.8,306.196,0.0
2374.9,306.195,0.0
2375.0,306.195,0.0
2375.1,306.194,0.0
2375.2,306.194,0.0
2375.3,306.193,0.0
2375.4,306.192,0.0
2375.5,306.192,0.0
2375.6,306.191,0.0
2375.7,306.19,0.0
2375.8,306.19,0.0
2375.9,306.189,0.0
2376.0,306.188,0.0
2376.1,306.188,0.0
2376.2,306.187,0.0
2376.3,306.186,0.0
2376.4,306.186,0.0
2376.5,306.185,0.0
2376.6,306.184,0.0
2376.7,306.184,0.0
2376.8,306.183,0.0
2376.9,306.182,0.0
2377.0,306.182,0.0
2377.1,306.181,0.0
2377.2,306.18,0.0
2377.3,306.18,0.0
2377.4,306.179,0.0
2377.5,306.178,0.0
2377.6,306.178,0.0
2377.7,306.177,0.0
2377.8,306.176,0.0
2377.9,306.176,0.0
2378.0,306.175,0.0
2378.1,306.174,0.0
2378.2,306.174,0.0
2378.3,306.173,0.0
2378.4,306.172,0.0
2378.5,306.172,0.0
2378.6,306.171,0.0
2378.7,306.17,0.0
2378.8,306.17,0.0
2378.9,306.169,0.0
2379.0,306.168,0.0
2379.1,306.168,0.0
2379.2,306.167,0.0
2379.3,306.166,0.0
2379.4,306.166,0.0
2379.5,306.165,0.0
2379.6,306.165,0.0
2379.7,306.164,0.0
2379.8,306.163,0.0
2379.9,306.163,0.0
2380.0,306.162,0.0
2380.1,306.161,0.0
2380.2,306.161,0.0
2380.3,306.16,0.0
2380.4,306.159,0.0
2380.5,306.159,0.0
2380.6,306.158,0.0
2380.7,306.157,0.0
2380.8,306.157,0.0
2380.9,306.156,0.0
2381.0,306.155,0.0
2381.1,306.155,0.0
2381.2,306.154,0.0
2381.3,306.153,0.0
2381.4,306.153,0.0
2381.5,306.152,0.0
2381.6,306.151,0.0
2381.7,306.151,0.0
2381.8,306.15,0.0
2381.9,306.149,0.0
2382.0,306.149,0.0
2382.1,306.148,0.0
2382.2,306.147,0.0
2382.3,306.147,0.0
2382.4,306.146,0.0
2382.5,306.145,0.0
2382.6,306.145,0.0
2382.7,306.144,0.0
2382.8,306.144,0.0
2382.9,306.143,0.0
2383.0,306.142,0.0
2383.1,306.142,0.0
2383.2,306.141,0.0
2383.3,306.14,0.0
2383.4,306.14,0.0
2383.5,306.139,0.0
2383.6,306.138,0.0
2383.7,306.138,0.0
2383.8,306.137,0.0
2383.9,306.136,0.0
2384.0,306.136,0.0
2384.1,306.135,0.0
2384.2,306.134,0.0
2384.3,306.134,0.0
2384.4,306.133,0.0
2384.5,306.132,0.0
2384.6,306.132,0.0
2384.7,306.131,0.0
2384.8,306.13,0.0
2384.9,306.13,0.0
2385.0,306.129,0.0
2385.1,306.128,0.0
2385.2,306.128,0.0
2385.3,306.127,0.0
2385.4,306.126,0.0
2385.5,306.126,0.0
2385.6,306.125,0.0
2385.7,306.125,0.0
2385.8,306.124,0.0
2385.9,306.123,0.0
2386.0,306.123,0.0
2386.1,306.122,0.0
2386.2,306.121,0.0
2386.3,306.121,0.0
2386.4,306.12,0.0
2386.5,306.119,0.0
2386.6,306.119,0.0
2386.7,306.118,0.0
2386.8,306.117,0.0
2386.9,306.117,0.0
2387.0,306.116,0.0
2387.1,306.115,0.0
2387.2,306.115,0.0
2387.3,306.114,0.0
2387.4,306.113,0.0
2387.5,306.113,0.0
2387.6,306.112,0.0
2387.7,306.111,0.0
2387.8,306.111,0.0
2387.9,306.11,0.0
2388.0,306.109,0.0
2388.1,306.109,0.0
2388.2,306.108,0.0
2388.3,306.108,0.0
2388.4,306.107,0.0
2388.5,306.106,0.0
2388.6,306.106,0.0
2388.7,306.105,0.0
2388.8,306.104,0.0
2388.9,306.104,0.0
2389.0,306.103,0.0
2389.1,306.102,0.0
2389.2,306.102,0.0
2389.3,306.101,0.0
2389.4,306.1,0.0
2389.5,306.1,0.0
2389.6,306.099,0.0
2389.7,306.098,0.0
2389.8,306.098,0.0
2389.9,306.097,0.0
2390.0,306.096,0.0
2390.1,306.096,0.0
2390.2,306.095,0.0
2390.3,306.094,0.0
2390.4,306.094,0.0
2390.5,306.093,0.0
2390.6,306.092,0.0
2390.7,306.092,0.0
2390.8,306.091,0.0
2390.9,306.091,0.0
2391.0,306.09,0.0
2391.1,306.089,0.0
2391.2,306.089,0.0
2391.3,306.088,0.0
2391.4,306.087,0.0
2391.5,306.087,0.0
2391.6,306.086,0.0
2391.7,306.085,0.0
2391.8,306.085,0.0
2391.9,306.084,0.0
2392.0,306.083,0.0
2392.1,306.083,0.0
2392.2,306.082,0.0
2392.3,306.081,0.0
2392.4,306.081,0.0
2392.5,306.08,0.0
2392.6,306.079,0.0
2392.7,306.079,0.0
2392.8,306.078,0.0
2392.9,306.078,0.0
2393.0,306.077,0.0
2393.1,306.076,0.0
2393.2,306.076,0.0
2393.3,306.075,0.0
2393.4,306.074,0.0
2393.5,306.074,0.0
2393.6,306.073,0.0
2393.7,306.072,0.0
2393.8,306.072,0.0
2393.9,306.071,0.0
2394.0,306.07,0.0
2394.1,306.07,0.0
2394.2,306.069,0.0
2394.3,306.068,0.0
2394.4,306.068,0.0
2394.5,306.067,0.0
2394.6,306.066,0.0
2394.7,306.066,0.0
2394.8,306.065,0.0
2394.9,306.065,0.0
2395.0,306.064,0.0
2395.1,306.063,0.0
2395.2,306.063,0.0
2395.3,306.062,0.0
2395.4,306.061,0.0
2395.5,306.061,0.0
2395.6,306.06,0.0
2395.7,306.059,0.0
2395.8,306.059,0.0
2395.9,306.058,0.0
2396.0,306.057,0.0
2396.1,306.057,0.0
2396.2,306.056,0.0
2396.3,306.055,0.0
2396.4,306.055,0.0
2396.5,306.054,0.0
2396.6,306.053,0.0
2396.7,306.053,0.0
2396.8,306.052,0.0
2396.9,306.052,0.0
2397.0,306.051,0.0
2397.1,306.05,0.0
2397.2,306.05,0.0
2397.3,306.049,0.0
2397.4,306.048,0.0
2397.5,306.048,0.0
2397.6,306.047,0.0
2397.7,306.046,0.0
2397.8,306.046,0.0
2397.9,306.045,0.0
2398.0,306.044,0.0
2398.1,306.044,0.0
2398.2,306.043,0.0
2398.3,306.042,0.0
2398.4,306.042,0.0
2398.5,306.041,0.0
2398.6,306.041,0.0
2398.7,306.04,0.0
2398.8,306.039,0.0
2398.9,306.039,0.0
2399.0,306.038,0.0
2399.1,306.037,0.0
2399.2,306.037,0.0
2399.3,306.036,0.0
2399.4,306.035,0.0
2399.5,306.035,0.0
2399.6,306.034,0.0
2399.7,306.033,0.0
2399.8,306.033,0.0
2399.9,306.032,0.0
2400.0,306.031,0.0
2400.1,306.031,-0.000164
2400.2,306.03,-0.000325
2400.3,306.03,-0.000486
2400.4,306.029,-0.000647
2400.5,306.028,-0.000807
2400.6,306.028,-0.000967
2400.7,306.027,-0.001127
2400.8,306.026,-0.001286
2400.9,306.026,-0.001444
2401.0,306.025,-0.001605
2401.1,306.024,-0.002126
2401.2,306.024,-0.002643
2401.3,306.023,-0.003154
2401.4,306.022,-0.003658
2401.5,306.022,-0.004155
2401.6,306.021,-0.004645
2401.7,306.02,-0.005128
2401.8,306.02,-0.005603
2401.9,306.019,-0.006072
2402.0,306.018,-0.006548
2402.1,306.018,-0.007974
2402.2,306.017,-0.009345
2402.3,306.016,-0.010645
2402.4,306.016,-0.011872
2402.5,306.015,-0.013026
2402.6,306.014,-0.014107
2402.7,306.014,-0.015113
2402.8,306.013,-0.016043
2402.9,306.012,-0.016898
2403.0,306.012,-0.017705
2403.1,306.011,-0.018881
2403.2,306.01,-0.019865
2403.3,306.01,-0.020627
2403.4,306.009,-0.021165
2403.5,306.008,-0.021476
2403.6,306.008,-0.021559
2403.7,306.007,-0.021412
2403.8,306.006,-0.021031
2403.9,306.006,-0.020405
2404.0,306.005,-0.019534
2404.1,306.004,-0.018203
2404.2,306.004,-0.016452
2404.3,306.003,-0.014313
2404.4,306.002,-0.011784
2404.5,306.002,-0.008862
2404.6,306.001,-0.005544
2404.7,306.0,-0.001828
2404.8,306.0,0.002309
2404.9,305.999,0.006865
2405.0,305.998,0.011833
2405.1,305.998,0.01722
2405.2,305.997,0.023135
2405.3,305.997,0.029486
2405.4,305.996,0.036277
2405.5,305.995,0.043511
2405.6,305.995,0.051189
2405.7,305.994,0.059315
2405.8,305.994,0.06789
2405.9,305.993,0.076853
2406.0,305.993,0.086248
2406.1,305.992,0.092027
2406.2,305.992,0.097787
2406.3,305.991,0.103681
2406.4,305.991,0.109709
2406.5,305.99,0.115873
2406.6,305.99,0.122172
2406.7,305.989,0.128608
2406.8,305.989,0.135181
2406.9,305.989,0.141891
2407.0,305.988,0.147802
2407.1,305.988,0.1526
2407.2,305.987,0.15649
2407.3,305.987,0.160405
2407.4,305.987,0.164345
2407.5,305.986,0.168312
2407.6,305.986,0.172305
2407.7,305.985,0.176326
2407.8,305.985,0.180374
2407.9,305.985,0.184868
2408.0,305.984,0.189667
2408.1,305.984,0.194513
2408.2,305.984,0.199868
2408.3,305.983,0.205626
2408.4,305.983,0.211456
2408.5,305.983,0.217359
2408.6,305.983,0.223334
2408.7,305.982,0.229381
2408.8,305.982,0.235918
2408.9,305.982,0.243125
2409.0,305.982,0.250438
2409.1,305.981,0.258909
2409.2,305.981,0.270076
2409.3,305.981,0.281491
2409.4,305.981,0.293153
2409.5,305.981,0.305063
2409.6,305.98,0.317222
2409.7,305.98,0.329631
2409.8,305.98,0.342291
2409.9,305.98,0.354946
2410.0,305.98,0.366399
2410.1,305.98,0.369241
2410.2,305.98,0.37009
2410.3,305.98,0.370901
2410.4,305.98,0.371677
2410.5,305.98,0.372418
2410.6,305.98,0.373126
2410.7,305.98,0.373802
2410.8,305.98,0.374447
2410.9,305.98,0.375063
2411.0,305.98,0.374278
2411.1,305.98,0.352689
2411.2,305.98,0.330327
2411.3,305.98,0.308575
2411.4,305.98,0.287451
2411.5,305.979,0.266971
2411.6,305.979,0.247148
2411.7,305.979,0.227996
2411.8,305.979,0.209436
2411.9,305.978,0.191356
2412.0,305.978,0.174011
2412.1,305.978,0.155708
2412.2,305.977,0.137744
2412.3,305.977,0.1208
2412.4,305.977,0.104891
2412.5,305.976,0.090034
2412.6,305.976,0.07624
2412.7,305.975,0.063525
2412.8,305.975,0.0519
2412.9,305.974,0.04138
2413.0,305.973,0.032
2413.1,305.973,0.028175
2413.2,305.972,0.024592
2413.3,305.972,0.021229
2413.4,305.971,0.018089
2413.5,305.97,0.01517
2413.6,305.97,0.012475
2413.7,305.969,0.010005
2413.8,305.969,0.007761
2413.9,305.968,0.005743
2414.0,305.967,0.003997
2414.1,305.967,0.004083
2414.2,305.966,0.004221
2414.3,305.965,0.004369
2414.4,305.965,0.004528
2414.5,305.964,0.004696
2414.6,305.963,0.004874
2414.7,305.963,0.005061
2414.8,305.962,0.005236
2414.9,305.962,0.005407
2415.0,305.961,0.005587
2415.1,305.96,0.005294
2415.2,305.96,0.004918
2415.3,305.959,0.004552
2415.4,305.958,0.004195
2415.5,305.958,0.003847
2415.6,305.957,0.003508
2415.7,305.957,0.003178
2415.8,305.956,0.002856
2415.9,305.955,0.002543
2416.0,305.955,0.002209
2416.1,305.954,0.001712
2416.2,305.953,0.001212
2416.3,305.953,0.000741
2416.4,305.952,0.000298
2416.5,305.951,-0.000116
2416.6,305.951,-0.000501
2416.7,305.95,-0.000857
2416.8,305.95,-0.001184
2416.9,305.949,-0.001482
2417.0,305.948,-0.001751
2417.1,305.948,-0.002146
2417.2,305.947,-0.002434
2417.3,305.946,-0.002613
2417.4,305.946,-0.00268
2417.5,305.945,-0.002637
2417.6,305.944,-0.002481
2417.7,305.944,-0.002211
2417.8,305.943,-0.001827
2417.9,305.942,-0.001328
2418.0,305.942,-0.000714
2418.1,305.941,-0.000651
2418.2,305.941,-0.000589
2418.3,305.94,-0.000524
2418.4,305.939,-0.000456
2418.5,305.939,-0.000386
2418.6,305.938,-0.000313
2418.7,305.937,-0.000238
2418.8,305.937,-0.000161
2418.9,305.936,-8.3e-05
2419.0,305.935,-0.0
2419.1,305.935,0.0
2419.2,305.934,0.0
2419.3,305.933,0.0
2419.4,305.933,0.0
2419.5,305.932,0.0
2419.6,305.932,0.0
2419.7,305.931,0.0
2419.8,305.93,0.0
2419.9,305.93,0.0
2420.0,305.929,0.0
2420.1,305.928,-0.000573
2420.2,305.928,-0.001111
2420.3,305.927,-0.001613
2420.4,305.926,-0.002077
2420.5,305.926,-0.002503
2420.6,305.925,-0.002891
2420.7,305.925,-0.00324
2420.8,305.924,-0.003549
2420.9,305.923,-0.003818
2421.0,305.923,-0.004053
2421.1,305.922,-0.004283
2421.2,305.921,-0.004443
2421.3,305.921,-0.004524
2421.4,305.92,-0.004525
2421.5,305.919,-0.004447
2421.6,305.919,-0.004287
2421.7,305.918,-0.004045
2421.8,305.917,-0.00372
2421.9,305.917,-0.003311
2422.0,305.916,-0.002828
2422.1,305.915,-0.002381
2422.2,305.915,-0.001892
2422.3,305.914,-0.001353
2422.4,305.914,-0.000761
2422.5,305.913,-0.000118
2422.6,305.912,0.000577
2422.7,305.912,0.001326
2422.8,305.911,0.002127
2422.9,305.91,0.002982
2423.0,305.91,0.003965
2423.1,305.909,0.00521
2423.2,305.908,0.006629
2423.3,305.908,0.00815
2423.4,305.907,0.009774
2423.5,305.907,0.011501
2423.6,305.906,0.013332
2423.7,305.905,0.015268
2423.8,305.905,0.017309
2423.9,305.904,0.019363
2424.0,305.904,0.021419
2424.1,305.903,0.02206
2424.2,305.902,0.02241
2424.3,305.902,0.022758
2424.4,305.901,0.023104
2424.5,305.901,0.023448
2424.6,305.9,0.02379
2424.7,305.899,0.02413
2424.8,305.899,0.024469
2424.9,305.898,0.024807
2425.0,305.898,0.025055
2425.1,305.897,0.023791
2425.2,305.896,0.022461
2425.3,305.896,0.021154
2425.4,305.895,0.019873
2425.5,305.895,0.018617
2425.6,305.894,0.017388
2425.7,305.893,0.016186
2425.8,305.893,0.015009
2425.9,305.892,0.013861
2426.0,305.892,0.012744
2426.1,305.891,0.011607
2426.2,305.89,0.010493
2426.3,305.89,0.009416
2426.4,305.889,0.008377
2426.5,305.888,0.007378
2426.6,305.888,0.006418
2426.7,305.887,0.005498
2426.8,305.887,0.00462
2426.9,305.886,0.003783
2427.0,305.885,0.00307
2427.1,305.885,0.00297
2427.2,305.884,0.002952
2427.3,305.883,0.002936
2427.4,305.883,0.00292
2427.5,305.882,0.002906
2427.6,305.882,0.002892
2427.7,305.881,0.00288
2427.8,305.88,0.002869
2427.9,305.88,0.002858
2428.0,305.879,0.002912
2428.1,305.878,0.003105
2428.2,305.878,0.003369
2428.3,305.877,0.003642
2428.4,305.876,0.003923
2428.5,305.876,0.004212
2428.6,305.875,0.004509
2428.7,305.875,0.004815
2428.8,305.874,0.005129
2428.9,305.873,0.005451
2429.0,305.873,0.005882
2429.1,305.872,0.007485
2429.2,305.871,0.009346
2429.3,305.871,0.011367
2429.4,305.87,0.013552
2429.5,305.87,0.0159
2429.6,305.869,0.018414
2429.7,305.868,0.021094
2429.8,305.868,0.02393
2429.9,305.867,0.026934
2430.0,305.867,0.030107
2430.1,305.866,0.033065
2430.2,305.865,0.036111
2430.3,305.865,0.03929
2430.4,305.864,0.042601
2430.5,305.864,0.046047
2430.6,305.863,0.049628
2430.7,305.863,0.053344
2430.8,305.862,0.057196
2430.9,305.862,0.061185
2431.0,305.861,0.065279
2431.1,305.861,0.068073
2431.2,305.86,0.070891
2431.3,305.859,0.073766
2431.4,305.859,0.076719
2431.5,305.858,0.079756
2431.6,305.858,0.082853
2431.7,305.857,0.08601
2431.8,305.857,0.089227
2431.9,305.856,0.092506
2432.0,305.856,0.095845
2432.1,305.856,0.099247
2432.2,305.855,0.102764
2432.3,305.855,0.106488
2432.4,305.854,0.110281
2432.5,305.854,0.114145
2432.6,305.853,0.118079
2432.7,305.853,0.122083
2432.8,305.852,0.126159
2432.9,305.852,0.130306
2433.0,305.852,0.134232
2433.1,305.851,0.135091
2433.2,305.851,0.135648
2433.3,305.85,0.136195
2433.4,305.85,0.136733
2433.5,305.85,0.137261
2433.6,305.849,0.13778
2433.7,305.849,0.138291
2433.8,305.848,0.138694
2433.9,305.848,0.138695
2434.0,305.847,0.138685
2434.1,305.847,0.137287
2434.2,305.847,0.134808
2434.3,305.846,0.132331
2434.4,305.846,0.129857
2434.5,305.845,0.127388
2434.6,305.845,0.124926
2434.7,305.845,0.12247
2434.8,305.844,0.120022
2434.9,305.844,0.117235
2435.0,305.843,0.114132
2435.1,305.843,0.108548
2435.2,305.842,0.10211
2435.3,305.842,0.095838
2435.4,305.841,0.089734
2435.5,305.841,0.083804
2435.6,305.841,0.078051
2435.7,305.84,0.072477
2435.8,305.839,0.067086
2435.9,305.839,0.06188
2436.0,305.838,0.057246
2436.1,305.838,0.053415
2436.2,305.837,0.050059
2436.3,305.837,0.0468
2436.4,305.836,0.043639
2436.5,305.836,0.040577
2436.6,305.835,0.037616
2436.7,305.835,0.034757
2436.8,305.834,0.032
2436.9,305.833,0.029347
2437.0,305.833,0.026921
2437.1,305.832,0.026102
2437.2,305.832,0.025414
2437.3,305.831,0.024737
2437.4,305.83,0.024069
2437.5,305.83,0.02341
2437.6,305.829,0.022761
2437.7,305.829,0.022121
2437.8,305.828,0.02149
2437.9,305.828,0.020861
2438.0,305.827,0.020237
2438.1,305.826,0.019621
2438.2,305.826,0.019014
2438.3,305.825,0.018414
2438.4,305.825,0.017818
2438.5,305.824,0.017232
2438.6,305.823,0.016654
2438.7,305.823,0.016085
2438.8,305.822,0.015524
2438.9,305.822,0.014973
2439.0,305.821,0.014442
2439.1,305.82,0.014816
2439.2,305.82,0.015211
2439.3,305.819,0.015615
2439.4,305.818,0.016029
2439.5,305.818,0.016452
2439.6,305.817,0.016885
2439.7,305.817,0.017327
2439.8,305.816,0.017778
2439.9,305.815,0.018239
2440.0,305.815,0.018855
2440.1,305.814,0.021999
2440.2,305.814,0.025569
2440.3,305.813,0.029421
2440.4,305.813,0.033559
2440.5,305.812,0.037986
2440.6,305.811,0.042705
2440.7,305.811,0.047718
2440.8,305.81,0.053028
2440.9,305.81,0.058748
2441.0,305.809,0.064786
2441.1,305.809,0.07216
2441.2,305.808,0.080221
2441.3,305.808,0.088738
2441.4,305.807,0.097713
2441.5,305.807,0.10715
2441.6,305.806,0.117054
2441.7,305.806,0.127427
2441.8,305.805,0.138272
2441.9,305.805,0.149593
2442.0,305.805,0.160355
2442.1,305.804,0.158599
2442.2,305.804,0.1558
2442.3,305.804,0.152992
2442.4,305.803,0.15018
2442.5,305.803,0.147364
2442.6,305.802,0.144547
2442.7,305.802,0.14173
2442.8,305.802,0.138917
2442.9,305.801,0.136107
2443.0,305.801,0.132871
2443.1,305.8,0.125762
2443.2,305.8,0.118401
2443.3,305.8,0.111224
2443.4,305.799,0.104235
2443.5,305.799,0.097439
2443.6,305.798,0.090841
2443.7,305.798,0.084444
2443.8,305.797,0.078254
2443.9,305.797,0.072284
2444.0,305.796,0.066741
2444.1,305.796,0.067742
2444.2,305.795,0.068998
2444.3,305.795,0.070275
2444.4,305.794,0.071572
2444.5,305.794,0.07289
2444.6,305.793,0.074227
2444.7,305.793,0.075585
2444.8,305.792,0.076962
2444.9,305.792,0.078359
2445.0,305.791,0.079461
2445.1,305.791,0.08013
2445.2,305.79,0.080489
2445.3,305.79,0.080849
2445.4,305.789,0.081212
2445.5,305.789,0.081576
2445.6,305.788,0.081943
2445.7,305.788,0.082312
2445.8,305.787,0.082679
2445.9,305.787,0.083039
2446.0,305.786,0.083401
2446.1,305.786,0.083764
2446.2,305.785,0.084129
2446.3,305.785,0.084495
2446.4,305.784,0.084863
2446.5,305.784,0.085233
2446.6,305.783,0.085599
2446.7,305.783,0.085965
2446.8,305.782,0.086333
2446.9,305.782,0.086662
2447.0,305.781,0.086955
2447.1,305.781,0.085041
2447.2,305.78,0.083025
2447.3,305.78,0.081022
2447.4,305.779,0.079035
2447.5,305.779,0.07702
2447.6,305.778,0.075007
2447.7,305.778,0.073011
2447.8,305.777,0.071034
2447.9,305.777,0.069075
2448.0,305.776,0.067135
2448.1,305.776,0.064381
2448.2,305.775,0.061376
2448.3,305.775,0.05843
2448.4,305.774,0.055545
2448.5,305.774,0.052723
2448.6,305.773,0.049965
2448.7,305.773,0.047272
2448.8,305.772,0.044644
2448.9,305.772,0.042082
2449.0,305.771,0.039538
2449.1,305.77,0.033947
2449.2,305.77,0.02872
2449.3,305.769,0.023912
2449.4,305.769,0.019529
2449.5,305.768,0.015575
2449.6,305.768,0.012057
2449.7,305.767,0.008979
2449.8,305.766,0.006345
2449.9,305.766,0.004161
2450.0,305.765,0.002444
2450.1,305.764,0.001905
2450.2,305.764,0.001442
2450.3,305.763,0.001042
2450.4,305.763,0.000704
2450.5,305.762,0.000429
2450.6,305.761,0.000217
2450.7,305.761,6.7e-05
2450.8,305.76,-1.8e-05
2450.9,305.759,-4.1e-05
2451.0,305.759,-0.0
2451.1,305.758,0.0
2451.2,305.758,0.0
2451.3,305.757,0.0
2451.4,305.756,0.0
2451.5,305.756,0.0
2451.6,305.755,0.0
2451.7,305.754,0.0
2451.8,305.754,0.0
2451.9,305.753,0.0
2452.0,305.753,0.0
2452.1,305.752,0.0
2452.2,305.751,0.0
2452.3,305.751,0.0
2452.4,305.75,0.0
2452.5,305.749,0.0
2452.6,305.749,0.0
2452.7,305.748,0.0
2452.8,305.748,0.0
2452.9,305.747,0.0
2453.0,305.746,0.0
2453.1,305.746,0.0
2453.2,305.745,0.0
2453.3,305.744,0.0
2453.4,305.744,0.0
2453.5,305.743,0.0
2453.6,305.743,0.0
2453.7,305.742,0.0
2453.8,305.741,0.0
2453.9,305.741,0.0
2454.0,305.74,0.0
2454.1,305.739,0.0
2454.2,305.739,0.0
2454.3,305.738,0.0
2454.4,305.738,0.0
2454.5,305.737,0.0
2454.6,305.736,0.0
2454.7,305.736,0.0
2454.8,305.735,0.0
2454.9,305.735,0.0
2455.0,305.734,0.0
2455.1,305.733,0.0
2455.2,305.733,0.0
2455.3,305.732,0.0
2455.4,305.731,0.0
2455.5,305.731,0.0
2455.6,305.73,0.0
2455.7,305.73,0.0
2455.8,305.729,0.0
2455.9,305.728,0.0
2456.0,305.728,0.0
2456.1,305.727,0.0
2456.2,305.726,0.0
2456.3,305.726,0.0
2456.4,305.725,0.0
2456.5,305.725,0.0
2456.6,305.724,0.0
2456.7,305.723,0.0
2456.8,305.723,0.0
2456.9,305.722,0.0
2457.0,305.721,0.0
2457.1,305.721,0.0
2457.2,305.72,0.0
2457.3,305.72,0.0
2457.4,305.719,0.0
2457.5,305.718,0.0
2457.6,305.718,0.0
2457.7,305.717,0.0
2457.8,305.716,0.0
2457.9,305.716,0.0
2458.0,305.715,0.0
2458.1,305.715,0.0
2458.2,305.714,0.0
2458.3,305.713,0.0
2458.4,305.713,0.0
2458.5,305.712,0.0
2458.6,305.711,0.0
2458.7,305.711,0.0
2458.8,305.71,0.0
2458.9,305.71,0.0
2459.0,305.709,0.0
2459.1,305.708,0.0
2459.2,305.708,0.0
2459.3,305.707,0.0
2459.4,305.706,0.0
2459.5,305.706,0.0
2459.6,305.705,0.0
2459.7,305.705,0.0
2459.8,305.704,0.0
2459.9,305.703,0.0
2460.0,305.703,0.0
2460.1,305.702,0.0
2460.2,305.702,0.0
2460.3,305.701,0.0
2460.4,305.7,0.0
2460.5,305.7,0.0
2460.6,305.699,0.0
2460.7,305.698,0.0
2460.8,305.698,0.0
2460.9,305.697,0.0
2461.0,305.697,0.0
2461.1,305.696,0.0
2461.2,305.695,0.0
2461.3,305.695,0.0
2461.4,305.694,0.0
2461.5,305.693,0.0
2461.6,305.693,0.0
2461.7,305.692,0.0
2461.8,305.692,0.0
2461.9,305.691,0.0
2462.0,305.69,0.0
2462.1,305.69,0.0
2462.2,305.689,0.0
2462.3,305.688,0.0
2462.4,305.688,0.0
2462.5,305.687,0.0
2462.6,305.687,0.0
2462.7,305.686,0.0
2462.8,305.685,0.0
2462.9,305.685,0.0
2463.0,305.684,0.0
2463.1,305.684,0.0
2463.2,305.683,0.0
2463.3,305.682,0.0
2463.4,305.682,0.0
2463.5,305.681,0.0
2463.6,305.68,0.0
2463.7,305.68,0.0
2463.8,305.679,0.0
2463.9,305.679,0.0
2464.0,305.678,0.0
2464.1,305.677,-0.000445
2464.2,305.677,-0.000865
2464.3,305.676,-0.001258
2464.4,305.675,-0.001624
2464.5,305.675,-0.001964
2464.6,305.674,-0.002275
2464.7,305.674,-0.002559
2464.8,305.673,-0.002815
2464.9,305.672,-0.003041
2465.0,305.672,-0.003244
2465.1,305.671,-0.00344
2465.2,305.67,-0.003595
2465.3,305.67,-0.003705
2465.4,305.669,-0.003768
2465.5,305.669,-0.003784
2465.6,305.668,-0.003754
2465.7,305.667,-0.003675
2465.8,305.667,-0.003549
2465.9,305.666,-0.003374
2466.0,305.665,-0.003145
2466.1,305.665,-0.001832
2466.2,305.664,0.000233
2466.3,305.664,0.003051
2466.4,305.663,0.006631
2466.5,305.662,0.010982
2466.6,305.662,0.01611
2466.7,305.661,0.022024
2466.8,305.661,0.02873
2466.9,305.66,0.036236
2467.0,305.66,0.044195
2467.1,305.659,0.046999
2467.2,305.658,0.049506
2467.3,305.658,0.052067
2467.4,305.657,0.054684
2467.5,305.657,0.057356
2467.6,305.656,0.060084
2467.7,305.656,0.062869
2467.8,305.655,0.06571
2467.9,305.655,0.068607
2468.0,305.654,0.071978
2468.1,305.654,0.079057
2468.2,305.653,0.08693
2468.3,305.653,0.095185
2468.4,305.652,0.103825
2468.5,305.652,0.112853
2468.6,305.651,0.12227
2468.7,305.651,0.132079
2468.8,305.651,0.142282
2468.9,305.65,0.152558
2469.0,305.65,0.162678
2469.1,305.65,0.166216
2469.2,305.649,0.168558
2469.3,305.649,0.170899
2469.4,305.649,0.17324
2469.5,305.648,0.175581
2469.6,305.648,0.177923
2469.7,305.648,0.180267
2469.8,305.647,0.182613
2469.9,305.647,0.184961
2470.0,305.647,0.186857
2470.1,305.646,0.17448
2470.2,305.646,0.162028
2470.3,305.646,0.149966
2470.4,305.645,0.138304
2470.5,305.645,0.127052
2470.6,305.645,0.11622
2470.7,305.644,0.105817
2470.8,305.644,0.095852
2470.9,305.643,0.086333
2471.0,305.643,0.078087
2471.1,305.642,0.078683
2471.2,305.642,0.080116
2471.3,305.641,0.081572
2471.4,305.641,0.08305
2471.5,305.64,0.08455
2471.6,305.64,0.086073
2471.7,305.639,0.087625
2471.8,305.639,0.089205
2471.9,305.638,0.090807
2472.0,305.638,0.092431
2472.1,305.638,0.094075
2472.2,305.637,0.095773
2472.3,305.637,0.097504
2472.4,305.636,0.099256
2472.5,305.636,0.101031
2472.6,305.635,0.102827
2472.7,305.635,0.104648
2472.8,305.634,0.10649
2472.9,305.634,0.108355
2473.0,305.634,0.11024
2473.1,305.633,0.112147
2473.2,305.633,0.114092
2473.3,305.632,0.116058
2473.4,305.632,0.118046
2473.5,305.631,0.120054
2473.6,305.631,0.122085
2473.7,305.631,0.124136
2473.8,305.63,0.126208
2473.9,305.63,0.128302
2474.0,305.629,0.129514
2474.1,305.629,0.11514
2474.2,305.629,0.10075
2474.3,305.628,0.087257
2474.4,305.628,0.074678
2474.5,305.627,0.063026
2474.6,305.627,0.052318
2474.7,305.626,0.042565
2474.8,305.626,0.033783
2474.9,305.625,0.025983
2475.0,305.624,0.019198
2475.1,305.624,0.018715
2475.2,305.623,0.018261
2475.3,305.623,0.017816
2475.4,305.622,0.017379
2475.5,305.621,0.01695
2475.6,305.621,0.016529
2475.7,305.62,0.016116
2475.8,305.62,0.01571
2475.9,305.619,0.015311
2476.0,305.619,0.01484
2476.1,305.618,0.011789
2476.2,305.617,0.009013
2476.3,305.617,0.006595
2476.4,305.616,0.004539
2476.5,305.616,0.002848
2476.6,305.615,0.001526
2476.7,305.614,0.000577
2476.8,305.614,5e-06
2476.9,305.613,-0.000189
2477.0,305.612,-0.0
2477.1,305.612,0.0
2477.2,305.611,0.0
2477.3,305.611,0.0
2477.4,305.61,0.0
2477.5,305.609,0.0
2477.6,305.609,0.0
2477.7,305.608,0.0
2477.8,305.608,0.0
2477.9,305.607,0.0
2478.0,305.606,0.0
2478.1,305.606,0.0
2478.2,305.605,0.0
2478.3,305.605,0.0
2478.4,305.604,0.0
2478.5,305.603,0.0
2478.6,305.603,0.0
2478.7,305.602,0.0
2478.8,305.601,0.0
2478.9,305.601,0.0
2479.0,305.6,0.0
2479.1,305.6,0.0
2479.2,305.599,0.0
2479.3,305.598,0.0
2479.4,305.598,0.0
2479.5,305.597,0.0
2479.6,305.597,0.0
2479.7,305.596,0.0
2479.8,305.595,0.0
2479.9,305.595,0.0
2480.0,305.594,0.0
2480.1,305.593,0.0
2480.2,305.593,0.0
2480.3,305.592,0.0
2480.4,305.592,0.0
2480.5,305.591,0.0
2480.6,305.59,0.0
2480.7,305.59,0.0
2480.8,305.589,0.0
2480.9,305.589,0.0
2481.0,305.588,0.0
2481.1,305.587,0.0
2481.2,305.587,0.0
2481.3,305.586,0.0
2481.4,305.586,0.0
2481.5,305.585,0.0
2481.6,305.584,0.0
2481.7,305.584,0.0
2481.8,305.583,0.0
2481.9,305.582,0.0
2482.0,305.582,0.0
2482.1,305.581,0.0
2482.2,305.581,0.0
2482.3,305.58,0.0
2482.4,305.579,0.0
2482.5,305.579,0.0
2482.6,305.578,0.0
2482.7,305.578,0.0
2482.8,305.577,0.0
2482.9,305.576,0.0
2483.0,305.576,0.0
2483.1,305.575,-0.000232
2483.2,305.575,-0.000452
2483.3,305.574,-0.000658
2483.4,305.573,-0.000849
2483.5,305.573,-0.001026
2483.6,305.572,-0.001188
2483.7,305.571,-0.001334
2483.8,305.571,-0.001466
2483.9,305.57,-0.001581
2484.0,305.57,-0.001683
2484.1,305.569,-0.00188
2484.2,305.568,-0.001529
2484.3,305.568,-0.000623
2484.4,305.567,0.000844
2484.5,305.567,0.002879
2484.6,305.566,0.00549
2484.7,305.565,0.008682
2484.8,305.565,0.012462
2484.9,305.564,0.016834
2485.0,305.564,0.021532
2485.1,305.563,0.0233
2485.2,305.562,0.02484
2485.3,305.562,0.026425
2485.4,305.561,0.028053
2485.5,305.561,0.029727
2485.6,305.56,0.031445
2485.7,305.56,0.033209
2485.8,305.559,0.035018
2485.9,305.559,0.036872
2486.0,305.558,0.038589
2486.1,305.557,0.038169
2486.2,305.557,0.03756
2486.3,305.556,0.036945
2486.4,305.556,0.036325
2486.5,305.555,0.035701
2486.6,305.555,0.035074
2486.7,305.554,0.034444
2486.8,305.554,0.033812
2486.9,305.553,0.033178
2487.0,305.553,0.032543
2487.1,305.552,0.035233
2487.2,305.551,0.037968
2487.3,305.551,0.040848
2487.4,305.55,0.04384
2487.5,305.55,0.046945
2487.6,305.549,0.050163
2487.7,305.549,0.053496
2487.8,305.548,0.056945
2487.9,305.548,0.060508
2488.0,305.547,0.06393
2488.1,305.547,0.06289
2488.2,305.546,0.061592
2488.3,305.546,0.060295
2488.4,305.545,0.058999
2488.5,305.545,0.057705
2488.6,305.544,0.056414
2488.7,305.544,0.055128
2488.8,305.543,0.053845
2488.9,305.543,0.052568
2489.0,305.542,0.051051
2489.1,305.542,0.04595
2489.2,305.541,0.040869
2489.3,305.54,0.036058
2489.4,305.54,0.031523
2489.5,305.539,0.027268
2489.6,305.539,0.023298
2489.7,305.538,0.019617
2489.8,305.538,0.01623
2489.9,305.537,0.013141
2490.0,305.536,0.010466
2490.1,305.536,0.009452
2490.2,305.535,0.008587
2490.3,305.535,0.007758
2490.4,305.534,0.006965
2490.5,305.534,0.00621
2490.6,305.533,0.005491
2490.7,305.532,0.00481
2490.8,305.532,0.004166
2490.9,305.531,0.003559
2491.0,305.531,0.003011
2491.1,305.53,0.00367
2491.2,305.529,0.004417
2491.3,305.529,0.005233
2491.4,305.528,0.006118
2491.5,305.528,0.007073
2491.6,305.527,0.0081
2491.7,305.526,0.009199
2491.8,305.526,0.01037
2491.9,305.525,0.011616
2492.0,305.525,0.012855
2492.1,305.524,0.0136
2492.2,305.523,0.014284
2492.3,305.523,0.014988
2492.4,305.522,0.015711
2492.5,305.522,0.016454
2492.6,305.521,0.017217
2492.7,305.521,0.017999
2492.8,305.52,0.018802
2492.9,305.519,0.019624
2493.0,305.519,0.020326
2493.1,305.518,0.019326
2493.2,305.518,0.018211
2493.3,305.517,0.017121
2493.4,305.516,0.016058
2493.5,305.516,0.015022
2493.6,305.515,0.014014
2493.7,305.515,0.013034
2493.8,305.514,0.012083
2493.9,305.514,0.011162
2494.0,305.513,0.010229
2494.1,305.512,0.007733
2494.2,305.512,0.005519
2494.3,305.511,0.003634
2494.4,305.511,0.002082
2494.5,305.51,0.000868
2494.6,305.509,-5e-06
2494.7,305.509,-0.000531
2494.8,305.508,-0.000709
2494.9,305.508,-0.000532
2495.0,305.507,-0.0
2495.1,305.506,0.0
2495.2,305.506,0.0
2495.3,305.505,0.0
2495.4,305.505,0.0
2495.5,305.504,0.0
2495.6,305.503,0.0
2495.7,305.503,0.0
2495.8,305.502,0.0
2495.9,305.502,0.0
2496.0,305.501,0.0
2496.1,305.5,0.0
2496.2,305.5,0.0
2496.3,305.499,0.0
2496.4,305.499,0.0
2496.5,305.498,0.0
2496.6,305.497,0.0
2496.7,305.497,0.0
2496.8,305.496,0.0
2496.9,305.495,0.0
2497.0,305.495,0.0
2497.1,305.494,0.0
2497.2,305.494,0.0
2497.3,305.493,0.0
2497.4,305.492,0.0
2497.5,305.492,0.0
2497.6,305.491,0.0
2497.7,305.491,0.0
2497.8,305.49,0.0
2497.9,305.489,0.0
2498.0,305.489,0.0
2498.1,305.488,0.0
2498.2,305.488,0.0
2498.3,305.487,0.0
2498.4,305.486,0.0
2498.5,305.486,0.0
2498.6,305.485,0.0
2498.7,305.485,0.0
2498.8,305.484,0.0
2498.9,305.483,0.0
2499.0,305.483,0.0
2499.1,305.482,0.0
2499.2,305.482,0.0
2499.3,305.481,0.0
2499.4,305.48,0.0
2499.5,305.48,0.0
2499.6,305.479,0.0
2499.7,305.479,0.0
2499.8,305.478,0.0
2499.9,305.477,0.0
2500.0,305.477,0.0
2500.1,305.476,-0.000173
2500.2,305.476,-0.000342
2500.3,305.475,-0.000505
2500.4,305.474,-0.000662
2500.5,305.474,-0.000813
2500.6,305.473,-0.000959
2500.7,305.473,-0.001098
2500.8,305.472,-0.001231
2500.9,305.471,-0.001358
2501.0,305.471,-0.001478
2501.1,305.47,-0.001569
2501.2,305.47,-0.001656
2501.3,305.469,-0.001739
2501.4,305.468,-0.001818
2501.5,305.468,-0.001893
2501.6,305.467,-0.001964
2501.7,305.467,-0.002031
2501.8,305.466,-0.002095
2501.9,305.465,-0.002154
2502.0,305.465,-0.002207
2502.1,305.464,-0.002193
2502.2,305.463,-0.002176
2502.3,305.463,-0.002158
2502.4,305.462,-0.002139
2502.5,305.462,-0.002118
2502.6,305.461,-0.002096
2502.7,305.46,-0.002072
2502.8,305.46,-0.002048
2502.9,305.459,-0.002021
2503.0,305.459,-0.001989
2503.1,305.458,-0.001866
2503.2,305.457,-0.001722
2503.3,305.457,-0.001563
2503.4,305.456,-0.001389
2503.5,305.456,-0.001198
2503.6,305.455,-0.000991
2503.7,305.454,-0.000768
2503.8,305.454,-0.000528
2503.9,305.453,-0.000272
2504.0,305.453,-0.0
2504.1,305.452,0.0
2504.2,305.451,0.0
2504.3,305.451,0.0
2504.4,305.45,0.0
2504.5,305.45,0.0
2504.6,305.449,0.0
2504.7,305.448,0.0
2504.8,305.448,0.0
2504.9,305.447,0.0
2505.0,305.447,0.0
2505.1,305.446,0.0
2505.2,305.445,0.0
2505.3,305.445,0.0
2505.4,305.444,0.0
2505.5,305.444,0.0
2505.6,305.443,0.0
2505.7,305.442,0.0
2505.8,305.442,0.0
2505.9,305.441,0.0
2506.0,305.441,0.0
2506.1,305.44,0.0
2506.2,305.439,0.0
2506.3,305.439,0.0
2506.4,305.438,0.0
2506.5,305.438,0.0
2506.6,305.437,0.0
2506.7,305.436,0.0
2506.8,305.436,0.0
2506.9,305.435,0.0
2507.0,305.435,0.0
2507.1,305.434,0.0
2507.2,305.433,0.0
2507.3,305.433,0.0
2507.4,305.432,0.0
2507.5,305.432,0.0
2507.6,305.431,0.0
2507.7,305.43,0.0
2507.8,305.43,0.0
2507.9,305.429,0.0
2508.0,305.429,0.0
2508.1,305.428,-0.000808
2508.2,305.427,-0.001524
2508.3,305.427,-0.002147
2508.4,305.426,-0.002675
2508.5,305.426,-0.003107
2508.6,305.425,-0.003441
2508.7,305.424,-0.003676
2508.8,305.424,-0.003812
2508.9,305.423,-0.003847
2509.0,305.423,-0.003776
2509.1,305.422,-0.003365
2509.2,305.421,-0.002555
2509.3,305.421,-0.001346
2509.4,305.42,0.000266
2509.5,305.42,0.002285
2509.6,305.419,0.004716
2509.7,305.418,0.007563
2509.8,305.418,0.010828
2509.9,305.417,0.014516
2510.0,305.417,0.018585
2510.1,305.416,0.020987
2510.2,305.416,0.023464
2510.3,305.415,0.026068
2510.4,305.414,0.028793
2510.5,305.414,0.031639
2510.6,305.413,0.034606
2510.7,305.413,0.037695
2510.8,305.412,0.040867
2510.9,305.412,0.044151
2511.0,305.411,0.047305
2511.1,305.411,0.039926
2511.2,305.41,0.032891
2511.3,305.41,0.026455
2511.4,305.409,0.020603
2511.5,305.408,0.015359
2511.6,305.408,0.010817
2511.7,305.407,0.006973
2511.8,305.407,0.003745
2511.9,305.406,0.00116
2512.0,305.406,-0.000731
2512.1,305.405,-0.001379
2512.2,305.404,-0.001877
2512.3,305.404,-0.002216
2512.4,305.403,-0.002394
2512.5,305.403,-0.00241
2512.6,305.402,-0.002262
2512.7,305.401,-0.001948
2512.8,305.401,-0.001467
2512.9,305.4,-0.000818
2513.0,305.4,-0.0
2513.1,305.399,0.0
2513.2,305.398,0.0
2513.3,305.398,0.0
2513.4,305.397,0.0
2513.5,305.397,0.0
2513.6,305.396,0.0
2513.7,305.395,0.0
2513.8,305.395,0.0
2513.9,305.394,0.0
2514.0,305.394,0.0
2514.1,305.393,0.0
2514.2,305.392,0.0
2514.3,305.392,0.0
2514.4,305.391,0.0
2514.5,305.391,0.0
2514.6,305.39,0.0
2514.7,305.389,0.0
2514.8,305.389,0.0
2514.9,305.388,0.0
2515.0,305.388,0.0
2515.1,305.387,0.0
2515.2,305.386,0.0
2515.3,305.386,0.0
2515.4,305.385,0.0
2515.5,305.385,0.0
2515.6,305.384,0.0
2515.7,305.383,0.0
2515.8,305.383,0.0
2515.9,305.382,0.0
2516.0,305.382,0.0
2516.1,305.381,-0.000198
2516.2,305.381,-0.000393
2516.3,305.38,-0.000583
2516.4,305.379,-0.000769
2516.5,305.379,-0.000951
2516.6,305.378,-0.001127
2516.7,305.378,-0.001299
2516.8,305.377,-0.001466
2516.9,305.376,-0.001628
2517.0,305.376,-0.001789
2517.1,305.375,-0.002162
2517.2,305.375,-0.002502
2517.3,305.374,-0.002804
2517.4,305.373,-0.003068
2517.5,305.373,-0.003293
2517.6,305.372,-0.003478
2517.7,305.372,-0.003624
2517.8,305.371,-0.00373
2517.9,305.37,-0.003796
2518.0,305.37,-0.003821
2518.1,305.369,-0.003735
2518.2,305.369,-0.003438
2518.3,305.368,-0.002929
2518.4,305.367,-0.002205
2518.5,305.367,-0.001264
2518.6,305.366,-0.000103
2518.7,305.366,0.00128
2518.8,305.365,0.002886
2518.9,305.364,0.004717
2519.0,305.364,0.006705
2519.1,305.363,0.007104
2519.2,305.363,0.007433
2519.3,305.362,0.007763
2519.4,305.361,0.008094
2519.5,305.361,0.008426
2519.6,305.36,0.008759
2519.7,305.36,0.009094
2519.8,305.359,0.009422
2519.9,305.359,0.009692
2520.0,305.358,0.009962
2520.1,305.357,0.010232
2520.2,305.357,0.010386
2520.3,305.356,0.010523
2520.4,305.356,0.010659
2520.5,305.355,0.010792
2520.6,305.355,0.010923
2520.7,305.354,0.011052
2520.8,305.353,0.01118
2520.9,305.353,0.011331
2521.0,305.352,0.011482
2521.1,305.352,0.011674
2521.2,305.351,0.011919
2521.3,305.351,0.012165
2521.4,305.35,0.012411
2521.5,305.349,0.012658
2521.6,305.349,0.012906
2521.7,305.348,0.013155
2521.8,305.348,0.013405
2521.9,305.347,0.01364
2522.0,305.347,0.013806
2522.1,305.346,0.013625
2522.2,305.345,0.013343
2522.3,305.345,0.013059
2522.4,305.344,0.012776
2522.5,305.344,0.012492
2522.6,305.343,0.012209
2522.7,305.343,0.011925
2522.8,305.342,0.011642
2522.9,305.341,0.011359
2523.0,305.341,0.011101
2523.1,305.34,0.013766
2523.2,305.34,0.016718
2523.3,305.339,0.019935
2523.4,305.339,0.023421
2523.5,305.338,0.027178
2523.6,305.337,0.031207
2523.7,305.337,0.035512
2523.8,305.336,0.040094
2523.9,305.336,0.044849
2524.0,305.335,0.049865
2524.1,305.335,0.055117
2524.2,305.334,0.06038
2524.3,305.334,0.065891
2524.4,305.333,0.071651
2524.5,305.333,0.077661
2524.6,305.332,0.083923
2524.7,305.332,0.090438
2524.8,305.332,0.097208
2524.9,305.331,0.104234
2525.0,305.331,0.111589
2525.1,305.33,0.127894
2525.2,305.33,0.14544
2525.3,305.33,0.164168
2525.4,305.329,0.184085
2525.5,305.329,0.205196
2525.6,305.329,0.227512
2525.7,305.329,0.251041
2525.8,305.328,0.27579
2525.9,305.328,0.301771
2526.0,305.328,0.326239
2526.1,305.328,0.315574
2526.2,305.328,0.30234
2526.3,305.328,0.289285
2526.4,305.328,0.27642
2526.5,305.328,0.263756
2526.6,305.328,0.251302
2526.7,305.327,0.239069
2526.8,305.327,0.227065
2526.9,305.327,0.215298
2527.0,305.327,0.204706
2527.1,305.326,0.201283
2527.2,305.326,0.198776
2527.3,305.326,0.196265
2527.4,305.326,0.193748
2527.5,305.325,0.191229
2527.6,305.325,0.188707
2527.7,305.325,0.186184
2527.8,305.325,0.18366
2527.9,305.324,0.181136
2528.0,305.324,0.178148
2528.1,305.324,0.169646
2528.2,305.323,0.160868
2528.3,305.323,0.152284
2528.4,305.323,0.143896
2528.5,305.322,0.13571
2528.6,305.322,0.127729
2528.7,305.322,0.119958
2528.8,305.321,0.1124
2528.9,305.321,0.105059
2529.0,305.32,0.097378
2529.1,305.32,0.088717
2529.2,305.32,0.079919
2529.3,305.319,0.071551
2529.4,305.319,0.063617
2529.5,305.318,0.056123
2529.6,305.318,0.049075
2529.7,305.317,0.042478
2529.8,305.317,0.036338
2529.9,305.316,0.030659
2530.0,305.316,0.02558
2530.1,305.315,0.024445
2530.2,305.315,0.023465
2530.3,305.314,0.022507
2530.4,305.313,0.021571
2530.5,305.313,0.020656
2530.6,305.312,0.019762
2530.7,305.312,0.018888
2530.8,305.311,0.018035
2530.9,305.311,0.017202
2531.0,305.31,0.016498
2531.1,305.31,0.016728
2531.2,305.309,0.017074
2531.3,305.308,0.017428
2531.4,305.308,0.017792
2531.5,305.307,0.018164
2531.6,305.307,0.018544
2531.7,305.306,0.018932
2531.8,305.306,0.019329
2531.9,305.305,0.019734
2532.0,305.304,0.020109
2532.1,305.304,0.020152
2532.2,305.303,0.020159
2532.3,305.303,0.020167
2532.4,305.302,0.020177
2532.5,305.302,0.020188
2532.6,305.301,0.0202
2532.7,305.301,0.020214
2532.8,305.3,0.02023
2532.9,305.299,0.020246
2533.0,305.299,0.02031
2533.1,305.298,0.020729
2533.2,305.298,0.021201
2533.3,305.297,0.021683
2533.4,305.297,0.022172
2533.5,305.296,0.02267
2533.6,305.296,0.023177
2533.7,305.295,0.023691
2533.8,305.295,0.024219
2533.9,305.294,0.024761
2534.0,305.293,0.025311
2534.1,305.293,0.02587
2534.2,305.292,0.026438
2534.3,305.292,0.027018
2534.4,305.291,0.027613
2534.5,305.291,0.028217
2534.6,305.29,0.02883
2534.7,305.29,0.029452
2534.8,305.289,0.030106
2534.9,305.289,0.030832
2535.0,305.288,0.031569
2535.1,305.287,0.032637
2535.2,305.287,0.03393
2535.3,305.286,0.035253
2535.4,305.286,0.036607
2535.5,305.285,0.037991
2535.6,305.285,0.039406
2535.7,305.284,0.040851
2535.8,305.284,0.042327
2535.9,305.283,0.043835
2536.0,305.283,0.045126
2536.1,305.282,0.043643
2536.2,305.282,0.041938
2536.3,305.281,0.040258
2536.4,305.281,0.038603
2536.5,305.28,0.036974
2536.6,305.28,0.035373
2536.7,305.279,0.033799
2536.8,305.279,0.032255
2536.9,305.278,0.030739
2537.0,305.278,0.02941
2537.1,305.277,0.028237
2537.2,305.276,0.027232
2537.3,305.276,0.026243
2537.4,305.275,0.025268
2537.5,305.275,0.024308
2537.6,305.274,0.023363
2537.7,305.274,0.022434
2537.8,305.273,0.021521
2537.9,305.273,0.020624
2538.0,305.272,0.0198
2538.1,305.272,0.025041
2538.2,305.271,0.030995
2538.3,305.27,0.037616
2538.4,305.27,0.044911
2538.5,305.269,0.052887
2538.6,305.269,0.061552
2538.7,305.268,0.070912
2538.8,305.268,0.080975
2538.9,305.268,0.091746
2539.0,305.267,0.102861
2539.1,305.267,0.103379
2539.2,305.266,0.103516
2539.3,305.266,0.103641
2539.4,305.265,0.103755
2539.5,305.265,0.103859
2539.6,305.265,0.103953
2539.7,305.264,0.104038
2539.8,305.264,0.104114
2539.9,305.263,0.104182
2540.0,305.263,0.104017
2540.1,305.263,0.102006
2540.2,305.262,0.099779
2540.3,305.262,0.097559
2540.4,305.261,0.095349
2540.5,305.261,0.093149
2540.6,305.26,0.09096
2540.7,305.26,0.088784
2540.8,305.26,0.086622
2540.9,305.259,0.084474
2541.0,305.259,0.082097
2541.1,305.258,0.076098
2541.2,305.258,0.070075
2541.3,305.257,0.064275
2541.4,305.257,0.058701
2541.5,305.256,0.053358
2541.6,305.256,0.048249
2541.7,305.255,0.043379
2541.8,305.255,0.038751
2541.9,305.254,0.034367
2542.0,305.254,0.030341
2542.1,305.253,0.030195
2542.2,305.253,0.030161
2542.3,305.252,0.03013
2542.4,305.252,0.030103
2542.5,305.251,0.030078
2542.6,305.251,0.030056
2542.7,305.25,0.030037
2542.8,305.249,0.03002
2542.9,305.249,0.030005
2543.0,305.248,0.029838
2543.1,305.248,0.029389
2543.2,305.247,0.028791
2543.3,305.247,0.028199
2543.4,305.246,0.027612
2543.5,305.246,0.027031
2543.6,305.245,0.026455
2543.7,305.245,0.025885
2543.8,305.244,0.025321
2543.9,305.244,0.024762
2544.0,305.243,0.024291
2544.1,305.242,0.024711
2544.2,305.242,0.025221
2544.3,305.241,0.025741
2544.4,305.241,0.026269
2544.5,305.24,0.026806
2544.6,305.24,0.027352
2544.7,305.239,0.027906
2544.8,305.239,0.028469
2544.9,305.238,0.02904
2545.0,305.238,0.02979
2545.1,305.237,0.031462
2545.2,305.237,0.033366
2545.3,305.236,0.035335
2545.4,305.236,0.037368
2545.5,305.235,0.039467
2545.6,305.234,0.041631
2545.7,305.234,0.043862
2545.8,305.233,0.046159
2545.9,305.233,0.048523
2546.0,305.232,0.050968
2546.1,305.232,0.053611
2546.2,305.231,0.056331
2546.3,305.231,0.059126
2546.4,305.23,0.062001
2546.5,305.23,0.064955
2546.6,305.23,0.067987
2546.7,305.229,0.071097
2546.8,305.229,0.074287
2546.9,305.228,0.077555
2547.0,305.228,0.080615
2547.1,305.227,0.082493
2547.2,305.227,0.084101
2547.3,305.226,0.085725
2547.4,305.226,0.087366
2547.5,305.225,0.089025
2547.6,305.225,0.0907
2547.7,305.225,0.092393
2547.8,305.224,0.094103
2547.9,305.224,0.09583
2548.0,305.223,0.097025
2548.1,305.223,0.093836
2548.2,305.222,0.09015
2548.3,305.222,0.086518
2548.4,305.222,0.082942
2548.5,305.221,0.079422
2548.6,305.221,0.075962
2548.7,305.22,0.072562
2548.8,305.22,0.069225
2548.9,305.219,0.065952
2549.0,305.219,0.062582
2549.1,305.218,0.059252
2549.2,305.218,0.056001
2549.3,305.217,0.052773
2549.4,305.217,0.049617
2549.5,305.216,0.046547
2549.6,305.216,0.043563
2549.7,305.215,0.040669
2549.8,305.215,0.037864
2549.9,305.214,0.03515
2550.0,305.214,0.032719
2550.1,305.213,0.031824
2550.2,305.213,0.031126
2550.3,305.212,0.030436
2550.4,305.212,0.029753
2550.5,305.211,0.029078
2550.6,305.211,0.02841
2550.7,305.21,0.02775
2550.8,305.21,0.027097
2550.9,305.209,0.026452
2551.0,305.209,0.025711
2551.1,305.208,0.024008
2551.2,305.207,0.022262
2551.3,305.207,0.020578
2551.4,305.206,0.018954
2551.5,305.206,0.017393
2551.6,305.205,0.015895
2551.7,305.205,0.01446
2551.8,305.204,0.013088
2551.9,305.204,0.011782
2552.0,305.203,0.01053
2552.1,305.202,0.008994
2552.2,305.202,0.007565
2552.3,305.201,0.006254
2552.4,305.201,0.005063
2552.5,305.2,0.003992
2552.6,305.2,0.003043
2552.7,305.199,0.002216
2552.8,305.198,0.001514
2552.9,305.198,0.000935
2553.0,305.197,0.000484
2553.1,305.197,0.000407
2553.2,305.196,0.000338
2553.3,305.196,0.000275
2553.4,305.195,0.000218
2553.5,305.194,0.000167
2553.6,305.194,0.000122
2553.7,305.193,8.3e-05
2553.8,305.193,5e-05
2553.9,305.192,2.3e-05
2554.0,305.192,0.0
2554.1,305.191,0.0
2554.2,305.19,0.0
2554.3,305.19,0.0
2554.4,305.189,0.0
2554.5,305.189,0.0
2554.6,305.188,0.0
2554.7,305.187,0.0
2554.8,305.187,0.0
2554.9,305.186,0.0
2555.0,305.186,0.0
2555.1,305.185,0.0
2555.2,305.185,0.0
2555.3,305.184,0.0
2555.4,305.183,0.0
2555.5,305.183,0.0
2555.6,305.182,0.0
2555.7,305.182,0.0
2555.8,305.181,0.0
2555.9,305.18,0.0
2556.0,305.18,0.0
2556.1,305.179,0.0
2556.2,305.179,0.0
2556.3,305.178,0.0
2556.4,305.178,0.0
2556.5,305.177,0.0
2556.6,305.176,0.0
2556.7,305.176,0.0
2556.8,305.175,0.0
2556.9,305.175,0.0
2557.0,305.174,0.0
2557.1,305.174,0.0
2557.2,305.173,0.0
2557.3,305.172,0.0
2557.4,305.172,0.0
2557.5,305.171,0.0
2557.6,305.171,0.0
2557.7,305.17,0.0
2557.8,305.169,0.0
2557.9,305.169,0.0
2558.0,305.168,0.0
2558.1,305.168,0.0
2558.2,305.167,0.0
2558.3,305.167,0.0
2558.4,305.166,0.0
2558.5,305.165,0.0
2558.6,305.165,0.0
2558.7,305.164,0.0
2558.8,305.164,0.0
2558.9,305.163,0.0
2559.0,305.163,0.0
2559.1,305.162,0.0
2559.2,305.161,0.0
2559.3,305.161,0.0
2559.4,305.16,0.0
2559.5,305.16,0.0
2559.6,305.159,0.0
2559.7,305.159,0.0
2559.8,305.158,0.0
2559.9,305.157,0.0
2560.0,305.157,0.0
2560.1,305.156,0.0
2560.2,305.156,0.0
2560.3,305.155,0.0
2560.4,305.154,0.0
2560.5,305.154,0.0
2560.6,305.153,0.0
2560.7,305.153,0.0
2560.8,305.152,0.0
2560.9,305.152,0.0
2561.0,305.151,0.0
2561.1,305.15,0.0
2561.2,305.15,0.0
2561.3,305.149,0.0
2561.4,305.149,0.0
2561.5,305.148,0.0
2561.6,305.148,0.0
2561.7,305.147,0.0
2561.8,305.146,0.0
2561.9,305.146,0.0
2562.0,305.145,0.0
2562.1,305.145,0.0
2562.2,305.144,0.0
2562.3,305.144,0.0
2562.4,305.143,0.0
2562.5,305.142,0.0
2562.6,305.142,0.0
2562.7,305.141,0.0
2562.8,305.141,0.0
2562.9,305.14,0.0
2563.0,305.139,0.0
2563.1,305.139,-0.000223
2563.2,305.138,-0.000399
2563.3,305.138,-0.000525
2563.4,305.137,-0.0006
2563.5,305.137,-0.000623
2563.6,305.136,-0.000594
2563.7,305.135,-0.000512
2563.8,305.135,-0.000377
2563.9,305.134,-0.000187
2564.0,305.134,6.5e-05
2564.1,305.133,0.000804
2564.2,305.133,0.001825
2564.3,305.132,0.003124
2564.4,305.131,0.004703
2564.5,305.131,0.006567
2564.6,305.13,0.008716
2564.7,305.13,0.011155
2564.8,305.129,0.013886
2564.9,305.129,0.016912
2565.0,305.128,0.020102
2565.1,305.128,0.021455
2565.2,305.127,0.022711
2565.3,305.126,0.024002
2565.4,305.126,0.025328
2565.5,305.125,0.026689
2565.6,305.125,0.028085
2565.7,305.124,0.029516
2565.8,305.124,0.030983
2565.9,305.123,0.032538
2566.0,305.123,0.034216
2566.1,305.122,0.036292
2566.2,305.122,0.038634
2566.3,305.121,0.041053
2566.4,305.121,0.04355
2566.5,305.12,0.046124
2566.6,305.12,0.048777
2566.7,305.119,0.051508
2566.8,305.119,0.054319
2566.9,305.118,0.057208
2567.0,305.118,0.06002
2567.1,305.117,0.062429
2567.2,305.117,0.064724
2567.3,305.116,0.067062
2567.4,305.116,0.069444
2567.5,305.115,0.071869
2567.6,305.115,0.074338
2567.7,305.115,0.076851
2567.8,305.114,0.079408
2567.9,305.114,0.082009
2568.0,305.113,0.084853
2568.1,305.113,0.095106
2568.2,305.112,0.106203
2568.3,305.112,0.117954
2568.4,305.112,0.130364
2568.5,305.111,0.143437
2568.6,305.111,0.15718
2568.7,305.111,0.171587
2568.8,305.11,0.186662
2568.9,305.11,0.202418
2569.0,305.11,0.21886
2569.1,305.11,0.235808
2569.2,305.109,0.25336
2569.3,305.109,0.271591
2569.4,305.109,0.290503
2569.5,305.109,0.310101
2569.6,305.109,0.330389
2569.7,305.109,0.35137
2569.8,305.109,0.373047
2569.9,305.109,0.395416
2570.0,305.109,0.416313
2570.1,305.109,0.425939
2570.2,305.109,0.43345
2570.3,305.11,0.441003
2570.4,305.11,0.448602
2570.5,305.11,0.456247
2570.6,305.11,0.463941
2570.7,305.11,0.471684
2570.8,305.11,0.479478
2570.9,305.111,0.487323
2571.0,305.111,0.495777
2571.1,305.111,0.51133
2571.2,305.111,0.527722
2571.3,305.112,0.544398
2571.4,305.112,0.561362
2571.5,305.112,0.578612
2571.6,305.113,0.59615
2571.7,305.113,0.613977
2571.8,305.114,0.632093
2571.9,305.114,0.650501
2572.0,305.115,0.665993
2572.1,305.115,0.646213
2572.2,305.116,0.623485
2572.3,305.116,0.601018
2572.4,305.117,0.578825
2572.5,305.117,0.556919
2572.6,305.117,0.535311
2572.7,305.118,0.514012
2572.8,305.118,0.493034
2572.9,305.118,0.472714
2573.0,305.118,0.454283
2573.1,305.119,0.469753
2573.2,305.119,0.487825
2573.3,305.119,0.506306
2573.4,305.119,0.525198
2573.5,305.12,0.544502
2573.6,305.12,0.56422
2573.7,305.12,0.583211
2573.8,305.121,0.602348
2573.9,305.121,0.621851
2574.0,305.122,0.64172
2574.1,305.122,0.653907
2574.2,305.123,0.660643
2574.3,305.123,0.667409
2574.4,305.124,0.674206
2574.5,305.124,0.681034
2574.6,305.125,0.687893
2574.7,305.125,0.694784
2574.8,305.126,0.701707
2574.9,305.127,0.708661
2575.0,305.127,0.712143
2575.1,305.128,0.694843
2575.2,305.128,0.674239
2575.3,305.129,0.653828
2575.4,305.13,0.633619
2575.5,305.13,0.613622
2575.6,305.13,0.593844
2575.7,305.131,0.574293
2575.8,305.131,0.554981
2575.9,305.132,0.535914
2576.0,305.132,0.519811
2576.1,305.132,0.511401
2576.2,305.133,0.505704
2576.3,305.133,0.500018
2576.4,305.133,0.494341
2576.5,305.133,0.488677
2576.6,305.134,0.483023
2576.7,305.134,0.477382
2576.8,305.134,0.471753
2576.9,305.134,0.467112
2577.0,305.134,0.462784
2577.1,305.135,0.462182
2577.2,305.135,0.463832
2577.3,305.135,0.465493
2577.4,305.135,0.467166
2577.5,305.135,0.46885
2577.6,305.136,0.470543
2577.7,305.136,0.472247
2577.8,305.136,0.473959
2577.9,305.136,0.475293
2578.0,305.136,0.474757
2578.1,305.137,0.469691
2578.2,305.137,0.462012
2578.3,305.137,0.454362
2578.4,305.137,0.446742
2578.5,305.137,0.439155
2578.6,305.138,0.431601
2578.7,305.138,0.424083
2578.8,305.138,0.416601
2578.9,305.138,0.409156
2579.0,305.138,0.40208
2579.1,305.138,0.396224
2579.2,305.138,0.39039
2579.3,305.138,0.384714
2579.4,305.138,0.379079
2579.5,305.138,0.373466
2579.6,305.139,0.367877
2579.7,305.139,0.362272
2579.8,305.139,0.356539
2579.9,305.139,0.350833
2580.0,305.139,0.345155
2580.1,305.139,0.339506
2580.2,305.139,0.333358
2580.3,305.139,0.327212
2580.4,305.139,0.321103
2580.5,305.139,0.315034
2580.6,305.138,0.309003
2580.7,305.138,0.30303
2580.8,305.138,0.297171
2580.9,305.138,0.291351
2581.0,305.138,0.285572
2581.1,305.138,0.281332
2581.2,305.138,0.277392
2581.3,305.138,0.273471
2581.4,305.138,0.26957
2581.5,305.138,0.265633
2581.6,305.138,0.261684
2581.7,305.137,0.257755
2581.8,305.137,0.253847
2581.9,305.137,0.249959
2582.0,305.137,0.246093
2582.1,305.137,0.242248
2582.2,305.137,0.238425
2582.3,305.136,0.234482
2582.4,305.136,0.230502
2582.5,305.136,0.226547
2582.6,305.136,0.222616
2582.7,305.136,0.21871
2582.8,305.135,0.21483
2582.9,305.135,0.210976
2583.0,305.135,0.207695
2583.1,305.135,0.209655
2583.2,305.135,0.212188
2583.3,305.134,0.214747
2583.4,305.134,0.217334
2583.5,305.134,0.219946
2583.6,305.134,0.222583
2583.7,305.133,0.225247
2583.8,305.133,0.227937
2583.9,305.133,0.230653
2584.0,305.133,0.234697
2584.1,305.133,0.240997
2584.2,305.133,0.248739
2584.3,305.132,0.256622
2584.4,305.132,0.264649
2584.5,305.132,0.27282
2584.6,305.132,0.281135
2584.7,305.132,0.289596
2584.8,305.132,0.298202
2584.9,305.132,0.306955
2585.0,305.132,0.314443
2585.1,305.132,0.311862
2585.2,305.131,0.307874
2585.3,305.131,0.303889
2585.4,305.131,0.299908
2585.5,305.131,0.295933
2585.6,305.131,0.291964
2585.7,305.131,0.288002
2585.8,305.131,0.284048
2585.9,305.131,0.280104
2586.0,305.131,0.274781
2586.1,305.131,0.266773
2586.2,305.131,0.2575
2586.3,305.13,0.248351
2586.4,305.13,0.239327
2586.5,305.13,0.230433
2586.6,305.13,0.22167
2586.7,305.13,0.213041
2586.8,305.129,0.204549
2586.9,305.129,0.196196
2587.0,305.129,0.188129
2587.1,305.129,0.185814
2587.2,305.128,0.183655
2587.3,305.128,0.181507
2587.4,305.128,0.17937
2587.5,305.128,0.177244
2587.6,305.127,0.175128
2587.7,305.127,0.173023
2587.8,305.127,0.171023
2587.9,305.126,0.169066
2588.0,305.126,0.167119
2588.1,305.126,0.168729
2588.2,305.126,0.170705
2588.3,305.125,0.172703
2588.4,305.125,0.17472
2588.5,305.125,0.176757
2588.6,305.124,0.178815
2588.7,305.124,0.180892
2588.8,305.124,0.18299
2588.9,305.124,0.185106
2589.0,305.123,0.187944
2589.1,305.123,0.191651
2589.2,305.123,0.19612
2589.3,305.123,0.200651
2589.4,305.122,0.205246
2589.5,305.122,0.209903
2589.6,305.122,0.214624
2589.7,305.122,0.219408
2589.8,305.121,0.224256
2589.9,305.121,0.228485
2590.0,305.121,0.232698
2590.1,305.121,0.234641
2590.2,305.121,0.235143
2590.3,305.121,0.235645
2590.4,305.12,0.236146
2590.5,305.12,0.236645
2590.6,305.12,0.237144
2590.7,305.12,0.237642
2590.8,305.12,0.23814
2590.9,305.119,0.238636
2591.0,305.119,0.23822
2591.1,305.119,0.222783
2591.2,305.119,0.206922
2591.3,305.119,0.191555
2591.4,305.118,0.176692
2591.5,305.118,0.162341
2591.6,305.118,0.148509
2591.7,305.117,0.135204
2591.8,305.117,0.122435
2591.9,305.117,0.110207
2592.0,305.116,0.098498
2592.1,305.116,0.084425
2592.2,305.116,0.071241
2592.3,305.115,0.058986
2592.4,305.115,0.047669
2592.5,305.114,0.0373
2592.6,305.114,0.027889
2592.7,305.113,0.019445
2592.8,305.113,0.011977
2592.9,305.112,0.005495
2593.0,305.111,0.0
2593.1,305.111,0.0
2593.2,305.11,0.0
2593.3,305.11,0.0
2593.4,305.109,0.0
2593.5,305.109,0.0
2593.6,305.108,0.0
2593.7,305.107,0.0
2593.8,305.107,0.0
2593.9,305.106,0.0
2594.0,305.106,0.0
2594.1,305.105,0.0
2594.2,305.104,0.0
2594.3,305.104,0.0
2594.4,305.103,0.0
2594.5,305.103,0.0
2594.6,305.102,0.0
2594.7,305.102,0.0
2594.8,305.101,0.0
2594.9,305.1,0.0
2595.0,305.1,0.0
2595.1,305.099,0.0
2595.2,305.099,0.0
2595.3,305.098,0.0
2595.4,305.098,0.0
2595.5,305.097,0.0
2595.6,305.096,0.0
2595.7,305.096,0.0
2595.8,305.095,0.0
2595.9,305.095,0.0
2596.0,305.094,0.0
2596.1,305.094,0.0
2596.2,305.093,0.0
2596.3,305.092,0.0
2596.4,305.092,0.0
2596.5,305.091,0.0
2596.6,305.091,0.0
2596.7,305.09,0.0
2596.8,305.09,0.0
2596.9,305.089,0.0
2597.0,305.088,0.0
2597.1,305.088,0.0
2597.2,305.087,0.0
2597.3,305.087,0.0
2597.4,305.086,0.0
2597.5,305.086,0.0
2597.6,305.085,0.0
2597.7,305.084,0.0
2597.8,305.084,0.0
2597.9,305.083,0.0
2598.0,305.083,0.0
2598.1,305.082,0.0
2598.2,305.082,0.0
2598.3,305.081,0.0
2598.4,305.08,0.0
2598.5,305.08,0.0
2598.6,305.079,0.0
2598.7,305.079,0.0
2598.8,305.078,0.0
2598.9,305.078,0.0
2599.0,305.077,0.0
2599.1,305.076,0.001378
2599.2,305.076,0.002905
2599.3,305.075,0.004588
2599.4,305.075,0.006429
2599.5,305.074,0.008431
2599.6,305.074,0.010596
2599.7,305.073,0.012926
2599.8,305.072,0.015423
2599.9,305.072,0.018089
2600.0,305.071,0.020928
2600.1,305.071,0.025372
2600.2,305.07,0.030188
2600.3,305.07,0.035377
2600.4,305.069,0.040945
2600.5,305.069,0.046894
2600.6,305.068,0.053227
2600.7,305.068,0.05995
2600.8,305.067,0.067065
2600.9,305.067,0.074575
2601.0,305.066,0.082657
2601.1,305.066,0.100146
2601.2,305.066,0.119511
2601.3,305.065,0.140595
2601.4,305.065,0.163415
2601.5,305.065,0.187986
2601.6,305.064,0.214321
2601.7,305.064,0.242435
2601.8,305.064,0.272343
2601.9,305.064,0.303724
2602.0,305.064,0.335656
2602.1,305.064,0.365096
2602.2,305.064,0.393746
2602.3,305.064,0.423541
2602.4,305.064,0.454485
2602.5,305.064,0.486586
2602.6,305.064,0.519851
2602.7,305.065,0.554285
2602.8,305.065,0.589896
2602.9,305.065,0.626688
2603.0,305.066,0.66084
2603.1,305.066,0.659
2603.2,305.067,0.653265
2603.3,305.068,0.647456
2603.4,305.068,0.641579
2603.5,305.069,0.635639
2603.6,305.069,0.629642
2603.7,305.07,0.623593
2603.8,305.07,0.617497
2603.9,305.07,0.611358
2604.0,305.071,0.604259
2604.1,305.071,0.56589
2604.2,305.072,0.527707
2604.3,305.072,0.490654
2604.4,305.072,0.454757
2604.5,305.072,0.420041
2604.6,305.073,0.386529
2604.7,305.073,0.354244
2604.8,305.073,0.323208
2604.9,305.073,0.293442
2605.0,305.073,0.265807
2605.1,305.072,0.246737
2605.2,305.072,0.229079
2605.3,305.072,0.212
2605.4,305.072,0.195507
2605.5,305.072,0.179609
2605.6,305.071,0.164312
2605.7,305.071,0.149622
2605.8,305.071,0.135546
2605.9,305.07,0.122091
2606.0,305.07,0.109582
2606.1,305.07,0.098665
2606.2,305.069,0.088544
2606.3,305.069,0.078907
2606.4,305.068,0.069756
2606.5,305.068,0.061095
2606.6,305.067,0.052929
2606.7,305.067,0.04526
2606.8,305.066,0.038093
2606.9,305.066,0.031431
2607.0,305.065,0.02528
2607.1,305.065,0.021922
2607.2,305.064,0.018749
2607.3,305.064,0.015759
2607.4,305.063,0.012954
2607.5,305.063,0.010332
2607.6,305.062,0.007895
2607.7,305.062,0.005643
2607.8,305.061,0.003578
2607.9,305.061,0.001698
2608.0,305.06,0.0
2608.1,305.059,0.0
2608.2,305.059,0.0
2608.3,305.058,0.0
2608.4,305.058,0.0
2608.5,305.057,0.0
2608.6,305.057,0.0
2608.7,305.056,0.0
2608.8,305.055,0.0
2608.9,305.055,0.0
2609.0,305.054,0.0
2609.1,305.054,0.0
2609.2,305.053,0.0
2609.3,305.053,0.0
2609.4,305.052,0.0
2609.5,305.051,0.0
2609.6,305.051,0.0
2609.7,305.05,0.0
2609.8,305.05,0.0
2609.9,305.049,0.0
2610.0,305.049,0.0
2610.1,305.048,0.0
2610.2,305.047,0.0
2610.3,305.047,0.0
2610.4,305.046,0.0
2610.5,305.046,0.0
2610.6,305.045,0.0
2610.7,305.045,0.0
2610.8,305.044,0.0
2610.9,305.043,0.0
2611.0,305.043,0.0
2611.1,305.042,0.0
2611.2,305.042,0.0
2611.3,305.041,0.0
2611.4,305.041,0.0
2611.5,305.04,0.0
2611.6,305.039,0.0
2611.7,305.039,0.0
2611.8,305.038,0.0
2611.9,305.038,0.0
2612.0,305.037,0.0
2612.1,305.037,0.0
2612.2,305.036,0.0
2612.3,305.035,0.0
2612.4,305.035,0.0
2612.5,305.034,0.0
2612.6,305.034,0.0
2612.7,305.033,0.0
2612.8,305.033,0.0
2612.9,305.032,0.0
2613.0,305.031,0.0
2613.1,305.031,0.0
2613.2,305.03,0.0
2613.3,305.03,0.0
2613.4,305.029,0.0
2613.5,305.029,0.0
2613.6,305.028,0.0
2613.7,305.027,0.0
2613.8,305.027,0.0
2613.9,305.026,0.0
2614.0,305.026,0.0
2614.1,305.025,0.0
2614.2,305.025,0.0
2614.3,305.024,0.0
2614.4,305.024,0.0
2614.5,305.023,0.0
2614.6,305.022,0.0
2614.7,305.022,0.0
2614.8,305.021,0.0
2614.9,305.021,0.0
2615.0,305.02,0.0
2615.1,305.02,0.0
2615.2,305.019,0.0
2615.3,305.018,0.0
2615.4,305.018,0.0
2615.5,305.017,0.0
2615.6,305.017,0.0
2615.7,305.016,0.0
2615.8,305.016,0.0
2615.9,305.015,0.0
2616.0,305.014,0.0
2616.1,305.014,0.0
2616.2,305.013,0.0
2616.3,305.013,0.0
2616.4,305.012,0.0
2616.5,305.012,0.0
2616.6,305.011,0.0
2616.7,305.01,0.0
2616.8,305.01,0.0
2616.9,305.009,0.0
2617.0,305.009,0.0
2617.1,305.008,0.0
2617.2,305.008,0.0
2617.3,305.007,0.0
2617.4,305.007,0.0
2617.5,305.006,0.0
2617.6,305.005,0.0
2617.7,305.005,0.0
2617.8,305.004,0.0
2617.9,305.004,0.0
2618.0,305.003,0.0
2618.1,305.003,0.000674
2618.2,305.002,0.001485
2618.3,305.001,0.00244
2618.4,305.001,0.003541
2618.5,305.0,0.004791
2618.6,305.0,0.00619
2618.7,304.999,0.007742
2618.8,304.999,0.009447
2618.9,304.998,0.011307
2619.0,304.998,0.013374
2619.1,304.997,0.017501
2619.2,304.996,0.022225
2619.3,304.996,0.027504
2619.4,304.995,0.033342
2619.5,304.995,0.039746
2619.6,304.994,0.046721
2619.7,304.994,0.054272
2619.8,304.993,0.062404
2619.9,304.993,0.070769
2620.0,304.993,0.079662
2620.1,304.992,0.083578
2620.2,304.992,0.086791
2620.3,304.991,0.090066
2620.4,304.991,0.093402
2620.5,304.99,0.096801
2620.6,304.99,0.100263
2620.7,304.99,0.103787
2620.8,304.989,0.10737
2620.9,304.989,0.110861
2621.0,304.988,0.11441
2621.1,304.988,0.116699
2621.2,304.988,0.118671
2621.3,304.987,0.120656
2621.4,304.987,0.122654
2621.5,304.987,0.124666
2621.6,304.986,0.126692
2621.7,304.986,0.128732
2621.8,304.986,0.130788
2621.9,304.985,0.132868
2622.0,304.985,0.134963
2622.1,304.985,0.137074
2622.2,304.984,0.1392
2622.3,304.984,0.141355
2622.4,304.984,0.143525
2622.5,304.983,0.145712
2622.6,304.983,0.147915
2622.7,304.983,0.14996
2622.8,304.982,0.152011
2622.9,304.982,0.154076
2623.0,304.982,0.156155
2623.1,304.981,0.154206
2623.2,304.981,0.151526
2623.3,304.981,0.148851
2623.4,304.98,0.146182
2623.5,304.98,0.143521
2623.6,304.98,0.140867
2623.7,304.979,0.138222
2623.8,304.979,0.135588
2623.9,304.979,0.133306
2624.0,304.978,0.131105
2624.1,304.978,0.131553
2624.2,304.978,0.132758
2624.3,304.977,0.133971
2624.4,304.977,0.135193
2624.5,304.977,0.136408
2624.6,304.976,0.137601
2624.7,304.976,0.138802
2624.8,304.976,0.14001
2624.9,304.975,0.141226
2625.0,304.975,0.142449
2625.1,304.975,0.143679
2625.2,304.974,0.144916
2625.3,304.974,0.14609
2625.4,304.974,0.147237
2625.5,304.973,0.148391
2625.6,304.973,0.14955
2625.7,304.973,0.150715
2625.8,304.973,0.151886
2625.9,304.972,0.153063
2626.0,304.972,0.154194
2626.1,304.972,0.154184
2626.2,304.971,0.154137
2626.3,304.971,0.154078
2626.4,304.971,0.154016
2626.5,304.97,0.15395
2626.6,304.97,0.153881
2626.7,304.97,0.153809
2626.8,304.969,0.153734
2626.9,304.969,0.153656
2627.0,304.969,0.153789
2627.1,304.969,0.163465
2627.2,304.968,0.173693
2627.3,304.968,0.184262
2627.4,304.968,0.195175
2627.5,304.967,0.206434
2627.6,304.967,0.218042
2627.7,304.967,0.23
2627.8,304.967,0.242311
2627.9,304.967,0.254976
2628.0,304.967,0.266605
2628.1,304.966,0.274041
2628.2,304.966,0.280165
2628.3,304.966,0.286363
2628.4,304.966,0.292637
2628.5,304.966,0.298987
2628.6,304.966,0.305414
2628.7,304.966,0.311917
2628.8,304.966,0.318496
2628.9,304.966,0.324629
2629.0,304.966,0.330397
2629.1,304.966,0.331672
2629.2,304.966,0.331446
2629.3,304.966,0.331201
2629.4,304.966,0.330939
2629.5,304.966,0.33066
2629.6,304.966,0.330364
2629.7,304.966,0.330054
2629.8,304.966,0.329728
2629.9,304.966,0.329031
2630.0,304.966,0.327942
2630.1,304.966,0.316035
2630.2,304.966,0.303234
2630.3,304.966,0.290632
2630.4,304.966,0.278236
2630.5,304.966,0.26605
2630.6,304.965,0.254081
2630.7,304.965,0.242333
2630.8,304.965,0.230649
2630.9,304.965,0.219085
2631.0,304.965,0.207769
2631.1,304.965,0.195655
2631.2,304.964,0.183202
2631.3,304.964,0.171104
2631.4,304.964,0.159367
2631.5,304.963,0.147995
2631.6,304.963,0.136993
2631.7,304.963,0.126367
2631.8,304.962,0.11612
2631.9,304.962,0.106259
2632.0,304.962,0.097136
2632.1,304.961,0.096932
2632.2,304.961,0.097086
2632.3,304.96,0.097249
2632.4,304.96,0.09742
2632.5,304.96,0.097598
2632.6,304.959,0.097784
2632.7,304.959,0.097977
2632.8,304.959,0.098177
2632.9,304.958,0.098599
2633.0,304.958,0.099109
2633.1,304.957,0.099959
2633.2,304.957,0.101338
2633.3,304.957,0.102735
2633.4,304.956,0.104148
2633.5,304.956,0.105578
2633.6,304.955,0.107025
2633.7,304.955,0.108488
2633.8,304.955,0.109968
2633.9,304.954,0.111465
2634.0,304.954,0.112528
2634.1,304.953,0.112117
2634.2,304.953,0.11126
2634.3,304.953,0.110404
2634.4,304.952,0.10955
2634.5,304.952,0.108698
2634.6,304.952,0.107813
2634.7,304.951,0.106906
2634.8,304.951,0.106
2634.9,304.95,0.105097
2635.0,304.95,0.104196
2635.1,304.95,0.103297
2635.2,304.949,0.1024
2635.3,304.949,0.101505
2635.4,304.949,0.100613
2635.5,304.948,0.099722
2635.6,304.948,0.098806
2635.7,304.947,0.097873
2635.8,304.947,0.096942
2635.9,304.947,0.096014
2636.0,304.946,0.095526
2636.1,304.946,0.098863
2636.2,304.945,0.102717
2636.3,304.945,0.106654
2636.4,304.945,0.110673
2636.5,304.944,0.114776
2636.6,304.944,0.118962
2636.7,304.943,0.123233
2636.8,304.943,0.127588
2636.9,304.943,0.132029
2637.0,304.942,0.136335
2637.1,304.942,0.140003
2637.2,304.942,0.143535
2637.3,304.941,0.147101
2637.4,304.941,0.150719
2637.5,304.941,0.154389
2637.6,304.94,0.158111
2637.7,304.94,0.161884
2637.8,304.94,0.165711
2637.9,304.94,0.169589
2638.0,304.939,0.173053
2638.1,304.939,0.171364
2638.2,304.939,0.169208
2638.3,304.939,0.167053
2638.4,304.938,0.164899
2638.5,304.938,0.162746
2638.6,304.938,0.160595
2638.7,304.937,0.158447
2638.8,304.937,0.156302
2638.9,304.937,0.154161
2639.0,304.936,0.1524
2639.1,304.936,0.154226
2639.2,304.936,0.156448
2639.3,304.936,0.158691
2639.4,304.935,0.160956
2639.5,304.935,0.163243
2639.6,304.935,0.165551
2639.7,304.934,0.167881
2639.8,304.934,0.170233
2639.9,304.934,0.172643
2640.0,304.934,0.175225
2640.1,304.933,0.182698
2640.2,304.933,0.190577
2640.3,304.933,0.198641
2640.4,304.933,0.206891
2640.5,304.932,0.215328
2640.6,304.932,0.223953
2640.7,304.932,0.232768
2640.8,304.932,0.241773
2640.9,304.932,0.250908
2641.0,304.932,0.260192
2641.1,304.931,0.26239
2641.2,304.931,0.264428
2641.3,304.931,0.26647
2641.4,304.931,0.268517
2641.5,304.931,0.270568
2641.6,304.931,0.272625
2641.7,304.931,0.274686
2641.8,304.931,0.276753
2641.9,304.931,0.278826
2642.0,304.93,0.280663
2642.1,304.93,0.274268
2642.2,304.93,0.267673
2642.3,304.93,0.261122
2642.4,304.93,0.254617
2642.5,304.93,0.248162
2642.6,304.93,0.241757
2642.7,304.93,0.235406
2642.8,304.929,0.229036
2642.9,304.929,0.222723
2643.0,304.929,0.216471
2643.1,304.929,0.207939
2643.2,304.929,0.199331
2643.3,304.928,0.190867
2643.4,304.928,0.182549
2643.5,304.928,0.174382
2643.6,304.928,0.166366
2643.7,304.927,0.158506
2643.8,304.927,0.150803
2643.9,304.927,0.143259
2644.0,304.926,0.136465
2644.1,304.926,0.134436
2644.2,304.926,0.133001
2644.3,304.925,0.131575
2644.4,304.925,0.130157
2644.5,304.925,0.128747
2644.6,304.924,0.127345
2644.7,304.924,0.12595
2644.8,304.924,0.124688
2644.9,304.923,0.123435
2645.0,304.923,0.122189
2645.1,304.923,0.121883
2645.2,304.922,0.121957
2645.3,304.922,0.122035
2645.4,304.922,0.122117
2645.5,304.921,0.122202
2645.6,304.921,0.122291
2645.7,304.92,0.122382
2645.8,304.92,0.122477
2645.9,304.92,0.122574
2646.0,304.919,0.123285
2646.1,304.919,0.127403
2646.2,304.919,0.132227
2646.3,304.918,0.137152
2646.4,304.918,0.142177
2646.5,304.918,0.147302
2646.6,304.917,0.152552
2646.7,304.917,0.158201
2646.8,304.917,0.163964
2646.9,304.917,0.169842
2647.0,304.916,0.175836
2647.1,304.916,0.184299
2647.2,304.916,0.19441
2647.3,304.916,0.204809
2647.4,304.915,0.215499
2647.5,304.915,0.22648
2647.6,304.915,0.237754
2647.7,304.915,0.249325
2647.8,304.915,0.261195
2647.9,304.914,0.273337
2648.0,304.914,0.284977
2648.1,304.914,0.296883
2648.2,304.914,0.308939
2648.3,304.914,0.320864
2648.4,304.914,0.333038
2648.5,304.914,0.345463
2648.6,304.914,0.358138
2648.7,304.914,0.371065
2648.8,304.914,0.384247
2648.9,304.914,0.397683
2649.0,304.914,0.40924
2649.1,304.915,0.403558
2649.2,304.915,0.395768
2649.3,304.915,0.387997
2649.4,304.915,0.380251
2649.5,304.915,0.372532
2649.6,304.915,0.364844
2649.7,304.915,0.357171
2649.8,304.915,0.349267
2649.9,304.915,0.341408
2650.0,304.915,0.333596
2650.1,304.915,0.325835
2650.2,304.915,0.317538
2650.3,304.915,0.309182
2650.4,304.915,0.300899
2650.5,304.915,0.29269
2650.6,304.915,0.284559
2650.7,304.915,0.276508
2650.8,304.915,0.268538
2650.9,304.915,0.260922
2651.0,304.915,0.254692
2651.1,304.914,0.253731
2651.2,304.914,0.254611
2651.3,304.914,0.255499
2651.4,304.914,0.256394
2651.5,304.914,0.257299
2651.6,304.914,0.258211
2651.7,304.914,0.259131
2651.8,304.913,0.260056
2651.9,304.913,0.260988
2652.0,304.913,0.261926
2652.1,304.913,0.26288
2652.2,304.913,0.263859
2652.3,304.913,0.264844
2652.4,304.913,0.265834
2652.5,304.913,0.266829
2652.6,304.913,0.267829
2652.7,304.912,0.268835
2652.8,304.912,0.269844
2652.9,304.912,0.270859
2653.0,304.912,0.271241
2653.1,304.912,0.267955
2653.2,304.912,0.264046
2653.3,304.912,0.26015
2653.4,304.912,0.256267
2653.5,304.912,0.252398
2653.6,304.911,0.248544
2653.7,304.911,0.244706
2653.8,304.911,0.240883
2653.9,304.911,0.236707
2654.0,304.911,0.232423
2654.1,304.911,0.226898
2654.2,304.91,0.220574
2654.3,304.91,0.214315
2654.4,304.91,0.208123
2654.5,304.91,0.201999
2654.6,304.91,0.195943
2654.7,304.909,0.189958
2654.8,304.909,0.184044
2654.9,304.909,0.178209
2655.0,304.909,0.172532
2655.1,304.908,0.172466
2655.2,304.908,0.172502
2655.3,304.908,0.172543
2655.4,304.908,0.172588
2655.5,304.907,0.172638
2655.6,304.907,0.172693
2655.7,304.907,0.172751
2655.8,304.906,0.172813
2655.9,304.906,0.172878
2656.0,304.906,0.173801
2656.1,304.906,0.191687
2656.2,304.905,0.211368
2656.3,304.905,0.232002
2656.4,304.905,0.253599
2656.5,304.905,0.276166
2656.6,304.905,0.299711
2656.7,304.905,0.32424
2656.8,304.905,0.349762
2656.9,304.905,0.376285
2657.0,304.905,0.401897
2657.1,304.905,0.415783
2657.2,304.905,0.427948
2657.3,304.905,0.440303
2657.4,304.905,0.45285
2657.5,304.906,0.465591
2657.6,304.906,0.478525
2657.7,304.906,0.491655
2657.8,304.906,0.504303
2657.9,304.907,0.516339
2658.0,304.907,0.528531
2658.1,304.907,0.525681
2658.2,304.908,0.519147
2658.3,304.908,0.512601
2658.4,304.908,0.506045
2658.5,304.908,0.499482
2658.6,304.909,0.492916
2658.7,304.909,0.486348
2658.8,304.909,0.479782
2658.9,304.909,0.473219
2659.0,304.91,0.464832
2659.1,304.91,0.455788
2659.2,304.91,0.444992
2659.3,304.91,0.434272
2659.4,304.91,0.423632
2659.5,304.911,0.413073
2659.6,304.911,0.402601
2659.7,304.911,0.392216
2659.8,304.911,0.381922
2659.9,304.911,0.371745
2660.0,304.911,0.361768
2660.1,304.911,0.38778
2660.2,304.911,0.414898
2660.3,304.911,0.44298
2660.4,304.912,0.472034
2660.5,304.912,0.502068
2660.6,304.912,0.53309
2660.7,304.912,0.565107
2660.8,304.913,0.598125
2660.9,304.913,0.633404
2661.0,304.914,0.670538
2661.1,304.914,0.710999
2661.2,304.915,0.756275
2661.3,304.916,0.803047
2661.4,304.916,0.851326
2661.5,304.917,0.901119
2661.6,304.918,0.952438
2661.7,304.919,1.00529
2661.8,304.92,1.059683
2661.9,304.922,1.115628
2662.0,304.923,1.166812
2662.1,304.924,1.124882
2662.2,304.926,1.077363
2662.3,304.927,1.030578
2662.4,304.928,0.984557
2662.5,304.929,0.939324
2662.6,304.93,0.894903
2662.7,304.931,0.85132
2662.8,304.932,0.808595
2662.9,304.933,0.767132
2663.0,304.933,0.726577
2663.1,304.934,0.698302
2663.2,304.935,0.671201
2663.3,304.935,0.644517
2663.4,304.936,0.618258
2663.5,304.936,0.592451
2663.6,304.937,0.567124
2663.7,304.937,0.542245
2663.8,304.937,0.517821
2663.9,304.938,0.493857
2664.0,304.938,0.470362
2664.1,304.938,0.47498
2664.2,304.938,0.479935
2664.3,304.939,0.484946
2664.4,304.939,0.490013
2664.5,304.939,0.495133
2664.6,304.939,0.500308
2664.7,304.94,0.505535
2664.8,304.94,0.510814
2664.9,304.94,0.516144
2665.0,304.941,0.522245
2665.1,304.941,0.547614
2665.2,304.941,0.574393
2665.3,304.942,0.60187
2665.4,304.942,0.630048
2665.5,304.943,0.658933
2665.6,304.943,0.688528
2665.7,304.944,0.718839
2665.8,304.944,0.749868
2665.9,304.945,0.781095
2666.0,304.946,0.811593
2666.1,304.947,0.829741
2666.2,304.947,0.845564
2666.3,304.948,0.861562
2666.4,304.949,0.877733
2666.5,304.95,0.894079
2666.6,304.951,0.910601
2666.7,304.952,0.927297
2666.8,304.953,0.94417
2666.9,304.954,0.961219
2667.0,304.955,0.972796
2667.1,304.956,0.941129
2667.2,304.957,0.904349
2667.3,304.958,0.868102
2667.4,304.959,0.832405
2667.5,304.96,0.797274
2667.6,304.96,0.762722
2667.7,304.961,0.728765
2667.8,304.962,0.695415
2667.9,304.962,0.662771
2668.0,304.963,0.631681
2668.1,304.963,0.601194
2668.2,304.964,0.571318
2668.3,304.964,0.542471
2668.4,304.965,0.514305
2668.5,304.965,0.486759
2668.6,304.965,0.459842
2668.7,304.965,0.433564
2668.8,304.965,0.407931
2668.9,304.966,0.382953
2669.0,304.966,0.359762
2669.1,304.966,0.351004
2669.2,304.966,0.343442
2669.3,304.966,0.335954
2669.4,304.966,0.32854
2669.5,304.966,0.321199
2669.6,304.966,0.313931
2669.7,304.966,0.306736
2669.8,304.966,0.299822
2669.9,304.966,0.293482
2670.0,304.965,0.287202
2670.1,304.965,0.281582
2670.2,304.965,0.277601
2670.3,304.965,0.273649
2670.4,304.965,0.269727
2670.5,304.965,0.265832
2670.6,304.965,0.261965
2670.7,304.965,0.258126
2670.8,304.965,0.254313
2670.9,304.964,0.250528
2671.0,304.964,0.247434
2671.1,304.964,0.245933
2671.2,304.964,0.245104
2671.3,304.964,0.244283
2671.4,304.964,0.243471
2671.5,304.964,0.242667
2671.6,304.963,0.24187
2671.7,304.963,0.24108
2671.8,304.963,0.240296
2671.9,304.963,0.239488
2672.0,304.963,0.238639
2672.1,304.963,0.23214
2672.2,304.962,0.225604
2672.3,304.962,0.219139
2672.4,304.962,0.212747
2672.5,304.962,0.206428
2672.6,304.962,0.200182
2672.7,304.961,0.194012
2672.8,304.961,0.187917
2672.9,304.961,0.181753
2673.0,304.961,0.175393
2673.1,304.96,0.167483
2673.2,304.96,0.159175
2673.3,304.96,0.151033
2673.4,304.959,0.143058
2673.5,304.959,0.135252
2673.6,304.959,0.127617
2673.7,304.958,0.120154
2673.8,304.958,0.112824
2673.9,304.958,0.105654
2674.0,304.957,0.098663
2674.1,304.957,0.091853
2674.2,304.957,0.085226
2674.3,304.956,0.078751
2674.4,304.956,0.072438
2674.5,304.955,0.066315
2674.6,304.955,0.060383
2674.7,304.954,0.054643
2674.8,304.954,0.049097
2674.9,304.953,0.043745
2675.0,304.953,0.038788
2675.1,304.952,0.034991
2675.2,304.952,0.031522
2675.3,304.951,0.028161
2675.4,304.951,0.024898
2675.5,304.95,0.021742
2675.6,304.95,0.018696
2675.7,304.949,0.015758
2675.8,304.949,0.012931
2675.9,304.948,0.010213
2676.0,304.948,0.007622
2676.1,304.947,0.012305
2676.2,304.947,0.017227
2676.3,304.946,0.02239
2676.4,304.946,0.027799
2676.5,304.945,0.033483
2676.6,304.944,0.039479
2676.7,304.944,0.045729
2676.8,304.943,0.052169
2676.9,304.943,0.058875
2677.0,304.943,0.06585
2677.1,304.942,0.073097
2677.2,304.942,0.08062
2677.3,304.941,0.088422
2677.4,304.941,0.096544
2677.5,304.94,0.104988
2677.6,304.94,0.113724
2677.7,304.94,0.122755
2677.8,304.939,0.132078
2677.9,304.939,0.141668
2678.0,304.939,0.151558
2678.1,304.938,0.160015
2678.2,304.938,0.168594
2678.3,304.938,0.177386
2678.4,304.937,0.186389
2678.5,304.937,0.195603
2678.6,304.937,0.205016
2678.7,304.937,0.214645
2678.8,304.937,0.224492
2678.9,304.936,0.234557
2679.0,304.936,0.244842
2679.1,304.936,0.218821
2679.2,304.936,0.194421
2679.3,304.936,0.171208
2679.4,304.935,0.148908
2679.5,304.935,0.127887
2679.6,304.935,0.108166
2679.7,304.934,0.089763
2679.8,304.934,0.07282
2679.9,304.933,0.057318
2680.0,304.933,0.043304
2680.1,304.932,0.042395
2680.2,304.932,0.041768
2680.3,304.931,0.041147
2680.4,304.931,0.040534
2680.5,304.93,0.039927
2680.6,304.93,0.039327
2680.7,304.93,0.038733
2680.8,304.929,0.038146
2680.9,304.929,0.037576
2681.0,304.928,0.036862
2681.1,304.928,0.049148
2681.2,304.927,0.062619
2681.3,304.927,0.076987
2681.4,304.926,0.092419
2681.5,304.926,0.109234
2681.6,304.925,0.127298
2681.7,304.925,0.146289
2681.8,304.925,0.166379
2681.9,304.924,0.187825
2682.0,304.924,0.210856
2682.1,304.924,0.21114
2682.2,304.924,0.211329
2682.3,304.924,0.211506
2682.4,304.923,0.211674
2682.5,304.923,0.211831
2682.6,304.923,0.211979
2682.7,304.923,0.212119
2682.8,304.922,0.212251
2682.9,304.922,0.212376
2683.0,304.922,0.212562
2683.1,304.922,0.215037
2683.2,304.922,0.21759
2683.3,304.921,0.220157
2683.4,304.921,0.222775
2683.5,304.921,0.225552
2683.6,304.921,0.228347
2683.7,304.921,0.231161
2683.8,304.921,0.233994
2683.9,304.92,0.236845
2684.0,304.92,0.239716
2684.1,304.92,0.244205
2684.2,304.92,0.2495
2684.3,304.92,0.254869
2684.4,304.92,0.260557
2684.5,304.919,0.266315
2684.6,304.919,0.272143
2684.7,304.919,0.278042
2684.8,304.919,0.284005
2684.9,304.919,0.289655
2685.0,304.919,0.29462
2685.1,304.919,0.293988
2685.2,304.919,0.291536
2685.3,304.919,0.288999
2685.4,304.919,0.286867
2685.5,304.919,0.284729
2685.6,304.919,0.282586
2685.7,304.918,0.280438
2685.8,304.918,0.278285
2685.9,304.918,0.276128
2686.0,304.918,0.273968
2686.1,304.918,0.271804
2686.2,304.918,0.269639
2686.3,304.918,0.267278
2686.4,304.918,0.264902
2686.5,304.918,0.262527
2686.6,304.917,0.260153
2686.7,304.917,0.25781
2686.8,304.917,0.255516
2686.9,304.917,0.253223
2687.0,304.917,0.249558
2687.1,304.917,0.242974
2687.2,304.917,0.235434
2687.3,304.916,0.228187
2687.4,304.916,0.221071
2687.5,304.916,0.213596
2687.6,304.916,0.206217
2687.7,304.916,0.198937
2687.8,304.915,0.191758
2687.9,304.915,0.185393
2688.0,304.915,0.179207
2688.1,304.915,0.173442
2688.2,304.914,0.16867
2688.3,304.914,0.163874
2688.4,304.914,0.159109
2688.5,304.914,0.154551
2688.6,304.913,0.150198
2688.7,304.913,0.145702
2688.8,304.913,0.141119
2688.9,304.912,0.136594
2689.0,304.912,0.132038
2689.1,304.912,0.123801
2689.2,304.911,0.115679
2689.3,304.911,0.107868
2689.4,304.911,0.100274
2689.5,304.91,0.0929
2689.6,304.91,0.085748
2689.7,304.909,0.078786
2689.8,304.909,0.072051
2689.9,304.908,0.065552
2690.0,304.908,0.059603
2690.1,304.908,0.054514
2690.2,304.907,0.049897
2690.3,304.907,0.04543
2690.4,304.906,0.041114
2690.5,304.906,0.036949
2690.6,304.905,0.032936
2690.7,304.905,0.029076
2690.8,304.904,0.02537
2690.9,304.904,0.021818
2691.0,304.903,0.01844
2691.1,304.903,0.016243
2691.2,304.902,0.014138
2691.3,304.902,0.012108
2691.4,304.901,0.010153
2691.5,304.9,0.008272
2691.6,304.9,0.006468
2691.7,304.899,0.004738
2691.8,304.899,0.003085
2691.9,304.898,0.001507
2692.0,304.898,0.0
2692.1,304.897,0.0003
2692.2,304.897,0.000594
2692.3,304.896,0.000887
2692.4,304.895,0.001178
2692.5,304.895,0.001468
2692.6,304.894,0.001757
2692.7,304.894,0.002045
2692.8,304.893,0.002332
2692.9,304.893,0.002619
2693.0,304.892,0.002909
2693.1,304.892,0.00398
2693.2,304.891,0.005075
2693.3,304.89,0.00619
2693.4,304.89,0.007326
2693.5,304.889,0.008483
2693.6,304.889,0.009661
2693.7,304.888,0.010862
2693.8,304.888,0.012085
2693.9,304.887,0.013331
2694.0,304.887,0.014643
2694.1,304.886,0.018359
2694.2,304.886,0.022334
2694.3,304.885,0.026528
2694.4,304.885,0.030944
2694.5,304.884,0.035585
2694.6,304.884,0.040454
2694.7,304.883,0.045553
2694.8,304.883,0.050884
2694.9,304.882,0.05645
2695.0,304.882,0.062126
2695.1,304.881,0.065798
2695.2,304.881,0.069429
2695.3,304.88,0.073146
2695.4,304.88,0.076949
2695.5,304.879,0.080841
2695.6,304.879,0.084821
2695.7,304.879,0.08889
2695.8,304.878,0.093048
2695.9,304.878,0.097166
2696.0,304.877,0.101311
2696.1,304.877,0.104658
2696.2,304.877,0.107726
2696.3,304.876,0.110837
2696.4,304.876,0.113992
2696.5,304.876,0.117191
2696.6,304.875,0.120435
2696.7,304.875,0.123723
2696.8,304.874,0.127055
2696.9,304.874,0.130433
2697.0,304.874,0.13384
2697.1,304.873,0.132196
2697.2,304.873,0.130534
2697.3,304.873,0.128872
2697.4,304.872,0.127209
2697.5,304.872,0.125547
2697.6,304.872,0.123886
2697.7,304.871,0.122227
2697.8,304.871,0.12057
2697.9,304.871,0.118915
2698.0,304.87,0.116764
2698.1,304.87,0.113947
2698.2,304.87,0.110663
2698.3,304.869,0.10741
2698.4,304.869,0.104192
2698.5,304.868,0.101007
2698.6,304.868,0.097858
2698.7,304.868,0.094744
2698.8,304.867,0.091667
2698.9,304.867,0.088628
2699.0,304.866,0.08549
2699.1,304.866,0.081165
2699.2,304.866,0.076797
2699.3,304.865,0.072524
2699.4,304.865,0.068347
2699.5,304.864,0.064268
2699.6,304.864,0.060288
2699.7,304.863,0.056408
2699.8,304.863,0.05263
2699.9,304.863,0.048953
2700.0,304.862,0.045254
2700.1,304.862,0.039333
2700.2,304.861,0.033612
2700.3,304.861,0.028222
2700.4,304.86,0.023165
2700.5,304.86,0.018444
2700.6,304.859,0.014064
2700.7,304.858,0.010027
2700.8,304.858,0.006336
2700.9,304.857,0.002994
2701.0,304.857,0.0
2701.1,304.856,0.0
2701.2,304.856,0.0
2701.3,304.855,0.0
2701.4,304.855,0.0
2701.5,304.854,0.0
2701.6,304.854,0.0
2701.7,304.853,0.0
2701.8,304.852,0.0
2701.9,304.852,0.0
2702.0,304.851,0.0
2702.1,304.851,0.0
2702.2,304.85,0.0
2702.3,304.85,0.0
2702.4,304.849,0.0
2702.5,304.849,0.0
2702.6,304.848,0.0
2702.7,304.847,0.0
2702.8,304.847,0.0
2702.9,304.846,0.0
2703.0,304.846,0.0
2703.1,304.845,0.0
2703.2,304.845,0.0
2703.3,304.844,0.0
2703.4,304.844,0.0
2703.5,304.843,0.0
2703.6,304.842,0.0
2703.7,304.842,0.0
2703.8,304.841,0.0
2703.9,304.841,0.0
2704.0,304.84,0.0
2704.1,304.84,0.0
2704.2,304.839,0.0
2704.3,304.839,0.0
2704.4,304.838,0.0
2704.5,304.837,0.0
2704.6,304.837,0.0
2704.7,304.836,0.0
2704.8,304.836,0.0
2704.9,304.835,0.0
2705.0,304.835,0.0
2705.1,304.834,0.0
2705.2,304.834,0.0
2705.3,304.833,0.0
2705.4,304.832,0.0
2705.5,304.832,0.0
2705.6,304.831,0.0
2705.7,304.831,0.0
2705.8,304.83,0.0
2705.9,304.83,0.0
2706.0,304.829,0.0
2706.1,304.829,0.001634
2706.2,304.828,0.003421
2706.3,304.828,0.005371
2706.4,304.827,0.007483
2706.5,304.826,0.009762
2706.6,304.826,0.012209
2706.7,304.825,0.014825
2706.8,304.825,0.017614
2706.9,304.824,0.020576
2707.0,304.824,0.023773
2707.1,304.823,0.028592
2707.2,304.823,0.033847
2707.3,304.822,0.039482
2707.4,304.822,0.045501
2707.5,304.821,0.051907
2707.6,304.821,0.058704
2707.7,304.82,0.065896
2707.8,304.82,0.073486
2707.9,304.82,0.081477
2708.0,304.819,0.090506
2708.1,304.819,0.108503
2708.2,304.818,0.128846
2708.3,304.818,0.150917
2708.4,304.818,0.174734
2708.5,304.817,0.200311
2708.6,304.817,0.227664
2708.7,304.817,0.256805
2708.8,304.817,0.28775
2708.9,304.817,0.320331
2709.0,304.817,0.352797
2709.1,304.817,0.383455
2709.2,304.817,0.412961
2709.3,304.817,0.443615
2709.4,304.817,0.475425
2709.5,304.818,0.508397
2709.6,304.818,0.542535
2709.7,304.818,0.577847
2709.8,304.819,0.614339
2709.9,304.819,0.652015
2710.0,304.82,0.689598
2710.1,304.82,0.685163
2710.2,304.821,0.679364
2710.3,304.821,0.673489
2710.4,304.822,0.667543
2710.5,304.823,0.661532
2710.6,304.823,0.655462
2710.7,304.824,0.649338
2710.8,304.824,0.643165
2710.9,304.825,0.636946
2711.0,304.825,0.627922
2711.1,304.826,0.590515
2711.2,304.826,0.551448
2711.3,304.826,0.513504
2711.4,304.827,0.476706
2711.5,304.827,0.441081
2711.6,304.827,0.406652
2711.7,304.827,0.37344
2711.8,304.827,0.341468
2711.9,304.827,0.310756
2712.0,304.827,0.282586
2712.1,304.827,0.28322
2712.2,304.827,0.285137
2712.3,304.827,0.287077
2712.4,304.827,0.28904
2712.5,304.827,0.291025
2712.6,304.827,0.293031
2712.7,304.827,0.295058
2712.8,304.827,0.297106
2712.9,304.827,0.299173
2713.0,304.827,0.302539
2713.1,304.827,0.342548
2713.2,304.827,0.386515
2713.3,304.827,0.433191
2713.4,304.827,0.482604
2713.5,304.827,0.534778
2713.6,304.828,0.589739
2713.7,304.828,0.647509
2713.8,304.829,0.708113
2713.9,304.829,0.771571
2714.0,304.83,0.834475
2714.1,304.831,0.779004
2714.2,304.832,0.721909
2714.3,304.832,0.666652
2714.4,304.833,0.613278
2714.5,304.833,0.561826
2714.6,304.834,0.512337
2714.7,304.834,0.464847
2714.8,304.834,0.419392
2714.9,304.834,0.376007
2715.0,304.834,0.33616
2715.1,304.834,0.336554
2715.2,304.834,0.338403
2715.3,304.834,0.340274
2715.4,304.834,0.342167
2715.5,304.834,0.344082
2715.6,304.834,0.346016
2715.7,304.834,0.34797
2715.8,304.834,0.349943
2715.9,304.835,0.351935
2716.0,304.835,0.352697
2716.1,304.835,0.322139
2716.2,304.835,0.29164
2716.3,304.835,0.262461
2716.4,304.834,0.234623
2716.5,304.834,0.208144
2716.6,304.834,0.18304
2716.7,304.834,0.159331
2716.8,304.834,0.137032
2716.9,304.833,0.116158
2717.0,304.833,0.096845
2717.1,304.832,0.100862
2717.2,304.832,0.105084
2717.3,304.832,0.109392
2717.4,304.831,0.113789
2717.5,304.831,0.118275
2717.6,304.831,0.122852
2717.7,304.83,0.127519
2717.8,304.83,0.132284
2717.9,304.83,0.137145
2718.0,304.829,0.142099
2718.1,304.829,0.14732
2718.2,304.829,0.152668
2718.3,304.828,0.158118
2718.4,304.828,0.163671
2718.5,304.828,0.169327
2718.6,304.828,0.175086
2718.7,304.827,0.18095
2718.8,304.827,0.186918
2718.9,304.827,0.192991
2719.0,304.827,0.199418
2719.1,304.826,0.212097
2719.2,304.826,0.225433
2719.3,304.826,0.239181
2719.4,304.826,0.253344
2719.5,304.826,0.267926
2719.6,304.826,0.282929
2719.7,304.825,0.298357
2719.8,304.825,0.314213
2719.9,304.825,0.330499
2720.0,304.825,0.348996
2720.1,304.825,0.37128
2720.2,304.826,0.396172
2720.3,304.826,0.421905
2720.4,304.826,0.448484
2720.5,304.826,0.475916
2720.6,304.826,0.504205
2720.7,304.827,0.533357
2720.8,304.827,0.563378
2720.9,304.827,0.593705
2721.0,304.828,0.622705
2721.1,304.828,0.625077
2721.2,304.829,0.624078
2721.3,304.829,0.623033
2721.4,304.83,0.621944
2721.5,304.83,0.620815
2721.6,304.831,0.619647
2721.7,304.831,0.618442
2721.8,304.832,0.617203
2721.9,304.832,0.61593
2722.0,304.833,0.61401
2722.1,304.833,0.605075
2722.2,304.833,0.595537
2722.3,304.834,0.586012
2722.4,304.834,0.576506
2722.5,304.835,0.567021
2722.6,304.835,0.557562
2722.7,304.835,0.548129
2722.8,304.836,0.538727
2722.9,304.836,0.529359
2723.0,304.837,0.517388
2723.1,304.837,0.448141
2723.2,304.837,0.381051
2723.3,304.837,0.318818
2723.4,304.837,0.261511
2723.5,304.837,0.209197
2723.6,304.837,0.161941
2723.7,304.836,0.119803
2723.8,304.836,0.082842
2723.9,304.836,0.051117
2724.0,304.835,0.024769
2724.1,304.835,0.021731
2724.2,304.834,0.01889
2724.3,304.834,0.016158
2724.4,304.833,0.013534
2724.5,304.833,0.011016
2724.6,304.832,0.008605
2724.7,304.832,0.006299
2724.8,304.831,0.004098
2724.9,304.831,0.002001
2725.0,304.83,0.0
2725.1,304.829,0.003693
2725.2,304.829,0.007578
2725.3,304.828,0.011667
2725.4,304.828,0.015966
2725.5,304.827,0.020479
2725.6,304.827,0.025212
2725.7,304.826,0.030168
2725.8,304.826,0.035352
2725.9,304.825,0.040767
2726.0,304.825,0.046352
2726.1,304.824,0.046014
2726.2,304.824,0.045614
2726.3,304.823,0.045216
2726.4,304.823,0.044821
2726.5,304.822,0.044429
2726.6,304.822,0.04404
2726.7,304.821,0.043653
2726.8,304.821,0.043269
2726.9,304.82,0.042887
2727.0,304.82,0.042647
2727.1,304.82,0.045561
2727.2,304.819,0.048687
2727.3,304.819,0.051886
2727.4,304.818,0.055159
2727.5,304.818,0.058507
2727.6,304.817,0.06193
2727.7,304.817,0.06543
2727.8,304.816,0.069007
2727.9,304.816,0.072663
2728.0,304.815,0.076345
2728.1,304.815,0.076109
2728.2,304.815,0.075821
2728.3,304.814,0.075532
2728.4,304.814,0.075243
2728.5,304.813,0.074953
2728.6,304.813,0.074662
2728.7,304.812,0.074372
2728.8,304.812,0.07408
2728.9,304.812,0.073789
2729.0,304.811,0.07375
2729.1,304.811,0.074565
2729.2,304.81,0.075639
2729.3,304.81,0.076722
2729.4,304.809,0.077812
2729.5,304.809,0.078911
2729.6,304.809,0.080017
2729.7,304.808,0.081131
2729.8,304.808,0.082254
2729.9,304.807,0.083384
2730.0,304.807,0.084019
2730.1,304.807,0.082894
2730.2,304.806,0.081275
2730.3,304.806,0.079666
2730.4,304.805,0.078068
2730.5,304.805,0.076479
2730.6,304.804,0.074901
2730.7,304.804,0.073333
2730.8,304.804,0.071777
2730.9,304.803,0.070232
2731.0,304.803,0.069003
2731.1,304.802,0.068408
2731.2,304.802,0.068117
2731.3,304.801,0.067827
2731.4,304.801,0.067538
2731.5,304.801,0.067249
2731.6,304.8,0.066962
2731.7,304.8,0.066675
2731.8,304.799,0.066389
2731.9,304.799,0.066104
2732.0,304.798,0.065578
2732.1,304.798,0.06063
2732.2,304.797,0.055601
2732.3,304.797,0.050735
2732.4,304.797,0.046034
2732.5,304.796,0.0415
2732.6,304.796,0.037136
2732.7,304.795,0.032942
2732.8,304.795,0.028922
2732.9,304.794,0.025076
2733.0,304.794,0.021478
2733.1,304.793,0.018805
2733.2,304.793,0.016304
2733.3,304.792,0.013905
2733.4,304.792,0.011607
2733.5,304.791,0.009413
2733.6,304.79,0.007322
2733.7,304.79,0.005335
2733.8,304.789,0.003453
2733.9,304.789,0.001677
2734.0,304.788,0.0
2734.1,304.788,0.000813
2734.2,304.787,0.001631
2734.3,304.787,0.002462
2734.4,304.786,0.003306
2734.5,304.786,0.004164
2734.6,304.785,0.005035
2734.7,304.784,0.005921
2734.8,304.784,0.006821
2734.9,304.783,0.007737
2735.0,304.783,0.008671
2735.1,304.782,0.010362
2735.2,304.782,0.012112
2735.3,304.781,0.01392
2735.4,304.781,0.015785
2735.5,304.78,0.017709
2735.6,304.78,0.019693
2735.7,304.779,0.021738
2735.8,304.779,0.023844
2735.9,304.778,0.026012
2736.0,304.778,0.02809
2736.1,304.777,0.028867
2736.2,304.777,0.029495
2736.3,304.776,0.030129
2736.4,304.776,0.030767
2736.5,304.775,0.03141
2736.6,304.775,0.032058
2736.7,304.774,0.032711
2736.8,304.774,0.033369
2736.9,304.773,0.034024
2737.0,304.773,0.034566
2737.1,304.772,0.03452
2737.2,304.772,0.03434
2737.3,304.771,0.034159
2737.4,304.771,0.033979
2737.5,304.77,0.033798
2737.6,304.77,0.033617
2737.7,304.769,0.033401
2737.8,304.769,0.033182
2737.9,304.768,0.032964
2738.0,304.768,0.032747
2738.1,304.767,0.03186
2738.2,304.767,0.03084
2738.3,304.766,0.02983
2738.4,304.766,0.028833
2738.5,304.765,0.027847
2738.6,304.765,0.026873
2738.7,304.764,0.025911
2738.8,304.764,0.024962
2738.9,304.763,0.024025
2739.0,304.763,0.023178
2739.1,304.762,0.025154
2739.2,304.762,0.027269
2739.3,304.761,0.029446
2739.4,304.761,0.031685
2739.5,304.76,0.033987
2739.6,304.76,0.036353
2739.7,304.759,0.038784
2739.8,304.759,0.041279
2739.9,304.758,0.043803
2740.0,304.758,0.046256
2740.1,304.757,0.048235
2740.2,304.757,0.050032
2740.3,304.756,0.051859
2740.4,304.756,0.053717
2740.5,304.756,0.055605
2740.6,304.755,0.057524
2740.7,304.755,0.059474
2740.8,304.754,0.061455
2740.9,304.754,0.063324
2741.0,304.753,0.065143
2741.1,304.753,0.065489
2741.2,304.752,0.065465
2741.3,304.752,0.065439
2741.4,304.752,0.065412
2741.5,304.751,0.065382
2741.6,304.751,0.065352
2741.7,304.75,0.06532
2741.8,304.75,0.065286
2741.9,304.749,0.06543
2742.0,304.749,0.065614
2742.1,304.749,0.066268
2742.2,304.748,0.067327
2742.3,304.748,0.068396
2742.4,304.747,0.069476
2742.5,304.747,0.070567
2742.6,304.746,0.071669
2742.7,304.746,0.072779
2742.8,304.746,0.0739
2742.9,304.745,0.075029
2743.0,304.745,0.076168
2743.1,304.744,0.077323
2743.2,304.744,0.07852
2743.3,304.743,0.079727
2743.4,304.743,0.080945
2743.5,304.743,0.082173
2743.6,304.742,0.083411
2743.7,304.742,0.08466
2743.8,304.741,0.085919
2743.9,304.741,0.087189
2744.0,304.741,0.088469
2744.1,304.74,0.089769
2744.2,304.74,0.091126
2744.3,304.739,0.092495
2744.4,304.739,0.093876
2744.5,304.739,0.095269
2744.6,304.738,0.096673
2744.7,304.738,0.098089
2744.8,304.737,0.099517
2744.9,304.737,0.100956
2745.0,304.737,0.102514
2745.1,304.736,0.110753
2745.2,304.736,0.11942
2745.3,304.736,0.128413
2745.4,304.735,0.137734
2745.5,304.735,0.147387
2745.6,304.735,0.157372
2745.7,304.734,0.167693
2745.8,304.734,0.178352
2745.9,304.734,0.189273
2746.0,304.734,0.199587
2746.1,304.733,0.201916
2746.2,304.733,0.203138
2746.3,304.733,0.204356
2746.4,304.733,0.20557
2746.5,304.733,0.206782
2746.6,304.732,0.207991
2746.7,304.732,0.209197
2746.8,304.732,0.210402
2746.9,304.732,0.211605
2747.0,304.732,0.21244
2747.1,304.731,0.206296
2747.2,304.731,0.199849
2747.3,304.731,0.193469
2747.4,304.731,0.187157
2747.5,304.731,0.180915
2747.6,304.73,0.174748
2747.7,304.73,0.168656
2747.8,304.73,0.162642
2747.9,304.73,0.156707
2748.0,304.729,0.150574
2748.1,304.729,0.143017
2748.2,304.729,0.135348
2748.3,304.728,0.127849
2748.4,304.728,0.120525
2748.5,304.728,0.113376
2748.6,304.727,0.106406
2748.7,304.727,0.099618
2748.8,304.727,0.093015
2748.9,304.726,0.086597
2749.0,304.726,0.080018
2749.1,304.725,0.069284
2749.2,304.725,0.058881
2749.3,304.725,0.049167
2749.4,304.724,0.04015
2749.5,304.724,0.031838
2749.6,304.723,0.024237
2749.7,304.723,0.017355
2749.8,304.722,0.011199
2749.9,304.722,0.005775
2750.0,304.721,0.001094
2750.1,304.721,0.000973
2750.2,304.72,0.000857
2750.3,304.719,0.000744
2750.4,304.719,0.000632
2750.5,304.718,0.000523
2750.6,304.718,0.000416
2750.7,304.717,0.00031
2750.8,304.717,0.000206
2750.9,304.716,0.000102
2751.0,304.716,0.0
2751.1,304.715,0.0
2751.2,304.715,0.0
2751.3,304.714,0.0
2751.4,304.713,0.0
2751.5,304.713,0.0
2751.6,304.712,0.0
2751.7,304.712,0.0
2751.8,304.711,0.0
2751.9,304.711,0.0
2752.0,304.71,0.0
2752.1,304.71,0.0
2752.2,304.709,0.0
2752.3,304.709,0.0
2752.4,304.708,0.0
2752.5,304.707,0.0
2752.6,304.707,0.0
2752.7,304.706,0.0
2752.8,304.706,0.0
2752.9,304.705,0.0
2753.0,304.705,0.0
2753.1,304.704,0.0
2753.2,304.704,0.0
2753.3,304.703,0.0
2753.4,304.703,0.0
2753.5,304.702,0.0
2753.6,304.702,0.0
2753.7,304.701,0.0
2753.8,304.7,0.0
2753.9,304.7,0.0
2754.0,304.699,0.0
2754.1,304.699,0.0
2754.2,304.698,0.0
2754.3,304.698,0.0
2754.4,304.697,0.0
2754.5,304.697,0.0
2754.6,304.696,0.0
2754.7,304.696,0.0
2754.8,304.695,0.0
2754.9,304.695,0.0
2755.0,304.694,0.0
2755.1,304.693,0.0
2755.2,304.693,0.0
2755.3,304.692,0.0
2755.4,304.692,0.0
2755.5,304.691,0.0
2755.6,304.691,0.0
2755.7,304.69,0.0
2755.8,304.69,0.0
2755.9,304.689,0.0
2756.0,304.689,0.0
2756.1,304.688,0.0
2756.2,304.687,0.0
2756.3,304.687,0.0
2756.4,304.686,0.0
2756.5,304.686,0.0
2756.6,304.685,0.0
2756.7,304.685,0.0
2756.8,304.684,0.0
2756.9,304.684,0.0
2757.0,304.683,0.0
2757.1,304.683,0.002118
2757.2,304.682,0.004539
2757.3,304.682,0.007275
2757.4,304.681,0.010328
2757.5,304.68,0.013704
2757.6,304.68,0.017405
2757.7,304.679,0.021435
2757.8,304.679,0.025799
2757.9,304.678,0.030498
2758.0,304.678,0.035684
2758.1,304.678,0.04563
2758.2,304.677,0.056861
2758.3,304.677,0.069242
2758.4,304.676,0.082785
2758.5,304.676,0.0975
2758.6,304.675,0.113397
2758.7,304.675,0.130488
2758.8,304.675,0.148781
2758.9,304.674,0.168525
2759.0,304.674,0.1897
2759.1,304.674,0.21383
2759.2,304.674,0.24021
2759.3,304.674,0.268167
2759.4,304.674,0.297714
2759.5,304.673,0.328862
2759.6,304.674,0.36162
2759.7,304.674,0.396001
2759.8,304.674,0.432014
2759.9,304.674,0.469669
2760.0,304.674,0.508918
2760.1,304.674,0.538227
2760.2,304.675,0.56834
2760.3,304.675,0.599318
2760.4,304.676,0.631166
2760.5,304.676,0.663885
2760.6,304.677,0.697482
2760.7,304.677,0.731958
2760.8,304.678,0.767316
2760.9,304.679,0.803561
2761.0,304.68,0.836038
2761.1,304.68,0.847081
2761.2,304.681,0.853441
2761.3,304.682,0.859761
2761.4,304.683,0.866042
2761.5,304.684,0.872289
2761.6,304.685,0.878504
2761.7,304.686,0.88469
2761.8,304.687,0.890849
2761.9,304.688,0.896982
2762.0,304.689,0.900077
2762.1,304.69,0.890011
2762.2,304.691,0.876916
2762.3,304.692,0.863805
2762.4,304.692,0.850683
2762.5,304.693,0.837559
2762.6,304.694,0.824437
2762.7,304.695,0.811324
2762.8,304.696,0.798225
2762.9,304.697,0.785146
2763.0,304.697,0.767979
2763.1,304.698,0.736375
2763.2,304.699,0.701336
2763.3,304.699,0.666975
2763.4,304.7,0.633308
2763.5,304.701,0.600352
2763.6,304.701,0.568126
2763.7,304.701,0.536935
2763.8,304.702,0.506481
2763.9,304.702,0.476778
2764.0,304.702,0.447837
2764.1,304.703,0.423452
2764.2,304.703,0.400699
2764.3,304.703,0.37848
2764.4,304.703,0.3568
2764.5,304.703,0.335667
2764.6,304.703,0.315089
2764.7,304.703,0.295181
2764.8,304.703,0.275951
2764.9,304.703,0.25728
2765.0,304.703,0.239175
2765.1,304.703,0.222117
2765.2,304.702,0.206287
2765.3,304.702,0.190961
2765.4,304.702,0.176144
2765.5,304.702,0.16184
2765.6,304.702,0.148053
2765.7,304.701,0.134788
2765.8,304.701,0.122049
2765.9,304.701,0.109839
2766.0,304.7,0.098489
2766.1,304.7,0.095326
2766.2,304.699,0.09253
2766.3,304.699,0.089776
2766.4,304.699,0.087063
2766.5,304.698,0.08439
2766.6,304.698,0.081758
2766.7,304.697,0.079165
2766.8,304.697,0.076611
2766.9,304.697,0.074025
2767.0,304.696,0.07121
2767.1,304.696,0.067959
2767.2,304.695,0.06438
2767.3,304.695,0.060878
2767.4,304.695,0.057455
2767.5,304.694,0.05411
2767.6,304.694,0.050843
2767.7,304.693,0.047655
2767.8,304.693,0.044545
2767.9,304.692,0.041515
2768.0,304.692,0.038553
2768.1,304.691,0.034739
2768.2,304.691,0.031054
2768.3,304.69,0.027508
2768.4,304.69,0.024101
2768.5,304.689,0.020835
2768.6,304.689,0.01771
2768.7,304.688,0.014728
2768.8,304.688,0.011888
2768.9,304.687,0.009192
2769.0,304.687,0.006659
2769.1,304.686,0.005898
2769.2,304.686,0.005173
2769.3,304.685,0.004467
2769.4,304.685,0.003778
2769.5,304.684,0.003106
2769.6,304.684,0.002452
2769.7,304.683,0.001815
2769.8,304.683,0.001195
2769.9,304.682,0.000592
2770.0,304.681,0.0
2770.1,304.681,0.0
2770.2,304.68,0.0
2770.3,304.68,0.0
2770.4,304.679,0.0
2770.5,304.679,0.0
2770.6,304.678,0.0
2770.7,304.678,0.0
2770.8,304.677,0.0
2770.9,304.677,0.0
2771.0,304.676,0.0
2771.1,304.676,0.0
2771.2,304.675,0.0
2771.3,304.674,0.0
2771.4,304.674,0.0
2771.5,304.673,0.0
2771.6,304.673,0.0
2771.7,304.672,0.0
2771.8,304.672,0.0
2771.9,304.671,0.0
2772.0,304.671,0.0
2772.1,304.67,0.0
2772.2,304.67,0.0
2772.3,304.669,0.0
2772.4,304.669,0.0
2772.5,304.668,0.0
2772.6,304.667,0.0
2772.7,304.667,0.0
2772.8,304.666,0.0
2772.9,304.666,0.0
2773.0,304.665,0.0
2773.1,304.665,0.0
2773.2,304.664,0.0
2773.3,304.664,0.0
2773.4,304.663,0.0
2773.5,304.663,0.0
2773.6,304.662,0.0
2773.7,304.662,0.0
2773.8,304.661,0.0
2773.9,304.66,0.0
2774.0,304.66,0.0
2774.1,304.659,0.0
2774.2,304.659,0.0
2774.3,304.658,0.0
2774.4,304.658,0.0
2774.5,304.657,0.0
2774.6,304.657,0.0
2774.7,304.656,0.0
2774.8,304.656,0.0
2774.9,304.655,0.0
2775.0,304.655,0.0
2775.1,304.654,0.0
2775.2,304.653,0.0
2775.3,304.653,0.0
2775.4,304.652,0.0
2775.5,304.652,0.0
2775.6,304.651,0.0
2775.7,304.651,0.0
2775.8,304.65,0.0
2775.9,304.65,0.0
2776.0,304.649,0.0
2776.1,304.649,0.0
2776.2,304.648,0.0
2776.3,304.648,0.0
2776.4,304.647,0.0
2776.5,304.646,0.0
2776.6,304.646,0.0
2776.7,304.645,0.0
2776.8,304.645,0.0
2776.9,304.644,0.0
2777.0,304.644,0.0
2777.1,304.643,0.0
2777.2,304.643,0.0
2777.3,304.642,0.0
2777.4,304.642,0.0
2777.5,304.641,0.0
2777.6,304.641,0.0
2777.7,304.64,0.0
2777.8,304.639,0.0
2777.9,304.639,0.0
2778.0,304.638,0.0
2778.1,304.638,0.0
2778.2,304.637,0.0
2778.3,304.637,0.0
2778.4,304.636,0.0
2778.5,304.636,0.0
2778.6,304.635,0.0
2778.7,304.635,0.0
2778.8,304.634,0.0
2778.9,304.634,0.0
2779.0,304.633,0.0
2779.1,304.632,0.0
2779.2,304.632,0.0
2779.3,304.631,0.0
2779.4,304.631,0.0
2779.5,304.63,0.0
2779.6,304.63,0.0
2779.7,304.629,0.0
2779.8,304.629,0.0
2779.9,304.628,0.0
2780.0,304.628,0.0
2780.1,304.627,0.0
2780.2,304.627,0.0
2780.3,304.626,0.0
2780.4,304.626,0.0
2780.5,304.625,0.0
2780.6,304.624,0.0
2780.7,304.624,0.0
2780.8,304.623,0.0
2780.9,304.623,0.0
2781.0,304.622,0.0
2781.1,304.622,0.0
2781.2,304.621,0.0
2781.3,304.621,0.0
2781.4,304.62,0.0
2781.5,304.62,0.0
2781.6,304.619,0.0
2781.7,304.619,0.0
2781.8,304.618,0.0
2781.9,304.617,0.0
2782.0,304.617,0.0
2782.1,304.616,0.0
2782.2,304.616,0.0
2782.3,304.615,0.0
2782.4,304.615,0.0
2782.5,304.614,0.0
2782.6,304.614,0.0
2782.7,304.613,0.0
2782.8,304.613,0.0
2782.9,304.612,0.0
2783.0,304.612,0.0
2783.1,304.611,0.0
2783.2,304.611,0.0
2783.3,304.61,0.0
2783.4,304.609,0.0
2783.5,304.609,0.0
2783.6,304.608,0.0
2783.7,304.608,0.0
2783.8,304.607,0.0
2783.9,304.607,0.0
2784.0,304.606,0.0
2784.1,304.606,0.0
2784.2,304.605,0.0
2784.3,304.605,0.0
2784.4,304.604,0.0
2784.5,304.604,0.0
2784.6,304.603,0.0
2784.7,304.603,0.0
2784.8,304.602,0.0
2784.9,304.601,0.0
2785.0,304.601,0.0
2785.1,304.6,0.0
2785.2,304.6,0.0
2785.3,304.599,0.0
2785.4,304.599,0.0
2785.5,304.598,0.0
2785.6,304.598,0.0
2785.7,304.597,0.0
2785.8,304.597,0.0
2785.9,304.596,0.0
2786.0,304.596,0.0
2786.1,304.595,0.0
2786.2,304.595,0.0
2786.3,304.594,0.0
2786.4,304.593,0.0
2786.5,304.593,0.0
2786.6,304.592,0.0
2786.7,304.592,0.0
2786.8,304.591,0.0
2786.9,304.591,0.0
2787.0,304.59,0.0
2787.1,304.59,0.0
2787.2,304.589,0.0
2787.3,304.589,0.0
2787.4,304.588,0.0
2787.5,304.588,0.0
2787.6,304.587,0.0
2787.7,304.587,0.0
2787.8,304.586,0.0
2787.9,304.585,0.0
2788.0,304.585,0.0
2788.1,304.584,0.0
2788.2,304.584,0.0
2788.3,304.583,0.0
2788.4,304.583,0.0
2788.5,304.582,0.0
2788.6,304.582,0.0
2788.7,304.581,0.0
2788.8,304.581,0.0
2788.9,304.58,0.0
2789.0,304.58,0.0
2789.1,304.579,0.0
2789.2,304.579,0.0
2789.3,304.578,0.0
2789.4,304.578,0.0
2789.5,304.577,0.0
2789.6,304.576,0.0
2789.7,304.576,0.0
2789.8,304.575,0.0
2789.9,304.575,0.0
2790.0,304.574,0.0
2790.1,304.574,0.0
2790.2,304.573,0.0
2790.3,304.573,0.0
2790.4,304.572,0.0
2790.5,304.572,0.0
2790.6,304.571,0.0
2790.7,304.571,0.0
2790.8,304.57,0.0
2790.9,304.57,0.0
2791.0,304.569,0.0
2791.1,304.568,0.0
2791.2,304.568,0.0
2791.3,304.567,0.0
2791.4,304.567,0.0
2791.5,304.566,0.0
2791.6,304.566,0.0
2791.7,304.565,0.0
2791.8,304.565,0.0
2791.9,304.564,0.0
2792.0,304.564,0.0
2792.1,304.563,0.0
2792.2,304.563,0.0
2792.3,304.562,0.0
2792.4,304.562,0.0
2792.5,304.561,0.0
2792.6,304.561,0.0
2792.7,304.56,0.0
2792.8,304.559,0.0
2792.9,304.559,0.0
2793.0,304.558,0.0
2793.1,304.558,0.0
2793.2,304.557,0.0
2793.3,304.557,0.0
2793.4,304.556,0.0
2793.5,304.556,0.0
2793.6,304.555,0.0
2793.7,304.555,0.0
2793.8,304.554,0.0
2793.9,304.554,0.0
2794.0,304.553,0.0
2794.1,304.553,0.0
2794.2,304.552,0.0
2794.3,304.552,0.0
2794.4,304.551,0.0
2794.5,304.55,0.0
2794.6,304.55,0.0
2794.7,304.549,0.0
2794.8,304.549,0.0
2794.9,304.548,0.0
2795.0,304.548,0.0
2795.1,304.547,0.0
2795.2,304.547,0.0
2795.3,304.546,0.0
2795.4,304.546,0.0
2795.5,304.545,0.0
2795.6,304.545,0.0
2795.7,304.544,0.0
2795.8,304.544,0.0
2795.9,304.543,0.0
2796.0,304.543,0.0
2796.1,304.542,0.0
2796.2,304.542,0.0
2796.3,304.541,0.0
2796.4,304.54,0.0
2796.5,304.54,0.0
2796.6,304.539,0.0
2796.7,304.539,0.0
2796.8,304.538,0.0
2796.9,304.538,0.0
2797.0,304.537,0.0
2797.1,304.537,0.0
2797.2,304.536,0.0
2797.3,304.536,0.0
2797.4,304.535,0.0
2797.5,304.535,0.0
2797.6,304.534,0.0
2797.7,304.534,0.0
2797.8,304.533,0.0
2797.9,304.533,0.0
2798.0,304.532,0.0
2798.1,304.531,0.0
2798.2,304.531,0.0
2798.3,304.53,0.0
2798.4,304.53,0.0
2798.5,304.529,0.0
2798.6,304.529,0.0
2798.7,304.528,0.0
2798.8,304.528,0.0
2798.9,304.527,0.0
2799.0,304.527,0.0
2799.1,304.526,0.0
2799.2,304.526,0.0
2799.3,304.525,0.0
2799.4,304.525,0.0
2799.5,304.524,0.0
2799.6,304.524,0.0
2799.7,304.523,0.0
2799.8,304.523,0.0
2799.9,304.522,0.0
2800.0,304.521,0.0
2800.1,304.521,0.0
2800.2,304.52,0.0
2800.3,304.52,0.0
2800.4,304.519,0.0
2800.5,304.519,0.0
2800.6,304.518,0.0
2800.7,304.518,0.0
2800.8,304.517,0.0
2800.9,304.517,0.0
2801.0,304.516,0.0
2801.1,304.516,0.0
2801.2,304.515,0.0
2801.3,304.515,0.0
2801.4,304.514,0.0
2801.5,304.514,0.0
2801.6,304.513,0.0
2801.7,304.513,0.0
2801.8,304.512,0.0
2801.9,304.511,0.0
2802.0,304.511,0.0
2802.1,304.51,0.0
2802.2,304.51,0.0
2802.3,304.509,0.0
2802.4,304.509,0.0
2802.5,304.508,0.0
2802.6,304.508,0.0
2802.7,304.507,0.0
2802.8,304.507,0.0
2802.9,304.506,0.0
2803.0,304.506,0.0
2803.1,304.505,0.0
2803.2,304.505,0.0
2803.3,304.504,0.0
2803.4,304.504,0.0
2803.5,304.503,0.0
2803.6,304.503,0.0
2803.7,304.502,0.0
2803.8,304.502,0.0
2803.9,304.501,0.0
2804.0,304.5,0.0
2804.1,304.5,0.0
2804.2,304.499,0.0
2804.3,304.499,0.0
2804.4,304.498,0.0
2804.5,304.498,0.0
2804.6,304.497,0.0
2804.7,304.497,0.0
2804.8,304.496,0.0
2804.9,304.496,0.0
2805.0,304.495,0.0
2805.1,304.495,0.0
2805.2,304.494,0.0
2805.3,304.494,0.0
2805.4,304.493,0.0
2805.5,304.493,0.0
2805.6,304.492,0.0
2805.7,304.492,0.0
2805.8,304.491,0.0
2805.9,304.491,0.0
2806.0,304.49,0.0
2806.1,304.489,0.0
2806.2,304.489,0.0
2806.3,304.488,0.0
2806.4,304.488,0.0
2806.5,304.487,0.0
2806.6,304.487,0.0
2806.7,304.486,0.0
2806.8,304.486,0.0
2806.9,304.485,0.0
2807.0,304.485,0.0
2807.1,304.484,0.0
2807.2,304.484,0.0
2807.3,304.483,0.0
2807.4,304.483,0.0
2807.5,304.482,0.0
2807.6,304.482,0.0
2807.7,304.481,0.0
2807.8,304.481,0.0
2807.9,304.48,0.0
2808.0,304.48,0.0
2808.1,304.479,0.0
2808.2,304.478,0.0
2808.3,304.478,0.0
2808.4,304.477,0.0
2808.5,304.477,0.0
2808.6,304.476,0.0
2808.7,304.476,0.0
2808.8,304.475,0.0
2808.9,304.475,0.0
2809.0,304.474,0.0
2809.1,304.474,0.0
2809.2,304.473,0.0
2809.3,304.473,0.0
2809.4,304.472,0.0
2809.5,304.472,0.0
2809.6,304.471,0.0
2809.7,304.471,0.0
2809.8,304.47,0.0
2809.9,304.47,0.0
2810.0,304.469,0.0
2810.1,304.469,0.0
2810.2,304.468,0.0
2810.3,304.468,0.0
2810.4,304.467,0.0
2810.5,304.466,0.0
2810.6,304.466,0.0
2810.7,304.465,0.0
2810.8,304.465,0.0
2810.9,304.464,0.0
2811.0,304.464,0.0
2811.1,304.463,0.0
2811.2,304.463,0.0
2811.3,304.462,0.0
2811.4,304.462,0.0
2811.5,304.461,0.0
2811.6,304.461,0.0
2811.7,304.46,0.0
2811.8,304.46,0.0
2811.9,304.459,0.0
2812.0,304.459,0.0
2812.1,304.458,0.0
2812.2,304.458,0.0
2812.3,304.457,0.0
2812.4,304.457,0.0
2812.5,304.456,0.0
2812.6,304.456,0.0
2812.7,304.455,0.0
2812.8,304.454,0.0
2812.9,304.454,0.0
2813.0,304.453,0.0
2813.1,304.453,0.0
2813.2,304.452,0.0
2813.3,304.452,0.0
2813.4,304.451,0.0
2813.5,304.451,0.0
2813.6,304.45,0.0
2813.7,304.45,0.0
2813.8,304.449,0.0
2813.9,304.449,0.0
2814.0,304.448,0.0
2814.1,304.448,0.0
2814.2,304.447,0.0
2814.3,304.447,0.0
2814.4,304.446,0.0
2814.5,304.446,0.0
2814.6,304.445,0.0
2814.7,304.445,0.0
2814.8,304.444,0.0
2814.9,304.444,0.0
2815.0,304.443,0.0
2815.1,304.443,0.0
2815.2,304.442,0.0
2815.3,304.442,0.0
2815.4,304.441,0.0
2815.5,304.44,0.0
2815.6,304.44,0.0
2815.7,304.439,0.0
2815.8,304.439,0.0
2815.9,304.438,0.0
2816.0,304.438,0.0
2816.1,304.437,0.0
2816.2,304.437,0.0
2816.3,304.436,0.0
2816.4,304.436,0.0
2816.5,304.435,0.0
2816.6,304.435,0.0
2816.7,304.434,0.0
2816.8,304.434,0.0
2816.9,304.433,0.0
2817.0,304.433,0.0
2817.1,304.432,0.0
2817.2,304.432,0.0
2817.3,304.431,0.0
2817.4,304.431,0.0
2817.5,304.43,0.0
2817.6,304.43,0.0
2817.7,304.429,0.0
2817.8,304.429,0.0
2817.9,304.428,0.0
2818.0,304.427,0.0
2818.1,304.427,0.0
2818.2,304.426,0.0
2818.3,304.426,0.0
2818.4,304.425,0.0
2818.5,304.425,0.0
2818.6,304.424,0.0
2818.7,304.424,0.0
2818.8,304.423,0.0
2818.9,304.423,0.0
2819.0,304.422,0.0
2819.1,304.422,0.0
2819.2,304.421,0.0
2819.3,304.421,0.0
2819.4,304.42,0.0
2819.5,304.42,0.0
2819.6,304.419,0.0
2819.7,304.419,0.0
2819.8,304.418,0.0
2819.9,304.418,0.0
2820.0,304.417,0.0
2820.1,304.417,0.0
2820.2,304.416,0.0
2820.3,304.416,0.0
2820.4,304.415,0.0
2820.5,304.415,0.0
2820.6,304.414,0.0
2820.7,304.414,0.0
2820.8,304.413,0.0
2820.9,304.412,0.0
2821.0,304.412,0.0
2821.1,304.411,0.0
2821.2,304.411,0.0
2821.3,304.41,0.0
2821.4,304.41,0.0
2821.5,304.409,0.0
2821.6,304.409,0.0
2821.7,304.408,0.0
2821.8,304.408,0.0
2821.9,304.407,0.0
2822.0,304.407,0.0
2822.1,304.406,0.0
2822.2,304.406,0.0
2822.3,304.405,0.0
2822.4,304.405,0.0
2822.5,304.404,0.0
2822.6,304.404,0.0
2822.7,304.403,0.0
2822.8,304.403,0.0
2822.9,304.402,0.0
2823.0,304.402,0.0
2823.1,304.401,0.0
2823.2,304.401,0.0
2823.3,304.4,0.0
2823.4,304.4,0.0
2823.5,304.399,0.0
2823.6,304.399,0.0
2823.7,304.398,0.0
2823.8,304.398,0.0
2823.9,304.397,0.0
2824.0,304.396,0.0
2824.1,304.396,0.0
2824.2,304.395,0.0
2824.3,304.395,0.0
2824.4,304.394,0.0
2824.5,304.394,0.0
2824.6,304.393,0.0
2824.7,304.393,0.0
2824.8,304.392,0.0
2824.9,304.392,0.0
2825.0,304.391,0.0
2825.1,304.391,0.0
2825.2,304.39,0.0
2825.3,304.39,0.0
2825.4,304.389,0.0
2825.5,304.389,0.0
2825.6,304.388,0.0
2825.7,304.388,0.0
2825.8,304.387,0.0
2825.9,304.387,0.0
2826.0,304.386,0.0
2826.1,304.386,4.5e-05
2826.2,304.385,8.9e-05
2826.3,304.385,0.000132
2826.4,304.384,0.000177
2826.5,304.384,0.000224
2826.6,304.383,0.000272
2826.7,304.383,0.000322
2826.8,304.382,0.000373
2826.9,304.382,0.000427
2827.0,304.381,0.000483
2827.1,304.381,0.000893
2827.2,304.38,0.00138
2827.3,304.38,0.001944
2827.4,304.379,0.002587
2827.5,304.378,0.003309
2827.6,304.378,0.004111
2827.7,304.377,0.004993
2827.8,304.377,0.005958
2827.9,304.376,0.007004
2828.0,304.376,0.008172
2828.1,304.375,0.010756
2828.2,304.375,0.013739
2828.3,304.374,0.017086
2828.4,304.374,0.020799
2828.5,304.374,0.024882
2828.6,304.373,0.029338
2828.7,304.373,0.034171
2828.8,304.372,0.039384
2828.9,304.372,0.044978
2829.0,304.371,0.050717
2829.1,304.371,0.056333
2829.2,304.37,0.061991
2829.3,304.37,0.067932
2829.4,304.37,0.074158
2829.5,304.369,0.080672
2829.6,304.369,0.087473
2829.7,304.368,0.094565
2829.8,304.368,0.101949
2829.9,304.368,0.109626
2830.0,304.367,0.117057
2830.1,304.367,0.121257
2830.2,304.367,0.124972
2830.3,304.366,0.128743
2830.4,304.366,0.132568
2830.5,304.366,0.136448
2830.6,304.366,0.140383
2830.7,304.365,0.144375
2830.8,304.365,0.148408
2830.9,304.365,0.152071
2831.0,304.365,0.155778
2831.1,304.364,0.159529
2831.2,304.364,0.162522
2831.3,304.364,0.165478
2831.4,304.364,0.168456
2831.5,304.363,0.171458
2831.6,304.363,0.174483
2831.7,304.363,0.177532
2831.8,304.363,0.180605
2831.9,304.362,0.18378
2832.0,304.362,0.18719
2832.1,304.362,0.190632
2832.2,304.362,0.194104
2832.3,304.362,0.197709
2832.4,304.361,0.201406
2832.5,304.361,0.205138
2832.6,304.361,0.208906
2832.7,304.361,0.212713
2832.8,304.361,0.216556
2832.9,304.361,0.220435
2833.0,304.36,0.224349
2833.1,304.36,0.228306
2833.2,304.36,0.232318
2833.3,304.36,0.236367
2833.4,304.36,0.240454
2833.5,304.36,0.244577
2833.6,304.36,0.248737
2833.7,304.36,0.252934
2833.8,304.36,0.257169
2833.9,304.36,0.261371
2834.0,304.359,0.265502
2834.1,304.359,0.26277
2834.2,304.359,0.259779
2834.3,304.359,0.25678
2834.4,304.359,0.253772
2834.5,304.359,0.250757
2834.6,304.359,0.247737
2834.7,304.359,0.244712
2834.8,304.359,0.241684
2834.9,304.359,0.238655
2835.0,304.359,0.235921
2835.1,304.358,0.233204
2835.2,304.358,0.230485
2835.3,304.358,0.227765
2835.4,304.358,0.225107
2835.5,304.358,0.222475
2835.6,304.358,0.219843
2835.7,304.358,0.217212
2835.8,304.357,0.214778
2835.9,304.357,0.212574
2836.0,304.357,0.21037
2836.1,304.357,0.208165
2836.2,304.357,0.206921
2836.3,304.357,0.205708
2836.4,304.356,0.204492
2836.5,304.356,0.203273
2836.6,304.356,0.202051
2836.7,304.356,0.200827
2836.8,304.356,0.1996
2836.9,304.356,0.19837
2837.0,304.355,0.197565
2837.1,304.355,0.203596
2837.2,304.355,0.210177
2837.3,304.355,0.216882
2837.4,304.355,0.223712
2837.5,304.355,0.230668
2837.6,304.355,0.237763
2837.7,304.354,0.244985
2837.8,304.354,0.252333
2837.9,304.354,0.259808
2838.0,304.354,0.267411
2838.1,304.354,0.276001
2838.2,304.354,0.284825
2838.3,304.354,0.293808
2838.4,304.354,0.302951
2838.5,304.354,0.312254
2838.6,304.354,0.321719
2838.7,304.354,0.331344
2838.8,304.354,0.341131
2838.9,304.354,0.350796
2839.0,304.354,0.35946
2839.1,304.354,0.366518
2839.2,304.354,0.371891
2839.3,304.354,0.377306
2839.4,304.355,0.382761
2839.5,304.355,0.388258
2839.6,304.355,0.393795
2839.7,304.355,0.399373
2839.8,304.355,0.404992
2839.9,304.355,0.410653
2840.0,304.355,0.416284
2840.1,304.356,0.415241
2840.2,304.356,0.414105
2840.3,304.356,0.412948
2840.4,304.356,0.411771
2840.5,304.356,0.410575
2840.6,304.357,0.409361
2840.7,304.357,0.408129
2840.8,304.357,0.40688
2840.9,304.357,0.405616
2841.0,304.357,0.401744
2841.1,304.357,0.392482
2841.2,304.358,0.38075
2841.3,304.358,0.369136
2841.4,304.358,0.357641
2841.5,304.358,0.346268
2841.6,304.358,0.335025
2841.7,304.358,0.323915
2841.8,304.358,0.312727
2841.9,304.358,0.301476
2842.0,304.358,0.290382
2842.1,304.358,0.279279
2842.2,304.358,0.266882
2842.3,304.358,0.254711
2842.4,304.358,0.243008
2842.5,304.358,0.231829
2842.6,304.358,0.220651
2842.7,304.357,0.209489
2842.8,304.357,0.198834
2842.9,304.357,0.188615
2843.0,304.357,0.17862
2843.1,304.357,0.169914
2843.2,304.356,0.162229
2843.3,304.356,0.154692
2843.4,304.356,0.147304
2843.5,304.356,0.140067
2843.6,304.355,0.132981
2843.7,304.355,0.126048
2843.8,304.355,0.11927
2843.9,304.354,0.112648
2844.0,304.354,0.106641
2844.1,304.354,0.104848
2844.2,304.353,0.103524
2844.3,304.353,0.102211
2844.4,304.353,0.100909
2844.5,304.352,0.099618
2844.6,304.352,0.098336
2844.7,304.352,0.097065
2844.8,304.351,0.095803
2844.9,304.351,0.09455
2845.0,304.351,0.093507
2845.1,304.35,0.094562
2845.2,304.35,0.095831
2845.3,304.35,0.097114
2845.4,304.349,0.098411
2845.5,304.349,0.099722
2845.6,304.349,0.101047
2845.7,304.348,0.102386
2845.8,304.348,0.103738
2845.9,304.348,0.105104
2846.0,304.347,0.10604
2846.1,304.347,0.1066
2846.2,304.347,0.106719
2846.3,304.346,0.10682
2846.4,304.346,0.106829
2846.5,304.346,0.107021
2846.6,304.345,0.107313
2846.7,304.345,0.107453
2846.8,304.345,0.107503
2846.9,304.344,0.107603
2847.0,304.344,0.107546
2847.1,304.344,0.102428
2847.2,304.343,0.097197
2847.3,304.343,0.092072
2847.4,304.343,0.087019
2847.5,304.342,0.082072
2847.6,304.342,0.077237
2847.7,304.341,0.072516
2847.8,304.341,0.067955
2847.9,304.341,0.063588
2848.0,304.34,0.059127
2848.1,304.34,0.052843
2848.2,304.339,0.0468
2848.3,304.339,0.040979
2848.4,304.339,0.03539
2848.5,304.338,0.030094
2848.6,304.338,0.025094
2848.7,304.337,0.020391
2848.8,304.337,0.015988
2848.9,304.336,0.01189
2849.0,304.336,0.008122
2849.1,304.335,0.007188
2849.2,304.335,0.006288
2849.3,304.334,0.005413
2849.4,304.334,0.004563
2849.5,304.333,0.003739
2849.6,304.333,0.00294
2849.7,304.332,0.002173
2849.8,304.332,0.001427
2849.9,304.331,0.000705
2850.0,304.331,0.0
2850.1,304.33,0.0
2850.2,304.33,0.0
2850.3,304.329,0.0
2850.4,304.329,0.0
2850.5,304.328,0.0
2850.6,304.328,0.0
2850.7,304.327,0.0
2850.8,304.327,0.0
2850.9,304.326,0.0
2851.0,304.326,0.0
2851.1,304.325,0.0
2851.2,304.324,0.0
2851.3,304.324,0.0
2851.4,304.323,0.0
2851.5,304.323,0.0
2851.6,304.322,0.0
2851.7,304.322,0.0
2851.8,304.321,0.0
2851.9,304.321,0.0
2852.0,304.32,0.0
2852.1,304.32,0.0
2852.2,304.319,0.0
2852.3,304.319,0.0
2852.4,304.318,0.0
2852.5,304.318,0.0
2852.6,304.317,0.0
2852.7,304.317,0.0
2852.8,304.316,0.0
2852.9,304.316,0.0
2853.0,304.315,0.0
2853.1,304.315,0.0
2853.2,304.314,0.0
2853.3,304.314,0.0
2853.4,304.313,0.0
2853.5,304.313,0.0
2853.6,304.312,0.0
2853.7,304.312,0.0
2853.8,304.311,0.0
2853.9,304.311,0.0
2854.0,304.31,0.0
2854.1,304.31,0.0
2854.2,304.309,0.0
2854.3,304.309,0.0
2854.4,304.308,0.0
2854.5,304.308,0.0
2854.6,304.307,0.0
2854.7,304.307,0.0
2854.8,304.306,0.0
2854.9,304.306,0.0
2855.0,304.305,0.0
2855.1,304.305,0.0
2855.2,304.304,0.0
2855.3,304.304,0.0
2855.4,304.303,0.0
2855.5,304.303,0.0
2855.6,304.302,0.0
2855.7,304.302,0.0
2855.8,304.301,0.0
2855.9,304.301,0.0
2856.0,304.3,0.0
2856.1,304.3,0.0
2856.2,304.299,0.0
2856.3,304.299,0.0
2856.4,304.298,0.0
2856.5,304.297,0.0
2856.6,304.297,0.0
2856.7,304.296,0.0
2856.8,304.296,0.0
2856.9,304.295,0.0
2857.0,304.295,0.0
2857.1,304.294,0.0
2857.2,304.294,0.0
2857.3,304.293,0.0
2857.4,304.293,0.0
2857.5,304.292,0.0
2857.6,304.292,0.0
2857.7,304.291,0.0
2857.8,304.291,0.0
2857.9,304.29,0.0
2858.0,304.29,0.0
2858.1,304.289,0.0
2858.2,304.289,0.0
2858.3,304.288,0.0
2858.4,304.288,0.0
2858.5,304.287,0.0
2858.6,304.287,0.0
2858.7,304.286,0.0
2858.8,304.286,0.0
2858.9,304.285,0.0
2859.0,304.285,0.0
2859.1,304.284,0.0
2859.2,304.284,0.0
2859.3,304.283,0.0
2859.4,304.283,0.0
2859.5,304.282,0.0
2859.6,304.282,0.0
2859.7,304.281,0.0
2859.8,304.281,0.0
2859.9,304.28,0.0
2860.0,304.28,0.0
2860.1,304.279,0.0
2860.2,304.279,0.0
2860.3,304.278,0.0
2860.4,304.278,0.0
2860.5,304.277,0.0
2860.6,304.277,0.0
2860.7,304.276,0.0
2860.8,304.276,0.0
2860.9,304.275,0.0
2861.0,304.275,0.0
2861.1,304.274,0.000328
2861.2,304.274,0.000656
2861.3,304.273,0.00099
2861.4,304.273,0.001332
2861.5,304.272,0.001681
2861.6,304.272,0.002037
2861.7,304.271,0.002401
2861.8,304.271,0.002773
2861.9,304.27,0.003155
2862.0,304.27,0.003547
2862.1,304.269,0.004039
2862.2,304.269,0.004551
2862.3,304.268,0.005076
2862.4,304.268,0.005614
2862.5,304.267,0.006167
2862.6,304.267,0.006732
2862.7,304.266,0.007312
2862.8,304.266,0.007905
2862.9,304.265,0.008521
2863.0,304.265,0.009186
2863.1,304.264,0.011645
2863.2,304.264,0.014364
2863.3,304.263,0.017294
2863.4,304.263,0.020437
2863.5,304.262,0.023795
2863.6,304.262,0.027371
2863.7,304.261,0.031166
2863.8,304.261,0.035183
2863.9,304.26,0.039463
2864.0,304.26,0.044019
2864.1,304.26,0.04941
2864.2,304.259,0.055244
2864.3,304.259,0.061392
2864.4,304.258,0.067858
2864.5,304.258,0.074643
2864.6,304.258,0.081751
2864.7,304.257,0.089182
2864.8,304.257,0.09694
2864.9,304.256,0.105026
2865.0,304.256,0.113289
2865.1,304.256,0.115051
2865.2,304.256,0.116665
2865.3,304.255,0.118285
2865.4,304.255,0.119911
2865.5,304.255,0.121543
2865.6,304.254,0.123181
2865.7,304.254,0.124826
2865.8,304.254,0.126478
2865.9,304.253,0.128138
2866.0,304.253,0.128986
2866.1,304.253,0.11969
2866.2,304.253,0.109921
2866.3,304.252,0.100502
2866.4,304.252,0.09144
2866.5,304.252,0.082742
2866.6,304.251,0.074414
2866.7,304.251,0.066464
2866.8,304.25,0.058897
2866.9,304.25,0.051719
2867.0,304.25,0.045091
2867.1,304.249,0.042844
2867.2,304.249,0.040791
2867.3,304.248,0.038779
2867.4,304.248,0.036808
2867.5,304.247,0.034878
2867.6,304.247,0.032989
2867.7,304.246,0.031142
2867.8,304.246,0.029338
2867.9,304.246,0.027575
2868.0,304.245,0.025901
2868.1,304.245,0.027976
2868.2,304.244,0.030167
2868.3,304.244,0.032431
2868.4,304.243,0.034768
2868.5,304.243,0.037179
2868.6,304.242,0.039665
2868.7,304.242,0.042227
2868.8,304.242,0.044865
2868.9,304.241,0.04758
2869.0,304.241,0.050525
2869.1,304.24,0.056536
2869.2,304.24,0.063034
2869.3,304.239,0.069871
2869.4,304.239,0.077049
2869.5,304.239,0.084572
2869.6,304.238,0.092442
2869.7,304.238,0.100663
2869.8,304.238,0.109093
2869.9,304.237,0.117811
2870.0,304.237,0.126871
2870.1,304.237,0.134593
2870.2,304.236,0.141939
2870.3,304.236,0.14949
2870.4,304.236,0.157247
2870.5,304.236,0.165211
2870.6,304.235,0.173564
2870.7,304.235,0.182149
2870.8,304.235,0.190955
2870.9,304.235,0.199983
2871.0,304.235,0.209232
2871.1,304.235,0.218704
2871.2,304.234,0.228842
2871.3,304.234,0.239562
2871.4,304.234,0.250544
2871.5,304.234,0.26179
2871.6,304.234,0.273301
2871.7,304.234,0.285078
2871.8,304.234,0.297123
2871.9,304.234,0.309993
2872.0,304.234,0.323875
2872.1,304.234,0.34044
2872.2,304.234,0.3594
2872.3,304.234,0.378912
2872.4,304.234,0.398978
2872.5,304.234,0.419601
2872.6,304.235,0.440784
2872.7,304.235,0.462529
2872.8,304.235,0.484839
2872.9,304.235,0.507717
2873.0,304.236,0.533381
2873.1,304.236,0.562896
2873.2,304.237,0.595608
2873.3,304.237,0.629315
2873.4,304.238,0.66402
2873.5,304.238,0.69973
2873.6,304.239,0.736448
2873.7,304.24,0.774181
2873.8,304.24,0.812931
2873.9,304.241,0.852705
2874.0,304.242,0.890585
2874.1,304.243,0.91322
2874.2,304.244,0.933158
2874.3,304.245,0.953309
2874.4,304.246,0.973674
2874.5,304.248,0.994256
2874.6,304.249,1.015055
2874.7,304.25,1.036072
2874.8,304.251,1.057308
2874.9,304.252,1.078765
2875.0,304.254,1.093866
2875.1,304.255,1.097868
2875.2,304.256,1.095231
2875.3,304.258,1.092511
2875.4,304.259,1.089712
2875.5,304.26,1.086839
2875.6,304.262,1.083895
2875.7,304.263,1.080882
2875.8,304.264,1.077806
2875.9,304.265,1.072831
2876.0,304.267,1.066974
2876.1,304.268,1.055964
2876.2,304.269,1.040486
2876.3,304.271,1.025016
2876.4,304.272,1.00956
2876.5,304.273,0.994125
2876.6,304.274,0.978777
2876.7,304.275,0.963805
2876.8,304.276,0.948863
2876.9,304.277,0.933955
2877.0,304.278,0.919086
2877.1,304.28,0.906964
2877.2,304.281,0.896498
2877.3,304.282,0.886038
2877.4,304.282,0.875587
2877.5,304.283,0.865147
2877.6,304.284,0.85472
2877.7,304.285,0.844307
2877.8,304.286,0.833911
2877.9,304.287,0.823533
2878.0,304.288,0.815291
2878.1,304.289,0.814901
2878.2,304.29,0.816627
2878.3,304.291,0.818358
2878.4,304.291,0.820095
2878.5,304.292,0.821837
2878.6,304.293,0.823582
2878.7,304.294,0.825331
2878.8,304.295,0.827083
2878.9,304.296,0.828837
2879.0,304.297,0.826592
2879.1,304.298,0.802226
2879.2,304.298,0.77423
2879.3,304.299,0.746602
2879.4,304.3,0.71935
2879.5,304.301,0.692485
2879.6,304.301,0.666012
2879.7,304.302,0.639942
2879.8,304.302,0.61428
2879.9,304.303,0.589035
2880.0,304.303,0.562691
2880.1,304.304,0.532554
2880.2,304.304,0.501661
2880.3,304.305,0.471542
2880.4,304.305,0.442207
2880.5,304.305,0.413666
2880.6,304.305,0.385929
2880.7,304.305,0.359006
2880.8,304.305,0.332961
2880.9,304.306,0.307983
2881.0,304.306,0.283826
2881.1,304.306,0.260498
2881.2,304.305,0.238009
2881.3,304.305,0.216524
2881.4,304.305,0.195953
2881.5,304.305,0.176224
2881.6,304.305,0.157344
2881.7,304.305,0.139321
2881.8,304.304,0.122161
2881.9,304.304,0.105874
2882.0,304.304,0.090539
2882.1,304.303,0.078801
2882.2,304.303,0.067717
2882.3,304.303,0.057208
2882.4,304.302,0.047277
2882.5,304.302,0.037927
2882.6,304.301,0.029162
2882.7,304.301,0.020984
2882.8,304.3,0.013397
2882.9,304.3,0.006404
2883.0,304.299,0.0
2883.1,304.299,0.0
2883.2,304.298,0.0
2883.3,304.298,0.0
2883.4,304.297,0.0
2883.5,304.297,0.0
2883.6,304.296,0.0
2883.7,304.296,0.0
2883.8,304.295,0.0
2883.9,304.295,0.0
2884.0,304.294,0.0
2884.1,304.294,0.003168
2884.2,304.293,0.006445
2884.3,304.293,0.009845
2884.4,304.292,0.013369
2884.5,304.292,0.017021
2884.6,304.291,0.020803
2884.7,304.291,0.024717
2884.8,304.29,0.028765
2884.9,304.29,0.03295
2885.0,304.289,0.037327
2885.1,304.289,0.044865
2885.2,304.289,0.052864
2885.3,304.288,0.061277
2885.4,304.288,0.070109
2885.5,304.287,0.079364
2885.6,304.287,0.089048
2885.7,304.287,0.099164
2885.8,304.286,0.109718
2885.9,304.286,0.120713
2886.0,304.286,0.132111
2886.1,304.285,0.133926
2886.2,304.285,0.135707
2886.3,304.285,0.137497
2886.4,304.285,0.139295
2886.5,304.284,0.141103
2886.6,304.284,0.142921
2886.7,304.284,0.144747
2886.8,304.283,0.146584
2886.9,304.283,0.14843
2887.0,304.283,0.150244
2887.1,304.283,0.1504
2887.2,304.282,0.15051
2887.3,304.282,0.150616
2887.4,304.282,0.150718
2887.5,304.282,0.150817
2887.6,304.281,0.150913
2887.7,304.281,0.151006
2887.8,304.281,0.151096
2887.9,304.281,0.150995
2888.0,304.28,0.150798
2888.1,304.28,0.149522
2888.2,304.28,0.147777
2888.3,304.28,0.146035
2888.4,304.279,0.144295
2888.5,304.279,0.142559
2888.6,304.279,0.140826
2888.7,304.278,0.139097
2888.8,304.278,0.137372
2888.9,304.278,0.135821
2889.0,304.278,0.1343
2889.1,304.277,0.133889
2889.2,304.277,0.133839
2889.3,304.277,0.13379
2889.4,304.277,0.133741
2889.5,304.276,0.133692
2889.6,304.276,0.133643
2889.7,304.276,0.133594
2889.8,304.275,0.133546
2889.9,304.275,0.133497
2890.0,304.275,0.133881
2890.1,304.275,0.138631
2890.2,304.274,0.143907
2890.3,304.274,0.149278
2890.4,304.274,0.154745
2890.5,304.273,0.160309
2890.6,304.273,0.16597
2890.7,304.273,0.171728
2890.8,304.273,0.177585
2890.9,304.273,0.183541
2891.0,304.272,0.190136
2891.1,304.272,0.204352
2891.2,304.272,0.219632
2891.3,304.272,0.235444
2891.4,304.272,0.251791
2891.5,304.272,0.268677
2891.6,304.272,0.286106
2891.7,304.272,0.304036
2891.8,304.272,0.322483
2891.9,304.272,0.34148
2892.0,304.272,0.36103
2892.1,304.272,0.380353
2892.2,304.272,0.399877
2892.3,304.272,0.419907
2892.4,304.272,0.440447
2892.5,304.272,0.461498
2892.6,304.273,0.483064
2892.7,304.273,0.505148
2892.8,304.273,0.527751
2892.9,304.274,0.550876
2893.0,304.274,0.572823
2893.1,304.275,0.569227
2893.2,304.275,0.563898
2893.3,304.275,0.558537
2893.4,304.276,0.553147
2893.5,304.276,0.547733
2893.6,304.277,0.542296
2893.7,304.277,0.536839
2893.8,304.278,0.531365
2893.9,304.278,0.525877
2894.0,304.278,0.518919
2894.1,304.279,0.503542
2894.2,304.279,0.486896
2894.3,304.279,0.47044
2894.4,304.28,0.45418
2894.5,304.28,0.438122
2894.6,304.28,0.422272
2894.7,304.28,0.406663
2894.8,304.28,0.391402
2894.9,304.281,0.37636
2895.0,304.281,0.36154
2895.1,304.281,0.347786
2895.2,304.281,0.334701
2895.3,304.281,0.321809
2895.4,304.281,0.309112
2895.5,304.281,0.296614
2895.6,304.281,0.284317
2895.7,304.281,0.272226
2895.8,304.281,0.260342
2895.9,304.281,0.248668
2896.0,304.281,0.236917
2896.1,304.281,0.222773
2896.2,304.28,0.208704
2896.3,304.28,0.195006
2896.4,304.28,0.181682
2896.5,304.28,0.168737
2896.6,304.28,0.156174
2896.7,304.279,0.143998
2896.8,304.279,0.132212
2896.9,304.279,0.120819
2897.0,304.279,0.10964
2897.1,304.278,0.095494
2897.2,304.278,0.08191
2897.3,304.277,0.06908
2897.4,304.277,0.057011
2897.5,304.277,0.045709
2897.6,304.276,0.035181
2897.7,304.276,0.025434
2897.8,304.275,0.016473
2897.9,304.275,0.008305
2898.0,304.274,0.00094
2898.1,304.274,0.000838
2898.2,304.273,0.000741
2898.3,304.273,0.000645
2898.4,304.272,0.00055
2898.5,304.272,0.000456
2898.6,304.271,0.000363
2898.7,304.271,0.000269
2898.8,304.27,0.000177
2898.9,304.27,8.8e-05
2899.0,304.269,0.0
2899.1,304.269,0.0
2899.2,304.268,0.0
2899.3,304.268,0.0
2899.4,304.267,0.0
2899.5,304.267,0.0
2899.6,304.266,0.0
2899.7,304.266,0.0
2899.8,304.265,0.0
2899.9,304.265,0.0
2900.0,304.264,0.0
2900.1,304.264,0.004304
2900.2,304.263,0.008861
2900.3,304.263,0.013727
2900.4,304.262,0.018892
2900.5,304.262,0.024361
2900.6,304.261,0.030138
2900.7,304.261,0.036227
2900.8,304.26,0.042632
2900.9,304.26,0.049357
2901.0,304.26,0.05655
2901.1,304.259,0.067451
2901.2,304.259,0.079218
2901.3,304.258,0.091715
2901.4,304.258,0.104948
2901.5,304.258,0.118926
2901.6,304.257,0.133655
2901.7,304.257,0.149142
2901.8,304.257,0.165405
2901.9,304.257,0.182704
2902.0,304.256,0.200803
2902.1,304.256,0.22189
2902.2,304.256,0.244622
2902.3,304.256,0.268422
2902.4,304.256,0.293299
2902.5,304.256,0.31926
2902.6,304.256,0.346312
2902.7,304.256,0.374464
2902.8,304.256,0.403722
2902.9,304.256,0.434093
2903.0,304.257,0.463491
2903.1,304.257,0.491712
2903.2,304.257,0.518582
2903.3,304.257,0.546193
2903.4,304.258,0.574548
2903.5,304.258,0.603652
2903.6,304.259,0.633506
2903.7,304.259,0.664116
2903.8,304.26,0.695485
2903.9,304.261,0.727616
2904.0,304.261,0.757083
2904.1,304.262,0.748991
2904.2,304.263,0.737454
2904.3,304.264,0.725897
2904.4,304.264,0.714328
2904.5,304.265,0.702752
2904.6,304.266,0.691176
2904.7,304.266,0.679607
2904.8,304.267,0.668051
2904.9,304.268,0.656511
2905.0,304.268,0.642429
2905.1,304.269,0.612259
2905.2,304.269,0.580196
2905.3,304.27,0.548813
2905.4,304.27,0.518126
2905.5,304.27,0.488151
2905.6,304.271,0.458901
2905.7,304.271,0.430392
2905.8,304.271,0.402636
2905.9,304.271,0.375645
2906.0,304.271,0.350543
2906.1,304.272,0.330093
2906.2,304.272,0.311199
2906.3,304.272,0.292762
2906.4,304.272,0.274788
2906.5,304.272,0.257282
2906.6,304.271,0.240251
2906.7,304.271,0.223698
2906.8,304.271,0.20763
2906.9,304.271,0.192051
2907.0,304.271,0.176208
2907.1,304.271,0.159706
2907.2,304.27,0.143046
2907.3,304.27,0.126824
2907.4,304.27,0.11156
2907.5,304.27,0.097061
2907.6,304.269,0.083316
2907.7,304.269,0.070332
2907.8,304.268,0.058115
2907.9,304.268,0.046671
2908.0,304.268,0.036116
2908.1,304.267,0.031699
2908.2,304.267,0.027548
2908.3,304.266,0.023554
2908.4,304.266,0.019718
2908.5,304.265,0.016039
2908.6,304.265,0.012517
2908.7,304.264,0.009153
2908.8,304.264,0.005946
2908.9,304.263,0.002898
2909.0,304.263,0.0
2909.1,304.262,0.003052
2909.2,304.262,0.006205
2909.3,304.261,0.00947
2909.4,304.261,0.012849
2909.5,304.26,0.016346
2909.6,304.26,0.019962
2909.7,304.259,0.023701
2909.8,304.259,0.027564
2909.9,304.259,0.031555
2910.0,304.258,0.035706
2910.1,304.258,0.04589
2910.2,304.257,0.056855
2910.3,304.257,0.068579
2910.4,304.256,0.081071
2910.5,304.256,0.094341
2910.6,304.256,0.108396
2910.7,304.255,0.123246
2910.8,304.255,0.138898
2910.9,304.255,0.15536
2911.0,304.255,0.173374
2911.1,304.254,0.19777
2911.2,304.254,0.224454
2911.3,304.254,0.252711
2911.4,304.254,0.282553
2911.5,304.254,0.313995
2911.6,304.254,0.347049
2911.7,304.254,0.381728
2911.8,304.254,0.418044
2911.9,304.254,0.456664
2912.0,304.255,0.497643
2912.1,304.255,0.547585
2912.2,304.255,0.602141
2912.3,304.256,0.659329
2912.4,304.256,0.71917
2912.5,304.257,0.78168
2912.6,304.258,0.846877
2912.7,304.259,0.914779
2912.8,304.26,0.985401
2912.9,304.261,1.05876
2913.0,304.262,1.130765
2913.1,304.264,1.1508
2913.2,304.265,1.166795
2913.3,304.266,1.182843
2913.4,304.268,1.198946
2913.5,304.269,1.215109
2913.6,304.271,1.231334
2913.7,304.272,1.247623
2913.8,304.274,1.263981
2913.9,304.276,1.280408
2914.0,304.277,1.291035
2914.1,304.279,1.239685
2914.2,304.281,1.183415
2914.3,304.282,1.12811
2914.4,304.283,1.073803
2914.5,304.285,1.020523
2914.6,304.286,0.9683
2914.7,304.287,0.917162
2914.8,304.288,0.867135
2914.9,304.289,0.818418
2915.0,304.29,0.771753
2915.1,304.291,0.726213
2915.2,304.291,0.681998
2915.3,304.292,0.639422
2915.4,304.292,0.597993
2915.5,304.293,0.55773
2915.6,304.293,0.518651
2915.7,304.294,0.480771
2915.8,304.294,0.444107
2915.9,304.294,0.408674
2916.0,304.294,0.375873
2916.1,304.295,0.351794
2916.2,304.295,0.329689
2916.3,304.295,0.308182
2916.4,304.295,0.287279
2916.5,304.295,0.266984
2916.6,304.295,0.247303
2916.7,304.295,0.228241
2916.8,304.294,0.209793
2916.9,304.294,0.191741
2917.0,304.294,0.174339
2917.1,304.294,0.155248
2917.2,304.294,0.136586
2917.3,304.293,0.118833
2917.4,304.293,0.101997
2917.5,304.293,0.086085
2917.6,304.292,0.071103
2917.7,304.292,0.057059
2917.8,304.292,0.043959
2917.9,304.291,0.03181
2918.0,304.291,0.020632
2918.1,304.29,0.020019
2918.2,304.29,0.01943
2918.3,304.289,0.018851
2918.4,304.289,0.018281
2918.5,304.288,0.01772
2918.6,304.288,0.017167
2918.7,304.287,0.016622
2918.8,304.287,0.016085
2918.9,304.286,0.015556
2919.0,304.286,0.015075
2919.1,304.285,0.020384
2919.2,304.285,0.025952
2919.3,304.284,0.031746
2919.4,304.284,0.037767
2919.5,304.284,0.044022
2919.6,304.283,0.050512
2919.7,304.283,0.057244
2919.8,304.282,0.064219
2919.9,304.282,0.071441
2920.0,304.281,0.07883
2920.1,304.281,0.081687
2920.2,304.281,0.084496
2920.3,304.28,0.08734
2920.4,304.28,0.090219
2920.5,304.28,0.093136
2920.6,304.279,0.096088
2920.7,304.279,0.099077
2920.8,304.279,0.102104
2920.9,304.278,0.105168
2921.0,304.278,0.108125
2921.1,304.278,0.102383
2921.2,304.277,0.09661
2921.3,304.277,0.090954
2921.4,304.277,0.085415
2921.5,304.276,0.079996
2921.6,304.276,0.074699
2921.7,304.275,0.069525
2921.8,304.275,0.064476
2921.9,304.275,0.059554
2922.0,304.274,0.054681
2922.1,304.274,0.048022
2922.2,304.273,0.041558
2922.3,304.273,0.035369
2922.4,304.272,0.02946
2922.5,304.272,0.023832
2922.6,304.272,0.018489
2922.7,304.271,0.013432
2922.8,304.271,0.008665
2922.9,304.27,0.004189
2923.0,304.27,0.0
2923.1,304.269,0.0
2923.2,304.269,0.0
2923.3,304.268,0.0
2923.4,304.268,0.0
2923.5,304.267,0.0
2923.6,304.267,0.0
2923.7,304.266,0.0
2923.8,304.266,0.0
2923.9,304.265,0.0
2924.0,304.265,0.0
2924.1,304.264,0.0
2924.2,304.264,0.0
2924.3,304.263,0.0
2924.4,304.263,0.0
2924.5,304.262,0.0
2924.6,304.261,0.0
2924.7,304.261,0.0
2924.8,304.26,0.0
2924.9,304.26,0.0
2925.0,304.259,0.0
2925.1,304.259,0.0
2925.2,304.258,0.0
2925.3,304.258,0.0
2925.4,304.257,0.0
2925.5,304.257,0.0
2925.6,304.256,0.0
2925.7,304.256,0.0
2925.8,304.255,0.0
2925.9,304.255,0.0
2926.0,304.254,0.0
2926.1,304.254,0.0
2926.2,304.253,0.0
2926.3,304.253,0.0
2926.4,304.252,0.0
2926.5,304.252,0.0
2926.6,304.251,0.0
2926.7,304.251,0.0
2926.8,304.25,0.0
2926.9,304.25,0.0
2927.0,304.249,0.0
2927.1,304.249,0.0
2927.2,304.248,0.0
2927.3,304.248,0.0
2927.4,304.247,0.0
2927.5,304.247,0.0
2927.6,304.246,0.0
2927.7,304.246,0.0
2927.8,304.245,0.0
2927.9,304.245,0.0
2928.0,304.244,0.0
2928.1,304.244,0.0
2928.2,304.243,0.0
2928.3,304.243,0.0
2928.4,304.242,0.0
2928.5,304.242,0.0
2928.6,304.241,0.0
2928.7,304.241,0.0
2928.8,304.24,0.0
2928.9,304.24,0.0
2929.0,304.239,0.0
2929.1,304.239,0.0
2929.2,304.238,0.0
2929.3,304.238,0.0
2929.4,304.237,0.0
2929.5,304.237,0.0
2929.6,304.236,0.0
2929.7,304.236,0.0
2929.8,304.235,0.0
2929.9,304.235,0.0
2930.0,304.234,0.0
2930.1,304.234,0.0
2930.2,304.233,0.0
2930.3,304.233,0.0
2930.4,304.232,0.0
2930.5,304.232,0.0
2930.6,304.231,0.0
2930.7,304.231,0.0
2930.8,304.23,0.0
2930.9,304.23,0.0
2931.0,304.229,0.0
2931.1,304.229,0.0
2931.2,304.228,0.0
2931.3,304.228,0.0
2931.4,304.227,0.0
2931.5,304.227,0.0
2931.6,304.226,0.0
2931.7,304.226,0.0
2931.8,304.225,0.0
2931.9,304.225,0.0
2932.0,304.224,0.0
2932.1,304.224,0.0
2932.2,304.223,0.0
2932.3,304.223,0.0
2932.4,304.222,0.0
2932.5,304.222,0.0
2932.6,304.221,0.0
2932.7,304.221,0.0
2932.8,304.22,0.0
2932.9,304.22,0.0
2933.0,304.219,0.0
2933.1,304.219,0.0
2933.2,304.218,0.0
2933.3,304.218,0.0
2933.4,304.217,0.0
2933.5,304.216,0.0
2933.6,304.216,0.0
2933.7,304.215,0.0
2933.8,304.215,0.0
2933.9,304.214,0.0
2934.0,304.214,0.0
2934.1,304.213,0.0
2934.2,304.213,0.0
2934.3,304.212,0.0
2934.4,304.212,0.0
2934.5,304.211,0.0
2934.6,304.211,0.0
2934.7,304.21,0.0
2934.8,304.21,0.0
2934.9,304.209,0.0
2935.0,304.209,0.0
2935.1,304.208,0.0
2935.2,304.208,0.0
2935.3,304.207,0.0
2935.4,304.207,0.0
2935.5,304.206,0.0
2935.6,304.206,0.0
2935.7,304.205,0.0
2935.8,304.205,0.0
2935.9,304.204,0.0
2936.0,304.204,0.0
2936.1,304.203,0.0
2936.2,304.203,0.0
2936.3,304.202,0.0
2936.4,304.202,0.0
2936.5,304.201,0.0
2936.6,304.201,0.0
2936.7,304.2,0.0
2936.8,304.2,0.0
2936.9,304.199,0.0
2937.0,304.199,0.0
2937.1,304.198,0.000563
2937.2,304.198,0.001127
2937.3,304.197,0.001701
2937.4,304.197,0.002286
2937.5,304.196,0.002881
2937.6,304.196,0.003488
2937.7,304.195,0.004105
2937.8,304.195,0.004733
2937.9,304.194,0.005372
2938.0,304.194,0.006003
2938.1,304.193,0.006293
2938.2,304.193,0.006565
2938.3,304.192,0.006838
2938.4,304.192,0.007113
2938.5,304.191,0.007394
2938.6,304.191,0.007677
2938.7,304.191,0.007962
2938.8,304.19,0.008248
2938.9,304.19,0.008536
2939.0,304.189,0.008827
2939.1,304.189,0.009119
2939.2,304.188,0.009413
2939.3,304.188,0.009719
2939.4,304.187,0.01003
2939.5,304.187,0.010343
2939.6,304.186,0.010659
2939.7,304.186,0.010977
2939.8,304.185,0.011297
2939.9,304.185,0.011619
2940.0,304.184,0.011964
2940.1,304.184,0.013318
2940.2,304.183,0.014734
2940.3,304.183,0.016193
2940.4,304.182,0.017694
2940.5,304.182,0.019239
2940.6,304.181,0.020828
2940.7,304.181,0.022461
2940.8,304.18,0.024139
2940.9,304.18,0.025865
2941.0,304.18,0.027753
2941.1,304.179,0.031308
2941.2,304.179,0.035166
2941.3,304.178,0.039206
2941.4,304.178,0.04343
2941.5,304.177,0.047838
2941.6,304.177,0.052434
2941.7,304.177,0.057217
2941.8,304.176,0.062184
2941.9,304.176,0.0672
2942.0,304.175,0.072397
2942.1,304.175,0.077581
2942.2,304.175,0.082603
2942.3,304.174,0.087778
2942.4,304.174,0.093106
2942.5,304.174,0.098589
2942.6,304.173,0.104227
2942.7,304.173,0.110022
2942.8,304.173,0.115974
2942.9,304.172,0.122083
2943.0,304.172,0.127854
2943.1,304.172,0.123224
2943.2,304.171,0.118164
2943.3,304.171,0.113174
2943.4,304.171,0.108258
2943.5,304.17,0.103417
2943.6,304.17,0.098655
2943.7,304.17,0.093973
2943.8,304.169,0.0892
2943.9,304.169,0.084472
2944.0,304.169,0.079841
2944.1,304.168,0.073562
2944.2,304.168,0.066939
2944.3,304.168,0.060566
2944.4,304.167,0.054446
2944.5,304.167,0.048582
2944.6,304.166,0.04298
2944.7,304.166,0.037641
2944.8,304.166,0.032569
2944.9,304.165,0.027768
2945.0,304.165,0.023285
2945.1,304.164,0.020319
2945.2,304.164,0.017527
2945.3,304.163,0.014867
2945.4,304.163,0.012339
2945.5,304.162,0.009944
2945.6,304.162,0.007684
2945.7,304.161,0.005559
2945.8,304.161,0.003571
2945.9,304.16,0.001719
2946.0,304.16,0.0
2946.1,304.159,0.0
2946.2,304.159,0.0
2946.3,304.158,0.0
2946.4,304.158,0.0
2946.5,304.157,0.0
2946.6,304.157,0.0
2946.7,304.156,0.0
2946.8,304.156,0.0
2946.9,304.155,0.0
2947.0,304.155,0.0
2947.1,304.154,0.0
2947.2,304.154,0.0
2947.3,304.153,0.0
2947.4,304.153,0.0
2947.5,304.152,0.0
2947.6,304.152,0.0
2947.7,304.151,0.0
2947.8,304.151,0.0
2947.9,304.15,0.0
2948.0,304.15,0.0
2948.1,304.149,0.0
2948.2,304.149,0.0
2948.3,304.148,0.0
2948.4,304.148,0.0
2948.5,304.147,0.0
2948.6,304.147,0.0
2948.7,304.146,0.0
2948.8,304.146,0.0
2948.9,304.145,0.0
2949.0,304.145,0.0
2949.1,304.144,0.000324
2949.2,304.144,0.000644
2949.3,304.143,0.000969
2949.4,304.143,0.001298
2949.5,304.142,0.00163
2949.6,304.142,0.001967
2949.7,304.141,0.002309
2949.8,304.141,0.002655
2949.9,304.14,0.003005
2950.0,304.14,0.003346
2950.1,304.14,0.003353
2950.2,304.139,0.003347
2950.3,304.139,0.00334
2950.4,304.138,0.003334
2950.5,304.138,0.003327
2950.6,304.137,0.003321
2950.7,304.137,0.003314
2950.8,304.136,0.003308
2950.9,304.136,0.003301
2951.0,304.135,0.0033
2951.1,304.135,0.005129
2951.2,304.134,0.007099
2951.3,304.134,0.009207
2951.4,304.133,0.011455
2951.5,304.133,0.013844
2951.6,304.132,0.016377
2951.7,304.132,0.019053
2951.8,304.131,0.021876
2951.9,304.131,0.024846
2952.0,304.13,0.028058
2952.1,304.13,0.034679
2952.2,304.129,0.041992
2952.3,304.129,0.049908
2952.4,304.129,0.058435
2952.5,304.128,0.067576
2952.6,304.128,0.077338
2952.7,304.127,0.087726
2952.8,304.127,0.098746
2952.9,304.127,0.110401
2953.0,304.127,0.123147
2953.1,304.126,0.137533
2953.2,304.126,0.153212
2953.3,304.126,0.169742
2953.4,304.126,0.187128
2953.5,304.125,0.205378
2953.6,304.125,0.224496
2953.7,304.125,0.244488
2953.8,304.125,0.26536
2953.9,304.125,0.287117
2954.0,304.125,0.30861
2954.1,304.125,0.312498
2954.2,304.125,0.315221
2954.3,304.125,0.317931
2954.4,304.125,0.320629
2954.5,304.125,0.323316
2954.6,304.125,0.325993
2954.7,304.125,0.328662
2954.8,304.125,0.331322
2954.9,304.125,0.334207
2955.0,304.125,0.337122
2955.1,304.125,0.340035
2955.2,304.125,0.343124
2955.3,304.126,0.346378
2955.4,304.126,0.349636
2955.5,304.126,0.352899
2955.6,304.126,0.356168
2955.7,304.126,0.359442
2955.8,304.126,0.362723
2955.9,304.126,0.366011
2956.0,304.126,0.370829
2956.1,304.126,0.385691
2956.2,304.127,0.40246
2956.3,304.127,0.41962
2956.4,304.127,0.437174
2956.5,304.127,0.455122
2956.6,304.127,0.473467
2956.7,304.128,0.49221
2956.8,304.128,0.511352
2956.9,304.128,0.532773
2957.0,304.129,0.555085
2957.1,304.129,0.58345
2957.2,304.13,0.617044
2957.3,304.13,0.651651
2957.4,304.131,0.687278
2957.5,304.132,0.723929
2957.6,304.132,0.76161
2957.7,304.133,0.800326
2957.8,304.134,0.839537
2957.9,304.135,0.878541
2958.0,304.136,0.918507
2958.1,304.137,0.959439
2958.2,304.138,0.99806
2958.3,304.139,1.036947
2958.4,304.14,1.076641
2958.5,304.142,1.117148
2958.6,304.143,1.158469
2958.7,304.144,1.200607
2958.8,304.146,1.242705
2958.9,304.147,1.285098
2959.0,304.149,1.328268
2959.1,304.151,1.345323
2959.2,304.153,1.358728
2959.3,304.154,1.372151
2959.4,304.156,1.385595
2959.5,304.158,1.398971
2959.6,304.16,1.412319
2959.7,304.162,1.425691
2959.8,304.164,1.439089
2959.9,304.166,1.452516
2960.0,304.167,1.465972
2960.1,304.169,1.458167
2960.2,304.171,1.449447
2960.3,304.173,1.44064
2960.4,304.175,1.43175
2960.5,304.177,1.422783
2960.6,304.179,1.413743
2960.7,304.181,1.404635
2960.8,304.183,1.395463
2960.9,304.185,1.386231
2961.0,304.186,1.381814
2961.1,304.188,1.387204
2961.2,304.19,1.397482
2961.3,304.192,1.407795
2961.4,304.194,1.418144
2961.5,304.196,1.428527
2961.6,304.197,1.438944
2961.7,304.199,1.450031
2961.8,304.201,1.462112
2961.9,304.203,1.474245
2962.0,304.205,1.486427
2962.1,304.207,1.498655
2962.2,304.209,1.51093
2962.3,304.211,1.523254
2962.4,304.213,1.535629
2962.5,304.215,1.549561
2962.6,304.217,1.564578
2962.7,304.22,1.579679
2962.8,304.222,1.594862
2962.9,304.224,1.610128
2963.0,304.226,1.625477
2963.1,304.228,1.640907
2963.2,304.23,1.656419
2963.3,304.233,1.67464
2963.4,304.235,1.693656
2963.5,304.237,1.7128
2963.6,304.24,1.732071
2963.7,304.242,1.751469
2963.8,304.245,1.770992
2963.9,304.247,1.79064
2964.0,304.25,1.810415
2964.1,304.252,1.823189
2964.2,304.255,1.835947
2964.3,304.257,1.848741
2964.4,304.26,1.86157
2964.5,304.262,1.874435
2964.6,304.265,1.887337
2964.7,304.268,1.900274
2964.8,304.27,1.913249
2964.9,304.273,1.920614
2965.0,304.276,1.927471
2965.1,304.278,1.832749
2965.2,304.281,1.728684
2965.3,304.283,1.627107
2965.4,304.286,1.528071
2965.5,304.288,1.431628
2965.6,304.29,1.337826
2965.7,304.291,1.246713
2965.8,304.293,1.158332
2965.9,304.294,1.072728
2966.0,304.296,0.993863
2966.1,304.297,0.989966
2966.2,304.298,0.990023
2966.3,304.299,0.990121
2966.4,304.3,0.990258
2966.5,304.301,0.990431
2966.6,304.302,0.990637
2966.7,304.304,0.990875
2966.8,304.305,0.991142
2966.9,304.306,0.991435
2967.0,304.307,0.994566
2967.1,304.308,1.031548
2967.2,304.309,1.072211
2967.3,304.311,1.113755
2967.4,304.312,1.156186
2967.5,304.314,1.199508
2967.6,304.315,1.243726
2967.7,304.317,1.288843
2967.8,304.318,1.334863
2967.9,304.32,1.381791
2968.0,304.322,1.423298
2968.1,304.324,1.428036
2968.2,304.326,1.426424
2968.3,304.327,1.424773
2968.4,304.329,1.423086
2968.5,304.331,1.421362
2968.6,304.333,1.419605
2968.7,304.335,1.417815
2968.8,304.337,1.416513
2968.9,304.339,1.417095
2969.0,304.34,1.417656
2969.1,304.342,1.418196
2969.2,304.344,1.419719
2969.3,304.346,1.423426
2969.4,304.348,1.427129
2969.5,304.35,1.430829
2969.6,304.352,1.434526
2969.7,304.354,1.438219
2969.8,304.355,1.441911
2969.9,304.357,1.445599
2970.0,304.359,1.448919
2970.1,304.361,1.452089
2970.2,304.363,1.455253
2970.3,304.365,1.458404
2970.4,304.367,1.461428
2970.5,304.369,1.464444
2970.6,304.371,1.467453
2970.7,304.373,1.470456
2970.8,304.375,1.473453
2970.9,304.377,1.476445
2971.0,304.379,1.475684
2971.1,304.38,1.473
2971.2,304.382,1.469177
2971.3,304.384,1.464017
2971.4,304.386,1.458832
2971.5,304.388,1.453623
2971.6,304.39,1.448391
2971.7,304.392,1.443136
2971.8,304.394,1.437861
2971.9,304.396,1.435075
2972.0,304.398,1.432724
2972.1,304.4,1.430357
2972.2,304.401,1.428906
2972.3,304.403,1.429709
2972.4,304.405,1.430505
2972.5,304.407,1.431296
2972.6,304.409,1.43208
2972.7,304.411,1.432857
2972.8,304.413,1.433629
2972.9,304.415,1.434394
2973.0,304.416,1.434688
2973.1,304.418,1.434974
2973.2,304.42,1.435252
2973.3,304.422,1.435477
2973.4,304.424,1.435569
2973.5,304.426,1.435652
2973.6,304.428,1.435726
2973.7,304.43,1.435792
2973.8,304.431,1.435849
2973.9,304.433,1.434041
2974.0,304.435,1.42968
2974.1,304.437,1.425302
2974.2,304.439,1.419312
2974.3,304.441,1.410996
2974.4,304.443,1.402668
2974.5,304.444,1.39433
2974.6,304.446,1.385982
2974.7,304.448,1.377625
2974.8,304.45,1.369276
2974.9,304.452,1.360927
2975.0,304.453,1.352573
2975.1,304.455,1.350385
2975.2,304.457,1.348248
2975.3,304.459,1.346107
2975.4,304.46,1.343959
2975.5,304.462,1.341806
2975.6,304.464,1.339839
2975.7,304.465,1.339025
2975.8,304.467,1.338208
2975.9,304.469,1.337388
2976.0,304.471,1.336565
2976.1,304.472,1.335883
2976.2,304.474,1.340789
2976.3,304.476,1.345717
2976.4,304.477,1.350668
2976.5,304.479,1.355641
2976.6,304.481,1.360634
2976.7,304.483,1.365648
2976.8,304.484,1.371261
2976.9,304.486,1.37789
2977.0,304.488,1.384549
2977.1,304.49,1.401705
2977.2,304.492,1.422786
2977.3,304.493,1.444072
2977.4,304.495,1.465562
2977.5,304.497,1.48702
2977.6,304.499,1.508479
2977.7,304.501,1.530134
2977.8,304.503,1.551985
2977.9,304.505,1.574032
2978.0,304.507,1.596274
2978.1,304.509,1.60627
2978.2,304.512,1.613806
2978.3,304.514,1.621358
2978.4,304.516,1.628926
2978.5,304.518,1.63651
2978.6,304.52,1.64411
2978.7,304.523,1.651727
2978.8,304.525,1.659367
2978.9,304.527,1.667088
2979.0,304.529,1.674832
2979.1,304.532,1.682597
2979.2,304.534,1.690383
2979.3,304.536,1.698189
2979.4,304.538,1.706015
2979.5,304.541,1.71386
2979.6,304.543,1.721724
2979.7,304.545,1.729607
2979.8,304.548,1.737221
2979.9,304.55,1.741413
2980.0,304.553,1.7456
2980.1,304.555,1.749783
2980.2,304.557,1.7514
2980.3,304.56,1.750378
2980.4,304.562,1.74933
2980.5,304.564,1.748258
2980.6,304.567,1.747163
2980.7,304.569,1.746045
2980.8,304.572,1.744905
2980.9,304.574,1.740434
2981.0,304.576,1.734839
2981.1,304.579,1.729218
2981.2,304.581,1.72035
2981.3,304.583,1.709237
2981.4,304.586,1.698107
2981.5,304.588,1.686964
2981.6,304.59,1.675809
2981.7,304.593,1.664643
2981.8,304.595,1.653468
2981.9,304.597,1.642285
2982.0,304.599,1.633949
2982.1,304.601,1.628667
2982.2,304.604,1.623648
2982.3,304.606,1.619902
2982.4,304.608,1.616147
2982.5,304.61,1.612382
2982.6,304.612,1.608609
2982.7,304.614,1.604826
2982.8,304.617,1.601033
2982.9,304.619,1.59723
2983.0,304.621,1.593068
2983.1,304.623,1.588526
2983.2,304.625,1.583973
2983.3,304.627,1.579412
2983.4,304.629,1.574841
2983.5,304.631,1.570261
2983.6,304.633,1.565672
2983.7,304.636,1.561075
2983.8,304.638,1.55647
2983.9,304.64,1.551857
2984.0,304.642,1.543727
2984.1,304.644,1.531892
2984.2,304.646,1.518984
2984.3,304.648,1.504899
2984.4,304.65,1.490833
2984.5,304.652,1.476787
2984.6,304.654,1.462764
2984.7,304.656,1.448764
2984.8,304.657,1.433859
2984.9,304.659,1.417813
2985.0,304.661,1.401809
2985.1,304.663,1.383255
2985.2,304.665,1.359737
2985.3,304.666,1.33634
2985.4,304.668,1.31307
2985.5,304.67,1.289928
2985.6,304.671,1.266918
2985.7,304.673,1.244042
2985.8,304.674,1.221305
2985.9,304.676,1.199006
2986.0,304.677,1.176943
2986.1,304.679,1.175946
2986.2,304.68,1.175657
2986.3,304.682,1.175387
2986.4,304.683,1.175133
2986.5,304.684,1.174897
2986.6,304.686,1.174675
2986.7,304.687,1.174469
2986.8,304.689,1.174275
2986.9,304.69,1.174095
2987.0,304.692,1.173926
2987.1,304.693,1.173769
2987.2,304.694,1.173622
2987.3,304.696,1.173486
2987.4,304.697,1.173358
2987.5,304.699,1.173239
2987.6,304.7,1.173129
2987.7,304.701,1.173028
2987.8,304.703,1.172938
2987.9,304.704,1.172858
2988.0,304.706,1.172786
2988.1,304.707,1.172724
2988.2,304.709,1.172668
2988.3,304.71,1.172619
2988.4,304.711,1.172576
2988.5,304.713,1.172537
2988.6,304.714,1.172503
2988.7,304.716,1.172474
2988.8,304.717,1.172448
2988.9,304.718,1.172427
2989.0,304.72,1.172408
2989.1,304.721,1.172393
2989.2,304.723,1.172381
2989.3,304.724,1.172371
2989.4,304.725,1.172365
2989.5,304.727,1.172361
2989.6,304.728,1.172359
2989.7,304.73,1.172359
2989.8,304.731,1.172362
2989.9,304.732,1.172366
2990.0,304.734,1.172373
2990.1,304.735,1.172382
2990.2,304.737,1.172392
2990.3,304.738,1.172403
2990.4,304.739,1.172416
2990.5,304.741,1.172431
2990.6,304.742,1.172447
2990.7,304.744,1.172464
2990.8,304.745,1.172484
2990.9,304.747,1.172504
2991.0,304.748,1.172525
2991.1,304.749,1.172548
2991.2,304.751,1.172571
2991.3,304.752,1.172595
2991.4,304.754,1.172621
2991.5,304.755,1.172646
2991.6,304.756,1.172673
2991.7,304.758,1.172701
2991.8,304.759,1.172729
2991.9,304.761,1.172757
2992.0,304.762,1.172787
2992.1,304.763,1.172816
2992.2,304.765,1.172847
2992.3,304.766,1.172877
2992.4,304.768,1.172909
2992.5,304.769,1.17294
2992.6,304.77,1.172973
2992.7,304.772,1.173005
2992.8,304.773,1.173038
2992.9,304.775,1.173071
2993.0,304.776,1.173105
2993.1,304.777,1.173139
2993.2,304.779,1.173173
2993.3,304.78,1.173208
2993.4,304.782,1.173243
2993.5,304.783,1.173277
2993.6,304.784,1.173309
2993.7,304.786,1.17334
2993.8,304.787,1.17378
2993.9,304.789,1.17627
2994.0,304.79,1.178769
2994.1,304.791,1.181361
2994.2,304.793,1.189311
2994.3,304.794,1.197308
2994.4,304.796,1.205349
2994.5,304.797,1.213435
2994.6,304.799,1.221566
2994.7,304.8,1.229741
2994.8,304.802,1.23796
2994.9,304.803,1.244407
2995.0,304.805,1.247705
2995.1,304.806,1.247107
2995.2,304.808,1.239701
2995.3,304.809,1.232288
2995.4,304.811,1.224869
2995.5,304.812,1.217445
2995.6,304.814,1.210017
2995.7,304.815,1.202587
2995.8,304.817,1.195155
2995.9,304.818,1.187722
2996.0,304.819,1.182795
2996.1,304.821,1.188273
2996.2,304.822,1.196297
2996.3,304.824,1.204369
2996.4,304.825,1.212488
2996.5,304.827,1.220655
2996.6,304.828,1.228867
2996.7,304.83,1.237126
2996.8,304.831,1.24543
2996.9,304.833,1.255755
2997.0,304.834,1.266623
2997.1,304.836,1.287511
2997.2,304.837,1.313121
2997.3,304.839,1.339024
2997.4,304.841,1.36522
2997.5,304.842,1.39171
2997.6,304.844,1.418495
2997.7,304.846,1.445575
2997.8,304.848,1.47295
2997.9,304.85,1.500519
2998.0,304.852,1.521219
2998.1,304.854,1.54087
2998.2,304.856,1.553228
2998.3,304.858,1.565649
2998.4,304.86,1.578128
2998.5,304.862,1.59067
2998.6,304.864,1.60327
2998.7,304.866,1.61593
2998.8,304.868,1.62865
2998.9,304.87,1.644974
2999.0,304.872,1.663433
2999.1,304.875,1.686728
2999.2,304.877,1.719512
2999.3,304.879,1.752663
2999.4,304.882,1.786179
2999.5,304.884,1.820062
2999.6,304.886,1.854313
2999.7,304.889,1.888933
2999.8,304.892,1.923922
2999.9,304.894,1.959281
3000.0,304.897,1.990392
3000.1,304.9,2.002871
3000.2,304.902,2.010736
3000.3,304.905,2.018378
3000.4,304.908,2.024507
3000.5,304.911,2.030621
3000.6,304.914,2.036721
3000.7,304.916,2.042808
3000.8,304.919,2.048883
3000.9,304.922,2.054947
3001.0,304.925,2.061002
3001.1,304.928,2.060331
3001.2,304.931,2.047247
3001.3,304.934,2.034123
3001.4,304.936,2.020866
3001.5,304.939,2.00738
3001.6,304.942,1.993864
3001.7,304.945,1.980321
3001.8,304.947,1.966754
3001.9,304.95,1.953166
3002.0,304.953,1.93956
3002.1,304.956,1.925939
3002.2,304.958,1.91118
3002.3,304.961,1.896076
3002.4,304.963,1.88097
3002.5,304.966,1.865863
3002.6,304.969,1.850759
3002.7,304.971,1.83566
3002.8,304.974,1.819964
3002.9,304.976,1.804037
3003.0,304.978,1.788125
3003.1,304.981,1.77223
3003.2,304.983,1.756353
3003.3,304.986,1.740496
3003.4,304.988,1.72422
3003.5,304.99,1.707741
3003.6,304.993,1.691292
3003.7,304.995,1.674872
3003.8,304.997,1.658485
3003.9,304.999,1.642132
3004.0,305.001,1.629191
3004.1,305.003,1.618487
3004.2,305.006,1.609507
3004.3,305.008,1.601358
3004.4,305.01,1.593216
3004.5,305.012,1.585082
3004.6,305.014,1.576954
3004.7,305.016,1.568834
3004.8,305.018,1.562571
3004.9,305.02,1.556539
3005.0,305.022,1.550511
3005.1,305.024,1.54525
3005.2,305.026,1.545964
3005.3,305.028,1.546692
3005.4,305.03,1.547433
3005.5,305.032,1.548185
3005.6,305.034,1.548949
3005.7,305.036,1.549723
3005.8,305.038,1.550491
3005.9,305.04,1.551267
3006.0,305.042,1.552051
3006.1,305.044,1.552836
3006.2,305.046,1.553595
3006.3,305.048,1.554376
3006.4,305.05,1.555175
3006.5,305.052,1.555991
3006.6,305.054,1.556817
3006.7,305.056,1.557657
3006.8,305.058,1.558502
3006.9,305.06,1.559382
3007.0,305.062,1.560311
3007.1,305.064,1.561244
3007.2,305.066,1.562181
3007.3,305.068,1.563123
3007.4,305.071,1.564069
3007.5,305.073,1.565018
3007.6,305.075,1.56597
3007.7,305.077,1.565766
3007.8,305.079,1.564741
3007.9,305.081,1.563714
3008.0,305.083,1.562683
3008.1,305.085,1.561264
3008.2,305.087,1.552705
3008.3,305.089,1.544142
3008.4,305.091,1.535576
3008.5,305.093,1.527006
3008.6,305.095,1.518434
3008.7,305.097,1.510235
3008.8,305.099,1.503269
3008.9,305.101,1.496302
3009.0,305.102,1.489334
3009.1,305.104,1.484265
3009.2,305.106,1.484352
3009.3,305.108,1.484444
3009.4,305.11,1.484542
3009.5,305.112,1.484645
3009.6,305.114,1.484753
3009.7,305.116,1.484866
3009.8,305.118,1.484982
3009.9,305.119,1.485102
3010.0,305.121,1.485226
3010.1,305.123,1.485352
3010.2,305.125,1.485482
3010.3,305.127,1.485615
3010.4,305.129,1.48575
3010.5,305.131,1.485888
3010.6,305.133,1.486028
3010.7,305.135,1.486171
3010.8,305.136,1.486315
3010.9,305.138,1.486459
3011.0,305.14,1.484511
3011.1,305.142,1.477171
3011.2,305.144,1.4684
3011.3,305.146,1.459298
3011.4,305.148,1.450196
3011.5,305.15,1.441095
3011.6,305.151,1.431996
3011.7,305.153,1.422899
3011.8,305.155,1.413807
3011.9,305.157,1.404721
3012.0,305.159,1.396348
3012.1,305.16,1.403908
3012.2,305.162,1.412226
3012.3,305.164,1.420596
3012.4,305.166,1.428472
3012.5,305.167,1.436267
3012.6,305.169,1.444106
3012.7,305.171,1.451988
3012.8,305.173,1.459912
3012.9,305.175,1.467879
3013.0,305.177,1.475887
3013.1,305.178,1.480684
3013.2,305.18,1.480859
3013.3,305.182,1.481032
3013.4,305.184,1.481203
3013.5,305.186,1.481372
3013.6,305.188,1.48154
3013.7,305.19,1.481706
3013.8,305.192,1.48187
3013.9,305.193,1.482032
3014.0,305.195,1.482192
3014.1,305.197,1.482351
3014.2,305.199,1.482509
3014.3,305.201,1.482665
3014.4,305.203,1.482821
3014.5,305.205,1.482976
3014.6,305.207,1.483129
3014.7,305.208,1.483281
3014.8,305.21,1.483433
3014.9,305.212,1.483583
3015.0,305.214,1.480033
3015.1,305.216,1.473685
3015.2,305.218,1.465561
3015.3,305.22,1.456485
3015.4,305.222,1.447424
3015.5,305.223,1.438379
3015.6,305.225,1.429343
3015.7,305.227,1.420325
3015.8,305.229,1.41375
3015.9,305.23,1.40749
3016.0,305.232,1.401234
3016.1,305.234,1.394977
3016.2,305.236,1.392221
3016.3,305.237,1.391659
3016.4,305.239,1.391101
3016.5,305.241,1.390547
3016.6,305.243,1.389996
3016.7,305.244,1.389448
3016.8,305.246,1.388902
3016.9,305.248,1.38836
3017.0,305.25,1.38782
3017.1,305.251,1.387282
3017.2,305.253,1.386747
3017.3,305.255,1.386214
3017.4,305.256,1.385682
3017.5,305.258,1.385153
3017.6,305.26,1.384626
3017.7,305.262,1.384101
3017.8,305.263,1.383577
3017.9,305.265,1.383055
3018.0,305.267,1.382534
3018.1,305.268,1.382014
3018.2,305.27,1.381495
3018.3,305.272,1.380978
3018.4,305.273,1.380464
3018.5,305.275,1.379951
3018.6,305.277,1.379441
3018.7,305.279,1.378931
3018.8,305.28,1.378422
3018.9,305.282,1.377913
3019.0,305.284,1.375115
3019.1,305.285,1.36775
3019.2,305.287,1.358523
3019.3,305.289,1.349091
3019.4,305.29,1.339665
3019.5,305.292,1.330244
3019.6,305.294,1.320794
3019.7,305.295,1.311125
3019.8,305.297,1.301465
3019.9,305.298,1.291816
3020.0,305.3,1.282177
3020.1,305.301,1.272549
3020.2,305.303,1.262931
3020.3,305.304,1.253327
3020.4,305.306,1.243696
3020.5,305.307,1.233843
3020.6,305.309,1.224007
3020.7,305.31,1.214188
3020.8,305.312,1.204387
3020.9,305.313,1.194605
3021.0,305.315,1.186314
3021.1,305.316,1.183067
3021.2,305.317,1.181202
3021.3,305.319,1.179391
3021.4,305.32,1.177587
3021.5,305.321,1.175791
3021.6,305.323,1.173768
3021.7,305.324,1.171581
3021.8,305.325,1.169399
3021.9,305.327,1.167222
3022.0,305.328,1.165049
3022.1,305.329,1.156817
3022.2,305.331,1.146769
3022.3,305.332,1.136741
3022.4,305.333,1.126733
3022.5,305.335,1.116747
3022.6,305.336,1.106783
3022.7,305.337,1.096841
3022.8,305.338,1.086923
3022.9,305.34,1.077028
3023.0,305.341,1.071244
3023.1,305.342,1.080651
3023.2,305.343,1.094247
3023.3,305.344,1.10796
3023.4,305.346,1.121788
3023.5,305.347,1.13573
3023.6,305.348,1.149787
3023.7,305.35,1.163958
3023.8,305.351,1.177394
3023.9,305.352,1.188823
3024.0,305.354,1.20033
3024.1,305.355,1.206055
3024.2,305.356,1.204983
3024.3,305.358,1.203905
3024.4,305.359,1.202822
3024.5,305.361,1.201736
3024.6,305.362,1.200645
3024.7,305.363,1.199551
3024.8,305.365,1.198453
3024.9,305.366,1.197351
3025.0,305.368,1.1975
3025.1,305.369,1.203544
3025.2,305.37,1.210585
3025.3,305.372,1.217809
3025.4,305.373,1.22507
3025.5,305.375,1.232368
3025.6,305.376,1.239704
3025.7,305.378,1.247082
3025.8,305.379,1.254502
3025.9,305.38,1.261962
3026.0,305.382,1.266186
3026.1,305.383,1.260692
3026.2,305.385,1.251928
3026.3,305.386,1.243164
3026.4,305.388,1.234401
3026.5,305.389,1.225638
3026.6,305.391,1.216877
3026.7,305.392,1.208119
3026.8,305.394,1.199366
3026.9,305.395,1.190617
3027.0,305.396,1.186328
3027.1,305.398,1.188959
3027.2,305.399,1.196073
3027.3,305.401,1.203227
3027.4,305.402,1.210422
3027.5,305.403,1.217657
3027.6,305.405,1.224931
3027.7,305.406,1.2322
3027.8,305.408,1.239425
3027.9,305.409,1.246688
3028.0,305.411,1.253988
3028.1,305.412,1.24559
3028.2,305.413,1.236764
3028.3,305.415,1.227939
3028.4,305.416,1.219115
3028.5,305.418,1.210293
3028.6,305.419,1.201685
3028.7,305.421,1.193338
3028.8,305.422,1.184995
3028.9,305.423,1.176659
3029.0,305.425,1.168329
3029.1,305.426,1.165201
3029.2,305.427,1.164121
3029.3,305.429,1.163045
3029.4,305.43,1.161971
3029.5,305.431,1.161216
3029.6,305.433,1.160474
3029.7,305.434,1.159734
3029.8,305.435,1.158997
3029.9,305.437,1.158263
3030.0,305.438,1.157531
3030.1,305.439,1.162518
3030.2,305.441,1.169483
3030.3,305.442,1.176489
3030.4,305.443,1.183534
3030.5,305.445,1.190817
3030.6,305.446,1.198155
3030.7,305.447,1.205532
3030.8,305.449,1.21295
3030.9,305.45,1.220409
3031.0,305.452,1.227911
3031.1,305.453,1.235454
3031.2,305.454,1.243037
3031.3,305.456,1.250661
3031.4,305.457,1.258324
3031.5,305.459,1.266326
3031.6,305.46,1.274388
3031.7,305.462,1.282491
3031.8,305.463,1.290634
3031.9,305.465,1.297529
3032.0,305.467,1.301664
3032.1,305.468,1.298855
3032.2,305.47,1.290678
3032.3,305.471,1.282494
3032.4,305.473,1.274303
3032.5,305.474,1.266107
3032.6,305.476,1.257908
3032.7,305.477,1.249706
3032.8,305.479,1.241502
3032.9,305.48,1.233299
3033.0,305.482,1.229728
3033.1,305.483,1.232893
3033.2,305.484,1.240722
3033.3,305.486,1.248596
3033.4,305.487,1.256515
3033.5,305.489,1.264477
3033.6,305.49,1.272484
3033.7,305.492,1.280533
3033.8,305.493,1.288626
3033.9,305.495,1.295682
3034.0,305.496,1.301497
3034.1,305.498,1.288342
3034.2,305.499,1.271798
3034.3,305.501,1.255295
3034.4,305.502,1.238837
3034.5,305.504,1.222426
3034.6,305.505,1.206065
3034.7,305.507,1.189756
3034.8,305.508,1.173501
3034.9,305.509,1.157304
3035.0,305.511,1.146643
3035.1,305.512,1.139985
3035.2,305.513,1.138795
3035.3,305.515,1.137611
3035.4,305.516,1.136434
3035.5,305.517,1.135262
3035.6,305.518,1.134095
3035.7,305.52,1.132933
3035.8,305.521,1.131776
3035.9,305.522,1.130384
3036.0,305.523,1.12361
3036.1,305.525,1.104786
3036.2,305.526,1.080285
3036.3,305.527,1.055961
3036.4,305.528,1.031817
3036.5,305.529,1.007858
3036.6,305.53,0.984086
3036.7,305.531,0.960507
3036.8,305.532,0.937294
3036.9,305.533,0.915797
3037.0,305.534,0.894473
3037.1,305.535,0.881215
3037.2,305.536,0.871505
3037.3,305.537,0.861835
3037.4,305.538,0.852205
3037.5,305.538,0.842616
3037.6,305.539,0.833068
3037.7,305.54,0.82356
3037.8,305.541,0.814093
3037.9,305.542,0.804667
3038.0,305.542,0.79298
3038.1,305.543,0.778961
3038.2,305.544,0.762764
3038.3,305.544,0.746686
3038.4,305.545,0.730729
3038.5,305.545,0.714894
3038.6,305.546,0.699182
3038.7,305.547,0.683595
3038.8,305.547,0.668134
3038.9,305.548,0.6528
3039.0,305.548,0.639466
3039.1,305.549,0.640322
3039.2,305.549,0.64307
3039.3,305.549,0.645842
3039.4,305.55,0.648639
3039.5,305.55,0.651459
3039.6,305.551,0.654302
3039.7,305.551,0.657167
3039.8,305.552,0.659622
3039.9,305.552,0.661459
3040.0,305.553,0.663312
3040.1,305.553,0.663028
3040.2,305.554,0.660185
3040.3,305.554,0.65735
3040.4,305.555,0.654524
3040.5,305.555,0.651705
3040.6,305.556,0.648894
3040.7,305.556,0.646091
3040.8,305.556,0.643296
3040.9,305.557,0.640507
3041.0,305.557,0.64006
3041.1,305.558,0.640994
3041.2,305.558,0.644275
3041.3,305.559,0.647577
3041.4,305.559,0.650898
3041.5,305.56,0.654238
3041.6,305.56,0.657597
3041.7,305.561,0.660975
3041.8,305.561,0.664371
3041.9,305.562,0.667785
3042.0,305.562,0.670015
3042.1,305.563,0.662808
3042.2,305.563,0.654429
3042.3,305.563,0.646078
3042.4,305.564,0.637758
3042.5,305.564,0.629468
3042.6,305.565,0.621209
3042.7,305.565,0.612983
3042.8,305.566,0.60479
3042.9,305.566,0.596724
3043.0,305.566,0.591242
3043.1,305.567,0.591609
3043.2,305.567,0.594724
3043.3,305.567,0.597858
3043.4,305.568,0.601011
3043.5,305.568,0.604182
3043.6,305.569,0.607371
3043.7,305.569,0.610578
3043.8,305.569,0.613803
3043.9,305.57,0.616256
3044.0,305.57,0.617739
3044.1,305.571,0.618096
3044.2,305.571,0.615897
3044.3,305.571,0.613701
3044.4,305.572,0.611507
3044.5,305.572,0.609316
3044.6,305.573,0.607127
3044.7,305.573,0.604941
3044.8,305.573,0.602758
3044.9,305.574,0.599522
3045.0,305.574,0.595989
3045.1,305.575,0.590623
3045.2,305.575,0.582882
3045.3,305.575,0.575169
3045.4,305.576,0.567487
3045.5,305.576,0.559835
3045.6,305.576,0.552214
3045.7,305.576,0.544625
3045.8,305.577,0.537069
3045.9,305.577,0.529546
3046.0,305.577,0.522969
3046.1,305.578,0.519691
3046.2,305.578,0.51733
3046.3,305.578,0.514976
3046.4,305.578,0.512636
3046.5,305.578,0.510312
3046.6,305.579,0.507995
3046.7,305.579,0.505684
3046.8,305.579,0.50338
3046.9,305.579,0.501082
3047.0,305.58,0.49879
3047.1,305.58,0.496504
3047.2,305.58,0.494225
3047.3,305.58,0.491954
3047.4,305.58,0.489722
3047.5,305.581,0.487495
3047.6,305.581,0.485275
3047.7,305.581,0.483059
3047.8,305.581,0.48085
3047.9,305.581,0.478646
3048.0,305.582,0.476448
3048.1,305.582,0.474255
3048.2,305.582,0.472067
3048.3,305.582,0.469885
3048.4,305.582,0.467708
3048.5,305.582,0.465537
3048.6,305.582,0.463371
3048.7,305.583,0.46121
3048.8,305.583,0.459055
3048.9,305.583,0.457576
3049.0,305.583,0.456326
3049.1,305.583,0.457529
3049.2,305.583,0.46031
3049.3,305.583,0.463107
3049.4,305.584,0.465919
3049.5,305.584,0.468746
3049.6,305.584,0.471587
3049.7,305.584,0.474444
3049.8,305.584,0.477316
3049.9,305.584,0.480202
3050.0,305.585,0.481875
3050.1,305.585,0.481312
3050.2,305.585,0.479526
3050.3,305.585,0.477741
3050.4,305.585,0.475958
3050.5,305.585,0.47419
3050.6,305.586,0.472429
3050.7,305.586,0.47067
3050.8,305.586,0.468912
3050.9,305.586,0.467157
3051.0,305.586,0.465404
3051.1,305.586,0.463653
3051.2,305.587,0.461904
3051.3,305.587,0.460158
3051.4,305.587,0.458423
3051.5,305.587,0.456698
3051.6,305.587,0.454975
3051.7,305.587,0.453255
3051.8,305.587,0.451538
3051.9,305.588,0.449823
3052.0,305.588,0.448111
3052.1,305.588,0.446401
3052.2,305.588,0.444694
3052.3,305.588,0.442983
3052.4,305.588,0.441265
3052.5,305.588,0.43955
3052.6,305.588,0.437838
3052.7,305.588,0.436129
3052.8,305.589,0.434422
3052.9,305.589,0.432719
3053.0,305.589,0.431018
3053.1,305.589,0.42932
3053.2,305.589,0.427645
3053.3,305.589,0.426026
3053.4,305.589,0.424411
3053.5,305.589,0.422798
3053.6,305.589,0.421189
3053.7,305.589,0.419582
3053.8,305.589,0.417979
3053.9,305.59,0.416379
3054.0,305.59,0.414782
3054.1,305.59,0.413183
3054.2,305.59,0.41155
3054.3,305.59,0.409919
3054.4,305.59,0.408292
3054.5,305.59,0.406668
3054.6,305.59,0.405048
3054.7,305.59,0.40343
3054.8,305.59,0.401815
3054.9,305.59,0.400203
3055.0,305.59,0.398595
3055.1,305.59,0.397035
3055.2,305.59,0.395479
3055.3,305.59,0.393926
3055.4,305.59,0.392376
3055.5,305.59,0.390829
3055.6,305.59,0.389285
3055.7,305.59,0.387744
3055.8,305.59,0.386206
3055.9,305.59,0.384671
3056.0,305.591,0.383139
3056.1,305.591,0.381654
3056.2,305.591,0.380174
3056.3,305.591,0.378696
3056.4,305.591,0.377221
3056.5,305.591,0.375749
3056.6,305.591,0.37428
3056.7,305.591,0.372814
3056.8,305.591,0.371351
3056.9,305.591,0.369891
3057.0,305.591,0.368434
3057.1,305.591,0.366986
3057.2,305.591,0.365542
3057.3,305.591,0.364101
3057.4,305.591,0.362662
3057.5,305.59,0.361227
3057.6,305.59,0.359794
3057.7,305.59,0.358364
3057.8,305.59,0.356937
3057.9,305.59,0.355512
3058.0,305.59,0.354091
3058.1,305.59,0.356659
3058.2,305.59,0.359315
3058.3,305.59,0.361986
3058.4,305.59,0.364671
3058.5,305.59,0.36737
3058.6,305.59,0.370083
3058.7,305.59,0.372887
3058.8,305.59,0.375709
3058.9,305.59,0.378545
3059.0,305.59,0.381396
3059.1,305.59,0.384261
3059.2,305.59,0.387141
3059.3,305.59,0.390035
3059.4,305.59,0.393037
3059.5,305.59,0.396069
3059.6,305.59,0.399115
3059.7,305.59,0.402177
3059.8,305.591,0.405253
3059.9,305.591,0.408345
3060.0,305.591,0.411452
3060.1,305.591,0.414715
3060.2,305.591,0.418034
3060.3,305.591,0.421369
3060.4,305.591,0.424721
3060.5,305.591,0.42809
3060.6,305.591,0.431475
3060.7,305.591,0.434877
3060.8,305.591,0.438494
3060.9,305.591,0.442218
3061.0,305.592,0.445961
3061.1,305.592,0.457585
3061.2,305.592,0.470144
3061.3,305.592,0.482864
3061.4,305.592,0.495746
3061.5,305.592,0.50879
3061.6,305.593,0.521997
3061.7,305.593,0.535369
3061.8,305.593,0.548905
3061.9,305.593,0.562607
3062.0,305.594,0.57437
3062.1,305.594,0.581516
3062.2,305.594,0.586584
3062.3,305.595,0.591674
3062.4,305.595,0.596787
3062.5,305.595,0.601922
3062.6,305.596,0.607081
3062.7,305.596,0.612262
3062.8,305.597,0.617467
3062.9,305.597,0.622696
3063.0,305.597,0.629362
3063.1,305.598,0.638605
3063.2,305.598,0.649353
3063.3,305.599,0.660197
3063.4,305.599,0.671139
3063.5,305.6,0.682176
3063.6,305.6,0.69331
3063.7,305.601,0.704541
3063.8,305.601,0.715868
3063.9,305.602,0.726446
3064.0,305.603,0.734958
3064.1,305.603,0.740281
3064.2,305.604,0.741751
3064.3,305.604,0.743212
3064.4,305.605,0.744665
3064.5,305.606,0.746111
3064.6,305.606,0.747471
3064.7,305.607,0.748646
3064.8,305.607,0.749814
3064.9,305.608,0.750975
3065.0,305.609,0.752131
3065.1,305.609,0.749229
3065.2,305.61,0.745202
3065.3,305.611,0.741163
3065.4,305.611,0.737113
3065.5,305.612,0.733053
3065.6,305.612,0.728985
3065.7,305.613,0.724909
3065.8,305.614,0.720825
3065.9,305.614,0.716735
3066.0,305.615,0.713844
3066.1,305.615,0.713661
3066.2,305.616,0.714359
3066.3,305.616,0.715217
3066.4,305.617,0.716076
3066.5,305.618,0.716936
3066.6,305.618,0.717796
3066.7,305.619,0.718656
3066.8,305.619,0.719517
3066.9,305.62,0.720379
3067.0,305.62,0.719133
3067.1,305.621,0.711375
3067.2,305.622,0.70154
3067.3,305.622,0.691733
3067.4,305.623,0.681955
3067.5,305.623,0.672208
3067.6,305.624,0.662425
3067.7,305.624,0.652674
3067.8,305.625,0.642959
3067.9,305.625,0.633281
3068.0,305.625,0.623641
3068.1,305.626,0.613843
3068.2,305.626,0.603751
3068.3,305.627,0.593707
3068.4,305.627,0.583711
3068.5,305.627,0.573764
3068.6,305.628,0.563869
3068.7,305.628,0.554026
3068.8,305.628,0.544236
3068.9,305.629,0.5345
3069.0,305.629,0.52586
3069.1,305.629,0.519461
3069.2,305.629,0.514118
3069.3,305.63,0.508794
3069.4,305.63,0.503487
3069.5,305.63,0.498136
3069.6,305.63,0.492754
3069.7,305.631,0.487391
3069.8,305.631,0.482048
3069.9,305.631,0.476723
3070.0,305.631,0.471417
3070.1,305.631,0.466131
3070.2,305.631,0.460864
3070.3,305.632,0.455617
3070.4,305.632,0.45039
3070.5,305.632,0.445107
3070.6,305.632,0.439786
3070.7,305.632,0.434486
3070.8,305.632,0.429206
3070.9,305.632,0.423948
3071.0,305.632,0.420107
3071.1,305.632,0.417646
3071.2,305.632,0.416584
3071.3,305.633,0.415528
3071.4,305.633,0.414477
3071.5,305.633,0.413433
3071.6,305.633,0.412393
3071.7,305.633,0.411359
3071.8,305.633,0.410819
3071.9,305.633,0.410568
3072.0,305.633,0.410321
3072.1,305.633,0.411535
3072.2,305.633,0.414796
3072.3,305.633,0.418079
3072.4,305.633,0.421383
3072.5,305.633,0.424706
3072.6,305.633,0.427672
3072.7,305.633,0.430601
3072.8,305.634,0.433546
3072.9,305.634,0.436508
3073.0,305.634,0.439486
3073.1,305.634,0.440859
3073.2,305.634,0.440113
3073.3,305.634,0.439367
3073.4,305.634,0.438621
3073.5,305.634,0.437875
3073.6,305.634,0.437129
3073.7,305.635,0.436383
3073.8,305.635,0.435638
3073.9,305.635,0.435683
3074.0,305.635,0.436253
3074.1,305.635,0.437712
3074.2,305.635,0.441289
3074.3,305.635,0.444887
3074.4,305.635,0.448505
3074.5,305.635,0.452143
3074.6,305.636,0.455801
3074.7,305.636,0.459479
3074.8,305.636,0.463695
3074.9,305.636,0.468376
3075.0,305.636,0.473085
3075.1,305.636,0.479048
3075.2,305.636,0.487532
3075.3,305.637,0.496094
3075.4,305.637,0.504733
3075.5,305.637,0.51345
3075.6,305.637,0.522231
3075.7,305.638,0.530998
3075.8,305.638,0.539841
3075.9,305.638,0.548762
3076.0,305.638,0.55776
3076.1,305.639,0.563107
3076.2,305.639,0.568031
3076.3,305.639,0.57298
3076.4,305.64,0.577953
3076.5,305.64,0.58295
3076.6,305.64,0.587972
3076.7,305.641,0.593019
3076.8,305.641,0.598091
3076.9,305.641,0.601882
3077.0,305.642,0.605603
3077.1,305.642,0.60885
3077.2,305.643,0.609395
3077.3,305.643,0.609935
3077.4,305.643,0.610471
3077.5,305.644,0.611002
3077.6,305.644,0.61153
3077.7,305.645,0.612053
3077.8,305.645,0.612573
3077.9,305.645,0.613089
3078.0,305.646,0.615631
3078.1,305.646,0.619067
3078.2,305.647,0.624556
3078.3,305.647,0.630076
3078.4,305.647,0.635627
3078.5,305.648,0.641208
3078.6,305.648,0.646788
3078.7,305.649,0.652265
3078.8,305.649,0.657771
3078.9,305.65,0.663307
3079.0,305.65,0.668871
3079.1,305.651,0.670485
3079.2,305.651,0.671396
3079.3,305.652,0.672304
3079.4,305.652,0.673209
3079.5,305.653,0.674111
3079.6,305.653,0.675011
3079.7,305.654,0.675908
3079.8,305.654,0.676802
3079.9,305.655,0.677695
3080.0,305.655,0.678066
3080.1,305.656,0.669175
3080.2,305.656,0.659788
3080.3,305.657,0.650424
3080.4,305.657,0.641084
3080.5,305.658,0.631771
3080.6,305.658,0.622487
3080.7,305.658,0.613233
3080.8,305.659,0.604011
3080.9,305.659,0.594822
3081.0,305.66,0.585842
3081.1,305.66,0.590585
3081.2,305.66,0.595535
3081.3,305.661,0.600517
3081.4,305.661,0.60553
3081.5,305.661,0.610576
3081.6,305.662,0.615651
3081.7,305.662,0.620758
3081.8,305.663,0.625895
3081.9,305.663,0.630486
3082.0,305.663,0.63458
3082.1,305.664,0.631695
3082.2,305.664,0.627134
3082.3,305.665,0.622572
3082.4,305.665,0.61801
3082.5,305.666,0.61345
3082.6,305.666,0.608901
3082.7,305.666,0.604559
3082.8,305.667,0.600218
3082.9,305.667,0.59588
3083.0,305.667,0.591545
3083.1,305.668,0.590753
3083.2,305.668,0.590821
3083.3,305.669,0.590891
3083.4,305.669,0.590963
3083.5,305.669,0.591037
3083.6,305.67,0.591112
3083.7,305.67,0.591189
3083.8,305.67,0.591267
3083.9,305.671,0.591255
3084.0,305.671,0.589536
3084.1,305.671,0.581697
3084.2,305.672,0.572012
3084.3,305.672,0.562368
3084.4,305.672,0.552768
3084.5,305.673,0.543213
3084.6,305.673,0.533704
3084.7,305.673,0.524243
3084.8,305.673,0.514829
3084.9,305.674,0.505711
3085.0,305.674,0.496835
3085.1,305.674,0.49559
3085.2,305.674,0.495029
3085.3,305.675,0.494472
3085.4,305.675,0.49392
3085.5,305.675,0.493373
3085.6,305.675,0.492829
3085.7,305.675,0.492289
3085.8,305.676,0.491753
3085.9,305.676,0.491219
3086.0,305.676,0.489109
3086.1,305.676,0.485623
3086.2,305.676,0.480574
3086.3,305.676,0.475538
3086.4,305.677,0.470515
3086.5,305.677,0.465506
3086.6,305.677,0.46051
3086.7,305.677,0.455529
3086.8,305.677,0.450533
3086.9,305.677,0.445436
3087.0,305.677,0.440355
3087.1,305.678,0.435291
3087.2,305.678,0.430243
3087.3,305.678,0.425212
3087.4,305.678,0.420198
3087.5,305.678,0.415202
3087.6,305.678,0.410223
3087.7,305.678,0.405398
3087.8,305.678,0.400737
3087.9,305.678,0.396092
3088.0,305.678,0.391465
3088.1,305.678,0.389319
3088.2,305.678,0.388312
3088.3,305.678,0.387308
3088.4,305.678,0.386309
3088.5,305.678,0.385313
3088.6,305.678,0.384322
3088.7,305.678,0.383334
3088.8,305.678,0.382349
3088.9,305.678,0.381935
3089.0,305.678,0.381889
3089.1,305.678,0.38354
3089.2,305.678,0.386705
3089.3,305.678,0.389889
3089.4,305.678,0.39309
3089.5,305.678,0.396311
3089.6,305.678,0.399549
3089.7,305.679,0.402805
3089.8,305.679,0.406079
3089.9,305.679,0.409371
3090.0,305.679,0.410865
3090.1,305.679,0.407816
3090.2,305.679,0.402968
3090.3,305.679,0.398133
3090.4,305.679,0.393311
3090.5,305.679,0.388502
3090.6,305.679,0.383708
3090.7,305.679,0.378928
3090.8,305.679,0.374163
3090.9,305.679,0.369371
3091.0,305.679,0.364569
3091.1,305.679,0.359785
3091.2,305.679,0.355018
3091.3,305.679,0.350269
3091.4,305.679,0.345538
3091.5,305.679,0.340826
3091.6,305.679,0.336113
3091.7,305.679,0.331417
3091.8,305.679,0.32674
3091.9,305.678,0.322084
3092.0,305.678,0.318727
3092.1,305.678,0.316369
3092.2,305.678,0.315292
3092.3,305.678,0.314219
3092.4,305.678,0.313149
3092.5,305.678,0.312082
3092.6,305.678,0.311019
3092.7,305.678,0.309973
3092.8,305.678,0.308935
3092.9,305.677,0.3079
3093.0,305.677,0.306869
3093.1,305.677,0.30584
3093.2,305.677,0.304814
3093.3,305.677,0.303791
3093.4,305.677,0.302791
3093.5,305.677,0.301796
3093.6,305.677,0.300803
3093.7,305.677,0.299813
3093.8,305.676,0.298825
3093.9,305.676,0.297839
3094.0,305.676,0.297751
3094.1,305.676,0.303044
3094.2,305.676,0.309288
3094.3,305.676,0.315588
3094.4,305.676,0.321944
3094.5,305.676,0.328358
3094.6,305.675,0.334829
3094.7,305.675,0.341356
3094.8,305.675,0.347942
3094.9,305.675,0.354687
3095.0,305.675,0.361607
3095.1,305.675,0.36859
3095.2,305.675,0.375634
3095.3,305.675,0.38274
3095.4,305.675,0.389963
3095.5,305.675,0.397291
3095.6,305.675,0.404684
3095.7,305.675,0.412141
3095.8,305.675,0.419664
3095.9,305.676,0.427416
3096.0,305.676,0.435323
3096.1,305.676,0.443301
3096.2,305.676,0.451348
3096.3,305.676,0.459466
3096.4,305.676,0.467753
3096.5,305.676,0.476146
3096.6,305.676,0.484612
3096.7,305.677,0.493152
3096.8,305.677,0.501766
3096.9,305.677,0.509713
3097.0,305.677,0.517577
3097.1,305.677,0.524088
3097.2,305.678,0.528988
3097.3,305.678,0.533912
3097.4,305.678,0.538859
3097.5,305.678,0.543829
3097.6,305.679,0.548823
3097.7,305.679,0.55384
3097.8,305.679,0.558919
3097.9,305.68,0.564216
3098.0,305.68,0.56954
3098.1,305.68,0.57489
3098.2,305.681,0.580267
3098.3,305.681,0.585671
3098.4,305.681,0.591101
3098.5,305.682,0.596559
3098.6,305.682,0.602055
3098.7,305.682,0.607655
3098.8,305.683,0.613284
3098.9,305.683,0.618941
3099.0,305.684,0.622326
3099.1,305.684,0.621043
3099.2,305.684,0.617454
3099.3,305.685,0.613855
3099.4,305.685,0.610246
3099.5,305.686,0.606629
3099.6,305.686,0.603004
3099.7,305.686,0.599374
3099.8,305.687,0.595738
3099.9,305.687,0.592098
3100.0,305.687,0.589435
3100.1,305.688,0.589253
3100.2,305.688,0.590018
3100.3,305.689,0.590799
3100.4,305.689,0.591582
3100.5,305.689,0.592365
3100.6,305.69,0.593132
3100.7,305.69,0.593894
3100.8,305.69,0.594656
3100.9,305.691,0.595418
3101.0,305.691,0.59618
3101.1,305.691,0.596942
3101.2,305.692,0.597705
3101.3,305.692,0.598468
3101.4,305.693,0.599207
3101.5,305.693,0.599938
3101.6,305.693,0.600669
3101.7,305.694,0.601401
3101.8,305.694,0.602132
3101.9,305.694,0.602875
3102.0,305.695,0.605751
3102.1,305.695,0.609159
3102.2,305.696,0.614752
3102.3,305.696,0.620378
3102.4,305.696,0.626037
3102.5,305.697,0.63173
3102.6,305.697,0.637455
3102.7,305.698,0.643214
3102.8,305.698,0.649006
3102.9,305.699,0.65483
3103.0,305.699,0.657193
3103.1,305.7,0.65197
3103.2,305.7,0.643277
3103.3,305.7,0.634603
3103.4,305.701,0.625948
3103.5,305.701,0.617315
3103.6,305.702,0.608705
3103.7,305.702,0.600119
3103.8,305.702,0.591825
3103.9,305.703,0.584536
3104.0,305.703,0.577265
3104.1,305.703,0.574912
3104.2,305.704,0.575295
3104.3,305.704,0.575681
3104.4,305.704,0.576071
3104.5,305.705,0.576463
3104.6,305.705,0.576858
3104.7,305.705,0.576837
3104.8,305.706,0.576715
3104.9,305.706,0.576593
3105.0,305.706,0.576472
3105.1,305.707,0.574109
3105.2,305.707,0.569772
3105.3,305.707,0.565438
3105.4,305.708,0.561107
3105.5,305.708,0.55678
3105.6,305.708,0.552457
3105.7,305.709,0.548138
3105.8,305.709,0.543823
3105.9,305.709,0.539514
3106.0,305.71,0.535647
3106.1,305.71,0.535256
3106.2,305.71,0.535305
3106.3,305.71,0.535357
3106.4,305.711,0.53541
3106.5,305.711,0.535467
3106.6,305.711,0.535526
3106.7,305.711,0.535586
3106.8,305.712,0.535649
3106.9,305.712,0.535714
3107.0,305.712,0.534249
3107.1,305.712,0.531288
3107.2,305.713,0.526805
3107.3,305.713,0.522327
3107.4,305.713,0.517855
3107.5,305.713,0.513389
3107.6,305.714,0.508929
3107.7,305.714,0.504477
3107.8,305.714,0.500032
3107.9,305.714,0.495698
3108.0,305.714,0.493857
3108.1,305.715,0.495324
3108.2,305.715,0.499503
3108.3,305.715,0.503708
3108.4,305.715,0.507938
3108.5,305.715,0.512193
3108.6,305.716,0.516474
3108.7,305.716,0.520779
3108.8,305.716,0.525108
3108.9,305.716,0.529462
3109.0,305.717,0.531894
3109.1,305.717,0.529382
3109.2,305.717,0.524931
3109.3,305.717,0.520482
3109.4,305.718,0.516038
3109.5,305.718,0.511597
3109.6,305.718,0.507161
3109.7,305.718,0.502731
3109.8,305.719,0.498306
3109.9,305.719,0.493888
3110.0,305.719,0.489676
3110.1,305.719,0.489222
3110.2,305.719,0.48897
3110.3,305.72,0.488719
3110.4,305.72,0.488469
3110.5,305.72,0.488221
3110.6,305.72,0.487975
3110.7,305.72,0.487729
3110.8,305.72,0.487485
3110.9,305.721,0.487242
3111.0,305.721,0.485788
3111.1,305.721,0.482411
3111.2,305.721,0.477832
3111.3,305.721,0.473261
3111.4,305.722,0.468698
3111.5,305.722,0.464143
3111.6,305.722,0.459598
3111.7,305.722,0.455062
3111.8,305.722,0.450458
3111.9,305.722,0.445784
3112.0,305.722,0.441122
3112.1,305.722,0.436472
3112.2,305.723,0.431833
3112.3,305.723,0.427207
3112.4,305.723,0.422593
3112.5,305.723,0.417948
3112.6,305.723,0.413275
3112.7,305.723,0.408616
3112.8,305.723,0.403971
3112.9,305.723,0.39934
3113.0,305.723,0.394873
3113.1,305.723,0.398075
3113.2,305.723,0.401446
3113.3,305.723,0.404838
3113.4,305.723,0.40825
3113.5,305.723,0.411682
3113.6,305.723,0.415134
3113.7,305.723,0.418607
3113.8,305.723,0.422098
3113.9,305.724,0.425597
3114.0,305.724,0.429114
3114.1,305.724,0.424547
3114.2,305.724,0.419963
3114.3,305.724,0.415388
3114.4,305.724,0.410824
3114.5,305.724,0.40627
3114.6,305.724,0.401727
3114.7,305.724,0.397196
3114.8,305.724,0.392676
3114.9,305.724,0.387333
3115.0,305.724,0.381929
3115.1,305.724,0.37111
3115.2,305.724,0.358679
3115.3,305.724,0.346379
3115.4,305.724,0.334212
3115.5,305.724,0.322181
3115.6,305.724,0.310286
3115.7,305.724,0.298531
3115.8,305.724,0.286918
3115.9,305.723,0.275448
3116.0,305.723,0.264659
3116.1,305.723,0.26994
3116.2,305.723,0.275809
3116.3,305.723,0.28173
3116.4,305.723,0.287705
3116.5,305.722,0.293734
3116.6,305.722,0.299815
3116.7,305.722,0.305951
3116.8,305.722,0.312141
3116.9,305.722,0.318385
3117.0,305.722,0.323369
3117.1,305.722,0.32393
3117.2,305.722,0.323181
3117.3,305.722,0.322433
3117.4,305.722,0.321685
3117.5,305.721,0.320938
3117.6,305.721,0.320192
3117.7,305.721,0.319447
3117.8,305.721,0.318702
3117.9,305.721,0.317958
3118.0,305.721,0.317545
3118.1,305.721,0.338448
3118.2,305.721,0.360194
3118.3,305.721,0.382459
3118.4,305.721,0.405247
3118.5,305.721,0.428564
3118.6,305.721,0.452413
3118.7,305.721,0.476799
3118.8,305.721,0.501725
3118.9,305.721,0.527196
3119.0,305.722,0.55085
3119.1,305.722,0.567605
3119.2,305.722,0.582173
3119.3,305.723,0.596913
3119.4,305.723,0.612417
3119.5,305.723,0.628173
3119.6,305.724,0.644118
3119.7,305.724,0.660256
3119.8,305.725,0.676585
3119.9,305.725,0.693108
3120.0,305.726,0.709826
3120.1,305.726,0.727302
3120.2,305.727,0.749877
3120.3,305.727,0.772787
3120.4,305.728,0.796034
3120.5,305.729,0.819323
3120.6,305.73,0.842609
3120.7,305.73,0.866218
3120.8,305.731,0.890154
3120.9,305.732,0.914417
3121.0,305.733,0.939008
3121.1,305.734,0.963929
3121.2,305.735,0.986428
3121.3,305.736,1.008702
3121.4,305.737,1.03123
3121.5,305.738,1.054014
3121.6,305.739,1.077055
3121.7,305.74,1.100354
3121.8,305.741,1.123911
3121.9,305.743,1.147728
3122.0,305.744,1.174426
3122.1,305.745,1.205169
3122.2,305.747,1.237933
3122.3,305.748,1.2717
3122.4,305.75,1.305942
3122.5,305.751,1.340661
3122.6,305.753,1.375858
3122.7,305.754,1.411533
3122.8,305.756,1.447689
3122.9,305.758,1.484328
3123.0,305.76,1.514826
3123.1,305.762,1.525367
3123.2,305.764,1.52926
3123.3,305.765,1.533111
3123.4,305.767,1.536922
3123.5,305.769,1.540695
3123.6,305.771,1.544432
3123.7,305.773,1.548135
3123.8,305.775,1.551806
3123.9,305.777,1.553827
3124.0,305.779,1.555111
3124.1,305.781,1.539241
3124.2,305.783,1.519443
3124.3,305.785,1.499651
3124.4,305.787,1.479872
3124.5,305.788,1.460111
3124.6,305.79,1.440373
3124.7,305.792,1.420664
3124.8,305.794,1.400597
3124.9,305.795,1.37872
3125.0,305.797,1.356908
3125.1,305.799,1.325007
3125.2,305.8,1.288591
3125.3,305.802,1.252494
3125.4,305.803,1.216726
3125.5,305.805,1.181294
3125.6,305.806,1.146209
3125.7,305.807,1.111477
3125.8,305.809,1.077106
3125.9,305.81,1.043923
3126.0,305.811,1.012002
3126.1,305.812,0.992332
3126.2,305.813,0.975269
3126.3,305.814,0.958299
3126.4,305.815,0.941425
3126.5,305.816,0.924647
3126.6,305.817,0.907967
3126.7,305.818,0.891385
3126.8,305.818,0.874902
3126.9,305.819,0.858521
3127.0,305.82,0.844277
3127.1,305.821,0.83142
3127.2,305.822,0.819692
3127.3,305.822,0.808491
3127.4,305.823,0.797342
3127.5,305.824,0.786244
3127.6,305.824,0.775198
3127.7,305.825,0.764204
3127.8,305.826,0.754458
3127.9,305.826,0.744824
3128.0,305.827,0.735231
3128.1,305.827,0.731416
3128.2,305.828,0.731292
3128.3,305.829,0.731182
3128.4,305.829,0.731084
3128.5,305.83,0.730998
3128.6,305.83,0.730923
3128.7,305.831,0.730859
3128.8,305.832,0.730805
3128.9,305.832,0.73076
3129.0,305.833,0.730724
3129.1,305.833,0.730696
3129.2,305.834,0.730675
3129.3,305.834,0.730662
3129.4,305.835,0.730656
3129.5,305.836,0.730655
3129.6,305.836,0.730661
3129.7,305.837,0.730673
3129.8,305.837,0.73069
3129.9,305.838,0.730711
3130.0,305.839,0.730738
3130.1,305.839,0.730768
3130.2,305.84,0.730803
3130.3,305.84,0.730842
3130.4,305.841,0.730884
3130.5,305.841,0.73093
3130.6,305.842,0.730979
3130.7,305.843,0.731031
3130.8,305.843,0.731086
3130.9,305.844,0.731144
3131.0,305.844,0.729466
3131.1,305.845,0.725601
3131.2,305.845,0.720009
3131.3,305.846,0.714425
3131.4,305.847,0.708851
3131.5,305.847,0.703283
3131.6,305.848,0.697724
3131.7,305.848,0.692174
3131.8,305.849,0.686634
3131.9,305.849,0.681102
3132.0,305.85,0.674107
3132.1,305.85,0.664234
3132.2,305.851,0.652945
3132.3,305.851,0.641709
3132.4,305.852,0.630529
3132.5,305.852,0.619404
3132.6,305.852,0.608338
3132.7,305.853,0.59733
3132.8,305.853,0.586382
3132.9,305.853,0.575585
3133.0,305.854,0.567315
3133.1,305.854,0.563715
3133.2,305.854,0.562761
3133.3,305.855,0.561813
3133.4,305.855,0.560872
3133.5,305.855,0.559936
3133.6,305.855,0.559006
3133.7,305.856,0.558081
3133.8,305.856,0.55716
3133.9,305.856,0.556245
3134.0,305.857,0.555304
3134.1,305.857,0.554346
3134.2,305.857,0.553392
3134.3,305.858,0.552442
3134.4,305.858,0.551496
3134.5,305.858,0.550552
3134.6,305.858,0.549612
3134.7,305.859,0.548674
3134.8,305.859,0.547735
3134.9,305.859,0.5468
3135.0,305.859,0.547699
3135.1,305.86,0.555047
3135.2,305.86,0.564302
3135.3,305.86,0.573636
3135.4,305.861,0.583047
3135.5,305.861,0.592538
3135.6,305.861,0.602106
3135.7,305.862,0.611754
3135.8,305.862,0.62148
3135.9,305.862,0.631285
3136.0,305.863,0.63901
3136.1,305.863,0.640975
3136.2,305.864,0.640782
3136.3,305.864,0.640585
3136.4,305.865,0.640385
3136.5,305.865,0.640182
3136.6,305.865,0.639977
3136.7,305.866,0.639768
3136.8,305.866,0.639557
3136.9,305.867,0.639344
3137.0,305.867,0.640396
3137.1,305.868,0.644241
3137.2,305.868,0.649376
3137.3,305.868,0.654537
3137.4,305.869,0.659724
3137.5,305.869,0.664937
3137.6,305.87,0.670175
3137.7,305.87,0.67544
3137.8,305.871,0.68073
3137.9,305.871,0.686046
3138.0,305.872,0.689608
3138.1,305.872,0.691457
3138.2,305.873,0.691726
3138.3,305.873,0.691892
3138.4,305.874,0.692055
3138.5,305.874,0.692216
3138.6,305.875,0.692511
3138.7,305.875,0.69324
3138.8,305.876,0.693967
3138.9,305.876,0.694694
3139.0,305.877,0.695421
3139.1,305.877,0.698642
3139.2,305.878,0.704318
3139.3,305.878,0.710021
3139.4,305.879,0.715739
3139.5,305.879,0.721459
3139.6,305.88,0.727206
3139.7,305.881,0.73298
3139.8,305.881,0.738782
3139.9,305.882,0.74461
3140.0,305.882,0.750466
3140.1,305.883,0.751261
3140.2,305.884,0.751809
3140.3,305.884,0.752353
3140.4,305.885,0.752893
3140.5,305.885,0.753428
3140.6,305.886,0.753961
3140.7,305.887,0.754492
3140.8,305.887,0.75502
3140.9,305.888,0.755546
3141.0,305.888,0.758232
3141.1,305.889,0.773817
3141.2,305.89,0.791763
3141.3,305.89,0.809915
3141.4,305.891,0.828273
3141.5,305.892,0.846838
3141.6,305.893,0.86561
3141.7,305.893,0.884589
3141.8,305.894,0.903778
3141.9,305.895,0.923175
3142.0,305.896,0.939442
3142.1,305.897,0.944909
3142.2,305.898,0.947037
3142.3,305.899,0.949157
3142.4,305.9,0.951271
3142.5,305.901,0.953379
3142.6,305.902,0.955482
3142.7,305.903,0.957579
3142.8,305.903,0.959671
3142.9,305.904,0.961759
3143.0,305.905,0.963843
3143.1,305.906,0.965924
3143.2,305.907,0.968002
3143.3,305.908,0.970076
3143.4,305.909,0.972149
3143.5,305.91,0.974219
3143.6,305.911,0.976287
3143.7,305.912,0.978353
3143.8,305.913,0.97902
3143.9,305.914,0.979595
3144.0,305.915,0.980163
3144.1,305.916,0.980222
3144.2,305.917,0.975912
3144.3,305.918,0.971589
3144.4,305.919,0.967256
3144.5,305.92,0.962912
3144.6,305.921,0.958558
3144.7,305.922,0.954196
3144.8,305.923,0.949825
3144.9,305.924,0.945447
3145.0,305.925,0.938507
3145.1,305.926,0.92982
3145.2,305.927,0.918606
3145.3,305.927,0.907416
3145.4,305.928,0.896252
3145.5,305.929,0.885114
3145.6,305.93,0.874004
3145.7,305.931,0.862927
3145.8,305.932,0.851884
3145.9,305.932,0.840873
3146.0,305.933,0.829894
3146.1,305.934,0.824199
3146.2,305.935,0.818538
3146.3,305.935,0.812885
3146.4,305.936,0.807239
3146.5,305.937,0.801599
3146.6,305.937,0.795967
3146.7,305.938,0.790342
3146.8,305.939,0.784725
3146.9,305.939,0.777997
3147.0,305.94,0.769923
3147.1,305.941,0.761704
3147.2,305.941,0.749953
3147.3,305.942,0.738251
3147.4,305.942,0.726601
3147.5,305.943,0.715003
3147.6,305.944,0.703459
3147.7,305.944,0.691968
3147.8,305.945,0.680534
3147.9,305.945,0.669156
3148.0,305.946,0.655451
3148.1,305.946,0.629592
3148.2,305.946,0.601768
3148.3,305.947,0.574364
3148.4,305.947,0.547386
3148.5,305.947,0.52084
3148.6,305.948,0.494732
3148.7,305.948,0.469067
3148.8,305.948,0.443851
3148.9,305.948,0.419089
3149.0,305.948,0.395334
3149.1,305.948,0.374589
3149.2,305.948,0.354729
3149.3,305.948,0.335207
3149.4,305.948,0.316028
3149.5,305.948,0.297195
3149.6,305.948,0.278709
3149.7,305.947,0.260573
3149.8,305.947,0.24279
3149.9,305.947,0.225431
3150.0,305.947,0.208581
3150.1,305.946,0.195045
3150.2,305.946,0.182028
3150.3,305.946,0.169245
3150.4,305.945,0.156697
3150.5,305.945,0.144386
3150.6,305.945,0.132312
3150.7,305.944,0.120477
3150.8,305.944,0.10888
3150.9,305.943,0.097525
3151.0,305.943,0.086646
3151.1,305.942,0.084578
3151.2,305.942,0.08276
3151.3,305.941,0.080956
3151.4,305.941,0.079167
3151.5,305.94,0.077392
3151.6,305.94,0.075631
3151.7,305.939,0.073883
3151.8,305.939,0.072148
3151.9,305.938,0.070426
3152.0,305.938,0.068502
3152.1,305.937,0.064288
3152.2,305.937,0.059911
3152.3,305.936,0.055587
3152.4,305.935,0.051314
3152.5,305.935,0.047093
3152.6,305.934,0.042925
3152.7,305.934,0.038808
3152.8,305.933,0.034743
3152.9,305.933,0.030731
3153.0,305.932,0.026788
3153.1,305.931,0.025433
3153.2,305.931,0.024105
3153.3,305.93,0.022787
3153.4,305.93,0.021478
3153.5,305.929,0.02018
3153.6,305.928,0.018891
3153.7,305.928,0.017612
3153.8,305.927,0.016343
3153.9,305.926,0.015083
3154.0,305.926,0.013812
3154.1,305.925,0.012399
3154.2,305.925,0.010977
3154.3,305.924,0.009566
3154.4,305.923,0.008167
3154.5,305.923,0.006779
3154.6,305.922,0.005402
3154.7,305.921,0.004037
3154.8,305.921,0.002682
3154.9,305.92,0.001338
3155.0,305.92,0.0
3155.1,305.919,0.0
3155.2,305.918,0.0
3155.3,305.918,0.0
3155.4,305.917,0.0
3155.5,305.916,0.0
3155.6,305.916,0.0
3155.7,305.915,0.0
3155.8,305.914,0.0
3155.9,305.914,0.0
3156.0,305.913,0.0
3156.1,305.912,0.0
3156.2,305.912,0.0
3156.3,305.911,0.0
3156.4,305.91,0.0
3156.5,305.91,0.0
3156.6,305.909,0.0
3156.7,305.909,0.0
3156.8,305.908,0.0
3156.9,305.907,0.0
3157.0,305.907,0.0
3157.1,305.906,0.0
3157.2,305.905,0.0
3157.3,305.905,0.0
3157.4,305.904,0.0
3157.5,305.903,0.0
3157.6,305.903,0.0
3157.7,305.902,0.0
3157.8,305.901,0.0
3157.9,305.901,0.0
3158.0,305.9,0.0
3158.1,305.9,0.0
3158.2,305.899,0.0
3158.3,305.898,0.0
3158.4,305.898,0.0
3158.5,305.897,0.0
3158.6,305.896,0.0
3158.7,305.896,0.0
3158.8,305.895,0.0
3158.9,305.894,0.0
3159.0,305.894,0.0
3159.1,305.893,0.0
3159.2,305.892,0.0
3159.3,305.892,0.0
3159.4,305.891,0.0
3159.5,305.891,0.0
3159.6,305.89,0.0
3159.7,305.889,0.0
3159.8,305.889,0.0
3159.9,305.888,0.0
3160.0,305.887,0.0
3160.1,305.887,0.0
3160.2,305.886,0.0
3160.3,305.885,0.0
3160.4,305.885,0.0
3160.5,305.884,0.0
3160.6,305.883,0.0
3160.7,305.883,0.0
3160.8,305.882,0.0
3160.9,305.882,0.0
3161.0,305.881,0.0
3161.1,305.88,0.011939
3161.2,305.88,0.024338
3161.3,305.879,0.037211
3161.4,305.878,0.050564
3161.5,305.878,0.064404
3161.6,305.877,0.078737
3161.7,305.877,0.093568
3161.8,305.876,0.108903
3161.9,305.876,0.124747
3162.0,305.875,0.141702
3162.1,305.875,0.164014
3162.2,305.875,0.187869
3162.3,305.874,0.212682
3162.4,305.874,0.238462
3162.5,305.874,0.265218
3162.6,305.874,0.292958
3162.7,305.873,0.321691
3162.8,305.873,0.351424
3162.9,305.873,0.382166
3163.0,305.873,0.413604
3163.1,305.873,0.441948
3163.2,305.873,0.470735
3163.3,305.874,0.500289
3163.4,305.874,0.530616
3163.5,305.874,0.561719
3163.6,305.874,0.593603
3163.7,305.875,0.626274
3163.8,305.875,0.659734
3163.9,305.876,0.693989
3164.0,305.876,0.726443
3164.1,305.877,0.709352
3164.2,305.877,0.689776
3164.3,305.878,0.670316
3164.4,305.878,0.650983
3164.5,305.879,0.631783
3164.6,305.879,0.612726
3164.7,305.879,0.59382
3164.8,305.88,0.57507
3164.9,305.88,0.556486
3165.0,305.88,0.536432
3165.1,305.881,0.514061
3165.2,305.881,0.490403
3165.3,305.881,0.467101
3165.4,305.881,0.444163
3165.5,305.881,0.421598
3165.6,305.881,0.399413
3165.7,305.881,0.377614
3165.8,305.881,0.35621
3165.9,305.881,0.335205
3166.0,305.881,0.313525
3166.1,305.881,0.287113
3166.2,305.881,0.260415
3166.3,305.881,0.234522
3166.4,305.88,0.209445
3166.5,305.88,0.185194
3166.6,305.88,0.161777
3166.7,305.879,0.139204
3166.8,305.879,0.117484
3166.9,305.879,0.096626
3167.0,305.878,0.076924
3167.1,305.878,0.068143
3167.2,305.877,0.059831
3167.3,305.876,0.051703
3167.4,305.876,0.043759
3167.5,305.875,0.036001
3167.6,305.875,0.028428
3167.7,305.874,0.021041
3167.8,305.874,0.013842
3167.9,305.873,0.00683
3168.0,305.872,0.0
3168.1,305.872,0.0
3168.2,305.871,0.0
3168.3,305.87,0.0
3168.4,305.87,0.0
3168.5,305.869,0.0
3168.6,305.869,0.0
3168.7,305.868,0.0
3168.8,305.867,0.0
3168.9,305.867,0.0
3169.0,305.866,0.0
3169.1,305.865,0.007636
3169.2,305.865,0.015444
3169.3,305.864,0.023432
3169.4,305.863,0.031606
3169.5,305.863,0.039967
3169.6,305.862,0.04852
3169.7,305.862,0.057267
3169.8,305.861,0.06621
3169.9,305.861,0.075358
3170.0,305.86,0.084973
3170.1,305.86,0.096179
3170.2,305.859,0.107957
3170.3,305.859,0.120036
3170.4,305.858,0.132419
3170.5,305.858,0.14511
3170.6,305.858,0.158111
3170.7,305.857,0.171425
3170.8,305.857,0.185055
3170.9,305.856,0.199004
3171.0,305.856,0.212497
3171.1,305.856,0.213382
3171.2,305.856,0.213486
3171.3,305.855,0.213583
3171.4,305.855,0.213676
3171.5,305.855,0.213763
3171.6,305.854,0.213846
3171.7,305.854,0.213925
3171.8,305.854,0.213999
3171.9,305.854,0.21407
3172.0,305.853,0.213556
3172.1,305.853,0.201902
3172.2,305.853,0.18986
3172.3,305.852,0.178014
3172.4,305.852,0.166367
3172.5,305.852,0.154925
3172.6,305.851,0.143689
3172.7,305.851,0.132664
3172.8,305.851,0.121819
3172.9,305.85,0.111145
3173.0,305.85,0.100693
3173.1,305.849,0.089476
3173.2,305.849,0.078353
3173.3,305.848,0.067518
3173.4,305.848,0.056975
3173.5,305.847,0.046727
3173.6,305.847,0.036776
3173.7,305.846,0.027126
3173.8,305.845,0.017779
3173.9,305.845,0.008738
3174.0,305.844,0.0
3174.1,305.844,0.0
3174.2,305.843,0.0
3174.3,305.842,0.0
3174.4,305.842,0.0
3174.5,305.841,0.0
3174.6,305.84,0.0
3174.7,305.84,0.0
3174.8,305.839,0.0
3174.9,305.838,0.0
3175.0,305.838,0.0
3175.1,305.837,0.0
3175.2,305.837,0.0
3175.3,305.836,0.0
3175.4,305.835,0.0
3175.5,305.835,0.0
3175.6,305.834,0.0
3175.7,305.833,0.0
3175.8,305.833,0.0
3175.9,305.832,0.0
3176.0,305.831,0.0
3176.1,305.831,0.0
3176.2,305.83,0.0
3176.3,305.83,0.0
3176.4,305.829,0.0
3176.5,305.828,0.0
3176.6,305.828,0.0
3176.7,305.827,0.0
3176.8,305.826,0.0
3176.9,305.826,0.0
3177.0,305.825,0.0
3177.1,305.824,0.0
3177.2,305.824,0.0
3177.3,305.823,0.0
3177.4,305.823,0.0
3177.5,305.822,0.0
3177.6,305.821,0.0
3177.7,305.821,0.0
3177.8,305.82,0.0
3177.9,305.819,0.0
3178.0,305.819,0.0
3178.1,305.818,0.0
3178.2,305.817,0.0
3178.3,305.817,0.0
3178.4,305.816,0.0
3178.5,305.816,0.0
3178.6,305.815,0.0
3178.7,305.814,0.0
3178.8,305.814,0.0
3178.9,305.813,0.0
3179.0,305.812,0.0
3179.1,305.812,0.0
3179.2,305.811,0.0
3179.3,305.81,0.0
3179.4,305.81,0.0
3179.5,305.809,0.0
3179.6,305.809,0.0
3179.7,305.808,0.0
3179.8,305.807,0.0
3179.9,305.807,0.0
3180.0,305.806,0.0
3180.1,305.805,0.0
3180.2,305.805,0.0
3180.3,305.804,0.0
3180.4,305.804,0.0
3180.5,305.803,0.0
3180.6,305.802,0.0
3180.7,305.802,0.0
3180.8,305.801,0.0
3180.9,305.8,0.0
3181.0,305.8,0.0
3181.1,305.799,0.017151
3181.2,305.799,0.035499
3181.3,305.798,0.055085
3181.4,305.797,0.07592
3181.5,305.797,0.098017
3181.6,305.796,0.121391
3181.7,305.796,0.146057
3181.8,305.796,0.172027
3181.9,305.795,0.199314
3182.0,305.795,0.227226
3182.1,305.795,0.250839
3182.2,305.794,0.27456
3182.3,305.794,0.299096
3182.4,305.794,0.324453
3182.5,305.794,0.350638
3182.6,305.794,0.377656
3182.7,305.794,0.405513
3182.8,305.794,0.434213
3182.9,305.794,0.463762
3183.0,305.794,0.492634
3183.1,305.794,0.487805
3183.2,305.795,0.481422
3183.3,305.795,0.475017
3183.4,305.795,0.468594
3183.5,305.795,0.462155
3183.6,305.795,0.455705
3183.7,305.795,0.449245
3183.8,305.796,0.442779
3183.9,305.796,0.436309
3184.0,305.796,0.429082
3184.1,305.796,0.405475
3184.2,305.796,0.38157
3184.3,305.796,0.358135
3184.4,305.796,0.33518
3184.5,305.796,0.312714
3184.6,305.796,0.290748
3184.7,305.795,0.269291
3184.8,305.795,0.248351
3184.9,305.795,0.227938
3185.0,305.795,0.20887
3185.1,305.795,0.20605
3185.2,305.794,0.204046
3185.3,305.794,0.202048
3185.4,305.794,0.200057
3185.5,305.793,0.198073
3185.6,305.793,0.196094
3185.7,305.793,0.194122
3185.8,305.792,0.192156
3185.9,305.792,0.190196
3186.0,305.792,0.188782
3186.1,305.792,0.202935
3186.2,305.791,0.217992
3186.3,305.791,0.233414
3186.4,305.791,0.249208
3186.5,305.79,0.265376
3186.6,305.79,0.281921
3186.7,305.79,0.298847
3186.8,305.79,0.316157
3186.9,305.79,0.333855
3187.0,305.79,0.353584
3187.1,305.79,0.381297
3187.2,305.79,0.4116
3187.3,305.79,0.442862
3187.4,305.79,0.475091
3187.5,305.79,0.508294
3187.6,305.79,0.542479
3187.7,305.791,0.577652
3187.8,305.791,0.613821
3187.9,305.791,0.650992
3188.0,305.792,0.687401
3188.1,305.792,0.724472
3188.2,305.793,0.762345
3188.3,305.794,0.800252
3188.4,305.794,0.839044
3188.5,305.795,0.878724
3188.6,305.796,0.919297
3188.7,305.797,0.960768
3188.8,305.798,1.002104
3188.9,305.799,1.043646
3189.0,305.8,1.08603
3189.1,305.801,1.100008
3189.2,305.802,1.109437
3189.3,305.803,1.118871
3189.4,305.805,1.128314
3189.5,305.806,1.137765
3189.6,305.807,1.147225
3189.7,305.808,1.156698
3189.8,305.81,1.166183
3189.9,305.811,1.175683
3190.0,305.812,1.180598
3190.1,305.814,1.158555
3190.2,305.815,1.132042
3190.3,305.816,1.105656
3190.4,305.817,1.079409
3190.5,305.819,1.053308
3190.6,305.82,1.027363
3190.7,305.821,1.001582
3190.8,305.822,0.975974
3190.9,305.823,0.950546
3191.0,305.824,0.922448
3191.1,305.825,0.891742
3191.2,305.825,0.858594
3191.3,305.826,0.825863
3191.4,305.827,0.793559
3191.5,305.828,0.761692
3191.6,305.828,0.73027
3191.7,305.829,0.699303
3191.8,305.829,0.668798
3191.9,305.83,0.639025
3192.0,305.83,0.610632
3192.1,305.831,0.582685
3192.2,305.831,0.55519
3192.3,305.831,0.528397
3192.4,305.832,0.502341
3192.5,305.832,0.476737
3192.6,305.832,0.451591
3192.7,305.832,0.426987
3192.8,305.832,0.402883
3192.9,305.832,0.379247
3193.0,305.832,0.356084
3193.1,305.832,0.339143
3193.2,305.832,0.322858
3193.3,305.832,0.306831
3193.4,305.832,0.291063
3193.5,305.832,0.275557
3193.6,305.832,0.260313
3193.7,305.831,0.245335
3193.8,305.831,0.230624
3193.9,305.831,0.216181
3194.0,305.831,0.202619
3194.1,305.83,0.196967
3194.2,305.83,0.191969
3194.3,305.83,0.187014
3194.4,305.829,0.182101
3194.5,305.829,0.177231
3194.6,305.829,0.172402
3194.7,305.828,0.167614
3194.8,305.828,0.162867
3194.9,305.828,0.158161
3195.0,305.827,0.15347
3195.1,305.827,0.144268
3195.2,305.827,0.135183
3195.3,305.826,0.126242
3195.4,305.826,0.117446
3195.5,305.825,0.108795
3195.6,305.825,0.100291
3195.7,305.824,0.091934
3195.8,305.824,0.083724
3195.9,305.823,0.075664
3196.0,305.823,0.067843
3196.1,305.822,0.061738
3196.2,305.822,0.055817
3196.3,305.821,0.04999
3196.4,305.821,0.044257
3196.5,305.82,0.03862
3196.6,305.82,0.033077
3196.7,305.819,0.02763
3196.8,305.818,0.022278
3196.9,305.818,0.017023
3197.0,305.817,0.011864
3197.1,305.817,0.010638
3197.2,305.816,0.009421
3197.3,305.815,0.008213
3197.4,305.815,0.007014
3197.5,305.814,0.005824
3197.6,305.814,0.004643
3197.7,305.813,0.003471
3197.8,305.812,0.002307
3197.9,305.812,0.001151
3198.0,305.811,0.0
3198.1,305.81,0.0
3198.2,305.81,0.0
3198.3,305.809,0.0
3198.4,305.809,0.0
3198.5,305.808,0.0
3198.6,305.807,0.0
3198.7,305.807,0.0
3198.8,305.806,0.0
3198.9,305.805,0.0
3199.0,305.805,0.0
3199.1,305.804,0.0
3199.2,305.803,0.0
3199.3,305.803,0.0
3199.4,305.802,0.0
3199.5,305.802,0.0
3199.6,305.801,0.0
3199.7,305.8,0.0
3199.8,305.8,0.0
3199.9,305.799,0.0
3200.0,305.798,0.0
3200.1,305.798,0.0
3200.2,305.797,0.0
3200.3,305.797,0.0
3200.4,305.796,0.0
3200.5,305.795,0.0
3200.6,305.795,0.0
3200.7,305.794,0.0
3200.8,305.793,0.0
3200.9,305.793,0.0
3201.0,305.792,0.0
3201.1,305.791,0.0
3201.2,305.791,0.0
3201.3,305.79,0.0
3201.4,305.79,0.0
3201.5,305.789,0.0
3201.6,305.788,0.0
3201.7,305.788,0.0
3201.8,305.787,0.0
3201.9,305.786,0.0
3202.0,305.786,0.0
3202.1,305.785,0.0
3202.2,305.785,0.0
3202.3,305.784,0.0
3202.4,305.783,0.0
3202.5,305.783,0.0
3202.6,305.782,0.0
3202.7,305.781,0.0
3202.8,305.781,0.0
3202.9,305.78,0.0
3203.0,305.779,0.0
3203.1,305.779,0.0
3203.2,305.778,0.0
3203.3,305.778,0.0
3203.4,305.777,0.0
3203.5,305.776,0.0
3203.6,305.776,0.0
3203.7,305.775,0.0
3203.8,305.774,0.0
3203.9,305.774,0.0
3204.0,305.773,0.0
3204.1,305.773,0.0
3204.2,305.772,0.0
3204.3,305.771,0.0
3204.4,305.771,0.0
3204.5,305.77,0.0
3204.6,305.769,0.0
3204.7,305.769,0.0
3204.8,305.768,0.0
3204.9,305.768,0.0
3205.0,305.767,0.0
3205.1,305.766,0.0
3205.2,305.766,0.0
3205.3,305.765,0.0
3205.4,305.764,0.0
3205.5,305.764,0.0
3205.6,305.763,0.0
3205.7,305.762,0.0
3205.8,305.762,0.0
3205.9,305.761,0.0
3206.0,305.761,0.0
3206.1,305.76,0.0
3206.2,305.759,0.0
3206.3,305.759,0.0
3206.4,305.758,0.0
3206.5,305.757,0.0
3206.6,305.757,0.0
3206.7,305.756,0.0
3206.8,305.756,0.0
3206.9,305.755,0.0
3207.0,305.754,0.0
3207.1,305.754,0.006189
3207.2,305.753,0.012544
3207.3,305.752,0.019048
3207.4,305.752,0.025673
3207.5,305.751,0.03245
3207.6,305.751,0.039392
3207.7,305.75,0.046493
3207.8,305.75,0.053752
3207.9,305.749,0.061172
3208.0,305.749,0.068392
3208.1,305.748,0.067211
3208.2,305.747,0.065673
3208.3,305.747,0.064139
3208.4,305.746,0.062608
3208.5,305.746,0.061082
3208.6,305.745,0.059561
3208.7,305.745,0.058044
3208.8,305.744,0.056532
3208.9,305.744,0.055025
3209.0,305.743,0.053393
3209.1,305.743,0.051094
3209.2,305.742,0.048679
3209.3,305.742,0.046282
3209.4,305.741,0.043901
3209.5,305.741,0.041537
3209.6,305.74,0.03919
3209.7,305.739,0.036861
3209.8,305.739,0.03455
3209.9,305.738,0.032257
3210.0,305.738,0.030043
3210.1,305.737,0.028423
3210.2,305.737,0.026873
3210.3,305.736,0.025332
3210.4,305.735,0.023801
3210.5,305.735,0.022279
3210.6,305.734,0.020766
3210.7,305.734,0.019264
3210.8,305.733,0.017771
3210.9,305.732,0.016288
3211.0,305.732,0.014869
3211.1,305.731,0.014054
3211.2,305.731,0.013297
3211.3,305.73,0.012543
3211.4,305.729,0.011791
3211.5,305.729,0.011044
3211.6,305.728,0.010299
3211.7,305.728,0.009558
3211.8,305.727,0.00882
3211.9,305.726,0.008085
3212.0,305.726,0.007389
3212.1,305.725,0.010703
3212.2,305.725,0.014095
3212.3,305.724,0.01753
3212.4,305.723,0.021007
3212.5,305.723,0.024528
3212.6,305.722,0.028093
3212.7,305.722,0.031702
3212.8,305.721,0.035357
3212.9,305.72,0.039058
3213.0,305.72,0.042984
3213.1,305.719,0.052949
3213.2,305.719,0.063419
3213.3,305.718,0.074219
3213.4,305.718,0.085353
3213.5,305.717,0.096824
3213.6,305.717,0.108636
3213.7,305.716,0.120792
3213.8,305.716,0.133294
3213.9,305.716,0.146147
3214.0,305.715,0.159487
3214.1,305.715,0.177012
3214.2,305.714,0.195266
3214.3,305.714,0.214119
3214.4,305.714,0.233577
3214.5,305.714,0.253645
3214.6,305.713,0.274326
3214.7,305.713,0.295626
3214.8,305.713,0.317146
3214.9,305.713,0.338932
3215.0,305.713,0.361308
3215.1,305.713,0.382215
3215.2,305.713,0.401572
3215.3,305.713,0.421343
3215.4,305.713,0.44153
3215.5,305.713,0.462136
3215.6,305.713,0.483161
3215.7,305.714,0.50461
3215.8,305.714,0.526482
3215.9,305.714,0.548782
3216.0,305.714,0.568917
3216.1,305.715,0.581247
3216.2,305.715,0.591063
3216.3,305.715,0.600949
3216.4,305.716,0.610907
3216.5,305.716,0.620938
3216.6,305.717,0.631039
3216.7,305.717,0.641213
3216.8,305.717,0.65146
3216.9,305.718,0.661779
3217.0,305.718,0.669279
3217.1,305.719,0.657265
3217.2,305.719,0.64242
3217.3,305.72,0.627635
3217.4,305.72,0.612918
3217.5,305.721,0.598273
3217.6,305.721,0.583705
3217.7,305.721,0.569218
3217.8,305.722,0.554817
3217.9,305.722,0.540507
3218.0,305.722,0.526016
3218.1,305.722,0.491862
3218.2,305.723,0.458237
3218.3,305.723,0.425431
3218.4,305.723,0.393458
3218.5,305.723,0.362333
3218.6,305.723,0.332069
3218.7,305.723,0.30268
3218.8,305.723,0.274176
3218.9,305.722,0.246571
3219.0,305.722,0.219444
3219.1,305.722,0.193184
3219.2,305.722,0.167709
3219.3,305.721,0.143126
3219.4,305.721,0.119558
3219.5,305.721,0.097013
3219.6,305.72,0.075504
3219.7,305.72,0.055039
3219.8,305.719,0.035629
3219.9,305.718,0.017281
3220.0,305.718,0.0
3220.1,305.717,0.0
3220.2,305.717,0.0
3220.3,305.716,0.0
3220.4,305.715,0.0
3220.5,305.715,0.0
3220.6,305.714,0.0
3220.7,305.714,0.0
3220.8,305.713,0.0
3220.9,305.712,0.0
3221.0,305.712,0.0
3221.1,305.711,0.0
3221.2,305.71,0.0
3221.3,305.71,0.0
3221.4,305.709,0.0
3221.5,305.709,0.0
3221.6,305.708,0.0
3221.7,305.707,0.0
3221.8,305.707,0.0
3221.9,305.706,0.0
3222.0,305.705,0.0
3222.1,305.705,0.0
3222.2,305.704,0.0
3222.3,305.704,0.0
3222.4,305.703,0.0
3222.5,305.702,0.0
3222.6,305.702,0.0
3222.7,305.701,0.0
3222.8,305.7,0.0
3222.9,305.7,0.0
3223.0,305.699,0.0
3223.1,305.699,0.008114
3223.2,305.698,0.016458
3223.3,305.697,0.025042
3223.4,305.697,0.03387
3223.5,305.696,0.042944
3223.6,305.696,0.052269
3223.7,305.695,0.061847
3223.8,305.695,0.071682
3223.9,305.694,0.081775
3224.0,305.694,0.092216
3224.1,305.693,0.108954
3224.2,305.693,0.126428
3224.3,305.692,0.144562
3224.4,305.692,0.16336
3224.5,305.692,0.182831
3224.6,305.691,0.202979
3224.7,305.691,0.22381
3224.8,305.691,0.245331
3224.9,305.691,0.267686
3225.0,305.69,0.291427
3225.1,305.69,0.319168
3225.2,305.69,0.348901
3225.3,305.69,0.379675
3225.4,305.69,0.411497
3225.5,305.69,0.444373
3225.6,305.69,0.478312
3225.7,305.69,0.513321
3225.8,305.691,0.549406
3225.9,305.691,0.586575
3226.0,305.691,0.62378
3226.1,305.692,0.612845
3226.2,305.692,0.600867
3226.3,305.693,0.588902
3226.4,305.693,0.576957
3226.5,305.693,0.565037
3226.6,305.694,0.553148
3226.7,305.694,0.541293
3226.8,305.694,0.529479
3226.9,305.694,0.517709
3227.0,305.695,0.503799
3227.1,305.695,0.472978
3227.2,305.695,0.440722
3227.3,305.695,0.409231
3227.4,305.695,0.378518
3227.5,305.695,0.348599
3227.6,305.695,0.319487
3227.7,305.695,0.291197
3227.8,305.695,0.263774
3227.9,305.695,0.237234
3228.0,305.694,0.211548
3228.1,305.694,0.188419
3228.2,305.694,0.166206
3228.3,305.694,0.144747
3228.4,305.693,0.124052
3228.5,305.693,0.104128
3228.6,305.692,0.084984
3228.7,305.692,0.066626
3228.8,305.691,0.049056
3228.9,305.691,0.032292
3229.0,305.69,0.016396
3229.1,305.69,0.014648
3229.2,305.689,0.012959
3229.3,305.688,0.011287
3229.4,305.688,0.00963
3229.5,305.687,0.007989
3229.6,305.687,0.006362
3229.7,305.686,0.004751
3229.8,305.685,0.003155
3229.9,305.685,0.001574
3230.0,305.684,0.0
3230.1,305.684,0.0
3230.2,305.683,0.0
3230.3,305.682,0.0
3230.4,305.682,0.0
3230.5,305.681,0.0
3230.6,305.68,0.0
3230.7,305.68,0.0
3230.8,305.679,0.0
3230.9,305.679,0.0
3231.0,305.678,0.0
3231.1,305.677,0.0
3231.2,305.677,0.0
3231.3,305.676,0.0
3231.4,305.675,0.0
3231.5,305.675,0.0
3231.6,305.674,0.0
3231.7,305.674,0.0
3231.8,305.673,0.0
3231.9,305.672,0.0
3232.0,305.672,0.0
3232.1,305.671,0.0
3232.2,305.671,0.0
3232.3,305.67,0.0
3232.4,305.669,0.0
3232.5,305.669,0.0
3232.6,305.668,0.0
3232.7,305.667,0.0
3232.8,305.667,0.0
3232.9,305.666,0.0
3233.0,305.666,0.0
3233.1,305.665,0.0
3233.2,305.664,0.0
3233.3,305.664,0.0
3233.4,305.663,0.0
3233.5,305.662,0.0
3233.6,305.662,0.0
3233.7,305.661,0.0
3233.8,305.661,0.0
3233.9,305.66,0.0
3234.0,305.659,0.0
3234.1,305.659,0.0
3234.2,305.658,0.0
3234.3,305.657,0.0
3234.4,305.657,0.0
3234.5,305.656,0.0
3234.6,305.656,0.0
3234.7,305.655,0.0
3234.8,305.654,0.0
3234.9,305.654,0.0
3235.0,305.653,0.0
3235.1,305.653,0.005044
3235.2,305.652,0.010165
3235.3,305.651,0.015386
3235.4,305.651,0.020714
3235.5,305.65,0.026152
3235.6,305.65,0.031692
3235.7,305.649,0.037316
3235.8,305.648,0.043033
3235.9,305.648,0.048854
3236.0,305.647,0.054658
3236.1,305.647,0.059811
3236.2,305.646,0.064908
3236.3,305.646,0.07008
3236.4,305.645,0.075327
3236.5,305.645,0.080651
3236.6,305.644,0.086052
3236.7,305.644,0.09153
3236.8,305.643,0.097086
3236.9,305.643,0.102721
3237.0,305.642,0.108323
3237.1,305.642,0.105806
3237.2,305.642,0.103185
3237.3,305.641,0.100573
3237.4,305.641,0.097971
3237.5,305.64,0.095378
3237.6,305.64,0.092795
3237.7,305.639,0.090223
3237.8,305.639,0.087662
3237.9,305.638,0.085113
3238.0,305.638,0.082507
3238.1,305.637,0.077314
3238.2,305.637,0.072115
3238.3,305.636,0.06698
3238.4,305.636,0.061911
3238.5,305.635,0.056908
3238.6,305.635,0.051973
3238.7,305.634,0.047105
3238.8,305.634,0.042307
3238.9,305.633,0.03758
3239.0,305.633,0.032967
3239.1,305.632,0.029436
3239.2,305.632,0.025991
3239.3,305.631,0.022589
3239.4,305.63,0.019231
3239.5,305.63,0.015916
3239.6,305.629,0.012645
3239.7,305.629,0.009418
3239.8,305.628,0.006236
3239.9,305.627,0.003098
3240.0,305.627,0.0
3240.1,305.626,0.0
3240.2,305.626,0.0
3240.3,305.625,0.0
3240.4,305.624,0.0
3240.5,305.624,0.0
3240.6,305.623,0.0
3240.7,305.623,0.0
3240.8,305.622,0.0
3240.9,305.621,0.0
3241.0,305.621,0.0
3241.1,305.62,0.0
3241.2,305.619,0.0
3241.3,305.619,0.0
3241.4,305.618,0.0
3241.5,305.618,0.0
3241.6,305.617,0.0
3241.7,305.616,0.0
3241.8,305.616,0.0
3241.9,305.615,0.0
3242.0,305.615,0.0
3242.1,305.614,0.000559
3242.2,305.613,0.00112
3242.3,305.613,0.001678
3242.4,305.612,0.002236
3242.5,305.611,0.002795
3242.6,305.611,0.003355
3242.7,305.61,0.003915
3242.8,305.61,0.004476
3242.9,305.609,0.005038
3243.0,305.608,0.00561
3243.1,305.608,0.008311
3243.2,305.607,0.011049
3243.3,305.607,0.013816
3243.4,305.606,0.016613
3243.5,305.605,0.019438
3243.6,305.605,0.022293
3243.7,305.604,0.025178
3243.8,305.604,0.028094
3243.9,305.603,0.03104
3244.0,305.603,0.033997
3244.1,305.602,0.03358
3244.2,305.601,0.033144
3244.3,305.601,0.032707
3244.4,305.6,0.032271
3244.5,305.6,0.031835
3244.6,305.599,0.0314
3244.7,305.599,0.030965
3244.8,305.598,0.03053
3244.9,305.598,0.030096
3245.0,305.597,0.029597
3245.1,305.596,0.026536
3245.2,305.596,0.023444
3245.3,305.595,0.020387
3245.4,305.595,0.017366
3245.5,305.594,0.01438
3245.6,305.593,0.011431
3245.7,305.593,0.008518
3245.8,305.592,0.005643
3245.9,305.592,0.002805
3246.0,305.591,0.0
3246.1,305.59,0.0
3246.2,305.59,0.0
3246.3,305.589,0.0
3246.4,305.589,0.0
3246.5,305.588,0.0
3246.6,305.587,0.0
3246.7,305.587,0.0
3246.8,305.586,0.0
3246.9,305.586,0.0
3247.0,305.585,0.0
3247.1,305.584,0.0
3247.2,305.584,0.0
3247.3,305.583,0.0
3247.4,305.582,0.0
3247.5,305.582,0.0
3247.6,305.581,0.0
3247.7,305.581,0.0
3247.8,305.58,0.0
3247.9,305.579,0.0
3248.0,305.579,0.0
3248.1,305.578,0.0
3248.2,305.578,0.0
3248.3,305.577,0.0
3248.4,305.576,0.0
3248.5,305.576,0.0
3248.6,305.575,0.0
3248.7,305.575,0.0
3248.8,305.574,0.0
3248.9,305.573,0.0
3249.0,305.573,0.0
3249.1,305.572,0.0
3249.2,305.571,0.0
3249.3,305.571,0.0
3249.4,305.57,0.0
3249.5,305.57,0.0
3249.6,305.569,0.0
3249.7,305.568,0.0
3249.8,305.568,0.0
3249.9,305.567,0.0
3250.0,305.567,0.0
3250.1,305.566,0.0
3250.2,305.565,0.0
3250.3,305.565,0.0
3250.4,305.564,0.0
3250.5,305.564,0.0
3250.6,305.563,0.0
3250.7,305.562,0.0
3250.8,305.562,0.0
3250.9,305.561,0.0
3251.0,305.56,0.0
3251.1,305.56,0.0
3251.2,305.559,0.0
3251.3,305.559,0.0
3251.4,305.558,0.0
3251.5,305.557,0.0
3251.6,305.557,0.0
3251.7,305.556,0.0
3251.8,305.556,0.0
3251.9,305.555,0.0
3252.0,305.554,0.0
3252.1,305.554,0.0
3252.2,305.553,0.0
3252.3,305.553,0.0
3252.4,305.552,0.0
3252.5,305.551,0.0
3252.6,305.551,0.0
3252.7,305.55,0.0
3252.8,305.549,0.0
3252.9,305.549,0.0
3253.0,305.548,0.0
3253.1,305.548,0.0
3253.2,305.547,0.0
3253.3,305.546,0.0
3253.4,305.546,0.0
3253.5,305.545,0.0
3253.6,305.545,0.0
3253.7,305.544,0.0
3253.8,305.543,0.0
3253.9,305.543,0.0
3254.0,305.542,0.0
3254.1,305.542,0.0
3254.2,305.541,0.0
3254.3,305.54,0.0
3254.4,305.54,0.0
3254.5,305.539,0.0
3254.6,305.539,0.0
3254.7,305.538,0.0
3254.8,305.537,0.0
3254.9,305.537,0.0
3255.0,305.536,0.0
3255.1,305.535,0.0
3255.2,305.535,0.0
3255.3,305.534,0.0
3255.4,305.534,0.0
3255.5,305.533,0.0
3255.6,305.532,0.0
3255.7,305.532,0.0
3255.8,305.531,0.0
3255.9,305.531,0.0
3256.0,305.53,0.0
3256.1,305.529,0.0
3256.2,305.529,0.0
3256.3,305.528,0.0
3256.4,305.528,0.0
3256.5,305.527,0.0
3256.6,305.526,0.0
3256.7,305.526,0.0
3256.8,305.525,0.0
3256.9,305.525,0.0
3257.0,305.524,0.0
3257.1,305.523,0.0
3257.2,305.523,0.0
3257.3,305.522,0.0
3257.4,305.521,0.0
3257.5,305.521,0.0
3257.6,305.52,0.0
3257.7,305.52,0.0
3257.8,305.519,0.0
3257.9,305.518,0.0
3258.0,305.518,0.0
3258.1,305.517,0.0
3258.2,305.517,0.0
3258.3,305.516,0.0
3258.4,305.515,0.0
3258.5,305.515,0.0
3258.6,305.514,0.0
3258.7,305.514,0.0
3258.8,305.513,0.0
3258.9,305.512,0.0
3259.0,305.512,0.0
3259.1,305.511,0.0
3259.2,305.511,0.0
3259.3,305.51,0.0
3259.4,305.509,0.0
3259.5,305.509,0.0
3259.6,305.508,0.0
3259.7,305.508,0.0
3259.8,305.507,0.0
3259.9,305.506,0.0
3260.0,305.506,0.0
3260.1,305.505,0.0
3260.2,305.505,0.0
3260.3,305.504,0.0
3260.4,305.503,0.0
3260.5,305.503,0.0
3260.6,305.502,0.0
3260.7,305.501,0.0
3260.8,305.501,0.0
3260.9,305.5,0.0
3261.0,305.5,0.0
3261.1,305.499,0.0
3261.2,305.498,0.0
3261.3,305.498,0.0
3261.4,305.497,0.0
3261.5,305.497,0.0
3261.6,305.496,0.0
3261.7,305.495,0.0
3261.8,305.495,0.0
3261.9,305.494,0.0
3262.0,305.494,0.0
3262.1,305.493,0.0
3262.2,305.492,0.0
3262.3,305.492,0.0
3262.4,305.491,0.0
3262.5,305.491,0.0
3262.6,305.49,0.0
3262.7,305.489,0.0
3262.8,305.489,0.0
3262.9,305.488,0.0
3263.0,305.488,0.0
3263.1,305.487,0.0
3263.2,305.486,0.0
3263.3,305.486,0.0
3263.4,305.485,0.0
3263.5,305.485,0.0
3263.6,305.484,0.0
3263.7,305.483,0.0
3263.8,305.483,0.0
3263.9,305.482,0.0
3264.0,305.482,0.0
3264.1,305.481,0.0
3264.2,305.48,0.0
3264.3,305.48,0.0
3264.4,305.479,0.0
3264.5,305.479,0.0
3264.6,305.478,0.0
3264.7,305.477,0.0
3264.8,305.477,0.0
3264.9,305.476,0.0
3265.0,305.475,0.0
3265.1,305.475,0.0
3265.2,305.474,0.0
3265.3,305.474,0.0
3265.4,305.473,0.0
3265.5,305.472,0.0
3265.6,305.472,0.0
3265.7,305.471,0.0
3265.8,305.471,0.0
3265.9,305.47,0.0
3266.0,305.469,0.0
3266.1,305.469,0.0
3266.2,305.468,0.0
3266.3,305.468,0.0
3266.4,305.467,0.0
3266.5,305.466,0.0
3266.6,305.466,0.0
3266.7,305.465,0.0
3266.8,305.465,0.0
3266.9,305.464,0.0
3267.0,305.463,0.0
3267.1,305.463,0.0
3267.2,305.462,0.0
3267.3,305.462,0.0
3267.4,305.461,0.0
3267.5,305.46,0.0
3267.6,305.46,0.0
3267.7,305.459,0.0
3267.8,305.459,0.0
3267.9,305.458,0.0
3268.0,305.457,0.0
3268.1,305.457,0.0
3268.2,305.456,0.0
3268.3,305.456,0.0
3268.4,305.455,0.0
3268.5,305.454,0.0
3268.6,305.454,0.0
3268.7,305.453,0.0
3268.8,305.453,0.0
3268.9,305.452,0.0
3269.0,305.451,0.0
3269.1,305.451,0.0
3269.2,305.45,0.0
3269.3,305.45,0.0
3269.4,305.449,0.0
3269.5,305.448,0.0
3269.6,305.448,0.0
3269.7,305.447,0.0
3269.8,305.447,0.0
3269.9,305.446,0.0
3270.0,305.445,0.0
3270.1,305.445,0.0
3270.2,305.444,0.0
3270.3,305.444,0.0
3270.4,305.443,0.0
3270.5,305.442,0.0
3270.6,305.442,0.0
3270.7,305.441,0.0
3270.8,305.441,0.0
3270.9,305.44,0.0
3271.0,305.439,0.0
3271.1,305.439,0.0
3271.2,305.438,0.0
3271.3,305.438,0.0
3271.4,305.437,0.0
3271.5,305.436,0.0
3271.6,305.436,0.0
3271.7,305.435,0.0
3271.8,305.435,0.0
3271.9,305.434,0.0
3272.0,305.433,0.0
3272.1,305.433,0.0
3272.2,305.432,0.0
3272.3,305.432,0.0
3272.4,305.431,0.0
3272.5,305.43,0.0
3272.6,305.43,0.0
3272.7,305.429,0.0
3272.8,305.429,0.0
3272.9,305.428,0.0
3273.0,305.427,0.0
3273.1,305.427,0.0
3273.2,305.426,0.0
3273.3,305.426,0.0
3273.4,305.425,0.0
3273.5,305.424,0.0
3273.6,305.424,0.0
3273.7,305.423,0.0
3273.8,305.423,0.0
3273.9,305.422,0.0
3274.0,305.421,0.0
3274.1,305.421,0.0
3274.2,305.42,0.0
3274.3,305.42,0.0
3274.4,305.419,0.0
3274.5,305.418,0.0
3274.6,305.418,0.0
3274.7,305.417,0.0
3274.8,305.417,0.0
3274.9,305.416,0.0
3275.0,305.415,0.0
3275.1,305.415,0.0
3275.2,305.414,0.0
3275.3,305.414,0.0
3275.4,305.413,0.0
3275.5,305.412,0.0
3275.6,305.412,0.0
3275.7,305.411,0.0
3275.8,305.411,0.0
3275.9,305.41,0.0
3276.0,305.409,0.0
3276.1,305.409,0.0
3276.2,305.408,0.0
3276.3,305.408,0.0
3276.4,305.407,0.0
3276.5,305.406,0.0
3276.6,305.406,0.0
3276.7,305.405,0.0
3276.8,305.405,0.0
3276.9,305.404,0.0
3277.0,305.403,0.0
3277.1,305.403,0.0
3277.2,305.402,0.0
3277.3,305.402,0.0
3277.4,305.401,0.0
3277.5,305.4,0.0
3277.6,305.4,0.0
3277.7,305.399,0.0
3277.8,305.399,0.0
3277.9,305.398,0.0
3278.0,305.398,0.0
3278.1,305.397,0.001273
3278.2,305.396,0.002548
3278.3,305.396,0.003831
3278.4,305.395,0.005122
3278.5,305.395,0.006422
3278.6,305.394,0.00773
3278.7,305.393,0.009047
3278.8,305.393,0.010373
3278.9,305.392,0.011708
3279.0,305.392,0.013021
3279.1,305.391,0.014072
3279.2,305.39,0.015097
3279.3,305.39,0.016128
3279.4,305.389,0.017164
3279.5,305.389,0.018205
3279.6,305.388,0.019252
3279.7,305.388,0.020305
3279.8,305.387,0.021363
3279.9,305.387,0.022426
3280.0,305.386,0.023436
3280.1,305.385,0.024112
3280.2,305.385,0.024731
3280.3,305.384,0.025351
3280.4,305.384,0.025974
3280.5,305.383,0.026599
3280.6,305.383,0.027226
3280.7,305.382,0.027854
3280.8,305.382,0.028485
3280.9,305.381,0.029118
3281.0,305.38,0.029676
3281.1,305.38,0.029987
3281.2,305.379,0.03022
3281.3,305.379,0.030455
3281.4,305.378,0.030686
3281.5,305.378,0.030917
3281.6,305.377,0.031149
3281.7,305.377,0.031381
3281.8,305.376,0.031613
3281.9,305.376,0.03185
3282.0,305.375,0.032147
3282.1,305.374,0.032444
3282.2,305.374,0.032742
3282.3,305.373,0.033073
3282.4,305.373,0.03341
3282.5,305.372,0.033748
3282.6,305.372,0.034075
3282.7,305.371,0.034395
3282.8,305.371,0.034715
3282.9,305.37,0.035029
3283.0,305.37,0.035331
3283.1,305.369,0.035634
3283.2,305.369,0.035931
3283.3,305.368,0.036196
3283.4,305.367,0.036461
3283.5,305.367,0.036726
3283.6,305.366,0.036994
3283.7,305.366,0.037263
3283.8,305.365,0.037532
3283.9,305.365,0.037787
3284.0,305.364,0.038072
3284.1,305.364,0.039464
3284.2,305.363,0.040856
3284.3,305.363,0.042254
3284.4,305.362,0.04366
3284.5,305.362,0.045088
3284.6,305.361,0.046537
3284.7,305.361,0.047995
3284.8,305.36,0.049461
3284.9,305.36,0.050937
3285.0,305.359,0.052422
3285.1,305.359,0.054543
3285.2,305.358,0.056751
3285.3,305.358,0.058996
3285.4,305.357,0.06126
3285.5,305.357,0.063508
3285.6,305.356,0.065766
3285.7,305.356,0.068043
3285.8,305.355,0.070339
3285.9,305.355,0.072653
3286.0,305.354,0.075123
3286.1,305.354,0.079219
3286.2,305.353,0.082391
3286.3,305.353,0.086052
3286.4,305.352,0.089751
3286.5,305.352,0.093493
3286.6,305.351,0.097278
3286.7,305.351,0.101106
3286.8,305.351,0.105009
3286.9,305.35,0.109039
3287.0,305.35,0.113116
3287.1,305.349,0.117973
3287.2,305.349,0.123377
3287.3,305.349,0.12842
3287.4,305.348,0.133853
3287.5,305.348,0.139443
3287.6,305.347,0.144974
3287.7,305.347,0.150579
3287.8,305.347,0.156259
3287.9,305.346,0.162013
3288.0,305.346,0.168127
3288.1,305.346,0.175157
3288.2,305.346,0.183069
3288.3,305.345,0.190917
3288.4,305.345,0.198888
3288.5,305.345,0.206983
3288.6,305.344,0.215203
3288.7,305.344,0.223548
3288.8,305.344,0.232019
3288.9,305.344,0.240707
3289.0,305.344,0.249625
3289.1,305.343,0.258675
3289.2,305.343,0.267859
3289.3,305.343,0.277178
3289.4,305.343,0.286637
3289.5,305.343,0.296302
3289.6,305.343,0.306106
3289.7,305.343,0.316048
3289.8,305.343,0.326129
3289.9,305.343,0.33635
3290.0,305.343,0.34699
3290.1,305.343,0.357912
3290.2,305.343,0.368988
3290.3,305.343,0.380216
3290.4,305.343,0.391597
3290.5,305.343,0.403123
3290.6,305.343,0.414778
3290.7,305.343,0.426587
3290.8,305.343,0.43855
3290.9,305.343,0.45067
3291.0,305.343,0.462944
3291.1,305.343,0.471272
3291.2,305.344,0.478218
3291.3,305.344,0.485876
3291.4,305.344,0.493339
3291.5,305.344,0.500856
3291.6,305.345,0.508426
3291.7,305.345,0.516012
3291.8,305.345,0.523383
3291.9,305.345,0.530802
3292.0,305.346,0.538271
3292.1,305.346,0.54579
3292.2,305.346,0.553359
3292.3,305.347,0.560891
3292.4,305.347,0.567602
3292.5,305.347,0.574351
3292.6,305.348,0.581138
3292.7,305.348,0.587962
3292.8,305.348,0.594824
3292.9,305.349,0.601615
3293.0,305.349,0.606845
3293.1,305.35,0.612094
3293.2,305.35,0.61664
3293.3,305.35,0.620705
3293.4,305.351,0.62472
3293.5,305.351,0.62835
3293.6,305.352,0.631984
3293.7,305.352,0.635644
3293.8,305.353,0.639381
3293.9,305.353,0.643124
3294.0,305.354,0.645745
3294.1,305.354,0.646111
3294.2,305.355,0.645609
3294.3,305.355,0.644953
3294.4,305.356,0.644281
3294.5,305.356,0.643593
3294.6,305.357,0.642891
3294.7,305.357,0.642331
3294.8,305.358,0.641757
3294.9,305.358,0.641169
3295.0,305.358,0.640569
3295.1,305.359,0.639955
3295.2,305.359,0.639388
3295.3,305.36,0.639097
3295.4,305.36,0.638795
3295.5,305.361,0.638484
3295.6,305.361,0.638162
3295.7,305.362,0.63783
3295.8,305.362,0.637089
3295.9,305.363,0.635484
3296.0,305.363,0.633867
3296.1,305.364,0.63197
3296.2,305.364,0.627165
3296.3,305.365,0.622353
3296.4,305.365,0.617534
3296.5,305.365,0.612709
3296.6,305.366,0.607879
3296.7,305.366,0.603044
3296.8,305.367,0.598174
3296.9,305.367,0.593292
3297.0,305.367,0.588409
3297.1,305.368,0.581825
3297.2,305.368,0.575138
3297.3,305.369,0.568458
3297.4,305.369,0.561787
3297.5,305.369,0.555126
3297.6,305.37,0.548476
3297.7,305.37,0.541837
3297.8,305.37,0.534628
3297.9,305.371,0.527397
3298.0,305.371,0.520184
3298.1,305.371,0.51299
3298.2,305.371,0.50562
3298.3,305.372,0.49748
3298.4,305.372,0.48937
3298.5,305.372,0.481291
3298.6,305.372,0.473245
3298.7,305.373,0.465048
3298.8,305.373,0.456675
3298.9,305.373,0.44834
3299.0,305.373,0.440045
3299.1,305.373,0.43179
3299.2,305.373,0.423242
3299.3,305.373,0.414248
3299.4,305.373,0.405306
3299.5,305.374,0.396418
3299.6,305.374,0.387585
3299.7,305.374,0.378807
3299.8,305.374,0.370085
3299.9,305.374,0.361424
3300.0,305.374,0.352836
3300.1,305.374,0.354029
3300.2,305.374,0.355253
3300.3,305.374,0.356486
3300.4,305.374,0.357728
3300.5,305.374,0.358978
3300.6,305.374,0.360236
3300.7,305.374,0.361502
3300.8,305.374,0.362775
3300.9,305.374,0.36402
3301.0,305.374,0.363835
3301.1,305.374,0.361104
3301.2,305.374,0.356877
3301.3,305.374,0.352661
3301.4,305.374,0.348482
3301.5,305.374,0.344433
3301.6,305.374,0.340393
3301.7,305.374,0.336364
3301.8,305.374,0.332111
3301.9,305.374,0.327506
3302.0,305.374,0.32425
3302.1,305.374,0.326995
3302.2,305.373,0.33056
3302.3,305.373,0.334146
3302.4,305.373,0.337754
3302.5,305.373,0.341384
3302.6,305.373,0.345036
3302.7,305.373,0.348709
3302.8,305.373,0.352404
3302.9,305.373,0.355975
3303.0,305.373,0.358598
3303.1,305.373,0.358226
3303.2,305.373,0.356596
3303.3,305.373,0.354965
3303.4,305.373,0.353319
3303.5,305.373,0.351659
3303.6,305.373,0.349998
3303.7,305.373,0.348336
3303.8,305.373,0.346674
3303.9,305.373,0.34501
3304.0,305.373,0.343346
3304.1,305.373,0.341683
3304.2,305.373,0.340025
3304.3,305.373,0.338368
3304.4,305.373,0.33671
3304.5,305.373,0.335051
3304.6,305.373,0.333393
3304.7,305.373,0.331734
3304.8,305.373,0.330076
3304.9,305.373,0.328417
3305.0,305.373,0.326759
3305.1,305.373,0.325642
3305.2,305.373,0.326409
3305.3,305.373,0.327178
3305.4,305.373,0.327951
3305.5,305.373,0.328726
3305.6,305.373,0.329503
3305.7,305.373,0.330283
3305.8,305.372,0.331066
3305.9,305.372,0.331925
3306.0,305.372,0.333726
3306.1,305.372,0.336267
3306.2,305.372,0.339914
3306.3,305.372,0.343581
3306.4,305.372,0.347268
3306.5,305.372,0.350976
3306.6,305.372,0.354704
3306.7,305.372,0.358451
3306.8,305.372,0.362304
3306.9,305.372,0.366218
3307.0,305.372,0.370152
3307.1,305.372,0.374108
3307.2,305.372,0.378084
3307.3,305.372,0.382082
3307.4,305.372,0.386255
3307.5,305.372,0.390479
3307.6,305.372,0.394725
3307.7,305.373,0.398993
3307.8,305.373,0.403285
3307.9,305.373,0.407599
3308.0,305.373,0.411936
3308.1,305.373,0.419115
3308.2,305.373,0.42687
3308.3,305.373,0.43469
3308.4,305.373,0.442575
3308.5,305.373,0.450525
3308.6,305.373,0.45854
3308.7,305.374,0.466622
3308.8,305.374,0.474769
3308.9,305.374,0.483334
3309.0,305.374,0.493632
3309.1,305.374,0.507132
3309.2,305.375,0.523216
3309.3,305.375,0.539522
3309.4,305.375,0.556051
3309.5,305.376,0.572805
3309.6,305.376,0.589784
3309.7,305.376,0.606989
3309.8,305.377,0.624421
3309.9,305.377,0.642195
3310.0,305.378,0.661324
3310.1,305.378,0.680714
3310.2,305.379,0.700366
3310.3,305.379,0.720282
3310.4,305.38,0.740664
3310.5,305.381,0.761522
3310.6,305.381,0.782657
3310.7,305.382,0.804069
3310.8,305.383,0.82576
3310.9,305.383,0.84896
3311.0,305.384,0.872599
3311.1,305.385,0.896553
3311.2,305.386,0.920826
3311.3,305.387,0.945735
3311.4,305.388,0.97167
3311.5,305.389,0.997952
3311.6,305.39,1.024583
3311.7,305.391,1.051563
3311.8,305.392,1.078271
3311.9,305.393,1.105076
3312.0,305.395,1.132213
3312.1,305.396,1.159683
3312.2,305.397,1.187261
3312.3,305.399,1.214049
3312.4,305.4,1.241141
3312.5,305.402,1.26854
3312.6,305.403,1.296246
3312.7,305.405,1.323505
3312.8,305.406,1.350579
3312.9,305.408,1.377936
3313.0,305.41,1.405578
3313.1,305.411,1.42441
3313.2,305.413,1.43875
3313.3,305.415,1.453149
3313.4,305.417,1.46761
3313.5,305.419,1.482132
3313.6,305.42,1.496716
3313.7,305.422,1.511363
3313.8,305.424,1.526074
3313.9,305.426,1.540849
3314.0,305.428,1.549721
3314.1,305.43,1.55151
3314.2,305.432,1.547288
3314.3,305.434,1.54301
3314.4,305.436,1.538678
3314.5,305.438,1.534295
3314.6,305.44,1.529863
3314.7,305.442,1.525384
3314.8,305.444,1.520857
3314.9,305.446,1.516279
3315.0,305.448,1.506134
3315.1,305.45,1.484689
3315.2,305.452,1.457825
3315.3,305.453,1.431061
3315.4,305.455,1.404399
3315.5,305.457,1.377846
3315.6,305.459,1.351412
3315.7,305.46,1.325102
3315.8,305.462,1.29892
3315.9,305.463,1.272872
3316.0,305.465,1.249745
3316.1,305.466,1.235706
3316.2,305.468,1.22445
3316.3,305.469,1.213207
3316.4,305.471,1.201977
3316.5,305.472,1.190761
3316.6,305.473,1.179559
3316.7,305.475,1.168374
3316.8,305.476,1.157204
3316.9,305.477,1.145816
3317.0,305.479,1.131102
3317.1,305.48,1.115873
3317.2,305.481,1.096924
3317.3,305.483,1.07806
3317.4,305.484,1.059284
3317.5,305.485,1.040599
3317.6,305.486,1.022005
3317.7,305.487,1.003506
3317.8,305.488,0.985103
3317.9,305.489,0.966798
3318.0,305.49,0.951135
3318.1,305.491,0.945889
3318.2,305.492,0.943187
3318.3,305.493,0.940494
3318.4,305.494,0.937808
3318.5,305.495,0.935129
3318.6,305.496,0.932456
3318.7,305.497,0.929789
3318.8,305.498,0.927127
3318.9,305.499,0.92447
3319.0,305.5,0.918781
3319.1,305.501,0.907129
3319.2,305.502,0.892509
3319.3,305.503,0.877954
3319.4,305.503,0.863462
3319.5,305.504,0.849037
3319.6,305.505,0.83468
3319.7,305.506,0.820391
3319.8,305.507,0.806173
3319.9,305.507,0.792025
3320.0,305.508,0.778759
3320.1,305.509,0.77369
3320.2,305.509,0.769438
3320.3,305.51,0.765196
3320.4,305.511,0.760963
3320.5,305.511,0.756739
3320.6,305.512,0.752524
3320.7,305.513,0.748317
3320.8,305.513,0.744119
3320.9,305.514,0.739929
3321.0,305.515,0.733814
3321.1,305.515,0.715218
3321.2,305.516,0.69487
3321.3,305.516,0.674702
3321.4,305.517,0.654717
3321.5,305.517,0.634918
3321.6,305.518,0.615308
3321.7,305.518,0.59589
3321.8,305.519,0.576666
3321.9,305.519,0.558273
3322.0,305.519,0.540578
3322.1,305.52,0.523933
3322.2,305.52,0.509179
3322.3,305.52,0.494557
3322.4,305.52,0.480067
3322.5,305.52,0.465712
3322.6,305.521,0.451491
3322.7,305.521,0.437407
3322.8,305.521,0.423461
3322.9,305.521,0.409088
3323.0,305.521,0.394461
3323.1,305.521,0.364962
3323.2,305.521,0.334686
3323.3,305.521,0.30516
3323.4,305.521,0.276393
3323.5,305.521,0.248392
3323.6,305.521,0.221167
3323.7,305.52,0.194723
3323.8,305.52,0.16907
3323.9,305.52,0.144213
3324.0,305.519,0.12048
3324.1,305.519,0.106868
3324.2,305.519,0.093856
3324.3,305.518,0.081127
3324.4,305.518,0.068681
3324.5,305.517,0.056519
3324.6,305.517,0.044642
3324.7,305.516,0.033052
3324.8,305.516,0.021749
3324.9,305.515,0.010734
3325.0,305.514,0.0
3325.1,305.514,0.0
3325.2,305.513,0.0
3325.3,305.513,0.0
3325.4,305.512,0.0
3325.5,305.511,0.0
3325.6,305.511,0.0
3325.7,305.51,0.0
3325.8,305.509,0.0
3325.9,305.509,0.0
3326.0,305.508,0.0
3326.1,305.508,0.0
3326.2,305.507,0.0
3326.3,305.506,0.0
3326.4,305.506,0.0
3326.5,305.505,0.0
3326.6,305.505,0.0
3326.7,305.504,0.0
3326.8,305.503,0.0
3326.9,305.503,0.0
3327.0,305.502,0.0
3327.1,305.502,0.0
3327.2,305.501,0.0
3327.3,305.5,0.0
3327.4,305.5,0.0
3327.5,305.499,0.0
3327.6,305.498,0.0
3327.7,305.498,0.0
3327.8,305.497,0.0
3327.9,305.497,0.0
3328.0,305.496,0.0
3328.1,305.495,0.0
3328.2,305.495,0.0
3328.3,305.494,0.0
3328.4,305.494,0.0
3328.5,305.493,0.0
3328.6,305.492,0.0
3328.7,305.492,0.0
3328.8,305.491,0.0
3328.9,305.491,0.0
3329.0,305.49,0.0
3329.1,305.489,0.0
3329.2,305.489,0.0
3329.3,305.488,0.0
3329.4,305.488,0.0
3329.5,305.487,0.0
3329.6,305.486,0.0
3329.7,305.486,0.0
3329.8,305.485,0.0
3329.9,305.484,0.0
3330.0,305.484,0.0
3330.1,305.483,0.008749
3330.2,305.483,0.017653
3330.3,305.482,0.026726
3330.4,305.482,0.035969
3330.5,305.481,0.045386
3330.6,305.48,0.054978
3330.7,305.48,0.064749
3330.8,305.479,0.074712
3330.9,305.479,0.084923
3331.0,305.478,0.095322
3331.1,305.478,0.106348
3331.2,305.478,0.117757
3331.3,305.477,0.129383
3331.4,305.477,0.141228
3331.5,305.476,0.153294
3331.6,305.476,0.165584
3331.7,305.476,0.178099
3331.8,305.475,0.190842
3331.9,305.475,0.203813
3332.0,305.475,0.21778
3332.1,305.475,0.233691
3332.2,305.474,0.250721
3332.3,305.474,0.268112
3332.4,305.474,0.285865
3332.5,305.474,0.303983
3332.6,305.474,0.32247
3332.7,305.474,0.341328
3332.8,305.474,0.360559
3332.9,305.474,0.380461
3333.0,305.474,0.401102
3333.1,305.474,0.422148
3333.2,305.474,0.443602
3333.3,305.474,0.465943
3333.4,305.474,0.48873
3333.5,305.474,0.511951
3333.6,305.475,0.535819
3333.7,305.475,0.560372
3333.8,305.475,0.585382
3333.9,305.476,0.610853
3334.0,305.476,0.636785
3334.1,305.476,0.670846
3334.2,305.477,0.707891
3334.3,305.478,0.745799
3334.4,305.478,0.784575
3334.5,305.479,0.824226
3334.6,305.48,0.864756
3334.7,305.48,0.90617
3334.8,305.481,0.948473
3334.9,305.482,0.991669
3335.0,305.483,1.034178
3335.1,305.484,1.074885
3335.2,305.486,1.115741
3335.3,305.487,1.156799
3335.4,305.488,1.198573
3335.5,305.49,1.241065
3335.6,305.491,1.284278
3335.7,305.493,1.328216
3335.8,305.494,1.372328
3335.9,305.496,1.415211
3336.0,305.498,1.45875
3336.1,305.499,1.502947
3336.2,305.501,1.545054
3336.3,305.503,1.586207
3336.4,305.505,1.627904
3336.5,305.507,1.670148
3336.6,305.51,1.71294
3336.7,305.512,1.756282
3336.8,305.514,1.800314
3336.9,305.517,1.846309
3337.0,305.519,1.892893
3337.1,305.522,1.940526
3337.2,305.524,1.992145
3337.3,305.527,2.04446
3337.4,305.53,2.097476
3337.5,305.533,2.151197
3337.6,305.535,2.205623
3337.7,305.539,2.260758
3337.8,305.542,2.316605
3337.9,305.545,2.373164
3338.0,305.548,2.422424
3338.1,305.552,2.468831
3338.2,305.555,2.509192
3338.3,305.559,2.549051
3338.4,305.562,2.589223
3338.5,305.566,2.629711
3338.6,305.57,2.670516
3338.7,305.574,2.711639
3338.8,305.578,2.756472
3338.9,305.582,2.803185
3339.0,305.586,2.850308
3339.1,305.59,2.897843
3339.2,305.594,2.947493
3339.3,305.598,3.003578
3339.4,305.603,3.060231
3339.5,305.607,3.117452
3339.6,305.612,3.175244
3339.7,305.616,3.233608
3339.8,305.621,3.292544
3339.9,305.626,3.352054
3340.0,305.631,3.401261
3340.1,305.636,3.445276
3340.2,305.641,3.478573
3340.3,305.646,3.512
3340.4,305.652,3.545564
3340.5,305.657,3.579268
3340.6,305.662,3.613114
3340.7,305.668,3.647106
3340.8,305.673,3.676688
3340.9,305.678,3.706288
3341.0,305.684,3.735985
3341.1,305.69,3.760126
3341.2,305.695,3.770291
3341.3,305.701,3.780385
3341.4,305.707,3.790412
3341.5,305.712,3.800375
3341.6,305.718,3.810275
3341.7,305.724,3.820116
3341.8,305.729,3.8299
3341.9,305.735,3.83963
3342.0,305.741,3.835142
3342.1,305.747,3.816348
3342.2,305.752,3.783346
3342.3,305.758,3.750264
3342.4,305.764,3.717112
3342.5,305.769,3.683898
3342.6,305.775,3.650631
3342.7,305.78,3.617319
3342.8,305.786,3.583966
3342.9,305.791,3.550564
3343.0,305.796,3.503745
3343.1,305.801,3.436372
3343.2,305.807,3.356179
3343.3,305.812,3.276526
3343.4,305.816,3.197435
3343.5,305.821,3.118925
3343.6,305.826,3.04158
3343.7,305.83,2.965081
3343.8,305.834,2.889202
3343.9,305.839,2.813957
3344.0,305.843,2.739364
3344.1,305.847,2.683272
3344.2,305.85,2.631095
3344.3,305.854,2.579235
3344.4,305.858,2.527698
3344.5,305.861,2.476491
3344.6,305.865,2.425619
3344.7,305.868,2.375089
3344.8,305.872,2.326216
3344.9,305.875,2.279981
3345.0,305.878,2.234049
3345.1,305.881,2.191421
3345.2,305.884,2.157373
3345.3,305.887,2.1235
3345.4,305.89,2.089803
3345.5,305.893,2.056282
3345.6,305.896,2.022941
3345.7,305.898,1.989779
3345.8,305.901,1.956799
3345.9,305.904,1.927006
3346.0,305.906,1.900657
3346.1,305.909,1.875517
3346.2,305.911,1.859669
3346.3,305.914,1.843877
3346.4,305.916,1.828138
3346.5,305.918,1.812452
3346.6,305.921,1.796817
3346.7,305.923,1.781231
3346.8,305.926,1.76569
3346.9,305.928,1.750194
3347.0,305.93,1.740995
3347.1,305.932,1.746803
3347.2,305.935,1.758938
3347.3,305.937,1.771165
3347.4,305.939,1.783481
3347.5,305.942,1.795885
3347.6,305.944,1.808376
3347.7,305.946,1.820951
3347.8,305.949,1.833609
3347.9,305.951,1.84635
3348.0,305.954,1.854099
3348.1,305.956,1.860954
3348.2,305.958,1.866741
3348.3,305.961,1.870564
3348.4,305.963,1.874405
3348.5,305.966,1.878264
3348.6,305.968,1.882138
3348.7,305.971,1.886028
3348.8,305.973,1.889934
3348.9,305.976,1.893854
3349.0,305.978,1.90445
3349.1,305.981,1.921994
3349.2,305.983,1.946374
3349.3,305.986,1.970947
3349.4,305.989,1.995711
3349.5,305.991,2.020666
3349.6,305.994,2.045812
3349.7,305.997,2.071043
3349.8,305.999,2.096394
3349.9,306.002,2.121931
3350.0,306.005,2.147655
3350.1,306.008,2.154762
3350.2,306.011,2.161248
3350.3,306.014,2.167737
3350.4,306.017,2.174232
3350.5,306.02,2.180732
3350.6,306.023,2.187237
3350.7,306.026,2.193748
3350.8,306.029,2.202915
3350.9,306.032,2.212391
3351.0,306.035,2.221918
3351.1,306.038,2.231486
3351.2,306.041,2.248689
3351.3,306.044,2.266463
3351.4,306.047,2.284346
3351.5,306.05,2.302327
3351.6,306.054,2.320404
3351.7,306.057,2.338582
3351.8,306.06,2.356854
3351.9,306.063,2.37522
3352.0,306.066,2.385131
3352.1,306.07,2.3904
3352.2,306.073,2.38711
3352.3,306.076,2.383785
3352.4,306.08,2.380427
3352.5,306.083,2.377037
3352.6,306.086,2.373743
3352.7,306.09,2.372528
3352.8,306.093,2.371293
3352.9,306.096,2.370035
3353.0,306.099,2.368756
3353.1,306.103,2.378313
3353.2,306.106,2.396998
3353.3,306.109,2.415789
3353.4,306.113,2.434686
3353.5,306.116,2.453689
3353.6,306.12,2.472797
3353.7,306.123,2.492009
3353.8,306.126,2.511322
3353.9,306.13,2.531253
3354.0,306.134,2.551679
3354.1,306.137,2.572214
3354.2,306.141,2.592859
3354.3,306.144,2.613613
3354.4,306.148,2.634476
3354.5,306.152,2.655447
3354.6,306.155,2.676527
3354.7,306.159,2.697715
3354.8,306.163,2.720836
3354.9,306.167,2.747607
3355.0,306.171,2.774543
3355.1,306.175,2.80164
3355.2,306.179,2.83422
3355.3,306.183,2.870518
3355.4,306.187,2.907087
3355.5,306.191,2.943929
3355.6,306.195,2.981042
3355.7,306.2,3.018427
3355.8,306.204,3.056083
3355.9,306.208,3.090752
3356.0,306.213,3.125618
3356.1,306.217,3.15986
3356.2,306.222,3.187677
3356.3,306.227,3.21563
3356.4,306.231,3.243719
3356.5,306.236,3.271945
3356.6,306.241,3.300308
3356.7,306.246,3.328808
3356.8,306.25,3.358266
3356.9,306.255,3.397151
3357.0,306.26,3.436298
3357.1,306.265,3.475706
3357.2,306.27,3.5341
3357.3,306.276,3.594399
3357.4,306.281,3.65528
3357.5,306.286,3.716742
3357.6,306.292,3.778787
3357.7,306.297,3.841414
3357.8,306.303,3.904658
3357.9,306.309,3.968598
3358.0,306.315,4.031779
3358.1,306.321,4.072516
3358.2,306.327,4.11257
3358.3,306.333,4.152601
3358.4,306.339,4.192857
3358.5,306.346,4.233327
3358.6,306.352,4.274006
3358.7,306.358,4.313877
3358.8,306.365,4.349783
3358.9,306.371,4.385839
3359.0,306.378,4.422047
3359.1,306.385,4.458407
3359.2,306.391,4.494127
3359.3,306.398,4.521951
3359.4,306.405,4.549839
3359.5,306.412,4.577794
3359.6,306.419,4.60582
3359.7,306.426,4.633927
3359.8,306.433,4.662231
3359.9,306.44,4.690611
3360.0,306.447,4.719065
3360.1,306.454,4.747601
3360.2,306.461,4.776491
3360.3,306.468,4.805512
3360.4,306.476,4.834627
3360.5,306.483,4.863836
3360.6,306.491,4.893339
3360.7,306.498,4.923007
3360.8,306.505,4.952777
3360.9,306.513,4.98265
3361.0,306.521,5.012625
3361.1,306.528,5.042702
3361.2,306.536,5.072882
3361.3,306.544,5.103165
3361.4,306.551,5.134239
3361.5,306.559,5.167953
3361.6,306.567,5.2018
3361.7,306.575,5.235781
3361.8,306.583,5.269896
3361.9,306.591,5.304144
3362.0,306.599,5.338527
3362.1,306.607,5.373043
3362.2,306.616,5.422579
3362.3,306.624,5.474146
3362.4,306.632,5.526029
3362.5,306.641,5.578228
3362.6,306.649,5.630741
3362.7,306.658,5.683568
3362.8,306.667,5.736119
3362.9,306.675,5.788993
3363.0,306.684,5.842257
3363.1,306.693,5.881792
3363.2,306.702,5.919336
3363.3,306.712,5.957022
3363.4,306.721,5.99484
3363.5,306.73,6.032784
3363.6,306.739,6.070856
3363.7,306.749,6.109056
3363.8,306.758,6.147384
3363.9,306.768,6.185842
3364.0,306.777,6.225017
3364.1,306.787,6.264335
3364.2,306.796,6.303789
3364.3,306.806,6.34338
3364.4,306.816,6.383114
3364.5,306.826,6.422998
3364.6,306.836,6.463024
3364.7,306.846,6.503187
3364.8,306.856,6.543494
3364.9,306.866,6.59422
3365.0,306.876,6.648295
3365.1,306.887,6.702648
3365.2,306.897,6.757279
3365.3,306.907,6.816885
3365.4,306.918,6.881685
3365.5,306.929,6.946867
3365.6,306.939,7.012425
3365.7,306.95,7.07835
3365.8,306.961,7.14464
3365.9,306.973,7.211295
3366.0,306.984,7.272183
3366.1,306.995,7.279684
3366.2,307.006,7.280893
3366.3,307.018,7.281922
3366.4,307.029,7.282779
3366.5,307.04,7.28497
3366.6,307.052,7.290921
3366.7,307.063,7.296742
3366.8,307.075,7.302437
3366.9,307.086,7.308023
3367.0,307.097,7.313695
3367.1,307.109,7.319502
3367.2,307.12,7.325366
3367.3,307.131,7.342491
3367.4,307.143,7.361666
3367.5,307.154,7.380844
3367.6,307.166,7.399996
3367.7,307.177,7.419123
3367.8,307.189,7.438227
3367.9,307.201,7.456277
3368.0,307.212,7.474159
3368.1,307.224,7.492022
3368.2,307.235,7.509866
3368.3,307.247,7.527457
3368.4,307.259,7.544435
3368.5,307.271,7.561393
3368.6,307.282,7.578335
3368.7,307.294,7.59526
3368.8,307.306,7.611199
3368.9,307.318,7.626678
3369.0,307.33,7.642139
3369.1,307.342,7.657585
3369.2,307.354,7.673018
3369.3,307.366,7.688438
3369.4,307.378,7.703845
3369.5,307.39,7.719213
3369.6,307.402,7.732725
3369.7,307.414,7.746213
3369.8,307.426,7.759679
3369.9,307.438,7.773124
3370.0,307.45,7.786545
3370.1,307.462,7.799945
3370.2,307.474,7.813324
3370.3,307.486,7.826684
3370.4,307.499,7.840024
3370.5,307.511,7.853313
3370.6,307.523,7.864389
3370.7,307.535,7.875435
3370.8,307.548,7.886451
3370.9,307.56,7.897494
3371.0,307.572,7.908627
3371.1,307.584,7.919815
3371.2,307.597,7.93101
3371.3,307.609,7.942183
3371.4,307.622,7.953332
3371.5,307.634,7.964372
3371.6,307.646,7.970935
3371.7,307.659,7.977434
3371.8,307.671,7.983868
3371.9,307.684,7.990241
3372.0,307.696,7.996553
3372.1,307.708,7.968067
3372.2,307.721,7.92253
3372.3,307.733,7.87683
3372.4,307.745,7.830968
3372.5,307.758,7.788974
3372.6,307.77,7.747768
3372.7,307.782,7.706449
3372.8,307.794,7.665027
3372.9,307.806,7.623513
3373.0,307.817,7.581913
3373.1,307.829,7.540232
3373.2,307.841,7.498477
3373.3,307.852,7.468845
3373.4,307.864,7.440357
3373.5,307.876,7.411803
3373.6,307.887,7.38319
3373.7,307.898,7.354518
3373.8,307.91,7.32579
3373.9,307.921,7.295708
3374.0,307.932,7.264005
3374.1,307.944,7.232252
3374.2,307.955,7.200452
3374.3,307.966,7.167314
3374.4,307.977,7.133617
3374.5,307.988,7.099881
3374.6,307.999,7.066108
3374.7,308.01,7.025756
3374.8,308.02,6.98522
3374.9,308.031,6.944667
3375.0,308.042,6.904127
3375.1,308.052,6.8636
3375.2,308.063,6.803272
3375.3,308.073,6.739753
3375.4,308.084,6.676297
3375.5,308.094,6.612907
3375.6,308.104,6.549589
3375.7,308.114,6.486348
3375.8,308.124,6.423191
3375.9,308.134,6.360479
3376.0,308.143,6.310223
3376.1,308.153,6.26002
3376.2,308.163,6.209874
3376.3,308.172,6.162643
3376.4,308.181,6.11787
3376.5,308.191,6.073136
3376.6,308.2,6.028446
3376.7,308.209,5.983805
3376.8,308.218,5.939221
3376.9,308.227,5.894697
3377.0,308.236,5.848426
3377.1,308.245,5.800869
3377.2,308.254,5.753387
3377.3,308.262,5.705933
3377.4,308.271,5.658002
3377.5,308.279,5.610157
3377.6,308.288,5.5624
3377.7,308.296,5.514734
3377.8,308.304,5.470967
3377.9,308.313,5.435094
3378.0,308.321,5.399281
3378.1,308.329,5.366809
3378.2,308.337,5.361232
3378.3,308.345,5.355722
3378.4,308.353,5.350274
3378.5,308.361,5.344883
3378.6,308.369,5.339547
3378.7,308.377,5.334262
3378.8,308.385,5.329025
3378.9,308.393,5.317676
3379.0,308.401,5.2952
3379.1,308.409,5.268695
3379.2,308.416,5.218882
3379.3,308.424,5.169152
3379.4,308.432,5.11951
3379.5,308.439,5.06996
3379.6,308.447,5.020506
3379.7,308.454,4.971153
3379.8,308.462,4.921905
3379.9,308.469,4.87315
3380.0,308.476,4.840744
3380.1,308.483,4.835744
3380.2,308.49,4.847931
3380.3,308.498,4.8602
3380.4,308.505,4.872522
3380.5,308.512,4.88493
3380.6,308.519,4.897438
3380.7,308.526,4.910021
3380.8,308.534,4.922702
3380.9,308.541,4.935478
3381.0,308.548,4.931759
3381.1,308.555,4.89825
3381.2,308.563,4.848289
3381.3,308.57,4.798412
3381.4,308.577,4.748627
3381.5,308.584,4.69894
3381.6,308.591,4.649359
3381.7,308.597,4.60239
3381.8,308.604,4.55867
3381.9,308.611,4.515042
3382.0,308.617,4.471511
3382.1,308.624,4.42808
3382.2,308.63,4.389706
3382.3,308.637,4.35848
3382.4,308.643,4.327307
3382.5,308.649,4.296189
3382.6,308.655,4.265127
3382.7,308.662,4.234127
3382.8,308.668,4.203192
3382.9,308.674,4.172323
3383.0,308.68,4.141019
3383.1,308.686,4.109352
3383.2,308.692,4.077756
3383.3,308.697,4.046082
3383.4,308.703,4.014417
3383.5,308.709,3.982826
3383.6,308.715,3.95131
3383.7,308.72,3.919799
3383.8,308.726,3.887876
3383.9,308.731,3.856033
3384.0,308.737,3.82427
3384.1,308.742,3.792588
3384.2,308.748,3.760988
3384.3,308.753,3.729472
3384.4,308.758,3.698039
3384.5,308.763,3.666042
3384.6,308.769,3.633974
3384.7,308.774,3.601995
3384.8,308.779,3.570106
3384.9,308.784,3.538308
3385.0,308.789,3.506602
3385.1,308.794,3.474988
3385.2,308.798,3.443468
3385.3,308.803,3.412042
3385.4,308.808,3.38071
3385.5,308.813,3.349045
3385.6,308.817,3.317373
3385.7,308.822,3.285801
3385.8,308.826,3.254328
3385.9,308.831,3.222957
3386.0,308.835,3.19191
3386.1,308.839,3.177319
3386.2,308.844,3.162875
3386.3,308.848,3.148508
3386.4,308.852,3.134157
3386.5,308.857,3.119823
3386.6,308.861,3.105518
3386.7,308.865,3.09123
3386.8,308.869,3.076988
3386.9,308.874,3.062777
3387.0,308.878,3.053114
3387.1,308.882,3.052365
3387.2,308.886,3.055053
3387.3,308.89,3.058352
3387.4,308.894,3.061703
3387.5,308.898,3.065106
3387.6,308.902,3.068559
3387.7,308.907,3.074141
3387.8,308.911,3.079961
3387.9,308.915,3.085833
3388.0,308.919,3.091756
3388.1,308.923,3.104613
3388.2,308.927,3.126465
3388.3,308.932,3.148453
3388.4,308.936,3.170576
3388.5,308.94,3.192831
3388.6,308.945,3.214019
3388.7,308.949,3.23471
3388.8,308.953,3.255511
3388.9,308.958,3.276426
3389.0,308.962,3.297454
3389.1,308.967,3.313886
3389.2,308.971,3.321836
3389.3,308.976,3.329816
3389.4,308.981,3.337826
3389.5,308.985,3.345864
3389.6,308.99,3.353926
3389.7,308.994,3.363607
3389.8,308.999,3.375531
3389.9,309.004,3.387499
3390.0,309.008,3.399515
3390.1,309.013,3.413216
3390.2,309.018,3.440065
3390.3,309.022,3.467063
3390.4,309.027,3.494207
3390.5,309.032,3.521498
3390.6,309.037,3.548936
3390.7,309.042,3.576331
3390.8,309.047,3.600564
3390.9,309.052,3.624912
3391.0,309.057,3.649374
3391.1,309.062,3.654882
3391.2,309.067,3.649655
3391.3,309.072,3.644394
3391.4,309.077,3.639101
3391.5,309.082,3.633777
3391.6,309.087,3.628428
3391.7,309.092,3.623055
3391.8,309.097,3.617663
3391.9,309.103,3.612249
3392.0,309.108,3.619304
3392.1,309.113,3.636851
3392.2,309.118,3.667023
3392.3,309.123,3.697373
3392.4,309.128,3.727897
3392.5,309.133,3.758511
3392.6,309.138,3.788807
3392.7,309.144,3.81927
3392.8,309.149,3.849899
3392.9,309.154,3.880693
3393.0,309.16,3.911651
3393.1,309.165,3.912411
3393.2,309.171,3.910145
3393.3,309.176,3.90784
3393.4,309.182,3.905471
3393.5,309.187,3.903038
3393.6,309.193,3.900546
3393.7,309.198,3.897999
3393.8,309.204,3.895412
3393.9,309.209,3.885695
3394.0,309.215,3.873665
3394.1,309.22,3.851424
3394.2,309.226,3.812805
3394.3,309.231,3.774205
3394.4,309.236,3.735641
3394.5,309.242,3.69712
3394.6,309.247,3.658649
3394.7,309.252,3.620247
3394.8,309.257,3.581918
3394.9,309.262,3.543658
3395.0,309.267,3.505471
3395.1,309.272,3.49953
3395.2,309.276,3.493683
3395.3,309.281,3.48785
3395.4,309.286,3.482031
3395.5,309.291,3.476226
3395.6,309.296,3.470432
3395.7,309.3,3.464649
3395.8,309.305,3.451988
3395.9,309.31,3.438842
3396.0,309.315,3.425702
3396.1,309.319,3.390236
3396.2,309.324,3.333454
3396.3,309.328,3.276909
3396.4,309.333,3.22061
3396.5,309.337,3.164567
3396.6,309.341,3.108789
3396.7,309.346,3.053552
3396.8,309.35,3.000805
3396.9,309.354,2.948324
3397.0,309.358,2.896113
3397.1,309.361,2.863113
3397.2,309.365,2.837764
3397.3,309.369,2.812498
3397.4,309.373,2.787317
3397.5,309.376,2.762219
3397.6,309.38,2.737207
3397.7,309.383,2.712278
3397.8,309.387,2.687162
3397.9,309.39,2.661962
3398.0,309.394,2.636849
3398.1,309.397,2.611822
3398.2,309.401,2.586882
3398.3,309.404,2.562029
3398.4,309.407,2.537262
3398.5,309.41,2.512583
3398.6,309.414,2.487991
3398.7,309.417,2.463486
3398.8,309.42,2.438662
3398.9,309.423,2.413674
3399.0,309.426,2.388778
3399.1,309.429,2.363974
3399.2,309.432,2.339262
3399.3,309.435,2.314643
3399.4,309.438,2.290117
3399.5,309.44,2.265683
3399.6,309.443,2.241343
3399.7,309.446,2.217097
3399.8,309.449,2.194312
3399.9,309.451,2.172462
3400.0,309.454,2.150695
3400.1,309.457,2.133827
3400.2,309.459,2.123199
3400.3,309.462,2.112616
3400.4,309.464,2.102077
3400.5,309.467,2.09158
3400.6,309.469,2.081124
3400.7,309.472,2.070708
3400.8,309.474,2.060354
3400.9,309.477,2.050079
3401.0,309.479,2.03984
3401.1,309.481,2.056456
3401.2,309.484,2.073334
3401.3,309.486,2.090323
3401.4,309.489,2.107415
3401.5,309.491,2.124611
3401.6,309.494,2.142216
3401.7,309.496,2.160023
3401.8,309.499,2.177936
3401.9,309.502,2.195949
3402.0,309.504,2.214064
3402.1,309.507,2.232281
3402.2,309.51,2.250682
3402.3,309.512,2.27013
3402.4,309.515,2.289684
3402.5,309.518,2.309345
3402.6,309.521,2.329112
3402.7,309.524,2.348985
3402.8,309.527,2.368962
3402.9,309.529,2.386767
3403.0,309.532,2.401402
3403.1,309.535,2.416099
3403.2,309.538,2.425003
3403.3,309.541,2.432937
3403.4,309.545,2.440891
3403.5,309.548,2.448867
3403.6,309.551,2.456863
3403.7,309.554,2.46488
3403.8,309.557,2.472918
3403.9,309.56,2.483799
3404.0,309.563,2.495528
3404.1,309.566,2.526306
3404.2,309.569,2.563815
3404.3,309.573,2.60161
3404.4,309.576,2.639689
3404.5,309.579,2.678054
3404.6,309.583,2.716704
3404.7,309.586,2.755639
3404.8,309.59,2.791736
3404.9,309.593,2.823705
3405.0,309.597,2.855866
3405.1,309.601,2.872447
3405.2,309.605,2.870785
3405.3,309.608,2.86908
3405.4,309.612,2.867334
3405.5,309.616,2.865549
3405.6,309.62,2.863728
3405.7,309.623,2.861873
3405.8,309.627,2.864823
3405.9,309.631,2.86822
3406.0,309.635,2.871605
3406.1,309.638,2.883851
3406.2,309.642,2.911646
3406.3,309.646,2.939599
3406.4,309.65,2.96771
3406.5,309.654,2.995978
3406.6,309.658,3.024402
3406.7,309.662,3.052983
3406.8,309.666,3.081719
3406.9,309.67,3.110611
3407.0,309.674,3.131001
3407.1,309.678,3.140268
3407.2,309.682,3.140869
3407.3,309.687,3.141436
3407.4,309.691,3.14197
3407.5,309.695,3.142473
3407.6,309.699,3.142947
3407.7,309.703,3.143394
3407.8,309.708,3.143814
3407.9,309.712,3.144208
3408.0,309.716,3.152488
3408.1,309.72,3.175674
3408.2,309.724,3.206936
3408.3,309.729,3.238386
3408.4,309.733,3.270021
3408.5,309.737,3.301845
3408.6,309.742,3.333855
3408.7,309.746,3.36605
3408.8,309.751,3.394773
3408.9,309.756,3.423607
3409.0,309.76,3.452588
3409.1,309.765,3.451066
3409.2,309.77,3.438387
3409.3,309.774,3.425645
3409.4,309.779,3.41284
3409.5,309.784,3.399974
3409.6,309.788,3.387051
3409.7,309.793,3.374077
3409.8,309.797,3.361054
3409.9,309.802,3.347988
3410.0,309.806,3.343283
3410.1,309.811,3.367832
3410.2,309.816,3.400966
3410.3,309.82,3.434311
3410.4,309.825,3.467863
3410.5,309.83,3.501443
3410.6,309.834,3.531509
3410.7,309.839,3.561742
3410.8,309.844,3.592138
3410.9,309.849,3.622699
3411.0,309.854,3.653422
3411.1,309.859,3.684306
3411.2,309.864,3.715351
3411.3,309.869,3.736808
3411.4,309.874,3.758127
3411.5,309.88,3.779517
3411.6,309.885,3.800979
3411.7,309.89,3.822512
3411.8,309.895,3.844116
3411.9,309.901,3.865791
3412.0,309.906,3.895925
3412.1,309.911,3.931307
3412.2,309.917,3.968094
3412.3,309.922,4.008723
3412.4,309.928,4.049597
3412.5,309.934,4.090716
3412.6,309.94,4.132078
3412.7,309.945,4.173683
3412.8,309.951,4.215531
3412.9,309.957,4.256291
3413.0,309.963,4.288696
3413.1,309.969,4.321237
3413.2,309.975,4.353914
3413.3,309.981,4.384282
3413.4,309.988,4.412604
3413.5,309.994,4.44102
3413.6,310.0,4.469531
3413.7,310.007,4.498137
3413.8,310.013,4.526838
3413.9,310.019,4.555636
3414.0,310.026,4.589956
3414.1,310.033,4.635705
3414.2,310.039,4.682672
3414.3,310.046,4.732187
3414.4,310.053,4.782007
3414.5,310.06,4.832133
3414.6,310.066,4.882566
3414.7,310.073,4.933306
3414.8,310.081,4.984352
3414.9,310.088,5.036171
3415.0,310.095,5.091341
3415.1,310.102,5.14686
3415.2,310.11,5.202726
3415.3,310.117,5.258939
3415.4,310.125,5.315497
3415.5,310.133,5.372394
3415.6,310.141,5.42963
3415.7,310.149,5.487205
3415.8,310.157,5.545122
3415.9,310.165,5.600664
3416.0,310.173,5.650124
3416.1,310.181,5.699819
3416.2,310.19,5.74916
3416.3,310.198,5.792724
3416.4,310.207,5.836448
3416.5,310.215,5.880329
3416.6,310.224,5.924366
3416.7,310.232,5.968561
3416.8,310.241,6.012915
3416.9,310.25,6.057428
3417.0,310.259,6.103508
3417.1,310.268,6.150613
3417.2,310.277,6.1979
3417.3,310.286,6.245372
3417.4,310.296,6.293174
3417.5,310.305,6.341411
3417.6,310.314,6.389839
3417.7,310.324,6.438458
3417.8,310.333,6.487266
3417.9,310.343,6.536265
3418.0,310.353,6.562049
3418.1,310.363,6.570786
3418.2,310.372,6.556005
3418.3,310.382,6.541033
3418.4,310.392,6.525882
3418.5,310.401,6.51056
3418.6,310.411,6.495076
3418.7,310.421,6.479439
3418.8,310.43,6.463656
3418.9,310.44,6.447737
3419.0,310.45,6.441705
3419.1,310.459,6.440078
3419.2,310.469,6.438369
3419.3,310.478,6.436883
3419.4,310.488,6.438464
3419.5,310.497,6.439987
3419.6,310.507,6.441454
3419.7,310.516,6.442478
3419.8,310.526,6.443036
3419.9,310.536,6.443542
3420.0,310.545,6.443996
3420.1,310.555,6.423569
3420.2,310.564,6.400251
3420.3,310.574,6.376836
3420.4,310.583,6.353331
3420.5,310.592,6.329744
3420.6,310.602,6.30608
3420.7,310.611,6.282161
3420.8,310.62,6.258062
3420.9,310.63,6.233903
3421.0,310.639,6.209686
3421.1,310.648,6.182611
3421.2,310.657,6.154418
3421.3,310.666,6.126182
3421.4,310.675,6.097905
3421.5,310.684,6.069592
3421.6,310.693,6.041247
3421.7,310.702,6.012873
3421.8,310.711,5.97498
3421.9,310.72,5.932818
3422.0,310.728,5.890659
3422.1,310.737,5.84851
3422.2,310.745,5.775179
3422.3,310.754,5.699365
3422.4,310.762,5.623753
3422.5,310.77,5.548357
3422.6,310.778,5.473191
3422.7,310.786,5.398267
3422.8,310.794,5.323596
3422.9,310.802,5.256612
3423.0,310.809,5.1908
3423.1,310.817,5.125206
3423.2,310.824,5.059838
3423.3,310.832,4.994967
3423.4,310.839,4.935293
3423.5,310.846,4.875826
3423.6,310.853,4.816572
3423.7,310.86,4.757534
3423.8,310.866,4.698176
3423.9,310.873,4.637093
3424.0,310.88,4.576256
3424.1,310.886,4.515671
3424.2,310.892,4.455341
3424.3,310.899,4.394485
3424.4,310.905,4.332626
3424.5,310.911,4.27105
3424.6,310.917,4.209763
3424.7,310.923,4.148767
3424.8,310.928,4.088069
3424.9,310.934,4.027671
3425.0,310.94,3.967493
3425.1,310.945,3.848482
3425.2,310.95,3.730585
3425.3,310.955,3.613908
3425.4,310.96,3.498475
3425.5,310.965,3.384308
3425.6,310.969,3.271427
3425.7,310.974,3.159851
3425.8,310.978,3.049597
3425.9,310.982,2.940685
3426.0,310.985,2.841662
3426.1,310.989,2.753684
3426.2,310.993,2.67502
3426.3,310.996,2.597166
3426.4,310.999,2.520125
3426.5,311.002,2.443902
3426.6,311.005,2.368502
3426.7,311.008,2.293928
3426.8,311.011,2.220187
3426.9,311.013,2.146014
3427.0,311.016,2.072291
3427.1,311.018,1.99945
3427.2,311.02,1.927494
3427.3,311.022,1.856429
3427.4,311.024,1.786258
3427.5,311.026,1.716987
3427.6,311.028,1.648384
3427.7,311.029,1.580442
3427.8,311.031,1.513423
3427.9,311.032,1.447331
3428.0,311.034,1.384533
3428.1,311.035,1.353814
3428.2,311.036,1.325707
3428.3,311.037,1.297852
3428.4,311.038,1.270243
3428.5,311.039,1.242878
3428.6,311.04,1.215753
3428.7,311.041,1.188864
3428.8,311.042,1.162209
3428.9,311.043,1.135928
3429.0,311.044,1.110362
3429.1,311.044,1.106515
3429.2,311.045,1.103503
3429.3,311.046,1.10055
3429.4,311.047,1.097653
3429.5,311.047,1.094809
3429.6,311.048,1.092015
3429.7,311.049,1.08927
3429.8,311.049,1.08657
3429.9,311.05,1.083913
3430.0,311.051,1.086718
3430.1,311.051,1.123993
3430.2,311.052,1.167156
3430.3,311.053,1.210803
3430.4,311.054,1.254939
3430.5,311.055,1.299571
3430.6,311.056,1.344704
3430.7,311.057,1.390342
3430.8,311.058,1.436491
3430.9,311.06,1.483154
3431.0,311.061,1.525884
3431.1,311.062,1.568226
3431.2,311.064,1.606471
3431.3,311.065,1.645062
3431.4,311.067,1.684
3431.5,311.069,1.723288
3431.6,311.07,1.762927
3431.7,311.072,1.802918
3431.8,311.074,1.843263
3431.9,311.076,1.883962
3432.0,311.078,1.929523
3432.1,311.08,1.994687
3432.2,311.082,2.065305
3432.3,311.085,2.136889
3432.4,311.087,2.209446
3432.5,311.09,2.282979
3432.6,311.092,2.357495
3432.7,311.095,2.432999
3432.8,311.098,2.509495
3432.9,311.101,2.586538
3433.0,311.104,2.65776
3433.1,311.107,2.692405
3433.2,311.111,2.719432
3433.3,311.114,2.746545
3433.4,311.117,2.773743
3433.5,311.121,2.80044
3433.6,311.124,2.826553
3433.7,311.128,2.852744
3433.8,311.131,2.879015
3433.9,311.135,2.905369
3434.0,311.139,2.931806
3434.1,311.142,2.953961
3434.2,311.146,2.969134
3434.3,311.15,2.984298
3434.4,311.154,2.999457
3434.5,311.158,3.014612
3434.6,311.161,3.029766
3434.7,311.165,3.044252
3434.8,311.169,3.058071
3434.9,311.173,3.071886
3435.0,311.177,3.085699
3435.1,311.181,3.076347
3435.2,311.185,3.073343
3435.3,311.189,3.041944
3435.4,311.193,3.026671
3435.5,311.197,3.011331
3435.6,311.201,2.995928
3435.7,311.204,2.980468
3435.8,311.208,2.964957
3435.9,311.212,2.949422
3436.0,311.216,2.935696
3436.1,311.219,2.921932
3436.2,311.223,2.89105
3436.3,311.227,2.849642
3436.4,311.23,2.811698
3436.5,311.234,2.785582
3436.6,311.237,2.759484
3436.7,311.241,2.733409
3436.8,311.244,2.707359
3436.9,311.247,2.681293
3437.0,311.251,2.655009
3437.1,311.254,2.628766
3437.2,311.257,2.61091
3437.3,311.26,2.597458
3437.4,311.264,2.582667
3437.5,311.267,2.560405
3437.6,311.27,2.538178
3437.7,311.273,2.515988
3437.8,311.276,2.493838
3437.9,311.279,2.471729
3438.0,311.282,2.451358
3438.1,311.285,2.435924
3438.2,311.288,2.420517
3438.3,311.29,2.405137
3438.4,311.293,2.389785
3438.5,311.296,2.374462
3438.6,311.299,2.35781
3438.7,311.302,2.339647
3438.8,311.304,2.321521
3438.9,311.307,2.303433
3439.0,311.31,2.292279
3439.1,311.312,2.292704
3439.2,311.315,2.301508
3439.3,311.318,2.309406
3439.4,311.32,2.316813
3439.5,311.323,2.32501
3439.6,311.326,2.33353
3439.7,311.329,2.342552
3439.8,311.331,2.351628
3439.9,311.334,2.360755
3440.0,311.337,2.369932
3440.1,311.34,2.391994
3440.2,311.342,2.416975
3440.3,311.345,2.440943
3440.4,311.348,2.465063
3440.5,311.351,2.486547
3440.6,311.354,2.508046
3440.7,311.357,2.529665
3440.8,311.36,2.551403
3440.9,311.363,2.573261
3441.0,311.366,2.600781
3441.1,311.37,2.648689
3441.2,311.373,2.683594
3441.3,311.376,2.720926
3441.4,311.379,2.763089
3441.5,311.383,2.810551
3441.6,311.386,2.857626
3441.7,311.39,2.901476
3441.8,311.394,2.945667
3441.9,311.397,2.990201
3442.0,311.401,3.035076
3442.1,311.405,3.083197
3442.2,311.409,3.133552
3442.3,311.413,3.18432
3442.4,311.417,3.257058
3442.5,311.421,3.326851
3442.6,311.426,3.389606
3442.7,311.43,3.452943
3442.8,311.435,3.516863
3442.9,311.439,3.581365
3443.0,311.444,3.644787
3443.1,311.449,3.700912
3443.2,311.454,3.734892
3443.3,311.459,3.769
3443.4,311.464,3.811421
3443.5,311.469,3.85664
3443.6,311.474,3.89667
3443.7,311.479,3.93689
3443.8,311.485,3.977301
3443.9,311.49,4.017905
3444.0,311.496,4.058703
3444.1,311.501,4.103066
3444.2,311.507,4.172348
3444.3,311.512,4.24223
3444.4,311.518,4.305763
3444.5,311.524,4.3696
3444.6,311.53,4.433921
3444.7,311.536,4.498727
3444.8,311.543,4.560104
3444.9,311.549,4.620073
3445.0,311.555,4.68044
3445.1,311.562,4.731826
3445.2,311.569,4.767793
3445.3,311.575,4.803854
3445.4,311.582,4.839999
3445.5,311.589,4.873814
3445.6,311.596,4.906894
3445.7,311.603,4.93923
3445.8,311.61,4.97163
3445.9,311.617,5.015618
3446.0,311.624,5.066208
3446.1,311.631,5.117059
3446.2,311.638,5.169578
3446.3,311.646,5.232871
3446.4,311.653,5.29658
3446.5,311.66,5.360706
3446.6,311.668,5.423015
3446.7,311.676,5.484176
3446.8,311.684,5.545702
3446.9,311.692,5.607591
3447.0,311.7,5.660177
3447.1,311.708,5.711101
3447.2,311.716,5.762247
3447.3,311.724,5.812704
3447.4,311.733,5.852551
3447.5,311.741,5.892498
3447.6,311.75,5.932547
3447.7,311.758,5.976487
3447.8,311.767,6.028652
3447.9,311.776,6.081049
3448.0,311.785,6.133676
3448.1,311.793,6.173182
3448.2,311.802,6.202347
3448.3,311.811,6.231518
3448.4,311.821,6.260705
3448.5,311.83,6.282054
3448.6,311.839,6.301938
3448.7,311.848,6.321784
3448.8,311.857,6.354617
3448.9,311.866,6.389764
3449.0,311.876,6.424992
3449.1,311.885,6.454774
3449.2,311.895,6.483701
3449.3,311.904,6.51267
3449.4,311.914,6.541673
3449.5,311.923,6.570713
3449.6,311.933,6.599107
3449.7,311.942,6.624433
3449.8,311.952,6.649773
3449.9,311.962,6.67512
3450.0,311.972,6.70048
3450.1,311.981,6.710954
3450.2,311.991,6.698228
3450.3,312.001,6.67246
3450.4,312.011,6.67635
3450.5,312.021,6.668583
3450.6,312.03,6.660027
3450.7,312.04,6.651348
3450.8,312.05,6.642553
3450.9,312.06,6.633647
3451.0,312.069,6.624635
3451.1,312.079,6.615522
3451.2,312.089,6.609774
3451.3,312.098,6.612672
3451.4,312.108,6.615526
3451.5,312.118,6.618336
3451.6,312.127,6.621105
3451.7,312.137,6.623833
3451.8,312.147,6.626521
3451.9,312.156,6.629171
3452.0,312.166,6.631784
3452.1,312.176,6.631169
3452.2,312.185,6.62965
3452.3,312.195,6.628082
3452.4,312.205,6.626417
3452.5,312.214,6.621631
3452.6,312.224,6.616792
3452.7,312.234,6.6119
3452.8,312.243,6.606959
3452.9,312.253,6.60197
3453.0,312.263,6.596935
3453.1,312.272,6.591855
3453.2,312.282,6.58339
3453.3,312.291,6.559132
3453.4,312.301,6.534806
3453.5,312.31,6.510411
3453.6,312.32,6.485951
3453.7,312.329,6.46143
3453.8,312.339,6.43704
3453.9,312.348,6.423675
3454.0,312.357,6.410277
3454.1,312.367,6.404239
3454.2,312.376,6.420889
3454.3,312.385,6.437625
3454.4,312.395,6.454445
3454.5,312.404,6.471345
3454.6,312.414,6.488322
3454.7,312.423,6.505373
3454.8,312.432,6.522497
3454.9,312.442,6.53969
3455.0,312.451,6.556949
3455.1,312.461,6.574274
3455.2,312.47,6.591661
3455.3,312.48,6.609109
3455.4,312.49,6.626615
3455.5,312.499,6.644177
3455.6,312.509,6.661795
3455.7,312.519,6.679466
3455.8,312.528,6.69719
3455.9,312.538,6.714964
3456.0,312.548,6.73279
3456.1,312.558,6.751005
3456.2,312.568,6.769268
3456.3,312.577,6.787579
3456.4,312.587,6.805936
3456.5,312.597,6.824339
3456.6,312.607,6.842785
3456.7,312.617,6.861274
3456.8,312.627,6.879804
3456.9,312.637,6.898376
3457.0,312.647,6.916987
3457.1,312.657,6.935638
3457.2,312.668,6.954328
3457.3,312.678,6.973055
3457.4,312.688,6.991819
3457.5,312.698,7.01062
3457.6,312.708,7.029458
3457.7,312.719,7.048342
3457.8,312.729,7.067273
3457.9,312.739,7.086245
3458.0,312.75,7.10526
3458.1,312.76,7.124662
3458.2,312.771,7.144103
3458.3,312.781,7.163582
3458.4,312.791,7.183097
3458.5,312.802,7.202647
3458.6,312.813,7.222231
3458.7,312.823,7.241849
3458.8,312.834,7.2615
3458.9,312.844,7.281184
3459.0,312.855,7.300903
3459.1,312.866,7.320836
3459.2,312.876,7.340812
3459.3,312.887,7.360821
3459.4,312.898,7.380869
3459.5,312.909,7.400955
3459.6,312.92,7.421087
3459.7,312.931,7.441251
3459.8,312.942,7.461446
3459.9,312.952,7.481675
3460.0,312.963,7.501685
3460.1,312.974,7.496907
3460.2,312.985,7.492037
3460.3,312.996,7.486987
3460.4,313.007,7.481843
3460.5,313.018,7.476618
3460.6,313.029,7.471317
3460.7,313.04,7.469321
3460.8,313.051,7.469796
3460.9,313.062,7.470225
3461.0,313.073,7.470611
3461.1,313.084,7.492454
3461.2,313.095,7.535556
3461.3,313.106,7.578896
3461.4,313.117,7.622479
3461.5,313.129,7.666288
3461.6,313.14,7.708855
3461.7,313.151,7.751649
3461.8,313.163,7.794654
3461.9,313.174,7.837894
3462.0,313.186,7.881368
3462.1,313.197,7.884461
3462.2,313.209,7.880082
3462.3,313.22,7.875605
3462.4,313.232,7.871038
3462.5,313.244,7.866382
3462.6,313.255,7.86164
3462.7,313.267,7.856815
3462.8,313.278,7.851907
3462.9,313.29,7.845821
3463.0,313.301,7.838958
3463.1,313.313,7.832016
3463.2,313.324,7.824999
3463.3,313.336,7.81791
3463.4,313.347,7.811573
3463.5,313.359,7.806675
3463.6,313.37,7.801741
3463.7,313.382,7.796756
3463.8,313.393,7.79172
3463.9,313.405,7.786636
3464.0,313.416,7.781507
3464.1,313.428,7.777679
3464.2,313.439,7.793551
3464.3,313.45,7.809483
3464.4,313.462,7.825472
3464.5,313.473,7.841515
3464.6,313.485,7.857612
3464.7,313.496,7.873772
3464.8,313.508,7.88998
3464.9,313.52,7.906236
3465.0,313.531,7.916099
3465.1,313.543,7.884474
3465.2,313.554,7.847912
3465.3,313.566,7.810446
3465.4,313.577,7.772881
3465.5,313.589,7.735226
3465.6,313.6,7.698067
3465.7,313.611,7.668392
3465.8,313.623,7.638653
3465.9,313.634,7.608869
3466.0,313.645,7.579056
3466.1,313.656,7.556171
3466.2,313.667,7.566076
3466.3,313.678,7.576057
3466.4,313.689,7.586115
3466.5,313.7,7.596248
3466.6,313.711,7.606443
3466.7,313.722,7.609105
3466.8,313.733,7.611556
3466.9,313.745,7.614026
3467.0,313.756,7.616514
3467.1,313.767,7.619018
3467.2,313.778,7.615524
3467.3,313.789,7.599476
3467.4,313.8,7.583382
3467.5,313.811,7.567242
3467.6,313.822,7.551061
3467.7,313.833,7.534839
3467.8,313.844,7.519098
3467.9,313.855,7.503571
3468.0,313.866,7.488011
3468.1,313.877,7.493828
3468.2,313.888,7.501736
3468.3,313.899,7.509698
3468.4,313.91,7.517709
3468.5,313.921,7.525771
3468.6,313.931,7.533879
3468.7,313.942,7.542033
3468.8,313.953,7.543526
3468.9,313.964,7.539884
3469.0,313.975,7.536231
3469.1,313.986,7.532566
3469.2,313.997,7.528891
3469.3,314.008,7.51056
3469.4,314.019,7.491821
3469.5,314.03,7.47303
3469.6,314.041,7.454191
3469.7,314.052,7.435116
3469.8,314.062,7.415692
3469.9,314.073,7.396247
3470.0,314.084,7.376789
3470.1,314.095,7.357336
3470.2,314.105,7.336218
3470.3,314.116,7.315087
3470.4,314.126,7.293923
3470.5,314.137,7.272714
3470.6,314.147,7.254034
3470.7,314.158,7.236962
3470.8,314.168,7.219862
3470.9,314.179,7.202747
3471.0,314.189,7.185622
3471.1,314.2,7.16903
3471.2,314.21,7.171686
3471.3,314.22,7.174392
3471.4,314.231,7.177147
3471.5,314.241,7.179948
3471.6,314.251,7.182792
3471.7,314.262,7.185677
3471.8,314.272,7.188602
3471.9,314.282,7.191564
3472.0,314.293,7.194511
3472.1,314.303,7.197372
3472.2,314.313,7.200266
3472.3,314.324,7.203188
3472.4,314.334,7.206138
3472.5,314.344,7.209112
3472.6,314.355,7.206389
3472.7,314.365,7.203264
3472.8,314.376,7.20014
3472.9,314.386,7.197017
3473.0,314.396,7.193893
3473.1,314.407,7.19077
3473.2,314.417,7.177627
3473.3,314.427,7.154399
3473.4,314.438,7.131119
3473.5,314.448,7.107792
3473.6,314.458,7.084423
3473.7,314.468,7.061015
3473.8,314.478,7.037569
3473.9,314.488,7.021569
3474.0,314.498,7.006909
3474.1,314.508,6.992234
3474.2,314.518,6.991145
3474.3,314.529,6.991431
3474.4,314.539,6.991752
3474.5,314.549,6.992153
3474.6,314.559,6.992639
3474.7,314.569,6.993189
3474.8,314.579,6.992608
3474.9,314.589,6.984149
3475.0,314.598,6.97569
3475.1,314.608,6.967237
3475.2,314.618,6.944561
3475.3,314.628,6.919283
3475.4,314.638,6.893974
3475.5,314.648,6.868629
3475.6,314.658,6.84325
3475.7,314.668,6.817841
3475.8,314.677,6.792227
3475.9,314.687,6.766126
3476.0,314.697,6.740004
3476.1,314.706,6.713866
3476.2,314.716,6.686273
3476.3,314.725,6.658658
3476.4,314.735,6.631033
3476.5,314.744,6.603401
3476.6,314.753,6.575764
3476.7,314.763,6.548129
3476.8,314.772,6.520494
3476.9,314.781,6.492862
3477.0,314.79,6.463675
3477.1,314.799,6.434159
3477.2,314.808,6.404651
3477.3,314.817,6.375152
3477.4,314.826,6.345668
3477.5,314.835,6.316202
3477.6,314.844,6.286755
3477.7,314.853,6.257329
3477.8,314.862,6.227924
3477.9,314.871,6.198538
3478.0,314.879,6.18187
3478.1,314.888,6.167963
3478.2,314.896,6.155642
3478.3,314.905,6.148993
3478.4,314.914,6.142396
3478.5,314.922,6.135848
3478.6,314.931,6.129347
3478.7,314.939,6.122888
3478.8,314.948,6.116472
3478.9,314.956,6.110094
3479.0,314.965,6.103754
3479.1,314.973,6.097455
3479.2,314.982,6.091224
3479.3,314.99,6.085063
3479.4,314.999,6.078955
3479.5,315.007,6.072907
3479.6,315.016,6.066889
3479.7,315.024,6.060891
3479.8,315.033,6.05491
3479.9,315.041,6.048954
3480.0,315.05,6.055955
3480.1,315.058,6.085519
3480.2,315.066,6.128298
3480.3,315.075,6.171394
3480.4,315.084,6.214801
3480.5,315.092,6.256755
3480.6,315.101,6.296763
3480.7,315.11,6.337028
3480.8,315.119,6.377544
3480.9,315.128,6.418307
3481.0,315.137,6.459313
3481.1,315.146,6.500557
3481.2,315.155,6.530368
3481.3,315.164,6.555123
3481.4,315.173,6.579965
3481.5,315.182,6.604896
3481.6,315.192,6.629915
3481.7,315.201,6.655018
3481.8,315.21,6.680204
3481.9,315.22,6.714486
3482.0,315.229,6.751364
3482.1,315.239,6.78841
3482.2,315.248,6.836821
3482.3,315.258,6.890236
3482.4,315.268,6.943969
3482.5,315.278,6.998019
3482.6,315.288,7.052379
3482.7,315.298,7.107044
3482.8,315.308,7.16247
3482.9,315.318,7.218762
3483.0,315.328,7.275363
3483.1,315.339,7.333241
3483.2,315.349,7.393968
3483.3,315.36,7.455033
3483.4,315.37,7.516432
3483.5,315.381,7.578162
3483.6,315.392,7.640223
3483.7,315.403,7.702613
3483.8,315.414,7.765373
3483.9,315.425,7.815787
3484.0,315.436,7.858526
3484.1,315.447,7.90142
3484.2,315.459,7.920332
3484.3,315.47,7.934466
3484.4,315.482,7.948515
3484.5,315.493,7.962466
3484.6,315.505,7.976337
3484.7,315.516,7.990126
3484.8,315.528,8.003834
3484.9,315.539,8.017482
3485.0,315.551,8.03119
3485.1,315.562,8.044832
3485.2,315.574,8.058411
3485.3,315.585,8.071932
3485.4,315.597,8.085397
3485.5,315.609,8.098844
3485.6,315.62,8.11225
3485.7,315.632,8.125612
3485.8,315.644,8.138932
3485.9,315.655,8.152217
3486.0,315.667,8.165466
3486.1,315.679,8.178681
3486.2,315.691,8.191864
3486.3,315.703,8.205018
3486.4,315.714,8.218146
3486.5,315.726,8.231252
3486.6,315.738,8.24434
3486.7,315.75,8.257412
3486.8,315.762,8.270467
3486.9,315.774,8.283504
3487.0,315.786,8.283215
3487.1,315.798,8.252942
3487.2,315.81,8.209504
3487.3,315.821,8.165766
3487.4,315.833,8.121871
3487.5,315.845,8.077831
3487.6,315.856,8.035768
3487.7,315.868,7.994922
3487.8,315.879,7.95399
3487.9,315.891,7.913078
3488.0,315.902,7.872217
3488.1,315.913,7.862518
3488.2,315.925,7.868663
3488.3,315.936,7.874869
3488.4,315.947,7.881172
3488.5,315.959,7.887559
3488.6,315.97,7.893991
3488.7,315.981,7.900493
3488.8,315.992,7.907046
3488.9,316.004,7.91364
3489.0,316.015,7.907969
3489.1,316.026,7.89329
3489.2,316.038,7.878043
3489.3,316.049,7.856874
3489.4,316.06,7.835646
3489.5,316.071,7.814364
3489.6,316.083,7.793032
3489.7,316.094,7.771816
3489.8,316.105,7.752244
3489.9,316.116,7.732635
3490.0,316.127,7.713
3490.1,316.138,7.710975
3490.2,316.149,7.714682
3490.3,316.16,7.718439
3490.4,316.171,7.722244
3490.5,316.182,7.726096
3490.6,316.193,7.729992
3490.7,316.204,7.733937
3490.8,316.215,7.737911
3490.9,316.226,7.741807
3491.0,316.237,7.745745
3491.1,316.248,7.749718
3491.2,316.259,7.753724
3491.3,316.27,7.757759
3491.4,316.281,7.761822
3491.5,316.292,7.765906
3491.6,316.303,7.770003
3491.7,316.314,7.774115
3491.8,316.325,7.778254
3491.9,316.336,7.782497
3492.0,316.347,7.786756
3492.1,316.358,7.791093
3492.2,316.369,7.795523
3492.3,316.381,7.800016
3492.4,316.392,7.804589
3492.5,316.403,7.809183
3492.6,316.414,7.81381
3492.7,316.425,7.818484
3492.8,316.436,7.82318
3492.9,316.447,7.827944
3493.0,316.458,7.832744
3493.1,316.47,7.83757
3493.2,316.481,7.842416
3493.3,316.492,7.847288
3493.4,316.503,7.852179
3493.5,316.514,7.857086
3493.6,316.525,7.862013
3493.7,316.537,7.86694
3493.8,316.548,7.871855
3493.9,316.559,7.876786
3494.0,316.57,7.881732
3494.1,316.581,7.886692
3494.2,316.593,7.89154
3494.3,316.604,7.896405
3494.4,316.615,7.901282
3494.5,316.626,7.90617
3494.6,316.637,7.911068
3494.7,316.649,7.915977
3494.8,316.66,7.920896
3494.9,316.671,7.925825
3495.0,316.682,7.930771
3495.1,316.694,7.935732
3495.2,316.705,7.940859
3495.3,316.716,7.946002
3495.4,316.728,7.951154
3495.5,316.739,7.956316
3495.6,316.75,7.961487
3495.7,316.762,7.96667
3495.8,316.773,7.971865
3495.9,316.784,7.977071
3496.0,316.796,7.982286
3496.1,316.807,7.98751
3496.2,316.818,7.989777
3496.3,316.83,7.992027
3496.4,316.841,7.994314
3496.5,316.852,7.996626
3496.6,316.864,7.998964
3496.7,316.875,8.001312
3496.8,316.886,8.003664
3496.9,316.898,8.006029
3497.0,316.909,8.008396
3497.1,316.921,8.01076
3497.2,316.932,7.988265
3497.3,316.943,7.96536
3497.4,316.955,7.942371
3497.5,316.966,7.919303
3497.6,316.977,7.896162
3497.7,316.988,7.872952
3497.8,316.999,7.849678
3497.9,317.01,7.825544
3498.0,317.022,7.800488
3498.1,317.033,7.775378
3498.2,317.044,7.750219
3498.3,317.054,7.725015
3498.4,317.065,7.698828
3498.5,317.076,7.672469
3498.6,317.087,7.646075
3498.7,317.098,7.619649
3498.8,317.109,7.593193
3498.9,317.119,7.566712
3499.0,317.13,7.540207
3499.1,317.14,7.513699
3499.2,317.151,7.487385
3499.3,317.162,7.461059
3499.4,317.172,7.434723
3499.5,317.182,7.40838
3499.6,317.193,7.38203
3499.7,317.203,7.355669
3499.8,317.213,7.329293
3499.9,317.224,7.302903
3500.0,317.234,7.276503
3500.1,317.244,7.251787
3500.2,317.254,7.248194
3500.3,317.264,7.244657
3500.4,317.274,7.241174
3500.5,317.284,7.237739
3500.6,317.295,7.234357
3500.7,317.305,7.231044
3500.8,317.315,7.227732
3500.9,317.325,7.224409
3501.0,317.335,7.22115
3501.1,317.345,7.217937
3501.2,317.355,7.21477
3501.3,317.365,7.211651
3501.4,317.375,7.208574
3501.5,317.385,7.205532
3501.6,317.395,7.202528
3501.7,317.405,7.19956
3501.8,317.415,7.191345
3501.9,317.425,7.177801
3502.0,317.435,7.164249
3502.1,317.445,7.150689
3502.2,317.455,7.131183
3502.3,317.465,7.10148
3502.4,317.475,7.071743
3502.5,317.485,7.041975
3502.6,317.494,7.012181
3502.7,317.504,6.982364
3502.8,317.514,6.952526
3502.9,317.523,6.922673
3503.0,317.533,6.91545
3503.1,317.542,6.913865
3503.2,317.552,6.935009
3503.3,317.561,6.956329
3503.4,317.571,6.977818
3503.5,317.581,6.999471
3503.6,317.59,7.021283
3503.7,317.6,7.040004
3503.8,317.61,7.055572
3503.9,317.62,7.071244
3504.0,317.629,7.087017
3504.1,317.639,7.102887
3504.2,317.649,7.105144
3504.3,317.659,7.102788
3504.4,317.669,7.1004
3504.5,317.678,7.097988
3504.6,317.688,7.095563
3504.7,317.698,7.093121
3504.8,317.708,7.090666
3504.9,317.718,7.088202
3505.0,317.728,7.08581
3505.1,317.737,7.083476
3505.2,317.747,7.081135
3505.3,317.757,7.07876
3505.4,317.767,7.076376
3505.5,317.776,7.073962
3505.6,317.786,7.071527
3505.7,317.796,7.069069
3505.8,317.806,7.066607
3505.9,317.816,7.072515
3506.0,317.825,7.085633
3506.1,317.835,7.098824
3506.2,317.845,7.112085
3506.3,317.855,7.134771
3506.4,317.865,7.159382
3506.5,317.874,7.184177
3506.6,317.884,7.209136
3506.7,317.894,7.234254
3506.8,317.904,7.259534
3506.9,317.914,7.284954
3507.0,317.925,7.300453
3507.1,317.935,7.305657
3507.2,317.945,7.310855
3507.3,317.955,7.31293
3507.4,317.965,7.313712
3507.5,317.975,7.314469
3507.6,317.985,7.315202
3507.7,317.995,7.31591
3507.8,318.006,7.316596
3507.9,318.016,7.317263
3508.0,318.026,7.317911
3508.1,318.036,7.318542
3508.2,318.046,7.319157
3508.3,318.056,7.319755
3508.4,318.066,7.320338
3508.5,318.076,7.320907
3508.6,318.087,7.321459
3508.7,318.097,7.321998
3508.8,318.107,7.322522
3508.9,318.117,7.325394
3509.0,318.127,7.349172
3509.1,318.137,7.378505
3509.2,318.148,7.433741
3509.3,318.158,7.489363
3509.4,318.168,7.545364
3509.5,318.179,7.601741
3509.6,318.189,7.658486
3509.7,318.2,7.712342
3509.8,318.211,7.763587
3509.9,318.222,7.815111
3510.0,318.232,7.8669
3510.1,318.243,7.895831
3510.2,318.254,7.902771
3510.3,318.266,7.909641
3510.4,318.277,7.916447
3510.5,318.288,7.923189
3510.6,318.299,7.929874
3510.7,318.31,7.936507
3510.8,318.321,7.948938
3510.9,318.332,7.96535
3511.0,318.343,7.981774
3511.1,318.354,7.998211
3511.2,318.365,8.026086
3511.3,318.377,8.061178
3511.4,318.388,8.096415
3511.5,318.399,8.131797
3511.6,318.411,8.16732
3511.7,318.422,8.202983
3511.8,318.434,8.238783
3511.9,318.445,8.275274
3512.0,318.457,8.312661
3512.1,318.469,8.35019
3512.2,318.48,8.388076
3512.3,318.492,8.426933
3512.4,318.504,8.465937
3512.5,318.516,8.505086
3512.6,318.528,8.544378
3512.7,318.54,8.582792
3512.8,318.552,8.613506
3512.9,318.564,8.644287
3513.0,318.576,8.675033
3513.1,318.589,8.705756
3513.2,318.601,8.728635
3513.3,318.613,8.741523
3513.4,318.626,8.754317
3513.5,318.638,8.767038
3513.6,318.65,8.779707
3513.7,318.663,8.792299
3513.8,318.675,8.80484
3513.9,318.688,8.817333
3514.0,318.7,8.839302
3514.1,318.713,8.877445
3514.2,318.725,8.915725
3514.3,318.738,8.956733
3514.4,318.751,8.999373
3514.5,318.763,9.042187
3514.6,318.776,9.085175
3514.7,318.789,9.128332
3514.8,318.802,9.169728
3514.9,318.815,9.20185
3515.0,318.828,9.234045
3515.1,318.841,9.266307
3515.2,318.854,9.291304
3515.3,318.868,9.307602
3515.4,318.881,9.323868
3515.5,318.894,9.340104
3515.6,318.907,9.356312
3515.7,318.921,9.372493
3515.8,318.934,9.388639
3515.9,318.947,9.404762
3516.0,318.961,9.437636
3516.1,318.974,9.471727
3516.2,318.988,9.505921
3516.3,319.001,9.54789
3516.4,319.015,9.591005
3516.5,319.028,9.634289
3516.6,319.042,9.69352
3516.7,319.056,9.756165
3516.8,319.07,9.819134
3516.9,319.084,9.855594
3517.0,319.098,9.884697
3517.1,319.112,9.913732
3517.2,319.126,9.936043
3517.3,319.141,9.955866
3517.4,319.155,9.975632
3517.5,319.169,9.995352
3517.6,319.183,10.015012
3517.7,319.198,10.034643
3517.8,319.212,10.054966
3517.9,319.227,10.088409
3518.0,319.241,10.121895
3518.1,319.256,10.155389
3518.2,319.27,10.196599
3518.3,319.285,10.248384
3518.4,319.299,10.300381
3518.5,319.314,10.352573
3518.6,319.329,10.404957
3518.7,319.344,10.457553
3518.8,319.359,10.510341
3518.9,319.374,10.559481
3519.0,319.389,10.577908
3519.1,319.404,10.596294
3519.2,319.42,10.598265
3519.3,319.435,10.589164
3519.4,319.45,10.579946
3519.5,319.465,10.570635
3519.6,319.481,10.561225
3519.7,319.496,10.551684
3519.8,319.511,10.541998
3519.9,319.526,10.532206
3520.0,319.541,10.520304
3520.1,319.556,10.507494
3520.2,319.571,10.494561
3520.3,319.586,10.481503
3520.4,319.601,10.468333
3520.5,319.616,10.455058
3520.6,319.631,10.441682
3520.7,319.646,10.42363
3520.8,319.661,10.39753
3520.9,319.676,10.371302
3521.0,319.691,10.344953
3521.1,319.706,10.318494
3521.2,319.721,10.285509
3521.3,319.735,10.235183
3521.4,319.75,10.184738
3521.5,319.765,10.13418
3521.6,319.779,10.08352
3521.7,319.793,10.032952
3521.8,319.808,9.983187
3521.9,319.822,9.933317
3522.0,319.836,9.883355
3522.1,319.85,9.855111
3522.2,319.864,9.830431
3522.3,319.878,9.805726
3522.4,319.892,9.781018
3522.5,319.906,9.756303
3522.6,319.92,9.731576
3522.7,319.933,9.70685
3522.8,319.947,9.682121
3522.9,319.961,9.655098
3523.0,319.975,9.607602
3523.1,319.988,9.560074
3523.2,320.002,9.512521
3523.3,320.015,9.453499
3523.4,320.029,9.393805
3523.5,320.042,9.334108
3523.6,320.055,9.274416
3523.7,320.068,9.214735
3523.8,320.081,9.155074
3523.9,320.094,9.082483
3524.0,320.107,9.002529
3524.1,320.119,8.908336
3524.2,320.132,8.78135
3524.3,320.144,8.654667
3524.4,320.156,8.5283
3524.5,320.168,8.400927
3524.6,320.179,8.270944
3524.7,320.191,8.139809
3524.8,320.202,8.0083
3524.9,320.213,7.877957
3525.0,320.224,7.752447
3525.1,320.234,7.627465
3525.2,320.245,7.503046
3525.3,320.255,7.379212
3525.4,320.265,7.255966
3525.5,320.275,7.133337
3525.6,320.284,7.009109
3525.7,320.294,6.872518
3525.8,320.303,6.736746
3525.9,320.312,6.601809
3526.0,320.321,6.467719
3526.1,320.329,6.334491
3526.2,320.338,6.17263
3526.3,320.346,6.001819
3526.4,320.354,5.845976
3526.5,320.361,5.697629
3526.6,320.368,5.550524
3526.7,320.375,5.402152
3526.8,320.382,5.250299
3526.9,320.389,5.099863
3527.0,320.395,4.949656
3527.1,320.401,4.795065
3527.2,320.407,4.642078
3527.3,320.413,4.490712
3527.4,320.418,4.340988
3527.5,320.423,4.192924
3527.6,320.428,4.046536
3527.7,320.433,3.90184
3527.8,320.437,3.758852
3527.9,320.441,3.61986
3528.0,320.445,3.483485
3528.1,320.449,3.348788
3528.2,320.453,3.215779
3528.3,320.456,3.081989
3528.4,320.459,2.947269
3528.5,320.462,2.814395
3528.6,320.465,2.683376
3528.7,320.467,2.554226
3528.8,320.469,2.426955
3528.9,320.471,2.302634
3529.0,320.473,2.186233
3529.1,320.475,2.126664
3529.2,320.477,2.077431
3529.3,320.478,2.02868
3529.4,320.48,1.979329
3529.5,320.481,1.930415
3529.6,320.482,1.881966
3529.7,320.483,1.833974
3529.8,320.484,1.786429
3529.9,320.485,1.739325
3530.0,320.486,1.692696
3530.1,320.487,1.647399
3530.2,320.488,1.60251
3530.3,320.489,1.558024
3530.4,320.49,1.513934
3530.5,320.49,1.470235
3530.6,320.491,1.426769
3530.7,320.491,1.383652
3530.8,320.491,1.340913
3530.9,320.492,1.298551
3531.0,320.492,1.262593
3531.1,320.492,1.245591
3531.2,320.492,1.236777
3531.3,320.493,1.22702
3531.4,320.493,1.217359
3531.5,320.493,1.207787
3531.6,320.493,1.198303
3531.7,320.493,1.1889
3531.8,320.493,1.180102
3531.9,320.493,1.17147
3532.0,320.493,1.162909
3532.1,320.493,1.154415
3532.2,320.493,1.145985
3532.3,320.493,1.138256
3532.4,320.493,1.130739
3532.5,320.493,1.123276
3532.6,320.493,1.115865
3532.7,320.493,1.108504
3532.8,320.493,1.10167
3532.9,320.493,1.095032
3533.0,320.493,1.088437
3533.1,320.493,1.081882
3533.2,320.493,1.075366
3533.3,320.492,1.069429
3533.4,320.492,1.063741
3533.5,320.492,1.058087
3533.6,320.492,1.052464
3533.7,320.492,1.046872
3533.8,320.492,1.041309
3533.9,320.492,1.035774
3534.0,320.491,1.028335
3534.1,320.491,1.012388
3534.2,320.491,0.994579
3534.3,320.491,0.976837
3534.4,320.49,0.959161
3534.5,320.49,0.941552
3534.6,320.49,0.924009
3534.7,320.489,0.906533
3534.8,320.489,0.889124
3534.9,320.489,0.871232
3535.0,320.488,0.851593
3535.1,320.488,0.825357
3535.2,320.487,0.796375
3535.3,320.487,0.767559
3535.4,320.486,0.738911
3535.5,320.485,0.710434
3535.6,320.485,0.68213
3535.7,320.484,0.654
3535.8,320.483,0.626047
3535.9,320.482,0.598271
3536.0,320.481,0.570995
3536.1,320.48,0.567594
3536.2,320.48,0.564534
3536.3,320.479,0.561493
3536.4,320.478,0.558472
3536.5,320.477,0.555468
3536.6,320.476,0.552481
3536.7,320.475,0.54951
3536.8,320.474,0.546556
3536.9,320.473,0.543579
3537.0,320.472,0.53962
3537.1,320.471,0.5273
3537.2,320.47,0.51396
3537.3,320.469,0.500671
3537.4,320.468,0.487432
3537.5,320.467,0.474244
3537.6,320.466,0.461106
3537.7,320.465,0.448019
3537.8,320.464,0.434982
3537.9,320.462,0.421997
3538.0,320.461,0.410675
3538.1,320.46,0.418479
3538.2,320.459,0.427919
3538.3,320.458,0.437383
3538.4,320.457,0.446873
3538.5,320.456,0.456387
3538.6,320.454,0.465926
3538.7,320.453,0.475491
3538.8,320.452,0.485082
3538.9,320.451,0.494698
3539.0,320.45,0.505098
3539.1,320.449,0.525662
3539.2,320.448,0.54709
3539.3,320.447,0.568626
3539.4,320.446,0.590272
3539.5,320.445,0.612029
3539.6,320.445,0.633899
3539.7,320.444,0.655882
3539.8,320.443,0.67798
3539.9,320.442,0.701363
3540.0,320.441,0.724977
3540.1,320.441,0.756876
3540.2,320.44,0.791489
3540.3,320.44,0.82637
3540.4,320.439,0.861521
3540.5,320.439,0.896944
3540.6,320.438,0.932642
3540.7,320.438,0.968618
3540.8,320.438,1.004873
3540.9,320.437,1.041409
3541.0,320.437,1.073202
3541.1,320.437,1.081722
3541.2,320.437,1.085207
3541.3,320.437,1.088675
3541.4,320.437,1.092125
3541.5,320.437,1.09556
3541.6,320.437,1.09898
3541.7,320.437,1.102386
3541.8,320.437,1.105779
3541.9,320.437,1.109159
3542.0,320.436,1.115556
3542.1,320.436,1.127657
3542.2,320.436,1.143791
3542.3,320.436,1.159715
3542.4,320.436,1.174818
3542.5,320.436,1.190517
3542.6,320.437,1.206269
3542.7,320.437,1.222071
3542.8,320.437,1.237925
3542.9,320.437,1.253012
3543.0,320.437,1.266135
3543.1,320.437,1.274927
3543.2,320.438,1.280066
3543.3,320.438,1.285197
3543.4,320.438,1.290322
3543.5,320.438,1.295439
3543.6,320.438,1.300551
3543.7,320.439,1.305657
3543.8,320.439,1.310758
3543.9,320.439,1.315854
3544.0,320.44,1.318796
3544.1,320.44,1.314869
3544.2,320.44,1.308772
3544.3,320.44,1.302652
3544.4,320.441,1.296518
3544.5,320.441,1.290368
3544.6,320.441,1.284201
3544.7,320.441,1.278017
3544.8,320.442,1.271818
3544.9,320.442,1.265605
3545.0,320.442,1.25938
3545.1,320.442,1.253281
3545.2,320.442,1.247238
3545.3,320.442,1.241186
3545.4,320.443,1.235125
3545.5,320.443,1.229057
3545.6,320.443,1.222982
3545.7,320.443,1.2169
3545.8,320.443,1.210814
3545.9,320.443,1.204723
3546.0,320.443,1.201081
3546.1,320.444,1.215266
3546.2,320.444,1.232467
3546.3,320.444,1.248427
3546.4,320.444,1.265018
3546.5,320.444,1.281718
3546.6,320.444,1.298487
3546.7,320.445,1.315325
3546.8,320.445,1.332232
3546.9,320.445,1.349208
3547.0,320.446,1.36044
3547.1,320.446,1.361458
3547.2,320.446,1.356632
3547.3,320.447,1.35179
3547.4,320.447,1.346981
3547.5,320.447,1.342791
3547.6,320.448,1.338587
3547.7,320.448,1.334373
3547.8,320.448,1.330147
3547.9,320.449,1.325911
3548.0,320.449,1.321666
3548.1,320.449,1.335281
3548.2,320.45,1.35308
3548.3,320.45,1.370958
3548.4,320.45,1.388913
3548.5,320.451,1.406945
3548.6,320.451,1.425054
3548.7,320.452,1.44324
3548.8,320.452,1.461503
3548.9,320.453,1.479842
3549.0,320.453,1.494908
3549.1,320.454,1.506139
3549.2,320.454,1.51404
3549.3,320.455,1.521952
3549.4,320.456,1.529875
3549.5,320.456,1.537808
3549.6,320.457,1.545727
3549.7,320.457,1.553657
3549.8,320.458,1.561598
3549.9,320.459,1.56955
3550.0,320.46,1.574164
3550.1,320.46,1.573811
3550.2,320.461,1.571507
3550.3,320.462,1.568412
3550.4,320.462,1.565299
3550.5,320.463,1.562198
3550.6,320.464,1.559099
3550.7,320.464,1.555985
3550.8,320.465,1.552856
3550.9,320.466,1.549713
3551.0,320.466,1.546556
3551.1,320.467,1.543387
3551.2,320.468,1.540207
3551.3,320.468,1.537015
3551.4,320.469,1.533813
3551.5,320.47,1.530659
3551.6,320.47,1.527532
3551.7,320.471,1.524397
3551.8,320.472,1.521254
3551.9,320.472,1.518103
3552.0,320.473,1.514946
3552.1,320.473,1.511782
3552.2,320.474,1.508612
3552.3,320.475,1.505504
3552.4,320.475,1.502404
3552.5,320.476,1.499299
3552.6,320.476,1.496189
3552.7,320.477,1.493075
3552.8,320.478,1.489957
3552.9,320.478,1.486836
3553.0,320.479,1.483703
3553.1,320.479,1.480466
3553.2,320.48,1.477225
3553.3,320.48,1.473982
3553.4,320.481,1.470736
3553.5,320.481,1.467488
3553.6,320.482,1.464239
3553.7,320.482,1.460987
3553.8,320.483,1.457758
3553.9,320.484,1.45458
3554.0,320.484,1.451401
3554.1,320.485,1.44822
3554.2,320.485,1.445038
3554.3,320.486,1.441855
3554.4,320.486,1.438671
3554.5,320.487,1.435487
3554.6,320.487,1.432319
3554.7,320.488,1.429166
3554.8,320.488,1.426012
3554.9,320.488,1.422858
3555.0,320.489,1.419704
3555.1,320.489,1.41655
3555.2,320.49,1.413396
3555.3,320.49,1.410242
3555.4,320.491,1.407089
3555.5,320.491,1.403936
3555.6,320.492,1.400783
3555.7,320.492,1.39763
3555.8,320.492,1.394479
3555.9,320.493,1.391328
3556.0,320.493,1.387186
3556.1,320.494,1.374212
3556.2,320.494,1.360259
3556.3,320.495,1.34632
3556.4,320.495,1.332394
3556.5,320.495,1.318484
3556.6,320.495,1.30459
3556.7,320.496,1.290715
3556.8,320.496,1.276858
3556.9,320.496,1.263021
3557.0,320.496,1.25102
3557.1,320.497,1.256135
3557.2,320.497,1.26309
3557.3,320.497,1.270074
3557.4,320.497,1.277085
3557.5,320.498,1.284124
3557.6,320.498,1.29119
3557.7,320.498,1.298281
3557.8,320.498,1.305397
3557.9,320.499,1.312539
3558.0,320.499,1.3192
3558.1,320.499,1.30618
3558.2,320.499,1.292665
3558.3,320.5,1.279162
3558.4,320.5,1.26567
3558.5,320.5,1.252191
3558.6,320.5,1.238728
3558.7,320.501,1.22528
3558.8,320.501,1.21185
3558.9,320.501,1.200006
3559.0,320.501,1.189075
3559.1,320.501,1.181584
3559.2,320.501,1.178119
3559.3,320.501,1.174661
3559.4,320.501,1.17121
3559.5,320.501,1.167766
3559.6,320.501,1.164336
3559.7,320.502,1.160966
3559.8,320.502,1.157602
3559.9,320.502,1.154243
3560.0,320.502,1.15089
3560.1,320.502,1.147543
3560.2,320.502,1.144201
3560.3,320.502,1.140864
3560.4,320.502,1.137533
3560.5,320.502,1.134206
3560.6,320.502,1.13089
3560.7,320.502,1.127616
3560.8,320.502,1.124346
3560.9,320.502,1.121081
3561.0,320.502,1.11782
3561.1,320.502,1.114564
3561.2,320.502,1.111311
3561.3,320.502,1.108063
3561.4,320.502,1.104819
3561.5,320.502,1.101579
3561.6,320.502,1.098343
3561.7,320.502,1.09511
3561.8,320.502,1.091881
3561.9,320.501,1.088656
3562.0,320.501,1.085434
3562.1,320.501,1.082216
3562.2,320.501,1.079001
3562.3,320.501,1.07579
3562.4,320.501,1.072582
3562.5,320.501,1.069378
3562.6,320.501,1.066177
3562.7,320.501,1.062979
3562.8,320.501,1.059784
3562.9,320.501,1.056592
3563.0,320.501,1.05296
3563.1,320.5,1.040698
3563.2,320.5,1.028011
3563.3,320.5,1.015342
3563.4,320.5,1.002659
3563.5,320.5,0.989986
3563.6,320.5,0.977334
3563.7,320.499,0.964705
3563.8,320.499,0.952099
3563.9,320.499,0.939518
3564.0,320.498,0.926961
3564.1,320.498,0.905098
3564.2,320.498,0.88302
3564.3,320.497,0.861023
3564.4,320.497,0.83911
3564.5,320.497,0.817282
3564.6,320.496,0.795543
3564.7,320.495,0.773894
3564.8,320.495,0.752336
3564.9,320.494,0.730872
3565.0,320.494,0.707506
3565.1,320.493,0.670274
3565.2,320.492,0.631362
3565.3,320.492,0.592772
3565.4,320.491,0.554508
3565.5,320.49,0.516578
3565.6,320.489,0.478986
3565.7,320.488,0.441738
3565.8,320.487,0.404837
3565.9,320.486,0.368676
3566.0,320.484,0.332894
3566.1,320.483,0.297466
3566.2,320.482,0.262866
3566.3,320.48,0.22877
3566.4,320.479,0.195027
3566.5,320.477,0.161638
3566.6,320.476,0.128608
3566.7,320.474,0.095937
3566.8,320.473,0.06363
3566.9,320.471,0.031688
3567.0,320.469,0.0
3567.1,320.467,0.0
3567.2,320.466,0.0
3567.3,320.464,0.0
3567.4,320.462,0.0
3567.5,320.46,0.0
3567.6,320.459,0.0
3567.7,320.457,0.0
3567.8,320.455,0.0
3567.9,320.453,0.0
3568.0,320.451,0.0
3568.1,320.45,0.0
3568.2,320.448,0.0
3568.3,320.446,0.0
3568.4,320.444,0.0
3568.5,320.442,0.0
3568.6,320.441,0.0
3568.7,320.439,0.0
3568.8,320.437,0.0
3568.9,320.435,0.0
3569.0,320.433,0.0
3569.1,320.432,0.0
3569.2,320.43,0.0
3569.3,320.428,0.0
3569.4,320.426,0.0
3569.5,320.425,0.0
3569.6,320.423,0.0
3569.7,320.421,0.0
3569.8,320.419,0.0
3569.9,320.417,0.0
3570.0,320.416,0.0
3570.1,320.414,0.0
3570.2,320.412,0.0
3570.3,320.41,0.0
3570.4,320.408,0.0
3570.5,320.407,0.0
3570.6,320.405,0.0
3570.7,320.403,0.0
3570.8,320.401,0.0
3570.9,320.4,0.0
3571.0,320.398,0.0
3571.1,320.396,0.0
3571.2,320.394,0.0
3571.3,320.392,0.0
3571.4,320.391,0.0
3571.5,320.389,0.0
3571.6,320.387,0.0
3571.7,320.385,0.0
3571.8,320.384,0.0
3571.9,320.382,0.0
3572.0,320.38,0.0
3572.1,320.378,0.0
3572.2,320.376,0.0
3572.3,320.375,0.0
3572.4,320.373,0.0
3572.5,320.371,0.0
3572.6,320.369,0.0
3572.7,320.368,0.0
3572.8,320.366,0.0
3572.9,320.364,0.0
3573.0,320.362,0.0
3573.1,320.36,0.0
3573.2,320.359,0.0
3573.3,320.357,0.0
3573.4,320.355,0.0
3573.5,320.353,0.0
3573.6,320.352,0.0
3573.7,320.35,0.0
3573.8,320.348,0.0
3573.9,320.346,0.0
3574.0,320.344,0.0
3574.1,320.343,0.0
3574.2,320.341,0.0
3574.3,320.339,0.0
3574.4,320.337,0.0
3574.5,320.336,0.0
3574.6,320.334,0.0
3574.7,320.332,0.0
3574.8,320.33,0.0
3574.9,320.328,0.0
3575.0,320.327,0.0
3575.1,320.325,0.0
3575.2,320.323,0.0
3575.3,320.321,0.0
3575.4,320.32,0.0
3575.5,320.318,0.0
3575.6,320.316,0.0
3575.7,320.314,0.0
3575.8,320.313,0.0
3575.9,320.311,0.0
3576.0,320.309,0.0
3576.1,320.307,0.0
3576.2,320.305,0.0
3576.3,320.304,0.0
3576.4,320.302,0.0
3576.5,320.3,0.0
3576.6,320.298,0.0
3576.7,320.297,0.0
3576.8,320.295,0.0
3576.9,320.293,0.0
3577.0,320.291,0.0
3577.1,320.29,0.0
3577.2,320.288,0.0
3577.3,320.286,0.0
3577.4,320.284,0.0
3577.5,320.282,0.0
3577.6,320.281,0.0
3577.7,320.279,0.0
3577.8,320.277,0.0
3577.9,320.275,0.0
3578.0,320.274,0.0
3578.1,320.272,0.0
3578.2,320.27,0.0
3578.3,320.268,0.0
3578.4,320.267,0.0
3578.5,320.265,0.0
3578.6,320.263,0.0
3578.7,320.261,0.0
3578.8,320.26,0.0
3578.9,320.258,0.0
3579.0,320.256,0.0
3579.1,320.254,0.0
3579.2,320.252,0.0
3579.3,320.251,0.0
3579.4,320.249,0.0
3579.5,320.247,0.0
3579.6,320.245,0.0
3579.7,320.244,0.0
3579.8,320.242,0.0
3579.9,320.24,0.0
3580.0,320.238,0.0
3580.1,320.237,0.0
3580.2,320.235,0.0
3580.3,320.233,0.0
3580.4,320.231,0.0
3580.5,320.23,0.0
3580.6,320.228,0.0
3580.7,320.226,0.0
3580.8,320.224,0.0
3580.9,320.223,0.0
3581.0,320.221,0.0
3581.1,320.219,0.0
3581.2,320.217,0.0
3581.3,320.216,0.0
3581.4,320.214,0.0
3581.5,320.212,0.0
3581.6,320.21,0.0
3581.7,320.208,0.0
3581.8,320.207,0.0
3581.9,320.205,0.0
3582.0,320.203,0.0
3582.1,320.201,0.0
3582.2,320.2,0.0
3582.3,320.198,0.0
3582.4,320.196,0.0
3582.5,320.194,0.0
3582.6,320.193,0.0
3582.7,320.191,0.0
3582.8,320.189,0.0
3582.9,320.187,0.0
3583.0,320.186,0.0
3583.1,320.184,0.0
3583.2,320.182,0.0
3583.3,320.18,0.0
3583.4,320.179,0.0
3583.5,320.177,0.0
3583.6,320.175,0.0
3583.7,320.173,0.0
3583.8,320.172,0.0
3583.9,320.17,0.0
3584.0,320.168,0.0
3584.1,320.166,0.0
3584.2,320.165,0.0
3584.3,320.163,0.0
3584.4,320.161,0.0
3584.5,320.159,0.0
3584.6,320.158,0.0
3584.7,320.156,0.0
3584.8,320.154,0.0
3584.9,320.152,0.0
3585.0,320.151,0.0
3585.1,320.149,0.0
3585.2,320.147,0.0
3585.3,320.145,0.0
3585.4,320.144,0.0
3585.5,320.142,0.0
3585.6,320.14,0.0
3585.7,320.138,0.0
3585.8,320.137,0.0
3585.9,320.135,0.0
3586.0,320.133,0.0
3586.1,320.131,0.0
3586.2,320.13,0.0
3586.3,320.128,0.0
3586.4,320.126,0.0
3586.5,320.124,0.0
3586.6,320.123,0.0
3586.7,320.121,0.0
3586.8,320.119,0.0
3586.9,320.117,0.0
3587.0,320.116,0.0
3587.1,320.114,0.0
3587.2,320.112,0.0
3587.3,320.11,0.0
3587.4,320.109,0.0
3587.5,320.107,0.0
3587.6,320.105,0.0
3587.7,320.103,0.0
3587.8,320.102,0.0
3587.9,320.1,0.0
3588.0,320.098,0.0
3588.1,320.096,0.0
3588.2,320.095,0.0
3588.3,320.093,0.0
3588.4,320.091,0.0
3588.5,320.089,0.0
3588.6,320.088,0.0
3588.7,320.086,0.0
3588.8,320.084,0.0
3588.9,320.083,0.0
3589.0,320.081,0.0
3589.1,320.079,0.0
3589.2,320.077,0.0
3589.3,320.076,0.0
3589.4,320.074,0.0
3589.5,320.072,0.0
3589.6,320.07,0.0
3589.7,320.069,0.0
3589.8,320.067,0.0
3589.9,320.065,0.0
3590.0,320.063,0.0
3590.1,320.062,0.0
3590.2,320.06,0.0
3590.3,320.058,0.0
3590.4,320.056,0.0
3590.5,320.055,0.0
3590.6,320.053,0.0
3590.7,320.051,0.0
3590.8,320.049,0.0
3590.9,320.048,0.0
3591.0,320.046,0.0
3591.1,320.044,0.0
3591.2,320.042,0.0
3591.3,320.041,0.0
3591.4,320.039,0.0
3591.5,320.037,0.0
3591.6,320.036,0.0
3591.7,320.034,0.0
3591.8,320.032,0.0
3591.9,320.03,0.0
3592.0,320.029,0.0
3592.1,320.027,0.0
3592.2,320.025,0.0
3592.3,320.023,0.0
3592.4,320.022,0.0
3592.5,320.02,0.0
3592.6,320.018,0.0
3592.7,320.016,0.0
3592.8,320.015,0.0
3592.9,320.013,0.0
3593.0,320.011,0.0
3593.1,320.009,0.0
3593.2,320.008,0.0
3593.3,320.006,0.0
3593.4,320.004,0.0
3593.5,320.003,0.0
3593.6,320.001,0.0
3593.7,319.999,0.0
3593.8,319.997,0.0
3593.9,319.996,0.0
3594.0,319.994,0.0
3594.1,319.992,0.0
3594.2,319.99,0.0
3594.3,319.989,0.0
3594.4,319.987,0.0
3594.5,319.985,0.0
3594.6,319.983,0.0
3594.7,319.982,0.0
3594.8,319.98,0.0
3594.9,319.978,0.0
3595.0,319.977,0.0
3595.1,319.975,0.0
3595.2,319.973,0.0
3595.3,319.971,0.0
3595.4,319.97,0.0
3595.5,319.968,0.0
3595.6,319.966,0.0
3595.7,319.964,0.0
3595.8,319.963,0.0
3595.9,319.961,0.0
3596.0,319.959,0.0
3596.1,319.957,0.0
3596.2,319.956,0.0
3596.3,319.954,0.0
3596.4,319.952,0.0
3596.5,319.951,0.0
3596.6,319.949,0.0
3596.7,319.947,0.0
3596.8,319.945,0.0
3596.9,319.944,0.0
3597.0,319.942,0.0
3597.1,319.94,0.0
3597.2,319.938,0.0
3597.3,319.937,0.0
3597.4,319.935,0.0
3597.5,319.933,0.0
3597.6,319.932,0.0
3597.7,319.93,0.0
3597.8,319.928,0.0
3597.9,319.926,0.0
3598.0,319.925,0.0
3598.1,319.923,0.0
3598.2,319.921,0.0
3598.3,319.919,0.0
3598.4,319.918,0.0
3598.5,319.916,0.0
3598.6,319.914,0.0
3598.7,319.913,0.0
3598.8,319.911,0.0
3598.9,319.909,0.0
3599.0,319.907,0.0
3599.1,319.906,0.0
3599.2,319.904,0.0
3599.3,319.902,0.0
3599.4,319.9,0.0
3599.5,319.899,0.0
3599.6,319.897,0.0
3599.7,319.895,0.0
3599.8,319.894,0.0
3599.9,319.892,0.0
3600.0,319.89,0.0
