# Wavefront OBJ file written 2026-03-23T20:24:20
o cellFull_m_normal_2

# points : 2088
# faces  : 4036
# zones  : 1
#   0  Mesh_2  (nFaces: 4036)

# <points count="2088">
v 0.109886 -0.00500661 0.25
v 0.11 0 0.25
v 0.109544 -0.0100028 0.25
v 0.108976 -0.0149783 0.25
v 0.108181 -0.0199228 0.25
v 0.107162 -0.0248259 0.25
v 0.105921 -0.0296776 0.25
v 0.10446 -0.0344678 0.25
v 0.102783 -0.0391866 0.25
v 0.100893 -0.0438241 0.25
v 0.0987941 -0.0483708 0.25
v 0.0964901 -0.0528173 0.25
v 0.0939861 -0.0571542 0.25
v 0.0912874 -0.0613727 0.25
v 0.0883994 -0.0654641 0.25
v 0.0853282 -0.0694197 0.25
v 0.0820802 -0.0732314 0.25
v 0.078662 -0.0768914 0.25
v 0.0750808 -0.080392 0.25
v 0.071344 -0.0837259 0.25
v 0.0674593 -0.0868864 0.25
v 0.0634348 -0.0898667 0.25
v 0.0592789 -0.0926608 0.25
v 0.055 -0.0952628 0.25
v 0.0506072 -0.0976674 0.25
v 0.0461094 -0.0998695 0.25
v 0.0415161 -0.101865 0.25
v 0.0368368 -0.103649 0.25
v 0.0320811 -0.105218 0.25
v 0.0272589 -0.106569 0.25
v 0.0223802 -0.107699 0.25
v 0.0174551 -0.108606 0.25
v 0.0124938 -0.109288 0.25
v 0.00750667 -0.109744 0.25
v 0.00250395 -0.109971 0.25
v -0.00250395 -0.109971 0.25
v -0.00750667 -0.109744 0.25
v -0.0124938 -0.109288 0.25
v -0.0174551 -0.108606 0.25
v -0.0223802 -0.107699 0.25
v -0.0272589 -0.106569 0.25
v -0.0320811 -0.105218 0.25
v -0.0368368 -0.103649 0.25
v -0.0415161 -0.101865 0.25
v -0.0461094 -0.0998695 0.25
v -0.0506072 -0.0976674 0.25
v -0.055 -0.0952628 0.25
v -0.0592789 -0.0926608 0.25
v -0.0634348 -0.0898667 0.25
v -0.0674593 -0.0868864 0.25
v -0.071344 -0.0837259 0.25
v -0.0750808 -0.080392 0.25
v -0.078662 -0.0768914 0.25
v -0.0820802 -0.0732314 0.25
v -0.0853282 -0.0694197 0.25
v -0.0883994 -0.0654641 0.25
v -0.0912874 -0.0613727 0.25
v -0.0939861 -0.0571542 0.25
v -0.0964901 -0.0528173 0.25
v -0.0987941 -0.0483708 0.25
v -0.100893 -0.0438241 0.25
v -0.102783 -0.0391866 0.25
v -0.10446 -0.0344678 0.25
v -0.105921 -0.0296776 0.25
v -0.107162 -0.0248259 0.25
v -0.108181 -0.0199228 0.25
v -0.108976 -0.0149783 0.25
v -0.109544 -0.0100028 0.25
v -0.109886 -0.00500661 0.25
v -0.11 2.79628e-16 0.25
v -0.109886 0.00500661 0.25
v -0.109544 0.0100028 0.25
v -0.108976 0.0149783 0.25
v -0.108181 0.0199228 0.25
v -0.107162 0.0248259 0.25
v -0.105921 0.0296776 0.25
v -0.10446 0.0344678 0.25
v -0.102783 0.0391866 0.25
v -0.100893 0.0438241 0.25
v -0.0987941 0.0483708 0.25
v -0.0964901 0.0528173 0.25
v -0.0939861 0.0571542 0.25
v -0.0912874 0.0613727 0.25
v -0.0883994 0.0654641 0.25
v -0.0853282 0.0694197 0.25
v -0.0820802 0.0732314 0.25
v -0.078662 0.0768914 0.25
v -0.0750808 0.080392 0.25
v -0.071344 0.0837259 0.25
v -0.0674593 0.0868864 0.25
v -0.0634348 0.0898667 0.25
v -0.0592789 0.0926608 0.25
v -0.055 0.0952628 0.25
v -0.0506072 0.0976674 0.25
v -0.0461094 0.0998695 0.25
v -0.0415161 0.101865 0.25
v -0.0368368 0.103649 0.25
v -0.0320811 0.105218 0.25
v -0.0272589 0.106569 0.25
v -0.0223802 0.107699 0.25
v -0.0174551 0.108606 0.25
v -0.0124938 0.109288 0.25
v -0.00750667 0.109744 0.25
v -0.00250395 0.109971 0.25
v 0.00250395 0.109971 0.25
v 0.00750667 0.109744 0.25
v 0.0124938 0.109288 0.25
v 0.0174551 0.108606 0.25
v 0.0223802 0.107699 0.25
v 0.0272589 0.106569 0.25
v 0.0320811 0.105218 0.25
v 0.0368368 0.103649 0.25
v 0.0415161 0.101865 0.25
v 0.0461094 0.0998695 0.25
v 0.0506072 0.0976674 0.25
v 0.055 0.0952628 0.25
v 0.0592789 0.0926608 0.25
v 0.0634348 0.0898667 0.25
v 0.0674593 0.0868864 0.25
v 0.071344 0.0837259 0.25
v 0.0750808 0.080392 0.25
v 0.078662 0.0768914 0.25
v 0.0820802 0.0732314 0.25
v 0.0853282 0.0694197 0.25
v 0.0883994 0.0654641 0.25
v 0.0912874 0.0613727 0.25
v 0.0939861 0.0571542 0.25
v 0.0964901 0.0528173 0.25
v 0.0987941 0.0483708 0.25
v 0.100893 0.0438241 0.25
v 0.102783 0.0391866 0.25
v 0.10446 0.0344678 0.25
v 0.105921 0.0296776 0.25
v 0.107162 0.0248259 0.25
v 0.108181 0.0199228 0.25
v 0.108976 0.0149783 0.25
v 0.109544 0.0100028 0.25
v 0.109886 0.00500661 0.25
v 0.10367 0.000686781 0.25
v 0.104182 -0.00471241 0.25
v 0.104082 -0.00966766 0.25
v 0.103621 -0.0145159 0.25
v 0.102891 -0.0193262 0.25
v 0.101916 -0.0241059 0.25
v 0.100703 -0.0288403 0.25
v 0.0992692 -0.033525 0.25
v 0.0976191 -0.0381497 0.25
v 0.0957588 -0.0427086 0.25
v 0.0936873 -0.0471837 0.25
v 0.0914096 -0.051565 0.25
v 0.0889322 -0.0558461 0.25
v 0.0862588 -0.060019 0.25
v 0.0833936 -0.0640719 0.25
v 0.0803471 -0.0679935 0.25
v 0.0771989 -0.0718006 0.25
v 0.0737801 -0.0756908 0.25
v 0.024041 -0.024127 0.25
v 0.0233978 -0.0268741 0.25
v 0.0213392 -0.0236255 0.25
v -0.0186602 -0.0562399 0.25
v -0.0214808 -0.055553 0.25
v -0.0182245 -0.0533481 0.25
v -0.0067315 -0.0157084 0.25
v -0.00697025 -0.0192091 0.25
v -0.0100441 -0.0175305 0.25
v 0.0602088 -0.0872694 0.25
v 0.056376 -0.0902043 0.25
v 0.0526561 -0.0926128 0.25
v 0.048726 -0.0938753 0.25
v 0.0442689 -0.0956171 0.25
v 0.0397616 -0.0974966 0.25
v 0.0351796 -0.099229 0.25
v 0.0305167 -0.100765 0.25
v 0.0257752 -0.102086 0.25
v 0.0209671 -0.103199 0.25
v 0.0161032 -0.10409 0.25
v 0.0111963 -0.10476 0.25
v 0.0062561 -0.105206 0.25
v 0.00129272 -0.105428 0.25
v -0.00367891 -0.105424 0.25
v -0.00864533 -0.105193 0.25
v -0.0135983 -0.104736 0.25
v -0.018528 -0.104057 0.25
v -0.0234308 -0.103145 0.25
v -0.0282983 -0.101997 0.25
v -0.0330826 -0.100666 0.25
v -0.0376651 -0.0992761 0.25
v -0.0418994 -0.0979476 0.25
v -0.0454057 -0.096954 0.25
v -0.0490512 -0.0949063 0.25
v -0.0515927 -0.0923113 0.25
v -0.0549533 -0.088302 0.25
v -0.0601175 -0.0855265 0.25
v -0.064217 -0.0825493 0.25
v -0.0680537 -0.0795078 0.25
v -0.0717008 -0.0762805 0.25
v -0.0752007 -0.0728831 0.25
v -0.078538 -0.0693115 0.25
v -0.0817181 -0.0655775 0.25
v -0.0847352 -0.0616853 0.25
v -0.0875838 -0.0576452 0.25
v -0.0902459 -0.0534736 0.25
v -0.092714 -0.0491855 0.25
v -0.0949864 -0.0447896 0.25
v -0.09706 -0.0402893 0.25
v -0.0989284 -0.0356913 0.25
v -0.100587 -0.0310119 0.25
v -0.102095 -0.0263118 0.25
v -0.103527 -0.0213435 0.25
v 0.0216501 -0.0295656 0.25
v 0.0186642 -0.0251092 0.25
v -0.0200657 -0.0604233 0.25
v -0.0236426 -0.0594152 0.25
v -0.00233932 -0.0177967 0.25
v -0.00439627 -0.0206804 0.25
v -0.105944 -0.00366775 0.25
v -0.106295 0.00119684 0.25
v -0.106292 0.00569516 0.25
v -0.105283 0.00963993 0.25
v -0.10438 0.0143004 0.25
v -0.103536 0.0190988 0.25
v -0.102529 0.0238872 0.25
v -0.101312 0.0286368 0.25
v -0.0998729 0.0333349 0.25
v -0.0982216 0.0379757 0.25
v -0.096354 0.0425444 0.25
v -0.0942758 0.0470334 0.25
v -0.0919911 0.0514342 0.25
v -0.0895037 0.055734 0.25
v -0.0868198 0.0599212 0.25
v -0.083946 0.0639852 0.25
v -0.0808881 0.0679178 0.25
v -0.0776559 0.071711 0.25
v -0.0742414 0.0753548 0.25
v -0.0706439 0.0788404 0.25
v -0.0669378 0.0821555 0.25
v -0.0632968 0.0852646 0.25
v -0.0599033 0.0881088 0.25
v -0.0571853 0.0905198 0.25
v -0.0535051 0.0924835 0.25
v -0.049951 0.0932259 0.25
v -0.0447655 0.093893 0.25
v -0.0396484 0.0967336 0.25
v -0.0349324 0.0985811 0.25
v -0.0303 0.100175 0.25
v -0.0256091 0.10151 0.25
v -0.020853 0.102628 0.25
v -0.0160403 0.103514 0.25
v -0.0111804 0.104179 0.25
v -0.00628008 0.104622 0.25
v -0.00134799 0.104844 0.25
v 0.0035962 0.104838 0.25
v 0.00853527 0.104605 0.25
v 0.0134598 0.10415 0.25
v 0.018365 0.103472 0.25
v 0.0232419 0.102569 0.25
v 0.0280763 0.101445 0.25
v 0.0328484 0.100183 0.25
v 0.037809 0.0987108 0.25
v -0.0305799 0.0383625 0.25
v -0.0323816 0.0370861 0.25
v -0.0319912 0.0406072 0.25
v -0.0361978 0.0366096 0.25
v -0.0361792 0.0413551 0.25
v 0.015171 -0.0116234 0.25
v 0.011614 -0.0123331 0.25
v 0.0127088 -0.00897419 0.25
v 0.0539497 0.0912749 0.25
v 0.0580204 0.0891351 0.25
v 0.0614028 0.087343 0.25
v 0.0647776 0.0842692 0.25
v 0.0673572 0.0802902 0.25
v 0.0716132 0.0769498 0.25
v 0.0752793 0.0735113 0.25
v 0.0786793 0.0699259 0.25
v 0.0818806 0.0661813 0.25
v 0.0849075 0.0622869 0.25
v 0.0877547 0.0582475 0.25
v 0.0904202 0.0540732 0.25
v 0.0928987 0.0497738 0.25
v 0.0951817 0.0453595 0.25
v 0.0972632 0.0408422 0.25
v 0.0991372 0.0362341 0.25
v 0.1008 0.0315279 0.25
v 0.102249 0.0267329 0.25
v 0.1035 0.0219077 0.25
v 0.104577 0.0171683 0.25
v 0.105527 0.0126524 0.25
v 0.106564 0.00949028 0.25
v 0.106109 0.00574857 0.25
v 0.0158562 -0.0158867 0.25
v 0.0112779 -0.0153594 0.25
v -0.0421814 0.0399132 0.25
v -0.040673 0.0434972 0.25
v 0.0861236 0.0123607 0.25
v 0.0860644 0.0161028 0.25
v 0.0892514 0.0129024 0.25
v 0.0985564 -0.00473726 0.25
v 0.0987888 -0.00939959 0.25
v 0.0977571 -0.0186784 0.25
v 0.0968367 -0.0233241 0.25
v 0.095641 -0.0279219 0.25
v 0.0942373 -0.0324872 0.25
v 0.0926182 -0.0369991 0.25
v 0.0907993 -0.0414678 0.25
v 0.0887608 -0.0458506 0.25
v 0.0865158 -0.0501477 0.25
v 0.0840731 -0.0543607 0.25
v 0.0814339 -0.0584784 0.25
v 0.0786009 -0.0624807 0.25
v 0.0755922 -0.0663618 0.25
v 0.0724179 -0.0701477 0.25
v 0.0687841 -0.0740402 0.25
v 0.0682616 -0.0806293 0.25
v 0.0644908 -0.0780973 0.25
v 0.0641019 -0.0841337 0.25
v 0.0606333 -0.0815729 0.25
v 0.0570958 -0.0847129 0.25
v 0.0538393 -0.0874364 0.25
v 0.051409 -0.089706 0.25
v 0.0424706 -0.0910715 0.25
v 0.0379943 -0.093049 0.25
v 0.0335351 -0.0947798 0.25
v 0.0289904 -0.0962983 0.25
v 0.024346 -0.0975812 0.25
v 0.0196279 -0.0986824 0.25
v 0.0148415 -0.0995542 0.25
v 0.0100025 -0.10021 0.25
v 0.00512352 -0.100644 0.25
v 0.000216186 -0.100861 0.25
v -0.00469869 -0.10085 0.25
v -0.00960968 -0.100614 0.25
v -0.0145131 -0.100158 0.25
v -0.0194051 -0.0994756 0.25
v -0.0242783 -0.0985592 0.25
v -0.0290985 -0.0974525 0.25
v -0.0337615 -0.0962887 0.25
v -0.0381022 -0.0952355 0.25
v -0.0421369 -0.0942955 0.25
v -0.0459829 -0.0939561 0.25
v 0.0906046 0.0189602 0.25
v 0.0923891 0.0149831 0.25
v -0.0611718 -0.0781942 0.25
v -0.064858 -0.0754164 0.25
v -0.0532704 -0.0826272 0.25
v -0.0573514 -0.0806922 0.25
v -0.0683581 -0.0723086 0.25
v -0.0717777 -0.0690419 0.25
v -0.0750145 -0.0655629 0.25
v -0.0781193 -0.0619176 0.25
v -0.0810681 -0.0581009 0.25
v -0.0838698 -0.054128 0.25
v -0.0864792 -0.0500218 0.25
v -0.0889003 -0.0457997 0.25
v -0.0911385 -0.0414638 0.25
v -0.0931852 -0.0370154 0.25
v -0.0950261 -0.0324667 0.25
v -0.0966669 -0.0278416 0.25
v -0.0981393 -0.0231352 0.25
v -0.0994535 -0.0179888 0.25
v -0.10471 -0.0140386 0.25
v -0.10055 -0.0122045 0.25
v -0.105414 -0.00864598 0.25
v -0.101391 -0.00709209 0.25
v -0.102125 -0.00241648 0.25
v -0.102595 0.00186317 0.25
v -0.103181 0.0051416 0.25
v -0.099568 0.0133941 0.25
v -0.0988185 0.0182329 0.25
v -0.0978749 0.0229231 0.25
v -0.0967115 0.0275611 0.25
v -0.0952965 0.0321465 0.25
v -0.0936862 0.0366937 0.25
v -0.0918468 0.0411758 0.25
v -0.0897972 0.0455918 0.25
v -0.0875404 0.0499335 0.25
v -0.0850762 0.0541824 0.25
v -0.0824136 0.0583257 0.25
v -0.0795595 0.0623522 0.25
v -0.0765208 0.0662562 0.25
v -0.073297 0.0700253 0.25
v -0.0698845 0.0736482 0.25
v -0.0663415 0.0771186 0.25
v -0.0628446 0.0804173 0.25
v -0.0596292 0.0834973 0.25
v -0.0566858 0.086372 0.25
v -0.0543506 0.0894037 0.25
v 0.0260079 0.036147 0.25
v 0.0271187 0.0329567 0.25
v 0.0225327 0.0350611 0.25
v -0.0329044 0.0936702 0.25
v -0.0285716 0.0952818 0.25
v -0.0408926 0.0894269 0.25
v -0.0370731 0.0918039 0.25
v -0.024047 0.0965618 0.25
v -0.0194322 0.0976815 0.25
v -0.0147414 0.098532 0.25
v -0.00999557 0.0991796 0.25
v -0.00520193 0.099604 0.25
v -0.000361886 0.0998221 0.25
v 0.00449192 0.0998058 0.25
v 0.00934344 0.0995668 0.25
v 0.014191 0.099114 0.25
v 0.0190301 0.0984429 0.25
v 0.0238462 0.0975451 0.25
v 0.028625 0.0964371 0.25
v 0.0333898 0.0951403 0.25
v 0.0384466 0.0934694 0.25
v 0.0446056 0.0957692 0.25
v 0.043919 0.0912735 0.25
v 0.0495155 0.0934684 0.25
v 0.0486742 0.089234 0.25
v 0.0529912 0.0873474 0.25
v 0.0570423 0.0854943 0.25
v 0.0610852 0.0840487 0.25
v 0.064588 0.0765182 0.25
v 0.0684284 0.0734177 0.25
v 0.0719542 0.0701159 0.25
v 0.0752771 0.0666434 0.25
v 0.0784007 0.062984 0.25
v 0.0813718 0.0591707 0.25
v 0.0841649 0.0551966 0.25
v 0.086788 0.0510799 0.25
v 0.089235 0.046831 0.25
v 0.0914888 0.042463 0.25
v 0.0935453 0.0379871 0.25
v 0.0953998 0.0334085 0.25
v 0.0970499 0.0287273 0.25
v 0.0984925 0.0239708 0.25
v 0.099807 0.0193054 0.25
v 0.101002 0.0148606 0.25
v 0.102324 0.010645 0.25
v -0.0228894 0.0250218 0.25
v -0.0220122 0.0221798 0.25
v -0.025305 0.0238515 0.25
v 0.0984071 -0.0140307 0.25
v 0.0976066 -6.6111e-05 0.25
v 0.0475671 -0.0888504 0.25
v -0.100415 0.00789063 0.25
v -0.0204516 0.0266213 0.25
v -0.0186419 0.021274 0.25
v 0.102129 0.00518326 0.25
v 0.0959417 0.00456612 0.25
v -0.0503922 -0.0871878 0.25
v -0.0492123 -0.0836367 0.25
v -0.0462712 0.0894719 0.25
v -0.0439087 0.0865633 0.25
v 0.0906754 -0.0268835 0.25
v 0.0893213 -0.0313164 0.25
v 0.0918208 -0.0224325 0.25
v 0.087729 -0.0356746 0.25
v 0.0859845 -0.040058 0.25
v 0.0839787 -0.0443086 0.25
v 0.0817748 -0.0484905 0.25
v 0.0793849 -0.0526182 0.25
v 0.0767983 -0.0566677 0.25
v 0.0740118 -0.0605955 0.25
v 0.0710396 -0.0644128 0.25
v 0.0678623 -0.0681459 0.25
v 0.0643723 -0.0718921 0.25
v 0.060674 -0.0755956 0.25
v 0.057226 -0.0790054 0.25
v 0.0541663 -0.0820974 0.25
v 0.0509012 -0.0849279 0.25
v 0.0318712 -0.0902601 0.25
v 0.0274952 -0.0917855 0.25
v 0.0402797 -0.0865201 0.25
v 0.0361162 -0.0885026 0.25
v 0.0229643 -0.0929814 0.25
v 0.0183704 -0.0941048 0.25
v 0.0136845 -0.0949384 0.25
v 0.00893848 -0.095581 0.25
v 0.00415123 -0.095996 0.25
v -0.000671443 -0.096214 0.25
v -0.00549598 -0.0961921 0.25
v -0.010321 -0.0959493 0.25
v -0.0151522 -0.0954952 0.25
v -0.0199863 -0.0948223 0.25
v -0.0247981 -0.0939481 0.25
v -0.0295277 -0.0929762 0.25
v -0.0340375 -0.092077 0.25
v -0.0381053 -0.0913915 0.25
v -0.0421878 -0.0904553 0.25
v -0.0470987 -0.0898982 0.25
v -0.0453325 -0.0851568 0.25
v -0.0581338 -0.0740267 0.25
v -0.0616643 -0.0714374 0.25
v -0.0714498 -0.061952 0.25
v -0.0744795 -0.0584267 0.25
v -0.0545162 -0.0762487 0.25
v -0.0948497 0.00807666 0.25
v -0.0945923 0.0128239 0.25
v -0.0683125 -0.0653091 0.25
v -0.0773197 -0.0547075 0.25
v -0.0800826 -0.0508271 0.25
v -0.0826074 -0.0468094 0.25
v -0.0849668 -0.0426747 0.25
v -0.0871712 -0.0384156 0.25
v -0.0891894 -0.0340345 0.25
v -0.0909871 -0.0295583 0.25
v -0.0925861 -0.0250003 0.25
v -0.0940122 -0.0203244 0.25
v -0.0952775 -0.0153899 0.25
v -0.096392 -0.01031 0.25
v -0.0973955 -0.00558728 0.25
v -0.0983392 -0.0013438 0.25
v -0.0989258 0.00296067 0.25
v -0.0931508 0.0219295 0.25
v -0.09209 0.0264309 0.25
v -0.093949 0.0173878 0.25
v -0.0906696 0.0308608 0.25
v -0.0891446 0.0353041 0.25
v -0.0873313 0.0396682 0.25
v -0.0853249 0.0439877 0.25
v -0.0831139 0.0482507 0.25
v -0.0806838 0.0524234 0.25
v -0.078054 0.0565022 0.25
v -0.07523 0.0604738 0.25
v -0.072218 0.0643369 0.25
v -0.0690165 0.068071 0.25
v -0.0656631 0.0716686 0.25
v -0.0622864 0.0751305 0.25
v -0.0591085 0.0784313 0.25
v -0.0563638 0.081472 0.25
v -0.0534068 0.0843787 0.25
v -0.0503206 0.0881704 0.25
v -0.0472473 0.0841242 0.25
v -0.0310375 0.0888742 0.25
v -0.0269304 0.0904555 0.25
v -0.013559 0.0935916 0.25
v -0.00895067 0.0942373 0.25
v -0.0348588 0.0870293 0.25
v 0.0578368 0.0753257 0.25
v 0.0606764 0.0794343 0.25
v 0.0616316 0.0727048 0.25
v -0.0181064 0.0927617 0.25
v -0.00430247 0.0946214 0.25
v 0.00042271 0.0948578 0.25
v 0.00514784 0.0948151 0.25
v 0.00988029 0.0945645 0.25
v 0.0146308 0.094123 0.25
v 0.0193875 0.0934694 0.25
v 0.024116 0.0925775 0.25
v 0.0288221 0.0914698 0.25
v 0.0335463 0.0901458 0.25
v 0.0384045 0.088544 0.25
v 0.0432903 0.0867415 0.25
v 0.0478043 0.0850397 0.25
v 0.0518832 0.0835252 0.25
v 0.0558763 0.0815591 0.25
v 0.0685909 0.0666842 0.25
v 0.0718313 0.0633709 0.25
v 0.0651552 0.0697753 0.25
v 0.0748269 0.0597994 0.25
v 0.0777448 0.0561029 0.25
v 0.0804553 0.0522104 0.25
v 0.0830224 0.0481754 0.25
v 0.0854308 0.0440029 0.25
v 0.0876415 0.0397023 0.25
v 0.0896646 0.0352873 0.25
v 0.0914896 0.0307599 0.25
v 0.0931133 0.026123 0.25
v 0.0945734 0.0214611 0.25
v 0.0960034 0.0170947 0.25
v 0.0971168 0.0130463 0.25
v 0.0980104 0.00968959 0.25
v 0.0935125 -0.0090883 0.25
v 0.0933491 -0.0135087 0.25
v 0.0917692 -0.000755143 0.25
v 0.0930282 -0.0047835 0.25
v 0.0926853 -0.0179595 0.25
v 0.0444066 -0.0842153 0.25
v -0.0650267 -0.0684529 0.25
v -0.0508149 -0.0780571 0.25
v -0.022568 0.0916953 0.25
v -0.038349 0.0848734 0.25
v -0.0412448 -0.0864184 0.25
v -0.0504942 0.0814169 0.25
v -0.0470923 -0.0795151 0.25
v -0.0945904 0.00347716 0.25
v -0.0415386 0.0824719 0.25
v 0.0538959 0.077704 0.25
v 0.0481161 -0.0815301 0.25
v 0.0898441 0.00277931 0.25
v 0.041995 -0.0796889 0.25
v 0.0381836 -0.0819896 0.25
v 0.0829401 -0.0342246 0.25
v 0.0812524 -0.0384468 0.25
v 0.0793013 -0.042552 0.25
v 0.0748403 -0.0506125 0.25
v 0.072333 -0.0545943 0.25
v 0.069605 -0.0584029 0.25
v 0.0666933 -0.0621337 0.25
v 0.0635917 -0.0657765 0.25
v 0.060302 -0.0694094 0.25
v 0.0569649 -0.0729729 0.25
v 0.0538677 -0.0763795 0.25
v 0.0516815 -0.0793513 0.25
v -0.0617055 -0.064699 0.25
v -0.064849 -0.0616688 0.25
v 0.0302001 -0.0856639 0.25
v 0.0259972 -0.0871662 0.25
v 0.0126319 -0.0902166 0.25
v 0.00801175 -0.0908721 0.25
v 0.0342472 -0.0839026 0.25
v 0.0171743 -0.0893856 0.25
v 0.00335903 -0.0912382 0.25
v -0.00135637 -0.0914916 0.25
v -0.00604621 -0.0914369 0.25
v -0.0107467 -0.0911839 0.25
v -0.0154775 -0.090752 0.25
v -0.0202274 -0.0901259 0.25
v -0.0249478 -0.0893429 0.25
v -0.0295942 -0.0885546 0.25
v -0.034028 -0.0879436 0.25
v -0.0375198 -0.0879332 0.25
v -0.0432989 -0.0809465 0.25
v -0.055077 -0.0699621 0.25
v -0.058452 -0.0675073 0.25
v -0.0253405 0.0856521 0.25
v -0.0211701 0.0869201 0.25
v -0.070746 -0.0550394 0.25
v -0.0735411 -0.0514706 0.25
v -0.0897478 0.00768847 0.25
v -0.0896196 0.0121771 0.25
v -0.0482257 -0.0738751 0.25
v -0.0516413 -0.0720643 0.25
v -0.0761448 -0.0477016 0.25
v -0.0785985 -0.0438087 0.25
v -0.0830661 -0.0356333 0.25
v -0.085064 -0.0313377 0.25
v -0.0867796 -0.0269686 0.25
v -0.0883246 -0.0225143 0.25
v -0.0897314 -0.0179481 0.25
v -0.0910076 -0.0132554 0.25
v -0.0921924 -0.00857 0.25
v -0.0933753 -0.00415478 0.25
v -0.094691 -0.000714492 0.25
v -0.0168413 0.0878876 0.25
v -0.0883735 0.0208958 0.25
v -0.0873836 0.0252314 0.25
v -0.0890786 0.0165339 0.25
v -0.0808483 0.0422097 0.25
v -0.0787161 0.0463822 0.25
v -0.0845137 0.0337759 0.25
v -0.082783 0.0380101 0.25
v -0.0763234 0.0504396 0.25
v -0.0737431 0.0544304 0.25
v -0.0709622 0.0583187 0.25
v -0.0680017 0.062132 0.25
v -0.0648633 0.0658164 0.25
v -0.0616362 0.0693811 0.25
v -0.0584782 0.0728564 0.25
v -0.055619 0.0762205 0.25
v -0.0537529 0.0791332 0.25
v 0.0935633 0.011611 0.25
v 0.0915443 0.00728224 0.25
v -0.0447376 0.0800135 0.25
v -0.0292521 0.0841191 0.25
v 0.0682651 0.0600466 0.25
v 0.0712119 0.0566517 0.25
v -0.00802635 0.0892663 0.25
v -0.00353511 0.0896945 0.25
v 0.0547763 0.0714097 0.25
v 0.0584619 0.0689401 0.25
v -0.0361634 0.0803424 0.25
v -0.0328535 0.0823336 0.25
v 0.00100479 0.0898689 0.25
v 0.00557479 0.0898291 0.25
v 0.0147876 0.0891503 0.25
v 0.0194539 0.0885401 0.25
v 0.0240488 0.0876374 0.25
v 0.0286452 0.0865376 0.25
v 0.0332681 0.0852516 0.25
v 0.0379248 0.0837854 0.25
v 0.0425073 0.0822527 0.25
v 0.0468482 0.0808656 0.25
v 0.0504443 0.0801017 0.25
v 0.0651588 0.0632389 0.25
v 0.0618466 0.0661704 0.25
v 0.0791042 0.0453585 0.25
v 0.0814834 0.0412943 0.25
v 0.0739408 0.0530163 0.25
v 0.076604 0.0492765 0.25
v 0.0836222 0.0370834 0.25
v 0.0856024 0.0327545 0.25
v 0.087372 0.0282901 0.25
v 0.0889695 0.023682 0.25
v 0.0877243 -0.0171865 0.25
v 0.0868997 -0.0214822 0.25
v 0.0882936 -0.00873184 0.25
v 0.0882519 -0.0129208 0.25
v 0.0877513 -0.00471742 0.25
v 0.0216154 -0.0883142 0.25
v 0.0771454 -0.0465745 0.25
v 0.0857589 -0.0257469 0.25
v -0.0860163 0.0295039 0.25
v 0.0844269 -0.0299848 0.25
v -0.0678289 -0.0584163 0.25
v -0.0808756 -0.0397933 0.25
v -0.012459 0.088644 0.25
v 0.0101466 0.0895531 0.25
v 0.0866557 -0.00103109 0.25
v -0.0392033 -0.0822166 0.25
v -0.0480695 0.077325 0.25
v 0.0852388 0.00226391 0.25
v 0.0458259 -0.0770942 0.25
v -0.0448661 -0.075508 0.25
v -0.0896337 0.0030297 0.25
v 0.0508385 0.0738137 0.25
v -0.0392627 0.0782188 0.25
v 0.0653474 -0.055934 0.25
v 0.0625362 -0.0595786 0.25
v 0.0765607 -0.0366738 0.25
v 0.0747099 -0.0406489 0.25
v 0.0703916 -0.0483974 0.25
v 0.0679698 -0.0522129 0.25
v 0.0595548 -0.0630801 0.25
v 0.056445 -0.0666605 0.25
v 0.0533036 -0.0701834 0.25
v 0.0502438 -0.0740716 0.25
v 0.0768858 0.00890781 0.25
v 0.0742439 0.0122624 0.25
v 0.0783494 0.0136444 0.25
v 0.0816117 0.00959207 0.25
v -0.076739 -0.0370894 0.25
v -0.0788542 -0.0330608 0.25
v 0.0285367 -0.0810251 0.25
v 0.0245064 -0.0824787 0.25
v 0.00720235 -0.0860208 0.25
v 0.00269437 -0.0864552 0.25
v 0.0877327 0.00598481 0.25
v -0.0826071 0.0239775 0.25
v -0.081383 0.0281038 0.25
v -0.0842187 0.0156689 0.25
v -0.0835575 0.0198265 0.25
v 0.0202985 -0.0835994 0.25
v 0.0160268 -0.0846445 0.25
v 0.0202634 0.0302709 0.25
v 0.0175834 0.0318112 0.25
v 0.0186456 0.0354498 0.25
v 0.0116467 -0.0853958 0.25
v -0.0669792 -0.0517402 0.25
v -0.069647 -0.0483313 0.25
v -0.00183165 -0.0866289 0.25
v -0.00636371 -0.0865874 0.25
v -0.0155058 -0.0859585 0.25
v -0.0201622 -0.0854195 0.25
v -0.0247765 -0.0847215 0.25
v -0.0294471 -0.0840913 0.25
v -0.0342951 -0.083855 0.25
v 0.0255906 0.0391577 0.25
v 0.0288784 0.0379111 0.25
v -0.023783 0.0808696 0.25
v -0.0197963 0.0821133 0.25
v 0.0227108 0.0395101 0.25
v -0.0520014 -0.0659835 0.25
v -0.0552491 -0.0636536 0.25
v -0.058347 -0.060946 0.25
v -0.072105 -0.0447033 0.25
v -0.0744966 -0.0409706 0.25
v -0.0719831 0.0482476 0.25
v -0.069488 0.0521411 0.25
v -0.0613092 -0.0580197 0.25
v -0.0642011 -0.0549688 0.25
v 0.0233057 0.0284685 0.25
v -0.0487549 -0.0680567 0.25
v -0.0807238 -0.0289109 0.25
v -0.0824072 -0.0246709 0.25
v -0.0853247 -0.0159464 0.25
v -0.0866351 -0.0114436 0.25
v -0.0878813 -0.00696309 0.25
v -0.0894829 -0.00233332 0.25
v 0.0222477 -0.0373208 0.25
v 0.0254971 -0.0384071 0.25
v 0.0231435 -0.0410818 0.25
v -0.0156384 0.0830264 0.25
v -0.0846232 0.0115056 0.25
v -0.0763405 0.0402963 0.25
v -0.0742696 0.0443 0.25
v 0.0240906 -0.0342235 0.25
v 0.0269754 -0.036134 0.25
v 0.0585163 0.0625869 0.25
v 0.0616912 0.0598071 0.25
v -0.0667596 0.0558913 0.25
v -0.0639013 0.059674 0.25
v -0.0608592 0.0632725 0.25
v -0.0577869 0.0667831 0.25
v -0.0548007 0.0703209 0.25
v -0.0520614 0.074211 0.25
v -0.0480509 -0.010822 0.25
v -0.050508 -0.0140704 0.25
v -0.0522641 -0.0101821 0.25
v -0.0422824 0.0759718 0.25
v 0.0781976 -0.0326457 0.25
v -0.0275183 0.0793909 0.25
v 0.0646274 0.0567006 0.25
v 0.0674741 0.0534612 0.25
v 0.0014382 0.0848944 0.25
v 0.00583914 0.0848797 0.25
v 0.0794305 0.0345838 0.25
v 0.0813848 0.0303652 0.25
v -0.0114388 0.083749 0.25
v -0.00290622 0.0847066 0.25
v -0.0309682 0.0777274 0.25
v 0.0147207 0.0841798 0.25
v 0.019223 0.0835863 0.25
v 0.0236732 0.0827063 0.25
v 0.03261 0.0804422 0.25
v 0.0371106 0.0791017 0.25
v 0.0415404 0.0777228 0.25
v 0.0462794 0.0765806 0.25
v -0.0452557 -0.0143393 0.25
v -0.0488964 -0.0168568 0.25
v -0.007197 0.0842962 0.25
v 0.0700975 0.0499674 0.25
v 0.0726796 0.046382 0.25
v 0.0821827 -0.00126434 0.25
v 0.0829417 -0.00459953 0.25
v -0.0415023 -0.0770203 0.25
v 0.0750421 0.0425804 0.25
v 0.0773204 0.0386571 0.25
v 0.0265557 -0.0456924 0.25
v 0.0300568 -0.0469995 0.25
v 0.0272778 -0.0497133 0.25
v 0.0830642 0.0259722 0.25
v 0.0846616 0.0213434 0.25
v 0.0284538 -0.0418545 0.25
v 0.0318095 -0.0444727 0.25
v 0.0726198 -0.0445195 0.25
v 0.0827315 -0.0163653 0.25
v 0.081971 -0.0204559 0.25
v 0.0808681 -0.0245227 0.25
v 0.0796324 -0.0285911 0.25
v 0.0831834 -0.0123122 0.25
v -0.0522366 0.00204512 0.25
v -0.0554826 7.1459e-07 0.25
v -0.0558705 0.00394906 0.25
v 0.0102473 0.0845764 0.25
v -0.0782009 0.0362548 0.25
v -0.0838943 -0.0203724 0.25
v -0.0456263 -0.0699692 0.25
v -0.0847129 0.00728892 0.25
v -0.0108945 -0.0863186 0.25
v 0.0323835 -0.0793304 0.25
v -0.0798589 0.0321831 0.25
v 0.039609 -0.0752268 0.25
v 0.0360555 -0.0774077 0.25
v 0.0552125 0.0651169 0.25
v 0.0517422 0.0673963 0.25
v -0.0341597 0.0759777 0.25
v 0.0281125 0.0816387 0.25
v 0.0832127 -0.00837576 0.25
v -0.0845616 0.00298077 0.25
v -0.0371585 0.0742262 0.25
v -0.0427512 -0.0718472 0.25
v -0.0452493 0.0734005 0.25
v 0.0480773 0.0695135 0.25
v 0.0813146 0.00164613 0.25
v -0.0376694 -0.0776648 0.25
v 0.0431287 -0.0727932 0.25
v -0.0766495 0.0266451 0.25
v -0.0752479 0.0305613 0.25
v 0.0497644 -0.066841 0.25
v 0.0466451 -0.0700278 0.25
v 0.063695 -0.0496961 0.25
v 0.061188 -0.053282 0.25
v 0.0527573 -0.0635481 0.25
v -0.0763092 -0.026672 0.25
v -0.0779815 -0.0225914 0.25
v -0.0724886 -0.0345113 0.25
v -0.0744805 -0.0306494 0.25
v -0.00215971 -0.0817264 0.25
v -0.00651989 -0.0817178 0.25
v 0.0902893 0.0102763 0.25
v 0.0865659 0.00935949 0.25
v -0.0778159 0.0226992 0.25
v -0.0703385 -0.0382256 0.25
v -0.0242891 -0.0799864 0.25
v -0.028831 -0.0793156 0.25
v -0.0698338 0.0421301 0.25
v -0.0676598 0.0459323 0.25
v 0.0149259 -0.0798179 0.25
v 0.0107382 -0.0805972 0.25
v 0.0230773 0.0777991 0.25
v 0.0273817 0.0768151 0.25
v -0.0631774 -0.048495 0.25
v -0.0657029 -0.0452471 0.25
v 0.00217821 -0.0815276 0.25
v 0.0584869 -0.0567335 0.25
v 0.0556764 -0.0601716 0.25
v -0.0153098 -0.0811005 0.25
v -0.0197863 -0.0806042 0.25
v -0.0332806 -0.0786109 0.25
v -0.0605381 -0.0515642 0.25
v -0.0222571 0.0760968 0.25
v -0.0184504 0.077291 0.25
v 0.0230186 -0.0777109 0.25
v 0.0190243 -0.0788535 0.25
v 0.0686418 0.043494 0.25
v 0.070959 0.0398858 0.25
v 0.0832935 0.00572626 0.25
v -0.0519948 -0.0597989 0.25
v -0.0549794 -0.0572717 0.25
v -0.0680489 -0.0417857 0.25
v -0.0787109 0.0187345 0.25
v 0.0441212 0.0714917 0.25
v -0.083164 -0.00577355 0.25
v -0.0841385 -0.00146848 0.25
v -0.0808003 -0.0142541 0.25
v -0.0820416 -0.0100053 0.25
v -0.0144873 0.0781657 0.25
v 0.0316349 0.0756535 0.25
v 0.0787496 0.0238832 0.25
v 0.0803715 0.0195105 0.25
v 0.0581428 0.0562961 0.25
v 0.0610043 0.0534082 0.25
v 0.0751311 0.0321724 0.25
v 0.0770216 0.0281051 0.25
v 0.0268626 -0.0763436 0.25
v -0.0794238 -0.0184735 0.25
v -0.0718264 0.0382998 0.25
v 0.00177716 0.0799388 0.25
v 0.00598092 0.0799098 0.25
v 0.0551406 0.0589355 0.25
v -0.00645361 0.0794144 0.25
v -0.00236637 0.0797744 0.25
v 0.00648214 -0.0811096 0.25
v 0.0304968 -0.0747265 0.25
v 0.0520265 0.0612762 0.25
v -0.0598983 0.0569422 0.25
v -0.0569971 0.0604864 0.25
v -0.0512135 0.0672129 0.25
v -0.0483444 0.0704927 0.25
v -0.0400245 0.0724054 0.25
v 0.0636539 0.0502401 0.25
v 0.066208 0.0469476 0.25
v 0.0734893 -0.0309877 0.25
v 0.0719249 -0.0348266 0.25
v -0.0258552 0.0747178 0.25
v 0.078364 -0.00445785 0.25
v 0.078485 -0.00793494 0.25
v -0.0104891 0.078851 0.25
v -0.0292227 0.0732429 0.25
v 0.0144887 0.0792012 0.25
v 0.0187847 0.0786098 0.25
v 0.0358415 0.0743837 0.25
v 0.0399607 0.0730105 0.25
v 0.0102118 0.0796047 0.25
v 0.0782408 -0.0116958 0.25
v -0.0577814 -0.054459 0.25
v -0.010874 -0.0814371 0.25
v 0.0730802 0.0360829 0.25
v 0.0760515 -0.023264 0.25
v 0.0748594 -0.0271303 0.25
v 0.0701144 -0.0385964 0.25
v 0.0681824 -0.0423624 0.25
v 0.0339469 -0.0728969 0.25
v 0.0818728 0.015309 0.25
v 0.077727 -0.0155266 0.25
v 0.0770299 -0.0193907 0.25
v 0.0488144 0.0633763 0.25
v -0.0501073 -0.00225258 0.25
v -0.0545658 -0.00330863 0.25
v 0.066004 -0.0460335 0.25
v -0.0652254 0.0496341 0.25
v -0.0626464 0.0533108 0.25
v -0.0735941 0.0344334 0.25
v -0.0404399 -0.0737268 0.25
v -0.0427683 -0.0663144 0.25
v -0.0458178 -0.0641979 0.25
v -0.0797927 0.0068806 0.25
v -0.0797239 0.0108289 0.25
v 0.0781353 -0.00127873 0.25
v -0.048906 -0.0620494 0.25
v 0.0305799 -0.0546483 0.25
v 0.0340696 -0.0562614 0.25
v 0.0308754 -0.0586149 0.25
v 0.0372807 -0.0708839 0.25
v -0.0540934 0.0638473 0.25
v -0.0793015 0.0147667 0.25
v 0.0832388 0.0124467 0.25
v -0.0323922 0.0718054 0.25
v 0.0779516 0.00188591 0.25
v 0.0329916 -0.0507595 0.25
v 0.0363563 -0.0537928 0.25
v -0.0424352 0.0698157 0.25
v 0.0371202 0.0507159 0.25
v 0.0374504 0.0546564 0.25
v 0.0407147 0.0524897 0.25
v -0.0367743 -0.0723145 0.25
v 0.045471 0.0653016 0.25
v 0.0405527 -0.0687081 0.25
v 0.0327219 0.0514058 0.25
v 0.0343407 0.0563677 0.25
v -0.0797162 0.00292499 0.25
v -0.039778 -0.0687732 0.25
v -0.0353736 0.070563 0.25
v -0.027886 -0.0744656 0.25
v -0.0321941 -0.073663 0.25
v 0.0617053 -0.0436004 0.25
v 0.0594924 -0.0470847 0.25
v 0.00174322 -0.0766126 0.25
v -0.00238623 -0.0768237 0.25
v -0.0718827 -0.0245245 0.25
v -0.0735324 -0.0206623 0.25
v -0.0690278 0.0325865 0.25
v -0.067339 0.0362596 0.25
v 0.0721769 -0.0183093 0.25
v 0.0712569 -0.0219755 0.25
v -0.0730272 0.0214102 0.25
v -0.0719179 0.0251716 0.25
v -0.0661554 -0.0355333 0.25
v -0.0682156 -0.0320035 0.25
v -0.0235581 -0.0751318 0.25
v -0.0457896 -0.0581536 0.25
v -0.0487561 -0.0560177 0.25
v 0.0762407 0.0177931 0.25
v 0.0700787 -0.0256226 0.25
v 0.0688055 -0.0292743 0.25
v 0.0545457 -0.0538274 0.25
v 0.051893 -0.057137 0.25
v -0.01923 -0.0757137 0.25
v 0.057312 0.050043 0.25
v 0.0598774 0.0470985 0.25
v -0.0568564 -0.0481903 0.25
v -0.0593614 -0.0452924 0.25
v -0.0207743 0.0713461 0.25
v -0.0171387 0.0724856 0.25
v -0.0633237 0.0435062 0.25
v -0.0610638 0.0470914 0.25
v -0.00192301 0.0749256 0.25
v 0.00202147 0.0750402 0.25
v -0.0617094 -0.0421637 0.25
v -0.0639882 -0.0389301 0.25
v 0.0437249 -0.0663372 0.25
v -0.0515619 -0.0535671 0.25
v 0.0419479 0.0670477 0.25
v -0.0738769 0.0176243 0.25
v -0.0762935 -0.012775 0.25
v -0.0774827 -0.00876675 0.25
v 0.0726356 0.0259528 0.25
v 0.0744145 0.0219256 0.25
v -0.0785646 -0.00488627 0.25
v -0.0794518 -0.00102257 0.25
v -0.0149441 -0.0761954 0.25
v 0.0138636 -0.0749609 0.25
v 0.00988443 -0.0757143 0.25
v -0.0133843 0.073362 0.25
v 0.0343811 0.0697893 0.25
v 0.0382272 0.0685084 0.25
v -0.0542424 -0.0509305 0.25
v 0.0570705 -0.0504675 0.25
v -0.0744474 0.0138485 0.25
v -0.0653796 0.0398853 0.25
v 0.00603066 0.0749415 0.25
v -0.0747847 0.0100985 0.25
v -0.00579786 0.0746301 0.25
v 0.00583425 -0.0762071 0.25
v 0.0286298 -0.0701408 0.25
v 0.0251996 -0.0716779 0.25
v 0.0489349 0.0574851 0.25
v 0.0518226 0.0552911 0.25
v -0.0559871 0.0541179 0.25
v -0.0532407 0.0575535 0.25
v -0.0452047 0.0670966 0.25
v 0.0738904 -0.00419814 0.25
v 0.0737611 -0.00748212 0.25
v 0.0622641 0.043923 0.25
v 0.030429 0.070944 0.25
v -0.0749583 0.0063652 0.25
v 0.0100804 0.0746641 0.25
v -0.0585843 0.0506104 0.25
v -0.00960586 0.0740657 0.25
v -0.0276487 0.0687593 0.25
v -0.0242713 0.0700773 0.25
v -0.00653198 -0.0767833 0.25
v 0.0491954 -0.0603423 0.25
v 0.0464867 -0.0634581 0.25
v 0.0141557 0.0742219 0.25
v 0.0182566 0.0736749 0.25
v 0.0223396 0.0728946 0.25
v 0.0177617 -0.0740468 0.25
v -0.0107011 -0.0765317 0.25
v -0.050481 0.0608363 0.25
v 0.065592 -0.0364901 0.25
v 0.0637448 -0.0400695 0.25
v 0.0733726 -0.0110319 0.25
v 0.0728811 -0.0146478 0.25
v 0.0688238 0.0335903 0.25
v 0.0707855 0.0298455 0.25
v 0.0215273 -0.0729198 0.25
v 0.0460033 0.0595012 0.25
v -0.0380525 0.0698113 0.25
v 0.0672527 -0.0328853 0.25
v 0.0319099 -0.0684474 0.25
v 0.0545985 0.0527402 0.25
v -0.0427947 -0.0602062 0.25
v 0.0263913 0.0719706 0.25
v -0.0478303 0.0640222 0.25
v -0.0700911 -0.0283015 0.25
v 0.0782009 0.00513329 0.25
v 0.0645446 0.0406111 0.25
v 0.066759 0.037194 0.25
v -0.0749919 -0.0167696 0.25
v -0.0705261 0.0288895 0.25
v -0.0397675 -0.0623164 0.25
v 0.0741692 -0.00130544 0.25
v -0.031023 0.0675161 0.25
v 0.0351049 -0.0666408 0.25
v -0.0366857 -0.0646087 0.25
v 0.0741328 0.0022521 0.25
v 0.0382757 -0.0647929 0.25
v -0.0389552 0.0662976 0.25
v 0.0429835 0.0613798 0.25
v -0.0751383 0.00268023 0.25
v -0.0346147 0.0665364 0.25
v -0.0658604 0.0272181 0.25
v -0.0644598 0.0307206 0.25
v -0.0569092 0.0444884 0.25
v -0.0546124 0.0479052 0.25
v -0.00160273 0.0702348 0.25
v 0.00215193 0.0701921 0.25
v 0.0200915 -0.0681957 0.25
v 0.0165274 -0.0692592 0.25
v 0.0718866 0.0161136 0.25
v 0.00598728 0.070024 0.25
v 0.0511106 0.0492839 0.25
v 0.0536497 0.0467261 0.25
v -0.04266 -0.0542828 0.25
v -0.0455015 -0.0522382 0.25
v 0.0604677 0.0377973 0.25
v 0.0625661 0.034567 0.25
v -0.0707824 -0.015239 0.25
v -0.0719321 -0.01145 0.25
v -0.0639187 -0.0294948 0.25
v -0.0657731 -0.0260031 0.25
v 0.0653625 -0.0241026 0.25
v 0.0641338 -0.0275301 0.25
v -0.0577608 -0.0391608 0.25
v -0.0599211 -0.0360989 0.25
v 0.0681869 0.0238838 0.25
v 0.0699668 0.0200502 0.25
v 0.0364725 0.0642845 0.25
v 0.0398686 0.063075 0.25
v 0.0560239 0.0438872 0.25
v 0.00523378 -0.0713396 0.25
v 0.00136209 -0.0717365 0.25
v -0.073106 -0.00767273 0.25
v -0.0742566 -0.00399786 0.25
v 0.0098612 0.0697306 0.25
v -0.0755336 -0.00081049 0.25
v 0.0137496 0.069301 0.25
v -0.0690199 0.0165039 0.25
v -0.068235 0.0201129 0.25
v -0.0226406 -0.0702523 0.25
v -0.026724 -0.0696826 0.25
v -0.0619473 -0.0328362 0.25
v 0.0593391 -0.0377287 0.25
v 0.0574271 -0.0410922 0.25
v -0.0481552 -0.0499106 0.25
v -0.0507454 -0.0474903 0.25
v 0.0253634 0.0672279 0.25
v 0.0291854 0.0663174 0.25
v -0.0496357 0.0546398 0.25
v -0.0470111 0.057881 0.25
v 0.0128089 -0.0700656 0.25
v 0.00905643 -0.0707926 0.25
v -0.015832 0.0677242 0.25
v -0.0123015 0.0686782 0.25
v 0.0459037 0.0538365 0.25
v 0.0485193 0.0516573 0.25
v 0.068045 -0.0137402 0.25
v 0.0673587 -0.0172133 0.25
v -0.0531635 -0.0448344 0.25
v -0.0555143 -0.0420775 0.25
v 0.0530357 -0.0476394 0.25
v 0.0506555 -0.0508678 0.25
v -0.0695449 0.0128932 0.25
v 0.0481816 -0.0540611 0.25
v 0.0456885 -0.0572435 0.25
v 0.055285 -0.044378 0.25
v -0.0698526 0.00926974 0.25
v -0.00524422 0.0701259 0.25
v -0.00876347 0.0694635 0.25
v 0.0268077 -0.0655803 0.25
v 0.023524 -0.0669724 0.25
v 0.058272 0.0408787 0.25
v 0.0663899 0.0275848 0.25
v -0.0670944 0.0236766 0.25
v 0.0696441 -0.00319543 0.25
v 0.0690927 -0.00675637 0.25
v 0.032883 0.0653391 0.25
v 0.0710316 0.000645744 0.25
v -0.0700424 0.0055882 0.25
v -0.0521704 0.0512944 0.25
v 0.0664188 -0.0206638 0.25
v -0.0294479 0.0628313 0.25
v -0.0260439 0.0641436 0.25
v 0.0696647 0.00518669 0.25
v 0.0737642 0.00505732 0.25
v -0.0628091 0.0341831 0.25
v -0.0226951 0.0654184 0.25
v -0.0025324 -0.0719214 0.25
v -0.00644696 -0.0719569 0.25
v 0.043336 -0.0603017 0.25
v -0.0609595 0.0376239 0.25
v -0.0590262 0.0410609 0.25
v 0.0176294 0.0687193 0.25
v 0.021507 0.0680377 0.25
v 0.0685726 -0.0102547 0.25
v -0.010395 -0.0716917 0.25
v -0.0144291 -0.0713088 0.25
v 0.0610899 -0.0343383 0.25
v -0.0192859 0.0666059 0.25
v -0.0675283 -0.0224008 0.25
v -0.0692162 -0.0188095 0.25
v 0.0299619 -0.0640393 0.25
v -0.0397214 -0.0562432 0.25
v 0.0645015 0.0311251 0.25
v 0.0626547 -0.0309356 0.25
v 0.0432875 0.0558878 0.25
v -0.0445218 0.0609875 0.25
v -0.0184914 -0.0707946 0.25
v -0.0424603 0.0640689 0.25
v 0.0413834 -0.0631757 0.25
v 0.0330704 -0.062359 0.25
v -0.0366472 -0.0582251 0.25
v 0.0363454 -0.0603079 0.25
v -0.0330784 0.0615794 0.25
v -0.0334072 -0.0603026 0.25
v 0.0405567 0.0578898 0.25
v -0.0702324 0.00175358 0.25
v -0.0304843 -0.0693848 0.25
v 0.0625554 -0.0161273 0.25
v 0.0617431 -0.0193785 0.25
v -0.0547352 0.0386244 0.25
v -0.052767 0.0419014 0.25
v -0.0598251 0.0288408 0.25
v -0.0583174 0.0321107 0.25
v 0.00212919 0.0653804 0.25
v 0.00583777 0.0651347 0.25
v 0.0476159 0.0458523 0.25
v 0.0499747 0.0433902 0.25
v 0.0209696 -0.0205924 0.25
v 0.0164111 -0.0207311 0.25
v 0.0210912 -0.0169255 0.25
v -0.0178042 0.061918 0.25
v -0.0144869 0.0630455 0.25
v -0.0577763 -0.0301892 0.25
v -0.0596658 -0.0270107 0.25
v -0.0565629 0.0353631 0.25
v -0.0472708 -0.0440943 0.25
v -0.049552 -0.041615 0.25
v -0.0437141 0.0550848 0.25
v -0.0410883 0.0584865 0.25
v 0.0602007 0.0287446 0.25
v 0.0619785 0.0254083 0.25
v -0.0461275 0.0518465 0.25
v 0.00822223 -0.0659275 0.25
v 0.00462373 -0.0664985 0.25
v 0.0452223 0.0481915 0.25
v 0.0095547 0.0648157 0.25
v 0.0132765 0.0644199 0.25
v 0.0521928 0.0407067 0.25
v 0.0531231 -0.0385421 0.25
v 0.051161 -0.0416802 0.25
v 0.000964375 -0.0669133 0.25
v 0.0636827 -0.00947882 0.25
v 0.0632036 -0.0128304 0.25
v -0.0216517 -0.0653882 0.25
v -0.0261671 -0.0650009 0.25
v -0.0395418 -0.0504586 0.25
v -0.0422842 -0.0485275 0.25
v -0.0641418 0.015389 0.25
v -0.0633982 0.018813 0.25
v -0.0448224 -0.0463693 0.25
v -0.0210779 0.0606958 0.25
v -0.0506106 0.0452242 0.25
v -0.0484231 0.0485481 0.25
v 0.0169608 0.0638597 0.25
v 0.000872875 0.00771799 0.25
v 0.00193239 0.00467465 0.25
v -0.00236606 0.00603615 0.25
v -0.062315 0.0221813 0.25
v -0.0611618 0.0255326 0.25
v 0.0206346 0.0632093 0.25
v 0.0243157 0.0625132 0.25
v 0.0653986 0.0182581 0.25
v 0.0672596 0.0143669 0.25
v 0.000817601 0.000756141 0.25
v -0.00246531 0.0010062 0.25
v -0.0517004 -0.0389456 0.25
v -0.0538089 -0.036185 0.25
v 0.0444888 -0.0510141 0.25
v 0.0421512 -0.0542619 0.25
v -0.0370211 0.0603396 0.25
v 0.0583381 0.0319417 0.25
v -0.0649559 0.00845494 0.25
v -0.0646508 0.0119419 0.25
v -0.00482003 0.0662636 0.25
v -0.00148265 0.0657024 0.25
v -0.00783566 0.0650222 0.25
v 0.0543035 0.0378733 0.25
v 0.0563707 0.034983 0.25
v 0.0607347 -0.0226079 0.25
v 0.0581371 -0.0289962 0.25
v 0.0566401 -0.0321871 0.25
v 0.0636911 0.0219009 0.25
v 0.0490095 -0.0447798 0.25
v 0.0186358 -0.0634589 0.25
v 0.0152674 -0.0644468 0.25
v 0.0641558 -0.00244783 0.25
v 0.0639941 -0.00603624 0.25
v -0.00802084 0.013212 0.25
v -0.00574399 0.01478 0.25
v -0.00662303 0.010347 0.25
v -0.0651621 0.00490025 0.25
v -0.0137292 -0.0665046 0.25
v -0.017602 -0.065938 0.25
v -0.0633027 -0.0202165 0.25
v -0.0650965 -0.0168409 0.25
v 0.0467769 -0.0478822 0.25
v -0.00307534 0.0151488 0.25
v -0.00292149 0.0109309 0.25
v 0.059508 -0.0258127 0.25
v -0.00267294 -0.0672245 0.25
v -0.00628227 -0.0673996 0.25
v 0.0398967 -0.0579264 0.25
v 0.0280769 -0.0598237 0.25
v 0.0250711 -0.0611333 0.25
v -0.0614874 -0.0236329 0.25
v 0.054929 -0.0353709 0.25
v -0.00995682 -0.0670229 0.25
v 0.0218887 -0.0623247 0.25
v 0.0380985 0.0598158 0.25
v 0.0315424 0.0610174 0.25
v 0.0349368 0.0602969 0.25
v 0.064164 0.0013518 0.25
v -0.0671184 -0.0139429 0.25
v -0.0335455 -0.0671242 0.25
v -0.0299565 -0.0625325 0.25
v 0.0279553 0.0617684 0.25
v -0.0243636 0.0593941 0.25
v 0.042856 0.0504028 0.25
v -0.0335286 -0.0540458 0.25
v -0.0366274 -0.0522779 0.25
v -0.0111026 0.0640582 0.25
v -0.0558136 -0.0332317 0.25
v 0.0117578 -0.0652189 0.25
v -0.0688607 -0.00653494 0.25
v -0.0704787 -0.00256607 0.25
v 0.0699227 0.00987457 0.25
v -0.0677411 -0.0103287 0.25
v -0.0277641 0.0580255 0.25
v 0.0637617 0.00533675 0.25
v 0.00260686 0.0164965 0.25
v 0.00554068 0.0176049 0.25
v 0.00364647 0.0129737 0.25
v -0.0313578 0.0566776 0.25
v -0.0653865 0.00125596 0.25
v -0.0302711 -0.0558029 0.25
v 0.062248 0.013223 0.25
v 0.0632454 0.00935417 0.25
v -0.00965532 0.0595268 0.25
v -0.00608491 0.0610762 0.25
v -0.0536197 -0.0275721 0.25
v -0.0554362 -0.0245195 0.25
v 0.0267335 -0.0555494 0.25
v 0.0522293 -0.0300391 0.25
v 0.0506223 -0.0330264 0.25
v -0.053759 0.0300284 0.25
v -0.0521755 0.0330923 0.25
v -0.0440195 -0.0409986 0.25
v -0.0460193 -0.038572 0.25
v 0.00559061 0.0602495 0.25
v 0.00918877 0.0600121 0.25
v 0.0559511 0.0264063 0.25
v 0.0576461 0.0233135 0.25
v -0.00294443 -0.0627137 0.25
v -0.00611207 -0.0635249 0.25
v 0.00734864 -0.0611159 0.25
v 0.00393145 -0.0617025 0.25
v 0.0127209 0.0595984 0.25
v 0.046289 0.0400747 0.25
v 0.0483959 0.0375691 0.25
v 0.0488554 -0.0360036 0.25
v 0.0470146 -0.0389715 0.25
v 0.000437201 -0.062215 0.25
v -0.0629291 -0.00960435 0.25
v -0.0642055 -0.0057103 0.25
v -0.0365135 -0.0467239 0.25
v -0.0392034 -0.0449708 0.25
v -0.0269042 -0.0575917 0.25
v 0.059289 0.0200832 0.25
v 0.0608117 0.0167383 0.25
v 0.0203461 -0.0577356 0.25
v 0.0172141 -0.0587714 0.25
v -0.0260552 0.0530992 0.25
v -0.0227038 0.054614 0.25
v -0.0194951 0.0559342 0.25
v -0.0163009 0.0571935 0.25
v -0.0465422 0.0425992 0.25
v -0.0446278 0.0459245 0.25
v 0.0162289 0.0590554 0.25
v -0.065821 -0.00233922 0.25
v 0.0139818 -0.0596426 0.25
v 0.0107042 -0.0604331 0.25
v 0.0523169 0.0322034 0.25
v 0.0541764 0.0293717 0.25
v -0.0479421 -0.0359821 0.25
v 0.0408065 -0.0478538 0.25
v 0.0386055 -0.0508495 0.25
v -0.0503586 0.0361924 0.25
v -0.0484902 0.0393436 0.25
v -0.0416753 -0.0430485 0.25
v -0.0601354 0.00763562 0.25
v -0.0598489 0.0109932 0.25
v 0.0503754 0.0349115 0.25
v 0.0572393 -0.0181721 0.25
v 0.056436 -0.0212034 0.25
v 0.0537384 -0.0270673 0.25
v -0.0593002 0.0142653 0.25
v -0.00185581 0.0606465 0.25
v 0.00193462 0.0604235 0.25
v 0.0429486 -0.044881 0.25
v -0.0128939 -0.061847 0.25
v -0.0164789 -0.0611783 0.25
v 0.0551696 -0.0241335 0.25
v 0.0197338 0.0584488 0.25
v -0.0572552 -0.0212536 0.25
v -0.00937409 -0.0625803 0.25
v 0.0589983 -0.00543129 0.25
v 0.0588554 -0.00876077 0.25
v -0.0564758 0.0238359 0.25
v -0.0552013 0.0269484 0.25
v 0.00906389 0.0174512 0.25
v 0.00712339 0.0128849 0.25
v 0.0394569 0.0474552 0.25
v -0.0603135 0.00416688 0.25
v -0.0585435 0.0174969 0.25
v 0.0584709 -0.0119595 0.25
v 0.0304627 0.0567005 0.25
v 0.0579181 -0.0150959 0.25
v -0.0426788 0.0492006 0.25
v 0.0268191 0.0572515 0.25
v -0.0170007 0.00674718 0.25
v -0.0181899 0.0105527 0.25
v -0.0133477 0.00958578 0.25
v -0.0174742 0.0140608 0.25
v -0.0144312 0.0135115 0.25
v 0.0232578 0.057847 0.25
v -0.0498529 -0.0332732 0.25
v -0.0517531 -0.0304784 0.25
v 0.0418176 0.044932 0.25
v -0.0305425 -0.0498638 0.25
v -0.0336205 -0.0483431 0.25
v -0.0130251 0.0583256 0.25
v -0.0575634 0.0206785 0.25
v 0.0234786 -0.0566346 0.25
v -0.0592294 -0.0178362 0.25
v 0.0450077 -0.0419241 0.25
v -0.0617414 -0.0142086 0.25
v 0.0440843 0.0425079 0.25
v -0.0407051 0.0522364 0.25
v -0.0387008 0.0547567 0.25
v 0.0589531 -0.00195691 0.25
v 0.0587587 0.00166672 0.25
v 0.0128008 -0.0227114 0.25
v 0.0112885 -0.0189781 0.25
v 0.0584752 0.00537459 0.25
v -0.0602946 0.000302235 0.25
v -0.0272666 -0.0512822 0.25
v -0.0296254 0.0514233 0.25
v 0.0542712 -0.00815608 0.25
v 0.0541321 -0.0112374 0.25
v -0.0538309 0.0161867 0.25
v -0.0529492 0.0191887 0.25
v -0.0530214 -0.018975 0.25
v -0.054754 -0.0156973 0.25
v -0.0234419 -0.0524779 0.25
v 0.0154448 0.0543812 0.25
v 0.0187956 0.0537619 0.25
v 0.050168 0.026879 0.25
v 0.0518822 0.0241357 0.25
v 0.0536058 0.0212893 0.25
v 0.0552216 0.0183916 0.25
v 0.0463828 -0.0306796 0.25
v 0.0446946 -0.0334767 0.25
v -0.0566385 -0.0119898 0.25
v -0.0550817 0.0100138 0.25
v -0.0545449 0.0131281 0.25
v -0.0148157 0.0524321 0.25
v -0.0117066 0.0534755 0.25
v 0.0245692 -0.0509652 0.25
v 0.0216812 -0.0521205 0.25
v 0.00879597 0.0554744 0.25
v 0.0121122 0.0549852 0.25
v 0.0426877 0.036883 0.25
v 0.044646 0.0344949 0.25
v 0.0221744 0.0532315 0.25
v 0.00313174 -0.0569482 0.25
v -0.000351669 -0.057575 0.25
v -0.0582308 -0.00810769 0.25
v -0.0601538 -0.00404068 0.25
v -0.0379806 0.0502775 0.25
v -0.0351314 0.0555131 0.25
v -0.0336299 0.0493545 0.25
v 0.0566152 0.0153405 0.25
v 0.0511806 -0.0223958 0.25
v 0.0495462 -0.0250808 0.25
v 0.053618 -0.0142141 0.25
v 0.053048 -0.0171079 0.25
v -0.04762 0.0308013 0.25
v -0.0459123 0.0336944 0.25
v 0.00199699 0.0554417 0.25
v 0.00542905 0.0555062 0.25
v 0.0582572 0.00903756 0.25
v 0.0127712 -0.0550004 0.25
v 0.00967332 -0.0557357 0.25
v 0.0158008 -0.0541719 0.25
v -0.0425833 -0.0358974 0.25
v -0.0441701 -0.0332114 0.25
v -0.0439675 0.0367223 0.25
v -0.0477344 -0.0278325 0.25
v -0.0495293 -0.0250592 0.25
v 0.040661 0.0392288 0.25
v 0.0582826 0.0124463 0.25
v 0.0290725 0.0522371 0.25
v -0.0518585 0.0221268 0.25
v 0.0391469 -0.04191 0.25
v 0.0371623 -0.0447645 0.25
v 0.0529485 -0.0200105 0.25
v 0.0351412 -0.0477035 0.25
v -0.0554786 0.0068818 0.25
v 0.0333084 0.0453278 0.25
v 0.0360222 0.0434234 0.25
v 0.0465266 0.0320329 0.25
v -0.036477 -0.0416756 0.25
v -0.0388316 -0.0399563 0.25
v -0.012035 -0.0572194 0.25
v -0.0155096 -0.0568025 0.25
v -0.00414874 -0.0586112 0.25
v -0.0506063 0.0250335 0.25
v 0.0542053 -0.00494596 0.25
v -0.0459325 -0.0305342 0.25
v -0.039252 0.0469982 0.25
v -0.0215825 0.00421816 0.25
v -0.0239944 0.00768883 0.25
v 0.0539961 -0.00157349 0.25
v 0.0483791 0.0294932 0.25
v 0.0429071 -0.0362794 0.25
v 0.0410621 -0.0390879 0.25
v -0.00506162 0.0550465 0.25
v -0.00151161 0.0553195 0.25
v -0.0512955 -0.0220785 0.25
v 0.025595 0.052773 0.25
v -0.0491586 0.0279224 0.25
v 0.038531 0.0415022 0.25
v -0.0280987 -0.0460168 0.25
v -0.0309559 -0.0445856 0.25
v -0.00846027 0.0543719 0.25
v -0.0225615 0.0115671 0.25
v 0.0187628 -0.0531961 0.25
v 0.0480026 -0.0278797 0.25
v -0.0337879 -0.0431703 0.25
v -0.0178776 0.0512294 0.25
v -0.0241507 0.0484161 0.25
v -0.0209726 0.0498857 0.25
v 0.00644987 -0.0563883 0.25
v -0.00832574 -0.0577603 0.25
v -0.0413188 -0.0385329 0.25
v -0.00345672 0.0305063 0.25
v -0.000531825 0.0318343 0.25
v -0.00176118 0.0263749 0.25
v 0.0537016 0.00194299 0.25
v 0.0533865 0.00557405 0.25
v 0.0303397 0.0469203 0.25
v -0.0273752 0.0468981 0.25
v -0.0253876 -0.0474575 0.25
v -0.0498779 0.0119148 0.25
v -0.0492155 0.0148555 0.25
v 0.0505033 -0.0107352 0.25
v 0.0495571 -0.0135448 0.25
v -0.0313366 -0.0396995 0.25
v -0.0343807 -0.0387386 0.25
v -0.0419842 -0.0278547 0.25
v -0.0438393 -0.0252821 0.25
v -0.0533538 -0.00685841 0.25
v 0.0446808 0.0269303 0.25
v 0.0464829 0.0245487 0.25
v 0.00542386 0.0509817 0.25
v 0.00846334 0.0516539 0.25
v -0.0284733 -0.0410112 0.25
v 0.00244552 0.0312608 0.25
v 0.00192334 0.0261289 0.25
v -0.0504295 0.00884693 0.25
v -0.0306941 0.0143316 0.25
v -0.0301623 0.0171218 0.25
v -0.0271881 0.0136788 0.25
v 0.0454461 -0.0229039 0.25
v 0.0440189 -0.025724 0.25
v 0.0145644 0.0498426 0.25
v 0.0178283 0.0491939 0.25
v 0.021148 0.0487604 0.25
v 0.00252423 -0.0521722 0.25
v -0.000833499 -0.0523755 0.25
v 0.0519477 0.0168098 0.25
v 0.0531162 0.0134446 0.25
v 0.0470883 -0.0200038 0.25
v 0.0145478 -0.0499585 0.25
v 0.0116816 -0.050616 0.25
v -0.0192825 0.04534 0.25
v -0.0163221 0.0466819 0.25
v 0.0113852 0.050645 0.25
v 0.00874101 -0.0512886 0.25
v -0.038441 -0.0334406 0.25
v -0.0401652 -0.0305432 0.25
v -0.0412108 0.0311299 0.25
v -0.0389789 0.0338336 0.25
v -0.0457212 -0.02269 0.25
v 0.0244131 0.0484701 0.25
v 0.027649 0.0485163 0.25
v -0.0483337 0.0176664 0.25
v -0.0473376 0.0204355 0.25
v -0.0303903 0.0453872 0.25
v 0.00222407 0.0507002 0.25
v -0.0193015 -0.0502913 0.25
v -0.00442058 -0.0526398 0.25
v -0.00806745 -0.0525604 0.25
v -0.0282305 0.0191307 0.25
v -0.0249963 0.0167483 0.25
v -0.0461431 0.0231485 0.25
v 0.00570799 -0.0519317 0.25
v 0.0481814 0.0219218 0.25
v 0.0498726 0.0192838 0.25
v 0.0200937 -0.0478618 0.25
v 0.0172966 -0.0489481 0.25
v 0.0410391 0.0316074 0.25
v 0.0428622 0.0292697 0.25
v -0.0368928 -0.036764 0.25
v -0.00755892 0.0498221 0.25
v -0.00439055 0.0501892 0.25
v 0.0374269 0.0363114 0.25
v 0.0391924 0.0339381 0.25
v 0.0423806 -0.0283549 0.25
v 0.0406515 -0.0309612 0.25
v 0.0531824 0.00934406 0.25
v 0.0495921 -0.0046449 0.25
v 0.0499149 -0.00774925 0.25
v 0.0306238 0.0414446 0.25
v 0.0332142 0.0398596 0.25
v -0.0473407 -0.0198011 0.25
v 0.0492621 -0.00134153 0.25
v -0.0109524 -0.0326136 0.25
v -0.0134508 -0.0371036 0.25
v -0.0168836 -0.0358935 0.25
v -0.0146238 -0.0313476 0.25
v -0.0117071 -0.0526073 0.25
v -0.0510601 0.00560238 0.25
v -0.00109472 0.0504746 0.25
v -0.0447005 0.025828 0.25
v -0.0430845 0.0284768 0.25
v 0.0489252 0.00204928 0.25
v 0.0389226 -0.0336077 0.25
v -0.0255688 -0.0425361 0.25
v -0.0105287 0.0489518 0.25
v -0.0230883 -0.0488237 0.25
v -0.0134309 0.0478934 0.25
v 0.0492211 -0.0169267 0.25
v -0.0223735 0.043834 0.25
v 0.035931 0.0387342 0.25
v 0.0371792 -0.0362956 0.25
v 0.0354092 -0.038993 0.25
v 0.0190907 -0.0385484 0.25
v 0.0166753 -0.0407699 0.25
v 0.0161336 -0.034894 0.25
v 0.0230651 -0.0467354 0.25
v 0.0137733 -0.0420427 0.25
v 0.0122947 -0.0356683 0.25
v 0.0336309 -0.0417622 0.25
v -0.0257011 0.0422758 0.25
v -0.020144 -0.0346999 0.25
v -0.023454 -0.033876 0.25
v -0.018713 -0.0305552 0.25
v -0.0257017 -0.031665 0.25
v -0.0216864 -0.0280269 0.25
v -0.0393004 0.0172929 0.25
v -0.0389223 0.0198612 0.25
v -0.0357711 0.0165616 0.25
v 0.027591 0.0429689 0.25
v 0.0484727 0.00551015 0.25
v -0.0370704 0.0217048 0.25
v -0.0336339 0.019089 0.25
v -0.0227928 -0.0443868 0.25
v -0.0203729 -0.046875 0.25
v 0.0204065 0.0444188 0.25
v 0.0242289 0.044525 0.25
v -0.0389224 0.0261386 0.25
v -0.0370041 0.0284951 0.25
v -0.0320253 -0.0330188 0.25
v -0.0341273 -0.0302227 0.25
v -0.0361898 -0.0275716 0.25
v -0.0381879 -0.0250143 0.25
v -0.0455697 0.0079147 0.25
v -0.0452926 0.0108292 0.25
v -0.0355131 0.0452245 0.25
v -0.032623 0.0437667 0.25
v -0.0425741 -0.0206131 0.25
v -0.0436028 -0.0175617 0.25
v -0.0120225 0.0437738 0.25
v -0.0093852 0.0449705 0.25
v 0.0438158 -0.0150514 0.25
v 0.0424399 -0.0180814 0.25
v 0.0412943 -0.0209995 0.25
v 0.0169225 0.0446836 0.25
v 0.0021842 -0.0477067 0.25
v -0.00111266 -0.0475308 0.25
v 0.0135379 -0.0465845 0.25
v 0.0107474 -0.0466164 0.25
v -0.0181246 0.0352234 0.25
v -0.0159718 0.0375981 0.25
v -0.0152466 0.0321581 0.25
v 0.0183137 -0.043975 0.25
v 0.0158 -0.0451197 0.25
v 0.0208016 -0.0425607 0.25
v 0.0350547 -0.0309862 0.25
v 0.0333885 -0.0335616 0.25
v -0.00810221 -0.0477533 0.25
v -0.0117681 -0.0479709 0.25
v -0.0402602 -0.0226319 0.25
v -0.0147706 0.0424758 0.25
v -0.04407 0.0162446 0.25
v -0.0431404 0.018819 0.25
v 0.0301895 -0.038965 0.25
v 0.00266552 0.0461176 0.25
v 0.00631012 0.0469176 0.25
v -0.00399255 0.045918 0.25
v -0.000749158 0.0458635 0.25
v -0.0131857 0.0385521 0.25
v -0.0116585 0.0338077 0.25
v 0.0447407 -0.0117892 0.25
v 0.047611 0.0128392 0.25
v 0.0480389 0.00909488 0.25
v -0.0204257 0.0392707 0.25
v -0.0176054 0.0411036 0.25
v -0.0421221 0.0213723 0.25
v 0.0052074 -0.0482283 0.25
v 0.0446727 0.019734 0.25
v 0.046746 0.0167655 0.25
v -0.02612 -0.0373946 0.25
v -0.0296468 -0.0359479 0.25
v 0.0434938 0.0225563 0.25
v -0.00458107 -0.0476681 0.25
v -0.0307494 0.0352629 0.25
v -0.0406426 0.0237786 0.25
v 0.04074 -0.0239438 0.25
v 0.0386448 -0.0260387 0.25
v 0.039413 0.0266552 0.25
v 0.0412734 0.0244627 0.25
v 0.0451106 -0.00461169 0.25
v 0.0458924 -0.00827993 0.25
v -0.0348861 0.0309239 0.25
v -0.0326481 0.0331716 0.25
v -0.0281774 0.0388683 0.25
v -0.0269067 0.0345177 0.25
v 0.0315299 0.0364311 0.25
v 0.0319611 0.0281281 0.25
v 0.0346426 0.0265449 0.25
v 0.0295559 0.024623 0.25
v 0.0362036 0.0240116 0.25
v 0.0314096 0.021306 0.25
v -0.022874 -0.038886 0.25
v 0.0448535 -0.00124428 0.25
v -0.0152171 -0.0529113 0.25
v -0.0156576 -0.0488015 0.25
v 0.0368125 -0.028457 0.25
v 0.0079051 -0.0471737 0.25
v 0.0447589 0.0019567 0.25
v 0.0376031 0.0289626 0.25
v -0.0448994 0.0136104 0.25
v 0.0335364 0.0336455 0.25
v 0.0355656 0.0311882 0.25
v -0.00692829 0.0462906 0.25
v -0.0458391 0.0016255 0.25
v -0.0457696 0.00485822 0.25
v -0.0289571 0.041782 0.25
v 0.00997668 -0.0422935 0.25
v 0.0100864 0.0458852 0.25
v 0.0135356 0.0451726 0.25
v -0.0375395 -0.0194364 0.25
v 0.031813 -0.0362447 0.25
v -0.0488644 -0.00622973 0.25
v -0.019657 -0.0407371 0.25
v -0.0389775 -0.0155338 0.25
v -0.00776444 0.0420859 0.25
v -0.00424371 0.0412992 0.25
v 0.0440346 0.00511183 0.25
v -0.0454223 -0.00173634 0.25
v -0.0234372 0.0371098 0.25
v -0.0351499 0.0238059 0.25
v 0.0193836 0.0397788 0.25
v -0.0162481 -0.0434586 0.25
v -0.0406423 -0.0120281 0.25
v 0.0127535 0.0402943 0.25
v 0.0160444 0.0400183 0.25
v -0.00469016 -0.0430365 0.25
v -0.00803307 -0.0432735 0.25
v 0.0382585 -0.0166962 0.25
v 0.0373328 -0.0201673 0.25
v 0.00234053 -0.0428778 0.25
v -0.00126736 -0.0428188 0.25
v 0.0386901 0.0215631 0.25
v -0.0411872 0.00725524 0.25
v -0.0411278 0.0100203 0.25
v 0.00261259 0.0409011 0.25
v 0.00602263 0.0408277 0.25
v -0.0413364 0.00433028 0.25
v 0.0296417 0.0303792 0.25
v 0.0283547 -0.0335746 0.25
v 0.0312902 -0.028375 0.25
v 0.0297805 -0.030984 0.25
v -0.0331844 0.0260734 0.25
v -0.0414798 0.0127006 0.25
v -0.0402719 0.0149377 0.25
v -0.0303969 -0.0270246 0.25
v -0.0324599 -0.0244517 0.25
v -0.028099 -0.029387 0.25
v -0.0347553 -0.0219083 0.25
v -0.0104559 0.0400136 0.25
v 0.00640217 -0.0434922 0.25
v 0.039745 -0.0106275 0.25
v 0.0398155 -0.0138739 0.25
v 0.0434108 0.0118802 0.25
v 0.0434721 0.00848367 0.25
v 0.0407553 -0.000855468 0.25
v 0.0402515 -0.00400496 0.25
v 0.0400714 0.0179108 0.25
v 0.0415717 0.0147462 0.25
v -0.031162 0.0284893 0.25
v -0.00079988 0.0410398 0.25
v -0.0290652 0.031097 0.25
v -0.0116347 -0.0431639 0.25
v 0.0348886 -0.0230168 0.25
v 0.0329344 -0.025721 0.25
v 0.0401097 -0.00735894 0.25
v 0.0416932 0.00170319 0.25
v 0.00943395 0.0406143 0.25
v -0.0425217 -0.00855899 0.25
v -0.0416623 0.00141938 0.25
v -0.0441452 -0.00504139 0.25
v -0.0423103 -0.00114837 0.25
v 0.0397579 0.00411917 0.25
v 0.0736286 0.00785724 0.25
v -0.0206664 0.0329346 0.25
v -0.00699411 -0.0343635 0.25
v -0.0101175 -0.0383979 0.25
v -0.0316446 0.0213804 0.25
v -0.0344024 -0.012843 0.25
v -0.0362381 -0.00973684 0.25
v -0.00433552 0.0359705 0.25
v -0.000821125 0.0360771 0.25
v 0.0153775 0.0355949 0.25
v -0.00517202 -0.0388961 0.25
v -0.00776772 -0.0400947 0.25
v -0.0305102 -0.0187309 0.25
v -0.032527 -0.0158954 0.25
v 0.033422 0.0182927 0.25
v 0.00902356 0.0357061 0.25
v 0.0122196 0.0356323 0.25
v 0.0359487 -0.00298658 0.25
v 0.035297 -0.00664761 0.25
v -0.0371678 0.00679257 0.25
v -0.0376009 0.0102025 0.25
v 0.0262682 0.0265011 0.25
v -0.0364603 0.0133635 0.25
v -0.0297411 0.023679 0.25
v -0.0286844 -0.0215246 0.25
v -0.00828652 0.0360708 0.25
v 0.00868637 -0.0363947 0.25
v 0.00515935 -0.0369748 0.25
v 0.0386654 0.00779278 0.25
v 0.00161277 -0.0374822 0.25
v 0.0355271 0.0151766 0.25
v 0.0379448 0.0120293 0.25
v -0.0278844 0.0260354 0.25
v 0.00249869 0.0359677 0.25
v 0.0302553 -0.0203667 0.25
v 0.0288251 -0.0232243 0.25
v 0.0264243 -0.0287381 0.25
v 0.0251032 -0.0313223 0.25
v -0.0257033 0.0282059 0.25
v 0.0333589 -0.0140936 0.25
v 0.0317985 -0.0173386 0.25
v -0.00186614 -0.038113 0.25
v -0.0105184 -0.00395514 0.25
v -0.00783903 -0.00803764 0.25
v -0.0132368 -0.0095781 0.25
v -0.0159344 -0.00680325 0.25
v 0.035386 -0.0105793 0.25
v 0.027666 -0.026077 0.25
v -0.0243965 -0.0259355 0.25
v 0.0189148 -0.0321611 0.25
v -0.0272794 -0.0243404 0.25
v 0.00577444 0.0358506 0.25
v -0.0381196 -0.00657928 0.25
v 0.0372454 0.000587565 0.25
v -0.0372975 0.00353285 0.25
v -0.0400133 -0.00332129 0.25
v -0.00977822 -0.013138 0.25
v -0.0124904 -0.0122717 0.25
v -0.0380797 0.0001761 0.25
v -0.0178866 0.0289766 0.25
v -0.0233512 0.030563 0.25
v 0.0257797 -0.0184398 0.25
v 0.0248877 -0.0214486 0.25
v 0.028744 0.0152992 0.25
v 0.0306334 0.0124572 0.25
v 0.0346251 0.00619448 0.25
v 0.0325053 0.00208405 0.25
v 0.000668649 -0.0326039 0.25
v -0.0028126 -0.0333892 0.25
v 0.0268363 0.0179538 0.25
v 0.0134089 -0.0291086 0.25
v 0.0103579 -0.030155 0.25
v 0.0223903 0.0225021 0.25
v 0.0247395 0.020367 0.25
v 0.01998 0.0245689 0.25
v -0.0319697 0.0117465 0.25
v -0.0266789 0.0215131 0.25
v -0.0331881 0.00913198 0.25
v -0.024144 -0.0187383 0.25
v -0.0261589 -0.0158386 0.25
v -0.009678 0.0277467 0.25
v -0.00658567 0.0294076 0.25
v 0.00721219 -0.0311343 0.25
v 0.00398076 -0.031858 0.25
v 0.0119525 0.0312344 0.25
v 0.014892 0.0316671 0.25
v -0.0346255 -0.00476107 0.25
v -0.0330673 -0.000903393 0.25
v 0.0326971 0.00943856 0.25
v 0.00558756 0.0310732 0.25
v 0.00878142 0.0310282 0.25
v 0.0279557 -0.0121161 0.25
v 0.0268049 -0.0153064 0.25
v -0.0283249 -0.0130975 0.25
v -0.0303624 -0.0103272 0.25
v 0.0175602 0.0266455 0.25
v -0.0152469 -0.0252465 0.25
v -0.0184617 -0.0236195 0.25
v 0.0311681 -0.00168976 0.25
v 0.0300254 -0.00531506 0.25
v -0.0220869 -0.0220602 0.25
v -0.0126843 0.0258047 0.25
v 0.0291561 -0.00877726 0.25
v 0.0160289 -0.0271827 0.25
v -0.0325739 -0.00761253 0.25
v -0.032649 0.00279339 0.25
v -0.032614 0.00607638 0.25
v -0.015635 0.0236325 0.25
v 0.015323 0.0287635 0.25
v -0.0120252 -0.0266798 0.25
v -0.0235344 0.0196181 0.25
v 0.00597499 -0.0267243 0.25
v 0.00294664 -0.0273853 0.25
v 0.0233318 0.0153145 0.25
v 0.0248051 0.0128294 0.25
v 0.0213696 0.0172698 0.25
v 0.00528229 0.0261483 0.25
v 0.0086068 0.0263349 0.25
v -5.53278e-05 -0.0282885 0.25
v -0.0285626 0.0104992 0.25
v -0.0150261 -0.0193423 0.25
v -0.0176344 -0.0174653 0.25
v -0.0200384 -0.0152179 0.25
v -0.0222255 -0.0127986 0.25
v -0.00302226 -0.0290603 0.25
v -0.00603114 -0.0295528 0.25
v -0.0245589 -0.010379 0.25
v -0.010767 0.0209338 0.25
v -0.00792461 0.0226731 0.25
v 0.0089361 -0.0261331 0.25
v 0.0266514 0.010156 0.25
v 0.0289062 0.00721055 0.25
v -0.00496802 0.0244302 0.25
v 9.73724e-05 -0.00368494 0.25
v 0.00407914 0.000814501 0.25
v 0.00316455 -0.00225645 0.25
v -0.0268716 -0.00780401 0.25
v -0.0296025 -0.00548577 0.25
v 0.0228622 -0.0104664 0.25
v 0.0217403 -0.0136432 0.25
v -0.0123366 -0.0210351 0.25
v -0.00895394 -0.0281839 0.25
v 0.0262473 -0.000508465 0.25
v 0.0250743 -0.00399961 0.25
v -0.0267079 -0.00157343 0.25
v 0.0276173 0.00321611 0.25
v -0.0286912 0.00685647 0.25
v 0.0240588 -0.00726913 0.25
v 0.0170316 0.0212429 0.25
v 0.0192292 0.0191684 0.25
v -0.0275494 0.00295209 0.25
v 0.0116622 -0.0259987 0.25
v 0.0148187 0.0236107 0.25
v -0.00944863 -0.0226403 0.25
v -0.0136285 0.0192299 0.25
v 0.0122897 0.0265289 0.25
v -0.0147176 -0.0143972 0.25
v -0.0166137 -0.0121917 0.25
v 0.021235 0.013625 0.25
v 0.0215191 0.0111675 0.25
v -0.00382368 0.0193319 0.25
v -0.000880256 0.0203164 0.25
v 0.0232144 0.00411605 0.25
v 0.0216072 0.000660892 0.25
v 0.00219289 0.0210815 0.25
v 0.0052324 0.0215738 0.25
v 0.00825251 0.0221179 0.25
v -0.0214831 0.0151752 0.25
v -0.0207223 0.0184122 0.25
v -0.0123751 -0.0160206 0.25
v -0.0188465 -0.00999386 0.25
v -0.0214064 -0.00798478 0.25
v 0.0206068 -0.00264066 0.25
v 0.0194923 -0.00578985 0.25
v 0.0168226 0.0159847 0.25
v 0.0191714 0.0145245 0.25
v 0.0177885 -0.00867655 0.25
v -0.00657362 -0.0242235 0.25
v 0.0229564 0.00799219 0.25
v -0.00361342 -0.0258987 0.25
v 0.00850005 -0.0225397 0.25
v 0.00499417 -0.0230129 0.25
v 0.0018533 -0.0237775 0.25
v 0.0124612 0.0203937 0.25
v 0.0145091 0.0179657 0.25
v -0.000927862 -0.0249834 0.25
v -0.0066242 0.0182169 0.25
v -0.00927315 0.0167865 0.25
v -0.0038234 -0.00254968 0.25
v 0.0109536 0.0229026 0.25
v -0.0166798 0.0177101 0.25
v -0.0119587 0.0153078 0.25
v 0.0184077 0.0112612 0.25
v 0.0184277 0.00708131 0.25
v 0.0120872 0.0145862 0.25
v 0.0150945 0.0124523 0.25
v 0.0142491 -0.00662533 0.25
v -0.000237284 0.0158792 0.25
v 0.0170012 0.00228685 0.25
v 0.0165172 -0.00145327 0.25
v 0.0162894 -0.00435434 0.25
v 0.00735516 -0.0187297 0.25
v 0.00349972 -0.0192245 0.25
v -0.00198001 -0.0225173 0.25
v 0.000324148 -0.0208137 0.25
v -0.00790039 0.00373842 0.25
v -0.0125251 -9.12796e-05 0.25
v -0.0148238 0.0035116 0.25
v -0.0105514 0.00724486 0.25
v -0.00690113 -0.000734038 0.25
v -0.0233137 -0.0049571 0.25
v -0.0177981 -0.00286543 0.25
v 0.00122488 -0.0153169 0.25
v 0.0136563 0.00814221 0.25
v 0.00992508 0.0103 0.25
v -0.0108841 0.0120586 0.25
v 0.00546973 -0.00244109 0.25
v 0.00592612 -0.00440586 0.25
v 0.00393811 -0.00426067 0.25
v 0.00288278 -0.00614513 0.25
v -0.0199841 0.000758035 0.25
v 0.00962584 -0.00408975 0.25
v 0.00880714 -0.00756835 0.25
v 0.0131024 -0.00146584 0.25
v 0.000348046 0.0119321 0.25
v -0.00223784 -0.0105307 0.25
v 0.0114043 0.00277374 0.25
v 0.00595032 -0.0140693 0.25
v 0.00781118 -0.0108111 0.25
v 0.00406904 0.00930885 0.25
v 0.00610159 0.00539643 0.25
v 0.00745645 -0.000617239 0.25
v 0.00531094 -0.00910618 0.25
v 0.00257232 -0.00991266 0.25
v 0.00571526 -0.00677191 0.25
# </points>

# <faces count="4036">
g Mesh_2
f 139 2 1
f 139 1 140
f 140 1 3
f 140 3 141
f 141 3 4
f 141 4 142
f 142 4 5
f 142 5 143
f 143 5 6
f 143 6 144
f 144 6 7
f 144 7 145
f 145 7 8
f 145 8 146
f 146 8 9
f 146 9 147
f 147 9 10
f 147 10 148
f 148 10 11
f 148 11 149
f 149 11 12
f 149 12 150
f 150 12 13
f 150 13 151
f 151 13 14
f 151 14 152
f 152 14 15
f 152 15 153
f 153 15 16
f 153 16 154
f 154 16 17
f 154 17 155
f 155 17 18
f 155 18 156
f 157 158 159
f 160 161 162
f 163 164 165
f 166 22 23
f 166 23 167
f 167 23 24
f 167 24 168
f 168 24 25
f 168 25 169
f 169 25 26
f 169 26 170
f 170 26 27
f 170 27 171
f 171 27 28
f 171 28 172
f 172 28 29
f 172 29 173
f 173 29 30
f 173 30 174
f 174 30 31
f 174 31 175
f 175 31 32
f 175 32 176
f 176 32 33
f 176 33 177
f 177 33 34
f 177 34 178
f 178 34 35
f 178 35 179
f 179 35 36
f 179 36 180
f 180 36 37
f 180 37 181
f 181 37 38
f 181 38 182
f 182 38 39
f 182 39 183
f 183 39 40
f 183 40 184
f 184 40 41
f 184 41 185
f 185 41 42
f 185 42 186
f 186 42 43
f 186 43 187
f 187 43 44
f 187 44 188
f 188 44 45
f 188 45 189
f 189 45 46
f 189 46 190
f 190 46 47
f 190 47 191
f 192 48 49
f 192 49 193
f 193 49 50
f 193 50 194
f 194 50 51
f 194 51 195
f 195 51 52
f 195 52 196
f 196 52 53
f 196 53 197
f 197 53 54
f 197 54 198
f 198 54 55
f 198 55 199
f 199 55 56
f 199 56 200
f 200 56 57
f 200 57 201
f 201 57 58
f 201 58 202
f 202 58 59
f 202 59 203
f 203 59 60
f 203 60 204
f 204 60 61
f 204 61 205
f 205 61 62
f 205 62 206
f 206 62 63
f 206 63 207
f 207 63 64
f 207 64 208
f 208 64 65
f 208 65 209
f 159 158 210
f 159 210 211
f 161 160 212
f 161 212 213
f 164 163 214
f 164 214 215
f 216 69 70
f 216 70 217
f 217 70 71
f 217 71 218
f 218 71 72
f 218 72 219
f 219 72 73
f 219 73 220
f 220 73 74
f 220 74 221
f 221 74 75
f 221 75 222
f 222 75 76
f 222 76 223
f 223 76 77
f 223 77 224
f 224 77 78
f 224 78 225
f 225 78 79
f 225 79 226
f 226 79 80
f 226 80 227
f 227 80 81
f 227 81 228
f 228 81 82
f 228 82 229
f 229 82 83
f 229 83 230
f 230 83 84
f 230 84 231
f 231 84 85
f 231 85 232
f 232 85 86
f 232 86 233
f 233 86 87
f 233 87 234
f 234 87 88
f 234 88 235
f 235 88 89
f 235 89 236
f 236 89 90
f 236 90 237
f 237 90 91
f 237 91 238
f 238 91 92
f 238 92 239
f 239 92 93
f 239 93 240
f 240 93 94
f 240 94 241
f 242 95 96
f 242 96 243
f 243 96 97
f 243 97 244
f 244 97 98
f 244 98 245
f 245 98 99
f 245 99 246
f 246 99 100
f 246 100 247
f 247 100 101
f 247 101 248
f 248 101 102
f 248 102 249
f 249 102 103
f 249 103 250
f 250 103 104
f 250 104 251
f 251 104 105
f 251 105 252
f 252 105 106
f 252 106 253
f 253 106 107
f 253 107 254
f 254 107 108
f 254 108 255
f 255 108 109
f 255 109 256
f 256 109 110
f 256 110 257
f 257 110 111
f 257 111 258
f 258 111 112
f 258 112 259
f 260 261 262
f 262 261 263
f 262 263 264
f 265 266 267
f 268 116 117
f 268 117 269
f 269 117 118
f 269 118 270
f 270 118 119
f 270 119 271
f 271 119 120
f 271 120 272
f 272 120 121
f 272 121 273
f 273 121 122
f 273 122 274
f 274 122 123
f 274 123 275
f 275 123 124
f 275 124 276
f 276 124 125
f 276 125 277
f 277 125 126
f 277 126 278
f 278 126 127
f 278 127 279
f 279 127 128
f 279 128 280
f 280 128 129
f 280 129 281
f 281 129 130
f 281 130 282
f 282 130 131
f 282 131 283
f 283 131 132
f 283 132 284
f 284 132 133
f 284 133 285
f 285 133 134
f 285 134 286
f 286 134 135
f 286 135 287
f 287 135 136
f 287 136 288
f 288 136 137
f 288 137 289
f 289 137 138
f 289 138 290
f 266 265 291
f 266 291 292
f 264 263 293
f 264 293 294
f 295 296 297
f 298 140 141
f 298 141 299
f 300 143 144
f 300 144 301
f 301 144 145
f 301 145 302
f 302 145 146
f 302 146 303
f 303 146 147
f 303 147 304
f 304 147 148
f 304 148 305
f 305 148 149
f 305 149 306
f 306 149 150
f 306 150 307
f 307 150 151
f 307 151 308
f 308 151 152
f 308 152 309
f 309 152 153
f 309 153 310
f 310 153 154
f 310 154 311
f 311 154 155
f 311 155 312
f 312 155 156
f 312 156 313
f 313 156 314
f 313 314 315
f 315 314 316
f 315 316 317
f 317 316 166
f 317 166 318
f 318 166 167
f 318 167 319
f 319 167 168
f 319 168 320
f 321 170 171
f 321 171 322
f 322 171 172
f 322 172 323
f 323 172 173
f 323 173 324
f 324 173 174
f 324 174 325
f 325 174 175
f 325 175 326
f 326 175 176
f 326 176 327
f 327 176 177
f 327 177 328
f 328 177 178
f 328 178 329
f 329 178 179
f 329 179 330
f 330 179 180
f 330 180 331
f 331 180 181
f 331 181 332
f 332 181 182
f 332 182 333
f 333 182 183
f 333 183 334
f 334 183 184
f 334 184 335
f 335 184 185
f 335 185 336
f 336 185 186
f 336 186 337
f 337 186 187
f 337 187 338
f 338 187 188
f 338 188 339
f 339 188 189
f 339 189 340
f 297 296 341
f 297 341 342
f 343 194 195
f 343 195 344
f 345 192 193
f 345 193 346
f 346 193 194
f 346 194 343
f 347 196 197
f 347 197 348
f 348 197 198
f 348 198 349
f 349 198 199
f 349 199 350
f 350 199 200
f 350 200 351
f 351 200 201
f 351 201 352
f 352 201 202
f 352 202 353
f 353 202 203
f 353 203 354
f 354 203 204
f 354 204 355
f 355 204 205
f 355 205 356
f 356 205 206
f 356 206 357
f 357 206 207
f 357 207 358
f 358 207 208
f 358 208 359
f 359 208 209
f 359 209 360
f 360 209 361
f 360 361 362
f 362 361 363
f 362 363 364
f 364 363 216
f 364 216 365
f 365 216 217
f 365 217 366
f 366 217 218
f 366 218 367
f 368 220 221
f 368 221 369
f 369 221 222
f 369 222 370
f 370 222 223
f 370 223 371
f 371 223 224
f 371 224 372
f 372 224 225
f 372 225 373
f 373 225 226
f 373 226 374
f 374 226 227
f 374 227 375
f 375 227 228
f 375 228 376
f 376 228 229
f 376 229 377
f 377 229 230
f 377 230 378
f 378 230 231
f 378 231 379
f 379 231 232
f 379 232 380
f 380 232 233
f 380 233 381
f 381 233 234
f 381 234 382
f 382 234 235
f 382 235 383
f 383 235 236
f 383 236 384
f 384 236 237
f 384 237 385
f 385 237 238
f 385 238 386
f 386 238 239
f 386 239 387
f 388 389 390
f 391 244 245
f 391 245 392
f 393 242 243
f 393 243 394
f 394 243 244
f 394 244 391
f 395 246 247
f 395 247 396
f 396 247 248
f 396 248 397
f 397 248 249
f 397 249 398
f 398 249 250
f 398 250 399
f 399 250 251
f 399 251 400
f 400 251 252
f 400 252 401
f 401 252 253
f 401 253 402
f 402 253 254
f 402 254 403
f 403 254 255
f 403 255 404
f 404 255 256
f 404 256 405
f 405 256 257
f 405 257 406
f 406 257 258
f 406 258 407
f 407 258 259
f 407 259 408
f 408 259 409
f 408 409 410
f 410 409 411
f 410 411 412
f 412 411 268
f 412 268 413
f 413 268 269
f 413 269 414
f 414 269 270
f 414 270 415
f 416 272 273
f 416 273 417
f 417 273 274
f 417 274 418
f 418 274 275
f 418 275 419
f 419 275 276
f 419 276 420
f 420 276 277
f 420 277 421
f 421 277 278
f 421 278 422
f 422 278 279
f 422 279 423
f 423 279 280
f 423 280 424
f 424 280 281
f 424 281 425
f 425 281 282
f 425 282 426
f 426 282 283
f 426 283 427
f 427 283 284
f 427 284 428
f 428 284 285
f 428 285 429
f 429 285 286
f 429 286 430
f 430 286 287
f 430 287 431
f 431 287 288
f 431 288 432
f 433 434 435
f 299 141 142
f 299 142 436
f 437 139 140
f 437 140 298
f 436 142 143
f 436 143 300
f 438 169 170
f 438 170 321
f 344 195 196
f 344 196 347
f 439 219 220
f 439 220 368
f 392 245 246
f 392 246 395
f 434 433 440
f 434 440 441
f 442 139 437
f 442 437 443
f 444 192 345
f 444 345 445
f 446 242 393
f 446 393 447
f 448 302 303
f 448 303 449
f 450 301 302
f 450 302 448
f 451 304 305
f 451 305 452
f 452 305 306
f 452 306 453
f 453 306 307
f 453 307 454
f 454 307 308
f 454 308 455
f 455 308 309
f 455 309 456
f 456 309 310
f 456 310 457
f 457 310 311
f 457 311 458
f 458 311 312
f 458 312 459
f 459 312 313
f 459 313 460
f 460 313 315
f 460 315 461
f 461 315 317
f 461 317 462
f 462 317 318
f 462 318 463
f 463 318 319
f 463 319 464
f 464 319 320
f 464 320 438
f 465 323 324
f 465 324 466
f 467 321 322
f 467 322 468
f 468 322 323
f 468 323 465
f 469 325 326
f 469 326 470
f 470 326 327
f 470 327 471
f 471 327 328
f 471 328 472
f 472 328 329
f 472 329 473
f 473 329 330
f 473 330 474
f 474 330 331
f 474 331 475
f 475 331 332
f 475 332 476
f 476 332 333
f 476 333 477
f 477 333 334
f 477 334 478
f 478 334 335
f 478 335 479
f 479 335 336
f 479 336 480
f 480 336 337
f 480 337 481
f 481 337 338
f 481 338 482
f 482 338 339
f 482 339 483
f 483 339 340
f 483 340 484
f 485 484 444
f 485 444 445
f 486 343 344
f 486 344 487
f 488 349 350
f 488 350 489
f 490 346 343
f 490 343 486
f 491 439 368
f 491 368 492
f 493 348 349
f 493 349 488
f 494 351 352
f 494 352 495
f 495 352 353
f 495 353 496
f 496 353 354
f 496 354 497
f 497 354 355
f 497 355 498
f 498 355 356
f 498 356 499
f 499 356 357
f 499 357 500
f 500 357 358
f 500 358 501
f 501 358 359
f 501 359 502
f 502 359 360
f 502 360 503
f 503 360 362
f 503 362 504
f 504 362 364
f 504 364 505
f 505 364 365
f 505 365 506
f 506 365 366
f 506 366 507
f 507 366 367
f 507 367 439
f 508 370 371
f 508 371 509
f 492 368 369
f 492 369 510
f 510 369 370
f 510 370 508
f 511 372 373
f 511 373 512
f 512 373 374
f 512 374 513
f 513 374 375
f 513 375 514
f 514 375 376
f 514 376 515
f 515 376 377
f 515 377 516
f 516 377 378
f 516 378 517
f 517 378 379
f 517 379 518
f 518 379 380
f 518 380 519
f 519 380 381
f 519 381 520
f 520 381 382
f 520 382 521
f 521 382 383
f 521 383 522
f 522 383 384
f 522 384 523
f 523 384 385
f 523 385 524
f 524 385 386
f 524 386 525
f 525 386 387
f 525 387 526
f 527 526 446
f 527 446 447
f 528 391 392
f 528 392 529
f 530 397 398
f 530 398 531
f 532 394 391
f 532 391 528
f 533 534 416
f 533 416 535
f 536 396 397
f 536 397 530
f 537 399 400
f 537 400 538
f 538 400 401
f 538 401 539
f 539 401 402
f 539 402 540
f 540 402 403
f 540 403 541
f 541 403 404
f 541 404 542
f 542 404 405
f 542 405 543
f 543 405 406
f 543 406 544
f 544 406 407
f 544 407 545
f 545 407 408
f 545 408 546
f 546 408 410
f 546 410 547
f 547 410 412
f 547 412 548
f 548 412 413
f 548 413 549
f 549 413 414
f 549 414 550
f 550 414 415
f 550 415 534
f 551 418 419
f 551 419 552
f 535 416 417
f 535 417 553
f 553 417 418
f 553 418 551
f 554 420 421
f 554 421 555
f 555 421 422
f 555 422 556
f 556 422 423
f 556 423 557
f 557 423 424
f 557 424 558
f 558 424 425
f 558 425 559
f 559 425 426
f 559 426 560
f 560 426 427
f 560 427 561
f 561 427 428
f 561 428 562
f 562 428 429
f 562 429 563
f 563 429 430
f 563 430 564
f 564 430 431
f 564 431 565
f 565 431 432
f 565 432 566
f 567 299 436
f 567 436 568
f 569 437 298
f 569 298 570
f 570 298 299
f 570 299 567
f 568 436 300
f 568 300 571
f 571 300 301
f 571 301 450
f 572 438 321
f 572 321 467
f 449 303 304
f 449 304 451
f 487 344 347
f 487 347 573
f 466 324 325
f 466 325 469
f 573 347 348
f 573 348 493
f 574 345 346
f 574 346 490
f 489 350 351
f 489 351 494
f 529 392 395
f 529 395 575
f 509 371 372
f 509 372 511
f 575 395 396
f 575 396 536
f 576 393 394
f 576 394 532
f 531 398 399
f 531 399 537
f 552 419 420
f 552 420 554
f 483 484 485
f 483 485 577
f 525 526 527
f 525 527 578
f 566 432 442
f 566 442 443
f 445 345 574
f 445 574 579
f 507 439 491
f 507 491 580
f 447 393 576
f 447 576 581
f 550 534 533
f 550 533 582
f 464 438 572
f 464 572 583
f 443 437 569
f 443 569 584
f 585 572 467
f 585 467 586
f 587 451 452
f 587 452 588
f 588 452 453
f 588 453 589
f 590 455 456
f 590 456 591
f 591 456 457
f 591 457 592
f 592 457 458
f 592 458 593
f 593 458 459
f 593 459 594
f 594 459 460
f 594 460 595
f 595 460 461
f 595 461 596
f 596 461 462
f 596 462 597
f 597 462 463
f 597 463 598
f 598 463 464
f 598 464 583
f 599 573 493
f 599 493 600
f 601 465 466
f 601 466 602
f 603 471 472
f 603 472 604
f 605 468 465
f 605 465 601
f 606 470 471
f 606 471 603
f 607 473 474
f 607 474 608
f 608 474 475
f 608 475 609
f 609 475 476
f 609 476 610
f 610 476 477
f 610 477 611
f 611 477 478
f 611 478 612
f 612 478 479
f 612 479 613
f 613 479 480
f 613 480 614
f 614 480 481
f 614 481 615
f 615 481 482
f 615 482 616
f 616 482 483
f 616 483 577
f 617 485 445
f 617 445 579
f 618 486 487
f 618 487 619
f 620 529 575
f 620 575 621
f 622 489 494
f 622 494 623
f 624 491 492
f 624 492 625
f 626 574 490
f 626 490 627
f 623 494 495
f 623 495 628
f 628 495 496
f 628 496 629
f 630 498 499
f 630 499 631
f 631 499 500
f 631 500 632
f 632 500 501
f 632 501 633
f 633 501 502
f 633 502 634
f 634 502 503
f 634 503 635
f 635 503 504
f 635 504 636
f 636 504 505
f 636 505 637
f 637 505 506
f 637 506 638
f 638 506 507
f 638 507 580
f 621 575 536
f 621 536 639
f 640 508 509
f 640 509 641
f 625 492 510
f 625 510 642
f 643 514 515
f 643 515 644
f 645 512 513
f 645 513 646
f 644 515 516
f 644 516 647
f 647 516 517
f 647 517 648
f 648 517 518
f 648 518 649
f 649 518 519
f 649 519 650
f 650 519 520
f 650 520 651
f 651 520 521
f 651 521 652
f 652 521 522
f 652 522 653
f 653 522 523
f 653 523 654
f 654 523 524
f 654 524 655
f 655 524 525
f 655 525 578
f 656 566 443
f 656 443 657
f 658 527 447
f 658 447 581
f 659 528 529
f 659 529 620
f 660 552 554
f 660 554 661
f 662 531 537
f 662 537 663
f 664 533 535
f 664 535 665
f 666 576 532
f 666 532 667
f 663 537 538
f 663 538 668
f 668 538 539
f 668 539 669
f 670 541 542
f 670 542 671
f 671 542 543
f 671 543 672
f 672 543 544
f 672 544 673
f 673 544 545
f 673 545 674
f 674 545 546
f 674 546 675
f 675 546 547
f 675 547 676
f 676 547 548
f 676 548 677
f 677 548 549
f 677 549 678
f 678 549 550
f 678 550 582
f 679 551 552
f 679 552 660
f 665 535 553
f 665 553 680
f 681 557 558
f 681 558 682
f 683 555 556
f 683 556 684
f 682 558 559
f 682 559 685
f 685 559 560
f 685 560 686
f 686 560 561
f 686 561 687
f 687 561 562
f 687 562 688
f 688 562 563
f 688 563 341
f 341 563 564
f 341 564 342
f 342 564 565
f 342 565 656
f 689 571 450
f 689 450 690
f 691 567 568
f 691 568 692
f 692 568 571
f 692 571 689
f 693 570 567
f 693 567 691
f 586 467 468
f 586 468 605
f 694 469 470
f 694 470 606
f 695 454 455
f 695 455 590
f 690 450 448
f 690 448 696
f 589 453 454
f 589 454 695
f 602 466 469
f 602 469 694
f 641 509 511
f 641 511 697
f 619 487 573
f 619 573 599
f 696 448 449
f 696 449 698
f 698 449 451
f 698 451 587
f 604 472 473
f 604 473 607
f 642 510 508
f 642 508 640
f 699 488 489
f 699 489 622
f 629 496 497
f 629 497 700
f 627 490 486
f 627 486 618
f 600 493 488
f 600 488 699
f 700 497 498
f 700 498 630
f 697 511 512
f 697 512 645
f 646 513 514
f 646 514 643
f 680 553 551
f 680 551 679
f 701 530 531
f 701 531 662
f 669 539 540
f 669 540 702
f 667 532 528
f 667 528 659
f 639 536 530
f 639 530 701
f 702 540 541
f 702 541 670
f 661 554 555
f 661 555 683
f 684 556 557
f 684 557 681
f 703 569 570
f 703 570 693
f 577 485 617
f 577 617 704
f 578 527 658
f 578 658 705
f 584 569 703
f 584 703 706
f 583 572 585
f 583 585 707
f 579 574 626
f 579 626 708
f 580 491 624
f 580 624 709
f 582 533 664
f 582 664 710
f 581 576 666
f 581 666 711
f 712 592 593
f 712 593 713
f 714 588 589
f 714 589 715
f 716 590 591
f 716 591 717
f 717 591 592
f 717 592 712
f 718 594 595
f 718 595 719
f 719 595 596
f 719 596 720
f 720 596 597
f 720 597 721
f 722 723 724
f 722 724 725
f 726 700 630
f 726 630 727
f 728 601 602
f 728 602 729
f 730 604 607
f 730 607 731
f 657 443 584
f 657 584 732
f 733 641 697
f 733 697 734
f 735 642 640
f 735 640 736
f 737 694 606
f 737 606 738
f 390 739 740
f 390 740 741
f 738 606 603
f 738 603 742
f 743 622 623
f 743 623 744
f 731 607 608
f 731 608 745
f 745 608 609
f 745 609 746
f 747 611 612
f 747 612 748
f 748 612 613
f 748 613 749
f 749 613 614
f 749 614 750
f 750 614 615
f 750 615 751
f 388 752 753
f 754 620 621
f 754 621 755
f 752 388 390
f 752 390 756
f 757 618 619
f 757 619 758
f 758 619 599
f 758 599 759
f 760 628 629
f 760 629 761
f 762 647 648
f 762 648 763
f 764 600 699
f 764 699 765
f 390 389 766
f 390 766 739
f 744 623 628
f 744 628 760
f 767 627 618
f 767 618 757
f 727 630 631
f 727 631 768
f 768 631 632
f 768 632 769
f 770 634 635
f 770 635 771
f 771 635 636
f 771 636 772
f 772 636 637
f 772 637 773
f 774 775 776
f 755 621 639
f 755 639 777
f 765 699 622
f 765 622 743
f 736 640 641
f 736 641 733
f 778 625 642
f 778 642 735
f 779 643 644
f 779 644 780
f 775 774 781
f 775 781 782
f 783 680 679
f 783 679 784
f 742 603 604
f 742 604 730
f 780 644 647
f 780 647 762
f 785 649 650
f 785 650 786
f 786 650 651
f 786 651 787
f 787 651 652
f 787 652 788
f 788 652 653
f 788 653 789
f 789 653 654
f 789 654 790
f 791 792 793
f 794 658 581
f 794 581 711
f 795 587 588
f 795 588 714
f 796 659 620
f 796 620 754
f 797 660 661
f 797 661 798
f 799 668 669
f 799 669 800
f 801 685 686
f 801 686 802
f 777 639 701
f 777 701 803
f 112 113 259
f 804 663 668
f 804 668 799
f 805 667 659
f 805 659 796
f 806 670 671
f 806 671 807
f 807 671 672
f 807 672 808
f 809 674 675
f 809 675 810
f 810 675 676
f 810 676 811
f 811 676 677
f 811 677 812
f 792 791 813
f 792 813 814
f 803 701 662
f 803 662 815
f 816 683 684
f 816 684 817
f 818 703 693
f 818 693 819
f 759 599 600
f 759 600 764
f 820 617 579
f 820 579 708
f 821 681 682
f 821 682 822
f 823 824 825
f 822 682 685
f 822 685 801
f 826 687 688
f 826 688 827
f 827 688 341
f 827 341 296
f 824 823 828
f 824 828 829
f 715 589 695
f 715 695 830
f 831 689 690
f 831 690 832
f 833 696 698
f 833 698 834
f 835 692 689
f 835 689 831
f 836 837 838
f 830 695 590
f 830 590 716
f 834 698 587
f 834 587 795
f 839 702 670
f 839 670 806
f 840 646 643
f 840 643 779
f 769 632 633
f 769 633 841
f 842 626 627
f 842 627 767
f 843 624 625
f 843 625 778
f 761 629 700
f 761 700 726
f 817 684 681
f 817 681 821
f 844 610 611
f 844 611 747
f 784 679 660
f 784 660 797
f 845 605 601
f 845 601 728
f 746 609 610
f 746 610 844
f 713 593 594
f 713 594 718
f 832 690 696
f 832 696 833
f 734 697 645
f 734 645 846
f 798 661 683
f 798 683 816
f 729 602 694
f 729 694 737
f 847 585 586
f 847 586 848
f 841 633 634
f 841 634 770
f 846 645 646
f 846 646 840
f 763 648 649
f 763 649 785
f 849 665 680
f 849 680 783
f 815 662 663
f 815 663 804
f 800 669 702
f 800 702 839
f 850 664 665
f 850 665 849
f 851 666 667
f 851 667 805
f 808 672 673
f 808 673 852
f 852 673 674
f 852 674 809
f 802 686 687
f 802 687 826
f 819 693 691
f 819 691 853
f 853 691 692
f 853 692 835
f 848 586 605
f 848 605 845
f 709 624 843
f 709 843 854
f 711 666 851
f 711 851 855
f 708 626 842
f 708 842 856
f 705 658 794
f 705 794 857
f 710 664 850
f 710 850 858
f 706 703 818
f 706 818 859
f 704 617 820
f 704 820 860
f 707 585 847
f 707 847 861
f 862 734 846
f 862 846 863
f 864 720 721
f 864 721 865
f 866 717 712
f 866 712 867
f 868 719 720
f 868 720 864
f 869 768 769
f 869 769 870
f 871 726 727
f 871 727 872
f 873 745 746
f 873 746 874
f 875 657 732
f 875 732 876
f 877 733 734
f 877 734 862
f 878 761 726
f 878 726 871
f 879 749 750
f 879 750 880
f 881 780 762
f 881 762 882
f 883 738 742
f 883 742 884
f 885 808 852
f 885 852 886
f 887 743 744
f 887 744 888
f 889 731 745
f 889 745 873
f 890 713 718
f 890 718 891
f 892 747 748
f 892 748 893
f 893 748 749
f 893 749 879
f 894 751 704
f 894 704 860
f 895 765 743
f 895 743 887
f 896 754 755
f 896 755 897
f 898 729 737
f 898 737 899
f 900 817 821
f 900 821 901
f 732 584 706
f 732 706 902
f 903 758 759
f 903 759 904
f 905 760 761
f 905 761 878
f 906 736 733
f 906 733 877
f 888 744 760
f 888 760 905
f 907 812 710
f 907 710 858
f 908 772 773
f 908 773 909
f 910 770 771
f 910 771 911
f 911 771 772
f 911 772 908
f 897 755 777
f 897 777 912
f 886 852 809
f 886 809 913
f 914 826 827
f 914 827 915
f 916 784 797
f 916 797 917
f 918 801 802
f 918 802 919
f 920 728 729
f 920 729 898
f 870 769 841
f 870 841 921
f 922 779 780
f 922 780 881
f 923 799 800
f 923 800 924
f 925 783 784
f 925 784 916
f 926 815 804
f 926 804 927
f 884 742 730
f 884 730 928
f 929 845 728
f 929 728 920
f 930 849 783
f 930 783 925
f 931 786 787
f 931 787 932
f 933 789 790
f 933 790 934
f 934 790 705
f 934 705 857
f 935 794 711
f 935 711 855
f 936 798 816
f 936 816 937
f 938 795 714
f 938 714 939
f 940 796 754
f 940 754 896
f 917 797 798
f 917 798 936
f 941 819 853
f 941 853 942
f 912 777 803
f 912 803 943
f 944 805 796
f 944 796 940
f 945 806 807
f 945 807 946
f 946 807 808
f 946 808 885
f 913 809 810
f 913 810 947
f 947 810 811
f 947 811 948
f 943 803 815
f 943 815 926
f 924 800 839
f 924 839 949
f 937 816 817
f 937 817 900
f 942 853 835
f 942 835 950
f 904 759 764
f 904 764 951
f 952 844 747
f 952 747 892
f 901 821 822
f 901 822 953
f 865 721 707
f 865 707 861
f 954 833 834
f 954 834 955
f 956 715 830
f 956 830 957
f 953 822 801
f 953 801 918
f 958 848 845
f 958 845 929
f 915 827 296
f 915 296 959
f 955 834 795
f 955 795 938
f 960 831 832
f 960 832 961
f 962 850 849
f 962 849 930
f 837 836 963
f 837 963 964
f 957 830 716
f 957 716 965
f 950 835 831
f 950 831 960
f 909 773 709
f 909 709 854
f 927 804 799
f 927 799 923
f 966 763 785
f 966 785 967
f 968 840 779
f 968 779 922
f 863 846 840
f 863 840 968
f 969 820 708
f 969 708 856
f 951 764 765
f 951 765 895
f 899 737 738
f 899 738 883
f 970 842 767
f 970 767 971
f 972 843 778
f 972 778 973
f 872 727 768
f 872 768 869
f 974 818 819
f 974 819 941
f 967 785 786
f 967 786 931
f 971 767 757
f 971 757 975
f 882 762 763
f 882 763 966
f 975 757 758
f 975 758 903
f 976 977 978
f 961 832 833
f 961 833 954
f 880 750 751
f 880 751 894
f 949 839 806
f 949 806 945
f 979 847 848
f 979 848 958
f 932 787 788
f 932 788 980
f 973 778 735
f 973 735 981
f 980 788 789
f 980 789 933
f 928 730 731
f 928 731 889
f 874 746 844
f 874 844 952
f 959 296 295
f 959 295 982
f 948 811 812
f 948 812 907
f 891 718 719
f 891 719 868
f 921 841 770
f 921 770 910
f 981 735 736
f 981 736 906
f 983 851 805
f 983 805 944
f 919 802 826
f 919 826 914
f 867 712 713
f 867 713 890
f 965 716 717
f 965 717 866
f 939 714 715
f 939 715 956
f 859 818 974
f 859 974 984
f 259 113 114
f 259 114 409
f 977 976 985
f 977 985 986
f 340 189 190
f 65 66 209
f 857 794 935
f 857 935 987
f 988 989 990
f 387 239 240
f 209 66 67
f 209 67 361
f 415 270 271
f 860 820 969
f 860 969 991
f 858 850 962
f 858 962 992
f 861 847 979
f 861 979 993
f 18 19 156
f 989 988 994
f 989 994 995
f 854 843 972
f 854 972 996
f 856 842 970
f 856 970 997
f 855 851 983
f 855 983 998
f 999 880 894
f 999 894 1000
f 1001 965 866
f 1001 866 1002
f 1003 889 873
f 1003 873 1004
f 1005 869 870
f 1005 870 1006
f 724 959 982
f 724 982 725
f 1007 968 922
f 1007 922 1008
f 1009 961 954
f 1009 954 1010
f 1011 877 862
f 1011 862 1012
f 1013 878 871
f 1013 871 1014
f 1015 879 880
f 1015 880 999
f 1016 975 903
f 1016 903 1017
f 1018 915 959
f 1018 959 724
f 1019 955 938
f 1019 938 1020
f 1021 890 891
f 1021 891 1022
f 1023 893 879
f 1023 879 1015
f 1024 917 936
f 1024 936 1025
f 1026 895 887
f 1026 887 1027
f 1028 896 897
f 1028 897 1029
f 1030 882 966
f 1030 966 1031
f 1032 927 923
f 1032 923 1033
f 1034 888 905
f 1034 905 1035
f 1036 865 861
f 1036 861 993
f 876 732 902
f 876 902 725
f 1017 903 904
f 1017 904 1037
f 1038 907 858
f 1038 858 992
f 1039 906 877
f 1039 877 1011
f 1040 910 911
f 1040 911 1041
f 1042 919 914
f 1042 914 1043
f 1044 908 909
f 1044 909 1045
f 1046 892 893
f 1046 893 1023
f 1047 883 884
f 1047 884 1048
f 1029 897 912
f 1029 912 1049
f 1041 911 908
f 1041 908 1044
f 1050 947 948
f 1050 948 1051
f 1043 914 915
f 1043 915 1018
f 1037 904 951
f 1037 951 1052
f 1053 867 890
f 1053 890 1021
f 1054 981 906
f 1054 906 1039
f 1008 922 881
f 1008 881 1055
f 1033 923 924
f 1033 924 1056
f 1057 973 981
f 1057 981 1054
f 1058 926 927
f 1058 927 1032
f 1048 884 928
f 1048 928 1059
f 1060 929 920
f 1060 920 1061
f 1062 930 925
f 1062 925 1063
f 1064 931 932
f 1064 932 1065
f 1066 934 857
f 1066 857 987
f 1067 941 942
f 1067 942 1068
f 1025 936 937
f 1025 937 1069
f 1070 913 947
f 1070 947 1050
f 1071 972 973
f 1071 973 1057
f 1056 924 949
f 1056 949 1072
f 1073 967 931
f 1073 931 1064
f 1049 912 943
f 1049 943 1074
f 1075 944 940
f 1075 940 1076
f 1004 873 874
f 1004 874 1077
f 1078 868 864
f 1078 864 1079
f 1055 881 882
f 1055 882 1030
f 1080 945 946
f 1080 946 1081
f 1081 946 885
f 1081 885 1082
f 1022 891 868
f 1022 868 1078
f 1083 899 883
f 1083 883 1047
f 1084 952 892
f 1084 892 1046
f 1065 932 980
f 1065 980 1085
f 1086 956 957
f 1086 957 1087
f 1088 950 960
f 1088 960 1089
f 1090 953 918
f 1090 918 1091
f 1061 920 898
f 1061 898 1092
f 1051 948 907
f 1051 907 1038
f 1093 962 930
f 1093 930 1062
f 1079 864 865
f 1079 865 1036
f 1031 966 967
f 1031 967 1073
f 1094 935 855
f 1094 855 998
f 1087 957 965
f 1087 965 1001
f 1091 918 919
f 1091 919 1042
f 1095 939 956
f 1095 956 1086
f 1096 958 929
f 1096 929 1060
f 1063 925 916
f 1063 916 1097
f 1098 971 975
f 1098 975 1016
f 991 969 856
f 991 856 997
f 1082 885 886
f 1082 886 1099
f 1085 980 933
f 1085 933 1100
f 1068 942 950
f 1068 950 1088
f 1101 872 869
f 1101 869 1005
f 902 706 859
f 902 859 1102
f 1035 905 878
f 1035 878 1013
f 1045 909 854
f 1045 854 996
f 1103 900 901
f 1103 901 1104
f 1006 870 921
f 1006 921 1105
f 1092 898 899
f 1092 899 1083
f 1104 901 953
f 1104 953 1090
f 1099 886 913
f 1099 913 1070
f 1027 887 888
f 1027 888 1034
f 1059 928 889
f 1059 889 1003
f 1074 943 926
f 1074 926 1058
f 1012 862 863
f 1012 863 1106
f 1097 916 917
f 1097 917 1024
f 1010 954 955
f 1010 955 1019
f 1107 970 971
f 1107 971 1098
f 1069 937 900
f 1069 900 1103
f 1000 894 860
f 1000 860 991
f 1105 921 910
f 1105 910 1040
f 1072 949 945
f 1072 945 1080
f 1052 951 895
f 1052 895 1026
f 1014 871 872
f 1014 872 1101
f 1108 974 941
f 1108 941 1067
f 1002 866 867
f 1002 867 1053
f 1106 863 968
f 1106 968 1007
f 1109 983 944
f 1109 944 1075
f 1077 874 952
f 1077 952 1084
f 1100 933 934
f 1100 934 1066
f 1020 938 939
f 1020 939 1095
f 1089 960 961
f 1089 961 1009
f 1076 940 896
f 1076 896 1028
f 1110 979 958
f 1110 958 1096
f 997 970 1107
f 997 1107 1111
f 984 974 1108
f 984 1108 1112
f 993 979 1110
f 993 1110 1113
f 987 935 1094
f 987 1094 1114
f 992 962 1093
f 992 1093 1115
f 996 972 1071
f 996 1071 1116
f 998 983 1109
f 998 1109 1117
f 1118 1106 1007
f 1118 1007 1119
f 1120 1031 1073
f 1120 1073 1121
f 1122 1032 1033
f 1122 1033 1123
f 1124 1092 1083
f 1124 1083 1125
f 1126 1018 724
f 1126 724 723
f 1123 1033 1056
f 1123 1056 1127
f 1128 1097 1024
f 1128 1024 1129
f 1130 1016 1017
f 1130 1017 1131
f 1132 1103 1104
f 1132 1104 1133
f 1134 1105 1040
f 1134 1040 1135
f 1136 1014 1101
f 1136 1101 1137
f 1138 1019 1020
f 1138 1020 1139
f 156 19 20
f 156 20 314
f 1140 1034 1035
f 1140 1035 1141
f 1142 1042 1043
f 1142 1043 1143
f 1144 1051 1038
f 1144 1038 1145
f 1129 1024 1025
f 1129 1025 1146
f 1147 1059 1003
f 1147 1003 1148
f 1149 1041 1044
f 1149 1044 1150
f 1127 1056 1072
f 1127 1072 1151
f 1152 1045 996
f 1152 996 1116
f 722 725 902
f 722 902 1102
f 1145 1038 992
f 1145 992 1115
f 1151 1072 1080
f 1151 1080 1153
f 1154 1039 1011
f 1154 1011 1155
f 1156 1015 999
f 1156 999 1157
f 1158 1013 1014
f 1158 1014 1136
f 1135 1040 1041
f 1135 1041 1149
f 1159 1087 1001
f 1159 1001 1160
f 1161 1037 1052
f 1161 1052 1162
f 1163 1099 1070
f 1163 1070 1164
f 1165 1065 1085
f 1165 1085 1166
f 1167 1047 1048
f 1167 1048 1168
f 1169 1029 1049
f 1169 1049 1170
f 1171 1062 1063
f 1171 1063 1172
f 1173 1089 1009
f 1173 1009 1174
f 1175 1026 1027
f 1175 1027 1176
f 1143 1043 1018
f 1143 1018 1126
f 1172 1063 1097
f 1172 1097 1128
f 1177 1053 1021
f 1177 1021 1178
f 1179 1054 1039
f 1179 1039 1154
f 1180 1022 1078
f 1180 1078 1181
f 1114 1094 998
f 1114 998 1117
f 1160 1001 1002
f 1160 1002 1182
f 1183 1057 1054
f 1183 1054 1179
f 1184 1058 1032
f 1184 1032 1122
f 1185 1074 1058
f 1185 1058 1184
f 1176 1027 1034
f 1176 1034 1140
f 1186 1060 1061
f 1186 1061 1187
f 1188 1069 1103
f 1188 1103 1132
f 1189 1091 1042
f 1189 1042 1142
f 1155 1011 1012
f 1155 1012 1190
f 1191 1067 1068
f 1191 1068 1192
f 1146 1025 1069
f 1146 1069 1188
f 1164 1070 1050
f 1164 1050 1193
f 1194 1112 1108
f 1195 1071 1057
f 1195 1057 1183
f 1162 1052 1026
f 1162 1026 1175
f 1121 1073 1064
f 1121 1064 1196
f 1174 1009 1010
f 1174 1010 1197
f 1190 1012 1106
f 1190 1106 1118
f 1198 1109 1075
f 1198 1075 1199
f 1112 1194 1200
f 1112 1200 1201
f 1119 1007 1008
f 1119 1008 1202
f 1199 1075 1076
f 1199 1076 1203
f 1204 1004 1077
f 1204 1077 1205
f 1181 1078 1079
f 1181 1079 1206
f 1207 1055 1030
f 1207 1030 1208
f 1209 1081 1082
f 1209 1082 1210
f 1211 1088 1089
f 1211 1089 1173
f 1212 1084 1046
f 1212 1046 1213
f 1192 1068 1088
f 1192 1088 1211
f 1214 1086 1087
f 1214 1087 1159
f 1203 1076 1028
f 1203 1028 1215
f 1196 1064 1065
f 1196 1065 1165
f 1187 1061 1092
f 1187 1092 1124
f 1210 1082 1099
f 1210 1099 1163
f 565 566 656
f 1216 1005 1006
f 1216 1006 1217
f 1218 1096 1060
f 1218 1060 1186
f 1197 1010 1019
f 1197 1019 1138
f 1219 1098 1016
f 1219 1016 1130
f 1148 1003 1004
f 1148 1004 1204
f 1208 1030 1031
f 1208 1031 1120
f 242 241 94
f 242 94 95
f 1194 1108 1067
f 1194 1067 1191
f 1133 1104 1090
f 1133 1090 1220
f 1202 1008 1055
f 1202 1055 1207
f 1139 1020 1095
f 1139 1095 1221
f 1220 1090 1091
f 1220 1091 1189
f 1222 1093 1062
f 1222 1062 1171
f 1217 1006 1105
f 1217 1105 1134
f 1137 1101 1005
f 1137 1005 1216
f 1166 1085 1100
f 1166 1100 1223
f 1224 1023 1015
f 1224 1015 1156
f 1125 1083 1047
f 1125 1047 1167
f 1223 1100 1066
f 1223 1066 1225
f 1205 1077 1084
f 1205 1084 1212
f 1182 1002 1053
f 1182 1053 1177
f 1225 1066 987
f 1225 987 1114
f 1170 1049 1074
f 1170 1074 1185
f 1206 1079 1036
f 1206 1036 1226
f 1213 1046 1023
f 1213 1023 1224
f 1193 1050 1051
f 1193 1051 1144
f 1221 1095 1086
f 1221 1086 1214
f 1226 1036 993
f 1226 993 1113
f 1141 1035 1013
f 1141 1013 1158
f 1168 1048 1059
f 1168 1059 1147
f 1153 1080 1081
f 1153 1081 1209
f 1227 1110 1096
f 1227 1096 1218
f 1131 1017 1037
f 1131 1037 1161
f 1215 1028 1029
f 1215 1029 1169
f 1228 1107 1098
f 1228 1098 1219
f 1178 1021 1022
f 1178 1022 1180
f 1150 1044 1045
f 1150 1045 1152
f 1113 1110 1227
f 1113 1227 1229
f 1117 1109 1198
f 1117 1198 1230
f 1111 1107 1228
f 1111 1228 1231
f 1115 1093 1222
f 1115 1222 1232
f 1116 1071 1195
f 1116 1195 1233
f 1000 1234 1157
f 1000 1157 999
f 1235 1174 1197
f 1235 1197 1236
f 1237 1208 1120
f 1237 1120 1238
f 984 1102 859
f 1239 1119 1202
f 1239 1202 1240
f 1241 1123 1127
f 1241 1127 1242
f 1243 1128 1129
f 1243 1129 1244
f 1245 1246 291
f 1245 291 1247
f 1248 1215 1169
f 1248 1169 1249
f 1250 1158 1136
f 1250 1136 1251
f 1240 1202 1207
f 1240 1207 1252
f 1253 1162 1175
f 1253 1175 1254
f 1255 1166 1223
f 1255 1223 1256
f 1257 1220 1189
f 1257 1189 1258
f 1259 1165 1166
f 1259 1166 1255
f 1260 1168 1147
f 1260 1147 1261
f 1262 1172 1128
f 1262 1128 1243
f 1263 1151 1153
f 1263 1153 1264
f 1244 1129 1146
f 1244 1146 1265
f 1266 1160 1182
f 1266 1182 1267
f 1261 1147 1148
f 1261 1148 1268
f 1242 1127 1151
f 1242 1151 1263
f 875 656 657
f 1269 1211 1173
f 1269 1173 1270
f 1271 1156 1157
f 1271 1157 1272
f 1273 1130 1131
f 1273 1131 1274
f 1275 1154 1155
f 1275 1155 1276
f 1277 1161 1162
f 1277 1162 1253
f 1278 1203 1215
f 1278 1215 1248
f 1279 1121 1196
f 1279 1196 1280
f 1264 1153 1209
f 1264 1209 1281
f 656 875 297
f 656 297 342
f 1282 1283 1284
f 1285 1190 1118
f 1285 1118 1286
f 1287 1210 1163
f 1287 1163 1288
f 1289 1143 1126
f 1289 1126 1290
f 1284 1283 1291
f 1284 1291 1292
f 1293 1176 1140
f 1293 1140 1294
f 1295 1180 1181
f 1295 1181 1296
f 1297 1114 1117
f 1297 1117 1230
f 1298 1133 1220
f 1298 1220 1257
f 1299 1183 1179
f 1299 1179 1300
f 1301 1184 1122
f 1301 1122 1302
f 1303 1185 1184
f 1303 1184 1301
f 1304 1188 1132
f 1304 1132 1305
f 1236 1197 1138
f 1236 1138 1306
f 1307 1221 1214
f 1307 1214 1308
f 1258 1189 1142
f 1258 1142 1309
f 1267 1182 1177
f 1267 1177 1310
f 1311 1124 1125
f 1311 1125 1312
f 1313 1191 1192
f 1313 1192 1314
f 1265 1146 1188
f 1265 1188 1304
f 1315 1316 1317
f 1318 1195 1183
f 1318 1183 1299
f 1319 1213 1224
f 1319 1224 1320
f 1321 1216 1217
f 1321 1217 1322
f 1323 1178 1180
f 1323 1180 1295
f 1238 1120 1121
f 1238 1121 1279
f 1317 1316 1324
f 1317 1324 1325
f 1326 1139 1221
f 1326 1221 1307
f 1280 1196 1165
f 1280 1165 1259
f 1327 1204 1205
f 1327 1205 1328
f 1296 1181 1206
f 1296 1206 1329
f 1252 1207 1208
f 1252 1208 1237
f 1330 1218 1186
f 1330 1186 1331
f 1251 1136 1137
f 1251 1137 1332
f 1308 1214 1159
f 1308 1159 1333
f 1334 1212 1213
f 1334 1213 1319
f 192 191 47
f 192 47 48
f 1314 1192 1211
f 1314 1211 1269
f 1302 1122 1123
f 1302 1123 1241
f 211 1246 1245
f 211 1245 159
f 1332 1137 1216
f 1332 1216 1321
f 1328 1205 1212
f 1328 1212 1334
f 978 1227 1218
f 978 1218 1330
f 1281 1209 1210
f 1281 1210 1287
f 1274 1131 1161
f 1274 1161 1277
f 1335 1187 1124
f 1335 1124 1311
f 1336 1145 1115
f 1336 1115 1232
f 1337 1193 1144
f 1337 1144 1338
f 1270 1173 1174
f 1270 1174 1235
f 1339 1194 1191
f 1339 1191 1313
f 1322 1217 1134
f 1322 1134 1340
f 1272 1234 1341
f 1272 1341 1342
f 1288 1163 1164
f 1288 1164 1343
f 1254 1175 1176
f 1254 1176 1293
f 1344 1199 1203
f 1344 1203 1278
f 1345 1171 1172
f 1345 1172 1262
f 1346 1228 1219
f 1346 1219 1347
f 1249 1169 1170
f 1249 1170 1348
f 1348 1170 1185
f 1348 1185 1303
f 1294 1140 1141
f 1294 1141 1349
f 1350 1167 1168
f 1350 1168 1260
f 1320 1224 1156
f 1320 1156 1271
f 1351 1149 1150
f 1351 1150 1352
f 1312 1125 1167
f 1312 1167 1350
f 1290 1126 723
f 1290 723 1353
f 1333 1159 1160
f 1333 1160 1266
f 1306 1138 1139
f 1306 1139 1326
f 1343 1164 1193
f 1343 1193 1337
f 1276 1155 1190
f 1276 1190 1285
f 1309 1142 1143
f 1309 1143 1289
f 1331 1186 1187
f 1331 1187 1335
f 1347 1219 1130
f 1347 1130 1273
f 1354 1135 1149
f 1354 1149 1351
f 1340 1134 1135
f 1340 1135 1354
f 1338 1144 1145
f 1338 1145 1336
f 990 1222 1171
f 990 1171 1345
f 1286 1118 1119
f 1286 1119 1239
f 1305 1132 1133
f 1305 1133 1298
f 1268 1148 1204
f 1268 1204 1327
f 1310 1177 1178
f 1310 1178 1323
f 1300 1179 1154
f 1300 1154 1275
f 1349 1141 1158
f 1349 1158 1250
f 1355 1198 1199
f 1355 1199 1344
f 1229 1227 978
f 1229 978 977
f 1200 1194 1339
f 1200 1339 1356
f 1341 1111 1231
f 1341 1231 1342
f 1357 1358 1359
f 1230 1198 1355
f 1230 1355 1360
f 875 876 295
f 875 295 297
f 1233 1195 1318
f 1233 1318 1361
f 409 114 115
f 409 115 411
f 1231 1228 1346
f 1231 1346 1362
f 1232 1222 990
f 1232 990 989
f 212 1271 1272
f 212 1272 213
f 1363 1290 1353
f 1363 1353 1364
f 1365 1348 1303
f 1365 1303 1366
f 1367 1250 1251
f 1367 1251 1368
f 976 978 1330
f 976 1330 1369
f 1370 1308 1333
f 1370 1333 1371
f 1372 1240 1252
f 1372 1252 1373
f 1374 1253 1254
f 1374 1254 1375
f 1376 1242 1263
f 1376 1263 1377
f 1378 1257 1258
f 1378 1258 1379
f 1380 1327 1328
f 1380 1328 1381
f 1382 1260 1261
f 1382 1261 1383
f 1377 1263 1264
f 1377 1264 1384
f 1385 1244 1265
f 1385 1265 1386
f 1387 1266 1267
f 1387 1267 1388
f 1383 1261 1268
f 1383 1268 1389
f 1390 1354 1351
f 1390 1351 1391
f 1392 1273 1274
f 1392 1274 1393
f 1394 1342 1231
f 1394 1231 1362
f 1395 1309 1289
f 1395 1289 1396
f 1397 1335 1311
f 1397 1311 1398
f 1399 1355 1344
f 1399 1344 1400
f 1401 1278 1248
f 1401 1248 1402
f 1403 1279 1280
f 1403 1280 1404
f 1384 1264 1281
f 1384 1281 1405
f 1391 1351 1352
f 1391 1352 1406
f 986 1329 1229
f 986 1229 977
f 1407 1312 1350
f 1407 1350 1408
f 1409 1305 1298
f 1409 1298 1410
f 1375 1254 1293
f 1375 1293 1411
f 1371 1333 1266
f 1371 1266 1387
f 1412 1295 1296
f 1412 1296 1413
f 1414 1237 1238
f 1414 1238 1415
f 1416 1277 1253
f 1416 1253 1374
f 1400 1344 1278
f 1400 1278 1401
f 1373 1252 1237
f 1373 1237 1414
f 1410 1298 1257
f 1410 1257 1378
f 1417 1299 1300
f 1417 1300 1418
f 1419 1304 1305
f 1419 1305 1409
f 1420 1236 1306
f 1420 1306 1421
f 1422 1307 1308
f 1422 1308 1370
f 1379 1258 1309
f 1379 1309 1395
f 1418 1300 1275
f 1418 1275 1423
f 1398 1311 1312
f 1398 1312 1407
f 1424 1302 1241
f 1424 1241 1425
f 1386 1265 1304
f 1386 1304 1419
f 1426 1323 1295
f 1426 1295 1412
f 1427 1319 1320
f 1427 1320 1428
f 1389 1268 1327
f 1389 1327 1380
f 1429 1326 1307
f 1429 1307 1422
f 1413 1296 1329
f 1413 1329 986
f 1405 1281 1287
f 1405 1287 1430
f 1368 1251 1332
f 1368 1332 1431
f 1421 1306 1326
f 1421 1326 1429
f 1432 1334 1319
f 1432 1319 1427
f 1433 1314 1269
f 1433 1269 1434
f 1435 1286 1239
f 1435 1239 1436
f 1359 1358 1437
f 1359 1437 1438
f 988 990 1345
f 988 1345 1439
f 1440 1318 1299
f 1440 1299 1417
f 1423 1275 1276
f 1423 1276 1441
f 1434 1269 1270
f 1434 1270 1442
f 1393 1274 1277
f 1393 1277 1416
f 1443 1337 1338
f 1443 1338 995
f 1442 1270 1235
f 1442 1235 1444
f 1404 1280 1259
f 1404 1259 1445
f 1446 1343 1337
f 1446 1337 1443
f 1447 1448 1449
f 213 1272 1342
f 213 1342 1394
f 1449 1448 1450
f 1449 1450 1451
f 1452 1288 1343
f 1452 1343 1446
f 1453 1294 1349
f 1453 1349 1454
f 1415 1238 1279
f 1415 1279 1403
f 1396 1289 1290
f 1396 1290 1363
f 1439 1345 1262
f 1439 1262 1455
f 1456 1346 1347
f 1456 1347 1457
f 1458 1249 1348
f 1458 1348 1365
f 1408 1350 1260
f 1408 1260 1382
f 1441 1276 1285
f 1441 1285 1459
f 1460 1331 1335
f 1460 1335 1397
f 1459 1285 1286
f 1459 1286 1435
f 1436 1239 1240
f 1436 1240 1372
f 1411 1293 1294
f 1411 1294 1453
f 1406 1352 1233
f 1406 1233 1361
f 1364 1353 1200
f 1364 1200 1356
f 1431 1332 1321
f 1431 1321 1461
f 1462 1310 1323
f 1462 1323 1426
f 1461 1321 1322
f 1461 1322 1463
f 1455 1262 1243
f 1455 1243 1464
f 1464 1243 1244
f 1464 1244 1385
f 1445 1259 1255
f 1445 1255 1465
f 1465 1255 1256
f 1465 1256 1466
f 1457 1347 1273
f 1457 1273 1392
f 1428 1320 1271
f 1428 1271 212
f 1454 1349 1250
f 1454 1250 1367
f 1381 1328 1334
f 1381 1334 1432
f 1402 1248 1249
f 1402 1249 1458
f 1425 1241 1242
f 1425 1242 1376
f 1444 1235 1236
f 1444 1236 1420
f 1388 1267 1310
f 1388 1310 1462
f 1430 1287 1288
f 1430 1288 1452
f 1369 1330 1331
f 1369 1331 1460
f 1467 1313 1314
f 1467 1314 1433
f 1468 1339 1313
f 1468 1313 1467
f 1469 1470 1246
f 1336 1232 989
f 1336 989 995
f 1246 1470 292
f 1246 292 291
f 1356 1339 1468
f 1356 1468 1471
f 1361 1318 1440
f 1361 1440 1472
f 1362 1346 1456
f 1362 1456 1473
f 1360 1355 1399
f 1360 1399 1474
f 1475 1434 1442
f 1475 1442 1476
f 1477 1441 1459
f 1477 1459 1478
f 1479 1431 1461
f 1479 1461 1480
f 161 213 1394
f 161 1394 1481
f 1482 1405 1430
f 1482 1430 1483
f 1484 1410 1378
f 1484 1378 1485
f 1486 1379 1395
f 1486 1395 1487
f 1488 1371 1387
f 1488 1387 1489
f 1480 1461 1463
f 1480 1463 1490
f 1491 1418 1423
f 1491 1423 1492
f 1493 1402 1458
f 1493 1458 1494
f 1495 1369 1460
f 1495 1460 1496
f 1497 1377 1384
f 1497 1384 1498
f 1499 1385 1386
f 1499 1386 1500
f 1483 1430 1452
f 1483 1452 1501
f 1502 1383 1389
f 1502 1389 1503
f 1504 1390 1391
f 1504 1391 1505
f 1506 1466 1507
f 1506 1507 1508
f 1487 1395 1396
f 1487 1396 1509
f 1510 1429 1422
f 1510 1422 1511
f 1512 1444 1420
f 1512 1420 1513
f 1514 1373 1414
f 1514 1414 1515
f 1516 1425 1376
f 1516 1376 1517
f 1498 1384 1405
f 1498 1405 1482
f 1518 1364 1356
f 1518 1356 1471
f 1519 1407 1408
f 1519 1408 1520
f 1521 1398 1407
f 1521 1407 1519
f 1522 1375 1411
f 1522 1411 1523
f 1515 1414 1415
f 1515 1415 1524
f 1525 1454 1367
f 1525 1367 1526
f 1527 1464 1385
f 1527 1385 1499
f 1509 1396 1363
f 1509 1363 1528
f 1529 1443 995
f 1529 995 994
f 1478 1459 1435
f 1478 1435 1530
f 1492 1423 1441
f 1492 1441 1477
f 1531 1426 1412
f 1531 1412 1532
f 1513 1420 1421
f 1513 1421 1533
f 1534 1413 986
f 1534 986 985
f 838 1440 1417
f 838 1417 1535
f 1536 988 1439
f 1536 1439 1537
f 1500 1386 1419
f 1500 1419 1538
f 1539 1393 1416
f 1539 1416 1540
f 1541 1427 1428
f 1541 1428 1542
f 1503 1389 1380
f 1503 1380 1543
f 1490 1463 1390
f 1490 1390 1504
f 1530 1435 1436
f 1530 1436 1544
f 1545 1433 1434
f 1545 1434 1475
f 1523 1411 1453
f 1523 1453 1546
f 1547 1445 1465
f 1547 1465 1506
f 1548 1549 1447
f 1550 1467 1433
f 1550 1433 1545
f 1538 1419 1409
f 1538 1409 1551
f 294 1404 1445
f 294 1445 1547
f 1505 1406 1361
f 1505 1361 1472
f 1551 1409 1410
f 1551 1410 1484
f 1552 1388 1462
f 1552 1462 1553
f 1554 1366 1424
f 1554 1424 1555
f 1555 1424 1425
f 1555 1425 1516
f 1556 1368 1431
f 1556 1431 1479
f 1532 1412 1413
f 1532 1413 1534
f 1476 1442 1444
f 1476 1444 1512
f 1557 1446 1443
f 1557 1443 1529
f 1528 1363 1364
f 1528 1364 1518
f 1501 1452 1446
f 1501 1446 1557
f 1546 1453 1454
f 1546 1454 1525
f 1524 1415 1403
f 1524 1403 293
f 1544 1436 1372
f 1544 1372 1558
f 1537 1439 1455
f 1537 1455 1559
f 1560 1456 1457
f 1560 1457 1561
f 1494 1458 1365
f 1494 1365 1562
f 293 1403 1404
f 293 1404 294
f 1447 1549 1563
f 1447 1563 1448
f 1496 1460 1397
f 1496 1397 1564
f 1511 1422 1370
f 1511 1370 1565
f 1561 1457 1392
f 1561 1392 1566
f 1567 1401 1402
f 1567 1402 1493
f 1568 1399 1400
f 1568 1400 1569
f 1553 1462 1426
f 1553 1426 1531
f 1520 1408 1382
f 1520 1382 1570
f 1564 1397 1398
f 1564 1398 1521
f 1481 1394 1362
f 1481 1362 1473
f 1566 1392 1393
f 1566 1393 1539
f 1571 1432 1427
f 1571 1427 1541
f 1489 1387 1388
f 1489 1388 1552
f 1540 1416 1374
f 1540 1374 1572
f 876 725 982
f 876 982 295
f 1570 1382 1383
f 1570 1383 1502
f 1573 1574 1575
f 1535 1417 1418
f 1535 1418 1491
f 1485 1378 1379
f 1485 1379 1486
f 1517 1376 1377
f 1517 1377 1497
f 1569 1400 1401
f 1569 1401 1567
f 1572 1374 1375
f 1572 1375 1522
f 1558 1372 1373
f 1558 1373 1514
f 1565 1370 1371
f 1565 1371 1488
f 825 976 1369
f 825 1369 1495
f 1559 1455 1464
f 1559 1464 1527
f 1526 1367 1368
f 1526 1368 1556
f 1576 1468 1467
f 1576 1467 1550
f 1562 1365 1366
f 1562 1366 1554
f 1533 1421 1429
f 1533 1429 1510
f 1474 1508 1507
f 1474 1507 1360
f 1471 1468 1576
f 1471 1576 1577
f 994 988 1536
f 994 1536 1578
f 1472 1440 838
f 1472 838 837
f 1474 1399 1568
f 1474 1568 1579
f 1473 1456 1560
f 1473 1560 1580
f 985 976 825
f 985 825 824
f 1581 1492 1477
f 1581 1477 1582
f 1583 1476 1512
f 1583 1512 1584
f 1585 1566 1539
f 1585 1539 1586
f 1587 1546 1525
f 1587 1525 1588
f 793 1490 1504
f 793 1504 1589
f 1590 1551 1484
f 1590 1484 1591
f 1592 1517 1497
f 1592 1497 1593
f 1594 1561 1566
f 1594 1566 1585
f 1575 1574 1595
f 1575 1595 1596
f 792 1480 1490
f 792 1490 793
f 1597 1491 1492
f 1597 1492 1581
f 1598 1599 1600
f 1601 1511 1565
f 1601 1565 1602
f 1603 1482 1483
f 1603 1483 1604
f 1604 1483 1501
f 1604 1501 1605
f 1606 1502 1503
f 1606 1503 1607
f 1608 1487 1509
f 1608 1509 1609
f 1610 1510 1511
f 1610 1511 1601
f 1611 1521 1519
f 1611 1519 1612
f 1613 1569 1567
f 1613 1567 1614
f 1615 1498 1482
f 1615 1482 1603
f 1612 1519 1520
f 1612 1520 1616
f 1617 1522 1523
f 1617 1523 1618
f 1619 1515 1524
f 1619 1524 1620
f 1588 1525 1526
f 1588 1526 1621
f 1605 1501 1557
f 1605 1557 1622
f 1623 1529 994
f 1623 994 1578
f 1624 1478 1530
f 1624 1530 1625
f 1626 1508 1474
f 1626 1474 1579
f 1627 1516 1517
f 1627 1517 1592
f 1589 1504 1505
f 1589 1505 964
f 162 161 1481
f 162 1481 1628
f 1629 1543 1571
f 1629 1571 1630
f 1600 1599 1631
f 1600 1631 1632
f 1625 1530 1544
f 1625 1544 1633
f 1634 1570 1502
f 1634 1502 1606
f 829 1534 985
f 829 985 824
f 1635 1485 1486
f 1635 1486 1636
f 1637 1496 1564
f 1637 1564 1638
f 1639 1500 1538
f 1639 1538 1640
f 1586 1539 1540
f 1586 1540 1641
f 1642 1562 1554
f 1642 1554 1643
f 1607 1503 1543
f 1607 1543 1629
f 1644 1527 1499
f 1644 1499 1645
f 1646 1488 1489
f 1646 1489 1647
f 1609 1528 1518
f 1609 1518 1648
f 1640 1538 1551
f 1640 1551 1590
f 814 1479 1480
f 814 1480 792
f 1649 1545 1475
f 1649 1475 1650
f 1620 1524 293
f 1620 293 263
f 361 67 68
f 361 68 363
f 1651 1536 1537
f 1651 1537 1652
f 1653 1556 1479
f 1653 1479 814
f 1654 1550 1545
f 1654 1545 1649
f 1655 1656 1657
f 1655 1657 1658
f 1616 1520 1570
f 1616 1570 1634
f 1630 1571 1541
f 1630 1541 1659
f 1660 1535 1491
f 1660 1491 1597
f 964 1505 1472
f 964 1472 837
f 1643 1554 1555
f 1643 1555 1661
f 1662 1558 1514
f 1662 1514 1663
f 1664 1576 1550
f 1664 1550 1654
f 1661 1555 1516
f 1661 1516 1627
f 1636 1486 1487
f 1636 1487 1608
f 1647 1489 1552
f 1647 1552 1665
f 1633 1544 1558
f 1633 1558 1662
f 1582 1477 1478
f 1582 1478 1624
f 1602 1565 1488
f 1602 1488 1646
f 1621 1526 1556
f 1621 1556 1653
f 1666 1560 1561
f 1666 1561 1594
f 1667 1494 1562
f 1667 1562 1642
f 1591 1484 1485
f 1591 1485 1635
f 1663 1514 1515
f 1663 1515 1619
f 1668 1481 1473
f 1668 1473 1580
f 1622 1557 1529
f 1622 1529 1623
f 1614 1567 1493
f 1614 1493 1669
f 836 838 1535
f 836 1535 1660
f 1584 1512 1513
f 1584 1513 1670
f 1671 1568 1569
f 1671 1569 1613
f 1652 1537 1559
f 1652 1559 1672
f 1650 1475 1476
f 1650 1476 1583
f 1673 1553 1531
f 1673 1531 1674
f 1645 1499 1500
f 1645 1500 1639
f 1669 1493 1494
f 1669 1494 1667
f 1675 1676 1677
f 1678 1495 1496
f 1678 1496 1637
f 823 825 1495
f 823 1495 1678
f 1665 1552 1553
f 1665 1553 1673
f 1648 1518 1471
f 1648 1471 1577
f 1677 1676 1679
f 1677 1679 1680
f 1681 1532 1534
f 1681 1534 829
f 1674 1531 1532
f 1674 1532 1681
f 1618 1523 1546
f 1618 1546 1587
f 1638 1564 1521
f 1638 1521 1611
f 1579 1568 1671
f 1579 1671 1682
f 191 192 444
f 191 444 484
f 1683 1684 1685
f 1685 1684 1686
f 1685 1686 1687
f 1688 1689 1690
f 1578 1536 1651
f 1578 1651 1691
f 1577 1576 1664
f 1577 1664 1692
f 1690 1689 1693
f 1690 1693 1694
f 1580 1560 1666
f 1580 1666 1695
f 1593 1497 1498
f 1593 1498 1615
f 1672 1559 1527
f 1672 1527 1644
f 1628 1481 1668
f 1628 1668 1696
f 1697 1605 1622
f 1697 1622 1698
f 1699 1663 1619
f 1699 1619 1700
f 1701 1641 1617
f 1701 1617 1702
f 1703 1618 1587
f 1703 1587 1704
f 1705 1597 1581
f 1705 1581 1706
f 262 264 1707
f 262 1707 1708
f 1709 1621 1653
f 1709 1653 1710
f 1711 1669 1667
f 1711 1667 1712
f 1713 1670 1610
f 1713 1610 1714
f 1714 1610 1601
f 1714 1601 1715
f 1716 1604 1605
f 1716 1605 1697
f 1717 1606 1607
f 1717 1607 1718
f 1719 1611 1612
f 1719 1612 1720
f 1721 1722 1723
f 1724 1637 1638
f 1724 1638 1725
f 1726 1678 1637
f 1726 1637 1724
f 1727 1665 1673
f 1727 1673 1728
f 1729 1630 1659
f 1729 1659 1730
f 1702 1617 1618
f 1702 1618 1703
f 1696 1668 1580
f 1696 1580 1695
f 1731 1588 1621
f 1731 1621 1709
f 1732 1614 1669
f 1732 1669 1711
f 1704 1587 1588
f 1704 1588 1731
f 1698 1623 1578
f 1698 1578 1691
f 1733 1624 1625
f 1733 1625 1734
f 1735 1681 829
f 1735 829 828
f 1736 1627 1592
f 1736 1592 1737
f 1738 1643 1661
f 1738 1661 1739
f 1723 1722 1740
f 1723 1740 1741
f 1742 1584 1670
f 1742 1670 1713
f 1743 1609 1648
f 1743 1648 1744
f 1745 1671 1613
f 1745 1613 1746
f 1734 1625 1633
f 1734 1633 1747
f 1748 1634 1606
f 1748 1606 1717
f 1749 1635 1636
f 1749 1636 1750
f 1751 1594 1585
f 1751 1585 1752
f 1739 1661 1627
f 1739 1627 1736
f 1752 1586 1641
f 1752 1641 1701
f 1753 1591 1635
f 1753 1635 1749
f 1718 1607 1629
f 1718 1629 1754
f 261 260 1755
f 1725 1638 1611
f 1725 1611 1719
f 1747 1633 1662
f 1747 1662 1756
f 1757 1602 1646
f 1757 1646 1758
f 1759 1640 1590
f 1759 1590 1760
f 1761 1649 1650
f 1761 1650 1762
f 1763 1620 263
f 1763 263 1764
f 1755 260 1765
f 1755 1765 1766
f 1710 1653 814
f 1710 814 813
f 753 1651 1652
f 753 1652 1767
f 1768 1769 1770
f 1750 1608 1609
f 1750 1609 1743
f 1770 1769 1771
f 1770 1771 1772
f 1773 1666 1594
f 1773 1594 1751
f 1725 1719 1679
f 1774 1654 1649
f 1774 1649 1761
f 1730 1659 1775
f 1730 1775 1776
f 1777 1647 1665
f 1777 1665 1727
f 1778 1616 1634
f 1778 1634 1748
f 1779 1664 1654
f 1779 1654 1774
f 1756 1662 1663
f 1756 1663 1699
f 1780 1639 1640
f 1780 1640 1759
f 1758 1646 1647
f 1758 1647 1777
f 1781 1582 1624
f 1781 1624 1733
f 1782 1644 1645
f 1782 1645 1783
f 1760 1590 1591
f 1760 1591 1753
f 1712 1667 1642
f 1712 1642 1784
f 1754 1629 1630
f 1754 1630 1729
f 1706 1581 1582
f 1706 1582 1781
f 1785 836 1660
f 1785 1660 1786
f 1783 1645 1639
f 1783 1639 1780
f 1787 1626 1579
f 1787 1579 1682
f 1700 1619 1620
f 1700 1620 1763
f 1679 1719 1720
f 1679 1720 1788
f 1789 1615 1603
f 1789 1603 1790
f 776 823 1678
f 776 1678 1726
f 1731 1709 1791
f 1790 1603 1604
f 1790 1604 1716
f 1715 1601 1602
f 1715 1602 1757
f 1746 1613 1614
f 1746 1614 1732
f 1744 1648 1577
f 1744 1577 1692
f 1792 1674 1681
f 1792 1681 1735
f 1720 1612 1616
f 1720 1616 1778
f 314 20 21
f 314 21 316
f 1793 1589 964
f 1793 964 963
f 241 242 446
f 241 446 526
f 1728 1673 1674
f 1728 1674 1792
f 1157 1234 1272
f 1786 1660 1597
f 1786 1597 1705
f 1708 1626 1787
f 1708 1787 262
f 1695 1666 1773
f 1695 1773 1794
f 1791 1709 1710
f 1791 1710 1795
f 1712 1784 1796
f 1691 1651 753
f 1691 753 752
f 1796 1784 1738
f 1796 1738 1797
f 1692 1664 1779
f 1692 1779 1798
f 963 836 1785
f 963 1785 1799
f 1682 1671 1745
f 1682 1745 1800
f 828 823 776
f 828 776 775
f 1784 1642 1643
f 1784 1643 1738
f 367 218 219
f 367 219 439
f 1693 1756 1699
f 1693 1699 1801
f 1802 1697 1698
f 1802 1698 756
f 1803 1696 1695
f 1803 1695 1794
f 260 262 1787
f 260 1787 1765
f 1795 1710 813
f 1795 813 1804
f 1805 1790 1716
f 1805 1716 1806
f 1807 1754 1729
f 1807 1729 1808
f 1809 1714 1715
f 1809 1715 1810
f 1806 1716 1697
f 1806 1697 1802
f 1811 1717 1718
f 1811 1718 1812
f 1764 263 261
f 1764 261 1755
f 1771 1759 1760
f 1771 1760 1813
f 1676 1724 1725
f 1676 1725 1679
f 1675 1726 1724
f 1675 1724 1676
f 1814 1705 1706
f 1814 1706 1815
f 1816 1736 1737
f 1816 1737 1817
f 1818 1786 1705
f 1818 1705 1814
f 389 1767 1782
f 389 1782 1819
f 1820 1792 1735
f 1820 1735 782
f 1821 1727 1728
f 1821 1728 1822
f 1801 1699 1700
f 1801 1700 1823
f 1824 1781 1733
f 1824 1733 1825
f 1826 1702 1703
f 1826 1703 1827
f 1686 1752 1701
f 1686 1701 1828
f 1827 1703 1704
f 1827 1704 1829
f 1740 1732 1711
f 1740 1711 1830
f 782 1735 828
f 782 828 775
f 1825 1733 1734
f 1825 1734 1688
f 1788 1720 1778
f 1788 1778 1831
f 1832 1742 1713
f 1832 1713 1833
f 1834 1743 1744
f 1834 1744 1835
f 1836 1774 1761
f 1836 1761 1837
f 1835 1744 1692
f 1835 1692 1798
f 1688 1734 1747
f 1688 1747 1689
f 1831 1748 1717
f 1831 1717 1811
f 1838 1749 1750
f 1838 1750 1839
f 1823 1700 1763
f 1823 1763 1840
f 1841 1739 1736
f 1841 1736 1816
f 1840 1763 1764
f 1840 1764 1842
f 1813 1753 1749
f 1813 1749 1838
f 1815 1706 1781
f 1815 1781 1824
f 1843 1730 1776
f 1843 1776 1803
f 1844 1758 1777
f 1844 1777 1845
f 1810 1757 1758
f 1810 1758 1844
f 1652 1672 1767
f 388 753 1767
f 388 1767 389
f 1846 1762 1742
f 1846 1742 1832
f 1839 1750 1743
f 1839 1743 1834
f 1829 1704 1731
f 1829 1731 1791
f 1683 1773 1751
f 1683 1751 1684
f 1845 1777 1727
f 1845 1727 1821
f 1822 1728 1792
f 1822 1792 1820
f 1847 1779 1774
f 1847 1774 1836
f 1817 1737 1789
f 1817 1789 1848
f 1819 1782 1783
f 1819 1783 1768
f 1767 1672 1644
f 1767 1644 1782
f 1338 1336 995
f 1592 1593 1737
f 1737 1593 1615
f 1737 1615 1789
f 1804 813 791
f 1804 791 1849
f 1768 1783 1780
f 1768 1780 1769
f 1812 1718 1754
f 1812 1754 1807
f 1850 1785 1786
f 1850 1786 1818
f 1689 1747 1756
f 1689 1756 1693
f 1650 1583 1762
f 1848 1789 1790
f 1848 1790 1805
f 1721 1745 1746
f 1721 1746 1722
f 1828 1701 1702
f 1828 1702 1826
f 774 776 1726
f 774 1726 1675
f 1837 1761 1762
f 1837 1762 1846
f 1808 1729 1730
f 1808 1730 1843
f 320 168 169
f 320 169 438
f 1797 1738 1739
f 1797 1739 1841
f 1833 1713 1714
f 1833 1714 1809
f 1851 1793 963
f 1851 963 1799
f 1762 1583 1584
f 1762 1584 1742
f 1830 1711 1712
f 1830 1712 1796
f 1799 1785 1850
f 1799 1850 1852
f 1798 1779 1847
f 1798 1847 1853
f 723 722 1854
f 723 1854 1353
f 756 1698 1691
f 756 1691 752
f 1765 1682 1800
f 1765 1800 1766
f 1794 1773 1683
f 1794 1683 1657
f 1513 1533 1670
f 1684 1751 1752
f 1684 1752 1686
f 1800 1745 1721
f 1800 1721 1855
f 1670 1533 1510
f 1670 1510 1610
f 1655 1856 1857
f 1655 1857 1656
f 1769 1780 1759
f 1769 1759 1771
f 1722 1746 1732
f 1722 1732 1740
f 1694 1693 1801
f 1694 1801 1858
f 264 294 1547
f 264 1547 1707
f 1859 1795 1804
f 1859 1804 1860
f 1861 1797 1841
f 1861 1841 1862
f 1863 1806 1802
f 1863 1802 741
f 1864 1807 1808
f 1864 1808 1865
f 1866 1829 1791
f 1866 1791 1867
f 1864 1865 1857
f 1864 1857 1856
f 1772 1771 1813
f 1772 1813 1868
f 1869 1848 1805
f 1869 1805 1870
f 1871 1837 1846
f 1871 1846 1872
f 1873 1814 1815
f 1873 1815 1874
f 1540 1572 1641
f 1875 1819 1768
f 1875 1768 1770
f 766 389 1819
f 766 1819 1875
f 1876 1825 1688
f 1876 1688 1690
f 1858 1801 1823
f 1858 1823 1877
f 1874 1824 1825
f 1874 1825 1876
f 1641 1572 1522
f 1641 1522 1617
f 1656 1803 1794
f 1656 1794 1657
f 1878 1827 1829
f 1878 1829 1866
f 1741 1740 1830
f 1741 1830 1879
f 1380 1381 1543
f 1543 1381 1432
f 1543 1432 1571
f 1880 1788 1831
f 1880 1831 1881
f 1870 1805 1806
f 1870 1806 1863
f 1303 1301 1366
f 1865 1808 1843
f 1865 1843 1857
f 1882 1835 1798
f 1882 1798 1853
f 1881 1831 1811
f 1881 1811 1883
f 1884 1838 1839
f 1884 1839 1885
f 1877 1823 1840
f 1877 1840 1886
f 1862 1841 1816
f 1862 1816 1887
f 1868 1813 1838
f 1868 1838 1884
f 1366 1301 1302
f 1366 1302 1424
f 1888 1844 1845
f 1888 1845 1889
f 1890 1822 1820
f 1890 1820 1891
f 1886 1840 1842
f 1886 1842 1892
f 1879 1796 1797
f 1879 1797 1861
f 1893 1809 1810
f 1893 1810 1894
f 1867 1791 1795
f 1867 1795 1859
f 1883 1811 1812
f 1883 1812 1895
f 1896 1897 1898
f 1896 1898 1899
f 1872 1846 1832
f 1872 1832 1900
f 1322 1340 1463
f 1889 1845 1821
f 1889 1821 1901
f 1687 1686 1828
f 1687 1828 1902
f 1903 774 1675
f 1903 1675 1677
f 1904 1826 1827
f 1904 1827 1878
f 1857 1843 1803
f 1857 1803 1656
f 1885 1834 1835
f 1885 1835 1882
f 1465 1466 1506
f 1894 1810 1844
f 1894 1844 1888
f 1905 1817 1848
f 1905 1848 1869
f 1860 1804 1849
f 1860 1849 1906
f 1900 1833 1809
f 1900 1809 1893
f 1901 1821 1822
f 1901 1822 1890
f 1680 1679 1788
f 1680 1788 1880
f 1907 1836 1837
f 1907 1837 1871
f 1902 1828 1826
f 1902 1826 1904
f 741 1802 756
f 741 756 390
f 1853 1847 1836
f 1853 1836 1907
f 1891 1820 782
f 1891 782 781
f 1908 1818 1814
f 1908 1814 1873
f 1887 1816 1817
f 1887 1817 1905
f 1391 1406 1505
f 1463 1340 1354
f 1463 1354 1390
f 1906 1849 1851
f 1906 1851 1909
f 1910 1911 1898
f 1910 1898 1897
f 1912 1850 1818
f 1912 1818 1908
f 1852 1850 1912
f 1852 1912 1909
f 1657 1683 1685
f 1657 1685 1658
f 1855 1721 1723
f 1855 1723 1913
f 1766 1800 1855
f 1766 1855 1914
f 1895 1812 1807
f 1895 1807 1864
f 781 774 1903
f 781 1903 210
f 1915 1888 1889
f 1915 1889 1916
f 1917 1868 1884
f 1917 1884 1918
f 1919 1853 1907
f 1919 1907 1920
f 1921 1883 1895
f 1921 1895 1922
f 1775 1542 160
f 1775 160 162
f 1923 1772 1868
f 1923 1868 1917
f 1598 1690 1694
f 1598 1694 1599
f 1924 1677 1680
f 1924 1680 1925
f 1926 1875 1770
f 1926 1770 1927
f 1928 766 1875
f 1928 1875 1926
f 1929 1876 1690
f 1929 1690 1598
f 1631 1858 1877
f 1631 1877 1930
f 1931 1874 1876
f 1931 1876 1929
f 1932 1878 1866
f 1932 1866 1933
f 1934 1741 1879
f 1934 1879 1935
f 1936 1880 1881
f 1936 1881 1937
f 1938 1870 1863
f 1938 1863 1939
f 1925 1680 1880
f 1925 1880 1936
f 1940 1909 1912
f 1940 1912 1941
f 1918 1884 1885
f 1918 1885 1942
f 1930 1877 1886
f 1930 1886 435
f 157 1901 1890
f 157 1890 158
f 1943 1905 1869
f 1943 1869 1944
f 435 1886 1892
f 435 1892 433
f 1935 1879 1861
f 1935 1861 1573
f 1945 1893 1894
f 1945 1894 1946
f 1947 1867 1859
f 1947 1859 1948
f 1946 1894 1888
f 1946 1888 1915
f 1541 1542 1775
f 1541 1775 1659
f 1949 739 766
f 1949 766 1928
f 1950 1685 1687
f 1950 1687 1951
f 1353 1854 1201
f 1353 1201 1200
f 1952 1871 1872
f 1952 1872 1953
f 1916 1889 1901
f 1916 1901 157
f 1951 1687 1902
f 1951 1902 1954
f 1937 1881 1883
f 1937 1883 1921
f 1933 1866 1867
f 1933 1867 1947
f 1150 1152 1352
f 1955 1723 1741
f 1955 1741 1934
f 1352 1152 1116
f 1352 1116 1233
f 1956 1900 1893
f 1956 1893 1945
f 1920 1907 1871
f 1920 1871 1952
f 1954 1904 1878
f 1954 1878 1932
f 1957 1903 1677
f 1957 1677 1924
f 1942 1885 1882
f 1942 1882 1919
f 1509 1528 1609
f 1939 1863 741
f 1939 741 740
f 1573 1861 1862
f 1573 1862 1574
f 1948 1859 1860
f 1948 1860 1958
f 1574 1862 1887
f 1574 1887 1595
f 1953 1872 1900
f 1953 1900 1956
f 1206 1226 1329
f 1959 1908 1873
f 1959 1873 1960
f 1958 1860 1906
f 1958 1906 1940
f 1941 1912 1908
f 1941 1908 1959
f 1927 1770 1772
f 1927 1772 1923
f 1595 1887 1905
f 1595 1905 1943
f 1944 1869 1870
f 1944 1870 1938
f 1329 1226 1113
f 1329 1113 1229
f 1913 1723 1955
f 1913 1955 1961
f 1914 1855 1913
f 1914 1913 440
f 1223 1225 1256
f 1922 1895 1864
f 1922 1864 1856
f 740 739 1949
f 740 1949 1962
f 1256 1225 1114
f 1256 1114 1297
f 1658 1685 1950
f 1658 1950 1963
f 210 1903 1957
f 210 1957 211
f 1599 1694 1858
f 1599 1858 1631
f 1960 1873 1874
f 1960 1874 1931
f 1964 1930 435
f 1964 435 434
f 1341 991 997
f 1341 997 1111
f 1965 1936 1937
f 1965 1937 1966
f 1967 1923 1917
f 1967 1917 1968
f 1000 991 1341
f 1000 1341 1234
f 1969 1927 1923
f 1969 1923 1967
f 1596 1595 1943
f 1596 1943 1970
f 1970 1943 1944
f 1970 1944 1971
f 1966 1937 1921
f 1966 1921 1972
f 1973 1929 1598
f 1973 1598 1600
f 1632 1631 1930
f 1632 1930 1964
f 1974 1951 1954
f 1974 1954 1975
f 1976 1932 1933
f 1976 1933 1977
f 1978 1922 1856
f 1978 1856 1979
f 1977 1933 1947
f 1977 1947 1980
f 1892 1842 1766
f 1892 1766 1914
f 1981 1955 1934
f 1981 1934 1982
f 1983 1925 1936
f 1983 1936 1965
f 1842 1764 1755
f 1842 1755 1766
f 1984 1918 1942
f 1984 1942 1985
f 1986 1935 1573
f 1986 1573 1575
f 1589 1793 791
f 1589 791 793
f 1793 1851 1849
f 1793 1849 791
f 1987 1291 1988
f 1987 1988 1989
f 1980 1947 1948
f 1980 1948 1990
f 1990 1948 1958
f 1990 1958 1991
f 1992 1945 1946
f 1992 1946 1993
f 1993 1946 1915
f 1993 1915 1247
f 1994 1950 1951
f 1994 1951 1974
f 1995 1655 1658
f 1995 1658 1963
f 1996 1952 1953
f 1996 1953 1997
f 1245 1916 157
f 1245 157 159
f 1968 1917 1918
f 1968 1918 1984
f 677 678 812
f 1979 1856 1655
f 1979 1655 1995
f 812 678 582
f 812 582 710
f 1991 1940 1941
f 1991 1941 1998
f 1999 1920 1952
f 1999 1952 1996
f 654 655 790
f 1985 1919 1920
f 1985 1920 1999
f 2000 1931 1929
f 2000 1929 1973
f 1622 1623 1698
f 1975 1954 1932
f 1975 1932 1976
f 790 655 578
f 790 578 705
f 637 638 773
f 1982 1934 1935
f 1982 1935 1986
f 1997 1953 1956
f 1997 1956 2001
f 2002 1928 1926
f 2002 1926 2003
f 2001 1956 1945
f 2001 1945 1992
f 1998 1941 1959
f 1998 1959 2004
f 773 638 580
f 773 580 709
f 2003 1926 1927
f 2003 1927 1969
f 2005 1924 1925
f 2005 1925 1983
f 1972 1921 1922
f 1972 1922 1978
f 2004 1959 1960
f 2004 1960 2000
f 615 616 751
f 751 616 577
f 751 577 704
f 2006 1949 1928
f 2006 1928 2002
f 1585 1586 1752
f 1636 1608 1750
f 1963 1950 1994
f 1963 1994 2007
f 597 598 721
f 440 1913 1961
f 440 1961 441
f 721 598 583
f 721 583 707
f 1247 1915 1916
f 1247 1916 1245
f 1961 1955 1981
f 1961 1981 2008
f 1962 1949 2006
f 1962 2006 2009
f 2010 1975 1976
f 2010 1976 2011
f 2012 1967 1968
f 2012 1968 2013
f 2014 1986 1575
f 2014 1575 2015
f 2016 1999 1996
f 2016 1996 2017
f 433 1892 1914
f 433 1914 440
f 2018 1596 1970
f 2018 1970 2019
f 2019 1970 1971
f 2019 1971 2020
f 1548 2004 2000
f 1548 2000 1549
f 1549 1973 1600
f 1549 1600 1563
f 2021 1632 1964
f 2021 1964 2022
f 2023 1974 1975
f 2023 1975 2010
f 416 534 272
f 2024 1977 1980
f 2024 1980 2025
f 2015 1575 1596
f 2015 1596 2018
f 2026 1997 2001
f 2026 2001 2027
f 272 534 415
f 272 415 271
f 2028 2003 1969
f 2028 1969 2029
f 2030 1992 1993
f 2030 1993 265
f 265 1993 1247
f 265 1247 291
f 165 1994 1974
f 165 1974 2023
f 2031 1995 1963
f 2031 1963 2007
f 2017 1996 1997
f 2017 1997 2026
f 2013 1968 1984
f 2013 1984 2032
f 2033 1979 1995
f 2033 1995 2031
f 1778 1748 1831
f 1469 2005 1983
f 1469 1983 2034
f 288 289 432
f 432 289 290
f 432 290 442
f 2035 1965 1966
f 2035 1966 2036
f 1760 1753 1813
f 2034 1983 1965
f 2034 1965 2035
f 1563 1600 1632
f 1563 1632 2021
f 2037 2006 2002
f 2037 2002 2038
f 2036 1966 1972
f 2036 1972 2039
f 2039 1972 1978
f 2039 1978 2033
f 2040 1982 1986
f 2040 1986 2014
f 2032 1985 1999
f 2032 1999 2016
f 1787 1682 1765
f 1715 1757 1810
f 2038 2002 2003
f 2038 2003 2028
f 2027 2001 1992
f 2027 1992 2030
f 241 526 387
f 241 387 240
f 191 484 340
f 191 340 190
f 2041 1981 1982
f 2041 1982 2040
f 2011 1976 1977
f 2011 1977 2024
f 442 290 139
f 139 290 138
f 139 138 2
f 1292 1291 1987
f 1292 1987 2042
f 2043 2020 1971
f 2043 1971 2009
f 441 1961 2008
f 441 2008 2044
f 2007 1994 165
f 2007 165 164
f 411 115 116
f 411 116 268
f 2029 1969 1967
f 2029 1967 2012
f 1201 1102 984
f 1201 984 1112
f 2009 2006 2037
f 2009 2037 2043
f 2008 1981 2041
f 2008 2041 2045
f 2046 2013 2032
f 2046 2032 2047
f 2048 2038 2028
f 2048 2028 2049
f 363 68 69
f 363 69 216
f 2050 2030 265
f 2050 265 267
f 1358 2019 2020
f 1358 2020 1437
f 722 1102 1201
f 722 1201 1854
f 1357 2018 2019
f 1357 2019 1358
f 316 21 22
f 316 22 166
f 441 2044 2022
f 2051 2015 2018
f 2051 2018 1357
f 2049 2028 2029
f 2049 2029 2046
f 1964 434 441
f 1964 441 2022
f 1315 2041 2040
f 1315 2040 1316
f 1815 1824 1874
f 2047 2016 2017
f 2047 2017 2052
f 1324 2014 2015
f 1324 2015 2051
f 163 165 2023
f 163 2023 1910
f 2052 2017 2026
f 2052 2026 2053
f 2053 2026 2027
f 2053 2027 2054
f 2055 2034 2035
f 2055 2035 2056
f 2057 2033 2031
f 2057 2031 215
f 1910 2023 2010
f 1910 2010 1911
f 1898 2011 2024
f 1898 2024 1899
f 1839 1834 1885
f 1832 1833 1900
f 1890 1891 210
f 1890 210 158
f 2058 2036 2039
f 2058 2039 2057
f 2059 2060 2061
f 2059 2061 2062
f 2054 2027 2030
f 2054 2030 2050
f 1896 2060 2059
f 1896 2059 2063
f 1830 1796 1879
f 1899 2025 2064
f 1899 2064 2065
f 1448 1563 2021
f 1448 2021 1450
f 1470 1469 2034
f 1470 2034 2055
f 2056 2035 2036
f 2056 2036 2058
f 214 2058 2057
f 214 2057 215
f 2056 2058 214
f 2056 214 2066
f 1437 2037 2038
f 1437 2038 2048
f 1450 2021 2022
f 1450 2022 2044
f 2067 2049 2046
f 2067 2046 2047
f 2048 2049 2067
f 2048 2067 2068
f 2043 2037 1437
f 2043 1437 2020
f 1507 1297 1230
f 1507 1230 1360
f 1256 1297 1507
f 1256 1507 1466
f 2045 2041 1315
f 2045 1315 2069
f 2070 2071 2072
f 2070 2072 1989
f 215 2031 2007
f 215 2007 164
f 1316 2040 2014
f 1316 2014 1324
f 2044 2008 2045
f 2044 2045 1451
f 1989 2072 2073
f 1989 2073 1987
f 1911 2010 2011
f 1911 2011 1898
f 2074 1548 1447
f 2074 1447 2061
f 1891 781 210
f 2046 2029 2012
f 2046 2012 2013
f 2075 2050 267
f 2075 267 2076
f 2077 2054 2050
f 2077 2050 2075
f 2078 2051 1357
f 2078 1357 1359
f 1896 1899 2065
f 1896 2065 2060
f 1851 1799 1852
f 1851 1852 1909
f 2060 2065 2074
f 2060 2074 2061
f 1325 1324 2051
f 1325 2051 2078
f 1882 1853 1919
f 1438 1437 2048
f 1438 2048 2068
f 2079 163 1910
f 2079 1910 1897
f 2047 2052 2080
f 2047 2080 2067
f 2052 2053 2077
f 2052 2077 2080
f 2081 2055 2056
f 2081 2056 2066
f 1548 2074 1998
f 1548 1998 2004
f 2074 2065 2064
f 2074 2064 1998
f 1906 1909 1940
f 211 1957 1469
f 211 1469 1246
f 2076 267 266
f 2076 266 2082
f 1957 1924 2005
f 1957 2005 1469
f 1944 1938 2009
f 1944 2009 1971
f 1938 1939 1962
f 1938 1962 2009
f 1902 1904 1954
f 1708 1707 1508
f 1708 1508 1626
f 1449 1451 2045
f 1449 2045 2069
f 2069 1315 1317
f 2069 1317 2062
f 1707 1547 1506
f 1707 1506 1508
f 2083 1438 2068
f 2083 2068 2084
f 2080 2077 2075
f 2080 2075 2085
f 1939 740 1962
f 1282 2078 1359
f 1282 1359 2083
f 2084 2068 2067
f 2084 2067 2080
f 1987 2079 1897
f 1987 1897 2042
f 2086 2082 2081
f 2086 2081 2087
f 2062 2061 1447
f 2062 1447 1449
f 2088 2076 2082
f 2088 2082 2086
f 2042 1897 1896
f 2042 1896 2063
f 1284 1325 2078
f 1284 2078 1282
f 2059 1317 1325
f 2059 1325 1284
f 2066 2079 2087
f 2066 2087 2081
f 2071 2075 2076
f 2071 2076 2088
f 1942 1919 1985
f 1958 1940 1991
f 1960 1931 2000
f 163 2079 2066
f 163 2066 214
f 292 2081 2082
f 292 2082 266
f 2087 2079 1987
f 2087 1987 2073
f 2055 2081 292
f 2055 292 1470
f 1990 2064 2025
f 1990 2025 1980
f 1283 1282 2083
f 1283 2083 2084
f 1988 2084 2080
f 1988 2080 2085
f 1292 2063 2059
f 1292 2059 1284
f 1998 2064 1990
f 1998 1990 1991
f 2073 2088 2086
f 2073 2086 2087
f 1776 1628 1696
f 1776 1696 1803
f 2072 2071 2088
f 2072 2088 2073
f 2000 1973 1549
f 1978 1979 2033
f 1984 1985 2032
f 2070 2085 2075
f 2070 2075 2071
f 1989 1988 2085
f 1989 2085 2070
f 162 1628 1776
f 162 1776 1775
f 1428 212 160
f 1428 160 1542
f 1291 1283 2084
f 1291 2084 1988
f 2039 2033 2057
f 2032 2016 2047
f 2024 2025 1899
f 2053 2054 2077
f 1450 2044 1451
f 1359 1438 2083
f 1449 2069 2062
f 2062 1317 2059
f 2042 2063 1292
# </faces>
