# Wavefront OBJ file written 2026-03-23T20:24:20
o cellFull_m_normal_0

# points : 9156
# faces  : 18172
# zones  : 1
#   0  Mesh_2  (nFaces: 18172)

# <points count="9156">
v 0.11 0 0.015
v 0.11 0 0.01
v 0.109886 -0.00500661 0.01
v 0.109886 -0.00500661 0.015
v 0.109544 -0.0100028 0.01
v 0.109544 -0.0100028 0.015
v 0.108976 -0.0149783 0.01
v 0.108976 -0.0149783 0.015
v 0.108181 -0.0199228 0.01
v 0.108181 -0.0199228 0.015
v 0.107162 -0.0248259 0.01
v 0.107162 -0.0248259 0.015
v 0.105921 -0.0296776 0.01
v 0.105921 -0.0296776 0.015
v 0.10446 -0.0344678 0.01
v 0.10446 -0.0344678 0.015
v 0.102783 -0.0391866 0.01
v 0.102783 -0.0391866 0.015
v 0.100893 -0.0438241 0.01
v 0.100893 -0.0438241 0.015
v 0.0987941 -0.0483708 0.01
v 0.0987941 -0.0483708 0.015
v 0.0964901 -0.0528173 0.01
v 0.0964901 -0.0528173 0.015
v 0.0939861 -0.0571542 0.01
v 0.0939861 -0.0571542 0.015
v 0.0912874 -0.0613727 0.01
v 0.0912874 -0.0613727 0.015
v 0.0883994 -0.0654641 0.01
v 0.0883994 -0.0654641 0.015
v 0.0853282 -0.0694197 0.01
v 0.0853282 -0.0694197 0.015
v 0.0820802 -0.0732314 0.01
v 0.0820802 -0.0732314 0.015
v 0.078662 -0.0768914 0.01
v 0.078662 -0.0768914 0.015
v 0.0750808 -0.080392 0.01
v 0.0750808 -0.080392 0.015
v 0.071344 -0.0837259 0.01
v 0.071344 -0.0837259 0.015
v 0.0674593 -0.0868864 0.01
v 0.0674593 -0.0868864 0.015
v 0.0634348 -0.0898667 0.01
v 0.0634348 -0.0898667 0.015
v 0.0592789 -0.0926608 0.01
v 0.0592789 -0.0926608 0.015
v 0.055 -0.0952628 0.01
v 0.055 -0.0952628 0.015
v 0.0506072 -0.0976674 0.01
v 0.0506072 -0.0976674 0.015
v 0.0461094 -0.0998695 0.01
v 0.0461094 -0.0998695 0.015
v 0.0415161 -0.101865 0.01
v 0.0415161 -0.101865 0.015
v 0.0368368 -0.103649 0.01
v 0.0368368 -0.103649 0.015
v 0.0320811 -0.105218 0.01
v 0.0320811 -0.105218 0.015
v 0.0272589 -0.106569 0.01
v 0.0272589 -0.106569 0.015
v 0.0223802 -0.107699 0.01
v 0.0223802 -0.107699 0.015
v 0.0174551 -0.108606 0.01
v 0.0174551 -0.108606 0.015
v 0.0124938 -0.109288 0.01
v 0.0124938 -0.109288 0.015
v 0.00750667 -0.109744 0.01
v 0.00750667 -0.109744 0.015
v 0.00250395 -0.109971 0.01
v 0.00250395 -0.109971 0.015
v -0.00250395 -0.109971 0.01
v -0.00250395 -0.109971 0.015
v -0.00750667 -0.109744 0.01
v -0.00750667 -0.109744 0.015
v -0.0124938 -0.109288 0.01
v -0.0124938 -0.109288 0.015
v -0.0174551 -0.108606 0.01
v -0.0174551 -0.108606 0.015
v -0.0223802 -0.107699 0.01
v -0.0223802 -0.107699 0.015
v -0.0272589 -0.106569 0.01
v -0.0272589 -0.106569 0.015
v -0.0320811 -0.105218 0.01
v -0.0320811 -0.105218 0.015
v -0.0368368 -0.103649 0.01
v -0.0368368 -0.103649 0.015
v -0.0415161 -0.101865 0.01
v -0.0415161 -0.101865 0.015
v -0.0461094 -0.0998695 0.01
v -0.0461094 -0.0998695 0.015
v -0.0506072 -0.0976674 0.01
v -0.0506072 -0.0976674 0.015
v -0.055 -0.0952628 0.01
v -0.055 -0.0952628 0.015
v -0.0592789 -0.0926608 0.01
v -0.0592789 -0.0926608 0.015
v -0.0634348 -0.0898667 0.01
v -0.0634348 -0.0898667 0.015
v -0.0674593 -0.0868864 0.01
v -0.0674593 -0.0868864 0.015
v -0.071344 -0.0837259 0.01
v -0.071344 -0.0837259 0.015
v -0.0750808 -0.080392 0.01
v -0.0750808 -0.080392 0.015
v -0.078662 -0.0768914 0.01
v -0.078662 -0.0768914 0.015
v -0.0820802 -0.0732314 0.01
v -0.0820802 -0.0732314 0.015
v -0.0853282 -0.0694197 0.01
v -0.0853282 -0.0694197 0.015
v -0.0883994 -0.0654641 0.01
v -0.0883994 -0.0654641 0.015
v -0.0912874 -0.0613727 0.01
v -0.0912874 -0.0613727 0.015
v -0.0939861 -0.0571542 0.01
v -0.0939861 -0.0571542 0.015
v -0.0964901 -0.0528173 0.01
v -0.0964901 -0.0528173 0.015
v -0.0987941 -0.0483708 0.01
v -0.0987941 -0.0483708 0.015
v -0.100893 -0.0438241 0.01
v -0.100893 -0.0438241 0.015
v -0.102783 -0.0391866 0.01
v -0.102783 -0.0391866 0.015
v -0.10446 -0.0344678 0.01
v -0.10446 -0.0344678 0.015
v -0.105921 -0.0296776 0.01
v -0.105921 -0.0296776 0.015
v -0.107162 -0.0248259 0.01
v -0.107162 -0.0248259 0.015
v -0.108181 -0.0199228 0.01
v -0.108181 -0.0199228 0.015
v -0.108976 -0.0149783 0.01
v -0.108976 -0.0149783 0.015
v -0.109544 -0.0100028 0.01
v -0.109544 -0.0100028 0.015
v -0.109886 -0.00500661 0.01
v -0.109886 -0.00500661 0.015
v -0.11 2.79628e-16 0.01
v -0.11 1.81928e-16 0.015
v -0.109886 0.00500661 0.01
v -0.109886 0.00500661 0.015
v -0.109544 0.0100028 0.01
v -0.109544 0.0100028 0.015
v -0.108976 0.0149783 0.01
v -0.108976 0.0149783 0.015
v -0.108181 0.0199228 0.01
v -0.108181 0.0199228 0.015
v -0.107162 0.0248259 0.01
v -0.107162 0.0248259 0.015
v -0.105921 0.0296776 0.01
v -0.105921 0.0296776 0.015
v -0.10446 0.0344678 0.01
v -0.10446 0.0344678 0.015
v -0.102783 0.0391866 0.01
v -0.102783 0.0391866 0.015
v -0.100893 0.0438241 0.01
v -0.100893 0.0438241 0.015
v -0.0987941 0.0483708 0.01
v -0.0987941 0.0483708 0.015
v -0.0964901 0.0528173 0.01
v -0.0964901 0.0528173 0.015
v -0.0939861 0.0571542 0.01
v -0.0939861 0.0571542 0.015
v -0.0912874 0.0613727 0.01
v -0.0912874 0.0613727 0.015
v -0.0883994 0.0654641 0.01
v -0.0883994 0.0654641 0.015
v -0.0853282 0.0694197 0.01
v -0.0853282 0.0694197 0.015
v -0.0820802 0.0732314 0.01
v -0.0820802 0.0732314 0.015
v -0.078662 0.0768914 0.01
v -0.078662 0.0768914 0.015
v -0.0750808 0.080392 0.01
v -0.0750808 0.080392 0.015
v -0.071344 0.0837259 0.01
v -0.071344 0.0837259 0.015
v -0.0674593 0.0868864 0.01
v -0.0674593 0.0868864 0.015
v -0.0634348 0.0898667 0.01
v -0.0634348 0.0898667 0.015
v -0.0592789 0.0926608 0.01
v -0.0592789 0.0926608 0.015
v -0.055 0.0952628 0.01
v -0.055 0.0952628 0.015
v -0.0506072 0.0976674 0.01
v -0.0506072 0.0976674 0.015
v -0.0461094 0.0998695 0.01
v -0.0461094 0.0998695 0.015
v -0.0415161 0.101865 0.01
v -0.0415161 0.101865 0.015
v -0.0368368 0.103649 0.01
v -0.0368368 0.103649 0.015
v -0.0320811 0.105218 0.01
v -0.0320811 0.105218 0.015
v -0.0272589 0.106569 0.01
v -0.0272589 0.106569 0.015
v -0.0223802 0.107699 0.01
v -0.0223802 0.107699 0.015
v -0.0174551 0.108606 0.01
v -0.0174551 0.108606 0.015
v -0.0124938 0.109288 0.01
v -0.0124938 0.109288 0.015
v -0.00750667 0.109744 0.01
v -0.00750667 0.109744 0.015
v -0.00250395 0.109971 0.01
v -0.00250395 0.109971 0.015
v 0.00250395 0.109971 0.01
v 0.00250395 0.109971 0.015
v 0.00750667 0.109744 0.01
v 0.00750667 0.109744 0.015
v 0.0124938 0.109288 0.01
v 0.0124938 0.109288 0.015
v 0.0174551 0.108606 0.01
v 0.0174551 0.108606 0.015
v 0.0223802 0.107699 0.01
v 0.0223802 0.107699 0.015
v 0.0272589 0.106569 0.01
v 0.0272589 0.106569 0.015
v 0.0320811 0.105218 0.01
v 0.0320811 0.105218 0.015
v 0.0368368 0.103649 0.01
v 0.0368368 0.103649 0.015
v 0.0415161 0.101865 0.01
v 0.0415161 0.101865 0.015
v 0.0461094 0.0998695 0.01
v 0.0461094 0.0998695 0.015
v 0.0506072 0.0976674 0.01
v 0.0506072 0.0976674 0.015
v 0.055 0.0952628 0.01
v 0.055 0.0952628 0.015
v 0.0592789 0.0926608 0.01
v 0.0592789 0.0926608 0.015
v 0.0634348 0.0898667 0.01
v 0.0634348 0.0898667 0.015
v 0.0674593 0.0868864 0.01
v 0.0674593 0.0868864 0.015
v 0.071344 0.0837259 0.01
v 0.071344 0.0837259 0.015
v 0.0750808 0.080392 0.01
v 0.0750808 0.080392 0.015
v 0.078662 0.0768914 0.01
v 0.078662 0.0768914 0.015
v 0.0820802 0.0732314 0.01
v 0.0820802 0.0732314 0.015
v 0.0853282 0.0694197 0.01
v 0.0853282 0.0694197 0.015
v 0.0883994 0.0654641 0.01
v 0.0883994 0.0654641 0.015
v 0.0912874 0.0613727 0.01
v 0.0912874 0.0613727 0.015
v 0.0939861 0.0571542 0.01
v 0.0939861 0.0571542 0.015
v 0.0964901 0.0528173 0.01
v 0.0964901 0.0528173 0.015
v 0.0987941 0.0483708 0.01
v 0.0987941 0.0483708 0.015
v 0.100893 0.0438241 0.01
v 0.100893 0.0438241 0.015
v 0.102783 0.0391866 0.01
v 0.102783 0.0391866 0.015
v 0.10446 0.0344678 0.01
v 0.10446 0.0344678 0.015
v 0.105921 0.0296776 0.01
v 0.105921 0.0296775 0.015
v 0.107162 0.0248259 0.01
v 0.107162 0.0248256 0.015
v 0.108181 0.0199228 0.01
v 0.108181 0.0199223 0.015
v 0.108976 0.0149783 0.01
v 0.108976 0.0149777 0.015
v 0.109544 0.0100028 0.01
v 0.109544 0.0100023 0.015
v 0.109886 0.00500661 0.01
v 0.109886 0.00500632 0.015
v 0.109886 -0.00500661 0.245
v 0.109886 -0.00500661 0.25
v 0.11 0 0.25
v 0.11 0 0.245
v 0.109544 -0.0100028 0.245
v 0.109544 -0.0100028 0.25
v 0.108976 -0.0149783 0.245
v 0.108976 -0.0149783 0.25
v 0.108181 -0.0199228 0.245
v 0.108181 -0.0199228 0.25
v 0.107162 -0.0248259 0.245
v 0.107162 -0.0248259 0.25
v 0.105921 -0.0296776 0.245
v 0.105921 -0.0296776 0.25
v 0.10446 -0.0344678 0.245
v 0.10446 -0.0344678 0.25
v 0.102783 -0.0391866 0.245
v 0.102783 -0.0391866 0.25
v 0.100893 -0.0438241 0.245
v 0.100893 -0.0438241 0.25
v 0.0987941 -0.0483708 0.245
v 0.0987941 -0.0483708 0.25
v 0.0964901 -0.0528173 0.245
v 0.0964901 -0.0528173 0.25
v 0.0939861 -0.0571542 0.245
v 0.0939861 -0.0571542 0.25
v 0.0912874 -0.0613727 0.245
v 0.0912874 -0.0613727 0.25
v 0.0883994 -0.0654641 0.245
v 0.0883994 -0.0654641 0.25
v 0.0853282 -0.0694197 0.245
v 0.0853282 -0.0694197 0.25
v 0.0820802 -0.0732314 0.245
v 0.0820802 -0.0732314 0.25
v 0.078662 -0.0768914 0.245
v 0.078662 -0.0768914 0.25
v 0.0750808 -0.080392 0.245
v 0.0750808 -0.080392 0.25
v 0.071344 -0.0837259 0.245
v 0.071344 -0.0837259 0.25
v 0.0674593 -0.0868864 0.245
v 0.0674593 -0.0868864 0.25
v 0.0634348 -0.0898667 0.245
v 0.0634348 -0.0898667 0.25
v 0.0592789 -0.0926608 0.245
v 0.0592789 -0.0926608 0.25
v 0.055 -0.0952628 0.245
v 0.055 -0.0952628 0.25
v 0.0506072 -0.0976674 0.245
v 0.0506072 -0.0976674 0.25
v 0.0461094 -0.0998695 0.245
v 0.0461094 -0.0998695 0.25
v 0.0415161 -0.101865 0.245
v 0.0415161 -0.101865 0.25
v 0.0368368 -0.103649 0.245
v 0.0368368 -0.103649 0.25
v 0.0320811 -0.105218 0.245
v 0.0320811 -0.105218 0.25
v 0.0272589 -0.106569 0.245
v 0.0272589 -0.106569 0.25
v 0.0223802 -0.107699 0.245
v 0.0223802 -0.107699 0.25
v 0.0174551 -0.108606 0.245
v 0.0174551 -0.108606 0.25
v 0.0124938 -0.109288 0.245
v 0.0124938 -0.109288 0.25
v 0.00750667 -0.109744 0.245
v 0.00750667 -0.109744 0.25
v 0.00250395 -0.109971 0.245
v 0.00250395 -0.109971 0.25
v -0.00250395 -0.109971 0.245
v -0.00250395 -0.109971 0.25
v -0.00750667 -0.109744 0.245
v -0.00750667 -0.109744 0.25
v -0.0124938 -0.109288 0.245
v -0.0124938 -0.109288 0.25
v -0.0174551 -0.108606 0.245
v -0.0174551 -0.108606 0.25
v -0.0223802 -0.107699 0.245
v -0.0223802 -0.107699 0.25
v -0.0272589 -0.106569 0.245
v -0.0272589 -0.106569 0.25
v -0.0320811 -0.105218 0.245
v -0.0320811 -0.105218 0.25
v -0.0368368 -0.103649 0.245
v -0.0368368 -0.103649 0.25
v -0.0415161 -0.101865 0.245
v -0.0415161 -0.101865 0.25
v -0.0461094 -0.0998695 0.245
v -0.0461094 -0.0998695 0.25
v -0.0506072 -0.0976674 0.245
v -0.0506072 -0.0976674 0.25
v -0.055 -0.0952628 0.245
v -0.055 -0.0952628 0.25
v -0.0592789 -0.0926608 0.245
v -0.0592789 -0.0926608 0.25
v -0.0634348 -0.0898667 0.245
v -0.0634348 -0.0898667 0.25
v -0.0674593 -0.0868864 0.245
v -0.0674593 -0.0868864 0.25
v -0.071344 -0.0837259 0.245
v -0.071344 -0.0837259 0.25
v -0.0750808 -0.080392 0.245
v -0.0750808 -0.080392 0.25
v -0.078662 -0.0768914 0.245
v -0.078662 -0.0768914 0.25
v -0.0820802 -0.0732314 0.245
v -0.0820802 -0.0732314 0.25
v -0.0853282 -0.0694197 0.245
v -0.0853282 -0.0694197 0.25
v -0.0883994 -0.0654641 0.245
v -0.0883994 -0.0654641 0.25
v -0.0912874 -0.0613727 0.245
v -0.0912874 -0.0613727 0.25
v -0.0939861 -0.0571542 0.245
v -0.0939861 -0.0571542 0.25
v -0.0964901 -0.0528173 0.245
v -0.0964901 -0.0528173 0.25
v -0.0987941 -0.0483708 0.245
v -0.0987941 -0.0483708 0.25
v -0.100893 -0.0438241 0.245
v -0.100893 -0.0438241 0.25
v -0.102783 -0.0391866 0.245
v -0.102783 -0.0391866 0.25
v -0.10446 -0.0344678 0.245
v -0.10446 -0.0344678 0.25
v -0.105921 -0.0296776 0.245
v -0.105921 -0.0296776 0.25
v -0.107162 -0.0248259 0.245
v -0.107162 -0.0248259 0.25
v -0.108181 -0.0199228 0.245
v -0.108181 -0.0199228 0.25
v -0.108976 -0.0149783 0.245
v -0.108976 -0.0149783 0.25
v -0.109544 -0.0100028 0.245
v -0.109544 -0.0100028 0.25
v -0.109886 -0.00500661 0.245
v -0.109886 -0.00500661 0.25
v -0.11 1.81928e-16 0.245
v -0.11 2.79628e-16 0.25
v -0.109886 0.00500661 0.245
v -0.109886 0.00500661 0.25
v -0.109544 0.0100028 0.245
v -0.109544 0.0100028 0.25
v -0.108976 0.0149783 0.245
v -0.108976 0.0149783 0.25
v -0.108181 0.0199228 0.245
v -0.108181 0.0199228 0.25
v -0.107162 0.0248259 0.245
v -0.107162 0.0248259 0.25
v -0.105921 0.0296776 0.245
v -0.105921 0.0296776 0.25
v -0.10446 0.0344678 0.245
v -0.10446 0.0344678 0.25
v -0.102783 0.0391866 0.245
v -0.102783 0.0391866 0.25
v -0.100893 0.0438241 0.245
v -0.100893 0.0438241 0.25
v -0.0987941 0.0483708 0.245
v -0.0987941 0.0483708 0.25
v -0.0964901 0.0528173 0.245
v -0.0964901 0.0528173 0.25
v -0.0939861 0.0571542 0.245
v -0.0939861 0.0571542 0.25
v -0.0912874 0.0613727 0.245
v -0.0912874 0.0613727 0.25
v -0.0883994 0.0654641 0.245
v -0.0883994 0.0654641 0.25
v -0.0853282 0.0694197 0.245
v -0.0853282 0.0694197 0.25
v -0.0820802 0.0732314 0.245
v -0.0820802 0.0732314 0.25
v -0.078662 0.0768914 0.245
v -0.078662 0.0768914 0.25
v -0.0750808 0.080392 0.245
v -0.0750808 0.080392 0.25
v -0.071344 0.0837259 0.245
v -0.071344 0.0837259 0.25
v -0.0674593 0.0868864 0.245
v -0.0674593 0.0868864 0.25
v -0.0634348 0.0898667 0.245
v -0.0634348 0.0898667 0.25
v -0.0592789 0.0926608 0.245
v -0.0592789 0.0926608 0.25
v -0.055 0.0952628 0.245
v -0.055 0.0952628 0.25
v -0.0506072 0.0976674 0.245
v -0.0506072 0.0976674 0.25
v -0.0461094 0.0998695 0.245
v -0.0461094 0.0998695 0.25
v -0.0415161 0.101865 0.245
v -0.0415161 0.101865 0.25
v -0.0368368 0.103649 0.245
v -0.0368368 0.103649 0.25
v -0.0320811 0.105218 0.245
v -0.0320811 0.105218 0.25
v -0.0272589 0.106569 0.245
v -0.0272589 0.106569 0.25
v -0.0223802 0.107699 0.245
v -0.0223802 0.107699 0.25
v -0.0174551 0.108606 0.245
v -0.0174551 0.108606 0.25
v -0.0124938 0.109288 0.245
v -0.0124938 0.109288 0.25
v -0.00750667 0.109744 0.245
v -0.00750667 0.109744 0.25
v -0.00250395 0.109971 0.245
v -0.00250395 0.109971 0.25
v 0.00250395 0.109971 0.245
v 0.00250395 0.109971 0.25
v 0.00750667 0.109744 0.245
v 0.00750667 0.109744 0.25
v 0.0124938 0.109288 0.245
v 0.0124938 0.109288 0.25
v 0.0174551 0.108606 0.245
v 0.0174551 0.108606 0.25
v 0.0223802 0.107699 0.245
v 0.0223802 0.107699 0.25
v 0.0272589 0.106569 0.245
v 0.0272589 0.106569 0.25
v 0.0320811 0.105218 0.245
v 0.0320811 0.105218 0.25
v 0.0368368 0.103649 0.245
v 0.0368368 0.103649 0.25
v 0.0415161 0.101865 0.245
v 0.0415161 0.101865 0.25
v 0.0461094 0.0998695 0.245
v 0.0461094 0.0998695 0.25
v 0.0506072 0.0976674 0.245
v 0.0506072 0.0976674 0.25
v 0.055 0.0952628 0.245
v 0.055 0.0952628 0.25
v 0.0592789 0.0926608 0.245
v 0.0592789 0.0926608 0.25
v 0.0634348 0.0898667 0.245
v 0.0634348 0.0898667 0.25
v 0.0674593 0.0868864 0.245
v 0.0674593 0.0868864 0.25
v 0.071344 0.0837259 0.245
v 0.071344 0.0837259 0.25
v 0.0750808 0.080392 0.245
v 0.0750808 0.080392 0.25
v 0.078662 0.0768914 0.245
v 0.078662 0.0768914 0.25
v 0.0820802 0.0732314 0.245
v 0.0820802 0.0732314 0.25
v 0.0853282 0.0694197 0.245
v 0.0853282 0.0694197 0.25
v 0.0883994 0.0654641 0.245
v 0.0883994 0.0654641 0.25
v 0.0912874 0.0613727 0.245
v 0.0912874 0.0613727 0.25
v 0.0939861 0.0571542 0.245
v 0.0939861 0.0571542 0.25
v 0.0964901 0.0528173 0.245
v 0.0964901 0.0528173 0.25
v 0.0987941 0.0483708 0.245
v 0.0987941 0.0483708 0.25
v 0.100893 0.0438241 0.245
v 0.100893 0.0438241 0.25
v 0.102783 0.0391866 0.245
v 0.102783 0.0391866 0.25
v 0.10446 0.0344678 0.245
v 0.10446 0.0344678 0.25
v 0.105921 0.0296774 0.245
v 0.105921 0.0296776 0.25
v 0.107162 0.0248254 0.245
v 0.107162 0.0248259 0.25
v 0.108181 0.0199219 0.245
v 0.108181 0.0199228 0.25
v 0.108976 0.0149774 0.245
v 0.108976 0.0149783 0.25
v 0.109544 0.010002 0.245
v 0.109544 0.0100028 0.25
v 0.109886 0.00500614 0.245
v 0.109886 0.00500661 0.25
v 0.109886 -0.00500661 0.02
v 0.11 0 0.02
v 0.109886 -0.00500661 0.025
v 0.11 0 0.025
v 0.109886 -0.00500661 0.03
v 0.11 0 0.03
v 0.109886 -0.00500661 0.035
v 0.11 0 0.035
v 0.109886 -0.00500661 0.04
v 0.11 0 0.04
v 0.109886 -0.00500661 0.045
v 0.11 0 0.045
v 0.109886 -0.00500661 0.05
v 0.11 0 0.05
v 0.109886 -0.00500661 0.055
v 0.11 0 0.055
v 0.109886 -0.00500661 0.06
v 0.11 0 0.06
v 0.109886 -0.00500661 0.065
v 0.11 0 0.065
v 0.109886 -0.00500661 0.07
v 0.11 0 0.07
v 0.109886 -0.00500661 0.075
v 0.11 0 0.075
v 0.109886 -0.00500661 0.08
v 0.11 0 0.08
v 0.109886 -0.00500661 0.085
v 0.11 0 0.085
v 0.109886 -0.00500661 0.09
v 0.11 0 0.09
v 0.109886 -0.00500661 0.095
v 0.11 0 0.095
v 0.109886 -0.00500661 0.1
v 0.11 0 0.1
v 0.109886 -0.00500661 0.105
v 0.11 0 0.105
v 0.109886 -0.00500661 0.11
v 0.11 0 0.11
v 0.109886 -0.00500661 0.115
v 0.11 0 0.115
v 0.109886 -0.00500661 0.12
v 0.11 0 0.12
v 0.109886 -0.00500661 0.125
v 0.11 0 0.125
v 0.109886 -0.00500661 0.13
v 0.11 0 0.13
v 0.109886 -0.00500661 0.135
v 0.11 0 0.135
v 0.109886 -0.00500661 0.14
v 0.11 0 0.14
v 0.109886 -0.00500661 0.145
v 0.11 0 0.145
v 0.109886 -0.00500661 0.15
v 0.11 0 0.15
v 0.109886 -0.00500661 0.155
v 0.11 0 0.155
v 0.109886 -0.00500661 0.16
v 0.11 0 0.16
v 0.109886 -0.00500661 0.165
v 0.11 0 0.165
v 0.109886 -0.00500661 0.17
v 0.11 0 0.17
v 0.109886 -0.00500661 0.175
v 0.11 0 0.175
v 0.109886 -0.00500661 0.18
v 0.11 0 0.18
v 0.109886 -0.00500661 0.185
v 0.11 0 0.185
v 0.109886 -0.00500661 0.19
v 0.11 0 0.19
v 0.109886 -0.00500661 0.195
v 0.11 0 0.195
v 0.109886 -0.00500661 0.2
v 0.11 0 0.2
v 0.109886 -0.00500661 0.205
v 0.11 0 0.205
v 0.109886 -0.00500661 0.21
v 0.11 0 0.21
v 0.109886 -0.00500661 0.215
v 0.11 0 0.215
v 0.109886 -0.00500661 0.22
v 0.11 0 0.22
v 0.109886 -0.00500661 0.225
v 0.11 0 0.225
v 0.109886 -0.00500661 0.23
v 0.11 0 0.23
v 0.109886 -0.00500661 0.235
v 0.11 0 0.235
v 0.109886 -0.00500661 0.24
v 0.11 0 0.24
v 0.109886 0.00500593 0.02
v 0.109886 0.00500535 0.025
v 0.109886 0.00500456 0.03
v 0.109886 0.00500362 0.035
v 0.109886 0.00500269 0.04
v 0.109886 0.00500192 0.045
v 0.109886 0.00500142 0.05
v 0.109886 0.00500115 0.055
v 0.109886 0.00500102 0.06
v 0.109886 0.00500096 0.065
v 0.109886 0.00500094 0.07
v 0.109886 0.00500093 0.075
v 0.109886 0.00500092 0.08
v 0.109886 0.00500092 0.085
v 0.109886 0.00500092 0.09
v 0.109886 0.00500092 0.095
v 0.109886 0.00500092 0.1
v 0.109886 0.00500092 0.105
v 0.109886 0.00500092 0.11
v 0.109886 0.00500092 0.115
v 0.109886 0.00500092 0.12
v 0.109886 0.00500092 0.125
v 0.109886 0.00500092 0.13
v 0.109886 0.00500092 0.135
v 0.109886 0.00500092 0.14
v 0.109886 0.00500092 0.145
v 0.109886 0.00500092 0.15
v 0.109886 0.00500092 0.155
v 0.109886 0.00500092 0.16
v 0.109886 0.00500092 0.165
v 0.109886 0.00500092 0.17
v 0.109886 0.00500092 0.175
v 0.109886 0.00500092 0.18
v 0.109886 0.00500092 0.185
v 0.109886 0.00500092 0.19
v 0.109886 0.00500092 0.195
v 0.109886 0.00500092 0.2
v 0.109886 0.00500092 0.205
v 0.109886 0.00500092 0.21
v 0.109886 0.00500126 0.215
v 0.109886 0.005002 0.22
v 0.109886 0.005003 0.225
v 0.109886 0.00500403 0.23
v 0.109886 0.00500491 0.235
v 0.109886 0.0050056 0.24
v 0.108976 -0.0149783 0.02
v 0.108181 -0.0199228 0.02
v 0.107162 -0.0248259 0.02
v 0.105921 -0.0296776 0.02
v 0.10446 -0.0344678 0.02
v 0.102783 -0.0391866 0.02
v 0.100893 -0.0438241 0.02
v 0.0987941 -0.0483708 0.02
v 0.0964901 -0.0528173 0.02
v 0.0939861 -0.0571542 0.02
v 0.0912874 -0.0613727 0.02
v 0.0883994 -0.0654641 0.02
v 0.0853282 -0.0694197 0.02
v 0.0820802 -0.0732314 0.02
v 0.078662 -0.0768914 0.02
v 0.0750808 -0.080392 0.02
v 0.071344 -0.0837259 0.02
v 0.0674593 -0.0868864 0.02
v 0.0634348 -0.0898667 0.02
v 0.0592789 -0.0926608 0.02
v 0.055 -0.0952628 0.02
v 0.0506072 -0.0976674 0.02
v 0.0461094 -0.0998695 0.02
v 0.0415161 -0.101865 0.02
v 0.0368368 -0.103649 0.02
v 0.0320811 -0.105218 0.02
v 0.0272589 -0.106569 0.02
v 0.0223802 -0.107699 0.02
v 0.0174551 -0.108606 0.02
v 0.0124938 -0.109288 0.02
v 0.00750667 -0.109744 0.02
v 0.00250395 -0.109971 0.02
v -0.00250395 -0.109971 0.02
v -0.00750667 -0.109744 0.02
v -0.0124938 -0.109288 0.02
v -0.0174551 -0.108606 0.02
v -0.0223802 -0.107699 0.02
v -0.0272589 -0.106569 0.02
v -0.0320811 -0.105218 0.02
v -0.0368368 -0.103649 0.02
v -0.0415161 -0.101865 0.02
v -0.0461094 -0.0998695 0.02
v -0.0506072 -0.0976674 0.02
v -0.055 -0.0952628 0.02
v -0.0592789 -0.0926608 0.02
v -0.0634348 -0.0898667 0.02
v -0.0674593 -0.0868864 0.02
v -0.071344 -0.0837259 0.02
v -0.0750808 -0.080392 0.02
v -0.078662 -0.0768914 0.02
v -0.0820802 -0.0732314 0.02
v -0.0853282 -0.0694197 0.02
v -0.0883994 -0.0654641 0.02
v -0.0912874 -0.0613727 0.02
v -0.0939861 -0.0571542 0.02
v -0.0964901 -0.0528173 0.02
v -0.0987941 -0.0483708 0.02
v -0.100893 -0.0438241 0.02
v -0.102783 -0.0391866 0.02
v -0.10446 -0.0344678 0.02
v -0.105921 -0.0296776 0.02
v -0.107162 -0.0248259 0.02
v -0.108181 -0.0199228 0.02
v -0.108976 -0.0149783 0.02
v -0.109544 -0.0100028 0.02
v -0.109886 -0.00500661 0.02
v -0.11 1.33078e-16 0.02
v -0.109886 0.00500661 0.02
v -0.109544 0.0100028 0.02
v -0.108976 0.0149783 0.02
v -0.108181 0.0199228 0.02
v -0.107162 0.0248259 0.02
v -0.105921 0.0296776 0.02
v -0.10446 0.0344678 0.02
v -0.102783 0.0391866 0.02
v -0.100893 0.0438241 0.02
v -0.0987941 0.0483708 0.02
v -0.0964901 0.0528173 0.02
v -0.0939861 0.0571542 0.02
v -0.0912874 0.0613727 0.02
v -0.0883994 0.0654641 0.02
v -0.0853282 0.0694197 0.02
v -0.0820802 0.0732314 0.02
v -0.078662 0.0768914 0.02
v -0.0750808 0.080392 0.02
v -0.071344 0.0837259 0.02
v -0.0674593 0.0868864 0.02
v -0.0634348 0.0898667 0.02
v -0.0592789 0.0926608 0.02
v -0.055 0.0952628 0.02
v -0.0506072 0.0976674 0.02
v -0.0461094 0.0998695 0.02
v -0.0415161 0.101865 0.02
v -0.0368368 0.103649 0.02
v -0.0320811 0.105218 0.02
v -0.0272589 0.106569 0.02
v -0.0223802 0.107699 0.02
v -0.0174551 0.108606 0.02
v -0.0124938 0.109288 0.02
v -0.00750667 0.109744 0.02
v -0.00250395 0.109971 0.02
v 0.00250395 0.109971 0.02
v 0.00750667 0.109744 0.02
v 0.0124938 0.109288 0.02
v 0.0174551 0.108606 0.02
v 0.0223802 0.107699 0.02
v 0.0272589 0.106569 0.02
v 0.0320811 0.105218 0.02
v 0.0368368 0.103649 0.02
v 0.0415161 0.101865 0.02
v 0.0461094 0.0998695 0.02
v 0.0506072 0.0976674 0.02
v 0.055 0.0952628 0.02
v 0.0592789 0.0926608 0.02
v 0.0634348 0.0898667 0.02
v 0.0674593 0.0868864 0.02
v 0.071344 0.0837259 0.02
v 0.0750808 0.080392 0.02
v 0.078662 0.0768914 0.02
v 0.0820802 0.0732314 0.02
v 0.0853282 0.0694197 0.02
v 0.0883994 0.0654641 0.02
v 0.0912874 0.0613727 0.02
v 0.0939861 0.0571542 0.02
v 0.0964901 0.0528173 0.02
v 0.0987941 0.0483708 0.02
v 0.100893 0.0438241 0.02
v 0.102783 0.0391866 0.02
v 0.10446 0.0344676 0.02
v 0.105921 0.029677 0.02
v 0.107162 0.0248247 0.02
v 0.108181 0.0199212 0.02
v 0.108976 0.0149768 0.02
v 0.109544 0.0100016 0.02
v 0.109545 0.0100005 0.025
v 0.109544 -0.0100028 0.02
v 0.109544 -0.0100028 0.24
v 0.108976 -0.0149783 0.24
v 0.108181 -0.0199228 0.24
v 0.107162 -0.0248259 0.24
v 0.105921 -0.0296776 0.24
v 0.10446 -0.0344678 0.24
v 0.102783 -0.0391866 0.24
v 0.100893 -0.0438241 0.24
v 0.0987941 -0.0483708 0.24
v 0.0964901 -0.0528173 0.24
v 0.0939861 -0.0571542 0.24
v 0.0912874 -0.0613727 0.24
v 0.0883994 -0.0654641 0.24
v 0.0853282 -0.0694197 0.24
v 0.0820802 -0.0732314 0.24
v 0.078662 -0.0768914 0.24
v 0.0750808 -0.080392 0.24
v 0.071344 -0.0837259 0.24
v 0.0674593 -0.0868864 0.24
v 0.0634348 -0.0898667 0.24
v 0.0592789 -0.0926608 0.24
v 0.055 -0.0952628 0.24
v 0.0506072 -0.0976674 0.24
v 0.0461094 -0.0998695 0.24
v 0.0415161 -0.101865 0.24
v 0.0368368 -0.103649 0.24
v 0.0320811 -0.105218 0.24
v 0.0272589 -0.106569 0.24
v 0.0223802 -0.107699 0.24
v 0.0174551 -0.108606 0.24
v 0.0124938 -0.109288 0.24
v 0.00750667 -0.109744 0.24
v 0.00250395 -0.109971 0.24
v -0.00250395 -0.109971 0.24
v -0.00750667 -0.109744 0.24
v -0.0124938 -0.109288 0.24
v -0.0174551 -0.108606 0.24
v -0.0223802 -0.107699 0.24
v -0.0272589 -0.106569 0.24
v -0.0320811 -0.105218 0.24
v -0.0368368 -0.103649 0.24
v -0.0415161 -0.101865 0.24
v -0.0461094 -0.0998695 0.24
v -0.0506072 -0.0976674 0.24
v -0.055 -0.0952628 0.24
v -0.0592789 -0.0926608 0.24
v -0.0634348 -0.0898667 0.24
v -0.0674593 -0.0868864 0.24
v -0.071344 -0.0837259 0.24
v -0.0750808 -0.080392 0.24
v -0.078662 -0.0768914 0.24
v -0.0820802 -0.0732314 0.24
v -0.0853282 -0.0694197 0.24
v -0.0883994 -0.0654641 0.24
v -0.0912874 -0.0613727 0.24
v -0.0939861 -0.0571542 0.24
v -0.0964901 -0.0528173 0.24
v -0.0987941 -0.0483708 0.24
v -0.100893 -0.0438241 0.24
v -0.102783 -0.0391866 0.24
v -0.10446 -0.0344678 0.24
v -0.105921 -0.0296776 0.24
v -0.107162 -0.0248259 0.24
v -0.108181 -0.0199228 0.24
v -0.108976 -0.0149783 0.24
v -0.109544 -0.0100028 0.24
v -0.109886 -0.00500661 0.24
v -0.11 1.33078e-16 0.24
v -0.109886 0.00500661 0.24
v -0.109544 0.0100028 0.24
v -0.108976 0.0149783 0.24
v -0.108181 0.0199228 0.24
v -0.107162 0.0248259 0.24
v -0.105921 0.0296776 0.24
v -0.10446 0.0344678 0.24
v -0.102783 0.0391866 0.24
v -0.100893 0.0438241 0.24
v -0.0987941 0.0483708 0.24
v -0.0964901 0.0528173 0.24
v -0.0939861 0.0571542 0.24
v -0.0912874 0.0613727 0.24
v -0.0883994 0.0654641 0.24
v -0.0853282 0.0694197 0.24
v -0.0820802 0.0732314 0.24
v -0.078662 0.0768914 0.24
v -0.0750808 0.080392 0.24
v -0.071344 0.0837259 0.24
v -0.0674593 0.0868864 0.24
v -0.0634348 0.0898667 0.24
v -0.0592789 0.0926608 0.24
v -0.055 0.0952628 0.24
v -0.0506072 0.0976674 0.24
v -0.0461094 0.0998695 0.24
v -0.0415161 0.101865 0.24
v -0.0368368 0.103649 0.24
v -0.0320811 0.105218 0.24
v -0.0272589 0.106569 0.24
v -0.0223802 0.107699 0.24
v -0.0174551 0.108606 0.24
v -0.0124938 0.109288 0.24
v -0.00750667 0.109744 0.24
v -0.00250395 0.109971 0.24
v 0.00250395 0.109971 0.24
v 0.00750667 0.109744 0.24
v 0.0124938 0.109288 0.24
v 0.0174551 0.108606 0.24
v 0.0223802 0.107699 0.24
v 0.0272589 0.106569 0.24
v 0.0320811 0.105218 0.24
v 0.0368368 0.103649 0.24
v 0.0415161 0.101865 0.24
v 0.0461094 0.0998695 0.24
v 0.0506072 0.0976674 0.24
v 0.055 0.0952628 0.24
v 0.0592789 0.0926608 0.24
v 0.0634348 0.0898667 0.24
v 0.0674593 0.0868864 0.24
v 0.071344 0.0837259 0.24
v 0.0750808 0.080392 0.24
v 0.078662 0.0768914 0.24
v 0.0820802 0.0732314 0.24
v 0.0853282 0.0694197 0.24
v 0.0883994 0.0654641 0.24
v 0.0912874 0.0613727 0.24
v 0.0939861 0.0571542 0.24
v 0.0964901 0.0528173 0.24
v 0.0987941 0.0483708 0.24
v 0.100893 0.0438241 0.24
v 0.102783 0.0391866 0.24
v 0.104461 0.0344675 0.24
v 0.105921 0.0296767 0.24
v 0.107162 0.0248242 0.24
v 0.108181 0.0199206 0.24
v 0.108976 0.0149761 0.24
v 0.109544 0.010001 0.24
v 0.109544 -0.0100028 0.025
v 0.109544 -0.0100028 0.03
v 0.109544 -0.0100028 0.035
v 0.109544 -0.0100028 0.04
v 0.109544 -0.0100028 0.045
v 0.109544 -0.0100028 0.05
v 0.109544 -0.0100028 0.055
v 0.109544 -0.0100028 0.06
v 0.109544 -0.0100028 0.065
v 0.109544 -0.0100028 0.07
v 0.109544 -0.0100028 0.075
v 0.109544 -0.0100028 0.08
v 0.109544 -0.0100028 0.085
v 0.109544 -0.0100028 0.09
v 0.109544 -0.0100028 0.095
v 0.109544 -0.0100028 0.1
v 0.109544 -0.0100028 0.105
v 0.109544 -0.0100028 0.11
v 0.109544 -0.0100028 0.115
v 0.109544 -0.0100028 0.12
v 0.109544 -0.0100028 0.125
v 0.109544 -0.0100028 0.13
v 0.109544 -0.0100028 0.135
v 0.109544 -0.0100028 0.14
v 0.109544 -0.0100028 0.145
v 0.109544 -0.0100028 0.15
v 0.109544 -0.0100028 0.155
v 0.109544 -0.0100028 0.16
v 0.109544 -0.0100028 0.165
v 0.109544 -0.0100028 0.17
v 0.109544 -0.0100028 0.175
v 0.109544 -0.0100028 0.18
v 0.109544 -0.0100028 0.185
v 0.109544 -0.0100028 0.19
v 0.109544 -0.0100028 0.195
v 0.109544 -0.0100028 0.2
v 0.109544 -0.0100028 0.205
v 0.109544 -0.0100028 0.21
v 0.109544 -0.0100028 0.215
v 0.109544 -0.0100028 0.22
v 0.109544 -0.0100028 0.225
v 0.109544 -0.0100028 0.23
v 0.109544 -0.0100028 0.235
v 0.109545 0.00999903 0.03
v 0.109545 0.00999717 0.035
v 0.109545 0.00999527 0.04
v 0.109545 0.00999354 0.045
v 0.109545 0.00999234 0.05
v 0.109545 0.00999159 0.055
v 0.109545 0.00999123 0.06
v 0.109545 0.00999106 0.065
v 0.109545 0.00999099 0.07
v 0.109545 0.00999096 0.075
v 0.109545 0.00999095 0.08
v 0.109545 0.00999095 0.085
v 0.109545 0.00999094 0.09
v 0.109545 0.00999094 0.095
v 0.109545 0.00999094 0.1
v 0.109545 0.00999094 0.105
v 0.109545 0.00999094 0.11
v 0.109545 0.00999094 0.115
v 0.109545 0.00999094 0.12
v 0.109545 0.00999094 0.125
v 0.109545 0.00999094 0.13
v 0.109545 0.00999094 0.135
v 0.109545 0.00999094 0.14
v 0.109545 0.00999094 0.145
v 0.109545 0.00999094 0.15
v 0.109545 0.00999094 0.155
v 0.109545 0.00999094 0.16
v 0.109545 0.00999094 0.165
v 0.109545 0.00999094 0.17
v 0.109545 0.00999094 0.175
v 0.109545 0.00999094 0.18
v 0.109545 0.00999094 0.185
v 0.109545 0.00999094 0.19
v 0.109545 0.00999094 0.195
v 0.109545 0.00999094 0.2
v 0.109545 0.00999094 0.205
v 0.109545 0.00999138 0.21
v 0.109545 0.00999253 0.215
v 0.109545 0.00999429 0.22
v 0.109545 0.0099963 0.225
v 0.109545 0.00999821 0.23
v 0.109545 0.0099998 0.235
v 0.108181 -0.0199228 0.025
v 0.107162 -0.0248259 0.025
v 0.10446 -0.0344678 0.025
v 0.102783 -0.0391866 0.025
v 0.100893 -0.0438241 0.025
v 0.0987941 -0.0483708 0.025
v 0.0964901 -0.0528173 0.025
v 0.0939861 -0.0571542 0.025
v 0.0912874 -0.0613727 0.025
v 0.0883994 -0.0654641 0.025
v 0.0853282 -0.0694197 0.025
v 0.0820802 -0.0732314 0.025
v 0.078662 -0.0768914 0.025
v 0.0750808 -0.080392 0.025
v 0.071344 -0.0837259 0.025
v 0.0674593 -0.0868864 0.025
v 0.0634348 -0.0898667 0.025
v 0.0592789 -0.0926608 0.025
v 0.055 -0.0952628 0.025
v 0.0506072 -0.0976674 0.025
v 0.0461094 -0.0998695 0.025
v 0.0415161 -0.101865 0.025
v 0.0368368 -0.103649 0.025
v 0.0320811 -0.105218 0.025
v 0.0272589 -0.106569 0.025
v 0.0223802 -0.107699 0.025
v 0.0174551 -0.108606 0.025
v 0.0124938 -0.109288 0.025
v 0.00750667 -0.109744 0.025
v 0.00250395 -0.109971 0.025
v -0.00250395 -0.109971 0.025
v -0.00750667 -0.109744 0.025
v -0.0124938 -0.109288 0.025
v -0.0174551 -0.108606 0.025
v -0.0223802 -0.107699 0.025
v -0.0272589 -0.106569 0.025
v -0.0320811 -0.105218 0.025
v -0.0368368 -0.103649 0.025
v -0.0415161 -0.101865 0.025
v -0.0461094 -0.0998695 0.025
v -0.0506072 -0.0976674 0.025
v -0.055 -0.0952628 0.025
v -0.0592789 -0.0926608 0.025
v -0.0634348 -0.0898667 0.025
v -0.0674593 -0.0868864 0.025
v -0.071344 -0.0837259 0.025
v -0.0750808 -0.080392 0.025
v -0.078662 -0.0768914 0.025
v -0.0820802 -0.0732314 0.025
v -0.0853282 -0.0694197 0.025
v -0.0883994 -0.0654641 0.025
v -0.0912874 -0.0613727 0.025
v -0.0939861 -0.0571542 0.025
v -0.0964901 -0.0528173 0.025
v -0.0987941 -0.0483708 0.025
v -0.100893 -0.0438241 0.025
v -0.102783 -0.0391866 0.025
v -0.10446 -0.0344678 0.025
v -0.105921 -0.0296776 0.025
v -0.107162 -0.0248259 0.025
v -0.108181 -0.0199228 0.025
v -0.108976 -0.0149783 0.025
v -0.109544 -0.0100028 0.025
v -0.109886 -0.00500661 0.025
v -0.11 8.42285e-17 0.025
v -0.109886 0.00500661 0.025
v -0.109544 0.0100028 0.025
v -0.108976 0.0149783 0.025
v -0.108181 0.0199228 0.025
v -0.107162 0.0248259 0.025
v -0.105921 0.0296776 0.025
v -0.10446 0.0344678 0.025
v -0.102783 0.0391866 0.025
v -0.100893 0.0438241 0.025
v -0.0987941 0.0483708 0.025
v -0.0964901 0.0528173 0.025
v -0.0939861 0.0571542 0.025
v -0.0912874 0.0613727 0.025
v -0.0883994 0.0654641 0.025
v -0.0853282 0.0694197 0.025
v -0.0820802 0.0732314 0.025
v -0.078662 0.0768914 0.025
v -0.0750808 0.080392 0.025
v -0.071344 0.0837259 0.025
v -0.0674593 0.0868864 0.025
v -0.0634348 0.0898667 0.025
v -0.0592789 0.0926608 0.025
v -0.055 0.0952628 0.025
v -0.0506072 0.0976674 0.025
v -0.0461094 0.0998695 0.025
v -0.0415161 0.101865 0.025
v -0.0368368 0.103649 0.025
v -0.0320811 0.105218 0.025
v -0.0272589 0.106569 0.025
v -0.0223802 0.107699 0.025
v -0.0174551 0.108606 0.025
v -0.0124938 0.109288 0.025
v -0.00750667 0.109744 0.025
v -0.00250395 0.109971 0.025
v 0.00250395 0.109971 0.025
v 0.00750667 0.109744 0.025
v 0.0124938 0.109288 0.025
v 0.0174551 0.108606 0.025
v 0.0223802 0.107699 0.025
v 0.0272589 0.106569 0.025
v 0.0320811 0.105218 0.025
v 0.0368368 0.103649 0.025
v 0.0415161 0.101865 0.025
v 0.0461094 0.0998695 0.025
v 0.0506072 0.0976674 0.025
v 0.055 0.0952628 0.025
v 0.0592789 0.0926608 0.025
v 0.0634348 0.0898667 0.025
v 0.0674593 0.0868864 0.025
v 0.071344 0.0837259 0.025
v 0.0750808 0.080392 0.025
v 0.078662 0.0768914 0.025
v 0.0820802 0.0732314 0.025
v 0.0853282 0.0694197 0.025
v 0.0883994 0.0654641 0.025
v 0.0912874 0.0613727 0.025
v 0.0939861 0.0571542 0.025
v 0.0964901 0.0528173 0.025
v 0.0987941 0.0483708 0.025
v 0.100893 0.0438241 0.025
v 0.102784 0.0391862 0.025
v 0.104461 0.0344667 0.025
v 0.105922 0.0296755 0.025
v 0.107163 0.024823 0.025
v 0.108181 0.0199195 0.025
v 0.108976 0.0149752 0.025
v 0.108976 -0.0149783 0.235
v 0.108977 0.0149679 0.04
v 0.108977 0.0149649 0.045
v 0.108181 -0.0199228 0.235
v 0.107162 -0.0248259 0.235
v 0.105921 -0.0296776 0.235
v 0.10446 -0.0344678 0.235
v 0.102783 -0.0391866 0.235
v 0.100893 -0.0438241 0.235
v 0.0987941 -0.0483708 0.235
v 0.0964901 -0.0528173 0.235
v 0.0939861 -0.0571542 0.235
v 0.0912874 -0.0613727 0.235
v 0.0883994 -0.0654641 0.235
v 0.0853282 -0.0694197 0.235
v 0.0820802 -0.0732314 0.235
v 0.078662 -0.0768914 0.235
v 0.0750808 -0.080392 0.235
v 0.071344 -0.0837259 0.235
v 0.0674593 -0.0868864 0.235
v 0.0634348 -0.0898667 0.235
v 0.0592789 -0.0926608 0.235
v 0.055 -0.0952628 0.235
v 0.0506072 -0.0976674 0.235
v 0.0461094 -0.0998695 0.235
v 0.0415161 -0.101865 0.235
v 0.0368368 -0.103649 0.235
v 0.0320811 -0.105218 0.235
v 0.0272589 -0.106569 0.235
v 0.0223802 -0.107699 0.235
v 0.0174551 -0.108606 0.235
v 0.0124938 -0.109288 0.235
v 0.00750667 -0.109744 0.235
v 0.00250395 -0.109971 0.235
v -0.00250395 -0.109971 0.235
v -0.00750667 -0.109744 0.235
v -0.0124938 -0.109288 0.235
v -0.0174551 -0.108606 0.235
v -0.0223802 -0.107699 0.235
v -0.0272589 -0.106569 0.235
v -0.0320811 -0.105218 0.235
v -0.0368368 -0.103649 0.235
v -0.0415161 -0.101865 0.235
v -0.0461094 -0.0998695 0.235
v -0.0506072 -0.0976674 0.235
v -0.055 -0.0952628 0.235
v -0.0592789 -0.0926608 0.235
v -0.0634348 -0.0898667 0.235
v -0.0674593 -0.0868864 0.235
v -0.071344 -0.0837259 0.235
v -0.0750808 -0.080392 0.235
v -0.078662 -0.0768914 0.235
v -0.0820802 -0.0732314 0.235
v -0.0853282 -0.0694197 0.235
v -0.0883994 -0.0654641 0.235
v -0.0912874 -0.0613727 0.235
v -0.0939861 -0.0571542 0.235
v -0.0964901 -0.0528173 0.235
v -0.0987941 -0.0483708 0.235
v -0.100893 -0.0438241 0.235
v -0.102783 -0.0391866 0.235
v -0.10446 -0.0344678 0.235
v -0.105921 -0.0296776 0.235
v -0.107162 -0.0248259 0.235
v -0.108181 -0.0199228 0.235
v -0.108976 -0.0149783 0.235
v -0.109544 -0.0100028 0.235
v -0.109886 -0.00500661 0.235
v -0.11 8.42285e-17 0.235
v -0.109886 0.00500661 0.235
v -0.109544 0.0100028 0.235
v -0.108976 0.0149783 0.235
v -0.108181 0.0199228 0.235
v -0.107162 0.0248259 0.235
v -0.105921 0.0296776 0.235
v -0.10446 0.0344678 0.235
v -0.102783 0.0391866 0.235
v -0.100893 0.0438241 0.235
v -0.0987941 0.0483708 0.235
v -0.0964901 0.0528173 0.235
v -0.0939861 0.0571542 0.235
v -0.0912874 0.0613727 0.235
v -0.0883994 0.0654641 0.235
v -0.0853282 0.0694197 0.235
v -0.0820802 0.0732314 0.235
v -0.078662 0.0768914 0.235
v -0.0750808 0.080392 0.235
v -0.071344 0.0837259 0.235
v -0.0674593 0.0868864 0.235
v -0.0634348 0.0898667 0.235
v -0.0592789 0.0926608 0.235
v -0.055 0.0952628 0.235
v -0.0506072 0.0976674 0.235
v -0.0461094 0.0998695 0.235
v -0.0415161 0.101865 0.235
v -0.0368368 0.103649 0.235
v -0.0320811 0.105218 0.235
v -0.0272589 0.106569 0.235
v -0.0223802 0.107699 0.235
v -0.0174551 0.108606 0.235
v -0.0124938 0.109288 0.235
v -0.00750667 0.109744 0.235
v -0.00250395 0.109971 0.235
v 0.00250395 0.109971 0.235
v 0.00750667 0.109744 0.235
v 0.0124938 0.109288 0.235
v 0.0174551 0.108606 0.235
v 0.0223802 0.107699 0.235
v 0.0272589 0.106569 0.235
v 0.0320811 0.105218 0.235
v 0.0368368 0.103649 0.235
v 0.0415161 0.101865 0.235
v 0.0461094 0.0998695 0.235
v 0.0506072 0.0976674 0.235
v 0.055 0.0952628 0.235
v 0.0592789 0.0926608 0.235
v 0.0634348 0.0898667 0.235
v 0.0674593 0.0868864 0.235
v 0.071344 0.0837259 0.235
v 0.0750808 0.080392 0.235
v 0.078662 0.0768914 0.235
v 0.0820802 0.0732314 0.235
v 0.0853282 0.0694197 0.235
v 0.0883994 0.0654641 0.235
v 0.0912874 0.0613727 0.235
v 0.0939861 0.0571542 0.235
v 0.0964901 0.0528173 0.235
v 0.0987941 0.0483708 0.235
v 0.100893 0.0438241 0.235
v 0.102784 0.0391862 0.235
v 0.104461 0.0344665 0.235
v 0.105922 0.0296751 0.235
v 0.107163 0.0248223 0.235
v 0.108182 0.0199187 0.235
v 0.108976 0.0149744 0.235
v 0.108976 -0.0149783 0.025
v 0.108976 -0.0149783 0.03
v 0.108976 -0.0149783 0.035
v 0.108976 -0.0149783 0.04
v 0.108976 -0.0149783 0.045
v 0.108976 -0.0149783 0.05
v 0.108976 -0.0149783 0.055
v 0.108976 -0.0149783 0.06
v 0.108976 -0.0149783 0.065
v 0.108976 -0.0149783 0.07
v 0.108976 -0.0149783 0.075
v 0.108976 -0.0149783 0.08
v 0.108976 -0.0149783 0.085
v 0.108976 -0.0149783 0.09
v 0.108976 -0.0149783 0.095
v 0.108976 -0.0149783 0.1
v 0.108976 -0.0149783 0.105
v 0.108976 -0.0149783 0.11
v 0.108976 -0.0149783 0.115
v 0.108976 -0.0149783 0.12
v 0.108976 -0.0149783 0.125
v 0.108976 -0.0149783 0.13
v 0.108976 -0.0149783 0.135
v 0.108976 -0.0149783 0.14
v 0.108976 -0.0149783 0.145
v 0.108976 -0.0149783 0.15
v 0.108976 -0.0149783 0.155
v 0.108976 -0.0149783 0.16
v 0.108976 -0.0149783 0.165
v 0.108976 -0.0149783 0.17
v 0.108976 -0.0149783 0.175
v 0.108976 -0.0149783 0.18
v 0.108976 -0.0149783 0.185
v 0.108976 -0.0149783 0.19
v 0.108976 -0.0149783 0.195
v 0.108976 -0.0149783 0.2
v 0.108976 -0.0149783 0.205
v 0.108976 -0.0149783 0.21
v 0.108976 -0.0149783 0.215
v 0.108976 -0.0149783 0.22
v 0.108976 -0.0149783 0.225
v 0.108976 -0.0149783 0.23
v 0.108978 0.0149628 0.05
v 0.108977 0.0149707 0.035
v 0.108978 0.0149612 0.055
v 0.108978 0.0149604 0.06
v 0.108978 0.01496 0.065
v 0.108978 0.0149598 0.07
v 0.108978 0.0149597 0.075
v 0.108978 0.0149597 0.08
v 0.108978 0.0149597 0.085
v 0.108978 0.0149597 0.09
v 0.108978 0.0149597 0.095
v 0.108978 0.0149597 0.1
v 0.108978 0.0149597 0.105
v 0.108978 0.0149597 0.11
v 0.108978 0.0149597 0.115
v 0.108978 0.0149597 0.12
v 0.108978 0.0149597 0.125
v 0.108978 0.0149597 0.13
v 0.108978 0.0149597 0.135
v 0.108978 0.0149597 0.14
v 0.108978 0.0149597 0.145
v 0.108978 0.0149597 0.15
v 0.108978 0.0149597 0.155
v 0.108978 0.0149597 0.16
v 0.108978 0.0149597 0.165
v 0.108978 0.0149597 0.17
v 0.108978 0.0149597 0.175
v 0.108978 0.0149597 0.18
v 0.108978 0.0149597 0.185
v 0.108978 0.0149597 0.19
v 0.108978 0.0149597 0.195
v 0.108978 0.0149597 0.2
v 0.108978 0.0149602 0.205
v 0.108978 0.0149617 0.21
v 0.108977 0.014964 0.215
v 0.108977 0.0149669 0.22
v 0.108977 0.0149698 0.225
v 0.108976 0.0149724 0.23
v 0.108976 0.0149733 0.03
v 0.105921 -0.0296776 0.025
v 0.100893 -0.0438241 0.03
v 0.0987941 -0.0483708 0.03
v 0.102783 -0.0391866 0.03
v 0.0964901 -0.0528173 0.03
v 0.0939861 -0.0571542 0.03
v 0.0912874 -0.0613727 0.03
v 0.0883994 -0.0654641 0.03
v 0.0853282 -0.0694197 0.03
v 0.0820802 -0.0732314 0.03
v 0.078662 -0.0768914 0.03
v 0.0750808 -0.080392 0.03
v 0.071344 -0.0837259 0.03
v 0.0674593 -0.0868864 0.03
v 0.0634348 -0.0898667 0.03
v 0.0592789 -0.0926608 0.03
v 0.055 -0.0952628 0.03
v 0.0506072 -0.0976674 0.03
v 0.0461094 -0.0998695 0.03
v 0.0415161 -0.101865 0.03
v 0.0368368 -0.103649 0.03
v 0.0320811 -0.105218 0.03
v 0.0272589 -0.106569 0.03
v 0.0223802 -0.107699 0.03
v 0.0174551 -0.108606 0.03
v 0.0124938 -0.109288 0.03
v 0.00750667 -0.109744 0.03
v 0.00250395 -0.109971 0.03
v -0.00250395 -0.109971 0.03
v -0.00750667 -0.109744 0.03
v -0.0124938 -0.109288 0.03
v -0.0174551 -0.108606 0.03
v -0.0223802 -0.107699 0.03
v -0.0272589 -0.106569 0.03
v -0.0320811 -0.105218 0.03
v -0.0368368 -0.103649 0.03
v -0.0415161 -0.101865 0.03
v -0.0461094 -0.0998695 0.03
v -0.0506072 -0.0976674 0.03
v -0.055 -0.0952628 0.03
v -0.0592789 -0.0926608 0.03
v -0.0634348 -0.0898667 0.03
v -0.0674593 -0.0868864 0.03
v -0.071344 -0.0837259 0.03
v -0.0750808 -0.080392 0.03
v -0.078662 -0.0768914 0.03
v -0.0820802 -0.0732314 0.03
v -0.0853282 -0.0694197 0.03
v -0.0883994 -0.0654641 0.03
v -0.0912874 -0.0613727 0.03
v -0.0939861 -0.0571542 0.03
v -0.0964901 -0.0528173 0.03
v -0.0987941 -0.0483708 0.03
v -0.100893 -0.0438241 0.03
v -0.102783 -0.0391866 0.03
v -0.10446 -0.0344678 0.03
v -0.105921 -0.0296776 0.03
v -0.107162 -0.0248259 0.03
v -0.108181 -0.0199228 0.03
v -0.108976 -0.0149783 0.03
v -0.109544 -0.0100028 0.03
v -0.109886 -0.00500661 0.03
v -0.11 8.42285e-17 0.03
v -0.109886 0.00500661 0.03
v -0.109544 0.0100028 0.03
v -0.108976 0.0149783 0.03
v -0.108181 0.0199228 0.03
v -0.107162 0.0248259 0.03
v -0.105921 0.0296776 0.03
v -0.10446 0.0344678 0.03
v -0.102783 0.0391866 0.03
v -0.100893 0.0438241 0.03
v -0.0987941 0.0483708 0.03
v -0.0964901 0.0528173 0.03
v -0.0939861 0.0571542 0.03
v -0.0912874 0.0613727 0.03
v -0.0883994 0.0654641 0.03
v -0.0853282 0.0694197 0.03
v -0.0820802 0.0732314 0.03
v -0.078662 0.0768914 0.03
v -0.0750808 0.080392 0.03
v -0.071344 0.0837259 0.03
v -0.0674593 0.0868864 0.03
v -0.0634348 0.0898667 0.03
v -0.0592789 0.0926608 0.03
v -0.055 0.0952628 0.03
v -0.0506072 0.0976674 0.03
v -0.0461094 0.0998695 0.03
v -0.0415161 0.101865 0.03
v -0.0368368 0.103649 0.03
v -0.0320811 0.105218 0.03
v -0.0272589 0.106569 0.03
v -0.0223802 0.107699 0.03
v -0.0174551 0.108606 0.03
v -0.0124938 0.109288 0.03
v -0.00750667 0.109744 0.03
v -0.00250395 0.109971 0.03
v 0.00250395 0.109971 0.03
v 0.00750667 0.109744 0.03
v 0.0124938 0.109288 0.03
v 0.0174551 0.108606 0.03
v 0.0223802 0.107699 0.03
v 0.0272589 0.106569 0.03
v 0.0320811 0.105218 0.03
v 0.0368368 0.103649 0.03
v 0.0415161 0.101865 0.03
v 0.0461094 0.0998695 0.03
v 0.0506072 0.0976674 0.03
v 0.055 0.0952628 0.03
v 0.0592789 0.0926608 0.03
v 0.0634348 0.0898667 0.03
v 0.0674593 0.0868864 0.03
v 0.071344 0.0837259 0.03
v 0.0750808 0.080392 0.03
v 0.078662 0.0768914 0.03
v 0.0820802 0.0732314 0.03
v 0.0853282 0.0694197 0.03
v 0.0883994 0.0654641 0.03
v 0.0912874 0.0613727 0.03
v 0.0939861 0.0571542 0.03
v 0.0964901 0.0528173 0.03
v 0.0987941 0.0483708 0.03
v 0.100894 0.0438236 0.03
v 0.102784 0.039185 0.03
v 0.104461 0.0344647 0.03
v 0.105922 0.029673 0.03
v 0.107163 0.0248203 0.03
v 0.108182 0.019917 0.03
v 0.108182 0.0199139 0.035
v 0.108181 -0.0199228 0.23
v 0.108184 0.0199031 0.05
v 0.108185 0.0199002 0.055
v 0.108183 0.0199106 0.04
v 0.108184 0.0199066 0.045
v 0.105921 -0.0296776 0.03
v 0.10446 -0.0344678 0.03
v 0.107162 -0.0248259 0.03
v 0.108181 -0.0199228 0.03
v 0.107162 -0.0248259 0.23
v 0.105921 -0.0296776 0.23
v 0.10446 -0.0344678 0.23
v 0.102783 -0.0391866 0.23
v 0.100893 -0.0438241 0.23
v 0.0987941 -0.0483708 0.23
v 0.0964901 -0.0528173 0.23
v 0.0939861 -0.0571542 0.23
v 0.0912874 -0.0613727 0.23
v 0.0883994 -0.0654641 0.23
v 0.0853282 -0.0694197 0.23
v 0.0820802 -0.0732314 0.23
v 0.078662 -0.0768914 0.23
v 0.0750808 -0.080392 0.23
v 0.071344 -0.0837259 0.23
v 0.0674593 -0.0868864 0.23
v 0.0634348 -0.0898667 0.23
v 0.0592789 -0.0926608 0.23
v 0.055 -0.0952628 0.23
v 0.0506072 -0.0976674 0.23
v 0.0461094 -0.0998695 0.23
v 0.0415161 -0.101865 0.23
v 0.0368368 -0.103649 0.23
v 0.0320811 -0.105218 0.23
v 0.0272589 -0.106569 0.23
v 0.0223802 -0.107699 0.23
v 0.0174551 -0.108606 0.23
v 0.0124938 -0.109288 0.23
v 0.00750667 -0.109744 0.23
v 0.00250395 -0.109971 0.23
v -0.00250395 -0.109971 0.23
v -0.00750667 -0.109744 0.23
v -0.0124938 -0.109288 0.23
v -0.0174551 -0.108606 0.23
v -0.0223802 -0.107699 0.23
v -0.0272589 -0.106569 0.23
v -0.0320811 -0.105218 0.23
v -0.0368368 -0.103649 0.23
v -0.0415161 -0.101865 0.23
v -0.0461094 -0.0998695 0.23
v -0.0506072 -0.0976674 0.23
v -0.055 -0.0952628 0.23
v -0.0592789 -0.0926608 0.23
v -0.0634348 -0.0898667 0.23
v -0.0674593 -0.0868864 0.23
v -0.071344 -0.0837259 0.23
v -0.0750808 -0.080392 0.23
v -0.078662 -0.0768914 0.23
v -0.0820802 -0.0732314 0.23
v -0.0853282 -0.0694197 0.23
v -0.0883994 -0.0654641 0.23
v -0.0912874 -0.0613727 0.23
v -0.0939861 -0.0571542 0.23
v -0.0964901 -0.0528173 0.23
v -0.0987941 -0.0483708 0.23
v -0.100893 -0.0438241 0.23
v -0.102783 -0.0391866 0.23
v -0.10446 -0.0344678 0.23
v -0.105921 -0.0296776 0.23
v -0.107162 -0.0248259 0.23
v -0.108181 -0.0199228 0.23
v -0.108976 -0.0149783 0.23
v -0.109544 -0.0100028 0.23
v -0.109886 -0.00500661 0.23
v -0.11 8.42285e-17 0.23
v -0.109886 0.00500661 0.23
v -0.109544 0.0100028 0.23
v -0.108976 0.0149783 0.23
v -0.108181 0.0199228 0.23
v -0.107162 0.0248259 0.23
v -0.105921 0.0296776 0.23
v -0.10446 0.0344678 0.23
v -0.102783 0.0391866 0.23
v -0.100893 0.0438241 0.23
v -0.0987941 0.0483708 0.23
v -0.0964901 0.0528173 0.23
v -0.0939861 0.0571542 0.23
v -0.0912874 0.0613727 0.23
v -0.0883994 0.0654641 0.23
v -0.0853282 0.0694197 0.23
v -0.0820802 0.0732314 0.23
v -0.078662 0.0768914 0.23
v -0.0750808 0.080392 0.23
v -0.071344 0.0837259 0.23
v -0.0674593 0.0868864 0.23
v -0.0634348 0.0898667 0.23
v -0.0592789 0.0926608 0.23
v -0.055 0.0952628 0.23
v -0.0506072 0.0976674 0.23
v -0.0461094 0.0998695 0.23
v -0.0415161 0.101865 0.23
v -0.0368368 0.103649 0.23
v -0.0320811 0.105218 0.23
v -0.0272589 0.106569 0.23
v -0.0223802 0.107699 0.23
v -0.0174551 0.108606 0.23
v -0.0124938 0.109288 0.23
v -0.00750667 0.109744 0.23
v -0.00250395 0.109971 0.23
v 0.00250395 0.109971 0.23
v 0.00750667 0.109744 0.23
v 0.0124938 0.109288 0.23
v 0.0174551 0.108606 0.23
v 0.0223802 0.107699 0.23
v 0.0272589 0.106569 0.23
v 0.0320811 0.105218 0.23
v 0.0368368 0.103649 0.23
v 0.0415161 0.101865 0.23
v 0.0461094 0.0998695 0.23
v 0.0506072 0.0976674 0.23
v 0.055 0.0952628 0.23
v 0.0592789 0.0926608 0.23
v 0.0634348 0.0898667 0.23
v 0.0674593 0.0868864 0.23
v 0.071344 0.0837259 0.23
v 0.0750808 0.080392 0.23
v 0.078662 0.0768914 0.23
v 0.0820802 0.0732314 0.23
v 0.0853282 0.0694197 0.23
v 0.0883994 0.0654641 0.23
v 0.0912874 0.0613727 0.23
v 0.0939861 0.0571542 0.23
v 0.0964901 0.0528173 0.23
v 0.0987941 0.0483708 0.23
v 0.100893 0.0438237 0.23
v 0.102784 0.0391849 0.23
v 0.104462 0.0344645 0.23
v 0.105922 0.0296725 0.23
v 0.107163 0.0248197 0.23
v 0.108182 0.0199162 0.23
v 0.108181 -0.0199228 0.035
v 0.108181 -0.0199228 0.04
v 0.108181 -0.0199228 0.045
v 0.108181 -0.0199228 0.05
v 0.108181 -0.0199228 0.055
v 0.108181 -0.0199228 0.06
v 0.108181 -0.0199228 0.065
v 0.108181 -0.0199228 0.07
v 0.108181 -0.0199228 0.075
v 0.108181 -0.0199228 0.08
v 0.108181 -0.0199228 0.085
v 0.108181 -0.0199228 0.09
v 0.108181 -0.0199228 0.095
v 0.108181 -0.0199228 0.1
v 0.108181 -0.0199228 0.105
v 0.108181 -0.0199228 0.11
v 0.108181 -0.0199228 0.115
v 0.108181 -0.0199228 0.12
v 0.108181 -0.0199228 0.125
v 0.108181 -0.0199228 0.13
v 0.108181 -0.0199228 0.135
v 0.108181 -0.0199228 0.14
v 0.108181 -0.0199228 0.145
v 0.108181 -0.0199228 0.15
v 0.108181 -0.0199228 0.155
v 0.108181 -0.0199228 0.16
v 0.108181 -0.0199228 0.165
v 0.108181 -0.0199228 0.17
v 0.108181 -0.0199228 0.175
v 0.108181 -0.0199228 0.18
v 0.108181 -0.0199228 0.185
v 0.108181 -0.0199228 0.19
v 0.108181 -0.0199228 0.195
v 0.108181 -0.0199228 0.2
v 0.108181 -0.0199228 0.205
v 0.108181 -0.0199228 0.21
v 0.108181 -0.0199228 0.215
v 0.108181 -0.0199228 0.22
v 0.108181 -0.0199228 0.225
v 0.108185 0.0198987 0.06
v 0.108185 0.0198977 0.065
v 0.108186 0.0198973 0.07
v 0.108186 0.0198971 0.075
v 0.108186 0.019897 0.08
v 0.108186 0.019897 0.085
v 0.108186 0.019897 0.09
v 0.108186 0.019897 0.095
v 0.108186 0.019897 0.1
v 0.108186 0.019897 0.105
v 0.108186 0.019897 0.11
v 0.108186 0.019897 0.115
v 0.108186 0.019897 0.12
v 0.108186 0.019897 0.125
v 0.108186 0.019897 0.13
v 0.108186 0.019897 0.135
v 0.108186 0.019897 0.14
v 0.108186 0.019897 0.145
v 0.108186 0.019897 0.15
v 0.108186 0.019897 0.155
v 0.108186 0.019897 0.16
v 0.108186 0.019897 0.165
v 0.108186 0.019897 0.17
v 0.108186 0.019897 0.175
v 0.108186 0.019897 0.18
v 0.108186 0.019897 0.185
v 0.108186 0.019897 0.19
v 0.108186 0.019897 0.195
v 0.108185 0.0198976 0.2
v 0.108185 0.0198994 0.205
v 0.108185 0.0199023 0.21
v 0.108184 0.0199059 0.215
v 0.108183 0.0199098 0.22
v 0.108183 0.0199133 0.225
v 0.107169 0.0247943 0.065
v 0.107169 0.0247933 0.07
v 0.0964901 -0.0528173 0.035
v 0.0939861 -0.0571542 0.035
v 0.0912874 -0.0613727 0.035
v 0.0853282 -0.0694197 0.035
v 0.0820802 -0.0732314 0.035
v 0.078662 -0.0768914 0.035
v 0.0750808 -0.080392 0.035
v 0.071344 -0.0837259 0.035
v 0.0674593 -0.0868864 0.035
v 0.0634348 -0.0898667 0.035
v 0.0592789 -0.0926608 0.035
v 0.055 -0.0952628 0.035
v 0.0506072 -0.0976674 0.035
v 0.0461094 -0.0998695 0.035
v 0.0415161 -0.101865 0.035
v 0.0368368 -0.103649 0.035
v 0.0320811 -0.105218 0.035
v 0.0272589 -0.106569 0.035
v 0.0223802 -0.107699 0.035
v 0.0174551 -0.108606 0.035
v 0.0124938 -0.109288 0.035
v 0.00750667 -0.109744 0.035
v 0.00250395 -0.109971 0.035
v -0.00250395 -0.109971 0.035
v -0.00750667 -0.109744 0.035
v -0.0124938 -0.109288 0.035
v -0.0174551 -0.108606 0.035
v -0.0223802 -0.107699 0.035
v -0.0272589 -0.106569 0.035
v -0.0320811 -0.105218 0.035
v -0.0368368 -0.103649 0.035
v -0.0415161 -0.101865 0.035
v -0.0461094 -0.0998695 0.035
v -0.0506072 -0.0976674 0.035
v -0.055 -0.0952628 0.035
v -0.0592789 -0.0926608 0.035
v -0.0634348 -0.0898667 0.035
v -0.0674593 -0.0868864 0.035
v -0.071344 -0.0837259 0.035
v -0.0750808 -0.080392 0.035
v -0.078662 -0.0768914 0.035
v -0.0820802 -0.0732314 0.035
v -0.0853282 -0.0694197 0.035
v -0.0883994 -0.0654641 0.035
v -0.0912874 -0.0613727 0.035
v -0.0939861 -0.0571542 0.035
v -0.0964901 -0.0528173 0.035
v -0.0987941 -0.0483708 0.035
v -0.100893 -0.0438241 0.035
v -0.102783 -0.0391866 0.035
v -0.10446 -0.0344678 0.035
v -0.105921 -0.0296776 0.035
v -0.107162 -0.0248259 0.035
v -0.108181 -0.0199228 0.035
v -0.108976 -0.0149783 0.035
v -0.109544 -0.0100028 0.035
v -0.109886 -0.00500661 0.035
v -0.11 8.42285e-17 0.035
v -0.109886 0.00500661 0.035
v -0.109544 0.0100028 0.035
v -0.108976 0.0149783 0.035
v -0.108181 0.0199228 0.035
v -0.107162 0.0248259 0.035
v -0.105921 0.0296776 0.035
v -0.10446 0.0344678 0.035
v -0.102783 0.0391866 0.035
v -0.100893 0.0438241 0.035
v -0.0987941 0.0483708 0.035
v -0.0964901 0.0528173 0.035
v -0.0939861 0.0571542 0.035
v -0.0912874 0.0613727 0.035
v -0.0883994 0.0654641 0.035
v -0.0853282 0.0694197 0.035
v -0.0820802 0.0732314 0.035
v -0.078662 0.0768914 0.035
v -0.0750808 0.080392 0.035
v -0.071344 0.0837259 0.035
v -0.0674593 0.0868864 0.035
v -0.0634348 0.0898667 0.035
v -0.0592789 0.0926608 0.035
v -0.055 0.0952628 0.035
v -0.0506072 0.0976674 0.035
v -0.0461094 0.0998695 0.035
v -0.0415161 0.101865 0.035
v -0.0368368 0.103649 0.035
v -0.0320811 0.105218 0.035
v -0.0272589 0.106569 0.035
v -0.0223802 0.107699 0.035
v -0.0174551 0.108606 0.035
v -0.0124938 0.109288 0.035
v -0.00750667 0.109744 0.035
v -0.00250395 0.109971 0.035
v 0.00250395 0.109971 0.035
v 0.00750667 0.109744 0.035
v 0.0124938 0.109288 0.035
v 0.0174551 0.108606 0.035
v 0.0223802 0.107699 0.035
v 0.0272589 0.106569 0.035
v 0.0320811 0.105218 0.035
v 0.0368368 0.103649 0.035
v 0.0415161 0.101865 0.035
v 0.0461094 0.0998695 0.035
v 0.0506072 0.0976674 0.035
v 0.055 0.0952628 0.035
v 0.0592789 0.0926608 0.035
v 0.0634348 0.0898667 0.035
v 0.0674593 0.0868864 0.035
v 0.071344 0.0837259 0.035
v 0.0750808 0.080392 0.035
v 0.078662 0.0768914 0.035
v 0.0820802 0.0732314 0.035
v 0.0853282 0.0694197 0.035
v 0.0883994 0.0654641 0.035
v 0.0912874 0.0613727 0.035
v 0.0939861 0.0571542 0.035
v 0.0964901 0.0528172 0.035
v 0.0987944 0.0483701 0.035
v 0.100894 0.043822 0.035
v 0.102785 0.0391823 0.035
v 0.104463 0.0344613 0.035
v 0.105923 0.0296694 0.035
v 0.107164 0.0248169 0.035
v 0.107162 -0.0248259 0.035
v 0.107165 0.0248131 0.04
v 0.107166 0.0248083 0.045
v 0.105921 -0.0296776 0.035
v 0.10446 -0.0344678 0.035
v 0.102783 -0.0391866 0.035
v 0.107167 0.0248039 0.05
v 0.107168 0.0247994 0.055
v 0.107169 0.0247967 0.06
v 0.107162 -0.0248259 0.225
v 0.0987941 -0.0483708 0.035
v 0.105921 -0.0296776 0.225
v 0.10446 -0.0344678 0.225
v 0.102783 -0.0391866 0.225
v 0.100893 -0.0438241 0.225
v 0.0987941 -0.0483708 0.225
v 0.0964901 -0.0528173 0.225
v 0.0939861 -0.0571542 0.225
v 0.0912874 -0.0613727 0.225
v 0.0883994 -0.0654641 0.225
v 0.0853282 -0.0694197 0.225
v 0.0820802 -0.0732314 0.225
v 0.078662 -0.0768914 0.225
v 0.0750808 -0.080392 0.225
v 0.071344 -0.0837259 0.225
v 0.0674593 -0.0868864 0.225
v 0.0634348 -0.0898667 0.225
v 0.0592789 -0.0926608 0.225
v 0.055 -0.0952628 0.225
v 0.0506072 -0.0976674 0.225
v 0.0461094 -0.0998695 0.225
v 0.0415161 -0.101865 0.225
v 0.0368368 -0.103649 0.225
v 0.0320811 -0.105218 0.225
v 0.0272589 -0.106569 0.225
v 0.0223802 -0.107699 0.225
v 0.0174551 -0.108606 0.225
v 0.0124938 -0.109288 0.225
v 0.00750667 -0.109744 0.225
v 0.00250395 -0.109971 0.225
v -0.00250395 -0.109971 0.225
v -0.00750667 -0.109744 0.225
v -0.0124938 -0.109288 0.225
v -0.0174551 -0.108606 0.225
v -0.0223802 -0.107699 0.225
v -0.0272589 -0.106569 0.225
v -0.0320811 -0.105218 0.225
v -0.0368368 -0.103649 0.225
v -0.0415161 -0.101865 0.225
v -0.0461094 -0.0998695 0.225
v -0.0506072 -0.0976674 0.225
v -0.055 -0.0952628 0.225
v -0.0592789 -0.0926608 0.225
v -0.0634348 -0.0898667 0.225
v -0.0674593 -0.0868864 0.225
v -0.071344 -0.0837259 0.225
v -0.0750808 -0.080392 0.225
v -0.078662 -0.0768914 0.225
v -0.0820802 -0.0732314 0.225
v -0.0853282 -0.0694197 0.225
v -0.0883994 -0.0654641 0.225
v -0.0912874 -0.0613727 0.225
v -0.0939861 -0.0571542 0.225
v -0.0964901 -0.0528173 0.225
v -0.0987941 -0.0483708 0.225
v -0.100893 -0.0438241 0.225
v -0.102783 -0.0391866 0.225
v -0.10446 -0.0344678 0.225
v -0.105921 -0.0296776 0.225
v -0.107162 -0.0248259 0.225
v -0.108181 -0.0199228 0.225
v -0.108976 -0.0149783 0.225
v -0.109544 -0.0100028 0.225
v -0.109886 -0.00500661 0.225
v -0.11 8.42285e-17 0.225
v -0.109886 0.00500661 0.225
v -0.109544 0.0100028 0.225
v -0.108976 0.0149783 0.225
v -0.108181 0.0199228 0.225
v -0.107162 0.0248259 0.225
v -0.105921 0.0296776 0.225
v -0.10446 0.0344678 0.225
v -0.102783 0.0391866 0.225
v -0.100893 0.0438241 0.225
v -0.0987941 0.0483708 0.225
v -0.0964901 0.0528173 0.225
v -0.0939861 0.0571542 0.225
v -0.0912874 0.0613727 0.225
v -0.0883994 0.0654641 0.225
v -0.0853282 0.0694197 0.225
v -0.0820802 0.0732314 0.225
v -0.078662 0.0768914 0.225
v -0.0750808 0.080392 0.225
v -0.071344 0.0837259 0.225
v -0.0674593 0.0868864 0.225
v -0.0634348 0.0898667 0.225
v -0.0592789 0.0926608 0.225
v -0.055 0.0952628 0.225
v -0.0506072 0.0976674 0.225
v -0.0461094 0.0998695 0.225
v -0.0415161 0.101865 0.225
v -0.0368368 0.103649 0.225
v -0.0320811 0.105218 0.225
v -0.0272589 0.106569 0.225
v -0.0223802 0.107699 0.225
v -0.0174551 0.108606 0.225
v -0.0124938 0.109288 0.225
v -0.00750667 0.109744 0.225
v -0.00250395 0.109971 0.225
v 0.00250395 0.109971 0.225
v 0.00750667 0.109744 0.225
v 0.0124938 0.109288 0.225
v 0.0174551 0.108606 0.225
v 0.0223802 0.107699 0.225
v 0.0272589 0.106569 0.225
v 0.0320811 0.105218 0.225
v 0.0368368 0.103649 0.225
v 0.0415161 0.101865 0.225
v 0.0461094 0.0998695 0.225
v 0.0506072 0.0976674 0.225
v 0.055 0.0952628 0.225
v 0.0592789 0.0926608 0.225
v 0.0634348 0.0898667 0.225
v 0.0674593 0.0868864 0.225
v 0.071344 0.0837259 0.225
v 0.0750808 0.080392 0.225
v 0.078662 0.0768914 0.225
v 0.0820802 0.0732314 0.225
v 0.0853282 0.0694197 0.225
v 0.0883994 0.0654641 0.225
v 0.0912874 0.0613727 0.225
v 0.0939861 0.0571542 0.225
v 0.0964901 0.0528173 0.225
v 0.0987943 0.0483703 0.225
v 0.100894 0.0438221 0.225
v 0.102785 0.0391824 0.225
v 0.104463 0.0344612 0.225
v 0.105923 0.0296691 0.225
v 0.107164 0.0248164 0.225
v 0.107162 -0.0248259 0.04
v 0.107162 -0.0248259 0.045
v 0.107162 -0.0248259 0.05
v 0.107162 -0.0248259 0.055
v 0.107162 -0.0248259 0.06
v 0.107162 -0.0248259 0.065
v 0.107162 -0.0248259 0.07
v 0.107162 -0.0248259 0.075
v 0.107162 -0.0248259 0.08
v 0.107162 -0.0248259 0.085
v 0.107162 -0.0248259 0.09
v 0.107162 -0.0248259 0.095
v 0.107162 -0.0248259 0.1
v 0.107162 -0.0248259 0.105
v 0.107162 -0.0248259 0.11
v 0.107162 -0.0248259 0.115
v 0.107162 -0.0248259 0.12
v 0.107162 -0.0248259 0.125
v 0.107162 -0.0248259 0.13
v 0.107162 -0.0248259 0.135
v 0.107162 -0.0248259 0.14
v 0.107162 -0.0248259 0.145
v 0.107162 -0.0248259 0.15
v 0.107162 -0.0248259 0.155
v 0.107162 -0.0248259 0.16
v 0.107162 -0.0248259 0.165
v 0.107162 -0.0248259 0.17
v 0.107162 -0.0248259 0.175
v 0.107162 -0.0248259 0.18
v 0.107162 -0.0248259 0.185
v 0.107162 -0.0248259 0.19
v 0.107162 -0.0248259 0.195
v 0.107162 -0.0248259 0.2
v 0.107162 -0.0248259 0.205
v 0.107162 -0.0248259 0.21
v 0.107162 -0.0248259 0.215
v 0.107162 -0.0248259 0.22
v 0.10717 0.024793 0.075
v 0.10717 0.0247929 0.08
v 0.10717 0.0247929 0.085
v 0.10717 0.0247928 0.09
v 0.10717 0.0247928 0.095
v 0.10717 0.0247928 0.1
v 0.10717 0.0247928 0.105
v 0.10717 0.0247928 0.11
v 0.10717 0.0247928 0.115
v 0.10717 0.0247928 0.12
v 0.10717 0.0247928 0.125
v 0.10717 0.0247928 0.13
v 0.10717 0.0247928 0.135
v 0.10717 0.0247928 0.14
v 0.10717 0.0247928 0.145
v 0.10717 0.0247928 0.15
v 0.10717 0.0247928 0.155
v 0.10717 0.0247928 0.16
v 0.10717 0.0247928 0.165
v 0.10717 0.0247928 0.17
v 0.10717 0.0247928 0.175
v 0.10717 0.0247928 0.18
v 0.10717 0.0247928 0.185
v 0.10717 0.0247928 0.19
v 0.107169 0.0247936 0.195
v 0.107169 0.0247956 0.2
v 0.107168 0.024799 0.205
v 0.107167 0.0248034 0.21
v 0.107166 0.0248081 0.215
v 0.107165 0.0248126 0.22
v 0.0883994 -0.0654641 0.035
v 0.100893 -0.0438241 0.035
v 0.078662 -0.0768914 0.04
v 0.0750808 -0.080392 0.04
v 0.0939861 -0.0571542 0.04
v 0.0912874 -0.0613727 0.04
v 0.0853282 -0.0694197 0.04
v 0.0820802 -0.0732314 0.04
v 0.071344 -0.0837259 0.04
v 0.0674593 -0.0868864 0.04
v 0.0634348 -0.0898667 0.04
v 0.0592789 -0.0926608 0.04
v 0.055 -0.0952628 0.04
v 0.0506072 -0.0976674 0.04
v 0.0461094 -0.0998695 0.04
v 0.0415161 -0.101865 0.04
v 0.0368368 -0.103649 0.04
v 0.0320811 -0.105218 0.04
v 0.0272589 -0.106569 0.04
v 0.0223802 -0.107699 0.04
v 0.0174551 -0.108606 0.04
v 0.0124938 -0.109288 0.04
v 0.00750667 -0.109744 0.04
v 0.00250395 -0.109971 0.04
v -0.00250395 -0.109971 0.04
v -0.00750667 -0.109744 0.04
v -0.0124938 -0.109288 0.04
v -0.0174551 -0.108606 0.04
v -0.0223802 -0.107699 0.04
v -0.0272589 -0.106569 0.04
v -0.0320811 -0.105218 0.04
v -0.0368368 -0.103649 0.04
v -0.0415161 -0.101865 0.04
v -0.0461094 -0.0998695 0.04
v -0.0506072 -0.0976674 0.04
v -0.055 -0.0952628 0.04
v -0.0592789 -0.0926608 0.04
v -0.0634348 -0.0898667 0.04
v -0.0674593 -0.0868864 0.04
v -0.071344 -0.0837259 0.04
v -0.0750808 -0.080392 0.04
v -0.078662 -0.0768914 0.04
v -0.0820802 -0.0732314 0.04
v -0.0853282 -0.0694197 0.04
v -0.0883994 -0.0654641 0.04
v -0.0912874 -0.0613727 0.04
v -0.0939861 -0.0571542 0.04
v -0.0964901 -0.0528173 0.04
v -0.0987941 -0.0483708 0.04
v -0.100893 -0.0438241 0.04
v -0.102783 -0.0391866 0.04
v -0.10446 -0.0344678 0.04
v -0.105921 -0.0296776 0.04
v -0.107162 -0.0248259 0.04
v -0.108181 -0.0199228 0.04
v -0.108976 -0.0149783 0.04
v -0.109544 -0.0100028 0.04
v -0.109886 -0.00500661 0.04
v -0.11 8.42285e-17 0.04
v -0.109886 0.00500661 0.04
v -0.109544 0.0100028 0.04
v -0.108976 0.0149783 0.04
v -0.108181 0.0199228 0.04
v -0.107162 0.0248259 0.04
v -0.105921 0.0296776 0.04
v -0.10446 0.0344678 0.04
v -0.102783 0.0391866 0.04
v -0.100893 0.0438241 0.04
v -0.0987941 0.0483708 0.04
v -0.0964901 0.0528173 0.04
v -0.0939861 0.0571542 0.04
v -0.0912874 0.0613727 0.04
v -0.0883994 0.0654641 0.04
v -0.0853282 0.0694197 0.04
v -0.0820802 0.0732314 0.04
v -0.078662 0.0768914 0.04
v -0.0750808 0.080392 0.04
v -0.071344 0.0837259 0.04
v -0.0674593 0.0868864 0.04
v -0.0634348 0.0898667 0.04
v -0.0592789 0.0926608 0.04
v -0.055 0.0952628 0.04
v -0.0506072 0.0976674 0.04
v -0.0461094 0.0998695 0.04
v -0.0415161 0.101865 0.04
v -0.0368368 0.103649 0.04
v -0.0320811 0.105218 0.04
v -0.0272589 0.106569 0.04
v -0.0223802 0.107699 0.04
v -0.0174551 0.108606 0.04
v -0.0124938 0.109288 0.04
v -0.00750667 0.109744 0.04
v -0.00250395 0.109971 0.04
v 0.00250395 0.109971 0.04
v 0.00750667 0.109744 0.04
v 0.0124938 0.109288 0.04
v 0.0174551 0.108606 0.04
v 0.0223802 0.107699 0.04
v 0.0272589 0.106569 0.04
v 0.0320811 0.105218 0.04
v 0.0368368 0.103649 0.04
v 0.0415161 0.101865 0.04
v 0.0461094 0.0998695 0.04
v 0.0506072 0.0976674 0.04
v 0.055 0.0952628 0.04
v 0.0592789 0.0926608 0.04
v 0.0634348 0.0898667 0.04
v 0.0674593 0.0868864 0.04
v 0.071344 0.0837259 0.04
v 0.0750808 0.080392 0.04
v 0.078662 0.0768914 0.04
v 0.0820802 0.0732314 0.04
v 0.0853282 0.0694197 0.04
v 0.0883994 0.0654641 0.04
v 0.0912874 0.0613727 0.04
v 0.0939863 0.057154 0.04
v 0.0964906 0.0528162 0.04
v 0.0987954 0.048368 0.04
v 0.100896 0.0438186 0.04
v 0.102787 0.0391781 0.04
v 0.104464 0.0344568 0.04
v 0.105924 0.0296651 0.04
v 0.105926 0.0296602 0.045
v 0.105927 0.0296544 0.05
v 0.105921 -0.0296776 0.22
v 0.105921 -0.0296776 0.04
v 0.10446 -0.0344678 0.04
v 0.105929 0.0296492 0.055
v 0.10593 0.0296449 0.06
v 0.105931 0.0296408 0.065
v 0.102783 -0.0391866 0.04
v 0.105932 0.0296391 0.0700001
v 0.105932 0.0296377 0.0750001
v 0.0987941 -0.0483708 0.04
v 0.0964901 -0.0528173 0.04
v 0.100893 -0.0438241 0.04
v 0.10446 -0.0344678 0.22
v 0.102783 -0.0391866 0.22
v 0.100893 -0.0438241 0.22
v 0.0987941 -0.0483708 0.22
v 0.0964901 -0.0528173 0.22
v 0.0939861 -0.0571542 0.22
v 0.0912874 -0.0613727 0.22
v 0.0883994 -0.0654641 0.22
v 0.0853282 -0.0694197 0.22
v 0.0820802 -0.0732314 0.22
v 0.078662 -0.0768914 0.22
v 0.0750808 -0.080392 0.22
v 0.071344 -0.0837259 0.22
v 0.0674593 -0.0868864 0.22
v 0.0634348 -0.0898667 0.22
v 0.0592789 -0.0926608 0.22
v 0.055 -0.0952628 0.22
v 0.0506072 -0.0976674 0.22
v 0.0461094 -0.0998695 0.22
v 0.0415161 -0.101865 0.22
v 0.0368368 -0.103649 0.22
v 0.0320811 -0.105218 0.22
v 0.0272589 -0.106569 0.22
v 0.0223802 -0.107699 0.22
v 0.0174551 -0.108606 0.22
v 0.0124938 -0.109288 0.22
v 0.00750667 -0.109744 0.22
v 0.00250395 -0.109971 0.22
v -0.00250395 -0.109971 0.22
v -0.00750667 -0.109744 0.22
v -0.0124938 -0.109288 0.22
v -0.0174551 -0.108606 0.22
v -0.0223802 -0.107699 0.22
v -0.0272589 -0.106569 0.22
v -0.0320811 -0.105218 0.22
v -0.0368368 -0.103649 0.22
v -0.0415161 -0.101865 0.22
v -0.0461094 -0.0998695 0.22
v -0.0506072 -0.0976674 0.22
v -0.055 -0.0952628 0.22
v -0.0592789 -0.0926608 0.22
v -0.0634348 -0.0898667 0.22
v -0.0674593 -0.0868864 0.22
v -0.071344 -0.0837259 0.22
v -0.0750808 -0.080392 0.22
v -0.078662 -0.0768914 0.22
v -0.0820802 -0.0732314 0.22
v -0.0853282 -0.0694197 0.22
v -0.0883994 -0.0654641 0.22
v -0.0912874 -0.0613727 0.22
v -0.0939861 -0.0571542 0.22
v -0.0964901 -0.0528173 0.22
v -0.0987941 -0.0483708 0.22
v -0.100893 -0.0438241 0.22
v -0.102783 -0.0391866 0.22
v -0.10446 -0.0344678 0.22
v -0.105921 -0.0296776 0.22
v -0.107162 -0.0248259 0.22
v -0.108181 -0.0199228 0.22
v -0.108976 -0.0149783 0.22
v -0.109544 -0.0100028 0.22
v -0.109886 -0.00500661 0.22
v -0.11 8.42285e-17 0.22
v -0.109886 0.00500661 0.22
v -0.109544 0.0100028 0.22
v -0.108976 0.0149783 0.22
v -0.108181 0.0199228 0.22
v -0.107162 0.0248259 0.22
v -0.105921 0.0296776 0.22
v -0.10446 0.0344678 0.22
v -0.102783 0.0391866 0.22
v -0.100893 0.0438241 0.22
v -0.0987941 0.0483708 0.22
v -0.0964901 0.0528173 0.22
v -0.0939861 0.0571542 0.22
v -0.0912874 0.0613727 0.22
v -0.0883994 0.0654641 0.22
v -0.0853282 0.0694197 0.22
v -0.0820802 0.0732314 0.22
v -0.078662 0.0768914 0.22
v -0.0750808 0.080392 0.22
v -0.071344 0.0837259 0.22
v -0.0674593 0.0868864 0.22
v -0.0634348 0.0898667 0.22
v -0.0592789 0.0926608 0.22
v -0.055 0.0952628 0.22
v -0.0506072 0.0976674 0.22
v -0.0461094 0.0998695 0.22
v -0.0415161 0.101865 0.22
v -0.0368368 0.103649 0.22
v -0.0320811 0.105218 0.22
v -0.0272589 0.106569 0.22
v -0.0223802 0.107699 0.22
v -0.0174551 0.108606 0.22
v -0.0124938 0.109288 0.22
v -0.00750667 0.109744 0.22
v -0.00250395 0.109971 0.22
v 0.00250395 0.109971 0.22
v 0.00750667 0.109744 0.22
v 0.0124938 0.109288 0.22
v 0.0174551 0.108606 0.22
v 0.0223802 0.107699 0.22
v 0.0272589 0.106569 0.22
v 0.0320811 0.105218 0.22
v 0.0368368 0.103649 0.22
v 0.0415161 0.101865 0.22
v 0.0461094 0.0998695 0.22
v 0.0506072 0.0976674 0.22
v 0.055 0.0952628 0.22
v 0.0592789 0.0926608 0.22
v 0.0634348 0.0898667 0.22
v 0.0674593 0.0868864 0.22
v 0.071344 0.0837259 0.22
v 0.0750808 0.080392 0.22
v 0.078662 0.0768914 0.22
v 0.0820802 0.0732314 0.22
v 0.0853282 0.0694197 0.22
v 0.0883994 0.0654641 0.22
v 0.0912874 0.0613727 0.22
v 0.0939861 0.0571542 0.22
v 0.0964904 0.0528166 0.22
v 0.0987952 0.0483685 0.22
v 0.100895 0.0438191 0.22
v 0.102786 0.0391784 0.22
v 0.104464 0.0344569 0.22
v 0.105924 0.029665 0.22
v 0.105921 -0.0296776 0.045
v 0.105921 -0.0296776 0.05
v 0.105921 -0.0296776 0.055
v 0.105921 -0.0296776 0.06
v 0.105921 -0.0296776 0.065
v 0.105921 -0.0296776 0.07
v 0.105921 -0.0296776 0.075
v 0.105921 -0.0296776 0.08
v 0.105921 -0.0296776 0.085
v 0.105921 -0.0296776 0.09
v 0.105921 -0.0296776 0.095
v 0.105921 -0.0296776 0.1
v 0.105921 -0.0296776 0.105
v 0.105921 -0.0296776 0.11
v 0.105921 -0.0296776 0.115
v 0.105921 -0.0296776 0.12
v 0.105921 -0.0296776 0.125
v 0.105921 -0.0296776 0.13
v 0.105921 -0.0296776 0.135
v 0.105921 -0.0296776 0.14
v 0.105921 -0.0296776 0.145
v 0.105921 -0.0296776 0.15
v 0.105921 -0.0296776 0.155
v 0.105921 -0.0296776 0.16
v 0.105921 -0.0296776 0.165
v 0.105921 -0.0296776 0.17
v 0.105921 -0.0296776 0.175
v 0.105921 -0.0296776 0.18
v 0.105921 -0.0296776 0.185
v 0.105921 -0.0296776 0.19
v 0.105921 -0.0296776 0.195
v 0.105921 -0.0296776 0.2
v 0.105921 -0.0296776 0.205
v 0.105921 -0.0296776 0.21
v 0.105921 -0.0296776 0.215
v 0.105932 0.0296372 0.085
v 0.105932 0.0296372 0.09
v 0.105932 0.0296372 0.095
v 0.105932 0.0296372 0.1
v 0.105932 0.0296372 0.105
v 0.105932 0.0296372 0.11
v 0.105932 0.0296372 0.115
v 0.105932 0.0296372 0.12
v 0.105932 0.0296372 0.125
v 0.105932 0.0296372 0.13
v 0.105932 0.0296372 0.135
v 0.105932 0.0296372 0.14
v 0.105932 0.0296372 0.145
v 0.105932 0.0296372 0.15
v 0.105932 0.0296372 0.155
v 0.105932 0.0296372 0.16
v 0.105932 0.0296372 0.165
v 0.105932 0.0296372 0.17
v 0.105932 0.0296372 0.175
v 0.105932 0.0296372 0.18
v 0.105932 0.0296372 0.185
v 0.105932 0.029638 0.19
v 0.105931 0.0296403 0.195
v 0.10593 0.0296442 0.2
v 0.105929 0.0296493 0.205
v 0.105927 0.0296549 0.21
v 0.105926 0.0296603 0.215
v 0.105932 0.0296374 0.08
v 0.0883994 -0.0654641 0.04
v 0.104475 0.0344223 0.0750006
v 0.104476 0.0344208 0.0800004
v 0.0634348 -0.0898667 0.045
v 0.0592789 -0.0926608 0.045
v 0.0820802 -0.0732314 0.045
v 0.078662 -0.0768914 0.045
v 0.10446 -0.0344678 0.045
v 0.0674593 -0.0868864 0.045
v 0.055 -0.0952628 0.045
v 0.0506072 -0.0976674 0.045
v 0.0461094 -0.0998695 0.045
v 0.0415161 -0.101865 0.045
v 0.0368368 -0.103649 0.045
v 0.0320811 -0.105218 0.045
v 0.0272589 -0.106569 0.045
v 0.0223802 -0.107699 0.045
v 0.0174551 -0.108606 0.045
v 0.0124938 -0.109288 0.045
v 0.00750667 -0.109744 0.045
v 0.00250395 -0.109971 0.045
v -0.00250395 -0.109971 0.045
v -0.00750667 -0.109744 0.045
v -0.0124938 -0.109288 0.045
v -0.0174551 -0.108606 0.045
v -0.0223802 -0.107699 0.045
v -0.0272589 -0.106569 0.045
v -0.0320811 -0.105218 0.045
v -0.0368368 -0.103649 0.045
v -0.0415161 -0.101865 0.045
v -0.0461094 -0.0998695 0.045
v -0.0506072 -0.0976674 0.045
v -0.055 -0.0952628 0.045
v -0.0592789 -0.0926608 0.045
v -0.0634348 -0.0898667 0.045
v -0.0674593 -0.0868864 0.045
v -0.071344 -0.0837259 0.045
v -0.0750808 -0.080392 0.045
v -0.078662 -0.0768914 0.045
v -0.0820802 -0.0732314 0.045
v -0.0853282 -0.0694197 0.045
v -0.0883994 -0.0654641 0.045
v -0.0912874 -0.0613727 0.045
v -0.0939861 -0.0571542 0.045
v -0.0964901 -0.0528173 0.045
v -0.0987941 -0.0483708 0.045
v -0.100893 -0.0438241 0.045
v -0.102783 -0.0391866 0.045
v -0.10446 -0.0344678 0.045
v -0.105921 -0.0296776 0.045
v -0.107162 -0.0248259 0.045
v -0.108181 -0.0199228 0.045
v -0.108976 -0.0149783 0.045
v -0.109544 -0.0100028 0.045
v -0.109886 -0.00500661 0.045
v -0.11 8.42285e-17 0.045
v -0.109886 0.00500661 0.045
v -0.109544 0.0100028 0.045
v -0.108976 0.0149783 0.045
v -0.108181 0.0199228 0.045
v -0.107162 0.0248259 0.045
v -0.105921 0.0296776 0.045
v -0.10446 0.0344678 0.045
v -0.102783 0.0391866 0.045
v -0.100893 0.0438241 0.045
v -0.0987941 0.0483708 0.045
v -0.0964901 0.0528173 0.045
v -0.0939861 0.0571542 0.045
v -0.0912874 0.0613727 0.045
v -0.0883994 0.0654641 0.045
v -0.0853282 0.0694197 0.045
v -0.0820802 0.0732314 0.045
v -0.078662 0.0768914 0.045
v -0.0750808 0.080392 0.045
v -0.071344 0.0837259 0.045
v -0.0674593 0.0868864 0.045
v -0.0634348 0.0898667 0.045
v -0.0592789 0.0926608 0.045
v -0.055 0.0952628 0.045
v -0.0506072 0.0976674 0.045
v -0.0461094 0.0998695 0.045
v -0.0415161 0.101865 0.045
v -0.0368368 0.103649 0.045
v -0.0320811 0.105218 0.045
v -0.0272589 0.106569 0.045
v -0.0223802 0.107699 0.045
v -0.0174551 0.108606 0.045
v -0.0124938 0.109288 0.045
v -0.00750667 0.109744 0.045
v -0.00250395 0.109971 0.045
v 0.00250395 0.109971 0.045
v 0.00750667 0.109744 0.045
v 0.0124938 0.109288 0.045
v 0.0174551 0.108606 0.045
v 0.0223802 0.107699 0.045
v 0.0272589 0.106569 0.045
v 0.0320811 0.105218 0.045
v 0.0368368 0.103649 0.045
v 0.0415161 0.101865 0.045
v 0.0461094 0.0998695 0.045
v 0.0506072 0.0976674 0.045
v 0.055 0.0952628 0.045
v 0.0592789 0.0926608 0.045
v 0.0634348 0.0898667 0.045
v 0.0674593 0.0868864 0.045
v 0.071344 0.0837259 0.045
v 0.0750808 0.080392 0.045
v 0.078662 0.0768914 0.045
v 0.0820802 0.0732314 0.045
v 0.0853282 0.0694197 0.045
v 0.0883994 0.0654641 0.045
v 0.0912875 0.0613725 0.0450001
v 0.0939869 0.057153 0.0450002
v 0.096492 0.0528138 0.0450002
v 0.0987973 0.0483641 0.0450002
v 0.100898 0.0438136 0.0450001
v 0.102789 0.0391727 0.045
v 0.104466 0.0344515 0.045
v 0.0964901 -0.0528173 0.045
v 0.0939861 -0.0571542 0.045
v 0.104476 0.0344202 0.095
v 0.104476 0.0344202 0.1
v 0.104472 0.0344335 0.0600002
v 0.104474 0.0344281 0.0650004
v 0.10446 -0.0344678 0.05
v 0.104468 0.0344458 0.0500001
v 0.10447 0.0344396 0.0550001
v 0.0883994 -0.0654641 0.045
v 0.0853282 -0.0694197 0.045
v 0.0987941 -0.0483708 0.045
v 0.102783 -0.0391866 0.045
v 0.104475 0.034425 0.0700006
v 0.0912874 -0.0613727 0.045
v 0.10446 -0.0344678 0.215
v 0.0750808 -0.080392 0.045
v 0.102783 -0.0391866 0.215
v 0.100893 -0.0438241 0.215
v 0.0987941 -0.0483708 0.215
v 0.0964901 -0.0528173 0.215
v 0.0939861 -0.0571542 0.215
v 0.0912874 -0.0613727 0.215
v 0.0883994 -0.0654641 0.215
v 0.0853282 -0.0694197 0.215
v 0.0820802 -0.0732314 0.215
v 0.078662 -0.0768914 0.215
v 0.0750808 -0.080392 0.215
v 0.071344 -0.0837259 0.215
v 0.0674593 -0.0868864 0.215
v 0.0634348 -0.0898667 0.215
v 0.0592789 -0.0926608 0.215
v 0.055 -0.0952628 0.215
v 0.0506072 -0.0976674 0.215
v 0.0461094 -0.0998695 0.215
v 0.0415161 -0.101865 0.215
v 0.0368368 -0.103649 0.215
v 0.0320811 -0.105218 0.215
v 0.0272589 -0.106569 0.215
v 0.0223802 -0.107699 0.215
v 0.0174551 -0.108606 0.215
v 0.0124938 -0.109288 0.215
v 0.00750667 -0.109744 0.215
v 0.00250395 -0.109971 0.215
v -0.00250395 -0.109971 0.215
v -0.00750667 -0.109744 0.215
v -0.0124938 -0.109288 0.215
v -0.0174551 -0.108606 0.215
v -0.0223802 -0.107699 0.215
v -0.0272589 -0.106569 0.215
v -0.0320811 -0.105218 0.215
v -0.0368368 -0.103649 0.215
v -0.0415161 -0.101865 0.215
v -0.0461094 -0.0998695 0.215
v -0.0506072 -0.0976674 0.215
v -0.055 -0.0952628 0.215
v -0.0592789 -0.0926608 0.215
v -0.0634348 -0.0898667 0.215
v -0.0674593 -0.0868864 0.215
v -0.071344 -0.0837259 0.215
v -0.0750808 -0.080392 0.215
v -0.078662 -0.0768914 0.215
v -0.0820802 -0.0732314 0.215
v -0.0853282 -0.0694197 0.215
v -0.0883994 -0.0654641 0.215
v -0.0912874 -0.0613727 0.215
v -0.0939861 -0.0571542 0.215
v -0.0964901 -0.0528173 0.215
v -0.0987941 -0.0483708 0.215
v -0.100893 -0.0438241 0.215
v -0.102783 -0.0391866 0.215
v -0.10446 -0.0344678 0.215
v -0.105921 -0.0296776 0.215
v -0.107162 -0.0248259 0.215
v -0.108181 -0.0199228 0.215
v -0.108976 -0.0149783 0.215
v -0.109544 -0.0100028 0.215
v -0.109886 -0.00500661 0.215
v -0.11 8.42285e-17 0.215
v -0.109886 0.00500661 0.215
v -0.109544 0.0100028 0.215
v -0.108976 0.0149783 0.215
v -0.108181 0.0199228 0.215
v -0.107162 0.0248259 0.215
v -0.105921 0.0296776 0.215
v -0.10446 0.0344678 0.215
v -0.102783 0.0391866 0.215
v -0.100893 0.0438241 0.215
v -0.0987941 0.0483708 0.215
v -0.0964901 0.0528173 0.215
v -0.0939861 0.0571542 0.215
v -0.0912874 0.0613727 0.215
v -0.0883994 0.0654641 0.215
v -0.0853282 0.0694197 0.215
v -0.0820802 0.0732314 0.215
v -0.078662 0.0768914 0.215
v -0.0750808 0.080392 0.215
v -0.071344 0.0837259 0.215
v -0.0674593 0.0868864 0.215
v -0.0634348 0.0898667 0.215
v -0.0592789 0.0926608 0.215
v -0.055 0.0952628 0.215
v -0.0506072 0.0976674 0.215
v -0.0461094 0.0998695 0.215
v -0.0415161 0.101865 0.215
v -0.0368368 0.103649 0.215
v -0.0320811 0.105218 0.215
v -0.0272589 0.106569 0.215
v -0.0223802 0.107699 0.215
v -0.0174551 0.108606 0.215
v -0.0124938 0.109288 0.215
v -0.00750667 0.109744 0.215
v -0.00250395 0.109971 0.215
v 0.00250395 0.109971 0.215
v 0.00750667 0.109744 0.215
v 0.0124938 0.109288 0.215
v 0.0174551 0.108606 0.215
v 0.0223802 0.107699 0.215
v 0.0272589 0.106569 0.215
v 0.0320811 0.105218 0.215
v 0.0368368 0.103649 0.215
v 0.0415161 0.101865 0.215
v 0.0461094 0.0998695 0.215
v 0.0506072 0.0976674 0.215
v 0.055 0.0952628 0.215
v 0.0592789 0.0926608 0.215
v 0.0634348 0.0898667 0.215
v 0.0674593 0.0868864 0.215
v 0.071344 0.0837259 0.215
v 0.0750808 0.080392 0.215
v 0.078662 0.0768914 0.215
v 0.0820802 0.0732314 0.215
v 0.0853282 0.0694197 0.215
v 0.0883994 0.0654641 0.215
v 0.0912874 0.0613727 0.215
v 0.0939866 0.0571535 0.215
v 0.0964915 0.0528146 0.215
v 0.0987969 0.048365 0.215
v 0.100897 0.0438145 0.215
v 0.102788 0.0391734 0.215
v 0.104466 0.034452 0.215
v 0.104476 0.0344204 0.0850002
v 0.10446 -0.0344678 0.055
v 0.10446 -0.0344678 0.06
v 0.10446 -0.0344678 0.065
v 0.10446 -0.0344678 0.07
v 0.10446 -0.0344678 0.075
v 0.10446 -0.0344678 0.08
v 0.10446 -0.0344678 0.085
v 0.10446 -0.0344678 0.09
v 0.10446 -0.0344678 0.095
v 0.10446 -0.0344678 0.1
v 0.10446 -0.0344678 0.105
v 0.10446 -0.0344678 0.11
v 0.10446 -0.0344678 0.115
v 0.10446 -0.0344678 0.12
v 0.10446 -0.0344678 0.125
v 0.10446 -0.0344678 0.13
v 0.10446 -0.0344678 0.135
v 0.10446 -0.0344678 0.14
v 0.10446 -0.0344678 0.145
v 0.10446 -0.0344678 0.15
v 0.10446 -0.0344678 0.155
v 0.10446 -0.0344678 0.16
v 0.10446 -0.0344678 0.165
v 0.10446 -0.0344678 0.17
v 0.10446 -0.0344678 0.175
v 0.10446 -0.0344678 0.18
v 0.10446 -0.0344678 0.185
v 0.10446 -0.0344678 0.19
v 0.10446 -0.0344678 0.195
v 0.10446 -0.0344678 0.2
v 0.10446 -0.0344678 0.205
v 0.10446 -0.0344678 0.21
v 0.104476 0.0344202 0.105
v 0.104476 0.0344202 0.0900001
v 0.104476 0.0344202 0.11
v 0.104476 0.0344202 0.115
v 0.104476 0.0344202 0.12
v 0.104476 0.0344202 0.125
v 0.104476 0.0344202 0.13
v 0.104476 0.0344202 0.135
v 0.104476 0.0344202 0.14
v 0.104476 0.0344202 0.145
v 0.104476 0.0344202 0.15
v 0.104476 0.0344202 0.155
v 0.104476 0.0344202 0.16
v 0.104476 0.0344202 0.165
v 0.104476 0.0344202 0.17
v 0.104476 0.0344202 0.175
v 0.104476 0.0344202 0.18
v 0.104476 0.0344211 0.185
v 0.104475 0.0344236 0.19
v 0.104474 0.034428 0.195
v 0.104472 0.0344338 0.2
v 0.104469 0.0344403 0.205
v 0.104467 0.0344465 0.21
v 0.071344 -0.0837259 0.045
v 0.100893 -0.0438241 0.045
v 0.102804 0.0391327 0.085001
v 0.102804 0.0391321 0.0900004
v 0.102783 -0.0391866 0.05
v 0.100893 -0.0438241 0.05
v 0.0853282 -0.0694197 0.05
v 0.0820802 -0.0732314 0.05
v 0.0674593 -0.0868864 0.05
v 0.0634348 -0.0898667 0.05
v 0.055 -0.0952628 0.05
v 0.0506072 -0.0976674 0.05
v 0.0461094 -0.0998695 0.05
v 0.0368368 -0.103649 0.05
v 0.0320811 -0.105218 0.05
v 0.0272589 -0.106569 0.05
v 0.0223802 -0.107699 0.05
v 0.0174551 -0.108606 0.05
v 0.0124938 -0.109288 0.05
v 0.00750667 -0.109744 0.05
v 0.00250395 -0.109971 0.05
v -0.00250395 -0.109971 0.05
v -0.00750667 -0.109744 0.05
v -0.0124938 -0.109288 0.05
v -0.0174551 -0.108606 0.05
v -0.0223802 -0.107699 0.05
v -0.0272589 -0.106569 0.05
v -0.0320811 -0.105218 0.05
v -0.0368368 -0.103649 0.05
v -0.0415161 -0.101865 0.05
v -0.0461094 -0.0998695 0.05
v -0.0506072 -0.0976674 0.05
v -0.055 -0.0952628 0.05
v -0.0592789 -0.0926608 0.05
v -0.0634348 -0.0898667 0.05
v -0.0674593 -0.0868864 0.05
v -0.071344 -0.0837259 0.05
v -0.0750808 -0.080392 0.05
v -0.078662 -0.0768914 0.05
v -0.0820802 -0.0732314 0.05
v -0.0853282 -0.0694197 0.05
v -0.0883994 -0.0654641 0.05
v -0.0912874 -0.0613727 0.05
v -0.0939861 -0.0571542 0.05
v -0.0964901 -0.0528173 0.05
v -0.0987941 -0.0483708 0.05
v -0.100893 -0.0438241 0.05
v -0.102783 -0.0391866 0.05
v -0.10446 -0.0344678 0.05
v -0.105921 -0.0296776 0.05
v -0.107162 -0.0248259 0.05
v -0.108181 -0.0199228 0.05
v -0.108976 -0.0149783 0.05
v -0.109544 -0.0100028 0.05
v -0.109886 -0.00500661 0.05
v -0.11 8.42285e-17 0.05
v -0.109886 0.00500661 0.05
v -0.109544 0.0100028 0.05
v -0.108976 0.0149783 0.05
v -0.108181 0.0199228 0.05
v -0.107162 0.0248259 0.05
v -0.105921 0.0296776 0.05
v -0.10446 0.0344678 0.05
v -0.102783 0.0391866 0.05
v -0.100893 0.0438241 0.05
v -0.0987941 0.0483708 0.05
v -0.0964901 0.0528173 0.05
v -0.0939861 0.0571542 0.05
v -0.0912874 0.0613727 0.05
v -0.0883994 0.0654641 0.05
v -0.0853282 0.0694197 0.05
v -0.0820802 0.0732314 0.05
v -0.078662 0.0768914 0.05
v -0.0750808 0.080392 0.05
v -0.071344 0.0837259 0.05
v -0.0674593 0.0868864 0.05
v -0.0634348 0.0898667 0.05
v -0.0592789 0.0926608 0.05
v -0.055 0.0952628 0.05
v -0.0506072 0.0976674 0.05
v -0.0461094 0.0998695 0.05
v -0.0415161 0.101865 0.05
v -0.0368368 0.103649 0.05
v -0.0320811 0.105218 0.05
v -0.0272589 0.106569 0.05
v -0.0223802 0.107699 0.05
v -0.0174551 0.108606 0.05
v -0.0124938 0.109288 0.05
v -0.00750667 0.109744 0.05
v -0.00250395 0.109971 0.05
v 0.00250395 0.109971 0.05
v 0.00750667 0.109744 0.05
v 0.0124938 0.109288 0.05
v 0.0174551 0.108606 0.05
v 0.0223802 0.107699 0.05
v 0.0272589 0.106569 0.05
v 0.0320811 0.105218 0.05
v 0.0368368 0.103649 0.05
v 0.0415161 0.101865 0.05
v 0.0461094 0.0998695 0.05
v 0.0506072 0.0976674 0.05
v 0.055 0.0952628 0.05
v 0.0592789 0.0926608 0.05
v 0.0634348 0.0898667 0.05
v 0.0674593 0.0868864 0.05
v 0.071344 0.0837259 0.05
v 0.0750808 0.080392 0.05
v 0.078662 0.0768914 0.05
v 0.0820802 0.0732314 0.05
v 0.0853282 0.0694197 0.05
v 0.0883996 0.0654639 0.0500002
v 0.0912881 0.0613716 0.0500006
v 0.0939883 0.0571508 0.0500009
v 0.0964941 0.05281 0.0500009
v 0.0987999 0.0483589 0.0500007
v 0.1009 0.0438077 0.0500004
v 0.102791 0.0391667 0.0500002
v 0.102793 0.0391605 0.0550005
v 0.102796 0.0391535 0.0600009
v 0.102804 0.039132 0.0950002
v 0.102804 0.039132 0.1
v 0.0912874 -0.0613727 0.05
v 0.0883994 -0.0654641 0.05
v 0.0964901 -0.0528173 0.05
v 0.0939861 -0.0571542 0.05
v 0.078662 -0.0768914 0.05
v 0.0750808 -0.080392 0.05
v 0.102804 0.039132 0.11
v 0.102804 0.039132 0.115
v 0.071344 -0.0837259 0.05
v 0.0592789 -0.0926608 0.05
v 0.102783 -0.0391866 0.21
v 0.100893 -0.0438241 0.21
v 0.0987941 -0.0483708 0.21
v 0.0964901 -0.0528173 0.21
v 0.0939861 -0.0571542 0.21
v 0.0912874 -0.0613727 0.21
v 0.0883994 -0.0654641 0.21
v 0.0853282 -0.0694197 0.21
v 0.0820802 -0.0732314 0.21
v 0.078662 -0.0768914 0.21
v 0.0750808 -0.080392 0.21
v 0.071344 -0.0837259 0.21
v 0.0674593 -0.0868864 0.21
v 0.0634348 -0.0898667 0.21
v 0.0592789 -0.0926608 0.21
v 0.055 -0.0952628 0.21
v 0.0506072 -0.0976674 0.21
v 0.0461094 -0.0998695 0.21
v 0.0415161 -0.101865 0.21
v 0.0368368 -0.103649 0.21
v 0.0320811 -0.105218 0.21
v 0.0272589 -0.106569 0.21
v 0.0223802 -0.107699 0.21
v 0.0174551 -0.108606 0.21
v 0.0124938 -0.109288 0.21
v 0.00750667 -0.109744 0.21
v 0.00250395 -0.109971 0.21
v -0.00250395 -0.109971 0.21
v -0.00750667 -0.109744 0.21
v -0.0124938 -0.109288 0.21
v -0.0174551 -0.108606 0.21
v -0.0223802 -0.107699 0.21
v -0.0272589 -0.106569 0.21
v -0.0320811 -0.105218 0.21
v -0.0368368 -0.103649 0.21
v -0.0415161 -0.101865 0.21
v -0.0461094 -0.0998695 0.21
v -0.0506072 -0.0976674 0.21
v -0.055 -0.0952628 0.21
v -0.0592789 -0.0926608 0.21
v -0.0634348 -0.0898667 0.21
v -0.0674593 -0.0868864 0.21
v -0.071344 -0.0837259 0.21
v -0.0750808 -0.080392 0.21
v -0.078662 -0.0768914 0.21
v -0.0820802 -0.0732314 0.21
v -0.0853282 -0.0694197 0.21
v -0.0883994 -0.0654641 0.21
v -0.0912874 -0.0613727 0.21
v -0.0939861 -0.0571542 0.21
v -0.0964901 -0.0528173 0.21
v -0.0987941 -0.0483708 0.21
v -0.100893 -0.0438241 0.21
v -0.102783 -0.0391866 0.21
v -0.10446 -0.0344678 0.21
v -0.105921 -0.0296776 0.21
v -0.107162 -0.0248259 0.21
v -0.108181 -0.0199228 0.21
v -0.108976 -0.0149783 0.21
v -0.109544 -0.0100028 0.21
v -0.109886 -0.00500661 0.21
v -0.11 8.42285e-17 0.21
v -0.109886 0.00500661 0.21
v -0.109544 0.0100028 0.21
v -0.108976 0.0149783 0.21
v -0.108181 0.0199228 0.21
v -0.107162 0.0248259 0.21
v -0.105921 0.0296776 0.21
v -0.10446 0.0344678 0.21
v -0.102783 0.0391866 0.21
v -0.100893 0.0438241 0.21
v -0.0987941 0.0483708 0.21
v -0.0964901 0.0528173 0.21
v -0.0939861 0.0571542 0.21
v -0.0912874 0.0613727 0.21
v -0.0883994 0.0654641 0.21
v -0.0853282 0.0694197 0.21
v -0.0820802 0.0732314 0.21
v -0.078662 0.0768914 0.21
v -0.0750808 0.080392 0.21
v -0.071344 0.0837259 0.21
v -0.0674593 0.0868864 0.21
v -0.0634348 0.0898667 0.21
v -0.0592789 0.0926608 0.21
v -0.055 0.0952628 0.21
v -0.0506072 0.0976674 0.21
v -0.0461094 0.0998695 0.21
v -0.0415161 0.101865 0.21
v -0.0368368 0.103649 0.21
v -0.0320811 0.105218 0.21
v -0.0272589 0.106569 0.21
v -0.0223802 0.107699 0.21
v -0.0174551 0.108606 0.21
v -0.0124938 0.109288 0.21
v -0.00750667 0.109744 0.21
v -0.00250395 0.109971 0.21
v 0.00250395 0.109971 0.21
v 0.00750667 0.109744 0.21
v 0.0124938 0.109288 0.21
v 0.0174551 0.108606 0.21
v 0.0223802 0.107699 0.21
v 0.0272589 0.106569 0.21
v 0.0320811 0.105218 0.21
v 0.0368368 0.103649 0.21
v 0.0415161 0.101865 0.21
v 0.0461094 0.0998695 0.21
v 0.0506072 0.0976674 0.21
v 0.055 0.0952628 0.21
v 0.0592789 0.0926608 0.21
v 0.0634348 0.0898667 0.21
v 0.0674593 0.0868864 0.21
v 0.071344 0.0837259 0.21
v 0.0750808 0.080392 0.21
v 0.078662 0.0768914 0.21
v 0.0820802 0.0732314 0.21
v 0.0853282 0.0694197 0.21
v 0.0883995 0.065464 0.21
v 0.091288 0.0613718 0.21
v 0.093988 0.0571511 0.21
v 0.0964938 0.0528106 0.21
v 0.0987995 0.0483597 0.21
v 0.1009 0.0438086 0.21
v 0.102791 0.0391676 0.21
v 0.102783 -0.0391866 0.055
v 0.102798 0.0391479 0.0650016
v 0.1028 0.0391419 0.070002
v 0.102783 -0.0391866 0.06
v 0.102783 -0.0391866 0.065
v 0.102783 -0.0391866 0.07
v 0.102783 -0.0391866 0.075
v 0.102783 -0.0391866 0.08
v 0.102783 -0.0391866 0.085
v 0.102783 -0.0391866 0.09
v 0.102783 -0.0391866 0.095
v 0.102783 -0.0391866 0.1
v 0.102783 -0.0391866 0.105
v 0.102783 -0.0391866 0.11
v 0.102783 -0.0391866 0.115
v 0.102783 -0.0391866 0.12
v 0.102783 -0.0391866 0.125
v 0.102783 -0.0391866 0.13
v 0.102783 -0.0391866 0.135
v 0.102783 -0.0391866 0.14
v 0.102783 -0.0391866 0.145
v 0.102783 -0.0391866 0.15
v 0.102783 -0.0391866 0.155
v 0.102783 -0.0391866 0.16
v 0.102783 -0.0391866 0.165
v 0.102783 -0.0391866 0.17
v 0.102783 -0.0391866 0.175
v 0.102783 -0.0391866 0.18
v 0.102783 -0.0391866 0.185
v 0.102783 -0.0391866 0.19
v 0.102783 -0.0391866 0.195
v 0.102783 -0.0391866 0.2
v 0.102783 -0.0391866 0.205
v 0.102804 0.039132 0.12
v 0.102804 0.039132 0.125
v 0.102804 0.039132 0.13
v 0.102804 0.039132 0.135
v 0.102804 0.039132 0.14
v 0.102804 0.039132 0.145
v 0.102804 0.039132 0.15
v 0.102804 0.039132 0.155
v 0.102804 0.039132 0.16
v 0.102804 0.039132 0.165
v 0.102804 0.039132 0.17
v 0.102804 0.039132 0.175
v 0.102804 0.0391329 0.18
v 0.102803 0.0391356 0.185
v 0.102801 0.0391404 0.19
v 0.102798 0.0391469 0.195
v 0.102796 0.0391542 0.2
v 0.102793 0.0391613 0.205
v 0.102803 0.0391346 0.0800018
v 0.102802 0.0391382 0.0750024
v 0.0987941 -0.0483708 0.05
v 0.0415161 -0.101865 0.05
v 0.102804 0.039132 0.105
v 0.0461094 -0.0998695 0.055
v 0.0415161 -0.101865 0.055
v 0.100893 -0.0438241 0.055
v 0.0272589 -0.106569 0.055
v 0.0223802 -0.107699 0.055
v 0.0506072 -0.0976674 0.055
v 0.0368368 -0.103649 0.055
v 0.0320811 -0.105218 0.055
v 0.0174551 -0.108606 0.055
v 0.0124938 -0.109288 0.055
v 0.00750667 -0.109744 0.055
v 0.00250395 -0.109971 0.055
v -0.00250395 -0.109971 0.055
v -0.00750667 -0.109744 0.055
v -0.0124938 -0.109288 0.055
v -0.0174551 -0.108606 0.055
v -0.0223802 -0.107699 0.055
v -0.0272589 -0.106569 0.055
v -0.0320811 -0.105218 0.055
v -0.0368368 -0.103649 0.055
v -0.0415161 -0.101865 0.055
v -0.0461094 -0.0998695 0.055
v -0.0506072 -0.0976674 0.055
v -0.055 -0.0952628 0.055
v -0.0592789 -0.0926608 0.055
v -0.0634348 -0.0898667 0.055
v -0.0674593 -0.0868864 0.055
v -0.071344 -0.0837259 0.055
v -0.0750808 -0.080392 0.055
v -0.078662 -0.0768914 0.055
v -0.0820802 -0.0732314 0.055
v -0.0853282 -0.0694197 0.055
v -0.0883994 -0.0654641 0.055
v -0.0912874 -0.0613727 0.055
v -0.0939861 -0.0571542 0.055
v -0.0964901 -0.0528173 0.055
v -0.0987941 -0.0483708 0.055
v -0.100893 -0.0438241 0.055
v -0.102783 -0.0391866 0.055
v -0.10446 -0.0344678 0.055
v -0.105921 -0.0296776 0.055
v -0.107162 -0.0248259 0.055
v -0.108181 -0.0199228 0.055
v -0.108976 -0.0149783 0.055
v -0.109544 -0.0100028 0.055
v -0.109886 -0.00500661 0.055
v -0.11 8.42285e-17 0.055
v -0.109886 0.00500661 0.055
v -0.109544 0.0100028 0.055
v -0.108976 0.0149783 0.055
v -0.108181 0.0199228 0.055
v -0.107162 0.0248259 0.055
v -0.105921 0.0296776 0.055
v -0.10446 0.0344678 0.055
v -0.102783 0.0391866 0.055
v -0.100893 0.0438241 0.055
v -0.0987941 0.0483708 0.055
v -0.0964901 0.0528173 0.055
v -0.0939861 0.0571542 0.055
v -0.0912874 0.0613727 0.055
v -0.0883994 0.0654641 0.055
v -0.0853282 0.0694197 0.055
v -0.0820802 0.0732314 0.055
v -0.078662 0.0768914 0.055
v -0.0750808 0.080392 0.055
v -0.071344 0.0837259 0.055
v -0.0674593 0.0868864 0.055
v -0.0634348 0.0898667 0.055
v -0.0592789 0.0926608 0.055
v -0.055 0.0952628 0.055
v -0.0506072 0.0976674 0.055
v -0.0461094 0.0998695 0.055
v -0.0415161 0.101865 0.055
v -0.0368368 0.103649 0.055
v -0.0320811 0.105218 0.055
v -0.0272589 0.106569 0.055
v -0.0223802 0.107699 0.055
v -0.0174551 0.108606 0.055
v -0.0124938 0.109288 0.055
v -0.00750667 0.109744 0.055
v -0.00250395 0.109971 0.055
v 0.00250395 0.109971 0.055
v 0.00750667 0.109744 0.055
v 0.0124938 0.109288 0.055
v 0.0174551 0.108606 0.055
v 0.0223802 0.107699 0.055
v 0.0272589 0.106569 0.055
v 0.0320811 0.105218 0.055
v 0.0368368 0.103649 0.055
v 0.0415161 0.101865 0.055
v 0.0461094 0.0998695 0.055
v 0.0506072 0.0976674 0.055
v 0.055 0.0952628 0.055
v 0.0592789 0.0926608 0.055
v 0.0634348 0.0898667 0.055
v 0.0674593 0.0868864 0.055
v 0.071344 0.0837259 0.055
v 0.0750808 0.080392 0.055
v 0.078662 0.0768914 0.055
v 0.0820802 0.0732314 0.055
v 0.0853283 0.0694196 0.0550003
v 0.0884001 0.0654631 0.055001
v 0.0912895 0.0613696 0.0550019
v 0.0939904 0.0571472 0.0550025
v 0.0964968 0.052805 0.0550024
v 0.0988027 0.0483531 0.0550019
v 0.100903 0.0438017 0.0550012
v 0.100917 0.0437697 0.0800044
v 0.100919 0.0437658 0.0850028
v 0.10092 0.0437631 0.0950006
v 0.10092 0.0437629 0.1
v 0.071344 -0.0837259 0.055
v 0.0674593 -0.0868864 0.055
v 0.100919 0.0437642 0.0900016
v 0.100914 0.0437753 0.075005
v 0.10092 0.0437629 0.12
v 0.10092 0.0437629 0.125
v 0.0592789 -0.0926608 0.055
v 0.055 -0.0952628 0.055
v 0.0987941 -0.0483708 0.055
v 0.0634348 -0.0898667 0.055
v 0.10092 0.0437629 0.105
v 0.100893 -0.0438241 0.205
v 0.0987941 -0.0483708 0.205
v 0.0964901 -0.0528173 0.205
v 0.0939861 -0.0571542 0.205
v 0.0912874 -0.0613727 0.205
v 0.0883994 -0.0654641 0.205
v 0.0853282 -0.0694197 0.205
v 0.0820802 -0.0732314 0.205
v 0.078662 -0.0768914 0.205
v 0.0750808 -0.080392 0.205
v 0.071344 -0.0837259 0.205
v 0.0674593 -0.0868864 0.205
v 0.0634348 -0.0898667 0.205
v 0.0592789 -0.0926608 0.205
v 0.055 -0.0952628 0.205
v 0.0506072 -0.0976674 0.205
v 0.0461094 -0.0998695 0.205
v 0.0415161 -0.101865 0.205
v 0.0368368 -0.103649 0.205
v 0.0320811 -0.105218 0.205
v 0.0272589 -0.106569 0.205
v 0.0223802 -0.107699 0.205
v 0.0174551 -0.108606 0.205
v 0.0124938 -0.109288 0.205
v 0.00750667 -0.109744 0.205
v 0.00250395 -0.109971 0.205
v -0.00250395 -0.109971 0.205
v -0.00750667 -0.109744 0.205
v -0.0124938 -0.109288 0.205
v -0.0174551 -0.108606 0.205
v -0.0223802 -0.107699 0.205
v -0.0272589 -0.106569 0.205
v -0.0320811 -0.105218 0.205
v -0.0368368 -0.103649 0.205
v -0.0415161 -0.101865 0.205
v -0.0461094 -0.0998695 0.205
v -0.0506072 -0.0976674 0.205
v -0.055 -0.0952628 0.205
v -0.0592789 -0.0926608 0.205
v -0.0634348 -0.0898667 0.205
v -0.0674593 -0.0868864 0.205
v -0.071344 -0.0837259 0.205
v -0.0750808 -0.080392 0.205
v -0.078662 -0.0768914 0.205
v -0.0820802 -0.0732314 0.205
v -0.0853282 -0.0694197 0.205
v -0.0883994 -0.0654641 0.205
v -0.0912874 -0.0613727 0.205
v -0.0939861 -0.0571542 0.205
v -0.0964901 -0.0528173 0.205
v -0.0987941 -0.0483708 0.205
v -0.100893 -0.0438241 0.205
v -0.102783 -0.0391866 0.205
v -0.10446 -0.0344678 0.205
v -0.105921 -0.0296776 0.205
v -0.107162 -0.0248259 0.205
v -0.108181 -0.0199228 0.205
v -0.108976 -0.0149783 0.205
v -0.109544 -0.0100028 0.205
v -0.109886 -0.00500661 0.205
v -0.11 8.42285e-17 0.205
v -0.109886 0.00500661 0.205
v -0.109544 0.0100028 0.205
v -0.108976 0.0149783 0.205
v -0.108181 0.0199228 0.205
v -0.107162 0.0248259 0.205
v -0.105921 0.0296776 0.205
v -0.10446 0.0344678 0.205
v -0.102783 0.0391866 0.205
v -0.100893 0.0438241 0.205
v -0.0987941 0.0483708 0.205
v -0.0964901 0.0528173 0.205
v -0.0939861 0.0571542 0.205
v -0.0912874 0.0613727 0.205
v -0.0883994 0.0654641 0.205
v -0.0853282 0.0694197 0.205
v -0.0820802 0.0732314 0.205
v -0.078662 0.0768914 0.205
v -0.0750808 0.080392 0.205
v -0.071344 0.0837259 0.205
v -0.0674593 0.0868864 0.205
v -0.0634348 0.0898667 0.205
v -0.0592789 0.0926608 0.205
v -0.055 0.0952628 0.205
v -0.0506072 0.0976674 0.205
v -0.0461094 0.0998695 0.205
v -0.0415161 0.101865 0.205
v -0.0368368 0.103649 0.205
v -0.0320811 0.105218 0.205
v -0.0272589 0.106569 0.205
v -0.0223802 0.107699 0.205
v -0.0174551 0.108606 0.205
v -0.0124938 0.109288 0.205
v -0.00750667 0.109744 0.205
v -0.00250395 0.109971 0.205
v 0.00250395 0.109971 0.205
v 0.00750667 0.109744 0.205
v 0.0124938 0.109288 0.205
v 0.0174551 0.108606 0.205
v 0.0223802 0.107699 0.205
v 0.0272589 0.106569 0.205
v 0.0320811 0.105218 0.205
v 0.0368368 0.103649 0.205
v 0.0415161 0.101865 0.205
v 0.0461094 0.0998695 0.205
v 0.0506072 0.0976674 0.205
v 0.055 0.0952628 0.205
v 0.0592789 0.0926608 0.205
v 0.0634348 0.0898667 0.205
v 0.0674593 0.0868864 0.205
v 0.071344 0.0837259 0.205
v 0.0750808 0.080392 0.205
v 0.078662 0.0768914 0.205
v 0.0820802 0.0732314 0.205
v 0.0853284 0.0694194 0.205
v 0.0884004 0.0654627 0.205
v 0.09129 0.0613689 0.204999
v 0.0939909 0.0571464 0.204999
v 0.0964971 0.0528044 0.204999
v 0.0988028 0.0483529 0.205
v 0.100903 0.043802 0.205
v 0.100893 -0.0438241 0.06
v 0.10092 0.0437629 0.11
v 0.10092 0.0437629 0.115
v 0.100909 0.0437886 0.0650034
v 0.100912 0.0437816 0.0700044
v 0.100893 -0.0438241 0.065
v 0.100893 -0.0438241 0.07
v 0.100893 -0.0438241 0.075
v 0.100893 -0.0438241 0.08
v 0.100893 -0.0438241 0.085
v 0.100893 -0.0438241 0.09
v 0.100893 -0.0438241 0.095
v 0.100893 -0.0438241 0.1
v 0.100893 -0.0438241 0.105
v 0.100893 -0.0438241 0.11
v 0.100893 -0.0438241 0.115
v 0.100893 -0.0438241 0.12
v 0.100893 -0.0438241 0.125
v 0.100893 -0.0438241 0.13
v 0.100893 -0.0438241 0.135
v 0.100893 -0.0438241 0.14
v 0.100893 -0.0438241 0.145
v 0.100893 -0.0438241 0.15
v 0.100893 -0.0438241 0.155
v 0.100893 -0.0438241 0.16
v 0.100893 -0.0438241 0.165
v 0.100893 -0.0438241 0.17
v 0.100893 -0.0438241 0.175
v 0.100893 -0.0438241 0.18
v 0.100893 -0.0438241 0.185
v 0.100893 -0.0438241 0.19
v 0.100893 -0.0438241 0.195
v 0.100893 -0.0438241 0.2
v 0.078662 -0.0768914 0.055
v 0.0750808 -0.080392 0.055
v 0.0964901 -0.0528173 0.055
v 0.0939861 -0.0571542 0.055
v 0.10092 0.0437629 0.13
v 0.10092 0.0437629 0.135
v 0.10092 0.0437629 0.14
v 0.10092 0.0437629 0.145
v 0.10092 0.0437629 0.15
v 0.10092 0.0437629 0.155
v 0.10092 0.0437629 0.16
v 0.10092 0.043763 0.165
v 0.10092 0.0437631 0.17
v 0.100919 0.043764 0.175
v 0.100918 0.0437668 0.18
v 0.100916 0.0437718 0.184999
v 0.100913 0.0437787 0.189999
v 0.10091 0.0437867 0.194999
v 0.100906 0.0437948 0.2
v 0.100906 0.0437954 0.0600023
v 0.0820802 -0.0732314 0.055
v 0.0912874 -0.0613727 0.055
v 0.0883994 -0.0654641 0.055
v 0.0853282 -0.0694197 0.055
v 0.0674593 -0.0868864 0.06
v 0.0634348 -0.0898667 0.06
v 0.098827 0.0483034 0.105
v 0.098827 0.0483034 0.11
v 0.0272589 -0.106569 0.06
v 0.0223802 -0.107699 0.06
v 0.0368368 -0.103649 0.06
v 0.0320811 -0.105218 0.06
v 0.0988056 0.0483473 0.0600036
v 0.0988091 0.0483401 0.0650054
v 0.0124938 -0.109288 0.06
v 0.00750667 -0.109744 0.06
v -0.00250395 -0.109971 0.06
v -0.00750667 -0.109744 0.06
v -0.0124938 -0.109288 0.06
v -0.0174551 -0.108606 0.06
v -0.0223802 -0.107699 0.06
v -0.0272589 -0.106569 0.06
v -0.0320811 -0.105218 0.06
v -0.0368368 -0.103649 0.06
v -0.0415161 -0.101865 0.06
v -0.0461094 -0.0998695 0.06
v -0.0506072 -0.0976674 0.06
v -0.055 -0.0952628 0.06
v -0.0592789 -0.0926608 0.06
v -0.0634348 -0.0898667 0.06
v -0.0674593 -0.0868864 0.06
v -0.071344 -0.0837259 0.06
v -0.0750808 -0.080392 0.06
v -0.078662 -0.0768914 0.06
v -0.0820802 -0.0732314 0.06
v -0.0853282 -0.0694197 0.06
v -0.0883994 -0.0654641 0.06
v -0.0912874 -0.0613727 0.06
v -0.0939861 -0.0571542 0.06
v -0.0964901 -0.0528173 0.06
v -0.0987941 -0.0483708 0.06
v -0.100893 -0.0438241 0.06
v -0.102783 -0.0391866 0.06
v -0.10446 -0.0344678 0.06
v -0.105921 -0.0296776 0.06
v -0.107162 -0.0248259 0.06
v -0.108181 -0.0199228 0.06
v -0.108976 -0.0149783 0.06
v -0.109544 -0.0100028 0.06
v -0.109886 -0.00500661 0.06
v -0.11 8.42285e-17 0.06
v -0.109886 0.00500661 0.06
v -0.109544 0.0100028 0.06
v -0.108976 0.0149783 0.06
v -0.108181 0.0199228 0.06
v -0.107162 0.0248259 0.06
v -0.105921 0.0296776 0.06
v -0.10446 0.0344678 0.06
v -0.102783 0.0391866 0.06
v -0.100893 0.0438241 0.06
v -0.0987941 0.0483708 0.06
v -0.0964901 0.0528173 0.06
v -0.0939861 0.0571542 0.06
v -0.0912874 0.0613727 0.06
v -0.0883994 0.0654641 0.06
v -0.0853282 0.0694197 0.06
v -0.0820802 0.0732314 0.06
v -0.078662 0.0768914 0.06
v -0.0750808 0.080392 0.06
v -0.071344 0.0837259 0.06
v -0.0674593 0.0868864 0.06
v -0.0634348 0.0898667 0.06
v -0.0592789 0.0926608 0.06
v -0.055 0.0952628 0.06
v -0.0506072 0.0976674 0.06
v -0.0461094 0.0998695 0.06
v -0.0415161 0.101865 0.06
v -0.0368368 0.103649 0.06
v -0.0320811 0.105218 0.06
v -0.0272589 0.106569 0.06
v -0.0223802 0.107699 0.06
v -0.0174551 0.108606 0.06
v -0.0124938 0.109288 0.06
v -0.00750667 0.109744 0.06
v -0.00250395 0.109971 0.06
v 0.00250395 0.109971 0.06
v 0.00750667 0.109744 0.06
v 0.0124938 0.109288 0.06
v 0.0174551 0.108606 0.06
v 0.0223802 0.107699 0.06
v 0.0272589 0.106569 0.06
v 0.0320811 0.105218 0.06
v 0.0368368 0.103649 0.06
v 0.0415161 0.101865 0.06
v 0.0461094 0.0998695 0.06
v 0.0506072 0.0976674 0.06
v 0.055 0.0952628 0.06
v 0.0592789 0.0926608 0.06
v 0.0634348 0.0898667 0.06
v 0.0674593 0.0868864 0.06
v 0.071344 0.0837259 0.06
v 0.0750808 0.080392 0.06
v 0.078662 0.0768914 0.06
v 0.0820803 0.0732314 0.0600002
v 0.0853289 0.0694189 0.060001
v 0.0884016 0.0654611 0.0600025
v 0.0912919 0.061366 0.0600039
v 0.0939935 0.0571421 0.0600047
v 0.0965 0.0527991 0.0600045
v 0.0912874 -0.0613727 0.06
v 0.0883994 -0.0654641 0.06
v 0.0988265 0.0483045 0.0950013
v 0.098827 0.0483036 0.1
v 0.0415161 -0.101865 0.06
v 0.0987941 -0.0483708 0.06
v 0.071344 -0.0837259 0.06
v 0.0988231 0.0483115 0.085005
v 0.0988252 0.0483071 0.090003
v 0.0988165 0.0483249 0.0750074
v 0.0988202 0.0483174 0.0800069
v 0.0592789 -0.0926608 0.06
v 0.055 -0.0952628 0.06
v 0.0461094 -0.0998695 0.06
v 0.0174551 -0.108606 0.06
v 0.00250395 -0.109971 0.06
v 0.098827 0.0483034 0.115
v 0.098827 0.0483034 0.12
v 0.0853282 -0.0694197 0.06
v 0.0939861 -0.0571542 0.06
v 0.098827 0.0483034 0.125
v 0.098827 0.0483034 0.13
v 0.0987941 -0.0483708 0.2
v 0.0964901 -0.0528173 0.2
v 0.0939861 -0.0571542 0.2
v 0.0912874 -0.0613727 0.2
v 0.0883994 -0.0654641 0.2
v 0.0853282 -0.0694197 0.2
v 0.0820802 -0.0732314 0.2
v 0.078662 -0.0768914 0.2
v 0.0750808 -0.080392 0.2
v 0.071344 -0.0837259 0.2
v 0.0674593 -0.0868864 0.2
v 0.0634348 -0.0898667 0.2
v 0.0592789 -0.0926608 0.2
v 0.055 -0.0952628 0.2
v 0.0506072 -0.0976674 0.2
v 0.0461094 -0.0998695 0.2
v 0.0415161 -0.101865 0.2
v 0.0368368 -0.103649 0.2
v 0.0320811 -0.105218 0.2
v 0.0272589 -0.106569 0.2
v 0.0223802 -0.107699 0.2
v 0.0174551 -0.108606 0.2
v 0.0124938 -0.109288 0.2
v 0.00750667 -0.109744 0.2
v 0.00250395 -0.109971 0.2
v -0.00250395 -0.109971 0.2
v -0.00750667 -0.109744 0.2
v -0.0124938 -0.109288 0.2
v -0.0174551 -0.108606 0.2
v -0.0223802 -0.107699 0.2
v -0.0272589 -0.106569 0.2
v -0.0320811 -0.105218 0.2
v -0.0368368 -0.103649 0.2
v -0.0415161 -0.101865 0.2
v -0.0461094 -0.0998695 0.2
v -0.0506072 -0.0976674 0.2
v -0.055 -0.0952628 0.2
v -0.0592789 -0.0926608 0.2
v -0.0634348 -0.0898667 0.2
v -0.0674593 -0.0868864 0.2
v -0.071344 -0.0837259 0.2
v -0.0750808 -0.080392 0.2
v -0.078662 -0.0768914 0.2
v -0.0820802 -0.0732314 0.2
v -0.0853282 -0.0694197 0.2
v -0.0883994 -0.0654641 0.2
v -0.0912874 -0.0613727 0.2
v -0.0939861 -0.0571542 0.2
v -0.0964901 -0.0528173 0.2
v -0.0987941 -0.0483708 0.2
v -0.100893 -0.0438241 0.2
v -0.102783 -0.0391866 0.2
v -0.10446 -0.0344678 0.2
v -0.105921 -0.0296776 0.2
v -0.107162 -0.0248259 0.2
v -0.108181 -0.0199228 0.2
v -0.108976 -0.0149783 0.2
v -0.109544 -0.0100028 0.2
v -0.109886 -0.00500661 0.2
v -0.11 8.42285e-17 0.2
v -0.109886 0.00500661 0.2
v -0.109544 0.0100028 0.2
v -0.108976 0.0149783 0.2
v -0.108181 0.0199228 0.2
v -0.107162 0.0248259 0.2
v -0.105921 0.0296776 0.2
v -0.10446 0.0344678 0.2
v -0.102783 0.0391866 0.2
v -0.100893 0.0438241 0.2
v -0.0987941 0.0483708 0.2
v -0.0964901 0.0528173 0.2
v -0.0939861 0.0571542 0.2
v -0.0912874 0.0613727 0.2
v -0.0883994 0.0654641 0.2
v -0.0853282 0.0694197 0.2
v -0.0820802 0.0732314 0.2
v -0.078662 0.0768914 0.2
v -0.0750808 0.080392 0.2
v -0.071344 0.0837259 0.2
v -0.0674593 0.0868864 0.2
v -0.0634348 0.0898667 0.2
v -0.0592789 0.0926608 0.2
v -0.055 0.0952628 0.2
v -0.0506072 0.0976674 0.2
v -0.0461094 0.0998695 0.2
v -0.0415161 0.101865 0.2
v -0.0368368 0.103649 0.2
v -0.0320811 0.105218 0.2
v -0.0272589 0.106569 0.2
v -0.0223802 0.107699 0.2
v -0.0174551 0.108606 0.2
v -0.0124938 0.109288 0.2
v -0.00750667 0.109744 0.2
v -0.00250395 0.109971 0.2
v 0.00250395 0.109971 0.2
v 0.00750667 0.109744 0.2
v 0.0124938 0.109288 0.2
v 0.0174551 0.108606 0.2
v 0.0223802 0.107699 0.2
v 0.0272589 0.106569 0.2
v 0.0320811 0.105218 0.2
v 0.0368368 0.103649 0.2
v 0.0415161 0.101865 0.2
v 0.0461094 0.0998695 0.2
v 0.0506072 0.0976674 0.2
v 0.055 0.0952628 0.2
v 0.0592789 0.0926608 0.2
v 0.0634348 0.0898667 0.2
v 0.0674593 0.0868864 0.2
v 0.071344 0.0837259 0.2
v 0.0750808 0.080392 0.2
v 0.078662 0.0768914 0.2
v 0.0820805 0.0732311 0.2
v 0.0853296 0.0694181 0.199999
v 0.0884028 0.0654595 0.199999
v 0.0912935 0.0613636 0.199999
v 0.0939951 0.0571395 0.199999
v 0.0965013 0.0527967 0.199999
v 0.0988065 0.0483453 0.199999
v 0.0987941 -0.0483708 0.065
v 0.0820802 -0.0732314 0.06
v 0.0988126 0.0483329 0.0700066
v 0.0506072 -0.0976674 0.06
v 0.0987941 -0.0483708 0.07
v 0.0987941 -0.0483708 0.075
v 0.0987941 -0.0483708 0.08
v 0.0987941 -0.0483708 0.085
v 0.0987941 -0.0483708 0.09
v 0.0987941 -0.0483708 0.095
v 0.0987941 -0.0483708 0.1
v 0.0987941 -0.0483708 0.105
v 0.0987941 -0.0483708 0.11
v 0.0987941 -0.0483708 0.115
v 0.0987941 -0.0483708 0.12
v 0.0987941 -0.0483708 0.125
v 0.0987941 -0.0483708 0.13
v 0.0987941 -0.0483708 0.135
v 0.0987941 -0.0483708 0.14
v 0.0987941 -0.0483708 0.145
v 0.0987941 -0.0483708 0.15
v 0.0987941 -0.0483708 0.155
v 0.0987941 -0.0483708 0.16
v 0.0987941 -0.0483708 0.165
v 0.0987941 -0.0483708 0.17
v 0.0987941 -0.0483708 0.175
v 0.0987941 -0.0483708 0.18
v 0.0987941 -0.0483708 0.185
v 0.0987941 -0.0483708 0.19
v 0.0987941 -0.0483708 0.195
v 0.098827 0.0483034 0.135
v 0.0964901 -0.0528173 0.06
v 0.098827 0.0483034 0.14
v 0.098827 0.0483034 0.145
v 0.098827 0.0483035 0.15
v 0.098827 0.0483035 0.155
v 0.0988269 0.0483037 0.16
v 0.0988267 0.0483041 0.165
v 0.0988261 0.0483052 0.169999
v 0.0988247 0.0483081 0.174999
v 0.0988223 0.0483131 0.179999
v 0.0988188 0.0483202 0.184999
v 0.0988147 0.0483286 0.189999
v 0.0988105 0.0483372 0.194999
v 0.0750808 -0.080392 0.06
v 0.078662 -0.0768914 0.06
v 0.0964901 -0.0528173 0.065
v 0.0124938 -0.109288 0.065
v 0.00750667 -0.109744 0.065
v 0.0320811 -0.105218 0.065
v 0.0272589 -0.106569 0.065
v 0.0912874 -0.0613727 0.065
v 0.0883994 -0.0654641 0.065
v -0.0124938 -0.109288 0.065
v -0.0174551 -0.108606 0.065
v -0.00750667 -0.109744 0.065
v -0.0223802 -0.107699 0.065
v -0.0272589 -0.106569 0.065
v -0.0320811 -0.105218 0.065
v -0.0368368 -0.103649 0.065
v -0.0415161 -0.101865 0.065
v -0.0461094 -0.0998695 0.065
v -0.0506072 -0.0976674 0.065
v -0.055 -0.0952628 0.065
v -0.0592789 -0.0926608 0.065
v -0.0634348 -0.0898667 0.065
v -0.0674593 -0.0868864 0.065
v -0.071344 -0.0837259 0.065
v -0.0750808 -0.080392 0.065
v -0.078662 -0.0768914 0.065
v -0.0820802 -0.0732314 0.065
v -0.0853282 -0.0694197 0.065
v -0.0883994 -0.0654641 0.065
v -0.0912874 -0.0613727 0.065
v -0.0939861 -0.0571542 0.065
v -0.0964901 -0.0528173 0.065
v -0.0987941 -0.0483708 0.065
v -0.100893 -0.0438241 0.065
v -0.102783 -0.0391866 0.065
v -0.10446 -0.0344678 0.065
v -0.105921 -0.0296776 0.065
v -0.107162 -0.0248259 0.065
v -0.108181 -0.0199228 0.065
v -0.108976 -0.0149783 0.065
v -0.109544 -0.0100028 0.065
v -0.109886 -0.00500661 0.065
v -0.11 8.42285e-17 0.065
v -0.109886 0.00500661 0.065
v -0.109544 0.0100028 0.065
v -0.108976 0.0149783 0.065
v -0.108181 0.0199228 0.065
v -0.107162 0.0248259 0.065
v -0.105921 0.0296776 0.065
v -0.10446 0.0344678 0.065
v -0.102783 0.0391866 0.065
v -0.100893 0.0438241 0.065
v -0.0987941 0.0483708 0.065
v -0.0964901 0.0528173 0.065
v -0.0939861 0.0571542 0.065
v -0.0912874 0.0613727 0.065
v -0.0883994 0.0654641 0.065
v -0.0853282 0.0694197 0.065
v -0.0820802 0.0732314 0.065
v -0.078662 0.0768914 0.065
v -0.0750808 0.080392 0.065
v -0.071344 0.0837259 0.065
v -0.0674593 0.0868864 0.065
v -0.0634348 0.0898667 0.065
v -0.0592789 0.0926608 0.065
v -0.055 0.0952628 0.065
v -0.0506072 0.0976674 0.065
v -0.0461094 0.0998695 0.065
v -0.0415161 0.101865 0.065
v -0.0368368 0.103649 0.065
v -0.0320811 0.105218 0.065
v -0.0272589 0.106569 0.065
v -0.0223802 0.107699 0.065
v -0.0174551 0.108606 0.065
v -0.0124938 0.109288 0.065
v -0.00750667 0.109744 0.065
v -0.00250395 0.109971 0.065
v 0.00250395 0.109971 0.065
v 0.00750667 0.109744 0.065
v 0.0124938 0.109288 0.065
v 0.0174551 0.108606 0.065
v 0.0223802 0.107699 0.065
v 0.0272589 0.106569 0.065
v 0.0320811 0.105218 0.065
v 0.0368368 0.103649 0.065
v 0.0415161 0.101865 0.065
v 0.0461094 0.0998695 0.065
v 0.0506072 0.0976674 0.065
v 0.055 0.0952628 0.065
v 0.0592789 0.0926608 0.065
v 0.0634348 0.0898667 0.065
v 0.0674593 0.0868864 0.065
v 0.071344 0.0837259 0.065
v 0.0750808 0.080392 0.065
v 0.0786621 0.0768913 0.0650001
v 0.0820808 0.0732307 0.0650006
v 0.0853305 0.0694168 0.0650021
v 0.0884044 0.0654573 0.0650041
v 0.0912956 0.0613605 0.0650057
v 0.0939974 0.0571357 0.0650066
v 0.0965037 0.0527923 0.0650064
v 0.0965301 0.0527441 0.14
v 0.0965301 0.0527442 0.145
v 0.0415161 -0.101865 0.065
v 0.0368368 -0.103649 0.065
v 0.096528 0.052748 0.0950021
v 0.0965295 0.0527452 0.100001
v 0.0965301 0.0527441 0.135
v 0.0674593 -0.0868864 0.065
v 0.0634348 -0.0898667 0.065
v 0.0223802 -0.107699 0.065
v 0.0174551 -0.108606 0.065
v 0.0965253 0.0527529 0.090004
v 0.071344 -0.0837259 0.065
v 0.0965124 0.0527765 0.0750086
v 0.0965174 0.0527673 0.0800081
v 0.0965077 0.0527851 0.0700076
v 0.0853282 -0.0694197 0.065
v 0.0939861 -0.0571542 0.065
v 0.0964901 -0.0528173 0.195
v 0.00250395 -0.109971 0.065
v -0.00250395 -0.109971 0.065
v 0.0965301 0.0527441 0.115
v 0.0965301 0.0527441 0.12
v 0.0965213 0.0527602 0.0850059
v 0.0965301 0.0527441 0.13
v 0.0939861 -0.0571542 0.195
v 0.0912874 -0.0613727 0.195
v 0.0883994 -0.0654641 0.195
v 0.0853282 -0.0694197 0.195
v 0.0820802 -0.0732314 0.195
v 0.078662 -0.0768914 0.195
v 0.0750808 -0.080392 0.195
v 0.071344 -0.0837259 0.195
v 0.0674593 -0.0868864 0.195
v 0.0634348 -0.0898667 0.195
v 0.0592789 -0.0926608 0.195
v 0.055 -0.0952628 0.195
v 0.0506072 -0.0976674 0.195
v 0.0461094 -0.0998695 0.195
v 0.0415161 -0.101865 0.195
v 0.0368368 -0.103649 0.195
v 0.0320811 -0.105218 0.195
v 0.0272589 -0.106569 0.195
v 0.0223802 -0.107699 0.195
v 0.0174551 -0.108606 0.195
v 0.0124938 -0.109288 0.195
v 0.00750667 -0.109744 0.195
v 0.00250395 -0.109971 0.195
v -0.00250395 -0.109971 0.195
v -0.00750667 -0.109744 0.195
v -0.0124938 -0.109288 0.195
v -0.0174551 -0.108606 0.195
v -0.0223802 -0.107699 0.195
v -0.0272589 -0.106569 0.195
v -0.0320811 -0.105218 0.195
v -0.0368368 -0.103649 0.195
v -0.0415161 -0.101865 0.195
v -0.0461094 -0.0998695 0.195
v -0.0506072 -0.0976674 0.195
v -0.055 -0.0952628 0.195
v -0.0592789 -0.0926608 0.195
v -0.0634348 -0.0898667 0.195
v -0.0674593 -0.0868864 0.195
v -0.071344 -0.0837259 0.195
v -0.0750808 -0.080392 0.195
v -0.078662 -0.0768914 0.195
v -0.0820802 -0.0732314 0.195
v -0.0853282 -0.0694197 0.195
v -0.0883994 -0.0654641 0.195
v -0.0912874 -0.0613727 0.195
v -0.0939861 -0.0571542 0.195
v -0.0964901 -0.0528173 0.195
v -0.0987941 -0.0483708 0.195
v -0.100893 -0.0438241 0.195
v -0.102783 -0.0391866 0.195
v -0.10446 -0.0344678 0.195
v -0.105921 -0.0296776 0.195
v -0.107162 -0.0248259 0.195
v -0.108181 -0.0199228 0.195
v -0.108976 -0.0149783 0.195
v -0.109544 -0.0100028 0.195
v -0.109886 -0.00500661 0.195
v -0.11 8.42285e-17 0.195
v -0.109886 0.00500661 0.195
v -0.109544 0.0100028 0.195
v -0.108976 0.0149783 0.195
v -0.108181 0.0199228 0.195
v -0.107162 0.0248259 0.195
v -0.105921 0.0296776 0.195
v -0.10446 0.0344678 0.195
v -0.102783 0.0391866 0.195
v -0.100893 0.0438241 0.195
v -0.0987941 0.0483708 0.195
v -0.0964901 0.0528173 0.195
v -0.0939861 0.0571542 0.195
v -0.0912874 0.0613727 0.195
v -0.0883994 0.0654641 0.195
v -0.0853282 0.0694197 0.195
v -0.0820802 0.0732314 0.195
v -0.078662 0.0768914 0.195
v -0.0750808 0.080392 0.195
v -0.071344 0.0837259 0.195
v -0.0674593 0.0868864 0.195
v -0.0634348 0.0898667 0.195
v -0.0592789 0.0926608 0.195
v -0.055 0.0952628 0.195
v -0.0506072 0.0976674 0.195
v -0.0461094 0.0998695 0.195
v -0.0415161 0.101865 0.195
v -0.0368368 0.103649 0.195
v -0.0320811 0.105218 0.195
v -0.0272589 0.106569 0.195
v -0.0223802 0.107699 0.195
v -0.0174551 0.108606 0.195
v -0.0124938 0.109288 0.195
v -0.00750667 0.109744 0.195
v -0.00250395 0.109971 0.195
v 0.00250395 0.109971 0.195
v 0.00750667 0.109744 0.195
v 0.0124938 0.109288 0.195
v 0.0174551 0.108606 0.195
v 0.0223802 0.107699 0.195
v 0.0272589 0.106569 0.195
v 0.0320811 0.105218 0.195
v 0.0368368 0.103649 0.195
v 0.0415161 0.101865 0.195
v 0.0461094 0.0998695 0.195
v 0.0506072 0.0976674 0.195
v 0.055 0.0952628 0.195
v 0.0592789 0.0926608 0.195
v 0.0634348 0.0898667 0.195
v 0.0674593 0.0868864 0.195
v 0.071344 0.0837259 0.195
v 0.0750808 0.080392 0.195
v 0.0786624 0.076891 0.195
v 0.0820818 0.0732296 0.194999
v 0.0853322 0.0694148 0.194999
v 0.0884067 0.0654542 0.194998
v 0.0912982 0.0613567 0.194998
v 0.094 0.0571314 0.194999
v 0.0965058 0.0527885 0.194999
v 0.0592789 -0.0926608 0.065
v 0.055 -0.0952628 0.065
v 0.0506072 -0.0976674 0.065
v 0.0461094 -0.0998695 0.065
v 0.0964901 -0.0528173 0.07
v 0.0750808 -0.080392 0.065
v 0.0964901 -0.0528173 0.075
v 0.0964901 -0.0528173 0.08
v 0.0964901 -0.0528172 0.085
v 0.0964901 -0.0528172 0.09
v 0.0964901 -0.0528172 0.095
v 0.0964901 -0.0528172 0.1
v 0.0964901 -0.0528172 0.105
v 0.0964901 -0.0528172 0.11
v 0.0964901 -0.0528172 0.115
v 0.0964901 -0.0528172 0.12
v 0.0964901 -0.0528172 0.125
v 0.0964901 -0.0528172 0.13
v 0.0964901 -0.0528172 0.135
v 0.0964901 -0.0528172 0.14
v 0.0964901 -0.0528172 0.145
v 0.0964901 -0.0528172 0.15
v 0.0964901 -0.0528172 0.155
v 0.0964901 -0.0528172 0.16
v 0.0964901 -0.0528172 0.165
v 0.0964901 -0.0528172 0.17
v 0.0964901 -0.0528172 0.175
v 0.0964901 -0.0528172 0.18
v 0.0964901 -0.0528173 0.185
v 0.0964901 -0.0528173 0.19
v 0.0965301 0.0527441 0.125
v 0.0965297 0.0527448 0.155
v 0.0965294 0.0527455 0.159999
v 0.0965285 0.0527471 0.164999
v 0.09653 0.0527444 0.15
v 0.0965268 0.0527501 0.169998
v 0.0965239 0.0527555 0.174998
v 0.0965199 0.0527628 0.179998
v 0.0965152 0.0527714 0.184998
v 0.0965104 0.0527802 0.189999
v 0.0820802 -0.0732314 0.065
v 0.0786621 -0.0768913 0.065
v 0.0965299 0.0527445 0.105
v 0.0965301 0.0527442 0.11
v 0.0124938 -0.109288 0.07
v 0.00750667 -0.109744 0.07
v 0.0461094 -0.0998695 0.07
v 0.0415161 -0.101865 0.07
v -0.00750667 -0.109744 0.07
v -0.0124938 -0.109288 0.07
v 0.0940018 0.0571285 0.0700075
v 0.0940071 0.0571197 0.0750085
v 0.0939861 -0.0571542 0.07
v 0.0940336 0.0570761 0.145
v 0.0940334 0.0570764 0.15
v 0.094033 0.0570771 0.105001
v 0.0940335 0.0570762 0.11
v -0.0223802 -0.107699 0.07
v -0.0272589 -0.106569 0.07
v -0.0320811 -0.105218 0.07
v -0.0415161 -0.101865 0.07
v -0.0461094 -0.0998695 0.07
v -0.0506072 -0.0976674 0.07
v -0.055 -0.0952628 0.07
v -0.0592789 -0.0926608 0.07
v -0.0634348 -0.0898667 0.07
v -0.0674593 -0.0868864 0.07
v -0.071344 -0.0837259 0.07
v -0.0750808 -0.080392 0.07
v -0.078662 -0.0768914 0.07
v -0.0820802 -0.0732314 0.07
v -0.0853282 -0.0694197 0.07
v -0.0883994 -0.0654641 0.07
v -0.0912874 -0.0613727 0.07
v -0.0939861 -0.0571542 0.07
v -0.0964901 -0.0528173 0.07
v -0.0987941 -0.0483708 0.07
v -0.100893 -0.0438241 0.07
v -0.102783 -0.0391866 0.07
v -0.10446 -0.0344678 0.07
v -0.105921 -0.0296776 0.07
v -0.107162 -0.0248259 0.07
v -0.108181 -0.0199228 0.07
v -0.108976 -0.0149783 0.07
v -0.109544 -0.0100028 0.07
v -0.109886 -0.00500661 0.07
v -0.11 8.42285e-17 0.07
v -0.109886 0.00500661 0.07
v -0.109544 0.0100028 0.07
v -0.108976 0.0149783 0.07
v -0.108181 0.0199228 0.07
v -0.107162 0.0248259 0.07
v -0.105921 0.0296776 0.07
v -0.10446 0.0344678 0.07
v -0.102783 0.0391866 0.07
v -0.100893 0.0438241 0.07
v -0.0987941 0.0483708 0.07
v -0.0964901 0.0528173 0.07
v -0.0939861 0.0571542 0.07
v -0.0912874 0.0613727 0.07
v -0.0883994 0.0654641 0.07
v -0.0853282 0.0694197 0.07
v -0.0820802 0.0732314 0.07
v -0.078662 0.0768914 0.07
v -0.0750808 0.080392 0.07
v -0.071344 0.0837259 0.07
v -0.0674593 0.0868864 0.07
v -0.0634348 0.0898667 0.07
v -0.0592789 0.0926608 0.07
v -0.055 0.0952628 0.07
v -0.0506072 0.0976674 0.07
v -0.0461094 0.0998695 0.07
v -0.0415161 0.101865 0.07
v -0.0368368 0.103649 0.07
v -0.0320811 0.105218 0.07
v -0.0272589 0.106569 0.07
v -0.0223802 0.107699 0.07
v -0.0174551 0.108606 0.07
v -0.0124938 0.109288 0.07
v -0.00750667 0.109744 0.07
v -0.00250395 0.109971 0.07
v 0.00250395 0.109971 0.07
v 0.00750667 0.109744 0.07
v 0.0124938 0.109288 0.07
v 0.0174551 0.108606 0.07
v 0.0223802 0.107699 0.07
v 0.0272589 0.106569 0.07
v 0.0320811 0.105218 0.07
v 0.0368368 0.103649 0.07
v 0.0415161 0.101865 0.07
v 0.0461094 0.0998695 0.07
v 0.0506072 0.0976674 0.07
v 0.055 0.0952628 0.07
v 0.0592789 0.0926608 0.07
v 0.0634348 0.0898667 0.07
v 0.0674593 0.0868864 0.07
v 0.071344 0.0837259 0.07
v 0.075081 0.0803918 0.07
v 0.0786629 0.0768905 0.0700003
v 0.0820829 0.0732284 0.0700013
v 0.0853339 0.0694127 0.0700032
v 0.0884088 0.0654514 0.0700051
v 0.0913004 0.0613534 0.0700066
v 0.0883995 -0.065464 0.07
v 0.0853283 -0.0694196 0.07
v 0.0940292 0.0570834 0.164997
v 0.0940262 0.0570883 0.169996
v 0.0368368 -0.103649 0.07
v 0.0272589 -0.106569 0.07
v 0.0223802 -0.107699 0.07
v 0.00250395 -0.109971 0.07
v -0.0174551 -0.108606 0.07
v 0.0820803 -0.0732313 0.07
v 0.0786621 -0.0768913 0.07
v 0.0674593 -0.0868864 0.07
v 0.0634348 -0.0898667 0.07
v -0.00250395 -0.109971 0.07
v 0.071344 -0.0837259 0.07
v 0.0940128 0.0571104 0.0800076
v 0.0940182 0.0571015 0.085006
v 0.0940241 0.0570918 0.0900044
v 0.0940337 0.0570759 0.12
v 0.0940338 0.0570759 0.125
v 0.0940315 0.0570795 0.100001
v 0.0940337 0.057076 0.115
v 0.0940337 0.0570759 0.135
v 0.0940337 0.057076 0.14
v 0.0939861 -0.0571542 0.19
v 0.0912874 -0.0613727 0.07
v 0.0320811 -0.105218 0.07
v 0.0912874 -0.0613727 0.19
v 0.0883994 -0.065464 0.19
v 0.0853283 -0.0694196 0.19
v 0.0820802 -0.0732314 0.19
v 0.0786621 -0.0768913 0.19
v 0.0750809 -0.0803919 0.19
v 0.071344 -0.0837259 0.19
v 0.0674594 -0.0868863 0.19
v 0.0634348 -0.0898667 0.19
v 0.0592789 -0.0926608 0.19
v 0.055 -0.0952628 0.19
v 0.0506072 -0.0976674 0.19
v 0.0461094 -0.0998695 0.19
v 0.0415161 -0.101865 0.19
v 0.0368368 -0.103649 0.19
v 0.0320811 -0.105218 0.19
v 0.0272589 -0.106569 0.19
v 0.0223802 -0.107699 0.19
v 0.0174551 -0.108606 0.19
v 0.0124938 -0.109288 0.19
v 0.00750667 -0.109744 0.19
v 0.00250395 -0.109971 0.19
v -0.00250395 -0.109971 0.19
v -0.00750667 -0.109744 0.19
v -0.0124938 -0.109288 0.19
v -0.0174551 -0.108606 0.19
v -0.0223802 -0.107699 0.19
v -0.0272589 -0.106569 0.19
v -0.0320811 -0.105218 0.19
v -0.0368368 -0.103649 0.19
v -0.0415161 -0.101865 0.19
v -0.0461094 -0.0998695 0.19
v -0.0506072 -0.0976674 0.19
v -0.055 -0.0952628 0.19
v -0.0592789 -0.0926608 0.19
v -0.0634348 -0.0898667 0.19
v -0.0674593 -0.0868864 0.19
v -0.071344 -0.0837259 0.19
v -0.0750808 -0.080392 0.19
v -0.078662 -0.0768914 0.19
v -0.0820802 -0.0732314 0.19
v -0.0853282 -0.0694197 0.19
v -0.0883994 -0.0654641 0.19
v -0.0912874 -0.0613727 0.19
v -0.0939861 -0.0571542 0.19
v -0.0964901 -0.0528173 0.19
v -0.0987941 -0.0483708 0.19
v -0.100893 -0.0438241 0.19
v -0.102783 -0.0391866 0.19
v -0.10446 -0.0344678 0.19
v -0.105921 -0.0296776 0.19
v -0.107162 -0.0248259 0.19
v -0.108181 -0.0199228 0.19
v -0.108976 -0.0149783 0.19
v -0.109544 -0.0100028 0.19
v -0.109886 -0.00500661 0.19
v -0.11 8.42285e-17 0.19
v -0.109886 0.00500661 0.19
v -0.109544 0.0100028 0.19
v -0.108976 0.0149783 0.19
v -0.108181 0.0199228 0.19
v -0.107162 0.0248259 0.19
v -0.105921 0.0296776 0.19
v -0.10446 0.0344678 0.19
v -0.102783 0.0391866 0.19
v -0.100893 0.0438241 0.19
v -0.0987941 0.0483708 0.19
v -0.0964901 0.0528173 0.19
v -0.0939861 0.0571542 0.19
v -0.0912874 0.0613727 0.19
v -0.0883994 0.0654641 0.19
v -0.0853282 0.0694197 0.19
v -0.0820802 0.0732314 0.19
v -0.078662 0.0768914 0.19
v -0.0750808 0.080392 0.19
v -0.071344 0.0837259 0.19
v -0.0674593 0.0868864 0.19
v -0.0634348 0.0898667 0.19
v -0.0592789 0.0926608 0.19
v -0.055 0.0952628 0.19
v -0.0506072 0.0976674 0.19
v -0.0461094 0.0998695 0.19
v -0.0415161 0.101865 0.19
v -0.0368368 0.103649 0.19
v -0.0320811 0.105218 0.19
v -0.0272589 0.106569 0.19
v -0.0223802 0.107699 0.19
v -0.0174551 0.108606 0.19
v -0.0124938 0.109288 0.19
v -0.00750667 0.109744 0.19
v -0.00250395 0.109971 0.19
v 0.00250395 0.109971 0.19
v 0.00750667 0.109744 0.19
v 0.0124938 0.109288 0.19
v 0.0174551 0.108606 0.19
v 0.0223802 0.107699 0.19
v 0.0272589 0.106569 0.19
v 0.0320811 0.105218 0.19
v 0.0368368 0.103649 0.19
v 0.0415161 0.101865 0.19
v 0.0461094 0.0998695 0.19
v 0.0506072 0.0976674 0.19
v 0.055 0.0952628 0.19
v 0.0592789 0.0926608 0.19
v 0.0634348 0.0898667 0.19
v 0.0674593 0.0868864 0.19
v 0.071344 0.0837259 0.19
v 0.0750814 0.0803915 0.189999
v 0.0786641 0.0768893 0.189999
v 0.0820849 0.0732261 0.189998
v 0.0853366 0.0694094 0.189997
v 0.0884119 0.0654473 0.189997
v 0.0913035 0.0613488 0.189997
v 0.0940049 0.0571233 0.189998
v 0.0506072 -0.0976674 0.07
v 0.0750809 -0.0803919 0.07
v 0.0939861 -0.0571542 0.075
v 0.0939862 -0.0571542 0.08
v 0.0939862 -0.0571541 0.085
v 0.0939862 -0.0571541 0.09
v 0.0939863 -0.057154 0.095
v 0.0939863 -0.0571539 0.1
v 0.0939864 -0.0571539 0.105
v 0.0939864 -0.0571538 0.11
v 0.0939864 -0.0571538 0.115
v 0.0939864 -0.0571538 0.12
v 0.0939864 -0.0571538 0.125
v 0.0939864 -0.0571538 0.13
v 0.0939864 -0.0571538 0.135
v 0.0939864 -0.0571538 0.14
v 0.0939864 -0.0571538 0.145
v 0.0939864 -0.0571538 0.15
v 0.0939864 -0.0571538 0.155
v 0.0939864 -0.0571538 0.16
v 0.0939863 -0.0571539 0.165
v 0.0939863 -0.057154 0.17
v 0.0939862 -0.0571541 0.175
v 0.0939862 -0.0571542 0.18
v 0.0939862 -0.0571542 0.185
v 0.0940212 0.0570965 0.174996
v 0.0940326 0.0570778 0.154999
v 0.0940312 0.0570801 0.159998
v 0.0940157 0.0571055 0.179996
v 0.0592789 -0.0926608 0.07
v 0.055 -0.0952628 0.07
v 0.09401 0.057115 0.184997
v 0.0940337 0.0570759 0.13
v 0.0940282 0.057085 0.0950028
v 0.0174551 -0.108606 0.07
v -0.0368368 -0.103649 0.07
v 0.0913326 0.0613054 0.0950032
v 0.0913378 0.0612977 0.100002
v 0.0320811 -0.105218 0.075
v 0.0272589 -0.106569 0.075
v 0.0912874 -0.0613727 0.185
v 0.0913428 0.0612903 0.145
v 0.0913423 0.0612909 0.149999
v 0.0786623 -0.0768911 0.075
v 0.075081 -0.0803918 0.075
v -0.055 -0.0952628 0.075
v -0.0592789 -0.0926608 0.075
v -0.0506072 -0.0976674 0.075
v -0.0272589 -0.106569 0.075
v -0.0320811 -0.105218 0.075
v -0.0415161 -0.101865 0.075
v -0.0461094 -0.0998695 0.075
v -0.0634348 -0.0898667 0.075
v -0.0674593 -0.0868864 0.075
v -0.071344 -0.0837259 0.075
v -0.0750808 -0.080392 0.075
v -0.078662 -0.0768914 0.075
v -0.0820802 -0.0732314 0.075
v -0.0853282 -0.0694197 0.075
v -0.0883994 -0.0654641 0.075
v -0.0912874 -0.0613727 0.075
v -0.0939861 -0.0571542 0.075
v -0.0964901 -0.0528173 0.075
v -0.0987941 -0.0483708 0.075
v -0.100893 -0.0438241 0.075
v -0.102783 -0.0391866 0.075
v -0.10446 -0.0344678 0.075
v -0.105921 -0.0296776 0.075
v -0.107162 -0.0248259 0.075
v -0.108181 -0.0199228 0.075
v -0.108976 -0.0149783 0.075
v -0.109544 -0.0100028 0.075
v -0.109886 -0.00500661 0.075
v -0.11 8.42285e-17 0.075
v -0.109886 0.00500661 0.075
v -0.109544 0.0100028 0.075
v -0.108976 0.0149783 0.075
v -0.108181 0.0199228 0.075
v -0.107162 0.0248259 0.075
v -0.105921 0.0296776 0.075
v -0.10446 0.0344678 0.075
v -0.102783 0.0391866 0.075
v -0.100893 0.0438241 0.075
v -0.0987941 0.0483708 0.075
v -0.0964901 0.0528173 0.075
v -0.0939861 0.0571542 0.075
v -0.0912874 0.0613727 0.075
v -0.0883994 0.0654641 0.075
v -0.0853282 0.0694197 0.075
v -0.0820802 0.0732314 0.075
v -0.078662 0.0768914 0.075
v -0.0750808 0.080392 0.075
v -0.071344 0.0837259 0.075
v -0.0674593 0.0868864 0.075
v -0.0634348 0.0898667 0.075
v -0.0592789 0.0926608 0.075
v -0.055 0.0952628 0.075
v -0.0506072 0.0976674 0.075
v -0.0461094 0.0998695 0.075
v -0.0415161 0.101865 0.075
v -0.0368368 0.103649 0.075
v -0.0320811 0.105218 0.075
v -0.0272589 0.106569 0.075
v -0.0223802 0.107699 0.075
v -0.0174551 0.108606 0.075
v -0.0124938 0.109288 0.075
v -0.00750667 0.109744 0.075
v -0.00250395 0.109971 0.075
v 0.00250395 0.109971 0.075
v 0.00750667 0.109744 0.075
v 0.0124938 0.109288 0.075
v 0.0174551 0.108606 0.075
v 0.0223802 0.107699 0.075
v 0.0272589 0.106569 0.075
v 0.0320811 0.105218 0.075
v 0.0368368 0.103649 0.075
v 0.0415161 0.101865 0.075
v 0.0461094 0.0998695 0.075
v 0.0506072 0.0976674 0.075
v 0.055 0.0952628 0.075
v 0.0592789 0.0926608 0.075
v 0.0634348 0.0898667 0.075
v 0.0674593 0.0868864 0.075
v 0.0713443 0.0837257 0.075
v 0.0750822 0.0803907 0.0750002
v 0.0786656 0.0768877 0.0750008
v 0.0820872 0.0732236 0.075002
v 0.0853393 0.0694061 0.0750038
v 0.0884146 0.0654435 0.0750056
v 0.091306 0.061345 0.075007
v 0.0913091 0.0613404 0.184996
v -0.0174551 -0.108606 0.075
v -0.0223802 -0.107699 0.075
v 0.091334 0.0613033 0.164995
v 0.0913291 0.0613106 0.169994
v 0.0913223 0.0613208 0.174994
v 0.0913157 0.0613306 0.179994
v 0.0415161 -0.101865 0.075
v 0.0368368 -0.103649 0.075
v 0.0223802 -0.107699 0.075
v 0.00750667 -0.109744 0.075
v 0.00250395 -0.109971 0.075
v 0.0820805 -0.0732311 0.075
v -0.0124938 -0.109288 0.075
v 0.0913407 0.0612934 0.154998
v -0.0368368 -0.103649 0.075
v 0.0713441 -0.0837258 0.075
v 0.0674594 -0.0868863 0.075
v 0.0461094 -0.0998695 0.075
v 0.0913431 0.0612897 0.13
v 0.0913431 0.0612897 0.135
v 0.0913188 0.061326 0.0850057
v 0.091326 0.0613153 0.0900045
v -0.00250395 -0.109971 0.075
v 0.0634348 -0.0898667 0.075
v 0.0592789 -0.0926608 0.075
v 0.091343 0.06129 0.14
v 0.0506072 -0.0976674 0.075
v 0.0912874 -0.0613727 0.075
v 0.0883995 -0.0654639 0.075
v 0.0883995 -0.065464 0.185
v 0.0853283 -0.0694196 0.185
v 0.0820803 -0.0732313 0.185
v 0.0786622 -0.0768913 0.185
v 0.0750809 -0.0803919 0.185
v 0.0713441 -0.0837259 0.185
v 0.0674594 -0.0868863 0.185
v 0.0634349 -0.0898667 0.185
v 0.0592789 -0.0926608 0.185
v 0.055 -0.0952628 0.185
v 0.0506072 -0.0976674 0.185
v 0.0461094 -0.0998695 0.185
v 0.0415161 -0.101865 0.185
v 0.0368368 -0.103649 0.185
v 0.0320811 -0.105218 0.185
v 0.0272589 -0.106569 0.185
v 0.0223802 -0.107699 0.185
v 0.0174551 -0.108606 0.185
v 0.0124938 -0.109288 0.185
v 0.00750667 -0.109744 0.185
v 0.00250395 -0.109971 0.185
v -0.00250395 -0.109971 0.185
v -0.00750667 -0.109744 0.185
v -0.0124938 -0.109288 0.185
v -0.0174551 -0.108606 0.185
v -0.0223802 -0.107699 0.185
v -0.0272589 -0.106569 0.185
v -0.0320811 -0.105218 0.185
v -0.0368368 -0.103649 0.185
v -0.0415161 -0.101865 0.185
v -0.0461094 -0.0998695 0.185
v -0.0506072 -0.0976674 0.185
v -0.055 -0.0952628 0.185
v -0.0592789 -0.0926608 0.185
v -0.0634348 -0.0898667 0.185
v -0.0674593 -0.0868864 0.185
v -0.071344 -0.0837259 0.185
v -0.0750808 -0.080392 0.185
v -0.078662 -0.0768914 0.185
v -0.0820802 -0.0732314 0.185
v -0.0853282 -0.0694197 0.185
v -0.0883994 -0.0654641 0.185
v -0.0912874 -0.0613727 0.185
v -0.0939861 -0.0571542 0.185
v -0.0964901 -0.0528173 0.185
v -0.0987941 -0.0483708 0.185
v -0.100893 -0.0438241 0.185
v -0.102783 -0.0391866 0.185
v -0.10446 -0.0344678 0.185
v -0.105921 -0.0296776 0.185
v -0.107162 -0.0248259 0.185
v -0.108181 -0.0199228 0.185
v -0.108976 -0.0149783 0.185
v -0.109544 -0.0100028 0.185
v -0.109886 -0.00500661 0.185
v -0.11 8.42285e-17 0.185
v -0.109886 0.00500661 0.185
v -0.109544 0.0100028 0.185
v -0.108976 0.0149783 0.185
v -0.108181 0.0199228 0.185
v -0.107162 0.0248259 0.185
v -0.105921 0.0296776 0.185
v -0.10446 0.0344678 0.185
v -0.102783 0.0391866 0.185
v -0.100893 0.0438241 0.185
v -0.0987941 0.0483708 0.185
v -0.0964901 0.0528173 0.185
v -0.0939861 0.0571542 0.185
v -0.0912874 0.0613727 0.185
v -0.0883994 0.0654641 0.185
v -0.0853282 0.0694197 0.185
v -0.0820802 0.0732314 0.185
v -0.078662 0.0768914 0.185
v -0.0750808 0.080392 0.185
v -0.071344 0.0837259 0.185
v -0.0674593 0.0868864 0.185
v -0.0634348 0.0898667 0.185
v -0.0592789 0.0926608 0.185
v -0.055 0.0952628 0.185
v -0.0506072 0.0976674 0.185
v -0.0461094 0.0998695 0.185
v -0.0415161 0.101865 0.185
v -0.0368368 0.103649 0.185
v -0.0320811 0.105218 0.185
v -0.0272589 0.106569 0.185
v -0.0223802 0.107699 0.185
v -0.0174551 0.108606 0.185
v -0.0124938 0.109288 0.185
v -0.00750667 0.109744 0.185
v -0.00250395 0.109971 0.185
v 0.00250395 0.109971 0.185
v 0.00750667 0.109744 0.185
v 0.0124938 0.109288 0.185
v 0.0174551 0.108606 0.185
v 0.0223802 0.107699 0.185
v 0.0272589 0.106569 0.185
v 0.0320811 0.105218 0.185
v 0.0368368 0.103649 0.185
v 0.0415161 0.101865 0.185
v 0.0461094 0.0998695 0.185
v 0.0506072 0.0976674 0.185
v 0.055 0.0952628 0.185
v 0.0592789 0.0926608 0.185
v 0.0634348 0.0898667 0.185
v 0.0674593 0.0868864 0.185
v 0.0713447 0.0837253 0.184999
v 0.0750835 0.0803895 0.184998
v 0.078668 0.0768853 0.184996
v 0.0820903 0.0732201 0.184995
v 0.0853429 0.0694017 0.184995
v 0.0884182 0.0654387 0.184995
v 0.0913403 0.0612939 0.105001
v 0.0913121 0.0613359 0.0800065
v 0.0913431 0.0612898 0.12
v 0.0913431 0.0612897 0.125
v 0.0912875 -0.0613726 0.08
v 0.0912876 -0.0613724 0.085
v 0.0912877 -0.0613722 0.09
v 0.0912879 -0.061372 0.095
v 0.091288 -0.0613718 0.1
v 0.0912881 -0.0613716 0.105
v 0.0912882 -0.0613715 0.11
v 0.0912883 -0.0613714 0.115
v 0.0912883 -0.0613713 0.12
v 0.0912883 -0.0613713 0.125
v 0.0912884 -0.0613713 0.13
v 0.0912884 -0.0613713 0.135
v 0.0912884 -0.0613713 0.14
v 0.0912884 -0.0613713 0.145
v 0.0912884 -0.0613713 0.15
v 0.0912883 -0.0613714 0.155
v 0.0912881 -0.0613716 0.16
v 0.0912879 -0.0613719 0.165
v 0.0912877 -0.0613722 0.17
v 0.0912876 -0.0613725 0.175
v 0.0912875 -0.0613726 0.18
v 0.0913376 0.061298 0.159997
v -0.00750667 -0.109744 0.075
v 0.055 -0.0952628 0.075
v 0.0174551 -0.108606 0.075
v 0.0124938 -0.109288 0.075
v 0.0913426 0.0612905 0.115
v 0.0913417 0.0612919 0.110001
v 0.0853285 -0.0694194 0.075
v 0.055 -0.0952628 0.08
v 0.0506072 -0.0976674 0.08
v 0.0884253 0.0654292 0.179993
v 0.0884628 0.0653784 0.144999
v 0.0884617 0.0653799 0.149998
v 0.0884371 0.0654132 0.0900041
v 0.0884457 0.0654016 0.0950032
v -0.0634348 -0.0898667 0.08
v -0.0674593 -0.0868864 0.08
v -0.071344 -0.0837259 0.08
v -0.0272589 -0.106569 0.08
v -0.0320811 -0.105218 0.08
v -0.0592789 -0.0926608 0.08
v -0.0461094 -0.0998695 0.08
v -0.0506072 -0.0976674 0.08
v -0.0368368 -0.103649 0.08
v -0.0415161 -0.101865 0.08
v -0.0750808 -0.080392 0.08
v -0.078662 -0.0768914 0.08
v -0.0820802 -0.0732314 0.08
v -0.0853282 -0.0694197 0.08
v -0.0883994 -0.0654641 0.08
v -0.0912874 -0.0613727 0.08
v -0.0939861 -0.0571542 0.08
v -0.0964901 -0.0528173 0.08
v -0.0987941 -0.0483708 0.08
v -0.100893 -0.0438241 0.08
v -0.102783 -0.0391866 0.08
v -0.10446 -0.0344678 0.08
v -0.105921 -0.0296776 0.08
v -0.107162 -0.0248259 0.08
v -0.108181 -0.0199228 0.08
v -0.108976 -0.0149783 0.08
v -0.109544 -0.0100028 0.08
v -0.109886 -0.00500661 0.08
v -0.11 8.42285e-17 0.08
v -0.109886 0.00500661 0.08
v -0.109544 0.0100028 0.08
v -0.108976 0.0149783 0.08
v -0.108181 0.0199228 0.08
v -0.107162 0.0248259 0.08
v -0.105921 0.0296776 0.08
v -0.10446 0.0344678 0.08
v -0.102783 0.0391866 0.08
v -0.100893 0.0438241 0.08
v -0.0987941 0.0483708 0.08
v -0.0964901 0.0528173 0.08
v -0.0939861 0.0571542 0.08
v -0.0912874 0.0613727 0.08
v -0.0883994 0.0654641 0.08
v -0.0853282 0.0694197 0.08
v -0.0820802 0.0732314 0.08
v -0.078662 0.0768914 0.08
v -0.0750808 0.080392 0.08
v -0.071344 0.0837259 0.08
v -0.0674593 0.0868864 0.08
v -0.0634348 0.0898667 0.08
v -0.0592789 0.0926608 0.08
v -0.055 0.0952628 0.08
v -0.0506072 0.0976674 0.08
v -0.0461094 0.0998695 0.08
v -0.0415161 0.101865 0.08
v -0.0368368 0.103649 0.08
v -0.0320811 0.105218 0.08
v -0.0272589 0.106569 0.08
v -0.0223802 0.107699 0.08
v -0.0174551 0.108606 0.08
v -0.0124938 0.109288 0.08
v -0.00750667 0.109744 0.08
v -0.00250395 0.109971 0.08
v 0.00250395 0.109971 0.08
v 0.00750667 0.109744 0.08
v 0.0124938 0.109288 0.08
v 0.0174551 0.108606 0.08
v 0.0223802 0.107699 0.08
v 0.0272589 0.106569 0.08
v 0.0320811 0.105218 0.08
v 0.0368368 0.103649 0.08
v 0.0415161 0.101865 0.08
v 0.0461094 0.0998695 0.08
v 0.0506072 0.0976674 0.08
v 0.055 0.0952628 0.08
v 0.0592789 0.0926608 0.08
v 0.0634348 0.0898667 0.08
v 0.0674597 0.0868861 0.08
v 0.0713458 0.0837244 0.0800001
v 0.0750855 0.0803876 0.0800005
v 0.0786708 0.0768824 0.0800013
v 0.0820937 0.0732162 0.0800025
v 0.0853465 0.0693972 0.080004
v 0.0884216 0.0654341 0.0800053
v 0.0592789 -0.0926608 0.08
v 0.0884482 0.0653982 0.164993
v 0.0884412 0.0654076 0.169992
v 0.0884588 0.0653838 0.154997
v -0.0174551 -0.108606 0.08
v -0.0223802 -0.107699 0.08
v 0.0223802 -0.107699 0.08
v 0.0174551 -0.108606 0.08
v 0.0884539 0.0653904 0.159995
v 0.0272589 -0.106569 0.08
v 0.00750667 -0.109744 0.08
v 0.00250395 -0.109971 0.08
v 0.0124938 -0.109288 0.08
v 0.0884637 0.0653772 0.125
v 0.0884638 0.065377 0.13
v -0.0124938 -0.109288 0.08
v 0.0368368 -0.103649 0.08
v 0.0320811 -0.105218 0.08
v 0.0884567 0.0653867 0.105001
v 0.0884599 0.0653824 0.110001
v 0.0713443 -0.0837257 0.08
v 0.0674595 -0.0868863 0.08
v 0.0884638 0.0653771 0.135
v 0.0883996 -0.0654638 0.18
v -0.00250395 -0.109971 0.08
v 0.0634349 -0.0898667 0.08
v 0.0415161 -0.101865 0.08
v 0.0884517 0.0653934 0.100002
v -0.00750667 -0.109744 0.08
v 0.0883997 -0.0654637 0.08
v 0.0853287 -0.0694191 0.08
v 0.0853285 -0.0694194 0.18
v 0.0820805 -0.0732311 0.18
v 0.0786624 -0.076891 0.18
v 0.0750811 -0.0803917 0.18
v 0.0713443 -0.0837257 0.18
v 0.0674595 -0.0868862 0.18
v 0.0634349 -0.0898666 0.18
v 0.0592789 -0.0926607 0.18
v 0.055 -0.0952628 0.18
v 0.0506072 -0.0976674 0.18
v 0.0461094 -0.0998695 0.18
v 0.0415161 -0.101865 0.18
v 0.0368368 -0.103649 0.18
v 0.0320811 -0.105218 0.18
v 0.0272589 -0.106569 0.18
v 0.0223802 -0.107699 0.18
v 0.0174551 -0.108606 0.18
v 0.0124938 -0.109288 0.18
v 0.00750667 -0.109744 0.18
v 0.00250395 -0.109971 0.18
v -0.00250395 -0.109971 0.18
v -0.00750667 -0.109744 0.18
v -0.0124938 -0.109288 0.18
v -0.0174551 -0.108606 0.18
v -0.0223802 -0.107699 0.18
v -0.0272589 -0.106569 0.18
v -0.0320811 -0.105218 0.18
v -0.0368368 -0.103649 0.18
v -0.0415161 -0.101865 0.18
v -0.0461094 -0.0998695 0.18
v -0.0506072 -0.0976674 0.18
v -0.055 -0.0952628 0.18
v -0.0592789 -0.0926608 0.18
v -0.0634348 -0.0898667 0.18
v -0.0674593 -0.0868864 0.18
v -0.071344 -0.0837259 0.18
v -0.0750808 -0.080392 0.18
v -0.078662 -0.0768914 0.18
v -0.0820802 -0.0732314 0.18
v -0.0853282 -0.0694197 0.18
v -0.0883994 -0.0654641 0.18
v -0.0912874 -0.0613727 0.18
v -0.0939861 -0.0571542 0.18
v -0.0964901 -0.0528173 0.18
v -0.0987941 -0.0483708 0.18
v -0.100893 -0.0438241 0.18
v -0.102783 -0.0391866 0.18
v -0.10446 -0.0344678 0.18
v -0.105921 -0.0296776 0.18
v -0.107162 -0.0248259 0.18
v -0.108181 -0.0199228 0.18
v -0.108976 -0.0149783 0.18
v -0.109544 -0.0100028 0.18
v -0.109886 -0.00500661 0.18
v -0.11 8.42285e-17 0.18
v -0.109886 0.00500661 0.18
v -0.109544 0.0100028 0.18
v -0.108976 0.0149783 0.18
v -0.108181 0.0199228 0.18
v -0.107162 0.0248259 0.18
v -0.105921 0.0296776 0.18
v -0.10446 0.0344678 0.18
v -0.102783 0.0391866 0.18
v -0.100893 0.0438241 0.18
v -0.0987941 0.0483708 0.18
v -0.0964901 0.0528173 0.18
v -0.0939861 0.0571542 0.18
v -0.0912874 0.0613727 0.18
v -0.0883994 0.0654641 0.18
v -0.0853282 0.0694197 0.18
v -0.0820802 0.0732314 0.18
v -0.078662 0.0768914 0.18
v -0.0750808 0.080392 0.18
v -0.071344 0.0837259 0.18
v -0.0674593 0.0868864 0.18
v -0.0634348 0.0898667 0.18
v -0.0592789 0.0926608 0.18
v -0.055 0.0952628 0.18
v -0.0506072 0.0976674 0.18
v -0.0461094 0.0998695 0.18
v -0.0415161 0.101865 0.18
v -0.0368368 0.103649 0.18
v -0.0320811 0.105218 0.18
v -0.0272589 0.106569 0.18
v -0.0223802 0.107699 0.18
v -0.0174551 0.108606 0.18
v -0.0124938 0.109288 0.18
v -0.00750667 0.109744 0.18
v -0.00250395 0.109971 0.18
v 0.00250395 0.109971 0.18
v 0.00750667 0.109744 0.18
v 0.0124938 0.109288 0.18
v 0.0174551 0.108606 0.18
v 0.0223802 0.107699 0.18
v 0.0272589 0.106569 0.18
v 0.0320811 0.105218 0.18
v 0.0368368 0.103649 0.18
v 0.0415161 0.101865 0.18
v 0.0461094 0.0998695 0.18
v 0.0506072 0.0976674 0.18
v 0.055 0.0952628 0.18
v 0.0592789 0.0926608 0.18
v 0.0634348 0.0898667 0.18
v 0.0674602 0.0868857 0.179999
v 0.0713474 0.0837231 0.179998
v 0.0750883 0.080385 0.179996
v 0.0786746 0.0768786 0.179994
v 0.082098 0.0732115 0.179993
v 0.0853506 0.0693922 0.179993
v 0.0750814 -0.0803915 0.08
v 0.0884289 0.0654242 0.0850048
v 0.0884631 0.065378 0.12
v 0.0884634 0.0653776 0.139999
v 0.0883999 -0.0654634 0.085
v 0.0884002 -0.065463 0.09
v 0.0884006 -0.0654625 0.095
v 0.0884009 -0.0654621 0.1
v 0.0884012 -0.0654617 0.105
v 0.0884014 -0.0654613 0.11
v 0.0884016 -0.0654611 0.115
v 0.0884017 -0.0654609 0.12
v 0.0884018 -0.0654608 0.125
v 0.0884018 -0.0654608 0.13
v 0.0884019 -0.0654608 0.135
v 0.0884019 -0.0654607 0.14
v 0.0884019 -0.0654607 0.145
v 0.0884017 -0.0654609 0.15
v 0.0884014 -0.0654613 0.155
v 0.088401 -0.065462 0.16
v 0.0884005 -0.0654626 0.165
v 0.0884001 -0.0654631 0.17
v 0.0883998 -0.0654635 0.175
v 0.0461094 -0.0998695 0.08
v 0.0884614 0.0653802 0.115
v 0.0820808 -0.0732307 0.08
v 0.0786627 -0.0768907 0.08
v -0.055 -0.0952628 0.08
v 0.0884329 0.0654189 0.174992
v 0.0853922 0.069341 0.154995
v 0.0853859 0.0693487 0.159993
v 0.085399 0.0693326 0.144998
v 0.0853964 0.0693358 0.149997
v 0.0853717 0.0693662 0.0950028
v 0.0853803 0.0693556 0.100002
v 0.075082 -0.0803909 0.085
v 0.0713448 -0.0837253 0.085
v -0.0674593 -0.0868864 0.085
v -0.071344 -0.0837259 0.085
v -0.0272589 -0.106569 0.085
v -0.0320811 -0.105218 0.085
v 0.0853291 -0.0694186 0.085
v 0.0820814 -0.0732301 0.085
v -0.0461094 -0.0998695 0.085
v -0.0506072 -0.0976674 0.085
v 0.0853684 0.0693702 0.169991
v 0.0853591 0.0693817 0.174992
v -0.0750808 -0.080392 0.085
v -0.0820802 -0.0732314 0.085
v -0.0853282 -0.0694197 0.085
v -0.0883994 -0.0654641 0.085
v -0.0912874 -0.0613727 0.085
v -0.0939861 -0.0571542 0.085
v -0.0964901 -0.0528173 0.085
v -0.0987941 -0.0483708 0.085
v -0.100893 -0.0438241 0.085
v -0.102783 -0.0391866 0.085
v -0.10446 -0.0344678 0.085
v -0.105921 -0.0296776 0.085
v -0.107162 -0.0248259 0.085
v -0.108181 -0.0199228 0.085
v -0.108976 -0.0149783 0.085
v -0.109544 -0.0100028 0.085
v -0.109886 -0.00500661 0.085
v -0.11 8.42285e-17 0.085
v -0.109886 0.00500661 0.085
v -0.109544 0.0100028 0.085
v -0.108976 0.0149783 0.085
v -0.108181 0.0199228 0.085
v -0.107162 0.0248259 0.085
v -0.105921 0.0296776 0.085
v -0.10446 0.0344678 0.085
v -0.102783 0.0391866 0.085
v -0.100893 0.0438241 0.085
v -0.0987941 0.0483708 0.085
v -0.0964901 0.0528173 0.085
v -0.0939861 0.0571542 0.085
v -0.0912874 0.0613727 0.085
v -0.0883994 0.0654641 0.085
v -0.0853282 0.0694197 0.085
v -0.0820802 0.0732314 0.085
v -0.078662 0.0768914 0.085
v -0.0750808 0.080392 0.085
v -0.071344 0.0837259 0.085
v -0.0674593 0.0868864 0.085
v -0.0634348 0.0898667 0.085
v -0.0592789 0.0926608 0.085
v -0.055 0.0952628 0.085
v -0.0506072 0.0976674 0.085
v -0.0461094 0.0998695 0.085
v -0.0415161 0.101865 0.085
v -0.0368368 0.103649 0.085
v -0.0320811 0.105218 0.085
v -0.0272589 0.106569 0.085
v -0.0223802 0.107699 0.085
v -0.0174551 0.108606 0.085
v -0.0124938 0.109288 0.085
v -0.00750667 0.109744 0.085
v -0.00250395 0.109971 0.085
v 0.00250395 0.109971 0.085
v 0.00750667 0.109744 0.085
v 0.0124938 0.109288 0.085
v 0.0174551 0.108606 0.085
v 0.0223802 0.107699 0.085
v 0.0272589 0.106569 0.085
v 0.0320811 0.105218 0.085
v 0.0368368 0.103649 0.085
v 0.0415161 0.101865 0.085
v 0.0461094 0.0998695 0.085
v 0.0506072 0.0976674 0.085
v 0.055 0.0952628 0.085
v 0.0592789 0.0926608 0.085
v 0.0634351 0.0898665 0.085
v 0.0674609 0.0868851 0.0850001
v 0.0713488 0.0837218 0.0850003
v 0.0750906 0.0803828 0.0850009
v 0.0786777 0.0768753 0.0850017
v 0.0821017 0.0732074 0.0850027
v 0.0853546 0.0693873 0.0850037
v 0.0674599 -0.0868859 0.085
v 0.063435 -0.0898666 0.085
v -0.055 -0.0952628 0.085
v -0.0592789 -0.0926608 0.085
v -0.00750667 -0.109744 0.085
v -0.0124938 -0.109288 0.085
v -0.0368368 -0.103649 0.085
v 0.0853772 0.0693594 0.164992
v -0.0174551 -0.108606 0.085
v -0.0223802 -0.107699 0.085
v -0.0415161 -0.101865 0.085
v 0.0272589 -0.106569 0.085
v 0.0223802 -0.107699 0.085
v 0.00750667 -0.109744 0.085
v 0.00250395 -0.109971 0.085
v 0.0854008 0.0693303 0.125
v 0.0854016 0.0693294 0.13
v 0.0368368 -0.103649 0.085
v 0.0320811 -0.105218 0.085
v 0.0853627 0.0693773 0.0900033
v 0.0854015 0.0693296 0.135
v 0.0506072 -0.0976674 0.085
v 0.0461094 -0.0998695 0.085
v 0.0854006 0.0693307 0.139999
v 0.0592789 -0.0926607 0.085
v 0.0415161 -0.101865 0.085
v -0.00250395 -0.109971 0.085
v 0.0853862 0.0693484 0.105001
v 0.0174551 -0.108606 0.085
v 0.0124938 -0.109288 0.085
v 0.0820809 -0.0732306 0.175
v 0.0853288 -0.069419 0.175
v 0.0786629 -0.0768905 0.175
v 0.0750816 -0.0803912 0.175
v 0.0713447 -0.0837254 0.175
v 0.0674598 -0.086886 0.175
v 0.0634351 -0.0898665 0.175
v 0.059279 -0.0926607 0.175
v 0.0550001 -0.0952627 0.175
v 0.0506072 -0.0976674 0.175
v 0.0461094 -0.0998695 0.175
v 0.0415161 -0.101865 0.175
v 0.0368368 -0.103649 0.175
v 0.0320811 -0.105218 0.175
v 0.0272589 -0.106569 0.175
v 0.0223802 -0.107699 0.175
v 0.0174551 -0.108606 0.175
v 0.0124938 -0.109288 0.175
v 0.00750667 -0.109744 0.175
v 0.00250395 -0.109971 0.175
v -0.00250395 -0.109971 0.175
v -0.00750667 -0.109744 0.175
v -0.0124938 -0.109288 0.175
v -0.0174551 -0.108606 0.175
v -0.0223802 -0.107699 0.175
v -0.0272589 -0.106569 0.175
v -0.0320811 -0.105218 0.175
v -0.0368368 -0.103649 0.175
v -0.0415161 -0.101865 0.175
v -0.0461094 -0.0998695 0.175
v -0.0506072 -0.0976674 0.175
v -0.055 -0.0952628 0.175
v -0.0592789 -0.0926608 0.175
v -0.0634348 -0.0898667 0.175
v -0.0674593 -0.0868864 0.175
v -0.071344 -0.0837259 0.175
v -0.0750808 -0.080392 0.175
v -0.078662 -0.0768914 0.175
v -0.0820802 -0.0732314 0.175
v -0.0853282 -0.0694197 0.175
v -0.0883994 -0.0654641 0.175
v -0.0912874 -0.0613727 0.175
v -0.0939861 -0.0571542 0.175
v -0.0964901 -0.0528173 0.175
v -0.0987941 -0.0483708 0.175
v -0.100893 -0.0438241 0.175
v -0.102783 -0.0391866 0.175
v -0.10446 -0.0344678 0.175
v -0.105921 -0.0296776 0.175
v -0.107162 -0.0248259 0.175
v -0.108181 -0.0199228 0.175
v -0.108976 -0.0149783 0.175
v -0.109544 -0.0100028 0.175
v -0.109886 -0.00500661 0.175
v -0.11 8.42285e-17 0.175
v -0.109886 0.00500661 0.175
v -0.109544 0.0100028 0.175
v -0.108976 0.0149783 0.175
v -0.108181 0.0199228 0.175
v -0.107162 0.0248259 0.175
v -0.105921 0.0296776 0.175
v -0.10446 0.0344678 0.175
v -0.102783 0.0391866 0.175
v -0.100893 0.0438241 0.175
v -0.0987941 0.0483708 0.175
v -0.0964901 0.0528173 0.175
v -0.0939861 0.0571542 0.175
v -0.0912874 0.0613727 0.175
v -0.0883994 0.0654641 0.175
v -0.0853282 0.0694197 0.175
v -0.0820802 0.0732314 0.175
v -0.078662 0.0768914 0.175
v -0.0750808 0.080392 0.175
v -0.071344 0.0837259 0.175
v -0.0674593 0.0868864 0.175
v -0.0634348 0.0898667 0.175
v -0.0592789 0.0926608 0.175
v -0.055 0.0952628 0.175
v -0.0506072 0.0976674 0.175
v -0.0461094 0.0998695 0.175
v -0.0415161 0.101865 0.175
v -0.0368368 0.103649 0.175
v -0.0320811 0.105218 0.175
v -0.0272589 0.106569 0.175
v -0.0223802 0.107699 0.175
v -0.0174551 0.108606 0.175
v -0.0124938 0.109288 0.175
v -0.00750667 0.109744 0.175
v -0.00250395 0.109971 0.175
v 0.00250395 0.109971 0.175
v 0.00750667 0.109744 0.175
v 0.0124938 0.109288 0.175
v 0.0174551 0.108606 0.175
v 0.0223802 0.107699 0.175
v 0.0272589 0.106569 0.175
v 0.0320811 0.105218 0.175
v 0.0368368 0.103649 0.175
v 0.0415161 0.101865 0.175
v 0.0461094 0.0998695 0.175
v 0.0506072 0.0976674 0.175
v 0.055 0.0952628 0.175
v 0.0592788 0.0926608 0.175
v 0.0634359 0.089866 0.174999
v 0.0674634 0.0868832 0.174998
v 0.0713531 0.0837182 0.174996
v 0.0750961 0.0803777 0.174994
v 0.0786836 0.0768693 0.174992
v 0.0821072 0.0732011 0.174992
v -0.0634348 -0.0898667 0.085
v 0.085399 0.0693326 0.12
v 0.0853296 -0.069418 0.09
v 0.0853302 -0.0694173 0.095
v 0.0853308 -0.0694165 0.1
v 0.0853315 -0.0694156 0.105
v 0.0853321 -0.0694149 0.11
v 0.0853326 -0.0694144 0.115
v 0.0853329 -0.069414 0.12
v 0.085333 -0.0694138 0.125
v 0.0853331 -0.0694137 0.13
v 0.0853332 -0.0694136 0.135
v 0.0853332 -0.0694136 0.14
v 0.085333 -0.0694138 0.145
v 0.0853325 -0.0694144 0.15
v 0.0853317 -0.0694154 0.155
v 0.0853308 -0.0694165 0.16
v 0.08533 -0.0694175 0.165
v 0.0853293 -0.0694183 0.17
v 0.0853955 0.0693369 0.115
v 0.055 -0.0952628 0.085
v -0.078662 -0.0768914 0.085
v 0.085391 0.0693425 0.110001
v 0.0786633 -0.0768901 0.085
v 0.0592791 -0.0926606 0.09
v 0.0550001 -0.0952628 0.09
v -0.00250395 -0.109971 0.09
v -0.00750667 -0.109744 0.09
v 0.0821184 0.0731886 0.0950022
v 0.0821278 0.0731781 0.100002
v -0.0883994 -0.0654641 0.09
v -0.0912874 -0.0613727 0.09
v 0.0272589 -0.106569 0.09
v 0.0223802 -0.107699 0.09
v 0.0461094 -0.0998695 0.09
v 0.0415161 -0.101865 0.09
v -0.0592789 -0.0926608 0.09
v -0.0634348 -0.0898667 0.09
v -0.071344 -0.0837259 0.09
v -0.0750808 -0.080392 0.09
v -0.0820802 -0.0732314 0.09
v -0.0853282 -0.0694197 0.09
v -0.0939861 -0.0571542 0.09
v -0.0964901 -0.0528173 0.09
v -0.0987941 -0.0483708 0.09
v -0.100893 -0.0438241 0.09
v -0.102783 -0.0391866 0.09
v -0.10446 -0.0344678 0.09
v -0.105921 -0.0296776 0.09
v -0.107162 -0.0248259 0.09
v -0.108181 -0.0199228 0.09
v -0.108976 -0.0149783 0.09
v -0.109544 -0.0100028 0.09
v -0.109886 -0.00500661 0.09
v -0.11 8.42285e-17 0.09
v -0.109886 0.00500661 0.09
v -0.109544 0.0100028 0.09
v -0.108976 0.0149783 0.09
v -0.108181 0.0199228 0.09
v -0.107162 0.0248259 0.09
v -0.105921 0.0296776 0.09
v -0.10446 0.0344678 0.09
v -0.102783 0.0391866 0.09
v -0.100893 0.0438241 0.09
v -0.0987941 0.0483708 0.09
v -0.0964901 0.0528173 0.09
v -0.0939861 0.0571542 0.09
v -0.0912874 0.0613727 0.09
v -0.0883994 0.0654641 0.09
v -0.0853282 0.0694197 0.09
v -0.0820802 0.0732314 0.09
v -0.078662 0.0768914 0.09
v -0.0750808 0.080392 0.09
v -0.071344 0.0837259 0.09
v -0.0674593 0.0868864 0.09
v -0.0634348 0.0898667 0.09
v -0.0592789 0.0926608 0.09
v -0.055 0.0952628 0.09
v -0.0506072 0.0976674 0.09
v -0.0461094 0.0998695 0.09
v -0.0415161 0.101865 0.09
v -0.0368368 0.103649 0.09
v -0.0320811 0.105218 0.09
v -0.0272589 0.106569 0.09
v -0.0223802 0.107699 0.09
v -0.0174551 0.108606 0.09
v -0.0124938 0.109288 0.09
v -0.00750667 0.109744 0.09
v -0.00250395 0.109971 0.09
v 0.00250395 0.109971 0.09
v 0.00750667 0.109744 0.09
v 0.0124938 0.109288 0.09
v 0.0174551 0.108606 0.09
v 0.0223802 0.107699 0.09
v 0.0272589 0.106569 0.09
v 0.0320811 0.105218 0.09
v 0.0368368 0.103649 0.09
v 0.0415161 0.101865 0.09
v 0.0461094 0.0998695 0.09
v 0.0506072 0.0976674 0.09
v 0.055 0.0952628 0.09
v 0.0592789 0.0926607 0.09
v 0.063436 0.0898659 0.09
v 0.0674635 0.0868831 0.0900001
v 0.0713535 0.0837179 0.0900004
v 0.0750972 0.0803767 0.090001
v 0.0786854 0.0768674 0.0900017
v 0.0821098 0.0731983 0.0900024
v 0.082162 0.0731396 0.13
v 0.0821622 0.0731394 0.134999
v -0.055 -0.0952628 0.09
v -0.0368368 -0.103649 0.09
v -0.0415161 -0.101865 0.09
v 0.0821606 0.0731412 0.139999
v -0.0320811 -0.105218 0.09
v 0.0821278 0.073178 0.164991
v 0.0821173 0.0731898 0.169991
v -0.0461094 -0.0998695 0.09
v 0.0821463 0.0731572 0.154993
v 0.0821377 0.0731669 0.159992
v 0.00750667 -0.109744 0.09
v 0.00250395 -0.109971 0.09
v -0.0124938 -0.109288 0.09
v -0.0272589 -0.106569 0.09
v 0.0821357 0.0731691 0.105001
v 0.0821433 0.0731606 0.110001
v 0.0750831 -0.0803899 0.09
v 0.0713458 -0.0837244 0.09
v 0.0634355 -0.0898662 0.09
v -0.0674593 -0.0868864 0.09
v 0.0821572 0.073145 0.144997
v 0.0821527 0.0731501 0.149995
v 0.0124938 -0.109288 0.09
v 0.0506072 -0.0976674 0.09
v 0.0786637 -0.0768897 0.17
v 0.0820816 -0.0732298 0.17
v 0.0368368 -0.103649 0.09
v -0.0506072 -0.0976674 0.09
v 0.0174551 -0.108606 0.09
v -0.0223802 -0.107699 0.09
v -0.078662 -0.0768914 0.09
v 0.0821501 0.073153 0.115
v 0.0821567 0.0731456 0.12
v 0.0750825 -0.0803904 0.17
v 0.0713455 -0.0837247 0.17
v 0.0674605 -0.0868855 0.17
v 0.0634357 -0.0898661 0.17
v 0.0592794 -0.0926604 0.17
v 0.0550003 -0.0952626 0.17
v 0.0506073 -0.0976673 0.17
v 0.0461095 -0.0998695 0.17
v 0.0415162 -0.101865 0.17
v 0.0368368 -0.103649 0.17
v 0.0320811 -0.105218 0.17
v 0.0272589 -0.106569 0.17
v 0.0223802 -0.107699 0.17
v 0.0174551 -0.108606 0.17
v 0.0124938 -0.109288 0.17
v 0.00750667 -0.109744 0.17
v 0.00250395 -0.109971 0.17
v -0.00250395 -0.109971 0.17
v -0.00750667 -0.109744 0.17
v -0.0124938 -0.109288 0.17
v -0.0174551 -0.108606 0.17
v -0.0223802 -0.107699 0.17
v -0.0272589 -0.106569 0.17
v -0.0320811 -0.105218 0.17
v -0.0368368 -0.103649 0.17
v -0.0415161 -0.101865 0.17
v -0.0461094 -0.0998695 0.17
v -0.0506072 -0.0976674 0.17
v -0.055 -0.0952628 0.17
v -0.0592789 -0.0926608 0.17
v -0.0634348 -0.0898667 0.17
v -0.0674593 -0.0868864 0.17
v -0.071344 -0.0837259 0.17
v -0.0750808 -0.080392 0.17
v -0.078662 -0.0768914 0.17
v -0.0820802 -0.0732314 0.17
v -0.0853282 -0.0694197 0.17
v -0.0883994 -0.0654641 0.17
v -0.0912874 -0.0613727 0.17
v -0.0939861 -0.0571542 0.17
v -0.0964901 -0.0528173 0.17
v -0.0987941 -0.0483708 0.17
v -0.100893 -0.0438241 0.17
v -0.102783 -0.0391866 0.17
v -0.10446 -0.0344678 0.17
v -0.105921 -0.0296776 0.17
v -0.107162 -0.0248259 0.17
v -0.108181 -0.0199228 0.17
v -0.108976 -0.0149783 0.17
v -0.109544 -0.0100028 0.17
v -0.109886 -0.00500661 0.17
v -0.11 8.42285e-17 0.17
v -0.109886 0.00500661 0.17
v -0.109544 0.0100028 0.17
v -0.108976 0.0149783 0.17
v -0.108181 0.0199228 0.17
v -0.107162 0.0248259 0.17
v -0.105921 0.0296776 0.17
v -0.10446 0.0344678 0.17
v -0.102783 0.0391866 0.17
v -0.100893 0.0438241 0.17
v -0.0987941 0.0483708 0.17
v -0.0964901 0.0528173 0.17
v -0.0939861 0.0571542 0.17
v -0.0912874 0.0613727 0.17
v -0.0883994 0.0654641 0.17
v -0.0853282 0.0694197 0.17
v -0.0820802 0.0732314 0.17
v -0.078662 0.0768914 0.17
v -0.0750808 0.080392 0.17
v -0.071344 0.0837259 0.17
v -0.0674593 0.0868864 0.17
v -0.0634348 0.0898667 0.17
v -0.0592789 0.0926608 0.17
v -0.055 0.0952628 0.17
v -0.0506072 0.0976674 0.17
v -0.0461094 0.0998695 0.17
v -0.0415161 0.101865 0.17
v -0.0368368 0.103649 0.17
v -0.0320811 0.105218 0.17
v -0.0272589 0.106569 0.17
v -0.0223802 0.107699 0.17
v -0.0174551 0.108606 0.17
v -0.0124938 0.109288 0.17
v -0.00750667 0.109744 0.17
v -0.00250395 0.109971 0.17
v 0.00250395 0.109971 0.17
v 0.00750667 0.109744 0.17
v 0.0124938 0.109288 0.17
v 0.0174551 0.108606 0.17
v 0.0223802 0.107699 0.17
v 0.0272589 0.106569 0.17
v 0.0320811 0.105218 0.17
v 0.0368368 0.103649 0.17
v 0.0415161 0.101865 0.17
v 0.0461094 0.0998695 0.17
v 0.0506072 0.0976674 0.17
v 0.055 0.0952628 0.17
v 0.0592799 0.0926601 0.17
v 0.0634394 0.0898635 0.169999
v 0.0674697 0.0868783 0.169997
v 0.0713619 0.0837107 0.169995
v 0.0751063 0.0803682 0.169992
v 0.0786942 0.0768585 0.169991
v 0.0821602 0.0731416 0.125
v 0.082083 -0.0732283 0.095
v 0.0820821 -0.0732293 0.09
v 0.0820841 -0.073227 0.1
v 0.0820853 -0.0732257 0.105
v 0.0820864 -0.0732244 0.11
v 0.0820873 -0.0732235 0.115
v 0.082088 -0.0732227 0.12
v 0.0820884 -0.0732223 0.125
v 0.0820886 -0.073222 0.13
v 0.0820888 -0.0732218 0.135
v 0.0820886 -0.073222 0.14
v 0.0820879 -0.0732228 0.145
v 0.0820867 -0.0732241 0.15
v 0.0820853 -0.0732258 0.155
v 0.0820838 -0.0732274 0.16
v 0.0820826 -0.0732287 0.165
v 0.0320811 -0.105218 0.09
v 0.0674607 -0.0868853 0.09
v 0.0786642 -0.0768891 0.09
v -0.0174551 -0.108606 0.09
v 0.0786671 -0.0768862 0.1
v 0.0786655 -0.0768878 0.095
v 0.0787482 0.0768031 0.139998
v 0.0787438 0.0768076 0.144997
v 0.0787127 0.0768395 0.105001
v 0.0787232 0.0768287 0.110001
v 0.0786935 0.0768592 0.0950015
v 0.0550003 -0.0952626 0.095
v 0.0506072 -0.0976673 0.095
v 0.00250395 -0.109971 0.095
v -0.00250395 -0.109971 0.095
v -0.0912874 -0.0613727 0.095
v -0.0939861 -0.0571542 0.095
v -0.0461094 -0.0998695 0.095
v -0.0506072 -0.0976674 0.095
v -0.0987941 -0.0483708 0.095
v -0.100893 -0.0438241 0.095
v -0.0853282 -0.0694197 0.095
v -0.0883994 -0.0654641 0.095
v -0.0964901 -0.0528173 0.095
v -0.102783 -0.0391866 0.095
v -0.10446 -0.0344678 0.095
v -0.105921 -0.0296776 0.095
v -0.107162 -0.0248259 0.095
v -0.108181 -0.0199228 0.095
v -0.108976 -0.0149783 0.095
v -0.109544 -0.0100028 0.095
v -0.109886 -0.00500661 0.095
v -0.11 8.42285e-17 0.095
v -0.109886 0.00500661 0.095
v -0.109544 0.0100028 0.095
v -0.108976 0.0149783 0.095
v -0.108181 0.0199228 0.095
v -0.107162 0.0248259 0.095
v -0.105921 0.0296776 0.095
v -0.10446 0.0344678 0.095
v -0.102783 0.0391866 0.095
v -0.100893 0.0438241 0.095
v -0.0987941 0.0483708 0.095
v -0.0964901 0.0528173 0.095
v -0.0939861 0.0571542 0.095
v -0.0912874 0.0613727 0.095
v -0.0883994 0.0654641 0.095
v -0.0853282 0.0694197 0.095
v -0.0820802 0.0732314 0.095
v -0.078662 0.0768914 0.095
v -0.0750808 0.080392 0.095
v -0.071344 0.0837259 0.095
v -0.0674593 0.0868864 0.095
v -0.0634348 0.0898667 0.095
v -0.0592789 0.0926608 0.095
v -0.055 0.0952628 0.095
v -0.0506072 0.0976674 0.095
v -0.0461094 0.0998695 0.095
v -0.0415161 0.101865 0.095
v -0.0368368 0.103649 0.095
v -0.0320811 0.105218 0.095
v -0.0272589 0.106569 0.095
v -0.0223802 0.107699 0.095
v -0.0174551 0.108606 0.095
v -0.0124938 0.109288 0.095
v -0.00750667 0.109744 0.095
v -0.00250395 0.109971 0.095
v 0.00250395 0.109971 0.095
v 0.00750667 0.109744 0.095
v 0.0124938 0.109288 0.095
v 0.0174551 0.108606 0.095
v 0.0223802 0.107699 0.095
v 0.0272589 0.106569 0.095
v 0.0320811 0.105218 0.095
v 0.0368368 0.103649 0.095
v 0.0415161 0.101865 0.095
v 0.0461094 0.0998695 0.095
v 0.0506072 0.0976674 0.095
v 0.055 0.0952628 0.095
v 0.0592799 0.0926601 0.095
v 0.0634387 0.0898639 0.095
v 0.0674684 0.0868793 0.0950002
v 0.0713603 0.083712 0.0950004
v 0.0751052 0.0803692 0.0950009
v 0.0787359 0.0768158 0.149995
v 0.0787275 0.0768243 0.154993
v 0.0787029 0.0768496 0.100001
v -0.055 -0.0952628 0.095
v -0.0592789 -0.0926608 0.095
v 0.0674621 -0.0868842 0.095
v 0.0634366 -0.0898655 0.095
v -0.0368368 -0.103649 0.095
v -0.0415161 -0.101865 0.095
v 0.0787511 0.0768002 0.134999
v -0.0320811 -0.105218 0.095
v 0.0787052 0.0768472 0.164991
v 0.078716 0.0768362 0.159992
v 0.0787421 0.0768093 0.12
v 0.078749 0.0768023 0.125
v 0.0592799 -0.0926601 0.095
v -0.0634348 -0.0898667 0.095
v -0.00750667 -0.109744 0.095
v -0.0124938 -0.109288 0.095
v -0.0272589 -0.106569 0.095
v -0.0174551 -0.108606 0.095
v 0.0320811 -0.105218 0.095
v 0.0272589 -0.106569 0.095
v 0.0750846 -0.0803884 0.095
v 0.0713475 -0.0837229 0.095
v -0.0674593 -0.0868864 0.095
v -0.071344 -0.0837259 0.095
v 0.0787513 0.0768 0.13
v 0.0461095 -0.0998695 0.095
v 0.0786649 -0.0768885 0.165
v 0.0415161 -0.101865 0.095
v 0.0368368 -0.103649 0.095
v 0.0174551 -0.108606 0.095
v 0.0124938 -0.109288 0.095
v -0.0223802 -0.107699 0.095
v 0.0750838 -0.0803892 0.165
v -0.0750808 -0.080392 0.095
v 0.0787327 0.0768191 0.115
v 0.0713469 -0.0837235 0.165
v 0.0674619 -0.0868844 0.165
v 0.0634368 -0.0898653 0.165
v 0.0592802 -0.0926599 0.165
v 0.0550009 -0.0952623 0.165
v 0.0506077 -0.0976671 0.165
v 0.0461097 -0.0998694 0.165
v 0.0415163 -0.101865 0.165
v 0.0368368 -0.103649 0.165
v 0.0320811 -0.105218 0.165
v 0.0272589 -0.106569 0.165
v 0.0223802 -0.107699 0.165
v 0.0174551 -0.108606 0.165
v 0.0124938 -0.109288 0.165
v 0.00750667 -0.109744 0.165
v 0.00250395 -0.109971 0.165
v -0.00250395 -0.109971 0.165
v -0.00750667 -0.109744 0.165
v -0.0124938 -0.109288 0.165
v -0.0174551 -0.108606 0.165
v -0.0223802 -0.107699 0.165
v -0.0272589 -0.106569 0.165
v -0.0320811 -0.105218 0.165
v -0.0368368 -0.103649 0.165
v -0.0415161 -0.101865 0.165
v -0.0461094 -0.0998695 0.165
v -0.0506072 -0.0976674 0.165
v -0.055 -0.0952628 0.165
v -0.0592789 -0.0926608 0.165
v -0.0634348 -0.0898667 0.165
v -0.0674593 -0.0868864 0.165
v -0.071344 -0.0837259 0.165
v -0.0750808 -0.080392 0.165
v -0.078662 -0.0768914 0.165
v -0.0820802 -0.0732314 0.165
v -0.0853282 -0.0694197 0.165
v -0.0883994 -0.0654641 0.165
v -0.0912874 -0.0613727 0.165
v -0.0939861 -0.0571542 0.165
v -0.0964901 -0.0528173 0.165
v -0.0987941 -0.0483708 0.165
v -0.100893 -0.0438241 0.165
v -0.102783 -0.0391866 0.165
v -0.10446 -0.0344678 0.165
v -0.105921 -0.0296776 0.165
v -0.107162 -0.0248259 0.165
v -0.108181 -0.0199228 0.165
v -0.108976 -0.0149783 0.165
v -0.109544 -0.0100028 0.165
v -0.109886 -0.00500661 0.165
v -0.11 8.42285e-17 0.165
v -0.109886 0.00500661 0.165
v -0.109544 0.0100028 0.165
v -0.108976 0.0149783 0.165
v -0.108181 0.0199228 0.165
v -0.107162 0.0248259 0.165
v -0.105921 0.0296776 0.165
v -0.10446 0.0344678 0.165
v -0.102783 0.0391866 0.165
v -0.100893 0.0438241 0.165
v -0.0987941 0.0483708 0.165
v -0.0964901 0.0528173 0.165
v -0.0939861 0.0571542 0.165
v -0.0912874 0.0613727 0.165
v -0.0883994 0.0654641 0.165
v -0.0853282 0.0694197 0.165
v -0.0820802 0.0732314 0.165
v -0.078662 0.0768914 0.165
v -0.0750808 0.080392 0.165
v -0.071344 0.0837259 0.165
v -0.0674593 0.0868864 0.165
v -0.0634348 0.0898667 0.165
v -0.0592789 0.0926608 0.165
v -0.055 0.0952628 0.165
v -0.0506072 0.0976674 0.165
v -0.0461094 0.0998695 0.165
v -0.0415161 0.101865 0.165
v -0.0368368 0.103649 0.165
v -0.0320811 0.105218 0.165
v -0.0272589 0.106569 0.165
v -0.0223802 0.107699 0.165
v -0.0174551 0.108606 0.165
v -0.0124938 0.109288 0.165
v -0.00750667 0.109744 0.165
v -0.00250395 0.109971 0.165
v 0.00250395 0.109971 0.165
v 0.00750667 0.109744 0.165
v 0.0124938 0.109288 0.165
v 0.0174551 0.108606 0.165
v 0.0223802 0.107699 0.165
v 0.0272589 0.106569 0.165
v 0.0320811 0.105218 0.165
v 0.0368368 0.103649 0.165
v 0.0415161 0.101865 0.165
v 0.0461094 0.0998695 0.165
v 0.0506072 0.0976674 0.165
v 0.055001 0.0952622 0.165
v 0.0592835 0.0926578 0.164999
v 0.0634461 0.0898588 0.164998
v 0.0674792 0.0868709 0.164996
v 0.0713729 0.0837013 0.164994
v 0.0751176 0.0803576 0.164992
v 0.0786689 -0.0768843 0.105
v 0.0786706 -0.0768826 0.11
v 0.0786722 -0.076881 0.115
v 0.0786734 -0.0768798 0.12
v 0.0786743 -0.0768789 0.125
v 0.0786749 -0.0768783 0.13
v 0.0786749 -0.0768782 0.135
v 0.0786742 -0.0768789 0.14
v 0.0786727 -0.0768805 0.145
v 0.0786706 -0.0768826 0.15
v 0.0786685 -0.0768848 0.155
v 0.0786665 -0.0768868 0.16
v 0.00750667 -0.109744 0.095
v -0.078662 -0.0768914 0.095
v -0.0820802 -0.0732314 0.095
v 0.0223802 -0.107699 0.095
v 0.00750667 -0.109744 0.1
v 0.00250395 -0.109971 0.1
v 0.0751533 0.0803242 0.149995
v 0.0751423 0.0803346 0.154994
v 0.0550013 -0.0952621 0.1
v 0.0506076 -0.0976671 0.1
v 0.0751709 0.0803077 0.124999
v 0.0751759 0.0803031 0.129999
v 0.0223802 -0.107699 0.1
v 0.0174551 -0.108606 0.1
v 0.0592813 -0.0926592 0.1
v -0.0750808 -0.080392 0.1
v -0.078662 -0.0768914 0.1
v -0.100893 -0.0438241 0.1
v -0.102783 -0.0391866 0.1
v -0.0964901 -0.0528173 0.1
v -0.0987941 -0.0483708 0.1
v -0.10446 -0.0344678 0.1
v -0.105921 -0.0296776 0.1
v -0.108181 -0.0199228 0.1
v -0.108976 -0.0149783 0.1
v -0.109544 -0.0100028 0.1
v -0.109886 -0.00500661 0.1
v -0.11 8.42285e-17 0.1
v -0.109886 0.00500661 0.1
v -0.109544 0.0100028 0.1
v -0.108976 0.0149783 0.1
v -0.108181 0.0199228 0.1
v -0.107162 0.0248259 0.1
v -0.105921 0.0296776 0.1
v -0.10446 0.0344678 0.1
v -0.102783 0.0391866 0.1
v -0.100893 0.0438241 0.1
v -0.0987941 0.0483708 0.1
v -0.0964901 0.0528173 0.1
v -0.0939861 0.0571542 0.1
v -0.0912874 0.0613727 0.1
v -0.0883994 0.0654641 0.1
v -0.0853282 0.0694197 0.1
v -0.0820802 0.0732314 0.1
v -0.078662 0.0768914 0.1
v -0.0750808 0.080392 0.1
v -0.071344 0.0837259 0.1
v -0.0674593 0.0868864 0.1
v -0.0634348 0.0898667 0.1
v -0.0592789 0.0926608 0.1
v -0.055 0.0952628 0.1
v -0.0506072 0.0976674 0.1
v -0.0461094 0.0998695 0.1
v -0.0415161 0.101865 0.1
v -0.0368368 0.103649 0.1
v -0.0320811 0.105218 0.1
v -0.0272589 0.106569 0.1
v -0.0223802 0.107699 0.1
v -0.0174551 0.108606 0.1
v -0.0124938 0.109288 0.1
v -0.00750667 0.109744 0.1
v -0.00250395 0.109971 0.1
v 0.00250395 0.109971 0.1
v 0.00750667 0.109744 0.1
v 0.0124938 0.109288 0.1
v 0.0174551 0.108606 0.1
v 0.0223802 0.107699 0.1
v 0.0272589 0.106569 0.1
v 0.0320811 0.105218 0.1
v 0.0368368 0.103649 0.1
v 0.0415161 0.101865 0.1
v 0.0461094 0.0998695 0.1
v 0.0506072 0.0976674 0.1
v 0.0550013 0.095262 0.1
v 0.0592836 0.0926577 0.1
v 0.0634452 0.0898594 0.1
v 0.0674771 0.0868726 0.1
v 0.0713701 0.0837037 0.1
v 0.0751149 0.0803601 0.100001
v 0.0124938 -0.109288 0.1
v 0.0751258 0.08035 0.105001
v 0.0751741 0.0803048 0.134999
v -0.071344 -0.0837259 0.1
v -0.0368368 -0.103649 0.1
v -0.0415161 -0.101865 0.1
v -0.055 -0.0952628 0.1
v -0.0592789 -0.0926608 0.1
v -0.0634348 -0.0898667 0.1
v 0.0674644 -0.0868824 0.1
v 0.0634386 -0.089864 0.1
v 0.0461097 -0.0998694 0.1
v -0.0320811 -0.105218 0.1
v -0.00250395 -0.109971 0.1
v -0.00750667 -0.109744 0.1
v 0.0751292 0.0803467 0.159993
v 0.0751615 0.0803165 0.12
v 0.0272589 -0.106569 0.1
v -0.0124938 -0.109288 0.1
v -0.0674593 -0.0868864 0.1
v 0.0320811 -0.105218 0.1
v 0.0368368 -0.103649 0.1
v 0.0751623 0.0803158 0.144997
v -0.0223802 -0.107699 0.1
v -0.0272589 -0.106569 0.1
v -0.0506072 -0.0976674 0.1
v 0.0750866 -0.0803866 0.1
v 0.0415163 -0.101865 0.1
v -0.0883994 -0.0654641 0.1
v -0.0912874 -0.0613727 0.1
v 0.0750858 -0.0803873 0.16
v -0.0820802 -0.0732314 0.1
v -0.0853282 -0.0694197 0.1
v 0.0751497 0.0803276 0.115
v 0.0751376 0.0803389 0.11
v 0.0713492 -0.0837215 0.16
v 0.0674641 -0.0868827 0.16
v 0.0634387 -0.089864 0.16
v 0.0592817 -0.0926589 0.16
v 0.055002 -0.0952616 0.16
v 0.0506084 -0.0976667 0.16
v 0.0461102 -0.0998692 0.16
v 0.0415165 -0.101865 0.16
v 0.036837 -0.103649 0.16
v 0.0320812 -0.105218 0.16
v 0.0272589 -0.106569 0.16
v 0.0223802 -0.107699 0.16
v 0.0174551 -0.108606 0.16
v 0.0124938 -0.109288 0.16
v 0.00750667 -0.109744 0.16
v 0.00250395 -0.109971 0.16
v -0.00250395 -0.109971 0.16
v -0.00750667 -0.109744 0.16
v -0.0124938 -0.109288 0.16
v -0.0174551 -0.108606 0.16
v -0.0223802 -0.107699 0.16
v -0.0272589 -0.106569 0.16
v -0.0320811 -0.105218 0.16
v -0.0368368 -0.103649 0.16
v -0.0415161 -0.101865 0.16
v -0.0461094 -0.0998695 0.16
v -0.0506072 -0.0976674 0.16
v -0.055 -0.0952628 0.16
v -0.0592789 -0.0926608 0.16
v -0.0634348 -0.0898667 0.16
v -0.0674593 -0.0868864 0.16
v -0.071344 -0.0837259 0.16
v -0.0750808 -0.080392 0.16
v -0.078662 -0.0768914 0.16
v -0.0820802 -0.0732314 0.16
v -0.0853282 -0.0694197 0.16
v -0.0883994 -0.0654641 0.16
v -0.0912874 -0.0613727 0.16
v -0.0939861 -0.0571542 0.16
v -0.0964901 -0.0528173 0.16
v -0.0987942 -0.0483706 0.16
v -0.100894 -0.0438229 0.159999
v -0.102784 -0.0391847 0.159999
v -0.104461 -0.0344651 0.159999
v -0.105922 -0.0296748 0.16
v -0.107162 -0.0248237 0.16
v -0.108181 -0.0199214 0.16
v -0.108976 -0.0149776 0.16
v -0.109544 -0.0100022 0.16
v -0.109886 -0.00500516 0.159999
v -0.11 2.59215e-06 0.159999
v -0.109886 0.00501015 0.159999
v -0.109544 0.010007 0.159999
v -0.108975 0.0149828 0.159999
v -0.10818 0.0199273 0.159999
v -0.107161 0.0248305 0.159999
v -0.10592 0.0296822 0.159999
v -0.104459 0.0344724 0.159999
v -0.102782 0.039191 0.159999
v -0.100891 0.0438286 0.16
v -0.0987922 0.0483747 0.159999
v -0.0964881 0.0528209 0.16
v -0.0939843 0.0571573 0.16
v -0.0912859 0.0613749 0.16
v -0.0883985 0.0654653 0.16
v -0.0853277 0.0694203 0.16
v -0.0820799 0.0732317 0.16
v -0.078662 0.0768914 0.16
v -0.0750801 0.0803926 0.159999
v -0.0713423 0.0837274 0.159998
v -0.0674566 0.0868885 0.159998
v -0.0634315 0.0898691 0.159999
v -0.0592751 0.0926632 0.159999
v -0.054996 0.0952651 0.159999
v -0.050603 0.0976695 0.159999
v -0.0461051 0.0998715 0.159999
v -0.0415117 0.101867 0.159999
v -0.0368323 0.10365 0.159999
v -0.0320765 0.105219 0.159999
v -0.0272542 0.10657 0.159999
v -0.0223755 0.1077 0.159999
v -0.0174503 0.108607 0.16
v -0.0124896 0.109289 0.159999
v -0.00750252 0.109744 0.16
v -0.00250035 0.109972 0.16
v 0.00250653 0.109971 0.16
v 0.00750815 0.109743 0.16
v 0.0124956 0.109288 0.159999
v 0.0174572 0.108606 0.159998
v 0.022383 0.107699 0.159998
v 0.0272617 0.106568 0.159999
v 0.0320832 0.105217 0.159999
v 0.0368381 0.103648 0.16
v 0.0415168 0.101864 0.16
v 0.0461098 0.0998694 0.16
v 0.0506082 0.0976668 0.16
v 0.0550044 0.0952603 0.16
v 0.0592901 0.0926536 0.159999
v 0.0634558 0.0898519 0.159998
v 0.0674909 0.0868618 0.159996
v 0.0713853 0.0836908 0.159995
v -0.0461094 -0.0998695 0.1
v 0.0750913 -0.0803822 0.11
v 0.0750889 -0.0803844 0.105
v 0.0750936 -0.08038 0.115
v 0.0750957 -0.0803781 0.12
v 0.0750974 -0.0803765 0.125
v 0.0750983 -0.0803757 0.13
v 0.075098 -0.080376 0.135
v 0.0750964 -0.0803774 0.14
v 0.0750939 -0.0803797 0.145
v 0.075091 -0.0803824 0.15
v 0.0750883 -0.080385 0.155
v -0.0174551 -0.108606 0.1
v 0.0713498 -0.083721 0.1
v -0.107162 -0.0248259 0.1
v 0.0751689 0.0803097 0.139998
v -0.0939861 -0.0571542 0.1
v 0.0714101 0.0836695 0.149996
v 0.0713982 0.0836797 0.154995
v -0.0124938 -0.109288 0.105
v -0.0174551 -0.108606 0.105
v 0.0714359 0.0836476 0.134998
v 0.0714306 0.0836521 0.139998
v -0.105921 -0.0296786 0.105001
v -0.107162 -0.0248261 0.105
v 0.0272589 -0.106569 0.105
v 0.0223802 -0.107699 0.105
v 0.0461106 -0.099869 0.105001
v 0.0415167 -0.101865 0.105
v -0.0750808 -0.080392 0.105
v -0.078662 -0.0768914 0.105
v -0.10446 -0.0344692 0.105001
v 0.00750667 -0.109744 0.105
v 0.00250395 -0.109971 0.105
v -0.102783 -0.0391888 0.105001
v 0.0713524 -0.0837188 0.105
v 0.0674672 -0.0868802 0.105
v -0.108181 -0.0199233 0.104999
v -0.108975 -0.0149789 0.104999
v -0.109544 -0.0100036 0.104999
v -0.11 -4.18524e-06 0.105
v -0.109886 0.00500368 0.105
v -0.109545 0.00999947 0.105
v -0.108976 0.014975 0.105
v -0.108181 0.0199192 0.105
v -0.107163 0.0248225 0.105
v -0.105922 0.0296745 0.105
v -0.104462 0.0344642 0.105
v -0.102785 0.0391832 0.105
v -0.100895 0.0438208 0.105
v -0.0987957 0.0483674 0.105
v -0.0964919 0.052814 0.105001
v -0.0939872 0.0571525 0.105001
v -0.0912878 0.0613721 0.105
v -0.0883995 0.0654639 0.105
v -0.0853282 0.0694197 0.105
v -0.0820802 0.0732314 0.105
v -0.078662 0.0768914 0.105
v -0.0750814 0.0803914 0.105
v -0.0713451 0.083725 0.104999
v -0.0674611 0.086885 0.104999
v -0.0634375 0.0898648 0.105
v -0.0592825 0.0926584 0.105
v -0.0550044 0.0952603 0.105
v -0.0506121 0.0976648 0.105
v -0.0461147 0.0998671 0.105
v -0.0415216 0.101863 0.105
v -0.0368424 0.103647 0.105
v -0.0320868 0.105216 0.105
v -0.0272647 0.106567 0.105
v -0.022386 0.107698 0.105
v -0.017461 0.108605 0.105
v -0.0124998 0.109287 0.105
v -0.00751217 0.109743 0.105001
v -0.00250801 0.109971 0.105001
v 0.00250151 0.109972 0.105001
v 0.00750538 0.109744 0.105001
v 0.0124925 0.109288 0.105
v 0.0174538 0.108606 0.104999
v 0.0223785 0.1077 0.105
v 0.0272573 0.106569 0.105001
v 0.03208 0.105218 0.105001
v 0.0368362 0.103649 0.105001
v 0.0415159 0.101865 0.105
v 0.0461093 0.0998696 0.105
v 0.0506086 0.0976666 0.105
v 0.0550057 0.0952595 0.105
v 0.0592914 0.0926527 0.105
v 0.0634558 0.0898519 0.105
v 0.0674892 0.0868632 0.105
v 0.0713823 0.0836933 0.105
v 0.0714374 0.0836463 0.129998
v -0.055 -0.0952628 0.105
v -0.0592789 -0.0926608 0.105
v -0.0634348 -0.0898667 0.105
v -0.0674593 -0.0868864 0.105
v -0.0272589 -0.106569 0.105
v -0.0320811 -0.105218 0.105
v 0.0714202 0.083661 0.144997
v -0.071344 -0.0837259 0.105
v -0.0368368 -0.103649 0.105
v -0.0415161 -0.101865 0.105
v -0.00250395 -0.109971 0.105
v 0.0634416 -0.0898619 0.105001
v 0.0124938 -0.109288 0.105
v 0.0506092 -0.0976663 0.105001
v -0.100892 -0.0438262 0.105
v -0.00750667 -0.109744 0.105
v 0.0714211 0.0836602 0.119999
v 0.0714318 0.083651 0.124998
v 0.0713953 0.0836822 0.11
v 0.036837 -0.103649 0.105
v 0.0320811 -0.105218 0.105
v -0.0506072 -0.0976674 0.105
v -0.0223802 -0.107699 0.105
v -0.0461094 -0.0998695 0.105
v -0.0883994 -0.0654641 0.105
v -0.0912873 -0.0613728 0.105
v 0.071408 0.0836714 0.115
v -0.0820802 -0.0732314 0.105
v -0.0853282 -0.0694197 0.105
v 0.071352 -0.0837191 0.155
v 0.067467 -0.0868804 0.155
v 0.0634416 -0.0898619 0.155
v 0.0592843 -0.0926573 0.155
v 0.0550041 -0.0952604 0.155
v 0.05061 -0.0976659 0.155
v 0.0461112 -0.0998687 0.155
v 0.0415171 -0.101864 0.155
v 0.0368373 -0.103648 0.155
v 0.0320813 -0.105218 0.155
v 0.027259 -0.106569 0.155
v 0.0223802 -0.107699 0.155
v 0.0174551 -0.108606 0.155
v 0.0124938 -0.109288 0.155
v 0.00750667 -0.109744 0.155
v 0.00250395 -0.109971 0.155
v -0.00250395 -0.109971 0.155
v -0.00750667 -0.109744 0.155
v -0.0124938 -0.109288 0.155
v -0.0174551 -0.108606 0.155
v -0.0223802 -0.107699 0.155
v -0.0272589 -0.106569 0.155
v -0.0320811 -0.105218 0.155
v -0.0368368 -0.103649 0.155
v -0.0415161 -0.101865 0.155
v -0.0461094 -0.0998695 0.155
v -0.0506072 -0.0976674 0.155
v -0.055 -0.0952628 0.155
v -0.0592789 -0.0926608 0.155
v -0.0634348 -0.0898667 0.155
v -0.0674593 -0.0868864 0.155
v -0.071344 -0.0837259 0.155
v -0.0750808 -0.080392 0.155
v -0.078662 -0.0768914 0.155
v -0.0820802 -0.0732314 0.155
v -0.0853282 -0.0694197 0.155
v -0.0883994 -0.0654641 0.155
v -0.0912874 -0.0613727 0.155
v -0.0939861 -0.0571543 0.155
v -0.0964907 -0.0528162 0.154998
v -0.0987974 -0.0483639 0.154993
v -0.1009 -0.0438093 0.154991
v -0.102792 -0.039165 0.154993
v -0.104469 -0.0344425 0.154998
v -0.105927 -0.0296556 0.155
v -0.107165 -0.0248106 0.155001
v -0.108183 -0.0199137 0.155001
v -0.108976 -0.0149723 0.154998
v -0.109545 -0.009993 0.154994
v -0.109887 -0.00498664 0.154992
v -0.11 3.00489e-05 0.154992
v -0.109884 0.00504391 0.154994
v -0.10954 0.0100445 0.154995
v -0.108969 0.0150221 0.154996
v -0.108173 0.0199676 0.154996
v -0.107151 0.0248708 0.154997
v -0.105909 0.029722 0.154997
v -0.104446 0.0345117 0.154997
v -0.102767 0.0392304 0.154997
v -0.100876 0.0438645 0.154996
v -0.0987765 0.0484067 0.154997
v -0.0964728 0.0528488 0.155
v -0.0939716 0.0571781 0.155001
v -0.0912771 0.061388 0.155001
v -0.0883932 0.0654725 0.155001
v -0.0853248 0.0694239 0.155001
v -0.0820787 0.0732331 0.155001
v -0.0786583 0.0768952 0.154996
v -0.0750695 0.0804025 0.154987
v -0.0713232 0.0837437 0.154984
v -0.0674306 0.0869086 0.154987
v -0.063401 0.0898906 0.15499
v -0.0592419 0.0926844 0.154993
v -0.0549612 0.0952852 0.154995
v -0.050567 0.0976882 0.154996
v -0.0460683 0.0998885 0.154996
v -0.0414741 0.101882 0.154996
v -0.036794 0.103664 0.154996
v -0.0320377 0.105231 0.154997
v -0.027215 0.10658 0.154997
v -0.0223353 0.107709 0.154997
v -0.0174124 0.108613 0.154996
v -0.0124549 0.109293 0.154997
v -0.00747182 0.109746 0.155
v -0.00247715 0.109972 0.155001
v 0.00252104 0.109971 0.155002
v 0.00752097 0.109743 0.154997
v 0.0125113 0.109286 0.154987
v 0.0174776 0.108603 0.154985
v 0.0224056 0.107694 0.15499
v 0.0272805 0.106563 0.154995
v 0.0320958 0.105213 0.154998
v 0.0368453 0.103646 0.154999
v 0.0415205 0.101863 0.155
v 0.0461121 0.0998683 0.155
v 0.0506116 0.0976651 0.155
v 0.0550105 0.0952568 0.154999
v 0.0592992 0.0926477 0.154999
v 0.0634672 0.0898438 0.154998
v 0.0675034 0.0868521 0.154997
v 0.0713588 -0.0837133 0.115
v 0.0713555 -0.0837161 0.11
v 0.0550036 -0.0952607 0.105001
v 0.071362 -0.0837106 0.120001
v 0.0713645 -0.0837084 0.125001
v 0.0713654 -0.0837077 0.130001
v 0.0713645 -0.0837085 0.135001
v 0.071362 -0.0837106 0.14
v 0.0713587 -0.0837135 0.145
v 0.0713551 -0.0837165 0.15
v 0.0174551 -0.108606 0.105
v -0.109886 -0.00501073 0.104998
v 0.0592843 -0.0926573 0.105001
v -0.093986 -0.0571544 0.105
v -0.098793 -0.0483729 0.104999
v -0.0964896 -0.0528181 0.104999
v -0.0939844 -0.0571571 0.109997
v -0.0964868 -0.0528233 0.109994
v -0.0223802 -0.107699 0.11
v -0.0272589 -0.106569 0.11
v -0.10898 0.014943 0.11
v -0.108187 0.0198875 0.11
v 0.0675153 0.0868429 0.149997
v 0.0174551 -0.108606 0.11
v 0.0124938 -0.109288 0.11
v -0.00750667 -0.109744 0.11
v -0.0124938 -0.109288 0.11
v -0.0987853 -0.0483886 0.10999
v -0.100885 -0.0438434 0.109996
v -0.102774 -0.0392102 0.110007
v -0.104456 -0.0344817 0.110012
v -0.0174551 -0.108606 0.11
v -0.0320811 -0.105218 0.11
v -0.0368368 -0.103649 0.11
v 0.0674709 -0.0868773 0.110001
v -0.109548 0.00996618 0.11
v -0.108974 -0.0149865 0.109992
v -0.109543 -0.0100146 0.10999
v -0.11 -4.04551e-05 0.109993
v -0.109888 0.0049672 0.109998
v -0.10717 0.0247905 0.11
v -0.10593 0.0296457 0.11
v -0.104473 0.0344309 0.11
v -0.102796 0.0391527 0.110001
v -0.100908 0.0437904 0.110003
v -0.0988097 0.0483389 0.110008
v -0.096504 0.0527919 0.110013
v -0.0939939 0.0571414 0.11001
v -0.0912908 0.0613676 0.110006
v -0.0884006 0.0654624 0.110003
v -0.0853285 0.0694193 0.110001
v -0.0820803 0.0732313 0.110001
v -0.0786648 0.0768885 0.109998
v -0.0750887 0.0803846 0.109995
v -0.0713568 0.083715 0.109993
v -0.0674796 0.0868706 0.109995
v -0.0634636 0.0898464 0.109997
v -0.059315 0.0926376 0.109998
v -0.0550416 0.0952387 0.109998
v -0.0506525 0.0976439 0.109998
v -0.0461572 0.0998475 0.109998
v -0.0415655 0.101844 0.109998
v -0.0368874 0.103631 0.109997
v -0.0321326 0.105202 0.109997
v -0.0273111 0.106556 0.109997
v -0.022433 0.107688 0.109997
v -0.0175083 0.108598 0.109998
v -0.0125453 0.109282 0.110004
v -0.00754924 0.109741 0.110012
v -0.00253211 0.109971 0.110013
v 0.00248817 0.109972 0.11001
v 0.00749557 0.109744 0.110004
v 0.0124814 0.10929 0.109996
v 0.0174405 0.108609 0.109996
v 0.0223647 0.107702 0.110004
v 0.0272472 0.106572 0.110007
v 0.0320742 0.10522 0.110006
v 0.0368334 0.10365 0.110004
v 0.0415147 0.101865 0.110002
v 0.0461101 0.0998692 0.110001
v 0.0506126 0.0976646 0.11
v 0.0550134 0.0952551 0.11
v 0.0593023 0.0926458 0.109999
v 0.0634687 0.0898427 0.109999
v 0.0675028 0.0868526 0.11
v 0.0550076 -0.0952584 0.110002
v 0.0506124 -0.0976647 0.110002
v -0.0820802 -0.0732314 0.11
v -0.0853282 -0.0694197 0.11
v -0.0634348 -0.0898667 0.11
v -0.0674593 -0.0868864 0.11
v -0.071344 -0.0837259 0.11
v -0.055 -0.0952628 0.11
v -0.0592789 -0.0926608 0.11
v -0.0750808 -0.080392 0.11
v -0.078662 -0.0768914 0.11
v 0.0674796 -0.0868706 0.120002
v 0.0674753 -0.0868739 0.115001
v -0.00250395 -0.109971 0.11
v 0.0675364 0.0868264 0.139996
v 0.0675266 0.0868341 0.144997
v -0.0415161 -0.101865 0.11
v 0.00250395 -0.109971 0.11
v 0.00750667 -0.109744 0.11
v 0.0461129 -0.0998679 0.110002
v 0.067539 0.0868244 0.124997
v 0.0675448 0.0868199 0.129997
v -0.0506072 -0.0976674 0.11
v -0.0883991 -0.0654645 0.109999
v -0.0912866 -0.0613739 0.109998
v 0.0415181 -0.101864 0.110001
v 0.0368374 -0.103648 0.110001
v -0.0461094 -0.0998695 0.11
v 0.0675154 0.0868428 0.114999
v 0.0675282 0.0868328 0.119998
v -0.10818 -0.0199279 0.109996
v 0.0675414 0.0868226 0.134996
v -0.107161 -0.0248301 0.110003
v 0.0674706 -0.0868776 0.15
v 0.0634454 -0.0898592 0.15
v 0.059288 -0.0926549 0.15
v 0.0550073 -0.0952586 0.15
v 0.0506124 -0.0976647 0.15
v 0.0461128 -0.099868 0.15
v 0.0415181 -0.101864 0.15
v 0.0368379 -0.103648 0.15
v 0.0320816 -0.105218 0.15
v 0.0272591 -0.106569 0.15
v 0.0223803 -0.107699 0.15
v 0.0174551 -0.108606 0.15
v 0.0124938 -0.109288 0.15
v 0.00750667 -0.109744 0.15
v 0.00250395 -0.109971 0.15
v -0.00250395 -0.109971 0.15
v -0.00750667 -0.109744 0.15
v -0.0124938 -0.109288 0.15
v -0.0174551 -0.108606 0.15
v -0.0223802 -0.107699 0.15
v -0.0272589 -0.106569 0.15
v -0.0320811 -0.105218 0.15
v -0.0368368 -0.103649 0.15
v -0.0415161 -0.101865 0.15
v -0.0461094 -0.0998695 0.15
v -0.0506072 -0.0976674 0.15
v -0.055 -0.0952628 0.15
v -0.0592789 -0.0926608 0.15
v -0.0634348 -0.0898667 0.15
v -0.0674593 -0.0868864 0.15
v -0.071344 -0.0837259 0.15
v -0.0750808 -0.080392 0.15
v -0.078662 -0.0768914 0.15
v -0.0820802 -0.0732314 0.15
v -0.0853282 -0.0694197 0.15
v -0.0883994 -0.0654641 0.15
v -0.0912873 -0.0613728 0.15
v -0.0939874 -0.0571522 0.149995
v -0.0964985 -0.052802 0.149981
v -0.098816 -0.048326 0.149958
v -0.100929 -0.0437426 0.14996
v -0.102822 -0.0390859 0.149984
v -0.104494 -0.0343649 0.150005
v -0.105943 -0.0295979 0.150012
v -0.107174 -0.0247752 0.15001
v -0.108186 -0.0198921 0.150002
v -0.10898 -0.0149466 0.149984
v -0.10955 -0.00993995 0.149962
v -0.109891 -0.00489425 0.149958
v -0.11 0.000154227 0.149965
v -0.109878 0.00518787 0.149974
v -0.109526 0.0101992 0.149981
v -0.108947 0.015183 0.149985
v -0.108142 0.0201302 0.149988
v -0.107114 0.025032 0.149988
v -0.105864 0.0298815 0.149988
v -0.104393 0.0346715 0.149989
v -0.102709 0.0393817 0.149986
v -0.100816 0.0440012 0.149989
v -0.0987201 0.0485215 0.150004
v -0.0964222 0.052941 0.150016
v -0.0939337 0.0572403 0.150016
v -0.0912529 0.061424 0.150011
v -0.0883793 0.0654912 0.150006
v -0.0853178 0.0694325 0.150003
v -0.0820694 0.0732435 0.149994
v -0.0786339 0.0769202 0.149966
v -0.0750148 0.0804536 0.149931
v -0.0712354 0.0838184 0.14993
v -0.0673189 0.0869952 0.149947
v -0.063275 0.0899793 0.149964
v -0.0591079 0.0927699 0.149976
v -0.0548222 0.0953652 0.149982
v -0.0504243 0.0977619 0.149985
v -0.0459225 0.0999556 0.149987
v -0.0413255 0.101942 0.149987
v -0.0366429 0.103717 0.149988
v -0.0318844 0.105278 0.149988
v -0.0270583 0.10662 0.149988
v -0.0221825 0.10774 0.149985
v -0.0172708 0.108636 0.149988
v -0.0123341 0.109306 0.150002
v -0.00737337 0.109753 0.150015
v -0.00241073 0.109974 0.150017
v 0.00256912 0.10997 0.150005
v 0.00757118 0.109739 0.149969
v 0.0125662 0.10928 0.149948
v 0.017536 0.108593 0.149957
v 0.0224511 0.107685 0.149982
v 0.0273116 0.106555 0.149996
v 0.0321153 0.105207 0.150001
v 0.0368565 0.103642 0.150002
v 0.0415268 0.10186 0.150001
v 0.046117 0.099866 0.15
v 0.0506175 0.097662 0.149999
v 0.0550186 0.095252 0.149998
v 0.0593095 0.0926412 0.149998
v 0.0634786 0.0898358 0.149997
v 0.0674826 -0.0868683 0.125002
v 0.0674833 -0.0868678 0.130001
v 0.0674816 -0.086869 0.135001
v 0.0674784 -0.0868715 0.140001
v 0.0674745 -0.0868746 0.145
v 0.063446 -0.0898588 0.110001
v 0.0592886 -0.0926545 0.110002
v -0.109884 -0.00504041 0.109985
v 0.0223802 -0.107699 0.11
v 0.0320813 -0.105218 0.11
v -0.105918 -0.0296889 0.110011
v 0.0272589 -0.106569 0.11
v -0.107202 0.0246526 0.114999
v -0.105963 0.0295275 0.114999
v 0.0634509 -0.0898553 0.115002
v 0.0592938 -0.0926512 0.115003
v 0.0174551 -0.108606 0.115
v 0.0124938 -0.109288 0.115
v -0.102745 -0.0392866 0.115022
v -0.104436 -0.0345425 0.115054
v 0.0320816 -0.105218 0.115001
v 0.027259 -0.106569 0.115
v -0.105907 -0.0297256 0.115048
v -0.107157 -0.0248458 0.115018
v -0.0912844 -0.0613772 0.114993
v -0.0939797 -0.0571648 0.114986
v -0.0415161 -0.101865 0.115
v -0.0461094 -0.0998695 0.115
v -0.0320811 -0.105218 0.115
v -0.0368368 -0.103649 0.115
v 0.0634589 -0.0898497 0.125003
v 0.0634558 -0.0898519 0.120003
v -0.10956 0.00982598 0.114995
v -0.108999 0.0148063 0.114999
v -0.10897 -0.015014 0.114963
v -0.109539 -0.0100648 0.114948
v -0.108217 0.0197222 0.114999
v -0.109894 0.00482379 0.114983
v -0.10988 -0.00513768 0.114933
v -0.11 -0.000174212 0.114957
v -0.104519 0.0342892 0.115002
v -0.102843 0.0390295 0.115007
v -0.10096 0.0436691 0.115021
v -0.0988604 0.048235 0.115046
v -0.0965455 0.0527159 0.115069
v -0.0940156 0.0571058 0.115047
v -0.0913008 0.0613528 0.115028
v -0.0884045 0.0654572 0.115015
v -0.08533 0.0694175 0.115006
v -0.0820854 0.0732255 0.114998
v -0.0786822 0.0768708 0.114984
v -0.0751248 0.0803509 0.114966
v -0.0714117 0.0836683 0.114964
v -0.0675615 0.0868069 0.114974
v -0.0635714 0.0897701 0.114983
v -0.0594427 0.0925558 0.114988
v -0.0551829 0.0951569 0.11499
v -0.050803 0.0975656 0.114991
v -0.0463141 0.0997748 0.114991
v -0.041727 0.101779 0.114991
v -0.0370524 0.103572 0.114991
v -0.0323004 0.105151 0.114991
v -0.0274814 0.106512 0.114991
v -0.0226054 0.107652 0.114992
v -0.0176794 0.10857 0.115005
v -0.0126993 0.109265 0.115036
v -0.0076635 0.109733 0.115067
v -0.00259891 0.109969 0.115059
v 0.00244872 0.109973 0.115034
v 0.00746003 0.109747 0.114999
v 0.012445 0.109294 0.114982
v 0.0174002 0.108615 0.115004
v 0.0223332 0.107709 0.115022
v 0.0272277 0.106577 0.115026
v 0.0320641 0.105223 0.11502
v 0.0368288 0.103651 0.115013
v 0.0415137 0.101866 0.115007
v 0.0461126 0.0998681 0.115003
v 0.0506185 0.0976615 0.115001
v 0.0550224 0.0952498 0.114999
v 0.0593137 0.0926385 0.114998
v 0.0634812 0.0898339 0.114999
v 0.0550126 -0.0952555 0.115004
v -0.100851 -0.0439206 0.114974
v -0.0820801 -0.0732315 0.115
v -0.085328 -0.06942 0.114999
v 0.0223802 -0.107699 0.115
v -0.0124938 -0.109288 0.115
v -0.0174551 -0.108606 0.115
v -0.0883981 -0.0654658 0.114997
v -0.0674593 -0.0868864 0.115
v -0.071344 -0.0837259 0.115
v -0.055 -0.0952628 0.115
v -0.0592789 -0.0926608 0.115
v 0.00750667 -0.109744 0.115
v 0.0634984 0.0898218 0.139995
v 0.0634893 0.0898282 0.144996
v -0.0750808 -0.080392 0.115
v 0.00250395 -0.109971 0.115
v -0.00250395 -0.109971 0.115
v -0.0506072 -0.0976674 0.115
v -0.0964739 -0.0528467 0.11497
v -0.0272589 -0.106569 0.115
v 0.0506166 -0.0976625 0.115004
v 0.04152 -0.101863 0.115002
v 0.0368385 -0.103648 0.115001
v -0.0987606 -0.048439 0.114957
v -0.00750667 -0.109744 0.115
v 0.0635036 0.0898181 0.134995
v 0.0634498 -0.0898561 0.145001
v 0.0592924 -0.0926521 0.145001
v 0.0550111 -0.0952564 0.145001
v 0.0506154 -0.0976631 0.145001
v 0.046115 -0.099867 0.145001
v 0.0415195 -0.101863 0.145001
v 0.0368386 -0.103648 0.145
v 0.032082 -0.105218 0.145
v 0.0272593 -0.106569 0.145
v 0.0223804 -0.107699 0.145
v 0.0174552 -0.108606 0.145
v 0.0124939 -0.109288 0.145
v 0.00750668 -0.109744 0.145
v 0.00250396 -0.109971 0.145
v -0.00250395 -0.109971 0.145
v -0.00750667 -0.109744 0.145
v -0.0124938 -0.109288 0.145
v -0.0174551 -0.108606 0.145
v -0.0223802 -0.107699 0.145
v -0.0272589 -0.106569 0.145
v -0.0320811 -0.105218 0.145
v -0.0368368 -0.103649 0.145
v -0.0415161 -0.101865 0.145
v -0.0461094 -0.0998695 0.145
v -0.0506072 -0.0976674 0.145
v -0.055 -0.0952628 0.145
v -0.0592789 -0.0926608 0.145
v -0.0634348 -0.0898667 0.145
v -0.0674593 -0.0868864 0.145
v -0.071344 -0.0837259 0.145
v -0.0750808 -0.080392 0.145
v -0.078662 -0.0768914 0.145
v -0.0820802 -0.0732314 0.145
v -0.0853282 -0.0694197 0.145
v -0.0883993 -0.0654642 0.145
v -0.0912886 -0.061371 0.144995
v -0.0939964 -0.0571373 0.144971
v -0.0965255 -0.0527524 0.144915
v -0.0988721 -0.0482112 0.144853
v -0.101006 -0.0435638 0.144899
v -0.102889 -0.0389076 0.144998
v -0.104549 -0.0341995 0.145061
v -0.105973 -0.0294914 0.145059
v -0.107187 -0.0247156 0.145035
v -0.108195 -0.0198456 0.144994
v -0.108991 -0.0148687 0.14493
v -0.109564 -0.00978065 0.144855
v -0.109903 -0.00462652 0.144862
v -0.109999 0.000492203 0.144899
v -0.109859 0.00556244 0.144933
v -0.109489 0.0105933 0.144956
v -0.10889 0.015585 0.144969
v -0.108067 0.0205319 0.144974
v -0.10702 0.02543 0.144976
v -0.105751 0.0302782 0.144978
v -0.104264 0.035056 0.144974
v -0.10257 0.0397406 0.144974
v -0.10068 0.0443114 0.145003
v -0.0986031 0.0487589 0.145063
v -0.0963204 0.0531261 0.145092
v -0.0938654 0.0573522 0.14507
v -0.0912137 0.0614822 0.145042
v -0.0883588 0.0655189 0.145023
v -0.0853017 0.0694523 0.145003
v -0.0820398 0.0732766 0.144959
v -0.0785619 0.0769937 0.144869
v -0.0748555 0.0806018 0.14476
v -0.0709911 0.0840254 0.144795
v -0.067024 0.0872226 0.144864
v -0.0629547 0.0902037 0.144916
v -0.0587741 0.0929817 0.144947
v -0.0544794 0.0955615 0.144962
v -0.0500739 0.0979418 0.144969
v -0.045565 0.100119 0.144971
v -0.0409615 0.102089 0.144973
v -0.0362729 0.103847 0.144973
v -0.0315074 0.105391 0.144974
v -0.0266827 0.106715 0.14497
v -0.0218228 0.107814 0.144969
v -0.0169536 0.108686 0.144997
v -0.0120882 0.109334 0.145058
v -0.00717895 0.109766 0.145091
v -0.00228345 0.109976 0.145066
v 0.00266661 0.109968 0.144994
v 0.00764655 0.109734 0.144924
v 0.0126299 0.109272 0.144911
v 0.0175704 0.108588 0.14496
v 0.0224708 0.10768 0.145
v 0.0273247 0.106552 0.145015
v 0.0321246 0.105205 0.145015
v 0.0368632 0.103639 0.14501
v 0.0415321 0.101858 0.145005
v 0.0461225 0.0998635 0.145001
v 0.0506245 0.0976584 0.144999
v 0.0550273 0.095247 0.144997
v 0.0593193 0.0926349 0.144996
v -0.078662 -0.0768914 0.115
v -0.0634348 -0.0898667 0.115
v 0.0634592 -0.0898495 0.130002
v 0.0634571 -0.089851 0.135002
v 0.0634536 -0.0898534 0.140001
v 0.0461161 -0.0998664 0.115003
v 0.0634919 0.0898264 0.119997
v 0.0635018 0.0898194 0.124996
v 0.0635045 0.0898175 0.129995
v -0.0223802 -0.107699 0.115
v -0.108176 -0.019946 0.11499
v -0.109528 -0.0101813 0.119823
v -0.109871 -0.00533217 0.119791
v 0.0593268 0.0926301 0.139995
v -0.0461094 -0.0998695 0.12
v -0.0506072 -0.0976674 0.12
v -0.0223802 -0.107699 0.12
v -0.0272589 -0.106569 0.12
v 0.00750667 -0.109744 0.12
v 0.00250395 -0.109971 0.12
v -0.0883969 -0.0654675 0.119992
v -0.0912812 -0.061382 0.119981
v -0.10606 0.0291769 0.119998
v -0.104622 0.0339743 0.120005
v 0.0272592 -0.106569 0.12
v 0.0223802 -0.107699 0.12
v -0.0750808 -0.080392 0.12
v -0.078662 -0.0768914 0.12
v -0.109909 0.00448017 0.119932
v -0.109591 0.00947765 0.119973
v -0.109999 -0.000485328 0.119849
v -0.101092 0.0433634 0.120079
v -0.0989799 0.0479893 0.120158
v -0.102981 0.0386651 0.120031
v -0.0966435 0.0525361 0.120244
v -0.0940554 0.0570401 0.120145
v -0.0913181 0.0613271 0.120084
v -0.088411 0.0654483 0.120041
v -0.0853358 0.0694104 0.120009
v -0.082103 0.0732058 0.119979
v -0.0787321 0.0768196 0.119928
v -0.0752266 0.0802556 0.119871
v -0.0715526 0.0835477 0.119869
v -0.0677695 0.0866446 0.119914
v -0.063835 0.0895829 0.119947
v -0.0597442 0.0923614 0.119965
v -0.0555097 0.0949667 0.119974
v -0.051147 0.0973858 0.119978
v -0.0466704 0.0996086 0.119979
v -0.0420928 0.101628 0.119979
v -0.0374258 0.103438 0.11998
v -0.0326802 0.105033 0.11998
v -0.0278671 0.106412 0.11998
v -0.022996 0.107569 0.119993
v -0.0180606 0.108507 0.120043
v -0.0130335 0.109225 0.120142
v -0.00789511 0.109716 0.120233
v -0.00271731 0.109966 0.120168
v 0.00237921 0.109974 0.120068
v 0.00741066 0.10975 0.11999
v 0.0123949 0.109299 0.119993
v 0.0173609 0.108621 0.12003
v 0.0223084 0.107714 0.120051
v 0.0272144 0.10658 0.12005
v 0.032058 0.105225 0.120037
v 0.036827 0.103652 0.120023
v 0.0415149 0.101865 0.120013
v 0.0461164 0.0998663 0.120005
v 0.0506247 0.0976583 0.120001
v 0.0550304 0.0952452 0.119999
v 0.0593228 0.0926326 0.119998
v 0.0593293 0.0926285 0.124997
v 0.0593328 0.0926262 0.129995
v 0.0592984 -0.0926483 0.120004
v 0.0550172 -0.0952529 0.120005
v 0.0174551 -0.108606 0.12
v 0.0461189 -0.0998652 0.120004
v 0.0415218 -0.101862 0.120003
v -0.100776 -0.0440934 0.119885
v -0.102668 -0.0394888 0.12004
v -0.0820798 -0.0732318 0.119999
v -0.0853273 -0.0694209 0.119997
v -0.0124938 -0.109288 0.12
v -0.0174551 -0.108606 0.12
v -0.0674593 -0.0868864 0.12
v -0.071344 -0.0837259 0.12
v 0.0124938 -0.109288 0.12
v 0.0320823 -0.105217 0.120001
v -0.055 -0.0952628 0.12
v -0.00250395 -0.109971 0.12
v -0.00750667 -0.109744 0.12
v -0.0987162 -0.0485295 0.119867
v -0.107282 0.0243016 0.119997
v -0.0320811 -0.105218 0.12
v 0.0368398 -0.103648 0.120002
v -0.104377 -0.0347183 0.120177
v -0.105887 -0.029799 0.120133
v -0.0368368 -0.103649 0.12
v -0.107148 -0.0248847 0.120059
v -0.108964 -0.0150619 0.119894
v -0.109052 0.0144083 0.119987
v -0.108282 0.0193666 0.119994
v 0.0593311 0.0926273 0.134995
v -0.0592789 -0.0926608 0.12
v -0.0634348 -0.0898667 0.12
v -0.0964498 -0.0528908 0.119905
v 0.0592964 -0.0926495 0.140001
v -0.0939682 -0.0571837 0.119949
v 0.0550148 -0.0952543 0.140002
v 0.0506185 -0.0976615 0.140002
v 0.0461172 -0.0998659 0.140002
v 0.041521 -0.101863 0.140001
v 0.0368395 -0.103648 0.140001
v 0.0320825 -0.105217 0.140001
v 0.0272596 -0.106569 0.14
v 0.0223805 -0.107699 0.14
v 0.0174552 -0.108606 0.14
v 0.0124939 -0.109288 0.14
v 0.00750669 -0.109744 0.14
v 0.00250396 -0.109971 0.14
v -0.00250395 -0.109971 0.14
v -0.00750666 -0.109744 0.14
v -0.0124938 -0.109288 0.14
v -0.0174551 -0.108606 0.14
v -0.0223802 -0.107699 0.14
v -0.0272589 -0.106569 0.14
v -0.0320811 -0.105218 0.14
v -0.0368368 -0.103649 0.14
v -0.0415161 -0.101865 0.14
v -0.0461094 -0.0998695 0.14
v -0.0506072 -0.0976674 0.14
v -0.055 -0.0952628 0.14
v -0.0592789 -0.0926608 0.14
v -0.0634348 -0.0898667 0.14
v -0.0674593 -0.0868864 0.14
v -0.071344 -0.0837259 0.14
v -0.0750808 -0.080392 0.14
v -0.078662 -0.0768914 0.14
v -0.0820802 -0.0732314 0.14
v -0.0853281 -0.0694198 0.14
v -0.0883998 -0.0654635 0.139996
v -0.0912936 -0.0613635 0.139976
v -0.0940145 -0.0571076 0.13991
v -0.0965725 -0.0526664 0.139773
v -0.0989747 -0.0480001 0.139599
v -0.101155 -0.0432161 0.139812
v -0.102991 -0.0386374 0.14011
v -0.104638 -0.0339232 0.140242
v -0.106009 -0.0293601 0.140169
v -0.107202 -0.0246539 0.140077
v -0.108206 -0.0197839 0.139964
v -0.109008 -0.0147427 0.139798
v -0.10959 -0.00948339 0.13957
v -0.109924 -0.00408315 0.139667
v -0.109994 0.00113359 0.139793
v -0.109823 0.00623732 0.13988
v -0.10942 0.0112797 0.13993
v -0.10879 0.016272 0.139955
v -0.107935 0.0212155 0.139965
v -0.106857 0.0261083 0.139969
v -0.105558 0.0309429 0.139967
v -0.104048 0.0356945 0.139965
v -0.102341 0.040327 0.139992
v -0.100465 0.0447965 0.140089
v -0.0984473 0.0490727 0.140264
v -0.0961678 0.0534018 0.140307
v -0.0937876 0.0574795 0.140195
v -0.0911796 0.0615328 0.140108
v -0.0883406 0.0655435 0.140049
v -0.085282 0.0694765 0.139991
v -0.0819981 0.0733234 0.139882
v -0.0784489 0.0771088 0.139667
v -0.074537 0.0808965 0.139323
v -0.0705069 0.0844321 0.139552
v -0.0664782 0.0876393 0.139751
v -0.0623884 0.0905963 0.139863
v -0.058197 0.093344 0.139917
v -0.0538921 0.0958939 0.139943
v -0.0494758 0.0982453 0.139953
v -0.0449557 0.100394 0.139958
v -0.0403413 0.102336 0.13996
v -0.0356419 0.104066 0.139961
v -0.0308715 0.105579 0.139958
v -0.0260564 0.106869 0.139953
v -0.0212339 0.107931 0.139978
v -0.0164565 0.108762 0.140074
v -0.0117652 0.109369 0.140255
v -0.006881 0.109785 0.140304
v -0.0021307 0.109979 0.140167
v 0.0027283 0.109966 0.140015
v 0.00766453 0.109733 0.139919
v 0.012607 0.109275 0.139937
v 0.0175374 0.108593 0.139997
v 0.0224435 0.107686 0.140034
v 0.0273075 0.106557 0.140042
v 0.0321161 0.105207 0.140033
v 0.0368604 0.10364 0.140021
v 0.0415331 0.101858 0.140011
v 0.0461261 0.0998618 0.140004
v 0.0506301 0.0976555 0.139999
v 0.055034 0.0952431 0.139997
v -0.0415161 -0.101865 0.12
v 0.0506202 -0.0976606 0.120004
v 0.0593014 -0.0926463 0.130003
v 0.0593013 -0.0926464 0.125004
v 0.0592991 -0.0926478 0.135002
v -0.108172 -0.0199719 0.119977
v 0.0550192 -0.0952517 0.125004
v -0.0461094 -0.0998695 0.125
v -0.0506072 -0.0976674 0.125
v -0.0223802 -0.107699 0.125
v -0.0272589 -0.106569 0.125
v -0.109996 -0.000983839 0.124647
v -0.109931 0.0039042 0.12483
v -0.0174551 -0.108606 0.125
v 0.0550375 0.0952411 0.134997
v -0.109517 -0.0102925 0.124581
v -0.109853 -0.00568759 0.124414
v -0.0634348 -0.0898667 0.125
v -0.0674593 -0.0868864 0.125
v -0.071344 -0.0837259 0.125
v -0.0750808 -0.080392 0.125
v -0.0368368 -0.103649 0.125
v -0.0415161 -0.101865 0.125
v 0.0550383 0.0952407 0.129997
v -0.103192 0.0380967 0.125052
v -0.101329 0.042807 0.125155
v -0.099233 0.0474637 0.125389
v -0.0968161 0.0522172 0.12568
v -0.0941113 0.0569479 0.125353
v -0.0913314 0.0613072 0.12518
v -0.0853411 0.0694039 0.124993
v -0.0821238 0.0731825 0.124926
v -0.078809 0.0767408 0.124799
v -0.0754219 0.0800721 0.124634
v -0.0717733 0.0833582 0.124639
v -0.0681318 0.0863601 0.124789
v -0.0642861 0.0892597 0.124876
v -0.0602461 0.0920349 0.124924
v -0.0560435 0.0946527 0.124949
v -0.0517033 0.0970915 0.12496
v -0.0472441 0.0993378 0.124965
v -0.0426805 0.101382 0.124967
v -0.0380252 0.103219 0.124967
v -0.0332901 0.104842 0.124967
v -0.0284886 0.106247 0.124972
v -0.0236282 0.107432 0.125005
v -0.0186897 0.108401 0.125119
v -0.0136051 0.109155 0.125358
v -0.00826635 0.109689 0.12566
v -0.00283729 0.109963 0.125358
v 0.00234349 0.109975 0.125127
v 0.00739595 0.109751 0.125018
v 0.0123912 0.1093 0.125017
v 0.0173657 0.108621 0.125051
v 0.0223161 0.107713 0.125069
v 0.0272214 0.106579 0.125065
v 0.0320633 0.105223 0.125048
v 0.0368312 0.103651 0.125031
v 0.0415189 0.101864 0.125017
v 0.0461209 0.0998642 0.125007
v 0.0506297 0.0976557 0.125002
v 0.0550356 0.0952422 0.124999
v -0.107143 -0.0249073 0.125117
v -0.108173 -0.0199665 0.124956
v -0.102501 -0.0399202 0.125056
v -0.104275 -0.0350248 0.125509
v 0.0223804 -0.107699 0.125
v 0.0174551 -0.108606 0.125
v 0.0461203 -0.0998645 0.125004
v 0.041523 -0.101862 0.125003
v -0.055 -0.0952628 0.125
v -0.109646 0.00882418 0.124915
v -0.109128 0.013824 0.124966
v 0.0368406 -0.103647 0.125002
v -0.0853271 -0.0694211 0.124994
v -0.0883967 -0.0654677 0.124986
v -0.0820797 -0.0732319 0.124998
v 0.032083 -0.105217 0.125001
v 0.0272596 -0.106569 0.125
v -0.0986667 -0.0486301 0.124665
v -0.10064 -0.044403 0.124604
v -0.00250395 -0.109971 0.125
v -0.00750667 -0.109744 0.125
v 0.0124938 -0.109288 0.125
v 0.0550172 -0.0952529 0.135003
v 0.0550191 -0.0952518 0.130004
v -0.107418 0.023693 0.124989
v -0.106222 0.0285828 0.124993
v -0.105855 -0.0299103 0.125313
v -0.0320811 -0.105218 0.125
v 0.0506219 -0.0976597 0.125004
v -0.108961 -0.015081 0.124776
v -0.108392 0.0187391 0.12498
v -0.0912799 -0.0613839 0.124955
v -0.0939674 -0.057185 0.124899
v -0.0592789 -0.0926608 0.125
v -0.0124938 -0.109288 0.125
v -0.0964374 -0.0529134 0.124787
v -0.0786619 -0.0768915 0.124999
v 0.0506207 -0.0976603 0.135003
v 0.0461191 -0.0998651 0.135003
v 0.0415223 -0.101862 0.135002
v 0.0368404 -0.103647 0.135001
v 0.032083 -0.105217 0.135001
v 0.0272598 -0.106569 0.135
v 0.0223805 -0.107699 0.135
v 0.0174552 -0.108606 0.135
v 0.0124939 -0.109288 0.135
v 0.00750669 -0.109744 0.135
v 0.00250396 -0.109971 0.135
v -0.00250395 -0.109971 0.135
v -0.00750666 -0.109744 0.135
v -0.0124938 -0.109288 0.135
v -0.0174551 -0.108606 0.135
v -0.0223802 -0.107699 0.135
v -0.0272589 -0.106569 0.135
v -0.0320811 -0.105218 0.135
v -0.0368368 -0.103649 0.135
v -0.0415161 -0.101865 0.135
v -0.0461094 -0.0998695 0.135
v -0.0506072 -0.0976674 0.135
v -0.055 -0.0952628 0.135
v -0.0592789 -0.0926608 0.135
v -0.0634348 -0.0898667 0.135
v -0.0674593 -0.0868864 0.135
v -0.071344 -0.0837259 0.135
v -0.0750808 -0.080392 0.135
v -0.078662 -0.0768914 0.135
v -0.0820801 -0.0732316 0.134999
v -0.085328 -0.0694199 0.134997
v -0.0884005 -0.0654626 0.134986
v -0.0912963 -0.0613595 0.134947
v -0.0940209 -0.057097 0.134833
v -0.0965935 -0.052628 0.134569
v -0.0990973 -0.0477465 0.133891
v -0.101442 -0.0425374 0.134709
v -0.103084 -0.0383899 0.135461
v -0.104787 -0.033462 0.135684
v -0.106021 -0.0293182 0.135331
v -0.107199 -0.0246653 0.13513
v -0.108207 -0.0197774 0.134918
v -0.109015 -0.0146881 0.134587
v -0.109618 -0.00915599 0.13381
v -0.109954 -0.00316433 0.13439
v -0.109981 0.00205575 0.134687
v -0.109769 0.00712815 0.134843
v -0.109327 0.0121522 0.134919
v -0.108658 0.0171334 0.134953
v -0.107763 0.0220728 0.134966
v -0.106647 0.0269507 0.13497
v -0.105313 0.031766 0.134971
v -0.10377 0.0364929 0.134988
v -0.102042 0.0410778 0.135069
v -0.100181 0.045429 0.135267
v -0.0983425 0.0492824 0.135753
v -0.0959429 0.0538048 0.135786
v -0.0937707 0.057507 0.135375
v -0.0911917 0.0615148 0.135194
v -0.0883478 0.0655337 0.135079
v -0.0852846 0.0694733 0.134974
v -0.0820005 0.0733207 0.134799
v -0.0784211 0.0771371 0.13438
v -0.0740017 0.0813864 0.13302
v -0.0697192 0.0850836 0.134295
v -0.0657149 0.0882131 0.134685
v -0.0616468 0.0911025 0.13484
v -0.0574585 0.0938005 0.134907
v -0.053146 0.0963094 0.134936
v -0.0487175 0.0986236 0.134948
v -0.0441838 0.100736 0.134953
v -0.0395558 0.102642 0.134955
v -0.0348454 0.104335 0.134955
v -0.0300719 0.10581 0.134952
v -0.025265 0.107059 0.134964
v -0.0204707 0.108078 0.135042
v -0.0157959 0.10886 0.13524
v -0.0115539 0.109392 0.135738
v -0.00643616 0.109812 0.135773
v -0.00212549 0.109979 0.135336
v 0.00266184 0.109968 0.135094
v 0.00758281 0.109738 0.134982
v 0.012527 0.109284 0.13499
v 0.0174706 0.108604 0.135034
v 0.0223937 0.107696 0.13506
v 0.0272745 0.106565 0.13506
v 0.0320968 0.105213 0.135046
v 0.0368509 0.103644 0.135029
v 0.0415299 0.101859 0.135016
v 0.0461268 0.0998615 0.135007
v 0.050633 0.097654 0.135001
v 0.00750667 -0.109744 0.125
v -0.104826 0.0333404 0.12501
v -0.0884146 0.0654436 0.125074
v 0.00250395 -0.109971 0.125
v -0.0461094 -0.0998695 0.13
v -0.0506072 -0.0976674 0.13
v -0.100435 -0.0448654 0.128819
v -0.102174 -0.0407481 0.130028
v -0.105064 0.0325824 0.130001
v -0.103473 0.0373287 0.130046
v 0.0272598 -0.106569 0.130001
v 0.0223805 -0.107699 0.13
v -0.109527 -0.010191 0.129251
v -0.10983 -0.00611476 0.128559
v -0.0883989 -0.0654647 0.129976
v -0.0912874 -0.0613727 0.129936
v -0.055 -0.0952628 0.13
v -0.0634348 -0.0898667 0.13
v -0.0674593 -0.0868864 0.13
v -0.101674 0.0419801 0.130212
v -0.109986 -0.00172957 0.129332
v 0.0506218 -0.0976598 0.130003
v -0.0970864 0.0517129 0.131965
v -0.0940916 0.0569804 0.130647
v -0.0912996 0.0613546 0.130274
v -0.0853242 0.0694246 0.129974
v -0.0821075 0.0732009 0.129846
v -0.0788273 0.076722 0.129614
v -0.071944 0.083211 0.129144
v -0.0686529 0.0859464 0.129613
v -0.0649045 0.0888111 0.129777
v -0.0609002 0.0916033 0.129871
v -0.0567207 0.0942484 0.129919
v -0.0524002 0.0967172 0.129942
v -0.0479588 0.0989947 0.129953
v -0.0434111 0.101072 0.129957
v -0.0387699 0.102941 0.129959
v -0.0340485 0.104598 0.129959
v -0.0292637 0.106036 0.129965
v -0.0244292 0.107253 0.130012
v -0.0195379 0.108251 0.130174
v -0.0145068 0.109039 0.13061
v -0.00883311 0.109645 0.131945
v -0.00277488 0.109965 0.130624
v 0.00242523 0.109973 0.130202
v 0.00746155 0.109747 0.130049
v 0.0124486 0.109293 0.130029
v 0.0174142 0.108613 0.130051
v 0.0223524 0.107705 0.130066
v 0.0272455 0.106572 0.130062
v 0.0320781 0.105219 0.130048
v 0.0368402 0.103647 0.130031
v 0.0415248 0.101861 0.130018
v 0.0461251 0.0998623 0.130008
v 0.0506329 0.097654 0.130002
v -0.071344 -0.0837259 0.13
v 0.0124939 -0.109288 0.13
v 0.00750668 -0.109744 0.13
v -0.104069 -0.0356319 0.131717
v -0.105862 -0.0298856 0.130574
v -0.108521 0.0179747 0.129965
v -0.107586 0.0229173 0.129977
v -0.0124938 -0.109288 0.13
v -0.0174551 -0.108606 0.13
v -0.0415161 -0.101865 0.13
v -0.109707 0.00802805 0.129855
v -0.109228 0.013014 0.129934
v 0.0415232 -0.101862 0.130003
v 0.0368409 -0.103647 0.130002
v -0.0853277 -0.0694203 0.129991
v -0.109957 0.00307756 0.129678
v -0.0996296 0.0466256 0.130654
v 0.0320833 -0.105217 0.130001
v -0.106436 0.0277733 0.129985
v 0.0174552 -0.108606 0.13
v -0.0757518 0.07976 0.129135
v -0.0320811 -0.105218 0.13
v -0.0368368 -0.103649 0.13
v -0.0592789 -0.0926608 0.13
v 0.00250396 -0.109971 0.13
v -0.00250395 -0.109971 0.13
v -0.0964757 -0.0528435 0.129648
v -0.0986927 -0.0485773 0.129361
v -0.108977 -0.0149705 0.129641
v -0.0939867 -0.0571533 0.129829
v -0.108185 -0.0198998 0.129922
v 0.04612 -0.0998646 0.130003
v -0.00750667 -0.109744 0.13
v -0.0272589 -0.106569 0.13
v -0.0223802 -0.107699 0.13
v -0.0750808 -0.080392 0.13
v -0.0786619 -0.0768915 0.129999
v -0.0820799 -0.0732318 0.129997
v -0.107156 -0.0248515 0.130183
v -0.0883927 0.0654731 0.1301
v 0.104699 -0.0046786 0.01
v 0.104896 0.000134089 0.01
v 0.104322 -0.00948451 0.01
v 0.103745 -0.0142558 0.01
v 0.102971 -0.0189899 0.01
v 0.10199 -0.0236797 0.01
v 0.100801 -0.0283178 0.01
v 0.099404 -0.0328944 0.01
v 0.0978021 -0.0373994 0.01
v 0.0959985 -0.0418232 0.01
v 0.093997 -0.0461574 0.01
v 0.0918015 -0.050394 0.01
v 0.0894162 -0.054525 0.01
v 0.0868458 -0.0585424 0.01
v 0.0840954 -0.0624384 0.01
v 0.0811705 -0.0662049 0.01
v 0.0780773 -0.0698345 0.01
v 0.0748219 -0.0733197 0.01
v 0.0714111 -0.0766532 0.01
v 0.067852 -0.0798281 0.01
v 0.0641518 -0.0828379 0.01
v 0.0603183 -0.0856764 0.01
v 0.0563593 -0.0883375 0.01
v 0.0522832 -0.0908159 0.01
v 0.0480982 -0.0931062 0.01
v 0.0438131 -0.0952038 0.01
v 0.0394367 -0.0971044 0.01
v 0.0349782 -0.0988038 0.01
v 0.0304467 -0.100299 0.01
v 0.0258516 -0.101586 0.01
v 0.0212024 -0.102662 0.01
v 0.0165088 -0.103526 0.01
v 0.0117805 -0.104176 0.01
v 0.00702726 -0.10461 0.01
v 0.00225898 -0.104826 0.01
v -0.00251448 -0.104826 0.01
v -0.00728323 -0.104608 0.01
v -0.0120374 -0.104174 0.01
v -0.0167671 -0.103524 0.01
v -0.0214625 -0.102659 0.01
v -0.0261139 -0.101581 0.01
v -0.0307117 -0.100292 0.01
v -0.0352463 -0.0987954 0.01
v -0.0397083 -0.0970938 0.01
v -0.0440885 -0.0951909 0.01
v -0.0483777 -0.0930904 0.01
v -0.0525672 -0.0907968 0.01
v -0.056648 -0.0883147 0.01
v -0.0606119 -0.0856494 0.01
v -0.0644506 -0.0828062 0.01
v -0.0681561 -0.0797911 0.01
v -0.0717207 -0.0766104 0.01
v -0.075137 -0.0732705 0.01
v -0.0783979 -0.0697784 0.01
v -0.0814966 -0.0661413 0.01
v -0.0844268 -0.0623668 0.01
v -0.0871822 -0.0584626 0.01
v -0.0897573 -0.0544368 0.01
v -0.0921465 -0.0502978 0.01
v -0.094345 -0.0460541 0.01
v -0.0963482 -0.0417146 0.01
v -0.0981519 -0.0372881 0.01
v -0.0997524 -0.0327839 0.01
v -0.101146 -0.0282113 0.01
v -0.10233 -0.0235798 0.01
v -0.103303 -0.0188989 0.01
v -0.104061 -0.0141784 0.01
v -0.104604 -0.00942803 0.01
v -0.10493 -0.00465763 0.01
v -0.105038 0.000122906 0.01
v -0.104929 0.00490366 0.01
v -0.104603 0.00967474 0.01
v -0.104059 0.0144262 0.01
v -0.1033 0.0191483 0.01
v -0.102326 0.0238312 0.01
v -0.101141 0.0284651 0.01
v -0.0997454 0.0330405 0.01
v -0.0981431 0.0375478 0.01
v -0.0963372 0.0419778 0.01
v -0.0943316 0.0463213 0.01
v -0.0921301 0.0505691 0.01
v -0.0897375 0.0547125 0.01
v -0.0871587 0.058743 0.01
v -0.084399 0.0626521 0.01
v -0.081464 0.0664317 0.01
v -0.07836 0.070074 0.01
v -0.0750932 0.0735714 0.01
v -0.0716704 0.0769167 0.01
v -0.0680987 0.0801029 0.01
v -0.0643856 0.0831234 0.01
v -0.0605386 0.0859719 0.01
v -0.0565658 0.0886424 0.01
v -0.0524753 0.0911295 0.01
v -0.0482757 0.093428 0.01
v -0.0439756 0.095533 0.01
v -0.039584 0.0974402 0.01
v -0.0351098 0.0991457 0.01
v -0.0305625 0.100646 0.01
v -0.0259513 0.101938 0.01
v -0.021286 0.103018 0.01
v -0.016576 0.103885 0.01
v -0.0118313 0.104537 0.01
v -0.00706156 0.104972 0.01
v -0.00227672 0.10519 0.01
v 0.00251329 0.105189 0.01
v 0.00729856 0.104971 0.01
v 0.0120692 0.104535 0.01
v 0.0168152 0.103883 0.01
v 0.0215269 0.103015 0.01
v 0.0261943 0.101933 0.01
v 0.030808 0.10064 0.01
v 0.0353582 0.0991383 0.01
v 0.0398356 0.097431 0.01
v 0.0442309 0.0955216 0.01
v 0.0485348 0.0934139 0.01
v 0.0527386 0.0911125 0.01
v 0.0568335 0.088622 0.01
v 0.060811 0.0859476 0.01
v 0.0646628 0.0830947 0.01
v 0.068381 0.0800694 0.01
v 0.0719578 0.0768779 0.01
v 0.0753857 0.0735266 0.01
v 0.0786578 0.0700227 0.01
v 0.0817671 0.0663733 0.01
v 0.0847073 0.062586 0.01
v 0.0874721 0.0586686 0.01
v 0.0900559 0.0546292 0.01
v 0.0924533 0.0504763 0.01
v 0.0946593 0.0462183 0.01
v 0.0966693 0.0418641 0.01
v 0.0984791 0.0374227 0.01
v 0.100085 0.0329033 0.01
v 0.101481 0.0283139 0.01
v 0.102648 0.0236831 0.01
v 0.103566 0.0190406 0.01
v 0.104231 0.0143823 0.01
v 0.104657 0.00968333 0.01
v 0.104872 0.00493221 0.01
v 0.0999005 0.00030754 0.01
v 0.0999911 0.00489575 0.01
v 0.0986579 -0.0135119 0.01
v 0.0992459 -0.00893829 0.01
v 0.0979057 -0.0180491 0.01
v 0.0969616 -0.0225359 0.01
v 0.0958242 -0.0269709 0.01
v 0.0944881 -0.0313443 0.01
v 0.0929574 -0.0356446 0.01
v 0.0912366 -0.0398632 0.01
v 0.0893292 -0.043993 0.01
v 0.0872383 -0.0480271 0.01
v 0.0849679 -0.0519589 0.01
v 0.0825219 -0.0557813 0.01
v 0.0799051 -0.0594874 0.01
v 0.0771227 -0.0630702 0.01
v 0.07418 -0.0665225 0.01
v 0.0710832 -0.0698375 0.01
v 0.0678383 -0.0730082 0.01
v 0.0644523 -0.0760283 0.01
v 0.0609319 -0.0788914 0.01
v 0.0572845 -0.0815916 0.01
v 0.0535176 -0.0841233 0.01
v 0.0496389 -0.0864811 0.01
v 0.0456565 -0.0886602 0.01
v 0.0415786 -0.090656 0.01
v 0.0374136 -0.0924643 0.01
v 0.0331702 -0.0940814 0.01
v 0.0288571 -0.0955038 0.01
v 0.0244833 -0.0967285 0.01
v 0.0200578 -0.0977531 0.01
v 0.0155898 -0.0985752 0.01
v 0.0110885 -0.0991932 0.01
v 0.0065633 -0.0996057 0.01
v 0.0020235 -0.0998118 0.01
v -0.00252146 -0.0998111 0.01
v -0.00706217 -0.0996036 0.01
v -0.0115892 -0.0991895 0.01
v -0.0160932 -0.0985697 0.01
v -0.0205648 -0.0977455 0.01
v -0.0249946 -0.0967186 0.01
v -0.0293737 -0.0954909 0.01
v -0.0336928 -0.094065 0.01
v -0.0379429 -0.0924439 0.01
v -0.0421153 -0.0906309 0.01
v -0.0462013 -0.0886296 0.01
v -0.0501924 -0.0864441 0.01
v -0.0540803 -0.084079 0.01
v -0.0578569 -0.0815392 0.01
v -0.0615144 -0.0788298 0.01
v -0.0650452 -0.0759565 0.01
v -0.0684418 -0.0729251 0.01
v -0.0716973 -0.0697419 0.01
v -0.0748049 -0.0664135 0.01
v -0.0777581 -0.0629468 0.01
v -0.0805508 -0.0593488 0.01
v -0.083177 -0.0556271 0.01
v -0.0856314 -0.0517893 0.01
v -0.0879089 -0.0478434 0.01
v -0.0900045 -0.0437975 0.01
v -0.0919141 -0.03966 0.01
v -0.0936336 -0.0354394 0.01
v -0.0951593 -0.0311444 0.01
v -0.0964881 -0.0267841 0.01
v -0.0976172 -0.0223673 0.01
v -0.0985442 -0.0179032 0.01
v -0.0992671 -0.0134011 0.01
v -0.0997844 -0.00887035 0.01
v -0.100095 -0.00432024 0.01
v -0.100198 0.000239762 0.01
v -0.100094 0.0048002 0.01
v -0.0997817 0.00935162 0.01
v -0.0992629 0.0138846 0.01
v -0.0985382 0.0183897 0.01
v -0.0976091 0.0228576 0.01
v -0.0964775 0.0272791 0.01
v -0.0951457 0.0316449 0.01
v -0.0936164 0.035946 0.01
v -0.0918928 0.0401735 0.01
v -0.0899783 0.0443186 0.01
v -0.087877 0.0483726 0.01
v -0.085593 0.0523273 0.01
v -0.0831313 0.0561742 0.01
v -0.0804967 0.0599055 0.01
v -0.0776947 0.0635134 0.01
v -0.0747311 0.0669904 0.01
v -0.071612 0.0703292 0.01
v -0.0683439 0.0735229 0.01
v -0.0649334 0.0765648 0.01
v -0.0613877 0.0794487 0.01
v -0.057714 0.0821685 0.01
v -0.05392 0.0847185 0.01
v -0.0500134 0.0870935 0.01
v -0.0460024 0.0892883 0.01
v -0.0418953 0.0912986 0.01
v -0.0377004 0.09312 0.01
v -0.0334266 0.0947488 0.01
v -0.0290827 0.0961815 0.01
v -0.0246776 0.0974151 0.01
v -0.0202205 0.098447 0.01
v -0.0157206 0.0992751 0.01
v -0.0111873 0.0998977 0.01
v -0.00662978 0.100313 0.01
v -0.00205767 0.100521 0.01
v 0.0025196 0.10052 0.01
v 0.00709256 0.100311 0.01
v 0.0116517 0.0998945 0.01
v 0.0161876 0.0992705 0.01
v 0.0206909 0.0984406 0.01
v 0.0251521 0.0974064 0.01
v 0.0295621 0.0961702 0.01
v 0.0339117 0.0947344 0.01
v 0.0381918 0.093102 0.01
v 0.0423937 0.0912763 0.01
v 0.0465084 0.089261 0.01
v 0.0505276 0.0870603 0.01
v 0.0544428 0.0846787 0.01
v 0.058246 0.0821212 0.01
v 0.0619291 0.0793929 0.01
v 0.0654846 0.0764996 0.01
v 0.0689051 0.0734471 0.01
v 0.0721834 0.0702418 0.01
v 0.0753128 0.0668903 0.01
v 0.0782866 0.0633995 0.01
v 0.0810987 0.0597766 0.01
v 0.0837433 0.0560291 0.01
v 0.0862149 0.0521647 0.01
v 0.0885081 0.0481915 0.01
v 0.0906184 0.0441176 0.01
v 0.0925413 0.0399515 0.01
v 0.0942728 0.0357018 0.01
v 0.0958082 0.0313763 0.01
v 0.0971307 0.0269967 0.01
v 0.0982112 0.0226088 0.01
v 0.0990234 0.0182364 0.01
v 0.0995641 0.0138531 0.01
v 0.0998588 0.00941364 0.01
v 0.0996368 -0.00431019 0.01
v 0.094671 -0.00390597 0.01
v 0.0949922 0.00053847 0.01
v 0.09202 -0.0213817 0.01
v 0.0929305 -0.017093 0.01
v 0.0909377 -0.0256236 0.01
v 0.0896585 -0.0297999 0.01
v 0.0881956 -0.0339014 0.01
v 0.0865545 -0.0379211 0.01
v 0.0847385 -0.0418526 0.01
v 0.0827497 -0.0456898 0.01
v 0.0805912 -0.049427 0.01
v 0.078267 -0.0530586 0.01
v 0.0757813 -0.0565786 0.01
v 0.0731386 -0.0599809 0.01
v 0.0703441 -0.0632589 0.01
v 0.0674032 -0.0664065 0.01
v 0.0643218 -0.0694172 0.01
v 0.0611062 -0.0722848 0.01
v 0.0577629 -0.0750035 0.01
v 0.0542987 -0.0775676 0.01
v 0.0507209 -0.0799718 0.01
v 0.0470367 -0.0822111 0.01
v 0.0432538 -0.0842806 0.01
v 0.03938 -0.0861762 0.01
v 0.0354232 -0.0878937 0.01
v 0.0313917 -0.0894297 0.01
v 0.0272938 -0.0907808 0.01
v 0.023138 -0.0919442 0.01
v 0.0189328 -0.0929174 0.01
v 0.014687 -0.0936983 0.01
v 0.0104093 -0.0942852 0.01
v 0.0061086 -0.094677 0.01
v 0.00179383 -0.0948726 0.01
v -0.00252608 -0.0948716 0.01
v -0.00684219 -0.094674 0.01
v -0.0111455 -0.09428 0.01
v -0.0154272 -0.0936906 0.01
v -0.0196783 -0.0929067 0.01
v -0.02389 -0.09193 0.01
v -0.0280536 -0.0907624 0.01
v -0.0321604 -0.0894063 0.01
v -0.0362019 -0.0878644 0.01
v -0.0401696 -0.08614 0.01
v -0.0440554 -0.0842364 0.01
v -0.0478512 -0.0821575 0.01
v -0.051549 -0.0799077 0.01
v -0.0551412 -0.0774915 0.01
v -0.0586202 -0.074914 0.01
v -0.0619789 -0.0721803 0.01
v -0.0652101 -0.0692961 0.01
v -0.0683073 -0.0662673 0.01
v -0.0712639 -0.0631002 0.01
v -0.0740737 -0.0598013 0.01
v -0.0767309 -0.0563773 0.01
v -0.0792299 -0.0528354 0.01
v -0.0815655 -0.0491828 0.01
v -0.0837328 -0.0454272 0.01
v -0.0857272 -0.0415761 0.01
v -0.0875446 -0.0376376 0.01
v -0.0891811 -0.0336199 0.01
v -0.0906332 -0.0295311 0.01
v -0.091898 -0.0253799 0.01
v -0.0929727 -0.0211747 0.01
v -0.093855 -0.0169242 0.01
v -0.0945431 -0.0126374 0.01
v -0.0950354 -0.00832294 0.01
v -0.0953308 -0.00398989 0.01
v -0.0954288 0.000352811 0.01
v -0.095329 0.00469616 0.01
v -0.0950316 0.00903116 0.01
v -0.0945371 0.0133488 0.01
v -0.0938465 0.0176402 0.01
v -0.0929611 0.0218963 0.01
v -0.0918828 0.0261084 0.01
v -0.0906137 0.0302677 0.01
v -0.0891564 0.0343656 0.01
v -0.0875138 0.0383936 0.01
v -0.0856893 0.0423432 0.01
v -0.0836866 0.0462063 0.01
v -0.0815098 0.0499749 0.01
v -0.0791634 0.053641 0.01
v -0.0766521 0.0571971 0.01
v -0.0739812 0.0606358 0.01
v -0.0711561 0.0639498 0.01
v -0.0681827 0.0671323 0.01
v -0.0650669 0.0701767 0.01
v -0.0618154 0.0730766 0.01
v -0.0584347 0.0758259 0.01
v -0.0549318 0.0784189 0.01
v -0.051314 0.0808501 0.01
v -0.0475887 0.0831145 0.01
v -0.0437636 0.0852073 0.01
v -0.0398466 0.0871242 0.01
v -0.0358458 0.0888611 0.01
v -0.0317695 0.0904143 0.01
v -0.027626 0.0917805 0.01
v -0.0234241 0.092957 0.01
v -0.0191722 0.0939411 0.01
v -0.0148794 0.0947309 0.01
v -0.0105543 0.0953245 0.01
v -0.00620612 0.0957207 0.01
v -0.00184369 0.0959186 0.01
v 0.00252389 0.0959178 0.01
v 0.00688757 0.0957182 0.01
v 0.0112383 0.0953201 0.01
v 0.0155671 0.0947243 0.01
v 0.0198649 0.0939319 0.01
v 0.0241228 0.0929446 0.01
v 0.0283321 0.0917644 0.01
v 0.0324839 0.0903936 0.01
v 0.0365696 0.0888351 0.01
v 0.0405807 0.0870919 0.01
v 0.044509 0.0851676 0.01
v 0.0483462 0.0830663 0.01
v 0.0520843 0.0807922 0.01
v 0.0557156 0.0783499 0.01
v 0.0592325 0.0757444 0.01
v 0.0626277 0.0729812 0.01
v 0.065894 0.0700659 0.01
v 0.0690248 0.0670044 0.01
v 0.0720135 0.0638032 0.01
v 0.0748538 0.0604688 0.01
v 0.0775397 0.057008 0.01
v 0.0800658 0.0534281 0.01
v 0.0824266 0.0497363 0.01
v 0.0846173 0.0459403 0.01
v 0.0866333 0.042048 0.01
v 0.0884703 0.0380674 0.01
v 0.0901242 0.0340063 0.01
v 0.0915844 0.0298796 0.01
v 0.0928322 0.0257298 0.01
v 0.0938325 0.0216064 0.01
v 0.094546 0.0175148 0.01
v 0.0949655 0.0134089 0.01
v 0.0951492 0.00922546 0.01
v 0.0936383 -0.0127322 0.01
v 0.0942342 -0.00834471 0.01
v 0.0951326 0.00493174 0.01
v 0.0903722 0.00507662 0.01
v 0.090528 0.00916077 0.01
v 0.0848804 -0.0282507 0.01
v 0.086115 -0.0242738 0.01
v 0.0834812 -0.0321567 0.01
v 0.081918 -0.0359818 0.01
v 0.0801928 -0.0397204 0.01
v 0.078304 -0.0433647 0.01
v 0.0762554 -0.0469108 0.01
v 0.0740507 -0.0503543 0.01
v 0.0716941 -0.0536906 0.01
v 0.0691895 -0.0569145 0.01
v 0.0665415 -0.0600202 0.01
v 0.0637551 -0.0630021 0.01
v 0.0608356 -0.0658542 0.01
v 0.057789 -0.0685709 0.01
v 0.0546212 -0.0711465 0.01
v 0.0513388 -0.0735758 0.01
v 0.0479485 -0.0758536 0.01
v 0.0444572 -0.0779752 0.01
v 0.0408722 -0.0799362 0.01
v 0.0372008 -0.0817324 0.01
v 0.0334506 -0.08336 0.01
v 0.0296293 -0.0848156 0.01
v 0.0257448 -0.086096 0.01
v 0.0218051 -0.0871986 0.01
v 0.0178184 -0.0881209 0.01
v 0.013793 -0.088861 0.01
v 0.00973707 -0.0894173 0.01
v 0.00565911 -0.0897884 0.01
v 0.00156754 -0.0899736 0.01
v -0.00252916 -0.0899724 0.01
v -0.00662251 -0.0897847 0.01
v -0.010704 -0.0894108 0.01
v -0.0147652 -0.0888514 0.01
v -0.0187976 -0.0881076 0.01
v -0.0227929 -0.0871808 0.01
v -0.0267428 -0.0860728 0.01
v -0.0306391 -0.084786 0.01
v -0.0344736 -0.0833228 0.01
v -0.0382384 -0.0816862 0.01
v -0.0419257 -0.0798796 0.01
v -0.0455277 -0.0779065 0.01
v -0.049037 -0.0757711 0.01
v -0.0524463 -0.0734776 0.01
v -0.0557483 -0.0710308 0.01
v -0.0589363 -0.0684357 0.01
v -0.0620036 -0.0656975 0.01
v -0.0649437 -0.0628219 0.01
v -0.0677506 -0.0598148 0.01
v -0.0704183 -0.0566824 0.01
v -0.0729412 -0.0534311 0.01
v -0.075314 -0.0500675 0.01
v -0.0775318 -0.0465987 0.01
v -0.0795899 -0.0430317 0.01
v -0.0814839 -0.039374 0.01
v -0.0832098 -0.0356329 0.01
v -0.0847641 -0.0318164 0.01
v -0.0861433 -0.0279322 0.01
v -0.0873446 -0.0239884 0.01
v -0.0883654 -0.0199931 0.01
v -0.0892034 -0.0159545 0.01
v -0.089857 -0.0118812 0.01
v -0.0903245 -0.00778137 0.01
v -0.0906051 -0.00366362 0.01
v -0.0906979 0.000463542 0.01
v -0.0906028 0.00459156 0.01
v -0.0903198 0.00871188 0.01
v -0.0898495 0.012816 0.01
v -0.0891928 0.0168953 0.01
v -0.0883509 0.0209414 0.01
v -0.0873255 0.0249458 0.01
v -0.0861186 0.0289003 0.01
v -0.0847327 0.0327966 0.01
v -0.0831705 0.0366267 0.01
v -0.0814353 0.0403824 0.01
v -0.0795305 0.0440562 0.01
v -0.07746 0.0476402 0.01
v -0.0752281 0.051127 0.01
v -0.0728392 0.0545093 0.01
v -0.0702983 0.0577801 0.01
v -0.0676107 0.0609326 0.01
v -0.0647817 0.0639601 0.01
v -0.0618172 0.0668564 0.01
v -0.0587233 0.0696153 0.01
v -0.0555063 0.0722311 0.01
v -0.0521729 0.0746983 0.01
v -0.0487299 0.0770118 0.01
v -0.0451845 0.0791666 0.01
v -0.0415438 0.0811582 0.01
v -0.0378155 0.0829825 0.01
v -0.0340072 0.0846355 0.01
v -0.0301267 0.0861138 0.01
v -0.0261822 0.0874143 0.01
v -0.0221817 0.088534 0.01
v -0.0181336 0.0894708 0.01
v -0.0140461 0.0902225 0.01
v -0.00992778 0.0907875 0.01
v -0.00578713 0.0911646 0.01
v -0.00163273 0.0913528 0.01
v 0.00252682 0.0913518 0.01
v 0.00668289 0.0911614 0.01
v 0.0108268 0.0907819 0.01
v 0.0149501 0.0902142 0.01
v 0.0190441 0.0894592 0.01
v 0.0231004 0.0885184 0.01
v 0.0271105 0.0873938 0.01
v 0.0310661 0.0860875 0.01
v 0.0349589 0.0846023 0.01
v 0.0387809 0.082941 0.01
v 0.0425242 0.0811072 0.01
v 0.0461808 0.0791044 0.01
v 0.0497432 0.0769369 0.01
v 0.0532041 0.074609 0.01
v 0.056556 0.0721254 0.01
v 0.0597922 0.0694913 0.01
v 0.0629057 0.0667121 0.01
v 0.0658902 0.0637935 0.01
v 0.0687393 0.0607414 0.01
v 0.0714471 0.0575621 0.01
v 0.0740079 0.0542622 0.01
v 0.0764163 0.0508485 0.01
v 0.0786674 0.0473279 0.01
v 0.0807563 0.0437079 0.01
v 0.0826787 0.0399957 0.01
v 0.0844305 0.036199 0.01
v 0.0860055 0.0323283 0.01
v 0.0874032 0.0284168 0.01
v 0.0886111 0.0245245 0.01
v 0.0895726 0.0206959 0.01
v 0.0902084 0.0169121 0.01
v 0.0904711 0.0130975 0.01
v 0.0886966 -0.0119411 0.01
v 0.089289 -0.00772288 0.01
v 0.0871138 -0.0202087 0.01
v 0.0901103 0.000849086 0.01
v 0.0897338 -0.00343264 0.01
v 0.0879621 -0.0160929 0.01
v 0.0848562 -0.0028962 0.01
v 0.085298 0.00127916 0.01
v 0.080122 -0.0266846 0.01
v 0.0812887 -0.0228927 0.01
v 0.0860088 0.00933654 0.01
v 0.086217 0.0130071 0.01
v 0.0773052 -0.0340348 0.01
v 0.0787898 -0.0304001 0.01
v 0.075676 -0.0375879 0.01
v 0.0738848 -0.0410417 0.01
v 0.0719432 -0.044398 0.01
v 0.0698561 -0.0476552 0.01
v 0.0676269 -0.0508097 0.01
v 0.065259 -0.0538568 0.01
v 0.0627564 -0.0567917 0.01
v 0.0601233 -0.0596092 0.01
v 0.0573648 -0.0623038 0.01
v 0.0544861 -0.0648705 0.01
v 0.051493 -0.0673038 0.01
v 0.0483915 -0.0695989 0.01
v 0.045188 -0.071751 0.01
v 0.0418889 -0.0737556 0.01
v 0.0385009 -0.0756085 0.01
v 0.0350311 -0.0773058 0.01
v 0.0314866 -0.0788438 0.01
v 0.0278747 -0.0802194 0.01
v 0.0242028 -0.0814295 0.01
v 0.0204785 -0.0824715 0.01
v 0.0167094 -0.0833433 0.01
v 0.0129035 -0.0840428 0.01
v 0.00906847 -0.0845685 0.01
v 0.00521235 -0.0849192 0.01
v 0.00134309 -0.0850941 0.01
v -0.00253129 -0.0850927 0.01
v -0.00640276 -0.0849149 0.01
v -0.0102633 -0.084561 0.01
v -0.0141049 -0.0840316 0.01
v -0.0179195 -0.0833277 0.01
v -0.0216993 -0.0824506 0.01
v -0.0254364 -0.0814021 0.01
v -0.0291229 -0.0801842 0.01
v -0.0327514 -0.0787994 0.01
v -0.036314 -0.0772505 0.01
v -0.0398036 -0.0755404 0.01
v -0.0432127 -0.0736728 0.01
v -0.0465342 -0.0716513 0.01
v -0.0497613 -0.0694801 0.01
v -0.0528871 -0.0671636 0.01
v -0.0559052 -0.0647065 0.01
v -0.0588091 -0.0621138 0.01
v -0.0615929 -0.0593909 0.01
v -0.0642506 -0.0565432 0.01
v -0.0667767 -0.0535766 0.01
v -0.0691659 -0.0504972 0.01
v -0.0714131 -0.0473114 0.01
v -0.0735136 -0.0440256 0.01
v -0.0754629 -0.0406466 0.01
v -0.0772569 -0.0371813 0.01
v -0.0788919 -0.033637 0.01
v -0.0803643 -0.0300209 0.01
v -0.0816709 -0.0263404 0.01
v -0.082809 -0.0226032 0.01
v -0.0837761 -0.018817 0.01
v -0.0845701 -0.0149896 0.01
v -0.0851893 -0.0111288 0.01
v -0.0856322 -0.00724282 0.01
v -0.0858979 -0.00333952 0.01
v -0.0859857 0.000572948 0.01
v -0.0858953 0.00448649 0.01
v -0.0856268 0.00839299 0.01
v -0.0851807 0.0122843 0.01
v -0.0845577 0.0161525 0.01
v -0.0837591 0.0199893 0.01
v -0.0827864 0.0237869 0.01
v -0.0816415 0.0275374 0.01
v -0.0803268 0.031233 0.01
v -0.0788447 0.0348659 0.01
v -0.0771984 0.0384286 0.01
v -0.0753912 0.0419137 0.01
v -0.0734266 0.0453139 0.01
v -0.0713087 0.0486221 0.01
v -0.0690418 0.0518314 0.01
v -0.0666305 0.0549351 0.01
v -0.0640798 0.0579266 0.01
v -0.0613947 0.0607998 0.01
v -0.0585809 0.0635485 0.01
v -0.055644 0.0661671 0.01
v -0.0525902 0.06865 0.01
v -0.0494256 0.070992 0.01
v -0.0461568 0.0731882 0.01
v -0.0427905 0.0752338 0.01
v -0.0393335 0.0771247 0.01
v -0.0357931 0.0788568 0.01
v -0.0321766 0.0804263 0.01
v -0.0284913 0.08183 0.01
v -0.0247449 0.0830649 0.01
v -0.0209452 0.0841283 0.01
v -0.0170998 0.0850179 0.01
v -0.013217 0.0857317 0.01
v -0.00930452 0.0862683 0.01
v -0.00537063 0.0866263 0.01
v -0.00142343 0.0868049 0.01
v 0.0025289 0.0868037 0.01
v 0.00647818 0.0866226 0.01
v 0.0104162 0.0862618 0.01
v 0.0143348 0.085722 0.01
v 0.0182258 0.0850042 0.01
v 0.0220812 0.0841098 0.01
v 0.025893 0.0830406 0.01
v 0.0296531 0.0817986 0.01
v 0.0333538 0.0803864 0.01
v 0.0369875 0.0788068 0.01
v 0.0405464 0.077063 0.01
v 0.0440232 0.0751585 0.01
v 0.0474107 0.0730972 0.01
v 0.0507017 0.0708832 0.01
v 0.0538895 0.0685211 0.01
v 0.0569672 0.0660157 0.01
v 0.0599285 0.0633721 0.01
v 0.0627672 0.0605956 0.01
v 0.0654773 0.0576921 0.01
v 0.0680532 0.0546674 0.01
v 0.0704894 0.0515278 0.01
v 0.0727808 0.0482797 0.01
v 0.0749225 0.0449297 0.01
v 0.0769101 0.0414849 0.01
v 0.0787393 0.0379521 0.01
v 0.0804059 0.0343398 0.01
v 0.0819208 0.0306708 0.01
v 0.0833114 0.0269991 0.01
v 0.0845599 0.0233936 0.01
v 0.0855803 0.0198985 0.01
v 0.086216 0.0164818 0.01
v 0.0830811 -0.0150961 0.01
v 0.083788 -0.0111203 0.01
v 0.0822309 -0.0190074 0.01
v 0.0856764 0.00540342 0.01
v 0.08435 -0.00702889 0.01
v 0.0774203 -0.0178101 0.01
v 0.0782369 -0.0140797 0.01
v 0.080526 0.00188577 0.01
v 0.0810696 0.00598281 0.01
v 0.0794713 -0.00629493 0.01
v 0.0800051 -0.00223918 0.01
v 0.0788888 -0.0102194 0.01
v 0.0694858 -0.0387139 0.01
v 0.0711932 -0.0354589 0.01
v 0.0676469 -0.0418798 0.01
v 0.0656754 -0.0449515 0.01
v 0.0635724 -0.0479255 0.01
v 0.0613403 -0.0507976 0.01
v 0.0589818 -0.0535633 0.01
v 0.0565009 -0.0562179 0.01
v 0.0539021 -0.0587563 0.01
v 0.0511904 -0.0611739 0.01
v 0.0483712 -0.0634658 0.01
v 0.04545 -0.0656273 0.01
v 0.0424326 -0.0676542 0.01
v 0.0393252 -0.0695421 0.01
v 0.0361339 -0.0712871 0.01
v 0.0328654 -0.0728857 0.01
v 0.0295262 -0.0743344 0.01
v 0.0261233 -0.0756301 0.01
v 0.0226637 -0.07677 0.01
v 0.0191544 -0.0777516 0.01
v 0.0156026 -0.0785729 0.01
v 0.0120159 -0.0792318 0.01
v 0.00840143 -0.079727 0.01
v 0.0047668 -0.0800574 0.01
v 0.00111951 -0.080222 0.01
v -0.00253288 -0.0802205 0.01
v -0.00618282 -0.0800526 0.01
v -0.00982272 -0.0797187 0.01
v -0.013445 -0.0792193 0.01
v -0.0170422 -0.0785553 0.01
v -0.0206068 -0.0777279 0.01
v -0.0241314 -0.0767388 0.01
v -0.0276086 -0.0755898 0.01
v -0.0310313 -0.0742833 0.01
v -0.0343921 -0.0728218 0.01
v -0.0376843 -0.0712083 0.01
v -0.0409007 -0.0694459 0.01
v -0.0440349 -0.0675382 0.01
v -0.0470801 -0.0654891 0.01
v -0.0500299 -0.0633027 0.01
v -0.0528783 -0.0609835 0.01
v -0.0556192 -0.058536 0.01
v -0.0582468 -0.0559655 0.01
v -0.0607557 -0.053277 0.01
v -0.0631405 -0.050476 0.01
v -0.0653961 -0.0475683 0.01
v -0.0675179 -0.0445599 0.01
v -0.0695013 -0.0414568 0.01
v -0.0713421 -0.0382656 0.01
v -0.0730363 -0.0349926 0.01
v -0.0745804 -0.0316447 0.01
v -0.0759711 -0.0282287 0.01
v -0.0772053 -0.0247517 0.01
v -0.0782803 -0.0212208 0.01
v -0.0791939 -0.0176433 0.01
v -0.0799439 -0.0140266 0.01
v -0.0805288 -0.0103782 0.01
v -0.0809472 -0.00670562 0.01
v -0.0811981 -0.00301645 0.01
v -0.0812809 0.00068167 0.01
v -0.0811952 0.00438107 0.01
v -0.0809411 0.00807408 0.01
v -0.0805191 0.011753 0.01
v -0.0799299 0.0154103 0.01
v -0.0791745 0.0190383 0.01
v -0.0782545 0.0226294 0.01
v -0.0771716 0.0261762 0.01
v -0.0759279 0.0296713 0.01
v -0.0745259 0.0331075 0.01
v -0.0729685 0.0364774 0.01
v -0.0712586 0.0397742 0.01
v -0.0693998 0.0429909 0.01
v -0.0673959 0.0461208 0.01
v -0.0652507 0.0491573 0.01
v -0.0629688 0.0520941 0.01
v -0.0605547 0.054925 0.01
v -0.0580134 0.0576441 0.01
v -0.05535 0.0602456 0.01
v -0.05257 0.062724 0.01
v -0.049679 0.0650742 0.01
v -0.046683 0.0672912 0.01
v -0.0435881 0.0693703 0.01
v -0.0404006 0.071307 0.01
v -0.0371271 0.0730973 0.01
v -0.0337744 0.0747373 0.01
v -0.0303493 0.0762235 0.01
v -0.0268589 0.0775528 0.01
v -0.0233103 0.0787222 0.01
v -0.019711 0.0797293 0.01
v -0.0160682 0.0805718 0.01
v -0.0123896 0.0812479 0.01
v -0.00868272 0.0817561 0.01
v -0.00495527 0.0820951 0.01
v -0.00121495 0.0822641 0.01
v 0.00253049 0.0822628 0.01
v 0.0062733 0.0820909 0.01
v 0.0100057 0.0817488 0.01
v 0.0137199 0.0812369 0.01
v 0.0174083 0.0805563 0.01
v 0.0210632 0.0797082 0.01
v 0.0246768 0.0786943 0.01
v 0.0282419 0.0775166 0.01
v 0.0317508 0.0761774 0.01
v 0.0351964 0.0746794 0.01
v 0.0385713 0.0730255 0.01
v 0.0418686 0.0712191 0.01
v 0.0450814 0.0692638 0.01
v 0.0482029 0.0671636 0.01
v 0.0512267 0.0649228 0.01
v 0.0541463 0.0625458 0.01
v 0.0569557 0.0600376 0.01
v 0.0596488 0.0574032 0.01
v 0.0622202 0.054648 0.01
v 0.0646644 0.0517777 0.01
v 0.0669761 0.0487981 0.01
v 0.0691506 0.0457153 0.01
v 0.0711833 0.0425357 0.01
v 0.0730697 0.0392657 0.01
v 0.0748058 0.0359125 0.01
v 0.0764014 0.0324907 0.01
v 0.077906 0.0290368 0.01
v 0.0793586 0.0256067 0.01
v 0.0807532 0.0222696 0.01
v 0.082017 0.0191147 0.01
v 0.0829137 0.0162206 0.01
v 0.0741121 -0.0286284 0.01
v 0.0753922 -0.0251097 0.01
v 0.0764601 -0.0214811 0.01
v 0.0816713 0.00985972 0.01
v 0.0822101 0.0133351 0.01
v 0.0726956 -0.0320688 0.01
v 0.0706721 -0.0235142 0.01
v 0.0717567 -0.0201112 0.01
v 0.0666864 -0.033289 0.01
v 0.0681565 -0.0301272 0.01
v 0.0650911 -0.0363655 0.01
v 0.0633615 -0.039345 0.01
v 0.0615074 -0.0422328 0.01
v 0.0595322 -0.0450289 0.01
v 0.0574354 -0.0477291 0.01
v 0.0552191 -0.0503282 0.01
v 0.0528879 -0.0528218 0.01
v 0.050447 -0.0552061 0.01
v 0.0479013 -0.0574768 0.01
v 0.0452546 -0.0596287 0.01
v 0.0425123 -0.0616573 0.01
v 0.0396799 -0.0635589 0.01
v 0.0367633 -0.0653299 0.01
v 0.0337682 -0.0669669 0.01
v 0.0307006 -0.0684666 0.01
v 0.0275666 -0.0698258 0.01
v 0.0243726 -0.0710416 0.01
v 0.0211251 -0.0721112 0.01
v 0.0178308 -0.0730325 0.01
v 0.0144963 -0.0738032 0.01
v 0.0111287 -0.0744216 0.01
v 0.00773478 -0.0748864 0.01
v 0.00432161 -0.0751964 0.01
v 0.000896259 -0.0753507 0.01
v -0.00253419 -0.0753491 0.01
v -0.00596264 -0.0751912 0.01
v -0.00938195 -0.0748773 0.01
v -0.012785 -0.0744078 0.01
v -0.0161648 -0.0737837 0.01
v -0.0195143 -0.073006 0.01
v -0.0228264 -0.0720763 0.01
v -0.0260943 -0.0709962 0.01
v -0.0293112 -0.069768 0.01
v -0.0324703 -0.068394 0.01
v -0.0355651 -0.0668769 0.01
v -0.038589 -0.0652198 0.01
v -0.0415357 -0.0634259 0.01
v -0.044399 -0.0614989 0.01
v -0.047173 -0.0594426 0.01
v -0.0498517 -0.0572612 0.01
v -0.0524296 -0.054959 0.01
v -0.0549011 -0.0525409 0.01
v -0.0572612 -0.0500115 0.01
v -0.0595046 -0.0473761 0.01
v -0.0616268 -0.0446401 0.01
v -0.0636232 -0.0418091 0.01
v -0.0654895 -0.0388888 0.01
v -0.0672218 -0.0358852 0.01
v -0.0688163 -0.0328045 0.01
v -0.0702696 -0.0296529 0.01
v -0.0715785 -0.026437 0.01
v -0.0727403 -0.0231634 0.01
v -0.0737523 -0.0198388 0.01
v -0.0746123 -0.01647 0.01
v -0.0753185 -0.0130641 0.01
v -0.0758691 -0.00962796 0.01
v -0.076263 -0.00616878 0.01
v -0.0764991 -0.0026937 0.01
v -0.0765768 0.000790101 0.01
v -0.0764959 0.00427539 0.01
v -0.0762563 0.00775495 0.01
v -0.0758584 0.0112216 0.01
v -0.0753029 0.014668 0.01
v -0.0745908 0.0180871 0.01
v -0.0737235 0.0214718 0.01
v -0.0727025 0.024815 0.01
v -0.0715299 0.0281097 0.01
v -0.070208 0.0313491 0.01
v -0.0687393 0.0345263 0.01
v -0.0671269 0.0376348 0.01
v -0.0653739 0.040668 0.01
v -0.0634838 0.0436197 0.01
v -0.0614604 0.0464834 0.01
v -0.0593079 0.0492534 0.01
v -0.0570305 0.0519237 0.01
v -0.0546329 0.0544887 0.01
v -0.0521199 0.0569429 0.01
v -0.0494966 0.0592813 0.01
v -0.0467685 0.0614989 0.01
v -0.043941 0.0635909 0.01
v -0.04102 0.0655529 0.01
v -0.0380114 0.0673807 0.01
v -0.0349214 0.0690704 0.01
v -0.0317563 0.0706184 0.01
v -0.0285226 0.0720213 0.01
v -0.025227 0.0732762 0.01
v -0.0218762 0.0743802 0.01
v -0.0184772 0.075331 0.01
v -0.015037 0.0761265 0.01
v -0.0115626 0.0767648 0.01
v -0.0080613 0.0772446 0.01
v -0.00454025 0.0775646 0.01
v -0.00100677 0.0777241 0.01
v 0.00253182 0.0777227 0.01
v 0.00606819 0.0775601 0.01
v 0.009595 0.0772365 0.01
v 0.0131049 0.0767526 0.01
v 0.0165907 0.0761092 0.01
v 0.020045 0.0753075 0.01
v 0.0234607 0.0743489 0.01
v 0.0268307 0.0732354 0.01
v 0.0301479 0.0719692 0.01
v 0.0334053 0.0705527 0.01
v 0.0365964 0.0689887 0.01
v 0.0397142 0.0672804 0.01
v 0.0427523 0.0654312 0.01
v 0.0457044 0.0634448 0.01
v 0.0485642 0.0613252 0.01
v 0.0513257 0.0590767 0.01
v 0.0539831 0.0567039 0.01
v 0.0565308 0.0542115 0.01
v 0.0589635 0.0516046 0.01
v 0.061276 0.0488886 0.01
v 0.0634633 0.046069 0.01
v 0.065521 0.0431516 0.01
v 0.0674445 0.0401423 0.01
v 0.0692297 0.0370474 0.01
v 0.0708796 0.0338764 0.01
v 0.0724345 0.0306493 0.01
v 0.0739586 0.0273971 0.01
v 0.075506 0.0241482 0.01
v 0.0771049 0.0209602 0.01
v 0.0788002 0.0180112 0.01
v 0.0787922 0.0145653 0.01
v 0.0694451 -0.0268363 0.01
v 0.074099 -0.00934824 0.01
v 0.0746288 -0.00552191 0.01
v 0.0726804 -0.016614 0.01
v 0.0765225 0.00690894 0.01
v 0.0775376 0.0108867 0.01
v 0.0734785 -0.0130329 0.01
v 0.0757704 0.00271315 0.01
v 0.0751755 -0.00143764 0.01
v 0.0732479 0.0122204 0.01
v 0.0750034 0.0155555 0.01
v 0.0694676 -0.00855363 0.01
v 0.06985 -0.00475407 0.01
v 0.0590985 -0.036792 0.01
v 0.0607316 -0.0340128 0.01
v 0.0573624 -0.0394955 0.01
v 0.0660416 -0.0219126 0.01
v 0.0671411 -0.0187169 0.01
v 0.0621956 -0.031097 0.01
v 0.0635995 -0.0281396 0.01
v 0.0555211 -0.0421222 0.01
v 0.05356 -0.0446564 0.01
v 0.0514818 -0.0470913 0.01
v 0.0492969 -0.0494265 0.01
v 0.0470126 -0.0516617 0.01
v 0.0446311 -0.0537908 0.01
v 0.0421529 -0.0558035 0.01
v 0.0395851 -0.0576967 0.01
v 0.036934 -0.0594697 0.01
v 0.0342055 -0.0611209 0.01
v 0.0314046 -0.0626476 0.01
v 0.0285366 -0.0640469 0.01
v 0.0256071 -0.0653156 0.01
v 0.0226216 -0.0664508 0.01
v 0.0195861 -0.0674498 0.01
v 0.0165067 -0.0683104 0.01
v 0.0133896 -0.0690305 0.01
v 0.0102411 -0.0696084 0.01
v 0.00706788 -0.0700426 0.01
v 0.00387631 -0.0703322 0.01
v 0.000673025 -0.0704763 0.01
v -0.00253535 -0.0704745 0.01
v -0.00574215 -0.0703266 0.01
v -0.00894074 -0.0700327 0.01
v -0.0121245 -0.0695933 0.01
v -0.0152867 -0.0690091 0.01
v -0.0184209 -0.0682811 0.01
v -0.0215204 -0.0674108 0.01
v -0.0245789 -0.0663997 0.01
v -0.0275899 -0.0652499 0.01
v -0.0305471 -0.0639634 0.01
v -0.0334444 -0.0625429 0.01
v -0.0362756 -0.0609911 0.01
v -0.0390348 -0.0593111 0.01
v -0.0417161 -0.0575063 0.01
v -0.0443141 -0.0555802 0.01
v -0.0468231 -0.0535367 0.01
v -0.0492378 -0.0513799 0.01
v -0.0515532 -0.0491141 0.01
v -0.0537643 -0.046744 0.01
v -0.0558664 -0.0442744 0.01
v -0.057855 -0.0417102 0.01
v -0.0597259 -0.0390567 0.01
v -0.0614751 -0.0363192 0.01
v -0.0630988 -0.0335034 0.01
v -0.0645935 -0.0306151 0.01
v -0.0659559 -0.02766 0.01
v -0.0671831 -0.0246444 0.01
v -0.0682724 -0.0215743 0.01
v -0.0692214 -0.0184561 0.01
v -0.0700278 -0.0152962 0.01
v -0.07069 -0.0121011 0.01
v -0.0712064 -0.00887739 0.01
v -0.0715757 -0.00563176 0.01
v -0.071797 -0.00237089 0.01
v -0.0718698 0.000898448 0.01
v -0.0717936 0.0041695 0.01
v -0.0715685 0.00743547 0.01
v -0.0711947 0.0106896 0.01
v -0.070673 0.0139251 0.01
v -0.0700042 0.0171352 0.01
v -0.0691896 0.0203133 0.01
v -0.0682306 0.0234527 0.01
v -0.0671291 0.0265469 0.01
v -0.0658873 0.0295894 0.01
v -0.0645076 0.0325738 0.01
v -0.0629926 0.0354939 0.01
v -0.0613454 0.0383436 0.01
v -0.0595693 0.0411168 0.01
v -0.0576678 0.0438077 0.01
v -0.0556447 0.0464107 0.01
v -0.0535041 0.0489203 0.01
v -0.0512502 0.0513311 0.01
v -0.0488878 0.0536381 0.01
v -0.0464214 0.0558363 0.01
v -0.0438563 0.0579211 0.01
v -0.0411974 0.0598881 0.01
v -0.0384504 0.0617329 0.01
v -0.0356208 0.0634517 0.01
v -0.0327143 0.0650408 0.01
v -0.029737 0.0664968 0.01
v -0.0266948 0.0678164 0.01
v -0.0235942 0.0689968 0.01
v -0.0204414 0.0700354 0.01
v -0.0172428 0.0709299 0.01
v -0.0140053 0.0716783 0.01
v -0.0107353 0.0722788 0.01
v -0.00743961 0.0727302 0.01
v -0.0041251 0.0730312 0.01
v -0.000798603 0.0731812 0.01
v 0.002533 0.0731796 0.01
v 0.0058628 0.0730263 0.01
v 0.0091839 0.0727214 0.01
v 0.0124894 0.0722655 0.01
v 0.0157724 0.0716593 0.01
v 0.019026 0.0709039 0.01
v 0.0222436 0.0700007 0.01
v 0.0254184 0.0689515 0.01
v 0.0285437 0.0677583 0.01
v 0.031613 0.0664234 0.01
v 0.03462 0.0649494 0.01
v 0.0375582 0.0633392 0.01
v 0.0404216 0.0615962 0.01
v 0.043204 0.0597236 0.01
v 0.0458998 0.0577254 0.01
v 0.0485031 0.0556054 0.01
v 0.0510085 0.053368 0.01
v 0.0534107 0.0510178 0.01
v 0.0557045 0.0485594 0.01
v 0.0578853 0.0459978 0.01
v 0.0599482 0.0433383 0.01
v 0.0618889 0.0405863 0.01
v 0.0637032 0.0377475 0.01
v 0.0653896 0.0348284 0.01
v 0.0669635 0.0318375 0.01
v 0.0684778 0.0287931 0.01
v 0.070007 0.0257 0.01
v 0.0716295 0.0225459 0.01
v 0.0733736 0.0192628 0.01
v 0.0648441 -0.0250427 0.01
v 0.0690352 -0.0121084 0.01
v 0.0709262 0.0036885 0.01
v 0.071786 0.00818157 0.01
v 0.068143 -0.0154276 0.01
v 0.0703375 -0.000619321 0.01
v 0.0563737 -0.0316154 0.01
v 0.0577879 -0.0289327 0.01
v 0.0590739 -0.0261129 0.01
v 0.0603138 -0.0232455 0.01
v 0.0614883 -0.0202425 0.01
v 0.062652 -0.0172271 0.01
v 0.0497698 -0.0416322 0.01
v 0.0515877 -0.0392533 0.01
v 0.0478201 -0.0438998 0.01
v 0.0457748 -0.0460805 0.01
v 0.0436475 -0.04818 0.01
v 0.0414333 -0.0501802 0.01
v 0.0391091 -0.0520406 0.01
v 0.0367 -0.0537787 0.01
v 0.0342167 -0.0554066 0.01
v 0.0316656 -0.0569261 0.01
v 0.0290514 -0.0583347 0.01
v 0.0263782 -0.0596286 0.01
v 0.02365 -0.0608039 0.01
v 0.0208714 -0.0618569 0.01
v 0.018047 -0.0627844 0.01
v 0.015182 -0.0635838 0.01
v 0.0122822 -0.0642529 0.01
v 0.00935299 -0.0647901 0.01
v 0.0064005 -0.0651937 0.01
v 0.00343071 -0.0654629 0.01
v 0.0004497 -0.0655967 0.01
v -0.00253636 -0.0655948 0.01
v -0.00552131 -0.0654568 0.01
v -0.00849893 -0.065183 0.01
v -0.0114631 -0.0647736 0.01
v -0.0144075 -0.0642294 0.01
v -0.0173262 -0.0635512 0.01
v -0.0202129 -0.0627404 0.01
v -0.0230617 -0.0617984 0.01
v -0.0258666 -0.060727 0.01
v -0.0286217 -0.0595281 0.01
v -0.0313213 -0.0582043 0.01
v -0.0339596 -0.0567579 0.01
v -0.0365311 -0.0551919 0.01
v -0.0390303 -0.0535094 0.01
v -0.041452 -0.0517136 0.01
v -0.0437911 -0.0498082 0.01
v -0.0460425 -0.0477969 0.01
v -0.0482016 -0.0456838 0.01
v -0.0502636 -0.0434732 0.01
v -0.0522242 -0.0411694 0.01
v -0.0540791 -0.0387772 0.01
v -0.0558245 -0.0363014 0.01
v -0.0574564 -0.033747 0.01
v -0.0589714 -0.0311192 0.01
v -0.0603661 -0.0284234 0.01
v -0.0616376 -0.0256651 0.01
v -0.062783 -0.0228499 0.01
v -0.0637997 -0.0199835 0.01
v -0.0646855 -0.017072 0.01
v -0.0654383 -0.0141211 0.01
v -0.0660565 -0.0111371 0.01
v -0.0665386 -0.0081261 0.01
v -0.0668833 -0.00509425 0.01
v -0.0670899 -0.00204784 0.01
v -0.0671576 0.00100681 0.01
v -0.0670862 0.00406339 0.01
v -0.0668756 0.00711554 0.01
v -0.066526 0.0101569 0.01
v -0.0660381 0.0131812 0.01
v -0.0654127 0.0161822 0.01
v -0.0646508 0.0191535 0.01
v -0.0637538 0.0220889 0.01
v -0.0627236 0.0249823 0.01
v -0.061562 0.0278277 0.01
v -0.0602712 0.0306191 0.01
v -0.0588538 0.0333506 0.01
v -0.0573126 0.0360165 0.01
v -0.0556506 0.0386111 0.01
v -0.0538711 0.041129 0.01
v -0.0519775 0.0435649 0.01
v -0.0499739 0.0459136 0.01
v -0.047864 0.0481701 0.01
v -0.0456522 0.0503296 0.01
v -0.043343 0.0523875 0.01
v -0.0409409 0.0543394 0.01
v -0.038451 0.0561811 0.01
v -0.0358781 0.0579087 0.01
v -0.0332276 0.0595185 0.01
v -0.0305049 0.0610068 0.01
v -0.0277155 0.0623706 0.01
v -0.0248652 0.0636068 0.01
v -0.0219597 0.0647126 0.01
v -0.019005 0.0656857 0.01
v -0.0160072 0.0665238 0.01
v -0.0129725 0.0672251 0.01
v -0.00990709 0.0677879 0.01
v -0.00681733 0.0682108 0.01
v -0.00370959 0.0684929 0.01
v -0.000590296 0.0686332 0.01
v 0.0025341 0.0686315 0.01
v 0.00565711 0.0684875 0.01
v 0.00877225 0.0682013 0.01
v 0.0118731 0.0677734 0.01
v 0.0149531 0.0672045 0.01
v 0.0180059 0.0664955 0.01
v 0.0210251 0.0656478 0.01
v 0.0240045 0.0646629 0.01
v 0.0269377 0.0635428 0.01
v 0.0298187 0.0622896 0.01
v 0.0326413 0.0609057 0.01
v 0.0353998 0.0593938 0.01
v 0.0380882 0.057757 0.01
v 0.0407009 0.0559984 0.01
v 0.0432324 0.0541216 0.01
v 0.0456773 0.0521304 0.01
v 0.0480305 0.0500286 0.01
v 0.050287 0.0478206 0.01
v 0.0524419 0.0455108 0.01
v 0.0544907 0.0431039 0.01
v 0.056429 0.0406047 0.01
v 0.0582527 0.0380183 0.01
v 0.0599586 0.0353501 0.01
v 0.0615428 0.032601 0.01
v 0.0630245 0.02978 0.01
v 0.0644561 0.0268889 0.01
v 0.0659326 0.0239124 0.01
v 0.0676278 0.0208658 0.01
v 0.0697354 0.0179638 0.01
v 0.0694246 0.0143388 0.01
v 0.0652381 -0.0113443 0.01
v 0.0649707 -0.0079646 0.01
v 0.0658905 0.00466801 0.01
v 0.0663859 0.0100506 0.01
v 0.0637946 -0.0141731 0.01
v 0.0654285 9.36732e-05 0.01
v 0.053255 -0.0367593 0.01
v 0.0548607 -0.0342215 0.01
v 0.0651042 -0.00407751 0.01
v 0.0534397 -0.0267575 0.01
v 0.0546516 -0.0241431 0.01
v 0.064211 0.0131813 0.01
v 0.0660478 0.015726 0.01
v 0.0478092 -0.0365301 0.01
v 0.0492935 -0.0341529 0.01
v 0.0521192 -0.0292733 0.01
v 0.0558034 -0.0213622 0.01
v 0.056964 -0.018506 0.01
v 0.0424258 -0.0428976 0.01
v 0.0443538 -0.0408747 0.01
v 0.0404704 -0.0448988 0.01
v 0.0384767 -0.046826 0.01
v 0.0362389 -0.0484416 0.01
v 0.0339387 -0.0499537 0.01
v 0.0315825 -0.051394 0.01
v 0.0291778 -0.0527568 0.01
v 0.0267289 -0.054033 0.01
v 0.0242369 -0.0552136 0.01
v 0.021702 -0.056291 0.01
v 0.0191254 -0.0572593 0.01
v 0.0165095 -0.0581139 0.01
v 0.0138578 -0.0588515 0.01
v 0.0111745 -0.0594693 0.01
v 0.00846438 -0.0599655 0.01
v 0.0057327 -0.0603385 0.01
v 0.00298482 -0.0605872 0.01
v 0.000226313 -0.0607107 0.01
v -0.00253719 -0.0607086 0.01
v -0.0053 -0.0605807 0.01
v -0.00805639 -0.0603269 0.01
v -0.0108006 -0.0599477 0.01
v -0.0135271 -0.0594435 0.01
v -0.0162299 -0.0588152 0.01
v -0.0189036 -0.058064 0.01
v -0.0215425 -0.0571911 0.01
v -0.024141 -0.0561982 0.01
v -0.0266938 -0.0550872 0.01
v -0.0291954 -0.0538601 0.01
v -0.0316405 -0.0525193 0.01
v -0.0340241 -0.0510675 0.01
v -0.0363409 -0.0495074 0.01
v -0.0385862 -0.0478421 0.01
v -0.0407552 -0.046075 0.01
v -0.0428431 -0.0442094 0.01
v -0.0448456 -0.0422492 0.01
v -0.0467584 -0.0401982 0.01
v -0.0485772 -0.0380605 0.01
v -0.0502983 -0.0358405 0.01
v -0.0519179 -0.0335426 0.01
v -0.0534324 -0.0311715 0.01
v -0.0548386 -0.028732 0.01
v -0.0561333 -0.026229 0.01
v -0.0573136 -0.0236677 0.01
v -0.0583771 -0.0210531 0.01
v -0.0593212 -0.0183908 0.01
v -0.0601437 -0.0156861 0.01
v -0.0608429 -0.0129447 0.01
v -0.0614171 -0.010172 0.01
v -0.0618648 -0.00737394 0.01
v -0.062185 -0.00455615 0.01
v -0.0623767 -0.00172448 0.01
v -0.0624394 0.00111523 0.01
v -0.0623728 0.00395706 0.01
v -0.0621767 0.00679513 0.01
v -0.0618513 0.00962353 0.01
v -0.0613973 0.0124364 0.01
v -0.0608152 0.0152278 0.01
v -0.0601061 0.017992 0.01
v -0.0592714 0.0207232 0.01
v -0.0583124 0.0234156 0.01
v -0.0572311 0.0260637 0.01
v -0.0560294 0.0286618 0.01
v -0.0547098 0.0312044 0.01
v -0.0532746 0.0336863 0.01
v -0.0517268 0.0361021 0.01
v -0.0500694 0.0384468 0.01
v -0.0483057 0.0407153 0.01
v -0.0464391 0.0429029 0.01
v -0.0444734 0.0450049 0.01
v -0.0424125 0.0470167 0.01
v -0.0402606 0.0489341 0.01
v -0.0380219 0.050753 0.01
v -0.035701 0.0524694 0.01
v -0.0333025 0.0540796 0.01
v -0.0308314 0.0555801 0.01
v -0.0282927 0.0569676 0.01
v -0.0256915 0.0582391 0.01
v -0.0230332 0.0593917 0.01
v -0.0203231 0.0604229 0.01
v -0.0175668 0.0613304 0.01
v -0.01477 0.0621121 0.01
v -0.0119385 0.0627662 0.01
v -0.00907792 0.0632911 0.01
v -0.00619432 0.0636856 0.01
v -0.00329361 0.0639486 0.01
v -0.000381788 0.0640794 0.01
v 0.00253512 0.0640776 0.01
v 0.00545107 0.0639428 0.01
v 0.00836 0.0636754 0.01
v 0.0112559 0.0632755 0.01
v 0.0141327 0.0627439 0.01
v 0.0169843 0.0620813 0.01
v 0.019805 0.0612891 0.01
v 0.0225886 0.0603687 0.01
v 0.0253295 0.0593218 0.01
v 0.0280219 0.0581503 0.01
v 0.03066 0.0568567 0.01
v 0.0332385 0.0554432 0.01
v 0.0357517 0.0539128 0.01
v 0.0381944 0.0522683 0.01
v 0.0405615 0.0505132 0.01
v 0.0428478 0.0486508 0.01
v 0.0450486 0.0466848 0.01
v 0.0471592 0.0446193 0.01
v 0.049175 0.0424583 0.01
v 0.0510917 0.0402061 0.01
v 0.0529053 0.0378675 0.01
v 0.0546126 0.035447 0.01
v 0.0562033 0.0329434 0.01
v 0.0576693 0.0303591 0.01
v 0.0590215 0.0276921 0.01
v 0.0602906 0.0249087 0.01
v 0.0615113 0.0219006 0.01
v 0.0626751 0.0183515 0.01
v 0.0609369 0.00506777 0.01
v 0.0612986 0.00943826 0.01
v 0.0601145 -0.00364445 0.01
v 0.0604792 0.000621405 0.01
v 0.0582745 -0.0153991 0.01
v 0.0600326 -0.0121135 0.01
v 0.0507287 -0.0317329 0.01
v 0.0599316 -0.00774153 0.01
v 0.026086 0.0266101 0.01
v 0.0251194 0.0244813 0.01
v 0.0287822 0.0264699 0.01
v 0.0462398 -0.0388304 0.01
v 0.0494076 -0.0247794 0.01
v 0.0504102 -0.0222921 0.01
v 0.0467818 -0.0294077 0.01
v 0.048103 -0.0270933 0.01
v 0.0545051 -0.00687609 0.01
v 0.0549826 -0.00299036 0.01
v 0.051337 -0.0196326 0.01
v 0.0522005 -0.0168615 0.01
v 0.0433818 -0.0366007 0.01
v 0.0442926 -0.03416 0.01
v 0.0361344 -0.0440811 0.01
v 0.0375345 -0.0419134 0.01
v 0.0336575 -0.0449829 0.01
v 0.0314118 -0.0461819 0.01
v 0.029097 -0.0473991 0.01
v 0.0267764 -0.0485898 0.01
v 0.0244551 -0.0497275 0.01
v 0.0221222 -0.0507925 0.01
v 0.0197681 -0.0517711 0.01
v 0.0173867 -0.0526544 0.01
v 0.0149755 -0.053436 0.01
v 0.012535 -0.0541117 0.01
v 0.0100673 -0.0546783 0.01
v 0.00757589 -0.0551335 0.01
v 0.00506496 -0.0554758 0.01
v 0.00253912 -0.055704 0.01
v 3.33891e-06 -0.0558173 0.01
v -0.00253733 -0.0558151 0.01
v -0.00507773 -0.0556973 0.01
v -0.00761266 -0.0554638 0.01
v -0.0101368 -0.0551148 0.01
v -0.012645 -0.0546508 0.01
v -0.0151318 -0.0540725 0.01
v -0.0175922 -0.053381 0.01
v -0.0200209 -0.0525774 0.01
v -0.0224129 -0.0516632 0.01
v -0.024763 -0.05064 0.01
v -0.0270664 -0.0495099 0.01
v -0.0293182 -0.0482748 0.01
v -0.0315135 -0.0469373 0.01
v -0.0336478 -0.0454999 0.01
v -0.0357164 -0.0439653 0.01
v -0.0377149 -0.0423366 0.01
v -0.0396391 -0.0406169 0.01
v -0.0414849 -0.0388098 0.01
v -0.0432481 -0.0369186 0.01
v -0.0449251 -0.0349473 0.01
v -0.0465122 -0.0328998 0.01
v -0.0480058 -0.0307801 0.01
v -0.0494027 -0.0285925 0.01
v -0.0506999 -0.0263415 0.01
v -0.0518944 -0.0240316 0.01
v -0.0529836 -0.0216675 0.01
v -0.053965 -0.019254 0.01
v -0.0548364 -0.0167959 0.01
v -0.0555956 -0.0142984 0.01
v -0.056241 -0.0117666 0.01
v -0.0567714 -0.00920587 0.01
v -0.0571855 -0.00662122 0.01
v -0.0574818 -0.00401778 0.01
v -0.0576589 -0.001401 0.01
v -0.0577164 0.00122359 0.01
v -0.0576542 0.00385048 0.01
v -0.0574722 0.0064742 0.01
v -0.0571707 0.00908933 0.01
v -0.0567503 0.0116904 0.01
v -0.0562115 0.0142721 0.01
v -0.0555552 0.0168289 0.01
v -0.0547826 0.0193555 0.01
v -0.053895 0.0218466 0.01
v -0.052894 0.024297 0.01
v -0.0517816 0.0267015 0.01
v -0.0505597 0.0290551 0.01
v -0.0492308 0.0313527 0.01
v -0.0477975 0.0335894 0.01
v -0.0462624 0.0357606 0.01
v -0.0446286 0.0378615 0.01
v -0.0428993 0.0398878 0.01
v -0.041078 0.041835 0.01
v -0.0391682 0.043699 0.01
v -0.0371737 0.0454757 0.01
v -0.0350986 0.0471613 0.01
v -0.032947 0.0487521 0.01
v -0.0307233 0.0502448 0.01
v -0.0284318 0.0516358 0.01
v -0.0260774 0.0529223 0.01
v -0.0236647 0.0541014 0.01
v -0.0211986 0.0551704 0.01
v -0.0186842 0.0561269 0.01
v -0.0161266 0.0569686 0.01
v -0.0135311 0.0576938 0.01
v -0.010903 0.0583006 0.01
v -0.00824761 0.0587876 0.01
v -0.00557048 0.0591536 0.01
v -0.00287711 0.0593975 0.01
v -0.000173068 0.0595187 0.01
v 0.00253605 0.0595168 0.01
v 0.00524463 0.0593914 0.01
v 0.00794706 0.0591427 0.01
v 0.0106377 0.0587709 0.01
v 0.0133109 0.0582766 0.01
v 0.0159612 0.0576606 0.01
v 0.018583 0.056924 0.01
v 0.0211707 0.0560681 0.01
v 0.023719 0.0550945 0.01
v 0.0262224 0.054005 0.01
v 0.0286758 0.0528016 0.01
v 0.0310739 0.0514867 0.01
v 0.0334117 0.0500628 0.01
v 0.0356842 0.0485327 0.01
v 0.0378865 0.0468993 0.01
v 0.0400141 0.045166 0.01
v 0.0420623 0.0433361 0.01
v 0.0440267 0.0414132 0.01
v 0.0459031 0.0394011 0.01
v 0.047688 0.0373046 0.01
v 0.0493792 0.0351274 0.01
v 0.0509636 0.0328652 0.01
v 0.0524271 0.0305222 0.01
v 0.0537844 0.0281079 0.01
v 0.0550557 0.0256292 0.01
v 0.0562532 0.0230743 0.01
v 0.0573792 0.0204114 0.01
v 0.0584007 0.0176547 0.01
v 0.0611221 0.0150175 0.01
v 0.0562992 0.00582957 0.01
v 0.0575494 0.0104723 0.01
v 0.0455024 -0.031781 0.01
v 0.0531026 -0.0138164 0.01
v 0.0555561 0.00133219 0.01
v 0.0616597 0.012452 0.01
v 0.0393358 -0.0399205 0.01
v 0.0411905 -0.0380784 0.01
v 0.05396 -0.0104682 0.01
v -0.031002 0.00693149 0.01
v -0.0291562 0.00544312 0.01
v -0.0274174 0.00688157 0.01
v -0.0299747 0.0082747 0.01
v 0.0404195 -0.0321203 0.01
v 0.0416623 -0.0295121 0.01
v 0.0488182 -0.00933532 0.01
v 0.0493652 -0.0060074 0.01
v 0.0341216 -0.0388399 0.01
v 0.0362857 -0.0367145 0.01
v 0.0499327 -0.00210462 0.01
v 0.0505012 0.00205291 0.01
v 0.029259 -0.0422786 0.01
v 0.0322086 -0.0414428 0.01
v 0.0267377 -0.0433043 0.01
v 0.0244245 -0.044359 0.01
v 0.0222059 -0.0453858 0.01
v 0.0200226 -0.046351 0.01
v 0.0178432 -0.0472379 0.01
v 0.0156539 -0.0480395 0.01
v 0.0134454 -0.048749 0.01
v 0.0112149 -0.0493627 0.01
v 0.00896226 -0.0498778 0.01
v 0.00668936 -0.0502919 0.01
v 0.00439923 -0.0506033 0.01
v 0.00209576 -0.0508109 0.01
v -0.000216951 -0.0509142 0.01
v -0.00253461 -0.0509123 0.01
v -0.00485258 -0.0508049 0.01
v -0.00716606 -0.0505919 0.01
v -0.00947018 -0.0502734 0.01
v -0.0117601 -0.0498498 0.01
v -0.0140309 -0.0493218 0.01
v -0.016278 -0.0486901 0.01
v -0.0184964 -0.047956 0.01
v -0.0206816 -0.0471206 0.01
v -0.0228289 -0.0461856 0.01
v -0.0249338 -0.0451525 0.01
v -0.0269919 -0.0440235 0.01
v -0.0289988 -0.0428004 0.01
v -0.0309501 -0.0414859 0.01
v -0.0328418 -0.0400822 0.01
v -0.0346697 -0.0385921 0.01
v -0.0364299 -0.0370186 0.01
v -0.0381187 -0.0353648 0.01
v -0.0397322 -0.0336338 0.01
v -0.0412671 -0.0318291 0.01
v -0.0427198 -0.0299542 0.01
v -0.0440873 -0.028013 0.01
v -0.0453665 -0.0260093 0.01
v -0.0465545 -0.0239471 0.01
v -0.0476487 -0.0218306 0.01
v -0.0486467 -0.0196643 0.01
v -0.0495463 -0.0174522 0.01
v -0.0503452 -0.0151988 0.01
v -0.0510408 -0.0129087 0.01
v -0.0516347 -0.0105879 0.01
v -0.0521276 -0.00824087 0.01
v -0.0525157 -0.00587072 0.01
v -0.052791 -0.00348135 0.01
v -0.0529522 -0.00107892 0.01
v -0.0530008 0.00133094 0.01
v -0.0529387 0.00374299 0.01
v -0.0527671 0.00615224 0.01
v -0.0524867 0.00855378 0.01
v -0.0520979 0.0109427 0.01
v -0.0516011 0.0133142 0.01
v -0.0509969 0.0156632 0.01
v -0.050286 0.0179848 0.01
v -0.0494696 0.0202742 0.01
v -0.0485489 0.0225266 0.01
v -0.0475257 0.0247371 0.01
v -0.0464019 0.0269011 0.01
v -0.0451794 0.0290141 0.01
v -0.0438606 0.0310714 0.01
v -0.042448 0.0330687 0.01
v -0.0409445 0.0350017 0.01
v -0.0393527 0.0368663 0.01
v -0.037676 0.0386584 0.01
v -0.0359176 0.0403742 0.01
v -0.034081 0.0420099 0.01
v -0.0321698 0.043562 0.01
v -0.0301878 0.045027 0.01
v -0.0281391 0.0464017 0.01
v -0.0260277 0.0476832 0.01
v -0.0238579 0.0488685 0.01
v -0.021634 0.0499549 0.01
v -0.0193606 0.05094 0.01
v -0.0170424 0.0518215 0.01
v -0.0146839 0.0525975 0.01
v -0.0122901 0.053266 0.01
v -0.00986582 0.0538254 0.01
v -0.00741606 0.0542744 0.01
v -0.00494584 0.0546118 0.01
v -0.00246027 0.0548366 0.01
v 3.55206e-05 0.0549482 0.01
v 0.00253643 0.0549462 0.01
v 0.00503729 0.0548303 0.01
v 0.00753287 0.0546004 0.01
v 0.010018 0.0542569 0.01
v 0.0124873 0.0538001 0.01
v 0.0149359 0.0532308 0.01
v 0.0173584 0.0525499 0.01
v 0.0197498 0.0517587 0.01
v 0.0221051 0.0508585 0.01
v 0.0244193 0.049851 0.01
v 0.0266875 0.0487381 0.01
v 0.028905 0.0475219 0.01
v 0.031067 0.0462047 0.01
v 0.0331689 0.0447891 0.01
v 0.0352064 0.0432782 0.01
v 0.037175 0.0416746 0.01
v 0.0390707 0.0399812 0.01
v 0.0408882 0.0382007 0.01
v 0.0426275 0.0363399 0.01
v 0.0442887 0.0344047 0.01
v 0.0458516 0.0323802 0.01
v 0.0472909 0.0302602 0.01
v 0.0486572 0.028053 0.01
v 0.0499947 0.0257877 0.01
v 0.051319 0.0234909 0.01
v 0.0525885 0.021151 0.01
v 0.0536591 0.0185541 0.01
v 0.054114 0.0151364 0.01
v 0.0577158 0.0145152 0.01
v 0.0513312 0.00667746 0.01
v 0.0525826 0.0115436 0.01
v 0.0390431 -0.0350718 0.01
v 0.0467009 -0.020831 0.01
v 0.0470992 -0.0182089 0.01
v 0.047635 -0.0154259 0.01
v 0.0482344 -0.012447 0.01
v 0.0462419 -0.0232468 0.01
v 0.0430782 -0.0272181 0.01
v 0.0444325 -0.0250702 0.01
v 0.0146878 0.0276584 0.01
v 0.0164534 0.0294994 0.01
v 0.0144184 0.0304003 0.01
v 0.0431152 -0.0142531 0.01
v 0.0434871 -0.0113587 0.01
v 0.0440232 -0.00827544 0.01
v 0.0444901 -0.00509079 0.01
v 0.0398196 -0.0248387 0.01
v 0.0417944 -0.022671 0.01
v 0.0219551 -0.0401079 0.01
v 0.0240132 -0.0390606 0.01
v 0.0199384 -0.0410748 0.01
v 0.0179374 -0.0419526 0.01
v 0.0159393 -0.0427417 0.01
v 0.0139392 -0.0434472 0.01
v 0.0119302 -0.044073 0.01
v 0.00990727 -0.0446169 0.01
v 0.00786816 -0.0450754 0.01
v 0.00581281 -0.0454446 0.01
v 0.0037435 -0.0457229 0.01
v 0.00166253 -0.0459099 0.01
v -0.000427703 -0.0460035 0.01
v -0.0025234 -0.0460017 0.01
v -0.00461999 -0.0459039 0.01
v -0.00671292 -0.0457105 0.01
v -0.00879767 -0.0454218 0.01
v -0.0108698 -0.0450383 0.01
v -0.012925 -0.0445605 0.01
v -0.0149589 -0.0439888 0.01
v -0.0169671 -0.0433243 0.01
v -0.0189454 -0.0425679 0.01
v -0.0208897 -0.0417211 0.01
v -0.0227959 -0.0407853 0.01
v -0.02466 -0.0397623 0.01
v -0.026478 -0.038654 0.01
v -0.028246 -0.0374625 0.01
v -0.0299604 -0.03619 0.01
v -0.0316173 -0.0348389 0.01
v -0.0332131 -0.0334119 0.01
v -0.0347445 -0.0319116 0.01
v -0.0362079 -0.030341 0.01
v -0.0376002 -0.0287032 0.01
v -0.0389182 -0.0270014 0.01
v -0.0401593 -0.0252392 0.01
v -0.0413206 -0.0234201 0.01
v -0.0424003 -0.021548 0.01
v -0.0433959 -0.0196266 0.01
v -0.0443063 -0.01766 0.01
v -0.045128 -0.015651 0.01
v -0.0458547 -0.0136014 0.01
v -0.046497 -0.0115201 0.01
v -0.0470703 -0.00941489 0.01
v -0.047573 -0.00728885 0.01
v -0.0479761 -0.0051384 0.01
v -0.048226 -0.00296119 0.01
v -0.0483438 -0.000770561 0.01
v -0.0483515 0.00142728 0.01
v -0.0482622 0.00362678 0.01
v -0.048081 0.005823 0.01
v -0.0478082 0.0080117 0.01
v -0.0474425 0.0101887 0.01
v -0.0469825 0.0123497 0.01
v -0.0464273 0.0144904 0.01
v -0.0457764 0.0166065 0.01
v -0.0450302 0.0186936 0.01
v -0.0441894 0.0207471 0.01
v -0.0432554 0.0227629 0.01
v -0.0422295 0.0247367 0.01
v -0.0411136 0.0266641 0.01
v -0.0399097 0.0285411 0.01
v -0.0386202 0.0303638 0.01
v -0.0372472 0.0321281 0.01
v -0.0357937 0.0338303 0.01
v -0.0342623 0.0354668 0.01
v -0.0326559 0.0370338 0.01
v -0.0309776 0.0385279 0.01
v -0.0292309 0.0399457 0.01
v -0.0274192 0.0412842 0.01
v -0.0255463 0.0425405 0.01
v -0.0236157 0.0437119 0.01
v -0.0216314 0.0447956 0.01
v -0.0195972 0.0457889 0.01
v -0.0175174 0.0466898 0.01
v -0.0153961 0.0474961 0.01
v -0.0132377 0.048206 0.01
v -0.0110464 0.0488174 0.01
v -0.00882697 0.0493292 0.01
v -0.00658375 0.04974 0.01
v -0.00432146 0.0500486 0.01
v -0.00204473 0.0502545 0.01
v 0.000242028 0.050357 0.01
v 0.00253419 0.0503553 0.01
v 0.00482686 0.0502491 0.01
v 0.00711512 0.0500386 0.01
v 0.00939425 0.049724 0.01
v 0.0116594 0.0493053 0.01
v 0.0139058 0.048783 0.01
v 0.0161286 0.048158 0.01
v 0.0183231 0.0474315 0.01
v 0.0204848 0.0466048 0.01
v 0.0226091 0.0456793 0.01
v 0.0246914 0.0446567 0.01
v 0.0267278 0.0435394 0.01
v 0.0287146 0.0423306 0.01
v 0.0306475 0.041033 0.01
v 0.0325217 0.0396485 0.01
v 0.0343342 0.0381792 0.01
v 0.0360749 0.0366213 0.01
v 0.0377529 0.0349869 0.01
v 0.0393826 0.0332949 0.01
v 0.0409491 0.0315347 0.01
v 0.0424125 0.0296815 0.01
v 0.0437865 0.027666 0.01
v 0.0451639 0.0255366 0.01
v 0.0466345 0.0233785 0.01
v 0.0482314 0.0214657 0.01
v 0.0496017 0.0194199 0.01
v 0.0509993 0.0175609 0.01
v 0.0511967 0.0153913 0.01
v 0.0463023 0.0073163 0.01
v 0.047483 0.0119522 0.01
v 0.0326205 -0.0328526 0.01
v 0.0347533 -0.0310869 0.01
v 0.0432959 -0.020049 0.01
v 0.0429729 -0.017159 0.01
v 0.0262772 -0.0379443 0.01
v 0.0283532 -0.0364092 0.01
v 0.0449802 -0.00134209 0.01
v 0.0455704 0.00283298 0.01
v 0.0373299 -0.0297088 0.01
v 0.0384055 -0.0272454 0.01
v 0.0186617 0.0255369 0.01
v 0.0184375 0.0290121 0.01
v 0.0305378 -0.0346877 0.01
v 0.0487919 0.0151036 0.01
v 0.0198211 -0.0362787 0.01
v 0.0216883 -0.0353602 0.01
v 0.0350958 -0.0254529 0.01
v 0.036085 -0.0225517 0.01
v 0.0160653 -0.0378667 0.01
v 0.0179695 -0.0371806 0.01
v 0.0141774 -0.0384578 0.01
v 0.0123245 -0.0390003 0.01
v 0.0104888 -0.0395015 0.01
v 0.00865723 -0.0399541 0.01
v 0.00681961 -0.0403428 0.01
v 0.0049742 -0.0406561 0.01
v 0.00312111 -0.0408961 0.01
v 0.00125734 -0.041061 0.01
v -0.000617061 -0.0411412 0.01
v -0.00249668 -0.0411291 0.01
v -0.00437564 -0.0410286 0.01
v -0.00624996 -0.0408434 0.01
v -0.00811622 -0.040576 0.01
v -0.00997139 -0.0402277 0.01
v -0.011812 -0.0397973 0.01
v -0.0136337 -0.0392833 0.01
v -0.015432 -0.0386858 0.01
v -0.0172033 -0.0380061 0.01
v -0.018944 -0.0372456 0.01
v -0.0206506 -0.0364055 0.01
v -0.0223197 -0.0354876 0.01
v -0.0239479 -0.0344935 0.01
v -0.0255319 -0.033425 0.01
v -0.0270682 -0.0322838 0.01
v -0.0285533 -0.0310718 0.01
v -0.029984 -0.0297912 0.01
v -0.031357 -0.0284445 0.01
v -0.032669 -0.0270343 0.01
v -0.0339177 -0.0255639 0.01
v -0.0351016 -0.0240366 0.01
v -0.0362177 -0.0224562 0.01
v -0.0372735 -0.0208309 0.01
v -0.0382659 -0.0191592 0.01
v -0.0391814 -0.0174404 0.01
v -0.0400299 -0.015685 0.01
v -0.0407924 -0.0138827 0.01
v -0.0414718 -0.0120294 0.01
v -0.0421366 -0.0101493 0.01
v -0.0428313 -0.00826414 0.01
v -0.043524 -0.00638732 0.01
v -0.0441131 -0.00450604 0.01
v -0.0441869 -0.0025432 0.01
v -0.0440816 -0.000555197 0.01
v -0.0439088 0.00145185 0.01
v -0.0436981 0.0034578 0.01
v -0.0434492 0.00545531 0.01
v -0.0431486 0.00744002 0.01
v -0.0427855 0.00941002 0.01
v -0.042351 0.011363 0.01
v -0.0418387 0.0132967 0.01
v -0.0412444 0.0152076 0.01
v -0.0405657 0.0170916 0.01
v -0.0398034 0.0189451 0.01
v -0.0389581 0.0207649 0.01
v -0.0380302 0.0225469 0.01
v -0.0370212 0.024287 0.01
v -0.0359333 0.025982 0.01
v -0.0347677 0.0276283 0.01
v -0.033527 0.0292223 0.01
v -0.0322132 0.0307611 0.01
v -0.0308286 0.032241 0.01
v -0.0293747 0.0336578 0.01
v -0.027855 0.0350081 0.01
v -0.0262732 0.0362891 0.01
v -0.0246336 0.0374992 0.01
v -0.0229389 0.0386365 0.01
v -0.0211915 0.0396978 0.01
v -0.0193941 0.040679 0.01
v -0.0175516 0.0415784 0.01
v -0.0156677 0.042395 0.01
v -0.0137456 0.0431264 0.01
v -0.0117886 0.0437692 0.01
v -0.00980198 0.044323 0.01
v -0.0077895 0.0447869 0.01
v -0.00575517 0.0451596 0.01
v -0.00370316 0.0454403 0.01
v -0.00163674 0.0456286 0.01
v 0.000440376 0.0457231 0.01
v 0.00252345 0.0457222 0.01
v 0.00460725 0.0456273 0.01
v 0.00668775 0.0454399 0.01
v 0.00876122 0.0451585 0.01
v 0.0108227 0.0447798 0.01
v 0.0128666 0.0443041 0.01
v 0.0148886 0.0437332 0.01
v 0.0168847 0.0430692 0.01
v 0.0188513 0.0423139 0.01
v 0.020784 0.0414681 0.01
v 0.0226815 0.0405356 0.01
v 0.0245453 0.0395261 0.01
v 0.0263704 0.0384393 0.01
v 0.0281488 0.0372774 0.01
v 0.0298809 0.0360518 0.01
v 0.0315465 0.0347413 0.01
v 0.0331432 0.0333247 0.01
v 0.0347235 0.0318428 0.01
v 0.0363468 0.0303423 0.01
v 0.0380052 0.0288591 0.01
v 0.0396102 0.0273291 0.01
v 0.0408651 0.0253182 0.01
v 0.0421929 0.0230451 0.01
v 0.043745 0.0209327 0.01
v 0.0278229 0.0221973 0.01
v 0.0311937 0.0246085 0.01
v -0.0220795 -0.013426 0.01
v -0.024926 -0.0150276 0.01
v -0.0233278 -0.0162944 0.01
v 0.0467885 0.0169418 0.01
v 0.0413229 0.00822526 0.01
v 0.0426403 0.0138592 0.01
v 0.0403459 -0.000657808 0.01
v 0.0406793 0.00345672 0.01
v 0.0381693 -0.0163349 0.01
v 0.0386083 -0.0132734 0.01
v 0.0401039 -0.00421939 0.01
v 0.0241314 -0.0348427 0.01
v 0.0275317 -0.0310698 0.01
v 0.0297488 -0.0292596 0.01
v 0.0327282 -0.027845 0.01
v -0.0246992 -0.0103688 0.01
v -0.0268212 -0.0140742 0.01
v 0.00486008 -0.0197095 0.01
v 0.00166392 -0.0212978 0.01
v 0.00555927 -0.0237474 0.01
v 0.03818 -0.020004 0.01
v 0.0391532 -0.0103289 0.01
v 0.0395697 -0.00734417 0.01
v 0.0257136 -0.0329876 0.01
v -0.00025888 -0.0269993 0.01
v 0.0032145 -0.0275949 0.01
v 0.0183383 -0.0329768 0.01
v 0.0206329 -0.0320749 0.01
v 0.0109634 -0.0349626 0.01
v 0.0127023 -0.0346011 0.01
v 0.00756804 -0.0357037 0.01
v 0.00925194 -0.03532 0.01
v 0.0042399 -0.0362829 0.01
v 0.00590099 -0.0360551 0.01
v 0.000906731 -0.0366015 0.01
v 0.00258026 -0.0364569 0.01
v -0.00245575 -0.0365824 0.01
v -0.00077912 -0.0366727 0.01
v -0.00577208 -0.0361597 0.01
v -0.00411741 -0.0364026 0.01
v -0.00742253 -0.0358701 0.01
v -0.00906791 -0.0355365 0.01
v -0.0107034 -0.0351439 0.01
v -0.0123177 -0.0346684 0.01
v -0.0139058 -0.0341155 0.01
v -0.0154671 -0.0334906 0.01
v -0.0170003 -0.0327969 0.01
v -0.0185031 -0.0320374 0.01
v -0.0199737 -0.0312143 0.01
v -0.0214098 -0.0303285 0.01
v -0.0228084 -0.0293792 0.01
v -0.024165 -0.0283656 0.01
v -0.0254755 -0.0272889 0.01
v -0.0267372 -0.0261515 0.01
v -0.0279477 -0.0249558 0.01
v -0.0291065 -0.0237061 0.01
v -0.0302191 -0.0224065 0.01
v -0.0312766 -0.0210546 0.01
v -0.0323399 -0.0196956 0.01
v -0.0334222 -0.0183389 0.01
v -0.034481 -0.0169498 0.01
v -0.0353148 -0.015409 0.01
v -0.0362223 -0.0138922 0.01
v -0.0371007 -0.0123591 0.01
v -0.0377305 -0.0106432 0.01
v -0.0384736 -0.00888456 0.01
v -0.0394404 -0.0071507 0.01
v -0.0404556 -0.00545959 0.01
v -0.0417645 -0.00414447 0.01
v -0.0409752 -0.0025508 0.01
v -0.0402142 -0.000676582 0.01
v -0.03965 0.0012446 0.01
v -0.0392169 0.00313506 0.01
v -0.0388585 0.00498457 0.01
v -0.0385192 0.00679741 0.01
v -0.0381527 0.0085783 0.01
v -0.0377377 0.0103338 0.01
v -0.0372627 0.0120676 0.01
v -0.0367201 0.0137785 0.01
v -0.0361019 0.0154612 0.01
v -0.0354127 0.0171147 0.01
v -0.0346551 0.0187384 0.01
v -0.0338269 0.0203287 0.01
v -0.0329256 0.0218804 0.01
v -0.0319544 0.0233909 0.01
v -0.0309167 0.0248602 0.01
v -0.0298098 0.0262834 0.01
v -0.0286382 0.0276589 0.01
v -0.0273999 0.0289821 0.01
v -0.0260915 0.0302416 0.01
v -0.024723 0.0314366 0.01
v -0.0233055 0.0325733 0.01
v -0.0218428 0.0336551 0.01
v -0.0203327 0.0346787 0.01
v -0.018772 0.0356339 0.01
v -0.017163 0.0365123 0.01
v -0.0155152 0.0373189 0.01
v -0.0138309 0.0380556 0.01
v -0.0121092 0.0387142 0.01
v -0.0103541 0.0392876 0.01
v -0.00857372 0.0397818 0.01
v -0.00677137 0.0401997 0.01
v -0.00494929 0.0405407 0.01
v -0.00310691 0.0407972 0.01
v -0.00124908 0.0409707 0.01
v 0.000620816 0.0410596 0.01
v 0.00249647 0.0410615 0.01
v 0.00437327 0.040991 0.01
v 0.00625019 0.0408528 0.01
v 0.0081246 0.0406289 0.01
v 0.00998503 0.0402855 0.01
v 0.0118237 0.0398372 0.01
v 0.0136398 0.0392978 0.01
v 0.0154339 0.0386781 0.01
v 0.0172034 0.0379784 0.01
v 0.0189573 0.0372033 0.01
v 0.0207133 0.0363882 0.01
v 0.0224637 0.0355284 0.01
v 0.0241915 0.0345926 0.01
v 0.0259232 0.0336864 0.01
v 0.0276063 0.0327898 0.01
v 0.0292083 0.0318221 0.01
v 0.0305821 0.030483 0.01
v 0.0319985 0.0289802 0.01
v 0.0337546 0.0275225 0.01
v 0.035787 0.0263158 0.01
v 0.0378036 0.0257079 0.01
v 0.0382164 0.0235368 0.01
v 0.039564 0.020904 0.01
v 0.0419548 0.0185569 0.01
v 0.0243009 -0.0276107 0.01
v 0.0264697 -0.0255411 0.01
v 0.0296283 -0.0238434 0.01
v 0.0322961 -0.0173663 0.01
v 0.0332735 -0.0144721 0.01
v 0.031172 -0.0204717 0.01
v 0.0359954 -0.000264659 0.01
v 0.035848 0.00384324 0.01
v 0.0362268 0.00872678 0.01
v 0.0350556 -0.0121761 0.01
v 0.0224988 -0.029816 0.01
v 0.0353163 -0.0093999 0.01
v 0.0355051 -0.0065152 0.01
v 0.0226898 0.0221355 0.01
v 0.0253944 0.0206943 0.01
v 0.0370678 0.0141699 0.01
v 0.0365402 -0.00364999 0.01
v 0.0145997 -0.0343246 0.01
v 0.0166828 -0.0342271 0.01
v 0.00824341 -0.00900333 0.01
v 0.0106871 -0.00637668 0.01
v 0.00637702 -0.00591961 0.01
v 0.0100719 -0.0318069 0.01
v 0.0119844 -0.0318698 0.01
v -0.0351425 0.000751974 0.01
v -0.0358312 -0.00133206 0.01
v -0.0345165 0.00448764 0.01
v -0.0347163 0.00268965 0.01
v -0.0339759 0.0077601 0.01
v -0.034344 0.00617705 0.01
v -0.0330221 0.0108669 0.01
v -0.0335108 0.00931328 0.01
v -0.0319044 0.0138969 0.01
v -0.0325207 0.0124088 0.01
v -0.0306087 0.0168164 0.01
v -0.0312576 0.0153595 0.01
v -0.0290972 0.0196147 0.01
v -0.0299137 0.0182496 0.01
v -0.0273554 0.0222637 0.01
v -0.0282399 0.0209438 0.01
v -0.0253075 0.024723 0.01
v -0.0263446 0.0235074 0.01
v -0.0229862 0.0269522 0.01
v -0.0242195 0.0259071 0.01
v -0.0204482 0.0289263 0.01
v -0.0217188 0.0279417 0.01
v -0.017865 0.0308647 0.01
v -0.0191698 0.0299086 0.01
v -0.01506 0.0325232 0.01
v -0.0165104 0.0317663 0.01
v -0.0121092 0.0339174 0.01
v -0.0135947 0.0332366 0.01
v -0.00901028 0.0350133 0.01
v -0.0105931 0.0345451 0.01
v -0.00582408 0.0358337 0.01
v -0.00742043 0.0354315 0.01
v -0.00254881 0.0364123 0.01
v -0.00420838 0.0361981 0.01
v 0.0007917 0.0367069 0.01
v -0.000882914 0.0365815 0.01
v 0.00417271 0.0367001 0.01
v 0.00247722 0.0367029 0.01
v 0.00587779 0.0367392 0.01
v 0.00756935 0.0367184 0.01
v 0.00920466 0.0362861 0.01
v 0.0108125 0.0357275 0.01
v 0.012413 0.0351053 0.01
v 0.0140146 0.0344492 0.01
v 0.0156441 0.0337707 0.01
v 0.0173682 0.0330874 0.01
v 0.019156 0.0324718 0.01
v 0.0209477 0.0318944 0.01
v 0.0227692 0.0311498 0.01
v 0.0246526 0.0307575 0.01
v 0.0263668 0.0304 0.01
v 0.0279151 0.0302435 0.01
v 0.0283951 0.0287421 0.01
v 0.0344334 0.0226628 0.01
v 0.0116287 -0.00209388 0.01
v 0.00663049 -0.00126792 0.01
v 0.0211233 -0.0244017 0.01
v 0.0227031 -0.0220176 0.01
v 0.0311935 0.00884775 0.01
v 0.0315441 0.0142349 0.01
v 0.00376974 -0.0330984 0.01
v 0.00525548 -0.0332371 0.01
v 0.0249011 -0.0198703 0.01
v 0.0284759 -0.014938 0.01
v 0.0302587 -0.0120299 0.01
v -0.00228836 -0.03318 0.01
v -0.00089006 -0.0337013 0.01
v 0.0315674 -0.000497623 0.01
v 0.031183 0.00395608 0.01
v 0.0197991 -0.026691 0.01
v 0.000646235 -0.0333944 0.01
v 0.00223834 -0.0330997 0.01
v 0.031851 -0.00864323 0.01
v 0.0320989 -0.00501531 0.01
v 0.0174422 -0.0277131 0.01
v -0.016734 -0.00292555 0.01
v -0.0130947 -0.00802177 0.01
v -0.0127659 -0.000818882 0.01
v -0.010406 0.0162589 0.01
v -0.00813279 0.0177143 0.01
v -0.0128839 0.0194502 0.01
v 0.00673585 -0.0326214 0.01
v 0.00836755 -0.0320129 0.01
v 0.0156412 -0.0292927 0.01
v -0.00516546 -0.0321368 0.01
v -0.00369783 -0.032665 0.01
v -0.00794038 -0.0192766 0.01
v -0.00622648 -0.0206421 0.01
v -0.0063414 -0.0170048 0.01
v 0.0275295 -0.0179937 0.01
v -0.0371753 -0.00369995 0.01
v -0.0039286 -0.0203097 0.01
v -0.00352748 -0.0161918 0.01
v -0.00819876 -0.031468 0.01
v -0.00667625 -0.031735 0.01
v -0.00969944 -0.0312118 0.01
v -0.0110971 -0.0306579 0.01
v -0.0124474 -0.0300075 0.01
v -0.0137768 -0.029302 0.01
v -0.0150855 -0.0285656 0.01
v -0.0163736 -0.0278114 0.01
v -0.0176426 -0.0270404 0.01
v -0.0188905 -0.0262416 0.01
v -0.0201077 -0.0253953 0.01
v -0.0212781 -0.0244881 0.01
v -0.0223998 -0.0235265 0.01
v -0.0234799 -0.0225189 0.01
v -0.0245245 -0.0214662 0.01
v -0.0255489 -0.0203738 0.01
v -0.0265115 -0.0191861 0.01
v -0.0276381 -0.0180228 0.01
v -0.0290259 -0.0170167 0.01
v -0.0305374 -0.0161807 0.01
v -0.0320309 -0.0155094 0.01
v -0.031693 -0.0135373 0.01
v -0.0334738 -0.0122724 0.01
v -0.0350605 -0.0114327 0.01
v -0.0350395 -0.00983104 0.01
v -0.0355179 -0.00794541 0.01
v -0.036965 -0.0061505 0.01
v 0.0140923 -0.0313667 0.01
v -0.0104673 0.0231461 0.01
v -0.0132427 0.0230478 0.01
v -0.0249464 0.020503 0.01
v -0.0254141 0.0191249 0.01
v 0.0109383 -0.0270891 0.01
v 0.0132559 -0.0253436 0.01
v -0.0262154 0.0179783 0.01
v -0.0272412 0.016899 0.01
v -0.0275262 0.0154578 0.01
v -0.0278459 0.0139639 0.01
v -0.0285491 0.0126448 0.01
v -0.0295158 0.0114129 0.01
v -0.0296842 0.00984146 0.01
v -0.0321771 0.00586725 0.01
v 0.0100005 -0.029533 0.01
v 0.00782113 -0.028796 0.01
v 0.0297824 0.0190867 0.01
v 0.0183831 -0.0220938 0.01
v 0.0196924 -0.0191457 0.01
v 0.0457487 0.0195026 0.01
v 0.0224303 -0.0166566 0.01
v 0.0240716 -0.0127435 0.01
v 0.0260786 -0.00908768 0.01
v 0.0159991 -0.024254 0.01
v 0.00556767 -0.0299931 0.01
v 0.0264925 0.00397102 0.01
v 0.026191 0.0087853 0.01
v 0.00032566 -0.0306396 0.01
v 0.00237223 -0.0304545 0.01
v 0.0265193 -0.00419284 0.01
v 0.0273821 -0.000367909 0.01
v -0.0316919 0.00447867 0.01
v -0.0309686 0.00269457 0.01
v -0.0227342 0.0224506 0.01
v -0.0235943 0.0213449 0.01
v -0.00415067 -0.0289074 0.01
v -0.00260685 -0.0299496 0.01
v 0.00874109 -0.0227142 0.01
v -0.0310879 0.000469306 0.01
v -0.0314393 -0.00178968 0.01
v -0.0203934 0.0241235 0.01
v -0.0220144 0.0236833 0.01
v -0.017934 0.0257886 0.01
v -0.0190975 0.0248372 0.01
v -0.0158579 0.027913 0.01
v -0.016908 0.0268551 0.01
v -0.0132915 0.0293211 0.01
v -0.0149024 0.0290777 0.01
v -0.0106746 0.0306735 0.01
v -0.0119933 0.0299544 0.01
v -0.00783227 0.0315527 0.01
v -0.00949562 0.0316196 0.01
v -0.0049501 0.0324155 0.01
v -0.00640282 0.0319092 0.01
v -0.00196353 0.0330022 0.01
v -0.00359864 0.0331827 0.01
v 0.00100121 0.0338145 0.01
v -0.000449697 0.0332671 0.01
v 0.00410159 0.0333764 0.01
v 0.00249882 0.0334476 0.01
v 0.0261151 0.0136272 0.01
v -0.0168138 0.0223063 0.01
v -0.0191632 0.021877 0.01
v -0.0150803 0.0184 0.01
v 0.0256792 0.0177947 0.01
v -0.00760741 -0.0285909 0.01
v -0.00588438 -0.028466 0.01
v -0.00991791 -0.0280452 0.01
v -0.00906379 -0.0291555 0.01
v -0.010957 -0.0269146 0.01
v -0.0120451 -0.0258011 0.01
v -0.0131388 -0.0247877 0.01
v -0.0142559 -0.023929 0.01
v -0.015403 -0.0232102 0.01
v -0.0165542 -0.0225613 0.01
v -0.0176786 -0.0219013 0.01
v -0.018566 -0.0209827 0.01
v -0.0194086 -0.0199839 0.01
v -0.0203424 -0.0191047 0.01
v -0.021338 -0.0181971 0.01
v -0.0223431 -0.0172358 0.01
v -0.0293386 -0.0137482 0.01
v 0.0262449 0.0284952 0.01
v 0.0245071 0.0286205 0.01
v -0.0325366 -0.0101293 0.01
v -0.0306859 -0.011345 0.01
v -0.0278002 0.0031764 0.01
v 0.00724405 0.0345185 0.01
v 0.0058088 0.0337261 0.01
v 0.00839851 0.0334765 0.01
v 0.00982679 0.0326426 0.01
v 0.0112781 0.031756 0.01
v 0.0128661 0.0310843 0.01
v 0.0204412 0.0295268 0.01
v 0.0222278 0.0278951 0.01
v -0.0220338 0.0194281 0.01
v -0.0236271 0.0180106 0.01
v -0.0194408 0.0164979 0.01
v -0.03329 -0.00450384 0.01
v -0.0204889 0.0205051 0.01
v -0.024741 0.0144997 0.01
v -0.0257813 0.0129504 0.01
v 0.00393086 0.030753 0.01
v 0.00203881 0.0317738 0.01
v 0.000425741 0.0307969 0.01
v -0.0246391 0.0165601 0.01
v -0.0215816 0.0148388 0.01
v -0.0089057 0.0277328 0.01
v -0.0109463 0.0276561 0.01
v -0.00834358 0.0248654 0.01
v -0.00365694 0.0296329 0.01
v -0.00564694 0.0294734 0.01
v -0.0126245 0.0270392 0.01
v -0.00323227 0.0267886 0.01
v -0.0141093 0.0259084 0.01
v -0.0153832 0.025265 0.01
v -0.0158086 0.0238998 0.01
v -0.00747738 0.0291293 0.01
v -0.00565127 0.0254829 0.01
v -0.0224351 0.0127299 0.01
v 0.0156221 -0.0163179 0.01
v 0.0181332 -0.0138209 0.01
v 0.00409388 -0.0314976 0.01
v 0.0192567 -0.0102039 0.01
v 0.020489 -0.00631316 0.01
v -0.0266627 0.00888451 0.01
v 0.0115885 -0.0222043 0.01
v 0.0138893 -0.0200404 0.01
v -0.0014607 -0.0316738 0.01
v -0.0266966 0.011265 0.01
v -0.0221236 0.0096295 0.01
v -0.0272449 0.000177443 0.01
v 0.0220901 -0.00204623 0.01
v -0.0277306 -0.00314885 0.01
v 0.00486766 0.0144534 0.01
v 0.000305293 0.0204923 0.01
v -0.00242055 0.0192344 0.01
v 0.000537811 0.0134853 0.01
v 0.0215555 0.00376542 0.01
v 0.0212972 0.00898532 0.01
v -0.0313491 -0.00760828 0.01
v -0.027367 -0.00661594 0.01
v 0.0213485 0.0139563 0.01
v -0.00765487 -0.0258143 0.01
v -0.00516987 -0.02515 0.01
v -0.0101046 -0.0224436 0.01
v -0.00913821 -0.0244561 0.01
v -0.0111033 -0.0211664 0.01
v -0.0123466 -0.0204109 0.01
v -0.0136821 -0.0200883 0.01
v -0.014982 -0.0198681 0.01
v -0.0162298 -0.0198669 0.01
v -0.0163909 -0.0180712 0.01
v -0.0172199 -0.0156163 0.01
v -0.0188572 -0.0165188 0.01
v -0.020049 -0.0163208 0.01
v -0.0205956 -0.0151905 0.01
v 0.00883162 0.0307869 0.01
v 0.00668532 0.0308148 0.01
v 0.0100259 0.0292526 0.01
v 0.0122795 0.0287264 0.01
v 0.0216834 0.0184655 0.01
v 0.00255132 0.0234164 0.01
v 0.00666173 0.0202882 0.01
v 0.0144329 -0.0083725 0.01
v 0.0155758 -0.00434529 0.01
v -0.00273376 -0.0257201 0.01
v -0.0203594 -0.0071785 0.01
v -0.0163978 -0.0124613 0.01
v 0.00984986 -0.0162082 0.01
v 0.0126874 -0.0127556 0.01
v 0.0173393 0.0206215 0.01
v 0.0162507 0.00981091 0.01
v 0.0165557 0.0152433 0.01
v -0.00184649 0.0307551 0.01
v -0.0171917 0.0173753 0.01
v -0.0240461 0.00392836 0.01
v -0.0228909 -0.000339671 0.01
v 0.0127684 0.0241908 0.01
v -0.0242077 -0.00379565 0.01
v -0.0226929 0.00676294 0.01
v 0.00836031 -0.0198759 0.01
v -0.00125194 -0.02051 0.01
v 0.00770444 0.0268095 0.01
v 0.0027125 0.0277019 0.01
v 0.017212 -0.000760374 0.01
v 0.0165414 0.00429427 0.01
v -0.000583766 0.0277509 0.01
v -0.0113508 -0.0172163 0.01
v -0.00941694 -0.0177325 0.01
v -0.0145272 -0.0168145 0.01
v -0.0131225 -0.0179045 0.01
v -0.0153664 0.00933614 0.01
v -0.0154695 0.00650563 0.01
v -0.00536249 0.0186268 0.01
v 0.0116393 0.0176155 0.01
v -0.0287576 -0.0107648 0.01
v 0.0362948 0.0188376 0.01
v 0.0109375 0.011453 0.01
v 0.0113131 0.00457595 0.01
v 8.73176e-05 -0.0162886 0.01
v 0.00506924 -0.0135808 0.01
v -0.0117713 -0.0143478 0.01
v -0.0136685 0.0141241 0.01
v -0.0157355 0.0125819 0.01
v -0.0166106 0.00400839 0.01
v -0.0130654 0.0162415 0.01
v -0.0181824 0.00147906 0.01
v -0.00819162 -0.0140865 0.01
v -0.0143215 0.00225189 0.01
v 0.00313429 -0.00732556 0.01
v -0.00432259 -0.0112494 0.01
v -0.000537373 -0.00923983 0.01
v 0.00613522 0.00540714 0.01
v -0.00868256 0.0115859 0.01
v -0.00961563 0.00866494 0.01
v -0.0112664 0.00656341 0.01
v -0.0124191 0.00415016 0.01
v -0.00943537 0.000920142 0.01
v -0.00887316 -0.0062534 0.01
v -0.00497497 -0.00466301 0.01
v -0.00554051 0.00124075 0.01
v -0.00448842 0.00679404 0.01
v -0.00232391 0.00275361 0.01
v 0.00117753 0.00583991 0.01
v -0.00274566 0.0089804 0.01
v -0.00126171 -0.00323933 0.01
v 0.00251653 -0.00178234 0.01
v -0.0054796 0.0123158 0.01
v -0.00314873 0.0142138 0.01
v -0.00661485 0.00512752 0.01
v -0.00904689 0.00427034 0.01
# </points>

# <faces count="18172">
g Mesh_2
f 1 2 3
f 1 3 4
f 4 3 5
f 4 5 6
f 6 5 7
f 6 7 8
f 8 7 9
f 8 9 10
f 10 9 11
f 10 11 12
f 12 11 13
f 12 13 14
f 14 13 15
f 14 15 16
f 16 15 17
f 16 17 18
f 18 17 19
f 18 19 20
f 20 19 21
f 20 21 22
f 22 21 23
f 22 23 24
f 24 23 25
f 24 25 26
f 26 25 27
f 26 27 28
f 28 27 29
f 28 29 30
f 30 29 31
f 30 31 32
f 32 31 33
f 32 33 34
f 34 33 35
f 34 35 36
f 36 35 37
f 36 37 38
f 38 37 39
f 38 39 40
f 40 39 41
f 40 41 42
f 42 41 43
f 42 43 44
f 44 43 45
f 44 45 46
f 46 45 47
f 46 47 48
f 48 47 49
f 48 49 50
f 50 49 51
f 50 51 52
f 52 51 53
f 52 53 54
f 54 53 55
f 54 55 56
f 56 55 57
f 56 57 58
f 58 57 59
f 58 59 60
f 60 59 61
f 60 61 62
f 62 61 63
f 62 63 64
f 64 63 65
f 64 65 66
f 66 65 67
f 66 67 68
f 68 67 69
f 68 69 70
f 70 69 71
f 70 71 72
f 72 71 73
f 72 73 74
f 74 73 75
f 74 75 76
f 76 75 77
f 76 77 78
f 78 77 79
f 78 79 80
f 80 79 81
f 80 81 82
f 82 81 83
f 82 83 84
f 84 83 85
f 84 85 86
f 86 85 87
f 86 87 88
f 88 87 89
f 88 89 90
f 90 89 91
f 90 91 92
f 92 91 93
f 92 93 94
f 94 93 95
f 94 95 96
f 96 95 97
f 96 97 98
f 98 97 99
f 98 99 100
f 100 99 101
f 100 101 102
f 102 101 103
f 102 103 104
f 104 103 105
f 104 105 106
f 106 105 107
f 106 107 108
f 108 107 109
f 108 109 110
f 110 109 111
f 110 111 112
f 112 111 113
f 112 113 114
f 114 113 115
f 114 115 116
f 116 115 117
f 116 117 118
f 118 117 119
f 118 119 120
f 120 119 121
f 120 121 122
f 122 121 123
f 122 123 124
f 124 123 125
f 124 125 126
f 126 125 127
f 126 127 128
f 128 127 129
f 128 129 130
f 130 129 131
f 130 131 132
f 132 131 133
f 132 133 134
f 134 133 135
f 134 135 136
f 136 135 137
f 136 137 138
f 138 137 139
f 138 139 140
f 140 139 141
f 140 141 142
f 142 141 143
f 142 143 144
f 144 143 145
f 144 145 146
f 146 145 147
f 146 147 148
f 148 147 149
f 148 149 150
f 150 149 151
f 150 151 152
f 152 151 153
f 152 153 154
f 154 153 155
f 154 155 156
f 156 155 157
f 156 157 158
f 158 157 159
f 158 159 160
f 160 159 161
f 160 161 162
f 162 161 163
f 162 163 164
f 164 163 165
f 164 165 166
f 166 165 167
f 166 167 168
f 168 167 169
f 168 169 170
f 170 169 171
f 170 171 172
f 172 171 173
f 172 173 174
f 174 173 175
f 174 175 176
f 176 175 177
f 176 177 178
f 178 177 179
f 178 179 180
f 180 179 181
f 180 181 182
f 182 181 183
f 182 183 184
f 184 183 185
f 184 185 186
f 186 185 187
f 186 187 188
f 188 187 189
f 188 189 190
f 190 189 191
f 190 191 192
f 192 191 193
f 192 193 194
f 194 193 195
f 194 195 196
f 196 195 197
f 196 197 198
f 198 197 199
f 198 199 200
f 200 199 201
f 200 201 202
f 202 201 203
f 202 203 204
f 204 203 205
f 204 205 206
f 206 205 207
f 206 207 208
f 208 207 209
f 208 209 210
f 210 209 211
f 210 211 212
f 212 211 213
f 212 213 214
f 214 213 215
f 214 215 216
f 216 215 217
f 216 217 218
f 218 217 219
f 218 219 220
f 220 219 221
f 220 221 222
f 222 221 223
f 222 223 224
f 224 223 225
f 224 225 226
f 226 225 227
f 226 227 228
f 228 227 229
f 228 229 230
f 230 229 231
f 230 231 232
f 232 231 233
f 232 233 234
f 234 233 235
f 234 235 236
f 236 235 237
f 236 237 238
f 238 237 239
f 238 239 240
f 240 239 241
f 240 241 242
f 242 241 243
f 242 243 244
f 244 243 245
f 244 245 246
f 246 245 247
f 246 247 248
f 248 247 249
f 248 249 250
f 250 249 251
f 250 251 252
f 252 251 253
f 252 253 254
f 254 253 255
f 254 255 256
f 256 255 257
f 256 257 258
f 258 257 259
f 258 259 260
f 260 259 261
f 260 261 262
f 262 261 263
f 262 263 264
f 264 263 265
f 264 265 266
f 266 265 267
f 266 267 268
f 268 267 269
f 268 269 270
f 270 269 271
f 270 271 272
f 272 271 273
f 272 273 274
f 274 273 275
f 274 275 276
f 276 275 2
f 276 2 1
f 277 278 279
f 277 279 280
f 281 282 278
f 281 278 277
f 283 284 282
f 283 282 281
f 285 286 284
f 285 284 283
f 287 288 286
f 287 286 285
f 289 290 288
f 289 288 287
f 291 292 290
f 291 290 289
f 293 294 292
f 293 292 291
f 295 296 294
f 295 294 293
f 297 298 296
f 297 296 295
f 299 300 298
f 299 298 297
f 301 302 300
f 301 300 299
f 303 304 302
f 303 302 301
f 305 306 304
f 305 304 303
f 307 308 306
f 307 306 305
f 309 310 308
f 309 308 307
f 311 312 310
f 311 310 309
f 313 314 312
f 313 312 311
f 315 316 314
f 315 314 313
f 317 318 316
f 317 316 315
f 319 320 318
f 319 318 317
f 321 322 320
f 321 320 319
f 323 324 322
f 323 322 321
f 325 326 324
f 325 324 323
f 327 328 326
f 327 326 325
f 329 330 328
f 329 328 327
f 331 332 330
f 331 330 329
f 333 334 332
f 333 332 331
f 335 336 334
f 335 334 333
f 337 338 336
f 337 336 335
f 339 340 338
f 339 338 337
f 341 342 340
f 341 340 339
f 343 344 342
f 343 342 341
f 345 346 344
f 345 344 343
f 347 348 346
f 347 346 345
f 349 350 348
f 349 348 347
f 351 352 350
f 351 350 349
f 353 354 352
f 353 352 351
f 355 356 354
f 355 354 353
f 357 358 356
f 357 356 355
f 359 360 358
f 359 358 357
f 361 362 360
f 361 360 359
f 363 364 362
f 363 362 361
f 365 366 364
f 365 364 363
f 367 368 366
f 367 366 365
f 369 370 368
f 369 368 367
f 371 372 370
f 371 370 369
f 373 374 372
f 373 372 371
f 375 376 374
f 375 374 373
f 377 378 376
f 377 376 375
f 379 380 378
f 379 378 377
f 381 382 380
f 381 380 379
f 383 384 382
f 383 382 381
f 385 386 384
f 385 384 383
f 387 388 386
f 387 386 385
f 389 390 388
f 389 388 387
f 391 392 390
f 391 390 389
f 393 394 392
f 393 392 391
f 395 396 394
f 395 394 393
f 397 398 396
f 397 396 395
f 399 400 398
f 399 398 397
f 401 402 400
f 401 400 399
f 403 404 402
f 403 402 401
f 405 406 404
f 405 404 403
f 407 408 406
f 407 406 405
f 409 410 408
f 409 408 407
f 411 412 410
f 411 410 409
f 413 414 412
f 413 412 411
f 415 416 414
f 415 414 413
f 417 418 416
f 417 416 415
f 419 420 418
f 419 418 417
f 421 422 420
f 421 420 419
f 423 424 422
f 423 422 421
f 425 426 424
f 425 424 423
f 427 428 426
f 427 426 425
f 429 430 428
f 429 428 427
f 431 432 430
f 431 430 429
f 433 434 432
f 433 432 431
f 435 436 434
f 435 434 433
f 437 438 436
f 437 436 435
f 439 440 438
f 439 438 437
f 441 442 440
f 441 440 439
f 443 444 442
f 443 442 441
f 445 446 444
f 445 444 443
f 447 448 446
f 447 446 445
f 449 450 448
f 449 448 447
f 451 452 450
f 451 450 449
f 453 454 452
f 453 452 451
f 455 456 454
f 455 454 453
f 457 458 456
f 457 456 455
f 459 460 458
f 459 458 457
f 461 462 460
f 461 460 459
f 463 464 462
f 463 462 461
f 465 466 464
f 465 464 463
f 467 468 466
f 467 466 465
f 469 470 468
f 469 468 467
f 471 472 470
f 471 470 469
f 473 474 472
f 473 472 471
f 475 476 474
f 475 474 473
f 477 478 476
f 477 476 475
f 479 480 478
f 479 478 477
f 481 482 480
f 481 480 479
f 483 484 482
f 483 482 481
f 485 486 484
f 485 484 483
f 487 488 486
f 487 486 485
f 489 490 488
f 489 488 487
f 491 492 490
f 491 490 489
f 493 494 492
f 493 492 491
f 495 496 494
f 495 494 493
f 497 498 496
f 497 496 495
f 499 500 498
f 499 498 497
f 501 502 500
f 501 500 499
f 503 504 502
f 503 502 501
f 505 506 504
f 505 504 503
f 507 508 506
f 507 506 505
f 509 510 508
f 509 508 507
f 511 512 510
f 511 510 509
f 513 514 512
f 513 512 511
f 515 516 514
f 515 514 513
f 517 518 516
f 517 516 515
f 519 520 518
f 519 518 517
f 521 522 520
f 521 520 519
f 523 524 522
f 523 522 521
f 525 526 524
f 525 524 523
f 527 528 526
f 527 526 525
f 529 530 528
f 529 528 527
f 531 532 530
f 531 530 529
f 533 534 532
f 533 532 531
f 535 536 534
f 535 534 533
f 537 538 536
f 537 536 535
f 539 540 538
f 539 538 537
f 541 542 540
f 541 540 539
f 543 544 542
f 543 542 541
f 545 546 544
f 545 544 543
f 547 548 546
f 547 546 545
f 549 550 548
f 549 548 547
f 551 552 550
f 551 550 549
f 280 279 552
f 280 552 551
f 553 554 1
f 553 1 4
f 555 556 554
f 555 554 553
f 557 558 556
f 557 556 555
f 559 560 558
f 559 558 557
f 561 562 560
f 561 560 559
f 563 564 562
f 563 562 561
f 565 566 564
f 565 564 563
f 567 568 566
f 567 566 565
f 569 570 568
f 569 568 567
f 571 572 570
f 571 570 569
f 573 574 572
f 573 572 571
f 575 576 574
f 575 574 573
f 577 578 576
f 577 576 575
f 579 580 578
f 579 578 577
f 581 582 580
f 581 580 579
f 583 584 582
f 583 582 581
f 585 586 584
f 585 584 583
f 587 588 586
f 587 586 585
f 589 590 588
f 589 588 587
f 591 592 590
f 591 590 589
f 593 594 592
f 593 592 591
f 595 596 594
f 595 594 593
f 597 598 596
f 597 596 595
f 599 600 598
f 599 598 597
f 601 602 600
f 601 600 599
f 603 604 602
f 603 602 601
f 605 606 604
f 605 604 603
f 607 608 606
f 607 606 605
f 609 610 608
f 609 608 607
f 611 612 610
f 611 610 609
f 613 614 612
f 613 612 611
f 615 616 614
f 615 614 613
f 617 618 616
f 617 616 615
f 619 620 618
f 619 618 617
f 621 622 620
f 621 620 619
f 623 624 622
f 623 622 621
f 625 626 624
f 625 624 623
f 627 628 626
f 627 626 625
f 629 630 628
f 629 628 627
f 631 632 630
f 631 630 629
f 633 634 632
f 633 632 631
f 635 636 634
f 635 634 633
f 637 638 636
f 637 636 635
f 639 640 638
f 639 638 637
f 641 642 640
f 641 640 639
f 277 280 642
f 277 642 641
f 276 1 554
f 276 554 643
f 643 554 556
f 643 556 644
f 644 556 558
f 644 558 645
f 645 558 560
f 645 560 646
f 646 560 562
f 646 562 647
f 647 562 564
f 647 564 648
f 648 564 566
f 648 566 649
f 649 566 568
f 649 568 650
f 650 568 570
f 650 570 651
f 651 570 572
f 651 572 652
f 652 572 574
f 652 574 653
f 653 574 576
f 653 576 654
f 654 576 578
f 654 578 655
f 655 578 580
f 655 580 656
f 656 580 582
f 656 582 657
f 657 582 584
f 657 584 658
f 658 584 586
f 658 586 659
f 659 586 588
f 659 588 660
f 660 588 590
f 660 590 661
f 661 590 592
f 661 592 662
f 662 592 594
f 662 594 663
f 663 594 596
f 663 596 664
f 664 596 598
f 664 598 665
f 665 598 600
f 665 600 666
f 666 600 602
f 666 602 667
f 667 602 604
f 667 604 668
f 668 604 606
f 668 606 669
f 669 606 608
f 669 608 670
f 670 608 610
f 670 610 671
f 671 610 612
f 671 612 672
f 672 612 614
f 672 614 673
f 673 614 616
f 673 616 674
f 674 616 618
f 674 618 675
f 675 618 620
f 675 620 676
f 676 620 622
f 676 622 677
f 677 622 624
f 677 624 678
f 678 624 626
f 678 626 679
f 679 626 628
f 679 628 680
f 680 628 630
f 680 630 681
f 681 630 632
f 681 632 682
f 682 632 634
f 682 634 683
f 683 634 636
f 683 636 684
f 684 636 638
f 684 638 685
f 685 638 640
f 685 640 686
f 686 640 642
f 686 642 687
f 687 642 280
f 687 280 551
f 688 8 10
f 688 10 689
f 689 10 12
f 689 12 690
f 690 12 14
f 690 14 691
f 691 14 16
f 691 16 692
f 692 16 18
f 692 18 693
f 693 18 20
f 693 20 694
f 694 20 22
f 694 22 695
f 695 22 24
f 695 24 696
f 696 24 26
f 696 26 697
f 697 26 28
f 697 28 698
f 698 28 30
f 698 30 699
f 699 30 32
f 699 32 700
f 700 32 34
f 700 34 701
f 701 34 36
f 701 36 702
f 702 36 38
f 702 38 703
f 703 38 40
f 703 40 704
f 704 40 42
f 704 42 705
f 705 42 44
f 705 44 706
f 706 44 46
f 706 46 707
f 707 46 48
f 707 48 708
f 708 48 50
f 708 50 709
f 709 50 52
f 709 52 710
f 710 52 54
f 710 54 711
f 711 54 56
f 711 56 712
f 712 56 58
f 712 58 713
f 713 58 60
f 713 60 714
f 714 60 62
f 714 62 715
f 715 62 64
f 715 64 716
f 716 64 66
f 716 66 717
f 717 66 68
f 717 68 718
f 718 68 70
f 718 70 719
f 719 70 72
f 719 72 720
f 720 72 74
f 720 74 721
f 721 74 76
f 721 76 722
f 722 76 78
f 722 78 723
f 723 78 80
f 723 80 724
f 724 80 82
f 724 82 725
f 725 82 84
f 725 84 726
f 726 84 86
f 726 86 727
f 727 86 88
f 727 88 728
f 728 88 90
f 728 90 729
f 729 90 92
f 729 92 730
f 730 92 94
f 730 94 731
f 731 94 96
f 731 96 732
f 732 96 98
f 732 98 733
f 733 98 100
f 733 100 734
f 734 100 102
f 734 102 735
f 735 102 104
f 735 104 736
f 736 104 106
f 736 106 737
f 737 106 108
f 737 108 738
f 738 108 110
f 738 110 739
f 739 110 112
f 739 112 740
f 740 112 114
f 740 114 741
f 741 114 116
f 741 116 742
f 742 116 118
f 742 118 743
f 743 118 120
f 743 120 744
f 744 120 122
f 744 122 745
f 745 122 124
f 745 124 746
f 746 124 126
f 746 126 747
f 747 126 128
f 747 128 748
f 748 128 130
f 748 130 749
f 749 130 132
f 749 132 750
f 750 132 134
f 750 134 751
f 751 134 136
f 751 136 752
f 752 136 138
f 752 138 753
f 753 138 140
f 753 140 754
f 754 140 142
f 754 142 755
f 755 142 144
f 755 144 756
f 756 144 146
f 756 146 757
f 757 146 148
f 757 148 758
f 758 148 150
f 758 150 759
f 759 150 152
f 759 152 760
f 760 152 154
f 760 154 761
f 761 154 156
f 761 156 762
f 762 156 158
f 762 158 763
f 763 158 160
f 763 160 764
f 764 160 162
f 764 162 765
f 765 162 164
f 765 164 766
f 766 164 166
f 766 166 767
f 767 166 168
f 767 168 768
f 768 168 170
f 768 170 769
f 769 170 172
f 769 172 770
f 770 172 174
f 770 174 771
f 771 174 176
f 771 176 772
f 772 176 178
f 772 178 773
f 773 178 180
f 773 180 774
f 774 180 182
f 774 182 775
f 775 182 184
f 775 184 776
f 776 184 186
f 776 186 777
f 777 186 188
f 777 188 778
f 778 188 190
f 778 190 779
f 779 190 192
f 779 192 780
f 780 192 194
f 780 194 781
f 781 194 196
f 781 196 782
f 782 196 198
f 782 198 783
f 783 198 200
f 783 200 784
f 784 200 202
f 784 202 785
f 785 202 204
f 785 204 786
f 786 204 206
f 786 206 787
f 787 206 208
f 787 208 788
f 788 208 210
f 788 210 789
f 789 210 212
f 789 212 790
f 790 212 214
f 790 214 791
f 791 214 216
f 791 216 792
f 792 216 218
f 792 218 793
f 793 218 220
f 793 220 794
f 794 220 222
f 794 222 795
f 795 222 224
f 795 224 796
f 796 224 226
f 796 226 797
f 797 226 228
f 797 228 798
f 798 228 230
f 798 230 799
f 799 230 232
f 799 232 800
f 800 232 234
f 800 234 801
f 801 234 236
f 801 236 802
f 802 236 238
f 802 238 803
f 803 238 240
f 803 240 804
f 804 240 242
f 804 242 805
f 805 242 244
f 805 244 806
f 806 244 246
f 806 246 807
f 807 246 248
f 807 248 808
f 808 248 250
f 808 250 809
f 809 250 252
f 809 252 810
f 810 252 254
f 810 254 811
f 811 254 256
f 811 256 812
f 812 256 258
f 812 258 813
f 813 258 260
f 813 260 814
f 814 260 262
f 814 262 815
f 815 262 264
f 815 264 816
f 816 264 266
f 816 266 817
f 817 266 268
f 817 268 818
f 818 268 270
f 818 270 819
f 819 270 272
f 819 272 820
f 820 272 274
f 820 274 821
f 821 274 276
f 821 276 643
f 821 643 644
f 821 644 822
f 823 553 4
f 823 4 6
f 824 281 277
f 824 277 641
f 825 283 281
f 825 281 824
f 826 285 283
f 826 283 825
f 827 287 285
f 827 285 826
f 828 289 287
f 828 287 827
f 829 291 289
f 829 289 828
f 830 293 291
f 830 291 829
f 831 295 293
f 831 293 830
f 832 297 295
f 832 295 831
f 833 299 297
f 833 297 832
f 834 301 299
f 834 299 833
f 835 303 301
f 835 301 834
f 836 305 303
f 836 303 835
f 837 307 305
f 837 305 836
f 838 309 307
f 838 307 837
f 839 311 309
f 839 309 838
f 840 313 311
f 840 311 839
f 841 315 313
f 841 313 840
f 842 317 315
f 842 315 841
f 843 319 317
f 843 317 842
f 844 321 319
f 844 319 843
f 845 323 321
f 845 321 844
f 846 325 323
f 846 323 845
f 847 327 325
f 847 325 846
f 848 329 327
f 848 327 847
f 849 331 329
f 849 329 848
f 850 333 331
f 850 331 849
f 851 335 333
f 851 333 850
f 852 337 335
f 852 335 851
f 853 339 337
f 853 337 852
f 854 341 339
f 854 339 853
f 855 343 341
f 855 341 854
f 856 345 343
f 856 343 855
f 857 347 345
f 857 345 856
f 858 349 347
f 858 347 857
f 859 351 349
f 859 349 858
f 860 353 351
f 860 351 859
f 861 355 353
f 861 353 860
f 862 357 355
f 862 355 861
f 863 359 357
f 863 357 862
f 864 361 359
f 864 359 863
f 865 363 361
f 865 361 864
f 866 365 363
f 866 363 865
f 867 367 365
f 867 365 866
f 868 369 367
f 868 367 867
f 869 371 369
f 869 369 868
f 870 373 371
f 870 371 869
f 871 375 373
f 871 373 870
f 872 377 375
f 872 375 871
f 873 379 377
f 873 377 872
f 874 381 379
f 874 379 873
f 875 383 381
f 875 381 874
f 876 385 383
f 876 383 875
f 877 387 385
f 877 385 876
f 878 389 387
f 878 387 877
f 879 391 389
f 879 389 878
f 880 393 391
f 880 391 879
f 881 395 393
f 881 393 880
f 882 397 395
f 882 395 881
f 883 399 397
f 883 397 882
f 884 401 399
f 884 399 883
f 885 403 401
f 885 401 884
f 886 405 403
f 886 403 885
f 887 407 405
f 887 405 886
f 888 409 407
f 888 407 887
f 889 411 409
f 889 409 888
f 890 413 411
f 890 411 889
f 891 415 413
f 891 413 890
f 892 417 415
f 892 415 891
f 893 419 417
f 893 417 892
f 894 421 419
f 894 419 893
f 895 423 421
f 895 421 894
f 896 425 423
f 896 423 895
f 897 427 425
f 897 425 896
f 898 429 427
f 898 427 897
f 899 431 429
f 899 429 898
f 900 433 431
f 900 431 899
f 901 435 433
f 901 433 900
f 902 437 435
f 902 435 901
f 903 439 437
f 903 437 902
f 904 441 439
f 904 439 903
f 905 443 441
f 905 441 904
f 906 445 443
f 906 443 905
f 907 447 445
f 907 445 906
f 908 449 447
f 908 447 907
f 909 451 449
f 909 449 908
f 910 453 451
f 910 451 909
f 911 455 453
f 911 453 910
f 912 457 455
f 912 455 911
f 913 459 457
f 913 457 912
f 914 461 459
f 914 459 913
f 915 463 461
f 915 461 914
f 916 465 463
f 916 463 915
f 917 467 465
f 917 465 916
f 918 469 467
f 918 467 917
f 919 471 469
f 919 469 918
f 920 473 471
f 920 471 919
f 921 475 473
f 921 473 920
f 922 477 475
f 922 475 921
f 923 479 477
f 923 477 922
f 924 481 479
f 924 479 923
f 925 483 481
f 925 481 924
f 926 485 483
f 926 483 925
f 927 487 485
f 927 485 926
f 928 489 487
f 928 487 927
f 929 491 489
f 929 489 928
f 930 493 491
f 930 491 929
f 931 495 493
f 931 493 930
f 932 497 495
f 932 495 931
f 933 499 497
f 933 497 932
f 934 501 499
f 934 499 933
f 935 503 501
f 935 501 934
f 936 505 503
f 936 503 935
f 937 507 505
f 937 505 936
f 938 509 507
f 938 507 937
f 939 511 509
f 939 509 938
f 940 513 511
f 940 511 939
f 941 515 513
f 941 513 940
f 942 517 515
f 942 515 941
f 943 519 517
f 943 517 942
f 944 521 519
f 944 519 943
f 945 523 521
f 945 521 944
f 946 525 523
f 946 523 945
f 947 527 525
f 947 525 946
f 948 529 527
f 948 527 947
f 949 531 529
f 949 529 948
f 950 533 531
f 950 531 949
f 951 535 533
f 951 533 950
f 952 537 535
f 952 535 951
f 953 539 537
f 953 537 952
f 954 541 539
f 954 539 953
f 955 543 541
f 955 541 954
f 956 545 543
f 956 543 955
f 957 547 545
f 957 545 956
f 958 549 547
f 958 547 957
f 687 551 549
f 687 549 958
f 959 555 553
f 959 553 823
f 960 557 555
f 960 555 959
f 961 559 557
f 961 557 960
f 962 561 559
f 962 559 961
f 963 563 561
f 963 561 962
f 964 565 563
f 964 563 963
f 965 567 565
f 965 565 964
f 966 569 567
f 966 567 965
f 967 571 569
f 967 569 966
f 968 573 571
f 968 571 967
f 969 575 573
f 969 573 968
f 970 577 575
f 970 575 969
f 971 579 577
f 971 577 970
f 972 581 579
f 972 579 971
f 973 583 581
f 973 581 972
f 974 585 583
f 974 583 973
f 975 587 585
f 975 585 974
f 976 589 587
f 976 587 975
f 977 591 589
f 977 589 976
f 978 593 591
f 978 591 977
f 979 595 593
f 979 593 978
f 980 597 595
f 980 595 979
f 981 599 597
f 981 597 980
f 982 601 599
f 982 599 981
f 983 603 601
f 983 601 982
f 984 605 603
f 984 603 983
f 985 607 605
f 985 605 984
f 986 609 607
f 986 607 985
f 987 611 609
f 987 609 986
f 988 613 611
f 988 611 987
f 989 615 613
f 989 613 988
f 990 617 615
f 990 615 989
f 991 619 617
f 991 617 990
f 992 621 619
f 992 619 991
f 993 623 621
f 993 621 992
f 994 625 623
f 994 623 993
f 995 627 625
f 995 625 994
f 996 629 627
f 996 627 995
f 997 631 629
f 997 629 996
f 998 633 631
f 998 631 997
f 999 635 633
f 999 633 998
f 1000 637 635
f 1000 635 999
f 1001 639 637
f 1001 637 1000
f 824 641 639
f 824 639 1001
f 1002 645 646
f 1002 646 1003
f 1003 646 647
f 1003 647 1004
f 1004 647 648
f 1004 648 1005
f 1005 648 649
f 1005 649 1006
f 1006 649 650
f 1006 650 1007
f 1007 650 651
f 1007 651 1008
f 1008 651 652
f 1008 652 1009
f 1009 652 653
f 1009 653 1010
f 1010 653 654
f 1010 654 1011
f 1011 654 655
f 1011 655 1012
f 1012 655 656
f 1012 656 1013
f 1013 656 657
f 1013 657 1014
f 1014 657 658
f 1014 658 1015
f 1015 658 659
f 1015 659 1016
f 1016 659 660
f 1016 660 1017
f 1017 660 661
f 1017 661 1018
f 1018 661 662
f 1018 662 1019
f 1019 662 663
f 1019 663 1020
f 1020 663 664
f 1020 664 1021
f 1021 664 665
f 1021 665 1022
f 1022 665 666
f 1022 666 1023
f 1023 666 667
f 1023 667 1024
f 1024 667 668
f 1024 668 1025
f 1025 668 669
f 1025 669 1026
f 1026 669 670
f 1026 670 1027
f 1027 670 671
f 1027 671 1028
f 1028 671 672
f 1028 672 1029
f 1029 672 673
f 1029 673 1030
f 1030 673 674
f 1030 674 1031
f 1031 674 675
f 1031 675 1032
f 1032 675 676
f 1032 676 1033
f 1033 676 677
f 1033 677 1034
f 1034 677 678
f 1034 678 1035
f 1035 678 679
f 1035 679 1036
f 1036 679 680
f 1036 680 1037
f 1037 680 681
f 1037 681 1038
f 1038 681 682
f 1038 682 1039
f 1039 682 683
f 1039 683 1040
f 1040 683 684
f 1040 684 1041
f 1041 684 685
f 1041 685 1042
f 1042 685 686
f 1042 686 1043
f 1043 686 687
f 1043 687 958
f 822 644 645
f 822 645 1002
f 823 6 8
f 823 8 688
f 1044 689 690
f 1044 690 1045
f 1046 692 693
f 1046 693 1047
f 1047 693 694
f 1047 694 1048
f 1048 694 695
f 1048 695 1049
f 1049 695 696
f 1049 696 1050
f 1050 696 697
f 1050 697 1051
f 1051 697 698
f 1051 698 1052
f 1052 698 699
f 1052 699 1053
f 1053 699 700
f 1053 700 1054
f 1054 700 701
f 1054 701 1055
f 1055 701 702
f 1055 702 1056
f 1056 702 703
f 1056 703 1057
f 1057 703 704
f 1057 704 1058
f 1058 704 705
f 1058 705 1059
f 1059 705 706
f 1059 706 1060
f 1060 706 707
f 1060 707 1061
f 1061 707 708
f 1061 708 1062
f 1062 708 709
f 1062 709 1063
f 1063 709 710
f 1063 710 1064
f 1064 710 711
f 1064 711 1065
f 1065 711 712
f 1065 712 1066
f 1066 712 713
f 1066 713 1067
f 1067 713 714
f 1067 714 1068
f 1068 714 715
f 1068 715 1069
f 1069 715 716
f 1069 716 1070
f 1070 716 717
f 1070 717 1071
f 1071 717 718
f 1071 718 1072
f 1072 718 719
f 1072 719 1073
f 1073 719 720
f 1073 720 1074
f 1074 720 721
f 1074 721 1075
f 1075 721 722
f 1075 722 1076
f 1076 722 723
f 1076 723 1077
f 1077 723 724
f 1077 724 1078
f 1078 724 725
f 1078 725 1079
f 1079 725 726
f 1079 726 1080
f 1080 726 727
f 1080 727 1081
f 1081 727 728
f 1081 728 1082
f 1082 728 729
f 1082 729 1083
f 1083 729 730
f 1083 730 1084
f 1084 730 731
f 1084 731 1085
f 1085 731 732
f 1085 732 1086
f 1086 732 733
f 1086 733 1087
f 1087 733 734
f 1087 734 1088
f 1088 734 735
f 1088 735 1089
f 1089 735 736
f 1089 736 1090
f 1090 736 737
f 1090 737 1091
f 1091 737 738
f 1091 738 1092
f 1092 738 739
f 1092 739 1093
f 1093 739 740
f 1093 740 1094
f 1094 740 741
f 1094 741 1095
f 1095 741 742
f 1095 742 1096
f 1096 742 743
f 1096 743 1097
f 1097 743 744
f 1097 744 1098
f 1098 744 745
f 1098 745 1099
f 1099 745 746
f 1099 746 1100
f 1100 746 747
f 1100 747 1101
f 1101 747 748
f 1101 748 1102
f 1102 748 749
f 1102 749 1103
f 1103 749 750
f 1103 750 1104
f 1104 750 751
f 1104 751 1105
f 1105 751 752
f 1105 752 1106
f 1106 752 753
f 1106 753 1107
f 1107 753 754
f 1107 754 1108
f 1108 754 755
f 1108 755 1109
f 1109 755 756
f 1109 756 1110
f 1110 756 757
f 1110 757 1111
f 1111 757 758
f 1111 758 1112
f 1112 758 759
f 1112 759 1113
f 1113 759 760
f 1113 760 1114
f 1114 760 761
f 1114 761 1115
f 1115 761 762
f 1115 762 1116
f 1116 762 763
f 1116 763 1117
f 1117 763 764
f 1117 764 1118
f 1118 764 765
f 1118 765 1119
f 1119 765 766
f 1119 766 1120
f 1120 766 767
f 1120 767 1121
f 1121 767 768
f 1121 768 1122
f 1122 768 769
f 1122 769 1123
f 1123 769 770
f 1123 770 1124
f 1124 770 771
f 1124 771 1125
f 1125 771 772
f 1125 772 1126
f 1126 772 773
f 1126 773 1127
f 1127 773 774
f 1127 774 1128
f 1128 774 775
f 1128 775 1129
f 1129 775 776
f 1129 776 1130
f 1130 776 777
f 1130 777 1131
f 1131 777 778
f 1131 778 1132
f 1132 778 779
f 1132 779 1133
f 1133 779 780
f 1133 780 1134
f 1134 780 781
f 1134 781 1135
f 1135 781 782
f 1135 782 1136
f 1136 782 783
f 1136 783 1137
f 1137 783 784
f 1137 784 1138
f 1138 784 785
f 1138 785 1139
f 1139 785 786
f 1139 786 1140
f 1140 786 787
f 1140 787 1141
f 1141 787 788
f 1141 788 1142
f 1142 788 789
f 1142 789 1143
f 1143 789 790
f 1143 790 1144
f 1144 790 791
f 1144 791 1145
f 1145 791 792
f 1145 792 1146
f 1146 792 793
f 1146 793 1147
f 1147 793 794
f 1147 794 1148
f 1148 794 795
f 1148 795 1149
f 1149 795 796
f 1149 796 1150
f 1150 796 797
f 1150 797 1151
f 1151 797 798
f 1151 798 1152
f 1152 798 799
f 1152 799 1153
f 1153 799 800
f 1153 800 1154
f 1154 800 801
f 1154 801 1155
f 1155 801 802
f 1155 802 1156
f 1156 802 803
f 1156 803 1157
f 1157 803 804
f 1157 804 1158
f 1158 804 805
f 1158 805 1159
f 1159 805 806
f 1159 806 1160
f 1160 806 807
f 1160 807 1161
f 1161 807 808
f 1161 808 1162
f 1162 808 809
f 1162 809 1163
f 1163 809 810
f 1163 810 1164
f 1164 810 811
f 1164 811 1165
f 1165 811 812
f 1165 812 1166
f 1166 812 813
f 1166 813 1167
f 1167 813 814
f 1167 814 1168
f 1168 814 815
f 1168 815 1169
f 1169 815 816
f 1169 816 1170
f 1170 816 817
f 1170 817 1171
f 1171 817 818
f 1171 818 1172
f 1172 818 819
f 1172 819 1173
f 1173 819 820
f 1173 820 1174
f 1174 820 821
f 1174 821 822
f 825 824 1001
f 825 1001 1175
f 1176 1004 1005
f 1176 1005 1177
f 1178 826 825
f 1178 825 1175
f 1179 827 826
f 1179 826 1178
f 1180 828 827
f 1180 827 1179
f 1181 829 828
f 1181 828 1180
f 1182 830 829
f 1182 829 1181
f 1183 831 830
f 1183 830 1182
f 1184 832 831
f 1184 831 1183
f 1185 833 832
f 1185 832 1184
f 1186 834 833
f 1186 833 1185
f 1187 835 834
f 1187 834 1186
f 1188 836 835
f 1188 835 1187
f 1189 837 836
f 1189 836 1188
f 1190 838 837
f 1190 837 1189
f 1191 839 838
f 1191 838 1190
f 1192 840 839
f 1192 839 1191
f 1193 841 840
f 1193 840 1192
f 1194 842 841
f 1194 841 1193
f 1195 843 842
f 1195 842 1194
f 1196 844 843
f 1196 843 1195
f 1197 845 844
f 1197 844 1196
f 1198 846 845
f 1198 845 1197
f 1199 847 846
f 1199 846 1198
f 1200 848 847
f 1200 847 1199
f 1201 849 848
f 1201 848 1200
f 1202 850 849
f 1202 849 1201
f 1203 851 850
f 1203 850 1202
f 1204 852 851
f 1204 851 1203
f 1205 853 852
f 1205 852 1204
f 1206 854 853
f 1206 853 1205
f 1207 855 854
f 1207 854 1206
f 1208 856 855
f 1208 855 1207
f 1209 857 856
f 1209 856 1208
f 1210 858 857
f 1210 857 1209
f 1211 859 858
f 1211 858 1210
f 1212 860 859
f 1212 859 1211
f 1213 861 860
f 1213 860 1212
f 1214 862 861
f 1214 861 1213
f 1215 863 862
f 1215 862 1214
f 1216 864 863
f 1216 863 1215
f 1217 865 864
f 1217 864 1216
f 1218 866 865
f 1218 865 1217
f 1219 867 866
f 1219 866 1218
f 1220 868 867
f 1220 867 1219
f 1221 869 868
f 1221 868 1220
f 1222 870 869
f 1222 869 1221
f 1223 871 870
f 1223 870 1222
f 1224 872 871
f 1224 871 1223
f 1225 873 872
f 1225 872 1224
f 1226 874 873
f 1226 873 1225
f 1227 875 874
f 1227 874 1226
f 1228 876 875
f 1228 875 1227
f 1229 877 876
f 1229 876 1228
f 1230 878 877
f 1230 877 1229
f 1231 879 878
f 1231 878 1230
f 1232 880 879
f 1232 879 1231
f 1233 881 880
f 1233 880 1232
f 1234 882 881
f 1234 881 1233
f 1235 883 882
f 1235 882 1234
f 1236 884 883
f 1236 883 1235
f 1237 885 884
f 1237 884 1236
f 1238 886 885
f 1238 885 1237
f 1239 887 886
f 1239 886 1238
f 1240 888 887
f 1240 887 1239
f 1241 889 888
f 1241 888 1240
f 1242 890 889
f 1242 889 1241
f 1243 891 890
f 1243 890 1242
f 1244 892 891
f 1244 891 1243
f 1245 893 892
f 1245 892 1244
f 1246 894 893
f 1246 893 1245
f 1247 895 894
f 1247 894 1246
f 1248 896 895
f 1248 895 1247
f 1249 897 896
f 1249 896 1248
f 1250 898 897
f 1250 897 1249
f 1251 899 898
f 1251 898 1250
f 1252 900 899
f 1252 899 1251
f 1253 901 900
f 1253 900 1252
f 1254 902 901
f 1254 901 1253
f 1255 903 902
f 1255 902 1254
f 1256 904 903
f 1256 903 1255
f 1257 905 904
f 1257 904 1256
f 1258 906 905
f 1258 905 1257
f 1259 907 906
f 1259 906 1258
f 1260 908 907
f 1260 907 1259
f 1261 909 908
f 1261 908 1260
f 1262 910 909
f 1262 909 1261
f 1263 911 910
f 1263 910 1262
f 1264 912 911
f 1264 911 1263
f 1265 913 912
f 1265 912 1264
f 1266 914 913
f 1266 913 1265
f 1267 915 914
f 1267 914 1266
f 1268 916 915
f 1268 915 1267
f 1269 917 916
f 1269 916 1268
f 1270 918 917
f 1270 917 1269
f 1271 919 918
f 1271 918 1270
f 1272 920 919
f 1272 919 1271
f 1273 921 920
f 1273 920 1272
f 1274 922 921
f 1274 921 1273
f 1275 923 922
f 1275 922 1274
f 1276 924 923
f 1276 923 1275
f 1277 925 924
f 1277 924 1276
f 1278 926 925
f 1278 925 1277
f 1279 927 926
f 1279 926 1278
f 1280 928 927
f 1280 927 1279
f 1281 929 928
f 1281 928 1280
f 1282 930 929
f 1282 929 1281
f 1283 931 930
f 1283 930 1282
f 1284 932 931
f 1284 931 1283
f 1285 933 932
f 1285 932 1284
f 1286 934 933
f 1286 933 1285
f 1287 935 934
f 1287 934 1286
f 1288 936 935
f 1288 935 1287
f 1289 937 936
f 1289 936 1288
f 1290 938 937
f 1290 937 1289
f 1291 939 938
f 1291 938 1290
f 1292 940 939
f 1292 939 1291
f 1293 941 940
f 1293 940 1292
f 1294 942 941
f 1294 941 1293
f 1295 943 942
f 1295 942 1294
f 1296 944 943
f 1296 943 1295
f 1297 945 944
f 1297 944 1296
f 1298 946 945
f 1298 945 1297
f 1299 947 946
f 1299 946 1298
f 1300 948 947
f 1300 947 1299
f 1301 949 948
f 1301 948 1300
f 1302 950 949
f 1302 949 1301
f 1303 951 950
f 1303 950 1302
f 1304 952 951
f 1304 951 1303
f 1305 953 952
f 1305 952 1304
f 1306 954 953
f 1306 953 1305
f 1307 955 954
f 1307 954 1306
f 1308 956 955
f 1308 955 1307
f 1309 957 956
f 1309 956 1308
f 1043 958 957
f 1043 957 1309
f 1310 959 823
f 1310 823 688
f 1311 960 959
f 1311 959 1310
f 1312 961 960
f 1312 960 1311
f 1313 962 961
f 1313 961 1312
f 1314 963 962
f 1314 962 1313
f 1315 964 963
f 1315 963 1314
f 1316 965 964
f 1316 964 1315
f 1317 966 965
f 1317 965 1316
f 1318 967 966
f 1318 966 1317
f 1319 968 967
f 1319 967 1318
f 1320 969 968
f 1320 968 1319
f 1321 970 969
f 1321 969 1320
f 1322 971 970
f 1322 970 1321
f 1323 972 971
f 1323 971 1322
f 1324 973 972
f 1324 972 1323
f 1325 974 973
f 1325 973 1324
f 1326 975 974
f 1326 974 1325
f 1327 976 975
f 1327 975 1326
f 1328 977 976
f 1328 976 1327
f 1329 978 977
f 1329 977 1328
f 1330 979 978
f 1330 978 1329
f 1331 980 979
f 1331 979 1330
f 1332 981 980
f 1332 980 1331
f 1333 982 981
f 1333 981 1332
f 1334 983 982
f 1334 982 1333
f 1335 984 983
f 1335 983 1334
f 1336 985 984
f 1336 984 1335
f 1337 986 985
f 1337 985 1336
f 1338 987 986
f 1338 986 1337
f 1339 988 987
f 1339 987 1338
f 1340 989 988
f 1340 988 1339
f 1341 990 989
f 1341 989 1340
f 1342 991 990
f 1342 990 1341
f 1343 992 991
f 1343 991 1342
f 1344 993 992
f 1344 992 1343
f 1345 994 993
f 1345 993 1344
f 1346 995 994
f 1346 994 1345
f 1347 996 995
f 1347 995 1346
f 1348 997 996
f 1348 996 1347
f 1349 998 997
f 1349 997 1348
f 1350 999 998
f 1350 998 1349
f 1351 1000 999
f 1351 999 1350
f 1175 1001 1000
f 1175 1000 1351
f 1177 1005 1006
f 1177 1006 1352
f 1310 688 689
f 1310 689 1044
f 1353 1003 1004
f 1353 1004 1176
f 1352 1006 1007
f 1352 1007 1354
f 1354 1007 1008
f 1354 1008 1355
f 1355 1008 1009
f 1355 1009 1356
f 1356 1009 1010
f 1356 1010 1357
f 1357 1010 1011
f 1357 1011 1358
f 1358 1011 1012
f 1358 1012 1359
f 1359 1012 1013
f 1359 1013 1360
f 1360 1013 1014
f 1360 1014 1361
f 1361 1014 1015
f 1361 1015 1362
f 1362 1015 1016
f 1362 1016 1363
f 1363 1016 1017
f 1363 1017 1364
f 1364 1017 1018
f 1364 1018 1365
f 1365 1018 1019
f 1365 1019 1366
f 1366 1019 1020
f 1366 1020 1367
f 1367 1020 1021
f 1367 1021 1368
f 1368 1021 1022
f 1368 1022 1369
f 1369 1022 1023
f 1369 1023 1370
f 1370 1023 1024
f 1370 1024 1371
f 1371 1024 1025
f 1371 1025 1372
f 1372 1025 1026
f 1372 1026 1373
f 1373 1026 1027
f 1373 1027 1374
f 1374 1027 1028
f 1374 1028 1375
f 1375 1028 1029
f 1375 1029 1376
f 1376 1029 1030
f 1376 1030 1377
f 1377 1030 1031
f 1377 1031 1378
f 1378 1031 1032
f 1378 1032 1379
f 1379 1032 1033
f 1379 1033 1380
f 1380 1033 1034
f 1380 1034 1381
f 1381 1034 1035
f 1381 1035 1382
f 1382 1035 1036
f 1382 1036 1383
f 1383 1036 1037
f 1383 1037 1384
f 1384 1037 1038
f 1384 1038 1385
f 1385 1038 1039
f 1385 1039 1386
f 1386 1039 1040
f 1386 1040 1387
f 1387 1040 1041
f 1387 1041 1388
f 1388 1041 1042
f 1388 1042 1389
f 1389 1042 1043
f 1389 1043 1309
f 1174 822 1002
f 1174 1002 1390
f 1390 1002 1003
f 1390 1003 1353
f 1045 690 691
f 1045 691 1391
f 1391 691 692
f 1391 692 1046
f 1392 1048 1049
f 1392 1049 1393
f 1394 1047 1048
f 1394 1048 1392
f 1395 1050 1051
f 1395 1051 1396
f 1396 1051 1052
f 1396 1052 1397
f 1397 1052 1053
f 1397 1053 1398
f 1398 1053 1054
f 1398 1054 1399
f 1399 1054 1055
f 1399 1055 1400
f 1400 1055 1056
f 1400 1056 1401
f 1401 1056 1057
f 1401 1057 1402
f 1402 1057 1058
f 1402 1058 1403
f 1403 1058 1059
f 1403 1059 1404
f 1404 1059 1060
f 1404 1060 1405
f 1405 1060 1061
f 1405 1061 1406
f 1406 1061 1062
f 1406 1062 1407
f 1407 1062 1063
f 1407 1063 1408
f 1408 1063 1064
f 1408 1064 1409
f 1409 1064 1065
f 1409 1065 1410
f 1410 1065 1066
f 1410 1066 1411
f 1411 1066 1067
f 1411 1067 1412
f 1412 1067 1068
f 1412 1068 1413
f 1413 1068 1069
f 1413 1069 1414
f 1414 1069 1070
f 1414 1070 1415
f 1415 1070 1071
f 1415 1071 1416
f 1416 1071 1072
f 1416 1072 1417
f 1417 1072 1073
f 1417 1073 1418
f 1418 1073 1074
f 1418 1074 1419
f 1419 1074 1075
f 1419 1075 1420
f 1420 1075 1076
f 1420 1076 1421
f 1421 1076 1077
f 1421 1077 1422
f 1422 1077 1078
f 1422 1078 1423
f 1423 1078 1079
f 1423 1079 1424
f 1424 1079 1080
f 1424 1080 1425
f 1425 1080 1081
f 1425 1081 1426
f 1426 1081 1082
f 1426 1082 1427
f 1427 1082 1083
f 1427 1083 1428
f 1428 1083 1084
f 1428 1084 1429
f 1429 1084 1085
f 1429 1085 1430
f 1430 1085 1086
f 1430 1086 1431
f 1431 1086 1087
f 1431 1087 1432
f 1432 1087 1088
f 1432 1088 1433
f 1433 1088 1089
f 1433 1089 1434
f 1434 1089 1090
f 1434 1090 1435
f 1435 1090 1091
f 1435 1091 1436
f 1436 1091 1092
f 1436 1092 1437
f 1437 1092 1093
f 1437 1093 1438
f 1438 1093 1094
f 1438 1094 1439
f 1439 1094 1095
f 1439 1095 1440
f 1440 1095 1096
f 1440 1096 1441
f 1441 1096 1097
f 1441 1097 1442
f 1442 1097 1098
f 1442 1098 1443
f 1443 1098 1099
f 1443 1099 1444
f 1444 1099 1100
f 1444 1100 1445
f 1445 1100 1101
f 1445 1101 1446
f 1446 1101 1102
f 1446 1102 1447
f 1447 1102 1103
f 1447 1103 1448
f 1448 1103 1104
f 1448 1104 1449
f 1449 1104 1105
f 1449 1105 1450
f 1450 1105 1106
f 1450 1106 1451
f 1451 1106 1107
f 1451 1107 1452
f 1452 1107 1108
f 1452 1108 1453
f 1453 1108 1109
f 1453 1109 1454
f 1454 1109 1110
f 1454 1110 1455
f 1455 1110 1111
f 1455 1111 1456
f 1456 1111 1112
f 1456 1112 1457
f 1457 1112 1113
f 1457 1113 1458
f 1458 1113 1114
f 1458 1114 1459
f 1459 1114 1115
f 1459 1115 1460
f 1460 1115 1116
f 1460 1116 1461
f 1461 1116 1117
f 1461 1117 1462
f 1462 1117 1118
f 1462 1118 1463
f 1463 1118 1119
f 1463 1119 1464
f 1464 1119 1120
f 1464 1120 1465
f 1465 1120 1121
f 1465 1121 1466
f 1466 1121 1122
f 1466 1122 1467
f 1467 1122 1123
f 1467 1123 1468
f 1468 1123 1124
f 1468 1124 1469
f 1469 1124 1125
f 1469 1125 1470
f 1470 1125 1126
f 1470 1126 1471
f 1471 1126 1127
f 1471 1127 1472
f 1472 1127 1128
f 1472 1128 1473
f 1473 1128 1129
f 1473 1129 1474
f 1474 1129 1130
f 1474 1130 1475
f 1475 1130 1131
f 1475 1131 1476
f 1476 1131 1132
f 1476 1132 1477
f 1477 1132 1133
f 1477 1133 1478
f 1478 1133 1134
f 1478 1134 1479
f 1479 1134 1135
f 1479 1135 1480
f 1480 1135 1136
f 1480 1136 1481
f 1481 1136 1137
f 1481 1137 1482
f 1482 1137 1138
f 1482 1138 1483
f 1483 1138 1139
f 1483 1139 1484
f 1484 1139 1140
f 1484 1140 1485
f 1485 1140 1141
f 1485 1141 1486
f 1486 1141 1142
f 1486 1142 1487
f 1487 1142 1143
f 1487 1143 1488
f 1488 1143 1144
f 1488 1144 1489
f 1489 1144 1145
f 1489 1145 1490
f 1490 1145 1146
f 1490 1146 1491
f 1491 1146 1147
f 1491 1147 1492
f 1492 1147 1148
f 1492 1148 1493
f 1493 1148 1149
f 1493 1149 1494
f 1494 1149 1150
f 1494 1150 1495
f 1495 1150 1151
f 1495 1151 1496
f 1496 1151 1152
f 1496 1152 1497
f 1497 1152 1153
f 1497 1153 1498
f 1498 1153 1154
f 1498 1154 1499
f 1499 1154 1155
f 1499 1155 1500
f 1500 1155 1156
f 1500 1156 1501
f 1501 1156 1157
f 1501 1157 1502
f 1502 1157 1158
f 1502 1158 1503
f 1503 1158 1159
f 1503 1159 1504
f 1504 1159 1160
f 1504 1160 1505
f 1505 1160 1161
f 1505 1161 1506
f 1506 1161 1162
f 1506 1162 1507
f 1507 1162 1163
f 1507 1163 1508
f 1508 1163 1164
f 1508 1164 1509
f 1509 1164 1165
f 1509 1165 1510
f 1510 1165 1166
f 1510 1166 1511
f 1511 1166 1167
f 1511 1167 1512
f 1512 1167 1168
f 1512 1168 1513
f 1513 1168 1169
f 1513 1169 1514
f 1514 1169 1170
f 1514 1170 1515
f 1515 1170 1171
f 1515 1171 1516
f 1516 1171 1172
f 1516 1172 1517
f 1517 1172 1173
f 1517 1173 1518
f 1518 1173 1174
f 1518 1174 1390
f 1518 1390 1353
f 1518 1353 1519
f 1520 1178 1175
f 1520 1175 1351
f 1521 1352 1354
f 1521 1354 1522
f 1523 1176 1177
f 1523 1177 1524
f 1524 1177 1352
f 1524 1352 1521
f 1525 1391 1046
f 1525 1046 1526
f 1527 1045 1391
f 1527 1391 1525
f 1311 1310 1044
f 1311 1044 1528
f 1529 1179 1178
f 1529 1178 1520
f 1530 1180 1179
f 1530 1179 1529
f 1531 1181 1180
f 1531 1180 1530
f 1532 1182 1181
f 1532 1181 1531
f 1533 1183 1182
f 1533 1182 1532
f 1534 1184 1183
f 1534 1183 1533
f 1535 1185 1184
f 1535 1184 1534
f 1536 1186 1185
f 1536 1185 1535
f 1537 1187 1186
f 1537 1186 1536
f 1538 1188 1187
f 1538 1187 1537
f 1539 1189 1188
f 1539 1188 1538
f 1540 1190 1189
f 1540 1189 1539
f 1541 1191 1190
f 1541 1190 1540
f 1542 1192 1191
f 1542 1191 1541
f 1543 1193 1192
f 1543 1192 1542
f 1544 1194 1193
f 1544 1193 1543
f 1545 1195 1194
f 1545 1194 1544
f 1546 1196 1195
f 1546 1195 1545
f 1547 1197 1196
f 1547 1196 1546
f 1548 1198 1197
f 1548 1197 1547
f 1549 1199 1198
f 1549 1198 1548
f 1550 1200 1199
f 1550 1199 1549
f 1551 1201 1200
f 1551 1200 1550
f 1552 1202 1201
f 1552 1201 1551
f 1553 1203 1202
f 1553 1202 1552
f 1554 1204 1203
f 1554 1203 1553
f 1555 1205 1204
f 1555 1204 1554
f 1556 1206 1205
f 1556 1205 1555
f 1557 1207 1206
f 1557 1206 1556
f 1558 1208 1207
f 1558 1207 1557
f 1559 1209 1208
f 1559 1208 1558
f 1560 1210 1209
f 1560 1209 1559
f 1561 1211 1210
f 1561 1210 1560
f 1562 1212 1211
f 1562 1211 1561
f 1563 1213 1212
f 1563 1212 1562
f 1564 1214 1213
f 1564 1213 1563
f 1565 1215 1214
f 1565 1214 1564
f 1566 1216 1215
f 1566 1215 1565
f 1567 1217 1216
f 1567 1216 1566
f 1568 1218 1217
f 1568 1217 1567
f 1569 1219 1218
f 1569 1218 1568
f 1570 1220 1219
f 1570 1219 1569
f 1571 1221 1220
f 1571 1220 1570
f 1572 1222 1221
f 1572 1221 1571
f 1573 1223 1222
f 1573 1222 1572
f 1574 1224 1223
f 1574 1223 1573
f 1575 1225 1224
f 1575 1224 1574
f 1576 1226 1225
f 1576 1225 1575
f 1577 1227 1226
f 1577 1226 1576
f 1578 1228 1227
f 1578 1227 1577
f 1579 1229 1228
f 1579 1228 1578
f 1580 1230 1229
f 1580 1229 1579
f 1581 1231 1230
f 1581 1230 1580
f 1582 1232 1231
f 1582 1231 1581
f 1583 1233 1232
f 1583 1232 1582
f 1584 1234 1233
f 1584 1233 1583
f 1585 1235 1234
f 1585 1234 1584
f 1586 1236 1235
f 1586 1235 1585
f 1587 1237 1236
f 1587 1236 1586
f 1588 1238 1237
f 1588 1237 1587
f 1589 1239 1238
f 1589 1238 1588
f 1590 1240 1239
f 1590 1239 1589
f 1591 1241 1240
f 1591 1240 1590
f 1592 1242 1241
f 1592 1241 1591
f 1593 1243 1242
f 1593 1242 1592
f 1594 1244 1243
f 1594 1243 1593
f 1595 1245 1244
f 1595 1244 1594
f 1596 1246 1245
f 1596 1245 1595
f 1597 1247 1246
f 1597 1246 1596
f 1598 1248 1247
f 1598 1247 1597
f 1599 1249 1248
f 1599 1248 1598
f 1600 1250 1249
f 1600 1249 1599
f 1601 1251 1250
f 1601 1250 1600
f 1602 1252 1251
f 1602 1251 1601
f 1603 1253 1252
f 1603 1252 1602
f 1604 1254 1253
f 1604 1253 1603
f 1605 1255 1254
f 1605 1254 1604
f 1606 1256 1255
f 1606 1255 1605
f 1607 1257 1256
f 1607 1256 1606
f 1608 1258 1257
f 1608 1257 1607
f 1609 1259 1258
f 1609 1258 1608
f 1610 1260 1259
f 1610 1259 1609
f 1611 1261 1260
f 1611 1260 1610
f 1612 1262 1261
f 1612 1261 1611
f 1613 1263 1262
f 1613 1262 1612
f 1614 1264 1263
f 1614 1263 1613
f 1615 1265 1264
f 1615 1264 1614
f 1616 1266 1265
f 1616 1265 1615
f 1617 1267 1266
f 1617 1266 1616
f 1618 1268 1267
f 1618 1267 1617
f 1619 1269 1268
f 1619 1268 1618
f 1620 1270 1269
f 1620 1269 1619
f 1621 1271 1270
f 1621 1270 1620
f 1622 1272 1271
f 1622 1271 1621
f 1623 1273 1272
f 1623 1272 1622
f 1624 1274 1273
f 1624 1273 1623
f 1625 1275 1274
f 1625 1274 1624
f 1626 1276 1275
f 1626 1275 1625
f 1627 1277 1276
f 1627 1276 1626
f 1628 1278 1277
f 1628 1277 1627
f 1629 1279 1278
f 1629 1278 1628
f 1630 1280 1279
f 1630 1279 1629
f 1631 1281 1280
f 1631 1280 1630
f 1632 1282 1281
f 1632 1281 1631
f 1633 1283 1282
f 1633 1282 1632
f 1634 1284 1283
f 1634 1283 1633
f 1635 1285 1284
f 1635 1284 1634
f 1636 1286 1285
f 1636 1285 1635
f 1637 1287 1286
f 1637 1286 1636
f 1638 1288 1287
f 1638 1287 1637
f 1639 1289 1288
f 1639 1288 1638
f 1640 1290 1289
f 1640 1289 1639
f 1641 1291 1290
f 1641 1290 1640
f 1642 1292 1291
f 1642 1291 1641
f 1643 1293 1292
f 1643 1292 1642
f 1644 1294 1293
f 1644 1293 1643
f 1645 1295 1294
f 1645 1294 1644
f 1646 1296 1295
f 1646 1295 1645
f 1647 1297 1296
f 1647 1296 1646
f 1648 1298 1297
f 1648 1297 1647
f 1649 1299 1298
f 1649 1298 1648
f 1650 1300 1299
f 1650 1299 1649
f 1651 1301 1300
f 1651 1300 1650
f 1652 1302 1301
f 1652 1301 1651
f 1653 1303 1302
f 1653 1302 1652
f 1654 1304 1303
f 1654 1303 1653
f 1655 1305 1304
f 1655 1304 1654
f 1656 1306 1305
f 1656 1305 1655
f 1657 1307 1306
f 1657 1306 1656
f 1658 1308 1307
f 1658 1307 1657
f 1389 1309 1308
f 1389 1308 1658
f 1659 1312 1311
f 1659 1311 1528
f 1660 1313 1312
f 1660 1312 1659
f 1661 1314 1313
f 1661 1313 1660
f 1662 1315 1314
f 1662 1314 1661
f 1663 1316 1315
f 1663 1315 1662
f 1664 1317 1316
f 1664 1316 1663
f 1665 1318 1317
f 1665 1317 1664
f 1666 1319 1318
f 1666 1318 1665
f 1667 1320 1319
f 1667 1319 1666
f 1668 1321 1320
f 1668 1320 1667
f 1669 1322 1321
f 1669 1321 1668
f 1670 1323 1322
f 1670 1322 1669
f 1671 1324 1323
f 1671 1323 1670
f 1672 1325 1324
f 1672 1324 1671
f 1673 1326 1325
f 1673 1325 1672
f 1674 1327 1326
f 1674 1326 1673
f 1675 1328 1327
f 1675 1327 1674
f 1676 1329 1328
f 1676 1328 1675
f 1677 1330 1329
f 1677 1329 1676
f 1678 1331 1330
f 1678 1330 1677
f 1679 1332 1331
f 1679 1331 1678
f 1680 1333 1332
f 1680 1332 1679
f 1681 1334 1333
f 1681 1333 1680
f 1682 1335 1334
f 1682 1334 1681
f 1683 1336 1335
f 1683 1335 1682
f 1684 1337 1336
f 1684 1336 1683
f 1685 1338 1337
f 1685 1337 1684
f 1686 1339 1338
f 1686 1338 1685
f 1687 1340 1339
f 1687 1339 1686
f 1688 1341 1340
f 1688 1340 1687
f 1689 1342 1341
f 1689 1341 1688
f 1690 1343 1342
f 1690 1342 1689
f 1691 1344 1343
f 1691 1343 1690
f 1692 1345 1344
f 1692 1344 1691
f 1693 1346 1345
f 1693 1345 1692
f 1694 1347 1346
f 1694 1346 1693
f 1695 1348 1347
f 1695 1347 1694
f 1696 1349 1348
f 1696 1348 1695
f 1697 1350 1349
f 1697 1349 1696
f 1520 1351 1350
f 1520 1350 1697
f 1526 1046 1047
f 1526 1047 1394
f 1522 1354 1355
f 1522 1355 1698
f 1698 1355 1356
f 1698 1356 1699
f 1699 1356 1357
f 1699 1357 1700
f 1700 1357 1358
f 1700 1358 1701
f 1701 1358 1359
f 1701 1359 1702
f 1702 1359 1360
f 1702 1360 1703
f 1703 1360 1361
f 1703 1361 1704
f 1704 1361 1362
f 1704 1362 1705
f 1705 1362 1363
f 1705 1363 1706
f 1706 1363 1364
f 1706 1364 1707
f 1707 1364 1365
f 1707 1365 1708
f 1708 1365 1366
f 1708 1366 1709
f 1709 1366 1367
f 1709 1367 1710
f 1710 1367 1368
f 1710 1368 1711
f 1711 1368 1369
f 1711 1369 1712
f 1712 1369 1370
f 1712 1370 1713
f 1713 1370 1371
f 1713 1371 1714
f 1714 1371 1372
f 1714 1372 1715
f 1715 1372 1373
f 1715 1373 1716
f 1716 1373 1374
f 1716 1374 1717
f 1717 1374 1375
f 1717 1375 1718
f 1718 1375 1376
f 1718 1376 1719
f 1719 1376 1377
f 1719 1377 1720
f 1720 1377 1378
f 1720 1378 1721
f 1721 1378 1379
f 1721 1379 1722
f 1722 1379 1380
f 1722 1380 1723
f 1723 1380 1381
f 1723 1381 1724
f 1724 1381 1382
f 1724 1382 1725
f 1725 1382 1383
f 1725 1383 1726
f 1726 1383 1384
f 1726 1384 1727
f 1727 1384 1385
f 1727 1385 1728
f 1728 1385 1386
f 1728 1386 1729
f 1729 1386 1387
f 1729 1387 1730
f 1730 1387 1388
f 1730 1388 1731
f 1731 1388 1389
f 1731 1389 1658
f 1528 1044 1045
f 1528 1045 1527
f 1393 1049 1050
f 1393 1050 1395
f 1519 1353 1176
f 1519 1176 1523
f 1732 1699 1700
f 1732 1700 1733
f 1734 1395 1396
f 1734 1396 1735
f 1735 1396 1397
f 1735 1397 1736
f 1737 1399 1400
f 1737 1400 1738
f 1738 1400 1401
f 1738 1401 1739
f 1739 1401 1402
f 1739 1402 1740
f 1740 1402 1403
f 1740 1403 1741
f 1741 1403 1404
f 1741 1404 1742
f 1742 1404 1405
f 1742 1405 1743
f 1743 1405 1406
f 1743 1406 1744
f 1744 1406 1407
f 1744 1407 1745
f 1745 1407 1408
f 1745 1408 1746
f 1746 1408 1409
f 1746 1409 1747
f 1747 1409 1410
f 1747 1410 1748
f 1748 1410 1411
f 1748 1411 1749
f 1749 1411 1412
f 1749 1412 1750
f 1750 1412 1413
f 1750 1413 1751
f 1751 1413 1414
f 1751 1414 1752
f 1752 1414 1415
f 1752 1415 1753
f 1753 1415 1416
f 1753 1416 1754
f 1754 1416 1417
f 1754 1417 1755
f 1755 1417 1418
f 1755 1418 1756
f 1756 1418 1419
f 1756 1419 1757
f 1757 1419 1420
f 1757 1420 1758
f 1758 1420 1421
f 1758 1421 1759
f 1759 1421 1422
f 1759 1422 1760
f 1760 1422 1423
f 1760 1423 1761
f 1761 1423 1424
f 1761 1424 1762
f 1762 1424 1425
f 1762 1425 1763
f 1763 1425 1426
f 1763 1426 1764
f 1764 1426 1427
f 1764 1427 1765
f 1765 1427 1428
f 1765 1428 1766
f 1766 1428 1429
f 1766 1429 1767
f 1767 1429 1430
f 1767 1430 1768
f 1768 1430 1431
f 1768 1431 1769
f 1769 1431 1432
f 1769 1432 1770
f 1770 1432 1433
f 1770 1433 1771
f 1771 1433 1434
f 1771 1434 1772
f 1772 1434 1435
f 1772 1435 1773
f 1773 1435 1436
f 1773 1436 1774
f 1774 1436 1437
f 1774 1437 1775
f 1775 1437 1438
f 1775 1438 1776
f 1776 1438 1439
f 1776 1439 1777
f 1777 1439 1440
f 1777 1440 1778
f 1778 1440 1441
f 1778 1441 1779
f 1779 1441 1442
f 1779 1442 1780
f 1780 1442 1443
f 1780 1443 1781
f 1781 1443 1444
f 1781 1444 1782
f 1782 1444 1445
f 1782 1445 1783
f 1783 1445 1446
f 1783 1446 1784
f 1784 1446 1447
f 1784 1447 1785
f 1785 1447 1448
f 1785 1448 1786
f 1786 1448 1449
f 1786 1449 1787
f 1787 1449 1450
f 1787 1450 1788
f 1788 1450 1451
f 1788 1451 1789
f 1789 1451 1452
f 1789 1452 1790
f 1790 1452 1453
f 1790 1453 1791
f 1791 1453 1454
f 1791 1454 1792
f 1792 1454 1455
f 1792 1455 1793
f 1793 1455 1456
f 1793 1456 1794
f 1794 1456 1457
f 1794 1457 1795
f 1795 1457 1458
f 1795 1458 1796
f 1796 1458 1459
f 1796 1459 1797
f 1797 1459 1460
f 1797 1460 1798
f 1798 1460 1461
f 1798 1461 1799
f 1799 1461 1462
f 1799 1462 1800
f 1800 1462 1463
f 1800 1463 1801
f 1801 1463 1464
f 1801 1464 1802
f 1802 1464 1465
f 1802 1465 1803
f 1803 1465 1466
f 1803 1466 1804
f 1804 1466 1467
f 1804 1467 1805
f 1805 1467 1468
f 1805 1468 1806
f 1806 1468 1469
f 1806 1469 1807
f 1807 1469 1470
f 1807 1470 1808
f 1808 1470 1471
f 1808 1471 1809
f 1809 1471 1472
f 1809 1472 1810
f 1810 1472 1473
f 1810 1473 1811
f 1811 1473 1474
f 1811 1474 1812
f 1812 1474 1475
f 1812 1475 1813
f 1813 1475 1476
f 1813 1476 1814
f 1814 1476 1477
f 1814 1477 1815
f 1815 1477 1478
f 1815 1478 1816
f 1816 1478 1479
f 1816 1479 1817
f 1817 1479 1480
f 1817 1480 1818
f 1818 1480 1481
f 1818 1481 1819
f 1819 1481 1482
f 1819 1482 1820
f 1820 1482 1483
f 1820 1483 1821
f 1821 1483 1484
f 1821 1484 1822
f 1822 1484 1485
f 1822 1485 1823
f 1823 1485 1486
f 1823 1486 1824
f 1824 1486 1487
f 1824 1487 1825
f 1825 1487 1488
f 1825 1488 1826
f 1826 1488 1489
f 1826 1489 1827
f 1827 1489 1490
f 1827 1490 1828
f 1828 1490 1491
f 1828 1491 1829
f 1829 1491 1492
f 1829 1492 1830
f 1830 1492 1493
f 1830 1493 1831
f 1831 1493 1494
f 1831 1494 1832
f 1832 1494 1495
f 1832 1495 1833
f 1833 1495 1496
f 1833 1496 1834
f 1834 1496 1497
f 1834 1497 1835
f 1835 1497 1498
f 1835 1498 1836
f 1836 1498 1499
f 1836 1499 1837
f 1837 1499 1500
f 1837 1500 1838
f 1838 1500 1501
f 1838 1501 1839
f 1839 1501 1502
f 1839 1502 1840
f 1840 1502 1503
f 1840 1503 1841
f 1841 1503 1504
f 1841 1504 1842
f 1842 1504 1505
f 1842 1505 1843
f 1843 1505 1506
f 1843 1506 1844
f 1844 1506 1507
f 1844 1507 1845
f 1845 1507 1508
f 1845 1508 1846
f 1846 1508 1509
f 1846 1509 1847
f 1847 1509 1510
f 1847 1510 1848
f 1848 1510 1511
f 1848 1511 1849
f 1849 1511 1512
f 1849 1512 1850
f 1850 1512 1513
f 1850 1513 1851
f 1851 1513 1514
f 1851 1514 1852
f 1852 1514 1515
f 1852 1515 1853
f 1853 1515 1516
f 1853 1516 1854
f 1854 1516 1517
f 1854 1517 1855
f 1855 1517 1518
f 1855 1518 1519
f 1856 1659 1528
f 1856 1528 1527
f 1857 1523 1524
f 1857 1524 1858
f 1859 1525 1526
f 1859 1526 1860
f 1860 1526 1394
f 1860 1394 1861
f 1855 1519 1523
f 1855 1523 1857
f 1862 1521 1522
f 1862 1522 1863
f 1863 1522 1698
f 1863 1698 1864
f 1858 1524 1521
f 1858 1521 1862
f 1529 1520 1697
f 1529 1697 1865
f 1866 1393 1395
f 1866 1395 1734
f 1867 1530 1529
f 1867 1529 1865
f 1868 1531 1530
f 1868 1530 1867
f 1869 1532 1531
f 1869 1531 1868
f 1870 1533 1532
f 1870 1532 1869
f 1871 1534 1533
f 1871 1533 1870
f 1872 1535 1534
f 1872 1534 1871
f 1873 1536 1535
f 1873 1535 1872
f 1874 1537 1536
f 1874 1536 1873
f 1875 1538 1537
f 1875 1537 1874
f 1876 1539 1538
f 1876 1538 1875
f 1877 1540 1539
f 1877 1539 1876
f 1878 1541 1540
f 1878 1540 1877
f 1879 1542 1541
f 1879 1541 1878
f 1880 1543 1542
f 1880 1542 1879
f 1881 1544 1543
f 1881 1543 1880
f 1882 1545 1544
f 1882 1544 1881
f 1883 1546 1545
f 1883 1545 1882
f 1884 1547 1546
f 1884 1546 1883
f 1885 1548 1547
f 1885 1547 1884
f 1886 1549 1548
f 1886 1548 1885
f 1887 1550 1549
f 1887 1549 1886
f 1888 1551 1550
f 1888 1550 1887
f 1889 1552 1551
f 1889 1551 1888
f 1890 1553 1552
f 1890 1552 1889
f 1891 1554 1553
f 1891 1553 1890
f 1892 1555 1554
f 1892 1554 1891
f 1893 1556 1555
f 1893 1555 1892
f 1894 1557 1556
f 1894 1556 1893
f 1895 1558 1557
f 1895 1557 1894
f 1896 1559 1558
f 1896 1558 1895
f 1897 1560 1559
f 1897 1559 1896
f 1898 1561 1560
f 1898 1560 1897
f 1899 1562 1561
f 1899 1561 1898
f 1900 1563 1562
f 1900 1562 1899
f 1901 1564 1563
f 1901 1563 1900
f 1902 1565 1564
f 1902 1564 1901
f 1903 1566 1565
f 1903 1565 1902
f 1904 1567 1566
f 1904 1566 1903
f 1905 1568 1567
f 1905 1567 1904
f 1906 1569 1568
f 1906 1568 1905
f 1907 1570 1569
f 1907 1569 1906
f 1908 1571 1570
f 1908 1570 1907
f 1909 1572 1571
f 1909 1571 1908
f 1910 1573 1572
f 1910 1572 1909
f 1911 1574 1573
f 1911 1573 1910
f 1912 1575 1574
f 1912 1574 1911
f 1913 1576 1575
f 1913 1575 1912
f 1914 1577 1576
f 1914 1576 1913
f 1915 1578 1577
f 1915 1577 1914
f 1916 1579 1578
f 1916 1578 1915
f 1917 1580 1579
f 1917 1579 1916
f 1918 1581 1580
f 1918 1580 1917
f 1919 1582 1581
f 1919 1581 1918
f 1920 1583 1582
f 1920 1582 1919
f 1921 1584 1583
f 1921 1583 1920
f 1922 1585 1584
f 1922 1584 1921
f 1923 1586 1585
f 1923 1585 1922
f 1924 1587 1586
f 1924 1586 1923
f 1925 1588 1587
f 1925 1587 1924
f 1926 1589 1588
f 1926 1588 1925
f 1927 1590 1589
f 1927 1589 1926
f 1928 1591 1590
f 1928 1590 1927
f 1929 1592 1591
f 1929 1591 1928
f 1930 1593 1592
f 1930 1592 1929
f 1931 1594 1593
f 1931 1593 1930
f 1932 1595 1594
f 1932 1594 1931
f 1933 1596 1595
f 1933 1595 1932
f 1934 1597 1596
f 1934 1596 1933
f 1935 1598 1597
f 1935 1597 1934
f 1936 1599 1598
f 1936 1598 1935
f 1937 1600 1599
f 1937 1599 1936
f 1938 1601 1600
f 1938 1600 1937
f 1939 1602 1601
f 1939 1601 1938
f 1940 1603 1602
f 1940 1602 1939
f 1941 1604 1603
f 1941 1603 1940
f 1942 1605 1604
f 1942 1604 1941
f 1943 1606 1605
f 1943 1605 1942
f 1944 1607 1606
f 1944 1606 1943
f 1945 1608 1607
f 1945 1607 1944
f 1946 1609 1608
f 1946 1608 1945
f 1947 1610 1609
f 1947 1609 1946
f 1948 1611 1610
f 1948 1610 1947
f 1949 1612 1611
f 1949 1611 1948
f 1950 1613 1612
f 1950 1612 1949
f 1951 1614 1613
f 1951 1613 1950
f 1952 1615 1614
f 1952 1614 1951
f 1953 1616 1615
f 1953 1615 1952
f 1954 1617 1616
f 1954 1616 1953
f 1955 1618 1617
f 1955 1617 1954
f 1956 1619 1618
f 1956 1618 1955
f 1957 1620 1619
f 1957 1619 1956
f 1958 1621 1620
f 1958 1620 1957
f 1959 1622 1621
f 1959 1621 1958
f 1960 1623 1622
f 1960 1622 1959
f 1961 1624 1623
f 1961 1623 1960
f 1962 1625 1624
f 1962 1624 1961
f 1963 1626 1625
f 1963 1625 1962
f 1964 1627 1626
f 1964 1626 1963
f 1965 1628 1627
f 1965 1627 1964
f 1966 1629 1628
f 1966 1628 1965
f 1967 1630 1629
f 1967 1629 1966
f 1968 1631 1630
f 1968 1630 1967
f 1969 1632 1631
f 1969 1631 1968
f 1970 1633 1632
f 1970 1632 1969
f 1971 1634 1633
f 1971 1633 1970
f 1972 1635 1634
f 1972 1634 1971
f 1973 1636 1635
f 1973 1635 1972
f 1974 1637 1636
f 1974 1636 1973
f 1975 1638 1637
f 1975 1637 1974
f 1976 1639 1638
f 1976 1638 1975
f 1977 1640 1639
f 1977 1639 1976
f 1978 1641 1640
f 1978 1640 1977
f 1979 1642 1641
f 1979 1641 1978
f 1980 1643 1642
f 1980 1642 1979
f 1981 1644 1643
f 1981 1643 1980
f 1982 1645 1644
f 1982 1644 1981
f 1983 1646 1645
f 1983 1645 1982
f 1984 1647 1646
f 1984 1646 1983
f 1985 1648 1647
f 1985 1647 1984
f 1986 1649 1648
f 1986 1648 1985
f 1987 1650 1649
f 1987 1649 1986
f 1988 1651 1650
f 1988 1650 1987
f 1989 1652 1651
f 1989 1651 1988
f 1990 1653 1652
f 1990 1652 1989
f 1991 1654 1653
f 1991 1653 1990
f 1992 1655 1654
f 1992 1654 1991
f 1993 1656 1655
f 1993 1655 1992
f 1994 1657 1656
f 1994 1656 1993
f 1731 1658 1657
f 1731 1657 1994
f 1995 1660 1659
f 1995 1659 1856
f 1996 1661 1660
f 1996 1660 1995
f 1997 1662 1661
f 1997 1661 1996
f 1998 1663 1662
f 1998 1662 1997
f 1999 1664 1663
f 1999 1663 1998
f 2000 1665 1664
f 2000 1664 1999
f 2001 1666 1665
f 2001 1665 2000
f 2002 1667 1666
f 2002 1666 2001
f 2003 1668 1667
f 2003 1667 2002
f 2004 1669 1668
f 2004 1668 2003
f 2005 1670 1669
f 2005 1669 2004
f 2006 1671 1670
f 2006 1670 2005
f 2007 1672 1671
f 2007 1671 2006
f 2008 1673 1672
f 2008 1672 2007
f 2009 1674 1673
f 2009 1673 2008
f 2010 1675 1674
f 2010 1674 2009
f 2011 1676 1675
f 2011 1675 2010
f 2012 1677 1676
f 2012 1676 2011
f 2013 1678 1677
f 2013 1677 2012
f 2014 1679 1678
f 2014 1678 2013
f 2015 1680 1679
f 2015 1679 2014
f 2016 1681 1680
f 2016 1680 2015
f 2017 1682 1681
f 2017 1681 2016
f 2018 1683 1682
f 2018 1682 2017
f 2019 1684 1683
f 2019 1683 2018
f 2020 1685 1684
f 2020 1684 2019
f 2021 1686 1685
f 2021 1685 2020
f 2022 1687 1686
f 2022 1686 2021
f 2023 1688 1687
f 2023 1687 2022
f 2024 1689 1688
f 2024 1688 2023
f 2025 1690 1689
f 2025 1689 2024
f 2026 1691 1690
f 2026 1690 2025
f 2027 1692 1691
f 2027 1691 2026
f 2028 1693 1692
f 2028 1692 2027
f 2029 1694 1693
f 2029 1693 2028
f 2030 1695 1694
f 2030 1694 2029
f 2031 1696 1695
f 2031 1695 2030
f 1865 1697 1696
f 1865 1696 2031
f 1733 1700 1701
f 1733 1701 2032
f 2032 1701 1702
f 2032 1702 2033
f 2033 1702 1703
f 2033 1703 2034
f 2034 1703 1704
f 2034 1704 2035
f 2035 1704 1705
f 2035 1705 2036
f 2036 1705 1706
f 2036 1706 2037
f 2037 1706 1707
f 2037 1707 2038
f 2038 1707 1708
f 2038 1708 2039
f 2039 1708 1709
f 2039 1709 2040
f 2040 1709 1710
f 2040 1710 2041
f 2041 1710 1711
f 2041 1711 2042
f 2042 1711 1712
f 2042 1712 2043
f 2043 1712 1713
f 2043 1713 2044
f 2044 1713 1714
f 2044 1714 2045
f 2045 1714 1715
f 2045 1715 2046
f 2046 1715 1716
f 2046 1716 2047
f 2047 1716 1717
f 2047 1717 2048
f 2048 1717 1718
f 2048 1718 2049
f 2049 1718 1719
f 2049 1719 2050
f 2050 1719 1720
f 2050 1720 2051
f 2051 1720 1721
f 2051 1721 2052
f 2052 1721 1722
f 2052 1722 2053
f 2053 1722 1723
f 2053 1723 2054
f 2054 1723 1724
f 2054 1724 2055
f 2055 1724 1725
f 2055 1725 2056
f 2056 1725 1726
f 2056 1726 2057
f 2057 1726 1727
f 2057 1727 2058
f 2058 1727 1728
f 2058 1728 2059
f 2059 1728 1729
f 2059 1729 2060
f 2060 1729 1730
f 2060 1730 2061
f 2061 1730 1731
f 2061 1731 1994
f 1856 1527 1525
f 1856 1525 1859
f 1864 1698 1699
f 1864 1699 1732
f 2062 1398 1399
f 2062 1399 1737
f 1861 1394 1392
f 1861 1392 2063
f 1736 1397 1398
f 1736 1398 2062
f 2063 1392 1393
f 2063 1393 1866
f 2064 1739 1740
f 2064 1740 2065
f 2066 1735 1736
f 2066 1736 2067
f 2068 1737 1738
f 2068 1738 2069
f 2069 1738 1739
f 2069 1739 2064
f 2070 1741 1742
f 2070 1742 2071
f 2071 1742 1743
f 2071 1743 2072
f 2072 1743 1744
f 2072 1744 2073
f 2073 1744 1745
f 2073 1745 2074
f 2074 1745 1746
f 2074 1746 2075
f 2075 1746 1747
f 2075 1747 2076
f 2076 1747 1748
f 2076 1748 2077
f 2077 1748 1749
f 2077 1749 2078
f 2078 1749 1750
f 2078 1750 2079
f 2079 1750 1751
f 2079 1751 2080
f 2080 1751 1752
f 2080 1752 2081
f 2081 1752 1753
f 2081 1753 2082
f 2082 1753 1754
f 2082 1754 2083
f 2083 1754 1755
f 2083 1755 2084
f 2084 1755 1756
f 2084 1756 2085
f 2085 1756 1757
f 2085 1757 2086
f 2086 1757 1758
f 2086 1758 2087
f 2087 1758 1759
f 2087 1759 2088
f 2088 1759 1760
f 2088 1760 2089
f 2089 1760 1761
f 2089 1761 2090
f 2090 1761 1762
f 2090 1762 2091
f 2091 1762 1763
f 2091 1763 2092
f 2092 1763 1764
f 2092 1764 2093
f 2093 1764 1765
f 2093 1765 2094
f 2094 1765 1766
f 2094 1766 2095
f 2095 1766 1767
f 2095 1767 2096
f 2096 1767 1768
f 2096 1768 2097
f 2097 1768 1769
f 2097 1769 2098
f 2098 1769 1770
f 2098 1770 2099
f 2099 1770 1771
f 2099 1771 2100
f 2100 1771 1772
f 2100 1772 2101
f 2101 1772 1773
f 2101 1773 2102
f 2102 1773 1774
f 2102 1774 2103
f 2103 1774 1775
f 2103 1775 2104
f 2104 1775 1776
f 2104 1776 2105
f 2105 1776 1777
f 2105 1777 2106
f 2106 1777 1778
f 2106 1778 2107
f 2107 1778 1779
f 2107 1779 2108
f 2108 1779 1780
f 2108 1780 2109
f 2109 1780 1781
f 2109 1781 2110
f 2110 1781 1782
f 2110 1782 2111
f 2111 1782 1783
f 2111 1783 2112
f 2112 1783 1784
f 2112 1784 2113
f 2113 1784 1785
f 2113 1785 2114
f 2114 1785 1786
f 2114 1786 2115
f 2115 1786 1787
f 2115 1787 2116
f 2116 1787 1788
f 2116 1788 2117
f 2117 1788 1789
f 2117 1789 2118
f 2118 1789 1790
f 2118 1790 2119
f 2119 1790 1791
f 2119 1791 2120
f 2120 1791 1792
f 2120 1792 2121
f 2121 1792 1793
f 2121 1793 2122
f 2122 1793 1794
f 2122 1794 2123
f 2123 1794 1795
f 2123 1795 2124
f 2124 1795 1796
f 2124 1796 2125
f 2125 1796 1797
f 2125 1797 2126
f 2126 1797 1798
f 2126 1798 2127
f 2127 1798 1799
f 2127 1799 2128
f 2128 1799 1800
f 2128 1800 2129
f 2129 1800 1801
f 2129 1801 2130
f 2130 1801 1802
f 2130 1802 2131
f 2131 1802 1803
f 2131 1803 2132
f 2132 1803 1804
f 2132 1804 2133
f 2133 1804 1805
f 2133 1805 2134
f 2134 1805 1806
f 2134 1806 2135
f 2135 1806 1807
f 2135 1807 2136
f 2136 1807 1808
f 2136 1808 2137
f 2137 1808 1809
f 2137 1809 2138
f 2138 1809 1810
f 2138 1810 2139
f 2139 1810 1811
f 2139 1811 2140
f 2140 1811 1812
f 2140 1812 2141
f 2141 1812 1813
f 2141 1813 2142
f 2142 1813 1814
f 2142 1814 2143
f 2143 1814 1815
f 2143 1815 2144
f 2144 1815 1816
f 2144 1816 2145
f 2145 1816 1817
f 2145 1817 2146
f 2146 1817 1818
f 2146 1818 2147
f 2147 1818 1819
f 2147 1819 2148
f 2148 1819 1820
f 2148 1820 2149
f 2149 1820 1821
f 2149 1821 2150
f 2150 1821 1822
f 2150 1822 2151
f 2151 1822 1823
f 2151 1823 2152
f 2152 1823 1824
f 2152 1824 2153
f 2153 1824 1825
f 2153 1825 2154
f 2154 1825 1826
f 2154 1826 2155
f 2155 1826 1827
f 2155 1827 2156
f 2156 1827 1828
f 2156 1828 2157
f 2157 1828 1829
f 2157 1829 2158
f 2158 1829 1830
f 2158 1830 2159
f 2159 1830 1831
f 2159 1831 2160
f 2160 1831 1832
f 2160 1832 2161
f 2161 1832 1833
f 2161 1833 2162
f 2162 1833 1834
f 2162 1834 2163
f 2163 1834 1835
f 2163 1835 2164
f 2164 1835 1836
f 2164 1836 2165
f 2165 1836 1837
f 2165 1837 2166
f 2166 1837 1838
f 2166 1838 2167
f 2167 1838 1839
f 2167 1839 2168
f 2168 1839 1840
f 2168 1840 2169
f 2169 1840 1841
f 2169 1841 2170
f 2170 1841 1842
f 2170 1842 2171
f 2171 1842 1843
f 2171 1843 2172
f 2172 1843 1844
f 2172 1844 2173
f 2173 1844 1845
f 2173 1845 2174
f 2174 1845 1846
f 2174 1846 2175
f 2175 1846 1847
f 2175 1847 2176
f 2176 1847 1848
f 2176 1848 2177
f 2177 1848 1849
f 2177 1849 2178
f 2178 1849 1850
f 2178 1850 2179
f 2179 1850 1851
f 2179 1851 2180
f 2180 1851 1852
f 2180 1852 2181
f 2181 1852 1853
f 2181 1853 2182
f 2182 1853 1854
f 2182 1854 2183
f 2183 1854 1855
f 2183 1855 1857
f 2184 1858 1862
f 2184 1862 2185
f 1867 1865 2031
f 1867 2031 2186
f 2187 1859 1860
f 2187 1860 2188
f 2185 1862 1863
f 2185 1863 2189
f 2183 1857 1858
f 2183 1858 2184
f 2190 1864 1732
f 2190 1732 2191
f 2188 1860 1861
f 2188 1861 2192
f 2193 1733 2032
f 2193 2032 2194
f 2189 1863 1864
f 2189 1864 2190
f 2195 1866 1734
f 2195 1734 2196
f 2197 2063 1866
f 2197 1866 2195
f 2198 1868 1867
f 2198 1867 2186
f 2199 1869 1868
f 2199 1868 2198
f 2200 1870 1869
f 2200 1869 2199
f 2201 1871 1870
f 2201 1870 2200
f 2202 1872 1871
f 2202 1871 2201
f 2203 1873 1872
f 2203 1872 2202
f 2204 1874 1873
f 2204 1873 2203
f 2205 1875 1874
f 2205 1874 2204
f 2206 1876 1875
f 2206 1875 2205
f 2207 1877 1876
f 2207 1876 2206
f 2208 1878 1877
f 2208 1877 2207
f 2209 1879 1878
f 2209 1878 2208
f 2210 1880 1879
f 2210 1879 2209
f 2211 1881 1880
f 2211 1880 2210
f 2212 1882 1881
f 2212 1881 2211
f 2213 1883 1882
f 2213 1882 2212
f 2214 1884 1883
f 2214 1883 2213
f 2215 1885 1884
f 2215 1884 2214
f 2216 1886 1885
f 2216 1885 2215
f 2217 1887 1886
f 2217 1886 2216
f 2218 1888 1887
f 2218 1887 2217
f 2219 1889 1888
f 2219 1888 2218
f 2220 1890 1889
f 2220 1889 2219
f 2221 1891 1890
f 2221 1890 2220
f 2222 1892 1891
f 2222 1891 2221
f 2223 1893 1892
f 2223 1892 2222
f 2224 1894 1893
f 2224 1893 2223
f 2225 1895 1894
f 2225 1894 2224
f 2226 1896 1895
f 2226 1895 2225
f 2227 1897 1896
f 2227 1896 2226
f 2228 1898 1897
f 2228 1897 2227
f 2229 1899 1898
f 2229 1898 2228
f 2230 1900 1899
f 2230 1899 2229
f 2231 1901 1900
f 2231 1900 2230
f 2232 1902 1901
f 2232 1901 2231
f 2233 1903 1902
f 2233 1902 2232
f 2234 1904 1903
f 2234 1903 2233
f 2235 1905 1904
f 2235 1904 2234
f 2236 1906 1905
f 2236 1905 2235
f 2237 1907 1906
f 2237 1906 2236
f 2238 1908 1907
f 2238 1907 2237
f 2239 1909 1908
f 2239 1908 2238
f 2240 1910 1909
f 2240 1909 2239
f 2241 1911 1910
f 2241 1910 2240
f 2242 1912 1911
f 2242 1911 2241
f 2243 1913 1912
f 2243 1912 2242
f 2244 1914 1913
f 2244 1913 2243
f 2245 1915 1914
f 2245 1914 2244
f 2246 1916 1915
f 2246 1915 2245
f 2247 1917 1916
f 2247 1916 2246
f 2248 1918 1917
f 2248 1917 2247
f 2249 1919 1918
f 2249 1918 2248
f 2250 1920 1919
f 2250 1919 2249
f 2251 1921 1920
f 2251 1920 2250
f 2252 1922 1921
f 2252 1921 2251
f 2253 1923 1922
f 2253 1922 2252
f 2254 1924 1923
f 2254 1923 2253
f 2255 1925 1924
f 2255 1924 2254
f 2256 1926 1925
f 2256 1925 2255
f 2257 1927 1926
f 2257 1926 2256
f 2258 1928 1927
f 2258 1927 2257
f 2259 1929 1928
f 2259 1928 2258
f 2260 1930 1929
f 2260 1929 2259
f 2261 1931 1930
f 2261 1930 2260
f 2262 1932 1931
f 2262 1931 2261
f 2263 1933 1932
f 2263 1932 2262
f 2264 1934 1933
f 2264 1933 2263
f 2265 1935 1934
f 2265 1934 2264
f 2266 1936 1935
f 2266 1935 2265
f 2267 1937 1936
f 2267 1936 2266
f 2268 1938 1937
f 2268 1937 2267
f 2269 1939 1938
f 2269 1938 2268
f 2270 1940 1939
f 2270 1939 2269
f 2271 1941 1940
f 2271 1940 2270
f 2272 1942 1941
f 2272 1941 2271
f 2273 1943 1942
f 2273 1942 2272
f 2274 1944 1943
f 2274 1943 2273
f 2275 1945 1944
f 2275 1944 2274
f 2276 1946 1945
f 2276 1945 2275
f 2277 1947 1946
f 2277 1946 2276
f 2278 1948 1947
f 2278 1947 2277
f 2279 1949 1948
f 2279 1948 2278
f 2280 1950 1949
f 2280 1949 2279
f 2281 1951 1950
f 2281 1950 2280
f 2282 1952 1951
f 2282 1951 2281
f 2283 1953 1952
f 2283 1952 2282
f 2284 1954 1953
f 2284 1953 2283
f 2285 1955 1954
f 2285 1954 2284
f 2286 1956 1955
f 2286 1955 2285
f 2287 1957 1956
f 2287 1956 2286
f 2288 1958 1957
f 2288 1957 2287
f 2289 1959 1958
f 2289 1958 2288
f 2290 1960 1959
f 2290 1959 2289
f 2291 1961 1960
f 2291 1960 2290
f 2292 1962 1961
f 2292 1961 2291
f 2293 1963 1962
f 2293 1962 2292
f 2294 1964 1963
f 2294 1963 2293
f 2295 1965 1964
f 2295 1964 2294
f 2296 1966 1965
f 2296 1965 2295
f 2297 1967 1966
f 2297 1966 2296
f 2298 1968 1967
f 2298 1967 2297
f 2299 1969 1968
f 2299 1968 2298
f 2300 1970 1969
f 2300 1969 2299
f 2301 1971 1970
f 2301 1970 2300
f 2302 1972 1971
f 2302 1971 2301
f 2303 1973 1972
f 2303 1972 2302
f 2304 1974 1973
f 2304 1973 2303
f 2305 1975 1974
f 2305 1974 2304
f 2306 1976 1975
f 2306 1975 2305
f 2307 1977 1976
f 2307 1976 2306
f 2308 1978 1977
f 2308 1977 2307
f 2309 1979 1978
f 2309 1978 2308
f 2310 1980 1979
f 2310 1979 2309
f 2311 1981 1980
f 2311 1980 2310
f 2312 1982 1981
f 2312 1981 2311
f 2313 1983 1982
f 2313 1982 2312
f 2314 1984 1983
f 2314 1983 2313
f 2315 1985 1984
f 2315 1984 2314
f 2316 1986 1985
f 2316 1985 2315
f 2317 1987 1986
f 2317 1986 2316
f 2318 1988 1987
f 2318 1987 2317
f 2319 1989 1988
f 2319 1988 2318
f 2320 1990 1989
f 2320 1989 2319
f 2321 1991 1990
f 2321 1990 2320
f 2322 1992 1991
f 2322 1991 2321
f 2323 1993 1992
f 2323 1992 2322
f 2061 1994 1993
f 2061 1993 2323
f 2065 1740 1741
f 2065 1741 2070
f 2324 1996 1995
f 2324 1995 2187
f 2325 1997 1996
f 2325 1996 2324
f 2326 1998 1997
f 2326 1997 2325
f 2327 1999 1998
f 2327 1998 2326
f 2328 2000 1999
f 2328 1999 2327
f 2329 2001 2000
f 2329 2000 2328
f 2330 2002 2001
f 2330 2001 2329
f 2331 2003 2002
f 2331 2002 2330
f 2332 2004 2003
f 2332 2003 2331
f 2333 2005 2004
f 2333 2004 2332
f 2334 2006 2005
f 2334 2005 2333
f 2335 2007 2006
f 2335 2006 2334
f 2336 2008 2007
f 2336 2007 2335
f 2337 2009 2008
f 2337 2008 2336
f 2338 2010 2009
f 2338 2009 2337
f 2339 2011 2010
f 2339 2010 2338
f 2340 2012 2011
f 2340 2011 2339
f 2341 2013 2012
f 2341 2012 2340
f 2342 2014 2013
f 2342 2013 2341
f 2343 2015 2014
f 2343 2014 2342
f 2344 2016 2015
f 2344 2015 2343
f 2345 2017 2016
f 2345 2016 2344
f 2346 2018 2017
f 2346 2017 2345
f 2347 2019 2018
f 2347 2018 2346
f 2348 2020 2019
f 2348 2019 2347
f 2349 2021 2020
f 2349 2020 2348
f 2350 2022 2021
f 2350 2021 2349
f 2351 2023 2022
f 2351 2022 2350
f 2352 2024 2023
f 2352 2023 2351
f 2353 2025 2024
f 2353 2024 2352
f 2354 2026 2025
f 2354 2025 2353
f 2355 2027 2026
f 2355 2026 2354
f 2356 2028 2027
f 2356 2027 2355
f 2357 2029 2028
f 2357 2028 2356
f 2358 2030 2029
f 2358 2029 2357
f 2186 2031 2030
f 2186 2030 2358
f 2359 2034 2035
f 2359 2035 2360
f 2360 2035 2036
f 2360 2036 2361
f 2361 2036 2037
f 2361 2037 2362
f 2362 2037 2038
f 2362 2038 2363
f 2363 2038 2039
f 2363 2039 2364
f 2364 2039 2040
f 2364 2040 2365
f 2365 2040 2041
f 2365 2041 2366
f 2366 2041 2042
f 2366 2042 2367
f 2367 2042 2043
f 2367 2043 2368
f 2368 2043 2044
f 2368 2044 2369
f 2369 2044 2045
f 2369 2045 2370
f 2370 2045 2046
f 2370 2046 2371
f 2371 2046 2047
f 2371 2047 2372
f 2372 2047 2048
f 2372 2048 2373
f 2373 2048 2049
f 2373 2049 2374
f 2374 2049 2050
f 2374 2050 2375
f 2375 2050 2051
f 2375 2051 2376
f 2376 2051 2052
f 2376 2052 2377
f 2377 2052 2053
f 2377 2053 2378
f 2378 2053 2054
f 2378 2054 2379
f 2379 2054 2055
f 2379 2055 2380
f 2380 2055 2056
f 2380 2056 2381
f 2381 2056 2057
f 2381 2057 2382
f 2382 2057 2058
f 2382 2058 2383
f 2383 2058 2059
f 2383 2059 2384
f 2384 2059 2060
f 2384 2060 2385
f 2385 2060 2061
f 2385 2061 2323
f 1995 1856 1859
f 1995 1859 2187
f 2386 2033 2034
f 2386 2034 2359
f 2067 1736 2062
f 2067 2062 2387
f 2194 2032 2033
f 2194 2033 2386
f 2191 1732 1733
f 2191 1733 2193
f 2196 1734 1735
f 2196 1735 2066
f 2192 1861 2063
f 2192 2063 2197
f 2387 2062 1737
f 2387 1737 2068
f 2388 2194 2386
f 2388 2386 2389
f 2390 2072 2073
f 2390 2073 2391
f 2392 2069 2064
f 2392 2064 2393
f 2394 2324 2187
f 2394 2187 2188
f 2395 2071 2072
f 2395 2072 2390
f 2396 2074 2075
f 2396 2075 2397
f 2397 2075 2076
f 2397 2076 2398
f 2398 2076 2077
f 2398 2077 2399
f 2399 2077 2078
f 2399 2078 2400
f 2400 2078 2079
f 2400 2079 2401
f 2401 2079 2080
f 2401 2080 2402
f 2402 2080 2081
f 2402 2081 2403
f 2403 2081 2082
f 2403 2082 2404
f 2404 2082 2083
f 2404 2083 2405
f 2405 2083 2084
f 2405 2084 2406
f 2406 2084 2085
f 2406 2085 2407
f 2407 2085 2086
f 2407 2086 2408
f 2408 2086 2087
f 2408 2087 2409
f 2409 2087 2088
f 2409 2088 2410
f 2410 2088 2089
f 2410 2089 2411
f 2411 2089 2090
f 2411 2090 2412
f 2412 2090 2091
f 2412 2091 2413
f 2413 2091 2092
f 2413 2092 2414
f 2414 2092 2093
f 2414 2093 2415
f 2415 2093 2094
f 2415 2094 2416
f 2416 2094 2095
f 2416 2095 2417
f 2417 2095 2096
f 2417 2096 2418
f 2418 2096 2097
f 2418 2097 2419
f 2419 2097 2098
f 2419 2098 2420
f 2420 2098 2099
f 2420 2099 2421
f 2421 2099 2100
f 2421 2100 2422
f 2422 2100 2101
f 2422 2101 2423
f 2423 2101 2102
f 2423 2102 2424
f 2424 2102 2103
f 2424 2103 2425
f 2425 2103 2104
f 2425 2104 2426
f 2426 2104 2105
f 2426 2105 2427
f 2427 2105 2106
f 2427 2106 2428
f 2428 2106 2107
f 2428 2107 2429
f 2429 2107 2108
f 2429 2108 2430
f 2430 2108 2109
f 2430 2109 2431
f 2431 2109 2110
f 2431 2110 2432
f 2432 2110 2111
f 2432 2111 2433
f 2433 2111 2112
f 2433 2112 2434
f 2434 2112 2113
f 2434 2113 2435
f 2435 2113 2114
f 2435 2114 2436
f 2436 2114 2115
f 2436 2115 2437
f 2437 2115 2116
f 2437 2116 2438
f 2438 2116 2117
f 2438 2117 2439
f 2439 2117 2118
f 2439 2118 2440
f 2440 2118 2119
f 2440 2119 2441
f 2441 2119 2120
f 2441 2120 2442
f 2442 2120 2121
f 2442 2121 2443
f 2443 2121 2122
f 2443 2122 2444
f 2444 2122 2123
f 2444 2123 2445
f 2445 2123 2124
f 2445 2124 2446
f 2446 2124 2125
f 2446 2125 2447
f 2447 2125 2126
f 2447 2126 2448
f 2448 2126 2127
f 2448 2127 2449
f 2449 2127 2128
f 2449 2128 2450
f 2450 2128 2129
f 2450 2129 2451
f 2451 2129 2130
f 2451 2130 2452
f 2452 2130 2131
f 2452 2131 2453
f 2453 2131 2132
f 2453 2132 2454
f 2454 2132 2133
f 2454 2133 2455
f 2455 2133 2134
f 2455 2134 2456
f 2456 2134 2135
f 2456 2135 2457
f 2457 2135 2136
f 2457 2136 2458
f 2458 2136 2137
f 2458 2137 2459
f 2459 2137 2138
f 2459 2138 2460
f 2460 2138 2139
f 2460 2139 2461
f 2461 2139 2140
f 2461 2140 2462
f 2462 2140 2141
f 2462 2141 2463
f 2463 2141 2142
f 2463 2142 2464
f 2464 2142 2143
f 2464 2143 2465
f 2465 2143 2144
f 2465 2144 2466
f 2466 2144 2145
f 2466 2145 2467
f 2467 2145 2146
f 2467 2146 2468
f 2468 2146 2147
f 2468 2147 2469
f 2469 2147 2148
f 2469 2148 2470
f 2470 2148 2149
f 2470 2149 2471
f 2471 2149 2150
f 2471 2150 2472
f 2472 2150 2151
f 2472 2151 2473
f 2473 2151 2152
f 2473 2152 2474
f 2474 2152 2153
f 2474 2153 2475
f 2475 2153 2154
f 2475 2154 2476
f 2476 2154 2155
f 2476 2155 2477
f 2477 2155 2156
f 2477 2156 2478
f 2478 2156 2157
f 2478 2157 2479
f 2479 2157 2158
f 2479 2158 2480
f 2480 2158 2159
f 2480 2159 2481
f 2481 2159 2160
f 2481 2160 2482
f 2482 2160 2161
f 2482 2161 2483
f 2483 2161 2162
f 2483 2162 2484
f 2484 2162 2163
f 2484 2163 2485
f 2485 2163 2164
f 2485 2164 2486
f 2486 2164 2165
f 2486 2165 2487
f 2487 2165 2166
f 2487 2166 2488
f 2488 2166 2167
f 2488 2167 2489
f 2489 2167 2168
f 2489 2168 2490
f 2490 2168 2169
f 2490 2169 2491
f 2491 2169 2170
f 2491 2170 2492
f 2492 2170 2171
f 2492 2171 2493
f 2493 2171 2172
f 2493 2172 2494
f 2494 2172 2173
f 2494 2173 2495
f 2495 2173 2174
f 2495 2174 2496
f 2496 2174 2175
f 2496 2175 2497
f 2497 2175 2176
f 2497 2176 2498
f 2498 2176 2177
f 2498 2177 2499
f 2499 2177 2178
f 2499 2178 2500
f 2500 2178 2179
f 2500 2179 2501
f 2501 2179 2180
f 2501 2180 2502
f 2502 2180 2181
f 2502 2181 2503
f 2503 2181 2182
f 2503 2182 2504
f 2504 2182 2183
f 2504 2183 2184
f 2505 2196 2066
f 2505 2066 2506
f 2507 2361 2362
f 2507 2362 2508
f 2509 2190 2191
f 2509 2191 2510
f 2511 2325 2324
f 2511 2324 2394
f 2512 2185 2189
f 2512 2189 2513
f 2514 2387 2068
f 2514 2068 2515
f 2516 2195 2196
f 2516 2196 2505
f 2394 2188 2192
f 2394 2192 2517
f 2504 2184 2185
f 2504 2185 2512
f 2518 2193 2194
f 2518 2194 2388
f 2506 2066 2067
f 2506 2067 2519
f 2513 2189 2190
f 2513 2190 2509
f 2520 2198 2186
f 2520 2186 2358
f 2510 2191 2193
f 2510 2193 2518
f 2393 2064 2065
f 2393 2065 2521
f 2522 2199 2198
f 2522 2198 2520
f 2523 2200 2199
f 2523 2199 2522
f 2524 2201 2200
f 2524 2200 2523
f 2525 2202 2201
f 2525 2201 2524
f 2526 2203 2202
f 2526 2202 2525
f 2527 2204 2203
f 2527 2203 2526
f 2528 2205 2204
f 2528 2204 2527
f 2529 2206 2205
f 2529 2205 2528
f 2530 2207 2206
f 2530 2206 2529
f 2531 2208 2207
f 2531 2207 2530
f 2532 2209 2208
f 2532 2208 2531
f 2533 2210 2209
f 2533 2209 2532
f 2534 2211 2210
f 2534 2210 2533
f 2535 2212 2211
f 2535 2211 2534
f 2536 2213 2212
f 2536 2212 2535
f 2537 2214 2213
f 2537 2213 2536
f 2538 2215 2214
f 2538 2214 2537
f 2539 2216 2215
f 2539 2215 2538
f 2540 2217 2216
f 2540 2216 2539
f 2541 2218 2217
f 2541 2217 2540
f 2542 2219 2218
f 2542 2218 2541
f 2543 2220 2219
f 2543 2219 2542
f 2544 2221 2220
f 2544 2220 2543
f 2545 2222 2221
f 2545 2221 2544
f 2546 2223 2222
f 2546 2222 2545
f 2547 2224 2223
f 2547 2223 2546
f 2548 2225 2224
f 2548 2224 2547
f 2549 2226 2225
f 2549 2225 2548
f 2550 2227 2226
f 2550 2226 2549
f 2551 2228 2227
f 2551 2227 2550
f 2552 2229 2228
f 2552 2228 2551
f 2553 2230 2229
f 2553 2229 2552
f 2554 2231 2230
f 2554 2230 2553
f 2555 2232 2231
f 2555 2231 2554
f 2556 2233 2232
f 2556 2232 2555
f 2557 2234 2233
f 2557 2233 2556
f 2558 2235 2234
f 2558 2234 2557
f 2559 2236 2235
f 2559 2235 2558
f 2560 2237 2236
f 2560 2236 2559
f 2561 2238 2237
f 2561 2237 2560
f 2562 2239 2238
f 2562 2238 2561
f 2563 2240 2239
f 2563 2239 2562
f 2564 2241 2240
f 2564 2240 2563
f 2565 2242 2241
f 2565 2241 2564
f 2566 2243 2242
f 2566 2242 2565
f 2567 2244 2243
f 2567 2243 2566
f 2568 2245 2244
f 2568 2244 2567
f 2569 2246 2245
f 2569 2245 2568
f 2570 2247 2246
f 2570 2246 2569
f 2571 2248 2247
f 2571 2247 2570
f 2572 2249 2248
f 2572 2248 2571
f 2573 2250 2249
f 2573 2249 2572
f 2574 2251 2250
f 2574 2250 2573
f 2575 2252 2251
f 2575 2251 2574
f 2576 2253 2252
f 2576 2252 2575
f 2577 2254 2253
f 2577 2253 2576
f 2578 2255 2254
f 2578 2254 2577
f 2579 2256 2255
f 2579 2255 2578
f 2580 2257 2256
f 2580 2256 2579
f 2581 2258 2257
f 2581 2257 2580
f 2582 2259 2258
f 2582 2258 2581
f 2583 2260 2259
f 2583 2259 2582
f 2584 2261 2260
f 2584 2260 2583
f 2585 2262 2261
f 2585 2261 2584
f 2586 2263 2262
f 2586 2262 2585
f 2587 2264 2263
f 2587 2263 2586
f 2588 2265 2264
f 2588 2264 2587
f 2589 2266 2265
f 2589 2265 2588
f 2590 2267 2266
f 2590 2266 2589
f 2591 2268 2267
f 2591 2267 2590
f 2592 2269 2268
f 2592 2268 2591
f 2593 2270 2269
f 2593 2269 2592
f 2594 2271 2270
f 2594 2270 2593
f 2595 2272 2271
f 2595 2271 2594
f 2596 2273 2272
f 2596 2272 2595
f 2597 2274 2273
f 2597 2273 2596
f 2598 2275 2274
f 2598 2274 2597
f 2599 2276 2275
f 2599 2275 2598
f 2600 2277 2276
f 2600 2276 2599
f 2601 2278 2277
f 2601 2277 2600
f 2602 2279 2278
f 2602 2278 2601
f 2603 2280 2279
f 2603 2279 2602
f 2604 2281 2280
f 2604 2280 2603
f 2605 2282 2281
f 2605 2281 2604
f 2606 2283 2282
f 2606 2282 2605
f 2607 2284 2283
f 2607 2283 2606
f 2608 2285 2284
f 2608 2284 2607
f 2609 2286 2285
f 2609 2285 2608
f 2610 2287 2286
f 2610 2286 2609
f 2611 2288 2287
f 2611 2287 2610
f 2612 2289 2288
f 2612 2288 2611
f 2613 2290 2289
f 2613 2289 2612
f 2614 2291 2290
f 2614 2290 2613
f 2615 2292 2291
f 2615 2291 2614
f 2616 2293 2292
f 2616 2292 2615
f 2617 2294 2293
f 2617 2293 2616
f 2618 2295 2294
f 2618 2294 2617
f 2619 2296 2295
f 2619 2295 2618
f 2620 2297 2296
f 2620 2296 2619
f 2621 2298 2297
f 2621 2297 2620
f 2622 2299 2298
f 2622 2298 2621
f 2623 2300 2299
f 2623 2299 2622
f 2624 2301 2300
f 2624 2300 2623
f 2625 2302 2301
f 2625 2301 2624
f 2626 2303 2302
f 2626 2302 2625
f 2627 2304 2303
f 2627 2303 2626
f 2628 2305 2304
f 2628 2304 2627
f 2629 2306 2305
f 2629 2305 2628
f 2630 2307 2306
f 2630 2306 2629
f 2631 2308 2307
f 2631 2307 2630
f 2632 2309 2308
f 2632 2308 2631
f 2633 2310 2309
f 2633 2309 2632
f 2634 2311 2310
f 2634 2310 2633
f 2635 2312 2311
f 2635 2311 2634
f 2636 2313 2312
f 2636 2312 2635
f 2637 2314 2313
f 2637 2313 2636
f 2638 2315 2314
f 2638 2314 2637
f 2639 2316 2315
f 2639 2315 2638
f 2640 2317 2316
f 2640 2316 2639
f 2641 2318 2317
f 2641 2317 2640
f 2642 2319 2318
f 2642 2318 2641
f 2643 2320 2319
f 2643 2319 2642
f 2644 2321 2320
f 2644 2320 2643
f 2645 2322 2321
f 2645 2321 2644
f 2385 2323 2322
f 2385 2322 2645
f 2389 2386 2359
f 2389 2359 2646
f 2647 2326 2325
f 2647 2325 2511
f 2648 2327 2326
f 2648 2326 2647
f 2649 2328 2327
f 2649 2327 2648
f 2650 2329 2328
f 2650 2328 2649
f 2651 2330 2329
f 2651 2329 2650
f 2652 2331 2330
f 2652 2330 2651
f 2653 2332 2331
f 2653 2331 2652
f 2654 2333 2332
f 2654 2332 2653
f 2655 2334 2333
f 2655 2333 2654
f 2656 2335 2334
f 2656 2334 2655
f 2657 2336 2335
f 2657 2335 2656
f 2658 2337 2336
f 2658 2336 2657
f 2659 2338 2337
f 2659 2337 2658
f 2660 2339 2338
f 2660 2338 2659
f 2661 2340 2339
f 2661 2339 2660
f 2662 2341 2340
f 2662 2340 2661
f 2663 2342 2341
f 2663 2341 2662
f 2664 2343 2342
f 2664 2342 2663
f 2665 2344 2343
f 2665 2343 2664
f 2666 2345 2344
f 2666 2344 2665
f 2667 2346 2345
f 2667 2345 2666
f 2668 2347 2346
f 2668 2346 2667
f 2669 2348 2347
f 2669 2347 2668
f 2670 2349 2348
f 2670 2348 2669
f 2671 2350 2349
f 2671 2349 2670
f 2672 2351 2350
f 2672 2350 2671
f 2673 2352 2351
f 2673 2351 2672
f 2674 2353 2352
f 2674 2352 2673
f 2675 2354 2353
f 2675 2353 2674
f 2676 2355 2354
f 2676 2354 2675
f 2677 2356 2355
f 2677 2355 2676
f 2678 2357 2356
f 2678 2356 2677
f 2520 2358 2357
f 2520 2357 2678
f 2508 2362 2363
f 2508 2363 2679
f 2519 2067 2387
f 2519 2387 2514
f 2680 2360 2361
f 2680 2361 2507
f 2679 2363 2364
f 2679 2364 2681
f 2681 2364 2365
f 2681 2365 2682
f 2682 2365 2366
f 2682 2366 2683
f 2683 2366 2367
f 2683 2367 2684
f 2684 2367 2368
f 2684 2368 2685
f 2685 2368 2369
f 2685 2369 2686
f 2686 2369 2370
f 2686 2370 2687
f 2687 2370 2371
f 2687 2371 2688
f 2688 2371 2372
f 2688 2372 2689
f 2689 2372 2373
f 2689 2373 2690
f 2690 2373 2374
f 2690 2374 2691
f 2691 2374 2375
f 2691 2375 2692
f 2692 2375 2376
f 2692 2376 2693
f 2693 2376 2377
f 2693 2377 2694
f 2694 2377 2378
f 2694 2378 2695
f 2695 2378 2379
f 2695 2379 2696
f 2696 2379 2380
f 2696 2380 2697
f 2697 2380 2381
f 2697 2381 2698
f 2698 2381 2382
f 2698 2382 2699
f 2699 2382 2383
f 2699 2383 2700
f 2700 2383 2384
f 2700 2384 2701
f 2701 2384 2385
f 2701 2385 2645
f 2521 2065 2070
f 2521 2070 2702
f 2703 2197 2195
f 2703 2195 2516
f 2391 2073 2074
f 2391 2074 2396
f 2646 2359 2360
f 2646 2360 2680
f 2515 2068 2069
f 2515 2069 2392
f 2702 2070 2071
f 2702 2071 2395
f 2517 2192 2197
f 2517 2197 2703
f 2704 2646 2680
f 2704 2680 2705
f 2706 2517 2703
f 2706 2703 2707
f 2708 2515 2392
f 2708 2392 2709
f 2710 2395 2390
f 2710 2390 2711
f 2712 2396 2397
f 2712 2397 2713
f 2713 2397 2398
f 2713 2398 2714
f 2715 2400 2401
f 2715 2401 2716
f 2716 2401 2402
f 2716 2402 2717
f 2717 2402 2403
f 2717 2403 2718
f 2718 2403 2404
f 2718 2404 2719
f 2719 2404 2405
f 2719 2405 2720
f 2720 2405 2406
f 2720 2406 2721
f 2721 2406 2407
f 2721 2407 2722
f 2722 2407 2408
f 2722 2408 2723
f 2723 2408 2409
f 2723 2409 2724
f 2724 2409 2410
f 2724 2410 2725
f 2725 2410 2411
f 2725 2411 2726
f 2726 2411 2412
f 2726 2412 2727
f 2727 2412 2413
f 2727 2413 2728
f 2728 2413 2414
f 2728 2414 2729
f 2729 2414 2415
f 2729 2415 2730
f 2730 2415 2416
f 2730 2416 2731
f 2731 2416 2417
f 2731 2417 2732
f 2732 2417 2418
f 2732 2418 2733
f 2733 2418 2419
f 2733 2419 2734
f 2734 2419 2420
f 2734 2420 2735
f 2735 2420 2421
f 2735 2421 2736
f 2736 2421 2422
f 2736 2422 2737
f 2737 2422 2423
f 2737 2423 2738
f 2738 2423 2424
f 2738 2424 2739
f 2739 2424 2425
f 2739 2425 2740
f 2740 2425 2426
f 2740 2426 2741
f 2741 2426 2427
f 2741 2427 2742
f 2742 2427 2428
f 2742 2428 2743
f 2743 2428 2429
f 2743 2429 2744
f 2744 2429 2430
f 2744 2430 2745
f 2745 2430 2431
f 2745 2431 2746
f 2746 2431 2432
f 2746 2432 2747
f 2747 2432 2433
f 2747 2433 2748
f 2748 2433 2434
f 2748 2434 2749
f 2749 2434 2435
f 2749 2435 2750
f 2750 2435 2436
f 2750 2436 2751
f 2751 2436 2437
f 2751 2437 2752
f 2752 2437 2438
f 2752 2438 2753
f 2753 2438 2439
f 2753 2439 2754
f 2754 2439 2440
f 2754 2440 2755
f 2755 2440 2441
f 2755 2441 2756
f 2756 2441 2442
f 2756 2442 2757
f 2757 2442 2443
f 2757 2443 2758
f 2758 2443 2444
f 2758 2444 2759
f 2759 2444 2445
f 2759 2445 2760
f 2760 2445 2446
f 2760 2446 2761
f 2761 2446 2447
f 2761 2447 2762
f 2762 2447 2448
f 2762 2448 2763
f 2763 2448 2449
f 2763 2449 2764
f 2764 2449 2450
f 2764 2450 2765
f 2765 2450 2451
f 2765 2451 2766
f 2766 2451 2452
f 2766 2452 2767
f 2767 2452 2453
f 2767 2453 2768
f 2768 2453 2454
f 2768 2454 2769
f 2769 2454 2455
f 2769 2455 2770
f 2770 2455 2456
f 2770 2456 2771
f 2771 2456 2457
f 2771 2457 2772
f 2772 2457 2458
f 2772 2458 2773
f 2773 2458 2459
f 2773 2459 2774
f 2774 2459 2460
f 2774 2460 2775
f 2775 2460 2461
f 2775 2461 2776
f 2776 2461 2462
f 2776 2462 2777
f 2777 2462 2463
f 2777 2463 2778
f 2778 2463 2464
f 2778 2464 2779
f 2779 2464 2465
f 2779 2465 2780
f 2780 2465 2466
f 2780 2466 2781
f 2781 2466 2467
f 2781 2467 2782
f 2782 2467 2468
f 2782 2468 2783
f 2783 2468 2469
f 2783 2469 2784
f 2784 2469 2470
f 2784 2470 2785
f 2785 2470 2471
f 2785 2471 2786
f 2786 2471 2472
f 2786 2472 2787
f 2787 2472 2473
f 2787 2473 2788
f 2788 2473 2474
f 2788 2474 2789
f 2789 2474 2475
f 2789 2475 2790
f 2790 2475 2476
f 2790 2476 2791
f 2791 2476 2477
f 2791 2477 2792
f 2792 2477 2478
f 2792 2478 2793
f 2793 2478 2479
f 2793 2479 2794
f 2794 2479 2480
f 2794 2480 2795
f 2795 2480 2481
f 2795 2481 2796
f 2796 2481 2482
f 2796 2482 2797
f 2797 2482 2483
f 2797 2483 2798
f 2798 2483 2484
f 2798 2484 2799
f 2799 2484 2485
f 2799 2485 2800
f 2800 2485 2486
f 2800 2486 2801
f 2801 2486 2487
f 2801 2487 2802
f 2802 2487 2488
f 2802 2488 2803
f 2803 2488 2489
f 2803 2489 2804
f 2804 2489 2490
f 2804 2490 2805
f 2805 2490 2491
f 2805 2491 2806
f 2806 2491 2492
f 2806 2492 2807
f 2807 2492 2493
f 2807 2493 2808
f 2808 2493 2494
f 2808 2494 2809
f 2809 2494 2495
f 2809 2495 2810
f 2810 2495 2496
f 2810 2496 2811
f 2811 2496 2497
f 2811 2497 2812
f 2812 2497 2498
f 2812 2498 2813
f 2813 2498 2499
f 2813 2499 2814
f 2814 2499 2500
f 2814 2500 2815
f 2815 2500 2501
f 2815 2501 2816
f 2816 2501 2502
f 2816 2502 2817
f 2817 2502 2503
f 2817 2503 2818
f 2818 2503 2504
f 2818 2504 2512
f 2819 2513 2509
f 2819 2509 2820
f 2821 2507 2508
f 2821 2508 2822
f 2511 2394 2517
f 2511 2517 2706
f 2823 2519 2514
f 2823 2514 2824
f 2825 2505 2506
f 2825 2506 2826
f 2827 2393 2521
f 2827 2521 2828
f 2829 2681 2682
f 2829 2682 2830
f 2818 2512 2513
f 2818 2513 2819
f 2831 2702 2395
f 2831 2395 2710
f 2832 2391 2396
f 2832 2396 2712
f 2824 2514 2515
f 2824 2515 2708
f 2711 2390 2391
f 2711 2391 2832
f 2833 2522 2520
f 2833 2520 2678
f 2834 2523 2522
f 2834 2522 2833
f 2835 2524 2523
f 2835 2523 2834
f 2836 2525 2524
f 2836 2524 2835
f 2837 2526 2525
f 2837 2525 2836
f 2838 2527 2526
f 2838 2526 2837
f 2839 2528 2527
f 2839 2527 2838
f 2840 2529 2528
f 2840 2528 2839
f 2841 2530 2529
f 2841 2529 2840
f 2842 2531 2530
f 2842 2530 2841
f 2843 2532 2531
f 2843 2531 2842
f 2844 2533 2532
f 2844 2532 2843
f 2845 2534 2533
f 2845 2533 2844
f 2846 2535 2534
f 2846 2534 2845
f 2847 2536 2535
f 2847 2535 2846
f 2848 2537 2536
f 2848 2536 2847
f 2849 2538 2537
f 2849 2537 2848
f 2850 2539 2538
f 2850 2538 2849
f 2851 2540 2539
f 2851 2539 2850
f 2852 2541 2540
f 2852 2540 2851
f 2853 2542 2541
f 2853 2541 2852
f 2854 2543 2542
f 2854 2542 2853
f 2855 2544 2543
f 2855 2543 2854
f 2856 2545 2544
f 2856 2544 2855
f 2857 2546 2545
f 2857 2545 2856
f 2858 2547 2546
f 2858 2546 2857
f 2859 2548 2547
f 2859 2547 2858
f 2860 2549 2548
f 2860 2548 2859
f 2861 2550 2549
f 2861 2549 2860
f 2862 2551 2550
f 2862 2550 2861
f 2863 2552 2551
f 2863 2551 2862
f 2864 2553 2552
f 2864 2552 2863
f 2865 2554 2553
f 2865 2553 2864
f 2866 2555 2554
f 2866 2554 2865
f 2867 2556 2555
f 2867 2555 2866
f 2868 2557 2556
f 2868 2556 2867
f 2869 2558 2557
f 2869 2557 2868
f 2870 2559 2558
f 2870 2558 2869
f 2871 2560 2559
f 2871 2559 2870
f 2872 2561 2560
f 2872 2560 2871
f 2873 2562 2561
f 2873 2561 2872
f 2874 2563 2562
f 2874 2562 2873
f 2875 2564 2563
f 2875 2563 2874
f 2876 2565 2564
f 2876 2564 2875
f 2877 2566 2565
f 2877 2565 2876
f 2878 2567 2566
f 2878 2566 2877
f 2879 2568 2567
f 2879 2567 2878
f 2880 2569 2568
f 2880 2568 2879
f 2881 2570 2569
f 2881 2569 2880
f 2882 2571 2570
f 2882 2570 2881
f 2883 2572 2571
f 2883 2571 2882
f 2884 2573 2572
f 2884 2572 2883
f 2885 2574 2573
f 2885 2573 2884
f 2886 2575 2574
f 2886 2574 2885
f 2887 2576 2575
f 2887 2575 2886
f 2888 2577 2576
f 2888 2576 2887
f 2889 2578 2577
f 2889 2577 2888
f 2890 2579 2578
f 2890 2578 2889
f 2891 2580 2579
f 2891 2579 2890
f 2892 2581 2580
f 2892 2580 2891
f 2893 2582 2581
f 2893 2581 2892
f 2894 2583 2582
f 2894 2582 2893
f 2895 2584 2583
f 2895 2583 2894
f 2896 2585 2584
f 2896 2584 2895
f 2897 2586 2585
f 2897 2585 2896
f 2898 2587 2586
f 2898 2586 2897
f 2899 2588 2587
f 2899 2587 2898
f 2900 2589 2588
f 2900 2588 2899
f 2901 2590 2589
f 2901 2589 2900
f 2902 2591 2590
f 2902 2590 2901
f 2903 2592 2591
f 2903 2591 2902
f 2904 2593 2592
f 2904 2592 2903
f 2905 2594 2593
f 2905 2593 2904
f 2906 2595 2594
f 2906 2594 2905
f 2907 2596 2595
f 2907 2595 2906
f 2908 2597 2596
f 2908 2596 2907
f 2909 2598 2597
f 2909 2597 2908
f 2910 2599 2598
f 2910 2598 2909
f 2911 2600 2599
f 2911 2599 2910
f 2912 2601 2600
f 2912 2600 2911
f 2913 2602 2601
f 2913 2601 2912
f 2914 2603 2602
f 2914 2602 2913
f 2915 2604 2603
f 2915 2603 2914
f 2916 2605 2604
f 2916 2604 2915
f 2917 2606 2605
f 2917 2605 2916
f 2918 2607 2606
f 2918 2606 2917
f 2919 2608 2607
f 2919 2607 2918
f 2920 2609 2608
f 2920 2608 2919
f 2921 2610 2609
f 2921 2609 2920
f 2922 2611 2610
f 2922 2610 2921
f 2923 2612 2611
f 2923 2611 2922
f 2924 2613 2612
f 2924 2612 2923
f 2925 2614 2613
f 2925 2613 2924
f 2926 2615 2614
f 2926 2614 2925
f 2927 2616 2615
f 2927 2615 2926
f 2928 2617 2616
f 2928 2616 2927
f 2929 2618 2617
f 2929 2617 2928
f 2930 2619 2618
f 2930 2618 2929
f 2931 2620 2619
f 2931 2619 2930
f 2932 2621 2620
f 2932 2620 2931
f 2933 2622 2621
f 2933 2621 2932
f 2934 2623 2622
f 2934 2622 2933
f 2935 2624 2623
f 2935 2623 2934
f 2936 2625 2624
f 2936 2624 2935
f 2937 2626 2625
f 2937 2625 2936
f 2938 2627 2626
f 2938 2626 2937
f 2939 2628 2627
f 2939 2627 2938
f 2940 2629 2628
f 2940 2628 2939
f 2941 2630 2629
f 2941 2629 2940
f 2942 2631 2630
f 2942 2630 2941
f 2943 2632 2631
f 2943 2631 2942
f 2944 2633 2632
f 2944 2632 2943
f 2945 2634 2633
f 2945 2633 2944
f 2946 2635 2634
f 2946 2634 2945
f 2947 2636 2635
f 2947 2635 2946
f 2948 2637 2636
f 2948 2636 2947
f 2949 2638 2637
f 2949 2637 2948
f 2950 2639 2638
f 2950 2638 2949
f 2951 2640 2639
f 2951 2639 2950
f 2952 2641 2640
f 2952 2640 2951
f 2953 2642 2641
f 2953 2641 2952
f 2954 2643 2642
f 2954 2642 2953
f 2955 2644 2643
f 2955 2643 2954
f 2701 2645 2644
f 2701 2644 2955
f 2956 2647 2511
f 2956 2511 2706
f 2957 2510 2518
f 2957 2518 2958
f 2959 2648 2647
f 2959 2647 2956
f 2960 2649 2648
f 2960 2648 2959
f 2961 2650 2649
f 2961 2649 2960
f 2962 2651 2650
f 2962 2650 2961
f 2963 2652 2651
f 2963 2651 2962
f 2964 2653 2652
f 2964 2652 2963
f 2965 2654 2653
f 2965 2653 2964
f 2966 2655 2654
f 2966 2654 2965
f 2967 2656 2655
f 2967 2655 2966
f 2968 2657 2656
f 2968 2656 2967
f 2969 2658 2657
f 2969 2657 2968
f 2970 2659 2658
f 2970 2658 2969
f 2971 2660 2659
f 2971 2659 2970
f 2972 2661 2660
f 2972 2660 2971
f 2973 2662 2661
f 2973 2661 2972
f 2974 2663 2662
f 2974 2662 2973
f 2975 2664 2663
f 2975 2663 2974
f 2976 2665 2664
f 2976 2664 2975
f 2977 2666 2665
f 2977 2665 2976
f 2978 2667 2666
f 2978 2666 2977
f 2979 2668 2667
f 2979 2667 2978
f 2980 2669 2668
f 2980 2668 2979
f 2981 2670 2669
f 2981 2669 2980
f 2982 2671 2670
f 2982 2670 2981
f 2983 2672 2671
f 2983 2671 2982
f 2984 2673 2672
f 2984 2672 2983
f 2985 2674 2673
f 2985 2673 2984
f 2986 2675 2674
f 2986 2674 2985
f 2987 2676 2675
f 2987 2675 2986
f 2988 2677 2676
f 2988 2676 2987
f 2833 2678 2677
f 2833 2677 2988
f 2830 2682 2683
f 2830 2683 2989
f 2989 2683 2684
f 2989 2684 2990
f 2990 2684 2685
f 2990 2685 2991
f 2991 2685 2686
f 2991 2686 2992
f 2992 2686 2687
f 2992 2687 2993
f 2993 2687 2688
f 2993 2688 2994
f 2994 2688 2689
f 2994 2689 2995
f 2995 2689 2690
f 2995 2690 2996
f 2996 2690 2691
f 2996 2691 2997
f 2997 2691 2692
f 2997 2692 2998
f 2998 2692 2693
f 2998 2693 2999
f 2999 2693 2694
f 2999 2694 3000
f 3000 2694 2695
f 3000 2695 3001
f 3001 2695 2696
f 3001 2696 3002
f 3002 2696 2697
f 3002 2697 3003
f 3003 2697 2698
f 3003 2698 3004
f 3004 2698 2699
f 3004 2699 3005
f 3005 2699 2700
f 3005 2700 3006
f 3006 2700 2701
f 3006 2701 2955
f 2828 2521 2702
f 2828 2702 2831
f 3007 2389 2646
f 3007 2646 2704
f 2958 2518 2388
f 2958 2388 3008
f 3009 2516 2505
f 3009 2505 2825
f 2705 2680 2507
f 2705 2507 2821
f 2707 2703 2516
f 2707 2516 3009
f 3010 2399 2400
f 3010 2400 2715
f 2820 2509 2510
f 2820 2510 2957
f 3011 2679 2681
f 3011 2681 2829
f 2822 2508 2679
f 2822 2679 3011
f 3008 2388 2389
f 3008 2389 3007
f 2709 2392 2393
f 2709 2393 2827
f 2714 2398 2399
f 2714 2399 3010
f 2826 2506 2519
f 2826 2519 2823
f 3012 2714 3010
f 3012 3010 3013
f 3014 2956 2706
f 3014 2706 2707
f 3015 2717 2718
f 3015 2718 3016
f 3017 2713 2714
f 3017 2714 3012
f 3018 2715 2716
f 3018 2716 3019
f 3019 2716 2717
f 3019 2717 3015
f 3020 2719 2720
f 3020 2720 3021
f 3021 2720 2721
f 3021 2721 3022
f 3022 2721 2722
f 3022 2722 3023
f 3023 2722 2723
f 3023 2723 3024
f 3024 2723 2724
f 3024 2724 3025
f 3025 2724 2725
f 3025 2725 3026
f 3026 2725 2726
f 3026 2726 3027
f 3027 2726 2727
f 3027 2727 3028
f 3028 2727 2728
f 3028 2728 3029
f 3029 2728 2729
f 3029 2729 3030
f 3030 2729 2730
f 3030 2730 3031
f 3031 2730 2731
f 3031 2731 3032
f 3032 2731 2732
f 3032 2732 3033
f 3033 2732 2733
f 3033 2733 3034
f 3034 2733 2734
f 3034 2734 3035
f 3035 2734 2735
f 3035 2735 3036
f 3036 2735 2736
f 3036 2736 3037
f 3037 2736 2737
f 3037 2737 3038
f 3038 2737 2738
f 3038 2738 3039
f 3039 2738 2739
f 3039 2739 3040
f 3040 2739 2740
f 3040 2740 3041
f 3041 2740 2741
f 3041 2741 3042
f 3042 2741 2742
f 3042 2742 3043
f 3043 2742 2743
f 3043 2743 3044
f 3044 2743 2744
f 3044 2744 3045
f 3045 2744 2745
f 3045 2745 3046
f 3046 2745 2746
f 3046 2746 3047
f 3047 2746 2747
f 3047 2747 3048
f 3048 2747 2748
f 3048 2748 3049
f 3049 2748 2749
f 3049 2749 3050
f 3050 2749 2750
f 3050 2750 3051
f 3051 2750 2751
f 3051 2751 3052
f 3052 2751 2752
f 3052 2752 3053
f 3053 2752 2753
f 3053 2753 3054
f 3054 2753 2754
f 3054 2754 3055
f 3055 2754 2755
f 3055 2755 3056
f 3056 2755 2756
f 3056 2756 3057
f 3057 2756 2757
f 3057 2757 3058
f 3058 2757 2758
f 3058 2758 3059
f 3059 2758 2759
f 3059 2759 3060
f 3060 2759 2760
f 3060 2760 3061
f 3061 2760 2761
f 3061 2761 3062
f 3062 2761 2762
f 3062 2762 3063
f 3063 2762 2763
f 3063 2763 3064
f 3064 2763 2764
f 3064 2764 3065
f 3065 2764 2765
f 3065 2765 3066
f 3066 2765 2766
f 3066 2766 3067
f 3067 2766 2767
f 3067 2767 3068
f 3068 2767 2768
f 3068 2768 3069
f 3069 2768 2769
f 3069 2769 3070
f 3070 2769 2770
f 3070 2770 3071
f 3071 2770 2771
f 3071 2771 3072
f 3072 2771 2772
f 3072 2772 3073
f 3073 2772 2773
f 3073 2773 3074
f 3074 2773 2774
f 3074 2774 3075
f 3075 2774 2775
f 3075 2775 3076
f 3076 2775 2776
f 3076 2776 3077
f 3077 2776 2777
f 3077 2777 3078
f 3078 2777 2778
f 3078 2778 3079
f 3079 2778 2779
f 3079 2779 3080
f 3080 2779 2780
f 3080 2780 3081
f 3081 2780 2781
f 3081 2781 3082
f 3082 2781 2782
f 3082 2782 3083
f 3083 2782 2783
f 3083 2783 3084
f 3084 2783 2784
f 3084 2784 3085
f 3085 2784 2785
f 3085 2785 3086
f 3086 2785 2786
f 3086 2786 3087
f 3087 2786 2787
f 3087 2787 3088
f 3088 2787 2788
f 3088 2788 3089
f 3089 2788 2789
f 3089 2789 3090
f 3090 2789 2790
f 3090 2790 3091
f 3091 2790 2791
f 3091 2791 3092
f 3092 2791 2792
f 3092 2792 3093
f 3093 2792 2793
f 3093 2793 3094
f 3094 2793 2794
f 3094 2794 3095
f 3095 2794 2795
f 3095 2795 3096
f 3096 2795 2796
f 3096 2796 3097
f 3097 2796 2797
f 3097 2797 3098
f 3098 2797 2798
f 3098 2798 3099
f 3099 2798 2799
f 3099 2799 3100
f 3100 2799 2800
f 3100 2800 3101
f 3101 2800 2801
f 3101 2801 3102
f 3102 2801 2802
f 3102 2802 3103
f 3103 2802 2803
f 3103 2803 3104
f 3104 2803 2804
f 3104 2804 3105
f 3105 2804 2805
f 3105 2805 3106
f 3106 2805 2806
f 3106 2806 3107
f 3107 2806 2807
f 3107 2807 3108
f 3108 2807 2808
f 3108 2808 3109
f 3109 2808 2809
f 3109 2809 3110
f 3110 2809 2810
f 3110 2810 3111
f 3111 2810 2811
f 3111 2811 3112
f 3112 2811 2812
f 3112 2812 3113
f 3113 2812 2813
f 3113 2813 3114
f 3114 2813 2814
f 3114 2814 3115
f 3115 2814 2815
f 3115 2815 3116
f 3116 2815 2816
f 3116 2816 3117
f 3117 2816 2817
f 3117 2817 3118
f 3118 2817 2818
f 3118 2818 2819
f 3119 3007 2704
f 3119 2704 3120
f 3121 2821 2822
f 3121 2822 3122
f 3123 2831 2710
f 3123 2710 3124
f 3120 2704 2705
f 3120 2705 3125
f 3126 3008 3007
f 3126 3007 3119
f 3013 3010 2715
f 3013 2715 3018
f 3127 2989 2990
f 3127 2990 3128
f 3129 2832 2712
f 3129 2712 3130
f 3014 2707 3009
f 3014 3009 3131
f 3124 2710 2711
f 3124 2711 3132
f 3122 2822 3011
f 3122 3011 3133
f 3134 2834 2833
f 3134 2833 2988
f 3135 2835 2834
f 3135 2834 3134
f 3136 2836 2835
f 3136 2835 3135
f 3137 2837 2836
f 3137 2836 3136
f 3138 2838 2837
f 3138 2837 3137
f 3139 2839 2838
f 3139 2838 3138
f 3140 2840 2839
f 3140 2839 3139
f 3141 2841 2840
f 3141 2840 3140
f 3142 2842 2841
f 3142 2841 3141
f 3143 2843 2842
f 3143 2842 3142
f 3144 2844 2843
f 3144 2843 3143
f 3145 2845 2844
f 3145 2844 3144
f 3146 2846 2845
f 3146 2845 3145
f 3147 2847 2846
f 3147 2846 3146
f 3148 2848 2847
f 3148 2847 3147
f 3149 2849 2848
f 3149 2848 3148
f 3150 2850 2849
f 3150 2849 3149
f 3151 2851 2850
f 3151 2850 3150
f 3152 2852 2851
f 3152 2851 3151
f 3153 2853 2852
f 3153 2852 3152
f 3154 2854 2853
f 3154 2853 3153
f 3155 2855 2854
f 3155 2854 3154
f 3156 2856 2855
f 3156 2855 3155
f 3157 2857 2856
f 3157 2856 3156
f 3158 2858 2857
f 3158 2857 3157
f 3159 2859 2858
f 3159 2858 3158
f 3160 2860 2859
f 3160 2859 3159
f 3161 2861 2860
f 3161 2860 3160
f 3162 2862 2861
f 3162 2861 3161
f 3163 2863 2862
f 3163 2862 3162
f 3164 2864 2863
f 3164 2863 3163
f 3165 2865 2864
f 3165 2864 3164
f 3166 2866 2865
f 3166 2865 3165
f 3167 2867 2866
f 3167 2866 3166
f 3168 2868 2867
f 3168 2867 3167
f 3169 2869 2868
f 3169 2868 3168
f 3170 2870 2869
f 3170 2869 3169
f 3171 2871 2870
f 3171 2870 3170
f 3172 2872 2871
f 3172 2871 3171
f 3173 2873 2872
f 3173 2872 3172
f 3174 2874 2873
f 3174 2873 3173
f 3175 2875 2874
f 3175 2874 3174
f 3176 2876 2875
f 3176 2875 3175
f 3177 2877 2876
f 3177 2876 3176
f 3178 2878 2877
f 3178 2877 3177
f 3179 2879 2878
f 3179 2878 3178
f 3180 2880 2879
f 3180 2879 3179
f 3181 2881 2880
f 3181 2880 3180
f 3182 2882 2881
f 3182 2881 3181
f 3183 2883 2882
f 3183 2882 3182
f 3184 2884 2883
f 3184 2883 3183
f 3185 2885 2884
f 3185 2884 3184
f 3186 2886 2885
f 3186 2885 3185
f 3187 2887 2886
f 3187 2886 3186
f 3188 2888 2887
f 3188 2887 3187
f 3189 2889 2888
f 3189 2888 3188
f 3190 2890 2889
f 3190 2889 3189
f 3191 2891 2890
f 3191 2890 3190
f 3192 2892 2891
f 3192 2891 3191
f 3193 2893 2892
f 3193 2892 3192
f 3194 2894 2893
f 3194 2893 3193
f 3195 2895 2894
f 3195 2894 3194
f 3196 2896 2895
f 3196 2895 3195
f 3197 2897 2896
f 3197 2896 3196
f 3198 2898 2897
f 3198 2897 3197
f 3199 2899 2898
f 3199 2898 3198
f 3200 2900 2899
f 3200 2899 3199
f 3201 2901 2900
f 3201 2900 3200
f 3202 2902 2901
f 3202 2901 3201
f 3203 2903 2902
f 3203 2902 3202
f 3204 2904 2903
f 3204 2903 3203
f 3205 2905 2904
f 3205 2904 3204
f 3206 2906 2905
f 3206 2905 3205
f 3207 2907 2906
f 3207 2906 3206
f 3208 2908 2907
f 3208 2907 3207
f 3209 2909 2908
f 3209 2908 3208
f 3210 2910 2909
f 3210 2909 3209
f 3211 2911 2910
f 3211 2910 3210
f 3212 2912 2911
f 3212 2911 3211
f 3213 2913 2912
f 3213 2912 3212
f 3214 2914 2913
f 3214 2913 3213
f 3215 2915 2914
f 3215 2914 3214
f 3216 2916 2915
f 3216 2915 3215
f 3217 2917 2916
f 3217 2916 3216
f 3218 2918 2917
f 3218 2917 3217
f 3219 2919 2918
f 3219 2918 3218
f 3220 2920 2919
f 3220 2919 3219
f 3221 2921 2920
f 3221 2920 3220
f 3222 2922 2921
f 3222 2921 3221
f 3223 2923 2922
f 3223 2922 3222
f 3224 2924 2923
f 3224 2923 3223
f 3225 2925 2924
f 3225 2924 3224
f 3226 2926 2925
f 3226 2925 3225
f 3227 2927 2926
f 3227 2926 3226
f 3228 2928 2927
f 3228 2927 3227
f 3229 2929 2928
f 3229 2928 3228
f 3230 2930 2929
f 3230 2929 3229
f 3231 2931 2930
f 3231 2930 3230
f 3232 2932 2931
f 3232 2931 3231
f 3233 2933 2932
f 3233 2932 3232
f 3234 2934 2933
f 3234 2933 3233
f 3235 2935 2934
f 3235 2934 3234
f 3236 2936 2935
f 3236 2935 3235
f 3237 2937 2936
f 3237 2936 3236
f 3238 2938 2937
f 3238 2937 3237
f 3239 2939 2938
f 3239 2938 3238
f 3240 2940 2939
f 3240 2939 3239
f 3241 2941 2940
f 3241 2940 3240
f 3242 2942 2941
f 3242 2941 3241
f 3243 2943 2942
f 3243 2942 3242
f 3244 2944 2943
f 3244 2943 3243
f 3245 2945 2944
f 3245 2944 3244
f 3246 2946 2945
f 3246 2945 3245
f 3247 2947 2946
f 3247 2946 3246
f 3248 2948 2947
f 3248 2947 3247
f 3249 2949 2948
f 3249 2948 3248
f 3250 2950 2949
f 3250 2949 3249
f 3251 2951 2950
f 3251 2950 3250
f 3252 2952 2951
f 3252 2951 3251
f 3253 2953 2952
f 3253 2952 3252
f 3254 2954 2953
f 3254 2953 3253
f 3006 2955 2954
f 3006 2954 3254
f 3255 2959 2956
f 3255 2956 3014
f 3133 3011 2829
f 3133 2829 3256
f 3256 2829 2830
f 3256 2830 3257
f 3258 2957 2958
f 3258 2958 3259
f 3260 2960 2959
f 3260 2959 3255
f 3261 2961 2960
f 3261 2960 3260
f 3262 2962 2961
f 3262 2961 3261
f 3263 2963 2962
f 3263 2962 3262
f 3264 2964 2963
f 3264 2963 3263
f 3265 2965 2964
f 3265 2964 3264
f 3266 2966 2965
f 3266 2965 3265
f 3267 2967 2966
f 3267 2966 3266
f 3268 2968 2967
f 3268 2967 3267
f 3269 2969 2968
f 3269 2968 3268
f 3270 2970 2969
f 3270 2969 3269
f 3271 2971 2970
f 3271 2970 3270
f 3272 2972 2971
f 3272 2971 3271
f 3273 2973 2972
f 3273 2972 3272
f 3274 2974 2973
f 3274 2973 3273
f 3275 2975 2974
f 3275 2974 3274
f 3276 2976 2975
f 3276 2975 3275
f 3277 2977 2976
f 3277 2976 3276
f 3278 2978 2977
f 3278 2977 3277
f 3279 2979 2978
f 3279 2978 3278
f 3280 2980 2979
f 3280 2979 3279
f 3281 2981 2980
f 3281 2980 3280
f 3282 2982 2981
f 3282 2981 3281
f 3283 2983 2982
f 3283 2982 3282
f 3284 2984 2983
f 3284 2983 3283
f 3285 2985 2984
f 3285 2984 3284
f 3286 2986 2985
f 3286 2985 3285
f 3287 2987 2986
f 3287 2986 3286
f 3134 2988 2987
f 3134 2987 3287
f 3288 2827 2828
f 3288 2828 3289
f 3125 2705 2821
f 3125 2821 3121
f 3290 2825 2826
f 3290 2826 3291
f 3292 2991 2992
f 3292 2992 3293
f 3293 2992 2993
f 3293 2993 3294
f 3294 2993 2994
f 3294 2994 3295
f 3295 2994 2995
f 3295 2995 3296
f 3296 2995 2996
f 3296 2996 3297
f 3297 2996 2997
f 3297 2997 3298
f 3298 2997 2998
f 3298 2998 3299
f 3299 2998 2999
f 3299 2999 3300
f 3300 2999 3000
f 3300 3000 3301
f 3301 3000 3001
f 3301 3001 3302
f 3302 3001 3002
f 3302 3002 3303
f 3303 3002 3003
f 3303 3003 3304
f 3304 3003 3004
f 3304 3004 3305
f 3305 3004 3005
f 3305 3005 3306
f 3306 3005 3006
f 3306 3006 3254
f 3289 2828 2831
f 3289 2831 3123
f 3128 2990 2991
f 3128 2991 3292
f 3016 2718 2719
f 3016 2719 3020
f 3307 2820 2957
f 3307 2957 3258
f 3308 2709 2827
f 3308 2827 3288
f 3131 3009 2825
f 3131 2825 3290
f 3132 2711 2832
f 3132 2832 3129
f 3291 2826 2823
f 3291 2823 3309
f 3118 2819 2820
f 3118 2820 3307
f 3310 2824 2708
f 3310 2708 3311
f 3130 2712 2713
f 3130 2713 3017
f 3257 2830 2989
f 3257 2989 3127
f 3311 2708 2709
f 3311 2709 3308
f 3309 2823 2824
f 3309 2824 3310
f 3259 2958 3008
f 3259 3008 3126
f 3312 3124 3132
f 3312 3132 3313
f 3314 3133 3256
f 3314 3256 3315
f 3316 3015 3016
f 3316 3016 3317
f 3318 3018 3019
f 3318 3019 3319
f 3319 3019 3015
f 3319 3015 3316
f 3320 3307 3258
f 3320 3258 3321
f 3322 3021 3022
f 3322 3022 3323
f 3324 3024 3025
f 3324 3025 3325
f 3325 3025 3026
f 3325 3026 3326
f 3326 3026 3027
f 3326 3027 3327
f 3327 3027 3028
f 3327 3028 3328
f 3328 3028 3029
f 3328 3029 3329
f 3329 3029 3030
f 3329 3030 3330
f 3330 3030 3031
f 3330 3031 3331
f 3331 3031 3032
f 3331 3032 3332
f 3332 3032 3033
f 3332 3033 3333
f 3333 3033 3034
f 3333 3034 3334
f 3334 3034 3035
f 3334 3035 3335
f 3335 3035 3036
f 3335 3036 3336
f 3336 3036 3037
f 3336 3037 3337
f 3337 3037 3038
f 3337 3038 3338
f 3338 3038 3039
f 3338 3039 3339
f 3339 3039 3040
f 3339 3040 3340
f 3340 3040 3041
f 3340 3041 3341
f 3341 3041 3042
f 3341 3042 3342
f 3342 3042 3043
f 3342 3043 3343
f 3343 3043 3044
f 3343 3044 3344
f 3344 3044 3045
f 3344 3045 3345
f 3345 3045 3046
f 3345 3046 3346
f 3346 3046 3047
f 3346 3047 3347
f 3347 3047 3048
f 3347 3048 3348
f 3348 3048 3049
f 3348 3049 3349
f 3349 3049 3050
f 3349 3050 3350
f 3350 3050 3051
f 3350 3051 3351
f 3351 3051 3052
f 3351 3052 3352
f 3352 3052 3053
f 3352 3053 3353
f 3353 3053 3054
f 3353 3054 3354
f 3354 3054 3055
f 3354 3055 3355
f 3355 3055 3056
f 3355 3056 3356
f 3356 3056 3057
f 3356 3057 3357
f 3357 3057 3058
f 3357 3058 3358
f 3358 3058 3059
f 3358 3059 3359
f 3359 3059 3060
f 3359 3060 3360
f 3360 3060 3061
f 3360 3061 3361
f 3361 3061 3062
f 3361 3062 3362
f 3362 3062 3063
f 3362 3063 3363
f 3363 3063 3064
f 3363 3064 3364
f 3364 3064 3065
f 3364 3065 3365
f 3365 3065 3066
f 3365 3066 3366
f 3366 3066 3067
f 3366 3067 3367
f 3367 3067 3068
f 3367 3068 3368
f 3368 3068 3069
f 3368 3069 3369
f 3369 3069 3070
f 3369 3070 3370
f 3370 3070 3071
f 3370 3071 3371
f 3371 3071 3072
f 3371 3072 3372
f 3372 3072 3073
f 3372 3073 3373
f 3373 3073 3074
f 3373 3074 3374
f 3374 3074 3075
f 3374 3075 3375
f 3375 3075 3076
f 3375 3076 3376
f 3376 3076 3077
f 3376 3077 3377
f 3377 3077 3078
f 3377 3078 3378
f 3378 3078 3079
f 3378 3079 3379
f 3379 3079 3080
f 3379 3080 3380
f 3380 3080 3081
f 3380 3081 3381
f 3381 3081 3082
f 3381 3082 3382
f 3382 3082 3083
f 3382 3083 3383
f 3383 3083 3084
f 3383 3084 3384
f 3384 3084 3085
f 3384 3085 3385
f 3385 3085 3086
f 3385 3086 3386
f 3386 3086 3087
f 3386 3087 3387
f 3387 3087 3088
f 3387 3088 3388
f 3388 3088 3089
f 3388 3089 3389
f 3389 3089 3090
f 3389 3090 3390
f 3390 3090 3091
f 3390 3091 3391
f 3391 3091 3092
f 3391 3092 3392
f 3392 3092 3093
f 3392 3093 3393
f 3393 3093 3094
f 3393 3094 3394
f 3394 3094 3095
f 3394 3095 3395
f 3395 3095 3096
f 3395 3096 3396
f 3396 3096 3097
f 3396 3097 3397
f 3397 3097 3098
f 3397 3098 3398
f 3398 3098 3099
f 3398 3099 3399
f 3399 3099 3100
f 3399 3100 3400
f 3400 3100 3101
f 3400 3101 3401
f 3401 3101 3102
f 3401 3102 3402
f 3402 3102 3103
f 3402 3103 3403
f 3403 3103 3104
f 3403 3104 3404
f 3404 3104 3105
f 3404 3105 3405
f 3405 3105 3106
f 3405 3106 3406
f 3406 3106 3107
f 3406 3107 3407
f 3407 3107 3108
f 3407 3108 3408
f 3408 3108 3109
f 3408 3109 3409
f 3409 3109 3110
f 3409 3110 3410
f 3410 3110 3111
f 3410 3111 3411
f 3411 3111 3112
f 3411 3112 3412
f 3412 3112 3113
f 3412 3113 3413
f 3413 3113 3114
f 3413 3114 3414
f 3414 3114 3115
f 3414 3115 3415
f 3415 3115 3116
f 3415 3116 3416
f 3416 3116 3117
f 3416 3117 3320
f 3320 3117 3118
f 3320 3118 3307
f 3417 3309 3310
f 3417 3310 3418
f 3419 3121 3122
f 3419 3122 3420
f 3421 3013 3018
f 3421 3018 3318
f 3422 3255 3014
f 3422 3014 3131
f 3423 3123 3124
f 3423 3124 3312
f 3420 3122 3133
f 3420 3133 3314
f 3424 3120 3125
f 3424 3125 3425
f 3426 3126 3119
f 3426 3119 3427
f 3428 3129 3130
f 3428 3130 3429
f 3430 3012 3013
f 3430 3013 3421
f 3317 3016 3020
f 3317 3020 3431
f 3432 3023 3024
f 3432 3024 3324
f 3433 3257 3127
f 3433 3127 3434
f 3427 3119 3120
f 3427 3120 3424
f 3418 3310 3311
f 3418 3311 3435
f 3436 3291 3309
f 3436 3309 3417
f 3315 3256 3257
f 3315 3257 3433
f 3437 3128 3292
f 3437 3292 3438
f 3439 3135 3134
f 3439 3134 3287
f 3440 3136 3135
f 3440 3135 3439
f 3441 3137 3136
f 3441 3136 3440
f 3442 3138 3137
f 3442 3137 3441
f 3443 3139 3138
f 3443 3138 3442
f 3444 3140 3139
f 3444 3139 3443
f 3445 3141 3140
f 3445 3140 3444
f 3446 3142 3141
f 3446 3141 3445
f 3447 3143 3142
f 3447 3142 3446
f 3448 3144 3143
f 3448 3143 3447
f 3449 3145 3144
f 3449 3144 3448
f 3450 3146 3145
f 3450 3145 3449
f 3451 3147 3146
f 3451 3146 3450
f 3452 3148 3147
f 3452 3147 3451
f 3453 3149 3148
f 3453 3148 3452
f 3454 3150 3149
f 3454 3149 3453
f 3455 3151 3150
f 3455 3150 3454
f 3456 3152 3151
f 3456 3151 3455
f 3457 3153 3152
f 3457 3152 3456
f 3458 3154 3153
f 3458 3153 3457
f 3459 3155 3154
f 3459 3154 3458
f 3460 3156 3155
f 3460 3155 3459
f 3461 3157 3156
f 3461 3156 3460
f 3462 3158 3157
f 3462 3157 3461
f 3463 3159 3158
f 3463 3158 3462
f 3464 3160 3159
f 3464 3159 3463
f 3465 3161 3160
f 3465 3160 3464
f 3466 3162 3161
f 3466 3161 3465
f 3467 3163 3162
f 3467 3162 3466
f 3468 3164 3163
f 3468 3163 3467
f 3469 3165 3164
f 3469 3164 3468
f 3470 3166 3165
f 3470 3165 3469
f 3471 3167 3166
f 3471 3166 3470
f 3472 3168 3167
f 3472 3167 3471
f 3473 3169 3168
f 3473 3168 3472
f 3474 3170 3169
f 3474 3169 3473
f 3475 3171 3170
f 3475 3170 3474
f 3476 3172 3171
f 3476 3171 3475
f 3477 3173 3172
f 3477 3172 3476
f 3478 3174 3173
f 3478 3173 3477
f 3479 3175 3174
f 3479 3174 3478
f 3480 3176 3175
f 3480 3175 3479
f 3481 3177 3176
f 3481 3176 3480
f 3482 3178 3177
f 3482 3177 3481
f 3483 3179 3178
f 3483 3178 3482
f 3484 3180 3179
f 3484 3179 3483
f 3485 3181 3180
f 3485 3180 3484
f 3486 3182 3181
f 3486 3181 3485
f 3487 3183 3182
f 3487 3182 3486
f 3488 3184 3183
f 3488 3183 3487
f 3489 3185 3184
f 3489 3184 3488
f 3490 3186 3185
f 3490 3185 3489
f 3491 3187 3186
f 3491 3186 3490
f 3492 3188 3187
f 3492 3187 3491
f 3493 3189 3188
f 3493 3188 3492
f 3494 3190 3189
f 3494 3189 3493
f 3495 3191 3190
f 3495 3190 3494
f 3496 3192 3191
f 3496 3191 3495
f 3497 3193 3192
f 3497 3192 3496
f 3498 3194 3193
f 3498 3193 3497
f 3499 3195 3194
f 3499 3194 3498
f 3500 3196 3195
f 3500 3195 3499
f 3501 3197 3196
f 3501 3196 3500
f 3502 3198 3197
f 3502 3197 3501
f 3503 3199 3198
f 3503 3198 3502
f 3504 3200 3199
f 3504 3199 3503
f 3505 3201 3200
f 3505 3200 3504
f 3506 3202 3201
f 3506 3201 3505
f 3507 3203 3202
f 3507 3202 3506
f 3508 3204 3203
f 3508 3203 3507
f 3509 3205 3204
f 3509 3204 3508
f 3510 3206 3205
f 3510 3205 3509
f 3511 3207 3206
f 3511 3206 3510
f 3512 3208 3207
f 3512 3207 3511
f 3513 3209 3208
f 3513 3208 3512
f 3514 3210 3209
f 3514 3209 3513
f 3515 3211 3210
f 3515 3210 3514
f 3516 3212 3211
f 3516 3211 3515
f 3517 3213 3212
f 3517 3212 3516
f 3518 3214 3213
f 3518 3213 3517
f 3519 3215 3214
f 3519 3214 3518
f 3520 3216 3215
f 3520 3215 3519
f 3521 3217 3216
f 3521 3216 3520
f 3522 3218 3217
f 3522 3217 3521
f 3523 3219 3218
f 3523 3218 3522
f 3524 3220 3219
f 3524 3219 3523
f 3525 3221 3220
f 3525 3220 3524
f 3526 3222 3221
f 3526 3221 3525
f 3527 3223 3222
f 3527 3222 3526
f 3528 3224 3223
f 3528 3223 3527
f 3529 3225 3224
f 3529 3224 3528
f 3530 3226 3225
f 3530 3225 3529
f 3531 3227 3226
f 3531 3226 3530
f 3532 3228 3227
f 3532 3227 3531
f 3533 3229 3228
f 3533 3228 3532
f 3534 3230 3229
f 3534 3229 3533
f 3535 3231 3230
f 3535 3230 3534
f 3536 3232 3231
f 3536 3231 3535
f 3537 3233 3232
f 3537 3232 3536
f 3538 3234 3233
f 3538 3233 3537
f 3539 3235 3234
f 3539 3234 3538
f 3540 3236 3235
f 3540 3235 3539
f 3541 3237 3236
f 3541 3236 3540
f 3542 3238 3237
f 3542 3237 3541
f 3543 3239 3238
f 3543 3238 3542
f 3544 3240 3239
f 3544 3239 3543
f 3545 3241 3240
f 3545 3240 3544
f 3546 3242 3241
f 3546 3241 3545
f 3547 3243 3242
f 3547 3242 3546
f 3548 3244 3243
f 3548 3243 3547
f 3549 3245 3244
f 3549 3244 3548
f 3550 3246 3245
f 3550 3245 3549
f 3551 3247 3246
f 3551 3246 3550
f 3552 3248 3247
f 3552 3247 3551
f 3553 3249 3248
f 3553 3248 3552
f 3554 3250 3249
f 3554 3249 3553
f 3555 3251 3250
f 3555 3250 3554
f 3556 3252 3251
f 3556 3251 3555
f 3557 3253 3252
f 3557 3252 3556
f 3306 3254 3253
f 3306 3253 3557
f 3558 3260 3255
f 3558 3255 3422
f 3435 3311 3308
f 3435 3308 3559
f 3321 3258 3259
f 3321 3259 3560
f 3561 3017 3012
f 3561 3012 3430
f 3562 3261 3260
f 3562 3260 3558
f 3563 3262 3261
f 3563 3261 3562
f 3564 3263 3262
f 3564 3262 3563
f 3565 3264 3263
f 3565 3263 3564
f 3566 3265 3264
f 3566 3264 3565
f 3567 3266 3265
f 3567 3265 3566
f 3568 3267 3266
f 3568 3266 3567
f 3569 3268 3267
f 3569 3267 3568
f 3570 3269 3268
f 3570 3268 3569
f 3571 3270 3269
f 3571 3269 3570
f 3572 3271 3270
f 3572 3270 3571
f 3573 3272 3271
f 3573 3271 3572
f 3574 3273 3272
f 3574 3272 3573
f 3575 3274 3273
f 3575 3273 3574
f 3576 3275 3274
f 3576 3274 3575
f 3577 3276 3275
f 3577 3275 3576
f 3578 3277 3276
f 3578 3276 3577
f 3579 3278 3277
f 3579 3277 3578
f 3580 3279 3278
f 3580 3278 3579
f 3581 3280 3279
f 3581 3279 3580
f 3582 3281 3280
f 3582 3280 3581
f 3583 3282 3281
f 3583 3281 3582
f 3584 3283 3282
f 3584 3282 3583
f 3585 3284 3283
f 3585 3283 3584
f 3586 3285 3284
f 3586 3284 3585
f 3587 3286 3285
f 3587 3285 3586
f 3439 3287 3286
f 3439 3286 3587
f 3438 3292 3293
f 3438 3293 3588
f 3422 3131 3290
f 3422 3290 3589
f 3425 3125 3121
f 3425 3121 3419
f 3590 3294 3295
f 3590 3295 3591
f 3591 3295 3296
f 3591 3296 3592
f 3588 3293 3294
f 3588 3294 3590
f 3592 3296 3297
f 3592 3297 3593
f 3593 3297 3298
f 3593 3298 3594
f 3594 3298 3299
f 3594 3299 3595
f 3595 3299 3300
f 3595 3300 3596
f 3596 3300 3301
f 3596 3301 3597
f 3597 3301 3302
f 3597 3302 3598
f 3598 3302 3303
f 3598 3303 3599
f 3599 3303 3304
f 3599 3304 3600
f 3600 3304 3305
f 3600 3305 3601
f 3601 3305 3306
f 3601 3306 3557
f 3602 3289 3123
f 3602 3123 3423
f 3603 3288 3289
f 3603 3289 3602
f 3559 3308 3288
f 3559 3288 3603
f 3313 3132 3129
f 3313 3129 3428
f 3560 3259 3126
f 3560 3126 3426
f 3429 3130 3017
f 3429 3017 3561
f 3589 3290 3291
f 3589 3291 3436
f 3434 3127 3128
f 3434 3128 3437
f 3431 3020 3021
f 3431 3021 3322
f 3323 3022 3023
f 3323 3023 3432
f 3558 3422 3589
f 3558 3589 3604
f 3605 3322 3323
f 3605 3323 3606
f 3607 3319 3316
f 3607 3316 3608
f 3609 3417 3418
f 3609 3418 3610
f 3611 3326 3327
f 3611 3327 3612
f 3613 3325 3326
f 3613 3326 3611
f 3614 3328 3329
f 3614 3329 3615
f 3615 3329 3330
f 3615 3330 3616
f 3616 3330 3331
f 3616 3331 3617
f 3617 3331 3332
f 3617 3332 3618
f 3618 3332 3333
f 3618 3333 3619
f 3619 3333 3334
f 3619 3334 3620
f 3620 3334 3335
f 3620 3335 3621
f 3621 3335 3336
f 3621 3336 3622
f 3622 3336 3337
f 3622 3337 3623
f 3623 3337 3338
f 3623 3338 3624
f 3624 3338 3339
f 3624 3339 3625
f 3625 3339 3340
f 3625 3340 3626
f 3626 3340 3341
f 3626 3341 3627
f 3627 3341 3342
f 3627 3342 3628
f 3628 3342 3343
f 3628 3343 3629
f 3629 3343 3344
f 3629 3344 3630
f 3630 3344 3345
f 3630 3345 3631
f 3631 3345 3346
f 3631 3346 3632
f 3632 3346 3347
f 3632 3347 3633
f 3633 3347 3348
f 3633 3348 3634
f 3634 3348 3349
f 3634 3349 3635
f 3635 3349 3350
f 3635 3350 3636
f 3636 3350 3351
f 3636 3351 3637
f 3637 3351 3352
f 3637 3352 3638
f 3638 3352 3353
f 3638 3353 3639
f 3639 3353 3354
f 3639 3354 3640
f 3640 3354 3355
f 3640 3355 3641
f 3641 3355 3356
f 3641 3356 3642
f 3642 3356 3357
f 3642 3357 3643
f 3643 3357 3358
f 3643 3358 3644
f 3644 3358 3359
f 3644 3359 3645
f 3645 3359 3360
f 3645 3360 3646
f 3646 3360 3361
f 3646 3361 3647
f 3647 3361 3362
f 3647 3362 3648
f 3648 3362 3363
f 3648 3363 3649
f 3649 3363 3364
f 3649 3364 3650
f 3650 3364 3365
f 3650 3365 3651
f 3651 3365 3366
f 3651 3366 3652
f 3652 3366 3367
f 3652 3367 3653
f 3653 3367 3368
f 3653 3368 3654
f 3654 3368 3369
f 3654 3369 3655
f 3655 3369 3370
f 3655 3370 3656
f 3656 3370 3371
f 3656 3371 3657
f 3657 3371 3372
f 3657 3372 3658
f 3658 3372 3373
f 3658 3373 3659
f 3659 3373 3374
f 3659 3374 3660
f 3660 3374 3375
f 3660 3375 3661
f 3661 3375 3376
f 3661 3376 3662
f 3662 3376 3377
f 3662 3377 3663
f 3663 3377 3378
f 3663 3378 3664
f 3664 3378 3379
f 3664 3379 3665
f 3665 3379 3380
f 3665 3380 3666
f 3666 3380 3381
f 3666 3381 3667
f 3667 3381 3382
f 3667 3382 3668
f 3668 3382 3383
f 3668 3383 3669
f 3669 3383 3384
f 3669 3384 3670
f 3670 3384 3385
f 3670 3385 3671
f 3671 3385 3386
f 3671 3386 3672
f 3672 3386 3387
f 3672 3387 3673
f 3673 3387 3388
f 3673 3388 3674
f 3674 3388 3389
f 3674 3389 3675
f 3675 3389 3390
f 3675 3390 3676
f 3676 3390 3391
f 3676 3391 3677
f 3677 3391 3392
f 3677 3392 3678
f 3678 3392 3393
f 3678 3393 3679
f 3679 3393 3394
f 3679 3394 3680
f 3680 3394 3395
f 3680 3395 3681
f 3681 3395 3396
f 3681 3396 3682
f 3682 3396 3397
f 3682 3397 3683
f 3683 3397 3398
f 3683 3398 3684
f 3684 3398 3399
f 3684 3399 3685
f 3685 3399 3400
f 3685 3400 3686
f 3686 3400 3401
f 3686 3401 3687
f 3687 3401 3402
f 3687 3402 3688
f 3688 3402 3403
f 3688 3403 3689
f 3689 3403 3404
f 3689 3404 3690
f 3690 3404 3405
f 3690 3405 3691
f 3691 3405 3406
f 3691 3406 3692
f 3692 3406 3407
f 3692 3407 3693
f 3693 3407 3408
f 3693 3408 3694
f 3694 3408 3409
f 3694 3409 3695
f 3695 3409 3410
f 3695 3410 3696
f 3696 3410 3411
f 3696 3411 3697
f 3697 3411 3412
f 3697 3412 3698
f 3698 3412 3413
f 3698 3413 3699
f 3699 3413 3414
f 3699 3414 3700
f 3700 3414 3415
f 3700 3415 3701
f 3701 3415 3416
f 3701 3416 3702
f 3702 3416 3320
f 3702 3320 3321
f 3703 3590 3591
f 3703 3591 3704
f 3705 3421 3318
f 3705 3318 3706
f 3707 3419 3420
f 3707 3420 3708
f 3709 3588 3590
f 3709 3590 3703
f 3710 3312 3313
f 3710 3313 3711
f 3712 3317 3431
f 3712 3431 3713
f 3714 3425 3419
f 3714 3419 3707
f 3715 3423 3312
f 3715 3312 3710
f 3716 3426 3427
f 3716 3427 3717
f 3702 3321 3560
f 3702 3560 3718
f 3610 3418 3435
f 3610 3435 3719
f 3604 3589 3436
f 3604 3436 3720
f 3440 3439 3587
f 3440 3587 3721
f 3706 3318 3319
f 3706 3319 3607
f 3606 3323 3432
f 3606 3432 3722
f 3722 3432 3324
f 3722 3324 3723
f 3724 3433 3434
f 3724 3434 3725
f 3717 3427 3424
f 3717 3424 3726
f 3720 3436 3417
f 3720 3417 3609
f 3727 3438 3588
f 3727 3588 3709
f 3728 3441 3440
f 3728 3440 3721
f 3729 3442 3441
f 3729 3441 3728
f 3730 3443 3442
f 3730 3442 3729
f 3731 3444 3443
f 3731 3443 3730
f 3732 3445 3444
f 3732 3444 3731
f 3733 3446 3445
f 3733 3445 3732
f 3734 3447 3446
f 3734 3446 3733
f 3735 3448 3447
f 3735 3447 3734
f 3736 3449 3448
f 3736 3448 3735
f 3737 3450 3449
f 3737 3449 3736
f 3738 3451 3450
f 3738 3450 3737
f 3739 3452 3451
f 3739 3451 3738
f 3740 3453 3452
f 3740 3452 3739
f 3741 3454 3453
f 3741 3453 3740
f 3742 3455 3454
f 3742 3454 3741
f 3743 3456 3455
f 3743 3455 3742
f 3744 3457 3456
f 3744 3456 3743
f 3745 3458 3457
f 3745 3457 3744
f 3746 3459 3458
f 3746 3458 3745
f 3747 3460 3459
f 3747 3459 3746
f 3748 3461 3460
f 3748 3460 3747
f 3749 3462 3461
f 3749 3461 3748
f 3750 3463 3462
f 3750 3462 3749
f 3751 3464 3463
f 3751 3463 3750
f 3752 3465 3464
f 3752 3464 3751
f 3753 3466 3465
f 3753 3465 3752
f 3754 3467 3466
f 3754 3466 3753
f 3755 3468 3467
f 3755 3467 3754
f 3756 3469 3468
f 3756 3468 3755
f 3757 3470 3469
f 3757 3469 3756
f 3758 3471 3470
f 3758 3470 3757
f 3759 3472 3471
f 3759 3471 3758
f 3760 3473 3472
f 3760 3472 3759
f 3761 3474 3473
f 3761 3473 3760
f 3762 3475 3474
f 3762 3474 3761
f 3763 3476 3475
f 3763 3475 3762
f 3764 3477 3476
f 3764 3476 3763
f 3765 3478 3477
f 3765 3477 3764
f 3766 3479 3478
f 3766 3478 3765
f 3767 3480 3479
f 3767 3479 3766
f 3768 3481 3480
f 3768 3480 3767
f 3769 3482 3481
f 3769 3481 3768
f 3770 3483 3482
f 3770 3482 3769
f 3771 3484 3483
f 3771 3483 3770
f 3772 3485 3484
f 3772 3484 3771
f 3773 3486 3485
f 3773 3485 3772
f 3774 3487 3486
f 3774 3486 3773
f 3775 3488 3487
f 3775 3487 3774
f 3776 3489 3488
f 3776 3488 3775
f 3777 3490 3489
f 3777 3489 3776
f 3778 3491 3490
f 3778 3490 3777
f 3779 3492 3491
f 3779 3491 3778
f 3780 3493 3492
f 3780 3492 3779
f 3781 3494 3493
f 3781 3493 3780
f 3782 3495 3494
f 3782 3494 3781
f 3783 3496 3495
f 3783 3495 3782
f 3784 3497 3496
f 3784 3496 3783
f 3785 3498 3497
f 3785 3497 3784
f 3786 3499 3498
f 3786 3498 3785
f 3787 3500 3499
f 3787 3499 3786
f 3788 3501 3500
f 3788 3500 3787
f 3789 3502 3501
f 3789 3501 3788
f 3790 3503 3502
f 3790 3502 3789
f 3791 3504 3503
f 3791 3503 3790
f 3792 3505 3504
f 3792 3504 3791
f 3793 3506 3505
f 3793 3505 3792
f 3794 3507 3506
f 3794 3506 3793
f 3795 3508 3507
f 3795 3507 3794
f 3796 3509 3508
f 3796 3508 3795
f 3797 3510 3509
f 3797 3509 3796
f 3798 3511 3510
f 3798 3510 3797
f 3799 3512 3511
f 3799 3511 3798
f 3800 3513 3512
f 3800 3512 3799
f 3801 3514 3513
f 3801 3513 3800
f 3802 3515 3514
f 3802 3514 3801
f 3803 3516 3515
f 3803 3515 3802
f 3804 3517 3516
f 3804 3516 3803
f 3805 3518 3517
f 3805 3517 3804
f 3806 3519 3518
f 3806 3518 3805
f 3807 3520 3519
f 3807 3519 3806
f 3808 3521 3520
f 3808 3520 3807
f 3809 3522 3521
f 3809 3521 3808
f 3810 3523 3522
f 3810 3522 3809
f 3811 3524 3523
f 3811 3523 3810
f 3812 3525 3524
f 3812 3524 3811
f 3813 3526 3525
f 3813 3525 3812
f 3814 3527 3526
f 3814 3526 3813
f 3815 3528 3527
f 3815 3527 3814
f 3816 3529 3528
f 3816 3528 3815
f 3817 3530 3529
f 3817 3529 3816
f 3818 3531 3530
f 3818 3530 3817
f 3819 3532 3531
f 3819 3531 3818
f 3820 3533 3532
f 3820 3532 3819
f 3821 3534 3533
f 3821 3533 3820
f 3822 3535 3534
f 3822 3534 3821
f 3823 3536 3535
f 3823 3535 3822
f 3824 3537 3536
f 3824 3536 3823
f 3825 3538 3537
f 3825 3537 3824
f 3826 3539 3538
f 3826 3538 3825
f 3827 3540 3539
f 3827 3539 3826
f 3828 3541 3540
f 3828 3540 3827
f 3829 3542 3541
f 3829 3541 3828
f 3830 3543 3542
f 3830 3542 3829
f 3831 3544 3543
f 3831 3543 3830
f 3832 3545 3544
f 3832 3544 3831
f 3833 3546 3545
f 3833 3545 3832
f 3834 3547 3546
f 3834 3546 3833
f 3835 3548 3547
f 3835 3547 3834
f 3836 3549 3548
f 3836 3548 3835
f 3837 3550 3549
f 3837 3549 3836
f 3838 3551 3550
f 3838 3550 3837
f 3839 3552 3551
f 3839 3551 3838
f 3840 3553 3552
f 3840 3552 3839
f 3841 3554 3553
f 3841 3553 3840
f 3842 3555 3554
f 3842 3554 3841
f 3843 3556 3555
f 3843 3555 3842
f 3601 3557 3556
f 3601 3556 3843
f 3711 3313 3428
f 3711 3428 3844
f 3608 3316 3317
f 3608 3317 3712
f 3718 3560 3426
f 3718 3426 3716
f 3845 3429 3561
f 3845 3561 3846
f 3846 3561 3430
f 3846 3430 3847
f 3848 3562 3558
f 3848 3558 3604
f 3849 3602 3423
f 3849 3423 3715
f 3850 3563 3562
f 3850 3562 3848
f 3851 3564 3563
f 3851 3563 3850
f 3852 3565 3564
f 3852 3564 3851
f 3853 3566 3565
f 3853 3565 3852
f 3854 3567 3566
f 3854 3566 3853
f 3855 3568 3567
f 3855 3567 3854
f 3856 3569 3568
f 3856 3568 3855
f 3857 3570 3569
f 3857 3569 3856
f 3858 3571 3570
f 3858 3570 3857
f 3859 3572 3571
f 3859 3571 3858
f 3860 3573 3572
f 3860 3572 3859
f 3861 3574 3573
f 3861 3573 3860
f 3862 3575 3574
f 3862 3574 3861
f 3863 3576 3575
f 3863 3575 3862
f 3864 3577 3576
f 3864 3576 3863
f 3865 3578 3577
f 3865 3577 3864
f 3866 3579 3578
f 3866 3578 3865
f 3867 3580 3579
f 3867 3579 3866
f 3868 3581 3580
f 3868 3580 3867
f 3869 3582 3581
f 3869 3581 3868
f 3870 3583 3582
f 3870 3582 3869
f 3871 3584 3583
f 3871 3583 3870
f 3872 3585 3584
f 3872 3584 3871
f 3873 3586 3585
f 3873 3585 3872
f 3721 3587 3586
f 3721 3586 3873
f 3725 3434 3437
f 3725 3437 3874
f 3875 3593 3594
f 3875 3594 3876
f 3876 3594 3595
f 3876 3595 3877
f 3612 3327 3328
f 3612 3328 3614
f 3704 3591 3592
f 3704 3592 3878
f 3877 3595 3596
f 3877 3596 3879
f 3879 3596 3597
f 3879 3597 3880
f 3880 3597 3598
f 3880 3598 3881
f 3881 3598 3599
f 3881 3599 3882
f 3882 3599 3600
f 3882 3600 3883
f 3883 3600 3601
f 3883 3601 3843
f 3884 3559 3603
f 3884 3603 3885
f 3878 3592 3593
f 3878 3593 3875
f 3885 3603 3602
f 3885 3602 3849
f 3874 3437 3438
f 3874 3438 3727
f 3844 3428 3429
f 3844 3429 3845
f 3847 3430 3421
f 3847 3421 3705
f 3713 3431 3322
f 3713 3322 3605
f 3723 3324 3325
f 3723 3325 3613
f 3886 3314 3315
f 3886 3315 3887
f 3887 3315 3433
f 3887 3433 3724
f 3719 3435 3559
f 3719 3559 3884
f 3726 3424 3425
f 3726 3425 3714
f 3708 3420 3314
f 3708 3314 3886
f 3888 3605 3606
f 3888 3606 3889
f 3890 3847 3705
f 3890 3705 3891
f 3892 3613 3611
f 3892 3611 3893
f 3894 3718 3716
f 3894 3716 3895
f 3848 3604 3720
f 3848 3720 3896
f 3897 3704 3878
f 3897 3878 3898
f 3899 3886 3887
f 3899 3887 3900
f 3901 3614 3615
f 3901 3615 3902
f 3902 3615 3616
f 3902 3616 3903
f 3904 3618 3619
f 3904 3619 3905
f 3905 3619 3620
f 3905 3620 3906
f 3906 3620 3621
f 3906 3621 3907
f 3907 3621 3622
f 3907 3622 3908
f 3908 3622 3623
f 3908 3623 3909
f 3909 3623 3624
f 3909 3624 3910
f 3910 3624 3625
f 3910 3625 3911
f 3911 3625 3626
f 3911 3626 3912
f 3912 3626 3627
f 3912 3627 3913
f 3913 3627 3628
f 3913 3628 3914
f 3914 3628 3629
f 3914 3629 3915
f 3915 3629 3630
f 3915 3630 3916
f 3916 3630 3631
f 3916 3631 3917
f 3917 3631 3632
f 3917 3632 3918
f 3918 3632 3633
f 3918 3633 3919
f 3919 3633 3634
f 3919 3634 3920
f 3920 3634 3635
f 3920 3635 3921
f 3921 3635 3636
f 3921 3636 3922
f 3922 3636 3637
f 3922 3637 3923
f 3923 3637 3638
f 3923 3638 3924
f 3924 3638 3639
f 3924 3639 3925
f 3925 3639 3640
f 3925 3640 3926
f 3926 3640 3641
f 3926 3641 3927
f 3927 3641 3642
f 3927 3642 3928
f 3928 3642 3643
f 3928 3643 3929
f 3929 3643 3644
f 3929 3644 3930
f 3930 3644 3645
f 3930 3645 3931
f 3931 3645 3646
f 3931 3646 3932
f 3932 3646 3647
f 3932 3647 3933
f 3933 3647 3648
f 3933 3648 3934
f 3934 3648 3649
f 3934 3649 3935
f 3935 3649 3650
f 3935 3650 3936
f 3936 3650 3651
f 3936 3651 3937
f 3937 3651 3652
f 3937 3652 3938
f 3938 3652 3653
f 3938 3653 3939
f 3939 3653 3654
f 3939 3654 3940
f 3940 3654 3655
f 3940 3655 3941
f 3941 3655 3656
f 3941 3656 3942
f 3942 3656 3657
f 3942 3657 3943
f 3943 3657 3658
f 3943 3658 3944
f 3944 3658 3659
f 3944 3659 3945
f 3945 3659 3660
f 3945 3660 3946
f 3946 3660 3661
f 3946 3661 3947
f 3947 3661 3662
f 3947 3662 3948
f 3948 3662 3663
f 3948 3663 3949
f 3949 3663 3664
f 3949 3664 3950
f 3950 3664 3665
f 3950 3665 3951
f 3951 3665 3666
f 3951 3666 3952
f 3952 3666 3667
f 3952 3667 3953
f 3953 3667 3668
f 3953 3668 3954
f 3954 3668 3669
f 3954 3669 3955
f 3955 3669 3670
f 3955 3670 3956
f 3956 3670 3671
f 3956 3671 3957
f 3957 3671 3672
f 3957 3672 3958
f 3958 3672 3673
f 3958 3673 3959
f 3959 3673 3674
f 3959 3674 3960
f 3960 3674 3675
f 3960 3675 3961
f 3961 3675 3676
f 3961 3676 3962
f 3962 3676 3677
f 3962 3677 3963
f 3963 3677 3678
f 3963 3678 3964
f 3964 3678 3679
f 3964 3679 3965
f 3965 3679 3680
f 3965 3680 3966
f 3966 3680 3681
f 3966 3681 3967
f 3967 3681 3682
f 3967 3682 3968
f 3968 3682 3683
f 3968 3683 3969
f 3969 3683 3684
f 3969 3684 3970
f 3970 3684 3685
f 3970 3685 3971
f 3971 3685 3686
f 3971 3686 3972
f 3972 3686 3687
f 3972 3687 3973
f 3973 3687 3688
f 3973 3688 3974
f 3974 3688 3689
f 3974 3689 3975
f 3975 3689 3690
f 3975 3690 3976
f 3976 3690 3691
f 3976 3691 3977
f 3977 3691 3692
f 3977 3692 3978
f 3978 3692 3693
f 3978 3693 3979
f 3979 3693 3694
f 3979 3694 3980
f 3980 3694 3695
f 3980 3695 3981
f 3981 3695 3696
f 3981 3696 3982
f 3982 3696 3697
f 3982 3697 3983
f 3983 3697 3698
f 3983 3698 3984
f 3984 3698 3699
f 3984 3699 3985
f 3985 3699 3700
f 3985 3700 3986
f 3986 3700 3701
f 3986 3701 3894
f 3894 3701 3702
f 3894 3702 3718
f 3987 3610 3719
f 3987 3719 3988
f 3989 3877 3879
f 3989 3879 3990
f 3891 3705 3706
f 3891 3706 3991
f 3992 3608 3712
f 3992 3712 3993
f 3889 3606 3722
f 3889 3722 3994
f 3893 3611 3612
f 3893 3612 3995
f 3996 3884 3885
f 3996 3885 3997
f 3998 3710 3711
f 3998 3711 3999
f 4000 3723 3613
f 4000 3613 3892
f 4001 3715 3710
f 4001 3710 3998
f 3895 3716 3717
f 3895 3717 4002
f 4003 3726 3714
f 4003 3714 4004
f 4005 3725 3874
f 4005 3874 4006
f 4007 3708 3886
f 4007 3886 3899
f 3988 3719 3884
f 3988 3884 3996
f 4008 3724 3725
f 4008 3725 4005
f 4002 3717 3726
f 4002 3726 4003
f 4009 3709 3703
f 4009 3703 4010
f 4011 3728 3721
f 4011 3721 3873
f 4012 3609 3610
f 4012 3610 3987
f 3994 3722 3723
f 3994 3723 4000
f 3991 3706 3607
f 3991 3607 4013
f 4014 3729 3728
f 4014 3728 4011
f 4015 3730 3729
f 4015 3729 4014
f 4016 3731 3730
f 4016 3730 4015
f 4017 3732 3731
f 4017 3731 4016
f 4018 3733 3732
f 4018 3732 4017
f 4019 3734 3733
f 4019 3733 4018
f 4020 3735 3734
f 4020 3734 4019
f 4021 3736 3735
f 4021 3735 4020
f 4022 3737 3736
f 4022 3736 4021
f 4023 3738 3737
f 4023 3737 4022
f 4024 3739 3738
f 4024 3738 4023
f 4025 3740 3739
f 4025 3739 4024
f 4026 3741 3740
f 4026 3740 4025
f 4027 3742 3741
f 4027 3741 4026
f 4028 3743 3742
f 4028 3742 4027
f 4029 3744 3743
f 4029 3743 4028
f 4030 3745 3744
f 4030 3744 4029
f 4031 3746 3745
f 4031 3745 4030
f 4032 3747 3746
f 4032 3746 4031
f 4033 3748 3747
f 4033 3747 4032
f 4034 3749 3748
f 4034 3748 4033
f 4035 3750 3749
f 4035 3749 4034
f 4036 3751 3750
f 4036 3750 4035
f 4037 3752 3751
f 4037 3751 4036
f 4038 3753 3752
f 4038 3752 4037
f 4039 3754 3753
f 4039 3753 4038
f 4040 3755 3754
f 4040 3754 4039
f 4041 3756 3755
f 4041 3755 4040
f 4042 3757 3756
f 4042 3756 4041
f 4043 3758 3757
f 4043 3757 4042
f 4044 3759 3758
f 4044 3758 4043
f 4045 3760 3759
f 4045 3759 4044
f 4046 3761 3760
f 4046 3760 4045
f 4047 3762 3761
f 4047 3761 4046
f 4048 3763 3762
f 4048 3762 4047
f 4049 3764 3763
f 4049 3763 4048
f 4050 3765 3764
f 4050 3764 4049
f 4051 3766 3765
f 4051 3765 4050
f 4052 3767 3766
f 4052 3766 4051
f 4053 3768 3767
f 4053 3767 4052
f 4054 3769 3768
f 4054 3768 4053
f 4055 3770 3769
f 4055 3769 4054
f 4056 3771 3770
f 4056 3770 4055
f 4057 3772 3771
f 4057 3771 4056
f 4058 3773 3772
f 4058 3772 4057
f 4059 3774 3773
f 4059 3773 4058
f 4060 3775 3774
f 4060 3774 4059
f 4061 3776 3775
f 4061 3775 4060
f 4062 3777 3776
f 4062 3776 4061
f 4063 3778 3777
f 4063 3777 4062
f 4064 3779 3778
f 4064 3778 4063
f 4065 3780 3779
f 4065 3779 4064
f 4066 3781 3780
f 4066 3780 4065
f 4067 3782 3781
f 4067 3781 4066
f 4068 3783 3782
f 4068 3782 4067
f 4069 3784 3783
f 4069 3783 4068
f 4070 3785 3784
f 4070 3784 4069
f 4071 3786 3785
f 4071 3785 4070
f 4072 3787 3786
f 4072 3786 4071
f 4073 3788 3787
f 4073 3787 4072
f 4074 3789 3788
f 4074 3788 4073
f 4075 3790 3789
f 4075 3789 4074
f 4076 3791 3790
f 4076 3790 4075
f 4077 3792 3791
f 4077 3791 4076
f 4078 3793 3792
f 4078 3792 4077
f 4079 3794 3793
f 4079 3793 4078
f 4080 3795 3794
f 4080 3794 4079
f 4081 3796 3795
f 4081 3795 4080
f 4082 3797 3796
f 4082 3796 4081
f 4083 3798 3797
f 4083 3797 4082
f 4084 3799 3798
f 4084 3798 4083
f 4085 3800 3799
f 4085 3799 4084
f 4086 3801 3800
f 4086 3800 4085
f 4087 3802 3801
f 4087 3801 4086
f 4088 3803 3802
f 4088 3802 4087
f 4089 3804 3803
f 4089 3803 4088
f 4090 3805 3804
f 4090 3804 4089
f 4091 3806 3805
f 4091 3805 4090
f 4092 3807 3806
f 4092 3806 4091
f 4093 3808 3807
f 4093 3807 4092
f 4094 3809 3808
f 4094 3808 4093
f 4095 3810 3809
f 4095 3809 4094
f 4096 3811 3810
f 4096 3810 4095
f 4097 3812 3811
f 4097 3811 4096
f 4098 3813 3812
f 4098 3812 4097
f 4099 3814 3813
f 4099 3813 4098
f 4100 3815 3814
f 4100 3814 4099
f 4101 3816 3815
f 4101 3815 4100
f 4102 3817 3816
f 4102 3816 4101
f 4103 3818 3817
f 4103 3817 4102
f 4104 3819 3818
f 4104 3818 4103
f 4105 3820 3819
f 4105 3819 4104
f 4106 3821 3820
f 4106 3820 4105
f 4107 3822 3821
f 4107 3821 4106
f 4108 3823 3822
f 4108 3822 4107
f 4109 3824 3823
f 4109 3823 4108
f 4110 3825 3824
f 4110 3824 4109
f 4111 3826 3825
f 4111 3825 4110
f 4112 3827 3826
f 4112 3826 4111
f 4113 3828 3827
f 4113 3827 4112
f 4114 3829 3828
f 4114 3828 4113
f 4115 3830 3829
f 4115 3829 4114
f 4116 3831 3830
f 4116 3830 4115
f 4117 3832 3831
f 4117 3831 4116
f 4118 3833 3832
f 4118 3832 4117
f 4119 3834 3833
f 4119 3833 4118
f 4120 3835 3834
f 4120 3834 4119
f 4121 3836 3835
f 4121 3835 4120
f 4122 3837 3836
f 4122 3836 4121
f 4123 3838 3837
f 4123 3837 4122
f 4124 3839 3838
f 4124 3838 4123
f 4125 3840 3839
f 4125 3839 4124
f 4126 3841 3840
f 4126 3840 4125
f 4127 3842 3841
f 4127 3841 4126
f 3883 3843 3842
f 3883 3842 4127
f 4128 3846 3847
f 4128 3847 3890
f 4129 3849 3715
f 4129 3715 4001
f 4130 3850 3848
f 4130 3848 3896
f 4131 3851 3850
f 4131 3850 4130
f 4132 3852 3851
f 4132 3851 4131
f 4133 3853 3852
f 4133 3852 4132
f 4134 3854 3853
f 4134 3853 4133
f 4135 3855 3854
f 4135 3854 4134
f 4136 3856 3855
f 4136 3855 4135
f 4137 3857 3856
f 4137 3856 4136
f 4138 3858 3857
f 4138 3857 4137
f 4139 3859 3858
f 4139 3858 4138
f 4140 3860 3859
f 4140 3859 4139
f 4141 3861 3860
f 4141 3860 4140
f 4142 3862 3861
f 4142 3861 4141
f 4143 3863 3862
f 4143 3862 4142
f 4144 3864 3863
f 4144 3863 4143
f 4145 3865 3864
f 4145 3864 4144
f 4146 3866 3865
f 4146 3865 4145
f 4147 3867 3866
f 4147 3866 4146
f 4148 3868 3867
f 4148 3867 4147
f 4149 3869 3868
f 4149 3868 4148
f 4150 3870 3869
f 4150 3869 4149
f 4151 3871 3870
f 4151 3870 4150
f 4152 3872 3871
f 4152 3871 4151
f 4011 3873 3872
f 4011 3872 4152
f 3990 3879 3880
f 3990 3880 4153
f 4154 3875 3876
f 4154 3876 4155
f 4155 3876 3877
f 4155 3877 3989
f 4153 3880 3881
f 4153 3881 4156
f 4157 3844 3845
f 4157 3845 4158
f 4158 3845 3846
f 4158 3846 4128
f 4156 3881 3882
f 4156 3882 4159
f 4159 3882 3883
f 4159 3883 4127
f 4006 3874 3727
f 4006 3727 4160
f 3999 3711 3844
f 3999 3844 4157
f 3898 3878 3875
f 3898 3875 4154
f 4004 3714 3707
f 4004 3707 4161
f 4162 3713 3605
f 4162 3605 3888
f 3993 3712 3713
f 3993 3713 4162
f 4161 3707 3708
f 4161 3708 4007
f 3896 3720 3609
f 3896 3609 4012
f 4163 3617 3618
f 4163 3618 3904
f 3900 3887 3724
f 3900 3724 4008
f 3997 3885 3849
f 3997 3849 4129
f 4013 3607 3608
f 4013 3608 3992
f 3903 3616 3617
f 3903 3617 4163
f 4010 3703 3704
f 4010 3704 3897
f 4160 3727 3709
f 4160 3709 4009
f 3995 3612 3614
f 3995 3614 3901
f 4164 4161 4007
f 4164 4007 4165
f 4166 4013 3992
f 4166 3992 4167
f 4014 4011 4152
f 4014 4152 4168
f 4169 3897 3898
f 4169 3898 4170
f 4171 3997 4129
f 4171 4129 4172
f 4173 3907 3908
f 4173 3908 4174
f 4175 3906 3907
f 4175 3907 4173
f 4176 3902 3903
f 4176 3903 4177
f 4178 3904 3905
f 4178 3905 4179
f 4179 3905 3906
f 4179 3906 4175
f 4174 3908 3909
f 4174 3909 4180
f 4180 3909 3910
f 4180 3910 4181
f 4181 3910 3911
f 4181 3911 4182
f 4182 3911 3912
f 4182 3912 4183
f 4183 3912 3913
f 4183 3913 4184
f 4184 3913 3914
f 4184 3914 4185
f 4185 3914 3915
f 4185 3915 4186
f 4186 3915 3916
f 4186 3916 4187
f 4187 3916 3917
f 4187 3917 4188
f 4188 3917 3918
f 4188 3918 4189
f 4189 3918 3919
f 4189 3919 4190
f 4190 3919 3920
f 4190 3920 4191
f 4191 3920 3921
f 4191 3921 4192
f 4192 3921 3922
f 4192 3922 4193
f 4193 3922 3923
f 4193 3923 4194
f 4194 3923 3924
f 4194 3924 4195
f 4195 3924 3925
f 4195 3925 4196
f 4196 3925 3926
f 4196 3926 4197
f 4197 3926 3927
f 4197 3927 4198
f 4198 3927 3928
f 4198 3928 4199
f 4199 3928 3929
f 4199 3929 4200
f 4200 3929 3930
f 4200 3930 4201
f 4201 3930 3931
f 4201 3931 4202
f 4202 3931 3932
f 4202 3932 4203
f 4203 3932 3933
f 4203 3933 4204
f 4204 3933 3934
f 4204 3934 4205
f 4205 3934 3935
f 4205 3935 4206
f 4206 3935 3936
f 4206 3936 4207
f 4207 3936 3937
f 4207 3937 4208
f 4208 3937 3938
f 4208 3938 4209
f 4209 3938 3939
f 4209 3939 4210
f 4210 3939 3940
f 4210 3940 4211
f 4211 3940 3941
f 4211 3941 4212
f 4212 3941 3942
f 4212 3942 4213
f 4213 3942 3943
f 4213 3943 4214
f 4214 3943 3944
f 4214 3944 4215
f 4215 3944 3945
f 4215 3945 4216
f 4216 3945 3946
f 4216 3946 4217
f 4217 3946 3947
f 4217 3947 4218
f 4218 3947 3948
f 4218 3948 4219
f 4219 3948 3949
f 4219 3949 4220
f 4220 3949 3950
f 4220 3950 4221
f 4221 3950 3951
f 4221 3951 4222
f 4222 3951 3952
f 4222 3952 4223
f 4223 3952 3953
f 4223 3953 4224
f 4224 3953 3954
f 4224 3954 4225
f 4225 3954 3955
f 4225 3955 4226
f 4226 3955 3956
f 4226 3956 4227
f 4227 3956 3957
f 4227 3957 4228
f 4228 3957 3958
f 4228 3958 4229
f 4229 3958 3959
f 4229 3959 4230
f 4230 3959 3960
f 4230 3960 4231
f 4231 3960 3961
f 4231 3961 4232
f 4232 3961 3962
f 4232 3962 4233
f 4233 3962 3963
f 4233 3963 4234
f 4234 3963 3964
f 4234 3964 4235
f 4235 3964 3965
f 4235 3965 4236
f 4236 3965 3966
f 4236 3966 4237
f 4237 3966 3967
f 4237 3967 4238
f 4238 3967 3968
f 4238 3968 4239
f 4239 3968 3969
f 4239 3969 4240
f 4240 3969 3970
f 4240 3970 4241
f 4241 3970 3971
f 4241 3971 4242
f 4242 3971 3972
f 4242 3972 4243
f 4243 3972 3973
f 4243 3973 4244
f 4244 3973 3974
f 4244 3974 4245
f 4245 3974 3975
f 4245 3975 4246
f 4246 3975 3976
f 4246 3976 4247
f 4247 3976 3977
f 4247 3977 4248
f 4248 3977 3978
f 4248 3978 4249
f 4249 3978 3979
f 4249 3979 4250
f 4250 3979 3980
f 4250 3980 4251
f 4251 3980 3981
f 4251 3981 4252
f 4252 3981 3982
f 4252 3982 4253
f 4253 3982 3983
f 4253 3983 4254
f 4254 3983 3984
f 4254 3984 4255
f 4255 3984 3985
f 4255 3985 4256
f 4256 3985 3986
f 4256 3986 4257
f 4257 3986 3894
f 4257 3894 3895
f 4258 4159 4127
f 4258 4127 4126
f 4259 3995 3901
f 4259 3901 4260
f 4261 3989 3990
f 4261 3990 4262
f 4263 4153 4156
f 4263 4156 4264
f 4265 3891 3991
f 4265 3991 4266
f 4167 3992 3993
f 4167 3993 4267
f 4268 3889 3994
f 4268 3994 4269
f 4270 3996 3997
f 4270 3997 4171
f 4271 3893 3995
f 4271 3995 4259
f 4170 3898 4154
f 4170 4154 4272
f 4177 3903 4163
f 4177 4163 4273
f 4274 4001 3998
f 4274 3998 4275
f 4276 3890 3891
f 4276 3891 4265
f 4277 4160 4009
f 4277 4009 4278
f 4279 4003 4004
f 4279 4004 4280
f 4269 3994 4000
f 4269 4000 4281
f 4282 3999 4157
f 4282 4157 4283
f 4284 4010 3897
f 4284 3897 4169
f 4262 3990 4153
f 4262 4153 4263
f 4285 4128 3890
f 4285 3890 4276
f 4286 4012 3987
f 4286 3987 4287
f 4288 4015 4014
f 4288 4014 4168
f 4289 4016 4015
f 4289 4015 4288
f 4290 4017 4016
f 4290 4016 4289
f 4291 4018 4017
f 4291 4017 4290
f 4292 4019 4018
f 4292 4018 4291
f 4293 4020 4019
f 4293 4019 4292
f 4294 4021 4020
f 4294 4020 4293
f 4295 4022 4021
f 4295 4021 4294
f 4296 4023 4022
f 4296 4022 4295
f 4297 4024 4023
f 4297 4023 4296
f 4298 4025 4024
f 4298 4024 4297
f 4299 4026 4025
f 4299 4025 4298
f 4300 4027 4026
f 4300 4026 4299
f 4301 4028 4027
f 4301 4027 4300
f 4302 4029 4028
f 4302 4028 4301
f 4303 4030 4029
f 4303 4029 4302
f 4304 4031 4030
f 4304 4030 4303
f 4305 4032 4031
f 4305 4031 4304
f 4306 4033 4032
f 4306 4032 4305
f 4307 4034 4033
f 4307 4033 4306
f 4308 4035 4034
f 4308 4034 4307
f 4309 4036 4035
f 4309 4035 4308
f 4310 4037 4036
f 4310 4036 4309
f 4311 4038 4037
f 4311 4037 4310
f 4312 4039 4038
f 4312 4038 4311
f 4313 4040 4039
f 4313 4039 4312
f 4314 4041 4040
f 4314 4040 4313
f 4315 4042 4041
f 4315 4041 4314
f 4316 4043 4042
f 4316 4042 4315
f 4317 4044 4043
f 4317 4043 4316
f 4318 4045 4044
f 4318 4044 4317
f 4319 4046 4045
f 4319 4045 4318
f 4320 4047 4046
f 4320 4046 4319
f 4321 4048 4047
f 4321 4047 4320
f 4322 4049 4048
f 4322 4048 4321
f 4323 4050 4049
f 4323 4049 4322
f 4324 4051 4050
f 4324 4050 4323
f 4325 4052 4051
f 4325 4051 4324
f 4326 4053 4052
f 4326 4052 4325
f 4327 4054 4053
f 4327 4053 4326
f 4328 4055 4054
f 4328 4054 4327
f 4329 4056 4055
f 4329 4055 4328
f 4330 4057 4056
f 4330 4056 4329
f 4331 4058 4057
f 4331 4057 4330
f 4332 4059 4058
f 4332 4058 4331
f 4333 4060 4059
f 4333 4059 4332
f 4334 4061 4060
f 4334 4060 4333
f 4335 4062 4061
f 4335 4061 4334
f 4336 4063 4062
f 4336 4062 4335
f 4337 4064 4063
f 4337 4063 4336
f 4338 4065 4064
f 4338 4064 4337
f 4339 4066 4065
f 4339 4065 4338
f 4340 4067 4066
f 4340 4066 4339
f 4341 4068 4067
f 4341 4067 4340
f 4342 4069 4068
f 4342 4068 4341
f 4343 4070 4069
f 4343 4069 4342
f 4344 4071 4070
f 4344 4070 4343
f 4345 4072 4071
f 4345 4071 4344
f 4346 4073 4072
f 4346 4072 4345
f 4347 4074 4073
f 4347 4073 4346
f 4348 4075 4074
f 4348 4074 4347
f 4349 4076 4075
f 4349 4075 4348
f 4350 4077 4076
f 4350 4076 4349
f 4351 4078 4077
f 4351 4077 4350
f 4352 4079 4078
f 4352 4078 4351
f 4353 4080 4079
f 4353 4079 4352
f 4354 4081 4080
f 4354 4080 4353
f 4355 4082 4081
f 4355 4081 4354
f 4356 4083 4082
f 4356 4082 4355
f 4357 4084 4083
f 4357 4083 4356
f 4358 4085 4084
f 4358 4084 4357
f 4359 4086 4085
f 4359 4085 4358
f 4360 4087 4086
f 4360 4086 4359
f 4361 4088 4087
f 4361 4087 4360
f 4362 4089 4088
f 4362 4088 4361
f 4363 4090 4089
f 4363 4089 4362
f 4364 4091 4090
f 4364 4090 4363
f 4365 4092 4091
f 4365 4091 4364
f 4366 4093 4092
f 4366 4092 4365
f 4367 4094 4093
f 4367 4093 4366
f 4368 4095 4094
f 4368 4094 4367
f 4369 4096 4095
f 4369 4095 4368
f 4370 4097 4096
f 4370 4096 4369
f 4371 4098 4097
f 4371 4097 4370
f 4372 4099 4098
f 4372 4098 4371
f 4373 4100 4099
f 4373 4099 4372
f 4374 4101 4100
f 4374 4100 4373
f 4375 4102 4101
f 4375 4101 4374
f 4376 4103 4102
f 4376 4102 4375
f 4377 4104 4103
f 4377 4103 4376
f 4378 4105 4104
f 4378 4104 4377
f 4379 4106 4105
f 4379 4105 4378
f 4380 4107 4106
f 4380 4106 4379
f 4381 4108 4107
f 4381 4107 4380
f 4382 4109 4108
f 4382 4108 4381
f 4383 4110 4109
f 4383 4109 4382
f 4384 4111 4110
f 4384 4110 4383
f 4385 4112 4111
f 4385 4111 4384
f 4386 4113 4112
f 4386 4112 4385
f 4387 4114 4113
f 4387 4113 4386
f 4388 4115 4114
f 4388 4114 4387
f 4389 4116 4115
f 4389 4115 4388
f 4390 4117 4116
f 4390 4116 4389
f 4391 4118 4117
f 4391 4117 4390
f 4392 4119 4118
f 4392 4118 4391
f 4393 4120 4119
f 4393 4119 4392
f 4394 4121 4120
f 4394 4120 4393
f 4395 4122 4121
f 4395 4121 4394
f 4396 4123 4122
f 4396 4122 4395
f 4397 4124 4123
f 4397 4123 4396
f 4398 4125 4124
f 4398 4124 4397
f 4258 4126 4125
f 4258 4125 4398
f 4165 4007 3899
f 4165 3899 4399
f 4400 4002 4003
f 4400 4003 4279
f 4401 4005 4006
f 4401 4006 4402
f 4278 4009 4010
f 4278 4010 4284
f 4260 3901 3902
f 4260 3902 4176
f 4172 4129 4001
f 4172 4001 4274
f 4280 4004 4161
f 4280 4161 4164
f 4286 4130 3896
f 4286 3896 4012
f 4403 4131 4130
f 4403 4130 4286
f 4404 4132 4131
f 4404 4131 4403
f 4405 4133 4132
f 4405 4132 4404
f 4406 4134 4133
f 4406 4133 4405
f 4407 4135 4134
f 4407 4134 4406
f 4408 4136 4135
f 4408 4135 4407
f 4409 4137 4136
f 4409 4136 4408
f 4410 4138 4137
f 4410 4137 4409
f 4411 4139 4138
f 4411 4138 4410
f 4412 4140 4139
f 4412 4139 4411
f 4413 4141 4140
f 4413 4140 4412
f 4414 4142 4141
f 4414 4141 4413
f 4415 4143 4142
f 4415 4142 4414
f 4416 4144 4143
f 4416 4143 4415
f 4417 4145 4144
f 4417 4144 4416
f 4418 4146 4145
f 4418 4145 4417
f 4419 4147 4146
f 4419 4146 4418
f 4420 4148 4147
f 4420 4147 4419
f 4421 4149 4148
f 4421 4148 4420
f 4422 4150 4149
f 4422 4149 4421
f 4423 4151 4150
f 4423 4150 4422
f 4168 4152 4151
f 4168 4151 4423
f 4272 4154 4155
f 4272 4155 4424
f 4266 3991 4013
f 4266 4013 4166
f 4424 4155 3989
f 4424 3989 4261
f 4281 4000 3892
f 4281 3892 4425
f 4257 3895 4002
f 4257 4002 4400
f 4283 4157 4158
f 4283 4158 4426
f 4426 4158 4128
f 4426 4128 4285
f 4402 4006 4160
f 4402 4160 4277
f 4275 3998 3999
f 4275 3999 4282
f 4425 3892 3893
f 4425 3893 4271
f 4427 4162 3888
f 4427 3888 4428
f 4429 4008 4005
f 4429 4005 4401
f 4430 3900 4008
f 4430 4008 4429
f 4431 3988 3996
f 4431 3996 4270
f 4428 3888 3889
f 4428 3889 4268
f 4273 4163 3904
f 4273 3904 4178
f 4399 3899 3900
f 4399 3900 4430
f 4287 3987 3988
f 4287 3988 4431
f 4264 4156 4159
f 4264 4159 4258
f 4267 3993 4162
f 4267 4162 4427
f 4432 4426 4285
f 4432 4285 4433
f 4264 4258 4398
f 4264 4398 4434
f 4435 4169 4170
f 4435 4170 4436
f 4437 4280 4164
f 4437 4164 4438
f 4439 4180 4181
f 4439 4181 4440
f 4440 4181 4182
f 4440 4182 4441
f 4442 4176 4177
f 4442 4177 4443
f 4444 4174 4180
f 4444 4180 4439
f 4445 4179 4175
f 4445 4175 4446
f 4447 4273 4178
f 4447 4178 4448
f 4441 4182 4183
f 4441 4183 4449
f 4449 4183 4184
f 4449 4184 4450
f 4450 4184 4185
f 4450 4185 4451
f 4451 4185 4186
f 4451 4186 4452
f 4452 4186 4187
f 4452 4187 4453
f 4453 4187 4188
f 4453 4188 4454
f 4454 4188 4189
f 4454 4189 4455
f 4455 4189 4190
f 4455 4190 4456
f 4456 4190 4191
f 4456 4191 4457
f 4457 4191 4192
f 4457 4192 4458
f 4458 4192 4193
f 4458 4193 4459
f 4459 4193 4194
f 4459 4194 4460
f 4460 4194 4195
f 4460 4195 4461
f 4461 4195 4196
f 4461 4196 4462
f 4462 4196 4197
f 4462 4197 4463
f 4463 4197 4198
f 4463 4198 4464
f 4464 4198 4199
f 4464 4199 4465
f 4465 4199 4200
f 4465 4200 4466
f 4466 4200 4201
f 4466 4201 4467
f 4467 4201 4202
f 4467 4202 4468
f 4468 4202 4203
f 4468 4203 4469
f 4469 4203 4204
f 4469 4204 4470
f 4470 4204 4205
f 4470 4205 4471
f 4471 4205 4206
f 4471 4206 4472
f 4472 4206 4207
f 4472 4207 4473
f 4473 4207 4208
f 4473 4208 4474
f 4474 4208 4209
f 4474 4209 4475
f 4475 4209 4210
f 4475 4210 4476
f 4476 4210 4211
f 4476 4211 4477
f 4477 4211 4212
f 4477 4212 4478
f 4478 4212 4213
f 4478 4213 4479
f 4479 4213 4214
f 4479 4214 4480
f 4480 4214 4215
f 4480 4215 4481
f 4481 4215 4216
f 4481 4216 4482
f 4482 4216 4217
f 4482 4217 4483
f 4483 4217 4218
f 4483 4218 4484
f 4484 4218 4219
f 4484 4219 4485
f 4485 4219 4220
f 4485 4220 4486
f 4486 4220 4221
f 4486 4221 4487
f 4487 4221 4222
f 4487 4222 4488
f 4488 4222 4223
f 4488 4223 4489
f 4489 4223 4224
f 4489 4224 4490
f 4490 4224 4225
f 4490 4225 4491
f 4491 4225 4226
f 4491 4226 4492
f 4492 4226 4227
f 4492 4227 4493
f 4493 4227 4228
f 4493 4228 4494
f 4494 4228 4229
f 4494 4229 4495
f 4495 4229 4230
f 4495 4230 4496
f 4496 4230 4231
f 4496 4231 4497
f 4497 4231 4232
f 4497 4232 4498
f 4498 4232 4233
f 4498 4233 4499
f 4499 4233 4234
f 4499 4234 4500
f 4500 4234 4235
f 4500 4235 4501
f 4501 4235 4236
f 4501 4236 4502
f 4502 4236 4237
f 4502 4237 4503
f 4503 4237 4238
f 4503 4238 4504
f 4504 4238 4239
f 4504 4239 4505
f 4505 4239 4240
f 4505 4240 4506
f 4506 4240 4241
f 4506 4241 4507
f 4507 4241 4242
f 4507 4242 4508
f 4508 4242 4243
f 4508 4243 4509
f 4509 4243 4244
f 4509 4244 4510
f 4510 4244 4245
f 4510 4245 4511
f 4511 4245 4246
f 4511 4246 4512
f 4512 4246 4247
f 4512 4247 4513
f 4513 4247 4248
f 4513 4248 4514
f 4514 4248 4249
f 4514 4249 4515
f 4515 4249 4250
f 4515 4250 4516
f 4516 4250 4251
f 4516 4251 4517
f 4517 4251 4252
f 4517 4252 4518
f 4518 4252 4253
f 4518 4253 4519
f 4519 4253 4254
f 4519 4254 4520
f 4520 4254 4255
f 4520 4255 4521
f 4521 4255 4256
f 4521 4256 4522
f 4522 4256 4257
f 4522 4257 4400
f 4523 4283 4426
f 4523 4426 4432
f 4524 4261 4262
f 4524 4262 4525
f 4436 4170 4272
f 4436 4272 4526
f 4527 4259 4260
f 4527 4260 4528
f 4448 4178 4179
f 4448 4179 4445
f 4529 4267 4427
f 4529 4427 4530
f 4531 4424 4261
f 4531 4261 4524
f 4532 4167 4267
f 4532 4267 4529
f 4533 4268 4269
f 4533 4269 4534
f 4535 4428 4268
f 4535 4268 4533
f 4536 4402 4277
f 4536 4277 4537
f 4538 4271 4259
f 4538 4259 4527
f 4539 4266 4166
f 4539 4166 4540
f 4541 4399 4430
f 4541 4430 4542
f 4543 4274 4275
f 4543 4275 4544
f 4537 4277 4278
f 4537 4278 4545
f 4288 4168 4423
f 4288 4423 4546
f 4534 4269 4281
f 4534 4281 4547
f 4548 4282 4283
f 4548 4283 4523
f 4549 4265 4266
f 4549 4266 4539
f 4550 4165 4399
f 4550 4399 4541
f 4547 4281 4425
f 4547 4425 4551
f 4540 4166 4167
f 4540 4167 4532
f 4403 4286 4287
f 4403 4287 4552
f 4552 4287 4431
f 4552 4431 4553
f 4443 4177 4273
f 4443 4273 4447
f 4554 4289 4288
f 4554 4288 4546
f 4555 4290 4289
f 4555 4289 4554
f 4556 4291 4290
f 4556 4290 4555
f 4557 4292 4291
f 4557 4291 4556
f 4558 4293 4292
f 4558 4292 4557
f 4559 4294 4293
f 4559 4293 4558
f 4560 4295 4294
f 4560 4294 4559
f 4561 4296 4295
f 4561 4295 4560
f 4562 4297 4296
f 4562 4296 4561
f 4563 4298 4297
f 4563 4297 4562
f 4564 4299 4298
f 4564 4298 4563
f 4565 4300 4299
f 4565 4299 4564
f 4566 4301 4300
f 4566 4300 4565
f 4567 4302 4301
f 4567 4301 4566
f 4568 4303 4302
f 4568 4302 4567
f 4569 4304 4303
f 4569 4303 4568
f 4570 4305 4304
f 4570 4304 4569
f 4571 4306 4305
f 4571 4305 4570
f 4572 4307 4306
f 4572 4306 4571
f 4573 4308 4307
f 4573 4307 4572
f 4574 4309 4308
f 4574 4308 4573
f 4575 4310 4309
f 4575 4309 4574
f 4576 4311 4310
f 4576 4310 4575
f 4577 4312 4311
f 4577 4311 4576
f 4578 4313 4312
f 4578 4312 4577
f 4579 4314 4313
f 4579 4313 4578
f 4580 4315 4314
f 4580 4314 4579
f 4581 4316 4315
f 4581 4315 4580
f 4582 4317 4316
f 4582 4316 4581
f 4583 4318 4317
f 4583 4317 4582
f 4584 4319 4318
f 4584 4318 4583
f 4585 4320 4319
f 4585 4319 4584
f 4586 4321 4320
f 4586 4320 4585
f 4587 4322 4321
f 4587 4321 4586
f 4588 4323 4322
f 4588 4322 4587
f 4589 4324 4323
f 4589 4323 4588
f 4590 4325 4324
f 4590 4324 4589
f 4591 4326 4325
f 4591 4325 4590
f 4592 4327 4326
f 4592 4326 4591
f 4593 4328 4327
f 4593 4327 4592
f 4594 4329 4328
f 4594 4328 4593
f 4595 4330 4329
f 4595 4329 4594
f 4596 4331 4330
f 4596 4330 4595
f 4597 4332 4331
f 4597 4331 4596
f 4598 4333 4332
f 4598 4332 4597
f 4599 4334 4333
f 4599 4333 4598
f 4600 4335 4334
f 4600 4334 4599
f 4601 4336 4335
f 4601 4335 4600
f 4602 4337 4336
f 4602 4336 4601
f 4603 4338 4337
f 4603 4337 4602
f 4604 4339 4338
f 4604 4338 4603
f 4605 4340 4339
f 4605 4339 4604
f 4606 4341 4340
f 4606 4340 4605
f 4607 4342 4341
f 4607 4341 4606
f 4608 4343 4342
f 4608 4342 4607
f 4609 4344 4343
f 4609 4343 4608
f 4610 4345 4344
f 4610 4344 4609
f 4611 4346 4345
f 4611 4345 4610
f 4612 4347 4346
f 4612 4346 4611
f 4613 4348 4347
f 4613 4347 4612
f 4614 4349 4348
f 4614 4348 4613
f 4615 4350 4349
f 4615 4349 4614
f 4616 4351 4350
f 4616 4350 4615
f 4617 4352 4351
f 4617 4351 4616
f 4618 4353 4352
f 4618 4352 4617
f 4619 4354 4353
f 4619 4353 4618
f 4620 4355 4354
f 4620 4354 4619
f 4621 4356 4355
f 4621 4355 4620
f 4622 4357 4356
f 4622 4356 4621
f 4623 4358 4357
f 4623 4357 4622
f 4624 4359 4358
f 4624 4358 4623
f 4625 4360 4359
f 4625 4359 4624
f 4626 4361 4360
f 4626 4360 4625
f 4627 4362 4361
f 4627 4361 4626
f 4628 4363 4362
f 4628 4362 4627
f 4629 4364 4363
f 4629 4363 4628
f 4630 4365 4364
f 4630 4364 4629
f 4631 4366 4365
f 4631 4365 4630
f 4632 4367 4366
f 4632 4366 4631
f 4633 4368 4367
f 4633 4367 4632
f 4634 4369 4368
f 4634 4368 4633
f 4635 4370 4369
f 4635 4369 4634
f 4636 4371 4370
f 4636 4370 4635
f 4637 4372 4371
f 4637 4371 4636
f 4638 4373 4372
f 4638 4372 4637
f 4639 4374 4373
f 4639 4373 4638
f 4640 4375 4374
f 4640 4374 4639
f 4641 4376 4375
f 4641 4375 4640
f 4642 4377 4376
f 4642 4376 4641
f 4643 4378 4377
f 4643 4377 4642
f 4644 4379 4378
f 4644 4378 4643
f 4645 4380 4379
f 4645 4379 4644
f 4646 4381 4380
f 4646 4380 4645
f 4647 4382 4381
f 4647 4381 4646
f 4648 4383 4382
f 4648 4382 4647
f 4649 4384 4383
f 4649 4383 4648
f 4650 4385 4384
f 4650 4384 4649
f 4651 4386 4385
f 4651 4385 4650
f 4652 4387 4386
f 4652 4386 4651
f 4653 4388 4387
f 4653 4387 4652
f 4654 4389 4388
f 4654 4388 4653
f 4655 4390 4389
f 4655 4389 4654
f 4656 4391 4390
f 4656 4390 4655
f 4657 4392 4391
f 4657 4391 4656
f 4658 4393 4392
f 4658 4392 4657
f 4659 4394 4393
f 4659 4393 4658
f 4660 4395 4394
f 4660 4394 4659
f 4661 4396 4395
f 4661 4395 4660
f 4662 4397 4396
f 4662 4396 4661
f 4434 4398 4397
f 4434 4397 4662
f 4663 4172 4274
f 4663 4274 4543
f 4522 4400 4279
f 4522 4279 4664
f 4665 4401 4402
f 4665 4402 4536
f 4545 4278 4284
f 4545 4284 4666
f 4667 4404 4403
f 4667 4403 4552
f 4668 4405 4404
f 4668 4404 4667
f 4669 4406 4405
f 4669 4405 4668
f 4670 4407 4406
f 4670 4406 4669
f 4671 4408 4407
f 4671 4407 4670
f 4672 4409 4408
f 4672 4408 4671
f 4673 4410 4409
f 4673 4409 4672
f 4674 4411 4410
f 4674 4410 4673
f 4675 4412 4411
f 4675 4411 4674
f 4676 4413 4412
f 4676 4412 4675
f 4677 4414 4413
f 4677 4413 4676
f 4678 4415 4414
f 4678 4414 4677
f 4679 4416 4415
f 4679 4415 4678
f 4680 4417 4416
f 4680 4416 4679
f 4681 4418 4417
f 4681 4417 4680
f 4682 4419 4418
f 4682 4418 4681
f 4683 4420 4419
f 4683 4419 4682
f 4684 4421 4420
f 4684 4420 4683
f 4685 4422 4421
f 4685 4421 4684
f 4546 4423 4422
f 4546 4422 4685
f 4666 4284 4169
f 4666 4169 4435
f 4686 4276 4265
f 4686 4265 4549
f 4687 4429 4401
f 4687 4401 4665
f 4544 4275 4282
f 4544 4282 4548
f 4664 4279 4280
f 4664 4280 4437
f 4688 4270 4171
f 4688 4171 4689
f 4542 4430 4429
f 4542 4429 4687
f 4690 4173 4174
f 4690 4174 4444
f 4553 4431 4270
f 4553 4270 4688
f 4528 4260 4176
f 4528 4176 4442
f 4433 4285 4276
f 4433 4276 4686
f 4438 4164 4165
f 4438 4165 4550
f 4691 4263 4264
f 4691 4264 4434
f 4526 4272 4424
f 4526 4424 4531
f 4551 4425 4271
f 4551 4271 4538
f 4530 4427 4428
f 4530 4428 4535
f 4525 4262 4263
f 4525 4263 4691
f 4446 4175 4173
f 4446 4173 4690
f 4689 4171 4172
f 4689 4172 4663
f 4692 4526 4531
f 4692 4531 4693
f 4694 4435 4436
f 4694 4436 4695
f 4696 4438 4550
f 4696 4550 4697
f 4698 4663 4543
f 4698 4543 4699
f 4700 4440 4441
f 4700 4441 4701
f 4702 4442 4443
f 4702 4443 4703
f 4704 4553 4688
f 4704 4688 4705
f 4706 4445 4446
f 4706 4446 4707
f 4708 4525 4691
f 4708 4691 4709
f 4701 4441 4449
f 4701 4449 4710
f 4711 4451 4452
f 4711 4452 4712
f 4712 4452 4453
f 4712 4453 4713
f 4713 4453 4454
f 4713 4454 4714
f 4714 4454 4455
f 4714 4455 4715
f 4715 4455 4456
f 4715 4456 4716
f 4716 4456 4457
f 4716 4457 4717
f 4717 4457 4458
f 4717 4458 4718
f 4718 4458 4459
f 4718 4459 4719
f 4719 4459 4460
f 4719 4460 4720
f 4720 4460 4461
f 4720 4461 4721
f 4721 4461 4462
f 4721 4462 4722
f 4722 4462 4463
f 4722 4463 4723
f 4723 4463 4464
f 4723 4464 4724
f 4724 4464 4465
f 4724 4465 4725
f 4725 4465 4466
f 4725 4466 4726
f 4726 4466 4467
f 4726 4467 4727
f 4727 4467 4468
f 4727 4468 4728
f 4728 4468 4469
f 4728 4469 4729
f 4729 4469 4470
f 4729 4470 4730
f 4730 4470 4471
f 4730 4471 4731
f 4731 4471 4472
f 4731 4472 4732
f 4732 4472 4473
f 4732 4473 4733
f 4733 4473 4474
f 4733 4474 4734
f 4734 4474 4475
f 4734 4475 4735
f 4735 4475 4476
f 4735 4476 4736
f 4736 4476 4477
f 4736 4477 4737
f 4737 4477 4478
f 4737 4478 4738
f 4738 4478 4479
f 4738 4479 4739
f 4739 4479 4480
f 4739 4480 4740
f 4740 4480 4481
f 4740 4481 4741
f 4741 4481 4482
f 4741 4482 4742
f 4742 4482 4483
f 4742 4483 4743
f 4743 4483 4484
f 4743 4484 4744
f 4744 4484 4485
f 4744 4485 4745
f 4745 4485 4486
f 4745 4486 4746
f 4746 4486 4487
f 4746 4487 4747
f 4747 4487 4488
f 4747 4488 4748
f 4748 4488 4489
f 4748 4489 4749
f 4749 4489 4490
f 4749 4490 4750
f 4750 4490 4491
f 4750 4491 4751
f 4751 4491 4492
f 4751 4492 4752
f 4752 4492 4493
f 4752 4493 4753
f 4753 4493 4494
f 4753 4494 4754
f 4754 4494 4495
f 4754 4495 4755
f 4755 4495 4496
f 4755 4496 4756
f 4756 4496 4497
f 4756 4497 4757
f 4757 4497 4498
f 4757 4498 4758
f 4758 4498 4499
f 4758 4499 4759
f 4759 4499 4500
f 4759 4500 4760
f 4760 4500 4501
f 4760 4501 4761
f 4761 4501 4502
f 4761 4502 4762
f 4762 4502 4503
f 4762 4503 4763
f 4763 4503 4504
f 4763 4504 4764
f 4764 4504 4505
f 4764 4505 4765
f 4765 4505 4506
f 4765 4506 4766
f 4766 4506 4507
f 4766 4507 4767
f 4767 4507 4508
f 4767 4508 4768
f 4768 4508 4509
f 4768 4509 4769
f 4769 4509 4510
f 4769 4510 4770
f 4770 4510 4511
f 4770 4511 4771
f 4771 4511 4512
f 4771 4512 4772
f 4772 4512 4513
f 4772 4513 4773
f 4773 4513 4514
f 4773 4514 4774
f 4774 4514 4515
f 4774 4515 4775
f 4775 4515 4516
f 4775 4516 4776
f 4776 4516 4517
f 4776 4517 4777
f 4777 4517 4518
f 4777 4518 4778
f 4778 4518 4519
f 4778 4519 4779
f 4779 4519 4520
f 4779 4520 4780
f 4780 4520 4521
f 4780 4521 4781
f 4781 4521 4522
f 4781 4522 4664
f 4782 4544 4548
f 4782 4548 4783
f 4784 4690 4444
f 4784 4444 4785
f 4786 4551 4538
f 4786 4538 4787
f 4703 4443 4447
f 4703 4447 4788
f 4789 4524 4525
f 4789 4525 4708
f 4695 4436 4526
f 4695 4526 4692
f 4790 4527 4528
f 4790 4528 4791
f 4792 4448 4445
f 4792 4445 4706
f 4693 4531 4524
f 4693 4524 4789
f 4793 4532 4529
f 4793 4529 4794
f 4795 4533 4534
f 4795 4534 4796
f 4797 4536 4537
f 4797 4537 4798
f 4799 4539 4540
f 4799 4540 4800
f 4781 4664 4437
f 4781 4437 4801
f 4798 4537 4545
f 4798 4545 4802
f 4803 4433 4686
f 4803 4686 4804
f 4805 4666 4435
f 4805 4435 4694
f 4800 4540 4532
f 4800 4532 4793
f 4783 4548 4523
f 4783 4523 4806
f 4807 4549 4539
f 4807 4539 4799
f 4796 4534 4547
f 4796 4547 4808
f 4697 4550 4541
f 4697 4541 4809
f 4810 4530 4535
f 4810 4535 4811
f 4791 4528 4442
f 4791 4442 4702
f 4812 4555 4554
f 4812 4554 4813
f 4814 4556 4555
f 4814 4555 4812
f 4815 4557 4556
f 4815 4556 4814
f 4816 4558 4557
f 4816 4557 4815
f 4817 4559 4558
f 4817 4558 4816
f 4818 4560 4559
f 4818 4559 4817
f 4819 4561 4560
f 4819 4560 4818
f 4820 4562 4561
f 4820 4561 4819
f 4821 4563 4562
f 4821 4562 4820
f 4822 4564 4563
f 4822 4563 4821
f 4823 4565 4564
f 4823 4564 4822
f 4824 4566 4565
f 4824 4565 4823
f 4825 4567 4566
f 4825 4566 4824
f 4826 4568 4567
f 4826 4567 4825
f 4827 4569 4568
f 4827 4568 4826
f 4828 4570 4569
f 4828 4569 4827
f 4829 4571 4570
f 4829 4570 4828
f 4830 4572 4571
f 4830 4571 4829
f 4831 4573 4572
f 4831 4572 4830
f 4832 4574 4573
f 4832 4573 4831
f 4833 4575 4574
f 4833 4574 4832
f 4834 4576 4575
f 4834 4575 4833
f 4835 4577 4576
f 4835 4576 4834
f 4836 4578 4577
f 4836 4577 4835
f 4837 4579 4578
f 4837 4578 4836
f 4838 4580 4579
f 4838 4579 4837
f 4839 4581 4580
f 4839 4580 4838
f 4840 4582 4581
f 4840 4581 4839
f 4841 4583 4582
f 4841 4582 4840
f 4842 4584 4583
f 4842 4583 4841
f 4843 4585 4584
f 4843 4584 4842
f 4844 4586 4585
f 4844 4585 4843
f 4845 4587 4586
f 4845 4586 4844
f 4846 4588 4587
f 4846 4587 4845
f 4847 4589 4588
f 4847 4588 4846
f 4848 4590 4589
f 4848 4589 4847
f 4849 4591 4590
f 4849 4590 4848
f 4850 4592 4591
f 4850 4591 4849
f 4851 4593 4592
f 4851 4592 4850
f 4852 4594 4593
f 4852 4593 4851
f 4853 4595 4594
f 4853 4594 4852
f 4854 4596 4595
f 4854 4595 4853
f 4855 4597 4596
f 4855 4596 4854
f 4856 4598 4597
f 4856 4597 4855
f 4857 4599 4598
f 4857 4598 4856
f 4858 4600 4599
f 4858 4599 4857
f 4859 4601 4600
f 4859 4600 4858
f 4860 4602 4601
f 4860 4601 4859
f 4861 4603 4602
f 4861 4602 4860
f 4862 4604 4603
f 4862 4603 4861
f 4863 4605 4604
f 4863 4604 4862
f 4864 4606 4605
f 4864 4605 4863
f 4865 4607 4606
f 4865 4606 4864
f 4866 4608 4607
f 4866 4607 4865
f 4867 4609 4608
f 4867 4608 4866
f 4868 4610 4609
f 4868 4609 4867
f 4869 4611 4610
f 4869 4610 4868
f 4870 4612 4611
f 4870 4611 4869
f 4871 4613 4612
f 4871 4612 4870
f 4872 4614 4613
f 4872 4613 4871
f 4873 4615 4614
f 4873 4614 4872
f 4874 4616 4615
f 4874 4615 4873
f 4875 4617 4616
f 4875 4616 4874
f 4876 4618 4617
f 4876 4617 4875
f 4877 4619 4618
f 4877 4618 4876
f 4878 4620 4619
f 4878 4619 4877
f 4879 4621 4620
f 4879 4620 4878
f 4880 4622 4621
f 4880 4621 4879
f 4881 4623 4622
f 4881 4622 4880
f 4882 4624 4623
f 4882 4623 4881
f 4883 4625 4624
f 4883 4624 4882
f 4884 4626 4625
f 4884 4625 4883
f 4885 4627 4626
f 4885 4626 4884
f 4886 4628 4627
f 4886 4627 4885
f 4887 4629 4628
f 4887 4628 4886
f 4888 4630 4629
f 4888 4629 4887
f 4889 4631 4630
f 4889 4630 4888
f 4890 4632 4631
f 4890 4631 4889
f 4891 4633 4632
f 4891 4632 4890
f 4892 4634 4633
f 4892 4633 4891
f 4893 4635 4634
f 4893 4634 4892
f 4894 4636 4635
f 4894 4635 4893
f 4895 4637 4636
f 4895 4636 4894
f 4896 4638 4637
f 4896 4637 4895
f 4897 4639 4638
f 4897 4638 4896
f 4898 4640 4639
f 4898 4639 4897
f 4899 4641 4640
f 4899 4640 4898
f 4900 4642 4641
f 4900 4641 4899
f 4901 4643 4642
f 4901 4642 4900
f 4902 4644 4643
f 4902 4643 4901
f 4903 4645 4644
f 4903 4644 4902
f 4904 4646 4645
f 4904 4645 4903
f 4905 4647 4646
f 4905 4646 4904
f 4906 4648 4647
f 4906 4647 4905
f 4907 4649 4648
f 4907 4648 4906
f 4908 4650 4649
f 4908 4649 4907
f 4909 4651 4650
f 4909 4650 4908
f 4910 4652 4651
f 4910 4651 4909
f 4911 4653 4652
f 4911 4652 4910
f 4912 4654 4653
f 4912 4653 4911
f 4913 4655 4654
f 4913 4654 4912
f 4914 4656 4655
f 4914 4655 4913
f 4915 4657 4656
f 4915 4656 4914
f 4916 4658 4657
f 4916 4657 4915
f 4917 4659 4658
f 4917 4658 4916
f 4918 4660 4659
f 4918 4659 4917
f 4919 4661 4660
f 4919 4660 4918
f 4709 4662 4661
f 4709 4661 4919
f 4920 4439 4440
f 4920 4440 4700
f 4921 4665 4536
f 4921 4536 4797
f 4704 4667 4552
f 4704 4552 4553
f 4922 4668 4667
f 4922 4667 4704
f 4923 4669 4668
f 4923 4668 4922
f 4924 4670 4669
f 4924 4669 4923
f 4925 4671 4670
f 4925 4670 4924
f 4926 4672 4671
f 4926 4671 4925
f 4927 4673 4672
f 4927 4672 4926
f 4928 4674 4673
f 4928 4673 4927
f 4929 4675 4674
f 4929 4674 4928
f 4930 4676 4675
f 4930 4675 4929
f 4931 4677 4676
f 4931 4676 4930
f 4932 4678 4677
f 4932 4677 4931
f 4933 4679 4678
f 4933 4678 4932
f 4934 4680 4679
f 4934 4679 4933
f 4935 4681 4680
f 4935 4680 4934
f 4936 4682 4681
f 4936 4681 4935
f 4937 4683 4682
f 4937 4682 4936
f 4938 4684 4683
f 4938 4683 4937
f 4813 4685 4684
f 4813 4684 4938
f 4699 4543 4544
f 4699 4544 4782
f 4808 4547 4551
f 4808 4551 4786
f 4709 4691 4434
f 4709 4434 4662
f 4939 4687 4665
f 4939 4665 4921
f 4787 4538 4527
f 4787 4527 4790
f 4802 4545 4666
f 4802 4666 4805
f 4811 4535 4533
f 4811 4533 4795
f 4806 4523 4432
f 4806 4432 4940
f 4554 4546 4685
f 4554 4685 4813
f 4940 4432 4433
f 4940 4433 4803
f 4941 4450 4451
f 4941 4451 4711
f 4801 4437 4438
f 4801 4438 4696
f 4942 4542 4687
f 4942 4687 4939
f 4785 4444 4439
f 4785 4439 4920
f 4788 4447 4448
f 4788 4448 4792
f 4794 4529 4530
f 4794 4530 4810
f 4710 4449 4450
f 4710 4450 4941
f 4943 4689 4663
f 4943 4663 4698
f 4705 4688 4689
f 4705 4689 4943
f 4804 4686 4549
f 4804 4549 4807
f 4809 4541 4542
f 4809 4542 4942
f 4707 4446 4690
f 4707 4690 4784
f 4944 4806 4940
f 4944 4940 4945
f 4946 4808 4786
f 4946 4786 4947
f 4948 4696 4697
f 4948 4697 4949
f 4950 4713 4714
f 4950 4714 4951
f 4952 4793 4794
f 4952 4794 4953
f 4954 4804 4807
f 4954 4807 4955
f 4956 4785 4920
f 4956 4920 4957
f 4958 4701 4710
f 4958 4710 4959
f 4960 4711 4712
f 4960 4712 4961
f 4961 4712 4713
f 4961 4713 4950
f 4962 4715 4716
f 4962 4716 4963
f 4963 4716 4717
f 4963 4717 4964
f 4964 4717 4718
f 4964 4718 4965
f 4965 4718 4719
f 4965 4719 4966
f 4966 4719 4720
f 4966 4720 4967
f 4967 4720 4721
f 4967 4721 4968
f 4968 4721 4722
f 4968 4722 4969
f 4969 4722 4723
f 4969 4723 4970
f 4970 4723 4724
f 4970 4724 4971
f 4971 4724 4725
f 4971 4725 4972
f 4972 4725 4726
f 4972 4726 4973
f 4973 4726 4727
f 4973 4727 4974
f 4974 4727 4728
f 4974 4728 4975
f 4975 4728 4729
f 4975 4729 4976
f 4976 4729 4730
f 4976 4730 4977
f 4977 4730 4731
f 4977 4731 4978
f 4978 4731 4732
f 4978 4732 4979
f 4979 4732 4733
f 4979 4733 4980
f 4980 4733 4734
f 4980 4734 4981
f 4981 4734 4735
f 4981 4735 4982
f 4982 4735 4736
f 4982 4736 4983
f 4983 4736 4737
f 4983 4737 4984
f 4984 4737 4738
f 4984 4738 4985
f 4985 4738 4739
f 4985 4739 4986
f 4986 4739 4740
f 4986 4740 4987
f 4987 4740 4741
f 4987 4741 4988
f 4988 4741 4742
f 4988 4742 4989
f 4989 4742 4743
f 4989 4743 4990
f 4990 4743 4744
f 4990 4744 4991
f 4991 4744 4745
f 4991 4745 4992
f 4992 4745 4746
f 4992 4746 4993
f 4993 4746 4747
f 4993 4747 4994
f 4994 4747 4748
f 4994 4748 4995
f 4995 4748 4749
f 4995 4749 4996
f 4996 4749 4750
f 4996 4750 4997
f 4997 4750 4751
f 4997 4751 4998
f 4998 4751 4752
f 4998 4752 4999
f 4999 4752 4753
f 4999 4753 5000
f 5000 4753 4754
f 5000 4754 5001
f 5001 4754 4755
f 5001 4755 5002
f 5002 4755 4756
f 5002 4756 5003
f 5003 4756 4757
f 5003 4757 5004
f 5004 4757 4758
f 5004 4758 5005
f 5005 4758 4759
f 5005 4759 5006
f 5006 4759 4760
f 5006 4760 5007
f 5007 4760 4761
f 5007 4761 5008
f 5008 4761 4762
f 5008 4762 5009
f 5009 4762 4763
f 5009 4763 5010
f 5010 4763 4764
f 5010 4764 5011
f 5011 4764 4765
f 5011 4765 5012
f 5012 4765 4766
f 5012 4766 5013
f 5013 4766 4767
f 5013 4767 5014
f 5014 4767 4768
f 5014 4768 5015
f 5015 4768 4769
f 5015 4769 5016
f 5016 4769 4770
f 5016 4770 5017
f 5017 4770 4771
f 5017 4771 5018
f 5018 4771 4772
f 5018 4772 5019
f 5019 4772 4773
f 5019 4773 5020
f 5020 4773 4774
f 5020 4774 5021
f 5021 4774 4775
f 5021 4775 5022
f 5022 4775 4776
f 5022 4776 5023
f 5023 4776 4777
f 5023 4777 5024
f 5024 4777 4778
f 5024 4778 5025
f 5025 4778 4779
f 5025 4779 5026
f 5026 4779 4780
f 5026 4780 5027
f 5027 4780 4781
f 5027 4781 4801
f 5028 4798 4802
f 5028 4802 5029
f 5030 4784 4785
f 5030 4785 4956
f 5031 4788 4792
f 5031 4792 5032
f 5029 4802 4805
f 5029 4805 5033
f 5034 4703 4788
f 5034 4788 5031
f 5035 4789 4708
f 5035 4708 5036
f 5032 4792 4706
f 5032 4706 5037
f 5038 4692 4693
f 5038 4693 5039
f 5040 4795 4796
f 5040 4796 5041
f 4947 4786 4787
f 4947 4787 5042
f 5043 4702 4703
f 5043 4703 5034
f 4949 4697 4809
f 4949 4809 5044
f 5044 4809 4942
f 5044 4942 5045
f 5046 4698 4699
f 5046 4699 5047
f 5048 4783 4806
f 5048 4806 4944
f 5049 4700 4701
f 5049 4701 4958
f 5050 4694 4695
f 5050 4695 5051
f 5052 4811 4795
f 5052 4795 5040
f 5053 4803 4804
f 5053 4804 4954
f 5054 4814 4812
f 5054 4812 5055
f 4955 4807 4799
f 4955 4799 5056
f 5057 4707 4784
f 5057 4784 5030
f 5058 4810 4811
f 5058 4811 5052
f 5059 4791 4702
f 5059 4702 5043
f 5033 4805 4694
f 5033 4694 5050
f 5060 4941 4711
f 5060 4711 4960
f 5061 4939 4921
f 5061 4921 5062
f 5063 4815 4814
f 5063 4814 5054
f 5064 4816 4815
f 5064 4815 5063
f 5065 4817 4816
f 5065 4816 5064
f 5066 4818 4817
f 5066 4817 5065
f 5067 4819 4818
f 5067 4818 5066
f 5068 4820 4819
f 5068 4819 5067
f 5069 4821 4820
f 5069 4820 5068
f 5070 4822 4821
f 5070 4821 5069
f 5071 4823 4822
f 5071 4822 5070
f 5072 4824 4823
f 5072 4823 5071
f 5073 4825 4824
f 5073 4824 5072
f 5074 4826 4825
f 5074 4825 5073
f 5075 4827 4826
f 5075 4826 5074
f 5076 4828 4827
f 5076 4827 5075
f 5077 4829 4828
f 5077 4828 5076
f 5078 4830 4829
f 5078 4829 5077
f 5079 4831 4830
f 5079 4830 5078
f 5080 4832 4831
f 5080 4831 5079
f 5081 4833 4832
f 5081 4832 5080
f 5082 4834 4833
f 5082 4833 5081
f 5083 4835 4834
f 5083 4834 5082
f 5084 4836 4835
f 5084 4835 5083
f 5085 4837 4836
f 5085 4836 5084
f 5086 4838 4837
f 5086 4837 5085
f 5087 4839 4838
f 5087 4838 5086
f 5088 4840 4839
f 5088 4839 5087
f 5089 4841 4840
f 5089 4840 5088
f 5090 4842 4841
f 5090 4841 5089
f 5091 4843 4842
f 5091 4842 5090
f 5092 4844 4843
f 5092 4843 5091
f 5093 4845 4844
f 5093 4844 5092
f 5094 4846 4845
f 5094 4845 5093
f 5095 4847 4846
f 5095 4846 5094
f 5096 4848 4847
f 5096 4847 5095
f 5097 4849 4848
f 5097 4848 5096
f 5098 4850 4849
f 5098 4849 5097
f 5099 4851 4850
f 5099 4850 5098
f 5100 4852 4851
f 5100 4851 5099
f 5101 4853 4852
f 5101 4852 5100
f 5102 4854 4853
f 5102 4853 5101
f 5103 4855 4854
f 5103 4854 5102
f 5104 4856 4855
f 5104 4855 5103
f 5105 4857 4856
f 5105 4856 5104
f 5106 4858 4857
f 5106 4857 5105
f 5107 4859 4858
f 5107 4858 5106
f 5108 4860 4859
f 5108 4859 5107
f 5109 4861 4860
f 5109 4860 5108
f 5110 4862 4861
f 5110 4861 5109
f 5111 4863 4862
f 5111 4862 5110
f 5112 4864 4863
f 5112 4863 5111
f 5113 4865 4864
f 5113 4864 5112
f 5114 4866 4865
f 5114 4865 5113
f 5115 4867 4866
f 5115 4866 5114
f 5116 4868 4867
f 5116 4867 5115
f 5117 4869 4868
f 5117 4868 5116
f 5118 4870 4869
f 5118 4869 5117
f 5119 4871 4870
f 5119 4870 5118
f 5120 4872 4871
f 5120 4871 5119
f 5121 4873 4872
f 5121 4872 5120
f 5122 4874 4873
f 5122 4873 5121
f 5123 4875 4874
f 5123 4874 5122
f 5124 4876 4875
f 5124 4875 5123
f 5125 4877 4876
f 5125 4876 5124
f 5126 4878 4877
f 5126 4877 5125
f 5127 4879 4878
f 5127 4878 5126
f 5128 4880 4879
f 5128 4879 5127
f 5129 4881 4880
f 5129 4880 5128
f 5130 4882 4881
f 5130 4881 5129
f 5131 4883 4882
f 5131 4882 5130
f 5132 4884 4883
f 5132 4883 5131
f 5133 4885 4884
f 5133 4884 5132
f 5134 4886 4885
f 5134 4885 5133
f 5135 4887 4886
f 5135 4886 5134
f 5136 4888 4887
f 5136 4887 5135
f 5137 4889 4888
f 5137 4888 5136
f 5138 4890 4889
f 5138 4889 5137
f 5139 4891 4890
f 5139 4890 5138
f 5140 4892 4891
f 5140 4891 5139
f 5141 4893 4892
f 5141 4892 5140
f 5142 4894 4893
f 5142 4893 5141
f 5143 4895 4894
f 5143 4894 5142
f 5144 4896 4895
f 5144 4895 5143
f 5145 4897 4896
f 5145 4896 5144
f 5146 4898 4897
f 5146 4897 5145
f 5147 4899 4898
f 5147 4898 5146
f 5148 4900 4899
f 5148 4899 5147
f 5149 4901 4900
f 5149 4900 5148
f 5150 4902 4901
f 5150 4901 5149
f 5151 4903 4902
f 5151 4902 5150
f 5152 4904 4903
f 5152 4903 5151
f 5153 4905 4904
f 5153 4904 5152
f 5154 4906 4905
f 5154 4905 5153
f 5155 4907 4906
f 5155 4906 5154
f 5156 4908 4907
f 5156 4907 5155
f 5157 4909 4908
f 5157 4908 5156
f 5158 4910 4909
f 5158 4909 5157
f 5159 4911 4910
f 5159 4910 5158
f 5160 4912 4911
f 5160 4911 5159
f 5161 4913 4912
f 5161 4912 5160
f 5162 4914 4913
f 5162 4913 5161
f 5163 4915 4914
f 5163 4914 5162
f 5164 4916 4915
f 5164 4915 5163
f 5165 4917 4916
f 5165 4916 5164
f 5166 4918 4917
f 5166 4917 5165
f 5036 4919 4918
f 5036 4918 5166
f 4708 4709 4919
f 4708 4919 5036
f 4957 4920 4700
f 4957 4700 5049
f 5041 4796 4808
f 5041 4808 4946
f 5062 4921 4797
f 5062 4797 5167
f 4959 4710 4941
f 4959 4941 5060
f 5037 4706 4707
f 5037 4707 5057
f 5168 4923 4922
f 5168 4922 5169
f 5170 4924 4923
f 5170 4923 5168
f 5171 4925 4924
f 5171 4924 5170
f 5172 4926 4925
f 5172 4925 5171
f 5173 4927 4926
f 5173 4926 5172
f 5174 4928 4927
f 5174 4927 5173
f 5175 4929 4928
f 5175 4928 5174
f 5176 4930 4929
f 5176 4929 5175
f 5177 4931 4930
f 5177 4930 5176
f 5178 4932 4931
f 5178 4931 5177
f 5179 4933 4932
f 5179 4932 5178
f 5180 4934 4933
f 5180 4933 5179
f 5181 4935 4934
f 5181 4934 5180
f 5182 4936 4935
f 5182 4935 5181
f 5183 4937 4936
f 5183 4936 5182
f 5055 4938 4937
f 5055 4937 5183
f 4812 4813 4938
f 4812 4938 5055
f 5056 4799 4800
f 5056 4800 5184
f 5167 4797 4798
f 5167 4798 5028
f 5185 4782 4783
f 5185 4783 5048
f 5186 4943 4698
f 5186 4698 5046
f 5169 4922 4704
f 5169 4704 4705
f 4953 4794 4810
f 4953 4810 5058
f 4945 4940 4803
f 4945 4803 5053
f 4951 4714 4715
f 4951 4715 4962
f 5027 4801 4696
f 5027 4696 4948
f 5051 4695 4692
f 5051 4692 5038
f 5039 4693 4789
f 5039 4789 5035
f 5047 4699 4782
f 5047 4782 5185
f 5042 4787 4790
f 5042 4790 5187
f 5169 4705 4943
f 5169 4943 5186
f 5045 4942 4939
f 5045 4939 5061
f 5184 4800 4793
f 5184 4793 4952
f 5187 4790 4791
f 5187 4791 5059
f 5188 5170 5168
f 5188 5168 5189
f 5190 5033 5050
f 5190 5050 5191
f 5192 5044 5045
f 5192 5045 5193
f 5026 5027 4948
f 5026 4948 5194
f 5195 4945 5053
f 5195 5053 5196
f 5189 5168 5169
f 5189 5169 5186
f 5197 5041 4946
f 5197 4946 5198
f 5199 4951 4962
f 5199 4962 5200
f 5201 5037 5057
f 5201 5057 5202
f 5203 4964 4965
f 5203 4965 5204
f 5205 4961 4950
f 5205 4950 5206
f 5207 4963 4964
f 5207 4964 5203
f 5208 4966 4967
f 5208 4967 5209
f 5209 4967 4968
f 5209 4968 5210
f 5210 4968 4969
f 5210 4969 5211
f 5211 4969 4970
f 5211 4970 5212
f 5212 4970 4971
f 5212 4971 5213
f 5213 4971 4972
f 5213 4972 5214
f 5214 4972 4973
f 5214 4973 5215
f 5215 4973 4974
f 5215 4974 5216
f 5216 4974 4975
f 5216 4975 5217
f 5217 4975 4976
f 5217 4976 5218
f 5218 4976 4977
f 5218 4977 5219
f 5219 4977 4978
f 5219 4978 5220
f 5220 4978 4979
f 5220 4979 5221
f 5221 4979 4980
f 5221 4980 5222
f 5222 4980 4981
f 5222 4981 5223
f 5223 4981 4982
f 5223 4982 5224
f 5224 4982 4983
f 5224 4983 5225
f 5225 4983 4984
f 5225 4984 5226
f 5226 4984 4985
f 5226 4985 5227
f 5227 4985 4986
f 5227 4986 5228
f 5228 4986 4987
f 5228 4987 5229
f 5229 4987 4988
f 5229 4988 5230
f 5230 4988 4989
f 5230 4989 5231
f 5231 4989 4990
f 5231 4990 5232
f 5232 4990 4991
f 5232 4991 5233
f 5233 4991 4992
f 5233 4992 5234
f 5234 4992 4993
f 5234 4993 5235
f 5235 4993 4994
f 5235 4994 5236
f 5236 4994 4995
f 5236 4995 5237
f 5237 4995 4996
f 5237 4996 5238
f 5238 4996 4997
f 5238 4997 5239
f 5239 4997 4998
f 5239 4998 5240
f 5240 4998 4999
f 5240 4999 5241
f 5241 4999 5000
f 5241 5000 5242
f 5242 5000 5001
f 5242 5001 5243
f 5243 5001 5002
f 5243 5002 5244
f 5244 5002 5003
f 5244 5003 5245
f 5245 5003 5004
f 5245 5004 5246
f 5246 5004 5005
f 5246 5005 5247
f 5247 5005 5006
f 5247 5006 5248
f 5248 5006 5007
f 5248 5007 5249
f 5249 5007 5008
f 5249 5008 5250
f 5250 5008 5009
f 5250 5009 5251
f 5251 5009 5010
f 5251 5010 5252
f 5252 5010 5011
f 5252 5011 5253
f 5253 5011 5012
f 5253 5012 5254
f 5254 5012 5013
f 5254 5013 5255
f 5255 5013 5014
f 5255 5014 5256
f 5256 5014 5015
f 5256 5015 5257
f 5257 5015 5016
f 5257 5016 5258
f 5258 5016 5017
f 5258 5017 5259
f 5259 5017 5018
f 5259 5018 5260
f 5260 5018 5019
f 5260 5019 5261
f 5261 5019 5020
f 5261 5020 5262
f 5262 5020 5021
f 5262 5021 5263
f 5263 5021 5022
f 5263 5022 5264
f 5264 5022 5023
f 5264 5023 5265
f 5265 5023 5024
f 5265 5024 5266
f 5266 5024 5025
f 5266 5025 5267
f 5267 5025 5026
f 5267 5026 5194
f 5268 5051 5038
f 5268 5038 5269
f 5270 4949 5044
f 5270 5044 5192
f 5271 5030 4956
f 5271 4956 5272
f 5273 5185 5048
f 5273 5048 5274
f 5194 4948 4949
f 5194 4949 5270
f 5275 5031 5032
f 5275 5032 5276
f 5277 5029 5033
f 5277 5033 5190
f 5278 5034 5031
f 5278 5031 5275
f 5279 5035 5036
f 5279 5036 5166
f 5276 5032 5037
f 5276 5037 5201
f 5269 5038 5039
f 5269 5039 5280
f 5281 5062 5167
f 5281 5167 5282
f 5274 5048 4944
f 5274 4944 5283
f 5272 4956 4957
f 5272 4957 5284
f 5285 4947 5042
f 5285 5042 5286
f 5287 5043 5034
f 5287 5034 5278
f 5286 5042 5187
f 5286 5187 5288
f 5289 5184 4952
f 5289 4952 5290
f 5291 5046 5047
f 5291 5047 5292
f 5293 5049 4958
f 5293 4958 5294
f 5191 5050 5051
f 5191 5051 5268
f 5295 5028 5029
f 5295 5029 5277
f 5196 5053 4954
f 5196 4954 5296
f 5297 5054 5055
f 5297 5055 5183
f 5298 4955 5056
f 5298 5056 5299
f 5296 4954 4955
f 5296 4955 5298
f 5202 5057 5030
f 5202 5030 5271
f 5300 5058 5052
f 5300 5052 5301
f 5302 5059 5043
f 5302 5043 5287
f 5303 5063 5054
f 5303 5054 5297
f 5294 4958 4959
f 5294 4959 5304
f 5305 5061 5062
f 5305 5062 5281
f 5306 5064 5063
f 5306 5063 5303
f 5307 5065 5064
f 5307 5064 5306
f 5308 5066 5065
f 5308 5065 5307
f 5309 5067 5066
f 5309 5066 5308
f 5310 5068 5067
f 5310 5067 5309
f 5311 5069 5068
f 5311 5068 5310
f 5312 5070 5069
f 5312 5069 5311
f 5313 5071 5070
f 5313 5070 5312
f 5314 5072 5071
f 5314 5071 5313
f 5315 5073 5072
f 5315 5072 5314
f 5316 5074 5073
f 5316 5073 5315
f 5317 5075 5074
f 5317 5074 5316
f 5318 5076 5075
f 5318 5075 5317
f 5319 5077 5076
f 5319 5076 5318
f 5320 5078 5077
f 5320 5077 5319
f 5321 5079 5078
f 5321 5078 5320
f 5322 5080 5079
f 5322 5079 5321
f 5323 5081 5080
f 5323 5080 5322
f 5324 5082 5081
f 5324 5081 5323
f 5325 5083 5082
f 5325 5082 5324
f 5326 5084 5083
f 5326 5083 5325
f 5327 5085 5084
f 5327 5084 5326
f 5328 5086 5085
f 5328 5085 5327
f 5329 5087 5086
f 5329 5086 5328
f 5330 5088 5087
f 5330 5087 5329
f 5331 5089 5088
f 5331 5088 5330
f 5332 5090 5089
f 5332 5089 5331
f 5333 5091 5090
f 5333 5090 5332
f 5334 5092 5091
f 5334 5091 5333
f 5335 5093 5092
f 5335 5092 5334
f 5336 5094 5093
f 5336 5093 5335
f 5337 5095 5094
f 5337 5094 5336
f 5338 5096 5095
f 5338 5095 5337
f 5339 5097 5096
f 5339 5096 5338
f 5340 5098 5097
f 5340 5097 5339
f 5341 5099 5098
f 5341 5098 5340
f 5342 5100 5099
f 5342 5099 5341
f 5343 5101 5100
f 5343 5100 5342
f 5344 5102 5101
f 5344 5101 5343
f 5345 5103 5102
f 5345 5102 5344
f 5346 5104 5103
f 5346 5103 5345
f 5347 5105 5104
f 5347 5104 5346
f 5348 5106 5105
f 5348 5105 5347
f 5349 5107 5106
f 5349 5106 5348
f 5350 5108 5107
f 5350 5107 5349
f 5351 5109 5108
f 5351 5108 5350
f 5352 5110 5109
f 5352 5109 5351
f 5353 5111 5110
f 5353 5110 5352
f 5354 5112 5111
f 5354 5111 5353
f 5355 5113 5112
f 5355 5112 5354
f 5356 5114 5113
f 5356 5113 5355
f 5357 5115 5114
f 5357 5114 5356
f 5358 5116 5115
f 5358 5115 5357
f 5359 5117 5116
f 5359 5116 5358
f 5360 5118 5117
f 5360 5117 5359
f 5361 5119 5118
f 5361 5118 5360
f 5362 5120 5119
f 5362 5119 5361
f 5363 5121 5120
f 5363 5120 5362
f 5364 5122 5121
f 5364 5121 5363
f 5365 5123 5122
f 5365 5122 5364
f 5366 5124 5123
f 5366 5123 5365
f 5367 5125 5124
f 5367 5124 5366
f 5368 5126 5125
f 5368 5125 5367
f 5369 5127 5126
f 5369 5126 5368
f 5370 5128 5127
f 5370 5127 5369
f 5371 5129 5128
f 5371 5128 5370
f 5372 5130 5129
f 5372 5129 5371
f 5373 5131 5130
f 5373 5130 5372
f 5374 5132 5131
f 5374 5131 5373
f 5375 5133 5132
f 5375 5132 5374
f 5376 5134 5133
f 5376 5133 5375
f 5377 5135 5134
f 5377 5134 5376
f 5378 5136 5135
f 5378 5135 5377
f 5379 5137 5136
f 5379 5136 5378
f 5380 5138 5137
f 5380 5137 5379
f 5381 5139 5138
f 5381 5138 5380
f 5382 5140 5139
f 5382 5139 5381
f 5383 5141 5140
f 5383 5140 5382
f 5384 5142 5141
f 5384 5141 5383
f 5385 5143 5142
f 5385 5142 5384
f 5386 5144 5143
f 5386 5143 5385
f 5387 5145 5144
f 5387 5144 5386
f 5388 5146 5145
f 5388 5145 5387
f 5389 5147 5146
f 5389 5146 5388
f 5390 5148 5147
f 5390 5147 5389
f 5391 5149 5148
f 5391 5148 5390
f 5392 5150 5149
f 5392 5149 5391
f 5393 5151 5150
f 5393 5150 5392
f 5394 5152 5151
f 5394 5151 5393
f 5395 5153 5152
f 5395 5152 5394
f 5396 5154 5153
f 5396 5153 5395
f 5397 5155 5154
f 5397 5154 5396
f 5398 5156 5155
f 5398 5155 5397
f 5399 5157 5156
f 5399 5156 5398
f 5400 5158 5157
f 5400 5157 5399
f 5401 5159 5158
f 5401 5158 5400
f 5402 5160 5159
f 5402 5159 5401
f 5403 5161 5160
f 5403 5160 5402
f 5404 5162 5161
f 5404 5161 5403
f 5405 5163 5162
f 5405 5162 5404
f 5406 5164 5163
f 5406 5163 5405
f 5407 5165 5164
f 5407 5164 5406
f 5279 5166 5165
f 5279 5165 5407
f 5198 4946 4947
f 5198 4947 5285
f 5408 5171 5170
f 5408 5170 5188
f 5409 5172 5171
f 5409 5171 5408
f 5410 5173 5172
f 5410 5172 5409
f 5411 5174 5173
f 5411 5173 5410
f 5412 5175 5174
f 5412 5174 5411
f 5413 5176 5175
f 5413 5175 5412
f 5414 5177 5176
f 5414 5176 5413
f 5415 5178 5177
f 5415 5177 5414
f 5416 5179 5178
f 5416 5178 5415
f 5417 5180 5179
f 5417 5179 5416
f 5418 5181 5180
f 5418 5180 5417
f 5419 5182 5181
f 5419 5181 5418
f 5297 5183 5182
f 5297 5182 5419
f 5189 5186 5046
f 5189 5046 5291
f 5282 5167 5028
f 5282 5028 5295
f 5301 5052 5040
f 5301 5040 5420
f 5421 5060 4960
f 5421 4960 5422
f 5193 5045 5061
f 5193 5061 5305
f 5420 5040 5041
f 5420 5041 5197
f 5423 4953 5058
f 5423 5058 5300
f 5206 4950 4951
f 5206 4951 5199
f 5204 4965 4966
f 5204 4966 5208
f 5304 4959 5060
f 5304 5060 5421
f 5422 4960 4961
f 5422 4961 5205
f 5283 4944 4945
f 5283 4945 5195
f 5280 5039 5035
f 5280 5035 5279
f 5292 5047 5185
f 5292 5185 5273
f 5299 5056 5184
f 5299 5184 5289
f 5288 5187 5059
f 5288 5059 5302
f 5284 4957 5049
f 5284 5049 5293
f 5290 4952 4953
f 5290 4953 5423
f 5200 4962 4963
f 5200 4963 5207
f 5424 5420 5197
f 5424 5197 5425
f 5426 5268 5269
f 5426 5269 5427
f 5428 5195 5196
f 5428 5196 5429
f 5430 5282 5295
f 5430 5295 5431
f 5432 5423 5300
f 5432 5300 5433
f 5434 5283 5195
f 5434 5195 5428
f 5435 5304 5421
f 5435 5421 5436
f 5437 5204 5208
f 5437 5208 5438
f 5439 5207 5203
f 5439 5203 5440
f 5438 5208 5209
f 5438 5209 5441
f 5441 5209 5210
f 5441 5210 5442
f 5443 5212 5213
f 5443 5213 5444
f 5444 5213 5214
f 5444 5214 5445
f 5445 5214 5215
f 5445 5215 5446
f 5446 5215 5216
f 5446 5216 5447
f 5447 5216 5217
f 5447 5217 5448
f 5448 5217 5218
f 5448 5218 5449
f 5449 5218 5219
f 5449 5219 5450
f 5450 5219 5220
f 5450 5220 5451
f 5451 5220 5221
f 5451 5221 5452
f 5452 5221 5222
f 5452 5222 5453
f 5453 5222 5223
f 5453 5223 5454
f 5454 5223 5224
f 5454 5224 5455
f 5455 5224 5225
f 5455 5225 5456
f 5456 5225 5226
f 5456 5226 5457
f 5457 5226 5227
f 5457 5227 5458
f 5458 5227 5228
f 5458 5228 5459
f 5459 5228 5229
f 5459 5229 5460
f 5460 5229 5230
f 5460 5230 5461
f 5461 5230 5231
f 5461 5231 5462
f 5462 5231 5232
f 5462 5232 5463
f 5463 5232 5233
f 5463 5233 5464
f 5464 5233 5234
f 5464 5234 5465
f 5465 5234 5235
f 5465 5235 5466
f 5466 5235 5236
f 5466 5236 5467
f 5467 5236 5237
f 5467 5237 5468
f 5468 5237 5238
f 5468 5238 5469
f 5469 5238 5239
f 5469 5239 5470
f 5470 5239 5240
f 5470 5240 5471
f 5471 5240 5241
f 5471 5241 5472
f 5472 5241 5242
f 5472 5242 5473
f 5473 5242 5243
f 5473 5243 5474
f 5474 5243 5244
f 5474 5244 5475
f 5475 5244 5245
f 5475 5245 5476
f 5476 5245 5246
f 5476 5246 5477
f 5477 5246 5247
f 5477 5247 5478
f 5478 5247 5248
f 5478 5248 5479
f 5479 5248 5249
f 5479 5249 5480
f 5480 5249 5250
f 5480 5250 5481
f 5481 5250 5251
f 5481 5251 5482
f 5482 5251 5252
f 5482 5252 5483
f 5483 5252 5253
f 5483 5253 5484
f 5484 5253 5254
f 5484 5254 5485
f 5485 5254 5255
f 5485 5255 5486
f 5486 5255 5256
f 5486 5256 5487
f 5487 5256 5257
f 5487 5257 5488
f 5488 5257 5258
f 5488 5258 5489
f 5489 5258 5259
f 5489 5259 5490
f 5490 5259 5260
f 5490 5260 5491
f 5491 5260 5261
f 5491 5261 5492
f 5492 5261 5262
f 5492 5262 5493
f 5493 5262 5263
f 5493 5263 5494
f 5494 5263 5264
f 5494 5264 5495
f 5495 5264 5265
f 5495 5265 5496
f 5496 5265 5266
f 5496 5266 5497
f 5497 5266 5267
f 5497 5267 5498
f 5498 5267 5194
f 5498 5194 5270
f 5499 5301 5420
f 5499 5420 5424
f 5498 5270 5192
f 5498 5192 5500
f 5431 5295 5277
f 5431 5277 5501
f 5502 5294 5304
f 5502 5304 5435
f 5503 5275 5276
f 5503 5276 5504
f 5505 5271 5272
f 5505 5272 5506
f 5506 5272 5284
f 5506 5284 5507
f 5508 5273 5274
f 5508 5274 5509
f 5429 5196 5296
f 5429 5296 5510
f 5511 5278 5275
f 5511 5275 5503
f 5512 5198 5285
f 5512 5285 5513
f 5514 5280 5279
f 5514 5279 5407
f 5515 5281 5282
f 5515 5282 5430
f 5509 5274 5283
f 5509 5283 5434
f 5516 5290 5423
f 5516 5423 5432
f 5513 5285 5286
f 5513 5286 5517
f 5507 5284 5293
f 5507 5293 5518
f 5440 5203 5204
f 5440 5204 5437
f 5519 5289 5290
f 5519 5290 5516
f 5520 5299 5289
f 5520 5289 5519
f 5427 5269 5280
f 5427 5280 5514
f 5521 5191 5268
f 5521 5268 5426
f 5522 5302 5287
f 5522 5287 5523
f 5524 5202 5271
f 5524 5271 5505
f 5525 5188 5189
f 5525 5189 5291
f 5526 5298 5299
f 5526 5299 5520
f 5425 5197 5198
f 5425 5198 5512
f 5510 5296 5298
f 5510 5298 5526
f 5527 5206 5199
f 5527 5199 5528
f 5529 5303 5297
f 5529 5297 5419
f 5530 5422 5205
f 5530 5205 5531
f 5532 5305 5281
f 5532 5281 5515
f 5500 5192 5193
f 5500 5193 5533
f 5534 5306 5303
f 5534 5303 5529
f 5535 5307 5306
f 5535 5306 5534
f 5536 5308 5307
f 5536 5307 5535
f 5537 5309 5308
f 5537 5308 5536
f 5538 5310 5309
f 5538 5309 5537
f 5539 5311 5310
f 5539 5310 5538
f 5540 5312 5311
f 5540 5311 5539
f 5541 5313 5312
f 5541 5312 5540
f 5542 5314 5313
f 5542 5313 5541
f 5543 5315 5314
f 5543 5314 5542
f 5544 5316 5315
f 5544 5315 5543
f 5545 5317 5316
f 5545 5316 5544
f 5546 5318 5317
f 5546 5317 5545
f 5547 5319 5318
f 5547 5318 5546
f 5548 5320 5319
f 5548 5319 5547
f 5549 5321 5320
f 5549 5320 5548
f 5550 5322 5321
f 5550 5321 5549
f 5551 5323 5322
f 5551 5322 5550
f 5552 5324 5323
f 5552 5323 5551
f 5553 5325 5324
f 5553 5324 5552
f 5554 5326 5325
f 5554 5325 5553
f 5555 5327 5326
f 5555 5326 5554
f 5556 5328 5327
f 5556 5327 5555
f 5557 5329 5328
f 5557 5328 5556
f 5558 5330 5329
f 5558 5329 5557
f 5559 5331 5330
f 5559 5330 5558
f 5560 5332 5331
f 5560 5331 5559
f 5561 5333 5332
f 5561 5332 5560
f 5562 5334 5333
f 5562 5333 5561
f 5563 5335 5334
f 5563 5334 5562
f 5564 5336 5335
f 5564 5335 5563
f 5565 5337 5336
f 5565 5336 5564
f 5566 5338 5337
f 5566 5337 5565
f 5567 5339 5338
f 5567 5338 5566
f 5568 5340 5339
f 5568 5339 5567
f 5569 5341 5340
f 5569 5340 5568
f 5570 5342 5341
f 5570 5341 5569
f 5571 5343 5342
f 5571 5342 5570
f 5572 5344 5343
f 5572 5343 5571
f 5573 5345 5344
f 5573 5344 5572
f 5574 5346 5345
f 5574 5345 5573
f 5575 5347 5346
f 5575 5346 5574
f 5576 5348 5347
f 5576 5347 5575
f 5577 5349 5348
f 5577 5348 5576
f 5578 5350 5349
f 5578 5349 5577
f 5579 5351 5350
f 5579 5350 5578
f 5580 5352 5351
f 5580 5351 5579
f 5581 5353 5352
f 5581 5352 5580
f 5582 5354 5353
f 5582 5353 5581
f 5583 5355 5354
f 5583 5354 5582
f 5584 5356 5355
f 5584 5355 5583
f 5585 5357 5356
f 5585 5356 5584
f 5586 5358 5357
f 5586 5357 5585
f 5587 5359 5358
f 5587 5358 5586
f 5588 5360 5359
f 5588 5359 5587
f 5589 5361 5360
f 5589 5360 5588
f 5590 5362 5361
f 5590 5361 5589
f 5591 5363 5362
f 5591 5362 5590
f 5592 5364 5363
f 5592 5363 5591
f 5593 5365 5364
f 5593 5364 5592
f 5594 5366 5365
f 5594 5365 5593
f 5595 5367 5366
f 5595 5366 5594
f 5596 5368 5367
f 5596 5367 5595
f 5597 5369 5368
f 5597 5368 5596
f 5598 5370 5369
f 5598 5369 5597
f 5599 5371 5370
f 5599 5370 5598
f 5600 5372 5371
f 5600 5371 5599
f 5601 5373 5372
f 5601 5372 5600
f 5602 5374 5373
f 5602 5373 5601
f 5603 5375 5374
f 5603 5374 5602
f 5604 5376 5375
f 5604 5375 5603
f 5605 5377 5376
f 5605 5376 5604
f 5606 5378 5377
f 5606 5377 5605
f 5607 5379 5378
f 5607 5378 5606
f 5608 5380 5379
f 5608 5379 5607
f 5609 5381 5380
f 5609 5380 5608
f 5610 5382 5381
f 5610 5381 5609
f 5611 5383 5382
f 5611 5382 5610
f 5612 5384 5383
f 5612 5383 5611
f 5613 5385 5384
f 5613 5384 5612
f 5614 5386 5385
f 5614 5385 5613
f 5615 5387 5386
f 5615 5386 5614
f 5616 5388 5387
f 5616 5387 5615
f 5617 5389 5388
f 5617 5388 5616
f 5618 5390 5389
f 5618 5389 5617
f 5619 5391 5390
f 5619 5390 5618
f 5620 5392 5391
f 5620 5391 5619
f 5621 5393 5392
f 5621 5392 5620
f 5622 5394 5393
f 5622 5393 5621
f 5623 5395 5394
f 5623 5394 5622
f 5624 5396 5395
f 5624 5395 5623
f 5625 5397 5396
f 5625 5396 5624
f 5626 5398 5397
f 5626 5397 5625
f 5627 5399 5398
f 5627 5398 5626
f 5628 5400 5399
f 5628 5399 5627
f 5629 5401 5400
f 5629 5400 5628
f 5630 5402 5401
f 5630 5401 5629
f 5631 5403 5402
f 5631 5402 5630
f 5632 5404 5403
f 5632 5403 5631
f 5633 5405 5404
f 5633 5404 5632
f 5634 5406 5405
f 5634 5405 5633
f 5514 5407 5406
f 5514 5406 5634
f 5504 5276 5201
f 5504 5201 5635
f 5636 5409 5408
f 5636 5408 5637
f 5638 5410 5409
f 5638 5409 5636
f 5639 5411 5410
f 5639 5410 5638
f 5640 5412 5411
f 5640 5411 5639
f 5641 5413 5412
f 5641 5412 5640
f 5642 5414 5413
f 5642 5413 5641
f 5643 5415 5414
f 5643 5414 5642
f 5644 5416 5415
f 5644 5415 5643
f 5645 5417 5416
f 5645 5416 5644
f 5646 5418 5417
f 5646 5417 5645
f 5529 5419 5418
f 5529 5418 5646
f 5647 5288 5302
f 5647 5302 5522
f 5518 5293 5294
f 5518 5294 5502
f 5525 5291 5292
f 5525 5292 5648
f 5635 5201 5202
f 5635 5202 5524
f 5523 5287 5278
f 5523 5278 5511
f 5637 5408 5188
f 5637 5188 5525
f 5436 5421 5422
f 5436 5422 5530
f 5533 5193 5305
f 5533 5305 5532
f 5649 5211 5212
f 5649 5212 5443
f 5433 5300 5301
f 5433 5301 5499
f 5442 5210 5211
f 5442 5211 5649
f 5648 5292 5273
f 5648 5273 5508
f 5501 5277 5190
f 5501 5190 5650
f 5650 5190 5191
f 5650 5191 5521
f 5528 5199 5200
f 5528 5200 5651
f 5531 5205 5206
f 5531 5206 5527
f 5651 5200 5207
f 5651 5207 5439
f 5517 5286 5288
f 5517 5288 5647
f 5652 5426 5427
f 5652 5427 5653
f 5654 5517 5647
f 5654 5647 5655
f 5656 5501 5650
f 5656 5650 5657
f 5658 5442 5649
f 5658 5649 5659
f 5660 5516 5432
f 5660 5432 5661
f 5662 5510 5526
f 5662 5526 5663
f 5664 5435 5436
f 5664 5436 5665
f 5666 5441 5442
f 5666 5442 5658
f 5653 5427 5514
f 5653 5514 5634
f 5667 5424 5425
f 5667 5425 5668
f 5669 5438 5441
f 5669 5441 5666
f 5670 5648 5508
f 5670 5508 5671
f 5672 5443 5444
f 5672 5444 5673
f 5673 5444 5445
f 5673 5445 5674
f 5675 5447 5448
f 5675 5448 5676
f 5676 5448 5449
f 5676 5449 5677
f 5677 5449 5450
f 5677 5450 5678
f 5678 5450 5451
f 5678 5451 5679
f 5679 5451 5452
f 5679 5452 5680
f 5680 5452 5453
f 5680 5453 5681
f 5681 5453 5454
f 5681 5454 5682
f 5682 5454 5455
f 5682 5455 5683
f 5683 5455 5456
f 5683 5456 5684
f 5684 5456 5457
f 5684 5457 5685
f 5685 5457 5458
f 5685 5458 5686
f 5686 5458 5459
f 5686 5459 5687
f 5687 5459 5460
f 5687 5460 5688
f 5688 5460 5461
f 5688 5461 5689
f 5689 5461 5462
f 5689 5462 5690
f 5690 5462 5463
f 5690 5463 5691
f 5691 5463 5464
f 5691 5464 5692
f 5692 5464 5465
f 5692 5465 5693
f 5693 5465 5466
f 5693 5466 5694
f 5694 5466 5467
f 5694 5467 5695
f 5695 5467 5468
f 5695 5468 5696
f 5696 5468 5469
f 5696 5469 5697
f 5697 5469 5470
f 5697 5470 5698
f 5698 5470 5471
f 5698 5471 5699
f 5699 5471 5472
f 5699 5472 5700
f 5700 5472 5473
f 5700 5473 5701
f 5701 5473 5474
f 5701 5474 5702
f 5702 5474 5475
f 5702 5475 5703
f 5703 5475 5476
f 5703 5476 5704
f 5704 5476 5477
f 5704 5477 5705
f 5705 5477 5478
f 5705 5478 5706
f 5706 5478 5479
f 5706 5479 5707
f 5707 5479 5480
f 5707 5480 5708
f 5708 5480 5481
f 5708 5481 5709
f 5709 5481 5482
f 5709 5482 5710
f 5710 5482 5483
f 5710 5483 5711
f 5711 5483 5484
f 5711 5484 5712
f 5712 5484 5485
f 5712 5485 5713
f 5713 5485 5486
f 5713 5486 5714
f 5714 5486 5487
f 5714 5487 5715
f 5715 5487 5488
f 5715 5488 5716
f 5716 5488 5489
f 5716 5489 5717
f 5717 5489 5490
f 5717 5490 5718
f 5718 5490 5491
f 5718 5491 5719
f 5719 5491 5492
f 5719 5492 5720
f 5720 5492 5493
f 5720 5493 5721
f 5721 5493 5494
f 5721 5494 5722
f 5722 5494 5495
f 5722 5495 5723
f 5723 5495 5496
f 5723 5496 5724
f 5724 5496 5497
f 5724 5497 5725
f 5725 5497 5498
f 5725 5498 5500
f 5726 5431 5501
f 5726 5501 5656
f 5727 5505 5506
f 5727 5506 5728
f 5729 5507 5518
f 5729 5518 5730
f 5731 5523 5511
f 5731 5511 5732
f 5657 5650 5521
f 5657 5521 5733
f 5734 5502 5435
f 5734 5435 5664
f 5735 5503 5504
f 5735 5504 5736
f 5668 5425 5512
f 5668 5512 5737
f 5728 5506 5507
f 5728 5507 5729
f 5671 5508 5509
f 5671 5509 5738
f 5739 5499 5424
f 5739 5424 5667
f 5740 5429 5510
f 5740 5510 5662
f 5741 5437 5438
f 5741 5438 5669
f 5732 5511 5503
f 5732 5503 5735
f 5737 5512 5513
f 5737 5513 5742
f 5733 5521 5426
f 5733 5426 5652
f 5743 5515 5430
f 5743 5430 5744
f 5725 5500 5533
f 5725 5533 5745
f 5637 5525 5648
f 5637 5648 5670
f 5746 5520 5519
f 5746 5519 5747
f 5748 5524 5505
f 5748 5505 5727
f 5730 5518 5502
f 5730 5502 5734
f 5749 5522 5523
f 5749 5523 5731
f 5750 5635 5524
f 5750 5524 5748
f 5663 5526 5520
f 5663 5520 5746
f 5751 5527 5528
f 5751 5528 5752
f 5753 5532 5515
f 5753 5515 5743
f 5744 5430 5431
f 5744 5431 5726
f 5754 5530 5531
f 5754 5531 5755
f 5659 5649 5443
f 5659 5443 5672
f 5756 5534 5529
f 5756 5529 5646
f 5757 5535 5534
f 5757 5534 5756
f 5758 5536 5535
f 5758 5535 5757
f 5759 5537 5536
f 5759 5536 5758
f 5760 5538 5537
f 5760 5537 5759
f 5761 5539 5538
f 5761 5538 5760
f 5762 5540 5539
f 5762 5539 5761
f 5763 5541 5540
f 5763 5540 5762
f 5764 5542 5541
f 5764 5541 5763
f 5765 5543 5542
f 5765 5542 5764
f 5766 5544 5543
f 5766 5543 5765
f 5767 5545 5544
f 5767 5544 5766
f 5768 5546 5545
f 5768 5545 5767
f 5769 5547 5546
f 5769 5546 5768
f 5770 5548 5547
f 5770 5547 5769
f 5771 5549 5548
f 5771 5548 5770
f 5772 5550 5549
f 5772 5549 5771
f 5773 5551 5550
f 5773 5550 5772
f 5774 5552 5551
f 5774 5551 5773
f 5775 5553 5552
f 5775 5552 5774
f 5776 5554 5553
f 5776 5553 5775
f 5777 5555 5554
f 5777 5554 5776
f 5778 5556 5555
f 5778 5555 5777
f 5779 5557 5556
f 5779 5556 5778
f 5780 5558 5557
f 5780 5557 5779
f 5781 5559 5558
f 5781 5558 5780
f 5782 5560 5559
f 5782 5559 5781
f 5783 5561 5560
f 5783 5560 5782
f 5784 5562 5561
f 5784 5561 5783
f 5785 5563 5562
f 5785 5562 5784
f 5786 5564 5563
f 5786 5563 5785
f 5787 5565 5564
f 5787 5564 5786
f 5788 5566 5565
f 5788 5565 5787
f 5789 5567 5566
f 5789 5566 5788
f 5790 5568 5567
f 5790 5567 5789
f 5791 5569 5568
f 5791 5568 5790
f 5792 5570 5569
f 5792 5569 5791
f 5793 5571 5570
f 5793 5570 5792
f 5794 5572 5571
f 5794 5571 5793
f 5795 5573 5572
f 5795 5572 5794
f 5796 5574 5573
f 5796 5573 5795
f 5797 5575 5574
f 5797 5574 5796
f 5798 5576 5575
f 5798 5575 5797
f 5799 5577 5576
f 5799 5576 5798
f 5800 5578 5577
f 5800 5577 5799
f 5801 5579 5578
f 5801 5578 5800
f 5802 5580 5579
f 5802 5579 5801
f 5803 5581 5580
f 5803 5580 5802
f 5804 5582 5581
f 5804 5581 5803
f 5805 5583 5582
f 5805 5582 5804
f 5806 5584 5583
f 5806 5583 5805
f 5807 5585 5584
f 5807 5584 5806
f 5808 5586 5585
f 5808 5585 5807
f 5809 5587 5586
f 5809 5586 5808
f 5810 5588 5587
f 5810 5587 5809
f 5811 5589 5588
f 5811 5588 5810
f 5812 5590 5589
f 5812 5589 5811
f 5813 5591 5590
f 5813 5590 5812
f 5814 5592 5591
f 5814 5591 5813
f 5815 5593 5592
f 5815 5592 5814
f 5816 5594 5593
f 5816 5593 5815
f 5817 5595 5594
f 5817 5594 5816
f 5818 5596 5595
f 5818 5595 5817
f 5819 5597 5596
f 5819 5596 5818
f 5820 5598 5597
f 5820 5597 5819
f 5821 5599 5598
f 5821 5598 5820
f 5822 5600 5599
f 5822 5599 5821
f 5823 5601 5600
f 5823 5600 5822
f 5824 5602 5601
f 5824 5601 5823
f 5825 5603 5602
f 5825 5602 5824
f 5826 5604 5603
f 5826 5603 5825
f 5827 5605 5604
f 5827 5604 5826
f 5828 5606 5605
f 5828 5605 5827
f 5829 5607 5606
f 5829 5606 5828
f 5830 5608 5607
f 5830 5607 5829
f 5831 5609 5608
f 5831 5608 5830
f 5832 5610 5609
f 5832 5609 5831
f 5833 5611 5610
f 5833 5610 5832
f 5834 5612 5611
f 5834 5611 5833
f 5835 5613 5612
f 5835 5612 5834
f 5836 5614 5613
f 5836 5613 5835
f 5837 5615 5614
f 5837 5614 5836
f 5838 5616 5615
f 5838 5615 5837
f 5839 5617 5616
f 5839 5616 5838
f 5840 5618 5617
f 5840 5617 5839
f 5841 5619 5618
f 5841 5618 5840
f 5842 5620 5619
f 5842 5619 5841
f 5843 5621 5620
f 5843 5620 5842
f 5844 5622 5621
f 5844 5621 5843
f 5845 5623 5622
f 5845 5622 5844
f 5846 5624 5623
f 5846 5623 5845
f 5847 5625 5624
f 5847 5624 5846
f 5848 5626 5625
f 5848 5625 5847
f 5849 5627 5626
f 5849 5626 5848
f 5850 5628 5627
f 5850 5627 5849
f 5851 5629 5628
f 5851 5628 5850
f 5852 5630 5629
f 5852 5629 5851
f 5853 5631 5630
f 5853 5630 5852
f 5854 5632 5631
f 5854 5631 5853
f 5855 5633 5632
f 5855 5632 5854
f 5653 5634 5633
f 5653 5633 5855
f 5856 5638 5636
f 5856 5636 5857
f 5857 5636 5637
f 5857 5637 5670
f 5858 5428 5429
f 5858 5429 5740
f 5655 5647 5522
f 5655 5522 5749
f 5859 5639 5638
f 5859 5638 5856
f 5860 5640 5639
f 5860 5639 5859
f 5861 5641 5640
f 5861 5640 5860
f 5862 5642 5641
f 5862 5641 5861
f 5863 5643 5642
f 5863 5642 5862
f 5864 5644 5643
f 5864 5643 5863
f 5865 5645 5644
f 5865 5644 5864
f 5756 5646 5645
f 5756 5645 5865
f 5661 5432 5433
f 5661 5433 5866
f 5867 5446 5447
f 5867 5447 5675
f 5868 5434 5428
f 5868 5428 5858
f 5736 5504 5635
f 5736 5635 5750
f 5752 5528 5651
f 5752 5651 5869
f 5866 5433 5499
f 5866 5499 5739
f 5870 5440 5437
f 5870 5437 5741
f 5747 5519 5516
f 5747 5516 5660
f 5674 5445 5446
f 5674 5446 5867
f 5755 5531 5527
f 5755 5527 5751
f 5665 5436 5530
f 5665 5530 5754
f 5742 5513 5517
f 5742 5517 5654
f 5738 5509 5434
f 5738 5434 5868
f 5745 5533 5532
f 5745 5532 5753
f 5871 5439 5440
f 5871 5440 5870
f 5869 5651 5439
f 5869 5439 5871
f 5872 5869 5871
f 5872 5871 5873
f 5874 5749 5731
f 5874 5731 5875
f 5876 5678 5679
f 5876 5679 5877
f 5652 5653 5855
f 5652 5855 5878
f 5879 5866 5739
f 5879 5739 5880
f 5881 5742 5654
f 5881 5654 5882
f 5883 5870 5741
f 5883 5741 5884
f 5885 5669 5666
f 5885 5666 5886
f 5887 5655 5749
f 5887 5749 5874
f 5888 5732 5735
f 5888 5735 5889
f 5857 5670 5671
f 5857 5671 5890
f 5891 5677 5678
f 5891 5678 5876
f 5892 5673 5674
f 5892 5674 5893
f 5894 5675 5676
f 5894 5676 5895
f 5895 5676 5677
f 5895 5677 5891
f 5877 5679 5680
f 5877 5680 5896
f 5896 5680 5681
f 5896 5681 5897
f 5897 5681 5682
f 5897 5682 5898
f 5898 5682 5683
f 5898 5683 5899
f 5899 5683 5684
f 5899 5684 5900
f 5900 5684 5685
f 5900 5685 5901
f 5901 5685 5686
f 5901 5686 5902
f 5902 5686 5687
f 5902 5687 5903
f 5903 5687 5688
f 5903 5688 5904
f 5904 5688 5689
f 5904 5689 5905
f 5905 5689 5690
f 5905 5690 5906
f 5906 5690 5691
f 5906 5691 5907
f 5907 5691 5692
f 5907 5692 5908
f 5908 5692 5693
f 5908 5693 5909
f 5909 5693 5694
f 5909 5694 5910
f 5910 5694 5695
f 5910 5695 5911
f 5911 5695 5696
f 5911 5696 5912
f 5912 5696 5697
f 5912 5697 5913
f 5913 5697 5698
f 5913 5698 5914
f 5914 5698 5699
f 5914 5699 5915
f 5915 5699 5700
f 5915 5700 5916
f 5916 5700 5701
f 5916 5701 5917
f 5917 5701 5702
f 5917 5702 5918
f 5918 5702 5703
f 5918 5703 5919
f 5919 5703 5704
f 5919 5704 5920
f 5920 5704 5705
f 5920 5705 5921
f 5921 5705 5706
f 5921 5706 5922
f 5922 5706 5707
f 5922 5707 5923
f 5923 5707 5708
f 5923 5708 5924
f 5924 5708 5709
f 5924 5709 5925
f 5925 5709 5710
f 5925 5710 5926
f 5926 5710 5711
f 5926 5711 5927
f 5927 5711 5712
f 5927 5712 5928
f 5928 5712 5713
f 5928 5713 5929
f 5929 5713 5714
f 5929 5714 5930
f 5930 5714 5715
f 5930 5715 5931
f 5931 5715 5716
f 5931 5716 5932
f 5932 5716 5717
f 5932 5717 5933
f 5933 5717 5718
f 5933 5718 5934
f 5934 5718 5719
f 5934 5719 5935
f 5935 5719 5720
f 5935 5720 5936
f 5936 5720 5721
f 5936 5721 5937
f 5937 5721 5722
f 5937 5722 5938
f 5938 5722 5723
f 5938 5723 5939
f 5939 5723 5724
f 5939 5724 5940
f 5940 5724 5725
f 5940 5725 5745
f 5941 5858 5740
f 5941 5740 5942
f 5943 5754 5755
f 5943 5755 5944
f 5945 5729 5730
f 5945 5730 5946
f 5946 5730 5734
f 5946 5734 5947
f 5948 5727 5728
f 5948 5728 5949
f 5950 5664 5665
f 5950 5665 5951
f 5952 5859 5856
f 5952 5856 5953
f 5954 5737 5742
f 5954 5742 5881
f 5955 5657 5733
f 5955 5733 5956
f 5947 5734 5664
f 5947 5664 5950
f 5889 5735 5736
f 5889 5736 5957
f 5958 5668 5737
f 5958 5737 5954
f 5880 5739 5667
f 5880 5667 5959
f 5942 5740 5662
f 5942 5662 5960
f 5884 5741 5669
f 5884 5669 5885
f 5961 5744 5726
f 5961 5726 5962
f 5963 5748 5727
f 5963 5727 5948
f 5949 5728 5729
f 5949 5729 5945
f 5964 5751 5752
f 5964 5752 5965
f 5966 5663 5746
f 5966 5746 5967
f 5968 5750 5748
f 5968 5748 5963
f 5875 5731 5732
f 5875 5732 5888
f 5969 5753 5743
f 5969 5743 5970
f 5873 5871 5870
f 5873 5870 5883
f 5971 5672 5673
f 5971 5673 5892
f 5972 5656 5657
f 5972 5657 5955
f 5959 5667 5668
f 5959 5668 5958
f 5973 5659 5672
f 5973 5672 5971
f 5960 5662 5663
f 5960 5663 5966
f 5974 5757 5756
f 5974 5756 5865
f 5975 5758 5757
f 5975 5757 5974
f 5976 5759 5758
f 5976 5758 5975
f 5977 5760 5759
f 5977 5759 5976
f 5978 5761 5760
f 5978 5760 5977
f 5979 5762 5761
f 5979 5761 5978
f 5980 5763 5762
f 5980 5762 5979
f 5981 5764 5763
f 5981 5763 5980
f 5982 5765 5764
f 5982 5764 5981
f 5983 5766 5765
f 5983 5765 5982
f 5984 5767 5766
f 5984 5766 5983
f 5985 5768 5767
f 5985 5767 5984
f 5986 5769 5768
f 5986 5768 5985
f 5987 5770 5769
f 5987 5769 5986
f 5988 5771 5770
f 5988 5770 5987
f 5989 5772 5771
f 5989 5771 5988
f 5990 5773 5772
f 5990 5772 5989
f 5991 5774 5773
f 5991 5773 5990
f 5992 5775 5774
f 5992 5774 5991
f 5993 5776 5775
f 5993 5775 5992
f 5994 5777 5776
f 5994 5776 5993
f 5995 5778 5777
f 5995 5777 5994
f 5996 5779 5778
f 5996 5778 5995
f 5997 5780 5779
f 5997 5779 5996
f 5998 5781 5780
f 5998 5780 5997
f 5999 5782 5781
f 5999 5781 5998
f 6000 5783 5782
f 6000 5782 5999
f 6001 5784 5783
f 6001 5783 6000
f 6002 5785 5784
f 6002 5784 6001
f 6003 5786 5785
f 6003 5785 6002
f 6004 5787 5786
f 6004 5786 6003
f 6005 5788 5787
f 6005 5787 6004
f 6006 5789 5788
f 6006 5788 6005
f 6007 5790 5789
f 6007 5789 6006
f 6008 5791 5790
f 6008 5790 6007
f 6009 5792 5791
f 6009 5791 6008
f 6010 5793 5792
f 6010 5792 6009
f 6011 5794 5793
f 6011 5793 6010
f 6012 5795 5794
f 6012 5794 6011
f 6013 5796 5795
f 6013 5795 6012
f 6014 5797 5796
f 6014 5796 6013
f 6015 5798 5797
f 6015 5797 6014
f 6016 5799 5798
f 6016 5798 6015
f 6017 5800 5799
f 6017 5799 6016
f 6018 5801 5800
f 6018 5800 6017
f 6019 5802 5801
f 6019 5801 6018
f 6020 5803 5802
f 6020 5802 6019
f 6021 5804 5803
f 6021 5803 6020
f 6022 5805 5804
f 6022 5804 6021
f 6023 5806 5805
f 6023 5805 6022
f 6024 5807 5806
f 6024 5806 6023
f 6025 5808 5807
f 6025 5807 6024
f 6026 5809 5808
f 6026 5808 6025
f 6027 5810 5809
f 6027 5809 6026
f 6028 5811 5810
f 6028 5810 6027
f 6029 5812 5811
f 6029 5811 6028
f 6030 5813 5812
f 6030 5812 6029
f 6031 5814 5813
f 6031 5813 6030
f 6032 5815 5814
f 6032 5814 6031
f 6033 5816 5815
f 6033 5815 6032
f 6034 5817 5816
f 6034 5816 6033
f 6035 5818 5817
f 6035 5817 6034
f 6036 5819 5818
f 6036 5818 6035
f 6037 5820 5819
f 6037 5819 6036
f 6038 5821 5820
f 6038 5820 6037
f 6039 5822 5821
f 6039 5821 6038
f 6040 5823 5822
f 6040 5822 6039
f 6041 5824 5823
f 6041 5823 6040
f 6042 5825 5824
f 6042 5824 6041
f 6043 5826 5825
f 6043 5825 6042
f 6044 5827 5826
f 6044 5826 6043
f 6045 5828 5827
f 6045 5827 6044
f 6046 5829 5828
f 6046 5828 6045
f 6047 5830 5829
f 6047 5829 6046
f 6048 5831 5830
f 6048 5830 6047
f 6049 5832 5831
f 6049 5831 6048
f 6050 5833 5832
f 6050 5832 6049
f 6051 5834 5833
f 6051 5833 6050
f 6052 5835 5834
f 6052 5834 6051
f 6053 5836 5835
f 6053 5835 6052
f 6054 5837 5836
f 6054 5836 6053
f 6055 5838 5837
f 6055 5837 6054
f 6056 5839 5838
f 6056 5838 6055
f 6057 5840 5839
f 6057 5839 6056
f 6058 5841 5840
f 6058 5840 6057
f 6059 5842 5841
f 6059 5841 6058
f 6060 5843 5842
f 6060 5842 6059
f 6061 5844 5843
f 6061 5843 6060
f 6062 5845 5844
f 6062 5844 6061
f 6063 5846 5845
f 6063 5845 6062
f 6064 5847 5846
f 6064 5846 6063
f 6065 5848 5847
f 6065 5847 6064
f 6066 5849 5848
f 6066 5848 6065
f 6067 5850 5849
f 6067 5849 6066
f 6068 5851 5850
f 6068 5850 6067
f 6069 5852 5851
f 6069 5851 6068
f 6070 5853 5852
f 6070 5852 6069
f 6071 5854 5853
f 6071 5853 6070
f 5878 5855 5854
f 5878 5854 6071
f 5953 5856 5857
f 5953 5857 5890
f 6072 5860 5859
f 6072 5859 5952
f 6073 5861 5860
f 6073 5860 6072
f 6074 5862 5861
f 6074 5861 6073
f 6075 5863 5862
f 6075 5862 6074
f 6076 5864 5863
f 6076 5863 6075
f 5974 5865 5864
f 5974 5864 6076
f 5956 5733 5652
f 5956 5652 5878
f 6077 5738 5868
f 6077 5868 6078
f 5951 5665 5754
f 5951 5754 5943
f 6079 5867 5675
f 6079 5675 5894
f 5940 5745 5753
f 5940 5753 5969
f 6078 5868 5858
f 6078 5858 5941
f 6080 5661 5866
f 6080 5866 5879
f 5967 5746 5747
f 5967 5747 6081
f 5886 5666 5658
f 5886 5658 6082
f 5965 5752 5869
f 5965 5869 5872
f 5944 5755 5751
f 5944 5751 5964
f 5882 5654 5655
f 5882 5655 5887
f 6081 5747 5660
f 6081 5660 6083
f 6083 5660 5661
f 6083 5661 6080
f 5957 5736 5750
f 5957 5750 5968
f 5893 5674 5867
f 5893 5867 6079
f 5962 5726 5656
f 5962 5656 5972
f 6082 5658 5659
f 6082 5659 5973
f 5890 5671 5738
f 5890 5738 6077
f 5970 5743 5744
f 5970 5744 5961
f 6084 5896 5897
f 6084 5897 6085
f 6086 6077 6078
f 6086 6078 6087
f 6088 5879 5880
f 6088 5880 6089
f 6090 5885 5886
f 6090 5886 6091
f 6092 6081 6083
f 6092 6083 6093
f 6094 6082 5973
f 6094 5973 6095
f 6096 5965 5872
f 6096 5872 6097
f 6098 5957 5968
f 6098 5968 6099
f 6100 5888 5889
f 6100 5889 6101
f 6102 6072 5952
f 6102 5952 6103
f 6104 5891 5876
f 6104 5876 6105
f 6106 5892 5893
f 6106 5893 6107
f 6108 5877 5896
f 6108 5896 6084
f 6109 5895 5891
f 6109 5891 6104
f 6110 6079 5894
f 6110 5894 6111
f 6112 5898 5899
f 6112 5899 6113
f 6113 5899 5900
f 6113 5900 6114
f 6114 5900 5901
f 6114 5901 6115
f 6115 5901 5902
f 6115 5902 6116
f 6116 5902 5903
f 6116 5903 6117
f 6117 5903 5904
f 6117 5904 6118
f 6118 5904 5905
f 6118 5905 6119
f 6119 5905 5906
f 6119 5906 6120
f 6120 5906 5907
f 6120 5907 6121
f 6121 5907 5908
f 6121 5908 6122
f 6122 5908 5909
f 6122 5909 6123
f 6123 5909 5910
f 6123 5910 6124
f 6124 5910 5911
f 6124 5911 6125
f 6125 5911 5912
f 6125 5912 6126
f 6126 5912 5913
f 6126 5913 6127
f 6127 5913 5914
f 6127 5914 6128
f 6128 5914 5915
f 6128 5915 6129
f 6129 5915 5916
f 6129 5916 6130
f 6130 5916 5917
f 6130 5917 6131
f 6131 5917 5918
f 6131 5918 6132
f 6132 5918 5919
f 6132 5919 6133
f 6133 5919 5920
f 6133 5920 6134
f 6134 5920 5921
f 6134 5921 6135
f 6135 5921 5922
f 6135 5922 6136
f 6136 5922 5923
f 6136 5923 6137
f 6137 5923 5924
f 6137 5924 6138
f 6138 5924 5925
f 6138 5925 6139
f 6139 5925 5926
f 6139 5926 6140
f 6140 5926 5927
f 6140 5927 6141
f 6141 5927 5928
f 6141 5928 6142
f 6142 5928 5929
f 6142 5929 6143
f 6143 5929 5930
f 6143 5930 6144
f 6144 5930 5931
f 6144 5931 6145
f 6145 5931 5932
f 6145 5932 6146
f 6146 5932 5933
f 6146 5933 6147
f 6147 5933 5934
f 6147 5934 6148
f 6148 5934 5935
f 6148 5935 6149
f 6149 5935 5936
f 6149 5936 6150
f 6150 5936 5937
f 6150 5937 6151
f 6151 5937 5938
f 6151 5938 6152
f 6152 5938 5939
f 6152 5939 6153
f 6153 5939 5940
f 6153 5940 5969
f 6087 6078 5941
f 6087 5941 6154
f 6155 5884 5885
f 6155 5885 6090
f 6156 5943 5944
f 6156 5944 6157
f 6158 6080 5879
f 6158 5879 6088
f 6159 5882 5887
f 6159 5887 6160
f 6157 5944 5964
f 6157 5964 6161
f 6162 5946 5947
f 6162 5947 6163
f 6164 5948 5949
f 6164 5949 6165
f 6089 5880 5959
f 6089 5959 6166
f 6167 5955 5956
f 6167 5956 6168
f 6163 5947 5950
f 6163 5950 6169
f 6168 5956 5878
f 6168 5878 6071
f 6170 5958 5954
f 6170 5954 6171
f 6172 5963 5948
f 6172 5948 6164
f 6097 5872 5873
f 6097 5873 6173
f 6174 5875 5888
f 6174 5888 6100
f 6154 5941 5942
f 6154 5942 6175
f 6176 5966 5967
f 6176 5967 6177
f 6091 5886 6082
f 6091 6082 6094
f 6099 5968 5963
f 6099 5963 6172
f 6166 5959 5958
f 6166 5958 6170
f 6173 5873 5883
f 6173 5883 6178
f 6178 5883 5884
f 6178 5884 6155
f 6171 5954 5881
f 6171 5881 6179
f 6180 5972 5955
f 6180 5955 6167
f 6179 5881 5882
f 6179 5882 6159
f 5975 5974 6076
f 5975 6076 6181
f 6182 5976 5975
f 6182 5975 6181
f 6183 5977 5976
f 6183 5976 6182
f 6184 5978 5977
f 6184 5977 6183
f 6185 5979 5978
f 6185 5978 6184
f 6186 5980 5979
f 6186 5979 6185
f 6187 5981 5980
f 6187 5980 6186
f 6188 5982 5981
f 6188 5981 6187
f 6189 5983 5982
f 6189 5982 6188
f 6190 5984 5983
f 6190 5983 6189
f 6191 5985 5984
f 6191 5984 6190
f 6192 5986 5985
f 6192 5985 6191
f 6193 5987 5986
f 6193 5986 6192
f 6194 5988 5987
f 6194 5987 6193
f 6195 5989 5988
f 6195 5988 6194
f 6196 5990 5989
f 6196 5989 6195
f 6197 5991 5990
f 6197 5990 6196
f 6198 5992 5991
f 6198 5991 6197
f 6199 5993 5992
f 6199 5992 6198
f 6200 5994 5993
f 6200 5993 6199
f 6201 5995 5994
f 6201 5994 6200
f 6202 5996 5995
f 6202 5995 6201
f 6203 5997 5996
f 6203 5996 6202
f 6204 5998 5997
f 6204 5997 6203
f 6205 5999 5998
f 6205 5998 6204
f 6206 6000 5999
f 6206 5999 6205
f 6207 6001 6000
f 6207 6000 6206
f 6208 6002 6001
f 6208 6001 6207
f 6209 6003 6002
f 6209 6002 6208
f 6210 6004 6003
f 6210 6003 6209
f 6211 6005 6004
f 6211 6004 6210
f 6212 6006 6005
f 6212 6005 6211
f 6213 6007 6006
f 6213 6006 6212
f 6214 6008 6007
f 6214 6007 6213
f 6215 6009 6008
f 6215 6008 6214
f 6216 6010 6009
f 6216 6009 6215
f 6217 6011 6010
f 6217 6010 6216
f 6218 6012 6011
f 6218 6011 6217
f 6219 6013 6012
f 6219 6012 6218
f 6220 6014 6013
f 6220 6013 6219
f 6221 6015 6014
f 6221 6014 6220
f 6222 6016 6015
f 6222 6015 6221
f 6223 6017 6016
f 6223 6016 6222
f 6224 6018 6017
f 6224 6017 6223
f 6225 6019 6018
f 6225 6018 6224
f 6226 6020 6019
f 6226 6019 6225
f 6227 6021 6020
f 6227 6020 6226
f 6228 6022 6021
f 6228 6021 6227
f 6229 6023 6022
f 6229 6022 6228
f 6230 6024 6023
f 6230 6023 6229
f 6231 6025 6024
f 6231 6024 6230
f 6232 6026 6025
f 6232 6025 6231
f 6233 6027 6026
f 6233 6026 6232
f 6234 6028 6027
f 6234 6027 6233
f 6235 6029 6028
f 6235 6028 6234
f 6236 6030 6029
f 6236 6029 6235
f 6237 6031 6030
f 6237 6030 6236
f 6238 6032 6031
f 6238 6031 6237
f 6239 6033 6032
f 6239 6032 6238
f 6240 6034 6033
f 6240 6033 6239
f 6241 6035 6034
f 6241 6034 6240
f 6242 6036 6035
f 6242 6035 6241
f 6243 6037 6036
f 6243 6036 6242
f 6244 6038 6037
f 6244 6037 6243
f 6245 6039 6038
f 6245 6038 6244
f 6246 6040 6039
f 6246 6039 6245
f 6247 6041 6040
f 6247 6040 6246
f 6248 6042 6041
f 6248 6041 6247
f 6249 6043 6042
f 6249 6042 6248
f 6250 6044 6043
f 6250 6043 6249
f 6251 6045 6044
f 6251 6044 6250
f 6252 6046 6045
f 6252 6045 6251
f 6253 6047 6046
f 6253 6046 6252
f 6254 6048 6047
f 6254 6047 6253
f 6255 6049 6048
f 6255 6048 6254
f 6256 6050 6049
f 6256 6049 6255
f 6257 6051 6050
f 6257 6050 6256
f 6258 6052 6051
f 6258 6051 6257
f 6259 6053 6052
f 6259 6052 6258
f 6260 6054 6053
f 6260 6053 6259
f 6261 6055 6054
f 6261 6054 6260
f 6262 6056 6055
f 6262 6055 6261
f 6263 6057 6056
f 6263 6056 6262
f 6264 6058 6057
f 6264 6057 6263
f 6265 6059 6058
f 6265 6058 6264
f 6266 6060 6059
f 6266 6059 6265
f 6267 6061 6060
f 6267 6060 6266
f 6268 6062 6061
f 6268 6061 6267
f 6269 6063 6062
f 6269 6062 6268
f 6270 6064 6063
f 6270 6063 6269
f 6271 6065 6064
f 6271 6064 6270
f 6272 6066 6065
f 6272 6065 6271
f 6273 6067 6066
f 6273 6066 6272
f 6274 6068 6067
f 6274 6067 6273
f 6275 6069 6068
f 6275 6068 6274
f 6276 6070 6069
f 6276 6069 6275
f 6168 6071 6070
f 6168 6070 6276
f 6103 5952 5953
f 6103 5953 6086
f 6085 5897 5898
f 6085 5898 6112
f 6107 5893 6079
f 6107 6079 6110
f 6169 5950 5951
f 6169 5951 6277
f 6165 5949 5945
f 6165 5945 6278
f 6279 6073 6072
f 6279 6072 6102
f 6280 6074 6073
f 6280 6073 6279
f 6281 6075 6074
f 6281 6074 6280
f 6181 6076 6075
f 6181 6075 6281
f 6101 5889 5957
f 6101 5957 6098
f 6161 5964 5965
f 6161 5965 6096
f 6277 5951 5943
f 6277 5943 6156
f 6282 5960 5966
f 6282 5966 6176
f 6105 5876 5877
f 6105 5877 6108
f 6093 6083 6080
f 6093 6080 6158
f 5953 5890 6077
f 5953 6077 6086
f 6278 5945 5946
f 6278 5946 6162
f 6175 5942 5960
f 6175 5960 6282
f 6111 5894 5895
f 6111 5895 6109
f 6283 5970 5961
f 6283 5961 6284
f 6153 5969 5970
f 6153 5970 6283
f 6284 5961 5962
f 6284 5962 6285
f 6160 5887 5874
f 6160 5874 6286
f 6287 5971 5892
f 6287 5892 6106
f 6177 5967 6081
f 6177 6081 6092
f 6285 5962 5972
f 6285 5972 6180
f 6095 5973 5971
f 6095 5971 6287
f 6286 5874 5875
f 6286 5875 6174
f 6288 6107 6110
f 6288 6110 6289
f 6167 6168 6276
f 6167 6276 6290
f 6291 6099 6172
f 6291 6172 6292
f 6293 6286 6174
f 6293 6174 6294
f 6295 6166 6170
f 6295 6170 6296
f 6297 6161 6096
f 6297 6096 6298
f 6299 6085 6112
f 6299 6112 6300
f 6301 6093 6158
f 6301 6158 6302
f 6303 6169 6277
f 6303 6277 6304
f 6305 6109 6104
f 6305 6104 6306
f 6289 6110 6111
f 6289 6111 6307
f 6308 6114 6115
f 6308 6115 6309
f 6310 6113 6114
f 6310 6114 6308
f 6311 6116 6117
f 6311 6117 6312
f 6312 6117 6118
f 6312 6118 6313
f 6313 6118 6119
f 6313 6119 6314
f 6314 6119 6120
f 6314 6120 6315
f 6315 6120 6121
f 6315 6121 6316
f 6316 6121 6122
f 6316 6122 6317
f 6317 6122 6123
f 6317 6123 6318
f 6318 6123 6124
f 6318 6124 6319
f 6319 6124 6125
f 6319 6125 6320
f 6320 6125 6126
f 6320 6126 6321
f 6321 6126 6127
f 6321 6127 6322
f 6322 6127 6128
f 6322 6128 6323
f 6323 6128 6129
f 6323 6129 6324
f 6324 6129 6130
f 6324 6130 6325
f 6325 6130 6131
f 6325 6131 6326
f 6326 6131 6132
f 6326 6132 6327
f 6327 6132 6133
f 6327 6133 6328
f 6328 6133 6134
f 6328 6134 6329
f 6329 6134 6135
f 6329 6135 6330
f 6330 6135 6136
f 6330 6136 6331
f 6331 6136 6137
f 6331 6137 6332
f 6332 6137 6138
f 6332 6138 6333
f 6333 6138 6139
f 6333 6139 6334
f 6334 6139 6140
f 6334 6140 6335
f 6335 6140 6141
f 6335 6141 6336
f 6336 6141 6142
f 6336 6142 6337
f 6337 6142 6143
f 6337 6143 6338
f 6338 6143 6144
f 6338 6144 6339
f 6339 6144 6145
f 6339 6145 6340
f 6340 6145 6146
f 6340 6146 6341
f 6341 6146 6147
f 6341 6147 6342
f 6342 6147 6148
f 6342 6148 6343
f 6343 6148 6149
f 6343 6149 6344
f 6344 6149 6150
f 6344 6150 6345
f 6345 6150 6151
f 6345 6151 6346
f 6346 6151 6152
f 6346 6152 6347
f 6347 6152 6153
f 6347 6153 6283
f 6348 6284 6285
f 6348 6285 6349
f 6350 6087 6154
f 6350 6154 6351
f 6302 6158 6088
f 6302 6088 6352
f 6353 6282 6176
f 6353 6176 6354
f 6355 6155 6090
f 6355 6090 6356
f 6357 6156 6157
f 6357 6157 6358
f 6359 6159 6160
f 6359 6160 6360
f 6358 6157 6161
f 6358 6161 6297
f 6361 6162 6163
f 6361 6163 6362
f 6363 6089 6166
f 6363 6166 6295
f 6364 6092 6093
f 6364 6093 6301
f 6300 6112 6113
f 6300 6113 6310
f 6362 6163 6169
f 6362 6169 6303
f 6292 6172 6164
f 6292 6164 6365
f 6366 6171 6179
f 6366 6179 6367
f 6352 6088 6089
f 6352 6089 6363
f 6296 6170 6171
f 6296 6171 6366
f 6368 6178 6155
f 6368 6155 6355
f 6369 6084 6085
f 6369 6085 6299
f 6294 6174 6100
f 6294 6100 6370
f 6307 6111 6109
f 6307 6109 6305
f 6354 6176 6177
f 6354 6177 6371
f 6372 6091 6094
f 6372 6094 6373
f 6370 6100 6101
f 6370 6101 6374
f 6373 6094 6095
f 6373 6095 6375
f 6376 6106 6107
f 6376 6107 6288
f 6377 6105 6108
f 6377 6108 6378
f 6379 6180 6167
f 6379 6167 6290
f 6380 6165 6278
f 6380 6278 6381
f 6367 6179 6159
f 6367 6159 6359
f 6382 6173 6178
f 6382 6178 6368
f 6383 6182 6181
f 6383 6181 6281
f 6384 6097 6173
f 6384 6173 6382
f 6385 6183 6182
f 6385 6182 6383
f 6386 6184 6183
f 6386 6183 6385
f 6387 6185 6184
f 6387 6184 6386
f 6388 6186 6185
f 6388 6185 6387
f 6389 6187 6186
f 6389 6186 6388
f 6390 6188 6187
f 6390 6187 6389
f 6391 6189 6188
f 6391 6188 6390
f 6392 6190 6189
f 6392 6189 6391
f 6393 6191 6190
f 6393 6190 6392
f 6394 6192 6191
f 6394 6191 6393
f 6395 6193 6192
f 6395 6192 6394
f 6396 6194 6193
f 6396 6193 6395
f 6397 6195 6194
f 6397 6194 6396
f 6398 6196 6195
f 6398 6195 6397
f 6399 6197 6196
f 6399 6196 6398
f 6400 6198 6197
f 6400 6197 6399
f 6401 6199 6198
f 6401 6198 6400
f 6402 6200 6199
f 6402 6199 6401
f 6403 6201 6200
f 6403 6200 6402
f 6404 6202 6201
f 6404 6201 6403
f 6405 6203 6202
f 6405 6202 6404
f 6406 6204 6203
f 6406 6203 6405
f 6407 6205 6204
f 6407 6204 6406
f 6408 6206 6205
f 6408 6205 6407
f 6409 6207 6206
f 6409 6206 6408
f 6410 6208 6207
f 6410 6207 6409
f 6411 6209 6208
f 6411 6208 6410
f 6412 6210 6209
f 6412 6209 6411
f 6413 6211 6210
f 6413 6210 6412
f 6414 6212 6211
f 6414 6211 6413
f 6415 6213 6212
f 6415 6212 6414
f 6416 6214 6213
f 6416 6213 6415
f 6417 6215 6214
f 6417 6214 6416
f 6418 6216 6215
f 6418 6215 6417
f 6419 6217 6216
f 6419 6216 6418
f 6420 6218 6217
f 6420 6217 6419
f 6421 6219 6218
f 6421 6218 6420
f 6422 6220 6219
f 6422 6219 6421
f 6423 6221 6220
f 6423 6220 6422
f 6424 6222 6221
f 6424 6221 6423
f 6425 6223 6222
f 6425 6222 6424
f 6426 6224 6223
f 6426 6223 6425
f 6427 6225 6224
f 6427 6224 6426
f 6428 6226 6225
f 6428 6225 6427
f 6429 6227 6226
f 6429 6226 6428
f 6430 6228 6227
f 6430 6227 6429
f 6431 6229 6228
f 6431 6228 6430
f 6432 6230 6229
f 6432 6229 6431
f 6433 6231 6230
f 6433 6230 6432
f 6434 6232 6231
f 6434 6231 6433
f 6435 6233 6232
f 6435 6232 6434
f 6436 6234 6233
f 6436 6233 6435
f 6437 6235 6234
f 6437 6234 6436
f 6438 6236 6235
f 6438 6235 6437
f 6439 6237 6236
f 6439 6236 6438
f 6440 6238 6237
f 6440 6237 6439
f 6441 6239 6238
f 6441 6238 6440
f 6442 6240 6239
f 6442 6239 6441
f 6443 6241 6240
f 6443 6240 6442
f 6444 6242 6241
f 6444 6241 6443
f 6445 6243 6242
f 6445 6242 6444
f 6446 6244 6243
f 6446 6243 6445
f 6447 6245 6244
f 6447 6244 6446
f 6448 6246 6245
f 6448 6245 6447
f 6449 6247 6246
f 6449 6246 6448
f 6450 6248 6247
f 6450 6247 6449
f 6451 6249 6248
f 6451 6248 6450
f 6452 6250 6249
f 6452 6249 6451
f 6453 6251 6250
f 6453 6250 6452
f 6454 6252 6251
f 6454 6251 6453
f 6455 6253 6252
f 6455 6252 6454
f 6456 6254 6253
f 6456 6253 6455
f 6457 6255 6254
f 6457 6254 6456
f 6458 6256 6255
f 6458 6255 6457
f 6459 6257 6256
f 6459 6256 6458
f 6460 6258 6257
f 6460 6257 6459
f 6461 6259 6258
f 6461 6258 6460
f 6462 6260 6259
f 6462 6259 6461
f 6463 6261 6260
f 6463 6260 6462
f 6464 6262 6261
f 6464 6261 6463
f 6465 6263 6262
f 6465 6262 6464
f 6466 6264 6263
f 6466 6263 6465
f 6467 6265 6264
f 6467 6264 6466
f 6468 6266 6265
f 6468 6265 6467
f 6469 6267 6266
f 6469 6266 6468
f 6470 6268 6267
f 6470 6267 6469
f 6471 6269 6268
f 6471 6268 6470
f 6472 6270 6269
f 6472 6269 6471
f 6473 6271 6270
f 6473 6270 6472
f 6474 6272 6271
f 6474 6271 6473
f 6475 6273 6272
f 6475 6272 6474
f 6476 6274 6273
f 6476 6273 6475
f 6477 6275 6274
f 6477 6274 6476
f 6290 6276 6275
f 6290 6275 6477
f 6365 6164 6165
f 6365 6165 6380
f 6304 6277 6156
f 6304 6156 6357
f 6374 6101 6098
f 6374 6098 6478
f 6479 6175 6282
f 6479 6282 6353
f 6480 6279 6102
f 6480 6102 6481
f 6482 6280 6279
f 6482 6279 6480
f 6383 6281 6280
f 6383 6280 6482
f 6309 6115 6116
f 6309 6116 6311
f 6103 6086 6087
f 6103 6087 6350
f 6378 6108 6084
f 6378 6084 6369
f 6371 6177 6092
f 6371 6092 6364
f 6360 6160 6286
f 6360 6286 6293
f 6306 6104 6105
f 6306 6105 6377
f 6349 6285 6180
f 6349 6180 6379
f 6375 6095 6287
f 6375 6287 6483
f 6351 6154 6175
f 6351 6175 6479
f 6356 6090 6091
f 6356 6091 6372
f 6478 6098 6099
f 6478 6099 6291
f 6483 6287 6106
f 6483 6106 6376
f 6298 6096 6097
f 6298 6097 6384
f 6381 6278 6162
f 6381 6162 6361
f 6481 6102 6103
f 6481 6103 6350
f 6347 6283 6284
f 6347 6284 6348
f 6484 6481 6350
f 6484 6350 6351
f 6485 6291 6292
f 6485 6292 6486
f 6487 6293 6294
f 6487 6294 6488
f 6489 6307 6305
f 6489 6305 6490
f 6491 6360 6293
f 6491 6293 6487
f 6379 6290 6477
f 6379 6477 6492
f 6493 6288 6289
f 6493 6289 6494
f 6495 6381 6361
f 6495 6361 6496
f 6497 6362 6303
f 6497 6303 6498
f 6499 6374 6478
f 6499 6478 6500
f 6501 6349 6379
f 6501 6379 6492
f 6502 6310 6308
f 6502 6308 6503
f 6494 6289 6307
f 6494 6307 6489
f 6503 6308 6309
f 6503 6309 6504
f 6505 6311 6312
f 6505 6312 6506
f 6506 6312 6313
f 6506 6313 6507
f 6508 6315 6316
f 6508 6316 6509
f 6509 6316 6317
f 6509 6317 6510
f 6510 6317 6318
f 6510 6318 6511
f 6511 6318 6319
f 6511 6319 6512
f 6512 6319 6320
f 6512 6320 6513
f 6513 6320 6321
f 6513 6321 6514
f 6514 6321 6322
f 6514 6322 6515
f 6515 6322 6323
f 6515 6323 6516
f 6516 6323 6324
f 6516 6324 6517
f 6517 6324 6325
f 6517 6325 6518
f 6518 6325 6326
f 6518 6326 6519
f 6519 6326 6327
f 6519 6327 6520
f 6520 6327 6328
f 6520 6328 6521
f 6521 6328 6329
f 6521 6329 6522
f 6522 6329 6330
f 6522 6330 6523
f 6523 6330 6331
f 6523 6331 6524
f 6524 6331 6332
f 6524 6332 6525
f 6525 6332 6333
f 6525 6333 6526
f 6526 6333 6334
f 6526 6334 6527
f 6527 6334 6335
f 6527 6335 6528
f 6528 6335 6336
f 6528 6336 6529
f 6529 6336 6337
f 6529 6337 6530
f 6530 6337 6338
f 6530 6338 6531
f 6531 6338 6339
f 6531 6339 6532
f 6532 6339 6340
f 6532 6340 6533
f 6533 6340 6341
f 6533 6341 6534
f 6534 6341 6342
f 6534 6342 6535
f 6535 6342 6343
f 6535 6343 6536
f 6536 6343 6344
f 6536 6344 6537
f 6537 6344 6345
f 6537 6345 6538
f 6538 6345 6346
f 6538 6346 6539
f 6539 6346 6347
f 6539 6347 6348
f 6540 6375 6483
f 6540 6483 6541
f 6542 6356 6372
f 6542 6372 6543
f 6544 6302 6352
f 6544 6352 6545
f 6546 6353 6354
f 6546 6354 6547
f 6500 6478 6291
f 6500 6291 6485
f 6486 6292 6365
f 6486 6365 6548
f 6549 6306 6377
f 6549 6377 6550
f 6547 6354 6371
f 6547 6371 6551
f 6552 6358 6297
f 6552 6297 6553
f 6554 6357 6358
f 6554 6358 6552
f 6555 6364 6301
f 6555 6301 6556
f 6557 6368 6355
f 6557 6355 6558
f 6559 6366 6367
f 6559 6367 6560
f 6545 6352 6363
f 6545 6363 6561
f 6562 6482 6480
f 6562 6480 6563
f 6564 6369 6299
f 6564 6299 6565
f 6566 6373 6375
f 6566 6375 6540
f 6543 6372 6373
f 6543 6373 6566
f 6567 6370 6374
f 6567 6374 6499
f 6484 6351 6479
f 6484 6479 6568
f 6569 6376 6288
f 6569 6288 6493
f 6550 6377 6378
f 6550 6378 6570
f 6571 6298 6384
f 6571 6384 6572
f 6573 6380 6381
f 6573 6381 6495
f 6560 6367 6359
f 6560 6359 6574
f 6504 6309 6311
f 6504 6311 6505
f 6572 6384 6382
f 6572 6382 6575
f 6562 6385 6383
f 6562 6383 6482
f 6498 6303 6304
f 6498 6304 6576
f 6577 6386 6385
f 6577 6385 6562
f 6578 6387 6386
f 6578 6386 6577
f 6579 6388 6387
f 6579 6387 6578
f 6580 6389 6388
f 6580 6388 6579
f 6581 6390 6389
f 6581 6389 6580
f 6582 6391 6390
f 6582 6390 6581
f 6583 6392 6391
f 6583 6391 6582
f 6584 6393 6392
f 6584 6392 6583
f 6585 6394 6393
f 6585 6393 6584
f 6586 6395 6394
f 6586 6394 6585
f 6587 6396 6395
f 6587 6395 6586
f 6588 6397 6396
f 6588 6396 6587
f 6589 6398 6397
f 6589 6397 6588
f 6590 6399 6398
f 6590 6398 6589
f 6591 6400 6399
f 6591 6399 6590
f 6592 6401 6400
f 6592 6400 6591
f 6593 6402 6401
f 6593 6401 6592
f 6594 6403 6402
f 6594 6402 6593
f 6595 6404 6403
f 6595 6403 6594
f 6596 6405 6404
f 6596 6404 6595
f 6597 6406 6405
f 6597 6405 6596
f 6598 6407 6406
f 6598 6406 6597
f 6599 6408 6407
f 6599 6407 6598
f 6600 6409 6408
f 6600 6408 6599
f 6601 6410 6409
f 6601 6409 6600
f 6602 6411 6410
f 6602 6410 6601
f 6603 6412 6411
f 6603 6411 6602
f 6604 6413 6412
f 6604 6412 6603
f 6605 6414 6413
f 6605 6413 6604
f 6606 6415 6414
f 6606 6414 6605
f 6607 6416 6415
f 6607 6415 6606
f 6608 6417 6416
f 6608 6416 6607
f 6609 6418 6417
f 6609 6417 6608
f 6610 6419 6418
f 6610 6418 6609
f 6611 6420 6419
f 6611 6419 6610
f 6612 6421 6420
f 6612 6420 6611
f 6613 6422 6421
f 6613 6421 6612
f 6614 6423 6422
f 6614 6422 6613
f 6615 6424 6423
f 6615 6423 6614
f 6616 6425 6424
f 6616 6424 6615
f 6617 6426 6425
f 6617 6425 6616
f 6618 6427 6426
f 6618 6426 6617
f 6619 6428 6427
f 6619 6427 6618
f 6620 6429 6428
f 6620 6428 6619
f 6621 6430 6429
f 6621 6429 6620
f 6622 6431 6430
f 6622 6430 6621
f 6623 6432 6431
f 6623 6431 6622
f 6624 6433 6432
f 6624 6432 6623
f 6625 6434 6433
f 6625 6433 6624
f 6626 6435 6434
f 6626 6434 6625
f 6627 6436 6435
f 6627 6435 6626
f 6628 6437 6436
f 6628 6436 6627
f 6629 6438 6437
f 6629 6437 6628
f 6630 6439 6438
f 6630 6438 6629
f 6631 6440 6439
f 6631 6439 6630
f 6632 6441 6440
f 6632 6440 6631
f 6633 6442 6441
f 6633 6441 6632
f 6634 6443 6442
f 6634 6442 6633
f 6635 6444 6443
f 6635 6443 6634
f 6636 6445 6444
f 6636 6444 6635
f 6637 6446 6445
f 6637 6445 6636
f 6638 6447 6446
f 6638 6446 6637
f 6639 6448 6447
f 6639 6447 6638
f 6640 6449 6448
f 6640 6448 6639
f 6641 6450 6449
f 6641 6449 6640
f 6642 6451 6450
f 6642 6450 6641
f 6643 6452 6451
f 6643 6451 6642
f 6644 6453 6452
f 6644 6452 6643
f 6645 6454 6453
f 6645 6453 6644
f 6646 6455 6454
f 6646 6454 6645
f 6647 6456 6455
f 6647 6455 6646
f 6648 6457 6456
f 6648 6456 6647
f 6649 6458 6457
f 6649 6457 6648
f 6650 6459 6458
f 6650 6458 6649
f 6651 6460 6459
f 6651 6459 6650
f 6652 6461 6460
f 6652 6460 6651
f 6653 6462 6461
f 6653 6461 6652
f 6654 6463 6462
f 6654 6462 6653
f 6655 6464 6463
f 6655 6463 6654
f 6656 6465 6464
f 6656 6464 6655
f 6657 6466 6465
f 6657 6465 6656
f 6658 6467 6466
f 6658 6466 6657
f 6659 6468 6467
f 6659 6467 6658
f 6660 6469 6468
f 6660 6468 6659
f 6661 6470 6469
f 6661 6469 6660
f 6662 6471 6470
f 6662 6470 6661
f 6663 6472 6471
f 6663 6471 6662
f 6664 6473 6472
f 6664 6472 6663
f 6665 6474 6473
f 6665 6473 6664
f 6666 6475 6474
f 6666 6474 6665
f 6667 6476 6475
f 6667 6475 6666
f 6492 6477 6476
f 6492 6476 6667
f 6556 6301 6302
f 6556 6302 6544
f 6568 6479 6353
f 6568 6353 6546
f 6575 6382 6368
f 6575 6368 6557
f 6563 6480 6481
f 6563 6481 6484
f 6574 6359 6360
f 6574 6360 6491
f 6541 6483 6376
f 6541 6376 6569
f 6561 6363 6295
f 6561 6295 6668
f 6565 6299 6300
f 6565 6300 6669
f 6670 6314 6315
f 6670 6315 6508
f 6507 6313 6314
f 6507 6314 6670
f 6490 6305 6306
f 6490 6306 6549
f 6669 6300 6310
f 6669 6310 6502
f 6488 6294 6370
f 6488 6370 6567
f 6558 6355 6356
f 6558 6356 6542
f 6539 6348 6349
f 6539 6349 6501
f 6496 6361 6362
f 6496 6362 6497
f 6553 6297 6298
f 6553 6298 6571
f 6671 6296 6366
f 6671 6366 6559
f 6668 6295 6296
f 6668 6296 6671
f 6570 6378 6369
f 6570 6369 6564
f 6548 6365 6380
f 6548 6380 6573
f 6551 6371 6364
f 6551 6364 6555
f 6576 6304 6357
f 6576 6357 6554
f 6672 6485 6486
f 6672 6486 6673
f 6674 6558 6542
f 6674 6542 6675
f 6676 6669 6502
f 6676 6502 6677
f 6678 6556 6544
f 6678 6544 6679
f 6680 6493 6494
f 6680 6494 6681
f 6682 6553 6571
f 6682 6571 6683
f 6673 6486 6548
f 6673 6548 6684
f 6685 6495 6496
f 6685 6496 6686
f 6677 6502 6503
f 6677 6503 6687
f 6681 6494 6489
f 6681 6489 6688
f 6689 6563 6484
f 6689 6484 6568
f 6690 6505 6506
f 6690 6506 6691
f 6691 6506 6507
f 6691 6507 6692
f 6693 6508 6509
f 6693 6509 6694
f 6694 6509 6510
f 6694 6510 6695
f 6696 6512 6513
f 6696 6513 6697
f 6697 6513 6514
f 6697 6514 6698
f 6698 6514 6515
f 6698 6515 6699
f 6699 6515 6516
f 6699 6516 6700
f 6700 6516 6517
f 6700 6517 6701
f 6701 6517 6518
f 6701 6518 6702
f 6702 6518 6519
f 6702 6519 6703
f 6703 6519 6520
f 6703 6520 6704
f 6704 6520 6521
f 6704 6521 6705
f 6705 6521 6522
f 6705 6522 6706
f 6706 6522 6523
f 6706 6523 6707
f 6707 6523 6524
f 6707 6524 6708
f 6708 6524 6525
f 6708 6525 6709
f 6709 6525 6526
f 6709 6526 6710
f 6710 6526 6527
f 6710 6527 6711
f 6711 6527 6528
f 6711 6528 6712
f 6712 6528 6529
f 6712 6529 6713
f 6713 6529 6530
f 6713 6530 6714
f 6714 6530 6531
f 6714 6531 6715
f 6715 6531 6532
f 6715 6532 6716
f 6716 6532 6533
f 6716 6533 6717
f 6717 6533 6534
f 6717 6534 6718
f 6718 6534 6535
f 6718 6535 6719
f 6719 6535 6536
f 6719 6536 6720
f 6720 6536 6537
f 6720 6537 6721
f 6721 6537 6538
f 6721 6538 6722
f 6722 6538 6539
f 6722 6539 6501
f 6686 6496 6497
f 6686 6497 6723
f 6724 6561 6668
f 6724 6668 6725
f 6675 6542 6543
f 6675 6543 6726
f 6726 6543 6566
f 6726 6566 6727
f 6715 6660 6659
f 6715 6659 6714
f 6728 6570 6564
f 6728 6564 6729
f 6730 6574 6491
f 6730 6491 6731
f 6732 6500 6485
f 6732 6485 6672
f 6733 6549 6550
f 6733 6550 6734
f 6735 6547 6551
f 6735 6551 6736
f 6737 6552 6553
f 6737 6553 6682
f 6688 6489 6490
f 6688 6490 6738
f 6687 6503 6504
f 6687 6504 6739
f 6740 6555 6556
f 6740 6556 6678
f 6729 6564 6565
f 6729 6565 6741
f 6739 6504 6505
f 6739 6505 6690
f 6742 6545 6561
f 6742 6561 6724
f 6577 6562 6563
f 6577 6563 6689
f 6743 6511 6512
f 6743 6512 6696
f 6744 6567 6499
f 6744 6499 6745
f 6746 6573 6495
f 6746 6495 6685
f 6745 6499 6500
f 6745 6500 6732
f 6747 6671 6559
f 6747 6559 6748
f 6749 6575 6557
f 6749 6557 6750
f 6751 6569 6493
f 6751 6493 6680
f 6684 6548 6573
f 6684 6573 6746
f 6683 6571 6572
f 6683 6572 6752
f 6753 6541 6569
f 6753 6569 6751
f 6754 6578 6577
f 6754 6577 6689
f 6735 6579 6578
f 6735 6578 6754
f 6736 6580 6579
f 6736 6579 6735
f 6740 6581 6580
f 6740 6580 6736
f 6678 6582 6581
f 6678 6581 6740
f 6661 6716 6717
f 6661 6717 6662
f 6724 6585 6584
f 6724 6584 6742
f 6725 6586 6585
f 6725 6585 6724
f 6747 6587 6586
f 6747 6586 6725
f 6748 6588 6587
f 6748 6587 6747
f 6755 6589 6588
f 6755 6588 6748
f 6730 6590 6589
f 6730 6589 6755
f 6661 6660 6715
f 6661 6715 6716
f 6756 6593 6592
f 6756 6592 6757
f 6744 6594 6593
f 6744 6593 6756
f 6745 6595 6594
f 6745 6594 6744
f 6732 6596 6595
f 6732 6595 6745
f 6672 6597 6596
f 6672 6596 6732
f 6714 6659 6658
f 6714 6658 6713
f 6746 6600 6599
f 6746 6599 6684
f 6685 6601 6600
f 6685 6600 6746
f 6686 6602 6601
f 6686 6601 6685
f 6723 6603 6602
f 6723 6602 6686
f 6758 6604 6603
f 6758 6603 6723
f 6759 6605 6604
f 6759 6604 6758
f 6760 6606 6605
f 6760 6605 6759
f 6737 6607 6606
f 6737 6606 6760
f 6682 6608 6607
f 6682 6607 6737
f 6683 6609 6608
f 6683 6608 6682
f 6710 6655 6654
f 6750 6612 6611
f 6750 6611 6749
f 6655 6710 6711
f 6655 6711 6656
f 6726 6614 6613
f 6726 6613 6675
f 6640 6743 6696
f 6761 6617 6616
f 6761 6616 6727
f 6753 6618 6617
f 6753 6617 6761
f 6751 6619 6618
f 6751 6618 6753
f 6680 6620 6619
f 6680 6619 6751
f 6743 6640 6639
f 6743 6639 6695
f 6738 6622 6621
f 6738 6621 6688
f 6733 6623 6622
f 6733 6622 6738
f 6734 6624 6623
f 6734 6623 6733
f 6728 6625 6624
f 6728 6624 6734
f 6729 6626 6625
f 6729 6625 6728
f 6741 6627 6626
f 6741 6626 6729
f 6676 6628 6627
f 6676 6627 6741
f 6677 6629 6628
f 6677 6628 6676
f 6690 6633 6632
f 6690 6632 6631
f 6690 6631 6739
f 6633 6690 6691
f 6633 6691 6634
f 6692 6635 6634
f 6692 6634 6691
f 6762 6636 6635
f 6762 6635 6692
f 6693 6637 6636
f 6693 6636 6762
f 6694 6638 6637
f 6694 6637 6693
f 6726 6615 6614
f 6697 6641 6640
f 6697 6640 6696
f 6615 6726 6727
f 6615 6727 6616
f 6700 6644 6643
f 6700 6643 6699
f 6701 6645 6644
f 6701 6644 6700
f 6680 6681 6620
f 6704 6648 6647
f 6704 6647 6703
f 6705 6649 6648
f 6705 6648 6704
f 6706 6650 6649
f 6706 6649 6705
f 6707 6651 6650
f 6707 6650 6706
f 6708 6652 6651
f 6708 6651 6707
f 6709 6653 6652
f 6709 6652 6708
f 6710 6654 6653
f 6710 6653 6709
f 6620 6681 6688
f 6620 6688 6621
f 6712 6657 6656
f 6712 6656 6711
f 6713 6658 6657
f 6713 6657 6712
f 6750 6674 6612
f 6612 6674 6675
f 6612 6675 6613
f 6718 6663 6662
f 6718 6662 6717
f 6737 6760 6554
f 6737 6554 6552
f 6721 6666 6665
f 6721 6665 6720
f 6759 6576 6554
f 6759 6554 6760
f 6758 6498 6576
f 6758 6576 6759
f 6748 6559 6560
f 6748 6560 6755
f 6741 6565 6669
f 6741 6669 6676
f 6725 6668 6671
f 6725 6671 6747
f 6753 6761 6540
f 6753 6540 6541
f 6727 6566 6540
f 6727 6540 6761
f 6762 6670 6508
f 6762 6508 6693
f 6689 6568 6546
f 6689 6546 6754
f 6750 6557 6558
f 6750 6558 6674
f 6692 6507 6670
f 6692 6670 6762
f 6731 6491 6487
f 6731 6487 6757
f 6738 6490 6549
f 6738 6549 6733
f 6755 6560 6574
f 6755 6574 6730
f 6734 6550 6570
f 6734 6570 6728
f 6754 6546 6547
f 6754 6547 6735
f 6679 6544 6545
f 6679 6545 6742
f 6723 6497 6498
f 6723 6498 6758
f 6752 6572 6575
f 6752 6575 6749
f 6695 6510 6511
f 6695 6511 6743
f 6736 6551 6555
f 6736 6555 6740
f 6639 6638 6694
f 6639 6694 6695
f 6701 6702 6646
f 6701 6646 6645
f 6703 6647 6646
f 6703 6646 6702
f 6697 6698 6642
f 6697 6642 6641
f 6699 6643 6642
f 6699 6642 6698
f 6677 6687 6630
f 6677 6630 6629
f 6739 6631 6630
f 6739 6630 6687
f 6683 6752 6610
f 6683 6610 6609
f 6749 6611 6610
f 6749 6610 6752
f 6678 6679 6583
f 6678 6583 6582
f 6742 6584 6583
f 6742 6583 6679
f 6721 6722 6667
f 6721 6667 6666
f 6501 6492 6667
f 6501 6667 6722
f 6756 6488 6567
f 6756 6567 6744
f 6487 6488 6756
f 6487 6756 6757
f 6719 6664 6663
f 6719 6663 6718
f 6665 6664 6719
f 6665 6719 6720
f 6673 6598 6597
f 6673 6597 6672
f 6599 6598 6673
f 6599 6673 6684
f 6731 6591 6590
f 6731 6590 6730
f 6592 6591 6731
f 6592 6731 6757
f 6763 3 2
f 6763 2 6764
f 6765 5 3
f 6765 3 6763
f 6766 7 5
f 6766 5 6765
f 6767 9 7
f 6767 7 6766
f 6768 11 9
f 6768 9 6767
f 6769 13 11
f 6769 11 6768
f 6770 15 13
f 6770 13 6769
f 6771 17 15
f 6771 15 6770
f 6772 19 17
f 6772 17 6771
f 6773 21 19
f 6773 19 6772
f 6774 23 21
f 6774 21 6773
f 6775 25 23
f 6775 23 6774
f 6776 27 25
f 6776 25 6775
f 6777 29 27
f 6777 27 6776
f 6778 31 29
f 6778 29 6777
f 6779 33 31
f 6779 31 6778
f 6780 35 33
f 6780 33 6779
f 6781 37 35
f 6781 35 6780
f 6782 39 37
f 6782 37 6781
f 6783 41 39
f 6783 39 6782
f 6784 43 41
f 6784 41 6783
f 6785 45 43
f 6785 43 6784
f 6786 47 45
f 6786 45 6785
f 6787 49 47
f 6787 47 6786
f 6788 51 49
f 6788 49 6787
f 6789 53 51
f 6789 51 6788
f 6790 55 53
f 6790 53 6789
f 6791 57 55
f 6791 55 6790
f 6792 59 57
f 6792 57 6791
f 6793 61 59
f 6793 59 6792
f 6794 63 61
f 6794 61 6793
f 6795 65 63
f 6795 63 6794
f 6796 67 65
f 6796 65 6795
f 6797 69 67
f 6797 67 6796
f 6798 71 69
f 6798 69 6797
f 6799 73 71
f 6799 71 6798
f 6800 75 73
f 6800 73 6799
f 6801 77 75
f 6801 75 6800
f 6802 79 77
f 6802 77 6801
f 6803 81 79
f 6803 79 6802
f 6804 83 81
f 6804 81 6803
f 6805 85 83
f 6805 83 6804
f 6806 87 85
f 6806 85 6805
f 6807 89 87
f 6807 87 6806
f 6808 91 89
f 6808 89 6807
f 6809 93 91
f 6809 91 6808
f 6810 95 93
f 6810 93 6809
f 6811 97 95
f 6811 95 6810
f 6812 99 97
f 6812 97 6811
f 6813 101 99
f 6813 99 6812
f 6814 103 101
f 6814 101 6813
f 6815 105 103
f 6815 103 6814
f 6816 107 105
f 6816 105 6815
f 6817 109 107
f 6817 107 6816
f 6818 111 109
f 6818 109 6817
f 6819 113 111
f 6819 111 6818
f 6820 115 113
f 6820 113 6819
f 6821 117 115
f 6821 115 6820
f 6822 119 117
f 6822 117 6821
f 6823 121 119
f 6823 119 6822
f 6824 123 121
f 6824 121 6823
f 6825 125 123
f 6825 123 6824
f 6826 127 125
f 6826 125 6825
f 6827 129 127
f 6827 127 6826
f 6828 131 129
f 6828 129 6827
f 6829 133 131
f 6829 131 6828
f 6830 135 133
f 6830 133 6829
f 6831 137 135
f 6831 135 6830
f 6832 139 137
f 6832 137 6831
f 6833 141 139
f 6833 139 6832
f 6834 143 141
f 6834 141 6833
f 6835 145 143
f 6835 143 6834
f 6836 147 145
f 6836 145 6835
f 6837 149 147
f 6837 147 6836
f 6838 151 149
f 6838 149 6837
f 6839 153 151
f 6839 151 6838
f 6840 155 153
f 6840 153 6839
f 6841 157 155
f 6841 155 6840
f 6842 159 157
f 6842 157 6841
f 6843 161 159
f 6843 159 6842
f 6844 163 161
f 6844 161 6843
f 6845 165 163
f 6845 163 6844
f 6846 167 165
f 6846 165 6845
f 6847 169 167
f 6847 167 6846
f 6848 171 169
f 6848 169 6847
f 6849 173 171
f 6849 171 6848
f 6850 175 173
f 6850 173 6849
f 6851 177 175
f 6851 175 6850
f 6852 179 177
f 6852 177 6851
f 6853 181 179
f 6853 179 6852
f 6854 183 181
f 6854 181 6853
f 6855 185 183
f 6855 183 6854
f 6856 187 185
f 6856 185 6855
f 6857 189 187
f 6857 187 6856
f 6858 191 189
f 6858 189 6857
f 6859 193 191
f 6859 191 6858
f 6860 195 193
f 6860 193 6859
f 6861 197 195
f 6861 195 6860
f 6862 199 197
f 6862 197 6861
f 6863 201 199
f 6863 199 6862
f 6864 203 201
f 6864 201 6863
f 6865 205 203
f 6865 203 6864
f 6866 207 205
f 6866 205 6865
f 6867 209 207
f 6867 207 6866
f 6868 211 209
f 6868 209 6867
f 6869 213 211
f 6869 211 6868
f 6870 215 213
f 6870 213 6869
f 6871 217 215
f 6871 215 6870
f 6872 219 217
f 6872 217 6871
f 6873 221 219
f 6873 219 6872
f 6874 223 221
f 6874 221 6873
f 6875 225 223
f 6875 223 6874
f 6876 227 225
f 6876 225 6875
f 6877 229 227
f 6877 227 6876
f 6878 231 229
f 6878 229 6877
f 6879 233 231
f 6879 231 6878
f 6880 235 233
f 6880 233 6879
f 6881 237 235
f 6881 235 6880
f 6882 239 237
f 6882 237 6881
f 6883 241 239
f 6883 239 6882
f 6884 243 241
f 6884 241 6883
f 6885 245 243
f 6885 243 6884
f 6886 247 245
f 6886 245 6885
f 6887 249 247
f 6887 247 6886
f 6888 251 249
f 6888 249 6887
f 6889 253 251
f 6889 251 6888
f 6890 255 253
f 6890 253 6889
f 6891 257 255
f 6891 255 6890
f 6892 259 257
f 6892 257 6891
f 6893 261 259
f 6893 259 6892
f 6894 263 261
f 6894 261 6893
f 6895 265 263
f 6895 263 6894
f 6896 267 265
f 6896 265 6895
f 6897 269 267
f 6897 267 6896
f 6898 271 269
f 6898 269 6897
f 6899 273 271
f 6899 271 6898
f 6900 275 273
f 6900 273 6899
f 6764 2 275
f 6764 275 6900
f 6901 6764 6900
f 6901 6900 6902
f 6903 6766 6765
f 6903 6765 6904
f 6905 6767 6766
f 6905 6766 6903
f 6906 6768 6767
f 6906 6767 6905
f 6907 6769 6768
f 6907 6768 6906
f 6908 6770 6769
f 6908 6769 6907
f 6909 6771 6770
f 6909 6770 6908
f 6910 6772 6771
f 6910 6771 6909
f 6911 6773 6772
f 6911 6772 6910
f 6912 6774 6773
f 6912 6773 6911
f 6913 6775 6774
f 6913 6774 6912
f 6914 6776 6775
f 6914 6775 6913
f 6915 6777 6776
f 6915 6776 6914
f 6916 6778 6777
f 6916 6777 6915
f 6917 6779 6778
f 6917 6778 6916
f 6918 6780 6779
f 6918 6779 6917
f 6919 6781 6780
f 6919 6780 6918
f 6920 6782 6781
f 6920 6781 6919
f 6921 6783 6782
f 6921 6782 6920
f 6922 6784 6783
f 6922 6783 6921
f 6923 6785 6784
f 6923 6784 6922
f 6924 6786 6785
f 6924 6785 6923
f 6925 6787 6786
f 6925 6786 6924
f 6926 6788 6787
f 6926 6787 6925
f 6927 6789 6788
f 6927 6788 6926
f 6928 6790 6789
f 6928 6789 6927
f 6929 6791 6790
f 6929 6790 6928
f 6930 6792 6791
f 6930 6791 6929
f 6931 6793 6792
f 6931 6792 6930
f 6932 6794 6793
f 6932 6793 6931
f 6933 6795 6794
f 6933 6794 6932
f 6934 6796 6795
f 6934 6795 6933
f 6935 6797 6796
f 6935 6796 6934
f 6936 6798 6797
f 6936 6797 6935
f 6937 6799 6798
f 6937 6798 6936
f 6938 6800 6799
f 6938 6799 6937
f 6939 6801 6800
f 6939 6800 6938
f 6940 6802 6801
f 6940 6801 6939
f 6941 6803 6802
f 6941 6802 6940
f 6942 6804 6803
f 6942 6803 6941
f 6943 6805 6804
f 6943 6804 6942
f 6944 6806 6805
f 6944 6805 6943
f 6945 6807 6806
f 6945 6806 6944
f 6946 6808 6807
f 6946 6807 6945
f 6947 6809 6808
f 6947 6808 6946
f 6948 6810 6809
f 6948 6809 6947
f 6949 6811 6810
f 6949 6810 6948
f 6950 6812 6811
f 6950 6811 6949
f 6951 6813 6812
f 6951 6812 6950
f 6952 6814 6813
f 6952 6813 6951
f 6953 6815 6814
f 6953 6814 6952
f 6954 6816 6815
f 6954 6815 6953
f 6955 6817 6816
f 6955 6816 6954
f 6956 6818 6817
f 6956 6817 6955
f 6957 6819 6818
f 6957 6818 6956
f 6958 6820 6819
f 6958 6819 6957
f 6959 6821 6820
f 6959 6820 6958
f 6960 6822 6821
f 6960 6821 6959
f 6961 6823 6822
f 6961 6822 6960
f 6962 6824 6823
f 6962 6823 6961
f 6963 6825 6824
f 6963 6824 6962
f 6964 6826 6825
f 6964 6825 6963
f 6965 6827 6826
f 6965 6826 6964
f 6966 6828 6827
f 6966 6827 6965
f 6967 6829 6828
f 6967 6828 6966
f 6968 6830 6829
f 6968 6829 6967
f 6969 6831 6830
f 6969 6830 6968
f 6970 6832 6831
f 6970 6831 6969
f 6971 6833 6832
f 6971 6832 6970
f 6972 6834 6833
f 6972 6833 6971
f 6973 6835 6834
f 6973 6834 6972
f 6974 6836 6835
f 6974 6835 6973
f 6975 6837 6836
f 6975 6836 6974
f 6976 6838 6837
f 6976 6837 6975
f 6977 6839 6838
f 6977 6838 6976
f 6978 6840 6839
f 6978 6839 6977
f 6979 6841 6840
f 6979 6840 6978
f 6980 6842 6841
f 6980 6841 6979
f 6981 6843 6842
f 6981 6842 6980
f 6982 6844 6843
f 6982 6843 6981
f 6983 6845 6844
f 6983 6844 6982
f 6984 6846 6845
f 6984 6845 6983
f 6985 6847 6846
f 6985 6846 6984
f 6986 6848 6847
f 6986 6847 6985
f 6987 6849 6848
f 6987 6848 6986
f 6988 6850 6849
f 6988 6849 6987
f 6989 6851 6850
f 6989 6850 6988
f 6990 6852 6851
f 6990 6851 6989
f 6991 6853 6852
f 6991 6852 6990
f 6992 6854 6853
f 6992 6853 6991
f 6993 6855 6854
f 6993 6854 6992
f 6994 6856 6855
f 6994 6855 6993
f 6995 6857 6856
f 6995 6856 6994
f 6996 6858 6857
f 6996 6857 6995
f 6997 6859 6858
f 6997 6858 6996
f 6998 6860 6859
f 6998 6859 6997
f 6999 6861 6860
f 6999 6860 6998
f 7000 6862 6861
f 7000 6861 6999
f 7001 6863 6862
f 7001 6862 7000
f 7002 6864 6863
f 7002 6863 7001
f 7003 6865 6864
f 7003 6864 7002
f 7004 6866 6865
f 7004 6865 7003
f 7005 6867 6866
f 7005 6866 7004
f 7006 6868 6867
f 7006 6867 7005
f 7007 6869 6868
f 7007 6868 7006
f 7008 6870 6869
f 7008 6869 7007
f 7009 6871 6870
f 7009 6870 7008
f 7010 6872 6871
f 7010 6871 7009
f 7011 6873 6872
f 7011 6872 7010
f 7012 6874 6873
f 7012 6873 7011
f 7013 6875 6874
f 7013 6874 7012
f 7014 6876 6875
f 7014 6875 7013
f 7015 6877 6876
f 7015 6876 7014
f 7016 6878 6877
f 7016 6877 7015
f 7017 6879 6878
f 7017 6878 7016
f 7018 6880 6879
f 7018 6879 7017
f 7019 6881 6880
f 7019 6880 7018
f 7020 6882 6881
f 7020 6881 7019
f 7021 6883 6882
f 7021 6882 7020
f 7022 6884 6883
f 7022 6883 7021
f 7023 6885 6884
f 7023 6884 7022
f 7024 6886 6885
f 7024 6885 7023
f 7025 6887 6886
f 7025 6886 7024
f 7026 6888 6887
f 7026 6887 7025
f 7027 6889 6888
f 7027 6888 7026
f 7028 6890 6889
f 7028 6889 7027
f 7029 6891 6890
f 7029 6890 7028
f 7030 6892 6891
f 7030 6891 7029
f 7031 6893 6892
f 7031 6892 7030
f 7032 6894 6893
f 7032 6893 7031
f 7033 6895 6894
f 7033 6894 7032
f 7034 6896 6895
f 7034 6895 7033
f 7035 6897 6896
f 7035 6896 7034
f 7036 6898 6897
f 7036 6897 7035
f 7037 6899 6898
f 7037 6898 7036
f 6902 6900 6899
f 6902 6899 7037
f 7038 6763 6764
f 7038 6764 6901
f 6904 6765 6763
f 6904 6763 7038
f 7039 7038 6901
f 7039 6901 7040
f 7041 6906 6905
f 7041 6905 7042
f 7043 6907 6906
f 7043 6906 7041
f 7044 6908 6907
f 7044 6907 7043
f 7045 6909 6908
f 7045 6908 7044
f 7046 6910 6909
f 7046 6909 7045
f 7047 6911 6910
f 7047 6910 7046
f 7048 6912 6911
f 7048 6911 7047
f 7049 6913 6912
f 7049 6912 7048
f 7050 6914 6913
f 7050 6913 7049
f 7051 6915 6914
f 7051 6914 7050
f 7052 6916 6915
f 7052 6915 7051
f 7053 6917 6916
f 7053 6916 7052
f 7054 6918 6917
f 7054 6917 7053
f 7055 6919 6918
f 7055 6918 7054
f 7056 6920 6919
f 7056 6919 7055
f 7057 6921 6920
f 7057 6920 7056
f 7058 6922 6921
f 7058 6921 7057
f 7059 6923 6922
f 7059 6922 7058
f 7060 6924 6923
f 7060 6923 7059
f 7061 6925 6924
f 7061 6924 7060
f 7062 6926 6925
f 7062 6925 7061
f 7063 6927 6926
f 7063 6926 7062
f 7064 6928 6927
f 7064 6927 7063
f 7065 6929 6928
f 7065 6928 7064
f 7066 6930 6929
f 7066 6929 7065
f 7067 6931 6930
f 7067 6930 7066
f 7068 6932 6931
f 7068 6931 7067
f 7069 6933 6932
f 7069 6932 7068
f 7070 6934 6933
f 7070 6933 7069
f 7071 6935 6934
f 7071 6934 7070
f 7072 6936 6935
f 7072 6935 7071
f 7073 6937 6936
f 7073 6936 7072
f 7074 6938 6937
f 7074 6937 7073
f 7075 6939 6938
f 7075 6938 7074
f 7076 6940 6939
f 7076 6939 7075
f 7077 6941 6940
f 7077 6940 7076
f 7078 6942 6941
f 7078 6941 7077
f 7079 6943 6942
f 7079 6942 7078
f 7080 6944 6943
f 7080 6943 7079
f 7081 6945 6944
f 7081 6944 7080
f 7082 6946 6945
f 7082 6945 7081
f 7083 6947 6946
f 7083 6946 7082
f 7084 6948 6947
f 7084 6947 7083
f 7085 6949 6948
f 7085 6948 7084
f 7086 6950 6949
f 7086 6949 7085
f 7087 6951 6950
f 7087 6950 7086
f 7088 6952 6951
f 7088 6951 7087
f 7089 6953 6952
f 7089 6952 7088
f 7090 6954 6953
f 7090 6953 7089
f 7091 6955 6954
f 7091 6954 7090
f 7092 6956 6955
f 7092 6955 7091
f 7093 6957 6956
f 7093 6956 7092
f 7094 6958 6957
f 7094 6957 7093
f 7095 6959 6958
f 7095 6958 7094
f 7096 6960 6959
f 7096 6959 7095
f 7097 6961 6960
f 7097 6960 7096
f 7098 6962 6961
f 7098 6961 7097
f 7099 6963 6962
f 7099 6962 7098
f 7100 6964 6963
f 7100 6963 7099
f 7101 6965 6964
f 7101 6964 7100
f 7102 6966 6965
f 7102 6965 7101
f 7103 6967 6966
f 7103 6966 7102
f 7104 6968 6967
f 7104 6967 7103
f 7105 6969 6968
f 7105 6968 7104
f 7106 6970 6969
f 7106 6969 7105
f 7107 6971 6970
f 7107 6970 7106
f 7108 6972 6971
f 7108 6971 7107
f 7109 6973 6972
f 7109 6972 7108
f 7110 6974 6973
f 7110 6973 7109
f 7111 6975 6974
f 7111 6974 7110
f 7112 6976 6975
f 7112 6975 7111
f 7113 6977 6976
f 7113 6976 7112
f 7114 6978 6977
f 7114 6977 7113
f 7115 6979 6978
f 7115 6978 7114
f 7116 6980 6979
f 7116 6979 7115
f 7117 6981 6980
f 7117 6980 7116
f 7118 6982 6981
f 7118 6981 7117
f 7119 6983 6982
f 7119 6982 7118
f 7120 6984 6983
f 7120 6983 7119
f 7121 6985 6984
f 7121 6984 7120
f 7122 6986 6985
f 7122 6985 7121
f 7123 6987 6986
f 7123 6986 7122
f 7124 6988 6987
f 7124 6987 7123
f 7125 6989 6988
f 7125 6988 7124
f 7126 6990 6989
f 7126 6989 7125
f 7127 6991 6990
f 7127 6990 7126
f 7128 6992 6991
f 7128 6991 7127
f 7129 6993 6992
f 7129 6992 7128
f 7130 6994 6993
f 7130 6993 7129
f 7131 6995 6994
f 7131 6994 7130
f 7132 6996 6995
f 7132 6995 7131
f 7133 6997 6996
f 7133 6996 7132
f 7134 6998 6997
f 7134 6997 7133
f 7135 6999 6998
f 7135 6998 7134
f 7136 7000 6999
f 7136 6999 7135
f 7137 7001 7000
f 7137 7000 7136
f 7138 7002 7001
f 7138 7001 7137
f 7139 7003 7002
f 7139 7002 7138
f 7140 7004 7003
f 7140 7003 7139
f 7141 7005 7004
f 7141 7004 7140
f 7142 7006 7005
f 7142 7005 7141
f 7143 7007 7006
f 7143 7006 7142
f 7144 7008 7007
f 7144 7007 7143
f 7145 7009 7008
f 7145 7008 7144
f 7146 7010 7009
f 7146 7009 7145
f 7147 7011 7010
f 7147 7010 7146
f 7148 7012 7011
f 7148 7011 7147
f 7149 7013 7012
f 7149 7012 7148
f 7150 7014 7013
f 7150 7013 7149
f 7151 7015 7014
f 7151 7014 7150
f 7152 7016 7015
f 7152 7015 7151
f 7153 7017 7016
f 7153 7016 7152
f 7154 7018 7017
f 7154 7017 7153
f 7155 7019 7018
f 7155 7018 7154
f 7156 7020 7019
f 7156 7019 7155
f 7157 7021 7020
f 7157 7020 7156
f 7158 7022 7021
f 7158 7021 7157
f 7159 7023 7022
f 7159 7022 7158
f 7160 7024 7023
f 7160 7023 7159
f 7161 7025 7024
f 7161 7024 7160
f 7162 7026 7025
f 7162 7025 7161
f 7163 7027 7026
f 7163 7026 7162
f 7164 7028 7027
f 7164 7027 7163
f 7165 7029 7028
f 7165 7028 7164
f 7166 7030 7029
f 7166 7029 7165
f 7167 7031 7030
f 7167 7030 7166
f 7168 7032 7031
f 7168 7031 7167
f 7169 7033 7032
f 7169 7032 7168
f 7170 7034 7033
f 7170 7033 7169
f 7171 7035 7034
f 7171 7034 7170
f 7172 7036 7035
f 7172 7035 7171
f 7173 7037 7036
f 7173 7036 7172
f 7174 6903 6904
f 7174 6904 7175
f 7175 6904 7038
f 7175 7038 7039
f 7040 6901 6902
f 7040 6902 7176
f 7176 6902 7037
f 7176 7037 7173
f 7042 6905 6903
f 7042 6903 7174
f 7177 7176 7173
f 7177 7173 7178
f 7179 7044 7043
f 7179 7043 7180
f 7181 7045 7044
f 7181 7044 7179
f 7182 7046 7045
f 7182 7045 7181
f 7183 7047 7046
f 7183 7046 7182
f 7184 7048 7047
f 7184 7047 7183
f 7185 7049 7048
f 7185 7048 7184
f 7186 7050 7049
f 7186 7049 7185
f 7187 7051 7050
f 7187 7050 7186
f 7188 7052 7051
f 7188 7051 7187
f 7189 7053 7052
f 7189 7052 7188
f 7190 7054 7053
f 7190 7053 7189
f 7191 7055 7054
f 7191 7054 7190
f 7192 7056 7055
f 7192 7055 7191
f 7193 7057 7056
f 7193 7056 7192
f 7194 7058 7057
f 7194 7057 7193
f 7195 7059 7058
f 7195 7058 7194
f 7196 7060 7059
f 7196 7059 7195
f 7197 7061 7060
f 7197 7060 7196
f 7198 7062 7061
f 7198 7061 7197
f 7199 7063 7062
f 7199 7062 7198
f 7200 7064 7063
f 7200 7063 7199
f 7201 7065 7064
f 7201 7064 7200
f 7202 7066 7065
f 7202 7065 7201
f 7203 7067 7066
f 7203 7066 7202
f 7204 7068 7067
f 7204 7067 7203
f 7205 7069 7068
f 7205 7068 7204
f 7206 7070 7069
f 7206 7069 7205
f 7207 7071 7070
f 7207 7070 7206
f 7208 7072 7071
f 7208 7071 7207
f 7209 7073 7072
f 7209 7072 7208
f 7210 7074 7073
f 7210 7073 7209
f 7211 7075 7074
f 7211 7074 7210
f 7212 7076 7075
f 7212 7075 7211
f 7213 7077 7076
f 7213 7076 7212
f 7214 7078 7077
f 7214 7077 7213
f 7215 7079 7078
f 7215 7078 7214
f 7216 7080 7079
f 7216 7079 7215
f 7217 7081 7080
f 7217 7080 7216
f 7218 7082 7081
f 7218 7081 7217
f 7219 7083 7082
f 7219 7082 7218
f 7220 7084 7083
f 7220 7083 7219
f 7221 7085 7084
f 7221 7084 7220
f 7222 7086 7085
f 7222 7085 7221
f 7223 7087 7086
f 7223 7086 7222
f 7224 7088 7087
f 7224 7087 7223
f 7225 7089 7088
f 7225 7088 7224
f 7226 7090 7089
f 7226 7089 7225
f 7227 7091 7090
f 7227 7090 7226
f 7228 7092 7091
f 7228 7091 7227
f 7229 7093 7092
f 7229 7092 7228
f 7230 7094 7093
f 7230 7093 7229
f 7231 7095 7094
f 7231 7094 7230
f 7232 7096 7095
f 7232 7095 7231
f 7233 7097 7096
f 7233 7096 7232
f 7234 7098 7097
f 7234 7097 7233
f 7235 7099 7098
f 7235 7098 7234
f 7236 7100 7099
f 7236 7099 7235
f 7237 7101 7100
f 7237 7100 7236
f 7238 7102 7101
f 7238 7101 7237
f 7239 7103 7102
f 7239 7102 7238
f 7240 7104 7103
f 7240 7103 7239
f 7241 7105 7104
f 7241 7104 7240
f 7242 7106 7105
f 7242 7105 7241
f 7243 7107 7106
f 7243 7106 7242
f 7244 7108 7107
f 7244 7107 7243
f 7245 7109 7108
f 7245 7108 7244
f 7246 7110 7109
f 7246 7109 7245
f 7247 7111 7110
f 7247 7110 7246
f 7248 7112 7111
f 7248 7111 7247
f 7249 7113 7112
f 7249 7112 7248
f 7250 7114 7113
f 7250 7113 7249
f 7251 7115 7114
f 7251 7114 7250
f 7252 7116 7115
f 7252 7115 7251
f 7253 7117 7116
f 7253 7116 7252
f 7254 7118 7117
f 7254 7117 7253
f 7255 7119 7118
f 7255 7118 7254
f 7256 7120 7119
f 7256 7119 7255
f 7257 7121 7120
f 7257 7120 7256
f 7258 7122 7121
f 7258 7121 7257
f 7259 7123 7122
f 7259 7122 7258
f 7260 7124 7123
f 7260 7123 7259
f 7261 7125 7124
f 7261 7124 7260
f 7262 7126 7125
f 7262 7125 7261
f 7263 7127 7126
f 7263 7126 7262
f 7264 7128 7127
f 7264 7127 7263
f 7265 7129 7128
f 7265 7128 7264
f 7266 7130 7129
f 7266 7129 7265
f 7267 7131 7130
f 7267 7130 7266
f 7268 7132 7131
f 7268 7131 7267
f 7269 7133 7132
f 7269 7132 7268
f 7270 7134 7133
f 7270 7133 7269
f 7271 7135 7134
f 7271 7134 7270
f 7272 7136 7135
f 7272 7135 7271
f 7273 7137 7136
f 7273 7136 7272
f 7274 7138 7137
f 7274 7137 7273
f 7275 7139 7138
f 7275 7138 7274
f 7276 7140 7139
f 7276 7139 7275
f 7277 7141 7140
f 7277 7140 7276
f 7278 7142 7141
f 7278 7141 7277
f 7279 7143 7142
f 7279 7142 7278
f 7280 7144 7143
f 7280 7143 7279
f 7281 7145 7144
f 7281 7144 7280
f 7282 7146 7145
f 7282 7145 7281
f 7283 7147 7146
f 7283 7146 7282
f 7284 7148 7147
f 7284 7147 7283
f 7285 7149 7148
f 7285 7148 7284
f 7286 7150 7149
f 7286 7149 7285
f 7287 7151 7150
f 7287 7150 7286
f 7288 7152 7151
f 7288 7151 7287
f 7289 7153 7152
f 7289 7152 7288
f 7290 7154 7153
f 7290 7153 7289
f 7291 7155 7154
f 7291 7154 7290
f 7292 7156 7155
f 7292 7155 7291
f 7293 7157 7156
f 7293 7156 7292
f 7294 7158 7157
f 7294 7157 7293
f 7295 7159 7158
f 7295 7158 7294
f 7296 7160 7159
f 7296 7159 7295
f 7297 7161 7160
f 7297 7160 7296
f 7298 7162 7161
f 7298 7161 7297
f 7299 7163 7162
f 7299 7162 7298
f 7300 7164 7163
f 7300 7163 7299
f 7301 7165 7164
f 7301 7164 7300
f 7302 7166 7165
f 7302 7165 7301
f 7303 7167 7166
f 7303 7166 7302
f 7304 7168 7167
f 7304 7167 7303
f 7305 7169 7168
f 7305 7168 7304
f 7306 7170 7169
f 7306 7169 7305
f 7307 7171 7170
f 7307 7170 7306
f 7308 7172 7171
f 7308 7171 7307
f 7178 7173 7172
f 7178 7172 7308
f 7309 7174 7175
f 7309 7175 7310
f 7180 7043 7041
f 7180 7041 7311
f 7312 7040 7176
f 7312 7176 7177
f 7310 7175 7039
f 7310 7039 7313
f 7313 7039 7040
f 7313 7040 7312
f 7311 7041 7042
f 7311 7042 7314
f 7314 7042 7174
f 7314 7174 7309
f 7315 7313 7312
f 7315 7312 7316
f 7317 7179 7180
f 7317 7180 7318
f 7319 7178 7308
f 7319 7308 7320
f 7321 7182 7181
f 7321 7181 7322
f 7323 7183 7182
f 7323 7182 7321
f 7324 7184 7183
f 7324 7183 7323
f 7325 7185 7184
f 7325 7184 7324
f 7326 7186 7185
f 7326 7185 7325
f 7327 7187 7186
f 7327 7186 7326
f 7328 7188 7187
f 7328 7187 7327
f 7329 7189 7188
f 7329 7188 7328
f 7330 7190 7189
f 7330 7189 7329
f 7331 7191 7190
f 7331 7190 7330
f 7332 7192 7191
f 7332 7191 7331
f 7333 7193 7192
f 7333 7192 7332
f 7334 7194 7193
f 7334 7193 7333
f 7335 7195 7194
f 7335 7194 7334
f 7336 7196 7195
f 7336 7195 7335
f 7337 7197 7196
f 7337 7196 7336
f 7338 7198 7197
f 7338 7197 7337
f 7339 7199 7198
f 7339 7198 7338
f 7340 7200 7199
f 7340 7199 7339
f 7341 7201 7200
f 7341 7200 7340
f 7342 7202 7201
f 7342 7201 7341
f 7343 7203 7202
f 7343 7202 7342
f 7344 7204 7203
f 7344 7203 7343
f 7345 7205 7204
f 7345 7204 7344
f 7346 7206 7205
f 7346 7205 7345
f 7347 7207 7206
f 7347 7206 7346
f 7348 7208 7207
f 7348 7207 7347
f 7349 7209 7208
f 7349 7208 7348
f 7350 7210 7209
f 7350 7209 7349
f 7351 7211 7210
f 7351 7210 7350
f 7352 7212 7211
f 7352 7211 7351
f 7353 7213 7212
f 7353 7212 7352
f 7354 7214 7213
f 7354 7213 7353
f 7355 7215 7214
f 7355 7214 7354
f 7356 7216 7215
f 7356 7215 7355
f 7357 7217 7216
f 7357 7216 7356
f 7358 7218 7217
f 7358 7217 7357
f 7359 7219 7218
f 7359 7218 7358
f 7360 7220 7219
f 7360 7219 7359
f 7361 7221 7220
f 7361 7220 7360
f 7362 7222 7221
f 7362 7221 7361
f 7363 7223 7222
f 7363 7222 7362
f 7364 7224 7223
f 7364 7223 7363
f 7365 7225 7224
f 7365 7224 7364
f 7366 7226 7225
f 7366 7225 7365
f 7367 7227 7226
f 7367 7226 7366
f 7368 7228 7227
f 7368 7227 7367
f 7369 7229 7228
f 7369 7228 7368
f 7370 7230 7229
f 7370 7229 7369
f 7371 7231 7230
f 7371 7230 7370
f 7372 7232 7231
f 7372 7231 7371
f 7373 7233 7232
f 7373 7232 7372
f 7374 7234 7233
f 7374 7233 7373
f 7375 7235 7234
f 7375 7234 7374
f 7376 7236 7235
f 7376 7235 7375
f 7377 7237 7236
f 7377 7236 7376
f 7378 7238 7237
f 7378 7237 7377
f 7379 7239 7238
f 7379 7238 7378
f 7380 7240 7239
f 7380 7239 7379
f 7381 7241 7240
f 7381 7240 7380
f 7382 7242 7241
f 7382 7241 7381
f 7383 7243 7242
f 7383 7242 7382
f 7384 7244 7243
f 7384 7243 7383
f 7385 7245 7244
f 7385 7244 7384
f 7386 7246 7245
f 7386 7245 7385
f 7387 7247 7246
f 7387 7246 7386
f 7388 7248 7247
f 7388 7247 7387
f 7389 7249 7248
f 7389 7248 7388
f 7390 7250 7249
f 7390 7249 7389
f 7391 7251 7250
f 7391 7250 7390
f 7392 7252 7251
f 7392 7251 7391
f 7393 7253 7252
f 7393 7252 7392
f 7394 7254 7253
f 7394 7253 7393
f 7395 7255 7254
f 7395 7254 7394
f 7396 7256 7255
f 7396 7255 7395
f 7397 7257 7256
f 7397 7256 7396
f 7398 7258 7257
f 7398 7257 7397
f 7399 7259 7258
f 7399 7258 7398
f 7400 7260 7259
f 7400 7259 7399
f 7401 7261 7260
f 7401 7260 7400
f 7402 7262 7261
f 7402 7261 7401
f 7403 7263 7262
f 7403 7262 7402
f 7404 7264 7263
f 7404 7263 7403
f 7405 7265 7264
f 7405 7264 7404
f 7406 7266 7265
f 7406 7265 7405
f 7407 7267 7266
f 7407 7266 7406
f 7408 7268 7267
f 7408 7267 7407
f 7409 7269 7268
f 7409 7268 7408
f 7410 7270 7269
f 7410 7269 7409
f 7411 7271 7270
f 7411 7270 7410
f 7412 7272 7271
f 7412 7271 7411
f 7413 7273 7272
f 7413 7272 7412
f 7414 7274 7273
f 7414 7273 7413
f 7415 7275 7274
f 7415 7274 7414
f 7416 7276 7275
f 7416 7275 7415
f 7417 7277 7276
f 7417 7276 7416
f 7418 7278 7277
f 7418 7277 7417
f 7419 7279 7278
f 7419 7278 7418
f 7420 7280 7279
f 7420 7279 7419
f 7421 7281 7280
f 7421 7280 7420
f 7422 7282 7281
f 7422 7281 7421
f 7423 7283 7282
f 7423 7282 7422
f 7424 7284 7283
f 7424 7283 7423
f 7425 7285 7284
f 7425 7284 7424
f 7426 7286 7285
f 7426 7285 7425
f 7427 7287 7286
f 7427 7286 7426
f 7428 7288 7287
f 7428 7287 7427
f 7429 7289 7288
f 7429 7288 7428
f 7430 7290 7289
f 7430 7289 7429
f 7431 7291 7290
f 7431 7290 7430
f 7432 7292 7291
f 7432 7291 7431
f 7433 7293 7292
f 7433 7292 7432
f 7434 7294 7293
f 7434 7293 7433
f 7435 7295 7294
f 7435 7294 7434
f 7436 7296 7295
f 7436 7295 7435
f 7437 7297 7296
f 7437 7296 7436
f 7438 7298 7297
f 7438 7297 7437
f 7439 7299 7298
f 7439 7298 7438
f 7440 7300 7299
f 7440 7299 7439
f 7441 7301 7300
f 7441 7300 7440
f 7442 7302 7301
f 7442 7301 7441
f 7443 7303 7302
f 7443 7302 7442
f 7444 7304 7303
f 7444 7303 7443
f 7445 7305 7304
f 7445 7304 7444
f 7446 7306 7305
f 7446 7305 7445
f 7447 7307 7306
f 7447 7306 7446
f 7320 7308 7307
f 7320 7307 7447
f 7448 7314 7309
f 7448 7309 7449
f 7318 7180 7311
f 7318 7311 7450
f 7316 7312 7177
f 7316 7177 7451
f 7450 7311 7314
f 7450 7314 7448
f 7322 7181 7179
f 7322 7179 7317
f 7449 7309 7310
f 7449 7310 7452
f 7452 7310 7313
f 7452 7313 7315
f 7451 7177 7178
f 7451 7178 7319
f 7453 7450 7448
f 7453 7448 7454
f 7455 7316 7451
f 7455 7451 7456
f 7457 7452 7315
f 7457 7315 7458
f 7459 7449 7452
f 7459 7452 7457
f 7454 7448 7449
f 7454 7449 7459
f 7460 7324 7323
f 7460 7323 7461
f 7462 7325 7324
f 7462 7324 7460
f 7463 7326 7325
f 7463 7325 7462
f 7464 7327 7326
f 7464 7326 7463
f 7465 7328 7327
f 7465 7327 7464
f 7466 7329 7328
f 7466 7328 7465
f 7467 7330 7329
f 7467 7329 7466
f 7468 7331 7330
f 7468 7330 7467
f 7469 7332 7331
f 7469 7331 7468
f 7470 7333 7332
f 7470 7332 7469
f 7471 7334 7333
f 7471 7333 7470
f 7472 7335 7334
f 7472 7334 7471
f 7473 7336 7335
f 7473 7335 7472
f 7474 7337 7336
f 7474 7336 7473
f 7475 7338 7337
f 7475 7337 7474
f 7476 7339 7338
f 7476 7338 7475
f 7477 7340 7339
f 7477 7339 7476
f 7478 7341 7340
f 7478 7340 7477
f 7479 7342 7341
f 7479 7341 7478
f 7480 7343 7342
f 7480 7342 7479
f 7481 7344 7343
f 7481 7343 7480
f 7482 7345 7344
f 7482 7344 7481
f 7483 7346 7345
f 7483 7345 7482
f 7484 7347 7346
f 7484 7346 7483
f 7485 7348 7347
f 7485 7347 7484
f 7486 7349 7348
f 7486 7348 7485
f 7487 7350 7349
f 7487 7349 7486
f 7488 7351 7350
f 7488 7350 7487
f 7489 7352 7351
f 7489 7351 7488
f 7490 7353 7352
f 7490 7352 7489
f 7491 7354 7353
f 7491 7353 7490
f 7492 7355 7354
f 7492 7354 7491
f 7493 7356 7355
f 7493 7355 7492
f 7494 7357 7356
f 7494 7356 7493
f 7495 7358 7357
f 7495 7357 7494
f 7496 7359 7358
f 7496 7358 7495
f 7497 7360 7359
f 7497 7359 7496
f 7498 7361 7360
f 7498 7360 7497
f 7499 7362 7361
f 7499 7361 7498
f 7500 7363 7362
f 7500 7362 7499
f 7501 7364 7363
f 7501 7363 7500
f 7502 7365 7364
f 7502 7364 7501
f 7503 7366 7365
f 7503 7365 7502
f 7504 7367 7366
f 7504 7366 7503
f 7505 7368 7367
f 7505 7367 7504
f 7506 7369 7368
f 7506 7368 7505
f 7507 7370 7369
f 7507 7369 7506
f 7508 7371 7370
f 7508 7370 7507
f 7509 7372 7371
f 7509 7371 7508
f 7510 7373 7372
f 7510 7372 7509
f 7511 7374 7373
f 7511 7373 7510
f 7512 7375 7374
f 7512 7374 7511
f 7513 7376 7375
f 7513 7375 7512
f 7514 7377 7376
f 7514 7376 7513
f 7515 7378 7377
f 7515 7377 7514
f 7516 7379 7378
f 7516 7378 7515
f 7517 7380 7379
f 7517 7379 7516
f 7518 7381 7380
f 7518 7380 7517
f 7519 7382 7381
f 7519 7381 7518
f 7520 7383 7382
f 7520 7382 7519
f 7521 7384 7383
f 7521 7383 7520
f 7522 7385 7384
f 7522 7384 7521
f 7523 7386 7385
f 7523 7385 7522
f 7524 7387 7386
f 7524 7386 7523
f 7525 7388 7387
f 7525 7387 7524
f 7526 7389 7388
f 7526 7388 7525
f 7527 7390 7389
f 7527 7389 7526
f 7528 7391 7390
f 7528 7390 7527
f 7529 7392 7391
f 7529 7391 7528
f 7530 7393 7392
f 7530 7392 7529
f 7531 7394 7393
f 7531 7393 7530
f 7532 7395 7394
f 7532 7394 7531
f 7533 7396 7395
f 7533 7395 7532
f 7534 7397 7396
f 7534 7396 7533
f 7535 7398 7397
f 7535 7397 7534
f 7536 7399 7398
f 7536 7398 7535
f 7537 7400 7399
f 7537 7399 7536
f 7538 7401 7400
f 7538 7400 7537
f 7539 7402 7401
f 7539 7401 7538
f 7540 7403 7402
f 7540 7402 7539
f 7541 7404 7403
f 7541 7403 7540
f 7542 7405 7404
f 7542 7404 7541
f 7543 7406 7405
f 7543 7405 7542
f 7544 7407 7406
f 7544 7406 7543
f 7545 7408 7407
f 7545 7407 7544
f 7546 7409 7408
f 7546 7408 7545
f 7547 7410 7409
f 7547 7409 7546
f 7548 7411 7410
f 7548 7410 7547
f 7549 7412 7411
f 7549 7411 7548
f 7550 7413 7412
f 7550 7412 7549
f 7551 7414 7413
f 7551 7413 7550
f 7552 7415 7414
f 7552 7414 7551
f 7553 7416 7415
f 7553 7415 7552
f 7554 7417 7416
f 7554 7416 7553
f 7555 7418 7417
f 7555 7417 7554
f 7556 7419 7418
f 7556 7418 7555
f 7557 7420 7419
f 7557 7419 7556
f 7558 7421 7420
f 7558 7420 7557
f 7559 7422 7421
f 7559 7421 7558
f 7560 7423 7422
f 7560 7422 7559
f 7561 7424 7423
f 7561 7423 7560
f 7562 7425 7424
f 7562 7424 7561
f 7563 7426 7425
f 7563 7425 7562
f 7564 7427 7426
f 7564 7426 7563
f 7565 7428 7427
f 7565 7427 7564
f 7566 7429 7428
f 7566 7428 7565
f 7567 7430 7429
f 7567 7429 7566
f 7568 7431 7430
f 7568 7430 7567
f 7569 7432 7431
f 7569 7431 7568
f 7570 7433 7432
f 7570 7432 7569
f 7571 7434 7433
f 7571 7433 7570
f 7572 7435 7434
f 7572 7434 7571
f 7573 7436 7435
f 7573 7435 7572
f 7574 7437 7436
f 7574 7436 7573
f 7575 7438 7437
f 7575 7437 7574
f 7576 7439 7438
f 7576 7438 7575
f 7577 7440 7439
f 7577 7439 7576
f 7578 7441 7440
f 7578 7440 7577
f 7579 7442 7441
f 7579 7441 7578
f 7580 7443 7442
f 7580 7442 7579
f 7581 7444 7443
f 7581 7443 7580
f 7582 7445 7444
f 7582 7444 7581
f 7583 7446 7445
f 7583 7445 7582
f 7584 7447 7446
f 7584 7446 7583
f 7585 7322 7317
f 7585 7317 7586
f 7587 7318 7450
f 7587 7450 7453
f 7458 7315 7316
f 7458 7316 7455
f 7588 7319 7320
f 7588 7320 7589
f 7456 7451 7319
f 7456 7319 7588
f 7586 7317 7318
f 7586 7318 7587
f 7590 7321 7322
f 7590 7322 7585
f 7589 7320 7447
f 7589 7447 7584
f 7461 7323 7321
f 7461 7321 7590
f 7591 7586 7587
f 7591 7587 7592
f 7593 7461 7590
f 7593 7590 7594
f 7595 7460 7461
f 7595 7461 7593
f 7596 7462 7460
f 7596 7460 7595
f 7597 7463 7462
f 7597 7462 7596
f 7598 7464 7463
f 7598 7463 7597
f 7599 7465 7464
f 7599 7464 7598
f 7600 7466 7465
f 7600 7465 7599
f 7601 7467 7466
f 7601 7466 7600
f 7602 7468 7467
f 7602 7467 7601
f 7603 7469 7468
f 7603 7468 7602
f 7604 7470 7469
f 7604 7469 7603
f 7605 7471 7470
f 7605 7470 7604
f 7606 7472 7471
f 7606 7471 7605
f 7607 7473 7472
f 7607 7472 7606
f 7608 7474 7473
f 7608 7473 7607
f 7609 7475 7474
f 7609 7474 7608
f 7610 7476 7475
f 7610 7475 7609
f 7611 7477 7476
f 7611 7476 7610
f 7612 7478 7477
f 7612 7477 7611
f 7613 7479 7478
f 7613 7478 7612
f 7614 7480 7479
f 7614 7479 7613
f 7615 7481 7480
f 7615 7480 7614
f 7616 7482 7481
f 7616 7481 7615
f 7617 7483 7482
f 7617 7482 7616
f 7618 7484 7483
f 7618 7483 7617
f 7619 7485 7484
f 7619 7484 7618
f 7620 7486 7485
f 7620 7485 7619
f 7621 7487 7486
f 7621 7486 7620
f 7622 7488 7487
f 7622 7487 7621
f 7623 7489 7488
f 7623 7488 7622
f 7624 7490 7489
f 7624 7489 7623
f 7625 7491 7490
f 7625 7490 7624
f 7626 7492 7491
f 7626 7491 7625
f 7627 7493 7492
f 7627 7492 7626
f 7628 7494 7493
f 7628 7493 7627
f 7629 7495 7494
f 7629 7494 7628
f 7630 7496 7495
f 7630 7495 7629
f 7631 7497 7496
f 7631 7496 7630
f 7632 7498 7497
f 7632 7497 7631
f 7633 7499 7498
f 7633 7498 7632
f 7634 7500 7499
f 7634 7499 7633
f 7635 7501 7500
f 7635 7500 7634
f 7636 7502 7501
f 7636 7501 7635
f 7637 7503 7502
f 7637 7502 7636
f 7638 7504 7503
f 7638 7503 7637
f 7639 7505 7504
f 7639 7504 7638
f 7640 7506 7505
f 7640 7505 7639
f 7641 7507 7506
f 7641 7506 7640
f 7642 7508 7507
f 7642 7507 7641
f 7643 7509 7508
f 7643 7508 7642
f 7644 7510 7509
f 7644 7509 7643
f 7645 7511 7510
f 7645 7510 7644
f 7646 7512 7511
f 7646 7511 7645
f 7647 7513 7512
f 7647 7512 7646
f 7648 7514 7513
f 7648 7513 7647
f 7649 7515 7514
f 7649 7514 7648
f 7650 7516 7515
f 7650 7515 7649
f 7651 7517 7516
f 7651 7516 7650
f 7652 7518 7517
f 7652 7517 7651
f 7653 7519 7518
f 7653 7518 7652
f 7654 7520 7519
f 7654 7519 7653
f 7655 7521 7520
f 7655 7520 7654
f 7656 7522 7521
f 7656 7521 7655
f 7657 7523 7522
f 7657 7522 7656
f 7658 7524 7523
f 7658 7523 7657
f 7659 7525 7524
f 7659 7524 7658
f 7660 7526 7525
f 7660 7525 7659
f 7661 7527 7526
f 7661 7526 7660
f 7662 7528 7527
f 7662 7527 7661
f 7663 7529 7528
f 7663 7528 7662
f 7664 7530 7529
f 7664 7529 7663
f 7665 7531 7530
f 7665 7530 7664
f 7666 7532 7531
f 7666 7531 7665
f 7667 7533 7532
f 7667 7532 7666
f 7668 7534 7533
f 7668 7533 7667
f 7669 7535 7534
f 7669 7534 7668
f 7670 7536 7535
f 7670 7535 7669
f 7671 7537 7536
f 7671 7536 7670
f 7672 7538 7537
f 7672 7537 7671
f 7673 7539 7538
f 7673 7538 7672
f 7674 7540 7539
f 7674 7539 7673
f 7675 7541 7540
f 7675 7540 7674
f 7676 7542 7541
f 7676 7541 7675
f 7677 7543 7542
f 7677 7542 7676
f 7678 7544 7543
f 7678 7543 7677
f 7679 7545 7544
f 7679 7544 7678
f 7680 7546 7545
f 7680 7545 7679
f 7681 7547 7546
f 7681 7546 7680
f 7682 7548 7547
f 7682 7547 7681
f 7683 7549 7548
f 7683 7548 7682
f 7684 7550 7549
f 7684 7549 7683
f 7685 7551 7550
f 7685 7550 7684
f 7686 7552 7551
f 7686 7551 7685
f 7687 7553 7552
f 7687 7552 7686
f 7688 7554 7553
f 7688 7553 7687
f 7689 7555 7554
f 7689 7554 7688
f 7690 7556 7555
f 7690 7555 7689
f 7691 7557 7556
f 7691 7556 7690
f 7692 7558 7557
f 7692 7557 7691
f 7693 7559 7558
f 7693 7558 7692
f 7694 7560 7559
f 7694 7559 7693
f 7695 7561 7560
f 7695 7560 7694
f 7696 7562 7561
f 7696 7561 7695
f 7697 7563 7562
f 7697 7562 7696
f 7698 7564 7563
f 7698 7563 7697
f 7699 7565 7564
f 7699 7564 7698
f 7700 7566 7565
f 7700 7565 7699
f 7701 7567 7566
f 7701 7566 7700
f 7702 7568 7567
f 7702 7567 7701
f 7703 7569 7568
f 7703 7568 7702
f 7704 7570 7569
f 7704 7569 7703
f 7705 7571 7570
f 7705 7570 7704
f 7706 7572 7571
f 7706 7571 7705
f 7707 7573 7572
f 7707 7572 7706
f 7708 7574 7573
f 7708 7573 7707
f 7709 7575 7574
f 7709 7574 7708
f 7710 7576 7575
f 7710 7575 7709
f 7711 7577 7576
f 7711 7576 7710
f 7712 7578 7577
f 7712 7577 7711
f 7713 7579 7578
f 7713 7578 7712
f 7714 7580 7579
f 7714 7579 7713
f 7715 7581 7580
f 7715 7580 7714
f 7716 7582 7581
f 7716 7581 7715
f 7717 7583 7582
f 7717 7582 7716
f 7718 7584 7583
f 7718 7583 7717
f 7719 7585 7586
f 7719 7586 7591
f 7594 7590 7585
f 7594 7585 7719
f 7720 7459 7457
f 7720 7457 7721
f 7592 7587 7453
f 7592 7453 7722
f 7723 7456 7588
f 7723 7588 7724
f 7722 7453 7454
f 7722 7454 7725
f 7725 7454 7459
f 7725 7459 7720
f 7726 7455 7456
f 7726 7456 7723
f 7721 7457 7458
f 7721 7458 7727
f 7724 7588 7589
f 7724 7589 7718
f 7727 7458 7455
f 7727 7455 7726
f 7728 7724 7718
f 7728 7718 7729
f 7730 7720 7721
f 7730 7721 7731
f 7732 7596 7595
f 7732 7595 7733
f 7734 7597 7596
f 7734 7596 7732
f 7735 7591 7592
f 7735 7592 7736
f 7737 7593 7594
f 7737 7594 7738
f 7739 7598 7597
f 7739 7597 7734
f 7740 7599 7598
f 7740 7598 7739
f 7741 7600 7599
f 7741 7599 7740
f 7742 7601 7600
f 7742 7600 7741
f 7743 7602 7601
f 7743 7601 7742
f 7744 7603 7602
f 7744 7602 7743
f 7745 7604 7603
f 7745 7603 7744
f 7746 7605 7604
f 7746 7604 7745
f 7747 7606 7605
f 7747 7605 7746
f 7748 7607 7606
f 7748 7606 7747
f 7749 7608 7607
f 7749 7607 7748
f 7750 7609 7608
f 7750 7608 7749
f 7751 7610 7609
f 7751 7609 7750
f 7752 7611 7610
f 7752 7610 7751
f 7753 7612 7611
f 7753 7611 7752
f 7754 7613 7612
f 7754 7612 7753
f 7755 7614 7613
f 7755 7613 7754
f 7756 7615 7614
f 7756 7614 7755
f 7757 7616 7615
f 7757 7615 7756
f 7758 7617 7616
f 7758 7616 7757
f 7759 7618 7617
f 7759 7617 7758
f 7760 7619 7618
f 7760 7618 7759
f 7761 7620 7619
f 7761 7619 7760
f 7762 7621 7620
f 7762 7620 7761
f 7763 7622 7621
f 7763 7621 7762
f 7764 7623 7622
f 7764 7622 7763
f 7765 7624 7623
f 7765 7623 7764
f 7766 7625 7624
f 7766 7624 7765
f 7767 7626 7625
f 7767 7625 7766
f 7768 7627 7626
f 7768 7626 7767
f 7769 7628 7627
f 7769 7627 7768
f 7770 7629 7628
f 7770 7628 7769
f 7771 7630 7629
f 7771 7629 7770
f 7772 7631 7630
f 7772 7630 7771
f 7773 7632 7631
f 7773 7631 7772
f 7774 7633 7632
f 7774 7632 7773
f 7775 7634 7633
f 7775 7633 7774
f 7776 7635 7634
f 7776 7634 7775
f 7777 7636 7635
f 7777 7635 7776
f 7778 7637 7636
f 7778 7636 7777
f 7779 7638 7637
f 7779 7637 7778
f 7780 7639 7638
f 7780 7638 7779
f 7781 7640 7639
f 7781 7639 7780
f 7782 7641 7640
f 7782 7640 7781
f 7783 7642 7641
f 7783 7641 7782
f 7784 7643 7642
f 7784 7642 7783
f 7785 7644 7643
f 7785 7643 7784
f 7786 7645 7644
f 7786 7644 7785
f 7787 7646 7645
f 7787 7645 7786
f 7788 7647 7646
f 7788 7646 7787
f 7789 7648 7647
f 7789 7647 7788
f 7790 7649 7648
f 7790 7648 7789
f 7791 7650 7649
f 7791 7649 7790
f 7792 7651 7650
f 7792 7650 7791
f 7793 7652 7651
f 7793 7651 7792
f 7794 7653 7652
f 7794 7652 7793
f 7795 7654 7653
f 7795 7653 7794
f 7796 7655 7654
f 7796 7654 7795
f 7797 7656 7655
f 7797 7655 7796
f 7798 7657 7656
f 7798 7656 7797
f 7799 7658 7657
f 7799 7657 7798
f 7800 7659 7658
f 7800 7658 7799
f 7801 7660 7659
f 7801 7659 7800
f 7802 7661 7660
f 7802 7660 7801
f 7803 7662 7661
f 7803 7661 7802
f 7804 7663 7662
f 7804 7662 7803
f 7805 7664 7663
f 7805 7663 7804
f 7806 7665 7664
f 7806 7664 7805
f 7807 7666 7665
f 7807 7665 7806
f 7808 7667 7666
f 7808 7666 7807
f 7809 7668 7667
f 7809 7667 7808
f 7810 7669 7668
f 7810 7668 7809
f 7811 7670 7669
f 7811 7669 7810
f 7812 7671 7670
f 7812 7670 7811
f 7813 7672 7671
f 7813 7671 7812
f 7814 7673 7672
f 7814 7672 7813
f 7815 7674 7673
f 7815 7673 7814
f 7816 7675 7674
f 7816 7674 7815
f 7817 7676 7675
f 7817 7675 7816
f 7818 7677 7676
f 7818 7676 7817
f 7819 7678 7677
f 7819 7677 7818
f 7820 7679 7678
f 7820 7678 7819
f 7821 7680 7679
f 7821 7679 7820
f 7822 7681 7680
f 7822 7680 7821
f 7823 7682 7681
f 7823 7681 7822
f 7824 7683 7682
f 7824 7682 7823
f 7825 7684 7683
f 7825 7683 7824
f 7826 7685 7684
f 7826 7684 7825
f 7827 7686 7685
f 7827 7685 7826
f 7828 7687 7686
f 7828 7686 7827
f 7829 7688 7687
f 7829 7687 7828
f 7830 7689 7688
f 7830 7688 7829
f 7831 7690 7689
f 7831 7689 7830
f 7832 7691 7690
f 7832 7690 7831
f 7833 7692 7691
f 7833 7691 7832
f 7834 7693 7692
f 7834 7692 7833
f 7835 7694 7693
f 7835 7693 7834
f 7836 7695 7694
f 7836 7694 7835
f 7837 7696 7695
f 7837 7695 7836
f 7838 7697 7696
f 7838 7696 7837
f 7839 7698 7697
f 7839 7697 7838
f 7840 7699 7698
f 7840 7698 7839
f 7841 7700 7699
f 7841 7699 7840
f 7842 7701 7700
f 7842 7700 7841
f 7843 7702 7701
f 7843 7701 7842
f 7844 7703 7702
f 7844 7702 7843
f 7845 7704 7703
f 7845 7703 7844
f 7846 7705 7704
f 7846 7704 7845
f 7847 7706 7705
f 7847 7705 7846
f 7848 7707 7706
f 7848 7706 7847
f 7849 7708 7707
f 7849 7707 7848
f 7850 7709 7708
f 7850 7708 7849
f 7851 7710 7709
f 7851 7709 7850
f 7852 7711 7710
f 7852 7710 7851
f 7853 7712 7711
f 7853 7711 7852
f 7854 7713 7712
f 7854 7712 7853
f 7855 7714 7713
f 7855 7713 7854
f 7856 7715 7714
f 7856 7714 7855
f 7857 7716 7715
f 7857 7715 7856
f 7729 7717 7716
f 7729 7716 7857
f 7858 7719 7591
f 7858 7591 7735
f 7859 7725 7720
f 7859 7720 7730
f 7860 7726 7723
f 7860 7723 7861
f 7736 7592 7722
f 7736 7722 7862
f 7863 7727 7726
f 7863 7726 7860
f 7861 7723 7724
f 7861 7724 7728
f 7862 7722 7725
f 7862 7725 7859
f 7731 7721 7727
f 7731 7727 7863
f 7733 7595 7593
f 7733 7593 7737
f 7738 7594 7719
f 7738 7719 7858
f 7864 7733 7737
f 7864 7737 7865
f 7866 7738 7858
f 7866 7858 7867
f 7868 7735 7736
f 7868 7736 7869
f 7870 7740 7739
f 7870 7739 7871
f 7872 7741 7740
f 7872 7740 7870
f 7873 7742 7741
f 7873 7741 7872
f 7874 7743 7742
f 7874 7742 7873
f 7875 7744 7743
f 7875 7743 7874
f 7876 7745 7744
f 7876 7744 7875
f 7877 7746 7745
f 7877 7745 7876
f 7878 7747 7746
f 7878 7746 7877
f 7879 7748 7747
f 7879 7747 7878
f 7880 7749 7748
f 7880 7748 7879
f 7881 7750 7749
f 7881 7749 7880
f 7882 7751 7750
f 7882 7750 7881
f 7883 7752 7751
f 7883 7751 7882
f 7884 7753 7752
f 7884 7752 7883
f 7885 7754 7753
f 7885 7753 7884
f 7886 7755 7754
f 7886 7754 7885
f 7887 7756 7755
f 7887 7755 7886
f 7888 7757 7756
f 7888 7756 7887
f 7889 7758 7757
f 7889 7757 7888
f 7890 7759 7758
f 7890 7758 7889
f 7891 7760 7759
f 7891 7759 7890
f 7892 7761 7760
f 7892 7760 7891
f 7893 7762 7761
f 7893 7761 7892
f 7894 7763 7762
f 7894 7762 7893
f 7895 7764 7763
f 7895 7763 7894
f 7896 7765 7764
f 7896 7764 7895
f 7897 7766 7765
f 7897 7765 7896
f 7898 7767 7766
f 7898 7766 7897
f 7899 7768 7767
f 7899 7767 7898
f 7900 7769 7768
f 7900 7768 7899
f 7901 7770 7769
f 7901 7769 7900
f 7902 7771 7770
f 7902 7770 7901
f 7903 7772 7771
f 7903 7771 7902
f 7904 7773 7772
f 7904 7772 7903
f 7905 7774 7773
f 7905 7773 7904
f 7906 7775 7774
f 7906 7774 7905
f 7907 7776 7775
f 7907 7775 7906
f 7908 7777 7776
f 7908 7776 7907
f 7909 7778 7777
f 7909 7777 7908
f 7910 7779 7778
f 7910 7778 7909
f 7911 7780 7779
f 7911 7779 7910
f 7912 7781 7780
f 7912 7780 7911
f 7913 7782 7781
f 7913 7781 7912
f 7914 7783 7782
f 7914 7782 7913
f 7915 7784 7783
f 7915 7783 7914
f 7916 7785 7784
f 7916 7784 7915
f 7917 7786 7785
f 7917 7785 7916
f 7918 7787 7786
f 7918 7786 7917
f 7919 7788 7787
f 7919 7787 7918
f 7920 7789 7788
f 7920 7788 7919
f 7921 7790 7789
f 7921 7789 7920
f 7922 7791 7790
f 7922 7790 7921
f 7923 7792 7791
f 7923 7791 7922
f 7924 7793 7792
f 7924 7792 7923
f 7925 7794 7793
f 7925 7793 7924
f 7926 7795 7794
f 7926 7794 7925
f 7927 7796 7795
f 7927 7795 7926
f 7928 7797 7796
f 7928 7796 7927
f 7929 7798 7797
f 7929 7797 7928
f 7930 7799 7798
f 7930 7798 7929
f 7931 7800 7799
f 7931 7799 7930
f 7932 7801 7800
f 7932 7800 7931
f 7933 7802 7801
f 7933 7801 7932
f 7934 7803 7802
f 7934 7802 7933
f 7935 7804 7803
f 7935 7803 7934
f 7936 7805 7804
f 7936 7804 7935
f 7937 7806 7805
f 7937 7805 7936
f 7938 7807 7806
f 7938 7806 7937
f 7939 7808 7807
f 7939 7807 7938
f 7940 7809 7808
f 7940 7808 7939
f 7941 7810 7809
f 7941 7809 7940
f 7942 7811 7810
f 7942 7810 7941
f 7943 7812 7811
f 7943 7811 7942
f 7944 7813 7812
f 7944 7812 7943
f 7945 7814 7813
f 7945 7813 7944
f 7946 7815 7814
f 7946 7814 7945
f 7947 7816 7815
f 7947 7815 7946
f 7948 7817 7816
f 7948 7816 7947
f 7949 7818 7817
f 7949 7817 7948
f 7950 7819 7818
f 7950 7818 7949
f 7951 7820 7819
f 7951 7819 7950
f 7952 7821 7820
f 7952 7820 7951
f 7953 7822 7821
f 7953 7821 7952
f 7954 7823 7822
f 7954 7822 7953
f 7955 7824 7823
f 7955 7823 7954
f 7956 7825 7824
f 7956 7824 7955
f 7957 7826 7825
f 7957 7825 7956
f 7958 7827 7826
f 7958 7826 7957
f 7959 7828 7827
f 7959 7827 7958
f 7960 7829 7828
f 7960 7828 7959
f 7961 7830 7829
f 7961 7829 7960
f 7962 7831 7830
f 7962 7830 7961
f 7963 7832 7831
f 7963 7831 7962
f 7964 7833 7832
f 7964 7832 7963
f 7965 7834 7833
f 7965 7833 7964
f 7966 7835 7834
f 7966 7834 7965
f 7967 7836 7835
f 7967 7835 7966
f 7968 7837 7836
f 7968 7836 7967
f 7969 7838 7837
f 7969 7837 7968
f 7970 7839 7838
f 7970 7838 7969
f 7971 7840 7839
f 7971 7839 7970
f 7972 7841 7840
f 7972 7840 7971
f 7973 7842 7841
f 7973 7841 7972
f 7974 7843 7842
f 7974 7842 7973
f 7975 7844 7843
f 7975 7843 7974
f 7976 7845 7844
f 7976 7844 7975
f 7977 7846 7845
f 7977 7845 7976
f 7978 7847 7846
f 7978 7846 7977
f 7979 7848 7847
f 7979 7847 7978
f 7980 7849 7848
f 7980 7848 7979
f 7981 7850 7849
f 7981 7849 7980
f 7982 7851 7850
f 7982 7850 7981
f 7983 7852 7851
f 7983 7851 7982
f 7984 7853 7852
f 7984 7852 7983
f 7985 7854 7853
f 7985 7853 7984
f 7986 7855 7854
f 7986 7854 7985
f 7987 7856 7855
f 7987 7855 7986
f 7988 7857 7856
f 7988 7856 7987
f 7989 7729 7857
f 7989 7857 7988
f 7867 7858 7735
f 7867 7735 7868
f 7990 7859 7730
f 7990 7730 7991
f 7992 7860 7861
f 7992 7861 7993
f 7869 7736 7862
f 7869 7862 7994
f 7995 7863 7860
f 7995 7860 7992
f 7996 7734 7732
f 7996 7732 7997
f 7997 7732 7733
f 7997 7733 7864
f 7994 7862 7859
f 7994 7859 7990
f 7991 7730 7731
f 7991 7731 7998
f 7865 7737 7738
f 7865 7738 7866
f 7871 7739 7734
f 7871 7734 7996
f 7993 7861 7728
f 7993 7728 7989
f 7998 7731 7863
f 7998 7863 7995
f 7999 7865 7866
f 7999 7866 8000
f 8001 7993 7989
f 8001 7989 8002
f 8003 7871 7996
f 8003 7996 8004
f 8005 7864 7865
f 8005 7865 7999
f 8006 7867 7868
f 8006 7868 8007
f 8008 7873 7872
f 8008 7872 8009
f 8010 7874 7873
f 8010 7873 8008
f 8011 7875 7874
f 8011 7874 8010
f 8012 7876 7875
f 8012 7875 8011
f 8013 7877 7876
f 8013 7876 8012
f 8014 7878 7877
f 8014 7877 8013
f 8015 7879 7878
f 8015 7878 8014
f 8016 7880 7879
f 8016 7879 8015
f 8017 7881 7880
f 8017 7880 8016
f 8018 7882 7881
f 8018 7881 8017
f 8019 7883 7882
f 8019 7882 8018
f 8020 7884 7883
f 8020 7883 8019
f 8021 7885 7884
f 8021 7884 8020
f 8022 7886 7885
f 8022 7885 8021
f 8023 7887 7886
f 8023 7886 8022
f 8024 7888 7887
f 8024 7887 8023
f 8025 7889 7888
f 8025 7888 8024
f 8026 7890 7889
f 8026 7889 8025
f 8027 7891 7890
f 8027 7890 8026
f 8028 7892 7891
f 8028 7891 8027
f 8029 7893 7892
f 8029 7892 8028
f 8030 7894 7893
f 8030 7893 8029
f 8031 7895 7894
f 8031 7894 8030
f 8032 7896 7895
f 8032 7895 8031
f 8033 7897 7896
f 8033 7896 8032
f 8034 7898 7897
f 8034 7897 8033
f 8035 7899 7898
f 8035 7898 8034
f 8036 7900 7899
f 8036 7899 8035
f 8037 7901 7900
f 8037 7900 8036
f 8038 7902 7901
f 8038 7901 8037
f 8039 7903 7902
f 8039 7902 8038
f 8040 7904 7903
f 8040 7903 8039
f 8041 7905 7904
f 8041 7904 8040
f 8042 7906 7905
f 8042 7905 8041
f 8043 7907 7906
f 8043 7906 8042
f 8044 7908 7907
f 8044 7907 8043
f 8045 7909 7908
f 8045 7908 8044
f 8046 7910 7909
f 8046 7909 8045
f 8047 7911 7910
f 8047 7910 8046
f 8048 7912 7911
f 8048 7911 8047
f 8049 7913 7912
f 8049 7912 8048
f 8050 7914 7913
f 8050 7913 8049
f 8051 7915 7914
f 8051 7914 8050
f 8052 7916 7915
f 8052 7915 8051
f 8053 7917 7916
f 8053 7916 8052
f 8054 7918 7917
f 8054 7917 8053
f 8055 7919 7918
f 8055 7918 8054
f 8056 7920 7919
f 8056 7919 8055
f 8057 7921 7920
f 8057 7920 8056
f 8058 7922 7921
f 8058 7921 8057
f 8059 7923 7922
f 8059 7922 8058
f 8060 7924 7923
f 8060 7923 8059
f 8061 7925 7924
f 8061 7924 8060
f 8062 7926 7925
f 8062 7925 8061
f 8063 7927 7926
f 8063 7926 8062
f 8064 7928 7927
f 8064 7927 8063
f 8065 7929 7928
f 8065 7928 8064
f 8066 7930 7929
f 8066 7929 8065
f 8067 7931 7930
f 8067 7930 8066
f 8068 7932 7931
f 8068 7931 8067
f 8069 7933 7932
f 8069 7932 8068
f 8070 7934 7933
f 8070 7933 8069
f 8071 7935 7934
f 8071 7934 8070
f 8072 7936 7935
f 8072 7935 8071
f 8073 7937 7936
f 8073 7936 8072
f 8074 7938 7937
f 8074 7937 8073
f 8075 7939 7938
f 8075 7938 8074
f 8076 7940 7939
f 8076 7939 8075
f 8077 7941 7940
f 8077 7940 8076
f 8078 7942 7941
f 8078 7941 8077
f 8079 7943 7942
f 8079 7942 8078
f 8080 7944 7943
f 8080 7943 8079
f 8081 7945 7944
f 8081 7944 8080
f 8082 7946 7945
f 8082 7945 8081
f 8083 7947 7946
f 8083 7946 8082
f 8084 7948 7947
f 8084 7947 8083
f 8085 7949 7948
f 8085 7948 8084
f 8086 7950 7949
f 8086 7949 8085
f 8087 7951 7950
f 8087 7950 8086
f 8088 7952 7951
f 8088 7951 8087
f 8089 7953 7952
f 8089 7952 8088
f 8090 7954 7953
f 8090 7953 8089
f 8091 7955 7954
f 8091 7954 8090
f 8092 7956 7955
f 8092 7955 8091
f 8093 7957 7956
f 8093 7956 8092
f 8094 7958 7957
f 8094 7957 8093
f 8095 7959 7958
f 8095 7958 8094
f 8096 7960 7959
f 8096 7959 8095
f 8097 7961 7960
f 8097 7960 8096
f 8098 7962 7961
f 8098 7961 8097
f 8099 7963 7962
f 8099 7962 8098
f 8100 7964 7963
f 8100 7963 8099
f 8101 7965 7964
f 8101 7964 8100
f 8102 7966 7965
f 8102 7965 8101
f 8103 7967 7966
f 8103 7966 8102
f 8104 7968 7967
f 8104 7967 8103
f 8105 7969 7968
f 8105 7968 8104
f 8106 7970 7969
f 8106 7969 8105
f 8107 7971 7970
f 8107 7970 8106
f 8108 7972 7971
f 8108 7971 8107
f 8109 7973 7972
f 8109 7972 8108
f 8110 7974 7973
f 8110 7973 8109
f 8111 7975 7974
f 8111 7974 8110
f 8112 7976 7975
f 8112 7975 8111
f 8113 7977 7976
f 8113 7976 8112
f 8114 7978 7977
f 8114 7977 8113
f 8115 7979 7978
f 8115 7978 8114
f 8116 7980 7979
f 8116 7979 8115
f 8117 7981 7980
f 8117 7980 8116
f 8118 7982 7981
f 8118 7981 8117
f 8119 7983 7982
f 8119 7982 8118
f 8120 7984 7983
f 8120 7983 8119
f 8121 7985 7984
f 8121 7984 8120
f 8122 7986 7985
f 8122 7985 8121
f 8123 7987 7986
f 8123 7986 8122
f 8002 7988 7987
f 8002 7987 8123
f 8124 7992 7993
f 8124 7993 8125
f 8126 7998 7995
f 8126 7995 8127
f 8128 7869 7994
f 8128 7994 8129
f 8127 7995 7992
f 8127 7992 8124
f 8004 7996 7997
f 8004 7997 8130
f 8130 7997 7864
f 8130 7864 8005
f 8131 7991 7998
f 8131 7998 8126
f 8132 8133 8134
f 8007 7868 7869
f 8007 7869 8128
f 8009 7872 7870
f 8009 7870 8135
f 8135 7870 7871
f 8135 7871 8003
f 8000 7866 7867
f 8000 7867 8006
f 8136 7999 8000
f 8136 8000 8137
f 8138 8130 8005
f 8138 8005 8139
f 8140 8131 8126
f 8140 8126 8141
f 8142 8006 8007
f 8142 8007 8143
f 8144 8135 8003
f 8144 8003 8145
f 8146 8011 8010
f 8146 8010 8147
f 8148 8012 8011
f 8148 8011 8146
f 8149 8013 8012
f 8149 8012 8148
f 8150 8014 8013
f 8150 8013 8149
f 8151 8015 8014
f 8151 8014 8150
f 8152 8016 8015
f 8152 8015 8151
f 8153 8017 8016
f 8153 8016 8152
f 8154 8018 8017
f 8154 8017 8153
f 8155 8019 8018
f 8155 8018 8154
f 8156 8020 8019
f 8156 8019 8155
f 8157 8021 8020
f 8157 8020 8156
f 8158 8022 8021
f 8158 8021 8157
f 8159 8023 8022
f 8159 8022 8158
f 8160 8024 8023
f 8160 8023 8159
f 8161 8025 8024
f 8161 8024 8160
f 8162 8026 8025
f 8162 8025 8161
f 8163 8027 8026
f 8163 8026 8162
f 8164 8028 8027
f 8164 8027 8163
f 8165 8029 8028
f 8165 8028 8164
f 8166 8030 8029
f 8166 8029 8165
f 8167 8031 8030
f 8167 8030 8166
f 8168 8032 8031
f 8168 8031 8167
f 8169 8033 8032
f 8169 8032 8168
f 8170 8034 8033
f 8170 8033 8169
f 8171 8035 8034
f 8171 8034 8170
f 8172 8036 8035
f 8172 8035 8171
f 8173 8037 8036
f 8173 8036 8172
f 8174 8038 8037
f 8174 8037 8173
f 8175 8039 8038
f 8175 8038 8174
f 8176 8040 8039
f 8176 8039 8175
f 8177 8041 8040
f 8177 8040 8176
f 8178 8042 8041
f 8178 8041 8177
f 8179 8043 8042
f 8179 8042 8178
f 8180 8044 8043
f 8180 8043 8179
f 8181 8045 8044
f 8181 8044 8180
f 8182 8046 8045
f 8182 8045 8181
f 8183 8047 8046
f 8183 8046 8182
f 8184 8048 8047
f 8184 8047 8183
f 8185 8049 8048
f 8185 8048 8184
f 8186 8050 8049
f 8186 8049 8185
f 8187 8051 8050
f 8187 8050 8186
f 8188 8052 8051
f 8188 8051 8187
f 8189 8053 8052
f 8189 8052 8188
f 8190 8054 8053
f 8190 8053 8189
f 8191 8055 8054
f 8191 8054 8190
f 8192 8056 8055
f 8192 8055 8191
f 8193 8057 8056
f 8193 8056 8192
f 8194 8058 8057
f 8194 8057 8193
f 8195 8059 8058
f 8195 8058 8194
f 8196 8060 8059
f 8196 8059 8195
f 8197 8061 8060
f 8197 8060 8196
f 8198 8062 8061
f 8198 8061 8197
f 8199 8063 8062
f 8199 8062 8198
f 8200 8064 8063
f 8200 8063 8199
f 8201 8065 8064
f 8201 8064 8200
f 8202 8066 8065
f 8202 8065 8201
f 8203 8067 8066
f 8203 8066 8202
f 8204 8068 8067
f 8204 8067 8203
f 8205 8069 8068
f 8205 8068 8204
f 8206 8070 8069
f 8206 8069 8205
f 8207 8071 8070
f 8207 8070 8206
f 8208 8072 8071
f 8208 8071 8207
f 8209 8073 8072
f 8209 8072 8208
f 8210 8074 8073
f 8210 8073 8209
f 8211 8075 8074
f 8211 8074 8210
f 8212 8076 8075
f 8212 8075 8211
f 8213 8077 8076
f 8213 8076 8212
f 8214 8078 8077
f 8214 8077 8213
f 8215 8079 8078
f 8215 8078 8214
f 8216 8080 8079
f 8216 8079 8215
f 8217 8081 8080
f 8217 8080 8216
f 8218 8082 8081
f 8218 8081 8217
f 8219 8083 8082
f 8219 8082 8218
f 8220 8084 8083
f 8220 8083 8219
f 8221 8085 8084
f 8221 8084 8220
f 8222 8086 8085
f 8222 8085 8221
f 8223 8087 8086
f 8223 8086 8222
f 8224 8088 8087
f 8224 8087 8223
f 8225 8089 8088
f 8225 8088 8224
f 8226 8090 8089
f 8226 8089 8225
f 8227 8091 8090
f 8227 8090 8226
f 8228 8092 8091
f 8228 8091 8227
f 8229 8093 8092
f 8229 8092 8228
f 8230 8094 8093
f 8230 8093 8229
f 8231 8095 8094
f 8231 8094 8230
f 8232 8096 8095
f 8232 8095 8231
f 8233 8097 8096
f 8233 8096 8232
f 8234 8098 8097
f 8234 8097 8233
f 8235 8099 8098
f 8235 8098 8234
f 8236 8100 8099
f 8236 8099 8235
f 8237 8101 8100
f 8237 8100 8236
f 8238 8102 8101
f 8238 8101 8237
f 8239 8103 8102
f 8239 8102 8238
f 8240 8104 8103
f 8240 8103 8239
f 8241 8105 8104
f 8241 8104 8240
f 8242 8106 8105
f 8242 8105 8241
f 8243 8107 8106
f 8243 8106 8242
f 8244 8108 8107
f 8244 8107 8243
f 8245 8109 8108
f 8245 8108 8244
f 8246 8110 8109
f 8246 8109 8245
f 8247 8111 8110
f 8247 8110 8246
f 8248 8112 8111
f 8248 8111 8247
f 8249 8113 8112
f 8249 8112 8248
f 8250 8114 8113
f 8250 8113 8249
f 8251 8115 8114
f 8251 8114 8250
f 8252 8116 8115
f 8252 8115 8251
f 8253 8117 8116
f 8253 8116 8252
f 8254 8118 8117
f 8254 8117 8253
f 8255 8119 8118
f 8255 8118 8254
f 8256 8120 8119
f 8256 8119 8255
f 8257 8121 8120
f 8257 8120 8256
f 8258 8122 8121
f 8258 8121 8257
f 8259 8123 8122
f 8259 8122 8258
f 8001 8002 8123
f 8001 8123 8260
f 8261 8124 8125
f 8261 8125 8262
f 8263 8004 8130
f 8263 8130 8138
f 8143 8007 8128
f 8143 8128 8264
f 8265 8127 8124
f 8265 8124 8261
f 7589 7584 7718
f 8266 8125 7993
f 8266 7993 8001
f 8139 8005 7999
f 8139 7999 8136
f 8145 8003 8004
f 8145 8004 8263
f 8267 8008 8009
f 8267 8009 8268
f 8268 8009 8135
f 8268 8135 8144
f 8147 8010 8008
f 8147 8008 8267
f 8141 8126 8127
f 8141 8127 8265
f 8269 8129 8131
f 8269 8131 8140
f 8264 8128 8129
f 8264 8129 8269
f 8137 8000 8006
f 8137 8006 8142
f 8270 8271 8272
f 8270 8272 8273
f 8274 8145 8263
f 8274 8263 8275
f 8276 8269 8140
f 8276 8140 8277
f 8278 8147 8267
f 8278 8267 8279
f 8280 8141 8265
f 8280 8265 8281
f 8282 8149 8148
f 8282 8148 8283
f 8284 8150 8149
f 8284 8149 8282
f 8285 8151 8150
f 8285 8150 8284
f 8286 8152 8151
f 8286 8151 8285
f 8287 8153 8152
f 8287 8152 8286
f 8288 8154 8153
f 8288 8153 8287
f 8289 8155 8154
f 8289 8154 8288
f 8290 8156 8155
f 8290 8155 8289
f 8291 8157 8156
f 8291 8156 8290
f 8292 8158 8157
f 8292 8157 8291
f 8293 8159 8158
f 8293 8158 8292
f 8294 8160 8159
f 8294 8159 8293
f 8295 8161 8160
f 8295 8160 8294
f 8296 8162 8161
f 8296 8161 8295
f 8297 8163 8162
f 8297 8162 8296
f 8298 8164 8163
f 8298 8163 8297
f 8299 8165 8164
f 8299 8164 8298
f 8300 8166 8165
f 8300 8165 8299
f 8301 8167 8166
f 8301 8166 8300
f 8302 8168 8167
f 8302 8167 8301
f 8303 8169 8168
f 8303 8168 8302
f 8304 8170 8169
f 8304 8169 8303
f 8305 8171 8170
f 8305 8170 8304
f 8306 8172 8171
f 8306 8171 8305
f 8307 8173 8172
f 8307 8172 8306
f 8308 8174 8173
f 8308 8173 8307
f 8309 8175 8174
f 8309 8174 8308
f 8310 8176 8175
f 8310 8175 8309
f 8311 8177 8176
f 8311 8176 8310
f 8312 8178 8177
f 8312 8177 8311
f 8313 8179 8178
f 8313 8178 8312
f 8314 8180 8179
f 8314 8179 8313
f 8315 8181 8180
f 8315 8180 8314
f 8316 8182 8181
f 8316 8181 8315
f 8317 8183 8182
f 8317 8182 8316
f 8318 8184 8183
f 8318 8183 8317
f 8319 8185 8184
f 8319 8184 8318
f 8320 8186 8185
f 8320 8185 8319
f 8321 8187 8186
f 8321 8186 8320
f 8322 8188 8187
f 8322 8187 8321
f 8323 8189 8188
f 8323 8188 8322
f 8324 8190 8189
f 8324 8189 8323
f 8325 8191 8190
f 8325 8190 8324
f 8326 8192 8191
f 8326 8191 8325
f 8327 8193 8192
f 8327 8192 8326
f 8328 8194 8193
f 8328 8193 8327
f 8329 8195 8194
f 8329 8194 8328
f 8330 8196 8195
f 8330 8195 8329
f 8331 8197 8196
f 8331 8196 8330
f 8332 8198 8197
f 8332 8197 8331
f 8333 8199 8198
f 8333 8198 8332
f 8334 8200 8199
f 8334 8199 8333
f 8335 8201 8200
f 8335 8200 8334
f 8336 8202 8201
f 8336 8201 8335
f 8337 8203 8202
f 8337 8202 8336
f 8338 8204 8203
f 8338 8203 8337
f 8339 8205 8204
f 8339 8204 8338
f 8340 8206 8205
f 8340 8205 8339
f 8341 8207 8206
f 8341 8206 8340
f 8342 8208 8207
f 8342 8207 8341
f 8343 8209 8208
f 8343 8208 8342
f 8344 8210 8209
f 8344 8209 8343
f 8345 8211 8210
f 8345 8210 8344
f 8346 8212 8211
f 8346 8211 8345
f 8347 8213 8212
f 8347 8212 8346
f 8348 8214 8213
f 8348 8213 8347
f 8349 8215 8214
f 8349 8214 8348
f 8350 8216 8215
f 8350 8215 8349
f 8351 8217 8216
f 8351 8216 8350
f 8352 8218 8217
f 8352 8217 8351
f 8353 8219 8218
f 8353 8218 8352
f 8354 8220 8219
f 8354 8219 8353
f 8355 8221 8220
f 8355 8220 8354
f 8356 8222 8221
f 8356 8221 8355
f 8357 8223 8222
f 8357 8222 8356
f 8358 8224 8223
f 8358 8223 8357
f 8359 8225 8224
f 8359 8224 8358
f 8360 8226 8225
f 8360 8225 8359
f 8361 8227 8226
f 8361 8226 8360
f 8362 8228 8227
f 8362 8227 8361
f 8363 8229 8228
f 8363 8228 8362
f 8364 8230 8229
f 8364 8229 8363
f 8365 8231 8230
f 8365 8230 8364
f 8366 8232 8231
f 8366 8231 8365
f 8367 8233 8232
f 8367 8232 8366
f 8368 8234 8233
f 8368 8233 8367
f 8369 8235 8234
f 8369 8234 8368
f 8370 8236 8235
f 8370 8235 8369
f 8371 8237 8236
f 8371 8236 8370
f 8372 8238 8237
f 8372 8237 8371
f 8373 8239 8238
f 8373 8238 8372
f 8374 8240 8239
f 8374 8239 8373
f 8375 8241 8240
f 8375 8240 8374
f 8376 8242 8241
f 8376 8241 8375
f 8377 8243 8242
f 8377 8242 8376
f 8378 8244 8243
f 8378 8243 8377
f 8379 8245 8244
f 8379 8244 8378
f 8380 8246 8245
f 8380 8245 8379
f 8381 8247 8246
f 8381 8246 8380
f 8382 8248 8247
f 8382 8247 8381
f 8383 8249 8248
f 8383 8248 8382
f 8384 8250 8249
f 8384 8249 8383
f 8385 8251 8250
f 8385 8250 8384
f 8386 8252 8251
f 8386 8251 8385
f 8387 8253 8252
f 8387 8252 8386
f 8388 8254 8253
f 8388 8253 8387
f 8389 8255 8254
f 8389 8254 8388
f 8390 8256 8255
f 8390 8255 8389
f 8391 8257 8256
f 8391 8256 8390
f 8392 8258 8257
f 8392 8257 8391
f 8393 8259 8258
f 8393 8258 8392
f 8394 8260 8123
f 8394 8123 8259
f 8395 8261 8262
f 8395 8262 8396
f 8279 8267 8268
f 8279 8268 8397
f 8398 8137 8142
f 8398 8142 8399
f 7718 7717 7729
f 8281 8265 8261
f 8281 8261 8395
f 8397 8144 8145
f 8397 8145 8274
f 8399 8142 8143
f 8399 8143 8400
f 8401 8264 8269
f 8401 8269 8276
f 8402 8136 8137
f 8402 8137 8398
f 8277 8140 8141
f 8277 8141 8280
f 8400 8143 8264
f 8400 8264 8401
f 8403 8138 8139
f 8403 8139 8404
f 8404 8139 8136
f 8404 8136 8402
f 8283 8146 8147
f 8283 8147 8278
f 8275 8263 8138
f 8275 8138 8403
f 8405 8406 8407
f 8408 8400 8401
f 8408 8401 8409
f 8410 8276 8277
f 8410 8277 8411
f 8412 8403 8404
f 8412 8404 8413
f 8414 8285 8284
f 8414 8284 8415
f 8416 8286 8285
f 8416 8285 8414
f 8417 8287 8286
f 8417 8286 8416
f 8418 8288 8287
f 8418 8287 8417
f 8419 8289 8288
f 8419 8288 8418
f 8420 8290 8289
f 8420 8289 8419
f 8421 8291 8290
f 8421 8290 8420
f 8422 8292 8291
f 8422 8291 8421
f 8423 8293 8292
f 8423 8292 8422
f 8424 8294 8293
f 8424 8293 8423
f 8425 8295 8294
f 8425 8294 8424
f 8426 8296 8295
f 8426 8295 8425
f 8427 8297 8296
f 8427 8296 8426
f 8428 8298 8297
f 8428 8297 8427
f 8429 8299 8298
f 8429 8298 8428
f 8430 8300 8299
f 8430 8299 8429
f 8431 8301 8300
f 8431 8300 8430
f 8432 8302 8301
f 8432 8301 8431
f 8433 8303 8302
f 8433 8302 8432
f 8434 8304 8303
f 8434 8303 8433
f 8435 8305 8304
f 8435 8304 8434
f 8436 8306 8305
f 8436 8305 8435
f 8437 8307 8306
f 8437 8306 8436
f 8438 8308 8307
f 8438 8307 8437
f 8439 8309 8308
f 8439 8308 8438
f 8440 8310 8309
f 8440 8309 8439
f 8441 8311 8310
f 8441 8310 8440
f 8442 8312 8311
f 8442 8311 8441
f 8443 8313 8312
f 8443 8312 8442
f 8444 8314 8313
f 8444 8313 8443
f 8445 8315 8314
f 8445 8314 8444
f 8446 8316 8315
f 8446 8315 8445
f 8447 8317 8316
f 8447 8316 8446
f 8448 8318 8317
f 8448 8317 8447
f 8449 8319 8318
f 8449 8318 8448
f 8450 8320 8319
f 8450 8319 8449
f 8451 8321 8320
f 8451 8320 8450
f 8452 8322 8321
f 8452 8321 8451
f 8453 8323 8322
f 8453 8322 8452
f 8454 8324 8323
f 8454 8323 8453
f 8455 8325 8324
f 8455 8324 8454
f 8456 8326 8325
f 8456 8325 8455
f 8457 8327 8326
f 8457 8326 8456
f 8458 8328 8327
f 8458 8327 8457
f 8459 8329 8328
f 8459 8328 8458
f 8460 8330 8329
f 8460 8329 8459
f 8461 8331 8330
f 8461 8330 8460
f 8462 8332 8331
f 8462 8331 8461
f 8463 8333 8332
f 8463 8332 8462
f 8464 8334 8333
f 8464 8333 8463
f 8465 8335 8334
f 8465 8334 8464
f 8466 8336 8335
f 8466 8335 8465
f 8467 8337 8336
f 8467 8336 8466
f 8468 8338 8337
f 8468 8337 8467
f 8469 8339 8338
f 8469 8338 8468
f 8470 8340 8339
f 8470 8339 8469
f 8471 8341 8340
f 8471 8340 8470
f 8472 8342 8341
f 8472 8341 8471
f 8473 8343 8342
f 8473 8342 8472
f 8474 8344 8343
f 8474 8343 8473
f 8475 8345 8344
f 8475 8344 8474
f 8476 8346 8345
f 8476 8345 8475
f 8477 8347 8346
f 8477 8346 8476
f 8478 8348 8347
f 8478 8347 8477
f 8479 8349 8348
f 8479 8348 8478
f 8480 8350 8349
f 8480 8349 8479
f 8481 8351 8350
f 8481 8350 8480
f 8482 8352 8351
f 8482 8351 8481
f 8483 8353 8352
f 8483 8352 8482
f 8484 8354 8353
f 8484 8353 8483
f 8485 8355 8354
f 8485 8354 8484
f 8486 8356 8355
f 8486 8355 8485
f 8487 8357 8356
f 8487 8356 8486
f 8488 8358 8357
f 8488 8357 8487
f 8489 8359 8358
f 8489 8358 8488
f 8490 8360 8359
f 8490 8359 8489
f 8491 8361 8360
f 8491 8360 8490
f 8492 8362 8361
f 8492 8361 8491
f 8493 8363 8362
f 8493 8362 8492
f 8494 8364 8363
f 8494 8363 8493
f 8495 8365 8364
f 8495 8364 8494
f 8496 8366 8365
f 8496 8365 8495
f 8497 8367 8366
f 8497 8366 8496
f 8498 8368 8367
f 8498 8367 8497
f 8499 8369 8368
f 8499 8368 8498
f 8500 8370 8369
f 8500 8369 8499
f 8501 8371 8370
f 8501 8370 8500
f 8502 8372 8371
f 8502 8371 8501
f 8503 8373 8372
f 8503 8372 8502
f 8504 8374 8373
f 8504 8373 8503
f 8505 8375 8374
f 8505 8374 8504
f 8506 8376 8375
f 8506 8375 8505
f 8507 8377 8376
f 8507 8376 8506
f 8508 8378 8377
f 8508 8377 8507
f 8509 8379 8378
f 8509 8378 8508
f 8510 8380 8379
f 8510 8379 8509
f 8511 8381 8380
f 8511 8380 8510
f 8512 8382 8381
f 8512 8381 8511
f 8513 8383 8382
f 8513 8382 8512
f 8514 8384 8383
f 8514 8383 8513
f 8515 8385 8384
f 8515 8384 8514
f 8516 8386 8385
f 8516 8385 8515
f 8517 8387 8386
f 8517 8386 8516
f 8518 8388 8387
f 8518 8387 8517
f 8519 8389 8388
f 8519 8388 8518
f 8520 8390 8389
f 8520 8389 8519
f 8521 8391 8390
f 8521 8390 8520
f 8522 8392 8391
f 8522 8391 8521
f 8523 8393 8392
f 8523 8392 8522
f 8524 8395 8396
f 8524 8396 8525
f 8526 8279 8397
f 8526 8397 8527
f 8528 8398 8399
f 8528 8399 8529
f 8530 8282 8283
f 8530 8283 8531
f 7728 7729 7989
f 8409 8401 8276
f 8409 8276 8410
f 8411 8277 8280
f 8411 8280 8532
f 8413 8402 8398
f 8413 8398 8528
f 8533 8281 8395
f 8533 8395 8524
f 8534 8274 8275
f 8534 8275 8535
f 8527 8397 8274
f 8527 8274 8534
f 8532 8280 8281
f 8532 8281 8533
f 8406 8405 8536
f 8406 8536 8537
f 8415 8284 8282
f 8415 8282 8530
f 8535 8275 8403
f 8535 8403 8412
f 8538 8278 8279
f 8538 8279 8526
f 8531 8283 8278
f 8531 8278 8538
f 8529 8399 8400
f 8529 8400 8408
f 8539 8525 8396
f 8539 8396 8523
f 8540 8414 8415
f 8540 8415 8541
f 8542 8535 8412
f 8542 8412 8543
f 8544 8417 8416
f 8544 8416 8545
f 8546 8418 8417
f 8546 8417 8544
f 8547 8419 8418
f 8547 8418 8546
f 8548 8420 8419
f 8548 8419 8547
f 8549 8421 8420
f 8549 8420 8548
f 8550 8422 8421
f 8550 8421 8549
f 8551 8423 8422
f 8551 8422 8550
f 8552 8424 8423
f 8552 8423 8551
f 8553 8425 8424
f 8553 8424 8552
f 8554 8426 8425
f 8554 8425 8553
f 8555 8427 8426
f 8555 8426 8554
f 8556 8428 8427
f 8556 8427 8555
f 8557 8429 8428
f 8557 8428 8556
f 8558 8430 8429
f 8558 8429 8557
f 8559 8431 8430
f 8559 8430 8558
f 8560 8432 8431
f 8560 8431 8559
f 8561 8433 8432
f 8561 8432 8560
f 8562 8434 8433
f 8562 8433 8561
f 8563 8435 8434
f 8563 8434 8562
f 8564 8436 8435
f 8564 8435 8563
f 8565 8437 8436
f 8565 8436 8564
f 8566 8438 8437
f 8566 8437 8565
f 8567 8439 8438
f 8567 8438 8566
f 8568 8440 8439
f 8568 8439 8567
f 8569 8441 8440
f 8569 8440 8568
f 8570 8442 8441
f 8570 8441 8569
f 8571 8443 8442
f 8571 8442 8570
f 8572 8444 8443
f 8572 8443 8571
f 8573 8445 8444
f 8573 8444 8572
f 8574 8446 8445
f 8574 8445 8573
f 8575 8447 8446
f 8575 8446 8574
f 8576 8448 8447
f 8576 8447 8575
f 8577 8449 8448
f 8577 8448 8576
f 8578 8450 8449
f 8578 8449 8577
f 8579 8451 8450
f 8579 8450 8578
f 8580 8452 8451
f 8580 8451 8579
f 8581 8453 8452
f 8581 8452 8580
f 8582 8454 8453
f 8582 8453 8581
f 8583 8455 8454
f 8583 8454 8582
f 8584 8456 8455
f 8584 8455 8583
f 8585 8457 8456
f 8585 8456 8584
f 8586 8458 8457
f 8586 8457 8585
f 8587 8459 8458
f 8587 8458 8586
f 8588 8460 8459
f 8588 8459 8587
f 8589 8461 8460
f 8589 8460 8588
f 8590 8462 8461
f 8590 8461 8589
f 8591 8463 8462
f 8591 8462 8590
f 8592 8464 8463
f 8592 8463 8591
f 8593 8465 8464
f 8593 8464 8592
f 8594 8466 8465
f 8594 8465 8593
f 8595 8467 8466
f 8595 8466 8594
f 8596 8468 8467
f 8596 8467 8595
f 8597 8469 8468
f 8597 8468 8596
f 8598 8470 8469
f 8598 8469 8597
f 8599 8471 8470
f 8599 8470 8598
f 8600 8472 8471
f 8600 8471 8599
f 8601 8473 8472
f 8601 8472 8600
f 8602 8474 8473
f 8602 8473 8601
f 8603 8475 8474
f 8603 8474 8602
f 8604 8476 8475
f 8604 8475 8603
f 8605 8477 8476
f 8605 8476 8604
f 8606 8478 8477
f 8606 8477 8605
f 8607 8479 8478
f 8607 8478 8606
f 8608 8480 8479
f 8608 8479 8607
f 8609 8481 8480
f 8609 8480 8608
f 8610 8482 8481
f 8610 8481 8609
f 8611 8483 8482
f 8611 8482 8610
f 8612 8484 8483
f 8612 8483 8611
f 8613 8485 8484
f 8613 8484 8612
f 8614 8486 8485
f 8614 8485 8613
f 8615 8487 8486
f 8615 8486 8614
f 8616 8488 8487
f 8616 8487 8615
f 8617 8489 8488
f 8617 8488 8616
f 8618 8490 8489
f 8618 8489 8617
f 8619 8491 8490
f 8619 8490 8618
f 8620 8492 8491
f 8620 8491 8619
f 8621 8493 8492
f 8621 8492 8620
f 8622 8494 8493
f 8622 8493 8621
f 8623 8495 8494
f 8623 8494 8622
f 8624 8496 8495
f 8624 8495 8623
f 8625 8497 8496
f 8625 8496 8624
f 8626 8498 8497
f 8626 8497 8625
f 8627 8499 8498
f 8627 8498 8626
f 8628 8500 8499
f 8628 8499 8627
f 8629 8501 8500
f 8629 8500 8628
f 8630 8502 8501
f 8630 8501 8629
f 8631 8503 8502
f 8631 8502 8630
f 8632 8504 8503
f 8632 8503 8631
f 8633 8505 8504
f 8633 8504 8632
f 8634 8506 8505
f 8634 8505 8633
f 8635 8507 8506
f 8635 8506 8634
f 8636 8508 8507
f 8636 8507 8635
f 8637 8509 8508
f 8637 8508 8636
f 8638 8510 8509
f 8638 8509 8637
f 8639 8511 8510
f 8639 8510 8638
f 8640 8512 8511
f 8640 8511 8639
f 8641 8513 8512
f 8641 8512 8640
f 8642 8514 8513
f 8642 8513 8641
f 8643 8515 8514
f 8643 8514 8642
f 8644 8516 8515
f 8644 8515 8643
f 8645 8517 8516
f 8645 8516 8644
f 8646 8518 8517
f 8646 8517 8645
f 8647 8519 8518
f 8647 8518 8646
f 8134 8133 8648
f 8134 8648 8649
f 8650 8651 8652
f 8539 8522 8521
f 8539 8521 8653
f 8654 8524 8525
f 8654 8525 8655
f 8656 8532 8533
f 8656 8533 8657
f 8658 8529 8408
f 8658 8408 8659
f 7989 7988 8002
f 8545 8416 8414
f 8545 8414 8540
f 8660 8411 8532
f 8660 8532 8656
f 8541 8415 8530
f 8541 8530 8661
f 8662 8538 8526
f 8662 8526 8663
f 8663 8526 8527
f 8663 8527 8664
f 8651 8650 8665
f 8651 8665 8666
f 8657 8533 8524
f 8657 8524 8654
f 8667 8668 8669
f 8543 8412 8413
f 8543 8413 8670
f 8664 8534 8535
f 8664 8535 8542
f 8671 8409 8410
f 8671 8410 8672
f 8672 8410 8411
f 8672 8411 8660
f 8659 8408 8409
f 8659 8409 8671
f 8673 8531 8538
f 8673 8538 8662
f 8661 8530 8531
f 8661 8531 8673
f 8669 8668 8674
f 8669 8674 8675
f 8676 8540 8541
f 8676 8541 8677
f 8678 8547 8546
f 8678 8546 8679
f 8680 8549 8548
f 8680 8548 8681
f 8682 8551 8550
f 8682 8550 8683
f 8684 8553 8552
f 8684 8552 8685
f 8686 8555 8554
f 8686 8554 8687
f 8688 8557 8556
f 8688 8556 8689
f 8690 8558 8557
f 8690 8557 8688
f 8691 8559 8558
f 8691 8558 8690
f 8692 8560 8559
f 8692 8559 8691
f 8693 8561 8560
f 8693 8560 8692
f 8694 8562 8561
f 8694 8561 8693
f 8695 8563 8562
f 8695 8562 8694
f 8696 8564 8563
f 8696 8563 8695
f 8697 8565 8564
f 8697 8564 8696
f 8698 8566 8565
f 8698 8565 8697
f 8699 8567 8566
f 8699 8566 8698
f 8700 8568 8567
f 8700 8567 8699
f 8701 8569 8568
f 8701 8568 8700
f 8702 8570 8569
f 8702 8569 8701
f 8703 8571 8570
f 8703 8570 8702
f 8704 8572 8571
f 8704 8571 8703
f 8705 8573 8572
f 8705 8572 8704
f 8706 8574 8573
f 8706 8573 8705
f 8707 8575 8574
f 8707 8574 8706
f 8708 8576 8575
f 8708 8575 8707
f 8709 8577 8576
f 8709 8576 8708
f 8710 8578 8577
f 8710 8577 8709
f 8711 8579 8578
f 8711 8578 8710
f 8712 8580 8579
f 8712 8579 8711
f 8713 8581 8580
f 8713 8580 8712
f 8714 8582 8581
f 8714 8581 8713
f 8715 8583 8582
f 8715 8582 8714
f 8716 8584 8583
f 8716 8583 8715
f 8717 8585 8584
f 8717 8584 8716
f 8718 8586 8585
f 8718 8585 8717
f 8719 8587 8586
f 8719 8586 8718
f 8720 8588 8587
f 8720 8587 8719
f 8721 8589 8588
f 8721 8588 8720
f 8722 8590 8589
f 8722 8589 8721
f 8723 8591 8590
f 8723 8590 8722
f 8724 8592 8591
f 8724 8591 8723
f 8725 8593 8592
f 8725 8592 8724
f 8726 8594 8593
f 8726 8593 8725
f 8727 8595 8594
f 8727 8594 8726
f 8728 8596 8595
f 8728 8595 8727
f 8729 8597 8596
f 8729 8596 8728
f 8730 8598 8597
f 8730 8597 8729
f 8731 8599 8598
f 8731 8598 8730
f 8732 8600 8599
f 8732 8599 8731
f 8733 8601 8600
f 8733 8600 8732
f 8734 8602 8601
f 8734 8601 8733
f 8735 8603 8602
f 8735 8602 8734
f 8736 8604 8603
f 8736 8603 8735
f 8737 8605 8604
f 8737 8604 8736
f 8738 8606 8605
f 8738 8605 8737
f 8739 8607 8606
f 8739 8606 8738
f 8740 8608 8607
f 8740 8607 8739
f 8741 8609 8608
f 8741 8608 8740
f 8742 8610 8609
f 8742 8609 8741
f 8743 8611 8610
f 8743 8610 8742
f 8744 8612 8611
f 8744 8611 8743
f 8745 8613 8612
f 8745 8612 8744
f 8746 8614 8613
f 8746 8613 8745
f 8747 8615 8614
f 8747 8614 8746
f 8748 8616 8615
f 8748 8615 8747
f 8749 8617 8616
f 8749 8616 8748
f 8750 8618 8617
f 8750 8617 8749
f 8751 8619 8618
f 8751 8618 8750
f 8752 8620 8619
f 8752 8619 8751
f 8753 8621 8620
f 8753 8620 8752
f 8754 8622 8621
f 8754 8621 8753
f 8755 8623 8622
f 8755 8622 8754
f 8756 8624 8623
f 8756 8623 8755
f 8757 8625 8624
f 8757 8624 8756
f 8758 8626 8625
f 8758 8625 8757
f 8759 8627 8626
f 8759 8626 8758
f 8760 8628 8627
f 8760 8627 8759
f 8761 8629 8628
f 8761 8628 8760
f 8762 8630 8629
f 8762 8629 8761
f 8763 8631 8630
f 8763 8630 8762
f 8764 8632 8631
f 8764 8631 8763
f 8765 8633 8632
f 8765 8632 8764
f 8766 8634 8633
f 8766 8633 8765
f 8767 8635 8634
f 8767 8634 8766
f 8768 8636 8635
f 8768 8635 8767
f 8769 8637 8636
f 8769 8636 8768
f 8770 8638 8637
f 8770 8637 8769
f 8771 8639 8638
f 8771 8638 8770
f 8772 8640 8639
f 8772 8639 8771
f 8773 8641 8640
f 8773 8640 8772
f 8774 8642 8641
f 8774 8641 8773
f 8775 8643 8642
f 8775 8642 8774
f 8776 8644 8643
f 8776 8643 8775
f 8777 8645 8644
f 8777 8644 8776
f 8778 8646 8645
f 8778 8645 8777
f 8779 8647 8646
f 8779 8646 8778
f 8780 8662 8663
f 8780 8663 8781
f 8781 8663 8664
f 8781 8664 8782
f 8783 8670 8658
f 8783 8658 8784
f 8785 8543 8670
f 8785 8670 8783
f 8786 8656 8657
f 8786 8657 8787
f 8787 8657 8654
f 8787 8654 8788
f 8784 8658 8659
f 8784 8659 8789
f 8790 8673 8662
f 8790 8662 8780
f 8791 8671 8672
f 8791 8672 8792
f 8648 8133 8793
f 8648 8793 8794
f 8788 8654 8655
f 8788 8655 8795
f 8792 8672 8660
f 8792 8660 8796
f 8797 8544 8545
f 8797 8545 8798
f 8796 8660 8656
f 8796 8656 8786
f 8782 8542 8543
f 8782 8543 8785
f 8798 8545 8540
f 8798 8540 8676
f 8681 8548 8547
f 8681 8547 8678
f 8683 8550 8549
f 8683 8549 8680
f 8685 8552 8551
f 8685 8551 8682
f 8687 8554 8553
f 8687 8553 8684
f 8689 8556 8555
f 8689 8555 8686
f 8799 8800 8801
f 8266 8001 8260
f 8789 8659 8671
f 8789 8671 8791
f 8679 8546 8544
f 8679 8544 8797
f 8802 8678 8679
f 8802 8679 8803
f 8804 8721 8720
f 8804 8720 8805
f 8806 8723 8722
f 8806 8722 8807
f 8808 8725 8724
f 8808 8724 8809
f 8810 8727 8726
f 8810 8726 8811
f 8812 8729 8728
f 8812 8728 8813
f 8814 8731 8730
f 8814 8730 8815
f 8816 8733 8732
f 8816 8732 8817
f 8818 8735 8734
f 8818 8734 8819
f 8820 8737 8736
f 8820 8736 8821
f 8822 8739 8738
f 8822 8738 8823
f 8824 8741 8740
f 8824 8740 8825
f 8826 8743 8742
f 8826 8742 8827
f 8828 8745 8744
f 8828 8744 8829
f 8830 8747 8746
f 8830 8746 8831
f 8832 8749 8748
f 8832 8748 8833
f 8834 8751 8750
f 8834 8750 8835
f 8836 8753 8752
f 8836 8752 8837
f 8838 8755 8754
f 8838 8754 8839
f 8840 8757 8756
f 8840 8756 8841
f 8842 8758 8757
f 8842 8757 8840
f 8843 8759 8758
f 8843 8758 8842
f 8844 8760 8759
f 8844 8759 8843
f 8845 8761 8760
f 8845 8760 8844
f 8846 8762 8761
f 8846 8761 8845
f 8847 8763 8762
f 8847 8762 8846
f 8848 8764 8763
f 8848 8763 8847
f 8849 8765 8764
f 8849 8764 8848
f 8850 8766 8765
f 8850 8765 8849
f 8851 8767 8766
f 8851 8766 8850
f 8852 8768 8767
f 8852 8767 8851
f 8853 8769 8768
f 8853 8768 8852
f 8854 8770 8769
f 8854 8769 8853
f 8855 8771 8770
f 8855 8770 8854
f 8856 8772 8771
f 8856 8771 8855
f 8134 8773 8772
f 8134 8772 8856
f 8649 8774 8773
f 8649 8773 8134
f 8857 8775 8774
f 8857 8774 8649
f 8801 8800 8858
f 8801 8858 8859
f 8860 8780 8781
f 8860 8781 8861
f 8862 8788 8795
f 8862 8795 8863
f 8864 8682 8683
f 8864 8683 8865
f 8861 8781 8782
f 8861 8782 8866
f 8867 8783 8784
f 8867 8784 8868
f 8869 8686 8687
f 8869 8687 8870
f 8871 8786 8787
f 8871 8787 8872
f 8872 8787 8788
f 8872 8788 8862
f 8873 8790 8780
f 8873 8780 8860
f 8874 8684 8685
f 8874 8685 8875
f 8876 8791 8792
f 8876 8792 8877
f 8878 8677 8790
f 8878 8790 8873
f 8879 8880 8881
f 8268 8144 8397
f 8882 8883 8884
f 8885 8680 8681
f 8885 8681 8886
f 8877 8796 8786
f 8877 8786 8871
f 8148 8146 8283
f 8887 8676 8677
f 8887 8677 8878
f 8888 8688 8689
f 8888 8689 8889
f 8890 8891 8892
f 8893 8785 8783
f 8893 8783 8867
f 8866 8782 8785
f 8866 8785 8893
f 8894 8805 8720
f 8894 8720 8719
f 8865 8683 8680
f 8865 8680 8885
f 8875 8685 8682
f 8875 8682 8864
f 8870 8687 8684
f 8870 8684 8874
f 8889 8689 8686
f 8889 8686 8869
f 8892 8891 8895
f 8892 8895 8896
f 8897 8691 8690
f 8897 8690 8898
f 8899 8692 8691
f 8899 8691 8897
f 8900 8693 8692
f 8900 8692 8899
f 8901 8694 8693
f 8901 8693 8900
f 8902 8695 8694
f 8902 8694 8901
f 8903 8696 8695
f 8903 8695 8902
f 8904 8697 8696
f 8904 8696 8903
f 8905 8698 8697
f 8905 8697 8904
f 8906 8699 8698
f 8906 8698 8905
f 8907 8700 8699
f 8907 8699 8906
f 8908 8701 8700
f 8908 8700 8907
f 8909 8702 8701
f 8909 8701 8908
f 8910 8703 8702
f 8910 8702 8909
f 8911 8704 8703
f 8911 8703 8910
f 8912 8705 8704
f 8912 8704 8911
f 8913 8706 8705
f 8913 8705 8912
f 8914 8707 8706
f 8914 8706 8913
f 8915 8708 8707
f 8915 8707 8914
f 8916 8709 8708
f 8916 8708 8915
f 8917 8710 8709
f 8917 8709 8916
f 8918 8711 8710
f 8918 8710 8917
f 8919 8712 8711
f 8919 8711 8918
f 8920 8713 8712
f 8920 8712 8919
f 8921 8714 8713
f 8921 8713 8920
f 8922 8715 8714
f 8922 8714 8921
f 8923 8716 8715
f 8923 8715 8922
f 8894 8717 8716
f 8894 8716 8923
f 8807 8722 8721
f 8807 8721 8804
f 8809 8724 8723
f 8809 8723 8806
f 8811 8726 8725
f 8811 8725 8808
f 8813 8728 8727
f 8813 8727 8810
f 8815 8730 8729
f 8815 8729 8812
f 8817 8732 8731
f 8817 8731 8814
f 8819 8734 8733
f 8819 8733 8816
f 8821 8736 8735
f 8821 8735 8818
f 8823 8738 8737
f 8823 8737 8820
f 8825 8740 8739
f 8825 8739 8822
f 8827 8742 8741
f 8827 8741 8824
f 8829 8744 8743
f 8829 8743 8826
f 8831 8746 8745
f 8831 8745 8828
f 8833 8748 8747
f 8833 8747 8830
f 8835 8750 8749
f 8835 8749 8832
f 8837 8752 8751
f 8837 8751 8834
f 8839 8754 8753
f 8839 8753 8836
f 8841 8756 8755
f 8841 8755 8838
f 8394 8259 8393
f 8803 8679 8797
f 8803 8797 8924
f 8884 8883 8925
f 8884 8925 8926
f 8898 8690 8688
f 8898 8688 8888
f 8886 8681 8678
f 8886 8678 8802
f 8927 8818 8819
f 8927 8819 8928
f 8929 8924 8887
f 8929 8887 8930
f 8931 8816 8817
f 8931 8817 8932
f 8933 8814 8815
f 8933 8815 8934
f 8935 8812 8813
f 8935 8813 8936
f 8937 8810 8811
f 8937 8811 8273
f 8270 8808 8809
f 8270 8809 8938
f 8939 8929 8940
f 8941 8857 8649
f 8941 8649 8648
f 8942 8860 8861
f 8942 8861 8943
f 8647 8779 8944
f 8943 8861 8866
f 8943 8866 8945
f 8946 8867 8868
f 8946 8868 8947
f 8930 8887 8878
f 8930 8878 8948
f 8949 8885 8886
f 8949 8886 8940
f 8950 8872 8862
f 8950 8862 8951
f 8952 8874 8875
f 8952 8875 8953
f 8954 8877 8871
f 8954 8871 8955
f 8956 8806 8807
f 8956 8807 8957
f 8404 8402 8413
f 8958 8820 8821
f 8958 8821 8959
f 8960 8888 8889
f 8960 8889 8961
f 8940 8929 8962
f 8940 8962 8669
f 8945 8893 8867
f 8945 8867 8946
f 8963 8804 8805
f 8963 8805 8964
f 8653 8655 8525
f 8653 8525 8539
f 8965 8822 8823
f 8965 8823 8966
f 8967 8824 8825
f 8967 8825 8968
f 8969 8826 8827
f 8969 8827 8970
f 8971 8828 8829
f 8971 8829 8972
f 8973 8830 8831
f 8973 8831 8974
f 8975 8832 8833
f 8975 8833 8976
f 8977 8834 8835
f 8977 8835 8978
f 8979 8836 8837
f 8979 8837 8980
f 8981 8838 8839
f 8981 8839 8982
f 8983 8840 8841
f 8983 8841 8984
f 8951 8862 8863
f 8951 8863 8985
f 8948 8873 8860
f 8948 8860 8942
f 8520 8519 8647
f 8520 8647 8944
f 8884 8986 8987
f 8884 8987 8988
f 8955 8871 8872
f 8955 8872 8950
f 8989 8985 8863
f 8989 8863 8941
f 8990 8897 8898
f 8990 8898 8991
f 8957 8807 8804
f 8957 8804 8963
f 8992 8900 8899
f 8992 8899 8993
f 8994 8901 8900
f 8994 8900 8992
f 8995 8902 8901
f 8995 8901 8994
f 8996 8903 8902
f 8996 8902 8995
f 8997 8904 8903
f 8997 8903 8996
f 8998 8905 8904
f 8998 8904 8997
f 8999 8906 8905
f 8999 8905 8998
f 9000 8907 8906
f 9000 8906 8999
f 9001 8908 8907
f 9001 8907 9000
f 9002 8909 8908
f 9002 8908 9001
f 9003 8910 8909
f 9003 8909 9002
f 9004 8911 8910
f 9004 8910 9003
f 9005 8912 8911
f 9005 8911 9004
f 8652 8913 8912
f 8652 8912 9005
f 8651 8914 8913
f 8651 8913 8652
f 8666 8915 8914
f 8666 8914 8651
f 9006 8916 8915
f 9006 8915 8666
f 8855 8854 9007
f 8855 9007 8856
f 8853 9008 9007
f 8853 9007 8854
f 9009 8919 8918
f 9009 8918 9010
f 9011 8271 8956
f 9011 8956 8957
f 8938 8809 8806
f 8938 8806 8956
f 8273 8811 8808
f 8273 8808 8270
f 8936 8813 8810
f 8936 8810 8937
f 8934 8815 8812
f 8934 8812 8935
f 8932 8817 8814
f 8932 8814 8933
f 8928 8819 8816
f 8928 8816 8931
f 8959 8821 8818
f 8959 8818 8927
f 8966 8823 8820
f 8966 8820 8958
f 8968 8825 8822
f 8968 8822 8965
f 8970 8827 8824
f 8970 8824 8967
f 8972 8829 8826
f 8972 8826 8969
f 8974 8831 8828
f 8974 8828 8971
f 8976 8833 8830
f 8976 8830 8973
f 8978 8835 8832
f 8978 8832 8975
f 8980 8837 8834
f 8980 8834 8977
f 8982 8839 8836
f 8982 8836 8979
f 8270 8938 8956
f 8270 8956 8271
f 8984 8841 8838
f 8984 8838 8981
f 9012 8843 8842
f 9012 8842 9013
f 9014 8844 8843
f 9014 8843 9012
f 9015 8845 8844
f 9015 8844 9014
f 9016 8846 8845
f 9016 8845 9015
f 9017 8847 8846
f 9017 8846 9016
f 8407 8848 8847
f 8407 8847 9017
f 8406 8849 8848
f 8406 8848 8407
f 8537 8850 8849
f 8537 8849 8406
f 9018 8851 8850
f 9018 8850 8537
f 9019 8852 8851
f 9019 8851 9018
f 9020 9021 9022
f 8779 8655 8653
f 8779 8653 8944
f 8993 8899 8897
f 8993 8897 8990
f 9013 8842 8840
f 9013 8840 8983
f 8964 8805 8894
f 8964 8894 9023
f 9024 8958 8959
f 9024 8959 9020
f 9025 8933 8934
f 9025 8934 9026
f 9027 8983 8984
f 9027 8984 9028
f 9028 8981 8982
f 9028 8982 9029
f 9022 9021 9030
f 9022 9030 9031
f 8719 8718 8717
f 8719 8717 8894
f 9032 9033 9034
f 9035 8977 8978
f 9035 8978 9036
f 9034 9033 9037
f 9034 9037 8925
f 9032 8973 8974
f 9032 8974 9033
f 9035 9036 9038
f 9039 8969 8970
f 9039 8970 9040
f 9041 8967 8968
f 9041 8968 8986
f 9038 9036 9042
f 9038 9042 9043
f 8884 8926 9041
f 8884 9041 8986
f 8793 8133 9019
f 8793 9019 8536
f 9025 9026 9044
f 8940 8886 8802
f 8940 8802 8939
f 9045 8943 8945
f 9045 8945 9046
f 8953 8875 8864
f 8953 8864 9047
f 8523 8522 8539
f 9048 8946 8947
f 9048 8947 9049
f 9050 8937 8273
f 9050 8273 8272
f 9051 8930 8948
f 9051 8948 9052
f 8961 8889 8869
f 8961 8869 9053
f 8675 8949 8940
f 8675 8940 8669
f 9044 9026 9054
f 9044 9054 9055
f 8527 8534 8664
f 9039 9040 9041
f 9039 9041 8926
f 9011 8957 8963
f 9011 8963 9056
f 8991 8898 8888
f 8991 8888 8960
f 9049 8947 8954
f 9049 8954 9057
f 8954 8955 9057
f 9020 8927 8928
f 9020 8928 9021
f 9046 8945 8946
f 9046 8946 9048
f 9056 8963 8964
f 9056 8964 9058
f 9059 9060 9061
f 9059 9061 9062
f 9057 8955 8950
f 9057 8950 9063
f 8674 8952 8953
f 8674 8953 8675
f 9063 8950 8951
f 9063 8951 9064
f 9052 8942 8943
f 9052 8943 9045
f 8989 8941 8648
f 8989 8648 8794
f 9058 9023 9065
f 9058 9065 9066
f 9064 8951 8985
f 9064 8985 9067
f 9021 8928 8931
f 9021 8931 9030
f 9068 8990 8991
f 9068 8991 9069
f 9070 8995 8994
f 9070 8994 9071
f 9072 8996 8995
f 9072 8995 9070
f 9073 8997 8996
f 9073 8996 9072
f 9074 8998 8997
f 9074 8997 9073
f 9075 8999 8998
f 9075 8998 9074
f 9076 9000 8999
f 9076 8999 9075
f 9077 9001 9000
f 9077 9000 9076
f 9078 9002 9001
f 9078 9001 9077
f 9079 9003 9002
f 9079 9002 9078
f 9080 9004 9003
f 9080 9003 9079
f 9081 9005 9004
f 9081 9004 9080
f 8650 8652 9005
f 8650 9005 9081
f 8931 8932 9030
f 9082 9015 9014
f 9082 9014 9083
f 9084 9016 9015
f 9084 9015 9082
f 9085 9017 9016
f 9085 9016 9084
f 8405 8407 9017
f 8405 9017 9085
f 9030 8932 8933
f 9030 8933 9025
f 9067 8985 8989
f 9067 8989 9086
f 9083 9013 8983
f 9083 8983 9027
f 8935 8936 9054
f 9071 8994 8992
f 9071 8992 9068
f 8962 8929 8930
f 8962 8930 9051
f 9054 8936 8937
f 9054 8937 9050
f 9087 9060 9059
f 9087 9059 9088
f 8965 8966 8987
f 9007 8132 8134
f 9007 8134 8856
f 8987 8966 8958
f 8987 8958 9024
f 8971 8972 9037
f 9031 9030 9025
f 9031 9025 9044
f 9037 8972 8969
f 9037 8969 9039
f 9089 9048 9049
f 9089 9049 9090
f 9026 8934 8935
f 9026 8935 9054
f 8961 8674 9091
f 8961 9091 8960
f 9092 8665 8650
f 9092 8650 9093
f 8975 8976 9042
f 9042 8976 8973
f 9042 8973 9032
f 9094 9052 9045
f 9094 9045 9095
f 9086 8793 8536
f 9086 8536 9096
f 9097 9064 9067
f 9097 9067 9098
f 8979 8980 9099
f 9100 9024 9020
f 9100 9020 9022
f 9101 9011 9056
f 9101 9056 9102
f 8890 9071 9068
f 8890 9068 8891
f 9096 8536 8405
f 9096 8405 9103
f 9104 9066 8665
f 9104 8665 9092
f 9055 9054 9050
f 9055 9050 9105
f 9099 8980 8977
f 9099 8977 9035
f 9106 9051 9052
f 9106 9052 9094
f 9102 9056 9058
f 9102 9058 9104
f 8869 8870 9053
f 9053 8870 8874
f 9053 8874 8952
f 9043 9042 9032
f 9043 9032 9034
f 8864 8865 9047
f 9105 9050 8272
f 9105 8272 9101
f 8895 9069 9091
f 8895 9091 9107
f 9108 9083 9027
f 9108 9027 9109
f 9047 8865 8885
f 9047 8885 8949
f 9090 9049 9057
f 9090 9057 9110
f 8925 9037 9039
f 8925 9039 8926
f 8667 8669 8962
f 8667 8962 9106
f 9107 9091 8674
f 9107 8674 8668
f 8802 8803 8939
f 8988 8987 9024
f 8988 9024 9100
f 8664 8542 8782
f 9095 9046 9048
f 9095 9048 9089
f 9110 9057 9063
f 9110 9063 9111
f 8986 8968 8965
f 8986 8965 8987
f 9040 8970 8967
f 9040 8967 9041
f 8939 8803 8924
f 8939 8924 8929
f 9033 8974 8971
f 9033 8971 9037
f 9111 9063 9064
f 9111 9064 9097
f 9036 8978 8975
f 9036 8975 9042
f 9029 8982 8979
f 9029 8979 9099
f 9112 9099 9035
f 9112 9035 9038
f 8891 9068 9069
f 8891 9069 8895
f 9113 9073 9072
f 9113 9072 9114
f 9115 9075 9074
f 9115 9074 9116
f 8868 8876 8947
f 8947 8876 8877
f 8947 8877 8954
f 9114 9072 9070
f 9114 9070 8890
f 9096 9098 9067
f 9096 9067 9086
f 9117 9044 9055
f 9117 9055 9118
f 8894 8923 9023
f 8800 9089 9090
f 8800 9090 8858
f 9023 8923 8922
f 9023 8922 9065
f 9087 9112 9038
f 9087 9038 9060
f 9061 9043 9034
f 9061 9034 9119
f 9116 9074 9073
f 9116 9073 9113
f 9120 9103 9108
f 9120 9108 9088
f 9121 9006 8666
f 9121 8666 8665
f 8795 9122 8863
f 9123 9097 9098
f 9123 9098 9120
f 8858 9110 9111
f 8858 9111 9124
f 8879 9092 9093
f 8879 9093 8880
f 9125 8668 8667
f 9125 8667 9126
f 8863 9122 8857
f 8863 8857 8941
f 8880 9093 9115
f 8880 9115 9127
f 9128 9100 9022
f 9128 9022 9129
f 9129 9031 9044
f 9129 9044 9117
f 9120 9098 9096
f 9120 9096 9103
f 9019 9018 8537
f 9019 8537 8536
f 9118 9055 9105
f 9118 9105 9130
f 8784 8789 8868
f 8868 8789 8791
f 8868 8791 8876
f 9119 9034 8925
f 9119 8925 8883
f 9088 9108 9109
f 9088 9109 9087
f 8797 8798 8924
f 9126 9094 9095
f 9126 9095 8799
f 8896 8895 9107
f 8896 9107 9125
f 8924 8798 8676
f 8924 8676 8887
f 8799 9095 9089
f 8799 9089 8800
f 8882 8884 8988
f 8882 8988 9131
f 9083 9014 9012
f 9083 9012 9013
f 8992 8993 8990
f 8992 8990 9068
f 8792 8796 8877
f 9130 9105 9101
f 9130 9101 9132
f 8655 8779 8795
f 9060 9038 9043
f 9060 9043 9061
f 9127 9113 9114
f 9127 9114 9133
f 9131 8988 9100
f 9131 9100 9128
f 8272 8271 9011
f 8272 9011 9101
f 9134 9132 8879
f 9134 8879 8881
f 9135 9126 8799
f 9135 8799 8801
f 9123 9120 9088
f 9123 9088 9059
f 8795 8779 8778
f 8795 8778 9122
f 8541 8661 8677
f 9136 8896 9125
f 9136 9125 9137
f 8677 8661 8673
f 8677 8673 8790
f 8413 8528 8670
f 8670 8528 8529
f 8670 8529 8658
f 8859 8858 9124
f 8859 9124 9138
f 8952 8674 8961
f 8952 8961 9053
f 8520 8944 8653
f 8520 8653 8521
f 8125 8266 8262
f 8262 8266 8260
f 8262 8260 8394
f 7994 7990 8129
f 9139 9128 9129
f 9139 9129 9140
f 9141 9117 9118
f 9141 9118 9142
f 9142 9118 9130
f 9142 9130 9134
f 8918 9006 9121
f 8918 9121 9010
f 8129 7990 7991
f 8129 7991 8131
f 8916 9006 8918
f 8916 8918 8917
f 9143 9144 9145
f 9143 9145 9146
f 9126 8667 9106
f 9126 9106 9094
f 8393 8523 8396
f 9140 9129 9117
f 9140 9117 9141
f 8262 8394 8393
f 8262 8393 8396
f 9147 9148 9149
f 9147 9149 9150
f 8866 8893 8945
f 9151 9152 9149
f 9151 9149 9148
f 8878 8873 8948
f 9112 9109 9029
f 9112 9029 9099
f 9027 9028 9029
f 9027 9029 9109
f 9152 9135 8801
f 9152 8801 8859
f 9137 9135 9152
f 9137 9152 9151
f 9139 8882 9131
f 9139 9131 9128
f 9150 9153 9139
f 9150 9139 9147
f 9138 9059 9062
f 9138 9062 9149
f 8883 8882 9139
f 8883 9139 9153
f 8879 9102 9104
f 8879 9104 9092
f 9101 9102 8879
f 9101 8879 9132
f 8880 9144 9143
f 8880 9143 8881
f 8991 8960 9091
f 8991 9091 9069
f 8989 8794 8793
f 8989 8793 9086
f 9152 8859 9138
f 9152 9138 9149
f 9061 9119 9154
f 9061 9154 9062
f 9147 9139 9140
f 9147 9140 9155
f 8984 8981 9028
f 9119 8883 9153
f 9119 9153 9154
f 9007 9008 8132
f 9156 9141 9142
f 9156 9142 9143
f 9136 9137 9151
f 9136 9151 9145
f 9138 9124 9123
f 9138 9123 9059
f 9124 9111 9097
f 9124 9097 9123
f 8959 8927 9020
f 9155 9140 9141
f 9155 9141 9156
f 9137 9125 9126
f 9137 9126 9135
f 9136 9133 8892
f 9136 8892 8896
f 9144 9133 9136
f 9144 9136 9145
f 9146 9145 9151
f 9146 9151 9148
f 8964 9023 9058
f 8948 8942 9052
f 9081 9078 9093
f 9081 9093 8650
f 9079 9078 9081
f 9079 9081 9080
f 9115 9116 9113
f 9115 9113 9127
f 9084 9108 9103
f 9084 9103 9085
f 8962 9051 9106
f 9083 9108 9084
f 9083 9084 9082
f 9077 9115 9093
f 9077 9093 9078
f 9143 9142 9134
f 9143 9134 8881
f 8405 9085 9103
f 9155 9156 9143
f 9155 9143 9146
f 9075 9115 9077
f 9075 9077 9076
f 9121 9065 9009
f 9121 9009 9010
f 9066 9065 9121
f 9066 9121 8665
f 9045 9046 9095
f 9058 9066 9104
f 9070 9071 8890
f 9008 9019 8133
f 9008 8133 8132
f 8852 9019 9008
f 8852 9008 8853
f 8921 9009 9065
f 8921 9065 8922
f 8919 9009 8921
f 8919 8921 8920
f 9150 9149 9062
f 9150 9062 9154
f 8777 8857 9122
f 8777 9122 8778
f 8880 9127 9133
f 8880 9133 9144
f 8775 8857 8777
f 8775 8777 8776
f 9114 8890 8892
f 9114 8892 9133
f 9148 9147 9155
f 9148 9155 9146
f 9047 8949 8675
f 9047 8675 8953
f 9090 9110 8858
f 9107 8668 9125
f 9109 9112 9087
f 9022 9031 9129
f 9130 9132 9134
f 9153 9150 9154
# </faces>
