/*--------------------------------*- C++ -*----------------------------------*\
| =========                 |                                                 |
| \\      /  F ield         | OpenFOAM: The Open Source CFD Toolbox           |
|  \\    /   O peration     | Version:  2506                                  |
|   \\  /    A nd           | Website:  www.openfoam.com                      |
|    \\/     M anipulation  |                                                 |
\*---------------------------------------------------------------------------*/
FoamFile
{
    version     2.0;
    format      ascii;
    arch        "LSB;label=32;scalar=64";
    note        "nPoints:18663  nCells:14720  nFaces:48084  nInternalFaces:42632";
    class       labelList;
    location    "constant/cap/polyMesh";
    object      neighbour;
}
// * * * * * * * * * * * * * * * * * * * * * * * * * * * * * * * * * * * * * //


42632
(
3851
5546
5547
5549
3855
5546
5553
5554
5556
3859
5524
5553
5560
5561
5563
3863
5528
5560
5567
5568
5570
3867
5532
5567
5574
5575
5577
3871
5536
5574
5581
5582
5584
3875
5540
5581
5588
5589
5591
3879
5588
5595
5596
5598
3886
5608
5609
5611
3890
5542
5608
5615
5616
5618
3894
5547
5615
12788
12789
12791
4498
5554
12788
12795
12796
12798
4502
5561
12795
12802
12803
12805
4506
5568
12802
12809
12810
12812
4510
5575
12809
12816
12817
12819
4514
5582
12816
12823
12824
12826
4518
5589
12823
12830
12831
12833
3898
5596
12830
12837
12838
12840
3902
5602
5622
5623
5625
12837
3906
5622
5629
5630
5632
3912
5640
5641
5643
3916
5609
5640
12844
12845
12847
4522
5616
12844
12851
12852
12854
4526
12789
12851
12858
12859
12861
4530
12796
12858
12865
12866
12868
4534
12803
12865
12872
12873
12875
4538
12810
12872
12879
12880
12882
4542
12817
12879
12886
12887
12889
4546
12824
12886
12893
12894
12896
4550
12831
12893
12900
12901
12903
4554
12838
12900
12907
12908
12910
4558
5623
12907
12914
12915
12917
3920
5630
12914
12921
12922
12924
3924
5636
5647
5648
5650
12921
3930
5658
5659
5661
3934
5641
5658
12928
12929
12931
4562
12845
12928
12935
12936
12938
4566
12852
12935
12942
12943
12945
4570
12859
12942
12949
12950
12952
4574
12866
12949
12956
12957
12959
4578
12873
12956
12963
12964
12966
4582
12880
12963
12970
12971
12973
4586
12887
12970
12977
12978
12980
4590
12894
12977
12984
12985
12987
4594
12901
12984
12991
12992
12994
4598
12908
12991
12998
12999
13001
4602
12915
12998
13005
13006
13008
4606
12922
13005
13012
13013
13015
3938
5648
13012
13019
13020
13022
3942
5654
5665
5666
5668
13019
3947
5674
5675
5677
3951
5659
5674
13026
13027
13029
4610
12929
13026
13033
13034
13036
4614
12936
13033
13040
13041
13043
4618
12943
13040
13047
13048
13050
4622
12950
13047
13054
13055
13057
4626
12957
13054
13061
13062
13064
4630
12964
13061
13068
13069
13071
4634
12971
13068
13075
13076
13078
4638
12978
13075
13082
13083
13085
4642
12985
13082
13089
13090
13092
4646
12992
13089
13096
13097
13099
4650
12999
13096
13103
13104
13106
4654
13006
13103
13110
13111
13113
4658
13013
13110
13117
13118
13120
4662
13020
13117
13124
13125
13127
3955
5666
13124
13131
13132
13134
3959
5672
5681
5682
5684
13131
3965
5675
5688
5692
5693
5695
4666
5692
13027
13138
13139
13141
4670
13034
13138
13145
13146
13148
4674
13041
13145
13152
13153
13155
4678
13048
13152
13159
13160
13162
4682
13055
13159
13166
13167
13169
4686
13062
13166
13173
13174
13176
4690
13069
13173
13180
13181
13183
4694
13076
13180
13187
13188
13190
4698
13083
13187
13194
13195
13197
4702
13090
13194
13201
13202
13204
4706
13097
13201
13208
13209
13211
4710
13104
13208
13215
13216
13218
4714
13111
13215
13222
13223
13225
4718
13118
13222
13229
13230
13232
4722
13125
13229
13236
13237
13239
4726
13132
13236
13243
13244
13246
3969
5682
5699
5700
5702
13243
3973
5699
5706
5707
3975
5709
5710
5712
3979
5693
5709
13250
13251
13253
4730
13139
13250
13257
13258
13260
4734
13146
13257
13264
13265
13267
4738
13153
13264
13271
13272
13274
4742
13160
13271
13278
13279
13281
4746
13167
13278
13285
13286
13288
4750
13174
13285
13292
13293
13295
4754
13181
13292
13299
13300
13302
4758
13188
13299
13306
13307
13309
4762
13195
13306
13313
13314
13316
4766
13202
13313
13320
13321
13323
4770
13209
13320
13327
13328
13330
4774
13216
13327
13334
13335
13337
4778
13223
13334
13341
13342
13344
4782
13230
13341
13348
13349
13351
4786
13237
13348
13355
13356
13358
4790
13244
13355
13362
13363
13365
3983
5700
13362
13369
13370
13372
3987
5706
5716
5717
5719
13369
3992
5710
5725
5726
5728
4794
5725
13251
13376
13377
13379
4798
13258
13376
13383
13384
13386
4802
13265
13383
13390
13391
13393
4806
13272
13390
13397
13398
13400
4810
13279
13397
13404
13405
13407
4814
13286
13404
13411
13412
13414
4818
13293
13411
13418
13419
13421
4822
13300
13418
13425
13426
13428
4826
13307
13425
13432
13433
13435
4830
13314
13432
13439
13440
13442
4834
13321
13439
13446
13447
13449
4838
13328
13446
13453
13454
13456
4842
13335
13453
13460
13461
13463
4846
13342
13460
13467
13468
13470
4850
13349
13467
13474
13475
13477
4854
13356
13474
13481
13482
13484
4858
13363
13481
13488
13489
13491
4862
13370
13488
13495
13496
13498
3996
5717
5732
5733
5735
13495
4003
5726
5741
5745
5746
5748
4866
5745
13377
13502
13503
13505
4870
13384
13502
13509
13510
13512
4874
13391
13509
13516
13517
13519
4878
13398
13516
13523
13524
13526
4882
13405
13523
13530
13531
13533
4886
13412
13530
13537
13538
13540
4890
13419
13537
13544
13545
13547
4894
13426
13544
13551
13552
13554
4898
13433
13551
13558
13559
13561
4902
13440
13558
13565
13566
13568
4906
13447
13565
13572
13573
13575
4910
13454
13572
13579
13580
13582
4914
13461
13579
13586
13587
13589
4918
13468
13586
13593
13594
13596
4922
13475
13593
13600
13601
13603
4926
13482
13600
13607
13608
13610
4930
13489
13607
13614
13615
13617
4934
13496
13614
13621
13622
13624
4007
5733
5752
5753
5755
13621
4011
5739
5752
5759
5760
4015
5746
5762
5766
5767
5769
4938
5766
13503
13628
13629
13631
4942
13510
13628
13635
13636
13638
4946
13517
13635
13642
13643
13645
4950
13524
13642
13649
13650
13652
4954
13531
13649
13656
13657
13659
4958
13538
13656
13663
13664
13666
4962
13545
13663
13670
13671
13673
4966
13552
13670
13677
13678
13680
4970
13559
13677
13684
13685
13687
4974
13566
13684
13691
13692
13694
4978
13573
13691
13698
13699
13701
4982
13580
13698
13705
13706
13708
4986
13587
13705
13712
13713
13715
4990
13594
13712
13719
13720
13722
4994
13601
13719
13726
13727
13729
4998
13608
13726
13733
13734
13736
5002
13615
13733
13740
13741
13743
5006
13622
13740
13747
13748
13750
4019
5753
5773
5774
5776
13747
4023
5759
5773
5780
5781
4027
5767
5783
5787
5788
5790
5010
5787
13629
13754
13755
13757
5014
13636
13754
13761
13762
13764
5018
13643
13761
13768
13769
13771
5022
13650
13768
13775
13776
13778
5026
13657
13775
13782
13783
13785
5030
13664
13782
13789
13790
13792
5034
13671
13789
13796
13797
13799
5038
13678
13796
13803
13804
13806
5042
13685
13803
13810
13811
13813
5046
13692
13810
13817
13818
13820
5050
13699
13817
13824
13825
13827
5054
13706
13824
13831
13832
13834
5058
13713
13831
13838
13839
13841
5062
13720
13838
13845
13846
13848
5066
13727
13845
13852
13853
13855
5070
13734
13852
13859
13860
13862
5074
13741
13859
13866
13867
13869
5078
13748
13866
13873
13874
13876
4031
5774
5794
5795
5797
13873
4035
5780
5794
5801
5802
4039
5788
5804
5808
5809
5811
5082
5808
13755
13880
13881
13883
5086
13762
13880
13887
13888
13890
5090
13769
13887
13894
13895
13897
5094
13776
13894
13901
13902
13904
5098
13783
13901
13908
13909
13911
5102
13790
13908
13915
13916
13918
5106
13797
13915
13922
13923
13925
5110
13804
13922
13929
13930
13932
5114
13811
13929
13936
13937
13939
5118
13818
13936
13943
13944
13946
5122
13825
13943
13950
13951
13953
5126
13832
13950
13957
13958
13960
5130
13839
13957
13964
13965
13967
5134
13846
13964
13971
13972
13974
5138
13853
13971
13978
13979
13981
5142
13860
13978
13985
13986
13988
5146
13867
13985
13992
13993
13995
5150
13874
13992
13999
14000
14002
4043
5795
5815
5816
5818
13999
4047
5801
5815
5822
5823
4050
5809
5825
5827
5828
5830
5154
5827
13881
14006
14007
14009
5158
13888
14006
14013
14014
14016
5162
13895
14013
14020
14021
14023
5166
13902
14020
14027
14028
14030
5170
13909
14027
14034
14035
14037
5174
13916
14034
14041
14042
14044
5178
13923
14041
14048
14049
14051
5182
13930
14048
14055
14056
14058
5186
13937
14055
14062
14063
14065
5190
13944
14062
14069
14070
14072
5194
13951
14069
14076
14077
14079
5198
13958
14076
14083
14084
14086
5202
13965
14083
14090
14091
14093
5206
13972
14090
14097
14098
14100
5210
13979
14097
14104
14105
14107
5214
13986
14104
14111
14112
14114
5218
13993
14111
14118
14119
14121
5222
14000
14118
14125
14126
14128
4054
5816
5834
5835
5837
14125
4058
5822
5834
5841
4059
5828
5842
5843
5845
4063
5842
14007
14132
14133
14135
5226
14014
14132
14139
14140
14142
5230
14021
14139
14146
14147
14149
5234
14028
14146
14153
14154
14156
5238
14035
14153
14160
14161
14163
5242
14042
14160
14167
14168
14170
5246
14049
14167
14174
14175
14177
5250
14056
14174
14181
14182
14184
5254
14063
14181
14188
14189
14191
5258
14070
14188
14195
14196
14198
5262
14077
14195
14202
14203
14205
5266
14084
14202
14209
14210
14212
5270
14091
14209
14216
14217
14219
5274
14098
14216
14223
14224
14226
5278
14105
14223
14230
14231
14233
5282
14112
14230
14237
14238
14240
5286
14119
14237
14244
14245
14247
4067
14126
14244
14251
14252
14254
4071
5835
5849
5850
5852
14251
4077
5856
5860
5861
5863
14133
5290
5860
14140
14258
14259
14261
5294
14147
14258
14265
14266
14268
5298
14154
14265
14272
14273
14275
5302
14161
14272
14279
14280
14282
5306
14168
14279
14286
14287
14289
5310
14175
14286
14293
14294
14296
5314
14182
14293
14300
14301
14303
5318
14189
14300
14307
14308
14310
5322
14196
14307
14314
14315
14317
5326
14203
14314
14321
14322
14324
5330
14210
14321
14328
14329
14331
5334
14217
14328
14335
14336
14338
5338
14224
14335
14342
14343
14345
5342
14231
14342
14349
14350
14352
5346
14238
14349
14356
14357
14359
5350
14245
14356
14363
14364
14366
4081
5867
5868
5870
14252
14363
4085
5850
5867
5874
5875
4087
5861
5877
5878
5880
4091
5877
14259
14370
14371
14373
5354
14266
14370
14377
14378
14380
5358
14273
14377
14384
14385
14387
5362
14280
14384
14391
14392
14394
5366
14287
14391
14398
14399
14401
5370
14294
14398
14405
14406
14408
5374
14301
14405
14412
14413
14415
5378
14308
14412
14419
14420
14422
5382
14315
14419
14426
14427
14429
5386
14322
14426
14433
14434
14436
5390
14329
14433
14440
14441
14443
5394
14336
14440
14447
14448
14450
5398
14343
14447
14454
14455
14457
5402
14350
14454
14461
14462
14464
5406
14357
14461
14468
14469
14471
4095
14364
14468
14475
14476
14478
4099
5868
5884
5885
5887
14475
4104
5891
5893
5894
5896
14371
4108
5893
14378
14482
14483
14485
5410
14385
14482
14489
14490
14492
5414
14392
14489
14496
14497
14499
5418
14399
14496
14503
14504
14506
5422
14406
14503
14510
14511
14513
5426
14413
14510
14517
14518
14520
5430
14420
14517
14524
14525
14527
5434
14427
14524
14531
14532
14534
5438
14434
14531
14538
14539
14541
5442
14441
14538
14545
14546
14548
5446
14448
14545
14552
14553
14555
5450
14455
14552
14559
14560
14562
5454
14462
14559
14566
14567
14569
4112
14469
14566
14573
14574
14576
4116
5900
5901
5903
14476
14573
4120
5885
5900
5907
4122
5908
5910
5911
5913
14483
4126
5910
14490
14580
14581
14583
5458
14497
14580
14587
14588
14590
5462
14504
14587
14594
14595
14597
5466
14511
14594
14601
14602
14604
5470
14518
14601
14608
14609
14611
5474
14525
14608
14615
14616
14618
5478
14532
14615
14622
14623
14625
5482
14539
14622
14629
14630
14632
5486
14546
14629
14636
14637
14639
5490
14553
14636
14643
14644
14646
5494
14560
14643
14650
14651
14653
4130
14567
14650
14657
14658
14660
4134
5917
5918
5920
14574
14657
4138
5901
5917
5924
4140
5925
5927
5928
5930
14581
4144
5927
5934
5935
5937
14588
4148
5934
14595
14664
14665
14667
5498
14602
14664
14671
14672
14674
5502
14609
14671
14678
14679
14681
5506
14616
14678
14685
14686
14688
5510
14623
14685
14692
14693
14695
5514
14630
14692
14699
14700
14702
5518
14637
14699
14706
14707
14709
4152
14644
14706
14713
14714
14716
4156
5941
5942
5944
14651
14713
4160
5941
5948
5949
5951
14658
4164
5918
5948
5955
4165
5935
5956
5957
4167
5956
5959
5960
5962
14665
4171
5959
5966
5967
5969
14672
4175
5966
5973
5974
5976
14679
4179
5973
5980
5981
5983
14686
4183
5980
5987
5988
5990
14693
4187
5987
5994
5995
5997
14700
4191
5994
6001
6002
6004
14707
4195
6001
6008
6009
6011
14714
4199
5942
6008
6015
6016
4202
5974
6018
6020
6021
4204
5981
6020
6023
6024
4206
5988
6023
6026
6027
4208
5995
6026
6029
6030
4210
6002
6029
6032
5549
6057
6058
6060
5556
6057
6064
6065
6067
5563
6035
6064
6071
6072
6074
5570
6039
6071
6078
6079
6081
5577
6043
6078
6085
6086
6088
5584
6047
6085
6092
6093
6095
5591
6051
6092
6099
6100
6102
5598
6099
6106
6107
6109
5611
6119
6120
6122
5618
6053
6119
6126
6127
6129
360
372
708
6058
6059
6062
6063
6126
6128
6130
6132
12791
12792
12793
12794
361
373
709
6065
6066
6069
6070
12798
12799
12800
12801
362
374
710
6072
6073
6076
6077
12805
12806
12807
12808
363
375
711
6079
6080
6083
6084
12812
12813
12814
12815
364
376
712
6086
6087
6090
6091
12819
12820
12821
12822
365
377
713
6093
6094
6097
6098
12826
12827
12828
12829
366
378
714
6100
6101
6104
6105
12833
12834
12835
12836
367
379
715
6107
6108
6111
6112
6134
6136
6138
12840
12841
12842
12843
5625
6113
6133
6134
6136
5632
6133
6140
6141
6143
5643
6151
6152
6154
371
385
719
6120
6121
6124
6125
6151
6153
6155
6157
12847
12848
12849
12850
372
386
720
6127
6128
6131
6132
12854
12855
12856
12857
373
387
721
12861
12862
12863
12864
374
388
722
12868
12869
12870
12871
375
389
723
12875
12876
12877
12878
376
390
724
12882
12883
12884
12885
377
391
725
12889
12890
12891
12892
378
392
726
12896
12897
12898
12899
379
393
727
12903
12904
12905
12906
380
394
728
12910
12911
12912
12913
381
395
729
6134
6135
6138
6139
12917
12918
12919
12920
382
396
730
6141
6142
6145
6146
6159
6161
6163
12924
12925
12926
12927
5650
6147
6158
6159
6161
5661
6169
6170
6172
385
401
733
6152
6153
6156
6157
6169
6171
6173
6175
12931
12932
12933
12934
386
402
734
12938
12939
12940
12941
387
403
735
12945
12946
12947
12948
388
404
736
12952
12953
12954
12955
389
405
737
12959
12960
12961
12962
390
406
738
12966
12967
12968
12969
391
407
739
12973
12974
12975
12976
392
408
740
12980
12981
12982
12983
393
409
741
12987
12988
12989
12990
394
410
742
12994
12995
12996
12997
395
411
743
13001
13002
13003
13004
396
412
744
13008
13009
13010
13011
397
413
745
13015
13016
13017
13018
398
414
746
6159
6160
6163
6164
6177
6179
6181
13022
13023
13024
13025
5668
6165
6176
6177
6179
5677
6185
6186
6188
401
418
749
6170
6171
6174
6175
6185
6187
6189
6191
13029
13030
13031
13032
402
419
750
13036
13037
13038
13039
403
420
751
13043
13044
13045
13046
404
421
752
13050
13051
13052
13053
405
422
753
13057
13058
13059
13060
406
423
754
13064
13065
13066
13067
407
424
755
13071
13072
13073
13074
408
425
756
13078
13079
13080
13081
409
426
757
13085
13086
13087
13088
410
427
758
13092
13093
13094
13095
411
428
759
13099
13100
13101
13102
412
429
760
13106
13107
13108
13109
413
430
761
13113
13114
13115
13116
414
431
762
13120
13121
13122
13123
415
432
763
13127
13128
13129
13130
416
433
764
6177
6178
6181
6182
6193
6195
6197
13134
13135
13136
13137
5684
6183
6192
6193
6195
5695
6186
6199
6203
6204
6206
419
438
767
6203
6205
6207
6209
13141
13142
13143
13144
420
439
768
13148
13149
13150
13151
421
440
769
13155
13156
13157
13158
422
441
770
13162
13163
13164
13165
423
442
771
13169
13170
13171
13172
424
443
772
13176
13177
13178
13179
425
444
773
13183
13184
13185
13186
426
445
774
13190
13191
13192
13193
427
446
775
13197
13198
13199
13200
428
447
776
13204
13205
13206
13207
429
448
777
13211
13212
13213
13214
430
449
778
13218
13219
13220
13221
431
450
779
13225
13226
13227
13228
432
451
780
13232
13233
13234
13235
433
452
781
13239
13240
13241
13242
434
453
782
6211
6213
6215
13246
13247
13248
13249
5702
6193
6210
6211
6213
5707
6210
6217
6218
5712
6220
6221
6223
438
457
786
6204
6205
6208
6209
6220
6222
6224
6226
13253
13254
13255
13256
439
458
787
13260
13261
13262
13263
440
459
788
13267
13268
13269
13270
441
460
789
13274
13275
13276
13277
442
461
790
13281
13282
13283
13284
443
462
791
13288
13289
13290
13291
444
463
792
13295
13296
13297
13298
445
464
793
13302
13303
13304
13305
446
465
794
13309
13310
13311
13312
447
466
795
13316
13317
13318
13319
448
467
796
13323
13324
13325
13326
449
468
797
13330
13331
13332
13333
450
469
798
13337
13338
13339
13340
451
470
799
13344
13345
13346
13347
452
471
800
13351
13352
13353
13354
453
472
801
13358
13359
13360
13361
454
473
802
13365
13366
13367
13368
455
474
803
6211
6212
6215
6216
6228
6230
6232
13372
13373
13374
13375
5719
6217
6227
6228
6230
5728
6221
6236
6237
6239
458
477
806
6236
6238
6240
6242
13379
13380
13381
13382
459
478
807
13386
13387
13388
13389
460
479
808
13393
13394
13395
13396
461
480
809
13400
13401
13402
13403
462
481
810
13407
13408
13409
13410
463
482
811
13414
13415
13416
13417
464
483
812
13421
13422
13423
13424
465
484
813
13428
13429
13430
13431
466
485
814
13435
13436
13437
13438
467
486
815
13442
13443
13444
13445
468
487
816
13449
13450
13451
13452
469
488
817
13456
13457
13458
13459
470
489
818
13463
13464
13465
13466
471
490
819
13470
13471
13472
13473
472
491
820
13477
13478
13479
13480
473
492
821
13484
13485
13486
13487
474
493
822
13491
13492
13493
13494
475
494
823
6244
6246
6248
13498
13499
13500
13501
5735
6228
6243
6244
6246
5748
6237
6252
6256
6257
6259
478
498
826
6256
6258
6260
6262
13505
13506
13507
13508
479
499
827
13512
13513
13514
13515
480
500
828
13519
13520
13521
13522
481
501
829
13526
13527
13528
13529
482
502
830
13533
13534
13535
13536
483
503
831
13540
13541
13542
13543
484
504
832
13547
13548
13549
13550
485
505
833
13554
13555
13556
13557
486
506
834
13561
13562
13563
13564
487
507
835
13568
13569
13570
13571
488
508
836
13575
13576
13577
13578
489
509
837
13582
13583
13584
13585
490
510
838
13589
13590
13591
13592
491
511
839
13596
13597
13598
13599
492
512
840
13603
13604
13605
13606
493
513
841
13610
13611
13612
13613
494
514
842
13617
13618
13619
13620
495
515
843
6264
6266
6268
13624
13625
13626
13627
5755
6244
6263
6264
6266
5760
6250
6263
6270
6271
5769
6257
6273
6277
6278
6280
499
519
847
6277
6279
6281
6283
13631
13632
13633
13634
500
520
848
13638
13639
13640
13641
501
521
849
13645
13646
13647
13648
502
522
850
13652
13653
13654
13655
503
523
851
13659
13660
13661
13662
504
524
852
13666
13667
13668
13669
505
525
853
13673
13674
13675
13676
506
526
854
13680
13681
13682
13683
507
527
855
13687
13688
13689
13690
508
528
856
13694
13695
13696
13697
509
529
857
13701
13702
13703
13704
510
530
858
13708
13709
13710
13711
511
531
859
13715
13716
13717
13718
512
532
860
13722
13723
13724
13725
513
533
861
13729
13730
13731
13732
514
534
862
13736
13737
13738
13739
515
535
863
13743
13744
13745
13746
516
536
864
6285
6287
6289
13750
13751
13752
13753
5776
6264
6284
6285
6287
5781
6270
6284
6291
6292
5790
6278
6294
6298
6299
6301
520
540
868
6298
6300
6302
6304
13757
13758
13759
13760
521
541
869
13764
13765
13766
13767
522
542
870
13771
13772
13773
13774
523
543
871
13778
13779
13780
13781
524
544
872
13785
13786
13787
13788
525
545
873
13792
13793
13794
13795
526
546
874
13799
13800
13801
13802
527
547
875
13806
13807
13808
13809
528
548
876
13813
13814
13815
13816
529
549
877
13820
13821
13822
13823
530
550
878
13827
13828
13829
13830
531
551
879
13834
13835
13836
13837
532
552
880
13841
13842
13843
13844
533
553
881
13848
13849
13850
13851
534
554
882
13855
13856
13857
13858
535
555
883
13862
13863
13864
13865
536
556
884
13869
13870
13871
13872
537
557
885
6306
6308
6310
13876
13877
13878
13879
5797
6285
6305
6306
6308
5802
6291
6305
6312
6313
5811
6299
6315
6319
6320
6322
541
561
889
6319
6321
6323
6325
13883
13884
13885
13886
542
562
890
13890
13891
13892
13893
543
563
891
13897
13898
13899
13900
544
564
892
13904
13905
13906
13907
545
565
893
13911
13912
13913
13914
546
566
894
13918
13919
13920
13921
547
567
895
13925
13926
13927
13928
548
568
896
13932
13933
13934
13935
549
569
897
13939
13940
13941
13942
550
570
898
13946
13947
13948
13949
551
571
899
13953
13954
13955
13956
552
572
900
13960
13961
13962
13963
553
573
901
13967
13968
13969
13970
554
574
902
13974
13975
13976
13977
555
575
903
13981
13982
13983
13984
556
576
904
13988
13989
13990
13991
557
577
905
13995
13996
13997
13998
558
578
906
6327
6329
6331
14002
14003
14004
14005
5818
6306
6326
6327
6329
5823
6312
6326
6333
6334
5830
6320
6336
6338
6339
6341
562
582
910
6338
6340
6342
6344
14009
14010
14011
14012
563
583
911
14016
14017
14018
14019
564
584
912
14023
14024
14025
14026
565
585
913
14030
14031
14032
14033
566
586
914
14037
14038
14039
14040
567
587
915
14044
14045
14046
14047
568
588
916
14051
14052
14053
14054
569
589
917
14058
14059
14060
14061
570
590
918
14065
14066
14067
14068
571
591
919
14072
14073
14074
14075
572
592
920
14079
14080
14081
14082
573
593
921
14086
14087
14088
14089
574
594
922
14093
14094
14095
14096
575
595
923
14100
14101
14102
14103
576
596
924
14107
14108
14109
14110
577
597
925
14114
14115
14116
14117
578
598
926
14121
14122
14123
14124
579
599
927
6346
6348
6350
14128
14129
14130
14131
5837
6327
6345
6346
6348
5841
6333
6345
6352
5845
6339
6353
6354
6356
583
601
931
6353
6355
6357
6359
6371
6374
6375
14135
14136
14137
14138
584
602
932
14142
14143
14144
14145
585
603
933
14149
14150
14151
14152
586
604
934
14156
14157
14158
14159
587
605
935
14163
14164
14165
14166
588
606
936
14170
14171
14172
14173
589
607
937
14177
14178
14179
14180
590
608
938
14184
14185
14186
14187
591
609
939
14191
14192
14193
14194
592
610
940
14198
14199
14200
14201
593
611
941
14205
14206
14207
14208
594
612
942
14212
14213
14214
14215
595
613
943
14219
14220
14221
14222
596
614
944
14226
14227
14228
14229
597
615
945
14233
14234
14235
14236
598
616
946
14240
14241
14242
14243
599
617
947
14247
14248
14249
14250
600
618
948
6361
6363
6365
6378
6381
6382
14254
14255
14256
14257
5852
6346
6360
6361
6363
5863
6367
6371
6372
6374
603
621
951
6371
6373
6375
6377
14261
14262
14263
14264
604
622
952
14268
14269
14270
14271
605
623
953
14275
14276
14277
14278
606
624
954
14282
14283
14284
14285
607
625
955
14289
14290
14291
14292
608
626
956
14296
14297
14298
14299
609
627
957
14303
14304
14305
14306
610
628
958
14310
14311
14312
14313
611
629
959
14317
14318
14319
14320
612
630
960
14324
14325
14326
14327
613
631
961
14331
14332
14333
14334
614
632
962
14338
14339
14340
14341
615
633
963
14345
14346
14347
14348
616
634
964
14352
14353
14354
14355
617
635
965
14359
14360
14361
14362
618
636
966
6379
6381
6383
14366
14367
14368
14369
5870
6378
6379
6381
5875
6361
6378
6385
6386
5880
6372
6388
6389
6391
622
638
970
6388
6390
6392
6394
6404
6407
6408
14373
14374
14375
14376
623
639
971
14380
14381
14382
14383
624
640
972
14387
14388
14389
14390
625
641
973
14394
14395
14396
14397
626
642
974
14401
14402
14403
14404
627
643
975
14408
14409
14410
14411
628
644
976
14415
14416
14417
14418
629
645
977
14422
14423
14424
14425
630
646
978
14429
14430
14431
14432
631
647
979
14436
14437
14438
14439
632
648
980
14443
14444
14445
14446
633
649
981
14450
14451
14452
14453
634
650
982
14457
14458
14459
14460
635
651
983
14464
14465
14466
14467
636
652
984
14471
14472
14473
14474
637
653
985
6396
6398
6400
6411
6414
6415
14478
14479
14480
14481
5887
6379
6395
6396
6398
5896
6402
6404
6405
6407
640
655
988
6404
6406
6408
6410
6421
6424
6425
14485
14486
14487
14488
641
656
989
14492
14493
14494
14495
642
657
990
14499
14500
14501
14502
643
658
991
14506
14507
14508
14509
644
659
992
14513
14514
14515
14516
645
660
993
14520
14521
14522
14523
646
661
994
14527
14528
14529
14530
647
662
995
14534
14535
14536
14537
648
663
996
14541
14542
14543
14544
649
664
997
14548
14549
14550
14551
650
665
998
14555
14556
14557
14558
651
666
999
14562
14563
14564
14565
652
667
1000
14569
14570
14571
14572
653
668
1001
6412
6414
6416
6428
6431
6432
14576
14577
14578
14579
5903
6411
6412
6414
5907
6396
6411
6418
5913
6419
6421
6422
6424
657
670
1005
6421
6423
6425
6427
6438
6441
6442
14583
14584
14585
14586
658
671
1006
6445
6448
6449
14590
14591
14592
14593
659
672
1007
14597
14598
14599
14600
660
673
1008
14604
14605
14606
14607
661
674
1009
14611
14612
14613
14614
662
675
1010
14618
14619
14620
14621
663
676
1011
14625
14626
14627
14628
664
677
1012
14632
14633
14634
14635
665
678
1013
14639
14640
14641
14642
666
679
1014
14646
14647
14648
14649
667
680
1015
6452
6455
6456
14653
14654
14655
14656
668
681
1016
6429
6431
6433
6459
6462
6463
14660
14661
14662
14663
5920
6428
6429
6431
5924
6412
6428
6435
5930
6436
6438
6439
6441
5937
6438
6445
6446
6448
673
684
1021
6445
6447
6449
6451
6470
6473
6474
14667
14668
14669
14670
674
685
1022
6477
6480
6481
14674
14675
14676
14677
675
686
1023
6484
6487
6488
14681
14682
14683
14684
676
687
1024
6491
6494
6495
14688
14689
14690
14691
677
688
1025
6498
6501
6502
14695
14696
14697
14698
678
689
1026
6505
6508
6509
14702
14703
14704
14705
679
690
1027
6512
6515
6516
14709
14710
14711
14712
680
691
1028
6453
6455
6457
6519
6522
6523
14716
14717
14718
14719
5944
6452
6453
6455
5951
6452
6459
6460
6462
5955
6429
6459
6466
5957
6446
6467
6468
5962
6467
6470
6471
6473
5969
6470
6477
6478
6480
5976
6477
6484
6485
6487
5983
6484
6491
6492
6494
5990
6491
6498
6499
6501
5997
6498
6505
6506
6508
6004
6505
6512
6513
6515
6011
6512
6519
6520
6522
6016
6453
6519
6526
6527
6021
6485
6529
6531
6532
6024
6492
6531
6534
6535
6027
6499
6534
6537
6538
6030
6506
6537
6540
6541
6032
6513
6540
6543
6060
6568
6569
6571
6067
6568
6575
6576
6578
6074
6546
6575
6582
6583
6585
6081
6550
6582
6589
6590
6592
6088
6554
6589
6596
6597
6599
6095
6558
6596
6603
6604
6606
6102
6562
6603
6610
6611
6613
6109
6610
6617
6618
6620
6122
6630
6631
6633
6129
6564
6630
6637
6638
6640
709
721
1057
6569
6570
6573
6574
6637
6639
6641
6643
710
722
1058
6576
6577
6580
6581
711
723
1059
6583
6584
6587
6588
712
724
1060
6590
6591
6594
6595
713
725
1061
6597
6598
6601
6602
714
726
1062
6604
6605
6608
6609
715
727
1063
6611
6612
6615
6616
716
728
1064
6618
6619
6622
6623
6645
6647
6649
6136
6624
6644
6645
6647
6143
6644
6651
6652
6654
6154
6662
6663
6665
720
734
1068
6631
6632
6635
6636
6662
6664
6666
6668
721
735
1069
6638
6639
6642
6643
722
736
1070
723
737
1071
724
738
1072
725
739
1073
726
740
1074
727
741
1075
728
742
1076
729
743
1077
730
744
1078
6645
6646
6649
6650
731
745
1079
6652
6653
6656
6657
6670
6672
6674
6161
6658
6669
6670
6672
6172
6680
6681
6683
734
750
1082
6663
6664
6667
6668
6680
6682
6684
6686
735
751
1083
736
752
1084
737
753
1085
738
754
1086
739
755
1087
740
756
1088
741
757
1089
742
758
1090
743
759
1091
744
760
1092
745
761
1093
746
762
1094
747
763
1095
6670
6671
6674
6675
6688
6690
6692
6179
6676
6687
6688
6690
6188
6696
6697
6699
750
767
1098
6681
6682
6685
6686
6696
6698
6700
6702
751
768
1099
752
769
1100
753
770
1101
754
771
1102
755
772
1103
756
773
1104
757
774
1105
758
775
1106
759
776
1107
760
777
1108
761
778
1109
762
779
1110
763
780
1111
764
781
1112
765
782
1113
6688
6689
6692
6693
6704
6706
6708
6195
6694
6703
6704
6706
6206
6697
6710
6714
6715
6717
768
787
1116
6714
6716
6718
6720
769
788
1117
770
789
1118
771
790
1119
772
791
1120
773
792
1121
774
793
1122
775
794
1123
776
795
1124
777
796
1125
778
797
1126
779
798
1127
780
799
1128
781
800
1129
782
801
1130
783
802
1131
6722
6724
6726
6213
6704
6721
6722
6724
6218
6721
6728
6729
6223
6731
6732
6734
787
806
1135
6715
6716
6719
6720
6731
6733
6735
6737
788
807
1136
789
808
1137
790
809
1138
791
810
1139
792
811
1140
793
812
1141
794
813
1142
795
814
1143
796
815
1144
797
816
1145
798
817
1146
799
818
1147
800
819
1148
801
820
1149
802
821
1150
803
822
1151
804
823
1152
6722
6723
6726
6727
6739
6741
6743
6230
6728
6738
6739
6741
6239
6732
6747
6748
6750
807
826
1155
6747
6749
6751
6753
808
827
1156
809
828
1157
810
829
1158
811
830
1159
812
831
1160
813
832
1161
814
833
1162
815
834
1163
816
835
1164
817
836
1165
818
837
1166
819
838
1167
820
839
1168
821
840
1169
822
841
1170
823
842
1171
824
843
1172
6755
6757
6759
6246
6739
6754
6755
6757
6259
6748
6763
6767
6768
6770
827
847
1175
6767
6769
6771
6773
828
848
1176
829
849
1177
830
850
1178
831
851
1179
832
852
1180
833
853
1181
834
854
1182
835
855
1183
836
856
1184
837
857
1185
838
858
1186
839
859
1187
840
860
1188
841
861
1189
842
862
1190
843
863
1191
844
864
1192
6775
6777
6779
6266
6755
6774
6775
6777
6271
6761
6774
6781
6782
6280
6768
6784
6788
6789
6791
848
868
1196
6788
6790
6792
6794
849
869
1197
850
870
1198
851
871
1199
852
872
1200
853
873
1201
854
874
1202
855
875
1203
856
876
1204
857
877
1205
858
878
1206
859
879
1207
860
880
1208
861
881
1209
862
882
1210
863
883
1211
864
884
1212
865
885
1213
6796
6798
6800
6287
6775
6795
6796
6798
6292
6781
6795
6802
6803
6301
6789
6805
6809
6810
6812
869
889
1217
6809
6811
6813
6815
870
890
1218
871
891
1219
872
892
1220
873
893
1221
874
894
1222
875
895
1223
876
896
1224
877
897
1225
878
898
1226
879
899
1227
880
900
1228
881
901
1229
882
902
1230
883
903
1231
884
904
1232
885
905
1233
886
906
1234
6817
6819
6821
6308
6796
6816
6817
6819
6313
6802
6816
6823
6824
6322
6810
6826
6830
6831
6833
890
910
1238
6830
6832
6834
6836
891
911
1239
892
912
1240
893
913
1241
894
914
1242
895
915
1243
896
916
1244
897
917
1245
898
918
1246
899
919
1247
900
920
1248
901
921
1249
902
922
1250
903
923
1251
904
924
1252
905
925
1253
906
926
1254
907
927
1255
6838
6840
6842
6329
6817
6837
6838
6840
6334
6823
6837
6844
6845
6341
6831
6847
6849
6850
6852
911
931
1259
6849
6851
6853
6855
912
932
1260
913
933
1261
914
934
1262
915
935
1263
916
936
1264
917
937
1265
918
938
1266
919
939
1267
920
940
1268
921
941
1269
922
942
1270
923
943
1271
924
944
1272
925
945
1273
926
946
1274
927
947
1275
928
948
1276
6857
6859
6861
6348
6838
6856
6857
6859
6352
6844
6856
6863
6356
6850
6864
6865
6867
932
950
1280
6864
6866
6868
6870
6882
6885
6886
933
951
1281
934
952
1282
935
953
1283
936
954
1284
937
955
1285
938
956
1286
939
957
1287
940
958
1288
941
959
1289
942
960
1290
943
961
1291
944
962
1292
945
963
1293
946
964
1294
947
965
1295
948
966
1296
949
967
1297
6872
6874
6876
6889
6892
6893
6363
6857
6871
6872
6874
6374
6878
6882
6883
6885
952
970
1300
6882
6884
6886
6888
953
971
1301
954
972
1302
955
973
1303
956
974
1304
957
975
1305
958
976
1306
959
977
1307
960
978
1308
961
979
1309
962
980
1310
963
981
1311
964
982
1312
965
983
1313
966
984
1314
967
985
1315
6890
6892
6894
6381
6889
6890
6892
6386
6872
6889
6896
6897
6391
6883
6899
6900
6902
971
987
1319
6899
6901
6903
6905
6915
6918
6919
972
988
1320
973
989
1321
974
990
1322
975
991
1323
976
992
1324
977
993
1325
978
994
1326
979
995
1327
980
996
1328
981
997
1329
982
998
1330
983
999
1331
984
1000
1332
985
1001
1333
986
1002
1334
6907
6909
6911
6922
6925
6926
6398
6890
6906
6907
6909
6407
6913
6915
6916
6918
989
1004
1337
6915
6917
6919
6921
6932
6935
6936
990
1005
1338
991
1006
1339
992
1007
1340
993
1008
1341
994
1009
1342
995
1010
1343
996
1011
1344
997
1012
1345
998
1013
1346
999
1014
1347
1000
1015
1348
1001
1016
1349
1002
1017
1350
6923
6925
6927
6939
6942
6943
6414
6922
6923
6925
6418
6907
6922
6929
6424
6930
6932
6933
6935
1006
1019
1354
6932
6934
6936
6938
6949
6952
6953
1007
1020
1355
6956
6959
6960
1008
1021
1356
1009
1022
1357
1010
1023
1358
1011
1024
1359
1012
1025
1360
1013
1026
1361
1014
1027
1362
1015
1028
1363
1016
1029
1364
6963
6966
6967
1017
1030
1365
6940
6942
6944
6970
6973
6974
6431
6939
6940
6942
6435
6923
6939
6946
6441
6947
6949
6950
6952
6448
6949
6956
6957
6959
1022
1033
1370
6956
6958
6960
6962
6981
6984
6985
1023
1034
1371
6988
6991
6992
1024
1035
1372
6995
6998
6999
1025
1036
1373
7002
7005
7006
1026
1037
1374
7009
7012
7013
1027
1038
1375
7016
7019
7020
1028
1039
1376
7023
7026
7027
1029
1040
1377
6964
6966
6968
7030
7033
7034
6455
6963
6964
6966
6462
6963
6970
6971
6973
6466
6940
6970
6977
6468
6957
6978
6979
6473
6978
6981
6982
6984
6480
6981
6988
6989
6991
6487
6988
6995
6996
6998
6494
6995
7002
7003
7005
6501
7002
7009
7010
7012
6508
7009
7016
7017
7019
6515
7016
7023
7024
7026
6522
7023
7030
7031
7033
6527
6964
7030
7037
7038
6532
6996
7040
7042
7043
6535
7003
7042
7045
7046
6538
7010
7045
7048
7049
6541
7017
7048
7051
7052
6543
7024
7051
7054
6571
7079
7080
7082
6578
7079
7086
7087
7089
6585
7057
7086
7093
7094
7096
6592
7061
7093
7100
7101
7103
6599
7065
7100
7107
7108
7110
6606
7069
7107
7114
7115
7117
6613
7073
7114
7121
7122
7124
6620
7121
7128
7129
7131
6633
7141
7142
7144
6640
7075
7141
7148
7149
7151
1058
1070
1406
7080
7081
7084
7085
7148
7150
7152
7154
1059
1071
1407
7087
7088
7091
7092
1060
1072
1408
7094
7095
7098
7099
1061
1073
1409
7101
7102
7105
7106
1062
1074
1410
7108
7109
7112
7113
1063
1075
1411
7115
7116
7119
7120
1064
1076
1412
7122
7123
7126
7127
1065
1077
1413
7129
7130
7133
7134
7156
7158
7160
6647
7135
7155
7156
7158
6654
7155
7162
7163
7165
6665
7173
7174
7176
1069
1083
1417
7142
7143
7146
7147
7173
7175
7177
7179
1070
1084
1418
7149
7150
7153
7154
1071
1085
1419
1072
1086
1420
1073
1087
1421
1074
1088
1422
1075
1089
1423
1076
1090
1424
1077
1091
1425
1078
1092
1426
1079
1093
1427
7156
7157
7160
7161
1080
1094
1428
7163
7164
7167
7168
7181
7183
7185
6672
7169
7180
7181
7183
6683
7191
7192
7194
1083
1099
1431
7174
7175
7178
7179
7191
7193
7195
7197
1084
1100
1432
1085
1101
1433
1086
1102
1434
1087
1103
1435
1088
1104
1436
1089
1105
1437
1090
1106
1438
1091
1107
1439
1092
1108
1440
1093
1109
1441
1094
1110
1442
1095
1111
1443
1096
1112
1444
7181
7182
7185
7186
7199
7201
7203
6690
7187
7198
7199
7201
6699
7207
7208
7210
1099
1116
1447
7192
7193
7196
7197
7207
7209
7211
7213
1100
1117
1448
1101
1118
1449
1102
1119
1450
1103
1120
1451
1104
1121
1452
1105
1122
1453
1106
1123
1454
1107
1124
1455
1108
1125
1456
1109
1126
1457
1110
1127
1458
1111
1128
1459
1112
1129
1460
1113
1130
1461
1114
1131
1462
7199
7200
7203
7204
7215
7217
7219
6706
7205
7214
7215
7217
6717
7208
7221
7225
7226
7228
1117
1136
1465
7225
7227
7229
7231
1118
1137
1466
1119
1138
1467
1120
1139
1468
1121
1140
1469
1122
1141
1470
1123
1142
1471
1124
1143
1472
1125
1144
1473
1126
1145
1474
1127
1146
1475
1128
1147
1476
1129
1148
1477
1130
1149
1478
1131
1150
1479
1132
1151
1480
7233
7235
7237
6724
7215
7232
7233
7235
6729
7232
7239
7240
6734
7242
7243
7245
1136
1155
1484
7226
7227
7230
7231
7242
7244
7246
7248
1137
1156
1485
1138
1157
1486
1139
1158
1487
1140
1159
1488
1141
1160
1489
1142
1161
1490
1143
1162
1491
1144
1163
1492
1145
1164
1493
1146
1165
1494
1147
1166
1495
1148
1167
1496
1149
1168
1497
1150
1169
1498
1151
1170
1499
1152
1171
1500
1153
1172
1501
7233
7234
7237
7238
7250
7252
7254
6741
7239
7249
7250
7252
6750
7243
7258
7259
7261
1156
1175
1504
7258
7260
7262
7264
1157
1176
1505
1158
1177
1506
1159
1178
1507
1160
1179
1508
1161
1180
1509
1162
1181
1510
1163
1182
1511
1164
1183
1512
1165
1184
1513
1166
1185
1514
1167
1186
1515
1168
1187
1516
1169
1188
1517
1170
1189
1518
1171
1190
1519
1172
1191
1520
1173
1192
1521
7266
7268
7270
6757
7250
7265
7266
7268
6770
7259
7274
7278
7279
7281
1176
1196
1524
7278
7280
7282
7284
1177
1197
1525
1178
1198
1526
1179
1199
1527
1180
1200
1528
1181
1201
1529
1182
1202
1530
1183
1203
1531
1184
1204
1532
1185
1205
1533
1186
1206
1534
1187
1207
1535
1188
1208
1536
1189
1209
1537
1190
1210
1538
1191
1211
1539
1192
1212
1540
1193
1213
1541
7286
7288
7290
6777
7266
7285
7286
7288
6782
7272
7285
7292
7293
6791
7279
7295
7299
7300
7302
1197
1217
1545
7299
7301
7303
7305
1198
1218
1546
1199
1219
1547
1200
1220
1548
1201
1221
1549
1202
1222
1550
1203
1223
1551
1204
1224
1552
1205
1225
1553
1206
1226
1554
1207
1227
1555
1208
1228
1556
1209
1229
1557
1210
1230
1558
1211
1231
1559
1212
1232
1560
1213
1233
1561
1214
1234
1562
7307
7309
7311
6798
7286
7306
7307
7309
6803
7292
7306
7313
7314
6812
7300
7316
7320
7321
7323
1218
1238
1566
7320
7322
7324
7326
1219
1239
1567
1220
1240
1568
1221
1241
1569
1222
1242
1570
1223
1243
1571
1224
1244
1572
1225
1245
1573
1226
1246
1574
1227
1247
1575
1228
1248
1576
1229
1249
1577
1230
1250
1578
1231
1251
1579
1232
1252
1580
1233
1253
1581
1234
1254
1582
1235
1255
1583
7328
7330
7332
6819
7307
7327
7328
7330
6824
7313
7327
7334
7335
6833
7321
7337
7341
7342
7344
1239
1259
1587
7341
7343
7345
7347
1240
1260
1588
1241
1261
1589
1242
1262
1590
1243
1263
1591
1244
1264
1592
1245
1265
1593
1246
1266
1594
1247
1267
1595
1248
1268
1596
1249
1269
1597
1250
1270
1598
1251
1271
1599
1252
1272
1600
1253
1273
1601
1254
1274
1602
1255
1275
1603
1256
1276
1604
7349
7351
7353
6840
7328
7348
7349
7351
6845
7334
7348
7355
7356
6852
7342
7358
7360
7361
7363
1260
1280
1608
7360
7362
7364
7366
1261
1281
1609
1262
1282
1610
1263
1283
1611
1264
1284
1612
1265
1285
1613
1266
1286
1614
1267
1287
1615
1268
1288
1616
1269
1289
1617
1270
1290
1618
1271
1291
1619
1272
1292
1620
1273
1293
1621
1274
1294
1622
1275
1295
1623
1276
1296
1624
1277
1297
1625
7368
7370
7372
6859
7349
7367
7368
7370
6863
7355
7367
7374
6867
7361
7375
7376
7378
1281
1299
1629
7375
7377
7379
7381
7393
7396
7397
1282
1300
1630
1283
1301
1631
1284
1302
1632
1285
1303
1633
1286
1304
1634
1287
1305
1635
1288
1306
1636
1289
1307
1637
1290
1308
1638
1291
1309
1639
1292
1310
1640
1293
1311
1641
1294
1312
1642
1295
1313
1643
1296
1314
1644
1297
1315
1645
1298
1316
1646
7383
7385
7387
7400
7403
7404
6874
7368
7382
7383
7385
6885
7389
7393
7394
7396
1301
1319
1649
7393
7395
7397
7399
1302
1320
1650
1303
1321
1651
1304
1322
1652
1305
1323
1653
1306
1324
1654
1307
1325
1655
1308
1326
1656
1309
1327
1657
1310
1328
1658
1311
1329
1659
1312
1330
1660
1313
1331
1661
1314
1332
1662
1315
1333
1663
1316
1334
1664
7401
7403
7405
6892
7400
7401
7403
6897
7383
7400
7407
7408
6902
7394
7410
7411
7413
1320
1336
1668
7410
7412
7414
7416
7426
7429
7430
1321
1337
1669
1322
1338
1670
1323
1339
1671
1324
1340
1672
1325
1341
1673
1326
1342
1674
1327
1343
1675
1328
1344
1676
1329
1345
1677
1330
1346
1678
1331
1347
1679
1332
1348
1680
1333
1349
1681
1334
1350
1682
1335
1351
1683
7418
7420
7422
7433
7436
7437
6909
7401
7417
7418
7420
6918
7424
7426
7427
7429
1338
1353
1686
7426
7428
7430
7432
7443
7446
7447
1339
1354
1687
1340
1355
1688
1341
1356
1689
1342
1357
1690
1343
1358
1691
1344
1359
1692
1345
1360
1693
1346
1361
1694
1347
1362
1695
1348
1363
1696
1349
1364
1697
1350
1365
1698
1351
1366
1699
7434
7436
7438
7450
7453
7454
6925
7433
7434
7436
6929
7418
7433
7440
6935
7441
7443
7444
7446
1355
1368
1703
7443
7445
7447
7449
7460
7463
7464
1356
1369
1704
7467
7470
7471
1357
1370
1705
1358
1371
1706
1359
1372
1707
1360
1373
1708
1361
1374
1709
1362
1375
1710
1363
1376
1711
1364
1377
1712
1365
1378
1713
7474
7477
7478
1366
1379
1714
7451
7453
7455
7481
7484
7485
6942
7450
7451
7453
6946
7434
7450
7457
6952
7458
7460
7461
7463
6959
7460
7467
7468
7470
1371
1382
1719
7467
7469
7471
7473
7492
7495
7496
1372
1383
1720
7499
7502
7503
1373
1384
1721
7506
7509
7510
1374
1385
1722
7513
7516
7517
1375
1386
1723
7520
7523
7524
1376
1387
1724
7527
7530
7531
1377
1388
1725
7534
7537
7538
1378
1389
1726
7475
7477
7479
7541
7544
7545
6966
7474
7475
7477
6973
7474
7481
7482
7484
6977
7451
7481
7488
6979
7468
7489
7490
6984
7489
7492
7493
7495
6991
7492
7499
7500
7502
6998
7499
7506
7507
7509
7005
7506
7513
7514
7516
7012
7513
7520
7521
7523
7019
7520
7527
7528
7530
7026
7527
7534
7535
7537
7033
7534
7541
7542
7544
7038
7475
7541
7548
7549
7043
7507
7551
7553
7554
7046
7514
7553
7556
7557
7049
7521
7556
7559
7560
7052
7528
7559
7562
7563
7054
7535
7562
7565
7082
7590
7591
7593
7089
7590
7597
7598
7600
7096
7568
7597
7604
7605
7607
7103
7572
7604
7611
7612
7614
7110
7576
7611
7618
7619
7621
7117
7580
7618
7625
7626
7628
7124
7584
7625
7632
7633
7635
7131
7632
7639
7640
7642
7144
7652
7653
7655
7151
7586
7652
7659
7660
7662
1407
1419
1755
7591
7592
7595
7596
7659
7661
7663
7665
1408
1420
1756
7598
7599
7602
7603
1409
1421
1757
7605
7606
7609
7610
1410
1422
1758
7612
7613
7616
7617
1411
1423
1759
7619
7620
7623
7624
1412
1424
1760
7626
7627
7630
7631
1413
1425
1761
7633
7634
7637
7638
1414
1426
1762
7640
7641
7644
7645
7667
7669
7671
7158
7646
7666
7667
7669
7165
7666
7673
7674
7676
7176
7684
7685
7687
1418
1432
1766
7653
7654
7657
7658
7684
7686
7688
7690
1419
1433
1767
7660
7661
7664
7665
1420
1434
1768
1421
1435
1769
1422
1436
1770
1423
1437
1771
1424
1438
1772
1425
1439
1773
1426
1440
1774
1427
1441
1775
1428
1442
1776
7667
7668
7671
7672
1429
1443
1777
7674
7675
7678
7679
7692
7694
7696
7183
7680
7691
7692
7694
7194
7702
7703
7705
1432
1448
1780
7685
7686
7689
7690
7702
7704
7706
7708
1433
1449
1781
1434
1450
1782
1435
1451
1783
1436
1452
1784
1437
1453
1785
1438
1454
1786
1439
1455
1787
1440
1456
1788
1441
1457
1789
1442
1458
1790
1443
1459
1791
1444
1460
1792
1445
1461
1793
7692
7693
7696
7697
7710
7712
7714
7201
7698
7709
7710
7712
7210
7718
7719
7721
1448
1465
1796
7703
7704
7707
7708
7718
7720
7722
7724
1449
1466
1797
1450
1467
1798
1451
1468
1799
1452
1469
1800
1453
1470
1801
1454
1471
1802
1455
1472
1803
1456
1473
1804
1457
1474
1805
1458
1475
1806
1459
1476
1807
1460
1477
1808
1461
1478
1809
1462
1479
1810
1463
1480
1811
7710
7711
7714
7715
7726
7728
7730
7217
7716
7725
7726
7728
7228
7719
7732
7736
7737
7739
1466
1485
1814
7736
7738
7740
7742
1467
1486
1815
1468
1487
1816
1469
1488
1817
1470
1489
1818
1471
1490
1819
1472
1491
1820
1473
1492
1821
1474
1493
1822
1475
1494
1823
1476
1495
1824
1477
1496
1825
1478
1497
1826
1479
1498
1827
1480
1499
1828
1481
1500
1829
7744
7746
7748
7235
7726
7743
7744
7746
7240
7743
7750
7751
7245
7753
7754
7756
1485
1504
1833
7737
7738
7741
7742
7753
7755
7757
7759
1486
1505
1834
1487
1506
1835
1488
1507
1836
1489
1508
1837
1490
1509
1838
1491
1510
1839
1492
1511
1840
1493
1512
1841
1494
1513
1842
1495
1514
1843
1496
1515
1844
1497
1516
1845
1498
1517
1846
1499
1518
1847
1500
1519
1848
1501
1520
1849
1502
1521
1850
7744
7745
7748
7749
7761
7763
7765
7252
7750
7760
7761
7763
7261
7754
7769
7770
7772
1505
1524
1853
7769
7771
7773
7775
1506
1525
1854
1507
1526
1855
1508
1527
1856
1509
1528
1857
1510
1529
1858
1511
1530
1859
1512
1531
1860
1513
1532
1861
1514
1533
1862
1515
1534
1863
1516
1535
1864
1517
1536
1865
1518
1537
1866
1519
1538
1867
1520
1539
1868
1521
1540
1869
1522
1541
1870
7777
7779
7781
7268
7761
7776
7777
7779
7281
7770
7785
7789
7790
7792
1525
1545
1873
7789
7791
7793
7795
1526
1546
1874
1527
1547
1875
1528
1548
1876
1529
1549
1877
1530
1550
1878
1531
1551
1879
1532
1552
1880
1533
1553
1881
1534
1554
1882
1535
1555
1883
1536
1556
1884
1537
1557
1885
1538
1558
1886
1539
1559
1887
1540
1560
1888
1541
1561
1889
1542
1562
1890
7797
7799
7801
7288
7777
7796
7797
7799
7293
7783
7796
7803
7804
7302
7790
7806
7810
7811
7813
1546
1566
1894
7810
7812
7814
7816
1547
1567
1895
1548
1568
1896
1549
1569
1897
1550
1570
1898
1551
1571
1899
1552
1572
1900
1553
1573
1901
1554
1574
1902
1555
1575
1903
1556
1576
1904
1557
1577
1905
1558
1578
1906
1559
1579
1907
1560
1580
1908
1561
1581
1909
1562
1582
1910
1563
1583
1911
7818
7820
7822
7309
7797
7817
7818
7820
7314
7803
7817
7824
7825
7323
7811
7827
7831
7832
7834
1567
1587
1915
7831
7833
7835
7837
1568
1588
1916
1569
1589
1917
1570
1590
1918
1571
1591
1919
1572
1592
1920
1573
1593
1921
1574
1594
1922
1575
1595
1923
1576
1596
1924
1577
1597
1925
1578
1598
1926
1579
1599
1927
1580
1600
1928
1581
1601
1929
1582
1602
1930
1583
1603
1931
1584
1604
1932
7839
7841
7843
7330
7818
7838
7839
7841
7335
7824
7838
7845
7846
7344
7832
7848
7852
7853
7855
1588
1608
1936
7852
7854
7856
7858
1589
1609
1937
1590
1610
1938
1591
1611
1939
1592
1612
1940
1593
1613
1941
1594
1614
1942
1595
1615
1943
1596
1616
1944
1597
1617
1945
1598
1618
1946
1599
1619
1947
1600
1620
1948
1601
1621
1949
1602
1622
1950
1603
1623
1951
1604
1624
1952
1605
1625
1953
7860
7862
7864
7351
7839
7859
7860
7862
7356
7845
7859
7866
7867
7363
7853
7869
7871
7872
7874
1609
1629
1957
7871
7873
7875
7877
1610
1630
1958
1611
1631
1959
1612
1632
1960
1613
1633
1961
1614
1634
1962
1615
1635
1963
1616
1636
1964
1617
1637
1965
1618
1638
1966
1619
1639
1967
1620
1640
1968
1621
1641
1969
1622
1642
1970
1623
1643
1971
1624
1644
1972
1625
1645
1973
1626
1646
1974
7879
7881
7883
7370
7860
7878
7879
7881
7374
7866
7878
7885
7378
7872
7886
7887
7889
1630
1648
1978
7886
7888
7890
7892
7904
7907
7908
1631
1649
1979
1632
1650
1980
1633
1651
1981
1634
1652
1982
1635
1653
1983
1636
1654
1984
1637
1655
1985
1638
1656
1986
1639
1657
1987
1640
1658
1988
1641
1659
1989
1642
1660
1990
1643
1661
1991
1644
1662
1992
1645
1663
1993
1646
1664
1994
1647
1665
1995
7894
7896
7898
7911
7914
7915
7385
7879
7893
7894
7896
7396
7900
7904
7905
7907
1650
1668
1998
7904
7906
7908
7910
1651
1669
1999
1652
1670
2000
1653
1671
2001
1654
1672
2002
1655
1673
2003
1656
1674
2004
1657
1675
2005
1658
1676
2006
1659
1677
2007
1660
1678
2008
1661
1679
2009
1662
1680
2010
1663
1681
2011
1664
1682
2012
1665
1683
2013
7912
7914
7916
7403
7911
7912
7914
7408
7894
7911
7918
7919
7413
7905
7921
7922
7924
1669
1685
2017
7921
7923
7925
7927
7937
7940
7941
1670
1686
2018
1671
1687
2019
1672
1688
2020
1673
1689
2021
1674
1690
2022
1675
1691
2023
1676
1692
2024
1677
1693
2025
1678
1694
2026
1679
1695
2027
1680
1696
2028
1681
1697
2029
1682
1698
2030
1683
1699
2031
1684
1700
2032
7929
7931
7933
7944
7947
7948
7420
7912
7928
7929
7931
7429
7935
7937
7938
7940
1687
1702
2035
7937
7939
7941
7943
7954
7957
7958
1688
1703
2036
1689
1704
2037
1690
1705
2038
1691
1706
2039
1692
1707
2040
1693
1708
2041
1694
1709
2042
1695
1710
2043
1696
1711
2044
1697
1712
2045
1698
1713
2046
1699
1714
2047
1700
1715
2048
7945
7947
7949
7961
7964
7965
7436
7944
7945
7947
7440
7929
7944
7951
7446
7952
7954
7955
7957
1704
1717
2052
7954
7956
7958
7960
7971
7974
7975
1705
1718
2053
7978
7981
7982
1706
1719
2054
1707
1720
2055
1708
1721
2056
1709
1722
2057
1710
1723
2058
1711
1724
2059
1712
1725
2060
1713
1726
2061
1714
1727
2062
7985
7988
7989
1715
1728
2063
7962
7964
7966
7992
7995
7996
7453
7961
7962
7964
7457
7945
7961
7968
7463
7969
7971
7972
7974
7470
7971
7978
7979
7981
1720
1731
2068
7978
7980
7982
7984
8003
8006
8007
1721
1732
2069
8010
8013
8014
1722
1733
2070
8017
8020
8021
1723
1734
2071
8024
8027
8028
1724
1735
2072
8031
8034
8035
1725
1736
2073
8038
8041
8042
1726
1737
2074
8045
8048
8049
1727
1738
2075
7986
7988
7990
8052
8055
8056
7477
7985
7986
7988
7484
7985
7992
7993
7995
7488
7962
7992
7999
7490
7979
8000
8001
7495
8000
8003
8004
8006
7502
8003
8010
8011
8013
7509
8010
8017
8018
8020
7516
8017
8024
8025
8027
7523
8024
8031
8032
8034
7530
8031
8038
8039
8041
7537
8038
8045
8046
8048
7544
8045
8052
8053
8055
7549
7986
8052
8059
8060
7554
8018
8062
8064
8065
7557
8025
8064
8067
8068
7560
8032
8067
8070
8071
7563
8039
8070
8073
8074
7565
8046
8073
8076
7593
8101
8102
8104
7600
8101
8108
8109
8111
7607
8079
8108
8115
8116
8118
7614
8083
8115
8122
8123
8125
7621
8087
8122
8129
8130
8132
7628
8091
8129
8136
8137
8139
7635
8095
8136
8143
8144
8146
7642
8143
8150
8151
8153
7655
8163
8164
8166
7662
8097
8163
8170
8171
8173
1756
1768
2104
8102
8103
8106
8107
8170
8172
8174
8176
1757
1769
2105
8109
8110
8113
8114
1758
1770
2106
8116
8117
8120
8121
1759
1771
2107
8123
8124
8127
8128
1760
1772
2108
8130
8131
8134
8135
1761
1773
2109
8137
8138
8141
8142
1762
1774
2110
8144
8145
8148
8149
1763
1775
2111
8151
8152
8155
8156
8178
8180
8182
7669
8157
8177
8178
8180
7676
8177
8184
8185
8187
7687
8195
8196
8198
1767
1781
2115
8164
8165
8168
8169
8195
8197
8199
8201
1768
1782
2116
8171
8172
8175
8176
1769
1783
2117
1770
1784
2118
1771
1785
2119
1772
1786
2120
1773
1787
2121
1774
1788
2122
1775
1789
2123
1776
1790
2124
1777
1791
2125
8178
8179
8182
8183
1778
1792
2126
8185
8186
8189
8190
8203
8205
8207
7694
8191
8202
8203
8205
7705
8213
8214
8216
1781
1797
2129
8196
8197
8200
8201
8213
8215
8217
8219
1782
1798
2130
1783
1799
2131
1784
1800
2132
1785
1801
2133
1786
1802
2134
1787
1803
2135
1788
1804
2136
1789
1805
2137
1790
1806
2138
1791
1807
2139
1792
1808
2140
1793
1809
2141
1794
1810
2142
8203
8204
8207
8208
8221
8223
8225
7712
8209
8220
8221
8223
7721
8229
8230
8232
1797
1814
2145
8214
8215
8218
8219
8229
8231
8233
8235
1798
1815
2146
1799
1816
2147
1800
1817
2148
1801
1818
2149
1802
1819
2150
1803
1820
2151
1804
1821
2152
1805
1822
2153
1806
1823
2154
1807
1824
2155
1808
1825
2156
1809
1826
2157
1810
1827
2158
1811
1828
2159
1812
1829
2160
8221
8222
8225
8226
8237
8239
8241
7728
8227
8236
8237
8239
7739
8230
8243
8247
8248
8250
1815
1834
2163
8247
8249
8251
8253
1816
1835
2164
1817
1836
2165
1818
1837
2166
1819
1838
2167
1820
1839
2168
1821
1840
2169
1822
1841
2170
1823
1842
2171
1824
1843
2172
1825
1844
2173
1826
1845
2174
1827
1846
2175
1828
1847
2176
1829
1848
2177
1830
1849
2178
8255
8257
8259
7746
8237
8254
8255
8257
7751
8254
8261
8262
7756
8264
8265
8267
1834
1853
2182
8248
8249
8252
8253
8264
8266
8268
8270
1835
1854
2183
1836
1855
2184
1837
1856
2185
1838
1857
2186
1839
1858
2187
1840
1859
2188
1841
1860
2189
1842
1861
2190
1843
1862
2191
1844
1863
2192
1845
1864
2193
1846
1865
2194
1847
1866
2195
1848
1867
2196
1849
1868
2197
1850
1869
2198
1851
1870
2199
8255
8256
8259
8260
8272
8274
8276
7763
8261
8271
8272
8274
7772
8265
8280
8281
8283
1854
1873
2202
8280
8282
8284
8286
1855
1874
2203
1856
1875
2204
1857
1876
2205
1858
1877
2206
1859
1878
2207
1860
1879
2208
1861
1880
2209
1862
1881
2210
1863
1882
2211
1864
1883
2212
1865
1884
2213
1866
1885
2214
1867
1886
2215
1868
1887
2216
1869
1888
2217
1870
1889
2218
1871
1890
2219
8288
8290
8292
7779
8272
8287
8288
8290
7792
8281
8296
8300
8301
8303
1874
1894
2222
8300
8302
8304
8306
1875
1895
2223
1876
1896
2224
1877
1897
2225
1878
1898
2226
1879
1899
2227
1880
1900
2228
1881
1901
2229
1882
1902
2230
1883
1903
2231
1884
1904
2232
1885
1905
2233
1886
1906
2234
1887
1907
2235
1888
1908
2236
1889
1909
2237
1890
1910
2238
1891
1911
2239
8308
8310
8312
7799
8288
8307
8308
8310
7804
8294
8307
8314
8315
7813
8301
8317
8321
8322
8324
1895
1915
2243
8321
8323
8325
8327
1896
1916
2244
1897
1917
2245
1898
1918
2246
1899
1919
2247
1900
1920
2248
1901
1921
2249
1902
1922
2250
1903
1923
2251
1904
1924
2252
1905
1925
2253
1906
1926
2254
1907
1927
2255
1908
1928
2256
1909
1929
2257
1910
1930
2258
1911
1931
2259
1912
1932
2260
8329
8331
8333
7820
8308
8328
8329
8331
7825
8314
8328
8335
8336
7834
8322
8338
8342
8343
8345
1916
1936
2264
8342
8344
8346
8348
1917
1937
2265
1918
1938
2266
1919
1939
2267
1920
1940
2268
1921
1941
2269
1922
1942
2270
1923
1943
2271
1924
1944
2272
1925
1945
2273
1926
1946
2274
1927
1947
2275
1928
1948
2276
1929
1949
2277
1930
1950
2278
1931
1951
2279
1932
1952
2280
1933
1953
2281
8350
8352
8354
7841
8329
8349
8350
8352
7846
8335
8349
8356
8357
7855
8343
8359
8363
8364
8366
1937
1957
2285
8363
8365
8367
8369
1938
1958
2286
1939
1959
2287
1940
1960
2288
1941
1961
2289
1942
1962
2290
1943
1963
2291
1944
1964
2292
1945
1965
2293
1946
1966
2294
1947
1967
2295
1948
1968
2296
1949
1969
2297
1950
1970
2298
1951
1971
2299
1952
1972
2300
1953
1973
2301
1954
1974
2302
8371
8373
8375
7862
8350
8370
8371
8373
7867
8356
8370
8377
8378
7874
8364
8380
8382
8383
8385
1958
1978
2306
8382
8384
8386
8388
1959
1979
2307
1960
1980
2308
1961
1981
2309
1962
1982
2310
1963
1983
2311
1964
1984
2312
1965
1985
2313
1966
1986
2314
1967
1987
2315
1968
1988
2316
1969
1989
2317
1970
1990
2318
1971
1991
2319
1972
1992
2320
1973
1993
2321
1974
1994
2322
1975
1995
2323
8390
8392
8394
7881
8371
8389
8390
8392
7885
8377
8389
8396
7889
8383
8397
8398
8400
1979
1997
2327
8397
8399
8401
8403
8415
8418
8419
1980
1998
2328
1981
1999
2329
1982
2000
2330
1983
2001
2331
1984
2002
2332
1985
2003
2333
1986
2004
2334
1987
2005
2335
1988
2006
2336
1989
2007
2337
1990
2008
2338
1991
2009
2339
1992
2010
2340
1993
2011
2341
1994
2012
2342
1995
2013
2343
1996
2014
2344
8405
8407
8409
8422
8425
8426
7896
8390
8404
8405
8407
7907
8411
8415
8416
8418
1999
2017
2347
8415
8417
8419
8421
2000
2018
2348
2001
2019
2349
2002
2020
2350
2003
2021
2351
2004
2022
2352
2005
2023
2353
2006
2024
2354
2007
2025
2355
2008
2026
2356
2009
2027
2357
2010
2028
2358
2011
2029
2359
2012
2030
2360
2013
2031
2361
2014
2032
2362
8423
8425
8427
7914
8422
8423
8425
7919
8405
8422
8429
8430
7924
8416
8432
8433
8435
2018
2034
2366
8432
8434
8436
8438
8448
8451
8452
2019
2035
2367
2020
2036
2368
2021
2037
2369
2022
2038
2370
2023
2039
2371
2024
2040
2372
2025
2041
2373
2026
2042
2374
2027
2043
2375
2028
2044
2376
2029
2045
2377
2030
2046
2378
2031
2047
2379
2032
2048
2380
2033
2049
2381
8440
8442
8444
8455
8458
8459
7931
8423
8439
8440
8442
7940
8446
8448
8449
8451
2036
2051
2384
8448
8450
8452
8454
8465
8468
8469
2037
2052
2385
2038
2053
2386
2039
2054
2387
2040
2055
2388
2041
2056
2389
2042
2057
2390
2043
2058
2391
2044
2059
2392
2045
2060
2393
2046
2061
2394
2047
2062
2395
2048
2063
2396
2049
2064
2397
8456
8458
8460
8472
8475
8476
7947
8455
8456
8458
7951
8440
8455
8462
7957
8463
8465
8466
8468
2053
2066
2401
8465
8467
8469
8471
8482
8485
8486
2054
2067
2402
8489
8492
8493
2055
2068
2403
2056
2069
2404
2057
2070
2405
2058
2071
2406
2059
2072
2407
2060
2073
2408
2061
2074
2409
2062
2075
2410
2063
2076
2411
8496
8499
8500
2064
2077
2412
8473
8475
8477
8503
8506
8507
7964
8472
8473
8475
7968
8456
8472
8479
7974
8480
8482
8483
8485
7981
8482
8489
8490
8492
2069
2080
2417
8489
8491
8493
8495
8514
8517
8518
2070
2081
2418
8521
8524
8525
2071
2082
2419
8528
8531
8532
2072
2083
2420
8535
8538
8539
2073
2084
2421
8542
8545
8546
2074
2085
2422
8549
8552
8553
2075
2086
2423
8556
8559
8560
2076
2087
2424
8497
8499
8501
8563
8566
8567
7988
8496
8497
8499
7995
8496
8503
8504
8506
7999
8473
8503
8510
8001
8490
8511
8512
8006
8511
8514
8515
8517
8013
8514
8521
8522
8524
8020
8521
8528
8529
8531
8027
8528
8535
8536
8538
8034
8535
8542
8543
8545
8041
8542
8549
8550
8552
8048
8549
8556
8557
8559
8055
8556
8563
8564
8566
8060
8497
8563
8570
8571
8065
8529
8573
8575
8576
8068
8536
8575
8578
8579
8071
8543
8578
8581
8582
8074
8550
8581
8584
8585
8076
8557
8584
8587
8104
8612
8613
8615
8111
8612
8619
8620
8622
8118
8590
8619
8626
8627
8629
8125
8594
8626
8633
8634
8636
8132
8598
8633
8640
8641
8643
8139
8602
8640
8647
8648
8650
8146
8606
8647
8654
8655
8657
8153
8654
8661
8662
8664
8166
8674
8675
8677
8173
8608
8674
8681
8682
8684
2105
2117
2453
8613
8614
8617
8618
8681
8683
8685
8687
2106
2118
2454
8620
8621
8624
8625
2107
2119
2455
8627
8628
8631
8632
2108
2120
2456
8634
8635
8638
8639
2109
2121
2457
8641
8642
8645
8646
2110
2122
2458
8648
8649
8652
8653
2111
2123
2459
8655
8656
8659
8660
2112
2124
2460
8662
8663
8666
8667
8689
8691
8693
8180
8668
8688
8689
8691
8187
8688
8695
8696
8698
8198
8706
8707
8709
2116
2130
2464
8675
8676
8679
8680
8706
8708
8710
8712
2117
2131
2465
8682
8683
8686
8687
2118
2132
2466
2119
2133
2467
2120
2134
2468
2121
2135
2469
2122
2136
2470
2123
2137
2471
2124
2138
2472
2125
2139
2473
2126
2140
2474
8689
8690
8693
8694
2127
2141
2475
8696
8697
8700
8701
8714
8716
8718
8205
8702
8713
8714
8716
8216
8724
8725
8727
2130
2146
2478
8707
8708
8711
8712
8724
8726
8728
8730
2131
2147
2479
2132
2148
2480
2133
2149
2481
2134
2150
2482
2135
2151
2483
2136
2152
2484
2137
2153
2485
2138
2154
2486
2139
2155
2487
2140
2156
2488
2141
2157
2489
2142
2158
2490
2143
2159
2491
8714
8715
8718
8719
8732
8734
8736
8223
8720
8731
8732
8734
8232
8740
8741
8743
2146
2163
2494
8725
8726
8729
8730
8740
8742
8744
8746
2147
2164
2495
2148
2165
2496
2149
2166
2497
2150
2167
2498
2151
2168
2499
2152
2169
2500
2153
2170
2501
2154
2171
2502
2155
2172
2503
2156
2173
2504
2157
2174
2505
2158
2175
2506
2159
2176
2507
2160
2177
2508
2161
2178
2509
8732
8733
8736
8737
8748
8750
8752
8239
8738
8747
8748
8750
8250
8741
8754
8758
8759
8761
2164
2183
2512
8758
8760
8762
8764
2165
2184
2513
2166
2185
2514
2167
2186
2515
2168
2187
2516
2169
2188
2517
2170
2189
2518
2171
2190
2519
2172
2191
2520
2173
2192
2521
2174
2193
2522
2175
2194
2523
2176
2195
2524
2177
2196
2525
2178
2197
2526
2179
2198
2527
8766
8768
8770
8257
8748
8765
8766
8768
8262
8765
8772
8773
8267
8775
8776
8778
2183
2202
2531
8759
8760
8763
8764
8775
8777
8779
8781
2184
2203
2532
2185
2204
2533
2186
2205
2534
2187
2206
2535
2188
2207
2536
2189
2208
2537
2190
2209
2538
2191
2210
2539
2192
2211
2540
2193
2212
2541
2194
2213
2542
2195
2214
2543
2196
2215
2544
2197
2216
2545
2198
2217
2546
2199
2218
2547
2200
2219
2548
8766
8767
8770
8771
8783
8785
8787
8274
8772
8782
8783
8785
8283
8776
8791
8792
8794
2203
2222
2551
8791
8793
8795
8797
2204
2223
2552
2205
2224
2553
2206
2225
2554
2207
2226
2555
2208
2227
2556
2209
2228
2557
2210
2229
2558
2211
2230
2559
2212
2231
2560
2213
2232
2561
2214
2233
2562
2215
2234
2563
2216
2235
2564
2217
2236
2565
2218
2237
2566
2219
2238
2567
2220
2239
2568
8799
8801
8803
8290
8783
8798
8799
8801
8303
8792
8807
8811
8812
8814
2223
2243
2571
8811
8813
8815
8817
2224
2244
2572
2225
2245
2573
2226
2246
2574
2227
2247
2575
2228
2248
2576
2229
2249
2577
2230
2250
2578
2231
2251
2579
2232
2252
2580
2233
2253
2581
2234
2254
2582
2235
2255
2583
2236
2256
2584
2237
2257
2585
2238
2258
2586
2239
2259
2587
2240
2260
2588
8819
8821
8823
8310
8799
8818
8819
8821
8315
8805
8818
8825
8826
8324
8812
8828
8832
8833
8835
2244
2264
2592
8832
8834
8836
8838
2245
2265
2593
2246
2266
2594
2247
2267
2595
2248
2268
2596
2249
2269
2597
2250
2270
2598
2251
2271
2599
2252
2272
2600
2253
2273
2601
2254
2274
2602
2255
2275
2603
2256
2276
2604
2257
2277
2605
2258
2278
2606
2259
2279
2607
2260
2280
2608
2261
2281
2609
8840
8842
8844
8331
8819
8839
8840
8842
8336
8825
8839
8846
8847
8345
8833
8849
8853
8854
8856
2265
2285
2613
8853
8855
8857
8859
2266
2286
2614
2267
2287
2615
2268
2288
2616
2269
2289
2617
2270
2290
2618
2271
2291
2619
2272
2292
2620
2273
2293
2621
2274
2294
2622
2275
2295
2623
2276
2296
2624
2277
2297
2625
2278
2298
2626
2279
2299
2627
2280
2300
2628
2281
2301
2629
2282
2302
2630
8861
8863
8865
8352
8840
8860
8861
8863
8357
8846
8860
8867
8868
8366
8854
8870
8874
8875
8877
2286
2306
2634
8874
8876
8878
8880
2287
2307
2635
2288
2308
2636
2289
2309
2637
2290
2310
2638
2291
2311
2639
2292
2312
2640
2293
2313
2641
2294
2314
2642
2295
2315
2643
2296
2316
2644
2297
2317
2645
2298
2318
2646
2299
2319
2647
2300
2320
2648
2301
2321
2649
2302
2322
2650
2303
2323
2651
8882
8884
8886
8373
8861
8881
8882
8884
8378
8867
8881
8888
8889
8385
8875
8891
8893
8894
8896
2307
2327
2655
8893
8895
8897
8899
2308
2328
2656
2309
2329
2657
2310
2330
2658
2311
2331
2659
2312
2332
2660
2313
2333
2661
2314
2334
2662
2315
2335
2663
2316
2336
2664
2317
2337
2665
2318
2338
2666
2319
2339
2667
2320
2340
2668
2321
2341
2669
2322
2342
2670
2323
2343
2671
2324
2344
2672
8901
8903
8905
8392
8882
8900
8901
8903
8396
8888
8900
8907
8400
8894
8908
8909
8911
2328
2346
2676
8908
8910
8912
8914
8926
8929
8930
2329
2347
2677
2330
2348
2678
2331
2349
2679
2332
2350
2680
2333
2351
2681
2334
2352
2682
2335
2353
2683
2336
2354
2684
2337
2355
2685
2338
2356
2686
2339
2357
2687
2340
2358
2688
2341
2359
2689
2342
2360
2690
2343
2361
2691
2344
2362
2692
2345
2363
2693
8916
8918
8920
8933
8936
8937
8407
8901
8915
8916
8918
8418
8922
8926
8927
8929
2348
2366
2696
8926
8928
8930
8932
2349
2367
2697
2350
2368
2698
2351
2369
2699
2352
2370
2700
2353
2371
2701
2354
2372
2702
2355
2373
2703
2356
2374
2704
2357
2375
2705
2358
2376
2706
2359
2377
2707
2360
2378
2708
2361
2379
2709
2362
2380
2710
2363
2381
2711
8934
8936
8938
8425
8933
8934
8936
8430
8916
8933
8940
8941
8435
8927
8943
8944
8946
2367
2383
2715
8943
8945
8947
8949
8959
8962
8963
2368
2384
2716
2369
2385
2717
2370
2386
2718
2371
2387
2719
2372
2388
2720
2373
2389
2721
2374
2390
2722
2375
2391
2723
2376
2392
2724
2377
2393
2725
2378
2394
2726
2379
2395
2727
2380
2396
2728
2381
2397
2729
2382
2398
2730
8951
8953
8955
8966
8969
8970
8442
8934
8950
8951
8953
8451
8957
8959
8960
8962
2385
2400
2733
8959
8961
8963
8965
8976
8979
8980
2386
2401
2734
2387
2402
2735
2388
2403
2736
2389
2404
2737
2390
2405
2738
2391
2406
2739
2392
2407
2740
2393
2408
2741
2394
2409
2742
2395
2410
2743
2396
2411
2744
2397
2412
2745
2398
2413
2746
8967
8969
8971
8983
8986
8987
8458
8966
8967
8969
8462
8951
8966
8973
8468
8974
8976
8977
8979
2402
2415
2750
8976
8978
8980
8982
8993
8996
8997
2403
2416
2751
9000
9003
9004
2404
2417
2752
2405
2418
2753
2406
2419
2754
2407
2420
2755
2408
2421
2756
2409
2422
2757
2410
2423
2758
2411
2424
2759
2412
2425
2760
9007
9010
9011
2413
2426
2761
8984
8986
8988
9014
9017
9018
8475
8983
8984
8986
8479
8967
8983
8990
8485
8991
8993
8994
8996
8492
8993
9000
9001
9003
2418
2429
2766
9000
9002
9004
9006
9025
9028
9029
2419
2430
2767
9032
9035
9036
2420
2431
2768
9039
9042
9043
2421
2432
2769
9046
9049
9050
2422
2433
2770
9053
9056
9057
2423
2434
2771
9060
9063
9064
2424
2435
2772
9067
9070
9071
2425
2436
2773
9008
9010
9012
9074
9077
9078
8499
9007
9008
9010
8506
9007
9014
9015
9017
8510
8984
9014
9021
8512
9001
9022
9023
8517
9022
9025
9026
9028
8524
9025
9032
9033
9035
8531
9032
9039
9040
9042
8538
9039
9046
9047
9049
8545
9046
9053
9054
9056
8552
9053
9060
9061
9063
8559
9060
9067
9068
9070
8566
9067
9074
9075
9077
8571
9008
9074
9081
9082
8576
9040
9084
9086
9087
8579
9047
9086
9089
9090
8582
9054
9089
9092
9093
8585
9061
9092
9095
9096
8587
9068
9095
9098
8615
9123
9124
9126
8622
9123
9130
9131
9133
8629
9101
9130
9137
9138
9140
8636
9105
9137
9144
9145
9147
8643
9109
9144
9151
9152
9154
8650
9113
9151
9158
9159
9161
8657
9117
9158
9165
9166
9168
8664
9165
9172
9173
9175
8677
9185
9186
9188
8684
9119
9185
9192
9193
9195
2454
2466
2802
9124
9125
9128
9129
9192
9194
9196
9198
2455
2467
2803
9131
9132
9135
9136
2456
2468
2804
9138
9139
9142
9143
2457
2469
2805
9145
9146
9149
9150
2458
2470
2806
9152
9153
9156
9157
2459
2471
2807
9159
9160
9163
9164
2460
2472
2808
9166
9167
9170
9171
2461
2473
2809
9173
9174
9177
9178
9200
9202
9204
8691
9179
9199
9200
9202
8698
9199
9206
9207
9209
8709
9217
9218
9220
2465
2479
2813
9186
9187
9190
9191
9217
9219
9221
9223
2466
2480
2814
9193
9194
9197
9198
2467
2481
2815
2468
2482
2816
2469
2483
2817
2470
2484
2818
2471
2485
2819
2472
2486
2820
2473
2487
2821
2474
2488
2822
2475
2489
2823
9200
9201
9204
9205
2476
2490
2824
9207
9208
9211
9212
9225
9227
9229
8716
9213
9224
9225
9227
8727
9235
9236
9238
2479
2495
2827
9218
9219
9222
9223
9235
9237
9239
9241
2480
2496
2828
2481
2497
2829
2482
2498
2830
2483
2499
2831
2484
2500
2832
2485
2501
2833
2486
2502
2834
2487
2503
2835
2488
2504
2836
2489
2505
2837
2490
2506
2838
2491
2507
2839
2492
2508
2840
9225
9226
9229
9230
9243
9245
9247
8734
9231
9242
9243
9245
8743
9251
9252
9254
2495
2512
2843
9236
9237
9240
9241
9251
9253
9255
9257
2496
2513
2844
2497
2514
2845
2498
2515
2846
2499
2516
2847
2500
2517
2848
2501
2518
2849
2502
2519
2850
2503
2520
2851
2504
2521
2852
2505
2522
2853
2506
2523
2854
2507
2524
2855
2508
2525
2856
2509
2526
2857
2510
2527
2858
9243
9244
9247
9248
9259
9261
9263
8750
9249
9258
9259
9261
8761
9252
9265
9269
9270
9272
2513
2532
2861
9269
9271
9273
9275
2514
2533
2862
2515
2534
2863
2516
2535
2864
2517
2536
2865
2518
2537
2866
2519
2538
2867
2520
2539
2868
2521
2540
2869
2522
2541
2870
2523
2542
2871
2524
2543
2872
2525
2544
2873
2526
2545
2874
2527
2546
2875
2528
2547
2876
9277
9279
9281
8768
9259
9276
9277
9279
8773
9276
9283
9284
8778
9286
9287
9289
2532
2551
2880
9270
9271
9274
9275
9286
9288
9290
9292
2533
2552
2881
2534
2553
2882
2535
2554
2883
2536
2555
2884
2537
2556
2885
2538
2557
2886
2539
2558
2887
2540
2559
2888
2541
2560
2889
2542
2561
2890
2543
2562
2891
2544
2563
2892
2545
2564
2893
2546
2565
2894
2547
2566
2895
2548
2567
2896
2549
2568
2897
9277
9278
9281
9282
9294
9296
9298
8785
9283
9293
9294
9296
8794
9287
9302
9303
9305
2552
2571
2900
9302
9304
9306
9308
2553
2572
2901
2554
2573
2902
2555
2574
2903
2556
2575
2904
2557
2576
2905
2558
2577
2906
2559
2578
2907
2560
2579
2908
2561
2580
2909
2562
2581
2910
2563
2582
2911
2564
2583
2912
2565
2584
2913
2566
2585
2914
2567
2586
2915
2568
2587
2916
2569
2588
2917
9310
9312
9314
8801
9294
9309
9310
9312
8814
9303
9318
9322
9323
9325
2572
2592
2920
9322
9324
9326
9328
2573
2593
2921
2574
2594
2922
2575
2595
2923
2576
2596
2924
2577
2597
2925
2578
2598
2926
2579
2599
2927
2580
2600
2928
2581
2601
2929
2582
2602
2930
2583
2603
2931
2584
2604
2932
2585
2605
2933
2586
2606
2934
2587
2607
2935
2588
2608
2936
2589
2609
2937
9330
9332
9334
8821
9310
9329
9330
9332
8826
9316
9329
9336
9337
8835
9323
9339
9343
9344
9346
2593
2613
2941
9343
9345
9347
9349
2594
2614
2942
2595
2615
2943
2596
2616
2944
2597
2617
2945
2598
2618
2946
2599
2619
2947
2600
2620
2948
2601
2621
2949
2602
2622
2950
2603
2623
2951
2604
2624
2952
2605
2625
2953
2606
2626
2954
2607
2627
2955
2608
2628
2956
2609
2629
2957
2610
2630
2958
9351
9353
9355
8842
9330
9350
9351
9353
8847
9336
9350
9357
9358
8856
9344
9360
9364
9365
9367
2614
2634
2962
9364
9366
9368
9370
2615
2635
2963
2616
2636
2964
2617
2637
2965
2618
2638
2966
2619
2639
2967
2620
2640
2968
2621
2641
2969
2622
2642
2970
2623
2643
2971
2624
2644
2972
2625
2645
2973
2626
2646
2974
2627
2647
2975
2628
2648
2976
2629
2649
2977
2630
2650
2978
2631
2651
2979
9372
9374
9376
8863
9351
9371
9372
9374
8868
9357
9371
9378
9379
8877
9365
9381
9385
9386
9388
2635
2655
2983
9385
9387
9389
9391
2636
2656
2984
2637
2657
2985
2638
2658
2986
2639
2659
2987
2640
2660
2988
2641
2661
2989
2642
2662
2990
2643
2663
2991
2644
2664
2992
2645
2665
2993
2646
2666
2994
2647
2667
2995
2648
2668
2996
2649
2669
2997
2650
2670
2998
2651
2671
2999
2652
2672
3000
9393
9395
9397
8884
9372
9392
9393
9395
8889
9378
9392
9399
9400
8896
9386
9402
9404
9405
9407
2656
2676
3004
9404
9406
9408
9410
2657
2677
3005
2658
2678
3006
2659
2679
3007
2660
2680
3008
2661
2681
3009
2662
2682
3010
2663
2683
3011
2664
2684
3012
2665
2685
3013
2666
2686
3014
2667
2687
3015
2668
2688
3016
2669
2689
3017
2670
2690
3018
2671
2691
3019
2672
2692
3020
2673
2693
3021
9412
9414
9416
8903
9393
9411
9412
9414
8907
9399
9411
9418
8911
9405
9419
9420
9422
2677
2695
3025
9419
9421
9423
9425
9437
9440
9441
2678
2696
3026
2679
2697
3027
2680
2698
3028
2681
2699
3029
2682
2700
3030
2683
2701
3031
2684
2702
3032
2685
2703
3033
2686
2704
3034
2687
2705
3035
2688
2706
3036
2689
2707
3037
2690
2708
3038
2691
2709
3039
2692
2710
3040
2693
2711
3041
2694
2712
3042
9427
9429
9431
9444
9447
9448
8918
9412
9426
9427
9429
8929
9433
9437
9438
9440
2697
2715
3045
9437
9439
9441
9443
2698
2716
3046
2699
2717
3047
2700
2718
3048
2701
2719
3049
2702
2720
3050
2703
2721
3051
2704
2722
3052
2705
2723
3053
2706
2724
3054
2707
2725
3055
2708
2726
3056
2709
2727
3057
2710
2728
3058
2711
2729
3059
2712
2730
3060
9445
9447
9449
8936
9444
9445
9447
8941
9427
9444
9451
9452
8946
9438
9454
9455
9457
2716
2732
3064
9454
9456
9458
9460
9470
9473
9474
2717
2733
3065
2718
2734
3066
2719
2735
3067
2720
2736
3068
2721
2737
3069
2722
2738
3070
2723
2739
3071
2724
2740
3072
2725
2741
3073
2726
2742
3074
2727
2743
3075
2728
2744
3076
2729
2745
3077
2730
2746
3078
2731
2747
3079
9462
9464
9466
9477
9480
9481
8953
9445
9461
9462
9464
8962
9468
9470
9471
9473
2734
2749
3082
9470
9472
9474
9476
9487
9490
9491
2735
2750
3083
2736
2751
3084
2737
2752
3085
2738
2753
3086
2739
2754
3087
2740
2755
3088
2741
2756
3089
2742
2757
3090
2743
2758
3091
2744
2759
3092
2745
2760
3093
2746
2761
3094
2747
2762
3095
9478
9480
9482
9494
9497
9498
8969
9477
9478
9480
8973
9462
9477
9484
8979
9485
9487
9488
9490
2751
2764
3099
9487
9489
9491
9493
9504
9507
9508
2752
2765
3100
9511
9514
9515
2753
2766
3101
2754
2767
3102
2755
2768
3103
2756
2769
3104
2757
2770
3105
2758
2771
3106
2759
2772
3107
2760
2773
3108
2761
2774
3109
9518
9521
9522
2762
2775
3110
9495
9497
9499
9525
9528
9529
8986
9494
9495
9497
8990
9478
9494
9501
8996
9502
9504
9505
9507
9003
9504
9511
9512
9514
2767
2778
3115
9511
9513
9515
9517
9536
9539
9540
2768
2779
3116
9543
9546
9547
2769
2780
3117
9550
9553
9554
2770
2781
3118
9557
9560
9561
2771
2782
3119
9564
9567
9568
2772
2783
3120
9571
9574
9575
2773
2784
3121
9578
9581
9582
2774
2785
3122
9519
9521
9523
9585
9588
9589
9010
9518
9519
9521
9017
9518
9525
9526
9528
9021
9495
9525
9532
9023
9512
9533
9534
9028
9533
9536
9537
9539
9035
9536
9543
9544
9546
9042
9543
9550
9551
9553
9049
9550
9557
9558
9560
9056
9557
9564
9565
9567
9063
9564
9571
9572
9574
9070
9571
9578
9579
9581
9077
9578
9585
9586
9588
9082
9519
9585
9592
9593
9087
9551
9595
9597
9598
9090
9558
9597
9600
9601
9093
9565
9600
9603
9604
9096
9572
9603
9606
9607
9098
9579
9606
9609
9126
9634
9635
9637
9133
9634
9641
9642
9644
9140
9612
9641
9648
9649
9651
9147
9616
9648
9655
9656
9658
9154
9620
9655
9662
9663
9665
9161
9624
9662
9669
9670
9672
9168
9628
9669
9676
9677
9679
9175
9676
9683
9684
9686
9188
9696
9697
9699
9195
9630
9696
9703
9704
9706
2803
2815
3151
9635
9636
9639
9640
9703
9705
9707
9709
2804
2816
3152
9642
9643
9646
9647
2805
2817
3153
9649
9650
9653
9654
2806
2818
3154
9656
9657
9660
9661
2807
2819
3155
9663
9664
9667
9668
2808
2820
3156
9670
9671
9674
9675
2809
2821
3157
9677
9678
9681
9682
2810
2822
3158
9684
9685
9688
9689
9711
9713
9715
9202
9690
9710
9711
9713
9209
9710
9717
9718
9720
9220
9728
9729
9731
2814
2828
3162
9697
9698
9701
9702
9728
9730
9732
9734
2815
2829
3163
9704
9705
9708
9709
2816
2830
3164
2817
2831
3165
2818
2832
3166
2819
2833
3167
2820
2834
3168
2821
2835
3169
2822
2836
3170
2823
2837
3171
2824
2838
3172
9711
9712
9715
9716
2825
2839
3173
9718
9719
9722
9723
9736
9738
9740
9227
9724
9735
9736
9738
9238
9746
9747
9749
2828
2844
3176
9729
9730
9733
9734
9746
9748
9750
9752
2829
2845
3177
2830
2846
3178
2831
2847
3179
2832
2848
3180
2833
2849
3181
2834
2850
3182
2835
2851
3183
2836
2852
3184
2837
2853
3185
2838
2854
3186
2839
2855
3187
2840
2856
3188
2841
2857
3189
9736
9737
9740
9741
9754
9756
9758
9245
9742
9753
9754
9756
9254
9762
9763
9765
2844
2861
3192
9747
9748
9751
9752
9762
9764
9766
9768
2845
2862
3193
2846
2863
3194
2847
2864
3195
2848
2865
3196
2849
2866
3197
2850
2867
3198
2851
2868
3199
2852
2869
3200
2853
2870
3201
2854
2871
3202
2855
2872
3203
2856
2873
3204
2857
2874
3205
2858
2875
3206
2859
2876
3207
9754
9755
9758
9759
9770
9772
9774
9261
9760
9769
9770
9772
9272
9763
9776
9780
9781
9783
2862
2881
3210
9780
9782
9784
9786
2863
2882
3211
2864
2883
3212
2865
2884
3213
2866
2885
3214
2867
2886
3215
2868
2887
3216
2869
2888
3217
2870
2889
3218
2871
2890
3219
2872
2891
3220
2873
2892
3221
2874
2893
3222
2875
2894
3223
2876
2895
3224
2877
2896
3225
9788
9790
9792
9279
9770
9787
9788
9790
9284
9787
9794
9795
9289
9797
9798
9800
2881
2900
3229
9781
9782
9785
9786
9797
9799
9801
9803
2882
2901
3230
2883
2902
3231
2884
2903
3232
2885
2904
3233
2886
2905
3234
2887
2906
3235
2888
2907
3236
2889
2908
3237
2890
2909
3238
2891
2910
3239
2892
2911
3240
2893
2912
3241
2894
2913
3242
2895
2914
3243
2896
2915
3244
2897
2916
3245
2898
2917
3246
9788
9789
9792
9793
9805
9807
9809
9296
9794
9804
9805
9807
9305
9798
9813
9814
9816
2901
2920
3249
9813
9815
9817
9819
2902
2921
3250
2903
2922
3251
2904
2923
3252
2905
2924
3253
2906
2925
3254
2907
2926
3255
2908
2927
3256
2909
2928
3257
2910
2929
3258
2911
2930
3259
2912
2931
3260
2913
2932
3261
2914
2933
3262
2915
2934
3263
2916
2935
3264
2917
2936
3265
2918
2937
3266
9821
9823
9825
9312
9805
9820
9821
9823
9325
9814
9829
9833
9834
9836
2921
2941
3269
9833
9835
9837
9839
2922
2942
3270
2923
2943
3271
2924
2944
3272
2925
2945
3273
2926
2946
3274
2927
2947
3275
2928
2948
3276
2929
2949
3277
2930
2950
3278
2931
2951
3279
2932
2952
3280
2933
2953
3281
2934
2954
3282
2935
2955
3283
2936
2956
3284
2937
2957
3285
2938
2958
3286
9841
9843
9845
9332
9821
9840
9841
9843
9337
9827
9840
9847
9848
9346
9834
9850
9854
9855
9857
2942
2962
3290
9854
9856
9858
9860
2943
2963
3291
2944
2964
3292
2945
2965
3293
2946
2966
3294
2947
2967
3295
2948
2968
3296
2949
2969
3297
2950
2970
3298
2951
2971
3299
2952
2972
3300
2953
2973
3301
2954
2974
3302
2955
2975
3303
2956
2976
3304
2957
2977
3305
2958
2978
3306
2959
2979
3307
9862
9864
9866
9353
9841
9861
9862
9864
9358
9847
9861
9868
9869
9367
9855
9871
9875
9876
9878
2963
2983
3311
9875
9877
9879
9881
2964
2984
3312
2965
2985
3313
2966
2986
3314
2967
2987
3315
2968
2988
3316
2969
2989
3317
2970
2990
3318
2971
2991
3319
2972
2992
3320
2973
2993
3321
2974
2994
3322
2975
2995
3323
2976
2996
3324
2977
2997
3325
2978
2998
3326
2979
2999
3327
2980
3000
3328
9883
9885
9887
9374
9862
9882
9883
9885
9379
9868
9882
9889
9890
9388
9876
9892
9896
9897
9899
2984
3004
3332
9896
9898
9900
9902
2985
3005
3333
2986
3006
3334
2987
3007
3335
2988
3008
3336
2989
3009
3337
2990
3010
3338
2991
3011
3339
2992
3012
3340
2993
3013
3341
2994
3014
3342
2995
3015
3343
2996
3016
3344
2997
3017
3345
2998
3018
3346
2999
3019
3347
3000
3020
3348
3001
3021
3349
9904
9906
9908
9395
9883
9903
9904
9906
9400
9889
9903
9910
9911
9407
9897
9913
9915
9916
9918
3005
3025
3353
9915
9917
9919
9921
3006
3026
3354
3007
3027
3355
3008
3028
3356
3009
3029
3357
3010
3030
3358
3011
3031
3359
3012
3032
3360
3013
3033
3361
3014
3034
3362
3015
3035
3363
3016
3036
3364
3017
3037
3365
3018
3038
3366
3019
3039
3367
3020
3040
3368
3021
3041
3369
3022
3042
3370
9923
9925
9927
9414
9904
9922
9923
9925
9418
9910
9922
9929
9422
9916
9930
9931
9933
3026
3044
3374
9930
9932
9934
9936
9948
9951
9952
3027
3045
3375
3028
3046
3376
3029
3047
3377
3030
3048
3378
3031
3049
3379
3032
3050
3380
3033
3051
3381
3034
3052
3382
3035
3053
3383
3036
3054
3384
3037
3055
3385
3038
3056
3386
3039
3057
3387
3040
3058
3388
3041
3059
3389
3042
3060
3390
3043
3061
3391
9938
9940
9942
9955
9958
9959
9429
9923
9937
9938
9940
9440
9944
9948
9949
9951
3046
3064
3394
9948
9950
9952
9954
3047
3065
3395
3048
3066
3396
3049
3067
3397
3050
3068
3398
3051
3069
3399
3052
3070
3400
3053
3071
3401
3054
3072
3402
3055
3073
3403
3056
3074
3404
3057
3075
3405
3058
3076
3406
3059
3077
3407
3060
3078
3408
3061
3079
3409
9956
9958
9960
9447
9955
9956
9958
9452
9938
9955
9962
9963
9457
9949
9965
9966
9968
3065
3081
3413
9965
9967
9969
9971
9981
9984
9985
3066
3082
3414
3067
3083
3415
3068
3084
3416
3069
3085
3417
3070
3086
3418
3071
3087
3419
3072
3088
3420
3073
3089
3421
3074
3090
3422
3075
3091
3423
3076
3092
3424
3077
3093
3425
3078
3094
3426
3079
3095
3427
3080
3096
3428
9973
9975
9977
9988
9991
9992
9464
9956
9972
9973
9975
9473
9979
9981
9982
9984
3083
3098
3431
9981
9983
9985
9987
9998
10001
10002
3084
3099
3432
3085
3100
3433
3086
3101
3434
3087
3102
3435
3088
3103
3436
3089
3104
3437
3090
3105
3438
3091
3106
3439
3092
3107
3440
3093
3108
3441
3094
3109
3442
3095
3110
3443
3096
3111
3444
9989
9991
9993
10005
10008
10009
9480
9988
9989
9991
9484
9973
9988
9995
9490
9996
9998
9999
10001
3100
3113
3448
9998
10000
10002
10004
10015
10018
10019
3101
3114
3449
10022
10025
10026
3102
3115
3450
3103
3116
3451
3104
3117
3452
3105
3118
3453
3106
3119
3454
3107
3120
3455
3108
3121
3456
3109
3122
3457
3110
3123
3458
10029
10032
10033
3111
3124
3459
10006
10008
10010
10036
10039
10040
9497
10005
10006
10008
9501
9989
10005
10012
9507
10013
10015
10016
10018
9514
10015
10022
10023
10025
3116
3127
3464
10022
10024
10026
10028
10047
10050
10051
3117
3128
3465
10054
10057
10058
3118
3129
3466
10061
10064
10065
3119
3130
3467
10068
10071
10072
3120
3131
3468
10075
10078
10079
3121
3132
3469
10082
10085
10086
3122
3133
3470
10089
10092
10093
3123
3134
3471
10030
10032
10034
10096
10099
10100
9521
10029
10030
10032
9528
10029
10036
10037
10039
9532
10006
10036
10043
9534
10023
10044
10045
9539
10044
10047
10048
10050
9546
10047
10054
10055
10057
9553
10054
10061
10062
10064
9560
10061
10068
10069
10071
9567
10068
10075
10076
10078
9574
10075
10082
10083
10085
9581
10082
10089
10090
10092
9588
10089
10096
10097
10099
9593
10030
10096
10103
10104
9598
10062
10106
10108
10109
9601
10069
10108
10111
10112
9604
10076
10111
10114
10115
9607
10083
10114
10117
10118
9609
10090
10117
10120
9637
10145
10146
10148
9644
10145
10152
10153
10155
9651
10123
10152
10159
10160
10162
9658
10127
10159
10166
10167
10169
9665
10131
10166
10173
10174
10176
9672
10135
10173
10180
10181
10183
9679
10139
10180
10187
10188
10190
9686
10187
10194
10195
10197
9699
10207
10208
10210
9706
10141
10207
10214
10215
10217
3152
3164
3500
10146
10147
10150
10151
10214
10216
10218
10220
10681
10682
10683
3153
3165
3501
10153
10154
10157
10158
10688
10689
10690
3154
3166
3502
10160
10161
10164
10165
10695
10696
10697
3155
3167
3503
10167
10168
10171
10172
10702
10703
10704
3156
3168
3504
10174
10175
10178
10179
10709
10710
10711
3157
3169
3505
10181
10182
10185
10186
10716
10717
10718
3158
3170
3506
10188
10189
10192
10193
10723
10724
10725
3159
3171
3507
10195
10196
10199
10200
10222
10224
10226
10730
10731
10732
9713
10201
10221
10222
10224
9720
10221
10228
10229
10231
9731
10239
10240
10242
3163
3177
3511
10208
10209
10212
10213
10239
10241
10243
10245
10744
10745
10746
3164
3178
3512
10215
10216
10219
10220
10751
10752
10753
3165
3179
3513
10758
10759
10760
3166
3180
3514
10765
10766
10767
3167
3181
3515
10772
10773
10774
3168
3182
3516
10779
10780
10781
3169
3183
3517
10786
10787
10788
3170
3184
3518
10793
10794
10795
3171
3185
3519
10800
10801
10802
3172
3186
3520
10807
10808
10809
3173
3187
3521
10222
10223
10226
10227
10814
10815
10816
3174
3188
3522
10229
10230
10233
10234
10247
10249
10251
10821
10822
10823
9738
10235
10246
10247
10249
9749
10257
10258
10260
3177
3193
3525
10240
10241
10244
10245
10257
10259
10261
10263
10828
10829
10830
3178
3194
3526
10835
10836
10837
3179
3195
3527
10842
10843
10844
3180
3196
3528
10849
10850
10851
3181
3197
3529
10856
10857
10858
3182
3198
3530
10863
10864
10865
3183
3199
3531
10870
10871
10872
3184
3200
3532
10877
10878
10879
3185
3201
3533
10884
10885
10886
3186
3202
3534
10891
10892
10893
3187
3203
3535
10898
10899
10900
3188
3204
3536
10905
10906
10907
3189
3205
3537
10912
10913
10914
3190
3206
3538
10247
10248
10251
10252
10265
10267
10269
10919
10920
10921
9756
10253
10264
10265
10267
9765
10273
10274
10276
3193
3210
3541
10258
10259
10262
10263
10273
10275
10277
10279
10926
10927
10928
3194
3211
3542
10933
10934
10935
3195
3212
3543
10940
10941
10942
3196
3213
3544
10947
10948
10949
3197
3214
3545
10954
10955
10956
3198
3215
3546
10961
10962
10963
3199
3216
3547
10968
10969
10970
3200
3217
3548
10975
10976
10977
3201
3218
3549
10982
10983
10984
3202
3219
3550
10989
10990
10991
3203
3220
3551
10996
10997
10998
3204
3221
3552
11003
11004
11005
3205
3222
3553
11010
11011
11012
3206
3223
3554
11017
11018
11019
3207
3224
3555
11024
11025
11026
3208
3225
3556
10265
10266
10269
10270
10281
10283
10285
11031
11032
11033
9772
10271
10280
10281
10283
9783
10274
10287
10291
10292
10294
3211
3230
3559
10291
10293
10295
10297
11045
11046
11047
3212
3231
3560
11052
11053
11054
3213
3232
3561
11059
11060
11061
3214
3233
3562
11066
11067
11068
3215
3234
3563
11073
11074
11075
3216
3235
3564
11080
11081
11082
3217
3236
3565
11087
11088
11089
3218
3237
3566
11094
11095
11096
3219
3238
3567
11101
11102
11103
3220
3239
3568
11108
11109
11110
3221
3240
3569
11115
11116
11117
3222
3241
3570
11122
11123
11124
3223
3242
3571
11129
11130
11131
3224
3243
3572
11136
11137
11138
3225
3244
3573
11143
11144
11145
3226
3245
3574
10299
10301
10303
11150
11151
11152
9790
10281
10298
10299
10301
9795
10298
10305
10306
9800
10308
10309
10311
3230
3249
3578
10292
10293
10296
10297
10308
10310
10312
10314
11164
11165
11166
3231
3250
3579
11171
11172
11173
3232
3251
3580
11178
11179
11180
3233
3252
3581
11185
11186
11187
3234
3253
3582
11192
11193
11194
3235
3254
3583
11199
11200
11201
3236
3255
3584
11206
11207
11208
3237
3256
3585
11213
11214
11215
3238
3257
3586
11220
11221
11222
3239
3258
3587
11227
11228
11229
3240
3259
3588
11234
11235
11236
3241
3260
3589
11241
11242
11243
3242
3261
3590
11248
11249
11250
3243
3262
3591
11255
11256
11257
3244
3263
3592
11262
11263
11264
3245
3264
3593
11269
11270
11271
3246
3265
3594
11276
11277
11278
3247
3266
3595
10299
10300
10303
10304
10316
10318
10320
11283
11284
11285
9807
10305
10315
10316
10318
9816
10309
10324
10325
10327
3250
3269
3598
10324
10326
10328
10330
11297
11298
11299
3251
3270
3599
11304
11305
11306
3252
3271
3600
11311
11312
11313
3253
3272
3601
11318
11319
11320
3254
3273
3602
11325
11326
11327
3255
3274
3603
11332
11333
11334
3256
3275
3604
11339
11340
11341
3257
3276
3605
11346
11347
11348
3258
3277
3606
11353
11354
11355
3259
3278
3607
11360
11361
11362
3260
3279
3608
11367
11368
11369
3261
3280
3609
11374
11375
11376
3262
3281
3610
11381
11382
11383
3263
3282
3611
11388
11389
11390
3264
3283
3612
11395
11396
11397
3265
3284
3613
11402
11403
11404
3266
3285
3614
11409
11410
11411
3267
3286
3615
10332
10334
10336
11416
11417
11418
9823
10316
10331
10332
10334
9836
10325
10340
10344
10345
10347
3270
3290
3618
10344
10346
10348
10350
11437
11438
11439
3271
3291
3619
11444
11445
11446
3272
3292
3620
11451
11452
11453
3273
3293
3621
11458
11459
11460
3274
3294
3622
11465
11466
11467
3275
3295
3623
11472
11473
11474
3276
3296
3624
11479
11480
11481
3277
3297
3625
11486
11487
11488
3278
3298
3626
11493
11494
11495
3279
3299
3627
11500
11501
11502
3280
3300
3628
11507
11508
11509
3281
3301
3629
11514
11515
11516
3282
3302
3630
11521
11522
11523
3283
3303
3631
11528
11529
11530
3284
3304
3632
11535
11536
11537
3285
3305
3633
11542
11543
11544
3286
3306
3634
11549
11550
11551
3287
3307
3635
10352
10354
10356
11556
11557
11558
9843
10332
10351
10352
10354
9848
10338
10351
10358
10359
9857
10345
10361
10365
10366
10368
3291
3311
3639
10365
10367
10369
10371
11577
11578
11579
3292
3312
3640
11584
11585
11586
3293
3313
3641
11591
11592
11593
3294
3314
3642
11598
11599
11600
3295
3315
3643
11605
11606
11607
3296
3316
3644
11612
11613
11614
3297
3317
3645
11619
11620
11621
3298
3318
3646
11626
11627
11628
3299
3319
3647
11633
11634
11635
3300
3320
3648
11640
11641
11642
3301
3321
3649
11647
11648
11649
3302
3322
3650
11654
11655
11656
3303
3323
3651
11661
11662
11663
3304
3324
3652
11668
11669
11670
3305
3325
3653
11675
11676
11677
3306
3326
3654
11682
11683
11684
3307
3327
3655
11689
11690
11691
3308
3328
3656
10373
10375
10377
11696
11697
11698
9864
10352
10372
10373
10375
9869
10358
10372
10379
10380
9878
10366
10382
10386
10387
10389
3312
3332
3660
10386
10388
10390
10392
11717
11718
11719
3313
3333
3661
11724
11725
11726
3314
3334
3662
11731
11732
11733
3315
3335
3663
11738
11739
11740
3316
3336
3664
11745
11746
11747
3317
3337
3665
11752
11753
11754
3318
3338
3666
11759
11760
11761
3319
3339
3667
11766
11767
11768
3320
3340
3668
11773
11774
11775
3321
3341
3669
11780
11781
11782
3322
3342
3670
11787
11788
11789
3323
3343
3671
11794
11795
11796
3324
3344
3672
11801
11802
11803
3325
3345
3673
11808
11809
11810
3326
3346
3674
11815
11816
11817
3327
3347
3675
11822
11823
11824
3328
3348
3676
11829
11830
11831
3329
3349
3677
10394
10396
10398
11836
11837
11838
9885
10373
10393
10394
10396
9890
10379
10393
10400
10401
9899
10387
10403
10407
10408
10410
3333
3353
3681
10407
10409
10411
10413
11857
11858
11859
3334
3354
3682
11864
11865
11866
3335
3355
3683
11871
11872
11873
3336
3356
3684
11878
11879
11880
3337
3357
3685
11885
11886
11887
3338
3358
3686
11892
11893
11894
3339
3359
3687
11899
11900
11901
3340
3360
3688
11906
11907
11908
3341
3361
3689
11913
11914
11915
3342
3362
3690
11920
11921
11922
3343
3363
3691
11927
11928
11929
3344
3364
3692
11934
11935
11936
3345
3365
3693
11941
11942
11943
3346
3366
3694
11948
11949
11950
3347
3367
3695
11955
11956
11957
3348
3368
3696
11962
11963
11964
3349
3369
3697
11969
11970
11971
3350
3370
3698
10415
10417
10419
11976
11977
11978
9906
10394
10414
10415
10417
9911
10400
10414
10421
10422
9918
10408
10424
10426
10427
10429
3354
3374
3702
10426
10428
10430
10432
11997
11998
11999
3355
3375
3703
12004
12005
12006
3356
3376
3704
12011
12012
12013
3357
3377
3705
12018
12019
12020
3358
3378
3706
12025
12026
12027
3359
3379
3707
12032
12033
12034
3360
3380
3708
12039
12040
12041
3361
3381
3709
12046
12047
12048
3362
3382
3710
12053
12054
12055
3363
3383
3711
12060
12061
12062
3364
3384
3712
12067
12068
12069
3365
3385
3713
12074
12075
12076
3366
3386
3714
12081
12082
12083
3367
3387
3715
12088
12089
12090
3368
3388
3716
12095
12096
12097
3369
3389
3717
12102
12103
12104
3370
3390
3718
12109
12110
12111
3371
3391
3719
10434
10436
10438
12116
12117
12118
9925
10415
10433
10434
10436
9929
10421
10433
10440
9933
10427
10441
10442
10444
3375
3393
3723
10441
10443
10445
10447
10459
10462
10463
12130
12131
12132
3376
3394
3724
12137
12138
12139
3377
3395
3725
12144
12145
12146
3378
3396
3726
12151
12152
12153
3379
3397
3727
12158
12159
12160
3380
3398
3728
12165
12166
12167
3381
3399
3729
12172
12173
12174
3382
3400
3730
12179
12180
12181
3383
3401
3731
12186
12187
12188
3384
3402
3732
12193
12194
12195
3385
3403
3733
12200
12201
12202
3386
3404
3734
12207
12208
12209
3387
3405
3735
12214
12215
12216
3388
3406
3736
12221
12222
12223
3389
3407
3737
12228
12229
12230
3390
3408
3738
12235
12236
12237
3391
3409
3739
12242
12243
12244
3392
3410
3740
10449
10451
10453
10466
10469
10470
12249
12250
12251
9940
10434
10448
10449
10451
9951
10455
10459
10460
10462
3395
3413
3743
10459
10461
10463
10465
12263
12264
12265
3396
3414
3744
12270
12271
12272
3397
3415
3745
12277
12278
12279
3398
3416
3746
12284
12285
12286
3399
3417
3747
12291
12292
12293
3400
3418
3748
12298
12299
12300
3401
3419
3749
12305
12306
12307
3402
3420
3750
12312
12313
12314
3403
3421
3751
12319
12320
12321
3404
3422
3752
12326
12327
12328
3405
3423
3753
12333
12334
12335
3406
3424
3754
12340
12341
12342
3407
3425
3755
12347
12348
12349
3408
3426
3756
12354
12355
12356
3409
3427
3757
12361
12362
12363
3410
3428
3758
10467
10469
10471
12368
12369
12370
9958
10466
10467
10469
9963
10449
10466
10473
10474
9968
10460
10476
10477
10479
3414
3430
3762
10476
10478
10480
10482
10492
10495
10496
12382
12383
12384
3415
3431
3763
12389
12390
12391
3416
3432
3764
12396
12397
12398
3417
3433
3765
12403
12404
12405
3418
3434
3766
12410
12411
12412
3419
3435
3767
12417
12418
12419
3420
3436
3768
12424
12425
12426
3421
3437
3769
12431
12432
12433
3422
3438
3770
12438
12439
12440
3423
3439
3771
12445
12446
12447
3424
3440
3772
12452
12453
12454
3425
3441
3773
12459
12460
12461
3426
3442
3774
12466
12467
12468
3427
3443
3775
12473
12474
12475
3428
3444
3776
12480
12481
12482
3429
3445
3777
10484
10486
10488
10499
10502
10503
12487
12488
12489
9975
10467
10483
10484
10486
9984
10490
10492
10493
10495
3432
3447
3780
10492
10494
10496
10498
10509
10512
10513
12494
12495
12496
3433
3448
3781
12501
12502
12503
3434
3449
3782
12508
12509
12510
3435
3450
3783
12515
12516
12517
3436
3451
3784
12522
12523
12524
3437
3452
3785
12529
12530
12531
3438
3453
3786
12536
12537
12538
3439
3454
3787
12543
12544
12545
3440
3455
3788
12550
12551
12552
3441
3456
3789
12557
12558
12559
3442
3457
3790
12564
12565
12566
3443
3458
3791
12571
12572
12573
3444
3459
3792
12578
12579
12580
3445
3460
3793
10500
10502
10504
10516
10519
10520
12585
12586
12587
9991
10499
10500
10502
9995
10484
10499
10506
10001
10507
10509
10510
10512
3449
3462
3797
10509
10511
10513
10515
10526
10529
10530
12592
12593
12594
3450
3463
3798
10533
10536
10537
12599
12600
12601
3451
3464
3799
12606
12607
12608
3452
3465
3800
12613
12614
12615
3453
3466
3801
12620
12621
12622
3454
3467
3802
12627
12628
12629
3455
3468
3803
12634
12635
12636
3456
3469
3804
12641
12642
12643
3457
3470
3805
12648
12649
12650
3458
3471
3806
12655
12656
12657
3459
3472
3807
10540
10543
10544
12662
12663
12664
3460
3473
3808
10517
10519
10521
10547
10550
10551
12669
12670
12671
10008
10516
10517
10519
10012
10500
10516
10523
10018
10524
10526
10527
10529
10025
10526
10533
10534
10536
3465
3476
3813
10533
10535
10537
10539
10558
10561
10562
12683
12684
12685
3466
3477
3814
10565
10568
10569
12690
12691
12692
3467
3478
3815
10572
10575
10576
12697
12698
12699
3468
3479
3816
10579
10582
10583
12704
12705
12706
3469
3480
3817
10586
10589
10590
12711
12712
12713
3470
3481
3818
10593
10596
10597
12718
12719
12720
3471
3482
3819
10600
10603
10604
12725
12726
12727
3472
3483
3820
10541
10543
10545
10607
10610
10611
12732
12733
12734
10032
10540
10541
10543
10039
10540
10547
10548
10550
10043
10517
10547
10554
10045
10534
10555
10556
10050
10555
10558
10559
10561
10057
10558
10565
10566
10568
10064
10565
10572
10573
10575
10071
10572
10579
10580
10582
10078
10579
10586
10587
10589
10085
10586
10593
10594
10596
10092
10593
10600
10601
10603
10099
10600
10607
10608
10610
10104
10541
10607
10614
10615
10109
10573
10617
10619
10620
10112
10580
10619
10622
10623
10115
10587
10622
10625
10626
10118
10594
10625
10628
10629
10120
10601
10628
10631
4235
4236
4238
10148
4235
10155
10632
10633
10635
4213
10162
10632
10639
10640
10642
4217
10169
10639
10646
10647
10649
4221
10176
10646
10653
10654
10656
4225
10183
10653
10660
10661
10663
4229
10190
10660
10667
10668
10670
4242
4243
4245
10197
10667
4255
4256
4258
10210
4231
4255
10217
10674
10675
10677
4236
10674
10681
10682
10684
10633
10681
10688
10689
10691
10640
10688
10695
10696
10698
10647
10695
10702
10703
10705
10654
10702
10709
10710
10712
10661
10709
10716
10717
10719
10668
10716
10723
10724
10726
4243
10723
10730
10731
10733
4249
10224
10730
10737
10738
10740
4262
4263
4265
10231
10737
4273
4274
4276
10242
4256
4273
10744
10745
10747
10675
10744
10751
10752
10754
10682
10751
10758
10759
10761
10689
10758
10765
10766
10768
10696
10765
10772
10773
10775
10703
10772
10779
10780
10782
10710
10779
10786
10787
10789
10717
10786
10793
10794
10796
10724
10793
10800
10801
10803
10731
10800
10807
10808
10810
10738
10807
10814
10815
10817
4263
10814
10821
10822
10824
4269
4280
4281
4283
10249
10821
4442
4443
4445
10260
4274
4442
10828
10829
10831
10745
10828
10835
10836
10838
10752
10835
10842
10843
10845
10759
10842
10849
10850
10852
10766
10849
10856
10857
10859
10773
10856
10863
10864
10866
10780
10863
10870
10871
10873
10787
10870
10877
10878
10880
10794
10877
10884
10885
10887
10801
10884
10891
10892
10894
10808
10891
10898
10899
10901
10815
10898
10905
10906
10908
10822
10905
10912
10913
10915
4281
10912
10919
10920
10922
4287
4291
4292
4294
10267
10919
4300
4301
4303
10276
4300
4443
10926
10927
10929
10829
10926
10933
10934
10936
10836
10933
10940
10941
10943
10843
10940
10947
10948
10950
10850
10947
10954
10955
10957
10857
10954
10961
10962
10964
10864
10961
10968
10969
10971
10871
10968
10975
10976
10978
10878
10975
10982
10983
10985
10885
10982
10989
10990
10992
10892
10989
10996
10997
10999
10899
10996
11003
11004
11006
10906
11003
11010
11011
11013
10913
11010
11017
11018
11020
10920
11017
11024
11025
11027
4292
11024
11031
11032
11034
4298
4307
4308
4310
10283
11031
4301
4314
10294
11038
11039
11041
10927
11038
11045
11046
11048
10934
11045
11052
11053
11055
10941
11052
11059
11060
11062
10948
11059
11066
11067
11069
10955
11066
11073
11074
11076
10962
11073
11080
11081
11083
10969
11080
11087
11088
11090
10976
11087
11094
11095
11097
10983
11094
11101
11102
11104
10990
11101
11108
11109
11111
10997
11108
11115
11116
11118
11004
11115
11122
11123
11125
11011
11122
11129
11130
11132
11018
11129
11136
11137
11139
11025
11136
11143
11144
11146
11032
11143
11150
11151
11153
4308
10301
11150
11157
11158
11160
4318
4319
10306
11157
4321
4322
4324
10311
4321
11039
11164
11165
11167
11046
11164
11171
11172
11174
11053
11171
11178
11179
11181
11060
11178
11185
11186
11188
11067
11185
11192
11193
11195
11074
11192
11199
11200
11202
11081
11199
11206
11207
11209
11088
11206
11213
11214
11216
11095
11213
11220
11221
11223
11102
11220
11227
11228
11230
11109
11227
11234
11235
11237
11116
11234
11241
11242
11244
11123
11241
11248
11249
11251
11130
11248
11255
11256
11258
11137
11255
11262
11263
11265
11144
11262
11269
11270
11272
11151
11269
11276
11277
11279
11158
11276
11283
11284
11286
4318
4328
4329
4331
10318
11283
4322
10327
11290
11291
11293
11165
11290
11297
11298
11300
11172
11297
11304
11305
11307
11179
11304
11311
11312
11314
11186
11311
11318
11319
11321
11193
11318
11325
11326
11328
11200
11325
11332
11333
11335
11207
11332
11339
11340
11342
11214
11339
11346
11347
11349
11221
11346
11353
11354
11356
11228
11353
11360
11361
11363
11235
11360
11367
11368
11370
11242
11367
11374
11375
11377
11249
11374
11381
11382
11384
11256
11381
11388
11389
11391
11263
11388
11395
11396
11398
11270
11395
11402
11403
11405
11277
11402
11409
11410
11412
11284
11409
11416
11417
11419
4329
10334
11416
11423
11424
11426
4337
10347
11291
11430
11431
11433
11298
11430
11437
11438
11440
11305
11437
11444
11445
11447
11312
11444
11451
11452
11454
11319
11451
11458
11459
11461
11326
11458
11465
11466
11468
11333
11465
11472
11473
11475
11340
11472
11479
11480
11482
11347
11479
11486
11487
11489
11354
11486
11493
11494
11496
11361
11493
11500
11501
11503
11368
11500
11507
11508
11510
11375
11507
11514
11515
11517
11382
11514
11521
11522
11524
11389
11521
11528
11529
11531
11396
11528
11535
11536
11538
11403
11535
11542
11543
11545
11410
11542
11549
11550
11552
11417
11549
11556
11557
11559
10354
11424
11556
11563
11564
11566
4335
4341
4342
10359
11563
4344
10368
11431
11570
11571
11573
11438
11570
11577
11578
11580
11445
11577
11584
11585
11587
11452
11584
11591
11592
11594
11459
11591
11598
11599
11601
11466
11598
11605
11606
11608
11473
11605
11612
11613
11615
11480
11612
11619
11620
11622
11487
11619
11626
11627
11629
11494
11626
11633
11634
11636
11501
11633
11640
11641
11643
11508
11640
11647
11648
11650
11515
11647
11654
11655
11657
11522
11654
11661
11662
11664
11529
11661
11668
11669
11671
11536
11668
11675
11676
11678
11543
11675
11682
11683
11685
11550
11682
11689
11690
11692
11557
11689
11696
11697
11699
10375
11564
11696
11703
11704
11706
4341
4451
4452
10380
11703
4454
10389
11571
11710
11711
11713
11578
11710
11717
11718
11720
11585
11717
11724
11725
11727
11592
11724
11731
11732
11734
11599
11731
11738
11739
11741
11606
11738
11745
11746
11748
11613
11745
11752
11753
11755
11620
11752
11759
11760
11762
11627
11759
11766
11767
11769
11634
11766
11773
11774
11776
11641
11773
11780
11781
11783
11648
11780
11787
11788
11790
11655
11787
11794
11795
11797
11662
11794
11801
11802
11804
11669
11801
11808
11809
11811
11676
11808
11815
11816
11818
11683
11815
11822
11823
11825
11690
11822
11829
11830
11832
11697
11829
11836
11837
11839
10396
11704
11836
11843
11844
11846
4348
4349
4451
10401
11843
4458
10410
11711
11850
11851
11853
11718
11850
11857
11858
11860
11725
11857
11864
11865
11867
11732
11864
11871
11872
11874
11739
11871
11878
11879
11881
11746
11878
11885
11886
11888
11753
11885
11892
11893
11895
11760
11892
11899
11900
11902
11767
11899
11906
11907
11909
11774
11906
11913
11914
11916
11781
11913
11920
11921
11923
11788
11920
11927
11928
11930
11795
11927
11934
11935
11937
11802
11934
11941
11942
11944
11809
11941
11948
11949
11951
11816
11948
11955
11956
11958
11823
11955
11962
11963
11965
11830
11962
11969
11970
11972
11837
11969
11976
11977
11979
10417
11844
11976
11983
11984
11986
4348
4351
4352
10422
11983
4354
10429
11851
11990
11991
11993
11858
11990
11997
11998
12000
11865
11997
12004
12005
12007
11872
12004
12011
12012
12014
11879
12011
12018
12019
12021
11886
12018
12025
12026
12028
11893
12025
12032
12033
12035
11900
12032
12039
12040
12042
11907
12039
12046
12047
12049
11914
12046
12053
12054
12056
11921
12053
12060
12061
12063
11928
12060
12067
12068
12070
11935
12067
12074
12075
12077
11942
12074
12081
12082
12084
11949
12081
12088
12089
12091
11956
12088
12095
12096
12098
11963
12095
12102
12103
12105
11970
12102
12109
12110
12112
11977
12109
12116
12117
12119
10436
11984
12116
12123
12124
12126
4351
4356
10440
12123
4357
4358
4360
10444
11991
4357
11998
12130
12131
12133
12005
12130
12137
12138
12140
12012
12137
12144
12145
12147
12019
12144
12151
12152
12154
12026
12151
12158
12159
12161
12033
12158
12165
12166
12168
12040
12165
12172
12173
12175
12047
12172
12179
12180
12182
12054
12179
12186
12187
12189
12061
12186
12193
12194
12196
12068
12193
12200
12201
12203
12075
12200
12207
12208
12210
12082
12207
12214
12215
12217
12089
12214
12221
12222
12224
12096
12221
12228
12229
12231
12103
12228
12235
12236
12238
12110
12235
12242
12243
12245
12117
12242
12249
12250
12252
4364
4365
4367
10451
12124
12249
4371
10462
12131
12256
12257
12259
12138
12256
12263
12264
12266
12145
12263
12270
12271
12273
12152
12270
12277
12278
12280
12159
12277
12284
12285
12287
12166
12284
12291
12292
12294
12173
12291
12298
12299
12301
12180
12298
12305
12306
12308
12187
12305
12312
12313
12315
12194
12312
12319
12320
12322
12201
12319
12326
12327
12329
12208
12326
12333
12334
12336
12215
12333
12340
12341
12343
12222
12340
12347
12348
12350
12229
12347
12354
12355
12357
12236
12354
12361
12362
12364
12243
12361
12368
12369
12371
10469
12250
12368
12375
12376
12378
4365
4375
4376
10474
12375
4378
4379
4381
10479
12257
4378
12264
12382
12383
12385
12271
12382
12389
12390
12392
12278
12389
12396
12397
12399
12285
12396
12403
12404
12406
12292
12403
12410
12411
12413
12299
12410
12417
12418
12420
12306
12417
12424
12425
12427
12313
12424
12431
12432
12434
12320
12431
12438
12439
12441
12327
12438
12445
12446
12448
12334
12445
12452
12453
12455
12341
12452
12459
12460
12462
12348
12459
12466
12467
12469
12355
12466
12473
12474
12476
12362
12473
12480
12481
12483
12369
12480
12487
12488
12490
4385
4386
4388
10486
12376
12487
4392
4394
4395
4397
10495
12383
4394
12390
12494
12495
12497
12397
12494
12501
12502
12504
12404
12501
12508
12509
12511
12411
12508
12515
12516
12518
12418
12515
12522
12523
12525
12425
12522
12529
12530
12532
12432
12529
12536
12537
12539
12439
12536
12543
12544
12546
12446
12543
12550
12551
12553
12453
12550
12557
12558
12560
12460
12557
12564
12565
12567
12467
12564
12571
12572
12574
12474
12571
12578
12579
12581
12481
12578
12585
12586
12588
4401
4402
4404
10502
12488
12585
4386
4401
4408
10506
4409
4462
4463
4465
10512
12495
4462
12502
12592
12593
12595
12509
12592
12599
12600
12602
12516
12599
12606
12607
12609
12523
12606
12613
12614
12616
12530
12613
12620
12621
12623
12537
12620
12627
12628
12630
12544
12627
12634
12635
12637
12551
12634
12641
12642
12644
12558
12641
12648
12649
12651
12565
12648
12655
12656
12658
12572
12655
12662
12663
12665
12579
12662
12669
12670
12672
4469
4470
4472
10519
12586
12669
4402
4411
4469
10523
4476
4478
4479
4481
10529
12593
4478
10536
12600
12676
12677
12679
12607
12676
12683
12684
12686
12614
12683
12690
12691
12693
12621
12690
12697
12698
12700
12628
12697
12704
12705
12707
12635
12704
12711
12712
12714
12642
12711
12718
12719
12721
12649
12718
12725
12726
12728
12656
12725
12732
12733
12735
10543
12663
12732
12739
12740
12742
4412
4413
4415
10550
12670
12739
4412
4470
4485
10554
4419
4420
10556
12677
4419
4486
4487
4489
10561
12684
4486
10568
12691
12746
12747
12749
10575
12698
12746
12753
12754
12756
10582
12705
12753
12760
12761
12763
10589
12712
12760
12767
12768
12770
10596
12719
12767
12774
12775
12777
10603
12726
12774
12781
12782
12784
4422
4423
4425
10610
12733
12781
4422
4493
4494
10615
12740
4429
4430
4496
10620
12754
4429
4432
4433
10623
12761
4432
4435
4436
10626
12768
4435
4438
4439
10629
12775
4438
4441
10631
12782
3840
3856
5522
3841
3859
5524
3842
3860
5525
3843
3863
5528
3844
3864
5529
3845
3867
5532
3846
3868
5533
3847
3871
5536
3848
3872
5537
3875
5540
3850
3890
5542
3853
3891
5543
3852
3853
3854
3855
5546
3854
3894
5547
3857
3895
5548
3856
3857
3858
3859
5553
3858
4498
5554
3861
4499
5555
3860
3861
3862
3863
5560
3862
4502
5561
3865
4503
5562
3864
3865
3866
3867
5567
3866
4506
5568
3869
4507
5569
3868
3869
3870
3871
5574
3870
4510
5575
3873
4511
5576
3872
3873
3874
3875
5581
3874
4514
5582
3877
4515
5583
3876
3877
3878
3879
5588
3878
4518
5589
3881
4519
5590
3880
3881
3882
5595
3882
3898
5596
3883
3899
5597
3884
3902
5602
3903
5603
3888
3913
5606
3887
3888
3889
3890
5608
3889
3916
5609
3892
3917
5610
3891
3892
3893
3894
5615
3893
4522
5616
3896
4523
5617
3895
3896
3897
4498
12788
3897
4526
12789
4500
4527
12790
3899
3900
4519
3901
3902
12837
3901
4521
4554
12838
3904
4555
12839
3903
3904
3905
3906
5622
3905
4558
5623
3908
4559
5624
3907
3908
3909
5629
3909
3920
5630
3910
3921
5631
3924
5636
3914
3931
5638
3913
3914
3915
3916
5640
3915
3934
5641
3918
3935
5642
3917
3918
3919
4522
12844
3919
4562
12845
4524
4563
12846
3921
3922
4559
3923
3924
12921
3923
4561
4606
12922
3926
4607
12923
3925
3926
3927
5647
3927
3938
5648
3928
3939
5649
3942
5654
3932
3948
5656
3931
3932
3933
3934
5658
3933
3951
5659
3936
3952
5660
3935
3936
3937
4562
12928
3937
4610
12929
4564
4611
12930
3939
3940
4607
3941
3942
13019
3941
4609
4662
13020
3944
4663
13021
3943
3944
3945
5665
3945
3955
5666
3946
3956
5667
3959
5672
3948
3949
3950
3951
5674
3950
3965
5675
3953
3966
5676
3952
3953
3954
4610
13026
3954
4666
13027
4612
4667
13028
3956
3957
4663
3958
3959
13131
3958
4665
4726
13132
3961
4727
13133
3960
3961
3962
5681
3962
3969
5682
3970
5683
3964
3965
5688
3967
3976
5689
3966
3967
3968
4666
5692
3968
3979
5693
3980
4668
5694
3970
3971
4727
3972
3973
5699
3972
3983
4729
5700
3974
3984
5701
3974
3987
5706
3976
3977
3978
3979
5709
3978
3992
5710
3981
3993
5711
3980
3981
3982
4730
13250
3982
4794
13251
4732
4795
13252
3984
3985
4791
3986
3987
13369
3986
4793
4862
13370
3989
4863
13371
3988
3989
3990
5716
3990
3996
5717
3997
5718
3994
4001
5723
3993
3994
3995
4794
5725
3995
4003
5726
4004
4796
5727
3997
3998
4863
3999
5732
3999
4007
4865
5733
4000
4008
5734
4011
5739
4002
4003
5741
4005
4013
5742
4004
4005
4006
4866
5745
4006
4015
5746
4016
4868
5747
4008
4009
4935
4010
4011
5752
4010
4019
4937
5753
4012
4020
5754
4012
4023
5759
4014
4015
5762
4017
4025
5763
4016
4017
4018
4938
5766
4018
4027
5767
4028
4940
5768
4020
4021
5007
4022
4023
5773
4022
4031
5009
5774
4024
4032
5775
4024
4035
5780
4026
4027
5783
4029
4037
5784
4028
4029
4030
5010
5787
4030
4039
5788
4040
5012
5789
4032
4033
5079
4034
4035
5794
4034
4043
5081
5795
4036
4044
5796
4036
4047
5801
4038
4039
5804
4041
4049
5805
4040
4041
4042
5082
5808
4042
4050
5809
4051
5084
5810
4044
4045
5151
4046
4047
5815
4046
4054
5153
5816
4048
4055
5817
4048
4058
5822
4050
5825
4051
4052
4053
5154
5827
4053
4059
5828
4060
5156
5829
4055
4056
5223
4057
4058
5834
4057
4071
5225
5835
4072
5836
4060
4061
4062
4063
5842
4062
5843
4065
4075
5844
4064
4065
5156
4066
5157
5226
14132
4066
4077
14133
4078
5228
14134
4068
4069
5224
5287
4070
4071
5225
14251
4070
4081
5289
14252
4073
4082
14253
4072
4073
4074
5849
4074
4085
5850
5851
4076
4077
5856
4079
5857
4078
4079
4080
5290
5860
4080
4087
5861
4088
5292
5862
4082
4083
5351
4084
4085
5867
4084
4099
5353
5868
4086
4100
5869
4086
5874
4088
4089
4090
4091
5877
4090
5878
4093
4103
5879
4092
4093
5292
4094
5293
5354
14370
4094
4104
14371
4105
5356
14372
4096
4097
5352
5407
4098
4099
5353
14475
4098
4116
5409
14476
4101
4117
14477
4100
4101
4102
5884
4102
4120
5885
5886
4104
5891
4105
4106
4107
4108
5893
4107
5894
4110
4121
5895
4109
4110
5356
4111
5357
5410
14482
4111
4122
14483
4123
5412
14484
4113
4114
5408
5455
4115
4116
5409
14573
4115
4134
5457
14574
4118
4135
14575
4117
4118
4119
4120
5900
4119
4138
5901
5902
4122
5908
4123
4124
4125
4126
5910
4125
5911
4128
4139
5912
4127
4128
5412
4129
5413
5458
14580
4129
4140
14581
4141
5460
14582
4131
4132
5456
5495
4133
4134
5457
14657
4133
4160
5497
14658
4136
4161
14659
4135
4136
4137
4138
5917
4137
4164
5918
5919
4140
5925
4141
4142
4143
4144
5927
4143
5928
4146
5929
4145
4146
5460
4147
4148
5461
5934
4147
4165
5935
4150
4166
5936
4149
4150
5464
4151
5465
5498
14664
4151
4167
14665
4168
5500
14666
4153
4154
5492
5519
4155
4156
5493
14713
4155
4195
5521
14714
4158
4196
14715
4157
4158
5496
4159
4160
5497
5941
4159
4199
5942
4162
4200
5943
4161
4162
4163
4164
5948
4163
5949
5950
4166
4167
5956
4168
4169
4170
4171
5959
4170
5960
4173
5961
4172
4173
5500
4174
4175
5501
5966
4174
5967
4177
4201
5968
4176
4177
5504
4178
4179
5505
5973
4178
4202
5974
4181
4203
5975
4180
4181
5508
4182
4183
5509
5980
4182
4204
5981
4185
4205
5982
4184
4185
5512
4186
4187
5513
5987
4186
4206
5988
4189
4207
5989
4188
4189
5516
4190
4191
5517
5994
4190
4208
5995
4193
4209
5996
4192
4193
5520
4194
4195
5521
6001
4194
4210
6002
4197
6003
4196
4197
4198
4199
6008
4198
6009
6010
4200
6015
4202
6018
4203
4204
6020
4205
4206
6023
4207
4208
6026
4209
4210
6029
4212
4213
10122
10632
4215
10636
4214
4215
10125
4216
4217
10126
10639
4216
10642
4219
10643
4218
4219
10129
4220
4221
10130
10646
4220
10649
4223
10650
4222
4223
10133
4224
4225
10134
10653
4224
10656
4227
10657
4226
4227
10137
4228
4229
10138
10660
4228
10663
4230
10664
4230
10140
10670
4232
4233
10143
4234
4236
10144
10674
4234
10677
4240
10678
4237
4239
10149
4237
4240
10150
4241
10151
10633
10681
4239
4240
4241
10635
4241
10684
10637
10685
4244
4246
10198
4244
4247
10199
10669
4248
4249
10200
10730
4246
4247
10671
4248
4248
10673
10733
4251
10734
4250
4251
10203
4252
10204
10737
4252
10740
10741
4254
4256
4273
10206
4260
4277
4257
4259
10211
4257
4260
10212
4261
10213
10675
10744
4259
4260
4261
10677
4261
10747
10679
10748
4264
4266
10232
4264
4267
10233
10739
4268
4269
10234
10821
4266
4267
10741
4268
4268
10743
10824
4270
10825
4270
10236
4283
4272
4274
4442
10238
4278
4446
4275
4277
10243
4275
4278
10244
4279
10245
10745
10828
4277
4278
4279
10747
4279
10831
10749
10832
4282
4284
10250
4282
4285
10251
10823
4286
4287
10252
10919
4284
4285
10825
4286
4286
10827
10922
4288
10923
4288
10254
4294
4290
4300
4443
10256
4304
4447
4293
4295
10268
4293
4296
10269
10921
4297
4298
10270
11031
4295
4296
10923
4297
4297
10925
11034
4299
11035
4299
10272
4310
4302
4304
10277
4302
4305
10278
4306
10279
10927
11038
4304
4305
4306
10929
4306
11041
10931
11042
4309
4311
10284
4309
4312
10285
11033
4313
10286
11157
4311
4312
11035
4313
4313
11037
11160
11161
4315
4316
10289
4317
4321
10290
11039
4317
11041
4325
11043
4320
10307
11159
4320
11161
4331
11163
4323
4325
10312
4323
4326
10313
4327
10314
11165
11290
4325
4326
4327
11167
4327
11293
11169
11294
4330
4332
10319
4330
4333
10320
11285
4334
10321
11423
4332
4333
11287
4334
4334
11289
11426
11427
4336
10339
11425
4342
11429
4338
4339
4449
10342
4340
4344
10343
11431
4340
4450
11433
4346
11435
4343
10360
11565
4343
11567
4452
11569
4345
4346
10363
4347
4454
10364
11571
4347
11573
4456
11575
4350
10402
11845
4350
4453
11847
4352
11849
4353
10423
11985
4353
11987
4356
11989
4355
4459
10425
4461
11993
12127
4359
4361
10445
11992
4359
4362
10446
4363
4371
10447
12131
4361
4362
11995
4363
11996
12133
4363
4373
12135
4366
4368
10452
12125
4366
4369
10453
12251
4370
10454
4368
4369
12128
12253
4370
12129
4370
4376
12255
4372
4373
10457
4374
10458
12257
4374
12259
12261
4377
10475
12377
4377
12379
12381
4380
4382
10480
12258
4380
4383
10481
4384
4392
10482
12383
4382
4383
12261
4384
12262
12385
4384
4393
12387
4387
4389
10487
12377
4387
4390
10488
12489
4391
10489
4389
4390
12380
12491
4391
12381
4391
4408
12493
4393
10491
4397
4396
4398
10496
12384
4396
4399
10497
4400
4409
10498
12495
4398
4399
12387
4400
12388
12497
4400
4410
12499
4403
4405
10503
12489
4403
4406
10504
12587
4407
10505
4405
4406
12492
12589
4407
4408
12493
4407
4411
12591
4410
10508
4465
4473
4414
4416
10551
12671
4414
4417
10552
12741
4418
10553
4416
4417
12674
12743
4418
4485
12675
4418
12745
4421
10557
12678
4421
12681
4489
12682
4424
4426
10611
12734
4424
4427
10612
12783
4428
10613
4426
4427
12737
12785
4428
4494
12738
4428
12787
4431
10621
12755
4431
4497
12758
4433
12759
4434
10624
12762
4434
12765
4436
12766
4437
10627
12769
4437
12772
4439
12773
4440
10630
12776
4440
12779
4441
12780
12786
4444
4446
10261
4444
4447
10262
4448
10263
10829
10926
4446
4447
4448
10831
4448
10929
10833
10930
4450
10323
11291
11295
4453
10381
11705
4453
11707
11709
4455
4456
10384
4457
4458
10385
11711
4457
11713
4460
11715
4459
4460
10405
4461
10406
11851
4461
11853
11855
4464
4466
10513
12496
4464
4467
10514
4468
4476
10515
12593
4466
4467
12499
4468
12500
12595
4468
4477
12597
4471
4473
10520
12587
4471
4474
10521
12671
4475
10522
4473
4474
12590
12673
4475
12591
4475
4485
12675
4477
10525
4481
4480
4482
10530
12594
4480
4483
10531
4484
10532
12677
4482
4483
12597
4484
12598
12679
4484
12681
4488
4490
10562
12685
4488
4491
10563
4492
10564
12747
4490
4491
12688
4492
12689
12749
4492
12751
4495
10616
12741
4495
12744
12745
4497
10618
12748
12752
4499
4500
4501
4502
12795
4501
4530
12796
4504
4531
12797
4503
4504
4505
4506
12802
4505
4534
12803
4508
4535
12804
4507
4508
4509
4510
12809
4509
4538
12810
4512
4539
12811
4511
4512
4513
4514
12816
4513
4542
12817
4516
4543
12818
4515
4516
4517
4518
12823
4517
4546
12824
4520
4547
12825
4519
4520
4521
12830
4521
4550
12831
4551
12832
4523
4524
4525
4526
12851
4525
4566
12852
4528
4567
12853
4527
4528
4529
4530
12858
4529
4570
12859
4532
4571
12860
4531
4532
4533
4534
12865
4533
4574
12866
4536
4575
12867
4535
4536
4537
4538
12872
4537
4578
12873
4540
4579
12874
4539
4540
4541
4542
12879
4541
4582
12880
4544
4583
12881
4543
4544
4545
4546
12886
4545
4586
12887
4548
4587
12888
4547
4548
4549
4550
12893
4549
4590
12894
4552
4591
12895
4551
4552
4553
4554
12900
4553
4594
12901
4556
4595
12902
4555
4556
4557
4558
12907
4557
4598
12908
4560
4599
12909
4559
4560
4561
12914
4561
4602
12915
4603
12916
4563
4564
4565
4566
12935
4565
4614
12936
4568
4615
12937
4567
4568
4569
4570
12942
4569
4618
12943
4572
4619
12944
4571
4572
4573
4574
12949
4573
4622
12950
4576
4623
12951
4575
4576
4577
4578
12956
4577
4626
12957
4580
4627
12958
4579
4580
4581
4582
12963
4581
4630
12964
4584
4631
12965
4583
4584
4585
4586
12970
4585
4634
12971
4588
4635
12972
4587
4588
4589
4590
12977
4589
4638
12978
4592
4639
12979
4591
4592
4593
4594
12984
4593
4642
12985
4596
4643
12986
4595
4596
4597
4598
12991
4597
4646
12992
4600
4647
12993
4599
4600
4601
4602
12998
4601
4650
12999
4604
4651
13000
4603
4604
4605
4606
13005
4605
4654
13006
4608
4655
13007
4607
4608
4609
13012
4609
4658
13013
4659
13014
4611
4612
4613
4614
13033
4613
4670
13034
4616
4671
13035
4615
4616
4617
4618
13040
4617
4674
13041
4620
4675
13042
4619
4620
4621
4622
13047
4621
4678
13048
4624
4679
13049
4623
4624
4625
4626
13054
4625
4682
13055
4628
4683
13056
4627
4628
4629
4630
13061
4629
4686
13062
4632
4687
13063
4631
4632
4633
4634
13068
4633
4690
13069
4636
4691
13070
4635
4636
4637
4638
13075
4637
4694
13076
4640
4695
13077
4639
4640
4641
4642
13082
4641
4698
13083
4644
4699
13084
4643
4644
4645
4646
13089
4645
4702
13090
4648
4703
13091
4647
4648
4649
4650
13096
4649
4706
13097
4652
4707
13098
4651
4652
4653
4654
13103
4653
4710
13104
4656
4711
13105
4655
4656
4657
4658
13110
4657
4714
13111
4660
4715
13112
4659
4660
4661
4662
13117
4661
4718
13118
4664
4719
13119
4663
4664
4665
13124
4665
4722
13125
4723
13126
4667
4668
4669
4670
13138
4669
4730
13139
4672
4731
13140
4671
4672
4673
4674
13145
4673
4734
13146
4676
4735
13147
4675
4676
4677
4678
13152
4677
4738
13153
4680
4739
13154
4679
4680
4681
4682
13159
4681
4742
13160
4684
4743
13161
4683
4684
4685
4686
13166
4685
4746
13167
4688
4747
13168
4687
4688
4689
4690
13173
4689
4750
13174
4692
4751
13175
4691
4692
4693
4694
13180
4693
4754
13181
4696
4755
13182
4695
4696
4697
4698
13187
4697
4758
13188
4700
4759
13189
4699
4700
4701
4702
13194
4701
4762
13195
4704
4763
13196
4703
4704
4705
4706
13201
4705
4766
13202
4708
4767
13203
4707
4708
4709
4710
13208
4709
4770
13209
4712
4771
13210
4711
4712
4713
4714
13215
4713
4774
13216
4716
4775
13217
4715
4716
4717
4718
13222
4717
4778
13223
4720
4779
13224
4719
4720
4721
4722
13229
4721
4782
13230
4724
4783
13231
4723
4724
4725
4726
13236
4725
4786
13237
4728
4787
13238
4727
4728
4729
13243
4729
4790
13244
4791
13245
4731
4732
4733
4734
13257
4733
4798
13258
4736
4799
13259
4735
4736
4737
4738
13264
4737
4802
13265
4740
4803
13266
4739
4740
4741
4742
13271
4741
4806
13272
4744
4807
13273
4743
4744
4745
4746
13278
4745
4810
13279
4748
4811
13280
4747
4748
4749
4750
13285
4749
4814
13286
4752
4815
13287
4751
4752
4753
4754
13292
4753
4818
13293
4756
4819
13294
4755
4756
4757
4758
13299
4757
4822
13300
4760
4823
13301
4759
4760
4761
4762
13306
4761
4826
13307
4764
4827
13308
4763
4764
4765
4766
13313
4765
4830
13314
4768
4831
13315
4767
4768
4769
4770
13320
4769
4834
13321
4772
4835
13322
4771
4772
4773
4774
13327
4773
4838
13328
4776
4839
13329
4775
4776
4777
4778
13334
4777
4842
13335
4780
4843
13336
4779
4780
4781
4782
13341
4781
4846
13342
4784
4847
13343
4783
4784
4785
4786
13348
4785
4850
13349
4788
4851
13350
4787
4788
4789
4790
13355
4789
4854
13356
4792
4855
13357
4791
4792
4793
13362
4793
4858
13363
4859
13364
4795
4796
4797
4798
13376
4797
4866
13377
4800
4867
13378
4799
4800
4801
4802
13383
4801
4870
13384
4804
4871
13385
4803
4804
4805
4806
13390
4805
4874
13391
4808
4875
13392
4807
4808
4809
4810
13397
4809
4878
13398
4812
4879
13399
4811
4812
4813
4814
13404
4813
4882
13405
4816
4883
13406
4815
4816
4817
4818
13411
4817
4886
13412
4820
4887
13413
4819
4820
4821
4822
13418
4821
4890
13419
4824
4891
13420
4823
4824
4825
4826
13425
4825
4894
13426
4828
4895
13427
4827
4828
4829
4830
13432
4829
4898
13433
4832
4899
13434
4831
4832
4833
4834
13439
4833
4902
13440
4836
4903
13441
4835
4836
4837
4838
13446
4837
4906
13447
4840
4907
13448
4839
4840
4841
4842
13453
4841
4910
13454
4844
4911
13455
4843
4844
4845
4846
13460
4845
4914
13461
4848
4915
13462
4847
4848
4849
4850
13467
4849
4918
13468
4852
4919
13469
4851
4852
4853
4854
13474
4853
4922
13475
4856
4923
13476
4855
4856
4857
4858
13481
4857
4926
13482
4860
4927
13483
4859
4860
4861
4862
13488
4861
4930
13489
4864
4931
13490
4863
4864
4865
13495
4865
4934
13496
4935
13497
4867
4868
4869
4870
13502
4869
4938
13503
4872
4939
13504
4871
4872
4873
4874
13509
4873
4942
13510
4876
4943
13511
4875
4876
4877
4878
13516
4877
4946
13517
4880
4947
13518
4879
4880
4881
4882
13523
4881
4950
13524
4884
4951
13525
4883
4884
4885
4886
13530
4885
4954
13531
4888
4955
13532
4887
4888
4889
4890
13537
4889
4958
13538
4892
4959
13539
4891
4892
4893
4894
13544
4893
4962
13545
4896
4963
13546
4895
4896
4897
4898
13551
4897
4966
13552
4900
4967
13553
4899
4900
4901
4902
13558
4901
4970
13559
4904
4971
13560
4903
4904
4905
4906
13565
4905
4974
13566
4908
4975
13567
4907
4908
4909
4910
13572
4909
4978
13573
4912
4979
13574
4911
4912
4913
4914
13579
4913
4982
13580
4916
4983
13581
4915
4916
4917
4918
13586
4917
4986
13587
4920
4987
13588
4919
4920
4921
4922
13593
4921
4990
13594
4924
4991
13595
4923
4924
4925
4926
13600
4925
4994
13601
4928
4995
13602
4927
4928
4929
4930
13607
4929
4998
13608
4932
4999
13609
4931
4932
4933
4934
13614
4933
5002
13615
4936
5003
13616
4935
4936
4937
13621
4937
5006
13622
5007
13623
4939
4940
4941
4942
13628
4941
5010
13629
4944
5011
13630
4943
4944
4945
4946
13635
4945
5014
13636
4948
5015
13637
4947
4948
4949
4950
13642
4949
5018
13643
4952
5019
13644
4951
4952
4953
4954
13649
4953
5022
13650
4956
5023
13651
4955
4956
4957
4958
13656
4957
5026
13657
4960
5027
13658
4959
4960
4961
4962
13663
4961
5030
13664
4964
5031
13665
4963
4964
4965
4966
13670
4965
5034
13671
4968
5035
13672
4967
4968
4969
4970
13677
4969
5038
13678
4972
5039
13679
4971
4972
4973
4974
13684
4973
5042
13685
4976
5043
13686
4975
4976
4977
4978
13691
4977
5046
13692
4980
5047
13693
4979
4980
4981
4982
13698
4981
5050
13699
4984
5051
13700
4983
4984
4985
4986
13705
4985
5054
13706
4988
5055
13707
4987
4988
4989
4990
13712
4989
5058
13713
4992
5059
13714
4991
4992
4993
4994
13719
4993
5062
13720
4996
5063
13721
4995
4996
4997
4998
13726
4997
5066
13727
5000
5067
13728
4999
5000
5001
5002
13733
5001
5070
13734
5004
5071
13735
5003
5004
5005
5006
13740
5005
5074
13741
5008
5075
13742
5007
5008
5009
13747
5009
5078
13748
5079
13749
5011
5012
5013
5014
13754
5013
5082
13755
5016
5083
13756
5015
5016
5017
5018
13761
5017
5086
13762
5020
5087
13763
5019
5020
5021
5022
13768
5021
5090
13769
5024
5091
13770
5023
5024
5025
5026
13775
5025
5094
13776
5028
5095
13777
5027
5028
5029
5030
13782
5029
5098
13783
5032
5099
13784
5031
5032
5033
5034
13789
5033
5102
13790
5036
5103
13791
5035
5036
5037
5038
13796
5037
5106
13797
5040
5107
13798
5039
5040
5041
5042
13803
5041
5110
13804
5044
5111
13805
5043
5044
5045
5046
13810
5045
5114
13811
5048
5115
13812
5047
5048
5049
5050
13817
5049
5118
13818
5052
5119
13819
5051
5052
5053
5054
13824
5053
5122
13825
5056
5123
13826
5055
5056
5057
5058
13831
5057
5126
13832
5060
5127
13833
5059
5060
5061
5062
13838
5061
5130
13839
5064
5131
13840
5063
5064
5065
5066
13845
5065
5134
13846
5068
5135
13847
5067
5068
5069
5070
13852
5069
5138
13853
5072
5139
13854
5071
5072
5073
5074
13859
5073
5142
13860
5076
5143
13861
5075
5076
5077
5078
13866
5077
5146
13867
5080
5147
13868
5079
5080
5081
13873
5081
5150
13874
5151
13875
5083
5084
5085
5086
13880
5085
5154
13881
5088
5155
13882
5087
5088
5089
5090
13887
5089
5158
13888
5092
5159
13889
5091
5092
5093
5094
13894
5093
5162
13895
5096
5163
13896
5095
5096
5097
5098
13901
5097
5166
13902
5100
5167
13903
5099
5100
5101
5102
13908
5101
5170
13909
5104
5171
13910
5103
5104
5105
5106
13915
5105
5174
13916
5108
5175
13917
5107
5108
5109
5110
13922
5109
5178
13923
5112
5179
13924
5111
5112
5113
5114
13929
5113
5182
13930
5116
5183
13931
5115
5116
5117
5118
13936
5117
5186
13937
5120
5187
13938
5119
5120
5121
5122
13943
5121
5190
13944
5124
5191
13945
5123
5124
5125
5126
13950
5125
5194
13951
5128
5195
13952
5127
5128
5129
5130
13957
5129
5198
13958
5132
5199
13959
5131
5132
5133
5134
13964
5133
5202
13965
5136
5203
13966
5135
5136
5137
5138
13971
5137
5206
13972
5140
5207
13973
5139
5140
5141
5142
13978
5141
5210
13979
5144
5211
13980
5143
5144
5145
5146
13985
5145
5214
13986
5148
5215
13987
5147
5148
5149
5150
13992
5149
5218
13993
5152
5219
13994
5151
5152
5153
13999
5153
5222
14000
5223
14001
5155
5156
5157
5158
14006
5157
14007
5160
14008
5159
5160
5161
5162
14013
5161
5226
14014
5164
5227
14015
5163
5164
5165
5166
14020
5165
5230
14021
5168
5231
14022
5167
5168
5169
5170
14027
5169
5234
14028
5172
5235
14029
5171
5172
5173
5174
14034
5173
5238
14035
5176
5239
14036
5175
5176
5177
5178
14041
5177
5242
14042
5180
5243
14043
5179
5180
5181
5182
14048
5181
5246
14049
5184
5247
14050
5183
5184
5185
5186
14055
5185
5250
14056
5188
5251
14057
5187
5188
5189
5190
14062
5189
5254
14063
5192
5255
14064
5191
5192
5193
5194
14069
5193
5258
14070
5196
5259
14071
5195
5196
5197
5198
14076
5197
5262
14077
5200
5263
14078
5199
5200
5201
5202
14083
5201
5266
14084
5204
5267
14085
5203
5204
5205
5206
14090
5205
5270
14091
5208
5271
14092
5207
5208
5209
5210
14097
5209
5274
14098
5212
5275
14099
5211
5212
5213
5214
14104
5213
5278
14105
5216
5279
14106
5215
5216
5217
5218
14111
5217
5282
14112
5220
5283
14113
5219
5220
5221
5222
14118
5221
5286
14119
5224
5287
14120
5223
5224
5225
14125
5225
14126
14127
5227
5228
5229
5230
14139
5229
5290
14140
5232
5291
14141
5231
5232
5233
5234
14146
5233
5294
14147
5236
5295
14148
5235
5236
5237
5238
14153
5237
5298
14154
5240
5299
14155
5239
5240
5241
5242
14160
5241
5302
14161
5244
5303
14162
5243
5244
5245
5246
14167
5245
5306
14168
5248
5307
14169
5247
5248
5249
5250
14174
5249
5310
14175
5252
5311
14176
5251
5252
5253
5254
14181
5253
5314
14182
5256
5315
14183
5255
5256
5257
5258
14188
5257
5318
14189
5260
5319
14190
5259
5260
5261
5262
14195
5261
5322
14196
5264
5323
14197
5263
5264
5265
5266
14202
5265
5326
14203
5268
5327
14204
5267
5268
5269
5270
14209
5269
5330
14210
5272
5331
14211
5271
5272
5273
5274
14216
5273
5334
14217
5276
5335
14218
5275
5276
5277
5278
14223
5277
5338
14224
5280
5339
14225
5279
5280
5281
5282
14230
5281
5342
14231
5284
5343
14232
5283
5284
5285
5286
14237
5285
5346
14238
5288
5347
14239
5287
5288
5289
14244
5289
5350
14245
5351
14246
5291
5292
5293
5294
14258
5293
14259
5296
14260
5295
5296
5297
5298
14265
5297
5354
14266
5300
5355
14267
5299
5300
5301
5302
14272
5301
5358
14273
5304
5359
14274
5303
5304
5305
5306
14279
5305
5362
14280
5308
5363
14281
5307
5308
5309
5310
14286
5309
5366
14287
5312
5367
14288
5311
5312
5313
5314
14293
5313
5370
14294
5316
5371
14295
5315
5316
5317
5318
14300
5317
5374
14301
5320
5375
14302
5319
5320
5321
5322
14307
5321
5378
14308
5324
5379
14309
5323
5324
5325
5326
14314
5325
5382
14315
5328
5383
14316
5327
5328
5329
5330
14321
5329
5386
14322
5332
5387
14323
5331
5332
5333
5334
14328
5333
5390
14329
5336
5391
14330
5335
5336
5337
5338
14335
5337
5394
14336
5340
5395
14337
5339
5340
5341
5342
14342
5341
5398
14343
5344
5399
14344
5343
5344
5345
5346
14349
5345
5402
14350
5348
5403
14351
5347
5348
5349
5350
14356
5349
5406
14357
5352
5407
14358
5351
5352
5353
14363
5353
14364
14365
5355
5356
5357
5358
14377
5357
14378
5360
14379
5359
5360
5361
5362
14384
5361
5410
14385
5364
5411
14386
5363
5364
5365
5366
14391
5365
5414
14392
5368
5415
14393
5367
5368
5369
5370
14398
5369
5418
14399
5372
5419
14400
5371
5372
5373
5374
14405
5373
5422
14406
5376
5423
14407
5375
5376
5377
5378
14412
5377
5426
14413
5380
5427
14414
5379
5380
5381
5382
14419
5381
5430
14420
5384
5431
14421
5383
5384
5385
5386
14426
5385
5434
14427
5388
5435
14428
5387
5388
5389
5390
14433
5389
5438
14434
5392
5439
14435
5391
5392
5393
5394
14440
5393
5442
14441
5396
5443
14442
5395
5396
5397
5398
14447
5397
5446
14448
5400
5447
14449
5399
5400
5401
5402
14454
5401
5450
14455
5404
5451
14456
5403
5404
5405
5406
14461
5405
5454
14462
5408
5455
14463
5407
5408
5409
14468
5409
14469
14470
5411
5412
5413
5414
14489
5413
14490
5416
14491
5415
5416
5417
5418
14496
5417
5458
14497
5420
5459
14498
5419
5420
5421
5422
14503
5421
5462
14504
5424
5463
14505
5423
5424
5425
5426
14510
5425
5466
14511
5428
5467
14512
5427
5428
5429
5430
14517
5429
5470
14518
5432
5471
14519
5431
5432
5433
5434
14524
5433
5474
14525
5436
5475
14526
5435
5436
5437
5438
14531
5437
5478
14532
5440
5479
14533
5439
5440
5441
5442
14538
5441
5482
14539
5444
5483
14540
5443
5444
5445
5446
14545
5445
5486
14546
5448
5487
14547
5447
5448
5449
5450
14552
5449
5490
14553
5452
5491
14554
5451
5452
5453
5454
14559
5453
5494
14560
5456
5495
14561
5455
5456
5457
14566
5457
14567
14568
5459
5460
5461
5462
14587
5461
14588
5464
14589
5463
5464
5465
5466
14594
5465
14595
5468
14596
5467
5468
5469
5470
14601
5469
5498
14602
5472
5499
14603
5471
5472
5473
5474
14608
5473
5502
14609
5476
5503
14610
5475
5476
5477
5478
14615
5477
5506
14616
5480
5507
14617
5479
5480
5481
5482
14622
5481
5510
14623
5484
5511
14624
5483
5484
5485
5486
14629
5485
5514
14630
5488
5515
14631
5487
5488
5489
5490
14636
5489
5518
14637
5492
5519
14638
5491
5492
5493
5494
14643
5493
14644
5496
14645
5495
5496
5497
14650
5497
14651
14652
5499
5500
5501
5502
14671
5501
14672
5504
14673
5503
5504
5505
5506
14678
5505
14679
5508
14680
5507
5508
5509
5510
14685
5509
14686
5512
14687
5511
5512
5513
5514
14692
5513
14693
5516
14694
5515
5516
5517
5518
14699
5517
14700
5520
14701
5519
5520
5521
14706
5521
14707
14708
5523
5524
5553
5526
5557
6033
5525
5526
5527
5528
5560
5527
5563
6035
5530
5564
6036
5529
5530
5531
5532
5567
5531
5570
6039
5534
5571
6040
5533
5534
5535
5536
5574
5535
5577
6043
5538
5578
6044
5537
5538
5539
5540
5581
5539
5584
6047
5541
5585
6048
5541
5591
6051
5543
5544
5545
5547
5615
5545
5618
6053
5551
5619
6054
5548
5550
5548
5551
5552
5554
12788
5550
5551
5552
5556
6057
5552
6058
12791
5558
6059
12792
5555
5557
5555
5558
5559
5561
12795
5557
5558
5559
5563
6064
5559
6065
12798
5565
6066
12799
5562
5564
5562
5565
5566
5568
12802
5564
5565
5566
5570
6071
5566
6072
12805
5572
6073
12806
5569
5571
5569
5572
5573
5575
12809
5571
5572
5573
5577
6078
5573
6079
12812
5579
6080
12813
5576
5578
5576
5579
5580
5582
12816
5578
5579
5580
5584
6085
5580
6086
12819
5586
6087
12820
5583
5585
5583
5586
5587
5589
12823
5585
5586
5587
5591
6092
5587
6093
12826
5593
6094
12827
5590
5592
5590
5593
5594
5596
12830
5592
5593
5594
5598
6099
5594
6100
12833
5600
6101
12834
5597
5599
5597
5600
5601
5602
12837
5599
5600
5601
6106
5601
6107
12840
5604
6108
12841
5603
5604
5605
5622
5605
5625
6113
5626
6114
5607
5609
5640
5613
5644
6117
5610
5612
5610
5613
5614
5616
12844
5612
5613
5614
5618
6119
5614
6120
12847
5620
6121
12848
5617
5619
5617
5620
5621
12789
12851
5619
5620
5621
6126
12791
5621
6127
12854
6128
12793
12855
5624
5626
5624
5627
12839
5628
5630
12914
5626
5627
12841
5628
5632
6133
5628
6134
12843
12917
5634
6135
12918
5631
5633
5631
5634
5635
5636
12921
5633
5634
5635
6140
5635
6141
12924
5637
6142
12925
5637
5650
6147
5639
5641
5658
5645
5662
6149
5642
5644
5642
5645
5646
12845
12928
5644
5645
5646
6151
12847
5646
6152
12931
6153
12849
12932
5649
5651
5649
5652
12923
5653
5654
13019
5651
5652
12925
5653
6158
5653
6159
12927
13022
5655
6160
13023
5655
5668
6165
5657
5659
5674
5663
5678
6167
5660
5662
5660
5663
5664
12929
13026
5662
5663
5664
6169
12931
5664
6170
13029
6171
12933
13030
5667
5669
5667
5670
13021
5671
5672
13131
5669
5670
13023
5671
6176
5671
6177
13025
13134
5673
6178
13135
5673
5684
6183
5676
5678
5676
5679
5680
5692
13027
5678
5679
5680
6185
13029
5680
5695
6186
5696
6187
13031
5683
5685
5683
5686
13133
5687
5699
5685
5686
13135
5687
6192
5687
5702
6193
13137
5703
6194
5689
5690
5691
5693
5709
5691
5695
6199
5697
5713
6200
5694
5696
5694
5697
5698
13139
13250
5696
5697
5698
6203
13141
5698
6204
13253
6205
13143
13254
5701
5703
5701
5704
13245
5705
5706
13369
5703
5704
13247
5705
5707
6210
5705
6211
13249
13372
5708
6212
13373
5708
5708
5719
6217
5711
5713
5711
5714
5715
5725
13251
5713
5714
5715
6220
13253
5715
5728
6221
5729
6222
13255
5718
5720
5718
5721
13371
5722
5732
5720
5721
13373
5722
6227
5722
5735
6228
13375
5736
6229
5724
5726
5741
5730
5743
6234
5727
5729
5727
5730
5731
5745
13377
5729
5730
5731
6236
13379
5731
5748
6237
5749
6238
13381
5734
5736
5734
5737
13497
5738
5739
5752
5736
5737
13499
5738
6243
5738
5755
6244
13501
5740
5756
6245
5740
5760
6250
5742
5743
5744
5746
5762
5744
5748
6252
5750
5764
6253
5747
5749
5747
5750
5751
5766
13503
5749
5750
5751
6256
13505
5751
5769
6257
5770
6258
13507
5754
5756
5754
5757
13623
5758
5759
5773
5756
5757
13625
5758
5760
6263
5758
5776
6264
13627
5761
5777
6265
5761
5761
5781
6270
5763
5764
5765
5767
5783
5765
5769
6273
5771
5785
6274
5768
5770
5768
5771
5772
5787
13629
5770
5771
5772
6277
13631
5772
5790
6278
5791
6279
13633
5775
5777
5775
5778
13749
5779
5780
5794
5777
5778
13751
5779
5781
6284
5779
5797
6285
13753
5782
5798
6286
5782
5782
5802
6291
5784
5785
5786
5788
5804
5786
5790
6294
5792
5806
6295
5789
5791
5789
5792
5793
5808
13755
5791
5792
5793
6298
13757
5793
5811
6299
5812
6300
13759
5796
5798
5796
5799
13875
5800
5801
5815
5798
5799
13877
5800
5802
6305
5800
5818
6306
13879
5803
5819
6307
5803
5803
5823
6312
5805
5806
5807
5809
5825
5807
5811
6315
5813
5826
6316
5810
5812
5810
5813
5814
5827
13881
5812
5813
5814
6319
13883
5814
5830
6320
5831
6321
13885
5817
5819
5817
5820
14001
5821
5822
5834
5819
5820
14003
5821
5823
6326
5821
5837
6327
14005
5824
5838
6328
5824
5824
5841
6333
5826
5830
6336
5829
5831
5829
5832
5833
5842
14007
5831
5832
5833
6338
14009
5833
5845
6339
5846
6340
14011
5836
5838
5836
5839
14127
5840
5849
5838
5839
14129
5840
5841
6345
5840
5852
6346
14131
5853
6347
5844
5846
5844
5847
5848
5856
14133
5846
5847
5848
6353
14135
5848
6354
5858
6355
14137
5851
5853
5851
5854
14253
5855
5853
5854
14255
5855
6360
5855
5875
6361
14257
6362
5857
5858
5859
5861
5859
5863
6367
5865
6368
5862
5864
14134
5862
5865
5866
5877
14259
5864
5865
14137
5866
6371
14138
14261
5866
5880
6372
5881
6373
14263
5869
5871
14253
5869
5872
14365
5873
5874
5884
5871
5872
14256
14367
5873
5875
6378
14257
5873
5887
6379
14369
5876
5888
6380
5876
5876
6385
5879
5881
5879
5882
5883
5891
14371
5881
5882
5883
6388
14373
5883
6389
5892
6390
14375
5886
5888
5886
5889
14477
5890
5888
5889
14479
5890
6395
5890
5907
6396
14481
6397
5892
5896
6402
5895
5897
14372
5895
5898
5899
5908
14483
5897
5898
14375
5899
6404
14376
14485
5899
6405
5909
6406
14487
5902
5904
14477
5902
5905
14575
5906
5904
5905
14480
14577
5906
5907
6411
14481
5906
5924
6412
14579
6413
5909
5913
6419
5912
5914
14484
5912
5915
5916
5925
14581
5914
5915
14487
5916
6421
14488
14583
5916
6422
5926
6423
14585
5919
5921
14575
5919
5922
14659
5923
5921
5922
14578
14661
5923
5924
6428
14579
5923
5955
6429
14663
6430
5926
5930
6436
5929
5931
14582
5929
5932
5933
5935
5931
5932
14585
5933
5937
6438
14586
5933
6439
5939
6440
5936
5938
14589
5936
5939
5940
5956
14665
5938
5939
14592
5940
6445
14593
14667
5940
5957
6446
5958
6447
14669
5943
5945
14652
5943
5946
14715
5947
5949
6015
5945
5946
14655
14717
5947
5951
6452
14656
5947
6016
6453
14719
5953
6017
6454
5950
5952
14659
5950
5953
5954
5952
5953
14662
5954
5955
6459
14663
5954
6460
6461
5958
5958
5962
6467
5961
5963
14666
5961
5964
5965
5967
5963
5964
14669
5965
5969
6470
14670
5965
6471
5971
6472
5968
5970
14673
5968
5971
5972
5974
6018
5970
5971
14676
5972
5976
6477
14677
5972
6478
5978
6019
6479
5975
5977
14680
5975
5978
5979
5981
6020
5977
5978
14683
5979
5983
6484
14684
5979
6021
6485
5985
6022
6486
5982
5984
14687
5982
5985
5986
5988
6023
5984
5985
14690
5986
5990
6491
14691
5986
6024
6492
5992
6025
6493
5989
5991
14694
5989
5992
5993
5995
6026
5991
5992
14697
5993
5997
6498
14698
5993
6027
6499
5999
6028
6500
5996
5998
14701
5996
5999
6000
6002
6029
5998
5999
14704
6000
6004
6505
14705
6000
6030
6506
6006
6031
6507
6003
6005
14708
6003
6006
6007
6009
6005
6006
14711
6007
6011
6512
14712
6007
6032
6513
6013
6514
6010
6012
14715
6010
6013
6014
6012
6013
14718
6014
6016
6519
14719
6014
6520
6521
6017
6017
6526
6019
6021
6529
6022
6022
6024
6531
6025
6025
6027
6534
6028
6028
6030
6537
6031
6031
6032
6540
6034
6035
6064
6037
6068
6544
6036
6037
6038
6039
6071
6038
6074
6546
6041
6075
6547
6040
6041
6042
6043
6078
6042
6081
6550
6045
6082
6551
6044
6045
6046
6047
6085
6046
6088
6554
6049
6089
6555
6048
6049
6050
6051
6092
6050
6095
6558
6052
6096
6559
6052
6102
6562
6054
6055
6056
6058
6126
6056
6129
6564
6062
6130
6565
6059
6061
6059
6062
6063
6065
6061
6062
6063
6067
6568
6063
6569
6069
6570
6066
6068
6066
6069
6070
6072
6068
6069
6070
6074
6575
6070
6576
6076
6577
6073
6075
6073
6076
6077
6079
6075
6076
6077
6081
6582
6077
6583
6083
6584
6080
6082
6080
6083
6084
6086
6082
6083
6084
6088
6589
6084
6590
6090
6591
6087
6089
6087
6090
6091
6093
6089
6090
6091
6095
6596
6091
6597
6097
6598
6094
6096
6094
6097
6098
6100
6096
6097
6098
6102
6603
6098
6604
6104
6605
6101
6103
6101
6104
6105
6107
6103
6104
6105
6109
6610
6105
6611
6111
6612
6108
6110
6108
6111
6112
6113
6110
6111
6112
6617
6112
6618
6115
6619
6114
6115
6116
6133
6116
6136
6624
6137
6625
6118
6120
6151
6124
6155
6628
6121
6123
6121
6124
6125
6127
6123
6124
6125
6129
6630
6125
6631
6131
6632
6128
6130
6128
6131
6132
6130
6131
6132
6637
6132
6638
6639
6135
6137
6135
6138
6139
6141
6137
6138
6139
6143
6644
6139
6645
6145
6646
6142
6144
6142
6145
6146
6147
6144
6145
6146
6651
6146
6652
6148
6653
6148
6161
6658
6150
6152
6169
6156
6173
6660
6153
6155
6153
6156
6157
6155
6156
6157
6662
6157
6663
6664
6160
6162
6160
6163
6164
6165
6162
6163
6164
6669
6164
6670
6166
6671
6166
6179
6676
6168
6170
6185
6174
6189
6678
6171
6173
6171
6174
6175
6173
6174
6175
6680
6175
6681
6682
6178
6180
6178
6181
6182
6183
6180
6181
6182
6687
6182
6688
6184
6689
6184
6195
6694
6187
6189
6187
6190
6191
6203
6189
6190
6191
6696
6191
6206
6697
6207
6698
6194
6196
6194
6197
6198
6210
6196
6197
6198
6703
6198
6213
6704
6214
6705
6200
6201
6202
6204
6220
6202
6206
6710
6208
6224
6711
6205
6207
6205
6208
6209
6207
6208
6209
6714
6209
6715
6716
6212
6214
6212
6215
6216
6217
6214
6215
6216
6218
6721
6216
6722
6219
6723
6219
6219
6230
6728
6222
6224
6222
6225
6226
6236
6224
6225
6226
6731
6226
6239
6732
6240
6733
6229
6231
6229
6232
6233
6243
6231
6232
6233
6738
6233
6246
6739
6247
6740
6235
6237
6252
6241
6254
6745
6238
6240
6238
6241
6242
6256
6240
6241
6242
6747
6242
6259
6748
6260
6749
6245
6247
6245
6248
6249
6250
6263
6247
6248
6249
6754
6249
6266
6755
6251
6267
6756
6251
6271
6761
6253
6254
6255
6257
6273
6255
6259
6763
6261
6275
6764
6258
6260
6258
6261
6262
6277
6260
6261
6262
6767
6262
6280
6768
6281
6769
6265
6267
6265
6268
6269
6270
6284
6267
6268
6269
6271
6774
6269
6287
6775
6272
6288
6776
6272
6272
6292
6781
6274
6275
6276
6278
6294
6276
6280
6784
6282
6296
6785
6279
6281
6279
6282
6283
6298
6281
6282
6283
6788
6283
6301
6789
6302
6790
6286
6288
6286
6289
6290
6291
6305
6288
6289
6290
6292
6795
6290
6308
6796
6293
6309
6797
6293
6293
6313
6802
6295
6296
6297
6299
6315
6297
6301
6805
6303
6317
6806
6300
6302
6300
6303
6304
6319
6302
6303
6304
6809
6304
6322
6810
6323
6811
6307
6309
6307
6310
6311
6312
6326
6309
6310
6311
6313
6816
6311
6329
6817
6314
6330
6818
6314
6314
6334
6823
6316
6317
6318
6320
6336
6318
6322
6826
6324
6337
6827
6321
6323
6321
6324
6325
6338
6323
6324
6325
6830
6325
6341
6831
6342
6832
6328
6330
6328
6331
6332
6333
6345
6330
6331
6332
6334
6837
6332
6348
6838
6335
6349
6839
6335
6335
6352
6844
6337
6341
6847
6340
6342
6340
6343
6344
6353
6342
6343
6344
6849
6344
6356
6850
6357
6851
6347
6349
6347
6350
6351
6360
6349
6350
6351
6352
6856
6351
6363
6857
6364
6858
6355
6357
6355
6358
6359
6367
6357
6358
6359
6864
6359
6865
6369
6866
6362
6364
6362
6365
6366
6364
6365
6366
6871
6366
6386
6872
6873
6368
6369
6370
6372
6370
6374
6878
6376
6879
6373
6375
6373
6376
6377
6388
6375
6376
6377
6882
6377
6391
6883
6392
6884
6380
6382
6380
6383
6384
6385
6395
6382
6383
6384
6386
6889
6384
6398
6890
6387
6399
6891
6387
6387
6896
6390
6392
6390
6393
6394
6402
6392
6393
6394
6899
6394
6900
6403
6901
6397
6399
6397
6400
6401
6399
6400
6401
6906
6401
6418
6907
6908
6403
6407
6913
6406
6408
6406
6409
6410
6419
6408
6409
6410
6915
6410
6916
6420
6917
6413
6415
6413
6416
6417
6415
6416
6417
6418
6922
6417
6435
6923
6924
6420
6424
6930
6423
6425
6423
6426
6427
6436
6425
6426
6427
6932
6427
6933
6437
6934
6430
6432
6430
6433
6434
6432
6433
6434
6435
6939
6434
6466
6940
6941
6437
6441
6947
6440
6442
6440
6443
6444
6446
6442
6443
6444
6448
6949
6444
6950
6450
6951
6447
6449
6447
6450
6451
6467
6449
6450
6451
6956
6451
6468
6957
6469
6958
6454
6456
6454
6457
6458
6460
6526
6456
6457
6458
6462
6963
6458
6527
6964
6464
6528
6965
6461
6463
6461
6464
6465
6463
6464
6465
6466
6970
6465
6971
6972
6469
6469
6473
6978
6472
6474
6472
6475
6476
6478
6474
6475
6476
6480
6981
6476
6982
6482
6983
6479
6481
6479
6482
6483
6485
6529
6481
6482
6483
6487
6988
6483
6989
6489
6530
6990
6486
6488
6486
6489
6490
6492
6531
6488
6489
6490
6494
6995
6490
6532
6996
6496
6533
6997
6493
6495
6493
6496
6497
6499
6534
6495
6496
6497
6501
7002
6497
6535
7003
6503
6536
7004
6500
6502
6500
6503
6504
6506
6537
6502
6503
6504
6508
7009
6504
6538
7010
6510
6539
7011
6507
6509
6507
6510
6511
6513
6540
6509
6510
6511
6515
7016
6511
6541
7017
6517
6542
7018
6514
6516
6514
6517
6518
6520
6516
6517
6518
6522
7023
6518
6543
7024
6524
7025
6521
6523
6521
6524
6525
6523
6524
6525
6527
7030
6525
7031
7032
6528
6528
7037
6530
6532
7040
6533
6533
6535
7042
6536
6536
6538
7045
6539
6539
6541
7048
6542
6542
6543
7051
6545
6546
6575
6548
6579
7055
6547
6548
6549
6550
6582
6549
6585
7057
6552
6586
7058
6551
6552
6553
6554
6589
6553
6592
7061
6556
6593
7062
6555
6556
6557
6558
6596
6557
6599
7065
6560
6600
7066
6559
6560
6561
6562
6603
6561
6606
7069
6563
6607
7070
6563
6613
7073
6565
6566
6567
6569
6637
6567
6640
7075
6573
6641
7076
6570
6572
6570
6573
6574
6576
6572
6573
6574
6578
7079
6574
7080
6580
7081
6577
6579
6577
6580
6581
6583
6579
6580
6581
6585
7086
6581
7087
6587
7088
6584
6586
6584
6587
6588
6590
6586
6587
6588
6592
7093
6588
7094
6594
7095
6591
6593
6591
6594
6595
6597
6593
6594
6595
6599
7100
6595
7101
6601
7102
6598
6600
6598
6601
6602
6604
6600
6601
6602
6606
7107
6602
7108
6608
7109
6605
6607
6605
6608
6609
6611
6607
6608
6609
6613
7114
6609
7115
6615
7116
6612
6614
6612
6615
6616
6618
6614
6615
6616
6620
7121
6616
7122
6622
7123
6619
6621
6619
6622
6623
6624
6621
6622
6623
7128
6623
7129
6626
7130
6625
6626
6627
6644
6627
6647
7135
6648
7136
6629
6631
6662
6635
6666
7139
6632
6634
6632
6635
6636
6638
6634
6635
6636
6640
7141
6636
7142
6642
7143
6639
6641
6639
6642
6643
6641
6642
6643
7148
6643
7149
7150
6646
6648
6646
6649
6650
6652
6648
6649
6650
6654
7155
6650
7156
6656
7157
6653
6655
6653
6656
6657
6658
6655
6656
6657
7162
6657
7163
6659
7164
6659
6672
7169
6661
6663
6680
6667
6684
7171
6664
6666
6664
6667
6668
6666
6667
6668
7173
6668
7174
7175
6671
6673
6671
6674
6675
6676
6673
6674
6675
7180
6675
7181
6677
7182
6677
6690
7187
6679
6681
6696
6685
6700
7189
6682
6684
6682
6685
6686
6684
6685
6686
7191
6686
7192
7193
6689
6691
6689
6692
6693
6694
6691
6692
6693
7198
6693
7199
6695
7200
6695
6706
7205
6698
6700
6698
6701
6702
6714
6700
6701
6702
7207
6702
6717
7208
6718
7209
6705
6707
6705
6708
6709
6721
6707
6708
6709
7214
6709
6724
7215
6725
7216
6711
6712
6713
6715
6731
6713
6717
7221
6719
6735
7222
6716
6718
6716
6719
6720
6718
6719
6720
7225
6720
7226
7227
6723
6725
6723
6726
6727
6728
6725
6726
6727
6729
7232
6727
7233
6730
7234
6730
6730
6741
7239
6733
6735
6733
6736
6737
6747
6735
6736
6737
7242
6737
6750
7243
6751
7244
6740
6742
6740
6743
6744
6754
6742
6743
6744
7249
6744
6757
7250
6758
7251
6746
6748
6763
6752
6765
7256
6749
6751
6749
6752
6753
6767
6751
6752
6753
7258
6753
6770
7259
6771
7260
6756
6758
6756
6759
6760
6761
6774
6758
6759
6760
7265
6760
6777
7266
6762
6778
7267
6762
6782
7272
6764
6765
6766
6768
6784
6766
6770
7274
6772
6786
7275
6769
6771
6769
6772
6773
6788
6771
6772
6773
7278
6773
6791
7279
6792
7280
6776
6778
6776
6779
6780
6781
6795
6778
6779
6780
6782
7285
6780
6798
7286
6783
6799
7287
6783
6783
6803
7292
6785
6786
6787
6789
6805
6787
6791
7295
6793
6807
7296
6790
6792
6790
6793
6794
6809
6792
6793
6794
7299
6794
6812
7300
6813
7301
6797
6799
6797
6800
6801
6802
6816
6799
6800
6801
6803
7306
6801
6819
7307
6804
6820
7308
6804
6804
6824
7313
6806
6807
6808
6810
6826
6808
6812
7316
6814
6828
7317
6811
6813
6811
6814
6815
6830
6813
6814
6815
7320
6815
6833
7321
6834
7322
6818
6820
6818
6821
6822
6823
6837
6820
6821
6822
6824
7327
6822
6840
7328
6825
6841
7329
6825
6825
6845
7334
6827
6828
6829
6831
6847
6829
6833
7337
6835
6848
7338
6832
6834
6832
6835
6836
6849
6834
6835
6836
7341
6836
6852
7342
6853
7343
6839
6841
6839
6842
6843
6844
6856
6841
6842
6843
6845
7348
6843
6859
7349
6846
6860
7350
6846
6846
6863
7355
6848
6852
7358
6851
6853
6851
6854
6855
6864
6853
6854
6855
7360
6855
6867
7361
6868
7362
6858
6860
6858
6861
6862
6871
6860
6861
6862
6863
7367
6862
6874
7368
6875
7369
6866
6868
6866
6869
6870
6878
6868
6869
6870
7375
6870
7376
6880
7377
6873
6875
6873
6876
6877
6875
6876
6877
7382
6877
6897
7383
7384
6879
6880
6881
6883
6881
6885
7389
6887
7390
6884
6886
6884
6887
6888
6899
6886
6887
6888
7393
6888
6902
7394
6903
7395
6891
6893
6891
6894
6895
6896
6906
6893
6894
6895
6897
7400
6895
6909
7401
6898
6910
7402
6898
6898
7407
6901
6903
6901
6904
6905
6913
6903
6904
6905
7410
6905
7411
6914
7412
6908
6910
6908
6911
6912
6910
6911
6912
7417
6912
6929
7418
7419
6914
6918
7424
6917
6919
6917
6920
6921
6930
6919
6920
6921
7426
6921
7427
6931
7428
6924
6926
6924
6927
6928
6926
6927
6928
6929
7433
6928
6946
7434
7435
6931
6935
7441
6934
6936
6934
6937
6938
6947
6936
6937
6938
7443
6938
7444
6948
7445
6941
6943
6941
6944
6945
6943
6944
6945
6946
7450
6945
6977
7451
7452
6948
6952
7458
6951
6953
6951
6954
6955
6957
6953
6954
6955
6959
7460
6955
7461
6961
7462
6958
6960
6958
6961
6962
6978
6960
6961
6962
7467
6962
6979
7468
6980
7469
6965
6967
6965
6968
6969
6971
7037
6967
6968
6969
6973
7474
6969
7038
7475
6975
7039
7476
6972
6974
6972
6975
6976
6974
6975
6976
6977
7481
6976
7482
7483
6980
6980
6984
7489
6983
6985
6983
6986
6987
6989
6985
6986
6987
6991
7492
6987
7493
6993
7494
6990
6992
6990
6993
6994
6996
7040
6992
6993
6994
6998
7499
6994
7500
7000
7041
7501
6997
6999
6997
7000
7001
7003
7042
6999
7000
7001
7005
7506
7001
7043
7507
7007
7044
7508
7004
7006
7004
7007
7008
7010
7045
7006
7007
7008
7012
7513
7008
7046
7514
7014
7047
7515
7011
7013
7011
7014
7015
7017
7048
7013
7014
7015
7019
7520
7015
7049
7521
7021
7050
7522
7018
7020
7018
7021
7022
7024
7051
7020
7021
7022
7026
7527
7022
7052
7528
7028
7053
7529
7025
7027
7025
7028
7029
7031
7027
7028
7029
7033
7534
7029
7054
7535
7035
7536
7032
7034
7032
7035
7036
7034
7035
7036
7038
7541
7036
7542
7543
7039
7039
7548
7041
7043
7551
7044
7044
7046
7553
7047
7047
7049
7556
7050
7050
7052
7559
7053
7053
7054
7562
7056
7057
7086
7059
7090
7566
7058
7059
7060
7061
7093
7060
7096
7568
7063
7097
7569
7062
7063
7064
7065
7100
7064
7103
7572
7067
7104
7573
7066
7067
7068
7069
7107
7068
7110
7576
7071
7111
7577
7070
7071
7072
7073
7114
7072
7117
7580
7074
7118
7581
7074
7124
7584
7076
7077
7078
7080
7148
7078
7151
7586
7084
7152
7587
7081
7083
7081
7084
7085
7087
7083
7084
7085
7089
7590
7085
7591
7091
7592
7088
7090
7088
7091
7092
7094
7090
7091
7092
7096
7597
7092
7598
7098
7599
7095
7097
7095
7098
7099
7101
7097
7098
7099
7103
7604
7099
7605
7105
7606
7102
7104
7102
7105
7106
7108
7104
7105
7106
7110
7611
7106
7612
7112
7613
7109
7111
7109
7112
7113
7115
7111
7112
7113
7117
7618
7113
7619
7119
7620
7116
7118
7116
7119
7120
7122
7118
7119
7120
7124
7625
7120
7626
7126
7627
7123
7125
7123
7126
7127
7129
7125
7126
7127
7131
7632
7127
7633
7133
7634
7130
7132
7130
7133
7134
7135
7132
7133
7134
7639
7134
7640
7137
7641
7136
7137
7138
7155
7138
7158
7646
7159
7647
7140
7142
7173
7146
7177
7650
7143
7145
7143
7146
7147
7149
7145
7146
7147
7151
7652
7147
7653
7153
7654
7150
7152
7150
7153
7154
7152
7153
7154
7659
7154
7660
7661
7157
7159
7157
7160
7161
7163
7159
7160
7161
7165
7666
7161
7667
7167
7668
7164
7166
7164
7167
7168
7169
7166
7167
7168
7673
7168
7674
7170
7675
7170
7183
7680
7172
7174
7191
7178
7195
7682
7175
7177
7175
7178
7179
7177
7178
7179
7684
7179
7685
7686
7182
7184
7182
7185
7186
7187
7184
7185
7186
7691
7186
7692
7188
7693
7188
7201
7698
7190
7192
7207
7196
7211
7700
7193
7195
7193
7196
7197
7195
7196
7197
7702
7197
7703
7704
7200
7202
7200
7203
7204
7205
7202
7203
7204
7709
7204
7710
7206
7711
7206
7217
7716
7209
7211
7209
7212
7213
7225
7211
7212
7213
7718
7213
7228
7719
7229
7720
7216
7218
7216
7219
7220
7232
7218
7219
7220
7725
7220
7235
7726
7236
7727
7222
7223
7224
7226
7242
7224
7228
7732
7230
7246
7733
7227
7229
7227
7230
7231
7229
7230
7231
7736
7231
7737
7738
7234
7236
7234
7237
7238
7239
7236
7237
7238
7240
7743
7238
7744
7241
7745
7241
7241
7252
7750
7244
7246
7244
7247
7248
7258
7246
7247
7248
7753
7248
7261
7754
7262
7755
7251
7253
7251
7254
7255
7265
7253
7254
7255
7760
7255
7268
7761
7269
7762
7257
7259
7274
7263
7276
7767
7260
7262
7260
7263
7264
7278
7262
7263
7264
7769
7264
7281
7770
7282
7771
7267
7269
7267
7270
7271
7272
7285
7269
7270
7271
7776
7271
7288
7777
7273
7289
7778
7273
7293
7783
7275
7276
7277
7279
7295
7277
7281
7785
7283
7297
7786
7280
7282
7280
7283
7284
7299
7282
7283
7284
7789
7284
7302
7790
7303
7791
7287
7289
7287
7290
7291
7292
7306
7289
7290
7291
7293
7796
7291
7309
7797
7294
7310
7798
7294
7294
7314
7803
7296
7297
7298
7300
7316
7298
7302
7806
7304
7318
7807
7301
7303
7301
7304
7305
7320
7303
7304
7305
7810
7305
7323
7811
7324
7812
7308
7310
7308
7311
7312
7313
7327
7310
7311
7312
7314
7817
7312
7330
7818
7315
7331
7819
7315
7315
7335
7824
7317
7318
7319
7321
7337
7319
7323
7827
7325
7339
7828
7322
7324
7322
7325
7326
7341
7324
7325
7326
7831
7326
7344
7832
7345
7833
7329
7331
7329
7332
7333
7334
7348
7331
7332
7333
7335
7838
7333
7351
7839
7336
7352
7840
7336
7336
7356
7845
7338
7339
7340
7342
7358
7340
7344
7848
7346
7359
7849
7343
7345
7343
7346
7347
7360
7345
7346
7347
7852
7347
7363
7853
7364
7854
7350
7352
7350
7353
7354
7355
7367
7352
7353
7354
7356
7859
7354
7370
7860
7357
7371
7861
7357
7357
7374
7866
7359
7363
7869
7362
7364
7362
7365
7366
7375
7364
7365
7366
7871
7366
7378
7872
7379
7873
7369
7371
7369
7372
7373
7382
7371
7372
7373
7374
7878
7373
7385
7879
7386
7880
7377
7379
7377
7380
7381
7389
7379
7380
7381
7886
7381
7887
7391
7888
7384
7386
7384
7387
7388
7386
7387
7388
7893
7388
7408
7894
7895
7390
7391
7392
7394
7392
7396
7900
7398
7901
7395
7397
7395
7398
7399
7410
7397
7398
7399
7904
7399
7413
7905
7414
7906
7402
7404
7402
7405
7406
7407
7417
7404
7405
7406
7408
7911
7406
7420
7912
7409
7421
7913
7409
7409
7918
7412
7414
7412
7415
7416
7424
7414
7415
7416
7921
7416
7922
7425
7923
7419
7421
7419
7422
7423
7421
7422
7423
7928
7423
7440
7929
7930
7425
7429
7935
7428
7430
7428
7431
7432
7441
7430
7431
7432
7937
7432
7938
7442
7939
7435
7437
7435
7438
7439
7437
7438
7439
7440
7944
7439
7457
7945
7946
7442
7446
7952
7445
7447
7445
7448
7449
7458
7447
7448
7449
7954
7449
7955
7459
7956
7452
7454
7452
7455
7456
7454
7455
7456
7457
7961
7456
7488
7962
7963
7459
7463
7969
7462
7464
7462
7465
7466
7468
7464
7465
7466
7470
7971
7466
7972
7472
7973
7469
7471
7469
7472
7473
7489
7471
7472
7473
7978
7473
7490
7979
7491
7980
7476
7478
7476
7479
7480
7482
7548
7478
7479
7480
7484
7985
7480
7549
7986
7486
7550
7987
7483
7485
7483
7486
7487
7485
7486
7487
7488
7992
7487
7993
7994
7491
7491
7495
8000
7494
7496
7494
7497
7498
7500
7496
7497
7498
7502
8003
7498
8004
7504
8005
7501
7503
7501
7504
7505
7507
7551
7503
7504
7505
7509
8010
7505
8011
7511
7552
8012
7508
7510
7508
7511
7512
7514
7553
7510
7511
7512
7516
8017
7512
7554
8018
7518
7555
8019
7515
7517
7515
7518
7519
7521
7556
7517
7518
7519
7523
8024
7519
7557
8025
7525
7558
8026
7522
7524
7522
7525
7526
7528
7559
7524
7525
7526
7530
8031
7526
7560
8032
7532
7561
8033
7529
7531
7529
7532
7533
7535
7562
7531
7532
7533
7537
8038
7533
7563
8039
7539
7564
8040
7536
7538
7536
7539
7540
7542
7538
7539
7540
7544
8045
7540
7565
8046
7546
8047
7543
7545
7543
7546
7547
7545
7546
7547
7549
8052
7547
8053
8054
7550
7550
8059
7552
7554
8062
7555
7555
7557
8064
7558
7558
7560
8067
7561
7561
7563
8070
7564
7564
7565
8073
7567
7568
7597
7570
7601
8077
7569
7570
7571
7572
7604
7571
7607
8079
7574
7608
8080
7573
7574
7575
7576
7611
7575
7614
8083
7578
7615
8084
7577
7578
7579
7580
7618
7579
7621
8087
7582
7622
8088
7581
7582
7583
7584
7625
7583
7628
8091
7585
7629
8092
7585
7635
8095
7587
7588
7589
7591
7659
7589
7662
8097
7595
7663
8098
7592
7594
7592
7595
7596
7598
7594
7595
7596
7600
8101
7596
8102
7602
8103
7599
7601
7599
7602
7603
7605
7601
7602
7603
7607
8108
7603
8109
7609
8110
7606
7608
7606
7609
7610
7612
7608
7609
7610
7614
8115
7610
8116
7616
8117
7613
7615
7613
7616
7617
7619
7615
7616
7617
7621
8122
7617
8123
7623
8124
7620
7622
7620
7623
7624
7626
7622
7623
7624
7628
8129
7624
8130
7630
8131
7627
7629
7627
7630
7631
7633
7629
7630
7631
7635
8136
7631
8137
7637
8138
7634
7636
7634
7637
7638
7640
7636
7637
7638
7642
8143
7638
8144
7644
8145
7641
7643
7641
7644
7645
7646
7643
7644
7645
8150
7645
8151
7648
8152
7647
7648
7649
7666
7649
7669
8157
7670
8158
7651
7653
7684
7657
7688
8161
7654
7656
7654
7657
7658
7660
7656
7657
7658
7662
8163
7658
8164
7664
8165
7661
7663
7661
7664
7665
7663
7664
7665
8170
7665
8171
8172
7668
7670
7668
7671
7672
7674
7670
7671
7672
7676
8177
7672
8178
7678
8179
7675
7677
7675
7678
7679
7680
7677
7678
7679
8184
7679
8185
7681
8186
7681
7694
8191
7683
7685
7702
7689
7706
8193
7686
7688
7686
7689
7690
7688
7689
7690
8195
7690
8196
8197
7693
7695
7693
7696
7697
7698
7695
7696
7697
8202
7697
8203
7699
8204
7699
7712
8209
7701
7703
7718
7707
7722
8211
7704
7706
7704
7707
7708
7706
7707
7708
8213
7708
8214
8215
7711
7713
7711
7714
7715
7716
7713
7714
7715
8220
7715
8221
7717
8222
7717
7728
8227
7720
7722
7720
7723
7724
7736
7722
7723
7724
8229
7724
7739
8230
7740
8231
7727
7729
7727
7730
7731
7743
7729
7730
7731
8236
7731
7746
8237
7747
8238
7733
7734
7735
7737
7753
7735
7739
8243
7741
7757
8244
7738
7740
7738
7741
7742
7740
7741
7742
8247
7742
8248
8249
7745
7747
7745
7748
7749
7750
7747
7748
7749
7751
8254
7749
8255
7752
8256
7752
7752
7763
8261
7755
7757
7755
7758
7759
7769
7757
7758
7759
8264
7759
7772
8265
7773
8266
7762
7764
7762
7765
7766
7776
7764
7765
7766
8271
7766
7779
8272
7780
8273
7768
7770
7785
7774
7787
8278
7771
7773
7771
7774
7775
7789
7773
7774
7775
8280
7775
7792
8281
7793
8282
7778
7780
7778
7781
7782
7783
7796
7780
7781
7782
8287
7782
7799
8288
7784
7800
8289
7784
7804
8294
7786
7787
7788
7790
7806
7788
7792
8296
7794
7808
8297
7791
7793
7791
7794
7795
7810
7793
7794
7795
8300
7795
7813
8301
7814
8302
7798
7800
7798
7801
7802
7803
7817
7800
7801
7802
7804
8307
7802
7820
8308
7805
7821
8309
7805
7805
7825
8314
7807
7808
7809
7811
7827
7809
7813
8317
7815
7829
8318
7812
7814
7812
7815
7816
7831
7814
7815
7816
8321
7816
7834
8322
7835
8323
7819
7821
7819
7822
7823
7824
7838
7821
7822
7823
7825
8328
7823
7841
8329
7826
7842
8330
7826
7826
7846
8335
7828
7829
7830
7832
7848
7830
7834
8338
7836
7850
8339
7833
7835
7833
7836
7837
7852
7835
7836
7837
8342
7837
7855
8343
7856
8344
7840
7842
7840
7843
7844
7845
7859
7842
7843
7844
7846
8349
7844
7862
8350
7847
7863
8351
7847
7847
7867
8356
7849
7850
7851
7853
7869
7851
7855
8359
7857
7870
8360
7854
7856
7854
7857
7858
7871
7856
7857
7858
8363
7858
7874
8364
7875
8365
7861
7863
7861
7864
7865
7866
7878
7863
7864
7865
7867
8370
7865
7881
8371
7868
7882
8372
7868
7868
7885
8377
7870
7874
8380
7873
7875
7873
7876
7877
7886
7875
7876
7877
8382
7877
7889
8383
7890
8384
7880
7882
7880
7883
7884
7893
7882
7883
7884
7885
8389
7884
7896
8390
7897
8391
7888
7890
7888
7891
7892
7900
7890
7891
7892
8397
7892
8398
7902
8399
7895
7897
7895
7898
7899
7897
7898
7899
8404
7899
7919
8405
8406
7901
7902
7903
7905
7903
7907
8411
7909
8412
7906
7908
7906
7909
7910
7921
7908
7909
7910
8415
7910
7924
8416
7925
8417
7913
7915
7913
7916
7917
7918
7928
7915
7916
7917
7919
8422
7917
7931
8423
7920
7932
8424
7920
7920
8429
7923
7925
7923
7926
7927
7935
7925
7926
7927
8432
7927
8433
7936
8434
7930
7932
7930
7933
7934
7932
7933
7934
8439
7934
7951
8440
8441
7936
7940
8446
7939
7941
7939
7942
7943
7952
7941
7942
7943
8448
7943
8449
7953
8450
7946
7948
7946
7949
7950
7948
7949
7950
7951
8455
7950
7968
8456
8457
7953
7957
8463
7956
7958
7956
7959
7960
7969
7958
7959
7960
8465
7960
8466
7970
8467
7963
7965
7963
7966
7967
7965
7966
7967
7968
8472
7967
7999
8473
8474
7970
7974
8480
7973
7975
7973
7976
7977
7979
7975
7976
7977
7981
8482
7977
8483
7983
8484
7980
7982
7980
7983
7984
8000
7982
7983
7984
8489
7984
8001
8490
8002
8491
7987
7989
7987
7990
7991
7993
8059
7989
7990
7991
7995
8496
7991
8060
8497
7997
8061
8498
7994
7996
7994
7997
7998
7996
7997
7998
7999
8503
7998
8504
8505
8002
8002
8006
8511
8005
8007
8005
8008
8009
8011
8007
8008
8009
8013
8514
8009
8515
8015
8516
8012
8014
8012
8015
8016
8018
8062
8014
8015
8016
8020
8521
8016
8522
8022
8063
8523
8019
8021
8019
8022
8023
8025
8064
8021
8022
8023
8027
8528
8023
8065
8529
8029
8066
8530
8026
8028
8026
8029
8030
8032
8067
8028
8029
8030
8034
8535
8030
8068
8536
8036
8069
8537
8033
8035
8033
8036
8037
8039
8070
8035
8036
8037
8041
8542
8037
8071
8543
8043
8072
8544
8040
8042
8040
8043
8044
8046
8073
8042
8043
8044
8048
8549
8044
8074
8550
8050
8075
8551
8047
8049
8047
8050
8051
8053
8049
8050
8051
8055
8556
8051
8076
8557
8057
8558
8054
8056
8054
8057
8058
8056
8057
8058
8060
8563
8058
8564
8565
8061
8061
8570
8063
8065
8573
8066
8066
8068
8575
8069
8069
8071
8578
8072
8072
8074
8581
8075
8075
8076
8584
8078
8079
8108
8081
8112
8588
8080
8081
8082
8083
8115
8082
8118
8590
8085
8119
8591
8084
8085
8086
8087
8122
8086
8125
8594
8089
8126
8595
8088
8089
8090
8091
8129
8090
8132
8598
8093
8133
8599
8092
8093
8094
8095
8136
8094
8139
8602
8096
8140
8603
8096
8146
8606
8098
8099
8100
8102
8170
8100
8173
8608
8106
8174
8609
8103
8105
8103
8106
8107
8109
8105
8106
8107
8111
8612
8107
8613
8113
8614
8110
8112
8110
8113
8114
8116
8112
8113
8114
8118
8619
8114
8620
8120
8621
8117
8119
8117
8120
8121
8123
8119
8120
8121
8125
8626
8121
8627
8127
8628
8124
8126
8124
8127
8128
8130
8126
8127
8128
8132
8633
8128
8634
8134
8635
8131
8133
8131
8134
8135
8137
8133
8134
8135
8139
8640
8135
8641
8141
8642
8138
8140
8138
8141
8142
8144
8140
8141
8142
8146
8647
8142
8648
8148
8649
8145
8147
8145
8148
8149
8151
8147
8148
8149
8153
8654
8149
8655
8155
8656
8152
8154
8152
8155
8156
8157
8154
8155
8156
8661
8156
8662
8159
8663
8158
8159
8160
8177
8160
8180
8668
8181
8669
8162
8164
8195
8168
8199
8672
8165
8167
8165
8168
8169
8171
8167
8168
8169
8173
8674
8169
8675
8175
8676
8172
8174
8172
8175
8176
8174
8175
8176
8681
8176
8682
8683
8179
8181
8179
8182
8183
8185
8181
8182
8183
8187
8688
8183
8689
8189
8690
8186
8188
8186
8189
8190
8191
8188
8189
8190
8695
8190
8696
8192
8697
8192
8205
8702
8194
8196
8213
8200
8217
8704
8197
8199
8197
8200
8201
8199
8200
8201
8706
8201
8707
8708
8204
8206
8204
8207
8208
8209
8206
8207
8208
8713
8208
8714
8210
8715
8210
8223
8720
8212
8214
8229
8218
8233
8722
8215
8217
8215
8218
8219
8217
8218
8219
8724
8219
8725
8726
8222
8224
8222
8225
8226
8227
8224
8225
8226
8731
8226
8732
8228
8733
8228
8239
8738
8231
8233
8231
8234
8235
8247
8233
8234
8235
8740
8235
8250
8741
8251
8742
8238
8240
8238
8241
8242
8254
8240
8241
8242
8747
8242
8257
8748
8258
8749
8244
8245
8246
8248
8264
8246
8250
8754
8252
8268
8755
8249
8251
8249
8252
8253
8251
8252
8253
8758
8253
8759
8760
8256
8258
8256
8259
8260
8261
8258
8259
8260
8262
8765
8260
8766
8263
8767
8263
8263
8274
8772
8266
8268
8266
8269
8270
8280
8268
8269
8270
8775
8270
8283
8776
8284
8777
8273
8275
8273
8276
8277
8287
8275
8276
8277
8782
8277
8290
8783
8291
8784
8279
8281
8296
8285
8298
8789
8282
8284
8282
8285
8286
8300
8284
8285
8286
8791
8286
8303
8792
8304
8793
8289
8291
8289
8292
8293
8294
8307
8291
8292
8293
8798
8293
8310
8799
8295
8311
8800
8295
8315
8805
8297
8298
8299
8301
8317
8299
8303
8807
8305
8319
8808
8302
8304
8302
8305
8306
8321
8304
8305
8306
8811
8306
8324
8812
8325
8813
8309
8311
8309
8312
8313
8314
8328
8311
8312
8313
8315
8818
8313
8331
8819
8316
8332
8820
8316
8316
8336
8825
8318
8319
8320
8322
8338
8320
8324
8828
8326
8340
8829
8323
8325
8323
8326
8327
8342
8325
8326
8327
8832
8327
8345
8833
8346
8834
8330
8332
8330
8333
8334
8335
8349
8332
8333
8334
8336
8839
8334
8352
8840
8337
8353
8841
8337
8337
8357
8846
8339
8340
8341
8343
8359
8341
8345
8849
8347
8361
8850
8344
8346
8344
8347
8348
8363
8346
8347
8348
8853
8348
8366
8854
8367
8855
8351
8353
8351
8354
8355
8356
8370
8353
8354
8355
8357
8860
8355
8373
8861
8358
8374
8862
8358
8358
8378
8867
8360
8361
8362
8364
8380
8362
8366
8870
8368
8381
8871
8365
8367
8365
8368
8369
8382
8367
8368
8369
8874
8369
8385
8875
8386
8876
8372
8374
8372
8375
8376
8377
8389
8374
8375
8376
8378
8881
8376
8392
8882
8379
8393
8883
8379
8379
8396
8888
8381
8385
8891
8384
8386
8384
8387
8388
8397
8386
8387
8388
8893
8388
8400
8894
8401
8895
8391
8393
8391
8394
8395
8404
8393
8394
8395
8396
8900
8395
8407
8901
8408
8902
8399
8401
8399
8402
8403
8411
8401
8402
8403
8908
8403
8909
8413
8910
8406
8408
8406
8409
8410
8408
8409
8410
8915
8410
8430
8916
8917
8412
8413
8414
8416
8414
8418
8922
8420
8923
8417
8419
8417
8420
8421
8432
8419
8420
8421
8926
8421
8435
8927
8436
8928
8424
8426
8424
8427
8428
8429
8439
8426
8427
8428
8430
8933
8428
8442
8934
8431
8443
8935
8431
8431
8940
8434
8436
8434
8437
8438
8446
8436
8437
8438
8943
8438
8944
8447
8945
8441
8443
8441
8444
8445
8443
8444
8445
8950
8445
8462
8951
8952
8447
8451
8957
8450
8452
8450
8453
8454
8463
8452
8453
8454
8959
8454
8960
8464
8961
8457
8459
8457
8460
8461
8459
8460
8461
8462
8966
8461
8479
8967
8968
8464
8468
8974
8467
8469
8467
8470
8471
8480
8469
8470
8471
8976
8471
8977
8481
8978
8474
8476
8474
8477
8478
8476
8477
8478
8479
8983
8478
8510
8984
8985
8481
8485
8991
8484
8486
8484
8487
8488
8490
8486
8487
8488
8492
8993
8488
8994
8494
8995
8491
8493
8491
8494
8495
8511
8493
8494
8495
9000
8495
8512
9001
8513
9002
8498
8500
8498
8501
8502
8504
8570
8500
8501
8502
8506
9007
8502
8571
9008
8508
8572
9009
8505
8507
8505
8508
8509
8507
8508
8509
8510
9014
8509
9015
9016
8513
8513
8517
9022
8516
8518
8516
8519
8520
8522
8518
8519
8520
8524
9025
8520
9026
8526
9027
8523
8525
8523
8526
8527
8529
8573
8525
8526
8527
8531
9032
8527
9033
8533
8574
9034
8530
8532
8530
8533
8534
8536
8575
8532
8533
8534
8538
9039
8534
8576
9040
8540
8577
9041
8537
8539
8537
8540
8541
8543
8578
8539
8540
8541
8545
9046
8541
8579
9047
8547
8580
9048
8544
8546
8544
8547
8548
8550
8581
8546
8547
8548
8552
9053
8548
8582
9054
8554
8583
9055
8551
8553
8551
8554
8555
8557
8584
8553
8554
8555
8559
9060
8555
8585
9061
8561
8586
9062
8558
8560
8558
8561
8562
8564
8560
8561
8562
8566
9067
8562
8587
9068
8568
9069
8565
8567
8565
8568
8569
8567
8568
8569
8571
9074
8569
9075
9076
8572
8572
9081
8574
8576
9084
8577
8577
8579
9086
8580
8580
8582
9089
8583
8583
8585
9092
8586
8586
8587
9095
8589
8590
8619
8592
8623
9099
8591
8592
8593
8594
8626
8593
8629
9101
8596
8630
9102
8595
8596
8597
8598
8633
8597
8636
9105
8600
8637
9106
8599
8600
8601
8602
8640
8601
8643
9109
8604
8644
9110
8603
8604
8605
8606
8647
8605
8650
9113
8607
8651
9114
8607
8657
9117
8609
8610
8611
8613
8681
8611
8684
9119
8617
8685
9120
8614
8616
8614
8617
8618
8620
8616
8617
8618
8622
9123
8618
9124
8624
9125
8621
8623
8621
8624
8625
8627
8623
8624
8625
8629
9130
8625
9131
8631
9132
8628
8630
8628
8631
8632
8634
8630
8631
8632
8636
9137
8632
9138
8638
9139
8635
8637
8635
8638
8639
8641
8637
8638
8639
8643
9144
8639
9145
8645
9146
8642
8644
8642
8645
8646
8648
8644
8645
8646
8650
9151
8646
9152
8652
9153
8649
8651
8649
8652
8653
8655
8651
8652
8653
8657
9158
8653
9159
8659
9160
8656
8658
8656
8659
8660
8662
8658
8659
8660
8664
9165
8660
9166
8666
9167
8663
8665
8663
8666
8667
8668
8665
8666
8667
9172
8667
9173
8670
9174
8669
8670
8671
8688
8671
8691
9179
8692
9180
8673
8675
8706
8679
8710
9183
8676
8678
8676
8679
8680
8682
8678
8679
8680
8684
9185
8680
9186
8686
9187
8683
8685
8683
8686
8687
8685
8686
8687
9192
8687
9193
9194
8690
8692
8690
8693
8694
8696
8692
8693
8694
8698
9199
8694
9200
8700
9201
8697
8699
8697
8700
8701
8702
8699
8700
8701
9206
8701
9207
8703
9208
8703
8716
9213
8705
8707
8724
8711
8728
9215
8708
8710
8708
8711
8712
8710
8711
8712
9217
8712
9218
9219
8715
8717
8715
8718
8719
8720
8717
8718
8719
9224
8719
9225
8721
9226
8721
8734
9231
8723
8725
8740
8729
8744
9233
8726
8728
8726
8729
8730
8728
8729
8730
9235
8730
9236
9237
8733
8735
8733
8736
8737
8738
8735
8736
8737
9242
8737
9243
8739
9244
8739
8750
9249
8742
8744
8742
8745
8746
8758
8744
8745
8746
9251
8746
8761
9252
8762
9253
8749
8751
8749
8752
8753
8765
8751
8752
8753
9258
8753
8768
9259
8769
9260
8755
8756
8757
8759
8775
8757
8761
9265
8763
8779
9266
8760
8762
8760
8763
8764
8762
8763
8764
9269
8764
9270
9271
8767
8769
8767
8770
8771
8772
8769
8770
8771
8773
9276
8771
9277
8774
9278
8774
8774
8785
9283
8777
8779
8777
8780
8781
8791
8779
8780
8781
9286
8781
8794
9287
8795
9288
8784
8786
8784
8787
8788
8798
8786
8787
8788
9293
8788
8801
9294
8802
9295
8790
8792
8807
8796
8809
9300
8793
8795
8793
8796
8797
8811
8795
8796
8797
9302
8797
8814
9303
8815
9304
8800
8802
8800
8803
8804
8805
8818
8802
8803
8804
9309
8804
8821
9310
8806
8822
9311
8806
8826
9316
8808
8809
8810
8812
8828
8810
8814
9318
8816
8830
9319
8813
8815
8813
8816
8817
8832
8815
8816
8817
9322
8817
8835
9323
8836
9324
8820
8822
8820
8823
8824
8825
8839
8822
8823
8824
8826
9329
8824
8842
9330
8827
8843
9331
8827
8827
8847
9336
8829
8830
8831
8833
8849
8831
8835
9339
8837
8851
9340
8834
8836
8834
8837
8838
8853
8836
8837
8838
9343
8838
8856
9344
8857
9345
8841
8843
8841
8844
8845
8846
8860
8843
8844
8845
8847
9350
8845
8863
9351
8848
8864
9352
8848
8848
8868
9357
8850
8851
8852
8854
8870
8852
8856
9360
8858
8872
9361
8855
8857
8855
8858
8859
8874
8857
8858
8859
9364
8859
8877
9365
8878
9366
8862
8864
8862
8865
8866
8867
8881
8864
8865
8866
8868
9371
8866
8884
9372
8869
8885
9373
8869
8869
8889
9378
8871
8872
8873
8875
8891
8873
8877
9381
8879
8892
9382
8876
8878
8876
8879
8880
8893
8878
8879
8880
9385
8880
8896
9386
8897
9387
8883
8885
8883
8886
8887
8888
8900
8885
8886
8887
8889
9392
8887
8903
9393
8890
8904
9394
8890
8890
8907
9399
8892
8896
9402
8895
8897
8895
8898
8899
8908
8897
8898
8899
9404
8899
8911
9405
8912
9406
8902
8904
8902
8905
8906
8915
8904
8905
8906
8907
9411
8906
8918
9412
8919
9413
8910
8912
8910
8913
8914
8922
8912
8913
8914
9419
8914
9420
8924
9421
8917
8919
8917
8920
8921
8919
8920
8921
9426
8921
8941
9427
9428
8923
8924
8925
8927
8925
8929
9433
8931
9434
8928
8930
8928
8931
8932
8943
8930
8931
8932
9437
8932
8946
9438
8947
9439
8935
8937
8935
8938
8939
8940
8950
8937
8938
8939
8941
9444
8939
8953
9445
8942
8954
9446
8942
8942
9451
8945
8947
8945
8948
8949
8957
8947
8948
8949
9454
8949
9455
8958
9456
8952
8954
8952
8955
8956
8954
8955
8956
9461
8956
8973
9462
9463
8958
8962
9468
8961
8963
8961
8964
8965
8974
8963
8964
8965
9470
8965
9471
8975
9472
8968
8970
8968
8971
8972
8970
8971
8972
8973
9477
8972
8990
9478
9479
8975
8979
9485
8978
8980
8978
8981
8982
8991
8980
8981
8982
9487
8982
9488
8992
9489
8985
8987
8985
8988
8989
8987
8988
8989
8990
9494
8989
9021
9495
9496
8992
8996
9502
8995
8997
8995
8998
8999
9001
8997
8998
8999
9003
9504
8999
9505
9005
9506
9002
9004
9002
9005
9006
9022
9004
9005
9006
9511
9006
9023
9512
9024
9513
9009
9011
9009
9012
9013
9015
9081
9011
9012
9013
9017
9518
9013
9082
9519
9019
9083
9520
9016
9018
9016
9019
9020
9018
9019
9020
9021
9525
9020
9526
9527
9024
9024
9028
9533
9027
9029
9027
9030
9031
9033
9029
9030
9031
9035
9536
9031
9537
9037
9538
9034
9036
9034
9037
9038
9040
9084
9036
9037
9038
9042
9543
9038
9544
9044
9085
9545
9041
9043
9041
9044
9045
9047
9086
9043
9044
9045
9049
9550
9045
9087
9551
9051
9088
9552
9048
9050
9048
9051
9052
9054
9089
9050
9051
9052
9056
9557
9052
9090
9558
9058
9091
9559
9055
9057
9055
9058
9059
9061
9092
9057
9058
9059
9063
9564
9059
9093
9565
9065
9094
9566
9062
9064
9062
9065
9066
9068
9095
9064
9065
9066
9070
9571
9066
9096
9572
9072
9097
9573
9069
9071
9069
9072
9073
9075
9071
9072
9073
9077
9578
9073
9098
9579
9079
9580
9076
9078
9076
9079
9080
9078
9079
9080
9082
9585
9080
9586
9587
9083
9083
9592
9085
9087
9595
9088
9088
9090
9597
9091
9091
9093
9600
9094
9094
9096
9603
9097
9097
9098
9606
9100
9101
9130
9103
9134
9610
9102
9103
9104
9105
9137
9104
9140
9612
9107
9141
9613
9106
9107
9108
9109
9144
9108
9147
9616
9111
9148
9617
9110
9111
9112
9113
9151
9112
9154
9620
9115
9155
9621
9114
9115
9116
9117
9158
9116
9161
9624
9118
9162
9625
9118
9168
9628
9120
9121
9122
9124
9192
9122
9195
9630
9128
9196
9631
9125
9127
9125
9128
9129
9131
9127
9128
9129
9133
9634
9129
9635
9135
9636
9132
9134
9132
9135
9136
9138
9134
9135
9136
9140
9641
9136
9642
9142
9643
9139
9141
9139
9142
9143
9145
9141
9142
9143
9147
9648
9143
9649
9149
9650
9146
9148
9146
9149
9150
9152
9148
9149
9150
9154
9655
9150
9656
9156
9657
9153
9155
9153
9156
9157
9159
9155
9156
9157
9161
9662
9157
9663
9163
9664
9160
9162
9160
9163
9164
9166
9162
9163
9164
9168
9669
9164
9670
9170
9671
9167
9169
9167
9170
9171
9173
9169
9170
9171
9175
9676
9171
9677
9177
9678
9174
9176
9174
9177
9178
9179
9176
9177
9178
9683
9178
9684
9181
9685
9180
9181
9182
9199
9182
9202
9690
9203
9691
9184
9186
9217
9190
9221
9694
9187
9189
9187
9190
9191
9193
9189
9190
9191
9195
9696
9191
9697
9197
9698
9194
9196
9194
9197
9198
9196
9197
9198
9703
9198
9704
9705
9201
9203
9201
9204
9205
9207
9203
9204
9205
9209
9710
9205
9711
9211
9712
9208
9210
9208
9211
9212
9213
9210
9211
9212
9717
9212
9718
9214
9719
9214
9227
9724
9216
9218
9235
9222
9239
9726
9219
9221
9219
9222
9223
9221
9222
9223
9728
9223
9729
9730
9226
9228
9226
9229
9230
9231
9228
9229
9230
9735
9230
9736
9232
9737
9232
9245
9742
9234
9236
9251
9240
9255
9744
9237
9239
9237
9240
9241
9239
9240
9241
9746
9241
9747
9748
9244
9246
9244
9247
9248
9249
9246
9247
9248
9753
9248
9754
9250
9755
9250
9261
9760
9253
9255
9253
9256
9257
9269
9255
9256
9257
9762
9257
9272
9763
9273
9764
9260
9262
9260
9263
9264
9276
9262
9263
9264
9769
9264
9279
9770
9280
9771
9266
9267
9268
9270
9286
9268
9272
9776
9274
9290
9777
9271
9273
9271
9274
9275
9273
9274
9275
9780
9275
9781
9782
9278
9280
9278
9281
9282
9283
9280
9281
9282
9284
9787
9282
9788
9285
9789
9285
9285
9296
9794
9288
9290
9288
9291
9292
9302
9290
9291
9292
9797
9292
9305
9798
9306
9799
9295
9297
9295
9298
9299
9309
9297
9298
9299
9804
9299
9312
9805
9313
9806
9301
9303
9318
9307
9320
9811
9304
9306
9304
9307
9308
9322
9306
9307
9308
9813
9308
9325
9814
9326
9815
9311
9313
9311
9314
9315
9316
9329
9313
9314
9315
9820
9315
9332
9821
9317
9333
9822
9317
9337
9827
9319
9320
9321
9323
9339
9321
9325
9829
9327
9341
9830
9324
9326
9324
9327
9328
9343
9326
9327
9328
9833
9328
9346
9834
9347
9835
9331
9333
9331
9334
9335
9336
9350
9333
9334
9335
9337
9840
9335
9353
9841
9338
9354
9842
9338
9338
9358
9847
9340
9341
9342
9344
9360
9342
9346
9850
9348
9362
9851
9345
9347
9345
9348
9349
9364
9347
9348
9349
9854
9349
9367
9855
9368
9856
9352
9354
9352
9355
9356
9357
9371
9354
9355
9356
9358
9861
9356
9374
9862
9359
9375
9863
9359
9359
9379
9868
9361
9362
9363
9365
9381
9363
9367
9871
9369
9383
9872
9366
9368
9366
9369
9370
9385
9368
9369
9370
9875
9370
9388
9876
9389
9877
9373
9375
9373
9376
9377
9378
9392
9375
9376
9377
9379
9882
9377
9395
9883
9380
9396
9884
9380
9380
9400
9889
9382
9383
9384
9386
9402
9384
9388
9892
9390
9403
9893
9387
9389
9387
9390
9391
9404
9389
9390
9391
9896
9391
9407
9897
9408
9898
9394
9396
9394
9397
9398
9399
9411
9396
9397
9398
9400
9903
9398
9414
9904
9401
9415
9905
9401
9401
9418
9910
9403
9407
9913
9406
9408
9406
9409
9410
9419
9408
9409
9410
9915
9410
9422
9916
9423
9917
9413
9415
9413
9416
9417
9426
9415
9416
9417
9418
9922
9417
9429
9923
9430
9924
9421
9423
9421
9424
9425
9433
9423
9424
9425
9930
9425
9931
9435
9932
9428
9430
9428
9431
9432
9430
9431
9432
9937
9432
9452
9938
9939
9434
9435
9436
9438
9436
9440
9944
9442
9945
9439
9441
9439
9442
9443
9454
9441
9442
9443
9948
9443
9457
9949
9458
9950
9446
9448
9446
9449
9450
9451
9461
9448
9449
9450
9452
9955
9450
9464
9956
9453
9465
9957
9453
9453
9962
9456
9458
9456
9459
9460
9468
9458
9459
9460
9965
9460
9966
9469
9967
9463
9465
9463
9466
9467
9465
9466
9467
9972
9467
9484
9973
9974
9469
9473
9979
9472
9474
9472
9475
9476
9485
9474
9475
9476
9981
9476
9982
9486
9983
9479
9481
9479
9482
9483
9481
9482
9483
9484
9988
9483
9501
9989
9990
9486
9490
9996
9489
9491
9489
9492
9493
9502
9491
9492
9493
9998
9493
9999
9503
10000
9496
9498
9496
9499
9500
9498
9499
9500
9501
10005
9500
9532
10006
10007
9503
9507
10013
9506
9508
9506
9509
9510
9512
9508
9509
9510
9514
10015
9510
10016
9516
10017
9513
9515
9513
9516
9517
9533
9515
9516
9517
10022
9517
9534
10023
9535
10024
9520
9522
9520
9523
9524
9526
9592
9522
9523
9524
9528
10029
9524
9593
10030
9530
9594
10031
9527
9529
9527
9530
9531
9529
9530
9531
9532
10036
9531
10037
10038
9535
9535
9539
10044
9538
9540
9538
9541
9542
9544
9540
9541
9542
9546
10047
9542
10048
9548
10049
9545
9547
9545
9548
9549
9551
9595
9547
9548
9549
9553
10054
9549
10055
9555
9596
10056
9552
9554
9552
9555
9556
9558
9597
9554
9555
9556
9560
10061
9556
9598
10062
9562
9599
10063
9559
9561
9559
9562
9563
9565
9600
9561
9562
9563
9567
10068
9563
9601
10069
9569
9602
10070
9566
9568
9566
9569
9570
9572
9603
9568
9569
9570
9574
10075
9570
9604
10076
9576
9605
10077
9573
9575
9573
9576
9577
9579
9606
9575
9576
9577
9581
10082
9577
9607
10083
9583
9608
10084
9580
9582
9580
9583
9584
9586
9582
9583
9584
9588
10089
9584
9609
10090
9590
10091
9587
9589
9587
9590
9591
9589
9590
9591
9593
10096
9591
10097
10098
9594
9594
10103
9596
9598
10106
9599
9599
9601
10108
9602
9602
9604
10111
9605
9605
9607
10114
9608
9608
9609
10117
9611
9612
9641
9614
9645
10121
9613
9614
9615
9616
9648
9615
9651
10123
9618
9652
10124
9617
9618
9619
9620
9655
9619
9658
10127
9622
9659
10128
9621
9622
9623
9624
9662
9623
9665
10131
9626
9666
10132
9625
9626
9627
9628
9669
9627
9672
10135
9629
9673
10136
9629
9679
10139
9631
9632
9633
9635
9703
9633
9706
10141
9639
9707
10142
9636
9638
9636
9639
9640
9642
9638
9639
9640
9644
10145
9640
10146
9646
10147
9643
9645
9643
9646
9647
9649
9645
9646
9647
9651
10152
9647
10153
9653
10154
9650
9652
9650
9653
9654
9656
9652
9653
9654
9658
10159
9654
10160
9660
10161
9657
9659
9657
9660
9661
9663
9659
9660
9661
9665
10166
9661
10167
9667
10168
9664
9666
9664
9667
9668
9670
9666
9667
9668
9672
10173
9668
10174
9674
10175
9671
9673
9671
9674
9675
9677
9673
9674
9675
9679
10180
9675
10181
9681
10182
9678
9680
9678
9681
9682
9684
9680
9681
9682
9686
10187
9682
10188
9688
10189
9685
9687
9685
9688
9689
9690
9687
9688
9689
10194
9689
10195
9692
10196
9691
9692
9693
9710
9693
9713
10201
9714
10202
9695
9697
9728
9701
9732
10205
9698
9700
9698
9701
9702
9704
9700
9701
9702
9706
10207
9702
10208
9708
10209
9705
9707
9705
9708
9709
9707
9708
9709
10214
9709
10215
10216
9712
9714
9712
9715
9716
9718
9714
9715
9716
9720
10221
9716
10222
9722
10223
9719
9721
9719
9722
9723
9724
9721
9722
9723
10228
9723
10229
9725
10230
9725
9738
10235
9727
9729
9746
9733
9750
10237
9730
9732
9730
9733
9734
9732
9733
9734
10239
9734
10240
10241
9737
9739
9737
9740
9741
9742
9739
9740
9741
10246
9741
10247
9743
10248
9743
9756
10253
9745
9747
9762
9751
9766
10255
9748
9750
9748
9751
9752
9750
9751
9752
10257
9752
10258
10259
9755
9757
9755
9758
9759
9760
9757
9758
9759
10264
9759
10265
9761
10266
9761
9772
10271
9764
9766
9764
9767
9768
9780
9766
9767
9768
10273
9768
9783
10274
9784
10275
9771
9773
9771
9774
9775
9787
9773
9774
9775
10280
9775
9790
10281
9791
10282
9777
9778
9779
9781
9797
9779
9783
10287
9785
9801
10288
9782
9784
9782
9785
9786
9784
9785
9786
10291
9786
10292
10293
9789
9791
9789
9792
9793
9794
9791
9792
9793
9795
10298
9793
10299
9796
10300
9796
9796
9807
10305
9799
9801
9799
9802
9803
9813
9801
9802
9803
10308
9803
9816
10309
9817
10310
9806
9808
9806
9809
9810
9820
9808
9809
9810
10315
9810
9823
10316
9824
10317
9812
9814
9829
9818
9831
10322
9815
9817
9815
9818
9819
9833
9817
9818
9819
10324
9819
9836
10325
9837
10326
9822
9824
9822
9825
9826
9827
9840
9824
9825
9826
10331
9826
9843
10332
9828
9844
10333
9828
9848
10338
9830
9831
9832
9834
9850
9832
9836
10340
9838
9852
10341
9835
9837
9835
9838
9839
9854
9837
9838
9839
10344
9839
9857
10345
9858
10346
9842
9844
9842
9845
9846
9847
9861
9844
9845
9846
9848
10351
9846
9864
10352
9849
9865
10353
9849
9849
9869
10358
9851
9852
9853
9855
9871
9853
9857
10361
9859
9873
10362
9856
9858
9856
9859
9860
9875
9858
9859
9860
10365
9860
9878
10366
9879
10367
9863
9865
9863
9866
9867
9868
9882
9865
9866
9867
9869
10372
9867
9885
10373
9870
9886
10374
9870
9870
9890
10379
9872
9873
9874
9876
9892
9874
9878
10382
9880
9894
10383
9877
9879
9877
9880
9881
9896
9879
9880
9881
10386
9881
9899
10387
9900
10388
9884
9886
9884
9887
9888
9889
9903
9886
9887
9888
9890
10393
9888
9906
10394
9891
9907
10395
9891
9891
9911
10400
9893
9894
9895
9897
9913
9895
9899
10403
9901
9914
10404
9898
9900
9898
9901
9902
9915
9900
9901
9902
10407
9902
9918
10408
9919
10409
9905
9907
9905
9908
9909
9910
9922
9907
9908
9909
9911
10414
9909
9925
10415
9912
9926
10416
9912
9912
9929
10421
9914
9918
10424
9917
9919
9917
9920
9921
9930
9919
9920
9921
10426
9921
9933
10427
9934
10428
9924
9926
9924
9927
9928
9937
9926
9927
9928
9929
10433
9928
9940
10434
9941
10435
9932
9934
9932
9935
9936
9944
9934
9935
9936
10441
9936
10442
9946
10443
9939
9941
9939
9942
9943
9941
9942
9943
10448
9943
9963
10449
10450
9945
9946
9947
9949
9947
9951
10455
9953
10456
9950
9952
9950
9953
9954
9965
9952
9953
9954
10459
9954
9968
10460
9969
10461
9957
9959
9957
9960
9961
9962
9972
9959
9960
9961
9963
10466
9961
9975
10467
9964
9976
10468
9964
9964
10473
9967
9969
9967
9970
9971
9979
9969
9970
9971
10476
9971
10477
9980
10478
9974
9976
9974
9977
9978
9976
9977
9978
10483
9978
9995
10484
10485
9980
9984
10490
9983
9985
9983
9986
9987
9996
9985
9986
9987
10492
9987
10493
9997
10494
9990
9992
9990
9993
9994
9992
9993
9994
9995
10499
9994
10012
10500
10501
9997
10001
10507
10000
10002
10000
10003
10004
10013
10002
10003
10004
10509
10004
10510
10014
10511
10007
10009
10007
10010
10011
10009
10010
10011
10012
10516
10011
10043
10517
10518
10014
10018
10524
10017
10019
10017
10020
10021
10023
10019
10020
10021
10025
10526
10021
10527
10027
10528
10024
10026
10024
10027
10028
10044
10026
10027
10028
10533
10028
10045
10534
10046
10535
10031
10033
10031
10034
10035
10037
10103
10033
10034
10035
10039
10540
10035
10104
10541
10041
10105
10542
10038
10040
10038
10041
10042
10040
10041
10042
10043
10547
10042
10548
10549
10046
10046
10050
10555
10049
10051
10049
10052
10053
10055
10051
10052
10053
10057
10558
10053
10559
10059
10560
10056
10058
10056
10059
10060
10062
10106
10058
10059
10060
10064
10565
10060
10566
10066
10107
10567
10063
10065
10063
10066
10067
10069
10108
10065
10066
10067
10071
10572
10067
10109
10573
10073
10110
10574
10070
10072
10070
10073
10074
10076
10111
10072
10073
10074
10078
10579
10074
10112
10580
10080
10113
10581
10077
10079
10077
10080
10081
10083
10114
10079
10080
10081
10085
10586
10081
10115
10587
10087
10116
10588
10084
10086
10084
10087
10088
10090
10117
10086
10087
10088
10092
10593
10088
10118
10594
10094
10119
10595
10091
10093
10091
10094
10095
10097
10093
10094
10095
10099
10600
10095
10120
10601
10101
10602
10098
10100
10098
10101
10102
10100
10101
10102
10104
10607
10102
10608
10609
10105
10105
10614
10107
10109
10617
10110
10110
10112
10619
10113
10113
10115
10622
10116
10116
10118
10625
10119
10119
10120
10628
10122
10123
10152
10125
10156
10124
10125
10126
10127
10159
10126
10162
10129
10163
10128
10129
10130
10131
10166
10130
10169
10133
10170
10132
10133
10134
10135
10173
10134
10176
10137
10177
10136
10137
10138
10139
10180
10138
10183
10140
10184
10140
10190
10142
10143
10144
10146
10214
10144
10217
10150
10218
10147
10149
10147
10150
10151
10153
10149
10150
10151
10155
10151
10157
10154
10156
10154
10157
10158
10160
10156
10157
10158
10162
10632
10158
10633
10164
10634
10161
10163
10161
10164
10165
10167
10163
10164
10165
10169
10639
10165
10640
10171
10641
10168
10170
10168
10171
10172
10174
10170
10171
10172
10176
10646
10172
10647
10178
10648
10175
10177
10175
10178
10179
10181
10177
10178
10179
10183
10653
10179
10654
10185
10655
10182
10184
10182
10185
10186
10188
10184
10185
10186
10190
10660
10186
10661
10192
10662
10189
10191
10189
10192
10193
10195
10191
10192
10193
10197
10667
10193
10668
10199
10669
10196
10198
10196
10199
10200
10201
10198
10199
10200
10200
10203
10202
10203
10204
10221
10204
10224
10225
10206
10208
10239
10212
10243
10209
10211
10209
10212
10213
10215
10211
10212
10213
10217
10213
10219
10216
10218
10216
10219
10220
10218
10219
10220
10674
10220
10675
10676
10223
10225
10223
10226
10227
10229
10225
10226
10227
10231
10737
10227
10738
10233
10739
10230
10232
10230
10233
10234
10235
10232
10233
10234
10234
10236
10236
10249
10238
10240
10257
10244
10261
10241
10243
10241
10244
10245
10243
10244
10245
10245
10248
10250
10248
10251
10252
10253
10250
10251
10252
10252
10254
10254
10267
10256
10258
10273
10262
10277
10259
10261
10259
10262
10263
10261
10262
10263
10263
10266
10268
10266
10269
10270
10271
10268
10269
10270
10270
10272
10272
10283
10275
10277
10275
10278
10279
10291
10277
10278
10279
10279
10294
10295
10282
10284
10282
10285
10286
10298
10284
10285
10286
10286
10301
10302
10288
10289
10290
10292
10308
10290
10294
10296
10312
10293
10295
10293
10296
10297
10295
10296
10297
11038
10297
11039
11040
10300
10302
10300
10303
10304
10305
10302
10303
10304
10306
11157
10304
11158
10307
11159
10307
10307
10318
10310
10312
10310
10313
10314
10324
10312
10313
10314
10314
10327
10328
10317
10319
10317
10320
10321
10331
10319
10320
10321
10321
10334
10335
10323
10325
10340
10329
10342
10326
10328
10326
10329
10330
10344
10328
10329
10330
11290
10330
10347
11291
10348
11292
10333
10335
10333
10336
10337
10338
10351
10335
10336
10337
11423
10337
10354
11424
10339
10355
11425
10339
10359
10341
10342
10343
10345
10361
10343
10347
10349
10363
10346
10348
10346
10349
10350
10365
10348
10349
10350
11430
10350
10368
11431
10369
11432
10353
10355
10353
10356
10357
10358
10372
10355
10356
10357
10359
11563
10357
10375
11564
10360
10376
11565
10360
10360
10380
10362
10363
10364
10366
10382
10364
10368
10370
10384
10367
10369
10367
10370
10371
10386
10369
10370
10371
11570
10371
10389
11571
10390
11572
10374
10376
10374
10377
10378
10379
10393
10376
10377
10378
10380
11703
10378
10396
11704
10381
10397
11705
10381
10381
10401
10383
10384
10385
10387
10403
10385
10389
10391
10405
10388
10390
10388
10391
10392
10407
10390
10391
10392
11710
10392
10410
11711
10411
11712
10395
10397
10395
10398
10399
10400
10414
10397
10398
10399
10401
11843
10399
10417
11844
10402
10418
11845
10402
10402
10422
10404
10405
10406
10408
10424
10406
10410
10412
10425
10409
10411
10409
10412
10413
10426
10411
10412
10413
11850
10413
10429
11851
10430
11852
10416
10418
10416
10419
10420
10421
10433
10418
10419
10420
10422
11983
10420
10436
11984
10423
10437
11985
10423
10423
10440
10425
10429
10428
10430
10428
10431
10432
10441
10430
10431
10432
11990
10432
10444
11991
10445
11992
10435
10437
10435
10438
10439
10448
10437
10438
10439
10440
12123
10439
10451
12124
10452
12125
10443
10445
10443
10446
10447
10455
10445
10446
10447
10447
10457
10450
10452
10450
10453
10454
10452
10453
10454
10454
10474
10456
10457
10458
10460
10458
10462
10464
10461
10463
10461
10464
10465
10476
10463
10464
10465
12256
10465
10479
12257
10480
12258
10468
10470
10468
10471
10472
10473
10483
10470
10471
10472
10474
12375
10472
10486
12376
10475
10487
12377
10475
10475
10478
10480
10478
10481
10482
10490
10480
10481
10482
10482
10491
10485
10487
10485
10488
10489
10487
10488
10489
10489
10506
10491
10495
10494
10496
10494
10497
10498
10507
10496
10497
10498
10498
10508
10501
10503
10501
10504
10505
10503
10504
10505
10506
10505
10523
10508
10512
10511
10513
10511
10514
10515
10524
10513
10514
10515
10515
10525
10518
10520
10518
10521
10522
10520
10521
10522
10523
10522
10554
10525
10529
10528
10530
10528
10531
10532
10534
10530
10531
10532
10536
10532
10538
10535
10537
10535
10538
10539
10555
10537
10538
10539
12676
10539
10556
12677
10557
12678
10542
10544
10542
10545
10546
10548
10614
10544
10545
10546
10550
12739
10546
10615
12740
10552
10616
12741
10549
10551
10549
10552
10553
10551
10552
10553
10554
10553
10557
10557
10561
10560
10562
10560
10563
10564
10566
10562
10563
10564
10568
10564
10570
10567
10569
10567
10570
10571
10573
10617
10569
10570
10571
10575
12746
10571
12747
10577
10618
12748
10574
10576
10574
10577
10578
10580
10619
10576
10577
10578
10582
12753
10578
10620
12754
10584
10621
12755
10581
10583
10581
10584
10585
10587
10622
10583
10584
10585
10589
12760
10585
10623
12761
10591
10624
12762
10588
10590
10588
10591
10592
10594
10625
10590
10591
10592
10596
12767
10592
10626
12768
10598
10627
12769
10595
10597
10595
10598
10599
10601
10628
10597
10598
10599
10603
12774
10599
10629
12775
10605
10630
12776
10602
10604
10602
10605
10606
10608
10604
10605
10606
10610
12781
10606
10631
12782
10612
12783
10609
10611
10609
10612
10613
10611
10612
10613
10615
10613
10616
10616
10618
10620
10621
10621
10623
10624
10624
10626
10627
10627
10629
10630
10630
10631
10634
10636
10634
10637
10638
10640
10688
10636
10637
10638
10642
10638
10691
10644
10692
10641
10643
10641
10644
10645
10647
10695
10643
10644
10645
10649
10645
10698
10651
10699
10648
10650
10648
10651
10652
10654
10702
10650
10651
10652
10656
10652
10705
10658
10706
10655
10657
10655
10658
10659
10661
10709
10657
10658
10659
10663
10659
10712
10665
10713
10662
10664
10662
10665
10666
10668
10716
10664
10665
10666
10670
10666
10719
10672
10720
10669
10671
10669
10672
10673
10723
10671
10672
10673
10673
10726
10727
10676
10678
10676
10679
10680
10682
10751
10678
10679
10680
10684
10680
10754
10686
10755
10683
10685
10683
10686
10687
10689
10758
10685
10686
10687
10691
10687
10761
10693
10762
10690
10692
10690
10693
10694
10696
10765
10692
10693
10694
10698
10694
10768
10700
10769
10697
10699
10697
10700
10701
10703
10772
10699
10700
10701
10705
10701
10775
10707
10776
10704
10706
10704
10707
10708
10710
10779
10706
10707
10708
10712
10708
10782
10714
10783
10711
10713
10711
10714
10715
10717
10786
10713
10714
10715
10719
10715
10789
10721
10790
10718
10720
10718
10721
10722
10724
10793
10720
10721
10722
10726
10722
10796
10728
10797
10725
10727
10725
10728
10729
10731
10800
10727
10728
10729
10733
10729
10803
10735
10804
10732
10734
10732
10735
10736
10738
10807
10734
10735
10736
10740
10736
10810
10742
10811
10739
10741
10739
10742
10743
10814
10741
10742
10743
10743
10817
10818
10746
10748
10746
10749
10750
10752
10835
10748
10749
10750
10754
10750
10838
10756
10839
10753
10755
10753
10756
10757
10759
10842
10755
10756
10757
10761
10757
10845
10763
10846
10760
10762
10760
10763
10764
10766
10849
10762
10763
10764
10768
10764
10852
10770
10853
10767
10769
10767
10770
10771
10773
10856
10769
10770
10771
10775
10771
10859
10777
10860
10774
10776
10774
10777
10778
10780
10863
10776
10777
10778
10782
10778
10866
10784
10867
10781
10783
10781
10784
10785
10787
10870
10783
10784
10785
10789
10785
10873
10791
10874
10788
10790
10788
10791
10792
10794
10877
10790
10791
10792
10796
10792
10880
10798
10881
10795
10797
10795
10798
10799
10801
10884
10797
10798
10799
10803
10799
10887
10805
10888
10802
10804
10802
10805
10806
10808
10891
10804
10805
10806
10810
10806
10894
10812
10895
10809
10811
10809
10812
10813
10815
10898
10811
10812
10813
10817
10813
10901
10819
10902
10816
10818
10816
10819
10820
10822
10905
10818
10819
10820
10824
10820
10908
10826
10909
10823
10825
10823
10826
10827
10912
10825
10826
10827
10827
10915
10916
10830
10832
10830
10833
10834
10836
10933
10832
10833
10834
10838
10834
10936
10840
10937
10837
10839
10837
10840
10841
10843
10940
10839
10840
10841
10845
10841
10943
10847
10944
10844
10846
10844
10847
10848
10850
10947
10846
10847
10848
10852
10848
10950
10854
10951
10851
10853
10851
10854
10855
10857
10954
10853
10854
10855
10859
10855
10957
10861
10958
10858
10860
10858
10861
10862
10864
10961
10860
10861
10862
10866
10862
10964
10868
10965
10865
10867
10865
10868
10869
10871
10968
10867
10868
10869
10873
10869
10971
10875
10972
10872
10874
10872
10875
10876
10878
10975
10874
10875
10876
10880
10876
10978
10882
10979
10879
10881
10879
10882
10883
10885
10982
10881
10882
10883
10887
10883
10985
10889
10986
10886
10888
10886
10889
10890
10892
10989
10888
10889
10890
10894
10890
10992
10896
10993
10893
10895
10893
10896
10897
10899
10996
10895
10896
10897
10901
10897
10999
10903
11000
10900
10902
10900
10903
10904
10906
11003
10902
10903
10904
10908
10904
11006
10910
11007
10907
10909
10907
10910
10911
10913
11010
10909
10910
10911
10915
10911
11013
10917
11014
10914
10916
10914
10917
10918
10920
11017
10916
10917
10918
10922
10918
11020
10924
11021
10921
10923
10921
10924
10925
11024
10923
10924
10925
10925
11027
11028
10928
10930
10928
10931
10932
10934
11045
10930
10931
10932
10936
10932
11048
10938
11049
10935
10937
10935
10938
10939
10941
11052
10937
10938
10939
10943
10939
11055
10945
11056
10942
10944
10942
10945
10946
10948
11059
10944
10945
10946
10950
10946
11062
10952
11063
10949
10951
10949
10952
10953
10955
11066
10951
10952
10953
10957
10953
11069
10959
11070
10956
10958
10956
10959
10960
10962
11073
10958
10959
10960
10964
10960
11076
10966
11077
10963
10965
10963
10966
10967
10969
11080
10965
10966
10967
10971
10967
11083
10973
11084
10970
10972
10970
10973
10974
10976
11087
10972
10973
10974
10978
10974
11090
10980
11091
10977
10979
10977
10980
10981
10983
11094
10979
10980
10981
10985
10981
11097
10987
11098
10984
10986
10984
10987
10988
10990
11101
10986
10987
10988
10992
10988
11104
10994
11105
10991
10993
10991
10994
10995
10997
11108
10993
10994
10995
10999
10995
11111
11001
11112
10998
11000
10998
11001
11002
11004
11115
11000
11001
11002
11006
11002
11118
11008
11119
11005
11007
11005
11008
11009
11011
11122
11007
11008
11009
11013
11009
11125
11015
11126
11012
11014
11012
11015
11016
11018
11129
11014
11015
11016
11020
11016
11132
11022
11133
11019
11021
11019
11022
11023
11025
11136
11021
11022
11023
11027
11023
11139
11029
11140
11026
11028
11026
11029
11030
11032
11143
11028
11029
11030
11034
11030
11146
11036
11147
11033
11035
11033
11036
11037
11150
11035
11036
11037
11037
11153
11154
11040
11042
11040
11043
11044
11046
11164
11042
11043
11044
11048
11044
11167
11050
11168
11047
11049
11047
11050
11051
11053
11171
11049
11050
11051
11055
11051
11174
11057
11175
11054
11056
11054
11057
11058
11060
11178
11056
11057
11058
11062
11058
11181
11064
11182
11061
11063
11061
11064
11065
11067
11185
11063
11064
11065
11069
11065
11188
11071
11189
11068
11070
11068
11071
11072
11074
11192
11070
11071
11072
11076
11072
11195
11078
11196
11075
11077
11075
11078
11079
11081
11199
11077
11078
11079
11083
11079
11202
11085
11203
11082
11084
11082
11085
11086
11088
11206
11084
11085
11086
11090
11086
11209
11092
11210
11089
11091
11089
11092
11093
11095
11213
11091
11092
11093
11097
11093
11216
11099
11217
11096
11098
11096
11099
11100
11102
11220
11098
11099
11100
11104
11100
11223
11106
11224
11103
11105
11103
11106
11107
11109
11227
11105
11106
11107
11111
11107
11230
11113
11231
11110
11112
11110
11113
11114
11116
11234
11112
11113
11114
11118
11114
11237
11120
11238
11117
11119
11117
11120
11121
11123
11241
11119
11120
11121
11125
11121
11244
11127
11245
11124
11126
11124
11127
11128
11130
11248
11126
11127
11128
11132
11128
11251
11134
11252
11131
11133
11131
11134
11135
11137
11255
11133
11134
11135
11139
11135
11258
11141
11259
11138
11140
11138
11141
11142
11144
11262
11140
11141
11142
11146
11142
11265
11148
11266
11145
11147
11145
11148
11149
11151
11269
11147
11148
11149
11153
11149
11272
11155
11273
11152
11154
11152
11155
11156
11158
11276
11154
11155
11156
11160
11156
11279
11162
11280
11159
11161
11159
11162
11163
11283
11161
11162
11163
11163
11286
11287
11166
11168
11166
11169
11170
11172
11297
11168
11169
11170
11174
11170
11300
11176
11301
11173
11175
11173
11176
11177
11179
11304
11175
11176
11177
11181
11177
11307
11183
11308
11180
11182
11180
11183
11184
11186
11311
11182
11183
11184
11188
11184
11314
11190
11315
11187
11189
11187
11190
11191
11193
11318
11189
11190
11191
11195
11191
11321
11197
11322
11194
11196
11194
11197
11198
11200
11325
11196
11197
11198
11202
11198
11328
11204
11329
11201
11203
11201
11204
11205
11207
11332
11203
11204
11205
11209
11205
11335
11211
11336
11208
11210
11208
11211
11212
11214
11339
11210
11211
11212
11216
11212
11342
11218
11343
11215
11217
11215
11218
11219
11221
11346
11217
11218
11219
11223
11219
11349
11225
11350
11222
11224
11222
11225
11226
11228
11353
11224
11225
11226
11230
11226
11356
11232
11357
11229
11231
11229
11232
11233
11235
11360
11231
11232
11233
11237
11233
11363
11239
11364
11236
11238
11236
11239
11240
11242
11367
11238
11239
11240
11244
11240
11370
11246
11371
11243
11245
11243
11246
11247
11249
11374
11245
11246
11247
11251
11247
11377
11253
11378
11250
11252
11250
11253
11254
11256
11381
11252
11253
11254
11258
11254
11384
11260
11385
11257
11259
11257
11260
11261
11263
11388
11259
11260
11261
11265
11261
11391
11267
11392
11264
11266
11264
11267
11268
11270
11395
11266
11267
11268
11272
11268
11398
11274
11399
11271
11273
11271
11274
11275
11277
11402
11273
11274
11275
11279
11275
11405
11281
11406
11278
11280
11278
11281
11282
11284
11409
11280
11281
11282
11286
11282
11412
11288
11413
11285
11287
11285
11288
11289
11416
11287
11288
11289
11289
11419
11420
11292
11294
11292
11295
11296
11298
11430
11294
11295
11296
11300
11296
11433
11302
11434
11299
11301
11299
11302
11303
11305
11437
11301
11302
11303
11307
11303
11440
11309
11441
11306
11308
11306
11309
11310
11312
11444
11308
11309
11310
11314
11310
11447
11316
11448
11313
11315
11313
11316
11317
11319
11451
11315
11316
11317
11321
11317
11454
11323
11455
11320
11322
11320
11323
11324
11326
11458
11322
11323
11324
11328
11324
11461
11330
11462
11327
11329
11327
11330
11331
11333
11465
11329
11330
11331
11335
11331
11468
11337
11469
11334
11336
11334
11337
11338
11340
11472
11336
11337
11338
11342
11338
11475
11344
11476
11341
11343
11341
11344
11345
11347
11479
11343
11344
11345
11349
11345
11482
11351
11483
11348
11350
11348
11351
11352
11354
11486
11350
11351
11352
11356
11352
11489
11358
11490
11355
11357
11355
11358
11359
11361
11493
11357
11358
11359
11363
11359
11496
11365
11497
11362
11364
11362
11365
11366
11368
11500
11364
11365
11366
11370
11366
11503
11372
11504
11369
11371
11369
11372
11373
11375
11507
11371
11372
11373
11377
11373
11510
11379
11511
11376
11378
11376
11379
11380
11382
11514
11378
11379
11380
11384
11380
11517
11386
11518
11383
11385
11383
11386
11387
11389
11521
11385
11386
11387
11391
11387
11524
11393
11525
11390
11392
11390
11393
11394
11396
11528
11392
11393
11394
11398
11394
11531
11400
11532
11397
11399
11397
11400
11401
11403
11535
11399
11400
11401
11405
11401
11538
11407
11539
11404
11406
11404
11407
11408
11410
11542
11406
11407
11408
11412
11408
11545
11414
11546
11411
11413
11411
11414
11415
11417
11549
11413
11414
11415
11419
11415
11552
11421
11553
11418
11420
11418
11421
11422
11424
11556
11420
11421
11422
11426
11422
11559
11428
11560
11425
11427
11425
11428
11429
11563
11427
11428
11429
11429
11566
11567
11432
11434
11432
11435
11436
11438
11570
11434
11435
11436
11440
11436
11573
11442
11574
11439
11441
11439
11442
11443
11445
11577
11441
11442
11443
11447
11443
11580
11449
11581
11446
11448
11446
11449
11450
11452
11584
11448
11449
11450
11454
11450
11587
11456
11588
11453
11455
11453
11456
11457
11459
11591
11455
11456
11457
11461
11457
11594
11463
11595
11460
11462
11460
11463
11464
11466
11598
11462
11463
11464
11468
11464
11601
11470
11602
11467
11469
11467
11470
11471
11473
11605
11469
11470
11471
11475
11471
11608
11477
11609
11474
11476
11474
11477
11478
11480
11612
11476
11477
11478
11482
11478
11615
11484
11616
11481
11483
11481
11484
11485
11487
11619
11483
11484
11485
11489
11485
11622
11491
11623
11488
11490
11488
11491
11492
11494
11626
11490
11491
11492
11496
11492
11629
11498
11630
11495
11497
11495
11498
11499
11501
11633
11497
11498
11499
11503
11499
11636
11505
11637
11502
11504
11502
11505
11506
11508
11640
11504
11505
11506
11510
11506
11643
11512
11644
11509
11511
11509
11512
11513
11515
11647
11511
11512
11513
11517
11513
11650
11519
11651
11516
11518
11516
11519
11520
11522
11654
11518
11519
11520
11524
11520
11657
11526
11658
11523
11525
11523
11526
11527
11529
11661
11525
11526
11527
11531
11527
11664
11533
11665
11530
11532
11530
11533
11534
11536
11668
11532
11533
11534
11538
11534
11671
11540
11672
11537
11539
11537
11540
11541
11543
11675
11539
11540
11541
11545
11541
11678
11547
11679
11544
11546
11544
11547
11548
11550
11682
11546
11547
11548
11552
11548
11685
11554
11686
11551
11553
11551
11554
11555
11557
11689
11553
11554
11555
11559
11555
11692
11561
11693
11558
11560
11558
11561
11562
11564
11696
11560
11561
11562
11566
11562
11699
11568
11700
11565
11567
11565
11568
11569
11703
11567
11568
11569
11569
11706
11707
11572
11574
11572
11575
11576
11578
11710
11574
11575
11576
11580
11576
11713
11582
11714
11579
11581
11579
11582
11583
11585
11717
11581
11582
11583
11587
11583
11720
11589
11721
11586
11588
11586
11589
11590
11592
11724
11588
11589
11590
11594
11590
11727
11596
11728
11593
11595
11593
11596
11597
11599
11731
11595
11596
11597
11601
11597
11734
11603
11735
11600
11602
11600
11603
11604
11606
11738
11602
11603
11604
11608
11604
11741
11610
11742
11607
11609
11607
11610
11611
11613
11745
11609
11610
11611
11615
11611
11748
11617
11749
11614
11616
11614
11617
11618
11620
11752
11616
11617
11618
11622
11618
11755
11624
11756
11621
11623
11621
11624
11625
11627
11759
11623
11624
11625
11629
11625
11762
11631
11763
11628
11630
11628
11631
11632
11634
11766
11630
11631
11632
11636
11632
11769
11638
11770
11635
11637
11635
11638
11639
11641
11773
11637
11638
11639
11643
11639
11776
11645
11777
11642
11644
11642
11645
11646
11648
11780
11644
11645
11646
11650
11646
11783
11652
11784
11649
11651
11649
11652
11653
11655
11787
11651
11652
11653
11657
11653
11790
11659
11791
11656
11658
11656
11659
11660
11662
11794
11658
11659
11660
11664
11660
11797
11666
11798
11663
11665
11663
11666
11667
11669
11801
11665
11666
11667
11671
11667
11804
11673
11805
11670
11672
11670
11673
11674
11676
11808
11672
11673
11674
11678
11674
11811
11680
11812
11677
11679
11677
11680
11681
11683
11815
11679
11680
11681
11685
11681
11818
11687
11819
11684
11686
11684
11687
11688
11690
11822
11686
11687
11688
11692
11688
11825
11694
11826
11691
11693
11691
11694
11695
11697
11829
11693
11694
11695
11699
11695
11832
11701
11833
11698
11700
11698
11701
11702
11704
11836
11700
11701
11702
11706
11702
11839
11708
11840
11705
11707
11705
11708
11709
11843
11707
11708
11709
11709
11846
11847
11712
11714
11712
11715
11716
11718
11850
11714
11715
11716
11720
11716
11853
11722
11854
11719
11721
11719
11722
11723
11725
11857
11721
11722
11723
11727
11723
11860
11729
11861
11726
11728
11726
11729
11730
11732
11864
11728
11729
11730
11734
11730
11867
11736
11868
11733
11735
11733
11736
11737
11739
11871
11735
11736
11737
11741
11737
11874
11743
11875
11740
11742
11740
11743
11744
11746
11878
11742
11743
11744
11748
11744
11881
11750
11882
11747
11749
11747
11750
11751
11753
11885
11749
11750
11751
11755
11751
11888
11757
11889
11754
11756
11754
11757
11758
11760
11892
11756
11757
11758
11762
11758
11895
11764
11896
11761
11763
11761
11764
11765
11767
11899
11763
11764
11765
11769
11765
11902
11771
11903
11768
11770
11768
11771
11772
11774
11906
11770
11771
11772
11776
11772
11909
11778
11910
11775
11777
11775
11778
11779
11781
11913
11777
11778
11779
11783
11779
11916
11785
11917
11782
11784
11782
11785
11786
11788
11920
11784
11785
11786
11790
11786
11923
11792
11924
11789
11791
11789
11792
11793
11795
11927
11791
11792
11793
11797
11793
11930
11799
11931
11796
11798
11796
11799
11800
11802
11934
11798
11799
11800
11804
11800
11937
11806
11938
11803
11805
11803
11806
11807
11809
11941
11805
11806
11807
11811
11807
11944
11813
11945
11810
11812
11810
11813
11814
11816
11948
11812
11813
11814
11818
11814
11951
11820
11952
11817
11819
11817
11820
11821
11823
11955
11819
11820
11821
11825
11821
11958
11827
11959
11824
11826
11824
11827
11828
11830
11962
11826
11827
11828
11832
11828
11965
11834
11966
11831
11833
11831
11834
11835
11837
11969
11833
11834
11835
11839
11835
11972
11841
11973
11838
11840
11838
11841
11842
11844
11976
11840
11841
11842
11846
11842
11979
11848
11980
11845
11847
11845
11848
11849
11983
11847
11848
11849
11849
11986
11987
11852
11854
11852
11855
11856
11858
11990
11854
11855
11856
11860
11856
11993
11862
11994
11859
11861
11859
11862
11863
11865
11997
11861
11862
11863
11867
11863
12000
11869
12001
11866
11868
11866
11869
11870
11872
12004
11868
11869
11870
11874
11870
12007
11876
12008
11873
11875
11873
11876
11877
11879
12011
11875
11876
11877
11881
11877
12014
11883
12015
11880
11882
11880
11883
11884
11886
12018
11882
11883
11884
11888
11884
12021
11890
12022
11887
11889
11887
11890
11891
11893
12025
11889
11890
11891
11895
11891
12028
11897
12029
11894
11896
11894
11897
11898
11900
12032
11896
11897
11898
11902
11898
12035
11904
12036
11901
11903
11901
11904
11905
11907
12039
11903
11904
11905
11909
11905
12042
11911
12043
11908
11910
11908
11911
11912
11914
12046
11910
11911
11912
11916
11912
12049
11918
12050
11915
11917
11915
11918
11919
11921
12053
11917
11918
11919
11923
11919
12056
11925
12057
11922
11924
11922
11925
11926
11928
12060
11924
11925
11926
11930
11926
12063
11932
12064
11929
11931
11929
11932
11933
11935
12067
11931
11932
11933
11937
11933
12070
11939
12071
11936
11938
11936
11939
11940
11942
12074
11938
11939
11940
11944
11940
12077
11946
12078
11943
11945
11943
11946
11947
11949
12081
11945
11946
11947
11951
11947
12084
11953
12085
11950
11952
11950
11953
11954
11956
12088
11952
11953
11954
11958
11954
12091
11960
12092
11957
11959
11957
11960
11961
11963
12095
11959
11960
11961
11965
11961
12098
11967
12099
11964
11966
11964
11967
11968
11970
12102
11966
11967
11968
11972
11968
12105
11974
12106
11971
11973
11971
11974
11975
11977
12109
11973
11974
11975
11979
11975
12112
11981
12113
11978
11980
11978
11981
11982
11984
12116
11980
11981
11982
11986
11982
12119
11988
12120
11985
11987
11985
11988
11989
12123
11987
11988
11989
11989
12126
12127
11992
11994
11992
11995
11996
11998
11994
11995
11996
12000
11996
12002
11999
12001
11999
12002
12003
12005
12130
12001
12002
12003
12007
12003
12133
12009
12134
12006
12008
12006
12009
12010
12012
12137
12008
12009
12010
12014
12010
12140
12016
12141
12013
12015
12013
12016
12017
12019
12144
12015
12016
12017
12021
12017
12147
12023
12148
12020
12022
12020
12023
12024
12026
12151
12022
12023
12024
12028
12024
12154
12030
12155
12027
12029
12027
12030
12031
12033
12158
12029
12030
12031
12035
12031
12161
12037
12162
12034
12036
12034
12037
12038
12040
12165
12036
12037
12038
12042
12038
12168
12044
12169
12041
12043
12041
12044
12045
12047
12172
12043
12044
12045
12049
12045
12175
12051
12176
12048
12050
12048
12051
12052
12054
12179
12050
12051
12052
12056
12052
12182
12058
12183
12055
12057
12055
12058
12059
12061
12186
12057
12058
12059
12063
12059
12189
12065
12190
12062
12064
12062
12065
12066
12068
12193
12064
12065
12066
12070
12066
12196
12072
12197
12069
12071
12069
12072
12073
12075
12200
12071
12072
12073
12077
12073
12203
12079
12204
12076
12078
12076
12079
12080
12082
12207
12078
12079
12080
12084
12080
12210
12086
12211
12083
12085
12083
12086
12087
12089
12214
12085
12086
12087
12091
12087
12217
12093
12218
12090
12092
12090
12093
12094
12096
12221
12092
12093
12094
12098
12094
12224
12100
12225
12097
12099
12097
12100
12101
12103
12228
12099
12100
12101
12105
12101
12231
12107
12232
12104
12106
12104
12107
12108
12110
12235
12106
12107
12108
12112
12108
12238
12114
12239
12111
12113
12111
12114
12115
12117
12242
12113
12114
12115
12119
12115
12245
12121
12246
12118
12120
12118
12121
12122
12124
12249
12120
12121
12122
12126
12122
12252
12128
12253
12125
12127
12125
12128
12129
12127
12128
12129
12129
12132
12134
12132
12135
12136
12138
12256
12134
12135
12136
12140
12136
12259
12142
12260
12139
12141
12139
12142
12143
12145
12263
12141
12142
12143
12147
12143
12266
12149
12267
12146
12148
12146
12149
12150
12152
12270
12148
12149
12150
12154
12150
12273
12156
12274
12153
12155
12153
12156
12157
12159
12277
12155
12156
12157
12161
12157
12280
12163
12281
12160
12162
12160
12163
12164
12166
12284
12162
12163
12164
12168
12164
12287
12170
12288
12167
12169
12167
12170
12171
12173
12291
12169
12170
12171
12175
12171
12294
12177
12295
12174
12176
12174
12177
12178
12180
12298
12176
12177
12178
12182
12178
12301
12184
12302
12181
12183
12181
12184
12185
12187
12305
12183
12184
12185
12189
12185
12308
12191
12309
12188
12190
12188
12191
12192
12194
12312
12190
12191
12192
12196
12192
12315
12198
12316
12195
12197
12195
12198
12199
12201
12319
12197
12198
12199
12203
12199
12322
12205
12323
12202
12204
12202
12205
12206
12208
12326
12204
12205
12206
12210
12206
12329
12212
12330
12209
12211
12209
12212
12213
12215
12333
12211
12212
12213
12217
12213
12336
12219
12337
12216
12218
12216
12219
12220
12222
12340
12218
12219
12220
12224
12220
12343
12226
12344
12223
12225
12223
12226
12227
12229
12347
12225
12226
12227
12231
12227
12350
12233
12351
12230
12232
12230
12233
12234
12236
12354
12232
12233
12234
12238
12234
12357
12240
12358
12237
12239
12237
12240
12241
12243
12361
12239
12240
12241
12245
12241
12364
12247
12365
12244
12246
12244
12247
12248
12250
12368
12246
12247
12248
12252
12248
12371
12254
12372
12251
12253
12251
12254
12255
12375
12253
12254
12255
12255
12378
12379
12258
12260
12258
12261
12262
12264
12260
12261
12262
12266
12262
12268
12265
12267
12265
12268
12269
12271
12382
12267
12268
12269
12273
12269
12385
12275
12386
12272
12274
12272
12275
12276
12278
12389
12274
12275
12276
12280
12276
12392
12282
12393
12279
12281
12279
12282
12283
12285
12396
12281
12282
12283
12287
12283
12399
12289
12400
12286
12288
12286
12289
12290
12292
12403
12288
12289
12290
12294
12290
12406
12296
12407
12293
12295
12293
12296
12297
12299
12410
12295
12296
12297
12301
12297
12413
12303
12414
12300
12302
12300
12303
12304
12306
12417
12302
12303
12304
12308
12304
12420
12310
12421
12307
12309
12307
12310
12311
12313
12424
12309
12310
12311
12315
12311
12427
12317
12428
12314
12316
12314
12317
12318
12320
12431
12316
12317
12318
12322
12318
12434
12324
12435
12321
12323
12321
12324
12325
12327
12438
12323
12324
12325
12329
12325
12441
12331
12442
12328
12330
12328
12331
12332
12334
12445
12330
12331
12332
12336
12332
12448
12338
12449
12335
12337
12335
12338
12339
12341
12452
12337
12338
12339
12343
12339
12455
12345
12456
12342
12344
12342
12345
12346
12348
12459
12344
12345
12346
12350
12346
12462
12352
12463
12349
12351
12349
12352
12353
12355
12466
12351
12352
12353
12357
12353
12469
12359
12470
12356
12358
12356
12359
12360
12362
12473
12358
12359
12360
12364
12360
12476
12366
12477
12363
12365
12363
12366
12367
12369
12480
12365
12366
12367
12371
12367
12483
12373
12484
12370
12372
12370
12373
12374
12376
12487
12372
12373
12374
12378
12374
12490
12380
12491
12377
12379
12377
12380
12381
12379
12380
12381
12381
12384
12386
12384
12387
12388
12390
12386
12387
12388
12392
12388
12394
12391
12393
12391
12394
12395
12397
12494
12393
12394
12395
12399
12395
12497
12401
12498
12398
12400
12398
12401
12402
12404
12501
12400
12401
12402
12406
12402
12504
12408
12505
12405
12407
12405
12408
12409
12411
12508
12407
12408
12409
12413
12409
12511
12415
12512
12412
12414
12412
12415
12416
12418
12515
12414
12415
12416
12420
12416
12518
12422
12519
12419
12421
12419
12422
12423
12425
12522
12421
12422
12423
12427
12423
12525
12429
12526
12426
12428
12426
12429
12430
12432
12529
12428
12429
12430
12434
12430
12532
12436
12533
12433
12435
12433
12436
12437
12439
12536
12435
12436
12437
12441
12437
12539
12443
12540
12440
12442
12440
12443
12444
12446
12543
12442
12443
12444
12448
12444
12546
12450
12547
12447
12449
12447
12450
12451
12453
12550
12449
12450
12451
12455
12451
12553
12457
12554
12454
12456
12454
12457
12458
12460
12557
12456
12457
12458
12462
12458
12560
12464
12561
12461
12463
12461
12464
12465
12467
12564
12463
12464
12465
12469
12465
12567
12471
12568
12468
12470
12468
12471
12472
12474
12571
12470
12471
12472
12476
12472
12574
12478
12575
12475
12477
12475
12478
12479
12481
12578
12477
12478
12479
12483
12479
12581
12485
12582
12482
12484
12482
12485
12486
12488
12585
12484
12485
12486
12490
12486
12588
12492
12589
12489
12491
12489
12492
12493
12491
12492
12493
12493
12496
12498
12496
12499
12500
12502
12498
12499
12500
12504
12500
12506
12503
12505
12503
12506
12507
12509
12592
12505
12506
12507
12511
12507
12595
12513
12596
12510
12512
12510
12513
12514
12516
12599
12512
12513
12514
12518
12514
12602
12520
12603
12517
12519
12517
12520
12521
12523
12606
12519
12520
12521
12525
12521
12609
12527
12610
12524
12526
12524
12527
12528
12530
12613
12526
12527
12528
12532
12528
12616
12534
12617
12531
12533
12531
12534
12535
12537
12620
12533
12534
12535
12539
12535
12623
12541
12624
12538
12540
12538
12541
12542
12544
12627
12540
12541
12542
12546
12542
12630
12548
12631
12545
12547
12545
12548
12549
12551
12634
12547
12548
12549
12553
12549
12637
12555
12638
12552
12554
12552
12555
12556
12558
12641
12554
12555
12556
12560
12556
12644
12562
12645
12559
12561
12559
12562
12563
12565
12648
12561
12562
12563
12567
12563
12651
12569
12652
12566
12568
12566
12569
12570
12572
12655
12568
12569
12570
12574
12570
12658
12576
12659
12573
12575
12573
12576
12577
12579
12662
12575
12576
12577
12581
12577
12665
12583
12666
12580
12582
12580
12583
12584
12586
12669
12582
12583
12584
12588
12584
12672
12590
12673
12587
12589
12587
12590
12591
12589
12590
12591
12591
12594
12596
12594
12597
12598
12600
12596
12597
12598
12602
12598
12604
12601
12603
12601
12604
12605
12607
12676
12603
12604
12605
12609
12605
12679
12611
12680
12608
12610
12608
12611
12612
12614
12683
12610
12611
12612
12616
12612
12686
12618
12687
12615
12617
12615
12618
12619
12621
12690
12617
12618
12619
12623
12619
12693
12625
12694
12622
12624
12622
12625
12626
12628
12697
12624
12625
12626
12630
12626
12700
12632
12701
12629
12631
12629
12632
12633
12635
12704
12631
12632
12633
12637
12633
12707
12639
12708
12636
12638
12636
12639
12640
12642
12711
12638
12639
12640
12644
12640
12714
12646
12715
12643
12645
12643
12646
12647
12649
12718
12645
12646
12647
12651
12647
12721
12653
12722
12650
12652
12650
12653
12654
12656
12725
12652
12653
12654
12658
12654
12728
12660
12729
12657
12659
12657
12660
12661
12663
12732
12659
12660
12661
12665
12661
12735
12667
12736
12664
12666
12664
12667
12668
12670
12739
12666
12667
12668
12672
12668
12742
12674
12743
12671
12673
12671
12674
12675
12673
12674
12675
12675
12678
12680
12678
12681
12682
12684
12680
12681
12682
12686
12682
12688
12685
12687
12685
12688
12689
12691
12687
12688
12689
12693
12689
12695
12692
12694
12692
12695
12696
12698
12746
12694
12695
12696
12700
12696
12749
12702
12750
12699
12701
12699
12702
12703
12705
12753
12701
12702
12703
12707
12703
12756
12709
12757
12706
12708
12706
12709
12710
12712
12760
12708
12709
12710
12714
12710
12763
12716
12764
12713
12715
12713
12716
12717
12719
12767
12715
12716
12717
12721
12717
12770
12723
12771
12720
12722
12720
12723
12724
12726
12774
12722
12723
12724
12728
12724
12777
12730
12778
12727
12729
12727
12730
12731
12733
12781
12729
12730
12731
12735
12731
12784
12737
12785
12734
12736
12734
12737
12738
12740
12736
12737
12738
12742
12738
12744
12741
12743
12741
12744
12745
12743
12744
12745
12745
12748
12750
12748
12751
12752
12754
12750
12751
12752
12756
12752
12758
12755
12757
12755
12758
12759
12761
12757
12758
12759
12763
12759
12765
12762
12764
12762
12765
12766
12768
12764
12765
12766
12770
12766
12772
12769
12771
12769
12772
12773
12775
12771
12772
12773
12777
12773
12779
12776
12778
12776
12779
12780
12782
12778
12779
12780
12784
12780
12786
12783
12785
12783
12786
12787
12785
12786
12787
12787
12790
12792
12790
12793
12794
12796
12858
12792
12793
12794
12798
12794
12861
12800
12862
12797
12799
12797
12800
12801
12803
12865
12799
12800
12801
12805
12801
12868
12807
12869
12804
12806
12804
12807
12808
12810
12872
12806
12807
12808
12812
12808
12875
12814
12876
12811
12813
12811
12814
12815
12817
12879
12813
12814
12815
12819
12815
12882
12821
12883
12818
12820
12818
12821
12822
12824
12886
12820
12821
12822
12826
12822
12889
12828
12890
12825
12827
12825
12828
12829
12831
12893
12827
12828
12829
12833
12829
12896
12835
12897
12832
12834
12832
12835
12836
12838
12900
12834
12835
12836
12840
12836
12903
12842
12904
12839
12841
12839
12842
12843
12907
12841
12842
12843
12843
12910
12911
12846
12848
12846
12849
12850
12852
12935
12848
12849
12850
12854
12850
12938
12856
12939
12853
12855
12853
12856
12857
12859
12942
12855
12856
12857
12861
12857
12945
12863
12946
12860
12862
12860
12863
12864
12866
12949
12862
12863
12864
12868
12864
12952
12870
12953
12867
12869
12867
12870
12871
12873
12956
12869
12870
12871
12875
12871
12959
12877
12960
12874
12876
12874
12877
12878
12880
12963
12876
12877
12878
12882
12878
12966
12884
12967
12881
12883
12881
12884
12885
12887
12970
12883
12884
12885
12889
12885
12973
12891
12974
12888
12890
12888
12891
12892
12894
12977
12890
12891
12892
12896
12892
12980
12898
12981
12895
12897
12895
12898
12899
12901
12984
12897
12898
12899
12903
12899
12987
12905
12988
12902
12904
12902
12905
12906
12908
12991
12904
12905
12906
12910
12906
12994
12912
12995
12909
12911
12909
12912
12913
12915
12998
12911
12912
12913
12917
12913
13001
12919
13002
12916
12918
12916
12919
12920
12922
13005
12918
12919
12920
12924
12920
13008
12926
13009
12923
12925
12923
12926
12927
13012
12925
12926
12927
12927
13015
13016
12930
12932
12930
12933
12934
12936
13033
12932
12933
12934
12938
12934
13036
12940
13037
12937
12939
12937
12940
12941
12943
13040
12939
12940
12941
12945
12941
13043
12947
13044
12944
12946
12944
12947
12948
12950
13047
12946
12947
12948
12952
12948
13050
12954
13051
12951
12953
12951
12954
12955
12957
13054
12953
12954
12955
12959
12955
13057
12961
13058
12958
12960
12958
12961
12962
12964
13061
12960
12961
12962
12966
12962
13064
12968
13065
12965
12967
12965
12968
12969
12971
13068
12967
12968
12969
12973
12969
13071
12975
13072
12972
12974
12972
12975
12976
12978
13075
12974
12975
12976
12980
12976
13078
12982
13079
12979
12981
12979
12982
12983
12985
13082
12981
12982
12983
12987
12983
13085
12989
13086
12986
12988
12986
12989
12990
12992
13089
12988
12989
12990
12994
12990
13092
12996
13093
12993
12995
12993
12996
12997
12999
13096
12995
12996
12997
13001
12997
13099
13003
13100
13000
13002
13000
13003
13004
13006
13103
13002
13003
13004
13008
13004
13106
13010
13107
13007
13009
13007
13010
13011
13013
13110
13009
13010
13011
13015
13011
13113
13017
13114
13014
13016
13014
13017
13018
13020
13117
13016
13017
13018
13022
13018
13120
13024
13121
13021
13023
13021
13024
13025
13124
13023
13024
13025
13025
13127
13128
13028
13030
13028
13031
13032
13034
13138
13030
13031
13032
13036
13032
13141
13038
13142
13035
13037
13035
13038
13039
13041
13145
13037
13038
13039
13043
13039
13148
13045
13149
13042
13044
13042
13045
13046
13048
13152
13044
13045
13046
13050
13046
13155
13052
13156
13049
13051
13049
13052
13053
13055
13159
13051
13052
13053
13057
13053
13162
13059
13163
13056
13058
13056
13059
13060
13062
13166
13058
13059
13060
13064
13060
13169
13066
13170
13063
13065
13063
13066
13067
13069
13173
13065
13066
13067
13071
13067
13176
13073
13177
13070
13072
13070
13073
13074
13076
13180
13072
13073
13074
13078
13074
13183
13080
13184
13077
13079
13077
13080
13081
13083
13187
13079
13080
13081
13085
13081
13190
13087
13191
13084
13086
13084
13087
13088
13090
13194
13086
13087
13088
13092
13088
13197
13094
13198
13091
13093
13091
13094
13095
13097
13201
13093
13094
13095
13099
13095
13204
13101
13205
13098
13100
13098
13101
13102
13104
13208
13100
13101
13102
13106
13102
13211
13108
13212
13105
13107
13105
13108
13109
13111
13215
13107
13108
13109
13113
13109
13218
13115
13219
13112
13114
13112
13115
13116
13118
13222
13114
13115
13116
13120
13116
13225
13122
13226
13119
13121
13119
13122
13123
13125
13229
13121
13122
13123
13127
13123
13232
13129
13233
13126
13128
13126
13129
13130
13132
13236
13128
13129
13130
13134
13130
13239
13136
13240
13133
13135
13133
13136
13137
13243
13135
13136
13137
13137
13246
13247
13140
13142
13140
13143
13144
13146
13257
13142
13143
13144
13148
13144
13260
13150
13261
13147
13149
13147
13150
13151
13153
13264
13149
13150
13151
13155
13151
13267
13157
13268
13154
13156
13154
13157
13158
13160
13271
13156
13157
13158
13162
13158
13274
13164
13275
13161
13163
13161
13164
13165
13167
13278
13163
13164
13165
13169
13165
13281
13171
13282
13168
13170
13168
13171
13172
13174
13285
13170
13171
13172
13176
13172
13288
13178
13289
13175
13177
13175
13178
13179
13181
13292
13177
13178
13179
13183
13179
13295
13185
13296
13182
13184
13182
13185
13186
13188
13299
13184
13185
13186
13190
13186
13302
13192
13303
13189
13191
13189
13192
13193
13195
13306
13191
13192
13193
13197
13193
13309
13199
13310
13196
13198
13196
13199
13200
13202
13313
13198
13199
13200
13204
13200
13316
13206
13317
13203
13205
13203
13206
13207
13209
13320
13205
13206
13207
13211
13207
13323
13213
13324
13210
13212
13210
13213
13214
13216
13327
13212
13213
13214
13218
13214
13330
13220
13331
13217
13219
13217
13220
13221
13223
13334
13219
13220
13221
13225
13221
13337
13227
13338
13224
13226
13224
13227
13228
13230
13341
13226
13227
13228
13232
13228
13344
13234
13345
13231
13233
13231
13234
13235
13237
13348
13233
13234
13235
13239
13235
13351
13241
13352
13238
13240
13238
13241
13242
13244
13355
13240
13241
13242
13246
13242
13358
13248
13359
13245
13247
13245
13248
13249
13362
13247
13248
13249
13249
13365
13366
13252
13254
13252
13255
13256
13258
13376
13254
13255
13256
13260
13256
13379
13262
13380
13259
13261
13259
13262
13263
13265
13383
13261
13262
13263
13267
13263
13386
13269
13387
13266
13268
13266
13269
13270
13272
13390
13268
13269
13270
13274
13270
13393
13276
13394
13273
13275
13273
13276
13277
13279
13397
13275
13276
13277
13281
13277
13400
13283
13401
13280
13282
13280
13283
13284
13286
13404
13282
13283
13284
13288
13284
13407
13290
13408
13287
13289
13287
13290
13291
13293
13411
13289
13290
13291
13295
13291
13414
13297
13415
13294
13296
13294
13297
13298
13300
13418
13296
13297
13298
13302
13298
13421
13304
13422
13301
13303
13301
13304
13305
13307
13425
13303
13304
13305
13309
13305
13428
13311
13429
13308
13310
13308
13311
13312
13314
13432
13310
13311
13312
13316
13312
13435
13318
13436
13315
13317
13315
13318
13319
13321
13439
13317
13318
13319
13323
13319
13442
13325
13443
13322
13324
13322
13325
13326
13328
13446
13324
13325
13326
13330
13326
13449
13332
13450
13329
13331
13329
13332
13333
13335
13453
13331
13332
13333
13337
13333
13456
13339
13457
13336
13338
13336
13339
13340
13342
13460
13338
13339
13340
13344
13340
13463
13346
13464
13343
13345
13343
13346
13347
13349
13467
13345
13346
13347
13351
13347
13470
13353
13471
13350
13352
13350
13353
13354
13356
13474
13352
13353
13354
13358
13354
13477
13360
13478
13357
13359
13357
13360
13361
13363
13481
13359
13360
13361
13365
13361
13484
13367
13485
13364
13366
13364
13367
13368
13370
13488
13366
13367
13368
13372
13368
13491
13374
13492
13371
13373
13371
13374
13375
13495
13373
13374
13375
13375
13498
13499
13378
13380
13378
13381
13382
13384
13502
13380
13381
13382
13386
13382
13505
13388
13506
13385
13387
13385
13388
13389
13391
13509
13387
13388
13389
13393
13389
13512
13395
13513
13392
13394
13392
13395
13396
13398
13516
13394
13395
13396
13400
13396
13519
13402
13520
13399
13401
13399
13402
13403
13405
13523
13401
13402
13403
13407
13403
13526
13409
13527
13406
13408
13406
13409
13410
13412
13530
13408
13409
13410
13414
13410
13533
13416
13534
13413
13415
13413
13416
13417
13419
13537
13415
13416
13417
13421
13417
13540
13423
13541
13420
13422
13420
13423
13424
13426
13544
13422
13423
13424
13428
13424
13547
13430
13548
13427
13429
13427
13430
13431
13433
13551
13429
13430
13431
13435
13431
13554
13437
13555
13434
13436
13434
13437
13438
13440
13558
13436
13437
13438
13442
13438
13561
13444
13562
13441
13443
13441
13444
13445
13447
13565
13443
13444
13445
13449
13445
13568
13451
13569
13448
13450
13448
13451
13452
13454
13572
13450
13451
13452
13456
13452
13575
13458
13576
13455
13457
13455
13458
13459
13461
13579
13457
13458
13459
13463
13459
13582
13465
13583
13462
13464
13462
13465
13466
13468
13586
13464
13465
13466
13470
13466
13589
13472
13590
13469
13471
13469
13472
13473
13475
13593
13471
13472
13473
13477
13473
13596
13479
13597
13476
13478
13476
13479
13480
13482
13600
13478
13479
13480
13484
13480
13603
13486
13604
13483
13485
13483
13486
13487
13489
13607
13485
13486
13487
13491
13487
13610
13493
13611
13490
13492
13490
13493
13494
13496
13614
13492
13493
13494
13498
13494
13617
13500
13618
13497
13499
13497
13500
13501
13621
13499
13500
13501
13501
13624
13625
13504
13506
13504
13507
13508
13510
13628
13506
13507
13508
13512
13508
13631
13514
13632
13511
13513
13511
13514
13515
13517
13635
13513
13514
13515
13519
13515
13638
13521
13639
13518
13520
13518
13521
13522
13524
13642
13520
13521
13522
13526
13522
13645
13528
13646
13525
13527
13525
13528
13529
13531
13649
13527
13528
13529
13533
13529
13652
13535
13653
13532
13534
13532
13535
13536
13538
13656
13534
13535
13536
13540
13536
13659
13542
13660
13539
13541
13539
13542
13543
13545
13663
13541
13542
13543
13547
13543
13666
13549
13667
13546
13548
13546
13549
13550
13552
13670
13548
13549
13550
13554
13550
13673
13556
13674
13553
13555
13553
13556
13557
13559
13677
13555
13556
13557
13561
13557
13680
13563
13681
13560
13562
13560
13563
13564
13566
13684
13562
13563
13564
13568
13564
13687
13570
13688
13567
13569
13567
13570
13571
13573
13691
13569
13570
13571
13575
13571
13694
13577
13695
13574
13576
13574
13577
13578
13580
13698
13576
13577
13578
13582
13578
13701
13584
13702
13581
13583
13581
13584
13585
13587
13705
13583
13584
13585
13589
13585
13708
13591
13709
13588
13590
13588
13591
13592
13594
13712
13590
13591
13592
13596
13592
13715
13598
13716
13595
13597
13595
13598
13599
13601
13719
13597
13598
13599
13603
13599
13722
13605
13723
13602
13604
13602
13605
13606
13608
13726
13604
13605
13606
13610
13606
13729
13612
13730
13609
13611
13609
13612
13613
13615
13733
13611
13612
13613
13617
13613
13736
13619
13737
13616
13618
13616
13619
13620
13622
13740
13618
13619
13620
13624
13620
13743
13626
13744
13623
13625
13623
13626
13627
13747
13625
13626
13627
13627
13750
13751
13630
13632
13630
13633
13634
13636
13754
13632
13633
13634
13638
13634
13757
13640
13758
13637
13639
13637
13640
13641
13643
13761
13639
13640
13641
13645
13641
13764
13647
13765
13644
13646
13644
13647
13648
13650
13768
13646
13647
13648
13652
13648
13771
13654
13772
13651
13653
13651
13654
13655
13657
13775
13653
13654
13655
13659
13655
13778
13661
13779
13658
13660
13658
13661
13662
13664
13782
13660
13661
13662
13666
13662
13785
13668
13786
13665
13667
13665
13668
13669
13671
13789
13667
13668
13669
13673
13669
13792
13675
13793
13672
13674
13672
13675
13676
13678
13796
13674
13675
13676
13680
13676
13799
13682
13800
13679
13681
13679
13682
13683
13685
13803
13681
13682
13683
13687
13683
13806
13689
13807
13686
13688
13686
13689
13690
13692
13810
13688
13689
13690
13694
13690
13813
13696
13814
13693
13695
13693
13696
13697
13699
13817
13695
13696
13697
13701
13697
13820
13703
13821
13700
13702
13700
13703
13704
13706
13824
13702
13703
13704
13708
13704
13827
13710
13828
13707
13709
13707
13710
13711
13713
13831
13709
13710
13711
13715
13711
13834
13717
13835
13714
13716
13714
13717
13718
13720
13838
13716
13717
13718
13722
13718
13841
13724
13842
13721
13723
13721
13724
13725
13727
13845
13723
13724
13725
13729
13725
13848
13731
13849
13728
13730
13728
13731
13732
13734
13852
13730
13731
13732
13736
13732
13855
13738
13856
13735
13737
13735
13738
13739
13741
13859
13737
13738
13739
13743
13739
13862
13745
13863
13742
13744
13742
13745
13746
13748
13866
13744
13745
13746
13750
13746
13869
13752
13870
13749
13751
13749
13752
13753
13873
13751
13752
13753
13753
13876
13877
13756
13758
13756
13759
13760
13762
13880
13758
13759
13760
13764
13760
13883
13766
13884
13763
13765
13763
13766
13767
13769
13887
13765
13766
13767
13771
13767
13890
13773
13891
13770
13772
13770
13773
13774
13776
13894
13772
13773
13774
13778
13774
13897
13780
13898
13777
13779
13777
13780
13781
13783
13901
13779
13780
13781
13785
13781
13904
13787
13905
13784
13786
13784
13787
13788
13790
13908
13786
13787
13788
13792
13788
13911
13794
13912
13791
13793
13791
13794
13795
13797
13915
13793
13794
13795
13799
13795
13918
13801
13919
13798
13800
13798
13801
13802
13804
13922
13800
13801
13802
13806
13802
13925
13808
13926
13805
13807
13805
13808
13809
13811
13929
13807
13808
13809
13813
13809
13932
13815
13933
13812
13814
13812
13815
13816
13818
13936
13814
13815
13816
13820
13816
13939
13822
13940
13819
13821
13819
13822
13823
13825
13943
13821
13822
13823
13827
13823
13946
13829
13947
13826
13828
13826
13829
13830
13832
13950
13828
13829
13830
13834
13830
13953
13836
13954
13833
13835
13833
13836
13837
13839
13957
13835
13836
13837
13841
13837
13960
13843
13961
13840
13842
13840
13843
13844
13846
13964
13842
13843
13844
13848
13844
13967
13850
13968
13847
13849
13847
13850
13851
13853
13971
13849
13850
13851
13855
13851
13974
13857
13975
13854
13856
13854
13857
13858
13860
13978
13856
13857
13858
13862
13858
13981
13864
13982
13861
13863
13861
13864
13865
13867
13985
13863
13864
13865
13869
13865
13988
13871
13989
13868
13870
13868
13871
13872
13874
13992
13870
13871
13872
13876
13872
13995
13878
13996
13875
13877
13875
13878
13879
13999
13877
13878
13879
13879
14002
14003
13882
13884
13882
13885
13886
13888
14006
13884
13885
13886
13890
13886
14009
13892
14010
13889
13891
13889
13892
13893
13895
14013
13891
13892
13893
13897
13893
14016
13899
14017
13896
13898
13896
13899
13900
13902
14020
13898
13899
13900
13904
13900
14023
13906
14024
13903
13905
13903
13906
13907
13909
14027
13905
13906
13907
13911
13907
14030
13913
14031
13910
13912
13910
13913
13914
13916
14034
13912
13913
13914
13918
13914
14037
13920
14038
13917
13919
13917
13920
13921
13923
14041
13919
13920
13921
13925
13921
14044
13927
14045
13924
13926
13924
13927
13928
13930
14048
13926
13927
13928
13932
13928
14051
13934
14052
13931
13933
13931
13934
13935
13937
14055
13933
13934
13935
13939
13935
14058
13941
14059
13938
13940
13938
13941
13942
13944
14062
13940
13941
13942
13946
13942
14065
13948
14066
13945
13947
13945
13948
13949
13951
14069
13947
13948
13949
13953
13949
14072
13955
14073
13952
13954
13952
13955
13956
13958
14076
13954
13955
13956
13960
13956
14079
13962
14080
13959
13961
13959
13962
13963
13965
14083
13961
13962
13963
13967
13963
14086
13969
14087
13966
13968
13966
13969
13970
13972
14090
13968
13969
13970
13974
13970
14093
13976
14094
13973
13975
13973
13976
13977
13979
14097
13975
13976
13977
13981
13977
14100
13983
14101
13980
13982
13980
13983
13984
13986
14104
13982
13983
13984
13988
13984
14107
13990
14108
13987
13989
13987
13990
13991
13993
14111
13989
13990
13991
13995
13991
14114
13997
14115
13994
13996
13994
13997
13998
14000
14118
13996
13997
13998
14002
13998
14121
14004
14122
14001
14003
14001
14004
14005
14125
14003
14004
14005
14005
14128
14129
14008
14010
14008
14011
14012
14014
14132
14010
14011
14012
14016
14012
14135
14018
14136
14015
14017
14015
14018
14019
14021
14139
14017
14018
14019
14023
14019
14142
14025
14143
14022
14024
14022
14025
14026
14028
14146
14024
14025
14026
14030
14026
14149
14032
14150
14029
14031
14029
14032
14033
14035
14153
14031
14032
14033
14037
14033
14156
14039
14157
14036
14038
14036
14039
14040
14042
14160
14038
14039
14040
14044
14040
14163
14046
14164
14043
14045
14043
14046
14047
14049
14167
14045
14046
14047
14051
14047
14170
14053
14171
14050
14052
14050
14053
14054
14056
14174
14052
14053
14054
14058
14054
14177
14060
14178
14057
14059
14057
14060
14061
14063
14181
14059
14060
14061
14065
14061
14184
14067
14185
14064
14066
14064
14067
14068
14070
14188
14066
14067
14068
14072
14068
14191
14074
14192
14071
14073
14071
14074
14075
14077
14195
14073
14074
14075
14079
14075
14198
14081
14199
14078
14080
14078
14081
14082
14084
14202
14080
14081
14082
14086
14082
14205
14088
14206
14085
14087
14085
14088
14089
14091
14209
14087
14088
14089
14093
14089
14212
14095
14213
14092
14094
14092
14095
14096
14098
14216
14094
14095
14096
14100
14096
14219
14102
14220
14099
14101
14099
14102
14103
14105
14223
14101
14102
14103
14107
14103
14226
14109
14227
14106
14108
14106
14109
14110
14112
14230
14108
14109
14110
14114
14110
14233
14116
14234
14113
14115
14113
14116
14117
14119
14237
14115
14116
14117
14121
14117
14240
14123
14241
14120
14122
14120
14123
14124
14126
14244
14122
14123
14124
14128
14124
14247
14130
14248
14127
14129
14127
14130
14131
14251
14129
14130
14131
14131
14254
14255
14134
14136
14134
14137
14138
14140
14136
14137
14138
14142
14138
14144
14141
14143
14141
14144
14145
14147
14258
14143
14144
14145
14149
14145
14261
14151
14262
14148
14150
14148
14151
14152
14154
14265
14150
14151
14152
14156
14152
14268
14158
14269
14155
14157
14155
14158
14159
14161
14272
14157
14158
14159
14163
14159
14275
14165
14276
14162
14164
14162
14165
14166
14168
14279
14164
14165
14166
14170
14166
14282
14172
14283
14169
14171
14169
14172
14173
14175
14286
14171
14172
14173
14177
14173
14289
14179
14290
14176
14178
14176
14179
14180
14182
14293
14178
14179
14180
14184
14180
14296
14186
14297
14183
14185
14183
14186
14187
14189
14300
14185
14186
14187
14191
14187
14303
14193
14304
14190
14192
14190
14193
14194
14196
14307
14192
14193
14194
14198
14194
14310
14200
14311
14197
14199
14197
14200
14201
14203
14314
14199
14200
14201
14205
14201
14317
14207
14318
14204
14206
14204
14207
14208
14210
14321
14206
14207
14208
14212
14208
14324
14214
14325
14211
14213
14211
14214
14215
14217
14328
14213
14214
14215
14219
14215
14331
14221
14332
14218
14220
14218
14221
14222
14224
14335
14220
14221
14222
14226
14222
14338
14228
14339
14225
14227
14225
14228
14229
14231
14342
14227
14228
14229
14233
14229
14345
14235
14346
14232
14234
14232
14235
14236
14238
14349
14234
14235
14236
14240
14236
14352
14242
14353
14239
14241
14239
14242
14243
14245
14356
14241
14242
14243
14247
14243
14359
14249
14360
14246
14248
14246
14249
14250
14252
14363
14248
14249
14250
14254
14250
14366
14256
14367
14253
14255
14253
14256
14257
14255
14256
14257
14257
14260
14262
14260
14263
14264
14266
14370
14262
14263
14264
14268
14264
14373
14270
14374
14267
14269
14267
14270
14271
14273
14377
14269
14270
14271
14275
14271
14380
14277
14381
14274
14276
14274
14277
14278
14280
14384
14276
14277
14278
14282
14278
14387
14284
14388
14281
14283
14281
14284
14285
14287
14391
14283
14284
14285
14289
14285
14394
14291
14395
14288
14290
14288
14291
14292
14294
14398
14290
14291
14292
14296
14292
14401
14298
14402
14295
14297
14295
14298
14299
14301
14405
14297
14298
14299
14303
14299
14408
14305
14409
14302
14304
14302
14305
14306
14308
14412
14304
14305
14306
14310
14306
14415
14312
14416
14309
14311
14309
14312
14313
14315
14419
14311
14312
14313
14317
14313
14422
14319
14423
14316
14318
14316
14319
14320
14322
14426
14318
14319
14320
14324
14320
14429
14326
14430
14323
14325
14323
14326
14327
14329
14433
14325
14326
14327
14331
14327
14436
14333
14437
14330
14332
14330
14333
14334
14336
14440
14332
14333
14334
14338
14334
14443
14340
14444
14337
14339
14337
14340
14341
14343
14447
14339
14340
14341
14345
14341
14450
14347
14451
14344
14346
14344
14347
14348
14350
14454
14346
14347
14348
14352
14348
14457
14354
14458
14351
14353
14351
14354
14355
14357
14461
14353
14354
14355
14359
14355
14464
14361
14465
14358
14360
14358
14361
14362
14364
14468
14360
14361
14362
14366
14362
14471
14368
14472
14365
14367
14365
14368
14369
14475
14367
14368
14369
14369
14478
14479
14372
14374
14372
14375
14376
14378
14374
14375
14376
14380
14376
14382
14379
14381
14379
14382
14383
14385
14482
14381
14382
14383
14387
14383
14485
14389
14486
14386
14388
14386
14389
14390
14392
14489
14388
14389
14390
14394
14390
14492
14396
14493
14393
14395
14393
14396
14397
14399
14496
14395
14396
14397
14401
14397
14499
14403
14500
14400
14402
14400
14403
14404
14406
14503
14402
14403
14404
14408
14404
14506
14410
14507
14407
14409
14407
14410
14411
14413
14510
14409
14410
14411
14415
14411
14513
14417
14514
14414
14416
14414
14417
14418
14420
14517
14416
14417
14418
14422
14418
14520
14424
14521
14421
14423
14421
14424
14425
14427
14524
14423
14424
14425
14429
14425
14527
14431
14528
14428
14430
14428
14431
14432
14434
14531
14430
14431
14432
14436
14432
14534
14438
14535
14435
14437
14435
14438
14439
14441
14538
14437
14438
14439
14443
14439
14541
14445
14542
14442
14444
14442
14445
14446
14448
14545
14444
14445
14446
14450
14446
14548
14452
14549
14449
14451
14449
14452
14453
14455
14552
14451
14452
14453
14457
14453
14555
14459
14556
14456
14458
14456
14459
14460
14462
14559
14458
14459
14460
14464
14460
14562
14466
14563
14463
14465
14463
14466
14467
14469
14566
14465
14466
14467
14471
14467
14569
14473
14570
14470
14472
14470
14473
14474
14476
14573
14472
14473
14474
14478
14474
14576
14480
14577
14477
14479
14477
14480
14481
14479
14480
14481
14481
14484
14486
14484
14487
14488
14490
14486
14487
14488
14492
14488
14494
14491
14493
14491
14494
14495
14497
14580
14493
14494
14495
14499
14495
14583
14501
14584
14498
14500
14498
14501
14502
14504
14587
14500
14501
14502
14506
14502
14590
14508
14591
14505
14507
14505
14508
14509
14511
14594
14507
14508
14509
14513
14509
14597
14515
14598
14512
14514
14512
14515
14516
14518
14601
14514
14515
14516
14520
14516
14604
14522
14605
14519
14521
14519
14522
14523
14525
14608
14521
14522
14523
14527
14523
14611
14529
14612
14526
14528
14526
14529
14530
14532
14615
14528
14529
14530
14534
14530
14618
14536
14619
14533
14535
14533
14536
14537
14539
14622
14535
14536
14537
14541
14537
14625
14543
14626
14540
14542
14540
14543
14544
14546
14629
14542
14543
14544
14548
14544
14632
14550
14633
14547
14549
14547
14550
14551
14553
14636
14549
14550
14551
14555
14551
14639
14557
14640
14554
14556
14554
14557
14558
14560
14643
14556
14557
14558
14562
14558
14646
14564
14647
14561
14563
14561
14564
14565
14567
14650
14563
14564
14565
14569
14565
14653
14571
14654
14568
14570
14568
14571
14572
14574
14657
14570
14571
14572
14576
14572
14660
14578
14661
14575
14577
14575
14578
14579
14577
14578
14579
14579
14582
14584
14582
14585
14586
14588
14584
14585
14586
14590
14586
14592
14589
14591
14589
14592
14593
14595
14591
14592
14593
14597
14593
14599
14596
14598
14596
14599
14600
14602
14664
14598
14599
14600
14604
14600
14667
14606
14668
14603
14605
14603
14606
14607
14609
14671
14605
14606
14607
14611
14607
14674
14613
14675
14610
14612
14610
14613
14614
14616
14678
14612
14613
14614
14618
14614
14681
14620
14682
14617
14619
14617
14620
14621
14623
14685
14619
14620
14621
14625
14621
14688
14627
14689
14624
14626
14624
14627
14628
14630
14692
14626
14627
14628
14632
14628
14695
14634
14696
14631
14633
14631
14634
14635
14637
14699
14633
14634
14635
14639
14635
14702
14641
14703
14638
14640
14638
14641
14642
14644
14706
14640
14641
14642
14646
14642
14709
14648
14710
14645
14647
14645
14648
14649
14651
14713
14647
14648
14649
14653
14649
14716
14655
14717
14652
14654
14652
14655
14656
14658
14654
14655
14656
14660
14656
14662
14659
14661
14659
14662
14663
14661
14662
14663
14663
14666
14668
14666
14669
14670
14672
14668
14669
14670
14674
14670
14676
14673
14675
14673
14676
14677
14679
14675
14676
14677
14681
14677
14683
14680
14682
14680
14683
14684
14686
14682
14683
14684
14688
14684
14690
14687
14689
14687
14690
14691
14693
14689
14690
14691
14695
14691
14697
14694
14696
14694
14697
14698
14700
14696
14697
14698
14702
14698
14704
14701
14703
14701
14704
14705
14707
14703
14704
14705
14709
14705
14711
14708
14710
14708
14711
14712
14714
14710
14711
14712
14716
14712
14718
14715
14717
14715
14718
14719
14717
14718
14719
14719
)


// ************************************************************************* //
