# Wavefront OBJ file written 2026-03-23T20:24:20
o cellFull_m_normal_1

# points : 4019
# faces  : 7885
# zones  : 1
#   0  Mesh_2  (nFaces: 7885)

# <points count="4019">
v 0.00859623 0.0195972 0.3
v 0.0122041 0.0178935 0.3
v 0.00881003 0.0145828 0.3
v 0.0119114 0.0231186 0.3
v 0.0141414 0.0205437 0.3
v 0.0152078 0.0159929 0.3
v 0.0162162 0.0186306 0.3
v 0.0180462 0.0159797 0.3
v 0.0209931 0.000581927 0.3
v 0.0221804 0.00345749 0.3
v 0.0252891 -6.39009e-06 0.3
v -0.00467038 0.000469191 0.3
v -0.00488373 -0.00250881 0.3
v -0.00737649 -0.000553956 0.3
v 0.0251696 0.00524951 0.3
v 0.0194306 0.00562351 0.3
v 0.0230188 0.00781353 0.3
v -0.0099431 -0.0202408 0.3
v -0.00918448 -0.0226239 0.3
v -0.0121381 -0.0219258 0.3
v 0.0277889 0.00281721 0.3
v 0.0295226 0.00477593 0.3
v 0.0305185 0.00167748 0.3
v 0.0279979 0.00712762 0.3
v 0.00281398 -0.00714602 0.3
v 0.00507362 -0.0083611 0.3
v 0.00250773 -0.0101303 0.3
v 0.00522213 -0.0048665 0.3
v 0.00332081 -0.00338372 0.3
v -0.00137327 -0.00873235 0.3
v 0.000477802 -0.00350108 0.3
v -0.0173996 0.0173844 0.3
v -0.0154457 0.0143294 0.3
v -0.0198021 0.0152506 0.3
v 0.0380305 0.113814 0.3
v 0.0427321 0.112134 0.3
v 0.0392733 0.108946 0.3
v 0.0245716 -0.0309075 0.3
v 0.0227411 -0.0293813 0.3
v 0.0255497 -0.0289965 0.3
v 0.0214905 -0.0268484 0.3
v 0.0246166 -0.0264919 0.3
v 0.0130506 -0.00698009 0.3
v 0.0129085 -0.00955517 0.3
v 0.0106918 -0.00718665 0.3
v -0.0168284 0.0304551 0.3
v -0.0138735 0.029315 0.3
v -0.0143193 0.0254092 0.3
v -0.0180766 0.0275507 0.3
v 0.0473597 0.110259 0.3
v 0.0461558 0.106152 0.3
v 0.0185737 -0.0291505 0.3
v 0.021181 -0.0308457 0.3
v 0.018588 -0.0327057 0.3
v -0.0525489 0.101282 0.3
v -0.0576775 0.100487 0.3
v -0.0585528 0.104745 0.3
v -0.0541449 0.10709 0.3
v 0.0219622 -0.0375064 0.3
v 0.0253713 -0.0382945 0.3
v 0.0232344 -0.0412498 0.3
v -0.116871 -0.0272238 0.3
v -0.117902 -0.0223386 0.3
v -0.113376 -0.0236134 0.3
v -0.0231118 -0.00533469 0.3
v -0.0246756 -0.00273793 0.3
v -0.0207413 -0.0034957 0.3
v 0.0182033 -0.0143287 0.3
v 0.017412 -0.0176288 0.3
v 0.0152584 -0.0132965 0.3
v 0.0234948 -0.0336267 0.3
v 0.0267044 -0.0357567 0.3
v -0.0587356 -0.0978147 0.3
v -0.0553701 -0.101766 0.3
v -0.0585528 -0.104745 0.3
v -0.0628594 -0.102219 0.3
v -0.11873 -0.0174147 0.3
v -0.114601 -0.0162896 0.3
v -0.0485856 0.000621599 0.3
v -0.0512242 -0.00130397 0.3
v -0.0517949 0.00198557 0.3
v -0.00232862 0.00573294 0.3
v -0.00262944 0.0103346 0.3
v 0.000900884 0.0102959 0.3
v 0.00100565 0.00615459 0.3
v 0.00885525 0.00585487 0.3
v 0.00921438 0.0022514 0.3
v 0.00550951 0.00238128 0.3
v 0.00489839 0.00545228 0.3
v -0.047252 -0.00264242 0.3
v -0.0503867 -0.00381226 0.3
v 0.113926 0.00133263 0.3
v 0.115523 0.00625657 0.3
v 0.119896 0.00499182 0.3
v 0.12 0 0.3
v 0.0262138 0.0410702 0.3
v 0.025803 0.0444654 0.3
v 0.0292417 0.0434465 0.3
v 0.0844103 -0.085293 0.3
v 0.0807892 -0.0887305 0.3
v 0.0795053 -0.084203 0.3
v -0.0130671 -0.00377412 0.3
v -0.0158836 -0.00199817 0.3
v -0.0137442 0.00166463 0.3
v -0.0104577 0.000258291 0.3
v 0.0519053 0.108193 0.3
v 0.0511298 0.103978 0.3
v 0.00176789 -0.000209554 0.3
v -0.00233998 -0.00310717 0.3
v -0.00132267 0.00121029 0.3
v 0.0226763 0.0415704 0.3
v 0.0231233 0.0448933 0.3
v -0.0241283 -0.0478785 0.3
v -0.0233561 -0.0511343 0.3
v -0.0270903 -0.0505746 0.3
v -0.0191399 -0.047031 0.3
v -0.020123 -0.0512307 0.3
v 0.0268892 -0.0459282 0.3
v 0.0302277 -0.0473793 0.3
v 0.0274941 -0.0497466 0.3
v 0.0286346 -0.0420209 0.3
v 0.0320676 -0.0448959 0.3
v 0.0770282 -0.0920144 0.3
v 0.0739058 -0.0890876 0.3
v -0.0312346 0.0473959 0.3
v -0.0345525 0.0478089 0.3
v -0.0327489 0.0515307 0.3
v -0.0325869 0.0427612 0.3
v -0.0357963 0.0448242 0.3
v 0.0317732 0.0484967 0.3
v 0.0314521 0.0520468 0.3
v 0.0348141 0.0506964 0.3
v 0.0276166 0.0485624 0.3
v 0.0285467 0.0526098 0.3
v 0.0331993 -0.0524781 0.3
v 0.0361388 -0.0533368 0.3
v 0.0340575 -0.0560027 0.3
v -0.00583338 0.0198154 0.3
v -0.00275782 0.0211664 0.3
v -0.00373492 0.0159062 0.3
v 0.0352182 -0.0486122 0.3
v 0.0373642 -0.0509945 0.3
v -0.0358247 0.0559437 0.3
v -0.0391176 0.0565203 0.3
v -0.0369701 0.0597764 0.3
v 0.00978819 -0.00487072 0.3
v 0.00873451 -0.0092949 0.3
v 0.00715964 -0.00676179 0.3
v -0.0374767 0.0510784 0.3
v -0.0406442 0.0535285 0.3
v -0.0626018 0.00157171 0.3
v -0.0658795 -0.000552474 0.3
v -0.066254 0.00339667 0.3
v -0.0603995 -0.00235483 0.3
v -0.0649309 -0.00373566 0.3
v 0.0662511 0.000984573 0.3
v 0.0688764 0.00292242 0.3
v 0.0695139 -0.000434339 0.3
v 0.0647685 0.00492956 0.3
v 0.0677307 0.00494924 0.3
v 0.0353202 -0.0631442 0.3
v 0.0389482 -0.0645274 0.3
v 0.0358404 -0.0672051 0.3
v 0.0371831 -0.0592555 0.3
v 0.0409206 -0.0615279 0.3
v 0.0403604 0.0603887 0.3
v 0.0402728 0.0643757 0.3
v 0.043895 0.0624782 0.3
v 0.0356877 0.0607836 0.3
v 0.0369607 0.065381 0.3
v -0.00977869 0.00874294 0.3
v -0.00637391 0.0107076 0.3
v -0.00635853 0.00519371 0.3
v -0.119351 -0.0124607 0.3
v -0.115354 -0.0109151 0.3
v 0.0212158 -0.0190066 0.3
v 0.0204963 -0.0227657 0.3
v 0.0197752 -0.00551969 0.3
v 0.0167934 -0.00523059 0.3
v 0.0198054 -0.0025646 0.3
v 0.0133828 -0.00441142 0.3
v 0.014136 -0.00123608 0.3
v -0.0134813 -0.0163864 0.3
v -0.0161103 -0.0152354 0.3
v -0.011451 -0.0128615 0.3
v -0.0121605 0.00508885 0.3
v -0.00934101 0.00303655 0.3
v -0.0118192 0.0147393 0.3
v -0.014486 0.0201264 0.3
v -0.00958731 0.019755 0.3
v -0.00769825 0.0151582 0.3
v -0.0266223 0.0223872 0.3
v -0.0259769 0.0263098 0.3
v -0.022375 0.0210419 0.3
v -0.0176869 -0.0129231 0.3
v -0.0137268 -0.0099115 0.3
v 0.0731339 -0.095139 0.3
v 0.0697289 -0.0925447 0.3
v 0.0268951 0.0100862 0.3
v 0.0309402 0.00808938 0.3
v 0.00834126 -0.00185011 0.3
v 0.00468651 -0.000762589 0.3
v 0.0154022 0.00268916 0.3
v -0.00537157 -0.0272075 0.3
v -0.00897617 -0.0271589 0.3
v -0.00595759 -0.02293 0.3
v 0.03135 0.0129015 0.3
v 0.0346002 0.0100503 0.3
v 0.00505391 -0.0275544 0.3
v 0.00254105 -0.0291595 0.3
v 0.00314743 -0.0244318 0.3
v -0.000501636 -0.0298333 0.3
v -0.0011964 -0.0256285 0.3
v -0.00451717 -0.00819822 0.3
v 0.00467661 0.0100087 0.3
v 0.0131495 -0.0248253 0.3
v 0.0106827 -0.0265998 0.3
v 0.0107399 -0.0215396 0.3
v 0.00782531 -0.026881 0.3
v 0.00676793 -0.0226793 0.3
v -0.0294533 0.000428017 0.3
v -0.0289433 0.0042057 0.3
v -0.0246865 0.000868097 0.3
v 0.0116081 -0.0130773 0.3
v -0.0121829 -0.0376712 0.3
v -0.0112839 -0.0349726 0.3
v -0.00950347 -0.0380017 0.3
v -0.0270498 0.00705417 0.3
v -0.0227206 0.00481472 0.3
v 0.0167333 0.0275904 0.3
v 0.0149114 0.025118 0.3
v 0.0140466 0.0293197 0.3
v 0.0106671 0.0277988 0.3
v -0.0076773 -0.0139429 0.3
v -0.00751277 -0.00710893 0.3
v -0.0306186 -0.0101965 0.3
v -0.0326927 -0.00780073 0.3
v -0.0276141 -0.00758376 0.3
v -0.0330029 -0.00470573 0.3
v -0.0286739 -0.00368716 0.3
v 0.119896 -0.00499182 0.25
v 0.12 0 0.25
v 0.119585 -0.009975 0.25
v 0.119066 -0.0149409 0.25
v 0.118342 -0.019881 0.25
v 0.117412 -0.0247866 0.25
v 0.11628 -0.0296493 0.25
v 0.114946 -0.0344607 0.25
v 0.113412 -0.0392124 0.25
v 0.111683 -0.0438963 0.25
v 0.10976 -0.0485041 0.25
v 0.107648 -0.053028 0.25
v 0.105349 -0.0574601 0.25
v 0.102867 -0.0617927 0.25
v 0.100208 -0.0660183 0.25
v 0.0973747 -0.0701297 0.25
v 0.0943731 -0.0741196 0.25
v 0.0912082 -0.0779812 0.25
v 0.0878853 -0.0817078 0.25
v 0.0844103 -0.085293 0.25
v 0.0807892 -0.0887305 0.25
v 0.0770282 -0.0920144 0.25
v 0.0731339 -0.095139 0.25
v 0.0691129 -0.098099 0.25
v 0.0649723 -0.100889 0.25
v 0.0607193 -0.103504 0.25
v 0.0563611 -0.105941 0.25
v 0.0519053 -0.108193 0.25
v 0.0473597 -0.110259 0.25
v 0.0427321 -0.112134 0.25
v 0.0380305 -0.113814 0.25
v 0.0332631 -0.115298 0.25
v 0.0284381 -0.116582 0.25
v 0.0235639 -0.117664 0.25
v 0.0186488 -0.118542 0.25
v 0.0137015 -0.119215 0.25
v 0.00873048 -0.119682 0.25
v 0.00374434 -0.119942 0.25
v -0.00124829 -0.119993 0.25
v -0.00623876 -0.119838 0.25
v -0.0112184 -0.119475 0.25
v -0.0161787 -0.118904 0.25
v -0.0211109 -0.118128 0.25
v -0.0260066 -0.117148 0.25
v -0.0308573 -0.115965 0.25
v -0.0356545 -0.114581 0.25
v -0.04039 -0.112998 0.25
v -0.0450556 -0.11122 0.25
v -0.0496433 -0.10925 0.25
v -0.0541449 -0.10709 0.25
v -0.0585528 -0.104745 0.25
v -0.0628594 -0.102219 0.25
v -0.0670572 -0.0995155 0.25
v -0.0711388 -0.0966399 0.25
v -0.0750973 -0.093597 0.25
v -0.0789258 -0.090392 0.25
v -0.0826176 -0.0870306 0.25
v -0.0861665 -0.0835185 0.25
v -0.0895661 -0.0798618 0.25
v -0.0928107 -0.0760669 0.25
v -0.0958947 -0.0721402 0.25
v -0.0988126 -0.0680887 0.25
v -0.101559 -0.0639193 0.25
v -0.104131 -0.0596393 0.25
v -0.106521 -0.055256 0.25
v -0.108728 -0.050777 0.25
v -0.110746 -0.0462102 0.25
v -0.112572 -0.0415633 0.25
v -0.114204 -0.0368445 0.25
v -0.115637 -0.0320619 0.25
v -0.116871 -0.0272238 0.25
v -0.117902 -0.0223386 0.25
v -0.11873 -0.0174147 0.25
v -0.119351 -0.0124607 0.25
v -0.119766 -0.00748503 0.25
v -0.119974 -0.00249645 0.25
v -0.119974 0.00249645 0.25
v -0.119766 0.00748503 0.25
v -0.119351 0.0124607 0.25
v -0.11873 0.0174147 0.25
v -0.117902 0.0223386 0.25
v -0.116871 0.0272238 0.25
v -0.115637 0.0320619 0.25
v -0.114204 0.0368445 0.25
v -0.112572 0.0415633 0.25
v -0.110746 0.0462102 0.25
v -0.108728 0.050777 0.25
v -0.106521 0.055256 0.25
v -0.104131 0.0596393 0.25
v -0.101559 0.0639193 0.25
v -0.0988126 0.0680887 0.25
v -0.0958947 0.0721402 0.25
v -0.0928107 0.0760669 0.25
v -0.0895661 0.0798618 0.25
v -0.0861665 0.0835185 0.25
v -0.0826176 0.0870306 0.25
v -0.0789258 0.090392 0.25
v -0.0750973 0.093597 0.25
v -0.0711388 0.0966399 0.25
v -0.0670572 0.0995155 0.25
v -0.0628594 0.102219 0.25
v -0.0585528 0.104745 0.25
v -0.0541449 0.10709 0.25
v -0.0496433 0.10925 0.25
v -0.0450556 0.11122 0.25
v -0.04039 0.112998 0.25
v -0.0356545 0.114581 0.25
v -0.0308573 0.115965 0.25
v -0.0260066 0.117148 0.25
v -0.0211109 0.118128 0.25
v -0.0161787 0.118904 0.25
v -0.0112184 0.119475 0.25
v -0.00623876 0.119838 0.25
v -0.00124829 0.119993 0.25
v 0.00374434 0.119942 0.25
v 0.00873048 0.119682 0.25
v 0.0137015 0.119215 0.25
v 0.0186488 0.118542 0.25
v 0.0235639 0.117664 0.25
v 0.0284381 0.116582 0.25
v 0.0332631 0.115298 0.25
v 0.0380305 0.113814 0.25
v 0.0427321 0.112134 0.25
v 0.0473597 0.110259 0.25
v 0.0519053 0.108193 0.25
v 0.0563611 0.105941 0.25
v 0.0607193 0.103504 0.25
v 0.0649723 0.100889 0.25
v 0.0691129 0.098099 0.25
v 0.0731339 0.095139 0.25
v 0.0770282 0.0920144 0.25
v 0.0807892 0.0887305 0.25
v 0.0844103 0.085293 0.25
v 0.0878853 0.0817078 0.25
v 0.0912082 0.0779812 0.25
v 0.0943731 0.0741196 0.25
v 0.0973747 0.0701297 0.25
v 0.100208 0.0660183 0.25
v 0.102867 0.0617927 0.25
v 0.105349 0.0574601 0.25
v 0.107648 0.053028 0.25
v 0.10976 0.0485041 0.25
v 0.111683 0.0438963 0.25
v 0.113412 0.0392124 0.25
v 0.114946 0.0344607 0.25
v 0.11628 0.0296493 0.25
v 0.117412 0.0247866 0.25
v 0.118342 0.019881 0.25
v 0.119066 0.0149409 0.25
v 0.119585 0.009975 0.25
v 0.119896 0.00499182 0.25
v 0.0132802 0.00639512 0.3
v -0.0237548 -0.0198044 0.3
v -0.0264453 -0.0184416 0.3
v -0.021708 -0.0164184 0.3
v 0.0162016 -0.00771893 0.3
v -0.0384105 -0.00558556 0.3
v -0.042115 -0.00329662 0.3
v -0.0371437 -0.00226239 0.3
v 0.00297295 0.00223538 0.3
v -0.0277924 -0.0158124 0.3
v -0.0235035 -0.0133097 0.3
v 0.0006689 -0.0149271 0.3
v 0.00171625 -0.019258 0.3
v -0.00203847 -0.0210716 0.3
v -0.00286342 -0.0165697 0.3
v -0.0183939 -0.0052758 0.3
v -0.0196498 -0.00031723 0.3
v 0.015803 -0.0104592 0.3
v 0.000526523 0.0153456 0.3
v 0.00459843 0.014978 0.3
v 0.00094607 0.0032281 0.3
v 0.12 0 0.255
v 0.119896 -0.00499182 0.255
v 0.119585 -0.00997499 0.255
v 0.119066 -0.0149409 0.255
v 0.118342 -0.0198809 0.255
v 0.117412 -0.0247865 0.255
v 0.11628 -0.029649 0.255
v 0.114946 -0.0344597 0.254999
v 0.113413 -0.0392097 0.254996
v 0.111686 -0.0438889 0.254991
v 0.109767 -0.0484883 0.254988
v 0.107659 -0.0530046 0.25499
v 0.105364 -0.0574327 0.254995
v 0.102886 -0.0617614 0.254999
v 0.100228 -0.0659882 0.255004
v 0.0973908 -0.0701073 0.255009
v 0.0943834 -0.0741065 0.255008
v 0.0912138 -0.0779747 0.255006
v 0.087888 -0.081705 0.255003
v 0.0844115 -0.0852919 0.255002
v 0.0807897 -0.0887301 0.255001
v 0.0770284 -0.0920143 0.255
v 0.0731339 -0.095139 0.255
v 0.069113 -0.0980989 0.255
v 0.0649723 -0.100889 0.255
v 0.0607193 -0.103504 0.255
v 0.0563611 -0.105941 0.255
v 0.0519054 -0.108193 0.255
v 0.0473628 -0.110258 0.254998
v 0.0427403 -0.112131 0.254994
v 0.0380408 -0.113811 0.254994
v 0.0332727 -0.115295 0.255
v 0.028445 -0.11658 0.255003
v 0.023568 -0.117663 0.255003
v 0.018651 -0.118542 0.255002
v 0.0137025 -0.119215 0.255001
v 0.00873092 -0.119682 0.255001
v 0.00374451 -0.119942 0.255
v -0.00124816 -0.119993 0.255
v -0.00623541 -0.119838 0.254998
v -0.0112098 -0.119475 0.254993
v -0.0161643 -0.118906 0.254991
v -0.0210871 -0.118133 0.254992
v -0.0259733 -0.117155 0.254994
v -0.030817 -0.115976 0.254995
v -0.0356102 -0.114595 0.254997
v -0.0403439 -0.113015 0.254997
v -0.045009 -0.111239 0.254997
v -0.0495969 -0.109271 0.254998
v -0.0540992 -0.107113 0.254998
v -0.058508 -0.10477 0.254998
v -0.0628156 -0.102246 0.254998
v -0.0670145 -0.0995443 0.254998
v -0.0710974 -0.0966704 0.254998
v -0.0750572 -0.0936292 0.254998
v -0.078887 -0.0904259 0.254998
v -0.0825803 -0.087066 0.254998
v -0.0861307 -0.0835554 0.254998
v -0.0895319 -0.0799002 0.254998
v -0.0927781 -0.0761067 0.254998
v -0.0958637 -0.0721813 0.254998
v -0.0987834 -0.0681311 0.254998
v -0.101532 -0.0639629 0.254998
v -0.104105 -0.0596839 0.254998
v -0.106497 -0.0553017 0.254998
v -0.108706 -0.0508237 0.254998
v -0.110726 -0.0462576 0.254998
v -0.112554 -0.0416116 0.254998
v -0.114188 -0.0368935 0.254998
v -0.115624 -0.0321115 0.254998
v -0.116859 -0.0272739 0.254998
v -0.117893 -0.0223891 0.254998
v -0.118722 -0.0174656 0.254998
v -0.119346 -0.0125118 0.254998
v -0.119763 -0.00753576 0.254999
v -0.119973 -0.00254243 0.255003
v -0.119975 0.00246178 0.255008
v -0.119768 0.00746308 0.255008
v -0.119353 0.0124452 0.255004
v -0.118732 0.0173999 0.254997
v -0.117905 0.0223251 0.254996
v -0.116874 0.0272129 0.255001
v -0.11564 0.0320546 0.255004
v -0.114205 0.0368403 0.255003
v -0.112573 0.0415612 0.255002
v -0.110746 0.0462092 0.255001
v -0.108728 0.0507766 0.255001
v -0.106521 0.0552558 0.255
v -0.104131 0.0596392 0.255
v -0.10156 0.0639193 0.255
v -0.0988126 0.0680887 0.255
v -0.0958947 0.0721402 0.255
v -0.0928107 0.0760669 0.255
v -0.0895661 0.0798618 0.255
v -0.0861665 0.0835185 0.255
v -0.0826176 0.0870306 0.255
v -0.0789258 0.090392 0.255
v -0.0750973 0.093597 0.255
v -0.0711388 0.0966399 0.255
v -0.0670572 0.0995155 0.255
v -0.0628594 0.102219 0.255
v -0.0585528 0.104745 0.255
v -0.0541449 0.10709 0.255
v -0.0496433 0.10925 0.255
v -0.0450556 0.11122 0.255
v -0.04039 0.112998 0.255
v -0.0356545 0.114581 0.255
v -0.0308573 0.115965 0.255
v -0.0260066 0.117148 0.255
v -0.0211109 0.118128 0.255
v -0.0161787 0.118904 0.255
v -0.0112184 0.119475 0.255
v -0.00623876 0.119838 0.255
v -0.00124836 0.119993 0.255
v 0.0037419 0.119942 0.254998
v 0.00872152 0.119683 0.254992
v 0.0136847 0.119217 0.254985
v 0.0186262 0.118546 0.254983
v 0.0235338 0.11767 0.254986
v 0.0284008 0.116591 0.25499
v 0.0332207 0.11531 0.254993
v 0.0379853 0.113829 0.254995
v 0.0426857 0.112151 0.254997
v 0.0473132 0.110279 0.254997
v 0.0518592 0.108216 0.254997
v 0.0563158 0.105965 0.254998
v 0.0606749 0.10353 0.254998
v 0.0649291 0.100917 0.254998
v 0.0690709 0.0981286 0.254998
v 0.0730931 0.0951704 0.254998
v 0.0769888 0.0920474 0.254998
v 0.0807512 0.0887652 0.254998
v 0.0843737 0.0853292 0.254998
v 0.0878503 0.0817455 0.254998
v 0.0911747 0.0780203 0.254998
v 0.0943413 0.07416 0.254998
v 0.0973446 0.0701714 0.254998
v 0.100179 0.0660613 0.254998
v 0.102841 0.0618368 0.254998
v 0.105324 0.0575052 0.254998
v 0.107625 0.0530741 0.254998
v 0.10974 0.0485512 0.254998
v 0.111664 0.0439441 0.254998
v 0.113396 0.039261 0.254998
v 0.114931 0.0345094 0.254999
v 0.116268 0.029693 0.255004
v 0.117405 0.0248186 0.255008
v 0.118338 0.0199002 0.255008
v 0.119065 0.0149507 0.255005
v 0.119584 0.00997915 0.255002
v 0.119896 0.00499313 0.255001
v 0.119896 -0.00499182 0.295
v 0.119896 -0.00499182 0.3
v 0.12 0 0.295
v 0.119585 -0.009975 0.295
v 0.119585 -0.009975 0.3
v 0.119066 -0.0149409 0.295
v 0.119066 -0.0149409 0.3
v 0.118342 -0.019881 0.295
v 0.118342 -0.019881 0.3
v 0.117412 -0.0247866 0.295
v 0.117412 -0.0247866 0.3
v 0.11628 -0.0296493 0.295
v 0.11628 -0.0296493 0.3
v 0.114945 -0.0344632 0.294996
v 0.114946 -0.0344607 0.3
v 0.113407 -0.0392282 0.294982
v 0.113412 -0.0392124 0.3
v 0.111664 -0.0439448 0.294963
v 0.111683 -0.0438963 0.3
v 0.109719 -0.0485984 0.294962
v 0.10976 -0.0485041 0.3
v 0.107583 -0.0531593 0.29497
v 0.107648 -0.053028 0.3
v 0.105268 -0.0576086 0.294984
v 0.105349 -0.0574601 0.3
v 0.10278 -0.0619371 0.29501
v 0.102867 -0.0617927 0.3
v 0.10013 -0.0661361 0.29504
v 0.100208 -0.0660183 0.3
v 0.0973196 -0.0702061 0.295043
v 0.0973747 -0.0701297 0.3
v 0.0943401 -0.0741617 0.295032
v 0.0943731 -0.0741196 0.3
v 0.0911905 -0.0780019 0.295019
v 0.0912082 -0.0779812 0.3
v 0.0878765 -0.0817173 0.29501
v 0.0878853 -0.0817078 0.3
v 0.0844062 -0.0852971 0.295004
v 0.0807874 -0.0887322 0.295002
v 0.0770274 -0.0920151 0.295001
v 0.0731336 -0.0951393 0.295
v 0.0691128 -0.098099 0.295
v 0.0691129 -0.098099 0.3
v 0.0649723 -0.100889 0.295
v 0.0649723 -0.100889 0.3
v 0.0607192 -0.103505 0.295
v 0.0607193 -0.103504 0.3
v 0.0563615 -0.10594 0.295
v 0.0563611 -0.105941 0.3
v 0.0518974 -0.108197 0.294992
v 0.0519053 -0.108193 0.3
v 0.0473272 -0.110273 0.294971
v 0.0473597 -0.110259 0.3
v 0.0426797 -0.112154 0.294974
v 0.0427321 -0.112134 0.3
v 0.0379775 -0.113832 0.294988
v 0.0380305 -0.113814 0.3
v 0.0332236 -0.115309 0.295001
v 0.0332631 -0.115298 0.3
v 0.0284136 -0.116588 0.295006
v 0.0284381 -0.116582 0.3
v 0.0235503 -0.117666 0.295006
v 0.0235639 -0.117664 0.3
v 0.018642 -0.118543 0.295004
v 0.0186488 -0.118542 0.3
v 0.0136983 -0.119216 0.295002
v 0.0137015 -0.119215 0.3
v 0.00872902 -0.119682 0.295001
v 0.00873048 -0.119682 0.3
v 0.00374421 -0.119942 0.295001
v 0.00374434 -0.119942 0.3
v -0.00125677 -0.119993 0.294992
v -0.00124829 -0.119993 0.3
v -0.00627471 -0.119836 0.294966
v -0.00623876 -0.119838 0.3
v -0.0113032 -0.119466 0.294933
v -0.0112184 -0.119475 0.3
v -0.0163102 -0.118886 0.294932
v -0.0161787 -0.118904 0.3
v -0.0212717 -0.1181 0.294948
v -0.0211109 -0.118128 0.3
v -0.0261809 -0.117109 0.294965
v -0.0260066 -0.117148 0.3
v -0.0310357 -0.115917 0.294977
v -0.0308573 -0.115965 0.3
v -0.0358328 -0.114525 0.294983
v -0.0356545 -0.114581 0.3
v -0.0405663 -0.112935 0.294987
v -0.04039 -0.112998 0.3
v -0.0452292 -0.11115 0.294988
v -0.0450556 -0.11122 0.3
v -0.0498137 -0.109172 0.294989
v -0.0496433 -0.10925 0.3
v -0.0543119 -0.107006 0.294989
v -0.0541449 -0.10709 0.3
v -0.0587162 -0.104654 0.294989
v -0.0630188 -0.102121 0.294989
v -0.0672123 -0.0994108 0.294989
v -0.0670572 -0.0995155 0.3
v -0.0712895 -0.0965288 0.294989
v -0.0711388 -0.0966399 0.3
v -0.0752432 -0.0934797 0.294989
v -0.0750973 -0.093597 0.3
v -0.0790667 -0.0902688 0.294989
v -0.0789258 -0.090392 0.3
v -0.0827533 -0.0869016 0.294989
v -0.0826176 -0.0870306 0.3
v -0.0862966 -0.083384 0.294989
v -0.0861665 -0.0835185 0.3
v -0.0896906 -0.079722 0.294989
v -0.0895661 -0.0798618 0.3
v -0.0929293 -0.075922 0.294989
v -0.0928107 -0.0760669 0.3
v -0.0960071 -0.0719906 0.294989
v -0.0958947 -0.0721402 0.3
v -0.0989187 -0.0679345 0.294989
v -0.0988126 -0.0680887 0.3
v -0.101659 -0.0637608 0.294989
v -0.101559 -0.0639193 0.3
v -0.104223 -0.0594768 0.294989
v -0.104131 -0.0596393 0.3
v -0.106607 -0.0550898 0.294989
v -0.106521 -0.055256 0.3
v -0.108807 -0.0506074 0.294989
v -0.108728 -0.050777 0.3
v -0.110818 -0.0460374 0.294989
v -0.110746 -0.0462102 0.3
v -0.112637 -0.0413877 0.294989
v -0.112572 -0.0415633 0.3
v -0.114261 -0.0366663 0.294989
v -0.114204 -0.0368445 0.3
v -0.115687 -0.0318815 0.294989
v -0.115637 -0.0320619 0.3
v -0.116913 -0.0270415 0.294989
v -0.117937 -0.0221547 0.294989
v -0.118757 -0.0172285 0.294988
v -0.11937 -0.0122755 0.294994
v -0.119777 -0.00731165 0.295014
v -0.119766 -0.00748503 0.3
v -0.119977 -0.00235609 0.295042
v -0.119974 -0.00249645 0.3
v -0.119972 0.0025867 0.295044
v -0.119974 0.00249645 0.3
v -0.119763 0.00754284 0.295024
v -0.119766 0.00748503 0.3
v -0.119345 0.0125194 0.294991
v -0.119351 0.0124607 0.3
v -0.11872 0.0174807 0.294985
v -0.11873 0.0174147 0.3
v -0.117891 0.022398 0.294993
v -0.117902 0.0223386 0.3
v -0.116861 0.0272656 0.295004
v -0.116871 0.0272238 0.3
v -0.115631 0.0320869 0.295007
v -0.115637 0.0320619 0.3
v -0.114199 0.0368579 0.295006
v -0.114204 0.0368445 0.3
v -0.11257 0.0415699 0.295004
v -0.112572 0.0415633 0.3
v -0.110744 0.0462132 0.295002
v -0.110746 0.0462102 0.3
v -0.108727 0.0507784 0.295001
v -0.108728 0.050777 0.3
v -0.106521 0.0552565 0.295
v -0.106521 0.055256 0.3
v -0.10413 0.0596395 0.295
v -0.104131 0.0596393 0.3
v -0.101559 0.0639194 0.295
v -0.101559 0.0639193 0.3
v -0.0988126 0.0680888 0.295
v -0.0988126 0.0680887 0.3
v -0.0958947 0.0721403 0.295
v -0.0958947 0.0721402 0.3
v -0.0928107 0.0760669 0.295
v -0.0928107 0.0760669 0.3
v -0.0895661 0.0798618 0.295
v -0.0895661 0.0798618 0.3
v -0.0861665 0.0835185 0.295
v -0.0861665 0.0835185 0.3
v -0.0826176 0.0870306 0.295
v -0.0826176 0.0870306 0.3
v -0.0789258 0.090392 0.295
v -0.0789258 0.090392 0.3
v -0.0750973 0.093597 0.295
v -0.0750973 0.093597 0.3
v -0.0711388 0.0966399 0.295
v -0.0711388 0.0966399 0.3
v -0.0670572 0.0995155 0.295
v -0.0670572 0.0995155 0.3
v -0.0628594 0.102219 0.295
v -0.0628594 0.102219 0.3
v -0.0585528 0.104745 0.295
v -0.0541449 0.10709 0.295
v -0.0496433 0.10925 0.295
v -0.0496433 0.10925 0.3
v -0.0450556 0.11122 0.295
v -0.0450556 0.11122 0.3
v -0.04039 0.112998 0.295
v -0.04039 0.112998 0.3
v -0.0356545 0.114581 0.295
v -0.0356545 0.114581 0.3
v -0.0308573 0.115965 0.295
v -0.0308573 0.115965 0.3
v -0.0260066 0.117148 0.295
v -0.0260066 0.117148 0.3
v -0.0211109 0.118128 0.295
v -0.0211109 0.118128 0.3
v -0.0161787 0.118904 0.295
v -0.0161787 0.118904 0.3
v -0.0112184 0.119475 0.295
v -0.0112184 0.119475 0.3
v -0.00623879 0.119838 0.295
v -0.00623876 0.119838 0.3
v -0.00124628 0.119993 0.294998
v -0.00124829 0.119993 0.3
v 0.00375679 0.119941 0.294987
v 0.00374434 0.119942 0.3
v 0.0087701 0.119679 0.294959
v 0.00873048 0.119682 0.3
v 0.013788 0.119205 0.294927
v 0.0137015 0.119215 0.3
v 0.0187803 0.118521 0.294928
v 0.0186488 0.118542 0.3
v 0.0237236 0.117632 0.294945
v 0.0235639 0.117664 0.3
v 0.028611 0.116539 0.294964
v 0.0284381 0.116582 0.3
v 0.0334401 0.115246 0.294976
v 0.0332631 0.115298 0.3
v 0.0382074 0.113755 0.294983
v 0.0429069 0.112067 0.294986
v 0.0475317 0.110185 0.294988
v 0.0520741 0.108112 0.294989
v 0.0565263 0.105853 0.294989
v 0.0563611 0.105941 0.3
v 0.0608807 0.10341 0.294989
v 0.0607193 0.103504 0.3
v 0.0651296 0.100787 0.294989
v 0.0649723 0.100889 0.3
v 0.0692659 0.097991 0.294989
v 0.0691129 0.098099 0.3
v 0.0732822 0.0950248 0.294989
v 0.0731339 0.095139 0.3
v 0.0771717 0.0918942 0.294989
v 0.0770282 0.0920144 0.3
v 0.0809275 0.0886044 0.294989
v 0.0807892 0.0887305 0.3
v 0.0845433 0.0851612 0.294989
v 0.0844103 0.085293 0.3
v 0.0880127 0.0815706 0.294989
v 0.0878853 0.0817078 0.3
v 0.0913297 0.0778389 0.294989
v 0.0912082 0.0779812 0.3
v 0.0944886 0.0739723 0.294989
v 0.0943731 0.0741196 0.3
v 0.097484 0.0699777 0.294989
v 0.0973747 0.0701297 0.3
v 0.100311 0.0658619 0.294989
v 0.100208 0.0660183 0.3
v 0.102964 0.0616321 0.294989
v 0.102867 0.0617927 0.3
v 0.105438 0.0572957 0.294989
v 0.105349 0.0574601 0.3
v 0.10773 0.05286 0.294989
v 0.107648 0.053028 0.3
v 0.109836 0.0483329 0.294989
v 0.10976 0.0485041 0.3
v 0.111752 0.043721 0.294988
v 0.111683 0.0438963 0.3
v 0.113473 0.0390366 0.294994
v 0.113412 0.0392124 0.3
v 0.114995 0.0342943 0.295014
v 0.114946 0.0344607 0.3
v 0.116314 0.0295123 0.295042
v 0.11628 0.0296493 0.3
v 0.117431 0.0246962 0.295043
v 0.117412 0.0247866 0.3
v 0.11835 0.0198313 0.295029
v 0.118342 0.019881 0.3
v 0.119069 0.014918 0.295014
v 0.119066 0.0149409 0.3
v 0.119585 0.009966 0.295006
v 0.119585 0.009975 0.3
v 0.119896 0.00498917 0.295002
v 0.119896 -0.00499182 0.26
v 0.12 0 0.26
v 0.119896 -0.00499182 0.265
v 0.12 0 0.265
v 0.119896 -0.00499182 0.27
v 0.12 0 0.27
v 0.119896 -0.00499182 0.275
v 0.12 0 0.275
v 0.119896 -0.00499182 0.28
v 0.12 0 0.28
v 0.119896 -0.00499182 0.285
v 0.12 0 0.285
v 0.119896 -0.00499182 0.29
v 0.12 0 0.29
v 0.119896 0.00499413 0.260001
v 0.119896 0.00499557 0.265003
v 0.119896 0.00499735 0.270008
v 0.119896 0.00499551 0.275009
v 0.119896 0.00499073 0.280008
v 0.119896 0.00498762 0.285006
v 0.119896 0.00498712 0.290004
v 0.119066 -0.0149408 0.26
v 0.118342 -0.0198808 0.26
v 0.117412 -0.024786 0.259999
v 0.11628 -0.0296469 0.259996
v 0.114948 -0.0344538 0.259989
v 0.113418 -0.0391952 0.259975
v 0.1117 -0.0438525 0.259952
v 0.109798 -0.048419 0.259939
v 0.107707 -0.0529075 0.259956
v 0.105424 -0.0573208 0.259979
v 0.102955 -0.061646 0.260003
v 0.100293 -0.0658888 0.260029
v 0.0974385 -0.070041 0.260046
v 0.0944116 -0.0740706 0.260039
v 0.0912282 -0.0779578 0.260025
v 0.0878947 -0.0816977 0.260014
v 0.0844144 -0.085289 0.260007
v 0.0807908 -0.088729 0.260003
v 0.0770288 -0.0920139 0.260001
v 0.0731341 -0.0951389 0.260001
v 0.069113 -0.0980989 0.26
v 0.0649724 -0.100889 0.26
v 0.0607193 -0.103504 0.26
v 0.0563611 -0.105941 0.26
v 0.0519107 -0.108191 0.259996
v 0.0473817 -0.11025 0.259981
v 0.0427646 -0.112121 0.259974
v 0.038065 -0.113803 0.259992
v 0.0332912 -0.11529 0.260008
v 0.028457 -0.116577 0.260013
v 0.0235748 -0.117661 0.260011
v 0.0186545 -0.118541 0.260008
v 0.0137042 -0.119215 0.260004
v 0.00873164 -0.119682 0.260002
v 0.00374486 -0.119942 0.260001
v -0.00124217 -0.119994 0.259996
v -0.00621524 -0.119839 0.259981
v -0.011167 -0.119479 0.25996
v -0.0160977 -0.118915 0.259953
v -0.0209868 -0.118151 0.259961
v -0.0258444 -0.117184 0.259973
v -0.0306699 -0.116015 0.259981
v -0.0354536 -0.114643 0.259986
v -0.0401836 -0.113072 0.259989
v -0.0448483 -0.111304 0.25999
v -0.0494377 -0.109343 0.259991
v -0.0539426 -0.107192 0.259991
v -0.0583545 -0.104856 0.259991
v -0.0626657 -0.102338 0.259991
v -0.0668685 -0.0996424 0.259991
v -0.0709556 -0.0967745 0.259991
v -0.0749198 -0.0937391 0.259991
v -0.0787544 -0.0905414 0.259991
v -0.0824526 -0.087187 0.259991
v -0.0860081 -0.0836816 0.259991
v -0.0894146 -0.0800314 0.259991
v -0.0926664 -0.0762426 0.259991
v -0.0957578 -0.0723218 0.259991
v -0.0986834 -0.0682758 0.259991
v -0.101438 -0.0641116 0.259991
v -0.104017 -0.0598365 0.259991
v -0.106416 -0.0554577 0.259991
v -0.108631 -0.0509829 0.259991
v -0.110658 -0.0464199 0.259991
v -0.112493 -0.0417765 0.259991
v -0.114134 -0.0370608 0.259991
v -0.115577 -0.032281 0.259991
v -0.116819 -0.0274452 0.259991
v -0.11786 -0.022562 0.259991
v -0.118696 -0.0176396 0.259991
v -0.119328 -0.0126857 0.259993
v -0.119753 -0.00770153 0.260004
v -0.11997 -0.0026823 0.260026
v -0.119977 0.00236509 0.260045
v -0.119772 0.0074009 0.260035
v -0.119358 0.0123956 0.260006
v -0.118738 0.0173605 0.259989
v -0.117911 0.0222941 0.259999
v -0.116879 0.0271915 0.260012
v -0.115643 0.0320416 0.260015
v -0.114207 0.0368333 0.260012
v -0.112574 0.0415577 0.260008
v -0.110747 0.0462076 0.260004
v -0.108728 0.050776 0.260002
v -0.106521 0.0552556 0.260001
v -0.104131 0.0596391 0.26
v -0.10156 0.0639193 0.26
v -0.0988126 0.0680887 0.26
v -0.0958947 0.0721402 0.26
v -0.0928107 0.0760669 0.26
v -0.0895661 0.0798618 0.26
v -0.0861665 0.0835185 0.26
v -0.0826176 0.0870306 0.26
v -0.0789258 0.090392 0.26
v -0.0750973 0.093597 0.26
v -0.0711388 0.0966399 0.26
v -0.0670572 0.0995155 0.26
v -0.0628594 0.102219 0.26
v -0.0585528 0.104745 0.26
v -0.0541449 0.10709 0.26
v -0.0496433 0.10925 0.26
v -0.0450556 0.11122 0.26
v -0.04039 0.112998 0.26
v -0.0356545 0.114581 0.26
v -0.0308573 0.115965 0.26
v -0.0260066 0.117148 0.26
v -0.0211109 0.118128 0.26
v -0.0161787 0.118904 0.26
v -0.0112184 0.119475 0.26
v -0.00623882 0.119838 0.26
v -0.00125111 0.119993 0.259997
v 0.00372984 0.119942 0.259986
v 0.00869156 0.119685 0.259962
v 0.0136306 0.119223 0.259938
v 0.0185496 0.118558 0.259932
v 0.0234264 0.117691 0.259947
v 0.0282677 0.116623 0.259964
v 0.0330715 0.115353 0.259976
v 0.0378281 0.113882 0.259984
v 0.0425258 0.112212 0.259988
v 0.0471535 0.110347 0.25999
v 0.0517014 0.108291 0.25999
v 0.0561607 0.106047 0.259991
v 0.0605232 0.103619 0.259991
v 0.0647811 0.101012 0.259991
v 0.068927 0.0982297 0.259991
v 0.0729535 0.0952774 0.259991
v 0.0768537 0.0921602 0.259991
v 0.0806209 0.0888834 0.259991
v 0.0842486 0.0854528 0.259991
v 0.0877303 0.0818742 0.259991
v 0.0910602 0.0781539 0.259991
v 0.0942325 0.0742983 0.259991
v 0.0972416 0.070314 0.259991
v 0.100082 0.0662081 0.259991
v 0.10275 0.0619875 0.259991
v 0.10524 0.0576596 0.259991
v 0.107547 0.0532319 0.259991
v 0.109668 0.048712 0.259991
v 0.1116 0.0441077 0.259991
v 0.113338 0.0394263 0.259995
v 0.114883 0.0346674 0.260008
v 0.116234 0.0298254 0.26003
v 0.117386 0.024908 0.260046
v 0.11833 0.0199498 0.260037
v 0.119062 0.0149738 0.260021
v 0.119584 0.00998735 0.260008
v 0.119583 0.00999473 0.265019
v 0.119585 -0.009975 0.29
v 0.119066 -0.0149409 0.29
v 0.118342 -0.019881 0.29
v 0.117412 -0.0247865 0.29
v 0.116279 -0.0296519 0.289996
v 0.11494 -0.0344801 0.289974
v 0.113387 -0.039287 0.289921
v 0.111607 -0.0440887 0.289854
v 0.109607 -0.0488506 0.289869
v 0.107428 -0.0534725 0.289914
v 0.105089 -0.0579332 0.289978
v 0.102604 -0.062229 0.290073
v 0.0999876 -0.0663512 0.290173
v 0.0972346 -0.0703238 0.290156
v 0.0942969 -0.0742166 0.290103
v 0.0911699 -0.078026 0.290058
v 0.087867 -0.0817275 0.290029
v 0.0844018 -0.0853014 0.290014
v 0.0807854 -0.088734 0.290006
v 0.0770265 -0.0920158 0.290003
v 0.0731331 -0.0951396 0.290001
v 0.0691126 -0.0980992 0.29
v 0.0649722 -0.100889 0.29
v 0.0607195 -0.103504 0.29
v 0.0563532 -0.105945 0.289992
v 0.051863 -0.108214 0.289955
v 0.0472817 -0.110293 0.289936
v 0.0426385 -0.112169 0.289951
v 0.0379496 -0.113841 0.289989
v 0.0332059 -0.115314 0.290013
v 0.0284027 -0.11659 0.29002
v 0.0235439 -0.117668 0.290016
v 0.0186383 -0.118544 0.29001
v 0.0136963 -0.119216 0.290006
v 0.00872836 -0.119682 0.290003
v 0.00373478 -0.119942 0.289994
v -0.00129515 -0.119993 0.289954
v -0.00637956 -0.11983 0.289865
v -0.0115266 -0.119445 0.289753
v -0.0166338 -0.118842 0.289782
v -0.0216442 -0.118032 0.289851
v -0.0265689 -0.117022 0.289907
v -0.0314245 -0.115812 0.289941
v -0.0362171 -0.114404 0.289959
v -0.0409446 -0.112799 0.289967
v -0.0456009 -0.110998 0.289971
v -0.0501783 -0.109005 0.289973
v -0.0546691 -0.106824 0.289974
v -0.0590654 -0.104457 0.289974
v -0.0633595 -0.10191 0.289974
v -0.0675439 -0.0991858 0.289974
v -0.0716114 -0.0962902 0.289974
v -0.0755549 -0.0932279 0.289974
v -0.0793677 -0.0900043 0.289974
v -0.083043 -0.0866248 0.289974
v -0.0865746 -0.0830953 0.289974
v -0.0899563 -0.079422 0.289974
v -0.0931823 -0.0756113 0.289974
v -0.0962469 -0.0716696 0.289974
v -0.099145 -0.0676038 0.289974
v -0.101871 -0.063421 0.289974
v -0.104421 -0.0591284 0.289974
v -0.106791 -0.0547335 0.289974
v -0.108975 -0.0502437 0.289974
v -0.110971 -0.045667 0.289974
v -0.112774 -0.0410113 0.289974
v -0.114383 -0.0362846 0.289974
v -0.115793 -0.031495 0.289974
v -0.117003 -0.026651 0.289974
v -0.118011 -0.0217596 0.289973
v -0.118813 -0.0168337 0.289977
v -0.119409 -0.0118938 0.290008
v -0.119797 -0.00697326 0.290084
v -0.119981 -0.00210687 0.290176
v -0.119969 0.00273056 0.29015
v -0.119757 0.00764111 0.290061
v -0.119337 0.0125934 0.289997
v -0.118712 0.0175342 0.289982
v -0.117885 0.0224308 0.290004
v -0.116857 0.0272851 0.29002
v -0.115627 0.0320983 0.290022
v -0.114197 0.0368644 0.290017
v -0.112568 0.0415735 0.290011
v -0.110744 0.0462151 0.290006
v -0.108727 0.0507793 0.290003
v -0.106521 0.055257 0.290001
v -0.10413 0.0596397 0.290001
v -0.101559 0.0639195 0.29
v -0.0988125 0.0680888 0.29
v -0.0958946 0.0721403 0.29
v -0.0928107 0.0760669 0.29
v -0.0895661 0.0798618 0.29
v -0.0861665 0.0835185 0.29
v -0.0826176 0.0870306 0.29
v -0.0789258 0.090392 0.29
v -0.0750973 0.093597 0.29
v -0.0711388 0.0966399 0.29
v -0.0670572 0.0995155 0.29
v -0.0628594 0.102219 0.29
v -0.0585528 0.104745 0.29
v -0.0541449 0.10709 0.29
v -0.0496433 0.10925 0.29
v -0.0450556 0.11122 0.29
v -0.04039 0.112998 0.29
v -0.0356545 0.114581 0.29
v -0.0308573 0.115965 0.29
v -0.0260066 0.117148 0.29
v -0.0211109 0.118128 0.29
v -0.0161787 0.118904 0.29
v -0.0112184 0.119475 0.29
v -0.00623657 0.119838 0.289998
v -0.00123408 0.119994 0.289984
v 0.00379713 0.11994 0.289937
v 0.0088747 0.119671 0.289845
v 0.0140092 0.119179 0.289739
v 0.0191004 0.11847 0.289773
v 0.0240924 0.117557 0.289845
v 0.0289955 0.116444 0.289903
v 0.0338256 0.115134 0.289939
v 0.0385885 0.113626 0.289958
v 0.043282 0.111923 0.289967
v 0.0479 0.110025 0.289971
v 0.0524351 0.107938 0.289973
v 0.0568796 0.105663 0.289974
v 0.0612257 0.103206 0.289974
v 0.0654659 0.10057 0.289974
v 0.0695927 0.0977591 0.289974
v 0.0735991 0.0947796 0.289974
v 0.0774781 0.0916359 0.289974
v 0.0812229 0.0883336 0.289974
v 0.0848272 0.0848784 0.289974
v 0.0882846 0.0812763 0.289974
v 0.0915891 0.0775334 0.289974
v 0.0947351 0.0736563 0.289974
v 0.0977171 0.0696517 0.289974
v 0.10053 0.0655266 0.289974
v 0.103169 0.061288 0.289974
v 0.105629 0.0569432 0.289974
v 0.107906 0.0525 0.289974
v 0.109997 0.0479646 0.289973
v 0.111896 0.0433497 0.289978
v 0.113597 0.0386738 0.290009
v 0.115092 0.033967 0.290085
v 0.116377 0.0292653 0.290177
v 0.11746 0.0245578 0.290155
v 0.118361 0.0197653 0.290096
v 0.119073 0.0148895 0.290043
v 0.119586 0.0099551 0.290017
v 0.119585 -0.00997498 0.26
v 0.119585 -0.00997496 0.265
v 0.119585 -0.00997495 0.27
v 0.119585 -0.00997496 0.275
v 0.119585 -0.00997498 0.28
v 0.119585 -0.00997499 0.285
v 0.119582 0.0100031 0.270041
v 0.119583 0.00999138 0.275047
v 0.119585 0.00996843 0.280042
v 0.119587 0.00995389 0.28503
v 0.118342 -0.0198801 0.264998
v 0.117413 -0.0247843 0.264995
v 0.114952 -0.0344377 0.264953
v 0.113431 -0.0391594 0.264911
v 0.111736 -0.0437604 0.264837
v 0.109878 -0.0482363 0.264794
v 0.107832 -0.0526519 0.264863
v 0.105576 -0.0570415 0.264949
v 0.103119 -0.061371 0.265025
v 0.100441 -0.0656626 0.265107
v 0.0975365 -0.0699044 0.26516
v 0.094463 -0.0740051 0.265118
v 0.0912523 -0.0779296 0.26507
v 0.0879051 -0.0816866 0.265037
v 0.0844186 -0.0852848 0.265018
v 0.0807924 -0.0887276 0.265008
v 0.0770294 -0.0920134 0.265004
v 0.0731343 -0.0951387 0.265001
v 0.0691131 -0.0980989 0.265001
v 0.0649724 -0.100889 0.265
v 0.0607192 -0.103505 0.265
v 0.0563651 -0.105939 0.264995
v 0.05193 -0.108182 0.26497
v 0.0474056 -0.110239 0.264946
v 0.0427882 -0.112112 0.264963
v 0.0380832 -0.113797 0.264999
v 0.0333036 -0.115286 0.265022
v 0.0284645 -0.116575 0.265027
v 0.0235791 -0.117661 0.265022
v 0.0186567 -0.118541 0.265014
v 0.0137053 -0.119215 0.265008
v 0.00873211 -0.119682 0.265005
v 0.0037495 -0.119941 0.264998
v -0.00122168 -0.119994 0.264973
v -0.00615542 -0.119842 0.264918
v -0.0110426 -0.119491 0.264854
v -0.0159252 -0.118939 0.264843
v -0.0207326 -0.118195 0.264884
v -0.0255311 -0.117253 0.264923
v -0.0303241 -0.116105 0.26495
v -0.035093 -0.114754 0.264965
v -0.0398184 -0.113201 0.264973
v -0.0444843 -0.11145 0.264977
v -0.0490779 -0.109505 0.264978
v -0.0535888 -0.10737 0.264979
v -0.0580081 -0.105048 0.26498
v -0.0623274 -0.102544 0.26498
v -0.066539 -0.0998627 0.26498
v -0.0706355 -0.0970084 0.26498
v -0.0746097 -0.0939861 0.26498
v -0.0784548 -0.0908011 0.26498
v -0.0821641 -0.0874589 0.26498
v -0.0857311 -0.0839653 0.26498
v -0.0891497 -0.0803264 0.26498
v -0.092414 -0.0765484 0.26498
v -0.0955183 -0.0726378 0.26498
v -0.0984573 -0.0686015 0.26498
v -0.101226 -0.0644465 0.26498
v -0.103819 -0.0601799 0.26498
v -0.106232 -0.055809 0.26498
v -0.108462 -0.0513416 0.26498
v -0.110504 -0.0467853 0.26498
v -0.112354 -0.042148 0.26498
v -0.114011 -0.0374378 0.26498
v -0.115469 -0.0326627 0.26498
v -0.116728 -0.0278311 0.26498
v -0.117785 -0.0229513 0.26498
v -0.118638 -0.0180313 0.264982
v -0.119286 -0.0130734 0.264996
v -0.119729 -0.00806432 0.265038
v -0.119963 -0.00298027 0.265107
v -0.11998 0.00217342 0.265155
v -0.119779 0.00728354 0.265089
v -0.119365 0.0123254 0.265019
v -0.118744 0.0173161 0.265003
v -0.117916 0.0222669 0.265019
v -0.116882 0.0271756 0.265031
v -0.115646 0.0320328 0.265031
v -0.114209 0.0368286 0.265024
v -0.112575 0.0415554 0.265015
v -0.110747 0.0462065 0.265009
v -0.108728 0.0507755 0.265005
v -0.106522 0.0552554 0.265002
v -0.104131 0.059639 0.265001
v -0.10156 0.0639193 0.265
v -0.0988126 0.0680887 0.265
v -0.0958947 0.0721402 0.265
v -0.0928107 0.0760669 0.265
v -0.0895661 0.0798618 0.265
v -0.0861665 0.0835185 0.265
v -0.0826176 0.0870306 0.265
v -0.0789258 0.090392 0.265
v -0.0750973 0.093597 0.265
v -0.0711388 0.0966399 0.265
v -0.0670572 0.0995155 0.265
v -0.0628594 0.102219 0.265
v -0.0585528 0.104745 0.265
v -0.0541449 0.10709 0.265
v -0.0496433 0.10925 0.265
v -0.0450556 0.11122 0.265
v -0.04039 0.112998 0.265
v -0.0356545 0.114581 0.265
v -0.0308573 0.115965 0.265
v -0.0260066 0.117148 0.265
v -0.0211109 0.118128 0.265
v -0.0161787 0.118904 0.265
v -0.0112184 0.119475 0.265
v -0.00624026 0.119838 0.264998
v -0.0012594 0.119993 0.264984
v 0.00370244 0.119943 0.264947
v 0.00862222 0.11969 0.264883
v 0.0134963 0.119239 0.264815
v 0.0183692 0.118586 0.26481
v 0.0231679 0.117742 0.264862
v 0.0279523 0.116699 0.26491
v 0.0327252 0.115451 0.264943
v 0.0374684 0.114001 0.264961
v 0.0421625 0.112349 0.264971
v 0.0467921 0.110501 0.264976
v 0.0513448 0.108461 0.264978
v 0.0558107 0.106232 0.264979
v 0.0601808 0.103818 0.264979
v 0.0644471 0.101225 0.26498
v 0.0686021 0.0984569 0.26498
v 0.0726383 0.095518 0.26498
v 0.0765488 0.0924136 0.26498
v 0.0803268 0.0891493 0.26498
v 0.0839658 0.0857307 0.26498
v 0.0874593 0.0821637 0.26498
v 0.0908015 0.0784544 0.26498
v 0.0939865 0.0746092 0.26498
v 0.0970088 0.070635 0.26498
v 0.0998631 0.0665384 0.26498
v 0.102545 0.0623266 0.26498
v 0.105049 0.058007 0.26498
v 0.107371 0.0535869 0.26498
v 0.109507 0.0490741 0.26498
v 0.111453 0.0444761 0.264984
v 0.11321 0.0397941 0.265001
v 0.114778 0.0350133 0.265046
v 0.116161 0.0301094 0.265114
v 0.117349 0.025084 0.265161
v 0.118315 0.0200373 0.265115
v 0.119058 0.0150107 0.265061
v 0.119069 0.0149213 0.280138
v 0.119074 0.01488 0.285086
v 0.119066 -0.0149406 0.264999
v 0.119066 -0.0149409 0.285
v 0.118342 -0.0198809 0.285
v 0.117412 -0.0247879 0.284997
v 0.116276 -0.0296612 0.284979
v 0.114929 -0.0345169 0.284919
v 0.113349 -0.0393969 0.284781
v 0.111497 -0.0443665 0.284569
v 0.109381 -0.0493532 0.284686
v 0.107142 -0.0540432 0.284842
v 0.104783 -0.0584854 0.285011
v 0.102315 -0.0627021 0.285246
v 0.0997782 -0.0666657 0.285531
v 0.0971549 -0.0704339 0.28539
v 0.0942742 -0.0742454 0.285229
v 0.0911641 -0.0780327 0.285121
v 0.0878653 -0.0817293 0.285059
v 0.0844011 -0.0853021 0.285028
v 0.0807849 -0.0887344 0.285012
v 0.0770262 -0.0920161 0.285005
v 0.073133 -0.0951397 0.285002
v 0.0691125 -0.0980992 0.285001
v 0.0649722 -0.100889 0.285
v 0.0607151 -0.103507 0.284996
v 0.0563347 -0.105955 0.284968
v 0.0518508 -0.10822 0.284924
v 0.0472838 -0.110292 0.28491
v 0.0426548 -0.112163 0.284949
v 0.0379678 -0.113835 0.285
v 0.0332195 -0.11531 0.285029
v 0.0284107 -0.116588 0.285034
v 0.0235478 -0.117667 0.285027
v 0.01864 -0.118544 0.285017
v 0.0136969 -0.119216 0.28501
v 0.00872358 -0.119683 0.285001
v 0.00371319 -0.119942 0.28497
v -0.00135938 -0.119992 0.284871
v -0.00655146 -0.119821 0.284655
v -0.0119744 -0.119401 0.284299
v -0.0172665 -0.118751 0.284515
v -0.0223216 -0.117906 0.284719
v -0.0272417 -0.116867 0.284841
v -0.0320827 -0.115632 0.284905
v -0.0368611 -0.114198 0.284936
v -0.0415759 -0.112567 0.28495
v -0.0462201 -0.110742 0.284957
v -0.0507854 -0.108724 0.284959
v -0.0552635 -0.106517 0.28496
v -0.0596464 -0.104126 0.284961
v -0.0639261 -0.101555 0.284961
v -0.0680953 -0.0988081 0.284961
v -0.0721466 -0.0958899 0.284961
v -0.076073 -0.0928057 0.284961
v -0.0798677 -0.0895609 0.284961
v -0.0835242 -0.086161 0.284961
v -0.087036 -0.0826119 0.284961
v -0.0903972 -0.0789198 0.284961
v -0.0936019 -0.0750911 0.284961
v -0.0966446 -0.0711324 0.284961
v -0.0995199 -0.0670506 0.284961
v -0.102223 -0.0628527 0.284961
v -0.104749 -0.0585459 0.284961
v -0.107094 -0.0541379 0.284961
v -0.109253 -0.0496361 0.284961
v -0.111223 -0.0450483 0.284961
v -0.113001 -0.0403826 0.284961
v -0.114583 -0.035647 0.284961
v -0.115967 -0.0308496 0.284961
v -0.11715 -0.0259983 0.284961
v -0.11813 -0.0211043 0.284962
v -0.118903 -0.0161865 0.284986
v -0.119469 -0.0112776 0.285073
v -0.119827 -0.00643707 0.285267
v -0.119987 -0.0017405 0.285533
v -0.119966 0.00287096 0.285362
v -0.119754 0.00767873 0.28516
v -0.119338 0.0125925 0.285037
v -0.118715 0.0175152 0.285012
v -0.117889 0.0224106 0.28503
v -0.11686 0.0272707 0.285042
v -0.11563 0.0320901 0.28504
v -0.114199 0.0368604 0.285029
v -0.112569 0.0415719 0.285018
v -0.110744 0.0462146 0.28501
v -0.108727 0.0507792 0.285005
v -0.106521 0.055257 0.285003
v -0.10413 0.0596397 0.285001
v -0.101559 0.0639195 0.285
v -0.0988125 0.0680888 0.285
v -0.0958946 0.0721403 0.285
v -0.0928107 0.0760669 0.285
v -0.0895661 0.0798618 0.285
v -0.0861665 0.0835185 0.285
v -0.0826176 0.0870306 0.285
v -0.0789258 0.090392 0.285
v -0.0750973 0.093597 0.285
v -0.0711388 0.0966399 0.285
v -0.0670572 0.0995155 0.285
v -0.0628594 0.102219 0.285
v -0.0585528 0.104745 0.285
v -0.0541449 0.10709 0.285
v -0.0496433 0.10925 0.285
v -0.0450556 0.11122 0.285
v -0.04039 0.112998 0.285
v -0.0356545 0.114581 0.285
v -0.0308573 0.115965 0.285
v -0.0260066 0.117148 0.285
v -0.0211109 0.118128 0.285
v -0.0161787 0.118904 0.285
v -0.0112172 0.119475 0.284999
v -0.00623028 0.119838 0.284989
v -0.00121305 0.119994 0.284949
v 0.00385758 0.119938 0.28484
v 0.00904 0.119659 0.284619
v 0.01445 0.119127 0.28428
v 0.0197259 0.118368 0.284503
v 0.0247633 0.117417 0.284711
v 0.0296625 0.116276 0.284836
v 0.0344785 0.11494 0.284901
v 0.0392273 0.113407 0.284934
v 0.0439078 0.111679 0.284949
v 0.0485135 0.109756 0.284956
v 0.0530361 0.107644 0.284959
v 0.0574674 0.105345 0.28496
v 0.0617996 0.102863 0.284961
v 0.066025 0.100203 0.284961
v 0.0701361 0.09737 0.284961
v 0.0741258 0.0943682 0.284961
v 0.0779872 0.091203 0.284961
v 0.0817136 0.0878799 0.284961
v 0.0852986 0.0844047 0.284961
v 0.0887358 0.0807833 0.284961
v 0.0920195 0.0770221 0.284961
v 0.0951439 0.0731276 0.284961
v 0.0981035 0.0691065 0.284961
v 0.100893 0.0649657 0.284961
v 0.103508 0.0607124 0.284961
v 0.105944 0.0563541 0.284961
v 0.108197 0.0518976 0.28496
v 0.110262 0.0473536 0.284962
v 0.112131 0.04274 0.284987
v 0.113796 0.0380851 0.285077
v 0.115245 0.0334463 0.285272
v 0.116466 0.0289071 0.285539
v 0.117487 0.0244302 0.285389
v 0.118367 0.0197298 0.285218
v 0.0152107 0.119032 0.277967
v 0.0128486 0.11931 0.2741
v 0.0179277 0.118653 0.274087
v 0.119066 -0.0149407 0.274999
v 0.119066 -0.0149406 0.269999
v 0.119066 -0.0149408 0.28
v 0.119054 0.0150374 0.270124
v 0.119057 0.0150132 0.275172
v 0.116282 -0.0296405 0.26498
v 0.111782 -0.0436429 0.26959
v 0.110018 -0.0479161 0.269435
v 0.113442 -0.0391269 0.269774
v 0.108062 -0.0521788 0.269672
v 0.10584 -0.0565491 0.269901
v 0.103409 -0.0608815 0.270076
v 0.100708 -0.0652528 0.270281
v 0.0976831 -0.0696994 0.270451
v 0.0945202 -0.0739319 0.270272
v 0.0912735 -0.0779048 0.270145
v 0.0879128 -0.0816783 0.270072
v 0.0844212 -0.0852822 0.270034
v 0.0807933 -0.0887268 0.270016
v 0.0770296 -0.0920132 0.270007
v 0.0731343 -0.0951387 0.270003
v 0.0691131 -0.0980989 0.270001
v 0.0649723 -0.100889 0.270001
v 0.0607199 -0.103504 0.269997
v 0.0563713 -0.105935 0.269974
v 0.0519335 -0.10818 0.269936
v 0.0474026 -0.110241 0.269929
v 0.0427804 -0.112115 0.269964
v 0.0380742 -0.1138 0.270006
v 0.0332963 -0.115288 0.270031
v 0.0284598 -0.116576 0.270036
v 0.0235765 -0.117661 0.270029
v 0.0186554 -0.118541 0.27002
v 0.0137046 -0.119215 0.270012
v 0.00873262 -0.119682 0.270004
v 0.00375508 -0.119941 0.269979
v -0.00119605 -0.119994 0.269912
v -0.00606128 -0.119847 0.269781
v -0.0107984 -0.119513 0.269605
v -0.0156561 -0.118974 0.269596
v -0.0202873 -0.118273 0.269737
v -0.024993 -0.117368 0.269838
v -0.0297468 -0.116255 0.2699
v -0.0345019 -0.114933 0.269935
v -0.0392255 -0.113408 0.269952
v -0.0438957 -0.111683 0.269961
v -0.0484973 -0.109763 0.269965
v -0.0530184 -0.107652 0.269967
v -0.0574494 -0.105354 0.269967
v -0.0617817 -0.102874 0.269968
v -0.0660074 -0.100215 0.269968
v -0.070119 -0.0973824 0.269968
v -0.0741092 -0.0943813 0.269968
v -0.0779712 -0.0912168 0.269968
v -0.0816982 -0.0878943 0.269968
v -0.0852837 -0.0844197 0.269968
v -0.0887216 -0.080799 0.269968
v -0.0920059 -0.0770384 0.269968
v -0.095131 -0.0731444 0.269968
v -0.0980913 -0.0691237 0.269968
v -0.100882 -0.0649835 0.269968
v -0.103498 -0.0607307 0.269968
v -0.105935 -0.0563728 0.269968
v -0.108188 -0.0519173 0.269968
v -0.110254 -0.0473719 0.269968
v -0.112129 -0.0427445 0.269968
v -0.11381 -0.0380431 0.269968
v -0.115294 -0.0332758 0.269968
v -0.116578 -0.028451 0.269968
v -0.117661 -0.023577 0.269969
v -0.11854 -0.0186614 0.269978
v -0.119215 -0.0137007 0.270018
v -0.119687 -0.00866563 0.270118
v -0.119949 -0.00348914 0.270286
v -0.119985 0.00190147 0.270429
v -0.119785 0.0071777 0.270218
v -0.119369 0.0122905 0.270082
v -0.118745 0.0173099 0.270041
v -0.117915 0.0222706 0.270044
v -0.116881 0.0271808 0.270049
v -0.115645 0.0320365 0.270044
v -0.114208 0.0368308 0.270033
v -0.112575 0.0415565 0.270021
v -0.110747 0.0462071 0.270012
v -0.108728 0.0507757 0.270007
v -0.106521 0.0552555 0.270003
v -0.104131 0.0596391 0.270002
v -0.10156 0.0639193 0.270001
v -0.0988126 0.0680887 0.27
v -0.0958947 0.0721402 0.27
v -0.0928107 0.0760669 0.27
v -0.0895661 0.0798618 0.27
v -0.0861665 0.0835185 0.27
v -0.0826176 0.0870306 0.27
v -0.0789258 0.090392 0.27
v -0.0750973 0.093597 0.27
v -0.0711388 0.0966399 0.27
v -0.0670572 0.0995155 0.27
v -0.0628594 0.102219 0.27
v -0.0585528 0.104745 0.27
v -0.0541449 0.10709 0.27
v -0.0496433 0.10925 0.27
v -0.0450556 0.11122 0.27
v -0.04039 0.112998 0.27
v -0.0356545 0.114581 0.27
v -0.0308573 0.115965 0.27
v -0.0260066 0.117148 0.27
v -0.0211109 0.118128 0.27
v -0.0161787 0.118904 0.27
v -0.0112185 0.119475 0.269999
v -0.00624172 0.119838 0.269989
v -0.00126667 0.119993 0.269955
v 0.00367397 0.119944 0.269873
v 0.00852448 0.119697 0.269731
v 0.0132491 0.119266 0.269553
v 0.0180979 0.118627 0.26955
v 0.0227249 0.117829 0.269712
v 0.0274163 0.116826 0.269823
v 0.0321504 0.115613 0.269892
v 0.0368804 0.114192 0.26993
v 0.0415735 0.112568 0.26995
v 0.0462082 0.110747 0.26996
v 0.0507696 0.108731 0.269964
v 0.0552462 0.106526 0.269966
v 0.0596286 0.104137 0.269967
v 0.0639085 0.101566 0.269968
v 0.0680779 0.09882 0.269968
v 0.0721297 0.0959026 0.269968
v 0.0760566 0.0928191 0.269968
v 0.0798519 0.0895749 0.269968
v 0.083509 0.0861757 0.269968
v 0.0870215 0.0826272 0.269968
v 0.0903833 0.0789358 0.269968
v 0.0935887 0.0751076 0.269968
v 0.0966321 0.0711495 0.269968
v 0.0995081 0.0670681 0.269968
v 0.102212 0.0628707 0.269968
v 0.104739 0.0585644 0.269968
v 0.107084 0.0541567 0.269968
v 0.109244 0.0496556 0.26997
v 0.111215 0.0450679 0.269982
v 0.112999 0.0403889 0.270026
v 0.114601 0.0355882 0.27013
v 0.116033 0.0305985 0.270302
v 0.117294 0.0253382 0.270457
v 0.118299 0.0201356 0.270271
v 0.117413 -0.0247836 0.269985
v 0.116282 -0.0296406 0.269963
v 0.118342 -0.0198798 0.269995
v 0.118351 0.0198264 0.280352
v 0.118342 -0.0198811 0.279998
v 0.117412 -0.0247896 0.279988
v 0.116275 -0.0296676 0.279953
v 0.114923 -0.0345346 0.279846
v 0.113328 -0.0394557 0.279565
v 0.111374 -0.0446739 0.278808
v 0.109 -0.0501899 0.27943
v 0.106726 -0.0548601 0.27979
v 0.10436 -0.0592371 0.280093
v 0.101908 -0.0633615 0.280534
v 0.0995292 -0.0670368 0.281392
v 0.0972044 -0.0703656 0.28072
v 0.0943326 -0.0741712 0.280379
v 0.0911963 -0.0779951 0.28019
v 0.0878801 -0.0817134 0.280091
v 0.0844073 -0.085296 0.280042
v 0.0807874 -0.0887322 0.280019
v 0.0770271 -0.0920153 0.280008
v 0.0731333 -0.0951395 0.280003
v 0.0691126 -0.0980992 0.280001
v 0.0649713 -0.10089 0.28
v 0.0607119 -0.103509 0.27999
v 0.0563434 -0.10595 0.279954
v 0.051879 -0.108206 0.279913
v 0.0473291 -0.110272 0.279913
v 0.0427043 -0.112144 0.279958
v 0.0380094 -0.113821 0.280008
v 0.0332487 -0.115302 0.280035
v 0.0284288 -0.116584 0.28004
v 0.023558 -0.117665 0.280032
v 0.0186452 -0.118543 0.280022
v 0.0136983 -0.119216 0.280012
v 0.00872058 -0.119683 0.279996
v 0.00370672 -0.119943 0.279942
v -0.00136905 -0.119992 0.27978
v -0.00661466 -0.119818 0.279356
v -0.0127437 -0.119321 0.277969
v -0.0182865 -0.118599 0.279228
v -0.0232617 -0.117724 0.279636
v -0.0281161 -0.11666 0.27981
v -0.0329185 -0.115397 0.27989
v -0.0376727 -0.113933 0.279927
v -0.0423695 -0.112271 0.279944
v -0.0469979 -0.110414 0.279951
v -0.0515477 -0.108364 0.279954
v -0.0560097 -0.106127 0.279956
v -0.0603754 -0.103705 0.279956
v -0.0646369 -0.101104 0.279957
v -0.0687866 -0.098328 0.279957
v -0.0728173 -0.0953815 0.279957
v -0.076722 -0.0922699 0.279957
v -0.0804939 -0.0889985 0.279957
v -0.0841264 -0.0855731 0.279957
v -0.0876133 -0.0819994 0.279957
v -0.0909485 -0.0782839 0.279957
v -0.0941263 -0.0744328 0.279957
v -0.0971411 -0.0704529 0.279957
v -0.0999877 -0.066351 0.279957
v -0.102661 -0.0621342 0.279957
v -0.105157 -0.0578098 0.279957
v -0.107471 -0.0533854 0.279957
v -0.109599 -0.0488686 0.279957
v -0.111537 -0.0442672 0.279957
v -0.113282 -0.0395891 0.279957
v -0.11483 -0.0348425 0.279957
v -0.11618 -0.0300355 0.279957
v -0.117329 -0.0251773 0.279957
v -0.118274 -0.0202818 0.279968
v -0.119012 -0.0153683 0.280021
v -0.119542 -0.0104727 0.280182
v -0.119865 -0.00569203 0.280559
v -0.119993 -0.0013072 0.281387
v -0.119968 0.00276176 0.280682
v -0.119763 0.00754345 0.280304
v -0.119348 0.012489 0.280111
v -0.118726 0.0174384 0.280054
v -0.117899 0.0223572 0.280053
v -0.116868 0.0272368 0.280056
v -0.115635 0.0320704 0.280049
v -0.114202 0.0368499 0.280036
v -0.112571 0.0415666 0.280023
v -0.110745 0.0462121 0.280013
v -0.108727 0.0507781 0.280007
v -0.106521 0.0552566 0.280004
v -0.10413 0.0596396 0.280002
v -0.101559 0.0639195 0.280001
v -0.0988125 0.0680888 0.28
v -0.0958946 0.0721403 0.28
v -0.0928107 0.0760669 0.28
v -0.0895661 0.0798618 0.28
v -0.0861665 0.0835185 0.28
v -0.0826176 0.0870306 0.28
v -0.0789258 0.090392 0.28
v -0.0750973 0.093597 0.28
v -0.0711388 0.0966399 0.28
v -0.0670572 0.0995155 0.28
v -0.0628594 0.102219 0.28
v -0.0585528 0.104745 0.28
v -0.0541449 0.10709 0.28
v -0.0496433 0.10925 0.28
v -0.0450556 0.11122 0.28
v -0.04039 0.112998 0.28
v -0.0356545 0.114581 0.28
v -0.0308573 0.115965 0.28
v -0.0260066 0.117148 0.28
v -0.0211109 0.118128 0.28
v -0.0161784 0.118904 0.28
v -0.011216 0.119475 0.279997
v -0.00622791 0.119838 0.279978
v -0.00121132 0.119994 0.279913
v 0.00385851 0.119938 0.279736
v 0.00909187 0.119655 0.279301
v 0.0207376 0.118195 0.279216
v 0.0256965 0.117216 0.279626
v 0.0305304 0.116051 0.279803
v 0.0353079 0.114688 0.279885
v 0.0400324 0.113126 0.279924
v 0.0446947 0.111366 0.279942
v 0.0492841 0.109412 0.27995
v 0.0537906 0.107269 0.279954
v 0.0582052 0.104939 0.279956
v 0.0625197 0.102427 0.279956
v 0.0667262 0.0997377 0.279957
v 0.0708173 0.0968757 0.279957
v 0.0747859 0.093846 0.279957
v 0.078625 0.0906538 0.279957
v 0.082328 0.0873047 0.279957
v 0.0858885 0.0838044 0.279957
v 0.0893002 0.080159 0.279957
v 0.0925574 0.0763749 0.279957
v 0.0956544 0.0724585 0.279957
v 0.0985858 0.0684167 0.279957
v 0.101346 0.0642565 0.279957
v 0.103932 0.059985 0.279957
v 0.106337 0.0556096 0.279957
v 0.108558 0.0511388 0.279957
v 0.110588 0.0465857 0.279969
v 0.112422 0.0419672 0.280026
v 0.114051 0.0373155 0.280191
v 0.115451 0.0327273 0.280572
v 0.11657 0.0284854 0.281406
v 0.117468 0.0245224 0.280728
v 0.118342 -0.0198806 0.274994
v 0.1183 0.0201287 0.275473
v 0.114954 -0.0344324 0.269892
v 0.117245 0.0255644 0.276233
v 0.108387 -0.0515 0.274397
v 0.10623 -0.0558136 0.274818
v 0.103836 -0.0601498 0.275129
v 0.0978191 -0.0695085 0.276228
v 0.0945186 -0.073934 0.275486
v 0.0912632 -0.0779168 0.275225
v 0.0879064 -0.0816851 0.275106
v 0.0844181 -0.0852853 0.275049
v 0.0807918 -0.0887281 0.275022
v 0.077029 -0.0920138 0.27501
v 0.073134 -0.0951389 0.275004
v 0.0691129 -0.098099 0.275002
v 0.0649717 -0.100889 0.275
v 0.0607175 -0.103506 0.274987
v 0.0563617 -0.10594 0.274955
v 0.0519112 -0.108191 0.274925
v 0.0473707 -0.110254 0.274929
v 0.0427461 -0.112128 0.274967
v 0.0380443 -0.11381 0.275007
v 0.0332741 -0.115295 0.275031
v 0.0284454 -0.11658 0.275036
v 0.023568 -0.117663 0.27503
v 0.0186508 -0.118542 0.275021
v 0.0137016 -0.119215 0.275012
v 0.00872802 -0.119682 0.274996
v 0.0037422 -0.119942 0.274946
v -0.00122194 -0.119994 0.274823
v -0.0060468 -0.119848 0.274589
v -0.0103728 -0.119551 0.274104
v -0.01546 -0.119 0.274092
v -0.0196367 -0.118382 0.274529
v -0.0242492 -0.117524 0.274725
v -0.0289895 -0.116446 0.27484
v -0.0337474 -0.115157 0.274901
v -0.0384782 -0.113664 0.274933
v -0.043158 -0.11197 0.274948
v -0.0477711 -0.110081 0.274955
v -0.0523054 -0.108001 0.274958
v -0.0567512 -0.105732 0.27496
v -0.0610997 -0.10328 0.27496
v -0.0653428 -0.100649 0.27496
v -0.0694729 -0.0978443 0.274961
v -0.0734829 -0.0948697 0.274961
v -0.0773657 -0.0917308 0.274961
v -0.0811146 -0.0884331 0.274961
v -0.0847231 -0.0849823 0.274961
v -0.0881849 -0.0813844 0.274961
v -0.091494 -0.0776456 0.274961
v -0.0946448 -0.0737724 0.274961
v -0.0976317 -0.0697715 0.274961
v -0.10045 -0.0656497 0.274961
v -0.103093 -0.0614144 0.274961
v -0.105559 -0.0570727 0.274961
v -0.107842 -0.0526322 0.274961
v -0.109938 -0.0481006 0.274961
v -0.111844 -0.0434857 0.274961
v -0.113556 -0.0387955 0.274961
v -0.115071 -0.0340382 0.274961
v -0.116388 -0.029222 0.274961
v -0.117502 -0.0243563 0.274963
v -0.118413 -0.0194502 0.274981
v -0.11912 -0.0145052 0.275047
v -0.119624 -0.00949742 0.275216
v -0.119923 -0.00431277 0.275558
v -0.119988 0.0016774 0.276193
v -0.119784 0.00720071 0.275434
v -0.119364 0.0123392 0.275166
v -0.118739 0.0173544 0.275079
v -0.117909 0.0223052 0.275061
v -0.116876 0.0272046 0.275056
v -0.115641 0.0320513 0.275047
v -0.114205 0.0368391 0.275035
v -0.112573 0.0415609 0.275023
v -0.110746 0.0462092 0.275014
v -0.108728 0.0507767 0.275008
v -0.106521 0.055256 0.275004
v -0.104131 0.0596393 0.275002
v -0.101559 0.0639194 0.275001
v -0.0988126 0.0680888 0.275
v -0.0958947 0.0721403 0.275
v -0.0928107 0.0760669 0.275
v -0.0895661 0.0798618 0.275
v -0.0861665 0.0835185 0.275
v -0.0826176 0.0870306 0.275
v -0.0789258 0.090392 0.275
v -0.0750973 0.093597 0.275
v -0.0711388 0.0966399 0.275
v -0.0670572 0.0995155 0.275
v -0.0628594 0.102219 0.275
v -0.0585528 0.104745 0.275
v -0.0541449 0.10709 0.275
v -0.0496433 0.10925 0.275
v -0.0450556 0.11122 0.275
v -0.04039 0.112998 0.275
v -0.0356545 0.114581 0.275
v -0.0308573 0.115965 0.275
v -0.0260066 0.117148 0.275
v -0.0211109 0.118128 0.275
v -0.0161785 0.118904 0.275
v -0.0112174 0.119475 0.274996
v -0.00623713 0.119838 0.274976
v -0.00125229 0.119993 0.274916
v 0.00370271 0.119943 0.274779
v 0.008513 0.119698 0.274533
v 0.0220854 0.11795 0.274516
v 0.0266789 0.116997 0.274714
v 0.0313982 0.11582 0.274832
v 0.0361309 0.114432 0.274897
v 0.0408316 0.11284 0.27493
v 0.0454765 0.111049 0.274946
v 0.05005 0.109064 0.274954
v 0.0545405 0.106889 0.274958
v 0.0589384 0.104529 0.274959
v 0.063235 0.101987 0.27496
v 0.0674225 0.0992684 0.27496
v 0.0714934 0.0963779 0.274961
v 0.0754407 0.0933204 0.274961
v 0.0792573 0.0901015 0.274961
v 0.0829368 0.0867265 0.274961
v 0.0864727 0.0832014 0.274961
v 0.0898589 0.0795322 0.274961
v 0.0930895 0.0757254 0.274961
v 0.096159 0.0717875 0.274961
v 0.099062 0.0677253 0.274961
v 0.101794 0.0635458 0.274961
v 0.104349 0.0592563 0.274961
v 0.106724 0.0548644 0.274961
v 0.108913 0.0503786 0.274964
v 0.110913 0.0458075 0.274984
v 0.112724 0.0411507 0.275055
v 0.114351 0.0363843 0.275231
v 0.115819 0.0313987 0.275591
v 0.116278 -0.0296547 0.274936
v 0.114942 -0.0344719 0.274844
v 0.117412 -0.0247879 0.274976
v 0.1102 -0.047497 0.273566
v 0.101158 -0.0645533 0.27555
v 0.113412 -0.0392126 0.274628
v 0.111752 -0.0437209 0.274242
v 0.0163806 0.0371752 0.3
v 0.0198781 0.0378614 0.3
v 0.0166338 0.0336275 0.3
v -0.00338772 -0.0125821 0.3
v 0.0133363 0.0328903 0.3
v 0.0196759 0.031579 0.3
v -0.0181526 0.00323681 0.3
v -0.0103609 -0.00539873 0.3
v 0.114255 -0.00454133 0.3
v 0.114152 -0.00961003 0.3
v 0.113732 -0.0144983 0.3
v 0.113068 -0.0193278 0.3
v 0.11218 -0.0241212 0.3
v 0.111074 -0.0288743 0.3
v 0.109765 -0.0335889 0.3
v 0.108254 -0.0382575 0.3
v 0.106549 -0.042873 0.3
v 0.104649 -0.0474174 0.3
v 0.102558 -0.0518831 0.3
v 0.10028 -0.0562655 0.3
v 0.097819 -0.0605585 0.3
v 0.0951773 -0.0647512 0.3
v 0.09236 -0.0688343 0.3
v 0.0893737 -0.0727986 0.3
v 0.0862429 -0.0766344 0.3
v 0.0829528 -0.0803747 0.3
v 0.0383202 0.00668982 0.3
v 0.0330083 0.00545716 0.3
v 0.0353232 -0.00396107 0.3
v 0.0362311 -0.00706013 0.3
v 0.0311564 -0.00460052 0.3
v 0.0658729 -0.0956021 0.3
v 0.0622615 -0.0983818 0.3
v 0.0592649 -0.100679 0.3
v 0.0551122 -0.102464 0.3
v 0.0504526 -0.103176 0.3
v 0.0456791 -0.105717 0.3
v 0.0410573 -0.107698 0.3
v 0.0364117 -0.109396 0.3
v 0.0317061 -0.110866 0.3
v 0.0269405 -0.112138 0.3
v 0.0221195 -0.113207 0.3
v 0.0172524 -0.114073 0.3
v 0.0123463 -0.114736 0.3
v 0.0074099 -0.115197 0.3
v 0.00245489 -0.115451 0.3
v -0.002508 -0.115498 0.3
v -0.00747088 -0.11534 0.3
v -0.0124264 -0.114976 0.3
v -0.0173673 -0.114405 0.3
v -0.0222803 -0.113633 0.3
v -0.0271637 -0.112648 0.3
v -0.0320169 -0.11144 0.3
v -0.0367919 -0.110065 0.3
v -0.0413577 -0.108653 0.3
v -0.0455615 -0.107322 0.3
v -0.0490363 -0.106344 0.3
v -0.0526423 -0.104366 0.3
v -0.0637821 -0.0949686 0.3
v -0.0679923 -0.0922211 0.3
v -0.0719248 -0.0893126 0.3
v -0.0756769 -0.086207 0.3
v -0.0792955 -0.0829366 0.3
v -0.0827696 -0.0795008 0.3
v -0.0861053 -0.0759113 0.3
v -0.0892981 -0.0721716 0.3
v -0.0923438 -0.0682906 0.3
v -0.0952262 -0.0642805 0.3
v -0.0979386 -0.0601536 0.3
v -0.100479 -0.055917 0.3
v -0.102845 -0.0515729 0.3
v -0.10503 -0.0471277 0.3
v -0.107029 -0.0425914 0.3
v -0.108839 -0.0379746 0.3
v -0.110463 -0.0333027 0.3
v -0.111924 -0.028546 0.3
v 0.0409103 0.00997686 0.3
v 0.0382939 0.012414 0.3
v 0.0358672 -0.0102253 0.3
v 0.0298827 -0.00797199 0.3
v -0.115934 -0.00602057 0.3
v -0.116405 -0.00147863 0.3
v -0.116799 0.00229067 0.3
v -0.116153 0.00677528 0.3
v -0.114323 0.0111469 0.3
v -0.113971 0.0165274 0.3
v -0.113235 0.021491 0.3
v -0.112249 0.0263279 0.3
v -0.111038 0.0310977 0.3
v -0.109628 0.0358144 0.3
v -0.108014 0.0404726 0.3
v -0.106203 0.0450679 0.3
v -0.1042 0.0495936 0.3
v -0.102006 0.054039 0.3
v -0.0996265 0.0583937 0.3
v -0.0970665 0.0626489 0.3
v -0.09433 0.0667977 0.3
v -0.0914215 0.0708323 0.3
v -0.0883456 0.0747444 0.3
v -0.0851144 0.0785256 0.3
v -0.0817176 0.0821698 0.3
v -0.0781451 0.0856725 0.3
v -0.0744679 0.0890208 0.3
v -0.0708708 0.0921699 0.3
v -0.0675363 0.0950499 0.3
v -0.0648875 0.0974936 0.3
v -0.0613195 0.0995275 0.3
v -0.0474858 0.104081 0.3
v -0.0429412 0.106227 0.3
v -0.0384024 0.108053 0.3
v -0.0337877 0.109624 0.3
v -0.0291024 0.110993 0.3
v -0.0243544 0.112152 0.3
v -0.0195508 0.113113 0.3
v -0.0146948 0.113873 0.3
v -0.00979496 0.114434 0.3
v -0.00487013 0.114788 0.3
v 6.43283e-05 0.114937 0.3
v 0.0050017 0.114881 0.3
v 0.00993874 0.114621 0.3
v 0.0148679 0.114154 0.3
v 0.0197784 0.113481 0.3
v 0.0246592 0.112604 0.3
v 0.0294905 0.111541 0.3
v 0.0343083 0.110293 0.3
v 0.017043 0.00863454 0.3
v -0.0294694 0.0282615 0.3
v -0.0276701 0.0309667 0.3
v 0.0556029 0.101908 0.3
v 0.0597179 0.0999306 0.3
v 0.0631343 0.0982917 0.3
v 0.0666156 0.0953928 0.3
v 0.0693799 0.0915451 0.3
v 0.0737767 0.088429 0.3
v 0.077616 0.0852042 0.3
v 0.0812166 0.0818338 0.3
v 0.0846451 0.0783071 0.3
v 0.0879243 0.0746334 0.3
v 0.0910494 0.0708155 0.3
v 0.0940187 0.0668623 0.3
v 0.0968273 0.0627815 0.3
v 0.0994669 0.0585811 0.3
v 0.101931 0.0542714 0.3
v 0.104215 0.0498613 0.3
v 0.106315 0.045358 0.3
v 0.108228 0.0407715 0.3
v 0.109946 0.0360978 0.3
v 0.111461 0.0313409 0.3
v 0.112801 0.026572 0.3
v 0.114011 0.0219501 0.3
v 0.115109 0.0176467 0.3
v 0.116123 0.0141251 0.3
v 0.116318 0.0099551 0.3
v 0.108838 -0.00478108 0.3
v 0.108898 -0.00941155 0.3
v 0.107935 -0.018734 0.3
v 0.107095 -0.0233988 0.3
v 0.10601 -0.0280222 0.3
v 0.104729 -0.0326249 0.3
v 0.103245 -0.0371903 0.3
v 0.101575 -0.0417245 0.3
v 0.0997019 -0.0461863 0.3
v 0.0976371 -0.0505769 0.3
v 0.0953878 -0.0548991 0.3
v 0.0929542 -0.0591436 0.3
v 0.090337 -0.0632923 0.3
v 0.0875422 -0.0673359 0.3
v 0.0845794 -0.071265 0.3
v 0.0814654 -0.0750801 0.3
v 0.0781631 -0.0788279 0.3
v 0.0744334 -0.0826787 0.3
v 0.0700754 -0.0866828 0.3
v 0.0662055 -0.0901057 0.3
v 0.0626983 -0.0931938 0.3
v 0.0593671 -0.0960583 0.3
v 0.0564235 -0.0990578 0.3
v 0.0481593 -0.0991369 0.3
v 0.0437799 -0.101399 0.3
v 0.0393288 -0.103305 0.3
v 0.0348009 -0.104977 0.3
v 0.0301831 -0.106411 0.3
v 0.0254991 -0.107672 0.3
v 0.0207481 -0.10872 0.3
v 0.0159422 -0.109572 0.3
v 0.011091 -0.110221 0.3
v 0.00620336 -0.110675 0.3
v 0.0012957 -0.110921 0.3
v -0.00362327 -0.110964 0.3
v -0.00854671 -0.110803 0.3
v -0.0134698 -0.110437 0.3
v -0.0183849 -0.109867 0.3
v -0.023282 -0.109089 0.3
v -0.0281591 -0.10809 0.3
v -0.0329835 -0.106911 0.3
v -0.0376361 -0.105698 0.3
v -0.0419384 -0.104632 0.3
v -0.045909 -0.103702 0.3
v -0.0496616 -0.103389 0.3
v -0.0252764 0.0323485 0.3
v -0.0231476 0.0284224 0.3
v -0.0650668 -0.0878453 0.3
v -0.0688481 -0.0851554 0.3
v -0.0571406 -0.0921121 0.3
v -0.0611852 -0.090227 0.3
v -0.0724638 -0.0821487 0.3
v -0.0760072 -0.0789938 0.3
v -0.0793873 -0.0756373 0.3
v -0.0826505 -0.0721245 0.3
v -0.0857765 -0.0684521 0.3
v -0.0887756 -0.0646326 0.3
v -0.0916065 -0.0606812 0.3
v -0.0942729 -0.056612 0.3
v -0.0967795 -0.0524273 0.3
v -0.0991182 -0.0481288 0.3
v -0.101275 -0.0437276 0.3
v -0.103247 -0.039235 0.3
v -0.105035 -0.0346617 0.3
v -0.106647 -0.0300218 0.3
v -0.108104 -0.0252583 0.3
v -0.109425 -0.0200759 0.3
v -0.110547 -0.0142708 0.3
v -0.111427 -0.00917654 0.3
v -0.112212 -0.00456237 0.3
v -0.112901 -0.000213698 0.3
v -0.11393 0.00388374 0.3
v -0.109689 0.0110236 0.3
v -0.109283 0.0159338 0.3
v -0.108572 0.0207129 0.3
v -0.107628 0.0254304 0.3
v -0.106436 0.0300953 0.3
v -0.105061 0.0347249 0.3
v -0.103469 0.039303 0.3
v -0.10168 0.0438311 0.3
v -0.0996989 0.048302 0.3
v -0.0975229 0.0526994 0.3
v -0.0951604 0.0570129 0.3
v -0.0926161 0.0612331 0.3
v -0.0898942 0.0653542 0.3
v -0.0869986 0.0693655 0.3
v -0.0839365 0.073258 0.3
v -0.080709 0.0770226 0.3
v -0.0773029 0.080655 0.3
v -0.073768 0.0841473 0.3
v -0.0702927 0.087475 0.3
v -0.0671322 0.0905783 0.3
v -0.0642671 0.0934654 0.3
v -0.0620449 0.0964857 0.3
v -0.0407484 0.101443 0.3
v -0.0364733 0.103257 0.3
v -0.0485279 0.0969389 0.3
v -0.0448086 0.0993875 0.3
v -0.0320081 0.104766 0.3
v -0.0274541 0.10613 0.3
v -0.0228189 0.10725 0.3
v -0.0181192 0.10819 0.3
v -0.0133573 0.108928 0.3
v -0.00853727 0.10948 0.3
v -0.0036926 0.10982 0.3
v 0.00116382 0.109958 0.3
v 0.00603344 0.1099 0.3
v 0.0109131 0.109641 0.3
v 0.0157876 0.109174 0.3
v 0.0206455 0.108501 0.3
v 0.0254778 0.107629 0.3
v 0.0302768 0.106573 0.3
v 0.0351019 0.105319 0.3
v 0.0402155 0.103728 0.3
v 0.0457555 0.101639 0.3
v 0.0505585 0.0997188 0.3
v 0.0549 0.0979711 0.3
v 0.0589634 0.0962823 0.3
v 0.0629898 0.0950145 0.3
v 0.0668466 0.0876647 0.3
v 0.0708102 0.0847523 0.3
v 0.0745008 0.081649 0.3
v 0.0780188 0.0783814 0.3
v 0.0813691 0.0749297 0.3
v 0.0845922 0.0713274 0.3
v 0.0876647 0.0675644 0.3
v 0.0905938 0.0636578 0.3
v 0.0933728 0.0596169 0.3
v 0.0959848 0.0554519 0.3
v 0.0984238 0.0511764 0.3
v 0.100685 0.0468 0.3
v 0.102767 0.0423289 0.3
v 0.104662 0.0377646 0.3
v 0.106365 0.0331033 0.3
v 0.107897 0.028398 0.3
v 0.109326 0.0238086 0.3
v 0.110708 0.0195445 0.3
v 0.112052 0.0155714 0.3
v 0.113845 0.0120622 0.3
v 0.108538 -0.0140647 0.3
v 0.108216 -0.000248752 0.3
v -0.0161059 -0.00741867 0.3
v -0.0137808 0.0328381 0.3
v -0.0110413 0.0335909 0.3
v -0.0106576 0.0292736 0.3
v -0.00441926 -0.0385714 0.3
v -0.00697491 -0.0390987 0.3
v -0.00488502 -0.0360312 0.3
v 0.110452 0.00467694 0.3
v 0.106791 0.00378848 0.3
v -0.0542421 -0.0966444 0.3
v -0.0531315 -0.0930651 0.3
v -0.0539013 0.0968559 0.3
v -0.0514354 0.0940378 0.3
v 0.101032 -0.0270645 0.3
v 0.0997986 -0.0315374 0.3
v 0.102057 -0.0225823 0.3
v 0.0983371 -0.035958 0.3
v 0.0967327 -0.0404122 0.3
v 0.0948844 -0.0447557 0.3
v 0.0928523 -0.0490429 0.3
v 0.0906467 -0.0532886 0.3
v 0.0882566 -0.0574719 0.3
v 0.0856761 -0.0615536 0.3
v 0.0829164 -0.0655378 0.3
v 0.0799866 -0.0694149 0.3
v 0.0768902 -0.0731946 0.3
v 0.073587 -0.0769026 0.3
v 0.0699931 -0.0806102 0.3
v 0.0662289 -0.0842663 0.3
v 0.0627541 -0.0876297 0.3
v 0.0596828 -0.0906707 0.3
v 0.0562626 -0.093451 0.3
v 0.0524006 -0.0967972 0.3
v 0.0375535 -0.0988674 0.3
v 0.0331974 -0.100522 0.3
v 0.0458412 -0.0949109 0.3
v 0.0417663 -0.0969985 0.3
v 0.0286828 -0.101864 0.3
v 0.0241174 -0.103141 0.3
v 0.0194573 -0.104149 0.3
v 0.0147369 -0.104985 0.3
v 0.00996622 -0.105613 0.3
v 0.00515185 -0.106063 0.3
v 0.000317816 -0.106295 0.3
v -0.00453255 -0.106331 0.3
v -0.00939777 -0.106171 0.3
v -0.0142725 -0.105805 0.3
v -0.0191518 -0.105233 0.3
v -0.0240252 -0.10445 0.3
v -0.0288713 -0.103476 0.3
v -0.0336113 -0.102426 0.3
v -0.0380904 -0.101486 0.3
v -0.0420985 -0.100807 0.3
v -0.046105 -0.0998848 0.3
v -0.0509181 -0.0993329 0.3
v -0.049293 -0.0945475 0.3
v -0.0621496 -0.0836111 0.3
v -0.0657749 -0.0810883 0.3
v -0.0759651 -0.071897 0.3
v -0.0791529 -0.0684884 0.3
v -0.0584713 -0.0857624 0.3
v -0.104963 0.00622302 0.3
v -0.10992 0.00618843 0.3
v -0.104888 0.0108075 0.3
v -0.0726797 -0.0751464 0.3
v -0.0821729 -0.0649025 0.3
v -0.0851323 -0.0611706 0.3
v -0.087881 -0.0572984 0.3
v -0.0904862 -0.053306 0.3
v -0.0929577 -0.0491892 0.3
v -0.0952657 -0.0449529 0.3
v -0.0973775 -0.0406177 0.3
v -0.099309 -0.0361907 0.3
v -0.10107 -0.031677 0.3
v -0.102659 -0.0270773 0.3
v -0.104078 -0.0223393 0.3
v -0.105344 -0.0173502 0.3
v -0.106476 -0.0122366 0.3
v -0.107508 -0.00751738 0.3
v -0.108479 -0.00330376 0.3
v -0.109041 0.00107345 0.3
v -0.103841 0.0199444 0.3
v -0.102979 0.0245072 0.3
v -0.104441 0.0153643 0.3
v -0.10177 0.0290241 0.3
v -0.10047 0.0335476 0.3
v -0.0988955 0.038014 0.3
v -0.0971418 0.0424492 0.3
v -0.0951979 0.0468446 0.3
v -0.0930483 0.0511689 0.3
v -0.0907131 0.0554201 0.3
v -0.0881943 0.0595859 0.3
v -0.0854983 0.0636653 0.3
v -0.0826254 0.0676402 0.3
v -0.0795805 0.0715015 0.3
v -0.0763617 0.0752438 0.3
v -0.0729923 0.0788621 0.3
v -0.0696107 0.0823496 0.3
v -0.066461 0.085671 0.3
v -0.0637864 0.0887242 0.3
v -0.0609108 0.0916452 0.3
v -0.0579292 0.0954386 0.3
v -0.0547025 0.0915596 0.3
v -0.0386745 0.0967406 0.3
v -0.0346187 0.0985118 0.3
v -0.0213976 0.102379 0.3
v -0.0168244 0.103313 0.3
v -0.0424335 0.0947361 0.3
v 0.0602938 0.0861484 0.3
v 0.0628539 0.0903921 0.3
v 0.0641458 0.0836934 0.3
v -0.0258998 0.101284 0.3
v -0.0121922 0.104008 0.3
v -0.00747408 0.104568 0.3
v -0.00274537 0.104877 0.3
v 0.00200457 0.104998 0.3
v 0.00678789 0.104944 0.3
v 0.0115928 0.104695 0.3
v 0.0163833 0.104225 0.3
v 0.0211616 0.103554 0.3
v 0.025928 0.10269 0.3
v 0.0306837 0.101635 0.3
v 0.0354744 0.10036 0.3
v 0.0404034 0.0988195 0.3
v 0.045364 0.0970997 0.3
v 0.049928 0.0955055 0.3
v 0.0540253 0.0941286 0.3
v 0.0580453 0.0923184 0.3
v 0.0713538 0.0780361 0.3
v 0.0747773 0.0749199 0.3
v 0.0677798 0.0809368 0.3
v 0.078002 0.0715441 0.3
v 0.0811696 0.068048 0.3
v 0.0841641 0.0643498 0.3
v 0.0870407 0.0605081 0.3
v 0.0897834 0.0565274 0.3
v 0.092352 0.0524171 0.3
v 0.0947521 0.0481972 0.3
v 0.0969773 0.0438763 0.3
v 0.0990327 0.0394541 0.3
v 0.100907 0.0349276 0.3
v 0.102617 0.0303219 0.3
v 0.104225 0.0257488 0.3
v 0.105807 0.0214129 0.3
v 0.10737 0.0175512 0.3
v 0.108755 0.013524 0.3
v 0.110966 0.00895316 0.3
v 0.105919 0.00798618 0.3
v 0.103734 -0.00915436 0.3
v 0.103498 -0.0136017 0.3
v 0.103015 -0.000629803 0.3
v 0.103591 -0.00481505 0.3
v 0.102862 -0.0180887 0.3
v 0.0497699 -0.0926145 0.3
v -0.069261 -0.0781938 0.3
v -0.054767 -0.0874704 0.3
v -0.0303099 0.0999761 0.3
v -0.0458251 0.0924861 0.3
v -0.0452886 -0.0958409 0.3
v -0.0578941 0.0888409 0.3
v 0.104758 0.012216 0.3
v -0.0510429 -0.088801 0.3
v -0.104773 0.0016371 0.3
v -0.0489046 0.0900273 0.3
v 0.056301 0.0883829 0.3
v 0.0535496 -0.0900906 0.3
v 0.10208 0.00340784 0.3
v 0.0474123 -0.0882733 0.3
v 0.0436572 -0.0905518 0.3
v 0.0935176 -0.0346129 0.3
v 0.0919618 -0.0389138 0.3
v 0.0901581 -0.0431249 0.3
v 0.0860303 -0.0514302 0.3
v 0.0837082 -0.0555514 0.3
v 0.0811745 -0.0595239 0.3
v 0.078467 -0.0634261 0.3
v 0.0755859 -0.0672218 0.3
v 0.0725353 -0.0709509 0.3
v 0.0693033 -0.0745854 0.3
v 0.0659102 -0.0781721 0.3
v 0.0625075 -0.0816925 0.3
v 0.0593695 -0.0850563 0.3
v 0.0571768 -0.0879736 0.3
v -0.0660669 -0.0743351 0.3
v -0.0693527 -0.0713857 0.3
v 0.0357502 -0.0943477 0.3
v 0.0315668 -0.0959629 0.3
v 0.0182402 -0.0994698 0.3
v 0.013637 -0.100313 0.3
v 0.0397609 -0.0925077 0.3
v 0.022767 -0.0984694 0.3
v 0.00898071 -0.100889 0.3
v 0.00426125 -0.101365 0.3
v -0.000463044 -0.101559 0.3
v -0.00521753 -0.101592 0.3
v -0.0100015 -0.101441 0.3
v -0.014804 -0.101075 0.3
v -0.0196276 -0.100505 0.3
v -0.0244535 -0.0997397 0.3
v -0.0292322 -0.0988529 0.3
v -0.0338696 -0.0980026 0.3
v -0.0382173 -0.0973725 0.3
v -0.0416207 -0.097376 0.3
v -0.0472727 -0.0901681 0.3
v -0.059212 -0.0794792 0.3
v -0.0626903 -0.0770797 0.3
v -0.0328246 0.0937863 0.3
v -0.0286982 0.0952647 0.3
v -0.0755606 -0.0649431 0.3
v -0.0785298 -0.0614931 0.3
v -0.100018 0.00593989 0.3
v -0.0999963 0.0103825 0.3
v -0.0521807 -0.0830577 0.3
v -0.055701 -0.0814628 0.3
v -0.0813448 -0.0578686 0.3
v -0.0840212 -0.0541088 0.3
v -0.0889953 -0.0461942 0.3
v -0.0912799 -0.0420363 0.3
v -0.0933102 -0.0377967 0.3
v -0.0951848 -0.0334611 0.3
v -0.096919 -0.0290265 0.3
v -0.0984846 -0.0244959 0.3
v -0.0998722 -0.0198626 0.3
v -0.101136 -0.0151148 0.3
v -0.102338 -0.010387 0.3
v -0.10354 -0.00597022 0.3
v -0.104871 -0.00257248 0.3
v -0.0244119 0.0964722 0.3
v -0.0990446 0.0191473 0.3
v -0.0982314 0.0235432 0.3
v -0.0995898 0.0147498 0.3
v -0.0925791 0.040912 0.3
v -0.090703 0.0452163 0.3
v -0.0957739 0.0322641 0.3
v -0.0942721 0.0365973 0.3
v -0.0885792 0.0494288 0.3
v -0.0862884 0.0535934 0.3
v -0.0838081 0.0576758 0.3
v -0.0811566 0.0617007 0.3
v -0.0783177 0.0656184 0.3
v -0.0753017 0.0694353 0.3
v -0.0721208 0.0731489 0.3
v -0.0688569 0.0767547 0.3
v -0.0656999 0.0802591 0.3
v -0.0628884 0.0836305 0.3
v -0.0611147 0.086527 0.3
v -0.0520346 0.0875471 0.3
v -0.036702 0.0920693 0.3
v 0.0714253 0.0713815 0.3
v 0.0745918 0.0681794 0.3
v -0.0156444 0.098408 0.3
v -0.0111547 0.0991359 0.3
v 0.0574804 0.0820792 0.3
v 0.0612254 0.07975 0.3
v -0.0434325 0.0879721 0.3
v -0.0402331 0.090122 0.3
v -0.00660017 0.0996173 0.3
v -0.0020124 0.0999218 0.3
v 0.00727091 0.0999883 0.3
v 0.0119895 0.0997707 0.3
v 0.0166493 0.0992832 0.3
v 0.0213152 0.0986131 0.3
v 0.0259955 0.0977663 0.3
v 0.030686 0.0967279 0.3
v 0.0353814 0.0954776 0.3
v 0.0401125 0.0940567 0.3
v 0.0447825 0.092598 0.3
v 0.0491803 0.09131 0.3
v 0.0527686 0.0906708 0.3
v 0.0681422 0.074387 0.3
v 0.0647067 0.0771401 0.3
v 0.0833429 0.057413 0.3
v 0.0860554 0.0535236 0.3
v 0.0775858 0.0647236 0.3
v 0.0805297 0.0611592 0.3
v 0.088549 0.049488 0.3
v 0.0908976 0.0453513 0.3
v 0.0930684 0.0411131 0.3
v 0.0950985 0.0367644 0.3
v 0.096956 0.0323138 0.3
v 0.0987002 0.0278142 0.3
v 0.100423 0.0233985 0.3
v 0.102217 0.0192827 0.3
v 0.10406 0.0162426 0.3
v 0.101111 0.00750665 0.3
v 0.0986444 -0.00885339 0.3
v 0.0984682 -0.0131044 0.3
v 0.0978682 -0.0174152 0.3
v 0.0984905 -0.00471525 0.3
v 0.0271902 -0.0972493 0.3
v 0.0881635 -0.0472667 0.3
v 0.0970548 -0.0217212 0.3
v 0.0961079 -0.0260354 0.3
v -0.097062 0.0279055 0.3
v 0.0948842 -0.0303185 0.3
v -0.07249 -0.0682278 0.3
v -0.0865425 -0.0502214 0.3
v -0.0200575 0.0974926 0.3
v 0.00259217 0.100015 0.3
v 0.0979908 -0.000726111 0.3
v -0.043244 -0.0916108 0.3
v -0.0553594 0.0848831 0.3
v 0.097267 0.00315557 0.3
v 0.0999899 0.0118299 0.3
v -0.0486578 -0.0844498 0.3
v -0.0998615 0.0013038 0.3
v 0.0512638 -0.0857422 0.3
v 0.0534669 0.0843773 0.3
v -0.0464526 0.0857173 0.3
v 0.0767988 -0.0572287 0.3
v 0.0741692 -0.0610472 0.3
v 0.0872235 -0.0372739 0.3
v 0.0855063 -0.0413587 0.3
v 0.0814961 -0.0493738 0.3
v 0.0792441 -0.0533408 0.3
v 0.0713558 -0.0647034 0.3
v 0.0683942 -0.0684018 0.3
v 0.0652758 -0.0719255 0.3
v 0.0620612 -0.0754193 0.3
v 0.0588569 -0.0789161 0.3
v 0.055755 -0.0827584 0.3
v -0.0825451 -0.0473021 0.3
v -0.0849228 -0.0433918 0.3
v 0.03393 -0.0897823 0.3
v 0.029917 -0.0913397 0.3
v 0.0126117 -0.0955004 0.3
v 0.00809178 -0.0961333 0.3
v -0.0934013 0.0225418 0.3
v -0.0923589 0.0267545 0.3
v -0.0947266 0.014101 0.3
v -0.0941961 0.0183178 0.3
v 0.0256995 -0.0925839 0.3
v 0.0214404 -0.0937726 0.3
v -0.0425207 0.00335535 0.3
v -0.0432231 0.00646866 0.3
v -0.0384045 0.00397302 0.3
v 0.0170575 -0.0946914 0.3
v -0.00569214 -0.096756 0.3
v -0.0103786 -0.0966442 0.3
v 0.00352641 -0.0965201 0.3
v -0.00105618 -0.0966982 0.3
v -0.0150724 -0.0962697 0.3
v -0.0198155 -0.0957219 0.3
v -0.0245598 -0.0950093 0.3
v -0.0292491 -0.0942473 0.3
v -0.0338404 -0.0936099 0.3
v -0.0384919 -0.0933848 0.3
v -0.0420918 0.00931088 0.3
v -0.0371335 0.00739359 0.3
v -0.0310778 0.0890731 0.3
v -0.0271179 0.0905211 0.3
v -0.0494878 0.083494 0.3
v -0.0562467 -0.0753786 0.3
v -0.0596175 -0.0731403 0.3
v -0.0628448 -0.0704709 0.3
v -0.077471 -0.0546945 0.3
v -0.0800692 -0.0510728 0.3
v -0.0841035 0.0474886 0.3
v -0.0818973 0.0515607 0.3
v -0.0659621 -0.0676132 0.3
v -0.0690193 -0.0646485 0.3
v -0.0114629 -0.0260156 0.3
v -0.0747536 -0.0581601 0.3
v -0.0528199 -0.0772146 0.3
v -0.0870825 -0.0393615 0.3
v -0.0890707 -0.0352313 0.3
v -0.0926041 -0.0266789 0.3
v -0.0941607 -0.0222488 0.3
v -0.0955031 -0.0177777 0.3
v -0.096772 -0.0132386 0.3
v -0.0980547 -0.00868697 0.3
v -0.0996735 -0.0040809 0.3
v -0.032832 0.0298854 0.3
v -0.0318083 0.0326298 0.3
v -0.0229834 0.091666 0.3
v -0.0719202 -0.0614653 0.3
v -0.0950179 0.00990443 0.3
v -0.0879732 0.0392562 0.3
v -0.0861454 0.0433944 0.3
v -0.02972 0.0343576 0.3
v 0.0616086 0.0733592 0.3
v 0.0648915 0.0707378 0.3
v -0.0794544 0.0555078 0.3
v -0.0768854 0.0594896 0.3
v -0.0740871 0.0633165 0.3
v -0.0711228 0.0670741 0.3
v -0.0680233 0.0707551 0.3
v -0.0649059 0.0743503 0.3
v -0.0619581 0.077929 0.3
v -0.0593432 0.0817742 0.3
v 0.039819 -0.0102281 0.3
v 0.0399924 -0.0132149 0.3
v -0.0145469 0.0935145 0.3
v -0.0102367 0.0942177 0.3
v 0.0582271 0.0757667 0.3
v 0.0963917 0.00703612 0.3
v -0.034772 0.0873811 0.3
v 0.0680026 0.0677977 0.3
v 0.0710724 0.0647533 0.3
v -0.00585626 0.0946462 0.3
v -0.00142571 0.0949831 0.3
v 0.0845757 0.0466601 0.3
v 0.0868842 0.0426406 0.3
v -0.0187879 0.0926325 0.3
v -0.00664952 -0.0185302 0.3
v -0.0381345 0.0854325 0.3
v 0.00754637 0.0950209 0.3
v 0.0121049 0.0948043 0.3
v 0.0166234 0.0943251 0.3
v 0.0257202 0.0928565 0.3
v 0.0303318 0.0918713 0.3
v 0.0348765 0.0906638 0.3
v 0.0394441 0.0893563 0.3
v 0.0440009 0.0880675 0.3
v 0.0487776 0.0870441 0.3
v 0.0384888 -0.0158063 0.3
v 0.0339146 -0.0133254 0.3
v 0.0739675 0.061426 0.3
v 0.0768268 0.0579881 0.3
v 0.0931843 -0.000725348 0.3
v 0.0935513 -0.00453175 0.3
v -0.0451525 -0.0858807 0.3
v 0.0795139 0.0543345 0.3
v 0.0821269 0.0505675 0.3
v -0.0114662 -0.0180508 0.3
v 0.0889598 0.0385171 0.3
v 0.0910001 0.0342758 0.3
v 0.0928215 0.0299465 0.3
v 0.0945953 0.0255712 0.3
v 0.0964461 0.0212449 0.3
v 0.0987953 0.0169466 0.3
v 0.028744 -0.0295297 0.3
v 0.0270995 -0.0267622 0.3
v 0.0282133 -0.0247661 0.3
v 0.0313531 -0.0273407 0.3
v 0.0900554 -0.0290492 0.3
v 0.0887336 -0.0331614 0.3
v 0.0414324 -0.0860806 0.3
v 0.0377619 -0.0880231 0.3
v 0.0911927 -0.0249402 0.3
v 0.0935818 -0.00851761 0.3
v 0.0934277 -0.0125821 0.3
v 0.0928867 -0.0167026 0.3
v 0.0835656 -0.0453591 0.3
v 0.0921146 -0.0208209 0.3
v 0.00302875 0.095061 0.3
v -0.089605 0.035101 0.3
v -0.0493715 -0.0787405 0.3
v -0.09501 0.00570364 0.3
v -0.0910444 0.0309305 0.3
v 0.0449924 -0.0839114 0.3
v -0.0908673 -0.0310166 0.3
v 0.0546777 0.0779609 0.3
v -0.0412326 0.0833156 0.3
v 0.0211402 0.0936606 0.3
v -0.0526013 0.0810885 0.3
v -0.045989 -0.0802432 0.3
v 0.0951683 0.0110032 0.3
v -0.0442549 0.0812454 0.3
v 0.0509193 0.0800452 0.3
v 0.0927353 0.00292418 0.3
v 0.0485478 -0.0815009 0.3
v -0.094766 0.00141421 0.3
v -0.0414499 -0.0872912 0.3
v 0.0519252 0.0739269 0.3
v 0.0552607 0.0718576 0.3
v 0.061448 -0.0689658 0.3
v 0.0583933 -0.0723473 0.3
v 0.0748556 -0.0510032 0.3
v 0.0725042 -0.0547641 0.3
v -0.0670658 0.0644716 0.3
v -0.0640792 0.0681318 0.3
v 0.0644144 -0.065523 0.3
v 0.0553393 -0.0755619 0.3
v 0.0521346 -0.0787522 0.3
v -0.0827921 -0.0368501 0.3
v -0.0847459 -0.0328471 0.3
v -0.0784245 -0.044493 0.3
v -0.0806834 -0.0407344 0.3
v -0.0875436 0.0255469 0.3
v -0.0863549 0.0295625 0.3
v 0.00290573 -0.0916329 0.3
v -0.00153328 -0.0918466 0.3
v 0.067492 0.0612977 0.3
v 0.0703198 0.0581637 0.3
v -0.0760542 -0.0481215 0.3
v -0.0151102 -0.0914207 0.3
v -0.0197614 -0.0909461 0.3
v -0.0105302 -0.0917273 0.3
v 0.0879446 -0.0159463 0.3
v 0.0872677 -0.0198903 0.3
v 0.020125 -0.0889941 0.3
v 0.0159299 -0.0899241 0.3
v -0.00599685 -0.0918335 0.3
v 0.00730389 -0.0912398 0.3
v 0.0116446 -0.0906299 0.3
v -0.0243854 -0.0903034 0.3
v -0.0289442 -0.0896626 0.3
v -0.0333393 -0.0891051 0.3
v -0.0374377 -0.0886219 0.3
v -0.0654971 -0.061077 0.3
v -0.0682938 -0.0580734 0.3
v -0.0293576 0.0843326 0.3
v -0.0255659 0.0857598 0.3
v -0.0531816 -0.0712817 0.3
v -0.0564983 -0.0691839 0.3
v 0.0340161 0.0859002 0.3
v 0.0384162 0.0846797 0.3
v -0.0596003 -0.0666374 0.3
v -0.0735599 -0.0515836 0.3
v -0.000943591 0.0900043 0.3
v 0.00334887 0.0901409 0.3
v -0.0893055 0.0174614 0.3
v -0.0885418 0.0215103 0.3
v -0.0921977 -0.0116958 0.3
v -0.0933198 -0.0073654 0.3
v -0.0497075 -0.0729857 0.3
v -0.0909669 -0.0160256 0.3
v -0.086477 -0.0287572 0.3
v -0.0881718 -0.0245618 0.3
v -0.0896023 -0.0203306 0.3
v -0.0942506 -0.00306782 0.3
v -0.0215972 0.0868585 0.3
v 0.0426726 0.083396 0.3
v 0.0730143 0.0547981 0.3
v 0.0756635 0.0513281 0.3
v 0.0839721 -0.0316499 0.3
v 0.0825376 -0.035579 0.3
v 0.032081 -0.085171 0.3
v 0.028247 -0.0866656 0.3
v -0.0833541 0.0375202 0.3
v -0.0816031 0.0414932 0.3
v 0.0584567 0.069551 0.3
v 0.0615667 0.067018 0.3
v 0.0699449 -0.0583927 0.3
v 0.0672614 -0.0619982 0.3
v -0.0726367 0.0570175 0.3
v -0.0699341 0.0607762 0.3
v -0.0611191 0.0716697 0.3
v -0.0583518 0.0751256 0.3
v -0.0558096 0.0783679 0.3
v 0.0163996 0.0893654 0.3
v 0.020796 0.0887683 0.3
v -0.0135081 0.0886251 0.3
v -0.00938441 0.0892908 0.3
v 0.0921521 0.00648132 0.3
v -0.0329012 0.0826063 0.3
v 0.0885047 0.0278126 0.3
v 0.0902514 0.0235721 0.3
v 0.0645586 0.0642289 0.3
v -0.0175718 0.0877837 0.3
v -0.00518457 0.0896876 0.3
v 0.00766854 0.0900243 0.3
v 0.0120287 0.0897916 0.3
v 0.0251735 0.087944 0.3
v 0.0296107 0.0870109 0.3
v 0.0468433 0.0820042 0.3
v 0.0886136 -0.000611606 0.3
v 0.0887219 -0.00426585 0.3
v -0.0625778 -0.0639033 0.3
v 0.0781342 0.0476666 0.3
v 0.0392342 -0.0816416 0.3
v 0.0357352 -0.0834889 0.3
v 0.0919438 0.0194 0.3
v 0.08048 0.0439018 0.3
v 0.0886699 -0.00810184 0.3
v 0.08669 0.031982 0.3
v 0.093698 0.0152593 0.3
v 0.0852389 -0.0277289 0.3
v 0.0808431 -0.0394668 0.3
v 0.0790424 -0.0433572 0.3
v 0.0883851 -0.0120062 0.3
v 0.0770104 -0.0471795 0.3
v -0.0361691 0.0805559 0.3
v -0.070954 -0.0548783 0.3
v 0.0863155 -0.0238083 0.3
v -0.0849133 0.0335385 0.3
v 0.0242118 -0.0878685 0.3
v -0.0460269 -0.0744169 0.3
v -0.0900503 0.00551891 0.3
v -0.0901005 0.00944422 0.3
v -0.0751558 0.0531946 0.3
v 0.0847525 0.036063 0.3
v -0.0430326 -0.0820449 0.3
v 0.0826643 0.0400303 0.3
v -0.0796002 0.045408 0.3
v -0.0774813 0.0493297 0.3
v -0.047306 0.0796799 0.3
v -0.0897915 0.013429 0.3
v 0.0426163 -0.0796137 0.3
v -0.0392861 0.0781899 0.3
v 0.0459496 -0.0774303 0.3
v 0.0210759 -0.042958 0.3
v 0.0190147 -0.0451742 0.3
v 0.0186722 -0.0398006 0.3
v 0.0162908 -0.0464789 0.3
v 0.0149537 -0.0403391 0.3
v -0.0419642 -0.0758588 0.3
v -0.0502049 0.0775652 0.3
v 0.0905934 0.00988724 0.3
v -0.0396967 -0.0834392 0.3
v -0.0216215 -0.0377153 0.3
v -0.0247545 -0.0374454 0.3
v -0.0203605 -0.0337733 0.3
v 0.088614 0.00277396 0.3
v -0.0268846 -0.0357697 0.3
v -0.0230241 -0.0319914 0.3
v -0.0419048 -0.0208374 0.3
v -0.0439176 -0.0190501 0.3
v -0.0395256 -0.0182607 0.3
v -0.0446881 -0.0164965 0.3
v -0.0407801 -0.0148157 0.3
v -0.0898084 0.00157916 0.3
v -0.0425628 0.0754815 0.3
v 0.0484892 0.0759112 0.3
v 0.0107418 -0.0857704 0.3
v 0.00658654 -0.0863587 0.3
v 0.0725948 -0.0449202 0.3
v 0.0705265 -0.0485785 0.3
v -0.0574799 0.0689126 0.3
v -0.0549416 0.0724281 0.3
v 0.0520614 -0.0721611 0.3
v 0.0491993 -0.0750579 0.3
v -0.0501291 -0.0672089 0.3
v -0.0533606 -0.0652397 0.3
v 0.0823765 -0.0189174 0.3
v 0.0815202 -0.0226528 0.3
v 0.0227498 -0.0831441 0.3
v 0.018845 -0.0842128 0.3
v -0.0815864 0.0281279 0.3
v -0.0802714 0.0319338 0.3
v -0.0851601 0.00898643 0.3
v -0.0849542 0.0127433 0.3
v 0.078445 0.0375189 0.3
v 0.0804567 0.0337114 0.3
v -0.014998 -0.0865612 0.3
v -0.0195138 -0.0861694 0.3
v 0.0403772 -0.0753741 0.3
v 0.0371216 -0.0772492 0.3
v 0.0830278 -0.0151534 0.3
v -0.0240257 -0.0856651 0.3
v 0.0658095 -0.0556692 0.3
v 0.0632407 -0.0591459 0.3
v 0.0148238 -0.0850444 0.3
v 0.00237451 -0.0867079 0.3
v -0.0284918 -0.085202 0.3
v -0.0328344 -0.0848285 0.3
v -0.036366 -0.0849489 0.3
v -0.0730999 0.0470229 0.3
v -0.0708804 0.0507619 0.3
v -0.0276628 0.0795875 0.3
v -0.0240429 0.0809975 0.3
v -0.0751424 0.0432631 0.3
v 0.0371248 0.0800844 0.3
v 0.0411648 0.0789495 0.3
v -0.0764094 -0.0381485 0.3
v -0.0784525 -0.0344322 0.3
v 0.0763118 0.041224 0.3
v -0.0202514 0.0820672 0.3
v 0.0548716 -0.0690506 0.3
v -0.0563548 -0.0628461 0.3
v -0.0696382 -0.0485189 0.3
v -0.0720227 -0.0452296 0.3
v -0.00052371 0.0850313 0.3
v 0.00357329 0.0851733 0.3
v -0.0844296 0.0165891 0.3
v -0.0893399 -0.00241592 0.3
v -0.0836623 0.020447 0.3
v 0.0804451 -0.0263703 0.3
v -0.0742421 -0.0417286 0.3
v -0.0863546 -0.0144666 0.3
v -0.0875435 -0.0103793 0.3
v -0.082015 -0.0266406 0.3
v -0.083629 -0.0226184 0.3
v -0.0850211 -0.0185657 0.3
v 0.0302278 -0.0805352 0.3
v 0.0265625 -0.0819389 0.3
v 0.0582533 0.0633463 0.3
v 0.0611336 0.0607301 0.3
v 0.0792048 -0.0300909 0.3
v 0.0778473 -0.0338242 0.3
v -0.0684166 0.0544276 0.3
v -0.0658245 0.0580992 0.3
v 0.0449208 0.0777398 0.3
v 0.0691856 0.0516611 0.3
v 0.0717076 0.0483341 0.3
v -0.0061902 -0.0869174 0.3
v -0.0105619 -0.0868123 0.3
v 0.0522519 0.067945 0.3
v 0.0552867 0.0657393 0.3
v 0.00770467 0.0850678 0.3
v -0.053213 0.0755156 0.3
v 0.0665895 0.0548501 0.3
v -0.0630639 0.061692 0.3
v -0.0602509 0.0653143 0.3
v -0.0125217 0.0837596 0.3
v -0.00858095 0.0843716 0.3
v 0.0244841 0.0830803 0.3
v 0.0287435 0.0821942 0.3
v -0.0802818 -0.0305763 0.3
v -0.0310404 0.0778545 0.3
v 0.0840433 0.0257941 0.3
v 0.0857272 0.0217406 0.3
v 0.0762303 -0.0375305 0.3
v 0.074502 -0.0412389 0.3
v 0.0160454 0.0843921 0.3
v 0.0202554 0.0838234 0.3
v -0.0592057 -0.0602528 0.3
v -0.0619824 -0.0575577 0.3
v 0.011859 0.0847868 0.3
v 0.0577025 -0.0658018 0.3
v 0.0604942 -0.0624716 0.3
v -0.0787333 0.0357173 0.3
v 0.0329428 0.0811611 0.3
v -0.00188035 -0.0868695 0.3
v -0.0770124 0.0394915 0.3
v 0.0839052 -0.00385694 0.3
v 0.0837861 -0.00760184 0.3
v 0.0740388 0.0448137 0.3
v 0.0889704 0.0137483 0.3
v 0.0873351 0.0177356 0.3
v -0.00457118 0.0847412 0.3
v 0.0834582 -0.0113773 0.3
v 0.0822683 0.0297856 0.3
v -0.0646028 -0.0546515 0.3
v -0.0671648 -0.0516564 0.3
v 0.0840893 -0.000147325 0.3
v -0.0851851 0.00529953 0.3
v 0.088925 0.00564815 0.3
v -0.0885424 -0.00641488 0.3
v -0.0826883 0.0242907 0.3
v -0.043093 -0.0700046 0.3
v -0.0467047 -0.0687736 0.3
v -0.0370296 0.0732021 0.3
v -0.0341497 0.0757524 0.3
v -0.0164081 0.0829698 0.3
v -0.0408518 -0.0791617 0.3
v 0.0682237 -0.052137 0.3
v -0.0459468 0.0762708 0.3
v 0.0638895 0.0578474 0.3
v 0.0491561 0.0700286 0.3
v 0.0337237 -0.0789351 0.3
v 0.0460443 0.0720885 0.3
v -0.0481493 0.073701 0.3
v -0.0375469 -0.0797427 0.3
v 0.0436163 -0.0734733 0.3
v 0.0858818 0.00788286 0.3
v -0.0850934 0.00164197 0.3
v 0.0845877 0.0036082 0.3
v -0.0393021 -0.0709512 0.3
v -0.0397263 0.0701161 0.3
v 0.0317925 -0.0744431 0.3
v 0.0284332 -0.075939 0.3
v 0.0521188 0.061993 0.3
v 0.0549447 0.0596989 0.3
v 0.0467908 -0.0718353 0.3
v 0.00593384 -0.0814116 0.3
v 0.00192083 -0.0817969 0.3
v 0.0277578 0.0773867 0.3
v 0.0318411 0.0764749 0.3
v -0.0665899 0.0482218 0.3
v -0.0642731 0.0517776 0.3
v 0.0404147 -0.023379 0.3
v 0.0397205 -0.0263766 0.3
v 0.0363447 -0.0223085 0.3
v 0.0811485 0.019951 0.3
v 0.0827026 0.0160691 0.3
v -0.0617436 0.0552955 0.3
v -0.059121 0.0588396 0.3
v -0.0153182 0.0782758 0.3
v -0.0116079 0.07898 0.3
v 0.0350429 -0.0728216 0.3
v 0.0616922 -0.0528382 0.3
v 0.0592297 -0.0561474 0.3
v 0.0175744 -0.0793566 0.3
v 0.0137794 -0.0802123 0.3
v -0.0741173 0.0338639 0.3
v -0.0725257 0.0374674 0.3
v -0.0280936 -0.080769 0.3
v -0.0330184 -0.0808501 0.3
v 0.0375221 -0.0283786 0.3
v 0.0337049 -0.0249496 0.3
v -0.025982 0.0748903 0.3
v -0.022548 0.0762752 0.3
v -0.0740506 -0.0320587 0.3
v -0.0758503 -0.0283856 0.3
v 0.0576556 0.0571368 0.3
v 0.060315 0.0544629 0.3
v 0.0628576 0.0515617 0.3
v 0.0358584 0.0755617 0.3
v 0.039728 0.0747011 0.3
v -0.00783964 0.0794817 0.3
v 0.0512977 -0.0657199 0.3
v 0.0488522 -0.0688516 0.3
v -0.0021577 -0.0819546 0.3
v -0.0657002 -0.0454662 0.3
v -0.0679574 -0.0423467 0.3
v -0.0514555 0.0101853 0.3
v -0.0518221 0.0129398 0.3
v -0.0477625 0.010548 0.3
v 0.0781469 -0.0143556 0.3
v 0.0775258 -0.017929 0.3
v 0.038221 -0.0710238 0.3
v -0.0800273 0.0120146 0.3
v -0.0795803 0.0156625 0.3
v -0.0848519 -0.00199112 0.3
v -0.080461 -0.0169016 0.3
v -0.0817859 -0.0130104 0.3
v 0.0788232 -0.00712959 0.3
v 0.0785721 -0.0107525 0.3
v -0.0700569 -0.0390073 0.3
v -0.0721131 -0.0356037 0.3
v -0.0829965 -0.00922098 0.3
v 0.0196299 0.0788912 0.3
v 0.0236793 0.0782084 0.3
v -0.0790351 -0.0207759 0.3
v 0.0249106 -0.0772238 0.3
v -0.0321109 0.0711108 0.3
v -0.0291861 0.0731905 0.3
v 0.0212769 -0.0783408 0.3
v 0.0661871 -0.0460631 0.3
v 0.0640094 -0.0494743 0.3
v 0.0653035 0.0484996 0.3
v 0.0677024 0.0453484 0.3
v 0.00988231 -0.0808524 0.3
v -0.0189538 0.0773458 0.3
v -0.0779164 0.0230037 0.3
v -0.0768587 0.0266537 0.3
v 0.0741488 0.0350521 0.3
v 0.0760722 0.0314117 0.3
v -0.0687189 0.0446446 0.3
v -0.0787918 0.0193317 0.3
v 0.00373613 0.0801674 0.3
v 0.0076664 0.0801105 0.3
v -0.0438613 -0.0647028 0.3
v -0.0471688 -0.0632423 0.3
v -0.0706746 0.0410533 0.3
v -0.0564265 0.0624203 0.3
v -0.0538087 0.0661702 0.3
v 0.0699288 0.0420044 0.3
v 0.0721028 0.038588 0.3
v -0.0774776 -0.024608 0.3
v -0.0531603 -0.0591699 0.3
v -0.0558874 -0.0567208 0.3
v 0.0431787 0.0742044 0.3
v 0.0795255 0.0238213 0.3
v 0.0756561 -0.0249884 0.3
v 0.0745187 -0.0285094 0.3
v -0.0802817 0.00843463 0.3
v -0.0755333 0.0302567 0.3
v 0.0766452 -0.0214634 0.3
v -0.00401989 0.0798326 0.3
v 0.011624 0.0798377 0.3
v 0.0539261 -0.0625133 0.3
v -0.0148058 -0.0817244 0.3
v -0.0191673 -0.0814462 0.3
v 0.0565841 -0.0593114 0.3
v -0.0840648 -0.00558497 0.3
v 0.0731431 -0.0320377 0.3
v 0.0716803 -0.0355689 0.3
v -0.00630589 -0.0819846 0.3
v 0.078973 -0.00349127 0.3
v 0.084249 0.0121649 0.3
v -0.000158894 0.0800451 0.3
v 0.0778184 0.0276434 0.3
v -0.0609443 -0.0513098 0.3
v -0.0633615 -0.0484486 0.3
v 0.0699778 -0.0390812 0.3
v 0.0681751 -0.0425894 0.3
v -0.0584482 -0.0540638 0.3
v -0.050234 -0.0613246 0.3
v -0.0404204 -0.0659002 0.3
v -0.0235584 -0.0811123 0.3
v 0.0156095 0.0794188 0.3
v -0.0514642 0.0704563 0.3
v 0.0492386 0.0641487 0.3
v -0.0506471 0.0154365 0.3
v -0.0463899 0.014081 0.3
v -0.0105259 -0.0818941 0.3
v 0.0462686 0.0662238 0.3
v -0.0804536 0.00490689 0.3
v -0.0347609 0.0686244 0.3
v 0.0791782 0.000202994 0.3
v 0.0415581 -0.0688142 0.3
v 0.0429026 0.068306 0.3
v -0.0371917 0.0658177 0.3
v 0.0796617 0.00400896 0.3
v -0.0806869 0.00144701 0.3
v -0.0369187 -0.0669981 0.3
v -0.0800311 -0.00471286 0.3
v -0.0811522 -0.00178428 0.3
v 0.011332 0.0748687 0.3
v 0.0151187 0.0745138 0.3
v 0.0516109 0.056053 0.3
v 0.0542076 0.0536436 0.3
v -0.0104724 -0.0770581 0.3
v -0.0146154 -0.0769516 0.3
v 0.0053159 -0.0764983 0.3
v 0.00149659 -0.0768786 0.3
v 0.073934 -0.00675931 0.3
v 0.0737495 -0.0101907 0.3
v -0.0695098 0.031978 0.3
v -0.0680112 0.0353992 0.3
v 0.0637825 -0.0402378 0.3
v 0.0618882 -0.0435345 0.3
v 0.0716435 0.0291104 0.3
v 0.0733672 0.0255196 0.3
v 0.0183576 -0.0495216 0.3
v 0.0161829 -0.0510863 0.3
v 0.0134888 -0.0511507 0.3
v 0.0127901 -0.0465648 0.3
v 0.000140485 0.0751327 0.3
v 0.00384579 0.0752127 0.3
v -0.0678172 -0.033087 0.3
v -0.069658 -0.0297205 0.3
v -0.00354359 0.0749546 0.3
v -0.062331 0.0456354 0.3
v -0.0601399 0.0490442 0.3
v -0.0787327 -0.00803417 0.3
v 0.0575726 -0.0499256 0.3
v 0.0552094 -0.0530329 0.3
v -0.0210604 0.07167 0.3
v -0.0177102 0.0728376 0.3
v 0.030694 0.0717745 0.3
v 0.0347537 0.0710047 0.3
v -0.0498657 0.0182349 0.3
v -0.0497908 0.0213015 0.3
v -0.0458216 0.0178779 0.3
v 0.072718 -0.0169474 0.3
v 0.0719043 -0.0202774 0.3
v -0.0318812 -0.0757714 0.3
v -0.0366903 -0.0757151 0.3
v 0.00906792 -0.075973 0.3
v -0.024302 0.0702819 0.3
v -0.0273336 0.0686145 0.3
v -0.071341 -0.0262079 0.3
v -0.0729656 -0.0226347 0.3
v 0.0566854 0.0510231 0.3
v 0.0591176 0.0483121 0.3
v 0.0391162 0.0705187 0.3
v -0.0108103 0.0743247 0.3
v -0.00719897 0.0746805 0.3
v 0.0330108 -0.0685766 0.3
v -0.0486157 0.0242727 0.3
v -0.043559 0.0212186 0.3
v 0.0473807 -0.0622626 0.3
v 0.0451856 -0.0663064 0.3
v -0.002412 -0.077055 0.3
v -0.0617497 -0.0424245 0.3
v -0.0638806 -0.0394684 0.3
v -0.0525843 -0.0533317 0.3
v -0.0549658 -0.0507336 0.3
v -0.0751229 0.0112056 0.3
v -0.074695 0.0147035 0.3
v -0.0325851 0.0643504 0.3
v -0.0300941 0.0666252 0.3
v -0.0759257 -0.0152828 0.3
v -0.0773463 -0.0116044 0.3
v 0.0463179 0.0604597 0.3
v 0.0489586 0.0583174 0.3
v -0.052771 0.0593505 0.3
v -0.050226 0.0629359 0.3
v 0.018948 0.0739628 0.3
v 0.0228169 0.0733421 0.3
v -0.0442866 -0.0593494 0.3
v -0.04731 -0.057695 0.3
v 0.0390178 0.04212 0.3
v 0.0416308 0.0408904 0.3
v 0.0373605 0.0386643 0.3
v 0.0233069 -0.0725206 0.3
v 0.0198721 -0.0736069 0.3
v 0.0597728 -0.0467461 0.3
v -0.0272381 -0.0761047 0.3
v 0.0127425 -0.0753145 0.3
v -0.00641704 -0.0770962 0.3
v 0.043158 0.0384981 0.3
v 0.039734 0.0356343 0.3
v -0.073121 0.0216753 0.3
v -0.0721067 0.0251351 0.3
v -0.0595413 -0.0452711 0.3
v -0.0552964 0.0558727 0.3
v 0.0678695 0.0359812 0.3
v 0.0698162 0.0326052 0.3
v 0.00757693 0.0750816 0.3
v 0.0526433 -0.0560103 0.3
v 0.0614289 0.0454034 0.3
v -0.0658701 -0.0363107 0.3
v 0.0670851 -0.0335802 0.3
v 0.0655103 -0.0369135 0.3
v -0.0744583 -0.0189701 0.3
v 0.0795319 0.0109769 0.3
v 0.0808668 0.00768077 0.3
v 0.0658155 0.0392431 0.3
v -0.0739435 0.0181889 0.3
v 0.0499871 -0.0590018 0.3
v -0.0501106 -0.0557359 0.3
v 0.0545788 -0.0121609 0.3
v 0.0547967 -0.0152246 0.3
v 0.0503861 -0.0123675 0.3
v -0.0229395 -0.0766471 0.3
v 0.0781205 0.0144913 0.3
v 0.0533291 -0.0177688 0.3
v 0.0488915 -0.0158468 0.3
v 0.0708938 -0.0235949 0.3
v 0.0698065 -0.0269148 0.3
v -0.0143349 0.0738277 0.3
v 0.0299114 -0.0699821 0.3
v 0.073336 -0.013585 0.3
v 0.0765903 0.0181375 0.3
v -0.0188045 -0.0768275 0.3
v -0.0377374 -0.0618781 0.3
v -0.0410776 -0.0607147 0.3
v -0.0572636 -0.0480324 0.3
v 0.0684913 -0.0302453 0.3
v -0.047833 0.066737 0.3
v -0.0451439 0.0705643 0.3
v 0.0739866 -0.00328672 0.3
v 0.000148183 -0.0628561 0.3
v -0.00298639 -0.0638467 0.3
v -0.00125061 -0.0588428 0.3
v -0.06626 0.0388136 0.3
v -0.0708437 0.028555 0.3
v 0.0267291 0.0725682 0.3
v -0.00640184 -0.0631069 0.3
v -0.00559411 -0.0580388 0.3
v -0.0643418 0.0422217 0.3
v 0.0636532 0.0423694 0.3
v -0.0577481 0.0524406 0.3
v 0.0163288 -0.0744975 0.3
v 0.0266471 -0.0712839 0.3
v 0.0749929 0.0218255 0.3
v -0.075663 0.00417445 0.3
v -0.0754103 0.00771236 0.3
v 0.0738908 0.000356015 0.3
v 0.0732258 0.0047843 0.3
v -0.0343245 -0.063008 0.3
v -0.0348678 0.0619521 0.3
v -0.0760256 0.000505228 0.3
v 0.0689157 -0.012858 0.3
v 0.0681823 -0.015963 0.3
v -0.0634857 0.0333198 0.3
v -0.0618647 0.0365536 0.3
v 0.0651435 -0.0253156 0.3
v 0.0639324 -0.0284526 0.3
v 0.0610446 -0.0347514 0.3
v 0.0594046 -0.0378903 0.3
v 0.0460307 -0.0549581 0.3
v 0.042365 -0.056861 0.3
v -0.0135457 0.0700424 0.3
v -0.0102264 0.0698741 0.3
v 0.00034678 0.0702751 0.3
v 0.0038933 0.0702783 0.3
v 0.0512676 -0.04986 0.3
v 0.0488235 -0.0525369 0.3
v -0.0185836 -0.0723292 0.3
v -0.0222459 -0.0726935 0.3
v -0.0702524 0.0103632 0.3
v -0.0698264 0.0137169 0.3
v -0.0581091 0.043026 0.3
v -0.0560406 0.0462774 0.3
v 0.0182157 0.0690715 0.3
v 0.0218955 0.0684771 0.3
v 0.0535083 -0.0470041 0.3
v 0.0314847 -0.0641923 0.3
v 0.0282 -0.0654774 0.3
v -0.0616964 -0.0336459 0.3
v -0.0635273 -0.0305912 0.3
v 0.00105975 -0.0720359 0.3
v -0.00265201 -0.0722791 0.3
v 0.0082532 -0.0711114 0.3
v 0.00469935 -0.0716365 0.3
v -0.0225811 0.0657695 0.3
v -0.0194969 0.0672113 0.3
v -0.0254876 0.0641292 0.3
v -0.0668659 -0.024071 0.3
v -0.0684282 -0.0206807 0.3
v -0.0597837 -0.0365814 0.3
v 0.0332088 0.0662046 0.3
v -0.00672725 0.0700017 0.3
v -0.0267523 0.0522409 0.3
v -0.0247876 0.0546611 0.3
v -0.0239488 0.0490211 0.3
v -0.0422291 0.0665447 0.3
v -0.0394845 0.0628816 0.3
v -0.0600228 0.0397867 0.3
v -0.0492956 -0.0502186 0.3
v -0.0513989 -0.0475358 0.3
v 0.0704739 0.0197735 0.3
v 0.0720854 0.0161909 0.3
v -0.0577806 -0.0394063 0.3
v -0.0661944 0.0268478 0.3
v -0.0649214 0.0300848 0.3
v -0.00320249 0.0701862 0.3
v -0.04692 0.0596247 0.3
v -0.0446359 0.0630877 0.3
v 0.0507202 0.0501386 0.3
v 0.0530942 0.0476849 0.3
v -0.0383144 -0.05669 0.3
v -0.0415511 -0.0554691 0.3
v 0.0596583 0.0394812 0.3
v 0.0617012 0.0365182 0.3
v -0.0729831 -0.0100708 0.3
v -0.0746656 -0.00659717 0.3
v 0.0151145 -0.0696953 0.3
v 0.0117229 -0.070466 0.3
v -0.0281643 0.0622624 0.3
v 0.0575455 -0.0409833 0.3
v 0.0555993 -0.0440315 0.3
v -0.026001 -0.0715363 0.3
v -0.0303402 -0.0703702 0.3
v 0.0109965 0.0698981 0.3
v 0.0145849 0.0695522 0.3
v -0.00651814 -0.0723184 0.3
v -0.0104559 -0.0722762 0.3
v 0.0688616 0.0233312 0.3
v 0.0694324 -0.00332064 0.3
v -0.0515431 0.052868 0.3
v -0.0492318 0.0562224 0.3
v 0.0636125 0.033382 0.3
v 0.0654739 0.0301745 0.3
v 0.00743533 0.0701221 0.3
v -0.0538117 0.0495537 0.3
v 0.0672727 -0.019062 0.3
v 0.066251 -0.0221862 0.3
v 0.0625382 -0.0316045 0.3
v -0.0699058 -0.0171715 0.3
v -0.0691179 0.0170264 0.3
v -0.0683445 0.0203304 0.3
v -0.0145566 -0.072266 0.3
v -0.0475064 -0.052847 0.3
v 0.0737344 0.0127078 0.3
v 0.0757056 0.00927329 0.3
v 0.0671906 0.0267893 0.3
v 0.0256289 0.0677525 0.3
v 0.0294047 0.0669983 0.3
v -0.0163823 0.0685079 0.3
v 0.0249596 -0.0666691 0.3
v 0.0217427 -0.0678319 0.3
v -0.0355523 -0.0715823 0.3
v -0.0334942 -0.0682998 0.3
v -0.0349278 -0.05776 0.3
v -0.0535559 -0.0448582 0.3
v 0.069331 -0.00647695 0.3
v 0.0456702 0.0547659 0.3
v 0.0482401 0.0524737 0.3
v -0.0556869 -0.0421471 0.3
v -0.0673205 0.0235954 0.3
v -0.070549 0.00697962 0.3
v 0.0575462 0.0423312 0.3
v 0.0430306 0.0572068 0.3
v -0.0445372 -0.0540523 0.3
v 0.0184418 -0.0687981 0.3
v -0.0220947 0.0555336 0.3
v -0.0208186 0.050389 0.3
v 0.0387231 -0.056241 0.3
v 0.0409404 -0.0527976 0.3
v -0.0306346 0.0601694 0.3
v 0.0553488 0.0450519 0.3
v -0.0707606 0.00350151 0.3
v 0.0691835 -0.00967759 0.3
v -0.0768047 -0.00334314 0.3
v -0.0652209 -0.0273551 0.3
v -0.0714144 -0.0136291 0.3
v -0.0313522 -0.0587902 0.3
v -0.0707806 -0.000367564 0.3
v -0.0330718 0.0579828 0.3
v 0.0695354 0.0105855 0.3
v 0.0695774 0.0070899 0.3
v 0.0655347 0.00899309 0.3
v 0.0594411 -0.0266741 0.3
v 0.0581492 -0.0296502 0.3
v 0.0473225 0.0467059 0.3
v 0.0495603 0.0444006 0.3
v 0.0652538 -0.00265683 0.3
v 0.0648985 -0.00605514 0.3
v -0.0104823 -0.0675565 0.3
v -0.0146564 -0.0675852 0.3
v 0.0476018 -0.0469722 0.3
v 0.0456218 -0.0495061 0.3
v 0.0575799 0.0337919 0.3
v 0.059391 0.0308366 0.3
v -0.0519776 0.0435266 0.3
v -0.0499198 0.0466657 0.3
v 0.0675522 0.01405 0.3
v 0.0516939 0.0419341 0.3
v -0.0322981 -0.0535452 0.3
v -0.0356353 -0.0525587 0.3
v -0.0497227 -0.0416763 0.3
v -0.0518401 -0.0390672 0.3
v -0.053932 0.0404223 0.3
v -0.0557739 0.0373593 0.3
v 0.0290862 -0.059443 0.3
v 0.0262024 -0.0608447 0.3
v -0.0604295 0.0282301 0.3
v -0.0590949 0.0312833 0.3
v -0.0635927 0.0189942 0.3
v -0.0626834 0.0220882 0.3
v 0.0648494 -0.0092114 0.3
v 0.0652523 -0.0121977 0.3
v 0.0608153 -0.00965991 0.3
v -0.0538155 -0.0364304 0.3
v -0.0623932 -0.0219209 0.3
v -0.0638913 -0.0187233 0.3
v -0.0653485 -0.0153757 0.3
v -0.0668403 -0.0119694 0.3
v 0.0317856 0.0615137 0.3
v -0.0101183 0.0649397 0.3
v -0.00642111 0.0652494 0.3
v 0.0639947 -0.0148641 0.3
v 0.0595493 -0.0131568 0.3
v -0.0457932 0.0531738 0.3
v -0.0437536 0.0564538 0.3
v -0.0452039 -0.0470927 0.3
v -0.0475103 -0.0443301 0.3
v 0.00742684 -0.0663285 0.3
v 0.00407318 -0.06689 0.3
v -0.0616038 0.0251706 0.3
v -0.00297054 0.0656164 0.3
v -0.0417721 0.0596983 0.3
v 0.0436025 -0.0516708 0.3
v 0.0209385 0.0636194 0.3
v 0.0244847 0.0629677 0.3
v 0.0140172 0.0646167 0.3
v 0.0174522 0.0641697 0.3
v -0.00289382 -0.0677698 0.3
v -0.00657894 -0.0676848 0.3
v 0.0610917 0.0277118 0.3
v 0.062745 0.0245057 0.3
v -0.055695 -0.0337182 0.3
v -0.05752 -0.0309673 0.3
v -0.0575028 0.0343273 0.3
v 0.0533131 -0.0384973 0.3
v 0.0514811 -0.0413928 0.3
v -0.0592188 -0.0280482 0.3
v 0.0232003 -0.0620535 0.3
v 0.0107021 -0.0656781 0.3
v -0.0608261 -0.0250042 0.3
v -0.0176738 0.0628817 0.3
v -0.0143051 0.0648255 0.3
v -0.0478537 0.0499029 0.3
v 0.0606306 -0.0236963 0.3
v 0.000600732 -0.0673803 0.3
v 0.00384271 0.0654272 0.3
v 0.0072344 0.0652476 0.3
v -0.0654925 0.00953205 0.3
v -0.0650287 0.0127205 0.3
v 0.0628972 -0.0177593 0.3
v 0.0617779 -0.0207237 0.3
v 0.049551 -0.0442357 0.3
v 0.056661 -0.0326172 0.3
v 0.0550527 -0.0355664 0.3
v -0.0389975 -0.0513164 0.3
v -0.0427491 -0.0501574 0.3
v -0.0643502 0.0158628 0.3
v 0.0642935 0.0211077 0.3
v 0.0280935 0.062256 0.3
v -0.023663 0.0597658 0.3
v -0.0207907 0.0613092 0.3
v 0.0201511 -0.0631359 0.3
v 0.0106148 0.0649633 0.3
v -0.030914 -0.0643447 0.3
v -0.0286157 0.0560905 0.3
v -0.0263026 0.0581363 0.3
v 0.04244 0.0509072 0.3
v 0.044942 0.048857 0.3
v -0.0238946 -0.0671617 0.3
v -0.0278075 -0.0660831 0.3
v 0.0139023 -0.0649317 0.3
v -0.0192431 -0.0681446 0.3
v -0.0685168 -0.00843012 0.3
v -0.0706336 -0.00462882 0.3
v 0.0557051 0.0366348 0.3
v -0.0658736 0.00636506 0.3
v 0.0537571 0.0393493 0.3
v 0.000424477 0.0655709 0.3
v 0.0369018 0.0547229 0.3
v 0.0397976 0.0528831 0.3
v 0.0170428 -0.0640733 0.3
v 0.0317952 -0.0578269 0.3
v 0.0658548 0.0176027 0.3
v -0.0307586 0.0538482 0.3
v 0.03347 0.0560002 0.3
v -0.0289102 -0.054402 0.3
v -0.0498893 -0.0334422 0.3
v -0.0516782 -0.0308944 0.3
v 0.0586339 -0.0162901 0.3
v 0.0575051 -0.0192105 0.3
v 0.0563171 -0.0220776 0.3
v 0.0462629 0.0413267 0.3
v 0.0482427 0.0390077 0.3
v -0.0298297 -0.0495361 0.3
v -0.0328116 -0.048421 0.3
v -0.0127052 0.058985 0.3
v -0.00918067 0.0598158 0.3
v -0.0516552 0.034947 0.3
v -0.0498356 0.037827 0.3
v 0.0271046 -0.0551023 0.3
v 0.0243121 -0.0563813 0.3
v -0.0102849 -0.0627229 0.3
v -0.0144255 -0.0625687 0.3
v 0.00335091 -0.0622838 0.3
v -0.0459622 -0.0384466 0.3
v -0.0479963 -0.0359595 0.3
v 0.0418931 0.045436 0.3
v 0.0442163 0.0435402 0.3
v 0.0439903 -0.0445422 0.3
v 0.0426312 -0.0473289 0.3
v -0.057963 -0.019777 0.3
v -0.0593769 -0.0167746 0.3
v 0.0540561 -0.0277942 0.3
v 0.0525369 -0.0305263 0.3
v 0.0602212 -0.00593759 0.3
v -0.041339 -0.0431956 0.3
v -0.0437429 -0.0408669 0.3
v 0.055171 0.0283078 0.3
v 0.0567475 0.0253402 0.3
v 0.0601254 -0.00233569 0.3
v 0.0186302 -0.0586121 0.3
v 0.0157139 -0.0595044 0.3
v 0.0419637 -0.0496583 0.3
v 0.0396961 -0.0500189 0.3
v -0.0460812 0.0438587 0.3
v -0.0441859 0.0469945 0.3
v 0.0609889 0.015475 0.3
v 0.062328 0.0115065 0.3
v 0.0233094 0.0582432 0.3
v 0.0266902 0.0575957 0.3
v 0.0214902 -0.0575541 0.3
v 0.0491596 -0.0360677 0.3
v 0.0473979 -0.038867 0.3
v -0.0533518 -0.0282401 0.3
v -0.0549728 -0.0255338 0.3
v 0.00693697 0.0604661 0.3
v 0.0101781 0.0601494 0.3
v 0.00969232 -0.0610119 0.3
v 0.00656805 -0.0616857 0.3
v -0.0564904 -0.0226754 0.3
v -0.0160396 0.0578388 0.3
v 0.0552152 -0.0249524 0.3
v 0.01667 0.0593148 0.3
v 0.0199644 0.058813 0.3
v 0.00366021 0.0607124 0.3
v -0.062157 -0.0104148 0.3
v -0.0635623 -0.00710534 0.3
v 0.0127282 -0.0602912 0.3
v 0.0456496 -0.0417082 0.3
v 0.050887 -0.033288 0.3
v -0.0227103 -0.0630684 0.3
v -0.0259559 -0.0629464 0.3
v -0.0386941 -0.0453171 0.3
v 0.0134126 0.0597589 0.3
v -0.00278178 0.0617023 0.3
v 0.00036493 0.0610636 0.3
v -0.0191424 0.056634 0.3
v -0.0534263 0.0321489 0.3
v -0.0273373 -0.0599538 0.3
v -0.0608344 0.00856507 0.3
v -0.0603354 0.0116981 0.3
v -0.0614388 0.00526477 0.3
v -0.0357581 -0.0469743 0.3
v 0.0519174 0.0339842 0.3
v 0.0535524 0.0311898 0.3
v -0.0597353 0.0147254 0.3
v -0.0479706 0.040821 0.3
v -0.0424273 0.0502992 0.3
v -0.060767 -0.0136263 0.3
v 0.030083 0.0568968 0.3
v 0.0602516 0.00129594 0.3
v -0.0572413 0.023593 0.3
v -0.0561977 0.0264895 0.3
v 0.0395007 0.0472721 0.3
v -0.0550539 0.0294015 0.3
v 0.0502363 0.0366407 0.3
v 0.0582275 0.0222167 0.3
v 0.0371015 0.0490687 0.3
v 0.0299567 -0.053775 0.3
v 0.0596321 0.0189382 0.3
v -0.0187668 -0.0628538 0.3
v -0.00582358 0.0605977 0.3
v -0.0590089 0.0177137 0.3
v -0.0581759 0.0206658 0.3
v 0.00369441 -0.0134037 0.3
v 0.00642075 -0.0114512 0.3
v 0.0603282 0.00489889 0.3
v -0.0287786 0.0498151 0.3
v 0.0511687 -0.0233547 0.3
v 0.0506941 -0.0262125 0.3
v 0.0548382 -0.00192236 0.3
v 0.0548098 -0.00548095 0.3
v -0.000209064 0.0561654 0.3
v 0.00331225 0.0560065 0.3
v -0.0550045 -0.0148838 0.3
v -0.0562677 -0.0119526 0.3
v -0.013967 -0.0573797 0.3
v -0.0189106 -0.0574689 0.3
v -0.0298951 -0.0446067 0.3
v -0.0327036 -0.0431181 0.3
v -0.0589228 -0.00574393 0.3
v 0.0450461 0.036285 0.3
v 0.0472737 0.0344556 0.3
v -0.0226957 -0.0594546 0.3
v -0.0443345 -0.0330282 0.3
v -0.0460529 -0.0305867 0.3
v -0.0177721 0.0516976 0.3
v -0.0539812 0.0194049 0.3
v -0.053237 0.0222376 0.3
v -0.00970782 -0.0576115 0.3
v 0.0548571 -0.00891469 0.3
v -0.0402919 -0.0375321 0.3
v -0.0425033 -0.0354172 0.3
v 0.0172641 -0.054476 0.3
v 0.014497 -0.0551894 0.3
v -0.0422743 0.0410997 0.3
v -0.040588 0.0442201 0.3
v -0.0554444 0.0137474 0.3
v -0.0547357 0.0165683 0.3
v 0.0224932 -0.05219 0.3
v 0.0198907 -0.0533797 0.3
v 0.0487924 -0.028444 0.3
v 0.0469338 -0.0309672 0.3
v 0.0550902 0.0170864 0.3
v 0.0562255 0.0140324 0.3
v 0.0538008 0.0200918 0.3
v -0.0146398 0.0529143 0.3
v -0.0113746 0.0539943 0.3
v -0.0079041 0.0551148 0.3
v -0.00427197 0.0566013 0.3
v 0.015861 0.0545951 0.3
v 0.0189973 0.0541118 0.3
v 0.0116445 -0.0558761 0.3
v 0.00874612 -0.0565494 0.3
v -0.0576041 -0.00891095 0.3
v 0.0416152 -0.0392313 0.3
v 0.0399581 -0.0423655 0.3
v 0.0127535 0.0550836 0.3
v 0.0451414 -0.033619 0.3
v -0.044036 0.038116 0.3
v -0.0522814 -0.0204228 0.3
v -0.0536647 -0.0176973 0.3
v -0.0560121 0.00788979 0.3
v -0.055783 0.0108544 0.3
v -0.0477034 -0.0281357 0.3
v -0.0492989 -0.0256319 0.3
v 0.00966126 0.0555942 0.3
v 0.00653468 0.0560169 0.3
v 0.0524428 0.0230429 0.3
v 0.0521623 -0.0205698 0.3
v -0.0353693 -0.0414045 0.3
v 0.0483091 0.0316836 0.3
v 0.049624 0.028816 0.3
v 0.0366866 0.0438873 0.3
v -0.0508407 -0.0230712 0.3
v 0.0607858 0.00814108 0.3
v -0.0497192 0.0299461 0.3
v -0.0477176 0.0324796 0.3
v 0.0433673 -0.0363637 0.3
v -0.0251887 -0.0549639 0.3
v 0.0221934 0.053659 0.3
v 0.0253899 0.0531533 0.3
v -0.0379035 -0.0395261 0.3
v 0.0342724 0.0459018 0.3
v 0.0250656 -0.0509629 0.3
v 0.0549726 0.00179709 0.3
v -0.0560865 0.00163013 0.3
v -0.0561565 0.00482402 0.3
v 0.00570995 -0.0573249 0.3
v -0.052337 0.0249887 0.3
v -0.0518186 0.0278008 0.3
v 0.0571198 0.0109905 0.3
v -0.0391098 0.0475968 0.3
v 0.051043 0.0259499 0.3
v -0.0458557 0.0352465 0.3
v 0.00239852 -0.0579109 0.3
v -0.0269835 -0.0460395 0.3
v 0.0385399 -0.0463253 0.3
v -0.0258867 0.0453292 0.3
v -0.0214747 -0.0549812 0.3
v -0.0553416 -0.00167335 0.3
v 0.0553136 0.00587175 0.3
v -0.054367 -0.00471084 0.3
v 0.0243016 0.0489212 0.3
v 0.0456911 0.0266844 0.3
v 0.0470014 0.0237701 0.3
v -0.0517072 0.0046177 0.3
v -0.0515808 0.00743882 0.3
v -0.039687 -0.0329502 0.3
v -0.0408686 -0.0304105 0.3
v 0.0106441 -0.0515989 0.3
v 0.0522135 0.0123938 0.3
v 0.0535307 0.00941663 0.3
v -0.0423379 -0.0279597 0.3
v 0.00907586 0.0515381 0.3
v 0.0119892 0.0506934 0.3
v 0.00781934 -0.052305 0.3
v 0.00511915 -0.0534944 0.3
v -0.0371832 -0.0343713 0.3
v -0.0439203 -0.0255751 0.3
v -0.0454665 -0.0231945 0.3
v 0.0499075 -0.00864636 0.3
v -0.0384704 0.0383381 0.3
v -0.0369672 0.0415099 0.3
v -0.04704 -0.0208685 0.3
v -0.0438193 0.0297571 0.3
v -0.0418752 0.032505 0.3
v -0.0102551 0.0491513 0.3
v -0.00690257 0.0498772 0.3
v -0.0134149 0.0482906 0.3
v -0.048352 -0.0183587 0.3
v 0.0180689 0.0496505 0.3
v 0.0211583 0.0492597 0.3
v -0.00893768 -0.0522998 0.3
v -0.0127537 -0.0520377 0.3
v 0.057797 0.00840864 0.3
v -0.0348157 -0.036062 0.3
v 0.0150039 0.0501436 0.3
v -0.0401544 0.0353773 0.3
v -0.0496591 -0.0157946 0.3
v 0.000114326 0.0510634 0.3
v 0.00338324 0.0514579 0.3
v -0.0510317 -0.0132099 0.3
v -0.0520606 -0.0104377 0.3
v -0.0188417 0.0450838 0.3
v -0.016256 0.0468788 0.3
v 0.0425863 0.0332145 0.3
v 0.00629378 0.0523529 0.3
v 0.0483165 0.0209431 0.3
v 0.0495776 0.0180784 0.3
v 0.0478386 -0.0191654 0.3
v -0.0297071 -0.0393162 0.3
v -0.0323042 -0.0377454 0.3
v 0.0441327 0.029662 0.3
v 0.0393661 -0.033625 0.3
v 0.0375426 -0.0363223 0.3
v -0.0460076 0.0270345 0.3
v 0.0412617 -0.0310314 0.3
v 0.0496302 -0.00168435 0.3
v 0.0497081 -0.00515312 0.3
v -0.0532648 -0.00761702 0.3
v 0.0343345 0.0403252 0.3
v 0.0316846 0.041947 0.3
v 0.0235856 -0.0470808 0.3
v 0.0208862 -0.0483924 0.3
v 0.0496668 0.00181521 0.3
v 0.0358418 -0.0392025 0.3
v 0.0340811 -0.0421826 0.3
v -0.00148503 -0.052905 0.3
v -0.00518241 -0.0525897 0.3
v -0.00340611 0.0506279 0.3
v 0.0472776 -0.0227222 0.3
v 0.00198126 -0.0531146 0.3
v 0.0509393 0.0152524 0.3
v -0.0166241 -0.0518388 0.3
v 0.0450113 -0.0257019 0.3
v 0.0431834 -0.0284722 0.3
v -0.0211783 0.0428549 0.3
v -0.0239786 -0.0416538 0.3
v -0.0270105 -0.0407137 0.3
v 0.049781 0.00531561 0.3
v -0.0232446 0.0403028 0.3
v -0.0206042 -0.0421412 0.3
v -0.0459616 -0.0140377 0.3
v 0.0424353 0.0247181 0.3
v 0.0433299 0.0218719 0.3
v 0.0417274 -0.0204721 0.3
v 0.0484576 0.0109397 0.3
v 0.049871 0.00847646 0.3
v -0.0146577 0.042494 0.3
v -0.0123183 0.0444572 0.3
v -0.0416306 0.0242806 0.3
v -0.0398265 0.0271376 0.3
v 0.0445801 -0.00463395 0.3
v 0.0445818 -0.00789698 0.3
v 0.00806572 0.0478615 0.3
v 0.0109817 0.0464513 0.3
v 0.0335435 -0.0332665 0.3
v 0.0319043 -0.0360483 0.3
v 0.0140771 0.0457641 0.3
v -0.0403679 -0.0231032 0.3
v -0.0380417 0.0298398 0.3
v -0.00604964 0.0450308 0.3
v -0.00260196 0.0455996 0.3
v -0.00474771 -0.0473998 0.3
v -0.00819383 -0.0472141 0.3
v -0.0277716 0.0421291 0.3
v -0.00929897 0.0446257 0.3
v 0.00228059 -0.0478767 0.3
v -0.00127739 -0.0475895 0.3
v 0.0172021 0.0454291 0.3
v 0.0202192 0.0451262 0.3
v 0.000941126 0.0464311 0.3
v -0.0477659 0.00391997 0.3
v -0.0475943 0.00713125 0.3
v -0.0363766 0.0325938 0.3
v -0.0169085 0.0405347 0.3
v 0.0428837 -0.01742 0.3
v -0.0477985 -0.0118821 0.3
v -0.0482412 -0.00915281 0.3
v 0.00447883 0.0476969 0.3
v -0.0347482 0.0354873 0.3
v -0.0386017 -0.0254041 0.3
v 0.0356718 0.0318823 0.3
v 0.0379292 0.029237 0.3
v 0.0444425 0.0190427 0.3
v 0.0456512 0.0161862 0.3
v 0.00948388 -0.0472199 0.3
v 0.00616957 -0.0485179 0.3
v 0.0444886 -0.0111597 0.3
v 0.0439246 -0.0143583 0.3
v 0.0287808 0.0386719 0.3
v 0.0316642 0.0372272 0.3
v 0.0354887 -0.0307297 0.3
v 0.0445645 -0.00131203 0.3
v -0.0493232 -0.00646159 0.3
v 0.0471331 0.0135278 0.3
v 0.0335634 0.0346383 0.3
v -0.029301 -0.0340917 0.3
v -0.0319712 -0.0324602 0.3
v 0.0401305 0.0267669 0.3
v -0.0190754 0.0384139 0.3
v 0.044573 0.00217291 0.3
v 0.000274187 -0.0113493 0.3
v -0.0328032 0.0387071 0.3
v -0.0368422 -0.027953 0.3
v -0.0351064 -0.0309727 0.3
v -0.0116756 -0.0470949 0.3
v 0.0303408 -0.0389965 0.3
v 0.0447898 0.00576882 0.3
v -0.0295645 0.0392176 0.3
v -0.0184069 -0.037732 0.3
v -0.0211017 0.036285 0.3
v -0.0430131 -0.0118062 0.3
v 0.00832246 -0.0414604 0.3
v 0.00510615 -0.0419956 0.3
v 0.0438256 0.0118062 0.3
v 0.0456363 0.00928756 0.3
v -0.0372286 0.0220993 0.3
v -0.0364984 0.025117 0.3
v -0.0345621 0.0274245 0.3
v 0.00972912 0.0417759 0.3
v 0.013273 0.0413063 0.3
v -0.037712 -0.0208116 0.3
v -0.0409584 0.0124763 0.3
v -0.0397231 0.0157246 0.3
v 0.0292764 0.0311669 0.3
v 0.031731 0.0282948 0.3
v -0.0455226 -0.00526082 0.3
v -0.00134538 -0.0425339 0.3
v -0.00446571 -0.0426403 0.3
v 0.0166175 0.0413359 0.3
v 0.0197178 0.0413465 0.3
v 0.0279145 -0.032905 0.3
v -0.00883116 0.0394574 0.3
v -0.00539622 0.0399407 0.3
v 0.0232088 0.0362009 0.3
v 0.0268241 0.03456 0.3
v 0.0398735 -0.00419464 0.3
v 0.0400246 -0.00729393 0.3
v -0.00185082 0.0405874 0.3
v 0.00176052 0.0413862 0.3
v -0.00752232 -0.0427282 0.3
v 0.0115755 -0.0409092 0.3
v 0.0391431 0.00267215 0.3
v 0.0395952 -0.000899467 0.3
v 0.00561342 0.0427985 0.3
v -0.0149966 0.0366919 0.3
v -0.0123687 0.0390226 0.3
v 0.0372826 -0.0188489 0.3
v -0.0440298 -0.00815933 0.3
v -0.0351709 -0.0225221 0.3
v 0.034458 0.0257728 0.3
v 0.0406124 0.0173537 0.3
v 0.0420766 0.0144108 0.3
v 0.00184594 -0.0423679 0.3
v 0.0398288 0.0205653 0.3
v -0.0170138 -0.0421527 0.3
v -0.038486 0.0190223 0.3
v -0.025609 -0.0302762 0.3
v -0.0281496 -0.0285388 0.3
v -0.0425211 0.000208486 0.3
v -0.0252866 0.0379772 0.3
v -0.0172744 0.0349455 0.3
v -0.0330119 -0.0245912 0.3
v 0.0375467 0.0235619 0.3
v -0.0307019 -0.0266804 0.3
v -0.0137153 -0.0422614 0.3
v -0.0152806 -0.0470442 0.3
v -0.0165826 -0.0336558 0.3
v -0.0274536 0.0359876 0.3
v -0.00672412 -0.0341257 0.3
v -0.00872027 -0.0317827 0.3
v -0.0190983 0.0329898 0.3
v 0.0059331 0.0364378 0.3
v 0.00956555 0.0366408 0.3
v 0.0307208 0.0220643 0.3
v 0.0340628 0.0196315 0.3
v 0.00232582 0.0359001 0.3
v 0.0310077 -0.0194068 0.3
v 0.0295307 -0.0222231 0.3
v -0.0340664 -0.0157167 0.3
v -0.0354698 -0.0124572 0.3
v 0.0253012 0.027049 0.3
v 0.0279244 0.0245496 0.3
v 0.0101106 -0.0355352 0.3
v 0.00717404 -0.0362459 0.3
v -0.0246437 -0.0248468 0.3
v -0.0271826 -0.0231519 0.3
v -0.0079044 0.0342538 0.3
v -0.00462227 0.0347737 0.3
v 0.013101 0.0369992 0.3
v -0.0380985 0.000677748 0.3
v -0.0310213 0.0248587 0.3
v -0.0347641 0.0139856 0.3
v -0.033755 0.0174495 0.3
v 0.0324261 -0.0164108 0.3
v 0.0160155 -0.0338809 0.3
v 0.0130765 -0.0347704 0.3
v 0.00125961 -0.037659 0.3
v -0.00165553 -0.0381854 0.3
v -0.0298428 -0.0213058 0.3
v -0.0326627 -0.0192081 0.3
v 0.0042314 -0.037049 0.3
v 0.0361531 0.0156741 0.3
v -0.0332259 0.0213755 0.3
v -0.0359664 0.0106874 0.3
v -0.0372118 -0.00928574 0.3
v -0.0152123 -0.0377611 0.3
v -0.00117384 0.0353618 0.3
v -0.022053 -0.0263185 0.3
v -0.0159376 0.032749 0.3
v -0.0193533 -0.027555 0.3
v 0.0226354 0.0295144 0.3
v 0.0348646 -0.000896681 0.3
v 0.0342766 0.00225941 0.3
v -0.0165835 -0.0285736 0.3
v -0.0231621 0.034306 0.3
v -0.0138356 -0.0294828 0.3
v -0.0105805 -0.0424985 0.3
v 0.0265427 0.0185424 0.3
v 0.0289902 0.0158587 0.3
v 0.0119012 -0.0303595 0.3
v 0.00895989 -0.030973 0.3
v 0.0264536 -0.0174197 0.3
v 0.0254332 -0.0204786 0.3
v 0.0286658 -0.0111796 0.3
v 0.00852942 0.0098282 0.3
v -0.013668 -0.0341666 0.3
v -0.0293068 -0.0130001 0.3
v -0.0349715 0.00065409 0.3
v -0.0335195 0.00291284 0.3
v 0.0218256 0.0235015 0.3
v 0.024186 0.0210822 0.3
v 0.00616348 -0.0318069 0.3
v -0.021438 -0.0212983 0.3
v -0.00240472 -0.0347583 0.3
v 0.0120904 0.00943927 0.3
v -0.0312803 0.00894686 0.3
v -0.0299814 0.0121221 0.3
v -0.0195589 -0.0103706 0.3
v -0.0209827 0.030843 0.3
v -0.0113175 -0.0306563 0.3
v 0.00336475 -0.0328119 0.3
v -0.00379865 -0.0315965 0.3
v 0.0305237 -0.00113063 0.3
v 0.0150037 -0.0296041 0.3
v -0.0073316 0.029555 0.3
v -0.00397921 0.0298861 0.3
v -0.0289833 0.015536 0.3
v -0.0278976 0.0189979 0.3
v -0.0326351 0.00590835 0.3
v 0.000433265 -0.0337782 0.3
v 0.0275726 -0.0143503 0.3
v -0.000552423 0.0303381 0.3
v 0.0028862 0.0307542 0.3
v -0.0189764 -0.022641 0.3
v 0.0247939 -0.0236293 0.3
v -0.0164966 -0.0238503 0.3
v 0.0194096 0.0257651 0.3
v 0.00642608 0.0313811 0.3
v -0.0140943 -0.0250349 0.3
v 0.00997165 0.032198 0.3
v -0.0214987 -0.00785249 0.3
v -0.0336949 -0.00165899 0.3
v 0.0191193 0.013422 0.3
v 0.0146299 0.0123644 0.3
v 0.0244194 -0.00652654 0.3
v 0.0236677 -0.00957744 0.3
v 0.0229443 -0.0126911 0.3
v -0.0254899 -0.010444 0.3
v 0.0221749 -0.015858 0.3
v -0.0104303 0.0248674 0.3
v -0.025676 0.0102804 0.3
v 0.00361138 0.0257575 0.3
v 0.0072102 0.026443 0.3
v 0.0208958 0.0182662 0.3
v 0.0227491 0.0156492 0.3
v -0.0235851 0.0172302 0.3
v -0.0246257 0.0137195 0.3
v -0.0198637 0.0244126 0.3
v 0.024996 -0.00334291 0.3
v -0.0163886 -0.0193792 0.3
v -0.0189096 -0.0180181 0.3
v 0.0248514 0.0129768 0.3
v 8.2257e-05 0.0254682 0.3
v -0.00336419 0.0252954 0.3
v 0.0165851 -0.0238193 0.3
v -0.0141384 -0.020702 0.3
v 0.0168557 0.0230291 0.3
v 0.0188896 0.0207647 0.3
v -0.00679324 0.0249493 0.3
v 0.0195472 -0.00849023 0.3
v 0.0190774 -0.0114674 0.3
v 0.0210158 0.0106512 0.3
v 0.014074 -0.019244 0.3
v -0.0203435 0.0118937 0.3
v 0.000634663 0.0206186 0.3
v 0.00440271 0.0201885 0.3
v -0.0213798 0.00842171 0.3
v -0.0168717 0.00684073 0.3
v -0.015697 0.0105396 0.3
v 0.00846447 -0.0156507 0.3
v 0.00518035 -0.0176775 0.3
# </points>

# <faces count="7885">
g Mesh_2
f 1 2 3
f 2 1 4
f 2 4 5
f 6 7 8
f 7 6 2
f 7 2 5
f 9 10 11
f 12 13 14
f 15 10 16
f 15 16 17
f 18 19 20
f 11 10 15
f 11 15 21
f 21 22 23
f 22 21 15
f 22 15 24
f 25 26 27
f 28 25 29
f 29 25 30
f 29 30 31
f 32 33 34
f 35 36 37
f 38 39 40
f 40 39 41
f 40 41 42
f 43 44 45
f 46 47 48
f 46 48 49
f 37 36 50
f 37 50 51
f 52 53 54
f 53 52 41
f 53 41 39
f 55 56 57
f 55 57 58
f 59 60 61
f 62 63 64
f 65 66 67
f 68 69 70
f 60 59 71
f 60 71 72
f 73 74 75
f 73 75 76
f 64 63 77
f 64 77 78
f 79 80 81
f 82 83 84
f 82 84 85
f 86 87 88
f 86 88 89
f 80 79 90
f 80 90 91
f 92 93 94
f 92 94 95
f 96 97 98
f 99 100 101
f 102 103 104
f 102 104 105
f 51 50 106
f 51 106 107
f 108 31 109
f 108 109 110
f 97 96 111
f 97 111 112
f 113 114 115
f 114 113 116
f 114 116 117
f 118 119 120
f 119 118 121
f 119 121 122
f 101 100 123
f 101 123 124
f 125 126 127
f 126 125 128
f 126 128 129
f 130 131 132
f 131 130 133
f 131 133 134
f 135 136 137
f 138 139 140
f 136 135 141
f 136 141 142
f 143 144 145
f 146 45 147
f 146 147 148
f 144 143 149
f 144 149 150
f 151 152 153
f 152 151 154
f 152 154 155
f 156 157 158
f 157 156 159
f 157 159 160
f 161 162 163
f 162 161 164
f 162 164 165
f 166 167 168
f 167 166 169
f 167 169 170
f 171 172 173
f 78 77 174
f 78 174 175
f 176 177 69
f 178 179 180
f 110 109 13
f 110 13 12
f 180 179 181
f 180 181 182
f 146 181 43
f 146 43 45
f 183 184 185
f 105 104 186
f 105 186 187
f 188 189 190
f 188 190 191
f 192 193 194
f 185 184 195
f 185 195 196
f 124 123 197
f 124 197 198
f 24 199 200
f 88 87 201
f 88 201 202
f 203 9 180
f 203 180 182
f 204 205 206
f 187 186 171
f 187 171 173
f 200 199 207
f 200 207 208
f 209 210 211
f 211 210 212
f 211 212 213
f 31 30 214
f 31 214 109
f 85 84 215
f 85 215 89
f 216 217 218
f 218 217 219
f 218 219 220
f 146 201 182
f 146 182 181
f 221 222 223
f 45 44 224
f 45 224 147
f 225 226 227
f 223 222 228
f 223 228 229
f 230 231 232
f 232 231 4
f 232 4 233
f 214 234 185
f 214 185 235
f 236 237 238
f 238 237 239
f 238 239 240
f 392 203 87
f 392 87 86
f 393 394 395
f 181 179 396
f 181 396 43
f 397 398 399
f 88 400 89
f 395 394 401
f 395 401 402
f 403 404 405
f 403 405 406
f 407 67 408
f 407 408 103
f 43 396 409
f 43 409 44
f 172 191 140
f 172 140 83
f 84 410 411
f 84 411 215
f 89 400 412
f 89 412 85
f 413 242 241
f 413 241 414
f 414 241 243
f 414 243 415
f 415 243 244
f 415 244 416
f 416 244 245
f 416 245 417
f 417 245 246
f 417 246 418
f 418 246 247
f 418 247 419
f 419 247 248
f 419 248 420
f 420 248 249
f 420 249 421
f 421 249 250
f 421 250 422
f 422 250 251
f 422 251 423
f 423 251 252
f 423 252 424
f 424 252 253
f 424 253 425
f 425 253 254
f 425 254 426
f 426 254 255
f 426 255 427
f 427 255 256
f 427 256 428
f 428 256 257
f 428 257 429
f 429 257 258
f 429 258 430
f 430 258 259
f 430 259 431
f 431 259 260
f 431 260 432
f 432 260 261
f 432 261 433
f 433 261 262
f 433 262 434
f 434 262 263
f 434 263 435
f 435 263 264
f 435 264 436
f 436 264 265
f 436 265 437
f 437 265 266
f 437 266 438
f 438 266 267
f 438 267 439
f 439 267 268
f 439 268 440
f 440 268 269
f 440 269 441
f 441 269 270
f 441 270 442
f 442 270 271
f 442 271 443
f 443 271 272
f 443 272 444
f 444 272 273
f 444 273 445
f 445 273 274
f 445 274 446
f 446 274 275
f 446 275 447
f 447 275 276
f 447 276 448
f 448 276 277
f 448 277 449
f 449 277 278
f 449 278 450
f 450 278 279
f 450 279 451
f 451 279 280
f 451 280 452
f 452 280 281
f 452 281 453
f 453 281 282
f 453 282 454
f 454 282 283
f 454 283 455
f 455 283 284
f 455 284 456
f 456 284 285
f 456 285 457
f 457 285 286
f 457 286 458
f 458 286 287
f 458 287 459
f 459 287 288
f 459 288 460
f 460 288 289
f 460 289 461
f 461 289 290
f 461 290 462
f 462 290 291
f 462 291 463
f 463 291 292
f 463 292 464
f 464 292 293
f 464 293 465
f 465 293 294
f 465 294 466
f 466 294 295
f 466 295 467
f 467 295 296
f 467 296 468
f 468 296 297
f 468 297 469
f 469 297 298
f 469 298 470
f 470 298 299
f 470 299 471
f 471 299 300
f 471 300 472
f 472 300 301
f 472 301 473
f 473 301 302
f 473 302 474
f 474 302 303
f 474 303 475
f 475 303 304
f 475 304 476
f 476 304 305
f 476 305 477
f 477 305 306
f 477 306 478
f 478 306 307
f 478 307 479
f 479 307 308
f 479 308 480
f 480 308 309
f 480 309 481
f 481 309 310
f 481 310 482
f 482 310 311
f 482 311 483
f 483 311 312
f 483 312 484
f 484 312 313
f 484 313 485
f 485 313 314
f 485 314 486
f 486 314 315
f 486 315 487
f 487 315 316
f 487 316 488
f 488 316 317
f 488 317 489
f 489 317 318
f 489 318 490
f 490 318 319
f 490 319 491
f 491 319 320
f 491 320 492
f 492 320 321
f 492 321 493
f 493 321 322
f 493 322 494
f 494 322 323
f 494 323 495
f 495 323 324
f 495 324 496
f 496 324 325
f 496 325 497
f 497 325 326
f 497 326 498
f 498 326 327
f 498 327 499
f 499 327 328
f 499 328 500
f 500 328 329
f 500 329 501
f 501 329 330
f 501 330 502
f 502 330 331
f 502 331 503
f 503 331 332
f 503 332 504
f 504 332 333
f 504 333 505
f 505 333 334
f 505 334 506
f 506 334 335
f 506 335 507
f 507 335 336
f 507 336 508
f 508 336 337
f 508 337 509
f 509 337 338
f 509 338 510
f 510 338 339
f 510 339 511
f 511 339 340
f 511 340 512
f 512 340 341
f 512 341 513
f 513 341 342
f 513 342 514
f 514 342 343
f 514 343 515
f 515 343 344
f 515 344 516
f 516 344 345
f 516 345 517
f 517 345 346
f 517 346 518
f 518 346 347
f 518 347 519
f 519 347 348
f 519 348 520
f 520 348 349
f 520 349 521
f 521 349 350
f 521 350 522
f 522 350 351
f 522 351 523
f 523 351 352
f 523 352 524
f 524 352 353
f 524 353 525
f 525 353 354
f 525 354 526
f 526 354 355
f 526 355 527
f 527 355 356
f 527 356 528
f 528 356 357
f 528 357 529
f 529 357 358
f 529 358 530
f 530 358 359
f 530 359 531
f 531 359 360
f 531 360 532
f 532 360 361
f 532 361 533
f 533 361 362
f 533 362 534
f 534 362 363
f 534 363 535
f 535 363 364
f 535 364 536
f 536 364 365
f 536 365 537
f 537 365 366
f 537 366 538
f 538 366 367
f 538 367 539
f 539 367 368
f 539 368 540
f 540 368 369
f 540 369 541
f 541 369 370
f 541 370 542
f 542 370 371
f 542 371 543
f 543 371 372
f 543 372 544
f 544 372 373
f 544 373 545
f 545 373 374
f 545 374 546
f 546 374 375
f 546 375 547
f 547 375 376
f 547 376 548
f 548 376 377
f 548 377 549
f 549 377 378
f 549 378 550
f 550 378 379
f 550 379 551
f 551 379 380
f 551 380 552
f 552 380 381
f 552 381 553
f 553 381 382
f 553 382 554
f 554 382 383
f 554 383 555
f 555 383 384
f 555 384 556
f 556 384 385
f 556 385 557
f 557 385 386
f 557 386 558
f 558 386 387
f 558 387 559
f 559 387 388
f 559 388 560
f 560 388 389
f 560 389 561
f 561 389 390
f 561 390 562
f 562 390 391
f 562 391 563
f 563 391 242
f 563 242 413
f 564 565 95
f 564 95 566
f 567 568 565
f 567 565 564
f 569 570 568
f 569 568 567
f 571 572 570
f 571 570 569
f 573 574 572
f 573 572 571
f 575 576 574
f 575 574 573
f 577 578 576
f 577 576 575
f 579 580 578
f 579 578 577
f 581 582 580
f 581 580 579
f 583 584 582
f 583 582 581
f 585 586 584
f 585 584 583
f 587 588 586
f 587 586 585
f 589 590 588
f 589 588 587
f 591 592 590
f 591 590 589
f 593 594 592
f 593 592 591
f 595 596 594
f 595 594 593
f 597 598 596
f 597 596 595
f 599 600 598
f 599 598 597
f 601 99 600
f 601 600 599
f 602 100 99
f 602 99 601
f 603 123 100
f 603 100 602
f 604 197 123
f 604 123 603
f 605 606 197
f 605 197 604
f 607 608 606
f 607 606 605
f 609 610 608
f 609 608 607
f 611 612 610
f 611 610 609
f 613 614 612
f 613 612 611
f 615 616 614
f 615 614 613
f 617 618 616
f 617 616 615
f 619 620 618
f 619 618 617
f 621 622 620
f 621 620 619
f 623 624 622
f 623 622 621
f 625 626 624
f 625 624 623
f 627 628 626
f 627 626 625
f 629 630 628
f 629 628 627
f 631 632 630
f 631 630 629
f 633 634 632
f 633 632 631
f 635 636 634
f 635 634 633
f 637 638 636
f 637 636 635
f 639 640 638
f 639 638 637
f 641 642 640
f 641 640 639
f 643 644 642
f 643 642 641
f 645 646 644
f 645 644 643
f 647 648 646
f 647 646 645
f 649 650 648
f 649 648 647
f 651 652 650
f 651 650 649
f 653 654 652
f 653 652 651
f 655 656 654
f 655 654 653
f 657 658 656
f 657 656 655
f 659 75 658
f 659 658 657
f 660 76 75
f 660 75 659
f 661 662 76
f 661 76 660
f 663 664 662
f 663 662 661
f 665 666 664
f 665 664 663
f 667 668 666
f 667 666 665
f 669 670 668
f 669 668 667
f 671 672 670
f 671 670 669
f 673 674 672
f 673 672 671
f 675 676 674
f 675 674 673
f 677 678 676
f 677 676 675
f 679 680 678
f 679 678 677
f 681 682 680
f 681 680 679
f 683 684 682
f 683 682 681
f 685 686 684
f 685 684 683
f 687 688 686
f 687 686 685
f 689 690 688
f 689 688 687
f 691 692 690
f 691 690 689
f 693 694 692
f 693 692 691
f 695 696 694
f 695 694 693
f 697 62 696
f 697 696 695
f 698 63 62
f 698 62 697
f 699 77 63
f 699 63 698
f 700 174 77
f 700 77 699
f 701 702 174
f 701 174 700
f 703 704 702
f 703 702 701
f 705 706 704
f 705 704 703
f 707 708 706
f 707 706 705
f 709 710 708
f 709 708 707
f 711 712 710
f 711 710 709
f 713 714 712
f 713 712 711
f 715 716 714
f 715 714 713
f 717 718 716
f 717 716 715
f 719 720 718
f 719 718 717
f 721 722 720
f 721 720 719
f 723 724 722
f 723 722 721
f 725 726 724
f 725 724 723
f 727 728 726
f 727 726 725
f 729 730 728
f 729 728 727
f 731 732 730
f 731 730 729
f 733 734 732
f 733 732 731
f 735 736 734
f 735 734 733
f 737 738 736
f 737 736 735
f 739 740 738
f 739 738 737
f 741 742 740
f 741 740 739
f 743 744 742
f 743 742 741
f 745 746 744
f 745 744 743
f 747 748 746
f 747 746 745
f 749 750 748
f 749 748 747
f 751 752 750
f 751 750 749
f 753 754 752
f 753 752 751
f 755 57 754
f 755 754 753
f 756 58 57
f 756 57 755
f 757 758 58
f 757 58 756
f 759 760 758
f 759 758 757
f 761 762 760
f 761 760 759
f 763 764 762
f 763 762 761
f 765 766 764
f 765 764 763
f 767 768 766
f 767 766 765
f 769 770 768
f 769 768 767
f 771 772 770
f 771 770 769
f 773 774 772
f 773 772 771
f 775 776 774
f 775 774 773
f 777 778 776
f 777 776 775
f 779 780 778
f 779 778 777
f 781 782 780
f 781 780 779
f 783 784 782
f 783 782 781
f 785 786 784
f 785 784 783
f 787 788 786
f 787 786 785
f 789 790 788
f 789 788 787
f 791 792 790
f 791 790 789
f 793 35 792
f 793 792 791
f 794 36 35
f 794 35 793
f 795 50 36
f 795 36 794
f 796 106 50
f 796 50 795
f 797 798 106
f 797 106 796
f 799 800 798
f 799 798 797
f 801 802 800
f 801 800 799
f 803 804 802
f 803 802 801
f 805 806 804
f 805 804 803
f 807 808 806
f 807 806 805
f 809 810 808
f 809 808 807
f 811 812 810
f 811 810 809
f 813 814 812
f 813 812 811
f 815 816 814
f 815 814 813
f 817 818 816
f 817 816 815
f 819 820 818
f 819 818 817
f 821 822 820
f 821 820 819
f 823 824 822
f 823 822 821
f 825 826 824
f 825 824 823
f 827 828 826
f 827 826 825
f 829 830 828
f 829 828 827
f 831 832 830
f 831 830 829
f 833 834 832
f 833 832 831
f 835 836 834
f 835 834 833
f 837 838 836
f 837 836 835
f 839 840 838
f 839 838 837
f 841 842 840
f 841 840 839
f 843 844 842
f 843 842 841
f 845 846 844
f 845 844 843
f 847 94 846
f 847 846 845
f 566 95 94
f 566 94 847
f 848 849 413
f 848 413 414
f 850 851 849
f 850 849 848
f 852 853 851
f 852 851 850
f 854 855 853
f 854 853 852
f 856 857 855
f 856 855 854
f 858 859 857
f 858 857 856
f 860 861 859
f 860 859 858
f 564 566 861
f 564 861 860
f 563 413 849
f 563 849 862
f 862 849 851
f 862 851 863
f 863 851 853
f 863 853 864
f 864 853 855
f 864 855 865
f 865 855 857
f 865 857 866
f 866 857 859
f 866 859 867
f 867 859 861
f 867 861 868
f 868 861 566
f 868 566 847
f 869 416 417
f 869 417 870
f 870 417 418
f 870 418 871
f 871 418 419
f 871 419 872
f 872 419 420
f 872 420 873
f 873 420 421
f 873 421 874
f 874 421 422
f 874 422 875
f 875 422 423
f 875 423 876
f 876 423 424
f 876 424 877
f 877 424 425
f 877 425 878
f 878 425 426
f 878 426 879
f 879 426 427
f 879 427 880
f 880 427 428
f 880 428 881
f 881 428 429
f 881 429 882
f 882 429 430
f 882 430 883
f 883 430 431
f 883 431 884
f 884 431 432
f 884 432 885
f 885 432 433
f 885 433 886
f 886 433 434
f 886 434 887
f 887 434 435
f 887 435 888
f 888 435 436
f 888 436 889
f 889 436 437
f 889 437 890
f 890 437 438
f 890 438 891
f 891 438 439
f 891 439 892
f 892 439 440
f 892 440 893
f 893 440 441
f 893 441 894
f 894 441 442
f 894 442 895
f 895 442 443
f 895 443 896
f 896 443 444
f 896 444 897
f 897 444 445
f 897 445 898
f 898 445 446
f 898 446 899
f 899 446 447
f 899 447 900
f 900 447 448
f 900 448 901
f 901 448 449
f 901 449 902
f 902 449 450
f 902 450 903
f 903 450 451
f 903 451 904
f 904 451 452
f 904 452 905
f 905 452 453
f 905 453 906
f 906 453 454
f 906 454 907
f 907 454 455
f 907 455 908
f 908 455 456
f 908 456 909
f 909 456 457
f 909 457 910
f 910 457 458
f 910 458 911
f 911 458 459
f 911 459 912
f 912 459 460
f 912 460 913
f 913 460 461
f 913 461 914
f 914 461 462
f 914 462 915
f 915 462 463
f 915 463 916
f 916 463 464
f 916 464 917
f 917 464 465
f 917 465 918
f 918 465 466
f 918 466 919
f 919 466 467
f 919 467 920
f 920 467 468
f 920 468 921
f 921 468 469
f 921 469 922
f 922 469 470
f 922 470 923
f 923 470 471
f 923 471 924
f 924 471 472
f 924 472 925
f 925 472 473
f 925 473 926
f 926 473 474
f 926 474 927
f 927 474 475
f 927 475 928
f 928 475 476
f 928 476 929
f 929 476 477
f 929 477 930
f 930 477 478
f 930 478 931
f 931 478 479
f 931 479 932
f 932 479 480
f 932 480 933
f 933 480 481
f 933 481 934
f 934 481 482
f 934 482 935
f 935 482 483
f 935 483 936
f 936 483 484
f 936 484 937
f 937 484 485
f 937 485 938
f 938 485 486
f 938 486 939
f 939 486 487
f 939 487 940
f 940 487 488
f 940 488 941
f 941 488 489
f 941 489 942
f 942 489 490
f 942 490 943
f 943 490 491
f 943 491 944
f 944 491 492
f 944 492 945
f 945 492 493
f 945 493 946
f 946 493 494
f 946 494 947
f 947 494 495
f 947 495 948
f 948 495 496
f 948 496 949
f 949 496 497
f 949 497 950
f 950 497 498
f 950 498 951
f 951 498 499
f 951 499 952
f 952 499 500
f 952 500 953
f 953 500 501
f 953 501 954
f 954 501 502
f 954 502 955
f 955 502 503
f 955 503 956
f 956 503 504
f 956 504 957
f 957 504 505
f 957 505 958
f 958 505 506
f 958 506 959
f 959 506 507
f 959 507 960
f 960 507 508
f 960 508 961
f 961 508 509
f 961 509 962
f 962 509 510
f 962 510 963
f 963 510 511
f 963 511 964
f 964 511 512
f 964 512 965
f 965 512 513
f 965 513 966
f 966 513 514
f 966 514 967
f 967 514 515
f 967 515 968
f 968 515 516
f 968 516 969
f 969 516 517
f 969 517 970
f 970 517 518
f 970 518 971
f 971 518 519
f 971 519 972
f 972 519 520
f 972 520 973
f 973 520 521
f 973 521 974
f 974 521 522
f 974 522 975
f 975 522 523
f 975 523 976
f 976 523 524
f 976 524 977
f 977 524 525
f 977 525 978
f 978 525 526
f 978 526 979
f 979 526 527
f 979 527 980
f 980 527 528
f 980 528 981
f 981 528 529
f 981 529 982
f 982 529 530
f 982 530 983
f 983 530 531
f 983 531 984
f 984 531 532
f 984 532 985
f 985 532 533
f 985 533 986
f 986 533 534
f 986 534 987
f 987 534 535
f 987 535 988
f 988 535 536
f 988 536 989
f 989 536 537
f 989 537 990
f 990 537 538
f 990 538 991
f 991 538 539
f 991 539 992
f 992 539 540
f 992 540 993
f 993 540 541
f 993 541 994
f 994 541 542
f 994 542 995
f 995 542 543
f 995 543 996
f 996 543 544
f 996 544 997
f 997 544 545
f 997 545 998
f 998 545 546
f 998 546 999
f 999 546 547
f 999 547 1000
f 1000 547 548
f 1000 548 1001
f 1001 548 549
f 1001 549 1002
f 1002 549 550
f 1002 550 1003
f 1003 550 551
f 1003 551 1004
f 1004 551 552
f 1004 552 1005
f 1005 552 553
f 1005 553 1006
f 1006 553 554
f 1006 554 1007
f 1007 554 555
f 1007 555 1008
f 1008 555 556
f 1008 556 1009
f 1009 556 557
f 1009 557 1010
f 1010 557 558
f 1010 558 1011
f 1011 558 559
f 1011 559 1012
f 1012 559 560
f 1012 560 1013
f 1013 560 561
f 1013 561 1014
f 1014 561 562
f 1014 562 1015
f 1015 562 563
f 1015 563 862
f 1015 862 863
f 1015 863 1016
f 1017 567 564
f 1017 564 860
f 1018 569 567
f 1018 567 1017
f 1019 571 569
f 1019 569 1018
f 1020 573 571
f 1020 571 1019
f 1021 575 573
f 1021 573 1020
f 1022 577 575
f 1022 575 1021
f 1023 579 577
f 1023 577 1022
f 1024 581 579
f 1024 579 1023
f 1025 583 581
f 1025 581 1024
f 1026 585 583
f 1026 583 1025
f 1027 587 585
f 1027 585 1026
f 1028 589 587
f 1028 587 1027
f 1029 591 589
f 1029 589 1028
f 1030 593 591
f 1030 591 1029
f 1031 595 593
f 1031 593 1030
f 1032 597 595
f 1032 595 1031
f 1033 599 597
f 1033 597 1032
f 1034 601 599
f 1034 599 1033
f 1035 602 601
f 1035 601 1034
f 1036 603 602
f 1036 602 1035
f 1037 604 603
f 1037 603 1036
f 1038 605 604
f 1038 604 1037
f 1039 607 605
f 1039 605 1038
f 1040 609 607
f 1040 607 1039
f 1041 611 609
f 1041 609 1040
f 1042 613 611
f 1042 611 1041
f 1043 615 613
f 1043 613 1042
f 1044 617 615
f 1044 615 1043
f 1045 619 617
f 1045 617 1044
f 1046 621 619
f 1046 619 1045
f 1047 623 621
f 1047 621 1046
f 1048 625 623
f 1048 623 1047
f 1049 627 625
f 1049 625 1048
f 1050 629 627
f 1050 627 1049
f 1051 631 629
f 1051 629 1050
f 1052 633 631
f 1052 631 1051
f 1053 635 633
f 1053 633 1052
f 1054 637 635
f 1054 635 1053
f 1055 639 637
f 1055 637 1054
f 1056 641 639
f 1056 639 1055
f 1057 643 641
f 1057 641 1056
f 1058 645 643
f 1058 643 1057
f 1059 647 645
f 1059 645 1058
f 1060 649 647
f 1060 647 1059
f 1061 651 649
f 1061 649 1060
f 1062 653 651
f 1062 651 1061
f 1063 655 653
f 1063 653 1062
f 1064 657 655
f 1064 655 1063
f 1065 659 657
f 1065 657 1064
f 1066 660 659
f 1066 659 1065
f 1067 661 660
f 1067 660 1066
f 1068 663 661
f 1068 661 1067
f 1069 665 663
f 1069 663 1068
f 1070 667 665
f 1070 665 1069
f 1071 669 667
f 1071 667 1070
f 1072 671 669
f 1072 669 1071
f 1073 673 671
f 1073 671 1072
f 1074 675 673
f 1074 673 1073
f 1075 677 675
f 1075 675 1074
f 1076 679 677
f 1076 677 1075
f 1077 681 679
f 1077 679 1076
f 1078 683 681
f 1078 681 1077
f 1079 685 683
f 1079 683 1078
f 1080 687 685
f 1080 685 1079
f 1081 689 687
f 1081 687 1080
f 1082 691 689
f 1082 689 1081
f 1083 693 691
f 1083 691 1082
f 1084 695 693
f 1084 693 1083
f 1085 697 695
f 1085 695 1084
f 1086 698 697
f 1086 697 1085
f 1087 699 698
f 1087 698 1086
f 1088 700 699
f 1088 699 1087
f 1089 701 700
f 1089 700 1088
f 1090 703 701
f 1090 701 1089
f 1091 705 703
f 1091 703 1090
f 1092 707 705
f 1092 705 1091
f 1093 709 707
f 1093 707 1092
f 1094 711 709
f 1094 709 1093
f 1095 713 711
f 1095 711 1094
f 1096 715 713
f 1096 713 1095
f 1097 717 715
f 1097 715 1096
f 1098 719 717
f 1098 717 1097
f 1099 721 719
f 1099 719 1098
f 1100 723 721
f 1100 721 1099
f 1101 725 723
f 1101 723 1100
f 1102 727 725
f 1102 725 1101
f 1103 729 727
f 1103 727 1102
f 1104 731 729
f 1104 729 1103
f 1105 733 731
f 1105 731 1104
f 1106 735 733
f 1106 733 1105
f 1107 737 735
f 1107 735 1106
f 1108 739 737
f 1108 737 1107
f 1109 741 739
f 1109 739 1108
f 1110 743 741
f 1110 741 1109
f 1111 745 743
f 1111 743 1110
f 1112 747 745
f 1112 745 1111
f 1113 749 747
f 1113 747 1112
f 1114 751 749
f 1114 749 1113
f 1115 753 751
f 1115 751 1114
f 1116 755 753
f 1116 753 1115
f 1117 756 755
f 1117 755 1116
f 1118 757 756
f 1118 756 1117
f 1119 759 757
f 1119 757 1118
f 1120 761 759
f 1120 759 1119
f 1121 763 761
f 1121 761 1120
f 1122 765 763
f 1122 763 1121
f 1123 767 765
f 1123 765 1122
f 1124 769 767
f 1124 767 1123
f 1125 771 769
f 1125 769 1124
f 1126 773 771
f 1126 771 1125
f 1127 775 773
f 1127 773 1126
f 1128 777 775
f 1128 775 1127
f 1129 779 777
f 1129 777 1128
f 1130 781 779
f 1130 779 1129
f 1131 783 781
f 1131 781 1130
f 1132 785 783
f 1132 783 1131
f 1133 787 785
f 1133 785 1132
f 1134 789 787
f 1134 787 1133
f 1135 791 789
f 1135 789 1134
f 1136 793 791
f 1136 791 1135
f 1137 794 793
f 1137 793 1136
f 1138 795 794
f 1138 794 1137
f 1139 796 795
f 1139 795 1138
f 1140 797 796
f 1140 796 1139
f 1141 799 797
f 1141 797 1140
f 1142 801 799
f 1142 799 1141
f 1143 803 801
f 1143 801 1142
f 1144 805 803
f 1144 803 1143
f 1145 807 805
f 1145 805 1144
f 1146 809 807
f 1146 807 1145
f 1147 811 809
f 1147 809 1146
f 1148 813 811
f 1148 811 1147
f 1149 815 813
f 1149 813 1148
f 1150 817 815
f 1150 815 1149
f 1151 819 817
f 1151 817 1150
f 1152 821 819
f 1152 819 1151
f 1153 823 821
f 1153 821 1152
f 1154 825 823
f 1154 823 1153
f 1155 827 825
f 1155 825 1154
f 1156 829 827
f 1156 827 1155
f 1157 831 829
f 1157 829 1156
f 1158 833 831
f 1158 831 1157
f 1159 835 833
f 1159 833 1158
f 1160 837 835
f 1160 835 1159
f 1161 839 837
f 1161 837 1160
f 1162 841 839
f 1162 839 1161
f 1163 843 841
f 1163 841 1162
f 1164 845 843
f 1164 843 1163
f 868 847 845
f 868 845 1164
f 848 414 415
f 848 415 1165
f 1166 850 848
f 1166 848 1165
f 1167 852 850
f 1167 850 1166
f 1168 854 852
f 1168 852 1167
f 1169 856 854
f 1169 854 1168
f 1170 858 856
f 1170 856 1169
f 1017 860 858
f 1017 858 1170
f 1171 864 865
f 1171 865 1172
f 1172 865 866
f 1172 866 1173
f 1173 866 867
f 1173 867 1174
f 1174 867 868
f 1174 868 1164
f 1016 863 864
f 1016 864 1171
f 1165 415 416
f 1165 416 869
f 1175 870 871
f 1175 871 1176
f 1177 873 874
f 1177 874 1178
f 1178 874 875
f 1178 875 1179
f 1179 875 876
f 1179 876 1180
f 1180 876 877
f 1180 877 1181
f 1181 877 878
f 1181 878 1182
f 1182 878 879
f 1182 879 1183
f 1183 879 880
f 1183 880 1184
f 1184 880 881
f 1184 881 1185
f 1185 881 882
f 1185 882 1186
f 1186 882 883
f 1186 883 1187
f 1187 883 884
f 1187 884 1188
f 1188 884 885
f 1188 885 1189
f 1189 885 886
f 1189 886 1190
f 1190 886 887
f 1190 887 1191
f 1191 887 888
f 1191 888 1192
f 1192 888 889
f 1192 889 1193
f 1193 889 890
f 1193 890 1194
f 1194 890 891
f 1194 891 1195
f 1195 891 892
f 1195 892 1196
f 1196 892 893
f 1196 893 1197
f 1197 893 894
f 1197 894 1198
f 1198 894 895
f 1198 895 1199
f 1199 895 896
f 1199 896 1200
f 1200 896 897
f 1200 897 1201
f 1201 897 898
f 1201 898 1202
f 1202 898 899
f 1202 899 1203
f 1203 899 900
f 1203 900 1204
f 1204 900 901
f 1204 901 1205
f 1205 901 902
f 1205 902 1206
f 1206 902 903
f 1206 903 1207
f 1207 903 904
f 1207 904 1208
f 1208 904 905
f 1208 905 1209
f 1209 905 906
f 1209 906 1210
f 1210 906 907
f 1210 907 1211
f 1211 907 908
f 1211 908 1212
f 1212 908 909
f 1212 909 1213
f 1213 909 910
f 1213 910 1214
f 1214 910 911
f 1214 911 1215
f 1215 911 912
f 1215 912 1216
f 1216 912 913
f 1216 913 1217
f 1217 913 914
f 1217 914 1218
f 1218 914 915
f 1218 915 1219
f 1219 915 916
f 1219 916 1220
f 1220 916 917
f 1220 917 1221
f 1221 917 918
f 1221 918 1222
f 1222 918 919
f 1222 919 1223
f 1223 919 920
f 1223 920 1224
f 1224 920 921
f 1224 921 1225
f 1225 921 922
f 1225 922 1226
f 1226 922 923
f 1226 923 1227
f 1227 923 924
f 1227 924 1228
f 1228 924 925
f 1228 925 1229
f 1229 925 926
f 1229 926 1230
f 1230 926 927
f 1230 927 1231
f 1231 927 928
f 1231 928 1232
f 1232 928 929
f 1232 929 1233
f 1233 929 930
f 1233 930 1234
f 1234 930 931
f 1234 931 1235
f 1235 931 932
f 1235 932 1236
f 1236 932 933
f 1236 933 1237
f 1237 933 934
f 1237 934 1238
f 1238 934 935
f 1238 935 1239
f 1239 935 936
f 1239 936 1240
f 1240 936 937
f 1240 937 1241
f 1241 937 938
f 1241 938 1242
f 1242 938 939
f 1242 939 1243
f 1243 939 940
f 1243 940 1244
f 1244 940 941
f 1244 941 1245
f 1245 941 942
f 1245 942 1246
f 1246 942 943
f 1246 943 1247
f 1247 943 944
f 1247 944 1248
f 1248 944 945
f 1248 945 1249
f 1249 945 946
f 1249 946 1250
f 1250 946 947
f 1250 947 1251
f 1251 947 948
f 1251 948 1252
f 1252 948 949
f 1252 949 1253
f 1253 949 950
f 1253 950 1254
f 1254 950 951
f 1254 951 1255
f 1255 951 952
f 1255 952 1256
f 1256 952 953
f 1256 953 1257
f 1257 953 954
f 1257 954 1258
f 1258 954 955
f 1258 955 1259
f 1259 955 956
f 1259 956 1260
f 1260 956 957
f 1260 957 1261
f 1261 957 958
f 1261 958 1262
f 1262 958 959
f 1262 959 1263
f 1263 959 960
f 1263 960 1264
f 1264 960 961
f 1264 961 1265
f 1265 961 962
f 1265 962 1266
f 1266 962 963
f 1266 963 1267
f 1267 963 964
f 1267 964 1268
f 1268 964 965
f 1268 965 1269
f 1269 965 966
f 1269 966 1270
f 1270 966 967
f 1270 967 1271
f 1271 967 968
f 1271 968 1272
f 1272 968 969
f 1272 969 1273
f 1273 969 970
f 1273 970 1274
f 1274 970 971
f 1274 971 1275
f 1275 971 972
f 1275 972 1276
f 1276 972 973
f 1276 973 1277
f 1277 973 974
f 1277 974 1278
f 1278 974 975
f 1278 975 1279
f 1279 975 976
f 1279 976 1280
f 1280 976 977
f 1280 977 1281
f 1281 977 978
f 1281 978 1282
f 1282 978 979
f 1282 979 1283
f 1283 979 980
f 1283 980 1284
f 1284 980 981
f 1284 981 1285
f 1285 981 982
f 1285 982 1286
f 1286 982 983
f 1286 983 1287
f 1287 983 984
f 1287 984 1288
f 1288 984 985
f 1288 985 1289
f 1289 985 986
f 1289 986 1290
f 1290 986 987
f 1290 987 1291
f 1291 987 988
f 1291 988 1292
f 1292 988 989
f 1292 989 1293
f 1293 989 990
f 1293 990 1294
f 1294 990 991
f 1294 991 1295
f 1295 991 992
f 1295 992 1296
f 1296 992 993
f 1296 993 1297
f 1297 993 994
f 1297 994 1298
f 1298 994 995
f 1298 995 1299
f 1299 995 996
f 1299 996 1300
f 1300 996 997
f 1300 997 1301
f 1301 997 998
f 1301 998 1302
f 1302 998 999
f 1302 999 1303
f 1303 999 1000
f 1303 1000 1304
f 1304 1000 1001
f 1304 1001 1305
f 1305 1001 1002
f 1305 1002 1306
f 1306 1002 1003
f 1306 1003 1307
f 1307 1003 1004
f 1307 1004 1308
f 1308 1004 1005
f 1308 1005 1309
f 1309 1005 1006
f 1309 1006 1310
f 1310 1006 1007
f 1310 1007 1311
f 1311 1007 1008
f 1311 1008 1312
f 1312 1008 1009
f 1312 1009 1313
f 1313 1009 1010
f 1313 1010 1314
f 1314 1010 1011
f 1314 1011 1315
f 1315 1011 1012
f 1315 1012 1316
f 1316 1012 1013
f 1316 1013 1317
f 1317 1013 1014
f 1317 1014 1318
f 1318 1014 1015
f 1318 1015 1016
f 1319 1173 1174
f 1319 1174 1320
f 1321 869 870
f 1321 870 1175
f 1322 1018 1017
f 1322 1017 1170
f 1323 1019 1018
f 1323 1018 1322
f 1324 1020 1019
f 1324 1019 1323
f 1325 1021 1020
f 1325 1020 1324
f 1326 1022 1021
f 1326 1021 1325
f 1327 1023 1022
f 1327 1022 1326
f 1328 1024 1023
f 1328 1023 1327
f 1329 1025 1024
f 1329 1024 1328
f 1330 1026 1025
f 1330 1025 1329
f 1331 1027 1026
f 1331 1026 1330
f 1332 1028 1027
f 1332 1027 1331
f 1333 1029 1028
f 1333 1028 1332
f 1334 1030 1029
f 1334 1029 1333
f 1335 1031 1030
f 1335 1030 1334
f 1336 1032 1031
f 1336 1031 1335
f 1337 1033 1032
f 1337 1032 1336
f 1338 1034 1033
f 1338 1033 1337
f 1339 1035 1034
f 1339 1034 1338
f 1340 1036 1035
f 1340 1035 1339
f 1341 1037 1036
f 1341 1036 1340
f 1342 1038 1037
f 1342 1037 1341
f 1343 1039 1038
f 1343 1038 1342
f 1344 1040 1039
f 1344 1039 1343
f 1345 1041 1040
f 1345 1040 1344
f 1346 1042 1041
f 1346 1041 1345
f 1347 1043 1042
f 1347 1042 1346
f 1348 1044 1043
f 1348 1043 1347
f 1349 1045 1044
f 1349 1044 1348
f 1350 1046 1045
f 1350 1045 1349
f 1351 1047 1046
f 1351 1046 1350
f 1352 1048 1047
f 1352 1047 1351
f 1353 1049 1048
f 1353 1048 1352
f 1354 1050 1049
f 1354 1049 1353
f 1355 1051 1050
f 1355 1050 1354
f 1356 1052 1051
f 1356 1051 1355
f 1357 1053 1052
f 1357 1052 1356
f 1358 1054 1053
f 1358 1053 1357
f 1359 1055 1054
f 1359 1054 1358
f 1360 1056 1055
f 1360 1055 1359
f 1361 1057 1056
f 1361 1056 1360
f 1362 1058 1057
f 1362 1057 1361
f 1363 1059 1058
f 1363 1058 1362
f 1364 1060 1059
f 1364 1059 1363
f 1365 1061 1060
f 1365 1060 1364
f 1366 1062 1061
f 1366 1061 1365
f 1367 1063 1062
f 1367 1062 1366
f 1368 1064 1063
f 1368 1063 1367
f 1369 1065 1064
f 1369 1064 1368
f 1370 1066 1065
f 1370 1065 1369
f 1371 1067 1066
f 1371 1066 1370
f 1372 1068 1067
f 1372 1067 1371
f 1373 1069 1068
f 1373 1068 1372
f 1374 1070 1069
f 1374 1069 1373
f 1375 1071 1070
f 1375 1070 1374
f 1376 1072 1071
f 1376 1071 1375
f 1377 1073 1072
f 1377 1072 1376
f 1378 1074 1073
f 1378 1073 1377
f 1379 1075 1074
f 1379 1074 1378
f 1380 1076 1075
f 1380 1075 1379
f 1381 1077 1076
f 1381 1076 1380
f 1382 1078 1077
f 1382 1077 1381
f 1383 1079 1078
f 1383 1078 1382
f 1384 1080 1079
f 1384 1079 1383
f 1385 1081 1080
f 1385 1080 1384
f 1386 1082 1081
f 1386 1081 1385
f 1387 1083 1082
f 1387 1082 1386
f 1388 1084 1083
f 1388 1083 1387
f 1389 1085 1084
f 1389 1084 1388
f 1390 1086 1085
f 1390 1085 1389
f 1391 1087 1086
f 1391 1086 1390
f 1392 1088 1087
f 1392 1087 1391
f 1393 1089 1088
f 1393 1088 1392
f 1394 1090 1089
f 1394 1089 1393
f 1395 1091 1090
f 1395 1090 1394
f 1396 1092 1091
f 1396 1091 1395
f 1397 1093 1092
f 1397 1092 1396
f 1398 1094 1093
f 1398 1093 1397
f 1399 1095 1094
f 1399 1094 1398
f 1400 1096 1095
f 1400 1095 1399
f 1401 1097 1096
f 1401 1096 1400
f 1402 1098 1097
f 1402 1097 1401
f 1403 1099 1098
f 1403 1098 1402
f 1404 1100 1099
f 1404 1099 1403
f 1405 1101 1100
f 1405 1100 1404
f 1406 1102 1101
f 1406 1101 1405
f 1407 1103 1102
f 1407 1102 1406
f 1408 1104 1103
f 1408 1103 1407
f 1409 1105 1104
f 1409 1104 1408
f 1410 1106 1105
f 1410 1105 1409
f 1411 1107 1106
f 1411 1106 1410
f 1412 1108 1107
f 1412 1107 1411
f 1413 1109 1108
f 1413 1108 1412
f 1414 1110 1109
f 1414 1109 1413
f 1415 1111 1110
f 1415 1110 1414
f 1416 1112 1111
f 1416 1111 1415
f 1417 1113 1112
f 1417 1112 1416
f 1418 1114 1113
f 1418 1113 1417
f 1419 1115 1114
f 1419 1114 1418
f 1420 1116 1115
f 1420 1115 1419
f 1421 1117 1116
f 1421 1116 1420
f 1422 1118 1117
f 1422 1117 1421
f 1423 1119 1118
f 1423 1118 1422
f 1424 1120 1119
f 1424 1119 1423
f 1425 1121 1120
f 1425 1120 1424
f 1426 1122 1121
f 1426 1121 1425
f 1427 1123 1122
f 1427 1122 1426
f 1428 1124 1123
f 1428 1123 1427
f 1429 1125 1124
f 1429 1124 1428
f 1430 1126 1125
f 1430 1125 1429
f 1431 1127 1126
f 1431 1126 1430
f 1432 1128 1127
f 1432 1127 1431
f 1433 1129 1128
f 1433 1128 1432
f 1434 1130 1129
f 1434 1129 1433
f 1435 1131 1130
f 1435 1130 1434
f 1436 1132 1131
f 1436 1131 1435
f 1437 1133 1132
f 1437 1132 1436
f 1438 1134 1133
f 1438 1133 1437
f 1439 1135 1134
f 1439 1134 1438
f 1440 1136 1135
f 1440 1135 1439
f 1441 1137 1136
f 1441 1136 1440
f 1442 1138 1137
f 1442 1137 1441
f 1443 1139 1138
f 1443 1138 1442
f 1444 1140 1139
f 1444 1139 1443
f 1445 1141 1140
f 1445 1140 1444
f 1446 1142 1141
f 1446 1141 1445
f 1447 1143 1142
f 1447 1142 1446
f 1448 1144 1143
f 1448 1143 1447
f 1449 1145 1144
f 1449 1144 1448
f 1450 1146 1145
f 1450 1145 1449
f 1451 1147 1146
f 1451 1146 1450
f 1452 1148 1147
f 1452 1147 1451
f 1453 1149 1148
f 1453 1148 1452
f 1454 1150 1149
f 1454 1149 1453
f 1455 1151 1150
f 1455 1150 1454
f 1456 1152 1151
f 1456 1151 1455
f 1457 1153 1152
f 1457 1152 1456
f 1458 1154 1153
f 1458 1153 1457
f 1459 1155 1154
f 1459 1154 1458
f 1460 1156 1155
f 1460 1155 1459
f 1461 1157 1156
f 1461 1156 1460
f 1462 1158 1157
f 1462 1157 1461
f 1463 1159 1158
f 1463 1158 1462
f 1464 1160 1159
f 1464 1159 1463
f 1465 1161 1160
f 1465 1160 1464
f 1466 1162 1161
f 1466 1161 1465
f 1320 1163 1162
f 1320 1162 1466
f 1174 1164 1163
f 1174 1163 1320
f 1467 1468 1469
f 1470 1168 1167
f 1470 1167 1471
f 1472 1169 1168
f 1472 1168 1470
f 1322 1170 1169
f 1322 1169 1472
f 1473 1171 1172
f 1473 1172 1474
f 1474 1172 1173
f 1474 1173 1319
f 1318 1016 1171
f 1318 1171 1473
f 1176 871 872
f 1176 872 1475
f 1475 872 873
f 1475 873 1177
f 1476 1179 1180
f 1476 1180 1477
f 1478 1178 1179
f 1478 1179 1476
f 1479 1181 1182
f 1479 1182 1480
f 1480 1182 1183
f 1480 1183 1481
f 1481 1183 1184
f 1481 1184 1482
f 1482 1184 1185
f 1482 1185 1483
f 1483 1185 1186
f 1483 1186 1484
f 1484 1186 1187
f 1484 1187 1485
f 1485 1187 1188
f 1485 1188 1486
f 1486 1188 1189
f 1486 1189 1487
f 1487 1189 1190
f 1487 1190 1488
f 1488 1190 1191
f 1488 1191 1489
f 1489 1191 1192
f 1489 1192 1490
f 1490 1192 1193
f 1490 1193 1491
f 1491 1193 1194
f 1491 1194 1492
f 1492 1194 1195
f 1492 1195 1493
f 1493 1195 1196
f 1493 1196 1494
f 1494 1196 1197
f 1494 1197 1495
f 1495 1197 1198
f 1495 1198 1496
f 1496 1198 1199
f 1496 1199 1497
f 1497 1199 1200
f 1497 1200 1498
f 1498 1200 1201
f 1498 1201 1499
f 1499 1201 1202
f 1499 1202 1500
f 1500 1202 1203
f 1500 1203 1501
f 1501 1203 1204
f 1501 1204 1502
f 1502 1204 1205
f 1502 1205 1503
f 1503 1205 1206
f 1503 1206 1504
f 1504 1206 1207
f 1504 1207 1505
f 1505 1207 1208
f 1505 1208 1506
f 1506 1208 1209
f 1506 1209 1507
f 1507 1209 1210
f 1507 1210 1508
f 1508 1210 1211
f 1508 1211 1509
f 1509 1211 1212
f 1509 1212 1510
f 1510 1212 1213
f 1510 1213 1511
f 1511 1213 1214
f 1511 1214 1512
f 1512 1214 1215
f 1512 1215 1513
f 1513 1215 1216
f 1513 1216 1514
f 1514 1216 1217
f 1514 1217 1515
f 1515 1217 1218
f 1515 1218 1516
f 1516 1218 1219
f 1516 1219 1517
f 1517 1219 1220
f 1517 1220 1518
f 1518 1220 1221
f 1518 1221 1519
f 1519 1221 1222
f 1519 1222 1520
f 1520 1222 1223
f 1520 1223 1521
f 1521 1223 1224
f 1521 1224 1522
f 1522 1224 1225
f 1522 1225 1523
f 1523 1225 1226
f 1523 1226 1524
f 1524 1226 1227
f 1524 1227 1525
f 1525 1227 1228
f 1525 1228 1526
f 1526 1228 1229
f 1526 1229 1527
f 1527 1229 1230
f 1527 1230 1528
f 1528 1230 1231
f 1528 1231 1529
f 1529 1231 1232
f 1529 1232 1530
f 1530 1232 1233
f 1530 1233 1531
f 1531 1233 1234
f 1531 1234 1532
f 1532 1234 1235
f 1532 1235 1533
f 1533 1235 1236
f 1533 1236 1534
f 1534 1236 1237
f 1534 1237 1535
f 1535 1237 1238
f 1535 1238 1536
f 1536 1238 1239
f 1536 1239 1537
f 1537 1239 1240
f 1537 1240 1538
f 1538 1240 1241
f 1538 1241 1539
f 1539 1241 1242
f 1539 1242 1540
f 1540 1242 1243
f 1540 1243 1541
f 1541 1243 1244
f 1541 1244 1542
f 1542 1244 1245
f 1542 1245 1543
f 1543 1245 1246
f 1543 1246 1544
f 1544 1246 1247
f 1544 1247 1545
f 1545 1247 1248
f 1545 1248 1546
f 1546 1248 1249
f 1546 1249 1547
f 1547 1249 1250
f 1547 1250 1548
f 1548 1250 1251
f 1548 1251 1549
f 1549 1251 1252
f 1549 1252 1550
f 1550 1252 1253
f 1550 1253 1551
f 1551 1253 1254
f 1551 1254 1552
f 1552 1254 1255
f 1552 1255 1553
f 1553 1255 1256
f 1553 1256 1554
f 1554 1256 1257
f 1554 1257 1555
f 1555 1257 1258
f 1555 1258 1556
f 1556 1258 1259
f 1556 1259 1557
f 1557 1259 1260
f 1557 1260 1558
f 1558 1260 1261
f 1558 1261 1559
f 1559 1261 1262
f 1559 1262 1560
f 1560 1262 1263
f 1560 1263 1561
f 1561 1263 1264
f 1561 1264 1562
f 1562 1264 1265
f 1562 1265 1563
f 1563 1265 1266
f 1563 1266 1564
f 1564 1266 1267
f 1564 1267 1565
f 1565 1267 1268
f 1565 1268 1566
f 1566 1268 1269
f 1566 1269 1567
f 1567 1269 1270
f 1567 1270 1568
f 1568 1270 1271
f 1568 1271 1569
f 1569 1271 1272
f 1569 1272 1570
f 1570 1272 1273
f 1570 1273 1571
f 1571 1273 1274
f 1571 1274 1572
f 1572 1274 1275
f 1572 1275 1573
f 1573 1275 1276
f 1573 1276 1574
f 1574 1276 1277
f 1574 1277 1575
f 1575 1277 1278
f 1575 1278 1576
f 1576 1278 1279
f 1576 1279 1577
f 1577 1279 1280
f 1577 1280 1578
f 1578 1280 1281
f 1578 1281 1579
f 1579 1281 1282
f 1579 1282 1580
f 1580 1282 1283
f 1580 1283 1581
f 1581 1283 1284
f 1581 1284 1582
f 1582 1284 1285
f 1582 1285 1583
f 1583 1285 1286
f 1583 1286 1584
f 1584 1286 1287
f 1584 1287 1585
f 1585 1287 1288
f 1585 1288 1586
f 1586 1288 1289
f 1586 1289 1587
f 1587 1289 1290
f 1587 1290 1588
f 1588 1290 1291
f 1588 1291 1589
f 1589 1291 1292
f 1589 1292 1590
f 1590 1292 1293
f 1590 1293 1591
f 1591 1293 1294
f 1591 1294 1592
f 1592 1294 1295
f 1592 1295 1593
f 1593 1295 1296
f 1593 1296 1594
f 1594 1296 1297
f 1594 1297 1595
f 1595 1297 1298
f 1595 1298 1596
f 1596 1298 1299
f 1596 1299 1597
f 1597 1299 1300
f 1597 1300 1598
f 1598 1300 1301
f 1598 1301 1599
f 1599 1301 1302
f 1599 1302 1600
f 1600 1302 1303
f 1600 1303 1601
f 1601 1303 1304
f 1601 1304 1602
f 1602 1304 1305
f 1602 1305 1603
f 1603 1305 1306
f 1603 1306 1604
f 1604 1306 1307
f 1604 1307 1605
f 1605 1307 1308
f 1605 1308 1606
f 1606 1308 1309
f 1606 1309 1607
f 1607 1309 1310
f 1607 1310 1608
f 1608 1310 1311
f 1608 1311 1609
f 1609 1311 1312
f 1609 1312 1610
f 1610 1312 1313
f 1610 1313 1611
f 1611 1313 1314
f 1611 1314 1612
f 1612 1314 1315
f 1612 1315 1613
f 1613 1315 1316
f 1613 1316 1614
f 1614 1316 1317
f 1614 1317 1615
f 1615 1317 1318
f 1615 1318 1473
f 1616 1176 1475
f 1616 1475 1617
f 1618 1471 1321
f 1618 1321 1175
f 1477 1180 1181
f 1477 1181 1479
f 1619 1319 1320
f 1619 1320 1466
f 1620 1323 1322
f 1620 1322 1472
f 1621 1324 1323
f 1621 1323 1620
f 1622 1325 1324
f 1622 1324 1621
f 1623 1326 1325
f 1623 1325 1622
f 1624 1327 1326
f 1624 1326 1623
f 1625 1328 1327
f 1625 1327 1624
f 1626 1329 1328
f 1626 1328 1625
f 1627 1330 1329
f 1627 1329 1626
f 1628 1331 1330
f 1628 1330 1627
f 1629 1332 1331
f 1629 1331 1628
f 1630 1333 1332
f 1630 1332 1629
f 1631 1334 1333
f 1631 1333 1630
f 1632 1335 1334
f 1632 1334 1631
f 1633 1336 1335
f 1633 1335 1632
f 1634 1337 1336
f 1634 1336 1633
f 1635 1338 1337
f 1635 1337 1634
f 1636 1339 1338
f 1636 1338 1635
f 1637 1340 1339
f 1637 1339 1636
f 1638 1341 1340
f 1638 1340 1637
f 1639 1342 1341
f 1639 1341 1638
f 1640 1343 1342
f 1640 1342 1639
f 1641 1344 1343
f 1641 1343 1640
f 1642 1345 1344
f 1642 1344 1641
f 1643 1346 1345
f 1643 1345 1642
f 1644 1347 1346
f 1644 1346 1643
f 1645 1348 1347
f 1645 1347 1644
f 1646 1349 1348
f 1646 1348 1645
f 1647 1350 1349
f 1647 1349 1646
f 1648 1351 1350
f 1648 1350 1647
f 1649 1352 1351
f 1649 1351 1648
f 1650 1353 1352
f 1650 1352 1649
f 1651 1354 1353
f 1651 1353 1650
f 1652 1355 1354
f 1652 1354 1651
f 1653 1356 1355
f 1653 1355 1652
f 1654 1357 1356
f 1654 1356 1653
f 1655 1358 1357
f 1655 1357 1654
f 1656 1359 1358
f 1656 1358 1655
f 1657 1360 1359
f 1657 1359 1656
f 1658 1361 1360
f 1658 1360 1657
f 1659 1362 1361
f 1659 1361 1658
f 1660 1363 1362
f 1660 1362 1659
f 1661 1364 1363
f 1661 1363 1660
f 1662 1365 1364
f 1662 1364 1661
f 1663 1366 1365
f 1663 1365 1662
f 1664 1367 1366
f 1664 1366 1663
f 1665 1368 1367
f 1665 1367 1664
f 1666 1369 1368
f 1666 1368 1665
f 1667 1370 1369
f 1667 1369 1666
f 1668 1371 1370
f 1668 1370 1667
f 1669 1372 1371
f 1669 1371 1668
f 1670 1373 1372
f 1670 1372 1669
f 1671 1374 1373
f 1671 1373 1670
f 1672 1375 1374
f 1672 1374 1671
f 1673 1376 1375
f 1673 1375 1672
f 1674 1377 1376
f 1674 1376 1673
f 1675 1378 1377
f 1675 1377 1674
f 1676 1379 1378
f 1676 1378 1675
f 1677 1380 1379
f 1677 1379 1676
f 1678 1381 1380
f 1678 1380 1677
f 1679 1382 1381
f 1679 1381 1678
f 1680 1383 1382
f 1680 1382 1679
f 1681 1384 1383
f 1681 1383 1680
f 1682 1385 1384
f 1682 1384 1681
f 1683 1386 1385
f 1683 1385 1682
f 1684 1387 1386
f 1684 1386 1683
f 1685 1388 1387
f 1685 1387 1684
f 1686 1389 1388
f 1686 1388 1685
f 1687 1390 1389
f 1687 1389 1686
f 1688 1391 1390
f 1688 1390 1687
f 1689 1392 1391
f 1689 1391 1688
f 1690 1393 1392
f 1690 1392 1689
f 1691 1394 1393
f 1691 1393 1690
f 1692 1395 1394
f 1692 1394 1691
f 1693 1396 1395
f 1693 1395 1692
f 1694 1397 1396
f 1694 1396 1693
f 1695 1398 1397
f 1695 1397 1694
f 1696 1399 1398
f 1696 1398 1695
f 1697 1400 1399
f 1697 1399 1696
f 1698 1401 1400
f 1698 1400 1697
f 1699 1402 1401
f 1699 1401 1698
f 1700 1403 1402
f 1700 1402 1699
f 1701 1404 1403
f 1701 1403 1700
f 1702 1405 1404
f 1702 1404 1701
f 1703 1406 1405
f 1703 1405 1702
f 1704 1407 1406
f 1704 1406 1703
f 1705 1408 1407
f 1705 1407 1704
f 1706 1409 1408
f 1706 1408 1705
f 1707 1410 1409
f 1707 1409 1706
f 1708 1411 1410
f 1708 1410 1707
f 1709 1412 1411
f 1709 1411 1708
f 1710 1413 1412
f 1710 1412 1709
f 1711 1414 1413
f 1711 1413 1710
f 1712 1415 1414
f 1712 1414 1711
f 1713 1416 1415
f 1713 1415 1712
f 1714 1417 1416
f 1714 1416 1713
f 1715 1418 1417
f 1715 1417 1714
f 1716 1419 1418
f 1716 1418 1715
f 1717 1420 1419
f 1717 1419 1716
f 1718 1421 1420
f 1718 1420 1717
f 1719 1422 1421
f 1719 1421 1718
f 1720 1423 1422
f 1720 1422 1719
f 1721 1424 1423
f 1721 1423 1720
f 1722 1425 1424
f 1722 1424 1721
f 1723 1426 1425
f 1723 1425 1722
f 1724 1427 1426
f 1724 1426 1723
f 1725 1428 1427
f 1725 1427 1724
f 1726 1429 1428
f 1726 1428 1725
f 1727 1430 1429
f 1727 1429 1726
f 1728 1431 1430
f 1728 1430 1727
f 1729 1432 1431
f 1729 1431 1728
f 1730 1433 1432
f 1730 1432 1729
f 1731 1434 1433
f 1731 1433 1730
f 1467 1435 1434
f 1467 1434 1731
f 1732 1436 1435
f 1732 1435 1467
f 1733 1437 1436
f 1733 1436 1732
f 1734 1438 1437
f 1734 1437 1733
f 1735 1439 1438
f 1735 1438 1734
f 1736 1440 1439
f 1736 1439 1735
f 1737 1441 1440
f 1737 1440 1736
f 1738 1442 1441
f 1738 1441 1737
f 1739 1443 1442
f 1739 1442 1738
f 1740 1444 1443
f 1740 1443 1739
f 1741 1445 1444
f 1741 1444 1740
f 1742 1446 1445
f 1742 1445 1741
f 1743 1447 1446
f 1743 1446 1742
f 1744 1448 1447
f 1744 1447 1743
f 1745 1449 1448
f 1745 1448 1744
f 1746 1450 1449
f 1746 1449 1745
f 1747 1451 1450
f 1747 1450 1746
f 1748 1452 1451
f 1748 1451 1747
f 1749 1453 1452
f 1749 1452 1748
f 1750 1454 1453
f 1750 1453 1749
f 1751 1455 1454
f 1751 1454 1750
f 1752 1456 1455
f 1752 1455 1751
f 1753 1457 1456
f 1753 1456 1752
f 1754 1458 1457
f 1754 1457 1753
f 1755 1459 1458
f 1755 1458 1754
f 1756 1460 1459
f 1756 1459 1755
f 1757 1461 1460
f 1757 1460 1756
f 1758 1462 1461
f 1758 1461 1757
f 1759 1463 1462
f 1759 1462 1758
f 1760 1464 1463
f 1760 1463 1759
f 1761 1465 1464
f 1761 1464 1760
f 1619 1466 1465
f 1619 1465 1761
f 1620 1472 1470
f 1620 1470 1762
f 1762 1470 1471
f 1762 1471 1618
f 1615 1473 1474
f 1615 1474 1763
f 1764 1177 1178
f 1764 1178 1478
f 1763 1474 1319
f 1763 1319 1619
f 1618 1175 1176
f 1618 1176 1616
f 1617 1475 1177
f 1617 1177 1764
f 1765 1763 1619
f 1765 1619 1761
f 1766 1479 1480
f 1766 1480 1767
f 1767 1480 1481
f 1767 1481 1768
f 1769 1483 1484
f 1769 1484 1770
f 1770 1484 1485
f 1770 1485 1771
f 1771 1485 1486
f 1771 1486 1772
f 1772 1486 1487
f 1772 1487 1773
f 1773 1487 1488
f 1773 1488 1774
f 1774 1488 1489
f 1774 1489 1775
f 1775 1489 1490
f 1775 1490 1776
f 1776 1490 1491
f 1776 1491 1777
f 1777 1491 1492
f 1777 1492 1778
f 1778 1492 1493
f 1778 1493 1779
f 1779 1493 1494
f 1779 1494 1780
f 1780 1494 1495
f 1780 1495 1781
f 1781 1495 1496
f 1781 1496 1782
f 1782 1496 1497
f 1782 1497 1783
f 1783 1497 1498
f 1783 1498 1784
f 1784 1498 1499
f 1784 1499 1785
f 1785 1499 1500
f 1785 1500 1786
f 1786 1500 1501
f 1786 1501 1787
f 1787 1501 1502
f 1787 1502 1788
f 1788 1502 1503
f 1788 1503 1789
f 1789 1503 1504
f 1789 1504 1790
f 1790 1504 1505
f 1790 1505 1791
f 1791 1505 1506
f 1791 1506 1792
f 1792 1506 1507
f 1792 1507 1793
f 1793 1507 1508
f 1793 1508 1794
f 1794 1508 1509
f 1794 1509 1795
f 1795 1509 1510
f 1795 1510 1796
f 1796 1510 1511
f 1796 1511 1797
f 1797 1511 1512
f 1797 1512 1798
f 1798 1512 1513
f 1798 1513 1799
f 1799 1513 1514
f 1799 1514 1800
f 1800 1514 1515
f 1800 1515 1801
f 1801 1515 1516
f 1801 1516 1802
f 1802 1516 1517
f 1802 1517 1803
f 1803 1517 1518
f 1803 1518 1804
f 1804 1518 1519
f 1804 1519 1805
f 1805 1519 1520
f 1805 1520 1806
f 1806 1520 1521
f 1806 1521 1807
f 1807 1521 1522
f 1807 1522 1808
f 1808 1522 1523
f 1808 1523 1809
f 1809 1523 1524
f 1809 1524 1810
f 1810 1524 1525
f 1810 1525 1811
f 1811 1525 1526
f 1811 1526 1812
f 1812 1526 1527
f 1812 1527 1813
f 1813 1527 1528
f 1813 1528 1814
f 1814 1528 1529
f 1814 1529 1815
f 1815 1529 1530
f 1815 1530 1816
f 1816 1530 1531
f 1816 1531 1817
f 1817 1531 1532
f 1817 1532 1818
f 1818 1532 1533
f 1818 1533 1819
f 1819 1533 1534
f 1819 1534 1820
f 1820 1534 1535
f 1820 1535 1821
f 1821 1535 1536
f 1821 1536 1822
f 1822 1536 1537
f 1822 1537 1823
f 1823 1537 1538
f 1823 1538 1824
f 1824 1538 1539
f 1824 1539 1825
f 1825 1539 1540
f 1825 1540 1826
f 1826 1540 1541
f 1826 1541 1827
f 1827 1541 1542
f 1827 1542 1828
f 1828 1542 1543
f 1828 1543 1829
f 1829 1543 1544
f 1829 1544 1830
f 1830 1544 1545
f 1830 1545 1831
f 1831 1545 1546
f 1831 1546 1832
f 1832 1546 1547
f 1832 1547 1833
f 1833 1547 1548
f 1833 1548 1834
f 1834 1548 1549
f 1834 1549 1835
f 1835 1549 1550
f 1835 1550 1836
f 1836 1550 1551
f 1836 1551 1837
f 1837 1551 1552
f 1837 1552 1838
f 1838 1552 1553
f 1838 1553 1839
f 1839 1553 1554
f 1839 1554 1840
f 1840 1554 1555
f 1840 1555 1841
f 1841 1555 1556
f 1841 1556 1842
f 1842 1556 1557
f 1842 1557 1843
f 1843 1557 1558
f 1843 1558 1844
f 1844 1558 1559
f 1844 1559 1845
f 1845 1559 1560
f 1845 1560 1846
f 1846 1560 1561
f 1846 1561 1847
f 1847 1561 1562
f 1847 1562 1848
f 1848 1562 1563
f 1848 1563 1849
f 1849 1563 1564
f 1849 1564 1850
f 1850 1564 1565
f 1850 1565 1851
f 1851 1565 1566
f 1851 1566 1852
f 1852 1566 1567
f 1852 1567 1853
f 1853 1567 1568
f 1853 1568 1854
f 1854 1568 1569
f 1854 1569 1855
f 1855 1569 1570
f 1855 1570 1856
f 1856 1570 1571
f 1856 1571 1857
f 1857 1571 1572
f 1857 1572 1858
f 1858 1572 1573
f 1858 1573 1859
f 1859 1573 1574
f 1859 1574 1860
f 1860 1574 1575
f 1860 1575 1861
f 1861 1575 1576
f 1861 1576 1862
f 1862 1576 1577
f 1862 1577 1863
f 1863 1577 1578
f 1863 1578 1864
f 1864 1578 1579
f 1864 1579 1865
f 1865 1579 1580
f 1865 1580 1866
f 1866 1580 1581
f 1866 1581 1867
f 1867 1581 1582
f 1867 1582 1868
f 1868 1582 1583
f 1868 1583 1869
f 1869 1583 1584
f 1869 1584 1468
f 1468 1584 1585
f 1468 1585 1469
f 1469 1585 1586
f 1469 1586 1870
f 1870 1586 1587
f 1870 1587 1871
f 1871 1587 1588
f 1871 1588 1872
f 1872 1588 1589
f 1872 1589 1873
f 1873 1589 1590
f 1873 1590 1874
f 1874 1590 1591
f 1874 1591 1875
f 1875 1591 1592
f 1875 1592 1876
f 1876 1592 1593
f 1876 1593 1877
f 1877 1593 1594
f 1877 1594 1878
f 1878 1594 1595
f 1878 1595 1879
f 1879 1595 1596
f 1879 1596 1880
f 1880 1596 1597
f 1880 1597 1881
f 1881 1597 1598
f 1881 1598 1882
f 1882 1598 1599
f 1882 1599 1883
f 1883 1599 1600
f 1883 1600 1884
f 1884 1600 1601
f 1884 1601 1885
f 1885 1601 1602
f 1885 1602 1886
f 1886 1602 1603
f 1886 1603 1887
f 1887 1603 1604
f 1887 1604 1888
f 1888 1604 1605
f 1888 1605 1889
f 1889 1605 1606
f 1889 1606 1890
f 1890 1606 1607
f 1890 1607 1891
f 1891 1607 1608
f 1891 1608 1892
f 1892 1608 1609
f 1892 1609 1893
f 1893 1609 1610
f 1893 1610 1894
f 1894 1610 1611
f 1894 1611 1895
f 1895 1611 1612
f 1895 1612 1896
f 1896 1612 1613
f 1896 1613 1897
f 1897 1613 1614
f 1897 1614 1765
f 1765 1614 1615
f 1765 1615 1763
f 1898 1617 1764
f 1898 1764 1899
f 1762 1618 1616
f 1762 1616 1900
f 1901 1477 1479
f 1901 1479 1766
f 1902 1482 1483
f 1902 1483 1769
f 1900 1616 1617
f 1900 1617 1898
f 1900 1621 1620
f 1900 1620 1762
f 1468 1467 1731
f 1468 1731 1869
f 1903 1624 1623
f 1903 1623 1899
f 1904 1625 1624
f 1904 1624 1903
f 1834 1696 1695
f 1834 1695 1833
f 1767 1627 1626
f 1767 1626 1766
f 1768 1628 1627
f 1768 1627 1767
f 1902 1629 1628
f 1902 1628 1768
f 1769 1630 1629
f 1769 1629 1902
f 1770 1632 1631
f 1770 1631 1769
f 1833 1695 1694
f 1833 1694 1832
f 1773 1635 1634
f 1773 1634 1772
f 1774 1636 1635
f 1774 1635 1773
f 1775 1637 1636
f 1775 1636 1774
f 1776 1638 1637
f 1776 1637 1775
f 1777 1639 1638
f 1777 1638 1776
f 1778 1640 1639
f 1778 1639 1777
f 1779 1641 1640
f 1779 1640 1778
f 1780 1642 1641
f 1780 1641 1779
f 1781 1643 1642
f 1781 1642 1780
f 1782 1644 1643
f 1782 1643 1781
f 1656 1794 1795
f 1697 1696 1834
f 1697 1834 1835
f 1786 1648 1647
f 1786 1647 1785
f 1787 1649 1648
f 1787 1648 1786
f 1788 1650 1649
f 1788 1649 1787
f 1789 1651 1650
f 1789 1650 1788
f 1790 1652 1651
f 1790 1651 1789
f 1791 1653 1652
f 1791 1652 1790
f 1792 1654 1653
f 1792 1653 1791
f 1793 1655 1654
f 1793 1654 1792
f 1794 1656 1655
f 1794 1655 1793
f 1796 1657 1656
f 1796 1656 1795
f 1784 1646 1645
f 1784 1645 1783
f 1799 1660 1659
f 1799 1659 1798
f 1800 1661 1660
f 1800 1660 1799
f 1801 1662 1661
f 1801 1661 1800
f 1802 1663 1662
f 1802 1662 1801
f 1803 1664 1663
f 1803 1663 1802
f 1804 1665 1664
f 1804 1664 1803
f 1805 1666 1665
f 1805 1665 1804
f 1806 1667 1666
f 1806 1666 1805
f 1807 1668 1667
f 1807 1667 1806
f 1808 1669 1668
f 1808 1668 1807
f 1809 1670 1669
f 1809 1669 1808
f 1810 1671 1670
f 1810 1670 1809
f 1811 1672 1671
f 1811 1671 1810
f 1812 1673 1672
f 1812 1672 1811
f 1813 1674 1673
f 1813 1673 1812
f 1814 1675 1674
f 1814 1674 1813
f 1815 1676 1675
f 1815 1675 1814
f 1816 1677 1676
f 1816 1676 1815
f 1817 1678 1677
f 1817 1677 1816
f 1818 1679 1678
f 1818 1678 1817
f 1819 1680 1679
f 1819 1679 1818
f 1820 1681 1680
f 1820 1680 1819
f 1821 1682 1681
f 1821 1681 1820
f 1822 1683 1682
f 1822 1682 1821
f 1823 1684 1683
f 1823 1683 1822
f 1824 1685 1684
f 1824 1684 1823
f 1825 1686 1685
f 1825 1685 1824
f 1826 1687 1686
f 1826 1686 1825
f 1827 1688 1687
f 1827 1687 1826
f 1828 1689 1688
f 1828 1688 1827
f 1829 1690 1689
f 1829 1689 1828
f 1830 1691 1690
f 1830 1690 1829
f 1831 1693 1692
f 1831 1692 1830
f 1832 1694 1693
f 1832 1693 1831
f 1783 1645 1644
f 1783 1644 1782
f 1647 1646 1784
f 1647 1784 1785
f 1836 1698 1697
f 1836 1697 1835
f 1837 1699 1698
f 1837 1698 1836
f 1838 1700 1699
f 1838 1699 1837
f 1839 1701 1700
f 1839 1700 1838
f 1840 1702 1701
f 1840 1701 1839
f 1841 1703 1702
f 1841 1702 1840
f 1842 1704 1703
f 1842 1703 1841
f 1843 1705 1704
f 1843 1704 1842
f 1844 1706 1705
f 1844 1705 1843
f 1845 1707 1706
f 1845 1706 1844
f 1846 1708 1707
f 1846 1707 1845
f 1847 1709 1708
f 1847 1708 1846
f 1848 1710 1709
f 1848 1709 1847
f 1849 1711 1710
f 1849 1710 1848
f 1850 1712 1711
f 1850 1711 1849
f 1851 1713 1712
f 1851 1712 1850
f 1852 1714 1713
f 1852 1713 1851
f 1853 1715 1714
f 1853 1714 1852
f 1854 1716 1715
f 1854 1715 1853
f 1855 1717 1716
f 1855 1716 1854
f 1856 1718 1717
f 1856 1717 1855
f 1857 1719 1718
f 1857 1718 1856
f 1858 1720 1719
f 1858 1719 1857
f 1859 1721 1720
f 1859 1720 1858
f 1860 1722 1721
f 1860 1721 1859
f 1861 1723 1722
f 1861 1722 1860
f 1862 1724 1723
f 1862 1723 1861
f 1863 1725 1724
f 1863 1724 1862
f 1864 1726 1725
f 1864 1725 1863
f 1865 1727 1726
f 1865 1726 1864
f 1866 1728 1727
f 1866 1727 1865
f 1867 1729 1728
f 1867 1728 1866
f 1868 1730 1729
f 1868 1729 1867
f 1869 1731 1730
f 1869 1730 1868
f 1904 1901 1625
f 1870 1732 1467
f 1870 1467 1469
f 1871 1733 1732
f 1871 1732 1870
f 1625 1901 1766
f 1625 1766 1626
f 1874 1736 1735
f 1874 1735 1873
f 1875 1737 1736
f 1875 1736 1874
f 1876 1738 1737
f 1876 1737 1875
f 1877 1739 1738
f 1877 1738 1876
f 1878 1740 1739
f 1878 1739 1877
f 1879 1741 1740
f 1879 1740 1878
f 1880 1742 1741
f 1880 1741 1879
f 1881 1743 1742
f 1881 1742 1880
f 1882 1744 1743
f 1882 1743 1881
f 1883 1745 1744
f 1883 1744 1882
f 1884 1746 1745
f 1884 1745 1883
f 1885 1747 1746
f 1885 1746 1884
f 1886 1748 1747
f 1886 1747 1885
f 1887 1749 1748
f 1887 1748 1886
f 1888 1750 1749
f 1888 1749 1887
f 1889 1751 1750
f 1889 1750 1888
f 1890 1752 1751
f 1890 1751 1889
f 1891 1753 1752
f 1891 1752 1890
f 1892 1754 1753
f 1892 1753 1891
f 1893 1755 1754
f 1893 1754 1892
f 1894 1756 1755
f 1894 1755 1893
f 1895 1757 1756
f 1895 1756 1894
f 1896 1758 1757
f 1896 1757 1895
f 1897 1759 1758
f 1897 1758 1896
f 1765 1760 1759
f 1765 1759 1897
f 1899 1764 1478
f 1899 1478 1903
f 1903 1478 1476
f 1903 1476 1904
f 1768 1481 1482
f 1768 1482 1902
f 1904 1476 1477
f 1904 1477 1901
f 1871 1872 1734
f 1871 1734 1733
f 1873 1735 1734
f 1873 1734 1872
f 1796 1797 1658
f 1796 1658 1657
f 1631 1630 1769
f 1798 1659 1658
f 1798 1658 1797
f 83 140 410
f 83 410 84
f 1771 1633 1632
f 1771 1632 1770
f 1692 1691 1830
f 1905 1906 1907
f 1634 1633 1771
f 1634 1771 1772
f 1761 1760 1765
f 1898 1622 1621
f 1898 1621 1900
f 1623 1622 1898
f 1623 1898 1899
f 1321 1166 1165
f 1321 1165 869
f 1167 1166 1321
f 1167 1321 1471
f 30 1908 234
f 30 234 214
f 1909 1907 232
f 232 1907 1910
f 232 1910 230
f 103 408 1911
f 103 1911 104
f 235 185 196
f 235 196 1912
f 92 95 565
f 92 565 1913
f 1913 565 568
f 1913 568 1914
f 1914 568 570
f 1914 570 1915
f 1915 570 572
f 1915 572 1916
f 1916 572 574
f 1916 574 1917
f 1917 574 576
f 1917 576 1918
f 1918 576 578
f 1918 578 1919
f 1919 578 580
f 1919 580 1920
f 1920 580 582
f 1920 582 1921
f 1921 582 584
f 1921 584 1922
f 1922 584 586
f 1922 586 1923
f 1923 586 588
f 1923 588 1924
f 1924 588 590
f 1924 590 1925
f 1925 590 592
f 1925 592 1926
f 1926 592 594
f 1926 594 1927
f 1927 594 596
f 1927 596 1928
f 1928 596 598
f 1928 598 1929
f 1929 598 600
f 1929 600 1930
f 1930 600 99
f 1930 99 101
f 32 189 188
f 32 188 33
f 208 1931 1932
f 208 1932 200
f 1933 1934 1935
f 1936 606 608
f 1936 608 1937
f 1937 608 610
f 1937 610 1938
f 1938 610 612
f 1938 612 1939
f 1939 612 614
f 1939 614 1940
f 1940 614 616
f 1940 616 1941
f 1941 616 618
f 1941 618 1942
f 1942 618 620
f 1942 620 1943
f 1943 620 622
f 1943 622 1944
f 1944 622 624
f 1944 624 1945
f 1945 624 626
f 1945 626 1946
f 1946 626 628
f 1946 628 1947
f 1947 628 630
f 1947 630 1948
f 1948 630 632
f 1948 632 1949
f 1949 632 634
f 1949 634 1950
f 1950 634 636
f 1950 636 1951
f 1951 636 638
f 1951 638 1952
f 1952 638 640
f 1952 640 1953
f 1953 640 642
f 1953 642 1954
f 1954 642 644
f 1954 644 1955
f 1955 644 646
f 1955 646 1956
f 1956 646 648
f 1956 648 1957
f 1957 648 650
f 1957 650 1958
f 1958 650 652
f 1958 652 1959
f 1959 652 654
f 1959 654 1960
f 1960 654 656
f 1960 656 1961
f 1961 656 658
f 1961 658 1962
f 1962 658 75
f 1962 75 74
f 73 76 662
f 73 662 1963
f 1963 662 664
f 1963 664 1964
f 1964 664 666
f 1964 666 1965
f 1965 666 668
f 1965 668 1966
f 1966 668 670
f 1966 670 1967
f 1967 670 672
f 1967 672 1968
f 1968 672 674
f 1968 674 1969
f 1969 674 676
f 1969 676 1970
f 1970 676 678
f 1970 678 1971
f 1971 678 680
f 1971 680 1972
f 1972 680 682
f 1972 682 1973
f 1973 682 684
f 1973 684 1974
f 1974 684 686
f 1974 686 1975
f 1975 686 688
f 1975 688 1976
f 1976 688 690
f 1976 690 1977
f 1977 690 692
f 1977 692 1978
f 1978 692 694
f 1978 694 1979
f 1979 694 696
f 1979 696 1980
f 1980 696 62
f 1980 62 64
f 1981 1931 208
f 1981 208 1982
f 172 171 188
f 172 188 191
f 1935 1934 1983
f 1935 1983 1984
f 1985 702 704
f 1985 704 1986
f 1986 704 706
f 1986 706 1987
f 1987 706 708
f 1987 708 1988
f 1988 708 710
f 1988 710 1989
f 1989 710 712
f 1989 712 1990
f 1990 712 714
f 1990 714 1991
f 1991 714 716
f 1991 716 1992
f 1992 716 718
f 1992 718 1993
f 1993 718 720
f 1993 720 1994
f 1994 720 722
f 1994 722 1995
f 1995 722 724
f 1995 724 1996
f 1996 724 726
f 1996 726 1997
f 1997 726 728
f 1997 728 1998
f 1998 728 730
f 1998 730 1999
f 1999 730 732
f 1999 732 2000
f 2000 732 734
f 2000 734 2001
f 2001 734 736
f 2001 736 2002
f 2002 736 738
f 2002 738 2003
f 2003 738 740
f 2003 740 2004
f 2004 740 742
f 2004 742 2005
f 2005 742 744
f 2005 744 2006
f 2006 744 746
f 2006 746 2007
f 2007 746 748
f 2007 748 2008
f 2008 748 750
f 2008 750 2009
f 2009 750 752
f 2009 752 2010
f 2010 752 754
f 2010 754 2011
f 2011 754 57
f 2011 57 56
f 55 58 758
f 55 758 2012
f 2012 758 760
f 2012 760 2013
f 2013 760 762
f 2013 762 2014
f 2014 762 764
f 2014 764 2015
f 2015 764 766
f 2015 766 2016
f 2016 766 768
f 2016 768 2017
f 2017 768 770
f 2017 770 2018
f 2018 770 772
f 2018 772 2019
f 2019 772 774
f 2019 774 2020
f 2020 774 776
f 2020 776 2021
f 2021 776 778
f 2021 778 2022
f 2022 778 780
f 2022 780 2023
f 2023 780 782
f 2023 782 2024
f 2024 782 784
f 2024 784 2025
f 2025 784 786
f 2025 786 2026
f 2026 786 788
f 2026 788 2027
f 2027 788 790
f 2027 790 2028
f 2028 790 792
f 2028 792 2029
f 2029 792 35
f 2029 35 37
f 14 1912 102
f 14 102 105
f 16 203 392
f 16 392 2030
f 2031 2032 193
f 2033 798 800
f 2033 800 2034
f 2034 800 802
f 2034 802 2035
f 2035 802 804
f 2035 804 2036
f 2036 804 806
f 2036 806 2037
f 2037 806 808
f 2037 808 2038
f 2038 808 810
f 2038 810 2039
f 2039 810 812
f 2039 812 2040
f 2040 812 814
f 2040 814 2041
f 2041 814 816
f 2041 816 2042
f 2042 816 818
f 2042 818 2043
f 2043 818 820
f 2043 820 2044
f 2044 820 822
f 2044 822 2045
f 2045 822 824
f 2045 824 2046
f 2046 824 826
f 2046 826 2047
f 2047 826 828
f 2047 828 2048
f 2048 828 830
f 2048 830 2049
f 2049 830 832
f 2049 832 2050
f 2050 832 834
f 2050 834 2051
f 2051 834 836
f 2051 836 2052
f 2052 836 838
f 2052 838 2053
f 2053 838 840
f 2053 840 2054
f 2054 840 842
f 2054 842 2055
f 2055 842 844
f 2055 844 2056
f 2056 844 846
f 2056 846 2057
f 2057 846 94
f 2057 94 93
f 9 203 16
f 9 16 10
f 108 202 29
f 108 29 31
f 88 202 108
f 88 108 400
f 2058 1913 1914
f 2058 1914 2059
f 2060 1916 1917
f 2060 1917 2061
f 2061 1917 1918
f 2061 1918 2062
f 2062 1918 1919
f 2062 1919 2063
f 2063 1919 1920
f 2063 1920 2064
f 2064 1920 1921
f 2064 1921 2065
f 2065 1921 1922
f 2065 1922 2066
f 2066 1922 1923
f 2066 1923 2067
f 2067 1923 1924
f 2067 1924 2068
f 2068 1924 1925
f 2068 1925 2069
f 2069 1925 1926
f 2069 1926 2070
f 2070 1926 1927
f 2070 1927 2071
f 2071 1927 1928
f 2071 1928 2072
f 2072 1928 1929
f 2072 1929 2073
f 2073 1929 1930
f 2073 1930 2074
f 2074 1930 101
f 2074 101 2075
f 2075 101 124
f 2075 124 2076
f 2076 124 198
f 2076 198 2077
f 2077 198 1936
f 2077 1936 2078
f 2078 1936 1937
f 2078 1937 2079
f 2079 1937 1938
f 2079 1938 2080
f 2081 1940 1941
f 2081 1941 2082
f 2082 1941 1942
f 2082 1942 2083
f 2083 1942 1943
f 2083 1943 2084
f 2084 1943 1944
f 2084 1944 2085
f 2085 1944 1945
f 2085 1945 2086
f 2086 1945 1946
f 2086 1946 2087
f 2087 1946 1947
f 2087 1947 2088
f 2088 1947 1948
f 2088 1948 2089
f 2089 1948 1949
f 2089 1949 2090
f 2090 1949 1950
f 2090 1950 2091
f 2091 1950 1951
f 2091 1951 2092
f 2092 1951 1952
f 2092 1952 2093
f 2093 1952 1953
f 2093 1953 2094
f 2094 1953 1954
f 2094 1954 2095
f 2095 1954 1955
f 2095 1955 2096
f 2096 1955 1956
f 2096 1956 2097
f 2097 1956 1957
f 2097 1957 2098
f 2098 1957 1958
f 2098 1958 2099
f 2099 1958 1959
f 2099 1959 2100
f 2100 1959 1960
f 2100 1960 2101
f 2101 1960 1961
f 2101 1961 2102
f 193 2032 2103
f 193 2103 2104
f 2105 1964 1965
f 2105 1965 2106
f 2107 73 1963
f 2107 1963 2108
f 2108 1963 1964
f 2108 1964 2105
f 2109 1966 1967
f 2109 1967 2110
f 2110 1967 1968
f 2110 1968 2111
f 2111 1968 1969
f 2111 1969 2112
f 2112 1969 1970
f 2112 1970 2113
f 2113 1970 1971
f 2113 1971 2114
f 2114 1971 1972
f 2114 1972 2115
f 2115 1972 1973
f 2115 1973 2116
f 2116 1973 1974
f 2116 1974 2117
f 2117 1974 1975
f 2117 1975 2118
f 2118 1975 1976
f 2118 1976 2119
f 2119 1976 1977
f 2119 1977 2120
f 2120 1977 1978
f 2120 1978 2121
f 2121 1978 1979
f 2121 1979 2122
f 2122 1979 1980
f 2122 1980 2123
f 2123 1980 64
f 2123 64 2124
f 2124 64 78
f 2124 78 2125
f 2125 78 175
f 2125 175 2126
f 2126 175 1985
f 2126 1985 2127
f 2127 1985 1986
f 2127 1986 2128
f 2128 1986 1987
f 2128 1987 2129
f 2130 1989 1990
f 2130 1990 2131
f 2131 1990 1991
f 2131 1991 2132
f 2132 1991 1992
f 2132 1992 2133
f 2133 1992 1993
f 2133 1993 2134
f 2134 1993 1994
f 2134 1994 2135
f 2135 1994 1995
f 2135 1995 2136
f 2136 1995 1996
f 2136 1996 2137
f 2137 1996 1997
f 2137 1997 2138
f 2138 1997 1998
f 2138 1998 2139
f 2139 1998 1999
f 2139 1999 2140
f 2140 1999 2000
f 2140 2000 2141
f 2141 2000 2001
f 2141 2001 2142
f 2142 2001 2002
f 2142 2002 2143
f 2143 2002 2003
f 2143 2003 2144
f 2144 2003 2004
f 2144 2004 2145
f 2145 2004 2005
f 2145 2005 2146
f 2146 2005 2006
f 2146 2006 2147
f 2147 2006 2007
f 2147 2007 2148
f 2148 2007 2008
f 2148 2008 2149
f 2149 2008 2009
f 2149 2009 2150
f 2150 2009 2010
f 2150 2010 2151
f 235 1912 14
f 235 14 13
f 2152 2013 2014
f 2152 2014 2153
f 2154 55 2012
f 2154 2012 2155
f 2155 2012 2013
f 2155 2013 2152
f 2156 2015 2016
f 2156 2016 2157
f 2157 2016 2017
f 2157 2017 2158
f 2158 2017 2018
f 2158 2018 2159
f 2159 2018 2019
f 2159 2019 2160
f 2160 2019 2020
f 2160 2020 2161
f 2161 2020 2021
f 2161 2021 2162
f 2162 2021 2022
f 2162 2022 2163
f 2163 2022 2023
f 2163 2023 2164
f 2164 2023 2024
f 2164 2024 2165
f 2165 2024 2025
f 2165 2025 2166
f 2166 2025 2026
f 2166 2026 2167
f 2167 2026 2027
f 2167 2027 2168
f 2168 2027 2028
f 2168 2028 2169
f 2169 2028 2029
f 2169 2029 2170
f 2170 2029 37
f 2170 37 2171
f 2171 37 51
f 2171 51 2172
f 2172 51 107
f 2172 107 2173
f 2173 107 2033
f 2173 2033 2174
f 2174 2033 2034
f 2174 2034 2175
f 2175 2034 2035
f 2175 2035 2176
f 2177 2037 2038
f 2177 2038 2178
f 2178 2038 2039
f 2178 2039 2179
f 2179 2039 2040
f 2179 2040 2180
f 2180 2040 2041
f 2180 2041 2181
f 2181 2041 2042
f 2181 2042 2182
f 2182 2042 2043
f 2182 2043 2183
f 2183 2043 2044
f 2183 2044 2184
f 2184 2044 2045
f 2184 2045 2185
f 2185 2045 2046
f 2185 2046 2186
f 2186 2046 2047
f 2186 2047 2187
f 2187 2047 2048
f 2187 2048 2188
f 2188 2048 2049
f 2188 2049 2189
f 2189 2049 2050
f 2189 2050 2190
f 2190 2050 2051
f 2190 2051 2191
f 2191 2051 2052
f 2191 2052 2192
f 2192 2052 2053
f 2192 2053 2193
f 2193 2053 2054
f 2193 2054 2194
f 2194 2054 2055
f 2194 2055 2195
f 2195 2055 2056
f 2195 2056 2196
f 214 235 13
f 214 13 109
f 2059 1914 1915
f 2059 1915 2197
f 2198 92 1913
f 2198 1913 2058
f 2197 1915 1916
f 2197 1916 2060
f 196 2199 102
f 196 102 1912
f 2106 1965 1966
f 2106 1966 2109
f 47 2200 2201
f 47 2201 2202
f 2153 2014 2015
f 2153 2015 2156
f 2203 2204 2205
f 2206 92 2198
f 2206 2198 2207
f 2208 73 2107
f 2208 2107 2209
f 2210 55 2154
f 2210 2154 2211
f 2212 2062 2063
f 2212 2063 2213
f 2214 2061 2062
f 2214 2062 2212
f 2215 2064 2065
f 2215 2065 2216
f 2216 2065 2066
f 2216 2066 2217
f 2217 2066 2067
f 2217 2067 2218
f 2218 2067 2068
f 2218 2068 2219
f 2219 2068 2069
f 2219 2069 2220
f 2220 2069 2070
f 2220 2070 2221
f 2221 2070 2071
f 2221 2071 2222
f 2222 2071 2072
f 2222 2072 2223
f 2223 2072 2073
f 2223 2073 2224
f 2224 2073 2074
f 2224 2074 2225
f 2225 2074 2075
f 2225 2075 2226
f 2226 2075 2076
f 2226 2076 2227
f 2227 2076 2077
f 2227 2077 2228
f 2228 2077 2078
f 2228 2078 2229
f 2229 2078 2079
f 2229 2079 2230
f 2230 2079 2080
f 2230 2080 2231
f 2232 2083 2084
f 2232 2084 2233
f 2234 2081 2082
f 2234 2082 2235
f 2235 2082 2083
f 2235 2083 2232
f 2236 2085 2086
f 2236 2086 2237
f 2237 2086 2087
f 2237 2087 2238
f 2238 2087 2088
f 2238 2088 2239
f 2239 2088 2089
f 2239 2089 2240
f 2240 2089 2090
f 2240 2090 2241
f 2241 2090 2091
f 2241 2091 2242
f 2242 2091 2092
f 2242 2092 2243
f 2243 2092 2093
f 2243 2093 2244
f 2244 2093 2094
f 2244 2094 2245
f 2245 2094 2095
f 2245 2095 2246
f 2246 2095 2096
f 2246 2096 2247
f 2247 2096 2097
f 2247 2097 2248
f 2248 2097 2098
f 2248 2098 2249
f 2249 2098 2099
f 2249 2099 2250
f 2250 2099 2100
f 2250 2100 2251
f 2251 2100 2101
f 2251 2101 2252
f 2252 2101 2102
f 2252 2102 2253
f 2254 2253 2208
f 2254 2208 2209
f 2255 2105 2106
f 2255 2106 2256
f 2257 2111 2112
f 2257 2112 2258
f 2259 2108 2105
f 2259 2105 2255
f 2260 2261 2130
f 2260 2130 2262
f 2263 2110 2111
f 2263 2111 2257
f 2264 2113 2114
f 2264 2114 2265
f 2265 2114 2115
f 2265 2115 2266
f 2266 2115 2116
f 2266 2116 2267
f 2267 2116 2117
f 2267 2117 2268
f 2268 2117 2118
f 2268 2118 2269
f 2269 2118 2119
f 2269 2119 2270
f 2270 2119 2120
f 2270 2120 2271
f 2271 2120 2121
f 2271 2121 2272
f 2272 2121 2122
f 2272 2122 2273
f 2273 2122 2123
f 2273 2123 2274
f 2274 2123 2124
f 2274 2124 2275
f 2275 2124 2125
f 2275 2125 2276
f 2276 2125 2126
f 2276 2126 2277
f 2277 2126 2127
f 2277 2127 2278
f 2278 2127 2128
f 2278 2128 2279
f 2279 2128 2129
f 2279 2129 2261
f 2280 2132 2133
f 2280 2133 2281
f 2262 2130 2131
f 2262 2131 2282
f 2282 2131 2132
f 2282 2132 2280
f 2283 2134 2135
f 2283 2135 2284
f 2284 2135 2136
f 2284 2136 2285
f 2285 2136 2137
f 2285 2137 2286
f 2286 2137 2138
f 2286 2138 2287
f 2287 2138 2139
f 2287 2139 2288
f 2288 2139 2140
f 2288 2140 2289
f 2289 2140 2141
f 2289 2141 2290
f 2290 2141 2142
f 2290 2142 2291
f 2291 2142 2143
f 2291 2143 2292
f 2292 2143 2144
f 2292 2144 2293
f 2293 2144 2145
f 2293 2145 2294
f 2294 2145 2146
f 2294 2146 2295
f 2295 2146 2147
f 2295 2147 2296
f 2296 2147 2148
f 2296 2148 2297
f 2297 2148 2149
f 2297 2149 2298
f 2298 2149 2150
f 2298 2150 2299
f 2299 2150 2151
f 2299 2151 2300
f 2301 2300 2210
f 2301 2210 2211
f 2302 2152 2153
f 2302 2153 2303
f 2304 2158 2159
f 2304 2159 2305
f 2306 2155 2152
f 2306 2152 2302
f 2307 2308 2177
f 2307 2177 2309
f 2310 2157 2158
f 2310 2158 2304
f 2311 2160 2161
f 2311 2161 2312
f 2312 2161 2162
f 2312 2162 2313
f 2313 2162 2163
f 2313 2163 2314
f 2314 2163 2164
f 2314 2164 2315
f 2315 2164 2165
f 2315 2165 2316
f 2316 2165 2166
f 2316 2166 2317
f 2317 2166 2167
f 2317 2167 2318
f 2318 2167 2168
f 2318 2168 2319
f 2319 2168 2169
f 2319 2169 2320
f 2320 2169 2170
f 2320 2170 2321
f 2321 2170 2171
f 2321 2171 2322
f 2322 2171 2172
f 2322 2172 2323
f 2323 2172 2173
f 2323 2173 2324
f 2324 2173 2174
f 2324 2174 2325
f 2325 2174 2175
f 2325 2175 2326
f 2326 2175 2176
f 2326 2176 2308
f 2327 2179 2180
f 2327 2180 2328
f 2309 2177 2178
f 2309 2178 2329
f 2329 2178 2179
f 2329 2179 2327
f 2330 2181 2182
f 2330 2182 2331
f 2331 2182 2183
f 2331 2183 2332
f 2332 2183 2184
f 2332 2184 2333
f 2333 2184 2185
f 2333 2185 2334
f 2334 2185 2186
f 2334 2186 2335
f 2335 2186 2187
f 2335 2187 2336
f 2336 2187 2188
f 2336 2188 2337
f 2337 2188 2189
f 2337 2189 2338
f 2338 2189 2190
f 2338 2190 2339
f 2339 2190 2191
f 2339 2191 2340
f 2340 2191 2192
f 2340 2192 2341
f 2341 2192 2193
f 2341 2193 2342
f 2342 2193 2194
f 2342 2194 2343
f 2343 2194 2195
f 2343 2195 2344
f 2344 2195 2196
f 2344 2196 2345
f 2346 2345 2206
f 2346 2206 2207
f 2347 2059 2197
f 2347 2197 2348
f 2349 2198 2058
f 2349 2058 2350
f 2350 2058 2059
f 2350 2059 2347
f 2348 2197 2060
f 2348 2060 2351
f 2351 2060 2061
f 2351 2061 2214
f 2352 2231 2081
f 2352 2081 2234
f 2213 2063 2064
f 2213 2064 2215
f 2256 2106 2109
f 2256 2109 2353
f 2233 2084 2085
f 2233 2085 2236
f 2353 2109 2110
f 2353 2110 2263
f 2354 2107 2108
f 2354 2108 2259
f 2258 2112 2113
f 2258 2113 2264
f 2303 2153 2156
f 2303 2156 2355
f 2281 2133 2134
f 2281 2134 2283
f 2355 2156 2157
f 2355 2157 2310
f 2356 2154 2155
f 2356 2155 2306
f 2305 2159 2160
f 2305 2160 2311
f 2328 2180 2181
f 2328 2181 2330
f 2252 2253 2254
f 2252 2254 2357
f 2299 2300 2301
f 2299 2301 2358
f 2344 2345 2346
f 2344 2346 2359
f 2209 2107 2354
f 2209 2354 2360
f 2279 2261 2260
f 2279 2260 2361
f 2211 2154 2356
f 2211 2356 2362
f 2326 2308 2307
f 2326 2307 2363
f 2230 2231 2352
f 2230 2352 2364
f 2207 2198 2349
f 2207 2349 2365
f 2366 2352 2234
f 2366 2234 2367
f 2368 2215 2216
f 2368 2216 2369
f 2369 2216 2217
f 2369 2217 2370
f 2371 2219 2220
f 2371 2220 2372
f 2372 2220 2221
f 2372 2221 2373
f 2373 2221 2222
f 2373 2222 2374
f 2374 2222 2223
f 2374 2223 2375
f 2375 2223 2224
f 2375 2224 2376
f 2376 2224 2225
f 2376 2225 2377
f 2377 2225 2226
f 2377 2226 2378
f 2378 2226 2227
f 2378 2227 2379
f 2379 2227 2228
f 2379 2228 2380
f 2380 2228 2229
f 2380 2229 2381
f 2381 2229 2230
f 2381 2230 2364
f 2382 2353 2263
f 2382 2263 2383
f 2384 2232 2233
f 2384 2233 2385
f 2386 2238 2239
f 2386 2239 2387
f 2388 2235 2232
f 2388 2232 2384
f 2389 2237 2238
f 2389 2238 2386
f 2390 2240 2241
f 2390 2241 2391
f 2391 2241 2242
f 2391 2242 2392
f 2392 2242 2243
f 2392 2243 2393
f 2393 2243 2244
f 2393 2244 2394
f 2394 2244 2245
f 2394 2245 2395
f 2395 2245 2246
f 2395 2246 2396
f 2396 2246 2247
f 2396 2247 2397
f 2397 2247 2248
f 2397 2248 2398
f 2398 2248 2249
f 2398 2249 2399
f 2399 2249 2250
f 2399 2250 2400
f 2400 2250 2251
f 2400 2251 2401
f 2401 2251 2252
f 2401 2252 2357
f 2402 2254 2209
f 2402 2209 2360
f 2403 2255 2256
f 2403 2256 2404
f 2405 2303 2355
f 2405 2355 2406
f 2407 2258 2264
f 2407 2264 2408
f 2409 2260 2262
f 2409 2262 2410
f 2411 2354 2259
f 2411 2259 2412
f 2408 2264 2265
f 2408 2265 2413
f 2413 2265 2266
f 2413 2266 2414
f 2415 2268 2269
f 2415 2269 2416
f 2416 2269 2270
f 2416 2270 2417
f 2417 2270 2271
f 2417 2271 2418
f 2418 2271 2272
f 2418 2272 2419
f 2419 2272 2273
f 2419 2273 2420
f 2420 2273 2274
f 2420 2274 2421
f 2421 2274 2275
f 2421 2275 2422
f 2422 2275 2276
f 2422 2276 2423
f 2423 2276 2277
f 2423 2277 2424
f 2424 2277 2278
f 2424 2278 2425
f 2425 2278 2279
f 2425 2279 2361
f 2406 2355 2310
f 2406 2310 2426
f 2427 2280 2281
f 2427 2281 2428
f 2410 2262 2282
f 2410 2282 2429
f 2430 2286 2287
f 2430 2287 2431
f 2432 2284 2285
f 2432 2285 2433
f 2431 2287 2288
f 2431 2288 2434
f 2434 2288 2289
f 2434 2289 2435
f 2435 2289 2290
f 2435 2290 2436
f 2436 2290 2291
f 2436 2291 2437
f 2437 2291 2292
f 2437 2292 2438
f 2438 2292 2293
f 2438 2293 2439
f 2439 2293 2294
f 2439 2294 2440
f 2440 2294 2295
f 2440 2295 2441
f 2441 2295 2296
f 2441 2296 2442
f 2442 2296 2297
f 2442 2297 2443
f 2443 2297 2298
f 2443 2298 2444
f 2444 2298 2299
f 2444 2299 2358
f 2445 2301 2211
f 2445 2211 2362
f 2446 2302 2303
f 2446 2303 2405
f 2447 2328 2330
f 2447 2330 2448
f 2449 2305 2311
f 2449 2311 2450
f 2451 2307 2309
f 2451 2309 2452
f 2453 2356 2306
f 2453 2306 2454
f 2450 2311 2312
f 2450 2312 2455
f 2455 2312 2313
f 2455 2313 2456
f 2457 2315 2316
f 2457 2316 2458
f 2458 2316 2317
f 2458 2317 2459
f 2459 2317 2318
f 2459 2318 2460
f 2460 2318 2319
f 2460 2319 2461
f 2461 2319 2320
f 2461 2320 2462
f 2462 2320 2321
f 2462 2321 2463
f 2463 2321 2322
f 2463 2322 2464
f 2464 2322 2323
f 2464 2323 2465
f 2465 2323 2324
f 2465 2324 2466
f 2466 2324 2325
f 2466 2325 2467
f 2467 2325 2326
f 2467 2326 2363
f 2468 2327 2328
f 2468 2328 2447
f 2452 2309 2329
f 2452 2329 2469
f 2470 2333 2334
f 2470 2334 2471
f 2472 2331 2332
f 2472 2332 2473
f 2471 2334 2335
f 2471 2335 2474
f 2474 2335 2336
f 2474 2336 2475
f 2475 2336 2337
f 2475 2337 2476
f 2476 2337 2338
f 2476 2338 2477
f 2477 2338 2339
f 2477 2339 2478
f 2478 2339 2340
f 2478 2340 2479
f 2479 2340 2341
f 2479 2341 2480
f 2480 2341 2342
f 2480 2342 2481
f 2481 2342 2343
f 2481 2343 2482
f 2482 2343 2344
f 2482 2344 2359
f 2483 2346 2207
f 2483 2207 2365
f 2484 2347 2348
f 2484 2348 2485
f 2485 2348 2351
f 2485 2351 2486
f 2487 2350 2347
f 2487 2347 2484
f 2367 2234 2235
f 2367 2235 2388
f 2488 2236 2237
f 2488 2237 2389
f 2489 2218 2219
f 2489 2219 2371
f 2490 2214 2212
f 2490 2212 2491
f 2370 2217 2218
f 2370 2218 2489
f 2385 2233 2236
f 2385 2236 2488
f 2428 2281 2283
f 2428 2283 2492
f 2404 2256 2353
f 2404 2353 2382
f 2491 2212 2213
f 2491 2213 2493
f 2486 2351 2214
f 2486 2214 2490
f 2493 2213 2215
f 2493 2215 2368
f 2387 2239 2240
f 2387 2240 2390
f 2429 2282 2280
f 2429 2280 2427
f 2494 2257 2258
f 2494 2258 2407
f 2414 2266 2267
f 2414 2267 2495
f 2412 2259 2255
f 2412 2255 2403
f 2383 2263 2257
f 2383 2257 2494
f 2495 2267 2268
f 2495 2268 2415
f 2492 2283 2284
f 2492 2284 2432
f 2433 2285 2286
f 2433 2286 2430
f 2469 2329 2327
f 2469 2327 2468
f 2496 2304 2305
f 2496 2305 2449
f 2456 2313 2314
f 2456 2314 2497
f 2454 2306 2302
f 2454 2302 2446
f 2426 2310 2304
f 2426 2304 2496
f 2497 2314 2315
f 2497 2315 2457
f 2448 2330 2331
f 2448 2331 2472
f 2473 2332 2333
f 2473 2333 2470
f 2498 2349 2350
f 2498 2350 2487
f 2357 2254 2402
f 2357 2402 2499
f 2358 2301 2445
f 2358 2445 2500
f 2365 2349 2498
f 2365 2498 2501
f 2359 2346 2483
f 2359 2483 2502
f 2360 2354 2411
f 2360 2411 2503
f 2361 2260 2409
f 2361 2409 2504
f 2364 2352 2366
f 2364 2366 2505
f 2363 2307 2451
f 2363 2451 2506
f 2362 2356 2453
f 2362 2453 2507
f 2508 2373 2374
f 2508 2374 2509
f 2510 2369 2370
f 2510 2370 2511
f 2512 2371 2372
f 2512 2372 2513
f 2513 2372 2373
f 2513 2373 2508
f 2514 2375 2376
f 2514 2376 2515
f 2515 2376 2377
f 2515 2377 2516
f 2516 2377 2378
f 2516 2378 2517
f 2517 2378 2379
f 2517 2379 2518
f 2518 2379 2380
f 2518 2380 2519
f 2199 407 103
f 2199 103 102
f 2520 2495 2415
f 2520 2415 2521
f 2522 2384 2385
f 2522 2385 2523
f 2524 2387 2390
f 2524 2390 2525
f 2526 2428 2492
f 2526 2492 2527
f 2528 2429 2427
f 2528 2427 2529
f 2530 2488 2389
f 2530 2389 2531
f 2532 2533 2534
f 2531 2389 2386
f 2531 2386 2535
f 2536 2393 2394
f 2536 2394 2537
f 2525 2390 2391
f 2525 2391 2538
f 2538 2391 2392
f 2538 2392 2539
f 2537 2394 2395
f 2537 2395 2540
f 2540 2395 2396
f 2540 2396 2541
f 2541 2396 2397
f 2541 2397 2542
f 2542 2397 2398
f 2542 2398 2543
f 2543 2398 2399
f 2543 2399 2544
f 2544 2399 2400
f 2544 2400 2545
f 2534 2533 2546
f 2534 2546 2547
f 2548 2405 2406
f 2548 2406 2549
f 2550 2445 2362
f 2550 2362 2507
f 2551 2403 2404
f 2551 2404 2552
f 2552 2404 2382
f 2552 2382 2553
f 2554 2413 2414
f 2554 2414 2555
f 2556 2434 2435
f 2556 2435 2557
f 2558 2383 2494
f 2558 2494 2559
f 2560 19 206
f 2560 206 205
f 2561 2408 2413
f 2561 2413 2554
f 2562 2412 2403
f 2562 2403 2551
f 2521 2415 2416
f 2521 2416 2563
f 2563 2416 2417
f 2563 2417 2564
f 2565 2419 2420
f 2565 2420 2566
f 2566 2420 2421
f 2566 2421 2567
f 2567 2421 2422
f 2567 2422 2568
f 2568 2422 2423
f 2568 2423 2569
f 2569 2423 2424
f 2569 2424 2570
f 2571 2572 2031
f 2549 2406 2426
f 2549 2426 2573
f 2559 2494 2407
f 2559 2407 2574
f 2529 2427 2428
f 2529 2428 2526
f 2575 2410 2429
f 2575 2429 2528
f 2576 2430 2431
f 2576 2431 2577
f 2031 2572 2578
f 2031 2578 2032
f 2579 2469 2468
f 2579 2468 2580
f 2509 2374 2375
f 2509 2375 2514
f 2577 2431 2434
f 2577 2434 2556
f 2581 2436 2437
f 2581 2437 2582
f 2582 2437 2438
f 2582 2438 2583
f 2583 2438 2439
f 2583 2439 2584
f 2584 2439 2440
f 2584 2440 2585
f 2585 2440 2441
f 2585 2441 2586
f 2586 2441 2442
f 2586 2442 2587
f 2587 2442 2443
f 2587 2443 2588
f 2589 2590 1983
f 2591 2449 2450
f 2591 2450 2592
f 2593 2452 2469
f 2593 2469 2579
f 2594 2483 2365
f 2594 2365 2501
f 2595 2446 2405
f 2595 2405 2548
f 2596 2447 2448
f 2596 2448 2597
f 2598 2455 2456
f 2598 2456 2599
f 2600 2474 2475
f 2600 2475 2601
f 2573 2426 2496
f 2573 2496 2602
f 19 18 2603
f 19 2603 206
f 2592 2450 2455
f 2592 2455 2598
f 2604 2454 2446
f 2604 2446 2595
f 2605 2457 2458
f 2605 2458 2606
f 2606 2458 2459
f 2606 2459 2607
f 2608 2461 2462
f 2608 2462 2609
f 2609 2462 2463
f 2609 2463 2610
f 2610 2463 2464
f 2610 2464 2611
f 2611 2464 2465
f 2611 2465 2612
f 2612 2465 2466
f 2612 2466 2613
f 1983 2590 2614
f 1983 2614 2615
f 2602 2496 2449
f 2602 2449 2591
f 2616 2472 2473
f 2616 2473 2617
f 2618 2498 2487
f 2618 2487 2619
f 2553 2382 2383
f 2553 2383 2558
f 2620 2402 2360
f 2620 2360 2503
f 2621 2470 2471
f 2621 2471 2622
f 234 2603 18
f 234 18 2623
f 2622 2471 2474
f 2622 2474 2600
f 2624 2476 2477
f 2624 2477 2625
f 2625 2477 2478
f 2625 2478 2626
f 2626 2478 2479
f 2626 2479 2627
f 2627 2479 2480
f 2627 2480 2628
f 2628 2480 2481
f 2628 2481 2629
f 2630 2631 2632
f 2630 2632 2633
f 2634 2493 2368
f 2634 2368 2635
f 2636 2367 2388
f 2636 2388 2637
f 2638 2491 2493
f 2638 2493 2634
f 2639 2484 2485
f 2639 2485 2640
f 2640 2485 2486
f 2640 2486 2641
f 2619 2487 2484
f 2619 2484 2639
f 406 2603 234
f 406 234 1908
f 2642 2489 2371
f 2642 2371 2512
f 2643 2490 2491
f 2643 2491 2638
f 2511 2370 2489
f 2511 2489 2642
f 2644 2497 2457
f 2644 2457 2605
f 2645 2433 2430
f 2645 2430 2576
f 2646 2411 2412
f 2646 2412 2562
f 2647 2409 2410
f 2647 2410 2575
f 2555 2414 2495
f 2555 2495 2520
f 2574 2407 2408
f 2574 2408 2561
f 2617 2473 2470
f 2617 2470 2621
f 2637 2388 2384
f 2637 2384 2522
f 2580 2468 2447
f 2580 2447 2596
f 2539 2392 2393
f 2539 2393 2536
f 2535 2386 2387
f 2535 2387 2524
f 2641 2486 2490
f 2641 2490 2643
f 2523 2385 2488
f 2523 2488 2530
f 2527 2492 2432
f 2527 2432 2648
f 2597 2448 2472
f 2597 2472 2616
f 2635 2368 2369
f 2635 2369 2510
f 2649 2366 2367
f 2649 2367 2636
f 2564 2417 2418
f 2564 2418 2650
f 2650 2418 2419
f 2650 2419 2565
f 2648 2432 2433
f 2648 2433 2645
f 2557 2435 2436
f 2557 2436 2581
f 2599 2456 2497
f 2599 2497 2644
f 2651 2451 2452
f 2651 2452 2593
f 2652 2453 2454
f 2652 2454 2604
f 2607 2459 2460
f 2607 2460 2653
f 2653 2460 2461
f 2653 2461 2608
f 2601 2475 2476
f 2601 2476 2624
f 2500 2445 2550
f 2500 2550 2654
f 2503 2411 2646
f 2503 2646 2655
f 2502 2483 2594
f 2502 2594 2656
f 2507 2453 2652
f 2507 2652 2657
f 2506 2451 2651
f 2506 2651 2658
f 2501 2498 2618
f 2501 2618 2659
f 2505 2366 2649
f 2505 2649 2660
f 2504 2409 2647
f 2504 2647 2661
f 2499 2402 2620
f 2499 2620 2662
f 2663 2651 2593
f 2663 2593 2664
f 2665 2516 2517
f 2665 2517 2666
f 2667 2513 2508
f 2667 2508 2668
f 2669 2584 2585
f 2669 2585 2670
f 2671 2515 2516
f 2671 2516 2665
f 2672 2518 2519
f 2672 2519 2673
f 2673 2519 2505
f 2673 2505 2660
f 2674 2563 2564
f 2674 2564 2675
f 2676 2520 2521
f 2676 2521 2677
f 2678 2527 2648
f 2678 2648 2679
f 2680 2538 2539
f 2680 2539 2681
f 2682 2597 2616
f 2682 2616 2683
f 2684 2555 2520
f 2684 2520 2676
f 2685 2540 2541
f 2685 2541 2686
f 2687 2537 2540
f 2687 2540 2685
f 2688 2641 2643
f 2688 2643 2689
f 2690 2531 2535
f 2690 2535 2691
f 2692 2536 2537
f 2692 2537 2687
f 2693 2525 2538
f 2693 2538 2680
f 2691 2535 2524
f 2691 2524 2694
f 2686 2541 2542
f 2686 2542 2695
f 2695 2542 2543
f 2695 2543 2696
f 2696 2543 2544
f 2696 2544 2697
f 2697 2544 2545
f 2697 2545 2698
f 2698 2545 2499
f 2698 2499 2662
f 2699 2559 2574
f 2699 2574 2700
f 2701 2548 2549
f 2701 2549 2702
f 2677 2521 2563
f 2677 2563 2674
f 2703 2551 2552
f 2703 2552 2704
f 2705 2610 2611
f 2705 2611 2706
f 2704 2552 2553
f 2704 2553 2707
f 2708 2554 2555
f 2708 2555 2684
f 2709 2599 2644
f 2709 2644 2710
f 2711 2529 2526
f 2711 2526 2712
f 2713 2568 2569
f 2713 2569 2714
f 2715 2562 2551
f 2715 2551 2703
f 2716 2567 2568
f 2716 2568 2713
f 2717 2650 2565
f 2717 2565 2718
f 2718 2565 2566
f 2718 2566 2719
f 2719 2566 2567
f 2719 2567 2716
f 2714 2569 2570
f 2714 2570 2720
f 2720 2570 2504
f 2720 2504 2661
f 2702 2549 2573
f 2702 2573 2721
f 2706 2611 2612
f 2706 2612 2722
f 2723 2617 2621
f 2723 2621 2724
f 2725 2635 2510
f 2725 2510 2726
f 2727 2522 2523
f 2727 2523 2728
f 2729 2576 2577
f 2729 2577 2730
f 2664 2593 2579
f 2664 2579 2731
f 2731 2579 2580
f 2731 2580 2732
f 2681 2539 2536
f 2681 2536 2692
f 2733 2509 2514
f 2733 2514 2734
f 2683 2616 2617
f 2683 2617 2723
f 2735 2582 2583
f 2735 2583 2736
f 2670 2585 2586
f 2670 2586 2737
f 2737 2586 2587
f 2737 2587 2738
f 2738 2587 2588
f 2738 2588 2739
f 2739 2588 2500
f 2739 2500 2654
f 2740 2607 2653
f 2740 2653 2741
f 2742 2591 2592
f 2742 2592 2743
f 2744 2594 2501
f 2744 2501 2659
f 2745 2595 2548
f 2745 2548 2701
f 2746 2626 2627
f 2746 2627 2747
f 2748 2596 2597
f 2748 2597 2682
f 2721 2573 2602
f 2721 2602 2749
f 2743 2592 2598
f 2743 2598 2750
f 2751 2605 2606
f 2751 2606 2752
f 2752 2606 2607
f 2752 2607 2740
f 2753 2608 2609
f 2753 2609 2754
f 2754 2609 2610
f 2754 2610 2705
f 2722 2612 2613
f 2722 2613 2755
f 2755 2613 2506
f 2755 2506 2658
f 2749 2602 2591
f 2749 2591 2742
f 2756 2618 2619
f 2756 2619 2757
f 2707 2553 2558
f 2707 2558 2758
f 2724 2621 2622
f 2724 2622 2759
f 2666 2517 2518
f 2666 2518 2672
f 2760 2636 2637
f 2760 2637 2761
f 2747 2627 2628
f 2747 2628 2762
f 2759 2622 2600
f 2759 2600 2763
f 2757 2619 2639
f 2757 2639 2764
f 2765 2625 2626
f 2765 2626 2746
f 2762 2628 2629
f 2762 2629 2766
f 2766 2629 2502
f 2766 2502 2656
f 2767 2634 2635
f 2767 2635 2725
f 2732 2580 2596
f 2732 2596 2748
f 2768 2511 2642
f 2768 2642 2769
f 2764 2639 2640
f 2764 2640 2770
f 2770 2640 2641
f 2770 2641 2688
f 2769 2642 2512
f 2769 2512 2771
f 2710 2644 2605
f 2710 2605 2751
f 2772 2604 2595
f 2772 2595 2745
f 2773 2561 2554
f 2773 2554 2708
f 2689 2643 2638
f 2689 2638 2774
f 2741 2653 2608
f 2741 2608 2753
f 2775 2645 2576
f 2775 2576 2729
f 2728 2523 2530
f 2728 2530 2776
f 2777 2646 2562
f 2777 2562 2715
f 2774 2638 2634
f 2774 2634 2767
f 2675 2564 2650
f 2675 2650 2717
f 2761 2637 2522
f 2761 2522 2727
f 2778 2647 2575
f 2778 2575 2779
f 2780 2581 2582
f 2780 2582 2735
f 2781 2624 2625
f 2781 2625 2765
f 2782 2620 2503
f 2782 2503 2655
f 2763 2600 2601
f 2763 2601 2783
f 2750 2598 2599
f 2750 2599 2709
f 2758 2558 2559
f 2758 2559 2699
f 2784 2556 2557
f 2784 2557 2785
f 2730 2577 2556
f 2730 2556 2784
f 2786 2550 2507
f 2786 2507 2657
f 2700 2574 2561
f 2700 2561 2773
f 2785 2557 2581
f 2785 2581 2780
f 2736 2583 2584
f 2736 2584 2669
f 2779 2575 2528
f 2779 2528 2787
f 2694 2524 2525
f 2694 2525 2693
f 2788 2649 2636
f 2788 2636 2760
f 2734 2514 2515
f 2734 2515 2671
f 2679 2648 2645
f 2679 2645 2775
f 2776 2530 2531
f 2776 2531 2690
f 2712 2526 2527
f 2712 2527 2678
f 2787 2528 2529
f 2787 2529 2711
f 2789 2652 2604
f 2789 2604 2772
f 2783 2601 2624
f 2783 2624 2781
f 2668 2508 2509
f 2668 2509 2733
f 2771 2512 2513
f 2771 2513 2667
f 2726 2510 2511
f 2726 2511 2768
f 2080 1938 1939
f 2660 2649 2788
f 2660 2788 2790
f 2791 2792 2793
f 2102 1961 1962
f 2793 2792 2794
f 2793 2794 2795
f 2655 2646 2777
f 2655 2777 2796
f 2654 2550 2786
f 2654 2786 2797
f 2129 1987 1988
f 2656 2594 2744
f 2656 2744 2798
f 2662 2620 2782
f 2662 2782 2799
f 2800 2801 2802
f 2151 2010 2011
f 2659 2618 2756
f 2659 2756 2803
f 2176 2035 2036
f 2802 2801 2804
f 2802 2804 2805
f 2806 2807 2808
f 2808 2807 2809
f 2808 2809 2810
f 2196 2056 2057
f 2661 2647 2778
f 2661 2778 2811
f 2657 2652 2789
f 2657 2789 2812
f 2658 2651 2663
f 2658 2663 2813
f 2814 2694 2693
f 2814 2693 2815
f 2816 2771 2667
f 2816 2667 2817
f 2818 2737 2738
f 2818 2738 2819
f 2820 2672 2673
f 2820 2673 2821
f 2821 2673 2660
f 2821 2660 2790
f 2822 2703 2704
f 2822 2704 2823
f 2824 2689 2774
f 2824 2774 2825
f 2826 2776 2690
f 2826 2690 2827
f 2828 2679 2775
f 2828 2775 2829
f 2830 2779 2787
f 2830 2787 2831
f 2832 2783 2781
f 2832 2781 2833
f 2834 2685 2686
f 2834 2686 2835
f 2836 2788 2760
f 2836 2760 2837
f 2838 2688 2689
f 2838 2689 2824
f 2835 2686 2695
f 2835 2695 2839
f 2840 2733 2734
f 2840 2734 2841
f 2827 2690 2691
f 2827 2691 2842
f 2815 2693 2680
f 2815 2680 2843
f 2844 2696 2697
f 2844 2697 2845
f 2845 2697 2698
f 2845 2698 2846
f 2846 2698 2662
f 2846 2662 2799
f 2847 2785 2780
f 2847 2780 2848
f 2849 2701 2702
f 2849 2702 2850
f 2851 2784 2785
f 2851 2785 2847
f 2852 2706 2722
f 2852 2722 2853
f 2854 2677 2674
f 2854 2674 2855
f 2856 2763 2783
f 2856 2783 2832
f 2850 2702 2721
f 2850 2721 2857
f 2858 2666 2672
f 2858 2672 2820
f 2823 2704 2707
f 2823 2707 2859
f 2860 2708 2684
f 2860 2684 2861
f 2862 2709 2710
f 2862 2710 2863
f 2831 2787 2711
f 2831 2711 2864
f 2865 2720 2661
f 2865 2661 2811
f 2864 2711 2712
f 2864 2712 2866
f 2825 2774 2767
f 2825 2767 2867
f 2868 2676 2677
f 2868 2677 2854
f 2869 2716 2713
f 2869 2713 2870
f 2871 2717 2718
f 2871 2718 2872
f 2872 2718 2719
f 2872 2719 2873
f 2874 2727 2728
f 2874 2728 2875
f 2876 2732 2748
f 2876 2748 2877
f 2878 2725 2726
f 2878 2726 2879
f 2880 2735 2736
f 2880 2736 2881
f 2882 2755 2658
f 2882 2658 2813
f 2883 2723 2724
f 2883 2724 2884
f 2885 2692 2687
f 2885 2687 2886
f 2887 2664 2731
f 2887 2731 2888
f 2863 2710 2751
f 2863 2751 2889
f 2819 2738 2739
f 2819 2739 2890
f 2891 2683 2723
f 2891 2723 2883
f 2892 2669 2670
f 2892 2670 2893
f 2893 2670 2737
f 2893 2737 2818
f 2890 2739 2654
f 2890 2654 2797
f 2894 2742 2743
f 2894 2743 2895
f 2896 2753 2754
f 2896 2754 2897
f 2853 2722 2755
f 2853 2755 2882
f 2855 2674 2675
f 2855 2675 2898
f 2899 2745 2701
f 2899 2701 2849
f 2900 2746 2747
f 2900 2747 2901
f 2902 2768 2769
f 2902 2769 2903
f 2904 2740 2741
f 2904 2741 2905
f 2906 2758 2699
f 2906 2699 2907
f 2889 2751 2752
f 2889 2752 2908
f 2909 2665 2666
f 2909 2666 2858
f 2910 2671 2665
f 2910 2665 2909
f 2908 2752 2740
f 2908 2740 2904
f 2829 2775 2729
f 2829 2729 2911
f 2897 2754 2705
f 2897 2705 2912
f 2859 2707 2758
f 2859 2758 2906
f 2843 2680 2681
f 2843 2681 2913
f 2911 2729 2730
f 2911 2730 2914
f 2915 2757 2764
f 2915 2764 2916
f 2884 2724 2759
f 2884 2759 2917
f 2918 2766 2656
f 2918 2656 2798
f 2841 2734 2671
f 2841 2671 2910
f 2901 2747 2762
f 2901 2762 2919
f 2920 2750 2709
f 2920 2709 2862
f 2921 2770 2688
f 2921 2688 2838
f 2922 2765 2746
f 2922 2746 2900
f 2923 2700 2773
f 2923 2773 2924
f 2903 2769 2771
f 2903 2771 2816
f 2867 2767 2725
f 2867 2725 2878
f 2916 2764 2770
f 2916 2770 2921
f 2925 2756 2757
f 2925 2757 2915
f 2913 2681 2692
f 2913 2692 2885
f 2926 2778 2779
f 2926 2779 2830
f 2927 2744 2659
f 2927 2659 2803
f 2924 2773 2708
f 2924 2708 2860
f 2898 2675 2717
f 2898 2717 2871
f 2928 2714 2720
f 2928 2720 2865
f 2848 2780 2735
f 2848 2735 2880
f 2866 2712 2678
f 2866 2678 2929
f 2930 2777 2715
f 2930 2715 2931
f 2907 2699 2700
f 2907 2700 2923
f 2895 2743 2750
f 2895 2750 2920
f 2931 2715 2703
f 2931 2703 2822
f 2873 2719 2716
f 2873 2716 2869
f 2932 2789 2772
f 2932 2772 2933
f 2833 2781 2765
f 2833 2765 2922
f 2934 2749 2742
f 2934 2742 2894
f 2917 2759 2763
f 2917 2763 2856
f 2879 2726 2768
f 2879 2768 2902
f 2875 2728 2776
f 2875 2776 2826
f 2905 2741 2753
f 2905 2753 2896
f 2857 2721 2749
f 2857 2749 2934
f 2935 2782 2655
f 2935 2655 2796
f 2936 2668 2733
f 2936 2733 2840
f 2937 2786 2657
f 2937 2657 2812
f 2914 2730 2784
f 2914 2784 2851
f 2938 2682 2683
f 2938 2683 2891
f 2939 2663 2664
f 2939 2664 2887
f 2886 2687 2685
f 2886 2685 2834
f 2842 2691 2694
f 2842 2694 2814
f 2912 2705 2706
f 2912 2706 2852
f 2870 2713 2714
f 2870 2714 2928
f 2861 2684 2676
f 2861 2676 2868
f 2888 2731 2732
f 2888 2732 2876
f 2929 2678 2679
f 2929 2679 2828
f 2839 2695 2696
f 2839 2696 2844
f 2837 2760 2761
f 2837 2761 2940
f 2881 2736 2669
f 2881 2669 2892
f 2817 2667 2668
f 2817 2668 2936
f 2940 2761 2727
f 2940 2727 2874
f 2919 2762 2766
f 2919 2766 2918
f 2877 2748 2682
f 2877 2682 2938
f 2933 2772 2745
f 2933 2745 2899
f 2813 2663 2939
f 2813 2939 2941
f 2797 2786 2937
f 2797 2937 2942
f 2799 2782 2935
f 2799 2935 2943
f 2790 2788 2836
f 2790 2836 2944
f 2798 2744 2927
f 2798 2927 2945
f 2811 2778 2926
f 2811 2926 2946
f 2803 2756 2925
f 2803 2925 2947
f 2796 2777 2930
f 2796 2930 2948
f 2812 2789 2932
f 2812 2932 2949
f 2950 2940 2874
f 2950 2874 2951
f 2952 2888 2876
f 2952 2876 2953
f 2954 2821 2790
f 2954 2790 2944
f 2955 2815 2843
f 2955 2843 2956
f 2957 2897 2912
f 2957 2912 2958
f 2959 2848 2880
f 2959 2880 2960
f 2961 2962 2963
f 2964 2901 2919
f 2964 2919 2965
f 2966 2881 2892
f 2966 2892 2967
f 2968 2934 2894
f 2968 2894 2969
f 2970 2837 2940
f 2970 2940 2950
f 2971 2840 2841
f 2971 2841 2972
f 2973 2827 2842
f 2973 2842 2974
f 2975 2911 2914
f 2975 2914 2976
f 2977 2844 2845
f 2977 2845 2978
f 2963 2962 2979
f 2963 2979 2980
f 2981 2849 2850
f 2981 2850 2982
f 2983 2855 2898
f 2983 2898 2984
f 2985 2877 2938
f 2985 2938 2986
f 2986 2938 2891
f 2986 2891 2987
f 2988 2852 2853
f 2988 2853 2989
f 2969 2894 2895
f 2969 2895 2990
f 2991 2858 2820
f 2991 2820 2992
f 2956 2843 2913
f 2956 2913 2993
f 2994 2860 2861
f 2994 2861 2995
f 2996 2997 2998
f 2999 2838 2824
f 2999 2824 3000
f 3001 2836 2837
f 3001 2837 2970
f 3002 2831 2864
f 3002 2864 3003
f 3004 2865 2811
f 3004 2811 2946
f 3005 2873 2869
f 3005 2869 3006
f 3007 2916 2921
f 3007 2921 3008
f 3009 2868 2854
f 3009 2854 3010
f 3006 2869 2870
f 3006 2870 3011
f 3012 2905 2896
f 3012 2896 3013
f 3014 2872 2873
f 3014 2873 3005
f 2951 2874 2875
f 2951 2875 3015
f 3016 2933 2899
f 3016 2899 3017
f 3015 2875 2826
f 3015 2826 3018
f 3019 2817 2936
f 3019 2936 3020
f 3021 2883 2884
f 3021 2884 3022
f 2974 2842 2814
f 2974 2814 3023
f 2982 2850 2857
f 2982 2857 3024
f 3025 2929 2828
f 3025 2828 3026
f 3027 2832 2833
f 3027 2833 3028
f 3029 2847 2848
f 3029 2848 2959
f 3003 2864 2866
f 3003 2866 3030
f 3031 2863 2889
f 3031 2889 3032
f 3033 2931 2822
f 3033 2822 3034
f 2987 2891 2883
f 2987 2883 3021
f 3035 2851 2847
f 3035 2847 3029
f 2967 2892 2893
f 2967 2893 3036
f 3010 2854 2855
f 3010 2855 2983
f 3036 2893 2818
f 3036 2818 3037
f 3038 2917 2856
f 3038 2856 3039
f 3040 2871 2872
f 3040 2872 3014
f 3041 2859 2906
f 3041 2906 3042
f 2989 2853 2882
f 2989 2882 3043
f 2984 2898 2871
f 2984 2871 3040
f 3017 2899 2849
f 3017 2849 2981
f 3044 2900 2901
f 3044 2901 2964
f 3045 2867 2878
f 3045 2878 3046
f 3024 2857 2934
f 3024 2934 2968
f 3047 2830 2831
f 3047 2831 3002
f 3026 2828 2829
f 3026 2829 3048
f 3000 2824 2825
f 3000 2825 3049
f 2990 2895 2920
f 2990 2920 3050
f 3032 2889 2908
f 3032 2908 3051
f 3052 2909 2858
f 3052 2858 2991
f 3053 2834 2835
f 3053 2835 3054
f 3055 2910 2909
f 3055 2909 3052
f 3011 2870 2928
f 3011 2928 3056
f 3057 2879 2902
f 3057 2902 3058
f 2993 2913 2885
f 2993 2885 3059
f 3060 2915 2916
f 3060 2916 3007
f 3022 2884 2917
f 3022 2917 3038
f 3061 2918 2798
f 3061 2798 2945
f 2992 2820 2821
f 2992 2821 2954
f 3050 2920 2862
f 3050 2862 3062
f 3008 2921 2838
f 3008 2838 2999
f 3063 2922 2900
f 3063 2900 3044
f 3018 2826 2827
f 3018 2827 2973
f 3064 2923 2924
f 3064 2924 3065
f 3066 2903 2816
f 3066 2816 3067
f 3013 2896 2897
f 3013 2897 2957
f 3058 2902 2903
f 3058 2903 3066
f 2976 2914 2851
f 2976 2851 3035
f 2958 2912 2852
f 2958 2852 2988
f 3067 2816 2817
f 3067 2817 3019
f 3048 2829 2911
f 3048 2911 2975
f 2945 2927 2803
f 2945 2803 2947
f 3042 2906 2907
f 3042 2907 3068
f 3034 2822 2823
f 3034 2823 3069
f 2972 2841 2910
f 2972 2910 3055
f 3070 2930 2931
f 3070 2931 3033
f 3068 2907 2923
f 3068 2923 3064
f 3054 2835 2839
f 3054 2839 3071
f 3072 2904 2905
f 3072 2905 3012
f 3037 2818 2819
f 3037 2819 3073
f 3069 2823 2859
f 3069 2859 3041
f 2960 2880 2881
f 2960 2881 2966
f 3028 2833 2922
f 3028 2922 3063
f 3074 2887 2888
f 3074 2888 2952
f 3049 2825 2867
f 3049 2867 3045
f 3020 2936 2840
f 3020 2840 2971
f 2998 2997 3075
f 2998 3075 3076
f 3051 2908 2904
f 3051 2904 3072
f 3043 2882 2813
f 3043 2813 2941
f 3077 2886 2834
f 3077 2834 3053
f 3078 2939 2887
f 3078 2887 3074
f 3065 2924 2860
f 3065 2860 2994
f 3079 2926 2830
f 3079 2830 3047
f 3059 2885 2886
f 3059 2886 3077
f 3071 2839 2844
f 3071 2844 2977
f 3046 2878 2879
f 3046 2879 3057
f 3062 2862 2863
f 3062 2863 3031
f 2953 2876 2877
f 2953 2877 2985
f 3056 2928 2865
f 3056 2865 3004
f 3080 2932 2933
f 3080 2933 3016
f 3081 2925 2915
f 3081 2915 3060
f 3030 2866 2929
f 3030 2929 3025
f 3039 2856 2832
f 3039 2832 3027
f 2995 2861 2868
f 2995 2868 3009
f 2965 2919 2918
f 2965 2918 3061
f 3023 2814 2815
f 3023 2815 2955
f 2944 2836 3001
f 2944 3001 3082
f 2941 2939 3078
f 2941 3078 3083
f 2949 2932 3080
f 2949 3080 3084
f 2947 2925 3081
f 2947 3081 3085
f 2946 2926 3079
f 2946 3079 3086
f 2948 2930 3070
f 2948 3070 3087
f 3088 3056 3004
f 3088 3004 3089
f 3090 3051 3072
f 3090 3072 3091
f 3092 2953 2985
f 3092 2985 3093
f 3094 3077 3053
f 3094 3053 3095
f 3096 2955 2956
f 3096 2956 3097
f 3098 3007 3008
f 3098 3008 3099
f 3100 2975 2976
f 3100 2976 3101
f 3102 3067 3019
f 3102 3019 3103
f 3104 3028 3063
f 3104 3063 3105
f 3106 3107 2794
f 2794 3107 3108
f 2794 3108 3109
f 3110 3062 3031
f 3110 3031 3111
f 3112 3010 2983
f 3112 2983 3113
f 3114 3050 3062
f 3114 3062 3110
f 3115 2959 2960
f 3115 2960 3116
f 3117 3011 3056
f 3117 3056 3088
f 3118 2971 2972
f 3118 2972 3119
f 3120 2982 3024
f 3120 3024 3121
f 3122 2958 2988
f 3122 2988 3123
f 3124 3125 3126
f 3127 3000 3049
f 3127 3049 3128
f 3129 2978 2943
f 3129 2943 3130
f 3131 3023 2955
f 3131 2955 3096
f 3132 2981 2982
f 3132 2982 3120
f 3133 3017 2981
f 3133 2981 3132
f 3134 2984 3040
f 3134 3040 3135
f 3136 2986 2987
f 3136 2987 3137
f 3123 2988 2989
f 3123 2989 3138
f 3139 2969 2990
f 3139 2990 3140
f 163 3001 2970
f 163 2970 3141
f 3126 3125 3142
f 3126 3142 3143
f 3144 2991 2992
f 3144 2992 3145
f 3097 2956 2993
f 3097 2993 3146
f 3147 2994 2995
f 3147 2995 3148
f 3149 3042 3068
f 3149 3068 3150
f 3140 2990 3050
f 3140 3050 3114
f 3151 3002 3003
f 3151 3003 3152
f 3153 3080 3016
f 3153 3016 3154
f 3093 2985 2986
f 3093 2986 3136
f 3155 3005 3006
f 3155 3006 3156
f 3157 3074 2952
f 3157 2952 3158
f 3159 3036 3037
f 3159 3037 3160
f 3156 3006 3011
f 3156 3011 3117
f 3161 3012 3013
f 3161 3013 3162
f 3163 3034 3069
f 3163 3069 3164
f 3165 3166 3167
f 3154 3016 3017
f 3154 3017 3133
f 3168 3015 3018
f 3168 3018 3169
f 3103 3019 3020
f 3103 3020 3170
f 3171 2977 2978
f 3171 2978 3129
f 3172 2974 3023
f 3172 3023 3131
f 3173 3059 3077
f 3173 3077 3094
f 3167 3166 3174
f 3167 3174 3175
f 3176 3025 3026
f 3176 3026 3177
f 3178 3065 2994
f 3178 2994 3147
f 3179 2967 3036
f 3179 3036 3159
f 3180 3039 3027
f 3180 3027 3181
f 3111 3031 3032
f 3111 3032 3182
f 3119 2972 3055
f 3119 3055 3183
f 3137 2987 3021
f 3137 3021 3184
f 3148 2995 3009
f 3148 3009 3185
f 3186 3058 3066
f 3186 3066 3187
f 3135 3040 3014
f 3135 3014 3188
f 3189 3061 2945
f 3189 2945 3190
f 3191 3038 3039
f 3191 3039 3180
f 3192 3030 3025
f 3192 3025 3176
f 3183 3055 3052
f 3183 3052 3193
f 3194 3041 3042
f 3194 3042 3149
f 3195 3196 3197
f 3198 3071 2977
f 3198 2977 3171
f 3199 2965 3061
f 3199 3061 3189
f 3197 3196 3200
f 3197 3200 3201
f 3202 3045 3046
f 3202 3046 3203
f 3121 3024 2968
f 3121 2968 3204
f 3141 2970 2950
f 3141 2950 3205
f 3190 2945 2947
f 3190 2947 3085
f 3170 3020 2971
f 3170 2971 3118
f 3099 3008 2999
f 3099 2999 3206
f 3207 2964 2965
f 3207 2965 3199
f 3193 3052 2991
f 3193 2991 3144
f 3095 3053 3054
f 3095 3054 3208
f 3209 3070 3033
f 3209 3033 3210
f 3150 3068 3064
f 3150 3064 3211
f 3212 3057 3058
f 3212 3058 3186
f 3146 2993 3059
f 3146 3059 3173
f 3213 3073 2942
f 3213 2942 3214
f 3215 3060 3007
f 3215 3007 3098
f 3216 3217 3218
f 3158 2952 2953
f 3158 2953 3092
f 3210 3033 3034
f 3210 3034 3163
f 3101 2976 3035
f 3101 3035 3219
f 3187 3066 3067
f 3187 3067 3102
f 3203 3046 3057
f 3203 3057 3212
f 3220 3048 2975
f 3220 2975 3100
f 3162 3013 2957
f 3162 2957 3221
f 3218 3217 3222
f 3218 3222 3223
f 3224 3029 2959
f 3224 2959 3115
f 3113 2983 2984
f 3113 2984 3134
f 3208 3054 3071
f 3208 3071 3198
f 3219 3035 3029
f 3219 3029 3224
f 3184 3021 3022
f 3184 3022 3225
f 3116 2960 2966
f 3116 2966 3226
f 3188 3014 3005
f 3188 3005 3155
f 3091 3072 3012
f 3091 3012 3161
f 3206 2999 3000
f 3206 3000 3127
f 3226 2966 2967
f 3226 2967 3179
f 3169 3018 2973
f 3169 2973 3227
f 3160 3037 3073
f 3160 3073 3213
f 3225 3022 3038
f 3225 3038 3191
f 3205 2950 2951
f 3205 2951 3228
f 3228 2951 3015
f 3228 3015 3168
f 3089 3004 2946
f 3089 2946 3086
f 3177 3026 3048
f 3177 3048 3220
f 3105 3063 3044
f 3105 3044 3229
f 3230 3079 3047
f 3230 3047 3231
f 168 3078 3074
f 168 3074 3157
f 3182 3032 3051
f 3182 3051 3090
f 3181 3027 3028
f 3181 3028 3104
f 3164 3069 3041
f 3164 3041 3194
f 3227 2973 2974
f 3227 2974 3172
f 3229 3044 2964
f 3229 2964 3207
f 3221 2957 2958
f 3221 2958 3122
f 3211 3064 3065
f 3211 3065 3178
f 3232 3081 3060
f 3232 3060 3215
f 3231 3047 3002
f 3231 3002 3151
f 3204 2968 2969
f 3204 2969 3139
f 3152 3003 3030
f 3152 3030 3192
f 3185 3009 3010
f 3185 3010 3112
f 3128 3049 3045
f 3128 3045 3202
f 3082 3001 163
f 3082 163 162
f 3085 3081 3232
f 3085 3232 3233
f 3087 3070 3209
f 3087 3209 3234
f 3084 3080 3153
f 3084 3153 3235
f 3086 3079 3230
f 3086 3230 3236
f 3083 3078 168
f 3083 168 167
f 3237 3206 3127
f 3237 3127 3238
f 3239 3101 3219
f 3239 3219 3240
f 3241 3203 3212
f 3241 3212 3242
f 3243 3187 3102
f 3243 3102 3244
f 3245 3193 3144
f 3245 3144 3246
f 3247 3204 3139
f 3247 3139 3248
f 3249 3110 3111
f 3249 3111 3250
f 3251 3119 3183
f 3251 3183 3252
f 3253 3208 3198
f 3253 3198 3254
f 3255 3151 3152
f 3255 3152 3256
f 3246 3144 3145
f 3246 3145 165
f 3257 3115 3116
f 3257 3116 3258
f 3259 3161 3162
f 3259 3162 3260
f 3261 3118 3119
f 3261 3119 3251
f 3262 3141 3205
f 3262 3205 3263
f 3264 3185 3112
f 3264 3112 3265
f 3266 3097 3146
f 3266 3146 3267
f 3268 3131 3096
f 3268 3096 3269
f 3270 3132 3120
f 3270 3120 3271
f 3272 3133 3132
f 3272 3132 3270
f 3273 3134 3135
f 3273 3135 3274
f 3275 3148 3185
f 3275 3185 3264
f 3276 3123 3138
f 3276 3138 170
f 3248 3139 3140
f 3248 3140 3277
f 3278 3279 3280
f 3281 2949 3084
f 3281 3084 3282
f 3240 3219 3224
f 3240 3224 3283
f 3284 3149 3150
f 3284 3150 3285
f 3286 3229 3207
f 3286 3207 3287
f 3288 3147 3148
f 3288 3148 3275
f 3289 3220 3100
f 3289 3100 3290
f 3277 3140 3114
f 3277 3114 3291
f 3292 3160 3213
f 3292 3213 3293
f 3294 3093 3136
f 3294 3136 3295
f 3296 3210 3163
f 3296 3163 3297
f 3298 3225 3191
f 3298 3191 3299
f 3300 3156 3117
f 3300 3117 3301
f 3302 3227 3172
f 3302 3172 3303
f 3304 3154 3133
f 3304 3133 3272
f 3305 3103 3170
f 3305 3170 3306
f 3307 3171 3129
f 3307 3129 3308
f 3309 3090 3091
f 3309 3091 3310
f 3303 3172 3131
f 3303 3131 3268
f 3311 3173 3094
f 3311 3094 3312
f 3313 3105 3229
f 3313 3229 3286
f 3252 3183 3193
f 3252 3193 3245
f 158 3232 3215
f 158 3215 3314
f 3315 3179 3159
f 3315 3159 3316
f 3317 3180 3181
f 3317 3181 3318
f 3250 3111 3182
f 3250 3182 3319
f 3258 3116 3226
f 3258 3226 3320
f 3321 3128 3202
f 3321 3202 3322
f 3323 3186 3187
f 3323 3187 3243
f 3274 3135 3188
f 3274 3188 3324
f 3325 3192 3176
f 3325 3176 3326
f 3327 3095 3208
f 3327 3208 3253
f 3328 3194 3149
f 3328 3149 3284
f 3254 3198 3171
f 3254 3171 3307
f 3329 3199 3189
f 3329 3189 3330
f 3331 3104 3105
f 3331 3105 3313
f 3332 3221 3122
f 3332 3122 3333
f 3334 3121 3204
f 3334 3204 3247
f 3335 3228 3168
f 3335 3168 3336
f 3337 2948 3087
f 3337 3087 3338
f 3287 3207 3199
f 3287 3199 3329
f 3339 3209 3210
f 3339 3210 3296
f 3285 3150 3211
f 3285 3211 3340
f 3242 3212 3186
f 3242 3186 3323
f 3314 3215 3098
f 3314 3098 3341
f 3342 3158 3092
f 3342 3092 3343
f 3256 3152 3192
f 3256 3192 3325
f 3340 3211 3178
f 3340 3178 3344
f 3322 3202 3203
f 3322 3203 3241
f 3299 3191 3180
f 3299 3180 3317
f 3310 3091 3161
f 3310 3161 3259
f 3263 3205 3228
f 3263 3228 3335
f 3244 3102 3103
f 3244 3103 3305
f 3312 3094 3095
f 3312 3095 3327
f 3318 3181 3104
f 3318 3104 3331
f 3269 3096 3097
f 3269 3097 3266
f 3326 3176 3177
f 3326 3177 3345
f 3346 3231 3151
f 3346 3151 3255
f 3347 3184 3225
f 3347 3225 3298
f 166 168 3157
f 166 3157 3348
f 3349 3164 3194
f 3349 3194 3328
f 3350 3169 3227
f 3350 3227 3302
f 3280 3279 3351
f 3280 3351 3352
f 3316 3159 3160
f 3316 3160 3292
f 3345 3177 3220
f 3345 3220 3289
f 3246 3353 3354
f 3319 3182 3090
f 3319 3090 3309
f 3348 3157 3158
f 3348 3158 3342
f 3355 3153 3154
f 3355 3154 3304
f 170 3138 3083
f 170 3083 167
f 161 163 3141
f 161 3141 3262
f 3343 3092 3093
f 3343 3093 3294
f 3295 3136 3137
f 3295 3137 3356
f 3357 3230 3231
f 3357 3231 3346
f 3336 3168 3169
f 3336 3169 3350
f 3238 3127 3128
f 3238 3128 3321
f 165 3145 3082
f 165 3082 162
f 3333 3122 3123
f 3333 3123 3276
f 3271 3120 3121
f 3271 3121 3334
f 3358 3099 3206
f 3358 3206 3237
f 3320 3226 3179
f 3320 3179 3315
f 3301 3117 3088
f 3301 3088 3359
f 3267 3146 3173
f 3267 3173 3311
f 3360 3113 3134
f 3360 3134 3273
f 3291 3114 3110
f 3291 3110 3249
f 3265 3112 3113
f 3265 3113 3360
f 3290 3100 3101
f 3290 3101 3239
f 3324 3188 3155
f 3324 3155 3361
f 3297 3163 3164
f 3297 3164 3349
f 3260 3162 3221
f 3260 3221 3332
f 3283 3224 3115
f 3283 3115 3257
f 3341 3098 3099
f 3341 3099 3358
f 3306 3170 3118
f 3306 3118 3261
f 3344 3178 3147
f 3344 3147 3288
f 3361 3155 3156
f 3361 3156 3300
f 3356 3137 3184
f 3356 3184 3347
f 3354 3353 136
f 3354 136 142
f 3234 3209 3339
f 3234 3339 3362
f 3236 3230 3357
f 3236 3357 3363
f 3233 3232 158
f 3233 158 157
f 3235 3153 3355
f 3235 3355 3364
f 3365 3366 3367
f 3367 3366 160
f 3367 160 159
f 3368 3242 3323
f 3368 3323 3369
f 3370 3294 3295
f 3370 3295 3371
f 3372 3314 3341
f 3372 3341 3373
f 3374 3312 3327
f 3374 3327 3375
f 3376 3251 3252
f 3376 3252 3377
f 3378 3299 3317
f 3378 3317 3379
f 3380 3258 3320
f 3380 3320 3381
f 3382 3287 3329
f 3382 3329 3365
f 3371 3295 3356
f 3371 3356 3383
f 3384 3339 3296
f 3384 3296 3385
f 3386 3340 3344
f 3386 3344 3387
f 3353 3246 165
f 3353 165 164
f 3388 3257 3258
f 3388 3258 3380
f 3389 3283 3257
f 3389 3257 3388
f 3390 3262 3263
f 3390 3263 3391
f 3392 3290 3239
f 3392 3239 3393
f 3394 3326 3345
f 3394 3345 3395
f 3396 3397 3398
f 3387 3344 3288
f 3387 3288 3399
f 3400 3273 3274
f 3400 3274 3401
f 3402 3324 3361
f 3402 3361 3403
f 3404 3276 170
f 3404 170 169
f 3405 3248 3277
f 3405 3277 3406
f 3398 3397 3407
f 3398 3407 3408
f 3409 3316 3292
f 3409 3292 3410
f 3373 3341 3358
f 3373 3358 3396
f 3411 3284 3285
f 3411 3285 3412
f 3413 3268 3269
f 3413 3269 3414
f 3415 3289 3290
f 3415 3290 3392
f 3406 3277 3291
f 3406 3291 3416
f 3410 3292 3293
f 3410 3293 3417
f 3418 3245 3246
f 3418 3246 3354
f 3419 3260 3332
f 3419 3332 3420
f 3421 3310 3259
f 3421 3259 3422
f 3423 3267 3311
f 3423 3311 3424
f 3425 3318 3331
f 3425 3331 3426
f 3427 3275 3264
f 3427 3264 3428
f 3429 3240 3283
f 3429 3283 3389
f 3430 3305 3306
f 3430 3306 3431
f 3428 3264 3265
f 3428 3265 3432
f 3391 3263 3335
f 3391 3335 3433
f 3434 3303 3268
f 3434 3268 3413
f 3435 3360 3273
f 3435 3273 3400
f 3436 3271 3334
f 3436 3334 3437
f 3438 3315 3316
f 3438 3316 3409
f 3439 3241 3242
f 3439 3242 3368
f 3395 3345 3289
f 3395 3289 3415
f 3414 3269 3266
f 3414 3266 3440
f 3441 3250 3319
f 3441 3319 3442
f 3334 3247 3437
f 3443 3255 3256
f 3443 3256 3444
f 3445 3321 3322
f 3445 3322 3446
f 3431 3306 3261
f 3431 3261 3447
f 3448 3243 3244
f 3448 3244 3449
f 3450 3297 3349
f 3450 3349 3451
f 3452 3325 3326
f 3452 3326 3394
f 3451 3328 3284
f 3451 3284 3411
f 3426 3331 3313
f 3426 3313 3453
f 3420 3332 3333
f 3420 3333 3454
f 3396 3358 3237
f 3396 3237 3397
f 3455 3272 3270
f 3455 3270 3456
f 3433 3335 3336
f 3433 3336 3457
f 3442 3319 3309
f 3442 3309 3458
f 3379 3317 3318
f 3379 3318 3425
f 3446 3322 3241
f 3446 3241 3439
f 3338 3087 3234
f 3338 3234 3459
f 3393 3239 3240
f 3393 3240 3429
f 3460 3355 3304
f 3460 3304 3461
f 3458 3309 3310
f 3458 3310 3421
f 3462 3342 3343
f 3462 3343 3463
f 3444 3256 3325
f 3444 3325 3452
f 3464 3307 3308
f 3464 3308 3465
f 3461 3304 3272
f 3461 3272 3455
f 3466 3302 3303
f 3466 3303 3434
f 3437 3247 3248
f 3437 3248 3405
f 3375 3327 3253
f 3375 3253 3467
f 3468 3300 3301
f 3468 3301 3469
f 3403 3361 3300
f 3403 3300 3468
f 3369 3323 3243
f 3369 3243 3448
f 3470 3298 3299
f 3470 3299 3378
f 3385 3296 3297
f 3385 3297 3450
f 3471 3346 3255
f 3471 3255 3443
f 3472 3347 3298
f 3472 3298 3470
f 3432 3265 3360
f 3432 3360 3435
f 3465 3308 3338
f 3465 3338 3459
f 3377 3252 3245
f 3377 3245 3418
f 3473 3249 3250
f 3473 3250 3441
f 3474 166 3348
f 3474 3348 3475
f 3476 3350 3302
f 3476 3302 3466
f 3477 161 3262
f 3477 3262 3390
f 3453 3313 3286
f 3453 3286 3478
f 3416 3291 3249
f 3416 3249 3473
f 3457 3336 3350
f 3457 3350 3476
f 3456 3270 3271
f 3456 3271 3436
f 3424 3311 3312
f 3424 3312 3374
f 3478 3286 3287
f 3478 3287 3382
f 3440 3266 3267
f 3440 3267 3423
f 153 3357 3346
f 153 3346 3471
f 3399 3288 3275
f 3399 3275 3427
f 3463 3343 3294
f 3463 3294 3370
f 3397 3237 3238
f 3397 3238 3407
f 3447 3261 3251
f 3447 3251 3376
f 3454 3333 3276
f 3454 3276 3404
f 3449 3244 3305
f 3449 3305 3430
f 3412 3285 3340
f 3412 3340 3386
f 3407 3238 3321
f 3407 3321 3445
f 156 158 3314
f 156 3314 3372
f 3401 3274 3324
f 3401 3324 3402
f 3282 3084 3235
f 3282 3235 145
f 3383 3356 3347
f 3383 3347 3472
f 3475 3348 3342
f 3475 3342 3462
f 3422 3259 3260
f 3422 3260 3419
f 3381 3320 3315
f 3381 3315 3438
f 3301 3359 3469
f 3417 3282 145
f 3417 145 144
f 164 161 3477
f 164 3477 137
f 3363 3357 153
f 3363 153 152
f 3364 3355 3460
f 3364 3460 3479
f 169 166 3474
f 169 3474 3480
f 3362 3339 3384
f 3362 3384 3481
f 3469 3359 3236
f 3469 3236 3363
f 3482 3399 3427
f 3482 3427 3483
f 3408 3407 3445
f 3408 3445 3484
f 3485 3446 3439
f 3485 3439 3486
f 3487 3371 3383
f 3487 3383 3488
f 3489 3384 3385
f 3489 3385 3490
f 3491 3437 3405
f 3491 3405 3492
f 3493 3389 3388
f 3493 3388 3494
f 3495 3390 3391
f 3495 3391 3496
f 3497 3374 3375
f 3497 3375 3498
f 3499 3414 3440
f 3499 3440 3216
f 3500 3386 3387
f 3500 3387 3501
f 3502 3463 3370
f 3502 3370 3503
f 3501 3387 3399
f 3501 3399 3482
f 3504 3376 3377
f 3504 3377 3505
f 3506 3400 3401
f 3506 3401 3507
f 3508 3369 3448
f 3508 3448 3509
f 150 3410 3417
f 150 3417 144
f 3510 3373 3396
f 3510 3396 3398
f 3511 3411 3412
f 3511 3412 3512
f 3513 3379 3425
f 3513 3425 3514
f 3515 3372 3373
f 3515 3373 3510
f 3516 3457 3476
f 3516 3476 3517
f 145 3235 3364
f 145 3364 143
f 3518 3418 3354
f 3518 3354 3519
f 3253 3254 3467
f 3520 3381 3438
f 3520 3438 3521
f 3522 3478 3382
f 3522 3382 3523
f 3524 3420 3454
f 3524 3454 3525
f 3496 3391 3433
f 3496 3433 3526
f 3278 3460 3461
f 3278 3461 3279
f 3527 3430 3431
f 3527 3431 3528
f 3529 3428 3432
f 3529 3432 3530
f 3531 3442 3458
f 3531 3458 3532
f 3533 3434 3413
f 3533 3413 3534
f 3535 3435 3400
f 3535 3400 3506
f 3536 3436 3437
f 3536 3437 3491
f 3486 3439 3368
f 3486 3368 3537
f 155 3469 3363
f 155 3363 152
f 3538 3422 3419
f 3538 3419 3539
f 3540 3441 3442
f 3540 3442 3531
f 3541 3403 3468
f 3541 3468 3542
f 3517 3476 3466
f 3517 3466 3543
f 3528 3431 3447
f 3528 3447 3544
f 3509 3448 3449
f 3509 3449 3545
f 3546 3464 3465
f 3546 3465 3547
f 3548 3451 3411
f 3548 3411 3511
f 3549 3421 3422
f 3549 3422 3538
f 3550 3416 3473
f 3550 3473 3551
f 3545 3449 3430
f 3545 3430 3527
f 3544 3447 3376
f 3544 3376 3504
f 3351 3455 3456
f 3351 3456 3552
f 3553 3429 3389
f 3553 3389 3493
f 3530 3432 3435
f 3530 3435 3535
f 3526 3433 3457
f 3526 3457 3516
f 3467 3254 3307
f 3467 3307 3464
f 3484 3445 3446
f 3484 3446 3485
f 3459 3234 3362
f 3459 3362 3554
f 3222 3424 3374
f 3222 3374 3497
f 3555 3443 3444
f 3555 3444 3556
f 3532 3458 3421
f 3532 3421 3549
f 3557 3471 3443
f 3557 3443 3555
f 3558 3450 3451
f 3558 3451 3548
f 3559 3470 3378
f 3559 3378 3560
f 3556 3444 3452
f 3556 3452 3561
f 3279 3461 3455
f 3279 3455 3351
f 3562 3380 3381
f 3562 3381 3520
f 3521 3438 3409
f 3521 3409 3563
f 3564 3402 3403
f 3564 3403 3541
f 3525 3454 3404
f 3525 3404 3565
f 3566 156 3372
f 3566 3372 3515
f 151 153 3471
f 151 3471 3557
f 3567 3415 3392
f 3567 3392 3568
f 3569 3462 3463
f 3569 3463 3502
f 3570 3393 3429
f 3570 3429 3553
f 3571 3472 3470
f 3571 3470 3559
f 3514 3425 3426
f 3514 3426 3572
f 132 3474 3475
f 132 3475 3573
f 3523 3382 3365
f 3523 3365 3367
f 3574 3477 3390
f 3574 3390 3495
f 3539 3419 3420
f 3539 3420 3524
f 3216 3440 3423
f 3216 3423 3217
f 3488 3383 3472
f 3488 3472 3571
f 3551 3473 3441
f 3551 3441 3540
f 3534 3413 3414
f 3534 3414 3499
f 3572 3426 3453
f 3572 3453 3575
f 3576 3467 3464
f 3576 3464 3546
f 3563 3409 3410
f 3563 3410 150
f 3088 3089 3359
f 3537 3368 3369
f 3537 3369 3508
f 3492 3405 3406
f 3492 3406 3577
f 3498 3375 3467
f 3498 3467 3576
f 3542 3468 3469
f 3542 3469 155
f 3483 3427 3428
f 3483 3428 3529
f 3578 3394 3395
f 3578 3395 3579
f 3577 3406 3416
f 3577 3416 3550
f 3568 3392 3393
f 3568 3393 3570
f 3575 3453 3478
f 3575 3478 3522
f 3494 3388 3380
f 3494 3380 3562
f 3359 3089 3086
f 3359 3086 3236
f 3560 3378 3379
f 3560 3379 3513
f 3565 3404 169
f 3565 169 3480
f 3573 3475 3462
f 3573 3462 3569
f 3512 3412 3386
f 3512 3386 3500
f 136 3353 164
f 136 164 137
f 3490 3385 3450
f 3490 3450 3558
f 3507 3401 3402
f 3507 3402 3564
f 3503 3370 3371
f 3503 3371 3487
f 3547 3465 3459
f 3547 3459 3554
f 3579 3395 3415
f 3579 3415 3567
f 3561 3452 3394
f 3561 3394 3578
f 3543 3466 3434
f 3543 3434 3533
f 3552 3456 3436
f 3552 3436 3536
f 3338 3308 3337
f 3337 3308 3129
f 3337 3129 3130
f 3580 27 26
f 3580 26 3581
f 137 3477 3574
f 137 3574 135
f 159 156 3566
f 159 3566 3582
f 3480 3474 132
f 3480 132 131
f 3505 3377 3418
f 3505 3418 3518
f 3479 3460 3278
f 3479 3278 3583
f 3217 3423 3424
f 3217 3424 3222
f 3481 3384 3489
f 3481 3489 115
f 3584 3537 3508
f 3584 3508 3585
f 3586 3515 3510
f 3586 3510 3587
f 3588 3551 3540
f 3588 3540 3589
f 3590 3507 3564
f 3590 3564 3591
f 3592 3498 3576
f 3592 3576 3593
f 3594 3490 3558
f 3594 3558 3595
f 3596 3542 155
f 3596 155 154
f 3597 3488 3571
f 3597 3571 3598
f 3546 3547 3554
f 3546 3554 3599
f 3600 3501 3482
f 3600 3482 3601
f 3352 3351 3552
f 3352 3552 3602
f 3166 3503 3487
f 3166 3487 3174
f 3603 3579 3567
f 3603 3567 3604
f 3605 3497 3498
f 3605 3498 3592
f 3587 3510 3398
f 3587 3398 3606
f 3607 3512 3500
f 3607 3500 3608
f 143 3364 3479
f 143 3479 127
f 3609 3516 3517
f 3609 3517 3610
f 3281 3293 3213
f 3281 3213 3214
f 3606 3398 3408
f 3606 3408 3195
f 3611 3520 3521
f 3611 3521 3612
f 3613 3561 3578
f 3613 3578 3614
f 3615 3496 3526
f 3615 3526 3616
f 2989 3043 3138
f 3617 3509 3545
f 3617 3545 3618
f 3616 3526 3516
f 3616 3516 3609
f 3619 3575 3522
f 3619 3522 3620
f 3621 3572 3575
f 3621 3575 3619
f 3622 3536 3491
f 3622 3491 3623
f 3624 3492 3577
f 3624 3577 3625
f 3626 3538 3539
f 3626 3539 3627
f 3628 3543 3533
f 3628 3533 3629
f 3630 3541 3542
f 3630 3542 3596
f 3610 3517 3543
f 3610 3543 3628
f 3631 3544 3504
f 3631 3504 3632
f 134 3565 3480
f 134 3480 131
f 3633 3549 3538
f 3633 3538 3626
f 3138 3043 2941
f 3138 2941 3083
f 3625 3550 3551
f 3625 3551 3588
f 3618 3545 3527
f 3618 3527 3634
f 3635 3562 3520
f 3635 3520 3611
f 3636 3535 3506
f 3636 3506 3637
f 3223 3222 3497
f 3223 3497 3605
f 3638 3555 3556
f 3638 3556 3639
f 3174 3487 3488
f 3174 3488 3597
f 2992 2954 3145
f 3640 3483 3529
f 3640 3529 3641
f 3642 3532 3549
f 3642 3549 3633
f 3643 3531 3532
f 3643 3532 3642
f 3644 3514 3572
f 3644 3572 3621
f 3200 3485 3486
f 3200 3486 3645
f 3595 3558 3548
f 3595 3548 3646
f 3647 3559 3560
f 3647 3560 3648
f 3639 3556 3561
f 3639 3561 3613
f 3649 3569 3502
f 3649 3502 3165
f 3614 3578 3579
f 3614 3579 3603
f 3641 3529 3530
f 3641 3530 3650
f 3651 3367 159
f 3651 159 3582
f 3652 3553 3493
f 3652 3493 3653
f 3634 3527 3528
f 3634 3528 3654
f 3554 3362 3481
f 3554 3481 3655
f 3656 3524 3525
f 3656 3525 3657
f 3591 3564 3541
f 3591 3541 3630
f 3658 3511 3512
f 3658 3512 3607
f 3659 3573 3569
f 3659 3569 3649
f 3660 3495 3496
f 3660 3496 3615
f 3661 3566 3515
f 3661 3515 3586
f 3662 151 3557
f 3662 3557 3663
f 3165 3502 3503
f 3165 3503 3166
f 3629 3533 3534
f 3629 3534 3664
f 3604 3567 3568
f 3604 3568 3665
f 3666 3570 3553
f 3666 3553 3652
f 3195 3408 3484
f 3195 3484 3196
f 3145 2954 2944
f 3145 2944 3082
f 3598 3571 3559
f 3598 3559 3647
f 3620 3522 3523
f 3620 3523 3667
f 130 132 3573
f 130 3573 3659
f 3612 3521 3563
f 3612 3563 3668
f 3669 3513 3514
f 3669 3514 3644
f 120 3574 3495
f 120 3495 3660
f 3593 3576 3546
f 3593 3546 3599
f 3663 3557 3555
f 3663 3555 3638
f 3654 3528 3544
f 3654 3544 3631
f 3665 3568 3570
f 3665 3570 3666
f 3637 3506 3507
f 3637 3507 3590
f 2819 2890 3073
f 3648 3560 3513
f 3648 3513 3669
f 3608 3500 3501
f 3608 3501 3600
f 3670 3494 3562
f 3670 3562 3635
f 3653 3493 3494
f 3653 3494 3670
f 3627 3539 3524
f 3627 3524 3656
f 3650 3530 3535
f 3650 3535 3636
f 3585 3508 3509
f 3585 3509 3617
f 3645 3486 3537
f 3645 3537 3584
f 3623 3491 3492
f 3623 3492 3624
f 3671 3499 3216
f 3671 3216 3218
f 3672 3489 3490
f 3672 3490 3594
f 3601 3482 3483
f 3601 3483 3640
f 3196 3484 3485
f 3196 3485 3200
f 3632 3504 3505
f 3632 3505 3673
f 3664 3534 3499
f 3664 3499 3671
f 3589 3540 3531
f 3589 3531 3643
f 3657 3525 3565
f 3657 3565 134
f 3602 3552 3536
f 3602 3536 3622
f 3668 3563 150
f 3668 150 149
f 3646 3548 3511
f 3646 3511 3658
f 115 3489 3672
f 115 3672 113
f 149 143 127
f 149 127 126
f 3073 2890 2797
f 3073 2797 2942
f 3583 3278 3280
f 3583 3280 3674
f 3599 3554 3655
f 3599 3655 3675
f 135 3574 120
f 135 120 119
f 154 151 3662
f 154 3662 3676
f 3582 3566 3661
f 3582 3661 3677
f 3678 3596 154
f 3678 154 3676
f 3679 3657 134
f 3679 134 133
f 160 3366 3233
f 160 3233 157
f 3680 3648 3669
f 3680 3669 3681
f 3682 3663 3638
f 3682 3638 3683
f 3684 3608 3600
f 3684 3600 3685
f 2845 2846 2978
f 3108 3610 3628
f 3108 3628 3686
f 3687 3620 3667
f 3687 3667 3688
f 127 3479 3583
f 127 3583 125
f 3685 3600 3601
f 3685 3601 3689
f 129 3668 149
f 129 149 126
f 3690 3642 3633
f 3690 3633 3691
f 3692 3629 3664
f 3692 3664 3693
f 3694 3607 3608
f 3694 3608 3684
f 3107 3609 3610
f 3107 3610 3108
f 3695 3640 3641
f 3695 3641 3696
f 3697 3606 3195
f 3697 3195 3197
f 3698 3611 3612
f 3698 3612 3699
f 3696 3641 3650
f 3696 3650 3700
f 3701 3653 3670
f 3701 3670 3702
f 3106 3616 3609
f 3106 3609 3107
f 3703 3623 3624
f 3703 3624 3704
f 3705 3622 3623
f 3705 3623 3703
f 3700 3650 3636
f 3700 3636 3706
f 3707 3627 3656
f 3707 3656 3708
f 3125 3604 3665
f 3125 3665 3142
f 3709 3605 3592
f 3709 3592 3710
f 3711 3667 3523
f 3711 3523 3651
f 3712 3658 3607
f 3712 3607 3694
f 3691 3633 3626
f 3691 3626 3713
f 3189 3190 3330
f 2978 2846 2799
f 2978 2799 2943
f 3714 3635 3611
f 3714 3611 3698
f 3706 3636 3637
f 3706 3637 3715
f 3716 3588 3589
f 3716 3589 3717
f 3718 3590 3591
f 3718 3591 3719
f 3720 3352 3602
f 3720 3602 3721
f 3683 3638 3639
f 3683 3639 2996
f 3175 3174 3597
f 3175 3597 3722
f 3723 3643 3642
f 3723 3642 3690
f 3724 3644 3621
f 3724 3621 3725
f 3201 3200 3645
f 3201 3645 3726
f 3727 3595 3646
f 3727 3646 3728
f 3729 3647 3648
f 3729 3648 3680
f 2996 3639 3613
f 2996 3613 2997
f 3075 3614 3603
f 3075 3603 3124
f 3730 3654 3631
f 3730 3631 3731
f 2481 2482 2629
f 3711 3651 3582
f 3711 3582 3677
f 3732 3652 3653
f 3732 3653 3701
f 3733 3634 3654
f 3733 3654 3730
f 3734 3586 3587
f 3734 3587 3735
f 3708 3656 3657
f 3708 3657 3679
f 3655 3481 115
f 3655 115 114
f 3719 3591 3630
f 3719 3630 3736
f 3737 3649 3165
f 3737 3165 3167
f 3738 3659 3649
f 3738 3649 3737
f 3739 3660 3615
f 3739 3615 3740
f 3741 3661 3586
f 3741 3586 3734
f 81 3662 3663
f 81 3663 3682
f 2629 2482 2359
f 2629 2359 2502
f 3715 3637 3590
f 3715 3590 3718
f 3142 3666 3652
f 3142 3652 3732
f 3124 3603 3604
f 3124 3604 3125
f 3742 3632 3673
f 3742 3673 3743
f 3744 3218 3223
f 3744 3223 3745
f 3722 3598 3647
f 3722 3647 3729
f 98 130 3659
f 98 3659 3738
f 3728 3646 3658
f 3728 3658 3712
f 3681 3669 3644
f 3681 3644 3724
f 3746 3625 3588
f 3746 3588 3716
f 3726 3645 3584
f 3726 3584 3747
f 118 120 3660
f 118 3660 3739
f 3736 3630 3596
f 3736 3596 3678
f 3693 3664 3671
f 3693 3671 3748
f 3731 3631 3632
f 3731 3632 3742
f 3686 3628 3629
f 3686 3629 3692
f 3745 3223 3605
f 3745 3605 3709
f 3713 3626 3627
f 3713 3627 3707
f 2466 2467 2613
f 3748 3671 3218
f 3748 3218 3744
f 3704 3624 3625
f 3704 3625 3746
f 3725 3621 3619
f 3725 3619 3749
f 3710 3592 3593
f 3710 3593 3750
f 3751 3617 3618
f 3751 3618 3752
f 3753 3280 3352
f 3753 3352 3720
f 3740 3615 3616
f 3740 3616 3106
f 3749 3619 3620
f 3749 3620 3687
f 3699 3612 3668
f 3699 3668 129
f 3747 3585 3617
f 3747 3617 3751
f 3717 3589 3643
f 3717 3643 3723
f 3754 3672 3594
f 3754 3594 3755
f 3743 3673 141
f 3743 141 122
f 3702 3670 3635
f 3702 3635 3714
f 3721 3602 3622
f 3721 3622 3705
f 3689 3601 3640
f 3689 3640 3695
f 3735 3587 3606
f 3735 3606 3697
f 122 141 135
f 122 135 119
f 3752 3618 3634
f 3752 3634 3733
f 2613 2467 2363
f 2613 2363 2506
f 117 3675 3655
f 117 3655 114
f 2443 2444 2588
f 133 130 98
f 133 98 97
f 2588 2444 2358
f 2588 2358 2500
f 3755 3594 3595
f 3755 3595 3727
f 3676 3662 81
f 3676 81 80
f 3677 3661 3741
f 3677 3741 3756
f 3674 3280 3753
f 3674 3753 3757
f 2997 3613 3614
f 2997 3614 3075
f 113 3672 3754
f 113 3754 3758
f 112 3679 133
f 112 133 97
f 2809 3706 3715
f 2809 3715 3759
f 3760 3680 3681
f 3760 3681 3761
f 3762 3747 3751
f 3762 3751 2961
f 3763 3687 3688
f 3763 3688 3764
f 3765 3721 3705
f 3765 3705 3766
f 2424 2425 2570
f 3767 3732 3701
f 3767 3701 3768
f 3769 3735 3697
f 3769 3697 3770
f 3771 3690 3691
f 3771 3691 3772
f 3773 3731 3742
f 3773 3742 3774
f 3772 3691 3713
f 3772 3713 3775
f 3776 3695 3696
f 3776 3696 2806
f 2806 3696 3700
f 2806 3700 2807
f 3768 3701 3702
f 3768 3702 3777
f 2570 2425 2361
f 2570 2361 2504
f 3778 3704 3746
f 3778 3746 3779
f 3780 3745 3709
f 3780 3709 3781
f 125 3583 3674
f 125 3674 3782
f 3783 3703 3704
f 3783 3704 3778
f 2400 2401 2545
f 3784 3748 3744
f 3784 3744 3785
f 3786 3707 3708
f 3786 3708 3787
f 3779 3746 3716
f 3779 3716 3788
f 3789 3682 3683
f 3789 3683 3790
f 3777 3702 3714
f 3777 3714 3791
f 3792 3720 3721
f 3792 3721 3765
f 3793 3726 3747
f 3793 3747 3762
f 3794 3718 3719
f 3794 3719 3795
f 3349 3328 3451
f 3788 3716 3717
f 3788 3717 3796
f 2807 3700 3706
f 2807 3706 2809
f 3791 3714 3698
f 3791 3698 3797
f 3798 3689 3695
f 3798 3695 3776
f 3790 3683 2996
f 3790 2996 2998
f 3799 3175 3722
f 3799 3722 3800
f 2800 3754 3755
f 2800 3755 2801
f 2545 2401 2357
f 2545 2357 2499
f 3801 3724 3725
f 3801 3725 3802
f 3761 3681 3724
f 3761 3724 3801
f 3329 3330 3365
f 3076 3075 3124
f 3076 3124 3126
f 3803 3686 3692
f 3803 3692 3804
f 3805 3197 3201
f 3805 3201 3806
f 3807 3738 3737
f 3807 3737 3808
f 2979 3733 3730
f 2979 3730 3809
f 3810 3734 3735
f 3810 3735 3769
f 3795 3719 3736
f 3795 3736 3811
f 3787 3708 3679
f 3787 3679 112
f 3812 3749 3687
f 3812 3687 3763
f 3804 3693 3748
f 3804 3748 3784
f 3808 3737 3167
f 3808 3167 3813
f 3814 3728 3712
f 3814 3712 3815
f 2380 2381 2519
f 2791 3739 3740
f 2791 3740 2792
f 79 81 3682
f 79 3682 3789
f 3800 3722 3729
f 3800 3729 3816
f 3817 3753 3720
f 3817 3720 3792
f 3785 3744 3745
f 3785 3745 3780
f 3775 3713 3707
f 3775 3707 3786
f 96 98 3738
f 96 3738 3807
f 61 118 3739
f 61 3739 2791
f 2519 2381 2364
f 2519 2364 2505
f 3818 3741 3734
f 3818 3734 3810
f 3819 27 3580
f 3819 3580 403
f 3811 3736 3678
f 3811 3678 91
f 3143 3142 3732
f 3143 3732 3767
f 3816 3729 3680
f 3816 3680 3760
f 2792 3740 3106
f 2792 3106 2794
f 3820 3699 129
f 3820 129 128
f 3821 3685 3689
f 3821 3689 3798
f 2804 3727 3728
f 2804 3728 3814
f 3806 3201 3726
f 3806 3726 3793
f 3796 3723 3690
f 3796 3690 3771
f 3815 3712 3694
f 3815 3694 3822
f 2177 2308 2037
f 3781 3709 3710
f 3781 3710 3823
f 3774 3742 3743
f 3774 3743 3824
f 2961 3751 3752
f 2961 3752 2962
f 3822 3684 3685
f 3822 3685 3821
f 3766 3705 3703
f 3766 3703 3783
f 3109 3108 3686
f 3109 3686 3803
f 2037 2308 2176
f 2037 2176 2036
f 3797 3698 3699
f 3797 3699 3820
f 2130 2261 1989
f 3770 3697 3197
f 3770 3197 3805
f 3824 3743 122
f 3824 122 121
f 1989 2261 2129
f 1989 2129 1988
f 3802 3725 3749
f 3802 3749 3812
f 3813 3167 3175
f 3813 3175 3799
f 2081 2231 1940
f 3756 3764 3688
f 3756 3688 3677
f 3756 3741 3818
f 3756 3818 3825
f 121 118 61
f 121 61 60
f 1940 2231 2080
f 1940 2080 1939
f 128 125 3782
f 128 3782 3826
f 93 92 2206
f 93 2206 2345
f 3758 3754 2800
f 3758 2800 3827
f 3759 3715 3718
f 3759 3718 3794
f 93 2345 2196
f 93 2196 2057
f 3809 3730 3731
f 3809 3731 3773
f 2801 3755 3727
f 2801 3727 2804
f 91 3678 3676
f 91 3676 80
f 3757 3753 3817
f 3757 3817 3828
f 2962 3752 3733
f 2962 3733 2979
f 2810 2809 3759
f 2810 3759 3829
f 3830 3803 3804
f 3830 3804 3831
f 3832 3812 3763
f 3832 3763 3833
f 74 73 2208
f 74 2208 2253
f 3834 3767 3768
f 3834 3768 3835
f 72 3824 121
f 72 121 60
f 3835 3768 3777
f 3835 3777 3836
f 56 2300 2151
f 56 2151 2011
f 3837 3772 3775
f 3837 3775 3838
f 3839 3776 2806
f 3839 2806 2808
f 3840 3076 3126
f 3840 3126 3841
f 56 55 2210
f 56 2210 2300
f 3842 3813 3799
f 3842 3799 3843
f 3844 3811 91
f 3844 91 90
f 3845 3785 3780
f 3845 3780 3846
f 3847 3786 3787
f 3847 3787 3848
f 3849 3774 3824
f 3849 3824 72
f 3850 3783 3778
f 3850 3778 3851
f 2571 3791 3797
f 2571 3797 2572
f 3852 96 3807
f 3852 3807 3853
f 3853 3808 3813
f 3853 3813 3842
f 3854 3769 3770
f 3854 3770 3855
f 3856 3779 3788
f 3856 3788 3857
f 3846 3780 3781
f 3846 3781 3858
f 2795 2794 3109
f 2795 3109 3859
f 2532 3789 3790
f 2532 3790 2533
f 3860 3818 3810
f 3860 3810 3861
f 3836 3777 3791
f 3836 3791 2571
f 3857 3788 3796
f 3857 3796 3862
f 3863 3792 3765
f 3863 3765 3864
f 2614 3793 3762
f 2614 3762 3865
f 3829 3794 3795
f 3829 3795 3866
f 74 2253 2102
f 74 2102 1962
f 148 26 25
f 148 25 28
f 3867 3798 3776
f 3867 3776 3839
f 3833 3764 3756
f 3833 3756 3825
f 3843 3799 3800
f 3843 3800 3868
f 3869 3801 3802
f 3869 3802 3870
f 107 106 798
f 107 798 2033
f 3871 3784 3785
f 3871 3785 3845
f 3872 3761 3801
f 3872 3801 3869
f 2589 3805 3806
f 2589 3806 2590
f 116 113 3758
f 116 3758 3873
f 3865 3762 2961
f 3865 2961 2963
f 3841 3126 3143
f 3841 3143 3874
f 3581 26 148
f 3581 148 147
f 3855 3770 3805
f 3855 3805 2589
f 2590 3806 3793
f 2590 3793 2614
f 3831 3804 3784
f 3831 3784 3871
f 2546 2998 3076
f 2546 3076 3840
f 3875 3814 3815
f 3875 3815 3876
f 3877 79 3789
f 3877 3789 2532
f 3782 3674 3757
f 3782 3757 3878
f 3879 3817 3792
f 3879 3792 3863
f 59 61 2791
f 59 2791 2793
f 3874 3143 3767
f 3874 3767 3834
f 3880 3821 3798
f 3880 3798 3867
f 3864 3766 3783
f 3864 3783 3850
f 3861 3810 3769
f 3861 3769 3854
f 2805 2804 3814
f 2805 3814 3875
f 2980 2979 3809
f 2980 3809 2633
f 3851 3778 3779
f 3851 3779 3856
f 3868 3800 3816
f 3868 3816 3881
f 3882 3822 3821
f 3882 3821 3880
f 3881 3760 3761
f 3881 3761 3872
f 2533 3790 2998
f 2533 2998 2546
f 3862 3771 3772
f 3862 3772 3837
f 3883 3884 116
f 3883 116 3873
f 2630 3773 3774
f 2630 3774 3849
f 3876 3815 3822
f 3876 3822 3882
f 3866 3795 3811
f 3866 3811 3844
f 3870 3802 3812
f 3870 3812 3832
f 3848 3787 112
f 3848 112 111
f 3859 3109 3803
f 3859 3803 3830
f 2633 3809 3773
f 2633 3773 2630
f 111 96 3852
f 111 3852 1906
f 175 174 702
f 175 702 1985
f 3827 2800 2802
f 3827 2802 3885
f 90 79 3877
f 90 3877 398
f 3825 3818 3860
f 3825 3860 1931
f 3826 3782 3878
f 3826 3878 3886
f 3887 227 226
f 3887 226 3888
f 3838 3775 3786
f 3838 3786 3847
f 3519 3354 142
f 3828 3817 3879
f 3828 3879 3889
f 3890 3862 3837
f 3890 3837 3891
f 198 197 606
f 198 606 1936
f 3892 3868 3881
f 3892 3881 3893
f 3894 3857 3862
f 3894 3862 3890
f 3895 2963 2980
f 3895 2980 3896
f 30 3819 1908
f 3897 2808 2810
f 3897 2810 3898
f 1908 3819 403
f 1908 403 406
f 3899 3842 3843
f 3899 3843 3900
f 2204 227 3887
f 2204 3887 2205
f 28 201 146
f 28 146 148
f 3901 3859 3830
f 3901 3830 3902
f 3903 3876 3882
f 3903 3882 3904
f 3905 3850 3851
f 3905 3851 3906
f 1934 3855 2589
f 1934 2589 1983
f 1933 3854 3855
f 1933 3855 1934
f 3891 3837 3838
f 3891 3838 3907
f 2203 3846 3858
f 2203 3858 2204
f 105 187 14
f 3908 3877 2532
f 3908 2532 2534
f 3909 3836 2571
f 3909 2571 2031
f 2200 3863 3864
f 2200 3864 2201
f 3910 3841 3874
f 3910 3874 3911
f 3912 3865 2963
f 3912 2963 3895
f 3913 2793 2795
f 3913 2795 3914
f 3915 3871 3845
f 3915 3845 3916
f 3917 3880 3867
f 3917 3867 3918
f 3919 3831 3871
f 3919 3871 3915
f 1981 3833 3825
f 1981 3825 1931
f 3920 3869 3870
f 3920 3870 1982
f 3911 3874 3834
f 3911 3834 3921
f 2547 2546 3840
f 2547 3840 3922
f 3898 2810 3829
f 3898 3829 3923
f 3893 3872 3869
f 3893 3869 3920
f 3900 3843 3868
f 3900 3868 3892
f 14 187 173
f 14 173 12
f 3873 3758 3827
f 3873 3827 3924
f 202 201 28
f 202 28 29
f 3921 3835 3836
f 3921 3836 3909
f 3925 3856 3857
f 3925 3857 3894
f 3926 3875 3876
f 3926 3876 3903
f 397 3866 3844
f 397 3844 398
f 3927 3879 3863
f 3927 3863 2200
f 3293 3281 3282
f 3293 3282 3417
f 54 59 2793
f 54 2793 3913
f 3928 2805 3875
f 3928 3875 3926
f 3929 3853 3842
f 3929 3842 3899
f 1910 3852 3853
f 1910 3853 3929
f 3914 2795 3859
f 3914 3859 3901
f 1982 3870 3832
f 1982 3832 1981
f 3923 3829 3866
f 3923 3866 397
f 2615 2614 3865
f 2615 3865 3912
f 3523 3367 3651
f 3930 3861 3854
f 3930 3854 1933
f 38 3849 72
f 38 72 71
f 1905 3847 3848
f 1905 3848 1906
f 2201 3864 3850
f 2201 3850 3905
f 3931 3860 3861
f 3931 3861 3930
f 40 42 2631
f 40 2631 2630
f 3932 2802 2805
f 3932 2805 3928
f 3878 3757 3828
f 3878 3828 3933
f 3896 2980 2633
f 3896 2633 2632
f 3906 3851 3856
f 3906 3856 3925
f 3916 3845 3846
f 3916 3846 2203
f 3918 3839 2808
f 3918 2808 3897
f 3904 3882 3880
f 3904 3880 3917
f 85 412 110
f 85 110 82
f 3577 3550 3625
f 3922 3840 3841
f 3922 3841 3910
f 3902 3830 3831
f 3902 3831 3919
f 406 405 206
f 406 206 2603
f 225 3883 3873
f 225 3873 3924
f 30 25 27
f 30 27 3819
f 3593 3599 3675
f 117 3750 3593
f 117 3593 3675
f 47 46 3927
f 47 3927 2200
f 3907 3838 3847
f 3907 3847 1905
f 398 3877 3908
f 398 3908 399
f 71 59 54
f 71 54 53
f 1931 3860 3931
f 1931 3931 1932
f 3886 3878 3933
f 3886 3933 2103
f 3889 3879 3927
f 3889 3927 46
f 40 2630 3849
f 40 3849 38
f 3885 2802 3932
f 3885 3932 3934
f 1906 3852 1910
f 1906 1910 1907
f 3935 3883 225
f 3935 225 227
f 3936 3892 3893
f 3936 3893 3937
f 3938 3914 3901
f 3938 3901 3939
f 3940 3895 3896
f 3940 3896 3941
f 1984 1983 2615
f 1984 2615 3942
f 89 215 3943
f 89 3943 86
f 3924 3827 3885
f 3924 3885 3944
f 3945 3897 3898
f 3945 3898 236
f 3946 3908 2534
f 3946 2534 3947
f 3948 3899 3900
f 3948 3900 3949
f 3939 3901 3902
f 3939 3902 3950
f 1909 3907 1905
f 1909 1905 1907
f 3951 3903 3904
f 3951 3904 393
f 2204 3858 3935
f 2204 3935 227
f 3952 3916 2203
f 3952 2203 2205
f 3953 392 86
f 3953 86 3943
f 3954 3922 3910
f 3954 3910 3955
f 192 3909 2031
f 192 2031 193
f 196 195 3956
f 196 3956 2199
f 3933 3828 3889
f 3933 3889 3957
f 205 204 3888
f 205 3888 3958
f 3950 3902 3919
f 3950 3919 3959
f 3960 3887 3888
f 3960 3888 204
f 3961 3930 1933
f 3961 1933 1935
f 3962 3913 3914
f 3962 3914 3938
f 116 3884 3750
f 116 3750 117
f 207 3920 1982
f 207 1982 208
f 3963 3905 3906
f 3963 3906 3964
f 3965 3911 3921
f 3965 3921 3966
f 3967 2547 3922
f 3967 3922 3954
f 236 3898 3923
f 236 3923 237
f 3937 3893 3920
f 3937 3920 207
f 3968 3915 3916
f 3968 3916 3952
f 3969 3912 3895
f 3969 3895 3940
f 3970 3925 3894
f 3970 3894 3971
f 3964 3906 3925
f 3964 3925 3970
f 3972 3926 3903
f 3972 3903 3951
f 3955 3910 3911
f 3955 3911 3965
f 3941 3896 2632
f 3941 2632 3973
f 52 54 3913
f 52 3913 3962
f 3974 3928 3926
f 3974 3926 3972
f 3975 3929 3899
f 3975 3899 3948
f 230 1910 3929
f 230 3929 3975
f 3823 3710 3750
f 3823 3750 3884
f 2202 2201 3905
f 2202 3905 3963
f 3665 3666 3142
f 3971 3894 3890
f 3971 3890 3976
f 3977 3932 3928
f 3977 3928 3974
f 3947 2534 2547
f 3947 2547 3967
f 401 3918 3897
f 401 3897 3945
f 141 3673 3519
f 141 3519 142
f 3505 3518 3519
f 3505 3519 3673
f 3976 3890 3891
f 3976 3891 3978
f 3966 3921 3909
f 3966 3909 192
f 3978 3891 3907
f 3978 3907 1909
f 2199 3956 3979
f 2199 3979 407
f 3584 3585 3747
f 23 3931 3930
f 23 3930 3961
f 3597 3598 3722
f 3942 2615 3912
f 3942 3912 3969
f 393 3904 3917
f 393 3917 394
f 3959 3919 3915
f 3959 3915 3968
f 3949 3900 3892
f 3949 3892 3936
f 3867 3839 3918
f 3934 3932 3977
f 3934 3977 2560
f 399 3908 3946
f 399 3946 3980
f 6 8 3981
f 6 3981 3982
f 1932 3931 23
f 1932 23 22
f 39 38 71
f 39 71 53
f 2032 2578 3886
f 2032 3886 2103
f 3881 3872 3893
f 226 225 3924
f 226 3924 3944
f 2103 3933 3957
f 2103 3957 2104
f 394 3917 3918
f 394 3918 401
f 3832 3833 1981
f 3983 1984 3942
f 3983 3942 3984
f 3984 3942 3969
f 3984 3969 3985
f 3973 42 41
f 3973 41 177
f 3688 3667 3711
f 3688 3711 3677
f 3986 3945 236
f 3986 236 238
f 110 412 400
f 110 400 108
f 3987 3940 3941
f 3987 3941 176
f 219 3939 3950
f 219 3950 209
f 210 3959 3968
f 210 3968 212
f 21 23 3961
f 21 3961 11
f 3844 90 398
f 2202 3988 48
f 2202 48 47
f 176 3941 3973
f 176 3973 177
f 228 3954 3955
f 228 3955 3989
f 2632 2631 42
f 2632 42 3973
f 3990 3971 3976
f 3990 3976 3991
f 216 3962 3938
f 216 3938 217
f 3988 190 189
f 3988 189 48
f 3992 3949 3936
f 3992 3936 3993
f 3994 3966 192
f 3994 192 194
f 3991 3976 3978
f 3991 3978 233
f 221 3947 3967
f 221 3967 222
f 3989 3955 3965
f 3989 3965 3995
f 194 193 2104
f 194 2104 3996
f 233 3978 1909
f 233 1909 232
f 402 401 3945
f 402 3945 3986
f 3997 1935 1984
f 3997 1984 3983
f 3998 3972 3951
f 3998 3951 3999
f 4000 3937 207
f 4000 207 199
f 3960 3952 2205
f 3960 2205 3887
f 3781 3823 3935
f 3781 3935 3858
f 3985 3969 3940
f 3985 3940 3987
f 4001 3970 3971
f 4001 3971 3990
f 4002 3964 3970
f 4002 3970 4001
f 217 3938 3939
f 217 3939 219
f 4003 52 3962
f 4003 3962 216
f 4004 3974 3972
f 4004 3972 3998
f 4005 3975 3948
f 4005 3948 4006
f 3944 3885 3934
f 3944 3934 3958
f 231 230 3975
f 231 3975 4005
f 3988 2202 3963
f 3988 3963 4007
f 24 200 1932
f 24 1932 22
f 3957 3889 46
f 3957 46 49
f 3823 3884 3883
f 3823 3883 3935
f 20 3977 3974
f 20 3974 4004
f 3995 3965 3966
f 3995 3966 3994
f 11 3961 1935
f 11 1935 3997
f 4007 3963 3964
f 4007 3964 4002
f 212 3968 3952
f 212 3952 3960
f 3717 3723 3796
f 3999 3951 393
f 3999 393 395
f 3365 3330 3233
f 3365 3233 3366
f 3888 226 3944
f 3888 3944 3958
f 4006 3948 3949
f 4006 3949 3992
f 3330 3190 3085
f 3330 3085 3233
f 396 4008 4009
f 396 4009 409
f 3694 3684 3822
f 3692 3693 3804
f 179 178 4008
f 179 4008 396
f 3993 3936 3937
f 3993 3937 4000
f 83 82 173
f 83 173 172
f 2560 3977 20
f 2560 20 19
f 82 110 12
f 82 12 173
f 239 397 399
f 239 399 3980
f 3923 397 239
f 3923 239 237
f 41 52 4003
f 41 4003 177
f 209 3950 3959
f 209 3959 210
f 222 3967 3954
f 222 3954 228
f 2578 3820 3826
f 2578 3826 3886
f 3797 3820 2578
f 3797 2578 2572
f 3214 2812 2949
f 3214 2949 3281
f 3996 2104 3957
f 3996 3957 49
f 2937 2812 3214
f 2937 3214 2942
f 4008 3984 3985
f 4008 3985 4009
f 8 3992 3993
f 8 3993 3981
f 195 395 402
f 195 402 3956
f 68 3987 176
f 68 176 69
f 3981 3993 4000
f 3981 4000 4010
f 69 177 4003
f 69 4003 4011
f 4011 4003 216
f 4011 216 218
f 3130 2796 2948
f 3130 2948 3337
f 220 219 209
f 220 209 211
f 4012 3995 3994
f 4012 3994 34
f 17 199 24
f 17 24 15
f 4009 3985 3987
f 4009 3987 68
f 4013 4001 3990
f 4013 3990 4014
f 138 4007 4002
f 138 4002 139
f 7 4006 3992
f 7 3992 8
f 229 228 3989
f 229 3989 4015
f 4014 3990 3991
f 4014 3991 1
f 3958 3934 2560
f 3958 2560 205
f 3979 3986 238
f 3979 238 65
f 2935 2796 3130
f 2935 3130 2943
f 1 3991 233
f 1 233 4
f 221 3980 3946
f 221 3946 3947
f 4015 3989 3995
f 4015 3995 4012
f 32 194 3996
f 32 3996 189
f 3956 402 3986
f 3956 3986 3979
f 180 3997 3983
f 180 3983 178
f 239 3980 221
f 239 221 240
f 183 3998 3999
f 183 3999 184
f 3 3982 3953
f 3 3953 3943
f 139 4002 4001
f 139 4001 4013
f 4010 4000 199
f 4010 199 17
f 190 3988 4007
f 190 4007 138
f 2623 4004 3998
f 2623 3998 183
f 5 4005 4006
f 5 4006 7
f 6 3982 3
f 6 3 2
f 87 203 182
f 87 182 201
f 4016 4015 4012
f 4016 4012 4017
f 4 231 4005
f 4 4005 5
f 213 212 3960
f 213 3960 204
f 405 213 204
f 405 204 206
f 3759 3794 3829
f 65 238 240
f 65 240 66
f 3820 128 3826
f 9 11 3997
f 9 3997 180
f 3807 3808 3853
f 215 411 3
f 215 3 3943
f 34 3994 194
f 34 194 32
f 18 20 4004
f 18 4004 2623
f 186 4016 4017
f 186 4017 171
f 3581 4018 4019
f 3581 4019 3580
f 3765 3766 3864
f 66 240 221
f 66 221 223
f 104 1911 4016
f 104 4016 186
f 3816 3760 3881
f 3763 3764 3833
f 3796 3771 3862
f 178 3983 3984
f 178 3984 4008
f 44 409 70
f 44 70 224
f 3580 4019 404
f 3580 404 403
f 184 3999 395
f 184 395 195
f 147 224 4018
f 147 4018 3581
f 4017 33 188
f 4017 188 171
f 3953 3982 2030
f 3953 2030 392
f 3982 3981 4010
f 3982 4010 2030
f 70 69 4011
f 70 4011 224
f 224 4011 218
f 224 218 4018
f 4019 220 211
f 4019 211 404
f 3848 111 1906
f 191 190 138
f 191 138 140
f 409 4009 68
f 409 68 70
f 2030 4010 17
f 2030 17 16
f 1911 229 4015
f 1911 4015 4016
f 410 4013 4014
f 410 4014 411
f 189 3996 49
f 189 49 48
f 4017 4012 34
f 4017 34 33
f 67 66 223
f 67 223 408
f 411 4014 1
f 411 1 3
f 4018 218 220
f 4018 220 4019
f 407 3979 65
f 407 65 67
f 3834 3835 3921
f 404 211 213
f 404 213 405
f 140 139 4013
f 140 4013 410
f 234 2623 183
f 234 183 185
f 408 223 229
f 408 229 1911
# </faces>
