meshKey,ecmCellId,weight
0,2,7.9388526e-08
1,2,1.0146711e-07
2,2,1.071886e-07
3,2,9.6104353e-08
4,2,4.319774e-08
5,2,5.5969089e-08
6,2,1.3539356e-07
7,1,1.2365058e-07
8,1,1.2455205e-07
9,1,1.2599783e-07
10,1,1.2626086e-07
11,1,1.2558819e-07
12,1,1.2737643e-07
13,2,1.1749622e-07
14,2,1.0578942e-07
15,2,1.2269303e-07
16,1,1.3108827e-07
17,1,1.3185089e-07
18,1,1.2300523355492178e-07
19,1,5.435818028204954e-08
20,1,1.6994346737017232e-08
21,1,9.676416369998156e-09
22,1,3.188106930002575e-08
23,1,8.470645557669444e-08
24,1,1.2995534e-07
25,1,1.3145016e-07
26,1,1.2063286e-07
27,2,7.3683935e-08
28,2,5.4525047e-08
29,2,1.3562173e-07
30,1,1.3674298e-07
31,1,1.0671250595217304e-07
32,0,1.2819668e-07
33,0,1.2637383e-07
34,0,1.2554687e-07
35,0,1.2524293e-07
36,0,1.2520661e-07
37,0,1.2535653e-07
38,0,1.2584079e-07
39,0,1.2690847e-07
40,1,3.6631887724840875e-08
41,1,1.3299934e-07
42,1,1.3733666e-07
43,2,9.8295391e-08
44,2,1.1251607e-07
45,1,1.3178801e-07
46,1,4.696648467106176e-08
47,0,1.2748776e-07
48,0,1.2581105e-07
49,0,1.2526017e-07
50,0,1.2508514e-07
51,0,1.2503005e-07
52,0,1.250227e-07
53,0,1.2504845e-07
54,0,1.2513796e-07
55,0,1.2541193e-07
56,0,1.2631564e-07
57,0,1.2879739e-07
58,1,1.322625e-07
59,1,1.2415224e-07
60,2,9.8544083e-08
61,2,1.2298081e-07
62,1,1.3246067e-07
63,1,4.410907932396664e-08
64,0,1.2678381e-07
65,0,1.2556784e-07
66,0,1.2515232e-07
67,0,7.19568131036869e-08
68,0,1.2501553e-07
69,0,1.2500589e-07
70,0,1.250041e-07
71,0,1.2500811e-07
72,0,2.210533377841825e-08
73,0,1.2507072e-07
74,0,1.2526956e-07
75,0,1.2597693e-07
76,0,1.2763359e-07
77,1,1.3040859e-07
78,1,1.2836324e-07
79,2,5.0678088e-08
80,2,5.7589274e-08
81,1,1.3146191e-07
82,1,1.0450025025148293e-07
83,0,1.2685372e-07
84,0,1.2545613e-07
85,0,1.2510962e-07
86,0,1.2503181e-07
87,0,1.250131e-07
88,0,1.2500686e-07
89,0,1.2500422e-07
90,0,1.2500345e-07
91,0,1.2500425e-07
92,0,1.2500711e-07
93,0,1.2501549e-07
94,0,7.196830291698e-08
95,0,1.2520422e-07
96,0,1.2588108e-07
97,0,1.2829534e-07
98,1,1.321512e-07
99,2,1.4026682e-07
100,2,1.3555853e-07
101,1,1.3247227e-07
102,0,1.2809626e-07
103,0,1.2570361e-07
104,0,1.2512552e-07
105,0,1.2502877e-07
106,0,1.2501191e-07
107,0,1.2500731e-07
108,0,1.2500528e-07
109,0,1.250042e-07
110,0,1.250038e-07
111,0,1.2500395e-07
112,0,1.2500467e-07
113,0,1.2500651e-07
114,0,1.25013e-07
115,0,9.14688282863355e-08
116,0,1.2528439e-07
117,0,1.2650537e-07
118,1,9.58478804592132e-08
119,1,1.290424e-07
120,2,5.0282325e-08
121,1,1.2518832e-07
122,1,1.227514283610103e-07
123,0,1.2635581e-07
124,0,1.2524549e-07
125,0,7.194990455380633e-08
126,0,1.2501221e-07
127,0,1.2500719e-07
128,0,1.2500557e-07
129,0,1.2500471e-07
130,0,1.250042e-07
131,0,1.2500395e-07
132,0,1.2500391e-07
133,0,1.2500407e-07
134,0,1.2500449e-07
135,0,1.2500606e-07
136,0,1.2501564e-07
137,0,1.2509022e-07
138,0,1.2558258e-07
139,1,1.2753731e-07
140,1,1.2980837e-07
141,2,1.2258884e-07
142,2,7.8232913e-08
143,1,1.249067e-07
144,1,5.4250484289066856e-08
145,0,1.2552358e-07
146,0,1.250809e-07
147,0,1.2501479e-07
148,0,1.2500672e-07
149,0,1.2500527e-07
150,0,1.2500471e-07
151,0,1.2500437e-07
152,0,1.2500409e-07
153,0,1.2500393e-07
154,0,1.2500384e-07
155,0,1.2500378e-07
156,0,1.2500374e-07
157,0,1.2500387e-07
158,0,1.2500616e-07
159,0,1.0108690756772321e-07
160,0,1.2521498e-07
161,0,1.2617238e-07
162,1,1.2780729e-07
163,2,1.1077281e-07
164,2,1.0178769e-07
165,1,1.2623669e-07
166,1,1.712613289623119e-08
167,0,1.2524801e-07
168,0,1.2503035e-07
169,0,1.2500606e-07
170,0,1.250043e-07
171,0,1.2500425e-07
172,0,1.2500422e-07
173,0,1.2500411e-07
174,0,1.2500397e-07
175,0,1.2500386e-07
176,0,1.2500374e-07
177,0,1.2500361e-07
178,0,1.2500335e-07
179,0,1.2500296e-07
180,0,1.2500285e-07
181,0,5.215983249860416e-08
182,0,1.2508866e-07
183,0,1.2560948e-07
184,1,1.2693808e-07
185,1,1.1821837e-07
186,2,1.0380439e-07
187,1,1.2700793e-07
188,1,9.86803180098268e-09
189,0,1.2522045e-07
190,0,1.2502376e-07
191,0,1.2500435e-07
192,0,1.2500357e-07
193,0,1.2500386e-07
194,0,1.2500398e-07
195,0,1.2500395e-07
196,0,1.2500387e-07
197,0,1.2500377e-07
198,0,1.2500363e-07
199,0,1.2500346e-07
200,0,1.2500315e-07
201,0,1.250026e-07
202,0,1.250021e-07
203,0,4.2193768421516026e-08
204,0,1.2507237e-07
205,0,1.2555094e-07
206,1,1.270547e-07
207,1,1.2002569e-07
208,2,9.3432474e-08
209,1,1.2515502e-07
210,1,3.180182358324329e-08
211,0,1.2533794e-07
212,0,1.2504643e-07
213,0,1.2500802e-07
214,0,1.2500429e-07
215,0,1.2500398e-07
216,0,1.2500394e-07
217,0,1.2500387e-07
218,0,1.2500376e-07
219,0,1.2500365e-07
220,0,1.2500352e-07
221,0,1.2500335e-07
222,0,1.2500307e-07
223,0,1.2500272e-07
224,0,1.2500329e-07
225,0,7.190734994241455e-08
226,0,1.2513084e-07
227,0,1.2579941e-07
228,1,1.2712074e-07
229,2,1.144589e-07
230,2,4.2063251e-08
231,1,1.2652838e-07
232,1,8.449132115699668e-08
233,0,1.2584209e-07
234,0,1.2514069e-07
235,0,2.2105790236485338e-08
236,0,1.2500698e-07
237,0,1.2500467e-07
238,0,1.2500411e-07
239,0,1.2500382e-07
240,0,1.2500362e-07
241,0,1.2500347e-07
242,0,1.2500336e-07
243,0,1.2500324e-07
244,0,1.2500314e-07
245,0,1.2500354e-07
246,0,1.2500801e-07
247,0,1.2504766e-07
248,0,1.2534651e-07
249,0,1.2674232e-07
250,1,1.2907203e-07
251,2,1.3371657e-07
252,2,1.1759274e-07
253,1,1.3041253e-07
254,0,1.2709015e-07
255,0,1.2542291e-07
256,0,1.2506729e-07
257,0,1.250147e-07
258,0,1.2500652e-07
259,0,1.2500456e-07
260,0,1.2500379e-07
261,0,1.2500338e-07
262,0,1.2500317e-07
263,0,1.2500309e-07
264,0,1.2500319e-07
265,0,1.2500373e-07
266,0,1.2500661e-07
267,0,2.2117231101065562e-08
268,0,1.2515694e-07
269,0,1.2592717e-07
270,1,4.255599539416223e-08
271,1,1.2914035e-07
272,2,8.9695882e-08
273,2,1.0418968e-07
274,1,1.3259882e-07
275,1,3.6742656592241595e-08
276,0,1.2616536e-07
277,0,1.2522797e-07
278,0,7.19655728048969e-08
279,0,1.2501362e-07
280,0,1.2500639e-07
281,0,1.2500401e-07
282,0,1.2500299e-07
283,0,1.2500262e-07
284,0,1.2500276e-07
285,0,1.2500367e-07
286,0,1.25007e-07
287,0,1.2502177e-07
288,0,1.251016e-07
289,0,1.2553888e-07
290,0,1.2738743e-07
291,1,1.3144222e-07
292,1,1.2340471e-07
293,2,1.1925811e-07
294,1,1.3161051e-07
295,0,1.2780341e-07
296,0,1.2586008e-07
297,0,1.2522524e-07
298,0,9.147978802396377e-08
299,0,1.2501692e-07
300,0,1.2500647e-07
301,0,1.2500295e-07
302,0,1.2500208e-07
303,0,1.2500322e-07
304,0,1.2500831e-07
305,0,2.2120639025048704e-08
306,0,1.2511513e-07
307,0,1.2548408e-07
308,0,1.2672956e-07
309,1,6.725670679174177e-08
310,1,1.3253695e-07
311,2,1.0306018e-07
312,2,7.389638e-08
313,1,1.3043627e-07
314,1,1.3029678e-07
315,0,1.2818541e-07
316,0,1.2614051e-07
317,0,1.2532473e-07
318,0,1.2509389e-07
319,0,1.0108904584784581e-07
320,0,5.216072579639445e-08
321,0,4.2193536701173256e-08
322,0,7.190503822755361e-08
323,0,1.2504647e-07
324,0,1.2516611e-07
325,0,1.2563207e-07
326,0,1.2714157e-07
327,1,3.773716654400959e-08
328,1,1.3081089e-07
329,2,1.4698994e-07
330,2,1.0870338e-07
331,1,1.3244554e-07
332,1,1.33863e-07
333,1,1.2906927e-07
334,0,1.2659092e-07
335,0,1.255924e-07
336,0,1.2522044e-07
337,0,1.2509233e-07
338,0,1.2507257e-07
339,0,1.2511854e-07
340,0,1.2532369e-07
341,0,1.2590757e-07
342,0,1.2752084e-07
343,1,6.971496439876077e-08
344,1,1.3706198e-07
345,2,1.1191324e-07
346,2,4.9684688e-08
347,2,8.3497073e-08
348,1,1.2896035e-07
349,1,1.3248251e-07
350,1,9.588059478373308e-08
351,1,1.2759218e-07
352,0,1.2621545e-07
353,0,1.2563547e-07
354,0,1.2556419e-07
355,0,1.2572499e-07
356,0,1.2659887e-07
357,1,4.218532607185004e-08
358,1,1.3101915e-07
359,1,1.3070405e-07
360,2,1.43371e-07
361,2,2.1039979e-08
362,2,5.2014797e-08
363,2,1.398122e-07
364,1,1.2921138e-07
365,1,1.2973145e-07
366,1,1.2798941e-07
367,1,1.2704215e-07
368,1,1.2716593e-07
369,1,1.2673634e-07
370,1,1.2856022e-07
371,1,1.2875436e-07
372,1,1.2326307e-07
373,2,1.0480239e-07
374,2,4.9725769e-08
375,2,1.2112181e-07
376,2,1.1147916e-07
377,1,1.1751468e-07
378,1,1.1985432e-07
379,2,1.1342702e-07
380,2,1.3211045e-07
381,2,9.1603123e-08
382,2,1.0505383e-07
383,2,1.2620356e-07
384,2,1.2761064e-07
385,2,1.2023707e-07
386,2,6.6075153e-08
387,2,7.9147796e-08
388,2,1.5883248e-07
389,1,1.2961007e-07
390,1,1.026525e-06
391,1,9.9085023e-07
392,1,9.9069737e-07
393,1,1.0275018e-06
394,1,1.1752605e-07
395,2,1.2500915e-07
396,2,1.2552549e-07
397,2,1.4751205e-07
398,1,1.1076711e-06
399,1,7.895387319342212e-07
400,1,4.3212425391741403e-07
401,0,1.4500113270528078e-07
402,0,4.20359275564208e-08
403,0,4.205933796072261e-08
404,0,1.4506424181969944e-07
405,1,4.3105697349326956e-07
406,1,7.871342131338566e-07
407,1,1.1067495e-06
408,1,1.1726158e-07
409,2,9.6298792e-08
410,2,8.5257107e-08
411,1,1.1729065e-07
412,1,9.729041843003174e-07
413,1,2.956202596510334e-07
414,0,1.0073798e-06
415,0,9.9753985e-07
416,0,9.8972136e-07
417,0,9.8709655e-07
418,0,9.8711366e-07
419,0,9.8965541e-07
420,0,9.969802e-07
421,0,1.0063055e-06
422,1,2.9375171748339945e-07
423,1,9.724154685541228e-07
424,1,1.2154976e-07
425,2,1.3521625e-07
426,1,1.1694996e-07
427,1,7.960329589499462e-07
428,0,5.04067076467048e-08
429,0,1.0013622e-06
430,0,9.9523325e-07
431,0,9.9146129e-07
432,0,8.290041356169849e-07
433,0,6.763871233641847e-07
434,0,6.76373664370319e-07
435,0,8.289122997412456e-07
436,0,9.912432e-07
437,0,9.9479796e-07
438,0,1.0007436e-06
439,0,4.9074146550023935e-08
440,1,7.944630842142571e-07
441,1,1.116984e-07
442,2,1.17389e-07
443,2,1.5028547e-07
444,1,9.650428788003546e-07
445,0,4.679589670591937e-08
446,0,9.9696206e-07
447,0,9.9322459e-07
448,0,6.822850553046403e-07
449,0,2.04855882567598e-07
450,0,9.8834306e-07
451,0,9.8785534e-07
452,0,9.8784865e-07
453,0,9.8831139e-07
454,0,2.047462556527355e-07
455,0,6.820057059080431e-07
456,0,9.929477e-07
457,0,9.9650575e-07
458,0,4.5648205588873315e-08
459,1,9.637681070145093e-07
460,1,1.2308944e-07
461,2,7.4920071e-08
462,2,8.1179762e-08
463,1,1.1091794e-06
464,1,2.9226963386548974e-07
465,0,9.9929184e-07
466,0,9.9267067e-07
467,0,5.272132349108636e-07
468,0,9.8927086e-07
469,0,9.8854672e-07
470,0,9.8809872e-07
471,0,9.8787621e-07
472,0,9.87871e-07
473,0,9.8807952e-07
474,0,9.8850409e-07
475,0,9.8919265e-07
476,0,5.269946909761453e-07
477,0,9.9240429e-07
478,0,9.9875819e-07
479,1,2.9155112175894065e-07
480,1,1.1068221e-06
481,2,1.5295917e-07
482,2,1.6041942e-07
483,1,7.89885839840354e-07
484,0,1.0068296e-06
485,0,9.9457267e-07
486,0,6.819224827199492e-07
487,0,9.8921738e-07
488,0,9.8855347e-07
489,0,9.88189e-07
490,0,9.8796846e-07
491,0,9.8785807e-07
492,0,9.8785418e-07
493,0,9.8795523e-07
494,0,9.8816226e-07
495,0,9.8850684e-07
496,0,9.891379e-07
497,0,6.817295037845467e-07
498,0,9.9428826e-07
499,0,1.006132e-06
500,1,7.880315870509122e-07
501,1,1.2389753e-07
502,2,7.1532864e-08
503,1,1.2914241e-07
504,1,4.320728337002941e-07
505,0,9.9737287e-07
506,0,9.9129195e-07
507,0,2.047788899947981e-07
508,0,9.8852556e-07
509,0,9.8818743e-07
510,0,9.8799937e-07
511,0,9.8788512e-07
512,0,9.8782744e-07
513,0,9.8782455e-07
514,0,9.8787566e-07
515,0,9.8798133e-07
516,0,9.8815728e-07
517,0,9.8847796e-07
518,0,2.0468838628460054e-07
519,0,9.9116385e-07
520,0,9.9709492e-07
521,1,4.311938397770717e-07
522,1,1.2123774e-07
523,2,1.3733879e-07
524,2,1.032912e-07
525,1,1.0280784e-06
526,0,1.4550402784408617e-07
527,0,9.8981625e-07
528,0,8.290505097449721e-07
529,0,9.8834902e-07
530,0,9.881059e-07
531,0,9.8797509e-07
532,0,9.8788873e-07
533,0,9.8783082e-07
534,0,9.8780013e-07
535,0,9.8779817e-07
536,0,9.8782441e-07
537,0,9.8787691e-07
538,0,9.8795614e-07
539,0,9.88078e-07
540,0,9.8831141e-07
541,0,8.289364539300517e-07
542,0,9.8977508e-07
543,0,1.4532006132066874e-07
544,1,1.0287366e-06
545,2,1.0940039e-07
546,2,1.2590034e-07
547,1,9.9253516e-07
548,0,4.29747359211428e-08
549,0,9.8738714e-07
550,0,6.7654716928638e-07
551,0,9.8789889e-07
552,0,9.8789873e-07
553,0,9.8787119e-07
554,0,9.8783474e-07
555,0,9.8780329e-07
556,0,9.8778497e-07
557,0,9.877838e-07
558,0,9.8779952e-07
559,0,9.8782791e-07
560,0,9.8786034e-07
561,0,9.878833e-07
562,0,9.8787914e-07
563,0,6.764677031257808e-07
564,0,9.8734767e-07
565,0,4.27571356767068e-08
566,1,9.9242563e-07
567,1,1.1838552e-07
568,2,1.2782506e-07
569,1,9.9290915e-07
570,0,4.296656780170002e-08
571,0,9.8738742e-07
572,0,6.765392851290172e-07
573,0,9.8789545e-07
574,0,9.8789619e-07
575,0,9.8786971e-07
576,0,9.8783419e-07
577,0,9.8780357e-07
578,0,9.8778597e-07
579,0,9.8778558e-07
580,0,9.8780224e-07
581,0,9.8783174e-07
582,0,9.8786559e-07
583,0,9.8788983e-07
584,0,9.8788613e-07
585,0,6.76483125928433e-07
586,0,9.8734732e-07
587,0,4.2790313048107016e-08
588,1,9.920842e-07
589,1,1.1994329e-07
590,2,1.2151495e-07
591,1,1.0285632e-06
592,0,1.4539287601730132e-07
593,0,9.8978617e-07
594,0,8.290271365568525e-07
595,0,9.8833701e-07
596,0,9.8809725e-07
597,0,9.8797003e-07
598,0,9.8788689e-07
599,0,9.8783158e-07
600,0,9.8780326e-07
601,0,9.8780354e-07
602,0,9.8783262e-07
603,0,9.8788877e-07
604,0,9.8797291e-07
605,0,9.8810033e-07
606,0,9.8833723e-07
607,0,8.289837700362979e-07
608,0,9.8976636e-07
609,0,1.454271951054309e-07
610,1,1.027926e-06
611,1,1.1369173e-07
612,2,6.6659521e-08
613,1,1.1805344e-07
614,1,4.317678656418929e-07
615,0,9.9726836e-07
616,0,9.9125441e-07
617,0,2.0476341925435397e-07
618,0,9.8850734e-07
619,0,9.8817705e-07
620,0,9.8799562e-07
621,0,9.8788633e-07
622,0,9.8783271e-07
623,0,9.8783361e-07
624,0,9.8788966e-07
625,0,9.8800266e-07
626,0,9.8818949e-07
627,0,9.8852573e-07
628,0,2.0475279946306745e-07
629,0,9.9123441e-07
630,0,9.9713601e-07
631,1,4.315324728263069e-07
632,1,1.114216e-07
633,2,1.5605802e-07
634,2,1.2536039e-07
635,1,7.888880216493793e-07
636,0,1.0065539e-06
637,0,9.944859e-07
638,0,6.818617680744517e-07
639,0,9.891786e-07
640,0,9.8853212e-07
641,0,9.881807e-07
642,0,9.8796962e-07
643,0,9.8786569e-07
644,0,9.8786696e-07
645,0,9.8797497e-07
646,0,9.8819428e-07
647,0,9.8856065e-07
648,0,9.8923206e-07
649,0,6.819330185172005e-07
650,0,9.9454171e-07
651,0,1.0063106e-06
652,1,7.876402976676426e-07
653,1,1.2163356e-07
654,2,1.1374335e-07
655,2,1.2571146e-07
656,1,1.1071512e-06
657,1,2.922252731168203e-07
658,0,9.9912566e-07
659,0,9.9252275e-07
660,0,5.270946718904649e-07
661,0,9.8922016e-07
662,0,9.8852659e-07
663,0,9.8809834e-07
664,0,9.8788635e-07
665,0,9.8788659e-07
666,0,9.881028e-07
667,0,9.8854635e-07
668,0,9.89276e-07
669,0,5.272297688629081e-07
670,0,9.9281997e-07
671,0,9.9964322e-07
672,1,2.925318924776573e-07
673,1,1.1074257e-06
674,1,1.2327651e-07
675,1,1.1641419e-07
676,1,9.649265634141531e-07
677,0,4.605898456142623e-08
678,0,9.9655744e-07
679,0,9.929646e-07
680,0,6.821143053544487e-07
681,0,2.048253798178229e-07
682,0,9.8833917e-07
683,0,9.878702e-07
684,0,9.8786411e-07
685,0,9.8832876e-07
686,0,2.047955127536572e-07
687,0,6.821850469676899e-07
688,0,9.9324818e-07
689,0,9.9729175e-07
690,0,4.710037441999448e-08
691,1,9.667468746457334e-07
692,1,1.137376e-07
693,2,1.2331115e-07
694,2,9.2807033e-08
695,1,1.219269e-07
696,1,7.938975004494806e-07
697,0,4.928741802921761e-08
698,0,1.0007542e-06
699,0,9.9490143e-07
700,0,9.9133578e-07
701,0,8.290314467365928e-07
702,0,6.764455796042097e-07
703,0,6.763894495037859e-07
704,0,8.288639960603368e-07
705,0,9.9126129e-07
706,0,9.9491252e-07
707,0,1.0010714e-06
708,0,5.038737456785577e-08
709,1,7.971998440452795e-07
710,1,1.1188203e-07
711,2,1.6875e-07
712,2,1.3748836e-07
713,1,1.1178516e-07
714,1,9.723775553928454e-07
715,1,2.943290648462299e-07
716,0,1.0067581e-06
717,0,9.9731449e-07
718,0,9.8978419e-07
719,0,9.8720586e-07
720,0,9.8709659e-07
721,0,9.8946042e-07
722,0,9.9694124e-07
723,0,1.0063965e-06
724,1,2.941431864523581e-07
725,1,9.725660046923511e-07
726,1,1.1246749e-07
727,1,1.1436759e-07
728,2,7.2239746e-08
729,2,1.0962271e-07
730,1,1.2268389e-07
731,1,1.108162e-06
732,1,7.887746693411751e-07
733,1,4.321716135368986e-07
734,0,1.4544922411508008e-07
735,0,4.2500790239376795e-08
736,0,4.221958271947727e-08
737,0,1.444043512133418e-07
738,1,4.304587703492938e-07
739,1,7.873992121660417e-07
740,1,1.1071615e-06
741,1,1.1296796e-07
742,2,1.6725955e-07
743,2,7.1332938e-08
744,2,7.4423715e-08
745,2,1.5285903e-07
746,1,1.2382053e-07
747,1,1.2140182e-07
748,1,1.0269707e-06
749,1,9.8998834e-07
750,1,9.903967e-07
751,1,1.0267699e-06
752,1,1.1144028e-07
753,1,1.2209414e-07
754,1,1.2289466e-07
755,2,1.2070986e-07
756,2,7.1286377e-08
757,2,1.3971698e-07
758,2,1.0941055e-07
759,1,1.1759294e-07
760,1,1.1974219e-07
761,1,1.1373451e-07
762,2,1.5585251e-07
763,2,1.1574661e-07
764,2,1.0519411e-07
765,2,1.2582594e-07
766,2,1.2736081e-07
767,2,1.2105249e-07
768,2,6.6863831e-08
769,2,7.8378049e-08
770,2,1.5800113e-07
771,1,1.2868609e-07
772,1,1.0144057e-06
773,1,9.7606483e-07
774,1,9.7580929e-07
775,1,1.0141084e-06
776,1,1.1928531e-07
777,2,1.2358143e-07
778,2,1.246785e-07
779,2,1.4764244e-07
780,1,1.0896735e-06
781,1,7.702133817783e-07
782,1,4.234190160437618e-07
783,0,1.3058193869390544e-07
784,0,3.7170284988973923e-08
785,0,3.714490020864404e-08
786,0,1.3052756341898317e-07
787,1,4.227789700787685e-07
788,1,7.690012534948121e-07
789,1,1.091189e-06
790,1,1.1838572e-07
791,2,9.0532715e-08
792,2,8.4708652e-08
793,1,1.1794168e-07
794,1,9.487310473631932e-07
795,1,2.8468602141917655e-07
796,0,1.0200991e-06
797,0,1.0106926e-06
798,0,1.003056e-06
799,0,9.9903916e-07
800,0,9.9902998e-07
801,0,1.0029767e-06
802,0,1.0102878e-06
803,0,1.019609e-06
804,1,2.8413067722963265e-07
805,1,9.48949585775598e-07
806,1,1.2399526e-07
807,2,1.3864267e-07
808,1,1.1862355e-07
809,1,7.666266650149425e-07
810,0,3.677399206814611e-08
811,0,1.0158444e-06
812,0,1.0119201e-06
813,0,1.0068028e-06
814,0,8.413091831550375e-07
815,0,6.85343590456944e-07
816,0,6.853125139562045e-07
817,0,8.411779933121348e-07
818,0,1.0066039e-06
819,0,1.01165e-06
820,0,1.0157141e-06
821,0,3.609436520956391e-08
822,1,7.677185359531305e-07
823,1,1.1570131e-07
824,2,1.2591506e-07
825,2,1.4737877e-07
826,1,9.495635153066364e-07
827,0,3.5936633523317e-08
828,0,1.0111141e-06
829,0,1.0093876e-06
830,0,6.972019221286362e-07
831,3,2.128269015845394e-07
832,3,1.0021514e-06
833,3,1.0010789e-06
834,3,1.0010654e-06
835,3,1.0020998e-06
836,3,2.1265578029583162e-07
837,0,6.96852604064782e-07
838,0,1.0091748e-06
839,0,1.010842e-06
840,0,3.5318109739466365e-08
841,1,9.46898117111918e-07
842,1,1.2265847e-07
843,2,7.3955601e-08
844,2,7.8437006e-08
845,1,1.0912579e-06
846,1,2.8392367411884704e-07
847,0,1.0154531e-06
848,0,1.0091968e-06
849,0,5.40235417597533e-07
850,3,1.004135e-06
851,3,1.0026469e-06
852,3,1.001589e-06
853,3,1.0010294e-06
854,3,1.001018e-06
855,3,1.00155e-06
856,3,1.002568e-06
857,3,1.0040043e-06
858,0,5.399115371219358e-07
859,0,1.0088665e-06
860,0,1.0148418e-06
861,1,2.833986731644851e-07
862,1,1.0887766e-06
863,2,1.5413478e-07
864,2,1.5740152e-07
865,1,7.692005385192734e-07
866,0,1.0197474e-06
867,0,1.0115893e-06
868,0,6.96940505806516e-07
869,3,1.0040967e-06
870,3,1.002689e-06
871,3,1.0017795e-06
872,3,1.0011839e-06
873,3,1.0008774e-06
874,3,1.0008683e-06
875,3,1.0011541e-06
876,3,1.0017221e-06
877,3,1.0025944e-06
878,3,1.0039512e-06
879,0,6.966258292684033e-07
880,0,1.0112677e-06
881,0,1.0193017e-06
882,1,7.689682010197101e-07
883,1,1.3191928e-07
884,2,7.0379571e-08
885,1,1.2710536e-07
886,1,4.230961176789273e-07
887,0,1.010405e-06
888,0,1.0066701e-06
889,0,2.127838304381644e-07
890,3,1.0026409e-06
891,3,1.0017858e-06
892,3,1.0012439e-06
893,3,1.0009e-06
894,3,1.0007257e-06
895,3,1.0007188e-06
896,3,1.0008782e-06
897,3,1.0012033e-06
898,3,1.0017216e-06
899,3,1.0025494e-06
900,0,2.1259916301209446e-07
901,0,1.0065438e-06
902,0,1.0103503e-06
903,1,4.2291849082866965e-07
904,1,1.291045e-07
905,2,1.3398478e-07
906,2,1.0528847e-07
907,1,1.0143591e-06
908,0,1.3130396327331434e-07
909,0,1.0032332e-06
910,0,8.415101969255825e-07
911,3,1.0022059e-06
912,3,1.0016267e-06
913,3,1.0012085e-06
914,3,1.0009115e-06
915,3,1.0007137e-06
916,3,1.0006113e-06
917,3,1.0006067e-06
918,3,1.0006991e-06
919,3,1.0008854e-06
920,3,1.0011691e-06
921,3,1.0015754e-06
922,3,1.0021524e-06
923,0,8.413102717797831e-07
924,0,1.0033254e-06
925,0,1.3112585297592518e-07
926,1,1.0158217e-06
927,2,1.132775e-07
928,2,1.2587268e-07
929,1,9.772763e-07
930,0,3.830272141620345e-08
931,0,9.9950874e-07
932,0,6.857044003342647e-07
933,3,1.0011976e-06
934,3,1.0010964e-06
935,3,1.0009166e-06
936,3,1.0007468e-06
937,3,1.0006199e-06
938,3,1.0005514e-06
939,3,1.0005489e-06
940,3,1.0006118e-06
941,3,1.0007326e-06
942,3,1.0008957e-06
943,3,1.0010707e-06
944,3,1.001174e-06
945,0,6.855499192797406e-07
946,0,9.9956547e-07
947,0,3.812475465562009e-08
948,1,9.778813e-07
949,1,1.2810922e-07
950,2,1.2735224e-07
951,1,9.7757241e-07
952,0,3.830657690849417e-08
953,0,9.9954168e-07
954,0,6.856937340086577e-07
955,3,1.0011943e-06
956,3,1.0010917e-06
957,3,1.0009133e-06
958,3,1.0007457e-06
959,3,1.0006208e-06
960,3,1.0005541e-06
961,3,1.0005533e-06
962,3,1.0006183e-06
963,3,1.0007413e-06
964,3,1.0009067e-06
965,3,1.0010824e-06
966,3,1.0011818e-06
967,0,6.855687045789066e-07
968,0,9.9950039e-07
969,0,3.812557813672785e-08
970,1,9.7733645e-07
971,1,1.294142e-07
972,2,1.2128171e-07
973,1,1.0149869e-06
974,0,1.312797619554678e-07
975,0,1.0033245e-06
976,0,8.414821175742279e-07
977,3,1.002191e-06
978,3,1.0016101e-06
979,3,1.0011978e-06
980,3,1.000908e-06
981,3,1.0007164e-06
982,3,1.0006195e-06
983,3,1.0006202e-06
984,3,1.0007188e-06
985,3,1.0009123e-06
986,3,1.0012042e-06
987,3,1.0016161e-06
988,3,1.0021881e-06
989,0,8.413754721232032e-07
990,0,1.0031851e-06
991,0,1.3103092976841104e-07
992,1,1.0131966e-06
993,1,1.2321726e-07
994,2,6.5822387e-08
995,1,1.1967747e-07
996,1,4.235440255879937e-07
997,0,1.010575e-06
998,0,1.0066635e-06
999,0,2.127471623652354e-07
1000,3,1.0026058e-06
1001,3,1.0017651e-06
1002,3,1.0012374e-06
1003,3,1.0009052e-06
1004,3,1.0007401e-06
1005,3,1.0007418e-06
1006,3,1.0009114e-06
1007,3,1.0012505e-06
1008,3,1.0017868e-06
1009,3,1.0026341e-06
1010,3,2.127228459038189e-07
1011,0,1.0066411e-06
1012,0,1.0104337e-06
1013,1,4.231926641339731e-07
1014,1,1.2052193e-07
1015,2,1.5979295e-07
1016,2,1.2448954e-07
1017,1,7.690264980308258e-07
1018,0,1.0195881e-06
1019,0,1.0114564e-06
1020,0,6.968335981222698e-07
1021,3,1.0040304e-06
1022,3,1.0026537e-06
1023,3,1.0017685e-06
1024,3,1.001192e-06
1025,3,1.0008988e-06
1026,3,1.0009005e-06
1027,3,1.0012e-06
1028,3,1.0017897e-06
1029,3,1.0026953e-06
1030,3,1.0040966e-06
1031,0,6.969037628674509e-07
1032,0,1.0114911e-06
1033,0,1.0195175e-06
1034,1,7.690747371205921e-07
1035,1,1.299991e-07
1036,2,1.1189133e-07
1037,2,1.241873e-07
1038,1,1.090915e-06
1039,1,2.836817826807576e-07
1040,0,1.015156e-06
1041,0,1.0090051e-06
1042,0,5.401294924012056e-07
1043,3,1.0040783e-06
1044,3,1.0026267e-06
1045,3,1.0015995e-06
1046,3,1.0010581e-06
1047,3,1.001057e-06
1048,3,1.0016032e-06
1049,3,1.0026521e-06
1050,3,1.0041432e-06
1051,0,5.402531302408847e-07
1052,0,1.0091792e-06
1053,0,1.0152058e-06
1054,1,2.836410352706828e-07
1055,1,1.087774e-06
1056,1,1.3060283e-07
1057,1,1.1791841e-07
1058,1,9.4925542174878e-07
1059,0,3.5475036229090195e-08
1060,0,1.0109531e-06
1061,0,1.009302e-06
1062,0,6.971114056939879e-07
1063,0,2.1283195094282093e-07
1064,3,1.0021626e-06
1065,3,1.0011155e-06
1066,3,1.0011045e-06
1067,3,1.0021453e-06
1068,3,2.1278271356041497e-07
1069,0,6.971606118324224e-07
1070,0,1.0094944e-06
1071,0,1.0113035e-06
1072,0,3.5710216370343785e-08
1073,1,9.47825298300885e-07
1074,1,1.216478e-07
1075,2,1.2318963e-07
1076,2,9.3540659e-08
1077,1,1.2476354e-07
1078,1,7.668768551706371e-07
1079,0,3.6614201980024016e-08
1080,0,1.0158973e-06
1081,0,1.0117846e-06
1082,0,1.0066935e-06
1083,0,8.413743805085723e-07
1084,0,6.854226224869792e-07
1085,0,6.853543926868599e-07
1086,0,8.41191290508458e-07
1087,0,1.0066805e-06
1088,0,1.0118256e-06
1089,0,1.0160394e-06
1090,0,3.7112835979284774e-08
1091,1,7.676533793410427e-07
1092,1,1.2166042e-07
1093,2,1.7405476e-07
1094,2,1.3889314e-07
1095,1,1.144446e-07
1096,1,9.491474506069064e-07
1097,1,2.847089229439055e-07
1098,0,1.0198505e-06
1099,0,1.0103931e-06
1100,0,1.0030743e-06
1101,0,9.9910222e-07
1102,0,9.9899825e-07
1103,0,1.0028384e-06
1104,0,1.0104031e-06
1105,0,1.0198302e-06
1106,1,2.845955180262061e-07
1107,1,9.5014842909961e-07
1108,1,1.2120679e-07
1109,1,1.2326095e-07
1110,2,7.2779422e-08
1111,2,1.1738011e-07
1112,1,1.2398188e-07
1113,1,1.092781e-06
1114,1,7.69515593088351e-07
1115,1,4.230782481452258e-07
1116,0,1.3077637608908298e-07
1117,0,3.73074532322925e-08
1118,0,3.7154728716764697e-08
1119,0,1.3021423147880948e-07
1120,1,4.2277748268295293e-07
1121,1,7.694306304596963e-07
1122,1,1.0914378e-06
1123,1,1.2219382e-07
1124,2,1.7481289e-07
1125,2,7.2004759e-08
1126,2,7.4324887e-08
1127,2,1.5289194e-07
1128,1,1.3141763e-07
1129,1,1.2917916e-07
1130,1,1.0139681e-06
1131,1,9.7545269e-07
1132,1,9.7531519e-07
1133,1,1.0125197e-06
1134,1,1.2053737e-07
1135,1,1.3011e-07
1136,1,1.3218246e-07
1137,2,1.2464023e-07
1138,2,6.8449138e-08
1139,2,1.3784783e-07
1140,2,1.1287569e-07
1141,1,1.2778176e-07
1142,1,1.2914894e-07
1143,1,1.2328612e-07
1144,2,1.5984658e-07
1145,2,1.1260171e-07
1146,5,1.0321422e-07
1147,5,1.2537605e-07
1148,5,1.2621295e-07
1149,5,1.1999872e-07
1150,5,6.6318479e-08
1151,5,7.4875877e-08
1152,5,1.5753219e-07
1153,4,1.2681033e-07
1154,4,1.0086534e-06
1155,4,9.7227342e-07
1156,4,9.7245229e-07
1157,4,1.0105011e-06
1158,4,1.1927899e-07
1159,5,1.242211e-07
1160,5,1.2136534e-07
1161,5,1.4700696e-07
1162,4,1.0817155e-06
1163,4,7.651795964847385e-07
1164,4,4.200334736281422e-07
1165,3,1.268191879977743e-07
1166,3,3.3253336738692425e-08
1167,3,3.3256522955709774e-08
1168,3,1.2695300031972226e-07
1169,4,4.199574145081853e-07
1170,4,7.654078409476091e-07
1171,4,1.0823761e-06
1172,4,1.1564745e-07
1173,5,8.8156141e-08
1174,5,8.3666795e-08
1175,4,1.165825e-07
1176,4,9.424051724029296e-07
1177,4,2.8337494579655536e-07
1178,3,1.0182671e-06
1179,3,1.0100075e-06
1180,3,1.0020363e-06
1181,3,9.9761063e-07
1182,3,9.9764332e-07
1183,3,1.0021259e-06
1184,3,1.0099439e-06
1185,3,1.0183182e-06
1186,4,2.832400856606687e-07
1187,4,9.413394297172052e-07
1188,4,1.2398887e-07
1189,5,1.3794531e-07
1190,4,1.1837436e-07
1191,4,7.597558325738754e-07
1192,3,3.511351318341918e-08
1193,3,1.0149115e-06
1194,3,1.0128679e-06
1195,3,1.0078993e-06
1196,3,8.429333274269517e-07
1197,3,6.856184441679416e-07
1198,3,6.855929376624399e-07
1199,3,8.428426596931822e-07
1200,3,1.0078213e-06
1201,3,1.0127741e-06
1202,3,1.0147936e-06
1203,3,3.474841291647364e-08
1204,4,7.597323058347418e-07
1205,4,1.1548561e-07
1206,5,1.2222852e-07
1207,5,1.4631974e-07
1208,4,9.439140093185668e-07
1209,3,3.5119480728358244e-08
1210,3,1.0103873e-06
1211,3,1.0104528e-06
1212,3,7.017961208508918e-07
1213,3,2.158420414998294e-07
1214,3,1.0029759e-06
1215,3,1.0015394e-06
1216,3,1.0015297e-06
1217,3,1.0029383e-06
1218,3,2.156705534327527e-07
1219,3,7.014895749769765e-07
1220,3,1.0102104e-06
1221,3,1.00994e-06
1222,3,3.477372689460108e-08
1223,4,9.421874213531494e-07
1224,4,1.2286542e-07
1225,5,7.3074014e-08
1226,5,7.4947417e-08
1227,4,1.0806361e-06
1228,4,2.8310795754521054e-07
1229,3,1.0150519e-06
1230,3,1.0104652e-06
1231,3,5.446261393114052e-07
1232,3,1.0057133e-06
1233,3,1.0038671e-06
1234,3,1.002423e-06
1235,3,1.0016249e-06
1236,3,1.0016121e-06
1237,3,1.0023794e-06
1238,3,1.0037787e-06
1239,3,1.005562e-06
1240,3,5.442979486064027e-07
1241,3,1.010077e-06
1242,3,1.0144788e-06
1243,4,2.828141770774283e-07
1244,4,1.0798959e-06
1245,5,1.5105444e-07
1246,5,1.5534392e-07
1247,4,7.637135404021529e-07
1248,3,1.0178004e-06
1249,3,1.0127286e-06
1250,3,7.017084238834855e-07
1251,3,1.0057115e-06
1252,3,1.0040009e-06
1253,3,1.0027671e-06
1254,3,1.0019001e-06
1255,3,1.0014383e-06
1256,3,1.0014261e-06
1257,3,1.0018603e-06
1258,3,1.0026914e-06
1259,3,1.0038775e-06
1260,3,1.0055282e-06
1261,3,7.013515363861765e-07
1262,3,1.0124462e-06
1263,3,1.0175975e-06
1264,4,7.638758548446607e-07
1265,4,1.310758e-07
1266,5,7.0540922e-08
1267,4,1.2695522e-07
1268,4,4.200252966842126e-07
1269,3,1.0097521e-06
1270,3,1.0078645e-06
1271,3,2.158939671701897e-07
1272,3,1.0039028e-06
1273,3,1.0027892e-06
1274,3,1.0020078e-06
1275,3,1.0014811e-06
1276,3,1.0012063e-06
1277,3,1.0011965e-06
1278,3,1.0014498e-06
1279,3,1.0019508e-06
1280,3,1.0027019e-06
1281,3,1.0037858e-06
1282,3,2.1564807098526718e-07
1283,3,1.0077661e-06
1284,3,1.0097972e-06
1285,4,4.198246310673512e-07
1286,4,1.2899909e-07
1287,5,1.3768108e-07
1288,5,1.038132e-07
1289,4,1.0110322e-06
1290,3,1.2783538831347838e-07
1291,3,1.0024317e-06
1292,3,8.433389689862814e-07
1293,3,1.003116e-06
1294,3,1.0025105e-06
1295,3,1.0019506e-06
1296,3,1.0015029e-06
1297,3,1.0011868e-06
1298,3,1.0010193e-06
1299,3,1.0010125e-06
1300,3,1.0011657e-06
1301,3,1.0014659e-06
1302,3,1.0018974e-06
1303,3,1.0024476e-06
1304,3,1.0030665e-06
1305,3,8.431028632728424e-07
1306,3,1.0026892e-06
1307,3,1.2774100952498944e-07
1308,4,1.0129313e-06
1309,5,1.1222017e-07
1310,5,1.2532118e-07
1311,4,9.744409e-07
1312,3,3.456585813484985e-08
1313,3,9.9832728e-07
1314,3,6.861697942838214e-07
1315,3,1.0017519e-06
1316,3,1.001748e-06
1317,3,1.0015097e-06
1318,3,1.0012441e-06
1319,3,1.0010342e-06
1320,3,1.0009186e-06
1321,3,1.0009149e-06
1322,3,1.0010229e-06
1323,3,1.0012248e-06
1324,3,1.0014834e-06
1325,3,1.0017204e-06
1326,3,1.0017397e-06
1327,3,6.859801745232345e-07
1328,3,9.9850677e-07
1329,3,3.4390354948391635e-08
1330,4,9.7503271e-07
1331,4,1.2782084e-07
1332,5,1.267257e-07
1333,4,9.7439595e-07
1334,3,3.4538375655757415e-08
1335,3,9.9835472e-07
1336,3,6.86149224078416e-07
1337,3,1.001747e-06
1338,3,1.0017405e-06
1339,3,1.0015043e-06
1340,3,1.0012421e-06
1341,3,1.0010355e-06
1342,3,1.0009229e-06
1343,3,1.000922e-06
1344,3,1.0010328e-06
1345,3,1.0012378e-06
1346,3,1.0014988e-06
1347,3,1.0017354e-06
1348,3,1.0017465e-06
1349,3,6.860012194955146e-07
1350,3,9.9840742e-07
1351,3,3.44022769207166e-08
1352,4,9.7468364e-07
1353,4,1.291e-07
1354,5,1.2092896e-07
1355,4,1.0105821e-06
1356,3,1.2773011606066245e-07
1357,3,1.002517e-06
1358,3,8.432818541748331e-07
1359,3,1.0030911e-06
1360,3,1.002484e-06
1361,3,1.0019336e-06
1362,3,1.0014974e-06
1363,3,1.0011915e-06
1364,3,1.0010328e-06
1365,3,1.0010341e-06
1366,3,1.0011958e-06
1367,3,1.0015056e-06
1368,3,1.001946e-06
1369,3,1.0024984e-06
1370,3,1.0031018e-06
1371,3,8.43176736087309e-07
1372,3,1.0024879e-06
1373,3,1.2761621873810368e-07
1374,4,1.0107265e-06
1375,4,1.2337916e-07
1376,5,6.4972022e-08
1377,4,1.1892071e-07
1378,4,4.202110891043173e-07
1379,3,1.0099248e-06
1380,3,1.0078513e-06
1381,3,2.158388386711266e-07
1382,3,1.0038499e-06
1383,3,1.002759e-06
1384,3,1.0019997e-06
1385,3,1.0014912e-06
1386,3,1.0012307e-06
1387,3,1.0012332e-06
1388,3,1.0015004e-06
1389,3,1.0020186e-06
1390,3,1.0027895e-06
1391,3,1.0038894e-06
1392,3,2.1580598790538915e-07
1393,3,1.0078813e-06
1394,3,1.0099975e-06
1395,4,4.202832784267053e-07
1396,4,1.2009526e-07
1397,5,1.5518529e-07
1398,5,1.2353062e-07
1399,4,7.6364212211314e-07
1400,3,1.0176755e-06
1401,3,1.0125487e-06
1402,3,7.015840146856342e-07
1403,3,1.0056194e-06
1404,3,1.0039561e-06
1405,3,1.0027581e-06
1406,3,1.0019187e-06
1407,3,1.0014759e-06
1408,3,1.0014782e-06
1409,3,1.0019291e-06
1410,3,1.0027847e-06
1411,3,1.004005e-06
1412,3,1.0056917e-06
1413,3,7.016451965453402e-07
1414,3,1.0126461e-06
1415,3,1.0179833e-06
1416,4,7.648881954961236e-07
1417,4,1.3001246e-07
1418,5,1.1430255e-07
1419,5,1.2267929e-07
1420,4,1.0798101e-06
1421,4,2.8283204940255465e-07
1422,3,1.0145605e-06
1423,3,1.0101879e-06
1424,3,5.445773999105488e-07
1425,3,1.0056587e-06
1426,3,1.0038594e-06
1427,3,1.0024555e-06
1428,3,1.0016795e-06
1429,3,1.0016778e-06
1430,3,1.0024591e-06
1431,3,1.0038871e-06
1432,3,1.0057207e-06
1433,3,5.446561027877539e-07
1434,3,1.0103187e-06
1435,3,1.0145837e-06
1436,4,2.829294674418221e-07
1437,4,1.0804673e-06
1438,4,1.2973691e-07
1439,4,1.1626518e-07
1440,4,9.415109583390304e-07
1441,3,3.4642457154356915e-08
1442,3,1.0101207e-06
1443,3,1.0103889e-06
1444,3,7.018188372577065e-07
1445,3,2.1590573438170893e-07
1446,3,1.003031e-06
1447,3,1.0016192e-06
1448,3,1.0016056e-06
1449,3,1.0030114e-06
1450,3,2.1586416457704958e-07
1451,3,7.018500510748287e-07
1452,3,1.010515e-06
1453,3,1.0103262e-06
1454,3,3.474254266827728e-08
1455,4,9.414822496945118e-07
1456,4,1.2117133e-07
1457,5,1.2485049e-07
1458,5,9.0759233e-08
1459,4,1.239425e-07
1460,4,7.60437796780366e-07
1461,3,3.5327410437285055e-08
1462,3,1.0150192e-06
1463,3,1.0128057e-06
1464,3,1.0078227e-06
1465,3,8.430744771923137e-07
1466,3,6.857318667812732e-07
1467,3,6.856719650903436e-07
1468,3,8.429217566134854e-07
1469,3,1.0078616e-06
1470,3,1.0128495e-06
1471,3,1.0150395e-06
1472,3,3.552216930679398e-08
1473,4,7.604113925601403e-07
1474,4,1.2132098e-07
1475,5,1.7459793e-07
1476,5,1.3823166e-07
1477,4,1.1517702e-07
1478,4,9.414395471238786e-07
1479,4,2.8361782765199493e-07
1480,3,1.018052e-06
1481,3,1.0096901e-06
1482,3,1.0022827e-06
1483,3,9.9786113e-07
1484,3,9.9773862e-07
1485,3,1.0020266e-06
1486,3,1.0099028e-06
1487,3,1.0181466e-06
1488,4,2.834870411761633e-07
1489,4,9.41542859803773e-07
1490,4,1.2123983e-07
1491,4,1.2337935e-07
1492,5,7.2419047e-08
1493,5,1.1947211e-07
1494,4,1.2251166e-07
1495,4,1.0831105e-06
1496,4,7.648384594518907e-07
1497,4,4.196794584476212e-07
1498,3,1.2720211265962602e-07
1499,3,3.3338739897943834e-08
1500,3,3.3242848774922776e-08
1501,3,1.2671531629046868e-07
1502,4,4.199341968264282e-07
1503,4,7.649330725659627e-07
1504,4,1.0815904e-06
1505,4,1.2140663e-07
1506,5,1.7144152e-07
1507,5,7.0199317e-08
1508,5,7.3663783e-08
1509,5,1.521915e-07
1510,4,1.3124763e-07
1511,4,1.2861794e-07
1512,4,1.0117888e-06
1513,4,9.7317141e-07
1514,4,9.7264862e-07
1515,4,1.0086416e-06
1516,4,1.2014164e-07
1517,4,1.2968702e-07
1518,4,1.296262e-07
1519,5,1.2660205e-07
1520,5,6.9738008e-08
1521,5,1.3455384e-07
1522,5,1.1281929e-07
1523,4,1.2756773e-07
1524,4,1.2885728e-07
1525,4,1.2300047e-07
1526,5,1.5724185e-07
1527,5,1.1276755e-07
1528,5,1.0264569e-07
1529,5,1.2476737e-07
1530,5,1.2625191e-07
1531,5,1.2054046e-07
1532,5,6.5717029e-08
1533,5,7.7066789e-08
1534,5,1.5624718e-07
1535,4,1.284378e-07
1536,4,1.0072646e-06
1537,4,9.713942e-07
1538,4,9.7158604e-07
1539,4,1.0083183e-06
1540,4,1.1889902e-07
1541,5,1.2413353e-07
1542,5,1.2064278e-07
1543,5,1.4464862e-07
1544,4,1.0782301e-06
1545,4,7.637664513342738e-07
1546,4,4.191148358918476e-07
1547,3,1.2558604149587158e-07
1548,3,3.167103456065004e-08
1549,3,3.1672920349896595e-08
1550,3,1.2568534454877857e-07
1551,4,4.189773428524676e-07
1552,4,7.639965390444605e-07
1553,4,1.0805003e-06
1554,4,1.1733396e-07
1555,5,9.4995708e-08
1556,5,8.361776e-08
1557,4,1.1944412e-07
1558,4,9.404957812295688e-07
1559,4,2.8320722239091734e-07
1560,3,1.0163666e-06
1561,3,1.0087541e-06
1562,3,1.0010466e-06
1563,3,9.9665999e-07
1564,3,9.9669706e-07
1565,3,1.001161e-06
1566,3,1.0088618e-06
1567,3,1.0166779e-06
1568,4,2.8322025353653405e-07
1569,4,9.403121620529308e-07
1570,4,1.2338854e-07
1571,5,1.3724348e-07
1572,4,1.185311e-07
1573,4,7.580191264017391e-07
1574,3,3.5091346200131344e-08
1575,3,1.0134359e-06
1576,3,1.0123716e-06
1577,3,1.0079243e-06
1578,3,8.437271230707254e-07
1579,3,6.856145892286207e-07
1580,3,6.855915064970368e-07
1581,3,8.436596970263597e-07
1582,3,1.0079471e-06
1583,3,1.0123978e-06
1584,3,1.0132719e-06
1585,3,3.490899723629944e-08
1586,4,7.55894322170957e-07
1587,4,1.1436191e-07
1588,5,1.1381187e-07
1589,5,1.450915e-07
1590,4,9.405621805606916e-07
1591,3,3.522490290538528e-08
1592,3,1.009201e-06
1593,3,1.0103708e-06
1594,3,7.047043425950841e-07
1595,3,2.180220655520929e-07
1596,3,1.0034397e-06
1597,3,1.0017644e-06
1598,3,1.0017605e-06
1599,3,1.0034235e-06
1600,3,2.1786479330784546e-07
1601,3,7.044556965348478e-07
1602,3,1.0100698e-06
1603,3,1.0085577e-06
1604,3,3.510929917679717e-08
1605,4,9.407436257944056e-07
1606,4,1.2337214e-07
1607,5,7.3818447e-08
1608,5,7.499807e-08
1609,4,1.0784569e-06
1610,4,2.8308330984426564e-07
1611,3,1.0136928e-06
1612,3,1.0104675e-06
1613,3,5.476369162299205e-07
1614,3,1.0067403e-06
1615,3,1.0047283e-06
1616,3,1.0030348e-06
1617,3,1.0020745e-06
1618,3,1.0020627e-06
1619,3,1.0029949e-06
1620,3,1.0046438e-06
1621,3,1.0065801e-06
1622,3,5.473316110032862e-07
1623,3,1.0100356e-06
1624,3,1.0132127e-06
1625,4,2.828915177981737e-07
1626,4,1.0792595e-06
1627,5,1.5063113e-07
1628,5,1.5621797e-07
1629,4,7.624591096018546e-07
1630,3,1.0159826e-06
1631,3,1.0123739e-06
1632,3,7.047598822999999e-07
1633,3,1.0067749e-06
1634,3,1.0049641e-06
1635,3,1.0035508e-06
1636,3,1.0025025e-06
1637,3,1.00193e-06
1638,3,1.0019167e-06
1639,3,1.0024593e-06
1640,3,1.0034685e-06
1641,3,1.0048285e-06
1642,3,1.0065732e-06
1643,3,7.043904216478493e-07
1644,3,1.0121256e-06
1645,3,1.0158301e-06
1646,4,7.621818506545641e-07
1647,4,1.3068837e-07
1648,5,6.9499581e-08
1649,4,1.2703662e-07
1650,4,4.191519111588543e-07
1651,3,1.0086301e-06
1652,3,1.0080069e-06
1653,3,2.181643780009373e-07
1654,3,1.0048139e-06
1655,3,1.0035922e-06
1656,3,1.0026692e-06
1657,3,1.0020152e-06
1658,3,1.0016657e-06
1659,3,1.0016542e-06
1660,3,1.0019791e-06
1661,3,1.002604e-06
1662,3,1.0034938e-06
1663,3,1.0046896e-06
1664,3,2.178850181794505e-07
1665,3,1.0079301e-06
1666,3,1.0086629e-06
1667,4,4.186901082982517e-07
1668,4,1.2824919e-07
1669,5,1.3027606e-07
1670,5,1.045132e-07
1671,4,1.0096171e-06
1672,3,1.2669652906969678e-07
1673,3,1.0015976e-06
1674,3,8.443028622325435e-07
1675,3,1.0036826e-06
1676,3,1.0031794e-06
1677,3,1.0025822e-06
1678,3,1.0020482e-06
1679,3,1.0016484e-06
1680,3,1.0014311e-06
1681,3,1.0014231e-06
1682,3,1.0016242e-06
1683,3,1.0020065e-06
1684,3,1.0025251e-06
1685,3,1.0031193e-06
1686,3,1.0036515e-06
1687,3,8.440629340078816e-07
1688,3,1.0019371e-06
1689,3,1.2667825016332518e-07
1690,4,1.0129518e-06
1691,5,1.1394113e-07
1692,5,1.2497419e-07
1693,4,9.7403407e-07
1694,3,3.3057710971416577e-08
1695,3,9.9758249e-07
1696,3,6.863121148520413e-07
1697,3,1.0020726e-06
1698,3,1.0022568e-06
1699,3,1.002035e-06
1700,3,1.0017201e-06
1701,3,1.0014519e-06
1702,3,1.0013e-06
1703,3,1.001296e-06
1704,3,1.0014399e-06
1705,3,1.0017005e-06
1706,3,1.0020107e-06
1707,3,1.0022371e-06
1708,3,1.0020804e-06
1709,3,6.861214715920496e-07
1710,3,9.9782879e-07
1711,3,3.289423913506045e-08
1712,4,9.7461296e-07
1713,4,1.2766625e-07
1714,5,1.2644615e-07
1715,4,9.7407866e-07
1716,3,3.302781773575509e-08
1717,3,9.9761406e-07
1718,3,6.86284944921233e-07
1719,3,1.0020718e-06
1720,3,1.0022467e-06
1721,3,1.0020273e-06
1722,3,1.0017171e-06
1723,3,1.0014536e-06
1724,3,1.0013057e-06
1725,3,1.0013053e-06
1726,3,1.0014525e-06
1727,3,1.0017164e-06
1728,3,1.0020286e-06
1729,3,1.0022531e-06
1730,3,1.0020882e-06
1731,3,6.861464959562597e-07
1732,3,9.9771119e-07
1733,3,3.291179202352779e-08
1734,4,9.7438522e-07
1735,4,1.2904003e-07
1736,5,1.2041553e-07
1737,4,1.0099404e-06
1738,3,1.2661588017488966e-07
1739,3,1.0016847e-06
1740,3,8.44204630818356e-07
1741,3,1.0036367e-06
1742,3,1.0031404e-06
1743,3,1.0025579e-06
1744,3,1.00204e-06
1745,3,1.0016546e-06
1746,3,1.0014489e-06
1747,3,1.0014513e-06
1748,3,1.0016622e-06
1749,3,1.0020546e-06
1750,3,1.0025803e-06
1751,3,1.0031688e-06
1752,3,1.0036647e-06
1753,3,8.441296473339802e-07
1754,3,1.0016756e-06
1755,3,1.265348117282512e-07
1756,4,1.0095402e-06
1757,4,1.2317437e-07
1758,5,6.5339292e-08
1759,4,1.187955e-07
1760,4,4.192369696536152e-07
1761,3,1.0088141e-06
1762,3,1.0079855e-06
1763,3,2.1808859210080554e-07
1764,3,1.0047403e-06
1765,3,1.0035509e-06
1766,3,1.0026583e-06
1767,3,1.0020292e-06
1768,3,1.0016983e-06
1769,3,1.0017021e-06
1770,3,1.0020424e-06
1771,3,1.0026846e-06
1772,3,1.0035927e-06
1773,3,1.0047944e-06
1774,3,2.1805333931734803e-07
1775,3,1.0080049e-06
1776,3,1.0087581e-06
1777,4,4.1907861033058643e-07
1778,4,1.1999186e-07
1779,5,1.5685769e-07
1780,5,1.2406096e-07
1781,4,7.630191026233259e-07
1782,3,1.0160695e-06
1783,3,1.0121843e-06
1784,3,7.046195710565193e-07
1785,3,1.0066501e-06
1786,3,1.0049074e-06
1787,3,1.0035426e-06
1788,3,1.0025315e-06
1789,3,1.0019823e-06
1790,3,1.0019853e-06
1791,3,1.0025446e-06
1792,3,1.0035748e-06
1793,3,1.0049655e-06
1794,3,1.0067364e-06
1795,3,7.046692498343161e-07
1796,3,1.0122753e-06
1797,3,1.0161136e-06
1798,4,7.63057998506358e-07
1799,4,1.2932545e-07
1800,5,1.1132958e-07
1801,5,1.2243053e-07
1802,4,1.0775585e-06
1803,4,2.828528622004335e-07
1804,3,1.0131118e-06
1805,3,1.0101062e-06
1806,3,5.476269534905014e-07
1807,3,1.0066807e-06
1808,3,1.0047347e-06
1809,3,1.0030933e-06
1810,3,1.0021549e-06
1811,3,1.0021523e-06
1812,3,1.0030948e-06
1813,3,1.0047612e-06
1814,3,1.0067417e-06
1815,3,5.47674484111801e-07
1816,3,1.0102796e-06
1817,3,1.0132572e-06
1818,4,2.830449855058707e-07
1819,4,1.0790844e-06
1820,4,1.3003526e-07
1821,4,1.1642414e-07
1822,4,9.393200275154852e-07
1823,3,3.4854815769104865e-08
1824,3,1.0087912e-06
1825,3,1.0102654e-06
1826,3,7.048042010743607e-07
1827,3,2.1812549792417314e-07
1828,3,1.0035564e-06
1829,3,1.001889e-06
1830,3,1.001871e-06
1831,3,1.0035268e-06
1832,3,2.181095468144449e-07
1833,3,7.048289926957738e-07
1834,3,1.0103636e-06
1835,3,1.0090562e-06
1836,3,3.48773929412554e-08
1837,4,9.388600410600492e-07
1838,4,1.204829e-07
1839,5,1.2045282e-07
1840,5,8.612896e-08
1841,4,1.2412386e-07
1842,4,7.576017243811892e-07
1843,3,3.5523939083092044e-08
1844,3,1.0135677e-06
1845,3,1.0123682e-06
1846,3,1.0078999e-06
1847,3,8.439283917412491e-07
1848,3,6.857561389429877e-07
1849,3,6.857094303839126e-07
1850,3,8.438078437134112e-07
1851,3,1.0079198e-06
1852,3,1.0123439e-06
1853,3,1.013464e-06
1854,3,3.55691090218601e-08
1855,4,7.584919082358446e-07
1856,4,1.2109543e-07
1857,5,1.7371674e-07
1858,5,1.3835782e-07
1859,4,1.1434672e-07
1860,4,9.404834052127224e-07
1861,4,2.8364079201872894e-07
1862,3,1.0162226e-06
1863,3,1.0084652e-06
1864,3,1.0014895e-06
1865,3,9.9711661e-07
1866,3,9.9698749e-07
1867,3,1.0012106e-06
1868,3,1.0087142e-06
1869,3,1.0162252e-06
1870,4,2.834459820122917e-07
1871,4,9.399592254203024e-07
1872,4,1.2097762e-07
1873,4,1.2317659e-07
1874,5,7.1184184e-08
1875,5,1.12037e-07
1876,4,1.231366e-07
1877,4,1.0821811e-06
1878,4,7.630048807711156e-07
1879,4,4.18311102983996e-07
1880,3,1.2605132844702552e-07
1881,3,3.1722211919848865e-08
1882,3,3.1665991178457045e-08
1883,3,1.2564016890340138e-07
1884,4,4.1893972845366585e-07
1885,4,7.637045077261225e-07
1886,4,1.079643e-06
1887,4,1.2144005e-07
1888,5,1.735469e-07
1889,5,7.1351683e-08
1890,5,7.3487129e-08
1891,5,1.521011e-07
1892,4,1.3098141e-07
1893,4,1.2819603e-07
1894,4,1.011816e-06
1895,4,9.728754e-07
1896,4,9.7254897e-07
1897,4,1.0082566e-06
1898,4,1.2003761e-07
1899,4,1.2969151e-07
1900,4,1.289443e-07
1901,5,1.2811982e-07
1902,5,6.9503523e-08
1903,5,1.33937e-07
1904,5,1.1317241e-07
1905,4,1.2750969e-07
1906,4,1.2879024e-07
1907,4,1.231724e-07
1908,5,1.5863962e-07
1909,5,1.1461034e-07
1910,5,1.0508313e-07
1911,5,1.24738e-07
1912,5,1.2618895e-07
1913,5,1.1971186e-07
1914,5,6.4749111e-08
1915,5,7.4434027e-08
1916,5,1.5677582e-07
1917,4,1.2745615e-07
1918,4,1.0078444e-06
1919,4,9.7122738e-07
1920,4,9.7115933e-07
1921,4,1.0065926e-06
1922,4,1.1888917e-07
1923,5,1.2351087e-07
1924,5,1.2444395e-07
1925,5,1.4481188e-07
1926,4,1.0761994e-06
1927,4,7.629337468534663e-07
1928,4,4.185180518036777e-07
1929,3,1.252420305223393e-07
1930,3,3.1090010359018024e-08
1931,3,3.10696335274987e-08
1932,3,1.2511490039196545e-07
1933,4,4.185096120077564e-07
1934,4,7.636411350863023e-07
1935,4,1.0821844e-06
1936,4,1.160939e-07
1937,5,8.82196e-08
1938,5,8.2759718e-08
1939,4,1.1873538e-07
1940,4,9.391464538773708e-07
1941,4,2.830153351384221e-07
1942,3,1.0151908e-06
1943,3,1.0078598e-06
1944,3,1.0004532e-06
1945,3,9.9614898e-07
1946,3,9.9615556e-07
1947,3,1.0005116e-06
1948,3,1.0081684e-06
1949,3,1.0158513e-06
1950,4,2.833460929117505e-07
1951,4,9.387899397560256e-07
1952,4,1.2343134e-07
1953,5,1.3760313e-07
1954,4,1.1723334e-07
1955,4,7.561643927700511e-07
1956,3,3.521517424744311e-08
1957,3,1.0123908e-06
1958,3,1.0115931e-06
1959,3,1.0074425e-06
1960,3,8.440416192353536e-07
1961,3,6.856075284125465e-07
1962,3,6.855759130664252e-07
1963,3,8.439684395225344e-07
1964,3,1.0075546e-06
1965,3,1.0117271e-06
1966,3,1.0122827e-06
1967,3,3.511575440188966e-08
1968,4,7.553376113632789e-07
1969,4,1.1437492e-07
1970,5,1.1630716e-07
1971,5,1.4603109e-07
1972,4,9.415357358605048e-07
1973,3,3.5592659918230176e-08
1974,3,1.008296e-06
1975,3,1.0098126e-06
1976,3,7.061756542595206e-07
1977,3,2.1940643012971245e-07
1978,3,1.0036071e-06
1979,3,1.001852e-06
1980,3,1.0018499e-06
1981,3,1.0036075e-06
1982,3,2.192594951341821e-07
1983,3,7.059721217026372e-07
1984,3,1.0094879e-06
1985,3,1.0076065e-06
1986,3,3.5437680189012974e-08
1987,4,9.411228922785418e-07
1988,4,1.2330238e-07
1989,5,7.339551e-08
1990,5,7.6452333e-08
1991,4,1.0796017e-06
1992,4,2.8341219271840494e-07
1993,3,1.0129468e-06
1994,3,1.0099791e-06
1995,3,5.493921810358481e-07
1996,3,1.0071996e-06
1997,3,1.0052622e-06
1998,3,1.0034654e-06
1999,3,1.0023944e-06
2000,3,1.0023831e-06
2001,3,1.0034303e-06
2002,3,1.0051848e-06
2003,3,1.0070327e-06
2004,3,5.491086811669139e-07
2005,3,1.0095608e-06
2006,3,1.0125275e-06
2007,4,2.831084405666708e-07
2008,4,1.0778566e-06
2009,5,1.4922204e-07
2010,5,1.5584647e-07
2011,4,7.62396130978992e-07
2012,3,1.0152909e-06
2013,3,1.0118039e-06
2014,3,7.063369240109581e-07
2015,3,1.0072586e-06
2016,3,1.0056247e-06
2017,3,1.0041421e-06
2018,3,1.0029737e-06
2019,3,1.0023273e-06
2020,3,1.0023142e-06
2021,3,1.0029319e-06
2022,3,1.004065e-06
2023,3,1.0054899e-06
2024,3,1.0070709e-06
2025,3,7.059802335968411e-07
2026,3,1.0116083e-06
2027,3,1.0151504e-06
2028,4,7.619108374005249e-07
2029,4,1.3049728e-07
2030,5,7.1610438e-08
2031,4,1.2870495e-07
2032,4,4.190315819983157e-07
2033,3,1.0080448e-06
2034,3,1.0076664e-06
2035,3,2.1960439080867763e-07
2036,3,1.0053894e-06
2037,3,1.0042025e-06
2038,3,1.0032003e-06
2039,3,1.0024652e-06
2040,3,1.002066e-06
2041,3,1.0020544e-06
2042,3,1.0024287e-06
2043,3,1.0031348e-06
2044,3,1.0041005e-06
2045,3,1.0052758e-06
2046,3,2.1932496604059135e-07
2047,3,1.0076338e-06
2048,3,1.0081051e-06
2049,4,4.18669593105711e-07
2050,4,1.2865918e-07
2051,5,1.3551131e-07
2052,5,1.0645915e-07
2053,4,1.0091948e-06
2054,3,1.262838437936318e-07
2055,3,1.0011143e-06
2056,3,8.447054682906108e-07
2057,3,1.0039207e-06
2058,3,1.0036549e-06
2059,3,1.0030785e-06
2060,3,1.0025076e-06
2061,3,1.0020583e-06
2062,3,1.0018087e-06
2063,3,1.001801e-06
2064,3,1.0020349e-06
2065,3,1.0024683e-06
2066,3,1.0030279e-06
2067,3,1.0036146e-06
2068,3,1.0039347e-06
2069,3,8.444969140998775e-07
2070,3,1.0014207e-06
2071,3,1.261929925955762e-07
2072,4,1.0105817e-06
2073,5,1.1268336e-07
2074,5,1.2532912e-07
2075,4,9.740964e-07
2076,3,3.250305605968439e-08
2077,3,9.9720516e-07
2078,3,6.863848901882838e-07
2079,3,1.0022402e-06
2080,3,1.0026283e-06
2081,3,1.0024612e-06
2082,3,1.0021343e-06
2083,3,1.0018341e-06
2084,3,1.0016596e-06
2085,3,1.0016563e-06
2086,3,1.0018245e-06
2087,3,1.0021199e-06
2088,3,1.0024466e-06
2089,3,1.0026238e-06
2090,3,1.0022707e-06
2091,3,6.862207101577334e-07
2092,3,9.9743781e-07
2093,3,3.23640012782308e-08
2094,4,9.7443278e-07
2095,4,1.2759041e-07
2096,5,1.2649604e-07
2097,4,9.7403355e-07
2098,3,3.245661550219959e-08
2099,3,9.972287e-07
2100,3,6.86348695832793e-07
2101,3,1.002237e-06
2102,3,1.0026145e-06
2103,3,1.002451e-06
2104,3,1.0021302e-06
2105,3,1.0018357e-06
2106,3,1.0016659e-06
2107,3,1.0016667e-06
2108,3,1.0018387e-06
2109,3,1.0021373e-06
2110,3,1.0024656e-06
2111,3,1.0026408e-06
2112,3,1.0022771e-06
2113,3,6.86247928941036e-07
2114,3,9.9731665e-07
2115,3,3.2383769031695056e-08
2116,4,9.7418991e-07
2117,4,1.2901098e-07
2118,5,1.202239e-07
2119,4,1.0091183e-06
2120,3,1.261588887006717e-07
2121,3,1.0011633e-06
2122,3,8.445760232800923e-07
2123,3,1.0038622e-06
2124,3,1.0036056e-06
2125,3,1.0030472e-06
2126,3,1.0024963e-06
2127,3,1.0020646e-06
2128,3,1.0018289e-06
2129,3,1.0018328e-06
2130,3,1.0020773e-06
2131,3,1.0025202e-06
2132,3,1.0030845e-06
2133,3,1.0036537e-06
2134,3,1.003911e-06
2135,3,8.445459643998578e-07
2136,3,1.0011397e-06
2137,3,1.261994067602731e-07
2138,4,1.0096224e-06
2139,4,1.2319976e-07
2140,5,6.4493521e-08
2141,4,1.1822084e-07
2142,4,4.18846127535781e-07
2143,3,1.0081272e-06
2144,3,1.0076082e-06
2145,3,2.194995601631909e-07
2146,3,1.0052923e-06
2147,3,1.0041508e-06
2148,3,1.0031843e-06
2149,3,1.0024802e-06
2150,3,1.0021033e-06
2151,3,1.0021087e-06
2152,3,1.0024985e-06
2153,3,1.0032206e-06
2154,3,1.0042075e-06
2155,3,1.0053688e-06
2156,3,2.1948297402197367e-07
2157,3,1.0076225e-06
2158,3,1.0079647e-06
2159,4,4.18543128125846e-07
2160,4,1.1982408e-07
2161,5,1.5927878e-07
2162,5,1.2495305e-07
2163,4,7.627252065317754e-07
2164,3,1.0152346e-06
2165,3,1.0115426e-06
2166,3,7.061472097137188e-07
2167,3,1.007094e-06
2168,3,1.0055531e-06
2169,3,1.004127e-06
2170,3,1.0030077e-06
2171,3,1.0023882e-06
2172,3,1.0023924e-06
2173,3,1.0030246e-06
2174,3,1.0041677e-06
2175,3,1.0056244e-06
2176,3,1.0072101e-06
2177,3,7.06208440997423e-07
2178,3,1.0116438e-06
2179,3,1.0151596e-06
2180,4,7.623878000348991e-07
2181,4,1.2896223e-07
2182,5,1.1221636e-07
2183,5,1.20606e-07
2184,4,1.0774273e-06
2185,4,2.829602337664751e-07
2186,3,1.0122429e-06
2187,3,1.0095371e-06
2188,3,5.493660589952749e-07
2189,3,1.0071307e-06
2190,3,1.0052748e-06
2191,3,1.0035423e-06
2192,3,1.0024903e-06
2193,3,1.0024879e-06
2194,3,1.0035409e-06
2195,3,1.0052997e-06
2196,3,1.0071936e-06
2197,3,5.494160579739617e-07
2198,3,1.0097851e-06
2199,3,1.0125067e-06
2200,4,2.831889835564129e-07
2201,4,1.0800393e-06
2202,4,1.3058678e-07
2203,4,1.1631294e-07
2204,4,9.403895440071228e-07
2205,3,3.5162258319698455e-08
2206,3,1.0077619e-06
2207,3,1.0096438e-06
2208,3,7.063009368254681e-07
2209,3,2.1951616716601718e-07
2210,3,1.0037735e-06
2211,3,1.0020051e-06
2212,3,1.001983e-06
2213,3,1.0037218e-06
2214,3,2.1953337190571717e-07
2215,3,7.063241265928021e-07
2216,3,1.0097536e-06
2217,3,1.0081717e-06
2218,3,3.506512342813723e-08
2219,4,9.379738392920296e-07
2220,4,1.2057762e-07
2221,5,1.2439881e-07
2222,5,9.1840951e-08
2223,4,1.2381468e-07
2224,4,7.555940322772136e-07
2225,3,3.573120843210431e-08
2226,3,1.0125028e-06
2227,3,1.011709e-06
2228,3,1.0075503e-06
2229,3,8.442598736960899e-07
2230,3,6.857566901280479e-07
2231,3,6.857263974977577e-07
2232,3,8.441647975051467e-07
2233,3,1.0074419e-06
2234,3,1.0115114e-06
2235,3,1.0123245e-06
2236,3,3.561374726796848e-08
2237,4,7.587679625972457e-07
2238,4,1.2086909e-07
2239,5,1.7125902e-07
2240,5,1.3736253e-07
2241,4,1.1421528e-07
2242,4,9.395082015715976e-07
2243,4,2.837102756622471e-07
2244,3,1.0155601e-06
2245,3,1.0079663e-06
2246,3,1.0009941e-06
2247,3,9.9669318e-07
2248,3,9.9656692e-07
2249,3,1.0006693e-06
2250,3,1.0078767e-06
2251,3,1.0149624e-06
2252,4,2.832461938644195e-07
2253,4,9.380451656921488e-07
2254,4,1.2118128e-07
2255,4,1.2358496e-07
2256,5,7.009947e-08
2257,5,1.1537539e-07
2258,4,1.2327252e-07
2259,4,1.0820885e-06
2260,4,7.633700356477733e-07
2261,4,4.182683188152373e-07
2262,3,1.2555197262305908e-07
2263,3,3.1118195450530783e-08
2264,3,3.108932721480822e-08
2265,3,1.2527635167112805e-07
2266,4,4.1860885097958e-07
2267,4,7.628515187862949e-07
2268,4,1.076385e-06
2269,4,1.2075059e-07
2270,5,1.728189e-07
2271,5,7.1178936e-08
2272,5,7.2219216e-08
2273,5,1.5313603e-07
2274,4,1.3094556e-07
2275,4,1.280881e-07
2276,4,1.0107839e-06
2277,4,9.7262279e-07
2278,4,9.7233174e-07
2279,4,1.0079713e-06
2280,4,1.1998769e-07
2281,4,1.2938901e-07
2282,4,1.2917677e-07
2283,5,1.2595833e-07
2284,5,6.7974197e-08
2285,5,1.3233951e-07
2286,5,1.1332811e-07
2287,4,1.2744468e-07
2288,4,1.2876021e-07
2289,4,1.2280268e-07
2290,5,1.5785044e-07
2291,5,1.1325423e-07
2292,5,1.0262736e-07
2293,5,1.2451882e-07
2294,5,1.2615732e-07
2295,5,1.1987867e-07
2296,5,6.5102096e-08
2297,5,7.5894297e-08
2298,5,1.5572477e-07
2299,4,1.2699146e-07
2300,4,1.0078566e-06
2301,4,9.7128749e-07
2302,4,9.7112723e-07
2303,4,1.0058732e-06
2304,4,1.1875038e-07
2305,5,1.2383736e-07
2306,5,1.2639268e-07
2307,5,1.4584977e-07
2308,4,1.0793172e-06
2309,4,7.625285489849939e-07
2310,4,4.182942370480176e-07
2311,3,1.251676150796087e-07
2312,3,3.088625383220027e-08
2313,3,3.084448827985358e-08
2314,3,1.249070284408053e-07
2315,4,4.186156094125131e-07
2316,4,7.638965364876154e-07
2317,4,1.0799231e-06
2318,4,1.1353674e-07
2319,5,9.1085664e-08
2320,5,8.3561927e-08
2321,4,1.1763458e-07
2322,4,9.395349210136436e-07
2323,4,2.833171174359444e-07
2324,3,1.0147442e-06
2325,3,1.0073935e-06
2326,3,1.0001886e-06
2327,3,9.959305e-07
2328,3,9.9591064e-07
2329,3,1.0002042e-06
2330,3,1.0078995e-06
2331,3,1.0154127e-06
2332,4,2.833122626881375e-07
2333,4,9.367845106065592e-07
2334,4,1.238351e-07
2335,5,1.3793287e-07
2336,4,1.1590241e-07
2337,4,7.570126952444732e-07
2338,3,3.540506447952436e-08
2339,3,1.0120385e-06
2340,3,1.0111949e-06
2341,3,1.0071201e-06
2342,3,8.441904479701305e-07
2343,3,6.85632537383208e-07
2344,3,6.855953881974336e-07
2345,3,8.441028817705208e-07
2346,3,1.007279e-06
2347,3,1.01129e-06
2348,3,1.0116381e-06
2349,3,3.5172274020339445e-08
2350,4,7.557000593443847e-07
2351,4,1.1404158e-07
2352,5,1.146792e-07
2353,5,1.4842149e-07
2354,4,9.413621751315964e-07
2355,3,3.5878379240845445e-08
2356,3,1.0079206e-06
2357,3,1.0094682e-06
2358,3,7.068681444087948e-07
2359,3,2.201418455448753e-07
2360,3,1.0035914e-06
2361,3,1.0018688e-06
2362,3,1.0018677e-06
2363,3,1.0035888e-06
2364,3,2.200014057741595e-07
2365,3,7.066736465874532e-07
2366,3,1.0090682e-06
2367,3,1.007086e-06
2368,3,3.5628797856219224e-08
2369,4,9.407422147747032e-07
2370,4,1.237865e-07
2371,5,7.2696545e-08
2372,5,7.700462e-08
2373,4,1.0783846e-06
2374,4,2.835414793765254e-07
2375,3,1.0125007e-06
2376,3,1.0096119e-06
2377,3,5.502646242413505e-07
2378,3,1.0071976e-06
2379,3,1.0054433e-06
2380,3,1.0036995e-06
2381,3,1.0026056e-06
2382,3,1.0025949e-06
2383,3,1.0036636e-06
2384,3,1.0053715e-06
2385,3,1.0070384e-06
2386,3,5.499934993273836e-07
2387,3,1.0092344e-06
2388,3,1.0122229e-06
2389,4,2.834291058554325e-07
2390,4,1.0809766e-06
2391,5,1.5204073e-07
2392,5,1.562104e-07
2393,4,7.619582490662134e-07
2394,3,1.0147259e-06
2395,3,1.0113839e-06
2396,3,7.070550730096101e-07
2397,3,1.0072643e-06
2398,3,1.0059174e-06
2399,3,1.0045296e-06
2400,3,1.0033353e-06
2401,3,1.0026427e-06
2402,3,1.0026307e-06
2403,3,1.0032966e-06
2404,3,1.0044594e-06
2405,3,1.005795e-06
2406,3,1.0071058e-06
2407,3,7.067425554584287e-07
2408,3,1.0113445e-06
2409,3,1.0150151e-06
2410,4,7.621167089563563e-07
2411,4,1.3040962e-07
2412,5,6.9611838e-08
2413,4,1.2678738e-07
2414,4,4.1869588526056635e-07
2415,3,1.0076022e-06
2416,3,1.0073606e-06
2417,3,2.2035653246356355e-07
2418,3,1.0055828e-06
2419,3,1.0045987e-06
2420,3,1.0036171e-06
2421,3,1.0028294e-06
2422,3,1.0023992e-06
2423,3,1.0023882e-06
2424,3,1.0027947e-06
2425,3,1.0035565e-06
2426,3,1.0045121e-06
2427,3,1.0055013e-06
2428,3,2.2010616088984734e-07
2429,3,1.0074208e-06
2430,3,1.0078199e-06
2431,4,4.184785221679035e-07
2432,4,1.2860316e-07
2433,5,1.3739737e-07
2434,5,1.0254256e-07
2435,4,1.0087182e-06
2436,3,1.260896175021672e-07
2437,3,1.0008015e-06
2438,3,8.44845928833567e-07
2439,3,1.003906e-06
2440,3,1.0038996e-06
2441,3,1.0034552e-06
2442,3,1.0028766e-06
2443,3,1.0024021e-06
2444,3,1.0021341e-06
2445,3,1.0021275e-06
2446,3,1.0023826e-06
2447,3,1.0028462e-06
2448,3,1.0034226e-06
2449,3,1.0039012e-06
2450,3,1.0039851e-06
2451,3,8.447192483077495e-07
2452,3,1.0011625e-06
2453,3,1.261159248658104e-07
2454,4,1.0106951e-06
2455,5,1.1235142e-07
2456,5,1.2543191e-07
2457,4,9.7416043e-07
2458,3,3.22801960330654e-08
2459,3,9.9700846e-07
2460,3,6.864282140542519e-07
2461,3,1.0022959e-06
2462,3,1.0028667e-06
2463,3,1.002797e-06
2464,3,1.0024763e-06
2465,3,1.002162e-06
2466,3,1.0019753e-06
2467,3,1.0019735e-06
2468,3,1.0021575e-06
2469,3,1.0024719e-06
2470,3,1.0027988e-06
2471,3,1.002891e-06
2472,3,1.002355e-06
2473,3,6.863172409895387e-07
2474,3,9.9724206e-07
2475,3,3.219995899431328e-08
2476,4,9.7457254e-07
2477,4,1.2766276e-07
2478,5,1.2636404e-07
2479,4,9.74158e-07
2480,3,3.2232851505359415e-08
2481,3,9.9704287e-07
2482,3,6.863897802867068e-07
2483,3,1.0022874e-06
2484,3,1.0028538e-06
2485,3,1.0027843e-06
2486,3,1.0024714e-06
2487,3,1.0021633e-06
2488,3,1.0019819e-06
2489,3,1.0019845e-06
2490,3,1.0021724e-06
2491,3,1.0024899e-06
2492,3,1.0028186e-06
2493,3,1.0029053e-06
2494,3,1.0023579e-06
2495,3,6.863381725949012e-07
2496,3,9.9709995e-07
2497,3,3.21944230722683e-08
2498,4,9.7388803e-07
2499,4,1.2905253e-07
2500,5,1.2005895e-07
2501,4,1.0092921e-06
2502,3,1.260011307753103e-07
2503,3,1.0009071e-06
2504,3,8.447376323573552e-07
2505,3,1.0038657e-06
2506,3,1.0038569e-06
2507,3,1.0034193e-06
2508,3,1.0028636e-06
2509,3,1.0024075e-06
2510,3,1.0021548e-06
2511,3,1.0021607e-06
2512,3,1.0024268e-06
2513,3,1.0028989e-06
2514,3,1.0034773e-06
2515,3,1.0039254e-06
2516,3,1.0039395e-06
2517,3,8.447440585665942e-07
2518,3,1.0008418e-06
2519,3,1.2597796176272697e-07
2520,4,1.0082062e-06
2521,4,1.2303641e-07
2522,5,6.4490653e-08
2523,4,1.1859821e-07
2524,4,4.187094366635058e-07
2525,3,1.00771e-06
2526,3,1.0073086e-06
2527,3,2.202300142300777e-07
2528,3,1.0054778e-06
2529,3,1.0045397e-06
2530,3,1.0035959e-06
2531,3,1.0028424e-06
2532,3,1.002437e-06
2533,3,1.0024447e-06
2534,3,1.0028671e-06
2535,3,1.003645e-06
2536,3,1.0046182e-06
2537,3,1.0055802e-06
2538,3,2.2024798909389306e-07
2539,3,1.0073565e-06
2540,3,1.0076224e-06
2541,4,4.1864444279632004e-07
2542,4,1.1993089e-07
2543,5,1.5939369e-07
2544,5,1.2382926e-07
2545,4,7.621271932165296e-07
2546,3,1.014655e-06
2547,3,1.0111215e-06
2548,3,7.068194975014408e-07
2549,3,1.007079e-06
2550,3,1.005838e-06
2551,3,1.0045084e-06
2552,3,1.0033682e-06
2553,3,1.0027052e-06
2554,3,1.002712e-06
2555,3,1.0033931e-06
2556,3,1.0045623e-06
2557,3,1.0059238e-06
2558,3,1.0072229e-06
2559,3,7.069232787561032e-07
2560,3,1.0112531e-06
2561,3,1.0146511e-06
2562,4,7.618215998239657e-07
2563,4,1.2879661e-07
2564,5,1.1048496e-07
2565,5,1.2112069e-07
2566,4,1.076207e-06
2567,4,2.829448566010123e-07
2568,3,1.011806e-06
2569,3,1.0091439e-06
2570,3,5.501721166135989e-07
2571,3,1.0071136e-06
2572,3,1.0054504e-06
2573,3,1.0037774e-06
2574,3,1.0027034e-06
2575,3,1.0027021e-06
2576,3,1.0037762e-06
2577,3,1.0054812e-06
2578,3,1.0071929e-06
2579,3,5.502755326911974e-07
2580,3,1.0094363e-06
2581,3,1.012117e-06
2582,4,2.832878487024218e-07
2583,4,1.0804173e-06
2584,4,1.3011007e-07
2585,4,1.1662592e-07
2586,4,9.407297203876744e-07
2587,3,3.528820960398851e-08
2588,3,1.0072367e-06
2589,3,1.0091735e-06
2590,3,7.06940534287854e-07
2591,3,2.202242046694837e-07
2592,3,1.0037588e-06
2593,3,1.0020241e-06
2594,3,1.002002e-06
2595,3,1.0036996e-06
2596,3,2.2028006716322398e-07
2597,3,7.070023070820981e-07
2598,3,1.0093584e-06
2599,3,1.007713e-06
2600,3,3.5231166391006164e-08
2601,4,9.377738034306494e-07
2602,4,1.2089058e-07
2603,5,1.2405442e-07
2604,5,9.4828386e-08
2605,4,1.2417982e-07
2606,4,7.55977712181587e-07
2607,3,3.5701013980220266e-08
2608,3,1.01177e-06
2609,3,1.0112884e-06
2610,3,1.0072924e-06
2611,3,8.443705339561756e-07
2612,3,6.85766259939534e-07
2613,3,6.857536662423007e-07
2614,3,8.443171196047236e-07
2615,3,1.0070837e-06
2616,3,1.0110308e-06
2617,3,1.0118027e-06
2618,3,3.572517925678325e-08
2619,4,7.5847014110423e-07
2620,4,1.207365e-07
2621,5,1.7150742e-07
2622,5,1.3689117e-07
2623,4,1.1424618e-07
2624,4,9.374095588894248e-07
2625,4,2.834776842471957e-07
2626,3,1.0152671e-06
2627,3,1.0077761e-06
2628,3,1.0006714e-06
2629,3,9.9642255e-07
2630,3,9.9631535e-07
2631,3,1.0003571e-06
2632,3,1.0073515e-06
2633,3,1.0143267e-06
2634,4,2.8320779215889014e-07
2635,4,9.381757221568892e-07
2636,4,1.2133104e-07
2637,4,1.2375433e-07
2638,5,7.1297791e-08
2639,5,1.1390445e-07
2640,4,1.2224338e-07
2641,4,1.0790111e-06
2642,4,7.640048889515385e-07
2643,4,4.18488284183705e-07
2644,3,1.252423793654471e-07
2645,3,3.0882394211691796e-08
2646,3,3.088068092856215e-08
2647,3,1.251518075626529e-07
2648,4,4.184195811042534e-07
2649,4,7.625280753391567e-07
2650,4,1.0746936e-06
2651,4,1.205743e-07
2652,5,1.7148292e-07
2653,5,7.1959883e-08
2654,5,7.3316645e-08
2655,5,1.5067192e-07
2656,4,1.3128303e-07
2657,4,1.2868193e-07
2658,4,1.0088511e-06
2659,4,9.7213222e-07
2660,4,9.7210878e-07
2661,4,1.0077077e-06
2662,4,1.1996945e-07
2663,4,1.2939273e-07
2664,4,1.2799031e-07
2665,5,1.267117e-07
2666,5,7.0233233e-08
2667,5,1.3519498e-07
2668,5,1.124118e-07
2669,4,1.2726151e-07
2670,4,1.2865034e-07
2671,4,1.2262799e-07
2672,5,1.5792353e-07
2673,5,1.1360804e-07
2674,5,1.0409211e-07
2675,8,1.24702e-07
2676,8,1.2621887e-07
2677,5,1.1961222e-07
2678,8,6.3967267e-08
2679,5,7.4063105e-08
2680,8,1.5486864e-07
2681,4,1.2605499e-07
2682,7,1.4149186682652234e-09
2683,7,9.7167102e-07
2684,7,9.7139594e-07
2685,7,1.3566113015784e-09
2686,4,1.1890538e-07
2687,4,1.2303095e-07
2688,8,1.2393822e-07
2689,5,1.445923e-07
2690,7,1.3573451347923308e-08
2691,7,1.2977156607414963e-09
2692,7,1.9694843338579453e-09
2693,6,1.2515283484870474e-07
2694,6,3.0810305077527295e-08
2695,6,3.0773972327690894e-08
2696,6,1.2492965129692504e-07
2697,7,2.0857999494433756e-09
2698,7,1.162183818509237e-09
2699,7,1.3540630510144814e-08
2700,4,1.1467902e-07
2701,8,8.9570818e-08
2702,8,8.4292945e-08
2703,7,1.1945036e-07
2704,7,1.3719330694928428e-08
2705,7,2.833467397769791e-07
2706,6,2.5120786198215614e-09
2707,6,1.207126334435319e-09
2708,6,9.17843193522632e-13
2709,6,9.9591257e-07
2710,6,9.9588784e-07
2711,6,5.4872562722393036e-11
2712,6,1.284791713303662e-09
2713,6,2.438875828586317e-09
2714,7,2.831720526725695e-07
2715,7,1.3493465081351382e-08
2716,4,1.2373536e-07
2717,5,1.3836043e-07
2718,4,1.1971155e-07
2719,7,6.693367033936406e-09
2720,6,3.5422813119186524e-08
2721,6,1.9740113812273402e-09
2722,6,1.815245017548881e-09
2723,6,1.115114965413337e-09
2724,6,3.1376028554558857e-10
2725,6,6.856701008474317e-07
2726,6,6.856364642959513e-07
2727,6,3.3574815092049965e-10
2728,6,1.1260440175363502e-09
2729,6,1.7464423558468301e-09
2730,6,1.7886748050139491e-09
2731,6,3.5280845296198776e-08
2732,7,5.9283628516650725e-09
2733,4,1.1393178e-07
2734,5,1.121917e-07
2735,8,1.4412929e-07
2736,7,1.4499513218220846e-08
2737,6,3.5914173588824633e-08
2738,6,1.2444898064365687e-09
2739,6,1.4817429291009787e-09
2740,6,9.536544103443583e-10
2741,6,2.1348810319748467e-10
2742,6,5.325427585340188e-10
2743,6,2.6225086386166736e-10
2744,6,2.653882336324668e-10
2745,6,5.350158909266275e-10
2746,6,2.0935402759442707e-10
2747,6,9.035844428919687e-10
2748,6,1.333580650264869e-09
2749,6,1.0016824442098107e-09
2750,6,3.577064254791655e-08
2751,7,1.4053684144772666e-08
2752,4,1.2358689e-07
2753,5,7.3203802e-08
2754,8,7.6096283e-08
2755,7,1.3446361688360642e-08
2756,7,2.834726581605359e-07
2757,6,2.0336131125061513e-09
2758,6,1.4911970627404059e-09
2759,6,7.11926079368283e-10
2760,6,1.109819023898174e-09
2761,6,8.481420769948883e-10
2762,6,5.868845164934153e-10
2763,6,4.229736157654054e-10
2764,6,4.212874597592321e-10
2765,6,5.762258267808936e-10
2766,6,8.182379832617293e-10
2767,6,1.0410746702950815e-09
2768,6,6.491324942328484e-10
2769,6,1.3316197247656363e-09
2770,6,1.8514122467688958e-09
2771,7,2.83570451657035e-07
2772,7,1.4331221812812904e-08
2773,5,1.5346481e-07
2774,5,1.5472245e-07
2775,7,9.255280550088715e-10
2776,6,2.411449267171786e-09
2777,6,1.8106438939248655e-09
2778,6,9.595317197164614e-10
2779,6,1.1185405987901478e-09
2780,6,9.342970284353746e-10
2781,6,7.487488244354775e-10
2782,6,5.854179330658993e-10
2783,6,4.859559496897844e-10
2784,6,4.818814887134498e-10
2785,6,5.702994237063907e-10
2786,6,7.152808351951698e-10
2787,6,8.713569951994935e-10
2788,6,1.0235367883522791e-09
2789,6,8.704026069929825e-10
2790,6,1.6737854778031059e-09
2791,6,2.3326824006042354e-09
2792,7,1.047426130741789e-09
2793,4,1.307242e-07
2794,5,6.970806e-08
2795,4,1.2703831e-07
2796,7,1.989569291830449e-09
2797,6,1.238996197817381e-09
2798,6,1.1533222466175621e-09
2799,6,2.2114815380415867e-10
2800,6,8.73429521892461e-10
2801,6,7.628080548282336e-10
2802,6,6.562761595119867e-10
2803,6,5.548296722146542e-10
2804,6,4.911121386787795e-10
2805,6,4.861363726557915e-10
2806,6,5.371760522896141e-10
2807,6,6.211529980858035e-10
2808,6,7.052633326981778e-10
2809,6,7.895905965433862e-10
2810,6,1.9615921332059908e-10
2811,6,1.0189535956348891e-09
2812,6,1.1093690752286184e-09
2813,7,1.9450125518212603e-09
2814,4,1.2850245e-07
2815,8,1.3507057e-07
2816,5,1.0293484e-07
2817,7,1.863365324622252e-09
2818,6,1.2601362692121776e-07
2819,6,1.5754659795412488e-10
2820,6,3.9947751767292816e-10
2821,6,5.986287554434395e-10
2822,6,6.296730387696097e-10
2823,6,6.125159122497382e-10
2824,6,5.665553109916073e-10
2825,6,5.066400793894309e-10
2826,6,4.694822338997193e-10
2827,6,4.641067759722498e-10
2828,6,4.894423882144211e-10
2829,6,5.333854822346218e-10
2830,6,5.589689209522772e-10
2831,6,5.528847596566467e-10
2832,6,4.97423647404742e-10
2833,6,2.908904011412446e-10
2834,6,6.043274924503836e-12
2835,6,1.2609920354230497e-07
2836,7,1.7354688546492256e-09
2837,5,1.1314095e-07
2838,8,1.2530836e-07
2839,7,9.7445849e-07
2840,6,3.2182794390544225e-08
2841,6,9.9694749e-07
2842,6,5.026013170789947e-11
2843,6,3.5456795666581156e-10
2844,6,4.82799597989866e-10
2845,6,5.235809726228815e-10
2846,6,5.118521436515814e-10
2847,6,4.776466897536831e-10
2848,6,4.5369980465332256e-10
2849,6,4.4825837957671744e-10
2850,6,4.5996817138426714e-10
2851,6,4.778399528420752e-10
2852,6,4.68219004320897e-10
2853,6,3.991803303342092e-10
2854,6,2.3497647901013057e-10
2855,6,6.863951479253359e-07
2856,6,9.9718657e-07
2857,6,3.2145858566644736e-08
2858,7,9.7472618e-07
2859,4,1.2779428e-07
2860,8,1.2661641e-07
2861,7,9.7462149e-07
2862,6,3.2153730420412195e-08
2863,6,9.9699893e-07
2864,6,5.8047799019360044e-11
2865,6,3.6181237044241815e-10
2866,6,4.870747570361727e-10
2867,6,5.251172481896011e-10
2868,6,5.118018956649607e-10
2869,6,4.769957063782071e-10
2870,6,4.52581808036934e-10
2871,6,4.4690689427113656e-10
2872,6,4.584161685029064e-10
2873,6,4.760868964192984e-10
2874,6,4.6491171139400573e-10
2875,6,3.931004383167382e-10
2876,6,2.2357466663206249e-10
2877,6,6.864147872029702e-07
2878,6,9.970542e-07
2879,6,3.21296355531303e-08
2880,7,9.7399994e-07
2881,4,1.2888388e-07
2882,8,1.200402e-07
2883,7,2.09752304180793e-09
2884,6,1.2604098930341585e-07
2885,6,2.0879490057371967e-10
2886,6,4.2881445181448417e-10
2887,6,6.202173796568556e-10
2888,6,6.41253737146701e-10
2889,6,6.150386253964185e-10
2890,6,5.656364217099667e-10
2891,6,5.035848170232494e-10
2892,6,4.650259304508039e-10
2893,6,4.5896646469675837e-10
2894,6,4.83766669738428e-10
2895,6,5.261702407736825e-10
2896,6,5.468705355152853e-10
2897,6,5.318769700873941e-10
2898,6,4.583085359046346e-10
2899,6,2.3515867391625736e-10
2900,6,1.0007801e-06
2901,6,1.2596999184600296e-07
2902,7,1.2919496698151982e-09
2903,4,1.2291998e-07
2904,8,6.3537076e-08
2905,4,1.1853364e-07
2906,7,2.0385943929378527e-09
2907,6,1.324602465102928e-09
2908,6,1.2051164791447282e-09
2909,6,2.2715713779873714e-10
2910,6,8.840540391085684e-10
2911,6,7.616721412820468e-10
2912,6,6.50076793380879e-10
2913,6,5.45159794016532e-10
2914,6,4.797259308180987e-10
2915,6,4.728804050246471e-10
2916,6,5.232141747765996e-10
2917,6,6.064129381402556e-10
2918,6,6.865650534082386e-10
2919,6,7.583850155889248e-10
2920,6,1.8431117140275527e-10
2921,6,9.336369350540647e-10
2922,6,9.955513522816528e-10
2923,7,1.8861443277710096e-09
2924,4,1.1992436e-07
2925,5,1.5909492e-07
2926,5,1.2411525e-07
2927,7,1.1483396272616275e-09
2928,6,2.524667276624038e-09
2929,6,1.866632159402979e-09
2930,6,9.791922673294536e-10
2931,6,1.1217285254068386e-09
2932,6,9.252308832974076e-10
2933,6,7.32950305039391e-10
2934,6,5.658378710019583e-10
2935,6,4.626941632038103e-10
2936,6,4.5512922114432817e-10
2937,6,5.416289084472265e-10
2938,6,6.848639383391811e-10
2939,6,8.401072582004258e-10
2940,6,9.793991898835134e-10
2941,6,8.158779815873732e-10
2942,6,1.5297344014196783e-09
2943,6,2.1531665249368403e-09
2944,7,9.987116430439556e-10
2945,4,1.2881384e-07
2946,5,1.1101105e-07
2947,8,1.2042038e-07
2948,7,1.3286369010158436e-08
2949,7,2.829007960244274e-07
2950,6,2.062850882082783e-09
2951,6,1.5110562003673627e-09
2952,6,7.05209172568722e-10
2953,6,1.0804531949890202e-09
2954,6,8.117110709821585e-10
2955,6,5.509911082258154e-10
2956,6,3.808597527874818e-10
2957,6,3.711748915195416e-10
2958,6,5.210139454155357e-10
2959,6,7.600034227747528e-10
2960,6,9.920639383218323e-10
2961,6,6.211931117820771e-10
2962,6,1.2248781357341003e-09
2963,6,1.560700804242978e-09
2964,7,2.833102998300057e-07
2965,7,1.3564832179882649e-08
2966,4,1.2925693e-07
2967,4,1.1706154e-07
2968,7,1.455049886988503e-08
2969,6,3.53070572842382e-08
2970,6,1.2592679519476531e-09
2971,6,1.437739670532962e-09
2972,6,9.058615034632276e-10
2973,6,1.9862001964625695e-10
2974,6,4.778852366272827e-10
2975,6,1.9597423563442224e-10
2976,6,1.8222412422389344e-10
2977,6,4.378747500883151e-10
2978,6,1.8496990534261736e-10
2979,6,8.43413637351609e-10
2980,6,1.2957818693984063e-09
2981,6,9.436822670105223e-10
2982,6,3.543457833647674e-08
2983,7,1.29681344333908e-08
2984,4,1.2148734e-07
2985,5,1.2695653e-07
2986,8,9.1834595e-08
2987,4,1.2417221e-07
2988,7,6.699969752094138e-09
2989,6,3.5650127825298686e-08
2990,6,1.874485308362142e-09
2991,6,1.6907535045158003e-09
2992,6,1.0060143714575443e-09
2993,6,2.521847617063934e-10
2994,6,6.85778218764024e-07
2995,6,6.857804722791223e-07
2996,6,1.9912805724564103e-10
2997,6,9.169941484780555e-10
2998,6,1.5867078677311923e-09
2999,6,1.7895807967546975e-09
3000,6,3.596300446135476e-08
3001,7,6.026481593486747e-09
3002,4,1.2059015e-07
3003,5,1.7336958e-07
3004,8,1.3775016e-07
3005,4,1.1504798e-07
3006,7,1.37627697471472e-08
3007,7,2.835091492633611e-07
3008,6,2.3032540597833355e-09
3009,6,1.0513284484049034e-09
3010,6,1.0005146e-06
3011,6,9.9630775e-07
3012,6,9.9621808e-07
3013,6,1.0002455e-06
3014,6,9.020312146351377e-10
3015,6,2.0968524696599116e-09
3016,7,2.834918035837501e-07
3017,7,1.3893516270903009e-08
3018,4,1.2104641e-07
3019,4,1.2333867e-07
3020,8,7.2884228e-08
3021,8,1.2003575e-07
3022,4,1.2208694e-07
3023,7,1.3123026129577664e-08
3024,7,1.075860762829361e-09
3025,7,1.8685486388515824e-09
3026,6,1.2520273097672882e-07
3027,6,3.0793284620297e-08
3028,6,3.080460181025251e-08
3029,6,1.2520279959387518e-07
3030,7,1.7747956973747663e-09
3031,7,6.993506696727551e-10
3032,7,1.2952038606776632e-08
3033,4,1.2118674e-07
3034,5,1.7259256e-07
3035,8,7.125382e-08
3036,5,7.3044083e-08
3037,5,1.5206155e-07
3038,4,1.3132211e-07
3039,4,1.2847904e-07
3040,7,1.7513499862110811e-09
3041,7,9.7231931e-07
3042,7,9.7231631e-07
3043,7,1.390356293769662e-09
3044,4,1.1985212e-07
3045,4,1.291774e-07
3046,4,1.2829744e-07
3047,5,1.2811961e-07
3048,5,6.9498463e-08
3049,5,1.3288807e-07
3050,5,1.1228253e-07
3051,4,1.2738318e-07
3052,4,1.2864894e-07
3053,4,1.2315889e-07
3054,5,1.6007328e-07
3055,8,1.1411567e-07
3056,8,1.0266224e-07
3057,8,1.2494863e-07
3058,8,1.261713965985043e-07
3059,8,1.19584e-07
3060,8,6.3064074e-08
3061,8,7.8711145e-08
3062,8,1.5126661198075813e-07
3063,7,1.2664999053432522e-07
3064,7,1.0073069337838283e-06
3065,7,9.7202836e-07
3066,7,9.7190359e-07
3067,7,1.0062561223998642e-06
3068,7,1.1859476e-07
3069,8,1.2370604e-07
3070,8,1.2003669e-07
3071,8,1.4075343663387174e-07
3072,7,1.0666908360063755e-06
3073,7,7.63617521153907e-07
3074,7,4.176213595222501e-07
3075,6,1.2633541452839677e-07
3076,6,3.2016064434005886e-08
3077,6,3.2000100789425834e-08
3078,6,1.261861943174467e-07
3079,7,4.179542322532479e-07
3080,7,7.628201130698193e-07
3081,7,1.065447289446215e-06
3082,7,1.1799929e-07
3083,8,8.9628396e-08
3084,8,8.3514417e-08
3085,7,1.1945346e-07
3086,7,9.259392399348952e-07
3087,7,2.8473606462431565e-07
3088,6,1.0124695785543568e-06
3089,6,1.0062052789441329e-06
3090,6,1.0001934e-06
3091,6,9.9601103e-07
3092,6,9.959868e-07
3093,6,1.0001488e-06
3094,6,1.0063538873307964e-06
3095,6,1.0123249752772655e-06
3096,7,2.846023546843369e-07
3097,7,9.27540994756856e-07
3098,7,1.22718975069234e-07
3099,8,1.3615559819503904e-07
3100,7,1.1851865e-07
3101,7,7.517098589993114e-07
3102,6,3.6777653001527384e-08
3103,6,1.009706716356301e-06
3104,6,1.0091752647666564e-06
3105,6,1.0058387236417832e-06
3106,6,8.461389601846017e-07
3107,6,6.878229674785488e-07
3108,6,6.877964430068427e-07
3109,6,8.46083958087687e-07
3110,6,1.0058733999143208e-06
3111,6,1.009124623811354e-06
3112,6,1.00969596532058e-06
3113,6,3.6687500052784695e-08
3114,7,7.510937167914461e-07
3115,7,1.1447088e-07
3116,8,1.1817121e-07
3117,8,1.4213316537452788e-07
3118,7,9.264777796463948e-07
3119,6,3.702609438304914e-08
3120,6,1.005841653671866e-06
3121,6,1.0074555044947742e-06
3122,6,7.085513507791403e-07
3123,6,2.2261977970898374e-07
3124,6,1.0029950141849408e-06
3125,6,1.0016155801409957e-06
3126,6,1.0016153076876449e-06
3127,6,1.0029726411109477e-06
3128,6,2.225048658525803e-07
3129,6,7.083615975767986e-07
3130,6,1.0073396485630682e-06
3131,6,1.0056981304707732e-06
3132,6,3.6962063005203774e-08
3133,7,9.262729636651892e-07
3134,7,1.222661807524248e-07
3135,8,7.339615e-08
3136,8,7.6304467e-08
3137,7,1.0666471695016794e-06
3138,7,2.84653041455741e-07
3139,6,1.0097242936522266e-06
3140,6,1.0074585428222357e-06
3141,6,5.523121953345531e-07
3142,6,1.0058187079113892e-06
3143,6,1.0045147052607855e-06
3144,6,1.00317993285591e-06
3145,6,1.0023350037032366e-06
3146,6,1.0023258782705834e-06
3147,6,1.0031452579060709e-06
3148,6,1.0044554008303018e-06
3149,6,1.005718414800913e-06
3150,6,5.520650816353583e-07
3151,6,1.007309785646276e-06
3152,6,1.0095639764266518e-06
3153,7,2.845379743458304e-07
3154,7,1.0658386356922937e-06
3155,8,1.4568794428390814e-07
3156,8,1.499394464449945e-07
3157,7,7.622475658323216e-07
3158,6,1.0119277624039855e-06
3159,6,1.0090572592846612e-06
3160,6,7.086824808813695e-07
3161,6,1.0058498593691415e-06
3162,6,1.0049081432743056e-06
3163,6,1.0039256594382468e-06
3164,6,1.003052924547491e-06
3165,6,1.002526276500923e-06
3166,6,1.0025159119485758e-06
3167,6,1.0030188099364e-06
3168,6,1.003864455352104e-06
3169,6,1.0048156398160315e-06
3170,6,1.00573942429761e-06
3171,6,7.083863604484756e-07
3172,6,1.008946487819302e-06
3173,6,1.011822270346945e-06
3174,7,7.618509101330033e-07
3175,7,1.2706213805018334e-07
3176,8,6.7732136e-08
3177,7,1.2661704513609533e-07
3178,7,4.1777798695623654e-07
3179,6,1.0060928319797149e-06
3180,6,1.0058862118191052e-06
3181,6,2.2282714488307397e-07
3182,6,1.0045957745749687e-06
3183,6,1.0039753961618129e-06
3184,6,1.003351926896157e-06
3185,6,1.002787285594424e-06
3186,6,1.0024482965536152e-06
3187,6,1.0024404771137435e-06
3188,6,1.0027600726862165e-06
3189,6,1.0033018999533286e-06
3190,6,1.0039094928199577e-06
3191,6,1.004528071953068e-06
3192,6,2.226219001772901e-07
3193,6,1.0058407977832864e-06
3194,6,1.006119020451843e-06
3195,7,4.1781813514648633e-07
3196,7,1.257750684860883e-07
3197,8,1.375861457215369e-07
3198,8,1.0397156e-07
3199,7,1.0089493623707585e-06
3200,6,1.272566673399508e-07
3201,6,1.000659e-06
3202,6,8.466955309785897e-07
3203,6,1.0032060184212106e-06
3204,6,1.0033286390831911e-06
3205,6,1.0031506375535125e-06
3206,6,1.0028322456184775e-06
3207,6,1.0024866937720058e-06
3208,6,1.002268122947974e-06
3209,6,1.0022615660712935e-06
3210,6,1.0024661340373293e-06
3211,6,1.0028000978959802e-06
3212,6,1.0031175017507836e-06
3213,6,1.00330707275852e-06
3214,6,1.003219666880429e-06
3215,6,8.465288059068589e-07
3216,6,1.000798554588734e-06
3217,6,1.272666278014894e-07
3218,7,1.0086385334577068e-06
3219,8,1.1217748e-07
3220,8,1.2546366e-07
3221,7,9.7473748e-07
3222,6,3.3350130275345886e-08
3223,6,9.9695766e-07
3224,6,6.885577611886407e-07
3225,6,1.0019484056215014e-06
3226,6,1.0025491832908471e-06
3227,6,1.0026613715761398e-06
3228,6,1.002521522174448e-06
3229,6,1.0022941722163796e-06
3230,6,1.002133170709023e-06
3231,6,1.0021297940830624e-06
3232,6,1.002283936550146e-06
3233,6,1.0025044107846213e-06
3234,6,1.0026418933397896e-06
3235,6,1.0025281960968522e-06
3236,6,1.0019186287468322e-06
3237,6,6.884330229757873e-07
3238,6,9.9720861e-07
3239,6,3.334707212841156e-08
3240,7,9.7474352e-07
3241,7,1.250210824453556e-07
3242,8,1.2643355190421084e-07
3243,7,9.7488413e-07
3244,6,3.3330303943654606e-08
3245,6,9.969896e-07
3246,6,6.885310898767923e-07
3247,6,1.001954516599777e-06
3248,6,1.0025510784376602e-06
3249,6,1.0026602465191244e-06
3250,6,1.0025202748921798e-06
3251,6,1.0022950865599808e-06
3252,6,1.0021357149047829e-06
3253,6,1.0021347513912844e-06
3254,6,1.0022917559851971e-06
3255,6,1.0025136903452987e-06
3256,6,1.002648316753753e-06
3257,6,1.0025292136542429e-06
3258,6,1.0019071301817772e-06
3259,6,6.884453969664015e-07
3260,6,9.9711754e-07
3261,6,3.3347878577588064e-08
3262,7,9.7453808e-07
3263,7,1.2604792864646658e-07
3264,8,1.1993222e-07
3265,7,1.008956519609786e-06
3266,6,1.272444444119033e-07
3267,6,1.0007671e-06
3268,6,8.466446900162108e-07
3269,6,1.003229056525778e-06
3270,6,1.0033354680083845e-06
3271,6,1.0031441330395548e-06
3272,6,1.0028279348466427e-06
3273,6,1.0024870505934431e-06
3274,6,1.0022749516809378e-06
3275,6,1.0022759833613355e-06
3276,6,1.002488385738107e-06
3277,6,1.002825628324127e-06
3278,6,1.0031296943323113e-06
3279,6,1.0032979074898382e-06
3280,6,1.003156285421791e-06
3281,6,8.465386333671785e-07
3282,6,1.0005424451656004e-06
3283,6,1.2727429572920785e-07
3284,7,1.008303783189024e-06
3285,7,1.2148968774138686e-07
3286,8,6.377151e-08
3287,7,1.1862297e-07
3288,7,4.179071922933222e-07
3289,6,1.0062329242770691e-06
3290,6,1.0059461865154983e-06
3291,6,2.226886671964455e-07
3292,6,1.00458587287291e-06
3293,6,1.0039548323119905e-06
3294,6,1.0033376623025695e-06
3295,6,1.002783574986362e-06
3296,6,1.002455682315914e-06
3297,6,1.0024578083823936e-06
3298,6,1.0027849876455763e-06
3299,6,1.0033373350783726e-06
3300,6,1.0039411059605156e-06
3301,6,1.004533986418922e-06
3302,6,2.2276436529677842e-07
3303,6,1.0057252588305771e-06
3304,6,1.0059565887466348e-06
3305,7,4.177829528747108e-07
3306,7,1.1726766051405324e-07
3307,8,1.505464182798697e-07
3308,8,1.2458289e-07
3309,7,7.623728129285742e-07
3310,6,1.011962659907437e-06
3311,6,1.0090750651174266e-06
3312,6,7.084931902003529e-07
3313,6,1.0058160364049551e-06
3314,6,1.0048738937213885e-06
3315,6,1.0039060943969267e-06
3316,6,1.003050188367573e-06
3317,6,1.0025312865864337e-06
3318,6,1.0025321906268273e-06
3319,6,1.003048511022101e-06
3320,6,1.0039016599464156e-06
3321,6,1.0048556965900263e-06
3322,6,1.005753665768124e-06
3323,6,7.085231711188416e-07
3324,6,1.008761091881322e-06
3325,6,1.011562688989909e-06
3326,7,7.620176911850746e-07
3327,7,1.2611458401043898e-07
3328,8,1.1445972e-07
3329,8,1.1945278e-07
3330,7,1.0631267731255835e-06
3331,7,2.8417423268185245e-07
3332,6,1.0096582291408542e-06
3333,6,1.0074423218408032e-06
3334,6,5.52149320946803e-07
3335,6,1.0057693039783456e-06
3336,6,1.0044743504779307e-06
3337,6,1.003169196347819e-06
3338,6,1.002327134909012e-06
3339,6,1.0023215543426608e-06
3340,6,1.0031535386942998e-06
3341,6,1.0044581413893755e-06
3342,6,1.0057497931390151e-06
3343,6,5.522988671721557e-07
3344,6,1.0072906520791127e-06
3345,6,1.0092128234693164e-06
3346,7,2.844406906983262e-07
3347,7,1.0633970269157492e-06
3348,7,1.2594161131936056e-07
3349,7,1.1668126e-07
3350,7,9.266842006856002e-07
3351,6,3.65960358315139e-08
3352,6,1.0058525162270886e-06
3353,6,1.0073584750785207e-06
3354,6,7.084606455524411e-07
3355,6,2.2261237546590282e-07
3356,6,1.0029862281356949e-06
3357,6,1.0015895903776312e-06
3358,6,1.001568999332562e-06
3359,6,1.0029339462771471e-06
3360,6,2.22733102042023e-07
3361,6,7.085995486129623e-07
3362,6,1.007415993616682e-06
3363,6,1.0058959541351737e-06
3364,6,3.671936264558612e-08
3365,7,9.250823953772652e-07
3366,7,1.1825386836240181e-07
3367,8,1.2484293553161093e-07
3368,8,8.710366e-08
3369,7,1.226135978464472e-07
3370,7,7.515371230374806e-07
3371,6,3.6797740761279033e-08
3372,6,1.0094620333932709e-06
3373,6,1.0089750476371983e-06
3374,6,1.0057186868236705e-06
3375,6,8.461101895122169e-07
3376,6,6.878538618728123e-07
3377,6,6.878526541174576e-07
3378,6,8.46094574904639e-07
3379,6,1.005567752993524e-06
3380,6,1.0088655207836004e-06
3381,6,1.0097294211269496e-06
3382,6,3.729158610972274e-08
3383,7,7.528360507024717e-07
3384,7,1.1789688423316377e-07
3385,8,1.625892759263199e-07
3386,8,1.3512769113757677e-07
3387,7,1.1467726e-07
3388,7,9.255133748875957e-07
3389,7,2.846549813445325e-07
3390,6,1.0121455374031385e-06
3391,6,1.0060241708474512e-06
3392,6,1.0003421426134252e-06
3393,6,9.9627672e-07
3394,6,9.9620576e-07
3395,6,1.0000539341836958e-06
3396,6,1.005684360558789e-06
3397,6,1.0115822838056183e-06
3398,7,2.8494448832306544e-07
3399,7,9.2712270386441e-07
3400,7,1.1850469374199997e-07
3401,7,1.2239368186772576e-07
3402,8,7.2880534e-08
3403,8,1.1825712e-07
3404,7,1.2220155769680017e-07
3405,7,1.0663457815642658e-06
3406,7,7.631651990924989e-07
3407,7,4.173080720237509e-07
3408,6,1.2645735083735745e-07
3409,6,3.1997834573036754e-08
3410,6,3.200445477634925e-08
3411,6,1.2637988077031398e-07
3412,7,4.173460652722514e-07
3413,7,7.619277895194554e-07
3414,7,1.0660612569416689e-06
3415,7,1.1822540803410481e-07
3416,8,1.625898366210651e-07
3417,8,7.1766451e-08
3418,8,7.4224414e-08
3419,8,1.4632337708161866e-07
3420,7,1.2765046043476458e-07
3421,7,1.2527831305942525e-07
3422,7,1.0089558389544089e-06
3423,7,9.7254801e-07
3424,7,9.7234714e-07
3425,7,1.0071496374603391e-06
3426,7,1.1717764863842869e-07
3427,7,1.2551099773416346e-07
3428,7,1.2685112989120012e-07
3429,8,1.2429573724044866e-07
3430,8,6.9031587e-08
3431,8,1.301818651461181e-07
3432,8,1.1345829e-07
3433,7,1.247965348367373e-07
3434,7,1.257927675853871e-07
3435,7,1.2125684438274674e-07
3436,8,1.5024621301573018e-07
3437,8,1.1003389e-07
3438,8,1.0086816e-07
3439,8,1.2480523e-07
3440,8,1.2638171e-07
3441,8,1.2010859e-07
3442,8,6.5666739e-08
3443,8,7.5422095e-08
3444,8,1.5585203e-07
3445,7,1.2595453e-07
3446,7,1.0090171e-06
3447,7,9.7233084e-07
3448,7,9.7263048e-07
3449,7,1.0094746e-06
3450,7,1.1884415e-07
3451,8,1.2313154e-07
3452,8,1.2300577e-07
3453,8,1.45754e-07
3454,7,1.0804525e-06
3455,7,7.640054882941632e-07
3456,7,4.193627213196378e-07
3457,6,1.2635698814479486e-07
3458,6,3.1986343605096124e-08
3459,6,3.200259089085284e-08
3460,6,1.2637747058236578e-07
3461,7,4.1941814973126513e-07
3462,7,7.635116656528097e-07
3463,7,1.0795917e-06
3464,7,1.1789427e-07
3465,8,9.0776337e-08
3466,8,8.3482434e-08
3467,7,1.1755361e-07
3468,7,9.40646368029e-07
3469,7,2.848371209491901e-07
3470,6,1.0147895e-06
3471,6,1.0073376e-06
3472,6,1.0002879e-06
3473,6,9.9614232e-07
3474,6,9.9614321e-07
3475,6,1.0002427e-06
3476,6,1.0071832e-06
3477,6,1.0144426e-06
3478,7,2.846628153376634e-07
3479,7,9.415520946115032e-07
3480,7,1.2400062e-07
3481,8,1.3810885e-07
3482,7,1.174198e-07
3483,7,7.563927763601189e-07
3484,6,3.698233096781193e-08
3485,6,1.0114886e-06
3486,6,1.0109057e-06
3487,6,1.0069523e-06
3488,6,8.465052624452512e-07
3489,6,6.878570178446382e-07
3490,6,6.878405438873634e-07
3491,6,8.464295730515208e-07
3492,6,1.0068522e-06
3493,6,1.010777e-06
3494,6,1.0115994e-06
3495,6,3.672472898850792e-08
3496,7,7.571390602433383e-07
3497,7,1.1399263e-07
3498,8,1.1261766e-07
3499,8,1.4607521e-07
3500,7,9.400893380430796e-07
3501,6,3.7099456413576165e-08
3502,6,1.0065785e-06
3503,6,1.0087413e-06
3504,6,7.096237245908869e-07
3505,6,2.2294788125804097e-07
3506,6,1.0035808e-06
3507,6,1.0019332e-06
3508,6,1.0019193e-06
3509,6,1.003516e-06
3510,6,2.228536118574997e-07
3511,6,7.094519005362082e-07
3512,6,1.0087841e-06
3513,6,1.0068559e-06
3514,6,3.6984348001310976e-08
3515,7,9.399965138698888e-07
3516,7,1.231513e-07
3517,8,7.2251586e-08
3518,8,7.5104506e-08
3519,7,1.0784093e-06
3520,7,2.8466040707861054e-07
3521,6,1.0112557e-06
3522,6,1.008676e-06
3523,6,5.531709174372007e-07
3524,6,1.0069009e-06
3525,6,1.0053848e-06
3526,6,1.0038086e-06
3527,6,1.0028018e-06
3528,6,1.0027854e-06
3529,6,1.0037576e-06
3530,6,1.0053145e-06
3531,6,1.0068373e-06
3532,6,5.529659273848857e-07
3533,6,1.0087502e-06
3534,6,1.0113368e-06
3535,7,2.844933208576355e-07
3536,7,1.0790117e-06
3537,8,1.5193933e-07
3538,8,1.5530033e-07
3539,7,7.629236067439179e-07
3540,6,1.0140404e-06
3541,6,1.0106255e-06
3542,6,7.097203528444668e-07
3543,6,1.0069138e-06
3544,6,1.0058305e-06
3545,6,1.004683e-06
3546,6,1.0036586e-06
3547,6,1.0030371e-06
3548,6,1.0030245e-06
3549,6,1.0036211e-06
3550,6,1.0046317e-06
3551,6,1.005783e-06
3552,6,1.0068957e-06
3553,6,7.095316953915177e-07
3554,6,1.0106466e-06
3555,6,1.0139146e-06
3556,7,7.623703127986101e-07
3557,7,1.3029539e-07
3558,8,6.8420839e-08
3559,7,1.2562107e-07
3560,7,4.193403852863112e-07
3561,6,1.0070282e-06
3562,6,1.0068724e-06
3563,6,2.2314690253593815e-07
3564,6,1.0054382e-06
3565,6,1.004727e-06
3566,6,1.003996e-06
3567,6,1.003348e-06
3568,6,1.0029636e-06
3569,6,1.0029576e-06
3570,6,1.0033309e-06
3571,6,1.0039743e-06
3572,6,1.0047165e-06
3573,6,1.005465e-06
3574,6,2.2300976267240177e-07
3575,6,1.0070167e-06
3576,6,1.0073063e-06
3577,7,4.194695332036087e-07
3578,7,1.281412e-07
3579,8,1.3201142e-07
3580,8,1.0274119e-07
3581,7,1.0115553e-06
3582,6,1.272944849994639e-07
3583,6,1.0006775e-06
3584,6,8.470197094266489e-07
3585,6,1.0037491e-06
3586,6,1.0039372e-06
3587,6,1.0037493e-06
3588,6,1.0033927e-06
3589,6,1.0030213e-06
3590,6,1.0027851e-06
3591,6,1.0027836e-06
3592,6,1.0030178e-06
3593,6,1.0033987e-06
3594,6,1.0037848e-06
3595,6,1.0040276e-06
3596,6,1.0039352e-06
3597,6,8.471009325278757e-07
3598,6,1.0010931e-06
3599,6,1.2742278094815538e-07
3600,7,1.0128092e-06
3601,8,1.1311327e-07
3602,8,1.252759e-07
3603,7,9.7484368e-07
3604,6,3.3245437911319096e-08
3605,6,9.9692195e-07
3606,6,6.88525598459265e-07
3607,6,1.0022392e-06
3608,6,1.0030045e-06
3609,6,1.0031692e-06
3610,6,1.0030369e-06
3611,6,1.0028124e-06
3612,6,1.002644e-06
3613,6,1.0026496e-06
3614,6,1.0028284e-06
3615,6,1.003071e-06
3616,6,1.0032356e-06
3617,6,1.0031185e-06
3618,6,1.0024076e-06
3619,6,6.886222116596324e-07
3620,6,9.9727848e-07
3621,6,3.3328850720004335e-08
3622,7,9.749741e-07
3623,7,1.2775333e-07
3624,8,1.264859e-07
3625,7,9.7485029e-07
3626,6,3.3225896826355625e-08
3627,6,9.969118e-07
3628,6,6.884957688843434e-07
3629,6,1.0022383e-06
3630,6,1.003003e-06
3631,6,1.0031671e-06
3632,6,1.0030369e-06
3633,6,1.0028135e-06
3634,6,1.0026483e-06
3635,6,1.0026583e-06
3636,6,1.0028425e-06
3637,6,1.0030911e-06
3638,6,1.0032565e-06
3639,6,1.003137e-06
3640,6,1.0024212e-06
3641,6,6.886562095364288e-07
3642,6,9.9718878e-07
3643,6,3.332694007589305e-08
3644,7,9.7448953e-07
3645,7,1.2892067e-07
3646,8,1.2009966e-07
3647,7,1.0122382e-06
3648,6,1.2726907273256798e-07
3649,6,1.0006803e-06
3650,6,8.469359593302413e-07
3651,6,1.0037542e-06
3652,6,1.0039369e-06
3653,6,1.0037426e-06
3654,6,1.0033933e-06
3655,6,1.0030286e-06
3656,6,1.002806e-06
3657,6,1.0028187e-06
3658,6,1.0030692e-06
3659,6,1.0034588e-06
3660,6,1.00384e-06
3661,6,1.0040709e-06
3662,6,1.0039341e-06
3663,6,8.471875908193487e-07
3664,6,1.0009304e-06
3665,6,1.2732597954570358e-07
3666,7,1.010644e-06
3667,7,1.2345225e-07
3668,8,6.4652824e-08
3669,7,1.1901502e-07
3670,7,4.194026075983499e-07
3671,6,1.0070802e-06
3672,6,1.0069156e-06
3673,6,2.229859176322631e-07
3674,6,1.0054405e-06
3675,6,1.0047194e-06
3676,6,1.0039929e-06
3677,6,1.0033579e-06
3678,6,1.0029964e-06
3679,6,1.0030116e-06
3680,6,1.0034056e-06
3681,6,1.0040687e-06
3682,6,1.0048153e-06
3683,6,1.0055568e-06
3684,6,2.2318934177871722e-07
3685,6,1.0070656e-06
3686,6,1.0073986e-06
3687,7,4.198475262512355e-07
3688,7,1.1987517e-07
3689,8,1.5881922e-07
3690,8,1.2311399e-07
3691,7,7.62366757104862e-07
3692,6,1.0139767e-06
3693,6,1.0107019e-06
3694,6,7.095094421516987e-07
3695,6,1.0069345e-06
3696,6,1.0058215e-06
3697,6,1.0046832e-06
3698,6,1.0036815e-06
3699,6,1.0030794e-06
3700,6,1.0030968e-06
3701,6,1.0037274e-06
3702,6,1.0047655e-06
3703,6,1.0059236e-06
3704,6,1.0070125e-06
3705,6,7.097881271974109e-07
3706,6,1.010706e-06
3707,6,1.0142009e-06
3708,7,7.637284522783742e-07
3709,7,1.2928769e-07
3710,8,1.1335665e-07
3711,8,1.2000334e-07
3712,7,1.0785964e-06
3713,7,2.8444971500405544e-07
3714,6,1.0115617e-06
3715,6,1.0088856e-06
3716,6,5.529742924371456e-07
3717,6,1.0069022e-06
3718,6,1.005378e-06
3719,6,1.0038304e-06
3720,6,1.0028444e-06
3721,6,1.0028609e-06
3722,6,1.0038801e-06
3723,6,1.0054566e-06
3724,6,1.0070068e-06
3725,6,5.532733634730042e-07
3726,6,1.0088469e-06
3727,6,1.0112334e-06
3728,7,2.845621980496577e-07
3729,7,1.077452e-06
3730,7,1.2916421e-07
3731,7,1.1672975e-07
3732,7,9.412278129749056e-07
3733,6,3.6654586276208186e-08
3734,6,1.0070245e-06
3735,6,1.0087974e-06
3736,6,7.095255906754418e-07
3737,6,2.2294096281854766e-07
3738,6,1.0036107e-06
3739,6,1.0019653e-06
3740,6,1.0019782e-06
3741,6,1.0036571e-06
3742,6,2.231044182421507e-07
3743,6,7.098002899291515e-07
3744,6,1.0089414e-06
3745,6,1.007051e-06
3746,6,3.680640718940227e-08
3747,7,9.38756937965521e-07
3748,7,1.2046497e-07
3749,8,1.2312183e-07
3750,8,9.2678014e-08
3751,7,1.2380715e-07
3752,7,7.577191062319139e-07
3753,6,3.691116773716883e-08
3754,6,1.0112258e-06
3755,6,1.0106939e-06
3756,6,1.0068502e-06
3757,6,8.465549231963676e-07
3758,6,6.879202001761605e-07
3759,6,6.879451124625143e-07
3760,6,8.466417180329408e-07
3761,6,1.0069687e-06
3762,6,1.010856e-06
3763,6,1.0115822e-06
3764,6,3.7289915743864825e-08
3765,7,7.588840102563959e-07
3766,7,1.2059556e-07
3767,8,1.6990439e-07
3768,8,1.3770795e-07
3769,7,1.1437511e-07
3770,7,9.385910660237348e-07
3771,7,2.845176145908672e-07
3772,6,1.0143659e-06
3773,6,1.007226e-06
3774,6,1.0003915e-06
3775,6,9.9623785e-07
3776,6,9.962101e-07
3777,6,1.0003616e-06
3778,6,1.0074193e-06
3779,6,1.0144283e-06
3780,7,2.847493907592758e-07
3781,7,9.4015450104359e-07
3782,7,1.2097581e-07
3783,7,1.2357433e-07
3784,8,7.1691805e-08
3785,8,1.1476138e-07
3786,7,1.2287367e-07
3787,7,1.0776332e-06
3788,7,7.641500652167346e-07
3789,7,4.193939290787027e-07
3790,6,1.264397891248462e-07
3791,6,3.19801440787648e-08
3792,6,3.1976407886197576e-08
3793,6,1.2637555163327005e-07
3794,7,4.1975789297429925e-07
3795,7,7.637335341282223e-07
3796,7,1.0774884e-06
3797,7,1.2102775e-07
3798,8,1.6960726e-07
3799,8,7.1676764e-08
3800,8,7.3814625e-08
3801,8,1.5212447e-07
3802,7,1.310397e-07
3803,7,1.284036e-07
3804,7,1.0106583e-06
3805,7,9.724584e-07
3806,7,9.7215736e-07
3807,7,1.0093828e-06
3808,7,1.1990804e-07
3809,7,1.2854372e-07
3810,7,1.2837346e-07
3811,8,1.2791247e-07
3812,8,6.9753163e-08
3813,8,1.3340028e-07
3814,8,1.1277003e-07
3815,7,1.2744756e-07
3816,7,1.2859244e-07
3817,7,1.2310027e-07
3818,8,1.5873507e-07
3819,8,1.0786866e-07
3820,8,1.0199615e-07
3821,8,1.2509933e-07
3822,8,1.262521e-07
3823,8,1.1991086e-07
3824,8,6.6324093e-08
3825,8,7.7139419e-08
3826,8,1.5467894e-07
3827,7,1.2632316e-07
3828,7,1.0084091e-06
3829,7,9.7265578e-07
3830,7,9.7292396e-07
3831,7,1.0108041e-06
3832,7,1.1908041e-07
3833,8,1.2333636e-07
3834,8,1.2140209e-07
3835,8,1.472515e-07
3836,7,1.0824583e-06
3837,7,7.646345221807105e-07
3838,7,4.195360566367755e-07
3839,6,1.2632748252420205e-07
3840,6,3.198534484658251e-08
3841,6,3.1998807948182236e-08
3842,6,1.2646440274356434e-07
3843,7,4.1916094194709197e-07
3844,7,7.632714794192615e-07
3845,7,1.0776284e-06
3846,7,1.16755e-07
3847,8,8.9726477e-08
3848,8,8.3635326e-08
3849,7,1.1611284e-07
3850,7,9.406532791456116e-07
3851,7,2.8490754858273545e-07
3852,6,1.0149657e-06
3853,6,1.007448e-06
3854,6,1.000363e-06
3855,6,9.9625384e-07
3856,6,9.9627394e-07
3857,6,1.0003331e-06
3858,6,1.0070018e-06
3859,6,1.014114e-06
3860,7,2.8455494825638585e-07
3861,7,9.397977694179512e-07
3862,7,1.238499e-07
3863,8,1.3798275e-07
3864,7,1.1696254e-07
3865,7,7.558572364898141e-07
3866,6,3.7034377624871264e-08
3867,6,1.0114303e-06
3868,6,1.0109176e-06
3869,6,1.0069919e-06
3870,6,8.465490108160351e-07
3871,6,6.878931339041249e-07
3872,6,6.878792488863359e-07
3873,6,8.464806560442522e-07
3874,6,1.0067617e-06
3875,6,1.0106125e-06
3876,6,1.0113153e-06
3877,6,3.6707641981242785e-08
3878,7,7.58405152565794e-07
3879,7,1.1472408e-07
3880,8,1.1716149e-07
3881,8,1.4649561e-07
3882,7,9.407386089280528e-07
3883,6,3.72477713955445e-08
3884,6,1.0064288e-06
3885,6,1.0086603e-06
3886,6,7.096911203095498e-07
3887,6,2.2301375831725842e-07
3888,6,1.0036004e-06
3889,6,1.0019725e-06
3890,6,1.001952e-06
3891,6,1.003528e-06
3892,6,2.2294573415695682e-07
3893,6,7.09533961507085e-07
3894,6,1.0086817e-06
3895,6,1.0068125e-06
3896,6,3.702893206054221e-08
3897,7,9.39978608387724e-07
3898,7,1.2250661e-07
3899,8,7.4273158e-08
3900,8,7.7314795e-08
3901,7,1.0801064e-06
3902,7,2.848638503903953e-07
3903,6,1.0111954e-06
3904,6,1.0085875e-06
3905,6,5.532429176250762e-07
3906,6,1.0068688e-06
3907,6,1.0053808e-06
3908,6,1.0038265e-06
3909,6,1.0028325e-06
3910,6,1.0028151e-06
3911,6,1.0037704e-06
3912,6,1.0052995e-06
3913,6,1.006796e-06
3914,6,5.530785075079714e-07
3915,6,1.0086945e-06
3916,6,1.0112773e-06
3917,7,2.844222664007215e-07
3918,7,1.0760475e-06
3919,8,1.5066681e-07
3920,8,1.557122e-07
3921,7,7.636809119099592e-07
3922,6,1.0142431e-06
3923,6,1.0106207e-06
3924,6,7.097718523612343e-07
3925,6,1.0068686e-06
3926,6,1.0058002e-06
3927,6,1.004685e-06
3928,6,1.0036827e-06
3929,6,1.0030728e-06
3930,6,1.0030589e-06
3931,6,1.0036422e-06
3932,6,1.0046331e-06
3933,6,1.0057672e-06
3934,6,1.0068593e-06
3935,6,7.09626503694865e-07
3936,6,1.0106025e-06
3937,6,1.0139626e-06
3938,7,7.62990156072687e-07
3939,7,1.3064227e-07
3940,8,7.0429272e-08
3941,7,1.2536981e-07
3942,7,4.1931871889032425e-07
3943,6,1.0070383e-06
3944,6,1.0068497e-06
3945,6,2.231964143249078e-07
3946,6,1.005418e-06
3947,6,1.0047188e-06
3948,6,1.004009e-06
3949,6,1.0033821e-06
3950,6,1.0030121e-06
3951,6,1.0030023e-06
3952,6,1.0033615e-06
3953,6,1.0039878e-06
3954,6,1.004716e-06
3955,6,1.0054431e-06
3956,6,2.2310998587289134e-07
3957,6,1.0070056e-06
3958,6,1.0074293e-06
3959,7,4.199836922890144e-07
3960,7,1.2859536e-07
3961,8,1.3660899e-07
3962,8,1.0445918e-07
3963,7,1.0114797e-06
3964,6,1.272190181083269e-07
3965,6,1.0006163e-06
3966,6,8.470018982519891e-07
3967,6,1.0037267e-06
3968,6,1.003932e-06
3969,6,1.0037576e-06
3970,6,1.0034177e-06
3971,6,1.0030734e-06
3972,6,1.0028652e-06
3973,6,1.0028647e-06
3974,6,1.0030736e-06
3975,6,1.0034308e-06
3976,6,1.0037982e-06
3977,6,1.0040267e-06
3978,6,1.0039238e-06
3979,6,8.471527057446263e-07
3980,6,1.0011531e-06
3981,6,1.2741812266342514e-07
3982,7,1.0123143e-06
3983,8,1.1272396e-07
3984,8,1.2501125e-07
3985,7,9.7433444e-07
3986,6,3.3082151569938443e-08
3987,6,9.9678377e-07
3988,6,6.884780179730759e-07
3989,6,1.0022072e-06
3990,6,1.0029996e-06
3991,6,1.0031875e-06
3992,6,1.0030774e-06
3993,6,1.0028932e-06
3994,6,1.0027731e-06
3995,6,1.00278e-06
3996,6,1.0029105e-06
3997,6,1.0031162e-06
3998,6,1.0032613e-06
3999,6,1.0031296e-06
4000,6,1.0024106e-06
4001,6,6.886661628263644e-07
4002,6,9.9732022e-07
4003,6,3.3340323552630864e-08
4004,7,9.7493596e-07
4005,7,1.2768615e-07
4006,8,1.2659339e-07
4007,7,9.7395921e-07
4008,6,3.301444300276967e-08
4009,6,9.9670741e-07
4010,6,6.884345895345609e-07
4011,6,1.0022033e-06
4012,6,1.0029984e-06
4013,6,1.0031862e-06
4014,6,1.0030789e-06
4015,6,1.0028917e-06
4016,6,1.0027765e-06
4017,6,1.0027873e-06
4018,6,1.0029233e-06
4019,6,1.0031367e-06
4020,6,1.003285e-06
4021,6,1.0031504e-06
4022,6,1.0024293e-06
4023,6,6.887062313253615e-07
4024,6,9.9723692e-07
4025,6,3.3344680506422744e-08
4026,7,9.7461585e-07
4027,7,1.2897413e-07
4028,8,1.2065449e-07
4029,7,1.0087726e-06
4030,6,1.268761990171034e-07
4031,6,1.0004534e-06
4032,6,8.468763434469597e-07
4033,6,1.0037237e-06
4034,6,1.0039325e-06
4035,6,1.003758e-06
4036,6,1.0034275e-06
4037,6,1.0030823e-06
4038,6,1.0028882e-06
4039,6,1.0028995e-06
4040,6,1.0031248e-06
4041,6,1.0034906e-06
4042,6,1.0038618e-06
4043,6,1.0040775e-06
4044,6,1.0039302e-06
4045,6,8.472492850813111e-07
4046,6,1.0009661e-06
4047,6,1.2736660750591902e-07
4048,7,1.010652e-06
4049,7,1.23025e-07
4050,8,6.6112543e-08
4051,7,1.1861803e-07
4052,7,4.1944726607916957e-07
4053,6,1.0071043e-06
4054,6,1.0069156e-06
4055,6,2.230289569511728e-07
4056,6,1.0054475e-06
4057,6,1.0047328e-06
4058,6,1.0040184e-06
4059,6,1.0033926e-06
4060,6,1.0030423e-06
4061,6,1.0030557e-06
4062,6,1.0034433e-06
4063,6,1.0040875e-06
4064,6,1.0048232e-06
4065,6,1.0055486e-06
4066,6,2.2328138376650278e-07
4067,6,1.0070185e-06
4068,6,1.0072993e-06
4069,7,4.198674159211074e-07
4070,7,1.199427e-07
4071,8,1.5797321e-07
4072,8,1.227371e-07
4073,7,7.626959983975555e-07
4074,6,1.01407e-06
4075,6,1.01076e-06
4076,6,7.095787254577384e-07
4077,6,1.0069594e-06
4078,6,1.0058365e-06
4079,6,1.0046986e-06
4080,6,1.0037024e-06
4081,6,1.0031067e-06
4082,6,1.0031229e-06
4083,6,1.0037489e-06
4084,6,1.004775e-06
4085,6,1.0059169e-06
4086,6,1.0069848e-06
4087,6,7.098628604983628e-07
4088,6,1.0106147e-06
4089,6,1.0139415e-06
4090,7,7.631225120633261e-07
4091,7,1.2918554e-07
4092,8,1.1231755e-07
4093,8,1.2439559e-07
4094,7,1.0771394e-06
4095,7,2.84517796192927e-07
4096,6,1.0116886e-06
4097,6,1.0090011e-06
4098,6,5.530497117521397e-07
4099,6,1.0069208e-06
4100,6,1.0053848e-06
4101,6,1.0038396e-06
4102,6,1.0028543e-06
4103,6,1.0028717e-06
4104,6,1.0038888e-06
4105,6,1.0054591e-06
4106,6,1.0069929e-06
4107,6,5.533540486227454e-07
4108,6,1.0087861e-06
4109,6,1.0111615e-06
4110,7,2.845763679257745e-07
4111,7,1.0777765e-06
4112,7,1.2993957e-07
4113,7,1.1508239e-07
4114,7,9.406151362168108e-07
4115,6,3.666295192366196e-08
4116,6,1.0073485e-06
4117,6,1.0089095e-06
4118,6,7.095905618768177e-07
4119,6,2.2300235344633386e-07
4120,6,1.0035982e-06
4121,6,1.0019573e-06
4122,6,1.001979e-06
4123,6,1.0036673e-06
4124,6,2.231721169881283e-07
4125,6,7.098751501248072e-07
4126,6,1.0088862e-06
4127,6,1.0069847e-06
4128,6,3.685225236696564e-08
4129,7,9.390770346317364e-07
4130,7,1.2067196e-07
4131,8,1.2243056e-07
4132,8,9.1528358e-08
4133,7,1.2428728e-07
4134,7,7.601303917160575e-07
4135,6,3.694759054797479e-08
4136,6,1.0113866e-06
4137,6,1.0106777e-06
4138,6,1.0068155e-06
4139,6,8.465661866954869e-07
4140,6,6.879418011855615e-07
4141,6,6.879724627781754e-07
4142,6,8.466874947927563e-07
4143,6,1.0070556e-06
4144,6,1.010928e-06
4145,6,1.0114741e-06
4146,6,3.7332122356986395e-08
4147,7,7.586959537218537e-07
4148,7,1.2060557e-07
4149,8,1.7260944e-07
4150,8,1.3776554e-07
4151,7,1.1511845e-07
4152,7,9.388970043272986e-07
4153,7,2.845944890723178e-07
4154,6,1.0142406e-06
4155,6,1.0071567e-06
4156,6,1.0002634e-06
4157,6,9.9618162e-07
4158,6,9.9621342e-07
4159,6,1.000443e-06
4160,6,1.0077627e-06
4161,6,1.014895e-06
4162,7,2.848216363014465e-07
4163,7,9.398700466953068e-07
4164,7,1.2096491e-07
4165,7,1.2318372e-07
4166,8,7.0330942e-08
4167,8,1.2003811e-07
4168,7,1.2245736e-07
4169,7,1.0776419e-06
4170,7,7.640679491304237e-07
4171,7,4.194849616488794e-07
4172,6,1.2631395086252437e-07
4173,6,3.1999096898391154e-08
4174,6,3.198776977946289e-08
4175,6,1.262839651996855e-07
4176,7,4.203450105951252e-07
4177,7,7.655886832955185e-07
4178,7,1.0772009e-06
4179,7,1.2055368e-07
4180,8,1.723565e-07
4181,8,7.2071444e-08
4182,8,7.3328663e-08
4183,8,1.5140739e-07
4184,7,1.3117503e-07
4185,7,1.2854548e-07
4186,7,1.0085679e-06
4187,7,9.7234055e-07
4188,7,9.7214323e-07
4189,7,1.0079515e-06
4190,7,1.2001948e-07
4191,7,1.2993168e-07
4192,7,1.2927999e-07
4193,8,1.2109413e-07
4194,8,6.9305177e-08
4195,8,1.3369805e-07
4196,8,1.1202143e-07
4197,7,1.2739221e-07
4198,7,1.286872e-07
4199,7,1.2292755e-07
4200,8,1.5592032e-07
4201,8,1.1348289e-07
4202,8,1.0473011e-07
4203,8,1.2495159e-07
4204,8,1.2623325e-07
4205,8,1.1982357e-07
4206,8,6.5765358e-08
4207,8,7.8946497e-08
4208,8,1.5653208e-07
4209,7,1.2744553e-07
4210,7,1.0083675e-06
4211,7,9.727849e-07
4212,7,9.7298172e-07
4213,7,1.009747e-06
4214,7,1.1890562e-07
4215,8,1.238757e-07
4216,8,1.2100975e-07
4217,8,1.4678784e-07
4218,7,1.0794771e-06
4219,7,7.647517305147853e-07
4220,7,4.198069220858425e-07
4221,6,1.2633280078407885e-07
4222,6,3.1995615398535266e-08
4223,6,3.1983582736518225e-08
4224,6,1.2639934421826252e-07
4225,7,4.192963852029738e-07
4226,7,7.638394005352262e-07
4227,7,1.0773583e-06
4228,7,1.1599364e-07
4229,8,8.7747526e-08
4230,8,8.4094971e-08
4231,7,1.1609895e-07
4232,7,9.397835940337068e-07
4233,7,2.847834469200706e-07
4234,6,1.0148223e-06
4235,6,1.0074846e-06
4236,6,1.0003816e-06
4237,6,9.9630967e-07
4238,6,9.9633789e-07
4239,6,1.0003733e-06
4240,6,1.0070388e-06
4241,6,1.0141578e-06
4242,7,2.845357086027404e-07
4243,7,9.392850523138502e-07
4244,7,1.2399071e-07
4245,8,1.3787489e-07
4246,7,1.1829947e-07
4247,7,7.574302670023111e-07
4248,6,3.699088612358679e-08
4249,6,1.0113274e-06
4250,6,1.0108589e-06
4251,6,1.0069868e-06
4252,6,8.465903366744343e-07
4253,6,6.879244224570718e-07
4254,6,6.879091372365399e-07
4255,6,8.465229674459175e-07
4256,6,1.0067569e-06
4257,6,1.0105655e-06
4258,6,1.0111179e-06
4259,6,3.6790821787023966e-08
4260,7,7.574471137406413e-07
4261,7,1.1456028e-07
4262,8,1.1856925e-07
4263,8,1.4488835e-07
4264,7,9.396643166118716e-07
4265,6,3.717875202998968e-08
4266,6,1.0065362e-06
4267,6,1.0086718e-06
4268,6,7.097271526267686e-07
4269,6,2.2305645331622258e-07
4270,6,1.0036145e-06
4271,6,1.0019975e-06
4272,6,1.0019802e-06
4273,6,1.003545e-06
4274,6,2.230210643694684e-07
4275,6,7.096250219573026e-07
4276,6,1.0086052e-06
4277,6,1.0067077e-06
4278,6,3.7130369535616775e-08
4279,7,9.413249888689752e-07
4280,7,1.2262398e-07
4281,8,7.3137987e-08
4282,8,7.824795e-08
4283,7,1.0780251e-06
4284,7,2.847547436226461e-07
4285,6,1.0112219e-06
4286,6,1.0086266e-06
4287,6,5.532648010945551e-07
4288,6,1.0068774e-06
4289,6,1.0053858e-06
4290,6,1.0038382e-06
4291,6,1.002853e-06
4292,6,1.0028363e-06
4293,6,1.0037837e-06
4294,6,1.0053013e-06
4295,6,1.0067779e-06
4296,6,5.531856501416428e-07
4297,6,1.0086494e-06
4298,6,1.0113185e-06
4299,7,2.8446515877038225e-07
4300,7,1.0763617e-06
4301,8,1.4884987e-07
4302,8,1.5605806e-07
4303,7,7.637870652137086e-07
4304,6,1.0142039e-06
4305,6,1.0106407e-06
4306,6,7.097880696595686e-07
4307,6,1.006867e-06
4308,6,1.0057928e-06
4309,6,1.004698e-06
4310,6,1.003697e-06
4311,6,1.0030936e-06
4312,6,1.0030799e-06
4313,6,1.0036596e-06
4314,6,1.0046405e-06
4315,6,1.0057573e-06
4316,6,1.0068331e-06
4317,6,7.097071313838093e-07
4318,6,1.0105915e-06
4319,6,1.0140005e-06
4320,7,7.629535037812584e-07
4321,7,1.3076373e-07
4322,8,7.1752011e-08
4323,7,1.2698793e-07
4324,7,4.1940369169088153e-07
4325,6,1.0070123e-06
4326,6,1.006848e-06
4327,6,2.2321245835013726e-07
4328,6,1.0054253e-06
4329,6,1.0047183e-06
4330,6,1.0040205e-06
4331,6,1.0034045e-06
4332,6,1.0030366e-06
4333,6,1.0030264e-06
4334,6,1.0033784e-06
4335,6,1.0039921e-06
4336,6,1.0047116e-06
4337,6,1.0054267e-06
4338,6,2.231836667162123e-07
4339,6,1.0069666e-06
4340,6,1.0073887e-06
4341,7,4.2001491412213897e-07
4342,7,1.2888509e-07
4343,8,1.3729968e-07
4344,8,1.0499784e-07
4345,7,1.0099483e-06
4346,6,1.270621436972141e-07
4347,6,1.0005357e-06
4348,6,8.470003342900832e-07
4349,6,1.0037305e-06
4350,6,1.0039392e-06
4351,6,1.0037667e-06
4352,6,1.0034264e-06
4353,6,1.003096e-06
4354,6,1.0028972e-06
4355,6,1.0028973e-06
4356,6,1.0030979e-06
4357,6,1.0034426e-06
4358,6,1.0038008e-06
4359,6,1.0040159e-06
4360,6,1.0038991e-06
4361,6,8.471668491144888e-07
4362,6,1.0010466e-06
4363,6,1.2729241035588918e-07
4364,7,1.0108131e-06
4365,8,1.1200424e-07
4366,8,1.2484031e-07
4367,7,9.7343123e-07
4368,6,3.2901918596702775e-08
4369,6,9.9664346e-07
4370,6,6.884489207444242e-07
4371,6,1.0021857e-06
4372,6,1.0030003e-06
4373,6,1.003197e-06
4374,6,1.0030968e-06
4375,6,1.0029263e-06
4376,6,1.0028287e-06
4377,6,1.0028338e-06
4378,6,1.0029413e-06
4379,6,1.0031343e-06
4380,6,1.0032686e-06
4381,6,1.0031269e-06
4382,6,1.0023989e-06
4383,6,6.886934830625416e-07
4384,6,9.9728238e-07
4385,6,3.335638773502752e-08
4386,7,9.7487559e-07
4387,7,1.2762724e-07
4388,8,1.2625757e-07
4389,7,9.7279597e-07
4390,6,3.277065815226438e-08
4391,6,9.9653e-07
4392,6,6.883930477146514e-07
4393,6,1.0021757e-06
4394,6,1.0029943e-06
4395,6,1.0031945e-06
4396,6,1.0030978e-06
4397,6,1.0029232e-06
4398,6,1.0028317e-06
4399,6,1.0028408e-06
4400,6,1.0029552e-06
4401,6,1.0031551e-06
4402,6,1.0032942e-06
4403,6,1.0031518e-06
4404,6,1.0024257e-06
4405,6,6.887447060859376e-07
4406,6,9.9723631e-07
4407,6,3.3393573885302016e-08
4408,7,9.7495482e-07
4409,7,1.2903096e-07
4410,8,1.2037547e-07
4411,7,1.0071367e-06
4412,6,1.266130863216743e-07
4413,6,1.0003425e-06
4414,6,8.468561796450773e-07
4415,6,1.0037096e-06
4416,6,1.0039324e-06
4417,6,1.0037661e-06
4418,6,1.003444e-06
4419,6,1.0031088e-06
4420,6,1.0029204e-06
4421,6,1.0029298e-06
4422,6,1.0031489e-06
4423,6,1.0035077e-06
4424,6,1.0038713e-06
4425,6,1.0040778e-06
4426,6,1.003922e-06
4427,6,8.472875052793016e-07
4428,6,1.0009543e-06
4429,6,1.2750909037408182e-07
4430,7,1.0120827e-06
4431,7,1.2337744e-07
4432,8,6.1085166e-08
4433,7,1.1789812e-07
4434,7,4.198032381553082e-07
4435,6,1.0073094e-06
4436,6,1.0069628e-06
4437,6,2.2306574135031886e-07
4438,6,1.0054495e-06
4439,6,1.0047371e-06
4440,6,1.0040359e-06
4441,6,1.0034163e-06
4442,6,1.0030646e-06
4443,6,1.003077e-06
4444,6,1.0034576e-06
4445,6,1.0040951e-06
4446,6,1.0048296e-06
4447,6,1.0055508e-06
4448,6,2.2332435287894378e-07
4449,6,1.0070051e-06
4450,6,1.0072487e-06
4451,7,4.1980869367700746e-07
4452,7,1.2007022e-07
4453,8,1.6290013e-07
4454,7,1.2396781e-07
4455,7,7.640726944733155e-07
4456,6,1.0144596e-06
4457,6,1.0108473e-06
4458,6,7.096295431524678e-07
4459,6,1.0069659e-06
4460,6,1.0058585e-06
4461,6,1.0047217e-06
4462,6,1.0037205e-06
4463,6,1.0031228e-06
4464,6,1.003136e-06
4465,6,1.0037595e-06
4466,6,1.0047751e-06
4467,6,1.0059147e-06
4468,6,1.0069902e-06
4469,6,7.098950736660147e-07
4470,6,1.0106122e-06
4471,6,1.0138051e-06
4472,7,7.625513626709566e-07
4473,7,1.286452e-07
4474,8,1.1098681e-07
4475,8,1.2242773e-07
4476,7,1.0769361e-06
4477,7,2.845797125899755e-07
4478,6,1.0116871e-06
4479,6,1.0090291e-06
4480,6,5.530937156607542e-07
4481,6,1.0069526e-06
4482,6,1.0054034e-06
4483,6,1.0038547e-06
4484,6,1.0028627e-06
4485,6,1.0028754e-06
4486,6,1.0038889e-06
4487,6,1.0054548e-06
4488,6,1.006983e-06
4489,6,5.533794754765812e-07
4490,6,1.0088291e-06
4491,6,1.0112354e-06
4492,7,2.844643967596992e-07
4493,7,1.0760578e-06
4494,7,1.2883888e-07
4495,7,1.1448717e-07
4496,7,9.393581226844352e-07
4497,6,3.659564608978044e-08
4498,6,1.0074651e-06
4499,6,1.0089718e-06
4500,6,7.096381897526351e-07
4501,6,2.23040753129094e-07
4502,6,1.0036068e-06
4503,6,1.0019575e-06
4504,6,1.001974e-06
4505,6,1.0036554e-06
4506,6,2.2320420843692366e-07
4507,6,7.098858351157647e-07
4508,6,1.0088818e-06
4509,6,1.0070799e-06
4510,6,3.6785069660486455e-08
4511,7,9.39072808164858e-07
4512,7,1.2076275e-07
4513,8,1.2558692e-07
4514,8,8.5794531e-08
4515,7,1.2422169e-07
4516,7,7.614059662012359e-07
4517,6,3.689829733015052e-08
4518,6,1.011469e-06
4519,6,1.010698e-06
4520,6,1.0068255e-06
4521,6,8.465936773222143e-07
4522,6,6.879724679447062e-07
4523,6,6.880013009237899e-07
4524,6,8.467082480472236e-07
4525,6,1.0069855e-06
4526,6,1.0108302e-06
4527,6,1.0113975e-06
4528,6,3.7304661043406716e-08
4529,7,7.595767707335497e-07
4530,7,1.2066971e-07
4531,8,1.7134973e-07
4532,8,1.3755156e-07
4533,7,1.1565621e-07
4534,7,9.386670175594296e-07
4535,7,2.844984009080904e-07
4536,6,1.0141139e-06
4537,6,1.0071084e-06
4538,6,1.0001892e-06
4539,6,9.9614492e-07
4540,6,9.9620803e-07
4541,6,1.0004249e-06
4542,6,1.0075775e-06
4543,6,1.0145418e-06
4544,7,2.847096503941377e-07
4545,7,9.393424839486954e-07
4546,7,1.2116834e-07
4547,7,1.2340006e-07
4548,8,7.0813737e-08
4549,8,1.2339215e-07
4550,7,1.2158808e-07
4551,7,1.0762639e-06
4552,7,7.6325326137621e-07
4553,7,4.193312607948306e-07
4554,6,1.263591002803404e-07
4555,6,3.2053066007807755e-08
4556,6,3.2026926383120846e-08
4557,6,1.2636499725416396e-07
4558,7,4.200503507328269e-07
4559,7,7.645997123126734e-07
4560,7,1.0761274e-06
4561,7,1.2003961e-07
4562,8,1.7226416e-07
4563,8,7.1243805e-08
4564,8,7.3422543e-08
4565,8,1.5111131e-07
4566,7,1.3046834e-07
4567,7,1.2845621e-07
4568,7,1.0085437e-06
4569,7,9.7233482e-07
4570,7,9.7230973e-07
4571,7,1.0091098e-06
4572,7,1.2003008e-07
4573,7,1.2986316e-07
4574,7,1.2957685e-07
4575,8,1.2038461e-07
4576,8,6.8860626e-08
4577,8,1.3389906e-07
4578,8,1.120927e-07
4579,7,1.2746261e-07
4580,7,1.286836e-07
4581,7,1.2285443e-07
4582,8,1.5621347e-07
4583,8,1.1301278e-07
4584,11,1.0422913e-07
4585,11,1.2515386e-07
4586,11,1.265032e-07
4587,11,1.1959242e-07
4588,11,6.498158e-08
4589,11,7.5749912e-08
4590,11,1.5680517e-07
4591,10,1.2695994e-07
4592,10,1.0092846e-06
4593,10,9.7279271e-07
4594,10,9.7315484e-07
4595,10,1.01071e-06
4596,10,1.1894442e-07
4597,11,1.2427473e-07
4598,11,1.1986591e-07
4599,11,1.429728e-07
4600,10,1.0779332e-06
4601,10,7.642386017310103e-07
4602,10,4.196585666367044e-07
4603,9,1.2640782553425804e-07
4604,9,3.2003291890657456e-08
4605,9,3.198643273794932e-08
4606,9,1.2644914975404316e-07
4607,10,4.194165395506964e-07
4608,10,7.636654708103701e-07
4609,10,1.0780592e-06
4610,10,1.1678833e-07
4611,11,9.0381346e-08
4612,11,8.4855973e-08
4613,10,1.197111e-07
4614,10,9.393836892859708e-07
4615,10,2.847723089635372e-07
4616,9,1.0145069e-06
4617,9,1.0073503e-06
4618,9,1.0003562e-06
4619,9,9.963135e-07
4620,9,9.9636948e-07
4621,9,1.0004304e-06
4622,9,1.0071149e-06
4623,9,1.0142339e-06
4624,10,2.846617790197006e-07
4625,10,9.405751848891416e-07
4626,10,1.2357364e-07
4627,11,1.3818798e-07
4628,10,1.1809128e-07
4629,10,7.584079183164842e-07
4630,9,3.693814421033566e-08
4631,9,1.0113657e-06
4632,9,1.0107678e-06
4633,9,1.0069295e-06
4634,9,8.466124144868128e-07
4635,9,6.879404425508673e-07
4636,9,6.879261941008295e-07
4637,9,8.46557638165081e-07
4638,9,1.0068003e-06
4639,9,1.0106131e-06
4640,9,1.0112013e-06
4641,9,3.6955183293683883e-08
4642,10,7.566741873877017e-07
4643,10,1.1352885e-07
4644,11,1.0839906e-07
4645,11,1.4539578e-07
4646,10,9.398045633711388e-07
4647,9,3.712331016615982e-08
4648,9,1.0068456e-06
4649,9,1.0087675e-06
4650,9,7.097353754110199e-07
4651,9,2.230753142603185e-07
4652,9,1.0036135e-06
4653,9,1.002009e-06
4654,9,1.0020015e-06
4655,9,1.0035683e-06
4656,9,2.2307002101554345e-07
4657,9,7.097067408712408e-07
4658,9,1.0086197e-06
4659,9,1.0066805e-06
4660,9,3.7327381920984164e-08
4661,10,9.417274378074596e-07
4662,10,1.244004e-07
4663,11,7.3416998e-08
4664,11,7.8057011e-08
4665,10,1.0800451e-06
4666,10,2.848004477326376e-07
4667,9,1.0114751e-06
4668,9,1.0087973e-06
4669,9,5.53255028427808e-07
4670,9,1.0069038e-06
4671,9,1.0053914e-06
4672,9,1.0038443e-06
4673,9,1.0028641e-06
4674,9,1.002851e-06
4675,9,1.0038024e-06
4676,9,1.0053168e-06
4677,9,1.0067879e-06
4678,9,5.532809923877233e-07
4679,9,1.0086225e-06
4680,9,1.0113406e-06
4681,10,2.847500107848355e-07
4682,10,1.0802167e-06
4683,11,1.5252509e-07
4684,11,1.5350131e-07
4685,10,7.633857487566464e-07
4686,9,1.0142386e-06
4687,9,1.0107398e-06
4688,9,7.097871785206521e-07
4689,9,1.0069184e-06
4690,9,1.0058177e-06
4691,9,1.0047091e-06
4692,9,1.0037038e-06
4693,9,1.0031018e-06
4694,9,1.0030897e-06
4695,9,1.0036703e-06
4696,9,1.0046493e-06
4697,9,1.0057503e-06
4698,9,1.0068096e-06
4699,9,7.097722484985481e-07
4700,9,1.0105298e-06
4701,9,1.0138843e-06
4702,10,7.625469158873001e-07
4703,10,1.303536e-07
4704,11,6.9308109e-08
4705,10,1.2586018e-07
4706,10,4.194940177213373e-07
4707,9,1.0070924e-06
4708,9,1.0069079e-06
4709,9,2.2320455233512198e-07
4710,9,1.0054577e-06
4711,9,1.0047365e-06
4712,9,1.0040303e-06
4713,9,1.0034143e-06
4714,9,1.0030421e-06
4715,9,1.0030323e-06
4716,9,1.0033853e-06
4717,9,1.0039947e-06
4718,9,1.0047024e-06
4719,9,1.0054077e-06
4720,9,2.2323902003201326e-07
4721,9,1.0068691e-06
4722,9,1.0071724e-06
4723,10,4.196629876712093e-07
4724,10,1.2840419e-07
4725,11,1.3262774e-07
4726,11,1.0459367e-07
4727,10,1.0110452e-06
4728,9,1.271529335490364e-07
4729,9,1.0005846e-06
4730,9,8.470377850982742e-07
4731,9,1.003755e-06
4732,9,1.0039566e-06
4733,9,1.0037798e-06
4734,9,1.0034298e-06
4735,9,1.0030994e-06
4736,9,1.0028996e-06
4737,9,1.0028979e-06
4738,9,1.0030981e-06
4739,9,1.0034396e-06
4740,9,1.0037944e-06
4741,9,1.0039974e-06
4742,9,1.003862e-06
4743,9,8.471607739306063e-07
4744,9,1.0009104e-06
4745,9,1.2728914227566026e-07
4746,10,1.0107935e-06
4747,11,1.122954e-07
4748,11,1.2488739e-07
4749,10,9.732304e-07
4750,9,3.288238078476006e-08
4751,9,9.9663845e-07
4752,9,6.884769112013996e-07
4753,9,1.0021918e-06
4754,9,1.0030072e-06
4755,9,1.0032026e-06
4756,9,1.0031007e-06
4757,9,1.0029298e-06
4758,9,1.0028306e-06
4759,9,1.0028339e-06
4760,9,1.0029422e-06
4761,9,1.0031321e-06
4762,9,1.0032626e-06
4763,9,1.0031138e-06
4764,9,1.0023752e-06
4765,9,6.887079749288213e-07
4766,9,9.9722539e-07
4767,9,3.338181204537591e-08
4768,10,9.7496447e-07
4769,10,1.2774389e-07
4770,11,1.260838e-07
4771,10,9.727349e-07
4772,9,3.2737540880514106e-08
4773,9,9.9652174e-07
4774,9,6.884196803325372e-07
4775,9,1.0021689e-06
4776,9,1.0029941e-06
4777,9,1.0031962e-06
4778,9,1.0030991e-06
4779,9,1.0029242e-06
4780,9,1.0028328e-06
4781,9,1.00284e-06
4782,9,1.0029537e-06
4783,9,1.0031532e-06
4784,9,1.0032906e-06
4785,9,1.0031448e-06
4786,9,1.0024122e-06
4787,9,6.887609985398924e-07
4788,9,9.9717155e-07
4789,9,3.343232591566357e-08
4790,10,9.7478551e-07
4791,10,1.2901149e-07
4792,11,1.1947674e-07
4793,10,1.0083135e-06
4794,9,1.2672501832650198e-07
4795,9,1.0003809e-06
4796,9,8.46903579970905e-07
4797,9,1.003709e-06
4798,9,1.0039298e-06
4799,9,1.0037651e-06
4800,9,1.0034448e-06
4801,9,1.0031128e-06
4802,9,1.0029229e-06
4803,9,1.0029309e-06
4804,9,1.003149e-06
4805,9,1.003511e-06
4806,9,1.0038715e-06
4807,9,1.0040758e-06
4808,9,1.0039096e-06
4809,9,8.472842658238648e-07
4810,9,1.000827e-06
4811,9,1.2737511638997144e-07
4812,10,1.0095859e-06
4813,10,1.23276e-07
4814,11,6.5407714e-08
4815,10,1.1833843e-07
4816,10,4.196976583542909e-07
4817,9,1.0073173e-06
4818,9,1.0069471e-06
4819,9,2.2310996018807798e-07
4820,9,1.0054384e-06
4821,9,1.0047378e-06
4822,9,1.0040425e-06
4823,9,1.0034262e-06
4824,9,1.0030699e-06
4825,9,1.0030796e-06
4826,9,1.003457e-06
4827,9,1.0040978e-06
4828,9,1.0048342e-06
4829,9,1.0055595e-06
4830,9,2.233256140788417e-07
4831,9,1.0070322e-06
4832,9,1.0072698e-06
4833,10,4.199423524523786e-07
4834,10,1.199258e-07
4835,11,1.587793e-07
4836,10,1.2307121e-07
4837,10,7.643542244178145e-07
4838,9,1.0145466e-06
4839,9,1.0108088e-06
4840,9,7.096573990144573e-07
4841,9,1.0069446e-06
4842,9,1.0058718e-06
4843,9,1.0047389e-06
4844,9,1.0037343e-06
4845,9,1.0031313e-06
4846,9,1.0031387e-06
4847,9,1.0037582e-06
4848,9,1.0047707e-06
4849,9,1.0059179e-06
4850,9,1.0070197e-06
4851,9,7.099074816517199e-07
4852,9,1.0107499e-06
4853,9,1.014141e-06
4854,10,7.632316910462067e-07
4855,10,1.2870435e-07
4856,11,1.1092039e-07
4857,11,1.2385261e-07
4858,10,1.0786994e-06
4859,10,2.845833707646149e-07
4860,9,1.0115002e-06
4861,9,1.0089224e-06
4862,9,5.531233085466453e-07
4863,9,1.0069714e-06
4864,9,1.005429e-06
4865,9,1.0038754e-06
4866,9,1.002873e-06
4867,9,1.0028749e-06
4868,9,1.00388e-06
4869,9,1.0054415e-06
4870,9,1.0069813e-06
4871,9,5.533736069524937e-07
4872,9,1.0089441e-06
4873,9,1.0115359e-06
4874,10,2.847020128231686e-07
4875,10,1.0794342e-06
4876,10,1.2940838e-07
4877,10,1.1479585e-07
4878,10,9.395356222562208e-07
4879,9,3.656508767454968e-08
4880,9,1.0072804e-06
4881,9,1.0089497e-06
4882,9,7.09681585890752e-07
4883,9,2.230575439230415e-07
4884,9,1.0036386e-06
4885,9,1.0019669e-06
4886,9,1.0019654e-06
4887,9,1.0036257e-06
4888,9,2.2321228983339785e-07
4889,9,7.098644471270502e-07
4890,9,1.0089398e-06
4891,9,1.0072326e-06
4892,9,3.6908356334622665e-08
4893,10,9.410367113130952e-07
4894,10,1.2106761e-07
4895,11,1.2543096e-07
4896,11,9.0135017e-08
4897,10,1.2405618e-07
4898,10,7.600100522338257e-07
4899,9,3.7041880551860464e-08
4900,9,1.0115195e-06
4901,9,1.0108422e-06
4902,9,1.0069417e-06
4903,9,8.466365412738753e-07
4904,9,6.880017913761309e-07
4905,9,6.880279898768139e-07
4906,9,8.467131821718931e-07
4907,9,1.006837e-06
4908,9,1.0107225e-06
4909,9,1.0115255e-06
4910,9,3.728601918046534e-08
4911,10,7.584886632171888e-07
4912,10,1.2077201e-07
4913,11,1.7167413e-07
4914,11,1.3820186e-07
4915,10,1.155964e-07
4916,10,9.390890522989156e-07
4917,10,2.846268464547578e-07
4918,9,1.0145436e-06
4919,9,1.0073813e-06
4920,9,1.000233e-06
4921,9,9.9613453e-07
4922,9,9.9618589e-07
4923,9,1.0003266e-06
4924,9,1.0071476e-06
4925,9,1.0141476e-06
4926,10,2.8465125234301334e-07
4927,10,9.413508276116896e-07
4928,10,1.2111241e-07
4929,10,1.2321117e-07
4930,11,7.1931971e-08
4931,11,1.2221056e-07
4932,10,1.2195555e-07
4933,10,1.0774611e-06
4934,10,7.642797209211237e-07
4935,10,4.19775077530828e-07
4936,9,1.264364540752397e-07
4937,9,3.2115066966816013e-08
4938,9,3.208819568754698e-08
4939,9,1.2649330144003925e-07
4940,10,4.1954164852723005e-07
4941,10,7.635207489422392e-07
4942,10,1.0753624e-06
4943,10,1.2100925e-07
4944,11,1.719073e-07
4945,11,7.1153711e-08
4946,11,7.2643436e-08
4947,11,1.5169694e-07
4948,10,1.3072881e-07
4949,10,1.2849829e-07
4950,10,1.0084807e-06
4951,10,9.7232623e-07
4952,10,9.7254223e-07
4953,10,1.0099966e-06
4954,10,1.1994522e-07
4955,10,1.2939221e-07
4956,10,1.2792409e-07
4957,11,1.2806473e-07
4958,11,6.9411642e-08
4959,11,1.3290565e-07
4960,11,1.1279987e-07
4961,10,1.2743468e-07
4962,10,1.2870583e-07
4963,10,1.2321685e-07
4964,11,1.5935252e-07
4965,11,1.1295832e-07
4966,11,1.026059e-07
4967,11,1.2489693e-07
4968,11,1.2642754e-07
4969,11,1.2014572e-07
4970,11,6.6372509e-08
4971,11,7.6175152e-08
4972,11,1.5334018e-07
4973,10,1.2718726e-07
4974,10,1.0079687e-06
4975,10,9.7242436e-07
4976,10,9.7296695e-07
4977,10,1.0101586e-06
4978,10,1.1917574e-07
4979,11,1.2252543e-07
4980,11,1.2462322e-07
4981,11,1.4568589e-07
4982,10,1.0790096e-06
4983,10,7.634981851872308e-07
4984,10,4.1976290595268257e-07
4985,9,1.263657549829479e-07
4986,9,3.1990957113725073e-08
4987,9,3.1970574431926676e-08
4988,9,1.2641179802901206e-07
4989,10,4.192391445489745e-07
4990,10,7.635415364597243e-07
4991,10,1.0789624e-06
4992,10,1.1613327e-07
4993,11,9.2130396e-08
4994,11,8.4466023e-08
4995,10,1.1738056e-07
4996,10,9.406626417380816e-07
4997,10,2.848092088843752e-07
4998,9,1.0141731e-06
4999,9,1.0072166e-06
5000,9,1.0003008e-06
5001,9,9.9627819e-07
5002,9,9.963576e-07
5003,9,1.0004322e-06
5004,9,1.0071153e-06
5005,9,1.014356e-06
5006,10,2.84804146710209e-07
5007,10,9.416593557182578e-07
5008,10,1.2393191e-07
5009,11,1.3833302e-07
5010,10,1.1728081e-07
5011,10,7.588245815673682e-07
5012,9,3.7015529350128266e-08
5013,9,1.0114037e-06
5014,9,1.0106631e-06
5015,9,1.0068618e-06
5016,9,8.466049808029313e-07
5017,9,6.879336292783507e-07
5018,9,6.879196006156216e-07
5019,9,8.465608870475633e-07
5020,9,1.0068478e-06
5021,9,1.0107089e-06
5022,9,1.0114019e-06
5023,9,3.7043225198588964e-08
5024,10,7.575418229688871e-07
5025,10,1.1465741e-07
5026,11,1.1996565e-07
5027,11,1.4656951e-07
5028,10,9.40778223033997e-07
5029,9,3.7087249591650095e-08
5030,9,1.0071944e-06
5031,9,1.0088583e-06
5032,9,7.097032506776632e-07
5033,9,2.2306066413217617e-07
5034,9,1.0036023e-06
5035,9,1.0020115e-06
5036,9,1.002015e-06
5037,9,1.0035909e-06
5038,9,2.2307283855370625e-07
5039,9,7.097453715374041e-07
5040,9,1.0086666e-06
5041,9,1.0066783e-06
5042,9,3.736734104785526e-08
5043,10,9.407208093178758e-07
5044,10,1.2269216e-07
5045,11,7.2933421e-08
5046,11,7.82288e-08
5047,10,1.0788739e-06
5048,10,2.8478116788001137e-07
5049,9,1.0117724e-06
5050,9,1.0090102e-06
5051,9,5.532107733518363e-07
5052,9,1.0069254e-06
5053,9,1.005392e-06
5054,9,1.0038436e-06
5055,9,1.0028646e-06
5056,9,1.0028577e-06
5057,9,1.0038155e-06
5058,9,1.0053352e-06
5059,9,1.0068069e-06
5060,9,5.533187626734757e-07
5061,9,1.0085735e-06
5062,9,1.0111863e-06
5063,10,2.847285226879161e-07
5064,10,1.0778881e-06
5065,11,1.5097022e-07
5066,11,1.5499122e-07
5067,10,7.632324664448975e-07
5068,9,1.0142947e-06
5069,9,1.0108701e-06
5070,9,7.097691911581214e-07
5071,9,1.0070017e-06
5072,9,1.005864e-06
5073,9,1.0047118e-06
5074,9,1.0037017e-06
5075,9,1.0030977e-06
5076,9,1.0030869e-06
5077,9,1.0036704e-06
5078,9,1.0046507e-06
5079,9,1.0057461e-06
5080,9,1.0067904e-06
5081,9,7.097881523909239e-07
5082,9,1.010392e-06
5083,9,1.0135836e-06
5084,10,7.62199927717887e-07
5085,10,1.3026451e-07
5086,11,6.9010316e-08
5087,10,1.2676617e-07
5088,10,4.196840224767042e-07
5089,9,1.007206e-06
5090,9,1.0070057e-06
5091,9,2.2317393109932173e-07
5092,9,1.0055e-06
5093,9,1.0047631e-06
5094,9,1.0040317e-06
5095,9,1.0034017e-06
5096,9,1.0030274e-06
5097,9,1.0030173e-06
5098,9,1.0033793e-06
5099,9,1.0039885e-06
5100,9,1.0046901e-06
5101,9,1.005384e-06
5102,9,2.232624807726333e-07
5103,9,1.0067456e-06
5104,9,1.0068783e-06
5105,10,4.1936572087456683e-07
5106,10,1.2846767e-07
5107,11,1.3797424e-07
5108,11,1.0267964e-07
5109,10,1.0109531e-06
5110,9,1.2727001021441314e-07
5111,9,1.0006727e-06
5112,9,8.470902170723111e-07
5113,9,1.0037899e-06
5114,9,1.0039805e-06
5115,9,1.0037858e-06
5116,9,1.0034275e-06
5117,9,1.0030825e-06
5118,9,1.002872e-06
5119,9,1.0028664e-06
5120,9,1.0030738e-06
5121,9,1.0034187e-06
5122,9,1.0037778e-06
5123,9,1.0039752e-06
5124,9,1.0038251e-06
5125,9,8.471558725223446e-07
5126,9,1.0008582e-06
5127,9,1.273654681019599e-07
5128,10,1.0115131e-06
5129,11,1.1197429e-07
5130,11,1.2495752e-07
5131,10,9.7377675e-07
5132,9,3.3066171797271434e-08
5133,9,9.9672629e-07
5134,9,6.88549917582153e-07
5135,9,1.0022192e-06
5136,9,1.0030167e-06
5137,9,1.0031999e-06
5138,9,1.0030854e-06
5139,9,1.0028995e-06
5140,9,1.0027759e-06
5141,9,1.0027765e-06
5142,9,1.0029074e-06
5143,9,1.003108e-06
5144,9,1.0032433e-06
5145,9,1.0030941e-06
5146,9,1.0023504e-06
5147,9,6.887087250594805e-07
5148,9,9.9721382e-07
5149,9,3.3403454139119276e-08
5150,10,9.7525225e-07
5151,10,1.277551e-07
5152,11,1.2647846e-07
5153,10,9.7358812e-07
5154,9,3.2977257233754065e-08
5155,9,9.9663584e-07
5156,9,6.885083177214031e-07
5157,9,1.0021802e-06
5158,9,1.0029936e-06
5159,9,1.0031879e-06
5160,9,1.0030811e-06
5161,9,1.002894e-06
5162,9,1.0027777e-06
5163,9,1.0027844e-06
5164,9,1.0029196e-06
5165,9,1.0031305e-06
5166,9,1.003274e-06
5167,9,1.0031308e-06
5168,9,1.0023949e-06
5169,9,6.887496721757435e-07
5170,9,9.9712457e-07
5171,9,3.343327347663577e-08
5172,10,9.7469399e-07
5173,10,1.2902689e-07
5174,11,1.2063031e-07
5175,10,1.008884e-06
5176,9,1.2696857945118897e-07
5177,9,1.0004735e-06
5178,9,8.469856474635239e-07
5179,9,1.0036966e-06
5180,9,1.0039164e-06
5181,9,1.0037552e-06
5182,9,1.0034303e-06
5183,9,1.0030919e-06
5184,9,1.0028933e-06
5185,9,1.0029013e-06
5186,9,1.0031242e-06
5187,9,1.0034939e-06
5188,9,1.0038615e-06
5189,9,1.0040713e-06
5190,9,1.0039017e-06
5191,9,8.472553228463623e-07
5192,9,1.0007369e-06
5193,9,1.2727915049483474e-07
5194,10,1.008413e-06
5195,10,1.2305155e-07
5196,11,6.2050478e-08
5197,10,1.1817033e-07
5198,10,4.1997852875032485e-07
5199,9,1.0072756e-06
5200,9,1.0068776e-06
5201,9,2.231560299244816e-07
5202,9,1.0054129e-06
5203,9,1.0047293e-06
5204,9,1.0040383e-06
5205,9,1.0034196e-06
5206,9,1.0030553e-06
5207,9,1.003062e-06
5208,9,1.0034421e-06
5209,9,1.0040891e-06
5210,9,1.0048313e-06
5211,9,1.0055659e-06
5212,9,2.2328555929548005e-07
5213,9,1.0070405e-06
5214,9,1.0072696e-06
5215,10,4.2002710797472716e-07
5216,10,1.1985831e-07
5217,11,1.5840919e-07
5218,11,1.2411541e-07
5219,10,7.64617121048739e-07
5220,9,1.0144077e-06
5221,9,1.0106351e-06
5222,9,7.096608261033951e-07
5223,9,1.0068986e-06
5224,9,1.0058664e-06
5225,9,1.0047492e-06
5226,9,1.0037411e-06
5227,9,1.0031288e-06
5228,9,1.0031294e-06
5229,9,1.0037468e-06
5230,9,1.0047663e-06
5231,9,1.0059242e-06
5232,9,1.0070409e-06
5233,9,7.098715776542003e-07
5234,9,1.0108098e-06
5235,9,1.0143026e-06
5236,10,7.636328951713508e-07
5237,10,1.2930478e-07
5238,11,1.1374168e-07
5239,11,1.2239614e-07
5240,10,1.0775291e-06
5241,10,2.844119367729374e-07
5242,9,1.0111014e-06
5243,9,1.0087149e-06
5244,9,5.531279378172382e-07
5245,9,1.0069842e-06
5246,9,1.0054607e-06
5247,9,1.0038979e-06
5248,9,1.0028813e-06
5249,9,1.0028693e-06
5250,9,1.0038658e-06
5251,9,1.0054283e-06
5252,9,1.0069887e-06
5253,9,5.533305816537431e-07
5254,9,1.0089929e-06
5255,9,1.011606e-06
5256,10,2.847167363419703e-07
5257,10,1.0782432e-06
5258,10,1.2903014e-07
5259,10,1.1647158e-07
5260,10,9.39466927992296e-07
5261,9,3.655198644019435e-08
5262,9,1.0069285e-06
5263,9,1.0088824e-06
5264,9,7.096949384028985e-07
5265,9,2.2303758472450962e-07
5266,9,1.003682e-06
5267,9,1.0019824e-06
5268,9,1.0019559e-06
5269,9,1.003594e-06
5270,9,2.232019301706125e-07
5271,9,7.098286797854357e-07
5272,9,1.0089915e-06
5273,9,1.0072562e-06
5274,9,3.689841641466209e-08
5275,10,9.417347029643294e-07
5276,10,1.2131941e-07
5277,11,1.2440178e-07
5278,11,9.0474044e-08
5279,10,1.241344e-07
5280,10,7.581713672901825e-07
5281,9,3.714515788862231e-08
5282,9,1.0114961e-06
5283,9,1.0109811e-06
5284,9,1.0070716e-06
5285,9,8.466500163216623e-07
5286,9,6.880089894877114e-07
5287,9,6.880412618257196e-07
5288,9,8.467071154238663e-07
5289,9,1.0067144e-06
5290,9,1.010661e-06
5291,9,1.0116554e-06
5292,9,3.7313342376526184e-08
5293,10,7.571506584229885e-07
5294,10,1.2080575e-07
5295,11,1.7503555e-07
5296,11,1.375646e-07
5297,10,1.1483721e-07
5298,10,9.390918069754328e-07
5299,10,2.8472838211184185e-07
5300,9,1.0149349e-06
5301,9,1.0076435e-06
5302,9,1.0002908e-06
5303,9,9.9612746e-07
5304,9,9.9614626e-07
5305,9,1.0002083e-06
5306,9,1.0068136e-06
5307,9,1.0139523e-06
5308,10,2.848069042891299e-07
5309,10,9.418453385051266e-07
5310,10,1.206663e-07
5311,10,1.2270408e-07
5312,11,7.1455331e-08
5313,11,1.1768567e-07
5314,10,1.2216881e-07
5315,10,1.0796959e-06
5316,10,7.651816927778268e-07
5317,10,4.201093888688509e-07
5318,9,1.2630508090651297e-07
5319,9,3.2113741735483214e-08
5320,9,3.2131180278667285e-08
5321,9,1.2658908689334224e-07
5322,10,4.191153886339942e-07
5323,10,7.630074139833706e-07
5324,10,1.0790857e-06
5325,10,1.2157016e-07
5326,11,1.7399269e-07
5327,11,7.2443094e-08
5328,11,7.4608175e-08
5329,11,1.5412514e-07
5330,10,1.3119801e-07
5331,10,1.2907186e-07
5332,10,1.0061299e-06
5333,10,9.7193854e-07
5334,10,9.7256804e-07
5335,10,1.0106963e-06
5336,10,1.1973939e-07
5337,10,1.2876275e-07
5338,10,1.2886194e-07
5339,11,1.2883354e-07
5340,11,6.8038979e-08
5341,11,1.3928473e-07
5342,11,1.1067112e-07
5343,10,1.2732594e-07
5344,10,1.2873691e-07
5345,10,1.2334187e-07
5346,11,1.5869333e-07
5347,11,1.1184185e-07
5348,11,1.0038506e-07
5349,11,1.2490493e-07
5350,11,1.2621291e-07
5351,11,1.1985833e-07
5352,11,6.6792693e-08
5353,11,7.3417138e-08
5354,11,1.5659723e-07
5355,10,1.2660626e-07
5356,10,1.0081533e-06
5357,10,9.7228679e-07
5358,10,9.7279732e-07
5359,10,1.0100405e-06
5360,10,1.1892736e-07
5361,11,1.2362208e-07
5362,11,1.2310006e-07
5363,11,1.4438808e-07
5364,10,1.0750873e-06
5365,10,7.638340282885556e-07
5366,10,4.198322311982818e-07
5367,9,1.2637154855749661e-07
5368,9,3.1963903592604075e-08
5369,9,3.1941310844264864e-08
5370,9,1.2636315509443606e-07
5371,10,4.191742409846726e-07
5372,10,7.642209586731538e-07
5373,10,1.0804231e-06
5374,10,1.1615984e-07
5375,11,9.2056774e-08
5376,11,8.3280669e-08
5377,10,1.1867308e-07
5378,10,9.398136884223526e-07
5379,10,2.844990506587312e-07
5380,9,1.013969e-06
5381,9,1.0071864e-06
5382,9,1.0002764e-06
5383,9,9.9625814e-07
5384,9,9.9634803e-07
5385,9,1.0004546e-06
5386,9,1.0072268e-06
5387,9,1.0146254e-06
5388,10,2.848925255452128e-07
5389,10,9.404177657060396e-07
5390,10,1.2392067e-07
5391,11,1.3890837e-07
5392,10,1.1950982e-07
5393,10,7.592925240954947e-07
5394,9,3.689171744390248e-08
5395,9,1.0111317e-06
5396,9,1.0105392e-06
5397,9,1.0068145e-06
5398,9,8.465695437934875e-07
5399,9,6.878992723118058e-07
5400,9,6.878843444330334e-07
5401,9,8.4653149925891e-07
5402,9,1.0069262e-06
5403,9,1.010808e-06
5404,9,1.0114139e-06
5405,9,3.697421648976213e-08
5406,10,7.567229979622502e-07
5407,10,1.143952e-07
5408,11,1.185612e-07
5409,11,1.4445069e-07
5410,10,9.414640334972284e-07
5411,9,3.70151411282506e-08
5412,9,1.0073557e-06
5413,9,1.0088435e-06
5414,9,7.096128793909762e-07
5415,9,2.2299810727584786e-07
5416,9,1.0035923e-06
5417,9,1.0020104e-06
5418,9,1.0020262e-06
5419,9,1.0036181e-06
5420,9,2.2301429891988367e-07
5421,9,7.097133915512404e-07
5422,9,1.0086493e-06
5423,9,1.0064989e-06
5424,9,3.721790716888394e-08
5425,10,9.395561339704892e-07
5426,10,1.2307173e-07
5427,11,7.2113092e-08
5428,11,7.8152748e-08
5429,10,1.0791603e-06
5430,10,2.84784696784525e-07
5431,9,1.0120556e-06
5432,9,1.0091685e-06
5433,9,5.531061915431066e-07
5434,9,1.0069358e-06
5435,9,1.0053893e-06
5436,9,1.0038336e-06
5437,9,1.002855e-06
5438,9,1.002855e-06
5439,9,1.0038235e-06
5440,9,1.0053537e-06
5441,9,1.0068222e-06
5442,9,5.532644639336174e-07
5443,9,1.0085e-06
5444,9,1.0109998e-06
5445,10,2.845608499211912e-07
5446,10,1.0784519e-06
5447,11,1.5223102e-07
5448,11,1.5611685e-07
5449,10,7.633300236297019e-07
5450,9,1.0144049e-06
5451,9,1.011015e-06
5452,9,7.097096047085836e-07
5453,9,1.0070699e-06
5454,9,1.0058981e-06
5455,9,1.0047094e-06
5456,9,1.0036855e-06
5457,9,1.0030736e-06
5458,9,1.0030655e-06
5459,9,1.0036581e-06
5460,9,1.0046472e-06
5461,9,1.005744e-06
5462,9,1.0067805e-06
5463,9,7.09731813055505e-07
5464,9,1.0103026e-06
5465,9,1.0134781e-06
5466,10,7.624177087154448e-07
5467,10,1.3070206e-07
5468,11,7.0125706e-08
5469,10,1.2677672e-07
5470,10,4.197351016995252e-07
5471,9,1.0072736e-06
5472,9,1.0070905e-06
5473,9,2.231034012790405e-07
5474,9,1.0055393e-06
5475,9,1.0047788e-06
5476,9,1.0040175e-06
5477,9,1.0033642e-06
5478,9,1.002984e-06
5479,9,1.0029749e-06
5480,9,1.0033472e-06
5481,9,1.0039666e-06
5482,9,1.0046732e-06
5483,9,1.0053653e-06
5484,9,2.2322456472575225e-07
5485,9,1.006674e-06
5486,9,1.006692e-06
5487,10,4.189494261179214e-07
5488,10,1.2789545e-07
5489,11,1.3133173e-07
5490,11,1.046206e-07
5491,10,1.0107928e-06
5492,9,1.2735579588018737e-07
5493,9,1.0007049e-06
5494,9,8.471211915789498e-07
5495,9,1.0038279e-06
5496,9,1.0039972e-06
5497,9,1.0037806e-06
5498,9,1.0034056e-06
5499,9,1.0030296e-06
5500,9,1.0027921e-06
5501,9,1.0027848e-06
5502,9,1.0030175e-06
5503,9,1.003379e-06
5504,9,1.0037483e-06
5505,9,1.0039534e-06
5506,9,1.0038024e-06
5507,9,8.471374718825818e-07
5508,9,1.0008742e-06
5509,9,1.275430148905618e-07
5510,10,1.014071e-06
5511,11,1.1371205e-07
5512,11,1.251367e-07
5513,10,9.7411271e-07
5514,9,3.3274582062103785e-08
5515,9,9.967963e-07
5516,9,6.886121500135823e-07
5517,9,1.0022415e-06
5518,9,1.0030171e-06
5519,9,1.0031798e-06
5520,9,1.0030423e-06
5521,9,1.0028141e-06
5522,9,1.0026425e-06
5523,9,1.0026426e-06
5524,9,1.0028203e-06
5525,9,1.003055e-06
5526,9,1.0032063e-06
5527,9,1.0030688e-06
5528,9,1.0023327e-06
5529,9,6.886878752803846e-07
5530,9,9.9723042e-07
5531,9,3.34074652995795e-08
5532,10,9.7564531e-07
5533,10,1.278913e-07
5534,11,1.2635908e-07
5535,10,9.7436097e-07
5536,9,3.3249942624224786e-08
5537,9,9.9674195e-07
5538,9,6.88593796897416e-07
5539,9,1.0021904e-06
5540,9,1.0029831e-06
5541,9,1.0031616e-06
5542,9,1.0030365e-06
5543,9,1.0028141e-06
5544,9,1.0026467e-06
5545,9,1.0026528e-06
5546,9,1.0028349e-06
5547,9,1.0030791e-06
5548,9,1.0032392e-06
5549,9,1.0031083e-06
5550,9,1.0023815e-06
5551,9,6.887151133706658e-07
5552,9,9.9712959e-07
5553,9,3.3412705850467995e-08
5554,10,9.7482226e-07
5555,10,1.2897384e-07
5556,11,1.2066752e-07
5557,10,1.0104715e-06
5558,9,1.272326339809398e-07
5559,9,1.0005111e-06
5560,9,8.470438250676091e-07
5561,9,1.0036715e-06
5562,9,1.0038974e-06
5563,9,1.0037332e-06
5564,9,1.0033947e-06
5565,9,1.0030384e-06
5566,9,1.0028097e-06
5567,9,1.0028167e-06
5568,9,1.003065e-06
5569,9,1.0034519e-06
5570,9,1.0038377e-06
5571,9,1.004059e-06
5572,9,1.0038988e-06
5573,9,8.472049253203167e-07
5574,9,1.0007401e-06
5575,9,1.2734349264867976e-07
5576,10,1.0100945e-06
5577,10,1.2333407e-07
5578,11,6.4082797e-08
5579,10,1.1854144e-07
5580,10,4.1980167707761234e-07
5581,9,1.007051e-06
5582,9,1.006749e-06
5583,9,2.2317493151361479e-07
5584,9,1.0053861e-06
5585,9,1.0047152e-06
5586,9,1.0040204e-06
5587,9,1.003392e-06
5588,9,1.0030123e-06
5589,9,1.003016e-06
5590,9,1.0034059e-06
5591,9,1.0040655e-06
5592,9,1.004824e-06
5593,9,1.0055719e-06
5594,9,2.2319859146747493e-07
5595,9,1.0070162e-06
5596,9,1.0071492e-06
5597,10,4.195922651750523e-07
5598,10,1.1970173e-07
5599,11,1.5781843e-07
5600,11,1.2443035e-07
5601,10,7.637149251845152e-07
5602,9,1.0137942e-06
5603,9,1.0103436e-06
5604,9,7.096316821692257e-07
5605,9,1.0068669e-06
5606,9,1.005864e-06
5607,9,1.0047548e-06
5608,9,1.0037369e-06
5609,9,1.0031099e-06
5610,9,1.0031046e-06
5611,9,1.0037256e-06
5612,9,1.0047597e-06
5613,9,1.0059346e-06
5614,9,1.007058e-06
5615,9,7.097802536710545e-07
5616,9,1.0107578e-06
5617,9,1.0140733e-06
5618,10,7.631821940674349e-07
5619,10,1.2917933e-07
5620,11,1.1318263e-07
5621,11,1.2191588e-07
5622,10,1.0752226e-06
5623,10,2.841769546462331e-07
5624,9,1.0106522e-06
5625,9,1.0085692e-06
5626,9,5.531005097881592e-07
5627,9,1.007015e-06
5628,9,1.0054999e-06
5629,9,1.0039176e-06
5630,9,1.0028823e-06
5631,9,1.0028594e-06
5632,9,1.0038527e-06
5633,9,1.0054226e-06
5634,9,1.0070026e-06
5635,9,5.532429352942237e-07
5636,9,1.0090054e-06
5637,9,1.0114575e-06
5638,10,2.844848008173087e-07
5639,10,1.0768082e-06
5640,10,1.2862256e-07
5641,10,1.1433447e-07
5642,10,9.376090599949808e-07
5643,9,3.65230341396072e-08
5644,9,1.0068145e-06
5645,9,1.0089072e-06
5646,9,7.096700359181654e-07
5647,9,2.2297151842532853e-07
5648,9,1.003729e-06
5649,9,1.0019983e-06
5650,9,1.001951e-06
5651,9,1.0035782e-06
5652,9,2.2316810165227133e-07
5653,9,7.097819967095695e-07
5654,9,1.0090193e-06
5655,9,1.0073066e-06
5656,9,3.666423931704286e-08
5657,10,9.39671144248682e-07
5658,10,1.2116676e-07
5659,11,1.2507259e-07
5660,11,9.0125472e-08
5661,10,1.2358031e-07
5662,10,7.584300637652862e-07
5663,9,3.714929316015493e-08
5664,9,1.011572e-06
5665,9,1.0110925e-06
5666,9,1.0071773e-06
5667,9,8.466383248458206e-07
5668,9,6.879911194816605e-07
5669,9,6.880313937624078e-07
5670,9,8.466964410811892e-07
5671,9,1.0066754e-06
5672,9,1.0106254e-06
5673,9,1.0116437e-06
5674,9,3.7282321464829926e-08
5675,10,7.582329315746443e-07
5676,10,1.2061225e-07
5677,11,1.7343076e-07
5678,11,1.3774171e-07
5679,10,1.1461184e-07
5680,10,9.387996948139094e-07
5681,10,2.8464218634378905e-07
5682,9,1.0149545e-06
5683,9,1.0077508e-06
5684,9,1.0004112e-06
5685,9,9.9615231e-07
5686,9,9.9610419e-07
5687,9,1.0001235e-06
5688,9,1.0067614e-06
5689,9,1.013881e-06
5690,10,2.8481668488472525e-07
5691,10,9.412706041889038e-07
5692,10,1.2082072e-07
5693,10,1.2299339e-07
5694,11,7.1299517e-08
5695,11,1.1729119e-07
5696,10,1.2273008e-07
5697,10,1.0779937e-06
5698,10,7.647107337774897e-07
5699,10,4.198772494484214e-07
5700,9,1.264075940881885e-07
5701,9,3.20937332561807e-08
5702,9,3.2135138995495834e-08
5703,9,1.2653537796453013e-07
5704,10,4.1925461133341763e-07
5705,10,7.632412343371469e-07
5706,10,1.0798135e-06
5707,10,1.2116957e-07
5708,11,1.7514101e-07
5709,11,7.1341932e-08
5710,11,7.3081203e-08
5711,11,1.5254495e-07
5712,10,1.3146e-07
5713,10,1.2883213e-07
5714,10,1.0091778e-06
5715,10,9.7206499e-07
5716,10,9.7237117e-07
5717,10,1.0093436e-06
5718,10,1.1974409e-07
5719,10,1.2859333e-07
5720,10,1.3129053e-07
5721,11,1.2399401e-07
5722,11,7.0559817e-08
5723,11,1.3446318e-07
5724,11,1.127502e-07
5725,10,1.2731885e-07
5726,10,1.2871294e-07
5727,10,1.2318901e-07
5728,11,1.5980137e-07
5729,11,1.1170357e-07
5730,11,1.0176741e-07
5731,11,1.2483077e-07
5732,11,1.2619661e-07
5733,11,1.1958217e-07
5734,11,6.6358163e-08
5735,11,7.5150839e-08
5736,11,1.5627852e-07
5737,10,1.2704823e-07
5738,10,1.719677210832527e-09
5739,10,9.7237906e-07
5740,10,9.7249756e-07
5741,10,1.428433085399708e-09
5742,10,1.1892146e-07
5743,11,1.2349384e-07
5744,11,1.243918e-07
5745,11,1.4278438e-07
5746,10,1.1981914275644766e-08
5747,10,9.742637846776588e-10
5748,10,2.016435219101262e-09
5749,9,1.263880255789928e-07
5750,9,3.1946345960135603e-08
5751,9,3.1905379170741274e-08
5752,9,1.2630177600153445e-07
5753,10,1.9720661150059164e-09
5754,10,1.2509584721720375e-09
5755,10,1.3896791538006074e-08
5756,10,1.1526952e-07
5757,11,9.1701856e-08
5758,11,8.4034361e-08
5759,10,1.1939108e-07
5760,10,1.4053886330081056e-08
5761,10,2.8416105585165826e-07
5762,9,2.3927355231491647e-09
5763,9,1.2713345873421107e-09
5764,9,1.418969095725854e-10
5765,9,9.9629891e-07
5766,9,9.9637934e-07
5767,9,1.4379047425705682e-10
5768,9,1.3065164452701094e-09
5769,9,2.530833249602959e-09
5770,10,2.8486331482617177e-07
5771,10,1.3665175336776476e-08
5772,10,1.2424513e-07
5773,11,1.383761e-07
5774,10,1.1747832e-07
5775,10,6.566773842706251e-09
5776,9,3.663283563041898e-08
5777,9,2.0517585932485278e-09
5778,9,1.8875767588898523e-09
5779,9,1.2430659991219754e-09
5780,9,4.5430316472628413e-10
5781,9,7.475642200656003e-11
5782,9,7.916454872824193e-11
5783,9,4.678697588611113e-10
5784,9,1.2671239642289048e-09
5785,9,1.906136431813507e-09
5786,9,1.9667205529317144e-09
5787,9,3.6966549257917014e-08
5788,10,5.936679222407941e-09
5789,10,1.1370275e-07
5790,11,1.0930386e-07
5791,11,1.4691826e-07
5792,10,1.4371141907696506e-08
5793,9,3.69349285341348e-08
5794,9,1.462753236794418e-09
5795,9,1.672062289639105e-09
5796,9,1.068717818037271e-09
5797,9,2.4878325985239705e-10
5798,9,7.069106264698288e-10
5799,9,4.397857590256716e-10
5800,9,4.439597753500653e-10
5801,9,7.168888577618415e-10
5802,9,2.49653508286055e-10
5803,9,1.0492160692641262e-09
5804,9,1.5506643234941574e-09
5805,9,1.1777607366651894e-09
5806,9,3.7160575651295496e-08
5807,10,1.3731321901418251e-08
5808,10,1.237982e-07
5809,11,7.3005289e-08
5810,11,7.4455211e-08
5811,10,1.4110370442091042e-08
5812,10,2.846103682069617e-07
5813,9,2.247907055899603e-09
5814,9,1.744166174460957e-09
5815,9,8.349831338479218e-10
5816,9,1.3036370472959455e-09
5817,9,1.016648775151427e-09
5818,9,7.388711597684841e-10
5819,9,5.68296878337492e-10
5820,9,5.713196322265496e-10
5821,9,7.42982040188807e-10
5822,9,1.0105087956302692e-09
5823,9,1.2669436677227546e-09
5824,9,7.827371006379062e-10
5825,9,1.561080445929606e-09
5826,9,1.974794985882809e-09
5827,10,2.844192191986503e-07
5828,10,1.3319262641570762e-08
5829,11,1.4952068e-07
5830,11,1.5479525e-07
5831,10,1.182979553969656e-09
5832,9,2.635924174668989e-09
5833,9,2.046107629154758e-09
5834,9,1.129527257471303e-09
5835,9,1.340993814630848e-09
5836,9,1.1147414085448126e-09
5837,9,8.886538482890404e-10
5838,9,6.974077150509362e-10
5839,9,5.855413876959156e-10
5840,9,5.866767136738631e-10
5841,9,6.976235491428195e-10
5842,9,8.803237881804108e-10
5843,9,1.0827207117789535e-09
5844,9,1.2741724375784495e-09
5845,9,1.0518773230730431e-09
5846,9,1.8840760539466673e-09
5847,9,2.4197581759896593e-09
5848,10,1.0162831650485014e-09
5849,10,1.3023671e-07
5850,11,6.9276998e-08
5851,10,1.2666197e-07
5852,10,1.973277880958411e-09
5853,9,1.357308768542618e-09
5854,9,1.3421371853436975e-09
5855,9,2.653448847513113e-10
5856,9,1.0609911809971972e-09
5857,9,9.073015095857811e-10
5858,9,7.555251168811859e-10
5859,9,6.209293357943022e-10
5860,9,5.420828936541346e-10
5861,9,5.427672082371962e-10
5862,9,6.212122040785119e-10
5863,9,7.501739667082002e-10
5864,9,8.888678605404234e-10
5865,9,1.0251268165208896e-09
5866,9,2.528150930981106e-10
5867,9,1.2610394248279463e-09
5868,9,1.2503123170502251e-09
5869,10,1.896454216338068e-09
5870,10,1.2782938e-07
5871,11,1.3077007e-07
5872,11,1.0549574e-07
5873,10,1.608991469191342e-09
5874,9,1.2734172975131457e-07
5875,9,1.9308314862613088e-10
5876,9,5.164482608404696e-10
5877,9,7.697027805214046e-10
5878,9,7.818119778688387e-10
5879,9,7.206209525685608e-10
5880,9,6.293332770776118e-10
5881,9,5.345523337962585e-10
5882,9,4.817637204059414e-10
5883,9,4.827819889660974e-10
5884,9,5.364221369586972e-10
5885,9,6.285799086281802e-10
5886,9,7.150873625927176e-10
5887,9,7.717638549773186e-10
5888,9,7.57867855390266e-10
5889,9,5.091289653700043e-10
5890,9,2.0458070706226582e-10
5891,9,1.2743707868981998e-07
5892,10,1.7253567124396052e-09
5893,11,1.132063e-07
5894,11,1.2505691e-07
5895,10,9.7400235e-07
5896,9,3.338686282420024e-08
5897,9,9.9680507e-07
5898,9,1.2376367783984849e-10
5899,9,4.929784234205507e-10
5900,9,6.06131286521161e-10
5901,9,6.076091035365142e-10
5902,9,5.519042736457019e-10
5903,9,4.852871707882094e-10
5904,9,4.4526412359930285e-10
5905,9,4.4618227315555857e-10
5906,9,4.876747755340633e-10
5907,9,5.557453227777005e-10
5908,9,6.107831206597838e-10
5909,9,6.09506946119033e-10
5910,9,4.96188367476108e-10
5911,9,1.3483701018350704e-10
5912,9,9.9720256e-07
5913,9,3.339197874773799e-08
5914,10,9.7538825e-07
5915,10,1.2787923e-07
5916,11,1.2625144e-07
5917,10,9.7447107e-07
5918,9,3.3392846008779255e-08
5919,9,9.9677031e-07
5920,9,1.1935213217714388e-10
5921,9,4.81690310377256e-10
5922,9,5.961252619482686e-10
5923,9,6.011278543533095e-10
5924,9,5.488647627542267e-10
5925,9,4.827828444342647e-10
5926,9,4.4534774843792036e-10
5927,9,4.4598220802284267e-10
5928,9,4.873246199930636e-10
5929,9,5.556962055814568e-10
5930,9,6.113194229083563e-10
5931,9,6.096266827415308e-10
5932,9,4.983956971845206e-10
5933,9,1.3289523779868989e-10
5934,9,9.9714251e-07
5935,9,3.3413434841665765e-08
5936,10,9.748623e-07
5937,10,1.2905769e-07
5938,11,1.1944001e-07
5939,10,1.8261792899329274e-09
5940,9,1.2731014017034756e-07
5941,9,1.9640405314193767e-10
5942,9,4.833829939888595e-10
5943,9,7.236050340477154e-10
5944,9,7.45124111142743e-10
5945,9,6.980618791844638e-10
5946,9,6.167881950043346e-10
5947,9,5.296933744538011e-10
5948,9,4.789593211006078e-10
5949,9,4.818144768832486e-10
5950,9,5.361398340011594e-10
5951,9,6.292513877235244e-10
5952,9,7.180839009591373e-10
5953,9,7.725404709967777e-10
5954,9,7.538823376807951e-10
5955,9,5.042142313141562e-10
5956,9,1.983921452006373e-10
5957,9,1.273969017159549e-07
5958,10,1.624229776447154e-09
5959,10,1.2344301e-07
5960,11,6.4829926e-08
5961,10,1.1881728e-07
5962,10,1.9712751035684434e-09
5963,9,1.2487607151436936e-09
5964,9,1.2185965078776292e-09
5965,9,2.424276368493897e-10
5966,9,9.863898722734614e-10
5967,9,8.626732104344711e-10
5968,9,7.33282809196777e-10
5969,9,6.109921210846898e-10
5970,9,5.364732967394861e-10
5971,9,5.38610794718258e-10
5972,9,6.182417647281321e-10
5973,9,7.510319781375683e-10
5974,9,8.947637879993105e-10
5975,9,1.0363176777607404e-09
5976,9,2.561039679999469e-10
5977,9,1.28387136687831e-09
5978,9,1.2949504967650483e-09
5979,10,1.956130857710229e-09
5980,10,1.1977976e-07
5981,11,1.5998159e-07
5982,11,1.2370576e-07
5983,10,9.475698432292531e-10
5984,9,2.3027959281061652e-09
5985,9,1.7721226465772506e-09
5986,9,9.89810649446809e-10
5987,9,1.2110082482045031e-09
5988,9,1.0452007779474541e-09
5989,9,8.580443405373206e-10
5990,9,6.838443972085508e-10
5991,9,5.765586187744435e-10
5992,9,5.778274024521976e-10
5993,9,6.916958573310067e-10
5994,9,8.80280864268276e-10
5995,9,1.0939289358566926e-09
5996,9,1.296649531777633e-09
5997,9,1.0770854403279875e-09
5998,9,1.9230860992175833e-09
5999,9,2.464572853785718e-09
6000,10,1.073142740362544e-09
6001,10,1.2893058e-07
6002,11,1.1291115e-07
6003,11,1.1867883e-07
6004,10,1.2636655644249402e-08
6005,10,2.8414376804696455e-07
6006,9,1.7505781913029095e-09
6007,9,1.4164946291797686e-09
6008,9,7.325497869397395e-10
6009,9,1.2173264471751535e-09
6010,9,9.832030635884816e-10
6011,9,7.24741137432303e-10
6012,9,5.545228990616423e-10
6013,9,5.530183516754175e-10
6014,9,7.265746012413529e-10
6015,9,9.98687191705809e-10
6016,9,1.2750110470612581e-09
6017,9,8.046295580282412e-10
6018,9,1.6427688718239101e-09
6019,9,2.0577494897356627e-09
6020,10,2.844635747396814e-07
6021,10,1.3706934218032448e-08
6022,10,1.2942737e-07
6023,10,1.1507174e-07
6024,10,1.313626759995372e-08
6025,9,3.6600882490773735e-08
6026,9,9.868189744563058e-10
6027,9,1.4221204324252395e-09
6028,9,1.0029896714277814e-09
6029,9,2.42568405749971e-10
6030,9,6.961612497091661e-10
6031,9,4.153695893773072e-10
6032,9,4.096418685470087e-10
6033,9,6.832699544729302e-10
6034,9,2.406797964350965e-10
6035,9,1.0308180510786102e-09
6036,9,1.5940908368444555e-09
6037,9,1.3631688934734672e-09
6038,9,3.656195659951436e-08
6039,10,1.3554687386000012e-08
6040,10,1.2054789e-07
6041,11,1.2369546e-07
6042,11,8.7548728e-08
6043,10,1.2422002e-07
6044,10,6.0825876844415994e-09
6045,9,3.7218255807920574e-08
6046,9,1.7473285650315515e-09
6047,9,1.8241505286348774e-09
6048,9,1.2360687512618087e-09
6049,9,4.432959787268409e-10
6050,9,5.395078205416527e-11
6051,9,4.833328403282767e-11
6052,9,4.179579831315635e-10
6053,9,1.171356655065857e-09
6054,9,1.780487703420989e-09
6055,9,1.899092714101396e-09
6056,9,3.716082283265619e-08
6057,10,6.966704988821772e-09
6058,10,1.2091761e-07
6059,11,1.717716e-07
6060,11,1.3846046e-07
6061,10,1.1496191e-07
6062,10,1.2562296133811162e-08
6063,10,2.847385314779825e-07
6064,9,2.434170158817758e-09
6065,9,1.2947777023976236e-09
6066,9,9.06541722797754e-11
6067,9,9.9615324e-07
6068,9,9.9607323e-07
6069,9,7.565971810465932e-11
6070,9,1.1629387359097524e-09
6071,9,2.188688290622891e-09
6072,10,2.8450759533049146e-07
6073,10,1.3446188408448363e-08
6074,10,1.2133976e-07
6075,10,1.2368193e-07
6076,11,7.173039e-08
6077,11,1.2003977e-07
6078,10,1.227025e-07
6079,10,1.2856630033646981e-08
6080,10,1.2317686362625384e-09
6081,10,1.977964101499917e-09
6082,9,1.2631105509891898e-07
6083,9,3.205675799321698e-08
6084,9,3.2123268759026325e-08
6085,9,1.265084163308506e-07
6086,10,1.9459699884250595e-09
6087,10,7.638971433991788e-10
6088,10,1.1476332616413794e-08
6089,10,1.2029957e-07
6090,11,1.7167023e-07
6091,11,7.158179e-08
6092,11,7.3890801e-08
6093,11,1.5184094e-07
6094,10,1.3078889e-07
6095,10,1.2870042e-07
6096,10,1.0714178869311038e-09
6097,10,9.7183936e-07
6098,10,9.7217899e-07
6099,10,1.6218333705066832e-09
6100,10,1.1989992e-07
6101,10,1.289055e-07
6102,10,1.2897274e-07
6103,11,1.2449409e-07
6104,11,6.8938995e-08
6105,11,1.3536755e-07
6106,11,1.1216985e-07
6107,10,1.2730866e-07
6108,10,1.2872768e-07
6109,10,1.2313149e-07
6110,11,1.5820848e-07
6111,11,1.1172796e-07
6112,11,1.0375644e-07
6113,11,1.2466124e-07
6114,11,1.2598422978563344e-07
6115,11,1.1949651e-07
6116,11,6.7140934e-08
6117,11,7.5542514e-08
6118,11,1.5091683533561966e-07
6119,10,1.2732598142068854e-07
6120,10,1.0078826435288246e-06
6121,10,9.7242989e-07
6122,10,9.7242813e-07
6123,10,1.0079988643840348e-06
6124,10,1.189295836682902e-07
6125,10,1.2308596e-07
6126,11,1.2136228e-07
6127,11,1.413232799811811e-07
6128,10,1.0628487148430838e-06
6129,10,7.618644487804341e-07
6130,10,4.164840912629101e-07
6131,9,1.2524579394793654e-07
6132,9,3.0745641887345665e-08
6133,9,3.0702158239140056e-08
6134,9,1.251349704229381e-07
6135,10,4.164748388100053e-07
6136,10,7.615780416303106e-07
6137,10,1.0648843876611916e-06
6138,10,1.1650447e-07
6139,11,8.7946507e-08
6140,11,8.4748398e-08
6141,10,1.1870661e-07
6142,10,9.241918322798962e-07
6143,10,2.832118165175468e-07
6144,9,1.0117567437716145e-06
6145,9,1.0060922488265494e-06
6146,9,1.000434e-06
6147,9,9.963831e-07
6148,9,9.9646286e-07
6149,9,1.0006808e-06
6150,9,1.0065432356327377e-06
6151,9,1.0123982301062687e-06
6152,10,2.8349932430328946e-07
6153,10,9.2502866126736e-07
6154,10,1.222447117086534e-07
6155,11,1.3556233306120874e-07
6156,10,1.178389e-07
6157,10,7.512806441052174e-07
6158,9,3.5493616620198666e-08
6159,9,1.009370039767126e-06
6160,9,1.0089558525928336e-06
6161,9,1.0058635129420169e-06
6162,9,8.441368187551436e-07
6163,9,6.85730781706873e-07
6164,9,6.85705910403757e-07
6165,9,8.440701254098227e-07
6166,9,1.0061287188790525e-06
6167,9,1.0092794666522114e-06
6168,9,1.0095992108999235e-06
6169,9,3.580394714812801e-08
6170,10,7.494848687253512e-07
6171,10,1.1429718e-07
6172,11,1.1785073e-07
6173,11,1.4204314865255601e-07
6174,10,9.254533655198382e-07
6175,9,3.564478606818164e-08
6176,9,1.0063978812086825e-06
6177,9,1.0076347919596769e-06
6178,9,7.063509282894698e-07
6179,9,2.2039687154270197e-07
6180,9,1.0031672111806236e-06
6181,9,1.001833287481982e-06
6182,9,1.0018631224845134e-06
6183,9,1.0032349537369056e-06
6184,9,2.2036843679212335e-07
6185,9,7.064362516387036e-07
6186,9,1.007436159201854e-06
6187,9,1.0056309589952055e-06
6188,9,3.5865841387135585e-08
6189,10,9.255179388734862e-07
6190,10,1.2218594726572424e-07
6191,11,7.2498806e-08
6192,11,7.779978e-08
6193,10,1.066878189241757e-06
6194,10,2.834844396808576e-07
6195,9,1.0104401565555751e-06
6196,9,1.008019393189362e-06
6197,9,5.499730450337218e-07
6198,9,1.006006511142059e-06
6199,9,1.0046415863102948e-06
6200,9,1.0032910277060049e-06
6201,9,1.0024460375205383e-06
6202,9,1.002455874613026e-06
6203,9,1.0033065420576643e-06
6204,9,1.0046375262444358e-06
6205,9,1.0059118027168188e-06
6206,9,5.501654835359946e-07
6207,9,1.0073889698947224e-06
6208,9,1.009508993189757e-06
6209,10,2.833188398212957e-07
6210,10,1.064794609835866e-06
6211,11,1.4423734331707942e-07
6212,11,1.5003358838316294e-07
6213,10,7.61634998318057e-07
6214,9,1.012567070836046e-06
6215,9,1.0096400646814269e-06
6216,9,7.064506578059993e-07
6217,9,1.0061691372834837e-06
6218,9,1.0050894207374185e-06
6219,9,1.0040136845116756e-06
6220,9,1.0030669465256175e-06
6221,9,1.0025021954248537e-06
6222,9,1.0025021187997086e-06
6223,9,1.0030571333883748e-06
6224,9,1.0039698115787216e-06
6225,9,1.0049570196960116e-06
6226,9,1.0058932198612843e-06
6227,9,7.065290645587793e-07
6228,9,1.0089906568737348e-06
6229,9,1.0117184589189994e-06
6230,10,7.605863917840475e-07
6231,10,1.2722433109637378e-07
6232,11,6.9871189e-08
6233,10,1.2699948827594288e-07
6234,10,4.1681569361537726e-07
6235,9,1.006475607135824e-06
6236,9,1.006281525814874e-06
6237,9,2.2048240966800306e-07
6238,9,1.004822480001519e-06
6239,9,1.0040850029785484e-06
6240,9,1.0033216494923905e-06
6241,9,1.0026570883702018e-06
6242,9,1.0022860236185085e-06
6243,9,1.0022823622165595e-06
6244,9,1.0026409418142194e-06
6245,9,1.0032748570481095e-06
6246,9,1.00398032059947e-06
6247,9,1.004644168102386e-06
6248,9,2.206278452480205e-07
6249,9,1.0059268470189795e-06
6250,9,1.0060828397051826e-06
6251,10,4.1643447566405394e-07
6252,10,1.2536384804086144e-07
6253,11,1.3195400062586485e-07
6254,11,1.0545858e-07
6255,10,1.006814153365948e-06
6256,9,1.260721722903851e-07
6257,9,1.000677e-06
6258,9,8.446887833251195e-07
6259,9,1.0034106885975316e-06
6260,9,1.0034548404980696e-06
6261,9,1.0031593467413276e-06
6262,9,1.0026917475592024e-06
6263,9,1.002269260030329e-06
6264,9,1.0020310607141448e-06
6265,9,1.0020283133539298e-06
6266,9,1.002260352328974e-06
6267,9,1.002668184743988e-06
6268,9,1.0031149585075252e-06
6269,9,1.003395450533488e-06
6270,9,1.0033483664898151e-06
6271,9,8.446488200133083e-07
6272,9,1.0008100794052318e-06
6273,9,1.260898641533975e-07
6274,10,1.0081350267048855e-06
6275,11,1.1231362e-07
6276,11,1.252126274662127e-07
6277,10,9.7380579e-07
6278,9,3.224395278988097e-08
6279,9,9.9680784e-07
6280,9,6.865282868710634e-07
6281,9,1.0020386994953692e-06
6282,9,1.0025932715984489e-06
6283,9,1.0025964273897165e-06
6284,9,1.002335260585892e-06
6285,9,1.0020480540194842e-06
6286,9,1.0018779995345104e-06
6287,9,1.0018789176983295e-06
6288,9,1.0020502257303616e-06
6289,9,1.0023359312960828e-06
6290,9,1.0025985933692858e-06
6291,9,1.0026040906631368e-06
6292,9,1.0020678393920522e-06
6293,9,6.86487704316479e-07
6294,9,9.9714816e-07
6295,9,3.217140897445977e-08
6296,10,9.7473393e-07
6297,10,1.249016676842745e-07
6298,11,1.2630618123576833e-07
6299,10,9.744173e-07
6300,9,3.2274487622228055e-08
6301,9,9.9679324e-07
6302,9,6.865471035718528e-07
6303,9,1.001982789971858e-06
6304,9,1.0025525239546989e-06
6305,9,1.0025753415227963e-06
6306,9,1.0023282563902172e-06
6307,9,1.0020491332622534e-06
6308,9,1.001882913135618e-06
6309,9,1.001886413943494e-06
6310,9,1.002060133896082e-06
6311,9,1.002352003214448e-06
6312,9,1.0026209078781164e-06
6313,9,1.002631731106302e-06
6314,9,1.0021051467197749e-06
6315,9,6.865105201766362e-07
6316,9,9.9712075e-07
6317,9,3.21981851247313e-08
6318,10,9.7448228e-07
6319,10,1.2599563255491656e-07
6320,11,1.2087652e-07
6321,10,1.0077917456360628e-06
6322,9,1.2614550582593664e-07
6323,9,1.0004567e-06
6324,9,8.44725855028073e-07
6325,9,1.0032103959039835e-06
6326,9,1.003332680845553e-06
6327,9,1.0031005834034008e-06
6328,9,1.0026756479745692e-06
6329,9,1.0022751602125663e-06
6330,9,1.0020441309172258e-06
6331,9,1.0020480483475644e-06
6332,9,1.002290578298207e-06
6333,9,1.0027139771711031e-06
6334,9,1.0031798072280131e-06
6335,9,1.003465851734202e-06
6336,9,1.003407659619075e-06
6337,9,8.446470317358779e-07
6338,9,1.0007942293373537e-06
6339,9,1.2608833708701905e-07
6340,10,1.00760721509682e-06
6341,10,1.2104761913896828e-07
6342,11,6.4829255e-08
6343,10,1.1865381816498569e-07
6344,10,4.1661518145249286e-07
6345,9,1.0057783156788952e-06
6346,9,1.0057139274279231e-06
6347,9,2.207043543153097e-07
6348,9,1.0046125158469504e-06
6349,9,1.0039996047422455e-06
6350,9,1.003305346278032e-06
6351,9,1.0026713872632276e-06
6352,9,1.0023060818427464e-06
6353,9,1.0023084207860948e-06
6354,9,1.002681070027786e-06
6355,9,1.0033419496619082e-06
6356,9,1.004094768378418e-06
6357,9,1.0047939334966154e-06
6358,9,2.2054709947137565e-07
6359,9,1.00612599012601e-06
6360,9,1.00632641132985e-06
6361,10,4.168649141659777e-07
6362,10,1.1737183893894901e-07
6363,11,1.502358531573929e-07
6364,11,1.2400148e-07
6365,10,7.606618895065691e-07
6366,9,1.011130306252813e-06
6367,9,1.008653941710497e-06
6368,9,7.064901946245138e-07
6369,9,1.005904383911438e-06
6370,9,1.0050178682845668e-06
6371,9,1.0040276251953758e-06
6372,9,1.0030997887920604e-06
6373,9,1.002526075270268e-06
6374,9,1.0025212548312654e-06
6375,9,1.003093588959787e-06
6376,9,1.0040452983523389e-06
6377,9,1.0051073162942165e-06
6378,9,1.0061098619503577e-06
6379,9,7.064852528776502e-07
6380,9,1.009221360306613e-06
6381,9,1.0118744026640913e-06
6382,10,7.609309507505494e-07
6383,10,1.2614783444890592e-07
6384,11,1.1299675e-07
6385,11,1.2111556e-07
6386,10,1.0610506446571106e-06
6387,10,2.830114677195024e-07
6388,9,1.009021061922268e-06
6389,9,1.0073866404031664e-06
6390,9,5.500748446252698e-07
6391,9,1.0060697631233709e-06
6392,9,1.0047477053858998e-06
6393,9,1.0033682428802752e-06
6394,9,1.0024623300454536e-06
6395,9,1.0024402721064218e-06
6396,9,1.0033043440804163e-06
6397,9,1.004675944538998e-06
6398,9,1.006065576255644e-06
6399,9,5.501511182630933e-07
6400,9,1.007847710586956e-06
6401,9,1.0098218719307936e-06
6402,10,2.8318985567516974e-07
6403,10,1.063104164169856e-06
6404,10,1.2588704861204378e-07
6405,10,1.154359e-07
6406,10,9.234405460028456e-07
6407,9,3.546663303219273e-08
6408,9,1.0060892421903458e-06
6409,9,1.0078203057271318e-06
6410,9,7.064232734857146e-07
6411,9,2.203611602451547e-07
6412,9,1.003298227920025e-06
6413,9,1.0018126833907177e-06
6414,9,1.001764624654451e-06
6415,9,1.0031481345782085e-06
6416,9,2.206480520148333e-07
6417,9,7.066105114361089e-07
6418,9,1.007782978515451e-06
6419,9,1.0065401956637382e-06
6420,9,3.5424279771956115e-08
6421,10,9.245097344063964e-07
6422,10,1.179740597615961e-07
6423,11,1.2337896504446366e-07
6424,11,8.6311597e-08
6425,10,1.2292623230818785e-07
6426,10,7.51526111243934e-07
6427,9,3.6126220589227524e-08
6428,9,1.010275577253957e-06
6429,9,1.0096871930858388e-06
6430,9,1.006317342290889e-06
6431,9,8.441659817315524e-07
6432,9,6.858277226136769e-07
6433,9,6.858792489935962e-07
6434,9,8.443306516836921e-07
6435,9,1.0058238530612032e-06
6436,9,1.0090269719022308e-06
6437,9,1.009621840147702e-06
6438,9,3.5958320179631686e-08
6439,10,7.526165842568909e-07
6440,10,1.1822933687753024e-07
6441,11,1.620448912958614e-07
6442,11,1.356051887456201e-07
6443,10,1.1449577e-07
6444,10,9.257472216342276e-07
6445,10,2.838736527964029e-07
6446,9,1.0129972899607985e-06
6447,9,1.0068268076776996e-06
6448,9,1.0005531e-06
6449,9,9.9617313e-07
6450,9,9.9607239e-07
6451,9,1.0001345e-06
6452,9,1.0060540134606124e-06
6453,9,1.011700795297364e-06
6454,10,2.8342569754427457e-07
6455,10,9.240322462846688e-07
6456,10,1.1847285989962296e-07
6457,10,1.225701998151796e-07
6458,11,7.1506011e-08
6459,11,1.1339531e-07
6460,10,1.223244376671867e-07
6461,10,1.0672114384196575e-06
6462,10,7.626011259064726e-07
6463,10,4.168093069960114e-07
6464,9,1.251320700271315e-07
6465,9,3.086112806113788e-08
6466,9,3.092507512435453e-08
6467,9,1.2531425389119772e-07
6468,10,4.167182922480815e-07
6469,10,7.620786400736146e-07
6470,10,1.0618648472271664e-06
6471,10,1.1756164605238034e-07
6472,11,1.6056417620050393e-07
6473,11,7.0614229e-08
6474,11,7.3300759e-08
6475,11,1.4454214827237698e-07
6476,10,1.2763210592177312e-07
6477,10,1.2583870731472204e-07
6478,10,1.0061962445062414e-06
6479,10,9.7174801e-07
6480,10,9.7200507e-07
6481,10,1.0072868396981994e-06
6482,10,1.1753730308083526e-07
6483,10,1.264415028751889e-07
6484,10,1.252401847418055e-07
6485,11,1.2478258360529666e-07
6486,11,7.0547526e-08
6487,11,1.3334295353671369e-07
6488,11,1.1173592e-07
6489,10,1.2449564322859837e-07
6490,10,1.258295680258847e-07
6491,10,1.2097922774455677e-07
6492,11,1.5328468888587914e-07
6493,11,1.1386899e-07
6494,14,1.0462976e-07
6495,14,1.2477242e-07
6496,14,1.2623908e-07
6497,14,1.203872e-07
6498,14,6.4806327e-08
6499,14,7.8368151e-08
6500,14,1.5492132e-07
6501,13,1.2627965e-07
6502,13,1.0106554e-06
6503,13,9.7261535e-07
6504,13,9.726913e-07
6505,13,1.0098168e-06
6506,13,1.1907727e-07
6507,13,1.2395159e-07
6508,14,1.1799562e-07
6509,14,1.440478e-07
6510,13,1.077182e-06
6511,13,7.626295202048763e-07
6512,13,4.181872830173793e-07
6513,12,1.253404603212571e-07
6514,12,3.0763225301987235e-08
6515,12,3.0723248910593264e-08
6516,12,1.2513884942844938e-07
6517,13,4.186327045722088e-07
6518,13,7.632074497713951e-07
6519,13,1.0770972e-06
6520,13,1.1708983e-07
6521,14,9.1793384e-08
6522,14,8.3879758e-08
6523,13,1.193576e-07
6524,13,9.362398133083608e-07
6525,13,2.831883104116829e-07
6526,12,1.0142379e-06
6527,12,1.0072894e-06
6528,12,1.0005956e-06
6529,12,9.9651468e-07
6530,12,9.9659697e-07
6531,12,1.0008676e-06
6532,12,1.007998e-06
6533,12,1.0150784e-06
6534,13,2.832783331438677e-07
6535,13,9.39488599850327e-07
6536,13,1.2336933e-07
6537,14,1.374773e-07
6538,13,1.1904091e-07
6539,13,7.591033566902219e-07
6540,12,3.518990188300589e-08
6541,12,1.0113917e-06
6542,12,1.0107999e-06
6543,12,1.0069894e-06
6544,12,8.441930862412228e-07
6545,12,6.855821247903919e-07
6546,12,6.855506320753209e-07
6547,12,8.441253449332878e-07
6548,12,1.0073489e-06
6549,12,1.011201e-06
6550,12,1.0116451e-06
6551,12,3.564133928437386e-08
6552,13,7.551851823081409e-07
6553,13,1.1400333e-07
6554,14,1.1387168e-07
6555,14,1.4476518e-07
6556,13,9.388501110507588e-07
6557,12,3.558381388438835e-08
6558,12,1.0077503e-06
6559,12,1.0091705e-06
6560,12,7.067375373598601e-07
6561,12,2.200992286457519e-07
6562,12,1.0036218e-06
6563,12,1.001993e-06
6564,12,1.0020256e-06
6565,12,1.0036964e-06
6566,12,2.2003845948308507e-07
6567,12,7.068026242441694e-07
6568,12,1.0089648e-06
6569,12,1.0069426e-06
6570,12,3.576228826150782e-08
6571,13,9.405290278211742e-07
6572,13,1.2349495e-07
6573,14,7.234997e-08
6574,14,7.6987302e-08
6575,13,1.0773549e-06
6576,13,2.8337434417011885e-07
6577,12,1.0124599e-06
6578,12,1.0095566e-06
6579,12,5.500556428318198e-07
6580,12,1.0070524e-06
6581,12,1.0053579e-06
6582,12,1.0036821e-06
6583,12,1.0026379e-06
6584,12,1.0026479e-06
6585,12,1.0036916e-06
6586,12,1.0053514e-06
6587,12,1.0069474e-06
6588,12,5.502045471279518e-07
6589,12,1.0089254e-06
6590,12,1.0116372e-06
6591,13,2.8337731096308485e-07
6592,13,1.0780243e-06
6593,14,1.5180776e-07
6594,14,1.5594988e-07
6595,13,7.62521790146639e-07
6596,12,1.0149991e-06
6597,12,1.0114962e-06
6598,12,7.06844558241574e-07
6599,12,1.0072206e-06
6600,12,1.0058449e-06
6601,12,1.0044736e-06
6602,12,1.0033034e-06
6603,12,1.0026335e-06
6604,12,1.0026306e-06
6605,12,1.0032856e-06
6606,12,1.0044199e-06
6607,12,1.0057004e-06
6608,12,1.0069292e-06
6609,12,7.068787958923308e-07
6610,12,1.0108971e-06
6611,12,1.014443e-06
6612,13,7.619924466618594e-07
6613,13,1.3062906e-07
6614,14,7.0524718e-08
6615,13,1.2762464e-07
6616,13,4.189979825014908e-07
6617,12,1.0078681e-06
6618,12,1.007468e-06
6619,12,2.2017026291871014e-07
6620,12,1.0055488e-06
6621,12,1.0045361e-06
6622,12,1.0035611e-06
6623,12,1.0027856e-06
6624,12,1.0023681e-06
6625,12,1.0023618e-06
6626,12,1.0027611e-06
6627,12,1.0035032e-06
6628,12,1.0044174e-06
6629,12,1.005349e-06
6630,12,2.202940664833859e-07
6631,12,1.0071167e-06
6632,12,1.0075486e-06
6633,13,4.187176029706533e-07
6634,13,1.2876905e-07
6635,14,1.3857003e-07
6636,14,1.05858e-07
6637,13,1.0078089e-06
6638,12,1.2600486984353038e-07
6639,12,1.0007935e-06
6640,12,8.447404576743198e-07
6641,12,1.0038823e-06
6642,12,1.0038542e-06
6643,12,1.0033965e-06
6644,12,1.0028217e-06
6645,12,1.0023547e-06
6646,12,1.0020932e-06
6647,12,1.0020886e-06
6648,12,1.0023389e-06
6649,12,1.0027885e-06
6650,12,1.0033392e-06
6651,12,1.0037815e-06
6652,12,1.0038159e-06
6653,12,8.447016652732483e-07
6654,12,1.0009652e-06
6655,12,1.2605451221097058e-07
6656,13,1.0100018e-06
6657,14,1.1199661e-07
6658,14,1.2498409e-07
6659,13,9.7369278e-07
6660,12,3.224492648892759e-08
6661,12,9.9689024e-07
6662,12,6.863581311962497e-07
6663,12,1.0022109e-06
6664,12,1.0027933e-06
6665,12,1.0027313e-06
6666,12,1.0024204e-06
6667,12,1.0021137e-06
6668,12,1.001931e-06
6669,12,1.0019297e-06
6670,12,1.0021103e-06
6671,12,1.0024153e-06
6672,12,1.0027276e-06
6673,12,1.0028021e-06
6674,12,1.0022495e-06
6675,12,6.863023331550719e-07
6676,12,9.9720287e-07
6677,12,3.218810528392504e-08
6678,13,9.7485299e-07
6679,13,1.2782986e-07
6680,14,1.2668214e-07
6681,13,9.7447232e-07
6682,12,3.2287954904694374e-08
6683,12,9.9691014e-07
6684,12,6.863889508940343e-07
6685,12,1.002151e-06
6686,12,1.0027543e-06
6687,12,1.0027145e-06
6688,12,1.0024173e-06
6689,12,1.0021173e-06
6690,12,1.0019381e-06
6691,12,1.00194e-06
6692,12,1.0021249e-06
6693,12,1.0024368e-06
6694,12,1.0027591e-06
6695,12,1.0028431e-06
6696,12,1.0023056e-06
6697,12,6.86314450340094e-07
6698,12,9.9717325e-07
6699,12,3.21707791791259e-08
6700,13,9.7445708e-07
6701,13,1.2900652e-07
6702,14,1.2030257e-07
6703,13,1.0101029e-06
6704,12,1.2621878599311872e-07
6705,12,1.0006231e-06
6706,12,8.447589462418533e-07
6707,12,1.0036654e-06
6708,12,1.0037376e-06
6709,12,1.0033516e-06
6710,12,1.0028184e-06
6711,12,1.0023685e-06
6712,12,1.002114e-06
6713,12,1.0021165e-06
6714,12,1.0023795e-06
6715,12,1.0028499e-06
6716,12,1.0034301e-06
6717,12,1.0038898e-06
6718,12,1.0039248e-06
6719,12,8.447371836488011e-07
6720,12,1.0009833e-06
6721,12,1.2593430594472466e-07
6722,13,1.0077688e-06
6723,13,1.2314566e-07
6724,14,6.5375944e-08
6725,13,1.1880036e-07
6726,13,4.1833377717755436e-07
6727,12,1.0068314e-06
6728,12,1.0067937e-06
6729,12,2.2041088773427787e-07
6730,12,1.0053648e-06
6731,12,1.0044911e-06
6732,12,1.0035743e-06
6733,12,1.0028172e-06
6734,12,1.0024012e-06
6735,12,1.0024001e-06
6736,12,1.0028176e-06
6737,12,1.0035954e-06
6738,12,1.004578e-06
6739,12,1.0055535e-06
6740,12,2.2024022649567187e-07
6741,12,1.0074147e-06
6742,12,1.0078987e-06
6743,13,4.191001893487829e-07
6744,13,1.1997386e-07
6745,14,1.5756876e-07
6746,14,1.2328541e-07
6747,13,7.61247076120517e-07
6748,12,1.0135459e-06
6749,12,1.0105385e-06
6750,12,7.06946798876135e-07
6751,12,1.0070436e-06
6752,12,1.0058513e-06
6753,12,1.0045322e-06
6754,12,1.0033648e-06
6755,12,1.0026741e-06
6756,12,1.0026638e-06
6757,12,1.0033386e-06
6758,12,1.0045115e-06
6759,12,1.0058968e-06
6760,12,1.0072112e-06
6761,12,7.069256157061664e-07
6762,12,1.0111948e-06
6763,12,1.0146548e-06
6764,13,7.627404934984897e-07
6765,13,1.2932291e-07
6766,14,1.1239263e-07
6767,14,1.2394382e-07
6768,13,1.075589e-06
6769,13,2.831674228603681e-07
6770,12,1.0113566e-06
6771,12,1.0091502e-06
6772,12,5.502893574412002e-07
6773,12,1.0072566e-06
6774,12,1.0055491e-06
6775,12,1.0038036e-06
6776,12,1.0026715e-06
6777,12,1.0026392e-06
6778,12,1.0037042e-06
6779,12,1.005415e-06
6780,12,1.007165e-06
6781,12,5.502872549867217e-07
6782,12,1.0094699e-06
6783,12,1.0118754e-06
6784,13,2.830420310117464e-07
6785,13,1.0760514e-06
6786,13,1.2943185e-07
6787,13,1.15346e-07
6788,13,9.378632582909314e-07
6789,12,3.538602881454082e-08
6790,12,1.007795e-06
6791,12,1.0096818e-06
6792,12,7.069887850268934e-07
6793,12,2.2009700318448595e-07
6794,12,1.0038083e-06
6795,12,1.0019763e-06
6796,12,1.0019095e-06
6797,12,1.0035954e-06
6798,12,2.2035367132504322e-07
6799,12,7.070597103259364e-07
6800,12,1.0094593e-06
6801,12,1.0080624e-06
6802,12,3.528593036402218e-08
6803,13,9.378036091765616e-07
6804,13,1.2082637e-07
6805,14,1.248931e-07
6806,14,8.4681287e-08
6807,13,1.2441553e-07
6808,13,7.584440389977595e-07
6809,12,3.599752579444724e-08
6810,12,1.0128131e-06
6811,12,1.0118278e-06
6812,12,1.0075947e-06
6813,12,8.442489675864232e-07
6814,12,6.856559888108993e-07
6815,12,6.857075358209582e-07
6816,12,8.443252129477533e-07
6817,12,1.0069393e-06
6818,12,1.0109466e-06
6819,12,1.0118744e-06
6820,12,3.5843554971789204e-08
6821,13,7.601606949373425e-07
6822,13,1.2090548e-07
6823,14,1.7304061e-07
6824,14,1.3825997e-07
6825,13,1.1426002e-07
6826,13,9.401094245678248e-07
6827,13,2.837742074491195e-07
6828,12,1.0157736e-06
6829,12,1.0082024e-06
6830,12,1.0006184e-06
6831,12,9.9622927e-07
6832,12,9.9612126e-07
6833,12,1.0001778e-06
6834,12,1.0071701e-06
6835,12,1.0141752e-06
6836,13,2.833951388557435e-07
6837,13,9.375630021978056e-07
6838,13,1.2132372e-07
6839,13,1.2362793e-07
6840,14,7.1235892e-08
6841,14,1.1214667e-07
6842,13,1.2297949e-07
6843,13,1.0811898e-06
6844,13,7.636089299136303e-07
6845,13,4.187489358196507e-07
6846,12,1.2511786650265774e-07
6847,12,3.0849859657877665e-08
6848,12,3.0904678194498545e-08
6849,12,1.2521698114872468e-07
6850,13,4.184389624170101e-07
6851,13,7.626093288541638e-07
6852,13,1.0751392e-06
6853,13,1.2003058e-07
6854,14,1.7007485e-07
6855,14,7.1101754e-08
6856,14,7.2903687e-08
6857,14,1.5183269e-07
6858,13,1.3093957e-07
6859,13,1.2887652e-07
6860,13,1.0078098e-06
6861,13,9.7172946e-07
6862,13,9.719545e-07
6863,13,1.0078682e-06
6864,13,1.1993331e-07
6865,13,1.2939033e-07
6866,13,1.2918393e-07
6867,14,1.2231594e-07
6868,14,6.8934111e-08
6869,14,1.3711898e-07
6870,14,1.1171705e-07
6871,13,1.2718901e-07
6872,13,1.2870422e-07
6873,13,1.2287922e-07
6874,14,1.5820623e-07
6875,14,1.1187406e-07
6876,14,1.0243467e-07
6877,14,1.2466633e-07
6878,14,1.262946e-07
6879,14,1.2021885e-07
6880,14,6.5844317e-08
6881,14,7.7671694e-08
6882,14,1.5522216e-07
6883,13,1.2565046e-07
6884,13,1.0100287e-06
6885,13,9.7272193e-07
6886,13,9.726755e-07
6887,13,1.0099634e-06
6888,13,1.1888789e-07
6889,14,1.2444675e-07
6890,14,1.2194899e-07
6891,14,1.4129943e-07
6892,13,1.0791983e-06
6893,13,7.63060922204119e-07
6894,13,4.181966712920811e-07
6895,12,1.2532935046621646e-07
6896,12,3.0836777466273855e-08
6897,12,3.0785825882113256e-08
6898,12,1.2514624160458877e-07
6899,13,4.184721111179251e-07
6900,13,7.633729615433881e-07
6901,13,1.0784289e-06
6902,13,1.1528623e-07
6903,14,9.2134171e-08
6904,14,8.4623022e-08
6905,13,1.2223673e-07
6906,13,9.358551788804716e-07
6907,13,2.8315366717528617e-07
6908,12,1.014782e-06
6909,12,1.0076006e-06
6910,12,1.0008058e-06
6911,12,9.9667584e-07
6912,12,9.9674343e-07
6913,12,1.0010592e-06
6914,12,1.0082925e-06
6915,12,1.0155616e-06
6916,13,2.831307474067466e-07
6917,13,9.394846746607296e-07
6918,13,1.2386542e-07
6919,14,1.3743577e-07
6920,13,1.181436e-07
6921,13,7.594810731091227e-07
6922,12,3.4791889074178016e-08
6923,12,1.0119498e-06
6924,12,1.0111934e-06
6925,12,1.0072129e-06
6926,12,8.438168933048248e-07
6927,12,6.853451735061501e-07
6928,12,6.853058307968814e-07
6929,12,8.43736200824286e-07
6930,12,1.0075651e-06
6931,12,1.0115791e-06
6932,12,1.01216e-06
6933,12,3.523657053827685e-08
6934,13,7.554441138255737e-07
6935,13,1.1424143e-07
6936,14,1.1689071e-07
6937,14,1.4538188e-07
6938,13,9.394045541369807e-07
6939,12,3.5353831686676524e-08
6940,12,1.0081977e-06
6941,12,1.009507e-06
6942,12,7.058137835842484e-07
6943,12,2.191790846398597e-07
6944,12,1.0035532e-06
6945,12,1.0018889e-06
6946,12,1.0019158e-06
6947,12,1.0036255e-06
6948,12,2.190886426981801e-07
6949,12,7.058363859535236e-07
6950,12,1.0093105e-06
6951,12,1.0074053e-06
6952,12,3.5447765451628295e-08
6953,13,9.400196966637152e-07
6954,13,1.2342676e-07
6955,14,7.2773569e-08
6956,14,7.8020253e-08
6957,13,1.0785209e-06
6958,13,2.831881770442675e-07
6959,12,1.0129009e-06
6960,12,1.0098519e-06
6961,12,5.489733621986933e-07
6962,12,1.0069788e-06
6963,12,1.0051052e-06
6964,12,1.0033819e-06
6965,12,1.0023605e-06
6966,12,1.0023688e-06
6967,12,1.0033914e-06
6968,12,1.0051009e-06
6969,12,1.0068876e-06
6970,12,5.490796402660106e-07
6971,12,1.0092728e-06
6972,12,1.0121202e-06
6973,13,2.831862865872351e-07
6974,13,1.0790954e-06
6975,14,1.5105692e-07
6976,14,1.5508709e-07
6977,13,7.624637206440737e-07
6978,12,1.0154383e-06
6979,12,1.0118288e-06
6980,12,7.05893796368123e-07
6981,12,1.0071199e-06
6982,12,1.0054766e-06
6983,12,1.0040245e-06
6984,12,1.0028911e-06
6985,12,1.0022723e-06
6986,12,1.0022692e-06
6987,12,1.0028748e-06
6988,12,1.0039779e-06
6989,12,1.0053509e-06
6990,12,1.006869e-06
6991,12,7.059138803846333e-07
6992,12,1.0112925e-06
6993,12,1.0150241e-06
6994,13,7.624971472190203e-07
6995,13,1.3104704e-07
6996,14,7.0240646e-08
6997,13,1.2811279e-07
6998,13,4.191200903365956e-07
6999,12,1.0082806e-06
7000,12,1.0076951e-06
7001,12,2.192229974236525e-07
7002,12,1.0052708e-06
7003,12,1.0040777e-06
7004,12,1.0031003e-06
7005,12,1.0023887e-06
7006,12,1.0020068e-06
7007,12,1.0020007e-06
7008,12,1.0023666e-06
7009,12,1.0030496e-06
7010,12,1.0039761e-06
7011,12,1.0050977e-06
7012,12,2.1932698369923065e-07
7013,12,1.0073625e-06
7014,12,1.0079371e-06
7015,13,4.187838256682826e-07
7016,13,1.288001e-07
7017,14,1.3445305e-07
7018,14,1.0247152e-07
7019,13,1.0080465e-06
7020,12,1.2602072916487892e-07
7021,12,1.0010727e-06
7022,12,8.44326138498743e-07
7023,12,1.0038071e-06
7024,12,1.0035371e-06
7025,12,1.0029715e-06
7026,12,1.00242e-06
7027,12,1.0019884e-06
7028,12,1.0017504e-06
7029,12,1.0017456e-06
7030,12,1.0019727e-06
7031,12,1.0023887e-06
7032,12,1.0029184e-06
7033,12,1.0034651e-06
7034,12,1.0037377e-06
7035,12,8.442841815797736e-07
7036,12,1.0011881e-06
7037,12,1.2602457354396337e-07
7038,13,1.0092978e-06
7039,14,1.1201198e-07
7040,14,1.2512289e-07
7041,13,9.7384362e-07
7042,12,3.2260511912825014e-08
7043,12,9.97092e-07
7044,12,6.860640436440711e-07
7045,12,1.0020973e-06
7046,12,1.0025001e-06
7047,12,1.0023578e-06
7048,12,1.002053e-06
7049,12,1.0017683e-06
7050,12,1.0016023e-06
7051,12,1.0016006e-06
7052,12,1.001763e-06
7053,12,1.0020451e-06
7054,12,1.0023502e-06
7055,12,1.0025008e-06
7056,12,1.0021229e-06
7057,12,6.860117561138852e-07
7058,12,9.9735605e-07
7059,12,3.2229839677263454e-08
7060,13,9.7499353e-07
7061,13,1.2783685e-07
7062,14,1.2646032e-07
7063,13,9.7481833e-07
7064,12,3.2310842326200435e-08
7065,12,9.9714472e-07
7066,12,6.860988442495909e-07
7067,12,1.0020509e-06
7068,12,1.0024703e-06
7069,12,1.0023455e-06
7070,12,1.0020515e-06
7071,12,1.0017722e-06
7072,12,1.0016086e-06
7073,12,1.0016093e-06
7074,12,1.0017758e-06
7075,12,1.0020638e-06
7076,12,1.0023774e-06
7077,12,1.0025375e-06
7078,12,1.0021741e-06
7079,12,6.860206214560652e-07
7080,12,9.9734042e-07
7081,12,3.2194110583483826e-08
7082,13,9.7442139e-07
7083,13,1.2905326e-07
7084,14,1.1981806e-07
7085,13,1.013377e-06
7086,12,1.2640496655315294e-07
7087,12,1.0009808e-06
7088,12,8.443576652437771e-07
7089,12,1.0036252e-06
7090,12,1.003445e-06
7091,12,1.0029396e-06
7092,12,1.00242e-06
7093,12,1.0020019e-06
7094,12,1.0017693e-06
7095,12,1.0017705e-06
7096,12,1.0020089e-06
7097,12,1.0024435e-06
7098,12,1.0029992e-06
7099,12,1.0035668e-06
7100,12,1.0038426e-06
7101,12,8.443228267347742e-07
7102,12,1.001273e-06
7103,12,1.2600178214805426e-07
7104,13,1.0091735e-06
7105,13,1.2304882e-07
7106,14,6.7266491e-08
7107,13,1.1917696e-07
7108,13,4.178366375840642e-07
7109,12,1.0071148e-06
7110,12,1.0070595e-06
7111,12,2.194520840987017e-07
7112,12,1.0051285e-06
7113,12,1.0040498e-06
7114,12,1.0031159e-06
7115,12,1.0024184e-06
7116,12,1.0020376e-06
7117,12,1.0020359e-06
7118,12,1.0024178e-06
7119,12,1.0031323e-06
7120,12,1.0041161e-06
7121,12,1.0052811e-06
7122,12,2.1928619918085819e-07
7123,12,1.0076456e-06
7124,12,1.0082845e-06
7125,13,4.1904308847073486e-07
7126,13,1.2001179e-07
7127,14,1.5801907e-07
7128,14,1.2341316e-07
7129,13,7.610689431551283e-07
7130,12,1.0141855e-06
7131,12,1.0110293e-06
7132,12,7.060244370754732e-07
7133,12,1.0069935e-06
7134,12,1.0054945e-06
7135,12,1.0040811e-06
7136,12,1.0029469e-06
7137,12,1.0023099e-06
7138,12,1.0022998e-06
7139,12,1.002922e-06
7140,12,1.0040584e-06
7141,12,1.0055222e-06
7142,12,1.0071235e-06
7143,12,7.059722726750246e-07
7144,12,1.0115637e-06
7145,12,1.0151876e-06
7146,13,7.632120216254693e-07
7147,13,1.2994346e-07
7148,14,1.1488884e-07
7149,14,1.2185501e-07
7150,13,1.0787068e-06
7151,13,2.83154431025814e-07
7152,12,1.0120476e-06
7153,12,1.0095228e-06
7154,12,5.492236038006713e-07
7155,12,1.0071526e-06
7156,12,1.0052651e-06
7157,12,1.0034803e-06
7158,12,1.0023887e-06
7159,12,1.0023629e-06
7160,12,1.0034056e-06
7161,12,1.0051615e-06
7162,12,1.0070841e-06
7163,12,5.491942383107285e-07
7164,12,1.009762e-06
7165,12,1.0123084e-06
7166,13,2.828040789440944e-07
7167,13,1.0747293e-06
7168,13,1.2883381e-07
7169,13,1.1567108e-07
7170,13,9.386463881783232e-07
7171,12,3.513125861034152e-08
7172,12,1.0081242e-06
7173,12,1.0099106e-06
7174,12,7.060493412172286e-07
7175,12,2.1918137219492778e-07
7176,12,1.0037051e-06
7177,12,1.0018658e-06
7178,12,1.0018131e-06
7179,12,1.0035406e-06
7180,12,2.194000298488185e-07
7181,12,7.061180066596375e-07
7182,12,1.0098149e-06
7183,12,1.0084822e-06
7184,12,3.495372171374728e-08
7185,13,9.379987066245784e-07
7186,13,1.1989663e-07
7187,14,1.1919703e-07
7188,14,8.5901919e-08
7189,13,1.2405943e-07
7190,13,7.578167211107865e-07
7191,12,3.569611470771093e-08
7192,12,1.0130851e-06
7193,12,1.012009e-06
7194,12,1.0076889e-06
7195,12,8.438389945387376e-07
7196,12,6.853943683220647e-07
7197,12,6.854434233138038e-07
7198,12,8.439263166354846e-07
7199,12,1.0071732e-06
7200,12,1.011366e-06
7201,12,1.0125028e-06
7202,12,3.5588397071520026e-08
7203,13,7.599029270875884e-07
7204,13,1.2111524e-07
7205,14,1.7349036e-07
7206,14,1.3824564e-07
7207,13,1.1459736e-07
7208,13,9.399117303551686e-07
7209,13,2.835477660884256e-07
7210,12,1.0158209e-06
7211,12,1.0082554e-06
7212,12,1.0007334e-06
7213,12,9.9637493e-07
7214,12,9.9629958e-07
7215,12,1.0004227e-06
7216,12,1.0074199e-06
7217,12,1.0147131e-06
7218,13,2.833057481227304e-07
7219,13,9.38915599873525e-07
7220,13,1.2160002e-07
7221,13,1.2359297e-07
7222,14,7.1608753e-08
7223,14,1.1684511e-07
7224,13,1.2272078e-07
7225,13,1.080654e-06
7226,13,7.629173992495522e-07
7227,13,4.184839417630961e-07
7228,12,1.250796532999801e-07
7229,12,3.0878245625640725e-08
7230,12,3.092772533140518e-08
7231,12,1.2524762456800282e-07
7232,13,4.181546900907574e-07
7233,13,7.626378048591901e-07
7234,13,1.0762679e-06
7235,13,1.2058524e-07
7236,14,1.718633e-07
7237,14,7.174694e-08
7238,14,7.3318052e-08
7239,14,1.5138273e-07
7240,13,1.3079366e-07
7241,13,1.287803e-07
7242,13,1.0076946e-06
7243,13,9.7197564e-07
7244,13,9.721057e-07
7245,13,1.0082049e-06
7246,13,1.1979159e-07
7247,13,1.2900292e-07
7248,13,1.2921483e-07
7249,14,1.2855081e-07
7250,14,6.9440608e-08
7251,14,1.369841e-07
7252,14,1.1164732e-07
7253,13,1.2739222e-07
7254,13,1.2872352e-07
7255,13,1.2271366e-07
7256,14,1.5769662e-07
7257,14,1.112526e-07
7258,14,1.0437148e-07
7259,14,1.2492694e-07
7260,14,1.26195e-07
7261,14,1.1886591e-07
7262,14,6.6251681e-08
7263,14,7.6344241e-08
7264,14,1.5567316e-07
7265,13,1.2643732e-07
7266,13,1.0101982e-06
7267,13,9.7291217e-07
7268,13,9.7266033e-07
7269,13,1.009552e-06
7270,13,1.1907001e-07
7271,14,1.2314664e-07
7272,14,1.2196799e-07
7273,14,1.4283404e-07
7274,13,1.0788483e-06
7275,13,7.62867468902157e-07
7276,13,4.183011875799474e-07
7277,12,1.2539986489933668e-07
7278,12,3.108014059866197e-08
7279,12,3.102673236140764e-08
7280,12,1.2522029695182026e-07
7281,13,4.185922098994089e-07
7282,13,7.632980278876115e-07
7283,13,1.0811756e-06
7284,13,1.1626603e-07
7285,14,9.1622103e-08
7286,14,8.3229901e-08
7287,13,1.2069072e-07
7288,13,9.3806701094651e-07
7289,13,2.827347832157255e-07
7290,12,1.015594e-06
7291,12,1.0081681e-06
7292,12,1.0011452e-06
7293,12,9.9690342e-07
7294,12,9.9694014e-07
7295,12,1.0013454e-06
7296,12,1.0088231e-06
7297,12,1.0164526e-06
7298,13,2.828862015312644e-07
7299,13,9.402211500592578e-07
7300,13,1.2406275e-07
7301,14,1.3857711e-07
7302,13,1.1773941e-07
7303,13,7.583973242598753e-07
7304,12,3.429591688461508e-08
7305,12,1.0128111e-06
7306,12,1.0117301e-06
7307,12,1.0074543e-06
7308,12,8.430919290661931e-07
7309,12,6.850011439994209e-07
7310,12,6.849593230430476e-07
7311,12,8.430111546772008e-07
7312,12,1.0077761e-06
7313,12,1.0121461e-06
7314,12,1.0131474e-06
7315,12,3.453268232833859e-08
7316,13,7.557102944905797e-07
7317,13,1.1394425e-07
7318,14,1.1384006e-07
7319,14,1.459063e-07
7320,13,9.3973900776529e-07
7321,12,3.4718069363169796e-08
7322,12,1.0088237e-06
7323,12,1.0098621e-06
7324,12,7.039026698493193e-07
7325,12,2.175107025347905e-07
7326,12,1.0032315e-06
7327,12,1.0016473e-06
7328,12,1.0016675e-06
7329,12,1.0032943e-06
7330,12,2.174121580585875e-07
7331,12,7.039012607356461e-07
7332,12,1.0097627e-06
7333,12,1.0082149e-06
7334,12,3.48187961708673e-08
7335,13,9.398450729292164e-07
7336,13,1.2343397e-07
7337,14,7.2824582e-08
7338,14,7.5570625e-08
7339,13,1.0796713e-06
7340,13,2.827418613938883e-07
7341,12,1.0135879e-06
7342,12,1.0101549e-06
7343,12,5.468568651510328e-07
7344,12,1.0063915e-06
7345,12,1.0044656e-06
7346,12,1.0028592e-06
7347,12,1.0019554e-06
7348,12,1.0019605e-06
7349,12,1.0028696e-06
7350,12,1.0044665e-06
7351,12,1.0063336e-06
7352,12,5.469170025521943e-07
7353,12,1.0096604e-06
7354,12,1.0128331e-06
7355,13,2.8263519320774465e-07
7356,13,1.079302e-06
7357,14,1.5082551e-07
7358,14,1.5554669e-07
7359,13,7.630004856825928e-07
7360,12,1.0163471e-06
7361,12,1.012303e-06
7362,12,7.039517590938419e-07
7363,12,1.0064987e-06
7364,12,1.0047214e-06
7365,12,1.0033646e-06
7366,12,1.0023693e-06
7367,12,1.0018315e-06
7368,12,1.0018285e-06
7369,12,1.0023559e-06
7370,12,1.0033267e-06
7371,12,1.0046247e-06
7372,12,1.0062939e-06
7373,12,7.039460616729942e-07
7374,12,1.0117401e-06
7375,12,1.0156151e-06
7376,13,7.620982387371977e-07
7377,13,1.3042963e-07
7378,14,6.8445684e-08
7379,13,1.2775084e-07
7380,13,4.190937382808208e-07
7381,12,1.0088441e-06
7382,12,1.0078922e-06
7383,12,2.175269682563285e-07
7384,12,1.0045969e-06
7385,12,1.0034115e-06
7386,12,1.0025321e-06
7387,12,1.0019139e-06
7388,12,1.0015863e-06
7389,12,1.0015809e-06
7390,12,1.001895e-06
7391,12,1.0024909e-06
7392,12,1.0033302e-06
7393,12,1.0044538e-06
7394,12,2.1760735257254957e-07
7395,12,1.0075564e-06
7396,12,1.0083832e-06
7397,13,4.186196576266794e-07
7398,13,1.287213e-07
7399,14,1.3751903e-07
7400,14,1.0381591e-07
7401,13,1.0095395e-06
7402,12,1.2611884780732438e-07
7403,12,1.0014878e-06
7404,12,8.435261364969308e-07
7405,12,1.003452e-06
7406,12,1.0029885e-06
7407,12,1.0024353e-06
7408,12,1.001939e-06
7409,12,1.0015664e-06
7410,12,1.0013643e-06
7411,12,1.0013601e-06
7412,12,1.0015524e-06
7413,12,1.0019118e-06
7414,12,1.0023897e-06
7415,12,1.0029224e-06
7416,12,1.0033768e-06
7417,12,8.434872974643951e-07
7418,12,1.0015565e-06
7419,12,1.2618856061888966e-07
7420,13,1.0114034e-06
7421,14,1.1237218e-07
7422,14,1.2502985e-07
7423,13,9.7413463e-07
7424,12,3.242163985040104e-08
7425,12,9.9736704e-07
7426,12,6.856180927700138e-07
7427,12,1.0018341e-06
7428,12,1.0020722e-06
7429,12,1.0019016e-06
7430,12,1.0016237e-06
7431,12,1.0013789e-06
7432,12,1.0012391e-06
7433,12,1.0012372e-06
7434,12,1.0013734e-06
7435,12,1.0016147e-06
7436,12,1.0018918e-06
7437,12,1.0020684e-06
7438,12,1.0018495e-06
7439,12,6.855817308984545e-07
7440,12,9.9758922e-07
7441,12,3.240646515048414e-08
7442,13,9.7522317e-07
7443,13,1.2782993e-07
7444,14,1.26389e-07
7445,13,9.7511756e-07
7446,12,3.246521178946936e-08
7447,12,9.9740428e-07
7448,12,6.856480214115552e-07
7449,12,1.0018013e-06
7450,12,1.0020521e-06
7451,12,1.0018938e-06
7452,12,1.0016233e-06
7453,12,1.0013821e-06
7454,12,1.0012443e-06
7455,12,1.0012443e-06
7456,12,1.0013837e-06
7457,12,1.0016303e-06
7458,12,1.0019141e-06
7459,12,1.0020984e-06
7460,12,1.0018907e-06
7461,12,6.855923392854611e-07
7462,12,9.9758594e-07
7463,12,3.23915968296314e-08
7464,13,9.7483334e-07
7465,13,1.2892464e-07
7466,14,1.2021276e-07
7467,13,1.0132665e-06
7468,12,1.2639684773932113e-07
7469,12,1.0013827e-06
7470,12,8.435589340825727e-07
7471,12,1.0033243e-06
7472,12,1.0029264e-06
7473,12,1.0024161e-06
7474,12,1.0019417e-06
7475,12,1.0015783e-06
7476,12,1.0013805e-06
7477,12,1.0013811e-06
7478,12,1.0015822e-06
7479,12,1.0019565e-06
7480,12,1.0024554e-06
7481,12,1.0030102e-06
7482,12,1.0034806e-06
7483,12,8.435360971392901e-07
7484,12,1.0016568e-06
7485,12,1.261793866428424e-07
7486,13,1.0109437e-06
7487,13,1.2327363e-07
7488,14,6.6722314e-08
7489,13,1.1893757e-07
7490,13,4.1784256948335685e-07
7491,12,1.0078465e-06
7492,12,1.0074097e-06
7493,12,2.1772330858227726e-07
7494,12,1.0045049e-06
7495,12,1.0033976e-06
7496,12,1.0025504e-06
7497,12,1.0019403e-06
7498,12,1.0016132e-06
7499,12,1.0016116e-06
7500,12,1.0019385e-06
7501,12,1.002559e-06
7502,12,1.0034383e-06
7503,12,1.0046096e-06
7504,12,2.175792172938385e-07
7505,12,1.007839e-06
7506,12,1.0087492e-06
7507,13,4.188694867238755e-07
7508,13,1.2007807e-07
7509,14,1.5938965e-07
7510,14,1.2276498e-07
7511,13,7.620302597102706e-07
7512,12,1.0154949e-06
7513,12,1.0117521e-06
7514,12,7.041001673918058e-07
7515,12,1.0064254e-06
7516,12,1.0047473e-06
7517,12,1.0034197e-06
7518,12,1.0024181e-06
7519,12,1.0018657e-06
7520,12,1.0018583e-06
7521,12,1.0023991e-06
7522,12,1.0034023e-06
7523,12,1.0047624e-06
7524,12,1.0065144e-06
7525,12,7.0401810062053e-07
7526,12,1.0120829e-06
7527,12,1.0159708e-06
7528,13,7.625732847973986e-07
7529,13,1.2921336e-07
7530,14,1.1135052e-07
7531,14,1.2417273e-07
7532,13,1.0816049e-06
7533,13,2.829227280052136e-07
7534,12,1.013013e-06
7535,12,1.0099183e-06
7536,12,5.470989948956238e-07
7537,12,1.0065277e-06
7538,12,1.004593e-06
7539,12,1.0029394e-06
7540,12,1.0019854e-06
7541,12,1.001967e-06
7542,12,1.0028861e-06
7543,12,1.0045198e-06
7544,12,1.006479e-06
7545,12,5.470431175310228e-07
7546,12,1.0100881e-06
7547,12,1.0132149e-06
7548,13,2.825577005444946e-07
7549,13,1.0783403e-06
7550,13,1.2924457e-07
7551,13,1.1597345e-07
7552,13,9.394148031437418e-07
7553,12,3.46006256198024e-08
7554,12,1.0086976e-06
7555,12,1.0101744e-06
7556,12,7.041262607970809e-07
7557,12,2.1753178961134722e-07
7558,12,1.0033461e-06
7559,12,1.0016413e-06
7560,12,1.0016057e-06
7561,12,1.0032361e-06
7562,12,2.176779827535481e-07
7563,12,7.041647052773089e-07
7564,12,1.0101363e-06
7565,12,1.0090238e-06
7566,12,3.446375979604263e-08
7567,13,9.397736873611412e-07
7568,13,1.2094658e-07
7569,14,1.2642888e-07
7570,14,9.2246677e-08
7571,13,1.2374277e-07
7572,13,7.568737812468691e-07
7573,12,3.5084471854554355e-08
7574,12,1.0137185e-06
7575,12,1.0123861e-06
7576,12,1.0078289e-06
7577,12,8.431151857991499e-07
7578,12,6.850497246158291e-07
7579,12,6.850884669517708e-07
7580,12,8.43188671617164e-07
7581,12,1.0074767e-06
7582,12,1.0119788e-06
7583,12,1.013347e-06
7584,12,3.497816330572715e-08
7585,13,7.581183563669246e-07
7586,13,1.2111154e-07
7587,14,1.7299279e-07
7588,14,1.375244e-07
7589,13,1.1426537e-07
7590,13,9.40550054671223e-07
7591,13,2.831764617084699e-07
7592,12,1.0164777e-06
7593,12,1.0086877e-06
7594,12,1.0010777e-06
7595,12,9.9666361e-07
7596,12,9.9662581e-07
7597,12,1.0009043e-06
7598,12,1.0080711e-06
7599,12,1.0158074e-06
7600,13,2.830354948538318e-07
7601,13,9.407766349619546e-07
7602,13,1.2122939e-07
7603,13,1.2338961e-07
7604,14,7.1743587e-08
7605,14,1.1416899e-07
7606,13,1.2293162e-07
7607,13,1.082532e-06
7608,13,7.629613402552882e-07
7609,13,4.18533874463728e-07
7610,12,1.251981367155976e-07
7611,12,3.1112487583978065e-08
7612,12,3.1160449689438765e-08
7613,12,1.2545730114315872e-07
7614,13,4.180397261021986e-07
7615,13,7.628414039794741e-07
7616,13,1.079314e-06
7617,13,1.2114256e-07
7618,14,1.7491483e-07
7619,14,7.113531e-08
7620,14,7.2973191e-08
7621,14,1.5087393e-07
7622,13,1.3053424e-07
7623,13,1.2875341e-07
7624,13,1.0083347e-06
7625,13,9.7232828e-07
7626,13,9.7263833e-07
7627,13,1.0106434e-06
7628,13,1.1992524e-07
7629,13,1.2894026e-07
7630,13,1.295931e-07
7631,14,1.2570951e-07
7632,14,6.7676617e-08
7633,14,1.3730534e-07
7634,14,1.1216873e-07
7635,13,1.2732166e-07
7636,13,1.2882106e-07
7637,13,1.2299991e-07
7638,14,1.6194934e-07
7639,14,1.1329454e-07
7640,14,1.0260722e-07
7641,14,1.2502104e-07
7642,14,1.2644727e-07
7643,14,1.1978839e-07
7644,14,6.5108879e-08
7645,14,7.5073033e-08
7646,14,1.5700521e-07
7647,13,1.2633182e-07
7648,13,1.0117007e-06
7649,13,9.7370041e-07
7650,13,9.7359423e-07
7651,13,1.0106684e-06
7652,13,1.1914153e-07
7653,14,1.232237e-07
7654,14,1.2306919e-07
7655,14,1.4600418e-07
7656,13,1.0798739e-06
7657,13,7.635770635294208e-07
7658,13,4.1872014119922476e-07
7659,12,1.258188108392975e-07
7660,12,3.1869926047493193e-08
7661,12,3.184360407416577e-08
7662,12,1.2566500341365078e-07
7663,13,4.189391708798213e-07
7664,13,7.64186111083955e-07
7665,13,1.0854044e-06
7666,13,1.1567966e-07
7667,14,9.1946016e-08
7668,14,8.3307654e-08
7669,13,1.180536e-07
7670,13,9.414141574447468e-07
7671,13,2.817852480379703e-07
7672,12,1.0170123e-06
7673,12,1.0090096e-06
7674,12,1.0016183e-06
7675,12,9.9728889e-07
7676,12,9.9729368e-07
7677,12,1.0017053e-06
7678,12,1.0095128e-06
7679,12,1.0179568e-06
7680,13,2.822421753013965e-07
7681,13,9.41722077534988e-07
7682,13,1.244272e-07
7683,14,1.3836914e-07
7684,13,1.1719177e-07
7685,13,7.573967249615183e-07
7686,12,3.3395320697561746e-08
7687,12,1.0138248e-06
7688,12,1.0117613e-06
7689,12,1.0070652e-06
7690,12,8.417309417357507e-07
7691,12,6.845655832197412e-07
7692,12,6.845318028408432e-07
7693,12,8.41666498826988e-07
7694,12,1.0073262e-06
7695,12,1.01221e-06
7696,12,1.0143506e-06
7697,12,3.3460467652585956e-08
7698,13,7.573107988974198e-07
7699,13,1.1424019e-07
7700,14,1.1309128e-07
7701,14,1.460043e-07
7702,13,9.419950115359648e-07
7703,12,3.3668817602494436e-08
7704,12,1.0095101e-06
7705,12,1.009545e-06
7706,12,7.003899548733694e-07
7707,12,2.1501194082981013e-07
7708,12,1.0025965e-06
7709,12,1.0012634e-06
7710,12,1.0012745e-06
7711,12,1.0026408e-06
7712,12,2.149322443170987e-07
7713,12,7.003939523242573e-07
7714,12,1.0095626e-06
7715,12,1.0091869e-06
7716,12,3.3744629320632655e-08
7717,13,9.414294620633866e-07
7718,13,1.2349948e-07
7719,14,7.3331654e-08
7720,14,7.8369011e-08
7721,13,1.0854282e-06
7722,13,2.819829988151648e-07
7723,12,1.0145103e-06
7724,12,1.009785e-06
7725,12,5.433767932212115e-07
7726,12,1.0052107e-06
7727,12,1.0035064e-06
7728,12,1.0021764e-06
7729,12,1.0014428e-06
7730,12,1.0014448e-06
7731,12,1.0021835e-06
7732,12,1.0035135e-06
7733,12,1.0051844e-06
7734,12,5.434016890549114e-07
7735,12,1.0094259e-06
7736,12,1.0138434e-06
7737,13,2.817342182756692e-07
7738,13,1.082434e-06
7739,14,1.5182059e-07
7740,14,1.5588552e-07
7741,13,7.638145040141868e-07
7742,12,1.0177619e-06
7743,12,1.0122381e-06
7744,12,7.004096031773357e-07
7745,12,1.0052877e-06
7746,12,1.0036842e-06
7747,12,1.0025431e-06
7748,12,1.0017439e-06
7749,12,1.0013204e-06
7750,12,1.0013175e-06
7751,12,1.0017334e-06
7752,12,1.0025163e-06
7753,12,1.0036177e-06
7754,12,1.0051394e-06
7755,12,7.003916967724171e-07
7756,12,1.0117131e-06
7757,12,1.0168132e-06
7758,13,7.624068154011578e-07
7759,13,1.3061273e-07
7760,14,6.993156e-08
7761,13,1.2733994e-07
7762,13,4.189771175994356e-07
7763,12,1.0094392e-06
7764,12,1.0073788e-06
7765,12,2.150025396287333e-07
7766,12,1.0035994e-06
7767,12,1.0025765e-06
7768,12,1.0018607e-06
7769,12,1.0013774e-06
7770,12,1.0011267e-06
7771,12,1.0011229e-06
7772,12,1.0013634e-06
7773,12,1.0018304e-06
7774,12,1.0025177e-06
7775,12,1.0034932e-06
7776,12,2.150621037051287e-07
7777,12,1.0070933e-06
7778,12,1.008984e-06
7779,13,4.186733315910033e-07
7780,13,1.2869683e-07
7781,14,1.3649158e-07
7782,14,1.024251e-07
7783,13,1.0110662e-06
7784,12,1.2644703743112097e-07
7785,12,1.0019098e-06
7786,12,8.420389764428815e-07
7787,12,1.0027546e-06
7788,12,1.0022679e-06
7789,12,1.0017904e-06
7790,12,1.0013958e-06
7791,12,1.0011113e-06
7792,12,1.0009605e-06
7793,12,1.0009572e-06
7794,12,1.0011006e-06
7795,12,1.001375e-06
7796,12,1.0017562e-06
7797,12,1.0022165e-06
7798,12,1.002688e-06
7799,12,8.420150872585045e-07
7800,12,1.0019546e-06
7801,12,1.265273225111043e-07
7802,13,1.0126364e-06
7803,14,1.1267564e-07
7804,14,1.2497719e-07
7805,13,9.7494196e-07
7806,12,3.306022868406163e-08
7807,12,9.9770915e-07
7808,12,6.850271082626943e-07
7809,12,1.001407e-06
7810,12,1.0015288e-06
7811,12,1.0013711e-06
7812,12,1.0011539e-06
7813,12,1.000971e-06
7814,12,1.0008686e-06
7815,12,1.0008667e-06
7816,12,1.0009662e-06
7817,12,1.0011465e-06
7818,12,1.0013621e-06
7819,12,1.001522e-06
7820,12,1.0014144e-06
7821,12,6.850061199703503e-07
7822,12,9.9788474e-07
7823,12,3.306074905924557e-08
7824,13,9.7589262e-07
7825,13,1.2788145e-07
7826,14,1.2647783e-07
7827,13,9.7519848e-07
7828,12,3.3082192090073536e-08
7829,12,9.9769768e-07
7830,12,6.8505111302926e-07
7831,12,1.0013868e-06
7832,12,1.0015179e-06
7833,12,1.0013677e-06
7834,12,1.0011546e-06
7835,12,1.0009739e-06
7836,12,1.0008728e-06
7837,12,1.0008727e-06
7838,12,1.0009739e-06
7839,12,1.0011572e-06
7840,12,1.001378e-06
7841,12,1.0015444e-06
7842,12,1.0014429e-06
7843,12,6.850151636202656e-07
7844,12,9.9787204e-07
7845,12,3.305786166197793e-08
7846,13,9.7555036e-07
7847,13,1.290691e-07
7848,14,1.2062647e-07
7849,13,1.0117445e-06
7850,12,1.2650520181578478e-07
7851,12,1.0017809e-06
7852,12,8.42087714131877e-07
7853,12,1.0026881e-06
7854,12,1.0022363e-06
7855,12,1.0017823e-06
7856,12,1.0014001e-06
7857,12,1.0011216e-06
7858,12,1.0009731e-06
7859,12,1.000973e-06
7860,12,1.0011227e-06
7861,12,1.0014071e-06
7862,12,1.0018037e-06
7863,12,1.0022848e-06
7864,12,1.002781e-06
7865,12,8.420648817476e-07
7866,12,1.0020052e-06
7867,12,1.2646037849223316e-07
7868,13,1.0112367e-06
7869,13,1.2354066e-07
7870,14,6.4345224e-08
7871,13,1.1862905e-07
7872,13,4.185086772753032e-07
7873,12,1.00898e-06
7874,12,1.00715e-06
7875,12,2.1516399644286969e-07
7876,12,1.0035563e-06
7877,12,1.0025752e-06
7878,12,1.0018776e-06
7879,12,1.0013992e-06
7880,12,1.0011484e-06
7881,12,1.0011466e-06
7882,12,1.0013963e-06
7883,12,1.0018806e-06
7884,12,1.0025958e-06
7885,12,1.0036126e-06
7886,12,2.1504888823540898e-07
7887,12,1.0073755e-06
7888,12,1.0094426e-06
7889,13,4.190593385439824e-07
7890,13,1.2006375e-07
7891,14,1.5822718e-07
7892,14,1.245101e-07
7893,13,7.63316066803391e-07
7894,12,1.0173772e-06
7895,12,1.01197e-06
7896,12,7.005733517062742e-07
7897,12,1.0052597e-06
7898,12,1.0037145e-06
7899,12,1.0025891e-06
7900,12,1.0017838e-06
7901,12,1.0013502e-06
7902,12,1.0013442e-06
7903,12,1.0017686e-06
7904,12,1.0025743e-06
7905,12,1.0037176e-06
7906,12,1.005304e-06
7907,12,7.004664975297461e-07
7908,12,1.0121026e-06
7909,12,1.0174203e-06
7910,13,7.62960450255489e-07
7911,13,1.2917541e-07
7912,14,1.1288927e-07
7913,14,1.2317719e-07
7914,13,1.0838982e-06
7915,13,2.821028713745885e-07
7916,12,1.0141381e-06
7917,12,1.009634e-06
7918,12,5.435974300604145e-07
7919,12,1.0053187e-06
7920,12,1.0036082e-06
7921,12,1.0022425e-06
7922,12,1.0014748e-06
7923,12,1.0014613e-06
7924,12,1.0022044e-06
7925,12,1.0035581e-06
7926,12,1.0052846e-06
7927,12,5.435103458161407e-07
7928,12,1.0097216e-06
7929,12,1.0143201e-06
7930,13,2.819014329761668e-07
7931,13,1.0836695e-06
7932,13,1.2970263e-07
7933,13,1.1522243e-07
7934,13,9.41174701140318e-07
7935,12,3.3568199995697844e-08
7936,12,1.0093735e-06
7937,12,1.0097851e-06
7938,12,7.006122787750439e-07
7939,12,2.1506091042266567e-07
7940,12,1.0026906e-06
7941,12,1.0012822e-06
7942,12,1.0012565e-06
7943,12,1.0026154e-06
7944,12,2.1513250370695722e-07
7945,12,7.006029658110957e-07
7946,12,1.0097442e-06
7947,12,1.0095528e-06
7948,12,3.3455252330514326e-08
7949,13,9.418804984361432e-07
7950,13,1.2158902e-07
7951,14,1.2572847e-07
7952,14,8.9859108e-08
7953,13,1.2402741e-07
7954,13,7.576362093914423e-07
7955,12,3.4047696617436406e-08
7956,12,1.0145513e-06
7957,12,1.0123074e-06
7958,12,1.0073731e-06
7959,12,8.417945392334192e-07
7960,12,6.846319858657383e-07
7961,12,6.846480157461308e-07
7962,12,8.418191150310459e-07
7963,12,1.0071681e-06
7964,12,1.0120785e-06
7965,12,1.0142437e-06
7966,12,3.37954492552624e-08
7967,13,7.575255697883692e-07
7968,13,1.2086032e-07
7969,14,1.7274603e-07
7970,14,1.378202e-07
7971,13,1.1455285e-07
7972,13,9.41811438627649e-07
7973,13,2.8238545910798444e-07
7974,12,1.0178405e-06
7975,12,1.0093948e-06
7976,12,1.0015923e-06
7977,12,9.9713262e-07
7978,12,9.9708249e-07
7979,12,1.0014257e-06
7980,12,1.0090747e-06
7981,12,1.0175838e-06
7982,13,2.822365621189841e-07
7983,13,9.417109796223548e-07
7984,13,1.2090673e-07
7985,13,1.2273169e-07
7986,14,7.2587919e-08
7987,14,1.1757551e-07
7988,13,1.2307719e-07
7989,13,1.0853017e-06
7990,13,7.637353081898421e-07
7991,13,4.187387924738442e-07
7992,12,1.2568153307608336e-07
7993,12,3.190980001950276e-08
7994,12,3.193013551266272e-08
7995,12,1.2573215881794038e-07
7996,13,4.186695531717473e-07
7997,13,7.643020433153696e-07
7998,13,1.0836095e-06
7999,13,1.2160198e-07
8000,14,1.7343633e-07
8001,14,7.1913234e-08
8002,14,7.3447512e-08
8003,14,1.5242293e-07
8004,13,1.3058414e-07
8005,13,1.288643e-07
8006,13,1.0098445e-06
8007,13,9.7308318e-07
8008,13,9.7320545e-07
8009,13,1.0101944e-06
8010,13,1.2003636e-07
8011,13,1.2948662e-07
8012,13,1.2907301e-07
8013,14,1.2674752e-07
8014,14,6.839162e-08
8015,14,1.3765292e-07
8016,14,1.1223084e-07
8017,13,1.2744883e-07
8018,13,1.2887846e-07
8019,13,1.2323188e-07
8020,14,1.5893767e-07
8021,14,1.1371874e-07
8022,14,1.0375846e-07
8023,14,1.2526995e-07
8024,14,1.2681435e-07
8025,14,1.2101539e-07
8026,14,6.4586828e-08
8027,14,7.5273543e-08
8028,14,1.5802165e-07
8029,13,1.2724621e-07
8030,16,1.014907e-06
8031,16,9.762797e-07
8032,16,9.7648737e-07
8033,16,1.0133013e-06
8034,13,1.1932895e-07
8035,14,1.2406361e-07
8036,14,1.2165802e-07
8037,14,1.4629526e-07
8038,16,1.088277e-06
8039,16,7.655450410269474e-07
8040,16,4.193718379100289e-07
8041,15,1.275212378273992e-07
8042,15,3.3985819121592767e-08
8043,15,3.3991315938100286e-08
8044,15,1.2738861745840572e-07
8045,16,4.19533165633302e-07
8046,16,7.663018335950616e-07
8047,16,1.0927111e-06
8048,13,1.1821042e-07
8049,14,9.2067728e-08
8050,14,8.4328639e-08
8051,13,1.1834731e-07
8052,16,9.445176918680238e-07
8053,16,2.801676741106503e-07
8054,15,1.0173866e-06
8055,15,1.0085892e-06
8056,15,1.0016702e-06
8057,15,9.978506e-07
8058,15,9.978289e-07
8059,15,1.0016355e-06
8060,15,1.008893e-06
8061,15,1.0182214e-06
8062,16,2.807695046918258e-07
8063,16,9.459717240057973e-07
8064,13,1.2404533e-07
8065,14,1.3794181e-07
8066,13,1.1660574e-07
8067,16,7.620850929136302e-07
8068,15,3.2237852312200846e-08
8069,15,1.0134283e-06
8070,15,1.0099878e-06
8071,15,1.00549e-06
8072,15,8.396283969371344e-07
8073,15,6.83991754016018e-07
8074,15,6.839719563135169e-07
8075,15,8.395952828935565e-07
8076,15,1.0056754e-06
8077,15,1.0103797e-06
8078,15,1.0139444e-06
8079,15,3.24154540667987e-08
8080,16,7.617595507480642e-07
8081,13,1.1505993e-07
8082,14,1.2072122e-07
8083,14,1.4833776e-07
8084,16,9.460466994706968e-07
8085,15,3.258691674821986e-08
8086,15,1.0093238e-06
8087,15,1.0078569e-06
8088,15,6.952821978349063e-07
8089,12,2.1183653540487746e-07
8090,12,1.001693e-06
8091,12,1.0007365e-06
8092,12,1.000741e-06
8093,12,1.0017167e-06
8094,15,2.1179658064704726e-07
8095,15,6.953125851913309e-07
8096,15,1.0079098e-06
8097,15,1.0091303e-06
8098,15,3.2519697098981744e-08
8099,16,9.451466342985144e-07
8100,13,1.2345379e-07
8101,14,7.296279e-08
8102,14,7.4639222e-08
8103,16,1.0905164e-06
8104,16,2.801660712829081e-07
8105,15,1.0139471e-06
8106,15,1.0080255e-06
8107,15,5.386580881134837e-07
8108,12,1.0035673e-06
8109,12,1.0022804e-06
8110,12,1.0013502e-06
8111,12,1.0008534e-06
8112,12,1.0008539e-06
8113,12,1.001353e-06
8114,12,1.0022859e-06
8115,12,1.0035562e-06
8116,15,5.386604856714933e-07
8117,15,1.0077842e-06
8118,15,1.0134622e-06
8119,16,2.800511233464428e-07
8120,16,1.0879542e-06
8121,14,1.5077719e-07
8122,14,1.5647815e-07
8123,16,7.65352196458833e-07
8124,15,1.017836e-06
8125,15,1.0102833e-06
8126,15,6.952783990400278e-07
8127,12,1.0036129e-06
8128,12,1.0023837e-06
8129,12,1.0015854e-06
8130,12,1.0010569e-06
8131,12,1.000784e-06
8132,12,1.0007814e-06
8133,12,1.0010492e-06
8134,12,1.001568e-06
8135,12,1.0023421e-06
8136,12,1.0035191e-06
8137,15,6.952624485229693e-07
8138,15,1.0099599e-06
8139,15,1.0172727e-06
8140,16,7.647510035454516e-07
8141,13,1.312097e-07
8142,14,7.0665568e-08
8143,13,1.271775e-07
8144,16,4.1934360098933017e-07
8145,15,1.0087732e-06
8146,15,1.0056605e-06
8147,12,2.1181567223216363e-07
8148,12,1.0023337e-06
8149,12,1.001604e-06
8150,12,1.0011316e-06
8151,12,1.0008271e-06
8152,12,1.0006722e-06
8153,12,1.0006688e-06
8154,12,1.0008177e-06
8155,12,1.0011123e-06
8156,12,1.0015669e-06
8157,12,1.0022672e-06
8158,15,2.1185458934600897e-07
8159,15,1.0054984e-06
8160,15,1.0085522e-06
8161,16,4.191736839956006e-07
8162,13,1.2865677e-07
8163,14,1.2998473e-07
8164,14,1.0632041e-07
8165,16,1.0164321e-06
8166,15,1.2807395479590424e-07
8167,15,1.0018651e-06
8168,15,8.39803058018287e-07
8169,12,1.0017857e-06
8170,12,1.0014039e-06
8171,12,1.0010836e-06
8172,12,1.0008369e-06
8173,12,1.0006659e-06
8174,12,1.0005762e-06
8175,12,1.0005739e-06
8176,12,1.0006591e-06
8177,12,1.0008239e-06
8178,12,1.0010615e-06
8179,12,1.0013704e-06
8180,12,1.001742e-06
8181,15,8.397903055776071e-07
8182,15,1.001875e-06
8183,15,1.2811727780288517e-07
8184,16,1.0172195e-06
8185,14,1.1368751e-07
8186,14,1.2545863e-07
8187,16,9.7786729e-07
8188,15,3.4900485445217055e-08
8189,15,9.9815198e-07
8190,15,6.842734299941637e-07
8191,12,1.0008263e-06
8192,12,1.0009065e-06
8193,12,1.0008143e-06
8194,12,1.0006881e-06
8195,12,1.0005829e-06
8196,12,1.0005237e-06
8197,12,1.0005226e-06
8198,12,1.0005791e-06
8199,12,1.0006823e-06
8200,12,1.0008072e-06
8201,12,1.0008998e-06
8202,12,1.0008258e-06
8203,15,6.842521027233296e-07
8204,15,9.9822896e-07
8205,15,3.4866041493642946e-08
8206,16,9.7846799e-07
8207,13,1.2826449e-07
8208,14,1.2681265e-07
8209,16,9.7740158e-07
8210,15,3.4933818898566315e-08
8211,15,9.9813092e-07
8212,15,6.842981028882852e-07
8213,12,1.00082e-06
8214,12,1.0009029e-06
8215,12,1.0008137e-06
8216,12,1.0006896e-06
8217,12,1.0005854e-06
8218,12,1.0005267e-06
8219,12,1.000526e-06
8220,12,1.0005838e-06
8221,12,1.0006891e-06
8222,12,1.0008169e-06
8223,12,1.0009141e-06
8224,12,1.000845e-06
8225,15,6.842604129175074e-07
8226,15,9.9821536e-07
8227,15,3.486902085850101e-08
8228,16,9.7805092e-07
8229,13,1.2950944e-07
8230,14,1.1978597e-07
8231,16,1.0137199e-06
8232,15,1.280153527055324e-07
8233,15,1.0018339e-06
8234,15,8.398819685292059e-07
8235,12,1.0017687e-06
8236,12,1.0013942e-06
8237,12,1.0010832e-06
8238,12,1.0008427e-06
8239,12,1.0006737e-06
8240,12,1.0005851e-06
8241,12,1.0005845e-06
8242,12,1.0006728e-06
8243,12,1.0008441e-06
8244,12,1.0010916e-06
8245,12,1.0014161e-06
8246,12,1.00181e-06
8247,15,8.398400890151525e-07
8248,15,1.0019171e-06
8249,15,1.279403579605433e-07
8250,16,1.0141855e-06
8251,13,1.2388717e-07
8252,14,6.589402e-08
8253,13,1.1941476e-07
8254,16,4.19964992257547e-07
8255,15,1.0089523e-06
8256,15,1.0056793e-06
8257,15,2.119400006682163e-07
8258,12,1.0023234e-06
8259,12,1.0016098e-06
8260,12,1.0011456e-06
8261,12,1.0008423e-06
8262,12,1.0006873e-06
8263,12,1.000686e-06
8264,12,1.0008394e-06
8265,12,1.0011443e-06
8266,12,1.0016172e-06
8267,12,1.002348e-06
8268,12,2.118631192405707e-07
8269,15,1.0057494e-06
8270,15,1.0090585e-06
8271,16,4.199345396514558e-07
8272,13,1.2044421e-07
8273,14,1.5755372e-07
8274,14,1.2327113e-07
8275,16,7.658392858126828e-07
8276,15,1.0181217e-06
8277,15,1.0103095e-06
8278,15,6.954418033919919e-07
8279,12,1.0036093e-06
8280,12,1.0024089e-06
8281,12,1.0016186e-06
8282,12,1.0010855e-06
8283,12,1.0008065e-06
8284,12,1.0008025e-06
8285,12,1.0010753e-06
8286,12,1.0016073e-06
8287,12,1.0024067e-06
8288,12,1.0036273e-06
8289,15,6.953517094217966e-07
8290,15,1.0103113e-06
8291,15,1.0179307e-06
8292,16,7.654640811307626e-07
8293,13,1.2956171e-07
8294,14,1.1137007e-07
8295,14,1.2722323e-07
8296,16,1.0935251e-06
8297,16,2.806312478089502e-07
8298,15,1.0138085e-06
8299,15,1.0079236e-06
8300,15,5.388313475448603e-07
8301,12,1.0036432e-06
8302,12,1.0023555e-06
8303,12,1.0014026e-06
8304,12,1.0008845e-06
8305,12,1.0008748e-06
8306,12,1.0013768e-06
8307,12,1.0023234e-06
8308,12,1.0036213e-06
8309,15,5.387490848811399e-07
8310,15,1.0079789e-06
8311,15,1.0138649e-06
8312,16,2.8041839107004444e-07
8313,16,1.0915651e-06
8314,13,1.3062612e-07
8315,13,1.1776033e-07
8316,16,9.469306511377128e-07
8317,15,3.2569134406879014e-08
8318,15,1.0091109e-06
8319,15,1.0079965e-06
8320,15,6.954950016063582e-07
8321,12,2.1191075160930735e-07
8322,12,1.0017817e-06
8323,12,1.0007728e-06
8324,12,1.0007527e-06
8325,12,1.001727e-06
8326,15,2.1193101916137043e-07
8327,15,6.954650146124543e-07
8328,15,1.0079885e-06
8329,15,1.0092707e-06
8330,15,3.236155586154726e-08
8331,16,9.453656037615856e-07
8332,13,1.2236766e-07
8333,14,1.2902127e-07
8334,14,9.3481341e-08
8335,13,1.2442181e-07
8336,16,7.609886436791347e-07
8337,15,3.2865205920744004e-08
8338,15,1.0139085e-06
8339,15,1.0104666e-06
8340,15,1.005797e-06
8341,15,8.397657190178278e-07
8342,15,6.840766085343382e-07
8343,15,6.84066727090293e-07
8344,15,8.397276387058615e-07
8345,15,1.0056627e-06
8346,15,1.0103452e-06
8347,15,1.0137437e-06
8348,15,3.259687583907758e-08
8349,16,7.628365049416844e-07
8350,13,1.2129469e-07
8351,14,1.7309624e-07
8352,14,1.3798103e-07
8353,13,1.1444904e-07
8354,16,9.454488737466964e-07
8355,16,2.807919358921754e-07
8356,15,1.0182823e-06
8357,15,1.0090716e-06
8358,15,1.0018171e-06
8359,15,9.9781403e-07
8360,15,9.9772406e-07
8361,15,1.0015611e-06
8362,15,1.0088532e-06
8363,15,1.0181844e-06
8364,16,2.8078224353537616e-07
8365,16,9.43408709762168e-07
8366,13,1.2150995e-07
8367,13,1.2326952e-07
8368,14,7.2018271e-08
8369,14,1.1498031e-07
8370,13,1.2408389e-07
8371,16,1.0905388e-06
8372,16,7.66202067646586e-07
8373,16,4.196305262538474e-07
8374,15,1.2767858487234945e-07
8375,15,3.4059405123075946e-08
8376,15,3.4003505615506466e-08
8377,15,1.2737932465914725e-07
8378,16,4.195805808265997e-07
8379,16,7.670003909464017e-07
8380,16,1.0906859e-06
8381,13,1.2126632e-07
8382,14,1.7245552e-07
8383,14,7.1314585e-08
8384,14,7.4018217e-08
8385,14,1.5250921e-07
8386,13,1.3153298e-07
8387,13,1.2904879e-07
8388,16,1.0150537e-06
8389,16,9.7585383e-07
8390,16,9.7536679e-07
8391,16,1.0123289e-06
8392,13,1.2022293e-07
8393,13,1.300005e-07
8394,13,1.3180413e-07
8395,14,1.2344445e-07
8396,14,7.0405492e-08
8397,14,1.335186e-07
8398,14,1.1303536e-07
8399,13,1.2789102e-07
8400,13,1.2917097e-07
8401,13,1.2309994e-07
8402,14,1.5654463e-07
8403,14,1.1282325e-07
8404,17,1.057168e-07
8405,17,1.2660234e-07
8406,17,1.2839611e-07
8407,17,1.2237607e-07
8408,17,6.4672418e-08
8409,17,7.7582131e-08
8410,17,1.5748937e-07
8411,16,1.2786597e-07
8412,16,1.0269431e-06
8413,16,9.8741499e-07
8414,16,9.8747842e-07
8415,16,1.0247603e-06
8416,16,1.186638e-07
8417,17,1.2491792e-07
8418,17,1.2968549e-07
8419,17,1.4669178e-07
8420,16,1.1052865e-06
8421,16,7.758726477064357e-07
8422,16,4.2222490351785517e-07
8423,15,1.3842876744597648e-07
8424,15,3.5892499237047654e-08
8425,15,3.5894583964605753e-08
8426,15,1.3832214489982002e-07
8427,16,4.226232513662025e-07
8428,16,7.774410051708062e-07
8429,16,1.1061584e-06
8430,16,1.17277e-07
8431,17,9.4808734e-08
8432,17,8.5201431e-08
8433,16,1.1998459e-07
8434,16,9.542432574652085e-07
8435,16,2.829917991075079e-07
8436,15,1.0014931e-06
8437,15,9.9404268e-07
8438,15,9.8759697e-07
8439,15,9.8530747e-07
8440,15,9.8526877e-07
8441,15,9.875223e-07
8442,15,9.9428753e-07
8443,15,1.0023619e-06
8444,16,2.84134849794428e-07
8445,16,9.563685851020752e-07
8446,16,1.2409402e-07
8447,17,1.4001582e-07
8448,16,1.1903249e-07
8449,16,7.824097949319906e-07
8450,15,3.97158372065092e-08
8451,15,9.9630064e-07
8452,15,9.9258273e-07
8453,15,9.9011681e-07
8454,15,8.276785233053967e-07
8455,15,6.75419328839667e-07
8456,15,6.75408862201892e-07
8457,15,8.276698641926039e-07
8458,15,9.902236e-07
8459,15,9.9286908e-07
8460,15,9.9662429e-07
8461,15,3.986287854341567e-08
8462,16,7.816587097725091e-07
8463,16,1.1398348e-07
8464,17,1.2304562e-07
8465,17,1.4825703e-07
8466,16,9.558997822746564e-07
8467,15,3.9965643296475194e-08
8468,15,9.9371487e-07
8469,15,9.9130856e-07
8470,15,6.807144393664457e-07
8471,15,2.0423016743588037e-07
8472,15,9.8809099e-07
8473,15,9.8768131e-07
8474,15,9.8767835e-07
8475,15,9.8808996e-07
8476,15,2.042250213743073e-07
8477,15,6.807520072173265e-07
8478,15,9.9129425e-07
8479,15,9.9345811e-07
8480,15,3.96970858559142e-08
8481,16,9.557508007624388e-07
8482,16,1.2379826e-07
8483,17,7.5805396e-08
8484,17,7.9687358e-08
8485,16,1.1048422e-06
8486,16,2.8279712767567736e-07
8487,15,9.9651702e-07
8488,15,9.9136912e-07
8489,15,5.260741263869207e-07
8490,15,9.889422e-07
8491,15,9.883786e-07
8492,15,9.8800789e-07
8493,15,9.8781606e-07
8494,15,9.8781376e-07
8495,15,9.880021e-07
8496,15,9.8837182e-07
8497,15,9.889249e-07
8498,15,5.260534425207714e-07
8499,15,9.9120018e-07
8500,15,9.9624486e-07
8501,16,2.829012846998684e-07
8502,16,1.1026775e-06
8503,17,1.5276438e-07
8504,17,1.5927326e-07
8505,16,7.75721584878455e-07
8506,15,1.0016399e-06
8507,15,9.9267953e-07
8508,15,6.806989641628343e-07
8509,15,9.8895655e-07
8510,15,9.8842868e-07
8511,15,9.8812507e-07
8512,15,9.8793446e-07
8513,15,9.8783708e-07
8514,15,9.8783479e-07
8515,15,9.8792791e-07
8516,15,9.8811259e-07
8517,15,9.8840476e-07
8518,15,9.8890752e-07
8519,15,6.806808239653723e-07
8520,15,9.9258292e-07
8521,15,1.001622e-06
8522,16,7.760543840180325e-07
8523,16,1.30721e-07
8524,17,7.2729301e-08
8525,16,1.2802642e-07
8526,16,4.221351282238525e-07
8527,15,9.9407017e-07
8528,15,9.9016579e-07
8529,15,2.042152908353748e-07
8530,15,9.8839485e-07
8531,15,9.8813084e-07
8532,15,9.8797283e-07
8533,15,9.8787235e-07
8534,15,9.8782107e-07
8535,15,9.8781968e-07
8536,15,9.8786748e-07
8537,15,9.8796277e-07
8538,15,9.8811372e-07
8539,15,9.8836557e-07
8540,15,2.0422985319028385e-07
8541,15,9.9012906e-07
8542,15,9.9411454e-07
8543,16,4.2243315492883866e-07
8544,16,1.2768332e-07
8545,17,1.3435316e-07
8546,17,1.0425381e-07
8547,16,1.0262537e-06
8548,15,1.3845934084305692e-07
8549,15,9.8761267e-07
8550,15,8.27729647759649e-07
8551,15,9.8811973e-07
8552,15,9.8802463e-07
8553,15,9.8794332e-07
8554,15,9.8787601e-07
8555,15,9.8782653e-07
8556,15,9.8779963e-07
8557,15,9.8779866e-07
8558,15,9.8782343e-07
8559,15,9.8786992e-07
8560,15,9.8793365e-07
8561,15,9.8801033e-07
8562,15,9.8810157e-07
8563,15,8.277191564645838e-07
8564,15,9.8760112e-07
8565,15,1.3842672755246137e-07
8566,16,1.0264503e-06
8567,17,1.121264e-07
8568,17,1.2706472e-07
8569,16,9.8868501e-07
8570,15,3.6219161072745674e-08
8571,15,9.8539631e-07
8572,15,6.755200926672972e-07
8573,15,9.8771418e-07
8574,15,9.8783521e-07
8575,15,9.8784825e-07
8576,15,9.8782711e-07
8577,15,9.8780183e-07
8578,15,9.8778618e-07
8579,15,9.877857e-07
8580,15,9.8780045e-07
8581,15,9.8782448e-07
8582,15,9.8784462e-07
8583,15,9.8783138e-07
8584,15,9.877098e-07
8585,15,6.754944463965113e-07
8586,15,9.8535369e-07
8587,15,3.607518509099261e-08
8588,16,9.8865332e-07
8589,16,1.2697453e-07
8590,17,1.2844222e-07
8591,16,9.8837612e-07
8592,15,3.63121230493649e-08
8593,15,9.8540384e-07
8594,15,6.755384618880708e-07
8595,15,9.8771429e-07
8596,15,9.8783447e-07
8597,15,9.8784784e-07
8598,15,9.8782742e-07
8599,15,9.8780265e-07
8600,15,9.8778707e-07
8601,15,9.8778703e-07
8602,15,9.8780242e-07
8603,15,9.8782735e-07
8604,15,9.8784915e-07
8605,15,9.8783823e-07
8606,15,9.8771955e-07
8607,15,6.755024308248982e-07
8608,15,9.8535593e-07
8609,15,3.610458915062265e-08
8610,16,9.8832805e-07
8611,16,1.2832473e-07
8612,17,1.2192841e-07
8613,16,1.0252453e-06
8614,15,1.3867645402790208e-07
8615,15,9.876954e-07
8616,15,8.277997367164402e-07
8617,15,9.8812348e-07
8618,15,9.8802322e-07
8619,15,9.8794318e-07
8620,15,9.8787758e-07
8621,15,9.8782921e-07
8622,15,9.8780281e-07
8623,15,9.8780287e-07
8624,15,9.8782928e-07
8625,15,9.8787845e-07
8626,15,9.8794676e-07
8627,15,9.8803153e-07
8628,15,9.8813663e-07
8629,15,8.27762188814556e-07
8630,15,9.8766017e-07
8631,15,1.3836510016226046e-07
8632,16,1.025331e-06
8633,16,1.2249114e-07
8634,17,6.7910321e-08
8635,16,1.1931767e-07
8636,16,4.230869999941e-07
8637,15,9.9449374e-07
8638,15,9.9027563e-07
8639,15,2.042797591291427e-07
8640,15,9.8839314e-07
8641,15,9.8813251e-07
8642,15,9.879782e-07
8643,15,9.8787919e-07
8644,15,9.8782803e-07
8645,15,9.8782737e-07
8646,15,9.8787727e-07
8647,15,9.8797695e-07
8648,15,9.88135e-07
8649,15,9.8840275e-07
8650,15,2.0425149293123613e-07
8651,15,9.9029336e-07
8652,15,9.944976e-07
8653,16,4.228988854007493e-07
8654,16,1.1909498e-07
8655,17,1.6033489e-07
8656,17,1.2664207e-07
8657,16,7.775316694116302e-07
8658,15,1.0024375e-06
8659,15,9.9286001e-07
8660,15,6.808037079132823e-07
8661,15,9.8895086e-07
8662,15,9.8843621e-07
8663,15,9.8813875e-07
8664,15,9.8794806e-07
8665,15,9.8784908e-07
8666,15,9.8784684e-07
8667,15,9.8794216e-07
8668,15,9.8813219e-07
8669,15,9.8843377e-07
8670,15,9.8896026e-07
8671,15,6.807752796006404e-07
8672,15,9.9285085e-07
8673,15,1.002252e-06
8674,16,7.77141043313317e-07
8675,16,1.2842608e-07
8676,17,1.1096524e-07
8677,17,1.2026554e-07
8678,16,1.1051492e-06
8679,16,2.8380571468467533e-07
8680,15,9.9648757e-07
8681,15,9.9127506e-07
8682,15,5.261486053178512e-07
8683,15,9.8897089e-07
8684,15,9.8841437e-07
8685,15,9.8803558e-07
8686,15,9.8783599e-07
8687,15,9.8783093e-07
8688,15,9.8802206e-07
8689,15,9.8839718e-07
8690,15,9.8895982e-07
8691,15,5.261188001975071e-07
8692,15,9.9136243e-07
8693,15,9.9658099e-07
8694,16,2.8375316000158804e-07
8695,16,1.1055953e-06
8696,16,1.2980467e-07
8697,16,1.1784204e-07
8698,16,9.556427182470892e-07
8699,15,3.993587728774697e-08
8700,15,9.9337385e-07
8701,15,9.9132697e-07
8702,15,6.808580881356583e-07
8703,15,2.0429315174162682e-07
8704,15,9.8815295e-07
8705,15,9.8771523e-07
8706,15,9.8770389e-07
8707,15,9.8812089e-07
8708,15,2.0429010630931785e-07
8709,15,6.80837888485533e-07
8710,15,9.9136441e-07
8711,15,9.9369545e-07
8712,15,4.0082093116187563e-08
8713,16,9.549200254981368e-07
8714,16,1.2096713e-07
8715,17,1.2392413e-07
8716,17,9.4358404e-08
8717,16,1.2355476e-07
8718,16,7.800509109549488e-07
8719,15,4.0177183036094455e-08
8720,15,9.9664111e-07
8721,15,9.9304061e-07
8722,15,9.9041703e-07
8723,15,8.278365249236631e-07
8724,15,6.75492734025933e-07
8725,15,6.754742319591648e-07
8726,15,8.277764008928666e-07
8727,15,9.9031617e-07
8728,15,9.929676e-07
8729,15,9.9660983e-07
8730,15,4.0128577030067786e-08
8731,16,7.837163498206318e-07
8732,16,1.1981607e-07
8733,17,1.7369171e-07
8734,17,1.3857306e-07
8735,16,1.131195e-07
8736,16,9.558231119901327e-07
8737,16,2.840872132448909e-07
8738,15,1.0029121e-06
8739,15,9.9482404e-07
8740,15,9.8789074e-07
8741,15,9.8536475e-07
8742,15,9.8529468e-07
8743,15,9.8766282e-07
8744,15,9.9455189e-07
8745,15,1.0027671e-06
8746,16,2.842206425079316e-07
8747,16,9.535677973799998e-07
8748,16,1.2028368e-07
8749,16,1.2303438e-07
8750,17,7.3149903e-08
8751,17,1.1772161e-07
8752,16,1.2339586e-07
8753,16,1.107292e-06
8754,16,7.787415959897729e-07
8755,16,4.235231240384066e-07
8756,15,1.3890522357230573e-07
8757,15,3.5972595261223314e-08
8758,15,3.5836710370550086e-08
8759,15,1.384661020931132e-07
8760,16,4.22890290627965e-07
8761,16,7.789366573655823e-07
8762,16,1.1059147e-06
8763,16,1.2012055e-07
8764,17,1.7109279e-07
8765,17,7.200173e-08
8766,17,7.5550508e-08
8767,17,1.5249258e-07
8768,16,1.3118884e-07
8769,16,1.2747544e-07
8770,16,1.026033e-06
8771,16,9.8681295e-07
8772,16,9.8667892e-07
8773,16,1.0262447e-06
8774,16,1.1888938e-07
8775,16,1.2888217e-07
8776,16,1.309831e-07
8777,17,1.2459865e-07
8778,17,7.2182806e-08
8779,17,1.3366439e-07
8780,17,1.1259908e-07
8781,16,1.2660567e-07
8782,16,1.2791068e-07
8783,16,1.2239089e-07
8784,17,1.6075087e-07
8785,17,1.1376276e-07
8786,17,9.9906469e-08
8787,17,1.2342213e-07
8788,17,1.2600042e-07
8789,17,1.1765694e-07
8790,17,6.5935674e-08
8791,17,8.1289325e-08
8792,17,1.5889083e-07
8793,16,1.2802676e-07
8794,16,1.1586271e-07
8795,16,1.1658857e-07
8796,16,1.172097e-07
8797,16,1.1516275e-07
8798,16,1.2841118e-07
8799,17,1.2514748e-07
8800,17,1.2218061e-07
8801,17,1.4611875e-07
8802,16,1.2511166e-07
8803,16,1.2277093e-07
8804,16,1.135182956407709e-07
8805,16,5.052122128423453e-08
8806,16,1.7754852762842622e-08
8807,16,1.0313913991295798e-08
8808,16,3.1584371435871544e-08
8809,16,8.197936191094246e-08
8810,16,1.2190464e-07
8811,16,1.2495298e-07
8812,16,1.2804306e-07
8813,17,9.1239209e-08
8814,17,7.7295542e-08
8815,16,1.20039e-07
8816,16,1.2428803e-07
8817,16,9.896203442584846e-08
8818,15,1.2945227e-07
8819,15,1.2893164e-07
8820,15,1.2800296e-07
8821,15,1.2780238e-07
8822,15,1.2797912e-07
8823,15,1.2771579e-07
8824,15,1.2849959e-07
8825,15,1.2937458e-07
8826,16,3.6285244321911856e-08
8827,16,1.2919679e-07
8828,16,1.3279182e-07
8829,17,1.3148788e-07
8830,16,1.1784534e-07
8831,16,1.1841671e-07
8832,16,4.128358416536585e-08
8833,15,1.2899044e-07
8834,15,1.2851319e-07
8835,15,1.2838015e-07
8836,15,1.2819637e-07
8837,15,1.2810703e-07
8838,15,1.2808865e-07
8839,15,1.2813031e-07
8840,15,1.2826594e-07
8841,15,1.2853264e-07
8842,15,1.2870173e-07
8843,15,1.2921235e-07
8844,16,1.2584818525222776e-07
8845,16,1.2428272e-07
8846,17,1.1526019e-07
8847,17,1.4939833e-07
8848,16,1.2459031e-07
8849,16,4.1308817780148864e-08
8850,15,1.2870803e-07
8851,15,1.2836273e-07
8852,15,1.2832052e-07
8853,15,7.693279965923455e-08
8854,15,1.2815144e-07
8855,15,1.2812202e-07
8856,15,1.281134e-07
8857,15,1.2812387e-07
8858,15,2.4418615704482177e-08
8859,15,1.2823476e-07
8860,15,1.28397e-07
8861,15,1.2842337e-07
8862,15,1.2885937e-07
8863,16,1.2872104e-07
8864,16,1.3377627e-07
8865,17,7.3807246e-08
8866,17,7.8612994e-08
8867,16,1.2476829e-07
8868,16,9.882549852928036e-08
8869,15,1.2899957e-07
8870,15,1.2836543e-07
8871,15,1.2829421e-07
8872,15,1.2819836e-07
8873,15,1.2815911e-07
8874,15,1.2813704e-07
8875,15,1.2812445e-07
8876,15,1.2811948e-07
8877,15,1.2812195e-07
8878,15,1.2813211e-07
8879,15,1.2815383e-07
8880,15,7.403939198282278e-08
8881,15,1.2835251e-07
8882,15,1.2849419e-07
8883,15,1.2948824e-07
8884,16,1.2879887e-07
8885,17,1.6405317e-07
8886,17,1.5736196e-07
8887,16,1.2285875e-07
8888,15,1.2947113e-07
8889,15,1.2851493e-07
8890,15,1.2832147e-07
8891,15,1.2819861e-07
8892,15,1.2815932e-07
8893,15,1.281412e-07
8894,15,1.2813046e-07
8895,15,1.2812388e-07
8896,15,1.2812101e-07
8897,15,1.2812121e-07
8898,15,1.2812439e-07
8899,15,1.2813146e-07
8900,15,1.281486e-07
8901,15,9.314986369298965e-08
8902,15,1.2842171e-07
8903,15,1.2879403e-07
8904,16,9.15324862480893e-08
8905,16,1.375803e-07
8906,17,7.1224575e-08
8907,16,1.28242e-07
8908,16,1.1359560724569708e-07
8909,15,1.2894497e-07
8910,15,1.2838257e-07
8911,15,7.693103625400644e-08
8912,15,1.2815935e-07
8913,15,1.281413e-07
8914,15,1.2813221e-07
8915,15,1.2812627e-07
8916,15,1.2812257e-07
8917,15,1.2812064e-07
8918,15,1.2812022e-07
8919,15,1.281211e-07
8920,15,1.2812335e-07
8921,15,1.2812898e-07
8922,15,1.2814941e-07
8923,15,1.2823511e-07
8924,15,1.2857971e-07
8925,16,1.2832807e-07
8926,16,1.3506169e-07
8927,17,1.3694071e-07
8928,17,1.0126199e-07
8929,16,1.1571301e-07
8930,16,5.0477251190746744e-08
8931,15,1.2799908e-07
8932,15,1.28197e-07
8933,15,1.2815196e-07
8934,15,1.2813725e-07
8935,15,1.2813057e-07
8936,15,1.2812635e-07
8937,15,1.2812333e-07
8938,15,1.2812108e-07
8939,15,1.2811985e-07
8940,15,1.2811921e-07
8941,15,1.2811932e-07
8942,15,1.2811959e-07
8943,15,1.2812049e-07
8944,15,1.2812497e-07
8945,15,1.0175605611322733e-07
8946,15,1.2821921e-07
8947,15,1.2737733e-07
8948,16,1.2367904e-07
8949,17,1.1738678e-07
8950,17,1.2408824e-07
8951,16,1.1655199e-07
8952,16,1.771502026610482e-08
8953,15,1.2779652e-07
8954,15,1.2810751e-07
8955,15,1.2812262e-07
8956,15,1.2812483e-07
8957,15,1.2812417e-07
8958,15,1.2812273e-07
8959,15,1.2812113e-07
8960,15,1.2811992e-07
8961,15,1.28119e-07
8962,15,1.2811827e-07
8963,15,1.281179e-07
8964,15,1.2811734e-07
8965,15,1.2811619e-07
8966,15,1.2811405e-07
8967,15,5.154461418985604e-08
8968,15,1.2806618e-07
8969,15,1.2746284e-07
8970,16,1.2491228e-07
8971,16,1.3002292e-07
8972,17,1.2672319e-07
8973,16,1.1725086e-07
8974,16,1.0318658949852976e-08
8975,15,1.2797815e-07
8976,15,1.280899e-07
8977,15,1.2811429e-07
8978,15,1.2812013e-07
8979,15,1.2812134e-07
8980,15,1.281209e-07
8981,15,1.2811989e-07
8982,15,1.2811911e-07
8983,15,1.2811828e-07
8984,15,1.2811751e-07
8985,15,1.2811681e-07
8986,15,1.2811601e-07
8987,15,1.2811414e-07
8988,15,1.2811072e-07
8989,15,4.1017181199947445e-08
8990,15,1.2805479e-07
8991,15,1.2780214e-07
8992,16,1.2502479e-07
8993,16,1.323949e-07
8994,17,1.1792855e-07
8995,16,1.1514693e-07
8996,16,3.161580885130408e-08
8997,15,1.2771943e-07
8998,15,1.281324e-07
8999,15,1.2812501e-07
9000,15,1.2812276e-07
9001,15,1.2812154e-07
9002,15,1.2812059e-07
9003,15,1.2811943e-07
9004,15,1.2811839e-07
9005,15,1.281175e-07
9006,15,1.2811674e-07
9007,15,1.2811609e-07
9008,15,1.2811503e-07
9009,15,1.2811396e-07
9010,15,1.2811368e-07
9011,15,7.092996707791816e-08
9012,15,1.2811071e-07
9013,15,1.2713647e-07
9014,16,1.2438725e-07
9015,16,1.2521925e-07
9016,17,6.073556e-08
9017,16,1.2814732e-07
9018,16,8.201951455761448e-08
9019,15,1.2850734e-07
9020,15,1.2826775e-07
9021,15,2.442036945849329e-08
9022,15,1.2813288e-07
9023,15,1.2812509e-07
9024,15,1.2812163e-07
9025,15,1.2811941e-07
9026,15,1.2811788e-07
9027,15,1.2811679e-07
9028,15,1.2811599e-07
9029,15,1.2811538e-07
9030,15,1.2811491e-07
9031,15,1.2811604e-07
9032,15,1.2812583e-07
9033,15,1.2817875e-07
9034,15,1.2838976e-07
9035,15,1.2788878e-07
9036,16,1.3572646e-07
9037,17,1.5995806e-07
9038,17,1.2616425e-07
9039,16,1.2188984e-07
9040,15,1.2936605e-07
9041,15,1.2853108e-07
9042,15,1.2823514e-07
9043,15,1.2815484e-07
9044,15,1.2813228e-07
9045,15,1.2812415e-07
9046,15,1.2811987e-07
9047,15,1.2811754e-07
9048,15,1.2811592e-07
9049,15,1.2811505e-07
9050,15,1.2811487e-07
9051,15,1.2811614e-07
9052,15,1.2812336e-07
9053,15,1.9933627565778958e-08
9054,15,1.2831256e-07
9055,15,1.2887016e-07
9056,16,3.802412699179562e-08
9057,16,1.3540632e-07
9058,17,1.1416401e-07
9059,17,1.2523421e-07
9060,16,1.248796e-07
9061,16,3.6211434053470144e-08
9062,15,1.2870162e-07
9063,15,1.283974e-07
9064,15,7.404515076233521e-08
9065,15,1.2815051e-07
9066,15,1.2813041e-07
9067,15,1.2812133e-07
9068,15,1.2811645e-07
9069,15,1.2811415e-07
9070,15,1.2811392e-07
9071,15,1.2811596e-07
9072,15,1.2812341e-07
9073,15,1.2815107e-07
9074,15,1.2825294e-07
9075,15,1.2860414e-07
9076,15,1.2889646e-07
9077,16,1.2964792e-07
9078,16,1.3761612e-07
9079,16,1.2747537e-07
9080,16,1.2928725e-07
9081,15,1.2921626e-07
9082,15,1.2842662e-07
9083,15,1.2836094e-07
9084,15,9.316239237745309e-08
9085,15,1.2815349e-07
9086,15,1.2812698e-07
9087,15,1.2811464e-07
9088,15,1.2811073e-07
9089,15,1.2811369e-07
9090,15,1.2812623e-07
9091,15,1.9935944303013278e-08
9092,15,1.282542e-07
9093,15,1.2850995e-07
9094,15,1.2850544e-07
9095,16,6.155018497556989e-08
9096,16,1.380363e-07
9097,17,1.2340519e-07
9098,17,9.107639e-08
9099,16,1.3307611e-07
9100,16,1.2588923120945993e-07
9101,15,1.2885989e-07
9102,15,1.2853223e-07
9103,15,1.284524e-07
9104,15,1.2825231e-07
9105,15,1.0176767807268109e-07
9106,15,5.1548220617141545e-08
9107,15,4.10184862386785e-08
9108,15,7.093277033000981e-08
9109,15,1.2818172e-07
9110,15,1.2832103e-07
9111,15,1.2861749e-07
9112,15,1.2850043e-07
9113,16,3.0941427662736914e-08
9114,16,1.3764793e-07
9115,17,1.7289991e-07
9116,17,1.3184279e-07
9117,16,1.2344123e-07
9118,16,1.2872739e-07
9119,15,1.2962443e-07
9120,15,1.289277e-07
9121,15,1.2865417e-07
9122,15,1.2825606e-07
9123,15,1.2808136e-07
9124,15,1.2806186e-07
9125,15,1.2812037e-07
9126,15,1.2840228e-07
9127,15,1.2891004e-07
9128,15,1.2898878e-07
9129,16,6.155223664611124e-08
9130,16,1.3755006e-07
9131,16,1.1916549e-07
9132,17,6.8211213e-08
9133,17,1.1275364e-07
9134,16,1.3370755e-07
9135,16,1.2918084e-07
9136,16,9.21642541797014e-08
9137,16,1.2855963e-07
9138,15,1.2751347e-07
9139,15,1.2751956e-07
9140,15,1.2782868e-07
9141,15,1.2718675e-07
9142,15,1.279077e-07
9143,16,3.825783835744376e-08
9144,16,1.2999667e-07
9145,16,1.3840988e-07
9146,17,1.7318536e-07
9147,17,6.8366691e-08
9148,17,7.4436875e-08
9149,17,1.6524757e-07
9150,16,1.3802423e-07
9151,16,1.3513011e-07
9152,16,1.2394954e-07
9153,16,1.2499919e-07
9154,16,1.2504549e-07
9155,16,1.2459971e-07
9156,16,1.3561554e-07
9157,16,1.3506879e-07
9158,16,1.3735975e-07
9159,17,1.2641285e-07
9160,17,6.8154467e-08
9161,17,1.3287132e-07
9162,17,1.1783337e-07
9163,16,1.2962424e-07
9164,16,1.3215622e-07
9165,16,1.2573348e-07
9166,17,1.5844864e-07
9167,17,1.1189363e-07
9168,17,7.0360927e-08
9169,17,1.130143e-07
9170,17,5.8616931e-08
9171,17,1.012139e-07
9172,17,6.4247508e-08
9173,17,1.367855e-07
9174,17,1.5950729e-07
9175,17,4.6787724e-08
9176,17,1.2666888e-07
9177,17,1.3990057e-07
9178,17,1.1703616e-07
9179,17,1.1804893e-07
9180,16,1.253571e-07
9181,17,8.543574e-08
9182,17,1.0522507e-07
9183,17,1.1483873e-07
9184,17,1.1442315e-07
9185,17,1.2558751e-07
9186,16,1.298124e-07
9187,16,1.3214067e-07
9188,17,1.1458923e-07
9189,17,1.1696987e-07
9190,16,1.1736054e-07
9191,16,1.1938296e-07
9192,17,1.2409362e-07
9193,16,1.3215434e-07
9194,16,1.2992315e-07
9195,17,1.16509e-07
9196,17,1.1327823e-07
9197,16,1.190252e-07
9198,16,1.1712704e-07
9199,17,9.9465916e-08
9200,16,1.2544666e-07
9201,17,1.1758044e-07
9202,17,1.0386262e-07
9203,17,8.4257389e-08
9204,17,1.1428601e-07
9205,17,1.1436847e-07
9206,17,1.5862237e-07
9207,17,1.3180846e-07
9208,17,4.8048884e-08
9209,17,1.4142254e-07
9210,17,1.2529053e-07
9211,17,1.1273502e-07
9212,17,6.9668328e-08
9213,17,1.0207383e-07
9214,17,5.8776462e-08
9215,17,7.3853751e-08
9216,17,1.2321451e-07
9217,17,6.4389911e-08
9218,17,1.104391e-07
9219,17,1.22987e-07
9220,17,1.6801378e-07
9221,16,1.3786421e-07
9222,17,6.8409342e-08
9223,17,1.1114176e-07
9224,17,1.5106996e-07
9225,16,1.2362383e-07
9226,17,7.6955009e-08
9227,16,1.3722523e-07
9228,17,1.639198e-07
9229,17,1.1234534e-07
9230,17,6.5808026e-08
9231,16,1.2514715e-07
9232,17,1.4871277e-07
9233,17,1.2619295e-07
9234,17,7.4451323e-08
9235,17,1.1077053e-07
9236,17,6.3394747e-08
9237,17,6.8268187e-08
9238,17,5.1014242e-08
9239,17,8.6980381e-08
9240,17,1.2121644e-07
9241,17,1.7296527e-07
9242,17,7.8305634e-08
9243,17,1.0356299e-07
9244,17,1.5594274e-07
9245,17,1.7312542e-07
9246,17,1.1305702e-07
9247,17,7.937892e-08
9248,17,1.525912e-07
9249,17,9.7264775e-08
9250,17,6.7402919e-08
9251,17,4.9359332e-08
9252,17,6.7668644e-08
9253,17,5.1155345e-08
9254,17,1.3193137e-07
9255,17,1.3036956e-07
9256,16,1.1915938e-07
9257,17,5.5644953e-08
9258,17,1.1261984e-07
9259,17,1.1215853e-07
9260,16,1.1952303e-07
9261,17,7.8020956e-08
9262,16,1.1955997e-07
9263,17,1.3154855e-07
9264,17,1.1178131e-07
9265,17,5.5098488e-08
9266,16,1.2058988e-07
9267,17,1.1417423e-07
9268,17,6.8739623e-08
9269,17,5.0827307e-08
9270,17,1.1312061e-07
9271,17,9.3499948e-08
9272,17,1.7414189e-07
9273,17,1.0181754e-07
9274,17,8.1840796e-08
9275,17,1.56863e-07
9276,17,1.7308659e-07
9277,17,9.1325363e-08
9278,17,1.021375e-07
9279,17,1.533649e-07
9280,17,7.9229461e-08
9281,17,7.3106574e-08
9282,17,1.2527457e-07
9283,17,6.3313665e-08
9284,17,1.1132094e-07
9285,17,1.2792812e-07
9286,17,6.3766289e-08
9287,17,1.1179939e-07
9288,17,1.6494467e-07
9289,17,1.2618191e-07
9290,16,1.3830037e-07
9291,17,6.8364134e-08
9292,17,1.5143453e-07
9293,17,1.1449679e-07
9294,16,1.2444806e-07
9295,17,7.7283913e-08
9296,16,1.3572922e-07
9297,17,1.1946824e-07
9298,17,1.5021423e-07
9299,17,6.8450076e-08
9300,16,1.2398622e-07
9301,17,1.1325528e-07
9302,17,6.9133476e-08
9303,17,1.111868e-07
9304,17,5.9119372e-08
9305,17,1.0099827e-07
9306,17,1.1259414e-07
9307,17,5.9512618e-08
9308,17,1.0123943e-07
9309,17,1.3627659e-07
9310,17,6.1954125e-08
9311,17,1.5723145e-07
9312,17,1.2496563e-07
9313,17,4.7821523e-08
9314,17,1.411905e-07
9315,17,1.5655823e-07
9316,17,6.187907e-08
9317,17,1.2573367e-07
9318,17,1.4121624e-07
9319,17,4.6281864e-08
9320,17,1.1802062e-07
9321,17,1.1820437e-07
9322,16,1.2570116e-07
9323,17,8.4777665e-08
9324,17,1.1432686e-07
9325,17,1.0575911e-07
9326,17,1.1422129e-07
9327,16,1.3007841e-07
9328,17,1.2651225e-07
9329,16,1.3246885e-07
9330,17,1.1411786e-07
9331,16,1.1694955e-07
9332,17,1.1699622e-07
9333,16,1.1912782e-07
9334,17,1.2432108e-07
9335,16,1.3242176e-07
9336,17,1.2648702e-07
9337,16,1.1685917e-07
9338,17,1.1378072e-07
9339,16,1.1896492e-07
9340,17,1.1789531e-07
9341,16,1.3248255e-07
9342,17,1.2386143e-07
9343,16,1.2993142e-07
9344,17,1.1643023e-07
9345,16,1.1910879e-07
9346,17,1.1295092e-07
9347,16,1.16902e-07
9348,16,1.2549478e-07
9349,17,1.0045506e-07
9350,17,1.1762198e-07
9351,17,1.0408086e-07
9352,17,1.1416353e-07
9353,17,8.3493517e-08
9354,17,1.1441603e-07
9355,17,1.1728642e-07
9356,17,1.1720117e-07
9357,17,9.8260833e-08
9358,17,1.1430677e-07
9359,17,1.034606e-07
9360,17,1.1393456e-07
9361,17,8.3373824e-08
9362,17,1.5660499e-07
9363,17,1.3511619e-07
9364,17,4.7185869e-08
9365,17,1.4016083e-07
9366,17,1.2302706e-07
9367,17,6.509202e-08
9368,17,1.3607867e-07
9369,17,1.4289086e-07
9370,17,4.8652759e-08
9371,17,1.2341969e-07
9372,17,1.1568843e-07
9373,17,7.007534e-08
9374,17,1.0155606e-07
9375,17,5.8423817e-08
9376,16,1.3777309e-07
9377,17,7.8569326e-08
9378,17,1.6426316e-07
9379,17,1.1404153e-07
9380,16,1.2542704e-07
9381,17,6.7093322e-08
9382,17,1.4972168e-07
9383,17,1.2459689e-07
9384,17,1.6324692e-07
9385,17,7.7681578e-08
9386,16,1.2501336e-07
9387,17,1.1329621e-07
9388,17,1.4920212e-07
9389,17,6.7690644e-08
9390,17,7.313578e-08
9391,17,1.0741888e-07
9392,17,6.2240807e-08
9393,17,8.9735298e-08
9394,17,1.1539112e-07
9395,17,1.5691012e-07
9396,17,8.1605282e-08
9397,17,1.0035257e-07
9398,16,1.1867536e-07
9399,17,7.8665124e-08
9400,17,1.3021965e-07
9401,17,1.1156626e-07
9402,16,1.1869003e-07
9403,17,5.5778817e-08
9404,17,1.1124502e-07
9405,17,1.3065656e-07
9406,17,1.3062594e-07
9407,17,7.592447e-08
9408,16,1.2000165e-07
9409,17,1.1241987e-07
9410,17,1.1177269e-07
9411,17,5.4890765e-08
9412,17,5.0289979e-08
9413,17,6.6550387e-08
9414,17,4.9503227e-08
9415,17,1.7189159e-07
9416,17,9.0562369e-08
9417,17,1.0145311e-07
9418,17,1.5460745e-07
9419,17,7.7690678e-08
9420,17,1.1795456e-07
9421,17,8.9556178e-08
9422,17,1.5254717e-07
9423,17,9.9698414e-08
9424,17,7.8606428e-08
9425,17,5.0545396e-08
9426,17,1.6461795e-07
9427,17,1.2182147e-07
9428,17,7.7277932e-08
9429,16,1.2572939e-07
9430,17,1.4842948e-07
9431,17,1.1150872e-07
9432,17,6.4452019e-08
9433,17,7.5148307e-08
9434,17,1.1032947e-07
9435,17,6.3368274e-08
9436,17,1.1175504e-07
9437,17,5.8635185e-08
9438,17,1.0053087e-07
9439,17,1.5670949e-07
9440,17,6.3755007e-08
9441,17,1.2510273e-07
9442,17,1.4130934e-07
9443,17,4.6246566e-08
9444,16,1.2502165e-07
9445,17,1.010619e-07
9446,17,1.1630838e-07
9447,17,1.1495966e-07
9448,17,1.1416606e-07
9449,17,8.4430473e-08
9450,17,1.03563e-07
9451,16,1.3201825e-07
9452,17,1.2382748e-07
9453,17,1.2632245e-07
9454,16,1.1665054e-07
9455,16,1.1842463e-07
9456,17,1.1314098e-07
9457,17,1.1682849e-07
9458,16,1.2980692e-07
9459,17,1.2608952e-07
9460,17,1.230344e-07
9461,16,1.1906138e-07
9462,16,1.1747294e-07
9463,17,1.1762672e-07
9464,17,1.1482749e-07
9465,17,1.1902084e-07
9466,17,1.1739338e-07
9467,17,1.032601e-07
9468,17,1.1470295e-07
9469,17,1.147908e-07
9470,17,1.0606968e-07
9471,17,8.6206607e-08
9472,17,1.3388248e-07
9473,17,6.3344369e-08
9474,17,1.411348e-07
9475,17,1.2558413e-07
9476,17,4.6999807e-08
9477,17,6.9534236e-08
9478,17,1.005927e-07
9479,17,5.8219031e-08
9480,17,1.004548e-07
9481,16,1.2538841e-07
9482,17,1.1841063e-07
9483,17,1.1398581e-07
9484,17,8.2834642e-08
9485,17,1.1356905e-07
9486,17,1.0327094e-07
9487,17,1.2638549e-07
9488,16,1.3000905e-07
9489,17,1.2393796e-07
9490,16,1.190654e-07
9491,17,1.1714927e-07
9492,16,1.1737203e-07
9493,17,1.1258262e-07
9494,17,7.0078335e-08
9495,17,1.0220704e-07
9496,17,5.9338263e-08
9497,17,1.2303651e-07
9498,17,7.3725141e-08
9499,17,1.0870451e-07
9500,17,6.309096e-08
9501,17,1.7534048e-07
9502,17,1.1808566e-07
9503,17,7.976206e-08
9504,17,1.538559e-07
9505,17,1.0102564e-07
9506,17,6.8897086e-08
9507,17,5.0568363e-08
9508,17,1.2632241e-07
9509,17,6.4256099e-08
9510,17,1.097944e-07
9511,16,1.3823246e-07
9512,17,7.7619814e-08
9513,17,1.2383361e-07
9514,17,1.5127225e-07
9515,16,1.2660682e-07
9516,17,6.7149689e-08
9517,17,1.1356e-07
9518,2,4.8817313e-08
9519,2,8.8591413e-08
9520,2,6.5396832e-08
9521,2,1.0595866e-07
9522,2,4.5848562e-08
9523,2,1.1909391e-07
9524,2,1.319506e-07
9525,2,6.0378687e-08
9526,2,1.3310261e-07
9527,2,1.553127e-07
9528,2,9.3294862e-08
9529,2,1.0808712e-07
9530,2,1.1139309e-07
9531,2,9.8051649e-08
9532,2,1.1375404e-07
9533,2,1.1789802e-07
9534,2,1.258648e-07
9535,2,1.0605915e-07
9536,1,1.1642737e-07
9537,1,1.1815737e-07
9538,2,1.1848567e-07
9539,2,1.2049016e-07
9540,1,1.3061009e-07
9541,1,1.3285542e-07
9542,2,1.039456e-07
9543,1,1.1881722e-07
9544,1,1.1724765e-07
9545,2,1.1963484e-07
9546,2,1.1729908e-07
9547,1,1.3281948e-07
9548,1,1.3058256e-07
9549,2,7.9480035e-08
9550,2,1.1453455e-07
9551,2,1.1183597e-07
9552,2,1.1098559e-07
9553,2,9.6485389e-08
9554,2,1.2597177e-07
9555,2,1.1822772e-07
9556,2,1.3304202e-07
9557,2,1.2248353e-07
9558,2,5.8646346e-08
9559,2,1.5273541e-07
9560,2,1.3302921e-07
9561,2,8.9939519e-08
9562,2,5.0842542e-08
9563,2,1.0649337e-07
9564,2,6.5994674e-08
9565,2,5.224971e-08
9566,2,1.0685684e-07
9567,2,6.81519e-08
9568,2,1.2348148e-07
9569,2,1.0416309e-07
9570,2,1.419204e-07
9571,1,1.2359668e-07
9572,2,7.213757e-08
9573,2,1.1749915e-07
9574,2,1.5951434e-07
9575,1,1.3704492e-07
9576,2,1.1881413e-07
9577,1,1.2980347e-07
9578,1,1.2995091e-07
9579,2,1.5520567e-07
9580,2,1.2528643e-07
9581,1,1.3868062e-07
9582,1,1.3663997e-07
9583,1,1.2640379e-07
9584,1,1.2979985e-07
9585,1,1.290879e-07
9586,1,1.2892236e-07
9587,1,1.287633e-07
9588,1,1.3661032e-07
9589,1,1.3700682e-07
9590,1,1.2512273e-07
9591,1,1.2765159e-07
9592,1,1.2696369e-07
9593,1,1.1654987e-07
9594,1,1.1671504e-07
9595,1,1.2511535e-07
9596,1,1.2626953e-07
9597,1,1.2617128e-07
9598,1,1.268279e-07
9599,1,1.2684835e-07
9600,1,1.1849696e-07
9601,1,1.1915236e-07
9602,1,1.2694365e-07
9603,1,1.2706549e-07
9604,1,1.2594059e-07
9605,1,1.2684877e-07
9606,1,1.2686378e-07
9607,1,1.1918009e-07
9608,1,1.1857243e-07
9609,1,1.2708862e-07
9610,1,1.2701544e-07
9611,1,1.2594815e-07
9612,1,1.2716234e-07
9613,1,1.2798027e-07
9614,1,1.1700222e-07
9615,1,1.1714035e-07
9616,1,1.2645169e-07
9617,1,1.2536594e-07
9618,1,1.2459253e-07
9619,1,1.2936909e-07
9620,1,1.2929593e-07
9621,1,1.2869994e-07
9622,1,1.2892262e-07
9623,1,1.3705617e-07
9624,1,1.3624769e-07
9625,2,1.3594369e-07
9626,1,1.2859662e-07
9627,1,1.2873887e-07
9628,2,1.2492674e-07
9629,2,1.5469649e-07
9630,1,1.3593722e-07
9631,1,1.3818e-07
9632,2,5.7259852e-08
9633,1,1.2428388e-07
9634,2,1.4318025e-07
9635,2,1.2071183e-07
9636,2,7.2612149e-08
9637,1,1.3808166e-07
9638,2,1.6100064e-07
9639,2,1.0580949e-07
9640,2,5.3235806e-08
9641,2,1.2172404e-07
9642,2,6.8661537e-08
9643,2,2.3665816e-08
9644,2,5.9004101e-08
9645,2,7.0436101e-08
9646,2,8.420571e-08
9647,2,1.4211144e-07
9648,2,8.5527381e-08
9649,2,1.0436792e-07
9650,2,1.6438824e-07
9651,2,1.2190623e-07
9652,1,1.295948e-07
9653,1,1.3279662e-07
9654,2,1.4178279e-07
9655,1,1.2839245e-07
9656,1,1.3265566e-07
9657,1,1.4007934e-07
9658,1,1.3221238e-07
9659,1,1.331646e-07
9660,1,1.3160511e-07
9661,1,1.2577324e-07
9662,1,1.2627446e-07
9663,1,1.3092649e-07
9664,1,1.3177515e-07
9665,1,1.3043163e-07
9666,1,9.634649230749633e-08
9667,1,4.3038321814056986e-08
9668,1,1.2499061e-07
9669,1,1.235641e-07
9670,1,9.671679826163389e-08
9671,1,4.130760356349681e-08
9672,1,8.491395992567699e-08
9673,1,1.2769835e-07
9674,0,1.2682618e-07
9675,1,1.1843965037677074e-07
9676,1,8.539364928930569e-08
9677,1,1.297019e-07
9678,0,1.2893067e-07
9679,1,3.1782940813961864e-08
9680,0,1.2618657e-07
9681,0,1.2578895e-07
9682,1,5.318758457037743e-08
9683,1,3.3981935626062653e-08
9684,0,1.2826767e-07
9685,0,1.2797244e-07
9686,1,9.672854547332145e-09
9687,0,1.2559449e-07
9688,0,1.2552728e-07
9689,1,2.0042676027744073e-08
9690,1,1.255506498765033e-08
9691,0,1.2826147e-07
9692,0,1.2859976e-07
9693,1,1.7025120618199493e-08
9694,0,1.2553127e-07
9695,0,1.2561242e-07
9696,1,1.2560855053031629e-08
9697,1,2.0071538833754863e-08
9698,0,1.2860855e-07
9699,0,1.2828174e-07
9700,1,5.446653637465072e-08
9701,0,1.2582608e-07
9702,0,1.2621229e-07
9703,1,3.406059585565278e-08
9704,1,5.325839679686503e-08
9705,0,1.2800679e-07
9706,0,1.2827303e-07
9707,1,1.2229191043272185e-07
9708,0,1.2676061e-07
9709,1,1.2744189e-07
9710,1,8.523829985283544e-08
9711,1,1.1785584920860063e-07
9712,0,1.2884493e-07
9713,1,1.2946895e-07
9714,1,1.3117524e-07
9715,1,4.243794042948644e-08
9716,1,9.536399548562429e-08
9717,1,1.2313808e-07
9718,1,1.2453924e-07
9719,1,4.0766266712162586e-08
9720,1,9.587837742931965e-08
9721,1,1.3065191e-07
9722,1,1.3115953e-07
9723,1,1.3262965e-07
9724,1,1.2608213e-07
9725,1,1.2605445e-07
9726,1,1.3147466e-07
9727,1,1.3074698e-07
9728,2,1.2580865e-07
9729,1,1.3142106e-07
9730,1,1.2833475e-07
9731,1,1.2867301e-07
9732,2,1.450701e-07
9733,1,1.4004025e-07
9734,1,1.3375011e-07
9735,2,1.4317302e-07
9736,2,8.3891039e-08
9737,2,9.0324649e-08
9738,2,1.6776128e-07
9739,2,1.0328197e-07
9740,2,2.0591412e-08
9741,2,5.4999425e-08
9742,2,4.6956961e-08
9743,2,6.3317974e-08
9744,2,9.9547037e-08
9745,2,1.0599462e-07
9746,2,1.129266e-07
9747,2,7.4694581e-08
9748,2,1.238981e-07
9749,2,1.2592204e-07
9750,1,1.1641453e-07
9751,1,1.3792804e-07
9752,1,1.3343503e-07
9753,1,1.3664476e-07
9754,2,1.2006067e-07
9755,1,1.3468476e-07
9756,1,1.2645146e-07
9757,1,1.40788e-07
9758,1,1.3399735e-07
9759,1,1.3469563e-07
9760,1,7.014056283478234e-08
9761,1,1.270278e-07
9762,1,1.3190495e-07
9763,1,1.3198078e-07
9764,1,6.748251860043931e-08
9765,1,3.7273010839551015e-08
9766,1,1.2939712e-07
9767,0,1.2775301e-07
9768,1,1.055425331259159e-07
9769,1,3.9972346476729485e-08
9770,1,1.3157838e-07
9771,0,1.3034382e-07
9772,0,1.2710803e-07
9773,0,1.2668894e-07
9774,0,1.2602153e-07
9775,0,1.3096727e-07
9776,0,1.3038671e-07
9777,0,1.2980024e-07
9778,0,1.2953005e-07
9779,0,1.2587849e-07
9780,0,1.2561768e-07
9781,0,1.2537031e-07
9782,0,1.2973332e-07
9783,0,1.2906905e-07
9784,0,1.2904503e-07
9785,0,1.2871409e-07
9786,0,1.253452e-07
9787,0,1.2522059e-07
9788,0,1.2513236e-07
9789,0,1.2843078e-07
9790,0,1.2809151e-07
9791,0,1.2846112e-07
9792,0,1.283142e-07
9793,0,1.2520451e-07
9794,0,1.2508776e-07
9795,0,1.2507055e-07
9796,0,1.2813688e-07
9797,0,1.2831264e-07
9798,0,1.2824532e-07
9799,0,1.2822863e-07
9800,0,1.2525009e-07
9801,0,1.2507153e-07
9802,0,1.250905e-07
9803,0,1.2831695e-07
9804,0,1.2814445e-07
9805,0,1.2823024e-07
9806,0,1.282473e-07
9807,0,1.2554916e-07
9808,0,1.2513527e-07
9809,0,1.2521833e-07
9810,0,1.2810269e-07
9811,0,1.2842374e-07
9812,0,1.2831508e-07
9813,0,1.2844999e-07
9814,0,1.2626252e-07
9815,0,1.2535036e-07
9816,0,1.2556512e-07
9817,0,1.2901458e-07
9818,0,1.2960548e-07
9819,0,1.2867792e-07
9820,0,1.2896958e-07
9821,0,1.2789724e-07
9822,0,1.2592475e-07
9823,0,1.2653481e-07
9824,0,1.3017743e-07
9825,0,1.3069928e-07
9826,0,1.2940522e-07
9827,0,1.296258e-07
9828,1,1.0544926073005392e-07
9829,0,1.2750892e-07
9830,1,1.2902297e-07
9831,1,3.933276720471184e-08
9832,1,1.0451688178712517e-07
9833,0,1.3010227e-07
9834,1,1.312611e-07
9835,1,1.3566837e-07
9836,1,6.913534093888989e-08
9837,1,1.3390645e-07
9838,1,1.3154208e-07
9839,1,1.269048e-07
9840,1,6.659348186780122e-08
9841,1,1.316004e-07
9842,2,1.3542589e-07
9843,1,1.3595883e-07
9844,1,1.3274771e-07
9845,1,1.3507579e-07
9846,2,1.1927324e-07
9847,1,1.4045226e-07
9848,1,1.2592706e-07
9849,2,5.676611e-08
9850,2,1.1133105e-07
9851,2,1.0796724e-07
9852,2,1.2285494e-07
9853,2,7.68153e-08
9854,1,1.1639103e-07
9855,2,1.2838647e-07
9856,2,4.8156545e-08
9857,2,6.5051952e-08
9858,2,9.9278125e-08
9859,2,7.2011518e-08
9860,2,1.4675038e-07
9861,2,1.1090158e-07
9862,2,8.7558714e-08
9863,2,1.6787922e-07
9864,1,1.2450817e-07
9865,1,1.302217e-07
9866,1,1.3028113e-07
9867,2,1.1617498e-07
9868,1,1.2285007e-07
9869,1,1.3235245e-07
9870,1,1.3747138e-07
9871,1,1.3267486e-07
9872,1,1.3050792e-07
9873,1,3.761812256652373e-08
9874,1,1.2010242e-07
9875,1,1.2990845e-07
9876,1,1.2853784e-07
9877,1,3.4560794292886584e-08
9878,0,1.2908806e-07
9879,0,1.2840865e-07
9880,0,1.2715821e-07
9881,1,4.655539550641399e-08
9882,0,1.3120244e-07
9883,0,1.3048957e-07
9884,0,1.2970797e-07
9885,0,1.2643441e-07
9886,0,1.262388e-07
9887,0,1.2566502e-07
9888,0,1.3026738e-07
9889,0,1.2953298e-07
9890,0,1.2931091e-07
9891,0,1.2911409e-07
9892,0,1.2545408e-07
9893,0,1.2535121e-07
9894,0,1.2518234e-07
9895,0,1.2904328e-07
9896,0,1.2885791e-07
9897,0,1.2873098e-07
9898,0,1.2849721e-07
9899,0,1.2514674e-07
9900,0,1.2509973e-07
9901,0,1.2505275e-07
9902,0,1.285995e-07
9903,0,1.2841094e-07
9904,0,1.2835052e-07
9905,0,1.2825178e-07
9906,0,1.2504755e-07
9907,0,1.0108921831694353e-07
9908,0,7.190770107190456e-08
9909,0,1.2829841e-07
9910,0,1.2821216e-07
9911,0,1.0183805674177765e-07
9912,0,7.098071565873313e-08
9913,0,1.2502229e-07
9914,0,5.2159626247430386e-08
9915,0,4.2193249900903114e-08
9916,0,1.2817548e-07
9917,0,1.2815429e-07
9918,0,5.1581177363848704e-08
9919,0,4.104759989327557e-08
9920,0,1.2503107e-07
9921,0,4.2193365290854114e-08
9922,0,5.215985029182713e-08
9923,0,1.281549e-07
9924,0,1.2817571e-07
9925,0,4.1047516296246375e-08
9926,0,5.158027998985888e-08
9927,0,1.2508356e-07
9928,0,7.190778658060551e-08
9929,0,1.0108772792121752e-07
9930,0,1.2821139e-07
9931,0,1.282918e-07
9932,0,7.097814205798593e-08
9933,0,1.018300181680057e-07
9934,0,1.2523812e-07
9935,0,1.250492e-07
9936,0,1.2509093e-07
9937,0,1.2839276e-07
9938,0,1.2856371e-07
9939,0,1.2824175e-07
9940,0,1.2833136e-07
9941,0,1.2573948e-07
9942,0,1.2516572e-07
9943,0,1.2532162e-07
9944,0,1.2879613e-07
9945,0,1.2895376e-07
9946,0,1.2846436e-07
9947,0,1.2868158e-07
9948,0,1.2729388e-07
9949,0,1.2561306e-07
9950,0,1.2614994e-07
9951,0,1.2939608e-07
9952,0,1.3008143e-07
9953,0,1.2903537e-07
9954,0,1.2920078e-07
9955,1,4.6305902617943146e-08
9956,0,1.2701841e-07
9957,0,1.2821035e-07
9958,0,1.3095128e-07
9959,1,4.5906895018360986e-08
9960,0,1.2954775e-07
9961,0,1.3029614e-07
9962,1,1.3127908e-07
9963,1,3.7096927387842375e-08
9964,1,1.3012112e-07
9965,1,1.2963446e-07
9966,1,1.198399e-07
9967,1,3.402841566337961e-08
9968,1,1.2831139e-07
9969,2,1.1228065e-07
9970,1,1.2972236e-07
9971,1,1.2934948e-07
9972,1,1.230469e-07
9973,2,1.1735712e-07
9974,1,1.3744736e-07
9975,1,1.328537e-07
9976,2,1.495068e-07
9977,2,7.4637201e-08
9978,2,1.1274839e-07
9979,2,1.703941e-07
9980,2,8.8510634e-08
9981,2,5.1646868e-08
9982,2,1.0103502e-07
9983,2,6.8534619e-08
9984,2,1.1729386e-07
9985,1,1.2819897e-07
9986,1,1.202513e-07
9987,1,1.3095612e-07
9988,2,1.4375781e-07
9989,1,1.3321247e-07
9990,1,1.2691212e-07
9991,1,1.3911197e-07
9992,1,1.3085959e-07
9993,1,1.3165431e-07
9994,1,6.6753826363154e-08
9995,1,1.2490816e-07
9996,1,1.2958168e-07
9997,1,1.3038891e-07
9998,1,6.458310160746639e-08
9999,0,1.2781233e-07
10000,0,1.2786571e-07
10001,0,1.2663206e-07
10002,1,4.4128930225913615e-08
10003,0,1.2997416e-07
10004,0,1.3011869e-07
10005,0,1.2917901e-07
10006,0,1.2604238e-07
10007,0,1.2590152e-07
10008,0,1.2547258e-07
10009,0,1.2948326e-07
10010,0,1.2907083e-07
10011,0,1.289093e-07
10012,0,1.2884179e-07
10013,0,1.2529099e-07
10014,0,1.252424e-07
10015,0,1.2511652e-07
10016,0,1.2873544e-07
10017,0,1.2864335e-07
10018,0,1.2856314e-07
10019,0,1.2837983e-07
10020,0,1.2507722e-07
10021,0,9.148763985864785e-08
10022,0,2.2122706827095576e-08
10023,0,1.2846037e-07
10024,0,1.2831926e-07
10025,0,9.327683377074139e-08
10026,0,1.998111892218208e-08
10027,0,2.2107383141511313e-08
10028,0,1.2501803e-07
10029,0,1.2500899e-07
10030,0,7.701726162158417e-08
10031,0,2.4454584874103805e-08
10032,0,1.2817535e-07
10033,0,1.2814031e-07
10034,0,1.2500814e-07
10035,0,1.2500662e-07
10036,0,1.2500341e-07
10037,0,1.2817509e-07
10038,0,1.2814148e-07
10039,0,1.2813478e-07
10040,0,1.2811968e-07
10041,0,1.2500405e-07
10042,0,1.2500288e-07
10043,0,1.2500205e-07
10044,0,1.2813661e-07
10045,0,1.281267e-07
10046,0,1.281188e-07
10047,0,1.2811449e-07
10048,0,1.2500593e-07
10049,0,1.2500207e-07
10050,0,1.2500285e-07
10051,0,1.2812677e-07
10052,0,1.2813609e-07
10053,0,1.2811457e-07
10054,0,1.2811843e-07
10055,0,1.2501502e-07
10056,0,1.2500335e-07
10057,0,1.2500634e-07
10058,0,1.2814064e-07
10059,0,1.2817245e-07
10060,0,1.2811923e-07
10061,0,1.2813328e-07
10062,0,7.195141017779245e-08
10063,0,1.250084e-07
10064,0,1.2501666e-07
10065,0,2.4446920656100297e-08
10066,0,7.7000549107691e-08
10067,0,1.2813792e-07
10068,0,1.2817066e-07
10069,0,1.2514034e-07
10070,0,2.2118964488443613e-08
10071,0,9.14793142132324e-08
10072,0,1.2830443e-07
10073,0,1.2843758e-07
10074,0,1.9968821364374642e-08
10075,0,9.325271268490069e-08
10076,0,1.2552957e-07
10077,0,1.2510821e-07
10078,0,1.2522656e-07
10079,0,1.2860618e-07
10080,0,1.2868224e-07
10081,0,1.2836033e-07
10082,0,1.2853358e-07
10083,0,1.2667441e-07
10084,0,1.2544338e-07
10085,0,1.2584669e-07
10086,0,1.2898514e-07
10087,0,1.2936979e-07
10088,0,1.2879225e-07
10089,0,1.2883722e-07
10090,1,4.3540904705446144e-08
10091,0,1.2653082e-07
10092,0,1.2768316e-07
10093,0,1.2980151e-07
10094,1,4.358724837696418e-08
10095,0,1.290626e-07
10096,0,1.2996157e-07
10097,1,1.3188298e-07
10098,1,6.63100138448799e-08
10099,1,1.3137523e-07
10100,1,1.2939635e-07
10101,1,1.2484472e-07
10102,1,6.416050876944895e-08
10103,1,1.3026682e-07
10104,2,1.2343871e-07
10105,1,1.3015707e-07
10106,1,1.189214e-07
10107,1,1.3366852e-07
10108,2,1.4344114e-07
10109,1,1.3901748e-07
10110,1,1.2726825e-07
10111,2,1.0006463e-07
10112,2,6.7768399e-08
10113,2,1.2024075e-07
10114,2,1.4246356e-07
10115,2,1.0629429e-07
10116,1,1.2518434e-07
10117,2,7.5023481e-08
10118,2,1.6151366e-07
10119,2,1.1749967e-07
10120,1,1.3784156e-07
10121,1,1.3248683e-07
10122,1,1.3254593e-07
10123,1,1.3168789e-07
10124,1,1.2609984e-07
10125,1,1.304915e-07
10126,1,1.2658016e-07
10127,1,1.3173989e-07
10128,0,1.2841921e-07
10129,1,3.6552567540121035e-08
10130,0,1.2735466e-07
10131,1,1.0356472265526593e-07
10132,0,1.3066218e-07
10133,1,3.9196485464463464e-08
10134,0,1.2990912e-07
10135,0,1.2592927e-07
10136,0,1.2615412e-07
10137,0,1.2551838e-07
10138,0,1.2963986e-07
10139,0,1.2895224e-07
10140,0,1.2921194e-07
10141,0,1.2890828e-07
10142,0,1.252166e-07
10143,0,1.252305e-07
10144,0,1.2509739e-07
10145,0,1.2859604e-07
10146,0,1.2852388e-07
10147,0,1.2855015e-07
10148,0,1.2834257e-07
10149,0,7.19744039235095e-08
10150,0,7.196856709592785e-08
10151,0,1.2502124e-07
10152,0,1.2838376e-07
10153,0,7.413419252013833e-08
10154,0,7.411960155363803e-08
10155,0,1.2817899e-07
10156,0,1.2501655e-07
10157,0,1.2501433e-07
10158,0,1.2500701e-07
10159,0,1.2823278e-07
10160,0,1.2817492e-07
10161,0,1.2816607e-07
10162,0,1.2813189e-07
10163,0,1.2500745e-07
10164,0,1.250066e-07
10165,0,1.2500371e-07
10166,0,1.2817319e-07
10167,0,1.2814069e-07
10168,0,1.2813511e-07
10169,0,1.2811838e-07
10170,0,1.2500432e-07
10171,0,1.2500404e-07
10172,0,1.2500274e-07
10173,0,1.2814354e-07
10174,0,1.2812646e-07
10175,0,1.2812247e-07
10176,0,1.2811437e-07
10177,0,1.2500345e-07
10178,0,1.2500296e-07
10179,0,1.2500256e-07
10180,0,1.2812827e-07
10181,0,1.281228e-07
10182,0,1.2811659e-07
10183,0,1.2811405e-07
10184,0,1.2500414e-07
10185,0,1.2500258e-07
10186,0,1.2500293e-07
10187,0,1.2812289e-07
10188,0,1.2812783e-07
10189,0,1.2811416e-07
10190,0,1.281163e-07
10191,0,1.2500664e-07
10192,0,1.2500271e-07
10193,0,1.250039e-07
10194,0,1.2812612e-07
10195,0,1.2814235e-07
10196,0,1.2811425e-07
10197,0,1.2812175e-07
10198,0,1.250124e-07
10199,0,1.2500356e-07
10200,0,1.2500625e-07
10201,0,1.2813933e-07
10202,0,1.2817032e-07
10203,0,1.2811775e-07
10204,0,1.2813347e-07
10205,0,1.2502981e-07
10206,0,1.2500654e-07
10207,0,1.2501341e-07
10208,0,1.2817133e-07
10209,0,1.2822655e-07
10210,0,1.2813009e-07
10211,0,1.281625e-07
10212,0,1.2510309e-07
10213,0,1.2501983e-07
10214,0,7.196378298201451e-08
10215,0,7.411524220628314e-08
10216,0,1.2836928e-07
10217,0,1.2817417e-07
10218,0,7.410356990126939e-08
10219,0,1.2543161e-07
10220,0,1.2509229e-07
10221,0,1.2522031e-07
10222,0,1.2849963e-07
10223,0,1.2855903e-07
10224,0,1.2832908e-07
10225,0,1.2852758e-07
10226,0,1.2676701e-07
10227,0,1.2549853e-07
10228,0,1.2611957e-07
10229,0,1.2888778e-07
10230,0,1.295494e-07
10231,0,1.2887057e-07
10232,0,1.2915291e-07
10233,1,1.0436119414237766e-07
10234,0,1.272884e-07
10235,1,3.6485769026748324e-08
10236,0,1.305308e-07
10237,1,1.0335470883087929e-07
10238,0,1.2980553e-07
10239,1,3.9070303695139074e-08
10240,1,1.3021768e-07
10241,1,1.3136908e-07
10242,1,1.3182331e-07
10243,1,1.3024589e-07
10244,1,1.2565364e-07
10245,1,1.3142034e-07
10246,1,1.2612636e-07
10247,2,5.6564731e-08
10248,1,1.2473883e-07
10249,2,1.0637346e-07
10250,2,1.612208e-07
10251,2,7.4866864e-08
10252,1,1.3822391e-07
10253,2,1.2049739e-07
10254,2,4.9206923e-08
10255,2,8.9948247e-08
10256,2,6.6793642e-08
10257,2,1.0731749e-07
10258,1,1.3078628e-07
10259,2,1.1939721e-07
10260,1,1.3025517e-07
10261,2,1.5380958e-07
10262,1,1.3882305e-07
10263,2,1.2573391e-07
10264,1,1.3688911e-07
10265,1,9.620960613138922e-08
10266,1,1.3091626e-07
10267,1,4.291237440034357e-08
10268,1,1.2529308e-07
10269,1,9.645821154671924e-08
10270,1,1.238138e-07
10271,1,4.1161850993007e-08
10272,0,1.2655001e-07
10273,0,1.2708936e-07
10274,0,1.2597755e-07
10275,0,1.3086778e-07
10276,0,1.2961695e-07
10277,0,1.303634e-07
10278,0,1.2945751e-07
10279,0,1.2529182e-07
10280,0,1.2541657e-07
10281,0,1.2515985e-07
10282,0,1.289055e-07
10283,0,1.2863298e-07
10284,0,1.2879891e-07
10285,0,1.2845101e-07
10286,0,9.14723912828537e-08
10287,0,1.2506617e-07
10288,0,2.2117106756248104e-08
10289,0,1.2841347e-07
10290,0,9.323984669279385e-08
10291,0,1.282952e-07
10292,0,1.9965105928446807e-08
10293,0,1.2501369e-07
10294,0,1.2501481e-07
10295,0,1.2500645e-07
10296,0,1.2822535e-07
10297,0,1.2816433e-07
10298,0,1.281697e-07
10299,0,1.2812993e-07
10300,0,1.2500679e-07
10301,0,1.2500662e-07
10302,0,1.2500367e-07
10303,0,1.2816948e-07
10304,0,1.2813707e-07
10305,0,1.2813646e-07
10306,0,1.2811745e-07
10307,0,1.2500478e-07
10308,0,1.2500462e-07
10309,0,1.2500314e-07
10310,0,1.2814571e-07
10311,0,1.2812692e-07
10312,0,1.2812515e-07
10313,0,1.2811484e-07
10314,0,1.2500397e-07
10315,0,1.2500379e-07
10316,0,1.2500304e-07
10317,0,1.2813275e-07
10318,0,1.281225e-07
10319,0,1.2811994e-07
10320,0,1.2811461e-07
10321,0,1.2500377e-07
10322,0,1.2500337e-07
10323,0,1.2500312e-07
10324,0,1.2812526e-07
10325,0,1.2812187e-07
10326,0,1.2811705e-07
10327,0,1.2811528e-07
10328,0,1.2500417e-07
10329,0,1.2500314e-07
10330,0,1.2500332e-07
10331,0,1.2812197e-07
10332,0,1.2812488e-07
10333,0,1.281154e-07
10334,0,1.2811677e-07
10335,0,1.2500515e-07
10336,0,1.2500305e-07
10337,0,1.2500371e-07
10338,0,1.2812239e-07
10339,0,1.2813202e-07
10340,0,1.281146e-07
10341,0,1.2811941e-07
10342,0,1.2500706e-07
10343,0,1.2500309e-07
10344,0,1.2500444e-07
10345,0,1.2812644e-07
10346,0,1.2814437e-07
10347,0,1.2811463e-07
10348,0,1.2812421e-07
10349,0,1.2501136e-07
10350,0,1.2500351e-07
10351,0,1.2500627e-07
10352,0,1.2813601e-07
10353,0,1.2816704e-07
10354,0,1.2811685e-07
10355,0,1.281347e-07
10356,0,1.2502746e-07
10357,0,1.2500609e-07
10358,0,1.2501411e-07
10359,0,1.2816187e-07
10360,0,1.2822055e-07
10361,0,1.2812843e-07
10362,0,1.2816621e-07
10363,0,1.2512156e-07
10364,0,2.2115822126796392e-08
10365,0,1.2506461e-07
10366,0,9.322688941396193e-08
10367,0,1.284021e-07
10368,0,1.995898736068075e-08
10369,0,1.2828734e-07
10370,0,1.2568776e-07
10371,0,1.251569e-07
10372,0,1.2540674e-07
10373,0,1.2861358e-07
10374,0,1.2887113e-07
10375,0,1.2843864e-07
10376,0,1.2877391e-07
10377,0,1.2797108e-07
10378,0,1.2594605e-07
10379,0,1.2699316e-07
10380,0,1.2954365e-07
10381,0,1.3071776e-07
10382,0,1.2940219e-07
10383,0,1.3024616e-07
10384,1,1.3156944e-07
10385,1,4.260299263054301e-08
10386,1,1.301845e-07
10387,1,9.608562706541785e-08
10388,1,1.2480163e-07
10389,1,4.0849008520606295e-08
10390,1,1.2339998e-07
10391,2,1.3452061e-07
10392,1,1.2946503e-07
10393,2,1.1745502e-07
10394,1,1.3843374e-07
10395,2,1.5443887e-07
10396,1,1.366157e-07
10397,2,1.2586121e-07
10398,2,9.4325159e-08
10399,2,6.5168382e-08
10400,2,1.0918048e-07
10401,2,1.1916276e-07
10402,2,4.3402464e-08
10403,2,1.3208605e-07
10404,2,1.3369877e-07
10405,2,5.9251772e-08
10406,2,1.5355059e-07
10407,1,1.3013433e-07
10408,1,1.2625125e-07
10409,1,1.2890656e-07
10410,1,1.2953309e-07
10411,1,1.3679957e-07
10412,1,1.285687e-07
10413,1,1.3697472e-07
10414,1,1.2766957e-07
10415,1,8.465466157554622e-08
10416,0,1.2677478e-07
10417,1,1.18318070732942e-07
10418,1,1.2969831e-07
10419,1,8.52791424944167e-08
10420,0,1.2889571e-07
10421,0,1.2559853e-07
10422,0,1.2585206e-07
10423,0,1.2535561e-07
10424,0,1.2972057e-07
10425,0,1.2901528e-07
10426,0,1.2904316e-07
10427,0,1.2869297e-07
10428,0,1.2509092e-07
10429,0,1.2513887e-07
10430,0,1.2504876e-07
10431,0,1.2857652e-07
10432,0,1.283313e-07
10433,0,1.2839769e-07
10434,0,1.282418e-07
10435,0,1.2501599e-07
10436,0,2.2105023704989998e-08
10437,0,1.2500806e-07
10438,0,7.699820691126682e-08
10439,0,1.2816945e-07
10440,0,2.4447637445110273e-08
10441,0,1.2813706e-07
10442,0,1.2500627e-07
10443,0,1.2500699e-07
10444,0,1.2500352e-07
10445,0,1.2817055e-07
10446,0,1.2813411e-07
10447,0,1.2813923e-07
10448,0,1.2811763e-07
10449,0,1.2500459e-07
10450,0,1.2500471e-07
10451,0,1.2500312e-07
10452,0,1.2814537e-07
10453,0,1.2812514e-07
10454,0,1.2812666e-07
10455,0,1.2811476e-07
10456,0,1.2500411e-07
10457,0,1.2500412e-07
10458,0,1.2500322e-07
10459,0,1.2813397e-07
10460,0,1.2812187e-07
10461,0,1.281219e-07
10462,0,1.2811488e-07
10463,0,1.2500393e-07
10464,0,1.2500382e-07
10465,0,1.2500332e-07
10466,0,1.2812725e-07
10467,0,1.281206e-07
10468,0,1.2811932e-07
10469,0,1.2811548e-07
10470,0,1.2500393e-07
10471,0,1.2500361e-07
10472,0,1.2500344e-07
10473,0,1.281231e-07
10474,0,1.2812085e-07
10475,0,1.281176e-07
10476,0,1.2811629e-07
10477,0,1.2500416e-07
10478,0,1.2500345e-07
10479,0,1.2500358e-07
10480,0,1.2812097e-07
10481,0,1.2812281e-07
10482,0,1.281164e-07
10483,0,1.2811737e-07
10484,0,1.2500463e-07
10485,0,1.2500333e-07
10486,0,1.2500376e-07
10487,0,1.2812059e-07
10488,0,1.2812675e-07
10489,0,1.281155e-07
10490,0,1.281189e-07
10491,0,1.2500541e-07
10492,0,1.2500317e-07
10493,0,1.2500399e-07
10494,0,1.2812172e-07
10495,0,1.2813314e-07
10496,0,1.2811476e-07
10497,0,1.2812119e-07
10498,0,1.2500694e-07
10499,0,1.2500304e-07
10500,0,1.2500451e-07
10501,0,1.2812476e-07
10502,0,1.2814406e-07
10503,0,1.2811445e-07
10504,0,1.281255e-07
10505,0,1.2501179e-07
10506,0,1.2500336e-07
10507,0,1.2500666e-07
10508,0,1.2813334e-07
10509,0,1.2816842e-07
10510,0,1.2811696e-07
10511,0,1.2813727e-07
10512,0,7.194902122728394e-08
10513,0,1.2500783e-07
10514,0,2.210452386341368e-08
10515,0,1.2816771e-07
10516,0,7.6991370247827e-08
10517,0,1.2813567e-07
10518,0,2.4443148304811093e-08
10519,0,1.2524192e-07
10520,0,1.2504885e-07
10521,0,1.2513948e-07
10522,0,1.2832533e-07
10523,0,1.2856318e-07
10524,0,1.2823849e-07
10525,0,1.2839132e-07
10526,0,1.2630811e-07
10527,0,1.2535464e-07
10528,0,1.2584629e-07
10529,0,1.2898285e-07
10530,0,1.2965423e-07
10531,0,1.2868138e-07
10532,0,1.2902626e-07
10533,1,1.2212225924381044e-07
10534,0,1.2675891e-07
10535,1,8.458554241890818e-08
10536,1,1.2955396e-07
10537,1,1.1779451322434575e-07
10538,0,1.2886661e-07
10539,1,8.514885363901719e-08
10540,1,1.2360742e-07
10541,1,1.2920104e-07
10542,1,1.2686537e-07
10543,1,1.3652e-07
10544,1,1.2855817e-07
10545,1,1.3716138e-07
10546,1,1.291597e-07
10547,2,1.330904e-07
10548,2,4.429585e-08
10549,2,1.3118054e-07
10550,2,1.5600593e-07
10551,2,6.0354188e-08
10552,2,1.1034017e-07
10553,2,9.4474727e-08
10554,2,1.1396593e-07
10555,2,9.4649328e-08
10556,2,1.1732911e-07
10557,2,1.1093335e-07
10558,2,1.2585844e-07
10559,1,1.274494e-07
10560,1,1.2512035e-07
10561,1,1.2697095e-07
10562,1,1.1661098e-07
10563,1,1.2510573e-07
10564,1,1.168402e-07
10565,1,1.263471e-07
10566,0,1.26137e-07
10567,1,3.1809378057637514e-08
10568,0,1.2576971e-07
10569,1,5.3163344489514066e-08
10570,0,1.2824703e-07
10571,1,3.4068751940213436e-08
10572,0,1.2797337e-07
10573,0,1.2520947e-07
10574,0,1.2533348e-07
10575,0,1.2512647e-07
10576,0,1.2841908e-07
10577,0,1.2845231e-07
10578,0,1.2808652e-07
10579,0,1.2830983e-07
10580,0,1.0108652877566381e-07
10581,0,1.250456e-07
10582,0,7.190719279875582e-08
10583,0,1.2829422e-07
10584,0,1.018324614751295e-07
10585,0,1.2821047e-07
10586,0,7.09807345224852e-08
10587,0,1.2500626e-07
10588,0,1.2500797e-07
10589,0,1.2500331e-07
10590,0,1.2817363e-07
10591,0,1.2813375e-07
10592,0,1.2814127e-07
10593,0,1.2811922e-07
10594,0,1.2500397e-07
10595,0,1.2500432e-07
10596,0,1.2500274e-07
10597,0,1.2814324e-07
10598,0,1.2812231e-07
10599,0,1.2812661e-07
10600,0,1.2811435e-07
10601,0,1.250038e-07
10602,0,1.2500401e-07
10603,0,1.2500307e-07
10604,0,1.281328e-07
10605,0,1.2811996e-07
10606,0,1.2812272e-07
10607,0,1.2811469e-07
10608,0,1.2500381e-07
10609,0,1.2500396e-07
10610,0,1.2500335e-07
10611,0,1.2812731e-07
10612,0,1.2811928e-07
10613,0,1.2812078e-07
10614,0,1.2811555e-07
10615,0,1.2500384e-07
10616,0,1.2500387e-07
10617,0,1.2500351e-07
10618,0,1.2812375e-07
10619,0,1.281192e-07
10620,0,1.2811933e-07
10621,0,1.2811633e-07
10622,0,1.2500391e-07
10623,0,1.2500376e-07
10624,0,1.2500363e-07
10625,0,1.2812131e-07
10626,0,1.2811972e-07
10627,0,1.2811816e-07
10628,0,1.281171e-07
10629,0,1.2500406e-07
10630,0,1.2500364e-07
10631,0,1.2500373e-07
10632,0,1.2811986e-07
10633,0,1.2812109e-07
10634,0,1.281172e-07
10635,0,1.2811798e-07
10636,0,1.2500429e-07
10637,0,1.2500351e-07
10638,0,1.2500382e-07
10639,0,1.2811922e-07
10640,0,1.2812336e-07
10641,0,1.2811636e-07
10642,0,1.2811902e-07
10643,0,1.2500462e-07
10644,0,1.2500331e-07
10645,0,1.2500386e-07
10646,0,1.2811925e-07
10647,0,1.2812677e-07
10648,0,1.2811551e-07
10649,0,1.2812027e-07
10650,0,1.2500511e-07
10651,0,1.2500301e-07
10652,0,1.2500386e-07
10653,0,1.2811983e-07
10654,0,1.28132e-07
10655,0,1.281145e-07
10656,0,1.2812191e-07
10657,0,1.2500647e-07
10658,0,1.2500264e-07
10659,0,1.2500407e-07
10660,0,1.2812208e-07
10661,0,1.2814211e-07
10662,0,1.2811396e-07
10663,0,1.2812532e-07
10664,0,1.250147e-07
10665,0,1.2500316e-07
10666,0,1.2500774e-07
10667,0,1.2813342e-07
10668,0,1.2817217e-07
10669,0,1.281186e-07
10670,0,1.2813947e-07
10671,0,1.2508272e-07
10672,0,7.19071483136343e-08
10673,0,1.2504686e-07
10674,0,1.0182847494323845e-07
10675,0,1.2829303e-07
10676,0,7.09774181978123e-08
10677,0,1.2820926e-07
10678,0,1.2553685e-07
10679,0,1.2513064e-07
10680,0,1.2534443e-07
10681,0,1.284521e-07
10682,0,1.2842406e-07
10683,0,1.283112e-07
10684,0,1.2809304e-07
10685,1,5.433580511714245e-08
10686,0,1.2579687e-07
10687,1,3.1869131790049664e-08
10688,0,1.2826148e-07
10689,1,5.318654931637144e-08
10690,0,1.2798854e-07
10691,1,3.4092537575350565e-08
10692,1,1.2532049e-07
10693,1,1.2710543e-07
10694,1,1.2528591e-07
10695,1,1.2528933e-07
10696,1,1.1692307e-07
10697,1,1.2641984e-07
10698,1,1.1690662e-07
10699,2,7.730131e-08
10700,2,1.1425162e-07
10701,2,9.2142004e-08
10702,2,1.1790162e-07
10703,2,9.5106871e-08
10704,2,1.256798e-07
10705,2,1.098245e-07
10706,2,1.1878465e-07
10707,2,1.0404128e-07
10708,1,1.2093797e-07
10709,2,1.1675386e-07
10710,1,1.3094459e-07
10711,2,1.1826858e-07
10712,1,1.3320292e-07
10713,1,1.2705292e-07
10714,1,1.2718493e-07
10715,1,1.2718385e-07
10716,1,1.1881173e-07
10717,1,1.271619e-07
10718,1,1.1971556e-07
10719,1,1.2737802e-07
10720,0,1.2561873e-07
10721,1,9.872225017526772e-09
10722,0,1.2557843e-07
10723,1,2.023385312333644e-08
10724,0,1.2830748e-07
10725,1,1.280735154793407e-08
10726,0,1.2866807e-07
10727,0,1.2508854e-07
10728,0,1.2521984e-07
10729,0,1.2507461e-07
10730,0,1.2815438e-07
10731,0,1.282515e-07
10732,0,1.2833912e-07
10733,0,1.2823827e-07
10734,0,5.2160244681259e-08
10735,0,1.2502367e-07
10736,0,4.219432257647804e-08
10737,0,1.2817893e-07
10738,0,5.1584543635243024e-08
10739,0,1.2815906e-07
10740,0,4.10522979081525e-08
10741,0,1.2500294e-07
10742,0,1.2500435e-07
10743,0,1.2500216e-07
10744,0,1.2813777e-07
10745,0,1.2811911e-07
10746,0,1.2812824e-07
10747,0,1.28115e-07
10748,0,1.25003e-07
10749,0,1.2500358e-07
10750,0,1.2500263e-07
10751,0,1.2812883e-07
10752,0,1.2811675e-07
10753,0,1.2812358e-07
10754,0,1.2811434e-07
10755,0,1.2500338e-07
10756,0,1.2500386e-07
10757,0,1.2500316e-07
10758,0,1.2812556e-07
10759,0,1.2811713e-07
10760,0,1.2812234e-07
10761,0,1.2811549e-07
10762,0,1.2500362e-07
10763,0,1.2500398e-07
10764,0,1.2500347e-07
10765,0,1.2812326e-07
10766,0,1.281176e-07
10767,0,1.2812117e-07
10768,0,1.2811642e-07
10769,0,1.2500374e-07
10770,0,1.2500396e-07
10771,0,1.2500364e-07
10772,0,1.2812138e-07
10773,0,1.2811806e-07
10774,0,1.2811997e-07
10775,0,1.2811716e-07
10776,0,1.2500385e-07
10777,0,1.2500387e-07
10778,0,1.2500376e-07
10779,0,1.2811989e-07
10780,0,1.2811871e-07
10781,0,1.2811888e-07
10782,0,1.2811787e-07
10783,0,1.2500395e-07
10784,0,1.2500377e-07
10785,0,1.2500386e-07
10786,0,1.2811882e-07
10787,0,1.2811971e-07
10788,0,1.2811797e-07
10789,0,1.2811874e-07
10790,0,1.2500408e-07
10791,0,1.2500364e-07
10792,0,1.2500391e-07
10793,0,1.2811812e-07
10794,0,1.2812112e-07
10795,0,1.2811723e-07
10796,0,1.2811976e-07
10797,0,1.2500415e-07
10798,0,1.2500346e-07
10799,0,1.2500392e-07
10800,0,1.2811762e-07
10801,0,1.281229e-07
10802,0,1.2811645e-07
10803,0,1.2812084e-07
10804,0,1.2500415e-07
10805,0,1.2500313e-07
10806,0,1.2500376e-07
10807,0,1.2811711e-07
10808,0,1.2812504e-07
10809,0,1.2811544e-07
10810,0,1.281218e-07
10811,0,1.2500413e-07
10812,0,1.2500257e-07
10813,0,1.2500341e-07
10814,0,1.2811672e-07
10815,0,1.2812813e-07
10816,0,1.2811416e-07
10817,0,1.2812273e-07
10818,0,1.2500588e-07
10819,0,1.2500203e-07
10820,0,1.2500405e-07
10821,0,1.2811908e-07
10822,0,1.2813691e-07
10823,0,1.281146e-07
10824,0,1.2812694e-07
10825,0,1.2503047e-07
10826,0,4.219361715948727e-08
10827,0,1.2502277e-07
10828,0,5.158162767209709e-08
10829,0,1.2817789e-07
10830,0,4.1049369988814174e-08
10831,0,1.2815649e-07
10832,0,1.2524674e-07
10833,0,1.2507172e-07
10834,0,1.2520956e-07
10835,0,1.282507e-07
10836,0,1.2815063e-07
10837,0,1.2823396e-07
10838,0,1.283269e-07
10839,1,1.7087134868957812e-08
10840,0,1.2554502e-07
10841,1,9.763825904416011e-09
10842,0,1.2829569e-07
10843,1,2.018385451745269e-08
10844,0,1.2863716e-07
10845,1,1.2707651420349841e-08
10846,1,1.2592624e-07
10847,1,1.2698905e-07
10848,1,1.264977e-07
10849,1,1.2709392e-07
10850,1,1.1869078e-07
10851,1,1.272489e-07
10852,1,1.1947377e-07
10853,2,1.0224727e-07
10854,1,1.1969553e-07
10855,2,1.0550456e-07
10856,1,1.3108585e-07
10857,2,1.1792891e-07
10858,1,1.3331352e-07
10859,2,1.1972169e-07
10860,1,1.2038747e-07
10861,2,1.0070139e-07
10862,2,1.1834407e-07
10863,2,1.1908974e-07
10864,1,1.3327739e-07
10865,2,1.1674117e-07
10866,1,1.308438e-07
10867,1,1.2719002e-07
10868,1,1.2623123e-07
10869,1,1.2709622e-07
10870,1,1.1967368e-07
10871,1,1.2737964e-07
10872,1,1.1878613e-07
10873,1,1.2717685e-07
10874,0,1.2557946e-07
10875,1,1.7119105056477814e-08
10876,0,1.256238e-07
10877,1,1.280397219010093e-08
10878,0,1.2867064e-07
10879,1,2.0223994443447765e-08
10880,0,1.2830904e-07
10881,0,1.250748e-07
10882,0,1.2525034e-07
10883,0,1.2508931e-07
10884,0,1.2834082e-07
10885,0,1.2823895e-07
10886,0,1.2815507e-07
10887,0,1.2825137e-07
10888,0,4.219434697817901e-08
10889,0,1.2503072e-07
10890,0,5.2160425177469633e-08
10891,0,1.2815939e-07
10892,0,4.105231027036e-08
10893,0,1.2817874e-07
10894,0,5.1584379595022393e-08
10895,0,1.2500216e-07
10896,0,1.2500606e-07
10897,0,1.2500292e-07
10898,0,1.2812826e-07
10899,0,1.2811499e-07
10900,0,1.281376e-07
10901,0,1.2811903e-07
10902,0,1.2500262e-07
10903,0,1.2500428e-07
10904,0,1.2500298e-07
10905,0,1.2812357e-07
10906,0,1.2811432e-07
10907,0,1.2812872e-07
10908,0,1.2811668e-07
10909,0,1.2500315e-07
10910,0,1.2500425e-07
10911,0,1.2500338e-07
10912,0,1.2812233e-07
10913,0,1.2811546e-07
10914,0,1.2812551e-07
10915,0,1.2811709e-07
10916,0,1.2500346e-07
10917,0,1.2500422e-07
10918,0,1.2500362e-07
10919,0,1.2812115e-07
10920,0,1.281164e-07
10921,0,1.2812325e-07
10922,0,1.281176e-07
10923,0,1.2500363e-07
10924,0,1.2500411e-07
10925,0,1.2500375e-07
10926,0,1.2811995e-07
10927,0,1.2811713e-07
10928,0,1.2812141e-07
10929,0,1.281181e-07
10930,0,1.2500376e-07
10931,0,1.2500399e-07
10932,0,1.2500386e-07
10933,0,1.2811886e-07
10934,0,1.2811785e-07
10935,0,1.2811996e-07
10936,0,1.281188e-07
10937,0,1.2500385e-07
10938,0,1.2500387e-07
10939,0,1.2500397e-07
10940,0,1.2811795e-07
10941,0,1.2811873e-07
10942,0,1.2811891e-07
10943,0,1.2811984e-07
10944,0,1.2500392e-07
10945,0,1.2500376e-07
10946,0,1.250041e-07
10947,0,1.2811721e-07
10948,0,1.2811979e-07
10949,0,1.2811822e-07
10950,0,1.2812129e-07
10951,0,1.2500393e-07
10952,0,1.2500363e-07
10953,0,1.2500419e-07
10954,0,1.2811648e-07
10955,0,1.2812093e-07
10956,0,1.2811772e-07
10957,0,1.2812309e-07
10958,0,1.2500379e-07
10959,0,1.2500338e-07
10960,0,1.250042e-07
10961,0,1.2811553e-07
10962,0,1.2812202e-07
10963,0,1.2811716e-07
10964,0,1.2812523e-07
10965,0,1.2500347e-07
10966,0,1.2500296e-07
10967,0,1.2500418e-07
10968,0,1.2811438e-07
10969,0,1.2812313e-07
10970,0,1.2811669e-07
10971,0,1.2812825e-07
10972,0,1.2500417e-07
10973,0,1.2500287e-07
10974,0,1.2500593e-07
10975,0,1.28115e-07
10976,0,1.2812757e-07
10977,0,1.2811887e-07
10978,0,1.2813683e-07
10979,0,1.2502302e-07
10980,0,5.216004156765497e-08
10981,0,1.2503063e-07
10982,0,4.1049815984663014e-08
10983,0,1.2815746e-07
10984,0,5.158244641359004e-08
10985,0,1.2817766e-07
10986,0,1.2521148e-07
10987,0,1.2508949e-07
10988,0,1.2524959e-07
10989,0,1.2823531e-07
10990,0,1.283295e-07
10991,0,1.2825082e-07
10992,0,1.2815299e-07
10993,1,9.780107359817951e-09
10994,0,1.2561986e-07
10995,1,1.7107101653851273e-08
10996,0,1.2864339e-07
10997,1,1.2720683642418404e-08
10998,0,1.2830512e-07
10999,1,2.020646451041869e-08
11000,1,1.26724e-07
11001,1,1.2702138e-07
11002,1,1.2636783e-07
11003,1,1.272869e-07
11004,1,1.1956176e-07
11005,1,1.2716349e-07
11006,1,1.1885377e-07
11007,2,1.0519267e-07
11008,2,1.1855652e-07
11009,2,1.0325974e-07
11010,1,1.3327165e-07
11011,2,1.1927e-07
11012,1,1.3084993e-07
11013,2,1.1653323e-07
11014,2,1.1431894e-07
11015,2,7.6701683e-08
11016,2,1.1101683e-07
11017,2,1.1152948e-07
11018,2,1.2618895e-07
11019,2,9.5959877e-08
11020,2,1.1816059e-07
11021,1,1.2704201e-07
11022,1,1.248009e-07
11023,1,1.2763517e-07
11024,1,1.1692212e-07
11025,1,1.2640262e-07
11026,1,1.1674651e-07
11027,1,1.2517777e-07
11028,0,1.2577963e-07
11029,1,5.420045597129957e-08
11030,0,1.2613433e-07
11031,1,3.4056463854653765e-08
11032,0,1.2798006e-07
11033,1,5.310887272871294e-08
11034,0,1.2822945e-07
11035,0,1.2512833e-07
11036,0,1.255242e-07
11037,0,1.2521099e-07
11038,0,1.2809081e-07
11039,0,1.2831109e-07
11040,0,1.2841133e-07
11041,0,1.2844882e-07
11042,0,7.19077243921023e-08
11043,0,1.2508184e-07
11044,0,1.0108777472083185e-07
11045,0,1.2821114e-07
11046,0,7.098098083706125e-08
11047,0,1.2829303e-07
11048,0,1.0183294297642657e-07
11049,0,1.2500329e-07
11050,0,1.2501494e-07
11051,0,1.2500628e-07
11052,0,1.2814119e-07
11053,0,1.2811918e-07
11054,0,1.2817324e-07
11055,0,1.2813358e-07
11056,0,1.2500271e-07
11057,0,1.2500667e-07
11058,0,1.2500394e-07
11059,0,1.2812646e-07
11060,0,1.2811423e-07
11061,0,1.2814297e-07
11062,0,1.2812211e-07
11063,0,1.2500306e-07
11064,0,1.2500524e-07
11065,0,1.2500377e-07
11066,0,1.2812261e-07
11067,0,1.281146e-07
11068,0,1.2813263e-07
11069,0,1.2811985e-07
11070,0,1.2500334e-07
11071,0,1.2500471e-07
11072,0,1.2500382e-07
11073,0,1.2812072e-07
11074,0,1.281155e-07
11075,0,1.281273e-07
11076,0,1.2811925e-07
11077,0,1.250035e-07
11078,0,1.2500437e-07
11079,0,1.2500386e-07
11080,0,1.2811932e-07
11081,0,1.281163e-07
11082,0,1.281238e-07
11083,0,1.2811926e-07
11084,0,1.2500364e-07
11085,0,1.2500412e-07
11086,0,1.2500395e-07
11087,0,1.2811816e-07
11088,0,1.2811712e-07
11089,0,1.2812144e-07
11090,0,1.2811988e-07
11091,0,1.2500375e-07
11092,0,1.2500397e-07
11093,0,1.2500412e-07
11094,0,1.2811723e-07
11095,0,1.2811806e-07
11096,0,1.2812001e-07
11097,0,1.2812133e-07
11098,0,1.2500385e-07
11099,0,1.2500387e-07
11100,0,1.2500437e-07
11101,0,1.2811644e-07
11102,0,1.2811921e-07
11103,0,1.2811942e-07
11104,0,1.2812374e-07
11105,0,1.2500392e-07
11106,0,1.2500385e-07
11107,0,1.2500472e-07
11108,0,1.2811562e-07
11109,0,1.281206e-07
11110,0,1.2811947e-07
11111,0,1.2812729e-07
11112,0,1.2500397e-07
11113,0,1.2500382e-07
11114,0,1.2500526e-07
11115,0,1.2811474e-07
11116,0,1.2812249e-07
11117,0,1.2812009e-07
11118,0,1.2813265e-07
11119,0,1.2500426e-07
11120,0,1.2500397e-07
11121,0,1.2500667e-07
11122,0,1.2811438e-07
11123,0,1.2812624e-07
11124,0,1.2812235e-07
11125,0,1.2814287e-07
11126,0,1.250079e-07
11127,0,1.2500622e-07
11128,0,1.2501467e-07
11129,0,1.2811918e-07
11130,0,1.2814059e-07
11131,0,1.2813354e-07
11132,0,1.2817263e-07
11133,0,1.2504665e-07
11134,0,1.0108645592763559e-07
11135,0,1.250809e-07
11136,0,7.09789380329017e-08
11137,0,1.2820993e-07
11138,0,1.018297636747619e-07
11139,0,1.2829143e-07
11140,0,1.2534373e-07
11141,0,1.2521157e-07
11142,0,1.2553054e-07
11143,0,1.2831159e-07
11144,0,1.2809356e-07
11145,0,1.2844918e-07
11146,0,1.2841833e-07
11147,1,3.187030481063629e-08
11148,0,1.2616178e-07
11149,1,5.4348615117897595e-08
11150,0,1.2799413e-07
11151,1,3.41147335129026e-08
11152,0,1.2825959e-07
11153,1,5.3234986202058176e-08
11154,1,1.2549313e-07
11155,1,1.2778453e-07
11156,1,1.2540964e-07
11157,1,1.2647814e-07
11158,1,1.1711663e-07
11159,1,1.2534526e-07
11160,1,1.1720614e-07
11161,2,9.3611489e-08
11162,2,1.1166734e-07
11163,2,7.9069424e-08
11164,2,1.261789e-07
11165,2,1.1086668e-07
11166,2,1.1893616e-07
11167,2,9.7842193e-08
11168,2,1.3237974e-07
11169,2,1.215797e-07
11170,2,5.9679217e-08
11171,2,1.551556e-07
11172,2,1.3483659e-07
11173,1,1.2885487e-07
11174,1,1.2261753e-07
11175,1,1.2927489e-07
11176,1,1.2892267e-07
11177,1,1.3696808e-07
11178,1,1.2912418e-07
11179,1,1.3640918e-07
11180,0,1.2673497e-07
11181,1,1.223224773296105e-07
11182,1,1.2758622e-07
11183,1,8.512622917412922e-08
11184,0,1.2884913e-07
11185,1,1.1799142325882064e-07
11186,1,1.2958835e-07
11187,0,1.2535579e-07
11188,0,1.2633917e-07
11189,0,1.2559937e-07
11190,0,1.2902841e-07
11191,0,1.2868872e-07
11192,0,1.296832e-07
11193,0,1.2900499e-07
11194,0,1.2504985e-07
11195,0,1.2524855e-07
11196,0,1.2509271e-07
11197,0,1.2839744e-07
11198,0,1.2824218e-07
11199,0,1.2857416e-07
11200,0,1.2833121e-07
11201,0,1.2500815e-07
11202,0,7.195147727612795e-08
11203,0,1.2501614e-07
11204,0,2.4448351790849888e-08
11205,0,1.2813693e-07
11206,0,7.699927055190262e-08
11207,0,1.2816899e-07
11208,0,1.2500346e-07
11209,0,1.2501219e-07
11210,0,1.2500619e-07
11211,0,1.2813892e-07
11212,0,1.2811737e-07
11213,0,1.2816995e-07
11214,0,1.2813359e-07
11215,0,1.2500308e-07
11216,0,1.2500713e-07
11217,0,1.2500452e-07
11218,0,1.2812646e-07
11219,0,1.2811459e-07
11220,0,1.2814503e-07
11221,0,1.2812481e-07
11222,0,1.250032e-07
11223,0,1.2500554e-07
11224,0,1.2500409e-07
11225,0,1.2812184e-07
11226,0,1.2811476e-07
11227,0,1.2813388e-07
11228,0,1.2812176e-07
11229,0,1.2500334e-07
11230,0,1.2500472e-07
11231,0,1.2500394e-07
11232,0,1.2811932e-07
11233,0,1.2811547e-07
11234,0,1.2812734e-07
11235,0,1.2812062e-07
11236,0,1.2500345e-07
11237,0,1.2500422e-07
11238,0,1.2500396e-07
11239,0,1.2811766e-07
11240,0,1.2811636e-07
11241,0,1.2812327e-07
11242,0,1.2812103e-07
11243,0,1.2500362e-07
11244,0,1.2500398e-07
11245,0,1.2500421e-07
11246,0,1.281165e-07
11247,0,1.2811755e-07
11248,0,1.2812123e-07
11249,0,1.2812319e-07
11250,0,1.2500383e-07
11251,0,1.2500397e-07
11252,0,1.2500474e-07
11253,0,1.2811563e-07
11254,0,1.2811924e-07
11255,0,1.2812088e-07
11256,0,1.2812733e-07
11257,0,1.2500412e-07
11258,0,1.2500416e-07
11259,0,1.2500561e-07
11260,0,1.2811499e-07
11261,0,1.2812184e-07
11262,0,1.2812212e-07
11263,0,1.2813405e-07
11264,0,1.2500471e-07
11265,0,1.2500465e-07
11266,0,1.2500724e-07
11267,0,1.2811486e-07
11268,0,1.2812656e-07
11269,0,1.2812537e-07
11270,0,1.2814548e-07
11271,0,1.25007e-07
11272,0,1.2500635e-07
11273,0,1.2501229e-07
11274,0,1.2811771e-07
11275,0,1.2813896e-07
11276,0,1.2813438e-07
11277,0,1.2817062e-07
11278,0,2.2104625912569628e-08
11279,0,1.25016e-07
11280,0,7.194916293815181e-08
11281,0,1.2813678e-07
11282,0,2.4445454877513753e-08
11283,0,1.2816957e-07
11284,0,7.699577110391998e-08
11285,0,1.2513538e-07
11286,0,1.2508835e-07
11287,0,1.2523553e-07
11288,0,1.2823843e-07
11289,0,1.2838857e-07
11290,0,1.2832709e-07
11291,0,1.2856186e-07
11292,0,1.2583075e-07
11293,0,1.2556871e-07
11294,0,1.2627954e-07
11295,0,1.2867477e-07
11296,0,1.2901115e-07
11297,0,1.2897751e-07
11298,0,1.2963441e-07
11299,1,8.466347293650681e-08
11300,1,1.2750301e-07
11301,1,1.223281724447062e-07
11302,0,1.288534e-07
11303,1,8.525635018480978e-08
11304,1,1.2953158e-07
11305,1,1.1794327569415965e-07
11306,1,1.2651882e-07
11307,1,1.2962639e-07
11308,1,1.2495031e-07
11309,1,1.3715115e-07
11310,1,1.2921323e-07
11311,1,1.3642023e-07
11312,1,1.2864364e-07
11313,2,4.6259317e-08
11314,2,1.2076943e-07
11315,2,1.5561774e-07
11316,2,6.1027941e-08
11317,2,1.2992515e-07
11318,2,9.0826509e-08
11319,2,4.7832164e-08
11320,2,1.0797329e-07
11321,2,6.5582882e-08
11322,1,1.2961625e-07
11323,2,1.3284045e-07
11324,1,1.2935932e-07
11325,2,1.2551564e-07
11326,1,1.3648187e-07
11327,2,1.5516927e-07
11328,1,1.3844536e-07
11329,1,4.29298191318605e-08
11330,1,1.3215637e-07
11331,1,9.62891603682289e-08
11332,1,1.2347948e-07
11333,1,4.113687454710634e-08
11334,1,1.2501314e-07
11335,1,9.649730841731973e-08
11336,0,1.2598444e-07
11337,0,1.2811904e-07
11338,0,1.265723e-07
11339,0,1.3033155e-07
11340,0,1.294526e-07
11341,0,1.3084252e-07
11342,0,1.2961919e-07
11343,0,1.251631e-07
11344,0,1.2571674e-07
11345,0,1.2529572e-07
11346,0,1.2879962e-07
11347,0,1.2845206e-07
11348,0,1.2890777e-07
11349,0,1.2863306e-07
11350,0,2.211749794422232e-08
11351,0,1.2512642e-07
11352,0,9.147203511162448e-08
11353,0,1.2829465e-07
11354,0,1.9964610428200687e-08
11355,0,1.2841132e-07
11356,0,9.323573358680653e-08
11357,0,1.2500628e-07
11358,0,1.2502826e-07
11359,0,1.2501326e-07
11360,0,1.2816875e-07
11361,0,1.2812909e-07
11362,0,1.2822319e-07
11363,0,1.281625e-07
11364,0,1.2500356e-07
11365,0,1.2501164e-07
11366,0,1.2500659e-07
11367,0,1.2813595e-07
11368,0,1.2811696e-07
11369,0,1.2816839e-07
11370,0,1.2813613e-07
11371,0,1.2500309e-07
11372,0,1.2500721e-07
11373,0,1.2500471e-07
11374,0,1.2812498e-07
11375,0,1.2811461e-07
11376,0,1.2814539e-07
11377,0,1.2812653e-07
11378,0,1.2500305e-07
11379,0,1.2500527e-07
11380,0,1.2500397e-07
11381,0,1.2811996e-07
11382,0,1.2811456e-07
11383,0,1.2813282e-07
11384,0,1.2812248e-07
11385,0,1.2500314e-07
11386,0,1.2500424e-07
11387,0,1.2500382e-07
11388,0,1.2811716e-07
11389,0,1.2811536e-07
11390,0,1.2812555e-07
11391,0,1.2812208e-07
11392,0,1.2500338e-07
11393,0,1.2500386e-07
11394,0,1.2500424e-07
11395,0,1.2811555e-07
11396,0,1.2811701e-07
11397,0,1.2812233e-07
11398,0,1.2812534e-07
11399,0,1.2500382e-07
11400,0,1.2500403e-07
11401,0,1.250053e-07
11402,0,1.2811478e-07
11403,0,1.2811992e-07
11404,0,1.2812284e-07
11405,0,1.2813282e-07
11406,0,1.2500464e-07
11407,0,1.2500482e-07
11408,0,1.2500734e-07
11409,0,1.2811499e-07
11410,0,1.2812513e-07
11411,0,1.2812712e-07
11412,0,1.2814581e-07
11413,0,1.2500672e-07
11414,0,1.2500686e-07
11415,0,1.2501206e-07
11416,0,1.2811759e-07
11417,0,1.281366e-07
11418,0,1.2813729e-07
11419,0,1.2816987e-07
11420,0,1.2501507e-07
11421,0,1.2501402e-07
11422,0,1.2502953e-07
11423,0,1.2813035e-07
11424,0,1.2817018e-07
11425,0,1.2816522e-07
11426,0,1.2822723e-07
11427,0,1.2506618e-07
11428,0,9.147402758630917e-08
11429,0,1.2512836e-07
11430,0,1.9964940555888428e-08
11431,0,1.2829444e-07
11432,0,9.324317631909841e-08
11433,0,1.2841938e-07
11434,0,1.254023e-07
11435,0,1.252949e-07
11436,0,1.2570177e-07
11437,0,1.2844638e-07
11438,0,1.2877694e-07
11439,0,1.2864149e-07
11440,0,1.2890594e-07
11441,0,1.269437e-07
11442,0,1.2650928e-07
11443,0,1.2794046e-07
11444,0,1.2939769e-07
11445,0,1.3020833e-07
11446,0,1.2958573e-07
11447,0,1.307277e-07
11448,1,1.3011125e-07
11449,1,9.554303909842788e-08
11450,1,1.3136545e-07
11451,1,4.083754424557699e-08
11452,1,1.2333262e-07
11453,1,9.595512727626523e-08
11454,1,1.2468391e-07
11455,2,1.1820996e-07
11456,1,1.2888995e-07
11457,2,1.3530755e-07
11458,1,1.3640074e-07
11459,2,1.2571339e-07
11460,1,1.3856541e-07
11461,2,1.5608955e-07
11462,2,5.0174789e-08
11463,2,1.0737665e-07
11464,2,6.800733e-08
11465,1,1.2349804e-07
11466,2,5.6656985e-08
11467,2,1.3893197e-07
11468,2,1.1977428e-07
11469,1,1.3753551e-07
11470,2,7.5326228e-08
11471,2,1.6106599e-07
11472,1,1.3170611e-07
11473,1,1.3097921e-07
11474,1,1.325965e-07
11475,1,1.2634244e-07
11476,1,1.3164561e-07
11477,1,1.2583225e-07
11478,1,1.3045775e-07
11479,0,1.2738321e-07
11480,1,1.0468643857736725e-07
11481,0,1.2843424e-07
11482,1,3.93357023412561e-08
11483,0,1.2991553e-07
11484,1,1.0369866449394699e-07
11485,0,1.3067025e-07
11486,0,1.2551834e-07
11487,0,1.268419e-07
11488,0,1.2591396e-07
11489,0,1.2921172e-07
11490,0,1.2890211e-07
11491,0,1.2962659e-07
11492,0,1.2893037e-07
11493,0,1.2509492e-07
11494,0,1.2544255e-07
11495,0,1.2520692e-07
11496,0,1.2854229e-07
11497,0,1.2833511e-07
11498,0,1.2857609e-07
11499,0,1.2850594e-07
11500,0,1.2502006e-07
11501,0,1.2510371e-07
11502,0,7.19689696141536e-08
11503,0,7.41103959613385e-08
11504,0,1.2817501e-07
11505,0,1.2837229e-07
11506,0,7.411960480100221e-08
11507,0,1.2500658e-07
11508,0,1.2502994e-07
11509,0,1.2501554e-07
11510,0,1.2816392e-07
11511,0,1.2813019e-07
11512,0,1.2822816e-07
11513,0,1.2817162e-07
11514,0,1.2500356e-07
11515,0,1.2501262e-07
11516,0,1.2500716e-07
11517,0,1.2813447e-07
11518,0,1.2811771e-07
11519,0,1.2817178e-07
11520,0,1.2813954e-07
11521,0,1.2500271e-07
11522,0,1.2500681e-07
11523,0,1.2500429e-07
11524,0,1.2812247e-07
11525,0,1.2811421e-07
11526,0,1.2814352e-07
11527,0,1.2812628e-07
11528,0,1.2500258e-07
11529,0,1.2500427e-07
11530,0,1.2500348e-07
11531,0,1.2811681e-07
11532,0,1.2811411e-07
11533,0,1.2812868e-07
11534,0,1.2812299e-07
11535,0,1.2500297e-07
11536,0,1.2500352e-07
11537,0,1.250042e-07
11538,0,1.2811436e-07
11539,0,1.2811649e-07
11540,0,1.2812334e-07
11541,0,1.281282e-07
11542,0,1.2500401e-07
11543,0,1.2500429e-07
11544,0,1.2500673e-07
11545,0,1.2811445e-07
11546,0,1.2812227e-07
11547,0,1.2812654e-07
11548,0,1.2814309e-07
11549,0,1.2500652e-07
11550,0,1.2500726e-07
11551,0,1.2501281e-07
11552,0,1.281182e-07
11553,0,1.2813481e-07
11554,0,1.2814011e-07
11555,0,1.2817227e-07
11556,0,1.2501444e-07
11557,0,1.2501622e-07
11558,0,1.2503156e-07
11559,0,1.2813168e-07
11560,0,1.2816628e-07
11561,0,1.281738e-07
11562,0,1.2823215e-07
11563,0,7.196992412822803e-08
11564,0,7.197420066827775e-08
11565,0,1.251121e-07
11566,0,1.2818004e-07
11567,0,7.412201698946848e-08
11568,0,7.41324665073417e-08
11569,0,1.2838878e-07
11570,0,1.2524043e-07
11571,0,1.2522482e-07
11572,0,1.2547893e-07
11573,0,1.2835062e-07
11574,0,1.2856613e-07
11575,0,1.2853749e-07
11576,0,1.2863024e-07
11577,0,1.2618967e-07
11578,0,1.2598281e-07
11579,0,1.2696071e-07
11580,0,1.2893801e-07
11581,0,1.2925029e-07
11582,0,1.2902264e-07
11583,0,1.2976646e-07
11584,1,3.6470227189997575e-08
11585,0,1.2862564e-07
11586,1,1.0492425291042168e-07
11587,0,1.2994374e-07
11588,1,3.913241237596863e-08
11589,0,1.3087433e-07
11590,1,1.0392690120180062e-07
11591,1,1.3140906e-07
11592,1,1.3269503e-07
11593,1,1.2975543e-07
11594,1,1.3153031e-07
11595,1,1.2604869e-07
11596,1,1.3069287e-07
11597,1,1.2583309e-07
11598,2,1.0610194e-07
11599,2,1.3989493e-07
11600,2,5.7789051e-08
11601,1,1.3773496e-07
11602,2,1.1912895e-07
11603,2,1.6190651e-07
11604,2,7.4940072e-08
11605,2,9.9398285e-08
11606,2,5.0434572e-08
11607,2,1.1821369e-07
11608,2,6.7182904e-08
11609,1,1.3113619e-07
11610,2,1.2367531e-07
11611,1,1.2998344e-07
11612,1,1.2684134e-07
11613,1,1.3932978e-07
11614,2,1.4378712e-07
11615,1,1.3393509e-07
11616,1,6.668816402119804e-08
11617,1,1.3222191e-07
11618,1,1.307554e-07
11619,1,1.3045732e-07
11620,1,6.448873299632738e-08
11621,1,1.2503268e-07
11622,1,1.2959154e-07
11623,0,1.2657833e-07
11624,1,4.379775338354843e-08
11625,0,1.2768464e-07
11626,0,1.3006844e-07
11627,0,1.2911686e-07
11628,1,4.38245069289898e-08
11629,0,1.2985725e-07
11630,0,1.2544433e-07
11631,0,1.2667919e-07
11632,0,1.2597015e-07
11633,0,1.2885621e-07
11634,0,1.2879729e-07
11635,0,1.2938135e-07
11636,0,1.2898402e-07
11637,0,1.2510711e-07
11638,0,1.2552446e-07
11639,0,1.2526735e-07
11640,0,1.2853488e-07
11641,0,1.2836019e-07
11642,0,1.2868114e-07
11643,0,1.2860602e-07
11644,0,2.2119757609675586e-08
11645,0,1.2514055e-07
11646,0,1.2507147e-07
11647,0,9.325792466107269e-08
11648,0,1.9973080148515725e-08
11649,0,1.284408e-07
11650,0,1.2830673e-07
11651,0,1.2500846e-07
11652,0,7.19531579127022e-08
11653,0,2.2106377115218498e-08
11654,0,1.2817246e-07
11655,0,1.2813826e-07
11656,0,7.70081585370712e-08
11657,0,2.4451587872762572e-08
11658,0,1.2500336e-07
11659,0,1.2501529e-07
11660,0,1.2500814e-07
11661,0,1.2813448e-07
11662,0,1.2811928e-07
11663,0,1.281746e-07
11664,0,1.2814104e-07
11665,0,1.2500207e-07
11666,0,1.2500608e-07
11667,0,1.2500415e-07
11668,0,1.2811917e-07
11669,0,1.2811452e-07
11670,0,1.281374e-07
11671,0,1.2812693e-07
11672,0,1.2500278e-07
11673,0,1.250041e-07
11674,0,1.2500564e-07
11675,0,1.2811475e-07
11676,0,1.2811832e-07
11677,0,1.2812712e-07
11678,0,1.2813576e-07
11679,0,1.2500617e-07
11680,0,1.2500755e-07
11681,0,1.2501428e-07
11682,0,1.2811897e-07
11683,0,1.2813321e-07
11684,0,1.2813986e-07
11685,0,1.2817173e-07
11686,0,1.2501694e-07
11687,0,2.2104540220159557e-08
11688,0,7.195142979437933e-08
11689,0,1.2813789e-07
11690,0,1.2817204e-07
11691,0,2.4445991272895672e-08
11692,0,7.70026835248126e-08
11693,0,9.148446482058944e-08
11694,0,1.2507199e-07
11695,0,1.2514499e-07
11696,0,1.9974758077265876e-08
11697,0,9.326817019637995e-08
11698,0,1.2830761e-07
11699,0,1.28447e-07
11700,0,1.2524381e-07
11701,0,1.25282e-07
11702,0,1.2556184e-07
11703,0,1.2837587e-07
11704,0,1.2856754e-07
11705,0,1.2862639e-07
11706,0,1.2872875e-07
11707,0,1.2594078e-07
11708,0,1.2605091e-07
11709,0,1.2683433e-07
11710,0,1.2885992e-07
11711,0,1.2896573e-07
11712,0,1.2907937e-07
11713,0,1.2954987e-07
11714,0,1.2806304e-07
11715,0,1.2794997e-07
11716,1,4.440338013167352e-08
11717,0,1.2929369e-07
11718,0,1.3033645e-07
11719,0,1.3011713e-07
11720,1,4.439513114733408e-08
11721,1,1.3254834e-07
11722,1,1.3136783e-07
11723,1,1.3358834e-07
11724,1,6.502419412145889e-08
11725,1,1.3113709e-07
11726,1,1.3006895e-07
11727,1,1.2587543e-07
11728,1,1.2014498e-07
11729,1,1.3131422e-07
11730,2,1.2213441e-07
11731,1,1.4032866e-07
11732,1,1.2829059e-07
11733,1,1.3495719e-07
11734,2,1.4407651e-07
11735,2,5.1500244e-08
11736,2,1.2246391e-07
11737,2,6.7278499e-08
11738,2,1.5157163e-07
11739,2,9.8625354e-08
11740,2,8.9259099e-08
11741,2,1.6884044e-07
11742,2,1.0773363e-07
11743,1,1.3029428e-07
11744,2,1.129964e-07
11745,1,1.2438324e-07
11746,1,1.3273825e-07
11747,1,1.3753247e-07
11748,2,1.1632275e-07
11749,1,1.2276203e-07
11750,1,3.7130666665867194e-08
11751,1,1.3135059e-07
11752,1,1.3214558e-07
11753,1,1.2840504e-07
11754,1,3.4095618379045094e-08
11755,1,1.1989721e-07
11756,1,1.2961548e-07
11757,0,1.2699748e-07
11758,1,4.617237390676107e-08
11759,0,1.2876264e-07
11760,0,1.3028298e-07
11761,0,1.2953614e-07
11762,1,4.585176621820784e-08
11763,0,1.3093366e-07
11764,0,1.2561164e-07
11765,0,1.2729101e-07
11766,0,1.2632662e-07
11767,0,1.2919689e-07
11768,0,1.2903875e-07
11769,0,1.3008563e-07
11770,0,1.2941302e-07
11771,0,1.2516938e-07
11772,0,1.2575621e-07
11773,0,1.2542654e-07
11774,0,1.2869029e-07
11775,0,1.2847222e-07
11776,0,1.2897727e-07
11777,0,1.2881692e-07
11778,0,1.2505044e-07
11779,0,1.2524745e-07
11780,0,1.2514197e-07
11781,0,1.2833934e-07
11782,0,1.2824537e-07
11783,0,1.28581e-07
11784,0,1.2840076e-07
11785,0,7.190857361869339e-08
11786,0,1.2508474e-07
11787,0,1.2504836e-07
11788,0,1.0183770852764385e-07
11789,0,7.098284708330018e-08
11790,0,1.2829799e-07
11791,0,1.2821261e-07
11792,0,4.21940698310244e-08
11793,0,1.2503155e-07
11794,0,1.2502355e-07
11795,0,5.1584563983923846e-08
11796,0,4.105026437618127e-08
11797,0,1.281788e-07
11798,0,1.2815621e-07
11799,0,5.215885861607691e-08
11800,0,1.250227e-07
11801,0,1.250284e-07
11802,0,4.104870420409891e-08
11803,0,5.1578813048416884e-08
11804,0,1.2815491e-07
11805,0,1.281719e-07
11806,0,1.0108318373150473e-07
11807,0,1.2504255e-07
11808,0,1.2507506e-07
11809,0,7.097308182735788e-08
11810,0,1.0182193653118868e-07
11811,0,1.2820232e-07
11812,0,1.2828103e-07
11813,0,1.2508945e-07
11814,0,1.2512891e-07
11815,0,1.2523112e-07
11816,0,1.2823674e-07
11817,0,1.2832902e-07
11818,0,1.2838082e-07
11819,0,1.2855604e-07
11820,0,1.2532726e-07
11821,0,1.2540831e-07
11822,0,1.2574257e-07
11823,0,1.2846517e-07
11824,0,1.2869168e-07
11825,0,1.2879154e-07
11826,0,1.2895597e-07
11827,0,1.2620335e-07
11828,0,1.2633668e-07
11829,0,1.2736875e-07
11830,0,1.290631e-07
11831,0,1.2927159e-07
11832,0,1.2941209e-07
11833,0,1.301435e-07
11834,0,1.284585e-07
11835,0,1.2898271e-07
11836,1,4.686989104722389e-08
11837,0,1.2968888e-07
11838,0,1.30562e-07
11839,0,1.3109105e-07
11840,1,4.6469233687438635e-08
11841,1,1.3078492e-07
11842,1,1.328574e-07
11843,1,1.3197125e-07
11844,1,3.4661704777138655e-08
11845,1,1.288369e-07
11846,1,1.3011388e-07
11847,1,1.2039535e-07
11848,1,1.3067115e-07
11849,1,1.2474182e-07
11850,2,1.108406e-07
11851,1,1.3804739e-07
11852,1,1.3345836e-07
11853,1,1.2307603e-07
11854,2,1.1571466e-07
11855,2,7.1031084e-08
11856,2,9.5325665e-08
11857,2,1.72329e-07
11858,2,9.1614616e-08
11859,2,1.0705262e-07
11860,2,4.8449076e-08
11861,2,6.3787199e-08
11862,2,1.1267254e-07
11863,2,5.5715854e-08
11864,2,9.9903774e-08
11865,2,1.2819801e-07
11866,1,1.1694648e-07
11867,2,7.6501753e-08
11868,2,1.2400457e-07
11869,1,1.3579127e-07
11870,2,1.3566247e-07
11871,1,1.3709232e-07
11872,1,1.2646507e-07
11873,1,1.4056227e-07
11874,2,1.2025317e-07
11875,1,1.3517504e-07
11876,1,6.9104831404605e-08
11877,1,1.3555915e-07
11878,1,1.3333135e-07
11879,1,1.3160383e-07
11880,1,6.660761915947594e-08
11881,1,1.267962e-07
11882,1,1.3158678e-07
11883,0,1.2756643e-07
11884,1,1.0574209300158885e-07
11885,1,3.6834475623782386e-08
11886,1,1.3129383e-07
11887,0,1.3015722e-07
11888,1,1.0471477258229043e-07
11889,1,3.954683318784948e-08
11890,0,1.2596914e-07
11891,0,1.2803019e-07
11892,0,1.2701413e-07
11893,0,1.2968543e-07
11894,0,1.2945939e-07
11895,0,1.3080836e-07
11896,0,1.3028681e-07
11897,0,1.2536136e-07
11898,0,1.2632611e-07
11899,0,1.2586633e-07
11900,0,1.2901131e-07
11901,0,1.2869886e-07
11902,0,1.2968329e-07
11903,0,1.2905263e-07
11904,0,1.2513488e-07
11905,0,1.2555338e-07
11906,0,1.2535589e-07
11907,0,1.2846327e-07
11908,0,1.2831926e-07
11909,0,1.2844249e-07
11910,0,1.2810555e-07
11911,0,1.2507497e-07
11912,0,1.2525678e-07
11913,0,1.2521961e-07
11914,0,1.2825482e-07
11915,0,1.2823593e-07
11916,0,1.2815732e-07
11917,0,1.2833103e-07
11918,0,1.2508396e-07
11919,0,1.2521418e-07
11920,0,1.252366e-07
11921,0,1.2823159e-07
11922,0,1.2823865e-07
11923,0,1.2832294e-07
11924,0,1.2812903e-07
11925,0,1.2519374e-07
11926,0,1.2531396e-07
11927,0,1.2548509e-07
11928,0,1.2829137e-07
11929,0,1.2842007e-07
11930,0,1.2805222e-07
11931,0,1.2836131e-07
11932,0,1.2554332e-07
11933,0,1.2577068e-07
11934,0,1.2620318e-07
11935,0,1.2864381e-07
11936,0,1.2894329e-07
11937,0,1.2894792e-07
11938,0,1.2955959e-07
11939,0,1.2652132e-07
11940,0,1.2686558e-07
11941,0,1.2782913e-07
11942,0,1.2938289e-07
11943,0,1.2960521e-07
11944,0,1.3014189e-07
11945,0,1.3063134e-07
11946,1,1.2908573e-07
11947,1,3.6586527391719744e-08
11948,1,1.055808034531491e-07
11949,0,1.3008511e-07
11950,1,1.3128066e-07
11951,1,3.9301701675795295e-08
11952,1,1.0458657873634825e-07
11953,1,1.3446314e-07
11954,1,1.3315753e-07
11955,1,1.3585575e-07
11956,1,6.706374999423417e-08
11957,1,1.3188569e-07
11958,1,1.3131397e-07
11959,1,1.2667898e-07
11960,1,1.3420065e-07
11961,1,1.3900618e-07
11962,2,1.3718269e-07
11963,1,1.4112596e-07
11964,1,1.2715954e-07
11965,1,1.3520641e-07
11966,2,1.2154343e-07
11967,2,1.058905e-07
11968,2,9.7059734e-08
11969,2,5.4238549e-08
11970,1,1.1675748e-07
11971,2,1.2795537e-07
11972,2,1.2407988e-07
11973,2,7.5331044e-08
11974,2,6.5380479e-08
11975,2,2.1430501e-08
11976,2,5.6741918e-08
11977,2,1.4314026e-07
11978,2,7.1352985e-08
11979,2,1.0539008e-07
11980,2,1.6829763e-07
11981,2,8.8248756e-08
11982,1,1.3193922e-07
11983,2,1.2325632e-07
11984,1,1.211791e-07
11985,1,1.334805e-07
11986,1,1.3988477e-07
11987,2,1.4283928e-07
11988,1,1.2801972e-07
11989,1,1.3136834e-07
11990,1,1.3121834e-07
11991,1,1.3195544e-07
11992,1,1.3062212e-07
11993,1,1.3158182e-07
11994,1,1.2608073e-07
11995,1,1.2618748e-07
11996,1,4.2775760828604265e-08
11997,1,1.3159788e-07
11998,1,1.3024112e-07
11999,1,9.629763877975672e-08
12000,1,4.1069300429066735e-08
12001,1,1.2475986e-07
12002,1,1.2342113e-07
12003,0,1.2683046e-07
12004,1,1.2266382016467112e-07
12005,1,8.493716501250545e-08
12006,1,1.2961511e-07
12007,0,1.2892873e-07
12008,1,1.1820542681023057e-07
12009,1,8.54584892070537e-08
12010,0,1.258248e-07
12011,1,5.4505823011978176e-08
12012,1,3.19646541456078e-08
12013,0,1.2830691e-07
12014,0,1.2801792e-07
12015,1,5.3367754418856674e-08
12016,1,3.4188831423233636e-08
12017,0,1.2557455e-07
12018,1,1.7167700966878983e-08
12019,1,9.86452037519101e-09
12020,0,1.2831567e-07
12021,0,1.2865306e-07
12022,1,2.02499655415518e-08
12023,1,1.2765170712792997e-08
12024,0,1.2559103e-07
12025,1,9.831122378615866e-09
12026,1,1.7038638682704742e-08
12027,0,1.2863705e-07
12028,0,1.282576e-07
12029,1,1.2722668300706569e-08
12030,1,2.0090707519562436e-08
12031,0,1.2605233e-07
12032,1,3.165595929763533e-08
12033,1,5.397182007412465e-08
12034,0,1.2790459e-07
12035,0,1.2813598e-07
12036,1,3.385587308048577e-08
12037,1,5.283163673738976e-08
12038,1,1.273302e-07
12039,1,8.408560586076388e-08
12040,1,1.2152551437626785e-07
12041,0,1.2871617e-07
12042,1,1.2938523e-07
12043,1,8.46972524639715e-08
12044,1,1.1728778748163907e-07
12045,1,9.509138684119228e-08
12046,1,1.2979028e-07
12047,1,1.3100447e-07
12048,1,4.049393731636783e-08
12049,1,9.55969333052523e-08
12050,1,1.2317687e-07
12051,1,1.2449647e-07
12052,1,1.3184904e-07
12053,1,1.309479e-07
12054,1,1.2940162e-07
12055,1,1.3124034e-07
12056,1,1.3012128e-07
12057,1,1.2571285e-07
12058,1,1.2528311e-07
12059,1,1.2859368e-07
12060,1,1.191639e-07
12061,2,1.2117156e-07
12062,1,1.3898122e-07
12063,1,1.3212499e-07
12064,1,1.2721635e-07
12065,2,1.4109269e-07
12066,2,8.5114884e-08
12067,2,6.9799503e-08
12068,2,1.6420986e-07
12069,2,1.0825322e-07
12070,2,8.4273914e-08
12071,2,5.7041018e-08
12072,2,1.0488593e-07
12073,2,6.7830979e-08
12074,2,1.2215894e-07
12075,1,1.234991e-07
12076,2,5.6101973e-08
12077,2,1.017953e-07
12078,2,1.6133641e-07
12079,1,1.3690107e-07
12080,2,7.5404905e-08
12081,2,1.161584e-07
12082,1,1.2917749e-07
12083,2,1.3353275e-07
12084,2,1.1745035e-07
12085,1,1.3828592e-07
12086,1,1.3643723e-07
12087,2,1.5437323e-07
12088,2,1.2573661e-07
12089,1,1.2933076e-07
12090,1,1.2523932e-07
12091,1,1.2800515e-07
12092,1,1.3651718e-07
12093,1,1.3721825e-07
12094,1,1.2868286e-07
12095,1,1.2920385e-07
12096,1,1.2716602e-07
12097,1,1.2588733e-07
12098,1,1.2536712e-07
12099,1,1.2537836e-07
12100,1,1.264294e-07
12101,1,1.171661e-07
12102,1,1.168093e-07
12103,1,1.2714596e-07
12104,1,1.2603023e-07
12105,1,1.2681907e-07
12106,1,1.2710442e-07
12107,1,1.2727384e-07
12108,1,1.1855677e-07
12109,1,1.1943494e-07
12110,1,1.2688556e-07
12111,1,1.2690923e-07
12112,1,1.2623719e-07
12113,1,1.2726927e-07
12114,1,1.2699696e-07
12115,1,1.1950373e-07
12116,1,1.1859646e-07
12117,1,1.2734187e-07
12118,1,1.2494951e-07
12119,1,1.2473471e-07
12120,1,1.2616702e-07
12121,1,1.2498184e-07
12122,1,1.1663391e-07
12123,1,1.1655985e-07
12124,1,1.2905218e-07
12125,1,1.2619576e-07
12126,1,1.23856e-07
12127,1,1.3684278e-07
12128,1,1.3635982e-07
12129,1,1.2895514e-07
12130,1,1.295712e-07
12131,1,1.2884701e-07
12132,2,1.174777e-07
12133,2,1.3834158e-07
12134,1,1.3638902e-07
12135,1,1.3855064e-07
12136,2,1.2596381e-07
12137,2,1.5556324e-07
12138,2,1.4168791e-07
12139,2,1.088287e-07
12140,2,5.893567e-08
12141,1,1.3730022e-07
12142,2,1.6093497e-07
12143,2,1.1784211e-07
12144,2,7.3780212e-08
12145,2,5.1889535e-08
12146,2,1.2250922e-07
12147,2,6.8433741e-08
12148,2,8.9561986e-08
12149,2,6.617837e-08
12150,2,1.0894786e-07
12151,2,1.3370306e-07
12152,2,4.3639889e-08
12153,2,1.2978949e-07
12154,2,1.5386517e-07
12155,2,5.9985221e-08
12156,2,1.1388709e-07
12157,2,7.7129503e-08
12158,2,9.40631e-08
12159,2,1.1817364e-07
12160,2,1.2532288e-07
12161,2,9.6063463e-08
12162,2,1.0977521e-07
12163,1,1.1964662e-07
12164,2,1.0276269e-07
12165,2,1.0560325e-07
12166,1,1.3034089e-07
12167,1,1.3287832e-07
12168,2,1.1679968e-07
12169,2,1.1915532e-07
12170,1,1.1802372e-07
12171,2,1.0605452e-07
12172,2,1.0198922e-07
12173,1,1.3311443e-07
12174,1,1.3037177e-07
12175,2,1.1986394e-07
12176,2,1.1614558e-07
12177,2,1.0957952e-07
12178,2,9.4491504e-08
12179,2,7.8069169e-08
12180,2,1.2534217e-07
12181,2,1.1741332e-07
12182,2,1.1007763e-07
12183,2,9.5010151e-08
12184,2,1.2170649e-07
12185,2,4.4525909e-08
12186,2,1.5526795e-07
12187,2,1.3494047e-07
12188,2,6.0059374e-08
12189,2,5.2014422e-08
12190,2,1.0810719e-07
12191,2,6.7034155e-08
12192,2,7.1114748e-08
12193,2,1.1242314e-07
12194,2,6.9608659e-08
12195,2,1.1350432e-07
12196,2,6.4893766e-08
12197,2,1.4248353e-07
12198,2,1.5347687e-07
12199,2,6.5422106e-08
12200,2,1.3883641e-07
12201,2,1.5778292e-07
12202,2,1.2177005e-07
12203,2,1.0922079e-07
12204,1,1.1421894e-07
12205,2,1.0417447e-07
12206,2,1.2232993e-07
12207,2,1.111761e-07
12208,1,1.2249875e-07
12209,2,1.2794099e-07
12210,1,1.1834534e-07
12211,1,1.2003972e-07
12212,2,1.2685306e-07
12213,2,1.2831724e-07
12214,1,1.2656853e-07
12215,1,1.2799545e-07
12216,2,1.2591949e-07
12217,1,1.1992501e-07
12218,1,1.1814356e-07
12219,2,1.2822814e-07
12220,2,1.2652914e-07
12221,1,1.2793499e-07
12222,1,1.2634956e-07
12223,2,1.0508237e-07
12224,1,1.1374574e-07
12225,2,1.0915349e-07
12226,2,1.2151827e-07
12227,2,1.0396164e-07
12228,1,1.2223616e-07
12229,2,1.1156978e-07
12230,2,1.5253838e-07
12231,2,1.3705898e-07
12232,2,7.0172632e-08
12233,2,1.6138424e-07
12234,2,1.3737419e-07
12235,2,1.1414748e-07
12236,2,7.102387e-08
12237,2,1.1283238e-07
12238,2,7.1613766e-08
12239,2,7.4909807e-08
12240,2,1.2004451e-07
12241,2,7.4993203e-08
12242,2,1.2399158e-07
12243,2,1.2651318e-07
12244,2,1.518892e-07
12245,1,1.2334083e-07
12246,2,8.0180198e-08
12247,2,1.263126e-07
12248,2,1.5410928e-07
12249,1,1.3070718e-07
12250,2,1.2464787e-07
12251,1,1.2364602e-07
12252,1,1.2166509e-07
12253,2,1.569017e-07
12254,2,1.2456702e-07
12255,1,1.3028751e-07
12256,1,1.2865451e-07
12257,2,1.5902329e-07
12258,1,1.2144514e-07
12259,1,1.2354161e-07
12260,2,1.2452382e-07
12261,2,1.5929524e-07
12262,1,1.2836002e-07
12263,1,1.3057144e-07
12264,2,7.7352172e-08
12265,1,1.2265657e-07
12266,2,1.5036487e-07
12267,2,1.2318193e-07
12268,2,7.5433795e-08
12269,1,1.2893976e-07
12270,2,1.5106325e-07
12271,2,1.2154303e-07
12272,2,7.5090436e-08
12273,2,1.3108689e-07
12274,2,7.5146574e-08
12275,2,7.1060697e-08
12276,2,7.2547835e-08
12277,2,9.182156e-08
12278,2,1.163434e-07
12279,2,1.6682101e-07
12280,2,9.1525746e-08
12281,2,1.1678336e-07
12282,2,1.7337921e-07
12283,2,1.6866646e-07
12284,2,1.1176769e-07
12285,2,9.2812734e-08
12286,2,1.7512201e-07
12287,2,1.1626873e-07
12288,2,6.9426792e-08
12289,2,7.2953373e-08
12290,2,7.1997461e-08
12291,2,7.2621667e-08
12292,2,1.3655776e-07
12293,2,1.3653275e-07
12294,1,1.143059e-07
12295,2,8.559681e-08
12296,2,1.390021e-07
12297,2,1.3887267e-07
12298,1,1.2210954e-07
12299,2,8.5260328e-08
12300,1,1.1432495e-07
12301,2,1.3745407e-07
12302,2,1.3830849e-07
12303,2,8.3604233e-08
12304,1,1.2211113e-07
12305,2,1.391694e-07
12306,2,7.2846688e-08
12307,2,7.3805356e-08
12308,2,1.16115e-07
12309,2,9.4673213e-08
12310,2,1.6958439e-07
12311,2,1.1803953e-07
12312,2,9.3230496e-08
12313,2,1.7555572e-07
12314,2,1.7100193e-07
12315,2,9.5685388e-08
12316,2,1.2054362e-07
12317,2,1.7522773e-07
12318,2,9.2018963e-08
12319,2,7.5386286e-08
12320,2,1.1697831e-07
12321,2,7.4457896e-08
12322,2,1.2300557e-07
12323,2,1.217202e-07
12324,2,7.4252588e-08
12325,2,1.2365857e-07
12326,2,1.5295637e-07
12327,2,1.2734659e-07
12328,1,1.240413e-07
12329,2,8.0424478e-08
12330,2,1.5417299e-07
12331,2,1.2764847e-07
12332,1,1.3143467e-07
12333,2,7.9197355e-08
12334,1,1.2331737e-07
12335,2,1.2496215e-07
12336,2,1.5291762e-07
12337,2,7.9624627e-08
12338,1,1.3116205e-07
12339,2,1.2765208e-07
12340,2,7.2652955e-08
12341,2,1.1297258e-07
12342,2,7.139707e-08
12343,2,1.1551467e-07
12344,1,1.2422739e-07
12345,2,1.2534628e-07
12346,1,1.220493e-07
12347,2,1.5939615e-07
12348,1,1.3113053e-07
12349,2,1.2557379e-07
12350,1,1.2902231e-07
12351,2,1.5914235e-07
12352,1,1.2207138e-07
12353,2,1.2628931e-07
12354,1,1.3081828e-07
12355,2,1.5866971e-07
12356,1,1.290067e-07
12357,2,1.2557709e-07
12358,2,1.1689921e-07
12359,2,7.0705297e-08
12360,2,1.1525649e-07
12361,2,1.3981576e-07
12362,2,6.5834577e-08
12363,2,1.5388251e-07
12364,2,1.3635035e-07
12365,2,6.6610878e-08
12366,2,1.6148987e-07
12367,2,1.5431862e-07
12368,2,6.6282936e-08
12369,2,1.3631179e-07
12370,2,1.5935094e-07
12371,2,6.6573138e-08
12372,2,1.0881877e-07
12373,2,1.211029e-07
12374,1,1.1397309e-07
12375,2,1.0544009e-07
12376,2,1.1212963e-07
12377,2,1.2148343e-07
12378,1,1.2238088e-07
12379,2,1.046539e-07
12380,1,1.1397134e-07
12381,2,1.2072498e-07
12382,2,1.121735e-07
12383,2,1.0610642e-07
12384,1,1.2242225e-07
12385,2,1.2140064e-07
12386,1,1.1827459e-07
12387,2,1.2745739e-07
12388,1,1.2000206e-07
12389,2,1.2658536e-07
12390,1,1.2647434e-07
12391,2,1.2828275e-07
12392,1,1.2802401e-07
12393,2,1.2610828e-07
12394,1,1.2006694e-07
12395,2,1.2763143e-07
12396,1,1.2656011e-07
12397,2,1.266896e-07
12398,1,1.2802511e-07
12399,2,1.2819389e-07
12400,1,1.2014768e-07
12401,2,1.2645011e-07
12402,1,1.1852834e-07
12403,2,1.283107e-07
12404,1,1.2807632e-07
12405,2,1.2701508e-07
12406,1,1.2671189e-07
12407,2,1.2738349e-07
12408,1,1.1797078e-07
12409,2,1.2515333e-07
12410,1,1.2803176e-07
12411,2,1.2841335e-07
12412,1,1.264019e-07
12413,2,1.2667059e-07
12414,1,1.1426026e-07
12415,2,1.0385164e-07
12416,2,1.0920226e-07
12417,2,1.2206326e-07
12418,1,1.2254508e-07
12419,2,1.0430911e-07
12420,2,1.1166303e-07
12421,2,1.2007023e-07
12422,2,1.0920073e-07
12423,2,1.0298029e-07
12424,1,1.2204437e-07
12425,2,1.2150952e-07
12426,2,1.1122469e-07
12427,2,1.0279476e-07
12428,2,1.5441298e-07
12429,2,1.3972723e-07
12430,2,6.7142728e-08
12431,2,1.6135151e-07
12432,2,1.3899413e-07
12433,2,6.7171621e-08
12434,2,1.3686088e-07
12435,2,1.6180655e-07
12436,2,6.9039981e-08
12437,2,1.3768125e-07
12438,2,1.1398849e-07
12439,2,7.2159762e-08
12440,2,1.1500858e-07
12441,2,7.0904683e-08
12442,1,1.2178801e-07
12443,2,1.5935809e-07
12444,1,1.237896e-07
12445,2,1.2538979e-07
12446,1,1.2884801e-07
12447,2,1.5892601e-07
12448,1,1.3068603e-07
12449,2,1.2500495e-07
12450,1,1.2369171e-07
12451,2,1.5907898e-07
12452,1,1.2849291e-07
12453,2,1.2433217e-07
12454,1,1.3046744e-07
12455,2,1.5802333e-07
12456,2,7.2037031e-08
12457,2,1.1266264e-07
12458,2,7.0911646e-08
12459,1,1.2299896e-07
12460,2,7.9079046e-08
12461,2,1.5199356e-07
12462,2,1.2688043e-07
12463,1,1.3047875e-07
12464,2,7.7689793e-08
12465,2,1.5236883e-07
12466,2,1.25993e-07
12467,2,1.5226301e-07
12468,2,7.8671145e-08
12469,1,1.3037032e-07
12470,2,1.2581388e-07
12471,2,1.5317218e-07
12472,2,7.8320128e-08
12473,2,1.2119994e-07
12474,2,7.4633692e-08
12475,2,1.2868133e-07
12476,2,7.4216261e-08
12477,2,7.4138051e-08
12478,2,1.2801615e-07
12479,2,7.4612216e-08
12480,2,1.6970959e-07
12481,2,1.1937141e-07
12482,2,9.1587641e-08
12483,2,1.7413683e-07
12484,2,1.1838073e-07
12485,2,9.3715058e-08
12486,2,1.1664295e-07
12487,2,1.7391732e-07
12488,2,8.8637497e-08
12489,2,1.248434e-07
12490,2,7.2177608e-08
12491,2,7.337682e-08
12492,1,1.1422302e-07
12493,2,8.578161e-08
12494,2,1.3488394e-07
12495,2,1.3874107e-07
12496,1,1.217636e-07
12497,2,8.3894231e-08
12498,2,1.3783555e-07
12499,2,1.3684406e-07
12500,2,1.3602134e-07
12501,2,8.413541e-08
12502,1,1.2195291e-07
12503,2,1.3922353e-07
12504,2,1.3775241e-07
12505,2,8.3266744e-08
12506,2,7.4093369e-08
12507,2,6.9409985e-08
12508,2,7.2648113e-08
12509,2,1.6909638e-07
12510,2,9.7380472e-08
12511,2,1.0873468e-07
12512,2,1.7534052e-07
12513,2,9.7397661e-08
12514,2,1.1489033e-07
12515,2,9.3575981e-08
12516,2,1.7668042e-07
12517,2,1.123323e-07
12518,2,9.6907165e-08
12519,2,7.3205717e-08
12520,2,1.1795233e-07
12521,2,7.5130436e-08
12522,2,1.2812452e-07
12523,1,1.2265556e-07
12524,2,8.067381e-08
12525,2,1.2427444e-07
12526,2,1.5117668e-07
12527,1,1.3006844e-07
12528,2,7.6682716e-08
12529,2,1.2580525e-07
12530,1,1.2190142e-07
12531,2,1.5921989e-07
12532,2,1.2601288e-07
12533,1,1.3069996e-07
12534,1,1.2871565e-07
12535,2,1.5908293e-07
12536,2,1.2481004e-07
12537,1,1.2411882e-07
12538,2,1.2621208e-07
12539,2,1.5986055e-07
12540,1,1.290157e-07
12541,1,1.3095895e-07
12542,2,1.2545422e-07
12543,2,1.5845499e-07
12544,2,1.5203152e-07
12545,2,1.2421335e-07
12546,2,7.8862697e-08
12547,1,1.3150838e-07
12548,2,1.5347749e-07
12549,2,1.2860023e-07
12550,2,7.9204563e-08
12551,2,7.3416863e-08
12552,2,1.2396907e-07
12553,2,7.3852479e-08
12554,2,1.1634303e-07
12555,2,7.1234576e-08
12556,2,1.1244225e-07
12557,2,1.5310825e-07
12558,2,6.5086501e-08
12559,2,1.4291333e-07
12560,2,1.6037559e-07
12561,2,6.5789058e-08
12562,1,1.1291715e-07
12563,2,1.0548446e-07
12564,2,1.1801741e-07
12565,2,1.1215025e-07
12566,1,1.2163963e-07
12567,2,1.0641064e-07
12568,2,1.1993302e-07
12569,1,1.1957623e-07
12570,2,1.2505174e-07
12571,2,1.2713401e-07
12572,1,1.2605561e-07
12573,1,1.2755071e-07
12574,2,1.2638785e-07
12575,2,1.2761806e-07
12576,1,1.1793205e-07
12577,2,1.273695e-07
12578,2,1.2549758e-07
12579,1,1.277323e-07
12580,1,1.2622915e-07
12581,2,1.2808973e-07
12582,2,1.2649022e-07
12583,2,1.0915988e-07
12584,2,1.2077076e-07
12585,2,1.0381895e-07
12586,1,1.2198663e-07
12587,2,1.1128696e-07
12588,2,1.2122529e-07
12589,2,1.0336469e-07
12590,2,1.3933942e-07
12591,2,6.7443001e-08
12592,2,1.6099759e-07
12593,2,1.3943866e-07
12594,2,6.7937621e-08
12595,2,7.1622268e-08
12596,2,1.151105e-07
12597,2,6.9472595e-08
12598,2,7.0518228e-08
12599,2,1.1495867e-07
12600,5,7.1629679e-08
12601,5,1.1431444e-07
12602,2,6.6106247e-08
12603,2,1.3807974e-07
12604,2,1.6088984e-07
12605,5,6.451331e-08
12606,5,1.3546733e-07
12607,5,1.585146e-07
12608,2,1.215286e-07
12609,2,1.1300613e-07
12610,1,1.2381833e-07
12611,5,1.049375e-07
12612,5,1.2086506e-07
12613,5,1.1291431e-07
12614,4,1.2378158e-07
12615,2,1.2749704e-07
12616,1,1.2792721e-07
12617,1,1.2931487e-07
12618,5,1.2539129e-07
12619,5,1.2667822e-07
12620,4,1.2794686e-07
12621,4,1.2919714e-07
12622,2,1.2570078e-07
12623,1,1.2924982e-07
12624,1,1.2775554e-07
12625,5,1.2679516e-07
12626,5,1.2516114e-07
12627,4,1.292085e-07
12628,4,1.2780267e-07
12629,2,1.0334837e-07
12630,1,1.2348414e-07
12631,2,1.1222857e-07
12632,5,1.203142e-07
12633,5,1.0453998e-07
12634,4,1.2361859e-07
12635,5,1.1305021e-07
12636,2,1.5845634e-07
12637,2,1.3742452e-07
12638,5,6.5205996e-08
12639,5,1.6012494e-07
12640,5,1.3572148e-07
12641,2,1.114025e-07
12642,2,6.9493041e-08
12643,5,1.1194512e-07
12644,5,6.9710679e-08
12645,2,7.4499327e-08
12646,2,1.2415725e-07
12647,5,7.388338e-08
12648,5,1.2444593e-07
12649,2,1.2227355e-07
12650,2,1.5340992e-07
12651,1,1.3031863e-07
12652,5,7.7335155e-08
12653,5,1.2006771e-07
12654,5,1.5234296e-07
12655,4,1.2916164e-07
12656,2,1.2530117e-07
12657,1,1.3194898e-07
12658,1,1.3038132e-07
12659,5,1.585682e-07
12660,5,1.2511775e-07
12661,4,1.3207076e-07
12662,4,1.3044948e-07
12663,2,1.5684041e-07
12664,1,1.2956703e-07
12665,1,1.3138721e-07
12666,5,1.2366152e-07
12667,5,1.5629452e-07
12668,4,1.2974116e-07
12669,4,1.3138997e-07
12670,2,7.5455118e-08
12671,1,1.304648e-07
12672,2,1.5186958e-07
12673,5,1.2279948e-07
12674,5,7.7827414e-08
12675,4,1.3028379e-07
12676,5,1.5300714e-07
12677,2,1.3025904e-07
12678,2,7.4046184e-08
12679,5,1.247519e-07
12680,5,7.3457058e-08
12681,2,7.2466957e-08
12682,5,7.2359227e-08
12683,2,9.3361412e-08
12684,2,1.1489192e-07
12685,2,1.7624309e-07
12686,5,8.8929878e-08
12687,5,1.1582553e-07
12688,5,1.7123937e-07
12689,2,1.7346806e-07
12690,2,1.1614547e-07
12691,5,9.06485e-08
12692,5,1.7378123e-07
12693,5,1.1624229e-07
12694,2,7.3683771e-08
12695,5,7.2711718e-08
12696,2,7.2692321e-08
12697,5,7.2257484e-08
12698,2,1.3919442e-07
12699,2,1.3868625e-07
12700,1,1.2335378e-07
12701,5,8.4512066e-08
12702,5,1.3886121e-07
12703,5,1.3825429e-07
12704,4,1.2352427e-07
12705,2,8.2275181e-08
12706,1,1.2333356e-07
12707,2,1.3823966e-07
12708,5,1.3812006e-07
12709,5,8.2333995e-08
12710,4,1.2366498e-07
12711,5,1.3833368e-07
12712,2,7.3332097e-08
12713,5,7.2707848e-08
12714,2,1.1740582e-07
12715,2,9.3532056e-08
12716,2,1.7597219e-07
12717,5,1.1558447e-07
12718,5,9.2439447e-08
12719,5,1.7472479e-07
12720,2,1.7213504e-07
12721,2,8.5891028e-08
12722,5,1.2627714e-07
12723,5,1.7357419e-07
12724,5,8.618595e-08
12725,2,7.2414539e-08
12726,2,1.2451934e-07
12727,5,7.2718469e-08
12728,5,1.2602778e-07
12729,2,1.2259621e-07
12730,5,7.3018565e-08
12731,5,1.231886e-07
12732,2,1.5343648e-07
12733,2,1.2449973e-07
12734,1,1.3114059e-07
12735,5,7.6345883e-08
12736,5,1.5145931e-07
12737,5,1.2356164e-07
12738,4,1.3020959e-07
12739,2,7.954089e-08
12740,1,1.3166912e-07
12741,2,1.2569371e-07
12742,5,1.5306959e-07
12743,5,7.8597934e-08
12744,4,1.2992472e-07
12745,5,1.2090781e-07
12746,2,7.0499314e-08
12747,2,1.1427173e-07
12748,5,7.008551e-08
12749,5,1.1326692e-07
12750,1,1.3182997e-07
12751,2,1.2471426e-07
12752,1,1.3005045e-07
12753,5,1.5657906e-07
12754,4,1.3139462e-07
12755,5,1.2404451e-07
12756,4,1.2977712e-07
12757,2,1.5771299e-07
12758,1,1.3021173e-07
12759,2,1.2477786e-07
12760,4,1.3184683e-07
12761,5,1.5780807e-07
12762,4,1.3014053e-07
12763,5,1.2456225e-07
12764,2,1.1375452e-07
12765,5,7.1563109e-08
12766,5,1.1357627e-07
12767,2,1.3358826e-07
12768,2,6.5917275e-08
12769,2,1.5908277e-07
12770,5,1.3415561e-07
12771,5,6.5686266e-08
12772,5,1.5891346e-07
12773,2,1.5967177e-07
12774,2,6.6584532e-08
12775,5,1.351007e-07
12776,5,1.590627e-07
12777,5,6.5555618e-08
12778,2,1.1298054e-07
12779,2,1.2098642e-07
12780,1,1.2364298e-07
12781,5,1.0302716e-07
12782,5,1.1242829e-07
12783,5,1.2069442e-07
12784,4,1.2369291e-07
12785,2,1.0568341e-07
12786,1,1.2377322e-07
12787,2,1.2108515e-07
12788,5,1.12671e-07
12789,5,1.0361835e-07
12790,4,1.237221e-07
12791,5,1.2053383e-07
12792,1,1.279248e-07
12793,2,1.2749514e-07
12794,1,1.2936872e-07
12795,5,1.2548566e-07
12796,4,1.2801028e-07
12797,5,1.2673255e-07
12798,4,1.2931321e-07
12799,2,1.2621469e-07
12800,1,1.2947612e-07
12801,2,1.2762869e-07
12802,4,1.2811937e-07
12803,5,1.2557246e-07
12804,4,1.2948877e-07
12805,5,1.2706878e-07
12806,1,1.2937167e-07
12807,2,1.2627903e-07
12808,1,1.281067e-07
12809,5,1.2684796e-07
12810,4,1.2936118e-07
12811,5,1.2540896e-07
12812,4,1.2801776e-07
12813,2,1.2753118e-07
12814,1,1.2790493e-07
12815,2,1.2601933e-07
12816,4,1.294437e-07
12817,5,1.2700716e-07
12818,4,1.2807711e-07
12819,5,1.2578441e-07
12820,1,1.2367732e-07
12821,2,1.0312519e-07
12822,2,1.122668e-07
12823,5,1.2112905e-07
12824,4,1.2387392e-07
12825,5,1.0329649e-07
12826,5,1.1257203e-07
12827,2,1.2061658e-07
12828,2,1.1196761e-07
12829,2,1.0267575e-07
12830,4,1.2341645e-07
12831,5,1.2017277e-07
12832,5,1.1232466e-07
12833,5,1.0361008e-07
12834,2,1.5968694e-07
12835,2,1.3808803e-07
12836,5,6.5816286e-08
12837,5,1.6025711e-07
12838,5,1.3805708e-07
12839,2,6.6175316e-08
12840,2,1.3940244e-07
12841,5,1.5826137e-07
12842,5,6.4702549e-08
12843,5,1.3630012e-07
12844,2,1.1349179e-07
12845,2,6.9960996e-08
12846,5,1.1260242e-07
12847,5,7.0607783e-08
12848,1,1.2998012e-07
12849,2,1.566237e-07
12850,1,1.3144979e-07
12851,5,1.2403461e-07
12852,4,1.2989413e-07
12853,5,1.5672177e-07
12854,4,1.3144945e-07
12855,2,1.2420542e-07
12856,1,1.3180658e-07
12857,2,1.5771964e-07
12858,4,1.3037151e-07
12859,5,1.2503668e-07
12860,4,1.320115e-07
12861,5,1.5835832e-07
12862,2,7.0947386e-08
12863,5,1.1442345e-07
12864,5,7.1738875e-08
12865,1,1.3050023e-07
12866,2,7.6568751e-08
12867,2,1.5203517e-07
12868,5,1.2276132e-07
12869,4,1.2999e-07
12870,5,7.6783667e-08
12871,5,1.5251741e-07
12872,2,1.2357023e-07
12873,2,1.53051e-07
12874,2,7.8965426e-08
12875,4,1.2972871e-07
12876,5,1.2182248e-07
12877,5,1.5107194e-07
12878,5,7.7178306e-08
12879,2,1.2779623e-07
12880,2,7.3205372e-08
12881,5,1.2691081e-07
12882,5,7.2953414e-08
12883,2,7.4480853e-08
12884,5,1.2278184e-07
12885,5,7.3006134e-08
12886,2,1.7642748e-07
12887,2,1.166221e-07
12888,5,9.2226752e-08
12889,5,1.7490909e-07
12890,5,1.1611204e-07
12891,2,8.7381169e-08
12892,2,1.2432123e-07
12893,5,1.7340515e-07
12894,5,9.0423742e-08
12895,5,1.1809631e-07
12896,2,7.3368768e-08
12897,5,7.2272688e-08
12898,1,1.2324421e-07
12899,2,8.3813357e-08
12900,2,1.3839992e-07
12901,5,1.387262e-07
12902,4,1.2391672e-07
12903,5,8.5284205e-08
12904,5,1.3929224e-07
12905,2,1.3904925e-07
12906,2,1.3829552e-07
12907,2,8.4256745e-08
12908,4,1.2356705e-07
12909,5,1.3856904e-07
12910,5,1.3816114e-07
12911,5,8.5789573e-08
12912,5,7.1025716e-08
12913,2,7.2937946e-08
12914,5,7.1282127e-08
12915,2,1.7493661e-07
12916,2,9.0725081e-08
12917,5,1.2220025e-07
12918,5,1.7145773e-07
12919,5,8.5488051e-08
12920,2,1.1104383e-07
12921,2,9.4505537e-08
12922,5,1.7545353e-07
12923,5,1.1792403e-07
12924,5,9.1270218e-08
12925,5,7.0977978e-08
12926,2,1.3119553e-07
12927,5,7.396141e-08
12928,5,1.2418896e-07
12929,1,1.315973e-07
12930,2,7.557338e-08
12931,2,1.2672505e-07
12932,5,1.5263728e-07
12933,4,1.3110216e-07
12934,5,7.7438703e-08
12935,5,1.2525005e-07
12936,1,1.2977005e-07
12937,2,1.5608995e-07
12938,2,1.2406242e-07
12939,4,1.3139729e-07
12940,4,1.2961578e-07
12941,5,1.5568103e-07
12942,5,1.2364804e-07
12943,1,1.3182683e-07
12944,2,1.2431159e-07
12945,2,1.5699895e-07
12946,4,1.3004804e-07
12947,4,1.3159415e-07
12948,5,1.2421683e-07
12949,5,1.5670846e-07
12950,2,1.5335878e-07
12951,2,1.2795258e-07
12952,2,7.7702945e-08
12953,4,1.3053329e-07
12954,5,1.5060731e-07
12955,5,1.2459012e-07
12956,5,7.4967916e-08
12957,2,7.3940033e-08
12958,5,1.2692787e-07
12959,5,7.2958088e-08
12960,2,1.1323159e-07
12961,5,6.8199543e-08
12962,5,1.1319414e-07
12963,2,1.591915e-07
12964,2,6.5429345e-08
12965,5,1.3270418e-07
12966,5,1.589164e-07
12967,5,6.5796864e-08
12968,1,1.2343115e-07
12969,2,1.0502389e-07
12970,2,1.208795e-07
12971,5,1.1281345e-07
12972,4,1.2383543e-07
12973,5,1.0395257e-07
12974,5,1.2103226e-07
12975,1,1.2907288e-07
12976,2,1.2602563e-07
12977,2,1.2711985e-07
12978,4,1.2783933e-07
12979,4,1.2914033e-07
12980,5,1.2518411e-07
12981,5,1.2660392e-07
12982,1,1.2774139e-07
12983,2,1.2734432e-07
12984,2,1.2582768e-07
12985,4,1.2911758e-07
12986,4,1.2786621e-07
12987,5,1.2655647e-07
12988,5,1.2559494e-07
12989,2,1.1235231e-07
12990,2,1.2080216e-07
12991,2,1.0378477e-07
12992,4,1.2331452e-07
12993,5,1.123268e-07
12994,5,1.201923e-07
12995,5,1.0389581e-07
12996,2,1.3736789e-07
12997,2,6.6853955e-08
12998,5,1.5784411e-07
12999,5,1.3574806e-07
13000,5,6.4239449e-08
13001,2,6.9135498e-08
13002,5,1.1318467e-07
13003,5,6.9515081e-08
13004,5,7.0738121e-08
13005,5,1.1304792e-07
13006,5,6.9197979e-08
13007,5,1.1290981e-07
13008,5,6.6555927e-08
13009,5,1.3324293e-07
13010,5,1.5963811e-07
13011,5,6.5042277e-08
13012,5,1.3507218e-07
13013,5,1.5663416e-07
13014,5,1.1987588e-07
13015,5,1.1231837e-07
13016,4,1.2317137e-07
13017,5,1.0216997e-07
13018,5,1.1954019e-07
13019,5,1.1138252e-07
13020,4,1.2277169e-07
13021,5,1.2599954e-07
13022,4,1.2764175e-07
13023,4,1.2874362e-07
13024,5,1.2506893e-07
13025,5,1.2604669e-07
13026,4,1.274186e-07
13027,4,1.2865222e-07
13028,5,1.2501046e-07
13029,4,1.2879911e-07
13030,4,1.275539e-07
13031,5,1.2617014e-07
13032,5,1.248448e-07
13033,4,1.2870302e-07
13034,4,1.2741766e-07
13035,5,1.0464818e-07
13036,4,1.2337404e-07
13037,5,1.1306531e-07
13038,5,1.2000177e-07
13039,5,1.0375433e-07
13040,4,1.231914e-07
13041,5,1.1225012e-07
13042,5,1.5996014e-07
13043,5,1.3199568e-07
13044,5,6.4561122e-08
13045,5,1.5736766e-07
13046,5,1.350175e-07
13047,5,1.1307048e-07
13048,5,7.0873133e-08
13049,5,1.1362211e-07
13050,5,6.9699579e-08
13051,5,7.4354327e-08
13052,5,1.2652544e-07
13053,5,7.3922284e-08
13054,5,1.2706526e-07
13055,5,1.1956917e-07
13056,5,1.4981345e-07
13057,4,1.2836286e-07
13058,5,7.6668119e-08
13059,5,1.2120334e-07
13060,5,1.5267197e-07
13061,4,1.2923747e-07
13062,5,1.2430376e-07
13063,4,1.3141502e-07
13064,4,1.2989652e-07
13065,5,1.55508e-07
13066,5,1.2379937e-07
13067,4,1.3083441e-07
13068,4,1.2957806e-07
13069,5,1.578295e-07
13070,4,1.2978527e-07
13071,4,1.3163791e-07
13072,5,1.2426544e-07
13073,5,1.5646608e-07
13074,4,1.2974076e-07
13075,4,1.3123459e-07
13076,5,7.7679412e-08
13077,4,1.2951603e-07
13078,5,1.5211896e-07
13079,5,1.2180855e-07
13080,5,7.5773836e-08
13081,4,1.2913956e-07
13082,5,1.5085513e-07
13083,5,1.2343434e-07
13084,5,7.3213996e-08
13085,5,1.2579632e-07
13086,5,7.3171477e-08
13087,5,7.1287721e-08
13088,5,7.1443064e-08
13089,5,9.1175367e-08
13090,5,1.1106659e-07
13091,5,1.7123928e-07
13092,5,9.0869086e-08
13093,5,1.1706049e-07
13094,5,1.7567085e-07
13095,5,1.7236731e-07
13096,5,1.1901594e-07
13097,5,8.9893662e-08
13098,5,1.7257076e-07
13099,5,1.1602977e-07
13100,5,7.1041165e-08
13101,5,7.0483591e-08
13102,5,7.2236883e-08
13103,5,7.2155449e-08
13104,5,1.3770303e-07
13105,5,1.377722e-07
13106,4,1.2317068e-07
13107,5,8.3373404e-08
13108,5,1.3782098e-07
13109,5,1.3771538e-07
13110,4,1.2327513e-07
13111,5,8.4177422e-08
13112,4,1.2353754e-07
13113,5,1.3820486e-07
13114,5,1.3771625e-07
13115,5,8.4323886e-08
13116,4,1.2317435e-07
13117,5,1.3769702e-07
13118,5,7.2177429e-08
13119,5,7.164458e-08
13120,5,1.1715315e-07
13121,5,9.0928978e-08
13122,5,1.7446552e-07
13123,5,1.1824433e-07
13124,5,9.0377739e-08
13125,5,1.739579e-07
13126,5,1.7312974e-07
13127,5,8.7546019e-08
13128,5,1.1582977e-07
13129,5,1.7322258e-07
13130,5,9.09656e-08
13131,5,7.2664091e-08
13132,5,1.2792742e-07
13133,5,7.2867518e-08
13134,5,1.2774319e-07
13135,5,1.2412773e-07
13136,5,7.350624e-08
13137,5,1.2459946e-07
13138,5,1.5053945e-07
13139,5,1.234301e-07
13140,4,1.2946927e-07
13141,5,7.4218938e-08
13142,5,1.4930732e-07
13143,5,1.2093627e-07
13144,4,1.2837405e-07
13145,5,7.6888678e-08
13146,4,1.290607e-07
13147,5,1.2079799e-07
13148,5,1.5081987e-07
13149,5,7.6412752e-08
13150,4,1.294046e-07
13151,5,1.225007e-07
13152,5,6.9571263e-08
13153,5,1.1226561e-07
13154,5,7.0560705e-08
13155,5,1.1122569e-07
13156,4,1.3069557e-07
13157,5,1.2335464e-07
13158,4,1.2925134e-07
13159,5,1.5618661e-07
13160,4,1.3067822e-07
13161,5,1.2303368e-07
13162,4,1.2900465e-07
13163,5,1.5625445e-07
13164,4,1.2959414e-07
13165,5,1.2382486e-07
13166,4,1.3092315e-07
13167,5,1.5627645e-07
13168,4,1.2925701e-07
13169,5,1.2357532e-07
13170,5,1.1227733e-07
13171,5,6.9824214e-08
13172,5,1.1287389e-07
13173,5,1.3490152e-07
13174,5,6.6004556e-08
13175,5,1.5863635e-07
13176,5,1.3602218e-07
13177,5,6.4863982e-08
13178,5,1.58835e-07
13179,5,1.5967065e-07
13180,5,6.5707982e-08
13181,5,1.306085e-07
13182,5,1.6011831e-07
13183,5,6.7412057e-08
13184,5,1.1251616e-07
13185,5,1.2044303e-07
13186,4,1.2350836e-07
13187,5,1.0428082e-07
13188,5,1.1272326e-07
13189,5,1.2020863e-07
13190,4,1.2343204e-07
13191,5,1.0216888e-07
13192,4,1.234404e-07
13193,5,1.2032023e-07
13194,5,1.1306481e-07
13195,5,1.0385451e-07
13196,4,1.2348645e-07
13197,5,1.2005839e-07
13198,4,1.2779299e-07
13199,5,1.2637352e-07
13200,4,1.2903087e-07
13201,5,1.2511944e-07
13202,4,1.2769156e-07
13203,5,1.2645457e-07
13204,4,1.2900492e-07
13205,5,1.2528947e-07
13206,4,1.2917359e-07
13207,5,1.2670697e-07
13208,4,1.2770917e-07
13209,5,1.2505129e-07
13210,4,1.2903211e-07
13211,5,1.2647708e-07
13212,4,1.2910857e-07
13213,5,1.2472688e-07
13214,4,1.2762548e-07
13215,5,1.2667443e-07
13216,4,1.2904731e-07
13217,5,1.2489253e-07
13218,4,1.2760312e-07
13219,5,1.2652889e-07
13220,4,1.2777489e-07
13221,5,1.2523315e-07
13222,4,1.2897499e-07
13223,5,1.2627356e-07
13224,4,1.2772777e-07
13225,5,1.2526266e-07
13226,4,1.2355872e-07
13227,5,1.0292762e-07
13228,5,1.1205124e-07
13229,5,1.2040489e-07
13230,4,1.2334746e-07
13231,5,1.0272866e-07
13232,5,1.1202089e-07
13233,5,1.2035742e-07
13234,5,1.125176e-07
13235,5,1.0543952e-07
13236,4,1.2329603e-07
13237,5,1.1995742e-07
13238,5,1.1257796e-07
13239,5,1.0374063e-07
13240,5,1.5810222e-07
13241,5,1.3630089e-07
13242,5,6.5090671e-08
13243,5,1.5859598e-07
13244,5,1.3573406e-07
13245,5,6.3646121e-08
13246,5,1.3202776e-07
13247,5,1.6028586e-07
13248,5,6.577314e-08
13249,5,1.3951835e-07
13250,5,1.1213878e-07
13251,5,6.975728e-08
13252,5,1.1357095e-07
13253,5,6.8381469e-08
13254,4,1.2942533e-07
13255,5,1.5570736e-07
13256,4,1.3079129e-07
13257,5,1.2365657e-07
13258,4,1.2928561e-07
13259,5,1.5411711e-07
13260,4,1.3030614e-07
13261,5,1.2462126e-07
13262,4,1.3146737e-07
13263,5,1.571096e-07
13264,4,1.2962994e-07
13265,5,1.2380989e-07
13266,4,1.3104783e-07
13267,5,1.5569376e-07
13268,5,7.0808192e-08
13269,5,1.1235017e-07
13270,5,6.9780926e-08
13271,4,1.292707e-07
13272,5,7.5589611e-08
13273,5,1.4997439e-07
13274,5,1.2326672e-07
13275,4,1.2931422e-07
13276,5,7.5513718e-08
13277,5,1.5035e-07
13278,5,1.2257453e-07
13279,5,1.515377e-07
13280,5,7.6422339e-08
13281,4,1.2981734e-07
13282,5,1.2226777e-07
13283,5,1.5229763e-07
13284,5,7.8485495e-08
13285,5,1.2474264e-07
13286,5,7.2776919e-08
13287,5,1.2650019e-07
13288,5,7.3262765e-08
13289,5,7.1957915e-08
13290,5,1.2048508e-07
13291,5,7.2436411e-08
13292,5,1.721905e-07
13293,5,1.1453259e-07
13294,5,8.6695315e-08
13295,5,1.7226768e-07
13296,5,1.2175752e-07
13297,5,9.3254796e-08
13298,5,1.1518163e-07
13299,5,1.733727e-07
13300,5,8.9748676e-08
13301,5,1.1876279e-07
13302,5,7.1279015e-08
13303,5,7.0874125e-08
13304,4,1.2368292e-07
13305,5,8.5337801e-08
13306,5,1.3839283e-07
13307,5,1.3806179e-07
13308,4,1.2363508e-07
13309,5,8.5342156e-08
13310,5,1.3856948e-07
13311,5,1.3855997e-07
13312,5,1.3741047e-07
13313,5,8.4659772e-08
13314,4,1.2327161e-07
13315,5,1.3835173e-07
13316,5,1.371766e-07
13317,5,8.3140807e-08
13318,5,7.2646648e-08
13319,5,7.0843296e-08
13320,5,7.1145835e-08
13321,5,1.7168488e-07
13322,5,8.7399377e-08
13323,5,1.1420296e-07
13324,5,1.7176296e-07
13325,5,8.9860121e-08
13326,5,1.1791645e-07
13327,5,8.8662857e-08
13328,5,1.7117747e-07
13329,5,1.1857408e-07
13330,5,8.7614028e-08
13331,5,7.0468494e-08
13332,5,1.2501579e-07
13333,5,7.3331073e-08
13334,5,1.2690714e-07
13335,4,1.3009239e-07
13336,5,7.671996e-08
13337,5,1.2321379e-07
13338,5,1.5100315e-07
13339,4,1.2909285e-07
13340,5,7.5395303e-08
13341,5,1.2080938e-07
13342,4,1.2928415e-07
13343,5,1.5656996e-07
13344,5,1.23253e-07
13345,4,1.3099587e-07
13346,4,1.2904841e-07
13347,5,1.5632437e-07
13348,5,1.2296364e-07
13349,4,1.3103854e-07
13350,5,1.2386671e-07
13351,5,1.5556008e-07
13352,4,1.2964729e-07
13353,4,1.310381e-07
13354,5,1.2408154e-07
13355,5,1.5613029e-07
13356,5,1.5046855e-07
13357,5,1.2335026e-07
13358,5,7.5008929e-08
13359,4,1.2899028e-07
13360,5,1.5063047e-07
13361,5,1.2157288e-07
13362,5,7.4523499e-08
13363,5,7.2139291e-08
13364,5,1.2916067e-07
13365,5,7.3403244e-08
13366,5,1.1157225e-07
13367,5,7.0469949e-08
13368,5,1.108303e-07
13369,5,1.5874922e-07
13370,5,6.450362e-08
13371,5,1.3545497e-07
13372,5,1.5867421e-07
13373,5,6.375155e-08
13374,4,1.236679e-07
13375,5,1.0434569e-07
13376,5,1.2071725e-07
13377,5,1.1319805e-07
13378,4,1.2361626e-07
13379,5,1.0542881e-07
13380,5,1.203759e-07
13381,4,1.2898356e-07
13382,5,1.2469676e-07
13383,5,1.2668243e-07
13384,4,1.2755544e-07
13385,4,1.2886469e-07
13386,5,1.2482785e-07
13387,5,1.2639047e-07
13388,4,1.2753783e-07
13389,5,1.262889e-07
13390,5,1.2507569e-07
13391,4,1.2882028e-07
13392,4,1.2746071e-07
13393,5,1.2633083e-07
13394,5,1.2486127e-07
13395,5,1.1221339e-07
13396,5,1.1951504e-07
13397,5,1.0435435e-07
13398,4,1.2313189e-07
13399,5,1.1193294e-07
13400,5,1.2021706e-07
13401,5,1.0311601e-07
13402,5,1.3776676e-07
13403,5,6.3141715e-08
13404,5,1.5798175e-07
13405,5,1.3718494e-07
13406,5,6.4242196e-08
13407,5,6.8681516e-08
13408,5,1.1311583e-07
13409,5,6.9437011e-08
13410,5,6.9839142e-08
13411,5,1.1204476e-07
13412,5,7.2141854e-08
13413,5,1.1130095e-07
13414,5,6.4835542e-08
13415,5,1.3975906e-07
13416,5,1.5824272e-07
13417,5,6.4713273e-08
13418,5,1.378377e-07
13419,5,1.5812073e-07
13420,5,1.1968002e-07
13421,5,1.1158394e-07
13422,4,1.2274016e-07
13423,5,1.0273733e-07
13424,5,1.1977385e-07
13425,5,1.1180769e-07
13426,4,1.2285485e-07
13427,5,1.2617479e-07
13428,4,1.2725264e-07
13429,4,1.2861464e-07
13430,5,1.2464421e-07
13431,5,1.2614768e-07
13432,4,1.2721468e-07
13433,4,1.2859521e-07
13434,5,1.2470153e-07
13435,4,1.286636e-07
13436,4,1.273228e-07
13437,5,1.2630537e-07
13438,5,1.245334e-07
13439,4,1.2864853e-07
13440,4,1.2722645e-07
13441,5,1.0227995e-07
13442,4,1.2318334e-07
13443,5,1.1186774e-07
13444,5,1.20236e-07
13445,5,1.027475e-07
13446,4,1.2305448e-07
13447,5,1.1200456e-07
13448,5,1.5873232e-07
13449,5,1.3510782e-07
13450,5,6.5553082e-08
13451,5,1.5911677e-07
13452,5,1.3522464e-07
13453,5,1.125341e-07
13454,5,7.0717207e-08
13455,5,1.123282e-07
13456,5,7.0095385e-08
13457,5,7.295988e-08
13458,5,1.2426253e-07
13459,5,7.2811283e-08
13460,5,1.2768034e-07
13461,5,1.21399e-07
13462,5,1.5170403e-07
13463,4,1.2899622e-07
13464,5,7.4414514e-08
13465,5,1.186034e-07
13466,5,1.5006135e-07
13467,4,1.2764229e-07
13468,4,1.2378904e-07
13469,4,1.3095268e-07
13470,4,1.2957099e-07
13471,5,1.5851231e-07
13472,4,1.2398475e-07
13473,4,1.3137811e-07
13474,4,1.2963523e-07
13475,5,1.5807051e-07
13476,4,1.2965228e-07
13477,4,1.3145687e-07
13478,5,1.2365021e-07
13479,5,1.5588992e-07
13480,4,1.293705e-07
13481,4,1.3088825e-07
13482,5,7.4852085e-08
13483,4,1.2874102e-07
13484,5,1.5086753e-07
13485,5,1.2043046e-07
13486,5,7.5692776e-08
13487,4,1.2871707e-07
13488,5,1.5041097e-07
13489,5,1.2807113e-07
13490,5,7.3032807e-08
13491,5,1.2562995e-07
13492,5,7.2487857e-08
13493,5,7.1927008e-08
13494,5,7.25359e-08
13495,5,8.7912585e-08
13496,5,1.2025359e-07
13497,5,1.7307535e-07
13498,5,9.0604076e-08
13499,5,1.1571024e-07
13500,5,1.7284778e-07
13501,5,1.7299824e-07
13502,5,1.065388e-07
13503,5,9.2513419e-08
13504,5,1.7570002e-07
13505,5,1.1449014e-07
13506,5,7.0523839e-08
13507,5,7.0681899e-08
13508,5,7.1870105e-08
13509,5,7.1918513e-08
13510,5,1.3863623e-07
13511,5,1.3762421e-07
13512,4,1.2342223e-07
13513,5,8.353347e-08
13514,5,1.3860434e-07
13515,5,1.3728147e-07
13516,4,1.2325309e-07
13517,5,8.428527e-08
13518,4,1.2289476e-07
13519,5,1.3784615e-07
13520,5,1.3751334e-07
13521,5,8.4517441e-08
13522,4,1.2302769e-07
13523,5,1.3808855e-07
13524,5,7.2310826e-08
13525,5,7.2029727e-08
13526,5,1.1807298e-07
13527,5,8.8034693e-08
13528,5,1.7103165e-07
13529,5,1.1793421e-07
13530,5,8.9690832e-08
13531,5,1.7302796e-07
13532,5,1.7220983e-07
13533,5,9.0806388e-08
13534,5,1.1632887e-07
13535,5,1.7247133e-07
13536,5,8.9713638e-08
13537,5,7.2990861e-08
13538,5,1.2607476e-07
13539,5,7.2899562e-08
13540,5,1.2568829e-07
13541,5,1.2489528e-07
13542,5,7.385372e-08
13543,5,1.2684997e-07
13544,5,1.4963655e-07
13545,5,1.2240135e-07
13546,4,1.2878707e-07
13547,5,7.6079462e-08
13548,5,1.5118183e-07
13549,5,1.2375646e-07
13550,4,1.2952657e-07
13551,5,7.6103903e-08
13552,4,1.2962162e-07
13553,5,1.2406576e-07
13554,5,1.5158478e-07
13555,5,7.6205819e-08
13556,4,1.2821969e-07
13557,5,1.1970731e-07
13558,5,7.0812535e-08
13559,5,1.1028418e-07
13560,5,6.9171663e-08
13561,5,1.1148556e-07
13562,4,1.3063492e-07
13563,5,1.2272866e-07
13564,4,1.2888863e-07
13565,5,1.5503751e-07
13566,4,1.3045e-07
13567,5,1.2298823e-07
13568,4,1.2898029e-07
13569,5,1.5633564e-07
13570,4,1.2901896e-07
13571,5,1.233247e-07
13572,4,1.3035739e-07
13573,5,1.551078e-07
13574,4,1.2887211e-07
13575,5,1.2288672e-07
13576,5,1.1252143e-07
13577,5,7.0640026e-08
13578,5,1.1092465e-07
13579,5,1.359944e-07
13580,5,6.4360036e-08
13581,5,1.5753883e-07
13582,5,1.3786246e-07
13583,5,6.1624724e-08
13584,5,1.5605077e-07
13585,5,1.6065801e-07
13586,5,6.6764463e-08
13587,5,1.3567609e-07
13588,5,1.587958e-07
13589,5,6.4730248e-08
13590,5,1.125959e-07
13591,5,1.2009168e-07
13592,4,1.2332356e-07
13593,5,1.0579123e-07
13594,5,1.1270645e-07
13595,5,1.2026937e-07
13596,4,1.2338958e-07
13597,5,1.0656418e-07
13598,4,1.233974e-07
13599,5,1.1941998e-07
13600,5,1.1309267e-07
13601,5,1.0501892e-07
13602,4,1.2310479e-07
13603,5,1.1896281e-07
13604,4,1.2760596e-07
13605,5,1.2655376e-07
13606,4,1.2896662e-07
13607,5,1.2512204e-07
13608,4,1.276492e-07
13609,5,1.2636081e-07
13610,4,1.2890262e-07
13611,5,1.2510376e-07
13612,4,1.2901103e-07
13613,5,1.265549e-07
13614,4,1.2763701e-07
13615,5,1.2519653e-07
13616,4,1.2897002e-07
13617,5,1.264125e-07
13618,4,1.2895874e-07
13619,5,1.2513119e-07
13620,4,1.2764208e-07
13621,5,1.2642669e-07
13622,4,1.2893529e-07
13623,5,1.2517318e-07
13624,4,1.2765968e-07
13625,5,1.2662883e-07
13626,4,1.2770144e-07
13627,5,1.252887e-07
13628,4,1.2903846e-07
13629,5,1.2663346e-07
13630,4,1.2767703e-07
13631,5,1.2515087e-07
13632,4,1.233499e-07
13633,5,1.0346978e-07
13634,5,1.1223051e-07
13635,5,1.2025676e-07
13636,4,1.2333977e-07
13637,5,1.0466201e-07
13638,5,1.1241988e-07
13639,5,1.1994693e-07
13640,5,1.1208371e-07
13641,5,1.0359522e-07
13642,4,1.2336012e-07
13643,5,1.2060699e-07
13644,5,1.1225018e-07
13645,5,1.0435346e-07
13646,5,1.5832733e-07
13647,5,1.3535925e-07
13648,5,6.5117529e-08
13649,5,1.5685904e-07
13650,5,1.3528983e-07
13651,5,6.4647567e-08
13652,5,1.3671451e-07
13653,5,1.5710565e-07
13654,5,6.4025212e-08
13655,5,1.3589814e-07
13656,5,1.1401601e-07
13657,5,6.9122893e-08
13658,5,1.1328895e-07
13659,5,7.0506718e-08
13660,4,1.2940912e-07
13661,5,1.5532911e-07
13662,4,1.3058899e-07
13663,5,1.2427576e-07
13664,4,1.296103e-07
13665,5,1.5670292e-07
13666,4,1.3096694e-07
13667,5,1.2332162e-07
13668,4,1.3105251e-07
13669,5,1.5621878e-07
13670,4,1.2915677e-07
13671,5,1.2343188e-07
13672,4,1.3074364e-07
13673,5,1.5532253e-07
13674,5,7.0007549e-08
13675,5,1.1283782e-07
13676,5,6.8701445e-08
13677,4,1.2915597e-07
13678,5,7.550603e-08
13679,5,1.5094157e-07
13680,5,1.2131428e-07
13681,4,1.2861887e-07
13682,5,7.5337412e-08
13683,5,1.4996768e-07
13684,5,1.226996e-07
13685,5,1.5266815e-07
13686,5,7.8866554e-08
13687,4,1.3033288e-07
13688,5,1.2440656e-07
13689,5,1.5120727e-07
13690,5,7.6728008e-08
13691,5,1.2750991e-07
13692,5,7.2794735e-08
13693,5,1.2612717e-07
13694,5,7.2390354e-08
13695,5,7.254869e-08
13696,5,1.2386321e-07
13697,5,7.2890853e-08
13698,5,1.7192747e-07
13699,5,1.2272405e-07
13700,5,8.9247048e-08
13701,5,1.7154829e-07
13702,5,1.1688679e-07
13703,5,9.0706527e-08
13704,5,1.1810116e-07
13705,5,1.7198975e-07
13706,5,8.8110166e-08
13707,5,1.1974523e-07
13708,5,7.1857859e-08
13709,5,7.2274711e-08
13710,4,1.2343904e-07
13711,5,8.4404774e-08
13712,5,1.3799606e-07
13713,5,1.3757765e-07
13714,4,1.231626e-07
13715,5,8.2562663e-08
13716,5,1.3826486e-07
13717,5,1.3729071e-07
13718,5,1.3768519e-07
13719,5,8.4125845e-08
13720,4,1.234988e-07
13721,5,1.3787035e-07
13722,5,1.3855935e-07
13723,5,8.5053628e-08
13724,5,7.0520582e-08
13725,5,7.1945387e-08
13726,5,7.284646e-08
13727,5,1.7253725e-07
13728,5,9.1523863e-08
13729,5,1.138498e-07
13730,5,1.7425266e-07
13731,5,9.2024216e-08
13732,5,1.1683982e-07
13733,5,8.9675678e-08
13734,5,1.7159327e-07
13735,5,1.1181744e-07
13736,5,9.084348e-08
13737,5,7.1599568e-08
13738,5,1.2744019e-07
13739,5,7.2477584e-08
13740,5,1.2336112e-07
13741,4,1.2993567e-07
13742,5,7.5850971e-08
13743,5,1.2295739e-07
13744,5,1.5087859e-07
13745,4,1.3117176e-07
13746,5,7.6370556e-08
13747,5,1.2663809e-07
13748,4,1.2885073e-07
13749,5,1.5644924e-07
13750,5,1.2294145e-07
13751,4,1.3032571e-07
13752,4,1.2841524e-07
13753,5,1.5372119e-07
13754,5,1.2178844e-07
13755,4,1.310148e-07
13756,5,1.2454052e-07
13757,5,1.5633004e-07
13758,4,1.2960305e-07
13759,4,1.3092199e-07
13760,5,1.2448387e-07
13761,5,1.5595825e-07
13762,5,1.5090222e-07
13763,5,1.2144544e-07
13764,5,7.5243073e-08
13765,4,1.2878802e-07
13766,5,1.5149901e-07
13767,5,1.2041033e-07
13768,5,7.6745977e-08
13769,5,7.3446238e-08
13770,5,1.2520574e-07
13771,5,7.3881026e-08
13772,5,1.118309e-07
13773,5,6.7014353e-08
13774,5,1.102384e-07
13775,5,1.5902516e-07
13776,5,6.5193696e-08
13777,5,1.2975422e-07
13778,5,1.599804e-07
13779,5,6.6549411e-08
13780,4,1.234396e-07
13781,5,1.0489615e-07
13782,5,1.1991164e-07
13783,5,1.1355145e-07
13784,4,1.2339126e-07
13785,5,1.0542328e-07
13786,5,1.1960973e-07
13787,4,1.2872843e-07
13788,5,1.2496342e-07
13789,5,1.2607595e-07
13790,4,1.274317e-07
13791,4,1.2875795e-07
13792,5,1.2470891e-07
13793,5,1.2624808e-07
13794,4,1.2746488e-07
13795,5,1.2633329e-07
13796,5,1.2490141e-07
13797,4,1.288487e-07
13798,4,1.275482e-07
13799,5,1.2651062e-07
13800,5,1.2523867e-07
13801,5,1.1171919e-07
13802,5,1.2061898e-07
13803,5,1.0215821e-07
13804,4,1.2296913e-07
13805,5,1.1175047e-07
13806,5,1.1992365e-07
13807,5,1.0169931e-07
13808,5,1.3439084e-07
13809,5,6.5738116e-08
13810,5,1.5961823e-07
13811,5,1.3297249e-07
13812,5,6.7296858e-08
13813,5,6.9363399e-08
13814,5,1.1471657e-07
13815,5,6.9286917e-08
13816,5,7.0803811e-08
13817,5,1.1331679e-07
13818,5,6.9257325e-08
13819,5,1.1506484e-07
13820,5,6.2760591e-08
13821,5,1.3611586e-07
13822,5,1.5617523e-07
13823,5,6.3493658e-08
13824,5,1.3343666e-07
13825,5,1.5715672e-07
13826,5,1.2005128e-07
13827,5,1.1234249e-07
13828,4,1.23021e-07
13829,5,1.0611207e-07
13830,5,1.1928404e-07
13831,5,1.1280256e-07
13832,4,1.2288644e-07
13833,5,1.2616204e-07
13834,4,1.272455e-07
13835,4,1.2859033e-07
13836,5,1.2441569e-07
13837,5,1.2618596e-07
13838,4,1.2712017e-07
13839,4,1.2857514e-07
13840,5,1.2462611e-07
13841,4,1.2860288e-07
13842,4,1.2718922e-07
13843,5,1.261507e-07
13844,5,1.2471266e-07
13845,4,1.2857218e-07
13846,4,1.2718373e-07
13847,5,1.0313149e-07
13848,4,1.2284715e-07
13849,5,1.1195039e-07
13850,5,1.1960302e-07
13851,5,1.0177832e-07
13852,4,1.2265596e-07
13853,5,1.1139937e-07
13854,5,1.5902387e-07
13855,5,1.3609997e-07
13856,5,6.5327512e-08
13857,5,1.5826636e-07
13858,5,1.3379132e-07
13859,5,1.1264451e-07
13860,5,6.8165384e-08
13861,5,1.1352392e-07
13862,5,6.7232962e-08
13863,5,7.3170145e-08
13864,5,1.28182e-07
13865,5,7.3689338e-08
13866,5,1.2693418e-07
13867,5,1.1910841e-07
13868,5,1.5005093e-07
13869,4,1.2768908e-07
13870,5,7.4781461e-08
13871,5,1.2091277e-07
13872,5,1.4951309e-07
13873,4,1.2835982e-07
13874,5,1.2428293e-07
13875,4,1.3094444e-07
13876,4,1.295677e-07
13877,5,1.5570268e-07
13878,5,1.243594e-07
13879,4,1.306066e-07
13880,4,1.2940615e-07
13881,5,1.5525764e-07
13882,4,1.2929649e-07
13883,4,1.307928e-07
13884,5,1.2365266e-07
13885,5,1.5475435e-07
13886,4,1.2938366e-07
13887,4,1.308895e-07
13888,5,7.5579417e-08
13889,4,1.3027968e-07
13890,5,1.5114374e-07
13891,5,1.27177e-07
13892,5,7.8087833e-08
13893,4,1.3179067e-07
13894,5,1.5296889e-07
13895,5,1.2563293e-07
13896,5,7.3090002e-08
13897,5,1.2224277e-07
13898,5,7.3104833e-08
13899,5,7.1539557e-08
13900,5,7.0668158e-08
13901,5,8.8583354e-08
13902,5,1.190064e-07
13903,5,1.7245774e-07
13904,5,8.9896554e-08
13905,5,1.1565961e-07
13906,5,1.7202384e-07
13907,5,1.7122387e-07
13908,5,1.1721015e-07
13909,5,9.6798265e-08
13910,5,1.7536679e-07
13911,5,1.0735673e-07
13912,5,7.1091694e-08
13913,5,7.1485161e-08
13914,5,7.197317e-08
13915,5,7.25459e-08
13916,5,1.3787293e-07
13917,5,1.3701031e-07
13918,4,1.2290998e-07
13919,5,8.3565085e-08
13920,5,1.3726397e-07
13921,5,1.3744636e-07
13922,4,1.2275573e-07
13923,5,8.3950716e-08
13924,4,1.2303172e-07
13925,5,1.381097e-07
13926,5,1.3747517e-07
13927,5,8.3888924e-08
13928,4,1.2278689e-07
13929,5,1.3738579e-07
13930,5,7.2376535e-08
13931,5,7.1902791e-08
13932,5,1.1534654e-07
13933,5,9.0827963e-08
13934,5,1.7268801e-07
13935,5,1.084737e-07
13936,5,9.6822812e-08
13937,5,1.7603377e-07
13938,5,1.7239032e-07
13939,5,8.9235575e-08
13940,5,1.1482913e-07
13941,5,1.7401366e-07
13942,5,9.1501636e-08
13943,5,7.2688994e-08
13944,5,1.248101e-07
13945,5,7.2720367e-08
13946,5,1.2422663e-07
13947,5,1.2604703e-07
13948,5,7.3602188e-08
13949,5,1.2654508e-07
13950,5,1.5109146e-07
13951,5,1.2154697e-07
13952,4,1.2911809e-07
13953,5,7.6608388e-08
13954,5,1.5093426e-07
13955,5,1.2271076e-07
13956,4,1.2933321e-07
13957,5,7.4812904e-08
13958,4,1.2729332e-07
13959,5,1.1804123e-07
13960,5,1.5025185e-07
13961,5,7.5291879e-08
13962,4,1.2908843e-07
13963,5,1.2311828e-07
13964,5,7.0379844e-08
13965,5,1.1198539e-07
13966,5,6.9924418e-08
13967,5,1.1018502e-07
13968,4,1.3067767e-07
13969,5,1.2338349e-07
13970,4,1.2913081e-07
13971,5,1.5600393e-07
13972,4,1.3071728e-07
13973,5,1.2278836e-07
13974,4,1.2899049e-07
13975,5,1.5619993e-07
13976,4,1.2903315e-07
13977,5,1.2353207e-07
13978,4,1.30646e-07
13979,5,1.5637959e-07
13980,4,1.2905022e-07
13981,5,1.2331174e-07
13982,5,1.1247289e-07
13983,5,6.9907428e-08
13984,5,1.1159553e-07
13985,5,1.4152895e-07
13986,5,6.0959038e-08
13987,5,1.5570516e-07
13988,5,1.3794657e-07
13989,5,6.3552998e-08
13990,5,1.5717311e-07
13991,5,1.585539e-07
13992,5,6.5341285e-08
13993,5,1.3923294e-07
13994,5,1.5693481e-07
13995,5,6.3244669e-08
13996,5,1.1274684e-07
13997,5,1.2020213e-07
13998,4,1.2335304e-07
13999,5,1.0416646e-07
14000,5,1.1228746e-07
14001,5,1.1983065e-07
14002,4,1.2314298e-07
14003,5,1.0429522e-07
14004,4,1.2317471e-07
14005,5,1.1970995e-07
14006,5,1.1218542e-07
14007,5,1.0393938e-07
14008,4,1.232241e-07
14009,5,1.2013238e-07
14010,4,1.2770454e-07
14011,5,1.2623704e-07
14012,4,1.2887212e-07
14013,5,1.2549115e-07
14014,4,1.2772722e-07
14015,5,1.262621e-07
14016,4,1.2887606e-07
14017,5,1.2503027e-07
14018,4,1.2898729e-07
14019,5,1.2655297e-07
14020,4,1.276025e-07
14021,5,1.2501923e-07
14022,4,1.2900334e-07
14023,5,1.2658693e-07
14024,4,1.2893804e-07
14025,5,1.2521444e-07
14026,4,1.276607e-07
14027,5,1.2636257e-07
14028,4,1.2888927e-07
14029,5,1.2509634e-07
14030,4,1.2760465e-07
14031,5,1.2658204e-07
14032,4,1.2760301e-07
14033,5,1.250758e-07
14034,4,1.2902268e-07
14035,5,1.2663492e-07
14036,4,1.2755285e-07
14037,5,1.2494917e-07
14038,4,1.2329021e-07
14039,5,1.0464659e-07
14040,5,1.1219843e-07
14041,5,1.2032763e-07
14042,4,1.2326507e-07
14043,5,1.0336079e-07
14044,5,1.120517e-07
14045,5,1.2013405e-07
14046,5,1.1197616e-07
14047,5,1.0191699e-07
14048,4,1.2320867e-07
14049,5,1.1992155e-07
14050,5,1.1275671e-07
14051,5,1.0426489e-07
14052,5,1.5520494e-07
14053,5,1.3454766e-07
14054,5,6.4488472e-08
14055,5,1.5702617e-07
14056,5,1.3492877e-07
14057,5,6.5785314e-08
14058,5,1.334353e-07
14059,5,1.5926678e-07
14060,5,6.6168997e-08
14061,5,1.3265917e-07
14062,5,1.1495518e-07
14063,5,7.1489752e-08
14064,5,1.1308145e-07
14065,5,7.1158147e-08
14066,4,1.297951e-07
14067,5,1.5770622e-07
14068,4,1.3121799e-07
14069,5,1.2413323e-07
14070,4,1.2948708e-07
14071,5,1.5618106e-07
14072,4,1.3070385e-07
14073,5,1.2307629e-07
14074,4,1.3072237e-07
14075,5,1.5552589e-07
14076,4,1.2876968e-07
14077,5,1.225184e-07
14078,4,1.3068679e-07
14079,5,1.554611e-07
14080,5,6.8992548e-08
14081,5,1.1067686e-07
14082,5,6.9485866e-08
14083,4,1.2845159e-07
14084,5,7.6351642e-08
14085,5,1.5123645e-07
14086,5,1.1893705e-07
14087,4,1.2782665e-07
14088,5,7.6123178e-08
14089,5,1.5061962e-07
14090,5,1.2534622e-07
14091,5,1.5095194e-07
14092,5,7.625305e-08
14093,4,1.3062825e-07
14094,5,1.2516255e-07
14095,5,1.5184574e-07
14096,5,7.6880953e-08
14097,5,1.2518262e-07
14098,5,7.2473976e-08
14099,5,1.2537738e-07
14100,5,7.2073477e-08
14101,5,7.249357e-08
14102,5,1.2455673e-07
14103,5,7.3259583e-08
14104,5,1.734646e-07
14105,5,1.1425579e-07
14106,5,9.5696053e-08
14107,5,1.7533366e-07
14108,5,1.1017073e-07
14109,5,8.6781462e-08
14110,5,1.2139801e-07
14111,5,1.7314694e-07
14112,5,9.1565903e-08
14113,5,1.1449837e-07
14114,5,7.2043063e-08
14115,5,7.1680281e-08
14116,4,1.2293836e-07
14117,5,8.3438085e-08
14118,5,1.3796153e-07
14119,5,1.3744051e-07
14120,4,1.2281906e-07
14121,5,8.464678e-08
14122,5,1.3775125e-07
14123,5,1.3741101e-07
14124,5,1.3863946e-07
14125,5,8.4972443e-08
14126,4,1.2374418e-07
14127,5,1.3756335e-07
14128,5,1.3911952e-07
14129,5,8.5103925e-08
14130,5,7.0886954e-08
14131,5,7.2157844e-08
14132,5,7.1235815e-08
14133,5,1.7548785e-07
14134,5,9.2551571e-08
14135,5,1.1162264e-07
14136,5,1.7381287e-07
14137,5,9.2940385e-08
14138,5,1.1929529e-07
14139,5,8.8033673e-08
14140,5,1.6963908e-07
14141,5,1.2324445e-07
14142,5,8.420262e-08
14143,5,7.1521889e-08
14144,5,1.1815334e-07
14145,5,7.3624689e-08
14146,5,1.2085097e-07
14147,4,1.3205378e-07
14148,5,7.954926e-08
14149,5,1.2793127e-07
14150,5,1.5304225e-07
14151,4,1.3080061e-07
14152,5,7.8568995e-08
14153,5,1.2404109e-07
14154,4,1.2871894e-07
14155,5,1.553765e-07
14156,5,1.2221265e-07
14157,4,1.3147274e-07
14158,4,1.2932597e-07
14159,5,1.5704661e-07
14160,5,1.2352124e-07
14161,4,1.3073872e-07
14162,5,1.2388709e-07
14163,5,1.5556481e-07
14164,4,1.2929767e-07
14165,4,1.3073043e-07
14166,5,1.2351739e-07
14167,5,1.5573659e-07
14168,5,1.5141994e-07
14169,5,1.2196591e-07
14170,5,7.6245633e-08
14171,4,1.2942113e-07
14172,5,1.5064734e-07
14173,5,1.2397129e-07
14174,5,7.5876463e-08
14175,5,7.3445191e-08
14176,5,1.2477136e-07
14177,5,7.3144305e-08
14178,5,1.1023208e-07
14179,5,6.944369e-08
14180,5,1.1212419e-07
14181,5,1.6065716e-07
14182,5,6.6632801e-08
14183,5,1.36451e-07
14184,5,1.5787278e-07
14185,5,6.4616548e-08
14186,4,1.2341142e-07
14187,5,1.0469586e-07
14188,5,1.1999136e-07
14189,5,1.1263859e-07
14190,4,1.2322904e-07
14191,5,1.044368e-07
14192,5,1.2012054e-07
14193,4,1.2877988e-07
14194,5,1.248177e-07
14195,5,1.2637383e-07
14196,4,1.2737996e-07
14197,4,1.2871171e-07
14198,5,1.2478359e-07
14199,5,1.2626484e-07
14200,4,1.2752877e-07
14201,5,1.2624291e-07
14202,5,1.2531401e-07
14203,4,1.286716e-07
14204,4,1.274697e-07
14205,5,1.2609918e-07
14206,5,1.2530626e-07
14207,5,1.1176697e-07
14208,5,1.19584e-07
14209,5,1.0268539e-07
14210,4,1.226659e-07
14211,5,1.1190827e-07
14212,5,1.191833e-07
14213,5,1.0258937e-07
14214,5,1.3430286e-07
14215,5,6.573444e-08
14216,5,1.5960285e-07
14217,5,1.368026e-07
14218,5,6.6317012e-08
14219,5,6.936943e-08
14220,5,1.1193615e-07
14221,5,6.8816425e-08
14222,5,6.937248e-08
14223,5,1.1121328e-07
14224,5,6.8497955e-08
14225,5,1.0999997e-07
14226,5,6.5946939e-08
14227,5,1.3567435e-07
14228,5,1.5895388e-07
14229,5,6.692426e-08
14230,5,1.3764097e-07
14231,5,1.6039341e-07
14232,5,1.1944953e-07
14233,5,1.1202703e-07
14234,4,1.2277221e-07
14235,5,1.0146091e-07
14236,5,1.1937908e-07
14237,5,1.1184305e-07
14238,4,1.2275288e-07
14239,5,1.2621414e-07
14240,4,1.2712121e-07
14241,4,1.2859097e-07
14242,5,1.2475319e-07
14243,5,1.2621149e-07
14244,4,1.2721366e-07
14245,4,1.2861121e-07
14246,5,1.2495822e-07
14247,4,1.2859026e-07
14248,4,1.2727297e-07
14249,5,1.2607161e-07
14250,5,1.2492649e-07
14251,4,1.2857046e-07
14252,4,1.2724599e-07
14253,5,1.018879e-07
14254,4,1.2269627e-07
14255,5,1.1138309e-07
14256,5,1.1951888e-07
14257,5,1.0248551e-07
14258,4,1.2260248e-07
14259,5,1.1133335e-07
14260,5,1.5864993e-07
14261,5,1.353128e-07
14262,5,6.3568009e-08
14263,5,1.5691628e-07
14264,5,1.4048784e-07
14265,5,1.134914e-07
14266,5,6.7693819e-08
14267,5,1.1142942e-07
14268,5,6.9919011e-08
14269,5,7.2790841e-08
14270,5,1.2604134e-07
14271,5,7.2420825e-08
14272,5,1.2542459e-07
14273,5,1.2284403e-07
14274,5,1.5106052e-07
14275,4,1.2942914e-07
14276,5,7.6394033e-08
14277,5,1.2516229e-07
14278,5,1.5150285e-07
14279,4,1.3026843e-07
14280,5,1.2304614e-07
14281,4,1.3071722e-07
14282,4,1.2905106e-07
14283,5,1.5578963e-07
14284,5,1.225333e-07
14285,4,1.3074667e-07
14286,4,1.2887006e-07
14287,5,1.5552189e-07
14288,4,1.2953361e-07
14289,4,1.3120601e-07
14290,4,1.2355565e-07
14291,5,1.5652318e-07
14292,4,1.2952143e-07
14293,4,1.3142276e-07
14294,5,7.9855249e-08
14295,4,1.3170387e-07
14296,5,1.5330802e-07
14297,5,1.2172226e-07
14298,5,7.9302665e-08
14299,4,1.3012192e-07
14300,5,1.5327767e-07
14301,5,1.1773229e-07
14302,5,7.3100019e-08
14303,5,1.1860116e-07
14304,5,7.2725459e-08
14305,5,7.1279835e-08
14306,5,7.1885767e-08
14307,5,9.1626239e-08
14308,5,1.150957e-07
14309,5,1.7395588e-07
14310,5,8.9930675e-08
14311,5,1.1785236e-07
14312,5,1.7362735e-07
14313,5,1.736245e-07
14314,5,1.1539247e-07
14315,5,8.3890243e-08
14316,5,1.7089915e-07
14317,5,1.2624149e-07
14318,5,7.1453912e-08
14319,5,7.2491278e-08
14320,5,7.2479832e-08
14321,5,7.2384866e-08
14322,5,1.373731e-07
14323,5,1.3726931e-07
14324,4,1.2280108e-07
14325,5,8.3099121e-08
14326,5,1.3802556e-07
14327,5,1.3743825e-07
14328,4,1.2321337e-07
14329,5,8.340107e-08
14330,4,1.2284316e-07
14331,5,1.3714689e-07
14332,5,1.3845331e-07
14333,5,8.2823179e-08
14334,4,1.2292695e-07
14335,5,1.3662926e-07
14336,5,7.1689621e-08
14337,5,7.1696217e-08
14338,5,1.0952202e-07
14339,5,9.5864949e-08
14340,5,1.7560211e-07
14341,5,1.211792e-07
14342,5,8.7136947e-08
14343,5,1.7241197e-07
14344,5,1.7402536e-07
14345,5,9.2252069e-08
14346,5,1.1437173e-07
14347,5,1.7280949e-07
14348,5,9.1141938e-08
14349,5,7.2797643e-08
14350,5,1.2324066e-07
14351,5,7.2729172e-08
14352,5,1.2492018e-07
14353,5,1.2849722e-07
14354,5,7.3208701e-08
14355,5,1.233925e-07
14356,5,1.511283e-07
14357,5,1.2099706e-07
14358,4,1.2891219e-07
14359,5,7.6774115e-08
14360,5,1.5130755e-07
14361,5,1.2150793e-07
14362,4,1.2903292e-07
14363,5,7.5761844e-08
14364,4,1.2943189e-07
14365,5,1.2264509e-07
14366,5,1.5124809e-07
14367,5,7.7055098e-08
14368,4,1.290377e-07
14369,5,1.2073746e-07
14370,5,7.0508288e-08
14371,5,1.1221937e-07
14372,5,7.0613359e-08
14373,5,1.120593e-07
14374,4,1.3074595e-07
14375,5,1.2334909e-07
14376,4,1.2906944e-07
14377,5,1.5630906e-07
14378,4,1.3069697e-07
14379,5,1.2343006e-07
14380,4,1.2907527e-07
14381,5,1.5517707e-07
14382,4,1.2881751e-07
14383,5,1.2260214e-07
14384,4,1.305772e-07
14385,5,1.5562094e-07
14386,4,1.2899988e-07
14387,5,1.2347487e-07
14388,5,1.1003029e-07
14389,5,7.0214459e-08
14390,5,1.1317419e-07
14391,5,1.3401606e-07
14392,5,6.6809269e-08
14393,5,1.6060966e-07
14394,5,1.3653253e-07
14395,5,6.622374e-08
14396,5,1.5843963e-07
14397,5,1.5750971e-07
14398,5,6.4511411e-08
14399,5,1.3175755e-07
14400,5,1.5914479e-07
14401,5,6.5231305e-08
14402,5,1.1219943e-07
14403,5,1.1981136e-07
14404,4,1.2306844e-07
14405,5,1.0170659e-07
14406,5,1.1148635e-07
14407,5,1.195995e-07
14408,4,1.2287836e-07
14409,5,1.0394074e-07
14410,4,1.2329603e-07
14411,5,1.2013664e-07
14412,5,1.1314802e-07
14413,5,1.0513946e-07
14414,4,1.2348357e-07
14415,5,1.2015514e-07
14416,4,1.2770753e-07
14417,5,1.2639709e-07
14418,4,1.2892512e-07
14419,5,1.2528153e-07
14420,4,1.2764392e-07
14421,5,1.2662254e-07
14422,4,1.2900956e-07
14423,5,1.2512445e-07
14424,4,1.2899711e-07
14425,5,1.2650896e-07
14426,4,1.2776271e-07
14427,5,1.2530097e-07
14428,4,1.2898649e-07
14429,5,1.2645401e-07
14430,4,1.2890794e-07
14431,5,1.2510173e-07
14432,4,1.2759444e-07
14433,5,1.2661262e-07
14434,4,1.2900848e-07
14435,5,1.2505384e-07
14436,4,1.2759558e-07
14437,5,1.2680308e-07
14438,4,1.2751553e-07
14439,5,1.2497209e-07
14440,4,1.289629e-07
14441,5,1.2661765e-07
14442,4,1.2741767e-07
14443,5,1.2491031e-07
14444,4,1.2323052e-07
14445,5,1.045068e-07
14446,5,1.1245605e-07
14447,5,1.198464e-07
14448,4,1.2316992e-07
14449,5,1.0464293e-07
14450,5,1.1234663e-07
14451,5,1.1950131e-07
14452,5,1.128657e-07
14453,5,1.054896e-07
14454,4,1.2265816e-07
14455,5,1.1929863e-07
14456,5,1.1113161e-07
14457,5,1.024314e-07
14458,5,1.5769099e-07
14459,5,1.3686878e-07
14460,5,6.3111843e-08
14461,5,1.5657536e-07
14462,5,1.3668181e-07
14463,5,6.4685002e-08
14464,5,1.3894501e-07
14465,5,1.5439793e-07
14466,5,6.3032635e-08
14467,5,1.390255e-07
14468,5,1.124195e-07
14469,5,7.0474743e-08
14470,5,1.1406134e-07
14471,5,7.0782576e-08
14472,4,1.293624e-07
14473,5,1.5576025e-07
14474,4,1.304793e-07
14475,5,1.2444644e-07
14476,4,1.2948988e-07
14477,5,1.5674088e-07
14478,4,1.3069483e-07
14479,5,1.2261021e-07
14480,4,1.3055985e-07
14481,5,1.5505286e-07
14482,4,1.2888865e-07
14483,5,1.2306332e-07
14484,4,1.3041217e-07
14485,5,1.5501539e-07
14486,5,6.9540622e-08
14487,5,1.1214932e-07
14488,5,6.905265e-08
14489,4,1.2814167e-07
14490,5,7.5417068e-08
14491,5,1.495105e-07
14492,5,1.2045264e-07
14493,4,1.2804954e-07
14494,5,7.492511e-08
14495,5,1.4998361e-07
14496,5,1.2330755e-07
14497,5,1.5262385e-07
14498,5,7.7560557e-08
14499,4,1.2963673e-07
14500,5,1.2326105e-07
14501,5,1.5083878e-07
14502,5,7.6146408e-08
14503,5,1.2516632e-07
14504,5,7.2241711e-08
14505,5,1.2825931e-07
14506,5,7.234776e-08
14507,5,7.3811911e-08
14508,5,1.2613686e-07
14509,5,7.3369253e-08
14510,5,1.7600086e-07
14511,5,1.1236404e-07
14512,5,9.0093543e-08
14513,5,1.7274691e-07
14514,5,1.1660876e-07
14515,5,8.8258642e-08
14516,5,1.171348e-07
14517,5,1.6999457e-07
14518,5,8.620819e-08
14519,5,1.1869013e-07
14520,5,7.0941659e-08
14521,5,7.1066836e-08
14522,4,1.2287205e-07
14523,5,8.366438e-08
14524,5,1.3817311e-07
14525,5,1.3739773e-07
14526,4,1.2319074e-07
14527,5,8.3664479e-08
14528,5,1.3841271e-07
14529,5,1.3761014e-07
14530,5,1.3915141e-07
14531,5,8.3830266e-08
14532,4,1.2357962e-07
14533,5,1.3816562e-07
14534,5,1.382652e-07
14535,5,8.4225638e-08
14536,5,7.2294015e-08
14537,5,7.214799e-08
14538,5,7.2187803e-08
14539,5,1.707484e-07
14540,5,8.9451648e-08
14541,5,1.1915501e-07
14542,5,1.7249797e-07
14543,5,8.8275617e-08
14544,5,1.2426249e-07
14545,5,8.4991388e-08
14546,5,1.7072036e-07
14547,5,1.1951825e-07
14548,5,8.6587564e-08
14549,5,7.1660576e-08
14550,5,1.2193608e-07
14551,5,7.3166864e-08
14552,5,1.2262805e-07
14553,4,1.2934534e-07
14554,5,7.7195012e-08
14555,5,1.2075232e-07
14556,5,1.5393017e-07
14557,4,1.2998486e-07
14558,5,7.9075419e-08
14559,5,1.2158258e-07
14560,4,1.2959481e-07
14561,5,1.5663504e-07
14562,5,1.2417612e-07
14563,4,1.3153553e-07
14564,4,1.297449e-07
14565,5,1.5737929e-07
14566,5,1.2436881e-07
14567,4,1.3065481e-07
14568,5,1.2411292e-07
14569,5,1.5593584e-07
14570,4,1.2938331e-07
14571,4,1.3093101e-07
14572,5,1.2412407e-07
14573,5,1.5712706e-07
14574,5,1.4886086e-07
14575,5,1.2027885e-07
14576,5,7.4175375e-08
14577,4,1.2814767e-07
14578,5,1.50569e-07
14579,5,1.2024561e-07
14580,5,7.3637797e-08
14581,5,7.2972992e-08
14582,5,1.3148686e-07
14583,5,7.351476e-08
14584,5,1.1338675e-07
14585,5,7.0111381e-08
14586,5,1.1333766e-07
14587,5,1.5734882e-07
14588,5,6.4414346e-08
14589,5,1.3473369e-07
14590,5,1.5960335e-07
14591,5,6.5411869e-08
14592,4,1.2288321e-07
14593,5,1.0456259e-07
14594,5,1.1918386e-07
14595,5,1.1221271e-07
14596,4,1.2287707e-07
14597,5,1.0312052e-07
14598,5,1.1936433e-07
14599,4,1.2863147e-07
14600,5,1.2466462e-07
14601,5,1.261429e-07
14602,4,1.2732895e-07
14603,4,1.286037e-07
14604,5,1.2490759e-07
14605,5,1.2605488e-07
14606,4,1.2737516e-07
14607,5,1.2615362e-07
14608,5,1.2504825e-07
14609,4,1.2868031e-07
14610,4,1.2740756e-07
14611,5,1.2625625e-07
14612,5,1.2505501e-07
14613,5,1.1158469e-07
14614,5,1.1918782e-07
14615,5,1.0231166e-07
14616,4,1.2291687e-07
14617,5,1.1199553e-07
14618,5,1.1972485e-07
14619,5,1.0322802e-07
14620,5,1.3669583e-07
14621,5,6.5447414e-08
14622,5,1.5820448e-07
14623,5,1.3453047e-07
14624,5,6.5265327e-08
14625,5,6.9903634e-08
14626,5,1.131898e-07
14627,5,7.0546297e-08
14628,8,6.8687386e-08
14629,8,1.1251102e-07
14630,8,6.993833e-08
14631,8,1.1266733e-07
14632,5,6.602525e-08
14633,5,1.320131e-07
14634,5,1.5943497e-07
14635,8,6.4659371e-08
14636,8,1.7020378354629424e-09
14637,8,6.712437117618814e-09
14638,8,1.1981891e-07
14639,5,1.1256027e-07
14640,4,1.2300685e-07
14641,8,1.0406438e-07
14642,8,1.2000477e-07
14643,8,1.1228264e-07
14644,7,2.050341305698734e-09
14645,8,1.2624452e-07
14646,4,1.2726977e-07
14647,4,1.2863968e-07
14648,8,6.489315592754122e-11
14649,8,2.7901478464960186e-10
14650,7,2.778859828951833e-09
14651,7,2.9877044382632473e-09
14652,5,1.2464907e-07
14653,4,1.2861184e-07
14654,4,1.2720108e-07
14655,8,2.4727259739232797e-10
14656,8,3.314667943357767e-11
14657,7,2.975723997267765e-09
14658,7,2.761697935209678e-09
14659,5,1.0293662e-07
14660,4,1.227117e-07
14661,5,1.1168197e-07
14662,8,1.2005136e-07
14663,8,1.0322025e-07
14664,7,2.0596514196892404e-09
14665,8,1.1173175e-07
14666,5,1.5822408e-07
14667,5,1.4109255e-07
14668,8,6.3786906e-08
14669,8,6.894404600256631e-09
14670,8,2.687644787224078e-09
14671,5,1.0943514e-07
14672,5,7.0359914e-08
14673,8,1.1024274e-07
14674,8,6.9234019e-08
14675,5,7.3788275e-08
14676,5,1.2767651e-07
14677,8,7.2939729e-08
14678,8,4.824463754107644e-10
14679,5,1.2273917e-07
14680,5,1.4976679e-07
14681,4,1.2935022e-07
14682,8,7.6636202e-08
14683,8,1.2305808e-07
14684,8,6.093471618072833e-09
14685,7,3.2663159919552693e-09
14686,8,1.2311845e-07
14687,4,1.3052284e-07
14688,4,1.2894241e-07
14689,8,5.3851538324295565e-09
14690,8,1.2366198e-07
14691,7,3.3531199944132557e-09
14692,7,3.0811271100053116e-09
14693,5,1.5756527e-07
14694,4,1.2938843e-07
14695,4,1.3145949e-07
14696,7,1.2288989e-07
14697,8,5.49008071282385e-09
14698,7,3.0795497538076643e-09
14699,7,3.332444429416066e-09
14700,5,7.7582921e-08
14701,4,1.3014224e-07
14702,5,1.5204679e-07
14703,8,1.2236619e-07
14704,8,7.4277562e-08
14705,7,2.9818593053726862e-09
14706,8,5.5941067937988276e-09
14707,5,1.2185406e-07
14708,8,7.3123578e-08
14709,8,2.446625246371049e-09
14710,8,7.3519617e-08
14711,5,7.1561804e-08
14712,8,7.1033294e-08
14713,5,8.8098286e-08
14714,8,1.1959305e-07
14715,5,1.7231353e-07
14716,8,8.6459093e-08
14717,8,1.2027554e-07
14718,8,9.870379942786636e-09
14719,5,1.7185733e-07
14720,5,1.1611147e-07
14721,8,9.125304e-08
14722,8,8.943243527272285e-09
14723,8,1.1361766e-07
14724,5,7.1846523e-08
14725,8,7.1638852e-08
14726,5,7.0957446e-08
14727,8,7.0948395e-08
14728,5,1.3859681e-07
14729,5,1.3769201e-07
14730,4,1.2354953e-07
14731,8,8.5011537e-08
14732,8,2.4741406600044907e-09
14733,8,2.1683191316097235e-09
14734,7,1.1378889854768787e-09
14735,8,8.364181e-08
14736,4,1.2290682e-07
14737,8,1.3683423e-07
14738,8,2.3141191907444623e-09
14739,8,8.3773562e-08
14740,7,1.0715008754761243e-09
14741,8,2.284764166647964e-09
14742,8,7.1759249e-08
14743,8,7.1913265e-08
14744,5,1.2207915e-07
14745,8,8.7741637e-08
14746,5,1.7316221e-07
14747,8,1.1816183e-07
14748,8,9.0286617e-08
14749,8,1.1095481290713992e-08
14750,5,1.7384131e-07
14751,8,9.3120989e-08
14752,8,1.1412927e-07
14753,8,1.0350834565563448e-08
14754,8,9.1570745e-08
14755,8,7.252039e-08
14756,5,1.2414864e-07
14757,8,7.2425691e-08
14758,8,1.7794828890760062e-09
14759,5,1.1995676e-07
14760,8,7.3185624e-08
14761,8,1.1309298568493e-09
14762,5,1.5025435e-07
14763,5,1.2172787e-07
14764,4,1.2892187e-07
14765,8,7.6458132e-08
14766,8,5.436033822806344e-09
14767,8,1.2349877e-07
14768,7,3.057940671221365e-09
14769,5,7.9942512e-08
14770,4,1.2998741e-07
14771,5,1.2208601e-07
14772,8,6.523426371723704e-09
14773,8,7.8408082e-08
14774,7,3.5458544145818474e-09
14775,8,2.3044861381456467e-10
14776,8,6.9599154e-08
14777,8,1.117706e-07
14778,8,6.9557093e-08
14779,8,1.1292828e-07
14780,4,1.3027375e-07
14781,5,1.2307002e-07
14782,4,1.2890982e-07
14783,8,4.760669138974425e-09
14784,7,3.0484970783242667e-09
14785,8,1.2343156e-07
14786,7,2.977869121505012e-09
14787,5,1.5543784e-07
14788,4,1.2910998e-07
14789,5,1.2356042e-07
14790,7,3.229365613422964e-09
14791,8,4.945293785141137e-09
14792,7,2.978821136145085e-09
14793,8,1.2322666e-07
14794,5,1.130149e-07
14795,8,6.8248991e-08
14796,8,1.1266034e-07
14797,5,1.3571577e-07
14798,8,6.4887855e-08
14799,5,1.5682939e-07
14800,8,1.8262964639759567e-09
14801,8,6.5104486e-08
14802,8,6.988376276453246e-09
14803,5,1.5792882e-07
14804,5,6.3480672e-08
14805,8,1.500810147778548e-09
14806,8,7.353676702337399e-09
14807,8,6.4129653e-08
14808,5,1.1169918e-07
14809,8,1.2002349e-07
14810,4,1.2304644e-07
14811,8,1.0419818e-07
14812,8,1.1232642e-07
14813,8,1.2015959e-07
14814,7,2.1449358839524424e-09
14815,5,1.0586574e-07
14816,4,1.2349199e-07
14817,5,1.2019548e-07
14818,8,1.1263256e-07
14819,8,1.0467002e-07
14820,7,2.1281545341620954e-09
14821,8,1.19809e-07
14822,4,1.2768331e-07
14823,8,1.2656267e-07
14824,4,1.2902377e-07
14825,8,1.539907263409359e-10
14826,7,2.8705693379182303e-09
14827,8,3.466410652547369e-10
14828,7,3.062274043766254e-09
14829,5,1.2536457e-07
14830,4,1.2901039e-07
14831,5,1.2654787e-07
14832,7,2.8501202882503227e-09
14833,8,1.710145559879778e-10
14834,7,3.000634791839942e-09
14835,8,2.518985579600057e-10
14836,4,1.2904298e-07
14837,8,1.2513095e-07
14838,4,1.2766573e-07
14839,8,3.591094628865006e-10
14840,7,3.06932524820666e-09
14841,8,1.3776744821996098e-10
14842,7,2.868171926543872e-09
14843,5,1.2631436e-07
14844,4,1.2748187e-07
14845,5,1.2501466e-07
14846,7,2.990579978322769e-09
14847,8,2.813518834700239e-10
14848,7,2.769176833692488e-09
14849,8,1.2505169e-07
14850,4,1.2327449e-07
14851,8,1.0442548e-07
14852,5,1.1250677e-07
14853,8,1.2009855e-07
14854,7,2.155126080671789e-09
14855,8,1.0540877e-07
14856,8,1.1303522e-07
14857,5,1.1994817e-07
14858,5,1.1150562e-07
14859,5,1.0174603e-07
14860,7,2.108350136197192e-09
14861,8,1.2052136e-07
14862,8,1.1219939e-07
14863,8,1.0368945e-07
14864,5,1.5741623e-07
14865,5,1.3508552e-07
14866,8,6.4336836e-08
14867,8,7.252463116789891e-09
14868,8,1.28546542144918e-09
14869,8,6.542985e-08
14870,5,1.39463e-07
14871,8,6.532474893166961e-09
14872,8,6.406091e-08
14873,8,1.8471552040544847e-09
14874,5,1.1374997e-07
14875,5,6.9961459e-08
14876,8,1.137524e-07
14877,8,6.9633065e-08
14878,4,1.2934183e-07
14879,5,1.5551369e-07
14880,4,1.3047536e-07
14881,8,3.1652577357183926e-11
14882,7,3.188197822649753e-09
14883,8,5.807909277324359e-09
14884,7,3.4332528135809193e-09
14885,5,1.2271253e-07
14886,4,1.3013249e-07
14887,8,1.5413658e-07
14888,7,3.048696990451768e-09
14889,8,1.2331139e-07
14890,7,3.371113990187774e-09
14891,8,5.5760670227553495e-09
14892,8,6.8456616e-08
14893,8,1.1211215e-07
14894,8,6.9626646e-08
14895,4,1.279462e-07
14896,8,7.4370185e-08
14897,5,1.4943719e-07
14898,8,1.2319979e-07
14899,7,3.0890213301819567e-09
14900,8,7.4419471e-08
14901,8,5.596293989790789e-09
14902,8,1.2334277e-07
14903,5,1.4979352e-07
14904,8,7.4726447e-08
14905,7,3.114902722431827e-09
14906,8,1.2153837e-07
14907,8,5.844016946099159e-09
14908,8,7.58915e-08
14909,5,1.2829992e-07
14910,8,7.1842507e-08
14911,8,2.012651423367193e-09
14912,8,7.2173903e-08
14913,5,7.3129316e-08
14914,8,1.900522777624262e-09
14915,8,7.3421771e-08
14916,5,1.7452215e-07
14917,5,1.1634942e-07
14918,8,8.978432e-08
14919,8,1.0613408669086844e-08
14920,8,1.1609607e-07
14921,5,9.2127822e-08
14922,5,1.1229276e-07
14923,8,8.932022730255174e-09
14924,8,9.2095127e-08
14925,8,1.1231955e-07
14926,5,7.3263084e-08
14927,8,7.1348378e-08
14928,4,1.2324266e-07
14929,8,8.2721442e-08
14930,8,1.3778842e-07
14931,8,2.342090365465765e-09
14932,7,1.2555411988238292e-09
14933,8,8.367564e-08
14934,8,2.6365087749495557e-09
14935,5,1.3840415e-07
14936,5,1.3763336e-07
14937,8,8.3677055e-08
14938,7,1.0143984036677222e-09
14939,8,2.2788605838449342e-09
14940,8,2.146833947301222e-09
14941,8,8.3090718e-08
14942,8,7.317389e-08
14943,5,7.1968786e-08
14944,8,7.2196544e-08
14945,5,1.7185209e-07
14946,5,8.7467058e-08
14947,8,1.2062533e-07
14948,8,1.0047851334437796e-08
14949,8,8.6270773e-08
14950,5,1.1801511e-07
14951,8,8.8679014e-08
14952,8,1.0213577953245074e-08
14953,8,1.1463151e-07
14954,8,9.0588918e-08
14955,8,7.1109148e-08
14956,5,1.2372199e-07
14957,8,7.393173e-08
14958,8,6.83820913319305e-10
14959,4,1.2997205e-07
14960,5,7.7440193e-08
14961,8,1.2236915e-07
14962,8,5.442190039518551e-09
14963,7,3.197241647308899e-09
14964,8,7.7438004e-08
14965,8,1.234471e-07
14966,4,1.2966854e-07
14967,5,1.5677681e-07
14968,5,1.2446054e-07
14969,7,3.3387202247678343e-09
14970,7,3.060495276140347e-09
14971,8,5.532809409154576e-09
14972,8,1.2397828e-07
14973,4,1.3053063e-07
14974,5,1.2396485e-07
14975,8,1.5561683e-07
14976,7,2.8653889107557723e-09
14977,7,3.106372746860079e-09
14978,8,1.2330967e-07
14979,8,5.154123793151441e-09
14980,5,1.4994856e-07
14981,8,1.2055299e-07
14982,8,7.4759586e-08
14983,7,3.010689769457318e-09
14984,8,5.1745290439241024e-09
14985,8,1.2253622e-07
14986,8,7.6161182e-08
14987,5,7.3166573e-08
14988,8,1.0712317126740607e-09
14989,8,7.2758428e-08
14990,8,1.1445427e-07
14991,8,6.8881325e-08
14992,8,1.1374343e-07
14993,5,1.5865584e-07
14994,8,6.5091735e-08
14995,8,9.32965782712511e-10
14996,8,7.0994000990515065e-09
14997,8,6.4363687e-08
14998,4,1.2299495e-07
14999,8,1.0326073e-07
15000,8,1.1968113e-07
15001,8,1.1312807e-07
15002,7,2.126800941616525e-09
15003,8,1.0554915e-07
15004,8,1.1970083e-07
15005,4,1.2861794e-07
15006,8,1.2493319e-07
15007,8,1.2608229e-07
15008,7,2.808382119237708e-09
15009,7,2.986887405386613e-09
15010,8,9.145474467435195e-11
15011,8,2.5394225947917756e-10
15012,4,1.2739776e-07
15013,8,1.2611743e-07
15014,5,1.2485644e-07
15015,7,2.987623946866049e-09
15016,7,2.813728899438631e-09
15017,8,2.540859233704788e-10
15018,8,1.3340911796496048e-10
15019,5,1.1239378e-07
15020,8,1.2008256e-07
15021,5,1.030002e-07
15022,7,2.1094242649661627e-09
15023,8,1.1277886e-07
15024,8,1.20159e-07
15025,8,1.0460615e-07
15026,5,1.3280561e-07
15027,5,6.6614959e-08
15028,8,7.041246055521586e-09
15029,8,7.965068611745741e-10
15030,8,6.4997412e-08
15031,8,6.9434431e-08
15032,8,1.1305311e-07
15033,8,6.9030649e-08
15034,8,6.9860823e-08
15035,8,1.1206605e-07
15036,8,6.9829433e-08
15037,8,1.1261203e-07
15038,8,6.6419947e-08
15039,8,1.3358770721556696e-07
15040,8,1.5360645080607946e-07
15041,8,6.6802858e-08
15042,8,1.3289916e-07
15043,8,1.596701e-07
15044,8,1.1969168e-07
15045,8,1.1218527e-07
15046,7,1.2097616545465338e-07
15047,8,1.0166062e-07
15048,8,1.1954992e-07
15049,8,1.1172373e-07
15050,7,1.2280546e-07
15051,8,1.260744542152888e-07
15052,7,1.2472432239450877e-07
15053,7,1.2583223120905406e-07
15054,8,1.2490999e-07
15055,8,1.263326e-07
15056,7,1.273463e-07
15057,7,1.2872569e-07
15058,8,1.2483696e-07
15059,7,1.2584407294258326e-07
15060,7,1.246470686749632e-07
15061,8,1.263386e-07
15062,8,1.2475291e-07
15063,7,1.287307e-07
15064,7,1.2730524e-07
15065,8,1.0366961e-07
15066,7,1.2084533974107546e-07
15067,8,1.1179615e-07
15068,8,1.1967194e-07
15069,8,1.0358503e-07
15070,7,1.2283581e-07
15071,8,1.1173587e-07
15072,8,1.50069228355375e-07
15073,8,1.373149066989397e-07
15074,8,6.4217922e-08
15075,8,1.5621968e-07
15076,8,1.3810188e-07
15077,8,1.1161407e-07
15078,8,7.1125307e-08
15079,8,1.1250227e-07
15080,8,6.9552775e-08
15081,8,7.2788211e-08
15082,8,1.205549347704107e-07
15083,8,7.2856527e-08
15084,8,1.2461788e-07
15085,8,1.2389299e-07
15086,8,1.4657614827225818e-07
15087,7,1.2703117052271396e-07
15088,8,7.7513667e-08
15089,8,1.2198809e-07
15090,8,1.5263078e-07
15091,7,1.297563e-07
15092,8,1.2367769e-07
15093,7,1.279057330959847e-07
15094,7,1.2630492350967606e-07
15095,8,1.5657647e-07
15096,8,1.2362943e-07
15097,7,1.3116249e-07
15098,7,1.2929155e-07
15099,8,1.5152694750493465e-07
15100,7,1.2630295621593698e-07
15101,7,1.2754955380429698e-07
15102,8,1.2357414e-07
15103,8,1.5530554e-07
15104,7,1.2916258e-07
15105,7,1.3044392e-07
15106,8,7.3524241e-08
15107,7,1.2505925614203698e-07
15108,8,1.4432610214466345e-07
15109,8,1.209364e-07
15110,8,7.3043919e-08
15111,7,1.2813147e-07
15112,8,1.4953673e-07
15113,8,1.2831920461003556e-07
15114,8,7.3375258e-08
15115,8,1.310953e-07
15116,8,7.3060801e-08
15117,8,7.1936329e-08
15118,8,7.195471e-08
15119,8,8.8323672e-08
15120,8,1.2021805e-07
15121,8,1.625266334195245e-07
15122,8,8.9833536e-08
15123,8,1.1626939e-07
15124,8,1.725022e-07
15125,8,1.6217016356630858e-07
15126,8,1.1600558e-07
15127,8,9.0610232e-08
15128,8,1.7382156e-07
15129,8,1.1564816e-07
15130,8,7.0625219e-08
15131,8,7.1066881e-08
15132,8,7.1416888e-08
15133,8,7.0681271e-08
15134,8,1.35966608940849e-07
15135,8,1.349671832397833e-07
15136,7,1.2215224366501282e-07
15137,8,8.2621717e-08
15138,8,1.3796497e-07
15139,8,1.3618983e-07
15140,7,1.227225e-07
15141,8,8.5343038e-08
15142,7,1.2235596605839897e-07
15143,8,1.362165336905319e-07
15144,8,1.3818442e-07
15145,8,8.518137e-08
15146,7,1.2306793e-07
15147,8,1.3741133e-07
15148,8,7.1539624e-08
15149,8,7.1560029e-08
15150,8,1.1947768e-07
15151,8,8.919843e-08
15152,8,1.634659940612239e-07
15153,8,1.1582248e-07
15154,8,8.964657e-08
15155,8,1.7104079e-07
15156,8,1.622724059056924e-07
15157,8,8.7639736e-08
15158,8,1.137714e-07
15159,8,1.72282e-07
15160,8,9.1224214e-08
15161,8,7.2626201e-08
15162,8,1.2360379241454225e-07
15163,8,7.3539494e-08
15164,8,1.2702237e-07
15165,8,1.238151325616017e-07
15166,8,7.2504343e-08
15167,8,1.2587628e-07
15168,8,1.4530656650700166e-07
15169,8,1.232113929510834e-07
15170,7,1.2636057717988018e-07
15171,8,7.7174812e-08
15172,8,1.529412e-07
15173,8,1.2103542e-07
15174,7,1.2924712e-07
15175,8,7.6272659e-08
15176,7,1.272614256214628e-07
15177,8,1.253878987030071e-07
15178,8,1.49738e-07
15179,8,7.5032375e-08
15180,7,1.3003146e-07
15181,8,1.2451217e-07
15182,8,6.9343481e-08
15183,8,1.1210972e-07
15184,8,7.01582e-08
15185,8,1.1242564e-07
15186,7,1.2720268207665242e-07
15187,8,1.2323344e-07
15188,7,1.2597781616317072e-07
15189,8,1.5576414e-07
15190,7,1.3067474e-07
15191,8,1.2324452e-07
15192,7,1.2891305e-07
15193,8,1.489025943849805e-07
15194,7,1.257987245563613e-07
15195,8,1.228001e-07
15196,7,1.3025381e-07
15197,8,1.5454913e-07
15198,7,1.286455e-07
15199,8,1.2258306e-07
15200,8,1.1177319e-07
15201,8,6.8651867e-08
15202,8,1.1113237e-07
15203,8,1.3329458120784917e-07
15204,8,6.5721643e-08
15205,8,1.5198643401644041e-07
15206,8,1.3406907e-07
15207,8,6.7159441e-08
15208,8,1.5956104e-07
15209,8,1.5047508663497454e-07
15210,8,6.4162085e-08
15211,8,1.3906076e-07
15212,8,1.5794559e-07
15213,8,6.4282154e-08
15214,8,1.1237654e-07
15215,8,1.2005573e-07
15216,7,1.2128161495615606e-07
15217,8,1.0236338e-07
15218,8,1.1211581e-07
15219,8,1.1930974e-07
15220,7,1.2304096e-07
15221,8,1.0354655e-07
15222,7,1.2119164431710857e-07
15223,8,1.1983602e-07
15224,8,1.120291e-07
15225,8,1.026509e-07
15226,7,1.2334809e-07
15227,8,1.2036524e-07
15228,7,1.2509037561245009e-07
15229,8,1.262667813358947e-07
15230,7,1.2610733271048154e-07
15231,8,1.2554516e-07
15232,7,1.2777114e-07
15233,8,1.2632998e-07
15234,7,1.2897409e-07
15235,8,1.253857506152728e-07
15236,7,1.2605397783447348e-07
15237,8,1.2626040866077553e-07
15238,7,1.2772451e-07
15239,8,1.2526912e-07
15240,7,1.2895485e-07
15241,8,1.2639332e-07
15242,7,1.2616214913117637e-07
15243,8,1.2538328e-07
15244,7,1.2507608119861205e-07
15245,8,1.2655226e-07
15246,7,1.2904173e-07
15247,8,1.2533082e-07
15248,7,1.2776014e-07
15249,8,1.262999638288978e-07
15250,7,1.249635960476434e-07
15251,8,1.2511358e-07
15252,7,1.2896729e-07
15253,8,1.2645029e-07
15254,7,1.2770462e-07
15255,8,1.2515159e-07
15256,7,1.2130564742987346e-07
15257,8,1.0430165e-07
15258,8,1.1253188e-07
15259,8,1.2013203e-07
15260,7,1.2333092e-07
15261,8,1.0318497e-07
15262,8,1.1220171e-07
15263,8,1.2094179e-07
15264,8,1.1249981e-07
15265,8,1.0483281e-07
15266,7,1.2352952e-07
15267,8,1.208167e-07
15268,8,1.12115e-07
15269,8,1.0238198e-07
15270,8,1.5132171360050774e-07
15271,8,1.3446273284781546e-07
15272,8,6.3807998e-08
15273,8,1.5703804e-07
15274,8,1.3351858e-07
15275,8,6.3778219e-08
15276,8,1.3352174974527185e-07
15277,8,1.5953794e-07
15278,8,6.5859502e-08
15279,8,1.3330296e-07
15280,8,1.1510391e-07
15281,8,7.0192298e-08
15282,8,1.1529549e-07
15283,8,7.0949563e-08
15284,7,1.2643560848428144e-07
15285,8,1.500173495528755e-07
15286,7,1.272510060644987e-07
15287,8,1.2479246e-07
15288,7,1.2943815e-07
15289,8,1.5762659e-07
15290,7,1.3086784e-07
15291,8,1.2401388e-07
15292,7,1.270836750328939e-07
15293,8,1.495566551289667e-07
15294,7,1.2926924e-07
15295,8,1.2402665e-07
15296,7,1.3056742e-07
15297,8,1.5551628e-07
15298,8,6.9214723e-08
15299,8,1.1401793e-07
15300,8,6.9965951e-08
15301,7,1.2487016149866122e-07
15302,8,7.490643e-08
15303,8,1.442033585378207e-07
15304,8,1.1981966e-07
15305,7,1.2796005e-07
15306,8,7.5384525e-08
15307,8,1.5015489e-07
15308,8,1.2154262e-07
15309,8,1.4552390506507698e-07
15310,8,7.5949398e-08
15311,7,1.2880909e-07
15312,8,1.2103305e-07
15313,8,1.5104817e-07
15314,8,7.7333389e-08
15315,8,1.2554881968487226e-07
15316,8,7.3061587e-08
15317,8,1.2720225e-07
15318,8,7.3244636e-08
15319,8,7.3367283e-08
15320,8,1.2277621e-07
15321,8,7.2672205e-08
15322,8,1.611508997010824e-07
15323,8,1.18856e-07
15324,8,9.1397855e-08
15325,8,1.7341875e-07
15326,8,1.1448618e-07
15327,8,8.8757613e-08
15328,8,1.1825708e-07
15329,8,1.718221e-07
15330,8,8.9215653e-08
15331,8,1.1711949e-07
15332,8,7.1127876e-08
15333,8,7.1368367e-08
15334,7,1.222518249267418e-07
15335,8,8.390239e-08
15336,8,1.3613581327681678e-07
15337,8,1.3732315e-07
15338,7,1.2304724e-07
15339,8,8.4028102e-08
15340,8,1.3804071e-07
15341,8,1.3611914913607112e-07
15342,8,1.357401725195593e-07
15343,8,8.3778748e-08
15344,7,1.2355734e-07
15345,8,1.3775087e-07
15346,8,1.385309e-07
15347,8,8.3656756e-08
15348,8,7.1841806e-08
15349,8,7.1745698e-08
15350,8,7.1548777e-08
15351,8,1.6370757253357846e-07
15352,8,8.8098337e-08
15353,8,1.1475976e-07
15354,8,1.7047382e-07
15355,8,8.9771912e-08
15356,8,1.1855573e-07
15357,8,8.8438113e-08
15358,8,1.715637e-07
15359,8,1.2290376e-07
15360,8,8.4686837e-08
15361,8,7.1693614e-08
15362,8,1.236535979249433e-07
15363,8,7.303829e-08
15364,8,1.241443e-07
15365,7,1.2685927296368274e-07
15366,8,7.6815361e-08
15367,8,1.2350773e-07
15368,8,1.5138657e-07
15369,7,1.3019562e-07
15370,8,7.6194036e-08
15371,8,1.2429475e-07
15372,7,1.2623868868167438e-07
15373,8,1.5061015638969734e-07
15374,8,1.2391683e-07
15375,7,1.3099211e-07
15376,7,1.2931922e-07
15377,8,1.5596537e-07
15378,8,1.2382922e-07
15379,7,1.269681898387923e-07
15380,8,1.2232492e-07
15381,8,1.4922001177222114e-07
15382,7,1.2855595e-07
15383,7,1.3076853e-07
15384,7,1.2176039e-07
15385,8,1.5647061e-07
15386,8,1.4659301262677064e-07
15387,8,1.2438880431436206e-07
15388,8,7.680389e-08
15389,7,1.3011548e-07
15390,8,1.5134155e-07
15391,8,1.2479792e-07
15392,8,7.606188e-08
15393,8,7.3809427e-08
15394,8,1.2582681e-07
15395,8,7.4205481e-08
15396,8,1.1353376e-07
15397,8,6.8985045e-08
15398,8,1.1352584e-07
15399,8,1.502881674422172e-07
15400,8,6.3661629e-08
15401,8,1.3321632e-07
15402,8,1.5910173e-07
15403,8,6.4556041e-08
15404,7,1.2140131448082693e-07
15405,8,1.0671411e-07
15406,8,1.2000151e-07
15407,8,1.1290962e-07
15408,7,1.2340368e-07
15409,8,1.0436556e-07
15410,8,1.2013438e-07
15411,7,1.258245148135512e-07
15412,8,1.2486935e-07
15413,8,1.260527232851908e-07
15414,7,1.2743299e-07
15415,7,1.286084e-07
15416,8,1.2483402e-07
15417,8,1.2601043e-07
15418,7,1.248096499717111e-07
15419,8,1.2591545035536104e-07
15420,8,1.2504564e-07
15421,7,1.2862019e-07
15422,7,1.2741343e-07
15423,8,1.2608636e-07
15424,8,1.2493307e-07
15425,8,1.1275107e-07
15426,8,1.2031183e-07
15427,8,1.0540054e-07
15428,7,1.2315501e-07
15429,8,1.1183274e-07
15430,8,1.2023933e-07
15431,8,1.024946e-07
15432,8,1.357877151044428e-07
15433,8,6.3458186e-08
15434,8,1.5756605e-07
15435,8,1.3946134e-07
15436,8,6.4872447e-08
15437,8,6.84705e-08
15438,8,1.0785006e-07
15439,8,6.9575216e-08
15440,8,6.9652375e-08
15441,8,1.1316583e-07
15442,8,6.8485929e-08
15443,8,1.1250947e-07
15444,8,6.7360948e-08
15445,8,1.3184781e-07
15446,8,1.5953062e-07
15447,8,7.0099281e-08
15448,8,1.3076012e-07
15449,8,1.6279581e-07
15450,8,1.1993803e-07
15451,8,1.1155339e-07
15452,7,1.2288354e-07
15453,8,1.0181366e-07
15454,8,1.1940882e-07
15455,8,1.1232104e-07
15456,7,1.2290015e-07
15457,8,1.2633771e-07
15458,7,1.2733139e-07
15459,7,1.2874217e-07
15460,8,1.2488295e-07
15461,8,1.2627846e-07
15462,7,1.2737333e-07
15463,7,1.2874649e-07
15464,8,1.2495523e-07
15465,7,1.2877922e-07
15466,7,1.2744058e-07
15467,8,1.2624382e-07
15468,8,1.2503203e-07
15469,7,1.2876011e-07
15470,7,1.2753165e-07
15471,8,1.0244215e-07
15472,7,1.230824e-07
15473,8,1.1189227e-07
15474,8,1.2050418e-07
15475,8,1.0391016e-07
15476,7,1.2341073e-07
15477,8,1.1274453e-07
15478,8,1.5840505e-07
15479,8,1.3623817e-07
15480,8,6.6120663e-08
15481,8,1.6000267e-07
15482,8,1.3268774e-07
15483,8,1.117947e-07
15484,8,6.8626732e-08
15485,8,1.1157495e-07
15486,8,6.9076658e-08
15487,8,7.2850894e-08
15488,8,1.2638606e-07
15489,8,7.343326e-08
15490,8,1.2328455e-07
15491,8,1.2055933e-07
15492,8,1.5055575e-07
15493,7,1.2893476e-07
15494,8,7.7701838e-08
15495,8,1.2326255e-07
15496,8,1.5237172e-07
15497,7,1.3002515e-07
15498,8,1.2355973e-07
15499,7,1.3080403e-07
15500,7,1.2912795e-07
15501,8,1.551385e-07
15502,8,1.2311485e-07
15503,7,1.3065417e-07
15504,7,1.2893017e-07
15505,8,1.5551533e-07
15506,7,1.2895631e-07
15507,7,1.3049044e-07
15508,8,1.229685e-07
15509,8,1.5555957e-07
15510,7,1.2883974e-07
15511,7,1.3053442e-07
15512,8,7.342809e-08
15513,7,1.2889201e-07
15514,8,1.4970475e-07
15515,8,1.2237649e-07
15516,8,7.4741472e-08
15517,7,1.2898695e-07
15518,8,1.5072118e-07
15519,8,1.3051955e-07
15520,8,7.174684e-08
15521,8,1.2892561e-07
15522,8,7.3241994e-08
15523,8,7.1771765e-08
15524,8,7.1144349e-08
15525,8,9.1478937e-08
15526,8,1.1513789e-07
15527,8,1.7415072e-07
15528,8,9.1468367e-08
15529,8,1.1328308e-07
15530,8,1.7306493e-07
15531,8,1.7333369e-07
15532,8,1.1615824e-07
15533,8,9.1289722e-08
15534,8,1.7352302e-07
15535,8,1.1450805e-07
15536,8,7.2016945e-08
15537,8,7.172992e-08
15538,8,7.166717e-08
15539,8,7.2569674e-08
15540,8,1.3780233e-07
15541,8,1.3708052e-07
15542,7,1.2274947e-07
15543,8,8.3192998e-08
15544,8,1.371016e-07
15545,8,1.375129e-07
15546,7,1.2265132e-07
15547,8,8.3000349e-08
15548,7,1.2283641e-07
15549,8,1.3673029e-07
15550,8,1.3764273e-07
15551,8,8.274074e-08
15552,7,1.2288211e-07
15553,8,1.3716446e-07
15554,8,7.1480837e-08
15555,8,7.260131e-08
15556,8,1.1585443e-07
15557,8,8.9220247e-08
15558,8,1.7156595e-07
15559,8,1.1733266e-07
15560,8,9.0002946e-08
15561,8,1.7331394e-07
15562,8,1.733236e-07
15563,8,9.303176e-08
15564,8,1.1658666e-07
15565,8,1.7354519e-07
15566,8,9.0457345e-08
15567,8,7.3741121e-08
15568,8,1.2397342e-07
15569,8,7.3322509e-08
15570,8,1.233258e-07
15571,8,1.2351155e-07
15572,8,7.3078993e-08
15573,8,1.2287674e-07
15574,8,1.4855081e-07
15575,8,1.2190309e-07
15576,7,1.2886913e-07
15577,8,7.8143954e-08
15578,8,1.5304821e-07
15579,8,1.2412611e-07
15580,7,1.3033602e-07
15581,8,7.7497445e-08
15582,7,1.3032501e-07
15583,8,1.2483344e-07
15584,8,1.5165195e-07
15585,8,7.755578e-08
15586,7,1.2961675e-07
15587,8,1.2291262e-07
15588,8,6.9301494e-08
15589,8,1.1249232e-07
15590,8,6.9003802e-08
15591,8,1.1265093e-07
15592,7,1.3044101e-07
15593,8,1.2308981e-07
15594,7,1.2879648e-07
15595,8,1.5513006e-07
15596,7,1.3059156e-07
15597,8,1.2322569e-07
15598,7,1.288902e-07
15599,8,1.5459542e-07
15600,7,1.2848816e-07
15601,8,1.2237833e-07
15602,7,1.3043205e-07
15603,8,1.5521774e-07
15604,7,1.2846865e-07
15605,8,1.2201544e-07
15606,8,1.1138205e-07
15607,8,6.9647615e-08
15608,8,1.0953892e-07
15609,8,1.3107039e-07
15610,8,6.8056461e-08
15611,8,1.6087351e-07
15612,8,1.3395994e-07
15613,8,6.5416712e-08
15614,8,1.5947063e-07
15615,8,1.5863608e-07
15616,8,6.509308e-08
15617,8,1.3230856e-07
15618,8,1.6036901e-07
15619,8,6.7031244e-08
15620,8,1.1254492e-07
15621,8,1.2018666e-07
15622,7,1.2340114e-07
15623,8,1.0404268e-07
15624,8,1.1279185e-07
15625,8,1.2094685e-07
15626,7,1.2373083e-07
15627,8,1.0532433e-07
15628,7,1.2359202e-07
15629,8,1.203373e-07
15630,8,1.1343417e-07
15631,8,1.0511527e-07
15632,7,1.2366771e-07
15633,8,1.2022564e-07
15634,7,1.2776554e-07
15635,8,1.265728e-07
15636,7,1.2903947e-07
15637,8,1.2510232e-07
15638,7,1.2774466e-07
15639,8,1.2650775e-07
15640,7,1.2901995e-07
15641,8,1.2521195e-07
15642,7,1.2895808e-07
15643,8,1.2639793e-07
15644,7,1.2775947e-07
15645,8,1.2519695e-07
15646,7,1.2900581e-07
15647,8,1.265222e-07
15648,7,1.290269e-07
15649,8,1.2518215e-07
15650,7,1.2775032e-07
15651,8,1.264967e-07
15652,7,1.2901686e-07
15653,8,1.2508512e-07
15654,7,1.2773174e-07
15655,8,1.2631234e-07
15656,7,1.2768698e-07
15657,8,1.2520801e-07
15658,7,1.2892689e-07
15659,8,1.263679e-07
15660,7,1.2761342e-07
15661,8,1.251265e-07
15662,7,1.2359217e-07
15663,8,1.0596484e-07
15664,8,1.1347094e-07
15665,8,1.2035896e-07
15666,7,1.2370196e-07
15667,8,1.0601545e-07
15668,8,1.1355578e-07
15669,8,1.2074097e-07
15670,8,1.1210386e-07
15671,8,1.0247023e-07
15672,7,1.2317372e-07
15673,8,1.1966853e-07
15674,8,1.1262888e-07
15675,8,1.0365507e-07
15676,8,1.5964305e-07
15677,8,1.3501595e-07
15678,8,6.4984e-08
15679,8,1.5953084e-07
15680,8,1.330406e-07
15681,8,6.6014656e-08
15682,8,1.3247233e-07
15683,8,1.6017771e-07
15684,8,6.6149076e-08
15685,8,1.344679e-07
15686,8,1.1237806e-07
15687,8,6.9445533e-08
15688,8,1.1130974e-07
15689,8,6.8492231e-08
15690,7,1.2880815e-07
15691,8,1.536908e-07
15692,7,1.2995409e-07
15693,8,1.2258852e-07
15694,7,1.2862341e-07
15695,8,1.5512024e-07
15696,7,1.303609e-07
15697,8,1.2390038e-07
15698,7,1.3094383e-07
15699,8,1.5667724e-07
15700,7,1.2922039e-07
15701,8,1.234583e-07
15702,7,1.30859e-07
15703,8,1.5588149e-07
15704,8,7.0311705e-08
15705,8,1.1225919e-07
15706,8,6.9702434e-08
15707,7,1.2831983e-07
15708,8,7.5698956e-08
15709,8,1.5056628e-07
15710,8,1.2497496e-07
15711,7,1.3035561e-07
15712,8,7.7634367e-08
15713,8,1.5260035e-07
15714,8,1.2169807e-07
15715,8,1.5089694e-07
15716,8,7.695382e-08
15717,7,1.3020947e-07
15718,8,1.2413977e-07
15719,8,1.5212668e-07
15720,8,7.7625726e-08
15721,8,1.2629795e-07
15722,8,7.2696198e-08
15723,8,1.2384778e-07
15724,8,7.2403177e-08
15725,8,7.3412409e-08
15726,8,1.2270113e-07
15727,8,7.3200701e-08
15728,8,1.7355581e-07
15729,8,1.129509e-07
15730,8,9.1696142e-08
15731,8,1.741627e-07
15732,8,1.1652244e-07
15733,8,8.7247861e-08
15734,8,1.1690601e-07
15735,8,1.7390465e-07
15736,8,8.9733906e-08
15737,8,1.1813963e-07
15738,8,7.1983511e-08
15739,8,7.0836017e-08
15740,7,1.2313597e-07
15741,8,8.4126598e-08
15742,8,1.3820625e-07
15743,8,1.3758571e-07
15744,7,1.2319606e-07
15745,8,8.4978298e-08
15746,8,1.3804472e-07
15747,8,1.3801269e-07
15748,8,1.3865443e-07
15749,8,8.462118e-08
15750,7,1.2338926e-07
15751,8,1.3716251e-07
15752,8,1.3901221e-07
15753,8,8.4743825e-08
15754,8,7.0396257e-08
15755,8,7.1872666e-08
15756,8,7.1455397e-08
15757,8,1.7363034e-07
15758,8,9.0941274e-08
15759,8,1.1373293e-07
15760,8,1.70325e-07
15761,8,8.9308384e-08
15762,8,1.177919e-07
15763,8,8.6582627e-08
15764,8,1.7357652e-07
15765,8,1.1449028e-07
15766,8,9.1538312e-08
15767,8,7.2458054e-08
15768,8,1.2292832e-07
15769,8,7.3829286e-08
15770,8,1.2194823e-07
15771,7,1.2958598e-07
15772,8,7.7443715e-08
15773,8,1.2159158e-07
15774,8,1.5119916e-07
15775,7,1.2941275e-07
15776,8,7.7269835e-08
15777,8,1.2151581e-07
15778,7,1.2923007e-07
15779,8,1.560982e-07
15780,8,1.2339186e-07
15781,7,1.3133644e-07
15782,7,1.293867e-07
15783,8,1.5744781e-07
15784,8,1.2378473e-07
15785,7,1.3034698e-07
15786,7,1.21735e-07
15787,8,1.5509432e-07
15788,7,1.2928274e-07
15789,7,1.309872e-07
15790,8,1.2344563e-07
15791,8,1.5643841e-07
15792,8,1.4874528e-07
15793,8,1.2056573e-07
15794,8,7.3681465e-08
15795,7,1.2901717e-07
15796,8,1.5266321e-07
15797,8,1.2083214e-07
15798,8,7.6406667e-08
15799,8,7.4105405e-08
15800,8,1.2713622e-07
15801,8,7.3472571e-08
15802,8,1.1185859e-07
15803,8,7.061365e-08
15804,8,1.1244509e-07
15805,8,1.5974961e-07
15806,8,6.6077711e-08
15807,8,1.3321723e-07
15808,8,1.6065072e-07
15809,8,6.648435e-08
15810,7,1.2335979e-07
15811,8,1.0367505e-07
15812,8,1.2009129e-07
15813,8,1.1286982e-07
15814,7,1.232928e-07
15815,8,1.0411921e-07
15816,8,1.2004404e-07
15817,7,1.2858466e-07
15818,8,1.2495302e-07
15819,8,1.2593062e-07
15820,7,1.2740587e-07
15821,7,1.2865614e-07
15822,8,1.2480455e-07
15823,8,1.2615176e-07
15824,7,1.2736759e-07
15825,8,1.2602787e-07
15826,8,1.2486092e-07
15827,7,1.2862134e-07
15828,7,1.2737309e-07
15829,8,1.2606641e-07
15830,8,1.2489806e-07
15831,8,1.1222217e-07
15832,8,1.1993363e-07
15833,8,1.0291057e-07
15834,7,1.2312009e-07
15835,8,1.1311534e-07
15836,8,1.1959824e-07
15837,8,1.0621788e-07
15838,8,1.3739731e-07
15839,8,6.5930194e-08
15840,8,1.5840827e-07
15841,8,1.3652046e-07
15842,8,6.3744297e-08
15843,8,6.9735673e-08
15844,8,1.1187572e-07
15845,8,7.0116278e-08
15846,8,6.7673121e-08
15847,8,1.1175024e-07
15848,8,6.9510168e-08
15849,8,1.1261969e-07
15850,8,6.6831928e-08
15851,8,1.3377859e-07
15852,8,1.6013131e-07
15853,8,6.4529768e-08
15854,8,1.3471951e-07
15855,8,1.5788872e-07
15856,8,1.1983377e-07
15857,8,1.1199402e-07
15858,7,1.2295896e-07
15859,8,1.0287371e-07
15860,8,1.198645e-07
15861,8,1.11899e-07
15862,7,1.2295284e-07
15863,8,1.2641786e-07
15864,7,1.2746806e-07
15865,7,1.2880495e-07
15866,8,1.2521438e-07
15867,8,1.2630291e-07
15868,7,1.2751088e-07
15869,7,1.2878596e-07
15870,8,1.2493112e-07
15871,7,1.2875993e-07
15872,7,1.2749349e-07
15873,8,1.2613644e-07
15874,8,1.2499441e-07
15875,7,1.2872492e-07
15876,7,1.2747318e-07
15877,8,1.0379812e-07
15878,7,1.2329824e-07
15879,8,1.128061e-07
15880,8,1.1955032e-07
15881,8,1.0355058e-07
15882,7,1.2313329e-07
15883,8,1.1273743e-07
15884,8,1.6003786e-07
15885,8,1.3092758e-07
15886,8,6.7212337e-08
15887,8,1.6079901e-07
15888,8,1.3171389e-07
15889,8,1.1234702e-07
15890,8,7.0022308e-08
15891,8,1.1305842e-07
15892,8,6.9901778e-08
15893,8,7.36546e-08
15894,8,1.2395653e-07
15895,8,7.3175279e-08
15896,8,1.2423344e-07
15897,8,1.2480822e-07
15898,8,1.5217159e-07
15899,7,1.3062564e-07
15900,8,7.6608494e-08
15901,8,1.2399584e-07
15902,8,1.5211843e-07
15903,7,1.3039651e-07
15904,8,1.2290885e-07
15905,7,1.3064091e-07
15906,7,1.2894556e-07
15907,8,1.5682799e-07
15908,8,1.2362918e-07
15909,7,1.3119826e-07
15910,7,1.2930326e-07
15911,8,1.5610902e-07
15912,7,1.2894663e-07
15913,7,1.3065417e-07
15914,8,1.2368193e-07
15915,8,1.5617768e-07
15916,7,1.2912279e-07
15917,7,1.3070084e-07
15918,8,7.5310155e-08
15919,7,1.2871589e-07
15920,8,1.5075863e-07
15921,8,1.2069741e-07
15922,8,7.6250792e-08
15923,7,1.2861597e-07
15924,8,1.5055692e-07
15925,8,1.2715394e-07
15926,8,7.3791114e-08
15927,8,1.2515072e-07
15928,8,7.335347e-08
15929,8,7.1779045e-08
15930,8,7.1100958e-08
15931,8,9.2560623e-08
15932,8,1.1162958e-07
15933,8,1.7341361e-07
15934,8,9.4031976e-08
15935,8,1.1020652e-07
15936,8,1.7409795e-07
15937,8,1.7268411e-07
15938,8,1.1576473e-07
15939,8,8.6572655e-08
15940,8,1.7090062e-07
15941,8,1.1970138e-07
15942,8,7.1713153e-08
15943,8,7.1945789e-08
15944,8,7.194159e-08
15945,8,7.1637681e-08
15946,8,1.3746851e-07
15947,8,1.3716179e-07
15948,7,1.2258649e-07
15949,8,8.432031e-08
15950,8,1.3739526e-07
15951,8,1.3741639e-07
15952,7,1.2266858e-07
15953,8,8.335924e-08
15954,7,1.2317338e-07
15955,8,1.3763031e-07
15956,8,1.3818524e-07
15957,8,8.2930099e-08
15958,7,1.2343158e-07
15959,8,1.380735e-07
15960,8,7.2272107e-08
15961,8,7.265223e-08
15962,8,1.1340475e-07
15963,8,9.376367e-08
15964,8,1.7531235e-07
15965,8,1.1313435e-07
15966,8,9.2204007e-08
15967,8,1.7342721e-07
15968,8,1.7053852e-07
15969,8,8.722189e-08
15970,8,1.2444598e-07
15971,8,1.7179039e-07
15972,8,8.4002821e-08
15973,8,7.2288487e-08
15974,8,1.224139e-07
15975,8,7.2520699e-08
15976,8,1.196148e-07
15977,8,1.2384524e-07
15978,8,7.4010355e-08
15979,8,1.2983111e-07
15980,8,1.5169757e-07
15981,8,1.245796e-07
15982,7,1.3051775e-07
15983,8,7.9980601e-08
15984,8,1.5371939e-07
15985,8,1.227914e-07
15986,7,1.3029034e-07
15987,8,7.656316e-08
15988,7,1.288027e-07
15989,8,1.2166883e-07
15990,8,1.5008074e-07
15991,8,7.4124018e-08
15992,7,1.2774406e-07
15993,8,1.1938378e-07
15994,8,6.9279756e-08
15995,8,1.1352569e-07
15996,8,6.9346432e-08
15997,8,1.1305123e-07
15998,7,1.3077437e-07
15999,8,1.23526e-07
16000,7,1.2902388e-07
16001,8,1.5534538e-07
16002,7,1.3081289e-07
16003,8,1.2350297e-07
16004,7,1.2908586e-07
16005,8,1.5620884e-07
16006,7,1.288649e-07
16007,8,1.2286081e-07
16008,7,1.3074812e-07
16009,8,1.5674294e-07
16010,7,1.2939091e-07
16011,8,1.2442551e-07
16012,8,1.1050842e-07
16013,8,7.1222787e-08
16014,8,1.1456024e-07
16015,8,1.2985316e-07
16016,8,6.7176546e-08
16017,8,1.5944662e-07
16018,8,1.3190825e-07
16019,8,6.5803569e-08
16020,8,1.5868077e-07
16021,8,1.6253699e-07
16022,8,6.8066246e-08
16023,8,1.3369692e-07
16024,8,1.5905744e-07
16025,8,6.5997839e-08
16026,8,1.1293518e-07
16027,8,1.2059118e-07
16028,7,1.2370106e-07
16029,8,1.0463825e-07
16030,8,1.1285547e-07
16031,8,1.2044044e-07
16032,7,1.2360148e-07
16033,8,1.0231781e-07
16034,7,1.2351831e-07
16035,8,1.2024334e-07
16036,8,1.1202011e-07
16037,8,1.0208981e-07
16038,7,1.2345128e-07
16039,8,1.2063784e-07
16040,7,1.2768878e-07
16041,8,1.2651149e-07
16042,7,1.2899984e-07
16043,8,1.2485839e-07
16044,7,1.2758679e-07
16045,8,1.2644894e-07
16046,7,1.2891554e-07
16047,8,1.2507832e-07
16048,7,1.2898902e-07
16049,8,1.2651186e-07
16050,7,1.2763156e-07
16051,8,1.249872e-07
16052,7,1.2893256e-07
16053,8,1.2638417e-07
16054,7,1.290023e-07
16055,8,1.2515498e-07
16056,7,1.2769612e-07
16057,8,1.2624152e-07
16058,7,1.288318e-07
16059,8,1.2499554e-07
16060,7,1.275344e-07
16061,8,1.2654632e-07
16062,7,1.2759191e-07
16063,8,1.2511138e-07
16064,7,1.2899055e-07
16065,8,1.2649972e-07
16066,7,1.2768894e-07
16067,8,1.2530702e-07
16068,7,1.2355483e-07
16069,8,1.0401475e-07
16070,8,1.1263861e-07
16071,8,1.2050386e-07
16072,7,1.2316143e-07
16073,8,1.0266176e-07
16074,8,1.1140475e-07
16075,8,1.1929213e-07
16076,8,1.1261166e-07
16077,8,1.0472055e-07
16078,7,1.2309216e-07
16079,8,1.1958425e-07
16080,8,1.1233179e-07
16081,8,1.0344676e-07
16082,8,1.5855075e-07
16083,8,1.3230397e-07
16084,8,6.3117659e-08
16085,8,1.563791e-07
16086,8,1.4125949e-07
16087,8,6.3618948e-08
16088,8,1.3739682e-07
16089,8,1.5808962e-07
16090,8,6.4646548e-08
16091,8,1.3564004e-07
16092,8,1.120767e-07
16093,8,6.8409801e-08
16094,8,1.1107246e-07
16095,8,6.9448296e-08
16096,7,1.2869774e-07
16097,8,1.5412462e-07
16098,7,1.3019456e-07
16099,7,1.2308048e-07
16100,7,1.2908049e-07
16101,8,1.5518243e-07
16102,7,1.3058654e-07
16103,8,1.2352639e-07
16104,7,1.308398e-07
16105,8,1.561797e-07
16106,7,1.28907e-07
16107,8,1.2313497e-07
16108,7,1.3049899e-07
16109,8,1.556134e-07
16110,8,6.9925938e-08
16111,8,1.11853e-07
16112,8,7.0406842e-08
16113,7,1.2997485e-07
16114,8,7.7030242e-08
16115,8,1.5052491e-07
16116,8,1.2306642e-07
16117,7,1.2962441e-07
16118,8,7.5892023e-08
16119,8,1.5102057e-07
16120,8,1.2282201e-07
16121,8,1.5306693e-07
16122,8,7.8516692e-08
16123,7,1.2872901e-07
16124,8,1.2070926e-07
16125,8,1.5051761e-07
16126,8,7.6179343e-08
16127,8,1.2147483e-07
16128,8,7.2705675e-08
16129,8,1.2495467e-07
16130,8,7.3329814e-08
16131,8,7.2797494e-08
16132,8,1.2469531e-07
16133,8,7.3607392e-08
16134,8,1.7426192e-07
16135,8,1.1672021e-07
16136,8,8.8252745e-08
16137,8,1.7221706e-07
16138,8,1.1925882e-07
16139,8,9.0246276e-08
16140,8,1.1597266e-07
16141,8,1.7232037e-07
16142,8,9.0552162e-08
16143,8,1.1473266e-07
16144,8,7.0801225e-08
16145,8,7.1698844e-08
16146,7,1.2339288e-07
16147,8,8.4741282e-08
16148,8,1.3786618e-07
16149,8,1.379162e-07
16150,7,1.2368076e-07
16151,8,8.4036153e-08
16152,8,1.382746e-07
16153,8,1.3663682e-07
16154,8,1.3869434e-07
16155,8,8.4316159e-08
16156,7,1.233189e-07
16157,8,1.3758197e-07
16158,8,1.3834779e-07
16159,8,8.4017717e-08
16160,8,7.1250951e-08
16161,8,7.0119001e-08
16162,8,7.0893777e-08
16163,8,1.7366397e-07
16164,8,8.9155273e-08
16165,8,1.2363101e-07
16166,8,1.7165259e-07
16167,8,8.5522064e-08
16168,8,1.1596381e-07
16169,8,8.9698936e-08
16170,8,1.7231982e-07
16171,8,1.1890708e-07
16172,8,8.7976697e-08
16173,8,7.1714707e-08
16174,8,1.2016927e-07
16175,8,7.3535505e-08
16176,8,1.2279111e-07
16177,7,1.3018162e-07
16178,8,7.7909548e-08
16179,8,1.237417e-07
16180,8,1.531165e-07
16181,7,1.3055277e-07
16182,8,7.8090305e-08
16183,8,1.2428224e-07
16184,7,1.293978e-07
16185,8,1.5647711e-07
16186,8,1.2376696e-07
16187,7,1.3096553e-07
16188,7,1.2932355e-07
16189,8,1.5583854e-07
16190,7,1.2372666e-07
16191,7,1.316592e-07
16192,8,1.2462035e-07
16193,8,1.5822246e-07
16194,7,1.3009656e-07
16195,7,1.3174305e-07
16196,7,1.2462882e-07
16197,8,1.5820001e-07
16198,8,1.5098394e-07
16199,8,1.2165025e-07
16200,8,7.7563355e-08
16201,7,1.292973e-07
16202,8,1.5264184e-07
16203,8,1.2023643e-07
16204,8,7.8166983e-08
16205,8,7.3714998e-08
16206,8,1.2244885e-07
16207,8,7.3611363e-08
16208,8,1.1279128e-07
16209,8,6.8695761e-08
16210,8,1.1299072e-07
16211,8,1.5808944e-07
16212,8,6.5632687e-08
16213,8,1.3764194e-07
16214,8,1.5935534e-07
16215,8,6.5920868e-08
16216,7,1.2302636e-07
16217,8,1.0265295e-07
16218,8,1.1990288e-07
16219,8,1.1200429e-07
16220,7,1.2281725e-07
16221,8,1.0273388e-07
16222,8,1.1927988e-07
16223,7,1.2872334e-07
16224,8,1.2488606e-07
16225,8,1.2633136e-07
16226,7,1.2739474e-07
16227,7,1.2871751e-07
16228,8,1.2498643e-07
16229,8,1.2627742e-07
16230,7,1.2731342e-07
16231,8,1.2626797e-07
16232,8,1.2476751e-07
16233,7,1.2870257e-07
16234,7,1.2733551e-07
16235,8,1.2629671e-07
16236,8,1.248791e-07
16237,8,1.1228738e-07
16238,8,1.1960173e-07
16239,8,1.0479348e-07
16240,7,1.2283782e-07
16241,8,1.112602e-07
16242,8,1.2004642e-07
16243,8,1.0176205e-07
16244,8,1.3725735e-07
16245,8,6.2596145e-08
16246,8,1.5683322e-07
16247,8,1.4152162e-07
16248,8,6.4467793e-08
16249,8,7.0225242e-08
16250,8,1.1252796e-07
16251,8,7.1425954e-08
16252,8,6.9653981e-08
16253,8,1.1236833e-07
16254,8,6.9796947e-08
16255,8,1.1147126e-07
16256,8,6.4017688e-08
16257,8,1.3640838e-07
16258,8,1.5768142e-07
16259,8,6.2503055e-08
16260,8,1.3958064e-07
16261,8,1.5737927e-07
16262,8,1.195259e-07
16263,8,1.1239896e-07
16264,7,1.2296079e-07
16265,8,1.0374672e-07
16266,8,1.1990682e-07
16267,8,1.1207249e-07
16268,7,1.2305506e-07
16269,8,1.2638455e-07
16270,7,1.2743848e-07
16271,7,1.2880169e-07
16272,8,1.2497849e-07
16273,8,1.2642269e-07
16274,7,1.2747765e-07
16275,7,1.2883122e-07
16276,8,1.250808e-07
16277,7,1.2876756e-07
16278,7,1.2749998e-07
16279,8,1.2644933e-07
16280,8,1.2494049e-07
16281,7,1.2884691e-07
16282,7,1.2747478e-07
16283,8,1.0286907e-07
16284,7,1.2308887e-07
16285,8,1.1225173e-07
16286,8,1.1990009e-07
16287,8,1.0229997e-07
16288,7,1.2307436e-07
16289,8,1.1206797e-07
16290,8,1.5936174e-07
16291,8,1.3307115e-07
16292,8,6.5747998e-08
16293,8,1.5894849e-07
16294,8,1.3202024e-07
16295,8,1.129379e-07
16296,8,6.976046e-08
16297,8,1.1526085e-07
16298,8,6.987695e-08
16299,8,7.3517601e-08
16300,8,1.1945273e-07
16301,8,7.3488795e-08
16302,8,1.2465923e-07
16303,8,1.2259045e-07
16304,8,1.5214881e-07
16305,7,1.2991534e-07
16306,8,7.7139738e-08
16307,8,1.2089472e-07
16308,8,1.5221924e-07
16309,7,1.2923789e-07
16310,8,1.2370039e-07
16311,7,1.3121433e-07
16312,7,1.2940835e-07
16313,8,1.564992e-07
16314,8,1.2356335e-07
16315,7,1.3111717e-07
16316,7,1.2938733e-07
16317,8,1.5668896e-07
16318,7,1.292803e-07
16319,7,1.3091072e-07
16320,8,1.2456575e-07
16321,8,1.5609198e-07
16322,7,1.2943415e-07
16323,7,1.3077949e-07
16324,8,7.7278326e-08
16325,7,1.290615e-07
16326,8,1.5255606e-07
16327,8,1.1896512e-07
16328,8,7.6201772e-08
16329,7,1.280764e-07
16330,8,1.5086978e-07
16331,8,1.2609733e-07
16332,8,7.3027633e-08
16333,8,1.2573074e-07
16334,8,7.311029e-08
16335,8,7.1012837e-08
16336,8,7.1319026e-08
16337,8,9.315545e-08
16338,8,1.1037531e-07
16339,8,1.7335443e-07
16340,8,8.9198774e-08
16341,8,1.1761442e-07
16342,8,1.7290759e-07
16343,8,1.7254857e-07
16344,8,1.2054477e-07
16345,8,8.8276225e-08
16346,8,1.7143908e-07
16347,8,1.1830328e-07
16348,8,7.1034577e-08
16349,8,7.1437064e-08
16350,8,7.2311226e-08
16351,8,7.1897929e-08
16352,8,1.3783051e-07
16353,8,1.3783544e-07
16354,7,1.2300514e-07
16355,8,8.4288259e-08
16356,8,1.3816038e-07
16357,8,1.3801288e-07
16358,7,1.2334145e-07
16359,8,8.3291218e-08
16360,7,1.232339e-07
16361,8,1.3785126e-07
16362,8,1.382052e-07
16363,8,8.436632e-08
16364,7,1.2288768e-07
16365,8,1.3702412e-07
16366,8,7.2541035e-08
16367,8,7.1813766e-08
16368,8,1.1773235e-07
16369,8,8.9361832e-08
16370,8,1.7271337e-07
16371,8,1.1826995e-07
16372,8,8.9057601e-08
16373,8,1.7261177e-07
16374,8,1.7045247e-07
16375,8,8.6916518e-08
16376,8,1.0673774e-07
16377,8,1.7525318e-07
16378,8,9.7093019e-08
16379,8,7.3101557e-08
16380,8,1.1972271e-07
16381,8,7.2815682e-08
16382,8,1.2242078e-07
16383,8,1.2965236e-07
16384,8,7.2841305e-08
16385,8,1.2498624e-07
16386,8,1.5152248e-07
16387,8,1.2277246e-07
16388,7,1.2997942e-07
16389,8,7.7051862e-08
16390,8,1.5110031e-07
16391,8,1.2581219e-07
16392,7,1.3089806e-07
16393,8,7.3337659e-08
16394,7,1.2737665e-07
16395,8,1.1921502e-07
16396,8,1.4993873e-07
16397,8,7.5636444e-08
16398,7,1.2808902e-07
16399,8,1.2023424e-07
16400,8,6.979092e-08
16401,8,1.1330599e-07
16402,8,6.8090279e-08
16403,8,1.1532087e-07
16404,7,1.3096296e-07
16405,8,1.2389158e-07
16406,7,1.2924122e-07
16407,8,1.5537856e-07
16408,7,1.3074807e-07
16409,8,1.239887e-07
16410,7,1.2913183e-07
16411,8,1.5729317e-07
16412,7,1.2938459e-07
16413,8,1.242049e-07
16414,7,1.3044798e-07
16415,8,1.5588479e-07
16416,7,1.2895783e-07
16417,8,1.2301859e-07
16418,8,1.1302731e-07
16419,8,7.0805638e-08
16420,8,1.1047765e-07
16421,8,1.3643263e-07
16422,8,6.2731526e-08
16423,8,1.5674197e-07
16424,8,1.303673e-07
16425,8,6.5288143e-08
16426,8,1.5754707e-07
16427,8,1.5780483e-07
16428,8,6.5107583e-08
16429,8,1.3875531e-07
16430,8,1.5859473e-07
16431,8,6.5118738e-08
16432,8,1.1259724e-07
16433,8,1.2059563e-07
16434,7,1.2351636e-07
16435,8,1.0435007e-07
16436,8,1.1260512e-07
16437,8,1.2022501e-07
16438,7,1.234011e-07
16439,8,1.0309466e-07
16440,7,1.2353576e-07
16441,8,1.2095968e-07
16442,8,1.1203e-07
16443,8,1.0261298e-07
16444,7,1.2353323e-07
16445,8,1.2085264e-07
16446,7,1.2752969e-07
16447,8,1.264767e-07
16448,7,1.2886725e-07
16449,8,1.2477881e-07
16450,7,1.2746375e-07
16451,8,1.2623595e-07
16452,7,1.2873704e-07
16453,8,1.2493837e-07
16454,7,1.2891121e-07
16455,8,1.2628786e-07
16456,7,1.276737e-07
16457,8,1.2503658e-07
16458,7,1.2899501e-07
16459,8,1.2651401e-07
16460,7,1.2877061e-07
16461,8,1.2498349e-07
16462,7,1.2745327e-07
16463,8,1.2607103e-07
16464,7,1.2867199e-07
16465,8,1.2506468e-07
16466,7,1.2745138e-07
16467,8,1.2655927e-07
16468,7,1.2780258e-07
16469,8,1.254606e-07
16470,7,1.2905545e-07
16471,8,1.2660451e-07
16472,7,1.2778895e-07
16473,8,1.2531782e-07
16474,7,1.229828e-07
16475,8,1.0287198e-07
16476,8,1.111107e-07
16477,8,1.1988998e-07
16478,7,1.2302332e-07
16479,8,1.0403494e-07
16480,8,1.1231425e-07
16481,8,1.2015591e-07
16482,8,1.1272238e-07
16483,8,1.0228035e-07
16484,7,1.2344772e-07
16485,8,1.2042613e-07
16486,8,1.1252464e-07
16487,8,1.0243162e-07
16488,8,1.5412043e-07
16489,8,1.407538e-07
16490,8,6.5363875e-08
16491,8,1.5959235e-07
16492,8,1.3783075e-07
16493,8,6.9166432e-08
16494,8,1.3245834e-07
16495,8,1.6135101e-07
16496,8,6.7991325e-08
16497,8,1.3456625e-07
16498,8,1.1233109e-07
16499,8,7.1189003e-08
16500,8,1.1162689e-07
16501,8,7.0856686e-08
16502,7,1.2952963e-07
16503,8,1.5775346e-07
16504,7,1.3135771e-07
16505,7,1.2348386e-07
16506,7,1.293723e-07
16507,8,1.5628237e-07
16508,7,1.3104022e-07
16509,8,1.2260195e-07
16510,7,1.3039255e-07
16511,8,1.5560982e-07
16512,7,1.285219e-07
16513,8,1.2220978e-07
16514,7,1.3041159e-07
16515,8,1.5557045e-07
16516,8,6.9902406e-08
16517,8,1.0963842e-07
16518,8,7.0491164e-08
16519,7,1.297535e-07
16520,8,7.7480847e-08
16521,8,1.5192514e-07
16522,8,1.2099573e-07
16523,7,1.2949885e-07
16524,8,7.7960816e-08
16525,8,1.5189408e-07
16526,8,1.2173733e-07
16527,8,1.5052722e-07
16528,8,7.5994404e-08
16529,7,1.2887359e-07
16530,8,1.2108441e-07
16531,8,1.5147642e-07
16532,8,7.7135327e-08
16533,8,1.2273564e-07
16534,8,7.2269508e-08
16535,8,1.2092602e-07
16536,8,7.1652717e-08
16537,8,7.2587161e-08
16538,8,1.2393011e-07
16539,8,7.2461714e-08
16540,8,1.7170764e-07
16541,8,1.2467066e-07
16542,8,8.8549037e-08
16543,8,1.7273505e-07
16544,8,1.2143441e-07
16545,8,8.9063674e-08
16546,8,1.1728595e-07
16547,8,1.7243392e-07
16548,8,8.5953723e-08
16549,8,1.2436499e-07
16550,8,7.0930546e-08
16551,8,7.1938115e-08
16552,7,1.2376777e-07
16553,8,8.3724394e-08
16554,8,1.3847545e-07
16555,8,1.3866305e-07
16556,7,1.2380774e-07
16557,8,8.4498702e-08
16558,8,1.3780712e-07
16559,8,1.3739635e-07
16560,8,1.3839416e-07
16561,8,8.4386629e-08
16562,7,1.2346521e-07
16563,8,1.375688e-07
16564,8,1.3831149e-07
16565,8,8.4032427e-08
16566,8,7.1085944e-08
16567,8,7.1673231e-08
16568,8,7.0549693e-08
16569,8,1.7034821e-07
16570,8,8.5239806e-08
16571,8,1.2363974e-07
16572,8,1.7156654e-07
16573,8,8.5897472e-08
16574,8,1.1919344e-07
16575,8,8.8377214e-08
16576,8,1.7118133e-07
16577,8,1.2183105e-07
16578,8,8.6062313e-08
16579,8,7.1746565e-08
16580,8,1.2618974e-07
16581,8,7.334668e-08
16582,8,1.2576548e-07
16583,7,1.2951641e-07
16584,8,7.5449909e-08
16585,8,1.2225608e-07
16586,8,1.5106688e-07
16587,7,1.2927091e-07
16588,8,7.5833184e-08
16589,8,1.2190421e-07
16590,7,1.2903155e-07
16591,8,1.5473527e-07
16592,7,1.2321601e-07
16593,7,1.3054937e-07
16594,7,1.290373e-07
16595,8,1.5544329e-07
16596,8,1.2330582e-07
16597,7,1.3129341e-07
16598,7,1.2434457e-07
16599,8,1.5675996e-07
16600,7,1.2956784e-07
16601,7,1.3090488e-07
16602,8,1.2407404e-07
16603,8,1.5600132e-07
16604,8,1.5263913e-07
16605,8,1.2191138e-07
16606,8,7.8846109e-08
16607,7,1.290535e-07
16608,8,1.5135862e-07
16609,8,1.2173913e-07
16610,8,7.7022505e-08
16611,8,7.3467289e-08
16612,8,1.2333285e-07
16613,8,7.3101155e-08
16614,8,1.1233336e-07
16615,8,6.9840231e-08
16616,8,1.1225038e-07
16617,8,1.5739347e-07
16618,8,6.5295581e-08
16619,8,1.3486795e-07
16620,8,1.5824827e-07
16621,8,6.4803596e-08
16622,7,1.2304851e-07
16623,8,1.0348667e-07
16624,8,1.199963e-07
16625,8,1.1254411e-07
16626,7,1.2324473e-07
16627,8,1.0433891e-07
16628,8,1.2011549e-07
16629,7,1.2870613e-07
16630,8,1.2511427e-07
16631,8,1.2620879e-07
16632,7,1.2739838e-07
16633,7,1.2870146e-07
16634,8,1.2477765e-07
16635,8,1.2622151e-07
16636,7,1.2732365e-07
16637,8,1.2622644e-07
16638,8,1.2481101e-07
16639,7,1.2869747e-07
16640,7,1.2740047e-07
16641,8,1.2622439e-07
16642,8,1.2484812e-07
16643,8,1.1171071e-07
16644,8,1.1965855e-07
16645,8,1.0318706e-07
16646,7,1.2320471e-07
16647,8,1.1309117e-07
16648,8,1.198412e-07
16649,8,1.0554345e-07
16650,8,1.3751074e-07
16651,8,6.3619675e-08
16652,8,1.5945575e-07
16653,8,1.3403521e-07
16654,8,6.4925572e-08
16655,8,6.9992323e-08
16656,8,1.1321966e-07
16657,8,6.9739854e-08
16658,11,7.0353443e-08
16659,11,1.1305651e-07
16660,11,6.9011447e-08
16661,11,1.1280765e-07
16662,11,6.4449654e-08
16663,11,1.3487675e-07
16664,11,1.5784993e-07
16665,11,6.6465925e-08
16666,11,1.315443e-07
16667,11,1.6037342e-07
16668,11,1.2015496e-07
16669,11,1.1243578e-07
16670,10,1.2318314e-07
16671,11,1.0441596e-07
16672,11,1.1975061e-07
16673,11,1.1284001e-07
16674,10,1.2311372e-07
16675,11,1.2624481e-07
16676,10,1.2753605e-07
16677,10,1.2879294e-07
16678,11,1.2498859e-07
16679,11,1.2621701e-07
16680,10,1.274637e-07
16681,10,1.2876783e-07
16682,11,1.2501011e-07
16683,10,1.288768e-07
16684,10,1.2751919e-07
16685,11,1.2652538e-07
16686,11,1.2492477e-07
16687,10,1.2887605e-07
16688,10,1.275103e-07
16689,11,1.0513001e-07
16690,10,1.2318676e-07
16691,11,1.129298e-07
16692,11,1.2018864e-07
16693,11,1.0476462e-07
16694,10,1.2334834e-07
16695,11,1.1288315e-07
16696,11,1.5893378e-07
16697,11,1.3407139e-07
16698,11,6.5023496e-08
16699,11,1.59175e-07
16700,11,1.3577261e-07
16701,11,1.1413978e-07
16702,11,7.0318102e-08
16703,11,1.102997e-07
16704,11,6.9004648e-08
16705,11,7.2634327e-08
16706,11,1.2517631e-07
16707,11,7.2098544e-08
16708,11,1.246813e-07
16709,11,1.2016837e-07
16710,11,1.5031478e-07
16711,10,1.2874236e-07
16712,11,7.6608013e-08
16713,11,1.2445944e-07
16714,11,1.5192532e-07
16715,10,1.3023908e-07
16716,11,1.2389871e-07
16717,10,1.3111022e-07
16718,10,1.2935404e-07
16719,11,1.5637038e-07
16720,11,1.2347148e-07
16721,10,1.3099165e-07
16722,10,1.2912661e-07
16723,11,1.5703303e-07
16724,10,1.2935445e-07
16725,10,1.3096517e-07
16726,11,1.2264499e-07
16727,11,1.5528971e-07
16728,10,1.2882025e-07
16729,10,1.3053089e-07
16730,11,7.503306e-08
16731,10,1.2828819e-07
16732,11,1.5068879e-07
16733,11,1.2301094e-07
16734,11,7.6307593e-08
16735,10,1.2940433e-07
16736,11,1.513581e-07
16737,11,1.2776469e-07
16738,11,7.3063689e-08
16739,11,1.2511695e-07
16740,11,7.2936486e-08
16741,11,7.1404178e-08
16742,11,7.0911365e-08
16743,11,8.6003249e-08
16744,11,1.2171044e-07
16745,11,1.7119129e-07
16746,11,9.0287206e-08
16747,11,1.1657076e-07
16748,11,1.7284532e-07
16749,11,1.7190354e-07
16750,11,1.1418029e-07
16751,11,9.1428239e-08
16752,11,1.7464322e-07
16753,11,1.1484466e-07
16754,11,7.1827458e-08
16755,11,7.1472648e-08
16756,11,7.1457271e-08
16757,11,7.1393006e-08
16758,11,1.3875052e-07
16759,11,1.3786109e-07
16760,10,1.2348993e-07
16761,11,8.4622721e-08
16762,11,1.3820985e-07
16763,11,1.3749444e-07
16764,10,1.2324734e-07
16765,11,8.3569088e-08
16766,10,1.2272083e-07
16767,11,1.3659863e-07
16768,11,1.3819479e-07
16769,11,8.4193954e-08
16770,10,1.2298425e-07
16771,11,1.3737478e-07
16772,11,7.1712133e-08
16773,11,7.1472036e-08
16774,11,1.1684336e-07
16775,11,8.9554751e-08
16776,11,1.7217433e-07
16777,11,1.1417253e-07
16778,11,9.1110511e-08
16779,11,1.7298766e-07
16780,11,1.753779e-07
16781,11,9.5795297e-08
16782,11,1.1594684e-07
16783,11,1.7267312e-07
16784,11,9.0145102e-08
16785,11,7.2946436e-08
16786,11,1.2208214e-07
16787,11,7.2802961e-08
16788,11,1.204693e-07
16789,11,1.2509526e-07
16790,11,7.3256219e-08
16791,11,1.2171775e-07
16792,11,1.525004e-07
16793,11,1.2633443e-07
16794,10,1.3138345e-07
16795,11,7.78199e-08
16796,11,1.5174598e-07
16797,11,1.2590505e-07
16798,10,1.3109785e-07
16799,11,7.7413524e-08
16800,10,1.2933486e-07
16801,11,1.2178075e-07
16802,11,1.5221441e-07
16803,11,7.8358231e-08
16804,10,1.3000899e-07
16805,11,1.2338502e-07
16806,11,6.6887796e-08
16807,11,1.1118184e-07
16808,11,6.8551113e-08
16809,11,1.1088027e-07
16810,10,1.3035214e-07
16811,11,1.2234457e-07
16812,10,1.2864223e-07
16813,11,1.5580973e-07
16814,10,1.3083963e-07
16815,11,1.2256064e-07
16816,10,1.2872075e-07
16817,11,1.5513043e-07
16818,10,1.2869358e-07
16819,11,1.2262344e-07
16820,10,1.3030154e-07
16821,11,1.5474065e-07
16822,10,1.2861716e-07
16823,11,1.2255141e-07
16824,11,1.1108246e-07
16825,11,6.8936396e-08
16826,11,1.1112681e-07
16827,11,1.3267351e-07
16828,11,6.5927375e-08
16829,11,1.5965507e-07
16830,11,1.3655847e-07
16831,11,6.4698778e-08
16832,11,1.5951687e-07
16833,11,1.587229e-07
16834,11,6.633186e-08
16835,11,1.3898924e-07
16836,11,1.5957916e-07
16837,11,6.5041738e-08
16838,11,1.1300472e-07
16839,11,1.2012231e-07
16840,10,1.2343155e-07
16841,11,1.04666e-07
16842,11,1.1292127e-07
16843,11,1.203005e-07
16844,10,1.2345668e-07
16845,11,1.0327415e-07
16846,10,1.2357606e-07
16847,11,1.208596e-07
16848,11,1.1200801e-07
16849,11,1.0246668e-07
16850,10,1.2338144e-07
16851,11,1.2041375e-07
16852,10,1.2748633e-07
16853,11,1.2612252e-07
16854,10,1.2869089e-07
16855,11,1.2495891e-07
16856,10,1.2753907e-07
16857,11,1.2624481e-07
16858,10,1.2876382e-07
16859,11,1.2521415e-07
16860,10,1.290055e-07
16861,11,1.2646634e-07
16862,10,1.2773287e-07
16863,11,1.2520634e-07
16864,10,1.290276e-07
16865,11,1.265291e-07
16866,10,1.2866458e-07
16867,11,1.2509669e-07
16868,10,1.2744075e-07
16869,11,1.262455e-07
16870,10,1.2875397e-07
16871,11,1.2485886e-07
16872,10,1.2746019e-07
16873,11,1.2648126e-07
16874,10,1.2774218e-07
16875,11,1.2529925e-07
16876,10,1.2901487e-07
16877,11,1.2648657e-07
16878,10,1.2774639e-07
16879,11,1.2539647e-07
16880,10,1.2292661e-07
16881,11,1.0304046e-07
16882,11,1.1195586e-07
16883,11,1.2017303e-07
16884,10,1.2331412e-07
16885,11,1.0547257e-07
16886,11,1.128069e-07
16887,11,1.2007031e-07
16888,11,1.1223432e-07
16889,11,1.0332529e-07
16890,10,1.2321563e-07
16891,11,1.2027365e-07
16892,11,1.11933e-07
16893,11,1.0348102e-07
16894,11,1.5686074e-07
16895,11,1.3380512e-07
16896,11,6.4046348e-08
16897,11,1.5775424e-07
16898,11,1.3432146e-07
16899,11,6.5494053e-08
16900,11,1.3704367e-07
16901,11,1.5741971e-07
16902,11,6.4449528e-08
16903,11,1.340044e-07
16904,11,1.1128467e-07
16905,11,6.8725225e-08
16906,11,1.1247443e-07
16907,11,7.0216047e-08
16908,10,1.2920096e-07
16909,11,1.5549164e-07
16910,10,1.309512e-07
16911,11,1.2376647e-07
16912,10,1.2942619e-07
16913,11,1.5727139e-07
16914,10,1.3127276e-07
16915,11,1.2266292e-07
16916,10,1.3046606e-07
16917,11,1.5533165e-07
16918,10,1.2899284e-07
16919,11,1.2328623e-07
16920,10,1.3042039e-07
16921,11,1.5505539e-07
16922,11,6.96552e-08
16923,11,1.1261389e-07
16924,11,6.8570667e-08
16925,10,1.3043724e-07
16926,11,7.7958626e-08
16927,11,1.5317475e-07
16928,11,1.2354519e-07
16929,10,1.2989339e-07
16930,11,7.6876818e-08
16931,11,1.5081012e-07
16932,11,1.2252724e-07
16933,11,1.5147425e-07
16934,11,7.6434263e-08
16935,10,1.3039452e-07
16936,11,1.2606981e-07
16937,11,1.5131779e-07
16938,11,7.5088004e-08
16939,11,1.2217764e-07
16940,11,7.3196855e-08
16941,11,1.2265722e-07
16942,11,7.3350313e-08
16943,11,7.2942215e-08
16944,11,1.2856335e-07
16945,11,7.2063758e-08
16946,11,1.7276522e-07
16947,11,1.1646734e-07
16948,11,8.9768146e-08
16949,11,1.7232291e-07
16950,11,1.159357e-07
16951,11,8.8745336e-08
16952,11,1.1816305e-07
16953,11,1.7474573e-07
16954,11,9.3600117e-08
16955,11,1.1323144e-07
16956,11,7.2157538e-08
16957,11,7.1941453e-08
16958,10,1.2353375e-07
16959,11,8.4200088e-08
16960,11,1.3759167e-07
16961,11,1.3780892e-07
16962,10,1.2328688e-07
16963,11,8.3188894e-08
16964,11,1.3757013e-07
16965,11,1.3757423e-07
16966,11,1.3779092e-07
16967,11,8.3012015e-08
16968,10,1.2283659e-07
16969,11,1.3672889e-07
16970,11,1.3788344e-07
16971,11,8.3006213e-08
16972,11,7.1338164e-08
16973,11,7.056632e-08
16974,11,7.1285674e-08
16975,11,1.717227e-07
16976,11,8.7331074e-08
16977,11,1.2421622e-07
16978,11,1.7333145e-07
16979,11,8.71937e-08
16980,11,1.2099185e-07
16981,11,8.7322109e-08
16982,11,1.7513226e-07
16983,11,1.1572699e-07
16984,11,9.2534364e-08
16985,11,7.2339488e-08
16986,11,1.2416614e-07
16987,11,7.2237053e-08
16988,11,1.1946324e-07
16989,10,1.2964866e-07
16990,11,7.7137909e-08
16991,11,1.2205369e-07
16992,11,1.5227413e-07
16993,10,1.310268e-07
16994,11,7.9248353e-08
16995,11,1.2530663e-07
16996,10,1.2927562e-07
16997,11,1.5519721e-07
16998,11,1.2380221e-07
16999,10,1.311428e-07
17000,10,1.2970209e-07
17001,11,1.5604689e-07
17002,11,1.2460384e-07
17003,10,1.3099007e-07
17004,11,1.2403052e-07
17005,11,1.571933e-07
17006,10,1.2911937e-07
17007,10,1.3058417e-07
17008,11,1.2373719e-07
17009,11,1.5633878e-07
17010,11,1.5063595e-07
17011,11,1.1894862e-07
17012,11,7.5002444e-08
17013,10,1.2768731e-07
17014,11,1.4850318e-07
17015,11,1.1973761e-07
17016,11,7.2933436e-08
17017,11,7.2913208e-08
17018,11,1.29656e-07
17019,11,7.2243749e-08
17020,11,1.1357362e-07
17021,11,6.8212512e-08
17022,11,1.1529269e-07
17023,11,1.590104e-07
17024,11,6.5305627e-08
17025,11,1.3304394e-07
17026,11,1.5967635e-07
17027,11,6.6284918e-08
17028,10,1.2334438e-07
17029,11,1.0484203e-07
17030,11,1.2043267e-07
17031,11,1.1168915e-07
17032,10,1.2302541e-07
17033,11,1.0180431e-07
17034,11,1.2025688e-07
17035,10,1.2873716e-07
17036,11,1.2480091e-07
17037,11,1.2631452e-07
17038,10,1.274892e-07
17039,10,1.2869645e-07
17040,11,1.2522535e-07
17041,11,1.2616663e-07
17042,10,1.2744249e-07
17043,11,1.2619838e-07
17044,11,1.249404e-07
17045,10,1.286962e-07
17046,10,1.2743089e-07
17047,11,1.2616065e-07
17048,11,1.2490433e-07
17049,11,1.127364e-07
17050,11,1.1983687e-07
17051,11,1.0396083e-07
17052,10,1.2324258e-07
17053,11,1.124728e-07
17054,11,1.2002368e-07
17055,11,1.0408716e-07
17056,11,1.3362894e-07
17057,11,6.4908989e-08
17058,11,1.5796677e-07
17059,11,1.3606397e-07
17060,11,6.4389076e-08
17061,11,7.0751906e-08
17062,11,1.1291976e-07
17063,11,7.0147743e-08
17064,11,6.6848593e-08
17065,11,1.1109215e-07
17066,11,6.8380966e-08
17067,11,1.1170724e-07
17068,11,6.4650537e-08
17069,11,1.3679964e-07
17070,11,1.5882207e-07
17071,11,6.5511609e-08
17072,11,1.3921036e-07
17073,11,1.5983396e-07
17074,11,1.1946929e-07
17075,11,1.119103e-07
17076,10,1.228062e-07
17077,11,1.0135264e-07
17078,11,1.1930198e-07
17079,11,1.1144848e-07
17080,10,1.2262959e-07
17081,11,1.2630603e-07
17082,10,1.2736155e-07
17083,10,1.2876245e-07
17084,11,1.2486031e-07
17085,11,1.2650554e-07
17086,10,1.2732097e-07
17087,10,1.2879839e-07
17088,11,1.2472995e-07
17089,10,1.2883287e-07
17090,10,1.2742336e-07
17091,11,1.264198e-07
17092,11,1.2490699e-07
17093,10,1.2881806e-07
17094,10,1.2745157e-07
17095,11,1.0211602e-07
17096,10,1.2324964e-07
17097,11,1.1227645e-07
17098,11,1.1977136e-07
17099,11,1.0341495e-07
17100,10,1.2315429e-07
17101,11,1.1253556e-07
17102,11,1.6038649e-07
17103,11,1.3537363e-07
17104,11,6.6541722e-08
17105,11,1.5939272e-07
17106,11,1.3184362e-07
17107,11,1.1057456e-07
17108,11,6.8647326e-08
17109,11,1.1232837e-07
17110,11,6.902488e-08
17111,11,7.179064e-08
17112,11,1.2409923e-07
17113,11,7.2872972e-08
17114,11,1.277327e-07
17115,11,1.2626915e-07
17116,11,1.5082297e-07
17117,10,1.3057852e-07
17118,11,7.5371848e-08
17119,11,1.2426042e-07
17120,11,1.5140159e-07
17121,10,1.2982133e-07
17122,11,1.2249879e-07
17123,10,1.301776e-07
17124,10,1.2877743e-07
17125,11,1.5509299e-07
17126,11,1.2299862e-07
17127,10,1.3051534e-07
17128,10,1.2894652e-07
17129,11,1.5522892e-07
17130,10,1.2871246e-07
17131,10,1.3045001e-07
17132,11,1.231154e-07
17133,11,1.5560418e-07
17134,10,1.2887915e-07
17135,10,1.3066036e-07
17136,11,7.5367679e-08
17137,10,1.2968676e-07
17138,11,1.496248e-07
17139,11,1.2323054e-07
17140,11,7.400736e-08
17141,10,1.2949782e-07
17142,11,1.5032734e-07
17143,11,1.2416012e-07
17144,11,7.3027741e-08
17145,11,1.2912384e-07
17146,11,7.2017861e-08
17147,11,7.0582767e-08
17148,11,7.1459411e-08
17149,11,9.4096334e-08
17150,11,1.1341768e-07
17151,11,1.7568388e-07
17152,11,8.8620179e-08
17153,11,1.175115e-07
17154,11,1.719103e-07
17155,11,1.7374839e-07
17156,11,1.1328581e-07
17157,11,9.4236418e-08
17158,11,1.7482925e-07
17159,11,1.10957e-07
17160,11,7.1507799e-08
17161,11,7.2212747e-08
17162,11,7.1949245e-08
17163,11,7.2593327e-08
17164,11,1.3799926e-07
17165,11,1.3781538e-07
17166,10,1.2326707e-07
17167,11,8.3883662e-08
17168,11,1.3803936e-07
17169,11,1.3834739e-07
17170,10,1.2345549e-07
17171,11,8.4807918e-08
17172,10,1.2310385e-07
17173,11,1.3731887e-07
17174,11,1.387185e-07
17175,11,8.4405231e-08
17176,10,1.2310932e-07
17177,11,1.370142e-07
17178,11,7.0646447e-08
17179,11,7.1271168e-08
17180,11,1.1326127e-07
17181,11,9.3143197e-08
17182,11,1.7406973e-07
17183,11,1.2044793e-07
17184,11,8.8505213e-08
17185,11,1.7301925e-07
17186,11,1.721686e-07
17187,11,8.7860071e-08
17188,11,1.1874616e-07
17189,11,1.7435195e-07
17190,11,9.0503331e-08
17191,11,7.2581732e-08
17192,11,1.2199145e-07
17193,11,7.2302825e-08
17194,11,1.2398242e-07
17195,11,1.2208516e-07
17196,11,7.2225964e-08
17197,11,1.2270777e-07
17198,11,1.5283624e-07
17199,11,1.2428496e-07
17200,10,1.305399e-07
17201,11,7.6040226e-08
17202,11,1.507242e-07
17203,11,1.2325146e-07
17204,10,1.2978879e-07
17205,11,7.7308775e-08
17206,10,1.2988435e-07
17207,11,1.2349047e-07
17208,11,1.5197489e-07
17209,11,7.7536112e-08
17210,10,1.302097e-07
17211,11,1.2431736e-07
17212,11,6.933044e-08
17213,11,1.1115057e-07
17214,11,6.9845471e-08
17215,11,1.1117701e-07
17216,10,1.3061015e-07
17217,11,1.2264024e-07
17218,10,1.2873165e-07
17219,11,1.5558723e-07
17220,10,1.3063823e-07
17221,11,1.2277834e-07
17222,10,1.2879775e-07
17223,11,1.5477096e-07
17224,10,1.2847066e-07
17225,11,1.2216621e-07
17226,10,1.3025916e-07
17227,11,1.5446162e-07
17228,10,1.2842354e-07
17229,11,1.2204016e-07
17230,11,1.1007461e-07
17231,11,6.8577858e-08
17232,11,1.0979968e-07
17233,11,1.3532011e-07
17234,11,6.6214258e-08
17235,11,1.6037126e-07
17236,11,1.3397548e-07
17237,11,6.6066552e-08
17238,11,1.6007625e-07
17239,11,1.5856976e-07
17240,11,6.5352315e-08
17241,11,1.3558897e-07
17242,11,1.5908461e-07
17243,11,6.5441434e-08
17244,11,1.124217e-07
17245,11,1.1999817e-07
17246,10,1.2330072e-07
17247,11,1.0334402e-07
17248,11,1.1262e-07
17249,11,1.2010531e-07
17250,10,1.2332598e-07
17251,11,1.0242655e-07
17252,10,1.233747e-07
17253,11,1.2029749e-07
17254,11,1.1285611e-07
17255,11,1.0422473e-07
17256,10,1.2359686e-07
17257,11,1.2024041e-07
17258,10,1.2753846e-07
17259,11,1.2640674e-07
17260,10,1.2885326e-07
17261,11,1.2495331e-07
17262,10,1.2756245e-07
17263,11,1.2642305e-07
17264,10,1.288964e-07
17265,11,1.252573e-07
17266,10,1.2905079e-07
17267,11,1.2655829e-07
17268,10,1.2778122e-07
17269,11,1.2514289e-07
17270,10,1.291035e-07
17271,11,1.2666887e-07
17272,10,1.2887058e-07
17273,11,1.2487148e-07
17274,10,1.27521e-07
17275,11,1.2636192e-07
17276,10,1.2888641e-07
17277,11,1.2502444e-07
17278,10,1.2759621e-07
17279,11,1.2653898e-07
17280,10,1.2772213e-07
17281,11,1.2535936e-07
17282,10,1.2903337e-07
17283,11,1.2655233e-07
17284,10,1.2775103e-07
17285,11,1.2539545e-07
17286,10,1.2345143e-07
17287,11,1.0552387e-07
17288,11,1.1263768e-07
17289,11,1.2019325e-07
17290,10,1.2335115e-07
17291,11,1.0502161e-07
17292,11,1.1237447e-07
17293,11,1.2014497e-07
17294,11,1.1137069e-07
17295,11,1.0134679e-07
17296,10,1.2316085e-07
17297,11,1.2012362e-07
17298,11,1.119501e-07
17299,11,1.0289604e-07
17300,11,1.5599112e-07
17301,11,1.352139e-07
17302,11,6.2035689e-08
17303,11,1.5589809e-07
17304,11,1.3612055e-07
17305,11,6.439585e-08
17306,11,1.3595072e-07
17307,11,1.5862054e-07
17308,11,6.4215512e-08
17309,11,1.3665152e-07
17310,11,1.1347504e-07
17311,11,6.953263e-08
17312,11,1.1581139e-07
17313,11,7.0365677e-08
17314,10,1.2955228e-07
17315,11,1.5579437e-07
17316,10,1.309207e-07
17317,11,1.2510317e-07
17318,10,1.2983785e-07
17319,11,1.5685353e-07
17320,10,1.3111954e-07
17321,11,1.2406299e-07
17322,10,1.305831e-07
17323,11,1.5569303e-07
17324,10,1.2946742e-07
17325,11,1.2439484e-07
17326,10,1.3106209e-07
17327,11,1.5718028e-07
17328,11,6.9732814e-08
17329,11,1.1378219e-07
17330,11,7.1355977e-08
17331,10,1.2941932e-07
17332,11,7.5427236e-08
17333,11,1.5071578e-07
17334,11,1.2243973e-07
17335,10,1.2950146e-07
17336,11,7.7328401e-08
17337,11,1.512539e-07
17338,11,1.2210002e-07
17339,11,1.4929328e-07
17340,11,7.5756817e-08
17341,10,1.2860108e-07
17342,11,1.1934751e-07
17343,11,1.5307795e-07
17344,11,7.8316746e-08
17345,11,1.2704409e-07
17346,11,7.3106748e-08
17347,11,1.2290231e-07
17348,11,7.3444873e-08
17349,11,7.1712829e-08
17350,11,1.2348902e-07
17351,11,7.2363874e-08
17352,11,1.7415138e-07
17353,11,1.1751157e-07
17354,11,9.0087081e-08
17355,11,1.7211673e-07
17356,11,1.1597505e-07
17357,11,9.2442825e-08
17358,11,1.1731645e-07
17359,11,1.744083e-07
17360,11,9.2086436e-08
17361,11,1.1625064e-07
17362,11,7.2779734e-08
17363,11,7.1919155e-08
17364,10,1.2304978e-07
17365,11,8.233306e-08
17366,11,1.3746588e-07
17367,11,1.3729617e-07
17368,10,1.2292454e-07
17369,11,8.2606652e-08
17370,11,1.3746563e-07
17371,11,1.3675207e-07
17372,11,1.377875e-07
17373,11,8.2826724e-08
17374,10,1.2274827e-07
17375,11,1.3767436e-07
17376,11,1.3708765e-07
17377,11,8.3505472e-08
17378,11,7.1899439e-08
17379,11,7.2147805e-08
17380,11,7.2326923e-08
17381,11,1.7104414e-07
17382,11,8.7457394e-08
17383,11,1.1341491e-07
17384,11,1.7256627e-07
17385,11,9.0624623e-08
17386,11,1.1219853e-07
17387,11,9.3370522e-08
17388,11,1.7406186e-07
17389,11,1.1156142e-07
17390,11,9.3447737e-08
17391,11,7.1209007e-08
17392,11,1.2118148e-07
17393,11,7.4437628e-08
17394,11,1.2241284e-07
17395,10,1.3143473e-07
17396,11,7.9562585e-08
17397,11,1.2558467e-07
17398,11,1.5195338e-07
17399,10,1.2968148e-07
17400,11,7.769646e-08
17401,11,1.2118393e-07
17402,10,1.2980701e-07
17403,11,1.5564545e-07
17404,11,1.2446588e-07
17405,10,1.3119981e-07
17406,10,1.2966678e-07
17407,11,1.5611922e-07
17408,10,1.2401019e-07
17409,10,1.3022296e-07
17410,11,1.2293239e-07
17411,11,1.5439365e-07
17412,10,1.2870152e-07
17413,10,1.3065176e-07
17414,11,1.2295244e-07
17415,11,1.556872e-07
17416,11,1.5046759e-07
17417,11,1.2196576e-07
17418,11,7.4484928e-08
17419,10,1.3036099e-07
17420,11,1.510675e-07
17421,11,1.2520348e-07
17422,11,7.7025851e-08
17423,11,7.1683998e-08
17424,11,1.2204768e-07
17425,11,7.2607259e-08
17426,11,1.1436467e-07
17427,11,6.9738629e-08
17428,11,1.126999e-07
17429,11,1.5636635e-07
17430,11,6.3207488e-08
17431,11,1.3797359e-07
17432,11,1.5644036e-07
17433,11,6.4005668e-08
17434,10,1.2258811e-07
17435,11,1.0076549e-07
17436,11,1.196537e-07
17437,11,1.1156198e-07
17438,10,1.2258642e-07
17439,11,1.0320228e-07
17440,11,1.1924082e-07
17441,10,1.286535e-07
17442,11,1.2497108e-07
17443,11,1.2611627e-07
17444,10,1.2729133e-07
17445,10,1.2868658e-07
17446,11,1.2491002e-07
17447,11,1.2626431e-07
17448,10,1.2739155e-07
17449,11,1.2633907e-07
17450,11,1.2468294e-07
17451,10,1.2874489e-07
17452,10,1.274094e-07
17453,11,1.2634236e-07
17454,11,1.2466118e-07
17455,11,1.126017e-07
17456,11,1.2018753e-07
17457,11,1.0384452e-07
17458,10,1.2349589e-07
17459,11,1.1368304e-07
17460,11,1.2013047e-07
17461,11,1.0647926e-07
17462,11,1.3516062e-07
17463,11,6.4693571e-08
17464,11,1.5943799e-07
17465,11,1.2941445e-07
17466,11,6.593994e-08
17467,11,6.8521437e-08
17468,11,1.1251833e-07
17469,11,6.8595354e-08
17470,11,7.0545698e-08
17471,11,1.1084589e-07
17472,11,7.1031439e-08
17473,11,1.1193039e-07
17474,11,6.7589339e-08
17475,11,1.3337454e-07
17476,11,1.602018e-07
17477,11,6.7051698e-08
17478,11,1.3547695e-07
17479,11,1.6078246e-07
17480,11,1.1991684e-07
17481,11,1.1135051e-07
17482,10,1.2281846e-07
17483,11,1.0116822e-07
17484,11,1.2068863e-07
17485,11,1.1163051e-07
17486,10,1.2313578e-07
17487,11,1.2619879e-07
17488,10,1.2734465e-07
17489,10,1.2870904e-07
17490,11,1.2488314e-07
17491,11,1.2622117e-07
17492,10,1.2739481e-07
17493,10,1.2871111e-07
17494,11,1.2503765e-07
17495,10,1.2874318e-07
17496,10,1.2748888e-07
17497,11,1.2632182e-07
17498,11,1.2504844e-07
17499,10,1.2875509e-07
17500,10,1.2749724e-07
17501,11,1.0294835e-07
17502,10,1.2315571e-07
17503,11,1.1246476e-07
17504,11,1.1977935e-07
17505,11,1.0346403e-07
17506,10,1.2316541e-07
17507,11,1.1269659e-07
17508,11,1.5969921e-07
17509,11,1.3043646e-07
17510,11,6.7104935e-08
17511,11,1.6074298e-07
17512,11,1.3119241e-07
17513,11,1.1319447e-07
17514,11,6.9592727e-08
17515,11,1.135938e-07
17516,11,6.9308934e-08
17517,11,7.3277346e-08
17518,11,1.2949615e-07
17519,11,7.3211892e-08
17520,11,1.2764198e-07
17521,11,1.2007401e-07
17522,11,1.4898994e-07
17523,10,1.2811924e-07
17524,11,7.4674535e-08
17525,11,1.2161101e-07
17526,11,1.5002764e-07
17527,10,1.2851065e-07
17528,11,1.2309332e-07
17529,10,1.3080031e-07
17530,10,1.2904948e-07
17531,11,1.5762883e-07
17532,11,1.2375374e-07
17533,10,1.3107147e-07
17534,10,1.2935228e-07
17535,11,1.5623159e-07
17536,10,1.2909932e-07
17537,10,1.3097403e-07
17538,11,1.2383749e-07
17539,11,1.5638811e-07
17540,10,1.2922797e-07
17541,10,1.3107978e-07
17542,11,7.6403576e-08
17543,10,1.2978443e-07
17544,11,1.5197002e-07
17545,11,1.2338763e-07
17546,11,7.6739507e-08
17547,10,1.2997631e-07
17548,11,1.5152777e-07
17549,11,1.2514214e-07
17550,11,7.236897e-08
17551,11,1.2328556e-07
17552,11,7.2172064e-08
17553,11,7.0666335e-08
17554,11,7.041407e-08
17555,11,8.784901e-08
17556,11,1.1886268e-07
17557,11,1.7241604e-07
17558,11,8.9174156e-08
17559,11,1.1836696e-07
17560,11,1.735128e-07
17561,11,1.7411736e-07
17562,11,1.1459981e-07
17563,11,9.1381774e-08
17564,11,1.717388e-07
17565,11,1.1244723e-07
17566,11,7.2299373e-08
17567,11,7.2198337e-08
17568,11,7.2222623e-08
17569,11,7.254313e-08
17570,11,1.3728054e-07
17571,11,1.3771696e-07
17572,10,1.2323565e-07
17573,11,8.3533675e-08
17574,11,1.3752773e-07
17575,11,1.3805021e-07
17576,10,1.2329276e-07
17577,11,8.4185379e-08
17578,10,1.2315388e-07
17579,11,1.3732235e-07
17580,11,1.3837198e-07
17581,11,8.3836119e-08
17582,10,1.2288593e-07
17583,11,1.3714734e-07
17584,11,7.13989e-08
17585,11,7.183123e-08
17586,11,1.2072517e-07
17587,11,8.7440898e-08
17588,11,1.7207987e-07
17589,11,1.1753208e-07
17590,11,9.0838072e-08
17591,11,1.7403957e-07
17592,11,1.749051e-07
17593,11,9.0957331e-08
17594,11,1.1018514e-07
17595,11,1.6854078e-07
17596,11,9.0104421e-08
17597,11,7.3064822e-08
17598,11,1.2183198e-07
17599,11,7.3107923e-08
17600,11,1.2322344e-07
17601,11,1.2269413e-07
17602,11,7.3068992e-08
17603,11,1.2443187e-07
17604,11,1.5226364e-07
17605,11,1.2234572e-07
17606,10,1.2967017e-07
17607,11,7.7659854e-08
17608,11,1.5186214e-07
17609,11,1.2247785e-07
17610,10,1.2964223e-07
17611,11,7.7910982e-08
17612,10,1.296847e-07
17613,11,1.2231605e-07
17614,11,1.5178851e-07
17615,11,7.7101476e-08
17616,10,1.2916952e-07
17617,11,1.2161505e-07
17618,11,7.0495265e-08
17619,11,1.1142655e-07
17620,11,7.047849e-08
17621,11,1.1204361e-07
17622,10,1.3084798e-07
17623,11,1.230595e-07
17624,10,1.2892385e-07
17625,11,1.5668346e-07
17626,10,1.3091078e-07
17627,11,1.2322465e-07
17628,10,1.2891669e-07
17629,11,1.562031e-07
17630,10,1.2872077e-07
17631,11,1.2323054e-07
17632,10,1.3058359e-07
17633,11,1.5587601e-07
17634,10,1.2876561e-07
17635,11,1.2346242e-07
17636,11,1.1286731e-07
17637,11,7.0002232e-08
17638,11,1.1357537e-07
17639,11,1.3529514e-07
17640,11,6.4143874e-08
17641,11,1.5785175e-07
17642,11,1.3524482e-07
17643,11,6.5165113e-08
17644,11,1.58358e-07
17645,11,1.5898368e-07
17646,11,6.5032196e-08
17647,11,1.2646075e-07
17648,11,1.5975633e-07
17649,11,6.638051e-08
17650,11,1.1277223e-07
17651,11,1.200589e-07
17652,10,1.233147e-07
17653,11,1.0539427e-07
17654,11,1.1307462e-07
17655,11,1.196499e-07
17656,10,1.2322257e-07
17657,11,1.0627536e-07
17658,10,1.2394766e-07
17659,11,1.2059399e-07
17660,11,1.1409774e-07
17661,11,1.0677014e-07
17662,10,1.2413576e-07
17663,11,1.2078219e-07
17664,10,1.276245e-07
17665,11,1.2648672e-07
17666,10,1.2894124e-07
17667,11,1.2514011e-07
17668,10,1.2761282e-07
17669,11,1.2649186e-07
17670,10,1.2894795e-07
17671,11,1.2527468e-07
17672,10,1.2910614e-07
17673,11,1.2662144e-07
17674,10,1.279344e-07
17675,11,1.2532075e-07
17676,10,1.2903669e-07
17677,11,1.2638312e-07
17678,10,1.289221e-07
17679,11,1.2517838e-07
17680,10,1.2771206e-07
17681,11,1.2632188e-07
17682,10,1.289347e-07
17683,11,1.2552396e-07
17684,10,1.2784304e-07
17685,11,1.26315e-07
17686,10,1.2777356e-07
17687,11,1.2541485e-07
17688,10,1.2898488e-07
17689,11,1.2637894e-07
17690,10,1.2773785e-07
17691,11,1.2525448e-07
17692,10,1.2354313e-07
17693,11,1.0447743e-07
17694,11,1.1255279e-07
17695,11,1.205303e-07
17696,10,1.2353628e-07
17697,11,1.0376538e-07
17698,11,1.1275586e-07
17699,11,1.2007317e-07
17700,11,1.126656e-07
17701,11,1.0494959e-07
17702,10,1.234026e-07
17703,11,1.2000297e-07
17704,11,1.1284488e-07
17705,11,1.0472849e-07
17706,11,1.577117e-07
17707,11,1.3349009e-07
17708,11,6.6069127e-08
17709,11,1.5982142e-07
17710,11,1.3289735e-07
17711,11,6.3732999e-08
17712,11,1.33268e-07
17713,11,1.5825022e-07
17714,11,6.5502514e-08
17715,11,1.3128806e-07
17716,11,1.1432868e-07
17717,11,7.0051854e-08
17718,11,1.1151452e-07
17719,11,7.0545463e-08
17720,10,1.2959201e-07
17721,11,1.5620061e-07
17722,10,1.3095304e-07
17723,11,1.2343923e-07
17724,10,1.2924725e-07
17725,11,1.5654466e-07
17726,10,1.3084695e-07
17727,11,1.238029e-07
17728,10,1.3062819e-07
17729,11,1.5576962e-07
17730,10,1.2897436e-07
17731,11,1.235929e-07
17732,10,1.3041203e-07
17733,11,1.5534299e-07
17734,11,7.0341893e-08
17735,11,1.1362614e-07
17736,11,6.9248001e-08
17737,10,1.295044e-07
17738,11,7.8965981e-08
17739,11,1.5235548e-07
17740,11,1.2194148e-07
17741,10,1.2907831e-07
17742,11,7.688064e-08
17743,11,1.5102809e-07
17744,11,1.2070606e-07
17745,11,1.5103049e-07
17746,11,7.647249e-08
17747,10,1.2901839e-07
17748,11,1.2204912e-07
17749,11,1.5044866e-07
17750,11,7.5600715e-08
17751,11,1.2018735e-07
17752,11,7.2875981e-08
17753,11,1.2421263e-07
17754,11,7.2851033e-08
17755,11,7.29694e-08
17756,11,1.2642368e-07
17757,11,7.3466519e-08
17758,11,1.7215761e-07
17759,11,1.1549289e-07
17760,11,8.616005e-08
17761,11,1.7040842e-07
17762,11,1.2023081e-07
17763,11,9.1609131e-08
17764,11,1.1440956e-07
17765,11,1.7012669e-07
17766,11,8.6771829e-08
17767,11,1.1893096e-07
17768,11,7.231039e-08
17769,11,7.1651076e-08
17770,10,1.2317405e-07
17771,11,8.3545366e-08
17772,11,1.3796499e-07
17773,11,1.3822619e-07
17774,10,1.2342782e-07
17775,11,8.4200621e-08
17776,11,1.3792787e-07
17777,11,1.3760051e-07
17778,11,1.3782713e-07
17779,11,8.4713162e-08
17780,10,1.2322573e-07
17781,11,1.3744787e-07
17782,11,1.3788876e-07
17783,11,8.3576092e-08
17784,11,7.1449627e-08
17785,11,7.2043343e-08
17786,11,7.1484029e-08
17787,11,1.7404794e-07
17788,11,9.0664963e-08
17789,11,1.1383706e-07
17790,11,1.690411e-07
17791,11,8.853766e-08
17792,11,1.1236902e-07
17793,11,9.433784e-08
17794,11,1.727217e-07
17795,11,1.1595578e-07
17796,11,9.073524e-08
17797,11,7.1622992e-08
17798,11,1.1933857e-07
17799,11,7.3317011e-08
17800,11,1.2338315e-07
17801,10,1.2962168e-07
17802,11,7.8862984e-08
17803,11,1.2159452e-07
17804,11,1.5165188e-07
17805,10,1.2950719e-07
17806,11,7.7139986e-08
17807,11,1.2173533e-07
17808,10,1.2959696e-07
17809,11,1.574888e-07
17810,10,1.2396146e-07
17811,10,1.3110006e-07
17812,10,1.2937907e-07
17813,11,1.5648194e-07
17814,10,1.2358621e-07
17815,10,1.3054547e-07
17816,11,1.2251581e-07
17817,11,1.5484066e-07
17818,10,1.2858701e-07
17819,10,1.3034192e-07
17820,11,1.2216018e-07
17821,11,1.5455869e-07
17822,11,1.5272908e-07
17823,11,1.2699854e-07
17824,11,7.7416395e-08
17825,10,1.3001546e-07
17826,11,1.5031784e-07
17827,11,1.2439104e-07
17828,11,7.5090317e-08
17829,11,7.2648548e-08
17830,11,1.2668115e-07
17831,11,7.267126e-08
17832,11,1.1245837e-07
17833,11,6.9684011e-08
17834,11,1.1212249e-07
17835,11,1.612866e-07
17836,11,6.6704153e-08
17837,11,1.3362768e-07
17838,11,1.5905585e-07
17839,11,6.6189248e-08
17840,10,1.2284855e-07
17841,11,1.0408423e-07
17842,11,1.1920286e-07
17843,11,1.1245981e-07
17844,10,1.2307832e-07
17845,11,1.0364825e-07
17846,11,1.1993049e-07
17847,10,1.2870086e-07
17848,11,1.2483719e-07
17849,11,1.2631051e-07
17850,10,1.273567e-07
17851,10,1.2865972e-07
17852,11,1.2486281e-07
17853,11,1.2616952e-07
17854,10,1.2742933e-07
17855,11,1.262108e-07
17856,11,1.2497217e-07
17857,10,1.2868823e-07
17858,10,1.2734603e-07
17859,11,1.2619773e-07
17860,11,1.247795e-07
17861,11,1.1312957e-07
17862,11,1.194135e-07
17863,11,1.0488683e-07
17864,10,1.2306287e-07
17865,11,1.1178092e-07
17866,11,1.2002551e-07
17867,11,1.0234097e-07
17868,11,1.3161655e-07
17869,11,6.6191705e-08
17870,11,1.5792306e-07
17871,11,1.3831232e-07
17872,11,6.4462142e-08
17873,11,6.7368198e-08
17874,11,1.0974132e-07
17875,11,6.8102577e-08
17876,11,6.9795901e-08
17877,11,1.138015e-07
17878,11,7.0602672e-08
17879,11,1.140893e-07
17880,11,6.5799979e-08
17881,11,1.3456867e-07
17882,11,1.5928134e-07
17883,11,6.6408066e-08
17884,11,1.6775936492281267e-09
17885,11,7.729318045364303e-09
17886,11,1.2024251e-07
17887,11,1.1168603e-07
17888,10,1.2309811e-07
17889,11,1.0286609e-07
17890,11,1.2001208e-07
17891,11,1.1216073e-07
17892,10,2.089875262457557e-09
17893,11,1.2626763e-07
17894,10,1.2737986e-07
17895,10,1.2870584e-07
17896,11,1.2490692e-07
17897,11,1.9141904833994292e-10
17898,10,2.72932506740216e-09
17899,10,2.920419447730407e-09
17900,11,1.2501301e-07
17901,10,1.2869649e-07
17902,10,1.274422e-07
17903,11,1.7308512404157234e-10
17904,11,1.2489823e-07
17905,10,2.9150923762827607e-09
17906,10,2.7280857359355623e-09
17907,11,1.0365368e-07
17908,10,1.2303488e-07
17909,11,1.1248008e-07
17910,11,1.2002289e-07
17911,11,1.0299912e-07
17912,10,2.045480567196392e-09
17913,11,1.1221314e-07
17914,11,1.5916369e-07
17915,11,1.3293519e-07
17916,11,6.7000694e-08
17917,11,7.3482626300162065e-09
17918,11,1.4104858704010587e-09
17919,11,1.1290384e-07
17920,11,6.8283727e-08
17921,11,1.1239892e-07
17922,11,6.7923903e-08
17923,11,7.2930259e-08
17924,11,1.2578393e-07
17925,11,7.3013509e-08
17926,11,1.4055412552261216e-09
17927,11,1.2136448e-07
17928,11,1.4983287e-07
17929,10,1.2837882e-07
17930,11,7.4868181e-08
17931,11,1.1913399e-07
17932,11,4.740166897886523e-09
17933,10,2.565238609177477e-09
17934,11,1.2426581e-07
17935,10,1.3078391e-07
17936,10,1.2951371e-07
17937,11,5.583831516611904e-09
17938,11,1.2449581e-07
17939,10,3.243965239401405e-09
17940,10,3.104733639620286e-09
17941,11,1.5553084e-07
17942,10,1.2916061e-07
17943,10,1.3087339e-07
17944,11,1.2329093e-07
17945,11,5.70022247096618e-09
17946,10,3.1237801523151286e-09
17947,10,3.465563852785951e-09
17948,11,7.6786298e-08
17949,10,1.3032014e-07
17950,11,1.5092226e-07
17951,11,3.0423778322391184e-10
17952,11,7.6969594e-08
17953,10,3.4146124607649322e-09
17954,11,5.465533662791503e-09
17955,11,1.2293575e-07
17956,11,7.2723041e-08
17957,11,1.605877623614236e-09
17958,11,7.4079194e-08
17959,11,7.0983517e-08
17960,11,7.126549e-08
17961,11,8.4743577e-08
17962,11,1.1981402e-07
17963,11,1.6760574e-07
17964,11,8.4610848e-08
17965,11,1.2518046e-07
17966,11,1.0055966105845872e-08
17967,11,1.7508639e-07
17968,11,1.1641619e-07
17969,11,8.8461119e-08
17970,11,1.0568929840393272e-08
17971,11,1.1805974e-07
17972,11,7.1800391e-08
17973,11,7.1786278e-08
17974,11,7.1968815e-08
17975,11,7.0745134e-08
17976,11,1.3821716e-07
17977,11,1.3777545e-07
17978,10,1.2335907e-07
17979,11,8.458681e-08
17980,11,2.2528709469313446e-09
17981,11,1.7123859781435352e-09
17982,10,9.199439140508504e-10
17983,11,8.3568038e-08
17984,10,1.2287978e-07
17985,11,1.370154e-07
17986,11,2.310944807083559e-09
17987,11,8.4612396e-08
17988,10,9.712007320714756e-10
17989,11,2.0496000423230464e-09
17990,11,7.1683188e-08
17991,11,7.1172118e-08
17992,11,1.1473022e-07
17993,11,9.2805285e-08
17994,11,1.7424253e-07
17995,11,1.1265384e-07
17996,11,9.4295448e-08
17997,11,1.0536065724883391e-08
17998,11,1.74438e-07
17999,11,9.5315704e-08
18000,11,1.1781742e-07
18001,11,9.699926259469616e-09
18002,11,9.0541599e-08
18003,11,7.214834e-08
18004,11,1.2803925e-07
18005,11,7.197436e-08
18006,11,9.892621844976084e-10
18007,11,1.2440903e-07
18008,11,7.2343259e-08
18009,11,1.8903671329288176e-09
18010,11,1.5004642e-07
18011,11,1.2443737e-07
18012,10,1.2980876e-07
18013,11,7.5546965e-08
18014,11,6.04194535383406e-09
18015,11,1.2396037e-07
18016,10,3.3816529455982075e-09
18017,11,7.5743687e-08
18018,10,1.289029e-07
18019,11,1.2231346e-07
18020,11,5.546778005302098e-09
18021,11,7.5655038e-08
18022,10,3.0412483995289437e-09
18023,11,1.2121635e-07
18024,11,6.8455663e-08
18025,11,1.1019579e-07
18026,11,6.8227892e-08
18027,11,1.1015514e-07
18028,10,1.3028212e-07
18029,11,1.2218011e-07
18030,10,1.2852185e-07
18031,11,5.537120311734703e-09
18032,10,3.427577251585994e-09
18033,11,1.2203271e-07
18034,10,3.0463239152980092e-09
18035,11,1.550905e-07
18036,10,1.2878755e-07
18037,11,1.2354051e-07
18038,10,3.43107288234999e-09
18039,11,5.836757506508922e-09
18040,10,3.0746748626990707e-09
18041,11,1.233239e-07
18042,11,1.1381041e-07
18043,11,7.0375552e-08
18044,11,1.1255635e-07
18045,11,1.3535888e-07
18046,11,6.5402111e-08
18047,11,1.5869867e-07
18048,11,2.3560686430670602e-09
18049,11,6.3506811e-08
18050,11,6.672768820712009e-09
18051,11,1.5947791e-07
18052,11,6.5287636e-08
18053,11,1.5567362346458623e-09
18054,11,7.728454096378766e-09
18055,11,6.5987971e-08
18056,11,1.131907e-07
18057,11,1.1887883e-07
18058,10,1.2302759e-07
18059,11,1.0666581e-07
18060,11,1.1324763e-07
18061,11,1.1906459e-07
18062,10,2.0290445089727334e-09
18063,11,1.0455999e-07
18064,10,1.2401084e-07
18065,11,1.2112192e-07
18066,11,1.123496e-07
18067,11,1.02247e-07
18068,10,2.13072799841614e-09
18069,11,1.2093077e-07
18070,10,1.2754371e-07
18071,11,1.2645019e-07
18072,10,1.2891694e-07
18073,11,1.911905097511241e-11
18074,10,2.749919325991099e-09
18075,11,2.564577623873325e-10
18076,10,2.9685854559180304e-09
18077,11,1.2522712e-07
18078,10,1.290331e-07
18079,11,1.2640293e-07
18080,10,2.773600596664983e-09
18081,11,2.428665337126576e-12
18082,10,2.968663265413376e-09
18083,11,2.4819084720251085e-10
18084,10,1.2891257e-07
18085,11,1.2562049e-07
18086,10,1.2782953e-07
18087,11,2.3845543520018816e-10
18088,10,2.972331637977648e-09
18089,11,3.2106464228805066e-11
18090,10,2.7882767459351274e-09
18091,11,1.2661298e-07
18092,10,1.2775266e-07
18093,11,1.2525739e-07
18094,10,2.9561029235736646e-09
18095,11,2.3513699854309005e-10
18096,10,2.744280299267244e-09
18097,11,9.7528657626262e-12
18098,10,1.2323682e-07
18099,11,1.0452712e-07
18100,11,1.1277266e-07
18101,11,1.2000864e-07
18102,10,2.113556197432579e-09
18103,11,1.0379169e-07
18104,11,1.1237648e-07
18105,11,1.2009119e-07
18106,11,1.1289944e-07
18107,11,1.0405493e-07
18108,10,2.046591649370873e-09
18109,11,1.203752e-07
18110,11,1.1267652e-07
18111,11,1.0437074e-07
18112,11,1.5895634e-07
18113,11,1.3389646e-07
18114,11,6.4908443e-08
18115,11,7.324319220545297e-09
18116,11,1.624170813580203e-09
18117,11,6.6712078e-08
18118,11,1.3162503e-07
18119,11,6.826074738544891e-09
18120,11,6.4859327e-08
18121,11,2.194574577606483e-09
18122,11,1.120978e-07
18123,11,7.1738632e-08
18124,11,1.1343418e-07
18125,11,7.0945261e-08
18126,10,1.2928552e-07
18127,11,1.5699831e-07
18128,10,1.3095808e-07
18129,11,1.2418731e-07
18130,10,3.078328140907732e-09
18131,11,5.566305709447065e-09
18132,10,3.3483002178218067e-09
18133,11,1.2332883e-07
18134,10,1.3041686e-07
18135,11,1.550521e-07
18136,10,3.041822013061109e-09
18137,11,1.2347024e-07
18138,10,3.3345765937412484e-09
18139,11,5.471502318639149e-09
18140,11,6.9354619e-08
18141,11,1.1240232e-07
18142,11,6.9677172e-08
18143,10,1.2803412e-07
18144,11,7.6440438e-08
18145,11,1.5050652e-07
18146,11,1.2127026e-07
18147,10,3.120018302467769e-09
18148,11,7.7714178e-08
18149,11,5.8304624916877035e-09
18150,11,1.2263092e-07
18151,11,1.5102024e-07
18152,11,7.678077e-08
18153,10,3.338880540006619e-09
18154,11,1.2338749e-07
18155,11,6.590919199302187e-09
18156,11,7.8341693e-08
18157,11,1.24303e-07
18158,11,7.3520409e-08
18159,11,1.1948442285378964e-09
18160,11,7.2438088e-08
18161,11,7.3889251e-08
18162,11,1.1319989880423496e-09
18163,11,7.2684925e-08
18164,11,1.728389e-07
18165,11,1.213836e-07
18166,11,8.5712845e-08
18167,11,9.423340081313151e-09
18168,11,8.727366254632146e-10
18169,11,8.6615136e-08
18170,11,1.2093205e-07
18171,11,9.455472188225353e-09
18172,11,8.6705523e-08
18173,11,1.2152606e-07
18174,11,7.1377011e-08
18175,11,7.1376808e-08
18176,10,1.2368156e-07
18177,11,8.475319e-08
18178,11,1.383071e-07
18179,11,2.305688047685273e-09
18180,10,1.0416640074190567e-09
18181,11,8.4966405e-08
18182,11,2.278789045347154e-09
18183,11,1.3807858e-07
18184,11,1.3840457e-07
18185,11,8.3726834e-08
18186,10,1.1428649316626954e-09
18187,11,2.286074184377452e-09
18188,11,2.235530938493172e-09
18189,11,8.4277209e-08
18190,11,7.121632e-08
18191,11,7.1033209e-08
18192,11,7.1177056e-08
18193,11,1.7367504e-07
18194,11,8.8243379e-08
18195,11,1.1453345e-07
18196,11,8.66587833067043e-09
18197,11,9.005226e-08
18198,11,1.2183957e-07
18199,11,8.7003199e-08
18200,11,9.976824242742498e-09
18201,11,9.110426347039207e-10
18202,11,8.4760352e-08
18203,11,7.0721414e-08
18204,11,1.2381044e-07
18205,11,7.2798602e-08
18206,11,1.799721207768331e-09
18207,10,1.2968416e-07
18208,11,7.7355078e-08
18209,11,1.2267183e-07
18210,11,5.1200768966696015e-09
18211,10,2.7217447108106972e-09
18212,11,7.6567571e-08
18213,11,1.2074539e-07
18214,10,1.2928128e-07
18215,11,1.5545398e-07
18216,10,1.2335621e-07
18217,10,3.3725900304107847e-09
18218,10,3.0706374562190595e-09
18219,11,5.795061004564416e-09
18220,10,1.237292e-07
18221,10,1.304611e-07
18222,11,1.2308845e-07
18223,11,1.552598e-07
18224,10,3.056540300077948e-09
18225,10,3.2036236047527764e-09
18226,11,1.2378342e-07
18227,11,5.384803792912595e-09
18228,11,1.5084398e-07
18229,11,1.2175769e-07
18230,11,7.6453928e-08
18231,10,2.5067254767261707e-09
18232,11,4.514285229845013e-09
18233,11,1.1964185e-07
18234,11,7.574163e-08
18235,11,7.1928133e-08
18236,11,1.8385513831672741e-09
18237,11,7.2540112e-08
18238,11,1.1193159e-07
18239,11,7.0265622e-08
18240,11,1.1185559e-07
18241,11,1.5687176e-07
18242,11,6.3702452e-08
18243,11,1.986095070443907e-09
18244,11,6.468868211974078e-09
18245,11,6.4178503e-08
18246,10,1.2301426e-07
18247,11,1.0397628e-07
18248,11,1.199498e-07
18249,11,1.1224072e-07
18250,10,1.980943778952276e-09
18251,11,1.0424995e-07
18252,11,1.1964038e-07
18253,10,1.2865245e-07
18254,11,1.248035e-07
18255,11,1.2615973e-07
18256,10,2.6796769953399203e-09
18257,10,2.9260702518502526e-09
18258,11,1.2449779e-07
18259,11,2.2264954174138083e-10
18260,10,1.2734988e-07
18261,11,1.2636612e-07
18262,11,1.2475328e-07
18263,10,2.9504523906727038e-09
18264,10,2.741367122502873e-09
18265,11,2.5522693518462604e-10
18266,11,1.2474909e-07
18267,11,1.1190417e-07
18268,11,1.2034647e-07
18269,11,1.0312106e-07
18270,10,2.077222803453579e-09
18271,11,1.1214308e-07
18272,11,1.1991591e-07
18273,11,1.0225302e-07
18274,11,1.3876385e-07
18275,11,6.380574e-08
18276,11,8.122593416841075e-09
18277,11,1.343959636616025e-09
18278,11,6.7384972e-08
18279,11,6.9003959e-08
18280,11,1.1322691e-07
18281,11,6.9861232e-08
18282,11,7.1241368e-08
18283,11,1.1283095e-07
18284,11,7.0031943e-08
18285,14,1.1143115e-07
18286,11,6.4395291e-08
18287,11,1.356662049170546e-07
18288,11,1.503032268129494e-07
18289,14,6.3795475e-08
18290,11,1.3539984e-07
18291,14,1.5687987e-07
18292,11,1.2025509e-07
18293,11,1.122194e-07
18294,10,1.2116705375699173e-07
18295,14,1.0468045e-07
18296,14,1.2028476e-07
18297,14,1.1251237e-07
18298,13,1.2329599e-07
18299,11,1.2612002298745528e-07
18300,10,1.2462402473576434e-07
18301,10,1.257880592242939e-07
18302,14,1.2462137e-07
18303,11,1.2623854e-07
18304,13,1.2732967e-07
18305,13,1.2868657e-07
18306,11,1.2483571e-07
18307,10,1.257474810956615e-07
18308,10,1.2463379434779988e-07
18309,14,1.2616121e-07
18310,14,1.2487052e-07
18311,13,1.2866592e-07
18312,13,1.2736497e-07
18313,11,1.0315136e-07
18314,10,1.2091129052743366e-07
18315,11,1.1226117e-07
18316,14,1.193822e-07
18317,11,1.0367159e-07
18318,13,1.229572e-07
18319,14,1.1235601e-07
18320,11,1.515115090979665e-07
18321,11,1.342091344999024e-07
18322,11,6.4846269e-08
18323,14,1.5863347e-07
18324,11,1.381089e-07
18325,11,1.1121785e-07
18326,11,6.9841825e-08
18327,11,1.0967428e-07
18328,11,7.1132165e-08
18329,11,7.3376067e-08
18330,11,1.2452787990621744e-07
18331,11,7.3217624e-08
18332,14,1.2147906e-07
18333,11,1.1940443e-07
18334,11,1.4493854624881177e-07
18335,10,1.2510868915313638e-07
18336,14,7.7621381e-08
18337,14,1.2427654e-07
18338,14,1.5155341e-07
18339,13,1.3018406e-07
18340,11,1.2417004e-07
18341,10,1.27520472241028e-07
18342,10,1.2636483185010178e-07
18343,11,1.5766457e-07
18344,14,1.2358945e-07
18345,13,1.3139159e-07
18346,13,1.2941219e-07
18347,11,1.5107808312506008e-07
18348,10,1.2611962144995073e-07
18349,10,1.276404090539047e-07
18350,13,1.2298846e-07
18351,14,1.5702351e-07
18352,13,1.2918778e-07
18353,13,1.3095153e-07
18354,11,7.5713377e-08
18355,10,1.2588973088340118e-07
18356,11,1.455982498812459e-07
18357,14,1.1883323e-07
18358,14,7.6017265e-08
18359,13,1.2790096e-07
18360,14,1.5065164e-07
18361,11,1.2489655581429318e-07
18362,11,7.4019936e-08
18363,14,1.2566883e-07
18364,11,7.3589259e-08
18365,11,7.0641723e-08
18366,14,7.1351254e-08
18367,11,8.8191941e-08
18368,11,1.1808037e-07
18369,11,1.623186956398071e-07
18370,11,9.1377022e-08
18371,14,1.1518025e-07
18372,14,1.7323337e-07
18373,11,1.60357632146865e-07
18374,11,1.1480968e-07
18375,14,9.1138412e-08
18376,14,1.7412904e-07
18377,11,1.1479954e-07
18378,11,7.150501e-08
18379,11,7.1000768e-08
18380,11,7.0757223e-08
18381,14,7.1487713e-08
18382,11,1.3544487623882846e-07
18383,11,1.3493156626980492e-07
18384,10,1.2199081307687833e-07
18385,11,8.2717136e-08
18386,11,1.3749032e-07
18387,11,1.3708365e-07
18388,13,1.2308033e-07
18389,11,8.3661668e-08
18390,10,1.2190765850479774e-07
18391,11,1.3517485047452072e-07
18392,14,1.3787352e-07
18393,14,8.435266e-08
18394,13,1.2298194e-07
18395,11,1.3783061e-07
18396,11,7.1910206e-08
18397,11,7.1858025e-08
18398,11,1.1665185e-07
18399,11,9.118482e-08
18400,11,1.6224807370223736e-07
18401,11,1.2000407e-07
18402,11,8.9198009e-08
18403,14,1.7323678e-07
18404,11,1.6273747784702053e-07
18405,11,8.9550211e-08
18406,14,1.1526747e-07
18407,14,1.7324788e-07
18408,11,9.1282576e-08
18409,11,7.2500252e-08
18410,11,1.2183225432117657e-07
18411,11,7.2530003e-08
18412,14,1.2401081e-07
18413,11,1.237913272778979e-07
18414,11,7.2443914e-08
18415,14,1.2410888e-07
18416,11,1.4645325220721444e-07
18417,11,1.2305633e-07
18418,10,1.2673634255132048e-07
18419,14,7.7535759e-08
18420,14,1.5244481e-07
18421,14,1.2298595e-07
18422,13,1.2986599e-07
18423,11,7.5223783e-08
18424,10,1.259322643523508e-07
18425,11,1.2185465e-07
18426,14,1.524684e-07
18427,14,7.7423122e-08
18428,13,1.2965861e-07
18429,14,1.2315142e-07
18430,11,6.9630029e-08
18431,11,1.1225544e-07
18432,11,6.9485876e-08
18433,11,1.1371623e-07
18434,10,1.273828855902959e-07
18435,11,1.2325383e-07
18436,10,1.2602675143788678e-07
18437,14,1.5561653e-07
18438,13,1.3077985e-07
18439,14,1.2394294e-07
18440,13,1.2933567e-07
18441,11,1.503804665509128e-07
18442,10,1.257844549079361e-07
18443,11,1.227385e-07
18444,13,1.3029328e-07
18445,14,1.5473107e-07
18446,13,1.2862301e-07
18447,14,1.2228011e-07
18448,11,1.1128584e-07
18449,14,6.9192641e-08
18450,11,1.0989494e-07
18451,11,1.34838261381821e-07
18452,11,6.3064103e-08
18453,11,1.48983121604844e-07
18454,11,1.3709015e-07
18455,11,6.3237416e-08
18456,14,1.5654279e-07
18457,11,1.524657283507851e-07
18458,11,6.7120313e-08
18459,14,1.3701229e-07
18460,14,1.5981933e-07
18461,11,6.6460771e-08
18462,11,1.1263159e-07
18463,11,1.1981826e-07
18464,10,1.2102984096145714e-07
18465,14,1.0512205e-07
18466,14,1.1250042e-07
18467,11,1.1903887e-07
18468,13,1.2281531e-07
18469,11,1.0267805e-07
18470,10,1.2117332176303864e-07
18471,11,1.2005989e-07
18472,14,1.1172579e-07
18473,11,1.0136673e-07
18474,13,1.2301582e-07
18475,14,1.1961654e-07
18476,10,1.248352755112772e-07
18477,11,1.26238666913159e-07
18478,10,1.2598626104092852e-07
18479,14,1.2505031e-07
18480,13,1.2748503e-07
18481,14,1.2643302e-07
18482,13,1.2892255e-07
18483,11,1.2508172e-07
18484,10,1.2605570506885342e-07
18485,11,1.264041876880019e-07
18486,13,1.2770614e-07
18487,14,1.2535866e-07
18488,13,1.2895169e-07
18489,11,1.2635607e-07
18490,10,1.260335337860129e-07
18491,11,1.25133254372631e-07
18492,10,1.2494440828039772e-07
18493,14,1.2656899e-07
18494,13,1.2901027e-07
18495,14,1.251792e-07
18496,13,1.2770028e-07
18497,11,1.262282395601215e-07
18498,10,1.2481874884971522e-07
18499,11,1.2497286742930413e-07
18500,13,1.2899803e-07
18501,11,1.2654086e-07
18502,13,1.2769045e-07
18503,11,1.2541431e-07
18504,10,1.2135859988884686e-07
18505,11,1.0233068e-07
18506,11,1.1185316e-07
18507,14,1.2076378e-07
18508,13,1.2337762e-07
18509,14,1.0238933e-07
18510,14,1.1187202e-07
18511,11,1.1949611e-07
18512,11,1.1265183e-07
18513,11,1.0570291e-07
18514,13,1.2293529e-07
18515,14,1.1926713e-07
18516,14,1.1216484e-07
18517,11,1.0392197e-07
18518,11,1.5106878086327018e-07
18519,11,1.3322002714730826e-07
18520,14,6.5806051e-08
18521,14,1.5900112e-07
18522,11,1.3335939e-07
18523,11,6.2663393e-08
18524,11,1.3601991160787432e-07
18525,14,1.5758175e-07
18526,14,6.3806538e-08
18527,14,1.3540532e-07
18528,11,1.1296683e-07
18529,11,7.0906501e-08
18530,14,1.1395548e-07
18531,11,6.9426041e-08
18532,10,1.262789396230434e-07
18533,11,1.514554960767208e-07
18534,10,1.2754403650470653e-07
18535,14,1.2381453e-07
18536,13,1.2910582e-07
18537,14,1.5489948e-07
18538,13,1.3027314e-07
18539,11,1.2380005e-07
18540,10,1.2722831104769457e-07
18541,11,1.5026538408848026e-07
18542,13,1.2920346e-07
18543,11,1.2352913e-07
18544,13,1.3054843e-07
18545,11,1.5577314e-07
18546,11,6.9922819e-08
18547,11,1.1221447e-07
18548,11,7.0688565e-08
18549,10,1.2564409681493237e-07
18550,11,7.5741445e-08
18551,11,1.4469977077043825e-07
18552,14,1.2179328e-07
18553,13,1.2882344e-07
18554,14,7.5069254e-08
18555,14,1.4989975e-07
18556,11,1.2192231e-07
18557,11,1.4455810794007966e-07
18558,11,7.605119e-08
18559,13,1.285899e-07
18560,11,1.2043255e-07
18561,14,1.5075247e-07
18562,14,7.5651556e-08
18563,11,1.2453938974065242e-07
18564,11,7.3034211e-08
18565,14,1.2696109e-07
18566,11,7.3682415e-08
18567,11,7.2865984e-08
18568,14,1.265046e-07
18569,14,7.3680503e-08
18570,11,1.6176883072519754e-07
18571,11,1.2192118966041433e-07
18572,11,8.7464841e-08
18573,14,1.7056145e-07
18574,14,1.189627e-07
18575,11,8.7553227e-08
18576,11,1.2133658660325316e-07
18577,14,1.7176232e-07
18578,14,8.9388167e-08
18579,11,1.1612582e-07
18580,11,7.0952094e-08
18581,14,7.2205107e-08
18582,10,1.223015495607219e-07
18583,11,8.4511304e-08
18584,11,1.3576364274288082e-07
18585,14,1.3839494e-07
18586,13,1.2339679e-07
18587,14,8.389876e-08
18588,11,1.3752304e-07
18589,11,1.359785786345851e-07
18590,11,1.3572785106580077e-07
18591,11,8.414696e-08
18592,13,1.2346029e-07
18593,14,1.3819704e-07
18594,14,1.3728477e-07
18595,14,8.4307434e-08
18596,11,7.2138164e-08
18597,11,7.1355365e-08
18598,11,7.0963599e-08
18599,11,1.6363193829523188e-07
18600,11,9.3125673e-08
18601,11,1.1597702e-07
18602,14,1.7300239e-07
18603,14,8.9952371e-08
18604,11,1.2243845392937374e-07
18605,11,8.4252921e-08
18606,14,1.7259202e-07
18607,11,1.1507781e-07
18608,14,9.0396246e-08
18609,14,7.0338881e-08
18610,11,1.248107363310623e-07
18611,14,7.3028904e-08
18612,14,1.246344e-07
18613,10,1.2577599141263546e-07
18614,11,7.5222664e-08
18615,11,1.2065757e-07
18616,14,1.5304663e-07
18617,13,1.303212e-07
18618,14,7.7547629e-08
18619,11,1.2395603e-07
18620,10,1.263944279758721e-07
18621,11,1.5094772001389385e-07
18622,10,1.2414725e-07
18623,13,1.310698e-07
18624,13,1.2943661e-07
18625,14,1.5594916e-07
18626,14,1.2370548e-07
18627,10,1.2768635291959157e-07
18628,11,1.2431208e-07
18629,11,1.5178736454986417e-07
18630,13,1.2962214e-07
18631,13,1.3119924e-07
18632,14,1.2438246e-07
18633,14,1.5680858e-07
18634,11,1.4303827888697684e-07
18635,11,1.2100919e-07
18636,11,7.4138339e-08
18637,13,1.2910427e-07
18638,14,1.5296398e-07
18639,11,1.2101959e-07
18640,14,7.7333402e-08
18641,11,7.3890704e-08
18642,14,1.2495979e-07
18643,14,7.4007197e-08
18644,11,1.1314017e-07
18645,14,6.8822893e-08
18646,14,1.1268381e-07
18647,11,1.501823977670873e-07
18648,11,6.5249924e-08
18649,14,1.366306e-07
18650,14,1.5899767e-07
18651,14,6.6608825e-08
18652,10,1.208271530350081e-07
18653,11,1.0280293e-07
18654,11,1.198044e-07
18655,14,1.1154226e-07
18656,13,1.2278473e-07
18657,14,1.0175532e-07
18658,11,1.1984642e-07
18659,10,1.2576517752286533e-07
18660,11,1.2453179e-07
18661,11,1.260531326475349e-07
18662,13,1.272493e-07
18663,13,1.2873044e-07
18664,14,1.2477091e-07
18665,14,1.2643425e-07
18666,10,1.2464385653194436e-07
18667,11,1.2616527433960397e-07
18668,11,1.2473485e-07
18669,13,1.2871538e-07
18670,13,1.2727989e-07
18671,14,1.2632131e-07
18672,14,1.2471743e-07
18673,11,1.1227399e-07
18674,11,1.1964036e-07
18675,11,1.0235182e-07
18676,13,1.2282316e-07
18677,14,1.1201429e-07
18678,14,1.1946278e-07
18679,11,1.037713e-07
18680,11,1.30104834298145e-07
18681,11,6.8048612e-08
18682,14,1.5760765e-07
18683,14,1.3623912e-07
18684,11,6.3598256e-08
18685,11,7.0104797e-08
18686,14,1.1379271e-07
18687,14,7.0405698e-08
18688,14,6.8214327e-08
18689,14,1.129689e-07
18690,14,6.8533966e-08
18691,14,1.1207267e-07
18692,14,6.5064336e-08
18693,14,1.3312353e-07
18694,14,1.5873157e-07
18695,14,6.748873e-08
18696,14,1.3296311e-07
18697,14,1.6151387e-07
18698,14,1.1999294e-07
18699,14,1.1285426e-07
18700,13,1.2328483e-07
18701,14,1.0321096e-07
18702,14,1.1991629e-07
18703,14,1.1282778e-07
18704,13,1.2325856e-07
18705,14,1.2616359e-07
18706,13,1.2736993e-07
18707,13,1.2868598e-07
18708,14,1.2468104e-07
18709,14,1.2629531e-07
18710,13,1.2735386e-07
18711,13,1.2873044e-07
18712,14,1.2492265e-07
18713,13,1.2870272e-07
18714,13,1.2743609e-07
18715,14,1.2617525e-07
18716,14,1.2478166e-07
18717,13,1.2869773e-07
18718,13,1.2740443e-07
18719,14,1.0368128e-07
18720,13,1.2324153e-07
18721,14,1.1234344e-07
18722,14,1.2056098e-07
18723,14,1.0286034e-07
18724,13,1.2326962e-07
18725,14,1.1201399e-07
18726,14,1.5891526e-07
18727,14,1.3766374e-07
18728,14,6.497042e-08
18729,14,1.5795078e-07
18730,14,1.3471398e-07
18731,14,1.1183357e-07
18732,14,7.192607e-08
18733,14,1.1293726e-07
18734,14,7.1069305e-08
18735,14,7.2650666e-08
18736,14,1.224979e-07
18737,14,7.2669717e-08
18738,14,1.2363677e-07
18739,14,1.2424664e-07
18740,14,1.5329174e-07
18741,13,1.3063615e-07
18742,14,7.6369896e-08
18743,14,1.2331381e-07
18744,14,1.5064018e-07
18745,13,1.3014516e-07
18746,14,1.233522e-07
18747,13,1.3079632e-07
18748,13,1.2912905e-07
18749,14,1.5517394e-07
18750,14,1.2307457e-07
18751,13,1.3074915e-07
18752,13,1.2897443e-07
18753,14,1.5758864e-07
18754,13,1.2951896e-07
18755,13,1.310903e-07
18756,13,1.2439646e-07
18757,14,1.5804581e-07
18758,13,1.297107e-07
18759,13,1.313011e-07
18760,14,7.488446e-08
18761,13,1.2751201e-07
18762,14,1.5038797e-07
18763,14,1.1994383e-07
18764,14,7.5262587e-08
18765,13,1.2824663e-07
18766,14,1.5024341e-07
18767,14,1.2763606e-07
18768,14,7.3308583e-08
18769,14,1.2581583e-07
18770,14,7.2676088e-08
18771,14,7.1400066e-08
18772,14,7.0696829e-08
18773,14,8.9495479e-08
18774,14,1.1940607e-07
18775,14,1.7252815e-07
18776,14,8.4134398e-08
18777,14,1.2575464e-07
18778,14,1.7031085e-07
18779,14,1.7252388e-07
18780,14,1.1162986e-07
18781,14,9.2883931e-08
18782,14,1.7372081e-07
18783,14,1.125537e-07
18784,14,7.0823649e-08
18785,14,7.1856133e-08
18786,14,7.1428673e-08
18787,14,7.0670803e-08
18788,14,1.3835272e-07
18789,14,1.3747497e-07
18790,13,1.2342663e-07
18791,14,8.4569027e-08
18792,14,1.3865578e-07
18793,14,1.3711796e-07
18794,13,1.236046e-07
18795,14,8.4909237e-08
18796,13,1.2273275e-07
18797,14,1.3721828e-07
18798,14,1.3781967e-07
18799,14,8.3322944e-08
18800,13,1.2281154e-07
18801,14,1.3744068e-07
18802,14,7.0526821e-08
18803,14,7.2204057e-08
18804,14,1.1960862e-07
18805,14,8.8339719e-08
18806,14,1.7244294e-07
18807,14,1.1949265e-07
18808,14,8.6893781e-08
18809,14,1.7155276e-07
18810,14,1.73915e-07
18811,14,9.3269018e-08
18812,14,1.1635632e-07
18813,14,1.7501054e-07
18814,14,9.2105606e-08
18815,14,7.3050992e-08
18816,14,1.2348134e-07
18817,14,7.3820199e-08
18818,14,1.2262694e-07
18819,14,1.2119588e-07
18820,14,7.2477636e-08
18821,14,1.2399267e-07
18822,14,1.5109306e-07
18823,14,1.2141495e-07
18824,13,1.2926297e-07
18825,14,7.7201978e-08
18826,14,1.5084312e-07
18827,14,1.2329345e-07
18828,13,1.2976777e-07
18829,14,7.8448552e-08
18830,13,1.2899447e-07
18831,14,1.2051623e-07
18832,14,1.5155473e-07
18833,14,7.7112511e-08
18834,13,1.2885962e-07
18835,14,1.2042733e-07
18836,14,7.0267225e-08
18837,14,1.1295693e-07
18838,14,6.9058122e-08
18839,14,1.1408956e-07
18840,13,1.3083781e-07
18841,14,1.2390394e-07
18842,13,1.2941912e-07
18843,14,1.5511819e-07
18844,13,1.3061646e-07
18845,14,1.2408622e-07
18846,13,1.2945056e-07
18847,14,1.5588702e-07
18848,13,1.2899725e-07
18849,14,1.2300234e-07
18850,13,1.3070873e-07
18851,14,1.5576855e-07
18852,13,1.2956663e-07
18853,14,1.2464149e-07
18854,14,1.1060054e-07
18855,14,6.9730457e-08
18856,14,1.1527512e-07
18857,14,1.3689808e-07
18858,14,6.2836262e-08
18859,14,1.5646766e-07
18860,14,1.3691289e-07
18861,14,6.4328974e-08
18862,14,1.5789811e-07
18863,14,1.597887e-07
18864,14,6.5883044e-08
18865,14,1.3286605e-07
18866,14,1.586687e-07
18867,14,6.4966797e-08
18868,14,1.1256745e-07
18869,14,1.1904364e-07
18870,13,1.2278475e-07
18871,14,1.0231082e-07
18872,14,1.1158772e-07
18873,14,1.1994136e-07
18874,13,1.2290819e-07
18875,14,1.0228285e-07
18876,13,1.2312088e-07
18877,14,1.1995021e-07
18878,14,1.1253026e-07
18879,14,1.0442708e-07
18880,13,1.2335031e-07
18881,14,1.202351e-07
18882,13,1.2746213e-07
18883,14,1.2657621e-07
18884,13,1.2895179e-07
18885,14,1.2511241e-07
18886,13,1.2752536e-07
18887,14,1.2648781e-07
18888,13,1.2894124e-07
18889,14,1.2566758e-07
18890,13,1.2896867e-07
18891,14,1.2632942e-07
18892,13,1.2788632e-07
18893,14,1.2559527e-07
18894,13,1.2907544e-07
18895,14,1.2660316e-07
18896,13,1.2904931e-07
18897,14,1.2526228e-07
18898,13,1.2769755e-07
18899,14,1.2668604e-07
18900,13,1.2903752e-07
18901,14,1.2507983e-07
18902,13,1.2763949e-07
18903,14,1.2647543e-07
18904,13,1.2779162e-07
18905,14,1.2561728e-07
18906,13,1.2905466e-07
18907,14,1.2665054e-07
18908,13,1.2766775e-07
18909,14,1.2523773e-07
18910,13,1.2323439e-07
18911,14,1.0214629e-07
18912,14,1.1180829e-07
18913,14,1.1984026e-07
18914,13,1.2321844e-07
18915,14,1.0338781e-07
18916,14,1.1230675e-07
18917,14,1.206191e-07
18918,14,1.1143061e-07
18919,14,1.0205145e-07
18920,13,1.2307091e-07
18921,14,1.2055182e-07
18922,14,1.1113842e-07
18923,14,1.0155735e-07
18924,14,1.5878952e-07
18925,14,1.3594144e-07
18926,14,6.5589653e-08
18927,14,1.5842554e-07
18928,14,1.353487e-07
18929,14,6.5085194e-08
18930,14,1.3880651e-07
18931,14,1.5708074e-07
18932,14,6.4515583e-08
18933,14,1.3811894e-07
18934,14,1.1259083e-07
18935,14,6.8682538e-08
18936,14,1.1258259e-07
18937,14,6.952724e-08
18938,13,1.2893824e-07
18939,14,1.5484107e-07
18940,13,1.3035659e-07
18941,14,1.2337078e-07
18942,13,1.2890683e-07
18943,14,1.5559327e-07
18944,13,1.3052426e-07
18945,14,1.2353556e-07
18946,13,1.3042377e-07
18947,14,1.5429898e-07
18948,13,1.298404e-07
18949,14,1.2487477e-07
18950,13,1.3103406e-07
18951,14,1.5643575e-07
18952,14,6.8716075e-08
18953,14,1.1522696e-07
18954,14,6.9644522e-08
18955,13,1.2971017e-07
18956,14,7.641394e-08
18957,14,1.5153308e-07
18958,14,1.2202576e-07
18959,13,1.2918953e-07
18960,14,7.7125277e-08
18961,14,1.5079957e-07
18962,14,1.2242172e-07
18963,14,1.5212418e-07
18964,14,7.7070193e-08
18965,13,1.2942339e-07
18966,14,1.2258261e-07
18967,14,1.5109957e-07
18968,14,7.8123967e-08
18969,14,1.2539633e-07
18970,14,7.2566815e-08
18971,14,1.2288094e-07
18972,14,7.381094e-08
18973,14,7.432293e-08
18974,14,1.2029159e-07
18975,14,7.3153847e-08
18976,14,1.7221057e-07
18977,14,1.2703587e-07
18978,14,8.5510755e-08
18979,14,1.7136139e-07
18980,14,1.2406878e-07
18981,14,8.9752502e-08
18982,14,1.1621095e-07
18983,14,1.7067727e-07
18984,14,8.5875571e-08
18985,14,1.2079423e-07
18986,14,7.1822368e-08
18987,14,7.1201237e-08
18988,13,1.2326727e-07
18989,14,8.3543934e-08
18990,14,1.3720316e-07
18991,14,1.3686176e-07
18992,13,1.2304599e-07
18993,14,8.2004712e-08
18994,14,1.3750803e-07
18995,14,1.3759716e-07
18996,14,1.3838689e-07
18997,14,8.4763987e-08
18998,13,1.2384997e-07
18999,14,1.3778004e-07
19000,14,1.3873807e-07
19001,14,8.3621599e-08
19002,14,7.1152488e-08
19003,14,7.1471448e-08
19004,14,7.2424151e-08
19005,14,1.7205048e-07
19006,14,9.1594569e-08
19007,14,1.1564911e-07
19008,14,1.7425179e-07
19009,14,9.0586421e-08
19010,14,1.2124956e-07
19011,14,8.5967021e-08
19012,14,1.7139119e-07
19013,14,1.2932106e-07
19014,14,8.2689834e-08
19015,14,7.1633274e-08
19016,14,1.2546603e-07
19017,14,7.3644377e-08
19018,14,1.2513474e-07
19019,13,1.3016915e-07
19020,14,7.6540111e-08
19021,14,1.2367166e-07
19022,14,1.5106171e-07
19023,13,1.29782e-07
19024,14,7.6216534e-08
19025,14,1.231851e-07
19026,13,1.2918474e-07
19027,14,1.5577745e-07
19028,13,1.2301349e-07
19029,13,1.3094975e-07
19030,13,1.2916624e-07
19031,14,1.5617413e-07
19032,14,1.2317994e-07
19033,13,1.310593e-07
19034,13,1.236934e-07
19035,14,1.5688612e-07
19036,13,1.2898561e-07
19037,13,1.3055444e-07
19038,14,1.2283007e-07
19039,14,1.5522308e-07
19040,14,1.5188101e-07
19041,14,1.2135748e-07
19042,14,7.780927e-08
19043,13,1.2939433e-07
19044,14,1.5056606e-07
19045,14,1.2317039e-07
19046,14,7.5136265e-08
19047,14,7.3015155e-08
19048,14,1.2680648e-07
19049,14,7.3134924e-08
19050,14,1.1086787e-07
19051,14,6.9318745e-08
19052,14,1.1150902e-07
19053,14,1.5976632e-07
19054,14,6.655295e-08
19055,14,1.3625838e-07
19056,14,1.5999114e-07
19057,14,6.5963021e-08
19058,13,1.2271797e-07
19059,14,1.0215155e-07
19060,14,1.1948992e-07
19061,14,1.1164918e-07
19062,13,1.2283391e-07
19063,14,1.0169177e-07
19064,14,1.1997368e-07
19065,13,1.2869345e-07
19066,14,1.2458287e-07
19067,14,1.2636082e-07
19068,13,1.2721704e-07
19069,13,1.2865605e-07
19070,14,1.245695e-07
19071,14,1.2627937e-07
19072,13,1.2736328e-07
19073,14,1.2627643e-07
19074,14,1.2496348e-07
19075,13,1.2868864e-07
19076,13,1.273809e-07
19077,14,1.2619278e-07
19078,14,1.2500461e-07
19079,14,1.1192745e-07
19080,14,1.1977455e-07
19081,14,1.032487e-07
19082,13,1.2288453e-07
19083,14,1.1185806e-07
19084,14,1.1990132e-07
19085,14,1.0257385e-07
19086,14,1.3701229e-07
19087,14,6.4690172e-08
19088,14,1.59454e-07
19089,14,1.3509415e-07
19090,14,6.6197515e-08
19091,14,7.0701455e-08
19092,14,1.1072037e-07
19093,14,6.9013592e-08
19094,14,6.7785606e-08
19095,14,1.1340797e-07
19096,14,6.7671298e-08
19097,14,1.1385828e-07
19098,14,6.7606466e-08
19099,14,1.3079794e-07
19100,14,1.6144762e-07
19101,14,6.6105754e-08
19102,14,1.320722e-07
19103,14,1.595869e-07
19104,14,1.201222e-07
19105,14,1.1250116e-07
19106,13,1.2320979e-07
19107,14,1.0219423e-07
19108,14,1.19902e-07
19109,14,1.1209807e-07
19110,13,1.2303074e-07
19111,14,1.2640675e-07
19112,13,1.2735041e-07
19113,13,1.2877704e-07
19114,14,1.24827e-07
19115,14,1.2636408e-07
19116,13,1.2737699e-07
19117,13,1.2877705e-07
19118,14,1.2474188e-07
19119,13,1.2873466e-07
19120,13,1.2737583e-07
19121,14,1.2625976e-07
19122,14,1.2495916e-07
19123,13,1.2872807e-07
19124,13,1.2737506e-07
19125,14,1.0357912e-07
19126,13,1.2319093e-07
19127,14,1.1235996e-07
19128,14,1.1889985e-07
19129,14,1.0443495e-07
19130,13,1.2282455e-07
19131,14,1.1275388e-07
19132,14,1.5846781e-07
19133,14,1.3293287e-07
19134,14,6.6599178e-08
19135,14,1.593412e-07
19136,14,1.335565e-07
19137,14,1.1409709e-07
19138,14,7.011506e-08
19139,14,1.1214525e-07
19140,14,7.0719837e-08
19141,14,7.4192046e-08
19142,14,1.2314244e-07
19143,14,7.4514559e-08
19144,14,1.227934e-07
19145,14,1.2629967e-07
19146,14,1.5276601e-07
19147,13,1.3131648e-07
19148,14,7.7703062e-08
19149,14,1.2691656e-07
19150,14,1.5230756e-07
19151,13,1.3140069e-07
19152,14,1.2344951e-07
19153,13,1.3094329e-07
19154,13,1.291202e-07
19155,14,1.556171e-07
19156,14,1.238027e-07
19157,13,1.3101451e-07
19158,13,1.2930085e-07
19159,14,1.5701547e-07
19160,13,1.2967879e-07
19161,13,1.3117557e-07
19162,13,1.2374948e-07
19163,14,1.5701848e-07
19164,13,1.294208e-07
19165,13,1.3116298e-07
19166,14,7.774225e-08
19167,13,1.2919894e-07
19168,14,1.5156949e-07
19169,14,1.2005992e-07
19170,14,7.6832479e-08
19171,13,1.2875136e-07
19172,14,1.5124616e-07
19173,14,1.2198656e-07
19174,14,7.2805061e-08
19175,14,1.2344741e-07
19176,14,7.3254576e-08
19177,14,7.1046003e-08
19178,14,7.1555617e-08
19179,14,8.1548935e-08
19180,14,1.2776392e-07
19181,14,1.6930351e-07
19182,14,8.4005365e-08
19183,14,1.2372311e-07
19184,14,1.7051091e-07
19185,14,1.7416949e-07
19186,14,1.1376376e-07
19187,14,9.0721498e-08
19188,14,1.7301662e-07
19189,14,1.1444548e-07
19190,14,7.145877e-08
19191,14,7.1922698e-08
19192,14,7.0764797e-08
19193,14,7.1202967e-08
19194,14,1.3918908e-07
19195,14,1.3732779e-07
19196,13,1.2376533e-07
19197,14,8.3999771e-08
19198,14,1.3879003e-07
19199,14,1.3695477e-07
19200,13,1.2354079e-07
19201,14,8.3076979e-08
19202,13,1.2280108e-07
19203,14,1.3758263e-07
19204,14,1.3806996e-07
19205,14,8.3318786e-08
19206,13,1.2285832e-07
19207,14,1.3737082e-07
19208,14,7.2971153e-08
19209,14,7.2357608e-08
19210,14,1.1740311e-07
19211,14,8.9101147e-08
19212,14,1.7221192e-07
19213,14,1.1622037e-07
19214,14,9.1004946e-08
19215,14,1.7318873e-07
19216,14,1.7458623e-07
19217,14,9.1105879e-08
19218,14,1.1386705e-07
19219,14,1.7288754e-07
19220,14,9.2084277e-08
19221,14,7.3463547e-08
19222,14,1.2223671e-07
19223,14,7.2489869e-08
19224,14,1.2429603e-07
19225,14,1.2217073e-07
19226,14,7.2549044e-08
19227,14,1.2112223e-07
19228,14,1.5210186e-07
19229,14,1.2401658e-07
19230,13,1.3014967e-07
19231,14,7.6056066e-08
19232,14,1.5006819e-07
19233,14,1.2273556e-07
19234,13,1.2936936e-07
19235,14,7.7344978e-08
19236,13,1.2917791e-07
19237,14,1.2139251e-07
19238,14,1.5269016e-07
19239,14,7.8600154e-08
19240,13,1.2984231e-07
19241,14,1.2246864e-07
19242,14,6.8505202e-08
19243,14,1.1335473e-07
19244,14,6.9970793e-08
19245,14,1.1056162e-07
19246,13,1.30671e-07
19247,14,1.237867e-07
19248,13,1.2936331e-07
19249,14,1.5604546e-07
19250,13,1.307745e-07
19251,14,1.2307438e-07
19252,13,1.2919876e-07
19253,14,1.567011e-07
19254,13,1.2984647e-07
19255,14,1.2535287e-07
19256,13,1.30671e-07
19257,14,1.5509232e-07
19258,13,1.2942244e-07
19259,14,1.2408828e-07
19260,14,1.1682651e-07
19261,14,6.8977439e-08
19262,14,1.1401191e-07
19263,14,1.3829098e-07
19264,14,6.4722101e-08
19265,14,1.5845369e-07
19266,14,1.3912174e-07
19267,14,6.2947333e-08
19268,14,1.5617979e-07
19269,14,1.5589214e-07
19270,14,6.2139855e-08
19271,14,1.3731646e-07
19272,14,1.5698929e-07
19273,14,6.3705973e-08
19274,14,1.1164816e-07
19275,14,1.2015372e-07
19276,13,1.23001e-07
19277,14,1.0365847e-07
19278,14,1.1183929e-07
19279,14,1.2007093e-07
19280,13,1.2304228e-07
19281,14,1.0408835e-07
19282,13,1.2333912e-07
19283,14,1.2036291e-07
19284,14,1.1186604e-07
19285,14,1.0323125e-07
19286,13,1.235008e-07
19287,14,1.2088029e-07
19288,13,1.2754711e-07
19289,14,1.2647933e-07
19290,13,1.2892952e-07
19291,14,1.2507048e-07
19292,13,1.2753956e-07
19293,14,1.2644388e-07
19294,13,1.2891909e-07
19295,14,1.2546624e-07
19296,13,1.2907379e-07
19297,14,1.2658024e-07
19298,13,1.2780375e-07
19299,14,1.2531381e-07
19300,13,1.2903051e-07
19301,14,1.2651859e-07
19302,13,1.289745e-07
19303,14,1.2507085e-07
19304,13,1.2766832e-07
19305,14,1.2639198e-07
19306,13,1.289681e-07
19307,14,1.2526363e-07
19308,13,1.2778903e-07
19309,14,1.2674282e-07
19310,13,1.2757524e-07
19311,14,1.2499639e-07
19312,13,1.2893733e-07
19313,14,1.2637031e-07
19314,13,1.2760063e-07
19315,14,1.2510344e-07
19316,13,1.2343707e-07
19317,14,1.0395499e-07
19318,14,1.1307568e-07
19319,14,1.2008854e-07
19320,13,1.2374856e-07
19321,14,1.0520266e-07
19322,14,1.1390909e-07
19323,14,1.2017095e-07
19324,14,1.1153144e-07
19325,14,1.0217624e-07
19326,13,1.2314502e-07
19327,14,1.1985587e-07
19328,14,1.1234466e-07
19329,14,1.0389466e-07
19330,14,1.6058007e-07
19331,14,1.3107844e-07
19332,14,6.7840453e-08
19333,14,1.6154511e-07
19334,14,1.2695367e-07
19335,14,6.4566411e-08
19336,14,1.3459187e-07
19337,14,1.5905728e-07
19338,14,6.5248508e-08
19339,14,1.3518788e-07
19340,14,1.1366254e-07
19341,14,6.9608641e-08
19342,14,1.1234553e-07
19343,14,6.846812e-08
19344,13,1.2876513e-07
19345,14,1.5521877e-07
19346,13,1.3037224e-07
19347,14,1.2259679e-07
19348,13,1.2844519e-07
19349,14,1.5417952e-07
19350,13,1.3012948e-07
19351,14,1.2502381e-07
19352,13,1.3135748e-07
19353,14,1.5744593e-07
19354,13,1.2965926e-07
19355,14,1.2428551e-07
19356,13,1.3118462e-07
19357,14,1.5712638e-07
19358,14,7.140683e-08
19359,14,1.1329601e-07
19360,14,7.1029551e-08
19361,13,1.2934459e-07
19362,14,7.6810774e-08
19363,14,1.517482e-07
19364,14,1.2405639e-07
19365,13,1.3007743e-07
19366,14,7.644398e-08
19367,14,1.5164271e-07
19368,14,1.1997201e-07
19369,14,1.5155875e-07
19370,14,7.8739402e-08
19371,13,1.2908786e-07
19372,14,1.2144993e-07
19373,14,1.5118329e-07
19374,14,7.7439139e-08
19375,14,1.2533015e-07
19376,14,7.3258935e-08
19377,14,1.2567911e-07
19378,14,7.3208364e-08
19379,14,7.1394021e-08
19380,14,1.2270644e-07
19381,14,7.190375e-08
19382,14,1.7130038e-07
19383,14,1.2274992e-07
19384,14,8.9247211e-08
19385,14,1.7294871e-07
19386,14,1.179052e-07
19387,14,8.9860183e-08
19388,14,1.2089666e-07
19389,14,1.73039e-07
19390,14,8.9621298e-08
19391,14,1.1983709e-07
19392,14,7.1968571e-08
19393,14,7.2170162e-08
19394,13,1.2327222e-07
19395,14,8.3541518e-08
19396,14,1.3756407e-07
19397,14,1.3782984e-07
19398,13,1.2317965e-07
19399,14,8.3479585e-08
19400,14,1.379432e-07
19401,14,1.3718514e-07
19402,14,1.3830414e-07
19403,14,8.2518255e-08
19404,13,1.2337705e-07
19405,14,1.3780992e-07
19406,14,1.3743691e-07
19407,14,8.3500504e-08
19408,14,7.1617445e-08
19409,14,7.1350986e-08
19410,14,7.1779307e-08
19411,14,1.717333e-07
19412,14,8.8315146e-08
19413,14,1.1586567e-07
19414,14,1.7346356e-07
19415,14,9.0744389e-08
19416,14,1.2565221e-07
19417,14,8.4552979e-08
19418,14,1.7105405e-07
19419,14,1.1787383e-07
19420,14,8.8163917e-08
19421,14,7.0828894e-08
19422,14,1.2392378e-07
19423,14,7.2836374e-08
19424,14,1.2424543e-07
19425,13,1.2919523e-07
19426,14,7.6760393e-08
19427,14,1.2122715e-07
19428,14,1.5195756e-07
19429,13,1.3010069e-07
19430,14,7.6914152e-08
19431,14,1.2385689e-07
19432,13,1.2906549e-07
19433,14,1.555964e-07
19434,13,1.2308204e-07
19435,13,1.3081793e-07
19436,13,1.2899505e-07
19437,14,1.55644e-07
19438,14,1.2286346e-07
19439,13,1.3078076e-07
19440,14,1.230807e-07
19441,14,1.5624068e-07
19442,13,1.2908992e-07
19443,13,1.3108927e-07
19444,14,1.2347487e-07
19445,14,1.5713854e-07
19446,14,1.4912846e-07
19447,14,1.2308488e-07
19448,14,7.3663916e-08
19449,13,1.2961849e-07
19450,14,1.5136273e-07
19451,14,1.2298801e-07
19452,14,7.6682895e-08
19453,14,7.3583689e-08
19454,14,1.2465714e-07
19455,14,7.2802712e-08
19456,14,1.1141567e-07
19457,14,6.8781466e-08
19458,14,1.1108665e-07
19459,14,1.589355e-07
19460,14,6.5223967e-08
19461,14,1.3790585e-07
19462,14,1.5700504e-07
19463,14,6.3893285e-08
19464,13,1.2275438e-07
19465,14,1.0196077e-07
19466,14,1.1957008e-07
19467,14,1.1225901e-07
19468,13,1.2277301e-07
19469,14,1.0473709e-07
19470,14,1.1925613e-07
19471,13,1.2862691e-07
19472,14,1.2518823e-07
19473,14,1.2602809e-07
19474,13,1.2742447e-07
19475,13,1.286682e-07
19476,14,1.2522521e-07
19477,14,1.260686e-07
19478,13,1.2736395e-07
19479,14,1.2636199e-07
19480,14,1.2500872e-07
19481,13,1.2874737e-07
19482,13,1.2735783e-07
19483,14,1.263491e-07
19484,14,1.2489718e-07
19485,14,1.1136412e-07
19486,14,1.1952933e-07
19487,14,1.0149941e-07
19488,13,1.2286985e-07
19489,14,1.1232719e-07
19490,14,1.1941976e-07
19491,14,1.0267653e-07
19492,14,1.3669616e-07
19493,14,6.4898798e-08
19494,14,1.608604e-07
19495,14,1.3265333e-07
19496,14,6.7317806e-08
19497,14,6.943877e-08
19498,14,1.1233494e-07
19499,14,6.9771206e-08
19500,14,6.8955048e-08
19501,14,1.1416147e-07
19502,14,6.9250383e-08
19503,14,1.1506342e-07
19504,14,6.4629019e-08
19505,14,1.336161e-07
19506,14,1.5902785e-07
19507,14,6.5861425e-08
19508,14,1.3127288e-07
19509,14,1.5967555e-07
19510,14,1.1915823e-07
19511,14,1.1263005e-07
19512,13,1.2291202e-07
19513,14,1.0416957e-07
19514,14,1.1927033e-07
19515,14,1.1275999e-07
19516,13,1.2298991e-07
19517,14,1.2648069e-07
19518,13,1.2740252e-07
19519,13,1.2881668e-07
19520,14,1.2487177e-07
19521,14,1.2640871e-07
19522,13,1.2742406e-07
19523,13,1.2882442e-07
19524,14,1.2498301e-07
19525,13,1.2871745e-07
19526,13,1.2735641e-07
19527,14,1.2635862e-07
19528,14,1.2479488e-07
19529,13,1.2877823e-07
19530,13,1.2732019e-07
19531,14,1.0362242e-07
19532,13,1.2271007e-07
19533,14,1.1245619e-07
19534,14,1.1904715e-07
19535,14,1.0315916e-07
19536,13,1.2271836e-07
19537,14,1.1207525e-07
19538,14,1.5934524e-07
19539,14,1.3522893e-07
19540,14,6.5096759e-08
19541,14,1.5852684e-07
19542,14,1.371266e-07
19543,14,1.1115123e-07
19544,14,6.9411761e-08
19545,14,1.1229159e-07
19546,14,6.8021909e-08
19547,14,7.3862591e-08
19548,14,1.2634518e-07
19549,14,7.3608227e-08
19550,14,1.2830314e-07
19551,14,1.2218816e-07
19552,14,1.520593e-07
19553,13,1.2971618e-07
19554,14,7.4394294e-08
19555,14,1.2061414e-07
19556,14,1.5026995e-07
19557,13,1.2856439e-07
19558,14,1.2409605e-07
19559,13,1.3087185e-07
19560,13,1.2937945e-07
19561,14,1.5530417e-07
19562,14,1.2429519e-07
19563,13,1.3065892e-07
19564,13,1.2940681e-07
19565,14,1.5608897e-07
19566,13,1.2919272e-07
19567,13,1.3091236e-07
19568,14,1.2324718e-07
19569,14,1.5480779e-07
19570,13,1.2920761e-07
19571,13,1.3067653e-07
19572,14,7.643351e-08
19573,13,1.2938688e-07
19574,14,1.51719e-07
19575,14,1.2363827e-07
19576,14,7.6399024e-08
19577,13,1.300445e-07
19578,14,1.5133873e-07
19579,14,1.2543823e-07
19580,14,7.3465468e-08
19581,14,1.2436053e-07
19582,14,7.2654946e-08
19583,14,7.1655308e-08
19584,14,7.177031e-08
19585,14,8.4397658e-08
19586,14,1.2283694e-07
19587,14,1.7039936e-07
19588,14,8.7674513e-08
19589,14,1.1940499e-07
19590,14,1.7201758e-07
19591,14,1.741658e-07
19592,14,1.1459083e-07
19593,14,9.1076482e-08
19594,14,1.7307294e-07
19595,14,1.1475686e-07
19596,14,7.2812212e-08
19597,14,7.1877621e-08
19598,14,7.1858092e-08
19599,14,7.1450063e-08
19600,14,1.386915e-07
19601,14,1.3730279e-07
19602,13,1.2347662e-07
19603,14,8.3570741e-08
19604,14,1.386731e-07
19605,14,1.3713625e-07
19606,13,1.23306e-07
19607,14,8.3368501e-08
19608,13,1.2274854e-07
19609,14,1.3624456e-07
19610,14,1.3833678e-07
19611,14,8.4058812e-08
19612,13,1.2282932e-07
19613,14,1.3653427e-07
19614,14,7.0592437e-08
19615,14,7.1103039e-08
19616,14,1.157425e-07
19617,14,9.0893767e-08
19618,14,1.7319373e-07
19619,14,1.1980001e-07
19620,14,8.7092569e-08
19621,14,1.7142471e-07
19622,14,1.7382216e-07
19623,14,9.2625809e-08
19624,14,1.1511757e-07
19625,14,1.7277252e-07
19626,14,9.0610984e-08
19627,14,7.2873058e-08
19628,14,1.2802031e-07
19629,14,7.2518745e-08
19630,14,1.2392098e-07
19631,14,1.2372973e-07
19632,14,7.3019541e-08
19633,14,1.2366045e-07
19634,14,1.5132477e-07
19635,14,1.2131695e-07
19636,13,1.2904672e-07
19637,14,7.6762641e-08
19638,14,1.5106629e-07
19639,14,1.2097866e-07
19640,13,1.2901753e-07
19641,14,7.6492198e-08
19642,13,1.3021752e-07
19643,14,1.2508147e-07
19644,14,1.5052112e-07
19645,14,7.6476222e-08
19646,13,1.2910525e-07
19647,14,1.2163461e-07
19648,14,6.9956923e-08
19649,14,1.1176314e-07
19650,14,7.0704476e-08
19651,14,1.1456403e-07
19652,13,1.3068077e-07
19653,14,1.2342148e-07
19654,13,1.2929122e-07
19655,14,1.5669765e-07
19656,13,1.310565e-07
19657,14,1.2448468e-07
19658,13,1.2963443e-07
19659,14,1.5464031e-07
19660,13,1.2891759e-07
19661,14,1.2259928e-07
19662,13,1.3074675e-07
19663,14,1.5622181e-07
19664,13,1.289013e-07
19665,14,1.2279973e-07
19666,14,1.1038563e-07
19667,14,7.0216524e-08
19668,14,1.1067881e-07
19669,14,1.3718478e-07
19670,14,6.4791048e-08
19671,14,1.5865335e-07
19672,14,1.3540662e-07
19673,14,6.5072103e-08
19674,14,1.5820036e-07
19675,14,1.592986e-07
19676,14,6.528772e-08
19677,14,1.3447165e-07
19678,14,1.5832575e-07
19679,14,6.4747554e-08
19680,14,1.1230307e-07
19681,14,1.1981462e-07
19682,13,1.2306833e-07
19683,14,1.0406658e-07
19684,14,1.1228874e-07
19685,14,1.1983478e-07
19686,13,1.2306626e-07
19687,14,1.0333111e-07
19688,13,1.2354204e-07
19689,14,1.2058057e-07
19690,14,1.1283561e-07
19691,14,1.0473753e-07
19692,13,1.2368447e-07
19693,14,1.2081796e-07
19694,13,1.2753206e-07
19695,14,1.2645181e-07
19696,13,1.2893025e-07
19697,14,1.2491559e-07
19698,13,1.2751681e-07
19699,14,1.2662421e-07
19700,13,1.2899382e-07
19701,14,1.2536779e-07
19702,13,1.2899003e-07
19703,14,1.263961e-07
19704,13,1.2790096e-07
19705,14,1.2549741e-07
19706,13,1.2900915e-07
19707,14,1.2634717e-07
19708,13,1.2898084e-07
19709,14,1.251982e-07
19710,13,1.2780452e-07
19711,14,1.2649504e-07
19712,13,1.2902677e-07
19713,14,1.251225e-07
19714,13,1.2778201e-07
19715,14,1.2629203e-07
19716,13,1.2767702e-07
19717,14,1.2523386e-07
19718,13,1.2903175e-07
19719,14,1.2657192e-07
19720,13,1.277587e-07
19721,14,1.2519827e-07
19722,13,1.2385514e-07
19723,14,1.0620661e-07
19724,14,1.1406574e-07
19725,14,1.2050684e-07
19726,13,1.2378848e-07
19727,14,1.0568422e-07
19728,14,1.1327421e-07
19729,14,1.1996802e-07
19730,14,1.1238864e-07
19731,14,1.0338638e-07
19732,13,1.2355675e-07
19733,14,1.2086898e-07
19734,14,1.1225769e-07
19735,14,1.0284359e-07
19736,14,1.6044194e-07
19737,14,1.2831312e-07
19738,14,6.4149168e-08
19739,14,1.5728966e-07
19740,14,1.320011e-07
19741,14,6.5835163e-08
19742,14,1.3554054e-07
19743,14,1.597365e-07
19744,14,6.6838531e-08
19745,14,1.3656211e-07
19746,14,1.1239159e-07
19747,14,6.8375591e-08
19748,14,1.1455832e-07
19749,14,6.9349519e-08
19750,13,1.2860326e-07
19751,14,1.5423265e-07
19752,13,1.302997e-07
19753,14,1.2410338e-07
19754,13,1.2923018e-07
19755,14,1.5645015e-07
19756,13,1.3102227e-07
19757,14,1.2322181e-07
19758,13,1.3082915e-07
19759,14,1.5616777e-07
19760,13,1.2901557e-07
19761,14,1.2289855e-07
19762,13,1.3051408e-07
19763,14,1.551146e-07
19764,14,6.9954742e-08
19765,14,1.1102242e-07
19766,14,6.940798e-08
19767,13,1.3030571e-07
19768,14,7.6897833e-08
19769,14,1.5147197e-07
19770,14,1.2470453e-07
19771,13,1.3077448e-07
19772,14,7.8988012e-08
19773,14,1.5281514e-07
19774,14,1.2248347e-07
19775,14,1.508048e-07
19776,14,7.5613387e-08
19777,13,1.294537e-07
19778,14,1.2347765e-07
19779,14,1.5009731e-07
19780,14,7.4941926e-08
19781,14,1.2391603e-07
19782,14,7.372681e-08
19783,14,1.2041559e-07
19784,14,7.325673e-08
19785,14,7.2903019e-08
19786,14,1.2665059e-07
19787,14,7.2310543e-08
19788,14,1.7291964e-07
19789,14,1.1272023e-07
19790,14,8.8835043e-08
19791,14,1.7269316e-07
19792,14,1.1781509e-07
19793,14,8.7554864e-08
19794,14,1.2180156e-07
19795,14,1.7333927e-07
19796,14,9.1649816e-08
19797,14,1.145697e-07
19798,14,7.2641946e-08
19799,14,7.1750248e-08
19800,13,1.2293141e-07
19801,14,8.2720623e-08
19802,14,1.3746701e-07
19803,14,1.376238e-07
19804,13,1.2303024e-07
19805,14,8.3713385e-08
19806,14,1.3777402e-07
19807,14,1.3819735e-07
19808,14,1.377987e-07
19809,14,8.4344682e-08
19810,13,1.2298694e-07
19811,14,1.3719022e-07
19812,14,1.3774457e-07
19813,14,8.3503628e-08
19814,14,7.1529791e-08
19815,14,7.1944874e-08
19816,14,7.1725189e-08
19817,14,1.7253892e-07
19818,14,9.1047898e-08
19819,14,1.1482383e-07
19820,14,1.7373523e-07
19821,14,9.1456602e-08
19822,14,1.1733964e-07
19823,14,9.1306875e-08
19824,14,1.729308e-07
19825,14,1.1930436e-07
19826,14,8.8827159e-08
19827,14,7.1436349e-08
19828,14,1.2586288e-07
19829,14,7.3047598e-08
19830,14,1.2654683e-07
19831,13,1.3043774e-07
19832,14,7.5558824e-08
19833,14,1.2541179e-07
19834,14,1.5127563e-07
19835,13,1.3034477e-07
19836,14,7.5822914e-08
19837,14,1.2446218e-07
19838,13,1.2889268e-07
19839,14,1.5458179e-07
19840,14,1.22649e-07
19841,13,1.3051688e-07
19842,13,1.2898605e-07
19843,14,1.5446834e-07
19844,14,1.2306471e-07
19845,13,1.3045679e-07
19846,14,1.2329732e-07
19847,14,1.5429628e-07
19848,13,1.2922382e-07
19849,13,1.3088825e-07
19850,14,1.238712e-07
19851,14,1.5627877e-07
19852,14,1.5184992e-07
19853,14,1.2319516e-07
19854,14,7.6248216e-08
19855,13,1.2917698e-07
19856,14,1.4986722e-07
19857,14,1.2293685e-07
19858,14,7.4340308e-08
19859,14,7.2763036e-08
19860,14,1.2701888e-07
19861,14,7.25247e-08
19862,14,1.1108492e-07
19863,14,6.7534994e-08
19864,14,1.1265623e-07
19865,14,1.5849371e-07
19866,14,6.4721807e-08
19867,14,1.3670066e-07
19868,14,1.5890721e-07
19869,14,6.5703992e-08
19870,13,1.2285875e-07
19871,14,1.0353624e-07
19872,14,1.1963999e-07
19873,14,1.1194053e-07
19874,13,1.2286168e-07
19875,14,1.0253465e-07
19876,14,1.197114e-07
19877,13,1.2879507e-07
19878,14,1.2472843e-07
19879,14,1.2651489e-07
19880,13,1.2733865e-07
19881,13,1.2878098e-07
19882,14,1.2477294e-07
19883,14,1.2638888e-07
19884,13,1.2736134e-07
19885,14,1.265051e-07
19886,14,1.247643e-07
19887,13,1.288167e-07
19888,13,1.2744406e-07
19889,14,1.2637733e-07
19890,14,1.2481924e-07
19891,14,1.126218e-07
19892,14,1.1937489e-07
19893,14,1.0230476e-07
19894,13,1.2325974e-07
19895,14,1.1280086e-07
19896,14,1.2004362e-07
19897,14,1.034284e-07
19898,14,1.2834953e-07
19899,14,6.941965e-08
19900,14,1.6121337e-07
19901,14,1.2936893e-07
19902,14,6.7668645e-08
19903,14,6.8071388e-08
19904,14,1.1386476e-07
19905,14,6.9328273e-08
19906,14,6.9961402e-08
19907,14,1.1270529e-07
19908,14,7.135003e-08
19909,14,1.1186376e-07
19910,14,6.6857709e-08
19911,14,1.3246876e-07
19912,14,1.6086433e-07
19913,14,6.6147374e-08
19914,14,1.3468576e-07
19915,14,1.6074567e-07
19916,14,1.1997044e-07
19917,14,1.1254145e-07
19918,13,1.2319001e-07
19919,14,1.0315481e-07
19920,14,1.1972016e-07
19921,14,1.1261626e-07
19922,13,1.2316807e-07
19923,14,1.2635638e-07
19924,13,1.2754691e-07
19925,13,1.2888111e-07
19926,14,1.2519414e-07
19927,14,1.2649762e-07
19928,13,1.276503e-07
19929,13,1.2901272e-07
19930,14,1.2475612e-07
19931,13,1.2888301e-07
19932,13,1.2741806e-07
19933,14,1.2670603e-07
19934,14,1.2479732e-07
19935,13,1.290607e-07
19936,13,1.2759278e-07
19937,14,1.0320529e-07
19938,13,1.2305666e-07
19939,14,1.1218887e-07
19940,14,1.2080663e-07
19941,14,1.0293385e-07
19942,13,1.2351685e-07
19943,14,1.1235111e-07
19944,14,1.5889745e-07
19945,14,1.3885836e-07
19946,14,6.5686978e-08
19947,14,1.5927915e-07
19948,14,1.3457105e-07
19949,14,1.1113508e-07
19950,14,6.9272192e-08
19951,14,1.106816e-07
19952,14,7.0189948e-08
19953,14,7.3270077e-08
19954,14,1.2683155e-07
19955,14,7.3197191e-08
19956,14,1.2752532e-07
19957,14,1.2259044e-07
19958,14,1.5006625e-07
19959,13,1.2894793e-07
19960,14,7.4690846e-08
19961,14,1.1927269e-07
19962,14,1.4978301e-07
19963,13,1.2799791e-07
19964,14,1.2392624e-07
19965,13,1.310403e-07
19966,13,1.2948491e-07
19967,14,1.5735347e-07
19968,14,1.2392465e-07
19969,13,1.3119127e-07
19970,13,1.2965357e-07
19971,14,1.5636061e-07
19972,13,1.2935889e-07
19973,13,1.3116643e-07
19974,13,1.2319448e-07
19975,14,1.566984e-07
19976,13,1.2946374e-07
19977,13,1.3136897e-07
19978,14,7.7837277e-08
19979,13,1.3014474e-07
19980,14,1.5234944e-07
19981,14,1.2200703e-07
19982,14,7.6907056e-08
19983,13,1.2983214e-07
19984,14,1.5217826e-07
19985,14,1.2269658e-07
19986,14,7.318351e-08
19987,14,1.2533145e-07
19988,14,7.3858692e-08
19989,14,7.2009239e-08
19990,14,7.2184523e-08
19991,14,9.0629238e-08
19992,14,1.154693e-07
19993,14,1.7288155e-07
19994,14,9.1948206e-08
19995,14,1.1483031e-07
19996,14,1.747267e-07
19997,14,1.7530625e-07
19998,14,1.162983e-07
19999,14,9.0226332e-08
20000,14,1.7242579e-07
20001,14,1.1419363e-07
20002,14,7.1544218e-08
20003,14,7.2045355e-08
20004,14,7.218577e-08
20005,14,7.2256408e-08
20006,14,1.3795051e-07
20007,14,1.3700209e-07
20008,13,1.2298041e-07
20009,14,8.3093854e-08
20010,14,1.3800196e-07
20011,14,1.3686379e-07
20012,13,1.2285475e-07
20013,14,8.434159e-08
20014,13,1.2313749e-07
20015,14,1.3760909e-07
20016,14,1.3858963e-07
20017,14,8.392474e-08
20018,13,1.2318629e-07
20019,14,1.3734628e-07
20020,14,7.2362691e-08
20021,14,7.1813637e-08
20022,14,1.1520793e-07
20023,14,9.1039048e-08
20024,14,1.7329988e-07
20025,14,1.0673941e-07
20026,14,9.7257029e-08
20027,14,1.7541559e-07
20028,14,1.7315727e-07
20029,14,9.1839855e-08
20030,14,1.1546932e-07
20031,14,1.7390208e-07
20032,14,9.1520102e-08
20033,14,7.2652066e-08
20034,14,1.2193284e-07
20035,14,7.3326184e-08
20036,14,1.2432808e-07
20037,14,1.2500091e-07
20038,14,7.2596619e-08
20039,14,1.2486739e-07
20040,14,1.5254668e-07
20041,14,1.2261828e-07
20042,13,1.2989885e-07
20043,14,7.7840781e-08
20044,14,1.531086e-07
20045,14,1.2337908e-07
20046,13,1.3035204e-07
20047,14,7.6944569e-08
20048,13,1.2929461e-07
20049,14,1.2159417e-07
20050,14,1.5151992e-07
20051,14,7.6835395e-08
20052,13,1.30145e-07
20053,14,1.2448665e-07
20054,14,6.9844584e-08
20055,14,1.1327217e-07
20056,14,6.9797043e-08
20057,14,1.1266277e-07
20058,13,1.3104604e-07
20059,14,1.2403793e-07
20060,13,1.2959898e-07
20061,14,1.5617435e-07
20062,13,1.3118287e-07
20063,14,1.2375002e-07
20064,13,1.295397e-07
20065,14,1.5536072e-07
20066,13,1.2905216e-07
20067,14,1.2327129e-07
20068,13,1.3045474e-07
20069,14,1.5442798e-07
20070,13,1.2916348e-07
20071,14,1.2328174e-07
20072,14,1.1225944e-07
20073,14,6.8246184e-08
20074,14,1.1246247e-07
20075,14,1.357977e-07
20076,14,6.5025662e-08
20077,14,1.5798392e-07
20078,14,1.3359995e-07
20079,14,6.5683031e-08
20080,14,1.5861319e-07
20081,14,1.5855584e-07
20082,14,6.4148279e-08
20083,14,1.3699417e-07
20084,14,1.5845698e-07
20085,14,6.4662499e-08
20086,14,1.1187878e-07
20087,14,1.1969208e-07
20088,13,1.2305654e-07
20089,14,1.043546e-07
20090,14,1.1281953e-07
20091,14,1.2007988e-07
20092,13,1.2345837e-07
20093,14,1.0410285e-07
20094,13,1.2347621e-07
20095,14,1.2003097e-07
20096,14,1.1275226e-07
20097,14,1.041956e-07
20098,13,1.2349912e-07
20099,14,1.1985716e-07
20100,13,1.2757781e-07
20101,14,1.2657291e-07
20102,13,1.290351e-07
20103,14,1.252617e-07
20104,13,1.2779438e-07
20105,14,1.2660273e-07
20106,13,1.2912938e-07
20107,14,1.2539785e-07
20108,13,1.2908898e-07
20109,14,1.2650314e-07
20110,13,1.2794195e-07
20111,14,1.2542761e-07
20112,13,1.292058e-07
20113,14,1.266364e-07
20114,13,1.2905538e-07
20115,14,1.2523915e-07
20116,13,1.2783006e-07
20117,14,1.2657122e-07
20118,13,1.2911456e-07
20119,14,1.2521801e-07
20120,13,1.2778255e-07
20121,14,1.2644382e-07
20122,13,1.2783956e-07
20123,14,1.2532964e-07
20124,13,1.2918864e-07
20125,14,1.2660063e-07
20126,13,1.2790216e-07
20127,14,1.2535427e-07
20128,13,1.2375601e-07
20129,14,1.0596693e-07
20130,14,1.133294e-07
20131,14,1.2003871e-07
20132,13,1.2339637e-07
20133,14,1.0455058e-07
20134,14,1.1258402e-07
20135,14,1.2067005e-07
20136,14,1.1216462e-07
20137,14,1.0291911e-07
20138,13,1.2358235e-07
20139,14,1.2038662e-07
20140,14,1.127325e-07
20141,14,1.0602224e-07
20142,14,1.5840444e-07
20143,14,1.3193039e-07
20144,14,6.4153643e-08
20145,14,1.5666223e-07
20146,14,1.3216744e-07
20147,14,6.5778969e-08
20148,14,1.3395644e-07
20149,14,1.5591015e-07
20150,14,6.2122701e-08
20151,14,1.3850027e-07
20152,14,1.1611116e-07
20153,14,6.8847191e-08
20154,14,1.1314719e-07
20155,14,6.9456289e-08
20156,13,1.2943971e-07
20157,14,1.5491005e-07
20158,13,1.308238e-07
20159,14,1.237265e-07
20160,13,1.2939304e-07
20161,14,1.5580949e-07
20162,13,1.3103159e-07
20163,14,1.2345796e-07
20164,13,1.30703e-07
20165,14,1.5548782e-07
20166,13,1.2924175e-07
20167,14,1.2322028e-07
20168,13,1.3067954e-07
20169,14,1.5477695e-07
20170,14,6.9522612e-08
20171,14,1.1190602e-07
20172,14,6.877977e-08
20173,13,1.3017807e-07
20174,14,7.8219994e-08
20175,14,1.52309e-07
20176,14,1.2310846e-07
20177,13,1.2993257e-07
20178,14,7.5808443e-08
20179,14,1.5070508e-07
20180,14,1.2321904e-07
20181,14,1.5137939e-07
20182,14,7.627114e-08
20183,13,1.2992617e-07
20184,14,1.2357902e-07
20185,14,1.511687e-07
20186,14,7.5949418e-08
20187,14,1.2120042e-07
20188,14,7.3837482e-08
20189,14,1.2493762e-07
20190,14,7.3434412e-08
20191,14,7.2216985e-08
20192,14,1.264057e-07
20193,14,7.248357e-08
20194,14,1.7321753e-07
20195,14,1.1692912e-07
20196,14,9.0203102e-08
20197,14,1.7208249e-07
20198,14,1.1431426e-07
20199,14,9.1827553e-08
20200,14,1.1365928e-07
20201,14,1.7533044e-07
20202,14,9.1679061e-08
20203,14,1.175965e-07
20204,14,7.1395715e-08
20205,14,7.2525617e-08
20206,13,1.2310054e-07
20207,14,8.4446265e-08
20208,14,1.3768012e-07
20209,14,1.3832695e-07
20210,13,1.2307472e-07
20211,14,8.4304155e-08
20212,14,1.3728734e-07
20213,14,1.3718035e-07
20214,14,1.3722412e-07
20215,14,8.2378338e-08
20216,13,1.228031e-07
20217,14,1.3743126e-07
20218,14,1.3702569e-07
20219,14,8.3038365e-08
20220,14,7.2237321e-08
20221,14,7.1048198e-08
20222,14,7.0313038e-08
20223,14,1.7268352e-07
20224,14,8.9125139e-08
20225,14,1.1559062e-07
20226,14,1.7294508e-07
20227,14,9.0352848e-08
20228,14,1.1357391e-07
20229,14,9.2446493e-08
20230,14,1.7535318e-07
20231,14,1.0976061e-07
20232,14,9.5654608e-08
20233,14,7.1432439e-08
20234,14,1.2603076e-07
20235,14,7.3209528e-08
20236,14,1.2647559e-07
20237,13,1.3017182e-07
20238,14,7.6532259e-08
20239,14,1.2343356e-07
20240,14,1.5153379e-07
20241,13,1.2996526e-07
20242,14,7.5943899e-08
20243,14,1.234309e-07
20244,13,1.2904829e-07
20245,14,1.5450233e-07
20246,14,1.228198e-07
20247,13,1.3116359e-07
20248,13,1.2941833e-07
20249,14,1.5638003e-07
20250,13,1.233179e-07
20251,13,1.3102769e-07
20252,14,1.2407193e-07
20253,14,1.559447e-07
20254,13,1.2972643e-07
20255,13,1.3136195e-07
20256,14,1.2404498e-07
20257,14,1.562834e-07
20258,14,1.5061348e-07
20259,14,1.2127447e-07
20260,14,7.4947199e-08
20261,13,1.3097513e-07
20262,14,1.5165341e-07
20263,14,1.2580603e-07
20264,14,7.6345021e-08
20265,14,7.2796501e-08
20266,14,1.2508272e-07
20267,14,7.3087712e-08
20268,14,1.1122672e-07
20269,14,6.9520949e-08
20270,14,1.1141621e-07
20271,14,1.5897053e-07
20272,14,6.542477e-08
20273,14,1.3611102e-07
20274,14,1.5746812e-07
20275,14,6.5124826e-08
20276,13,1.2286279e-07
20277,14,1.0346334e-07
20278,14,1.1932213e-07
20279,14,1.1248062e-07
20280,13,1.2302608e-07
20281,14,1.043485e-07
20282,14,1.1937772e-07
20283,13,1.287862e-07
20284,14,1.2502649e-07
20285,14,1.2619507e-07
20286,13,1.2759183e-07
20287,13,1.2893121e-07
20288,14,1.2516059e-07
20289,14,1.264326e-07
20290,13,1.2751545e-07
20291,14,1.264511e-07
20292,14,1.2495983e-07
20293,13,1.2896277e-07
20294,13,1.2755239e-07
20295,14,1.2655995e-07
20296,14,1.2497739e-07
20297,14,1.1237615e-07
20298,14,1.2012426e-07
20299,14,1.0326557e-07
20300,13,1.2314269e-07
20301,14,1.1251157e-07
20302,14,1.1990685e-07
20303,14,1.0364876e-07
20304,14,1.3361609e-07
20305,14,6.460929e-08
20306,14,1.5982696e-07
20307,14,1.3579669e-07
20308,14,6.4932424e-08
20309,14,6.99592e-08
20310,14,1.1329335e-07
20311,14,6.8252187e-08
20312,14,7.144024e-08
20313,14,1.1326302e-07
20314,17,7.025693e-08
20315,17,1.1413151e-07
20316,14,6.612885e-08
20317,14,1.3459445e-07
20318,14,1.5953975e-07
20319,17,6.6858533e-08
20320,17,1.3478662e-07
20321,17,1.6120423e-07
20322,14,1.1944879e-07
20323,14,1.1275355e-07
20324,13,1.232584e-07
20325,17,1.0434081e-07
20326,17,1.2031295e-07
20327,17,1.1311558e-07
20328,16,1.2343604e-07
20329,14,1.2694286e-07
20330,13,1.2783466e-07
20331,13,1.293234e-07
20332,17,1.2575494e-07
20333,17,1.2743941e-07
20334,16,1.2786394e-07
20335,16,1.2936538e-07
20336,14,1.2528727e-07
20337,13,1.2932709e-07
20338,13,1.2795653e-07
20339,17,1.2740151e-07
20340,17,1.2601899e-07
20341,16,1.2940503e-07
20342,16,1.2804994e-07
20343,14,1.0408851e-07
20344,13,1.238592e-07
20345,14,1.1276752e-07
20346,17,1.2143426e-07
20347,17,1.0522459e-07
20348,16,1.237902e-07
20349,17,1.1253498e-07
20350,14,1.5962454e-07
20351,14,1.3628608e-07
20352,17,6.2511196e-08
20353,17,1.5658065e-07
20354,17,1.3745077e-07
20355,14,1.1268745e-07
20356,14,7.041104e-08
20357,17,1.1313397e-07
20358,17,6.8858778e-08
20359,14,7.4117705e-08
20360,14,1.2859148e-07
20361,17,7.386334e-08
20362,17,1.2679526e-07
20363,14,1.1844671e-07
20364,14,1.5115354e-07
20365,13,1.282374e-07
20366,17,7.7128703e-08
20367,17,1.2228821e-07
20368,17,1.5266402e-07
20369,16,1.2994931e-07
20370,14,1.2453797e-07
20371,13,1.3168297e-07
20372,13,1.3000677e-07
20373,17,1.5738764e-07
20374,17,1.2482201e-07
20375,16,1.316761e-07
20376,16,1.2994313e-07
20377,14,1.5690303e-07
20378,13,1.2986813e-07
20379,13,1.3164369e-07
20380,17,1.2437665e-07
20381,17,1.5711611e-07
20382,16,1.2987495e-07
20383,16,1.3174323e-07
20384,14,7.4972852e-08
20385,13,1.2985158e-07
20386,14,1.5192163e-07
20387,17,1.2707267e-07
20388,17,7.6013139e-08
20389,16,1.3136595e-07
20390,17,1.5148969e-07
20391,14,1.296457e-07
20392,14,7.3849755e-08
20393,17,1.2582989e-07
20394,17,7.3615883e-08
20395,14,7.2004026e-08
20396,17,7.166033e-08
20397,14,8.9897625e-08
20398,14,1.1514952e-07
20399,14,1.7270585e-07
20400,17,8.843353e-08
20401,17,1.2176652e-07
20402,17,1.7405487e-07
20403,14,1.734301e-07
20404,14,1.1239761e-07
20405,17,9.3837907e-08
20406,17,1.7497667e-07
20407,17,1.1179049e-07
20408,14,7.2090486e-08
20409,17,7.2457518e-08
20410,14,7.2019215e-08
20411,17,7.2414252e-08
20412,14,1.3887522e-07
20413,14,1.3769991e-07
20414,13,1.2336862e-07
20415,17,8.4655625e-08
20416,17,1.3928292e-07
20417,17,1.3843895e-07
20418,16,1.2361053e-07
20419,14,8.3270212e-08
20420,13,1.2327222e-07
20421,14,1.3793142e-07
20422,17,1.3874131e-07
20423,17,8.3828464e-08
20424,16,1.2327709e-07
20425,17,1.3809672e-07
20426,14,7.2063475e-08
20427,17,7.2326229e-08
20428,14,1.1230716e-07
20429,14,9.3022477e-08
20430,14,1.7402668e-07
20431,17,1.1856614e-07
20432,17,9.0456745e-08
20433,17,1.744969e-07
20434,14,1.7334517e-07
20435,14,8.8555846e-08
20436,17,1.1857934e-07
20437,17,1.7283567e-07
20438,17,8.9775823e-08
20439,14,7.3469208e-08
20440,14,1.280387e-07
20441,17,7.3473127e-08
20442,17,1.252347e-07
20443,14,1.2659945e-07
20444,17,7.4252658e-08
20445,17,1.2667301e-07
20446,14,1.4997615e-07
20447,14,1.2410536e-07
20448,13,1.3019083e-07
20449,17,7.7774328e-08
20450,17,1.5308188e-07
20451,17,1.2325166e-07
20452,16,1.3030896e-07
20453,14,7.5663899e-08
20454,13,1.2951012e-07
20455,14,1.2217394e-07
20456,17,1.5198892e-07
20457,17,7.675403e-08
20458,16,1.2916997e-07
20459,17,1.2121461e-07
20460,14,6.9352824e-08
20461,14,1.1269331e-07
20462,17,7.0395625e-08
20463,17,1.1293049e-07
20464,13,1.3135341e-07
20465,14,1.2384543e-07
20466,13,1.296855e-07
20467,17,1.5668458e-07
20468,16,1.3147189e-07
20469,17,1.2423159e-07
20470,16,1.2970052e-07
20471,14,1.5675536e-07
20472,13,1.2955277e-07
20473,14,1.2380359e-07
20474,16,1.3180263e-07
20475,17,1.5860462e-07
20476,16,1.2993641e-07
20477,17,1.2481585e-07
20478,14,1.1267986e-07
20479,17,7.1894676e-08
20480,17,1.1335318e-07
20481,14,1.3516209e-07
20482,14,6.4351466e-08
20483,14,1.5966093e-07
20484,17,1.3451275e-07
20485,17,6.4911992e-08
20486,17,1.5911935e-07
20487,14,1.6042611e-07
20488,14,6.6747268e-08
20489,17,1.3215812e-07
20490,17,1.6123961e-07
20491,17,6.7232458e-08
20492,14,1.1381476e-07
20493,14,1.2060103e-07
20494,13,1.2398749e-07
20495,17,1.0658919e-07
20496,17,1.1365604e-07
20497,17,1.2133062e-07
20498,16,1.2403929e-07
20499,14,1.0548702e-07
20500,13,1.2403047e-07
20501,14,1.2064493e-07
20502,17,1.1345808e-07
20503,17,1.0487544e-07
20504,16,1.2401229e-07
20505,17,1.2127888e-07
20506,13,1.2810043e-07
20507,14,1.2677888e-07
20508,13,1.293808e-07
20509,17,1.2598027e-07
20510,16,1.2815763e-07
20511,17,1.2749837e-07
20512,16,1.2949957e-07
20513,14,1.2572612e-07
20514,13,1.2948894e-07
20515,14,1.2685794e-07
20516,16,1.2830764e-07
20517,17,1.2629873e-07
20518,16,1.2957334e-07
20519,17,1.2747764e-07
20520,13,1.2934746e-07
20521,14,1.2537985e-07
20522,13,1.2794715e-07
20523,17,1.2734922e-07
20524,16,1.2943199e-07
20525,17,1.2618085e-07
20526,16,1.2805677e-07
20527,14,1.2703633e-07
20528,13,1.2813208e-07
20529,14,1.2548398e-07
20530,16,1.2957724e-07
20531,17,1.2762769e-07
20532,16,1.2814192e-07
20533,17,1.2607212e-07
20534,13,1.2336181e-07
20535,14,1.0387e-07
20536,14,1.1254455e-07
20537,17,1.207259e-07
20538,16,1.2334366e-07
20539,17,1.017439e-07
20540,17,1.1186792e-07
20541,14,1.2110785e-07
20542,14,1.125683e-07
20543,14,1.0443163e-07
20544,16,1.2373424e-07
20545,17,1.2136681e-07
20546,17,1.1240313e-07
20547,17,1.0369682e-07
20548,14,1.5926957e-07
20549,14,1.4038044e-07
20550,17,6.7045443e-08
20551,17,1.6028399e-07
20552,17,1.3885022e-07
20553,14,6.3042988e-08
20554,14,1.4238573e-07
20555,17,1.5883664e-07
20556,17,6.5896606e-08
20557,17,1.3836161e-07
20558,14,1.1137827e-07
20559,14,6.799112e-08
20560,17,1.1218079e-07
20561,17,6.921007e-08
20562,13,1.2955901e-07
20563,14,1.5508946e-07
20564,13,1.3103405e-07
20565,17,1.2398555e-07
20566,16,1.2976779e-07
20567,17,1.5535496e-07
20568,16,1.3116089e-07
20569,14,1.233738e-07
20570,13,1.3112706e-07
20571,14,1.556306e-07
20572,16,1.2961084e-07
20573,17,1.236823e-07
20574,16,1.315393e-07
20575,17,1.5731884e-07
20576,14,6.8924648e-08
20577,17,1.1120539e-07
20578,17,7.0379139e-08
20579,13,1.3136164e-07
20580,14,7.5741967e-08
20581,14,1.5173728e-07
20582,17,1.2455053e-07
20583,16,1.3074102e-07
20584,17,7.733753e-08
20585,17,1.533383e-07
20586,14,1.2486096e-07
20587,14,1.5157064e-07
20588,14,7.5155337e-08
20589,16,1.3065751e-07
20590,17,1.2416909e-07
20591,17,1.5221362e-07
20592,17,7.7101003e-08
20593,14,1.267672e-07
20594,14,7.3754981e-08
20595,17,1.2760812e-07
20596,17,7.407562e-08
20597,14,7.3132202e-08
20598,17,1.2704438e-07
20599,17,7.3558825e-08
20600,14,1.7492687e-07
20601,14,1.1229997e-07
20602,17,9.2900258e-08
20603,17,1.7609361e-07
20604,17,1.1546111e-07
20605,14,8.9564852e-08
20606,14,1.1750077e-07
20607,17,1.7486233e-07
20608,17,9.3397879e-08
20609,17,1.1361768e-07
20610,14,7.269503e-08
20611,17,7.271151e-08
20612,13,1.230956e-07
20613,14,8.3640446e-08
20614,14,1.3770583e-07
20615,17,1.3809945e-07
20616,16,1.2301726e-07
20617,17,8.3579858e-08
20618,17,1.3842908e-07
20619,14,1.3775836e-07
20620,14,1.3789384e-07
20621,14,8.3601051e-08
20622,16,1.2349452e-07
20623,17,1.3871907e-07
20624,17,1.3832162e-07
20625,17,8.3738004e-08
20626,17,7.3105977e-08
20627,14,7.164004e-08
20628,17,7.2380325e-08
20629,14,1.7501197e-07
20630,14,9.2309706e-08
20631,17,1.1762195e-07
20632,17,1.7277719e-07
20633,17,8.9200764e-08
20634,14,1.2060145e-07
20635,14,8.7912355e-08
20636,17,1.7283388e-07
20637,17,1.2558635e-07
20638,17,8.5555076e-08
20639,17,7.1457784e-08
20640,14,1.2624803e-07
20641,17,7.4731226e-08
20642,17,1.2617551e-07
20643,13,1.2928315e-07
20644,14,7.6773212e-08
20645,14,1.2019952e-07
20646,17,1.5177815e-07
20647,16,1.294427e-07
20648,17,7.6581178e-08
20649,17,1.2129019e-07
20650,13,1.2992607e-07
20651,14,1.5689587e-07
20652,13,1.2429455e-07
20653,16,1.3186445e-07
20654,16,1.3015399e-07
20655,17,1.5808593e-07
20656,17,1.2513914e-07
20657,13,1.3176857e-07
20658,14,1.2402477e-07
20659,14,1.5645747e-07
20660,16,1.3010224e-07
20661,16,1.3224085e-07
20662,16,1.2437229e-07
20663,17,1.5845548e-07
20664,14,1.533295e-07
20665,14,1.2614558e-07
20666,14,7.8078542e-08
20667,16,1.3123476e-07
20668,17,1.5259266e-07
20669,17,1.243747e-07
20670,17,7.8012977e-08
20671,14,7.3629053e-08
20672,17,1.2343512e-07
20673,17,7.4426333e-08
20674,14,1.1335213e-07
20675,17,7.1341481e-08
20676,17,1.1442696e-07
20677,14,1.5911011e-07
20678,14,6.5894492e-08
20679,17,1.3346105e-07
20680,17,1.6177473e-07
20681,17,6.6485674e-08
20682,13,1.2345698e-07
20683,14,1.0455777e-07
20684,14,1.1993947e-07
20685,17,1.1360217e-07
20686,16,1.2356691e-07
20687,17,1.0542358e-07
20688,17,1.2041144e-07
20689,13,1.2921278e-07
20690,14,1.2539097e-07
20691,14,1.2675703e-07
20692,16,1.2797209e-07
20693,16,1.2922674e-07
20694,17,1.2607468e-07
20695,17,1.2717625e-07
20696,13,1.2775854e-07
20697,14,1.2669749e-07
20698,14,1.2534044e-07
20699,16,1.2916049e-07
20700,16,1.2773431e-07
20701,17,1.2710894e-07
20702,17,1.2579368e-07
20703,14,1.1252212e-07
20704,14,1.1936649e-07
20705,14,1.0492438e-07
20706,16,1.2313673e-07
20707,17,1.1245989e-07
20708,17,1.1999715e-07
20709,17,1.0364347e-07
20710,14,1.3510816e-07
20711,14,6.3533365e-08
20712,17,1.5987251e-07
20713,17,1.3831133e-07
20714,17,6.6297625e-08
20715,14,6.8880698e-08
20716,17,1.1161348e-07
20717,17,7.1158928e-08
20718,17,6.9147424e-08
20719,17,1.1514893e-07
20720,17,6.959981e-08
20721,17,1.146644e-07
20722,17,6.6807853e-08
20723,17,1.349077e-07
20724,17,1.606825e-07
20725,17,6.8926861e-08
20726,17,1.3591987e-07
20727,17,1.5709088e-07
20728,17,1.2170202e-07
20729,17,1.1243938e-07
20730,16,1.2257608e-07
20731,17,1.0532077e-07
20732,17,1.2186057e-07
20733,17,1.1007663e-07
20734,16,1.1446146e-07
20735,17,1.2817906e-07
20736,16,1.265982e-07
20737,16,1.2810653e-07
20738,17,1.2692535e-07
20739,17,1.2863265e-07
20740,16,1.1861819e-07
20741,16,1.2038909e-07
20742,17,1.2683213e-07
20743,16,1.2819769e-07
20744,16,1.2676181e-07
20745,17,1.2882684e-07
20746,17,1.2734149e-07
20747,16,1.2047298e-07
20748,16,1.1881147e-07
20749,17,1.0585196e-07
20750,16,1.2275592e-07
20751,17,1.1199982e-07
20752,17,1.2243412e-07
20753,17,1.0449413e-07
20754,16,1.1457876e-07
20755,17,1.0941635e-07
20756,17,1.5900201e-07
20757,17,1.3872555e-07
20758,17,6.9013065e-08
20759,17,1.5467735e-07
20760,17,1.3622417e-07
20761,17,1.1404524e-07
20762,17,6.9130529e-08
20763,17,1.144901e-07
20764,17,7.1201036e-08
20765,17,7.378774e-08
20766,17,1.268617e-07
20767,17,7.5116606e-08
20768,17,1.1929227e-07
20769,17,1.2716272e-07
20770,17,1.5263904e-07
20771,16,1.3076227e-07
20772,17,8.0014082e-08
20773,17,1.2772365e-07
20774,17,1.5307821e-07
20775,16,1.2423695e-07
20776,17,1.2517921e-07
20777,16,1.3049702e-07
20778,16,1.2853853e-07
20779,17,1.58339e-07
20780,17,1.2523995e-07
20781,16,1.2373969e-07
20782,16,1.2136025e-07
20783,17,1.5782764e-07
20784,16,1.285441e-07
20785,16,1.3057641e-07
20786,17,1.2531295e-07
20787,17,1.5867841e-07
20788,16,1.2144212e-07
20789,16,1.2371364e-07
20790,17,7.6414053e-08
20791,16,1.3117602e-07
20792,17,1.5127901e-07
20793,17,1.2477395e-07
20794,17,7.7647253e-08
20795,16,1.2292303e-07
20796,17,1.5153917e-07
20797,17,1.266284e-07
20798,17,7.4027113e-08
20799,17,1.2219336e-07
20800,17,7.5155573e-08
20801,17,7.2413266e-08
20802,17,7.285651e-08
20803,17,9.0703014e-08
20804,17,1.1989333e-07
20805,17,1.7355617e-07
20806,17,9.1675635e-08
20807,17,1.2072556e-07
20808,17,1.6903428e-07
20809,17,1.7763261e-07
20810,17,1.1673482e-07
20811,17,9.2133525e-08
20812,17,1.6880918e-07
20813,17,1.1918034e-07
20814,17,7.3568586e-08
20815,17,7.2680539e-08
20816,17,7.2852649e-08
20817,17,7.2820013e-08
20818,17,1.3980485e-07
20819,17,1.38915e-07
20820,16,1.2294455e-07
20821,17,8.4437688e-08
20822,17,1.388126e-07
20823,17,1.3733821e-07
20824,16,1.1595953e-07
20825,17,8.4849066e-08
20826,16,1.2284103e-07
20827,17,1.3854289e-07
20828,17,1.3903847e-07
20829,17,8.5694545e-08
20830,16,1.1620538e-07
20831,17,1.3806054e-07
20832,17,7.2152237e-08
20833,17,7.2734167e-08
20834,17,1.1887868e-07
20835,17,9.192222e-08
20836,17,1.7476832e-07
20837,17,1.1702759e-07
20838,17,9.4699766e-08
20839,17,1.7026298e-07
20840,17,1.7469114e-07
20841,17,8.9141442e-08
20842,17,1.1971859e-07
20843,17,1.6891061e-07
20844,17,9.1202381e-08
20845,17,7.4171771e-08
20846,17,1.2262243e-07
20847,17,7.4929157e-08
20848,17,1.213623e-07
20849,17,1.2848699e-07
20850,17,7.5929166e-08
20851,17,1.2487461e-07
20852,17,1.5289512e-07
20853,17,1.2268467e-07
20854,16,1.2941234e-07
20855,17,7.8929182e-08
20856,17,1.5217148e-07
20857,17,1.2641132e-07
20858,16,1.2358959e-07
20859,17,7.7802955e-08
20860,16,1.2821332e-07
20861,17,1.2087168e-07
20862,17,1.4999904e-07
20863,17,7.6939148e-08
20864,16,1.2075579e-07
20865,17,1.1937774e-07
20866,17,7.2592608e-08
20867,17,1.1509942e-07
20868,17,7.1777297e-08
20869,17,1.1455153e-07
20870,16,1.3082669e-07
20871,17,1.2557398e-07
20872,16,1.2866984e-07
20873,17,1.5957724e-07
20874,16,1.2381442e-07
20875,17,1.2553228e-07
20876,16,1.215373e-07
20877,17,1.5936272e-07
20878,16,1.290815e-07
20879,17,1.2664013e-07
20880,16,1.2395069e-07
20881,17,1.6113262e-07
20882,16,1.2206861e-07
20883,17,1.2729423e-07
20884,17,1.1705588e-07
20885,17,7.4232776e-08
20886,17,1.1777841e-07
20887,17,1.3539366e-07
20888,17,6.7774151e-08
20889,17,1.6134089e-07
20890,17,1.3795112e-07
20891,17,6.6768293e-08
20892,17,1.5469176e-07
20893,17,1.6196834e-07
20894,17,6.8893216e-08
20895,17,1.3845106e-07
20896,17,1.5609878e-07
20897,17,6.8076944e-08
20898,17,1.1212408e-07
20899,17,1.2187586e-07
20900,16,1.2274767e-07
20901,17,1.0553838e-07
20902,17,1.0986795e-07
20903,17,1.21777e-07
20904,16,1.1455694e-07
20905,17,1.0422381e-07
20906,16,1.2267101e-07
20907,17,1.2172439e-07
20908,17,1.093643e-07
20909,17,1.0382006e-07
20910,16,1.1447135e-07
20911,17,1.2197783e-07
20912,16,1.2690784e-07
20913,17,1.282849e-07
20914,16,1.2829134e-07
20915,17,1.2758828e-07
20916,16,1.1899782e-07
20917,17,1.2893761e-07
20918,16,1.2069072e-07
20919,17,1.2717655e-07
20920,16,1.2839238e-07
20921,17,1.2850718e-07
20922,16,1.1896318e-07
20923,17,1.2747859e-07
20924,16,1.2074333e-07
20925,17,1.2918228e-07
20926,16,1.2830383e-07
20927,17,1.270984e-07
20928,16,1.2684021e-07
20929,17,1.291212e-07
20930,16,1.207097e-07
20931,17,1.2734737e-07
20932,16,1.1887694e-07
20933,17,1.2841931e-07
20934,16,1.2680345e-07
20935,17,1.2692112e-07
20936,16,1.2065833e-07
20937,17,1.2896417e-07
20938,16,1.1883318e-07
20939,17,1.2738451e-07
20940,16,1.2243142e-07
20941,17,1.0312229e-07
20942,17,1.1140555e-07
20943,17,1.2197724e-07
20944,16,1.1443867e-07
20945,17,1.0559421e-07
20946,17,1.0955653e-07
20947,17,1.2180409e-07
20948,17,1.1184976e-07
20949,17,1.050238e-07
20950,16,1.1415976e-07
20951,17,1.2132385e-07
20952,17,1.0897458e-07
20953,17,1.0303791e-07
20954,17,1.6127166e-07
20955,17,1.355944e-07
20956,17,6.5148148e-08
20957,17,1.5423017e-07
20958,17,1.3811839e-07
20959,17,6.6660554e-08
20960,17,1.3962449e-07
20961,17,1.5618042e-07
20962,17,6.7354579e-08
20963,17,1.4298549e-07
20964,17,1.1713637e-07
20965,17,7.3090544e-08
20966,17,1.1869301e-07
20967,17,7.3072365e-08
20968,16,1.2913942e-07
20969,17,1.5988498e-07
20970,16,1.3099049e-07
20971,17,1.2751217e-07
20972,16,1.2219052e-07
20973,17,1.6059377e-07
20974,16,1.2408934e-07
20975,16,1.2414987e-07
20976,16,1.3053034e-07
20977,17,1.5761983e-07
20978,16,1.2191797e-07
20979,17,1.2616846e-07
20980,16,1.2441712e-07
20981,17,1.6155056e-07
20982,17,7.1974389e-08
20983,17,1.1489429e-07
20984,17,7.3115045e-08
20985,16,1.2851988e-07
20986,17,7.7957919e-08
20987,17,1.5239203e-07
20988,17,1.2301428e-07
20989,16,1.2219368e-07
20990,17,7.8386099e-08
20991,17,1.5122069e-07
20992,17,1.2287237e-07
20993,17,1.5394659e-07
20994,17,8.0314007e-08
20995,16,1.237606e-07
20996,17,1.266354e-07
20997,17,1.5283879e-07
20998,17,7.9963547e-08
20999,17,1.2766389e-07
21000,17,7.4155763e-08
21001,17,1.2138324e-07
21002,17,7.4979115e-08
21003,17,7.3942673e-08
21004,17,1.1962472e-07
21005,17,7.4496893e-08
21006,17,1.7626414e-07
21007,17,1.1692138e-07
21008,17,9.4009042e-08
21009,17,1.6696011e-07
21010,17,1.1471426e-07
21011,17,9.3106465e-08
21012,17,1.1482235e-07
21013,17,1.6884098e-07
21014,17,8.94556e-08
21015,17,1.2353241e-07
21016,17,7.3638321e-08
21017,17,7.3030934e-08
21018,16,1.2222414e-07
21019,17,8.365055e-08
21020,17,1.3862088e-07
21021,17,1.3800958e-07
21022,16,1.154166e-07
21023,17,8.4568876e-08
21024,17,1.3733169e-07
21025,17,1.391915e-07
21026,17,1.3961107e-07
21027,17,8.5348948e-08
21028,16,1.1613417e-07
21029,17,1.3821706e-07
21030,17,1.3816055e-07
21031,17,8.4478081e-08
21032,17,7.304728e-08
21033,17,7.3129912e-08
21034,17,7.2035213e-08
21035,17,1.7343408e-07
21036,17,9.0466509e-08
21037,17,1.1512504e-07
21038,17,1.7087875e-07
21039,17,9.5373835e-08
21040,17,1.2456012e-07
21041,17,8.5946335e-08
21042,17,1.6812859e-07
21043,17,1.2815009e-07
21044,17,8.7189008e-08
21045,17,7.21376e-08
21046,17,1.2741991e-07
21047,17,7.6080181e-08
21048,17,1.2424082e-07
21049,16,1.2962319e-07
21050,17,7.7383581e-08
21051,17,1.2408466e-07
21052,17,1.5159117e-07
21053,16,1.2327528e-07
21054,17,7.7272433e-08
21055,17,1.2538599e-07
21056,16,1.2895331e-07
21057,17,1.6001043e-07
21058,17,1.2571791e-07
21059,16,1.2423398e-07
21060,16,1.2183489e-07
21061,17,1.6057528e-07
21062,17,1.2571268e-07
21063,16,1.314895e-07
21064,17,1.2533901e-07
21065,17,1.6027648e-07
21066,16,1.2161318e-07
21067,16,1.2427189e-07
21068,17,1.2557137e-07
21069,17,1.6014417e-07
21070,17,1.5386063e-07
21071,17,1.2624619e-07
21072,17,7.930465e-08
21073,16,1.236037e-07
21074,17,1.5293127e-07
21075,17,1.2554981e-07
21076,17,8.0132597e-08
21077,17,7.557413e-08
21078,17,1.1934036e-07
21079,17,7.6039308e-08
21080,17,1.1491094e-07
21081,17,7.2167046e-08
21082,17,1.146262e-07
21083,17,1.6068317e-07
21084,17,6.7473298e-08
21085,17,1.3521019e-07
21086,17,1.5511398e-07
21087,17,6.822685e-08
21088,16,1.224479e-07
21089,17,1.062094e-07
21090,17,1.2127929e-07
21091,17,1.0957253e-07
21092,16,1.1414526e-07
21093,17,1.0461152e-07
21094,17,1.2130171e-07
21095,16,1.279684e-07
21096,17,1.2679886e-07
21097,17,1.2800457e-07
21098,16,1.1857354e-07
21099,16,1.2036074e-07
21100,17,1.27069e-07
21101,17,1.2875193e-07
21102,16,1.2638985e-07
21103,17,1.2792795e-07
21104,17,1.2631272e-07
21105,16,1.2033803e-07
21106,16,1.1846112e-07
21107,17,1.2865956e-07
21108,17,1.2642883e-07
21109,17,1.1204038e-07
21110,17,1.2148766e-07
21111,17,1.0456574e-07
21112,16,1.1455081e-07
21113,17,1.1080746e-07
21114,17,1.2160503e-07
21115,17,1.0845439e-07
21116,17,1.3549414e-07
21117,17,6.662388e-08
21118,17,1.5434033e-07
21119,17,1.3333452e-07
21120,17,6.6328419e-08
21121,17,7.1521283e-08
21122,17,1.1508907e-07
21123,17,7.1507783e-08
21124,17,1.2506043e-07
21125,16,1.3764414e-07
21126,16,1.3483568e-07
21127,17,1.4446971e-07
21128,17,1.1927336e-07
21129,16,1.2749656e-07
21130,16,1.264487e-07
21131,16,1.2847103e-07
21132,16,1.3474064e-07
21133,16,1.3567473e-07
21134,16,1.2292826e-07
21135,16,1.2554568e-07
21136,16,1.2661635e-07
21137,16,1.266755e-07
21138,16,1.1527514e-07
21139,16,1.2386109e-07
21140,16,1.2460026e-07
21141,16,1.2353487e-07
21142,16,1.2226271e-07
21143,16,1.255154e-07
21144,16,1.2459272e-07
21145,16,1.1722564e-07
21146,16,1.2506074e-07
21147,16,1.2510538e-07
21148,16,1.2244635e-07
21149,16,1.2282647e-07
21150,16,1.2424463e-07
21151,16,1.2422682e-07
21152,16,1.1652455e-07
21153,16,1.2510265e-07
21154,16,1.250301e-07
21155,16,1.2280667e-07
21156,16,1.2231171e-07
21157,16,1.2424278e-07
21158,16,1.2423592e-07
21159,16,1.1570417e-07
21160,16,1.2453706e-07
21161,16,1.2375286e-07
21162,16,1.2205777e-07
21163,16,1.2334227e-07
21164,16,1.2453504e-07
21165,16,1.2542236e-07
21166,16,1.2740722e-07
21167,16,1.3560884e-07
21168,16,1.3480169e-07
21169,16,1.2555885e-07
21170,16,1.2362819e-07
21171,16,1.2655892e-07
21172,16,1.2688365e-07
21173,17,1.5828591e-07
21174,16,1.352047e-07
21175,16,1.3792725e-07
21176,17,1.2029827e-07
21177,17,1.454357e-07
21178,16,1.2717326e-07
21179,16,1.2878076e-07
21180,16,1.2680523e-07
21181,16,1.3330793e-07
21182,16,1.381356e-07
21183,17,1.3388389e-07
21184,16,1.2118782e-07
21185,16,1.2969835e-07
21186,16,1.2871807e-07
21187,16,1.2459224e-07
21188,16,1.2869291e-07
21189,16,1.2942366e-07
21190,16,1.2840507e-07
21191,16,1.2825924e-07
21192,16,1.2891729e-07
21193,16,1.2817262e-07
21194,16,1.2156109e-07
21195,16,9.142804679291073e-08
21196,16,3.777233623732774e-08
21197,16,1.2804666e-07
21198,16,1.2726557e-07
21199,16,9.071979731866995e-08
21200,16,3.9577368579670176e-08
21201,16,8.187459041258434e-08
21202,16,1.282636e-07
21203,15,1.2783124e-07
21204,16,1.1721950206962001e-07
21205,16,8.11558828218704e-08
21206,16,1.2617066e-07
21207,15,1.2576792e-07
21208,16,3.1575108500502614e-08
21209,15,1.2740337e-07
21210,15,1.2718188e-07
21211,16,5.178545663682461e-08
21212,16,2.967481461218337e-08
21213,15,1.2541023e-07
21214,15,1.2513378e-07
21215,16,1.0308783782764872e-08
21216,15,1.2751223e-07
21217,15,1.2784344e-07
21218,16,1.503071338506109e-08
21219,16,7.764268092210669e-09
21220,15,1.2497644e-07
21221,15,1.2491458e-07
21222,16,1.7760427311653718e-08
21223,15,1.2784319e-07
21224,15,1.2750593e-07
21225,16,7.771384461598331e-09
21226,16,1.5036213863071537e-08
21227,15,1.2491528e-07
21228,15,1.2497474e-07
21229,16,5.054692550111831e-08
21230,15,1.2717689e-07
21231,15,1.2740686e-07
21232,16,2.967659041855441e-08
21233,16,5.180502015133799e-08
21234,15,1.2513091e-07
21235,15,1.2541559e-07
21236,16,1.1383430539246221e-07
21237,15,1.2788054e-07
21238,16,1.2839752e-07
21239,16,8.12452130737187e-08
21240,16,1.1756345286852365e-07
21241,15,1.2580884e-07
21242,16,1.2628886e-07
21243,16,1.2324254e-07
21244,16,3.811750506141298e-08
21245,16,9.212474873823497e-08
21246,16,1.2778623e-07
21247,16,1.2888356e-07
21248,16,3.990969545869728e-08
21249,16,9.149509461422405e-08
21250,16,1.2514357e-07
21251,16,1.2985039e-07
21252,16,1.2909229e-07
21253,16,1.2963195e-07
21254,16,1.3011794e-07
21255,16,1.2887463e-07
21256,16,1.2971114e-07
21257,17,1.4781405e-07
21258,16,1.386122e-07
21259,16,1.3349196e-07
21260,16,1.2213045e-07
21261,17,1.3375678e-07
21262,16,1.2929268e-07
21263,16,1.2955162e-07
21264,16,1.3340388e-07
21265,16,1.2408574e-07
21266,16,1.3746112e-07
21267,17,1.1961588e-07
21268,16,1.3106214e-07
21269,16,1.262573e-07
21270,16,1.2956444e-07
21271,16,1.2912468e-07
21272,16,1.2882829e-07
21273,16,6.135145074090723e-08
21274,16,1.3092117e-07
21275,16,1.2936879e-07
21276,16,1.2937738e-07
21277,16,6.353583038471449e-08
21278,16,3.5785169136217844e-08
21279,15,1.2950187e-07
21280,15,1.2880107e-07
21281,16,9.938115030932985e-08
21282,16,3.3280233072247565e-08
21283,15,1.2712037e-07
21284,15,1.2632958e-07
21285,15,1.2921346e-07
21286,15,1.2877109e-07
21287,15,1.2879158e-07
21288,15,1.2652424e-07
21289,15,1.2598868e-07
21290,15,1.2581764e-07
21291,15,1.2548461e-07
21292,15,1.2846359e-07
21293,15,1.2856313e-07
21294,15,1.2836519e-07
21295,15,1.2562925e-07
21296,15,1.2538386e-07
21297,15,1.2528666e-07
21298,15,1.2516287e-07
21299,15,1.2771558e-07
21300,15,1.2821993e-07
21301,15,1.2811402e-07
21302,15,1.2520521e-07
21303,15,1.2507341e-07
21304,15,1.2508436e-07
21305,15,1.2503035e-07
21306,15,1.2797873e-07
21307,15,1.2807375e-07
21308,15,1.2806169e-07
21309,15,1.2499914e-07
21310,15,1.2496728e-07
21311,15,1.2500043e-07
21312,15,1.2498709e-07
21313,15,1.2779893e-07
21314,15,1.2806224e-07
21315,15,1.2807316e-07
21316,15,1.2496748e-07
21317,15,1.2499862e-07
21318,15,1.2498726e-07
21319,15,1.2500047e-07
21320,15,1.2800805e-07
21321,15,1.2811668e-07
21322,15,1.2822759e-07
21323,15,1.2507429e-07
21324,15,1.2521123e-07
21325,15,1.2503135e-07
21326,15,1.2508867e-07
21327,15,1.290113e-07
21328,15,1.2839014e-07
21329,15,1.2861315e-07
21330,15,1.2541008e-07
21331,15,1.257021e-07
21332,15,1.2517706e-07
21333,15,1.2532123e-07
21334,15,1.2968547e-07
21335,15,1.2888325e-07
21336,15,1.2890204e-07
21337,15,1.2613835e-07
21338,15,1.2678255e-07
21339,15,1.2555314e-07
21340,15,1.2593183e-07
21341,16,9.957437608118437e-08
21342,15,1.2895783e-07
21343,15,1.296232e-07
21344,16,3.3820753750207075e-08
21345,16,1.0006517554066469e-07
21346,15,1.2648498e-07
21347,15,1.2725448e-07
21348,16,1.2419022e-07
21349,16,6.154295665071262e-08
21350,16,1.2867475e-07
21351,16,1.2935193e-07
21352,16,1.3095111e-07
21353,16,6.369454010029374e-08
21354,16,1.2920947e-07
21355,16,1.178541e-07
21356,16,1.371149e-07
21357,16,1.2357048e-07
21358,16,1.3040614e-07
21359,17,1.1859885e-07
21360,16,1.2933247e-07
21361,16,1.2601782e-07
21362,16,1.2414455e-07
21363,16,1.3336544e-07
21364,16,1.3758296e-07
21365,17,1.2008882e-07
21366,16,1.265445e-07
21367,16,1.3135806e-07
21368,16,1.2972302e-07
21369,16,1.2606280664892265e-07
21370,16,1.2614515043536166e-07
21371,16,3.0800535121474814e-08
21372,16,1.2824203e-07
21373,16,1.2852893269185806e-07
21374,16,1.285725366550478e-07
21375,16,3.397344820410696e-08
21376,15,1.2922691e-07
21377,15,1.2894255e-07
21378,15,1.2847152e-07
21379,16,4.148854912695608e-08
21380,15,1.2696106e-07
21381,15,1.2677798e-07
21382,15,1.2608416e-07
21383,15,1.2863679e-07
21384,15,1.2852017e-07
21385,15,1.285817e-07
21386,15,1.2621103e-07
21387,15,1.2570007e-07
21388,15,1.2561515e-07
21389,15,1.2532617e-07
21390,15,1.2849162e-07
21391,15,1.2842278e-07
21392,15,1.2829617e-07
21393,15,1.2540059e-07
21394,15,1.2522128e-07
21395,15,1.2517393e-07
21396,15,1.2508847e-07
21397,15,1.2825423e-07
21398,15,1.282325e-07
21399,15,1.2817195e-07
21400,15,1.2512661e-07
21401,15,1.2506693e-07
21402,15,1.250487e-07
21403,15,1.2502376e-07
21404,15,1.2812876e-07
21405,15,1.0175533312203093e-07
21406,15,7.092838130980397e-08
21407,15,1.2503515e-07
21408,15,1.2501157e-07
21409,15,1.0107983497296365e-07
21410,15,7.19097792460619e-08
21411,15,1.2808808e-07
21412,15,5.1544133569944966e-08
21413,15,4.101636934461748e-08
21414,15,1.250002e-07
21415,15,1.2499419e-07
21416,15,5.216663759406451e-08
21417,15,4.2201976839866296e-08
21418,15,1.2810626e-07
21419,15,4.101650793854066e-08
21420,15,5.154434046693486e-08
21421,15,1.2499428e-07
21422,15,1.2500023e-07
21423,15,4.220203099547361e-08
21424,15,5.216675198739426e-08
21425,15,1.2819907e-07
21426,15,7.092962474509781e-08
21427,15,1.0175872051962453e-07
21428,15,1.2501221e-07
21429,15,1.2503697e-07
21430,15,7.191025820200843e-08
21431,15,1.0108125985450669e-07
21432,15,1.2840128e-07
21433,15,1.2817835e-07
21434,15,1.2824423e-07
21435,15,1.2507293e-07
21436,15,1.2514036e-07
21437,15,1.2502605e-07
21438,15,1.2505372e-07
21439,15,1.2856745e-07
21440,15,1.2831584e-07
21441,15,1.2844925e-07
21442,15,1.2524868e-07
21443,15,1.2544584e-07
21444,15,1.2509827e-07
21445,15,1.251897e-07
21446,15,1.2903311e-07
21447,15,1.2860964e-07
21448,15,1.2853727e-07
21449,15,1.2575691e-07
21450,15,1.262587e-07
21451,15,1.2534553e-07
21452,15,1.2562746e-07
21453,16,4.126472107555456e-08
21454,15,1.2845557e-07
21455,15,1.2888719e-07
21456,15,1.2696011e-07
21457,16,4.146045249630789e-08
21458,15,1.2607192e-07
21459,15,1.2672712e-07
21460,16,1.1825068e-07
21461,16,3.0665107898902295e-08
21462,16,1.258382556270898e-07
21463,16,1.282847865989555e-07
21464,16,1.2814987e-07
21465,16,3.3806650813447324e-08
21466,16,1.2816104770731358e-07
21467,16,1.1861291e-07
21468,16,1.3742038e-07
21469,16,1.3321363e-07
21470,16,1.2650892e-07
21471,17,1.2084446e-07
21472,16,1.2942312e-07
21473,16,1.3128228e-07
21474,16,1.3430997e-07
21475,16,1.2801475e-07
21476,16,1.3863187e-07
21477,17,1.352373e-07
21478,16,1.3015337e-07
21479,16,1.2155365e-07
21480,16,1.2874408e-07
21481,16,1.2893307e-07
21482,16,1.2928605e-07
21483,16,6.131047188453595e-08
21484,16,1.3124507e-07
21485,16,1.2940025e-07
21486,16,1.2933781e-07
21487,16,6.345630795585476e-08
21488,15,1.289584e-07
21489,15,1.2925627e-07
21490,15,1.2848201e-07
21491,16,4.1504909808475386e-08
21492,15,1.2678801e-07
21493,15,1.2696743e-07
21494,15,1.2608892e-07
21495,15,1.2844767e-07
21496,15,1.2844781e-07
21497,15,1.28502e-07
21498,15,1.2604137e-07
21499,15,1.2556855e-07
21500,15,1.2556918e-07
21501,15,1.2527773e-07
21502,15,1.2839197e-07
21503,15,1.2836217e-07
21504,15,1.2824934e-07
21505,15,1.2530062e-07
21506,15,1.2515031e-07
21507,15,1.2513616e-07
21508,15,1.2506211e-07
21509,15,1.2822888e-07
21510,15,9.315295850577321e-08
21511,15,1.9930882569289785e-08
21512,15,1.2508088e-07
21513,15,1.2504073e-07
21514,15,9.146217458641488e-08
21515,15,2.212553606500721e-08
21516,15,2.4416756668233743e-08
21517,15,1.281492e-07
21518,15,1.2812426e-07
21519,15,7.194753423137313e-08
21520,15,2.211475318728671e-08
21521,15,1.2501068e-07
21522,15,1.2500512e-07
21523,15,1.2812355e-07
21524,15,1.2812459e-07
21525,15,1.2811288e-07
21526,15,1.2500869e-07
21527,15,1.2500348e-07
21528,15,1.2500423e-07
21529,15,1.2500196e-07
21530,15,1.2811318e-07
21531,15,1.2811356e-07
21532,15,1.2811004e-07
21533,15,1.2500222e-07
21534,15,1.250007e-07
21535,15,1.2500181e-07
21536,15,1.2500115e-07
21537,15,1.281216e-07
21538,15,1.2811006e-07
21539,15,1.2811351e-07
21540,15,1.250007e-07
21541,15,1.2500212e-07
21542,15,1.2500118e-07
21543,15,1.2500182e-07
21544,15,1.2815171e-07
21545,15,1.2811301e-07
21546,15,1.2812504e-07
21547,15,1.2500347e-07
21548,15,1.2500884e-07
21549,15,1.2500201e-07
21550,15,1.2500436e-07
21551,15,7.693787739959928e-08
21552,15,1.2812524e-07
21553,15,1.2815125e-07
21554,15,2.2115602930251343e-08
21555,15,7.19498335571459e-08
21556,15,1.2500539e-07
21557,15,1.2501125e-07
21558,15,1.2832789e-07
21559,15,1.9933534958134744e-08
21560,15,9.315840652492885e-08
21561,15,1.2504372e-07
21562,15,1.250856e-07
21563,15,2.212675173403728e-08
21564,15,9.146465519196728e-08
21565,15,1.2836075e-07
21566,15,1.2825016e-07
21567,15,1.2835989e-07
21568,15,1.2515463e-07
21569,15,1.252999e-07
21570,15,1.2506266e-07
21571,15,1.2513368e-07
21572,15,1.2865955e-07
21573,15,1.2848606e-07
21574,15,1.2841877e-07
21575,15,1.2555342e-07
21576,15,1.2599932e-07
21577,15,1.2526657e-07
21578,15,1.2554264e-07
21579,16,4.1127118914285715e-08
21580,15,1.2842401e-07
21581,15,1.2917837e-07
21582,15,1.267019e-07
21583,16,4.1285160913852836e-08
21584,15,1.2603453e-07
21585,15,1.2687698e-07
21586,16,1.2422676e-07
21587,16,6.121637709364795e-08
21588,16,1.292263e-07
21589,16,1.2918174e-07
21590,16,1.3058405e-07
21591,16,6.332325901773719e-08
21592,16,1.2926784e-07
21593,17,1.4928e-07
21594,16,1.3874706e-07
21595,16,1.2921476e-07
21596,16,1.287972e-07
21597,17,1.3547518e-07
21598,16,1.2856362e-07
21599,16,1.22818e-07
21600,16,1.2872598e-07
21601,16,1.2462181e-07
21602,16,1.2943336e-07
21603,16,1.2852205e-07
21604,16,1.2880702e-07
21605,16,1.2847003e-07
21606,16,1.2815819e-07
21607,15,1.2951082e-07
21608,16,3.569820809819648e-08
21609,15,1.2879531e-07
21610,16,9.913623480736636e-08
21611,15,1.2709101e-07
21612,16,3.321013504242294e-08
21613,15,1.2630905e-07
21614,15,1.2852776e-07
21615,15,1.2863304e-07
21616,15,1.2858209e-07
21617,15,1.2620308e-07
21618,15,1.2561459e-07
21619,15,1.2569257e-07
21620,15,1.2532395e-07
21621,15,1.2836576e-07
21622,15,1.2839039e-07
21623,15,1.2824974e-07
21624,15,1.2530072e-07
21625,15,1.2513682e-07
21626,15,1.2514965e-07
21627,15,1.2506223e-07
21628,15,7.404008072746881e-08
21629,15,7.403832806262836e-08
21630,15,1.2815048e-07
21631,15,1.2506848e-07
21632,15,7.196139762695579e-08
21633,15,7.196111532418039e-08
21634,15,1.2501346e-07
21635,15,1.281544e-07
21636,15,1.2814916e-07
21637,15,1.2812301e-07
21638,15,1.2502079e-07
21639,15,1.2501103e-07
21640,15,1.2501011e-07
21641,15,1.250051e-07
21642,15,1.2813231e-07
21643,15,1.2812916e-07
21644,15,1.281157e-07
21645,15,1.2500984e-07
21646,15,1.2500579e-07
21647,15,1.2500545e-07
21648,15,1.2500331e-07
21649,15,1.2812223e-07
21650,15,1.2812036e-07
21651,15,1.2811357e-07
21652,15,1.2500571e-07
21653,15,1.2500363e-07
21654,15,1.2500383e-07
21655,15,1.2500279e-07
21656,15,1.2811953e-07
21657,15,1.2811583e-07
21658,15,1.2811376e-07
21659,15,1.2500362e-07
21660,15,1.2500301e-07
21661,15,1.2500303e-07
21662,15,1.250027e-07
21663,15,1.281241e-07
21664,15,1.2811368e-07
21665,15,1.281158e-07
21666,15,1.2500303e-07
21667,15,1.2500364e-07
21668,15,1.2500269e-07
21669,15,1.2500305e-07
21670,15,1.2813684e-07
21671,15,1.2811357e-07
21672,15,1.2812056e-07
21673,15,1.2500361e-07
21674,15,1.2500563e-07
21675,15,1.2500271e-07
21676,15,1.2500373e-07
21677,15,1.2815908e-07
21678,15,1.2811549e-07
21679,15,1.2812936e-07
21680,15,1.250057e-07
21681,15,1.2500991e-07
21682,15,1.2500326e-07
21683,15,1.2500542e-07
21684,15,1.2819816e-07
21685,15,1.2812267e-07
21686,15,1.2814926e-07
21687,15,1.2501109e-07
21688,15,1.2502088e-07
21689,15,1.2500498e-07
21690,15,1.2501e-07
21691,15,1.2828977e-07
21692,15,1.2814884e-07
21693,15,7.403713770192712e-08
21694,15,7.196136097410611e-08
21695,15,1.2506623e-07
21696,15,1.2501293e-07
21697,15,7.196015718201395e-08
21698,15,1.2834674e-07
21699,15,1.282435e-07
21700,15,1.2838319e-07
21701,15,1.2513017e-07
21702,15,1.2528706e-07
21703,15,1.2505928e-07
21704,15,1.2514464e-07
21705,15,1.289663e-07
21706,15,1.2857122e-07
21707,15,1.2863064e-07
21708,15,1.2559112e-07
21709,15,1.2617307e-07
21710,15,1.2531766e-07
21711,15,1.2569254e-07
21712,16,9.896271097553306e-08
21713,15,1.2880831e-07
21714,16,3.5814572899373855e-08
21715,15,1.2708121e-07
21716,16,9.939101041637576e-08
21717,15,1.2633401e-07
21718,16,3.3351244071288196e-08
21719,16,1.2484423e-07
21720,16,1.2943157e-07
21721,16,1.2419373e-07
21722,16,1.2898007e-07
21723,16,1.2902469e-07
21724,16,1.2839548e-07
21725,16,1.2871766e-07
21726,16,1.3748678e-07
21727,17,1.2462159e-07
21728,16,1.3494403e-07
21729,17,1.4512995e-07
21730,16,1.2793623e-07
21731,17,1.2000997e-07
21732,16,1.2685674e-07
21733,16,9.140792284267179e-08
21734,16,1.2164121e-07
21735,16,3.7773195467628086e-08
21736,16,1.2833337e-07
21737,16,9.070546127804781e-08
21738,16,1.2737317e-07
21739,16,3.958724605806688e-08
21740,15,1.2877814e-07
21741,15,1.2922348e-07
21742,15,1.2879563e-07
21743,15,1.2653559e-07
21744,15,1.2581173e-07
21745,15,1.2600026e-07
21746,15,1.2548623e-07
21747,15,1.2842634e-07
21748,15,1.2849163e-07
21749,15,1.2829695e-07
21750,15,1.2539783e-07
21751,15,1.2517309e-07
21752,15,1.252209e-07
21753,15,1.2508823e-07
21754,15,9.315217364433257e-08
21755,15,1.2822823e-07
21756,15,1.9929198756463787e-08
21757,15,1.250808e-07
21758,15,9.146188985990616e-08
21759,15,1.2504052e-07
21760,15,2.2125143603338273e-08
21761,15,1.2815048e-07
21762,15,1.2815358e-07
21763,15,1.2812314e-07
21764,15,1.2502088e-07
21765,15,1.2501032e-07
21766,15,1.2501099e-07
21767,15,1.2500517e-07
21768,15,1.281324e-07
21769,15,1.2813175e-07
21770,15,1.2811615e-07
21771,15,1.2500984e-07
21772,15,1.2500593e-07
21773,15,1.2500586e-07
21774,15,1.2500355e-07
21775,15,1.2812492e-07
21776,15,1.2812364e-07
21777,15,1.2811482e-07
21778,15,1.2500665e-07
21779,15,1.2500459e-07
21780,15,1.2500451e-07
21781,15,1.2500333e-07
21782,15,1.2812136e-07
21783,15,1.281195e-07
21784,15,1.2811496e-07
21785,15,1.2500514e-07
21786,15,1.2500401e-07
21787,15,1.2500398e-07
21788,15,1.2500332e-07
21789,15,1.2812103e-07
21790,15,1.2811716e-07
21791,15,1.2811582e-07
21792,15,1.2500419e-07
21793,15,1.2500377e-07
21794,15,1.250035e-07
21795,15,1.2500326e-07
21796,15,1.2812385e-07
21797,15,1.2811575e-07
21798,15,1.2811717e-07
21799,15,1.2500377e-07
21800,15,1.250042e-07
21801,15,1.2500325e-07
21802,15,1.2500351e-07
21803,15,1.2813033e-07
21804,15,1.2811482e-07
21805,15,1.2811956e-07
21806,15,1.2500388e-07
21807,15,1.2500498e-07
21808,15,1.2500317e-07
21809,15,1.250038e-07
21810,15,1.281409e-07
21811,15,1.2811456e-07
21812,15,1.2812348e-07
21813,15,1.2500453e-07
21814,15,1.2500656e-07
21815,15,1.2500326e-07
21816,15,1.2500446e-07
21817,15,1.2815875e-07
21818,15,1.2811548e-07
21819,15,1.2813126e-07
21820,15,1.250057e-07
21821,15,1.2500959e-07
21822,15,1.2500346e-07
21823,15,1.2500578e-07
21824,15,1.2819686e-07
21825,15,1.2812207e-07
21826,15,1.2815273e-07
21827,15,1.2500978e-07
21828,15,1.2502019e-07
21829,15,1.2500489e-07
21830,15,1.2501062e-07
21831,15,1.2831794e-07
21832,15,1.9929754844149357e-08
21833,15,1.2822706e-07
21834,15,9.146080593596457e-08
21835,15,1.2507926e-07
21836,15,2.2125167234184564e-08
21837,15,1.2504026e-07
21838,15,1.2851873e-07
21839,15,1.2829672e-07
21840,15,1.2849751e-07
21841,15,1.2517262e-07
21842,15,1.254044e-07
21843,15,1.2508913e-07
21844,15,1.2522652e-07
21845,15,1.2950774e-07
21846,15,1.2881181e-07
21847,15,1.2926096e-07
21848,15,1.2583743e-07
21849,15,1.2659633e-07
21850,15,1.2550265e-07
21851,15,1.2603821e-07
21852,16,1.2285747e-07
21853,16,3.78318341227834e-08
21854,16,1.2176844e-07
21855,16,9.086438105181681e-08
21856,16,1.2843613e-07
21857,16,3.964483522718868e-08
21858,16,1.274989e-07
21859,17,1.5806785e-07
21860,16,1.3527833e-07
21861,17,1.2552339e-07
21862,16,1.2840972e-07
21863,17,1.450711e-07
21864,16,1.2693271e-07
21865,17,1.2023007e-07
21866,16,1.348408e-07
21867,16,1.2810274e-07
21868,16,1.3553179e-07
21869,16,1.2398713e-07
21870,16,1.2675042e-07
21871,16,1.2602439e-07
21872,16,1.2658858e-07
21873,16,1.2829399e-07
21874,16,8.187417355300702e-08
21875,15,1.2782793e-07
21876,16,1.1732205239100716e-07
21877,16,1.2619478e-07
21878,16,8.120760114855854e-08
21879,15,1.2578208e-07
21880,15,1.2857071e-07
21881,15,1.2846537e-07
21882,15,1.283671e-07
21883,15,1.2564192e-07
21884,15,1.2529111e-07
21885,15,1.2539064e-07
21886,15,1.2516553e-07
21887,15,1.2823486e-07
21888,15,1.2825548e-07
21889,15,1.2817289e-07
21890,15,1.2512768e-07
21891,15,1.2504901e-07
21892,15,1.2506786e-07
21893,15,1.2502399e-07
21894,15,1.281505e-07
21895,15,2.4415984470197713e-08
21896,15,1.2812458e-07
21897,15,7.194713355729087e-08
21898,15,1.2501082e-07
21899,15,2.2114626136884223e-08
21900,15,1.2500522e-07
21901,15,1.2812998e-07
21902,15,1.281323e-07
21903,15,1.2811581e-07
21904,15,1.2500983e-07
21905,15,1.2500553e-07
21906,15,1.2500572e-07
21907,15,1.2500331e-07
21908,15,1.2812409e-07
21909,15,1.2812475e-07
21910,15,1.2811493e-07
21911,15,1.2500668e-07
21912,15,1.2500456e-07
21913,15,1.2500461e-07
21914,15,1.2500336e-07
21915,15,1.2812156e-07
21916,15,1.2812145e-07
21917,15,1.2811538e-07
21918,15,1.2500541e-07
21919,15,1.2500421e-07
21920,15,1.250042e-07
21921,15,1.2500346e-07
21922,15,1.281204e-07
21923,15,1.2811925e-07
21924,15,1.2811598e-07
21925,15,1.2500481e-07
21926,15,1.2500411e-07
21927,15,1.2500401e-07
21928,15,1.250036e-07
21929,15,1.2812069e-07
21930,15,1.2811777e-07
21931,15,1.2811677e-07
21932,15,1.2500427e-07
21933,15,1.2500401e-07
21934,15,1.2500383e-07
21935,15,1.2500367e-07
21936,15,1.2812255e-07
21937,15,1.2811678e-07
21938,15,1.2811787e-07
21939,15,1.2500401e-07
21940,15,1.2500428e-07
21941,15,1.250036e-07
21942,15,1.2500371e-07
21943,15,1.2812617e-07
21944,15,1.281159e-07
21945,15,1.2811929e-07
21946,15,1.2500398e-07
21947,15,1.2500469e-07
21948,15,1.2500346e-07
21949,15,1.2500389e-07
21950,15,1.2813189e-07
21951,15,1.2811514e-07
21952,15,1.2812119e-07
21953,15,1.2500417e-07
21954,15,1.2500541e-07
21955,15,1.2500336e-07
21956,15,1.2500418e-07
21957,15,1.281408e-07
21958,15,1.2811447e-07
21959,15,1.2812432e-07
21960,15,1.2500451e-07
21961,15,1.2500666e-07
21962,15,1.2500325e-07
21963,15,1.2500449e-07
21964,15,1.2815884e-07
21965,15,1.281151e-07
21966,15,1.2813159e-07
21967,15,1.2500543e-07
21968,15,1.2500965e-07
21969,15,1.2500323e-07
21970,15,1.2500564e-07
21971,15,7.69324493171969e-08
21972,15,1.2812367e-07
21973,15,2.441649144299591e-08
21974,15,1.2501063e-07
21975,15,7.194755853719486e-08
21976,15,1.250051e-07
21977,15,2.211481518767237e-08
21978,15,1.2838664e-07
21979,15,1.2817211e-07
21980,15,1.2825517e-07
21981,15,1.2504974e-07
21982,15,1.2513051e-07
21983,15,1.2502417e-07
21984,15,1.2506827e-07
21985,15,1.2896533e-07
21986,15,1.2836813e-07
21987,15,1.2846695e-07
21988,15,1.2529846e-07
21989,15,1.2565496e-07
21990,15,1.2516638e-07
21991,15,1.253893e-07
21992,16,1.1361086327944317e-07
21993,15,1.2783252e-07
21994,16,8.183470785559748e-08
21995,16,1.2621448e-07
21996,16,1.1728324782594485e-07
21997,15,1.2577235e-07
21998,16,8.111749158752028e-08
21999,16,1.2877014e-07
22000,16,1.3555683e-07
22001,16,1.2795548e-07
22002,16,1.2686722e-07
22003,16,1.241476e-07
22004,16,1.2658253e-07
22005,16,1.2573649e-07
22006,16,1.2373541e-07
22007,16,1.1513604e-07
22008,16,1.2448574e-07
22009,16,1.232302e-07
22010,16,1.2536253e-07
22011,16,1.217659e-07
22012,16,1.2440284e-07
22013,15,1.2738561e-07
22014,16,3.15152422988112e-08
22015,15,1.2715461e-07
22016,16,5.1751394935886086e-08
22017,15,1.253995e-07
22018,16,2.9600552242450305e-08
22019,15,1.2511022e-07
22020,15,1.2821978e-07
22021,15,1.2770839e-07
22022,15,1.2811132e-07
22023,15,1.2520398e-07
22024,15,1.2508489e-07
22025,15,1.2506759e-07
22026,15,1.2502937e-07
22027,15,1.017561473909004e-07
22028,15,1.2812952e-07
22029,15,7.092972955776023e-08
22030,15,1.2503554e-07
22031,15,1.0108008562870645e-07
22032,15,1.2501166e-07
22033,15,7.191004890988683e-08
22034,15,1.2812512e-07
22035,15,1.2812434e-07
22036,15,1.2811312e-07
22037,15,1.2500879e-07
22038,15,1.2500441e-07
22039,15,1.2500364e-07
22040,15,1.2500208e-07
22041,15,1.281208e-07
22042,15,1.2812265e-07
22043,15,1.2811383e-07
22044,15,1.2500579e-07
22045,15,1.2500393e-07
22046,15,1.2500372e-07
22047,15,1.2500286e-07
22048,15,1.2811972e-07
22049,15,1.2812156e-07
22050,15,1.2811502e-07
22051,15,1.250052e-07
22052,15,1.2500402e-07
22053,15,1.2500408e-07
22054,15,1.2500335e-07
22055,15,1.2811937e-07
22056,15,1.2812048e-07
22057,15,1.2811604e-07
22058,15,1.2500483e-07
22059,15,1.2500403e-07
22060,15,1.2500413e-07
22061,15,1.2500361e-07
22062,15,1.2811936e-07
22063,15,1.2811937e-07
22064,15,1.2811675e-07
22065,15,1.2500443e-07
22066,15,1.2500401e-07
22067,15,1.2500401e-07
22068,15,1.2500368e-07
22069,15,1.2811984e-07
22070,15,1.2811831e-07
22071,15,1.2811751e-07
22072,15,1.2500429e-07
22073,15,1.2500411e-07
22074,15,1.250039e-07
22075,15,1.2500376e-07
22076,15,1.2812117e-07
22077,15,1.2811748e-07
22078,15,1.2811833e-07
22079,15,1.2500404e-07
22080,15,1.2500416e-07
22081,15,1.2500376e-07
22082,15,1.250039e-07
22083,15,1.2812338e-07
22084,15,1.2811661e-07
22085,15,1.2811927e-07
22086,15,1.2500393e-07
22087,15,1.2500438e-07
22088,15,1.2500366e-07
22089,15,1.2500394e-07
22090,15,1.2812639e-07
22091,15,1.2811591e-07
22092,15,1.2812043e-07
22093,15,1.2500388e-07
22094,15,1.2500469e-07
22095,15,1.2500347e-07
22096,15,1.2500399e-07
22097,15,1.2813047e-07
22098,15,1.2811486e-07
22099,15,1.2812119e-07
22100,15,1.2500387e-07
22101,15,1.2500511e-07
22102,15,1.2500325e-07
22103,15,1.2500402e-07
22104,15,1.2813729e-07
22105,15,1.2811341e-07
22106,15,1.2812208e-07
22107,15,1.2500389e-07
22108,15,1.2500579e-07
22109,15,1.2500279e-07
22110,15,1.2500364e-07
22111,15,1.2815216e-07
22112,15,1.2811257e-07
22113,15,1.2812328e-07
22114,15,1.2500438e-07
22115,15,1.2500881e-07
22116,15,1.2500199e-07
22117,15,1.2500346e-07
22118,15,1.2819734e-07
22119,15,7.092831195674383e-08
22120,15,1.2812621e-07
22121,15,1.0108003779576092e-07
22122,15,1.2503511e-07
22123,15,7.190964121749583e-08
22124,15,1.2501041e-07
22125,15,1.2799665e-07
22126,15,1.2810522e-07
22127,15,1.2769443e-07
22128,15,1.2508306e-07
22129,15,1.2519766e-07
22130,15,1.2502568e-07
22131,15,1.2505801e-07
22132,16,5.0448117970511144e-08
22133,15,1.2712739e-07
22134,16,3.1476861353529685e-08
22135,15,1.2538519e-07
22136,16,5.171253488875565e-08
22137,15,1.2508872e-07
22138,16,2.9565915382068244e-08
22139,16,1.1554851e-07
22140,16,1.2438294e-07
22141,16,1.1498145e-07
22142,16,1.253089e-07
22143,16,1.233962e-07
22144,16,1.2430431e-07
22145,16,1.2170973e-07
22146,16,1.2500653e-07
22147,16,1.1724811e-07
22148,16,1.2509304e-07
22149,16,1.2217768e-07
22150,16,1.2414718e-07
22151,16,1.2263778e-07
22152,16,1.2418853e-07
22153,15,1.2749085e-07
22154,16,1.0298541486422626e-08
22155,15,1.2783111e-07
22156,16,1.497242637858467e-08
22157,15,1.2495568e-07
22158,16,7.734827275918593e-09
22159,15,1.2490215e-07
22160,15,1.2807107e-07
22161,15,1.279773e-07
22162,15,1.2806063e-07
22163,15,1.2499318e-07
22164,15,1.2499916e-07
22165,15,1.2496372e-07
22166,15,1.2498621e-07
22167,15,5.1545875615311904e-08
22168,15,1.2808991e-07
22169,15,4.1018805945947694e-08
22170,15,1.2500015e-07
22171,15,5.2166989331504025e-08
22172,15,1.2499436e-07
22173,15,4.2202498750040326e-08
22174,15,1.2811374e-07
22175,15,1.2811444e-07
22176,15,1.2811039e-07
22177,15,1.2500237e-07
22178,15,1.2500189e-07
22179,15,1.2500094e-07
22180,15,1.2500123e-07
22181,15,1.2811609e-07
22182,15,1.2812028e-07
22183,15,1.2811397e-07
22184,15,1.2500373e-07
22185,15,1.2500307e-07
22186,15,1.2500313e-07
22187,15,1.2500275e-07
22188,15,1.2811733e-07
22189,15,1.2812144e-07
22190,15,1.2811599e-07
22191,15,1.2500424e-07
22192,15,1.2500353e-07
22193,15,1.2500384e-07
22194,15,1.2500329e-07
22195,15,1.2811786e-07
22196,15,1.2812097e-07
22197,15,1.2811684e-07
22198,15,1.2500429e-07
22199,15,1.2500386e-07
22200,15,1.2500404e-07
22201,15,1.2500369e-07
22202,15,1.2811832e-07
22203,15,1.2811994e-07
22204,15,1.281176e-07
22205,15,1.2500429e-07
22206,15,1.2500389e-07
22207,15,1.2500413e-07
22208,15,1.2500377e-07
22209,15,1.2811904e-07
22210,15,1.2811914e-07
22211,15,1.2811832e-07
22212,15,1.2500404e-07
22213,15,1.2500391e-07
22214,15,1.2500392e-07
22215,15,1.2500387e-07
22216,15,1.2811995e-07
22217,15,1.281183e-07
22218,15,1.2811907e-07
22219,15,1.2500391e-07
22220,15,1.2500404e-07
22221,15,1.2500386e-07
22222,15,1.2500392e-07
22223,15,1.2812124e-07
22224,15,1.2811751e-07
22225,15,1.2811994e-07
22226,15,1.2500389e-07
22227,15,1.2500418e-07
22228,15,1.2500377e-07
22229,15,1.2500405e-07
22230,15,1.2812281e-07
22231,15,1.2811683e-07
22232,15,1.2812086e-07
22233,15,1.2500373e-07
22234,15,1.250043e-07
22235,15,1.2500361e-07
22236,15,1.2500403e-07
22237,15,1.2812428e-07
22238,15,1.2811588e-07
22239,15,1.2812125e-07
22240,15,1.2500353e-07
22241,15,1.2500426e-07
22242,15,1.2500326e-07
22243,15,1.2500381e-07
22244,15,1.2812504e-07
22245,15,1.2811385e-07
22246,15,1.2811985e-07
22247,15,1.2500309e-07
22248,15,1.2500372e-07
22249,15,1.2500273e-07
22250,15,1.2500305e-07
22251,15,1.2812282e-07
22252,15,1.281101e-07
22253,15,1.2811348e-07
22254,15,1.2500191e-07
22255,15,1.2500231e-07
22256,15,1.2500116e-07
22257,15,1.2500074e-07
22258,15,1.2810606e-07
22259,15,4.1016814020019163e-08
22260,15,1.2808617e-07
22261,15,5.216650325751595e-08
22262,15,1.2499893e-07
22263,15,4.220185707952067e-08
22264,15,1.2499282e-07
22265,15,1.2778424e-07
22266,15,1.2805276e-07
22267,15,1.2796053e-07
22268,15,1.24995e-07
22269,15,1.2498201e-07
22270,15,1.2498164e-07
22271,15,1.2495121e-07
22272,16,1.7659747432409128e-08
22273,15,1.2779736e-07
22274,16,1.0226076270691048e-08
22275,15,1.2492812e-07
22276,16,1.4911925392588486e-08
22277,15,1.2487206e-07
22278,16,7.658596208749508e-09
22279,16,1.1642394e-07
22280,16,1.250119e-07
22281,16,1.1718032e-07
22282,16,1.240209e-07
22283,16,1.2198886e-07
22284,16,1.2407386e-07
22285,16,1.2254843e-07
22286,16,1.2510054e-07
22287,16,1.1652517e-07
22288,16,1.2501117e-07
22289,16,1.22671e-07
22290,16,1.2421475e-07
22291,16,1.2220279e-07
22292,16,1.241687e-07
22293,15,1.2783362e-07
22294,16,1.7778561870150285e-08
22295,15,1.2750222e-07
22296,16,7.749852579720565e-09
22297,15,1.2490482e-07
22298,16,1.5027917846757275e-08
22299,15,1.2496497e-07
22300,15,1.2806099e-07
22301,15,1.2780196e-07
22302,15,1.2807427e-07
22303,15,1.2496471e-07
22304,15,1.2498655e-07
22305,15,1.2499739e-07
22306,15,1.2500028e-07
22307,15,4.1019181802502056e-08
22308,15,1.2810903e-07
22309,15,5.1547478869287625e-08
22310,15,1.2499445e-07
22311,15,4.22025994889306e-08
22312,15,1.250006e-07
22313,15,5.2167338736977727e-08
22314,15,1.2811024e-07
22315,15,1.2812322e-07
22316,15,1.2811397e-07
22317,15,1.2500094e-07
22318,15,1.2500122e-07
22319,15,1.2500245e-07
22320,15,1.2500193e-07
22321,15,1.2811385e-07
22322,15,1.2812513e-07
22323,15,1.2811614e-07
22324,15,1.2500312e-07
22325,15,1.2500273e-07
22326,15,1.2500377e-07
22327,15,1.250031e-07
22328,15,1.2811592e-07
22329,15,1.2812438e-07
22330,15,1.2811735e-07
22331,15,1.2500383e-07
22332,15,1.2500329e-07
22333,15,1.2500427e-07
22334,15,1.2500354e-07
22335,15,1.2811679e-07
22336,15,1.2812288e-07
22337,15,1.2811789e-07
22338,15,1.2500403e-07
22339,15,1.2500369e-07
22340,15,1.2500431e-07
22341,15,1.2500387e-07
22342,15,1.2811756e-07
22343,15,1.2812126e-07
22344,15,1.2811835e-07
22345,15,1.2500412e-07
22346,15,1.2500377e-07
22347,15,1.2500431e-07
22348,15,1.250039e-07
22349,15,1.2811829e-07
22350,15,1.2812002e-07
22351,15,1.2811909e-07
22352,15,1.2500391e-07
22353,15,1.2500386e-07
22354,15,1.2500406e-07
22355,15,1.2500399e-07
22356,15,1.2811906e-07
22357,15,1.281191e-07
22358,15,1.2812e-07
22359,15,1.2500386e-07
22360,15,1.2500392e-07
22361,15,1.2500399e-07
22362,15,1.2500406e-07
22363,15,1.281199e-07
22364,15,1.2811837e-07
22365,15,1.2812126e-07
22366,15,1.2500377e-07
22367,15,1.2500412e-07
22368,15,1.2500391e-07
22369,15,1.2500424e-07
22370,15,1.2812097e-07
22371,15,1.2811796e-07
22372,15,1.2812278e-07
22373,15,1.2500369e-07
22374,15,1.2500405e-07
22375,15,1.250038e-07
22376,15,1.250043e-07
22377,15,1.281215e-07
22378,15,1.2811736e-07
22379,15,1.2812419e-07
22380,15,1.2500329e-07
22381,15,1.2500384e-07
22382,15,1.2500354e-07
22383,15,1.2500425e-07
22384,15,1.2812037e-07
22385,15,1.2811611e-07
22386,15,1.281249e-07
22387,15,1.2500277e-07
22388,15,1.2500313e-07
22389,15,1.2500309e-07
22390,15,1.2500372e-07
22391,15,1.2811459e-07
22392,15,1.2811394e-07
22393,15,1.281227e-07
22394,15,1.2500124e-07
22395,15,1.2500088e-07
22396,15,1.2500188e-07
22397,15,1.2500231e-07
22398,15,1.2808796e-07
22399,15,5.154495086861549e-08
22400,15,1.2810593e-07
22401,15,4.220198134964148e-08
22402,15,1.2499313e-07
22403,15,5.2166681682913644e-08
22404,15,1.2499922e-07
22405,15,1.2796386e-07
22406,15,1.2806674e-07
22407,15,1.2778617e-07
22408,15,1.2498229e-07
22409,15,1.2495309e-07
22410,15,1.2499582e-07
22411,15,1.2498464e-07
22412,16,1.0246118849826822e-08
22413,15,1.2746908e-07
22414,16,1.7699633699020708e-08
22415,15,1.2487691e-07
22416,16,7.682687933011153e-09
22417,15,1.2493671e-07
22418,16,1.4962036724273432e-08
22419,16,1.1721492e-07
22420,16,1.2494745e-07
22421,16,1.1652266e-07
22422,16,1.2409983e-07
22423,16,1.2266545e-07
22424,16,1.2408454e-07
22425,16,1.2227546e-07
22426,16,1.2450778e-07
22427,16,1.1574577e-07
22428,16,1.2375521e-07
22429,16,1.2193867e-07
22430,16,1.2447148e-07
22431,16,1.2361671e-07
22432,16,1.2542322e-07
22433,15,1.2717595e-07
22434,16,5.0595963901229335e-08
22435,15,1.2742311e-07
22436,16,2.9694321332273963e-08
22437,15,1.2512927e-07
22438,16,5.1868999746264325e-08
22439,15,1.2543152e-07
22440,15,1.2811763e-07
22441,15,1.2801931e-07
22442,15,1.2823186e-07
22443,15,1.2507613e-07
22444,15,1.250321e-07
22445,15,1.252172e-07
22446,15,1.2509044e-07
22447,15,7.093248346365343e-08
22448,15,1.282027e-07
22449,15,1.0176135719598e-07
22450,15,1.2501268e-07
22451,15,7.191075138331871e-08
22452,15,1.2503769e-07
22453,15,1.0108147582754249e-07
22454,15,1.2811322e-07
22455,15,1.2815343e-07
22456,15,1.2812542e-07
22457,15,1.250038e-07
22458,15,1.2500211e-07
22459,15,1.2500917e-07
22460,15,1.2500443e-07
22461,15,1.2811362e-07
22462,15,1.2813782e-07
22463,15,1.2812068e-07
22464,15,1.2500375e-07
22465,15,1.2500284e-07
22466,15,1.2500583e-07
22467,15,1.2500394e-07
22468,15,1.2811489e-07
22469,15,1.2813084e-07
22470,15,1.2811967e-07
22471,15,1.2500408e-07
22472,15,1.2500333e-07
22473,15,1.2500524e-07
22474,15,1.2500403e-07
22475,15,1.2811603e-07
22476,15,1.2812667e-07
22477,15,1.2811944e-07
22478,15,1.2500408e-07
22479,15,1.2500355e-07
22480,15,1.2500479e-07
22481,15,1.2500398e-07
22482,15,1.2811678e-07
22483,15,1.2812354e-07
22484,15,1.2811948e-07
22485,15,1.2500401e-07
22486,15,1.2500367e-07
22487,15,1.2500446e-07
22488,15,1.2500403e-07
22489,15,1.2811749e-07
22490,15,1.2812131e-07
22491,15,1.2811992e-07
22492,15,1.250039e-07
22493,15,1.2500383e-07
22494,15,1.2500431e-07
22495,15,1.2500413e-07
22496,15,1.2811833e-07
22497,15,1.2811995e-07
22498,15,1.2812121e-07
22499,15,1.2500383e-07
22500,15,1.250039e-07
22501,15,1.2500413e-07
22502,15,1.2500431e-07
22503,15,1.2811946e-07
22504,15,1.2811944e-07
22505,15,1.2812349e-07
22506,15,1.2500368e-07
22507,15,1.2500395e-07
22508,15,1.2500402e-07
22509,15,1.2500446e-07
22510,15,1.2812053e-07
22511,15,1.2811945e-07
22512,15,1.281265e-07
22513,15,1.2500355e-07
22514,15,1.2500414e-07
22515,15,1.2500404e-07
22516,15,1.2500485e-07
22517,15,1.2812164e-07
22518,15,1.281198e-07
22519,15,1.2813072e-07
22520,15,1.2500335e-07
22521,15,1.2500408e-07
22522,15,1.2500404e-07
22523,15,1.2500522e-07
22524,15,1.2812295e-07
22525,15,1.281209e-07
22526,15,1.2813758e-07
22527,15,1.2500288e-07
22528,15,1.2500377e-07
22529,15,1.2500397e-07
22530,15,1.2500588e-07
22531,15,1.2812527e-07
22532,15,1.2812567e-07
22533,15,1.2815312e-07
22534,15,1.2500215e-07
22535,15,1.2500384e-07
22536,15,1.2500454e-07
22537,15,1.2500925e-07
22538,15,1.2813059e-07
22539,15,1.0175861679271717e-07
22540,15,1.282009e-07
22541,15,7.191016552934693e-08
22542,15,1.2501157e-07
22543,15,1.0108104593654123e-07
22544,15,1.2503688e-07
22545,15,1.277027e-07
22546,15,1.2822575e-07
22547,15,1.2800657e-07
22548,15,1.2502732e-07
22549,15,1.250607e-07
22550,15,1.2508619e-07
22551,15,1.2520275e-07
22552,16,3.149449408716177e-08
22553,15,1.2739003e-07
22554,16,5.0429397028231104e-08
22555,15,1.2509135e-07
22556,16,2.9581512700392042e-08
22557,15,1.2538695e-07
22558,16,5.167343034311036e-08
22559,16,1.1498967e-07
22560,16,1.2369036e-07
22561,16,1.1556641e-07
22562,16,1.2429733e-07
22563,16,1.217665e-07
22564,16,1.252236e-07
22565,16,1.2316072e-07
22566,16,1.356132e-07
22567,16,1.2842222e-07
22568,16,1.3501468e-07
22569,16,1.2624884e-07
22570,16,1.2666703e-07
22571,16,1.2360075e-07
22572,16,1.2681061e-07
22573,15,1.2789487e-07
22574,16,1.1381476971711904e-07
22575,16,1.2840718e-07
22576,16,8.134119215447944e-08
22577,15,1.2583117e-07
22578,16,1.1752783280831414e-07
22579,16,1.2628104e-07
22580,15,1.2839151e-07
22581,15,1.2901612e-07
22582,15,1.286124e-07
22583,15,1.2541538e-07
22584,15,1.2517754e-07
22585,15,1.2569514e-07
22586,15,1.2531819e-07
22587,15,1.2817825e-07
22588,15,1.2840229e-07
22589,15,1.2824345e-07
22590,15,1.250728e-07
22591,15,1.2502581e-07
22592,15,1.2513881e-07
22593,15,1.2505299e-07
22594,15,1.2812531e-07
22595,15,7.693929084079226e-08
22596,15,1.2815131e-07
22597,15,2.2115649114518466e-08
22598,15,1.2500533e-07
22599,15,7.194941865392153e-08
22600,15,1.2501109e-07
22601,15,1.2811573e-07
22602,15,1.2816018e-07
22603,15,1.2812972e-07
22604,15,1.2500581e-07
22605,15,1.2500334e-07
22606,15,1.2500994e-07
22607,15,1.250055e-07
22608,15,1.2811479e-07
22609,15,1.2814169e-07
22610,15,1.2812387e-07
22611,15,1.2500466e-07
22612,15,1.2500336e-07
22613,15,1.2500679e-07
22614,15,1.2500457e-07
22615,15,1.2811534e-07
22616,15,1.2813257e-07
22617,15,1.2812158e-07
22618,15,1.2500424e-07
22619,15,1.2500346e-07
22620,15,1.2500549e-07
22621,15,1.2500423e-07
22622,15,1.2811597e-07
22623,15,1.2812657e-07
22624,15,1.2812055e-07
22625,15,1.2500403e-07
22626,15,1.2500361e-07
22627,15,1.2500486e-07
22628,15,1.2500413e-07
22629,15,1.2811676e-07
22630,15,1.2812294e-07
22631,15,1.2812097e-07
22632,15,1.2500386e-07
22633,15,1.2500368e-07
22634,15,1.250043e-07
22635,15,1.2500403e-07
22636,15,1.2811784e-07
22637,15,1.2812094e-07
22638,15,1.2812278e-07
22639,15,1.2500368e-07
22640,15,1.2500386e-07
22641,15,1.2500404e-07
22642,15,1.250043e-07
22643,15,1.2811934e-07
22644,15,1.2812056e-07
22645,15,1.2812651e-07
22646,15,1.2500361e-07
22647,15,1.2500403e-07
22648,15,1.2500414e-07
22649,15,1.2500485e-07
22650,15,1.281215e-07
22651,15,1.2812166e-07
22652,15,1.2813238e-07
22653,15,1.2500346e-07
22654,15,1.2500423e-07
22655,15,1.2500423e-07
22656,15,1.2500547e-07
22657,15,1.2812497e-07
22658,15,1.2812412e-07
22659,15,1.2814148e-07
22660,15,1.2500338e-07
22661,15,1.2500464e-07
22662,15,1.250046e-07
22663,15,1.2500676e-07
22664,15,1.2813303e-07
22665,15,1.2813011e-07
22666,15,1.2816003e-07
22667,15,1.2500338e-07
22668,15,1.2500586e-07
22669,15,1.250056e-07
22670,15,1.2501003e-07
22671,15,2.4418975865414813e-08
22672,15,1.2815172e-07
22673,15,7.6937585948003e-08
22674,15,1.2500552e-07
22675,15,2.2115508886732835e-08
22676,15,1.2501131e-07
22677,15,7.194938929148692e-08
22678,15,1.2826802e-07
22679,15,1.2824324e-07
22680,15,1.2840163e-07
22681,15,1.2502629e-07
22682,15,1.2507332e-07
22683,15,1.2505329e-07
22684,15,1.2513982e-07
22685,15,1.2850552e-07
22686,15,1.2861134e-07
22687,15,1.290228e-07
22688,15,1.251769e-07
22689,15,1.2541091e-07
22690,15,1.2532075e-07
22691,15,1.2570521e-07
22692,16,8.186644477399718e-08
22693,16,1.2842848e-07
22694,16,1.1378626568078705e-07
22695,15,1.2581106e-07
22696,16,8.11284133476135e-08
22697,16,1.2631297e-07
22698,16,1.1748057737426915e-07
22699,16,1.2869901e-07
22700,16,1.352576e-07
22701,16,1.2899092e-07
22702,16,1.2655451e-07
22703,16,1.2590564e-07
22704,16,1.2695931e-07
22705,16,1.2402745e-07
22706,16,1.3538171e-07
22707,17,1.5797359e-07
22708,16,1.376089e-07
22709,17,1.1949638e-07
22710,16,1.2677962e-07
22711,17,1.4347071e-07
22712,16,1.2786137e-07
22713,16,3.8029821127917575e-08
22714,16,1.2311239e-07
22715,16,9.197375056307209e-08
22716,16,1.2762057e-07
22717,16,3.982991480014848e-08
22718,16,1.2870967e-07
22719,16,9.13571988993528e-08
22720,15,1.2887679e-07
22721,15,1.296775e-07
22722,15,1.2889231e-07
22723,15,1.2611663e-07
22724,15,1.2554604e-07
22725,15,1.2677067e-07
22726,15,1.2592414e-07
22727,15,1.283137e-07
22728,15,1.2856413e-07
22729,15,1.2844502e-07
22730,15,1.25245e-07
22731,15,1.2509666e-07
22732,15,1.2544065e-07
22733,15,1.251873e-07
22734,15,1.9935169155909183e-08
22735,15,1.2832742e-07
22736,15,9.316046484355464e-08
22737,15,1.250431e-07
22738,15,2.212674168872201e-08
22739,15,1.2508474e-07
22740,15,9.146466963385746e-08
22741,15,1.2812305e-07
22742,15,1.2819924e-07
22743,15,1.2814988e-07
22744,15,1.2501114e-07
22745,15,1.2500511e-07
22746,15,1.2502108e-07
22747,15,1.2501024e-07
22748,15,1.2811606e-07
22749,15,1.2815995e-07
22750,15,1.281322e-07
22751,15,1.2500601e-07
22752,15,1.2500359e-07
22753,15,1.2501001e-07
22754,15,1.2500601e-07
22755,15,1.2811493e-07
22756,15,1.2814188e-07
22757,15,1.2812516e-07
22758,15,1.2500461e-07
22759,15,1.2500337e-07
22760,15,1.2500681e-07
22761,15,1.2500467e-07
22762,15,1.2811515e-07
22763,15,1.2813106e-07
22764,15,1.2812185e-07
22765,15,1.2500404e-07
22766,15,1.2500334e-07
22767,15,1.2500526e-07
22768,15,1.2500407e-07
22769,15,1.2811595e-07
22770,15,1.2812449e-07
22771,15,1.2812141e-07
22772,15,1.2500354e-07
22773,15,1.2500327e-07
22774,15,1.2500426e-07
22775,15,1.2500389e-07
22776,15,1.2811729e-07
22777,15,1.2812144e-07
22778,15,1.2812436e-07
22779,15,1.2500327e-07
22780,15,1.2500351e-07
22781,15,1.2500389e-07
22782,15,1.2500425e-07
22783,15,1.2811964e-07
22784,15,1.281218e-07
22785,15,1.2813078e-07
22786,15,1.2500333e-07
22787,15,1.2500401e-07
22788,15,1.2500408e-07
22789,15,1.2500522e-07
22790,15,1.2812379e-07
22791,15,1.2812522e-07
22792,15,1.2814155e-07
22793,15,1.2500337e-07
22794,15,1.2500456e-07
22795,15,1.2500468e-07
22796,15,1.2500678e-07
22797,15,1.2813194e-07
22798,15,1.2813253e-07
22799,15,1.2815965e-07
22800,15,1.250036e-07
22801,15,1.2500596e-07
22802,15,1.2500604e-07
22803,15,1.2500996e-07
22804,15,1.2815464e-07
22805,15,1.2815057e-07
22806,15,1.2819923e-07
22807,15,1.250052e-07
22808,15,1.2501123e-07
22809,15,1.2501035e-07
22810,15,1.2502111e-07
22811,15,1.2823461e-07
22812,15,9.31591056135227e-08
22813,15,1.283265e-07
22814,15,2.2126432926133613e-08
22815,15,1.2504298e-07
22816,15,9.146405269121313e-08
22817,15,1.2508386e-07
22818,15,1.2852728e-07
22819,15,1.284422e-07
22820,15,1.2855076e-07
22821,15,1.2509603e-07
22822,15,1.2524359e-07
22823,15,1.2518382e-07
22824,15,1.2543103e-07
22825,15,1.2936364e-07
22826,15,1.2886394e-07
22827,15,1.2962804e-07
22828,15,1.2554419e-07
22829,15,1.261268e-07
22830,15,1.2590134e-07
22831,15,1.2673836e-07
22832,16,1.2195082e-07
22833,16,9.195111240062408e-08
22834,16,1.2319912e-07
22835,16,3.98340610648345e-08
22836,16,1.2777592e-07
22837,16,9.133214961855689e-08
22838,16,1.288706e-07
22839,17,1.2564814e-07
22840,16,1.3778734e-07
22841,17,1.5816982e-07
22842,16,1.2714077e-07
22843,17,1.1961727e-07
22844,16,1.280849e-07
22845,17,1.4311908e-07
22846,16,1.2984835e-07
22847,16,1.2505194e-07
22848,16,1.2906819e-07
22849,16,1.2947019e-07
22850,16,1.2895498e-07
22851,16,1.3013801e-07
22852,16,1.2970349e-07
22853,15,1.2895422e-07
22854,16,9.94896984068448e-08
22855,15,1.29613e-07
22856,16,3.3762868403802834e-08
22857,15,1.2648017e-07
22858,16,9.99895796236584e-08
22859,15,1.2724143e-07
22860,15,1.2860633e-07
22861,15,1.2902472e-07
22862,15,1.2852811e-07
22863,15,1.2575264e-07
22864,15,1.2534245e-07
22865,15,1.2624761e-07
22866,15,1.2562369e-07
22867,15,1.282505e-07
22868,15,1.2835936e-07
22869,15,1.2836085e-07
22870,15,1.2515382e-07
22871,15,1.2506277e-07
22872,15,1.253004e-07
22873,15,1.2513545e-07
22874,15,1.2815042e-07
22875,15,1.2829297e-07
22876,15,7.40457465612341e-08
22877,15,7.196288410357706e-08
22878,15,1.2501338e-07
22879,15,1.2506806e-07
22880,15,7.196296485999109e-08
22881,15,1.2812356e-07
22882,15,1.2820028e-07
22883,15,1.2815572e-07
22884,15,1.2501031e-07
22885,15,1.2500524e-07
22886,15,1.2502135e-07
22887,15,1.2501148e-07
22888,15,1.2811636e-07
22889,15,1.2816111e-07
22890,15,1.2813372e-07
22891,15,1.2500572e-07
22892,15,1.2500346e-07
22893,15,1.2501036e-07
22894,15,1.250061e-07
22895,15,1.2811416e-07
22896,15,1.2813839e-07
22897,15,1.2812317e-07
22898,15,1.2500399e-07
22899,15,1.2500286e-07
22900,15,1.2500603e-07
22901,15,1.250039e-07
22902,15,1.2811413e-07
22903,15,1.2812529e-07
22904,15,1.281204e-07
22905,15,1.2500309e-07
22906,15,1.2500279e-07
22907,15,1.2500387e-07
22908,15,1.2500322e-07
22909,15,1.2811617e-07
22910,15,1.281204e-07
22911,15,1.2812508e-07
22912,15,1.2500278e-07
22913,15,1.2500305e-07
22914,15,1.2500321e-07
22915,15,1.2500383e-07
22916,15,1.281207e-07
22917,15,1.2812299e-07
22918,15,1.2813781e-07
22919,15,1.2500284e-07
22920,15,1.2500392e-07
22921,15,1.2500387e-07
22922,15,1.2500595e-07
22923,15,1.2812956e-07
22924,15,1.2813344e-07
22925,15,1.2816021e-07
22926,15,1.2500343e-07
22927,15,1.2500564e-07
22928,15,1.2500607e-07
22929,15,1.2501025e-07
22930,15,1.2814988e-07
22931,15,1.2815582e-07
22932,15,1.282e-07
22933,15,1.2500524e-07
22934,15,1.2501021e-07
22935,15,1.2501142e-07
22936,15,1.2502118e-07
22937,15,7.40429207526252e-08
22938,15,7.404468284655662e-08
22939,15,1.2829557e-07
22940,15,1.2501349e-07
22941,15,7.196213612868066e-08
22942,15,7.1962424974872e-08
22943,15,1.2506881e-07
22944,15,1.283979e-07
22945,15,1.2836929e-07
22946,15,1.2837014e-07
22947,15,1.2506306e-07
22948,15,1.2515331e-07
22949,15,1.2513777e-07
22950,15,1.2530486e-07
22951,15,1.2867931e-07
22952,15,1.2854499e-07
22953,15,1.2901833e-07
22954,15,1.2533725e-07
22955,15,1.2573257e-07
22956,15,1.25627e-07
22957,15,1.262342e-07
22958,16,3.6158602248655904e-08
22959,15,1.2955542e-07
22960,16,9.935518197529037e-08
22961,15,1.2642071e-07
22962,16,3.3684470729857146e-08
22963,15,1.2717332e-07
22964,16,9.978589120002063e-08
22965,16,1.2474248e-07
22966,16,1.2872846e-07
22967,16,1.2453534e-07
22968,16,1.2863526e-07
22969,16,1.2938313e-07
22970,16,1.2927485e-07
22971,16,1.2956444e-07
22972,16,1.3861971e-07
22973,17,1.4850365e-07
22974,16,1.3416511e-07
22975,16,1.2195258e-07
22976,16,1.2907417e-07
22977,17,1.3384699e-07
22978,16,1.2973565e-07
22979,16,6.153517410508886e-08
22980,16,1.2436728e-07
22981,16,1.2872016e-07
22982,16,1.2950209e-07
22983,16,6.369408889107247e-08
22984,16,1.3088804e-07
22985,16,1.2926342e-07
22986,15,1.2845012e-07
22987,16,4.1311765754456337e-08
22988,15,1.288583e-07
22989,15,1.2694505e-07
22990,15,1.2606975e-07
22991,16,4.15025147162099e-08
22992,15,1.267225e-07
22993,15,1.2849352e-07
22994,15,1.2865712e-07
22995,15,1.2843374e-07
22996,15,1.2555757e-07
22997,15,1.2527312e-07
22998,15,1.2601316e-07
22999,15,1.2556055e-07
23000,15,1.2825215e-07
23001,15,1.2836327e-07
23002,15,1.2840188e-07
23003,15,1.251357e-07
23004,15,1.2506323e-07
23005,15,1.2530199e-07
23006,15,1.2515502e-07
23007,15,1.9936330864109793e-08
23008,15,1.2833179e-07
23009,15,1.2823927e-07
23010,15,9.146531299098512e-08
23011,15,2.2127243184086628e-08
23012,15,1.2508618e-07
23013,15,1.2504485e-07
23014,15,1.2812724e-07
23015,15,7.6943285204162e-08
23016,15,2.4422468753688562e-08
23017,15,1.2501194e-07
23018,15,1.2500599e-07
23019,15,7.195121401950189e-08
23020,15,2.2116655514034e-08
23021,15,1.2811439e-07
23022,15,1.2815567e-07
23023,15,1.2812658e-07
23024,15,1.2500496e-07
23025,15,1.2500251e-07
23026,15,1.2501009e-07
23027,15,1.2500447e-07
23028,15,1.2811081e-07
23029,15,1.2812386e-07
23030,15,1.2811481e-07
23031,15,1.2500221e-07
23032,15,1.2500146e-07
23033,15,1.2500283e-07
23034,15,1.2500113e-07
23035,15,1.2811407e-07
23036,15,1.2811467e-07
23037,15,1.281231e-07
23038,15,1.2500144e-07
23039,15,1.2500212e-07
23040,15,1.2500107e-07
23041,15,1.2500263e-07
23042,15,1.281256e-07
23043,15,1.2812555e-07
23044,15,1.2815381e-07
23045,15,1.2500238e-07
23046,15,1.2500472e-07
23047,15,1.2500416e-07
23048,15,1.2500956e-07
23049,15,1.2815173e-07
23050,15,2.442227981429376e-08
23051,15,7.694246980612125e-08
23052,15,1.2500574e-07
23053,15,1.2501153e-07
23054,15,2.2116423379085185e-08
23055,15,7.195080754231076e-08
23056,15,9.316106466352936e-08
23057,15,1.2823884e-07
23058,15,1.2833158e-07
23059,15,2.2126996635669155e-08
23060,15,9.14646595851588e-08
23061,15,1.2504446e-07
23062,15,1.2508605e-07
23063,15,1.2836625e-07
23064,15,1.2840544e-07
23065,15,1.2837305e-07
23066,15,1.250636e-07
23067,15,1.2513762e-07
23068,15,1.2515623e-07
23069,15,1.2530639e-07
23070,15,1.2845727e-07
23071,15,1.2846412e-07
23072,15,1.2872894e-07
23073,15,1.2528059e-07
23074,15,1.2557678e-07
23075,15,1.2557704e-07
23076,15,1.2606156e-07
23077,15,1.2926242e-07
23078,15,1.2901053e-07
23079,16,4.143835406378077e-08
23080,15,1.2610517e-07
23081,15,1.2698976e-07
23082,15,1.268348e-07
23083,16,4.162418708836141e-08
23084,16,1.2907262e-07
23085,16,1.2890246e-07
23086,16,1.2426746e-07
23087,16,6.369519626525453e-08
23088,16,1.2925269e-07
23089,16,1.2946697e-07
23090,16,1.3087688e-07
23091,16,1.2665726e-07
23092,16,1.3335711e-07
23093,17,1.467438e-07
23094,16,1.2861063e-07
23095,16,1.2075131e-07
23096,16,1.2987469e-07
23097,17,1.3397243e-07
23098,16,1.3704859e-07
23099,16,1.1895563e-07
23100,16,1.2347669e-07
23101,16,1.2959319e-07
23102,16,1.2918505e-07
23103,17,1.1923394e-07
23104,16,1.259183e-07
23105,16,3.0800784846834665e-08
23106,16,1.1795449e-07
23107,16,1.2594273226496865e-07
23108,16,1.2833404e-07
23109,16,3.3961656719310364e-08
23110,16,1.2789388e-07
23111,16,1.2834432e-07
23112,15,1.2846089e-07
23113,16,4.135680995832802e-08
23114,15,1.292464e-07
23115,15,1.2673387e-07
23116,15,1.2607916e-07
23117,16,4.1533480106937545e-08
23118,15,1.2697239e-07
23119,15,1.286124e-07
23120,15,1.2903923e-07
23121,15,1.2871419e-07
23122,15,1.2562655e-07
23123,15,1.2534403e-07
23124,15,1.2625286e-07
23125,15,1.2575515e-07
23126,15,1.2832271e-07
23127,15,1.285815e-07
23128,15,1.2854994e-07
23129,15,1.2519064e-07
23130,15,1.2510102e-07
23131,15,1.2544905e-07
23132,15,1.2525681e-07
23133,15,1.2818571e-07
23134,15,1.2842088e-07
23135,15,1.2828176e-07
23136,15,1.2505711e-07
23137,15,1.2502917e-07
23138,15,1.2515026e-07
23139,15,1.2508147e-07
23140,15,7.093539405216708e-08
23141,15,1.2821275e-07
23142,15,1.2813811e-07
23143,15,1.0108443659693232e-07
23144,15,7.191220543811415e-08
23145,15,1.2504332e-07
23146,15,1.250158e-07
23147,15,4.101896883096474e-08
23148,15,1.2811143e-07
23149,15,1.2809048e-07
23150,15,5.216789559094994e-08
23151,15,4.2202671816305095e-08
23152,15,1.2500206e-07
23153,15,1.2499499e-07
23154,15,5.1546534366772686e-08
23155,15,1.2808985e-07
23156,15,1.2810811e-07
23157,15,4.220246003638669e-08
23158,15,5.2167247374956177e-08
23159,15,1.2499458e-07
23160,15,1.2500071e-07
23161,15,1.0176345595512209e-07
23162,15,1.281337e-07
23163,15,1.282041e-07
23164,15,7.191110361077259e-08
23165,15,1.0108261954259113e-07
23166,15,1.2501325e-07
23167,15,1.25039e-07
23168,15,1.2824737e-07
23169,15,1.2827381e-07
23170,15,1.2841105e-07
23171,15,1.2502737e-07
23172,15,1.2505543e-07
23173,15,1.2507638e-07
23174,15,1.2514562e-07
23175,15,1.2845287e-07
23176,15,1.2854687e-07
23177,15,1.2858316e-07
23178,15,1.2510026e-07
23179,15,1.251913e-07
23180,15,1.2525631e-07
23181,15,1.2545556e-07
23182,15,1.2854693e-07
23183,15,1.287199e-07
23184,15,1.2904742e-07
23185,15,1.2534697e-07
23186,15,1.2563382e-07
23187,15,1.2576596e-07
23188,15,1.2625894e-07
23189,15,1.2898029e-07
23190,15,1.2926055e-07
23191,16,4.142162198188368e-08
23192,15,1.2610216e-07
23193,15,1.2681676e-07
23194,15,1.2698219e-07
23195,16,4.160734705535176e-08
23196,16,1.264037090480965e-07
23197,16,1.2637877483113342e-07
23198,16,1.1873405e-07
23199,16,3.410284756338411e-08
23200,16,1.2881967e-07
23201,16,1.28709e-07
23202,16,1.2872693e-07
23203,16,1.3332209e-07
23204,16,1.2431652e-07
23205,16,1.1907011e-07
23206,16,1.2993315e-07
23207,16,1.3124839e-07
23208,16,1.2722817e-07
23209,17,1.209695e-07
23210,16,1.3704906e-07
23211,16,1.1703381e-07
23212,16,1.3253876e-07
23213,16,1.2578556e-07
23214,16,1.2931659e-07
23215,17,1.190072e-07
23216,16,1.3074681e-07
23217,16,6.156528641245396e-08
23218,16,1.2422748e-07
23219,16,1.2929295e-07
23220,16,1.2937582e-07
23221,16,6.373554272010317e-08
23222,16,1.3095327e-07
23223,16,1.2946534e-07
23224,15,1.2897105e-07
23225,16,9.945015586265644e-08
23226,16,3.6189564262863025e-08
23227,15,1.2724219e-07
23228,15,1.2647791e-07
23229,16,9.98980119101264e-08
23230,16,3.371049198177115e-08
23231,15,1.2891936e-07
23232,15,1.2975792e-07
23233,15,1.2945112e-07
23234,15,1.2594595e-07
23235,15,1.2557774e-07
23236,15,1.2683115e-07
23237,15,1.2620092e-07
23238,15,1.2842461e-07
23239,15,1.2909851e-07
23240,15,1.2856859e-07
23241,15,1.253478e-07
23242,15,1.251993e-07
23243,15,1.2577144e-07
23244,15,1.2546951e-07
23245,15,1.2813207e-07
23246,15,1.2806339e-07
23247,15,1.2774169e-07
23248,15,1.2510453e-07
23249,15,1.2503973e-07
23250,15,1.2525095e-07
23251,15,1.2509287e-07
23252,15,1.2806339e-07
23253,15,1.2781008e-07
23254,15,1.2797697e-07
23255,15,1.2500354e-07
23256,15,1.2498723e-07
23257,15,1.2500332e-07
23258,15,1.2496472e-07
23259,15,1.280734e-07
23260,15,1.2797532e-07
23261,15,1.2779791e-07
23262,15,1.2498622e-07
23263,15,1.2500003e-07
23264,15,1.2496241e-07
23265,15,1.2499523e-07
23266,15,1.2823427e-07
23267,15,1.2772329e-07
23268,15,1.2802161e-07
23269,15,1.2503277e-07
23270,15,1.2509249e-07
23271,15,1.2507562e-07
23272,15,1.2522004e-07
23273,15,1.2862976e-07
23274,15,1.2852273e-07
23275,15,1.2904081e-07
23276,15,1.2518419e-07
23277,15,1.2533359e-07
23278,15,1.2542732e-07
23279,15,1.2572875e-07
23280,15,1.2893358e-07
23281,15,1.2942582e-07
23282,15,1.2976465e-07
23283,15,1.2557372e-07
23284,15,1.2596147e-07
23285,15,1.2618496e-07
23286,15,1.268754e-07
23287,15,1.2963746e-07
23288,16,3.634030102175112e-08
23289,16,9.955553536532032e-08
23290,15,1.2651349e-07
23291,15,1.2727509e-07
23292,16,3.386199101238238e-08
23293,16,1.0006642715418946e-07
23294,16,1.2876407e-07
23295,16,1.2913528e-07
23296,16,1.2404551e-07
23297,16,6.371185936690881e-08
23298,16,1.2922971e-07
23299,16,1.2943193e-07
23300,16,1.3055021e-07
23301,16,1.2455738e-07
23302,16,1.3308379e-07
23303,17,1.1923749e-07
23304,16,1.2957191e-07
23305,16,1.2665177e-07
23306,16,1.3039837e-07
23307,17,1.1917273e-07
23308,16,1.3865439e-07
23309,17,1.4864104e-07
23310,16,1.2826778e-07
23311,16,1.2980257e-07
23312,16,1.2869137e-07
23313,17,1.333233e-07
23314,16,1.2078832e-07
23315,16,1.2993642e-07
23316,16,1.2535283e-07
23317,16,1.2518184e-07
23318,16,1.2955301e-07
23319,16,1.2886573e-07
23320,16,1.2993543e-07
23321,16,1.2985729e-07
23322,16,3.8246859796968585e-08
23323,16,1.234636e-07
23324,16,1.2213771e-07
23325,16,9.15150986382095e-08
23326,16,4.006120453955783e-08
23327,16,1.2921898e-07
23328,16,1.2804122e-07
23329,15,1.2801769e-07
23330,16,1.1428397685502565e-07
23331,16,8.23834911368278e-08
23332,16,1.2645601e-07
23333,15,1.2594703e-07
23334,16,1.1816091491374553e-07
23335,16,8.174764064933374e-08
23336,15,1.2722335e-07
23337,16,5.0823985237116985e-08
23338,16,3.1715941309244194e-08
23339,15,1.2550661e-07
23340,15,1.2516885e-07
23341,16,5.211671755702e-08
23342,16,2.9802706273335306e-08
23343,15,1.2783127e-07
23344,16,1.7796675035206762e-08
23345,16,1.0291936538697741e-08
23346,15,1.2497836e-07
23347,15,1.2490265e-07
23348,16,1.5056102640516963e-08
23349,16,7.740988092475966e-09
23350,15,1.2749754e-07
23351,16,1.0267899200676145e-08
23352,16,1.7712421114910632e-08
23353,15,1.2489852e-07
23354,15,1.2496177e-07
23355,16,7.716842924645727e-09
23356,16,1.498263349318339e-08
23357,15,1.2742804e-07
23358,16,3.1567014835027094e-08
23359,16,5.0574896242178136e-08
23360,15,1.2513107e-07
23361,15,1.2543331e-07
23362,16,2.9659641561467744e-08
23363,16,5.184253601648195e-08
23364,16,1.2842552e-07
23365,16,8.204265825617624e-08
23366,16,1.1394751662194781e-07
23367,15,1.2583428e-07
23368,16,1.263257e-07
23369,16,8.134501307355397e-08
23370,16,1.1772407075769244e-07
23371,16,9.233915274330685e-08
23372,16,1.2191616e-07
23373,16,1.2335995e-07
23374,16,4.0072154808341964e-08
23375,16,9.178827766075248e-08
23376,16,1.2773171e-07
23377,16,1.2912222e-07
23378,16,1.290465e-07
23379,16,1.2523511e-07
23380,16,1.2522035e-07
23381,16,1.2917777e-07
23382,16,1.295853e-07
23383,16,1.3027443e-07
23384,16,1.301506e-07
23385,16,1.3325782e-07
23386,16,1.2800877e-07
23387,17,1.4790437e-07
23388,16,1.2918037e-07
23389,16,1.2884826e-07
23390,16,1.2231902e-07
23391,17,1.3360318e-07
23392,16,1.3548764e-07
23393,17,1.5673549e-07
23394,17,1.2494099e-07
23395,16,1.2951335e-07
23396,16,1.2774389e-07
23397,17,1.4662046e-07
23398,17,1.211009e-07
23399,16,1.3587347e-07
23400,16,1.2777316e-07
23401,16,1.2830722e-07
23402,16,1.2743645e-07
23403,16,1.2707322e-07
23404,16,1.2500356e-07
23405,16,1.2651226e-07
23406,16,1.2458335e-07
23407,16,1.1593618e-07
23408,16,1.1512894e-07
23409,16,1.2570142e-07
23410,16,1.2460014e-07
23411,16,1.238595e-07
23412,16,1.2201641e-07
23413,16,1.2502377e-07
23414,16,1.1642006e-07
23415,16,1.1708762e-07
23416,16,1.241803e-07
23417,16,1.2412461e-07
23418,16,1.2221453e-07
23419,16,1.226057e-07
23420,16,1.2501224e-07
23421,16,1.1715549e-07
23422,16,1.1654628e-07
23423,16,1.2414475e-07
23424,16,1.2416944e-07
23425,16,1.2269984e-07
23426,16,1.2230866e-07
23427,16,1.2388482e-07
23428,16,1.1534767e-07
23429,16,1.1614616e-07
23430,16,1.2453417e-07
23431,16,1.2550176e-07
23432,16,1.2215091e-07
23433,16,1.2373988e-07
23434,16,1.3478908e-07
23435,16,1.2836623e-07
23436,16,1.2762994e-07
23437,16,1.2657922e-07
23438,16,1.268607e-07
23439,16,1.257996e-07
23440,16,1.2390256e-07
23441,16,1.3776906e-07
23442,17,1.2471174e-07
23443,17,1.5749465e-07
23444,16,1.2688555e-07
23445,16,1.2850918e-07
23446,17,1.1947835e-07
23447,17,1.4376352e-07
23448,1,1.1769539e-07
23449,1,1.2138682e-07
23450,1,1.1125046e-07
23451,1,1.2882711e-07
23452,1,1.1833753e-07
23453,1,1.2787724e-07
23454,1,1.1893925e-07
23455,1,1.2820388e-07
23456,1,1.1115284e-07
23457,1,1.2092847e-07
23458,1,1.1910155e-07
23459,1,1.2827977e-07
23460,1,1.1899316e-07
23461,1,1.2760471e-07
23462,1,1.1576193e-07
23463,1,1.2140936e-07
23464,1,1.1312794e-07
23465,2,1.4798058e-07
23466,1,1.1588451e-07
23467,1,1.2264519e-07
23468,1,1.207916e-07
23469,2,1.5077697e-07
23470,1,1.1396333e-07
23471,1,1.2279645e-07
23472,1,1.1835901e-07
23473,2,1.4896231e-07
23474,1,1.2192064e-07
23475,1,1.2350395e-07
23476,1,1.2123731e-07
23477,1,1.1203501e-07
23478,1,1.1228077e-07
23479,1,1.1807718e-07
23480,1,1.2267563e-07
23481,1,1.1291158e-07
23482,1,1.1974122e-07
23483,1,1.1564137e-07
23484,1,1.1223027e-07
23485,1,1.1178165e-07
23486,1,1.2299753e-07
23487,1,1.1761622e-07
23488,1,1.1976083e-07
23489,1,1.1284755e-07
23490,1,1.1152363e-07
23491,1,1.2162938e-07
23492,1,1.1161788e-07
23493,1,1.1837312e-07
23494,1,1.1312367e-07
23495,1,1.2334656e-07
23496,1,1.1985934e-07
23497,1,1.1796665e-07
23498,1,1.1179802e-07
23499,1,1.2230792e-07
23500,1,1.137055e-07
23501,1,1.1979627e-07
23502,1,1.2015097e-07
23503,1,1.236913e-07
23504,1,1.2279186e-07
23505,1,1.1534604e-07
23506,1,1.1308723e-07
23507,2,1.4872744e-07
23508,1,1.2342822e-07
23509,1,1.1576709e-07
23510,1,1.2093801e-07
23511,2,1.5025259e-07
23512,1,1.1337499e-07
23513,1,1.1660182e-07
23514,1,1.2303238e-07
23515,2,1.477382e-07
23516,1,1.2067209e-07
23517,1,1.1566308e-07
23518,1,1.2137077e-07
23519,1,1.1787321e-07
23520,1,1.1132062e-07
23521,1,1.2826012e-07
23522,1,1.2777539e-07
23523,1,1.1913478e-07
23524,1,1.1906439e-07
23525,1,1.285939e-07
23526,1,1.1134632e-07
23527,1,1.1795952e-07
23528,1,1.277619e-07
23529,1,1.282781e-07
23530,1,1.1903734e-07
23531,1,1.1880056e-07
23532,1,1.1134853e-07
23533,1,1.2915996e-07
23534,1,1.2131255e-07
23535,1,1.1925206e-07
23536,1,1.1919224e-07
23537,1,1.2909194e-07
23538,1,1.2802581e-07
23539,1,1.1833291e-07
23540,1,1.2111285e-07
23541,1,1.2827774e-07
23542,1,1.1912499e-07
23543,1,1.1923501e-07
23544,1,1.2777872e-07
23545,1,1.2840526e-07
23546,1,1.1348169e-07
23547,2,1.4908209e-07
23548,1,1.2279181e-07
23549,1,1.1750811e-07
23550,1,1.2153083e-07
23551,2,1.4830654e-07
23552,1,1.2332238e-07
23553,1,1.1707048e-07
23554,1,1.2270297e-07
23555,2,1.4899087e-07
23556,1,1.2109578e-07
23557,1,1.1683237e-07
23558,1,1.2277417e-07
23559,2,1.469348e-07
23560,1,1.1166339e-07
23561,1,1.1824667e-07
23562,1,1.1139198e-07
23563,1,1.2323685e-07
23564,1,1.1973975e-07
23565,1,1.1878598e-07
23566,1,1.1292756e-07
23567,1,1.2175994e-07
23568,1,1.1153822e-07
23569,1,1.1751689e-07
23570,1,1.2011738e-07
23571,1,1.2357595e-07
23572,1,1.1360142e-07
23573,1,1.2081956e-07
23574,1,1.1218268e-07
23575,1,1.1488743e-07
23576,1,1.2151654e-07
23577,1,1.1243921e-07
23578,1,1.1960932e-07
23579,1,1.1532852e-07
23580,1,1.2262446e-07
23581,1,1.1239293e-07
23582,1,1.2148839e-07
23583,1,1.1693265e-07
23584,1,1.1981374e-07
23585,1,1.1272931e-07
23586,1,1.2295471e-07
23587,1,1.1636184e-07
23588,1,1.1360122e-07
23589,2,1.5053706e-07
23590,1,1.1602033e-07
23591,1,1.2384717e-07
23592,1,1.2176611e-07
23593,2,1.5082392e-07
23594,1,1.1774617e-07
23595,1,1.2141118e-07
23596,1,1.1570814e-07
23597,2,1.4748046e-07
23598,1,1.2105188e-07
23599,1,1.2347204e-07
23600,1,1.1610371e-07
23601,2,1.4926123e-07
23602,1,1.1135916e-07
23603,1,1.292842e-07
23604,1,1.1777212e-07
23605,1,1.2812013e-07
23606,1,1.191399e-07
23607,1,1.2990118e-07
23608,1,1.1905404e-07
23609,1,1.2144469e-07
23610,1,1.1849028e-07
23611,1,1.2946059e-07
23612,1,1.1920824e-07
23613,1,1.2811584e-07
23614,1,1.1928213e-07
23615,1,1.2926925e-07
23616,1,1.1980366e-07
23617,1,1.2949339e-07
23618,1,1.2060281e-07
23619,4,1.277014e-07
23620,4,1.1925218e-07
23621,4,1.2945709e-07
23622,4,1.205312e-07
23623,1,1.2796739e-07
23624,1,1.2039679e-07
23625,1,1.2903379e-07
23626,4,1.1946448e-07
23627,4,1.2739444e-07
23628,4,1.2047429e-07
23629,4,1.2909843e-07
23630,1,1.1656574e-07
23631,1,1.2398718e-07
23632,1,1.2195937e-07
23633,5,1.4598634e-07
23634,4,1.1639181e-07
23635,4,1.2308527e-07
23636,4,1.2169444e-07
23637,2,1.4709168e-07
23638,1,1.2262672e-07
23639,1,1.23742e-07
23640,4,1.164857e-07
23641,5,1.4590721e-07
23642,4,1.2182936e-07
23643,4,1.2349214e-07
23644,1,1.2430129e-07
23645,1,1.1431207e-07
23646,1,1.2123329e-07
23647,4,1.1784256e-07
23648,4,1.2357533e-07
23649,4,1.1447599e-07
23650,4,1.2111925e-07
23651,1,1.1830124e-07
23652,1,1.2117159e-07
23653,1,1.1427107e-07
23654,4,1.242965e-07
23655,4,1.1836105e-07
23656,4,1.2137841e-07
23657,4,1.1474253e-07
23658,1,1.1453402e-07
23659,1,1.2464166e-07
23660,1,1.2143537e-07
23661,4,1.1813534e-07
23662,4,1.1475611e-07
23663,4,1.2461892e-07
23664,4,1.2158794e-07
23665,1,1.2142254e-07
23666,1,1.2188931e-07
23667,1,1.2453059e-07
23668,4,1.1600499e-07
23669,4,1.2168644e-07
23670,4,1.2214569e-07
23671,4,1.2508468e-07
23672,1,1.2416607e-07
23673,1,1.1665722e-07
23674,1,1.2215422e-07
23675,5,1.4715722e-07
23676,4,1.2418911e-07
23677,4,1.1701085e-07
23678,4,1.2221869e-07
23679,2,1.4453184e-07
23680,1,1.2114581e-07
23681,1,1.1531022e-07
23682,4,1.227801e-07
23683,5,1.4370368e-07
23684,4,1.2101045e-07
23685,4,1.1515247e-07
23686,1,1.2892306e-07
23687,1,1.1924054e-07
23688,1,1.2033444e-07
23689,4,1.269355e-07
23690,4,1.2894608e-07
23691,4,1.1904011e-07
23692,4,1.2030023e-07
23693,1,1.2745306e-07
23694,1,1.2047906e-07
23695,1,1.1953703e-07
23696,4,1.2924033e-07
23697,4,1.2744943e-07
23698,4,1.2048472e-07
23699,4,1.1929397e-07
23700,1,1.2061875e-07
23701,1,1.2859565e-07
23702,1,1.2942684e-07
23703,4,1.1965317e-07
23704,4,1.2063006e-07
23705,4,1.2831657e-07
23706,4,1.295039e-07
23707,1,1.1954519e-07
23708,1,1.2937832e-07
23709,1,1.2866051e-07
23710,4,1.2041691e-07
23711,4,1.189939e-07
23712,4,1.2940498e-07
23713,4,1.2788321e-07
23714,1,1.2266274e-07
23715,2,1.4817047e-07
23716,1,1.2454822e-07
23717,4,1.1726744e-07
23718,4,1.2225205e-07
23719,5,1.4697083e-07
23720,4,1.2414038e-07
23721,1,1.1598646e-07
23722,1,1.2344888e-07
23723,2,1.4616024e-07
23724,4,1.2135055e-07
23725,4,1.1553003e-07
23726,4,1.2337705e-07
23727,5,1.4577698e-07
23728,1,1.2140828e-07
23729,1,1.185867e-07
23730,1,1.1446774e-07
23731,4,1.2464281e-07
23732,4,1.2153981e-07
23733,4,1.1828319e-07
23734,4,1.1482684e-07
23735,1,1.247932e-07
23736,1,1.1509273e-07
23737,1,1.209641e-07
23738,4,1.2160422e-07
23739,4,1.2456167e-07
23740,4,1.1492058e-07
23741,4,1.1908525e-07
23742,1,1.213122e-07
23743,1,1.1838165e-07
23744,1,1.2418456e-07
23745,4,1.1531151e-07
23746,4,1.2158043e-07
23747,4,1.2005236e-07
23748,4,1.2414874e-07
23749,1,1.1409386e-07
23750,1,1.2389413e-07
23751,1,1.1646864e-07
23752,4,1.2154661e-07
23753,4,1.1490822e-07
23754,4,1.2452966e-07
23755,4,1.1834835e-07
23756,1,1.2262678e-07
23757,2,1.4730101e-07
23758,1,1.1853448e-07
23759,4,1.2266492e-07
23760,4,1.2154569e-07
23761,5,1.4401128e-07
23762,4,1.1607908e-07
23763,1,1.2418928e-07
23764,1,1.1690288e-07
23765,2,1.484669e-07
23766,4,1.2195237e-07
23767,4,1.2372621e-07
23768,4,1.1686447e-07
23769,5,1.4585561e-07
23770,1,1.2041574e-07
23771,1,1.2825246e-07
23772,1,1.1940427e-07
23773,4,1.288499e-07
23774,4,1.2026966e-07
23775,4,1.2653564e-07
23776,4,1.1901793e-07
23777,1,1.2937039e-07
23778,1,1.1961588e-07
23779,1,1.2835023e-07
23780,4,1.203881e-07
23781,4,1.2932899e-07
23782,4,1.190008e-07
23783,4,1.2771132e-07
23784,4,1.1909992e-07
23785,4,1.2900455e-07
23786,4,1.2024085e-07
23787,4,1.2717551e-07
23788,4,1.1844943e-07
23789,4,1.2894814e-07
23790,4,1.2002783e-07
23791,4,1.2651401e-07
23792,4,1.2025873e-07
23793,4,1.2882798e-07
23794,4,1.1875839e-07
23795,4,1.2714671e-07
23796,4,1.2008338e-07
23797,4,1.2888774e-07
23798,4,1.169959e-07
23799,4,1.2323416e-07
23800,4,1.2172611e-07
23801,5,1.460907e-07
23802,4,1.1698326e-07
23803,4,1.2371316e-07
23804,4,1.2172874e-07
23805,5,1.4470872e-07
23806,4,1.2125045e-07
23807,4,1.228662e-07
23808,4,1.1640244e-07
23809,5,1.4548341e-07
23810,4,1.2141312e-07
23811,4,1.2309796e-07
23812,4,1.2344185e-07
23813,4,1.1404712e-07
23814,4,1.2083509e-07
23815,4,1.1832237e-07
23816,4,1.2465048e-07
23817,4,1.14416e-07
23818,4,1.2107663e-07
23819,4,1.1876548e-07
23820,4,1.2111755e-07
23821,4,1.1466453e-07
23822,4,1.2369616e-07
23823,4,1.1758722e-07
23824,4,1.2069178e-07
23825,4,1.1406039e-07
23826,4,1.1481827e-07
23827,4,1.2450777e-07
23828,4,1.2146488e-07
23829,4,1.1863167e-07
23830,4,1.1494989e-07
23831,4,1.2434019e-07
23832,4,1.213284e-07
23833,4,1.2025517e-07
23834,4,1.2172086e-07
23835,4,1.2467958e-07
23836,4,1.1478323e-07
23837,4,1.1798167e-07
23838,4,1.2123349e-07
23839,4,1.2408721e-07
23840,4,1.2386357e-07
23841,4,1.17322e-07
23842,4,1.2206496e-07
23843,5,1.4614174e-07
23844,4,1.2355972e-07
23845,4,1.1709637e-07
23846,4,1.2176047e-07
23847,5,1.4445554e-07
23848,4,1.2103944e-07
23849,4,1.1552111e-07
23850,4,1.2344755e-07
23851,5,1.4666761e-07
23852,4,1.2134561e-07
23853,4,1.1621039e-07
23854,4,1.2873352e-07
23855,4,1.1888215e-07
23856,4,1.2009941e-07
23857,4,1.27064e-07
23858,4,1.2867242e-07
23859,4,1.1885822e-07
23860,4,1.1999942e-07
23861,4,1.2769051e-07
23862,4,1.2029818e-07
23863,4,1.1929351e-07
23864,4,1.28423e-07
23865,4,1.2578694e-07
23866,4,1.2014005e-07
23867,4,1.1923725e-07
23868,4,1.2024028e-07
23869,4,1.275288e-07
23870,4,1.2904299e-07
23871,4,1.188623e-07
23872,4,1.2009463e-07
23873,4,1.2730472e-07
23874,4,1.288563e-07
23875,4,1.1829421e-07
23876,4,1.2899949e-07
23877,4,1.2674882e-07
23878,4,1.2025479e-07
23879,4,1.1932144e-07
23880,4,1.291936e-07
23881,4,1.2834661e-07
23882,4,1.2152482e-07
23883,5,1.4592918e-07
23884,4,1.2321413e-07
23885,4,1.1636345e-07
23886,4,1.2124914e-07
23887,5,1.4463402e-07
23888,4,1.2273989e-07
23889,4,1.1577713e-07
23890,4,1.2338391e-07
23891,5,1.45998e-07
23892,4,1.2063115e-07
23893,4,1.1449668e-07
23894,4,1.229401e-07
23895,5,1.4497866e-07
23896,4,1.2121088e-07
23897,4,1.1787258e-07
23898,4,1.1460714e-07
23899,4,1.2422683e-07
23900,4,1.2124353e-07
23901,4,1.197588e-07
23902,4,1.1500676e-07
23903,4,1.2446564e-07
23904,4,1.1463017e-07
23905,4,1.1824798e-07
23906,4,1.2120225e-07
23907,4,1.2431741e-07
23908,4,1.1474654e-07
23909,4,1.1896498e-07
23910,4,1.2135183e-07
23911,4,1.1909681e-07
23912,4,1.238695e-07
23913,4,1.1469166e-07
23914,4,1.2101088e-07
23915,4,1.1753858e-07
23916,4,1.2355348e-07
23917,4,1.1486764e-07
23918,4,1.2368881e-07
23919,4,1.1832548e-07
23920,4,1.2103051e-07
23921,4,1.1475918e-07
23922,4,1.2359332e-07
23923,4,1.1841481e-07
23924,4,1.2122009e-07
23925,5,1.4441668e-07
23926,4,1.1604198e-07
23927,4,1.22864e-07
23928,4,1.2138727e-07
23929,5,1.4568475e-07
23930,4,1.1674095e-07
23931,4,1.2248931e-07
23932,4,1.1640471e-07
23933,5,1.4413236e-07
23934,4,1.2145942e-07
23935,4,1.2255578e-07
23936,4,1.1713513e-07
23937,5,1.4472089e-07
23938,4,1.2004149e-07
23939,4,1.2666312e-07
23940,4,1.1889399e-07
23941,4,1.2848293e-07
23942,4,1.1993592e-07
23943,4,1.2676788e-07
23944,4,1.1884767e-07
23945,4,1.2915513e-07
23946,4,1.1868759e-07
23947,4,1.2791655e-07
23948,4,1.2007958e-07
23949,4,1.2904952e-07
23950,4,1.1877789e-07
23951,4,1.2773525e-07
23952,4,1.1881127e-07
23953,4,1.2917531e-07
23954,4,1.2008606e-07
23955,4,1.2797669e-07
23956,4,1.1875677e-07
23957,4,1.2909067e-07
23958,4,1.2002531e-07
23959,4,1.2718878e-07
23960,4,1.2003676e-07
23961,4,1.2884434e-07
23962,4,1.1896115e-07
23963,4,1.2709686e-07
23964,4,1.1999377e-07
23965,4,1.2876174e-07
23966,4,1.1594595e-07
23967,4,1.2295563e-07
23968,4,1.212778e-07
23969,5,1.4515826e-07
23970,4,1.166764e-07
23971,4,1.2291301e-07
23972,4,1.2132505e-07
23973,5,1.4739383e-07
23974,4,1.217593e-07
23975,4,1.2358108e-07
23976,4,1.1657812e-07
23977,5,1.4629549e-07
23978,4,1.2154678e-07
23979,4,1.2364473e-07
23980,4,1.2437421e-07
23981,4,1.1475851e-07
23982,4,1.2113132e-07
23983,4,1.1838164e-07
23984,4,1.2407413e-07
23985,4,1.1454282e-07
23986,4,1.2096133e-07
23987,4,1.1499534e-07
23988,4,1.2036615e-07
23989,4,1.1337389e-07
23990,4,1.2412291e-07
23991,4,1.1706173e-07
23992,4,1.2051208e-07
23993,4,1.1373332e-07
23994,4,1.1478796e-07
23995,4,1.2366504e-07
23996,4,1.2103331e-07
23997,4,1.1828857e-07
23998,4,1.1457194e-07
23999,4,1.2385768e-07
24000,4,1.2090417e-07
24001,4,1.1725938e-07
24002,4,1.2088733e-07
24003,4,1.2361997e-07
24004,4,1.1443919e-07
24005,4,1.1790842e-07
24006,4,1.2084978e-07
24007,4,1.2373545e-07
24008,4,1.227511e-07
24009,4,1.1638856e-07
24010,4,1.2131325e-07
24011,5,1.4549222e-07
24012,4,1.2307486e-07
24013,4,1.1632627e-07
24014,4,1.2129086e-07
24015,5,1.4690774e-07
24016,4,1.2144053e-07
24017,4,1.1645376e-07
24018,4,1.233793e-07
24019,5,1.4666586e-07
24020,4,1.2161977e-07
24021,4,1.1701727e-07
24022,4,1.2860871e-07
24023,4,1.1849951e-07
24024,4,1.1985318e-07
24025,4,1.2774645e-07
24026,4,1.2878774e-07
24027,4,1.1827261e-07
24028,4,1.198142e-07
24029,4,1.2559098e-07
24030,4,1.2003976e-07
24031,4,1.193133e-07
24032,4,1.2847314e-07
24033,4,1.2680408e-07
24034,4,1.1995763e-07
24035,4,1.1895046e-07
24036,4,1.2002385e-07
24037,4,1.2726328e-07
24038,4,1.2882354e-07
24039,4,1.1860657e-07
24040,4,1.1997761e-07
24041,4,1.2733694e-07
24042,4,1.2888048e-07
24043,4,1.1857784e-07
24044,4,1.2888698e-07
24045,4,1.2752439e-07
24046,4,1.1985195e-07
24047,4,1.1847282e-07
24048,4,1.2862144e-07
24049,4,1.2714407e-07
24050,4,1.2113781e-07
24051,5,1.4383722e-07
24052,4,1.2243347e-07
24053,4,1.1632775e-07
24054,4,1.2117913e-07
24055,5,1.4517066e-07
24056,4,1.227315e-07
24057,4,1.144482e-07
24058,4,1.2289245e-07
24059,5,1.4533129e-07
24060,4,1.205318e-07
24061,4,1.1515967e-07
24062,4,1.2243493e-07
24063,5,1.444612e-07
24064,4,1.2112671e-07
24065,4,1.2013562e-07
24066,4,1.1495617e-07
24067,4,1.2366797e-07
24068,4,1.2079553e-07
24069,4,1.1831215e-07
24070,4,1.1439875e-07
24071,4,1.2421751e-07
24072,4,1.146614e-07
24073,4,1.1863696e-07
24074,4,1.2096117e-07
24075,4,1.2394798e-07
24076,4,1.1472344e-07
24077,4,1.1913935e-07
24078,4,1.2084388e-07
24079,4,1.1677553e-07
24080,4,1.235899e-07
24081,4,1.1429253e-07
24082,4,1.2087193e-07
24083,4,1.1737285e-07
24084,4,1.2403197e-07
24085,4,1.1461637e-07
24086,4,1.2393703e-07
24087,4,1.180266e-07
24088,4,1.2091161e-07
24089,4,1.1463492e-07
24090,4,1.234951e-07
24091,4,1.1703992e-07
24092,4,1.2142716e-07
24093,5,1.4623336e-07
24094,4,1.1689623e-07
24095,4,1.2320357e-07
24096,4,1.2095183e-07
24097,5,1.4560008e-07
24098,4,1.1544476e-07
24099,4,1.2303818e-07
24100,4,1.1697189e-07
24101,5,1.4552204e-07
24102,4,1.2108679e-07
24103,4,1.228096e-07
24104,4,1.1622316e-07
24105,5,1.4590225e-07
24106,4,1.1980668e-07
24107,4,1.2620402e-07
24108,4,1.1880906e-07
24109,4,1.2782558e-07
24110,4,1.1975678e-07
24111,4,1.2491969e-07
24112,4,1.1891504e-07
24113,4,1.2886974e-07
24114,4,1.1890202e-07
24115,4,1.2714851e-07
24116,4,1.2004441e-07
24117,4,1.2872906e-07
24118,4,1.190976e-07
24119,4,1.268005e-07
24120,4,1.1834122e-07
24121,4,1.2885853e-07
24122,4,1.1985144e-07
24123,4,1.2679993e-07
24124,4,1.1847786e-07
24125,4,1.2861429e-07
24126,4,1.1982344e-07
24127,4,1.2723463e-07
24128,4,1.199481e-07
24129,4,1.2869861e-07
24130,4,1.1863426e-07
24131,4,1.2679133e-07
24132,4,1.1985624e-07
24133,4,1.2861138e-07
24134,4,1.1689093e-07
24135,4,1.2275884e-07
24136,4,1.2134761e-07
24137,5,1.4547267e-07
24138,4,1.165993e-07
24139,4,1.2288559e-07
24140,4,1.2125714e-07
24141,5,1.4466498e-07
24142,4,1.2112256e-07
24143,4,1.2263501e-07
24144,4,1.1546123e-07
24145,5,1.4780679e-07
24146,4,1.2090939e-07
24147,4,1.2375793e-07
24148,4,1.2388684e-07
24149,4,1.1438628e-07
24150,4,1.2081056e-07
24151,4,1.1764475e-07
24152,4,1.2363777e-07
24153,4,1.1408778e-07
24154,4,1.2065769e-07
24155,4,1.1770127e-07
24156,4,1.2042916e-07
24157,4,1.1385478e-07
24158,4,1.2378847e-07
24159,4,1.1540977e-07
24160,4,1.204256e-07
24161,4,1.1349757e-07
24162,4,1.1414352e-07
24163,4,1.2367321e-07
24164,4,1.2071139e-07
24165,4,1.1546284e-07
24166,4,1.1368738e-07
24167,4,1.2400496e-07
24168,4,1.2066111e-07
24169,4,1.1792182e-07
24170,4,1.2082942e-07
24171,4,1.2378808e-07
24172,4,1.141613e-07
24173,4,1.1737805e-07
24174,4,1.207903e-07
24175,4,1.2397896e-07
24176,4,1.2333044e-07
24177,4,1.1625068e-07
24178,4,1.2140754e-07
24179,5,1.4912032e-07
24180,4,1.2460935e-07
24181,4,1.1656701e-07
24182,4,1.2173429e-07
24183,5,1.4600469e-07
24184,4,1.2158687e-07
24185,4,1.1672611e-07
24186,4,1.2379164e-07
24187,5,1.4706041e-07
24188,4,1.2183233e-07
24189,4,1.1716908e-07
24190,4,1.290218e-07
24191,4,1.18278e-07
24192,4,1.1986522e-07
24193,4,1.2763229e-07
24194,4,1.2879908e-07
24195,4,1.1852697e-07
24196,4,1.1989915e-07
24197,4,1.272164e-07
24198,4,1.1996538e-07
24199,4,1.1887558e-07
24200,4,1.2882573e-07
24201,4,1.2809376e-07
24202,4,1.1991737e-07
24203,4,1.1860007e-07
24204,4,1.1987846e-07
24205,4,1.272954e-07
24206,4,1.2886111e-07
24207,4,1.1843534e-07
24208,4,1.1986255e-07
24209,4,1.2715031e-07
24210,4,1.2877824e-07
24211,4,1.1878921e-07
24212,4,1.2836752e-07
24213,4,1.2636944e-07
24214,4,1.1985585e-07
24215,4,1.1891974e-07
24216,4,1.283278e-07
24217,4,1.2617232e-07
24218,4,1.2139775e-07
24219,5,1.4625144e-07
24220,4,1.2340703e-07
24221,4,1.166331e-07
24222,4,1.2168914e-07
24223,5,1.4778569e-07
24224,4,1.2416025e-07
24225,4,1.153379e-07
24226,4,1.2215668e-07
24227,5,1.4373026e-07
24228,4,1.2087971e-07
24229,4,1.1585894e-07
24230,4,1.229409e-07
24231,5,1.4593183e-07
24232,4,1.2060707e-07
24233,4,1.1715269e-07
24234,4,1.1392542e-07
24235,4,1.2397152e-07
24236,4,1.2048991e-07
24237,4,1.1597015e-07
24238,4,1.1350134e-07
24239,4,1.2377464e-07
24240,4,1.147332e-07
24241,4,1.193375e-07
24242,4,1.208082e-07
24243,4,1.2377193e-07
24244,4,1.1451725e-07
24245,4,1.1759508e-07
24246,4,1.2087653e-07
24247,4,1.1762052e-07
24248,4,1.2427593e-07
24249,4,1.1402853e-07
24250,4,1.2070346e-07
24251,4,1.1650605e-07
24252,4,1.2372557e-07
24253,4,1.152072e-07
24254,4,1.2398942e-07
24255,4,1.1915791e-07
24256,4,1.2124103e-07
24257,4,1.1557462e-07
24258,4,1.2376955e-07
24259,4,1.2062915e-07
24260,4,1.2047555e-07
24261,5,1.454665e-07
24262,4,1.1393082e-07
24263,4,1.2315215e-07
24264,4,1.2047023e-07
24265,5,1.463927e-07
24266,4,1.1461009e-07
24267,4,1.2240841e-07
24268,4,1.1584953e-07
24269,5,1.4406545e-07
24270,4,1.2031397e-07
24271,4,1.2142261e-07
24272,4,1.1517899e-07
24273,5,1.4237097e-07
24274,4,1.1984669e-07
24275,4,1.257145e-07
24276,4,1.1911921e-07
24277,4,1.2856154e-07
24278,4,1.1983857e-07
24279,4,1.2710539e-07
24280,4,1.1866332e-07
24281,4,1.2871419e-07
24282,4,1.1879064e-07
24283,4,1.2694801e-07
24284,4,1.2007023e-07
24285,4,1.2884698e-07
24286,4,1.1916568e-07
24287,4,1.2757657e-07
24288,4,1.188295e-07
24289,4,1.2857983e-07
24290,4,1.1988813e-07
24291,4,1.2727709e-07
24292,4,1.1915842e-07
24293,4,1.2857407e-07
24294,4,1.1996124e-07
24295,4,1.2732466e-07
24296,4,1.1991587e-07
24297,4,1.2883908e-07
24298,4,1.1860076e-07
24299,4,1.2860422e-07
24300,4,1.1996085e-07
24301,4,1.2920398e-07
24302,4,1.1639702e-07
24303,4,1.2325896e-07
24304,4,1.2125211e-07
24305,5,1.4476407e-07
24306,4,1.160052e-07
24307,4,1.2291956e-07
24308,4,1.2103794e-07
24309,5,1.4495591e-07
24310,4,1.2004685e-07
24311,4,1.2273786e-07
24312,4,1.1313326e-07
24313,5,1.417698e-07
24314,4,1.1962457e-07
24315,4,1.214191e-07
24316,4,1.2404453e-07
24317,4,1.1410089e-07
24318,4,1.2074584e-07
24319,4,1.1871999e-07
24320,4,1.2423383e-07
24321,4,1.1452319e-07
24322,4,1.2091879e-07
24323,4,1.1778887e-07
24324,4,1.2066115e-07
24325,4,1.140962e-07
24326,4,1.2382704e-07
24327,4,1.2087108e-07
24328,4,1.2083224e-07
24329,4,1.1479028e-07
24330,4,1.1393096e-07
24331,4,1.2408465e-07
24332,4,1.2080982e-07
24333,4,1.1921778e-07
24334,4,1.1488796e-07
24335,4,1.2410937e-07
24336,4,1.2109857e-07
24337,4,1.1716795e-07
24338,4,1.2069369e-07
24339,4,1.238746e-07
24340,4,1.1396909e-07
24341,4,1.1684084e-07
24342,4,1.2057551e-07
24343,4,1.2356463e-07
24344,4,1.2435889e-07
24345,4,1.1613077e-07
24346,4,1.215225e-07
24347,5,1.4434136e-07
24348,4,1.228171e-07
24349,4,1.1569971e-07
24350,4,1.2099374e-07
24351,5,1.4707846e-07
24352,4,1.2187258e-07
24353,4,1.1753496e-07
24354,4,1.2349585e-07
24355,5,1.4681055e-07
24356,4,1.2135174e-07
24357,4,1.1605069e-07
24358,4,1.286196e-07
24359,4,1.1914777e-07
24360,4,1.1998178e-07
24361,4,1.273105e-07
24362,4,1.2864416e-07
24363,4,1.1873044e-07
24364,4,1.1989719e-07
24365,4,1.2731477e-07
24366,4,1.1983493e-07
24367,4,1.1856476e-07
24368,4,1.2835174e-07
24369,4,1.2611283e-07
24370,4,1.198341e-07
24371,4,1.1881974e-07
24372,4,1.1989166e-07
24373,4,1.2759699e-07
24374,4,1.2882355e-07
24375,4,1.1838328e-07
24376,4,1.1983556e-07
24377,4,1.2766266e-07
24378,4,1.288119e-07
24379,4,1.1900048e-07
24380,4,1.287e-07
24381,4,1.2781659e-07
24382,4,1.1973807e-07
24383,4,1.1794213e-07
24384,4,1.2879705e-07
24385,4,1.2802161e-07
24386,4,1.2174599e-07
24387,5,1.4739728e-07
24388,4,1.2423309e-07
24389,4,1.1715721e-07
24390,4,1.2169036e-07
24391,5,1.4608508e-07
24392,4,1.233987e-07
24393,4,1.1583925e-07
24394,4,1.2269684e-07
24395,5,1.4555578e-07
24396,4,1.2102347e-07
24397,4,1.1625064e-07
24398,4,1.223457e-07
24399,5,1.4468434e-07
24400,4,1.2057317e-07
24401,4,1.1645998e-07
24402,4,1.1364313e-07
24403,4,1.2389576e-07
24404,4,1.2064066e-07
24405,4,1.1782923e-07
24406,4,1.1408528e-07
24407,4,1.2349946e-07
24408,4,1.145754e-07
24409,4,1.1817561e-07
24410,4,1.2061725e-07
24411,4,1.2328819e-07
24412,4,1.1447718e-07
24413,4,1.1868376e-07
24414,4,1.2065836e-07
24415,4,1.172482e-07
24416,4,1.2321199e-07
24417,4,1.1482385e-07
24418,4,1.209376e-07
24419,4,1.1899019e-07
24420,4,1.2384216e-07
24421,4,1.1565715e-07
24422,4,1.241182e-07
24423,4,1.209831e-07
24424,4,1.2116924e-07
24425,4,1.1529356e-07
24426,4,1.2374148e-07
24427,4,1.1936054e-07
24428,4,1.2027704e-07
24429,5,1.447858e-07
24430,4,1.1464497e-07
24431,4,1.2222649e-07
24432,4,1.2029571e-07
24433,5,1.441068e-07
24434,4,1.148187e-07
24435,4,1.2171567e-07
24436,4,1.1581665e-07
24437,5,1.4256679e-07
24438,4,1.2117276e-07
24439,4,1.2215642e-07
24440,4,1.1745961e-07
24441,5,1.440468e-07
24442,4,1.1985814e-07
24443,4,1.2709913e-07
24444,4,1.1855864e-07
24445,4,1.2868682e-07
24446,4,1.1993004e-07
24447,4,1.2701041e-07
24448,4,1.1895335e-07
24449,4,1.2882489e-07
24450,4,1.187633e-07
24451,4,1.2762015e-07
24452,4,1.1987467e-07
24453,4,1.2859319e-07
24454,4,1.1868167e-07
24455,4,1.2688747e-07
24456,4,1.1889471e-07
24457,4,1.2830253e-07
24458,4,1.1984792e-07
24459,7,3.133166088456797e-10
24460,7,1.1854886e-07
24461,7,2.950594801805716e-09
24462,7,2.523005760117702e-09
24463,4,1.2877862e-07
24464,4,1.2004293e-07
24465,4,1.2926531e-07
24466,7,7.648541979610141e-12
24467,7,6.450025751538212e-10
24468,7,2.5871771275572835e-09
24469,7,3.092307093801498e-09
24470,4,1.1637132e-07
24471,4,1.2254133e-07
24472,4,1.2092463e-07
24473,8,3.294409066306928e-09
24474,7,1.151696e-07
24475,7,6.306140265268963e-10
24476,7,2.693603302230853e-09
24477,8,1.4433626e-07
24478,4,1.2031473e-07
24479,4,1.2217601e-07
24480,7,1.1689914e-07
24481,8,3.463617437041579e-09
24482,7,2.8105966875174053e-09
24483,7,4.332719062208999e-10
24484,4,1.2409208e-07
24485,4,1.1479999e-07
24486,4,1.2098001e-07
24487,7,1.1972827e-07
24488,7,1.0427013928421702e-09
24489,7,1.1486413e-07
24490,7,2.762339242218242e-09
24491,4,1.1837192e-07
24492,4,1.2064355e-07
24493,4,1.1426999e-07
24494,7,5.024554190205799e-10
24495,7,1.1740459e-07
24496,7,2.4690782481151207e-09
24497,7,1.1400978e-07
24498,4,1.1526643e-07
24499,4,1.2432979e-07
24500,4,1.2128837e-07
24501,7,1.1858211e-07
24502,7,1.1501843e-07
24503,7,1.37241786206909e-09
24504,7,2.9278672906537964e-09
24505,7,1.1628391e-07
24506,4,1.2059124e-07
24507,4,1.2363433e-07
24508,7,1.1415926e-07
24509,7,1.1700022e-07
24510,7,2.7708270225575353e-09
24511,7,1.0704687830304904e-09
24512,4,1.2267457e-07
24513,4,1.1536278e-07
24514,4,1.2078863e-07
24515,8,3.871712759459647e-09
24516,7,1.0970791483384051e-09
24517,7,1.1582964e-07
24518,7,2.972717739425647e-09
24519,5,1.4720048e-07
24520,4,1.2099977e-07
24521,4,1.150433e-07
24522,7,8.869340650675767e-10
24523,8,3.7813906251241765e-09
24524,7,2.8783718404878246e-09
24525,7,1.154216e-07
24526,4,1.285328e-07
24527,4,1.1839212e-07
24528,4,1.198013e-07
24529,7,3.721348945389093e-10
24530,7,2.969285524500225e-09
24531,7,1.274462340481439e-11
24532,7,2.582033172105961e-09
24533,7,1.2688124e-07
24534,4,1.1983734e-07
24535,4,1.1864594e-07
24536,7,2.9314321424165342e-09
24537,7,2.941745657630892e-10
24538,7,2.5228790017830262e-09
24539,7,2.8683222532908124e-11
24540,4,1.1982447e-07
24541,4,1.2708856e-07
24542,4,1.2867045e-07
24543,7,5.026201806546632e-11
24544,7,2.5878437652572103e-09
24545,7,3.30097316771033e-10
24546,7,3.0111332745647623e-09
24547,4,1.1886432e-07
24548,4,1.28878e-07
24549,4,1.2815138e-07
24550,7,2.4065693418157287e-09
24551,7,1.1881342e-07
24552,7,2.8961013933248075e-09
24553,7,2.996765364130754e-10
24554,4,1.2160172e-07
24555,8,1.4571374e-07
24556,4,1.2337456e-07
24557,7,1.1676854e-07
24558,7,2.994477070764644e-09
24559,8,3.772695853785872e-09
24560,7,1.0025218059203214e-09
24561,4,1.1694134e-07
24562,4,1.2340225e-07
24563,5,1.4685631e-07
24564,7,2.643202440785903e-09
24565,7,1.1707484e-07
24566,7,3.2611182046803085e-10
24567,8,3.391822300369594e-09
24568,4,1.2074197e-07
24569,7,1.1813896e-07
24570,4,1.1425394e-07
24571,7,1.2757929495184402e-09
24572,7,2.8988913089534593e-09
24573,7,1.1789553e-07
24574,7,1.14363e-07
24575,4,1.2377664e-07
24576,4,1.1411265e-07
24577,4,1.1713335e-07
24578,7,2.3865099296170693e-09
24579,7,4.234888240320408e-10
24580,7,1.1410261e-07
24581,7,1.1712281e-07
24582,4,1.2106967e-07
24583,7,1.1936225e-07
24584,4,1.2388241e-07
24585,7,1.150099e-07
24586,7,2.8585552973008963e-09
24587,7,1.1969384e-07
24588,7,1.1547917184673848e-09
24589,4,1.149086e-07
24590,4,1.2386951e-07
24591,4,1.1850213e-07
24592,7,2.7957548736394553e-09
24593,7,1.1465207e-07
24594,7,1.05065773351147e-09
24595,7,1.1759649e-07
24596,4,1.2032803e-07
24597,5,1.4354738e-07
24598,4,1.1498932e-07
24599,7,7.786706930524569e-10
24600,7,2.7252759055835827e-09
24601,8,3.5948438632928863e-09
24602,7,1.1519703e-07
24603,4,1.2263601e-07
24604,4,1.1679239e-07
24605,5,1.4465829e-07
24606,7,2.7166087175307673e-09
24607,7,7.154626429876482e-10
24608,7,1.1635228e-07
24609,8,3.3552941633603772e-09
24610,4,1.1981774e-07
24611,4,1.2643199e-07
24612,4,1.1870502e-07
24613,7,2.836683873335565e-09
24614,7,2.458320706890362e-09
24615,7,6.881614251809453e-11
24616,7,1.1855966e-07
24617,4,1.283612e-07
24618,4,1.1899764e-07
24619,4,1.2631319e-07
24620,7,2.4071166258958275e-09
24621,7,2.7676424413997607e-09
24622,7,1.1867394e-07
24623,7,3.9586968273644795e-12
24624,7,1.1921763e-07
24625,7,1.2567294005623122e-07
24626,7,1.1751478779384278e-07
24627,7,1.2627867e-07
24628,7,1.189912e-07
24629,7,1.2841466e-07
24630,7,1.1992716e-07
24631,7,1.28039918789249e-07
24632,7,1.1750109500473398e-07
24633,7,1.2615173609528938e-07
24634,7,1.1846648e-07
24635,7,1.2805084e-07
24636,7,1.1989457e-07
24637,7,1.289069e-07
24638,7,1.1442112e-07
24639,7,1.217118580612981e-07
24640,7,1.177137345004797e-07
24641,8,1.4461488e-07
24642,7,1.1556827e-07
24643,7,1.2262255e-07
24644,7,1.2074172e-07
24645,8,1.4215100856699646e-07
24646,7,1.1892546007034117e-07
24647,7,1.223188562263924e-07
24648,7,1.1818973e-07
24649,8,1.4589482e-07
24650,7,1.2207203e-07
24651,7,1.2346961e-07
24652,7,1.230471733661073e-07
24653,7,1.1472045e-07
24654,7,1.1823197209559619e-07
24655,7,1.181836e-07
24656,7,1.2381112e-07
24657,7,1.1423931e-07
24658,7,1.2071937e-07
24659,7,1.1798969e-07
24660,7,1.1787919867175835e-07
24661,7,1.1415664e-07
24662,7,1.2414023e-07
24663,7,1.179582e-07
24664,7,1.2075493e-07
24665,7,1.1415236e-07
24666,7,1.1463924e-07
24667,7,1.2316947042211394e-07
24668,7,1.1829752176242641e-07
24669,7,1.172678e-07
24670,7,1.1413811e-07
24671,7,1.2316631e-07
24672,7,1.2053111e-07
24673,7,1.1820205e-07
24674,7,1.1811103333313405e-07
24675,7,1.227623512229141e-07
24676,7,1.1413765e-07
24677,7,1.1687624e-07
24678,7,1.2056933e-07
24679,7,1.2332135e-07
24680,7,1.224677365214267e-07
24681,7,1.1603903e-07
24682,7,1.1842900672489758e-07
24683,8,1.4592521e-07
24684,7,1.2274109e-07
24685,7,1.1662167e-07
24686,7,1.2112728e-07
24687,8,1.4208124955871682e-07
24688,7,1.1834894956512616e-07
24689,7,1.1576564e-07
24690,7,1.2291151e-07
24691,8,1.4584069e-07
24692,7,1.2104519e-07
24693,7,1.1622174e-07
24694,7,1.2560532528997589e-07
24695,7,1.1877335e-07
24696,7,1.1747416692099321e-07
24697,7,1.2637328e-07
24698,7,1.2830891e-07
24699,7,1.1890615e-07
24700,7,1.1985717e-07
24701,7,1.2764047949840608e-07
24702,7,1.1736830819290516e-07
24703,7,1.1866498414554341e-07
24704,7,1.2857147e-07
24705,7,1.2774697e-07
24706,7,1.1986123e-07
24707,7,1.1868453e-07
24708,7,1.1745332365167245e-07
24709,7,1.2710104063315854e-07
24710,7,1.258115772690877e-07
24711,7,1.1840409e-07
24712,7,1.1978371e-07
24713,7,1.2676672e-07
24714,7,1.2851263e-07
24715,7,1.1859271279616937e-07
24716,7,1.256269266999251e-07
24717,7,1.2675181522219674e-07
24718,7,1.1988681e-07
24719,7,1.1887952e-07
24720,7,1.2849354e-07
24721,7,1.265608e-07
24722,7,1.1852810094296003e-07
24723,8,1.414480201663472e-07
24724,7,1.2200318070359562e-07
24725,7,1.1698805e-07
24726,7,1.215253e-07
24727,8,1.467001e-07
24728,7,1.2345799e-07
24729,7,1.1644219e-07
24730,7,1.221135442443143e-07
24731,8,1.4193826096269868e-07
24732,7,1.2062759e-07
24733,7,1.1518885e-07
24734,7,1.2247399e-07
24735,8,1.4487787e-07
24736,7,1.1806850167475145e-07
24737,7,1.1829426e-07
24738,7,1.1437217e-07
24739,7,1.2373228e-07
24740,7,1.2061791e-07
24741,7,1.1722695e-07
24742,7,1.1404369e-07
24743,7,1.2274362788515692e-07
24744,7,1.1450137e-07
24745,7,1.18774e-07
24746,7,1.2069188e-07
24747,7,1.2361446e-07
24748,7,1.1445011e-07
24749,7,1.183523e-07
24750,7,1.1831776672488693e-07
24751,7,1.1886919e-07
24752,7,1.232774116317431e-07
24753,7,1.1434707e-07
24754,7,1.206028e-07
24755,7,1.1759406e-07
24756,7,1.2317441e-07
24757,7,1.1502277e-07
24758,7,1.2315136976562792e-07
24759,7,1.1887022e-07
24760,7,1.2118627e-07
24761,7,1.153559e-07
24762,7,1.2398122e-07
24763,7,1.2013964e-07
24764,7,1.1809687621710725e-07
24765,8,1.4155512776312346e-07
24766,7,1.1575589e-07
24767,7,1.2221275e-07
24768,7,1.2062125e-07
24769,8,1.4487449e-07
24770,7,1.1556507e-07
24771,7,1.220238586409727e-07
24772,7,1.1624495e-07
24773,8,1.411262690470729e-07
24774,7,1.2086498e-07
24775,7,1.2226987e-07
24776,7,1.1600518e-07
24777,8,1.4365994e-07
24778,7,1.1715820268341813e-07
24779,7,1.2560189536235877e-07
24780,7,1.1843228489710512e-07
24781,7,1.2833173e-07
24782,7,1.1981365e-07
24783,7,1.2630605e-07
24784,7,1.1882616e-07
24785,7,1.254120844683777e-07
24786,7,1.18495403268473e-07
24787,7,1.268770397253507e-07
24788,7,1.1983964e-07
24789,7,1.2861329e-07
24790,7,1.1860453e-07
24791,7,1.2771447e-07
24792,7,1.1903187e-07
24793,7,1.2828817e-07
24794,7,1.1992412e-07
24795,7,1.256756e-07
24796,7,1.1965811e-07
24797,7,1.2821622e-07
24798,7,1.2003595e-07
24799,7,1.2725227e-07
24800,7,1.1989637e-07
24801,7,1.2861653e-07
24802,7,1.1909918e-07
24803,7,1.2608098e-07
24804,7,1.198854e-07
24805,7,1.2825808e-07
24806,7,1.1639044e-07
24807,7,1.2322955e-07
24808,7,1.211914e-07
24809,8,1.4644038e-07
24810,7,1.1594335e-07
24811,7,1.2331968e-07
24812,7,1.2120516e-07
24813,8,1.4525253e-07
24814,7,1.2194512e-07
24815,7,1.2320908e-07
24816,7,1.1748929e-07
24817,8,1.4605361e-07
24818,7,1.2174722e-07
24819,7,1.2337994e-07
24820,7,1.2394663e-07
24821,7,1.1392728e-07
24822,7,1.2058956e-07
24823,7,1.166403e-07
24824,7,1.2352174e-07
24825,7,1.136604e-07
24826,7,1.2040652e-07
24827,7,1.1802707e-07
24828,7,1.2071681e-07
24829,7,1.1411401e-07
24830,7,1.2396738e-07
24831,7,1.1751325e-07
24832,7,1.2065865e-07
24833,7,1.1405473e-07
24834,7,1.1409453e-07
24835,7,1.2330851e-07
24836,7,1.205011e-07
24837,7,1.1798397e-07
24838,7,1.1406474e-07
24839,7,1.2377294e-07
24840,7,1.2059784e-07
24841,7,1.1646858e-07
24842,7,1.2056572e-07
24843,7,1.2347265e-07
24844,7,1.1435493e-07
24845,7,1.1779599e-07
24846,7,1.2074016e-07
24847,7,1.2375801e-07
24848,7,1.2288875e-07
24849,7,1.1584613e-07
24850,7,1.2096718e-07
24851,8,1.460026e-07
24852,7,1.2317067e-07
24853,7,1.1563057e-07
24854,7,1.2095732e-07
24855,8,1.4634899e-07
24856,7,1.2094262e-07
24857,7,1.1566416e-07
24858,7,1.2302907e-07
24859,8,1.4570199e-07
24860,7,1.2081909e-07
24861,7,1.1536255e-07
24862,7,1.2811058e-07
24863,7,1.1912445e-07
24864,7,1.1983941e-07
24865,7,1.2619255e-07
24866,7,1.281565e-07
24867,7,1.1890873e-07
24868,7,1.1978826e-07
24869,7,1.258679e-07
24870,7,1.1979858e-07
24871,7,1.1881712e-07
24872,7,1.2816799e-07
24873,7,1.2579887e-07
24874,7,1.1995745e-07
24875,7,1.192739e-07
24876,7,1.1985748e-07
24877,7,1.2669279e-07
24878,7,1.2837349e-07
24879,7,1.1899278e-07
24880,7,1.1981801e-07
24881,7,1.2603857e-07
24882,7,1.2819416e-07
24883,7,1.1881496e-07
24884,7,1.2843541e-07
24885,7,1.2625625e-07
24886,7,1.1998529e-07
24887,7,1.191545e-07
24888,7,1.2856475e-07
24889,7,1.2683022e-07
24890,7,1.2148161e-07
24891,8,1.4695466e-07
24892,7,1.2358675e-07
24893,7,1.1580015e-07
24894,7,1.2113213e-07
24895,8,1.4593378e-07
24896,7,1.2337093e-07
24897,7,1.1510841e-07
24898,7,1.2216198e-07
24899,8,1.4473433e-07
24900,7,1.2068557e-07
24901,7,1.1529012e-07
24902,7,1.2301131e-07
24903,8,1.4582578e-07
24904,7,1.2064238e-07
24905,7,1.1693336e-07
24906,7,1.1396743e-07
24907,7,1.2412351e-07
24908,7,1.207799e-07
24909,7,1.1796209e-07
24910,7,1.142175e-07
24911,7,1.2327431e-07
24912,7,1.1438399e-07
24913,7,1.1823987e-07
24914,7,1.207192e-07
24915,7,1.2396277e-07
24916,7,1.1434963e-07
24917,7,1.1826733e-07
24918,7,1.2068063e-07
24919,7,1.1754352e-07
24920,7,1.2368625e-07
24921,7,1.14527e-07
24922,7,1.2073563e-07
24923,7,1.173071e-07
24924,7,1.2319176e-07
24925,7,1.1504145e-07
24926,7,1.23383e-07
24927,7,1.187327e-07
24928,7,1.2094673e-07
24929,7,1.1472332e-07
24930,7,1.2390303e-07
24931,7,1.1787603e-07
24932,7,1.2062526e-07
24933,8,1.4599289e-07
24934,7,1.1536733e-07
24935,7,1.2221049e-07
24936,7,1.202589e-07
24937,8,1.4508979e-07
24938,7,1.1472558e-07
24939,7,1.2216448e-07
24940,7,1.16674e-07
24941,8,1.4467938e-07
24942,7,1.2113088e-07
24943,7,1.2301015e-07
24944,7,1.1666764e-07
24945,8,1.4588724e-07
24946,7,1.198981e-07
24947,7,1.2630973e-07
24948,7,1.1904148e-07
24949,7,1.2850003e-07
24950,7,1.1996209e-07
24951,7,1.2641871e-07
24952,7,1.1922988e-07
24953,7,1.2863587e-07
24954,7,1.188822e-07
24955,7,1.2730135e-07
24956,7,1.1999225e-07
24957,7,1.2888864e-07
24958,7,1.1890565e-07
24959,7,1.2753393e-07
24960,7,1.1905124e-07
24961,7,1.2832126e-07
24962,7,1.1992055e-07
24963,7,1.2685036e-07
24964,7,1.1861562e-07
24965,7,1.2855144e-07
24966,7,1.1984314e-07
24967,7,1.2560418e-07
24968,7,1.198615e-07
24969,7,1.2811074e-07
24970,7,1.1922962e-07
24971,7,1.2590422e-07
24972,7,1.1989866e-07
24973,7,1.2820684e-07
24974,7,1.1624417e-07
24975,7,1.2357645e-07
24976,7,1.2134041e-07
24977,8,1.472681e-07
24978,7,1.1616079e-07
24979,7,1.2365295e-07
24980,7,1.2126168e-07
24981,8,1.4563568e-07
24982,7,1.2133178e-07
24983,7,1.2303031e-07
24984,7,1.1576766e-07
24985,8,1.4389568e-07
24986,7,1.2080084e-07
24987,7,1.2221312e-07
24988,7,1.2343801e-07
24989,7,1.1340574e-07
24990,7,1.2024641e-07
24991,7,1.1570007e-07
24992,7,1.2346448e-07
24993,7,1.1327117e-07
24994,7,1.2020406e-07
24995,7,1.1803402e-07
24996,7,1.2069494e-07
24997,7,1.142686e-07
24998,7,1.2373664e-07
24999,7,1.1923938e-07
25000,7,1.2077499e-07
25001,7,1.1460815e-07
25002,7,1.1391861e-07
25003,7,1.240833e-07
25004,7,1.2067517e-07
25005,7,1.1688558e-07
25006,7,1.1403534e-07
25007,7,1.2375999e-07
25008,7,1.2067233e-07
25009,7,1.1842551e-07
25010,7,1.2084661e-07
25011,7,1.2345333e-07
25012,7,1.1520938e-07
25013,7,1.203476e-07
25014,7,1.2104274e-07
25015,7,1.2396131e-07
25016,7,1.2353354e-07
25017,7,1.1530123e-07
25018,7,1.2090323e-07
25019,8,1.4629895e-07
25020,7,1.2314885e-07
25021,7,1.1444068e-07
25022,7,1.2051552e-07
25023,8,1.4523411e-07
25024,7,1.2082914e-07
25025,7,1.1568282e-07
25026,7,1.2247796e-07
25027,8,1.441302e-07
25028,7,1.2130302e-07
25029,7,1.1717242e-07
25030,7,1.2803882e-07
25031,7,1.1883733e-07
25032,7,1.1974482e-07
25033,7,1.2585533e-07
25034,7,1.2817838e-07
25035,7,1.1868746e-07
25036,7,1.1970604e-07
25037,7,1.2715391e-07
25038,7,1.2020217e-07
25039,7,1.198196e-07
25040,7,1.2871641e-07
25041,7,1.2705184e-07
25042,7,1.2009007e-07
25043,7,1.1908944e-07
25044,7,1.1975606e-07
25045,7,1.2613073e-07
25046,7,1.2826506e-07
25047,7,1.1825296e-07
25048,7,1.1975402e-07
25049,7,1.2850205e-07
25050,7,1.2890413e-07
25051,7,1.1878009e-07
25052,7,1.286773e-07
25053,7,1.275603e-07
25054,7,1.1991492e-07
25055,7,1.1872572e-07
25056,7,1.2847651e-07
25057,7,1.2692636e-07
25058,7,1.2081504e-07
25059,8,1.4624374e-07
25060,7,1.2334831e-07
25061,7,1.1546141e-07
25062,7,1.2060615e-07
25063,8,1.4477819e-07
25064,7,1.2260624e-07
25065,7,1.1518016e-07
25066,7,1.2273792e-07
25067,8,1.4518815e-07
25068,7,1.2085475e-07
25069,7,1.1587238e-07
25070,7,1.2291249e-07
25071,8,1.4620438e-07
25072,7,1.2095188e-07
25073,7,1.1831281e-07
25074,7,1.1451997e-07
25075,7,1.2414704e-07
25076,7,1.2115946e-07
25077,7,1.1921602e-07
25078,7,1.1509505e-07
25079,7,1.2363628e-07
25080,7,1.1415296e-07
25081,7,1.1753699e-07
25082,7,1.205576e-07
25083,7,1.2349868e-07
25084,7,1.1413913e-07
25085,7,1.1744592e-07
25086,7,1.211474e-07
25087,7,1.1914587e-07
25088,7,1.2416991e-07
25089,7,1.1551307e-07
25090,7,1.2129868e-07
25091,7,1.2059242e-07
25092,7,1.2417611e-07
25093,7,1.147336e-07
25094,7,1.2378925e-07
25095,7,1.1823411e-07
25096,7,1.210813e-07
25097,7,1.1501153e-07
25098,7,1.2389972e-07
25099,7,1.1899404e-07
25100,7,1.2006908e-07
25101,8,1.4440227e-07
25102,7,1.1407148e-07
25103,7,1.2185749e-07
25104,7,1.2008954e-07
25105,8,1.4308836e-07
25106,7,1.14588e-07
25107,7,1.2273554e-07
25108,7,1.1487496e-07
25109,8,1.4554717e-07
25110,7,1.2027168e-07
25111,7,1.2235096e-07
25112,7,1.1470576e-07
25113,8,1.4420679e-07
25114,7,1.1989531e-07
25115,7,1.2665081e-07
25116,7,1.1869995e-07
25117,7,1.2871785e-07
25118,7,1.1994507e-07
25119,7,1.2764065e-07
25120,7,1.1896448e-07
25121,7,1.292138e-07
25122,7,1.1850048e-07
25123,7,1.2817774e-07
25124,7,1.2012088e-07
25125,7,1.2950747e-07
25126,7,1.18704e-07
25127,7,1.2927206e-07
25128,7,1.1864491e-07
25129,7,1.2876956e-07
25130,7,1.1987293e-07
25131,7,1.2809273e-07
25132,7,1.1860262e-07
25133,7,1.2890036e-07
25134,7,1.1988537e-07
25135,7,1.2624767e-07
25136,7,1.1986421e-07
25137,7,1.2831969e-07
25138,7,1.188066e-07
25139,7,1.2628776e-07
25140,7,1.1985064e-07
25141,7,1.2839474e-07
25142,7,1.1480106e-07
25143,7,1.2332121e-07
25144,7,1.2077789e-07
25145,8,1.4473508e-07
25146,7,1.1550728e-07
25147,7,1.2261226e-07
25148,7,1.2068886e-07
25149,8,1.4413281e-07
25150,7,1.2083152e-07
25151,7,1.224163e-07
25152,7,1.1597304e-07
25153,8,1.4408825e-07
25154,7,1.2086759e-07
25155,7,1.2229181e-07
25156,7,1.2349839e-07
25157,7,1.1359793e-07
25158,7,1.2036117e-07
25159,7,1.1837641e-07
25160,7,1.2385518e-07
25161,7,1.1440435e-07
25162,7,1.2072261e-07
25163,7,1.1939948e-07
25164,7,1.2086169e-07
25165,7,1.1468344e-07
25166,7,1.2361956e-07
25167,7,1.1869622e-07
25168,7,1.2067803e-07
25169,7,1.1435575e-07
25170,7,1.1444596e-07
25171,7,1.2380046e-07
25172,7,1.2079111e-07
25173,7,1.1863414e-07
25174,7,1.146218e-07
25175,7,1.2387176e-07
25176,7,1.2086454e-07
25177,7,1.1850814e-07
25178,7,1.2071119e-07
25179,7,1.2343742e-07
25180,7,1.1353893e-07
25181,7,1.1490539e-07
25182,7,1.2045723e-07
25183,7,1.2361922e-07
25184,7,1.2266753e-07
25185,7,1.1416682e-07
25186,7,1.2027455e-07
25187,8,1.4489184e-07
25188,7,1.2260526e-07
25189,7,1.1479429e-07
25190,7,1.2038285e-07
25191,8,1.4501386e-07
25192,7,1.2155122e-07
25193,7,1.1740725e-07
25194,7,1.2438978e-07
25195,8,1.492039e-07
25196,7,1.218505e-07
25197,7,1.1700962e-07
25198,7,1.2836922e-07
25199,7,1.1824785e-07
25200,7,1.1965007e-07
25201,7,1.2569937e-07
25202,7,1.2809534e-07
25203,7,1.1830869e-07
25204,7,1.1962824e-07
25205,7,1.2789436e-07
25206,7,1.2005957e-07
25207,7,1.1886772e-07
25208,7,1.2878357e-07
25209,7,1.2787026e-07
25210,7,1.200182e-07
25211,7,1.1897998e-07
25212,7,1.197474e-07
25213,7,1.2872336e-07
25214,7,1.2909714e-07
25215,7,1.1890404e-07
25216,7,1.1992878e-07
25217,7,1.2784519e-07
25218,7,1.2890198e-07
25219,7,1.197441e-07
25220,7,1.283149e-07
25221,7,1.2610445e-07
25222,7,1.2004022e-07
25223,7,1.1950961e-07
25224,7,1.2837256e-07
25225,7,1.2648276e-07
25226,7,1.2016849e-07
25227,8,1.4284975e-07
25228,7,1.219706e-07
25229,7,1.1409438e-07
25230,7,1.2009643e-07
25231,8,1.4380836e-07
25232,7,1.222869e-07
25233,7,1.1585553e-07
25234,7,1.2244821e-07
25235,8,1.4486389e-07
25236,7,1.206692e-07
25237,7,1.1533585e-07
25238,7,1.2229422e-07
25239,8,1.4346006e-07
25240,7,1.2132967e-07
25241,7,1.206631e-07
25242,7,1.1548647e-07
25243,7,1.2431402e-07
25244,7,1.2121842e-07
25245,7,1.2012588e-07
25246,7,1.1521235e-07
25247,7,1.235032e-07
25248,7,1.1441505e-07
25249,7,1.1829793e-07
25250,7,1.2089166e-07
25251,7,1.240719e-07
25252,7,1.1482988e-07
25253,7,1.2020771e-07
25254,7,1.2133179e-07
25255,7,1.2073761e-07
25256,7,1.2397809e-07
25257,7,1.1575513e-07
25258,7,1.2143304e-07
25259,7,1.2049834e-07
25260,7,1.2413121e-07
25261,7,1.1518881e-07
25262,7,1.2394459e-07
25263,7,1.1921959e-07
25264,7,1.2118653e-07
25265,7,1.1533786e-07
25266,7,1.2391086e-07
25267,7,1.1988038e-07
25268,7,1.2030091e-07
25269,8,1.4288641e-07
25270,7,1.1551282e-07
25271,7,1.2189962e-07
25272,7,1.2035977e-07
25273,8,1.4335811e-07
25274,7,1.1549459e-07
25275,7,1.2216949e-07
25276,7,1.14059e-07
25277,8,1.4392677e-07
25278,7,1.2025909e-07
25279,7,1.2188202e-07
25280,7,1.1476493e-07
25281,8,1.4305526e-07
25282,7,1.1978346e-07
25283,7,1.266237e-07
25284,7,1.1850696e-07
25285,7,1.2844352e-07
25286,7,1.1978828e-07
25287,7,1.2667325e-07
25288,7,1.1863091e-07
25289,7,1.2918759e-07
25290,7,1.1856583e-07
25291,7,1.2816211e-07
25292,7,1.2005327e-07
25293,7,1.2880177e-07
25294,7,1.1910178e-07
25295,7,1.2701883e-07
25296,10,1.1864826e-07
25297,10,1.2864036e-07
25298,10,1.1984402e-07
25299,10,1.2609086e-07
25300,10,1.1910138e-07
25301,10,1.2840041e-07
25302,10,1.1991684e-07
25303,10,1.2676408e-07
25304,10,1.1990574e-07
25305,10,1.2850957e-07
25306,10,1.1901729e-07
25307,10,1.2682971e-07
25308,10,1.1991298e-07
25309,10,1.2844058e-07
25310,10,1.1535914e-07
25311,10,1.2193791e-07
25312,10,1.2052317e-07
25313,11,1.4457376e-07
25314,10,1.1552491e-07
25315,10,1.2260792e-07
25316,10,1.2072976e-07
25317,11,1.4578949e-07
25318,10,1.2122786e-07
25319,10,1.2284277e-07
25320,10,1.1620709e-07
25321,11,1.4567695e-07
25322,10,1.2127802e-07
25323,10,1.2337064e-07
25324,10,1.2380964e-07
25325,10,1.1477298e-07
25326,10,1.2087975e-07
25327,10,1.1829423e-07
25328,10,1.2393247e-07
25329,10,1.1442211e-07
25330,10,1.208606e-07
25331,10,1.1754821e-07
25332,10,1.2052667e-07
25333,10,1.1395918e-07
25334,10,1.2411755e-07
25335,10,1.175809e-07
25336,10,1.2061768e-07
25337,10,1.1395953e-07
25338,10,1.1458358e-07
25339,10,1.2370005e-07
25340,10,1.2083331e-07
25341,10,1.1725331e-07
25342,10,1.1440838e-07
25343,10,1.2370462e-07
25344,10,1.2080619e-07
25345,10,1.1507605e-07
25346,10,1.2046582e-07
25347,10,1.2369984e-07
25348,10,1.1419188e-07
25349,10,1.1742082e-07
25350,10,1.2065989e-07
25351,10,1.2365493e-07
25352,10,1.2264631e-07
25353,10,1.1484961e-07
25354,10,1.2043719e-07
25355,11,1.4550873e-07
25356,10,1.2290017e-07
25357,10,1.1456946e-07
25358,10,1.204729e-07
25359,11,1.4878557e-07
25360,10,1.2171935e-07
25361,10,1.1680319e-07
25362,10,1.231617e-07
25363,11,1.4608214e-07
25364,10,1.2094729e-07
25365,10,1.15266e-07
25366,10,1.2809199e-07
25367,10,1.1885062e-07
25368,10,1.1974255e-07
25369,10,1.2690522e-07
25370,10,1.2836176e-07
25371,10,1.1902132e-07
25372,10,1.198685e-07
25373,10,1.2633844e-07
25374,10,1.1989689e-07
25375,10,1.1885159e-07
25376,10,1.2861053e-07
25377,10,1.2775449e-07
25378,10,1.1994752e-07
25379,10,1.191167e-07
25380,10,1.1975432e-07
25381,10,1.2657753e-07
25382,10,1.2854424e-07
25383,10,1.1850657e-07
25384,10,1.1977073e-07
25385,10,1.2677285e-07
25386,10,1.2858731e-07
25387,10,1.1891001e-07
25388,10,1.2849213e-07
25389,10,1.271781e-07
25390,10,1.1980854e-07
25391,10,1.1852251e-07
25392,10,1.2845034e-07
25393,10,1.2673772e-07
25394,10,1.2042467e-07
25395,11,1.4518613e-07
25396,10,1.2269397e-07
25397,10,1.152479e-07
25398,10,1.2070216e-07
25399,11,1.4563108e-07
25400,10,1.2287145e-07
25401,10,1.1615431e-07
25402,10,1.2274234e-07
25403,11,1.4534096e-07
25404,10,1.2157214e-07
25405,10,1.1715678e-07
25406,10,1.2366812e-07
25407,11,1.4669915e-07
25408,10,1.2095316e-07
25409,10,1.1853824e-07
25410,10,1.1469212e-07
25411,10,1.2385034e-07
25412,10,1.2076334e-07
25413,10,1.1811123e-07
25414,10,1.143913e-07
25415,10,1.2381711e-07
25416,10,1.1445625e-07
25417,10,1.1857258e-07
25418,10,1.2077135e-07
25419,10,1.240905e-07
25420,10,1.1404758e-07
25421,10,1.1697193e-07
25422,10,1.2138933e-07
25423,10,1.2005334e-07
25424,10,1.2410514e-07
25425,10,1.154378e-07
25426,10,1.2132262e-07
25427,10,1.203439e-07
25428,10,1.2433679e-07
25429,10,1.1504764e-07
25430,10,1.2401378e-07
25431,10,1.1945056e-07
25432,10,1.2090996e-07
25433,10,1.1438417e-07
25434,10,1.2429538e-07
25435,10,1.1796258e-07
25436,10,1.2017878e-07
25437,11,1.4353232e-07
25438,10,1.1491193e-07
25439,10,1.2203937e-07
25440,10,1.1986677e-07
25441,11,1.4290086e-07
25442,10,1.1362158e-07
25443,10,1.2240351e-07
25444,10,1.1647946e-07
25445,11,1.4405473e-07
25446,10,1.2159784e-07
25447,10,1.2344332e-07
25448,10,1.1736841e-07
25449,11,1.4574214e-07
25450,10,1.1986801e-07
25451,10,1.2641637e-07
25452,10,1.188656e-07
25453,10,1.2874902e-07
25454,10,1.1994355e-07
25455,10,1.2691952e-07
25456,10,1.1898957e-07
25457,10,1.286067e-07
25458,10,1.1900356e-07
25459,10,1.2669375e-07
25460,10,1.1981171e-07
25461,10,1.2852581e-07
25462,10,1.1864179e-07
25463,10,1.2709155e-07
25464,10,1.18908e-07
25465,10,1.2855044e-07
25466,10,1.1994923e-07
25467,10,1.2795758e-07
25468,10,1.1916379e-07
25469,10,1.2876532e-07
25470,10,1.2005671e-07
25471,10,1.2668555e-07
25472,10,1.1991332e-07
25473,10,1.2832734e-07
25474,10,1.189258e-07
25475,10,1.2582691e-07
25476,10,1.1981434e-07
25477,10,1.2812405e-07
25478,10,1.1570344e-07
25479,10,1.2333542e-07
25480,10,1.2100409e-07
25481,11,1.4464589e-07
25482,10,1.1656477e-07
25483,10,1.2263714e-07
25484,10,1.2114592e-07
25485,11,1.4640735e-07
25486,10,1.2135185e-07
25487,10,1.2346756e-07
25488,10,1.1735076e-07
25489,11,1.4651584e-07
25490,10,1.2167431e-07
25491,10,1.2366859e-07
25492,10,1.2433525e-07
25493,10,1.142619e-07
25494,10,1.2088694e-07
25495,10,1.183769e-07
25496,10,1.2383873e-07
25497,10,1.1454316e-07
25498,10,1.208684e-07
25499,10,1.171752e-07
25500,10,1.2056525e-07
25501,10,1.1387113e-07
25502,10,1.2403062e-07
25503,10,1.1673406e-07
25504,10,1.2055372e-07
25505,10,1.137997e-07
25506,10,1.1447942e-07
25507,10,1.2397912e-07
25508,10,1.209115e-07
25509,10,1.1942041e-07
25510,10,1.149736e-07
25511,10,1.2422708e-07
25512,10,1.2109274e-07
25513,10,1.1869931e-07
25514,10,1.2091812e-07
25515,10,1.2382789e-07
25516,10,1.1465188e-07
25517,10,1.1850843e-07
25518,10,1.2100571e-07
25519,10,1.2423787e-07
25520,10,1.2328171e-07
25521,10,1.1509125e-07
25522,10,1.2068565e-07
25523,11,1.4434274e-07
25524,10,1.2264157e-07
25525,10,1.1520337e-07
25526,10,1.2062392e-07
25527,11,1.4482747e-07
25528,10,1.2060003e-07
25529,10,1.1487522e-07
25530,10,1.2293854e-07
25531,11,1.4472707e-07
25532,10,1.2064352e-07
25533,10,1.1501051e-07
25534,10,1.2837937e-07
25535,10,1.1917741e-07
25536,10,1.1992719e-07
25537,10,1.2645812e-07
25538,10,1.2833904e-07
25539,10,1.1907657e-07
25540,10,1.1989721e-07
25541,10,1.2742368e-07
25542,10,1.198579e-07
25543,10,1.1884825e-07
25544,10,1.2817137e-07
25545,10,1.2656163e-07
25546,10,1.1977155e-07
25547,10,1.1883924e-07
25548,10,1.1973064e-07
25549,10,1.2711632e-07
25550,10,1.2868469e-07
25551,10,1.1817023e-07
25552,10,1.1976001e-07
25553,10,1.2757021e-07
25554,10,1.2878473e-07
25555,10,1.18665e-07
25556,10,1.2863604e-07
25557,10,1.2736485e-07
25558,10,1.1985763e-07
25559,10,1.1873257e-07
25560,10,1.2868704e-07
25561,10,1.2746719e-07
25562,10,1.2110995e-07
25563,11,1.4593112e-07
25564,10,1.2323572e-07
25565,10,1.1537508e-07
25566,10,1.2069089e-07
25567,11,1.4614504e-07
25568,10,1.2287649e-07
25569,10,1.1599489e-07
25570,10,1.2360411e-07
25571,11,1.4596107e-07
25572,10,1.2119501e-07
25573,10,1.1580793e-07
25574,10,1.2353179e-07
25575,11,1.4621741e-07
25576,10,1.2073587e-07
25577,10,1.1842698e-07
25578,10,1.1429401e-07
25579,10,1.2363737e-07
25580,10,1.2057772e-07
25581,10,1.1787932e-07
25582,10,1.1412557e-07
25583,10,1.242881e-07
25584,10,1.1409154e-07
25585,10,1.1786087e-07
25586,10,1.2070196e-07
25587,10,1.2416927e-07
25588,10,1.1401639e-07
25589,10,1.179023e-07
25590,10,1.2094431e-07
25591,10,1.184445e-07
25592,10,1.2360846e-07
25593,10,1.1444205e-07
25594,10,1.2079225e-07
25595,10,1.1721322e-07
25596,10,1.2359025e-07
25597,10,1.1395439e-07
25598,10,1.2383024e-07
25599,10,1.1673584e-07
25600,10,1.2065584e-07
25601,10,1.1390777e-07
25602,10,1.237416e-07
25603,10,1.1619974e-07
25604,10,1.2011398e-07
25605,11,1.4460884e-07
25606,10,1.1443352e-07
25607,10,1.2274252e-07
25608,10,1.2039262e-07
25609,11,1.4590853e-07
25610,10,1.1495843e-07
25611,10,1.2339746e-07
25612,10,1.1711985e-07
25613,11,1.4586978e-07
25614,10,1.2114637e-07
25615,10,1.2350753e-07
25616,10,1.1551783e-07
25617,11,1.4648211e-07
25618,10,1.198945e-07
25619,10,1.2839159e-07
25620,10,1.183516e-07
25621,10,1.2900474e-07
25622,10,1.1991968e-07
25623,10,1.2793954e-07
25624,10,1.1841876e-07
25625,10,1.2825192e-07
25626,10,1.1872838e-07
25627,10,1.2655507e-07
25628,10,1.1970925e-07
25629,10,1.2790693e-07
25630,10,1.188326e-07
25631,10,1.2512427e-07
25632,10,1.1918861e-07
25633,10,1.2857801e-07
25634,10,1.2003578e-07
25635,10,1.2711514e-07
25636,10,1.1931617e-07
25637,10,1.2870893e-07
25638,10,1.2007756e-07
25639,10,1.254834e-07
25640,10,1.1979457e-07
25641,10,1.2806809e-07
25642,10,1.1914311e-07
25643,10,1.2578362e-07
25644,10,1.1986677e-07
25645,10,1.2818204e-07
25646,10,1.1702195e-07
25647,10,1.2261204e-07
25648,10,1.2123412e-07
25649,11,1.4446939e-07
25650,10,1.1643788e-07
25651,10,1.2261195e-07
25652,10,1.2094366e-07
25653,11,1.4577781e-07
25654,10,1.2123776e-07
25655,10,1.2326527e-07
25656,10,1.1534585e-07
25657,11,1.4515568e-07
25658,10,1.2080491e-07
25659,10,1.2268769e-07
25660,10,1.2395526e-07
25661,10,1.1467015e-07
25662,10,1.209392e-07
25663,10,1.1872832e-07
25664,10,1.2409446e-07
25665,10,1.1463762e-07
25666,10,1.2090083e-07
25667,10,1.1759369e-07
25668,10,1.2058507e-07
25669,10,1.1398368e-07
25670,10,1.2346111e-07
25671,10,1.1707705e-07
25672,10,1.20506e-07
25673,10,1.138446e-07
25674,10,1.1496613e-07
25675,10,1.2414538e-07
25676,10,1.210919e-07
25677,10,1.1855699e-07
25678,10,1.1482609e-07
25679,10,1.2428661e-07
25680,10,1.2110116e-07
25681,10,1.1821801e-07
25682,10,1.2077288e-07
25683,10,1.2401361e-07
25684,10,1.1368664e-07
25685,10,1.1563079e-07
25686,10,1.2021705e-07
25687,10,1.2238521e-07
25688,10,1.2256919e-07
25689,10,1.1479763e-07
25690,10,1.2056893e-07
25691,11,1.4604541e-07
25692,10,1.2336769e-07
25693,10,1.1561978e-07
25694,10,1.2104873e-07
25695,11,1.4535915e-07
25696,10,1.2075766e-07
25697,10,1.1521949e-07
25698,10,1.2249319e-07
25699,11,1.4609915e-07
25700,10,1.2090369e-07
25701,10,1.1591456e-07
25702,10,1.2840875e-07
25703,10,1.1864207e-07
25704,10,1.1980703e-07
25705,10,1.2683243e-07
25706,10,1.2842646e-07
25707,10,1.1869358e-07
25708,10,1.1980133e-07
25709,10,1.2543346e-07
25710,10,1.1967024e-07
25711,10,1.1879626e-07
25712,10,1.2760879e-07
25713,10,1.2424532e-07
25714,10,1.1963365e-07
25715,10,1.1883967e-07
25716,10,1.1980172e-07
25717,10,1.2675032e-07
25718,10,1.2858425e-07
25719,10,1.1895732e-07
25720,10,1.1986941e-07
25721,10,1.2626446e-07
25722,10,1.2842534e-07
25723,10,1.1847852e-07
25724,10,1.2834306e-07
25725,10,1.263608e-07
25726,10,1.19657e-07
25727,10,1.1847772e-07
25728,10,1.281004e-07
25729,10,1.256751e-07
25730,10,1.2023277e-07
25731,11,1.4491947e-07
25732,10,1.2241747e-07
25733,10,1.1493091e-07
25734,10,1.2017255e-07
25735,11,1.4352913e-07
25736,10,1.2180591e-07
25737,10,1.1622817e-07
25738,10,1.232986e-07
25739,11,1.4637771e-07
25740,10,1.2085758e-07
25741,10,1.1616845e-07
25742,10,1.2232346e-07
25743,11,1.4483666e-07
25744,10,1.2060716e-07
25745,10,1.1796905e-07
25746,10,1.1424709e-07
25747,10,1.2358781e-07
25748,10,1.2080764e-07
25749,10,1.1941296e-07
25750,10,1.147437e-07
25751,10,1.2384562e-07
25752,10,1.1404096e-07
25753,10,1.1753595e-07
25754,10,1.2065659e-07
25755,10,1.2345027e-07
25756,10,1.1446315e-07
25757,10,1.1875799e-07
25758,10,1.2083368e-07
25759,10,1.1809995e-07
25760,10,1.2384808e-07
25761,10,1.1458345e-07
25762,10,1.2069825e-07
25763,10,1.1732365e-07
25764,10,1.2294008e-07
25765,10,1.1419697e-07
25766,10,1.240064e-07
25767,10,1.1666025e-07
25768,10,1.2101294e-07
25769,10,1.1478855e-07
25770,10,1.2386681e-07
25771,10,1.1799826e-07
25772,10,1.2024206e-07
25773,11,1.4522197e-07
25774,10,1.1418138e-07
25775,10,1.2192442e-07
25776,10,1.2031627e-07
25777,11,1.4456983e-07
25778,10,1.1500658e-07
25779,10,1.2365773e-07
25780,10,1.1593556e-07
25781,11,1.4684635e-07
25782,10,1.2090214e-07
25783,10,1.2276671e-07
25784,10,1.1612693e-07
25785,11,1.4524596e-07
25786,10,1.2007471e-07
25787,10,1.2705222e-07
25788,10,1.1942684e-07
25789,10,1.2865512e-07
25790,10,1.199567e-07
25791,10,1.2668061e-07
25792,10,1.1896401e-07
25793,10,1.2800203e-07
25794,10,1.1888393e-07
25795,10,1.2563922e-07
25796,10,1.197692e-07
25797,10,1.2843416e-07
25798,10,1.1857766e-07
25799,10,1.2731829e-07
25800,10,1.1903625e-07
25801,10,1.28709e-07
25802,10,1.2002776e-07
25803,10,4.5541718191429644e-10
25804,10,1.7205129199713042e-10
25805,10,3.02445852016447e-09
25806,10,2.611729547036137e-09
25807,10,1.2629024e-07
25808,10,1.1988426e-07
25809,10,1.2834225e-07
25810,10,1.1896065e-07
25811,10,2.7912599350012617e-10
25812,10,2.489585833145979e-09
25813,10,2.935457518520674e-09
25814,10,1.1552081e-07
25815,10,1.2119695e-07
25816,10,1.2034331e-07
25817,11,3.1156814719629222e-09
25818,10,1.1569398e-07
25819,10,6.752038737428222e-10
25820,10,2.7351799269242947e-09
25821,11,1.4541687e-07
25822,10,1.2081494e-07
25823,10,1.2318566e-07
25824,10,1.1575535e-07
25825,11,3.857533316454193e-09
25826,10,2.803010024996129e-09
25827,10,8.637268659223076e-10
25828,10,1.2304291e-07
25829,10,1.1474448e-07
25830,10,1.207393e-07
25831,10,1.2078997e-07
25832,10,1.184278305063188e-09
25833,10,1.151124e-07
25834,10,2.864491575126684e-09
25835,10,1.1822151e-07
25836,10,1.2068786e-07
25837,10,1.1407067e-07
25838,10,1.021543329927619e-09
25839,10,1.1863627e-07
25840,10,2.6507501912604748e-09
25841,10,1.1427792e-07
25842,10,1.1460094e-07
25843,10,1.2410324e-07
25844,10,1.2097837e-07
25845,10,1.1668089e-07
25846,10,1.142432e-07
25847,10,9.16340699389534e-10
25848,10,2.6289529360196122e-09
25849,10,1.154687e-07
25850,10,1.2040991e-07
25851,10,1.2342708e-07
25852,10,1.1423245e-07
25853,10,1.1786913e-07
25854,10,2.564835922187183e-09
25855,10,7.389736134231765e-10
25856,10,1.236731e-07
25857,10,1.1710888e-07
25858,10,1.2159111e-07
25859,11,3.9728323661550646e-09
25860,10,9.249964399157813e-10
25861,10,1.164841e-07
25862,10,2.903452605079189e-09
25863,11,1.4810121e-07
25864,10,1.2136435e-07
25865,10,1.1641786e-07
25866,10,4.770923638424021e-10
25867,11,3.215850106580914e-09
25868,10,2.704448927653744e-09
25869,10,1.1686093e-07
25870,10,1.2834226e-07
25871,10,1.1868495e-07
25872,10,1.1976108e-07
25873,10,4.3901095782945884e-10
25874,10,2.966641407838897e-09
25875,10,1.1845912e-07
25876,10,2.473293235907745e-09
25877,10,1.2538169e-07
25878,10,1.1970136e-07
25879,10,1.1882765e-07
25880,10,2.905840015278467e-09
25881,10,2.596540180789223e-10
25882,10,2.5003916908215332e-09
25883,10,5.445284590302194e-11
25884,10,1.1984825e-07
25885,10,1.2653554e-07
25886,10,1.2847091e-07
25887,10,2.6862161743605668e-11
25888,10,2.5466565619182996e-09
25889,10,3.0932396210764926e-10
25890,10,2.950405103726706e-09
25891,10,1.1891353e-07
25892,10,1.2818155e-07
25893,10,1.2582981e-07
25894,10,2.4908914385147803e-09
25895,10,1.1873835e-07
25896,10,2.944285899759344e-09
25897,10,4.14241366931835e-10
25898,10,1.2025648e-07
25899,11,1.4438496e-07
25900,10,1.2229766e-07
25901,10,1.1436491e-07
25902,10,2.5967020346047822e-09
25903,11,2.8769908003182667e-09
25904,10,3.6719648431274654e-10
25905,10,1.1531895e-07
25906,10,1.2233995e-07
25907,11,1.4442706e-07
25908,10,2.67901699183603e-09
25909,10,1.1505736e-07
25910,10,4.410728055677211e-10
25911,11,3.052429518361512e-09
25912,10,1.210789e-07
25913,10,1.2004326e-07
25914,10,1.1508562e-07
25915,10,8.854552855849027e-10
25916,10,2.657369979868418e-09
25917,10,1.2049439e-07
25918,10,1.1530934e-07
25919,10,1.2393795e-07
25920,10,1.1491733e-07
25921,10,1.1970815e-07
25922,10,2.683804947352732e-09
25923,10,8.787809592630868e-10
25924,10,1.1509541e-07
25925,10,1.1995056e-07
25926,10,1.2099277e-07
25927,10,1.1894197e-07
25928,10,1.2403248e-07
25929,10,1.146356e-07
25930,10,2.3034605117232764e-09
25931,10,1.1757808e-07
25932,10,2.326534285481417e-10
25933,10,1.1554372e-07
25934,10,1.2406219e-07
25935,10,1.2003953e-07
25936,10,2.814834580725451e-09
25937,10,1.1600246e-07
25938,10,1.065395789663432e-09
25939,10,1.2160183e-07
25940,10,1.2061106e-07
25941,11,1.4476461e-07
25942,10,1.153269e-07
25943,10,2.1917447824888202e-10
25944,10,2.5020460417599382e-09
25945,11,3.46268337906753e-09
25946,10,1.1557031e-07
25947,10,1.21791e-07
25948,10,1.1496225e-07
25949,11,1.4237591e-07
25950,10,2.532847406860307e-09
25951,10,4.4602414476862464e-10
25952,10,1.1521989e-07
25953,11,2.8737045635780766e-09
25954,10,1.1985495e-07
25955,10,1.2706718e-07
25956,10,1.1848636e-07
25957,10,2.9095996999845353e-09
25958,10,2.396925773097814e-09
25959,10,3.120442185771938e-10
25960,10,1.1869694e-07
25961,10,1.2869121e-07
25962,10,1.188027e-07
25963,10,1.2779378e-07
25964,10,2.5864837227428796e-09
25965,10,2.952281185109052e-09
25966,10,1.8683626842588972e-10
25967,10,2.5483708257522045e-10
25968,10,1.1862567e-07
25969,10,1.2585513135084124e-07
25970,10,1.1742955578048187e-07
25971,10,1.2698826e-07
25972,13,1.1844748e-07
25973,13,1.2859867e-07
25974,13,1.1982543e-07
25975,10,1.2688570299461933e-07
25976,10,1.174257122073653e-07
25977,10,1.2575548327215765e-07
25978,13,1.1905414e-07
25979,10,1.27766e-07
25980,13,1.2007196e-07
25981,13,1.2892055e-07
25982,10,1.1588124e-07
25983,10,1.218139058692279e-07
25984,10,1.1788317844202735e-07
25985,11,1.4531197e-07
25986,13,1.1473065e-07
25987,13,1.2262832e-07
25988,13,1.2034111e-07
25989,11,1.4151967695705859e-07
25990,10,1.1827113263822407e-07
25991,10,1.217723486612218e-07
25992,13,1.16541e-07
25993,11,1.4618368e-07
25994,13,1.2136824e-07
25995,13,1.2333884e-07
25996,10,1.230024030920164e-07
25997,10,1.147672e-07
25998,10,1.1826291188667717e-07
25999,13,1.1785779e-07
26000,13,1.2394802e-07
26001,13,1.1455614e-07
26002,13,1.2089143e-07
26003,10,1.1750655e-07
26004,10,1.1778506529338504e-07
26005,10,1.1408539e-07
26006,13,1.2374088e-07
26007,10,1.1727617e-07
26008,13,1.2054617e-07
26009,13,1.1395762e-07
26010,10,1.144086e-07
26011,10,1.226779715598629e-07
26012,10,1.1799491703283229e-07
26013,10,1.1892312e-07
26014,13,1.147338e-07
26015,13,1.2409119e-07
26016,13,1.209807e-07
26017,10,1.1822313e-07
26018,10,1.1792339397908933e-07
26019,10,1.227931659372598e-07
26020,13,1.1411029e-07
26021,10,1.175687e-07
26022,13,1.2066589e-07
26023,13,1.2383324e-07
26024,10,1.222090143605996e-07
26025,10,1.1547877e-07
26026,10,1.1823382825459837e-07
26027,11,1.4514174e-07
26028,13,1.2287071e-07
26029,13,1.154756e-07
26030,13,1.2079109e-07
26031,11,1.417979331267631e-07
26032,10,1.182665909735478e-07
26033,10,1.1617963e-07
26034,13,1.2318367e-07
26035,11,1.4581344e-07
26036,13,1.2105563e-07
26037,13,1.1575166e-07
26038,10,1.2567406643457686e-07
26039,10,1.1813711577526247e-07
26040,10,1.1715501506910273e-07
26041,10,1.2765538e-07
26042,13,1.2879817e-07
26043,13,1.1827046e-07
26044,13,1.1976425e-07
26045,10,1.261022701902129e-07
26046,10,1.1730196708268456e-07
26047,10,1.189646250298626e-07
26048,13,1.2850412e-07
26049,13,1.2717488e-07
26050,13,1.1995617e-07
26051,13,1.1910703e-07
26052,10,1.1731967103723749e-07
26053,10,1.2661166155762501e-07
26054,10,1.2560278619572542e-07
26055,13,1.1875547e-07
26056,13,1.1983276e-07
26057,10,1.2660101e-07
26058,13,1.2841354e-07
26059,10,1.1849161e-07
26060,10,1.2580987514085976e-07
26061,10,1.274410576821188e-07
26062,13,1.1988611e-07
26063,13,1.1855997e-07
26064,13,1.2877043e-07
26065,13,1.2724802e-07
26066,10,1.177001361318611e-07
26067,11,1.406259496254085e-07
26068,10,1.214034670402992e-07
26069,13,1.1607616e-07
26070,13,1.2060273e-07
26071,11,1.4475508e-07
26072,13,1.2213974e-07
26073,10,1.1532852e-07
26074,10,1.217549282909757e-07
26075,11,1.4122576531556164e-07
26076,13,1.2097707e-07
26077,13,1.163775e-07
26078,13,1.228299e-07
26079,14,1.4587329e-07
26080,10,1.1825841869164481e-07
26081,10,1.2034608e-07
26082,10,1.1523941e-07
26083,13,1.2386279e-07
26084,13,1.2109145e-07
26085,13,1.1958587e-07
26086,13,1.1505186e-07
26087,10,1.229564530490765e-07
26088,10,1.1507373e-07
26089,10,1.1993832e-07
26090,13,1.2088946e-07
26091,13,1.2376724e-07
26092,13,1.1467463e-07
26093,10,1.1833198e-07
26094,10,1.1792765413317937e-07
26095,10,1.1724121e-07
26096,10,1.2270113573813436e-07
26097,13,1.1450766e-07
26098,13,1.2086058e-07
26099,10,1.1755018e-07
26100,13,1.2376301e-07
26101,10,1.1562432e-07
26102,10,1.2279812665778754e-07
26103,10,1.2012103e-07
26104,13,1.2115154e-07
26105,13,1.1509231e-07
26106,13,1.2380727e-07
26107,10,1.1796931e-07
26108,10,1.1825096543362483e-07
26109,11,1.424389416932957e-07
26110,10,1.1667780341162477e-07
26111,13,1.2309422e-07
26112,13,1.2125128e-07
26113,14,1.4547389e-07
26114,13,1.161659e-07
26115,10,1.2111940047282984e-07
26116,10,1.1589518431616563e-07
26117,11,1.398769359849766e-07
26118,13,1.2053335e-07
26119,13,1.2252418e-07
26120,13,1.1572278e-07
26121,11,1.4561462e-07
26122,10,1.1735561111780569e-07
26123,10,1.2692307262058054e-07
26124,10,1.1855002423875146e-07
26125,13,1.2895453e-07
26126,13,1.2008911e-07
26127,13,1.2766351e-07
26128,13,1.1903646e-07
26129,10,1.2567802944023277e-07
26130,10,1.1926663e-07
26131,10,1.2609019287550484e-07
26132,13,1.1992009e-07
26133,13,1.2878106e-07
26134,13,1.186965e-07
26135,13,1.2740686e-07
26136,13,1.1878949e-07
26137,13,1.2835604e-07
26138,13,1.1983714e-07
26139,13,1.260432e-07
26140,13,1.19365e-07
26141,13,1.2825619e-07
26142,13,1.1995875e-07
26143,13,1.2790325e-07
26144,13,1.2010491e-07
26145,13,1.2899821e-07
26146,13,1.1880258e-07
26147,13,1.2719626e-07
26148,13,1.200234e-07
26149,13,1.2883207e-07
26150,13,1.1459152e-07
26151,13,1.221123e-07
26152,13,1.200807e-07
26153,14,1.4161108e-07
26154,13,1.1432682e-07
26155,13,1.210711e-07
26156,13,1.1971729e-07
26157,14,1.4660663e-07
26158,13,1.2154057e-07
26159,13,1.2331064e-07
26160,13,1.1648963e-07
26161,14,1.4658194e-07
26162,13,1.2137382e-07
26163,13,1.233896e-07
26164,13,1.2405048e-07
26165,13,1.1497408e-07
26166,13,1.2106205e-07
26167,13,1.2141158e-07
26168,13,1.2403837e-07
26169,13,1.1559196e-07
26170,13,1.2126668e-07
26171,13,1.1631408e-07
26172,13,1.2037874e-07
26173,13,1.1361468e-07
26174,13,1.2363473e-07
26175,13,1.1662317e-07
26176,13,1.2044884e-07
26177,13,1.1364982e-07
26178,13,1.1497802e-07
26179,13,1.2398936e-07
26180,13,1.2107348e-07
26181,13,1.1878711e-07
26182,13,1.1502404e-07
26183,13,1.2377299e-07
26184,13,1.2107676e-07
26185,13,1.1703897e-07
26186,13,1.2069669e-07
26187,13,1.2392053e-07
26188,13,1.1419952e-07
26189,13,1.1779821e-07
26190,13,1.2083976e-07
26191,13,1.2429921e-07
26192,13,1.2259934e-07
26193,13,1.152323e-07
26194,13,1.2060575e-07
26195,14,1.4459785e-07
26196,13,1.2246239e-07
26197,13,1.1491605e-07
26198,13,1.2046846e-07
26199,14,1.4673281e-07
26200,13,1.2096004e-07
26201,13,1.1513394e-07
26202,13,1.2362847e-07
26203,14,1.4636908e-07
26204,13,1.2108734e-07
26205,13,1.1563882e-07
26206,13,1.288689e-07
26207,13,1.1832711e-07
26208,13,1.1981804e-07
26209,13,1.2781834e-07
26210,13,1.2894242e-07
26211,13,1.1861356e-07
26212,13,1.199298e-07
26213,13,1.2775431e-07
26214,13,1.2003922e-07
26215,13,1.1918979e-07
26216,13,1.2869634e-07
26217,13,1.268795e-07
26218,13,1.1996258e-07
26219,13,1.1886407e-07
26220,13,1.1985065e-07
26221,13,1.2701015e-07
26222,13,1.2846197e-07
26223,13,1.1878594e-07
26224,13,1.1984165e-07
26225,13,1.2681293e-07
26226,13,1.2833911e-07
26227,13,1.1860927e-07
26228,13,1.2900691e-07
26229,13,1.2812644e-07
26230,13,1.200059e-07
26231,13,1.1853603e-07
26232,13,1.291451e-07
26233,13,1.2826317e-07
26234,13,1.2040852e-07
26235,14,1.4276899e-07
26236,13,1.2199244e-07
26237,13,1.1488106e-07
26238,13,1.2033252e-07
26239,14,1.4367522e-07
26240,13,1.2206988e-07
26241,13,1.1593659e-07
26242,13,1.2308389e-07
26243,14,1.4648211e-07
26244,13,1.1999696e-07
26245,13,1.1395023e-07
26246,13,1.2193562e-07
26247,14,1.4348018e-07
26248,13,1.2129931e-07
26249,13,1.2149408e-07
26250,13,1.1540769e-07
26251,13,1.2415192e-07
26252,13,1.2120908e-07
26253,13,1.2061429e-07
26254,13,1.1517999e-07
26255,13,1.2395789e-07
26256,13,1.1466382e-07
26257,13,1.1821866e-07
26258,13,1.209841e-07
26259,13,1.2379363e-07
26260,13,1.1497169e-07
26261,13,1.1948236e-07
26262,13,1.2070814e-07
26263,13,1.1660497e-07
26264,13,1.2343663e-07
26265,13,1.1445868e-07
26266,13,1.2087071e-07
26267,13,1.1764839e-07
26268,13,1.2400629e-07
26269,13,1.1558481e-07
26270,13,1.2367481e-07
26271,13,1.1987427e-07
26272,13,1.2167635e-07
26273,13,1.1626299e-07
26274,13,1.2438398e-07
26275,13,1.2233838e-07
26276,13,1.2121925e-07
26277,14,1.4602022e-07
26278,13,1.1633839e-07
26279,13,1.2320474e-07
26280,13,1.2116844e-07
26281,14,1.4557543e-07
26282,13,1.1612153e-07
26283,13,1.21498e-07
26284,13,1.1449913e-07
26285,14,1.4260235e-07
26286,13,1.2024232e-07
26287,13,1.2143388e-07
26288,13,1.1537782e-07
26289,14,1.4155815e-07
26290,13,1.2009714e-07
26291,13,1.2753776e-07
26292,13,1.1916881e-07
26293,13,1.2881013e-07
26294,13,1.2006781e-07
26295,13,1.2736823e-07
26296,13,1.1917666e-07
26297,13,1.2878044e-07
26298,13,1.188144e-07
26299,13,1.2757655e-07
26300,13,1.1990084e-07
26301,13,1.2856248e-07
26302,13,1.1896034e-07
26303,13,1.2694871e-07
26304,13,1.1930381e-07
26305,13,1.2817219e-07
26306,13,1.1994755e-07
26307,13,1.2602834e-07
26308,13,1.1892046e-07
26309,13,1.2826956e-07
26310,13,1.1987888e-07
26311,13,1.2670235e-07
26312,13,1.2000587e-07
26313,13,1.2868533e-07
26314,13,1.1905373e-07
26315,13,1.2663339e-07
26316,13,1.2003747e-07
26317,13,1.2864152e-07
26318,13,1.1419129e-07
26319,13,1.2083866e-07
26320,13,1.1960177e-07
26321,14,1.4285821e-07
26322,13,1.1455662e-07
26323,13,1.2150464e-07
26324,13,1.1994363e-07
26325,14,1.4578376e-07
26326,13,1.2098748e-07
26327,13,1.2325616e-07
26328,13,1.1558419e-07
26329,14,1.4551844e-07
26330,13,1.2103035e-07
26331,13,1.2307174e-07
26332,13,1.2404839e-07
26333,13,1.1584078e-07
26334,13,1.2135078e-07
26335,13,1.2119059e-07
26336,13,1.2411074e-07
26337,13,1.1550547e-07
26338,13,1.212926e-07
26339,13,1.1703238e-07
26340,13,1.2056052e-07
26341,13,1.1378569e-07
26342,13,1.2378879e-07
26343,13,1.1745237e-07
26344,13,1.2059389e-07
26345,13,1.1388512e-07
26346,13,1.1492191e-07
26347,13,1.2377471e-07
26348,13,1.2103672e-07
26349,13,1.1771892e-07
26350,13,1.1480033e-07
26351,13,1.2384744e-07
26352,13,1.2103637e-07
26353,13,1.1801423e-07
26354,13,1.2081684e-07
26355,13,1.2420614e-07
26356,13,1.1405289e-07
26357,13,1.169823e-07
26358,13,1.206707e-07
26359,13,1.2360156e-07
26360,13,1.2274643e-07
26361,13,1.1501965e-07
26362,13,1.2060919e-07
26363,14,1.4567326e-07
26364,13,1.2302553e-07
26365,13,1.157515e-07
26366,13,1.2096872e-07
26367,14,1.4595751e-07
26368,13,1.20925e-07
26369,13,1.1514682e-07
26370,13,1.2319563e-07
26371,14,1.4629775e-07
26372,13,1.2084937e-07
26373,13,1.1499063e-07
26374,13,1.290231e-07
26375,13,1.1879199e-07
26376,13,1.1999198e-07
26377,13,1.2808657e-07
26378,13,1.290199e-07
26379,13,1.184708e-07
26380,13,1.1996679e-07
26381,13,1.2728126e-07
26382,13,1.198431e-07
26383,13,1.1825459e-07
26384,13,1.2884626e-07
26385,13,1.2775014e-07
26386,13,1.1990524e-07
26387,13,1.184685e-07
26388,13,1.1982629e-07
26389,13,1.2558723e-07
26390,13,1.2796661e-07
26391,13,1.1925168e-07
26392,13,1.197643e-07
26393,13,1.2416228e-07
26394,13,1.2753921e-07
26395,13,1.1871871e-07
26396,13,1.2898208e-07
26397,13,1.27376e-07
26398,13,1.2006918e-07
26399,13,1.1896125e-07
26400,13,1.2887959e-07
26401,13,1.2727471e-07
26402,13,1.2064487e-07
26403,14,1.4407574e-07
26404,13,1.2225996e-07
26405,13,1.1613619e-07
26406,13,1.2101673e-07
26407,14,1.452387e-07
26408,13,1.2293685e-07
26409,13,1.134934e-07
26410,13,1.2221434e-07
26411,14,1.4359869e-07
26412,13,1.2039528e-07
26413,13,1.1471714e-07
26414,13,1.2249271e-07
26415,14,1.4441695e-07
26416,13,1.2106264e-07
26417,13,1.2034504e-07
26418,13,1.1499475e-07
26419,13,1.2398427e-07
26420,13,1.2089431e-07
26421,13,1.1872063e-07
26422,13,1.1450875e-07
26423,13,1.2430672e-07
26424,13,1.1497496e-07
26425,13,1.1954315e-07
26426,13,1.2112517e-07
26427,13,1.2430343e-07
26428,13,1.148789e-07
26429,13,1.1943646e-07
26430,13,1.208778e-07
26431,13,1.1797818e-07
26432,13,1.2367083e-07
26433,13,1.1449397e-07
26434,13,1.2089074e-07
26435,13,1.178178e-07
26436,13,1.2387976e-07
26437,13,1.1597911e-07
26438,13,1.2438469e-07
26439,13,1.2128343e-07
26440,13,1.2129251e-07
26441,13,1.1521982e-07
26442,13,1.2380936e-07
26443,13,1.1875758e-07
26444,13,1.2093226e-07
26445,14,1.4500986e-07
26446,13,1.156551e-07
26447,13,1.2295082e-07
26448,13,1.210528e-07
26449,14,1.4529486e-07
26450,13,1.1582963e-07
26451,13,1.2186874e-07
26452,13,1.1610604e-07
26453,14,1.4271125e-07
26454,13,1.206863e-07
26455,13,1.2217231e-07
26456,13,1.1556001e-07
26457,14,1.4382366e-07
26458,13,1.1997489e-07
26459,13,1.274722e-07
26460,13,1.1889215e-07
26461,13,1.2878809e-07
26462,13,1.1990104e-07
26463,13,1.2761075e-07
26464,13,1.1854512e-07
26465,13,1.2848481e-07
26466,13,1.1857134e-07
26467,13,1.2708533e-07
26468,13,1.1989526e-07
26469,13,1.2824247e-07
26470,13,1.1918481e-07
26471,13,1.2608702e-07
26472,13,1.1886561e-07
26473,13,1.2840378e-07
26474,13,1.1989899e-07
26475,13,1.2602883e-07
26476,13,1.1903229e-07
26477,13,1.2839485e-07
26478,13,1.1998694e-07
26479,13,1.2696426e-07
26480,13,1.2006718e-07
26481,13,1.2870568e-07
26482,13,1.1898347e-07
26483,13,1.2764032e-07
26484,13,1.2011192e-07
26485,13,1.2888539e-07
26486,13,1.1574459e-07
26487,13,1.2170832e-07
26488,13,1.2050998e-07
26489,14,1.444455e-07
26490,13,1.1672327e-07
26491,13,1.2252132e-07
26492,13,1.2116241e-07
26493,14,1.4624316e-07
26494,13,1.2127959e-07
26495,13,1.2340215e-07
26496,13,1.1595466e-07
26497,14,1.4567143e-07
26498,13,1.2125809e-07
26499,13,1.2317333e-07
26500,13,1.2399267e-07
26501,13,1.1525827e-07
26502,13,1.2117829e-07
26503,13,1.1949288e-07
26504,13,1.240336e-07
26505,13,1.1480469e-07
26506,13,1.2107622e-07
26507,13,1.1775024e-07
26508,13,1.2069683e-07
26509,13,1.139681e-07
26510,13,1.2397057e-07
26511,13,1.1778499e-07
26512,13,1.2078371e-07
26513,13,1.1404666e-07
26514,13,1.1474668e-07
26515,13,1.2382955e-07
26516,13,1.2101157e-07
26517,13,1.1859152e-07
26518,13,1.1475584e-07
26519,13,1.2363504e-07
26520,13,1.209642e-07
26521,13,1.1658894e-07
26522,13,1.2063094e-07
26523,13,1.2360757e-07
26524,13,1.1405648e-07
26525,13,1.1697897e-07
26526,13,1.2069903e-07
26527,13,1.2352515e-07
26528,13,1.2307808e-07
26529,13,1.1677286e-07
26530,13,1.2127912e-07
26531,14,1.4422841e-07
26532,13,1.2249115e-07
26533,13,1.1555321e-07
26534,13,1.209765e-07
26535,14,1.4681082e-07
26536,13,1.2112189e-07
26537,13,1.1581062e-07
26538,13,1.2321622e-07
26539,14,1.4612989e-07
26540,13,1.2119966e-07
26541,13,1.158398e-07
26542,13,1.2897425e-07
26543,13,1.1895567e-07
26544,13,1.2006767e-07
26545,13,1.2747e-07
26546,13,1.2893663e-07
26547,13,1.1883163e-07
26548,13,1.2005883e-07
26549,13,1.2746626e-07
26550,13,1.1998956e-07
26551,13,1.189977e-07
26552,13,1.2855948e-07
26553,13,1.2672368e-07
26554,13,1.1996862e-07
26555,13,1.1883999e-07
26556,13,1.1969892e-07
26557,13,1.2448906e-07
26558,13,1.2761686e-07
26559,13,1.1837863e-07
26560,13,1.1966211e-07
26561,13,1.2578292e-07
26562,13,1.2805885e-07
26563,13,1.1908347e-07
26564,13,1.2875943e-07
26565,13,1.2708603e-07
26566,13,1.2009414e-07
26567,13,1.1913352e-07
26568,13,1.2873815e-07
26569,13,1.2725314e-07
26570,13,1.2108503e-07
26571,14,1.4734858e-07
26572,13,1.2338191e-07
26573,13,1.1476618e-07
26574,13,1.2077825e-07
26575,14,1.4516852e-07
26576,13,1.2292473e-07
26577,13,1.1599409e-07
26578,13,1.2269221e-07
26579,14,1.4425742e-07
26580,13,1.2138503e-07
26581,13,1.1655373e-07
26582,13,1.232449e-07
26583,14,1.4586328e-07
26584,13,1.207058e-07
26585,13,1.1715753e-07
26586,13,1.1409465e-07
26587,13,1.2388578e-07
26588,13,1.2078713e-07
26589,13,1.1833231e-07
26590,13,1.1425177e-07
26591,13,1.2431248e-07
26592,13,1.1488176e-07
26593,13,1.1972516e-07
26594,13,1.2090211e-07
26595,13,1.2394802e-07
26596,13,1.1423557e-07
26597,13,1.1750353e-07
26598,13,1.2080339e-07
26599,13,1.1725444e-07
26600,13,1.2363974e-07
26601,13,1.1434988e-07
26602,13,1.2090696e-07
26603,13,1.1747331e-07
26604,13,1.2389384e-07
26605,13,1.1488295e-07
26606,13,1.2442483e-07
26607,13,1.1847875e-07
26608,13,1.2107218e-07
26609,13,1.1464484e-07
26610,13,1.2407587e-07
26611,13,1.1870209e-07
26612,13,1.2124838e-07
26613,14,1.4548956e-07
26614,13,1.1634116e-07
26615,13,1.2330447e-07
26616,13,1.2151867e-07
26617,14,1.4605906e-07
26618,13,1.1676031e-07
26619,13,1.2320974e-07
26620,13,1.1615312e-07
26621,14,1.4535084e-07
26622,13,1.2135601e-07
26623,13,1.2297875e-07
26624,13,1.1650562e-07
26625,14,1.4484673e-07
26626,13,1.1996648e-07
26627,13,1.2748627e-07
26628,13,1.1880829e-07
26629,13,1.2878444e-07
26630,13,1.2004182e-07
26631,13,1.2746664e-07
26632,13,1.1894012e-07
26633,13,1.2797875e-07
26634,13,1.1943614e-07
26635,13,1.249186e-07
26636,13,1.1996839e-07
26637,13,1.281417e-07
26638,13,1.1934468e-07
26639,13,1.2530637e-07
26640,13,1.1939434e-07
26641,13,1.285797e-07
26642,13,1.2016318e-07
26643,13,1.269973e-07
26644,13,1.1951149e-07
26645,13,1.2885782e-07
26646,13,1.203084e-07
26647,13,1.2805456e-07
26648,13,1.2023169e-07
26649,13,1.2907283e-07
26650,13,1.192261e-07
26651,13,1.2707873e-07
26652,13,1.2027904e-07
26653,13,1.2897332e-07
26654,13,1.1683031e-07
26655,13,1.2324928e-07
26656,13,1.2155871e-07
26657,14,1.4665263e-07
26658,13,1.1723041e-07
26659,13,1.2381961e-07
26660,13,1.2194802e-07
26661,14,1.4590858e-07
26662,13,1.2135875e-07
26663,13,1.2360246e-07
26664,13,1.1668993e-07
26665,14,1.4639556e-07
26666,13,1.2182119e-07
26667,13,1.2349525e-07
26668,13,1.2405331e-07
26669,13,1.144382e-07
26670,13,1.2101733e-07
26671,13,1.1787768e-07
26672,13,1.2438552e-07
26673,13,1.1432444e-07
26674,13,1.211483e-07
26675,13,1.1814351e-07
26676,13,1.2095127e-07
26677,13,1.1423086e-07
26678,13,1.2388981e-07
26679,13,1.1757838e-07
26680,13,1.2089799e-07
26681,13,1.1411488e-07
26682,13,1.1421337e-07
26683,13,1.2378113e-07
26684,13,1.2082285e-07
26685,13,1.1494536e-07
26686,13,1.1370191e-07
26687,13,1.2383214e-07
26688,13,1.2083245e-07
26689,13,1.1690295e-07
26690,13,1.2087737e-07
26691,13,1.2373052e-07
26692,13,1.1459094e-07
26693,13,1.1771597e-07
26694,13,1.2121528e-07
26695,13,1.2412071e-07
26696,13,1.233103e-07
26697,13,1.1548715e-07
26698,13,1.2126346e-07
26699,14,1.4943047e-07
26700,13,1.2461598e-07
26701,13,1.1692876e-07
26702,13,1.2210462e-07
26703,14,1.4697101e-07
26704,13,1.2145727e-07
26705,13,1.1638697e-07
26706,13,1.234451e-07
26707,14,1.459715e-07
26708,13,1.2160012e-07
26709,13,1.1633384e-07
26710,13,1.2888257e-07
26711,13,1.1874415e-07
26712,13,1.2005698e-07
26713,13,1.267617e-07
26714,13,1.2879437e-07
26715,13,1.1895341e-07
26716,13,1.2014487e-07
26717,13,1.2730373e-07
26718,13,1.2004935e-07
26719,13,1.1890415e-07
26720,13,1.287329e-07
26721,13,1.2738981e-07
26722,13,1.2014745e-07
26723,13,1.1898694e-07
26724,13,1.1981419e-07
26725,13,1.2613017e-07
26726,13,1.2833246e-07
26727,13,1.1841665e-07
26728,13,1.1994064e-07
26729,13,1.2628541e-07
26730,13,1.2859652e-07
26731,13,1.1880605e-07
26732,13,1.2874244e-07
26733,13,1.2692986e-07
26734,13,1.2013414e-07
26735,13,1.1857431e-07
26736,13,1.2912274e-07
26737,13,1.281057e-07
26738,13,1.2106157e-07
26739,14,1.4618371e-07
26740,13,1.2328299e-07
26741,13,1.1658691e-07
26742,13,1.2175645e-07
26743,14,1.4686847e-07
26744,13,1.235536e-07
26745,13,1.165678e-07
26746,13,1.2341157e-07
26747,14,1.4633428e-07
26748,13,1.2195293e-07
26749,13,1.1690801e-07
26750,13,1.2386206e-07
26751,14,1.4618586e-07
26752,13,1.2086046e-07
26753,13,1.1821829e-07
26754,13,1.1424098e-07
26755,13,1.2382231e-07
26756,13,1.208981e-07
26757,13,1.1759184e-07
26758,13,1.141131e-07
26759,13,1.2381246e-07
26760,13,1.1403924e-07
26761,13,1.1713703e-07
26762,13,1.212063e-07
26763,13,1.245059e-07
26764,13,1.144165e-07
26765,13,1.1830002e-07
26766,13,1.2102269e-07
26767,13,1.1808071e-07
26768,13,1.2385636e-07
26769,13,1.1444548e-07
26770,13,1.2110855e-07
26771,13,1.1758205e-07
26772,13,1.2391187e-07
26773,13,1.1417355e-07
26774,13,1.2387405e-07
26775,13,1.169393e-07
26776,13,1.210184e-07
26777,13,1.1405324e-07
26778,13,1.2416162e-07
26779,13,1.1613739e-07
26780,13,1.2152116e-07
26781,14,1.4519196e-07
26782,13,1.1657882e-07
26783,13,1.233799e-07
26784,13,1.2180751e-07
26785,14,1.4595821e-07
26786,13,1.1691151e-07
26787,13,1.2340395e-07
26788,13,1.1677928e-07
26789,14,1.4625549e-07
26790,13,1.2165149e-07
26791,13,1.23942e-07
26792,13,1.1653273e-07
26793,14,1.4753434e-07
26794,13,1.201025e-07
26795,13,1.2758454e-07
26796,13,1.1898588e-07
26797,13,1.2890119e-07
26798,13,1.2014469e-07
26799,13,1.2728247e-07
26800,13,1.1877561e-07
26801,13,1.285515e-07
26802,13,1.1897974e-07
26803,13,1.2654916e-07
26804,13,1.2017364e-07
26805,13,1.2890269e-07
26806,13,1.191833e-07
26807,13,1.2733191e-07
26808,13,1.1941256e-07
26809,13,1.2909797e-07
26810,13,1.2044685e-07
26811,16,1.2753817e-07
26812,16,1.1987046e-07
26813,16,1.2897736e-07
26814,16,1.2046204e-07
26815,13,1.2771195e-07
26816,13,1.2040015e-07
26817,13,1.2921281e-07
26818,16,1.1880751e-07
26819,16,1.2816358e-07
26820,16,1.2017236e-07
26821,16,1.2908325e-07
26822,13,1.1756301e-07
26823,13,1.2360244e-07
26824,13,1.2212143e-07
26825,17,1.4540926e-07
26826,16,1.171063e-07
26827,16,1.2339277e-07
26828,16,1.2200078e-07
26829,14,1.4754014e-07
26830,13,1.2253981e-07
26831,13,1.2410529e-07
26832,16,1.1756071e-07
26833,17,1.4813563e-07
26834,16,1.2260431e-07
26835,16,1.2449706e-07
26836,13,1.2429067e-07
26837,13,1.1455821e-07
26838,13,1.2130623e-07
26839,16,1.2025094e-07
26840,16,1.2468502e-07
26841,16,1.1487137e-07
26842,16,1.2139447e-07
26843,13,1.1696854e-07
26844,13,1.2101645e-07
26845,13,1.1407056e-07
26846,16,1.2433288e-07
26847,16,1.1713559e-07
26848,16,1.2107067e-07
26849,16,1.1404973e-07
26850,13,1.1433296e-07
26851,13,1.2400444e-07
26852,13,1.2121142e-07
26853,16,1.1876841e-07
26854,16,1.1480746e-07
26855,16,1.2438036e-07
26856,16,1.2139808e-07
26857,13,1.1931414e-07
26858,13,1.2155152e-07
26859,13,1.2440139e-07
26860,16,1.1485492e-07
26861,16,1.1907205e-07
26862,16,1.2143536e-07
26863,16,1.2423883e-07
26864,13,1.2446208e-07
26865,13,1.1793999e-07
26866,13,1.2252707e-07
26867,17,1.4703383e-07
26868,16,1.2406898e-07
26869,16,1.1708714e-07
26870,16,1.2226756e-07
26871,14,1.4542792e-07
26872,13,1.2193104e-07
26873,13,1.169026e-07
26874,16,1.2375875e-07
26875,17,1.4722055e-07
26876,16,1.2232971e-07
26877,16,1.1757126e-07
26878,13,1.2899062e-07
26879,13,1.1939553e-07
26880,13,1.2035496e-07
26881,16,1.2725938e-07
26882,16,1.2883214e-07
26883,16,1.1942094e-07
26884,16,1.2028113e-07
26885,13,1.2587408e-07
26886,13,1.20344e-07
26887,13,1.1952567e-07
26888,16,1.2876784e-07
26889,16,1.2667117e-07
26890,16,1.204187e-07
26891,16,1.1990591e-07
26892,13,1.2045977e-07
26893,13,1.2860902e-07
26894,13,1.2935831e-07
26895,16,1.1980703e-07
26896,16,1.205514e-07
26897,16,1.2877396e-07
26898,16,1.2936381e-07
26899,13,1.1913135e-07
26900,13,1.2959738e-07
26901,13,1.2931751e-07
26902,16,1.2045323e-07
26903,16,1.1946876e-07
26904,16,1.2935325e-07
26905,16,1.286378e-07
26906,13,1.2259941e-07
26907,14,1.4849294e-07
26908,13,1.246369e-07
26909,16,1.1832435e-07
26910,16,1.2297508e-07
26911,17,1.4877709e-07
26912,16,1.2490528e-07
26913,13,1.1786223e-07
26914,13,1.2384029e-07
26915,14,1.4640795e-07
26916,16,1.2242776e-07
26917,16,1.1771897e-07
26918,16,1.243564e-07
26919,17,1.484019e-07
26920,13,1.2113553e-07
26921,13,1.170762e-07
26922,13,1.1411839e-07
26923,16,1.2463683e-07
26924,16,1.2113227e-07
26925,16,1.1791298e-07
26926,16,1.1410718e-07
26927,13,1.2424477e-07
26928,13,1.1458705e-07
26929,13,1.1844193e-07
26930,16,1.2112086e-07
26931,16,1.2423931e-07
26932,16,1.1430574e-07
26933,16,1.1773116e-07
26934,13,1.2128711e-07
26935,13,1.1767512e-07
26936,13,1.2437752e-07
26937,16,1.143174e-07
26938,16,1.2104981e-07
26939,16,1.1854277e-07
26940,16,1.2396278e-07
26941,13,1.1504433e-07
26942,13,1.2422751e-07
26943,13,1.193634e-07
26944,16,1.2169863e-07
26945,16,1.1555809e-07
26946,16,1.2451781e-07
26947,16,1.2124142e-07
26948,13,1.221978e-07
26949,14,1.471389e-07
26950,13,1.1723616e-07
26951,16,1.2370986e-07
26952,16,1.2230508e-07
26953,17,1.4706044e-07
26954,16,1.1741146e-07
26955,13,1.2299483e-07
26956,13,1.1568584e-07
26957,14,1.4482883e-07
26958,16,1.2105435e-07
26959,16,1.2262514e-07
26960,16,1.1549549e-07
26961,17,1.4419395e-07
26962,13,1.2038659e-07
26963,13,1.2695834e-07
26964,13,1.193143e-07
26965,16,1.2895627e-07
26966,16,1.2046478e-07
26967,16,1.2722806e-07
26968,16,1.1997526e-07
26969,13,1.2908783e-07
26970,13,1.1867452e-07
26971,13,1.2735988e-07
26972,16,1.2033537e-07
26973,16,1.2914587e-07
26974,16,1.1943581e-07
26975,16,1.2835165e-07
26976,16,1.1929164e-07
26977,16,1.2749205e-07
26978,16,1.1900061e-07
26979,16,1.2819379e-07
26980,16,1.1869547e-07
26981,16,1.2063871e-07
26982,16,1.1110026e-07
26983,16,1.2874927e-07
26984,16,1.1876452e-07
26985,16,1.2763135e-07
26986,16,1.1809783e-07
26987,16,1.2826989e-07
26988,16,1.1091012e-07
26989,16,1.2065613e-07
26990,16,1.166013e-07
26991,16,1.2274709e-07
26992,16,1.2087677e-07
26993,17,1.4815444e-07
26994,16,1.1590343e-07
26995,16,1.2247182e-07
26996,16,1.131012e-07
26997,17,1.4920722e-07
26998,16,1.216284e-07
26999,16,1.2424602e-07
27000,16,1.1712431e-07
27001,17,1.4905513e-07
27002,16,1.136379e-07
27003,16,1.2285834e-07
27004,16,1.2358939e-07
27005,16,1.1373208e-07
27006,16,1.1999025e-07
27007,16,1.1978332e-07
27008,16,1.2248995e-07
27009,16,1.1244665e-07
27010,16,1.120195e-07
27011,16,1.1881702e-07
27012,16,1.1991709e-07
27013,16,1.1330812e-07
27014,16,1.2223365e-07
27015,16,1.189798e-07
27016,16,1.1178288e-07
27017,16,1.1209725e-07
27018,16,1.1378691e-07
27019,16,1.2355637e-07
27020,16,1.2008332e-07
27021,16,1.1804678e-07
27022,16,1.1252628e-07
27023,16,1.2239341e-07
27024,16,1.1210781e-07
27025,16,1.2018395e-07
27026,16,1.2017838e-07
27027,16,1.2377145e-07
27028,16,1.128734e-07
27029,16,1.1913342e-07
27030,16,1.121297e-07
27031,16,1.2232416e-07
27032,16,1.2355494e-07
27033,16,1.1606256e-07
27034,16,1.2108565e-07
27035,17,1.5037867e-07
27036,16,1.2344976e-07
27037,16,1.1701201e-07
27038,16,1.1365704e-07
27039,17,1.4892086e-07
27040,16,1.2171321e-07
27041,16,1.1802117e-07
27042,16,1.232461e-07
27043,17,1.4996799e-07
27044,16,1.1398354e-07
27045,16,1.1830716e-07
27046,16,1.2749179e-07
27047,16,1.1913553e-07
27048,16,1.1888033e-07
27049,16,1.2867574e-07
27050,16,1.206963e-07
27051,16,1.1799812e-07
27052,16,1.1091882e-07
27053,16,1.2815154e-07
27054,16,1.1909106e-07
27055,16,1.194909e-07
27056,16,1.2103079e-07
27057,16,1.2944137e-07
27058,16,1.1112043e-07
27059,16,1.1848826e-07
27060,16,1.1908369e-07
27061,16,1.286356e-07
27062,16,1.279364e-07
27063,16,1.1816115e-07
27064,16,1.1107619e-07
27065,16,1.2935369e-07
27066,16,1.2106145e-07
27067,16,1.1926999e-07
27068,16,1.2799495e-07
27069,16,1.2922517e-07
27070,16,1.1124784e-07
27071,16,1.1871252e-07
27072,16,1.2133191e-07
27073,16,1.3051475e-07
27074,16,1.2185604e-07
27075,17,1.4954181e-07
27076,16,1.2413239e-07
27077,16,1.1709229e-07
27078,16,1.1367095e-07
27079,17,1.5048872e-07
27080,16,1.2287023e-07
27081,16,1.1625611e-07
27082,16,1.2330007e-07
27083,17,1.4846584e-07
27084,16,1.1296704e-07
27085,16,1.1572733e-07
27086,16,1.2236938e-07
27087,17,1.4747902e-07
27088,16,1.1964429e-07
27089,16,1.1825369e-07
27090,16,1.1295113e-07
27091,16,1.2153741e-07
27092,16,1.1144144e-07
27093,16,1.1744571e-07
27094,16,1.1154196e-07
27095,16,1.2314899e-07
27096,16,1.1342005e-07
27097,16,1.1812678e-07
27098,16,1.1210203e-07
27099,16,1.2237408e-07
27100,16,1.1262626e-07
27101,16,1.2003035e-07
27102,16,1.195979e-07
27103,16,1.1850478e-07
27104,16,1.23067e-07
27105,16,1.1188771e-07
27106,16,1.1166376e-07
27107,16,1.1726756e-07
27108,16,1.2216427e-07
27109,16,1.1448572e-07
27110,16,1.2333866e-07
27111,16,1.214045e-07
27112,16,1.1227194e-07
27113,16,1.1334332e-07
27114,16,1.224173e-07
27115,16,1.2157799e-07
27116,16,1.2153651e-07
27117,17,1.485072e-07
27118,16,1.1757966e-07
27119,16,1.2359518e-07
27120,16,1.1399258e-07
27121,17,1.5118958e-07
27122,16,1.1819904e-07
27123,16,1.2182401e-07
27124,16,1.1547778e-07
27125,17,1.4524963e-07
27126,16,1.1281102e-07
27127,16,1.2196689e-07
27128,16,1.1570876e-07
27129,17,1.4695834e-07
27130,16,1.1893552e-07
27131,16,1.2748237e-07
27132,16,1.1908164e-07
27133,16,1.2071932e-07
27134,16,1.1106474e-07
27135,16,1.2791654e-07
27136,16,1.181432e-07
27137,16,1.2757752e-07
27138,16,1.1913785e-07
27139,16,1.2799784e-07
27140,16,1.1090457e-07
27141,16,1.2051366e-07
27142,16,1.180338e-07
27143,16,1.2737722e-07
