meshKey,ecmCellId,weight
0,2,7.9388526e-08
1,2,1.0146711e-07
2,2,1.071886e-07
3,2,9.6104353e-08
4,2,4.319774e-08
5,2,5.5969089e-08
6,2,1.3539356e-07
7,2,1.2365058e-07
8,2,1.2455205e-07
9,2,1.2599783e-07
10,2,1.2626086e-07
11,2,1.2558819e-07
12,2,1.2737643e-07
13,2,1.1749622e-07
14,2,1.0578942e-07
15,2,1.2269303e-07
16,2,1.3108827e-07
17,2,1.3185089e-07
18,1,6.342996445078197e-09
18,2,1.2300523355492178e-07
19,1,7.277328971795048e-08
19,2,5.4358180282049544e-08
20,1,1.0919172326298277e-07
20,2,1.6994346737017232e-08
21,1,1.1644100363000185e-07
21,2,9.676416369998155e-09
22,1,9.467793069997423e-08
22,2,3.188106930002575e-08
23,1,4.3359184423305566e-08
23,2,8.470645557669443e-08
24,2,1.2995534e-07
25,2,1.3145016e-07
26,2,1.2063286e-07
27,2,7.3683935e-08
28,2,5.4525047e-08
29,2,1.3562173e-07
30,2,1.3674298e-07
31,1,2.4977274047826958e-08
31,2,1.0671250595217304e-07
32,1,1.2819668e-07
33,1,1.2637383e-07
34,1,1.2554687e-07
35,1,1.2524293e-07
36,1,1.2520661e-07
37,1,1.2535653e-07
38,1,1.2584079e-07
39,1,1.2690847e-07
40,1,9.265294227515913e-08
40,2,3.663188772484087e-08
41,2,1.3299934e-07
42,2,1.3733666e-07
43,2,9.8295391e-08
44,2,1.1251607e-07
45,2,1.3178801e-07
46,1,8.412459532893824e-08
46,2,4.6966484671061754e-08
47,1,1.2748776e-07
48,1,1.2581105e-07
49,1,1.2526017e-07
50,1,1.2508514e-07
51,1,1.2503005e-07
52,1,1.250227e-07
53,1,1.2504845e-07
54,1,1.2513796e-07
55,1,1.2541193e-07
56,1,1.2631564e-07
57,1,1.2879739e-07
58,2,1.322625e-07
59,2,1.2415224e-07
60,2,9.8544083e-08
61,2,1.2298081e-07
62,2,1.3246067e-07
63,1,8.504250067603338e-08
63,2,4.4109079323966634e-08
64,1,1.2678381e-07
65,1,1.2556784e-07
66,1,1.2515232e-07
67,0,5.3088256896313126e-08
67,1,7.195681310368689e-08
68,0,1.2501553e-07
69,0,1.2500589e-07
70,0,1.250041e-07
71,0,1.2500811e-07
72,0,1.0291691622158175e-07
72,1,2.2105333778418255e-08
73,1,1.2507072e-07
74,1,1.2526956e-07
75,1,1.2597693e-07
76,1,1.2763359e-07
77,2,1.3040859e-07
78,2,1.2836324e-07
79,2,5.0678088e-08
80,2,5.7589274e-08
81,2,1.3146191e-07
82,1,2.61073297485171e-08
82,2,1.0450025025148291e-07
83,1,1.2685372e-07
84,1,1.2545613e-07
85,1,1.2510962e-07
86,0,1.2503181e-07
87,0,1.250131e-07
88,0,1.2500686e-07
89,0,1.2500422e-07
90,0,1.2500345e-07
91,0,1.2500425e-07
92,0,1.2500711e-07
93,0,1.2501549e-07
94,0,5.3080687083019996e-08
94,1,7.196830291697999e-08
95,1,1.2520422e-07
96,1,1.2588108e-07
97,1,1.2829534e-07
98,2,1.321512e-07
99,2,1.4026682e-07
100,2,1.3555853e-07
101,2,1.3247227e-07
102,1,1.2809626e-07
103,1,1.2570361e-07
104,1,1.2512552e-07
105,0,1.2502877e-07
106,0,1.2501191e-07
107,0,1.2500731e-07
108,0,1.2500528e-07
109,0,1.250042e-07
110,0,1.250038e-07
111,0,1.2500395e-07
112,0,1.2500467e-07
113,0,1.2500651e-07
114,0,1.25013e-07
115,0,3.357995171366449e-08
115,1,9.14688282863355e-08
116,1,1.2528439e-07
117,1,1.2650537e-07
118,1,3.420095954078681e-08
118,2,9.58478804592132e-08
119,2,1.290424e-07
120,2,5.0282325e-08
121,2,1.2518832e-07
122,1,6.552331638989714e-09
122,2,1.227514283610103e-07
123,1,1.2635581e-07
124,1,1.2524549e-07
125,0,5.309066544619367e-08
125,1,7.194990455380632e-08
126,0,1.2501221e-07
127,0,1.2500719e-07
128,0,1.2500557e-07
129,0,1.2500471e-07
130,0,1.250042e-07
131,0,1.2500395e-07
132,0,1.2500391e-07
133,0,1.2500407e-07
134,0,1.2500449e-07
135,0,1.2500606e-07
136,0,1.2501564e-07
137,1,1.2509022e-07
138,1,1.2558258e-07
139,1,1.2753731e-07
140,2,1.2980837e-07
141,2,1.2258884e-07
142,2,7.8232913e-08
143,2,1.249067e-07
144,1,7.276999571093314e-08
144,2,5.4250484289066856e-08
145,1,1.2552358e-07
146,1,1.250809e-07
147,0,1.2501479e-07
148,0,1.2500672e-07
149,0,1.2500527e-07
150,0,1.2500471e-07
151,0,1.2500437e-07
152,0,1.2500409e-07
153,0,1.2500393e-07
154,0,1.2500384e-07
155,0,1.2500378e-07
156,0,1.2500374e-07
157,0,1.2500387e-07
158,0,1.2500616e-07
159,0,2.3941932432276818e-08
159,1,1.0108690756772319e-07
160,1,1.2521498e-07
161,1,1.2617238e-07
162,2,1.2780729e-07
163,2,1.1077281e-07
164,2,1.0178769e-07
165,2,1.2623669e-07
166,1,1.091465571037688e-07
166,2,1.712613289623119e-08
167,1,1.2524801e-07
168,1,1.2503035e-07
169,0,1.2500606e-07
170,0,1.250043e-07
171,0,1.2500425e-07
172,0,1.2500422e-07
173,0,1.2500411e-07
174,0,1.2500397e-07
175,0,1.2500386e-07
176,0,1.2500374e-07
177,0,1.2500361e-07
178,0,1.2500335e-07
179,0,1.2500296e-07
180,0,1.2500285e-07
181,0,7.284984750139585e-08
181,1,5.2159832498604156e-08
182,1,1.2508866e-07
183,1,1.2560948e-07
184,2,1.2693808e-07
185,2,1.1821837e-07
186,2,1.0380439e-07
187,2,1.2700793e-07
188,1,1.1639443819901733e-07
188,2,9.868031800982679e-09
189,1,1.2522045e-07
190,1,1.2502376e-07
191,0,1.2500435e-07
192,0,1.2500357e-07
193,0,1.2500386e-07
194,0,1.2500398e-07
195,0,1.2500395e-07
196,0,1.2500387e-07
197,0,1.2500377e-07
198,0,1.2500363e-07
199,0,1.2500346e-07
200,0,1.2500315e-07
201,0,1.250026e-07
202,0,1.250021e-07
203,0,8.281300157848396e-08
203,1,4.2193768421516026e-08
204,1,1.2507237e-07
205,1,1.2555094e-07
206,2,1.270547e-07
207,2,1.2002569e-07
208,2,9.3432474e-08
209,2,1.2515502e-07
210,1,9.466831641675672e-08
210,2,3.180182358324329e-08
211,1,1.2533794e-07
212,1,1.2504643e-07
213,0,1.2500802e-07
214,0,1.2500429e-07
215,0,1.2500398e-07
216,0,1.2500394e-07
217,0,1.2500387e-07
218,0,1.2500376e-07
219,0,1.2500365e-07
220,0,1.2500352e-07
221,0,1.2500335e-07
222,0,1.2500307e-07
223,0,1.2500272e-07
224,0,1.2500329e-07
225,0,5.3107850057585436e-08
225,1,7.190734994241455e-08
226,1,1.2513084e-07
227,1,1.2579941e-07
228,2,1.2712074e-07
229,2,1.144589e-07
230,2,4.2063251e-08
231,2,1.2652838e-07
232,1,4.345569884300332e-08
232,2,8.449132115699668e-08
233,1,1.2584209e-07
234,1,1.2514069e-07
235,0,1.0291635976351466e-07
235,1,2.2105790236485338e-08
236,0,1.2500698e-07
237,0,1.2500467e-07
238,0,1.2500411e-07
239,0,1.2500382e-07
240,0,1.2500362e-07
241,0,1.2500347e-07
242,0,1.2500336e-07
243,0,1.2500324e-07
244,0,1.2500314e-07
245,0,1.2500354e-07
246,0,1.2500801e-07
247,1,1.2504766e-07
248,1,1.2534651e-07
249,1,1.2674232e-07
250,2,1.2907203e-07
251,2,1.3371657e-07
252,2,1.1759274e-07
253,2,1.3041253e-07
254,1,1.2709015e-07
255,1,1.2542291e-07
256,1,1.2506729e-07
257,0,1.250147e-07
258,0,1.2500652e-07
259,0,1.2500456e-07
260,0,1.2500379e-07
261,0,1.2500338e-07
262,0,1.2500317e-07
263,0,1.2500309e-07
264,0,1.2500319e-07
265,0,1.2500373e-07
266,0,1.2500661e-07
267,0,1.0290775889893445e-07
267,1,2.211723110106556e-08
268,1,1.2515694e-07
269,1,1.2592717e-07
270,1,8.596688460583777e-08
270,2,4.255599539416223e-08
271,2,1.2914035e-07
272,2,8.9695882e-08
273,2,1.0418968e-07
274,2,1.3259882e-07
275,1,9.261535340775841e-08
275,2,3.674265659224159e-08
276,1,1.2616536e-07
277,1,1.2522797e-07
278,0,5.308080719510309e-08
278,1,7.19655728048969e-08
279,0,1.2501362e-07
280,0,1.2500639e-07
281,0,1.2500401e-07
282,0,1.2500299e-07
283,0,1.2500262e-07
284,0,1.2500276e-07
285,0,1.2500367e-07
286,0,1.25007e-07
287,0,1.2502177e-07
288,1,1.251016e-07
289,1,1.2553888e-07
290,1,1.2738743e-07
291,2,1.3144222e-07
292,2,1.2340471e-07
293,2,1.1925811e-07
294,2,1.3161051e-07
295,1,1.2780341e-07
296,1,1.2586008e-07
297,1,1.2522524e-07
298,0,3.357617197603622e-08
298,1,9.147978802396377e-08
299,0,1.2501692e-07
300,0,1.2500647e-07
301,0,1.2500295e-07
302,0,1.2500208e-07
303,0,1.2500322e-07
304,0,1.2500831e-07
305,0,1.029070909749513e-07
305,1,2.2120639025048704e-08
306,1,1.2511513e-07
307,1,1.2548408e-07
308,1,1.2672956e-07
309,1,6.284882320825825e-08
309,2,6.725670679174176e-08
310,2,1.3253695e-07
311,2,1.0306018e-07
312,2,7.389638e-08
313,2,1.3043627e-07
314,2,1.3029678e-07
315,1,1.2818541e-07
316,1,1.2614051e-07
317,1,1.2532473e-07
318,1,1.2509389e-07
319,0,2.39405641521542e-08
319,1,1.0108904584784579e-07
320,0,7.284932420360555e-08
320,1,5.2160725796394454e-08
321,0,8.281303329882674e-08
321,1,4.2193536701173256e-08
322,0,5.310881177244638e-08
322,1,7.190503822755361e-08
323,1,1.2504647e-07
324,1,1.2516611e-07
325,1,1.2563207e-07
326,1,1.2714157e-07
327,1,9.214730345599042e-08
327,2,3.773716654400959e-08
328,2,1.3081089e-07
329,2,1.4698994e-07
330,2,1.0870338e-07
331,2,1.3244554e-07
332,2,1.33863e-07
333,1,1.2906927e-07
334,1,1.2659092e-07
335,1,1.255924e-07
336,1,1.2522044e-07
337,1,1.2509233e-07
338,1,1.2507257e-07
339,1,1.2511854e-07
340,1,1.2532369e-07
341,1,1.2590757e-07
342,1,1.2752084e-07
343,1,6.169191560123922e-08
343,2,6.971496439876077e-08
344,2,1.3706198e-07
345,2,1.1191324e-07
346,2,4.9684688e-08
347,2,8.3497073e-08
348,2,1.2896035e-07
349,2,1.3248251e-07
350,1,3.4069305216266934e-08
350,2,9.588059478373307e-08
351,1,1.2759218e-07
352,1,1.2621545e-07
353,1,1.2563547e-07
354,1,1.2556419e-07
355,1,1.2572499e-07
356,1,1.2659887e-07
357,1,8.613255392814998e-08
357,2,4.2185326071850035e-08
358,2,1.3101915e-07
359,2,1.3070405e-07
360,2,1.43371e-07
361,2,2.1039979e-08
362,2,5.2014797e-08
363,2,1.398122e-07
364,2,1.2921138e-07
365,2,1.2973145e-07
366,2,1.2798941e-07
367,2,1.2704215e-07
368,2,1.2716593e-07
369,2,1.2673634e-07
370,2,1.2856022e-07
371,2,1.2875436e-07
372,2,1.2326307e-07
373,2,1.0480239e-07
374,2,4.9725769e-08
375,2,1.2112181e-07
376,2,1.1147916e-07
377,2,1.1751468e-07
378,2,1.1985432e-07
379,2,1.1342702e-07
380,2,1.3211045e-07
381,2,9.1603123e-08
382,2,1.0505383e-07
383,2,1.2620356e-07
384,2,1.2761064e-07
385,2,1.2023707e-07
386,2,6.6075153e-08
387,2,7.9147796e-08
388,2,1.5883248e-07
389,2,1.2961007e-07
390,2,1.026525e-06
391,2,9.9085023e-07
392,2,9.9069737e-07
393,2,1.0275018e-06
394,2,1.1752605e-07
395,2,1.2500915e-07
396,2,1.2552549e-07
397,2,1.4751205e-07
398,2,1.1076711e-06
399,1,2.4661626806577866e-07
399,2,7.895387319342212e-07
400,1,6.051027460825858e-07
400,2,4.3212425391741403e-07
401,1,8.186297772947194e-07
401,2,1.4500113270528076e-07
402,1,9.452311724435792e-07
402,2,4.2035927556420794e-08
403,1,9.452832120392774e-07
403,2,4.2059337960722614e-08
404,1,8.187433881803004e-07
404,2,1.4506424181969944e-07
405,1,6.049532265067306e-07
405,2,4.3105697349326945e-07
406,1,2.472294868661434e-07
406,2,7.871342131338566e-07
407,2,1.1067495e-06
408,2,1.1726158e-07
409,2,9.6298792e-08
410,2,8.5257107e-08
411,2,1.1729065e-07
412,1,1.3619231569968255e-07
412,2,9.729041843003174e-07
413,1,6.982221303489665e-07
413,2,2.956202596510334e-07
414,1,1.0073798e-06
415,1,9.9753985e-07
416,1,9.8972136e-07
417,1,9.8709655e-07
418,1,9.8711366e-07
419,1,9.8965541e-07
420,1,9.969802e-07
421,1,1.0063055e-06
422,1,6.991179625166006e-07
422,2,2.9375171748339945e-07
423,1,1.3852223144587716e-07
423,2,9.724154685541228e-07
424,2,1.2154976e-07
425,2,1.3521625e-07
426,2,1.1694996e-07
427,1,2.7144374105005374e-07
427,2,7.960329589499462e-07
428,1,9.305072823532951e-07
428,2,5.0406707646704797e-08
429,1,1.0013622e-06
430,1,9.9523325e-07
431,1,9.9146129e-07
432,0,1.5990542438301496e-07
432,1,8.290041356169849e-07
433,0,3.1135813663581524e-07
433,1,6.763871233641847e-07
434,0,3.11366535629681e-07
434,1,6.76373664370319e-07
435,0,1.599411602587543e-07
435,1,8.289122997412456e-07
436,1,9.912432e-07
437,1,9.9479796e-07
438,1,1.0007436e-06
439,1,9.313316634499762e-07
439,2,4.907414655002393e-08
440,1,2.7312511578574283e-07
440,2,7.944630842142571e-07
441,2,1.116984e-07
442,2,1.17389e-07
443,2,1.5028547e-07
444,1,1.4110062119964536e-07
444,2,9.650428788003546e-07
445,1,9.304468932940806e-07
445,2,4.679589670591936e-08
446,1,9.9696206e-07
447,1,9.9322459e-07
448,0,3.087370146953597e-07
448,1,6.822850553046403e-07
449,0,7.844992774324019e-07
449,1,2.0485588256759798e-07
450,0,9.8834306e-07
451,0,9.8785534e-07
452,0,9.8784865e-07
453,0,9.8831139e-07
454,0,7.845233243472644e-07
454,1,2.0474625565273547e-07
455,0,3.0885101409195696e-07
455,1,6.820057059080431e-07
456,1,9.929477e-07
457,1,9.9650575e-07
458,1,9.308153544111267e-07
458,2,4.564820558887331e-08
459,1,1.420941929854907e-07
459,2,9.637681070145093e-07
460,2,1.2308944e-07
461,2,7.4920071e-08
462,2,8.1179762e-08
463,2,1.1091794e-06
464,1,6.993722761345101e-07
464,2,2.9226963386548974e-07
465,1,9.9929184e-07
466,1,9.9267067e-07
467,0,4.632943850891364e-07
467,1,5.272132349108636e-07
468,0,9.8927086e-07
469,0,9.8854672e-07
470,0,9.8809872e-07
471,0,9.8787621e-07
472,0,9.87871e-07
473,0,9.8807952e-07
474,0,9.8850409e-07
475,0,9.8919265e-07
476,0,4.6337407902385475e-07
476,1,5.269946909761453e-07
477,1,9.9240429e-07
478,1,9.9875819e-07
479,1,6.990760382410593e-07
479,2,2.9155112175894065e-07
480,2,1.1068221e-06
481,2,1.5295917e-07
482,2,1.6041942e-07
483,1,2.475701601596461e-07
483,2,7.89885839840354e-07
484,1,1.0068296e-06
485,1,9.9457267e-07
486,0,3.0883345728005073e-07
486,1,6.819224827199492e-07
487,0,9.8921738e-07
488,0,9.8855347e-07
489,0,9.88189e-07
490,0,9.8796846e-07
491,0,9.8785807e-07
492,0,9.8785418e-07
493,0,9.8795523e-07
494,0,9.8816226e-07
495,0,9.8850684e-07
496,0,9.891379e-07
497,0,3.0888376621545326e-07
497,1,6.817295037845467e-07
498,1,9.9428826e-07
499,1,1.006132e-06
500,1,2.478172129490878e-07
500,2,7.880315870509122e-07
501,2,1.2389753e-07
502,2,7.1532864e-08
503,2,1.2914241e-07
504,1,6.05206266299706e-07
504,2,4.3207283370029405e-07
505,1,9.9737287e-07
506,1,9.9129195e-07
507,0,7.84496420005202e-07
507,1,2.0477888999479811e-07
508,0,9.8852556e-07
509,0,9.8818743e-07
510,0,9.8799937e-07
511,0,9.8788512e-07
512,0,9.8782744e-07
513,0,9.8782455e-07
514,0,9.8787566e-07
515,0,9.8798133e-07
516,0,9.8815728e-07
517,0,9.8847796e-07
518,0,7.845123637153994e-07
518,1,2.0468838628460054e-07
519,1,9.9116385e-07
520,1,9.9709492e-07
521,1,6.055018602229284e-07
521,2,4.3119383977707167e-07
522,2,1.2123774e-07
523,2,1.3733879e-07
524,2,1.032912e-07
525,2,1.0280784e-06
526,1,8.185521621559138e-07
526,2,1.4550402784408617e-07
527,1,9.8981625e-07
528,0,1.5987615025502776e-07
528,1,8.290505097449721e-07
529,0,9.8834902e-07
530,0,9.881059e-07
531,0,9.8797509e-07
532,0,9.8788873e-07
533,0,9.8783082e-07
534,0,9.8780013e-07
535,0,9.8779817e-07
536,0,9.8782441e-07
537,0,9.8787691e-07
538,0,9.8795614e-07
539,0,9.88078e-07
540,0,9.8831141e-07
541,0,1.5994471606994832e-07
541,1,8.289364539300517e-07
542,1,9.8977508e-07
543,1,8.187862686793314e-07
543,2,1.4532006132066872e-07
544,2,1.0287366e-06
545,2,1.0940039e-07
546,2,1.2590034e-07
547,2,9.9253516e-07
548,1,9.451626940788571e-07
548,2,4.2974735921142796e-08
549,1,9.8738714e-07
550,0,3.1130052071362e-07
550,1,6.7654716928638e-07
551,0,9.8789889e-07
552,0,9.8789873e-07
553,0,9.8787119e-07
554,0,9.8783474e-07
555,0,9.8780329e-07
556,0,9.8778497e-07
557,0,9.877838e-07
558,0,9.8779952e-07
559,0,9.8782791e-07
560,0,9.8786034e-07
561,0,9.878833e-07
562,0,9.8787914e-07
563,0,3.113565568742191e-07
563,1,6.764677031257808e-07
564,1,9.8734767e-07
565,1,9.452549143232932e-07
565,2,4.27571356767068e-08
566,2,9.9242563e-07
567,2,1.1838552e-07
568,2,1.2782506e-07
569,2,9.9290915e-07
570,1,9.452205521983e-07
570,2,4.296656780170002e-08
571,1,9.8738742e-07
572,0,3.1130461487098296e-07
572,1,6.765392851290172e-07
573,0,9.8789545e-07
574,0,9.8789619e-07
575,0,9.8786971e-07
576,0,9.8783419e-07
577,0,9.8780357e-07
578,0,9.8778597e-07
579,0,9.8778558e-07
580,0,9.8780224e-07
581,0,9.8783174e-07
582,0,9.8786559e-07
583,0,9.8788983e-07
584,0,9.8788613e-07
585,0,3.11346214071567e-07
585,1,6.76483125928433e-07
586,1,9.8734732e-07
587,1,9.45198966951893e-07
587,2,4.2790313048107016e-08
588,2,9.920842e-07
589,2,1.1994329e-07
590,2,1.2151495e-07
591,2,1.0285632e-06
592,1,8.186500039826986e-07
592,2,1.4539287601730132e-07
593,1,9.8978617e-07
594,0,1.598834534431476e-07
594,1,8.290271365568525e-07
595,0,9.8833701e-07
596,0,9.8809725e-07
597,0,9.8797003e-07
598,0,9.8788689e-07
599,0,9.8783158e-07
600,0,9.8780326e-07
601,0,9.8780354e-07
602,0,9.8783262e-07
603,0,9.8788877e-07
604,0,9.8797291e-07
605,0,9.8810033e-07
606,0,9.8833723e-07
607,0,1.5991723996370216e-07
607,1,8.289837700362979e-07
608,1,9.8976636e-07
609,1,8.185873448945691e-07
609,2,1.454271951054309e-07
610,2,1.027926e-06
611,2,1.1369173e-07
612,2,6.6659521e-08
613,2,1.1805344e-07
614,1,6.052454343581071e-07
614,2,4.317678656418929e-07
615,1,9.9726836e-07
616,1,9.9125441e-07
617,0,7.844859207456461e-07
617,1,2.0476341925435394e-07
618,0,9.8850734e-07
619,0,9.8817705e-07
620,0,9.8799562e-07
621,0,9.8788633e-07
622,0,9.8783271e-07
623,0,9.8783361e-07
624,0,9.8788966e-07
625,0,9.8800266e-07
626,0,9.8818949e-07
627,0,9.8852573e-07
628,0,7.845136305369326e-07
628,1,2.0475279946306743e-07
629,1,9.9123441e-07
630,1,9.9713601e-07
631,1,6.052400271736931e-07
631,2,4.315324728263069e-07
632,2,1.114216e-07
633,2,1.5605802e-07
634,2,1.2536039e-07
635,1,2.470692783506207e-07
635,2,7.888880216493793e-07
636,1,1.0065539e-06
637,1,9.944859e-07
638,0,3.0883515192554823e-07
638,1,6.818617680744517e-07
639,0,9.891786e-07
640,0,9.8853212e-07
641,0,9.881807e-07
642,0,9.8796962e-07
643,0,9.8786569e-07
644,0,9.8786696e-07
645,0,9.8797497e-07
646,0,9.8819428e-07
647,0,9.8856065e-07
648,0,9.8923206e-07
649,0,3.0884682148279943e-07
649,1,6.819330185172005e-07
650,1,9.9454171e-07
651,1,1.0063106e-06
652,1,2.475932023323574e-07
652,2,7.876402976676426e-07
653,2,1.2163356e-07
654,2,1.1374335e-07
655,2,1.2571146e-07
656,2,1.1071512e-06
657,1,6.991731368831798e-07
657,2,2.922252731168203e-07
658,1,9.9912566e-07
659,1,9.9252275e-07
660,0,4.63317898109535e-07
660,1,5.270946718904649e-07
661,0,9.8922016e-07
662,0,9.8852659e-07
663,0,9.8809834e-07
664,0,9.8788635e-07
665,0,9.8788659e-07
666,0,9.881028e-07
667,0,9.8854635e-07
668,0,9.89276e-07
669,0,4.633191211370919e-07
669,1,5.272297688629081e-07
670,1,9.9281997e-07
671,1,9.9964322e-07
672,1,6.993825675223426e-07
672,2,2.925318924776573e-07
673,2,1.1074257e-06
674,2,1.2327651e-07
675,2,1.1641419e-07
676,1,1.418584365858468e-07
676,2,9.649265634141531e-07
677,1,9.307055654385739e-07
677,2,4.605898456142623e-08
678,1,9.9655744e-07
679,1,9.929646e-07
680,0,3.087733946455513e-07
680,1,6.821143053544487e-07
681,0,7.844774601821771e-07
681,1,2.0482537981782286e-07
682,0,9.8833917e-07
683,0,9.878702e-07
684,0,9.8786411e-07
685,0,9.8832876e-07
686,0,7.845188272463428e-07
686,1,2.0479551275365718e-07
687,0,3.0878596303231004e-07
687,1,6.821850469676899e-07
688,1,9.9324818e-07
689,1,9.9729175e-07
690,1,9.309435455800055e-07
690,2,4.710037441999448e-08
691,1,1.4104712535426662e-07
691,2,9.667468746457334e-07
692,2,1.137376e-07
693,2,1.2331115e-07
694,2,9.2807033e-08
695,2,1.219269e-07
696,1,2.7232209955051936e-07
696,2,7.938975004494806e-07
697,1,9.309536719707823e-07
697,2,4.928741802921761e-08
698,1,1.0007542e-06
699,1,9.9490143e-07
700,1,9.9133578e-07
701,0,1.598768832634071e-07
701,1,8.290314467365928e-07
702,0,3.113324203957902e-07
702,1,6.764455796042097e-07
703,0,3.11356870496214e-07
703,1,6.763894495037859e-07
704,0,1.5996248393966335e-07
704,1,8.288639960603368e-07
705,1,9.9126129e-07
706,1,9.9491252e-07
707,1,1.0010714e-06
708,1,9.309527954321443e-07
708,2,5.038737456785577e-08
709,1,2.719234559547207e-07
709,2,7.971998440452795e-07
710,2,1.1188203e-07
711,2,1.6875e-07
712,2,1.3748836e-07
713,2,1.1178516e-07
714,1,1.380161446071547e-07
714,2,9.723775553928454e-07
715,1,6.989040251537701e-07
715,2,2.943290648462299e-07
716,1,1.0067581e-06
717,1,9.9731449e-07
718,1,9.8978419e-07
719,1,9.8720586e-07
720,1,9.8709659e-07
721,1,9.8946042e-07
722,1,9.9694124e-07
723,1,1.0063965e-06
724,1,6.985397635476419e-07
724,2,2.941431864523581e-07
725,1,1.3680369530764866e-07
725,2,9.725660046923513e-07
726,2,1.1246749e-07
727,2,1.1436759e-07
728,2,7.2239746e-08
729,2,1.0962271e-07
730,2,1.2268389e-07
731,2,1.108162e-06
732,1,2.4684863065882484e-07
732,2,7.887746693411751e-07
733,1,6.051002864631014e-07
733,2,4.3217161353689857e-07
734,1,8.1849510588492e-07
734,2,1.4544922411508008e-07
735,1,9.450538897606233e-07
735,2,4.250079023937679e-08
736,1,9.451149372805226e-07
736,2,4.221958271947727e-08
737,1,8.187543987866582e-07
737,2,1.444043512133418e-07
738,1,6.061479296507061e-07
738,2,4.304587703492938e-07
739,1,2.4843278783395826e-07
739,2,7.873992121660417e-07
740,2,1.1071615e-06
741,2,1.1296796e-07
742,2,1.6725955e-07
743,2,7.1332938e-08
744,2,7.4423715e-08
745,2,1.5285903e-07
746,2,1.2382053e-07
747,2,1.2140182e-07
748,2,1.0269707e-06
749,2,9.8998834e-07
750,2,9.903967e-07
751,2,1.0267699e-06
752,2,1.1144028e-07
753,2,1.2209414e-07
754,2,1.2289466e-07
755,2,1.2070986e-07
756,2,7.1286377e-08
757,2,1.3971698e-07
758,2,1.0941055e-07
759,2,1.1759294e-07
760,2,1.1974219e-07
761,2,1.1373451e-07
762,2,1.5585251e-07
763,2,1.1574661e-07
764,2,1.0519411e-07
765,2,1.2582594e-07
766,2,1.2736081e-07
767,2,1.2105249e-07
768,2,6.6863831e-08
769,2,7.8378049e-08
770,2,1.5800113e-07
771,2,1.2868609e-07
772,2,1.0144057e-06
773,2,9.7606483e-07
774,2,9.7580929e-07
775,2,1.0141084e-06
776,2,1.1928531e-07
777,2,1.2358143e-07
778,2,1.246785e-07
779,2,1.4764244e-07
780,2,1.0896735e-06
781,1,2.499617182217e-07
781,2,7.702133817783e-07
782,1,6.139688839562382e-07
782,2,4.2341901604376184e-07
783,1,8.191950113060946e-07
783,2,1.3058193869390544e-07
784,1,9.571709050110262e-07
784,2,3.7170284988973923e-08
785,1,9.571841897913558e-07
785,2,3.714490020864404e-08
786,1,8.192337165810169e-07
786,2,1.3052756341898317e-07
787,1,6.135972299212315e-07
787,2,4.2277897007876845e-07
788,1,2.499254465051879e-07
788,2,7.690012534948121e-07
789,2,1.091189e-06
790,2,1.1838572e-07
791,2,9.0532715e-08
792,2,8.4708652e-08
793,2,1.1794168e-07
794,1,1.5494215263680674e-07
794,2,9.487310473631933e-07
795,1,6.935281185808235e-07
795,2,2.8468602141917655e-07
796,1,1.0200991e-06
797,1,1.0106926e-06
798,1,1.003056e-06
799,1,9.9903916e-07
800,1,9.9902998e-07
801,1,1.0029767e-06
802,1,1.0102878e-06
803,1,1.019609e-06
804,1,6.942810227703672e-07
804,2,2.8413067722963265e-07
805,1,1.559665142244018e-07
805,2,9.489495857755981e-07
806,2,1.2399526e-07
807,2,1.3864267e-07
808,2,1.1862355e-07
809,1,2.9322703498505747e-07
809,2,7.666266650149425e-07
810,1,9.234472979318539e-07
810,2,3.677399206814611e-08
811,1,1.0158444e-06
812,1,1.0119201e-06
813,1,1.0068028e-06
814,0,1.615148168449625e-07
814,1,8.413091831550375e-07
815,0,3.153757095430559e-07
815,1,6.85343590456944e-07
816,0,3.1539258604379555e-07
816,1,6.853125139562045e-07
817,0,1.6157560668786518e-07
817,1,8.411779933121348e-07
818,1,1.0066039e-06
819,1,1.01165e-06
820,1,1.0157141e-06
821,1,9.243405947904361e-07
821,2,3.609436520956391e-08
822,1,2.9482316404686954e-07
822,2,7.677185359531305e-07
823,2,1.1570131e-07
824,2,1.2591506e-07
825,2,1.4737877e-07
826,1,1.5685838469336357e-07
826,2,9.495635153066364e-07
827,1,9.24127156476683e-07
827,2,3.5936633523317e-08
828,1,1.0111141e-06
829,1,1.0093876e-06
830,0,3.0956817787136385e-07
830,1,6.972019221286362e-07
831,0,7.913283984154606e-07
831,1,2.128269015845394e-07
832,0,1.0021514e-06
833,0,1.0010789e-06
834,0,1.0010654e-06
835,0,1.0020998e-06
836,0,7.913846197041684e-07
836,1,2.1265578029583162e-07
837,0,3.0974029593521784e-07
837,1,6.96852604064782e-07
838,1,1.0091748e-06
839,1,1.010842e-06
840,1,9.242759102605336e-07
840,2,3.5318109739466365e-08
841,1,1.5646508288808188e-07
841,2,9.468981171119181e-07
842,2,1.2265847e-07
843,2,7.3955601e-08
844,2,7.8437006e-08
845,2,1.0912579e-06
846,1,6.94764075881153e-07
846,2,2.8392367411884704e-07
847,1,1.0154531e-06
848,1,1.0091968e-06
849,0,4.65874582402467e-07
849,1,5.40235417597533e-07
850,0,1.004135e-06
851,0,1.0026469e-06
852,0,1.001589e-06
853,0,1.0010294e-06
854,0,1.001018e-06
855,0,1.00155e-06
856,0,1.002568e-06
857,0,1.0040043e-06
858,0,4.659970628780642e-07
858,1,5.399115371219358e-07
859,1,1.0088665e-06
860,1,1.0148418e-06
861,1,6.941105668355149e-07
861,2,2.833986731644851e-07
862,2,1.0887766e-06
863,2,1.5413478e-07
864,2,1.5740152e-07
865,1,2.5013146148072665e-07
865,2,7.692005385192734e-07
866,1,1.0197474e-06
867,1,1.0115893e-06
868,0,3.09668994193484e-07
868,1,6.96940505806516e-07
869,0,1.0040967e-06
870,0,1.002689e-06
871,0,1.0017795e-06
872,0,1.0011839e-06
873,0,1.0008774e-06
874,0,1.0008683e-06
875,0,1.0011541e-06
876,0,1.0017221e-06
877,0,1.0025944e-06
878,0,1.0039512e-06
879,0,3.0976407073159674e-07
879,1,6.966258292684033e-07
880,1,1.0112677e-06
881,1,1.0193017e-06
882,1,2.5029789898029e-07
882,2,7.689682010197101e-07
883,2,1.3191928e-07
884,2,7.0379571e-08
885,2,1.2710536e-07
886,1,6.131614823210728e-07
886,2,4.230961176789273e-07
887,1,1.010405e-06
888,1,1.0066701e-06
889,0,7.913201695618355e-07
889,1,2.127838304381644e-07
890,0,1.0026409e-06
891,0,1.0017858e-06
892,0,1.0012439e-06
893,0,1.0009e-06
894,0,1.0007257e-06
895,0,1.0007188e-06
896,0,1.0008782e-06
897,0,1.0012033e-06
898,0,1.0017216e-06
899,0,1.0025494e-06
900,0,7.913863369879055e-07
900,1,2.1259916301209443e-07
901,1,1.0065438e-06
902,1,1.0103503e-06
903,1,6.137567091713305e-07
903,2,4.2291849082866954e-07
904,2,1.291045e-07
905,2,1.3398478e-07
906,2,1.0528847e-07
907,2,1.0143591e-06
908,1,8.187580967266857e-07
908,2,1.3130396327331434e-07
909,1,1.0032332e-06
910,0,1.6140420307441762e-07
910,1,8.415101969255825e-07
911,0,1.0022059e-06
912,0,1.0016267e-06
913,0,1.0012085e-06
914,0,1.0009115e-06
915,0,1.0007137e-06
916,0,1.0006113e-06
917,0,1.0006067e-06
918,0,1.0006991e-06
919,0,1.0008854e-06
920,0,1.0011691e-06
921,0,1.0015754e-06
922,0,1.0021524e-06
923,0,1.6158012822021698e-07
923,1,8.413102717797831e-07
924,1,1.0033254e-06
925,1,8.193702870240748e-07
925,2,1.3112585297592515e-07
926,2,1.0158217e-06
927,2,1.132775e-07
928,2,1.2587268e-07
929,2,9.772763e-07
930,1,9.569066485837964e-07
930,2,3.8302721416203445e-08
931,1,9.9950874e-07
932,0,3.1524369966573527e-07
932,1,6.857044003342647e-07
933,0,1.0011976e-06
934,0,1.0010964e-06
935,0,1.0009166e-06
936,0,1.0007468e-06
937,0,1.0006199e-06
938,0,1.0005514e-06
939,0,1.0005489e-06
940,0,1.0006118e-06
941,0,1.0007326e-06
942,0,1.0008957e-06
943,0,1.0010707e-06
944,0,1.001174e-06
945,0,3.153951807202593e-07
945,1,6.855499192797406e-07
946,1,9.9956547e-07
947,1,9.572902853443798e-07
947,2,3.812475465562009e-08
948,2,9.778813e-07
949,2,1.2810922e-07
950,2,1.2735224e-07
951,2,9.7757241e-07
952,1,9.57012573091506e-07
952,2,3.8306576908494165e-08
953,1,9.9954168e-07
954,0,3.1525976599134224e-07
954,1,6.856937340086577e-07
955,0,1.0011943e-06
956,0,1.0010917e-06
957,0,1.0009133e-06
958,0,1.0007457e-06
959,0,1.0006208e-06
960,0,1.0005541e-06
961,0,1.0005533e-06
962,0,1.0006183e-06
963,0,1.0007413e-06
964,0,1.0009067e-06
965,0,1.0010824e-06
966,0,1.0011818e-06
967,0,3.1536649542109337e-07
967,1,6.855687045789066e-07
968,1,9.9950039e-07
969,1,9.570717118632721e-07
969,2,3.812557813672785e-08
970,2,9.7733645e-07
971,2,1.294142e-07
972,2,1.2128171e-07
973,2,1.0149869e-06
974,1,8.190449180445322e-07
974,2,1.3127976195546778e-07
975,1,1.0033245e-06
976,0,1.6144228242577206e-07
976,1,8.414821175742279e-07
977,0,1.002191e-06
978,0,1.0016101e-06
979,0,1.0011978e-06
980,0,1.000908e-06
981,0,1.0007164e-06
982,0,1.0006195e-06
983,0,1.0006202e-06
984,0,1.0007188e-06
985,0,1.0009123e-06
986,0,1.0012042e-06
987,0,1.0016161e-06
988,0,1.0021881e-06
989,0,1.6151372787679677e-07
989,1,8.413754721232032e-07
990,1,1.0031851e-06
991,1,8.187972702315889e-07
991,2,1.3103092976841102e-07
992,2,1.0131966e-06
993,2,1.2321726e-07
994,2,6.5822387e-08
995,2,1.1967747e-07
996,1,6.137946744120063e-07
996,2,4.235440255879937e-07
997,1,1.010575e-06
998,1,1.0066635e-06
999,0,7.913156376347646e-07
999,1,2.127471623652354e-07
1000,0,1.0026058e-06
1001,0,1.0017651e-06
1002,0,1.0012374e-06
1003,0,1.0009052e-06
1004,0,1.0007401e-06
1005,0,1.0007418e-06
1006,0,1.0009114e-06
1007,0,1.0012505e-06
1008,0,1.0017868e-06
1009,0,1.0026341e-06
1010,0,7.913614540961812e-07
1010,1,2.127228459038189e-07
1011,1,1.0066411e-06
1012,1,1.0104337e-06
1013,1,6.136990358660269e-07
1013,2,4.231926641339731e-07
1014,2,1.2052193e-07
1015,2,1.5979295e-07
1016,2,1.2448954e-07
1017,1,2.500407019691741e-07
1017,2,7.690264980308258e-07
1018,1,1.0195881e-06
1019,1,1.0114564e-06
1020,0,3.0967090187773025e-07
1020,1,6.968335981222698e-07
1021,0,1.0040304e-06
1022,0,1.0026537e-06
1023,0,1.0017685e-06
1024,0,1.001192e-06
1025,0,1.0008988e-06
1026,0,1.0009005e-06
1027,0,1.0012e-06
1028,0,1.0017897e-06
1029,0,1.0026953e-06
1030,0,1.0040966e-06
1031,0,3.096788371325491e-07
1031,1,6.969037628674509e-07
1032,1,1.0114911e-06
1033,1,1.0195175e-06
1034,1,2.502415628794078e-07
1034,2,7.690747371205921e-07
1035,2,1.299991e-07
1036,2,1.1189133e-07
1037,2,1.241873e-07
1038,2,1.090915e-06
1039,1,6.946207573192423e-07
1039,2,2.836817826807576e-07
1040,1,1.015156e-06
1041,1,1.0090051e-06
1042,0,4.6587860759879434e-07
1042,1,5.401294924012056e-07
1043,0,1.0040783e-06
1044,0,1.0026267e-06
1045,0,1.0015995e-06
1046,0,1.0010581e-06
1047,0,1.001057e-06
1048,0,1.0016032e-06
1049,0,1.0026521e-06
1050,0,1.0041432e-06
1051,0,4.6587966975911527e-07
1051,1,5.402531302408847e-07
1052,1,1.0091792e-06
1053,1,1.0152058e-06
1054,1,6.941334447293173e-07
1054,2,2.8364103527068273e-07
1055,2,1.087774e-06
1056,2,1.3060283e-07
1057,2,1.1791841e-07
1058,1,1.571846782512201e-07
1058,2,9.4925542174878e-07
1059,1,9.242852837709097e-07
1059,2,3.547503622909019e-08
1060,1,1.0109531e-06
1061,1,1.009302e-06
1062,0,3.095728943060121e-07
1062,1,6.971114056939879e-07
1063,0,7.912794490571789e-07
1063,1,2.1283195094282095e-07
1064,0,1.0021626e-06
1065,0,1.0011155e-06
1066,0,1.0011045e-06
1067,0,1.0021453e-06
1068,0,7.913455864395849e-07
1068,1,2.1278271356041497e-07
1069,0,3.096018881675775e-07
1069,1,6.971606118324224e-07
1070,1,1.0094944e-06
1071,1,1.0113035e-06
1072,1,9.240419636296563e-07
1072,2,3.5710216370343785e-08
1073,1,1.5650010169911506e-07
1073,2,9.47825298300885e-07
1074,2,1.216478e-07
1075,2,1.2318963e-07
1076,2,9.3540659e-08
1077,2,1.2476354e-07
1078,1,2.939134448293629e-07
1078,2,7.668768551706371e-07
1079,1,9.23916228019976e-07
1079,2,3.661420198002401e-08
1080,1,1.0158973e-06
1081,1,1.0117846e-06
1082,1,1.0066935e-06
1083,0,1.6145981949142763e-07
1083,1,8.413743805085723e-07
1084,0,3.1534477751302073e-07
1084,1,6.854226224869792e-07
1085,0,3.1537390731314007e-07
1085,1,6.853543926868599e-07
1086,0,1.6156300949154194e-07
1086,1,8.41191290508458e-07
1087,1,1.0066805e-06
1088,1,1.0118256e-06
1089,1,1.0160394e-06
1090,1,9.239641440207152e-07
1090,2,3.711283597928477e-08
1091,1,2.9373902065895736e-07
1091,2,7.676533793410427e-07
1092,2,1.2166042e-07
1093,2,1.7405476e-07
1094,2,1.3889314e-07
1095,2,1.144446e-07
1096,1,1.5536154939309353e-07
1096,2,9.491474506069064e-07
1097,1,6.941663670560946e-07
1097,2,2.847089229439055e-07
1098,1,1.0198505e-06
1099,1,1.0103931e-06
1100,1,1.0030743e-06
1101,1,9.9910222e-07
1102,1,9.9899825e-07
1103,1,1.0028384e-06
1104,1,1.0104031e-06
1105,1,1.0198302e-06
1106,1,6.940490619737938e-07
1106,2,2.845955180262061e-07
1107,1,1.5510697090039003e-07
1107,2,9.501484290996101e-07
1108,2,1.2120679e-07
1109,2,1.2326095e-07
1110,2,7.2779422e-08
1111,2,1.1738011e-07
1112,2,1.2398188e-07
1113,2,1.092781e-06
1114,1,2.497325069116489e-07
1114,2,7.69515593088351e-07
1115,1,6.13279651854774e-07
1115,2,4.230782481452258e-07
1116,1,8.190237439109171e-07
1116,2,1.3077637608908295e-07
1117,1,9.570221767677076e-07
1117,2,3.73074532322925e-08
1118,1,9.569826312832352e-07
1118,2,3.7154728716764697e-08
1119,1,8.189998385211906e-07
1119,2,1.3021423147880946e-07
1120,1,6.141973173170471e-07
1120,2,4.2277748268295293e-07
1121,1,2.5047416954030376e-07
1121,2,7.694306304596963e-07
1122,2,1.0914378e-06
1123,2,1.2219382e-07
1124,2,1.7481289e-07
1125,2,7.2004759e-08
1126,2,7.4324887e-08
1127,2,1.5289194e-07
1128,2,1.3141763e-07
1129,2,1.2917916e-07
1130,2,1.0139681e-06
1131,2,9.7545269e-07
1132,2,9.7531519e-07
1133,2,1.0125197e-06
1134,2,1.2053737e-07
1135,2,1.3011e-07
1136,2,1.3218246e-07
1137,2,1.2464023e-07
1138,2,6.8449138e-08
1139,2,1.3784783e-07
1140,2,1.1287569e-07
1141,2,1.2778176e-07
1142,2,1.2914894e-07
1143,2,1.2328612e-07
1144,2,1.5984658e-07
1145,2,1.1260171e-07
1146,2,1.0321422e-07
1147,2,1.2537605e-07
1148,2,1.2621295e-07
1149,2,1.1999872e-07
1150,2,6.6318479e-08
1151,2,7.4875877e-08
1152,2,1.5753219e-07
1153,2,1.2681033e-07
1154,2,1.0086534e-06
1155,2,9.7227342e-07
1156,2,9.7245229e-07
1157,2,1.0105011e-06
1158,2,1.1927899e-07
1159,2,1.242211e-07
1160,2,1.2136534e-07
1161,2,1.4700696e-07
1162,2,1.0817155e-06
1163,1,2.4806480351526154e-07
1163,2,7.651795964847385e-07
1164,1,6.123758263718579e-07
1164,2,4.2003347362814215e-07
1165,1,8.186835420022257e-07
1165,2,1.2681918799777427e-07
1166,1,9.582857032613075e-07
1166,2,3.3253336738692425e-08
1167,1,9.5839010704429e-07
1167,2,3.325652295570977e-08
1168,1,8.190026996802777e-07
1168,2,1.2695300031972223e-07
1169,1,6.123369854918147e-07
1169,2,4.1995741450818525e-07
1170,1,2.48284559052391e-07
1170,2,7.654078409476091e-07
1171,2,1.0823761e-06
1172,2,1.1564745e-07
1173,2,8.8156141e-08
1174,2,8.3666795e-08
1175,2,1.165825e-07
1176,1,1.560282275970704e-07
1176,2,9.424051724029295e-07
1177,1,6.891578042034446e-07
1177,2,2.8337494579655536e-07
1178,1,1.0182671e-06
1179,1,1.0100075e-06
1180,1,1.0020363e-06
1181,1,9.9761063e-07
1182,1,9.9764332e-07
1183,1,1.0021259e-06
1184,1,1.0099439e-06
1185,1,1.0183182e-06
1186,1,6.896076143393314e-07
1186,2,2.832400856606687e-07
1187,1,1.5598237028279483e-07
1187,2,9.413394297172051e-07
1188,2,1.2398887e-07
1189,2,1.3794531e-07
1190,2,1.1837436e-07
1191,1,2.9529926742612464e-07
1191,2,7.597558325738754e-07
1192,1,9.198450868165807e-07
1192,2,3.511351318341918e-08
1193,1,1.0149115e-06
1194,1,1.0128679e-06
1195,1,1.0078993e-06
1196,0,1.603005725730482e-07
1196,1,8.429333274269517e-07
1197,0,3.149764558320584e-07
1197,1,6.856184441679416e-07
1198,0,3.150034623375602e-07
1198,1,6.855929376624399e-07
1199,0,1.6038144030681777e-07
1199,1,8.428426596931822e-07
1200,1,1.0078213e-06
1201,1,1.0127741e-06
1202,1,1.0147936e-06
1203,1,9.198430370835264e-07
1203,2,3.474841291647364e-08
1204,1,2.955948941652583e-07
1204,2,7.597323058347418e-07
1205,2,1.1548561e-07
1206,2,1.2222852e-07
1207,2,1.4631974e-07
1208,1,1.567699906814332e-07
1208,2,9.439140093185668e-07
1209,1,9.204282192716418e-07
1209,2,3.511948072835824e-08
1210,1,1.0103873e-06
1211,1,1.0104528e-06
1212,0,3.066585791491081e-07
1212,1,7.017961208508918e-07
1213,0,7.896778585001706e-07
1213,1,2.158420414998294e-07
1214,0,1.0029759e-06
1215,0,1.0015394e-06
1216,0,1.0015297e-06
1217,0,1.0029383e-06
1218,0,7.897610465672474e-07
1218,1,2.156705534327527e-07
1219,0,3.068155250230235e-07
1219,1,7.014895749769765e-07
1220,1,1.0102104e-06
1221,1,1.00994e-06
1222,1,9.200796031053991e-07
1222,2,3.4773726894601076e-08
1223,1,1.5630657864685066e-07
1223,2,9.421874213531494e-07
1224,2,1.2286542e-07
1225,2,7.3074014e-08
1226,2,7.4947417e-08
1227,2,1.0806361e-06
1228,1,6.897456424547896e-07
1228,2,2.8310795754521054e-07
1229,1,1.0150519e-06
1230,1,1.0104652e-06
1231,0,4.631810606885947e-07
1231,1,5.446261393114052e-07
1232,0,1.0057133e-06
1233,0,1.0038671e-06
1234,0,1.002423e-06
1235,0,1.0016249e-06
1236,0,1.0016121e-06
1237,0,1.0023794e-06
1238,0,1.0037787e-06
1239,0,1.005562e-06
1240,0,4.6326755139359737e-07
1240,1,5.442979486064027e-07
1241,1,1.010077e-06
1242,1,1.0144788e-06
1243,1,6.893527329225717e-07
1243,2,2.828141770774283e-07
1244,2,1.0798959e-06
1245,2,1.5105444e-07
1246,2,1.5534392e-07
1247,1,2.47721659597847e-07
1247,2,7.637135404021529e-07
1248,1,1.0178004e-06
1249,1,1.0127286e-06
1250,0,3.067061761165145e-07
1250,1,7.017084238834855e-07
1251,0,1.0057115e-06
1252,0,1.0040009e-06
1253,0,1.0027671e-06
1254,0,1.0019001e-06
1255,0,1.0014383e-06
1256,0,1.0014261e-06
1257,0,1.0018603e-06
1258,0,1.0026914e-06
1259,0,1.0038775e-06
1260,0,1.0055282e-06
1261,0,3.0681386361382346e-07
1261,1,7.013515363861765e-07
1262,1,1.0124462e-06
1263,1,1.0175975e-06
1264,1,2.4799174515533935e-07
1264,2,7.638758548446607e-07
1265,2,1.310758e-07
1266,2,7.0540922e-08
1267,2,1.2695522e-07
1268,1,6.114221033157873e-07
1268,2,4.200252966842126e-07
1269,1,1.0097521e-06
1270,1,1.0078645e-06
1271,0,7.896554328298103e-07
1271,1,2.1589396717018972e-07
1272,0,1.0039028e-06
1273,0,1.0027892e-06
1274,0,1.0020078e-06
1275,0,1.0014811e-06
1276,0,1.0012063e-06
1277,0,1.0011965e-06
1278,0,1.0014498e-06
1279,0,1.0019508e-06
1280,0,1.0027019e-06
1281,0,1.0037858e-06
1282,0,7.89769129014733e-07
1282,1,2.1564807098526713e-07
1283,1,1.0077661e-06
1284,1,1.0097972e-06
1285,1,6.119671689326488e-07
1285,2,4.1982463106735116e-07
1286,2,1.2899909e-07
1287,2,1.3768108e-07
1288,2,1.038132e-07
1289,2,1.0110322e-06
1290,1,8.184470716865216e-07
1290,2,1.2783538831347835e-07
1291,1,1.0024317e-06
1292,0,1.6012113101371845e-07
1292,1,8.433389689862814e-07
1293,0,1.003116e-06
1294,0,1.0025105e-06
1295,0,1.0019506e-06
1296,0,1.0015029e-06
1297,0,1.0011868e-06
1298,0,1.0010193e-06
1299,0,1.0010125e-06
1300,0,1.0011657e-06
1301,0,1.0014659e-06
1302,0,1.0018974e-06
1303,0,1.0024476e-06
1304,0,1.0030665e-06
1305,0,1.6038423672715767e-07
1305,1,8.431028632728424e-07
1306,1,1.0026892e-06
1307,1,8.193736404750106e-07
1307,2,1.2774100952498944e-07
1308,2,1.0129313e-06
1309,2,1.1222017e-07
1310,2,1.2532118e-07
1311,2,9.744409e-07
1312,1,9.582305118651502e-07
1312,2,3.456585813484985e-08
1313,1,9.9832728e-07
1314,0,3.148114057161787e-07
1314,1,6.861697942838214e-07
1315,0,1.0017519e-06
1316,0,1.001748e-06
1317,0,1.0015097e-06
1318,0,1.0012441e-06
1319,0,1.0010342e-06
1320,0,1.0009186e-06
1321,0,1.0009149e-06
1322,0,1.0010229e-06
1323,0,1.0012248e-06
1324,0,1.0014834e-06
1325,0,1.0017204e-06
1326,0,1.0017397e-06
1327,0,3.1504542547676534e-07
1327,1,6.859801745232345e-07
1328,1,9.9850677e-07
1329,1,9.588216050516084e-07
1329,2,3.4390354948391635e-08
1330,2,9.7503271e-07
1331,2,1.2782084e-07
1332,2,1.267257e-07
1333,2,9.7439595e-07
1334,1,9.582948043442424e-07
1334,2,3.453837565575741e-08
1335,1,9.9835472e-07
1336,0,3.148371759215841e-07
1336,1,6.86149224078416e-07
1337,0,1.001747e-06
1338,0,1.0017405e-06
1339,0,1.0015043e-06
1340,0,1.0012421e-06
1341,0,1.0010355e-06
1342,0,1.0009229e-06
1343,0,1.000922e-06
1344,0,1.0010328e-06
1345,0,1.0012378e-06
1346,0,1.0014988e-06
1347,0,1.0017354e-06
1348,0,1.0017465e-06
1349,0,3.1500118050448535e-07
1349,1,6.860012194955146e-07
1350,1,9.9840742e-07
1351,1,9.585600130792835e-07
1351,2,3.44022769207166e-08
1352,2,9.7468364e-07
1353,2,1.291e-07
1354,2,1.2092896e-07
1355,2,1.0105821e-06
1356,1,8.186563339393376e-07
1356,2,1.2773011606066243e-07
1357,1,1.002517e-06
1358,0,1.6018634582516696e-07
1358,1,8.432818541748331e-07
1359,0,1.0030911e-06
1360,0,1.002484e-06
1361,0,1.0019336e-06
1362,0,1.0014974e-06
1363,0,1.0011915e-06
1364,0,1.0010328e-06
1365,0,1.0010341e-06
1366,0,1.0011958e-06
1367,0,1.0015056e-06
1368,0,1.001946e-06
1369,0,1.0024984e-06
1370,0,1.0031018e-06
1371,0,1.6028846391269094e-07
1371,1,8.43176736087309e-07
1372,1,1.0024879e-06
1373,1,8.186934412618964e-07
1373,2,1.2761621873810368e-07
1374,2,1.0107265e-06
1375,2,1.2337916e-07
1376,2,6.4972022e-08
1377,2,1.1892071e-07
1378,1,6.119783108956826e-07
1378,2,4.2021108910431725e-07
1379,1,1.0099248e-06
1380,1,1.0078513e-06
1381,0,7.896486613288733e-07
1381,1,2.158388386711266e-07
1382,0,1.0038499e-06
1383,0,1.002759e-06
1384,0,1.0019997e-06
1385,0,1.0014912e-06
1386,0,1.0012307e-06
1387,0,1.0012332e-06
1388,0,1.0015004e-06
1389,0,1.0020186e-06
1390,0,1.0027895e-06
1391,0,1.0038894e-06
1392,0,7.897205120946108e-07
1392,1,2.1580598790538912e-07
1393,1,1.0078813e-06
1394,1,1.0099975e-06
1395,1,6.122415215732948e-07
1395,2,4.2028327842670527e-07
1396,2,1.2009526e-07
1397,2,1.5518529e-07
1398,2,1.2353062e-07
1399,1,2.4785937788686e-07
1399,2,7.6364212211314e-07
1400,1,1.0176755e-06
1401,1,1.0125487e-06
1402,0,3.0667918531436585e-07
1402,1,7.015840146856342e-07
1403,0,1.0056194e-06
1404,0,1.0039561e-06
1405,0,1.0027581e-06
1406,0,1.0019187e-06
1407,0,1.0014759e-06
1408,0,1.0014782e-06
1409,0,1.0019291e-06
1410,0,1.0027847e-06
1411,0,1.004005e-06
1412,0,1.0056917e-06
1413,0,3.0670720345465985e-07
1413,1,7.016451965453402e-07
1414,1,1.0126461e-06
1415,1,1.0179833e-06
1416,1,2.483444045038763e-07
1416,2,7.648881954961236e-07
1417,2,1.3001246e-07
1418,2,1.1430255e-07
1419,2,1.2267929e-07
1420,2,1.0798101e-06
1421,1,6.893986505974453e-07
1421,2,2.8283204940255465e-07
1422,1,1.0145605e-06
1423,1,1.0101879e-06
1424,0,4.631075000894512e-07
1424,1,5.445773999105488e-07
1425,0,1.0056587e-06
1426,0,1.0038594e-06
1427,0,1.0024555e-06
1428,0,1.0016795e-06
1429,0,1.0016778e-06
1430,0,1.0024591e-06
1431,0,1.0038871e-06
1432,0,1.0057207e-06
1433,0,4.6312999721224616e-07
1433,1,5.446561027877539e-07
1434,1,1.0103187e-06
1435,1,1.0145837e-06
1436,1,6.89182822558178e-07
1436,2,2.829294674418221e-07
1437,2,1.0804673e-06
1438,2,1.2973691e-07
1439,2,1.1626518e-07
1440,1,1.5656504166096984e-07
1440,2,9.415109583390303e-07
1441,1,9.201055628456431e-07
1441,2,3.4642457154356915e-08
1442,1,1.0101207e-06
1443,1,1.0103889e-06
1444,0,3.065844627422935e-07
1444,1,7.018188372577065e-07
1445,0,7.89601465618291e-07
1445,1,2.1590573438170893e-07
1446,0,1.003031e-06
1447,0,1.0016192e-06
1448,0,1.0016056e-06
1449,0,1.0030114e-06
1450,0,7.896646354229505e-07
1450,1,2.1586416457704955e-07
1451,0,3.066159489251714e-07
1451,1,7.018500510748287e-07
1452,1,1.010515e-06
1453,1,1.0103262e-06
1454,1,9.199167473317227e-07
1454,2,3.474254266827728e-08
1455,1,1.5628695030548818e-07
1455,2,9.414822496945118e-07
1456,2,1.2117133e-07
1457,2,1.2485049e-07
1458,2,9.0759233e-08
1459,2,1.239425e-07
1460,1,2.9570380321963407e-07
1460,2,7.60437796780366e-07
1461,1,9.197453595627151e-07
1461,2,3.5327410437285055e-08
1462,1,1.0150192e-06
1463,1,1.0128057e-06
1464,1,1.0078227e-06
1465,0,1.6025792280768624e-07
1465,1,8.430744771923137e-07
1466,0,3.1499403321872684e-07
1466,1,6.857318667812732e-07
1467,0,3.1501013490965644e-07
1467,1,6.856719650903436e-07
1468,0,1.6033104338651472e-07
1468,1,8.429217566134854e-07
1469,1,1.0078616e-06
1470,1,1.0128495e-06
1471,1,1.0150395e-06
1472,1,9.198240606932059e-07
1472,2,3.552216930679398e-08
1473,1,2.955071074398596e-07
1473,2,7.604113925601403e-07
1474,2,1.2132098e-07
1475,2,1.7459793e-07
1476,2,1.3823166e-07
1477,2,1.1517702e-07
1478,1,1.5547825287612143e-07
1478,2,9.414395471238786e-07
1479,1,6.892742823480051e-07
1479,2,2.8361782765199493e-07
1480,1,1.018052e-06
1481,1,1.0096901e-06
1482,1,1.0022827e-06
1483,1,9.9786113e-07
1484,1,9.9773862e-07
1485,1,1.0020266e-06
1486,1,1.0099028e-06
1487,1,1.0181466e-06
1488,1,6.891094988238368e-07
1488,2,2.8348704117616323e-07
1489,1,1.554594401962269e-07
1489,2,9.41542859803773e-07
1490,2,1.2123983e-07
1491,2,1.2337935e-07
1492,2,7.2419047e-08
1493,2,1.1947211e-07
1494,2,1.2251166e-07
1495,2,1.0831105e-06
1496,1,2.4768804054810925e-07
1496,2,7.648384594518907e-07
1497,1,6.11506041552379e-07
1497,2,4.196794584476212e-07
1498,1,8.191655173403739e-07
1498,2,1.2720211265962602e-07
1499,1,9.586999001020561e-07
1499,2,3.333873989794383e-08
1500,1,9.585096412250773e-07
1500,2,3.324284877492277e-08
1501,1,8.187341837095313e-07
1501,2,1.2671531629046866e-07
1502,1,6.124091031735718e-07
1502,2,4.1993419682642824e-07
1503,1,2.4808872743403724e-07
1503,2,7.649330725659627e-07
1504,2,1.0815904e-06
1505,2,1.2140663e-07
1506,2,1.7144152e-07
1507,2,7.0199317e-08
1508,2,7.3663783e-08
1509,2,1.521915e-07
1510,2,1.3124763e-07
1511,2,1.2861794e-07
1512,2,1.0117888e-06
1513,2,9.7317141e-07
1514,2,9.7264862e-07
1515,2,1.0086416e-06
1516,2,1.2014164e-07
1517,2,1.2968702e-07
1518,2,1.296262e-07
1519,2,1.2660205e-07
1520,2,6.9738008e-08
1521,2,1.3455384e-07
1522,2,1.1281929e-07
1523,2,1.2756773e-07
1524,2,1.2885728e-07
1525,2,1.2300047e-07
1526,2,1.5724185e-07
1527,2,1.1276755e-07
1528,2,1.0264569e-07
1529,2,1.2476737e-07
1530,2,1.2625191e-07
1531,2,1.2054046e-07
1532,2,6.5717029e-08
1533,2,7.7066789e-08
1534,2,1.5624718e-07
1535,2,1.284378e-07
1536,2,1.0072646e-06
1537,2,9.713942e-07
1538,2,9.7158604e-07
1539,2,1.0083183e-06
1540,2,1.1889902e-07
1541,2,1.2413353e-07
1542,2,1.2064278e-07
1543,2,1.4464862e-07
1544,2,1.0782301e-06
1545,1,2.470897486657263e-07
1545,2,7.637664513342738e-07
1546,1,6.115955641081524e-07
1546,2,4.1911483589184757e-07
1547,1,8.184043485041285e-07
1547,2,1.2558604149587155e-07
1548,1,9.5864636543935e-07
1548,2,3.167103456065004e-08
1549,1,9.587237796501033e-07
1549,2,3.167292034989659e-08
1550,1,8.186412654512214e-07
1550,2,1.2568534454877857e-07
1551,1,6.115733571475324e-07
1551,2,4.189773428524676e-07
1552,1,2.4742616095553944e-07
1552,2,7.639965390444605e-07
1553,2,1.0805003e-06
1554,2,1.1733396e-07
1555,2,9.4995708e-08
1556,2,8.361776e-08
1557,2,1.1944412e-07
1558,1,1.5577641877043116e-07
1558,2,9.404957812295688e-07
1559,1,6.869220676090826e-07
1559,2,2.8320722239091734e-07
1560,1,1.0163666e-06
1561,1,1.0087541e-06
1562,1,1.0010466e-06
1563,1,9.9665999e-07
1564,1,9.9669706e-07
1565,1,1.001161e-06
1566,1,1.0088618e-06
1567,1,1.0166779e-06
1568,1,6.87415346463466e-07
1568,2,2.8322025353653405e-07
1569,1,1.5552283794706918e-07
1569,2,9.403121620529309e-07
1570,2,1.2338854e-07
1571,2,1.3724348e-07
1572,2,1.185311e-07
1573,1,2.951525735982609e-07
1573,2,7.580191264017391e-07
1574,1,9.177037237998686e-07
1574,2,3.509134620013134e-08
1575,1,1.0134359e-06
1576,1,1.0123716e-06
1577,1,1.0079243e-06
1578,0,1.594116769292745e-07
1578,1,8.437271230707254e-07
1579,0,3.1468071077137934e-07
1579,1,6.856145892286207e-07
1580,0,3.1471549350296315e-07
1580,1,6.855915064970368e-07
1581,0,1.5951240297364037e-07
1581,1,8.436596970263597e-07
1582,1,1.0079471e-06
1583,1,1.0123978e-06
1584,1,1.0132719e-06
1585,1,9.170036427637006e-07
1585,2,3.490899723629944e-08
1586,1,2.940447778290431e-07
1586,2,7.55894322170957e-07
1587,2,1.1436191e-07
1588,2,1.1381187e-07
1589,2,1.450915e-07
1590,1,1.5585381943930842e-07
1590,2,9.405621805606916e-07
1591,1,9.179432570946147e-07
1591,2,3.522490290538528e-08
1592,1,1.009201e-06
1593,1,1.0103708e-06
1594,0,3.0438865740491593e-07
1594,1,7.047043425950841e-07
1595,0,7.882302344479071e-07
1595,1,2.1802206555209291e-07
1596,0,1.0034397e-06
1597,0,1.0017644e-06
1598,0,1.0017605e-06
1599,0,1.0034235e-06
1600,0,7.883350066921544e-07
1600,1,2.1786479330784546e-07
1601,0,3.045117034651521e-07
1601,1,7.044556965348478e-07
1602,1,1.0100698e-06
1603,1,1.0085577e-06
1604,1,9.173665608232029e-07
1604,2,3.510929917679717e-08
1605,1,1.5576307420559432e-07
1605,2,9.407436257944056e-07
1606,2,1.2337214e-07
1607,2,7.3818447e-08
1608,2,7.499807e-08
1609,2,1.0784569e-06
1610,1,6.872334901557343e-07
1610,2,2.8308330984426564e-07
1611,1,1.0136928e-06
1612,1,1.0104675e-06
1613,0,4.6099228377007955e-07
1613,1,5.476369162299205e-07
1614,0,1.0067403e-06
1615,0,1.0047283e-06
1616,0,1.0030348e-06
1617,0,1.0020745e-06
1618,0,1.0020627e-06
1619,0,1.0029949e-06
1620,0,1.0046438e-06
1621,0,1.0065801e-06
1622,0,4.6101768899671385e-07
1622,1,5.473316110032862e-07
1623,1,1.0100356e-06
1624,1,1.0132127e-06
1625,1,6.871985522018265e-07
1625,2,2.8289151779817366e-07
1626,2,1.0792595e-06
1627,2,1.5063113e-07
1628,2,1.5621797e-07
1629,1,2.4673129039814536e-07
1629,2,7.624591096018546e-07
1630,1,1.0159826e-06
1631,1,1.0123739e-06
1632,0,3.043930177000002e-07
1632,1,7.047598822999999e-07
1633,0,1.0067749e-06
1634,0,1.0049641e-06
1635,0,1.0035508e-06
1636,0,1.0025025e-06
1637,0,1.00193e-06
1638,0,1.0019167e-06
1639,0,1.0024593e-06
1640,0,1.0034685e-06
1641,0,1.0048285e-06
1642,0,1.0065732e-06
1643,0,3.045023783521506e-07
1643,1,7.043904216478493e-07
1644,1,1.0121256e-06
1645,1,1.0158301e-06
1646,1,2.4686554934543585e-07
1646,2,7.621818506545641e-07
1647,2,1.3068837e-07
1648,2,6.9499581e-08
1649,2,1.2703662e-07
1650,1,6.106099888411457e-07
1650,2,4.191519111588543e-07
1651,1,1.0086301e-06
1652,1,1.0080069e-06
1653,0,7.882081219990627e-07
1653,1,2.1816437800093726e-07
1654,0,1.0048139e-06
1655,0,1.0035922e-06
1656,0,1.0026692e-06
1657,0,1.0020152e-06
1658,0,1.0016657e-06
1659,0,1.0016542e-06
1660,0,1.0019791e-06
1661,0,1.002604e-06
1662,0,1.0034938e-06
1663,0,1.0046896e-06
1664,0,7.883569818205497e-07
1664,1,2.1788501817945048e-07
1665,1,1.0079301e-06
1666,1,1.0086629e-06
1667,1,6.109041917017482e-07
1667,2,4.186901082982517e-07
1668,2,1.2824919e-07
1669,2,1.3027606e-07
1670,2,1.045132e-07
1671,2,1.0096171e-06
1672,1,8.182613509303032e-07
1672,2,1.2669652906969675e-07
1673,1,1.0015976e-06
1674,0,1.5920553776745644e-07
1674,1,8.443028622325435e-07
1675,0,1.0036826e-06
1676,0,1.0031794e-06
1677,0,1.0025822e-06
1678,0,1.0020482e-06
1679,0,1.0016484e-06
1680,0,1.0014311e-06
1681,0,1.0014231e-06
1682,0,1.0016242e-06
1683,0,1.0020065e-06
1684,0,1.0025251e-06
1685,0,1.0031193e-06
1686,0,1.0036515e-06
1687,0,1.595204659921183e-07
1687,1,8.440629340078816e-07
1688,1,1.0019371e-06
1689,1,8.193140298366749e-07
1689,2,1.2667825016332516e-07
1690,2,1.0129518e-06
1691,2,1.1394113e-07
1692,2,1.2497419e-07
1693,2,9.7403407e-07
1694,1,9.587991390285833e-07
1694,2,3.3057710971416577e-08
1695,1,9.9758249e-07
1696,0,3.145237851479586e-07
1696,1,6.863121148520413e-07
1697,0,1.0020726e-06
1698,0,1.0022568e-06
1699,0,1.002035e-06
1700,0,1.0017201e-06
1701,0,1.0014519e-06
1702,0,1.0013e-06
1703,0,1.001296e-06
1704,0,1.0014399e-06
1705,0,1.0017005e-06
1706,0,1.0020107e-06
1707,0,1.0022371e-06
1708,0,1.0020804e-06
1709,0,3.1480232840795035e-07
1709,1,6.861214715920496e-07
1710,1,9.9782879e-07
1711,1,9.594398508649397e-07
1711,2,3.289423913506045e-08
1712,2,9.7461296e-07
1713,2,1.2766625e-07
1714,2,1.2644615e-07
1715,2,9.7407866e-07
1716,1,9.588724222642448e-07
1716,2,3.302781773575509e-08
1717,1,9.9761406e-07
1718,0,3.145551550787669e-07
1718,1,6.86284944921233e-07
1719,0,1.0020718e-06
1720,0,1.0022467e-06
1721,0,1.0020273e-06
1722,0,1.0017171e-06
1723,0,1.0014536e-06
1724,0,1.0013057e-06
1725,0,1.0013053e-06
1726,0,1.0014525e-06
1727,0,1.0017164e-06
1728,0,1.0020286e-06
1729,0,1.0022531e-06
1730,0,1.0020882e-06
1731,0,3.147419040437403e-07
1731,1,6.861464959562597e-07
1732,1,9.9771119e-07
1733,1,9.591685779764722e-07
1733,2,3.291179202352779e-08
1734,2,9.7438522e-07
1735,2,1.2904003e-07
1736,2,1.2041553e-07
1737,2,1.0099404e-06
1738,1,8.185182898251104e-07
1738,2,1.2661588017488966e-07
1739,1,1.0016847e-06
1740,0,1.5928816918164396e-07
1740,1,8.44204630818356e-07
1741,0,1.0036367e-06
1742,0,1.0031404e-06
1743,0,1.0025579e-06
1744,0,1.00204e-06
1745,0,1.0016546e-06
1746,0,1.0014489e-06
1747,0,1.0014513e-06
1748,0,1.0016622e-06
1749,0,1.0020546e-06
1750,0,1.0025803e-06
1751,0,1.0031688e-06
1752,0,1.0036647e-06
1753,0,1.593884526660198e-07
1753,1,8.441296473339802e-07
1754,1,1.0016756e-06
1755,1,8.185492382717489e-07
1755,2,1.265348117282512e-07
1756,2,1.0095402e-06
1757,2,1.2317437e-07
1758,2,6.5339292e-08
1759,2,1.187955e-07
1760,1,6.111551303463847e-07
1760,2,4.192369696536152e-07
1761,1,1.0088141e-06
1762,1,1.0079855e-06
1763,0,7.881977078991946e-07
1763,1,2.1808859210080551e-07
1764,0,1.0047403e-06
1765,0,1.0035509e-06
1766,0,1.0026583e-06
1767,0,1.0020292e-06
1768,0,1.0016983e-06
1769,0,1.0017021e-06
1770,0,1.0020424e-06
1771,0,1.0026846e-06
1772,0,1.0035927e-06
1773,0,1.0047944e-06
1774,0,7.88284260682652e-07
1774,1,2.1805333931734797e-07
1775,1,1.0080049e-06
1776,1,1.0087581e-06
1777,1,6.110471896694138e-07
1777,2,4.1907861033058643e-07
1778,2,1.1999186e-07
1779,2,1.5685769e-07
1780,2,1.2406096e-07
1781,1,2.4709879737667413e-07
1781,2,7.630191026233259e-07
1782,1,1.0160695e-06
1783,1,1.0121843e-06
1784,0,3.043345289434806e-07
1784,1,7.046195710565193e-07
1785,0,1.0066501e-06
1786,0,1.0049074e-06
1787,0,1.0035426e-06
1788,0,1.0025315e-06
1789,0,1.0019823e-06
1790,0,1.0019853e-06
1791,0,1.0025446e-06
1792,0,1.0035748e-06
1793,0,1.0049655e-06
1794,0,1.0067364e-06
1795,0,3.0439365016568403e-07
1795,1,7.046692498343161e-07
1796,1,1.0122753e-06
1797,1,1.0161136e-06
1798,1,2.4720920149364187e-07
1798,2,7.63057998506358e-07
1799,2,1.2932545e-07
1800,2,1.1132958e-07
1801,2,1.2243053e-07
1802,2,1.0775585e-06
1803,1,6.869238777995665e-07
1803,2,2.8285286220043343e-07
1804,1,1.0131118e-06
1805,1,1.0101062e-06
1806,0,4.608354465094985e-07
1806,1,5.476269534905014e-07
1807,0,1.0066807e-06
1808,0,1.0047347e-06
1809,0,1.0030933e-06
1810,0,1.0021549e-06
1811,0,1.0021523e-06
1812,0,1.0030948e-06
1813,0,1.0047612e-06
1814,0,1.0067417e-06
1815,0,4.6089691588819905e-07
1815,1,5.47674484111801e-07
1816,1,1.0102796e-06
1817,1,1.0132572e-06
1818,1,6.869002044941293e-07
1818,2,2.830449855058707e-07
1819,2,1.0790844e-06
1820,2,1.3003526e-07
1821,2,1.1642414e-07
1822,1,1.5576697248451473e-07
1822,2,9.393200275154853e-07
1823,1,9.173589842308951e-07
1823,2,3.4854815769104865e-08
1824,1,1.0087912e-06
1825,1,1.0102654e-06
1826,0,3.0425629892563937e-07
1826,1,7.048042010743607e-07
1827,0,7.881500020758268e-07
1827,1,2.1812549792417312e-07
1828,0,1.0035564e-06
1829,0,1.001889e-06
1830,0,1.001871e-06
1831,0,1.0035268e-06
1832,0,7.881757531855551e-07
1832,1,2.1810954681444487e-07
1833,0,3.042659073042262e-07
1833,1,7.048289926957738e-07
1834,1,1.0103636e-06
1835,1,1.0090562e-06
1836,1,9.175121670587446e-07
1836,2,3.48773929412554e-08
1837,1,1.553962589399508e-07
1837,2,9.388600410600492e-07
1838,2,1.204829e-07
1839,2,1.2045282e-07
1840,2,8.612896e-08
1841,2,1.2412386e-07
1842,1,2.947653756188107e-07
1842,2,7.576017243811892e-07
1843,1,9.171822209169079e-07
1843,2,3.552393908309204e-08
1844,1,1.0135677e-06
1845,1,1.0123682e-06
1846,1,1.0078999e-06
1847,0,1.5942060825875106e-07
1847,1,8.439283917412491e-07
1848,0,3.147743610570124e-07
1848,1,6.857561389429877e-07
1849,0,3.147696696160874e-07
1849,1,6.857094303839126e-07
1850,0,1.5943905628658883e-07
1850,1,8.438078437134112e-07
1851,1,1.0079198e-06
1852,1,1.0123439e-06
1853,1,1.013464e-06
1854,1,9.175470909781399e-07
1854,2,3.55691090218601e-08
1855,1,2.953429917641554e-07
1855,2,7.584919082358446e-07
1856,2,1.2109543e-07
1857,2,1.7371674e-07
1858,2,1.3835782e-07
1859,2,1.1434672e-07
1860,1,1.5500609478727747e-07
1860,2,9.404834052127225e-07
1861,1,6.871666579812711e-07
1861,2,2.8364079201872894e-07
1862,1,1.0162226e-06
1863,1,1.0084652e-06
1864,1,1.0014895e-06
1865,1,9.9711661e-07
1866,1,9.9698749e-07
1867,1,1.0012106e-06
1868,1,1.0087142e-06
1869,1,1.0162252e-06
1870,1,6.865436279877084e-07
1870,2,2.8344598201229166e-07
1871,1,1.5491107457969758e-07
1871,2,9.399592254203023e-07
1872,2,1.2097762e-07
1873,2,1.2317659e-07
1874,2,7.1184184e-08
1875,2,1.12037e-07
1876,2,1.231366e-07
1877,2,1.0821811e-06
1878,1,2.4675791922888444e-07
1878,2,7.630048807711156e-07
1879,1,6.10463497016004e-07
1879,2,4.18311102983996e-07
1880,1,8.193107615529745e-07
1880,2,1.2605132844702552e-07
1881,1,9.594743180801512e-07
1881,2,3.1722211919848865e-08
1882,1,9.59246498821543e-07
1882,2,3.166599117845704e-08
1883,1,8.187498310965986e-07
1883,2,1.2564016890340135e-07
1884,1,6.114369715463342e-07
1884,2,4.1893972845366585e-07
1885,1,2.4697089227387746e-07
1885,2,7.637045077261225e-07
1886,2,1.079643e-06
1887,2,1.2144005e-07
1888,2,1.735469e-07
1889,2,7.1351683e-08
1890,2,7.3487129e-08
1891,2,1.521011e-07
1892,2,1.3098141e-07
1893,2,1.2819603e-07
1894,2,1.011816e-06
1895,2,9.728754e-07
1896,2,9.7254897e-07
1897,2,1.0082566e-06
1898,2,1.2003761e-07
1899,2,1.2969151e-07
1900,2,1.289443e-07
1901,2,1.2811982e-07
1902,2,6.9503523e-08
1903,2,1.33937e-07
1904,2,1.1317241e-07
1905,2,1.2750969e-07
1906,2,1.2879024e-07
1907,2,1.231724e-07
1908,2,1.5863962e-07
1909,2,1.1461034e-07
1910,2,1.0508313e-07
1911,2,1.24738e-07
1912,2,1.2618895e-07
1913,2,1.1971186e-07
1914,2,6.4749111e-08
1915,2,7.4434027e-08
1916,2,1.5677582e-07
1917,2,1.2745615e-07
1918,2,1.0078444e-06
1919,2,9.7122738e-07
1920,2,9.7115933e-07
1921,2,1.0065926e-06
1922,2,1.1888917e-07
1923,2,1.2351087e-07
1924,2,1.2444395e-07
1925,2,1.4481188e-07
1926,2,1.0761994e-06
1927,1,2.4650295314653364e-07
1927,2,7.629337468534663e-07
1928,1,6.108516481963224e-07
1928,2,4.1851805180367766e-07
1929,1,8.182665894776607e-07
1929,2,1.252420305223393e-07
1930,1,9.58684409640982e-07
1930,2,3.109001035901802e-08
1931,1,9.586768764725012e-07
1931,2,3.10696335274987e-08
1932,1,8.182295196080345e-07
1932,2,1.2511490039196545e-07
1933,1,6.112161879922436e-07
1933,2,4.185096120077564e-07
1934,1,2.473003649136976e-07
1934,2,7.636411350863023e-07
1935,2,1.0821844e-06
1936,2,1.160939e-07
1937,2,8.82196e-08
1938,2,8.2759718e-08
1939,2,1.1873538e-07
1940,1,1.5531094612262909e-07
1940,2,9.391464538773708e-07
1941,1,6.857253548615778e-07
1941,2,2.830153351384221e-07
1942,1,1.0151908e-06
1943,1,1.0078598e-06
1944,1,1.0004532e-06
1945,1,9.9614898e-07
1946,1,9.9615556e-07
1947,1,1.0005116e-06
1948,1,1.0081684e-06
1949,1,1.0158513e-06
1950,1,6.864121170882495e-07
1950,2,2.833460929117505e-07
1951,1,1.5491016024397437e-07
1951,2,9.387899397560256e-07
1952,2,1.2343134e-07
1953,2,1.3760313e-07
1954,2,1.1723334e-07
1955,1,2.9413240722994885e-07
1955,2,7.561643927700511e-07
1956,1,9.162266257525569e-07
1956,2,3.521517424744311e-08
1957,1,1.0123908e-06
1958,1,1.0115931e-06
1959,1,1.0074425e-06
1960,0,1.5880558076464648e-07
1960,1,8.440416192353536e-07
1961,0,3.144336715874534e-07
1961,1,6.856075284125465e-07
1962,0,3.1447408693357487e-07
1962,1,6.855759130664252e-07
1963,0,1.5892896047746566e-07
1963,1,8.439684395225344e-07
1964,1,1.0075546e-06
1965,1,1.0117271e-06
1966,1,1.0122827e-06
1967,1,9.154409355981103e-07
1967,2,3.511575440188966e-08
1968,1,2.935403886367212e-07
1968,2,7.553376113632789e-07
1969,2,1.1437492e-07
1970,2,1.1630716e-07
1971,2,1.4603109e-07
1972,1,1.5561816413949502e-07
1972,2,9.415357358605048e-07
1973,1,9.166871100817698e-07
1973,2,3.559265991823017e-08
1974,1,1.008296e-06
1975,1,1.0098126e-06
1976,0,3.027766457404793e-07
1976,1,7.061756542595206e-07
1977,0,7.870013698702874e-07
1977,1,2.1940643012971243e-07
1978,0,1.0036071e-06
1979,0,1.001852e-06
1980,0,1.0018499e-06
1981,0,1.0036075e-06
1982,0,7.871264048658178e-07
1982,1,2.192594951341821e-07
1983,0,3.0287747829736265e-07
1983,1,7.059721217026372e-07
1984,1,1.0094879e-06
1985,1,1.0076065e-06
1986,1,9.16133699810987e-07
1986,2,3.5437680189012974e-08
1987,1,1.5557530772145819e-07
1987,2,9.411228922785418e-07
1988,2,1.2330238e-07
1989,2,7.339551e-08
1990,2,7.6452333e-08
1991,2,1.0796017e-06
1992,1,6.865041572815951e-07
1992,2,2.8341219271840494e-07
1993,1,1.0129468e-06
1994,1,1.0099791e-06
1995,0,4.5930471896415183e-07
1995,1,5.493921810358481e-07
1996,0,1.0071996e-06
1997,0,1.0052622e-06
1998,0,1.0034654e-06
1999,0,1.0023944e-06
2000,0,1.0023831e-06
2001,0,1.0034303e-06
2002,0,1.0051848e-06
2003,0,1.0070327e-06
2004,0,4.592965188330861e-07
2004,1,5.491086811669139e-07
2005,1,1.0095608e-06
2006,1,1.0125275e-06
2007,1,6.864382694333293e-07
2007,2,2.831084405666708e-07
2008,2,1.0778566e-06
2009,2,1.4922204e-07
2010,2,1.5584647e-07
2011,1,2.4651926902100785e-07
2011,2,7.62396130978992e-07
2012,1,1.0152909e-06
2013,1,1.0118039e-06
2014,0,3.027628759890418e-07
2014,1,7.063369240109581e-07
2015,0,1.0072586e-06
2016,0,1.0056247e-06
2017,0,1.0041421e-06
2018,0,1.0029737e-06
2019,0,1.0023273e-06
2020,0,1.0023142e-06
2021,0,1.0029319e-06
2022,0,1.004065e-06
2023,0,1.0054899e-06
2024,0,1.0070709e-06
2025,0,3.02884866403159e-07
2025,1,7.059802335968411e-07
2026,1,1.0116083e-06
2027,1,1.0151504e-06
2028,1,2.46563662599475e-07
2028,2,7.619108374005249e-07
2029,2,1.3049728e-07
2030,2,7.1610438e-08
2031,2,1.2870495e-07
2032,1,6.104534180016845e-07
2032,2,4.190315819983157e-07
2033,1,1.0080448e-06
2034,1,1.0076664e-06
2035,0,7.870000091913223e-07
2035,1,2.1960439080867757e-07
2036,0,1.0053894e-06
2037,0,1.0042025e-06
2038,0,1.0032003e-06
2039,0,1.0024652e-06
2040,0,1.002066e-06
2041,0,1.0020544e-06
2042,0,1.0024287e-06
2043,0,1.0031348e-06
2044,0,1.0041005e-06
2045,0,1.0052758e-06
2046,0,7.871778339594086e-07
2046,1,2.1932496604059135e-07
2047,1,1.0076338e-06
2048,1,1.0081051e-06
2049,1,6.107069068942889e-07
2049,2,4.18669593105711e-07
2050,2,1.2865918e-07
2051,2,1.3551131e-07
2052,2,1.0645915e-07
2053,2,1.0091948e-06
2054,1,8.181595662063683e-07
2054,2,1.262838437936318e-07
2055,1,1.0011143e-06
2056,0,1.586060317093892e-07
2056,1,8.447054682906108e-07
2057,0,1.0039207e-06
2058,0,1.0036549e-06
2059,0,1.0030785e-06
2060,0,1.0025076e-06
2061,0,1.0020583e-06
2062,0,1.0018087e-06
2063,0,1.001801e-06
2064,0,1.0020349e-06
2065,0,1.0024683e-06
2066,0,1.0030279e-06
2067,0,1.0036146e-06
2068,0,1.0039347e-06
2069,0,1.5893118590012258e-07
2069,1,8.444969140998775e-07
2070,1,1.0014207e-06
2071,1,8.189176674044239e-07
2071,2,1.261929925955762e-07
2072,2,1.0105817e-06
2073,2,1.1268336e-07
2074,2,1.2532912e-07
2075,2,9.740964e-07
2076,1,9.589890639403155e-07
2076,2,3.250305605968439e-08
2077,1,9.9720516e-07
2078,0,3.143026098117161e-07
2078,1,6.863848901882838e-07
2079,0,1.0022402e-06
2080,0,1.0026283e-06
2081,0,1.0024612e-06
2082,0,1.0021343e-06
2083,0,1.0018341e-06
2084,0,1.0016596e-06
2085,0,1.0016563e-06
2086,0,1.0018245e-06
2087,0,1.0021199e-06
2088,0,1.0024466e-06
2089,0,1.0026238e-06
2090,0,1.0022707e-06
2091,0,3.145797898422665e-07
2091,1,6.862207101577334e-07
2092,1,9.9743781e-07
2093,1,9.594932187217693e-07
2093,2,3.23640012782308e-08
2094,2,9.7443278e-07
2095,2,1.2759041e-07
2096,2,1.2649604e-07
2097,2,9.7403355e-07
2098,1,9.590523644978003e-07
2098,2,3.245661550219959e-08
2099,1,9.972287e-07
2100,0,3.143407041672071e-07
2100,1,6.86348695832793e-07
2101,0,1.002237e-06
2102,0,1.0026145e-06
2103,0,1.002451e-06
2104,0,1.0021302e-06
2105,0,1.0018357e-06
2106,0,1.0016659e-06
2107,0,1.0016667e-06
2108,0,1.0018387e-06
2109,0,1.0021373e-06
2110,0,1.0024656e-06
2111,0,1.0026408e-06
2112,0,1.0022771e-06
2113,0,3.14508871058964e-07
2113,1,6.86247928941036e-07
2114,1,9.9731665e-07
2115,1,9.592386609683049e-07
2115,2,3.2383769031695056e-08
2116,2,9.7418991e-07
2117,2,1.2901098e-07
2118,2,1.202239e-07
2119,2,1.0091183e-06
2120,1,8.183578712993284e-07
2120,2,1.261588887006717e-07
2121,1,1.0011633e-06
2122,0,1.5870517671990772e-07
2122,1,8.445760232800923e-07
2123,0,1.0038622e-06
2124,0,1.0036056e-06
2125,0,1.0030472e-06
2126,0,1.0024963e-06
2127,0,1.0020646e-06
2128,0,1.0018289e-06
2129,0,1.0018328e-06
2130,0,1.0020773e-06
2131,0,1.0025202e-06
2132,0,1.0030845e-06
2133,0,1.0036537e-06
2134,0,1.003911e-06
2135,0,1.5877133560014226e-07
2135,1,8.445459643998578e-07
2136,1,1.0011397e-06
2137,1,8.183295132397269e-07
2137,2,1.261994067602731e-07
2138,2,1.0096224e-06
2139,2,1.2319976e-07
2140,2,6.4493521e-08
2141,2,1.1822084e-07
2142,1,6.107836724642191e-07
2142,2,4.18846127535781e-07
2143,1,1.0081272e-06
2144,1,1.0076082e-06
2145,0,7.86990439836809e-07
2145,1,2.194995601631909e-07
2146,0,1.0052923e-06
2147,0,1.0041508e-06
2148,0,1.0031843e-06
2149,0,1.0024802e-06
2150,0,1.0021033e-06
2151,0,1.0021087e-06
2152,0,1.0024985e-06
2153,0,1.0032206e-06
2154,0,1.0042075e-06
2155,0,1.0053688e-06
2156,0,7.870800259780265e-07
2156,1,2.1948297402197364e-07
2157,1,1.0076225e-06
2158,1,1.0079647e-06
2159,1,6.10299871874154e-07
2159,2,4.18543128125846e-07
2160,2,1.1982408e-07
2161,2,1.5927878e-07
2162,2,1.2495305e-07
2163,1,2.467800934682246e-07
2163,2,7.627252065317754e-07
2164,1,1.0152346e-06
2165,1,1.0115426e-06
2166,0,3.027029902862812e-07
2166,1,7.061472097137188e-07
2167,0,1.007094e-06
2168,0,1.0055531e-06
2169,0,1.004127e-06
2170,0,1.0030077e-06
2171,0,1.0023882e-06
2172,0,1.0023924e-06
2173,0,1.0030246e-06
2174,0,1.0041677e-06
2175,0,1.0056244e-06
2176,0,1.0072101e-06
2177,0,3.02783859002577e-07
2177,1,7.06208440997423e-07
2178,1,1.0116438e-06
2179,1,1.0151596e-06
2180,1,2.46659799965101e-07
2180,2,7.623878000348991e-07
2181,2,1.2896223e-07
2182,2,1.1221636e-07
2183,2,1.20606e-07
2184,2,1.0774273e-06
2185,1,6.860672662335248e-07
2185,2,2.829602337664751e-07
2186,1,1.0122429e-06
2187,1,1.0095371e-06
2188,0,4.591089410047249e-07
2188,1,5.493660589952749e-07
2189,0,1.0071307e-06
2190,0,1.0052748e-06
2191,0,1.0035423e-06
2192,0,1.0024903e-06
2193,0,1.0024879e-06
2194,0,1.0035409e-06
2195,0,1.0052997e-06
2196,0,1.0071936e-06
2197,0,4.592052420260382e-07
2197,1,5.494160579739617e-07
2198,1,1.0097851e-06
2199,1,1.0125067e-06
2200,1,6.861325264435873e-07
2200,2,2.831889835564129e-07
2201,2,1.0800393e-06
2202,2,1.3058678e-07
2203,2,1.1631294e-07
2204,1,1.557614559928772e-07
2204,2,9.403895440071227e-07
2205,1,9.160546316803015e-07
2205,2,3.516225831969845e-08
2206,1,1.0077619e-06
2207,1,1.0096438e-06
2208,0,3.026311631745318e-07
2208,1,7.063009368254681e-07
2209,0,7.86953732833983e-07
2209,1,2.1951616716601715e-07
2210,0,1.0037735e-06
2211,0,1.0020051e-06
2212,0,1.001983e-06
2213,0,1.0037218e-06
2214,0,7.869094280942829e-07
2214,1,2.1953337190571714e-07
2215,0,3.0260237340719786e-07
2215,1,7.063241265928021e-07
2216,1,1.0097536e-06
2217,1,1.0081717e-06
2218,1,9.164655665718627e-07
2218,2,3.506512342813723e-08
2219,1,1.5504396070797034e-07
2219,2,9.379738392920296e-07
2220,2,1.2057762e-07
2221,2,1.2439881e-07
2222,2,9.1840951e-08
2223,2,1.2381468e-07
2224,1,2.9361396772278643e-07
2224,2,7.555940322772136e-07
2225,1,9.155358015678957e-07
2225,2,3.573120843210431e-08
2226,1,1.0125028e-06
2227,1,1.011709e-06
2228,1,1.0075503e-06
2229,0,1.588811263039101e-07
2229,1,8.442598736960899e-07
2230,0,3.1458550987195205e-07
2230,1,6.857566901280479e-07
2231,0,3.145571025022423e-07
2231,1,6.857263974977577e-07
2232,0,1.588273024948532e-07
2232,1,8.441647975051467e-07
2233,1,1.0074419e-06
2234,1,1.0115114e-06
2235,1,1.0123245e-06
2236,1,9.163188927320314e-07
2236,2,3.561374726796848e-08
2237,1,2.9554193740275426e-07
2237,2,7.587679625972457e-07
2238,2,1.2086909e-07
2239,2,1.7125902e-07
2240,2,1.3736253e-07
2241,2,1.1421528e-07
2242,1,1.5435499842840243e-07
2242,2,9.395082015715975e-07
2243,1,6.860609743377528e-07
2243,2,2.8371027566224703e-07
2244,1,1.0155601e-06
2245,1,1.0079663e-06
2246,1,1.0009941e-06
2247,1,9.9669318e-07
2248,1,9.9656692e-07
2249,1,1.0006693e-06
2250,1,1.0078767e-06
2251,1,1.0149624e-06
2252,1,6.850069761355805e-07
2252,2,2.832461938644195e-07
2253,1,1.5438773430785133e-07
2253,2,9.380451656921487e-07
2254,2,1.2118128e-07
2255,2,1.2358496e-07
2256,2,7.009947e-08
2257,2,1.1537539e-07
2258,2,1.2327252e-07
2259,2,1.0820885e-06
2260,1,2.468047643522266e-07
2260,2,7.633700356477733e-07
2261,1,6.105622811847629e-07
2261,2,4.182683188152373e-07
2262,1,8.191676273769409e-07
2262,2,1.2555197262305908e-07
2263,1,9.595897845494693e-07
2263,2,3.1118195450530783e-08
2264,1,9.593788227851916e-07
2264,2,3.108932721480822e-08
2265,1,8.186091683288719e-07
2265,2,1.2527635167112805e-07
2266,1,6.109101490204199e-07
2266,2,4.1860885097958e-07
2267,1,2.46289381213705e-07
2267,2,7.628515187862949e-07
2268,2,1.076385e-06
2269,2,1.2075059e-07
2270,2,1.728189e-07
2271,2,7.1178936e-08
2272,2,7.2219216e-08
2273,2,1.5313603e-07
2274,2,1.3094556e-07
2275,2,1.280881e-07
2276,2,1.0107839e-06
2277,2,9.7262279e-07
2278,2,9.7233174e-07
2279,2,1.0079713e-06
2280,2,1.1998769e-07
2281,2,1.2938901e-07
2282,2,1.2917677e-07
2283,2,1.2595833e-07
2284,2,6.7974197e-08
2285,2,1.3233951e-07
2286,2,1.1332811e-07
2287,2,1.2744468e-07
2288,2,1.2876021e-07
2289,2,1.2280268e-07
2290,2,1.5785044e-07
2291,2,1.1325423e-07
2292,2,1.0262736e-07
2293,2,1.2451882e-07
2294,2,1.2615732e-07
2295,2,1.1987867e-07
2296,2,6.5102096e-08
2297,2,7.5894297e-08
2298,2,1.5572477e-07
2299,2,1.2699146e-07
2300,2,1.0078566e-06
2301,2,9.7128749e-07
2302,2,9.7112723e-07
2303,2,1.0058732e-06
2304,2,1.1875038e-07
2305,2,1.2383736e-07
2306,2,1.2639268e-07
2307,2,1.4584977e-07
2308,2,1.0793172e-06
2309,1,2.4626615101500615e-07
2309,2,7.625285489849939e-07
2310,1,6.104253629519823e-07
2310,2,4.182942370480176e-07
2311,1,8.182580549203912e-07
2311,2,1.251676150796087e-07
2312,1,9.587594661677997e-07
2312,2,3.088625383220027e-08
2313,1,9.586794617201465e-07
2313,2,3.084448827985358e-08
2314,1,8.180959915591947e-07
2314,2,1.249070284408053e-07
2315,1,6.113076905874868e-07
2315,2,4.186156094125131e-07
2316,1,2.471935635123846e-07
2316,2,7.638965364876154e-07
2317,2,1.0799231e-06
2318,2,1.1353674e-07
2319,2,9.1085664e-08
2320,2,8.3561927e-08
2321,2,1.1763458e-07
2322,1,1.5512347898635625e-07
2322,2,9.395349210136437e-07
2323,1,6.855537325640557e-07
2323,2,2.833171174359444e-07
2324,1,1.0147442e-06
2325,1,1.0073935e-06
2326,1,1.0001886e-06
2327,1,9.959305e-07
2328,1,9.9591064e-07
2329,1,1.0002042e-06
2330,1,1.0078995e-06
2331,1,1.0154127e-06
2332,1,6.855164973118627e-07
2332,2,2.8331226268813747e-07
2333,1,1.5431408939344076e-07
2333,2,9.367845106065592e-07
2334,2,1.238351e-07
2335,2,1.3793287e-07
2336,2,1.1590241e-07
2337,1,2.944019047555268e-07
2337,2,7.570126952444732e-07
2338,1,9.157685255204756e-07
2338,2,3.540506447952436e-08
2339,1,1.0120385e-06
2340,1,1.0111949e-06
2341,1,1.0071201e-06
2342,0,1.584572520298695e-07
2342,1,8.441904479701305e-07
2343,0,3.14257022616792e-07
2343,1,6.85632537383208e-07
2344,0,3.142980018025663e-07
2344,1,6.855953881974336e-07
2345,0,1.5858851822947927e-07
2345,1,8.441028817705208e-07
2346,1,1.007279e-06
2347,1,1.01129e-06
2348,1,1.0116381e-06
2349,1,9.145991359796606e-07
2349,2,3.517227402033944e-08
2350,1,2.9357364065561533e-07
2350,2,7.557000593443847e-07
2351,2,1.1404158e-07
2352,2,1.146792e-07
2353,2,1.4842149e-07
2354,1,1.5527132486840356e-07
2354,2,9.413621751315964e-07
2355,1,9.162333407591546e-07
2355,2,3.587837924084544e-08
2356,1,1.0079206e-06
2357,1,1.0094682e-06
2358,0,3.018225555912051e-07
2358,1,7.068681444087948e-07
2359,0,7.861364544551249e-07
2359,1,2.2014184554487528e-07
2360,0,1.0035914e-06
2361,0,1.0018688e-06
2362,0,1.0018677e-06
2363,0,1.0035888e-06
2364,0,7.862666942258404e-07
2364,1,2.200014057741595e-07
2365,0,3.0190285341254686e-07
2365,1,7.066736465874532e-07
2366,1,1.0090682e-06
2367,1,1.007086e-06
2368,1,9.154503821437807e-07
2368,2,3.5628797856219224e-08
2369,1,1.552752852252967e-07
2369,2,9.407422147747032e-07
2370,2,1.237865e-07
2371,2,7.2696545e-08
2372,2,7.700462e-08
2373,2,1.0783846e-06
2374,1,6.858713806234747e-07
2374,2,2.835414793765254e-07
2375,1,1.0125007e-06
2376,1,1.0096119e-06
2377,0,4.5820007575864953e-07
2377,1,5.502646242413505e-07
2378,0,1.0071976e-06
2379,0,1.0054433e-06
2380,0,1.0036995e-06
2381,0,1.0026056e-06
2382,0,1.0025949e-06
2383,0,1.0036636e-06
2384,0,1.0053715e-06
2385,0,1.0070384e-06
2386,0,4.581908006726164e-07
2386,1,5.499934993273836e-07
2387,1,1.0092344e-06
2388,1,1.0122229e-06
2389,1,6.862494541445674e-07
2389,2,2.834291058554325e-07
2390,2,1.0809766e-06
2391,2,1.5204073e-07
2392,2,1.562104e-07
2393,1,2.4621265093378665e-07
2393,2,7.619582490662134e-07
2394,1,1.0147259e-06
2395,1,1.0113839e-06
2396,0,3.017770269903899e-07
2396,1,7.070550730096101e-07
2397,0,1.0072643e-06
2398,0,1.0059174e-06
2399,0,1.0045296e-06
2400,0,1.0033353e-06
2401,0,1.0026427e-06
2402,0,1.0026307e-06
2403,0,1.0032966e-06
2404,0,1.0044594e-06
2405,0,1.005795e-06
2406,0,1.0071058e-06
2407,0,3.019285445415713e-07
2407,1,7.067425554584287e-07
2408,1,1.0113445e-06
2409,1,1.0150151e-06
2410,1,2.465995910436437e-07
2410,2,7.621167089563563e-07
2411,2,1.3040962e-07
2412,2,6.9611838e-08
2413,2,1.2678738e-07
2414,1,6.101464147394337e-07
2414,2,4.1869588526056625e-07
2415,1,1.0076022e-06
2416,1,1.0073606e-06
2417,0,7.861288675364364e-07
2417,1,2.2035653246356352e-07
2418,0,1.0055828e-06
2419,0,1.0045987e-06
2420,0,1.0036171e-06
2421,0,1.0028294e-06
2422,0,1.0023992e-06
2423,0,1.0023882e-06
2424,0,1.0027947e-06
2425,0,1.0035565e-06
2426,0,1.0045121e-06
2427,0,1.0055013e-06
2428,0,7.863403391101526e-07
2428,1,2.2010616088984734e-07
2429,1,1.0074208e-06
2430,1,1.0078199e-06
2431,1,6.103984778320966e-07
2431,2,4.184785221679035e-07
2432,2,1.2860316e-07
2433,2,1.3739737e-07
2434,2,1.0254256e-07
2435,2,1.0087182e-06
2436,1,8.180417724978328e-07
2436,2,1.260896175021672e-07
2437,1,1.0008015e-06
2438,0,1.582572711664329e-07
2438,1,8.44845928833567e-07
2439,0,1.003906e-06
2440,0,1.0038996e-06
2441,0,1.0034552e-06
2442,0,1.0028766e-06
2443,0,1.0024021e-06
2444,0,1.0021341e-06
2445,0,1.0021275e-06
2446,0,1.0023826e-06
2447,0,1.0028462e-06
2448,0,1.0034226e-06
2449,0,1.0039012e-06
2450,0,1.0039851e-06
2451,0,1.5856765169225043e-07
2451,1,8.447192483077495e-07
2452,1,1.0011625e-06
2453,1,8.187439051341896e-07
2453,2,1.261159248658104e-07
2454,2,1.0106951e-06
2455,2,1.1235142e-07
2456,2,1.2543191e-07
2457,2,9.7416043e-07
2458,1,9.590746939669345e-07
2458,2,3.22801960330654e-08
2459,1,9.9700846e-07
2460,0,3.141386859457481e-07
2460,1,6.864282140542519e-07
2461,0,1.0022959e-06
2462,0,1.0028667e-06
2463,0,1.002797e-06
2464,0,1.0024763e-06
2465,0,1.002162e-06
2466,0,1.0019753e-06
2467,0,1.0019735e-06
2468,0,1.0021575e-06
2469,0,1.0024719e-06
2470,0,1.0027988e-06
2471,0,1.002891e-06
2472,0,1.002355e-06
2473,0,3.1439085901046127e-07
2473,1,6.863172409895387e-07
2474,1,9.9724206e-07
2475,1,9.594807310056867e-07
2475,2,3.219995899431328e-08
2476,2,9.7457254e-07
2477,2,1.2766276e-07
2478,2,1.2636404e-07
2479,2,9.74158e-07
2480,1,9.591754184946408e-07
2480,2,3.2232851505359415e-08
2481,1,9.9704287e-07
2482,0,3.141833197132932e-07
2482,1,6.863897802867068e-07
2483,0,1.0022874e-06
2484,0,1.0028538e-06
2485,0,1.0027843e-06
2486,0,1.0024714e-06
2487,0,1.0021633e-06
2488,0,1.0019819e-06
2489,0,1.0019845e-06
2490,0,1.0021724e-06
2491,0,1.0024899e-06
2492,0,1.0028186e-06
2493,0,1.0029053e-06
2494,0,1.0023579e-06
2495,0,3.143184274050987e-07
2495,1,6.863381725949012e-07
2496,1,9.9709995e-07
2497,1,9.591652869277316e-07
2497,2,3.21944230722683e-08
2498,2,9.7388803e-07
2499,2,1.2905253e-07
2500,2,1.2005895e-07
2501,2,1.0092921e-06
2502,1,8.183359192246897e-07
2502,2,1.260011307753103e-07
2503,1,1.0009071e-06
2504,0,1.583713676426448e-07
2504,1,8.447376323573552e-07
2505,0,1.0038657e-06
2506,0,1.0038569e-06
2507,0,1.0034193e-06
2508,0,1.0028636e-06
2509,0,1.0024075e-06
2510,0,1.0021548e-06
2511,0,1.0021607e-06
2512,0,1.0024268e-06
2513,0,1.0028989e-06
2514,0,1.0034773e-06
2515,0,1.0039254e-06
2516,0,1.0039395e-06
2517,0,1.5840604143340578e-07
2517,1,8.447440585665942e-07
2518,1,1.0008418e-06
2519,1,8.180621182372731e-07
2519,2,1.2597796176272697e-07
2520,2,1.0082062e-06
2521,2,1.2303641e-07
2522,2,6.4490653e-08
2523,2,1.1859821e-07
2524,1,6.105407633364942e-07
2524,2,4.187094366635058e-07
2525,1,1.00771e-06
2526,1,1.0073086e-06
2527,0,7.861410857699223e-07
2527,1,2.202300142300777e-07
2528,0,1.0054778e-06
2529,0,1.0045397e-06
2530,0,1.0035959e-06
2531,0,1.0028424e-06
2532,0,1.002437e-06
2533,0,1.0024447e-06
2534,0,1.0028671e-06
2535,0,1.003645e-06
2536,0,1.0046182e-06
2537,0,1.0055802e-06
2538,0,7.862278109061069e-07
2538,1,2.2024798909389303e-07
2539,1,1.0073565e-06
2540,1,1.0076224e-06
2541,1,6.102453572036802e-07
2541,2,4.1864444279631994e-07
2542,2,1.1993089e-07
2543,2,1.5939369e-07
2544,2,1.2382926e-07
2545,1,2.464459067834704e-07
2545,2,7.621271932165296e-07
2546,1,1.014655e-06
2547,1,1.0111215e-06
2548,0,3.0176210249855917e-07
2548,1,7.068194975014408e-07
2549,0,1.007079e-06
2550,0,1.005838e-06
2551,0,1.0045084e-06
2552,0,1.0033682e-06
2553,0,1.0027052e-06
2554,0,1.002712e-06
2555,0,1.0033931e-06
2556,0,1.0045623e-06
2557,0,1.0059238e-06
2558,0,1.0072229e-06
2559,0,3.018296212438968e-07
2559,1,7.069232787561032e-07
2560,1,1.0112531e-06
2561,1,1.0146511e-06
2562,1,2.463523001760343e-07
2562,2,7.618215998239657e-07
2563,2,1.2879661e-07
2564,2,1.1048496e-07
2565,2,1.2112069e-07
2566,2,1.076207e-06
2567,1,6.856036433989878e-07
2567,2,2.8294485660101223e-07
2568,1,1.011806e-06
2569,1,1.0091439e-06
2570,0,4.5803108338640096e-07
2570,1,5.501721166135989e-07
2571,0,1.0071136e-06
2572,0,1.0054504e-06
2573,0,1.0037774e-06
2574,0,1.0027034e-06
2575,0,1.0027021e-06
2576,0,1.0037762e-06
2577,0,1.0054812e-06
2578,0,1.0071929e-06
2579,0,4.5811736730880254e-07
2579,1,5.502755326911974e-07
2580,1,1.0094363e-06
2581,1,1.012117e-06
2582,1,6.858377312975782e-07
2582,2,2.832878487024218e-07
2583,2,1.0804173e-06
2584,2,1.3011007e-07
2585,2,1.1662592e-07
2586,1,1.5581387961232547e-07
2586,2,9.407297203876745e-07
2587,1,9.156635603960115e-07
2587,2,3.528820960398851e-08
2588,1,1.0072367e-06
2589,1,1.0091735e-06
2590,0,3.0169536571214594e-07
2590,1,7.06940534287854e-07
2591,0,7.861210953305163e-07
2591,1,2.2022420466948367e-07
2592,0,1.0037588e-06
2593,0,1.0020241e-06
2594,0,1.002002e-06
2595,0,1.0036996e-06
2596,0,7.860171328367761e-07
2596,1,2.2028006716322393e-07
2597,0,3.01629192917902e-07
2597,1,7.070023070820981e-07
2598,1,1.0093584e-06
2599,1,1.007713e-06
2600,1,9.159071736089939e-07
2600,2,3.523116639100616e-08
2601,1,1.5498889656935049e-07
2601,2,9.377738034306494e-07
2602,2,1.2089058e-07
2603,2,1.2405442e-07
2604,2,9.4828386e-08
2605,2,1.2417982e-07
2606,1,2.9379048781841293e-07
2606,2,7.55977712181587e-07
2607,1,9.147310160197797e-07
2607,2,3.5701013980220266e-08
2608,1,1.01177e-06
2609,1,1.0112884e-06
2610,1,1.0072924e-06
2611,0,1.585685660438243e-07
2611,1,8.443705339561756e-07
2612,0,3.144195400604659e-07
2612,1,6.85766259939534e-07
2613,0,3.143745337576993e-07
2613,1,6.857536662423007e-07
2614,0,1.5845788039527628e-07
2614,1,8.443171196047236e-07
2615,1,1.0070837e-06
2616,1,1.0110308e-06
2617,1,1.0118027e-06
2618,1,9.156967607432168e-07
2618,2,3.572517925678325e-08
2619,1,2.952621588957701e-07
2619,2,7.5847014110423e-07
2620,2,1.207365e-07
2621,2,1.7150742e-07
2622,2,1.3689117e-07
2623,2,1.1424618e-07
2624,1,1.5389624111057517e-07
2624,2,9.374095588894248e-07
2625,1,6.851229957528043e-07
2625,2,2.834776842471957e-07
2626,1,1.0152671e-06
2627,1,1.0077761e-06
2628,1,1.0006714e-06
2629,1,9.9642255e-07
2630,1,9.9631535e-07
2631,1,1.0003571e-06
2632,1,1.0073515e-06
2633,1,1.0143267e-06
2634,1,6.844838978411099e-07
2634,2,2.8320779215889014e-07
2635,1,1.5436537784311082e-07
2635,2,9.381757221568891e-07
2636,2,1.2133104e-07
2637,2,1.2375433e-07
2638,2,7.1297791e-08
2639,2,1.1390445e-07
2640,2,1.2224338e-07
2641,2,1.0790111e-06
2642,1,2.4692871104846165e-07
2642,2,7.640048889515385e-07
2643,1,6.108783158162949e-07
2643,2,4.18488284183705e-07
2644,1,8.188774906345529e-07
2644,2,1.2524237936544707e-07
2645,1,9.594882357883082e-07
2645,2,3.088239421169179e-08
2646,1,9.593436690714379e-07
2646,2,3.088068092856215e-08
2647,1,8.184654324373471e-07
2647,2,1.251518075626529e-07
2648,1,6.104734188957465e-07
2648,2,4.184195811042534e-07
2649,1,2.4590242466084336e-07
2649,2,7.625280753391567e-07
2650,2,1.0746936e-06
2651,2,1.205743e-07
2652,2,1.7148292e-07
2653,2,7.1959883e-08
2654,2,7.3316645e-08
2655,2,1.5067192e-07
2656,2,1.3128303e-07
2657,2,1.2868193e-07
2658,2,1.0088511e-06
2659,2,9.7213222e-07
2660,2,9.7210878e-07
2661,2,1.0077077e-06
2662,2,1.1996945e-07
2663,2,1.2939273e-07
2664,2,1.2799031e-07
2665,2,1.267117e-07
2666,2,7.0233233e-08
2667,2,1.3519498e-07
2668,2,1.124118e-07
2669,2,1.2726151e-07
2670,2,1.2865034e-07
2671,2,1.2262799e-07
2672,2,1.5792353e-07
2673,2,1.1360804e-07
2674,2,1.0409211e-07
2675,2,1.24702e-07
2676,2,1.2621887e-07
2677,2,1.1961222e-07
2678,2,6.3967267e-08
2679,2,7.4063105e-08
2680,2,1.5486864e-07
2681,2,1.2605499e-07
2682,2,1.0070253813317349e-06
2682,5,1.4149186682652234e-09
2683,2,9.7167102e-07
2684,2,9.7139594e-07
2685,2,1.0053527886984216e-06
2685,5,1.3566113015784001e-09
2686,2,1.1890538e-07
2687,2,1.2303095e-07
2688,2,1.2393822e-07
2689,2,1.445923e-07
2690,2,1.0642192486520767e-06
2690,5,1.3573451347923308e-08
2691,1,2.458552063369502e-07
2691,2,7.613922675361538e-07
2691,4,4.1621046615449873e-10
2691,5,1.2977156607414965e-09
2692,1,6.074119215950974e-07
2692,2,4.1614591429606023e-07
2692,4,2.859979774984455e-09
2692,5,1.9694843338579457e-09
2693,1,8.183505051512952e-07
2693,2,1.2515283484870474e-07
2694,1,9.589393049224728e-07
2694,2,3.081030507752729e-08
2695,1,9.588504476723093e-07
2695,2,3.0773972327690894e-08
2696,1,8.182173887030749e-07
2696,2,1.2492965129692504e-07
2697,1,6.082494581126689e-07
2697,2,4.1670675220491765e-07
2697,4,3.028989732970029e-09
2697,5,2.0857999494433756e-09
2698,1,2.463548075282208e-07
2698,2,7.622997517765561e-07
2698,4,3.7305687671378804e-10
2698,5,1.162183818509237e-09
2699,2,1.0642861694898553e-06
2699,5,1.3540630510144814e-08
2700,2,1.1467902e-07
2701,2,8.9570818e-08
2702,2,8.4292945e-08
2703,2,1.1945036e-07
2704,1,1.5248009670039177e-07
2704,2,9.24270503335685e-07
2704,4,2.2407692689947925e-09
2704,5,1.3719330694928428e-08
2705,1,6.85179870223021e-07
2705,2,2.833467397769791e-07
2706,1,1.0120843213801785e-06
2706,4,2.5120786198215618e-09
2707,1,1.0060270736655646e-06
2707,4,1.207126334435319e-09
2708,1,1.0001219821568064e-06
2708,4,9.17843193522632e-13
2709,1,9.9591257e-07
2710,1,9.9588784e-07
2711,1,1.0000815274372778e-06
2711,4,5.487256272239304e-11
2712,1,1.0064539082866964e-06
2712,4,1.284791713303662e-09
2713,1,1.0125692241714136e-06
2713,4,2.4388758285863173e-09
2714,1,6.851703973274304e-07
2714,2,2.831720526725695e-07
2715,1,1.5247234045912503e-07
2715,2,9.244572776119525e-07
2715,4,2.2033168475710615e-09
2715,5,1.349346508135138e-08
2716,2,1.2373536e-07
2717,2,1.3836043e-07
2718,2,1.1971155e-07
2719,1,2.924318955076097e-07
2719,2,7.517713122710974e-07
2719,4,2.587825187356349e-09
2719,5,6.693367033936406e-09
2720,1,9.153625468808135e-07
2720,2,3.542281311918652e-08
2721,1,1.0097804886187726e-06
2721,4,1.97401138122734e-09
2722,1,1.009174354982451e-06
2722,4,1.8152450175488815e-09
2723,1,1.0058575850345866e-06
2723,4,1.115114965413337e-09
2724,0,1.5823329328112903e-07
2724,1,8.439603522752256e-07
2724,3,5.789415809984619e-11
2724,4,3.137602855455886e-10
2725,0,3.1417659915256823e-07
2725,1,6.856701008474317e-07
2726,0,3.142094257040487e-07
2726,1,6.856364642959513e-07
2727,0,1.5833741514397953e-07
2727,1,8.438562364516681e-07
2727,3,6.200025343202533e-11
2727,4,3.357481509204997e-10
2728,1,1.0059809559824638e-06
2728,4,1.1260440175363502e-09
2729,1,1.009288757644153e-06
2729,4,1.74644235584683e-09
2730,1,1.0096338251949862e-06
2730,4,1.7886748050139494e-09
2731,1,9.146035247038012e-07
2731,2,3.528084529619877e-08
2732,1,2.9119920281541334e-07
2732,2,7.496540228329787e-07
2732,4,2.2888114999429052e-09
2732,5,5.9283628516650725e-09
2733,2,1.1393178e-07
2734,2,1.121917e-07
2735,2,1.4412929e-07
2736,1,1.5247243822551103e-07
2736,2,9.255720103994815e-07
2736,4,2.3647381567866543e-09
2736,5,1.4499513218220846e-08
2737,1,9.157888364111753e-07
2737,2,3.5914173588824633e-08
2738,1,1.0063052101935634e-06
2738,4,1.2444898064365689e-09
2739,1,1.007708257070899e-06
2739,4,1.4817429291009787e-09
2740,0,3.0089300000561675e-07
2740,1,7.062609309806714e-07
2740,3,4.022146033673148e-10
2740,4,9.536544103443583e-10
2741,0,7.849098639480797e-07
2741,1,2.2030852748749319e-07
2741,3,7.51320461229655e-10
2741,4,2.134881031974847e-10
2742,0,1.003026957241466e-06
2742,3,5.325427585340189e-10
2743,0,1.0016108491361382e-06
2743,3,2.6225086386166736e-10
2744,0,1.0016037117663675e-06
2744,3,2.6538823363246685e-10
2745,0,1.0030086841090734e-06
2745,3,5.350158909266276e-10
2746,0,7.850390917250275e-07
2746,1,2.201814398428371e-07
2746,3,7.373144045409482e-10
2746,4,2.093540275944271e-10
2747,0,3.010008902727422e-07
2747,1,7.061197146307611e-07
2747,3,3.813106536047604e-10
2747,4,9.035844428919687e-10
2748,1,1.0075348193497351e-06
2748,4,1.3335806502648693e-09
2749,1,1.00589171755579e-06
2749,4,1.0016824442098107e-09
2750,1,9.149883074520835e-07
2750,2,3.577064254791655e-08
2751,1,1.5240014235418159e-07
2751,2,9.256318936417597e-07
2751,4,2.290779859285919e-09
2751,5,1.4053684144772666e-08
2752,2,1.2358689e-07
2753,2,7.3203802e-08
2754,2,7.6096283e-08
2755,2,1.0638778383116393e-06
2755,5,1.3446361688360642e-08
2756,1,6.852830618394641e-07
2756,2,2.834726581605359e-07
2757,1,1.010024086887494e-06
2757,4,2.0336131125061513e-09
2758,1,1.0077846029372595e-06
2758,4,1.4911970627404059e-09
2759,0,4.569557876160855e-07
2759,1,5.4998829816375e-07
2759,3,5.86488140796159e-10
2759,4,7.11926079368283e-10
2760,0,1.0059698809761017e-06
2760,3,1.109819023898174e-09
2761,0,1.0045781579230052e-06
2761,3,8.481420769948884e-10
2762,0,1.0031791154835065e-06
2762,3,5.868845164934154e-10
2763,0,1.0022895263842345e-06
2763,3,4.229736157654054e-10
2764,0,1.0022805125402407e-06
2764,3,4.212874597592321e-10
2765,0,1.003149974173219e-06
2765,3,5.762258267808936e-10
2766,0,1.0045438620167384e-06
2766,3,8.182379832617294e-10
2767,0,1.005908825329705e-06
2767,3,1.0410746702950815e-09
2768,0,4.570480588394465e-07
2768,1,5.497994585750202e-07
2768,3,5.350500913002751e-10
2768,4,6.491324942328484e-10
2769,1,1.0076811802752345e-06
2769,4,1.3316197247656363e-09
2770,1,1.010060087753231e-06
2770,4,1.8514122467688958e-09
2771,1,6.858986183429651e-07
2771,2,2.83570451657035e-07
2772,2,1.0680477781871872e-06
2772,5,1.4331221812812904e-08
2773,2,1.5346481e-07
2774,2,1.5472245e-07
2775,1,2.456715128738662e-07
2775,2,7.605297046489815e-07
2775,4,2.9695442214350097e-10
2775,5,9.255280550088715e-10
2776,1,1.0118347507328282e-06
2776,4,2.4114492671717866e-09
2777,1,1.0092181561060752e-06
2777,4,1.8106438939248657e-09
2778,0,3.008022325228527e-07
2778,1,7.064197561403606e-07
2778,3,4.0447961707039324e-10
2778,4,9.595317197164616e-10
2779,0,1.00601685940121e-06
2779,3,1.1185405987901478e-09
2780,0,1.0049909029715645e-06
2780,3,9.342970284353746e-10
2781,0,1.0039234511755646e-06
2781,3,7.487488244354776e-10
2782,0,1.0029611820669342e-06
2782,3,5.854179330658993e-10
2783,0,1.0023787440503103e-06
2783,3,4.859559496897845e-10
2784,0,1.0023716185112865e-06
2784,3,4.818814887134499e-10
2785,0,1.0029404005762937e-06
2785,3,5.702994237063907e-10
2786,0,1.0038947191648047e-06
2786,3,7.152808351951698e-10
2787,0,1.0049548430048005e-06
2787,3,8.713569951994935e-10
2788,0,1.0059992632116477e-06
2788,3,1.0235367883522793e-09
2789,0,3.0102286270283113e-07
2789,1,7.062496675151759e-07
2789,3,3.6726717499991324e-10
2789,4,8.704026069929826e-10
2790,1,1.009446514522197e-06
2790,4,1.6737854778031059e-09
2791,1,1.012486017599396e-06
2791,4,2.3326824006042354e-09
2792,1,2.462692650017755e-07
2792,2,7.613488856217241e-07
2792,4,3.36523245758594e-10
2792,5,1.047426130741789e-09
2793,2,1.307242e-07
2794,2,6.970806e-08
2795,2,1.2703831e-07
2796,1,6.069606264066353e-07
2796,2,4.164506135451558e-07
2796,4,2.884890756378363e-09
2796,5,1.989569291830449e-09
2797,1,1.0060217038021826e-06
2797,4,1.238996197817381e-09
2798,1,1.0059635777533823e-06
2798,4,1.153322246617562e-09
2799,0,7.848280499988202e-07
2799,1,2.205142246739932e-07
2799,3,7.774771733823859e-10
2799,4,2.2114815380415867e-10
2800,0,1.0046740704781076e-06
2800,3,8.73429521892461e-10
2801,0,1.0039748919451718e-06
2801,3,7.628080548282336e-10
2802,0,1.003226223840488e-06
2802,3,6.562761595119868e-10
2803,0,1.0025596703277854e-06
2803,3,5.548296722146543e-10
2804,0,1.0021818878613213e-06
2804,3,4.911121386787795e-10
2805,0,1.0021774636273442e-06
2805,3,4.861363726557915e-10
2806,0,1.0025466239477104e-06
2806,3,5.371760522896142e-10
2807,0,1.0032113470019143e-06
2807,3,6.211529980858035e-10
2808,0,1.0039780366673019e-06
2808,3,7.052633326981779e-10
2809,0,1.0047241094034568e-06
2809,3,7.895905965433863e-10
2810,0,7.85153807785162e-07
2810,1,2.2032684084361203e-07
2810,3,6.904921579053879e-10
2810,4,1.9615921332059908e-10
2811,1,1.006246046404365e-06
2811,4,1.0189535956348891e-09
2812,1,1.0065463309247712e-06
2812,4,1.1093690752286186e-09
2813,1,6.074952807334148e-07
2813,2,4.1663820851440556e-07
2813,4,2.8214982003583848e-09
2813,5,1.9450125518212603e-09
2814,2,1.2850245e-07
2815,2,1.3507057e-07
2816,2,1.0293484e-07
2817,2,1.0069072346753777e-06
2817,5,1.863365324622252e-09
2818,1,8.180346130787822e-07
2818,2,1.2601362692121776e-07
2819,1,1.0004890534020459e-06
2819,4,1.5754659795412488e-10
2820,0,1.5799792534315798e-07
2820,1,8.444921442343374e-07
2820,3,7.355290483157234e-11
2820,4,3.994775176729282e-10
2821,0,1.0032412712445565e-06
2821,3,5.986287554434395e-10
2822,0,1.0033216269612304e-06
2822,3,6.296730387696098e-10
2823,0,1.0030542840877504e-06
2823,3,6.125159122497382e-10
2824,0,1.0025965446890083e-06
2824,3,5.665553109916074e-10
2825,0,1.0021747599206106e-06
2825,3,5.066400793894309e-10
2826,0,1.0019348177661003e-06
2826,3,4.694822338997194e-10
2827,0,1.0019355932240279e-06
2827,3,4.6410677597224986e-10
2828,0,1.0021795576117854e-06
2828,3,4.894423882144211e-10
2829,0,1.0026135145177655e-06
2829,3,5.333854822346218e-10
2830,0,1.0031029310790478e-06
2830,3,5.589689209522773e-10
2831,0,1.0034435152403433e-06
2831,3,5.528847596566468e-10
2832,0,1.0034736763525953e-06
2832,3,4.97423647404742e-10
2833,0,1.5830170734427872e-07
2833,1,8.445586427958772e-07
2833,3,5.3659458702923767e-11
2833,4,2.908904011412446e-10
2834,1,1.0010587567250756e-06
2834,4,6.043274924503836e-12
2835,1,8.18697736457695e-07
2835,2,1.2609920354230495e-07
2836,2,1.0088862311453508e-06
2836,5,1.7354688546492258e-09
2837,2,1.1314095e-07
2838,2,1.2530836e-07
2839,2,9.7445849e-07
2840,1,9.592236556094559e-07
2840,2,3.2182794390544225e-08
2841,1,9.9694749e-07
2842,0,3.1402625281506457e-07
2842,1,6.8639681810399e-07
2842,3,2.276894923739972e-11
2842,4,5.026013170789947e-11
2843,0,1.0019331320433342e-06
2843,3,3.5456795666581156e-10
2844,0,1.0024890004020101e-06
2844,3,4.82799597989866e-10
2845,0,1.0024998190273772e-06
2845,3,5.235809726228816e-10
2846,0,1.0022415478563484e-06
2846,3,5.118521436515815e-10
2847,0,1.0019551533102463e-06
2847,3,4.776466897536832e-10
2848,0,1.0017865001953468e-06
2848,3,4.536998046533226e-10
2849,0,1.0017923416204232e-06
2849,3,4.4825837957671744e-10
2850,0,1.0019755318286157e-06
2850,3,4.599681713842672e-10
2851,0,1.002284260047158e-06
2851,3,4.778399528420752e-10
2852,0,1.0025806809956791e-06
2852,3,4.68219004320897e-10
2853,0,1.0026317196696659e-06
2853,3,3.991803303342092e-10
2854,0,1.00214452352099e-06
2854,3,2.349764790101306e-10
2855,0,3.14271752074664e-07
2855,1,6.863951479253359e-07
2856,1,9.9718657e-07
2857,1,9.595436314333553e-07
2857,2,3.2145858566644736e-08
2858,2,9.7472618e-07
2859,2,1.2779428e-07
2860,2,1.2661641e-07
2861,2,9.7462149e-07
2862,1,9.59360419579588e-07
2862,2,3.2153730420412195e-08
2863,1,9.9699893e-07
2864,0,3.140655430205427e-07
2864,1,6.863589074845083e-07
2864,3,2.6301695929757563e-11
2864,4,5.804779901936005e-11
2865,0,1.0019218876295576e-06
2865,3,3.618123704424182e-10
2866,0,1.002477325242964e-06
2866,3,4.870747570361728e-10
2867,0,1.0024876827518105e-06
2867,3,5.251172481896011e-10
2868,0,1.0022370981043352e-06
2868,3,5.118018956649607e-10
2869,0,1.0019573042936219e-06
2869,3,4.769957063782071e-10
2870,0,1.001794118191963e-06
2870,3,4.52581808036934e-10
2871,0,1.001804793105729e-06
2871,3,4.469068942711366e-10
2872,0,1.001992383831497e-06
2872,3,4.5841616850290634e-10
2873,0,1.0023049131035808e-06
2873,3,4.760868964192984e-10
2874,0,1.002603188288606e-06
2874,3,4.6491171139400584e-10
2875,0,1.0026505995616834e-06
2875,3,3.931004383167382e-10
2876,0,1.002159625333368e-06
2876,3,2.235746666320625e-10
2877,0,3.1420441279702974e-07
2877,1,6.864147872029702e-07
2878,1,9.970542e-07
2879,1,9.592492444468698e-07
2879,2,3.21296355531303e-08
2880,2,9.7399994e-07
2881,2,1.2888388e-07
2882,2,1.200402e-07
2883,2,1.008206676958192e-06
2883,5,2.0975230418079305e-09
2884,1,8.184551606965842e-07
2884,2,1.2604098930341585e-07
2885,1,1.0006023050994264e-06
2885,4,2.0879490057371967e-10
2886,0,1.5810436923803533e-07
2886,1,8.443882981883123e-07
2886,3,7.901812183797519e-11
2886,4,4.288144518144842e-10
2887,0,1.0032048826203431e-06
2887,3,6.202173796568556e-10
2888,0,1.0032845462628532e-06
2888,3,6.412537371467011e-10
2889,0,1.0030194613746034e-06
2889,3,6.150386253964186e-10
2890,0,1.0025859635782899e-06
2890,3,5.656364217099667e-10
2891,0,1.0021829151829768e-06
2891,3,5.035848170232495e-10
2892,0,1.0019593740695491e-06
2892,3,4.650259304508039e-10
2893,0,1.0019741335353032e-06
2893,3,4.589664646967584e-10
2894,0,1.0022304333302616e-06
2894,3,4.83766669738428e-10
2895,0,1.0026735297592263e-06
2895,3,5.261702407736825e-10
2896,0,1.0031644294644847e-06
2896,3,5.468705355152854e-10
2897,0,1.0034864230299125e-06
2897,3,5.318769700873941e-10
2898,0,1.0034772914640954e-06
2898,3,4.583085359046346e-10
2899,0,1.5816464092921632e-07
2899,1,8.446439639880205e-07
2899,3,4.3336408846834867e-11
2899,4,2.351586739162574e-10
2900,1,1.0007801e-06
2901,1,8.18141518153997e-07
2901,2,1.2596999184600296e-07
2902,2,1.0073153503301847e-06
2902,5,1.2919496698151982e-09
2903,2,1.2291998e-07
2904,2,6.3537076e-08
2905,2,1.1853364e-07
2906,1,6.073009435903551e-07
2906,2,4.1653452121901644e-07
2906,4,2.9570407976905707e-09
2906,5,2.0385943929378527e-09
2907,1,1.006118997534897e-06
2907,4,1.3246024651029282e-09
2908,1,1.0059042835208553e-06
2908,4,1.2051164791447284e-09
2909,0,7.848643203472063e-07
2909,1,2.2037146971257074e-07
2909,3,7.991528024240605e-10
2909,4,2.2715713779873714e-10
2910,0,1.0045805459608915e-06
2910,3,8.840540391085685e-10
2911,0,1.003918827858718e-06
2911,3,7.616721412820468e-10
2912,0,1.0032109232066192e-06
2912,3,6.50076793380879e-10
2913,0,1.0025786402059833e-06
2913,3,5.45159794016532e-10
2914,0,1.0022282740691818e-06
2914,3,4.797259308180988e-10
2915,0,1.0022457195949755e-06
2915,3,4.72880405024647e-10
2916,0,1.0026341858252235e-06
2916,3,5.232141747765996e-10
2917,0,1.0033166870618597e-06
2917,3,6.064129381402556e-10
2918,0,1.0040943349465918e-06
2918,3,6.865650534082387e-10
2919,0,1.004826814984411e-06
2919,3,7.583850155889249e-10
2920,0,7.850766006237522e-07
2920,1,2.2048011305283168e-07
2920,3,6.482751520132907e-10
2920,4,1.8431117140275532e-10
2921,1,1.006273063064946e-06
2921,4,9.336369350540647e-10
2922,1,1.0065163486477185e-06
2922,4,9.955513522816528e-10
2923,1,6.075545355611318e-07
2923,2,4.168647363577777e-07
2923,4,2.7348837533194898e-09
2923,5,1.8861443277710096e-09
2924,2,1.1992436e-07
2925,2,1.5909492e-07
2926,2,1.2411525e-07
2927,1,2.458303612937839e-07
2927,2,7.608751841305174e-07
2927,4,3.68514948437158e-10
2927,5,1.1483396272616277e-09
2928,1,1.011792032723376e-06
2928,4,2.524667276624038e-09
2929,1,1.0089892678405971e-06
2929,4,1.866632159402979e-09
2930,0,3.0085752206253657e-07
2930,1,7.061527857279994e-07
2930,3,4.129999421345262e-10
2930,4,9.791922673294536e-10
2931,0,1.0058616714745932e-06
2931,3,1.1217285254068388e-09
2932,0,1.0049301691167025e-06
2932,3,9.252308832974077e-10
2933,0,1.0039233496949606e-06
2933,3,7.32950305039391e-10
2934,0,1.003009962128998e-06
2934,3,5.658378710019583e-10
2935,0,1.0024601058367963e-06
2935,3,4.6269416320381026e-10
2936,0,1.0024781707788556e-06
2936,3,4.551292211443282e-10
2937,0,1.003070471091553e-06
2937,3,5.416289084472266e-10
2938,0,1.0040372360616608e-06
2938,3,6.848639383391812e-10
2939,0,1.0051131927417996e-06
2939,3,8.401072582004259e-10
2940,0,1.0061567008101163e-06
2940,3,9.793991898835134e-10
2941,0,3.009329493025272e-07
2941,1,7.064869314777868e-07
2941,3,3.440412380986055e-10
2941,4,8.158779815873733e-10
2942,1,1.0094812655985803e-06
2942,4,1.5297344014196785e-09
2943,1,1.0122404334750631e-06
2943,4,2.1531665249368403e-09
2944,1,2.458492007458015e-07
2944,2,7.605940467431528e-07
2944,4,3.2064086800170306e-10
2944,5,9.987116430439558e-10
2945,2,1.2881384e-07
2946,2,1.1101105e-07
2947,2,1.2042038e-07
2948,2,1.0624532309898416e-06
2948,5,1.3286369010158437e-08
2949,1,6.851535239755725e-07
2949,2,2.829007960244274e-07
2950,1,1.0094502491179172e-06
2950,4,2.0628508820827832e-09
2951,1,1.0074121437996328e-06
2951,4,1.5110562003673627e-09
2952,0,4.5689783291908156e-07
2952,1,5.498441248448838e-07
2952,3,5.810330634658329e-10
2952,4,7.05209172568722e-10
2953,0,1.005918646805011e-06
2953,3,1.0804531949890204e-09
2954,0,1.0046115889290179e-06
2954,3,8.117110709821586e-10
2955,0,1.0032792088917742e-06
2955,3,5.509911082258155e-10
2956,0,1.0024178402472123e-06
2956,3,3.8085975278748187e-10
2957,0,1.0024301251084804e-06
2957,3,3.7117489151954163e-10
2958,0,1.0033199860545846e-06
2958,3,5.210139454155357e-10
2959,0,1.0047117965772251e-06
2959,3,7.600034227747528e-10
2960,0,1.006107436061678e-06
2960,3,9.920639383218325e-10
2961,0,4.569830399934587e-07
2961,1,5.501172145068823e-07
2961,3,5.11652387876866e-10
2961,4,6.211931117820771e-10
2962,1,1.007979521864266e-06
2962,4,1.2248781357341003e-09
2963,1,1.010265299195757e-06
2963,4,1.5607008042429781e-09
2964,1,6.855130201699943e-07
2964,2,2.833102998300057e-07
2965,2,1.0656787678201174e-06
2965,5,1.3564832179882647e-08
2966,2,1.2925693e-07
2967,2,1.1706154e-07
2968,1,1.5303537109241353e-07
2968,2,9.249284828605484e-07
2968,4,2.3835471771531714e-09
2968,5,1.455049886988503e-08
2969,1,9.154386227157618e-07
2969,2,3.53070572842382e-08
2970,1,1.0057745320480523e-06
2970,4,1.259267951947653e-09
2971,1,1.007492160329467e-06
2971,4,1.437739670532962e-09
2972,0,3.008398834476907e-07
2972,1,7.063078909640133e-07
2972,3,3.8196408483258525e-10
2972,4,9.058615034632275e-10
2973,0,7.849559531832374e-07
2973,1,2.203648676436964e-07
2973,3,6.988591534200759e-10
2973,4,1.9862001964625698e-10
2974,0,1.0032171147633728e-06
2974,3,4.778852366272827e-10
2975,0,1.0018032257643655e-06
2975,3,1.9597423563442224e-10
2976,0,1.0018017758757762e-06
2976,3,1.8222412422389346e-10
2977,0,1.0032192252499117e-06
2977,3,4.3787475008831505e-10
2978,0,7.848816529823044e-07
2978,1,2.2047713724711389e-07
2978,3,6.504398652391232e-10
2978,4,1.8496990534261738e-10
2979,0,3.007664314478178e-07
2979,1,7.065113124207362e-07
2979,3,3.554424940944737e-10
2979,4,8.434136373516091e-10
2980,1,1.0078760181306016e-06
2980,4,1.2957818693984063e-09
2981,1,1.0065405177329894e-06
2981,4,9.436822670105225e-10
2982,1,9.155299516635232e-07
2982,2,3.543457833647674e-08
2983,1,1.5305324242928836e-07
2983,2,9.265159043025895e-07
2983,4,2.120918834731393e-09
2983,5,1.2968134433390799e-08
2984,2,1.2148734e-07
2985,2,1.2695653e-07
2986,2,9.1834595e-08
2987,2,1.2417221e-07
2988,1,2.918653981059334e-07
2988,2,7.503624282540551e-07
2988,4,2.5902038879175023e-09
2988,5,6.699969752094138e-09
2989,1,9.147302921747013e-07
2989,2,3.5650127825298686e-08
2990,1,1.0096432146916379e-06
2990,4,1.8744853083621425e-09
2991,1,1.0093403464954843e-06
2991,4,1.6907535045158003e-09
2992,1,1.0060813856285426e-06
2992,4,1.0060143714575445e-09
2993,0,1.5834626378608576e-07
2993,1,8.441568963496183e-07
2993,3,4.655510258970482e-11
2993,4,2.521847617063934e-10
2994,0,3.1431028123597594e-07
2994,1,6.85778218764024e-07
2995,0,3.142603277208776e-07
2995,1,6.857804722791223e-07
2996,0,1.5822871722977406e-07
2996,1,8.442048239796532e-07
2996,3,3.6730733327028274e-11
2996,4,1.9912805724564105e-10
2997,1,1.005984805851522e-06
2997,4,9.169941484780555e-10
2998,1,1.009268492132269e-06
2998,4,1.5867078677311925e-09
2999,1,1.0099595192032452e-06
2999,4,1.7895807967546977e-09
3000,1,9.153990455386453e-07
3000,2,3.5963004461354756e-08
3001,1,2.921701513277605e-07
3001,2,7.512953966768559e-07
3001,4,2.329370401896708e-09
3001,5,6.026481593486747e-09
3002,2,1.2059015e-07
3003,2,1.7336958e-07
3004,2,1.3775016e-07
3005,2,1.1504798e-07
3006,1,1.517680254765057e-07
3006,2,9.239945472736845e-07
3006,4,2.237957502662506e-09
3006,5,1.37627697471472e-08
3007,1,6.84935490736639e-07
3007,2,2.8350914926336103e-07
3008,1,1.0126929459402167e-06
3008,4,2.3032540597833355e-09
3009,1,1.006464171551595e-06
3009,4,1.0513284484049036e-09
3010,1,1.0005146e-06
3011,1,9.9630775e-07
3012,1,9.9621808e-07
3013,1,1.0002455e-06
3014,1,1.006157168785365e-06
3014,4,9.020312146351378e-10
3015,1,1.01203134753034e-06
3015,4,2.0968524696599116e-09
3016,1,6.8474181641625e-07
3016,2,2.834918035837501e-07
3017,1,1.52104746062364e-07
3017,2,9.252432365876613e-07
3017,4,2.261201079071801e-09
3017,5,1.3893516270903009e-08
3018,2,1.2104641e-07
3019,2,1.2333867e-07
3020,2,7.2884228e-08
3021,2,1.2003575e-07
3022,2,1.2208694e-07
3023,2,1.0659796738704224e-06
3023,5,1.3123026129577664e-08
3024,1,2.464467909811726e-07
3024,2,7.626876474145491e-07
3024,4,3.4530084144890994e-10
3024,5,1.075860762829361e-09
3025,1,6.078550186134754e-07
3025,2,4.163008569778432e-07
3025,4,2.714375769829706e-09
3025,5,1.8685486388515824e-09
3026,1,8.188830490232711e-07
3026,2,1.2520273097672882e-07
3027,1,9.59526135379703e-07
3027,2,3.0793284620297e-08
3028,1,9.594097481897475e-07
3028,2,3.080460181025251e-08
3029,1,8.185341604061248e-07
3029,2,1.2520279959387518e-07
3030,1,6.07424431889068e-07
3030,2,4.1627314446241385e-07
3030,4,2.576527951143547e-09
3030,5,1.7747956973747663e-09
3031,1,2.455656608714577e-07
3031,2,7.613467410857948e-07
3031,4,2.240473730747501e-10
3031,5,6.993506696727552e-10
3032,2,1.0648530613932232e-06
3032,5,1.2952038606776632e-08
3033,2,1.2118674e-07
3034,2,1.7259256e-07
3035,2,7.125382e-08
3036,2,7.3044083e-08
3037,2,1.5206155e-07
3038,2,1.3132211e-07
3039,2,1.2847904e-07
3040,2,1.0077244500137887e-06
3040,5,1.7513499862110811e-09
3041,2,9.7231931e-07
3042,2,9.7231631e-07
3043,2,1.0077760437062304e-06
3043,5,1.3903562937696622e-09
3044,2,1.1985212e-07
3045,2,1.291774e-07
3046,2,1.2829744e-07
3047,2,1.2811961e-07
3048,2,6.9498463e-08
3049,2,1.3288807e-07
3050,2,1.1228253e-07
3051,2,1.2738318e-07
3052,2,1.2864894e-07
3053,2,1.2315889e-07
3054,2,1.6007328e-07
3055,2,1.1411567e-07
3056,5,1.0266224e-07
3057,5,1.2494863e-07
3058,2,1.194334014957178e-10
3058,5,1.2617139659850427e-07
3059,5,1.19584e-07
3060,5,6.3064074e-08
3061,5,7.8711145e-08
3062,2,5.9274480192418634e-09
3062,5,1.5126661198075813e-07
3063,2,2.805894656747715e-10
3063,5,1.2664999053432522e-07
3064,2,1.1286662161714437e-09
3064,5,1.0073069337838285e-06
3065,5,9.7202836e-07
3066,5,9.7190359e-07
3067,2,8.210776001356725e-10
3067,5,1.0062561223998642e-06
3068,5,1.1859476e-07
3069,5,1.2370604e-07
3070,5,1.2003669e-07
3071,2,3.135893366128264e-09
3071,5,1.4075343663387174e-07
3072,2,1.3157263993624588e-08
3072,5,1.0666908360063755e-06
3073,1,3.5975436682438797e-10
3073,2,1.1141989383491778e-09
3073,4,2.4489652554091945e-07
3073,5,7.63617521153907e-07
3074,1,2.738236971359179e-09
3074,2,1.8759777037124425e-09
3074,4,6.064556258026785e-07
3074,5,4.176213595222501e-07
3075,4,8.173280054716033e-07
3075,5,1.2633541452839675e-07
3076,4,9.579575255659941e-07
3076,5,3.2016064434005886e-08
3077,4,9.578945092105741e-07
3077,5,3.200010078942583e-08
3078,4,8.171389156825533e-07
3078,5,1.261861943174467e-07
3079,1,2.7966589404119256e-09
3079,2,1.9164463669781145e-09
3079,4,6.067994624393619e-07
3079,5,4.179542322532479e-07
3080,1,3.49196903163946e-10
3080,2,1.0812957143345888e-09
3080,4,2.4468689431268217e-07
3080,5,7.628201130698193e-07
3081,2,1.3307810553784915e-08
3081,5,1.065447289446215e-06
3082,5,1.1799929e-07
3083,5,8.9628396e-08
3084,5,8.3514417e-08
3085,5,1.1945346e-07
3086,1,2.2120430931614116e-09
3086,2,1.3432892871487029e-08
3086,4,1.509561241004563e-07
3086,5,9.259392399348952e-07
3087,4,6.839455453756842e-07
3087,5,2.8473606462431565e-07
3088,1,2.3352214456432622e-09
3088,4,1.0124695785543568e-06
3089,1,1.1072210558671728e-09
3089,4,1.0062052789441327e-06
3090,4,1.0001934e-06
3091,4,9.9601103e-07
3092,4,9.959868e-07
3093,4,1.0001488e-06
3094,1,1.1150126692035284e-09
3094,4,1.0063538873307964e-06
3095,1,2.3879247227343755e-09
3095,4,1.0123249752772655e-06
3096,4,6.843866553156631e-07
3096,5,2.846023546843369e-07
3097,1,2.3579328288401215e-09
3097,2,1.426459669855993e-08
3097,4,1.517978757157439e-07
3097,5,9.27540994756856e-07
3098,2,1.280964930766e-09
3098,5,1.22718975069234e-07
3099,2,2.3155318049609466e-09
3099,5,1.3615559819503904e-07
3100,5,1.1851865e-07
3101,1,2.4534144370353736e-09
3101,2,6.315543670159733e-09
3101,4,2.9024038289349344e-07
3101,5,7.517098589993114e-07
3102,4,9.134784869984726e-07
3102,5,3.677765300152738e-08
3103,1,1.853183643698969e-09
3103,4,1.009706716356301e-06
3104,1,1.7612352333435478e-09
3104,4,1.0091752647666564e-06
3105,1,1.107376358216682e-09
3105,4,1.0058387236417832e-06
3106,0,5.948305206386483e-11
3106,1,3.1739265103953054e-10
3106,3,1.5606196411229498e-07
3106,4,8.461389601846017e-07
3107,3,3.1205652252145126e-07
3107,4,6.878229674785488e-07
3108,3,3.120743569931573e-07
3108,4,6.877964430068427e-07
3109,0,5.4408507761036414e-11
3109,1,2.901798098339757e-10
3109,3,1.5612565359471797e-07
3109,4,8.46083958087687e-07
3110,1,1.0983000856792758e-09
3110,4,1.0058733999143208e-06
3111,1,1.7898761886459264e-09
3111,4,1.009124623811354e-06
3112,1,1.9320346794201255e-09
3112,4,1.0096959653205799e-06
3113,4,9.138275999472152e-07
3113,5,3.668750005278469e-08
3114,1,2.3467962263733504e-09
3114,2,6.042899819230018e-09
3114,4,2.8991458716295055e-07
3114,5,7.510937167914461e-07
3115,5,1.1447088e-07
3116,5,1.1817121e-07
3117,2,3.1127846254721505e-09
3117,5,1.4213316537452786e-07
3118,1,2.220494405762289e-09
3118,2,1.3485413064725843e-08
3118,4,1.5103071288311685e-07
3118,5,9.264777796463949e-07
3119,4,9.135973256169508e-07
3119,5,3.7026094383049144e-08
3120,1,1.1516463281340954e-09
3120,4,1.005841653671866e-06
3121,1,1.4703955052257752e-09
3121,4,1.0074555044947742e-06
3122,0,4.1208265416659953e-10
3122,1,9.684745001447918e-10
3122,3,2.9845919206654843e-07
3122,4,7.085513507791403e-07
3123,0,7.829920079786951e-10
3123,1,2.2003697288465856e-10
3123,3,7.825137913101528e-07
3123,4,2.2261977970898374e-07
3124,0,5.664858150591024e-10
3124,3,1.0029950141849408e-06
3125,0,2.810198590043397e-10
3125,3,1.0016155801409957e-06
3126,0,2.7219231235542825e-10
3126,3,1.0016153076876447e-06
3127,0,5.475588890522449e-10
3127,3,1.0029726411109477e-06
3128,0,7.752612002063611e-10
3128,1,2.177277763719761e-10
3128,3,7.825973451708413e-07
3128,4,2.2250486585258028e-07
3129,0,4.1473080832944425e-10
3129,1,9.74089561057272e-10
3129,3,2.9856638205381456e-07
3129,4,7.083615975767986e-07
3130,1,1.4968514369318743e-09
3130,4,1.0073396485630682e-06
3131,1,1.1857695292268904e-09
3131,4,1.0056981304707732e-06
3132,4,9.134187469947962e-07
3132,5,3.6962063005203774e-08
3133,1,2.229357979381146e-09
3133,2,1.3547248548689146e-08
3133,4,1.5090732980674056e-07
3133,5,9.262729636651893e-07
3134,2,4.67949247575182e-10
3134,5,1.222661807524248e-07
3135,5,7.339615e-08
3136,5,7.6304467e-08
3137,2,1.2945630498320494e-08
3137,5,1.0666471695016794e-06
3138,4,6.838450885442589e-07
3138,5,2.84653041455741e-07
3139,1,1.862906347773319e-09
3139,4,1.0097242936522266e-06
3140,1,1.469557177764619e-09
3140,4,1.0074585428222355e-06
3141,0,6.052241485038333e-10
3141,1,7.294215062953684e-10
3141,3,4.543862590106476e-07
3141,4,5.523121953345531e-07
3142,0,1.1578920886108784e-09
3142,3,1.0058187079113892e-06
3143,0,8.868947392145379e-10
3143,3,1.0045147052607855e-06
3144,0,6.082671440901318e-10
3144,3,1.0031799328559099e-06
3145,0,4.289962967634699e-10
3145,3,1.0023350037032366e-06
3146,0,4.2452172941661325e-10
3146,3,1.0023258782705834e-06
3147,0,5.979420939292453e-10
3147,3,1.0031452579060709e-06
3148,0,8.832991696980308e-10
3148,3,1.0044554008303018e-06
3149,0,1.167285199087133e-09
3149,3,1.005718414800913e-06
3150,0,6.2140324400528e-10
3150,1,7.483941870510149e-10
3150,3,4.545026209335854e-07
3150,4,5.520650816353583e-07
3151,1,1.5417143537241253e-09
3151,4,1.0073097856462759e-06
3152,1,1.9916235733482743e-09
3152,4,1.0095639764266518e-06
3153,4,6.841588456541696e-07
3153,5,2.845379743458304e-07
3154,2,1.3426864307706557e-08
3154,5,1.0658386356922935e-06
3155,2,5.243205716091854e-09
3155,5,1.4568794428390814e-07
3156,2,5.7493635550055064e-09
3156,5,1.499394464449945e-07
3157,1,2.775258097374851e-10
3157,2,8.59595923728061e-10
3157,4,2.4443661243421294e-07
3157,5,7.622475658323216e-07
3158,1,2.2049375960142473e-09
3158,4,1.0119277624039857e-06
3159,1,1.7236407153389222e-09
3159,4,1.0090572592846612e-06
3160,0,4.0876091081523914e-10
3160,1,9.612714121988446e-10
3160,3,2.983261867956165e-07
3160,4,7.086824808813695e-07
3161,0,1.1576406308582465e-09
3161,3,1.0058498593691417e-06
3162,0,9.672567256945445e-10
3162,3,1.0049081432743056e-06
3163,0,7.581405617530373e-10
3163,3,1.0039256594382468e-06
3164,0,5.696754525089976e-10
3164,3,1.003052924547491e-06
3165,0,4.548234990771072e-10
3165,3,1.002526276500923e-06
3166,0,4.535880514241863e-10
3166,3,1.0025159119485758e-06
3167,0,5.684900635998789e-10
3167,3,1.0030188099364e-06
3168,0,7.646446478960278e-10
3168,3,1.003864455352104e-06
3169,0,9.89660183968416e-10
3169,3,1.0048156398160315e-06
3170,0,1.212175702390008e-09
3170,3,1.00573942429761e-06
3171,0,4.3961082566244387e-10
3171,1,1.0327719347448555e-09
3171,3,2.985054567911172e-07
3171,4,7.083863604484756e-07
3172,1,1.8993121806980746e-09
3172,4,1.0089464878193019e-06
3173,1,2.4752296530549304e-09
3173,4,1.011822270346945e-06
3174,1,3.4278696694086033e-10
3174,2,1.0603496798165071e-09
3174,4,2.4462925322023913e-07
3174,5,7.618509101330033e-07
3175,2,3.2886919498166723e-09
3175,5,1.2706213805018331e-07
3176,5,6.7732136e-08
3177,2,8.860486390466213e-11
3177,5,1.2661704513609533e-07
3178,1,2.622261172564781e-09
3178,2,1.7990040755278969e-09
3178,4,6.058462477956708e-07
3178,5,4.1777798695623654e-07
3179,1,1.0224680202854796e-09
3179,4,1.0060928319797147e-06
3180,1,1.0775881808947492e-09
3180,4,1.0058862118191052e-06
3181,0,7.794072114260523e-10
3181,1,2.1926870676683618e-10
3181,3,7.823945791987332e-07
3181,4,2.2282714488307394e-07
3182,0,8.911254250313872e-10
3182,3,1.0045957745749687e-06
3183,0,7.627038381874262e-10
3183,3,1.0039753961618127e-06
3184,0,6.250731038430209e-10
3184,3,1.003351926896157e-06
3185,0,4.951144055762686e-10
3185,3,1.0027872855944239e-06
3186,0,4.167034463849109e-10
3186,3,1.0024482965536152e-06
3187,0,4.1802288625628516e-10
3187,3,1.0024404771137437e-06
3188,0,5.007273137838164e-10
3188,3,1.0027600726862163e-06
3189,0,6.41400046671385e-10
3189,3,1.0033018999533286e-06
3190,0,8.009071800421258e-10
3190,3,1.0039094928199577e-06
3191,0,9.650280469317461e-10
3191,3,1.004528071953068e-06
3192,0,8.772177866502064e-10
3192,1,2.4651064171785894e-10
3192,3,7.825397713943418e-07
3192,4,2.226219001772901e-07
3193,1,1.2736022167135663e-09
3193,4,1.0058407977832864e-06
3194,1,1.320779548157077e-09
3194,4,1.006119020451843e-06
3195,1,2.9113512712893268e-09
3195,2,1.997076545410571e-09
3195,4,6.059833370368137e-07
3195,5,4.1781813514648633e-07
3196,2,2.95297151391171e-09
3196,5,1.257750684860883e-07
3197,2,1.685364278463102e-09
3197,5,1.375861457215369e-07
3198,5,1.0397156e-07
3199,2,1.0910376292415814e-09
3199,5,1.0089493623707585e-06
3200,4,8.171383326600493e-07
3200,5,1.272566673399508e-07
3201,4,1.000659e-06
3202,0,6.157194224488948e-11
3202,1,3.2928041182222144e-10
3202,3,1.558092166673432e-07
3202,4,8.466955309785897e-07
3203,0,5.808815787892016e-10
3203,3,1.0032060184212106e-06
3204,0,6.201609168088485e-10
3204,3,1.0033286390831911e-06
3205,0,5.791624464876078e-10
3205,3,1.0031506375535123e-06
3206,0,4.989543815224414e-10
3206,3,1.0028322456184775e-06
3207,0,4.102062279942157e-10
3207,3,1.0024866937720058e-06
3208,0,3.596770520261012e-10
3208,3,1.002268122947974e-06
3209,0,3.635339287064974e-10
3209,3,1.0022615660712935e-06
3210,0,4.237659626706978e-10
3210,3,1.0024661340373293e-06
3211,0,5.280021040197913e-10
3211,3,1.0028000978959802e-06
3212,0,6.338982492162764e-10
3212,3,1.0031175017507836e-06
3213,0,7.144272414797368e-10
3213,3,1.0033070727585201e-06
3214,0,7.302331195708727e-10
3214,3,1.003219666880429e-06
3215,0,9.562722689519633e-11
3215,1,5.106239159556145e-10
3215,3,1.5601954295029023e-07
3215,4,8.465288059068589e-07
3216,1,2.2794541126597387e-10
3216,4,1.0007985545887341e-06
3217,4,8.175208921985106e-07
3217,5,1.272666278014894e-07
3218,2,1.406866542293226e-09
3218,5,1.0086385334577068e-06
3219,5,1.1217748e-07
3220,5,1.2546366e-07
3221,5,9.7473748e-07
3222,4,9.58204039724654e-07
3222,5,3.3350130275345886e-08
3223,4,9.9695766e-07
3224,3,3.119000388113593e-07
3224,4,6.885577611886407e-07
3225,0,3.191943784985453e-10
3225,3,1.0019484056215014e-06
3226,0,4.5171670915291866e-10
3226,3,1.0025491832908471e-06
3227,0,4.67828423860142e-10
3227,3,1.0026613715761398e-06
3228,0,4.224778255518123e-10
3228,3,1.002521522174448e-06
3229,0,3.6092778362021256e-10
3229,3,1.0022941722163796e-06
3230,0,3.260292909767836e-10
3230,3,1.002133170709023e-06
3231,0,3.322059169376707e-10
3231,3,1.0021297940830624e-06
3232,0,3.8136344985425975e-10
3232,3,1.0022839365501459e-06
3233,0,4.6258921537860726e-10
3233,3,1.0025044107846213e-06
3234,0,5.37306660210301e-10
3234,3,1.0026418933397896e-06
3235,0,5.607039031477978e-10
3235,3,1.0025281960968522e-06
3236,0,4.757712531676063e-10
3236,3,1.0019186287468322e-06
3237,0,6.239051984454739e-11
3237,1,1.3630432996458818e-10
3237,3,3.120328821744035e-07
3237,4,6.884330229757873e-07
3238,4,9.9720861e-07
3239,4,9.584175478715885e-07
3239,5,3.334707212841156e-08
3240,5,9.7474352e-07
3241,2,2.738537554644431e-09
3241,5,1.2502108244535558e-07
3242,2,2.4181809578917667e-10
3242,5,1.2643355190421084e-07
3243,5,9.7488413e-07
3244,4,9.582937760563456e-07
3244,5,3.3330303943654606e-08
3245,4,9.969896e-07
3246,3,3.1193571012320785e-07
3246,4,6.885310898767923e-07
3247,0,3.1188340022321434e-10
3247,3,1.0019545165997767e-06
3248,0,4.4572156233985584e-10
3248,3,1.0025510784376602e-06
3249,0,4.63753480875659e-10
3249,3,1.0026602465191244e-06
3250,0,4.2102510782017687e-10
3250,3,1.0025202748921798e-06
3251,0,3.6231344001920133e-10
3251,3,1.0022950865599808e-06
3252,0,3.2978509521707553e-10
3252,3,1.0021357149047829e-06
3253,0,3.3824860871555716e-10
3253,3,1.0021347513912844e-06
3254,0,3.8954401480300557e-10
3254,3,1.0022917559851971e-06
3255,0,4.731096547012522e-10
3255,3,1.0025136903452987e-06
3256,0,5.497832462467112e-10
3256,3,1.0026483167537533e-06
3257,0,5.761863457571936e-10
3257,3,1.0025292136542429e-06
3258,0,4.954698182227567e-10
3258,3,1.0019071301817772e-06
3259,0,6.931590827626305e-11
3259,1,1.5146957242542334e-10
3259,3,3.1196531755289685e-07
3259,4,6.884453969664015e-07
3260,4,9.9711754e-07
3261,4,9.58234871422412e-07
3261,5,3.334787857758806e-08
3262,5,9.7453808e-07
3263,2,2.9437313535334452e-09
3263,5,1.2604792864646655e-07
3264,5,1.1993222e-07
3265,2,1.2814803902139479e-09
3265,5,1.0089565196097861e-06
3266,4,8.173708055880966e-07
3266,5,1.2724444441190328e-07
3267,4,1.0007671e-06
3268,0,5.880545850126572e-11
3268,1,3.1425999611034867e-10
3268,3,1.5591294452917752e-07
3268,4,8.466446900162108e-07
3269,0,5.59143474221952e-10
3269,3,1.003229056525778e-06
3270,0,6.026319916154654e-10
3270,3,1.0033354680083845e-06
3271,0,5.672669604453477e-10
3271,3,1.0031441330395548e-06
3272,0,4.961651533571566e-10
3272,3,1.0028279348466427e-06
3273,0,4.1544940655675193e-10
3273,3,1.0024870505934431e-06
3274,0,3.72348319062078e-10
3274,3,1.0022749516809378e-06
3275,0,3.830166386645185e-10
3275,3,1.0022759833613355e-06
3276,0,4.495142618927358e-10
3276,3,1.0024883857381073e-06
3277,0,5.594716758728574e-10
3277,3,1.002825628324127e-06
3278,0,6.698056676886617e-10
3278,3,1.0031296943323113e-06
3279,0,7.568925101618322e-10
3279,3,1.0032979074898382e-06
3280,0,7.807145782090583e-10
3280,3,1.003156285421791e-06
3281,0,1.0589642073039383e-10
3281,1,5.659854360654985e-10
3281,3,1.5587448477602556e-07
3281,4,8.465386333671785e-07
3282,1,3.1645483439955415e-10
3282,4,1.0005424451656004e-06
3283,4,8.172638942707921e-07
3283,5,1.2727429572920785e-07
3284,2,1.7879168109761009e-09
3284,5,1.0083037831890239e-06
3285,2,2.0929722586131864e-09
3285,5,1.2148968774138683e-07
3286,5,6.377151e-08
3287,5,1.1862297e-07
3288,1,2.6462700529970696e-09
3288,2,1.8152296924554844e-09
3288,4,6.061160079612252e-07
3288,5,4.179071922933222e-07
3289,1,9.919757229305879e-10
3289,4,1.0062329242770693e-06
3290,1,1.0328134845013234e-09
3290,4,1.0059461865154985e-06
3291,0,7.454272243321289e-10
3291,1,2.0953664475570056e-10
3291,3,7.825477689344666e-07
3291,4,2.2268866719644547e-07
3292,0,8.591271270901161e-10
3292,3,1.0045858728729099e-06
3293,0,7.455676880096744e-10
3293,3,1.0039548323119905e-06
3294,0,6.241376974305318e-10
3294,3,1.0033376623025695e-06
3295,0,5.077250136379739e-10
3295,3,1.002783574986362e-06
3296,0,4.4211768408609927e-10
3296,3,1.002455682315914e-06
3297,0,4.546916176063114e-10
3297,3,1.0024578083823936e-06
3298,0,5.477123544236161e-10
3298,3,1.0027849876455763e-06
3299,0,6.972649216274254e-10
3299,3,1.0033373350783726e-06
3300,0,8.645940394844222e-10
3300,3,1.0039411059605156e-06
3301,0,1.0372135810781993e-09
3301,3,1.0045339864189219e-06
3302,0,9.458627415042756e-10
3302,1,2.660373482477897e-10
3302,3,7.823493346134694e-07
3302,4,2.2276436529677842e-07
3303,1,1.3879411694229254e-09
3303,4,1.0057252588305771e-06
3304,1,1.4729112533651744e-09
3304,4,1.0059565887466348e-06
3305,1,3.0479678606402346e-09
3305,2,2.0910637850661408e-09
3305,4,6.058532154795829e-07
3305,5,4.177829528747108e-07
3306,2,2.6008594859467576e-09
3306,5,1.1726766051405324e-07
3307,2,6.8234817201303044e-09
3307,5,1.5054641827986968e-07
3308,5,1.2458289e-07
3309,1,2.081128158996923e-10
3309,2,6.443971934138954e-10
3309,4,2.445536770621122e-07
3309,5,7.623728129285742e-07
3310,1,2.0945400925629065e-09
3310,4,1.011962659907437e-06
3311,1,1.6351348825734277e-09
3311,4,1.0090750651174266e-06
3312,0,3.8898485431248263e-10
3312,1,9.13946279101735e-10
3312,3,2.985145786662329e-07
3312,4,7.084931902003529e-07
3313,0,1.1153635950448321e-09
3313,3,1.0058160364049551e-06
3314,0,9.54106278611875e-10
3314,3,1.0048738937213883e-06
3315,0,7.683056030731674e-10
3315,3,1.0039060943969267e-06
3316,0,5.986116324270638e-10
3316,3,1.003050188367573e-06
3317,0,5.002134135664192e-10
3317,3,1.0025312865864337e-06
3318,0,5.147093731728425e-10
3318,3,1.0025321906268273e-06
3319,0,6.438889778989702e-10
3319,3,1.003048511022101e-06
3320,0,8.482400535845725e-10
3320,3,1.0039016599464156e-06
3321,0,1.080903409973353e-09
3321,3,1.0048556965900265e-06
3322,0,1.3130342318761085e-09
3322,3,1.005753665768124e-06
3323,0,4.769108538499435e-10
3323,1,1.1212953302426347e-09
3323,3,2.9832392269706563e-07
3323,4,7.085231711188416e-07
3324,1,2.0552081186780135e-09
3324,4,1.0087610918813219e-06
3325,1,2.651611010091008e-09
3325,4,1.011562688989909e-06
3326,1,3.7491669052954466e-10
3326,2,1.1605837247215047e-09
3326,4,2.4450380839967445e-07
3326,5,7.620176911850746e-07
3327,2,3.1030359895610212e-09
3327,5,1.2611458401043898e-07
3328,5,1.1445972e-07
3329,5,1.1945278e-07
3330,2,1.2456126874416357e-08
3330,5,1.0631267731255835e-06
3331,4,6.837770673181475e-07
3331,5,2.8417423268185245e-07
3332,1,1.730670859145775e-09
3332,4,1.0096582291408542e-06
3333,1,1.3815781591968984e-09
3333,4,1.0074423218408032e-06
3334,0,5.866643139777309e-10
3334,1,7.066642709306351e-10
3334,3,4.5450225046828853e-07
3334,4,5.52149320946803e-07
3335,0,1.1586960216543879e-09
3335,3,1.0057693039783456e-06
3336,0,9.161495220691893e-10
3336,3,1.0044743504779307e-06
3337,0,6.622036521809378e-10
3337,3,1.003169196347819e-06
3338,0,5.018650909878179e-10
3338,3,1.0023271349090121e-06
3339,0,5.179456573393471e-10
3339,3,1.0023215543426608e-06
3340,0,7.104613057003326e-10
3340,3,1.0031535386942998e-06
3341,0,1.0013586106244121e-09
3341,3,1.0044581413893755e-06
3342,0,1.2898068609846127e-09
3342,3,1.0057497931390153e-06
3343,0,6.809461120153538e-10
3343,1,8.207961908803625e-10
3343,3,4.543122905249485e-07
3343,4,5.522988671721557e-07
3344,1,1.7144479208872824e-09
3344,4,1.0072906520791127e-06
3345,1,2.2457765306834527e-09
3345,4,1.0092128234693164e-06
3346,4,6.836062193016738e-07
3346,5,2.844406906983262e-07
3347,2,1.3418673084250892e-08
3347,5,1.0633970269157492e-06
3348,2,2.9212886806394204e-09
3348,5,1.2594161131936056e-07
3349,5,1.1668126e-07
3350,1,2.252487880761366e-09
3350,2,1.3630566482113853e-08
3350,4,1.516134449515244e-07
3350,5,9.266842006856002e-07
3351,4,9.139604941684861e-07
3351,5,3.65960358315139e-08
3352,1,1.046683772911398e-09
3352,4,1.0058525162270886e-06
3353,1,1.4437249214791897e-09
3353,4,1.0073584750785207e-06
3354,0,4.2084962833924757e-10
3354,1,9.890199053856937e-10
3354,3,2.9843868491383405e-07
3354,4,7.084606455524411e-07
3355,0,8.312525429930903e-10
3355,1,2.3361116742167676e-10
3355,3,7.824478608236824e-07
3355,4,2.2261237546590282e-07
3356,0,6.578718643052572e-10
3356,3,1.0029862281356947e-06
3357,0,3.8890962236877e-10
3357,3,1.0015895903776312e-06
3358,0,4.0750066743801353e-10
3358,3,1.001568999332562e-06
3359,0,7.122537228529413e-10
3359,3,1.0029339462771471e-06
3360,0,9.004299149396476e-10
3360,1,2.5324750382499783e-10
3360,3,7.822734205392124e-07
3360,4,2.22733102042023e-07
3361,0,4.5864233499391447e-10
3361,1,1.078637131377368e-09
3361,3,2.982743719206664e-07
3361,4,7.085995486129623e-07
3362,1,1.642406383317924e-09
3362,4,1.007415993616682e-06
3363,1,1.3881458648265593e-09
3363,4,1.0058959541351735e-06
3364,4,9.138234173544139e-07
3364,5,3.671936264558612e-08
3365,1,2.3968430121159935e-09
3365,2,1.453824240307273e-08
3365,4,1.5099291920754587e-07
3365,5,9.250823953772653e-07
3366,2,2.959901637598197e-09
3366,5,1.1825386836240181e-07
3367,2,1.5118244683890758e-09
3367,5,1.2484293553161093e-07
3368,5,8.710366e-08
3369,2,8.205721535527802e-10
3369,5,1.226135978464472e-07
3370,1,2.348777731323411e-09
3370,2,6.0409983447575315e-09
3370,4,2.9042350088643853e-07
3370,5,7.515371230374806e-07
3371,4,9.13310579238721e-07
3371,5,3.6797740761279033e-08
3372,1,1.8672666067289617e-09
3372,4,1.0094620333932709e-06
3373,1,1.8491523628017512e-09
3373,4,1.0089750476371983e-06
3374,1,1.2168131763296763e-09
3374,4,1.0057186868236705e-06
3375,0,8.125306375729961e-11
3375,1,4.3344913913985317e-10
3375,3,1.5609500828488595e-07
3375,4,8.461101895122169e-07
3376,0,2.3871350614634523e-11
3376,1,5.209523840782485e-11
3376,3,3.121085715381651e-07
3376,4,6.878538618728123e-07
3377,0,3.121039031228866e-11
3377,1,6.812181520898881e-11
3377,3,3.120604136770211e-07
3377,4,6.878526541174576e-07
3378,0,9.182356857229887e-11
3378,1,4.901945854881014e-10
3378,3,1.559773069413006e-07
3378,4,8.46094574904639e-07
3379,1,1.3195470064760455e-09
3379,4,1.005567752993524e-06
3380,1,1.9738792163995815e-09
3380,4,1.0088655207836004e-06
3381,1,2.045378873050502e-09
3381,4,1.0097294211269496e-06
3382,4,9.140183838902772e-07
3382,5,3.729158610972274e-08
3383,1,2.512553500414947e-09
3383,2,6.4643100724611635e-09
3383,4,2.908326857246522e-07
3383,5,7.528360507024717e-07
3384,2,2.8872157668362317e-09
3384,5,1.1789688423316377e-07
3385,2,1.0589114073680094e-08
3385,5,1.625892759263199e-07
3386,2,1.9665188624232105e-09
3386,5,1.3512769113757677e-07
3387,5,1.1467726e-07
3388,1,2.1703039371103384e-09
3388,2,1.3201889701013927e-08
3388,4,1.5062763147428027e-07
3388,5,9.255133748875957e-07
3389,4,6.836020986554675e-07
3389,5,2.846549813445325e-07
3390,1,2.512362596861641e-09
3390,4,1.0121455374031383e-06
3391,1,1.2809291525488534e-09
3391,4,1.0060241708474512e-06
3392,1,1.2265738657484198e-10
3392,4,1.0003421426134252e-06
3393,4,9.9627672e-07
3394,4,9.9620576e-07
3395,1,2.1466581630418231e-10
3395,4,1.0000539341836958e-06
3396,1,1.4265394412109855e-09
3396,4,1.005684360558789e-06
3397,1,2.651816194381388e-09
3397,4,1.0115822838056185e-06
3398,4,6.837281516769346e-07
3398,5,2.8494448832306544e-07
3399,1,2.201920651745425e-09
3399,2,1.3401584548117991e-08
3399,4,1.5080689093572638e-07
3399,5,9.271227038644101e-07
3400,2,2.6154862580000344e-09
3400,5,1.1850469374199997e-07
3401,2,1.097088132274248e-09
3401,5,1.2239368186772574e-07
3402,5,7.2880534e-08
3403,5,1.1825712e-07
3404,2,3.4368230319980624e-10
3404,5,1.2220155769680017e-07
3405,2,1.3707718435734175e-08
3405,5,1.0663457815642658e-06
3406,1,4.310739218832413e-10
3406,2,1.3346239522960845e-09
3406,4,2.4483590303332167e-07
3406,5,7.631651990924989e-07
3407,1,2.860850286904571e-09
3407,2,1.9592369519917386e-09
3407,4,6.062301407373527e-07
3407,5,4.1730807202375087e-07
3408,4,8.178548091626424e-07
3408,5,1.2645735083735745e-07
3409,4,9.583868254269632e-07
3409,5,3.1997834573036754e-08
3410,4,9.582401352236508e-07
3410,5,3.200445477634925e-08
3411,4,8.174220592296861e-07
3411,5,1.2637988077031398e-07
3412,1,3.0171136434549955e-09
3412,2,2.0678317426141875e-09
3412,4,6.058227893416796e-07
3412,5,4.1734606527225135e-07
3413,1,4.744979502161686e-10
3413,2,1.4710281072083588e-09
3413,4,2.4411088442312007e-07
3413,5,7.619277895194554e-07
3414,2,1.4300843058331263e-08
3414,5,1.0660612569416687e-06
3415,2,2.791371965895184e-09
3415,5,1.1822540803410481e-07
3416,2,1.0019203378934895e-08
3416,5,1.625898366210651e-07
3417,5,7.1766451e-08
3418,5,7.4224414e-08
3419,2,6.496332918381348e-09
3419,5,1.4632337708161864e-07
3420,2,3.4879395652354407e-09
3420,5,1.2765046043476455e-07
3421,2,2.913356940574782e-09
3421,5,1.2527831305942523e-07
3422,2,1.7162610455913068e-09
3422,5,1.0089558389544087e-06
3423,5,9.7254801e-07
3424,5,9.7234714e-07
3425,2,1.7007625396608228e-09
3425,5,1.0071496374603391e-06
3426,2,2.5840113615713143e-09
3426,5,1.1717764863842868e-07
3427,2,3.163492265836546e-09
3427,5,1.2551099773416346e-07
3428,2,3.640810108799861e-09
3428,5,1.2685112989120012e-07
3429,2,1.723542759551346e-09
3429,5,1.2429573724044866e-07
3430,5,6.9031587e-08
3431,2,1.1113348538818958e-09
3431,5,1.301818651461181e-07
3432,5,1.1345829e-07
3433,2,2.6571251632627124e-09
3433,5,1.247965348367373e-07
3434,2,2.8266224146128948e-09
3434,5,1.257927675853871e-07
3435,2,2.0782556172532522e-09
3435,5,1.2125684438274674e-07
3436,2,7.331216984269833e-09
3436,5,1.5024621301573018e-07
3437,5,1.1003389e-07
3438,5,1.0086816e-07
3439,5,1.2480523e-07
3440,5,1.2638171e-07
3441,5,1.2010859e-07
3442,5,6.5666739e-08
3443,5,7.5422095e-08
3444,5,1.5585203e-07
3445,5,1.2595453e-07
3446,5,1.0090171e-06
3447,5,9.7233084e-07
3448,5,9.7263048e-07
3449,5,1.0094746e-06
3450,5,1.1884415e-07
3451,5,1.2313154e-07
3452,5,1.2300577e-07
3453,5,1.45754e-07
3454,5,1.0804525e-06
3455,4,2.4516021170583687e-07
3455,5,7.640054882941632e-07
3456,4,6.091236786803622e-07
3456,5,4.193627213196378e-07
3457,4,8.175217218552051e-07
3457,5,1.2635698814479484e-07
3458,4,9.582186363949037e-07
3458,5,3.198634360509612e-08
3459,4,9.58254869109147e-07
3459,5,3.200259089085284e-08
3460,4,8.175233094176342e-07
3460,5,1.2637747058236578e-07
3461,4,6.09019650268735e-07
3461,5,4.1941814973126513e-07
3462,4,2.4473073434719035e-07
3462,5,7.635116656528097e-07
3463,5,1.0795917e-06
3464,5,1.1789427e-07
3465,5,9.0776337e-08
3466,5,8.3482434e-08
3467,5,1.1755361e-07
3468,4,1.53218731971e-07
3468,5,9.406463680290001e-07
3469,4,6.841999590508099e-07
3469,5,2.8483712094919003e-07
3470,4,1.0147895e-06
3471,4,1.0073376e-06
3472,4,1.0002879e-06
3473,4,9.9614232e-07
3474,4,9.9614321e-07
3475,4,1.0002427e-06
3476,4,1.0071832e-06
3477,4,1.0144426e-06
3478,4,6.843234146623365e-07
3478,5,2.846628153376634e-07
3479,4,1.5408970538849676e-07
3479,5,9.415520946115032e-07
3480,5,1.2400062e-07
3481,5,1.3810885e-07
3482,5,1.174198e-07
3483,4,2.914725236398812e-07
3483,5,7.563927763601189e-07
3484,4,9.129212490321881e-07
3484,5,3.698233096781193e-08
3485,4,1.0114886e-06
3486,4,1.0109057e-06
3487,4,1.0069523e-06
3488,3,1.5611663755474875e-07
3488,4,8.465052624452512e-07
3489,3,3.120861921553618e-07
3489,4,6.878570178446382e-07
3490,3,3.1209072611263667e-07
3490,4,6.878405438873634e-07
3491,3,1.5612642694847924e-07
3491,4,8.464295730515208e-07
3492,4,1.0068522e-06
3493,4,1.010777e-06
3494,4,1.0115994e-06
3495,4,9.13826851011492e-07
3495,5,3.672472898850792e-08
3496,4,2.923254397566618e-07
3496,5,7.571390602433383e-07
3497,5,1.1399263e-07
3498,5,1.1261766e-07
3499,5,1.4607521e-07
3500,4,1.5299726195692054e-07
3500,5,9.400893380430795e-07
3501,4,9.128031935864238e-07
3501,5,3.709945641357616e-08
3502,4,1.0065785e-06
3503,4,1.0087413e-06
3504,3,2.986904754091131e-07
3504,4,7.096237245908869e-07
3505,3,7.83170118741959e-07
3505,4,2.2294788125804097e-07
3506,3,1.0035808e-06
3507,3,1.0019332e-06
3508,3,1.0019193e-06
3509,3,1.003516e-06
3510,3,7.831823881425002e-07
3510,4,2.228536118574997e-07
3511,3,2.9878669946379176e-07
3511,4,7.094519005362082e-07
3512,4,1.0087841e-06
3513,4,1.0068559e-06
3514,4,9.13356281998689e-07
3514,5,3.698434800131097e-08
3515,4,1.530521861301112e-07
3515,5,9.399965138698888e-07
3516,5,1.231513e-07
3517,5,7.2251586e-08
3518,5,7.5104506e-08
3519,5,1.0784093e-06
3520,4,6.836556229213895e-07
3520,5,2.8466040707861054e-07
3521,4,1.0112557e-06
3522,4,1.008676e-06
3523,3,4.547109825627991e-07
3523,4,5.531709174372007e-07
3524,3,1.0069009e-06
3525,3,1.0053848e-06
3526,3,1.0038086e-06
3527,3,1.0028018e-06
3528,3,1.0027854e-06
3529,3,1.0037576e-06
3530,3,1.0053145e-06
3531,3,1.0068373e-06
3532,3,4.5490337261511425e-07
3532,4,5.529659273848857e-07
3533,4,1.0087502e-06
3534,4,1.0113368e-06
3535,4,6.837164391423645e-07
3535,5,2.8449332085763547e-07
3536,5,1.0790117e-06
3537,5,1.5193933e-07
3538,5,1.5530033e-07
3539,4,2.4470349325608197e-07
3539,5,7.629236067439179e-07
3540,4,1.0140404e-06
3541,4,1.0106255e-06
3542,3,2.985149471555332e-07
3542,4,7.097203528444668e-07
3543,3,1.0069138e-06
3544,3,1.0058305e-06
3545,3,1.004683e-06
3546,3,1.0036586e-06
3547,3,1.0030371e-06
3548,3,1.0030245e-06
3549,3,1.0036211e-06
3550,3,1.0046317e-06
3551,3,1.005783e-06
3552,3,1.0068957e-06
3553,3,2.9872950460848224e-07
3553,4,7.095316953915177e-07
3554,4,1.0106466e-06
3555,4,1.0139146e-06
3556,4,2.4455608720139e-07
3556,5,7.623703127986101e-07
3557,5,1.3029539e-07
3558,5,6.8420839e-08
3559,5,1.2562107e-07
3560,4,6.083278147136888e-07
3560,5,4.1934038528631113e-07
3561,4,1.0070282e-06
3562,4,1.0068724e-06
3563,3,7.829918974640618e-07
3563,4,2.2314690253593815e-07
3564,3,1.0054382e-06
3565,3,1.004727e-06
3566,3,1.003996e-06
3567,3,1.003348e-06
3568,3,1.0029636e-06
3569,3,1.0029576e-06
3570,3,1.0033309e-06
3571,3,1.0039743e-06
3572,3,1.0047165e-06
3573,3,1.005465e-06
3574,3,7.832135373275982e-07
3574,4,2.2300976267240177e-07
3575,4,1.0070167e-06
3576,4,1.0073063e-06
3577,4,6.086217667963912e-07
3577,5,4.194695332036087e-07
3578,5,1.281412e-07
3579,5,1.3201142e-07
3580,5,1.0274119e-07
3581,5,1.0115553e-06
3582,4,8.174226850005361e-07
3582,5,1.272944849994639e-07
3583,4,1.0006775e-06
3584,3,1.558361905733511e-07
3584,4,8.470197094266489e-07
3585,3,1.0037491e-06
3586,3,1.0039372e-06
3587,3,1.0037493e-06
3588,3,1.0033927e-06
3589,3,1.0030213e-06
3590,3,1.0027851e-06
3591,3,1.0027836e-06
3592,3,1.0030178e-06
3593,3,1.0033987e-06
3594,3,1.0037848e-06
3595,3,1.0040276e-06
3596,3,1.0039352e-06
3597,3,1.5604196747212428e-07
3597,4,8.471009325278757e-07
3598,4,1.0010931e-06
3599,4,8.179001890518446e-07
3599,5,1.2742278094815538e-07
3600,5,1.0128092e-06
3601,5,1.1311327e-07
3602,5,1.252759e-07
3603,5,9.7484368e-07
3604,4,9.583229820886809e-07
3604,5,3.3245437911319096e-08
3605,4,9.9692195e-07
3606,3,3.118860015407349e-07
3606,4,6.88525598459265e-07
3607,3,1.0022392e-06
3608,3,1.0030045e-06
3609,3,1.0031692e-06
3610,3,1.0030369e-06
3611,3,1.0028124e-06
3612,3,1.002644e-06
3613,3,1.0026496e-06
3614,3,1.0028284e-06
3615,3,1.003071e-06
3616,3,1.0032356e-06
3617,3,1.0031185e-06
3618,3,1.0024076e-06
3619,3,3.120637883403677e-07
3619,4,6.886222116596324e-07
3620,4,9.9727848e-07
3621,4,9.585892192799958e-07
3621,5,3.332885072000433e-08
3622,5,9.749741e-07
3623,5,1.2775333e-07
3624,5,1.264859e-07
3625,5,9.7485029e-07
3626,4,9.583206831736443e-07
3626,5,3.322589682635562e-08
3627,4,9.969118e-07
3628,3,3.119137311156565e-07
3628,4,6.884957688843434e-07
3629,3,1.0022383e-06
3630,3,1.003003e-06
3631,3,1.0031671e-06
3632,3,1.0030369e-06
3633,3,1.0028135e-06
3634,3,1.0026483e-06
3635,3,1.0026583e-06
3636,3,1.0028425e-06
3637,3,1.0030911e-06
3638,3,1.0032565e-06
3639,3,1.003137e-06
3640,3,1.0024212e-06
3641,3,3.1200269046357124e-07
3641,4,6.886562095364288e-07
3642,4,9.9718878e-07
3643,4,9.58377409924107e-07
3643,5,3.332694007589305e-08
3644,5,9.7448953e-07
3645,5,1.2892067e-07
3646,5,1.2009966e-07
3647,5,1.0122382e-06
3648,4,8.17465387267432e-07
3648,5,1.2726907273256795e-07
3649,4,1.0006803e-06
3650,3,1.559283406697587e-07
3650,4,8.469359593302413e-07
3651,3,1.0037542e-06
3652,3,1.0039369e-06
3653,3,1.0037426e-06
3654,3,1.0033933e-06
3655,3,1.0030286e-06
3656,3,1.002806e-06
3657,3,1.0028187e-06
3658,3,1.0030692e-06
3659,3,1.0034588e-06
3660,3,1.00384e-06
3661,3,1.0040709e-06
3662,3,1.0039341e-06
3663,3,1.5590350918065136e-07
3663,4,8.471875908193487e-07
3664,4,1.0009304e-06
3665,4,8.174439304542965e-07
3665,5,1.2732597954570358e-07
3666,5,1.010644e-06
3667,5,1.2345225e-07
3668,5,6.4652824e-08
3669,5,1.1901502e-07
3670,4,6.084977924016499e-07
3670,5,4.194026075983499e-07
3671,4,1.0070802e-06
3672,4,1.0069156e-06
3673,3,7.831778823677368e-07
3673,4,2.2298591763226308e-07
3674,3,1.0054405e-06
3675,3,1.0047194e-06
3676,3,1.0039929e-06
3677,3,1.0033579e-06
3678,3,1.0029964e-06
3679,3,1.0030116e-06
3680,3,1.0034056e-06
3681,3,1.0040687e-06
3682,3,1.0048153e-06
3683,3,1.0055568e-06
3684,3,7.830984582212827e-07
3684,4,2.2318934177871722e-07
3685,4,1.0070656e-06
3686,4,1.0073986e-06
3687,4,6.088574737487645e-07
3687,5,4.198475262512355e-07
3688,5,1.1987517e-07
3689,5,1.5881922e-07
3690,5,1.2311399e-07
3691,4,2.446222428951379e-07
3691,5,7.62366757104862e-07
3692,4,1.0139767e-06
3693,4,1.0107019e-06
3694,3,2.9880015784830126e-07
3694,4,7.095094421516987e-07
3695,3,1.0069345e-06
3696,3,1.0058215e-06
3697,3,1.0046832e-06
3698,3,1.0036815e-06
3699,3,1.0030794e-06
3700,3,1.0030968e-06
3701,3,1.0037274e-06
3702,3,1.0047655e-06
3703,3,1.0059236e-06
3704,3,1.0070125e-06
3705,3,2.985664728025892e-07
3705,4,7.097881271974109e-07
3706,4,1.010706e-06
3707,4,1.0142009e-06
3708,4,2.4493564772162586e-07
3708,5,7.637284522783742e-07
3709,5,1.2928769e-07
3710,5,1.1335665e-07
3711,5,1.2000334e-07
3712,5,1.0785964e-06
3713,4,6.840085849959446e-07
3713,5,2.8444971500405544e-07
3714,4,1.0115617e-06
3715,4,1.0088856e-06
3716,3,4.549770075628544e-07
3716,4,5.529742924371456e-07
3717,3,1.0069022e-06
3718,3,1.005378e-06
3719,3,1.0038304e-06
3720,3,1.0028444e-06
3721,3,1.0028609e-06
3722,3,1.0038801e-06
3723,3,1.0054566e-06
3724,3,1.0070068e-06
3725,3,4.54750036526996e-07
3725,4,5.532733634730042e-07
3726,4,1.0088469e-06
3727,4,1.0112334e-06
3728,4,6.832780419503423e-07
3728,5,2.8456219804965766e-07
3729,5,1.077452e-06
3730,5,1.2916421e-07
3731,5,1.1672975e-07
3732,4,1.5399008702509453e-07
3732,5,9.412278129749056e-07
3733,4,9.141573537237918e-07
3733,5,3.6654586276208186e-08
3734,4,1.0070245e-06
3735,4,1.0087974e-06
3736,3,2.9873230932455813e-07
3736,4,7.095255906754418e-07
3737,3,7.831374371814524e-07
3737,4,2.2294096281854763e-07
3738,3,1.0036107e-06
3739,3,1.0019653e-06
3740,3,1.0019782e-06
3741,3,1.0036571e-06
3742,3,7.830633817578494e-07
3742,4,2.2310441824215067e-07
3743,3,2.9857961007084857e-07
3743,4,7.098002899291515e-07
3744,4,1.0089414e-06
3745,4,1.007051e-06
3746,4,9.133777428105978e-07
3746,5,3.680640718940227e-08
3747,4,1.5287676203447894e-07
3747,5,9.38756937965521e-07
3748,5,1.2046497e-07
3749,5,1.2312183e-07
3750,5,9.2678014e-08
3751,5,1.2380715e-07
3752,4,2.9282819376808605e-07
3752,5,7.577191062319139e-07
3753,4,9.133870422628312e-07
3753,5,3.691116773716883e-08
3754,4,1.0112258e-06
3755,4,1.0106939e-06
3756,4,1.0068502e-06
3757,3,1.5610487680363244e-07
3757,4,8.465549231963676e-07
3758,3,3.1208599982383947e-07
3758,4,6.879202001761605e-07
3759,3,3.1206528753748573e-07
3759,4,6.879451124625143e-07
3760,3,1.5604838196705924e-07
3760,4,8.466417180329408e-07
3761,4,1.0069687e-06
3762,4,1.010856e-06
3763,4,1.0115822e-06
3764,4,9.136702242561352e-07
3764,5,3.728991574386482e-08
3765,4,2.9301618974360404e-07
3765,5,7.588840102563959e-07
3766,5,1.2059556e-07
3767,5,1.6990439e-07
3768,5,1.3770795e-07
3769,5,1.1437511e-07
3770,4,1.5257933397626513e-07
3770,5,9.385910660237349e-07
3771,4,6.832462654091328e-07
3771,5,2.8451761459086714e-07
3772,4,1.0143659e-06
3773,4,1.007226e-06
3774,4,1.0003915e-06
3775,4,9.9623785e-07
3776,4,9.962101e-07
3777,4,1.0003616e-06
3778,4,1.0074193e-06
3779,4,1.0144283e-06
3780,4,6.833932492407242e-07
3780,5,2.847493907592758e-07
3781,4,1.5292659895640992e-07
3781,5,9.4015450104359e-07
3782,5,1.2097581e-07
3783,5,1.2357433e-07
3784,5,7.1691805e-08
3785,5,1.1476138e-07
3786,5,1.2287367e-07
3787,5,1.0776332e-06
3788,4,2.4505703478326533e-07
3788,5,7.641500652167346e-07
3789,4,6.091811709212974e-07
3789,5,4.193939290787027e-07
3790,4,8.178287608751538e-07
3790,5,1.2643978912484619e-07
3791,4,9.583595559212353e-07
3791,5,3.19801440787648e-08
3792,4,9.582426921138025e-07
3792,5,3.197640788619757e-08
3793,4,8.1758177836673e-07
3793,5,1.2637555163327005e-07
3794,4,6.093786070257009e-07
3794,5,4.1975789297429914e-07
3795,4,2.4476216587177774e-07
3795,5,7.637335341282223e-07
3796,5,1.0774884e-06
3797,5,1.2102775e-07
3798,5,1.6960726e-07
3799,5,7.1676764e-08
3800,5,7.3814625e-08
3801,5,1.5212447e-07
3802,5,1.310397e-07
3803,5,1.284036e-07
3804,5,1.0106583e-06
3805,5,9.724584e-07
3806,5,9.7215736e-07
3807,5,1.0093828e-06
3808,5,1.1990804e-07
3809,5,1.2854372e-07
3810,5,1.2837346e-07
3811,5,1.2791247e-07
3812,5,6.9753163e-08
3813,5,1.3340028e-07
3814,5,1.1277003e-07
3815,5,1.2744756e-07
3816,5,1.2859244e-07
3817,5,1.2310027e-07
3818,5,1.5873507e-07
3819,5,1.0786866e-07
3820,5,1.0199615e-07
3821,5,1.2509933e-07
3822,5,1.262521e-07
3823,5,1.1991086e-07
3824,5,6.6324093e-08
3825,5,7.7139419e-08
3826,5,1.5467894e-07
3827,5,1.2632316e-07
3828,5,1.0084091e-06
3829,5,9.7265578e-07
3830,5,9.7292396e-07
3831,5,1.0108041e-06
3832,5,1.1908041e-07
3833,5,1.2333636e-07
3834,5,1.2140209e-07
3835,5,1.472515e-07
3836,5,1.0824583e-06
3837,4,2.454190778192894e-07
3837,5,7.646345221807105e-07
3838,4,6.092993433632245e-07
3838,5,4.195360566367755e-07
3839,4,8.17551477475798e-07
3839,5,1.2632748252420205e-07
3840,4,9.583972851534176e-07
3840,5,3.198534484658251e-08
3841,4,9.585098220518177e-07
3841,5,3.199880794818223e-08
3842,4,8.178057372564356e-07
3842,5,1.2646440274356434e-07
3843,4,6.087690580529081e-07
3843,5,4.1916094194709187e-07
3844,4,2.445893205807386e-07
3844,5,7.632714794192615e-07
3845,5,1.0776284e-06
3846,5,1.16755e-07
3847,5,8.9726477e-08
3848,5,8.3635326e-08
3849,5,1.1611284e-07
3850,4,1.5316382085438839e-07
3850,5,9.406532791456116e-07
3851,4,6.842774814172647e-07
3851,5,2.8490754858273545e-07
3852,4,1.0149657e-06
3853,4,1.007448e-06
3854,4,1.000363e-06
3855,4,9.9625384e-07
3856,4,9.9627394e-07
3857,4,1.0003331e-06
3858,4,1.0070018e-06
3859,4,1.014114e-06
3860,4,6.837371617436142e-07
3860,5,2.8455494825638585e-07
3861,4,1.534973305820488e-07
3861,5,9.397977694179512e-07
3862,5,1.238499e-07
3863,5,1.3798275e-07
3864,5,1.1696254e-07
3865,4,2.910482635101858e-07
3865,5,7.558572364898141e-07
3866,4,9.126497323751288e-07
3866,5,3.703437762487126e-08
3867,4,1.0114303e-06
3868,4,1.0109176e-06
3869,4,1.0069919e-06
3870,3,1.5611418918396498e-07
3870,4,8.465490108160351e-07
3871,3,3.1211356609587505e-07
3871,4,6.878931339041249e-07
3872,3,3.1211304111366396e-07
3872,4,6.878792488863359e-07
3873,3,1.560990439557478e-07
3873,4,8.464806560442522e-07
3874,4,1.0067617e-06
3875,4,1.0106125e-06
3876,4,1.0113153e-06
3877,4,9.135573680187572e-07
3877,5,3.670764198124278e-08
3878,4,2.9291034743420585e-07
3878,5,7.58405152565794e-07
3879,5,1.1472408e-07
3880,5,1.1716149e-07
3881,5,1.4649561e-07
3882,4,1.5279989107194737e-07
3882,5,9.407386089280527e-07
3883,4,9.125565586044555e-07
3883,5,3.72477713955445e-08
3884,4,1.0064288e-06
3885,4,1.0086603e-06
3886,3,2.9859177969045014e-07
3886,4,7.096911203095498e-07
3887,3,7.831074416827417e-07
3887,4,2.2301375831725837e-07
3888,3,1.0036004e-06
3889,3,1.0019725e-06
3890,3,1.001952e-06
3891,3,1.003528e-06
3892,3,7.830488658430433e-07
3892,4,2.2294573415695677e-07
3893,3,2.9862613849291514e-07
3893,4,7.09533961507085e-07
3894,4,1.0086817e-06
3895,4,1.0068125e-06
3896,4,9.135307879394578e-07
3896,5,3.7028932060542214e-08
3897,4,1.5315619161227605e-07
3897,5,9.399786083877239e-07
3898,5,1.2250661e-07
3899,5,7.4273158e-08
3900,5,7.7314795e-08
3901,5,1.0801064e-06
3902,4,6.836085096096047e-07
3902,5,2.848638503903953e-07
3903,4,1.0111954e-06
3904,4,1.0085875e-06
3905,3,4.545771823749238e-07
3905,4,5.532429176250762e-07
3906,3,1.0068688e-06
3907,3,1.0053808e-06
3908,3,1.0038265e-06
3909,3,1.0028325e-06
3910,3,1.0028151e-06
3911,3,1.0037704e-06
3912,3,1.0052995e-06
3913,3,1.006796e-06
3914,3,4.5473299249202847e-07
3914,4,5.530785075079714e-07
3915,4,1.0086945e-06
3916,4,1.0112773e-06
3917,4,6.834163135992785e-07
3917,5,2.844222664007215e-07
3918,5,1.0760475e-06
3919,5,1.5066681e-07
3920,5,1.557122e-07
3921,4,2.4497228809004086e-07
3921,5,7.636809119099592e-07
3922,4,1.0142431e-06
3923,4,1.0106207e-06
3924,3,2.984139476387658e-07
3924,4,7.097718523612343e-07
3925,3,1.0068686e-06
3926,3,1.0058002e-06
3927,3,1.004685e-06
3928,3,1.0036827e-06
3929,3,1.0030728e-06
3930,3,1.0030589e-06
3931,3,1.0036422e-06
3932,3,1.0046331e-06
3933,3,1.0057672e-06
3934,3,1.0068593e-06
3935,3,2.9858309630513507e-07
3935,4,7.09626503694865e-07
3936,4,1.0106025e-06
3937,4,1.0139626e-06
3938,4,2.44638143927313e-07
3938,5,7.62990156072687e-07
3939,5,1.3064227e-07
3940,5,7.0429272e-08
3941,5,1.2536981e-07
3942,4,6.083591811096758e-07
3942,5,4.1931871889032425e-07
3943,4,1.0070383e-06
3944,4,1.0068497e-06
3945,3,7.829099856750921e-07
3945,4,2.231964143249078e-07
3946,3,1.005418e-06
3947,3,1.0047188e-06
3948,3,1.004009e-06
3949,3,1.0033821e-06
3950,3,1.0030121e-06
3951,3,1.0030023e-06
3952,3,1.0033615e-06
3953,3,1.0039878e-06
3954,3,1.004716e-06
3955,3,1.0054431e-06
3956,3,7.830803141271085e-07
3956,4,2.2310998587289134e-07
3957,4,1.0070056e-06
3958,4,1.0074293e-06
3959,4,6.090923077109857e-07
3959,5,4.199836922890144e-07
3960,5,1.2859536e-07
3961,5,1.3660899e-07
3962,5,1.0445918e-07
3963,5,1.0114797e-06
3964,4,8.173877218916731e-07
3964,5,1.272190181083269e-07
3965,4,1.0006163e-06
3966,3,1.5581660174801078e-07
3966,4,8.470018982519891e-07
3967,3,1.0037267e-06
3968,3,1.003932e-06
3969,3,1.0037576e-06
3970,3,1.0034177e-06
3971,3,1.0030734e-06
3972,3,1.0028652e-06
3973,3,1.0028647e-06
3974,3,1.0030736e-06
3975,3,1.0034308e-06
3976,3,1.0037982e-06
3977,3,1.0040267e-06
3978,3,1.0039238e-06
3979,3,1.5598979425537363e-07
3979,4,8.471527057446263e-07
3980,4,1.0011531e-06
3981,4,8.179990173365749e-07
3981,5,1.2741812266342514e-07
3982,5,1.0123143e-06
3983,5,1.1272396e-07
3984,5,1.2501125e-07
3985,5,9.7433444e-07
3986,4,9.582121384300615e-07
3986,5,3.3082151569938443e-08
3987,4,9.9678377e-07
3988,3,3.1186508202692405e-07
3988,4,6.884780179730759e-07
3989,3,1.0022072e-06
3990,3,1.0029996e-06
3991,3,1.0031875e-06
3992,3,1.0030774e-06
3993,3,1.0028932e-06
3994,3,1.0027731e-06
3995,3,1.00278e-06
3996,3,1.0029105e-06
3997,3,1.0031162e-06
3998,3,1.0032613e-06
3999,3,1.0031296e-06
4000,3,1.0024106e-06
4001,3,3.1203103717363553e-07
4001,4,6.886661628263644e-07
4002,4,9.9732022e-07
4003,4,9.586606664473692e-07
4003,5,3.334032355263086e-08
4004,5,9.7493596e-07
4005,5,1.2768615e-07
4006,5,1.2659339e-07
4007,5,9.7395921e-07
4008,4,9.580726469972304e-07
4008,5,3.301444300276967e-08
4009,4,9.9670741e-07
4010,3,3.1188721046543927e-07
4010,4,6.884345895345609e-07
4011,3,1.0022033e-06
4012,3,1.0029984e-06
4013,3,1.0031862e-06
4014,3,1.0030789e-06
4015,3,1.0028917e-06
4016,3,1.0027765e-06
4017,3,1.0027873e-06
4018,3,1.0029233e-06
4019,3,1.0031367e-06
4020,3,1.003285e-06
4021,3,1.0031504e-06
4022,3,1.0024293e-06
4023,3,3.119675686746386e-07
4023,4,6.887062313253615e-07
4024,4,9.9723692e-07
4025,4,9.584707794935771e-07
4025,5,3.3344680506422744e-08
4026,5,9.7461585e-07
4027,5,1.2897413e-07
4028,5,1.2065449e-07
4029,5,1.0087726e-06
4030,4,8.170104409828967e-07
4030,5,1.268761990171034e-07
4031,4,1.0004534e-06
4032,3,1.5590715655304026e-07
4032,4,8.468763434469597e-07
4033,3,1.0037237e-06
4034,3,1.0039325e-06
4035,3,1.003758e-06
4036,3,1.0034275e-06
4037,3,1.0030823e-06
4038,3,1.0028882e-06
4039,3,1.0028995e-06
4040,3,1.0031248e-06
4041,3,1.0034906e-06
4042,3,1.0038618e-06
4043,3,1.0040775e-06
4044,3,1.0039302e-06
4045,3,1.5584041491868904e-07
4045,4,8.472492850813111e-07
4046,4,1.0009661e-06
4047,4,8.17526152494081e-07
4047,5,1.2736660750591902e-07
4048,5,1.010652e-06
4049,5,1.23025e-07
4050,5,6.6112543e-08
4051,5,1.1861803e-07
4052,4,6.087623339208305e-07
4052,5,4.1944726607916947e-07
4053,4,1.0071043e-06
4054,4,1.0069156e-06
4055,3,7.831355430488272e-07
4055,4,2.230289569511728e-07
4056,3,1.0054475e-06
4057,3,1.0047328e-06
4058,3,1.0040184e-06
4059,3,1.0033926e-06
4060,3,1.0030423e-06
4061,3,1.0030557e-06
4062,3,1.0034433e-06
4063,3,1.0040875e-06
4064,3,1.0048232e-06
4065,3,1.0055486e-06
4066,3,7.829821162334971e-07
4066,4,2.2328138376650273e-07
4067,4,1.0070185e-06
4068,4,1.0072993e-06
4069,4,6.087290840788925e-07
4069,5,4.198674159211074e-07
4070,5,1.199427e-07
4071,5,1.5797321e-07
4072,5,1.227371e-07
4073,4,2.4483490160244455e-07
4073,5,7.626959983975555e-07
4074,4,1.01407e-06
4075,4,1.01076e-06
4076,3,2.987703745422616e-07
4076,4,7.095787254577384e-07
4077,3,1.0069594e-06
4078,3,1.0058365e-06
4079,3,1.0046986e-06
4080,3,1.0037024e-06
4081,3,1.0031067e-06
4082,3,1.0031229e-06
4083,3,1.0037489e-06
4084,3,1.004775e-06
4085,3,1.0059169e-06
4086,3,1.0069848e-06
4087,3,2.9844433950163724e-07
4087,4,7.098628604983628e-07
4088,4,1.0106147e-06
4089,4,1.0139415e-06
4090,4,2.44624887936674e-07
4090,5,7.631225120633261e-07
4091,5,1.2918554e-07
4092,5,1.1231755e-07
4093,5,1.2439559e-07
4094,5,1.0771394e-06
4095,4,6.838347438070728e-07
4095,5,2.8451779619292696e-07
4096,4,1.0116886e-06
4097,4,1.0090011e-06
4098,3,4.549565882478602e-07
4098,4,5.530497117521397e-07
4099,3,1.0069208e-06
4100,3,1.0053848e-06
4101,3,1.0038396e-06
4102,3,1.0028543e-06
4103,3,1.0028717e-06
4104,3,1.0038888e-06
4105,3,1.0054591e-06
4106,3,1.0069929e-06
4107,3,4.546290513772546e-07
4107,4,5.533540486227454e-07
4108,4,1.0087861e-06
4109,4,1.0111615e-06
4110,4,6.831914020742257e-07
4110,5,2.8457636792577443e-07
4111,5,1.0777765e-06
4112,5,1.2993957e-07
4113,5,1.1508239e-07
4114,4,1.537432637831891e-07
4114,5,9.406151362168108e-07
4115,4,9.146244480763382e-07
4115,5,3.666295192366196e-08
4116,4,1.0073485e-06
4117,4,1.0089095e-06
4118,3,2.9868463812318227e-07
4118,4,7.095905618768177e-07
4119,3,7.830692465536662e-07
4119,4,2.2300235344633386e-07
4120,3,1.0035982e-06
4121,3,1.0019573e-06
4122,3,1.001979e-06
4123,3,1.0036673e-06
4124,3,7.830106830118718e-07
4124,4,2.231721169881283e-07
4125,3,2.9849954987519286e-07
4125,4,7.098751501248072e-07
4126,4,1.0088862e-06
4127,4,1.0069847e-06
4128,4,9.133070176330344e-07
4128,5,3.685225236696564e-08
4129,4,1.5293516536826372e-07
4129,5,9.390770346317364e-07
4130,5,1.2067196e-07
4131,5,1.2243056e-07
4132,5,9.1528358e-08
4133,5,1.2428728e-07
4134,4,2.942527082839425e-07
4134,5,7.601303917160575e-07
4135,4,9.140603394520254e-07
4135,5,3.694759054797479e-08
4136,4,1.0113866e-06
4137,4,1.0106777e-06
4138,4,1.0068155e-06
4139,3,1.5604371330451312e-07
4139,4,8.465661866954869e-07
4140,3,3.1203866881443845e-07
4140,4,6.879418011855615e-07
4141,3,3.1203783722182466e-07
4141,4,6.879724627781754e-07
4142,3,1.560359052072437e-07
4142,4,8.466874947927563e-07
4143,4,1.0070556e-06
4144,4,1.010928e-06
4145,4,1.0114741e-06
4146,4,9.135019976430136e-07
4146,5,3.733212235698639e-08
4147,4,2.928735462781462e-07
4147,5,7.586959537218537e-07
4148,5,1.2060557e-07
4149,5,1.7260944e-07
4150,5,1.3776554e-07
4151,5,1.1511845e-07
4152,4,1.5267739567270133e-07
4152,5,9.388970043272986e-07
4153,4,6.831423809276822e-07
4153,5,2.845944890723178e-07
4154,4,1.0142406e-06
4155,4,1.0071567e-06
4156,4,1.0002634e-06
4157,4,9.9618162e-07
4158,4,9.9621342e-07
4159,4,1.000443e-06
4160,4,1.0077627e-06
4161,4,1.014895e-06
4162,4,6.832009936985536e-07
4162,5,2.848216363014465e-07
4163,4,1.5267485330469327e-07
4163,5,9.398700466953067e-07
4164,5,1.2096491e-07
4165,5,1.2318372e-07
4166,5,7.0330942e-08
4167,5,1.2003811e-07
4168,5,1.2245736e-07
4169,5,1.0776419e-06
4170,4,2.450440508695762e-07
4170,5,7.640679491304237e-07
4171,4,6.092291383511206e-07
4171,5,4.194849616488794e-07
4172,4,8.174860591374757e-07
4172,5,1.2631395086252437e-07
4173,4,9.582350431016087e-07
4173,5,3.199909689839115e-08
4174,4,9.582259402205372e-07
4174,5,3.198776977946289e-08
4175,4,8.175994248003145e-07
4175,5,1.262839651996855e-07
4176,4,6.101484894048749e-07
4176,5,4.2034501059512517e-07
4177,4,2.454517167044814e-07
4177,5,7.655886832955185e-07
4178,5,1.0772009e-06
4179,5,1.2055368e-07
4180,5,1.723565e-07
4181,5,7.2071444e-08
4182,5,7.3328663e-08
4183,5,1.5140739e-07
4184,5,1.3117503e-07
4185,5,1.2854548e-07
4186,5,1.0085679e-06
4187,5,9.7234055e-07
4188,5,9.7214323e-07
4189,5,1.0079515e-06
4190,5,1.2001948e-07
4191,5,1.2993168e-07
4192,5,1.2927999e-07
4193,5,1.2109413e-07
4194,5,6.9305177e-08
4195,5,1.3369805e-07
4196,5,1.1202143e-07
4197,5,1.2739221e-07
4198,5,1.286872e-07
4199,5,1.2292755e-07
4200,5,1.5592032e-07
4201,5,1.1348289e-07
4202,5,1.0473011e-07
4203,5,1.2495159e-07
4204,5,1.2623325e-07
4205,5,1.1982357e-07
4206,5,6.5765358e-08
4207,5,7.8946497e-08
4208,5,1.5653208e-07
4209,5,1.2744553e-07
4210,5,1.0083675e-06
4211,5,9.727849e-07
4212,5,9.7298172e-07
4213,5,1.009747e-06
4214,5,1.1890562e-07
4215,5,1.238757e-07
4216,5,1.2100975e-07
4217,5,1.4678784e-07
4218,5,1.0794771e-06
4219,4,2.452640694852147e-07
4219,5,7.647517305147853e-07
4220,4,6.094414779141575e-07
4220,5,4.1980692208584245e-07
4221,4,8.175203692159212e-07
4221,5,1.2633280078407885e-07
4222,4,9.584624346014647e-07
4222,5,3.1995615398535266e-08
4223,4,9.585974572634817e-07
4223,5,3.198358273651822e-08
4224,4,8.178164957817374e-07
4224,5,1.2639934421826252e-07
4225,4,6.089177147970263e-07
4225,5,4.192963852029738e-07
4226,4,2.447094994647738e-07
4226,5,7.638394005352262e-07
4227,5,1.0773583e-06
4228,5,1.1599364e-07
4229,5,8.7747526e-08
4230,5,8.4094971e-08
4231,5,1.1609895e-07
4232,4,1.529941059662933e-07
4232,5,9.397835940337067e-07
4233,4,6.837789630799293e-07
4233,5,2.847834469200706e-07
4234,4,1.0148223e-06
4235,4,1.0074846e-06
4236,4,1.0003816e-06
4237,4,9.9630967e-07
4238,4,9.9633789e-07
4239,4,1.0003733e-06
4240,4,1.0070388e-06
4241,4,1.0141578e-06
4242,4,6.833710213972596e-07
4242,5,2.8453570860274036e-07
4243,4,1.5313684768614976e-07
4243,5,9.392850523138502e-07
4244,5,1.2399071e-07
4245,5,1.3787489e-07
4246,5,1.1829947e-07
4247,4,2.9196343299768907e-07
4247,5,7.574302670023111e-07
4248,4,9.128731738764132e-07
4248,5,3.699088612358679e-08
4249,4,1.0113274e-06
4250,4,1.0108589e-06
4251,4,1.0069868e-06
4252,3,1.5609216332556572e-07
4252,4,8.465903366744343e-07
4253,3,3.121205775429282e-07
4253,4,6.879244224570718e-07
4254,3,3.121258627634602e-07
4254,4,6.879091372365399e-07
4255,3,1.5608353255408253e-07
4255,4,8.465229674459175e-07
4256,4,1.0067569e-06
4257,4,1.0105655e-06
4258,4,1.0111179e-06
4259,4,9.13109528212976e-07
4259,5,3.679082178702396e-08
4260,4,2.923253862593587e-07
4260,5,7.574471137406413e-07
4261,5,1.1456028e-07
4262,5,1.1856925e-07
4263,5,1.4488835e-07
4264,4,1.5259068338812837e-07
4264,5,9.396643166118715e-07
4265,4,9.127622679700104e-07
4265,5,3.7178752029989677e-08
4266,4,1.0065362e-06
4267,4,1.0086718e-06
4268,3,2.985425473732314e-07
4268,4,7.097271526267686e-07
4269,3,7.830615466837775e-07
4269,4,2.2305645331622256e-07
4270,3,1.0036145e-06
4271,3,1.0019975e-06
4272,3,1.0019802e-06
4273,3,1.003545e-06
4274,3,7.829700356305316e-07
4274,4,2.230210643694684e-07
4275,3,2.9850237804269737e-07
4275,4,7.096250219573026e-07
4276,4,1.0086052e-06
4277,4,1.0067077e-06
4278,4,9.134677104643832e-07
4278,5,3.713036953561677e-08
4279,4,1.5354841113102462e-07
4279,5,9.413249888689753e-07
4280,5,1.2262398e-07
4281,5,7.3137987e-08
4282,5,7.824795e-08
4283,5,1.0780251e-06
4284,4,6.834687963773539e-07
4284,5,2.847547436226461e-07
4285,4,1.0112219e-06
4286,4,1.0086266e-06
4287,3,4.5457449890544485e-07
4287,4,5.532648010945551e-07
4288,3,1.0068774e-06
4289,3,1.0053858e-06
4290,3,1.0038382e-06
4291,3,1.002853e-06
4292,3,1.0028363e-06
4293,3,1.0037837e-06
4294,3,1.0053013e-06
4295,3,1.0067779e-06
4296,3,4.5458814985835704e-07
4296,4,5.531856501416428e-07
4297,4,1.0086494e-06
4298,4,1.0113185e-06
4299,4,6.836266312296177e-07
4299,5,2.8446515877038225e-07
4300,5,1.0763617e-06
4301,5,1.4884987e-07
4302,5,1.5605806e-07
4303,4,2.449585347862914e-07
4303,5,7.637870652137086e-07
4304,4,1.0142039e-06
4305,4,1.0106407e-06
4306,3,2.9841873034043153e-07
4306,4,7.097880696595686e-07
4307,3,1.006867e-06
4308,3,1.0057928e-06
4309,3,1.004698e-06
4310,3,1.003697e-06
4311,3,1.0030936e-06
4312,3,1.0030799e-06
4313,3,1.0036596e-06
4314,3,1.0046405e-06
4315,3,1.0057573e-06
4316,3,1.0068331e-06
4317,3,2.984690686161908e-07
4317,4,7.097071313838093e-07
4318,4,1.0105915e-06
4319,4,1.0140005e-06
4320,4,2.4472469621874157e-07
4320,5,7.629535037812584e-07
4321,5,1.3076373e-07
4322,5,7.1752011e-08
4323,5,1.2698793e-07
4324,4,6.083600083091184e-07
4324,5,4.1940369169088153e-07
4325,4,1.0070123e-06
4326,4,1.006848e-06
4327,3,7.829024416498628e-07
4327,4,2.2321245835013724e-07
4328,3,1.0054253e-06
4329,3,1.0047183e-06
4330,3,1.0040205e-06
4331,3,1.0034045e-06
4332,3,1.0030366e-06
4333,3,1.0030264e-06
4334,3,1.0033784e-06
4335,3,1.0039921e-06
4336,3,1.0047116e-06
4337,3,1.0054267e-06
4338,3,7.829750332837876e-07
4338,4,2.231836667162123e-07
4339,4,1.0069666e-06
4340,4,1.0073887e-06
4341,4,6.091174858778612e-07
4341,5,4.2001491412213897e-07
4342,5,1.2888509e-07
4343,5,1.3729968e-07
4344,5,1.0499784e-07
4345,5,1.0099483e-06
4346,4,8.171908663027859e-07
4346,5,1.2706214369721407e-07
4347,4,1.0005357e-06
4348,3,1.558009657099168e-07
4348,4,8.470003342900832e-07
4349,3,1.0037305e-06
4350,3,1.0039392e-06
4351,3,1.0037667e-06
4352,3,1.0034264e-06
4353,3,1.003096e-06
4354,3,1.0028972e-06
4355,3,1.0028973e-06
4356,3,1.0030979e-06
4357,3,1.0034426e-06
4358,3,1.0038008e-06
4359,3,1.0040159e-06
4360,3,1.0038991e-06
4361,3,1.5593135088551113e-07
4361,4,8.471668491144888e-07
4362,4,1.0010466e-06
4363,4,8.177073196441108e-07
4363,5,1.2729241035588916e-07
4364,5,1.0108131e-06
4365,5,1.1200424e-07
4366,5,1.2484031e-07
4367,5,9.7343123e-07
4368,4,9.580561614032973e-07
4368,5,3.290191859670277e-08
4369,4,9.9664346e-07
4370,3,3.118382792555757e-07
4370,4,6.884489207444242e-07
4371,3,1.0021857e-06
4372,3,1.0030003e-06
4373,3,1.003197e-06
4374,3,1.0030968e-06
4375,3,1.0029263e-06
4376,3,1.0028287e-06
4377,3,1.0028338e-06
4378,3,1.0029413e-06
4379,3,1.0031343e-06
4380,3,1.0032686e-06
4381,3,1.0031269e-06
4382,3,1.0023989e-06
4383,3,3.1198101693745853e-07
4383,4,6.886934830625416e-07
4384,4,9.9728238e-07
4385,4,9.585786222649724e-07
4385,5,3.335638773502752e-08
4386,5,9.7487559e-07
4387,5,1.2762724e-07
4388,5,1.2625757e-07
4389,5,9.7279597e-07
4390,4,9.578779318477356e-07
4390,5,3.277065815226438e-08
4391,4,9.9653e-07
4392,3,3.1185735228534864e-07
4392,4,6.883930477146514e-07
4393,3,1.0021757e-06
4394,3,1.0029943e-06
4395,3,1.0031945e-06
4396,3,1.0030978e-06
4397,3,1.0029232e-06
4398,3,1.0028317e-06
4399,3,1.0028408e-06
4400,3,1.0029552e-06
4401,3,1.0031551e-06
4402,3,1.0032942e-06
4403,3,1.0031518e-06
4404,3,1.0024257e-06
4405,3,3.1192119391406236e-07
4405,4,6.887447060859376e-07
4406,4,9.9723631e-07
4407,4,9.58474716114698e-07
4407,5,3.3393573885302016e-08
4408,5,9.7495482e-07
4409,5,1.2903096e-07
4410,5,1.2037547e-07
4411,5,1.0071367e-06
4412,4,8.168293936783258e-07
4412,5,1.266130863216743e-07
4413,4,1.0003425e-06
4414,3,1.558898203549227e-07
4414,4,8.468561796450773e-07
4415,3,1.0037096e-06
4416,3,1.0039324e-06
4417,3,1.0037661e-06
4418,3,1.003444e-06
4419,3,1.0031088e-06
4420,3,1.0029204e-06
4421,3,1.0029298e-06
4422,3,1.0031489e-06
4423,3,1.0035077e-06
4424,3,1.0038713e-06
4425,3,1.0040778e-06
4426,3,1.003922e-06
4427,3,1.557864947206985e-07
4427,4,8.472875052793016e-07
4428,4,1.0009543e-06
4429,4,8.175646696259181e-07
4429,5,1.2750909037408182e-07
4430,5,1.0120827e-06
4431,5,1.2337744e-07
4432,5,6.1085166e-08
4433,5,1.1789812e-07
4434,4,6.092700618446917e-07
4434,5,4.1980323815530824e-07
4435,4,1.0073094e-06
4436,4,1.0069628e-06
4437,3,7.831040586496811e-07
4437,4,2.2306574135031883e-07
4438,3,1.0054495e-06
4439,3,1.0047371e-06
4440,3,1.0040359e-06
4441,3,1.0034163e-06
4442,3,1.0030646e-06
4443,3,1.003077e-06
4444,3,1.0034576e-06
4445,3,1.0040951e-06
4446,3,1.0048296e-06
4447,3,1.0055508e-06
4448,3,7.829386471210563e-07
4448,4,2.2332435287894378e-07
4449,4,1.0070051e-06
4450,4,1.0072487e-06
4451,4,6.085208063229925e-07
4451,5,4.1980869367700746e-07
4452,5,1.2007022e-07
4453,5,1.6290013e-07
4454,5,1.2396781e-07
4455,4,2.452412055266846e-07
4455,5,7.640726944733155e-07
4456,4,1.0144596e-06
4457,4,1.0108473e-06
4458,3,2.987416568475323e-07
4458,4,7.096295431524678e-07
4459,3,1.0069659e-06
4460,3,1.0058585e-06
4461,3,1.0047217e-06
4462,3,1.0037205e-06
4463,3,1.0031228e-06
4464,3,1.003136e-06
4465,3,1.0037595e-06
4466,3,1.0047751e-06
4467,3,1.0059147e-06
4468,3,1.0069902e-06
4469,3,2.984207263339854e-07
4469,4,7.098950736660147e-07
4470,4,1.0106122e-06
4471,4,1.0138051e-06
4472,4,2.443003373290434e-07
4472,5,7.625513626709566e-07
4473,5,1.286452e-07
4474,5,1.1098681e-07
4475,5,1.2242773e-07
4476,5,1.0769361e-06
4477,4,6.836728574100245e-07
4477,5,2.8457971258997543e-07
4478,4,1.0116871e-06
4479,4,1.0090291e-06
4480,3,4.5493688433924574e-07
4480,4,5.530937156607542e-07
4481,3,1.0069526e-06
4482,3,1.0054034e-06
4483,3,1.0038547e-06
4484,3,1.0028627e-06
4485,3,1.0028754e-06
4486,3,1.0038889e-06
4487,3,1.0054548e-06
4488,3,1.006983e-06
4489,3,4.5461172452341874e-07
4489,4,5.533794754765812e-07
4490,4,1.0088291e-06
4491,4,1.0112354e-06
4492,4,6.831966332403008e-07
4492,5,2.844643967596992e-07
4493,5,1.0760578e-06
4494,5,1.2883888e-07
4495,5,1.1448717e-07
4496,4,1.5343017731556477e-07
4496,5,9.393581226844353e-07
4497,4,9.147346439102196e-07
4497,5,3.659564608978044e-08
4498,4,1.0074651e-06
4499,4,1.0089718e-06
4500,3,2.986704102473649e-07
4500,4,7.096381897526351e-07
4501,3,7.830512468709061e-07
4501,4,2.2304075312909398e-07
4502,3,1.0036068e-06
4503,3,1.0019575e-06
4504,3,1.001974e-06
4505,3,1.0036554e-06
4506,3,7.829541915630764e-07
4506,4,2.2320420843692363e-07
4507,3,2.9845856488423545e-07
4507,4,7.098858351157647e-07
4508,4,1.0088818e-06
4509,4,1.0070799e-06
4510,4,9.135574403395136e-07
4510,5,3.678506966048645e-08
4511,4,1.5319499183514194e-07
4511,5,9.39072808164858e-07
4512,5,1.2076275e-07
4513,5,1.2558692e-07
4514,5,8.5794531e-08
4515,5,1.2422169e-07
4516,4,2.950846337987641e-07
4516,5,7.614059662012359e-07
4517,4,9.143692026698495e-07
4517,5,3.6898297330150516e-08
4518,4,1.011469e-06
4519,4,1.010698e-06
4520,4,1.0068255e-06
4521,3,1.5600212267778567e-07
4521,4,8.465936773222143e-07
4522,3,3.119944820552937e-07
4522,4,6.879724679447062e-07
4523,3,3.119976890762102e-07
4523,4,6.880013009237899e-07
4524,3,1.559912519527764e-07
4524,4,8.467082480472236e-07
4525,4,1.0069855e-06
4526,4,1.0108302e-06
4527,4,1.0113975e-06
4528,4,9.136152789565932e-07
4528,5,3.730466104340671e-08
4529,4,2.9336752926645044e-07
4529,5,7.595767707335497e-07
4530,5,1.2066971e-07
4531,5,1.7134973e-07
4532,5,1.3755156e-07
4533,5,1.1565621e-07
4534,4,1.5285188244057047e-07
4534,5,9.386670175594296e-07
4535,4,6.830633290919096e-07
4535,5,2.8449840090809037e-07
4536,4,1.0141139e-06
4537,4,1.0071084e-06
4538,4,1.0001892e-06
4539,4,9.9614492e-07
4540,4,9.9620803e-07
4541,4,1.0004249e-06
4542,4,1.0075775e-06
4543,4,1.0145418e-06
4544,4,6.829566496058623e-07
4544,5,2.847096503941377e-07
4545,4,1.526351160513045e-07
4545,5,9.393424839486954e-07
4546,5,1.2116834e-07
4547,5,1.2340006e-07
4548,5,7.0813737e-08
4549,5,1.2339215e-07
4550,5,1.2158808e-07
4551,5,1.0762639e-06
4552,4,2.4487083862378986e-07
4552,5,7.6325326137621e-07
4553,4,6.089962392051693e-07
4553,5,4.193312607948306e-07
4554,4,8.172673197196597e-07
4554,5,1.263591002803404e-07
4555,4,9.581182039921922e-07
4555,5,3.2053066007807755e-08
4556,4,9.582294336168792e-07
4556,5,3.2026926383120846e-08
4557,4,8.176609227458361e-07
4557,5,1.2636499725416396e-07
4558,4,6.098145492671732e-07
4558,5,4.200503507328269e-07
4559,4,2.450746876873266e-07
4559,5,7.645997123126734e-07
4560,5,1.0761274e-06
4561,5,1.2003961e-07
4562,5,1.7226416e-07
4563,5,7.1243805e-08
4564,5,7.3422543e-08
4565,5,1.5111131e-07
4566,5,1.3046834e-07
4567,5,1.2845621e-07
4568,5,1.0085437e-06
4569,5,9.7233482e-07
4570,5,9.7230973e-07
4571,5,1.0091098e-06
4572,5,1.2003008e-07
4573,5,1.2986316e-07
4574,5,1.2957685e-07
4575,5,1.2038461e-07
4576,5,6.8860626e-08
4577,5,1.3389906e-07
4578,5,1.120927e-07
4579,5,1.2746261e-07
4580,5,1.286836e-07
4581,5,1.2285443e-07
4582,5,1.5621347e-07
4583,5,1.1301278e-07
4584,5,1.0422913e-07
4585,5,1.2515386e-07
4586,5,1.265032e-07
4587,5,1.1959242e-07
4588,5,6.498158e-08
4589,5,7.5749912e-08
4590,5,1.5680517e-07
4591,5,1.2695994e-07
4592,5,1.0092846e-06
4593,5,9.7279271e-07
4594,5,9.7315484e-07
4595,5,1.01071e-06
4596,5,1.1894442e-07
4597,5,1.2427473e-07
4598,5,1.1986591e-07
4599,5,1.429728e-07
4600,5,1.0779332e-06
4601,4,2.448812982689897e-07
4601,5,7.642386017310103e-07
4602,4,6.091655333632957e-07
4602,5,4.1965856663670437e-07
4603,4,8.17523004465742e-07
4603,5,1.2640782553425804e-07
4604,4,9.584560381093426e-07
4604,5,3.200329189065745e-08
4605,4,9.586546272620507e-07
4605,5,3.1986432737949316e-08
4606,4,8.179264102459568e-07
4606,5,1.2644914975404314e-07
4607,4,6.089916604493036e-07
4607,5,4.194165395506964e-07
4608,4,2.4468382918963e-07
4608,5,7.636654708103701e-07
4609,5,1.0780592e-06
4610,5,1.1678833e-07
4611,5,9.0381346e-08
4612,5,8.4855973e-08
4613,5,1.197111e-07
4614,4,1.5304481071402914e-07
4614,5,9.393836892859708e-07
4615,4,6.835437510364627e-07
4615,5,2.847723089635372e-07
4616,4,1.0145069e-06
4617,4,1.0073503e-06
4618,4,1.0003562e-06
4619,4,9.963135e-07
4620,4,9.9636948e-07
4621,4,1.0004304e-06
4622,4,1.0071149e-06
4623,4,1.0142339e-06
4624,4,6.835776009802994e-07
4624,5,2.846617790197006e-07
4625,4,1.533392151108582e-07
4625,5,9.405751848891417e-07
4626,5,1.2357364e-07
4627,5,1.3818798e-07
4628,5,1.1809128e-07
4629,4,2.927450816835158e-07
4629,5,7.584079183164842e-07
4630,4,9.132765257896642e-07
4630,5,3.693814421033566e-08
4631,4,1.0113657e-06
4632,4,1.0107678e-06
4633,4,1.0069295e-06
4634,3,1.560562855131871e-07
4634,4,8.466124144868128e-07
4635,3,3.1211285744913265e-07
4635,4,6.879404425508673e-07
4636,3,3.1213290589917056e-07
4636,4,6.879261941008295e-07
4637,3,1.5608176183491888e-07
4637,4,8.46557638165081e-07
4638,4,1.0068003e-06
4639,4,1.0106131e-06
4640,4,1.0112013e-06
4641,4,9.130005067063161e-07
4641,5,3.695518329368388e-08
4642,4,2.9166541261229846e-07
4642,5,7.566741873877017e-07
4643,5,1.1352885e-07
4644,5,1.0839906e-07
4645,5,1.4539578e-07
4646,4,1.5286113662886116e-07
4646,5,9.398045633711388e-07
4647,4,9.133364298338402e-07
4647,5,3.712331016615982e-08
4648,4,1.0068456e-06
4649,4,1.0087675e-06
4650,3,2.9853352458898e-07
4650,4,7.097353754110199e-07
4651,3,7.830276857396816e-07
4651,4,2.2307531426031846e-07
4652,3,1.0036135e-06
4653,3,1.002009e-06
4654,3,1.0020015e-06
4655,3,1.0035683e-06
4656,3,7.829457789844565e-07
4656,4,2.2307002101554342e-07
4657,3,2.9843935912875925e-07
4657,4,7.097067408712408e-07
4658,4,1.0086197e-06
4659,4,1.0066805e-06
4660,4,9.131882180790158e-07
4660,5,3.732738192098416e-08
4661,4,1.5330356219254018e-07
4661,5,9.417274378074597e-07
4662,5,1.244004e-07
4663,5,7.3416998e-08
4664,5,7.8057011e-08
4665,5,1.0800451e-06
4666,4,6.837454622673625e-07
4666,5,2.8480044773263754e-07
4667,4,1.0114751e-06
4668,4,1.0087973e-06
4669,3,4.5466347157219195e-07
4669,4,5.53255028427808e-07
4670,3,1.0069038e-06
4671,3,1.0053914e-06
4672,3,1.0038443e-06
4673,3,1.0028641e-06
4674,3,1.002851e-06
4675,3,1.0038024e-06
4676,3,1.0053168e-06
4677,3,1.0067879e-06
4678,3,4.5448660761227656e-07
4678,4,5.532809923877233e-07
4679,4,1.0086225e-06
4680,4,1.0113406e-06
4681,4,6.837968592151643e-07
4681,5,2.847500107848355e-07
4682,5,1.0802167e-06
4683,5,1.5252509e-07
4684,5,1.5350131e-07
4685,4,2.4487625124335353e-07
4685,5,7.633857487566464e-07
4686,4,1.0142386e-06
4687,4,1.0107398e-06
4688,3,2.985060214793479e-07
4688,4,7.097871785206521e-07
4689,3,1.0069184e-06
4690,3,1.0058177e-06
4691,3,1.0047091e-06
4692,3,1.0037038e-06
4693,3,1.0031018e-06
4694,3,1.0030897e-06
4695,3,1.0036703e-06
4696,3,1.0046493e-06
4697,3,1.0057503e-06
4698,3,1.0068096e-06
4699,3,2.98364851501452e-07
4699,4,7.097722484985481e-07
4700,4,1.0105298e-06
4701,4,1.0138843e-06
4702,4,2.446059841126998e-07
4702,5,7.625469158873001e-07
4703,5,1.303536e-07
4704,5,6.9308109e-08
4705,5,1.2586018e-07
4706,4,6.084177822786627e-07
4706,5,4.1949401772133725e-07
4707,4,1.0070924e-06
4708,4,1.0069079e-06
4709,3,7.829594476648781e-07
4709,4,2.2320455233512195e-07
4710,3,1.0054577e-06
4711,3,1.0047365e-06
4712,3,1.0040303e-06
4713,3,1.0034143e-06
4714,3,1.0030421e-06
4715,3,1.0030323e-06
4716,3,1.0033853e-06
4717,3,1.0039947e-06
4718,3,1.0047024e-06
4719,3,1.0054077e-06
4720,3,7.828756799679867e-07
4720,4,2.2323902003201324e-07
4721,4,1.0068691e-06
4722,4,1.0071724e-06
4723,4,6.087125123287907e-07
4723,5,4.196629876712093e-07
4724,5,1.2840419e-07
4725,5,1.3262774e-07
4726,5,1.0459367e-07
4727,5,1.0110452e-06
4728,4,8.172950564509636e-07
4728,5,1.271529335490364e-07
4729,4,1.0005846e-06
4730,3,1.557936149017257e-07
4730,4,8.470377850982742e-07
4731,3,1.003755e-06
4732,3,1.0039566e-06
4733,3,1.0037798e-06
4734,3,1.0034298e-06
4735,3,1.0030994e-06
4736,3,1.0028996e-06
4737,3,1.0028979e-06
4738,3,1.0030981e-06
4739,3,1.0034396e-06
4740,3,1.0037944e-06
4741,3,1.0039974e-06
4742,3,1.003862e-06
4743,3,1.558642260693937e-07
4743,4,8.471607739306063e-07
4744,4,1.0009104e-06
4745,4,8.175313977243398e-07
4745,5,1.2728914227566026e-07
4746,5,1.0107935e-06
4747,5,1.122954e-07
4748,5,1.2488739e-07
4749,5,9.732304e-07
4750,4,9.580523192152399e-07
4750,5,3.288238078476006e-08
4751,4,9.9663845e-07
4752,3,3.1181318879860046e-07
4752,4,6.884769112013996e-07
4753,3,1.0021918e-06
4754,3,1.0030072e-06
4755,3,1.0032026e-06
4756,3,1.0031007e-06
4757,3,1.0029298e-06
4758,3,1.0028306e-06
4759,3,1.0028339e-06
4760,3,1.0029422e-06
4761,3,1.0031321e-06
4762,3,1.0032626e-06
4763,3,1.0031138e-06
4764,3,1.0023752e-06
4765,3,3.119276250711787e-07
4765,4,6.887079749288213e-07
4766,4,9.9722539e-07
4767,4,9.58495147954624e-07
4767,5,3.338181204537591e-08
4768,5,9.7496447e-07
4769,5,1.2774389e-07
4770,5,1.260838e-07
4771,5,9.727349e-07
4772,4,9.579140891194858e-07
4772,5,3.2737540880514106e-08
4773,4,9.9652174e-07
4774,3,3.11821919667463e-07
4774,4,6.884196803325372e-07
4775,3,1.0021689e-06
4776,3,1.0029941e-06
4777,3,1.0031962e-06
4778,3,1.0030991e-06
4779,3,1.0029242e-06
4780,3,1.0028328e-06
4781,3,1.00284e-06
4782,3,1.0029537e-06
4783,3,1.0031532e-06
4784,3,1.0032906e-06
4785,3,1.0031448e-06
4786,3,1.0024122e-06
4787,3,3.118749014601076e-07
4787,4,6.887609985398924e-07
4788,4,9.9717155e-07
4789,4,9.583126040843363e-07
4789,5,3.343232591566357e-08
4790,5,9.7478551e-07
4791,5,1.2901149e-07
4792,5,1.1947674e-07
4793,5,1.0083135e-06
4794,4,8.16971131673498e-07
4794,5,1.2672501832650198e-07
4795,4,1.0003809e-06
4796,3,1.558494200290949e-07
4796,4,8.46903579970905e-07
4797,3,1.003709e-06
4798,3,1.0039298e-06
4799,3,1.0037651e-06
4800,3,1.0034448e-06
4801,3,1.0031128e-06
4802,3,1.0029229e-06
4803,3,1.0029309e-06
4804,3,1.003149e-06
4805,3,1.003511e-06
4806,3,1.0038715e-06
4807,3,1.0040758e-06
4808,3,1.0039096e-06
4809,3,1.557512341761352e-07
4809,4,8.472842658238648e-07
4810,4,1.000827e-06
4811,4,8.170956136100286e-07
4811,5,1.2737511638997144e-07
4812,5,1.0095859e-06
4813,5,1.23276e-07
4814,5,6.5407714e-08
4815,5,1.1833843e-07
4816,4,6.090571416457091e-07
4816,5,4.1969765835429086e-07
4817,4,1.0073173e-06
4818,4,1.0069471e-06
4819,3,7.83037039811922e-07
4819,4,2.2310996018807795e-07
4820,3,1.0054384e-06
4821,3,1.0047378e-06
4822,3,1.0040425e-06
4823,3,1.0034262e-06
4824,3,1.0030699e-06
4825,3,1.0030796e-06
4826,3,1.003457e-06
4827,3,1.0040978e-06
4828,3,1.0048342e-06
4829,3,1.0055595e-06
4830,3,7.829534859211583e-07
4830,4,2.2332561407884172e-07
4831,4,1.0070322e-06
4832,4,1.0072698e-06
4833,4,6.085369475476216e-07
4833,5,4.199423524523786e-07
4834,5,1.199258e-07
4835,5,1.587793e-07
4836,5,1.2307121e-07
4837,4,2.4524287558218543e-07
4837,5,7.643542244178145e-07
4838,4,1.0145466e-06
4839,4,1.0108088e-06
4840,3,2.986667009855426e-07
4840,4,7.096573990144573e-07
4841,3,1.0069446e-06
4842,3,1.0058718e-06
4843,3,1.0047389e-06
4844,3,1.0037343e-06
4845,3,1.0031313e-06
4846,3,1.0031387e-06
4847,3,1.0037582e-06
4848,3,1.0047707e-06
4849,3,1.0059179e-06
4850,3,1.0070197e-06
4851,3,2.984683183482802e-07
4851,4,7.099074816517199e-07
4852,4,1.0107499e-06
4853,4,1.014141e-06
4854,4,2.446499089537934e-07
4854,5,7.632316910462067e-07
4855,5,1.2870435e-07
4856,5,1.1092039e-07
4857,5,1.2385261e-07
4858,5,1.0786994e-06
4859,4,6.83670989235385e-07
4859,5,2.845833707646149e-07
4860,4,1.0115002e-06
4861,4,1.0089224e-06
4862,3,4.5487569145335484e-07
4862,4,5.531233085466453e-07
4863,3,1.0069714e-06
4864,3,1.005429e-06
4865,3,1.0038754e-06
4866,3,1.002873e-06
4867,3,1.0028749e-06
4868,3,1.00388e-06
4869,3,1.0054415e-06
4870,3,1.0069813e-06
4871,3,4.546612930475065e-07
4871,4,5.533736069524937e-07
4872,4,1.0089441e-06
4873,4,1.0115359e-06
4874,4,6.838166571768316e-07
4874,5,2.847020128231686e-07
4875,5,1.0794342e-06
4876,5,1.2940838e-07
4877,5,1.1479585e-07
4878,4,1.5351987774377907e-07
4878,5,9.395356222562208e-07
4879,4,9.143298523254504e-07
4879,5,3.6565087674549684e-08
4880,4,1.0072804e-06
4881,4,1.0089497e-06
4882,3,2.98674814109248e-07
4882,4,7.09681585890752e-07
4883,3,7.830887560769586e-07
4883,4,2.2305754392304147e-07
4884,3,1.0036386e-06
4885,3,1.0019669e-06
4886,3,1.0019654e-06
4887,3,1.0036257e-06
4888,3,7.828968101666021e-07
4888,4,2.2321228983339785e-07
4889,3,2.984557528729497e-07
4889,4,7.098644471270502e-07
4890,4,1.0089398e-06
4891,4,1.0072326e-06
4892,4,9.138316136653774e-07
4892,5,3.6908356334622665e-08
4893,4,1.5371218868690474e-07
4893,5,9.410367113130953e-07
4894,5,1.2106761e-07
4895,5,1.2543096e-07
4896,5,9.0135017e-08
4897,5,1.2405618e-07
4898,4,2.942705477661742e-07
4898,5,7.600100522338257e-07
4899,4,9.140703294481395e-07
4899,5,3.7041880551860464e-08
4900,4,1.0115195e-06
4901,4,1.0108422e-06
4902,4,1.0069417e-06
4903,3,1.560034587261247e-07
4903,4,8.466365412738753e-07
4904,3,3.1196953862386907e-07
4904,4,6.880017913761309e-07
4905,3,3.1194999012318607e-07
4905,4,6.880279898768139e-07
4906,3,1.5592121782810693e-07
4906,4,8.467131821718931e-07
4907,4,1.006837e-06
4908,4,1.0107225e-06
4909,4,1.0115255e-06
4910,4,9.138517908195347e-07
4910,5,3.728601918046534e-08
4911,4,2.928940367828112e-07
4911,5,7.584886632171888e-07
4912,5,1.2077201e-07
4913,5,1.7167413e-07
4914,5,1.3820186e-07
4915,5,1.155964e-07
4916,4,1.5265844770108435e-07
4916,5,9.390890522989156e-07
4917,4,6.832774535452421e-07
4917,5,2.846268464547578e-07
4918,4,1.0145436e-06
4919,4,1.0073813e-06
4920,4,1.000233e-06
4921,4,9.9613453e-07
4922,4,9.9618589e-07
4923,4,1.0003266e-06
4924,4,1.0071476e-06
4925,4,1.0141476e-06
4926,4,6.833049076569868e-07
4926,5,2.8465125234301334e-07
4927,4,1.5334517238831036e-07
4927,5,9.413508276116896e-07
4928,5,1.2111241e-07
4929,5,1.2321117e-07
4930,5,7.1931971e-08
4931,5,1.2221056e-07
4932,5,1.2195555e-07
4933,5,1.0774611e-06
4934,4,2.4531867907887624e-07
4934,5,7.642797209211237e-07
4935,4,6.093098224691722e-07
4935,5,4.1977507753082787e-07
4936,4,8.171748159247603e-07
4936,5,1.264364540752397e-07
4937,4,9.58011683033184e-07
4937,5,3.2115066966816013e-08
4938,4,9.58205634312453e-07
4938,5,3.208819568754698e-08
4939,4,8.176256285599608e-07
4939,5,1.2649330144003923e-07
4940,4,6.089771514727701e-07
4940,5,4.1954164852722995e-07
4941,4,2.444854510577607e-07
4941,5,7.635207489422392e-07
4942,5,1.0753624e-06
4943,5,1.2100925e-07
4944,5,1.719073e-07
4945,5,7.1153711e-08
4946,5,7.2643436e-08
4947,5,1.5169694e-07
4948,5,1.3072881e-07
4949,5,1.2849829e-07
4950,5,1.0084807e-06
4951,5,9.7232623e-07
4952,5,9.7254223e-07
4953,5,1.0099966e-06
4954,5,1.1994522e-07
4955,5,1.2939221e-07
4956,5,1.2792409e-07
4957,5,1.2806473e-07
4958,5,6.9411642e-08
4959,5,1.3290565e-07
4960,5,1.1279987e-07
4961,5,1.2743468e-07
4962,5,1.2870583e-07
4963,5,1.2321685e-07
4964,5,1.5935252e-07
4965,5,1.1295832e-07
4966,5,1.026059e-07
4967,5,1.2489693e-07
4968,5,1.2642754e-07
4969,5,1.2014572e-07
4970,5,6.6372509e-08
4971,5,7.6175152e-08
4972,5,1.5334018e-07
4973,5,1.2718726e-07
4974,5,1.0079687e-06
4975,5,9.7242436e-07
4976,5,9.7296695e-07
4977,5,1.0101586e-06
4978,5,1.1917574e-07
4979,5,1.2252543e-07
4980,5,1.2462322e-07
4981,5,1.4568589e-07
4982,5,1.0790096e-06
4983,4,2.445780148127693e-07
4983,5,7.634981851872308e-07
4984,4,6.090989940473176e-07
4984,5,4.1976290595268257e-07
4985,4,8.173991250170522e-07
4985,5,1.263657549829479e-07
4986,4,9.58370062886275e-07
4986,5,3.1990957113725073e-08
4987,4,9.586117255680733e-07
4987,5,3.197057443192667e-08
4988,4,8.17874161970988e-07
4988,5,1.2641179802901206e-07
4989,4,6.088268554510257e-07
4989,5,4.192391445489745e-07
4990,4,2.4470366354027574e-07
4990,5,7.635415364597243e-07
4991,5,1.0789624e-06
4992,5,1.1613327e-07
4993,5,9.2130396e-08
4994,5,8.4466023e-08
4995,5,1.1738056e-07
4996,4,1.5320055826191832e-07
4996,5,9.406626417380816e-07
4997,4,6.834554011156249e-07
4997,5,2.8480920888437514e-07
4998,4,1.0141731e-06
4999,4,1.0072166e-06
5000,4,1.0003008e-06
5001,4,9.9627819e-07
5002,4,9.963576e-07
5003,4,1.0004322e-06
5004,4,1.0071153e-06
5005,4,1.014356e-06
5006,4,6.839572332897911e-07
5006,5,2.84804146710209e-07
5007,4,1.5366184428174222e-07
5007,5,9.416593557182578e-07
5008,5,1.2393191e-07
5009,5,1.3833302e-07
5010,5,1.1728081e-07
5011,4,2.9312831843263184e-07
5011,5,7.588245815673682e-07
5012,4,9.137270106498717e-07
5012,5,3.7015529350128266e-08
5013,4,1.0114037e-06
5014,4,1.0106631e-06
5015,4,1.0068618e-06
5016,3,1.560314191970688e-07
5016,4,8.466049808029313e-07
5017,3,3.121113707216492e-07
5017,4,6.879336292783507e-07
5018,3,3.1214959938437844e-07
5018,4,6.879196006156216e-07
5019,3,1.5610411295243674e-07
5019,4,8.465608870475633e-07
5020,4,1.0068478e-06
5021,4,1.0107089e-06
5022,4,1.0114019e-06
5023,4,9.13185994801411e-07
5023,5,3.704322519858896e-08
5024,4,2.919481770311129e-07
5024,5,7.575418229688871e-07
5025,5,1.1465741e-07
5026,5,1.1996565e-07
5027,5,1.4656951e-07
5028,4,1.5333067696600288e-07
5028,5,9.40778223033997e-07
5029,4,9.139979604083499e-07
5029,5,3.7087249591650095e-08
5030,4,1.0071944e-06
5031,4,1.0088583e-06
5032,3,2.985570493223368e-07
5032,4,7.097032506776632e-07
5033,3,7.830213358678237e-07
5033,4,2.2306066413217617e-07
5034,3,1.0036023e-06
5035,3,1.0020115e-06
5036,3,1.002015e-06
5037,3,1.0035909e-06
5038,3,7.829778614462939e-07
5038,4,2.2307283855370625e-07
5039,3,2.98446728462596e-07
5039,4,7.097453715374041e-07
5040,4,1.0086666e-06
5041,4,1.0066783e-06
5042,4,9.129463089521447e-07
5042,5,3.736734104785526e-08
5043,4,1.528431906821242e-07
5043,5,9.407208093178758e-07
5044,5,1.2269216e-07
5045,5,7.2933421e-08
5046,5,7.82288e-08
5047,5,1.0788739e-06
5048,4,6.839211021199886e-07
5048,5,2.8478116788001137e-07
5049,4,1.0117724e-06
5050,4,1.0090102e-06
5051,3,4.547977266481638e-07
5051,4,5.532107733518363e-07
5052,3,1.0069254e-06
5053,3,1.005392e-06
5054,3,1.0038436e-06
5055,3,1.0028646e-06
5056,3,1.0028577e-06
5057,3,1.0038155e-06
5058,3,1.0053352e-06
5059,3,1.0068069e-06
5060,3,4.5444823732652427e-07
5060,4,5.533187626734757e-07
5061,4,1.0085735e-06
5062,4,1.0111863e-06
5063,4,6.83428077312084e-07
5063,5,2.8472852268791603e-07
5064,5,1.0778881e-06
5065,5,1.5097022e-07
5066,5,1.5499122e-07
5067,4,2.448223335551026e-07
5067,5,7.632324664448975e-07
5068,4,1.0142947e-06
5069,4,1.0108701e-06
5070,3,2.986401088418786e-07
5070,4,7.097691911581214e-07
5071,3,1.0070017e-06
5072,3,1.005864e-06
5073,3,1.0047118e-06
5074,3,1.0037017e-06
5075,3,1.0030977e-06
5076,3,1.0030869e-06
5077,3,1.0036704e-06
5078,3,1.0046507e-06
5079,3,1.0057461e-06
5080,3,1.0067904e-06
5081,3,2.982919476090761e-07
5081,4,7.097881523909239e-07
5082,4,1.010392e-06
5083,4,1.0135836e-06
5084,4,2.443290722821129e-07
5084,5,7.62199927717887e-07
5085,5,1.3026451e-07
5086,5,6.9010316e-08
5087,5,1.2676617e-07
5088,4,6.085515775232957e-07
5088,5,4.1968402247670415e-07
5089,4,1.007206e-06
5090,4,1.0070057e-06
5091,3,7.830601689006784e-07
5091,4,2.2317393109932173e-07
5092,3,1.0055e-06
5093,3,1.0047631e-06
5094,3,1.0040317e-06
5095,3,1.0034017e-06
5096,3,1.0030274e-06
5097,3,1.0030173e-06
5098,3,1.0033793e-06
5099,3,1.0039885e-06
5100,3,1.0046901e-06
5101,3,1.005384e-06
5102,3,7.827982192273667e-07
5102,4,2.2326248077263328e-07
5103,4,1.0067456e-06
5104,4,1.0068783e-06
5105,4,6.082388791254333e-07
5105,5,4.1936572087456683e-07
5106,5,1.2846767e-07
5107,5,1.3797424e-07
5108,5,1.0267964e-07
5109,5,1.0109531e-06
5110,4,8.173245497855868e-07
5110,5,1.2727001021441314e-07
5111,4,1.0006727e-06
5112,3,1.5579368292768894e-07
5112,4,8.470902170723111e-07
5113,3,1.0037899e-06
5114,3,1.0039805e-06
5115,3,1.0037858e-06
5116,3,1.0034275e-06
5117,3,1.0030825e-06
5118,3,1.002872e-06
5119,3,1.0028664e-06
5120,3,1.0030738e-06
5121,3,1.0034187e-06
5122,3,1.0037778e-06
5123,3,1.0039752e-06
5124,3,1.0038251e-06
5125,3,1.5581322747765527e-07
5125,4,8.471558725223446e-07
5126,4,1.0008582e-06
5127,4,8.175883418980402e-07
5127,5,1.2736546810195988e-07
5128,5,1.0115131e-06
5129,5,1.1197429e-07
5130,5,1.2495752e-07
5131,5,9.7377675e-07
5132,4,9.580521582027285e-07
5132,5,3.306617179727143e-08
5133,4,9.9672629e-07
5134,3,3.11785882417847e-07
5134,4,6.88549917582153e-07
5135,3,1.0022192e-06
5136,3,1.0030167e-06
5137,3,1.0031999e-06
5138,3,1.0030854e-06
5139,3,1.0028995e-06
5140,3,1.0027759e-06
5141,3,1.0027765e-06
5142,3,1.0029074e-06
5143,3,1.003108e-06
5144,3,1.0032433e-06
5145,3,1.0030941e-06
5146,3,1.0023504e-06
5147,3,3.1189857494051944e-07
5147,4,6.887087250594805e-07
5148,4,9.9721382e-07
5149,4,9.585523058608808e-07
5149,5,3.340345413911927e-08
5150,5,9.7525225e-07
5151,5,1.277551e-07
5152,5,1.2647846e-07
5153,5,9.7358812e-07
5154,4,9.57973092766246e-07
5154,5,3.2977257233754065e-08
5155,4,9.9663584e-07
5156,3,3.1177208227859695e-07
5156,4,6.885083177214031e-07
5157,3,1.0021802e-06
5158,3,1.0029936e-06
5159,3,1.0031879e-06
5160,3,1.0030811e-06
5161,3,1.002894e-06
5162,3,1.0027777e-06
5163,3,1.0027844e-06
5164,3,1.0029196e-06
5165,3,1.0031305e-06
5166,3,1.003274e-06
5167,3,1.0031308e-06
5168,3,1.0023949e-06
5169,3,3.1185782782425665e-07
5169,4,6.887496721757435e-07
5170,4,9.9712457e-07
5171,4,9.582365665233644e-07
5171,5,3.343327347663577e-08
5172,5,9.7469399e-07
5173,5,1.2902689e-07
5174,5,1.2063031e-07
5175,5,1.008884e-06
5176,4,8.17021040548811e-07
5176,5,1.2696857945118897e-07
5177,4,1.0004735e-06
5178,3,1.5577465253647603e-07
5178,4,8.469856474635239e-07
5179,3,1.0036966e-06
5180,3,1.0039164e-06
5181,3,1.0037552e-06
5182,3,1.0034303e-06
5183,3,1.0030919e-06
5184,3,1.0028933e-06
5185,3,1.0029013e-06
5186,3,1.0031242e-06
5187,3,1.0034939e-06
5188,3,1.0038615e-06
5189,3,1.0040713e-06
5190,3,1.0039017e-06
5191,3,1.5575417715363768e-07
5191,4,8.472553228463623e-07
5192,4,1.0007369e-06
5193,4,8.168530795051653e-07
5193,5,1.2727915049483471e-07
5194,5,1.008413e-06
5195,5,1.2305155e-07
5196,5,6.2050478e-08
5197,5,1.1817033e-07
5198,4,6.089992712496753e-07
5198,5,4.1997852875032475e-07
5199,4,1.0072756e-06
5200,4,1.0068776e-06
5201,3,7.829421700755183e-07
5201,4,2.231560299244816e-07
5202,3,1.0054129e-06
5203,3,1.0047293e-06
5204,3,1.0040383e-06
5205,3,1.0034196e-06
5206,3,1.0030553e-06
5207,3,1.003062e-06
5208,3,1.0034421e-06
5209,3,1.0040891e-06
5210,3,1.0048313e-06
5211,3,1.0055659e-06
5212,3,7.8300364070452e-07
5212,4,2.2328555929548005e-07
5213,4,1.0070405e-06
5214,4,1.0072696e-06
5215,4,6.08623192025273e-07
5215,5,4.2002710797472705e-07
5216,5,1.1985831e-07
5217,5,1.5840919e-07
5218,5,1.2411541e-07
5219,4,2.4531487895126107e-07
5219,5,7.64617121048739e-07
5220,4,1.0144077e-06
5221,4,1.0106351e-06
5222,3,2.9855457389660476e-07
5222,4,7.096608261033951e-07
5223,3,1.0068986e-06
5224,3,1.0058664e-06
5225,3,1.0047492e-06
5226,3,1.0037411e-06
5227,3,1.0031288e-06
5228,3,1.0031294e-06
5229,3,1.0037468e-06
5230,3,1.0047663e-06
5231,3,1.0059242e-06
5232,3,1.0070409e-06
5233,3,2.985416223457997e-07
5233,4,7.098715776542003e-07
5234,4,1.0108098e-06
5235,4,1.0143026e-06
5236,4,2.4489930482864925e-07
5236,5,7.636328951713508e-07
5237,5,1.2930478e-07
5238,5,1.1374168e-07
5239,5,1.2239614e-07
5240,5,1.0775291e-06
5241,4,6.833326532270627e-07
5241,5,2.844119367729374e-07
5242,4,1.0111014e-06
5243,4,1.0087149e-06
5244,3,4.5481006218276165e-07
5244,4,5.531279378172382e-07
5245,3,1.0069842e-06
5246,3,1.0054607e-06
5247,3,1.0038979e-06
5248,3,1.0028813e-06
5249,3,1.0028693e-06
5250,3,1.0038658e-06
5251,3,1.0054283e-06
5252,3,1.0069887e-06
5253,3,4.5473911834625684e-07
5253,4,5.533305816537431e-07
5254,4,1.0089929e-06
5255,4,1.011606e-06
5256,4,6.839824036580298e-07
5256,5,2.8471673634197027e-07
5257,5,1.0782432e-06
5258,5,1.2903014e-07
5259,5,1.1647158e-07
5260,4,1.5336627200770411e-07
5260,5,9.39466927992296e-07
5261,4,9.135835835598056e-07
5261,5,3.655198644019435e-08
5262,4,1.0069285e-06
5263,4,1.0088824e-06
5264,3,2.987104615971015e-07
5264,4,7.096949384028985e-07
5265,3,7.831752152754905e-07
5265,4,2.2303758472450962e-07
5266,3,1.003682e-06
5267,3,1.0019824e-06
5268,3,1.0019559e-06
5269,3,1.003594e-06
5270,3,7.828651698293877e-07
5270,4,2.2320193017061247e-07
5271,3,2.984790202145643e-07
5271,4,7.098286797854357e-07
5272,4,1.0089915e-06
5273,4,1.0072562e-06
5274,4,9.137799435853379e-07
5274,5,3.689841641466209e-08
5275,4,1.5386499703567046e-07
5275,5,9.417347029643294e-07
5276,5,1.2131941e-07
5277,5,1.2440178e-07
5278,5,9.0474044e-08
5279,5,1.241344e-07
5280,4,2.9304163270981745e-07
5280,5,7.581713672901825e-07
5281,4,9.135155421113777e-07
5281,5,3.714515788862231e-08
5282,4,1.0114961e-06
5283,4,1.0109811e-06
5284,4,1.0070716e-06
5285,3,1.5605208367833772e-07
5285,4,8.466500163216623e-07
5286,3,3.1197583051228847e-07
5286,4,6.880089894877114e-07
5287,3,3.119142081742804e-07
5287,4,6.880412618257196e-07
5288,3,1.5585768457613372e-07
5288,4,8.467071154238663e-07
5289,4,1.0067144e-06
5290,4,1.010661e-06
5291,4,1.0116554e-06
5292,4,9.138389376234738e-07
5292,5,3.731334237652618e-08
5293,4,2.9219714157701154e-07
5293,5,7.571506584229885e-07
5294,5,1.2080575e-07
5295,5,1.7503555e-07
5296,5,1.375646e-07
5297,5,1.1483721e-07
5298,4,1.524370930245672e-07
5298,5,9.390918069754328e-07
5299,4,6.834369878881582e-07
5299,5,2.8472838211184185e-07
5300,4,1.0149349e-06
5301,4,1.0076435e-06
5302,4,1.0002908e-06
5303,4,9.9612746e-07
5304,4,9.9614626e-07
5305,4,1.0002083e-06
5306,4,1.0068136e-06
5307,4,1.0139523e-06
5308,4,6.837673757108702e-07
5308,5,2.848069042891299e-07
5309,4,1.5349486149487353e-07
5309,5,9.418453385051266e-07
5310,5,1.206663e-07
5311,5,1.2270408e-07
5312,5,7.1455331e-08
5313,5,1.1768567e-07
5314,5,1.2216881e-07
5315,5,1.0796959e-06
5316,4,2.4565810722217325e-07
5316,5,7.651816927778268e-07
5317,4,6.09734411131149e-07
5317,5,4.2010938886885085e-07
5318,4,8.170884490934869e-07
5318,5,1.2630508090651297e-07
5319,4,9.579345182645168e-07
5319,5,3.2113741735483214e-08
5320,4,9.581295097213328e-07
5320,5,3.213118027866728e-08
5321,4,8.174843431066577e-07
5321,5,1.2658908689334224e-07
5322,4,6.083263113660058e-07
5322,5,4.1911538863399416e-07
5323,4,2.443489860166293e-07
5323,5,7.630074139833706e-07
5324,5,1.0790857e-06
5325,5,1.2157016e-07
5326,5,1.7399269e-07
5327,5,7.2443094e-08
5328,5,7.4608175e-08
5329,5,1.5412514e-07
5330,5,1.3119801e-07
5331,5,1.2907186e-07
5332,5,1.0061299e-06
5333,5,9.7193854e-07
5334,5,9.7256804e-07
5335,5,1.0106963e-06
5336,5,1.1973939e-07
5337,5,1.2876275e-07
5338,5,1.2886194e-07
5339,5,1.2883354e-07
5340,5,6.8038979e-08
5341,5,1.3928473e-07
5342,5,1.1067112e-07
5343,5,1.2732594e-07
5344,5,1.2873691e-07
5345,5,1.2334187e-07
5346,5,1.5869333e-07
5347,5,1.1184185e-07
5348,5,1.0038506e-07
5349,5,1.2490493e-07
5350,5,1.2621291e-07
5351,5,1.1985833e-07
5352,5,6.6792693e-08
5353,5,7.3417138e-08
5354,5,1.5659723e-07
5355,5,1.2660626e-07
5356,5,1.0081533e-06
5357,5,9.7228679e-07
5358,5,9.7279732e-07
5359,5,1.0100405e-06
5360,5,1.1892736e-07
5361,5,1.2362208e-07
5362,5,1.2310006e-07
5363,5,1.4438808e-07
5364,5,1.0750873e-06
5365,4,2.444676717114444e-07
5365,5,7.638340282885556e-07
5366,4,6.091459688017182e-07
5366,5,4.198322311982818e-07
5367,4,8.174002814425034e-07
5367,5,1.2637154855749661e-07
5368,4,9.58327436407396e-07
5368,5,3.196390359260407e-08
5369,4,9.585621291557352e-07
5369,5,3.194131084426486e-08
5370,4,8.178556049055639e-07
5370,5,1.2636315509443606e-07
5371,4,6.089203590153275e-07
5371,5,4.1917424098467256e-07
5372,4,2.450057413268463e-07
5372,5,7.642209586731538e-07
5373,5,1.0804231e-06
5374,5,1.1615984e-07
5375,5,9.2056774e-08
5376,5,8.3280669e-08
5377,5,1.1867308e-07
5378,4,1.529263115776473e-07
5378,5,9.398136884223526e-07
5379,4,6.828695593412689e-07
5379,5,2.844990506587312e-07
5380,4,1.013969e-06
5381,4,1.0071864e-06
5382,4,1.0002764e-06
5383,4,9.9625814e-07
5384,4,9.9634803e-07
5385,4,1.0004546e-06
5386,4,1.0072268e-06
5387,4,1.0146254e-06
5388,4,6.840501744547873e-07
5388,5,2.848925255452128e-07
5389,4,1.5340893429396055e-07
5389,5,9.404177657060395e-07
5390,5,1.2392067e-07
5391,5,1.3890837e-07
5392,5,1.1950982e-07
5393,4,2.935285759045054e-07
5393,5,7.592925240954947e-07
5394,4,9.137277325560975e-07
5394,5,3.689171744390248e-08
5395,4,1.0111317e-06
5396,4,1.0105392e-06
5397,4,1.0068145e-06
5398,3,1.5605015620651257e-07
5398,4,8.465695437934875e-07
5399,3,3.1214322768819415e-07
5399,4,6.878992723118058e-07
5400,3,3.121984555669667e-07
5400,4,6.878843444330334e-07
5401,3,1.5617140074109011e-07
5401,4,8.4653149925891e-07
5402,4,1.0069262e-06
5403,4,1.010808e-06
5404,4,1.0114139e-06
5405,4,9.129243435102378e-07
5405,5,3.697421648976213e-08
5406,4,2.9155700203774996e-07
5406,5,7.567229979622502e-07
5407,5,1.143952e-07
5408,5,1.185612e-07
5409,5,1.4445069e-07
5410,4,1.5383856650277167e-07
5410,5,9.414640334972283e-07
5411,4,9.145866688717495e-07
5411,5,3.7015141128250595e-08
5412,4,1.0073557e-06
5413,4,1.0088435e-06
5414,3,2.986158206090239e-07
5414,4,7.096128793909762e-07
5415,3,7.830666927241521e-07
5415,4,2.2299810727584786e-07
5416,3,1.0035923e-06
5417,3,1.0020104e-06
5418,3,1.0020262e-06
5419,3,1.0036181e-06
5420,3,7.830822010801164e-07
5420,4,2.2301429891988364e-07
5421,3,2.985218084487595e-07
5421,4,7.097133915512404e-07
5422,4,1.0086493e-06
5423,4,1.0064989e-06
5424,4,9.126373828311161e-07
5424,5,3.721790716888394e-08
5425,4,1.5279246602951087e-07
5425,5,9.395561339704891e-07
5426,5,1.2307173e-07
5427,5,7.2113092e-08
5428,5,7.8152748e-08
5429,5,1.0791603e-06
5430,4,6.84250293215475e-07
5430,5,2.84784696784525e-07
5431,4,1.0120556e-06
5432,4,1.0091685e-06
5433,3,4.549602084568934e-07
5433,4,5.531061915431066e-07
5434,3,1.0069358e-06
5435,3,1.0053893e-06
5436,3,1.0038336e-06
5437,3,1.002855e-06
5438,3,1.002855e-06
5439,3,1.0038235e-06
5440,3,1.0053537e-06
5441,3,1.0068222e-06
5442,3,4.5449053606638253e-07
5442,4,5.532644639336174e-07
5443,4,1.0085e-06
5444,4,1.0109998e-06
5445,4,6.833028000788087e-07
5445,5,2.8456084992119117e-07
5446,5,1.0784519e-06
5447,5,1.5223102e-07
5448,5,1.5611685e-07
5449,4,2.4477907637029796e-07
5449,5,7.633300236297019e-07
5450,4,1.0144049e-06
5451,4,1.011015e-06
5452,3,2.9881099529141636e-07
5452,4,7.097096047085836e-07
5453,3,1.0070699e-06
5454,3,1.0058981e-06
5455,3,1.0047094e-06
5456,3,1.0036855e-06
5457,3,1.0030736e-06
5458,3,1.0030655e-06
5459,3,1.0036581e-06
5460,3,1.0046472e-06
5461,3,1.005744e-06
5462,3,1.0067805e-06
5463,3,2.9830758694449495e-07
5463,4,7.09731813055505e-07
5464,4,1.0103026e-06
5465,4,1.0134781e-06
5466,4,2.4428309128455516e-07
5466,5,7.624177087154448e-07
5467,5,1.3070206e-07
5468,5,7.0125706e-08
5469,5,1.2677672e-07
5470,4,6.084871983004748e-07
5470,5,4.1973510169952517e-07
5471,4,1.0072736e-06
5472,4,1.0070905e-06
5473,3,7.831993987209594e-07
5473,4,2.231034012790405e-07
5474,3,1.0055393e-06
5475,3,1.0047788e-06
5476,3,1.0040175e-06
5477,3,1.0033642e-06
5478,3,1.002984e-06
5479,3,1.0029749e-06
5480,3,1.0033472e-06
5481,3,1.0039666e-06
5482,3,1.0046732e-06
5483,3,1.0053653e-06
5484,3,7.828009352742477e-07
5484,4,2.2322456472575222e-07
5485,4,1.006674e-06
5486,4,1.006692e-06
5487,4,6.077637738820787e-07
5487,5,4.189494261179214e-07
5488,5,1.2789545e-07
5489,5,1.3133173e-07
5490,5,1.046206e-07
5491,5,1.0107928e-06
5492,4,8.172009941198126e-07
5492,5,1.2735579588018737e-07
5493,4,1.0007049e-06
5494,3,1.5581200842105007e-07
5494,4,8.471211915789498e-07
5495,3,1.0038279e-06
5496,3,1.0039972e-06
5497,3,1.0037806e-06
5498,3,1.0034056e-06
5499,3,1.0030296e-06
5500,3,1.0027921e-06
5501,3,1.0027848e-06
5502,3,1.0030175e-06
5503,3,1.003379e-06
5504,3,1.0037483e-06
5505,3,1.0039534e-06
5506,3,1.0038024e-06
5507,3,1.5580932811741805e-07
5507,4,8.471374718825818e-07
5508,4,1.0008742e-06
5509,4,8.178177751094383e-07
5509,5,1.2754301489056178e-07
5510,5,1.014071e-06
5511,5,1.1371205e-07
5512,5,1.251367e-07
5513,5,9.7411271e-07
5514,4,9.579724779378963e-07
5514,5,3.327458206210378e-08
5515,4,9.967963e-07
5516,3,3.117662499864177e-07
5516,4,6.886121500135823e-07
5517,3,1.0022415e-06
5518,3,1.0030171e-06
5519,3,1.0031798e-06
5520,3,1.0030423e-06
5521,3,1.0028141e-06
5522,3,1.0026425e-06
5523,3,1.0026426e-06
5524,3,1.0028203e-06
5525,3,1.003055e-06
5526,3,1.0032063e-06
5527,3,1.0030688e-06
5528,3,1.0023327e-06
5529,3,3.119079247196154e-07
5529,4,6.886878752803846e-07
5530,4,9.9723042e-07
5531,4,9.586656947004205e-07
5531,5,3.34074652995795e-08
5532,5,9.7564531e-07
5533,5,1.278913e-07
5534,5,1.2635908e-07
5535,5,9.7436097e-07
5536,4,9.579863273757752e-07
5536,5,3.3249942624224786e-08
5537,4,9.9674195e-07
5538,3,3.1172310310258413e-07
5538,4,6.88593796897416e-07
5539,3,1.0021904e-06
5540,3,1.0029831e-06
5541,3,1.0031616e-06
5542,3,1.0030365e-06
5543,3,1.0028141e-06
5544,3,1.0026467e-06
5545,3,1.0026528e-06
5546,3,1.0028349e-06
5547,3,1.0030791e-06
5548,3,1.0032392e-06
5549,3,1.0031083e-06
5550,3,1.0023815e-06
5551,3,3.118846866293341e-07
5551,4,6.887151133706658e-07
5552,4,9.9712959e-07
5553,4,9.58310884149532e-07
5553,5,3.3412705850467995e-08
5554,5,9.7482226e-07
5555,5,1.2897384e-07
5556,5,1.2066752e-07
5557,5,1.0104715e-06
5558,4,8.170971960190601e-07
5558,5,1.272326339809398e-07
5559,4,1.0005111e-06
5560,3,1.5569377493239096e-07
5560,4,8.470438250676091e-07
5561,3,1.0036715e-06
5562,3,1.0038974e-06
5563,3,1.0037332e-06
5564,3,1.0033947e-06
5565,3,1.0030384e-06
5566,3,1.0028097e-06
5567,3,1.0028167e-06
5568,3,1.003065e-06
5569,3,1.0034519e-06
5570,3,1.0038377e-06
5571,3,1.004059e-06
5572,3,1.0038988e-06
5573,3,1.558015746796833e-07
5573,4,8.472049253203167e-07
5574,4,1.0007401e-06
5575,4,8.170333773513202e-07
5575,5,1.2734349264867976e-07
5576,5,1.0100945e-06
5577,5,1.2333407e-07
5578,5,6.4082797e-08
5579,5,1.1854144e-07
5580,4,6.086678229223878e-07
5580,5,4.1980167707761234e-07
5581,4,1.007051e-06
5582,4,1.006749e-06
5583,3,7.828615684863854e-07
5583,4,2.2317493151361473e-07
5584,3,1.0053861e-06
5585,3,1.0047152e-06
5586,3,1.0040204e-06
5587,3,1.003392e-06
5588,3,1.0030123e-06
5589,3,1.003016e-06
5590,3,1.0034059e-06
5591,3,1.0040655e-06
5592,3,1.004824e-06
5593,3,1.0055719e-06
5594,3,7.830975085325251e-07
5594,4,2.2319859146747493e-07
5595,4,1.0070162e-06
5596,4,1.0071492e-06
5597,4,6.082884348249477e-07
5597,5,4.1959226517505225e-07
5598,5,1.1970173e-07
5599,5,1.5781843e-07
5600,5,1.2443035e-07
5601,4,2.448173748154847e-07
5601,5,7.637149251845152e-07
5602,4,1.0137942e-06
5603,4,1.0103436e-06
5604,3,2.9846811783077425e-07
5604,4,7.096316821692257e-07
5605,3,1.0068669e-06
5606,3,1.005864e-06
5607,3,1.0047548e-06
5608,3,1.0037369e-06
5609,3,1.0031099e-06
5610,3,1.0031046e-06
5611,3,1.0037256e-06
5612,3,1.0047597e-06
5613,3,1.0059346e-06
5614,3,1.007058e-06
5615,3,2.9864494632894564e-07
5615,4,7.097802536710545e-07
5616,4,1.0107578e-06
5617,4,1.0140733e-06
5618,4,2.4464170593256516e-07
5618,5,7.631821940674349e-07
5619,5,1.2917933e-07
5620,5,1.1318263e-07
5621,5,1.2191588e-07
5622,5,1.0752226e-06
5623,4,6.825440653537668e-07
5623,5,2.841769546462331e-07
5624,4,1.0106522e-06
5625,4,1.0085692e-06
5626,3,4.5482279021184077e-07
5626,4,5.531005097881592e-07
5627,3,1.007015e-06
5628,3,1.0054999e-06
5629,3,1.0039176e-06
5630,3,1.0028823e-06
5631,3,1.0028594e-06
5632,3,1.0038527e-06
5633,3,1.0054226e-06
5634,3,1.0070026e-06
5635,3,4.548538647057762e-07
5635,4,5.532429352942237e-07
5636,4,1.0090054e-06
5637,4,1.0114575e-06
5638,4,6.835473291826913e-07
5638,5,2.8448480081730867e-07
5639,5,1.0768082e-06
5640,5,1.2862256e-07
5641,5,1.1433447e-07
5642,4,1.5279054000501913e-07
5642,5,9.376090599949809e-07
5643,4,9.131224058603928e-07
5643,5,3.6523034139607196e-08
5644,4,1.0068145e-06
5645,4,1.0089072e-06
5646,3,2.988122640818345e-07
5646,4,7.096700359181654e-07
5647,3,7.833159815746714e-07
5647,4,2.2297151842532853e-07
5648,3,1.003729e-06
5649,3,1.0019983e-06
5650,3,1.001951e-06
5651,3,1.0035782e-06
5652,3,7.828845983477286e-07
5652,4,2.2316810165227133e-07
5653,3,2.9852570329043033e-07
5653,4,7.097819967095695e-07
5654,4,1.0090193e-06
5655,4,1.0073066e-06
5656,4,9.138245806829572e-07
5656,5,3.666423931704286e-08
5657,4,1.534665557513179e-07
5657,5,9.39671144248682e-07
5658,5,1.2116676e-07
5659,5,1.2507259e-07
5660,5,9.0125472e-08
5661,5,1.2358031e-07
5662,4,2.929861362347136e-07
5662,5,7.584300637652862e-07
5663,4,9.13511046839845e-07
5663,5,3.714929316015493e-08
5664,4,1.011572e-06
5665,4,1.0110925e-06
5666,4,1.0071773e-06
5667,3,1.5613687515417939e-07
5667,4,8.466383248458206e-07
5668,3,3.120161805183395e-07
5668,4,6.879911194816605e-07
5669,3,3.1190862623759236e-07
5669,4,6.880313937624078e-07
5670,3,1.5583165891881083e-07
5670,4,8.466964410811892e-07
5671,4,1.0066754e-06
5672,4,1.0106254e-06
5673,4,1.0116437e-06
5674,4,9.1402898853517e-07
5674,5,3.7282321464829926e-08
5675,4,2.9295206842535567e-07
5675,5,7.582329315746443e-07
5676,5,1.2061225e-07
5677,5,1.7343076e-07
5678,5,1.3774171e-07
5679,5,1.1461184e-07
5680,4,1.5248610518609067e-07
5680,5,9.387996948139094e-07
5681,4,6.83481603656211e-07
5681,5,2.8464218634378905e-07
5682,4,1.0149545e-06
5683,4,1.0077508e-06
5684,4,1.0004112e-06
5685,4,9.9615231e-07
5686,4,9.9610419e-07
5687,4,1.0001235e-06
5688,4,1.0067614e-06
5689,4,1.013881e-06
5690,4,6.835697051152748e-07
5690,5,2.8481668488472525e-07
5691,4,1.532283958110963e-07
5691,5,9.412706041889038e-07
5692,5,1.2082072e-07
5693,5,1.2299339e-07
5694,5,7.1299517e-08
5695,5,1.1729119e-07
5696,5,1.2273008e-07
5697,5,1.0779937e-06
5698,4,2.454468662225104e-07
5698,5,7.647107337774897e-07
5699,4,6.097362505515785e-07
5699,5,4.1987724944842136e-07
5700,4,8.174523459118116e-07
5700,5,1.2640759408818848e-07
5701,4,9.579988567438193e-07
5701,5,3.20937332561807e-08
5702,4,9.580345110045042e-07
5702,5,3.213513899549583e-08
5703,4,8.172615320354698e-07
5703,5,1.2653537796453013e-07
5704,4,6.083515886665824e-07
5704,5,4.1925461133341763e-07
5705,4,2.443694656628531e-07
5705,5,7.632412343371469e-07
5706,5,1.0798135e-06
5707,5,1.2116957e-07
5708,5,1.7514101e-07
5709,5,7.1341932e-08
5710,5,7.3081203e-08
5711,5,1.5254495e-07
5712,5,1.3146e-07
5713,5,1.2883213e-07
5714,5,1.0091778e-06
5715,5,9.7206499e-07
5716,5,9.7237117e-07
5717,5,1.0093436e-06
5718,5,1.1974409e-07
5719,5,1.2859333e-07
5720,5,1.3129053e-07
5721,5,1.2399401e-07
5722,5,7.0559817e-08
5723,5,1.3446318e-07
5724,5,1.127502e-07
5725,5,1.2731885e-07
5726,5,1.2871294e-07
5727,5,1.2318901e-07
5728,5,1.5980137e-07
5729,5,1.1170357e-07
5730,5,1.0176741e-07
5731,5,1.2483077e-07
5732,5,1.2619661e-07
5733,5,1.1958217e-07
5734,5,6.6358163e-08
5735,5,7.5150839e-08
5736,5,1.5627852e-07
5737,5,1.2704823e-07
5738,5,1.0071126227891676e-06
5738,8,1.7196772108325273e-09
5739,5,9.7237906e-07
5740,5,9.7249756e-07
5741,5,1.0081569669146002e-06
5741,8,1.4284330853997081e-09
5742,5,1.1892146e-07
5743,5,1.2349384e-07
5744,5,1.243918e-07
5745,5,1.4278438e-07
5746,5,1.0606518857243552e-06
5746,8,1.1981914275644766e-08
5747,4,2.441759484304347e-07
5747,5,7.62959570753295e-07
5747,7,3.1381703159251496e-10
5747,8,9.742637846776588e-10
5748,4,6.062888716787145e-07
5748,5,4.178199846205457e-07
5748,7,2.9403084816385253e-09
5748,8,2.016435219101262e-09
5749,4,8.175656244210072e-07
5749,5,1.263880255789928e-07
5750,4,9.584059640398646e-07
5750,5,3.1946345960135603e-08
5751,4,9.585600908292587e-07
5751,5,3.1905379170741274e-08
5752,4,8.179342939984655e-07
5752,5,1.2630177600153445e-07
5753,4,6.064991371284802e-07
5753,5,4.1747712215056005e-07
5753,7,2.8789746059537014e-09
5753,8,1.9720661150059164e-09
5754,4,2.447609172246255e-07
5754,5,7.629057922790592e-07
5754,7,4.039320241432955e-10
5754,8,1.2509584721720375e-09
5755,5,1.066380108461994e-06
5755,8,1.3896791538006074e-08
5756,5,1.1526952e-07
5757,5,9.1701856e-08
5758,5,8.4034361e-08
5759,5,1.1939108e-07
5760,4,1.5025876893855266e-07
5760,5,9.231776177645614e-07
5760,7,2.309426966804757e-09
5760,8,1.4053886330081056e-08
5761,4,6.823149841483418e-07
5761,5,2.8416105585165826e-07
5762,4,1.011422764476851e-06
5762,7,2.3927355231491647e-09
5763,4,1.005906165412658e-06
5763,7,1.2713345873421109e-09
5764,4,1.0001940030904275e-06
5764,7,1.418969095725854e-10
5765,4,9.9629891e-07
5766,4,9.9637934e-07
5767,4,1.0004014095257429e-06
5767,7,1.4379047425705685e-10
5768,4,1.0061469835547298e-06
5768,7,1.3065164452701094e-09
5769,4,1.012195266750397e-06
5769,7,2.530833249602959e-09
5770,4,6.840364751738282e-07
5770,5,2.8486331482617177e-07
5771,4,1.5094257468748767e-07
5771,5,9.266607946719601e-07
5771,7,2.2472553037757078e-09
5771,8,1.3665175336776476e-08
5772,5,1.2424513e-07
5773,5,1.383761e-07
5774,5,1.1747832e-07
5775,4,2.90918148723969e-07
5775,5,7.522929666704265e-07
5775,7,2.55421076289839e-09
5775,8,6.56677384270625e-09
5776,4,9.13433884369581e-07
5776,5,3.663283563041898e-08
5777,4,1.0087762414067514e-06
5777,7,2.0517585932485278e-09
5778,4,1.0085685232411103e-06
5778,7,1.8875767588898523e-09
5779,4,1.005561734000878e-06
5779,7,1.2430659991219754e-09
5780,3,1.5604928798447376e-07
5780,4,8.46050930035969e-07
5780,6,8.507881483098902e-11
5780,7,4.543031647262842e-10
5781,3,3.121934699462269e-07
5781,4,6.877642207104651e-07
5781,6,3.425292130155675e-11
5781,7,7.475642200656004e-11
5782,3,3.1226130988866557e-07
5782,4,6.877405437718871e-07
5782,6,3.628179071915662e-11
5782,7,7.916454872824193e-11
5783,3,1.5621495126297367e-07
5783,4,8.460020624977656e-07
5783,6,8.77164803997065e-11
5783,7,4.678697588611113e-10
5784,4,1.005765276035771e-06
5784,7,1.2671239642289048e-09
5785,4,1.0089783635681865e-06
5785,7,1.906136431813507e-09
5786,4,1.0094524794470681e-06
5786,7,1.9667205529317144e-09
5787,4,9.12891990742083e-07
5787,5,3.696654925791701e-08
5788,4,2.8937416288373495e-07
5788,5,7.508873475569714e-07
5788,7,2.301210336885704e-09
5788,8,5.93667922240794e-09
5789,5,1.1370275e-07
5790,5,1.0930386e-07
5791,5,1.4691826e-07
5792,4,1.518452340791465e-07
5792,5,9.278494800957709e-07
5792,7,2.3743439173861105e-09
5792,8,1.4371141907696506e-08
5793,4,9.148125414658651e-07
5793,5,3.6934928534134804e-08
5794,4,1.0058676467632056e-06
5794,7,1.4627532367944182e-09
5795,4,1.0071342377103609e-06
5795,7,1.672062289639105e-09
5796,3,2.9830666979194453e-07
5796,4,7.083882225346345e-07
5796,6,4.543898553836189e-10
5796,7,1.068717818037271e-09
5797,3,7.823210789293186e-07
5797,4,2.226112601305268e-07
5797,6,8.845776803022793e-10
5797,7,2.4878325985239705e-10
5798,3,1.0028873893735302e-06
5798,6,7.069106264698289e-10
5799,3,1.0015734142409743e-06
5799,6,4.3978575902567163e-10
5800,3,1.0015942402246498e-06
5800,6,4.439597753500653e-10
5801,3,1.0029371111422382e-06
5801,6,7.168888577618415e-10
5802,3,7.823979580547484e-07
5802,4,2.2261444174486258e-07
5802,6,8.877466921029713e-10
5802,7,2.49653508286055e-10
5803,3,2.9825428138615817e-07
5803,4,7.085356748976641e-07
5803,6,4.459276469136079e-10
5803,7,1.0492160692641262e-09
5804,4,1.007125535676506e-06
5804,7,1.5506643234941576e-09
5805,4,1.005357039263335e-06
5805,7,1.1777607366651894e-09
5806,4,9.129027843487044e-07
5806,5,3.7160575651295496e-08
5807,4,1.509912454091525e-07
5807,5,9.27340626263719e-07
5807,7,2.2572064257101486e-09
5807,8,1.373132190141825e-08
5808,5,1.237982e-07
5809,5,7.3005289e-08
5810,5,7.4455211e-08
5811,5,1.064935529557909e-06
5811,8,1.4110370442091042e-08
5812,4,6.844825517930383e-07
5812,5,2.8461036820696166e-07
5813,4,1.0099508929441004e-06
5813,7,2.247907055899603e-09
5814,4,1.0075098338255391e-06
5814,7,1.744166174460957e-09
5815,3,4.5449283171586083e-07
5815,4,5.520882122311073e-07
5815,6,6.929729191839025e-10
5815,7,8.349831338479219e-10
5816,3,1.005646862952704e-06
5816,6,1.3036370472959455e-09
5817,3,1.0043697512248484e-06
5817,6,1.016648775151427e-09
5818,3,1.0030766288402314e-06
5818,6,7.388711597684842e-10
5819,3,1.0022624031216623e-06
5819,6,5.68296878337492e-10
5820,3,1.0022654803677735e-06
5820,6,5.713196322265497e-10
5821,3,1.003079117959811e-06
5821,6,7.42982040188807e-10
5822,3,1.0043571912043699e-06
5822,6,1.0105087956302692e-09
5823,3,1.0055784563322772e-06
5823,6,1.2669436677227548e-09
5824,3,4.540249690403946e-07
5824,4,5.523285309814518e-07
5824,6,6.486628775156198e-10
5824,7,7.827371006379063e-10
5825,4,1.0069793195540704e-06
5825,7,1.561080445929606e-09
5826,4,1.0090846050141172e-06
5826,7,1.9747949858828095e-09
5827,4,6.834231608013499e-07
5827,5,2.8441921919865027e-07
5828,5,1.063983337358429e-06
5828,8,1.331926264157076e-08
5829,5,1.4952068e-07
5830,5,1.5479525e-07
5831,4,2.4438047906256234e-07
5831,5,7.617128547031572e-07
5831,7,3.8198668031087757e-10
5831,8,1.1829795539696561e-09
5832,4,1.011838775825331e-06
5832,7,2.6359241746689894e-09
5833,4,1.0090839923708454e-06
5833,7,2.046107629154758e-09
5834,3,2.9855588807994086e-07
5834,4,7.084449795801039e-07
5834,6,4.806050824839766e-10
5834,7,1.129527257471303e-09
5835,3,1.0057785061853693e-06
5835,6,1.3409938146308482e-09
5836,3,1.0047977585914552e-06
5836,6,1.1147414085448126e-09
5837,3,1.003804646151711e-06
5837,6,8.886538482890405e-10
5838,3,1.002947992284949e-06
5838,6,6.974077150509362e-10
5839,3,1.0024323586123042e-06
5839,6,5.855413876959157e-10
5840,3,1.0024260232863263e-06
5840,6,5.866767136738632e-10
5841,3,1.002925076450857e-06
5841,6,6.976235491428196e-10
5842,3,1.0037511762118196e-06
5842,6,8.803237881804109e-10
5843,3,1.004662479288221e-06
5843,6,1.0827207117789535e-09
5844,3,1.0055244275624216e-06
5844,6,1.2741724375784497e-09
5845,3,2.980212254314465e-07
5845,4,7.085518963954563e-07
5845,6,4.467008500241267e-10
5845,7,1.0518773230730431e-09
5846,4,1.0084612239460534e-06
5846,7,1.8840760539466673e-09
5847,4,1.0110885418240102e-06
5847,7,2.4197581759896593e-09
5848,4,2.43997663889602e-07
5848,5,7.613465474537814e-07
5848,7,3.27805491567887e-10
5848,8,1.0162831650485014e-09
5849,5,1.3023671e-07
5850,5,6.9276998e-08
5851,5,1.2666197e-07
5852,4,6.056120409565696e-07
5852,5,4.177431857529397e-07
5852,7,2.8746954095322306e-09
5852,8,1.973277880958411e-09
5853,4,1.0059854912314572e-06
5853,7,1.357308768542618e-09
5854,4,1.0058261628146564e-06
5854,7,1.3421371853436977e-09
5855,3,7.824632137935719e-07
5855,4,2.2269345600690296e-07
5855,6,9.432853147737027e-10
5855,7,2.653448847513113e-10
5856,3,1.004506408819003e-06
5856,6,1.0609911809971974e-09
5857,3,1.0038674984904142e-06
5857,6,9.073015095857812e-10
5858,3,1.0032315748831188e-06
5858,6,7.555251168811859e-10
5859,3,1.0026687706642055e-06
5859,6,6.209293357943023e-10
5860,3,1.0023356171063459e-06
5860,6,5.420828936541346e-10
5861,3,1.002327032791763e-06
5861,6,5.427672082371962e-10
5862,3,1.0026461877959214e-06
5862,6,6.212122040785119e-10
5863,3,1.0031749260332919e-06
5863,6,7.501739667082003e-10
5864,3,1.0037577321394595e-06
5864,6,8.888678605404235e-10
5865,3,1.0043339731834791e-06
5865,6,1.0251268165208896e-09
5866,3,7.820494799351493e-07
5866,4,2.2284204238983963e-07
5866,6,8.976625819131461e-10
5866,7,2.528150930981106e-10
5867,4,1.005453160575172e-06
5867,7,1.2610394248279465e-09
5868,4,1.0055137876829498e-06
5868,7,1.2503123170502253e-09
5869,4,6.052181685895797e-07
5869,5,4.172627111295418e-07
5869,7,2.7641660645405786e-09
5869,8,1.896454216338068e-09
5870,5,1.2782938e-07
5871,5,1.3077007e-07
5872,5,1.0549574e-07
5873,5,1.0087771085308086e-06
5873,8,1.6089914691913422e-09
5874,4,8.169789902486854e-07
5874,5,1.2734172975131457e-07
5875,4,1.0004857168513738e-06
5875,7,1.930831486261309e-10
5876,3,1.5578213815266457e-07
5876,4,8.465709193605317e-07
5876,6,9.649422596342e-11
5876,7,5.164482608404696e-10
5877,3,1.0030862972194787e-06
5877,6,7.697027805214047e-10
5878,3,1.0032125880221312e-06
5878,6,7.818119778688387e-10
5879,3,1.0030276790474316e-06
5879,6,7.206209525685608e-10
5880,3,1.0027046667229224e-06
5880,6,6.293332770776119e-10
5881,3,1.0023580476662038e-06
5881,6,5.345523337962585e-10
5882,3,1.0021427362795943e-06
5882,6,4.817637204059414e-10
5883,3,1.002135818011034e-06
5883,6,4.827819889660974e-10
5884,3,1.0023433778630413e-06
5884,6,5.364221369586972e-10
5885,3,1.002670920091372e-06
5885,6,6.285799086281803e-10
5886,3,1.0029821126374074e-06
5886,6,7.150873625927177e-10
5887,3,1.0031565361450227e-06
5887,6,7.717638549773187e-10
5888,3,1.0030393321446098e-06
5888,6,7.57867855390266e-10
5889,3,1.557836207434674e-07
5889,4,8.465621217351567e-07
5889,6,9.512855600589584e-11
5889,7,5.091289653700044e-10
5890,4,1.0006511192929377e-06
5890,7,2.0458070706226585e-10
5891,4,8.176837313101801e-07
5891,5,1.2743707868981995e-07
5892,5,1.0107357432875604e-06
5892,8,1.7253567124396054e-09
5893,5,1.132063e-07
5894,5,1.2505691e-07
5895,5,9.7400235e-07
5896,4,9.578253471757997e-07
5896,5,3.3386862824200237e-08
5897,4,9.9680507e-07
5898,3,3.117261913833862e-07
5898,4,6.884918814768095e-07
5898,6,5.656346196424518e-11
5898,7,1.237636778398485e-10
5899,3,1.0017548215765796e-06
5899,6,4.929784234205508e-10
5900,3,1.0023910687134789e-06
5900,6,6.06131286521161e-10
5901,3,1.0025183908964636e-06
5901,6,6.076091035365143e-10
5902,3,1.0023845957263543e-06
5902,6,5.519042736457019e-10
5903,3,1.0021603128292117e-06
5903,6,4.852871707882095e-10
5904,3,1.0020026358764007e-06
5904,6,4.4526412359930285e-10
5905,3,1.0020012177268442e-06
5905,6,4.461822731555586e-10
5906,3,1.002160225224466e-06
5906,6,4.876747755340633e-10
5907,3,1.0023857546772222e-06
5907,6,5.557453227777006e-10
5908,3,1.0025282168793403e-06
5908,6,6.107831206597839e-10
5909,3,1.002419893053881e-06
5909,6,6.09506946119033e-10
5910,3,1.0018188116325238e-06
5910,6,4.96188367476108e-10
5911,3,3.118996974451883e-07
5911,4,6.884891068686118e-07
5911,6,6.165867601644745e-11
5911,7,1.3483701018350704e-10
5912,4,9.9720256e-07
5913,4,9.585932812522622e-07
5913,5,3.339197874773799e-08
5914,5,9.7538825e-07
5915,5,1.2787923e-07
5916,5,1.2625144e-07
5917,5,9.7447107e-07
5918,4,9.579050939912207e-07
5918,5,3.3392846008779255e-08
5919,4,9.9677031e-07
5920,3,3.1165754193936367e-07
5920,4,6.884983711373177e-07
5920,6,5.4534791141643524e-11
5920,7,1.1935213217714388e-10
5921,3,1.001704509689623e-06
5921,6,4.816903103772561e-10
5922,3,1.0023591747380518e-06
5922,6,5.961252619482686e-10
5923,3,1.0025040721456466e-06
5923,6,6.011278543533096e-10
5924,3,1.0023814352372457e-06
5924,6,5.488647627542267e-10
5925,3,1.0021658171555658e-06
5925,6,4.827828444342648e-10
5926,3,1.002009052251562e-06
5926,6,4.453477484379204e-10
5927,3,1.0020122177919771e-06
5927,6,4.459822080228427e-10
5928,3,1.0021764753800067e-06
5928,6,4.873246199930636e-10
5929,3,1.0024095037944184e-06
5929,6,5.556962055814568e-10
5930,3,1.0025608805770915e-06
5930,6,6.113194229083564e-10
5931,3,1.0024624733172584e-06
5931,6,6.096266827415308e-10
5932,3,1.0018718043028154e-06
5932,6,4.983956971845207e-10
5933,3,3.1189400132760935e-07
5933,4,6.885166362289551e-07
5933,6,6.076720563686024e-11
5933,7,1.328952377986899e-10
5934,4,9.9714251e-07
5935,4,9.583304851583343e-07
5935,5,3.3413434841665765e-08
5936,5,9.748623e-07
5937,5,1.2905769e-07
5938,5,1.1944001e-07
5939,5,1.0085041207100672e-06
5939,8,1.8261792899329274e-09
5940,4,8.169908598296524e-07
5940,5,1.2731014017034756e-07
5941,4,1.000274395946858e-06
5941,7,1.9640405314193767e-10
5942,3,1.5557531624508747e-07
5942,4,8.465635022756953e-07
5942,6,9.019848522837286e-11
5942,7,4.833829939888596e-10
5943,3,1.0029285949659523e-06
5943,6,7.236050340477155e-10
5944,3,1.003125775888857e-06
5944,6,7.451241111427431e-10
5945,3,1.0029932381208155e-06
5945,6,6.980618791844638e-10
5946,3,1.0027021118049956e-06
5946,6,6.167881950043346e-10
5947,3,1.0023758066255462e-06
5947,6,5.296933744538011e-10
5948,3,1.0021647406788996e-06
5948,6,4.789593211006078e-10
5949,3,1.0021669855231166e-06
5949,6,4.818144768832487e-10
5950,3,1.002389960165999e-06
5950,6,5.361398340011595e-10
5951,3,1.0027402486122763e-06
5951,6,6.292513877235244e-10
5952,3,1.0030750160990408e-06
5952,6,7.180839009591374e-10
5953,3,1.0032683595290033e-06
5953,6,7.725404709967778e-10
5954,3,1.0031514176623192e-06
5954,6,7.538823376807952e-10
5955,3,1.558126257311361e-07
5955,4,8.466240392803498e-07
5955,6,9.422075720000726e-11
5955,7,5.042142313141562e-10
5956,4,1.0006142078547994e-06
5956,7,1.9839214520063735e-10
5957,4,8.172010482840451e-07
5957,5,1.273969017159549e-07
5958,5,1.0092309702235529e-06
5958,8,1.624229776447154e-09
5959,5,1.2344301e-07
5960,5,6.4829926e-08
5961,5,1.1881728e-07
5962,4,6.055219652756429e-07
5962,5,4.177411952642016e-07
5962,7,2.8713643565871114e-09
5962,8,1.9712751035684434e-09
5963,4,1.0055900392848563e-06
5963,7,1.2487607151436938e-09
5964,4,1.0054341034921224e-06
5964,7,1.2185965078776292e-09
5965,3,7.820260547479182e-07
5965,4,2.228754933082243e-07
5965,6,8.606243070080832e-10
5965,7,2.4242763684938975e-10
5966,3,1.0043871101277265e-06
5966,6,9.863898722734616e-10
5967,3,1.0038372267895655e-06
5967,6,8.626732104344712e-10
5968,3,1.0032527171908034e-06
5968,6,7.332828091967771e-10
5969,3,1.0027092078789153e-06
5969,6,6.109921210846899e-10
5970,3,1.0023736267032605e-06
5970,6,5.364732967394861e-10
5971,3,1.0023722892052817e-06
5971,6,5.38610794718258e-10
5972,3,1.0027093582352719e-06
5972,6,6.182417647281322e-10
5973,3,1.0032751680218625e-06
5973,6,7.510319781375684e-10
5974,3,1.0039130362120008e-06
5974,6,8.947637879993106e-10
5975,3,1.0045455823222393e-06
5975,6,1.0363176777607404e-09
5976,3,7.823783655358661e-07
5976,4,2.2278848619520135e-07
5976,6,9.099443009325475e-10
5976,7,2.561039679999469e-10
5977,4,1.0057885286331216e-06
5977,7,1.28387136687831e-09
5978,4,1.0059455495032351e-06
5978,7,1.2949504967650485e-09
5979,4,6.056309276050216e-07
5979,5,4.1775823991994403e-07
5979,7,2.8497016173242556e-09
5979,8,1.9561308577102293e-09
5980,5,1.1977976e-07
5981,5,1.5998159e-07
5982,5,1.2370576e-07
5983,4,2.440404013059159e-07
5983,5,7.621702635037792e-07
5983,7,3.0536534707569135e-10
5983,8,9.475698432292533e-10
5984,4,1.0110500040718939e-06
5984,7,2.3027959281061657e-09
5985,4,1.0084220773534227e-06
5985,7,1.7721226465772508e-09
5986,3,2.980924521866144e-07
5986,4,7.085758082465263e-07
5986,6,4.2042891741261897e-10
5986,7,9.898106494468092e-10
5987,3,1.0056782917517954e-06
5987,6,1.2110082482045031e-09
5988,3,1.0048356992220526e-06
5988,6,1.045200777947454e-09
5989,3,1.0038921556594629e-06
5989,6,8.580443405373206e-10
5990,3,1.0030243556027913e-06
5990,6,6.838443972085508e-10
5991,3,1.0024835413812256e-06
5991,6,5.765586187744435e-10
5992,3,1.0024718725975478e-06
5992,6,5.778274024521976e-10
5993,3,1.002991504142669e-06
5993,6,6.916958573310068e-10
5994,3,1.0038649191357317e-06
5994,6,8.802808642682761e-10
5995,3,1.0048561710641433e-06
5995,6,1.0939289358566928e-09
5996,3,1.0057980504682223e-06
5996,6,1.296649531777633e-09
5997,3,2.9837941667420837e-07
5997,4,7.085665543180065e-07
5997,6,4.5794356745718636e-10
5997,7,1.0770854403279875e-09
5998,4,1.0088764139007824e-06
5998,7,1.9230860992175833e-09
5999,4,1.0115679271462144e-06
5999,7,2.464572853785718e-09
6000,4,2.4428959981344756e-07
6000,5,7.620103005610948e-07
6000,7,3.4625688509507953e-10
6000,8,1.0731427403625442e-09
6001,5,1.2893058e-07
6002,5,1.1291115e-07
6003,5,1.1867883e-07
6004,5,1.0600802443557506e-06
6004,8,1.2636655644249402e-08
6005,4,6.821959519530355e-07
6005,5,2.8414376804696455e-07
6006,4,1.008849221808697e-06
6006,7,1.7505781913029095e-09
6007,4,1.0072273053708203e-06
6007,7,1.4164946291797688e-09
6008,3,4.5438870049403856e-07
6008,4,5.522913511717366e-07
6008,6,6.075985472849806e-10
6008,7,7.325497869397395e-10
6009,3,1.0058716735528248e-06
6009,6,1.2173264471751537e-09
6010,3,1.0045631969364114e-06
6010,6,9.832030635884816e-10
6011,3,1.0032041588625678e-06
6011,6,7.247411374323031e-10
6012,3,1.0023136771009382e-06
6012,6,5.545228990616424e-10
6013,3,1.0022821816483245e-06
6013,6,5.530183516754176e-10
6014,3,1.0031113253987586e-06
6014,6,7.265746012413529e-10
6015,3,1.0044303128082942e-06
6015,6,9.98687191705809e-10
6016,3,1.0057624889529386e-06
6016,6,1.275011047061258e-09
6017,3,4.543904589916809e-07
6017,4,5.522966318440728e-07
6017,6,6.673796062180528e-10
6017,7,8.046295580282413e-10
6018,4,1.007462631128176e-06
6018,7,1.64276887182391e-09
6019,4,1.0094714505102643e-06
6019,7,2.0577494897356627e-09
6020,4,6.834240752603186e-07
6020,5,2.8446357473968136e-07
6021,5,1.0638170657819677e-06
6021,8,1.3706934218032447e-08
6022,5,1.2942737e-07
6023,5,1.1507174e-07
6024,4,1.5060471014868792e-07
6024,5,9.249220076458578e-07
6024,7,2.159514605500586e-09
6024,8,1.3136267599953721e-08
6025,4,9.133967475092262e-07
6025,5,3.660088249077373e-08
6026,4,1.0061596810255437e-06
6026,7,9.868189744563058e-10
6027,4,1.0077173795675747e-06
6027,7,1.4221204324252395e-09
6028,3,2.986009901721154e-07
6028,4,7.08607989459861e-07
6028,6,4.2673069659577857e-10
6028,7,1.0029896714277814e-09
6029,3,7.826808355446289e-07
6029,4,2.225987691161631e-07
6029,6,8.629269334580401e-10
6029,7,2.4256840574997106e-10
6030,3,1.003079738750291e-06
6030,6,6.961612497091661e-10
6031,3,1.0015955304106227e-06
6031,6,4.1536958937730714e-10
6032,3,1.0015369581314528e-06
6032,6,4.0964186854700866e-10
6033,3,1.002895530045527e-06
6033,6,6.832699544729303e-10
6034,3,7.821407056694271e-07
6034,4,2.228366191947477e-07
6034,6,8.546953393901309e-10
6034,7,2.4067979643509654e-10
6035,3,2.9820165940875845e-07
6035,4,7.086672723345003e-07
6035,6,4.379502056626265e-10
6035,7,1.03081805107861e-09
6036,4,1.0074790091631556e-06
6036,7,1.5940908368444557e-09
6037,4,1.0061765311065263e-06
6037,7,1.3631688934734674e-09
6038,4,9.143848934004857e-07
6038,5,3.6561956599514355e-08
6039,4,1.5109144705084465e-07
6039,5,9.252927114826213e-07
6039,7,2.2345540805340947e-09
6039,8,1.3554687386000012e-08
6040,5,1.2054789e-07
6041,5,1.2369546e-07
6042,5,8.7548728e-08
6043,5,1.2422002e-07
6044,4,2.913483523340056e-07
6044,5,7.5374534757665e-07
6044,7,2.3648124049027203e-09
6044,8,6.0825876844415994e-09
6045,4,9.142208841920794e-07
6045,5,3.7218255807920574e-08
6046,4,1.0102679714349684e-06
6046,7,1.7473285650315517e-09
6047,4,1.0095080494713653e-06
6047,7,1.8241505286348778e-09
6048,4,1.0060788312487382e-06
6048,7,1.2360687512618089e-09
6049,3,1.5617134370974066e-07
6049,4,8.461458879019424e-07
6049,6,8.307240959006979e-11
6049,7,4.4329597872684097e-10
6050,3,3.12064675379511e-07
6050,4,6.878852684228064e-07
6050,6,2.4705415628397564e-11
6050,7,5.395078205416527e-11
6051,3,3.1192787777294704e-07
6051,4,6.87939087307382e-07
6051,6,2.212163563806004e-11
6051,7,4.833328403282767e-11
6052,3,1.557910631261685e-07
6052,4,8.462431522530703e-07
6052,6,7.81266376294318e-11
6052,7,4.1795798313156354e-10
6053,4,1.0055351433449339e-06
6053,7,1.171356655065857e-09
6054,4,1.008805512296579e-06
6054,7,1.7804877034209893e-09
6055,4,1.0095854072858985e-06
6055,7,1.899092714101396e-09
6056,4,9.143808371673438e-07
6056,5,3.716082283265619e-08
6057,4,2.91840898290759e-07
6057,5,7.539729128972199e-07
6057,7,2.712283823199389e-09
6057,8,6.966704988821772e-09
6058,5,1.2091761e-07
6059,5,1.717716e-07
6060,5,1.3846046e-07
6061,5,1.1496191e-07
6062,4,1.5093343674249326e-07
6062,5,9.276714393359365e-07
6062,7,2.0635277877590148e-09
6062,8,1.256229613381116e-08
6063,4,6.839368485220175e-07
6063,5,2.847385314779825e-07
6064,4,1.0127377298411823e-06
6064,7,2.434170158817758e-09
6065,4,1.0065806222976023e-06
6065,7,1.2947777023976238e-09
6066,4,1.0003758458277203e-06
6066,7,9.065417227977541e-11
6067,4,9.9615324e-07
6068,4,9.9607323e-07
6069,4,1.0000369402818952e-06
6069,7,7.565971810465932e-11
6070,4,1.0057272612640903e-06
6070,7,1.1629387359097526e-09
6071,4,1.0114996117093771e-06
6071,7,2.1886882906228912e-09
6072,4,6.827249546695085e-07
6072,5,2.8450759533049146e-07
6073,4,1.506471777669914e-07
6073,5,9.259571153053471e-07
6073,7,2.208618519213168e-09
6073,8,1.3446188408448363e-08
6074,5,1.2133976e-07
6075,5,1.2368193e-07
6076,5,7.173039e-08
6077,5,1.2003977e-07
6078,5,1.227025e-07
6079,5,1.065233169966353e-06
6079,8,1.2856630033646981e-08
6080,4,2.450571864156611e-07
6080,5,7.633128416624125e-07
6080,7,3.9800328566388753e-10
6080,8,1.2317686362625384e-09
6081,4,6.069235390027169e-07
6081,5,4.1784735586036735e-07
6081,7,2.8870410354158602e-09
6081,8,1.9779641014999172e-09
6082,4,8.17458324901081e-07
6082,5,1.2631105509891898e-07
6083,4,9.579692120067831e-07
6083,5,3.205675799321698e-08
6084,4,9.579444312409736e-07
6084,5,3.2123268759026325e-08
6085,4,8.172039936691494e-07
6085,5,1.2650841633085058e-07
6086,4,6.05917827496918e-07
6086,5,4.1772886053617584e-07
6086,7,2.8364419784812707e-09
6086,8,1.9459699884250595e-09
6087,4,2.4392383152472855e-07
6087,5,7.623686775809789e-07
6087,7,2.459937508935116e-10
6087,8,7.638971433991789e-10
6088,5,1.0625840673835862e-06
6088,8,1.1476332616413794e-08
6089,5,1.2029957e-07
6090,5,1.7167023e-07
6091,5,7.158179e-08
6092,5,7.3890801e-08
6093,5,1.5184094e-07
6094,5,1.3078889e-07
6095,5,1.2870042e-07
6096,5,1.007055082113069e-06
6096,8,1.0714178869311038e-09
6097,5,9.7183936e-07
6098,5,9.7217899e-07
6099,5,1.0073467666294934e-06
6099,8,1.6218333705066834e-09
6100,5,1.1989992e-07
6101,5,1.289055e-07
6102,5,1.2897274e-07
6103,5,1.2449409e-07
6104,5,6.8938995e-08
6105,5,1.3536755e-07
6106,5,1.1216985e-07
6107,5,1.2730866e-07
6108,5,1.2872768e-07
6109,5,1.2313149e-07
6110,5,1.5820848e-07
6111,5,1.1172796e-07
6112,8,1.0375644e-07
6113,8,1.2466124e-07
6114,5,1.6740021436659504e-10
6114,8,1.2598422978563342e-07
6115,8,1.1949651e-07
6116,8,6.7140934e-08
6117,8,7.5542514e-08
6118,5,6.214154664380331e-09
6118,8,1.5091683533561966e-07
6119,5,1.1829857931145502e-10
6119,8,1.2732598142068854e-07
6120,5,1.3988564711753778e-09
6120,8,1.0078826435288246e-06
6121,8,9.7242989e-07
6122,8,9.7242813e-07
6123,5,1.723335615965046e-09
6123,8,1.0079988643840348e-06
6124,5,8.53163317097953e-11
6124,8,1.189295836682902e-07
6125,8,1.2308596e-07
6126,8,1.2136228e-07
6127,5,3.107090018818876e-09
6127,8,1.413232799811811e-07
6128,5,1.3206385156916102e-08
6128,8,1.0628487148430838e-06
6129,4,4.1568315100922355e-10
6129,5,1.2982371273454681e-09
6129,7,2.455180309412113e-07
6129,8,7.618644487804341e-07
6130,4,2.8691382858173227e-09
6130,5,1.9765928512919475e-09
6130,7,6.075068775999806e-07
6130,8,4.164840912629101e-07
6131,7,8.188745560520634e-07
6131,8,1.2524579394793651e-07
6132,7,9.597028681126545e-07
6132,8,3.0745641887345665e-08
6133,7,9.5981872176086e-07
6133,8,3.070215823914005e-08
6134,7,8.192473895770619e-07
6134,8,1.2513497042293807e-07
6135,4,2.9143718865044366e-09
6135,5,2.005765272284893e-09
6135,7,6.080959240312054e-07
6135,8,4.1647483881000527e-07
6136,4,3.264013697869498e-10
6136,5,1.0171114226822203e-09
6136,7,2.4597564557722025e-07
6136,8,7.615780416303106e-07
6137,5,1.3714612338808313e-08
6137,8,1.0648843876611916e-06
6138,8,1.1650447e-07
6139,8,8.7946507e-08
6140,8,8.4748398e-08
6141,8,1.1870661e-07
6142,4,2.146509269325118e-09
6142,5,1.3190508002162082e-08
6142,7,1.5183965044861648e-07
6142,8,9.241918322798962e-07
6143,7,6.83919963482453e-07
6143,8,2.832118165175468e-07
6144,4,2.316156228385618e-09
6144,7,1.0117567437716143e-06
6145,4,1.1195511734506989e-09
6145,7,1.0060922488265494e-06
6146,7,1.000434e-06
6147,7,9.963831e-07
6148,7,9.9646286e-07
6149,7,1.0006808e-06
6150,4,1.1631643672625634e-09
6150,7,1.0065432356327375e-06
6151,4,2.3657698937312884e-09
6151,7,1.0123982301062687e-06
6152,7,6.851356956967104e-07
6152,8,2.8349932430328946e-07
6153,4,2.246625141763625e-09
6153,5,1.3790771189169523e-08
6153,7,1.5214004240170686e-07
6153,8,9.2502866126736e-07
6154,5,9.014982913466017e-10
6154,8,1.222447117086534e-07
6155,5,2.3357569387912387e-09
6155,8,1.3556233306120874e-07
6156,8,1.178389e-07
6157,4,2.489521271534075e-09
6157,5,6.434732491518169e-09
6157,7,2.9235310213173043e-07
6157,8,7.512806441052174e-07
6158,7,9.149625833798013e-07
6158,8,3.5493616620198666e-08
6159,4,1.679160232873778e-09
6159,7,1.009370039767126e-06
6160,4,1.6283474071663364e-09
6160,7,1.0089558525928336e-06
6161,4,1.0035870579831496e-09
6161,7,1.0058635129420169e-06
6162,3,4.586214352761875e-11
6162,4,2.483571358063835e-10
6162,6,1.5826886196552245e-07
6162,7,8.441368187551436e-07
6163,6,3.1438541829312703e-07
6163,7,6.85730781706873e-07
6164,6,3.144691895962431e-07
6164,7,6.85705910403757e-07
6165,3,4.939803161975251e-11
6165,4,2.6712854670968484e-10
6165,6,1.5847694801184792e-07
6165,7,8.440701254098227e-07
6166,4,1.0375811209476178e-09
6166,7,1.0061287188790525e-06
6167,4,1.6996333477885544e-09
6167,7,1.0092794666522114e-06
6168,4,1.8512891000764001e-09
6168,7,1.0095992108999235e-06
6169,7,9.14209212851872e-07
6169,8,3.580394714812801e-08
6170,4,2.3796687035916078e-09
6170,5,6.172989742628037e-09
6170,7,2.906103728284291e-07
6170,8,7.494848687253512e-07
6171,8,1.1429718e-07
6172,8,1.1785073e-07
6173,5,3.805011347443977e-09
6173,8,1.4204314865255601e-07
6174,4,2.3244019026252266e-09
6174,5,1.4217711681111719e-08
6174,7,1.5274602089642495e-07
6174,8,9.254533655198382e-07
6175,7,9.160437439318184e-07
6175,8,3.5644786068181636e-08
6176,4,1.062718791317437e-09
6176,7,1.0063978812086825e-06
6177,4,1.2982080403232398e-09
6177,7,1.0076347919596769e-06
6178,3,3.58660014535176e-10
6178,4,8.505205026284707e-10
6178,6,3.0073929119336677e-07
6178,7,7.063509282894698e-07
6179,3,6.66238675570399e-10
6179,4,1.8929100228551175e-10
6179,6,7.848496987794421e-07
6179,7,2.2039687154270194e-07
6180,3,4.4438881937636265e-10
6180,6,1.0031672111806236e-06
6181,3,1.8081251801819602e-10
6181,6,1.001833287481982e-06
6182,3,1.8197751548670014e-10
6182,6,1.0018631224845134e-06
6183,3,4.5074626309452626e-10
6183,6,1.0032349537369056e-06
6184,3,6.755514938393307e-10
6184,4,1.9188075464604977e-10
6184,6,7.849794309593913e-07
6184,7,2.2036843679212335e-07
6185,3,3.657978695480176e-10
6185,4,8.676755345890379e-10
6185,6,3.0069667495715934e-07
6185,7,7.064362516387036e-07
6186,4,1.3319407981460644e-09
6186,7,1.007436159201854e-06
6187,4,1.0497410047943503e-09
6187,7,1.0056309589952055e-06
6188,7,9.143696386128644e-07
6188,8,3.586584138713558e-08
6189,4,2.328889912683935e-09
6189,5,1.4282042370146566e-08
6189,7,1.5236502884368325e-07
6189,8,9.255179388734862e-07
6190,5,8.457427342757675e-10
6190,8,1.2218594726572424e-07
6191,8,7.2498806e-08
6192,8,7.779978e-08
6193,5,1.284551075824304e-08
6193,8,1.066878189241757e-06
6194,7,6.856411903191425e-07
6194,8,2.834844396808576e-07
6195,4,1.8368434444248838e-09
6195,7,1.0104401565555751e-06
6196,4,1.3466068106380098e-09
6196,7,1.008019393189362e-06
6197,3,5.262806217202171e-10
6197,4,6.384204121616232e-10
6197,6,4.570581539323964e-07
6197,7,5.499730450337218e-07
6198,3,9.888888579410645e-10
6198,6,1.006006511142059e-06
6199,3,7.437136897051844e-10
6199,6,1.0046415863102948e-06
6200,3,4.920722939953548e-10
6200,6,1.0032910277060047e-06
6201,3,3.3116247946177235e-10
6201,6,1.0024460375205383e-06
6202,3,3.2952538697399753e-10
6202,6,1.0024558746130259e-06
6203,3,4.867579423356545e-10
6203,6,1.0033065420576645e-06
6204,3,7.368737555642835e-10
6204,6,1.0046375262444358e-06
6205,3,9.770972831811436e-10
6205,6,1.0059118027168188e-06
6206,3,5.142049389925935e-10
6206,4,6.246676787200746e-10
6206,6,4.5656314384629277e-07
6206,7,5.501654835359946e-07
6207,4,1.2910301052776024e-09
6207,7,1.0073889698947224e-06
6208,4,1.767706810242968e-09
6208,7,1.009508993189757e-06
6209,7,6.848643801787042e-07
6209,8,2.833188398212957e-07
6210,5,1.2896590164134105e-08
6210,8,1.0647946098358659e-06
6211,5,5.3281866829205606e-09
6211,8,1.4423734331707942e-07
6212,5,5.488581616837059e-09
6212,8,1.5003358838316294e-07
6213,4,2.631755791991707e-10
6213,5,8.198136062174196e-10
6213,7,2.460771124965265e-07
6213,8,7.61634998318057e-07
6214,4,2.1935291639540217e-09
6214,7,1.012567070836046e-06
6215,4,1.6464353185730562e-09
6215,7,1.0096400646814269e-06
6216,3,3.6639869165204393e-10
6216,4,8.681517285250192e-10
6216,6,3.010298917738235e-07
6216,7,7.064506578059993e-07
6217,3,1.0022627165165703e-09
6217,6,1.0061691372834835e-06
6218,3,8.251792625818003e-10
6218,6,1.0050894207374183e-06
6219,3,6.430154883243831e-10
6219,6,1.0040136845116756e-06
6220,3,4.832534743823993e-10
6220,6,1.0030669465256175e-06
6221,3,3.845045751464416e-10
6221,6,1.0025021954248535e-06
6222,3,3.8088120029143016e-10
6222,6,1.0025021187997086e-06
6223,3,4.740666116253532e-10
6223,6,1.0030571333883748e-06
6224,3,6.269884212783843e-10
6224,6,1.0039698115787216e-06
6225,3,7.949803039884301e-10
6225,6,1.0049570196960116e-06
6226,3,9.576801387156192e-10
6226,6,1.0058932198612843e-06
6227,3,3.4602930363620633e-10
6227,4,8.214545070821143e-10
6227,6,3.004919516305023e-07
6227,7,7.065290645587793e-07
6228,4,1.5603431262652288e-09
6228,7,1.0089906568737348e-06
6229,4,2.099741081000733e-09
6229,7,1.0117184589189994e-06
6230,4,1.998351279614058e-10
6230,5,6.231396218684576e-10
6230,7,2.454890334661225e-07
6230,8,7.605863917840475e-07
6231,5,3.0938689036262434e-09
6231,8,1.2722433109637375e-07
6232,8,6.9871189e-08
6233,5,4.99291724057119e-10
6233,8,1.2699948827594288e-07
6234,4,2.8398995875443176e-09
6234,5,1.9588476190383424e-09
6234,7,6.072456591780401e-07
6234,8,4.1681569361537716e-07
6235,4,1.0867928641761018e-09
6235,7,1.006475607135824e-06
6236,4,1.0115741851258776e-09
6236,7,1.006281525814874e-06
6237,3,6.796298705836755e-10
6237,4,1.9311408129459501e-10
6237,6,7.850780463801187e-07
6237,7,2.2048240966800306e-07
6238,3,7.55919998480861e-10
6238,6,1.004822480001519e-06
6239,3,6.500970214514374e-10
6239,6,1.0040850029785484e-06
6240,3,5.451505076096124e-10
6240,6,1.0033216494923905e-06
6241,3,4.4441162979818116e-10
6241,6,1.0026570883702018e-06
6242,3,3.8087638149173626e-10
6242,6,1.0022860236185083e-06
6243,3,3.777377834402266e-10
6243,6,1.0022823622165597e-06
6244,3,4.339581857806141e-10
6244,6,1.0026409418142194e-06
6245,3,5.273429518904397e-10
6245,6,1.0032748570481095e-06
6246,3,6.242794005301387e-10
6246,6,1.00398032059947e-06
6247,3,7.201318976139833e-10
6247,6,1.004644168102386e-06
6248,3,6.410090385015571e-10
6248,4,1.8235556213941166e-10
6248,6,7.846626901513386e-07
6248,7,2.206278452480205e-07
6249,4,9.48752981020497e-10
6249,7,1.0059268470189795e-06
6250,4,1.0102602948173626e-09
6250,7,1.0060828397051826e-06
6251,4,2.7327944804258546e-09
6251,5,1.883935979533159e-09
6251,7,6.070245938759871e-07
6251,8,4.1643447566405394e-07
6252,5,2.828841959138562e-09
6252,8,1.2536384804086144e-07
6253,5,1.0979493741351745e-09
6253,8,1.3195400062586483e-07
6254,8,1.0545858e-07
6255,5,1.7419466340519989e-09
6255,8,1.006814153365948e-06
6256,7,8.178869577096149e-07
6256,8,1.260721722903851e-07
6257,7,1.000677e-06
6258,3,5.0360642406024444e-11
6258,4,2.733628568217952e-10
6258,6,1.5800229317565268e-07
6258,7,8.446887833251195e-07
6259,3,4.655114024684209e-10
6259,6,1.0034106885975316e-06
6260,3,5.06859501930273e-10
6260,6,1.0034548404980696e-06
6261,3,4.933532586724588e-10
6261,6,1.0031593467413276e-06
6262,3,4.4895244079766427e-10
6262,6,1.0026917475592024e-06
6263,3,3.883399696710958e-10
6263,6,1.002269260030329e-06
6264,3,3.5263928585522214e-10
6264,6,1.0020310607141448e-06
6265,3,3.508866460702234e-10
6265,6,1.0020283133539298e-06
6266,3,3.829476710258737e-10
6266,6,1.0022603523289741e-06
6267,3,4.382152560119566e-10
6267,6,1.002668184743988e-06
6268,3,4.796414924745833e-10
6268,6,1.0031149585075252e-06
6269,3,4.937494665119324e-10
6269,6,1.003395450533488e-06
6270,3,4.578335101848325e-10
6270,6,1.0033483664898153e-06
6271,3,5.080288589767518e-11
6271,4,2.757291707973243e-10
6271,6,1.5801424792999667e-07
6271,7,8.446488200133083e-07
6272,4,2.5320594768275407e-11
6272,7,1.0008100794052318e-06
6273,7,8.185544058466025e-07
6273,8,1.260898641533975e-07
6274,5,2.1270732951144827e-09
6274,8,1.0081350267048855e-06
6275,8,1.1231362e-07
6276,5,2.1862533787339356e-11
6276,8,1.2521262746621267e-07
6277,8,9.7380579e-07
6278,7,9.58876717210119e-07
6278,8,3.224395278988097e-08
6279,7,9.9680784e-07
6280,6,3.138919131289366e-07
6280,7,6.865282868710634e-07
6281,3,2.015005046309253e-10
6281,6,1.0020386994953692e-06
6282,3,3.474284015510557e-10
6282,6,1.0025932715984489e-06
6283,3,3.9737261028337883e-10
6283,6,1.0025964273897165e-06
6284,3,3.895394141079538e-10
6284,6,1.002335260585892e-06
6285,3,3.572459805158956e-10
6285,6,1.0020480540194842e-06
6286,3,3.352004654894145e-10
6286,6,1.0018779995345104e-06
6287,3,3.3418230167023894e-10
6287,6,1.0018789176983297e-06
6288,3,3.5407426963841846e-10
6288,6,1.0020502257303616e-06
6289,3,3.872687039172804e-10
6289,6,1.0023359312960828e-06
6290,3,3.9780663071425074e-10
6290,6,1.0025985933692858e-06
6291,3,3.5560933686337034e-10
6291,6,1.0026040906631368e-06
6292,3,2.2296060794789265e-10
6292,6,1.0020678393920522e-06
6293,6,3.140933956835211e-07
6293,7,6.86487704316479e-07
6294,7,9.9714816e-07
6295,7,9.595690610255402e-07
6295,8,3.217140897445977e-08
6296,8,9.7473393e-07
6297,5,2.7752023157254876e-09
6297,8,1.249016676842745e-07
6298,5,2.689387642316655e-10
6298,8,1.2630618123576833e-07
6299,8,9.744173e-07
6300,7,9.59017602377772e-07
6300,8,3.227448762222805e-08
6301,7,9.9679324e-07
6302,6,3.1380169642814723e-07
6302,7,6.865471035718528e-07
6303,3,1.915100281422496e-10
6303,6,1.001982789971858e-06
6304,3,3.440760453013181e-10
6304,6,1.0025525239546987e-06
6305,3,3.9795847720385913e-10
6305,6,1.0025753415227963e-06
6306,3,3.917436097828283e-10
6306,6,1.0023282563902172e-06
6307,3,3.598667377465157e-10
6307,6,1.0020491332622534e-06
6308,3,3.373868643821175e-10
6308,6,1.0018829131356179e-06
6309,3,3.368860565059906e-10
6309,6,1.001886413943494e-06
6310,3,3.596661039178324e-10
6310,6,1.002060133896082e-06
6311,3,3.940967855520386e-10
6311,6,1.002352003214448e-06
6312,3,4.082921218835528e-10
6312,6,1.0026209078781164e-06
6313,3,3.707688936978851e-10
6313,6,1.002631731106302e-06
6314,3,2.4365328022522837e-10
6314,6,1.0021051467197747e-06
6315,6,3.140988798233639e-07
6315,7,6.865105201766362e-07
6316,7,9.9712075e-07
6317,7,9.593998548752688e-07
6317,8,3.21981851247313e-08
6318,8,9.7448228e-07
6319,5,2.9962774450834787e-09
6319,8,1.2599563255491654e-07
6320,8,1.2087652e-07
6321,5,1.5316543639372792e-09
6321,8,1.0077917456360628e-06
6322,7,8.179684141740633e-07
6322,8,1.2614550582593664e-07
6323,7,1.0004567e-06
6324,3,4.1802839550441146e-11
6324,4,2.273184746418185e-10
6324,6,1.5772862365773472e-07
6324,7,8.44725855028073e-07
6325,3,4.386040960164678e-10
6325,6,1.0032103959039835e-06
6326,3,4.992191544469839e-10
6326,6,1.003332680845553e-06
6327,3,4.972165965992846e-10
6327,6,1.0031005834034008e-06
6328,3,4.565520254308686e-10
6328,6,1.0026756479745692e-06
6329,3,3.97939787433583e-10
6329,6,1.0022751602125663e-06
6330,3,3.612690827741696e-10
6330,6,1.0020441309172258e-06
6331,3,3.608516524355138e-10
6331,6,1.0020480483475644e-06
6332,3,3.9742170179276703e-10
6332,6,1.0022905782982073e-06
6333,3,4.594228288969207e-10
6333,6,1.0027139771711031e-06
6334,3,5.10692771987024e-10
6334,6,1.0031798072280131e-06
6335,3,5.355482657982029e-10
6335,6,1.003465851734202e-06
6336,3,5.106403809250033e-10
6336,6,1.003407659619075e-06
6337,3,5.990366227319915e-11
6337,4,3.250365530596559e-10
6337,6,1.5805542804878924e-07
6337,7,8.446470317358779e-07
6338,4,5.697066264659673e-11
6338,7,1.0007942293373535e-06
6339,7,8.182364929129809e-07
6339,8,1.2608833708701905e-07
6340,5,1.550084903179932e-09
6340,8,1.00760721509682e-06
6341,5,2.079830861031739e-09
6341,8,1.2104761913896826e-07
6342,8,6.4829255e-08
6343,5,3.6991835014309196e-11
6343,8,1.1865381816498569e-07
6344,4,2.726848405592744e-09
6344,5,1.8815243936060404e-09
6344,7,6.067429457483085e-07
6344,8,4.1661518145249275e-07
6345,4,9.707843211049088e-10
6345,7,1.0057783156788952e-06
6346,4,9.433725720765322e-10
6346,7,1.0057139274279233e-06
6347,3,6.61997479237669e-10
6347,4,1.8843616516832518e-10
6347,6,7.844748120402843e-07
6347,7,2.2070435431530966e-07
6348,3,7.631841530497225e-10
6348,6,1.0046125158469504e-06
6349,3,6.69095257754287e-10
6349,6,1.0039996047422457e-06
6350,3,5.659537219678604e-10
6350,6,1.0033053462780321e-06
6351,3,4.617127367724894e-10
6351,6,1.0026713872632276e-06
6352,3,3.9571815725349735e-10
6352,6,1.0023060818427464e-06
6353,3,3.9257921390519345e-10
6353,6,1.0023084207860948e-06
6354,3,4.540299722141748e-10
6354,6,1.002681070027786e-06
6355,3,5.588503380916827e-10
6355,6,1.0033419496619082e-06
6356,3,6.725316215821376e-10
6356,6,1.004094768378418e-06
6357,3,7.911665033844637e-10
6357,6,1.0047939334966154e-06
6358,3,7.2018352405724e-10
6358,4,2.0473659887100676e-10
6358,6,7.849248804056961e-07
6358,7,2.2054709947137565e-07
6359,4,1.0865098739901934e-09
6359,7,1.00612599012601e-06
6360,4,1.1919886701499428e-09
6360,7,1.00632641132985e-06
6361,4,2.8842715877586775e-09
6361,5,1.989338328776101e-09
6361,7,6.073523759174876e-07
6361,8,4.168649141659777e-07
6362,5,2.485251061051002e-09
6362,8,1.1737183893894899e-07
6363,5,6.56586684260712e-09
6363,8,1.5023585315739288e-07
6364,8,1.2400148e-07
6365,4,2.5091479517092123e-10
6365,5,7.835982801826597e-10
6365,7,2.451453974180774e-07
6365,8,7.606618895065691e-07
6366,4,2.0997937471869058e-09
6366,7,1.011130306252813e-06
6367,4,1.5989582895027812e-09
6367,7,1.008653941710497e-06
6368,3,3.709203324389174e-10
6368,4,8.806878572435103e-10
6368,6,3.0042669718580375e-07
6368,7,7.064901946245138e-07
6369,3,1.0516160885619052e-09
6369,6,1.005904383911438e-06
6370,3,8.807317154332328e-10
6370,6,1.0050178682845668e-06
6371,3,6.903748046241086e-10
6371,6,1.0040276251953758e-06
6372,3,5.163112079395665e-10
6372,6,1.0030997887920604e-06
6373,3,4.049247297319006e-10
6373,6,1.002526075270268e-06
6374,3,3.9794516873462986e-10
6374,6,1.0025212548312654e-06
6375,3,4.946110402130298e-10
6375,6,1.003093588959787e-06
6376,3,6.61401647661105e-10
6376,6,1.0040452983523389e-06
6377,3,8.528837057835246e-10
6377,6,1.0051073162942165e-06
6378,3,1.042238049642148e-09
6378,6,1.0061098619503577e-06
6379,3,3.829512442857931e-10
6379,4,9.080715362535356e-10
6379,6,3.008136243418105e-07
6379,7,7.064852528776502e-07
6380,4,1.725439693387105e-09
6380,7,1.009221360306613e-06
6381,4,2.3532973359086798e-09
6381,7,1.0118744026640913e-06
6382,4,3.629816545809206e-10
6382,5,1.1314193187107427e-09
6382,7,2.456980482761589e-07
6382,8,7.609309507505494e-07
6383,5,3.085525551094088e-09
6383,8,1.2614783444890592e-07
6384,8,1.1299675e-07
6385,8,1.2111556e-07
6386,5,1.2370955342889311e-08
6386,8,1.0610506446571106e-06
6387,7,6.836002022804975e-07
6387,8,2.830114677195024e-07
6388,4,1.8242380777319661e-09
6388,7,1.009021061922268e-06
6389,4,1.4645595968336316e-09
6389,7,1.0073866404031664e-06
6390,3,5.93902317113024e-10
6390,4,7.209975419642745e-10
6390,6,4.5679645551565303e-07
6390,7,5.500748446252698e-07
6391,3,1.116236876629195e-09
6391,6,1.0060697631233707e-06
6392,3,8.300946141002628e-10
6392,6,1.0047477053858998e-06
6393,3,5.424571197249186e-10
6393,6,1.0033682428802752e-06
6394,3,3.5486995454649527e-10
6394,6,1.0024623300454536e-06
6395,3,3.39627893578298e-10
6395,6,1.0024402721064218e-06
6396,3,4.995559195833937e-10
6396,6,1.0033043440804165e-06
6397,3,7.614554610020622e-10
6397,6,1.004675944538998e-06
6398,3,1.030923744356033e-09
6398,6,1.0060655762556441e-06
6399,3,5.552982536911715e-10
6399,4,6.74097076677747e-10
6399,6,4.568834864065379e-07
6399,7,5.501511182630933e-07
6400,4,1.4147894130437578e-09
6400,7,1.0078477105869561e-06
6401,4,1.864728069206545e-09
6401,7,1.0098218719307936e-06
6402,7,6.846522243248303e-07
6402,8,2.8318985567516974e-07
6403,5,1.2611635830143956e-08
6403,8,1.063104164169856e-06
6404,5,3.0944513879562406e-09
6404,8,1.2588704861204376e-07
6405,8,1.154359e-07
6406,4,2.2636479568201715e-09
6406,5,1.3891029526553073e-08
6406,7,1.5192557651378118e-07
6406,8,9.234405460028455e-07
6407,7,9.149169269678074e-07
6407,8,3.546663303219273e-08
6408,4,1.4267578096540763e-09
6408,7,1.0060892421903458e-06
6409,4,1.6292942728681576e-09
6409,7,1.0078203057271318e-06
6410,3,4.2542219072468244e-10
6410,4,1.0081397341149051e-09
6410,6,3.009774645894459e-07
6410,7,7.064232734857146e-07
6411,3,7.688885638431375e-10
6411,4,2.1834038110087478e-10
6411,6,7.851388108099013e-07
6411,7,2.203611602451547e-07
6412,3,5.127720799750233e-10
6412,6,1.003298227920025e-06
6413,3,1.9591660928215855e-10
6413,6,1.0018126833907177e-06
6414,3,1.7187534554896795e-10
6414,6,1.001764624654451e-06
6415,3,4.4056542179154295e-10
6415,6,1.0031481345782085e-06
6416,3,6.734778205724071e-10
6416,4,1.916210610987068e-10
6416,6,7.846161491034956e-07
6416,7,2.206480520148333e-07
6417,3,3.7540157334627503e-10
6417,4,8.910812992718531e-10
6417,6,3.0056040569127314e-07
6417,7,7.066105114361089e-07
6418,4,1.4247214845487932e-09
6418,7,1.007782978515451e-06
6419,4,1.2205043362617464e-09
6419,7,1.0065401956637382e-06
6420,7,9.159358802280439e-07
6420,8,3.5424279771956115e-08
6421,4,2.255950876324867e-09
6421,5,1.3810960776628652e-08
6421,7,1.5245995394064996e-07
6421,8,9.245097344063965e-07
6422,5,2.62712023840389e-09
6422,8,1.179740597615961e-07
6423,5,2.9545495553636236e-10
6423,8,1.2337896504446363e-07
6424,8,8.6311597e-08
6425,5,1.2206876918121547e-09
6425,8,1.2292623230818785e-07
6426,4,2.703399289958741e-09
6426,5,6.99230082211037e-09
6426,7,2.922498886439968e-07
6426,8,7.51526111243934e-07
6427,7,9.159581894107725e-07
6427,8,3.6126220589227524e-08
6428,4,2.2944227460433073e-09
6428,7,1.0102755772539567e-06
6429,4,1.963506914161279e-09
6429,7,1.0096871930858388e-06
6430,4,1.172057709111088e-09
6430,7,1.006317342290889e-06
6431,3,5.690644464632847e-11
6431,4,3.0794115105455646e-10
6431,6,1.5838817067274682e-07
6431,7,8.441659817315524e-07
6432,6,3.1422717738632316e-07
6432,7,6.858277226136769e-07
6433,6,3.1407288100640376e-07
6433,7,6.858792489935962e-07
6434,3,3.9774616156184855e-11
6434,4,2.1584186573603566e-10
6434,6,1.5797833183441573e-07
6434,7,8.443306516836921e-07
6435,4,9.823469387968414e-10
6435,7,1.0058238530612032e-06
6436,4,1.6959280977691048e-09
6436,7,1.0090269719022308e-06
6437,4,1.9224598522979354e-09
6437,7,1.009621840147702e-06
6438,7,9.156770898203683e-07
6438,8,3.595832017963168e-08
6439,4,2.6990500715118333e-09
6439,5,6.970374158790899e-09
6439,7,2.9312009151280643e-07
6439,8,7.526165842568909e-07
6440,5,2.8164031224697485e-09
6440,8,1.1822933687753024e-07
6441,5,1.0372248704138596e-08
6441,8,1.620448912958614e-07
6442,5,2.313211254379919e-09
6442,8,1.3560518874562007e-07
6443,8,1.1449577e-07
6444,4,2.4332661262031026e-09
6444,5,1.4934998530651014e-08
6444,7,1.52272013708918e-07
6444,8,9.257472216342277e-07
6445,7,6.858552372035971e-07
6445,8,2.838736527964029e-07
6446,4,2.6947100392017362e-09
6446,7,1.0129972899607983e-06
6447,4,1.3131923223002781e-09
6447,7,1.0068268076776996e-06
6448,7,1.0005531e-06
6449,7,9.9617313e-07
6450,7,9.9607239e-07
6451,7,1.0001345e-06
6452,4,1.026186539387561e-09
6452,7,1.0060540134606124e-06
6453,4,2.319404702635854e-09
6453,7,1.011700795297364e-06
6454,7,6.837572124557255e-07
6454,8,2.8342569754427457e-07
6455,4,2.2292568722486344e-09
6455,5,1.3717299265520362e-08
6455,7,1.516121975775624e-07
6455,8,9.240322462846687e-07
6456,5,2.79758010037707e-09
6456,8,1.1847285989962294e-07
6457,5,1.1714101848204074e-09
6457,8,1.225701998151796e-07
6458,8,7.1506011e-08
6459,8,1.1339531e-07
6460,5,1.33670233281329e-09
6460,8,1.223244376671867e-07
6461,5,1.4177261580342318e-08
6461,8,1.0672114384196577e-06
6462,4,4.694608041766698e-10
6462,5,1.461638351309267e-09
6462,7,2.465175749380414e-07
6462,8,7.626011259064726e-07
6463,4,3.0342210781944216e-09
6463,5,2.089125637020942e-09
6463,7,6.083280462887733e-07
6463,8,4.1680930699601144e-07
6464,7,8.186375199728685e-07
6464,8,1.2513207002713147e-07
6465,7,9.59137291938862e-07
6465,8,3.086112806113788e-08
6466,7,9.590739048756456e-07
6466,8,3.092507512435453e-08
6467,7,8.183154261088024e-07
6467,8,1.2531425389119772e-07
6468,4,2.704078298179737e-09
6468,5,1.8639139471732427e-09
6468,7,6.075112155065657e-07
6468,8,4.1671829224808143e-07
6469,4,3.355354432285162e-10
6469,5,1.048821714155628e-09
6469,7,2.453778027690013e-07
6469,8,7.620786400736146e-07
6470,5,1.3483852772833615e-08
6470,8,1.0618648472271664e-06
6471,5,2.86885394761967e-09
6471,8,1.1756164605238032e-07
6472,5,9.128413799496082e-09
6472,8,1.6056417620050393e-07
6473,8,7.0614229e-08
6474,8,7.3300759e-08
6475,5,6.2013017276230495e-09
6475,8,1.4454214827237695e-07
6476,5,3.5531940782268736e-09
6476,8,1.2763210592177312e-07
6477,5,3.118312685277961e-09
6477,8,1.2583870731472204e-07
6478,5,1.4241554937584545e-09
6478,8,1.0061962445062414e-06
6479,8,9.7174801e-07
6480,8,9.7200507e-07
6481,5,1.327260301800582e-09
6481,8,1.0072868396981994e-06
6482,5,2.4739069191647702e-09
6482,8,1.1753730308083523e-07
6483,5,3.0481371248110745e-09
6483,8,1.264415028751889e-07
6484,5,3.1792552581945104e-09
6484,8,1.2524018474180547e-07
6485,5,3.1302263947033623e-09
6485,8,1.2478258360529664e-07
6486,8,7.0547526e-08
6487,5,2.6293864632863254e-09
6487,8,1.3334295353671369e-07
6488,8,1.1173592e-07
6489,5,2.6839567714016474e-09
6489,8,1.2449564322859837e-07
6490,5,2.905081974115316e-09
6490,8,1.2582956802588467e-07
6491,5,1.970902255443208e-09
6491,8,1.2097922774455677e-07
6492,5,7.733221114120891e-09
6492,8,1.5328468888587911e-07
6493,8,1.1386899e-07
6494,8,1.0462976e-07
6495,8,1.2477242e-07
6496,8,1.2623908e-07
6497,8,1.203872e-07
6498,8,6.4806327e-08
6499,8,7.8368151e-08
6500,8,1.5492132e-07
6501,8,1.2627965e-07
6502,8,1.0106554e-06
6503,8,9.7261535e-07
6504,8,9.726913e-07
6505,8,1.0098168e-06
6506,8,1.1907727e-07
6507,8,1.2395159e-07
6508,8,1.1799562e-07
6509,8,1.440478e-07
6510,8,1.077182e-06
6511,7,2.459931797951237e-07
6511,8,7.626295202048763e-07
6512,7,6.102630169826206e-07
6512,8,4.1818728301737927e-07
6513,7,8.191364996787429e-07
6513,8,1.253404603212571e-07
6514,7,9.598615846980128e-07
6514,8,3.0763225301987235e-08
6515,7,9.599686610894067e-07
6515,8,3.0723248910593264e-08
6516,7,8.194525405715507e-07
6516,8,1.2513884942844936e-07
6517,7,6.114008954277912e-07
6517,8,4.186327045722088e-07
6518,7,2.466212502286049e-07
6518,8,7.632074497713951e-07
6519,8,1.0770972e-06
6520,8,1.1708983e-07
6521,8,9.1793384e-08
6522,8,8.3879758e-08
6523,8,1.193576e-07
6524,7,1.5410018669163932e-07
6524,8,9.362398133083607e-07
6525,7,6.843968595883172e-07
6525,8,2.8318831041168284e-07
6526,7,1.0142379e-06
6527,7,1.0072894e-06
6528,7,1.0005956e-06
6529,7,9.9651468e-07
6530,7,9.9659697e-07
6531,7,1.0008676e-06
6532,7,1.007998e-06
6533,7,1.0150784e-06
6534,7,6.853389868561324e-07
6534,8,2.8327833314386767e-07
6535,7,1.546768001496732e-07
6535,8,9.39488599850327e-07
6536,8,1.2336933e-07
6537,8,1.374773e-07
6538,8,1.1904091e-07
6539,7,2.95746343309778e-07
6539,8,7.591033566902219e-07
6540,7,9.155026581169941e-07
6540,8,3.518990188300589e-08
6541,7,1.0113917e-06
6542,7,1.0107999e-06
6543,7,1.0069894e-06
6544,6,1.5859931375877712e-07
6544,7,8.441930862412228e-07
6545,6,3.145995752096082e-07
6545,7,6.855821247903919e-07
6546,6,3.146940679246789e-07
6546,7,6.855506320753209e-07
6547,6,1.5884395506671211e-07
6547,7,8.441253449332878e-07
6548,7,1.0073489e-06
6549,7,1.011201e-06
6550,7,1.0116451e-06
6551,7,9.146205907156261e-07
6551,8,3.564133928437386e-08
6552,7,2.9293051769185904e-07
6552,8,7.551851823081409e-07
6553,8,1.1400333e-07
6554,8,1.1387168e-07
6555,8,1.4476518e-07
6556,7,1.5466518894924127e-07
6556,8,9.388501110507588e-07
6557,7,9.164728361156117e-07
6557,8,3.558381388438835e-08
6558,7,1.0077503e-06
6559,7,1.0091705e-06
6560,6,3.0170756264014e-07
6560,7,7.067375373598601e-07
6561,6,7.86064271354248e-07
6561,7,2.2009922864575187e-07
6562,6,1.0036218e-06
6563,6,1.001993e-06
6564,6,1.0020256e-06
6565,6,1.0036964e-06
6566,6,7.86253140516915e-07
6566,7,2.2003845948308502e-07
6567,6,3.017048757558307e-07
6567,7,7.068026242441694e-07
6568,7,1.0089648e-06
6569,7,1.0069426e-06
6570,7,9.148257917384921e-07
6570,8,3.576228826150782e-08
6571,7,1.5489577217882592e-07
6571,8,9.405290278211742e-07
6572,8,1.2349495e-07
6573,8,7.234997e-08
6574,8,7.6987302e-08
6575,8,1.0773549e-06
6576,7,6.856574458298812e-07
6576,8,2.8337434417011885e-07
6577,7,1.0124599e-06
6578,7,1.0095566e-06
6579,6,4.5827365716818016e-07
6579,7,5.500556428318198e-07
6580,6,1.0070524e-06
6581,6,1.0053579e-06
6582,6,1.0036821e-06
6583,6,1.0026379e-06
6584,6,1.0026479e-06
6585,6,1.0036916e-06
6586,6,1.0053514e-06
6587,6,1.0069474e-06
6588,6,4.578050528720483e-07
6588,7,5.502045471279518e-07
6589,7,1.0089254e-06
6590,7,1.0116372e-06
6591,7,6.853834790369151e-07
6591,8,2.8337731096308485e-07
6592,8,1.0780243e-06
6593,8,1.5180776e-07
6594,8,1.5594988e-07
6595,7,2.466202098533611e-07
6595,8,7.62521790146639e-07
6596,7,1.0149991e-06
6597,7,1.0114962e-06
6598,6,3.0200374175842604e-07
6598,7,7.06844558241574e-07
6599,6,1.0072206e-06
6600,6,1.0058449e-06
6601,6,1.0044736e-06
6602,6,1.0033034e-06
6603,6,1.0026335e-06
6604,6,1.0026306e-06
6605,6,1.0032856e-06
6606,6,1.0044199e-06
6607,6,1.0057004e-06
6608,6,1.0069292e-06
6609,6,3.014988041076692e-07
6609,7,7.068787958923308e-07
6610,7,1.0108971e-06
6611,7,1.014443e-06
6612,7,2.462841533381406e-07
6612,8,7.619924466618594e-07
6613,8,1.3062906e-07
6614,8,7.0524718e-08
6615,8,1.2762464e-07
6616,7,6.105798174985091e-07
6616,8,4.189979825014908e-07
6617,7,1.0078681e-06
6618,7,1.007468e-06
6619,6,7.863318370812898e-07
6619,7,2.2017026291871014e-07
6620,6,1.0055488e-06
6621,6,1.0045361e-06
6622,6,1.0035611e-06
6623,6,1.0027856e-06
6624,6,1.0023681e-06
6625,6,1.0023618e-06
6626,6,1.0027611e-06
6627,6,1.0035032e-06
6628,6,1.0044174e-06
6629,6,1.005349e-06
6630,6,7.85920733516614e-07
6630,7,2.2029406648338588e-07
6631,7,1.0071167e-06
6632,7,1.0075486e-06
6633,7,6.104308970293467e-07
6633,8,4.1871760297065324e-07
6634,8,1.2876905e-07
6635,8,1.3857003e-07
6636,8,1.05858e-07
6637,8,1.0078089e-06
6638,7,8.179153301564696e-07
6638,8,1.2600486984353038e-07
6639,7,1.0007935e-06
6640,6,1.5836344232568013e-07
6640,7,8.447404576743198e-07
6641,6,1.0038823e-06
6642,6,1.0038542e-06
6643,6,1.0033965e-06
6644,6,1.0028217e-06
6645,6,1.0023547e-06
6646,6,1.0020932e-06
6647,6,1.0020886e-06
6648,6,1.0023389e-06
6649,6,1.0027885e-06
6650,6,1.0033392e-06
6651,6,1.0037815e-06
6652,6,1.0038159e-06
6653,6,1.5838123472675167e-07
6653,7,8.447016652732483e-07
6654,7,1.0009652e-06
6655,7,8.185710077890295e-07
6655,8,1.2605451221097055e-07
6656,8,1.0100018e-06
6657,8,1.1199661e-07
6658,8,1.2498409e-07
6659,8,9.7369278e-07
6660,7,9.589048035110724e-07
6660,8,3.224492648892759e-08
6661,7,9.9689024e-07
6662,6,3.1411186880375036e-07
6662,7,6.863581311962497e-07
6663,6,1.0022109e-06
6664,6,1.0027933e-06
6665,6,1.0027313e-06
6666,6,1.0024204e-06
6667,6,1.0021137e-06
6668,6,1.001931e-06
6669,6,1.0019297e-06
6670,6,1.0021103e-06
6671,6,1.0024153e-06
6672,6,1.0027276e-06
6673,6,1.0028021e-06
6674,6,1.0022495e-06
6675,6,3.143102668449281e-07
6675,7,6.863023331550719e-07
6676,7,9.9720287e-07
6677,7,9.595652347160749e-07
6677,8,3.218810528392504e-08
6678,8,9.7485299e-07
6679,8,1.2782986e-07
6680,8,1.2668214e-07
6681,8,9.7447232e-07
6682,7,9.591409550953057e-07
6682,8,3.228795490469437e-08
6683,7,9.9691014e-07
6684,6,3.140183491059656e-07
6684,7,6.863889508940343e-07
6685,6,1.002151e-06
6686,6,1.0027543e-06
6687,6,1.0027145e-06
6688,6,1.0024173e-06
6689,6,1.0021173e-06
6690,6,1.0019381e-06
6691,6,1.00194e-06
6692,6,1.0021249e-06
6693,6,1.0024368e-06
6694,6,1.0027591e-06
6695,6,1.0028431e-06
6696,6,1.0023056e-06
6697,6,3.143250496599059e-07
6697,7,6.86314450340094e-07
6698,7,9.9717325e-07
6699,7,9.59419320820874e-07
6699,8,3.21707791791259e-08
6700,8,9.7445708e-07
6701,8,1.2900652e-07
6702,8,1.2030257e-07
6703,8,1.0101029e-06
6704,7,8.182237140068813e-07
6704,8,1.2621878599311872e-07
6705,7,1.0006231e-06
6706,6,1.5806045375814672e-07
6706,7,8.447589462418533e-07
6707,6,1.0036654e-06
6708,6,1.0037376e-06
6709,6,1.0033516e-06
6710,6,1.0028184e-06
6711,6,1.0023685e-06
6712,6,1.002114e-06
6713,6,1.0021165e-06
6714,6,1.0023795e-06
6715,6,1.0028499e-06
6716,6,1.0034301e-06
6717,6,1.0038898e-06
6718,6,1.0039248e-06
6719,6,1.5844651635119882e-07
6719,7,8.447371836488011e-07
6720,7,1.0009833e-06
6721,7,8.183051640552754e-07
6721,8,1.2593430594472463e-07
6722,8,1.0077688e-06
6723,8,1.2314566e-07
6724,8,6.5375944e-08
6725,8,1.1880036e-07
6726,7,6.094145228224457e-07
6726,8,4.1833377717755426e-07
6727,7,1.0068314e-06
6728,7,1.0067937e-06
6729,6,7.85694812265722e-07
6729,7,2.2041088773427784e-07
6730,6,1.0053648e-06
6731,6,1.0044911e-06
6732,6,1.0035743e-06
6733,6,1.0028172e-06
6734,6,1.0024012e-06
6735,6,1.0024001e-06
6736,6,1.0028176e-06
6737,6,1.0035954e-06
6738,6,1.004578e-06
6739,6,1.0055535e-06
6740,6,7.86229973504328e-07
6740,7,2.2024022649567184e-07
6741,7,1.0074147e-06
6742,7,1.0078987e-06
6743,7,6.108553106512173e-07
6743,8,4.1910018934878285e-07
6744,8,1.1997386e-07
6745,8,1.5756876e-07
6746,8,1.2328541e-07
6747,7,2.455041238794831e-07
6747,8,7.61247076120517e-07
6748,7,1.0135459e-06
6749,7,1.0105385e-06
6750,6,3.01409701123865e-07
6750,7,7.06946798876135e-07
6751,6,1.0070436e-06
6752,6,1.0058513e-06
6753,6,1.0045322e-06
6754,6,1.0033648e-06
6755,6,1.0026741e-06
6756,6,1.0026638e-06
6757,6,1.0033386e-06
6758,6,1.0045115e-06
6759,6,1.0058968e-06
6760,6,1.0072112e-06
6761,6,3.0181378429383355e-07
6761,7,7.069256157061664e-07
6762,7,1.0111948e-06
6763,7,1.0146548e-06
6764,7,2.465025065015102e-07
6764,8,7.627404934984897e-07
6765,8,1.2932291e-07
6766,8,1.1239263e-07
6767,8,1.2394382e-07
6768,8,1.075589e-06
6769,7,6.843757271396321e-07
6769,8,2.8316742286036803e-07
6770,7,1.0113566e-06
6771,7,1.0091502e-06
6772,6,4.5806964255879986e-07
6772,7,5.502893574412002e-07
6773,6,1.0072566e-06
6774,6,1.0055491e-06
6775,6,1.0038036e-06
6776,6,1.0026715e-06
6777,6,1.0026392e-06
6778,6,1.0037042e-06
6779,6,1.005415e-06
6780,6,1.007165e-06
6781,6,4.581254450132784e-07
6781,7,5.502872549867217e-07
6782,7,1.0094699e-06
6783,7,1.0118754e-06
6784,7,6.847707889882537e-07
6784,8,2.8304203101174637e-07
6785,8,1.0760514e-06
6786,8,1.2943185e-07
6787,8,1.15346e-07
6788,7,1.544782417090686e-07
6788,8,9.378632582909314e-07
6789,7,9.154185311854592e-07
6789,8,3.538602881454082e-08
6790,7,1.007795e-06
6791,7,1.0096818e-06
6792,6,3.0198701497310664e-07
6792,7,7.069887850268934e-07
6793,6,7.86444996815514e-07
6793,7,2.2009700318448592e-07
6794,6,1.0038083e-06
6795,6,1.0019763e-06
6796,6,1.0019095e-06
6797,6,1.0035954e-06
6798,6,7.858464286749567e-07
6798,7,2.2035367132504322e-07
6799,6,3.015341896740636e-07
6799,7,7.070597103259364e-07
6800,7,1.0094593e-06
6801,7,1.0080624e-06
6802,7,9.162908096359779e-07
6802,8,3.528593036402218e-08
6803,7,1.5470659082343843e-07
6803,8,9.378036091765616e-07
6804,8,1.2082637e-07
6805,8,1.248931e-07
6806,8,8.4681287e-08
6807,8,1.2441553e-07
6808,7,2.9495346100224055e-07
6808,8,7.584440389977595e-07
6809,7,9.161678742055528e-07
6809,8,3.599752579444724e-08
6810,7,1.0128131e-06
6811,7,1.0118278e-06
6812,7,1.0075947e-06
6813,6,1.5872353241357676e-07
6813,7,8.442489675864232e-07
6814,6,3.1443021118910076e-07
6814,7,6.856559888108993e-07
6815,6,3.1427970417904187e-07
6815,7,6.857075358209582e-07
6816,6,1.5830338705224657e-07
6816,7,8.443252129477533e-07
6817,7,1.0069393e-06
6818,7,1.0109466e-06
6819,7,1.0118744e-06
6820,7,9.161616250282108e-07
6820,8,3.5843554971789204e-08
6821,7,2.961805050626574e-07
6821,8,7.601606949373425e-07
6822,8,1.2090548e-07
6823,8,1.7304061e-07
6824,8,1.3825997e-07
6825,8,1.1426002e-07
6826,7,1.5469427543217515e-07
6826,8,9.401094245678248e-07
6827,7,6.861633125508805e-07
6827,8,2.837742074491195e-07
6828,7,1.0157736e-06
6829,7,1.0082024e-06
6830,7,1.0006184e-06
6831,7,9.9622927e-07
6832,7,9.9612126e-07
6833,7,1.0001778e-06
6834,7,1.0071701e-06
6835,7,1.0141752e-06
6836,7,6.841343811442565e-07
6836,8,2.8339513885574347e-07
6837,7,1.5400359780219436e-07
6837,8,9.375630021978057e-07
6838,8,1.2132372e-07
6839,8,1.2362793e-07
6840,8,7.1235892e-08
6841,8,1.1214667e-07
6842,8,1.2297949e-07
6843,8,1.0811898e-06
6844,7,2.469595700863697e-07
6844,8,7.636089299136303e-07
6845,7,6.113522641803492e-07
6845,8,4.187489358196507e-07
6846,7,8.187110234973422e-07
6846,8,1.2511786650265774e-07
6847,7,9.591884103421223e-07
6847,8,3.0849859657877665e-08
6848,7,9.590901018055015e-07
6848,8,3.090467819449854e-08
6849,7,8.182506788512754e-07
6849,8,1.2521698114872468e-07
6850,7,6.102287375829898e-07
6850,8,4.1843896241701007e-07
6851,7,2.457503711458363e-07
6851,8,7.626093288541638e-07
6852,8,1.0751392e-06
6853,8,1.2003058e-07
6854,8,1.7007485e-07
6855,8,7.1101754e-08
6856,8,7.2903687e-08
6857,8,1.5183269e-07
6858,8,1.3093957e-07
6859,8,1.2887652e-07
6860,8,1.0078098e-06
6861,8,9.7172946e-07
6862,8,9.719545e-07
6863,8,1.0078682e-06
6864,8,1.1993331e-07
6865,8,1.2939033e-07
6866,8,1.2918393e-07
6867,8,1.2231594e-07
6868,8,6.8934111e-08
6869,8,1.3711898e-07
6870,8,1.1171705e-07
6871,8,1.2718901e-07
6872,8,1.2870422e-07
6873,8,1.2287922e-07
6874,8,1.5820623e-07
6875,8,1.1187406e-07
6876,8,1.0243467e-07
6877,8,1.2466633e-07
6878,8,1.262946e-07
6879,8,1.2021885e-07
6880,8,6.5844317e-08
6881,8,7.7671694e-08
6882,8,1.5522216e-07
6883,8,1.2565046e-07
6884,8,1.0100287e-06
6885,8,9.7272193e-07
6886,8,9.726755e-07
6887,8,1.0099634e-06
6888,8,1.1888789e-07
6889,8,1.2444675e-07
6890,8,1.2194899e-07
6891,8,1.4129943e-07
6892,8,1.0791983e-06
6893,7,2.4641007779588106e-07
6893,8,7.63060922204119e-07
6894,7,6.105518287079188e-07
6894,8,4.181966712920811e-07
6895,7,8.192754795337836e-07
6895,8,1.2532935046621643e-07
6896,7,9.599663025337261e-07
6896,8,3.0836777466273855e-08
6897,7,9.600457841178868e-07
6897,8,3.078582588211325e-08
6898,7,8.195969583954113e-07
6898,8,1.2514624160458877e-07
6899,7,6.11570788882075e-07
6899,8,4.184721111179251e-07
6900,7,2.4697893845661176e-07
6900,8,7.633729615433881e-07
6901,8,1.0784289e-06
6902,8,1.1528623e-07
6903,8,9.2134171e-08
6904,8,8.4623022e-08
6905,8,1.2223673e-07
6906,7,1.5439952111952825e-07
6906,8,9.358551788804717e-07
6907,7,6.852754028247138e-07
6907,8,2.8315366717528617e-07
6908,7,1.014782e-06
6909,7,1.0076006e-06
6910,7,1.0008058e-06
6911,7,9.9667584e-07
6912,7,9.9674343e-07
6913,7,1.0010592e-06
6914,7,1.0082925e-06
6915,7,1.0155616e-06
6916,7,6.861392825932536e-07
6916,8,2.831307474067466e-07
6917,7,1.5506972533927048e-07
6917,8,9.394846746607296e-07
6918,8,1.2386542e-07
6919,8,1.3743577e-07
6920,8,1.181436e-07
6921,7,2.9626812689087735e-07
6921,8,7.594810731091227e-07
6922,7,9.16386040925822e-07
6922,8,3.479188907417801e-08
6923,7,1.0119498e-06
6924,7,1.0111934e-06
6925,7,1.0072129e-06
6926,6,1.5908640669517533e-07
6926,7,8.438168933048248e-07
6927,6,3.148965264938499e-07
6927,7,6.853451735061501e-07
6928,6,3.149906692031186e-07
6928,7,6.853058307968814e-07
6929,6,1.5933789917571404e-07
6929,7,8.43736200824286e-07
6930,7,1.0075651e-06
6931,7,1.0115791e-06
6932,7,1.01216e-06
6933,7,9.155469294617232e-07
6933,8,3.523657053827685e-08
6934,7,2.933612861744262e-07
6934,8,7.554441138255737e-07
6935,8,1.1424143e-07
6936,8,1.1689071e-07
6937,8,1.4538188e-07
6938,7,1.5498884586301914e-07
6938,8,9.394045541369809e-07
6939,7,9.173324383133234e-07
6939,8,3.5353831686676524e-08
6940,7,1.0081977e-06
6941,7,1.009507e-06
6942,6,3.0283031641575167e-07
6942,7,7.058137835842484e-07
6943,6,7.870302153601404e-07
6943,7,2.1917908463985967e-07
6944,6,1.0035532e-06
6945,6,1.0018889e-06
6946,6,1.0019158e-06
6947,6,1.0036255e-06
6948,6,7.872437573018198e-07
6948,7,2.190886426981801e-07
6949,6,3.0287561404647653e-07
6949,7,7.058363859535236e-07
6950,7,1.0093105e-06
6951,7,1.0074053e-06
6952,7,9.156169245483717e-07
6952,8,3.544776545162829e-08
6953,7,1.550782033362846e-07
6953,8,9.400196966637153e-07
6954,8,1.2342676e-07
6955,8,7.2773569e-08
6956,8,7.8020253e-08
6957,8,1.0785209e-06
6958,7,6.863568129557325e-07
6958,8,2.831881770442675e-07
6959,7,1.0129009e-06
6960,7,1.0098519e-06
6961,6,4.595065378013069e-07
6961,7,5.489733621986933e-07
6962,6,1.0069788e-06
6963,6,1.0051052e-06
6964,6,1.0033819e-06
6965,6,1.0023605e-06
6966,6,1.0023688e-06
6967,6,1.0033914e-06
6968,6,1.0051009e-06
6969,6,1.0068876e-06
6970,6,4.5911605973398946e-07
6970,7,5.490796402660106e-07
6971,7,1.0092728e-06
6972,7,1.0121202e-06
6973,7,6.861375734127649e-07
6973,8,2.8318628658723504e-07
6974,8,1.0790954e-06
6975,8,1.5105692e-07
6976,8,1.5508709e-07
6977,7,2.4689047935592626e-07
6977,8,7.624637206440737e-07
6978,7,1.0154383e-06
6979,7,1.0118288e-06
6980,6,3.0311680363187697e-07
6980,7,7.05893796368123e-07
6981,6,1.0071199e-06
6982,6,1.0054766e-06
6983,6,1.0040245e-06
6984,6,1.0028911e-06
6985,6,1.0022723e-06
6986,6,1.0022692e-06
6987,6,1.0028748e-06
6988,6,1.0039779e-06
6989,6,1.0053509e-06
6990,6,1.006869e-06
6991,6,3.0267731961536676e-07
6991,7,7.059138803846333e-07
6992,7,1.0112925e-06
6993,7,1.0150241e-06
6994,7,2.468174527809797e-07
6994,8,7.624971472190203e-07
6995,8,1.3104704e-07
6996,8,7.0240646e-08
6997,8,1.2811279e-07
6998,7,6.110644096634044e-07
6998,8,4.1912009033659556e-07
6999,7,1.0082806e-06
7000,7,1.0076951e-06
7001,6,7.873006025763476e-07
7001,7,2.192229974236525e-07
7002,6,1.0052708e-06
7003,6,1.0040777e-06
7004,6,1.0031003e-06
7005,6,1.0023887e-06
7006,6,1.0020068e-06
7007,6,1.0020007e-06
7008,6,1.0023666e-06
7009,6,1.0030496e-06
7010,6,1.0039761e-06
7011,6,1.0050977e-06
7012,6,7.869403163007693e-07
7012,7,2.1932698369923065e-07
7013,7,1.0073625e-06
7014,7,1.0079371e-06
7015,7,6.108278743317173e-07
7015,8,4.187838256682826e-07
7016,8,1.288001e-07
7017,8,1.3445305e-07
7018,8,1.0247152e-07
7019,8,1.0080465e-06
7020,7,8.18282410835121e-07
7020,8,1.2602072916487892e-07
7021,7,1.0010727e-06
7022,6,1.5890596150125692e-07
7022,7,8.44326138498743e-07
7023,6,1.0038071e-06
7024,6,1.0035371e-06
7025,6,1.0029715e-06
7026,6,1.00242e-06
7027,6,1.0019884e-06
7028,6,1.0017504e-06
7029,6,1.0017456e-06
7030,6,1.0019727e-06
7031,6,1.0023887e-06
7032,6,1.0029184e-06
7033,6,1.0034651e-06
7034,6,1.0037377e-06
7035,6,1.5891051842022637e-07
7035,7,8.442841815797736e-07
7036,7,1.0011881e-06
7037,7,8.187448964560367e-07
7037,8,1.2602457354396337e-07
7038,8,1.0092978e-06
7039,8,1.1201198e-07
7040,8,1.2512289e-07
7041,8,9.7384362e-07
7042,7,9.591377880871749e-07
7042,8,3.226051191282501e-08
7043,7,9.97092e-07
7044,6,3.144779563559289e-07
7044,7,6.860640436440711e-07
7045,6,1.0020973e-06
7046,6,1.0025001e-06
7047,6,1.0023578e-06
7048,6,1.002053e-06
7049,6,1.0017683e-06
7050,6,1.0016023e-06
7051,6,1.0016006e-06
7052,6,1.001763e-06
7053,6,1.0020451e-06
7054,6,1.0023502e-06
7055,6,1.0025008e-06
7056,6,1.0021229e-06
7057,6,3.1464394388611486e-07
7057,7,6.860117561138852e-07
7058,7,9.9735605e-07
7059,7,9.597053003227366e-07
7059,8,3.2229839677263454e-08
7060,8,9.7499353e-07
7061,8,1.2783685e-07
7062,8,1.2646032e-07
7063,8,9.7481833e-07
7064,7,9.594701176737995e-07
7064,8,3.231084232620043e-08
7065,7,9.9714472e-07
7066,6,3.1439615575040913e-07
7066,7,6.860988442495909e-07
7067,6,1.0020509e-06
7068,6,1.0024703e-06
7069,6,1.0023455e-06
7070,6,1.0020515e-06
7071,6,1.0017722e-06
7072,6,1.0016086e-06
7073,6,1.0016093e-06
7074,6,1.0017758e-06
7075,6,1.0020638e-06
7076,6,1.0023774e-06
7077,6,1.0025375e-06
7078,6,1.0021741e-06
7079,6,3.1466447854393473e-07
7079,7,6.860206214560652e-07
7080,7,9.9734042e-07
7081,7,9.595982094165162e-07
7081,8,3.2194110583483826e-08
7082,8,9.7442139e-07
7083,8,1.2905326e-07
7084,8,1.1981806e-07
7085,8,1.013377e-06
7086,7,8.188953934468471e-07
7086,8,1.2640496655315292e-07
7087,7,1.0009808e-06
7088,6,1.5863063475622298e-07
7088,7,8.443576652437771e-07
7089,6,1.0036252e-06
7090,6,1.003445e-06
7091,6,1.0029396e-06
7092,6,1.00242e-06
7093,6,1.0020019e-06
7094,6,1.0017693e-06
7095,6,1.0017705e-06
7096,6,1.0020089e-06
7097,6,1.0024435e-06
7098,6,1.0029992e-06
7099,6,1.0035668e-06
7100,6,1.0038426e-06
7101,6,1.589842732652257e-07
7101,7,8.443228267347742e-07
7102,7,1.001273e-06
7103,7,8.187678878519458e-07
7103,8,1.2600178214805426e-07
7104,8,1.0091735e-06
7105,8,1.2304882e-07
7106,8,6.7266491e-08
7107,8,1.1917696e-07
7108,7,6.093700624159359e-07
7108,8,4.178366375840642e-07
7109,7,1.0071148e-06
7110,7,1.0070595e-06
7111,6,7.867334159012982e-07
7111,7,2.1945208409870166e-07
7112,6,1.0051285e-06
7113,6,1.0040498e-06
7114,6,1.0031159e-06
7115,6,1.0024184e-06
7116,6,1.0020376e-06
7117,6,1.0020359e-06
7118,6,1.0024178e-06
7119,6,1.0031323e-06
7120,6,1.0041161e-06
7121,6,1.0052811e-06
7122,6,7.872138008191418e-07
7122,7,2.1928619918085816e-07
7123,7,1.0076456e-06
7124,7,1.0082845e-06
7125,7,6.112233115292653e-07
7125,8,4.1904308847073475e-07
7126,8,1.2001179e-07
7127,8,1.5801907e-07
7128,8,1.2341316e-07
7129,7,2.458658568448718e-07
7129,8,7.610689431551283e-07
7130,7,1.0141855e-06
7131,7,1.0110293e-06
7132,6,3.0258416292452684e-07
7132,7,7.060244370754732e-07
7133,6,1.0069935e-06
7134,6,1.0054945e-06
7135,6,1.0040811e-06
7136,6,1.0029469e-06
7137,6,1.0023099e-06
7138,6,1.0022998e-06
7139,6,1.002922e-06
7140,6,1.0040584e-06
7141,6,1.0055222e-06
7142,6,1.0071235e-06
7143,6,3.029444273249754e-07
7143,7,7.059722726750246e-07
7144,7,1.0115637e-06
7145,7,1.0151876e-06
7146,7,2.468745783745307e-07
7146,8,7.632120216254693e-07
7147,8,1.2994346e-07
7148,8,1.1488884e-07
7149,8,1.2185501e-07
7150,8,1.0787068e-06
7151,7,6.856287389741862e-07
7151,8,2.83154431025814e-07
7152,7,1.0120476e-06
7153,7,1.0095228e-06
7154,6,4.592907961993288e-07
7154,7,5.492236038006713e-07
7155,6,1.0071526e-06
7156,6,1.0052651e-06
7157,6,1.0034803e-06
7158,6,1.0023887e-06
7159,6,1.0023629e-06
7160,6,1.0034056e-06
7161,6,1.0051615e-06
7162,6,1.0070841e-06
7163,6,4.5937736168927156e-07
7163,7,5.491942383107285e-07
7164,7,1.009762e-06
7165,7,1.0123084e-06
7166,7,6.854241510559056e-07
7166,8,2.828040789440944e-07
7167,8,1.0747293e-06
7168,8,1.2883381e-07
7169,8,1.1567108e-07
7170,7,1.5498551182167684e-07
7170,8,9.386463881783232e-07
7171,7,9.161114113896584e-07
7171,8,3.5131258610341516e-08
7172,7,1.0081242e-06
7173,7,1.0099106e-06
7174,6,3.0303825878277134e-07
7174,7,7.060493412172286e-07
7175,6,7.873404278050721e-07
7175,7,2.1918137219492778e-07
7176,6,1.0037051e-06
7177,6,1.0018658e-06
7178,6,1.0018131e-06
7179,6,1.0035406e-06
7180,6,7.868572701511814e-07
7180,7,2.1940002984881846e-07
7181,6,3.026894933403626e-07
7181,7,7.061180066596375e-07
7182,7,1.0098149e-06
7183,7,1.0084822e-06
7184,7,9.169965182862527e-07
7184,8,3.495372171374728e-08
7185,7,1.550880933754216e-07
7185,8,9.379987066245783e-07
7186,8,1.1989663e-07
7187,8,1.1919703e-07
7188,8,8.5901919e-08
7189,8,1.2405943e-07
7190,7,2.9475427888921346e-07
7190,8,7.578167211107865e-07
7191,7,9.16598665292289e-07
7191,8,3.569611470771093e-08
7192,7,1.0130851e-06
7193,7,1.012009e-06
7194,7,1.0076889e-06
7195,6,1.5918900546126233e-07
7195,7,8.438389945387376e-07
7196,6,3.147399316779353e-07
7196,7,6.853943683220647e-07
7197,6,3.146141766861963e-07
7197,7,6.854434233138038e-07
7198,6,1.5883628336451536e-07
7198,7,8.439263166354846e-07
7199,7,1.0071732e-06
7200,7,1.011366e-06
7201,7,1.0125028e-06
7202,7,9.170772129284799e-07
7202,8,3.558839707152002e-08
7203,7,2.9633217291241155e-07
7203,8,7.599029270875884e-07
7204,8,1.2111524e-07
7205,8,1.7349036e-07
7206,8,1.3824564e-07
7207,8,1.1459736e-07
7208,7,1.5484646964483146e-07
7208,8,9.399117303551686e-07
7209,7,6.866762739115745e-07
7209,8,2.8354776608842555e-07
7210,7,1.0158209e-06
7211,7,1.0082554e-06
7212,7,1.0007334e-06
7213,7,9.9637493e-07
7214,7,9.9629958e-07
7215,7,1.0004227e-06
7216,7,1.0074199e-06
7217,7,1.0147131e-06
7218,7,6.852293818772696e-07
7218,8,2.833057481227304e-07
7219,7,1.5468170012647492e-07
7219,8,9.38915599873525e-07
7220,8,1.2160002e-07
7221,8,1.2359297e-07
7222,8,7.1608753e-08
7223,8,1.1684511e-07
7224,8,1.2272078e-07
7225,8,1.080654e-06
7226,7,2.4690970075044795e-07
7226,8,7.629173992495522e-07
7227,7,6.11296658236904e-07
7227,8,4.184839417630961e-07
7228,7,8.188126367000199e-07
7228,8,1.250796532999801e-07
7229,7,9.593369743743593e-07
7229,8,3.0878245625640725e-08
7230,7,9.59291304668595e-07
7230,8,3.092772533140518e-08
7231,7,8.185789154319971e-07
7231,8,1.2524762456800282e-07
7232,7,6.102274099092427e-07
7232,8,4.1815469009075735e-07
7233,7,2.4599349514080993e-07
7233,8,7.626378048591901e-07
7234,8,1.0762679e-06
7235,8,1.2058524e-07
7236,8,1.718633e-07
7237,8,7.174694e-08
7238,8,7.3318052e-08
7239,8,1.5138273e-07
7240,8,1.3079366e-07
7241,8,1.287803e-07
7242,8,1.0076946e-06
7243,8,9.7197564e-07
7244,8,9.721057e-07
7245,8,1.0082049e-06
7246,8,1.1979159e-07
7247,8,1.2900292e-07
7248,8,1.2921483e-07
7249,8,1.2855081e-07
7250,8,6.9440608e-08
7251,8,1.369841e-07
7252,8,1.1164732e-07
7253,8,1.2739222e-07
7254,8,1.2872352e-07
7255,8,1.2271366e-07
7256,8,1.5769662e-07
7257,8,1.112526e-07
7258,8,1.0437148e-07
7259,8,1.2492694e-07
7260,8,1.26195e-07
7261,8,1.1886591e-07
7262,8,6.6251681e-08
7263,8,7.6344241e-08
7264,8,1.5567316e-07
7265,8,1.2643732e-07
7266,8,1.0101982e-06
7267,8,9.7291217e-07
7268,8,9.7266033e-07
7269,8,1.009552e-06
7270,8,1.1907001e-07
7271,8,1.2314664e-07
7272,8,1.2196799e-07
7273,8,1.4283404e-07
7274,8,1.0788483e-06
7275,7,2.469818310978429e-07
7275,8,7.62867468902157e-07
7276,7,6.112699124200527e-07
7276,8,4.1830118757994736e-07
7277,7,8.195927351006634e-07
7277,8,1.2539986489933666e-07
7278,7,9.60030899401338e-07
7278,8,3.108014059866197e-08
7279,7,9.600530876385922e-07
7279,8,3.102673236140764e-08
7280,7,8.198034730481797e-07
7280,8,1.2522029695182023e-07
7281,7,6.121957901005912e-07
7281,8,4.1859220989940887e-07
7282,7,2.476148721123884e-07
7282,8,7.632980278876115e-07
7283,8,1.0811756e-06
7284,8,1.1626603e-07
7285,8,9.1622103e-08
7286,8,8.3229901e-08
7287,8,1.2069072e-07
7288,7,1.5552418905349e-07
7288,8,9.3806701094651e-07
7289,7,6.869418167842745e-07
7289,8,2.827347832157255e-07
7290,7,1.015594e-06
7291,7,1.0081681e-06
7292,7,1.0011452e-06
7293,7,9.9690342e-07
7294,7,9.9694014e-07
7295,7,1.0013454e-06
7296,7,1.0088231e-06
7297,7,1.0164526e-06
7298,7,6.879171984687355e-07
7298,8,2.8288620153126436e-07
7299,7,1.5599444994074227e-07
7299,8,9.402211500592578e-07
7300,8,1.2406275e-07
7301,8,1.3857711e-07
7302,8,1.1773941e-07
7303,7,2.9607137574012467e-07
7303,8,7.583973242598753e-07
7304,7,9.179184531153849e-07
7304,8,3.4295916884615076e-08
7305,7,1.0128111e-06
7306,7,1.0117301e-06
7307,7,1.0074543e-06
7308,6,1.5988077093380696e-07
7308,7,8.430919290661931e-07
7309,6,3.1526085600057907e-07
7309,7,6.850011439994209e-07
7310,6,3.153394769569524e-07
7310,7,6.849593230430476e-07
7311,6,1.601014453227992e-07
7311,7,8.430111546772008e-07
7312,7,1.0077761e-06
7313,7,1.0121461e-06
7314,7,1.0131474e-06
7315,7,9.173653476716614e-07
7315,8,3.453268232833859e-08
7316,7,2.9414530550942037e-07
7316,8,7.557102944905797e-07
7317,8,1.1394425e-07
7318,8,1.1384006e-07
7319,8,1.459063e-07
7320,7,1.5579729223470992e-07
7320,8,9.3973900776529e-07
7321,7,9.185525406368303e-07
7321,8,3.471806936316979e-08
7322,7,1.0088237e-06
7323,7,1.0098621e-06
7324,6,3.0469673015068067e-07
7324,7,7.039026698493193e-07
7325,6,7.883780974652094e-07
7325,7,2.1751070253479048e-07
7326,6,1.0032315e-06
7327,6,1.0016473e-06
7328,6,1.0016675e-06
7329,6,1.0032943e-06
7330,6,7.885878419414125e-07
7330,7,2.174121580585875e-07
7331,6,3.047906392643539e-07
7331,7,7.039012607356461e-07
7332,7,1.0097627e-06
7333,7,1.0082149e-06
7334,7,9.171952738291326e-07
7334,8,3.48187961708673e-08
7335,7,1.5557102707078377e-07
7335,8,9.398450729292163e-07
7336,8,1.2343397e-07
7337,8,7.2824582e-08
7338,8,7.5570625e-08
7339,8,1.0796713e-06
7340,7,6.878611086061118e-07
7340,8,2.827418613938883e-07
7341,7,1.0135879e-06
7342,7,1.0101549e-06
7343,6,4.6138763484896717e-07
7343,7,5.468568651510328e-07
7344,6,1.0063915e-06
7345,6,1.0044656e-06
7346,6,1.0028592e-06
7347,6,1.0019554e-06
7348,6,1.0019605e-06
7349,6,1.0028696e-06
7350,6,1.0044665e-06
7351,6,1.0063336e-06
7352,6,4.6111139744780574e-07
7352,7,5.469170025521943e-07
7353,7,1.0096604e-06
7354,7,1.0128331e-06
7355,7,6.874036567922553e-07
7355,8,2.8263519320774465e-07
7356,8,1.079302e-06
7357,8,1.5082551e-07
7358,8,1.5554669e-07
7359,7,2.4766961431740725e-07
7359,8,7.630004856825928e-07
7360,7,1.0163471e-06
7361,7,1.012303e-06
7362,6,3.04954540906158e-07
7362,7,7.039517590938419e-07
7363,6,1.0064987e-06
7364,6,1.0047214e-06
7365,6,1.0033646e-06
7366,6,1.0023693e-06
7367,6,1.0018315e-06
7368,6,1.0018285e-06
7369,6,1.0023559e-06
7370,6,1.0033267e-06
7371,6,1.0046247e-06
7372,6,1.0062939e-06
7373,6,3.0458963832700587e-07
7373,7,7.039460616729942e-07
7374,7,1.0117401e-06
7375,7,1.0156151e-06
7376,7,2.471953612628024e-07
7376,8,7.620982387371977e-07
7377,8,1.3042963e-07
7378,8,6.8445684e-08
7379,8,1.2775084e-07
7380,7,6.117922617191791e-07
7380,8,4.190937382808208e-07
7381,7,1.0088441e-06
7382,7,1.0078922e-06
7383,6,7.886248317436717e-07
7383,7,2.1752696825632848e-07
7384,6,1.0045969e-06
7385,6,1.0034115e-06
7386,6,1.0025321e-06
7387,6,1.0019139e-06
7388,6,1.0015863e-06
7389,6,1.0015809e-06
7390,6,1.001895e-06
7391,6,1.0024909e-06
7392,6,1.0033302e-06
7393,6,1.0044538e-06
7394,6,7.883180474274505e-07
7394,7,2.1760735257254954e-07
7395,7,1.0075564e-06
7396,7,1.0083832e-06
7397,7,6.112975423733207e-07
7397,8,4.1861965762667934e-07
7398,8,1.287213e-07
7399,8,1.3751903e-07
7400,8,1.0381591e-07
7401,8,1.0095395e-06
7402,7,8.189119321926756e-07
7402,8,1.2611884780732438e-07
7403,7,1.0014878e-06
7404,6,1.5976246350306916e-07
7404,7,8.435261364969308e-07
7405,6,1.003452e-06
7406,6,1.0029885e-06
7407,6,1.0024353e-06
7408,6,1.001939e-06
7409,6,1.0015664e-06
7410,6,1.0013643e-06
7411,6,1.0013601e-06
7412,6,1.0015524e-06
7413,6,1.0019118e-06
7414,6,1.0023897e-06
7415,6,1.0029224e-06
7416,6,1.0033768e-06
7417,6,1.5974320253560505e-07
7417,7,8.434872974643951e-07
7418,7,1.0015565e-06
7419,7,8.193512893811104e-07
7419,8,1.2618856061888964e-07
7420,8,1.0114034e-06
7421,8,1.1237218e-07
7422,8,1.2502985e-07
7423,8,9.7413463e-07
7424,7,9.59397730149599e-07
7424,8,3.242163985040104e-08
7425,7,9.9736704e-07
7426,6,3.149436072299862e-07
7426,7,6.856180927700138e-07
7427,6,1.0018341e-06
7428,6,1.0020722e-06
7429,6,1.0019016e-06
7430,6,1.0016237e-06
7431,6,1.0013789e-06
7432,6,1.0012391e-06
7433,6,1.0012372e-06
7434,6,1.0013734e-06
7435,6,1.0016147e-06
7436,6,1.0018918e-06
7437,6,1.0020684e-06
7438,6,1.0018495e-06
7439,6,3.1506266910154544e-07
7439,7,6.855817308984545e-07
7440,7,9.9758922e-07
7441,7,9.599103848495157e-07
7441,8,3.240646515048414e-08
7442,8,9.7522317e-07
7443,8,1.2782993e-07
7444,8,1.26389e-07
7445,8,9.7511756e-07
7446,7,9.596677782105308e-07
7446,8,3.246521178946936e-08
7447,7,9.9740428e-07
7448,6,3.148784785884448e-07
7448,7,6.856480214115552e-07
7449,6,1.0018013e-06
7450,6,1.0020521e-06
7451,6,1.0018938e-06
7452,6,1.0016233e-06
7453,6,1.0013821e-06
7454,6,1.0012443e-06
7455,6,1.0012443e-06
7456,6,1.0013837e-06
7457,6,1.0016303e-06
7458,6,1.0019141e-06
7459,6,1.0020984e-06
7460,6,1.0018907e-06
7461,6,3.150843607145388e-07
7461,7,6.855923392854611e-07
7462,7,9.9758594e-07
7463,7,9.598191931703686e-07
7463,8,3.23915968296314e-08
7464,8,9.7483334e-07
7465,8,1.2892464e-07
7466,8,1.2021276e-07
7467,8,1.0132665e-06
7468,7,8.192993222606788e-07
7468,8,1.2639684773932113e-07
7469,7,1.0013827e-06
7470,6,1.5954446591742732e-07
7470,7,8.435589340825727e-07
7471,6,1.0033243e-06
7472,6,1.0029264e-06
7473,6,1.0024161e-06
7474,6,1.0019417e-06
7475,6,1.0015783e-06
7476,6,1.0013805e-06
7477,6,1.0013811e-06
7478,6,1.0015822e-06
7479,6,1.0019565e-06
7480,6,1.0024554e-06
7481,6,1.0030102e-06
7482,6,1.0034806e-06
7483,6,1.5981650286070986e-07
7483,7,8.435360971392901e-07
7484,7,1.0016568e-06
7485,7,8.193449233571576e-07
7485,8,1.261793866428424e-07
7486,8,1.0109437e-06
7487,8,1.2327363e-07
7488,8,6.6722314e-08
7489,8,1.1893757e-07
7490,7,6.102003305166432e-07
7490,8,4.1784256948335675e-07
7491,7,1.0078465e-06
7492,7,1.0074097e-06
7493,6,7.881931914177227e-07
7493,7,2.1772330858227724e-07
7494,6,1.0045049e-06
7495,6,1.0033976e-06
7496,6,1.0025504e-06
7497,6,1.0019403e-06
7498,6,1.0016132e-06
7499,6,1.0016116e-06
7500,6,1.0019385e-06
7501,6,1.002559e-06
7502,6,1.0034383e-06
7503,6,1.0046096e-06
7504,6,7.885569827061615e-07
7504,7,2.1757921729383852e-07
7505,7,1.007839e-06
7506,7,1.0087492e-06
7507,7,6.116417132761247e-07
7507,8,4.1886948672387545e-07
7508,8,1.2007807e-07
7509,8,1.5938965e-07
7510,8,1.2276498e-07
7511,7,2.470399402897293e-07
7511,8,7.620302597102706e-07
7512,7,1.0154949e-06
7513,7,1.0117521e-06
7514,6,3.045309326081941e-07
7514,7,7.041001673918058e-07
7515,6,1.0064254e-06
7516,6,1.0047473e-06
7517,6,1.0034197e-06
7518,6,1.0024181e-06
7519,6,1.0018657e-06
7520,6,1.0018583e-06
7521,6,1.0023991e-06
7522,6,1.0034023e-06
7523,6,1.0047624e-06
7524,6,1.0065144e-06
7525,6,3.0481939937947017e-07
7525,7,7.0401810062053e-07
7526,7,1.0120829e-06
7527,7,1.0159708e-06
7528,7,2.4733821520260147e-07
7528,8,7.625732847973986e-07
7529,8,1.2921336e-07
7530,8,1.1135052e-07
7531,8,1.2417273e-07
7532,8,1.0816049e-06
7533,7,6.875889119947864e-07
7533,8,2.8292272800521353e-07
7534,7,1.013013e-06
7535,7,1.0099183e-06
7536,6,4.611799051043763e-07
7536,7,5.470989948956238e-07
7537,6,1.0065277e-06
7538,6,1.004593e-06
7539,6,1.0029394e-06
7540,6,1.0019854e-06
7541,6,1.001967e-06
7542,6,1.0028861e-06
7543,6,1.0045198e-06
7544,6,1.006479e-06
7545,6,4.6128558246897725e-07
7545,7,5.470431175310228e-07
7546,7,1.0100881e-06
7547,7,1.0132149e-06
7548,7,6.874459294555056e-07
7548,8,2.825577005444946e-07
7549,8,1.0783403e-06
7550,8,1.2924457e-07
7551,8,1.1597345e-07
7552,7,1.5569309685625822e-07
7552,8,9.394148031437418e-07
7553,7,9.174809143801976e-07
7553,8,3.46006256198024e-08
7554,7,1.0086976e-06
7555,7,1.0101744e-06
7556,6,3.048204392029191e-07
7556,7,7.041262607970809e-07
7557,6,7.885991103886529e-07
7557,7,2.1753178961134722e-07
7558,6,1.0033461e-06
7559,6,1.0016413e-06
7560,6,1.0016057e-06
7561,6,1.0032361e-06
7562,6,7.882760172464519e-07
7562,7,2.1767798275354808e-07
7563,6,3.046063947226911e-07
7563,7,7.041647052773089e-07
7564,7,1.0101363e-06
7565,7,1.0090238e-06
7566,7,9.183444202039574e-07
7566,8,3.446375979604263e-08
7567,7,1.5609741263885857e-07
7567,8,9.397736873611413e-07
7568,8,1.2094658e-07
7569,8,1.2642888e-07
7570,8,9.2246677e-08
7571,8,1.2374277e-07
7572,7,2.9466461875313086e-07
7572,8,7.568737812468691e-07
7573,7,9.177946781454456e-07
7573,8,3.508447185455435e-08
7574,7,1.0137185e-06
7575,7,1.0123861e-06
7576,7,1.0078289e-06
7577,6,1.5994921420085007e-07
7577,7,8.431151857991499e-07
7578,6,3.151330753841709e-07
7578,7,6.850497246158291e-07
7579,6,3.1504353304822915e-07
7579,7,6.850884669517708e-07
7580,6,1.5970072838283608e-07
7580,7,8.43188671617164e-07
7581,7,1.0074767e-06
7582,7,1.0119788e-06
7583,7,1.013347e-06
7584,7,9.183123066942728e-07
7584,8,3.497816330572715e-08
7585,7,2.9572154363307543e-07
7585,8,7.581183563669246e-07
7586,8,1.2111154e-07
7587,8,1.7299279e-07
7588,8,1.375244e-07
7589,8,1.1426537e-07
7590,7,1.5557854532877693e-07
7590,8,9.40550054671223e-07
7591,7,6.881088182915301e-07
7591,8,2.831764617084699e-07
7592,7,1.0164777e-06
7593,7,1.0086877e-06
7594,7,1.0010777e-06
7595,7,9.9666361e-07
7596,7,9.9662581e-07
7597,7,1.0009043e-06
7598,7,1.0080711e-06
7599,7,1.0158074e-06
7600,7,6.871533551461682e-07
7600,8,2.830354948538318e-07
7601,7,1.5569666503804538e-07
7601,8,9.407766349619546e-07
7602,8,1.2122939e-07
7603,8,1.2338961e-07
7604,8,7.1743587e-08
7605,8,1.1416899e-07
7606,8,1.2293162e-07
7607,8,1.082532e-06
7608,7,2.474821597447117e-07
7608,8,7.629613402552882e-07
7609,7,6.118463255362721e-07
7609,8,4.18533874463728e-07
7610,7,8.192075232844024e-07
7610,8,1.251981367155976e-07
7611,7,9.59535992416022e-07
7611,8,3.1112487583978065e-08
7612,7,9.595560803105613e-07
7612,8,3.1160449689438765e-08
7613,7,8.192501888568412e-07
7613,8,1.2545730114315872e-07
7614,7,6.109129738978014e-07
7614,8,4.1803972610219856e-07
7615,7,2.468980960205259e-07
7615,8,7.628414039794741e-07
7616,8,1.079314e-06
7617,8,1.2114256e-07
7618,8,1.7491483e-07
7619,8,7.113531e-08
7620,8,7.2973191e-08
7621,8,1.5087393e-07
7622,8,1.3053424e-07
7623,8,1.2875341e-07
7624,8,1.0083347e-06
7625,8,9.7232828e-07
7626,8,9.7263833e-07
7627,8,1.0106434e-06
7628,8,1.1992524e-07
7629,8,1.2894026e-07
7630,8,1.295931e-07
7631,8,1.2570951e-07
7632,8,6.7676617e-08
7633,8,1.3730534e-07
7634,8,1.1216873e-07
7635,8,1.2732166e-07
7636,8,1.2882106e-07
7637,8,1.2299991e-07
7638,8,1.6194934e-07
7639,8,1.1329454e-07
7640,8,1.0260722e-07
7641,8,1.2502104e-07
7642,8,1.2644727e-07
7643,8,1.1978839e-07
7644,8,6.5108879e-08
7645,8,7.5073033e-08
7646,8,1.5700521e-07
7647,8,1.2633182e-07
7648,8,1.0117007e-06
7649,8,9.7370041e-07
7650,8,9.7359423e-07
7651,8,1.0106684e-06
7652,8,1.1914153e-07
7653,8,1.232237e-07
7654,8,1.2306919e-07
7655,8,1.4600418e-07
7656,8,1.0798739e-06
7657,7,2.4851213647057917e-07
7657,8,7.635770635294208e-07
7658,7,6.129375588007755e-07
7658,8,4.1872014119922465e-07
7659,7,8.202514091607025e-07
7659,8,1.258188108392975e-07
7660,7,9.598700839525069e-07
7660,8,3.1869926047493193e-08
7661,7,9.59841435925834e-07
7661,8,3.184360407416577e-08
7662,7,8.202026765863492e-07
7662,8,1.2566500341365075e-07
7663,7,6.135610291201786e-07
7663,8,4.189391708798213e-07
7664,7,2.4923798891604515e-07
7664,8,7.64186111083955e-07
7665,8,1.0854044e-06
7666,8,1.1567966e-07
7667,8,9.1946016e-08
7668,8,8.3307654e-08
7669,8,1.180536e-07
7670,7,1.5726894255525334e-07
7670,8,9.414141574447467e-07
7671,7,6.901080119620298e-07
7671,8,2.8178524803797027e-07
7672,7,1.0170123e-06
7673,7,1.0090096e-06
7674,7,1.0016183e-06
7675,7,9.9728889e-07
7676,7,9.9729368e-07
7677,7,1.0017053e-06
7678,7,1.0095128e-06
7679,7,1.0179568e-06
7680,7,6.913022546986036e-07
7680,8,2.8224217530139647e-07
7681,7,1.5748072246501204e-07
7681,8,9.41722077534988e-07
7682,8,1.244272e-07
7683,8,1.3836914e-07
7684,8,1.1719177e-07
7685,7,2.9603527503848167e-07
7685,8,7.573967249615183e-07
7686,7,9.208580193024383e-07
7686,8,3.3395320697561746e-08
7687,7,1.0138248e-06
7688,7,1.0117613e-06
7689,7,1.0070652e-06
7690,6,1.6099565826424932e-07
7690,7,8.417309417357507e-07
7691,6,3.156601167802588e-07
7691,7,6.845655832197412e-07
7692,6,3.1571179715915677e-07
7692,7,6.845318028408432e-07
7693,6,1.6114960117301192e-07
7693,7,8.41666498826988e-07
7694,7,1.0073262e-06
7695,7,1.01221e-06
7696,7,1.0143506e-06
7697,7,9.207433123474141e-07
7697,8,3.346046765258595e-08
7698,7,2.9566240110258026e-07
7698,8,7.573107988974198e-07
7699,8,1.1424019e-07
7700,8,1.1309128e-07
7701,8,1.460043e-07
7702,7,1.5741768846403508e-07
7702,8,9.419950115359648e-07
7703,7,9.212744023975055e-07
7703,8,3.366881760249443e-08
7704,7,1.0095101e-06
7705,7,1.009545e-06
7706,6,3.0727804512663067e-07
7706,7,7.003899548733694e-07
7707,6,7.899346591701899e-07
7707,7,2.1501194082981013e-07
7708,6,1.0025965e-06
7709,6,1.0012634e-06
7710,6,1.0012745e-06
7711,6,1.0026408e-06
7712,6,7.901107556829014e-07
7712,7,2.149322443170987e-07
7713,6,3.073904476757427e-07
7713,7,7.003939523242573e-07
7714,7,1.0095626e-06
7715,7,1.0091869e-06
7716,7,9.205340006793674e-07
7716,8,3.374462932063265e-08
7717,7,1.5705773793661346e-07
7717,8,9.414294620633866e-07
7718,8,1.2349948e-07
7719,8,7.3331654e-08
7720,8,7.8369011e-08
7721,8,1.0854282e-06
7722,7,6.912347611848351e-07
7722,8,2.819829988151648e-07
7723,7,1.0145103e-06
7724,7,1.009785e-06
7725,6,4.6379920677878855e-07
7725,7,5.433767932212115e-07
7726,6,1.0052107e-06
7727,6,1.0035064e-06
7728,6,1.0021764e-06
7729,6,1.0014428e-06
7730,6,1.0014448e-06
7731,6,1.0021835e-06
7732,6,1.0035135e-06
7733,6,1.0051844e-06
7734,6,4.6363901094508876e-07
7734,7,5.434016890549114e-07
7735,7,1.0094259e-06
7736,7,1.0138434e-06
7737,7,6.903972017243308e-07
7737,8,2.8173421827566917e-07
7738,8,1.082434e-06
7739,8,1.5182059e-07
7740,8,1.5588552e-07
7741,7,2.493950959858131e-07
7741,8,7.638145040141868e-07
7742,7,1.0177619e-06
7743,7,1.0122381e-06
7744,6,3.074887968226644e-07
7744,7,7.004096031773357e-07
7745,6,1.0052877e-06
7746,6,1.0036842e-06
7747,6,1.0025431e-06
7748,6,1.0017439e-06
7749,6,1.0013204e-06
7750,6,1.0013175e-06
7751,6,1.0017334e-06
7752,6,1.0025163e-06
7753,6,1.0036177e-06
7754,6,1.0051394e-06
7755,6,3.072162032275829e-07
7755,7,7.003916967724171e-07
7756,7,1.0117131e-06
7757,7,1.0168132e-06
7758,7,2.486207845988423e-07
7758,8,7.624068154011578e-07
7759,8,1.3061273e-07
7760,8,6.993156e-08
7761,8,1.2733994e-07
7762,7,6.130706824005644e-07
7762,8,4.189771175994356e-07
7763,7,1.0094392e-06
7764,7,1.0073788e-06
7765,6,7.901323603712669e-07
7765,7,2.1500253962873327e-07
7766,6,1.0035994e-06
7767,6,1.0025765e-06
7768,6,1.0018607e-06
7769,6,1.0013774e-06
7770,6,1.0011267e-06
7771,6,1.0011229e-06
7772,6,1.0013634e-06
7773,6,1.0018304e-06
7774,6,1.0025177e-06
7775,6,1.0034932e-06
7776,6,7.898954962948714e-07
7776,7,2.150621037051287e-07
7777,7,1.0070933e-06
7778,7,1.008984e-06
7779,7,6.126024684089968e-07
7779,8,4.1867333159100325e-07
7780,8,1.2869683e-07
7781,8,1.3649158e-07
7782,8,1.024251e-07
7783,8,1.0110662e-06
7784,7,8.19700202568879e-07
7784,8,1.2644703743112095e-07
7785,7,1.0019098e-06
7786,6,1.6092742355711855e-07
7786,7,8.420389764428815e-07
7787,6,1.0027546e-06
7788,6,1.0022679e-06
7789,6,1.0017904e-06
7790,6,1.0013958e-06
7791,6,1.0011113e-06
7792,6,1.0009605e-06
7793,6,1.0009572e-06
7794,6,1.0011006e-06
7795,6,1.001375e-06
7796,6,1.0017562e-06
7797,6,1.0022165e-06
7798,6,1.002688e-06
7799,6,1.6089221274149548e-07
7799,7,8.420150872585045e-07
7800,7,1.0019546e-06
7801,7,8.200700974888957e-07
7801,8,1.265273225111043e-07
7802,8,1.0126364e-06
7803,8,1.1267564e-07
7804,8,1.2497719e-07
7805,8,9.7494196e-07
7806,7,9.593683713159384e-07
7806,8,3.306022868406163e-08
7807,7,9.9770915e-07
7808,6,3.154439917373057e-07
7808,7,6.850271082626943e-07
7809,6,1.001407e-06
7810,6,1.0015288e-06
7811,6,1.0013711e-06
7812,6,1.0011539e-06
7813,6,1.000971e-06
7814,6,1.0008686e-06
7815,6,1.0008667e-06
7816,6,1.0009662e-06
7817,6,1.0011465e-06
7818,6,1.0013621e-06
7819,6,1.001522e-06
7820,6,1.0014144e-06
7821,6,3.155181800296498e-07
7821,7,6.850061199703503e-07
7822,7,9.9788474e-07
7823,7,9.598217809407545e-07
7823,8,3.306074905924557e-08
7824,8,9.7589262e-07
7825,8,1.2788145e-07
7826,8,1.2647783e-07
7827,8,9.7519848e-07
7828,7,9.593950179099265e-07
7828,8,3.3082192090073536e-08
7829,7,9.9769768e-07
7830,6,3.153942869707399e-07
7830,7,6.8505111302926e-07
7831,6,1.0013868e-06
7832,6,1.0015179e-06
7833,6,1.0013677e-06
7834,6,1.0011546e-06
7835,6,1.0009739e-06
7836,6,1.0008728e-06
7837,6,1.0008727e-06
7838,6,1.0009739e-06
7839,6,1.0011572e-06
7840,6,1.001378e-06
7841,6,1.0015444e-06
7842,6,1.0014429e-06
7843,6,3.1553533637973445e-07
7843,7,6.850151636202656e-07
7844,7,9.9787204e-07
7845,7,9.59672898338022e-07
7845,8,3.305786166197793e-08
7846,8,9.7555036e-07
7847,8,1.290691e-07
7848,8,1.2062647e-07
7849,8,1.0117445e-06
7850,7,8.195848581842151e-07
7850,8,1.2650520181578478e-07
7851,7,1.0017809e-06
7852,6,1.6077468586812304e-07
7852,7,8.42087714131877e-07
7853,6,1.0026881e-06
7854,6,1.0022363e-06
7855,6,1.0017823e-06
7856,6,1.0014001e-06
7857,6,1.0011216e-06
7858,6,1.0009731e-06
7859,6,1.000973e-06
7860,6,1.0011227e-06
7861,6,1.0014071e-06
7862,6,1.0018037e-06
7863,6,1.0022848e-06
7864,6,1.002781e-06
7865,6,1.6095461825240003e-07
7865,7,8.420648817476e-07
7866,7,1.0020052e-06
7867,7,8.197937015077668e-07
7867,8,1.2646037849223316e-07
7868,8,1.0112367e-06
7869,8,1.2354066e-07
7870,8,6.4345224e-08
7871,8,1.1862905e-07
7872,7,6.123384227246967e-07
7872,8,4.185086772753032e-07
7873,7,1.00898e-06
7874,7,1.00715e-06
7875,6,7.898559035571305e-07
7875,7,2.1516399644286966e-07
7876,6,1.0035563e-06
7877,6,1.0025752e-06
7878,6,1.0018776e-06
7879,6,1.0013992e-06
7880,6,1.0011484e-06
7881,6,1.0011466e-06
7882,6,1.0013963e-06
7883,6,1.0018806e-06
7884,6,1.0025958e-06
7885,6,1.0036126e-06
7886,6,7.900885117645911e-07
7886,7,2.1504888823540896e-07
7887,7,1.0073755e-06
7888,7,1.0094426e-06
7889,7,6.130565614560176e-07
7889,8,4.1905933854398227e-07
7890,8,1.2006375e-07
7891,8,1.5822718e-07
7892,8,1.245101e-07
7893,7,2.49061433196609e-07
7893,8,7.63316066803391e-07
7894,7,1.0173772e-06
7895,7,1.01197e-06
7896,6,3.071870482937259e-07
7896,7,7.005733517062742e-07
7897,6,1.0052597e-06
7898,6,1.0037145e-06
7899,6,1.0025891e-06
7900,6,1.0017838e-06
7901,6,1.0013502e-06
7902,6,1.0013442e-06
7903,6,1.0017686e-06
7904,6,1.0025743e-06
7905,6,1.0037176e-06
7906,6,1.005304e-06
7907,6,3.073946024702539e-07
7907,7,7.004664975297461e-07
7908,7,1.0121026e-06
7909,7,1.0174203e-06
7910,7,2.48970249744511e-07
7910,8,7.62960450255489e-07
7911,8,1.2917541e-07
7912,8,1.1288927e-07
7913,8,1.2317719e-07
7914,8,1.0838982e-06
7915,7,6.909700686254114e-07
7915,8,2.821028713745885e-07
7916,7,1.0141381e-06
7917,7,1.009634e-06
7918,6,4.636138699395855e-07
7918,7,5.435974300604145e-07
7919,6,1.0053187e-06
7920,6,1.0036082e-06
7921,6,1.0022425e-06
7922,6,1.0014748e-06
7923,6,1.0014613e-06
7924,6,1.0022044e-06
7925,6,1.0035581e-06
7926,6,1.0052846e-06
7927,6,4.637251541838594e-07
7927,7,5.435103458161407e-07
7928,7,1.0097216e-06
7929,7,1.0143201e-06
7930,7,6.910447570238333e-07
7930,8,2.819014329761668e-07
7931,8,1.0836695e-06
7932,8,1.2970263e-07
7933,8,1.1522243e-07
7934,7,1.5724239885968197e-07
7934,8,9.41174701140318e-07
7935,7,9.204452400043021e-07
7935,8,3.356819999569784e-08
7936,7,1.0093735e-06
7937,7,1.0097851e-06
7938,6,3.0732432122495594e-07
7938,7,7.006122787750439e-07
7939,6,7.900782895773344e-07
7939,7,2.1506091042266564e-07
7940,6,1.0026906e-06
7941,6,1.0012822e-06
7942,6,1.0012565e-06
7943,6,1.0026154e-06
7944,6,7.898958962930428e-07
7944,7,2.1513250370695717e-07
7945,6,3.0722773418890435e-07
7945,7,7.006029658110957e-07
7946,7,1.0097442e-06
7947,7,1.0095528e-06
7948,7,9.212039676694857e-07
7948,8,3.345525233051432e-08
7949,7,1.5767050156385657e-07
7949,8,9.418804984361433e-07
7950,8,1.2158902e-07
7951,8,1.2572847e-07
7952,8,8.9859108e-08
7953,8,1.2402741e-07
7954,7,2.9551269060855775e-07
7954,8,7.576362093914423e-07
7955,7,9.205874733825637e-07
7955,8,3.4047696617436406e-08
7956,7,1.0145513e-06
7957,7,1.0123074e-06
7958,7,1.0073731e-06
7959,6,1.610242607665807e-07
7959,7,8.417945392334192e-07
7960,6,3.155644141342618e-07
7960,7,6.846319858657383e-07
7961,6,3.155077842538692e-07
7961,7,6.846480157461308e-07
7962,6,1.6087488496895412e-07
7962,7,8.418191150310459e-07
7963,7,1.0071681e-06
7964,7,1.0120785e-06
7965,7,1.0142437e-06
7966,7,9.208215607447376e-07
7966,8,3.37954492552624e-08
7967,7,2.9601483021163077e-07
7967,8,7.575255697883692e-07
7968,8,1.2086032e-07
7969,8,1.7274603e-07
7970,8,1.378202e-07
7971,8,1.1455285e-07
7972,7,1.5690326137235092e-07
7972,8,9.41811438627649e-07
7973,7,6.910363508920156e-07
7973,8,2.8238545910798444e-07
7974,7,1.0178405e-06
7975,7,1.0093948e-06
7976,7,1.0015923e-06
7977,7,9.9713262e-07
7978,7,9.9708249e-07
7979,7,1.0014257e-06
7980,7,1.0090747e-06
7981,7,1.0175838e-06
7982,7,6.90479387881016e-07
7982,8,2.822365621189841e-07
7983,7,1.5694722037764515e-07
7983,8,9.417109796223547e-07
7984,8,1.2090673e-07
7985,8,1.2273169e-07
7986,8,7.2587919e-08
7987,8,1.1757551e-07
7988,8,1.2307719e-07
7989,8,1.0853017e-06
7990,7,2.490206918101579e-07
7990,8,7.637353081898421e-07
7991,7,6.131822075261557e-07
7991,8,4.1873879247384417e-07
7992,7,8.198519569239166e-07
7992,8,1.2568153307608336e-07
7993,7,9.594383799804972e-07
7993,8,3.1909800019502757e-08
7994,7,9.594020644873374e-07
7994,8,3.193013551266272e-08
7995,7,8.196988911820596e-07
7995,8,1.2573215881794038e-07
7996,7,6.128621468282526e-07
7996,8,4.186695531717473e-07
7997,7,2.4901025668463053e-07
7997,8,7.643020433153696e-07
7998,8,1.0836095e-06
7999,8,1.2160198e-07
8000,8,1.7343633e-07
8001,8,7.1913234e-08
8002,8,7.3447512e-08
8003,8,1.5242293e-07
8004,8,1.3058414e-07
8005,8,1.288643e-07
8006,8,1.0098445e-06
8007,8,9.7308318e-07
8008,8,9.7320545e-07
8009,8,1.0101944e-06
8010,8,1.2003636e-07
8011,8,1.2948662e-07
8012,8,1.2907301e-07
8013,8,1.2674752e-07
8014,8,6.839162e-08
8015,8,1.3765292e-07
8016,8,1.1223084e-07
8017,8,1.2744883e-07
8018,8,1.2887846e-07
8019,8,1.2323188e-07
8020,8,1.5893767e-07
8021,8,1.1371874e-07
8022,8,1.0375846e-07
8023,8,1.2526995e-07
8024,8,1.2681435e-07
8025,8,1.2101539e-07
8026,8,6.4586828e-08
8027,8,7.5273543e-08
8028,8,1.5802165e-07
8029,8,1.2724621e-07
8030,8,1.014907e-06
8031,8,9.762797e-07
8032,8,9.7648737e-07
8033,8,1.0133013e-06
8034,8,1.1932895e-07
8035,8,1.2406361e-07
8036,8,1.2165802e-07
8037,8,1.4629526e-07
8038,8,1.088277e-06
8039,7,2.521557589730525e-07
8039,8,7.655450410269474e-07
8040,7,6.15623162089971e-07
8040,8,4.193718379100289e-07
8041,7,8.210269221726007e-07
8041,8,1.275212378273992e-07
8042,7,9.588432008784073e-07
8042,8,3.3985819121592767e-08
8043,7,9.587736640619e-07
8043,8,3.3991315938100286e-08
8044,7,8.206720425415943e-07
8044,8,1.2738861745840572e-07
8045,7,6.15782934366698e-07
8045,8,4.1953316563330196e-07
8046,7,2.526559664049384e-07
8046,8,7.663018335950616e-07
8047,8,1.0927111e-06
8048,8,1.1821042e-07
8049,8,9.2067728e-08
8050,8,8.4328639e-08
8051,8,1.1834731e-07
8052,7,1.5936060813197612e-07
8052,8,9.445176918680238e-07
8053,7,6.961505658893497e-07
8053,8,2.801676741106503e-07
8054,7,1.0173866e-06
8055,7,1.0085892e-06
8056,7,1.0016702e-06
8057,7,9.978506e-07
8058,7,9.978289e-07
8059,7,1.0016355e-06
8060,7,1.008893e-06
8061,7,1.0182214e-06
8062,7,6.971237153081742e-07
8062,8,2.807695046918258e-07
8063,7,1.5955317599420283e-07
8063,8,9.459717240057971e-07
8064,8,1.2404533e-07
8065,8,1.3794181e-07
8066,8,1.1660574e-07
8067,7,2.9697150708636994e-07
8067,8,7.620850929136302e-07
8068,7,9.258298776877992e-07
8068,8,3.223785231220084e-08
8069,7,1.0134283e-06
8070,7,1.0099878e-06
8071,7,1.00549e-06
8072,6,1.6234150306286552e-07
8072,7,8.396283969371344e-07
8073,6,3.16062145983982e-07
8073,7,6.83991754016018e-07
8074,6,3.1608484368648304e-07
8074,7,6.839719563135169e-07
8075,6,1.6241361710644353e-07
8075,7,8.395952828935565e-07
8076,7,1.0056754e-06
8077,7,1.0103797e-06
8078,7,1.0139444e-06
8079,7,9.259125859332014e-07
8079,8,3.24154540667987e-08
8080,7,2.9669514925193564e-07
8080,8,7.617595507480642e-07
8081,8,1.1505993e-07
8082,8,1.2072122e-07
8083,8,1.4833776e-07
8084,7,1.5968980052930312e-07
8084,8,9.460466994706968e-07
8085,7,9.263245032517801e-07
8085,8,3.258691674821986e-08
8086,7,1.0093238e-06
8087,7,1.0078569e-06
8088,6,3.1039790216509364e-07
8088,7,6.952821978349063e-07
8089,6,7.916093645951227e-07
8089,7,2.1183653540487743e-07
8090,6,1.001693e-06
8091,6,1.0007365e-06
8092,6,1.000741e-06
8093,6,1.0017167e-06
8094,6,7.917180193529528e-07
8094,7,2.1179658064704724e-07
8095,6,3.104736148086691e-07
8095,7,6.953125851913309e-07
8096,7,1.0079098e-06
8097,7,1.0091303e-06
8098,7,9.258353129010184e-07
8098,8,3.251969709898174e-08
8099,7,1.5937566570148562e-07
8099,8,9.451466342985144e-07
8100,8,1.2345379e-07
8101,8,7.296279e-08
8102,8,7.4639222e-08
8103,8,1.0905164e-06
8104,7,6.970854087170918e-07
8104,8,2.801660712829081e-07
8105,7,1.0139471e-06
8106,7,1.0080255e-06
8107,6,4.666085118865162e-07
8107,7,5.386580881134837e-07
8108,6,1.0035673e-06
8109,6,1.0022804e-06
8110,6,1.0013502e-06
8111,6,1.0008534e-06
8112,6,1.0008539e-06
8113,6,1.001353e-06
8114,6,1.0022859e-06
8115,6,1.0035562e-06
8116,6,4.6652361432850675e-07
8116,7,5.386604856714933e-07
8117,7,1.0077842e-06
8118,7,1.0134622e-06
8119,7,6.963468166535573e-07
8119,8,2.800511233464428e-07
8120,8,1.0879542e-06
8121,8,1.5077719e-07
8122,8,1.5647815e-07
8123,7,2.528492035411671e-07
8123,8,7.65352196458833e-07
8124,7,1.017836e-06
8125,7,1.0102833e-06
8126,6,3.1054420095997215e-07
8126,7,6.952783990400278e-07
8127,6,1.0036129e-06
8128,6,1.0023837e-06
8129,6,1.0015854e-06
8130,6,1.0010569e-06
8131,6,1.000784e-06
8132,6,1.0007814e-06
8133,6,1.0010492e-06
8134,6,1.001568e-06
8135,6,1.0023421e-06
8136,6,1.0035191e-06
8137,6,3.103748514770306e-07
8137,7,6.952624485229693e-07
8138,7,1.0099599e-06
8139,7,1.0172727e-06
8140,7,2.523094964545484e-07
8140,8,7.647510035454516e-07
8141,8,1.312097e-07
8142,8,7.0665568e-08
8143,8,1.271775e-07
8144,7,6.155313990106698e-07
8144,8,4.1934360098933017e-07
8145,7,1.0087732e-06
8146,7,1.0056605e-06
8147,6,7.917383277678365e-07
8147,7,2.1181567223216358e-07
8148,6,1.0023337e-06
8149,6,1.001604e-06
8150,6,1.0011316e-06
8151,6,1.0008271e-06
8152,6,1.0006722e-06
8153,6,1.0006688e-06
8154,6,1.0008177e-06
8155,6,1.0011123e-06
8156,6,1.0015669e-06
8157,6,1.0022672e-06
8158,6,7.91590010653991e-07
8158,7,2.1185458934600897e-07
8159,7,1.0054984e-06
8160,7,1.0085522e-06
8161,7,6.153085160043994e-07
8161,8,4.191736839956006e-07
8162,8,1.2865677e-07
8163,8,1.2998473e-07
8164,8,1.0632041e-07
8165,8,1.0164321e-06
8166,7,8.207630152040957e-07
8166,8,1.2807395479590424e-07
8167,7,1.0018651e-06
8168,6,1.6230884198171307e-07
8168,7,8.39803058018287e-07
8169,6,1.0017857e-06
8170,6,1.0014039e-06
8171,6,1.0010836e-06
8172,6,1.0008369e-06
8173,6,1.0006659e-06
8174,6,1.0005762e-06
8175,6,1.0005739e-06
8176,6,1.0006591e-06
8177,6,1.0008239e-06
8178,6,1.0010615e-06
8179,6,1.0013704e-06
8180,6,1.001742e-06
8181,6,1.6228039442239283e-07
8181,7,8.397903055776071e-07
8182,7,1.001875e-06
8183,7,8.209750021971148e-07
8183,8,1.2811727780288515e-07
8184,8,1.0172195e-06
8185,8,1.1368751e-07
8186,8,1.2545863e-07
8187,8,9.7786729e-07
8188,7,9.58561534554783e-07
8188,8,3.490048544521705e-08
8189,7,9.9815198e-07
8190,6,3.159374700058362e-07
8190,7,6.842734299941637e-07
8191,6,1.0008263e-06
8192,6,1.0009065e-06
8193,6,1.0008143e-06
8194,6,1.0006881e-06
8195,6,1.0005829e-06
8196,6,1.0005237e-06
8197,6,1.0005226e-06
8198,6,1.0005791e-06
8199,6,1.0006823e-06
8200,6,1.0008072e-06
8201,6,1.0008998e-06
8202,6,1.0008258e-06
8203,6,3.159779972766705e-07
8203,7,6.842521027233296e-07
8204,7,9.9822896e-07
8205,7,9.58829088506357e-07
8205,8,3.4866041493642946e-08
8206,8,9.7846799e-07
8207,8,1.2826449e-07
8208,8,1.2681265e-07
8209,8,9.7740158e-07
8210,7,9.584197011014337e-07
8210,8,3.493381889856631e-08
8211,7,9.9813092e-07
8212,6,3.1590439711171473e-07
8212,7,6.842981028882852e-07
8213,6,1.00082e-06
8214,6,1.0009029e-06
8215,6,1.0008137e-06
8216,6,1.0006896e-06
8217,6,1.0005854e-06
8218,6,1.0005267e-06
8219,6,1.000526e-06
8220,6,1.0005838e-06
8221,6,1.0006891e-06
8222,6,1.0008169e-06
8223,6,1.0009141e-06
8224,6,1.000845e-06
8225,6,3.159885870824926e-07
8225,7,6.842604129175074e-07
8226,7,9.9821536e-07
8227,7,9.58675019141499e-07
8227,8,3.486902085850101e-08
8228,8,9.7805092e-07
8229,8,1.2950944e-07
8230,8,1.1978597e-07
8231,8,1.0137199e-06
8232,7,8.203711172944677e-07
8232,8,1.280153527055324e-07
8233,7,1.0018339e-06
8234,6,1.6221513147079415e-07
8234,7,8.398819685292059e-07
8235,6,1.0017687e-06
8236,6,1.0013942e-06
8237,6,1.0010832e-06
8238,6,1.0008427e-06
8239,6,1.0006737e-06
8240,6,1.0005851e-06
8241,6,1.0005845e-06
8242,6,1.0006728e-06
8243,6,1.0008441e-06
8244,6,1.0010916e-06
8245,6,1.0014161e-06
8246,6,1.00181e-06
8247,6,1.6232071098484753e-07
8247,7,8.398400890151525e-07
8248,7,1.0019171e-06
8249,7,8.205812320394567e-07
8249,8,1.2794035796054327e-07
8250,8,1.0141855e-06
8251,8,1.2388717e-07
8252,8,6.589402e-08
8253,8,1.1941476e-07
8254,7,6.158078077424529e-07
8254,8,4.19964992257547e-07
8255,7,1.0089523e-06
8256,7,1.0056793e-06
8257,6,7.915938993317836e-07
8257,7,2.1194000066821628e-07
8258,6,1.0023234e-06
8259,6,1.0016098e-06
8260,6,1.0011456e-06
8261,6,1.0008423e-06
8262,6,1.0006873e-06
8263,6,1.000686e-06
8264,6,1.0008394e-06
8265,6,1.0011443e-06
8266,6,1.0016172e-06
8267,6,1.002348e-06
8268,6,7.917181807594293e-07
8268,7,2.1186311924057068e-07
8269,7,1.0057494e-06
8270,7,1.0090585e-06
8271,7,6.160100603485441e-07
8271,8,4.199345396514558e-07
8272,8,1.2044421e-07
8273,8,1.5755372e-07
8274,8,1.2327113e-07
8275,7,2.5282611418731705e-07
8275,8,7.658392858126828e-07
8276,7,1.0181217e-06
8277,7,1.0103095e-06
8278,6,3.103474966080081e-07
8278,7,6.954418033919919e-07
8279,6,1.0036093e-06
8280,6,1.0024089e-06
8281,6,1.0016186e-06
8282,6,1.0010855e-06
8283,6,1.0008065e-06
8284,6,1.0008025e-06
8285,6,1.0010753e-06
8286,6,1.0016073e-06
8287,6,1.0024067e-06
8288,6,1.0036273e-06
8289,6,3.104740905782034e-07
8289,7,6.953517094217966e-07
8290,7,1.0103113e-06
8291,7,1.0179307e-06
8292,7,2.526812188692375e-07
8292,8,7.654640811307626e-07
8293,8,1.2956171e-07
8294,8,1.1137007e-07
8295,8,1.2722323e-07
8296,8,1.0935251e-06
8297,7,6.970650921910498e-07
8297,8,2.806312478089502e-07
8298,7,1.0138085e-06
8299,7,1.0079236e-06
8300,6,4.664567524551397e-07
8300,7,5.388313475448603e-07
8301,6,1.0036432e-06
8302,6,1.0023555e-06
8303,6,1.0014026e-06
8304,6,1.0008845e-06
8305,6,1.0008748e-06
8306,6,1.0013768e-06
8307,6,1.0023234e-06
8308,6,1.0036213e-06
8309,6,4.6655021511886005e-07
8309,7,5.387490848811399e-07
8310,7,1.0079789e-06
8311,7,1.0138649e-06
8312,7,6.968701589299555e-07
8312,8,2.8041839107004444e-07
8313,8,1.0915651e-06
8314,8,1.3062612e-07
8315,8,1.1776033e-07
8316,7,1.5978364886228702e-07
8316,8,9.469306511377128e-07
8317,7,9.255466155931209e-07
8317,8,3.256913440687901e-08
8318,7,1.0091109e-06
8319,7,1.0079965e-06
8320,6,3.1038909839364175e-07
8320,7,6.954950016063582e-07
8321,6,7.916940483906927e-07
8321,7,2.1191075160930735e-07
8322,6,1.0017817e-06
8323,6,1.0007728e-06
8324,6,1.0007527e-06
8325,6,1.001727e-06
8326,6,7.916034808386296e-07
8326,7,2.1193101916137037e-07
8327,6,3.103596853875457e-07
8327,7,6.954650146124543e-07
8328,7,1.0079885e-06
8329,7,1.0092707e-06
8330,7,9.261089641384527e-07
8330,8,3.236155586154726e-08
8331,7,1.5962329623841438e-07
8331,8,9.453656037615856e-07
8332,8,1.2236766e-07
8333,8,1.2902127e-07
8334,8,9.3481341e-08
8335,8,1.2442181e-07
8336,7,2.958762563208653e-07
8336,8,7.609886436791347e-07
8337,7,9.253262540792559e-07
8337,8,3.2865205920744004e-08
8338,7,1.0139085e-06
8339,7,1.0104666e-06
8340,7,1.005797e-06
8341,6,1.6233848098217237e-07
8341,7,8.397657190178278e-07
8342,6,3.160029914656619e-07
8342,7,6.840766085343382e-07
8343,6,3.1597167290970684e-07
8343,7,6.84066727090293e-07
8344,6,1.6226266129413853e-07
8344,7,8.397276387058615e-07
8345,7,1.0056627e-06
8346,7,1.0103452e-06
8347,7,1.0137437e-06
8348,7,9.255671041609225e-07
8348,8,3.259687583907758e-08
8349,7,2.9726199505831566e-07
8349,8,7.628365049416844e-07
8350,8,1.2129469e-07
8351,8,1.7309624e-07
8352,8,1.3798103e-07
8353,8,1.1444904e-07
8354,7,1.588665262533034e-07
8354,8,9.454488737466965e-07
8355,7,6.966222341078245e-07
8355,8,2.807919358921754e-07
8356,7,1.0182823e-06
8357,7,1.0090716e-06
8358,7,1.0018171e-06
8359,7,9.9781403e-07
8360,7,9.9772406e-07
8361,7,1.0015611e-06
8362,7,1.0088532e-06
8363,7,1.0181844e-06
8364,7,6.961858864646238e-07
8364,8,2.8078224353537616e-07
8365,7,1.5839709023783208e-07
8365,8,9.43408709762168e-07
8366,8,1.2150995e-07
8367,8,1.2326952e-07
8368,8,7.2018271e-08
8369,8,1.1498031e-07
8370,8,1.2408389e-07
8371,8,1.0905388e-06
8372,7,2.52515332353414e-07
8372,8,7.66202067646586e-07
8373,7,6.157050737461526e-07
8373,8,4.1963052625384737e-07
8374,7,8.208566451276505e-07
8374,8,1.2767858487234943e-07
8375,7,9.585389848769239e-07
8375,8,3.4059405123075946e-08
8376,7,9.584007743844937e-07
8376,8,3.4003505615506466e-08
8377,7,8.203826053408529e-07
8377,8,1.2737932465914725e-07
8378,7,6.156549191734004e-07
8378,8,4.195805808265997e-07
8379,7,2.5270620905359824e-07
8379,8,7.670003909464017e-07
8380,8,1.0906859e-06
8381,8,1.2126632e-07
8382,8,1.7245552e-07
8383,8,7.1314585e-08
8384,8,7.4018217e-08
8385,8,1.5250921e-07
8386,8,1.3153298e-07
8387,8,1.2904879e-07
8388,8,1.0150537e-06
8389,8,9.7585383e-07
8390,8,9.7536679e-07
8391,8,1.0123289e-06
8392,8,1.2022293e-07
8393,8,1.300005e-07
8394,8,1.3180413e-07
8395,8,1.2344445e-07
8396,8,7.0405492e-08
8397,8,1.335186e-07
8398,8,1.1303536e-07
8399,8,1.2789102e-07
8400,8,1.2917097e-07
8401,8,1.2309994e-07
8402,8,1.5654463e-07
8403,8,1.1282325e-07
8404,8,1.057168e-07
8405,8,1.2660234e-07
8406,8,1.2839611e-07
8407,8,1.2237607e-07
8408,8,6.4672418e-08
8409,8,7.7582131e-08
8410,8,1.5748937e-07
8411,8,1.2786597e-07
8412,8,1.0269431e-06
8413,8,9.8741499e-07
8414,8,9.8747842e-07
8415,8,1.0247603e-06
8416,8,1.186638e-07
8417,8,1.2491792e-07
8418,8,1.2968549e-07
8419,8,1.4669178e-07
8420,8,1.1052865e-06
8421,7,2.5423435229356434e-07
8421,8,7.758726477064357e-07
8422,7,6.09118196482145e-07
8422,8,4.2222490351785506e-07
8423,7,8.208518925540235e-07
8423,8,1.3842876744597646e-07
8424,7,9.466190407629524e-07
8424,8,3.5892499237047654e-08
8425,7,9.465007660353942e-07
8425,8,3.5894583964605753e-08
8426,7,8.203573851001801e-07
8426,8,1.3832214489982002e-07
8427,7,6.088852486337974e-07
8427,8,4.2262325136620246e-07
8428,7,2.5391099482919383e-07
8428,8,7.774410051708062e-07
8429,8,1.1061584e-06
8430,8,1.17277e-07
8431,8,9.4808734e-08
8432,8,8.5201431e-08
8433,8,1.1998459e-07
8434,7,1.495309425347914e-07
8434,8,9.542432574652085e-07
8435,7,7.027489908924923e-07
8435,8,2.829917991075079e-07
8436,7,1.0014931e-06
8437,7,9.9404268e-07
8438,7,9.8759697e-07
8439,7,9.8530747e-07
8440,7,9.8526877e-07
8441,7,9.875223e-07
8442,7,9.9428753e-07
8443,7,1.0023619e-06
8444,7,7.028588102055719e-07
8444,8,2.84134849794428e-07
8445,7,1.4917491489792485e-07
8445,8,9.563685851020752e-07
8446,8,1.2409402e-07
8447,8,1.4001582e-07
8448,8,1.1903249e-07
8449,7,2.821196050680094e-07
8449,8,7.824097949319906e-07
8450,7,9.333547227934908e-07
8450,8,3.9715837206509194e-08
8451,7,9.9630064e-07
8452,7,9.9258273e-07
8453,7,9.9011681e-07
8454,6,1.6049214669460329e-07
8454,7,8.276785233053967e-07
8455,6,3.117775211603331e-07
8455,7,6.75419328839667e-07
8456,6,3.11778977798108e-07
8456,7,6.75408862201892e-07
8457,6,1.6049987580739608e-07
8457,7,8.276698641926039e-07
8458,7,9.902236e-07
8459,7,9.9286908e-07
8460,7,9.9662429e-07
8461,7,9.331765314565843e-07
8461,8,3.9862878543415667e-08
8462,7,2.8190479022749094e-07
8462,8,7.816587097725091e-07
8463,8,1.1398348e-07
8464,8,1.2304562e-07
8465,8,1.4825703e-07
8466,7,1.5000341772534348e-07
8466,8,9.558997822746564e-07
8467,7,9.337643167035247e-07
8467,8,3.996564329647519e-08
8468,7,9.9371487e-07
8469,7,9.9130856e-07
8470,6,3.093521906335543e-07
8470,7,6.807144393664457e-07
8471,6,7.846537325641197e-07
8471,7,2.0423016743588034e-07
8472,6,9.8809099e-07
8473,6,9.8768131e-07
8474,6,9.8767835e-07
8475,6,9.8808996e-07
8476,6,7.846808586256926e-07
8476,7,2.0422502137430731e-07
8477,6,3.093590127826735e-07
8477,7,6.807520072173265e-07
8478,7,9.9129425e-07
8479,7,9.9345811e-07
8480,7,9.334044041440858e-07
8480,8,3.96970858559142e-08
8481,7,1.4998399923756132e-07
8481,8,9.557508007624388e-07
8482,8,1.2379826e-07
8483,8,7.5805396e-08
8484,8,7.9687358e-08
8485,8,1.1048422e-06
8486,7,7.032740823243226e-07
8486,8,2.8279712767567736e-07
8487,7,9.9651702e-07
8488,7,9.9136912e-07
8489,6,4.637808636130793e-07
8489,7,5.260741263869207e-07
8490,6,9.889422e-07
8491,6,9.883786e-07
8492,6,9.8800789e-07
8493,6,9.8781606e-07
8494,6,9.8781376e-07
8495,6,9.880021e-07
8496,6,9.8837182e-07
8497,6,9.889249e-07
8498,6,4.6373798747922864e-07
8498,7,5.260534425207714e-07
8499,7,9.9120018e-07
8500,7,9.9624486e-07
8501,7,7.029246753001317e-07
8501,8,2.829012846998684e-07
8502,8,1.1026775e-06
8503,8,1.5276438e-07
8504,8,1.5927326e-07
8505,7,2.5465481512154506e-07
8505,8,7.75721584878455e-07
8506,7,1.0016399e-06
8507,7,9.9267953e-07
8508,6,3.094136258371657e-07
8508,7,6.806989641628343e-07
8509,6,9.8895655e-07
8510,6,9.8842868e-07
8511,6,9.8812507e-07
8512,6,9.8793446e-07
8513,6,9.8783708e-07
8514,6,9.8783479e-07
8515,6,9.8792791e-07
8516,6,9.8811259e-07
8517,6,9.8840476e-07
8518,6,9.8890752e-07
8519,6,3.093458060346278e-07
8519,7,6.806808239653723e-07
8520,7,9.9258292e-07
8521,7,1.001622e-06
8522,7,2.544343159819675e-07
8522,8,7.760543840180325e-07
8523,8,1.30721e-07
8524,8,7.2729301e-08
8525,8,1.2802642e-07
8526,7,6.090376717761476e-07
8526,8,4.2213512822385244e-07
8527,7,9.9407017e-07
8528,7,9.9016579e-07
8529,6,7.847012591646253e-07
8529,7,2.0421529083537478e-07
8530,6,9.8839485e-07
8531,6,9.8813084e-07
8532,6,9.8797283e-07
8533,6,9.8787235e-07
8534,6,9.8782107e-07
8535,6,9.8781968e-07
8536,6,9.8786748e-07
8537,6,9.8796277e-07
8538,6,9.8811372e-07
8539,6,9.8836557e-07
8540,6,7.846447668097162e-07
8540,7,2.0422985319028385e-07
8541,7,9.9012906e-07
8542,7,9.9411454e-07
8543,7,6.093218450711613e-07
8543,8,4.2243315492883866e-07
8544,8,1.2768332e-07
8545,8,1.3435316e-07
8546,8,1.0425381e-07
8547,8,1.0262537e-06
8548,7,8.205751991569431e-07
8548,8,1.3845934084305692e-07
8549,7,9.8761267e-07
8550,6,1.604805222403509e-07
8550,7,8.27729647759649e-07
8551,6,9.8811973e-07
8552,6,9.8802463e-07
8553,6,9.8794332e-07
8554,6,9.8787601e-07
8555,6,9.8782653e-07
8556,6,9.8779963e-07
8557,6,9.8779866e-07
8558,6,9.8782343e-07
8559,6,9.8786992e-07
8560,6,9.8793365e-07
8561,6,9.8801033e-07
8562,6,9.8810157e-07
8563,6,1.6047224353541632e-07
8563,7,8.277191564645838e-07
8564,7,9.8760112e-07
8565,7,8.206529524475386e-07
8565,8,1.3842672755246137e-07
8566,8,1.0264503e-06
8567,8,1.121264e-07
8568,8,1.2706472e-07
8569,8,9.8868501e-07
8570,7,9.464806689272543e-07
8570,8,3.621916107274567e-08
8571,7,9.8539631e-07
8572,6,3.117321373327028e-07
8572,7,6.755200926672972e-07
8573,6,9.8771418e-07
8574,6,9.8783521e-07
8575,6,9.8784825e-07
8576,6,9.8782711e-07
8577,6,9.8780183e-07
8578,6,9.8778618e-07
8579,6,9.877857e-07
8580,6,9.8780045e-07
8581,6,9.8782448e-07
8582,6,9.8784462e-07
8583,6,9.8783138e-07
8584,6,9.877098e-07
8585,6,3.117476436034888e-07
8585,7,6.754944463965113e-07
8586,7,9.8535369e-07
8587,7,9.465022349090073e-07
8587,8,3.6075185090992613e-08
8588,8,9.8865332e-07
8589,8,1.2697453e-07
8590,8,1.2844222e-07
8591,8,9.8837612e-07
8592,7,9.463535669506351e-07
8592,8,3.63121230493649e-08
8593,7,9.8540384e-07
8594,6,3.117178681119292e-07
8594,7,6.755384618880708e-07
8595,6,9.8771429e-07
8596,6,9.8783447e-07
8597,6,9.8784784e-07
8598,6,9.8782742e-07
8599,6,9.8780265e-07
8600,6,9.8778707e-07
8601,6,9.8778703e-07
8602,6,9.8780242e-07
8603,6,9.8782735e-07
8604,6,9.8784915e-07
8605,6,9.8783823e-07
8606,6,9.8771955e-07
8607,6,3.1175177917510174e-07
8607,7,6.755024308248982e-07
8608,7,9.8535593e-07
8609,7,9.464121408493774e-07
8609,8,3.610458915062265e-08
8610,8,9.8832805e-07
8611,8,1.2832473e-07
8612,8,1.2192841e-07
8613,8,1.0252453e-06
8614,7,8.20355775972098e-07
8614,8,1.3867645402790206e-07
8615,7,9.876954e-07
8616,6,1.6043993328355984e-07
8616,7,8.277997367164402e-07
8617,6,9.8812348e-07
8618,6,9.8802322e-07
8619,6,9.8794318e-07
8620,6,9.8787758e-07
8621,6,9.8782921e-07
8622,6,9.8780281e-07
8623,6,9.8780287e-07
8624,6,9.8782928e-07
8625,6,9.8787845e-07
8626,6,9.8794676e-07
8627,6,9.8803153e-07
8628,6,9.8813663e-07
8629,6,1.6048617118544403e-07
8629,7,8.27762188814556e-07
8630,7,9.8766017e-07
8631,7,8.205287098377396e-07
8631,8,1.3836510016226044e-07
8632,8,1.025331e-06
8633,8,1.2249114e-07
8634,8,6.7910321e-08
8635,8,1.1931767e-07
8636,7,6.093799000059001e-07
8636,8,4.230869999941e-07
8637,7,9.9449374e-07
8638,7,9.9027563e-07
8639,6,7.846502308708572e-07
8639,7,2.0427975912914267e-07
8640,6,9.8839314e-07
8641,6,9.8813251e-07
8642,6,9.879782e-07
8643,6,9.8787919e-07
8644,6,9.8782803e-07
8645,6,9.8782737e-07
8646,6,9.8787727e-07
8647,6,9.8797695e-07
8648,6,9.88135e-07
8649,6,9.8840275e-07
8650,6,7.846966670687638e-07
8650,7,2.0425149293123615e-07
8651,7,9.9029336e-07
8652,7,9.944976e-07
8653,7,6.096899145992508e-07
8653,8,4.228988854007493e-07
8654,8,1.1909498e-07
8655,8,1.6033489e-07
8656,8,1.2664207e-07
8657,7,2.544802305883698e-07
8657,8,7.775316694116302e-07
8658,7,1.0024375e-06
8659,7,9.9286001e-07
8660,6,3.0931384208671777e-07
8660,7,6.808037079132823e-07
8661,6,9.8895086e-07
8662,6,9.8843621e-07
8663,6,9.8813875e-07
8664,6,9.8794806e-07
8665,6,9.8784908e-07
8666,6,9.8784684e-07
8667,6,9.8794216e-07
8668,6,9.8813219e-07
8669,6,9.8843377e-07
8670,6,9.8896026e-07
8671,6,3.093649403993597e-07
8671,7,6.807752796006404e-07
8672,7,9.9285085e-07
8673,7,1.002252e-06
8674,7,2.5436235668668297e-07
8674,8,7.77141043313317e-07
8675,8,1.2842608e-07
8676,8,1.1096524e-07
8677,8,1.2026554e-07
8678,8,1.1051492e-06
8679,7,7.028807453153248e-07
8679,8,2.8380571468467533e-07
8680,7,9.9648757e-07
8681,7,9.9127506e-07
8682,6,4.636908146821489e-07
8682,7,5.261486053178512e-07
8683,6,9.8897089e-07
8684,6,9.8841437e-07
8685,6,9.8803558e-07
8686,6,9.8783599e-07
8687,6,9.8783093e-07
8688,6,9.8802206e-07
8689,6,9.8839718e-07
8690,6,9.8895982e-07
8691,6,4.637388998024929e-07
8691,7,5.261188001975071e-07
8692,7,9.9136243e-07
8693,7,9.9658099e-07
8694,7,7.026263999984119e-07
8694,8,2.8375316000158804e-07
8695,8,1.1055953e-06
8696,8,1.2980467e-07
8697,8,1.1784204e-07
8698,7,1.4937538175291086e-07
8698,8,9.556427182470892e-07
8699,7,9.32660682712253e-07
8699,8,3.993587728774697e-08
8700,7,9.9337385e-07
8701,7,9.9132697e-07
8702,6,3.093271018643417e-07
8702,7,6.808580881356583e-07
8703,6,7.846937082583732e-07
8703,7,2.0429315174162682e-07
8704,6,9.8815295e-07
8705,6,9.8771523e-07
8706,6,9.8770389e-07
8707,6,9.8812089e-07
8708,6,7.846549136906822e-07
8708,7,2.0429010630931785e-07
8709,6,3.093176115144671e-07
8709,7,6.80837888485533e-07
8710,7,9.9136441e-07
8711,7,9.9369545e-07
8712,7,9.333769968838124e-07
8712,8,4.0082093116187563e-08
8713,7,1.4906717450186336e-07
8713,8,9.549200254981368e-07
8714,8,1.2096713e-07
8715,8,1.2392413e-07
8716,8,9.4358404e-08
8717,8,1.2355476e-07
8718,7,2.804864890450511e-07
8718,8,7.800509109549488e-07
8719,7,9.326209169639054e-07
8719,8,4.0177183036094455e-08
8720,7,9.9664111e-07
8721,7,9.9304061e-07
8722,7,9.9041703e-07
8723,6,1.6047572507633693e-07
8723,7,8.278365249236631e-07
8724,6,3.11758615974067e-07
8724,7,6.75492734025933e-07
8725,6,3.117496480408352e-07
8725,7,6.754742319591648e-07
8726,6,1.6045472910713335e-07
8726,7,8.277764008928666e-07
8727,7,9.9031617e-07
8728,7,9.929676e-07
8729,7,9.9660983e-07
8730,7,9.330312429699322e-07
8730,8,4.012857703006778e-08
8731,7,2.820745501793682e-07
8731,8,7.837163498206318e-07
8732,8,1.1981607e-07
8733,8,1.7369171e-07
8734,8,1.3857306e-07
8735,8,1.131195e-07
8736,7,1.488700880098674e-07
8736,8,9.558231119901327e-07
8737,7,7.029880867551091e-07
8737,8,2.840872132448909e-07
8738,7,1.0029121e-06
8739,7,9.9482404e-07
8740,7,9.8789074e-07
8741,7,9.8536475e-07
8742,7,9.8529468e-07
8743,7,9.8766282e-07
8744,7,9.9455189e-07
8745,7,1.0027671e-06
8746,7,7.024401374920685e-07
8746,8,2.8422064250793155e-07
8747,7,1.4844020262000023e-07
8747,8,9.535677973799998e-07
8748,8,1.2028368e-07
8749,8,1.2303438e-07
8750,8,7.3149903e-08
8751,8,1.1772161e-07
8752,8,1.2339586e-07
8753,8,1.107292e-06
8754,7,2.54197704010227e-07
8754,8,7.787415959897729e-07
8755,7,6.090785759615935e-07
8755,8,4.2352312403840656e-07
8756,7,8.206666664276942e-07
8756,8,1.3890522357230573e-07
8757,7,9.464423547387766e-07
8757,8,3.597259526122331e-08
8758,7,9.464383196294499e-07
8758,8,3.583671037055008e-08
8759,7,8.206073479068869e-07
8759,8,1.384661020931132e-07
8760,7,6.089653093720348e-07
8760,8,4.2289029062796497e-07
8761,7,2.538690426344177e-07
8761,8,7.789366573655823e-07
8762,8,1.1059147e-06
8763,8,1.2012055e-07
8764,8,1.7109279e-07
8765,8,7.200173e-08
8766,8,7.5550508e-08
8767,8,1.5249258e-07
8768,8,1.3118884e-07
8769,8,1.2747544e-07
8770,8,1.026033e-06
8771,8,9.8681295e-07
8772,8,9.8667892e-07
8773,8,1.0262447e-06
8774,8,1.1888938e-07
8775,8,1.2888217e-07
8776,8,1.309831e-07
8777,8,1.2459865e-07
8778,8,7.2182806e-08
8779,8,1.3366439e-07
8780,8,1.1259908e-07
8781,8,1.2660567e-07
8782,8,1.2791068e-07
8783,8,1.2239089e-07
8784,8,1.6075087e-07
8785,8,1.1376276e-07
8786,8,9.9906469e-08
8787,8,1.2342213e-07
8788,8,1.2600042e-07
8789,8,1.1765694e-07
8790,8,6.5935674e-08
8791,8,8.1289325e-08
8792,8,1.5889083e-07
8793,8,1.2802676e-07
8794,8,1.1586271e-07
8795,8,1.1658857e-07
8796,8,1.172097e-07
8797,8,1.1516275e-07
8798,8,1.2841118e-07
8799,8,1.2514748e-07
8800,8,1.2218061e-07
8801,8,1.4611875e-07
8802,8,1.2511166e-07
8803,8,1.2277093e-07
8804,7,7.762014359229093e-09
8804,8,1.135182956407709e-07
8805,7,7.124570871576545e-08
8805,8,5.052122128423453e-08
8806,7,1.0935490723715739e-07
8806,8,1.775485276284262e-08
8807,7,1.1695355600870421e-07
8807,8,1.0313913991295798e-08
8808,7,9.513283856412846e-08
8808,8,3.158437143587154e-08
8809,7,4.4354058089057554e-08
8809,8,8.197936191094246e-08
8810,8,1.2190464e-07
8811,8,1.2495298e-07
8812,8,1.2804306e-07
8813,8,9.1239209e-08
8814,8,7.7295542e-08
8815,8,1.20039e-07
8816,8,1.2428803e-07
8817,7,2.6024825574151533e-08
8817,8,9.896203442584846e-08
8818,7,1.2945227e-07
8819,7,1.2893164e-07
8820,7,1.2800296e-07
8821,7,1.2780238e-07
8822,7,1.2797912e-07
8823,7,1.2771579e-07
8824,7,1.2849959e-07
8825,7,1.2937458e-07
8826,7,9.357172567808814e-08
8826,8,3.6285244321911856e-08
8827,8,1.2919679e-07
8828,8,1.3279182e-07
8829,8,1.3148788e-07
8830,8,1.1784534e-07
8831,8,1.1841671e-07
8832,7,8.307891583463414e-08
8832,8,4.128358416536585e-08
8833,7,1.2899044e-07
8834,7,1.2851319e-07
8835,7,1.2838015e-07
8836,7,1.2819637e-07
8837,7,1.2810703e-07
8838,7,1.2808865e-07
8839,7,1.2813031e-07
8840,7,1.2826594e-07
8841,7,1.2853264e-07
8842,7,1.2870173e-07
8843,7,1.2921235e-07
8844,7,1.3559247477722538e-09
8844,8,1.2584818525222776e-07
8845,8,1.2428272e-07
8846,8,1.1526019e-07
8847,8,1.4939833e-07
8848,8,1.2459031e-07
8849,7,8.311758221985114e-08
8849,8,4.130881778014886e-08
8850,7,1.2870803e-07
8851,7,1.2836273e-07
8852,7,1.2832052e-07
8853,6,5.1274460340765465e-08
8853,7,7.693279965923454e-08
8854,6,1.2815144e-07
8855,6,1.2812202e-07
8856,6,1.281134e-07
8857,6,1.2812387e-07
8858,6,1.0373991429551781e-07
8858,7,2.4418615704482177e-08
8859,7,1.2823476e-07
8860,7,1.28397e-07
8861,7,1.2842337e-07
8862,7,1.2885937e-07
8863,8,1.2872104e-07
8864,8,1.3377627e-07
8865,8,7.3807246e-08
8866,8,7.8612994e-08
8867,8,1.2476829e-07
8868,7,2.6165631470719637e-08
8868,8,9.882549852928036e-08
8869,7,1.2899957e-07
8870,7,1.2836543e-07
8871,7,1.2829421e-07
8872,6,1.2819836e-07
8873,6,1.2815911e-07
8874,6,1.2813704e-07
8875,6,1.2812445e-07
8876,6,1.2811948e-07
8877,6,1.2812195e-07
8878,6,1.2813211e-07
8879,6,1.2815383e-07
8880,6,5.416648801717723e-08
8880,7,7.403939198282277e-08
8881,7,1.2835251e-07
8882,7,1.2849419e-07
8883,7,1.2948824e-07
8884,8,1.2879887e-07
8885,8,1.6405317e-07
8886,8,1.5736196e-07
8887,8,1.2285875e-07
8888,7,1.2947113e-07
8889,7,1.2851493e-07
8890,7,1.2832147e-07
8891,6,1.2819861e-07
8892,6,1.2815932e-07
8893,6,1.281412e-07
8894,6,1.2813046e-07
8895,6,1.2812388e-07
8896,6,1.2812101e-07
8897,6,1.2812121e-07
8898,6,1.2812439e-07
8899,6,1.2813146e-07
8900,6,1.281486e-07
8901,6,3.5057106307010356e-08
8901,7,9.314986369298965e-08
8902,7,1.2842171e-07
8903,7,1.2879403e-07
8904,7,3.7602843751910706e-08
8904,8,9.15324862480893e-08
8905,8,1.375803e-07
8906,8,7.1224575e-08
8907,8,1.28242e-07
8908,7,7.739102754302925e-09
8908,8,1.1359560724569707e-07
8909,7,1.2894497e-07
8910,7,1.2838257e-07
8911,6,5.127667374599357e-08
8911,7,7.693103625400644e-08
8912,6,1.2815935e-07
8913,6,1.281413e-07
8914,6,1.2813221e-07
8915,6,1.2812627e-07
8916,6,1.2812257e-07
8917,6,1.2812064e-07
8918,6,1.2812022e-07
8919,6,1.281211e-07
8920,6,1.2812335e-07
8921,6,1.2812898e-07
8922,6,1.2814941e-07
8923,7,1.2823511e-07
8924,7,1.2857971e-07
8925,7,1.2832807e-07
8926,8,1.3506169e-07
8927,8,1.3694071e-07
8928,8,1.0126199e-07
8929,8,1.1571301e-07
8930,7,7.123752880925325e-08
8930,8,5.047725119074674e-08
8931,7,1.2799908e-07
8932,7,1.28197e-07
8933,6,1.2815196e-07
8934,6,1.2813725e-07
8935,6,1.2813057e-07
8936,6,1.2812635e-07
8937,6,1.2812333e-07
8938,6,1.2812108e-07
8939,6,1.2811985e-07
8940,6,1.2811921e-07
8941,6,1.2811932e-07
8942,6,1.2811959e-07
8943,6,1.2812049e-07
8944,6,1.2812497e-07
8945,6,2.6391763886772695e-08
8945,7,1.0175605611322731e-07
8946,7,1.2821921e-07
8947,7,1.2737733e-07
8948,8,1.2367904e-07
8949,8,1.1738678e-07
8950,8,1.2408824e-07
8951,8,1.1655199e-07
8952,7,1.0935795973389517e-07
8952,8,1.771502026610482e-08
8953,7,1.2779652e-07
8954,7,1.2810751e-07
8955,6,1.2812262e-07
8956,6,1.2812483e-07
8957,6,1.2812417e-07
8958,6,1.2812273e-07
8959,6,1.2812113e-07
8960,6,1.2811992e-07
8961,6,1.28119e-07
8962,6,1.2811827e-07
8963,6,1.281179e-07
8964,6,1.2811734e-07
8965,6,1.2811619e-07
8966,6,1.2811405e-07
8967,6,7.656494581014396e-08
8967,7,5.1544614189856035e-08
8968,7,1.2806618e-07
8969,7,1.2746284e-07
8970,8,1.2491228e-07
8971,8,1.3002292e-07
8972,8,1.2672319e-07
8973,8,1.1725086e-07
8974,7,1.1693716105014702e-07
8974,8,1.0318658949852976e-08
8975,7,1.2797815e-07
8976,7,1.280899e-07
8977,6,1.2811429e-07
8978,6,1.2812013e-07
8979,6,1.2812134e-07
8980,6,1.281209e-07
8981,6,1.2811989e-07
8982,6,1.2811911e-07
8983,6,1.2811828e-07
8984,6,1.2811751e-07
8985,6,1.2811681e-07
8986,6,1.2811601e-07
8987,6,1.2811414e-07
8988,6,1.2811072e-07
8989,6,8.708455880005256e-08
8989,7,4.101718119994744e-08
8990,7,1.2805479e-07
8991,7,1.2780214e-07
8992,8,1.2502479e-07
8993,8,1.323949e-07
8994,8,1.1792855e-07
8995,8,1.1514693e-07
8996,7,9.509619114869593e-08
8996,8,3.161580885130408e-08
8997,7,1.2771943e-07
8998,7,1.281324e-07
8999,6,1.2812501e-07
9000,6,1.2812276e-07
9001,6,1.2812154e-07
9002,6,1.2812059e-07
9003,6,1.2811943e-07
9004,6,1.2811839e-07
9005,6,1.281175e-07
9006,6,1.2811674e-07
9007,6,1.2811609e-07
9008,6,1.2811503e-07
9009,6,1.2811396e-07
9010,6,1.2811368e-07
9011,6,5.719015292208183e-08
9011,7,7.092996707791816e-08
9012,7,1.2811071e-07
9013,7,1.2713647e-07
9014,8,1.2438725e-07
9015,8,1.2521925e-07
9016,8,6.073556e-08
9017,8,1.2814732e-07
9018,7,4.435264544238555e-08
9018,8,8.201951455761447e-08
9019,7,1.2850734e-07
9020,7,1.2826775e-07
9021,6,1.037391705415067e-07
9021,7,2.442036945849329e-08
9022,6,1.2813288e-07
9023,6,1.2812509e-07
9024,6,1.2812163e-07
9025,6,1.2811941e-07
9026,6,1.2811788e-07
9027,6,1.2811679e-07
9028,6,1.2811599e-07
9029,6,1.2811538e-07
9030,6,1.2811491e-07
9031,6,1.2811604e-07
9032,6,1.2812583e-07
9033,7,1.2817875e-07
9034,7,1.2838976e-07
9035,7,1.2788878e-07
9036,8,1.3572646e-07
9037,8,1.5995806e-07
9038,8,1.2616425e-07
9039,8,1.2188984e-07
9040,7,1.2936605e-07
9041,7,1.2853108e-07
9042,7,1.2823514e-07
9043,6,1.2815484e-07
9044,6,1.2813228e-07
9045,6,1.2812415e-07
9046,6,1.2811987e-07
9047,6,1.2811754e-07
9048,6,1.2811592e-07
9049,6,1.2811505e-07
9050,6,1.2811487e-07
9051,6,1.2811614e-07
9052,6,1.2812336e-07
9053,6,1.0822599243422104e-07
9053,7,1.9933627565778954e-08
9054,7,1.2831256e-07
9055,7,1.2887016e-07
9056,7,9.065483300820438e-08
9056,8,3.802412699179562e-08
9057,8,1.3540632e-07
9058,8,1.1416401e-07
9059,8,1.2523421e-07
9060,8,1.248796e-07
9061,7,9.365652594652987e-08
9061,8,3.621143405347014e-08
9062,7,1.2870162e-07
9063,7,1.283974e-07
9064,6,5.4162609237664803e-08
9064,7,7.404515076233521e-08
9065,6,1.2815051e-07
9066,6,1.2813041e-07
9067,6,1.2812133e-07
9068,6,1.2811645e-07
9069,6,1.2811415e-07
9070,6,1.2811392e-07
9071,6,1.2811596e-07
9072,6,1.2812341e-07
9073,6,1.2815107e-07
9074,7,1.2825294e-07
9075,7,1.2860414e-07
9076,7,1.2889646e-07
9077,8,1.2964792e-07
9078,8,1.3761612e-07
9079,8,1.2747537e-07
9080,8,1.2928725e-07
9081,7,1.2921626e-07
9082,7,1.2842662e-07
9083,7,1.2836094e-07
9084,6,3.50513776225469e-08
9084,7,9.316239237745309e-08
9085,6,1.2815349e-07
9086,6,1.2812698e-07
9087,6,1.2811464e-07
9088,6,1.2811073e-07
9089,6,1.2811369e-07
9090,6,1.2812623e-07
9091,6,1.0822472569698672e-07
9091,7,1.9935944303013274e-08
9092,7,1.282542e-07
9093,7,1.2850995e-07
9094,7,1.2850544e-07
9095,7,6.823039502443012e-08
9095,8,6.155018497556988e-08
9096,8,1.380363e-07
9097,8,1.2340519e-07
9098,8,9.107639e-08
9099,8,1.3307611e-07
9100,7,1.1940187905400732e-09
9100,8,1.2588923120945993e-07
9101,7,1.2885989e-07
9102,7,1.2853223e-07
9103,7,1.284524e-07
9104,7,1.2825231e-07
9105,6,2.6388101927318922e-08
9105,7,1.0176767807268108e-07
9106,6,7.656444938285845e-08
9106,7,5.1548220617141545e-08
9107,6,8.708446376132148e-08
9107,7,4.10184862386785e-08
9108,6,5.71886596699902e-08
9108,7,7.093277033000981e-08
9109,7,1.2818172e-07
9110,7,1.2832103e-07
9111,7,1.2861749e-07
9112,7,1.2850043e-07
9113,7,9.793079233726309e-08
9113,8,3.094142766273691e-08
9114,8,1.3764793e-07
9115,8,1.7289991e-07
9116,8,1.3184279e-07
9117,8,1.2344123e-07
9118,8,1.2872739e-07
9119,7,1.2962443e-07
9120,7,1.289277e-07
9121,7,1.2865417e-07
9122,7,1.2825606e-07
9123,7,1.2808136e-07
9124,7,1.2806186e-07
9125,7,1.2812037e-07
9126,7,1.2840228e-07
9127,7,1.2891004e-07
9128,7,1.2898878e-07
9129,7,6.824200335388876e-08
9129,8,6.155223664611124e-08
9130,8,1.3755006e-07
9131,8,1.1916549e-07
9132,8,6.8211213e-08
9133,8,1.1275364e-07
9134,8,1.3370755e-07
9135,8,1.2918084e-07
9136,7,3.74118058202986e-08
9136,8,9.21642541797014e-08
9137,7,1.2855963e-07
9138,7,1.2751347e-07
9139,7,1.2751956e-07
9140,7,1.2782868e-07
9141,7,1.2718675e-07
9142,7,1.279077e-07
9143,7,9.049366164255625e-08
9143,8,3.825783835744376e-08
9144,8,1.2999667e-07
9145,8,1.3840988e-07
9146,8,1.7318536e-07
9147,8,6.8366691e-08
9148,8,7.4436875e-08
9149,8,1.6524757e-07
9150,8,1.3802423e-07
9151,8,1.3513011e-07
9152,8,1.2394954e-07
9153,8,1.2499919e-07
9154,8,1.2504549e-07
9155,8,1.2459971e-07
9156,8,1.3561554e-07
9157,8,1.3506879e-07
9158,8,1.3735975e-07
9159,8,1.2641285e-07
9160,8,6.8154467e-08
9161,8,1.3287132e-07
9162,8,1.1783337e-07
9163,8,1.2962424e-07
9164,8,1.3215622e-07
9165,8,1.2573348e-07
9166,8,1.5844864e-07
9167,8,1.1189363e-07
9168,8,7.0360927e-08
9169,8,1.130143e-07
9170,8,5.8616931e-08
9171,8,1.012139e-07
9172,8,6.4247508e-08
9173,8,1.367855e-07
9174,8,1.5950729e-07
9175,8,4.6787724e-08
9176,8,1.2666888e-07
9177,8,1.3990057e-07
9178,8,1.1703616e-07
9179,8,1.1804893e-07
9180,8,1.253571e-07
9181,8,8.543574e-08
9182,8,1.0522507e-07
9183,8,1.1483873e-07
9184,8,1.1442315e-07
9185,8,1.2558751e-07
9186,8,1.298124e-07
9187,8,1.3214067e-07
9188,8,1.1458923e-07
9189,8,1.1696987e-07
9190,8,1.1736054e-07
9191,8,1.1938296e-07
9192,8,1.2409362e-07
9193,8,1.3215434e-07
9194,8,1.2992315e-07
9195,8,1.16509e-07
9196,8,1.1327823e-07
9197,8,1.190252e-07
9198,8,1.1712704e-07
9199,8,9.9465916e-08
9200,8,1.2544666e-07
9201,8,1.1758044e-07
9202,8,1.0386262e-07
9203,8,8.4257389e-08
9204,8,1.1428601e-07
9205,8,1.1436847e-07
9206,8,1.5862237e-07
9207,8,1.3180846e-07
9208,8,4.8048884e-08
9209,8,1.4142254e-07
9210,8,1.2529053e-07
9211,8,1.1273502e-07
9212,8,6.9668328e-08
9213,8,1.0207383e-07
9214,8,5.8776462e-08
9215,8,7.3853751e-08
9216,8,1.2321451e-07
9217,8,6.4389911e-08
9218,8,1.104391e-07
9219,8,1.22987e-07
9220,8,1.6801378e-07
9221,8,1.3786421e-07
9222,8,6.8409342e-08
9223,8,1.1114176e-07
9224,8,1.5106996e-07
9225,8,1.2362383e-07
9226,8,7.6955009e-08
9227,8,1.3722523e-07
9228,8,1.639198e-07
9229,8,1.1234534e-07
9230,8,6.5808026e-08
9231,8,1.2514715e-07
9232,8,1.4871277e-07
9233,8,1.2619295e-07
9234,8,7.4451323e-08
9235,8,1.1077053e-07
9236,8,6.3394747e-08
9237,8,6.8268187e-08
9238,8,5.1014242e-08
9239,8,8.6980381e-08
9240,8,1.2121644e-07
9241,8,1.7296527e-07
9242,8,7.8305634e-08
9243,8,1.0356299e-07
9244,8,1.5594274e-07
9245,8,1.7312542e-07
9246,8,1.1305702e-07
9247,8,7.937892e-08
9248,8,1.525912e-07
9249,8,9.7264775e-08
9250,8,6.7402919e-08
9251,8,4.9359332e-08
9252,8,6.7668644e-08
9253,8,5.1155345e-08
9254,8,1.3193137e-07
9255,8,1.3036956e-07
9256,8,1.1915938e-07
9257,8,5.5644953e-08
9258,8,1.1261984e-07
9259,8,1.1215853e-07
9260,8,1.1952303e-07
9261,8,7.8020956e-08
9262,8,1.1955997e-07
9263,8,1.3154855e-07
9264,8,1.1178131e-07
9265,8,5.5098488e-08
9266,8,1.2058988e-07
9267,8,1.1417423e-07
9268,8,6.8739623e-08
9269,8,5.0827307e-08
9270,8,1.1312061e-07
9271,8,9.3499948e-08
9272,8,1.7414189e-07
9273,8,1.0181754e-07
9274,8,8.1840796e-08
9275,8,1.56863e-07
9276,8,1.7308659e-07
9277,8,9.1325363e-08
9278,8,1.021375e-07
9279,8,1.533649e-07
9280,8,7.9229461e-08
9281,8,7.3106574e-08
9282,8,1.2527457e-07
9283,8,6.3313665e-08
9284,8,1.1132094e-07
9285,8,1.2792812e-07
9286,8,6.3766289e-08
9287,8,1.1179939e-07
9288,8,1.6494467e-07
9289,8,1.2618191e-07
9290,8,1.3830037e-07
9291,8,6.8364134e-08
9292,8,1.5143453e-07
9293,8,1.1449679e-07
9294,8,1.2444806e-07
9295,8,7.7283913e-08
9296,8,1.3572922e-07
9297,8,1.1946824e-07
9298,8,1.5021423e-07
9299,8,6.8450076e-08
9300,8,1.2398622e-07
9301,8,1.1325528e-07
9302,8,6.9133476e-08
9303,8,1.111868e-07
9304,8,5.9119372e-08
9305,8,1.0099827e-07
9306,8,1.1259414e-07
9307,8,5.9512618e-08
9308,8,1.0123943e-07
9309,8,1.3627659e-07
9310,8,6.1954125e-08
9311,8,1.5723145e-07
9312,8,1.2496563e-07
9313,8,4.7821523e-08
9314,8,1.411905e-07
9315,8,1.5655823e-07
9316,8,6.187907e-08
9317,8,1.2573367e-07
9318,8,1.4121624e-07
9319,8,4.6281864e-08
9320,8,1.1802062e-07
9321,8,1.1820437e-07
9322,8,1.2570116e-07
9323,8,8.4777665e-08
9324,8,1.1432686e-07
9325,8,1.0575911e-07
9326,8,1.1422129e-07
9327,8,1.3007841e-07
9328,8,1.2651225e-07
9329,8,1.3246885e-07
9330,8,1.1411786e-07
9331,8,1.1694955e-07
9332,8,1.1699622e-07
9333,8,1.1912782e-07
9334,8,1.2432108e-07
9335,8,1.3242176e-07
9336,8,1.2648702e-07
9337,8,1.1685917e-07
9338,8,1.1378072e-07
9339,8,1.1896492e-07
9340,8,1.1789531e-07
9341,8,1.3248255e-07
9342,8,1.2386143e-07
9343,8,1.2993142e-07
9344,8,1.1643023e-07
9345,8,1.1910879e-07
9346,8,1.1295092e-07
9347,8,1.16902e-07
9348,8,1.2549478e-07
9349,8,1.0045506e-07
9350,8,1.1762198e-07
9351,8,1.0408086e-07
9352,8,1.1416353e-07
9353,8,8.3493517e-08
9354,8,1.1441603e-07
9355,8,1.1728642e-07
9356,8,1.1720117e-07
9357,8,9.8260833e-08
9358,8,1.1430677e-07
9359,8,1.034606e-07
9360,8,1.1393456e-07
9361,8,8.3373824e-08
9362,8,1.5660499e-07
9363,8,1.3511619e-07
9364,8,4.7185869e-08
9365,8,1.4016083e-07
9366,8,1.2302706e-07
9367,8,6.509202e-08
9368,8,1.3607867e-07
9369,8,1.4289086e-07
9370,8,4.8652759e-08
9371,8,1.2341969e-07
9372,8,1.1568843e-07
9373,8,7.007534e-08
9374,8,1.0155606e-07
9375,8,5.8423817e-08
9376,8,1.3777309e-07
9377,8,7.8569326e-08
9378,8,1.6426316e-07
9379,8,1.1404153e-07
9380,8,1.2542704e-07
9381,8,6.7093322e-08
9382,8,1.4972168e-07
9383,8,1.2459689e-07
9384,8,1.6324692e-07
9385,8,7.7681578e-08
9386,8,1.2501336e-07
9387,8,1.1329621e-07
9388,8,1.4920212e-07
9389,8,6.7690644e-08
9390,8,7.313578e-08
9391,8,1.0741888e-07
9392,8,6.2240807e-08
9393,8,8.9735298e-08
9394,8,1.1539112e-07
9395,8,1.5691012e-07
9396,8,8.1605282e-08
9397,8,1.0035257e-07
9398,8,1.1867536e-07
9399,8,7.8665124e-08
9400,8,1.3021965e-07
9401,8,1.1156626e-07
9402,8,1.1869003e-07
9403,8,5.5778817e-08
9404,8,1.1124502e-07
9405,8,1.3065656e-07
9406,8,1.3062594e-07
9407,8,7.592447e-08
9408,8,1.2000165e-07
9409,8,1.1241987e-07
9410,8,1.1177269e-07
9411,8,5.4890765e-08
9412,8,5.0289979e-08
9413,8,6.6550387e-08
9414,8,4.9503227e-08
9415,8,1.7189159e-07
9416,8,9.0562369e-08
9417,8,1.0145311e-07
9418,8,1.5460745e-07
9419,8,7.7690678e-08
9420,8,1.1795456e-07
9421,8,8.9556178e-08
9422,8,1.5254717e-07
9423,8,9.9698414e-08
9424,8,7.8606428e-08
9425,8,5.0545396e-08
9426,8,1.6461795e-07
9427,8,1.2182147e-07
9428,8,7.7277932e-08
9429,8,1.2572939e-07
9430,8,1.4842948e-07
9431,8,1.1150872e-07
9432,8,6.4452019e-08
9433,8,7.5148307e-08
9434,8,1.1032947e-07
9435,8,6.3368274e-08
9436,8,1.1175504e-07
9437,8,5.8635185e-08
9438,8,1.0053087e-07
9439,8,1.5670949e-07
9440,8,6.3755007e-08
9441,8,1.2510273e-07
9442,8,1.4130934e-07
9443,8,4.6246566e-08
9444,8,1.2502165e-07
9445,8,1.010619e-07
9446,8,1.1630838e-07
9447,8,1.1495966e-07
9448,8,1.1416606e-07
9449,8,8.4430473e-08
9450,8,1.03563e-07
9451,8,1.3201825e-07
9452,8,1.2382748e-07
9453,8,1.2632245e-07
9454,8,1.1665054e-07
9455,8,1.1842463e-07
9456,8,1.1314098e-07
9457,8,1.1682849e-07
9458,8,1.2980692e-07
9459,8,1.2608952e-07
9460,8,1.230344e-07
9461,8,1.1906138e-07
9462,8,1.1747294e-07
9463,8,1.1762672e-07
9464,8,1.1482749e-07
9465,8,1.1902084e-07
9466,8,1.1739338e-07
9467,8,1.032601e-07
9468,8,1.1470295e-07
9469,8,1.147908e-07
9470,8,1.0606968e-07
9471,8,8.6206607e-08
9472,8,1.3388248e-07
9473,8,6.3344369e-08
9474,8,1.411348e-07
9475,8,1.2558413e-07
9476,8,4.6999807e-08
9477,8,6.9534236e-08
9478,8,1.005927e-07
9479,8,5.8219031e-08
9480,8,1.004548e-07
9481,8,1.2538841e-07
9482,8,1.1841063e-07
9483,8,1.1398581e-07
9484,8,8.2834642e-08
9485,8,1.1356905e-07
9486,8,1.0327094e-07
9487,8,1.2638549e-07
9488,8,1.3000905e-07
9489,8,1.2393796e-07
9490,8,1.190654e-07
9491,8,1.1714927e-07
9492,8,1.1737203e-07
9493,8,1.1258262e-07
9494,8,7.0078335e-08
9495,8,1.0220704e-07
9496,8,5.9338263e-08
9497,8,1.2303651e-07
9498,8,7.3725141e-08
9499,8,1.0870451e-07
9500,8,6.309096e-08
9501,8,1.7534048e-07
9502,8,1.1808566e-07
9503,8,7.976206e-08
9504,8,1.538559e-07
9505,8,1.0102564e-07
9506,8,6.8897086e-08
9507,8,5.0568363e-08
9508,8,1.2632241e-07
9509,8,6.4256099e-08
9510,8,1.097944e-07
9511,8,1.3823246e-07
9512,8,7.7619814e-08
9513,8,1.2383361e-07
9514,8,1.5127225e-07
9515,8,1.2660682e-07
9516,8,6.7149689e-08
9517,8,1.1356e-07
9518,2,4.8817313e-08
9519,2,8.8591413e-08
9520,2,6.5396832e-08
9521,2,1.0595866e-07
9522,2,4.5848562e-08
9523,2,1.1909391e-07
9524,2,1.319506e-07
9525,2,6.0378687e-08
9526,2,1.3310261e-07
9527,2,1.553127e-07
9528,2,9.3294862e-08
9529,2,1.0808712e-07
9530,2,1.1139309e-07
9531,2,9.8051649e-08
9532,2,1.1375404e-07
9533,2,1.1789802e-07
9534,2,1.258648e-07
9535,2,1.0605915e-07
9536,2,1.1642737e-07
9537,2,1.1815737e-07
9538,2,1.1848567e-07
9539,2,1.2049016e-07
9540,2,1.3061009e-07
9541,2,1.3285542e-07
9542,2,1.039456e-07
9543,2,1.1881722e-07
9544,2,1.1724765e-07
9545,2,1.1963484e-07
9546,2,1.1729908e-07
9547,2,1.3281948e-07
9548,2,1.3058256e-07
9549,2,7.9480035e-08
9550,2,1.1453455e-07
9551,2,1.1183597e-07
9552,2,1.1098559e-07
9553,2,9.6485389e-08
9554,2,1.2597177e-07
9555,2,1.1822772e-07
9556,2,1.3304202e-07
9557,2,1.2248353e-07
9558,2,5.8646346e-08
9559,2,1.5273541e-07
9560,2,1.3302921e-07
9561,2,8.9939519e-08
9562,2,5.0842542e-08
9563,2,1.0649337e-07
9564,2,6.5994674e-08
9565,2,5.224971e-08
9566,2,1.0685684e-07
9567,2,6.81519e-08
9568,2,1.2348148e-07
9569,2,1.0416309e-07
9570,2,1.419204e-07
9571,2,1.2359668e-07
9572,2,7.213757e-08
9573,2,1.1749915e-07
9574,2,1.5951434e-07
9575,2,1.3704492e-07
9576,2,1.1881413e-07
9577,2,1.2980347e-07
9578,2,1.2995091e-07
9579,2,1.5520567e-07
9580,2,1.2528643e-07
9581,2,1.3868062e-07
9582,2,1.3663997e-07
9583,2,1.2640379e-07
9584,2,1.2979985e-07
9585,2,1.290879e-07
9586,2,1.2892236e-07
9587,2,1.287633e-07
9588,2,1.3661032e-07
9589,2,1.3700682e-07
9590,2,1.2512273e-07
9591,2,1.2765159e-07
9592,2,1.2696369e-07
9593,2,1.1654987e-07
9594,2,1.1671504e-07
9595,2,1.2511535e-07
9596,2,1.2626953e-07
9597,2,1.2617128e-07
9598,2,1.268279e-07
9599,2,1.2684835e-07
9600,2,1.1849696e-07
9601,2,1.1915236e-07
9602,2,1.2694365e-07
9603,2,1.2706549e-07
9604,2,1.2594059e-07
9605,2,1.2684877e-07
9606,2,1.2686378e-07
9607,2,1.1918009e-07
9608,2,1.1857243e-07
9609,2,1.2708862e-07
9610,2,1.2701544e-07
9611,2,1.2594815e-07
9612,2,1.2716234e-07
9613,2,1.2798027e-07
9614,2,1.1700222e-07
9615,2,1.1714035e-07
9616,2,1.2645169e-07
9617,2,1.2536594e-07
9618,2,1.2459253e-07
9619,2,1.2936909e-07
9620,2,1.2929593e-07
9621,2,1.2869994e-07
9622,2,1.2892262e-07
9623,2,1.3705617e-07
9624,2,1.3624769e-07
9625,2,1.3594369e-07
9626,2,1.2859662e-07
9627,2,1.2873887e-07
9628,2,1.2492674e-07
9629,2,1.5469649e-07
9630,2,1.3593722e-07
9631,2,1.3818e-07
9632,2,5.7259852e-08
9633,2,1.2428388e-07
9634,2,1.4318025e-07
9635,2,1.2071183e-07
9636,2,7.2612149e-08
9637,2,1.3808166e-07
9638,2,1.6100064e-07
9639,2,1.0580949e-07
9640,2,5.3235806e-08
9641,2,1.2172404e-07
9642,2,6.8661537e-08
9643,2,2.3665816e-08
9644,2,5.9004101e-08
9645,2,7.0436101e-08
9646,2,8.420571e-08
9647,2,1.4211144e-07
9648,2,8.5527381e-08
9649,2,1.0436792e-07
9650,2,1.6438824e-07
9651,2,1.2190623e-07
9652,2,1.295948e-07
9653,2,1.3279662e-07
9654,2,1.4178279e-07
9655,2,1.2839245e-07
9656,2,1.3265566e-07
9657,2,1.4007934e-07
9658,2,1.3221238e-07
9659,2,1.331646e-07
9660,2,1.3160511e-07
9661,2,1.2577324e-07
9662,2,1.2627446e-07
9663,2,1.3092649e-07
9664,2,1.3177515e-07
9665,2,1.3043163e-07
9666,1,3.3883007692503696e-08
9666,2,9.634649230749631e-08
9667,1,8.576550818594302e-08
9667,2,4.3038321814056986e-08
9668,2,1.2499061e-07
9669,2,1.235641e-07
9670,1,3.452663173836614e-08
9670,2,9.671679826163387e-08
9671,1,8.895852643650319e-08
9671,2,4.1307603563496805e-08
9672,1,4.3314950074323e-08
9672,2,8.491395992567699e-08
9673,1,1.2769835e-07
9674,1,1.2682618e-07
9675,1,4.637179623229253e-09
9675,2,1.1843965037677074e-07
9676,1,4.230088071069432e-08
9676,2,8.539364928930568e-08
9677,1,1.297019e-07
9678,1,1.2893067e-07
9679,1,9.467822918603813e-08
9679,2,3.1782940813961864e-08
9680,1,1.2618657e-07
9681,1,1.2578895e-07
9682,1,6.974692542962259e-08
9682,2,5.318758457037742e-08
9683,1,9.397093437393737e-08
9683,2,3.3981935626062653e-08
9684,1,1.2826767e-07
9685,1,1.2797244e-07
9686,1,1.1643307545266784e-07
9686,2,9.672854547332145e-09
9687,1,1.2559449e-07
9688,1,1.2552728e-07
9689,1,1.0829476397225593e-07
9689,2,2.004267602774407e-08
9690,1,1.1597868501234967e-07
9690,2,1.255506498765033e-08
9691,1,1.2826147e-07
9692,1,1.2859976e-07
9693,1,1.0920400938180052e-07
9693,2,1.702512061819949e-08
9694,1,1.2553127e-07
9695,1,1.2561242e-07
9696,1,1.1599073494696837e-07
9696,2,1.2560855053031627e-08
9697,1,1.0831059116624515e-07
9697,2,2.0071538833754863e-08
9698,1,1.2860855e-07
9699,1,1.2828174e-07
9700,1,7.274363362534927e-08
9700,2,5.4466536374650724e-08
9701,1,1.2582608e-07
9702,1,1.2621229e-07
9703,1,9.398739414434722e-08
9703,2,3.406059585565278e-08
9704,1,6.975199320313497e-08
9704,2,5.3258396796865025e-08
9705,1,1.2800679e-07
9706,1,1.2827303e-07
9707,1,6.676489567278129e-09
9707,2,1.2229191043272185e-07
9708,1,1.2676061e-07
9709,1,1.2744189e-07
9710,1,4.236416014716458e-08
9710,2,8.523829985283543e-08
9711,1,4.923540791399383e-09
9711,2,1.1785584920860062e-07
9712,1,1.2884493e-07
9713,1,1.2946895e-07
9714,2,1.3117524e-07
9715,1,8.593851957051359e-08
9715,2,4.2437940429486435e-08
9716,1,3.434977451437572e-08
9716,2,9.536399548562429e-08
9717,2,1.2313808e-07
9718,2,1.2453924e-07
9719,1,8.915453328783742e-08
9719,2,4.0766266712162586e-08
9720,1,3.498079257068037e-08
9720,2,9.587837742931963e-08
9721,2,1.3065191e-07
9722,2,1.3115953e-07
9723,2,1.3262965e-07
9724,2,1.2608213e-07
9725,2,1.2605445e-07
9726,2,1.3147466e-07
9727,2,1.3074698e-07
9728,2,1.2580865e-07
9729,2,1.3142106e-07
9730,2,1.2833475e-07
9731,2,1.2867301e-07
9732,2,1.450701e-07
9733,2,1.4004025e-07
9734,2,1.3375011e-07
9735,2,1.4317302e-07
9736,2,8.3891039e-08
9737,2,9.0324649e-08
9738,2,1.6776128e-07
9739,2,1.0328197e-07
9740,2,2.0591412e-08
9741,2,5.4999425e-08
9742,2,4.6956961e-08
9743,2,6.3317974e-08
9744,2,9.9547037e-08
9745,2,1.0599462e-07
9746,2,1.129266e-07
9747,2,7.4694581e-08
9748,2,1.238981e-07
9749,2,1.2592204e-07
9750,2,1.1641453e-07
9751,2,1.3792804e-07
9752,2,1.3343503e-07
9753,2,1.3664476e-07
9754,2,1.2006067e-07
9755,2,1.3468476e-07
9756,2,1.2645146e-07
9757,2,1.40788e-07
9758,2,1.3399735e-07
9759,2,1.3469563e-07
9760,1,6.155969716521767e-08
9760,2,7.014056283478234e-08
9761,2,1.270278e-07
9762,2,1.3190495e-07
9763,2,1.3198078e-07
9764,1,6.501966139956068e-08
9764,2,6.748251860043931e-08
9765,1,9.241165916044899e-08
9765,2,3.727301083955101e-08
9766,1,1.2939712e-07
9767,1,1.2775301e-07
9768,1,2.1910946874084085e-08
9768,2,1.055425331259159e-07
9769,1,9.166742352327052e-08
9769,2,3.997234647672948e-08
9770,1,1.3157838e-07
9771,1,1.3034382e-07
9772,1,1.2710803e-07
9773,1,1.2668894e-07
9774,1,1.2602153e-07
9775,1,1.3096727e-07
9776,1,1.3038671e-07
9777,1,1.2980024e-07
9778,1,1.2953005e-07
9779,1,1.2587849e-07
9780,1,1.2561768e-07
9781,1,1.2537031e-07
9782,1,1.2973332e-07
9783,1,1.2906905e-07
9784,1,1.2904503e-07
9785,1,1.2871409e-07
9786,1,1.253452e-07
9787,1,1.2522059e-07
9788,1,1.2513236e-07
9789,1,1.2843078e-07
9790,1,1.2809151e-07
9791,1,1.2846112e-07
9792,1,1.283142e-07
9793,1,1.2520451e-07
9794,1,1.2508776e-07
9795,1,1.2507055e-07
9796,1,1.2813688e-07
9797,1,1.2831264e-07
9798,1,1.2824532e-07
9799,1,1.2822863e-07
9800,1,1.2525009e-07
9801,1,1.2507153e-07
9802,1,1.250905e-07
9803,1,1.2831695e-07
9804,1,1.2814445e-07
9805,1,1.2823024e-07
9806,1,1.282473e-07
9807,1,1.2554916e-07
9808,1,1.2513527e-07
9809,1,1.2521833e-07
9810,1,1.2810269e-07
9811,1,1.2842374e-07
9812,1,1.2831508e-07
9813,1,1.2844999e-07
9814,1,1.2626252e-07
9815,1,1.2535036e-07
9816,1,1.2556512e-07
9817,1,1.2901458e-07
9818,1,1.2960548e-07
9819,1,1.2867792e-07
9820,1,1.2896958e-07
9821,1,1.2789724e-07
9822,1,1.2592475e-07
9823,1,1.2653481e-07
9824,1,1.3017743e-07
9825,1,1.3069928e-07
9826,1,1.2940522e-07
9827,1,1.296258e-07
9828,1,2.55953192699461e-08
9828,2,1.0544926073005391e-07
9829,1,1.2750892e-07
9830,1,1.2902297e-07
9831,1,9.199086279528815e-08
9831,2,3.9332767204711837e-08
9832,1,2.2553578212874824e-08
9832,2,1.0451688178712517e-07
9833,1,1.3010227e-07
9834,1,1.312611e-07
9835,2,1.3566837e-07
9836,1,6.204245906111011e-08
9836,2,6.913534093888989e-08
9837,2,1.3390645e-07
9838,2,1.3154208e-07
9839,2,1.269048e-07
9840,1,6.554233813219878e-08
9840,2,6.659348186780122e-08
9841,2,1.316004e-07
9842,2,1.3542589e-07
9843,2,1.3595883e-07
9844,2,1.3274771e-07
9845,2,1.3507579e-07
9846,2,1.1927324e-07
9847,2,1.4045226e-07
9848,2,1.2592706e-07
9849,2,5.676611e-08
9850,2,1.1133105e-07
9851,2,1.0796724e-07
9852,2,1.2285494e-07
9853,2,7.68153e-08
9854,2,1.1639103e-07
9855,2,1.2838647e-07
9856,2,4.8156545e-08
9857,2,6.5051952e-08
9858,2,9.9278125e-08
9859,2,7.2011518e-08
9860,2,1.4675038e-07
9861,2,1.1090158e-07
9862,2,8.7558714e-08
9863,2,1.6787922e-07
9864,2,1.2450817e-07
9865,2,1.302217e-07
9866,2,1.3028113e-07
9867,2,1.1617498e-07
9868,2,1.2285007e-07
9869,2,1.3235245e-07
9870,2,1.3747138e-07
9871,2,1.3267486e-07
9872,2,1.3050792e-07
9873,1,9.209309743347625e-08
9873,2,3.761812256652373e-08
9874,2,1.2010242e-07
9875,2,1.2990845e-07
9876,2,1.2853784e-07
9877,1,9.593524570711341e-08
9877,2,3.4560794292886584e-08
9878,1,1.2908806e-07
9879,1,1.2840865e-07
9880,1,1.2715821e-07
9881,1,8.025385449358599e-08
9881,2,4.655539550641399e-08
9882,1,1.3120244e-07
9883,1,1.3048957e-07
9884,1,1.2970797e-07
9885,1,1.2643441e-07
9886,1,1.262388e-07
9887,1,1.2566502e-07
9888,1,1.3026738e-07
9889,1,1.2953298e-07
9890,1,1.2931091e-07
9891,1,1.2911409e-07
9892,1,1.2545408e-07
9893,1,1.2535121e-07
9894,1,1.2518234e-07
9895,1,1.2904328e-07
9896,1,1.2885791e-07
9897,1,1.2873098e-07
9898,1,1.2849721e-07
9899,1,1.2514674e-07
9900,1,1.2509973e-07
9901,1,1.2505275e-07
9902,1,1.285995e-07
9903,1,1.2841094e-07
9904,1,1.2835052e-07
9905,1,1.2825178e-07
9906,1,1.2504755e-07
9907,0,2.394082168305646e-08
9907,1,1.0108921831694353e-07
9908,0,5.310795892809546e-08
9908,1,7.190770107190455e-08
9909,1,1.2829841e-07
9910,1,1.2821216e-07
9911,0,2.6359863258222367e-08
9911,1,1.0183805674177764e-07
9912,0,5.7177384341266854e-08
9912,1,7.098071565873313e-08
9913,1,1.2502229e-07
9914,0,7.284996375256961e-08
9914,1,5.215962624743038e-08
9915,0,8.281331009909689e-08
9915,1,4.219324990090311e-08
9916,1,1.2817548e-07
9917,1,1.2815429e-07
9918,0,7.655985263615132e-08
9918,1,5.1581177363848704e-08
9919,0,8.708342010672442e-08
9919,1,4.104759989327557e-08
9920,1,1.2503107e-07
9921,0,8.281333470914589e-08
9921,1,4.219336529085411e-08
9922,0,7.285001970817289e-08
9922,1,5.215985029182712e-08
9923,1,1.281549e-07
9924,1,1.2817571e-07
9925,0,8.708370370375364e-08
9925,1,4.104751629624637e-08
9926,0,7.656044001014113e-08
9926,1,5.158027998985887e-08
9927,1,1.2508356e-07
9928,0,5.31080734193945e-08
9928,1,7.190778658060551e-08
9929,0,2.3941472078782502e-08
9929,1,1.0108772792121751e-07
9930,1,1.2821139e-07
9931,1,1.282918e-07
9932,0,5.717884794201407e-08
9932,1,7.097814205798592e-08
9933,0,2.636353183199433e-08
9933,1,1.0183001816800567e-07
9934,1,1.2523812e-07
9935,1,1.250492e-07
9936,1,1.2509093e-07
9937,1,1.2839276e-07
9938,1,1.2856371e-07
9939,1,1.2824175e-07
9940,1,1.2833136e-07
9941,1,1.2573948e-07
9942,1,1.2516572e-07
9943,1,1.2532162e-07
9944,1,1.2879613e-07
9945,1,1.2895376e-07
9946,1,1.2846436e-07
9947,1,1.2868158e-07
9948,1,1.2729388e-07
9949,1,1.2561306e-07
9950,1,1.2614994e-07
9951,1,1.2939608e-07
9952,1,1.3008143e-07
9953,1,1.2903537e-07
9954,1,1.2920078e-07
9955,1,8.441899738205687e-08
9955,2,4.630590261794314e-08
9956,1,1.2701841e-07
9957,1,1.2821035e-07
9958,1,1.3095128e-07
9959,1,8.062256498163903e-08
9959,2,4.590689501836098e-08
9960,1,1.2954775e-07
9961,1,1.3029614e-07
9962,2,1.3127908e-07
9963,1,9.233247261215765e-08
9963,2,3.709692738784237e-08
9964,2,1.3012112e-07
9965,2,1.2963446e-07
9966,2,1.198399e-07
9967,1,9.622979433662037e-08
9967,2,3.402841566337961e-08
9968,2,1.2831139e-07
9969,2,1.1228065e-07
9970,2,1.2972236e-07
9971,2,1.2934948e-07
9972,2,1.230469e-07
9973,2,1.1735712e-07
9974,2,1.3744736e-07
9975,2,1.328537e-07
9976,2,1.495068e-07
9977,2,7.4637201e-08
9978,2,1.1274839e-07
9979,2,1.703941e-07
9980,2,8.8510634e-08
9981,2,5.1646868e-08
9982,2,1.0103502e-07
9983,2,6.8534619e-08
9984,2,1.1729386e-07
9985,2,1.2819897e-07
9986,2,1.202513e-07
9987,2,1.3095612e-07
9988,2,1.4375781e-07
9989,2,1.3321247e-07
9990,2,1.2691212e-07
9991,2,1.3911197e-07
9992,2,1.3085959e-07
9993,2,1.3165431e-07
9994,1,6.2938633636846e-08
9994,2,6.6753826363154e-08
9995,2,1.2490816e-07
9996,2,1.2958168e-07
9997,2,1.3038891e-07
9998,1,6.635975839253361e-08
9998,2,6.458310160746639e-08
9999,1,1.2781233e-07
10000,1,1.2786571e-07
10001,1,1.2663206e-07
10002,1,8.118373977408638e-08
10002,2,4.4128930225913615e-08
10003,1,1.2997416e-07
10004,1,1.3011869e-07
10005,1,1.2917901e-07
10006,1,1.2604238e-07
10007,1,1.2590152e-07
10008,1,1.2547258e-07
10009,1,1.2948326e-07
10010,1,1.2907083e-07
10011,1,1.289093e-07
10012,1,1.2884179e-07
10013,1,1.2529099e-07
10014,1,1.252424e-07
10015,1,1.2511652e-07
10016,1,1.2873544e-07
10017,1,1.2864335e-07
10018,1,1.2856314e-07
10019,1,1.2837983e-07
10020,1,1.2507722e-07
10021,0,3.357310014135216e-08
10021,1,9.148763985864784e-08
10022,0,1.0290653317290442e-07
10022,1,2.2122706827095576e-08
10023,1,1.2846037e-07
10024,1,1.2831926e-07
10025,0,3.500524622925864e-08
10025,1,9.327683377074138e-08
10026,0,1.0822070107781792e-07
10026,1,1.9981118922182078e-08
10027,0,1.029163268584887e-07
10027,1,2.210738314151131e-08
10028,0,1.2501803e-07
10029,0,1.2500899e-07
10030,0,5.1243108378415846e-08
10030,1,7.701726162158416e-08
10031,0,1.0373750512589618e-07
10031,1,2.4454584874103805e-08
10032,0,1.2817535e-07
10033,0,1.2814031e-07
10034,0,1.2500814e-07
10035,0,1.2500662e-07
10036,0,1.2500341e-07
10037,0,1.2817509e-07
10038,0,1.2814148e-07
10039,0,1.2813478e-07
10040,0,1.2811968e-07
10041,0,1.2500405e-07
10042,0,1.2500288e-07
10043,0,1.2500205e-07
10044,0,1.2813661e-07
10045,0,1.281267e-07
10046,0,1.281188e-07
10047,0,1.2811449e-07
10048,0,1.2500593e-07
10049,0,1.2500207e-07
10050,0,1.2500285e-07
10051,0,1.2812677e-07
10052,0,1.2813609e-07
10053,0,1.2811457e-07
10054,0,1.2811843e-07
10055,0,1.2501502e-07
10056,0,1.2500335e-07
10057,0,1.2500634e-07
10058,0,1.2814064e-07
10059,0,1.2817245e-07
10060,0,1.2811923e-07
10061,0,1.2813328e-07
10062,0,5.309020982220753e-08
10062,1,7.195141017779245e-08
10063,0,1.250084e-07
10064,0,1.2501666e-07
10065,0,1.0374034934389971e-07
10065,1,2.4446920656100297e-08
10066,0,5.125076089230899e-08
10066,1,7.7000549107691e-08
10067,0,1.2813792e-07
10068,0,1.2817066e-07
10069,1,1.2514034e-07
10070,0,1.0290781551155639e-07
10070,1,2.211896448844361e-08
10071,0,3.357680578676759e-08
10071,1,9.14793142132324e-08
10072,1,1.2830443e-07
10073,1,1.2843758e-07
10074,0,1.0822558863562536e-07
10074,1,1.996882136437464e-08
10075,0,3.501740731509934e-08
10075,1,9.325271268490067e-08
10076,1,1.2552957e-07
10077,1,1.2510821e-07
10078,1,1.2522656e-07
10079,1,1.2860618e-07
10080,1,1.2868224e-07
10081,1,1.2836033e-07
10082,1,1.2853358e-07
10083,1,1.2667441e-07
10084,1,1.2544338e-07
10085,1,1.2584669e-07
10086,1,1.2898514e-07
10087,1,1.2936979e-07
10088,1,1.2879225e-07
10089,1,1.2883722e-07
10090,1,8.531629529455386e-08
10090,2,4.354090470544614e-08
10091,1,1.2653082e-07
10092,1,1.2768316e-07
10093,1,1.2980151e-07
10094,1,8.15138716230358e-08
10094,2,4.358724837696418e-08
10095,1,1.290626e-07
10096,1,1.2996157e-07
10097,2,1.3188298e-07
10098,1,6.31639561551201e-08
10098,2,6.63100138448799e-08
10099,2,1.3137523e-07
10100,2,1.2939635e-07
10101,2,1.2484472e-07
10102,1,6.660941123055105e-08
10102,2,6.416050876944895e-08
10103,2,1.3026682e-07
10104,2,1.2343871e-07
10105,2,1.3015707e-07
10106,2,1.189214e-07
10107,2,1.3366852e-07
10108,2,1.4344114e-07
10109,2,1.3901748e-07
10110,2,1.2726825e-07
10111,2,1.0006463e-07
10112,2,6.7768399e-08
10113,2,1.2024075e-07
10114,2,1.4246356e-07
10115,2,1.0629429e-07
10116,2,1.2518434e-07
10117,2,7.5023481e-08
10118,2,1.6151366e-07
10119,2,1.1749967e-07
10120,2,1.3784156e-07
10121,2,1.3248683e-07
10122,2,1.3254593e-07
10123,2,1.3168789e-07
10124,2,1.2609984e-07
10125,2,1.304915e-07
10126,2,1.2658016e-07
10127,2,1.3173989e-07
10128,1,1.2841921e-07
10129,1,9.275743245987897e-08
10129,2,3.655256754012103e-08
10130,1,1.2735466e-07
10131,1,2.3041537344734078e-08
10131,2,1.0356472265526593e-07
10132,1,1.3066218e-07
10133,1,9.212165453553654e-08
10133,2,3.919648546446346e-08
10134,1,1.2990912e-07
10135,1,1.2592927e-07
10136,1,1.2615412e-07
10137,1,1.2551838e-07
10138,1,1.2963986e-07
10139,1,1.2895224e-07
10140,1,1.2921194e-07
10141,1,1.2890828e-07
10142,1,1.252166e-07
10143,1,1.252305e-07
10144,1,1.2509739e-07
10145,1,1.2859604e-07
10146,1,1.2852388e-07
10147,1,1.2855015e-07
10148,1,1.2834257e-07
10149,0,5.307797607649052e-08
10149,1,7.197440392350949e-08
10150,0,5.307964290407216e-08
10150,1,7.196856709592784e-08
10151,0,1.2502124e-07
10152,1,1.2838376e-07
10153,0,5.413178747986168e-08
10153,1,7.413419252013832e-08
10154,0,5.4137048446361984e-08
10154,1,7.411960155363803e-08
10155,0,1.2817899e-07
10156,0,1.2501655e-07
10157,0,1.2501433e-07
10158,0,1.2500701e-07
10159,0,1.2823278e-07
10160,0,1.2817492e-07
10161,0,1.2816607e-07
10162,0,1.2813189e-07
10163,0,1.2500745e-07
10164,0,1.250066e-07
10165,0,1.2500371e-07
10166,0,1.2817319e-07
10167,0,1.2814069e-07
10168,0,1.2813511e-07
10169,0,1.2811838e-07
10170,0,1.2500432e-07
10171,0,1.2500404e-07
10172,0,1.2500274e-07
10173,0,1.2814354e-07
10174,0,1.2812646e-07
10175,0,1.2812247e-07
10176,0,1.2811437e-07
10177,0,1.2500345e-07
10178,0,1.2500296e-07
10179,0,1.2500256e-07
10180,0,1.2812827e-07
10181,0,1.281228e-07
10182,0,1.2811659e-07
10183,0,1.2811405e-07
10184,0,1.2500414e-07
10185,0,1.2500258e-07
10186,0,1.2500293e-07
10187,0,1.2812289e-07
10188,0,1.2812783e-07
10189,0,1.2811416e-07
10190,0,1.281163e-07
10191,0,1.2500664e-07
10192,0,1.2500271e-07
10193,0,1.250039e-07
10194,0,1.2812612e-07
10195,0,1.2814235e-07
10196,0,1.2811425e-07
10197,0,1.2812175e-07
10198,0,1.250124e-07
10199,0,1.2500356e-07
10200,0,1.2500625e-07
10201,0,1.2813933e-07
10202,0,1.2817032e-07
10203,0,1.2811775e-07
10204,0,1.2813347e-07
10205,0,1.2502981e-07
10206,0,1.2500654e-07
10207,0,1.2501341e-07
10208,0,1.2817133e-07
10209,0,1.2822655e-07
10210,0,1.2813009e-07
10211,0,1.281625e-07
10212,1,1.2510309e-07
10213,0,1.2501983e-07
10214,0,5.30816670179855e-08
10214,1,7.196378298201451e-08
10215,0,5.4141647793716875e-08
10215,1,7.411524220628313e-08
10216,1,1.2836928e-07
10217,0,1.2817417e-07
10218,0,5.414452009873062e-08
10218,1,7.410356990126938e-08
10219,1,1.2543161e-07
10220,1,1.2509229e-07
10221,1,1.2522031e-07
10222,1,1.2849963e-07
10223,1,1.2855903e-07
10224,1,1.2832908e-07
10225,1,1.2852758e-07
10226,1,1.2676701e-07
10227,1,1.2549853e-07
10228,1,1.2611957e-07
10229,1,1.2888778e-07
10230,1,1.295494e-07
10231,1,1.2887057e-07
10232,1,1.2915291e-07
10233,1,2.608626585762236e-08
10233,2,1.0436119414237764e-07
10234,1,1.272884e-07
10235,1,9.266732097325168e-08
10235,2,3.6485769026748324e-08
10236,1,1.305308e-07
10237,1,2.30986911691207e-08
10237,2,1.0335470883087929e-07
10238,1,1.2980553e-07
10239,1,9.206152630486093e-08
10239,2,3.907030369513907e-08
10240,2,1.3021768e-07
10241,2,1.3136908e-07
10242,2,1.3182331e-07
10243,2,1.3024589e-07
10244,2,1.2565364e-07
10245,2,1.3142034e-07
10246,2,1.2612636e-07
10247,2,5.6564731e-08
10248,2,1.2473883e-07
10249,2,1.0637346e-07
10250,2,1.612208e-07
10251,2,7.4866864e-08
10252,2,1.3822391e-07
10253,2,1.2049739e-07
10254,2,4.9206923e-08
10255,2,8.9948247e-08
10256,2,6.6793642e-08
10257,2,1.0731749e-07
10258,2,1.3078628e-07
10259,2,1.1939721e-07
10260,2,1.3025517e-07
10261,2,1.5380958e-07
10262,2,1.3882305e-07
10263,2,1.2573391e-07
10264,2,1.3688911e-07
10265,1,3.4123233868610786e-08
10265,2,9.620960613138922e-08
10266,2,1.3091626e-07
10267,1,8.592873559965644e-08
10267,2,4.291237440034357e-08
10268,2,1.2529308e-07
10269,1,3.482623845328074e-08
10269,2,9.645821154671924e-08
10270,2,1.238138e-07
10271,1,8.915449900699303e-08
10271,2,4.1161850993007e-08
10272,1,1.2655001e-07
10273,1,1.2708936e-07
10274,1,1.2597755e-07
10275,1,1.3086778e-07
10276,1,1.2961695e-07
10277,1,1.303634e-07
10278,1,1.2945751e-07
10279,1,1.2529182e-07
10280,1,1.2541657e-07
10281,1,1.2515985e-07
10282,1,1.289055e-07
10283,1,1.2863298e-07
10284,1,1.2879891e-07
10285,1,1.2845101e-07
10286,0,3.35784487171463e-08
10286,1,9.14723912828537e-08
10287,1,1.2506617e-07
10288,0,1.0290750324375191e-07
10288,1,2.2117106756248104e-08
10289,1,1.2841347e-07
10290,0,3.502011330720615e-08
10290,1,9.323984669279385e-08
10291,1,1.282952e-07
10292,0,1.0822377407155319e-07
10292,1,1.9965105928446807e-08
10293,0,1.2501369e-07
10294,0,1.2501481e-07
10295,0,1.2500645e-07
10296,0,1.2822535e-07
10297,0,1.2816433e-07
10298,0,1.281697e-07
10299,0,1.2812993e-07
10300,0,1.2500679e-07
10301,0,1.2500662e-07
10302,0,1.2500367e-07
10303,0,1.2816948e-07
10304,0,1.2813707e-07
10305,0,1.2813646e-07
10306,0,1.2811745e-07
10307,0,1.2500478e-07
10308,0,1.2500462e-07
10309,0,1.2500314e-07
10310,0,1.2814571e-07
10311,0,1.2812692e-07
10312,0,1.2812515e-07
10313,0,1.2811484e-07
10314,0,1.2500397e-07
10315,0,1.2500379e-07
10316,0,1.2500304e-07
10317,0,1.2813275e-07
10318,0,1.281225e-07
10319,0,1.2811994e-07
10320,0,1.2811461e-07
10321,0,1.2500377e-07
10322,0,1.2500337e-07
10323,0,1.2500312e-07
10324,0,1.2812526e-07
10325,0,1.2812187e-07
10326,0,1.2811705e-07
10327,0,1.2811528e-07
10328,0,1.2500417e-07
10329,0,1.2500314e-07
10330,0,1.2500332e-07
10331,0,1.2812197e-07
10332,0,1.2812488e-07
10333,0,1.281154e-07
10334,0,1.2811677e-07
10335,0,1.2500515e-07
10336,0,1.2500305e-07
10337,0,1.2500371e-07
10338,0,1.2812239e-07
10339,0,1.2813202e-07
10340,0,1.281146e-07
10341,0,1.2811941e-07
10342,0,1.2500706e-07
10343,0,1.2500309e-07
10344,0,1.2500444e-07
10345,0,1.2812644e-07
10346,0,1.2814437e-07
10347,0,1.2811463e-07
10348,0,1.2812421e-07
10349,0,1.2501136e-07
10350,0,1.2500351e-07
10351,0,1.2500627e-07
10352,0,1.2813601e-07
10353,0,1.2816704e-07
10354,0,1.2811685e-07
10355,0,1.281347e-07
10356,0,1.2502746e-07
10357,0,1.2500609e-07
10358,0,1.2501411e-07
10359,0,1.2816187e-07
10360,0,1.2822055e-07
10361,0,1.2812843e-07
10362,0,1.2816621e-07
10363,1,1.2512156e-07
10364,0,1.0290793787320361e-07
10364,1,2.2115822126796392e-08
10365,1,1.2506461e-07
10366,0,3.502662058603807e-08
10366,1,9.322688941396193e-08
10367,1,1.284021e-07
10368,0,1.0822595263931926e-07
10368,1,1.9958987360680747e-08
10369,1,1.2828734e-07
10370,1,1.2568776e-07
10371,1,1.251569e-07
10372,1,1.2540674e-07
10373,1,1.2861358e-07
10374,1,1.2887113e-07
10375,1,1.2843864e-07
10376,1,1.2877391e-07
10377,1,1.2797108e-07
10378,1,1.2594605e-07
10379,1,1.2699316e-07
10380,1,1.2954365e-07
10381,1,1.3071776e-07
10382,1,1.2940219e-07
10383,1,1.3024616e-07
10384,2,1.3156944e-07
10385,1,8.598447736945699e-08
10385,2,4.260299263054301e-08
10386,2,1.301845e-07
10387,1,3.4915742934582144e-08
10387,2,9.608562706541785e-08
10388,2,1.2480163e-07
10389,1,8.922477147939371e-08
10389,2,4.0849008520606295e-08
10390,2,1.2339998e-07
10391,2,1.3452061e-07
10392,2,1.2946503e-07
10393,2,1.1745502e-07
10394,2,1.3843374e-07
10395,2,1.5443887e-07
10396,2,1.366157e-07
10397,2,1.2586121e-07
10398,2,9.4325159e-08
10399,2,6.5168382e-08
10400,2,1.0918048e-07
10401,2,1.1916276e-07
10402,2,4.3402464e-08
10403,2,1.3208605e-07
10404,2,1.3369877e-07
10405,2,5.9251772e-08
10406,2,1.5355059e-07
10407,2,1.3013433e-07
10408,2,1.2625125e-07
10409,2,1.2890656e-07
10410,2,1.2953309e-07
10411,2,1.3679957e-07
10412,2,1.285687e-07
10413,2,1.3697472e-07
10414,1,1.2766957e-07
10415,1,4.33974684244538e-08
10415,2,8.465466157554621e-08
10416,1,1.2677478e-07
10417,1,4.785039267057995e-09
10417,2,1.18318070732942e-07
10418,1,1.2969831e-07
10419,1,4.236680750558332e-08
10419,2,8.52791424944167e-08
10420,1,1.2889571e-07
10421,1,1.2559853e-07
10422,1,1.2585206e-07
10423,1,1.2535561e-07
10424,1,1.2972057e-07
10425,1,1.2901528e-07
10426,1,1.2904316e-07
10427,1,1.2869297e-07
10428,1,1.2509092e-07
10429,1,1.2513887e-07
10430,1,1.2504876e-07
10431,1,1.2857652e-07
10432,1,1.283313e-07
10433,1,1.2839769e-07
10434,1,1.282418e-07
10435,0,1.2501599e-07
10436,0,1.0291676629501001e-07
10436,1,2.2105023704989995e-08
10437,0,1.2500806e-07
10438,0,5.1251763088733175e-08
10438,1,7.699820691126682e-08
10439,0,1.2816945e-07
10440,0,1.0373931255488974e-07
10440,1,2.444763744511027e-08
10441,0,1.2813706e-07
10442,0,1.2500627e-07
10443,0,1.2500699e-07
10444,0,1.2500352e-07
10445,0,1.2817055e-07
10446,0,1.2813411e-07
10447,0,1.2813923e-07
10448,0,1.2811763e-07
10449,0,1.2500459e-07
10450,0,1.2500471e-07
10451,0,1.2500312e-07
10452,0,1.2814537e-07
10453,0,1.2812514e-07
10454,0,1.2812666e-07
10455,0,1.2811476e-07
10456,0,1.2500411e-07
10457,0,1.2500412e-07
10458,0,1.2500322e-07
10459,0,1.2813397e-07
10460,0,1.2812187e-07
10461,0,1.281219e-07
10462,0,1.2811488e-07
10463,0,1.2500393e-07
10464,0,1.2500382e-07
10465,0,1.2500332e-07
10466,0,1.2812725e-07
10467,0,1.281206e-07
10468,0,1.2811932e-07
10469,0,1.2811548e-07
10470,0,1.2500393e-07
10471,0,1.2500361e-07
10472,0,1.2500344e-07
10473,0,1.281231e-07
10474,0,1.2812085e-07
10475,0,1.281176e-07
10476,0,1.2811629e-07
10477,0,1.2500416e-07
10478,0,1.2500345e-07
10479,0,1.2500358e-07
10480,0,1.2812097e-07
10481,0,1.2812281e-07
10482,0,1.281164e-07
10483,0,1.2811737e-07
10484,0,1.2500463e-07
10485,0,1.2500333e-07
10486,0,1.2500376e-07
10487,0,1.2812059e-07
10488,0,1.2812675e-07
10489,0,1.281155e-07
10490,0,1.281189e-07
10491,0,1.2500541e-07
10492,0,1.2500317e-07
10493,0,1.2500399e-07
10494,0,1.2812172e-07
10495,0,1.2813314e-07
10496,0,1.2811476e-07
10497,0,1.2812119e-07
10498,0,1.2500694e-07
10499,0,1.2500304e-07
10500,0,1.2500451e-07
10501,0,1.2812476e-07
10502,0,1.2814406e-07
10503,0,1.2811445e-07
10504,0,1.281255e-07
10505,0,1.2501179e-07
10506,0,1.2500336e-07
10507,0,1.2500666e-07
10508,0,1.2813334e-07
10509,0,1.2816842e-07
10510,0,1.2811696e-07
10511,0,1.2813727e-07
10512,0,5.309094877271608e-08
10512,1,7.194902122728393e-08
10513,0,1.2500783e-07
10514,0,1.0291693613658631e-07
10514,1,2.2104523863413676e-08
10515,0,1.2816771e-07
10516,0,5.1254549752172996e-08
10516,1,7.6991370247827e-08
10517,0,1.2813567e-07
10518,0,1.037404416951889e-07
10518,1,2.4443148304811093e-08
10519,1,1.2524192e-07
10520,1,1.2504885e-07
10521,1,1.2513948e-07
10522,1,1.2832533e-07
10523,1,1.2856318e-07
10524,1,1.2823849e-07
10525,1,1.2839132e-07
10526,1,1.2630811e-07
10527,1,1.2535464e-07
10528,1,1.2584629e-07
10529,1,1.2898285e-07
10530,1,1.2965423e-07
10531,1,1.2868138e-07
10532,1,1.2902626e-07
10533,1,6.878930756189568e-09
10533,2,1.2212225924381044e-07
10534,1,1.2675891e-07
10535,1,4.3507107581091824e-08
10535,2,8.458554241890818e-08
10536,1,1.2955396e-07
10537,1,5.090486775654268e-09
10537,2,1.1779451322434574e-07
10538,1,1.2886661e-07
10539,1,4.250811636098282e-08
10539,2,8.514885363901719e-08
10540,2,1.2360742e-07
10541,2,1.2920104e-07
10542,2,1.2686537e-07
10543,2,1.3652e-07
10544,2,1.2855817e-07
10545,2,1.3716138e-07
10546,2,1.291597e-07
10547,2,1.330904e-07
10548,2,4.429585e-08
10549,2,1.3118054e-07
10550,2,1.5600593e-07
10551,2,6.0354188e-08
10552,2,1.1034017e-07
10553,2,9.4474727e-08
10554,2,1.1396593e-07
10555,2,9.4649328e-08
10556,2,1.1732911e-07
10557,2,1.1093335e-07
10558,2,1.2585844e-07
10559,2,1.274494e-07
10560,2,1.2512035e-07
10561,2,1.2697095e-07
10562,2,1.1661098e-07
10563,2,1.2510573e-07
10564,2,1.168402e-07
10565,2,1.263471e-07
10566,1,1.26137e-07
10567,1,9.464423194236248e-08
10567,2,3.180937805763751e-08
10568,1,1.2576971e-07
10569,1,6.973471551048593e-08
10569,2,5.316334448951406e-08
10570,1,1.2824703e-07
10571,1,9.390153805978657e-08
10571,2,3.406875194021343e-08
10572,1,1.2797337e-07
10573,1,1.2520947e-07
10574,1,1.2533348e-07
10575,1,1.2512647e-07
10576,1,1.2841908e-07
10577,1,1.2845231e-07
10578,1,1.2808652e-07
10579,1,1.2830983e-07
10580,0,2.3941721224336194e-08
10580,1,1.0108652877566381e-07
10581,1,1.250456e-07
10582,0,5.310775720124417e-08
10582,1,7.190719279875582e-08
10583,1,1.2829422e-07
10584,0,2.6362068524870514e-08
10584,1,1.018324614751295e-07
10585,1,1.2821047e-07
10586,0,5.717577547751481e-08
10586,1,7.098073452248519e-08
10587,0,1.2500626e-07
10588,0,1.2500797e-07
10589,0,1.2500331e-07
10590,0,1.2817363e-07
10591,0,1.2813375e-07
10592,0,1.2814127e-07
10593,0,1.2811922e-07
10594,0,1.2500397e-07
10595,0,1.2500432e-07
10596,0,1.2500274e-07
10597,0,1.2814324e-07
10598,0,1.2812231e-07
10599,0,1.2812661e-07
10600,0,1.2811435e-07
10601,0,1.250038e-07
10602,0,1.2500401e-07
10603,0,1.2500307e-07
10604,0,1.281328e-07
10605,0,1.2811996e-07
10606,0,1.2812272e-07
10607,0,1.2811469e-07
10608,0,1.2500381e-07
10609,0,1.2500396e-07
10610,0,1.2500335e-07
10611,0,1.2812731e-07
10612,0,1.2811928e-07
10613,0,1.2812078e-07
10614,0,1.2811555e-07
10615,0,1.2500384e-07
10616,0,1.2500387e-07
10617,0,1.2500351e-07
10618,0,1.2812375e-07
10619,0,1.281192e-07
10620,0,1.2811933e-07
10621,0,1.2811633e-07
10622,0,1.2500391e-07
10623,0,1.2500376e-07
10624,0,1.2500363e-07
10625,0,1.2812131e-07
10626,0,1.2811972e-07
10627,0,1.2811816e-07
10628,0,1.281171e-07
10629,0,1.2500406e-07
10630,0,1.2500364e-07
10631,0,1.2500373e-07
10632,0,1.2811986e-07
10633,0,1.2812109e-07
10634,0,1.281172e-07
10635,0,1.2811798e-07
10636,0,1.2500429e-07
10637,0,1.2500351e-07
10638,0,1.2500382e-07
10639,0,1.2811922e-07
10640,0,1.2812336e-07
10641,0,1.2811636e-07
10642,0,1.2811902e-07
10643,0,1.2500462e-07
10644,0,1.2500331e-07
10645,0,1.2500386e-07
10646,0,1.2811925e-07
10647,0,1.2812677e-07
10648,0,1.2811551e-07
10649,0,1.2812027e-07
10650,0,1.2500511e-07
10651,0,1.2500301e-07
10652,0,1.2500386e-07
10653,0,1.2811983e-07
10654,0,1.28132e-07
10655,0,1.281145e-07
10656,0,1.2812191e-07
10657,0,1.2500647e-07
10658,0,1.2500264e-07
10659,0,1.2500407e-07
10660,0,1.2812208e-07
10661,0,1.2814211e-07
10662,0,1.2811396e-07
10663,0,1.2812532e-07
10664,0,1.250147e-07
10665,0,1.2500316e-07
10666,0,1.2500774e-07
10667,0,1.2813342e-07
10668,0,1.2817217e-07
10669,0,1.281186e-07
10670,0,1.2813947e-07
10671,1,1.2508272e-07
10672,0,5.310804168636571e-08
10672,1,7.19071483136343e-08
10673,1,1.2504686e-07
10674,0,2.6365585056761566e-08
10674,1,1.0182847494323844e-07
10675,1,1.2829303e-07
10676,0,5.71783818021877e-08
10676,1,7.09774181978123e-08
10677,1,1.2820926e-07
10678,1,1.2553685e-07
10679,1,1.2513064e-07
10680,1,1.2534443e-07
10681,1,1.284521e-07
10682,1,1.2842406e-07
10683,1,1.283112e-07
10684,1,1.2809304e-07
10685,1,7.277657488285756e-08
10685,2,5.4335805117142445e-08
10686,1,1.2579687e-07
10687,1,9.462755820995037e-08
10687,2,3.186913179004966e-08
10688,1,1.2826148e-07
10689,1,6.978173068362857e-08
10689,2,5.3186549316371435e-08
10690,1,1.2798854e-07
10691,1,9.391916242464942e-08
10691,2,3.4092537575350565e-08
10692,2,1.2532049e-07
10693,2,1.2710543e-07
10694,2,1.2528591e-07
10695,2,1.2528933e-07
10696,2,1.1692307e-07
10697,2,1.2641984e-07
10698,2,1.1690662e-07
10699,2,7.730131e-08
10700,2,1.1425162e-07
10701,2,9.2142004e-08
10702,2,1.1790162e-07
10703,2,9.5106871e-08
10704,2,1.256798e-07
10705,2,1.098245e-07
10706,2,1.1878465e-07
10707,2,1.0404128e-07
10708,2,1.2093797e-07
10709,2,1.1675386e-07
10710,2,1.3094459e-07
10711,2,1.1826858e-07
10712,2,1.3320292e-07
10713,2,1.2705292e-07
10714,2,1.2718493e-07
10715,2,1.2718385e-07
10716,2,1.1881173e-07
10717,2,1.271619e-07
10718,2,1.1971556e-07
10719,2,1.2737802e-07
10720,1,1.2561873e-07
10721,1,1.1638774498247322e-07
10721,2,9.872225017526772e-09
10722,1,1.2557843e-07
10723,1,1.0821110687666357e-07
10723,2,2.023385312333644e-08
10724,1,1.2830748e-07
10725,1,1.1588458845206593e-07
10725,2,1.280735154793407e-08
10726,1,1.2866807e-07
10727,1,1.2508854e-07
10728,1,1.2521984e-07
10729,1,1.2507461e-07
10730,1,1.2815438e-07
10731,1,1.282515e-07
10732,1,1.2833912e-07
10733,1,1.2823827e-07
10734,0,7.2849425318741e-08
10734,1,5.2160244681259e-08
10735,1,1.2502367e-07
10736,0,8.281263742352196e-08
10736,1,4.2194322576478035e-08
10737,1,1.2817893e-07
10738,0,7.655747636475699e-08
10738,1,5.1584543635243024e-08
10739,1,1.2815906e-07
10740,0,8.70802720918475e-08
10740,1,4.1052297908152503e-08
10741,0,1.2500294e-07
10742,0,1.2500435e-07
10743,0,1.2500216e-07
10744,0,1.2813777e-07
10745,0,1.2811911e-07
10746,0,1.2812824e-07
10747,0,1.28115e-07
10748,0,1.25003e-07
10749,0,1.2500358e-07
10750,0,1.2500263e-07
10751,0,1.2812883e-07
10752,0,1.2811675e-07
10753,0,1.2812358e-07
10754,0,1.2811434e-07
10755,0,1.2500338e-07
10756,0,1.2500386e-07
10757,0,1.2500316e-07
10758,0,1.2812556e-07
10759,0,1.2811713e-07
10760,0,1.2812234e-07
10761,0,1.2811549e-07
10762,0,1.2500362e-07
10763,0,1.2500398e-07
10764,0,1.2500347e-07
10765,0,1.2812326e-07
10766,0,1.281176e-07
10767,0,1.2812117e-07
10768,0,1.2811642e-07
10769,0,1.2500374e-07
10770,0,1.2500396e-07
10771,0,1.2500364e-07
10772,0,1.2812138e-07
10773,0,1.2811806e-07
10774,0,1.2811997e-07
10775,0,1.2811716e-07
10776,0,1.2500385e-07
10777,0,1.2500387e-07
10778,0,1.2500376e-07
10779,0,1.2811989e-07
10780,0,1.2811871e-07
10781,0,1.2811888e-07
10782,0,1.2811787e-07
10783,0,1.2500395e-07
10784,0,1.2500377e-07
10785,0,1.2500386e-07
10786,0,1.2811882e-07
10787,0,1.2811971e-07
10788,0,1.2811797e-07
10789,0,1.2811874e-07
10790,0,1.2500408e-07
10791,0,1.2500364e-07
10792,0,1.2500391e-07
10793,0,1.2811812e-07
10794,0,1.2812112e-07
10795,0,1.2811723e-07
10796,0,1.2811976e-07
10797,0,1.2500415e-07
10798,0,1.2500346e-07
10799,0,1.2500392e-07
10800,0,1.2811762e-07
10801,0,1.281229e-07
10802,0,1.2811645e-07
10803,0,1.2812084e-07
10804,0,1.2500415e-07
10805,0,1.2500313e-07
10806,0,1.2500376e-07
10807,0,1.2811711e-07
10808,0,1.2812504e-07
10809,0,1.2811544e-07
10810,0,1.281218e-07
10811,0,1.2500413e-07
10812,0,1.2500257e-07
10813,0,1.2500341e-07
10814,0,1.2811672e-07
10815,0,1.2812813e-07
10816,0,1.2811416e-07
10817,0,1.2812273e-07
10818,0,1.2500588e-07
10819,0,1.2500203e-07
10820,0,1.2500405e-07
10821,0,1.2811908e-07
10822,0,1.2813691e-07
10823,0,1.281146e-07
10824,0,1.2812694e-07
10825,1,1.2503047e-07
10826,0,8.281301284051274e-08
10826,1,4.219361715948727e-08
10827,1,1.2502277e-07
10828,0,7.656040232790294e-08
10828,1,5.158162767209708e-08
10829,1,1.2817789e-07
10830,0,8.708233001118582e-08
10830,1,4.1049369988814174e-08
10831,1,1.2815649e-07
10832,1,1.2524674e-07
10833,1,1.2507172e-07
10834,1,1.2520956e-07
10835,1,1.282507e-07
10836,1,1.2815063e-07
10837,1,1.2823396e-07
10838,1,1.283269e-07
10839,1,1.0914384513104219e-07
10839,2,1.708713486895781e-08
10840,1,1.2554502e-07
10841,1,1.16397354095584e-07
10841,2,9.76382590441601e-09
10842,1,1.2829569e-07
10843,1,1.082279454825473e-07
10843,2,2.0183854517452686e-08
10844,1,1.2863716e-07
10845,1,1.1591020857965016e-07
10845,2,1.2707651420349841e-08
10846,2,1.2592624e-07
10847,2,1.2698905e-07
10848,2,1.264977e-07
10849,2,1.2709392e-07
10850,2,1.1869078e-07
10851,2,1.272489e-07
10852,2,1.1947377e-07
10853,2,1.0224727e-07
10854,2,1.1969553e-07
10855,2,1.0550456e-07
10856,2,1.3108585e-07
10857,2,1.1792891e-07
10858,2,1.3331352e-07
10859,2,1.1972169e-07
10860,2,1.2038747e-07
10861,2,1.0070139e-07
10862,2,1.1834407e-07
10863,2,1.1908974e-07
10864,2,1.3327739e-07
10865,2,1.1674117e-07
10866,2,1.308438e-07
10867,2,1.2719002e-07
10868,2,1.2623123e-07
10869,2,1.2709622e-07
10870,2,1.1967368e-07
10871,2,1.2737964e-07
10872,2,1.1878613e-07
10873,2,1.2717685e-07
10874,1,1.2557946e-07
10875,1,1.0915971494352218e-07
10875,2,1.7119105056477814e-08
10876,1,1.256238e-07
10877,1,1.1589248780989907e-07
10877,2,1.280397219010093e-08
10878,1,1.2867064e-07
10879,1,1.0822763555655224e-07
10879,2,2.0223994443447765e-08
10880,1,1.2830904e-07
10881,1,1.250748e-07
10882,1,1.2525034e-07
10883,1,1.2508931e-07
10884,1,1.2834082e-07
10885,1,1.2823895e-07
10886,1,1.2815507e-07
10887,1,1.2825137e-07
10888,0,8.2812623021821e-08
10888,1,4.219434697817901e-08
10889,1,1.2503072e-07
10890,0,7.284935482253037e-08
10890,1,5.2160425177469633e-08
10891,1,1.2815939e-07
10892,0,8.708037972964e-08
10892,1,4.1052310270359995e-08
10893,1,1.2817874e-07
10894,0,7.655757040497759e-08
10894,1,5.158437959502239e-08
10895,0,1.2500216e-07
10896,0,1.2500606e-07
10897,0,1.2500292e-07
10898,0,1.2812826e-07
10899,0,1.2811499e-07
10900,0,1.281376e-07
10901,0,1.2811903e-07
10902,0,1.2500262e-07
10903,0,1.2500428e-07
10904,0,1.2500298e-07
10905,0,1.2812357e-07
10906,0,1.2811432e-07
10907,0,1.2812872e-07
10908,0,1.2811668e-07
10909,0,1.2500315e-07
10910,0,1.2500425e-07
10911,0,1.2500338e-07
10912,0,1.2812233e-07
10913,0,1.2811546e-07
10914,0,1.2812551e-07
10915,0,1.2811709e-07
10916,0,1.2500346e-07
10917,0,1.2500422e-07
10918,0,1.2500362e-07
10919,0,1.2812115e-07
10920,0,1.281164e-07
10921,0,1.2812325e-07
10922,0,1.281176e-07
10923,0,1.2500363e-07
10924,0,1.2500411e-07
10925,0,1.2500375e-07
10926,0,1.2811995e-07
10927,0,1.2811713e-07
10928,0,1.2812141e-07
10929,0,1.281181e-07
10930,0,1.2500376e-07
10931,0,1.2500399e-07
10932,0,1.2500386e-07
10933,0,1.2811886e-07
10934,0,1.2811785e-07
10935,0,1.2811996e-07
10936,0,1.281188e-07
10937,0,1.2500385e-07
10938,0,1.2500387e-07
10939,0,1.2500397e-07
10940,0,1.2811795e-07
10941,0,1.2811873e-07
10942,0,1.2811891e-07
10943,0,1.2811984e-07
10944,0,1.2500392e-07
10945,0,1.2500376e-07
10946,0,1.250041e-07
10947,0,1.2811721e-07
10948,0,1.2811979e-07
10949,0,1.2811822e-07
10950,0,1.2812129e-07
10951,0,1.2500393e-07
10952,0,1.2500363e-07
10953,0,1.2500419e-07
10954,0,1.2811648e-07
10955,0,1.2812093e-07
10956,0,1.2811772e-07
10957,0,1.2812309e-07
10958,0,1.2500379e-07
10959,0,1.2500338e-07
10960,0,1.250042e-07
10961,0,1.2811553e-07
10962,0,1.2812202e-07
10963,0,1.2811716e-07
10964,0,1.2812523e-07
10965,0,1.2500347e-07
10966,0,1.2500296e-07
10967,0,1.2500418e-07
10968,0,1.2811438e-07
10969,0,1.2812313e-07
10970,0,1.2811669e-07
10971,0,1.2812825e-07
10972,0,1.2500417e-07
10973,0,1.2500287e-07
10974,0,1.2500593e-07
10975,0,1.28115e-07
10976,0,1.2812757e-07
10977,0,1.2811887e-07
10978,0,1.2813683e-07
10979,1,1.2502302e-07
10980,0,7.284965843234503e-08
10980,1,5.216004156765496e-08
10981,1,1.2503063e-07
10982,0,8.708252401533698e-08
10982,1,4.104981598466301e-08
10983,1,1.2815746e-07
10984,0,7.655909358640996e-08
10984,1,5.158244641359004e-08
10985,1,1.2817766e-07
10986,1,1.2521148e-07
10987,1,1.2508949e-07
10988,1,1.2524959e-07
10989,1,1.2823531e-07
10990,1,1.283295e-07
10991,1,1.2825082e-07
10992,1,1.2815299e-07
10993,1,1.1640301264018204e-07
10993,2,9.780107359817953e-09
10994,1,1.2561986e-07
10995,1,1.0915656834614872e-07
10995,2,1.7107101653851273e-08
10996,1,1.2864339e-07
10997,1,1.159136263575816e-07
10997,2,1.2720683642418403e-08
10998,1,1.2830512e-07
10999,1,1.082334654895813e-07
10999,2,2.020646451041869e-08
11000,2,1.26724e-07
11001,2,1.2702138e-07
11002,2,1.2636783e-07
11003,2,1.272869e-07
11004,2,1.1956176e-07
11005,2,1.2716349e-07
11006,2,1.1885377e-07
11007,2,1.0519267e-07
11008,2,1.1855652e-07
11009,2,1.0325974e-07
11010,2,1.3327165e-07
11011,2,1.1927e-07
11012,2,1.3084993e-07
11013,2,1.1653323e-07
11014,2,1.1431894e-07
11015,2,7.6701683e-08
11016,2,1.1101683e-07
11017,2,1.1152948e-07
11018,2,1.2618895e-07
11019,2,9.5959877e-08
11020,2,1.1816059e-07
11021,2,1.2704201e-07
11022,2,1.248009e-07
11023,2,1.2763517e-07
11024,2,1.1692212e-07
11025,2,1.2640262e-07
11026,2,1.1674651e-07
11027,2,1.2517777e-07
11028,1,1.2577963e-07
11029,1,7.281186402870041e-08
11029,2,5.4200455971299574e-08
11030,1,1.2613433e-07
11031,1,9.393813614534624e-08
11031,2,3.405646385465376e-08
11032,1,1.2798006e-07
11033,1,6.978110727128705e-08
11033,2,5.310887272871294e-08
11034,1,1.2822945e-07
11035,1,1.2512833e-07
11036,1,1.255242e-07
11037,1,1.2521099e-07
11038,1,1.2809081e-07
11039,1,1.2831109e-07
11040,1,1.2841133e-07
11041,1,1.2844882e-07
11042,0,5.3107505607897705e-08
11042,1,7.19077243921023e-08
11043,1,1.2508184e-07
11044,0,2.3941015279168167e-08
11044,1,1.0108777472083184e-07
11045,1,1.2821114e-07
11046,0,5.717580916293876e-08
11046,1,7.098098083706124e-08
11047,1,1.2829303e-07
11048,0,2.6361317023573445e-08
11048,1,1.0183294297642656e-07
11049,0,1.2500329e-07
11050,0,1.2501494e-07
11051,0,1.2500628e-07
11052,0,1.2814119e-07
11053,0,1.2811918e-07
11054,0,1.2817324e-07
11055,0,1.2813358e-07
11056,0,1.2500271e-07
11057,0,1.2500667e-07
11058,0,1.2500394e-07
11059,0,1.2812646e-07
11060,0,1.2811423e-07
11061,0,1.2814297e-07
11062,0,1.2812211e-07
11063,0,1.2500306e-07
11064,0,1.2500524e-07
11065,0,1.2500377e-07
11066,0,1.2812261e-07
11067,0,1.281146e-07
11068,0,1.2813263e-07
11069,0,1.2811985e-07
11070,0,1.2500334e-07
11071,0,1.2500471e-07
11072,0,1.2500382e-07
11073,0,1.2812072e-07
11074,0,1.281155e-07
11075,0,1.281273e-07
11076,0,1.2811925e-07
11077,0,1.250035e-07
11078,0,1.2500437e-07
11079,0,1.2500386e-07
11080,0,1.2811932e-07
11081,0,1.281163e-07
11082,0,1.281238e-07
11083,0,1.2811926e-07
11084,0,1.2500364e-07
11085,0,1.2500412e-07
11086,0,1.2500395e-07
11087,0,1.2811816e-07
11088,0,1.2811712e-07
11089,0,1.2812144e-07
11090,0,1.2811988e-07
11091,0,1.2500375e-07
11092,0,1.2500397e-07
11093,0,1.2500412e-07
11094,0,1.2811723e-07
11095,0,1.2811806e-07
11096,0,1.2812001e-07
11097,0,1.2812133e-07
11098,0,1.2500385e-07
11099,0,1.2500387e-07
11100,0,1.2500437e-07
11101,0,1.2811644e-07
11102,0,1.2811921e-07
11103,0,1.2811942e-07
11104,0,1.2812374e-07
11105,0,1.2500392e-07
11106,0,1.2500385e-07
11107,0,1.2500472e-07
11108,0,1.2811562e-07
11109,0,1.281206e-07
11110,0,1.2811947e-07
11111,0,1.2812729e-07
11112,0,1.2500397e-07
11113,0,1.2500382e-07
11114,0,1.2500526e-07
11115,0,1.2811474e-07
11116,0,1.2812249e-07
11117,0,1.2812009e-07
11118,0,1.2813265e-07
11119,0,1.2500426e-07
11120,0,1.2500397e-07
11121,0,1.2500667e-07
11122,0,1.2811438e-07
11123,0,1.2812624e-07
11124,0,1.2812235e-07
11125,0,1.2814287e-07
11126,0,1.250079e-07
11127,0,1.2500622e-07
11128,0,1.2501467e-07
11129,0,1.2811918e-07
11130,0,1.2814059e-07
11131,0,1.2813354e-07
11132,0,1.2817263e-07
11133,1,1.2504665e-07
11134,0,2.394174407236443e-08
11134,1,1.0108645592763558e-07
11135,1,1.250809e-07
11136,0,5.717736196709831e-08
11136,1,7.097893803290169e-08
11137,1,1.2820993e-07
11138,0,2.6363606325238113e-08
11138,1,1.018297636747619e-07
11139,1,1.2829143e-07
11140,1,1.2534373e-07
11141,1,1.2521157e-07
11142,1,1.2553054e-07
11143,1,1.2831159e-07
11144,1,1.2809356e-07
11145,1,1.2844918e-07
11146,1,1.2841833e-07
11147,1,9.462769518936372e-08
11147,2,3.187030481063629e-08
11148,1,1.2616178e-07
11149,1,7.274186488210241e-08
11149,2,5.434861511789759e-08
11150,1,1.2799413e-07
11151,1,9.391122648709741e-08
11151,2,3.41147335129026e-08
11152,1,1.2825959e-07
11153,1,6.973791379794183e-08
11153,2,5.3234986202058176e-08
11154,2,1.2549313e-07
11155,2,1.2778453e-07
11156,2,1.2540964e-07
11157,2,1.2647814e-07
11158,2,1.1711663e-07
11159,2,1.2534526e-07
11160,2,1.1720614e-07
11161,2,9.3611489e-08
11162,2,1.1166734e-07
11163,2,7.9069424e-08
11164,2,1.261789e-07
11165,2,1.1086668e-07
11166,2,1.1893616e-07
11167,2,9.7842193e-08
11168,2,1.3237974e-07
11169,2,1.215797e-07
11170,2,5.9679217e-08
11171,2,1.551556e-07
11172,2,1.3483659e-07
11173,2,1.2885487e-07
11174,2,1.2261753e-07
11175,2,1.2927489e-07
11176,2,1.2892267e-07
11177,2,1.3696808e-07
11178,2,1.2912418e-07
11179,2,1.3640918e-07
11180,1,1.2673497e-07
11181,1,6.638242670389529e-09
11181,2,1.2232247732961047e-07
11182,1,1.2758622e-07
11183,1,4.243218082587076e-08
11183,2,8.512622917412922e-08
11184,1,1.2884913e-07
11185,1,4.866766741179352e-09
11185,2,1.1799142325882064e-07
11186,1,1.2958835e-07
11187,1,1.2535579e-07
11188,1,1.2633917e-07
11189,1,1.2559937e-07
11190,1,1.2902841e-07
11191,1,1.2868872e-07
11192,1,1.296832e-07
11193,1,1.2900499e-07
11194,1,1.2504985e-07
11195,1,1.2524855e-07
11196,1,1.2509271e-07
11197,1,1.2839744e-07
11198,1,1.2824218e-07
11199,1,1.2857416e-07
11200,1,1.2833121e-07
11201,0,1.2500815e-07
11202,0,5.308977272387205e-08
11202,1,7.195147727612795e-08
11203,0,1.2501614e-07
11204,0,1.0373839820915012e-07
11204,1,2.4448351790849888e-08
11205,0,1.2813693e-07
11206,0,5.125015944809737e-08
11206,1,7.699927055190262e-08
11207,0,1.2816899e-07
11208,0,1.2500346e-07
11209,0,1.2501219e-07
11210,0,1.2500619e-07
11211,0,1.2813892e-07
11212,0,1.2811737e-07
11213,0,1.2816995e-07
11214,0,1.2813359e-07
11215,0,1.2500308e-07
11216,0,1.2500713e-07
11217,0,1.2500452e-07
11218,0,1.2812646e-07
11219,0,1.2811459e-07
11220,0,1.2814503e-07
11221,0,1.2812481e-07
11222,0,1.250032e-07
11223,0,1.2500554e-07
11224,0,1.2500409e-07
11225,0,1.2812184e-07
11226,0,1.2811476e-07
11227,0,1.2813388e-07
11228,0,1.2812176e-07
11229,0,1.2500334e-07
11230,0,1.2500472e-07
11231,0,1.2500394e-07
11232,0,1.2811932e-07
11233,0,1.2811547e-07
11234,0,1.2812734e-07
11235,0,1.2812062e-07
11236,0,1.2500345e-07
11237,0,1.2500422e-07
11238,0,1.2500396e-07
11239,0,1.2811766e-07
11240,0,1.2811636e-07
11241,0,1.2812327e-07
11242,0,1.2812103e-07
11243,0,1.2500362e-07
11244,0,1.2500398e-07
11245,0,1.2500421e-07
11246,0,1.281165e-07
11247,0,1.2811755e-07
11248,0,1.2812123e-07
11249,0,1.2812319e-07
11250,0,1.2500383e-07
11251,0,1.2500397e-07
11252,0,1.2500474e-07
11253,0,1.2811563e-07
11254,0,1.2811924e-07
11255,0,1.2812088e-07
11256,0,1.2812733e-07
11257,0,1.2500412e-07
11258,0,1.2500416e-07
11259,0,1.2500561e-07
11260,0,1.2811499e-07
11261,0,1.2812184e-07
11262,0,1.2812212e-07
11263,0,1.2813405e-07
11264,0,1.2500471e-07
11265,0,1.2500465e-07
11266,0,1.2500724e-07
11267,0,1.2811486e-07
11268,0,1.2812656e-07
11269,0,1.2812537e-07
11270,0,1.2814548e-07
11271,0,1.25007e-07
11272,0,1.2500635e-07
11273,0,1.2501229e-07
11274,0,1.2811771e-07
11275,0,1.2813896e-07
11276,0,1.2813438e-07
11277,0,1.2817062e-07
11278,0,1.0291684408743038e-07
11278,1,2.2104625912569628e-08
11279,0,1.25016e-07
11280,0,5.309089706184818e-08
11280,1,7.194916293815181e-08
11281,0,1.2813678e-07
11282,0,1.0373986512248626e-07
11282,1,2.444545487751375e-08
11283,0,1.2816957e-07
11284,0,5.125295889608002e-08
11284,1,7.699577110391998e-08
11285,1,1.2513538e-07
11286,1,1.2508835e-07
11287,1,1.2523553e-07
11288,1,1.2823843e-07
11289,1,1.2838857e-07
11290,1,1.2832709e-07
11291,1,1.2856186e-07
11292,1,1.2583075e-07
11293,1,1.2556871e-07
11294,1,1.2627954e-07
11295,1,1.2867477e-07
11296,1,1.2901115e-07
11297,1,1.2897751e-07
11298,1,1.2963441e-07
11299,1,4.3397417063493185e-08
11299,2,8.466347293650681e-08
11300,1,1.2750301e-07
11301,1,6.677577555293805e-09
11301,2,1.223281724447062e-07
11302,1,1.288534e-07
11303,1,4.2394439815190226e-08
11303,2,8.525635018480977e-08
11304,1,1.2953158e-07
11305,1,4.912824305840338e-09
11305,2,1.1794327569415965e-07
11306,2,1.2651882e-07
11307,2,1.2962639e-07
11308,2,1.2495031e-07
11309,2,1.3715115e-07
11310,2,1.2921323e-07
11311,2,1.3642023e-07
11312,2,1.2864364e-07
11313,2,4.6259317e-08
11314,2,1.2076943e-07
11315,2,1.5561774e-07
11316,2,6.1027941e-08
11317,2,1.2992515e-07
11318,2,9.0826509e-08
11319,2,4.7832164e-08
11320,2,1.0797329e-07
11321,2,6.5582882e-08
11322,2,1.2961625e-07
11323,2,1.3284045e-07
11324,2,1.2935932e-07
11325,2,1.2551564e-07
11326,2,1.3648187e-07
11327,2,1.5516927e-07
11328,2,1.3844536e-07
11329,1,8.583764086813951e-08
11329,2,4.2929819131860504e-08
11330,2,1.3215637e-07
11331,1,3.397147963177113e-08
11331,2,9.628916036822887e-08
11332,2,1.2347948e-07
11333,1,8.905394545289368e-08
11333,2,4.113687454710634e-08
11334,2,1.2501314e-07
11335,1,3.4671091582680263e-08
11335,2,9.649730841731973e-08
11336,1,1.2598444e-07
11337,1,1.2811904e-07
11338,1,1.265723e-07
11339,1,1.3033155e-07
11340,1,1.294526e-07
11341,1,1.3084252e-07
11342,1,1.2961919e-07
11343,1,1.251631e-07
11344,1,1.2571674e-07
11345,1,1.2529572e-07
11346,1,1.2879962e-07
11347,1,1.2845206e-07
11348,1,1.2890777e-07
11349,1,1.2863306e-07
11350,0,1.029073020557777e-07
11350,1,2.2117497944222317e-08
11351,1,1.2512642e-07
11352,0,3.3578544888375526e-08
11352,1,9.147203511162448e-08
11353,1,1.2829465e-07
11354,0,1.082234495717993e-07
11354,1,1.9964610428200687e-08
11355,1,1.2841132e-07
11356,0,3.502165641319346e-08
11356,1,9.323573358680653e-08
11357,0,1.2500628e-07
11358,0,1.2502826e-07
11359,0,1.2501326e-07
11360,0,1.2816875e-07
11361,0,1.2812909e-07
11362,0,1.2822319e-07
11363,0,1.281625e-07
11364,0,1.2500356e-07
11365,0,1.2501164e-07
11366,0,1.2500659e-07
11367,0,1.2813595e-07
11368,0,1.2811696e-07
11369,0,1.2816839e-07
11370,0,1.2813613e-07
11371,0,1.2500309e-07
11372,0,1.2500721e-07
11373,0,1.2500471e-07
11374,0,1.2812498e-07
11375,0,1.2811461e-07
11376,0,1.2814539e-07
11377,0,1.2812653e-07
11378,0,1.2500305e-07
11379,0,1.2500527e-07
11380,0,1.2500397e-07
11381,0,1.2811996e-07
11382,0,1.2811456e-07
11383,0,1.2813282e-07
11384,0,1.2812248e-07
11385,0,1.2500314e-07
11386,0,1.2500424e-07
11387,0,1.2500382e-07
11388,0,1.2811716e-07
11389,0,1.2811536e-07
11390,0,1.2812555e-07
11391,0,1.2812208e-07
11392,0,1.2500338e-07
11393,0,1.2500386e-07
11394,0,1.2500424e-07
11395,0,1.2811555e-07
11396,0,1.2811701e-07
11397,0,1.2812233e-07
11398,0,1.2812534e-07
11399,0,1.2500382e-07
11400,0,1.2500403e-07
11401,0,1.250053e-07
11402,0,1.2811478e-07
11403,0,1.2811992e-07
11404,0,1.2812284e-07
11405,0,1.2813282e-07
11406,0,1.2500464e-07
11407,0,1.2500482e-07
11408,0,1.2500734e-07
11409,0,1.2811499e-07
11410,0,1.2812513e-07
11411,0,1.2812712e-07
11412,0,1.2814581e-07
11413,0,1.2500672e-07
11414,0,1.2500686e-07
11415,0,1.2501206e-07
11416,0,1.2811759e-07
11417,0,1.281366e-07
11418,0,1.2813729e-07
11419,0,1.2816987e-07
11420,0,1.2501507e-07
11421,0,1.2501402e-07
11422,0,1.2502953e-07
11423,0,1.2813035e-07
11424,0,1.2817018e-07
11425,0,1.2816522e-07
11426,0,1.2822723e-07
11427,1,1.2506618e-07
11428,0,3.3578402413690826e-08
11428,1,9.147402758630917e-08
11429,1,1.2512836e-07
11430,0,1.0822475944411158e-07
11430,1,1.9964940555888428e-08
11431,1,1.2829444e-07
11432,0,3.5020583680901585e-08
11432,1,9.324317631909841e-08
11433,1,1.2841938e-07
11434,1,1.254023e-07
11435,1,1.252949e-07
11436,1,1.2570177e-07
11437,1,1.2844638e-07
11438,1,1.2877694e-07
11439,1,1.2864149e-07
11440,1,1.2890594e-07
11441,1,1.269437e-07
11442,1,1.2650928e-07
11443,1,1.2794046e-07
11444,1,1.2939769e-07
11445,1,1.3020833e-07
11446,1,1.2958573e-07
11447,1,1.307277e-07
11448,2,1.3011125e-07
11449,1,3.4335930901572116e-08
11449,2,9.554303909842787e-08
11450,2,1.3136545e-07
11451,1,8.918571575442298e-08
11451,2,4.083754424557699e-08
11452,2,1.2333262e-07
11453,1,3.500235272373478e-08
11453,2,9.595512727626522e-08
11454,2,1.2468391e-07
11455,2,1.1820996e-07
11456,2,1.2888995e-07
11457,2,1.3530755e-07
11458,2,1.3640074e-07
11459,2,1.2571339e-07
11460,2,1.3856541e-07
11461,2,1.5608955e-07
11462,2,5.0174789e-08
11463,2,1.0737665e-07
11464,2,6.800733e-08
11465,2,1.2349804e-07
11466,2,5.6656985e-08
11467,2,1.3893197e-07
11468,2,1.1977428e-07
11469,2,1.3753551e-07
11470,2,7.5326228e-08
11471,2,1.6106599e-07
11472,2,1.3170611e-07
11473,2,1.3097921e-07
11474,2,1.325965e-07
11475,2,1.2634244e-07
11476,2,1.3164561e-07
11477,2,1.2583225e-07
11478,2,1.3045775e-07
11479,1,1.2738321e-07
11480,1,2.5919681422632774e-08
11480,2,1.0468643857736724e-07
11481,1,1.2843424e-07
11482,1,9.19699876587439e-08
11482,2,3.93357023412561e-08
11483,1,1.2991553e-07
11484,1,2.290907550605302e-08
11484,2,1.0369866449394698e-07
11485,1,1.3067025e-07
11486,1,1.2551834e-07
11487,1,1.268419e-07
11488,1,1.2591396e-07
11489,1,1.2921172e-07
11490,1,1.2890211e-07
11491,1,1.2962659e-07
11492,1,1.2893037e-07
11493,1,1.2509492e-07
11494,1,1.2544255e-07
11495,1,1.2520692e-07
11496,1,1.2854229e-07
11497,1,1.2833511e-07
11498,1,1.2857609e-07
11499,1,1.2850594e-07
11500,0,1.2502006e-07
11501,1,1.2510371e-07
11502,0,5.3079950385846404e-08
11502,1,7.19689696141536e-08
11503,0,5.414110403866149e-08
11503,1,7.41103959613385e-08
11504,0,1.2817501e-07
11505,1,1.2837229e-07
11506,0,5.413783519899777e-08
11506,1,7.411960480100221e-08
11507,0,1.2500658e-07
11508,0,1.2502994e-07
11509,0,1.2501554e-07
11510,0,1.2816392e-07
11511,0,1.2813019e-07
11512,0,1.2822816e-07
11513,0,1.2817162e-07
11514,0,1.2500356e-07
11515,0,1.2501262e-07
11516,0,1.2500716e-07
11517,0,1.2813447e-07
11518,0,1.2811771e-07
11519,0,1.2817178e-07
11520,0,1.2813954e-07
11521,0,1.2500271e-07
11522,0,1.2500681e-07
11523,0,1.2500429e-07
11524,0,1.2812247e-07
11525,0,1.2811421e-07
11526,0,1.2814352e-07
11527,0,1.2812628e-07
11528,0,1.2500258e-07
11529,0,1.2500427e-07
11530,0,1.2500348e-07
11531,0,1.2811681e-07
11532,0,1.2811411e-07
11533,0,1.2812868e-07
11534,0,1.2812299e-07
11535,0,1.2500297e-07
11536,0,1.2500352e-07
11537,0,1.250042e-07
11538,0,1.2811436e-07
11539,0,1.2811649e-07
11540,0,1.2812334e-07
11541,0,1.281282e-07
11542,0,1.2500401e-07
11543,0,1.2500429e-07
11544,0,1.2500673e-07
11545,0,1.2811445e-07
11546,0,1.2812227e-07
11547,0,1.2812654e-07
11548,0,1.2814309e-07
11549,0,1.2500652e-07
11550,0,1.2500726e-07
11551,0,1.2501281e-07
11552,0,1.281182e-07
11553,0,1.2813481e-07
11554,0,1.2814011e-07
11555,0,1.2817227e-07
11556,0,1.2501444e-07
11557,0,1.2501622e-07
11558,0,1.2503156e-07
11559,0,1.2813168e-07
11560,0,1.2816628e-07
11561,0,1.281738e-07
11562,0,1.2823215e-07
11563,0,5.307986587177197e-08
11563,1,7.196992412822803e-08
11564,0,5.307851933172225e-08
11564,1,7.197420066827774e-08
11565,1,1.251121e-07
11566,0,1.2818004e-07
11567,0,5.413815301053151e-08
11567,1,7.412201698946848e-08
11568,0,5.4133773492658295e-08
11568,1,7.413246650734169e-08
11569,1,1.2838878e-07
11570,1,1.2524043e-07
11571,1,1.2522482e-07
11572,1,1.2547893e-07
11573,1,1.2835062e-07
11574,1,1.2856613e-07
11575,1,1.2853749e-07
11576,1,1.2863024e-07
11577,1,1.2618967e-07
11578,1,1.2598281e-07
11579,1,1.2696071e-07
11580,1,1.2893801e-07
11581,1,1.2925029e-07
11582,1,1.2902264e-07
11583,1,1.2976646e-07
11584,1,9.276287281000242e-08
11584,2,3.647022718999757e-08
11585,1,1.2862564e-07
11586,1,2.598269708957831e-08
11586,2,1.0492425291042168e-07
11587,1,1.2994374e-07
11588,1,9.212501762403136e-08
11588,2,3.913241237596863e-08
11589,1,1.3087433e-07
11590,1,2.2958458798199374e-08
11590,2,1.0392690120180062e-07
11591,2,1.3140906e-07
11592,2,1.3269503e-07
11593,2,1.2975543e-07
11594,2,1.3153031e-07
11595,2,1.2604869e-07
11596,2,1.3069287e-07
11597,2,1.2583309e-07
11598,2,1.0610194e-07
11599,2,1.3989493e-07
11600,2,5.7789051e-08
11601,2,1.3773496e-07
11602,2,1.1912895e-07
11603,2,1.6190651e-07
11604,2,7.4940072e-08
11605,2,9.9398285e-08
11606,2,5.0434572e-08
11607,2,1.1821369e-07
11608,2,6.7182904e-08
11609,2,1.3113619e-07
11610,2,1.2367531e-07
11611,2,1.2998344e-07
11612,2,1.2684134e-07
11613,2,1.3932978e-07
11614,2,1.4378712e-07
11615,2,1.3393509e-07
11616,1,6.301323597880196e-08
11616,2,6.668816402119804e-08
11617,2,1.3222191e-07
11618,2,1.307554e-07
11619,2,1.3045732e-07
11620,1,6.645847700367262e-08
11620,2,6.448873299632738e-08
11621,2,1.2503268e-07
11622,2,1.2959154e-07
11623,1,1.2657833e-07
11624,1,8.521257661645158e-08
11624,2,4.379775338354842e-08
11625,1,1.2768464e-07
11626,1,1.3006844e-07
11627,1,1.2911686e-07
11628,1,8.13982930710102e-08
11628,2,4.3824506928989796e-08
11629,1,1.2985725e-07
11630,1,1.2544433e-07
11631,1,1.2667919e-07
11632,1,1.2597015e-07
11633,1,1.2885621e-07
11634,1,1.2879729e-07
11635,1,1.2938135e-07
11636,1,1.2898402e-07
11637,1,1.2510711e-07
11638,1,1.2552446e-07
11639,1,1.2526735e-07
11640,1,1.2853488e-07
11641,1,1.2836019e-07
11642,1,1.2868114e-07
11643,1,1.2860602e-07
11644,0,1.029070523903244e-07
11644,1,2.2119757609675586e-08
11645,1,1.2514055e-07
11646,1,1.2507147e-07
11647,0,3.5013785338927336e-08
11647,1,9.325792466107268e-08
11648,0,1.0822190985148429e-07
11648,1,1.9973080148515725e-08
11649,1,1.284408e-07
11650,1,1.2830673e-07
11651,0,1.2500846e-07
11652,0,5.308936208729779e-08
11652,1,7.19531579127022e-08
11653,0,1.0291626288478152e-07
11653,1,2.2106377115218498e-08
11654,0,1.2817246e-07
11655,0,1.2813826e-07
11656,0,5.12467514629288e-08
11656,1,7.70081585370712e-08
11657,0,1.0373700212723743e-07
11657,1,2.445158787276257e-08
11658,0,1.2500336e-07
11659,0,1.2501529e-07
11660,0,1.2500814e-07
11661,0,1.2813448e-07
11662,0,1.2811928e-07
11663,0,1.281746e-07
11664,0,1.2814104e-07
11665,0,1.2500207e-07
11666,0,1.2500608e-07
11667,0,1.2500415e-07
11668,0,1.2811917e-07
11669,0,1.2811452e-07
11670,0,1.281374e-07
11671,0,1.2812693e-07
11672,0,1.2500278e-07
11673,0,1.250041e-07
11674,0,1.2500564e-07
11675,0,1.2811475e-07
11676,0,1.2811832e-07
11677,0,1.2812712e-07
11678,0,1.2813576e-07
11679,0,1.2500617e-07
11680,0,1.2500755e-07
11681,0,1.2501428e-07
11682,0,1.2811897e-07
11683,0,1.2813321e-07
11684,0,1.2813986e-07
11685,0,1.2817173e-07
11686,0,1.2501694e-07
11687,0,1.0291706977984046e-07
11687,1,2.2104540220159554e-08
11688,0,5.309019020562067e-08
11688,1,7.195142979437932e-08
11689,0,1.2813789e-07
11690,0,1.2817204e-07
11691,0,1.0374067872710433e-07
11691,1,2.444599127289567e-08
11692,0,5.124987647518741e-08
11692,1,7.70026835248126e-08
11693,0,3.357447517941058e-08
11693,1,9.148446482058943e-08
11694,1,1.2507199e-07
11695,1,1.2514499e-07
11696,0,1.0822246192273413e-07
11696,1,1.9974758077265873e-08
11697,0,3.500962980362006e-08
11697,1,9.326817019637994e-08
11698,1,1.2830761e-07
11699,1,1.28447e-07
11700,1,1.2524381e-07
11701,1,1.25282e-07
11702,1,1.2556184e-07
11703,1,1.2837587e-07
11704,1,1.2856754e-07
11705,1,1.2862639e-07
11706,1,1.2872875e-07
11707,1,1.2594078e-07
11708,1,1.2605091e-07
11709,1,1.2683433e-07
11710,1,1.2885992e-07
11711,1,1.2896573e-07
11712,1,1.2907937e-07
11713,1,1.2954987e-07
11714,1,1.2806304e-07
11715,1,1.2794997e-07
11716,1,8.502196986832648e-08
11716,2,4.4403380131673514e-08
11717,1,1.2929369e-07
11718,1,1.3033645e-07
11719,1,1.3011713e-07
11720,1,8.118831885266593e-08
11720,2,4.4395131147334076e-08
11721,2,1.3254834e-07
11722,2,1.3136783e-07
11723,2,1.3358834e-07
11724,1,6.631101587854111e-08
11724,2,6.502419412145889e-08
11725,2,1.3113709e-07
11726,2,1.3006895e-07
11727,2,1.2587543e-07
11728,2,1.2014498e-07
11729,2,1.3131422e-07
11730,2,1.2213441e-07
11731,2,1.4032866e-07
11732,2,1.2829059e-07
11733,2,1.3495719e-07
11734,2,1.4407651e-07
11735,2,5.1500244e-08
11736,2,1.2246391e-07
11737,2,6.7278499e-08
11738,2,1.5157163e-07
11739,2,9.8625354e-08
11740,2,8.9259099e-08
11741,2,1.6884044e-07
11742,2,1.0773363e-07
11743,2,1.3029428e-07
11744,2,1.129964e-07
11745,2,1.2438324e-07
11746,2,1.3273825e-07
11747,2,1.3753247e-07
11748,2,1.1632275e-07
11749,2,1.2276203e-07
11750,1,9.23072733341328e-08
11750,2,3.713066666586719e-08
11751,2,1.3135059e-07
11752,2,1.3214558e-07
11753,2,1.2840504e-07
11754,1,9.61871816209549e-08
11754,2,3.4095618379045094e-08
11755,2,1.1989721e-07
11756,2,1.2961548e-07
11757,1,1.2699748e-07
11758,1,8.447202609323894e-08
11758,2,4.617237390676107e-08
11759,1,1.2876264e-07
11760,1,1.3028298e-07
11761,1,1.2953614e-07
11762,1,8.064360378179216e-08
11762,2,4.5851766218207834e-08
11763,1,1.3093366e-07
11764,1,1.2561164e-07
11765,1,1.2729101e-07
11766,1,1.2632662e-07
11767,1,1.2919689e-07
11768,1,1.2903875e-07
11769,1,1.3008563e-07
11770,1,1.2941302e-07
11771,1,1.2516938e-07
11772,1,1.2575621e-07
11773,1,1.2542654e-07
11774,1,1.2869029e-07
11775,1,1.2847222e-07
11776,1,1.2897727e-07
11777,1,1.2881692e-07
11778,1,1.2505044e-07
11779,1,1.2524745e-07
11780,1,1.2514197e-07
11781,1,1.2833934e-07
11782,1,1.2824537e-07
11783,1,1.28581e-07
11784,1,1.2840076e-07
11785,0,5.3107246381306604e-08
11785,1,7.190857361869339e-08
11786,1,1.2508474e-07
11787,1,1.2504836e-07
11788,0,2.6359381472356155e-08
11788,1,1.0183770852764385e-07
11789,0,5.7174992916699844e-08
11789,1,7.098284708330017e-08
11790,1,1.2829799e-07
11791,1,1.2821261e-07
11792,0,8.281277016897561e-08
11792,1,4.2194069831024394e-08
11793,1,1.2503155e-07
11794,1,1.2502355e-07
11795,0,7.655793601607615e-08
11795,1,5.158456398392384e-08
11796,0,8.708134562381871e-08
11796,1,4.105026437618127e-08
11797,1,1.281788e-07
11798,1,1.2815621e-07
11799,0,7.285003138392308e-08
11799,1,5.215885861607691e-08
11800,1,1.250227e-07
11801,1,1.250284e-07
11802,0,8.708242579590108e-08
11802,1,4.104870420409891e-08
11803,0,7.656008695158311e-08
11803,1,5.157881304841688e-08
11804,1,1.2815491e-07
11805,1,1.281719e-07
11806,0,2.394325626849527e-08
11806,1,1.0108318373150473e-07
11807,1,1.2504255e-07
11808,1,1.2507506e-07
11809,0,5.718003817264213e-08
11809,1,7.097308182735788e-08
11810,0,2.6367083468811336e-08
11810,1,1.0182193653118867e-07
11811,1,1.2820232e-07
11812,1,1.2828103e-07
11813,1,1.2508945e-07
11814,1,1.2512891e-07
11815,1,1.2523112e-07
11816,1,1.2823674e-07
11817,1,1.2832902e-07
11818,1,1.2838082e-07
11819,1,1.2855604e-07
11820,1,1.2532726e-07
11821,1,1.2540831e-07
11822,1,1.2574257e-07
11823,1,1.2846517e-07
11824,1,1.2869168e-07
11825,1,1.2879154e-07
11826,1,1.2895597e-07
11827,1,1.2620335e-07
11828,1,1.2633668e-07
11829,1,1.2736875e-07
11830,1,1.290631e-07
11831,1,1.2927159e-07
11832,1,1.2941209e-07
11833,1,1.301435e-07
11834,1,1.284585e-07
11835,1,1.2898271e-07
11836,1,8.42138689527761e-08
11836,2,4.6869891047223884e-08
11837,1,1.2968888e-07
11838,1,1.30562e-07
11839,1,1.3109105e-07
11840,1,8.036113631256137e-08
11840,2,4.646923368743863e-08
11841,2,1.3078492e-07
11842,2,1.328574e-07
11843,2,1.3197125e-07
11844,1,9.600743522286134e-08
11844,2,3.4661704777138655e-08
11845,2,1.288369e-07
11846,2,1.3011388e-07
11847,2,1.2039535e-07
11848,2,1.3067115e-07
11849,2,1.2474182e-07
11850,2,1.108406e-07
11851,2,1.3804739e-07
11852,2,1.3345836e-07
11853,2,1.2307603e-07
11854,2,1.1571466e-07
11855,2,7.1031084e-08
11856,2,9.5325665e-08
11857,2,1.72329e-07
11858,2,9.1614616e-08
11859,2,1.0705262e-07
11860,2,4.8449076e-08
11861,2,6.3787199e-08
11862,2,1.1267254e-07
11863,2,5.5715854e-08
11864,2,9.9903774e-08
11865,2,1.2819801e-07
11866,2,1.1694648e-07
11867,2,7.6501753e-08
11868,2,1.2400457e-07
11869,2,1.3579127e-07
11870,2,1.3566247e-07
11871,2,1.3709232e-07
11872,2,1.2646507e-07
11873,2,1.4056227e-07
11874,2,1.2025317e-07
11875,2,1.3517504e-07
11876,1,6.208646859539502e-08
11876,2,6.910483140460499e-08
11877,2,1.3555915e-07
11878,2,1.3333135e-07
11879,2,1.3160383e-07
11880,1,6.554070084052407e-08
11880,2,6.660761915947593e-08
11881,2,1.267962e-07
11882,2,1.3158678e-07
11883,1,1.2756643e-07
11884,1,2.5524766998411162e-08
11884,2,1.0574209300158884e-07
11885,1,9.259518437621762e-08
11885,2,3.683447562378238e-08
11886,1,1.3129383e-07
11887,1,1.3015722e-07
11888,1,2.242659741770958e-08
11888,2,1.0471477258229042e-07
11889,1,9.188968681215051e-08
11889,2,3.954683318784948e-08
11890,1,1.2596914e-07
11891,1,1.2803019e-07
11892,1,1.2701413e-07
11893,1,1.2968543e-07
11894,1,1.2945939e-07
11895,1,1.3080836e-07
11896,1,1.3028681e-07
11897,1,1.2536136e-07
11898,1,1.2632611e-07
11899,1,1.2586633e-07
11900,1,1.2901131e-07
11901,1,1.2869886e-07
11902,1,1.2968329e-07
11903,1,1.2905263e-07
11904,1,1.2513488e-07
11905,1,1.2555338e-07
11906,1,1.2535589e-07
11907,1,1.2846327e-07
11908,1,1.2831926e-07
11909,1,1.2844249e-07
11910,1,1.2810555e-07
11911,1,1.2507497e-07
11912,1,1.2525678e-07
11913,1,1.2521961e-07
11914,1,1.2825482e-07
11915,1,1.2823593e-07
11916,1,1.2815732e-07
11917,1,1.2833103e-07
11918,1,1.2508396e-07
11919,1,1.2521418e-07
11920,1,1.252366e-07
11921,1,1.2823159e-07
11922,1,1.2823865e-07
11923,1,1.2832294e-07
11924,1,1.2812903e-07
11925,1,1.2519374e-07
11926,1,1.2531396e-07
11927,1,1.2548509e-07
11928,1,1.2829137e-07
11929,1,1.2842007e-07
11930,1,1.2805222e-07
11931,1,1.2836131e-07
11932,1,1.2554332e-07
11933,1,1.2577068e-07
11934,1,1.2620318e-07
11935,1,1.2864381e-07
11936,1,1.2894329e-07
11937,1,1.2894792e-07
11938,1,1.2955959e-07
11939,1,1.2652132e-07
11940,1,1.2686558e-07
11941,1,1.2782913e-07
11942,1,1.2938289e-07
11943,1,1.2960521e-07
11944,1,1.3014189e-07
11945,1,1.3063134e-07
11946,1,1.2908573e-07
11947,1,9.256070260828026e-08
11947,2,3.6586527391719744e-08
11948,1,2.5330236546850918e-08
11948,2,1.055808034531491e-07
11949,1,1.3008511e-07
11950,1,1.3128066e-07
11951,1,9.188790832420469e-08
11951,2,3.9301701675795295e-08
11952,1,2.2276751263651775e-08
11952,2,1.0458657873634823e-07
11953,2,1.3446314e-07
11954,2,1.3315753e-07
11955,2,1.3585575e-07
11956,1,6.516353000576584e-08
11956,2,6.706374999423416e-08
11957,2,1.3188569e-07
11958,2,1.3131397e-07
11959,2,1.2667898e-07
11960,2,1.3420065e-07
11961,2,1.3900618e-07
11962,2,1.3718269e-07
11963,2,1.4112596e-07
11964,2,1.2715954e-07
11965,2,1.3520641e-07
11966,2,1.2154343e-07
11967,2,1.058905e-07
11968,2,9.7059734e-08
11969,2,5.4238549e-08
11970,2,1.1675748e-07
11971,2,1.2795537e-07
11972,2,1.2407988e-07
11973,2,7.5331044e-08
11974,2,6.5380479e-08
11975,2,2.1430501e-08
11976,2,5.6741918e-08
11977,2,1.4314026e-07
11978,2,7.1352985e-08
11979,2,1.0539008e-07
11980,2,1.6829763e-07
11981,2,8.8248756e-08
11982,2,1.3193922e-07
11983,2,1.2325632e-07
11984,2,1.211791e-07
11985,2,1.334805e-07
11986,2,1.3988477e-07
11987,2,1.4283928e-07
11988,2,1.2801972e-07
11989,2,1.3136834e-07
11990,2,1.3121834e-07
11991,2,1.3195544e-07
11992,2,1.3062212e-07
11993,2,1.3158182e-07
11994,2,1.2608073e-07
11995,2,1.2618748e-07
11996,1,8.585024917139575e-08
11996,2,4.277576082860426e-08
11997,2,1.3159788e-07
11998,2,1.3024112e-07
11999,1,3.470746122024327e-08
11999,2,9.629763877975672e-08
12000,1,8.904850957093327e-08
12000,2,4.1069300429066735e-08
12001,2,1.2475986e-07
12002,2,1.2342113e-07
12003,1,1.2683046e-07
12004,1,6.539609835328883e-09
12004,2,1.2266382016467112e-07
12005,1,4.329654498749455e-08
12005,2,8.493716501250544e-08
12006,1,1.2961511e-07
12007,1,1.2892873e-07
12008,1,4.773143189769444e-09
12008,2,1.1820542681023056e-07
12009,1,4.2284600792946296e-08
12009,2,8.54584892070537e-08
12010,1,1.258248e-07
12011,1,7.267655698802185e-08
12011,2,5.4505823011978176e-08
12012,1,9.45868058543922e-08
12012,2,3.19646541456078e-08
12013,1,1.2830691e-07
12014,1,1.2801792e-07
12015,1,6.965661558114334e-08
12015,2,5.336775441885667e-08
12016,1,9.385140857676637e-08
12016,2,3.418883142323363e-08
12017,1,1.2557455e-07
12018,1,1.0911693903312104e-07
12018,2,1.7167700966878983e-08
12019,1,1.1637296962480898e-07
12019,2,9.86452037519101e-09
12020,1,1.2831567e-07
12021,1,1.2865306e-07
12022,1,1.081832544584482e-07
12022,2,2.0249965541551797e-08
12023,1,1.1588092928720699e-07
12023,2,1.2765170712792995e-08
12024,1,1.2559103e-07
12025,1,1.1638954762138412e-07
12025,2,9.831122378615866e-09
12026,1,1.0916736131729526e-07
12026,2,1.7038638682704742e-08
12027,1,1.2863705e-07
12028,1,1.282576e-07
12029,1,1.1590389169929343e-07
12029,2,1.2722668300706567e-08
12030,1,1.0826303248043757e-07
12030,2,2.0090707519562433e-08
12031,1,1.2605233e-07
12032,1,9.469710070236465e-08
12032,2,3.165595929763533e-08
12033,1,7.291354992587535e-08
12033,2,5.3971820074124645e-08
12034,1,1.2790459e-07
12035,1,1.2813598e-07
12036,1,9.400488691951424e-08
12036,2,3.385587308048577e-08
12037,1,6.993303326261024e-08
12037,2,5.2831636737389756e-08
12038,1,1.273302e-07
12039,1,4.3721454139236133e-08
12039,2,8.408560586076387e-08
12040,1,7.197745623732153e-09
12040,2,1.2152551437626785e-07
12041,1,1.2871617e-07
12042,1,1.2938523e-07
12043,1,4.27405175360285e-08
12043,2,8.469725246397149e-08
12044,1,5.409722518360945e-09
12044,2,1.1728778748163906e-07
12045,1,3.4523033158807724e-08
12045,2,9.509138684119228e-08
12046,2,1.2979028e-07
12047,2,1.3100447e-07
12048,1,8.938202268363218e-08
12048,2,4.049393731636783e-08
12049,1,3.51574866947477e-08
12049,2,9.55969333052523e-08
12050,2,1.2317687e-07
12051,2,1.2449647e-07
12052,2,1.3184904e-07
12053,2,1.309479e-07
12054,2,1.2940162e-07
12055,2,1.3124034e-07
12056,2,1.3012128e-07
12057,2,1.2571285e-07
12058,2,1.2528311e-07
12059,2,1.2859368e-07
12060,2,1.191639e-07
12061,2,1.2117156e-07
12062,2,1.3898122e-07
12063,2,1.3212499e-07
12064,2,1.2721635e-07
12065,2,1.4109269e-07
12066,2,8.5114884e-08
12067,2,6.9799503e-08
12068,2,1.6420986e-07
12069,2,1.0825322e-07
12070,2,8.4273914e-08
12071,2,5.7041018e-08
12072,2,1.0488593e-07
12073,2,6.7830979e-08
12074,2,1.2215894e-07
12075,2,1.234991e-07
12076,2,5.6101973e-08
12077,2,1.017953e-07
12078,2,1.6133641e-07
12079,2,1.3690107e-07
12080,2,7.5404905e-08
12081,2,1.161584e-07
12082,2,1.2917749e-07
12083,2,1.3353275e-07
12084,2,1.1745035e-07
12085,2,1.3828592e-07
12086,2,1.3643723e-07
12087,2,1.5437323e-07
12088,2,1.2573661e-07
12089,2,1.2933076e-07
12090,2,1.2523932e-07
12091,2,1.2800515e-07
12092,2,1.3651718e-07
12093,2,1.3721825e-07
12094,2,1.2868286e-07
12095,2,1.2920385e-07
12096,2,1.2716602e-07
12097,2,1.2588733e-07
12098,2,1.2536712e-07
12099,2,1.2537836e-07
12100,2,1.264294e-07
12101,2,1.171661e-07
12102,2,1.168093e-07
12103,2,1.2714596e-07
12104,2,1.2603023e-07
12105,2,1.2681907e-07
12106,2,1.2710442e-07
12107,2,1.2727384e-07
12108,2,1.1855677e-07
12109,2,1.1943494e-07
12110,2,1.2688556e-07
12111,2,1.2690923e-07
12112,2,1.2623719e-07
12113,2,1.2726927e-07
12114,2,1.2699696e-07
12115,2,1.1950373e-07
12116,2,1.1859646e-07
12117,2,1.2734187e-07
12118,2,1.2494951e-07
12119,2,1.2473471e-07
12120,2,1.2616702e-07
12121,2,1.2498184e-07
12122,2,1.1663391e-07
12123,2,1.1655985e-07
12124,2,1.2905218e-07
12125,2,1.2619576e-07
12126,2,1.23856e-07
12127,2,1.3684278e-07
12128,2,1.3635982e-07
12129,2,1.2895514e-07
12130,2,1.295712e-07
12131,2,1.2884701e-07
12132,2,1.174777e-07
12133,2,1.3834158e-07
12134,2,1.3638902e-07
12135,2,1.3855064e-07
12136,2,1.2596381e-07
12137,2,1.5556324e-07
12138,2,1.4168791e-07
12139,2,1.088287e-07
12140,2,5.893567e-08
12141,2,1.3730022e-07
12142,2,1.6093497e-07
12143,2,1.1784211e-07
12144,2,7.3780212e-08
12145,2,5.1889535e-08
12146,2,1.2250922e-07
12147,2,6.8433741e-08
12148,2,8.9561986e-08
12149,2,6.617837e-08
12150,2,1.0894786e-07
12151,2,1.3370306e-07
12152,2,4.3639889e-08
12153,2,1.2978949e-07
12154,2,1.5386517e-07
12155,2,5.9985221e-08
12156,2,1.1388709e-07
12157,2,7.7129503e-08
12158,2,9.40631e-08
12159,2,1.1817364e-07
12160,2,1.2532288e-07
12161,2,9.6063463e-08
12162,2,1.0977521e-07
12163,2,1.1964662e-07
12164,2,1.0276269e-07
12165,2,1.0560325e-07
12166,2,1.3034089e-07
12167,2,1.3287832e-07
12168,2,1.1679968e-07
12169,2,1.1915532e-07
12170,2,1.1802372e-07
12171,2,1.0605452e-07
12172,2,1.0198922e-07
12173,2,1.3311443e-07
12174,2,1.3037177e-07
12175,2,1.1986394e-07
12176,2,1.1614558e-07
12177,2,1.0957952e-07
12178,2,9.4491504e-08
12179,2,7.8069169e-08
12180,2,1.2534217e-07
12181,2,1.1741332e-07
12182,2,1.1007763e-07
12183,2,9.5010151e-08
12184,2,1.2170649e-07
12185,2,4.4525909e-08
12186,2,1.5526795e-07
12187,2,1.3494047e-07
12188,2,6.0059374e-08
12189,2,5.2014422e-08
12190,2,1.0810719e-07
12191,2,6.7034155e-08
12192,2,7.1114748e-08
12193,2,1.1242314e-07
12194,2,6.9608659e-08
12195,2,1.1350432e-07
12196,2,6.4893766e-08
12197,2,1.4248353e-07
12198,2,1.5347687e-07
12199,2,6.5422106e-08
12200,2,1.3883641e-07
12201,2,1.5778292e-07
12202,2,1.2177005e-07
12203,2,1.0922079e-07
12204,2,1.1421894e-07
12205,2,1.0417447e-07
12206,2,1.2232993e-07
12207,2,1.111761e-07
12208,2,1.2249875e-07
12209,2,1.2794099e-07
12210,2,1.1834534e-07
12211,2,1.2003972e-07
12212,2,1.2685306e-07
12213,2,1.2831724e-07
12214,2,1.2656853e-07
12215,2,1.2799545e-07
12216,2,1.2591949e-07
12217,2,1.1992501e-07
12218,2,1.1814356e-07
12219,2,1.2822814e-07
12220,2,1.2652914e-07
12221,2,1.2793499e-07
12222,2,1.2634956e-07
12223,2,1.0508237e-07
12224,2,1.1374574e-07
12225,2,1.0915349e-07
12226,2,1.2151827e-07
12227,2,1.0396164e-07
12228,2,1.2223616e-07
12229,2,1.1156978e-07
12230,2,1.5253838e-07
12231,2,1.3705898e-07
12232,2,7.0172632e-08
12233,2,1.6138424e-07
12234,2,1.3737419e-07
12235,2,1.1414748e-07
12236,2,7.102387e-08
12237,2,1.1283238e-07
12238,2,7.1613766e-08
12239,2,7.4909807e-08
12240,2,1.2004451e-07
12241,2,7.4993203e-08
12242,2,1.2399158e-07
12243,2,1.2651318e-07
12244,2,1.518892e-07
12245,2,1.2334083e-07
12246,2,8.0180198e-08
12247,2,1.263126e-07
12248,2,1.5410928e-07
12249,2,1.3070718e-07
12250,2,1.2464787e-07
12251,2,1.2364602e-07
12252,2,1.2166509e-07
12253,2,1.569017e-07
12254,2,1.2456702e-07
12255,2,1.3028751e-07
12256,2,1.2865451e-07
12257,2,1.5902329e-07
12258,2,1.2144514e-07
12259,2,1.2354161e-07
12260,2,1.2452382e-07
12261,2,1.5929524e-07
12262,2,1.2836002e-07
12263,2,1.3057144e-07
12264,2,7.7352172e-08
12265,2,1.2265657e-07
12266,2,1.5036487e-07
12267,2,1.2318193e-07
12268,2,7.5433795e-08
12269,2,1.2893976e-07
12270,2,1.5106325e-07
12271,2,1.2154303e-07
12272,2,7.5090436e-08
12273,2,1.3108689e-07
12274,2,7.5146574e-08
12275,2,7.1060697e-08
12276,2,7.2547835e-08
12277,2,9.182156e-08
12278,2,1.163434e-07
12279,2,1.6682101e-07
12280,2,9.1525746e-08
12281,2,1.1678336e-07
12282,2,1.7337921e-07
12283,2,1.6866646e-07
12284,2,1.1176769e-07
12285,2,9.2812734e-08
12286,2,1.7512201e-07
12287,2,1.1626873e-07
12288,2,6.9426792e-08
12289,2,7.2953373e-08
12290,2,7.1997461e-08
12291,2,7.2621667e-08
12292,2,1.3655776e-07
12293,2,1.3653275e-07
12294,2,1.143059e-07
12295,2,8.559681e-08
12296,2,1.390021e-07
12297,2,1.3887267e-07
12298,2,1.2210954e-07
12299,2,8.5260328e-08
12300,2,1.1432495e-07
12301,2,1.3745407e-07
12302,2,1.3830849e-07
12303,2,8.3604233e-08
12304,2,1.2211113e-07
12305,2,1.391694e-07
12306,2,7.2846688e-08
12307,2,7.3805356e-08
12308,2,1.16115e-07
12309,2,9.4673213e-08
12310,2,1.6958439e-07
12311,2,1.1803953e-07
12312,2,9.3230496e-08
12313,2,1.7555572e-07
12314,2,1.7100193e-07
12315,2,9.5685388e-08
12316,2,1.2054362e-07
12317,2,1.7522773e-07
12318,2,9.2018963e-08
12319,2,7.5386286e-08
12320,2,1.1697831e-07
12321,2,7.4457896e-08
12322,2,1.2300557e-07
12323,2,1.217202e-07
12324,2,7.4252588e-08
12325,2,1.2365857e-07
12326,2,1.5295637e-07
12327,2,1.2734659e-07
12328,2,1.240413e-07
12329,2,8.0424478e-08
12330,2,1.5417299e-07
12331,2,1.2764847e-07
12332,2,1.3143467e-07
12333,2,7.9197355e-08
12334,2,1.2331737e-07
12335,2,1.2496215e-07
12336,2,1.5291762e-07
12337,2,7.9624627e-08
12338,2,1.3116205e-07
12339,2,1.2765208e-07
12340,2,7.2652955e-08
12341,2,1.1297258e-07
12342,2,7.139707e-08
12343,2,1.1551467e-07
12344,2,1.2422739e-07
12345,2,1.2534628e-07
12346,2,1.220493e-07
12347,2,1.5939615e-07
12348,2,1.3113053e-07
12349,2,1.2557379e-07
12350,2,1.2902231e-07
12351,2,1.5914235e-07
12352,2,1.2207138e-07
12353,2,1.2628931e-07
12354,2,1.3081828e-07
12355,2,1.5866971e-07
12356,2,1.290067e-07
12357,2,1.2557709e-07
12358,2,1.1689921e-07
12359,2,7.0705297e-08
12360,2,1.1525649e-07
12361,2,1.3981576e-07
12362,2,6.5834577e-08
12363,2,1.5388251e-07
12364,2,1.3635035e-07
12365,2,6.6610878e-08
12366,2,1.6148987e-07
12367,2,1.5431862e-07
12368,2,6.6282936e-08
12369,2,1.3631179e-07
12370,2,1.5935094e-07
12371,2,6.6573138e-08
12372,2,1.0881877e-07
12373,2,1.211029e-07
12374,2,1.1397309e-07
12375,2,1.0544009e-07
12376,2,1.1212963e-07
12377,2,1.2148343e-07
12378,2,1.2238088e-07
12379,2,1.046539e-07
12380,2,1.1397134e-07
12381,2,1.2072498e-07
12382,2,1.121735e-07
12383,2,1.0610642e-07
12384,2,1.2242225e-07
12385,2,1.2140064e-07
12386,2,1.1827459e-07
12387,2,1.2745739e-07
12388,2,1.2000206e-07
12389,2,1.2658536e-07
12390,2,1.2647434e-07
12391,2,1.2828275e-07
12392,2,1.2802401e-07
12393,2,1.2610828e-07
12394,2,1.2006694e-07
12395,2,1.2763143e-07
12396,2,1.2656011e-07
12397,2,1.266896e-07
12398,2,1.2802511e-07
12399,2,1.2819389e-07
12400,2,1.2014768e-07
12401,2,1.2645011e-07
12402,2,1.1852834e-07
12403,2,1.283107e-07
12404,2,1.2807632e-07
12405,2,1.2701508e-07
12406,2,1.2671189e-07
12407,2,1.2738349e-07
12408,2,1.1797078e-07
12409,2,1.2515333e-07
12410,2,1.2803176e-07
12411,2,1.2841335e-07
12412,2,1.264019e-07
12413,2,1.2667059e-07
12414,2,1.1426026e-07
12415,2,1.0385164e-07
12416,2,1.0920226e-07
12417,2,1.2206326e-07
12418,2,1.2254508e-07
12419,2,1.0430911e-07
12420,2,1.1166303e-07
12421,2,1.2007023e-07
12422,2,1.0920073e-07
12423,2,1.0298029e-07
12424,2,1.2204437e-07
12425,2,1.2150952e-07
12426,2,1.1122469e-07
12427,2,1.0279476e-07
12428,2,1.5441298e-07
12429,2,1.3972723e-07
12430,2,6.7142728e-08
12431,2,1.6135151e-07
12432,2,1.3899413e-07
12433,2,6.7171621e-08
12434,2,1.3686088e-07
12435,2,1.6180655e-07
12436,2,6.9039981e-08
12437,2,1.3768125e-07
12438,2,1.1398849e-07
12439,2,7.2159762e-08
12440,2,1.1500858e-07
12441,2,7.0904683e-08
12442,2,1.2178801e-07
12443,2,1.5935809e-07
12444,2,1.237896e-07
12445,2,1.2538979e-07
12446,2,1.2884801e-07
12447,2,1.5892601e-07
12448,2,1.3068603e-07
12449,2,1.2500495e-07
12450,2,1.2369171e-07
12451,2,1.5907898e-07
12452,2,1.2849291e-07
12453,2,1.2433217e-07
12454,2,1.3046744e-07
12455,2,1.5802333e-07
12456,2,7.2037031e-08
12457,2,1.1266264e-07
12458,2,7.0911646e-08
12459,2,1.2299896e-07
12460,2,7.9079046e-08
12461,2,1.5199356e-07
12462,2,1.2688043e-07
12463,2,1.3047875e-07
12464,2,7.7689793e-08
12465,2,1.5236883e-07
12466,2,1.25993e-07
12467,2,1.5226301e-07
12468,2,7.8671145e-08
12469,2,1.3037032e-07
12470,2,1.2581388e-07
12471,2,1.5317218e-07
12472,2,7.8320128e-08
12473,2,1.2119994e-07
12474,2,7.4633692e-08
12475,2,1.2868133e-07
12476,2,7.4216261e-08
12477,2,7.4138051e-08
12478,2,1.2801615e-07
12479,2,7.4612216e-08
12480,2,1.6970959e-07
12481,2,1.1937141e-07
12482,2,9.1587641e-08
12483,2,1.7413683e-07
12484,2,1.1838073e-07
12485,2,9.3715058e-08
12486,2,1.1664295e-07
12487,2,1.7391732e-07
12488,2,8.8637497e-08
12489,2,1.248434e-07
12490,2,7.2177608e-08
12491,2,7.337682e-08
12492,2,1.1422302e-07
12493,2,8.578161e-08
12494,2,1.3488394e-07
12495,2,1.3874107e-07
12496,2,1.217636e-07
12497,2,8.3894231e-08
12498,2,1.3783555e-07
12499,2,1.3684406e-07
12500,2,1.3602134e-07
12501,2,8.413541e-08
12502,2,1.2195291e-07
12503,2,1.3922353e-07
12504,2,1.3775241e-07
12505,2,8.3266744e-08
12506,2,7.4093369e-08
12507,2,6.9409985e-08
12508,2,7.2648113e-08
12509,2,1.6909638e-07
12510,2,9.7380472e-08
12511,2,1.0873468e-07
12512,2,1.7534052e-07
12513,2,9.7397661e-08
12514,2,1.1489033e-07
12515,2,9.3575981e-08
12516,2,1.7668042e-07
12517,2,1.123323e-07
12518,2,9.6907165e-08
12519,2,7.3205717e-08
12520,2,1.1795233e-07
12521,2,7.5130436e-08
12522,2,1.2812452e-07
12523,2,1.2265556e-07
12524,2,8.067381e-08
12525,2,1.2427444e-07
12526,2,1.5117668e-07
12527,2,1.3006844e-07
12528,2,7.6682716e-08
12529,2,1.2580525e-07
12530,2,1.2190142e-07
12531,2,1.5921989e-07
12532,2,1.2601288e-07
12533,2,1.3069996e-07
12534,2,1.2871565e-07
12535,2,1.5908293e-07
12536,2,1.2481004e-07
12537,2,1.2411882e-07
12538,2,1.2621208e-07
12539,2,1.5986055e-07
12540,2,1.290157e-07
12541,2,1.3095895e-07
12542,2,1.2545422e-07
12543,2,1.5845499e-07
12544,2,1.5203152e-07
12545,2,1.2421335e-07
12546,2,7.8862697e-08
12547,2,1.3150838e-07
12548,2,1.5347749e-07
12549,2,1.2860023e-07
12550,2,7.9204563e-08
12551,2,7.3416863e-08
12552,2,1.2396907e-07
12553,2,7.3852479e-08
12554,2,1.1634303e-07
12555,2,7.1234576e-08
12556,2,1.1244225e-07
12557,2,1.5310825e-07
12558,2,6.5086501e-08
12559,2,1.4291333e-07
12560,2,1.6037559e-07
12561,2,6.5789058e-08
12562,2,1.1291715e-07
12563,2,1.0548446e-07
12564,2,1.1801741e-07
12565,2,1.1215025e-07
12566,2,1.2163963e-07
12567,2,1.0641064e-07
12568,2,1.1993302e-07
12569,2,1.1957623e-07
12570,2,1.2505174e-07
12571,2,1.2713401e-07
12572,2,1.2605561e-07
12573,2,1.2755071e-07
12574,2,1.2638785e-07
12575,2,1.2761806e-07
12576,2,1.1793205e-07
12577,2,1.273695e-07
12578,2,1.2549758e-07
12579,2,1.277323e-07
12580,2,1.2622915e-07
12581,2,1.2808973e-07
12582,2,1.2649022e-07
12583,2,1.0915988e-07
12584,2,1.2077076e-07
12585,2,1.0381895e-07
12586,2,1.2198663e-07
12587,2,1.1128696e-07
12588,2,1.2122529e-07
12589,2,1.0336469e-07
12590,2,1.3933942e-07
12591,2,6.7443001e-08
12592,2,1.6099759e-07
12593,2,1.3943866e-07
12594,2,6.7937621e-08
12595,2,7.1622268e-08
12596,2,1.151105e-07
12597,2,6.9472595e-08
12598,2,7.0518228e-08
12599,2,1.1495867e-07
12600,2,7.1629679e-08
12601,2,1.1431444e-07
12602,2,6.6106247e-08
12603,2,1.3807974e-07
12604,2,1.6088984e-07
12605,2,6.451331e-08
12606,2,1.3546733e-07
12607,2,1.585146e-07
12608,2,1.215286e-07
12609,2,1.1300613e-07
12610,2,1.2381833e-07
12611,2,1.049375e-07
12612,2,1.2086506e-07
12613,2,1.1291431e-07
12614,2,1.2378158e-07
12615,2,1.2749704e-07
12616,2,1.2792721e-07
12617,2,1.2931487e-07
12618,2,1.2539129e-07
12619,2,1.2667822e-07
12620,2,1.2794686e-07
12621,2,1.2919714e-07
12622,2,1.2570078e-07
12623,2,1.2924982e-07
12624,2,1.2775554e-07
12625,2,1.2679516e-07
12626,2,1.2516114e-07
12627,2,1.292085e-07
12628,2,1.2780267e-07
12629,2,1.0334837e-07
12630,2,1.2348414e-07
12631,2,1.1222857e-07
12632,2,1.203142e-07
12633,2,1.0453998e-07
12634,2,1.2361859e-07
12635,2,1.1305021e-07
12636,2,1.5845634e-07
12637,2,1.3742452e-07
12638,2,6.5205996e-08
12639,2,1.6012494e-07
12640,2,1.3572148e-07
12641,2,1.114025e-07
12642,2,6.9493041e-08
12643,2,1.1194512e-07
12644,2,6.9710679e-08
12645,2,7.4499327e-08
12646,2,1.2415725e-07
12647,2,7.388338e-08
12648,2,1.2444593e-07
12649,2,1.2227355e-07
12650,2,1.5340992e-07
12651,2,1.3031863e-07
12652,2,7.7335155e-08
12653,2,1.2006771e-07
12654,2,1.5234296e-07
12655,2,1.2916164e-07
12656,2,1.2530117e-07
12657,2,1.3194898e-07
12658,2,1.3038132e-07
12659,2,1.585682e-07
12660,2,1.2511775e-07
12661,2,1.3207076e-07
12662,2,1.3044948e-07
12663,2,1.5684041e-07
12664,2,1.2956703e-07
12665,2,1.3138721e-07
12666,2,1.2366152e-07
12667,2,1.5629452e-07
12668,2,1.2974116e-07
12669,2,1.3138997e-07
12670,2,7.5455118e-08
12671,2,1.304648e-07
12672,2,1.5186958e-07
12673,2,1.2279948e-07
12674,2,7.7827414e-08
12675,2,1.3028379e-07
12676,2,1.5300714e-07
12677,2,1.3025904e-07
12678,2,7.4046184e-08
12679,2,1.247519e-07
12680,2,7.3457058e-08
12681,2,7.2466957e-08
12682,2,7.2359227e-08
12683,2,9.3361412e-08
12684,2,1.1489192e-07
12685,2,1.7624309e-07
12686,2,8.8929878e-08
12687,2,1.1582553e-07
12688,2,1.7123937e-07
12689,2,1.7346806e-07
12690,2,1.1614547e-07
12691,2,9.06485e-08
12692,2,1.7378123e-07
12693,2,1.1624229e-07
12694,2,7.3683771e-08
12695,2,7.2711718e-08
12696,2,7.2692321e-08
12697,2,7.2257484e-08
12698,2,1.3919442e-07
12699,2,1.3868625e-07
12700,2,1.2335378e-07
12701,2,8.4512066e-08
12702,2,1.3886121e-07
12703,2,1.3825429e-07
12704,2,1.2352427e-07
12705,2,8.2275181e-08
12706,2,1.2333356e-07
12707,2,1.3823966e-07
12708,2,1.3812006e-07
12709,2,8.2333995e-08
12710,2,1.2366498e-07
12711,2,1.3833368e-07
12712,2,7.3332097e-08
12713,2,7.2707848e-08
12714,2,1.1740582e-07
12715,2,9.3532056e-08
12716,2,1.7597219e-07
12717,2,1.1558447e-07
12718,2,9.2439447e-08
12719,2,1.7472479e-07
12720,2,1.7213504e-07
12721,2,8.5891028e-08
12722,2,1.2627714e-07
12723,2,1.7357419e-07
12724,2,8.618595e-08
12725,2,7.2414539e-08
12726,2,1.2451934e-07
12727,2,7.2718469e-08
12728,2,1.2602778e-07
12729,2,1.2259621e-07
12730,2,7.3018565e-08
12731,2,1.231886e-07
12732,2,1.5343648e-07
12733,2,1.2449973e-07
12734,2,1.3114059e-07
12735,2,7.6345883e-08
12736,2,1.5145931e-07
12737,2,1.2356164e-07
12738,2,1.3020959e-07
12739,2,7.954089e-08
12740,2,1.3166912e-07
12741,2,1.2569371e-07
12742,2,1.5306959e-07
12743,2,7.8597934e-08
12744,2,1.2992472e-07
12745,2,1.2090781e-07
12746,2,7.0499314e-08
12747,2,1.1427173e-07
12748,2,7.008551e-08
12749,2,1.1326692e-07
12750,2,1.3182997e-07
12751,2,1.2471426e-07
12752,2,1.3005045e-07
12753,2,1.5657906e-07
12754,2,1.3139462e-07
12755,2,1.2404451e-07
12756,2,1.2977712e-07
12757,2,1.5771299e-07
12758,2,1.3021173e-07
12759,2,1.2477786e-07
12760,2,1.3184683e-07
12761,2,1.5780807e-07
12762,2,1.3014053e-07
12763,2,1.2456225e-07
12764,2,1.1375452e-07
12765,2,7.1563109e-08
12766,2,1.1357627e-07
12767,2,1.3358826e-07
12768,2,6.5917275e-08
12769,2,1.5908277e-07
12770,2,1.3415561e-07
12771,2,6.5686266e-08
12772,2,1.5891346e-07
12773,2,1.5967177e-07
12774,2,6.6584532e-08
12775,2,1.351007e-07
12776,2,1.590627e-07
12777,2,6.5555618e-08
12778,2,1.1298054e-07
12779,2,1.2098642e-07
12780,2,1.2364298e-07
12781,2,1.0302716e-07
12782,2,1.1242829e-07
12783,2,1.2069442e-07
12784,2,1.2369291e-07
12785,2,1.0568341e-07
12786,2,1.2377322e-07
12787,2,1.2108515e-07
12788,2,1.12671e-07
12789,2,1.0361835e-07
12790,2,1.237221e-07
12791,2,1.2053383e-07
12792,2,1.279248e-07
12793,2,1.2749514e-07
12794,2,1.2936872e-07
12795,2,1.2548566e-07
12796,2,1.2801028e-07
12797,2,1.2673255e-07
12798,2,1.2931321e-07
12799,2,1.2621469e-07
12800,2,1.2947612e-07
12801,2,1.2762869e-07
12802,2,1.2811937e-07
12803,2,1.2557246e-07
12804,2,1.2948877e-07
12805,2,1.2706878e-07
12806,2,1.2937167e-07
12807,2,1.2627903e-07
12808,2,1.281067e-07
12809,2,1.2684796e-07
12810,2,1.2936118e-07
12811,2,1.2540896e-07
12812,2,1.2801776e-07
12813,2,1.2753118e-07
12814,2,1.2790493e-07
12815,2,1.2601933e-07
12816,2,1.294437e-07
12817,2,1.2700716e-07
12818,2,1.2807711e-07
12819,2,1.2578441e-07
12820,2,1.2367732e-07
12821,2,1.0312519e-07
12822,2,1.122668e-07
12823,2,1.2112905e-07
12824,2,1.2387392e-07
12825,2,1.0329649e-07
12826,2,1.1257203e-07
12827,2,1.2061658e-07
12828,2,1.1196761e-07
12829,2,1.0267575e-07
12830,2,1.2341645e-07
12831,2,1.2017277e-07
12832,2,1.1232466e-07
12833,2,1.0361008e-07
12834,2,1.5968694e-07
12835,2,1.3808803e-07
12836,2,6.5816286e-08
12837,2,1.6025711e-07
12838,2,1.3805708e-07
12839,2,6.6175316e-08
12840,2,1.3940244e-07
12841,2,1.5826137e-07
12842,2,6.4702549e-08
12843,2,1.3630012e-07
12844,2,1.1349179e-07
12845,2,6.9960996e-08
12846,2,1.1260242e-07
12847,2,7.0607783e-08
12848,2,1.2998012e-07
12849,2,1.566237e-07
12850,2,1.3144979e-07
12851,2,1.2403461e-07
12852,2,1.2989413e-07
12853,2,1.5672177e-07
12854,2,1.3144945e-07
12855,2,1.2420542e-07
12856,2,1.3180658e-07
12857,2,1.5771964e-07
12858,2,1.3037151e-07
12859,2,1.2503668e-07
12860,2,1.320115e-07
12861,2,1.5835832e-07
12862,2,7.0947386e-08
12863,2,1.1442345e-07
12864,2,7.1738875e-08
12865,2,1.3050023e-07
12866,2,7.6568751e-08
12867,2,1.5203517e-07
12868,2,1.2276132e-07
12869,2,1.2999e-07
12870,2,7.6783667e-08
12871,2,1.5251741e-07
12872,2,1.2357023e-07
12873,2,1.53051e-07
12874,2,7.8965426e-08
12875,2,1.2972871e-07
12876,2,1.2182248e-07
12877,2,1.5107194e-07
12878,2,7.7178306e-08
12879,2,1.2779623e-07
12880,2,7.3205372e-08
12881,2,1.2691081e-07
12882,2,7.2953414e-08
12883,2,7.4480853e-08
12884,2,1.2278184e-07
12885,2,7.3006134e-08
12886,2,1.7642748e-07
12887,2,1.166221e-07
12888,2,9.2226752e-08
12889,2,1.7490909e-07
12890,2,1.1611204e-07
12891,2,8.7381169e-08
12892,2,1.2432123e-07
12893,2,1.7340515e-07
12894,2,9.0423742e-08
12895,2,1.1809631e-07
12896,2,7.3368768e-08
12897,2,7.2272688e-08
12898,2,1.2324421e-07
12899,2,8.3813357e-08
12900,2,1.3839992e-07
12901,2,1.387262e-07
12902,2,1.2391672e-07
12903,2,8.5284205e-08
12904,2,1.3929224e-07
12905,2,1.3904925e-07
12906,2,1.3829552e-07
12907,2,8.4256745e-08
12908,2,1.2356705e-07
12909,2,1.3856904e-07
12910,2,1.3816114e-07
12911,2,8.5789573e-08
12912,2,7.1025716e-08
12913,2,7.2937946e-08
12914,2,7.1282127e-08
12915,2,1.7493661e-07
12916,2,9.0725081e-08
12917,2,1.2220025e-07
12918,2,1.7145773e-07
12919,2,8.5488051e-08
12920,2,1.1104383e-07
12921,2,9.4505537e-08
12922,2,1.7545353e-07
12923,2,1.1792403e-07
12924,2,9.1270218e-08
12925,2,7.0977978e-08
12926,2,1.3119553e-07
12927,2,7.396141e-08
12928,2,1.2418896e-07
12929,2,1.315973e-07
12930,2,7.557338e-08
12931,2,1.2672505e-07
12932,2,1.5263728e-07
12933,2,1.3110216e-07
12934,2,7.7438703e-08
12935,2,1.2525005e-07
12936,2,1.2977005e-07
12937,2,1.5608995e-07
12938,2,1.2406242e-07
12939,2,1.3139729e-07
12940,2,1.2961578e-07
12941,2,1.5568103e-07
12942,2,1.2364804e-07
12943,2,1.3182683e-07
12944,2,1.2431159e-07
12945,2,1.5699895e-07
12946,2,1.3004804e-07
12947,2,1.3159415e-07
12948,2,1.2421683e-07
12949,2,1.5670846e-07
12950,2,1.5335878e-07
12951,2,1.2795258e-07
12952,2,7.7702945e-08
12953,2,1.3053329e-07
12954,2,1.5060731e-07
12955,2,1.2459012e-07
12956,2,7.4967916e-08
12957,2,7.3940033e-08
12958,2,1.2692787e-07
12959,2,7.2958088e-08
12960,2,1.1323159e-07
12961,2,6.8199543e-08
12962,2,1.1319414e-07
12963,2,1.591915e-07
12964,2,6.5429345e-08
12965,2,1.3270418e-07
12966,2,1.589164e-07
12967,2,6.5796864e-08
12968,2,1.2343115e-07
12969,2,1.0502389e-07
12970,2,1.208795e-07
12971,2,1.1281345e-07
12972,2,1.2383543e-07
12973,2,1.0395257e-07
12974,2,1.2103226e-07
12975,2,1.2907288e-07
12976,2,1.2602563e-07
12977,2,1.2711985e-07
12978,2,1.2783933e-07
12979,2,1.2914033e-07
12980,2,1.2518411e-07
12981,2,1.2660392e-07
12982,2,1.2774139e-07
12983,2,1.2734432e-07
12984,2,1.2582768e-07
12985,2,1.2911758e-07
12986,2,1.2786621e-07
12987,2,1.2655647e-07
12988,2,1.2559494e-07
12989,2,1.1235231e-07
12990,2,1.2080216e-07
12991,2,1.0378477e-07
12992,2,1.2331452e-07
12993,2,1.123268e-07
12994,2,1.201923e-07
12995,2,1.0389581e-07
12996,2,1.3736789e-07
12997,2,6.6853955e-08
12998,2,1.5784411e-07
12999,2,1.3574806e-07
13000,2,6.4239449e-08
13001,2,6.9135498e-08
13002,2,1.1318467e-07
13003,2,6.9515081e-08
13004,2,7.0738121e-08
13005,2,1.1304792e-07
13006,2,6.9197979e-08
13007,2,1.1290981e-07
13008,2,6.6555927e-08
13009,2,1.3324293e-07
13010,2,1.5963811e-07
13011,2,6.5042277e-08
13012,2,1.3507218e-07
13013,2,1.5663416e-07
13014,2,1.1987588e-07
13015,2,1.1231837e-07
13016,2,1.2317137e-07
13017,2,1.0216997e-07
13018,2,1.1954019e-07
13019,2,1.1138252e-07
13020,2,1.2277169e-07
13021,2,1.2599954e-07
13022,2,1.2764175e-07
13023,2,1.2874362e-07
13024,2,1.2506893e-07
13025,2,1.2604669e-07
13026,2,1.274186e-07
13027,2,1.2865222e-07
13028,2,1.2501046e-07
13029,2,1.2879911e-07
13030,2,1.275539e-07
13031,2,1.2617014e-07
13032,2,1.248448e-07
13033,2,1.2870302e-07
13034,2,1.2741766e-07
13035,2,1.0464818e-07
13036,2,1.2337404e-07
13037,2,1.1306531e-07
13038,2,1.2000177e-07
13039,2,1.0375433e-07
13040,2,1.231914e-07
13041,2,1.1225012e-07
13042,2,1.5996014e-07
13043,2,1.3199568e-07
13044,2,6.4561122e-08
13045,2,1.5736766e-07
13046,2,1.350175e-07
13047,2,1.1307048e-07
13048,2,7.0873133e-08
13049,2,1.1362211e-07
13050,2,6.9699579e-08
13051,2,7.4354327e-08
13052,2,1.2652544e-07
13053,2,7.3922284e-08
13054,2,1.2706526e-07
13055,2,1.1956917e-07
13056,2,1.4981345e-07
13057,2,1.2836286e-07
13058,2,7.6668119e-08
13059,2,1.2120334e-07
13060,2,1.5267197e-07
13061,2,1.2923747e-07
13062,2,1.2430376e-07
13063,2,1.3141502e-07
13064,2,1.2989652e-07
13065,2,1.55508e-07
13066,2,1.2379937e-07
13067,2,1.3083441e-07
13068,2,1.2957806e-07
13069,2,1.578295e-07
13070,2,1.2978527e-07
13071,2,1.3163791e-07
13072,2,1.2426544e-07
13073,2,1.5646608e-07
13074,2,1.2974076e-07
13075,2,1.3123459e-07
13076,2,7.7679412e-08
13077,2,1.2951603e-07
13078,2,1.5211896e-07
13079,2,1.2180855e-07
13080,2,7.5773836e-08
13081,2,1.2913956e-07
13082,2,1.5085513e-07
13083,2,1.2343434e-07
13084,2,7.3213996e-08
13085,2,1.2579632e-07
13086,2,7.3171477e-08
13087,2,7.1287721e-08
13088,2,7.1443064e-08
13089,2,9.1175367e-08
13090,2,1.1106659e-07
13091,2,1.7123928e-07
13092,2,9.0869086e-08
13093,2,1.1706049e-07
13094,2,1.7567085e-07
13095,2,1.7236731e-07
13096,2,1.1901594e-07
13097,2,8.9893662e-08
13098,2,1.7257076e-07
13099,2,1.1602977e-07
13100,2,7.1041165e-08
13101,2,7.0483591e-08
13102,2,7.2236883e-08
13103,2,7.2155449e-08
13104,2,1.3770303e-07
13105,2,1.377722e-07
13106,2,1.2317068e-07
13107,2,8.3373404e-08
13108,2,1.3782098e-07
13109,2,1.3771538e-07
13110,2,1.2327513e-07
13111,2,8.4177422e-08
13112,2,1.2353754e-07
13113,2,1.3820486e-07
13114,2,1.3771625e-07
13115,2,8.4323886e-08
13116,2,1.2317435e-07
13117,2,1.3769702e-07
13118,2,7.2177429e-08
13119,2,7.164458e-08
13120,2,1.1715315e-07
13121,2,9.0928978e-08
13122,2,1.7446552e-07
13123,2,1.1824433e-07
13124,2,9.0377739e-08
13125,2,1.739579e-07
13126,2,1.7312974e-07
13127,2,8.7546019e-08
13128,2,1.1582977e-07
13129,2,1.7322258e-07
13130,2,9.09656e-08
13131,2,7.2664091e-08
13132,2,1.2792742e-07
13133,2,7.2867518e-08
13134,2,1.2774319e-07
13135,2,1.2412773e-07
13136,2,7.350624e-08
13137,2,1.2459946e-07
13138,2,1.5053945e-07
13139,2,1.234301e-07
13140,2,1.2946927e-07
13141,2,7.4218938e-08
13142,2,1.4930732e-07
13143,2,1.2093627e-07
13144,2,1.2837405e-07
13145,2,7.6888678e-08
13146,2,1.290607e-07
13147,2,1.2079799e-07
13148,2,1.5081987e-07
13149,2,7.6412752e-08
13150,2,1.294046e-07
13151,2,1.225007e-07
13152,2,6.9571263e-08
13153,2,1.1226561e-07
13154,2,7.0560705e-08
13155,2,1.1122569e-07
13156,2,1.3069557e-07
13157,2,1.2335464e-07
13158,2,1.2925134e-07
13159,2,1.5618661e-07
13160,2,1.3067822e-07
13161,2,1.2303368e-07
13162,2,1.2900465e-07
13163,2,1.5625445e-07
13164,2,1.2959414e-07
13165,2,1.2382486e-07
13166,2,1.3092315e-07
13167,2,1.5627645e-07
13168,2,1.2925701e-07
13169,2,1.2357532e-07
13170,2,1.1227733e-07
13171,2,6.9824214e-08
13172,2,1.1287389e-07
13173,2,1.3490152e-07
13174,2,6.6004556e-08
13175,2,1.5863635e-07
13176,2,1.3602218e-07
13177,2,6.4863982e-08
13178,2,1.58835e-07
13179,2,1.5967065e-07
13180,2,6.5707982e-08
13181,2,1.306085e-07
13182,2,1.6011831e-07
13183,2,6.7412057e-08
13184,2,1.1251616e-07
13185,2,1.2044303e-07
13186,2,1.2350836e-07
13187,2,1.0428082e-07
13188,2,1.1272326e-07
13189,2,1.2020863e-07
13190,2,1.2343204e-07
13191,2,1.0216888e-07
13192,2,1.234404e-07
13193,2,1.2032023e-07
13194,2,1.1306481e-07
13195,2,1.0385451e-07
13196,2,1.2348645e-07
13197,2,1.2005839e-07
13198,2,1.2779299e-07
13199,2,1.2637352e-07
13200,2,1.2903087e-07
13201,2,1.2511944e-07
13202,2,1.2769156e-07
13203,2,1.2645457e-07
13204,2,1.2900492e-07
13205,2,1.2528947e-07
13206,2,1.2917359e-07
13207,2,1.2670697e-07
13208,2,1.2770917e-07
13209,2,1.2505129e-07
13210,2,1.2903211e-07
13211,2,1.2647708e-07
13212,2,1.2910857e-07
13213,2,1.2472688e-07
13214,2,1.2762548e-07
13215,2,1.2667443e-07
13216,2,1.2904731e-07
13217,2,1.2489253e-07
13218,2,1.2760312e-07
13219,2,1.2652889e-07
13220,2,1.2777489e-07
13221,2,1.2523315e-07
13222,2,1.2897499e-07
13223,2,1.2627356e-07
13224,2,1.2772777e-07
13225,2,1.2526266e-07
13226,2,1.2355872e-07
13227,2,1.0292762e-07
13228,2,1.1205124e-07
13229,2,1.2040489e-07
13230,2,1.2334746e-07
13231,2,1.0272866e-07
13232,2,1.1202089e-07
13233,2,1.2035742e-07
13234,2,1.125176e-07
13235,2,1.0543952e-07
13236,2,1.2329603e-07
13237,2,1.1995742e-07
13238,2,1.1257796e-07
13239,2,1.0374063e-07
13240,2,1.5810222e-07
13241,2,1.3630089e-07
13242,2,6.5090671e-08
13243,2,1.5859598e-07
13244,2,1.3573406e-07
13245,2,6.3646121e-08
13246,2,1.3202776e-07
13247,2,1.6028586e-07
13248,2,6.577314e-08
13249,2,1.3951835e-07
13250,2,1.1213878e-07
13251,2,6.975728e-08
13252,2,1.1357095e-07
13253,2,6.8381469e-08
13254,2,1.2942533e-07
13255,2,1.5570736e-07
13256,2,1.3079129e-07
13257,2,1.2365657e-07
13258,2,1.2928561e-07
13259,2,1.5411711e-07
13260,2,1.3030614e-07
13261,2,1.2462126e-07
13262,2,1.3146737e-07
13263,2,1.571096e-07
13264,2,1.2962994e-07
13265,2,1.2380989e-07
13266,2,1.3104783e-07
13267,2,1.5569376e-07
13268,2,7.0808192e-08
13269,2,1.1235017e-07
13270,2,6.9780926e-08
13271,2,1.292707e-07
13272,2,7.5589611e-08
13273,2,1.4997439e-07
13274,2,1.2326672e-07
13275,2,1.2931422e-07
13276,2,7.5513718e-08
13277,2,1.5035e-07
13278,2,1.2257453e-07
13279,2,1.515377e-07
13280,2,7.6422339e-08
13281,2,1.2981734e-07
13282,2,1.2226777e-07
13283,2,1.5229763e-07
13284,2,7.8485495e-08
13285,2,1.2474264e-07
13286,2,7.2776919e-08
13287,2,1.2650019e-07
13288,2,7.3262765e-08
13289,2,7.1957915e-08
13290,2,1.2048508e-07
13291,2,7.2436411e-08
13292,2,1.721905e-07
13293,2,1.1453259e-07
13294,2,8.6695315e-08
13295,2,1.7226768e-07
13296,2,1.2175752e-07
13297,2,9.3254796e-08
13298,2,1.1518163e-07
13299,2,1.733727e-07
13300,2,8.9748676e-08
13301,2,1.1876279e-07
13302,2,7.1279015e-08
13303,2,7.0874125e-08
13304,2,1.2368292e-07
13305,2,8.5337801e-08
13306,2,1.3839283e-07
13307,2,1.3806179e-07
13308,2,1.2363508e-07
13309,2,8.5342156e-08
13310,2,1.3856948e-07
13311,2,1.3855997e-07
13312,2,1.3741047e-07
13313,2,8.4659772e-08
13314,2,1.2327161e-07
13315,2,1.3835173e-07
13316,2,1.371766e-07
13317,2,8.3140807e-08
13318,2,7.2646648e-08
13319,2,7.0843296e-08
13320,2,7.1145835e-08
13321,2,1.7168488e-07
13322,2,8.7399377e-08
13323,2,1.1420296e-07
13324,2,1.7176296e-07
13325,2,8.9860121e-08
13326,2,1.1791645e-07
13327,2,8.8662857e-08
13328,2,1.7117747e-07
13329,2,1.1857408e-07
13330,2,8.7614028e-08
13331,2,7.0468494e-08
13332,2,1.2501579e-07
13333,2,7.3331073e-08
13334,2,1.2690714e-07
13335,2,1.3009239e-07
13336,2,7.671996e-08
13337,2,1.2321379e-07
13338,2,1.5100315e-07
13339,2,1.2909285e-07
13340,2,7.5395303e-08
13341,2,1.2080938e-07
13342,2,1.2928415e-07
13343,2,1.5656996e-07
13344,2,1.23253e-07
13345,2,1.3099587e-07
13346,2,1.2904841e-07
13347,2,1.5632437e-07
13348,2,1.2296364e-07
13349,2,1.3103854e-07
13350,2,1.2386671e-07
13351,2,1.5556008e-07
13352,2,1.2964729e-07
13353,2,1.310381e-07
13354,2,1.2408154e-07
13355,2,1.5613029e-07
13356,2,1.5046855e-07
13357,2,1.2335026e-07
13358,2,7.5008929e-08
13359,2,1.2899028e-07
13360,2,1.5063047e-07
13361,2,1.2157288e-07
13362,2,7.4523499e-08
13363,2,7.2139291e-08
13364,2,1.2916067e-07
13365,2,7.3403244e-08
13366,2,1.1157225e-07
13367,2,7.0469949e-08
13368,2,1.108303e-07
13369,2,1.5874922e-07
13370,2,6.450362e-08
13371,2,1.3545497e-07
13372,2,1.5867421e-07
13373,2,6.375155e-08
13374,2,1.236679e-07
13375,2,1.0434569e-07
13376,2,1.2071725e-07
13377,2,1.1319805e-07
13378,2,1.2361626e-07
13379,2,1.0542881e-07
13380,2,1.203759e-07
13381,2,1.2898356e-07
13382,2,1.2469676e-07
13383,2,1.2668243e-07
13384,2,1.2755544e-07
13385,2,1.2886469e-07
13386,2,1.2482785e-07
13387,2,1.2639047e-07
13388,2,1.2753783e-07
13389,2,1.262889e-07
13390,2,1.2507569e-07
13391,2,1.2882028e-07
13392,2,1.2746071e-07
13393,2,1.2633083e-07
13394,2,1.2486127e-07
13395,2,1.1221339e-07
13396,2,1.1951504e-07
13397,2,1.0435435e-07
13398,2,1.2313189e-07
13399,2,1.1193294e-07
13400,2,1.2021706e-07
13401,2,1.0311601e-07
13402,2,1.3776676e-07
13403,2,6.3141715e-08
13404,2,1.5798175e-07
13405,2,1.3718494e-07
13406,2,6.4242196e-08
13407,2,6.8681516e-08
13408,2,1.1311583e-07
13409,2,6.9437011e-08
13410,2,6.9839142e-08
13411,2,1.1204476e-07
13412,2,7.2141854e-08
13413,2,1.1130095e-07
13414,2,6.4835542e-08
13415,2,1.3975906e-07
13416,2,1.5824272e-07
13417,2,6.4713273e-08
13418,2,1.378377e-07
13419,2,1.5812073e-07
13420,2,1.1968002e-07
13421,2,1.1158394e-07
13422,2,1.2274016e-07
13423,2,1.0273733e-07
13424,2,1.1977385e-07
13425,2,1.1180769e-07
13426,2,1.2285485e-07
13427,2,1.2617479e-07
13428,2,1.2725264e-07
13429,2,1.2861464e-07
13430,2,1.2464421e-07
13431,2,1.2614768e-07
13432,2,1.2721468e-07
13433,2,1.2859521e-07
13434,2,1.2470153e-07
13435,2,1.286636e-07
13436,2,1.273228e-07
13437,2,1.2630537e-07
13438,2,1.245334e-07
13439,2,1.2864853e-07
13440,2,1.2722645e-07
13441,2,1.0227995e-07
13442,2,1.2318334e-07
13443,2,1.1186774e-07
13444,2,1.20236e-07
13445,2,1.027475e-07
13446,2,1.2305448e-07
13447,2,1.1200456e-07
13448,2,1.5873232e-07
13449,2,1.3510782e-07
13450,2,6.5553082e-08
13451,2,1.5911677e-07
13452,2,1.3522464e-07
13453,2,1.125341e-07
13454,2,7.0717207e-08
13455,2,1.123282e-07
13456,2,7.0095385e-08
13457,2,7.295988e-08
13458,2,1.2426253e-07
13459,2,7.2811283e-08
13460,2,1.2768034e-07
13461,2,1.21399e-07
13462,2,1.5170403e-07
13463,2,1.2899622e-07
13464,2,7.4414514e-08
13465,2,1.186034e-07
13466,2,1.5006135e-07
13467,2,1.2764229e-07
13468,2,1.2378904e-07
13469,2,1.3095268e-07
13470,2,1.2957099e-07
13471,2,1.5851231e-07
13472,2,1.2398475e-07
13473,2,1.3137811e-07
13474,2,1.2963523e-07
13475,2,1.5807051e-07
13476,2,1.2965228e-07
13477,2,1.3145687e-07
13478,2,1.2365021e-07
13479,2,1.5588992e-07
13480,2,1.293705e-07
13481,2,1.3088825e-07
13482,2,7.4852085e-08
13483,2,1.2874102e-07
13484,2,1.5086753e-07
13485,2,1.2043046e-07
13486,2,7.5692776e-08
13487,2,1.2871707e-07
13488,2,1.5041097e-07
13489,2,1.2807113e-07
13490,2,7.3032807e-08
13491,2,1.2562995e-07
13492,2,7.2487857e-08
13493,2,7.1927008e-08
13494,2,7.25359e-08
13495,2,8.7912585e-08
13496,2,1.2025359e-07
13497,2,1.7307535e-07
13498,2,9.0604076e-08
13499,2,1.1571024e-07
13500,2,1.7284778e-07
13501,2,1.7299824e-07
13502,2,1.065388e-07
13503,2,9.2513419e-08
13504,2,1.7570002e-07
13505,2,1.1449014e-07
13506,2,7.0523839e-08
13507,2,7.0681899e-08
13508,2,7.1870105e-08
13509,2,7.1918513e-08
13510,2,1.3863623e-07
13511,2,1.3762421e-07
13512,2,1.2342223e-07
13513,2,8.353347e-08
13514,2,1.3860434e-07
13515,2,1.3728147e-07
13516,2,1.2325309e-07
13517,2,8.428527e-08
13518,2,1.2289476e-07
13519,2,1.3784615e-07
13520,2,1.3751334e-07
13521,2,8.4517441e-08
13522,2,1.2302769e-07
13523,2,1.3808855e-07
13524,2,7.2310826e-08
13525,2,7.2029727e-08
13526,2,1.1807298e-07
13527,2,8.8034693e-08
13528,2,1.7103165e-07
13529,2,1.1793421e-07
13530,2,8.9690832e-08
13531,2,1.7302796e-07
13532,2,1.7220983e-07
13533,2,9.0806388e-08
13534,2,1.1632887e-07
13535,2,1.7247133e-07
13536,2,8.9713638e-08
13537,2,7.2990861e-08
13538,2,1.2607476e-07
13539,2,7.2899562e-08
13540,2,1.2568829e-07
13541,2,1.2489528e-07
13542,2,7.385372e-08
13543,2,1.2684997e-07
13544,2,1.4963655e-07
13545,2,1.2240135e-07
13546,2,1.2878707e-07
13547,2,7.6079462e-08
13548,2,1.5118183e-07
13549,2,1.2375646e-07
13550,2,1.2952657e-07
13551,2,7.6103903e-08
13552,2,1.2962162e-07
13553,2,1.2406576e-07
13554,2,1.5158478e-07
13555,2,7.6205819e-08
13556,2,1.2821969e-07
13557,2,1.1970731e-07
13558,2,7.0812535e-08
13559,2,1.1028418e-07
13560,2,6.9171663e-08
13561,2,1.1148556e-07
13562,2,1.3063492e-07
13563,2,1.2272866e-07
13564,2,1.2888863e-07
13565,2,1.5503751e-07
13566,2,1.3045e-07
13567,2,1.2298823e-07
13568,2,1.2898029e-07
13569,2,1.5633564e-07
13570,2,1.2901896e-07
13571,2,1.233247e-07
13572,2,1.3035739e-07
13573,2,1.551078e-07
13574,2,1.2887211e-07
13575,2,1.2288672e-07
13576,2,1.1252143e-07
13577,2,7.0640026e-08
13578,2,1.1092465e-07
13579,2,1.359944e-07
13580,2,6.4360036e-08
13581,2,1.5753883e-07
13582,2,1.3786246e-07
13583,2,6.1624724e-08
13584,2,1.5605077e-07
13585,2,1.6065801e-07
13586,2,6.6764463e-08
13587,2,1.3567609e-07
13588,2,1.587958e-07
13589,2,6.4730248e-08
13590,2,1.125959e-07
13591,2,1.2009168e-07
13592,2,1.2332356e-07
13593,2,1.0579123e-07
13594,2,1.1270645e-07
13595,2,1.2026937e-07
13596,2,1.2338958e-07
13597,2,1.0656418e-07
13598,2,1.233974e-07
13599,2,1.1941998e-07
13600,2,1.1309267e-07
13601,2,1.0501892e-07
13602,2,1.2310479e-07
13603,2,1.1896281e-07
13604,2,1.2760596e-07
13605,2,1.2655376e-07
13606,2,1.2896662e-07
13607,2,1.2512204e-07
13608,2,1.276492e-07
13609,2,1.2636081e-07
13610,2,1.2890262e-07
13611,2,1.2510376e-07
13612,2,1.2901103e-07
13613,2,1.265549e-07
13614,2,1.2763701e-07
13615,2,1.2519653e-07
13616,2,1.2897002e-07
13617,2,1.264125e-07
13618,2,1.2895874e-07
13619,2,1.2513119e-07
13620,2,1.2764208e-07
13621,2,1.2642669e-07
13622,2,1.2893529e-07
13623,2,1.2517318e-07
13624,2,1.2765968e-07
13625,2,1.2662883e-07
13626,2,1.2770144e-07
13627,2,1.252887e-07
13628,2,1.2903846e-07
13629,2,1.2663346e-07
13630,2,1.2767703e-07
13631,2,1.2515087e-07
13632,2,1.233499e-07
13633,2,1.0346978e-07
13634,2,1.1223051e-07
13635,2,1.2025676e-07
13636,2,1.2333977e-07
13637,2,1.0466201e-07
13638,2,1.1241988e-07
13639,2,1.1994693e-07
13640,2,1.1208371e-07
13641,2,1.0359522e-07
13642,2,1.2336012e-07
13643,2,1.2060699e-07
13644,2,1.1225018e-07
13645,2,1.0435346e-07
13646,2,1.5832733e-07
13647,2,1.3535925e-07
13648,2,6.5117529e-08
13649,2,1.5685904e-07
13650,2,1.3528983e-07
13651,2,6.4647567e-08
13652,2,1.3671451e-07
13653,2,1.5710565e-07
13654,2,6.4025212e-08
13655,2,1.3589814e-07
13656,2,1.1401601e-07
13657,2,6.9122893e-08
13658,2,1.1328895e-07
13659,2,7.0506718e-08
13660,2,1.2940912e-07
13661,2,1.5532911e-07
13662,2,1.3058899e-07
13663,2,1.2427576e-07
13664,2,1.296103e-07
13665,2,1.5670292e-07
13666,2,1.3096694e-07
13667,2,1.2332162e-07
13668,2,1.3105251e-07
13669,2,1.5621878e-07
13670,2,1.2915677e-07
13671,2,1.2343188e-07
13672,2,1.3074364e-07
13673,2,1.5532253e-07
13674,2,7.0007549e-08
13675,2,1.1283782e-07
13676,2,6.8701445e-08
13677,2,1.2915597e-07
13678,2,7.550603e-08
13679,2,1.5094157e-07
13680,2,1.2131428e-07
13681,2,1.2861887e-07
13682,2,7.5337412e-08
13683,2,1.4996768e-07
13684,2,1.226996e-07
13685,2,1.5266815e-07
13686,2,7.8866554e-08
13687,2,1.3033288e-07
13688,2,1.2440656e-07
13689,2,1.5120727e-07
13690,2,7.6728008e-08
13691,2,1.2750991e-07
13692,2,7.2794735e-08
13693,2,1.2612717e-07
13694,2,7.2390354e-08
13695,2,7.254869e-08
13696,2,1.2386321e-07
13697,2,7.2890853e-08
13698,2,1.7192747e-07
13699,2,1.2272405e-07
13700,2,8.9247048e-08
13701,2,1.7154829e-07
13702,2,1.1688679e-07
13703,2,9.0706527e-08
13704,2,1.1810116e-07
13705,2,1.7198975e-07
13706,2,8.8110166e-08
13707,2,1.1974523e-07
13708,2,7.1857859e-08
13709,2,7.2274711e-08
13710,2,1.2343904e-07
13711,2,8.4404774e-08
13712,2,1.3799606e-07
13713,2,1.3757765e-07
13714,2,1.231626e-07
13715,2,8.2562663e-08
13716,2,1.3826486e-07
13717,2,1.3729071e-07
13718,2,1.3768519e-07
13719,2,8.4125845e-08
13720,2,1.234988e-07
13721,2,1.3787035e-07
13722,2,1.3855935e-07
13723,2,8.5053628e-08
13724,2,7.0520582e-08
13725,2,7.1945387e-08
13726,2,7.284646e-08
13727,2,1.7253725e-07
13728,2,9.1523863e-08
13729,2,1.138498e-07
13730,2,1.7425266e-07
13731,2,9.2024216e-08
13732,2,1.1683982e-07
13733,2,8.9675678e-08
13734,2,1.7159327e-07
13735,2,1.1181744e-07
13736,2,9.084348e-08
13737,2,7.1599568e-08
13738,2,1.2744019e-07
13739,2,7.2477584e-08
13740,2,1.2336112e-07
13741,2,1.2993567e-07
13742,2,7.5850971e-08
13743,2,1.2295739e-07
13744,2,1.5087859e-07
13745,2,1.3117176e-07
13746,2,7.6370556e-08
13747,2,1.2663809e-07
13748,2,1.2885073e-07
13749,2,1.5644924e-07
13750,2,1.2294145e-07
13751,2,1.3032571e-07
13752,2,1.2841524e-07
13753,2,1.5372119e-07
13754,2,1.2178844e-07
13755,2,1.310148e-07
13756,2,1.2454052e-07
13757,2,1.5633004e-07
13758,2,1.2960305e-07
13759,2,1.3092199e-07
13760,2,1.2448387e-07
13761,2,1.5595825e-07
13762,2,1.5090222e-07
13763,2,1.2144544e-07
13764,2,7.5243073e-08
13765,2,1.2878802e-07
13766,2,1.5149901e-07
13767,2,1.2041033e-07
13768,2,7.6745977e-08
13769,2,7.3446238e-08
13770,2,1.2520574e-07
13771,2,7.3881026e-08
13772,2,1.118309e-07
13773,2,6.7014353e-08
13774,2,1.102384e-07
13775,2,1.5902516e-07
13776,2,6.5193696e-08
13777,2,1.2975422e-07
13778,2,1.599804e-07
13779,2,6.6549411e-08
13780,2,1.234396e-07
13781,2,1.0489615e-07
13782,2,1.1991164e-07
13783,2,1.1355145e-07
13784,2,1.2339126e-07
13785,2,1.0542328e-07
13786,2,1.1960973e-07
13787,2,1.2872843e-07
13788,2,1.2496342e-07
13789,2,1.2607595e-07
13790,2,1.274317e-07
13791,2,1.2875795e-07
13792,2,1.2470891e-07
13793,2,1.2624808e-07
13794,2,1.2746488e-07
13795,2,1.2633329e-07
13796,2,1.2490141e-07
13797,2,1.288487e-07
13798,2,1.275482e-07
13799,2,1.2651062e-07
13800,2,1.2523867e-07
13801,2,1.1171919e-07
13802,2,1.2061898e-07
13803,2,1.0215821e-07
13804,2,1.2296913e-07
13805,2,1.1175047e-07
13806,2,1.1992365e-07
13807,2,1.0169931e-07
13808,2,1.3439084e-07
13809,2,6.5738116e-08
13810,2,1.5961823e-07
13811,2,1.3297249e-07
13812,2,6.7296858e-08
13813,2,6.9363399e-08
13814,2,1.1471657e-07
13815,2,6.9286917e-08
13816,2,7.0803811e-08
13817,2,1.1331679e-07
13818,2,6.9257325e-08
13819,2,1.1506484e-07
13820,2,6.2760591e-08
13821,2,1.3611586e-07
13822,2,1.5617523e-07
13823,2,6.3493658e-08
13824,2,1.3343666e-07
13825,2,1.5715672e-07
13826,2,1.2005128e-07
13827,2,1.1234249e-07
13828,2,1.23021e-07
13829,2,1.0611207e-07
13830,2,1.1928404e-07
13831,2,1.1280256e-07
13832,2,1.2288644e-07
13833,2,1.2616204e-07
13834,2,1.272455e-07
13835,2,1.2859033e-07
13836,2,1.2441569e-07
13837,2,1.2618596e-07
13838,2,1.2712017e-07
13839,2,1.2857514e-07
13840,2,1.2462611e-07
13841,2,1.2860288e-07
13842,2,1.2718922e-07
13843,2,1.261507e-07
13844,2,1.2471266e-07
13845,2,1.2857218e-07
13846,2,1.2718373e-07
13847,2,1.0313149e-07
13848,2,1.2284715e-07
13849,2,1.1195039e-07
13850,2,1.1960302e-07
13851,2,1.0177832e-07
13852,2,1.2265596e-07
13853,2,1.1139937e-07
13854,2,1.5902387e-07
13855,2,1.3609997e-07
13856,2,6.5327512e-08
13857,2,1.5826636e-07
13858,2,1.3379132e-07
13859,2,1.1264451e-07
13860,2,6.8165384e-08
13861,2,1.1352392e-07
13862,2,6.7232962e-08
13863,2,7.3170145e-08
13864,2,1.28182e-07
13865,2,7.3689338e-08
13866,2,1.2693418e-07
13867,2,1.1910841e-07
13868,2,1.5005093e-07
13869,2,1.2768908e-07
13870,2,7.4781461e-08
13871,2,1.2091277e-07
13872,2,1.4951309e-07
13873,2,1.2835982e-07
13874,2,1.2428293e-07
13875,2,1.3094444e-07
13876,2,1.295677e-07
13877,2,1.5570268e-07
13878,2,1.243594e-07
13879,2,1.306066e-07
13880,2,1.2940615e-07
13881,2,1.5525764e-07
13882,2,1.2929649e-07
13883,2,1.307928e-07
13884,2,1.2365266e-07
13885,2,1.5475435e-07
13886,2,1.2938366e-07
13887,2,1.308895e-07
13888,2,7.5579417e-08
13889,2,1.3027968e-07
13890,2,1.5114374e-07
13891,2,1.27177e-07
13892,2,7.8087833e-08
13893,2,1.3179067e-07
13894,2,1.5296889e-07
13895,2,1.2563293e-07
13896,2,7.3090002e-08
13897,2,1.2224277e-07
13898,2,7.3104833e-08
13899,2,7.1539557e-08
13900,2,7.0668158e-08
13901,2,8.8583354e-08
13902,2,1.190064e-07
13903,2,1.7245774e-07
13904,2,8.9896554e-08
13905,2,1.1565961e-07
13906,2,1.7202384e-07
13907,2,1.7122387e-07
13908,2,1.1721015e-07
13909,2,9.6798265e-08
13910,2,1.7536679e-07
13911,2,1.0735673e-07
13912,2,7.1091694e-08
13913,2,7.1485161e-08
13914,2,7.197317e-08
13915,2,7.25459e-08
13916,2,1.3787293e-07
13917,2,1.3701031e-07
13918,2,1.2290998e-07
13919,2,8.3565085e-08
13920,2,1.3726397e-07
13921,2,1.3744636e-07
13922,2,1.2275573e-07
13923,2,8.3950716e-08
13924,2,1.2303172e-07
13925,2,1.381097e-07
13926,2,1.3747517e-07
13927,2,8.3888924e-08
13928,2,1.2278689e-07
13929,2,1.3738579e-07
13930,2,7.2376535e-08
13931,2,7.1902791e-08
13932,2,1.1534654e-07
13933,2,9.0827963e-08
13934,2,1.7268801e-07
13935,2,1.084737e-07
13936,2,9.6822812e-08
13937,2,1.7603377e-07
13938,2,1.7239032e-07
13939,2,8.9235575e-08
13940,2,1.1482913e-07
13941,2,1.7401366e-07
13942,2,9.1501636e-08
13943,2,7.2688994e-08
13944,2,1.248101e-07
13945,2,7.2720367e-08
13946,2,1.2422663e-07
13947,2,1.2604703e-07
13948,2,7.3602188e-08
13949,2,1.2654508e-07
13950,2,1.5109146e-07
13951,2,1.2154697e-07
13952,2,1.2911809e-07
13953,2,7.6608388e-08
13954,2,1.5093426e-07
13955,2,1.2271076e-07
13956,2,1.2933321e-07
13957,2,7.4812904e-08
13958,2,1.2729332e-07
13959,2,1.1804123e-07
13960,2,1.5025185e-07
13961,2,7.5291879e-08
13962,2,1.2908843e-07
13963,2,1.2311828e-07
13964,2,7.0379844e-08
13965,2,1.1198539e-07
13966,2,6.9924418e-08
13967,2,1.1018502e-07
13968,2,1.3067767e-07
13969,2,1.2338349e-07
13970,2,1.2913081e-07
13971,2,1.5600393e-07
13972,2,1.3071728e-07
13973,2,1.2278836e-07
13974,2,1.2899049e-07
13975,2,1.5619993e-07
13976,2,1.2903315e-07
13977,2,1.2353207e-07
13978,2,1.30646e-07
13979,2,1.5637959e-07
13980,2,1.2905022e-07
13981,2,1.2331174e-07
13982,2,1.1247289e-07
13983,2,6.9907428e-08
13984,2,1.1159553e-07
13985,2,1.4152895e-07
13986,2,6.0959038e-08
13987,2,1.5570516e-07
13988,2,1.3794657e-07
13989,2,6.3552998e-08
13990,2,1.5717311e-07
13991,2,1.585539e-07
13992,2,6.5341285e-08
13993,2,1.3923294e-07
13994,2,1.5693481e-07
13995,2,6.3244669e-08
13996,2,1.1274684e-07
13997,2,1.2020213e-07
13998,2,1.2335304e-07
13999,2,1.0416646e-07
14000,2,1.1228746e-07
14001,2,1.1983065e-07
14002,2,1.2314298e-07
14003,2,1.0429522e-07
14004,2,1.2317471e-07
14005,2,1.1970995e-07
14006,2,1.1218542e-07
14007,2,1.0393938e-07
14008,2,1.232241e-07
14009,2,1.2013238e-07
14010,2,1.2770454e-07
14011,2,1.2623704e-07
14012,2,1.2887212e-07
14013,2,1.2549115e-07
14014,2,1.2772722e-07
14015,2,1.262621e-07
14016,2,1.2887606e-07
14017,2,1.2503027e-07
14018,2,1.2898729e-07
14019,2,1.2655297e-07
14020,2,1.276025e-07
14021,2,1.2501923e-07
14022,2,1.2900334e-07
14023,2,1.2658693e-07
14024,2,1.2893804e-07
14025,2,1.2521444e-07
14026,2,1.276607e-07
14027,2,1.2636257e-07
14028,2,1.2888927e-07
14029,2,1.2509634e-07
14030,2,1.2760465e-07
14031,2,1.2658204e-07
14032,2,1.2760301e-07
14033,2,1.250758e-07
14034,2,1.2902268e-07
14035,2,1.2663492e-07
14036,2,1.2755285e-07
14037,2,1.2494917e-07
14038,2,1.2329021e-07
14039,2,1.0464659e-07
14040,2,1.1219843e-07
14041,2,1.2032763e-07
14042,2,1.2326507e-07
14043,2,1.0336079e-07
14044,2,1.120517e-07
14045,2,1.2013405e-07
14046,2,1.1197616e-07
14047,2,1.0191699e-07
14048,2,1.2320867e-07
14049,2,1.1992155e-07
14050,2,1.1275671e-07
14051,2,1.0426489e-07
14052,2,1.5520494e-07
14053,2,1.3454766e-07
14054,2,6.4488472e-08
14055,2,1.5702617e-07
14056,2,1.3492877e-07
14057,2,6.5785314e-08
14058,2,1.334353e-07
14059,2,1.5926678e-07
14060,2,6.6168997e-08
14061,2,1.3265917e-07
14062,2,1.1495518e-07
14063,2,7.1489752e-08
14064,2,1.1308145e-07
14065,2,7.1158147e-08
14066,2,1.297951e-07
14067,2,1.5770622e-07
14068,2,1.3121799e-07
14069,2,1.2413323e-07
14070,2,1.2948708e-07
14071,2,1.5618106e-07
14072,2,1.3070385e-07
14073,2,1.2307629e-07
14074,2,1.3072237e-07
14075,2,1.5552589e-07
14076,2,1.2876968e-07
14077,2,1.225184e-07
14078,2,1.3068679e-07
14079,2,1.554611e-07
14080,2,6.8992548e-08
14081,2,1.1067686e-07
14082,2,6.9485866e-08
14083,2,1.2845159e-07
14084,2,7.6351642e-08
14085,2,1.5123645e-07
14086,2,1.1893705e-07
14087,2,1.2782665e-07
14088,2,7.6123178e-08
14089,2,1.5061962e-07
14090,2,1.2534622e-07
14091,2,1.5095194e-07
14092,2,7.625305e-08
14093,2,1.3062825e-07
14094,2,1.2516255e-07
14095,2,1.5184574e-07
14096,2,7.6880953e-08
14097,2,1.2518262e-07
14098,2,7.2473976e-08
14099,2,1.2537738e-07
14100,2,7.2073477e-08
14101,2,7.249357e-08
14102,2,1.2455673e-07
14103,2,7.3259583e-08
14104,2,1.734646e-07
14105,2,1.1425579e-07
14106,2,9.5696053e-08
14107,2,1.7533366e-07
14108,2,1.1017073e-07
14109,2,8.6781462e-08
14110,2,1.2139801e-07
14111,2,1.7314694e-07
14112,2,9.1565903e-08
14113,2,1.1449837e-07
14114,2,7.2043063e-08
14115,2,7.1680281e-08
14116,2,1.2293836e-07
14117,2,8.3438085e-08
14118,2,1.3796153e-07
14119,2,1.3744051e-07
14120,2,1.2281906e-07
14121,2,8.464678e-08
14122,2,1.3775125e-07
14123,2,1.3741101e-07
14124,2,1.3863946e-07
14125,2,8.4972443e-08
14126,2,1.2374418e-07
14127,2,1.3756335e-07
14128,2,1.3911952e-07
14129,2,8.5103925e-08
14130,2,7.0886954e-08
14131,2,7.2157844e-08
14132,2,7.1235815e-08
14133,2,1.7548785e-07
14134,2,9.2551571e-08
14135,2,1.1162264e-07
14136,2,1.7381287e-07
14137,2,9.2940385e-08
14138,2,1.1929529e-07
14139,2,8.8033673e-08
14140,2,1.6963908e-07
14141,2,1.2324445e-07
14142,2,8.420262e-08
14143,2,7.1521889e-08
14144,2,1.1815334e-07
14145,2,7.3624689e-08
14146,2,1.2085097e-07
14147,2,1.3205378e-07
14148,2,7.954926e-08
14149,2,1.2793127e-07
14150,2,1.5304225e-07
14151,2,1.3080061e-07
14152,2,7.8568995e-08
14153,2,1.2404109e-07
14154,2,1.2871894e-07
14155,2,1.553765e-07
14156,2,1.2221265e-07
14157,2,1.3147274e-07
14158,2,1.2932597e-07
14159,2,1.5704661e-07
14160,2,1.2352124e-07
14161,2,1.3073872e-07
14162,2,1.2388709e-07
14163,2,1.5556481e-07
14164,2,1.2929767e-07
14165,2,1.3073043e-07
14166,2,1.2351739e-07
14167,2,1.5573659e-07
14168,2,1.5141994e-07
14169,2,1.2196591e-07
14170,2,7.6245633e-08
14171,2,1.2942113e-07
14172,2,1.5064734e-07
14173,2,1.2397129e-07
14174,2,7.5876463e-08
14175,2,7.3445191e-08
14176,2,1.2477136e-07
14177,2,7.3144305e-08
14178,2,1.1023208e-07
14179,2,6.944369e-08
14180,2,1.1212419e-07
14181,2,1.6065716e-07
14182,2,6.6632801e-08
14183,2,1.36451e-07
14184,2,1.5787278e-07
14185,2,6.4616548e-08
14186,2,1.2341142e-07
14187,2,1.0469586e-07
14188,2,1.1999136e-07
14189,2,1.1263859e-07
14190,2,1.2322904e-07
14191,2,1.044368e-07
14192,2,1.2012054e-07
14193,2,1.2877988e-07
14194,2,1.248177e-07
14195,2,1.2637383e-07
14196,2,1.2737996e-07
14197,2,1.2871171e-07
14198,2,1.2478359e-07
14199,2,1.2626484e-07
14200,2,1.2752877e-07
14201,2,1.2624291e-07
14202,2,1.2531401e-07
14203,2,1.286716e-07
14204,2,1.274697e-07
14205,2,1.2609918e-07
14206,2,1.2530626e-07
14207,2,1.1176697e-07
14208,2,1.19584e-07
14209,2,1.0268539e-07
14210,2,1.226659e-07
14211,2,1.1190827e-07
14212,2,1.191833e-07
14213,2,1.0258937e-07
14214,2,1.3430286e-07
14215,2,6.573444e-08
14216,2,1.5960285e-07
14217,2,1.368026e-07
14218,2,6.6317012e-08
14219,2,6.936943e-08
14220,2,1.1193615e-07
14221,2,6.8816425e-08
14222,2,6.937248e-08
14223,2,1.1121328e-07
14224,2,6.8497955e-08
14225,2,1.0999997e-07
14226,2,6.5946939e-08
14227,2,1.3567435e-07
14228,2,1.5895388e-07
14229,2,6.692426e-08
14230,2,1.3764097e-07
14231,2,1.6039341e-07
14232,2,1.1944953e-07
14233,2,1.1202703e-07
14234,2,1.2277221e-07
14235,2,1.0146091e-07
14236,2,1.1937908e-07
14237,2,1.1184305e-07
14238,2,1.2275288e-07
14239,2,1.2621414e-07
14240,2,1.2712121e-07
14241,2,1.2859097e-07
14242,2,1.2475319e-07
14243,2,1.2621149e-07
14244,2,1.2721366e-07
14245,2,1.2861121e-07
14246,2,1.2495822e-07
14247,2,1.2859026e-07
14248,2,1.2727297e-07
14249,2,1.2607161e-07
14250,2,1.2492649e-07
14251,2,1.2857046e-07
14252,2,1.2724599e-07
14253,2,1.018879e-07
14254,2,1.2269627e-07
14255,2,1.1138309e-07
14256,2,1.1951888e-07
14257,2,1.0248551e-07
14258,2,1.2260248e-07
14259,2,1.1133335e-07
14260,2,1.5864993e-07
14261,2,1.353128e-07
14262,2,6.3568009e-08
14263,2,1.5691628e-07
14264,2,1.4048784e-07
14265,2,1.134914e-07
14266,2,6.7693819e-08
14267,2,1.1142942e-07
14268,2,6.9919011e-08
14269,2,7.2790841e-08
14270,2,1.2604134e-07
14271,2,7.2420825e-08
14272,2,1.2542459e-07
14273,2,1.2284403e-07
14274,2,1.5106052e-07
14275,2,1.2942914e-07
14276,2,7.6394033e-08
14277,2,1.2516229e-07
14278,2,1.5150285e-07
14279,2,1.3026843e-07
14280,2,1.2304614e-07
14281,2,1.3071722e-07
14282,2,1.2905106e-07
14283,2,1.5578963e-07
14284,2,1.225333e-07
14285,2,1.3074667e-07
14286,2,1.2887006e-07
14287,2,1.5552189e-07
14288,2,1.2953361e-07
14289,2,1.3120601e-07
14290,2,1.2355565e-07
14291,2,1.5652318e-07
14292,2,1.2952143e-07
14293,2,1.3142276e-07
14294,2,7.9855249e-08
14295,2,1.3170387e-07
14296,2,1.5330802e-07
14297,2,1.2172226e-07
14298,2,7.9302665e-08
14299,2,1.3012192e-07
14300,2,1.5327767e-07
14301,2,1.1773229e-07
14302,2,7.3100019e-08
14303,2,1.1860116e-07
14304,2,7.2725459e-08
14305,2,7.1279835e-08
14306,2,7.1885767e-08
14307,2,9.1626239e-08
14308,2,1.150957e-07
14309,2,1.7395588e-07
14310,2,8.9930675e-08
14311,2,1.1785236e-07
14312,2,1.7362735e-07
14313,2,1.736245e-07
14314,2,1.1539247e-07
14315,2,8.3890243e-08
14316,2,1.7089915e-07
14317,2,1.2624149e-07
14318,2,7.1453912e-08
14319,2,7.2491278e-08
14320,2,7.2479832e-08
14321,2,7.2384866e-08
14322,2,1.373731e-07
14323,2,1.3726931e-07
14324,2,1.2280108e-07
14325,2,8.3099121e-08
14326,2,1.3802556e-07
14327,2,1.3743825e-07
14328,2,1.2321337e-07
14329,2,8.340107e-08
14330,2,1.2284316e-07
14331,2,1.3714689e-07
14332,2,1.3845331e-07
14333,2,8.2823179e-08
14334,2,1.2292695e-07
14335,2,1.3662926e-07
14336,2,7.1689621e-08
14337,2,7.1696217e-08
14338,2,1.0952202e-07
14339,2,9.5864949e-08
14340,2,1.7560211e-07
14341,2,1.211792e-07
14342,2,8.7136947e-08
14343,2,1.7241197e-07
14344,2,1.7402536e-07
14345,2,9.2252069e-08
14346,2,1.1437173e-07
14347,2,1.7280949e-07
14348,2,9.1141938e-08
14349,2,7.2797643e-08
14350,2,1.2324066e-07
14351,2,7.2729172e-08
14352,2,1.2492018e-07
14353,2,1.2849722e-07
14354,2,7.3208701e-08
14355,2,1.233925e-07
14356,2,1.511283e-07
14357,2,1.2099706e-07
14358,2,1.2891219e-07
14359,2,7.6774115e-08
14360,2,1.5130755e-07
14361,2,1.2150793e-07
14362,2,1.2903292e-07
14363,2,7.5761844e-08
14364,2,1.2943189e-07
14365,2,1.2264509e-07
14366,2,1.5124809e-07
14367,2,7.7055098e-08
14368,2,1.290377e-07
14369,2,1.2073746e-07
14370,2,7.0508288e-08
14371,2,1.1221937e-07
14372,2,7.0613359e-08
14373,2,1.120593e-07
14374,2,1.3074595e-07
14375,2,1.2334909e-07
14376,2,1.2906944e-07
14377,2,1.5630906e-07
14378,2,1.3069697e-07
14379,2,1.2343006e-07
14380,2,1.2907527e-07
14381,2,1.5517707e-07
14382,2,1.2881751e-07
14383,2,1.2260214e-07
14384,2,1.305772e-07
14385,2,1.5562094e-07
14386,2,1.2899988e-07
14387,2,1.2347487e-07
14388,2,1.1003029e-07
14389,2,7.0214459e-08
14390,2,1.1317419e-07
14391,2,1.3401606e-07
14392,2,6.6809269e-08
14393,2,1.6060966e-07
14394,2,1.3653253e-07
14395,2,6.622374e-08
14396,2,1.5843963e-07
14397,2,1.5750971e-07
14398,2,6.4511411e-08
14399,2,1.3175755e-07
14400,2,1.5914479e-07
14401,2,6.5231305e-08
14402,2,1.1219943e-07
14403,2,1.1981136e-07
14404,2,1.2306844e-07
14405,2,1.0170659e-07
14406,2,1.1148635e-07
14407,2,1.195995e-07
14408,2,1.2287836e-07
14409,2,1.0394074e-07
14410,2,1.2329603e-07
14411,2,1.2013664e-07
14412,2,1.1314802e-07
14413,2,1.0513946e-07
14414,2,1.2348357e-07
14415,2,1.2015514e-07
14416,2,1.2770753e-07
14417,2,1.2639709e-07
14418,2,1.2892512e-07
14419,2,1.2528153e-07
14420,2,1.2764392e-07
14421,2,1.2662254e-07
14422,2,1.2900956e-07
14423,2,1.2512445e-07
14424,2,1.2899711e-07
14425,2,1.2650896e-07
14426,2,1.2776271e-07
14427,2,1.2530097e-07
14428,2,1.2898649e-07
14429,2,1.2645401e-07
14430,2,1.2890794e-07
14431,2,1.2510173e-07
14432,2,1.2759444e-07
14433,2,1.2661262e-07
14434,2,1.2900848e-07
14435,2,1.2505384e-07
14436,2,1.2759558e-07
14437,2,1.2680308e-07
14438,2,1.2751553e-07
14439,2,1.2497209e-07
14440,2,1.289629e-07
14441,2,1.2661765e-07
14442,2,1.2741767e-07
14443,2,1.2491031e-07
14444,2,1.2323052e-07
14445,2,1.045068e-07
14446,2,1.1245605e-07
14447,2,1.198464e-07
14448,2,1.2316992e-07
14449,2,1.0464293e-07
14450,2,1.1234663e-07
14451,2,1.1950131e-07
14452,2,1.128657e-07
14453,2,1.054896e-07
14454,2,1.2265816e-07
14455,2,1.1929863e-07
14456,2,1.1113161e-07
14457,2,1.024314e-07
14458,2,1.5769099e-07
14459,2,1.3686878e-07
14460,2,6.3111843e-08
14461,2,1.5657536e-07
14462,2,1.3668181e-07
14463,2,6.4685002e-08
14464,2,1.3894501e-07
14465,2,1.5439793e-07
14466,2,6.3032635e-08
14467,2,1.390255e-07
14468,2,1.124195e-07
14469,2,7.0474743e-08
14470,2,1.1406134e-07
14471,2,7.0782576e-08
14472,2,1.293624e-07
14473,2,1.5576025e-07
14474,2,1.304793e-07
14475,2,1.2444644e-07
14476,2,1.2948988e-07
14477,2,1.5674088e-07
14478,2,1.3069483e-07
14479,2,1.2261021e-07
14480,2,1.3055985e-07
14481,2,1.5505286e-07
14482,2,1.2888865e-07
14483,2,1.2306332e-07
14484,2,1.3041217e-07
14485,2,1.5501539e-07
14486,2,6.9540622e-08
14487,2,1.1214932e-07
14488,2,6.905265e-08
14489,2,1.2814167e-07
14490,2,7.5417068e-08
14491,2,1.495105e-07
14492,2,1.2045264e-07
14493,2,1.2804954e-07
14494,2,7.492511e-08
14495,2,1.4998361e-07
14496,2,1.2330755e-07
14497,2,1.5262385e-07
14498,2,7.7560557e-08
14499,2,1.2963673e-07
14500,2,1.2326105e-07
14501,2,1.5083878e-07
14502,2,7.6146408e-08
14503,2,1.2516632e-07
14504,2,7.2241711e-08
14505,2,1.2825931e-07
14506,2,7.234776e-08
14507,2,7.3811911e-08
14508,2,1.2613686e-07
14509,2,7.3369253e-08
14510,2,1.7600086e-07
14511,2,1.1236404e-07
14512,2,9.0093543e-08
14513,2,1.7274691e-07
14514,2,1.1660876e-07
14515,2,8.8258642e-08
14516,2,1.171348e-07
14517,2,1.6999457e-07
14518,2,8.620819e-08
14519,2,1.1869013e-07
14520,2,7.0941659e-08
14521,2,7.1066836e-08
14522,2,1.2287205e-07
14523,2,8.366438e-08
14524,2,1.3817311e-07
14525,2,1.3739773e-07
14526,2,1.2319074e-07
14527,2,8.3664479e-08
14528,2,1.3841271e-07
14529,2,1.3761014e-07
14530,2,1.3915141e-07
14531,2,8.3830266e-08
14532,2,1.2357962e-07
14533,2,1.3816562e-07
14534,2,1.382652e-07
14535,2,8.4225638e-08
14536,2,7.2294015e-08
14537,2,7.214799e-08
14538,2,7.2187803e-08
14539,2,1.707484e-07
14540,2,8.9451648e-08
14541,2,1.1915501e-07
14542,2,1.7249797e-07
14543,2,8.8275617e-08
14544,2,1.2426249e-07
14545,2,8.4991388e-08
14546,2,1.7072036e-07
14547,2,1.1951825e-07
14548,2,8.6587564e-08
14549,2,7.1660576e-08
14550,2,1.2193608e-07
14551,2,7.3166864e-08
14552,2,1.2262805e-07
14553,2,1.2934534e-07
14554,2,7.7195012e-08
14555,2,1.2075232e-07
14556,2,1.5393017e-07
14557,2,1.2998486e-07
14558,2,7.9075419e-08
14559,2,1.2158258e-07
14560,2,1.2959481e-07
14561,2,1.5663504e-07
14562,2,1.2417612e-07
14563,2,1.3153553e-07
14564,2,1.297449e-07
14565,2,1.5737929e-07
14566,2,1.2436881e-07
14567,2,1.3065481e-07
14568,2,1.2411292e-07
14569,2,1.5593584e-07
14570,2,1.2938331e-07
14571,2,1.3093101e-07
14572,2,1.2412407e-07
14573,2,1.5712706e-07
14574,2,1.4886086e-07
14575,2,1.2027885e-07
14576,2,7.4175375e-08
14577,2,1.2814767e-07
14578,2,1.50569e-07
14579,2,1.2024561e-07
14580,2,7.3637797e-08
14581,2,7.2972992e-08
14582,2,1.3148686e-07
14583,2,7.351476e-08
14584,2,1.1338675e-07
14585,2,7.0111381e-08
14586,2,1.1333766e-07
14587,2,1.5734882e-07
14588,2,6.4414346e-08
14589,2,1.3473369e-07
14590,2,1.5960335e-07
14591,2,6.5411869e-08
14592,2,1.2288321e-07
14593,2,1.0456259e-07
14594,2,1.1918386e-07
14595,2,1.1221271e-07
14596,2,1.2287707e-07
14597,2,1.0312052e-07
14598,2,1.1936433e-07
14599,2,1.2863147e-07
14600,2,1.2466462e-07
14601,2,1.261429e-07
14602,2,1.2732895e-07
14603,2,1.286037e-07
14604,2,1.2490759e-07
14605,2,1.2605488e-07
14606,2,1.2737516e-07
14607,2,1.2615362e-07
14608,2,1.2504825e-07
14609,2,1.2868031e-07
14610,2,1.2740756e-07
14611,2,1.2625625e-07
14612,2,1.2505501e-07
14613,2,1.1158469e-07
14614,2,1.1918782e-07
14615,2,1.0231166e-07
14616,2,1.2291687e-07
14617,2,1.1199553e-07
14618,2,1.1972485e-07
14619,2,1.0322802e-07
14620,2,1.3669583e-07
14621,2,6.5447414e-08
14622,2,1.5820448e-07
14623,2,1.3453047e-07
14624,2,6.5265327e-08
14625,2,6.9903634e-08
14626,2,1.131898e-07
14627,2,7.0546297e-08
14628,2,6.8687386e-08
14629,2,1.1251102e-07
14630,2,6.993833e-08
14631,2,1.1266733e-07
14632,2,6.602525e-08
14633,2,1.320131e-07
14634,2,1.5943497e-07
14635,2,6.4659371e-08
14636,2,1.3131173216453704e-07
14636,5,1.7020378354629426e-09
14637,2,1.508409628823812e-07
14637,5,6.712437117618814e-09
14638,2,1.1981891e-07
14639,2,1.1256027e-07
14640,2,1.2300685e-07
14641,2,1.0406438e-07
14642,2,1.2000477e-07
14643,2,1.1228264e-07
14644,2,1.2100712869430127e-07
14644,5,2.0503413056987345e-09
14645,2,1.2624452e-07
14646,2,1.2726977e-07
14647,2,1.2863968e-07
14648,2,1.2472212684407247e-07
14648,5,6.489315592754122e-11
14649,2,1.258802652153504e-07
14649,5,2.790147846496019e-10
14650,2,1.2454640017104817e-07
14650,5,2.778859828951833e-09
14651,2,1.2565450556173674e-07
14651,5,2.9877044382632473e-09
14652,2,1.2464907e-07
14653,2,1.2861184e-07
14654,2,1.2720108e-07
14655,2,1.2599200740260768e-07
14655,5,2.4727259739232797e-10
14656,2,1.2476984332056643e-07
14656,5,3.314667943357767e-11
14657,2,1.2567220600273223e-07
14657,5,2.975723997267765e-09
14658,2,1.2451381206479032e-07
14658,5,2.7616979352096784e-09
14659,2,1.0293662e-07
14660,2,1.227117e-07
14661,2,1.1168197e-07
14662,2,1.2005136e-07
14663,2,1.0322025e-07
14664,2,1.2080555858031076e-07
14664,5,2.05965141968924e-09
14665,2,1.1173175e-07
14666,2,1.5822408e-07
14667,2,1.4109255e-07
14668,2,6.3786906e-08
14669,2,1.5030004539974335e-07
14669,5,6.89440460025663e-09
14670,2,1.3607864521277594e-07
14670,5,2.687644787224078e-09
14671,2,1.0943514e-07
14672,2,7.0359914e-08
14673,2,1.1024274e-07
14674,2,6.9234019e-08
14675,2,7.3788275e-08
14676,2,1.2767651e-07
14677,2,7.2939729e-08
14678,2,1.2364712362458922e-07
14678,5,4.824463754107644e-10
14679,2,1.2273917e-07
14680,2,1.4976679e-07
14681,2,1.2935022e-07
14682,2,7.6636202e-08
14683,2,1.2305808e-07
14684,2,1.4553019838192717e-07
14684,5,6.093471618072833e-09
14685,2,1.2654069400804472e-07
14685,5,3.2663159919552698e-09
14686,2,1.2311845e-07
14687,2,1.3052284e-07
14688,2,1.2894241e-07
14689,2,1.5130829616757044e-07
14689,5,5.385153832429556e-09
14690,2,1.2366198e-07
14691,2,1.2775383000558672e-07
14691,5,3.3531199944132557e-09
14692,2,1.2617109288999468e-07
14692,5,3.0811271100053116e-09
14693,2,1.5756527e-07
14694,2,1.2938843e-07
14695,2,1.3145949e-07
14696,2,1.2288989e-07
14697,2,1.4984281928717615e-07
14697,5,5.4900807128238505e-09
14698,2,1.2608927024619233e-07
14698,5,3.079549753807664e-09
14699,2,1.2730496557058394e-07
14699,5,3.332444429416066e-09
14700,2,7.7582921e-08
14701,2,1.3014224e-07
14702,2,1.5204679e-07
14703,2,1.2236619e-07
14704,2,7.4277562e-08
14705,2,1.2593197069462733e-07
14705,5,2.9818593053726866e-09
14706,2,1.4388356320620117e-07
14706,5,5.5941067937988276e-09
14707,2,1.2185406e-07
14708,2,7.3123578e-08
14709,2,1.2543950475362897e-07
14709,5,2.446625246371049e-09
14710,2,7.3519617e-08
14711,2,7.1561804e-08
14712,2,7.1033294e-08
14713,2,8.8098286e-08
14714,2,1.1959305e-07
14715,2,1.7231353e-07
14716,2,8.6459093e-08
14717,2,1.2027554e-07
14718,2,1.6097295005721337e-07
14718,5,9.870379942786637e-09
14719,2,1.7185733e-07
14720,2,1.1611147e-07
14721,2,9.125304e-08
14722,2,1.641686964727277e-07
14722,5,8.943243527272285e-09
14723,2,1.1361766e-07
14724,2,7.1846523e-08
14725,2,7.1638852e-08
14726,2,7.0957446e-08
14727,2,7.0948395e-08
14728,2,1.3859681e-07
14729,2,1.3769201e-07
14730,2,1.2354953e-07
14731,2,8.5011537e-08
14732,2,1.365326993399955e-07
14732,5,2.4741406600044907e-09
14733,2,1.3524668086839027e-07
14733,5,2.1683191316097235e-09
14734,2,1.2239961101452312e-07
14734,5,1.1378889854768787e-09
14735,2,8.364181e-08
14736,2,1.2290682e-07
14737,2,1.3683423e-07
14738,2,1.3580202080925552e-07
14738,5,2.3141191907444623e-09
14739,2,8.3773562e-08
14740,2,1.2191847912452389e-07
14740,5,1.0715008754761243e-09
14741,2,1.3487241583335203e-07
14741,5,2.284764166647964e-09
14742,2,7.1759249e-08
14743,2,7.1913265e-08
14744,2,1.2207915e-07
14745,2,8.7741637e-08
14746,2,1.7316221e-07
14747,2,1.1816183e-07
14748,2,9.0286617e-08
14749,2,1.62206608709286e-07
14749,5,1.1095481290713992e-08
14750,2,1.7384131e-07
14751,2,9.3120989e-08
14752,2,1.1412927e-07
14753,2,1.6301057543443652e-07
14753,5,1.0350834565563447e-08
14754,2,9.1570745e-08
14755,2,7.252039e-08
14756,2,1.2414864e-07
14757,2,7.2425691e-08
14758,2,1.2329517711092402e-07
14758,5,1.7794828890760064e-09
14759,2,1.1995676e-07
14760,2,7.3185624e-08
14761,2,1.211222301431507e-07
14761,5,1.1309298568493002e-09
14762,2,1.5025435e-07
14763,2,1.2172787e-07
14764,2,1.2892187e-07
14765,2,7.6458132e-08
14766,2,1.4598270617719364e-07
14766,5,5.436033822806344e-09
14767,2,1.2349877e-07
14768,2,1.2663833932877863e-07
14768,5,3.0579406712213654e-09
14769,2,7.9942512e-08
14770,2,1.2998741e-07
14771,2,1.2208601e-07
14772,2,1.4680105362827629e-07
14772,5,6.5234263717237044e-09
14773,2,7.8408082e-08
14774,2,1.2740970558541816e-07
14774,5,3.5458544145818474e-09
14775,2,1.2507663138618544e-07
14775,5,2.3044861381456467e-10
14776,2,6.9599154e-08
14777,2,1.117706e-07
14778,2,6.9557093e-08
14779,2,1.1292828e-07
14780,2,1.3027375e-07
14781,2,1.2307002e-07
14782,2,1.2890982e-07
14783,2,1.5065497086102558e-07
14783,5,4.760669138974425e-09
14784,2,1.2743868292167573e-07
14784,5,3.0484970783242667e-09
14785,2,1.2343156e-07
14786,2,1.2602690087849498e-07
14786,5,2.977869121505012e-09
14787,2,1.5543784e-07
14788,2,1.2910998e-07
14789,2,1.2356042e-07
14790,2,1.2740879438657704e-07
14790,5,3.229365613422964e-09
14791,2,1.4989359621485888e-07
14791,5,4.945293785141137e-09
14792,2,1.260196788638549e-07
14792,5,2.9788211361450856e-09
14793,2,1.2322666e-07
14794,2,1.130149e-07
14795,2,6.8248991e-08
14796,2,1.1266034e-07
14797,2,1.3571577e-07
14798,2,6.4887855e-08
14799,2,1.5682939e-07
14800,2,1.3297683353602404e-07
14800,5,1.8262964639759569e-09
14801,2,6.5104486e-08
14802,2,1.5104537372354673e-07
14802,5,6.988376276453246e-09
14803,2,1.5792882e-07
14804,2,6.3480672e-08
14805,2,1.3458569985222143e-07
14805,5,1.5008101477785481e-09
14806,2,1.501646332976626e-07
14806,5,7.353676702337399e-09
14807,2,6.4129653e-08
14808,2,1.1169918e-07
14809,2,1.2002349e-07
14810,2,1.2304644e-07
14811,2,1.0419818e-07
14812,2,1.1232642e-07
14813,2,1.2015959e-07
14814,2,1.2109476411604757e-07
14814,5,2.1449358839524424e-09
14815,2,1.0586574e-07
14816,2,1.2349199e-07
14817,2,1.2019548e-07
14818,2,1.1263256e-07
14819,2,1.0467002e-07
14820,2,1.211159054658379e-07
14820,5,2.1281545341620954e-09
14821,2,1.19809e-07
14822,2,1.2768331e-07
14823,2,1.2656267e-07
14824,2,1.2902377e-07
14825,2,1.2520492927365906e-07
14825,5,1.5399072634093593e-10
14826,2,1.2487861066208177e-07
14826,5,2.87056933791823e-09
14827,2,1.2617043893474525e-07
14827,5,3.466410652547369e-10
14828,2,1.2596487595623373e-07
14828,5,3.0622740437662545e-09
14829,2,1.2536457e-07
14830,2,1.2901039e-07
14831,2,1.2654787e-07
14832,2,1.2493871971174968e-07
14832,5,2.8501202882503227e-09
14833,2,1.2530522544401202e-07
14833,5,1.710145559879778e-10
14834,2,1.2598881520816006e-07
14834,5,3.000634791839942e-09
14835,2,1.2621233144204e-07
14835,5,2.5189855796000575e-10
14836,2,1.2904298e-07
14837,2,1.2513095e-07
14838,2,1.2766573e-07
14839,2,1.262855105371135e-07
14839,5,3.5910946288650066e-10
14840,2,1.2600779475179335e-07
14840,5,3.0693252482066604e-09
14841,2,1.2514864255178006e-07
14841,5,1.3776744821996098e-10
14842,2,1.2489224807345613e-07
14842,5,2.868171926543872e-09
14843,2,1.2631436e-07
14844,2,1.2748187e-07
14845,2,1.2501466e-07
14846,2,1.2594367002167721e-07
14846,5,2.9905799783227694e-09
14847,2,1.2615171811652996e-07
14847,5,2.813518834700239e-10
14848,2,1.248331131663075e-07
14848,5,2.7691768336924882e-09
14849,2,1.2505169e-07
14850,2,1.2327449e-07
14851,2,1.0442548e-07
14852,2,1.1250677e-07
14853,2,1.2009855e-07
14854,2,1.212455339193282e-07
14854,5,2.155126080671789e-09
14855,2,1.0540877e-07
14856,2,1.1303522e-07
14857,2,1.1994817e-07
14858,2,1.1150562e-07
14859,2,1.0174603e-07
14860,2,1.212322998638028e-07
14860,5,2.1083501361971925e-09
14861,2,1.2052136e-07
14862,2,1.1219939e-07
14863,2,1.0368945e-07
14864,2,1.5741623e-07
14865,2,1.3508552e-07
14866,2,6.4336836e-08
14867,2,1.5160882688321012e-07
14867,5,7.252463116789891e-09
14868,2,1.3258239457855084e-07
14868,5,1.28546542144918e-09
14869,2,6.542985e-08
14870,2,1.39463e-07
14871,2,1.5164341510683304e-07
14871,5,6.5324748931669614e-09
14872,2,6.406091e-08
14873,2,1.363401447959455e-07
14873,5,1.8471552040544849e-09
14874,2,1.1374997e-07
14875,2,6.9961459e-08
14876,2,1.137524e-07
14877,2,6.9633065e-08
14878,2,1.2934183e-07
14879,2,1.5551369e-07
14880,2,1.3047536e-07
14881,2,1.241259674226428e-07
14881,5,3.1652577357183926e-11
14882,2,1.2617356217735022e-07
14882,5,3.1881978226497536e-09
14883,2,1.5037974072267563e-07
14883,5,5.807909277324359e-09
14884,2,1.2718381718641907e-07
14884,5,3.4332528135809193e-09
14885,2,1.2271253e-07
14886,2,1.3013249e-07
14887,2,1.5413658e-07
14888,2,1.2597275300954822e-07
14888,5,3.0486969904517685e-09
14889,2,1.2331139e-07
14890,2,1.2703596600981225e-07
14890,5,3.371113990187774e-09
14891,2,1.4969145297724463e-07
14891,5,5.5760670227553495e-09
14892,2,6.8456616e-08
14893,2,1.1211215e-07
14894,2,6.9626646e-08
14895,2,1.279462e-07
14896,2,7.4370185e-08
14897,2,1.4943719e-07
14898,2,1.2319979e-07
14899,2,1.2556850866981803e-07
14899,5,3.0890213301819567e-09
14900,2,7.4419471e-08
14901,2,1.441546160102092e-07
14901,5,5.596293989790789e-09
14902,2,1.2334277e-07
14903,2,1.4979352e-07
14904,2,7.4726447e-08
14905,2,1.2580862727756818e-07
14905,5,3.1149027224318272e-09
14906,2,1.2153837e-07
14907,2,1.4552794305390085e-07
14907,5,5.844016946099159e-09
14908,2,7.58915e-08
14909,2,1.2829992e-07
14910,2,7.1842507e-08
14911,2,1.255833185766328e-07
14911,5,2.012651423367193e-09
14912,2,7.2173903e-08
14913,2,7.3129316e-08
14914,2,1.2509582722237575e-07
14914,5,1.900522777624262e-09
14915,2,7.3421771e-08
14916,2,1.7452215e-07
14917,2,1.1634942e-07
14918,2,8.978432e-08
14919,2,1.6140809133091317e-07
14919,5,1.0613408669086844e-08
14920,2,1.1609607e-07
14921,2,9.2127822e-08
14922,2,1.1229276e-07
14923,2,1.6451429726974482e-07
14923,5,8.932022730255174e-09
14924,2,9.2095127e-08
14925,2,1.1231955e-07
14926,2,7.3263084e-08
14927,2,7.1348378e-08
14928,2,1.2324266e-07
14929,2,8.2721442e-08
14930,2,1.3778842e-07
14931,2,1.3509199963453422e-07
14931,5,2.342090365465765e-09
14932,2,1.2210944880117618e-07
14932,5,1.2555411988238292e-09
14933,2,8.367564e-08
14934,2,1.3607048122505043e-07
14934,5,2.6365087749495557e-09
14935,2,1.3840415e-07
14936,2,1.3763336e-07
14937,2,8.3677055e-08
14938,2,1.221804115963323e-07
14938,5,1.0143984036677222e-09
14939,2,1.3573299941615505e-07
14939,5,2.2788605838449342e-09
14940,2,1.353191760526988e-07
14940,5,2.146833947301222e-09
14941,2,8.3090718e-08
14942,2,7.317389e-08
14943,2,7.1968786e-08
14944,2,7.2196544e-08
14945,2,1.7185209e-07
14946,2,8.7467058e-08
14947,2,1.2062533e-07
14948,2,1.615335486655622e-07
14948,5,1.0047851334437796e-08
14949,2,8.6270773e-08
14950,2,1.1801511e-07
14951,2,8.8679014e-08
14952,2,1.6191447204675492e-07
14952,5,1.0213577953245074e-08
14953,2,1.1463151e-07
14954,2,9.0588918e-08
14955,2,7.1109148e-08
14956,2,1.2372199e-07
14957,2,7.393173e-08
14958,2,1.227732090866807e-07
14958,5,6.83820913319305e-10
14959,2,1.2997205e-07
14960,2,7.7440193e-08
14961,2,1.2236915e-07
14962,2,1.4615586996048147e-07
14962,5,5.44219003951855e-09
14963,2,1.270209083526911e-07
14963,5,3.1972416473088995e-09
14964,2,7.7438004e-08
14965,2,1.234471e-07
14966,2,1.2966854e-07
14967,2,1.5677681e-07
14968,2,1.2446054e-07
14969,2,1.2771441977523217e-07
14969,5,3.3387202247678343e-09
14970,2,1.2636722472385967e-07
14970,5,3.0604952761403475e-09
14971,2,1.5038350059084541e-07
14971,5,5.532809409154576e-09
14972,2,1.2397828e-07
14973,2,1.3053063e-07
14974,2,1.2396485e-07
14975,2,1.5561683e-07
14976,2,1.2603578108924424e-07
14976,5,2.8653889107557723e-09
14977,2,1.273390472531399e-07
14977,5,3.106372746860079e-09
14978,2,1.2330967e-07
14979,2,1.4992939620684854e-07
14979,5,5.1541237931514424e-09
14980,2,1.4994856e-07
14981,2,1.2055299e-07
14982,2,7.4759586e-08
14983,2,1.264148502305427e-07
14983,5,3.010689769457318e-09
14984,2,1.4603363095607592e-07
14984,5,5.174529043924102e-09
14985,2,1.2253622e-07
14986,2,7.6161182e-08
14987,2,7.3166573e-08
14988,2,1.2517086828732594e-07
14988,5,1.0712317126740609e-09
14989,2,7.2758428e-08
14990,2,1.1445427e-07
14991,2,6.8881325e-08
14992,2,1.1374343e-07
14993,2,1.5865584e-07
14994,2,6.5091735e-08
14995,2,1.3008454421728749e-07
14995,5,9.329657827125113e-10
14996,2,1.511920499009485e-07
14996,5,7.099400099051506e-09
14997,2,6.4363687e-08
14998,2,1.2299495e-07
14999,2,1.0326073e-07
15000,2,1.1968113e-07
15001,2,1.1312807e-07
15002,2,1.2111007905838347e-07
15002,5,2.126800941616525e-09
15003,2,1.0554915e-07
15004,2,1.1970083e-07
15005,2,1.2861794e-07
15006,2,1.2493319e-07
15007,2,1.2608229e-07
15008,2,1.2464285788076227e-07
15008,5,2.8083821192377085e-09
15009,2,1.2565741259461338e-07
15009,5,2.986887405386613e-09
15010,2,1.2489356525532563e-07
15010,5,9.145474467435197e-11
15011,2,1.2584055774052083e-07
15011,5,2.539422594791776e-10
15012,2,1.2739776e-07
15013,2,1.2611743e-07
15014,2,1.2485644e-07
15015,2,1.2568394605313394e-07
15015,5,2.9876239468660493e-09
15016,2,1.2464381110056136e-07
15016,5,2.813728899438631e-09
15017,2,1.2594157407662953e-07
15017,5,2.540859233704788e-10
15018,2,1.2479312088203503e-07
15018,5,1.3340911796496048e-10
15019,2,1.1239378e-07
15020,2,1.2008256e-07
15021,2,1.030002e-07
15022,2,1.2120358573503384e-07
15022,5,2.1094242649661627e-09
15023,2,1.1277886e-07
15024,2,1.20159e-07
15025,2,1.0460615e-07
15026,2,1.3280561e-07
15027,2,6.6614959e-08
15028,2,1.5154639394447842e-07
15028,5,7.041246055521586e-09
15029,2,1.3029552313882543e-07
15029,5,7.965068611745741e-10
15030,2,6.4997412e-08
15031,2,6.9434431e-08
15032,2,1.1305311e-07
15033,2,6.9030649e-08
15034,5,6.9860823e-08
15035,5,1.1206605e-07
15036,5,6.9829433e-08
15037,5,1.1261203e-07
15038,5,6.6419947e-08
15039,2,1.8513827844330427e-09
15039,5,1.3358770721556696e-07
15040,2,7.16805919392057e-09
15040,5,1.5360645080607943e-07
15041,5,6.6802858e-08
15042,5,1.3289916e-07
15043,5,1.596701e-07
15044,5,1.1969168e-07
15045,5,1.1218527e-07
15046,2,1.9737745453466327e-09
15046,5,1.2097616545465335e-07
15047,5,1.0166062e-07
15048,5,1.1954992e-07
15049,5,1.1172373e-07
15050,5,1.2280546e-07
15051,2,1.1322578471118813e-10
15051,5,1.260744542152888e-07
15052,2,2.642977605491247e-09
15052,5,1.2472432239450877e-07
15053,2,2.8376987909459625e-09
15053,5,1.2583223120905406e-07
15054,5,1.2490999e-07
15055,5,1.263326e-07
15056,5,1.273463e-07
15057,5,1.2872569e-07
15058,5,1.2483696e-07
15059,2,2.8431870574167357e-09
15059,5,1.2584407294258326e-07
15060,2,2.643071325036799e-09
15060,5,1.246470686749632e-07
15061,5,1.263386e-07
15062,5,1.2475291e-07
15063,5,1.287307e-07
15064,5,1.2730524e-07
15065,5,1.0366961e-07
15066,2,1.932760258924554e-09
15066,5,1.2084533974107546e-07
15067,5,1.1179615e-07
15068,5,1.1967194e-07
15069,5,1.0358503e-07
15070,5,1.2283581e-07
15071,5,1.1173587e-07
15072,2,6.9439916446250075e-09
15072,5,1.50069228355375e-07
15073,2,2.4167733010603156e-09
15073,5,1.3731490669893968e-07
15074,5,6.4217922e-08
15075,5,1.5621968e-07
15076,5,1.3810188e-07
15077,5,1.1161407e-07
15078,5,7.1125307e-08
15079,5,1.1250227e-07
15080,5,6.9552775e-08
15081,5,7.2788211e-08
15082,2,4.0778522958931e-10
15082,5,1.205549347704107e-07
15083,5,7.2856527e-08
15084,5,1.2461788e-07
15085,5,1.2389299e-07
15086,2,6.098461727741807e-09
15086,5,1.4657614827225818e-07
15087,2,3.3781094772860405e-09
15087,5,1.2703117052271396e-07
15088,5,7.7513667e-08
15089,5,1.2198809e-07
15090,5,1.5263078e-07
15091,5,1.297563e-07
15092,5,1.2367769e-07
15093,2,3.4847169040152875e-09
15093,5,1.279057330959847e-07
15094,2,3.0741064903239646e-09
15094,5,1.2630492350967606e-07
15095,5,1.5657647e-07
15096,5,1.2362943e-07
15097,5,1.3116249e-07
15098,5,1.2929155e-07
15099,2,5.917932495065391e-09
15099,5,1.5152694750493463e-07
15100,2,3.0363137840630447e-09
15100,5,1.2630295621593696e-07
15101,2,3.4188161957030304e-09
15101,5,1.2754955380429698e-07
15102,5,1.2357414e-07
15103,5,1.5530554e-07
15104,5,1.2916258e-07
15105,5,1.3044392e-07
15106,5,7.3524241e-08
15107,2,2.9942638579630047e-09
15107,5,1.2505925614203698e-07
15108,2,5.500717855336542e-09
15108,5,1.4432610214466345e-07
15109,5,1.209364e-07
15110,5,7.3043919e-08
15111,5,1.2813147e-07
15112,5,1.4953673e-07
15113,2,2.370595389964466e-09
15113,5,1.2831920461003554e-07
15114,5,7.3375258e-08
15115,5,1.310953e-07
15116,5,7.3060801e-08
15117,5,7.1936329e-08
15118,5,7.195471e-08
15119,5,8.8323672e-08
15120,5,1.2021805e-07
15121,2,1.0169356580475506e-08
15121,5,1.625266334195245e-07
15122,5,8.9833536e-08
15123,5,1.1626939e-07
15124,5,1.725022e-07
15125,2,1.0890966433691454e-08
15125,5,1.6217016356630856e-07
15126,5,1.1600558e-07
15127,5,9.0610232e-08
15128,5,1.7382156e-07
15129,5,1.1564816e-07
15130,5,7.0625219e-08
15131,5,7.1066881e-08
15132,5,7.1416888e-08
15133,5,7.0681271e-08
15134,2,2.2646710591510223e-09
15134,5,1.35966608940849e-07
15135,2,2.0306767602167063e-09
15135,5,1.3496718323978327e-07
15136,2,9.920763349871738e-10
15136,5,1.2215224366501282e-07
15137,5,8.2621717e-08
15138,5,1.3796497e-07
15139,5,1.3618983e-07
15140,5,1.227225e-07
15141,5,8.5343038e-08
15142,2,9.749339416010178e-10
15142,5,1.2235596605839897e-07
15143,2,2.026446309468119e-09
15143,5,1.362165336905319e-07
15144,5,1.3818442e-07
15145,5,8.518137e-08
15146,5,1.2306793e-07
15147,5,1.3741133e-07
15148,5,7.1539624e-08
15149,5,7.1560029e-08
15150,5,1.1947768e-07
15151,5,8.919843e-08
15152,2,9.221785938776087e-09
15152,5,1.634659940612239e-07
15153,5,1.1582248e-07
15154,5,8.964657e-08
15155,5,1.7104079e-07
15156,2,9.406634094307578e-09
15156,5,1.622724059056924e-07
15157,5,8.7639736e-08
15158,5,1.137714e-07
15159,5,1.72282e-07
15160,5,9.1224214e-08
15161,5,7.2626201e-08
15162,2,1.682207585457751e-09
15162,5,1.2360379241454225e-07
15163,5,7.3539494e-08
15164,5,1.2702237e-07
15165,2,2.930474383983234e-10
15165,5,1.238151325616017e-07
15166,5,7.2504343e-08
15167,5,1.2587628e-07
15168,2,5.6398534929983355e-09
15168,5,1.4530656650700166e-07
15169,2,4.316570489165927e-10
15169,5,1.232113929510834e-07
15170,2,3.43812282011983e-09
15170,5,1.2636057717988018e-07
15171,5,7.7174812e-08
15172,5,1.529412e-07
15173,5,1.2103542e-07
15174,5,1.2924712e-07
15175,5,7.6272659e-08
15176,2,3.338834378537239e-09
15176,5,1.2726142562146278e-07
15177,2,2.9982129699292096e-10
15177,5,1.2538789870300708e-07
15178,5,1.49738e-07
15179,5,7.5032375e-08
15180,5,1.3003146e-07
15181,5,1.2451217e-07
15182,5,6.9343481e-08
15183,5,1.1210972e-07
15184,5,7.01582e-08
15185,5,1.1242564e-07
15186,2,3.4366379233475723e-09
15186,5,1.2720268207665242e-07
15187,5,1.2323344e-07
15188,2,3.010773836829301e-09
15188,5,1.2597781616317072e-07
15189,5,1.5576414e-07
15190,5,1.3067474e-07
15191,5,1.2324452e-07
15192,5,1.2891305e-07
15193,2,5.242495615019478e-09
15193,5,1.489025943849805e-07
15194,2,3.00559544363871e-09
15194,5,1.257987245563613e-07
15195,5,1.228001e-07
15196,5,1.3025381e-07
15197,5,1.5454913e-07
15198,5,1.286455e-07
15199,5,1.2258306e-07
15200,5,1.1177319e-07
15201,5,6.8651867e-08
15202,5,1.1113237e-07
15203,2,1.2562087921508403e-09
15203,5,1.3329458120784917e-07
15204,5,6.5721643e-08
15205,2,6.684285983559594e-09
15205,5,1.5198643401644041e-07
15206,5,1.3406907e-07
15207,5,6.7159441e-08
15208,5,1.5956104e-07
15209,2,7.370273365025465e-09
15209,5,1.5047508663497454e-07
15210,5,6.4162085e-08
15211,5,1.3906076e-07
15212,5,1.5794559e-07
15213,5,6.4282154e-08
15214,5,1.1237654e-07
15215,5,1.2005573e-07
15216,2,1.9520450438439537e-09
15216,5,1.2128161495615603e-07
15217,5,1.0236338e-07
15218,5,1.1211581e-07
15219,5,1.1930974e-07
15220,5,1.2304096e-07
15221,5,1.0354655e-07
15222,2,1.966815682891439e-09
15222,5,1.2119164431710857e-07
15223,5,1.1983602e-07
15224,5,1.120291e-07
15225,5,1.026509e-07
15226,5,1.2334809e-07
15227,5,1.2036524e-07
15228,2,2.69691438754991e-09
15228,5,1.2509037561245009e-07
15229,2,2.015186641053269e-10
15229,5,1.2626678133589468e-07
15230,2,2.9114972895184434e-09
15230,5,1.2610733271048154e-07
15231,5,1.2554516e-07
15232,5,1.2777114e-07
15233,5,1.2632998e-07
15234,5,1.2897409e-07
15235,2,6.178938472720704e-11
15235,5,1.253857506152728e-07
15236,2,2.9333121655265204e-09
15236,5,1.2605397783447348e-07
15237,2,2.032313392244884e-10
15237,5,1.2626040866077553e-07
15238,5,1.2772451e-07
15239,5,1.2526912e-07
15240,5,1.2895485e-07
15241,5,1.2639332e-07
15242,2,2.9272308688236416e-09
15242,5,1.2616214913117637e-07
15243,5,1.2538328e-07
15244,2,2.7077888013879506e-09
15244,5,1.2507608119861205e-07
15245,5,1.2655226e-07
15246,5,1.2904173e-07
15247,5,1.2533082e-07
15248,5,1.2776014e-07
15249,2,2.40916171102208e-10
15249,5,1.262999638288978e-07
15250,2,2.732773952356593e-09
15250,5,1.249635960476434e-07
15251,5,1.2511358e-07
15252,5,1.2896729e-07
15253,5,1.2645029e-07
15254,5,1.2770462e-07
15255,5,1.2515159e-07
15256,2,1.982362570126564e-09
15256,5,1.2130564742987343e-07
15257,5,1.0430165e-07
15258,5,1.1253188e-07
15259,5,1.2013203e-07
15260,5,1.2333092e-07
15261,5,1.0318497e-07
15262,5,1.1220171e-07
15263,5,1.2094179e-07
15264,5,1.1249981e-07
15265,5,1.0483281e-07
15266,5,1.2352952e-07
15267,5,1.208167e-07
15268,5,1.12115e-07
15269,5,1.0238198e-07
15270,2,6.6918563994922825e-09
15270,5,1.5132171360050771e-07
15271,2,1.061437152184557e-09
15271,5,1.3446273284781543e-07
15272,5,6.3807998e-08
15273,5,1.5703804e-07
15274,5,1.3351858e-07
15275,5,6.3778219e-08
15276,2,2.0801302547281458e-09
15276,5,1.3352174974527185e-07
15277,5,1.5953794e-07
15278,5,6.5859502e-08
15279,5,1.3330296e-07
15280,5,1.1510391e-07
15281,5,7.0192298e-08
15282,5,1.1529549e-07
15283,5,7.0949563e-08
15284,2,3.003871515718563e-09
15284,5,1.2643560848428144e-07
15285,2,5.136380447124481e-09
15285,5,1.500173495528755e-07
15286,2,3.131923935501285e-09
15286,5,1.272510060644987e-07
15287,5,1.2479246e-07
15288,5,1.2943815e-07
15289,5,1.5762659e-07
15290,5,1.3086784e-07
15291,5,1.2401388e-07
15292,2,3.264344967106084e-09
15292,5,1.270836750328939e-07
15293,2,5.325754871033298e-09
15293,5,1.495566551289667e-07
15294,5,1.2926924e-07
15295,5,1.2402665e-07
15296,5,1.3056742e-07
15297,5,1.5551628e-07
15298,5,6.9214723e-08
15299,5,1.1401793e-07
15300,5,6.9965951e-08
15301,2,2.795248501338787e-09
15301,5,1.2487016149866122e-07
15302,5,7.490643e-08
15303,2,5.2791614621793096e-09
15303,5,1.442033585378207e-07
15304,5,1.1981966e-07
15305,5,1.2796005e-07
15306,5,7.5384525e-08
15307,5,1.5015489e-07
15308,5,1.2154262e-07
15309,2,5.2274049349230165e-09
15309,5,1.4552390506507698e-07
15310,5,7.5949398e-08
15311,5,1.2880909e-07
15312,5,1.2103305e-07
15313,5,1.5104817e-07
15314,5,7.7333389e-08
15315,2,1.7875103151277626e-09
15315,5,1.2554881968487223e-07
15316,5,7.3061587e-08
15317,5,1.2720225e-07
15318,5,7.3244636e-08
15319,5,7.3367283e-08
15320,5,1.2277621e-07
15321,5,7.2672205e-08
15322,2,9.695600298917586e-09
15322,5,1.611508997010824e-07
15323,5,1.18856e-07
15324,5,9.1397855e-08
15325,5,1.7341875e-07
15326,5,1.1448618e-07
15327,5,8.8757613e-08
15328,5,1.1825708e-07
15329,5,1.718221e-07
15330,5,8.9215653e-08
15331,5,1.1711949e-07
15332,5,7.1127876e-08
15333,5,7.1368367e-08
15334,2,9.161050732582012e-10
15334,5,1.222518249267418e-07
15335,5,8.390239e-08
15336,2,2.169866723183232e-09
15336,5,1.3613581327681678e-07
15337,5,1.3732315e-07
15338,5,1.2304724e-07
15339,5,8.4028102e-08
15340,5,1.3804071e-07
15341,2,2.4017208639288936e-09
15341,5,1.3611914913607112e-07
15342,2,2.2147074804406946e-09
15342,5,1.357401725195593e-07
15343,5,8.3778748e-08
15344,5,1.2355734e-07
15345,5,1.3775087e-07
15346,5,1.385309e-07
15347,5,8.3656756e-08
15348,5,7.1841806e-08
15349,5,7.1745698e-08
15350,5,7.1548777e-08
15351,2,8.88380746642152e-09
15351,5,1.6370757253357846e-07
15352,5,8.8098337e-08
15353,5,1.1475976e-07
15354,5,1.7047382e-07
15355,5,8.9771912e-08
15356,5,1.1855573e-07
15357,5,8.8438113e-08
15358,5,1.715637e-07
15359,5,1.2290376e-07
15360,5,8.4686837e-08
15361,5,7.1693614e-08
15362,2,1.3195820750567195e-09
15362,5,1.236535979249433e-07
15363,5,7.303829e-08
15364,5,1.241443e-07
15365,2,3.4448170363172763e-09
15365,5,1.2685927296368274e-07
15366,5,7.6815361e-08
15367,5,1.2350773e-07
15368,5,1.5138657e-07
15369,5,1.3019562e-07
15370,5,7.6194036e-08
15371,5,1.2429475e-07
15372,2,3.129721318325621e-09
15372,5,1.2623868868167438e-07
15373,2,5.713183610302681e-09
15373,5,1.5061015638969731e-07
15374,5,1.2391683e-07
15375,5,1.3099211e-07
15376,5,1.2931922e-07
15377,5,1.5596537e-07
15378,5,1.2382922e-07
15379,2,3.6314801612077063e-09
15379,5,1.269681898387923e-07
15380,5,1.2232492e-07
15381,2,6.018808227778864e-09
15381,5,1.4922001177222111e-07
15382,5,1.2855595e-07
15383,5,1.3076853e-07
15384,5,1.2176039e-07
15385,5,1.5647061e-07
15386,2,6.210997373229397e-09
15386,5,1.4659301262677062e-07
15387,2,4.1970568563796444e-10
15387,5,1.2438880431436206e-07
15388,5,7.680389e-08
15389,5,1.3011548e-07
15390,5,1.5134155e-07
15391,5,1.2479792e-07
15392,5,7.606188e-08
15393,5,7.3809427e-08
15394,5,1.2582681e-07
15395,5,7.4205481e-08
15396,5,1.1353376e-07
15397,5,6.8985045e-08
15398,5,1.1352584e-07
15399,2,7.3191525577828165e-09
15399,5,1.5028816744221719e-07
15400,5,6.3661629e-08
15401,5,1.3321632e-07
15402,5,1.5910173e-07
15403,5,6.4556041e-08
15404,2,2.0301555191730806e-09
15404,5,1.2140131448082693e-07
15405,5,1.0671411e-07
15406,5,1.2000151e-07
15407,5,1.1290962e-07
15408,5,1.2340368e-07
15409,5,1.0436556e-07
15410,5,1.2013438e-07
15411,2,2.827615186448806e-09
15411,5,1.258245148135512e-07
15412,5,1.2486935e-07
15413,2,8.427671480924128e-11
15413,5,1.2605272328519078e-07
15414,5,1.2743299e-07
15415,5,1.286084e-07
15416,5,1.2483402e-07
15417,5,1.2601043e-07
15418,2,2.6720400282889245e-09
15418,5,1.2480964997171108e-07
15419,2,6.950964463896431e-11
15419,5,1.2591545035536102e-07
15420,5,1.2504564e-07
15421,5,1.2862019e-07
15422,5,1.2741343e-07
15423,5,1.2608636e-07
15424,5,1.2493307e-07
15425,5,1.1275107e-07
15426,5,1.2031183e-07
15427,5,1.0540054e-07
15428,5,1.2315501e-07
15429,5,1.1183274e-07
15430,5,1.2023933e-07
15431,5,1.024946e-07
15432,2,1.0807348955572042e-09
15432,5,1.3578771510444279e-07
15433,5,6.3458186e-08
15434,5,1.5756605e-07
15435,5,1.3946134e-07
15436,5,6.4872447e-08
15437,5,6.84705e-08
15438,5,1.0785006e-07
15439,5,6.9575216e-08
15440,5,6.9652375e-08
15441,5,1.1316583e-07
15442,5,6.8485929e-08
15443,5,1.1250947e-07
15444,5,6.7360948e-08
15445,5,1.3184781e-07
15446,5,1.5953062e-07
15447,5,7.0099281e-08
15448,5,1.3076012e-07
15449,5,1.6279581e-07
15450,5,1.1993803e-07
15451,5,1.1155339e-07
15452,5,1.2288354e-07
15453,5,1.0181366e-07
15454,5,1.1940882e-07
15455,5,1.1232104e-07
15456,5,1.2290015e-07
15457,5,1.2633771e-07
15458,5,1.2733139e-07
15459,5,1.2874217e-07
15460,5,1.2488295e-07
15461,5,1.2627846e-07
15462,5,1.2737333e-07
15463,5,1.2874649e-07
15464,5,1.2495523e-07
15465,5,1.2877922e-07
15466,5,1.2744058e-07
15467,5,1.2624382e-07
15468,5,1.2503203e-07
15469,5,1.2876011e-07
15470,5,1.2753165e-07
15471,5,1.0244215e-07
15472,5,1.230824e-07
15473,5,1.1189227e-07
15474,5,1.2050418e-07
15475,5,1.0391016e-07
15476,5,1.2341073e-07
15477,5,1.1274453e-07
15478,5,1.5840505e-07
15479,5,1.3623817e-07
15480,5,6.6120663e-08
15481,5,1.6000267e-07
15482,5,1.3268774e-07
15483,5,1.117947e-07
15484,5,6.8626732e-08
15485,5,1.1157495e-07
15486,5,6.9076658e-08
15487,5,7.2850894e-08
15488,5,1.2638606e-07
15489,5,7.343326e-08
15490,5,1.2328455e-07
15491,5,1.2055933e-07
15492,5,1.5055575e-07
15493,5,1.2893476e-07
15494,5,7.7701838e-08
15495,5,1.2326255e-07
15496,5,1.5237172e-07
15497,5,1.3002515e-07
15498,5,1.2355973e-07
15499,5,1.3080403e-07
15500,5,1.2912795e-07
15501,5,1.551385e-07
15502,5,1.2311485e-07
15503,5,1.3065417e-07
15504,5,1.2893017e-07
15505,5,1.5551533e-07
15506,5,1.2895631e-07
15507,5,1.3049044e-07
15508,5,1.229685e-07
15509,5,1.5555957e-07
15510,5,1.2883974e-07
15511,5,1.3053442e-07
15512,5,7.342809e-08
15513,5,1.2889201e-07
15514,5,1.4970475e-07
15515,5,1.2237649e-07
15516,5,7.4741472e-08
15517,5,1.2898695e-07
15518,5,1.5072118e-07
15519,5,1.3051955e-07
15520,5,7.174684e-08
15521,5,1.2892561e-07
15522,5,7.3241994e-08
15523,5,7.1771765e-08
15524,5,7.1144349e-08
15525,5,9.1478937e-08
15526,5,1.1513789e-07
15527,5,1.7415072e-07
15528,5,9.1468367e-08
15529,5,1.1328308e-07
15530,5,1.7306493e-07
15531,5,1.7333369e-07
15532,5,1.1615824e-07
15533,5,9.1289722e-08
15534,5,1.7352302e-07
15535,5,1.1450805e-07
15536,5,7.2016945e-08
15537,5,7.172992e-08
15538,5,7.166717e-08
15539,5,7.2569674e-08
15540,5,1.3780233e-07
15541,5,1.3708052e-07
15542,5,1.2274947e-07
15543,5,8.3192998e-08
15544,5,1.371016e-07
15545,5,1.375129e-07
15546,5,1.2265132e-07
15547,5,8.3000349e-08
15548,5,1.2283641e-07
15549,5,1.3673029e-07
15550,5,1.3764273e-07
15551,5,8.274074e-08
15552,5,1.2288211e-07
15553,5,1.3716446e-07
15554,5,7.1480837e-08
15555,5,7.260131e-08
15556,5,1.1585443e-07
15557,5,8.9220247e-08
15558,5,1.7156595e-07
15559,5,1.1733266e-07
15560,5,9.0002946e-08
15561,5,1.7331394e-07
15562,5,1.733236e-07
15563,5,9.303176e-08
15564,5,1.1658666e-07
15565,5,1.7354519e-07
15566,5,9.0457345e-08
15567,5,7.3741121e-08
15568,5,1.2397342e-07
15569,5,7.3322509e-08
15570,5,1.233258e-07
15571,5,1.2351155e-07
15572,5,7.3078993e-08
15573,5,1.2287674e-07
15574,5,1.4855081e-07
15575,5,1.2190309e-07
15576,5,1.2886913e-07
15577,5,7.8143954e-08
15578,5,1.5304821e-07
15579,5,1.2412611e-07
15580,5,1.3033602e-07
15581,5,7.7497445e-08
15582,5,1.3032501e-07
15583,5,1.2483344e-07
15584,5,1.5165195e-07
15585,5,7.755578e-08
15586,5,1.2961675e-07
15587,5,1.2291262e-07
15588,5,6.9301494e-08
15589,5,1.1249232e-07
15590,5,6.9003802e-08
15591,5,1.1265093e-07
15592,5,1.3044101e-07
15593,5,1.2308981e-07
15594,5,1.2879648e-07
15595,5,1.5513006e-07
15596,5,1.3059156e-07
15597,5,1.2322569e-07
15598,5,1.288902e-07
15599,5,1.5459542e-07
15600,5,1.2848816e-07
15601,5,1.2237833e-07
15602,5,1.3043205e-07
15603,5,1.5521774e-07
15604,5,1.2846865e-07
15605,5,1.2201544e-07
15606,5,1.1138205e-07
15607,5,6.9647615e-08
15608,5,1.0953892e-07
15609,5,1.3107039e-07
15610,5,6.8056461e-08
15611,5,1.6087351e-07
15612,5,1.3395994e-07
15613,5,6.5416712e-08
15614,5,1.5947063e-07
15615,5,1.5863608e-07
15616,5,6.509308e-08
15617,5,1.3230856e-07
15618,5,1.6036901e-07
15619,5,6.7031244e-08
15620,5,1.1254492e-07
15621,5,1.2018666e-07
15622,5,1.2340114e-07
15623,5,1.0404268e-07
15624,5,1.1279185e-07
15625,5,1.2094685e-07
15626,5,1.2373083e-07
15627,5,1.0532433e-07
15628,5,1.2359202e-07
15629,5,1.203373e-07
15630,5,1.1343417e-07
15631,5,1.0511527e-07
15632,5,1.2366771e-07
15633,5,1.2022564e-07
15634,5,1.2776554e-07
15635,5,1.265728e-07
15636,5,1.2903947e-07
15637,5,1.2510232e-07
15638,5,1.2774466e-07
15639,5,1.2650775e-07
15640,5,1.2901995e-07
15641,5,1.2521195e-07
15642,5,1.2895808e-07
15643,5,1.2639793e-07
15644,5,1.2775947e-07
15645,5,1.2519695e-07
15646,5,1.2900581e-07
15647,5,1.265222e-07
15648,5,1.290269e-07
15649,5,1.2518215e-07
15650,5,1.2775032e-07
15651,5,1.264967e-07
15652,5,1.2901686e-07
15653,5,1.2508512e-07
15654,5,1.2773174e-07
15655,5,1.2631234e-07
15656,5,1.2768698e-07
15657,5,1.2520801e-07
15658,5,1.2892689e-07
15659,5,1.263679e-07
15660,5,1.2761342e-07
15661,5,1.251265e-07
15662,5,1.2359217e-07
15663,5,1.0596484e-07
15664,5,1.1347094e-07
15665,5,1.2035896e-07
15666,5,1.2370196e-07
15667,5,1.0601545e-07
15668,5,1.1355578e-07
15669,5,1.2074097e-07
15670,5,1.1210386e-07
15671,5,1.0247023e-07
15672,5,1.2317372e-07
15673,5,1.1966853e-07
15674,5,1.1262888e-07
15675,5,1.0365507e-07
15676,5,1.5964305e-07
15677,5,1.3501595e-07
15678,5,6.4984e-08
15679,5,1.5953084e-07
15680,5,1.330406e-07
15681,5,6.6014656e-08
15682,5,1.3247233e-07
15683,5,1.6017771e-07
15684,5,6.6149076e-08
15685,5,1.344679e-07
15686,5,1.1237806e-07
15687,5,6.9445533e-08
15688,5,1.1130974e-07
15689,5,6.8492231e-08
15690,5,1.2880815e-07
15691,5,1.536908e-07
15692,5,1.2995409e-07
15693,5,1.2258852e-07
15694,5,1.2862341e-07
15695,5,1.5512024e-07
15696,5,1.303609e-07
15697,5,1.2390038e-07
15698,5,1.3094383e-07
15699,5,1.5667724e-07
15700,5,1.2922039e-07
15701,5,1.234583e-07
15702,5,1.30859e-07
15703,5,1.5588149e-07
15704,5,7.0311705e-08
15705,5,1.1225919e-07
15706,5,6.9702434e-08
15707,5,1.2831983e-07
15708,5,7.5698956e-08
15709,5,1.5056628e-07
15710,5,1.2497496e-07
15711,5,1.3035561e-07
15712,5,7.7634367e-08
15713,5,1.5260035e-07
15714,5,1.2169807e-07
15715,5,1.5089694e-07
15716,5,7.695382e-08
15717,5,1.3020947e-07
15718,5,1.2413977e-07
15719,5,1.5212668e-07
15720,5,7.7625726e-08
15721,5,1.2629795e-07
15722,5,7.2696198e-08
15723,5,1.2384778e-07
15724,5,7.2403177e-08
15725,5,7.3412409e-08
15726,5,1.2270113e-07
15727,5,7.3200701e-08
15728,5,1.7355581e-07
15729,5,1.129509e-07
15730,5,9.1696142e-08
15731,5,1.741627e-07
15732,5,1.1652244e-07
15733,5,8.7247861e-08
15734,5,1.1690601e-07
15735,5,1.7390465e-07
15736,5,8.9733906e-08
15737,5,1.1813963e-07
15738,5,7.1983511e-08
15739,5,7.0836017e-08
15740,5,1.2313597e-07
15741,5,8.4126598e-08
15742,5,1.3820625e-07
15743,5,1.3758571e-07
15744,5,1.2319606e-07
15745,5,8.4978298e-08
15746,5,1.3804472e-07
15747,5,1.3801269e-07
15748,5,1.3865443e-07
15749,5,8.462118e-08
15750,5,1.2338926e-07
15751,5,1.3716251e-07
15752,5,1.3901221e-07
15753,5,8.4743825e-08
15754,5,7.0396257e-08
15755,5,7.1872666e-08
15756,5,7.1455397e-08
15757,5,1.7363034e-07
15758,5,9.0941274e-08
15759,5,1.1373293e-07
15760,5,1.70325e-07
15761,5,8.9308384e-08
15762,5,1.177919e-07
15763,5,8.6582627e-08
15764,5,1.7357652e-07
15765,5,1.1449028e-07
15766,5,9.1538312e-08
15767,5,7.2458054e-08
15768,5,1.2292832e-07
15769,5,7.3829286e-08
15770,5,1.2194823e-07
15771,5,1.2958598e-07
15772,5,7.7443715e-08
15773,5,1.2159158e-07
15774,5,1.5119916e-07
15775,5,1.2941275e-07
15776,5,7.7269835e-08
15777,5,1.2151581e-07
15778,5,1.2923007e-07
15779,5,1.560982e-07
15780,5,1.2339186e-07
15781,5,1.3133644e-07
15782,5,1.293867e-07
15783,5,1.5744781e-07
15784,5,1.2378473e-07
15785,5,1.3034698e-07
15786,5,1.21735e-07
15787,5,1.5509432e-07
15788,5,1.2928274e-07
15789,5,1.309872e-07
15790,5,1.2344563e-07
15791,5,1.5643841e-07
15792,5,1.4874528e-07
15793,5,1.2056573e-07
15794,5,7.3681465e-08
15795,5,1.2901717e-07
15796,5,1.5266321e-07
15797,5,1.2083214e-07
15798,5,7.6406667e-08
15799,5,7.4105405e-08
15800,5,1.2713622e-07
15801,5,7.3472571e-08
15802,5,1.1185859e-07
15803,5,7.061365e-08
15804,5,1.1244509e-07
15805,5,1.5974961e-07
15806,5,6.6077711e-08
15807,5,1.3321723e-07
15808,5,1.6065072e-07
15809,5,6.648435e-08
15810,5,1.2335979e-07
15811,5,1.0367505e-07
15812,5,1.2009129e-07
15813,5,1.1286982e-07
15814,5,1.232928e-07
15815,5,1.0411921e-07
15816,5,1.2004404e-07
15817,5,1.2858466e-07
15818,5,1.2495302e-07
15819,5,1.2593062e-07
15820,5,1.2740587e-07
15821,5,1.2865614e-07
15822,5,1.2480455e-07
15823,5,1.2615176e-07
15824,5,1.2736759e-07
15825,5,1.2602787e-07
15826,5,1.2486092e-07
15827,5,1.2862134e-07
15828,5,1.2737309e-07
15829,5,1.2606641e-07
15830,5,1.2489806e-07
15831,5,1.1222217e-07
15832,5,1.1993363e-07
15833,5,1.0291057e-07
15834,5,1.2312009e-07
15835,5,1.1311534e-07
15836,5,1.1959824e-07
15837,5,1.0621788e-07
15838,5,1.3739731e-07
15839,5,6.5930194e-08
15840,5,1.5840827e-07
15841,5,1.3652046e-07
15842,5,6.3744297e-08
15843,5,6.9735673e-08
15844,5,1.1187572e-07
15845,5,7.0116278e-08
15846,5,6.7673121e-08
15847,5,1.1175024e-07
15848,5,6.9510168e-08
15849,5,1.1261969e-07
15850,5,6.6831928e-08
15851,5,1.3377859e-07
15852,5,1.6013131e-07
15853,5,6.4529768e-08
15854,5,1.3471951e-07
15855,5,1.5788872e-07
15856,5,1.1983377e-07
15857,5,1.1199402e-07
15858,5,1.2295896e-07
15859,5,1.0287371e-07
15860,5,1.198645e-07
15861,5,1.11899e-07
15862,5,1.2295284e-07
15863,5,1.2641786e-07
15864,5,1.2746806e-07
15865,5,1.2880495e-07
15866,5,1.2521438e-07
15867,5,1.2630291e-07
15868,5,1.2751088e-07
15869,5,1.2878596e-07
15870,5,1.2493112e-07
15871,5,1.2875993e-07
15872,5,1.2749349e-07
15873,5,1.2613644e-07
15874,5,1.2499441e-07
15875,5,1.2872492e-07
15876,5,1.2747318e-07
15877,5,1.0379812e-07
15878,5,1.2329824e-07
15879,5,1.128061e-07
15880,5,1.1955032e-07
15881,5,1.0355058e-07
15882,5,1.2313329e-07
15883,5,1.1273743e-07
15884,5,1.6003786e-07
15885,5,1.3092758e-07
15886,5,6.7212337e-08
15887,5,1.6079901e-07
15888,5,1.3171389e-07
15889,5,1.1234702e-07
15890,5,7.0022308e-08
15891,5,1.1305842e-07
15892,5,6.9901778e-08
15893,5,7.36546e-08
15894,5,1.2395653e-07
15895,5,7.3175279e-08
15896,5,1.2423344e-07
15897,5,1.2480822e-07
15898,5,1.5217159e-07
15899,5,1.3062564e-07
15900,5,7.6608494e-08
15901,5,1.2399584e-07
15902,5,1.5211843e-07
15903,5,1.3039651e-07
15904,5,1.2290885e-07
15905,5,1.3064091e-07
15906,5,1.2894556e-07
15907,5,1.5682799e-07
15908,5,1.2362918e-07
15909,5,1.3119826e-07
15910,5,1.2930326e-07
15911,5,1.5610902e-07
15912,5,1.2894663e-07
15913,5,1.3065417e-07
15914,5,1.2368193e-07
15915,5,1.5617768e-07
15916,5,1.2912279e-07
15917,5,1.3070084e-07
15918,5,7.5310155e-08
15919,5,1.2871589e-07
15920,5,1.5075863e-07
15921,5,1.2069741e-07
15922,5,7.6250792e-08
15923,5,1.2861597e-07
15924,5,1.5055692e-07
15925,5,1.2715394e-07
15926,5,7.3791114e-08
15927,5,1.2515072e-07
15928,5,7.335347e-08
15929,5,7.1779045e-08
15930,5,7.1100958e-08
15931,5,9.2560623e-08
15932,5,1.1162958e-07
15933,5,1.7341361e-07
15934,5,9.4031976e-08
15935,5,1.1020652e-07
15936,5,1.7409795e-07
15937,5,1.7268411e-07
15938,5,1.1576473e-07
15939,5,8.6572655e-08
15940,5,1.7090062e-07
15941,5,1.1970138e-07
15942,5,7.1713153e-08
15943,5,7.1945789e-08
15944,5,7.194159e-08
15945,5,7.1637681e-08
15946,5,1.3746851e-07
15947,5,1.3716179e-07
15948,5,1.2258649e-07
15949,5,8.432031e-08
15950,5,1.3739526e-07
15951,5,1.3741639e-07
15952,5,1.2266858e-07
15953,5,8.335924e-08
15954,5,1.2317338e-07
15955,5,1.3763031e-07
15956,5,1.3818524e-07
15957,5,8.2930099e-08
15958,5,1.2343158e-07
15959,5,1.380735e-07
15960,5,7.2272107e-08
15961,5,7.265223e-08
15962,5,1.1340475e-07
15963,5,9.376367e-08
15964,5,1.7531235e-07
15965,5,1.1313435e-07
15966,5,9.2204007e-08
15967,5,1.7342721e-07
15968,5,1.7053852e-07
15969,5,8.722189e-08
15970,5,1.2444598e-07
15971,5,1.7179039e-07
15972,5,8.4002821e-08
15973,5,7.2288487e-08
15974,5,1.224139e-07
15975,5,7.2520699e-08
15976,5,1.196148e-07
15977,5,1.2384524e-07
15978,5,7.4010355e-08
15979,5,1.2983111e-07
15980,5,1.5169757e-07
15981,5,1.245796e-07
15982,5,1.3051775e-07
15983,5,7.9980601e-08
15984,5,1.5371939e-07
15985,5,1.227914e-07
15986,5,1.3029034e-07
15987,5,7.656316e-08
15988,5,1.288027e-07
15989,5,1.2166883e-07
15990,5,1.5008074e-07
15991,5,7.4124018e-08
15992,5,1.2774406e-07
15993,5,1.1938378e-07
15994,5,6.9279756e-08
15995,5,1.1352569e-07
15996,5,6.9346432e-08
15997,5,1.1305123e-07
15998,5,1.3077437e-07
15999,5,1.23526e-07
16000,5,1.2902388e-07
16001,5,1.5534538e-07
16002,5,1.3081289e-07
16003,5,1.2350297e-07
16004,5,1.2908586e-07
16005,5,1.5620884e-07
16006,5,1.288649e-07
16007,5,1.2286081e-07
16008,5,1.3074812e-07
16009,5,1.5674294e-07
16010,5,1.2939091e-07
16011,5,1.2442551e-07
16012,5,1.1050842e-07
16013,5,7.1222787e-08
16014,5,1.1456024e-07
16015,5,1.2985316e-07
16016,5,6.7176546e-08
16017,5,1.5944662e-07
16018,5,1.3190825e-07
16019,5,6.5803569e-08
16020,5,1.5868077e-07
16021,5,1.6253699e-07
16022,5,6.8066246e-08
16023,5,1.3369692e-07
16024,5,1.5905744e-07
16025,5,6.5997839e-08
16026,5,1.1293518e-07
16027,5,1.2059118e-07
16028,5,1.2370106e-07
16029,5,1.0463825e-07
16030,5,1.1285547e-07
16031,5,1.2044044e-07
16032,5,1.2360148e-07
16033,5,1.0231781e-07
16034,5,1.2351831e-07
16035,5,1.2024334e-07
16036,5,1.1202011e-07
16037,5,1.0208981e-07
16038,5,1.2345128e-07
16039,5,1.2063784e-07
16040,5,1.2768878e-07
16041,5,1.2651149e-07
16042,5,1.2899984e-07
16043,5,1.2485839e-07
16044,5,1.2758679e-07
16045,5,1.2644894e-07
16046,5,1.2891554e-07
16047,5,1.2507832e-07
16048,5,1.2898902e-07
16049,5,1.2651186e-07
16050,5,1.2763156e-07
16051,5,1.249872e-07
16052,5,1.2893256e-07
16053,5,1.2638417e-07
16054,5,1.290023e-07
16055,5,1.2515498e-07
16056,5,1.2769612e-07
16057,5,1.2624152e-07
16058,5,1.288318e-07
16059,5,1.2499554e-07
16060,5,1.275344e-07
16061,5,1.2654632e-07
16062,5,1.2759191e-07
16063,5,1.2511138e-07
16064,5,1.2899055e-07
16065,5,1.2649972e-07
16066,5,1.2768894e-07
16067,5,1.2530702e-07
16068,5,1.2355483e-07
16069,5,1.0401475e-07
16070,5,1.1263861e-07
16071,5,1.2050386e-07
16072,5,1.2316143e-07
16073,5,1.0266176e-07
16074,5,1.1140475e-07
16075,5,1.1929213e-07
16076,5,1.1261166e-07
16077,5,1.0472055e-07
16078,5,1.2309216e-07
16079,5,1.1958425e-07
16080,5,1.1233179e-07
16081,5,1.0344676e-07
16082,5,1.5855075e-07
16083,5,1.3230397e-07
16084,5,6.3117659e-08
16085,5,1.563791e-07
16086,5,1.4125949e-07
16087,5,6.3618948e-08
16088,5,1.3739682e-07
16089,5,1.5808962e-07
16090,5,6.4646548e-08
16091,5,1.3564004e-07
16092,5,1.120767e-07
16093,5,6.8409801e-08
16094,5,1.1107246e-07
16095,5,6.9448296e-08
16096,5,1.2869774e-07
16097,5,1.5412462e-07
16098,5,1.3019456e-07
16099,5,1.2308048e-07
16100,5,1.2908049e-07
16101,5,1.5518243e-07
16102,5,1.3058654e-07
16103,5,1.2352639e-07
16104,5,1.308398e-07
16105,5,1.561797e-07
16106,5,1.28907e-07
16107,5,1.2313497e-07
16108,5,1.3049899e-07
16109,5,1.556134e-07
16110,5,6.9925938e-08
16111,5,1.11853e-07
16112,5,7.0406842e-08
16113,5,1.2997485e-07
16114,5,7.7030242e-08
16115,5,1.5052491e-07
16116,5,1.2306642e-07
16117,5,1.2962441e-07
16118,5,7.5892023e-08
16119,5,1.5102057e-07
16120,5,1.2282201e-07
16121,5,1.5306693e-07
16122,5,7.8516692e-08
16123,5,1.2872901e-07
16124,5,1.2070926e-07
16125,5,1.5051761e-07
16126,5,7.6179343e-08
16127,5,1.2147483e-07
16128,5,7.2705675e-08
16129,5,1.2495467e-07
16130,5,7.3329814e-08
16131,5,7.2797494e-08
16132,5,1.2469531e-07
16133,5,7.3607392e-08
16134,5,1.7426192e-07
16135,5,1.1672021e-07
16136,5,8.8252745e-08
16137,5,1.7221706e-07
16138,5,1.1925882e-07
16139,5,9.0246276e-08
16140,5,1.1597266e-07
16141,5,1.7232037e-07
16142,5,9.0552162e-08
16143,5,1.1473266e-07
16144,5,7.0801225e-08
16145,5,7.1698844e-08
16146,5,1.2339288e-07
16147,5,8.4741282e-08
16148,5,1.3786618e-07
16149,5,1.379162e-07
16150,5,1.2368076e-07
16151,5,8.4036153e-08
16152,5,1.382746e-07
16153,5,1.3663682e-07
16154,5,1.3869434e-07
16155,5,8.4316159e-08
16156,5,1.233189e-07
16157,5,1.3758197e-07
16158,5,1.3834779e-07
16159,5,8.4017717e-08
16160,5,7.1250951e-08
16161,5,7.0119001e-08
16162,5,7.0893777e-08
16163,5,1.7366397e-07
16164,5,8.9155273e-08
16165,5,1.2363101e-07
16166,5,1.7165259e-07
16167,5,8.5522064e-08
16168,5,1.1596381e-07
16169,5,8.9698936e-08
16170,5,1.7231982e-07
16171,5,1.1890708e-07
16172,5,8.7976697e-08
16173,5,7.1714707e-08
16174,5,1.2016927e-07
16175,5,7.3535505e-08
16176,5,1.2279111e-07
16177,5,1.3018162e-07
16178,5,7.7909548e-08
16179,5,1.237417e-07
16180,5,1.531165e-07
16181,5,1.3055277e-07
16182,5,7.8090305e-08
16183,5,1.2428224e-07
16184,5,1.293978e-07
16185,5,1.5647711e-07
16186,5,1.2376696e-07
16187,5,1.3096553e-07
16188,5,1.2932355e-07
16189,5,1.5583854e-07
16190,5,1.2372666e-07
16191,5,1.316592e-07
16192,5,1.2462035e-07
16193,5,1.5822246e-07
16194,5,1.3009656e-07
16195,5,1.3174305e-07
16196,5,1.2462882e-07
16197,5,1.5820001e-07
16198,5,1.5098394e-07
16199,5,1.2165025e-07
16200,5,7.7563355e-08
16201,5,1.292973e-07
16202,5,1.5264184e-07
16203,5,1.2023643e-07
16204,5,7.8166983e-08
16205,5,7.3714998e-08
16206,5,1.2244885e-07
16207,5,7.3611363e-08
16208,5,1.1279128e-07
16209,5,6.8695761e-08
16210,5,1.1299072e-07
16211,5,1.5808944e-07
16212,5,6.5632687e-08
16213,5,1.3764194e-07
16214,5,1.5935534e-07
16215,5,6.5920868e-08
16216,5,1.2302636e-07
16217,5,1.0265295e-07
16218,5,1.1990288e-07
16219,5,1.1200429e-07
16220,5,1.2281725e-07
16221,5,1.0273388e-07
16222,5,1.1927988e-07
16223,5,1.2872334e-07
16224,5,1.2488606e-07
16225,5,1.2633136e-07
16226,5,1.2739474e-07
16227,5,1.2871751e-07
16228,5,1.2498643e-07
16229,5,1.2627742e-07
16230,5,1.2731342e-07
16231,5,1.2626797e-07
16232,5,1.2476751e-07
16233,5,1.2870257e-07
16234,5,1.2733551e-07
16235,5,1.2629671e-07
16236,5,1.248791e-07
16237,5,1.1228738e-07
16238,5,1.1960173e-07
16239,5,1.0479348e-07
16240,5,1.2283782e-07
16241,5,1.112602e-07
16242,5,1.2004642e-07
16243,5,1.0176205e-07
16244,5,1.3725735e-07
16245,5,6.2596145e-08
16246,5,1.5683322e-07
16247,5,1.4152162e-07
16248,5,6.4467793e-08
16249,5,7.0225242e-08
16250,5,1.1252796e-07
16251,5,7.1425954e-08
16252,5,6.9653981e-08
16253,5,1.1236833e-07
16254,5,6.9796947e-08
16255,5,1.1147126e-07
16256,5,6.4017688e-08
16257,5,1.3640838e-07
16258,5,1.5768142e-07
16259,5,6.2503055e-08
16260,5,1.3958064e-07
16261,5,1.5737927e-07
16262,5,1.195259e-07
16263,5,1.1239896e-07
16264,5,1.2296079e-07
16265,5,1.0374672e-07
16266,5,1.1990682e-07
16267,5,1.1207249e-07
16268,5,1.2305506e-07
16269,5,1.2638455e-07
16270,5,1.2743848e-07
16271,5,1.2880169e-07
16272,5,1.2497849e-07
16273,5,1.2642269e-07
16274,5,1.2747765e-07
16275,5,1.2883122e-07
16276,5,1.250808e-07
16277,5,1.2876756e-07
16278,5,1.2749998e-07
16279,5,1.2644933e-07
16280,5,1.2494049e-07
16281,5,1.2884691e-07
16282,5,1.2747478e-07
16283,5,1.0286907e-07
16284,5,1.2308887e-07
16285,5,1.1225173e-07
16286,5,1.1990009e-07
16287,5,1.0229997e-07
16288,5,1.2307436e-07
16289,5,1.1206797e-07
16290,5,1.5936174e-07
16291,5,1.3307115e-07
16292,5,6.5747998e-08
16293,5,1.5894849e-07
16294,5,1.3202024e-07
16295,5,1.129379e-07
16296,5,6.976046e-08
16297,5,1.1526085e-07
16298,5,6.987695e-08
16299,5,7.3517601e-08
16300,5,1.1945273e-07
16301,5,7.3488795e-08
16302,5,1.2465923e-07
16303,5,1.2259045e-07
16304,5,1.5214881e-07
16305,5,1.2991534e-07
16306,5,7.7139738e-08
16307,5,1.2089472e-07
16308,5,1.5221924e-07
16309,5,1.2923789e-07
16310,5,1.2370039e-07
16311,5,1.3121433e-07
16312,5,1.2940835e-07
16313,5,1.564992e-07
16314,5,1.2356335e-07
16315,5,1.3111717e-07
16316,5,1.2938733e-07
16317,5,1.5668896e-07
16318,5,1.292803e-07
16319,5,1.3091072e-07
16320,5,1.2456575e-07
16321,5,1.5609198e-07
16322,5,1.2943415e-07
16323,5,1.3077949e-07
16324,5,7.7278326e-08
16325,5,1.290615e-07
16326,5,1.5255606e-07
16327,5,1.1896512e-07
16328,5,7.6201772e-08
16329,5,1.280764e-07
16330,5,1.5086978e-07
16331,5,1.2609733e-07
16332,5,7.3027633e-08
16333,5,1.2573074e-07
16334,5,7.311029e-08
16335,5,7.1012837e-08
16336,5,7.1319026e-08
16337,5,9.315545e-08
16338,5,1.1037531e-07
16339,5,1.7335443e-07
16340,5,8.9198774e-08
16341,5,1.1761442e-07
16342,5,1.7290759e-07
16343,5,1.7254857e-07
16344,5,1.2054477e-07
16345,5,8.8276225e-08
16346,5,1.7143908e-07
16347,5,1.1830328e-07
16348,5,7.1034577e-08
16349,5,7.1437064e-08
16350,5,7.2311226e-08
16351,5,7.1897929e-08
16352,5,1.3783051e-07
16353,5,1.3783544e-07
16354,5,1.2300514e-07
16355,5,8.4288259e-08
16356,5,1.3816038e-07
16357,5,1.3801288e-07
16358,5,1.2334145e-07
16359,5,8.3291218e-08
16360,5,1.232339e-07
16361,5,1.3785126e-07
16362,5,1.382052e-07
16363,5,8.436632e-08
16364,5,1.2288768e-07
16365,5,1.3702412e-07
16366,5,7.2541035e-08
16367,5,7.1813766e-08
16368,5,1.1773235e-07
16369,5,8.9361832e-08
16370,5,1.7271337e-07
16371,5,1.1826995e-07
16372,5,8.9057601e-08
16373,5,1.7261177e-07
16374,5,1.7045247e-07
16375,5,8.6916518e-08
16376,5,1.0673774e-07
16377,5,1.7525318e-07
16378,5,9.7093019e-08
16379,5,7.3101557e-08
16380,5,1.1972271e-07
16381,5,7.2815682e-08
16382,5,1.2242078e-07
16383,5,1.2965236e-07
16384,5,7.2841305e-08
16385,5,1.2498624e-07
16386,5,1.5152248e-07
16387,5,1.2277246e-07
16388,5,1.2997942e-07
16389,5,7.7051862e-08
16390,5,1.5110031e-07
16391,5,1.2581219e-07
16392,5,1.3089806e-07
16393,5,7.3337659e-08
16394,5,1.2737665e-07
16395,5,1.1921502e-07
16396,5,1.4993873e-07
16397,5,7.5636444e-08
16398,5,1.2808902e-07
16399,5,1.2023424e-07
16400,5,6.979092e-08
16401,5,1.1330599e-07
16402,5,6.8090279e-08
16403,5,1.1532087e-07
16404,5,1.3096296e-07
16405,5,1.2389158e-07
16406,5,1.2924122e-07
16407,5,1.5537856e-07
16408,5,1.3074807e-07
16409,5,1.239887e-07
16410,5,1.2913183e-07
16411,5,1.5729317e-07
16412,5,1.2938459e-07
16413,5,1.242049e-07
16414,5,1.3044798e-07
16415,5,1.5588479e-07
16416,5,1.2895783e-07
16417,5,1.2301859e-07
16418,5,1.1302731e-07
16419,5,7.0805638e-08
16420,5,1.1047765e-07
16421,5,1.3643263e-07
16422,5,6.2731526e-08
16423,5,1.5674197e-07
16424,5,1.303673e-07
16425,5,6.5288143e-08
16426,5,1.5754707e-07
16427,5,1.5780483e-07
16428,5,6.5107583e-08
16429,5,1.3875531e-07
16430,5,1.5859473e-07
16431,5,6.5118738e-08
16432,5,1.1259724e-07
16433,5,1.2059563e-07
16434,5,1.2351636e-07
16435,5,1.0435007e-07
16436,5,1.1260512e-07
16437,5,1.2022501e-07
16438,5,1.234011e-07
16439,5,1.0309466e-07
16440,5,1.2353576e-07
16441,5,1.2095968e-07
16442,5,1.1203e-07
16443,5,1.0261298e-07
16444,5,1.2353323e-07
16445,5,1.2085264e-07
16446,5,1.2752969e-07
16447,5,1.264767e-07
16448,5,1.2886725e-07
16449,5,1.2477881e-07
16450,5,1.2746375e-07
16451,5,1.2623595e-07
16452,5,1.2873704e-07
16453,5,1.2493837e-07
16454,5,1.2891121e-07
16455,5,1.2628786e-07
16456,5,1.276737e-07
16457,5,1.2503658e-07
16458,5,1.2899501e-07
16459,5,1.2651401e-07
16460,5,1.2877061e-07
16461,5,1.2498349e-07
16462,5,1.2745327e-07
16463,5,1.2607103e-07
16464,5,1.2867199e-07
16465,5,1.2506468e-07
16466,5,1.2745138e-07
16467,5,1.2655927e-07
16468,5,1.2780258e-07
16469,5,1.254606e-07
16470,5,1.2905545e-07
16471,5,1.2660451e-07
16472,5,1.2778895e-07
16473,5,1.2531782e-07
16474,5,1.229828e-07
16475,5,1.0287198e-07
16476,5,1.111107e-07
16477,5,1.1988998e-07
16478,5,1.2302332e-07
16479,5,1.0403494e-07
16480,5,1.1231425e-07
16481,5,1.2015591e-07
16482,5,1.1272238e-07
16483,5,1.0228035e-07
16484,5,1.2344772e-07
16485,5,1.2042613e-07
16486,5,1.1252464e-07
16487,5,1.0243162e-07
16488,5,1.5412043e-07
16489,5,1.407538e-07
16490,5,6.5363875e-08
16491,5,1.5959235e-07
16492,5,1.3783075e-07
16493,5,6.9166432e-08
16494,5,1.3245834e-07
16495,5,1.6135101e-07
16496,5,6.7991325e-08
16497,5,1.3456625e-07
16498,5,1.1233109e-07
16499,5,7.1189003e-08
16500,5,1.1162689e-07
16501,5,7.0856686e-08
16502,5,1.2952963e-07
16503,5,1.5775346e-07
16504,5,1.3135771e-07
16505,5,1.2348386e-07
16506,5,1.293723e-07
16507,5,1.5628237e-07
16508,5,1.3104022e-07
16509,5,1.2260195e-07
16510,5,1.3039255e-07
16511,5,1.5560982e-07
16512,5,1.285219e-07
16513,5,1.2220978e-07
16514,5,1.3041159e-07
16515,5,1.5557045e-07
16516,5,6.9902406e-08
16517,5,1.0963842e-07
16518,5,7.0491164e-08
16519,5,1.297535e-07
16520,5,7.7480847e-08
16521,5,1.5192514e-07
16522,5,1.2099573e-07
16523,5,1.2949885e-07
16524,5,7.7960816e-08
16525,5,1.5189408e-07
16526,5,1.2173733e-07
16527,5,1.5052722e-07
16528,5,7.5994404e-08
16529,5,1.2887359e-07
16530,5,1.2108441e-07
16531,5,1.5147642e-07
16532,5,7.7135327e-08
16533,5,1.2273564e-07
16534,5,7.2269508e-08
16535,5,1.2092602e-07
16536,5,7.1652717e-08
16537,5,7.2587161e-08
16538,5,1.2393011e-07
16539,5,7.2461714e-08
16540,5,1.7170764e-07
16541,5,1.2467066e-07
16542,5,8.8549037e-08
16543,5,1.7273505e-07
16544,5,1.2143441e-07
16545,5,8.9063674e-08
16546,5,1.1728595e-07
16547,5,1.7243392e-07
16548,5,8.5953723e-08
16549,5,1.2436499e-07
16550,5,7.0930546e-08
16551,5,7.1938115e-08
16552,5,1.2376777e-07
16553,5,8.3724394e-08
16554,5,1.3847545e-07
16555,5,1.3866305e-07
16556,5,1.2380774e-07
16557,5,8.4498702e-08
16558,5,1.3780712e-07
16559,5,1.3739635e-07
16560,5,1.3839416e-07
16561,5,8.4386629e-08
16562,5,1.2346521e-07
16563,5,1.375688e-07
16564,5,1.3831149e-07
16565,5,8.4032427e-08
16566,5,7.1085944e-08
16567,5,7.1673231e-08
16568,5,7.0549693e-08
16569,5,1.7034821e-07
16570,5,8.5239806e-08
16571,5,1.2363974e-07
16572,5,1.7156654e-07
16573,5,8.5897472e-08
16574,5,1.1919344e-07
16575,5,8.8377214e-08
16576,5,1.7118133e-07
16577,5,1.2183105e-07
16578,5,8.6062313e-08
16579,5,7.1746565e-08
16580,5,1.2618974e-07
16581,5,7.334668e-08
16582,5,1.2576548e-07
16583,5,1.2951641e-07
16584,5,7.5449909e-08
16585,5,1.2225608e-07
16586,5,1.5106688e-07
16587,5,1.2927091e-07
16588,5,7.5833184e-08
16589,5,1.2190421e-07
16590,5,1.2903155e-07
16591,5,1.5473527e-07
16592,5,1.2321601e-07
16593,5,1.3054937e-07
16594,5,1.290373e-07
16595,5,1.5544329e-07
16596,5,1.2330582e-07
16597,5,1.3129341e-07
16598,5,1.2434457e-07
16599,5,1.5675996e-07
16600,5,1.2956784e-07
16601,5,1.3090488e-07
16602,5,1.2407404e-07
16603,5,1.5600132e-07
16604,5,1.5263913e-07
16605,5,1.2191138e-07
16606,5,7.8846109e-08
16607,5,1.290535e-07
16608,5,1.5135862e-07
16609,5,1.2173913e-07
16610,5,7.7022505e-08
16611,5,7.3467289e-08
16612,5,1.2333285e-07
16613,5,7.3101155e-08
16614,5,1.1233336e-07
16615,5,6.9840231e-08
16616,5,1.1225038e-07
16617,5,1.5739347e-07
16618,5,6.5295581e-08
16619,5,1.3486795e-07
16620,5,1.5824827e-07
16621,5,6.4803596e-08
16622,5,1.2304851e-07
16623,5,1.0348667e-07
16624,5,1.199963e-07
16625,5,1.1254411e-07
16626,5,1.2324473e-07
16627,5,1.0433891e-07
16628,5,1.2011549e-07
16629,5,1.2870613e-07
16630,5,1.2511427e-07
16631,5,1.2620879e-07
16632,5,1.2739838e-07
16633,5,1.2870146e-07
16634,5,1.2477765e-07
16635,5,1.2622151e-07
16636,5,1.2732365e-07
16637,5,1.2622644e-07
16638,5,1.2481101e-07
16639,5,1.2869747e-07
16640,5,1.2740047e-07
16641,5,1.2622439e-07
16642,5,1.2484812e-07
16643,5,1.1171071e-07
16644,5,1.1965855e-07
16645,5,1.0318706e-07
16646,5,1.2320471e-07
16647,5,1.1309117e-07
16648,5,1.198412e-07
16649,5,1.0554345e-07
16650,5,1.3751074e-07
16651,5,6.3619675e-08
16652,5,1.5945575e-07
16653,5,1.3403521e-07
16654,5,6.4925572e-08
16655,5,6.9992323e-08
16656,5,1.1321966e-07
16657,5,6.9739854e-08
16658,5,7.0353443e-08
16659,5,1.1305651e-07
16660,5,6.9011447e-08
16661,5,1.1280765e-07
16662,5,6.4449654e-08
16663,5,1.3487675e-07
16664,5,1.5784993e-07
16665,5,6.6465925e-08
16666,5,1.315443e-07
16667,5,1.6037342e-07
16668,5,1.2015496e-07
16669,5,1.1243578e-07
16670,5,1.2318314e-07
16671,5,1.0441596e-07
16672,5,1.1975061e-07
16673,5,1.1284001e-07
16674,5,1.2311372e-07
16675,5,1.2624481e-07
16676,5,1.2753605e-07
16677,5,1.2879294e-07
16678,5,1.2498859e-07
16679,5,1.2621701e-07
16680,5,1.274637e-07
16681,5,1.2876783e-07
16682,5,1.2501011e-07
16683,5,1.288768e-07
16684,5,1.2751919e-07
16685,5,1.2652538e-07
16686,5,1.2492477e-07
16687,5,1.2887605e-07
16688,5,1.275103e-07
16689,5,1.0513001e-07
16690,5,1.2318676e-07
16691,5,1.129298e-07
16692,5,1.2018864e-07
16693,5,1.0476462e-07
16694,5,1.2334834e-07
16695,5,1.1288315e-07
16696,5,1.5893378e-07
16697,5,1.3407139e-07
16698,5,6.5023496e-08
16699,5,1.59175e-07
16700,5,1.3577261e-07
16701,5,1.1413978e-07
16702,5,7.0318102e-08
16703,5,1.102997e-07
16704,5,6.9004648e-08
16705,5,7.2634327e-08
16706,5,1.2517631e-07
16707,5,7.2098544e-08
16708,5,1.246813e-07
16709,5,1.2016837e-07
16710,5,1.5031478e-07
16711,5,1.2874236e-07
16712,5,7.6608013e-08
16713,5,1.2445944e-07
16714,5,1.5192532e-07
16715,5,1.3023908e-07
16716,5,1.2389871e-07
16717,5,1.3111022e-07
16718,5,1.2935404e-07
16719,5,1.5637038e-07
16720,5,1.2347148e-07
16721,5,1.3099165e-07
16722,5,1.2912661e-07
16723,5,1.5703303e-07
16724,5,1.2935445e-07
16725,5,1.3096517e-07
16726,5,1.2264499e-07
16727,5,1.5528971e-07
16728,5,1.2882025e-07
16729,5,1.3053089e-07
16730,5,7.503306e-08
16731,5,1.2828819e-07
16732,5,1.5068879e-07
16733,5,1.2301094e-07
16734,5,7.6307593e-08
16735,5,1.2940433e-07
16736,5,1.513581e-07
16737,5,1.2776469e-07
16738,5,7.3063689e-08
16739,5,1.2511695e-07
16740,5,7.2936486e-08
16741,5,7.1404178e-08
16742,5,7.0911365e-08
16743,5,8.6003249e-08
16744,5,1.2171044e-07
16745,5,1.7119129e-07
16746,5,9.0287206e-08
16747,5,1.1657076e-07
16748,5,1.7284532e-07
16749,5,1.7190354e-07
16750,5,1.1418029e-07
16751,5,9.1428239e-08
16752,5,1.7464322e-07
16753,5,1.1484466e-07
16754,5,7.1827458e-08
16755,5,7.1472648e-08
16756,5,7.1457271e-08
16757,5,7.1393006e-08
16758,5,1.3875052e-07
16759,5,1.3786109e-07
16760,5,1.2348993e-07
16761,5,8.4622721e-08
16762,5,1.3820985e-07
16763,5,1.3749444e-07
16764,5,1.2324734e-07
16765,5,8.3569088e-08
16766,5,1.2272083e-07
16767,5,1.3659863e-07
16768,5,1.3819479e-07
16769,5,8.4193954e-08
16770,5,1.2298425e-07
16771,5,1.3737478e-07
16772,5,7.1712133e-08
16773,5,7.1472036e-08
16774,5,1.1684336e-07
16775,5,8.9554751e-08
16776,5,1.7217433e-07
16777,5,1.1417253e-07
16778,5,9.1110511e-08
16779,5,1.7298766e-07
16780,5,1.753779e-07
16781,5,9.5795297e-08
16782,5,1.1594684e-07
16783,5,1.7267312e-07
16784,5,9.0145102e-08
16785,5,7.2946436e-08
16786,5,1.2208214e-07
16787,5,7.2802961e-08
16788,5,1.204693e-07
16789,5,1.2509526e-07
16790,5,7.3256219e-08
16791,5,1.2171775e-07
16792,5,1.525004e-07
16793,5,1.2633443e-07
16794,5,1.3138345e-07
16795,5,7.78199e-08
16796,5,1.5174598e-07
16797,5,1.2590505e-07
16798,5,1.3109785e-07
16799,5,7.7413524e-08
16800,5,1.2933486e-07
16801,5,1.2178075e-07
16802,5,1.5221441e-07
16803,5,7.8358231e-08
16804,5,1.3000899e-07
16805,5,1.2338502e-07
16806,5,6.6887796e-08
16807,5,1.1118184e-07
16808,5,6.8551113e-08
16809,5,1.1088027e-07
16810,5,1.3035214e-07
16811,5,1.2234457e-07
16812,5,1.2864223e-07
16813,5,1.5580973e-07
16814,5,1.3083963e-07
16815,5,1.2256064e-07
16816,5,1.2872075e-07
16817,5,1.5513043e-07
16818,5,1.2869358e-07
16819,5,1.2262344e-07
16820,5,1.3030154e-07
16821,5,1.5474065e-07
16822,5,1.2861716e-07
16823,5,1.2255141e-07
16824,5,1.1108246e-07
16825,5,6.8936396e-08
16826,5,1.1112681e-07
16827,5,1.3267351e-07
16828,5,6.5927375e-08
16829,5,1.5965507e-07
16830,5,1.3655847e-07
16831,5,6.4698778e-08
16832,5,1.5951687e-07
16833,5,1.587229e-07
16834,5,6.633186e-08
16835,5,1.3898924e-07
16836,5,1.5957916e-07
16837,5,6.5041738e-08
16838,5,1.1300472e-07
16839,5,1.2012231e-07
16840,5,1.2343155e-07
16841,5,1.04666e-07
16842,5,1.1292127e-07
16843,5,1.203005e-07
16844,5,1.2345668e-07
16845,5,1.0327415e-07
16846,5,1.2357606e-07
16847,5,1.208596e-07
16848,5,1.1200801e-07
16849,5,1.0246668e-07
16850,5,1.2338144e-07
16851,5,1.2041375e-07
16852,5,1.2748633e-07
16853,5,1.2612252e-07
16854,5,1.2869089e-07
16855,5,1.2495891e-07
16856,5,1.2753907e-07
16857,5,1.2624481e-07
16858,5,1.2876382e-07
16859,5,1.2521415e-07
16860,5,1.290055e-07
16861,5,1.2646634e-07
16862,5,1.2773287e-07
16863,5,1.2520634e-07
16864,5,1.290276e-07
16865,5,1.265291e-07
16866,5,1.2866458e-07
16867,5,1.2509669e-07
16868,5,1.2744075e-07
16869,5,1.262455e-07
16870,5,1.2875397e-07
16871,5,1.2485886e-07
16872,5,1.2746019e-07
16873,5,1.2648126e-07
16874,5,1.2774218e-07
16875,5,1.2529925e-07
16876,5,1.2901487e-07
16877,5,1.2648657e-07
16878,5,1.2774639e-07
16879,5,1.2539647e-07
16880,5,1.2292661e-07
16881,5,1.0304046e-07
16882,5,1.1195586e-07
16883,5,1.2017303e-07
16884,5,1.2331412e-07
16885,5,1.0547257e-07
16886,5,1.128069e-07
16887,5,1.2007031e-07
16888,5,1.1223432e-07
16889,5,1.0332529e-07
16890,5,1.2321563e-07
16891,5,1.2027365e-07
16892,5,1.11933e-07
16893,5,1.0348102e-07
16894,5,1.5686074e-07
16895,5,1.3380512e-07
16896,5,6.4046348e-08
16897,5,1.5775424e-07
16898,5,1.3432146e-07
16899,5,6.5494053e-08
16900,5,1.3704367e-07
16901,5,1.5741971e-07
16902,5,6.4449528e-08
16903,5,1.340044e-07
16904,5,1.1128467e-07
16905,5,6.8725225e-08
16906,5,1.1247443e-07
16907,5,7.0216047e-08
16908,5,1.2920096e-07
16909,5,1.5549164e-07
16910,5,1.309512e-07
16911,5,1.2376647e-07
16912,5,1.2942619e-07
16913,5,1.5727139e-07
16914,5,1.3127276e-07
16915,5,1.2266292e-07
16916,5,1.3046606e-07
16917,5,1.5533165e-07
16918,5,1.2899284e-07
16919,5,1.2328623e-07
16920,5,1.3042039e-07
16921,5,1.5505539e-07
16922,5,6.96552e-08
16923,5,1.1261389e-07
16924,5,6.8570667e-08
16925,5,1.3043724e-07
16926,5,7.7958626e-08
16927,5,1.5317475e-07
16928,5,1.2354519e-07
16929,5,1.2989339e-07
16930,5,7.6876818e-08
16931,5,1.5081012e-07
16932,5,1.2252724e-07
16933,5,1.5147425e-07
16934,5,7.6434263e-08
16935,5,1.3039452e-07
16936,5,1.2606981e-07
16937,5,1.5131779e-07
16938,5,7.5088004e-08
16939,5,1.2217764e-07
16940,5,7.3196855e-08
16941,5,1.2265722e-07
16942,5,7.3350313e-08
16943,5,7.2942215e-08
16944,5,1.2856335e-07
16945,5,7.2063758e-08
16946,5,1.7276522e-07
16947,5,1.1646734e-07
16948,5,8.9768146e-08
16949,5,1.7232291e-07
16950,5,1.159357e-07
16951,5,8.8745336e-08
16952,5,1.1816305e-07
16953,5,1.7474573e-07
16954,5,9.3600117e-08
16955,5,1.1323144e-07
16956,5,7.2157538e-08
16957,5,7.1941453e-08
16958,5,1.2353375e-07
16959,5,8.4200088e-08
16960,5,1.3759167e-07
16961,5,1.3780892e-07
16962,5,1.2328688e-07
16963,5,8.3188894e-08
16964,5,1.3757013e-07
16965,5,1.3757423e-07
16966,5,1.3779092e-07
16967,5,8.3012015e-08
16968,5,1.2283659e-07
16969,5,1.3672889e-07
16970,5,1.3788344e-07
16971,5,8.3006213e-08
16972,5,7.1338164e-08
16973,5,7.056632e-08
16974,5,7.1285674e-08
16975,5,1.717227e-07
16976,5,8.7331074e-08
16977,5,1.2421622e-07
16978,5,1.7333145e-07
16979,5,8.71937e-08
16980,5,1.2099185e-07
16981,5,8.7322109e-08
16982,5,1.7513226e-07
16983,5,1.1572699e-07
16984,5,9.2534364e-08
16985,5,7.2339488e-08
16986,5,1.2416614e-07
16987,5,7.2237053e-08
16988,5,1.1946324e-07
16989,5,1.2964866e-07
16990,5,7.7137909e-08
16991,5,1.2205369e-07
16992,5,1.5227413e-07
16993,5,1.310268e-07
16994,5,7.9248353e-08
16995,5,1.2530663e-07
16996,5,1.2927562e-07
16997,5,1.5519721e-07
16998,5,1.2380221e-07
16999,5,1.311428e-07
17000,5,1.2970209e-07
17001,5,1.5604689e-07
17002,5,1.2460384e-07
17003,5,1.3099007e-07
17004,5,1.2403052e-07
17005,5,1.571933e-07
17006,5,1.2911937e-07
17007,5,1.3058417e-07
17008,5,1.2373719e-07
17009,5,1.5633878e-07
17010,5,1.5063595e-07
17011,5,1.1894862e-07
17012,5,7.5002444e-08
17013,5,1.2768731e-07
17014,5,1.4850318e-07
17015,5,1.1973761e-07
17016,5,7.2933436e-08
17017,5,7.2913208e-08
17018,5,1.29656e-07
17019,5,7.2243749e-08
17020,5,1.1357362e-07
17021,5,6.8212512e-08
17022,5,1.1529269e-07
17023,5,1.590104e-07
17024,5,6.5305627e-08
17025,5,1.3304394e-07
17026,5,1.5967635e-07
17027,5,6.6284918e-08
17028,5,1.2334438e-07
17029,5,1.0484203e-07
17030,5,1.2043267e-07
17031,5,1.1168915e-07
17032,5,1.2302541e-07
17033,5,1.0180431e-07
17034,5,1.2025688e-07
17035,5,1.2873716e-07
17036,5,1.2480091e-07
17037,5,1.2631452e-07
17038,5,1.274892e-07
17039,5,1.2869645e-07
17040,5,1.2522535e-07
17041,5,1.2616663e-07
17042,5,1.2744249e-07
17043,5,1.2619838e-07
17044,5,1.249404e-07
17045,5,1.286962e-07
17046,5,1.2743089e-07
17047,5,1.2616065e-07
17048,5,1.2490433e-07
17049,5,1.127364e-07
17050,5,1.1983687e-07
17051,5,1.0396083e-07
17052,5,1.2324258e-07
17053,5,1.124728e-07
17054,5,1.2002368e-07
17055,5,1.0408716e-07
17056,5,1.3362894e-07
17057,5,6.4908989e-08
17058,5,1.5796677e-07
17059,5,1.3606397e-07
17060,5,6.4389076e-08
17061,5,7.0751906e-08
17062,5,1.1291976e-07
17063,5,7.0147743e-08
17064,5,6.6848593e-08
17065,5,1.1109215e-07
17066,5,6.8380966e-08
17067,5,1.1170724e-07
17068,5,6.4650537e-08
17069,5,1.3679964e-07
17070,5,1.5882207e-07
17071,5,6.5511609e-08
17072,5,1.3921036e-07
17073,5,1.5983396e-07
17074,5,1.1946929e-07
17075,5,1.119103e-07
17076,5,1.228062e-07
17077,5,1.0135264e-07
17078,5,1.1930198e-07
17079,5,1.1144848e-07
17080,5,1.2262959e-07
17081,5,1.2630603e-07
17082,5,1.2736155e-07
17083,5,1.2876245e-07
17084,5,1.2486031e-07
17085,5,1.2650554e-07
17086,5,1.2732097e-07
17087,5,1.2879839e-07
17088,5,1.2472995e-07
17089,5,1.2883287e-07
17090,5,1.2742336e-07
17091,5,1.264198e-07
17092,5,1.2490699e-07
17093,5,1.2881806e-07
17094,5,1.2745157e-07
17095,5,1.0211602e-07
17096,5,1.2324964e-07
17097,5,1.1227645e-07
17098,5,1.1977136e-07
17099,5,1.0341495e-07
17100,5,1.2315429e-07
17101,5,1.1253556e-07
17102,5,1.6038649e-07
17103,5,1.3537363e-07
17104,5,6.6541722e-08
17105,5,1.5939272e-07
17106,5,1.3184362e-07
17107,5,1.1057456e-07
17108,5,6.8647326e-08
17109,5,1.1232837e-07
17110,5,6.902488e-08
17111,5,7.179064e-08
17112,5,1.2409923e-07
17113,5,7.2872972e-08
17114,5,1.277327e-07
17115,5,1.2626915e-07
17116,5,1.5082297e-07
17117,5,1.3057852e-07
17118,5,7.5371848e-08
17119,5,1.2426042e-07
17120,5,1.5140159e-07
17121,5,1.2982133e-07
17122,5,1.2249879e-07
17123,5,1.301776e-07
17124,5,1.2877743e-07
17125,5,1.5509299e-07
17126,5,1.2299862e-07
17127,5,1.3051534e-07
17128,5,1.2894652e-07
17129,5,1.5522892e-07
17130,5,1.2871246e-07
17131,5,1.3045001e-07
17132,5,1.231154e-07
17133,5,1.5560418e-07
17134,5,1.2887915e-07
17135,5,1.3066036e-07
17136,5,7.5367679e-08
17137,5,1.2968676e-07
17138,5,1.496248e-07
17139,5,1.2323054e-07
17140,5,7.400736e-08
17141,5,1.2949782e-07
17142,5,1.5032734e-07
17143,5,1.2416012e-07
17144,5,7.3027741e-08
17145,5,1.2912384e-07
17146,5,7.2017861e-08
17147,5,7.0582767e-08
17148,5,7.1459411e-08
17149,5,9.4096334e-08
17150,5,1.1341768e-07
17151,5,1.7568388e-07
17152,5,8.8620179e-08
17153,5,1.175115e-07
17154,5,1.719103e-07
17155,5,1.7374839e-07
17156,5,1.1328581e-07
17157,5,9.4236418e-08
17158,5,1.7482925e-07
17159,5,1.10957e-07
17160,5,7.1507799e-08
17161,5,7.2212747e-08
17162,5,7.1949245e-08
17163,5,7.2593327e-08
17164,5,1.3799926e-07
17165,5,1.3781538e-07
17166,5,1.2326707e-07
17167,5,8.3883662e-08
17168,5,1.3803936e-07
17169,5,1.3834739e-07
17170,5,1.2345549e-07
17171,5,8.4807918e-08
17172,5,1.2310385e-07
17173,5,1.3731887e-07
17174,5,1.387185e-07
17175,5,8.4405231e-08
17176,5,1.2310932e-07
17177,5,1.370142e-07
17178,5,7.0646447e-08
17179,5,7.1271168e-08
17180,5,1.1326127e-07
17181,5,9.3143197e-08
17182,5,1.7406973e-07
17183,5,1.2044793e-07
17184,5,8.8505213e-08
17185,5,1.7301925e-07
17186,5,1.721686e-07
17187,5,8.7860071e-08
17188,5,1.1874616e-07
17189,5,1.7435195e-07
17190,5,9.0503331e-08
17191,5,7.2581732e-08
17192,5,1.2199145e-07
17193,5,7.2302825e-08
17194,5,1.2398242e-07
17195,5,1.2208516e-07
17196,5,7.2225964e-08
17197,5,1.2270777e-07
17198,5,1.5283624e-07
17199,5,1.2428496e-07
17200,5,1.305399e-07
17201,5,7.6040226e-08
17202,5,1.507242e-07
17203,5,1.2325146e-07
17204,5,1.2978879e-07
17205,5,7.7308775e-08
17206,5,1.2988435e-07
17207,5,1.2349047e-07
17208,5,1.5197489e-07
17209,5,7.7536112e-08
17210,5,1.302097e-07
17211,5,1.2431736e-07
17212,5,6.933044e-08
17213,5,1.1115057e-07
17214,5,6.9845471e-08
17215,5,1.1117701e-07
17216,5,1.3061015e-07
17217,5,1.2264024e-07
17218,5,1.2873165e-07
17219,5,1.5558723e-07
17220,5,1.3063823e-07
17221,5,1.2277834e-07
17222,5,1.2879775e-07
17223,5,1.5477096e-07
17224,5,1.2847066e-07
17225,5,1.2216621e-07
17226,5,1.3025916e-07
17227,5,1.5446162e-07
17228,5,1.2842354e-07
17229,5,1.2204016e-07
17230,5,1.1007461e-07
17231,5,6.8577858e-08
17232,5,1.0979968e-07
17233,5,1.3532011e-07
17234,5,6.6214258e-08
17235,5,1.6037126e-07
17236,5,1.3397548e-07
17237,5,6.6066552e-08
17238,5,1.6007625e-07
17239,5,1.5856976e-07
17240,5,6.5352315e-08
17241,5,1.3558897e-07
17242,5,1.5908461e-07
17243,5,6.5441434e-08
17244,5,1.124217e-07
17245,5,1.1999817e-07
17246,5,1.2330072e-07
17247,5,1.0334402e-07
17248,5,1.1262e-07
17249,5,1.2010531e-07
17250,5,1.2332598e-07
17251,5,1.0242655e-07
17252,5,1.233747e-07
17253,5,1.2029749e-07
17254,5,1.1285611e-07
17255,5,1.0422473e-07
17256,5,1.2359686e-07
17257,5,1.2024041e-07
17258,5,1.2753846e-07
17259,5,1.2640674e-07
17260,5,1.2885326e-07
17261,5,1.2495331e-07
17262,5,1.2756245e-07
17263,5,1.2642305e-07
17264,5,1.288964e-07
17265,5,1.252573e-07
17266,5,1.2905079e-07
17267,5,1.2655829e-07
17268,5,1.2778122e-07
17269,5,1.2514289e-07
17270,5,1.291035e-07
17271,5,1.2666887e-07
17272,5,1.2887058e-07
17273,5,1.2487148e-07
17274,5,1.27521e-07
17275,5,1.2636192e-07
17276,5,1.2888641e-07
17277,5,1.2502444e-07
17278,5,1.2759621e-07
17279,5,1.2653898e-07
17280,5,1.2772213e-07
17281,5,1.2535936e-07
17282,5,1.2903337e-07
17283,5,1.2655233e-07
17284,5,1.2775103e-07
17285,5,1.2539545e-07
17286,5,1.2345143e-07
17287,5,1.0552387e-07
17288,5,1.1263768e-07
17289,5,1.2019325e-07
17290,5,1.2335115e-07
17291,5,1.0502161e-07
17292,5,1.1237447e-07
17293,5,1.2014497e-07
17294,5,1.1137069e-07
17295,5,1.0134679e-07
17296,5,1.2316085e-07
17297,5,1.2012362e-07
17298,5,1.119501e-07
17299,5,1.0289604e-07
17300,5,1.5599112e-07
17301,5,1.352139e-07
17302,5,6.2035689e-08
17303,5,1.5589809e-07
17304,5,1.3612055e-07
17305,5,6.439585e-08
17306,5,1.3595072e-07
17307,5,1.5862054e-07
17308,5,6.4215512e-08
17309,5,1.3665152e-07
17310,5,1.1347504e-07
17311,5,6.953263e-08
17312,5,1.1581139e-07
17313,5,7.0365677e-08
17314,5,1.2955228e-07
17315,5,1.5579437e-07
17316,5,1.309207e-07
17317,5,1.2510317e-07
17318,5,1.2983785e-07
17319,5,1.5685353e-07
17320,5,1.3111954e-07
17321,5,1.2406299e-07
17322,5,1.305831e-07
17323,5,1.5569303e-07
17324,5,1.2946742e-07
17325,5,1.2439484e-07
17326,5,1.3106209e-07
17327,5,1.5718028e-07
17328,5,6.9732814e-08
17329,5,1.1378219e-07
17330,5,7.1355977e-08
17331,5,1.2941932e-07
17332,5,7.5427236e-08
17333,5,1.5071578e-07
17334,5,1.2243973e-07
17335,5,1.2950146e-07
17336,5,7.7328401e-08
17337,5,1.512539e-07
17338,5,1.2210002e-07
17339,5,1.4929328e-07
17340,5,7.5756817e-08
17341,5,1.2860108e-07
17342,5,1.1934751e-07
17343,5,1.5307795e-07
17344,5,7.8316746e-08
17345,5,1.2704409e-07
17346,5,7.3106748e-08
17347,5,1.2290231e-07
17348,5,7.3444873e-08
17349,5,7.1712829e-08
17350,5,1.2348902e-07
17351,5,7.2363874e-08
17352,5,1.7415138e-07
17353,5,1.1751157e-07
17354,5,9.0087081e-08
17355,5,1.7211673e-07
17356,5,1.1597505e-07
17357,5,9.2442825e-08
17358,5,1.1731645e-07
17359,5,1.744083e-07
17360,5,9.2086436e-08
17361,5,1.1625064e-07
17362,5,7.2779734e-08
17363,5,7.1919155e-08
17364,5,1.2304978e-07
17365,5,8.233306e-08
17366,5,1.3746588e-07
17367,5,1.3729617e-07
17368,5,1.2292454e-07
17369,5,8.2606652e-08
17370,5,1.3746563e-07
17371,5,1.3675207e-07
17372,5,1.377875e-07
17373,5,8.2826724e-08
17374,5,1.2274827e-07
17375,5,1.3767436e-07
17376,5,1.3708765e-07
17377,5,8.3505472e-08
17378,5,7.1899439e-08
17379,5,7.2147805e-08
17380,5,7.2326923e-08
17381,5,1.7104414e-07
17382,5,8.7457394e-08
17383,5,1.1341491e-07
17384,5,1.7256627e-07
17385,5,9.0624623e-08
17386,5,1.1219853e-07
17387,5,9.3370522e-08
17388,5,1.7406186e-07
17389,5,1.1156142e-07
17390,5,9.3447737e-08
17391,5,7.1209007e-08
17392,5,1.2118148e-07
17393,5,7.4437628e-08
17394,5,1.2241284e-07
17395,5,1.3143473e-07
17396,5,7.9562585e-08
17397,5,1.2558467e-07
17398,5,1.5195338e-07
17399,5,1.2968148e-07
17400,5,7.769646e-08
17401,5,1.2118393e-07
17402,5,1.2980701e-07
17403,5,1.5564545e-07
17404,5,1.2446588e-07
17405,5,1.3119981e-07
17406,5,1.2966678e-07
17407,5,1.5611922e-07
17408,5,1.2401019e-07
17409,5,1.3022296e-07
17410,5,1.2293239e-07
17411,5,1.5439365e-07
17412,5,1.2870152e-07
17413,5,1.3065176e-07
17414,5,1.2295244e-07
17415,5,1.556872e-07
17416,5,1.5046759e-07
17417,5,1.2196576e-07
17418,5,7.4484928e-08
17419,5,1.3036099e-07
17420,5,1.510675e-07
17421,5,1.2520348e-07
17422,5,7.7025851e-08
17423,5,7.1683998e-08
17424,5,1.2204768e-07
17425,5,7.2607259e-08
17426,5,1.1436467e-07
17427,5,6.9738629e-08
17428,5,1.126999e-07
17429,5,1.5636635e-07
17430,5,6.3207488e-08
17431,5,1.3797359e-07
17432,5,1.5644036e-07
17433,5,6.4005668e-08
17434,5,1.2258811e-07
17435,5,1.0076549e-07
17436,5,1.196537e-07
17437,5,1.1156198e-07
17438,5,1.2258642e-07
17439,5,1.0320228e-07
17440,5,1.1924082e-07
17441,5,1.286535e-07
17442,5,1.2497108e-07
17443,5,1.2611627e-07
17444,5,1.2729133e-07
17445,5,1.2868658e-07
17446,5,1.2491002e-07
17447,5,1.2626431e-07
17448,5,1.2739155e-07
17449,5,1.2633907e-07
17450,5,1.2468294e-07
17451,5,1.2874489e-07
17452,5,1.274094e-07
17453,5,1.2634236e-07
17454,5,1.2466118e-07
17455,5,1.126017e-07
17456,5,1.2018753e-07
17457,5,1.0384452e-07
17458,5,1.2349589e-07
17459,5,1.1368304e-07
17460,5,1.2013047e-07
17461,5,1.0647926e-07
17462,5,1.3516062e-07
17463,5,6.4693571e-08
17464,5,1.5943799e-07
17465,5,1.2941445e-07
17466,5,6.593994e-08
17467,5,6.8521437e-08
17468,5,1.1251833e-07
17469,5,6.8595354e-08
17470,5,7.0545698e-08
17471,5,1.1084589e-07
17472,5,7.1031439e-08
17473,5,1.1193039e-07
17474,5,6.7589339e-08
17475,5,1.3337454e-07
17476,5,1.602018e-07
17477,5,6.7051698e-08
17478,5,1.3547695e-07
17479,5,1.6078246e-07
17480,5,1.1991684e-07
17481,5,1.1135051e-07
17482,5,1.2281846e-07
17483,5,1.0116822e-07
17484,5,1.2068863e-07
17485,5,1.1163051e-07
17486,5,1.2313578e-07
17487,5,1.2619879e-07
17488,5,1.2734465e-07
17489,5,1.2870904e-07
17490,5,1.2488314e-07
17491,5,1.2622117e-07
17492,5,1.2739481e-07
17493,5,1.2871111e-07
17494,5,1.2503765e-07
17495,5,1.2874318e-07
17496,5,1.2748888e-07
17497,5,1.2632182e-07
17498,5,1.2504844e-07
17499,5,1.2875509e-07
17500,5,1.2749724e-07
17501,5,1.0294835e-07
17502,5,1.2315571e-07
17503,5,1.1246476e-07
17504,5,1.1977935e-07
17505,5,1.0346403e-07
17506,5,1.2316541e-07
17507,5,1.1269659e-07
17508,5,1.5969921e-07
17509,5,1.3043646e-07
17510,5,6.7104935e-08
17511,5,1.6074298e-07
17512,5,1.3119241e-07
17513,5,1.1319447e-07
17514,5,6.9592727e-08
17515,5,1.135938e-07
17516,5,6.9308934e-08
17517,5,7.3277346e-08
17518,5,1.2949615e-07
17519,5,7.3211892e-08
17520,5,1.2764198e-07
17521,5,1.2007401e-07
17522,5,1.4898994e-07
17523,5,1.2811924e-07
17524,5,7.4674535e-08
17525,5,1.2161101e-07
17526,5,1.5002764e-07
17527,5,1.2851065e-07
17528,5,1.2309332e-07
17529,5,1.3080031e-07
17530,5,1.2904948e-07
17531,5,1.5762883e-07
17532,5,1.2375374e-07
17533,5,1.3107147e-07
17534,5,1.2935228e-07
17535,5,1.5623159e-07
17536,5,1.2909932e-07
17537,5,1.3097403e-07
17538,5,1.2383749e-07
17539,5,1.5638811e-07
17540,5,1.2922797e-07
17541,5,1.3107978e-07
17542,5,7.6403576e-08
17543,5,1.2978443e-07
17544,5,1.5197002e-07
17545,5,1.2338763e-07
17546,5,7.6739507e-08
17547,5,1.2997631e-07
17548,5,1.5152777e-07
17549,5,1.2514214e-07
17550,5,7.236897e-08
17551,5,1.2328556e-07
17552,5,7.2172064e-08
17553,5,7.0666335e-08
17554,5,7.041407e-08
17555,5,8.784901e-08
17556,5,1.1886268e-07
17557,5,1.7241604e-07
17558,5,8.9174156e-08
17559,5,1.1836696e-07
17560,5,1.735128e-07
17561,5,1.7411736e-07
17562,5,1.1459981e-07
17563,5,9.1381774e-08
17564,5,1.717388e-07
17565,5,1.1244723e-07
17566,5,7.2299373e-08
17567,5,7.2198337e-08
17568,5,7.2222623e-08
17569,5,7.254313e-08
17570,5,1.3728054e-07
17571,5,1.3771696e-07
17572,5,1.2323565e-07
17573,5,8.3533675e-08
17574,5,1.3752773e-07
17575,5,1.3805021e-07
17576,5,1.2329276e-07
17577,5,8.4185379e-08
17578,5,1.2315388e-07
17579,5,1.3732235e-07
17580,5,1.3837198e-07
17581,5,8.3836119e-08
17582,5,1.2288593e-07
17583,5,1.3714734e-07
17584,5,7.13989e-08
17585,5,7.183123e-08
17586,5,1.2072517e-07
17587,5,8.7440898e-08
17588,5,1.7207987e-07
17589,5,1.1753208e-07
17590,5,9.0838072e-08
17591,5,1.7403957e-07
17592,5,1.749051e-07
17593,5,9.0957331e-08
17594,5,1.1018514e-07
17595,5,1.6854078e-07
17596,5,9.0104421e-08
17597,5,7.3064822e-08
17598,5,1.2183198e-07
17599,5,7.3107923e-08
17600,5,1.2322344e-07
17601,5,1.2269413e-07
17602,5,7.3068992e-08
17603,5,1.2443187e-07
17604,5,1.5226364e-07
17605,5,1.2234572e-07
17606,5,1.2967017e-07
17607,5,7.7659854e-08
17608,5,1.5186214e-07
17609,5,1.2247785e-07
17610,5,1.2964223e-07
17611,5,7.7910982e-08
17612,5,1.296847e-07
17613,5,1.2231605e-07
17614,5,1.5178851e-07
17615,5,7.7101476e-08
17616,5,1.2916952e-07
17617,5,1.2161505e-07
17618,5,7.0495265e-08
17619,5,1.1142655e-07
17620,5,7.047849e-08
17621,5,1.1204361e-07
17622,5,1.3084798e-07
17623,5,1.230595e-07
17624,5,1.2892385e-07
17625,5,1.5668346e-07
17626,5,1.3091078e-07
17627,5,1.2322465e-07
17628,5,1.2891669e-07
17629,5,1.562031e-07
17630,5,1.2872077e-07
17631,5,1.2323054e-07
17632,5,1.3058359e-07
17633,5,1.5587601e-07
17634,5,1.2876561e-07
17635,5,1.2346242e-07
17636,5,1.1286731e-07
17637,5,7.0002232e-08
17638,5,1.1357537e-07
17639,5,1.3529514e-07
17640,5,6.4143874e-08
17641,5,1.5785175e-07
17642,5,1.3524482e-07
17643,5,6.5165113e-08
17644,5,1.58358e-07
17645,5,1.5898368e-07
17646,5,6.5032196e-08
17647,5,1.2646075e-07
17648,5,1.5975633e-07
17649,5,6.638051e-08
17650,5,1.1277223e-07
17651,5,1.200589e-07
17652,5,1.233147e-07
17653,5,1.0539427e-07
17654,5,1.1307462e-07
17655,5,1.196499e-07
17656,5,1.2322257e-07
17657,5,1.0627536e-07
17658,5,1.2394766e-07
17659,5,1.2059399e-07
17660,5,1.1409774e-07
17661,5,1.0677014e-07
17662,5,1.2413576e-07
17663,5,1.2078219e-07
17664,5,1.276245e-07
17665,5,1.2648672e-07
17666,5,1.2894124e-07
17667,5,1.2514011e-07
17668,5,1.2761282e-07
17669,5,1.2649186e-07
17670,5,1.2894795e-07
17671,5,1.2527468e-07
17672,5,1.2910614e-07
17673,5,1.2662144e-07
17674,5,1.279344e-07
17675,5,1.2532075e-07
17676,5,1.2903669e-07
17677,5,1.2638312e-07
17678,5,1.289221e-07
17679,5,1.2517838e-07
17680,5,1.2771206e-07
17681,5,1.2632188e-07
17682,5,1.289347e-07
17683,5,1.2552396e-07
17684,5,1.2784304e-07
17685,5,1.26315e-07
17686,5,1.2777356e-07
17687,5,1.2541485e-07
17688,5,1.2898488e-07
17689,5,1.2637894e-07
17690,5,1.2773785e-07
17691,5,1.2525448e-07
17692,5,1.2354313e-07
17693,5,1.0447743e-07
17694,5,1.1255279e-07
17695,5,1.205303e-07
17696,5,1.2353628e-07
17697,5,1.0376538e-07
17698,5,1.1275586e-07
17699,5,1.2007317e-07
17700,5,1.126656e-07
17701,5,1.0494959e-07
17702,5,1.234026e-07
17703,5,1.2000297e-07
17704,5,1.1284488e-07
17705,5,1.0472849e-07
17706,5,1.577117e-07
17707,5,1.3349009e-07
17708,5,6.6069127e-08
17709,5,1.5982142e-07
17710,5,1.3289735e-07
17711,5,6.3732999e-08
17712,5,1.33268e-07
17713,5,1.5825022e-07
17714,5,6.5502514e-08
17715,5,1.3128806e-07
17716,5,1.1432868e-07
17717,5,7.0051854e-08
17718,5,1.1151452e-07
17719,5,7.0545463e-08
17720,5,1.2959201e-07
17721,5,1.5620061e-07
17722,5,1.3095304e-07
17723,5,1.2343923e-07
17724,5,1.2924725e-07
17725,5,1.5654466e-07
17726,5,1.3084695e-07
17727,5,1.238029e-07
17728,5,1.3062819e-07
17729,5,1.5576962e-07
17730,5,1.2897436e-07
17731,5,1.235929e-07
17732,5,1.3041203e-07
17733,5,1.5534299e-07
17734,5,7.0341893e-08
17735,5,1.1362614e-07
17736,5,6.9248001e-08
17737,5,1.295044e-07
17738,5,7.8965981e-08
17739,5,1.5235548e-07
17740,5,1.2194148e-07
17741,5,1.2907831e-07
17742,5,7.688064e-08
17743,5,1.5102809e-07
17744,5,1.2070606e-07
17745,5,1.5103049e-07
17746,5,7.647249e-08
17747,5,1.2901839e-07
17748,5,1.2204912e-07
17749,5,1.5044866e-07
17750,5,7.5600715e-08
17751,5,1.2018735e-07
17752,5,7.2875981e-08
17753,5,1.2421263e-07
17754,5,7.2851033e-08
17755,5,7.29694e-08
17756,5,1.2642368e-07
17757,5,7.3466519e-08
17758,5,1.7215761e-07
17759,5,1.1549289e-07
17760,5,8.616005e-08
17761,5,1.7040842e-07
17762,5,1.2023081e-07
17763,5,9.1609131e-08
17764,5,1.1440956e-07
17765,5,1.7012669e-07
17766,5,8.6771829e-08
17767,5,1.1893096e-07
17768,5,7.231039e-08
17769,5,7.1651076e-08
17770,5,1.2317405e-07
17771,5,8.3545366e-08
17772,5,1.3796499e-07
17773,5,1.3822619e-07
17774,5,1.2342782e-07
17775,5,8.4200621e-08
17776,5,1.3792787e-07
17777,5,1.3760051e-07
17778,5,1.3782713e-07
17779,5,8.4713162e-08
17780,5,1.2322573e-07
17781,5,1.3744787e-07
17782,5,1.3788876e-07
17783,5,8.3576092e-08
17784,5,7.1449627e-08
17785,5,7.2043343e-08
17786,5,7.1484029e-08
17787,5,1.7404794e-07
17788,5,9.0664963e-08
17789,5,1.1383706e-07
17790,5,1.690411e-07
17791,5,8.853766e-08
17792,5,1.1236902e-07
17793,5,9.433784e-08
17794,5,1.727217e-07
17795,5,1.1595578e-07
17796,5,9.073524e-08
17797,5,7.1622992e-08
17798,5,1.1933857e-07
17799,5,7.3317011e-08
17800,5,1.2338315e-07
17801,5,1.2962168e-07
17802,5,7.8862984e-08
17803,5,1.2159452e-07
17804,5,1.5165188e-07
17805,5,1.2950719e-07
17806,5,7.7139986e-08
17807,5,1.2173533e-07
17808,5,1.2959696e-07
17809,5,1.574888e-07
17810,5,1.2396146e-07
17811,5,1.3110006e-07
17812,5,1.2937907e-07
17813,5,1.5648194e-07
17814,5,1.2358621e-07
17815,5,1.3054547e-07
17816,5,1.2251581e-07
17817,5,1.5484066e-07
17818,5,1.2858701e-07
17819,5,1.3034192e-07
17820,5,1.2216018e-07
17821,5,1.5455869e-07
17822,5,1.5272908e-07
17823,5,1.2699854e-07
17824,5,7.7416395e-08
17825,5,1.3001546e-07
17826,5,1.5031784e-07
17827,5,1.2439104e-07
17828,5,7.5090317e-08
17829,5,7.2648548e-08
17830,5,1.2668115e-07
17831,5,7.267126e-08
17832,5,1.1245837e-07
17833,5,6.9684011e-08
17834,5,1.1212249e-07
17835,5,1.612866e-07
17836,5,6.6704153e-08
17837,5,1.3362768e-07
17838,5,1.5905585e-07
17839,5,6.6189248e-08
17840,5,1.2284855e-07
17841,5,1.0408423e-07
17842,5,1.1920286e-07
17843,5,1.1245981e-07
17844,5,1.2307832e-07
17845,5,1.0364825e-07
17846,5,1.1993049e-07
17847,5,1.2870086e-07
17848,5,1.2483719e-07
17849,5,1.2631051e-07
17850,5,1.273567e-07
17851,5,1.2865972e-07
17852,5,1.2486281e-07
17853,5,1.2616952e-07
17854,5,1.2742933e-07
17855,5,1.262108e-07
17856,5,1.2497217e-07
17857,5,1.2868823e-07
17858,5,1.2734603e-07
17859,5,1.2619773e-07
17860,5,1.247795e-07
17861,5,1.1312957e-07
17862,5,1.194135e-07
17863,5,1.0488683e-07
17864,5,1.2306287e-07
17865,5,1.1178092e-07
17866,5,1.2002551e-07
17867,5,1.0234097e-07
17868,5,1.3161655e-07
17869,5,6.6191705e-08
17870,5,1.5792306e-07
17871,5,1.3831232e-07
17872,5,6.4462142e-08
17873,5,6.7368198e-08
17874,5,1.0974132e-07
17875,5,6.8102577e-08
17876,5,6.9795901e-08
17877,5,1.138015e-07
17878,5,7.0602672e-08
17879,5,1.140893e-07
17880,5,6.5799979e-08
17881,5,1.3456867e-07
17882,5,1.5928134e-07
17883,5,6.6408066e-08
17884,5,1.3079362635077187e-07
17884,8,1.6775936492281267e-09
17885,5,1.517838719546357e-07
17885,8,7.729318045364303e-09
17886,5,1.2024251e-07
17887,5,1.1168603e-07
17888,5,1.2309811e-07
17889,5,1.0286609e-07
17890,5,1.2001208e-07
17891,5,1.1216073e-07
17892,5,1.2103035473754243e-07
17892,8,2.089875262457557e-09
17893,5,1.2626763e-07
17894,5,1.2737986e-07
17895,5,1.2870584e-07
17896,5,1.2490692e-07
17897,5,1.2594778095166005e-07
17897,8,1.9141904833994294e-10
17898,5,1.2465668493259785e-07
17898,8,2.72932506740216e-09
17899,5,1.257404505522696e-07
17899,8,2.920419447730407e-09
17900,5,1.2501301e-07
17901,5,1.2869649e-07
17902,5,1.274422e-07
17903,5,1.2583724487595844e-07
17903,8,1.7308512404157234e-10
17904,5,1.2489823e-07
17905,5,1.2570385762371725e-07
17905,8,2.9150923762827607e-09
17906,5,1.2465247426406445e-07
17906,8,2.7280857359355623e-09
17907,5,1.0365368e-07
17908,5,1.2303488e-07
17909,5,1.1248008e-07
17910,5,1.2002289e-07
17911,5,1.0299912e-07
17912,5,1.2103105943280363e-07
17912,8,2.045480567196392e-09
17913,5,1.1221314e-07
17914,5,1.5916369e-07
17915,5,1.3293519e-07
17916,5,6.7000694e-08
17917,5,1.5170269736998378e-07
17917,8,7.348262630016206e-09
17918,5,1.3497294412959896e-07
17918,8,1.4104858704010589e-09
17919,5,1.1290384e-07
17920,5,6.8283727e-08
17921,5,1.1239892e-07
17922,5,6.7923903e-08
17923,5,7.2930259e-08
17924,5,1.2578393e-07
17925,5,7.3013509e-08
17926,5,1.2569437874477387e-07
17926,8,1.4055412552261218e-09
17927,5,1.2136448e-07
17928,5,1.4983287e-07
17929,5,1.2837882e-07
17930,5,7.4868181e-08
17931,5,1.1913399e-07
17932,5,1.4500746310211348e-07
17932,8,4.740166897886523e-09
17933,5,1.2524285139082253e-07
17933,8,2.5652386091774776e-09
17934,5,1.2426581e-07
17935,5,1.3078391e-07
17936,5,1.2951371e-07
17937,5,1.514899084833881e-07
17937,8,5.583831516611904e-09
17938,5,1.2449581e-07
17939,5,1.277490247605986e-07
17939,8,3.243965239401405e-09
17940,5,1.2651155636037972e-07
17940,8,3.1047336396202864e-09
17941,5,1.5553084e-07
17942,5,1.2916061e-07
17943,5,1.3087339e-07
17944,5,1.2329093e-07
17945,5,1.4943347752903382e-07
17945,8,5.70022247096618e-09
17946,5,1.2602412984768488e-07
17946,8,3.1237801523151286e-09
17947,5,1.2728010614721403e-07
17947,8,3.465563852785951e-09
17948,5,7.6786298e-08
17949,5,1.3032014e-07
17950,5,1.5092226e-07
17951,5,1.2571177221677606e-07
17951,8,3.0423778322391184e-10
17952,5,7.6969594e-08
17953,5,1.2741393753923506e-07
17953,8,3.414612460764932e-09
17954,5,1.4660579633720849e-07
17954,8,5.465533662791503e-09
17955,5,1.2293575e-07
17956,5,7.2723041e-08
17957,5,1.2273854237638576e-07
17957,8,1.6058776236142362e-09
17958,5,7.4079194e-08
17959,5,7.0983517e-08
17960,5,7.126549e-08
17961,5,8.4743577e-08
17962,5,1.1981402e-07
17963,5,1.6760574e-07
17964,5,8.4610848e-08
17965,5,1.2518046e-07
17966,5,1.6164242389415412e-07
17966,8,1.0055966105845872e-08
17967,5,1.7508639e-07
17968,5,1.1641619e-07
17969,5,8.8461119e-08
17970,5,1.6208887015960673e-07
17970,8,1.0568929840393272e-08
17971,5,1.1805974e-07
17972,5,7.1800391e-08
17973,5,7.1786278e-08
17974,5,7.1968815e-08
17975,5,7.0745134e-08
17976,5,1.3821716e-07
17977,5,1.3777545e-07
17978,5,1.2335907e-07
17979,5,8.458681e-08
17980,5,1.3639786905306866e-07
17980,8,2.2528709469313446e-09
17981,5,1.3508994402185645e-07
17981,8,1.7123859781435354e-09
17982,5,1.2233985608594915e-07
17982,8,9.199439140508503e-10
17983,5,8.3568038e-08
17984,5,1.2287978e-07
17985,5,1.370154e-07
17986,5,1.3639523519291642e-07
17986,8,2.310944807083559e-09
17987,5,8.4612396e-08
17988,5,1.2208263926792855e-07
17988,8,9.712007320714756e-10
17989,5,1.3489723995767693e-07
17989,8,2.0496000423230464e-09
17990,5,7.1683188e-08
17991,5,7.1172118e-08
17992,5,1.1473022e-07
17993,5,9.2805285e-08
17994,5,1.7424253e-07
17995,5,1.1265384e-07
17996,5,9.4295448e-08
17997,5,1.639982342751166e-07
17997,8,1.0536065724883393e-08
17998,5,1.74438e-07
17999,5,9.5315704e-08
18000,5,1.1781742e-07
18001,5,1.6456279374053037e-07
18001,8,9.699926259469616e-09
18002,5,9.0541599e-08
18003,5,7.214834e-08
18004,5,1.2803925e-07
18005,5,7.197436e-08
18006,5,1.245905878155024e-07
18006,8,9.892621844976084e-10
18007,5,1.2440903e-07
18008,5,7.2343259e-08
18009,5,1.2581455286707116e-07
18009,8,1.8903671329288176e-09
18010,5,1.5004642e-07
18011,5,1.2443737e-07
18012,5,1.2980876e-07
18013,5,7.5546965e-08
18014,5,1.4441408464616596e-07
18014,8,6.04194535383406e-09
18015,5,1.2396037e-07
18016,5,1.263156670544018e-07
18016,8,3.3816529455982075e-09
18017,5,7.5743687e-08
18018,5,1.289029e-07
18019,5,1.2231346e-07
18020,5,1.4575807199469791e-07
18020,8,5.546778005302098e-09
18021,5,7.5655038e-08
18022,5,1.2577351160047105e-07
18022,8,3.0412483995289437e-09
18023,5,1.2121635e-07
18024,5,6.8455663e-08
18025,5,1.1019579e-07
18026,5,6.8227892e-08
18027,5,1.1015514e-07
18028,5,1.3028212e-07
18029,5,1.2218011e-07
18030,5,1.2852185e-07
18031,5,1.478341396882653e-07
18031,8,5.537120311734703e-09
18032,5,1.26521912748414e-07
18032,8,3.4275772515859946e-09
18033,5,1.2203271e-07
18034,5,1.2542470608470196e-07
18034,8,3.0463239152980097e-09
18035,5,1.550905e-07
18036,5,1.2878755e-07
18037,5,1.2354051e-07
18038,5,1.2705616711765e-07
18038,8,3.43107288234999e-09
18039,5,1.5025375249349107e-07
18039,8,5.836757506508922e-09
18040,5,1.257150151373009e-07
18040,8,3.0746748626990707e-09
18041,5,1.233239e-07
18042,5,1.1381041e-07
18043,5,7.0375552e-08
18044,5,1.1255635e-07
18045,5,1.3535888e-07
18046,5,6.5402111e-08
18047,5,1.5869867e-07
18048,5,1.3537768135693295e-07
18048,8,2.35606864306706e-09
18049,5,6.3506811e-08
18050,5,1.50518261179288e-07
18050,8,6.672768820712009e-09
18051,5,1.5947791e-07
18052,5,6.5287636e-08
18053,5,1.3144079376535413e-07
18053,8,1.5567362346458623e-09
18054,5,1.5243784590362126e-07
18054,8,7.728454096378766e-09
18055,5,6.5987971e-08
18056,5,1.131907e-07
18057,5,1.1887883e-07
18058,5,1.2302759e-07
18059,5,1.0666581e-07
18060,5,1.1324763e-07
18061,5,1.1906459e-07
18062,5,1.2101765549102727e-07
18062,8,2.0290445089727338e-09
18063,5,1.0455999e-07
18064,5,1.2401084e-07
18065,5,1.2112192e-07
18066,5,1.123496e-07
18067,5,1.02247e-07
18068,5,1.2155857200158384e-07
18068,8,2.1307279984161405e-09
18069,5,1.2093077e-07
18070,5,1.2754371e-07
18071,5,1.2645019e-07
18072,5,1.2891694e-07
18073,5,1.2506273094902489e-07
18073,8,1.911905097511241e-11
18074,5,1.248044506740089e-07
18074,8,2.749919325991099e-09
18075,5,1.2619224223761267e-07
18075,8,2.564577623873325e-10
18076,5,1.2595566454408197e-07
18076,8,2.9685854559180308e-09
18077,5,1.2522712e-07
18078,5,1.290331e-07
18079,5,1.2640293e-07
18080,5,1.25029159403335e-07
18080,8,2.773600596664983e-09
18081,5,1.252419513346629e-07
18081,8,2.428665337126576e-12
18082,5,1.2607663673458662e-07
18082,8,2.968663265413376e-09
18083,5,1.262637891527975e-07
18083,8,2.4819084720251085e-10
18084,5,1.2891257e-07
18085,5,1.2562049e-07
18086,5,1.2782953e-07
18087,5,1.261795545647998e-07
18087,8,2.3845543520018816e-10
18088,5,1.2598511836202236e-07
18088,8,2.972331637977648e-09
18089,5,1.2539925353577117e-07
18089,8,3.2106464228805066e-11
18090,5,1.2498206325406488e-07
18090,8,2.7882767459351274e-09
18091,5,1.2661298e-07
18092,5,1.2775266e-07
18093,5,1.2525739e-07
18094,5,1.2606507707642633e-07
18094,8,2.9561029235736646e-09
18095,5,1.262546330014569e-07
18095,8,2.3513699854309005e-10
18096,5,1.2500442970073275e-07
18096,8,2.744280299267244e-09
18097,5,1.2531160713423737e-07
18097,8,9.7528657626262e-12
18098,5,1.2323682e-07
18099,5,1.0452712e-07
18100,5,1.1277266e-07
18101,5,1.2000864e-07
18102,5,1.2117862380256743e-07
18102,8,2.113556197432579e-09
18103,5,1.0379169e-07
18104,5,1.1237648e-07
18105,5,1.2009119e-07
18106,5,1.1289944e-07
18107,5,1.0405493e-07
18108,5,1.2137340835062914e-07
18108,8,2.0465916493708735e-09
18109,5,1.203752e-07
18110,5,1.1267652e-07
18111,5,1.0437074e-07
18112,5,1.5895634e-07
18113,5,1.3389646e-07
18114,5,6.4908443e-08
18115,5,1.5115550077945472e-07
18115,8,7.324319220545297e-09
18116,5,1.330604591864198e-07
18116,8,1.6241708135802032e-09
18117,5,6.6712078e-08
18118,5,1.3162503e-07
18119,5,1.516157552614551e-07
18119,8,6.826074738544891e-09
18120,5,6.4859327e-08
18121,5,1.3324030542239353e-07
18121,8,2.194574577606483e-09
18122,5,1.120978e-07
18123,5,7.1738632e-08
18124,5,1.1343418e-07
18125,5,7.0945261e-08
18126,5,1.2928552e-07
18127,5,1.5699831e-07
18128,5,1.3095808e-07
18129,5,1.2418731e-07
18130,5,1.2634987185909226e-07
18130,8,3.0783281409077323e-09
18131,5,1.5187769429055293e-07
18131,8,5.566305709447065e-09
18132,5,1.277324797821782e-07
18132,8,3.3483002178218067e-09
18133,5,1.2332883e-07
18134,5,1.3041686e-07
18135,5,1.550521e-07
18136,5,1.260643779869389e-07
18136,8,3.0418220130611095e-09
18137,5,1.2347024e-07
18138,5,1.2736834340625874e-07
18138,8,3.3345765937412488e-09
18139,5,1.5035385768136083e-07
18139,8,5.471502318639149e-09
18140,5,6.9354619e-08
18141,5,1.1240232e-07
18142,5,6.9677172e-08
18143,5,1.2803412e-07
18144,5,7.6440438e-08
18145,5,1.5050652e-07
18146,5,1.2127026e-07
18147,5,1.2562336169753224e-07
18147,8,3.120018302467769e-09
18148,5,7.7714178e-08
18149,5,1.4524436750831231e-07
18149,8,5.830462491687703e-09
18150,5,1.2263092e-07
18151,5,1.5102024e-07
18152,5,7.678077e-08
18153,5,1.266612594599934e-07
18153,8,3.338880540006619e-09
18154,5,1.2338749e-07
18155,5,1.467185308006978e-07
18155,8,6.590919199302187e-09
18156,5,7.8341693e-08
18157,5,1.24303e-07
18158,5,7.3520409e-08
18159,5,1.209440257714621e-07
18159,8,1.1948442285378966e-09
18160,5,7.2438088e-08
18161,5,7.3889251e-08
18162,5,1.2228294101195763e-07
18162,8,1.1319989880423496e-09
18163,5,7.2684925e-08
18164,5,1.728389e-07
18165,5,1.213836e-07
18166,5,8.5712845e-08
18167,5,1.6115819991868685e-07
18167,8,9.423340081313153e-09
18168,5,1.223269533745368e-07
18168,8,8.727366254632147e-10
18169,5,8.6615136e-08
18170,5,1.2093205e-07
18171,5,1.6170614781177465e-07
18171,8,9.455472188225353e-09
18172,5,8.6705523e-08
18173,5,1.2152606e-07
18174,5,7.1377011e-08
18175,5,7.1376808e-08
18176,5,1.2368156e-07
18177,5,8.475319e-08
18178,5,1.383071e-07
18179,5,1.3601704195231473e-07
18179,8,2.3056880476852735e-09
18180,5,1.2257275599258093e-07
18180,8,1.0416640074190569e-09
18181,5,8.4966405e-08
18182,5,1.3572868095465284e-07
18182,8,2.278789045347154e-09
18183,5,1.3807858e-07
18184,5,1.3840457e-07
18185,5,8.3726834e-08
18186,5,1.226120650683373e-07
18186,8,1.1428649316626956e-09
18187,5,1.3556859581562256e-07
18187,8,2.286074184377452e-09
18188,5,1.3586528906150684e-07
18188,8,2.235530938493172e-09
18189,5,8.4277209e-08
18190,5,7.121632e-08
18191,5,7.1033209e-08
18192,5,7.1177056e-08
18193,5,1.7367504e-07
18194,5,8.8243379e-08
18195,5,1.1453345e-07
18196,5,1.6302503166932956e-07
18196,8,8.66587833067043e-09
18197,5,9.005226e-08
18198,5,1.2183957e-07
18199,5,8.7003199e-08
18200,5,1.626151057572575e-07
18200,8,9.976824242742498e-09
18201,5,1.2685485736529608e-07
18201,8,9.110426347039207e-10
18202,5,8.4760352e-08
18203,5,7.0721414e-08
18204,5,1.2381044e-07
18205,5,7.2798602e-08
18206,5,1.2210596879223167e-07
18206,8,1.7997212077683313e-09
18207,5,1.2968416e-07
18208,5,7.7355078e-08
18209,5,1.2267183e-07
18210,5,1.456217531033304e-07
18210,8,5.120076896669601e-09
18211,5,1.261428952891893e-07
18211,8,2.7217447108106976e-09
18212,5,7.6567571e-08
18213,5,1.2074539e-07
18214,5,1.2928128e-07
18215,5,1.5545398e-07
18216,5,1.2335621e-07
18217,5,1.277462799695892e-07
18217,8,3.3725900304107847e-09
18218,5,1.2639394254378093e-07
18218,8,3.0706374562190595e-09
18219,5,1.5112284899543558e-07
18219,8,5.795061004564416e-09
18220,5,1.237292e-07
18221,5,1.304611e-07
18222,5,1.2308845e-07
18223,5,1.552598e-07
18224,5,1.2614855969992205e-07
18224,8,3.056540300077948e-09
18225,5,1.274409563952472e-07
18225,8,3.2036236047527768e-09
18226,5,1.2378342e-07
18227,5,1.5038652620708742e-07
18227,8,5.384803792912595e-09
18228,5,1.5084398e-07
18229,5,1.2175769e-07
18230,5,7.6453928e-08
18231,5,1.2569196452327383e-07
18231,8,2.5067254767261707e-09
18232,5,1.4585185477015497e-07
18232,8,4.514285229845013e-09
18233,5,1.1964185e-07
18234,5,7.574163e-08
18235,5,7.1928133e-08
18236,5,1.2414642861683273e-07
18236,8,1.838551383167274e-09
18237,5,7.2540112e-08
18238,5,1.1193159e-07
18239,5,7.0265622e-08
18240,5,1.1185559e-07
18241,5,1.5687176e-07
18242,5,6.3702452e-08
18243,5,1.360289449295561e-07
18243,8,1.986095070443907e-09
18244,5,1.5142109178802593e-07
18244,8,6.468868211974078e-09
18245,5,6.4178503e-08
18246,5,1.2301426e-07
18247,5,1.0397628e-07
18248,5,1.199498e-07
18249,5,1.1224072e-07
18250,5,1.2092157622104773e-07
18250,8,1.980943778952276e-09
18251,5,1.0424995e-07
18252,5,1.1964038e-07
18253,5,1.2865245e-07
18254,5,1.248035e-07
18255,5,1.2615973e-07
18256,5,1.2450314300466006e-07
18256,8,2.6796769953399203e-09
18257,5,1.2573363974814973e-07
18257,8,2.9260702518502526e-09
18258,5,1.2449779e-07
18259,5,1.2601873045825863e-07
18259,8,2.2264954174138085e-10
18260,5,1.2734988e-07
18261,5,1.2636612e-07
18262,5,1.2475328e-07
18263,5,1.257844476093273e-07
18263,8,2.9504523906727038e-09
18264,5,1.2459229287749713e-07
18264,8,2.7413671225028736e-09
18265,5,1.2612318306481536e-07
18265,8,2.5522693518462604e-10
18266,5,1.2474909e-07
18267,5,1.1190417e-07
18268,5,1.2034647e-07
18269,5,1.0312106e-07
18270,5,1.209732971965464e-07
18270,8,2.077222803453579e-09
18271,5,1.1214308e-07
18272,5,1.1991591e-07
18273,5,1.0225302e-07
18274,5,1.3876385e-07
18275,5,6.380574e-08
18276,5,1.5254070658315893e-07
18276,8,8.122593416841075e-09
18277,5,1.32835830363384e-07
18277,8,1.343959636616025e-09
18278,5,6.7384972e-08
18279,5,6.9003959e-08
18280,5,1.1322691e-07
18281,5,6.9861232e-08
18282,8,7.1241368e-08
18283,8,1.1283095e-07
18284,8,7.0031943e-08
18285,8,1.1143115e-07
18286,8,6.4395291e-08
18287,5,9.76125082945389e-10
18287,8,1.356662049170546e-07
18288,5,7.145623187050603e-09
18288,8,1.503032268129494e-07
18289,8,6.3795475e-08
18290,8,1.3539984e-07
18291,8,1.5687987e-07
18292,8,1.2025509e-07
18293,8,1.122194e-07
18294,5,2.040626243008291e-09
18294,8,1.2116705375699173e-07
18295,8,1.0468045e-07
18296,8,1.2028476e-07
18297,8,1.1251237e-07
18298,8,1.2329599e-07
18299,5,1.87487012544718e-10
18299,8,1.2612002298745528e-07
18300,5,2.7110552642356477e-09
18300,8,1.2462402473576434e-07
18301,5,2.9114407757061114e-09
18301,8,1.257880592242939e-07
18302,8,1.2462137e-07
18303,8,1.2623854e-07
18304,8,1.2732967e-07
18305,8,1.2868657e-07
18306,8,1.2483571e-07
18307,5,2.9002489043384852e-09
18307,8,1.257474810956615e-07
18308,5,2.703015652200122e-09
18308,8,1.2463379434779988e-07
18309,8,1.2616121e-07
18310,8,1.2487052e-07
18311,8,1.2866592e-07
18312,8,1.2736497e-07
18313,8,1.0315136e-07
18314,5,2.029289472566368e-09
18314,8,1.2091129052743364e-07
18315,8,1.1226117e-07
18316,8,1.193822e-07
18317,8,1.0367159e-07
18318,8,1.229572e-07
18319,8,1.1235601e-07
18320,5,7.369300902033495e-09
18320,8,1.515115090979665e-07
18321,5,1.4516655000976028e-09
18321,8,1.342091344999024e-07
18322,8,6.4846269e-08
18323,8,1.5863347e-07
18324,8,1.381089e-07
18325,8,1.1121785e-07
18326,8,6.9841825e-08
18327,8,1.0967428e-07
18328,8,7.1132165e-08
18329,8,7.3376067e-08
18330,5,2.1766500937825966e-09
18330,8,1.2452787990621742e-07
18331,8,7.3217624e-08
18332,8,1.2147906e-07
18333,8,1.1940443e-07
18334,5,6.097973751188244e-09
18334,8,1.4493854624881177e-07
18335,5,3.1968008468636254e-09
18335,8,1.2510868915313635e-07
18336,8,7.7621381e-08
18337,8,1.2427654e-07
18338,8,1.5155341e-07
18339,8,1.3018406e-07
18340,8,1.2417004e-07
18341,5,3.653297758972005e-09
18341,8,1.27520472241028e-07
18342,5,3.2076681498982586e-09
18342,8,1.2636483185010175e-07
18343,8,1.5766457e-07
18344,8,1.2358945e-07
18345,8,1.3139159e-07
18346,8,1.2941219e-07
18347,5,4.969126874939934e-09
18347,8,1.5107808312506006e-07
18348,5,2.9904785500492555e-09
18348,8,1.2611962144995073e-07
18349,5,3.1663809460953186e-09
18349,8,1.2764040905390467e-07
18350,8,1.2298846e-07
18351,8,1.5702351e-07
18352,8,1.2918778e-07
18353,8,1.3095153e-07
18354,8,7.5713377e-08
18355,5,3.2416591165988397e-09
18355,8,1.2588973088340118e-07
18356,5,5.811830118754078e-09
18356,8,1.455982498812459e-07
18357,8,1.1883323e-07
18358,8,7.6017265e-08
18359,8,1.2790096e-07
18360,8,1.5065164e-07
18361,5,1.91351418570684e-09
18361,8,1.2489655581429315e-07
18362,8,7.4019936e-08
18363,8,1.2566883e-07
18364,8,7.3589259e-08
18365,8,7.0641723e-08
18366,8,7.1351254e-08
18367,8,8.8191941e-08
18368,8,1.1808037e-07
18369,5,9.238824360192925e-09
18369,8,1.623186956398071e-07
18370,8,9.1377022e-08
18371,8,1.1518025e-07
18372,8,1.7323337e-07
18373,5,9.676777853135022e-09
18373,8,1.6035763214686498e-07
18374,8,1.1480968e-07
18375,8,9.1138412e-08
18376,8,1.7412904e-07
18377,8,1.1479954e-07
18378,8,7.150501e-08
18379,8,7.1000768e-08
18380,8,7.0757223e-08
18381,8,7.1487713e-08
18382,5,2.468143761171533e-09
18382,8,1.3544487623882846e-07
18383,5,2.448723730195064e-09
18383,8,1.3493156626980492e-07
18384,5,1.2081569231216463e-09
18384,8,1.2199081307687833e-07
18385,8,8.2717136e-08
18386,8,1.3749032e-07
18387,8,1.3708365e-07
18388,8,1.2308033e-07
18389,8,8.3661668e-08
18390,5,1.0896514952023021e-09
18390,8,1.2190765850479771e-07
18391,5,2.265579525479256e-09
18391,8,1.3517485047452072e-07
18392,8,1.3787352e-07
18393,8,8.435266e-08
18394,8,1.2298194e-07
18395,8,1.3783061e-07
18396,8,7.1910206e-08
18397,8,7.1858025e-08
18398,8,1.1665185e-07
18399,8,9.118482e-08
18400,5,1.080392629776267e-08
18400,8,1.6224807370223734e-07
18401,8,1.2000407e-07
18402,8,8.9198009e-08
18403,8,1.7323678e-07
18404,5,1.0176462152979465e-08
18404,8,1.6273747784702053e-07
18405,8,8.9550211e-08
18406,8,1.1526747e-07
18407,8,1.7324788e-07
18408,8,9.1282576e-08
18409,8,7.2500252e-08
18410,5,7.688856788234648e-10
18410,8,1.2183225432117655e-07
18411,8,7.2530003e-08
18412,8,1.2401081e-07
18413,5,1.8247627221020751e-09
18413,8,1.237913272778979e-07
18414,8,7.2443914e-08
18415,8,1.2410888e-07
18416,5,5.672627792785582e-09
18416,8,1.4645325220721442e-07
18417,8,1.2305633e-07
18418,5,3.1086274486795164e-09
18418,8,1.2673634255132048e-07
18419,8,7.7535759e-08
18420,8,1.5244481e-07
18421,8,1.2298595e-07
18422,8,1.2986599e-07
18423,8,7.5223783e-08
18424,5,2.8291056476492e-09
18424,8,1.259322643523508e-07
18425,8,1.2185465e-07
18426,8,1.524684e-07
18427,8,7.7423122e-08
18428,8,1.2965861e-07
18429,8,1.2315142e-07
18430,8,6.9630029e-08
18431,8,1.1225544e-07
18432,8,6.9485876e-08
18433,8,1.1371623e-07
18434,5,3.241734409704095e-09
18434,8,1.273828855902959e-07
18435,8,1.2325383e-07
18436,5,2.9520185621132443e-09
18436,8,1.2602675143788675e-07
18437,8,1.5561653e-07
18438,8,1.3077985e-07
18439,8,1.2394294e-07
18440,8,1.2933567e-07
18441,5,5.102303449087203e-09
18441,8,1.503804665509128e-07
18442,5,2.8427550920639017e-09
18442,8,1.257844549079361e-07
18443,8,1.227385e-07
18444,8,1.3029328e-07
18445,8,1.5473107e-07
18446,8,1.2862301e-07
18447,8,1.2228011e-07
18448,8,1.1128584e-07
18449,8,6.9192641e-08
18450,8,1.0989494e-07
18451,5,2.4391386181789887e-09
18451,8,1.34838261381821e-07
18452,8,6.3064103e-08
18453,5,6.94513839515599e-09
18453,8,1.48983121604844e-07
18454,8,1.3709015e-07
18455,8,6.3237416e-08
18456,8,1.5654279e-07
18457,5,7.81317164921493e-09
18457,8,1.5246572835078507e-07
18458,8,6.7120313e-08
18459,8,1.3701229e-07
18460,8,1.5981933e-07
18461,8,6.6460771e-08
18462,8,1.1263159e-07
18463,8,1.1981826e-07
18464,5,2.056419038542866e-09
18464,8,1.2102984096145714e-07
18465,8,1.0512205e-07
18466,8,1.1250042e-07
18467,8,1.1903887e-07
18468,8,1.2281531e-07
18469,8,1.0267805e-07
18470,5,2.1302582369613455e-09
18470,8,1.2117332176303864e-07
18471,8,1.2005989e-07
18472,8,1.1172579e-07
18473,8,1.0136673e-07
18474,8,1.2301582e-07
18475,8,1.1961654e-07
18476,5,2.7561844887227875e-09
18476,8,1.248352755112772e-07
18477,5,2.6802308684098533e-10
18477,8,1.26238666913159e-07
18478,5,2.967038959071483e-09
18478,8,1.2598626104092852e-07
18479,8,1.2505031e-07
18480,8,1.2748503e-07
18481,8,1.2643302e-07
18482,8,1.2892255e-07
18483,8,1.2508172e-07
18484,5,2.989674931146586e-09
18484,8,1.2605570506885342e-07
18485,5,2.6752231199810655e-10
18485,8,1.264041876880019e-07
18486,8,1.2770614e-07
18487,8,1.2535866e-07
18488,8,1.2895169e-07
18489,8,1.2635607e-07
18490,5,2.9713162139870903e-09
18490,8,1.260335337860129e-07
18491,5,1.3485627369028724e-11
18491,8,1.2513325437263098e-07
18492,5,2.760811719602266e-09
18492,8,1.2494440828039772e-07
18493,8,1.2656899e-07
18494,8,1.2901027e-07
18495,8,1.251792e-07
18496,8,1.2770028e-07
18497,5,2.631904398784734e-10
18497,8,1.262282395601215e-07
18498,5,2.805461150284764e-09
18498,8,1.2481874884971522e-07
18499,5,9.154257069586738e-11
18499,8,1.2497286742930413e-07
18500,8,1.2899803e-07
18501,8,1.2654086e-07
18502,8,1.2769045e-07
18503,8,1.2541431e-07
18504,5,2.0582301111531714e-09
18504,8,1.2135859988884683e-07
18505,8,1.0233068e-07
18506,8,1.1185316e-07
18507,8,1.2076378e-07
18508,8,1.2337762e-07
18509,8,1.0238933e-07
18510,8,1.1187202e-07
18511,8,1.1949611e-07
18512,8,1.1265183e-07
18513,8,1.0570291e-07
18514,8,1.2293529e-07
18515,8,1.1926713e-07
18516,8,1.1216484e-07
18517,8,1.0392197e-07
18518,5,7.501289136729847e-09
18518,8,1.5106878086327016e-07
18519,5,1.7116028526917653e-09
18519,8,1.3322002714730823e-07
18520,8,6.5806051e-08
18521,8,1.5900112e-07
18522,8,1.3335939e-07
18523,8,6.2663393e-08
18524,5,2.2390683921256824e-09
18524,8,1.3601991160787432e-07
18525,8,1.5758175e-07
18526,8,6.3806538e-08
18527,8,1.3540532e-07
18528,8,1.1296683e-07
18529,8,7.0906501e-08
18530,8,1.1395548e-07
18531,8,6.9426041e-08
18532,5,3.0453603769566288e-09
18532,8,1.2627893962304338e-07
18533,5,5.2488239232792055e-09
18533,8,1.5145549607672078e-07
18534,5,3.2185934952934784e-09
18534,8,1.2754403650470653e-07
18535,8,1.2381453e-07
18536,8,1.2910582e-07
18537,8,1.5489948e-07
18538,8,1.3027314e-07
18539,8,1.2380005e-07
18540,5,3.352648952305439e-09
18540,8,1.2722831104769457e-07
18541,5,5.536975911519756e-09
18541,8,1.5026538408848023e-07
18542,8,1.2920346e-07
18543,8,1.2352913e-07
18544,8,1.3054843e-07
18545,8,1.5577314e-07
18546,8,6.9922819e-08
18547,8,1.1221447e-07
18548,8,7.0688565e-08
18549,5,2.984413185067638e-09
18549,8,1.2564409681493237e-07
18550,8,7.5741445e-08
18551,5,5.617729229561744e-09
18551,8,1.4469977077043825e-07
18552,8,1.2179328e-07
18553,8,1.2882344e-07
18554,8,7.5069254e-08
18555,8,1.4989975e-07
18556,8,1.2192231e-07
18557,5,5.252792059920378e-09
18557,8,1.4455810794007963e-07
18558,8,7.605119e-08
18559,8,1.285899e-07
18560,8,1.2043255e-07
18561,8,1.5075247e-07
18562,8,7.5651556e-08
18563,5,1.0619902593475763e-09
18563,8,1.2453938974065242e-07
18564,8,7.3034211e-08
18565,8,1.2696109e-07
18566,8,7.3682415e-08
18567,8,7.2865984e-08
18568,8,1.265046e-07
18569,8,7.3680503e-08
18570,5,1.0145249274802491e-08
18570,8,1.6176883072519752e-07
18571,5,1.191480339585676e-09
18571,8,1.2192118966041433e-07
18572,8,8.7464841e-08
18573,8,1.7056145e-07
18574,8,1.189627e-07
18575,8,8.7553227e-08
18576,5,3.4647339674685756e-10
18576,8,1.2133658660325314e-07
18577,8,1.7176232e-07
18578,8,8.9388167e-08
18579,8,1.1612582e-07
18580,8,7.0952094e-08
18581,8,7.2205107e-08
18582,5,1.1806204392781163e-09
18582,8,1.2230154956072187e-07
18583,8,8.4511304e-08
18584,5,2.3117572571191848e-09
18584,8,1.3576364274288082e-07
18585,8,1.3839494e-07
18586,8,1.2339679e-07
18587,8,8.389876e-08
18588,8,1.3752304e-07
18589,5,2.318911365414887e-09
18589,8,1.359785786345851e-07
18590,5,2.310188934199237e-09
18590,8,1.3572785106580075e-07
18591,8,8.414696e-08
18592,8,1.2346029e-07
18593,8,1.3819704e-07
18594,8,1.3728477e-07
18595,8,8.4307434e-08
18596,8,7.2138164e-08
18597,8,7.1355365e-08
18598,8,7.0963599e-08
18599,5,1.189518170476812e-08
18599,8,1.6363193829523188e-07
18600,8,9.3125673e-08
18601,8,1.1597702e-07
18602,8,1.7300239e-07
18603,8,8.9952371e-08
18604,5,4.5947607062625856e-10
18604,8,1.2243845392937374e-07
18605,8,8.4252921e-08
18606,8,1.7259202e-07
18607,8,1.1507781e-07
18608,8,9.0396246e-08
18609,8,7.0338881e-08
18610,5,2.5341236689376846e-09
18610,8,1.248107363310623e-07
18611,8,7.3028904e-08
18612,8,1.246344e-07
18613,5,3.111468587364571e-09
18613,8,1.2577599141263543e-07
18614,8,7.5222664e-08
18615,8,1.2065757e-07
18616,8,1.5304663e-07
18617,8,1.303212e-07
18618,8,7.7547629e-08
18619,8,1.2395603e-07
18620,5,3.1970620241278815e-09
18620,8,1.263944279758721e-07
18621,5,6.017099986106157e-09
18621,8,1.5094772001389385e-07
18622,8,1.2414725e-07
18623,8,1.310698e-07
18624,8,1.2943661e-07
18625,8,1.5594916e-07
18626,8,1.2370548e-07
18627,5,3.442967080408435e-09
18627,8,1.2768635291959157e-07
18628,8,1.2431208e-07
18629,5,5.707955450135832e-09
18629,8,1.5178736454986415e-07
18630,8,1.2962214e-07
18631,8,1.3119924e-07
18632,8,1.2438246e-07
18633,8,1.5680858e-07
18634,5,6.437761113023156e-09
18634,8,1.4303827888697684e-07
18635,8,1.2100919e-07
18636,8,7.4138339e-08
18637,8,1.2910427e-07
18638,8,1.5296398e-07
18639,8,1.2101959e-07
18640,8,7.7333402e-08
18641,8,7.3890704e-08
18642,8,1.2495979e-07
18643,8,7.4007197e-08
18644,8,1.1314017e-07
18645,8,6.8822893e-08
18646,8,1.1268381e-07
18647,5,7.460492232912694e-09
18647,8,1.501823977670873e-07
18648,8,6.5249924e-08
18649,8,1.366306e-07
18650,8,1.5899767e-07
18651,8,6.6608825e-08
18652,5,1.9978969649918944e-09
18652,8,1.208271530350081e-07
18653,8,1.0280293e-07
18654,8,1.198044e-07
18655,8,1.1154226e-07
18656,8,1.2278473e-07
18657,8,1.0175532e-07
18658,8,1.1984642e-07
18659,5,2.911342477134655e-09
18659,8,1.2576517752286533e-07
18660,8,1.2453179e-07
18661,5,2.236073524650821e-10
18661,8,1.260531326475349e-07
18662,8,1.272493e-07
18663,8,1.2873044e-07
18664,8,1.2477091e-07
18665,8,1.2643425e-07
18666,5,2.6551934680556427e-09
18666,8,1.2464385653194436e-07
18667,5,2.202056603960368e-10
18667,8,1.2616527433960397e-07
18668,8,1.2473485e-07
18669,8,1.2871538e-07
18670,8,1.2727989e-07
18671,8,1.2632131e-07
18672,8,1.2471743e-07
18673,8,1.1227399e-07
18674,8,1.1964036e-07
18675,8,1.0235182e-07
18676,8,1.2282316e-07
18677,8,1.1201429e-07
18678,8,1.1946278e-07
18679,8,1.037713e-07
18680,5,9.198457018550154e-10
18680,8,1.3010483429814498e-07
18681,8,6.8048612e-08
18682,8,1.5760765e-07
18683,8,1.3623912e-07
18684,8,6.3598256e-08
18685,8,7.0104797e-08
18686,8,1.1379271e-07
18687,8,7.0405698e-08
18688,8,6.8214327e-08
18689,8,1.129689e-07
18690,8,6.8533966e-08
18691,8,1.1207267e-07
18692,8,6.5064336e-08
18693,8,1.3312353e-07
18694,8,1.5873157e-07
18695,8,6.748873e-08
18696,8,1.3296311e-07
18697,8,1.6151387e-07
18698,8,1.1999294e-07
18699,8,1.1285426e-07
18700,8,1.2328483e-07
18701,8,1.0321096e-07
18702,8,1.1991629e-07
18703,8,1.1282778e-07
18704,8,1.2325856e-07
18705,8,1.2616359e-07
18706,8,1.2736993e-07
18707,8,1.2868598e-07
18708,8,1.2468104e-07
18709,8,1.2629531e-07
18710,8,1.2735386e-07
18711,8,1.2873044e-07
18712,8,1.2492265e-07
18713,8,1.2870272e-07
18714,8,1.2743609e-07
18715,8,1.2617525e-07
18716,8,1.2478166e-07
18717,8,1.2869773e-07
18718,8,1.2740443e-07
18719,8,1.0368128e-07
18720,8,1.2324153e-07
18721,8,1.1234344e-07
18722,8,1.2056098e-07
18723,8,1.0286034e-07
18724,8,1.2326962e-07
18725,8,1.1201399e-07
18726,8,1.5891526e-07
18727,8,1.3766374e-07
18728,8,6.497042e-08
18729,8,1.5795078e-07
18730,8,1.3471398e-07
18731,8,1.1183357e-07
18732,8,7.192607e-08
18733,8,1.1293726e-07
18734,8,7.1069305e-08
18735,8,7.2650666e-08
18736,8,1.224979e-07
18737,8,7.2669717e-08
18738,8,1.2363677e-07
18739,8,1.2424664e-07
18740,8,1.5329174e-07
18741,8,1.3063615e-07
18742,8,7.6369896e-08
18743,8,1.2331381e-07
18744,8,1.5064018e-07
18745,8,1.3014516e-07
18746,8,1.233522e-07
18747,8,1.3079632e-07
18748,8,1.2912905e-07
18749,8,1.5517394e-07
18750,8,1.2307457e-07
18751,8,1.3074915e-07
18752,8,1.2897443e-07
18753,8,1.5758864e-07
18754,8,1.2951896e-07
18755,8,1.310903e-07
18756,8,1.2439646e-07
18757,8,1.5804581e-07
18758,8,1.297107e-07
18759,8,1.313011e-07
18760,8,7.488446e-08
18761,8,1.2751201e-07
18762,8,1.5038797e-07
18763,8,1.1994383e-07
18764,8,7.5262587e-08
18765,8,1.2824663e-07
18766,8,1.5024341e-07
18767,8,1.2763606e-07
18768,8,7.3308583e-08
18769,8,1.2581583e-07
18770,8,7.2676088e-08
18771,8,7.1400066e-08
18772,8,7.0696829e-08
18773,8,8.9495479e-08
18774,8,1.1940607e-07
18775,8,1.7252815e-07
18776,8,8.4134398e-08
18777,8,1.2575464e-07
18778,8,1.7031085e-07
18779,8,1.7252388e-07
18780,8,1.1162986e-07
18781,8,9.2883931e-08
18782,8,1.7372081e-07
18783,8,1.125537e-07
18784,8,7.0823649e-08
18785,8,7.1856133e-08
18786,8,7.1428673e-08
18787,8,7.0670803e-08
18788,8,1.3835272e-07
18789,8,1.3747497e-07
18790,8,1.2342663e-07
18791,8,8.4569027e-08
18792,8,1.3865578e-07
18793,8,1.3711796e-07
18794,8,1.236046e-07
18795,8,8.4909237e-08
18796,8,1.2273275e-07
18797,8,1.3721828e-07
18798,8,1.3781967e-07
18799,8,8.3322944e-08
18800,8,1.2281154e-07
18801,8,1.3744068e-07
18802,8,7.0526821e-08
18803,8,7.2204057e-08
18804,8,1.1960862e-07
18805,8,8.8339719e-08
18806,8,1.7244294e-07
18807,8,1.1949265e-07
18808,8,8.6893781e-08
18809,8,1.7155276e-07
18810,8,1.73915e-07
18811,8,9.3269018e-08
18812,8,1.1635632e-07
18813,8,1.7501054e-07
18814,8,9.2105606e-08
18815,8,7.3050992e-08
18816,8,1.2348134e-07
18817,8,7.3820199e-08
18818,8,1.2262694e-07
18819,8,1.2119588e-07
18820,8,7.2477636e-08
18821,8,1.2399267e-07
18822,8,1.5109306e-07
18823,8,1.2141495e-07
18824,8,1.2926297e-07
18825,8,7.7201978e-08
18826,8,1.5084312e-07
18827,8,1.2329345e-07
18828,8,1.2976777e-07
18829,8,7.8448552e-08
18830,8,1.2899447e-07
18831,8,1.2051623e-07
18832,8,1.5155473e-07
18833,8,7.7112511e-08
18834,8,1.2885962e-07
18835,8,1.2042733e-07
18836,8,7.0267225e-08
18837,8,1.1295693e-07
18838,8,6.9058122e-08
18839,8,1.1408956e-07
18840,8,1.3083781e-07
18841,8,1.2390394e-07
18842,8,1.2941912e-07
18843,8,1.5511819e-07
18844,8,1.3061646e-07
18845,8,1.2408622e-07
18846,8,1.2945056e-07
18847,8,1.5588702e-07
18848,8,1.2899725e-07
18849,8,1.2300234e-07
18850,8,1.3070873e-07
18851,8,1.5576855e-07
18852,8,1.2956663e-07
18853,8,1.2464149e-07
18854,8,1.1060054e-07
18855,8,6.9730457e-08
18856,8,1.1527512e-07
18857,8,1.3689808e-07
18858,8,6.2836262e-08
18859,8,1.5646766e-07
18860,8,1.3691289e-07
18861,8,6.4328974e-08
18862,8,1.5789811e-07
18863,8,1.597887e-07
18864,8,6.5883044e-08
18865,8,1.3286605e-07
18866,8,1.586687e-07
18867,8,6.4966797e-08
18868,8,1.1256745e-07
18869,8,1.1904364e-07
18870,8,1.2278475e-07
18871,8,1.0231082e-07
18872,8,1.1158772e-07
18873,8,1.1994136e-07
18874,8,1.2290819e-07
18875,8,1.0228285e-07
18876,8,1.2312088e-07
18877,8,1.1995021e-07
18878,8,1.1253026e-07
18879,8,1.0442708e-07
18880,8,1.2335031e-07
18881,8,1.202351e-07
18882,8,1.2746213e-07
18883,8,1.2657621e-07
18884,8,1.2895179e-07
18885,8,1.2511241e-07
18886,8,1.2752536e-07
18887,8,1.2648781e-07
18888,8,1.2894124e-07
18889,8,1.2566758e-07
18890,8,1.2896867e-07
18891,8,1.2632942e-07
18892,8,1.2788632e-07
18893,8,1.2559527e-07
18894,8,1.2907544e-07
18895,8,1.2660316e-07
18896,8,1.2904931e-07
18897,8,1.2526228e-07
18898,8,1.2769755e-07
18899,8,1.2668604e-07
18900,8,1.2903752e-07
18901,8,1.2507983e-07
18902,8,1.2763949e-07
18903,8,1.2647543e-07
18904,8,1.2779162e-07
18905,8,1.2561728e-07
18906,8,1.2905466e-07
18907,8,1.2665054e-07
18908,8,1.2766775e-07
18909,8,1.2523773e-07
18910,8,1.2323439e-07
18911,8,1.0214629e-07
18912,8,1.1180829e-07
18913,8,1.1984026e-07
18914,8,1.2321844e-07
18915,8,1.0338781e-07
18916,8,1.1230675e-07
18917,8,1.206191e-07
18918,8,1.1143061e-07
18919,8,1.0205145e-07
18920,8,1.2307091e-07
18921,8,1.2055182e-07
18922,8,1.1113842e-07
18923,8,1.0155735e-07
18924,8,1.5878952e-07
18925,8,1.3594144e-07
18926,8,6.5589653e-08
18927,8,1.5842554e-07
18928,8,1.353487e-07
18929,8,6.5085194e-08
18930,8,1.3880651e-07
18931,8,1.5708074e-07
18932,8,6.4515583e-08
18933,8,1.3811894e-07
18934,8,1.1259083e-07
18935,8,6.8682538e-08
18936,8,1.1258259e-07
18937,8,6.952724e-08
18938,8,1.2893824e-07
18939,8,1.5484107e-07
18940,8,1.3035659e-07
18941,8,1.2337078e-07
18942,8,1.2890683e-07
18943,8,1.5559327e-07
18944,8,1.3052426e-07
18945,8,1.2353556e-07
18946,8,1.3042377e-07
18947,8,1.5429898e-07
18948,8,1.298404e-07
18949,8,1.2487477e-07
18950,8,1.3103406e-07
18951,8,1.5643575e-07
18952,8,6.8716075e-08
18953,8,1.1522696e-07
18954,8,6.9644522e-08
18955,8,1.2971017e-07
18956,8,7.641394e-08
18957,8,1.5153308e-07
18958,8,1.2202576e-07
18959,8,1.2918953e-07
18960,8,7.7125277e-08
18961,8,1.5079957e-07
18962,8,1.2242172e-07
18963,8,1.5212418e-07
18964,8,7.7070193e-08
18965,8,1.2942339e-07
18966,8,1.2258261e-07
18967,8,1.5109957e-07
18968,8,7.8123967e-08
18969,8,1.2539633e-07
18970,8,7.2566815e-08
18971,8,1.2288094e-07
18972,8,7.381094e-08
18973,8,7.432293e-08
18974,8,1.2029159e-07
18975,8,7.3153847e-08
18976,8,1.7221057e-07
18977,8,1.2703587e-07
18978,8,8.5510755e-08
18979,8,1.7136139e-07
18980,8,1.2406878e-07
18981,8,8.9752502e-08
18982,8,1.1621095e-07
18983,8,1.7067727e-07
18984,8,8.5875571e-08
18985,8,1.2079423e-07
18986,8,7.1822368e-08
18987,8,7.1201237e-08
18988,8,1.2326727e-07
18989,8,8.3543934e-08
18990,8,1.3720316e-07
18991,8,1.3686176e-07
18992,8,1.2304599e-07
18993,8,8.2004712e-08
18994,8,1.3750803e-07
18995,8,1.3759716e-07
18996,8,1.3838689e-07
18997,8,8.4763987e-08
18998,8,1.2384997e-07
18999,8,1.3778004e-07
19000,8,1.3873807e-07
19001,8,8.3621599e-08
19002,8,7.1152488e-08
19003,8,7.1471448e-08
19004,8,7.2424151e-08
19005,8,1.7205048e-07
19006,8,9.1594569e-08
19007,8,1.1564911e-07
19008,8,1.7425179e-07
19009,8,9.0586421e-08
19010,8,1.2124956e-07
19011,8,8.5967021e-08
19012,8,1.7139119e-07
19013,8,1.2932106e-07
19014,8,8.2689834e-08
19015,8,7.1633274e-08
19016,8,1.2546603e-07
19017,8,7.3644377e-08
19018,8,1.2513474e-07
19019,8,1.3016915e-07
19020,8,7.6540111e-08
19021,8,1.2367166e-07
19022,8,1.5106171e-07
19023,8,1.29782e-07
19024,8,7.6216534e-08
19025,8,1.231851e-07
19026,8,1.2918474e-07
19027,8,1.5577745e-07
19028,8,1.2301349e-07
19029,8,1.3094975e-07
19030,8,1.2916624e-07
19031,8,1.5617413e-07
19032,8,1.2317994e-07
19033,8,1.310593e-07
19034,8,1.236934e-07
19035,8,1.5688612e-07
19036,8,1.2898561e-07
19037,8,1.3055444e-07
19038,8,1.2283007e-07
19039,8,1.5522308e-07
19040,8,1.5188101e-07
19041,8,1.2135748e-07
19042,8,7.780927e-08
19043,8,1.2939433e-07
19044,8,1.5056606e-07
19045,8,1.2317039e-07
19046,8,7.5136265e-08
19047,8,7.3015155e-08
19048,8,1.2680648e-07
19049,8,7.3134924e-08
19050,8,1.1086787e-07
19051,8,6.9318745e-08
19052,8,1.1150902e-07
19053,8,1.5976632e-07
19054,8,6.655295e-08
19055,8,1.3625838e-07
19056,8,1.5999114e-07
19057,8,6.5963021e-08
19058,8,1.2271797e-07
19059,8,1.0215155e-07
19060,8,1.1948992e-07
19061,8,1.1164918e-07
19062,8,1.2283391e-07
19063,8,1.0169177e-07
19064,8,1.1997368e-07
19065,8,1.2869345e-07
19066,8,1.2458287e-07
19067,8,1.2636082e-07
19068,8,1.2721704e-07
19069,8,1.2865605e-07
19070,8,1.245695e-07
19071,8,1.2627937e-07
19072,8,1.2736328e-07
19073,8,1.2627643e-07
19074,8,1.2496348e-07
19075,8,1.2868864e-07
19076,8,1.273809e-07
19077,8,1.2619278e-07
19078,8,1.2500461e-07
19079,8,1.1192745e-07
19080,8,1.1977455e-07
19081,8,1.032487e-07
19082,8,1.2288453e-07
19083,8,1.1185806e-07
19084,8,1.1990132e-07
19085,8,1.0257385e-07
19086,8,1.3701229e-07
19087,8,6.4690172e-08
19088,8,1.59454e-07
19089,8,1.3509415e-07
19090,8,6.6197515e-08
19091,8,7.0701455e-08
19092,8,1.1072037e-07
19093,8,6.9013592e-08
19094,8,6.7785606e-08
19095,8,1.1340797e-07
19096,8,6.7671298e-08
19097,8,1.1385828e-07
19098,8,6.7606466e-08
19099,8,1.3079794e-07
19100,8,1.6144762e-07
19101,8,6.6105754e-08
19102,8,1.320722e-07
19103,8,1.595869e-07
19104,8,1.201222e-07
19105,8,1.1250116e-07
19106,8,1.2320979e-07
19107,8,1.0219423e-07
19108,8,1.19902e-07
19109,8,1.1209807e-07
19110,8,1.2303074e-07
19111,8,1.2640675e-07
19112,8,1.2735041e-07
19113,8,1.2877704e-07
19114,8,1.24827e-07
19115,8,1.2636408e-07
19116,8,1.2737699e-07
19117,8,1.2877705e-07
19118,8,1.2474188e-07
19119,8,1.2873466e-07
19120,8,1.2737583e-07
19121,8,1.2625976e-07
19122,8,1.2495916e-07
19123,8,1.2872807e-07
19124,8,1.2737506e-07
19125,8,1.0357912e-07
19126,8,1.2319093e-07
19127,8,1.1235996e-07
19128,8,1.1889985e-07
19129,8,1.0443495e-07
19130,8,1.2282455e-07
19131,8,1.1275388e-07
19132,8,1.5846781e-07
19133,8,1.3293287e-07
19134,8,6.6599178e-08
19135,8,1.593412e-07
19136,8,1.335565e-07
19137,8,1.1409709e-07
19138,8,7.011506e-08
19139,8,1.1214525e-07
19140,8,7.0719837e-08
19141,8,7.4192046e-08
19142,8,1.2314244e-07
19143,8,7.4514559e-08
19144,8,1.227934e-07
19145,8,1.2629967e-07
19146,8,1.5276601e-07
19147,8,1.3131648e-07
19148,8,7.7703062e-08
19149,8,1.2691656e-07
19150,8,1.5230756e-07
19151,8,1.3140069e-07
19152,8,1.2344951e-07
19153,8,1.3094329e-07
19154,8,1.291202e-07
19155,8,1.556171e-07
19156,8,1.238027e-07
19157,8,1.3101451e-07
19158,8,1.2930085e-07
19159,8,1.5701547e-07
19160,8,1.2967879e-07
19161,8,1.3117557e-07
19162,8,1.2374948e-07
19163,8,1.5701848e-07
19164,8,1.294208e-07
19165,8,1.3116298e-07
19166,8,7.774225e-08
19167,8,1.2919894e-07
19168,8,1.5156949e-07
19169,8,1.2005992e-07
19170,8,7.6832479e-08
19171,8,1.2875136e-07
19172,8,1.5124616e-07
19173,8,1.2198656e-07
19174,8,7.2805061e-08
19175,8,1.2344741e-07
19176,8,7.3254576e-08
19177,8,7.1046003e-08
19178,8,7.1555617e-08
19179,8,8.1548935e-08
19180,8,1.2776392e-07
19181,8,1.6930351e-07
19182,8,8.4005365e-08
19183,8,1.2372311e-07
19184,8,1.7051091e-07
19185,8,1.7416949e-07
19186,8,1.1376376e-07
19187,8,9.0721498e-08
19188,8,1.7301662e-07
19189,8,1.1444548e-07
19190,8,7.145877e-08
19191,8,7.1922698e-08
19192,8,7.0764797e-08
19193,8,7.1202967e-08
19194,8,1.3918908e-07
19195,8,1.3732779e-07
19196,8,1.2376533e-07
19197,8,8.3999771e-08
19198,8,1.3879003e-07
19199,8,1.3695477e-07
19200,8,1.2354079e-07
19201,8,8.3076979e-08
19202,8,1.2280108e-07
19203,8,1.3758263e-07
19204,8,1.3806996e-07
19205,8,8.3318786e-08
19206,8,1.2285832e-07
19207,8,1.3737082e-07
19208,8,7.2971153e-08
19209,8,7.2357608e-08
19210,8,1.1740311e-07
19211,8,8.9101147e-08
19212,8,1.7221192e-07
19213,8,1.1622037e-07
19214,8,9.1004946e-08
19215,8,1.7318873e-07
19216,8,1.7458623e-07
19217,8,9.1105879e-08
19218,8,1.1386705e-07
19219,8,1.7288754e-07
19220,8,9.2084277e-08
19221,8,7.3463547e-08
19222,8,1.2223671e-07
19223,8,7.2489869e-08
19224,8,1.2429603e-07
19225,8,1.2217073e-07
19226,8,7.2549044e-08
19227,8,1.2112223e-07
19228,8,1.5210186e-07
19229,8,1.2401658e-07
19230,8,1.3014967e-07
19231,8,7.6056066e-08
19232,8,1.5006819e-07
19233,8,1.2273556e-07
19234,8,1.2936936e-07
19235,8,7.7344978e-08
19236,8,1.2917791e-07
19237,8,1.2139251e-07
19238,8,1.5269016e-07
19239,8,7.8600154e-08
19240,8,1.2984231e-07
19241,8,1.2246864e-07
19242,8,6.8505202e-08
19243,8,1.1335473e-07
19244,8,6.9970793e-08
19245,8,1.1056162e-07
19246,8,1.30671e-07
19247,8,1.237867e-07
19248,8,1.2936331e-07
19249,8,1.5604546e-07
19250,8,1.307745e-07
19251,8,1.2307438e-07
19252,8,1.2919876e-07
19253,8,1.567011e-07
19254,8,1.2984647e-07
19255,8,1.2535287e-07
19256,8,1.30671e-07
19257,8,1.5509232e-07
19258,8,1.2942244e-07
19259,8,1.2408828e-07
19260,8,1.1682651e-07
19261,8,6.8977439e-08
19262,8,1.1401191e-07
19263,8,1.3829098e-07
19264,8,6.4722101e-08
19265,8,1.5845369e-07
19266,8,1.3912174e-07
19267,8,6.2947333e-08
19268,8,1.5617979e-07
19269,8,1.5589214e-07
19270,8,6.2139855e-08
19271,8,1.3731646e-07
19272,8,1.5698929e-07
19273,8,6.3705973e-08
19274,8,1.1164816e-07
19275,8,1.2015372e-07
19276,8,1.23001e-07
19277,8,1.0365847e-07
19278,8,1.1183929e-07
19279,8,1.2007093e-07
19280,8,1.2304228e-07
19281,8,1.0408835e-07
19282,8,1.2333912e-07
19283,8,1.2036291e-07
19284,8,1.1186604e-07
19285,8,1.0323125e-07
19286,8,1.235008e-07
19287,8,1.2088029e-07
19288,8,1.2754711e-07
19289,8,1.2647933e-07
19290,8,1.2892952e-07
19291,8,1.2507048e-07
19292,8,1.2753956e-07
19293,8,1.2644388e-07
19294,8,1.2891909e-07
19295,8,1.2546624e-07
19296,8,1.2907379e-07
19297,8,1.2658024e-07
19298,8,1.2780375e-07
19299,8,1.2531381e-07
19300,8,1.2903051e-07
19301,8,1.2651859e-07
19302,8,1.289745e-07
19303,8,1.2507085e-07
19304,8,1.2766832e-07
19305,8,1.2639198e-07
19306,8,1.289681e-07
19307,8,1.2526363e-07
19308,8,1.2778903e-07
19309,8,1.2674282e-07
19310,8,1.2757524e-07
19311,8,1.2499639e-07
19312,8,1.2893733e-07
19313,8,1.2637031e-07
19314,8,1.2760063e-07
19315,8,1.2510344e-07
19316,8,1.2343707e-07
19317,8,1.0395499e-07
19318,8,1.1307568e-07
19319,8,1.2008854e-07
19320,8,1.2374856e-07
19321,8,1.0520266e-07
19322,8,1.1390909e-07
19323,8,1.2017095e-07
19324,8,1.1153144e-07
19325,8,1.0217624e-07
19326,8,1.2314502e-07
19327,8,1.1985587e-07
19328,8,1.1234466e-07
19329,8,1.0389466e-07
19330,8,1.6058007e-07
19331,8,1.3107844e-07
19332,8,6.7840453e-08
19333,8,1.6154511e-07
19334,8,1.2695367e-07
19335,8,6.4566411e-08
19336,8,1.3459187e-07
19337,8,1.5905728e-07
19338,8,6.5248508e-08
19339,8,1.3518788e-07
19340,8,1.1366254e-07
19341,8,6.9608641e-08
19342,8,1.1234553e-07
19343,8,6.846812e-08
19344,8,1.2876513e-07
19345,8,1.5521877e-07
19346,8,1.3037224e-07
19347,8,1.2259679e-07
19348,8,1.2844519e-07
19349,8,1.5417952e-07
19350,8,1.3012948e-07
19351,8,1.2502381e-07
19352,8,1.3135748e-07
19353,8,1.5744593e-07
19354,8,1.2965926e-07
19355,8,1.2428551e-07
19356,8,1.3118462e-07
19357,8,1.5712638e-07
19358,8,7.140683e-08
19359,8,1.1329601e-07
19360,8,7.1029551e-08
19361,8,1.2934459e-07
19362,8,7.6810774e-08
19363,8,1.517482e-07
19364,8,1.2405639e-07
19365,8,1.3007743e-07
19366,8,7.644398e-08
19367,8,1.5164271e-07
19368,8,1.1997201e-07
19369,8,1.5155875e-07
19370,8,7.8739402e-08
19371,8,1.2908786e-07
19372,8,1.2144993e-07
19373,8,1.5118329e-07
19374,8,7.7439139e-08
19375,8,1.2533015e-07
19376,8,7.3258935e-08
19377,8,1.2567911e-07
19378,8,7.3208364e-08
19379,8,7.1394021e-08
19380,8,1.2270644e-07
19381,8,7.190375e-08
19382,8,1.7130038e-07
19383,8,1.2274992e-07
19384,8,8.9247211e-08
19385,8,1.7294871e-07
19386,8,1.179052e-07
19387,8,8.9860183e-08
19388,8,1.2089666e-07
19389,8,1.73039e-07
19390,8,8.9621298e-08
19391,8,1.1983709e-07
19392,8,7.1968571e-08
19393,8,7.2170162e-08
19394,8,1.2327222e-07
19395,8,8.3541518e-08
19396,8,1.3756407e-07
19397,8,1.3782984e-07
19398,8,1.2317965e-07
19399,8,8.3479585e-08
19400,8,1.379432e-07
19401,8,1.3718514e-07
19402,8,1.3830414e-07
19403,8,8.2518255e-08
19404,8,1.2337705e-07
19405,8,1.3780992e-07
19406,8,1.3743691e-07
19407,8,8.3500504e-08
19408,8,7.1617445e-08
19409,8,7.1350986e-08
19410,8,7.1779307e-08
19411,8,1.717333e-07
19412,8,8.8315146e-08
19413,8,1.1586567e-07
19414,8,1.7346356e-07
19415,8,9.0744389e-08
19416,8,1.2565221e-07
19417,8,8.4552979e-08
19418,8,1.7105405e-07
19419,8,1.1787383e-07
19420,8,8.8163917e-08
19421,8,7.0828894e-08
19422,8,1.2392378e-07
19423,8,7.2836374e-08
19424,8,1.2424543e-07
19425,8,1.2919523e-07
19426,8,7.6760393e-08
19427,8,1.2122715e-07
19428,8,1.5195756e-07
19429,8,1.3010069e-07
19430,8,7.6914152e-08
19431,8,1.2385689e-07
19432,8,1.2906549e-07
19433,8,1.555964e-07
19434,8,1.2308204e-07
19435,8,1.3081793e-07
19436,8,1.2899505e-07
19437,8,1.55644e-07
19438,8,1.2286346e-07
19439,8,1.3078076e-07
19440,8,1.230807e-07
19441,8,1.5624068e-07
19442,8,1.2908992e-07
19443,8,1.3108927e-07
19444,8,1.2347487e-07
19445,8,1.5713854e-07
19446,8,1.4912846e-07
19447,8,1.2308488e-07
19448,8,7.3663916e-08
19449,8,1.2961849e-07
19450,8,1.5136273e-07
19451,8,1.2298801e-07
19452,8,7.6682895e-08
19453,8,7.3583689e-08
19454,8,1.2465714e-07
19455,8,7.2802712e-08
19456,8,1.1141567e-07
19457,8,6.8781466e-08
19458,8,1.1108665e-07
19459,8,1.589355e-07
19460,8,6.5223967e-08
19461,8,1.3790585e-07
19462,8,1.5700504e-07
19463,8,6.3893285e-08
19464,8,1.2275438e-07
19465,8,1.0196077e-07
19466,8,1.1957008e-07
19467,8,1.1225901e-07
19468,8,1.2277301e-07
19469,8,1.0473709e-07
19470,8,1.1925613e-07
19471,8,1.2862691e-07
19472,8,1.2518823e-07
19473,8,1.2602809e-07
19474,8,1.2742447e-07
19475,8,1.286682e-07
19476,8,1.2522521e-07
19477,8,1.260686e-07
19478,8,1.2736395e-07
19479,8,1.2636199e-07
19480,8,1.2500872e-07
19481,8,1.2874737e-07
19482,8,1.2735783e-07
19483,8,1.263491e-07
19484,8,1.2489718e-07
19485,8,1.1136412e-07
19486,8,1.1952933e-07
19487,8,1.0149941e-07
19488,8,1.2286985e-07
19489,8,1.1232719e-07
19490,8,1.1941976e-07
19491,8,1.0267653e-07
19492,8,1.3669616e-07
19493,8,6.4898798e-08
19494,8,1.608604e-07
19495,8,1.3265333e-07
19496,8,6.7317806e-08
19497,8,6.943877e-08
19498,8,1.1233494e-07
19499,8,6.9771206e-08
19500,8,6.8955048e-08
19501,8,1.1416147e-07
19502,8,6.9250383e-08
19503,8,1.1506342e-07
19504,8,6.4629019e-08
19505,8,1.336161e-07
19506,8,1.5902785e-07
19507,8,6.5861425e-08
19508,8,1.3127288e-07
19509,8,1.5967555e-07
19510,8,1.1915823e-07
19511,8,1.1263005e-07
19512,8,1.2291202e-07
19513,8,1.0416957e-07
19514,8,1.1927033e-07
19515,8,1.1275999e-07
19516,8,1.2298991e-07
19517,8,1.2648069e-07
19518,8,1.2740252e-07
19519,8,1.2881668e-07
19520,8,1.2487177e-07
19521,8,1.2640871e-07
19522,8,1.2742406e-07
19523,8,1.2882442e-07
19524,8,1.2498301e-07
19525,8,1.2871745e-07
19526,8,1.2735641e-07
19527,8,1.2635862e-07
19528,8,1.2479488e-07
19529,8,1.2877823e-07
19530,8,1.2732019e-07
19531,8,1.0362242e-07
19532,8,1.2271007e-07
19533,8,1.1245619e-07
19534,8,1.1904715e-07
19535,8,1.0315916e-07
19536,8,1.2271836e-07
19537,8,1.1207525e-07
19538,8,1.5934524e-07
19539,8,1.3522893e-07
19540,8,6.5096759e-08
19541,8,1.5852684e-07
19542,8,1.371266e-07
19543,8,1.1115123e-07
19544,8,6.9411761e-08
19545,8,1.1229159e-07
19546,8,6.8021909e-08
19547,8,7.3862591e-08
19548,8,1.2634518e-07
19549,8,7.3608227e-08
19550,8,1.2830314e-07
19551,8,1.2218816e-07
19552,8,1.520593e-07
19553,8,1.2971618e-07
19554,8,7.4394294e-08
19555,8,1.2061414e-07
19556,8,1.5026995e-07
19557,8,1.2856439e-07
19558,8,1.2409605e-07
19559,8,1.3087185e-07
19560,8,1.2937945e-07
19561,8,1.5530417e-07
19562,8,1.2429519e-07
19563,8,1.3065892e-07
19564,8,1.2940681e-07
19565,8,1.5608897e-07
19566,8,1.2919272e-07
19567,8,1.3091236e-07
19568,8,1.2324718e-07
19569,8,1.5480779e-07
19570,8,1.2920761e-07
19571,8,1.3067653e-07
19572,8,7.643351e-08
19573,8,1.2938688e-07
19574,8,1.51719e-07
19575,8,1.2363827e-07
19576,8,7.6399024e-08
19577,8,1.300445e-07
19578,8,1.5133873e-07
19579,8,1.2543823e-07
19580,8,7.3465468e-08
19581,8,1.2436053e-07
19582,8,7.2654946e-08
19583,8,7.1655308e-08
19584,8,7.177031e-08
19585,8,8.4397658e-08
19586,8,1.2283694e-07
19587,8,1.7039936e-07
19588,8,8.7674513e-08
19589,8,1.1940499e-07
19590,8,1.7201758e-07
19591,8,1.741658e-07
19592,8,1.1459083e-07
19593,8,9.1076482e-08
19594,8,1.7307294e-07
19595,8,1.1475686e-07
19596,8,7.2812212e-08
19597,8,7.1877621e-08
19598,8,7.1858092e-08
19599,8,7.1450063e-08
19600,8,1.386915e-07
19601,8,1.3730279e-07
19602,8,1.2347662e-07
19603,8,8.3570741e-08
19604,8,1.386731e-07
19605,8,1.3713625e-07
19606,8,1.23306e-07
19607,8,8.3368501e-08
19608,8,1.2274854e-07
19609,8,1.3624456e-07
19610,8,1.3833678e-07
19611,8,8.4058812e-08
19612,8,1.2282932e-07
19613,8,1.3653427e-07
19614,8,7.0592437e-08
19615,8,7.1103039e-08
19616,8,1.157425e-07
19617,8,9.0893767e-08
19618,8,1.7319373e-07
19619,8,1.1980001e-07
19620,8,8.7092569e-08
19621,8,1.7142471e-07
19622,8,1.7382216e-07
19623,8,9.2625809e-08
19624,8,1.1511757e-07
19625,8,1.7277252e-07
19626,8,9.0610984e-08
19627,8,7.2873058e-08
19628,8,1.2802031e-07
19629,8,7.2518745e-08
19630,8,1.2392098e-07
19631,8,1.2372973e-07
19632,8,7.3019541e-08
19633,8,1.2366045e-07
19634,8,1.5132477e-07
19635,8,1.2131695e-07
19636,8,1.2904672e-07
19637,8,7.6762641e-08
19638,8,1.5106629e-07
19639,8,1.2097866e-07
19640,8,1.2901753e-07
19641,8,7.6492198e-08
19642,8,1.3021752e-07
19643,8,1.2508147e-07
19644,8,1.5052112e-07
19645,8,7.6476222e-08
19646,8,1.2910525e-07
19647,8,1.2163461e-07
19648,8,6.9956923e-08
19649,8,1.1176314e-07
19650,8,7.0704476e-08
19651,8,1.1456403e-07
19652,8,1.3068077e-07
19653,8,1.2342148e-07
19654,8,1.2929122e-07
19655,8,1.5669765e-07
19656,8,1.310565e-07
19657,8,1.2448468e-07
19658,8,1.2963443e-07
19659,8,1.5464031e-07
19660,8,1.2891759e-07
19661,8,1.2259928e-07
19662,8,1.3074675e-07
19663,8,1.5622181e-07
19664,8,1.289013e-07
19665,8,1.2279973e-07
19666,8,1.1038563e-07
19667,8,7.0216524e-08
19668,8,1.1067881e-07
19669,8,1.3718478e-07
19670,8,6.4791048e-08
19671,8,1.5865335e-07
19672,8,1.3540662e-07
19673,8,6.5072103e-08
19674,8,1.5820036e-07
19675,8,1.592986e-07
19676,8,6.528772e-08
19677,8,1.3447165e-07
19678,8,1.5832575e-07
19679,8,6.4747554e-08
19680,8,1.1230307e-07
19681,8,1.1981462e-07
19682,8,1.2306833e-07
19683,8,1.0406658e-07
19684,8,1.1228874e-07
19685,8,1.1983478e-07
19686,8,1.2306626e-07
19687,8,1.0333111e-07
19688,8,1.2354204e-07
19689,8,1.2058057e-07
19690,8,1.1283561e-07
19691,8,1.0473753e-07
19692,8,1.2368447e-07
19693,8,1.2081796e-07
19694,8,1.2753206e-07
19695,8,1.2645181e-07
19696,8,1.2893025e-07
19697,8,1.2491559e-07
19698,8,1.2751681e-07
19699,8,1.2662421e-07
19700,8,1.2899382e-07
19701,8,1.2536779e-07
19702,8,1.2899003e-07
19703,8,1.263961e-07
19704,8,1.2790096e-07
19705,8,1.2549741e-07
19706,8,1.2900915e-07
19707,8,1.2634717e-07
19708,8,1.2898084e-07
19709,8,1.251982e-07
19710,8,1.2780452e-07
19711,8,1.2649504e-07
19712,8,1.2902677e-07
19713,8,1.251225e-07
19714,8,1.2778201e-07
19715,8,1.2629203e-07
19716,8,1.2767702e-07
19717,8,1.2523386e-07
19718,8,1.2903175e-07
19719,8,1.2657192e-07
19720,8,1.277587e-07
19721,8,1.2519827e-07
19722,8,1.2385514e-07
19723,8,1.0620661e-07
19724,8,1.1406574e-07
19725,8,1.2050684e-07
19726,8,1.2378848e-07
19727,8,1.0568422e-07
19728,8,1.1327421e-07
19729,8,1.1996802e-07
19730,8,1.1238864e-07
19731,8,1.0338638e-07
19732,8,1.2355675e-07
19733,8,1.2086898e-07
19734,8,1.1225769e-07
19735,8,1.0284359e-07
19736,8,1.6044194e-07
19737,8,1.2831312e-07
19738,8,6.4149168e-08
19739,8,1.5728966e-07
19740,8,1.320011e-07
19741,8,6.5835163e-08
19742,8,1.3554054e-07
19743,8,1.597365e-07
19744,8,6.6838531e-08
19745,8,1.3656211e-07
19746,8,1.1239159e-07
19747,8,6.8375591e-08
19748,8,1.1455832e-07
19749,8,6.9349519e-08
19750,8,1.2860326e-07
19751,8,1.5423265e-07
19752,8,1.302997e-07
19753,8,1.2410338e-07
19754,8,1.2923018e-07
19755,8,1.5645015e-07
19756,8,1.3102227e-07
19757,8,1.2322181e-07
19758,8,1.3082915e-07
19759,8,1.5616777e-07
19760,8,1.2901557e-07
19761,8,1.2289855e-07
19762,8,1.3051408e-07
19763,8,1.551146e-07
19764,8,6.9954742e-08
19765,8,1.1102242e-07
19766,8,6.940798e-08
19767,8,1.3030571e-07
19768,8,7.6897833e-08
19769,8,1.5147197e-07
19770,8,1.2470453e-07
19771,8,1.3077448e-07
19772,8,7.8988012e-08
19773,8,1.5281514e-07
19774,8,1.2248347e-07
19775,8,1.508048e-07
19776,8,7.5613387e-08
19777,8,1.294537e-07
19778,8,1.2347765e-07
19779,8,1.5009731e-07
19780,8,7.4941926e-08
19781,8,1.2391603e-07
19782,8,7.372681e-08
19783,8,1.2041559e-07
19784,8,7.325673e-08
19785,8,7.2903019e-08
19786,8,1.2665059e-07
19787,8,7.2310543e-08
19788,8,1.7291964e-07
19789,8,1.1272023e-07
19790,8,8.8835043e-08
19791,8,1.7269316e-07
19792,8,1.1781509e-07
19793,8,8.7554864e-08
19794,8,1.2180156e-07
19795,8,1.7333927e-07
19796,8,9.1649816e-08
19797,8,1.145697e-07
19798,8,7.2641946e-08
19799,8,7.1750248e-08
19800,8,1.2293141e-07
19801,8,8.2720623e-08
19802,8,1.3746701e-07
19803,8,1.376238e-07
19804,8,1.2303024e-07
19805,8,8.3713385e-08
19806,8,1.3777402e-07
19807,8,1.3819735e-07
19808,8,1.377987e-07
19809,8,8.4344682e-08
19810,8,1.2298694e-07
19811,8,1.3719022e-07
19812,8,1.3774457e-07
19813,8,8.3503628e-08
19814,8,7.1529791e-08
19815,8,7.1944874e-08
19816,8,7.1725189e-08
19817,8,1.7253892e-07
19818,8,9.1047898e-08
19819,8,1.1482383e-07
19820,8,1.7373523e-07
19821,8,9.1456602e-08
19822,8,1.1733964e-07
19823,8,9.1306875e-08
19824,8,1.729308e-07
19825,8,1.1930436e-07
19826,8,8.8827159e-08
19827,8,7.1436349e-08
19828,8,1.2586288e-07
19829,8,7.3047598e-08
19830,8,1.2654683e-07
19831,8,1.3043774e-07
19832,8,7.5558824e-08
19833,8,1.2541179e-07
19834,8,1.5127563e-07
19835,8,1.3034477e-07
19836,8,7.5822914e-08
19837,8,1.2446218e-07
19838,8,1.2889268e-07
19839,8,1.5458179e-07
19840,8,1.22649e-07
19841,8,1.3051688e-07
19842,8,1.2898605e-07
19843,8,1.5446834e-07
19844,8,1.2306471e-07
19845,8,1.3045679e-07
19846,8,1.2329732e-07
19847,8,1.5429628e-07
19848,8,1.2922382e-07
19849,8,1.3088825e-07
19850,8,1.238712e-07
19851,8,1.5627877e-07
19852,8,1.5184992e-07
19853,8,1.2319516e-07
19854,8,7.6248216e-08
19855,8,1.2917698e-07
19856,8,1.4986722e-07
19857,8,1.2293685e-07
19858,8,7.4340308e-08
19859,8,7.2763036e-08
19860,8,1.2701888e-07
19861,8,7.25247e-08
19862,8,1.1108492e-07
19863,8,6.7534994e-08
19864,8,1.1265623e-07
19865,8,1.5849371e-07
19866,8,6.4721807e-08
19867,8,1.3670066e-07
19868,8,1.5890721e-07
19869,8,6.5703992e-08
19870,8,1.2285875e-07
19871,8,1.0353624e-07
19872,8,1.1963999e-07
19873,8,1.1194053e-07
19874,8,1.2286168e-07
19875,8,1.0253465e-07
19876,8,1.197114e-07
19877,8,1.2879507e-07
19878,8,1.2472843e-07
19879,8,1.2651489e-07
19880,8,1.2733865e-07
19881,8,1.2878098e-07
19882,8,1.2477294e-07
19883,8,1.2638888e-07
19884,8,1.2736134e-07
19885,8,1.265051e-07
19886,8,1.247643e-07
19887,8,1.288167e-07
19888,8,1.2744406e-07
19889,8,1.2637733e-07
19890,8,1.2481924e-07
19891,8,1.126218e-07
19892,8,1.1937489e-07
19893,8,1.0230476e-07
19894,8,1.2325974e-07
19895,8,1.1280086e-07
19896,8,1.2004362e-07
19897,8,1.034284e-07
19898,8,1.2834953e-07
19899,8,6.941965e-08
19900,8,1.6121337e-07
19901,8,1.2936893e-07
19902,8,6.7668645e-08
19903,8,6.8071388e-08
19904,8,1.1386476e-07
19905,8,6.9328273e-08
19906,8,6.9961402e-08
19907,8,1.1270529e-07
19908,8,7.135003e-08
19909,8,1.1186376e-07
19910,8,6.6857709e-08
19911,8,1.3246876e-07
19912,8,1.6086433e-07
19913,8,6.6147374e-08
19914,8,1.3468576e-07
19915,8,1.6074567e-07
19916,8,1.1997044e-07
19917,8,1.1254145e-07
19918,8,1.2319001e-07
19919,8,1.0315481e-07
19920,8,1.1972016e-07
19921,8,1.1261626e-07
19922,8,1.2316807e-07
19923,8,1.2635638e-07
19924,8,1.2754691e-07
19925,8,1.2888111e-07
19926,8,1.2519414e-07
19927,8,1.2649762e-07
19928,8,1.276503e-07
19929,8,1.2901272e-07
19930,8,1.2475612e-07
19931,8,1.2888301e-07
19932,8,1.2741806e-07
19933,8,1.2670603e-07
19934,8,1.2479732e-07
19935,8,1.290607e-07
19936,8,1.2759278e-07
19937,8,1.0320529e-07
19938,8,1.2305666e-07
19939,8,1.1218887e-07
19940,8,1.2080663e-07
19941,8,1.0293385e-07
19942,8,1.2351685e-07
19943,8,1.1235111e-07
19944,8,1.5889745e-07
19945,8,1.3885836e-07
19946,8,6.5686978e-08
19947,8,1.5927915e-07
19948,8,1.3457105e-07
19949,8,1.1113508e-07
19950,8,6.9272192e-08
19951,8,1.106816e-07
19952,8,7.0189948e-08
19953,8,7.3270077e-08
19954,8,1.2683155e-07
19955,8,7.3197191e-08
19956,8,1.2752532e-07
19957,8,1.2259044e-07
19958,8,1.5006625e-07
19959,8,1.2894793e-07
19960,8,7.4690846e-08
19961,8,1.1927269e-07
19962,8,1.4978301e-07
19963,8,1.2799791e-07
19964,8,1.2392624e-07
19965,8,1.310403e-07
19966,8,1.2948491e-07
19967,8,1.5735347e-07
19968,8,1.2392465e-07
19969,8,1.3119127e-07
19970,8,1.2965357e-07
19971,8,1.5636061e-07
19972,8,1.2935889e-07
19973,8,1.3116643e-07
19974,8,1.2319448e-07
19975,8,1.566984e-07
19976,8,1.2946374e-07
19977,8,1.3136897e-07
19978,8,7.7837277e-08
19979,8,1.3014474e-07
19980,8,1.5234944e-07
19981,8,1.2200703e-07
19982,8,7.6907056e-08
19983,8,1.2983214e-07
19984,8,1.5217826e-07
19985,8,1.2269658e-07
19986,8,7.318351e-08
19987,8,1.2533145e-07
19988,8,7.3858692e-08
19989,8,7.2009239e-08
19990,8,7.2184523e-08
19991,8,9.0629238e-08
19992,8,1.154693e-07
19993,8,1.7288155e-07
19994,8,9.1948206e-08
19995,8,1.1483031e-07
19996,8,1.747267e-07
19997,8,1.7530625e-07
19998,8,1.162983e-07
19999,8,9.0226332e-08
20000,8,1.7242579e-07
20001,8,1.1419363e-07
20002,8,7.1544218e-08
20003,8,7.2045355e-08
20004,8,7.218577e-08
20005,8,7.2256408e-08
20006,8,1.3795051e-07
20007,8,1.3700209e-07
20008,8,1.2298041e-07
20009,8,8.3093854e-08
20010,8,1.3800196e-07
20011,8,1.3686379e-07
20012,8,1.2285475e-07
20013,8,8.434159e-08
20014,8,1.2313749e-07
20015,8,1.3760909e-07
20016,8,1.3858963e-07
20017,8,8.392474e-08
20018,8,1.2318629e-07
20019,8,1.3734628e-07
20020,8,7.2362691e-08
20021,8,7.1813637e-08
20022,8,1.1520793e-07
20023,8,9.1039048e-08
20024,8,1.7329988e-07
20025,8,1.0673941e-07
20026,8,9.7257029e-08
20027,8,1.7541559e-07
20028,8,1.7315727e-07
20029,8,9.1839855e-08
20030,8,1.1546932e-07
20031,8,1.7390208e-07
20032,8,9.1520102e-08
20033,8,7.2652066e-08
20034,8,1.2193284e-07
20035,8,7.3326184e-08
20036,8,1.2432808e-07
20037,8,1.2500091e-07
20038,8,7.2596619e-08
20039,8,1.2486739e-07
20040,8,1.5254668e-07
20041,8,1.2261828e-07
20042,8,1.2989885e-07
20043,8,7.7840781e-08
20044,8,1.531086e-07
20045,8,1.2337908e-07
20046,8,1.3035204e-07
20047,8,7.6944569e-08
20048,8,1.2929461e-07
20049,8,1.2159417e-07
20050,8,1.5151992e-07
20051,8,7.6835395e-08
20052,8,1.30145e-07
20053,8,1.2448665e-07
20054,8,6.9844584e-08
20055,8,1.1327217e-07
20056,8,6.9797043e-08
20057,8,1.1266277e-07
20058,8,1.3104604e-07
20059,8,1.2403793e-07
20060,8,1.2959898e-07
20061,8,1.5617435e-07
20062,8,1.3118287e-07
20063,8,1.2375002e-07
20064,8,1.295397e-07
20065,8,1.5536072e-07
20066,8,1.2905216e-07
20067,8,1.2327129e-07
20068,8,1.3045474e-07
20069,8,1.5442798e-07
20070,8,1.2916348e-07
20071,8,1.2328174e-07
20072,8,1.1225944e-07
20073,8,6.8246184e-08
20074,8,1.1246247e-07
20075,8,1.357977e-07
20076,8,6.5025662e-08
20077,8,1.5798392e-07
20078,8,1.3359995e-07
20079,8,6.5683031e-08
20080,8,1.5861319e-07
20081,8,1.5855584e-07
20082,8,6.4148279e-08
20083,8,1.3699417e-07
20084,8,1.5845698e-07
20085,8,6.4662499e-08
20086,8,1.1187878e-07
20087,8,1.1969208e-07
20088,8,1.2305654e-07
20089,8,1.043546e-07
20090,8,1.1281953e-07
20091,8,1.2007988e-07
20092,8,1.2345837e-07
20093,8,1.0410285e-07
20094,8,1.2347621e-07
20095,8,1.2003097e-07
20096,8,1.1275226e-07
20097,8,1.041956e-07
20098,8,1.2349912e-07
20099,8,1.1985716e-07
20100,8,1.2757781e-07
20101,8,1.2657291e-07
20102,8,1.290351e-07
20103,8,1.252617e-07
20104,8,1.2779438e-07
20105,8,1.2660273e-07
20106,8,1.2912938e-07
20107,8,1.2539785e-07
20108,8,1.2908898e-07
20109,8,1.2650314e-07
20110,8,1.2794195e-07
20111,8,1.2542761e-07
20112,8,1.292058e-07
20113,8,1.266364e-07
20114,8,1.2905538e-07
20115,8,1.2523915e-07
20116,8,1.2783006e-07
20117,8,1.2657122e-07
20118,8,1.2911456e-07
20119,8,1.2521801e-07
20120,8,1.2778255e-07
20121,8,1.2644382e-07
20122,8,1.2783956e-07
20123,8,1.2532964e-07
20124,8,1.2918864e-07
20125,8,1.2660063e-07
20126,8,1.2790216e-07
20127,8,1.2535427e-07
20128,8,1.2375601e-07
20129,8,1.0596693e-07
20130,8,1.133294e-07
20131,8,1.2003871e-07
20132,8,1.2339637e-07
20133,8,1.0455058e-07
20134,8,1.1258402e-07
20135,8,1.2067005e-07
20136,8,1.1216462e-07
20137,8,1.0291911e-07
20138,8,1.2358235e-07
20139,8,1.2038662e-07
20140,8,1.127325e-07
20141,8,1.0602224e-07
20142,8,1.5840444e-07
20143,8,1.3193039e-07
20144,8,6.4153643e-08
20145,8,1.5666223e-07
20146,8,1.3216744e-07
20147,8,6.5778969e-08
20148,8,1.3395644e-07
20149,8,1.5591015e-07
20150,8,6.2122701e-08
20151,8,1.3850027e-07
20152,8,1.1611116e-07
20153,8,6.8847191e-08
20154,8,1.1314719e-07
20155,8,6.9456289e-08
20156,8,1.2943971e-07
20157,8,1.5491005e-07
20158,8,1.308238e-07
20159,8,1.237265e-07
20160,8,1.2939304e-07
20161,8,1.5580949e-07
20162,8,1.3103159e-07
20163,8,1.2345796e-07
20164,8,1.30703e-07
20165,8,1.5548782e-07
20166,8,1.2924175e-07
20167,8,1.2322028e-07
20168,8,1.3067954e-07
20169,8,1.5477695e-07
20170,8,6.9522612e-08
20171,8,1.1190602e-07
20172,8,6.877977e-08
20173,8,1.3017807e-07
20174,8,7.8219994e-08
20175,8,1.52309e-07
20176,8,1.2310846e-07
20177,8,1.2993257e-07
20178,8,7.5808443e-08
20179,8,1.5070508e-07
20180,8,1.2321904e-07
20181,8,1.5137939e-07
20182,8,7.627114e-08
20183,8,1.2992617e-07
20184,8,1.2357902e-07
20185,8,1.511687e-07
20186,8,7.5949418e-08
20187,8,1.2120042e-07
20188,8,7.3837482e-08
20189,8,1.2493762e-07
20190,8,7.3434412e-08
20191,8,7.2216985e-08
20192,8,1.264057e-07
20193,8,7.248357e-08
20194,8,1.7321753e-07
20195,8,1.1692912e-07
20196,8,9.0203102e-08
20197,8,1.7208249e-07
20198,8,1.1431426e-07
20199,8,9.1827553e-08
20200,8,1.1365928e-07
20201,8,1.7533044e-07
20202,8,9.1679061e-08
20203,8,1.175965e-07
20204,8,7.1395715e-08
20205,8,7.2525617e-08
20206,8,1.2310054e-07
20207,8,8.4446265e-08
20208,8,1.3768012e-07
20209,8,1.3832695e-07
20210,8,1.2307472e-07
20211,8,8.4304155e-08
20212,8,1.3728734e-07
20213,8,1.3718035e-07
20214,8,1.3722412e-07
20215,8,8.2378338e-08
20216,8,1.228031e-07
20217,8,1.3743126e-07
20218,8,1.3702569e-07
20219,8,8.3038365e-08
20220,8,7.2237321e-08
20221,8,7.1048198e-08
20222,8,7.0313038e-08
20223,8,1.7268352e-07
20224,8,8.9125139e-08
20225,8,1.1559062e-07
20226,8,1.7294508e-07
20227,8,9.0352848e-08
20228,8,1.1357391e-07
20229,8,9.2446493e-08
20230,8,1.7535318e-07
20231,8,1.0976061e-07
20232,8,9.5654608e-08
20233,8,7.1432439e-08
20234,8,1.2603076e-07
20235,8,7.3209528e-08
20236,8,1.2647559e-07
20237,8,1.3017182e-07
20238,8,7.6532259e-08
20239,8,1.2343356e-07
20240,8,1.5153379e-07
20241,8,1.2996526e-07
20242,8,7.5943899e-08
20243,8,1.234309e-07
20244,8,1.2904829e-07
20245,8,1.5450233e-07
20246,8,1.228198e-07
20247,8,1.3116359e-07
20248,8,1.2941833e-07
20249,8,1.5638003e-07
20250,8,1.233179e-07
20251,8,1.3102769e-07
20252,8,1.2407193e-07
20253,8,1.559447e-07
20254,8,1.2972643e-07
20255,8,1.3136195e-07
20256,8,1.2404498e-07
20257,8,1.562834e-07
20258,8,1.5061348e-07
20259,8,1.2127447e-07
20260,8,7.4947199e-08
20261,8,1.3097513e-07
20262,8,1.5165341e-07
20263,8,1.2580603e-07
20264,8,7.6345021e-08
20265,8,7.2796501e-08
20266,8,1.2508272e-07
20267,8,7.3087712e-08
20268,8,1.1122672e-07
20269,8,6.9520949e-08
20270,8,1.1141621e-07
20271,8,1.5897053e-07
20272,8,6.542477e-08
20273,8,1.3611102e-07
20274,8,1.5746812e-07
20275,8,6.5124826e-08
20276,8,1.2286279e-07
20277,8,1.0346334e-07
20278,8,1.1932213e-07
20279,8,1.1248062e-07
20280,8,1.2302608e-07
20281,8,1.043485e-07
20282,8,1.1937772e-07
20283,8,1.287862e-07
20284,8,1.2502649e-07
20285,8,1.2619507e-07
20286,8,1.2759183e-07
20287,8,1.2893121e-07
20288,8,1.2516059e-07
20289,8,1.264326e-07
20290,8,1.2751545e-07
20291,8,1.264511e-07
20292,8,1.2495983e-07
20293,8,1.2896277e-07
20294,8,1.2755239e-07
20295,8,1.2655995e-07
20296,8,1.2497739e-07
20297,8,1.1237615e-07
20298,8,1.2012426e-07
20299,8,1.0326557e-07
20300,8,1.2314269e-07
20301,8,1.1251157e-07
20302,8,1.1990685e-07
20303,8,1.0364876e-07
20304,8,1.3361609e-07
20305,8,6.460929e-08
20306,8,1.5982696e-07
20307,8,1.3579669e-07
20308,8,6.4932424e-08
20309,8,6.99592e-08
20310,8,1.1329335e-07
20311,8,6.8252187e-08
20312,8,7.144024e-08
20313,8,1.1326302e-07
20314,8,7.025693e-08
20315,8,1.1413151e-07
20316,8,6.612885e-08
20317,8,1.3459445e-07
20318,8,1.5953975e-07
20319,8,6.6858533e-08
20320,8,1.3478662e-07
20321,8,1.6120423e-07
20322,8,1.1944879e-07
20323,8,1.1275355e-07
20324,8,1.232584e-07
20325,8,1.0434081e-07
20326,8,1.2031295e-07
20327,8,1.1311558e-07
20328,8,1.2343604e-07
20329,8,1.2694286e-07
20330,8,1.2783466e-07
20331,8,1.293234e-07
20332,8,1.2575494e-07
20333,8,1.2743941e-07
20334,8,1.2786394e-07
20335,8,1.2936538e-07
20336,8,1.2528727e-07
20337,8,1.2932709e-07
20338,8,1.2795653e-07
20339,8,1.2740151e-07
20340,8,1.2601899e-07
20341,8,1.2940503e-07
20342,8,1.2804994e-07
20343,8,1.0408851e-07
20344,8,1.238592e-07
20345,8,1.1276752e-07
20346,8,1.2143426e-07
20347,8,1.0522459e-07
20348,8,1.237902e-07
20349,8,1.1253498e-07
20350,8,1.5962454e-07
20351,8,1.3628608e-07
20352,8,6.2511196e-08
20353,8,1.5658065e-07
20354,8,1.3745077e-07
20355,8,1.1268745e-07
20356,8,7.041104e-08
20357,8,1.1313397e-07
20358,8,6.8858778e-08
20359,8,7.4117705e-08
20360,8,1.2859148e-07
20361,8,7.386334e-08
20362,8,1.2679526e-07
20363,8,1.1844671e-07
20364,8,1.5115354e-07
20365,8,1.282374e-07
20366,8,7.7128703e-08
20367,8,1.2228821e-07
20368,8,1.5266402e-07
20369,8,1.2994931e-07
20370,8,1.2453797e-07
20371,8,1.3168297e-07
20372,8,1.3000677e-07
20373,8,1.5738764e-07
20374,8,1.2482201e-07
20375,8,1.316761e-07
20376,8,1.2994313e-07
20377,8,1.5690303e-07
20378,8,1.2986813e-07
20379,8,1.3164369e-07
20380,8,1.2437665e-07
20381,8,1.5711611e-07
20382,8,1.2987495e-07
20383,8,1.3174323e-07
20384,8,7.4972852e-08
20385,8,1.2985158e-07
20386,8,1.5192163e-07
20387,8,1.2707267e-07
20388,8,7.6013139e-08
20389,8,1.3136595e-07
20390,8,1.5148969e-07
20391,8,1.296457e-07
20392,8,7.3849755e-08
20393,8,1.2582989e-07
20394,8,7.3615883e-08
20395,8,7.2004026e-08
20396,8,7.166033e-08
20397,8,8.9897625e-08
20398,8,1.1514952e-07
20399,8,1.7270585e-07
20400,8,8.843353e-08
20401,8,1.2176652e-07
20402,8,1.7405487e-07
20403,8,1.734301e-07
20404,8,1.1239761e-07
20405,8,9.3837907e-08
20406,8,1.7497667e-07
20407,8,1.1179049e-07
20408,8,7.2090486e-08
20409,8,7.2457518e-08
20410,8,7.2019215e-08
20411,8,7.2414252e-08
20412,8,1.3887522e-07
20413,8,1.3769991e-07
20414,8,1.2336862e-07
20415,8,8.4655625e-08
20416,8,1.3928292e-07
20417,8,1.3843895e-07
20418,8,1.2361053e-07
20419,8,8.3270212e-08
20420,8,1.2327222e-07
20421,8,1.3793142e-07
20422,8,1.3874131e-07
20423,8,8.3828464e-08
20424,8,1.2327709e-07
20425,8,1.3809672e-07
20426,8,7.2063475e-08
20427,8,7.2326229e-08
20428,8,1.1230716e-07
20429,8,9.3022477e-08
20430,8,1.7402668e-07
20431,8,1.1856614e-07
20432,8,9.0456745e-08
20433,8,1.744969e-07
20434,8,1.7334517e-07
20435,8,8.8555846e-08
20436,8,1.1857934e-07
20437,8,1.7283567e-07
20438,8,8.9775823e-08
20439,8,7.3469208e-08
20440,8,1.280387e-07
20441,8,7.3473127e-08
20442,8,1.252347e-07
20443,8,1.2659945e-07
20444,8,7.4252658e-08
20445,8,1.2667301e-07
20446,8,1.4997615e-07
20447,8,1.2410536e-07
20448,8,1.3019083e-07
20449,8,7.7774328e-08
20450,8,1.5308188e-07
20451,8,1.2325166e-07
20452,8,1.3030896e-07
20453,8,7.5663899e-08
20454,8,1.2951012e-07
20455,8,1.2217394e-07
20456,8,1.5198892e-07
20457,8,7.675403e-08
20458,8,1.2916997e-07
20459,8,1.2121461e-07
20460,8,6.9352824e-08
20461,8,1.1269331e-07
20462,8,7.0395625e-08
20463,8,1.1293049e-07
20464,8,1.3135341e-07
20465,8,1.2384543e-07
20466,8,1.296855e-07
20467,8,1.5668458e-07
20468,8,1.3147189e-07
20469,8,1.2423159e-07
20470,8,1.2970052e-07
20471,8,1.5675536e-07
20472,8,1.2955277e-07
20473,8,1.2380359e-07
20474,8,1.3180263e-07
20475,8,1.5860462e-07
20476,8,1.2993641e-07
20477,8,1.2481585e-07
20478,8,1.1267986e-07
20479,8,7.1894676e-08
20480,8,1.1335318e-07
20481,8,1.3516209e-07
20482,8,6.4351466e-08
20483,8,1.5966093e-07
20484,8,1.3451275e-07
20485,8,6.4911992e-08
20486,8,1.5911935e-07
20487,8,1.6042611e-07
20488,8,6.6747268e-08
20489,8,1.3215812e-07
20490,8,1.6123961e-07
20491,8,6.7232458e-08
20492,8,1.1381476e-07
20493,8,1.2060103e-07
20494,8,1.2398749e-07
20495,8,1.0658919e-07
20496,8,1.1365604e-07
20497,8,1.2133062e-07
20498,8,1.2403929e-07
20499,8,1.0548702e-07
20500,8,1.2403047e-07
20501,8,1.2064493e-07
20502,8,1.1345808e-07
20503,8,1.0487544e-07
20504,8,1.2401229e-07
20505,8,1.2127888e-07
20506,8,1.2810043e-07
20507,8,1.2677888e-07
20508,8,1.293808e-07
20509,8,1.2598027e-07
20510,8,1.2815763e-07
20511,8,1.2749837e-07
20512,8,1.2949957e-07
20513,8,1.2572612e-07
20514,8,1.2948894e-07
20515,8,1.2685794e-07
20516,8,1.2830764e-07
20517,8,1.2629873e-07
20518,8,1.2957334e-07
20519,8,1.2747764e-07
20520,8,1.2934746e-07
20521,8,1.2537985e-07
20522,8,1.2794715e-07
20523,8,1.2734922e-07
20524,8,1.2943199e-07
20525,8,1.2618085e-07
20526,8,1.2805677e-07
20527,8,1.2703633e-07
20528,8,1.2813208e-07
20529,8,1.2548398e-07
20530,8,1.2957724e-07
20531,8,1.2762769e-07
20532,8,1.2814192e-07
20533,8,1.2607212e-07
20534,8,1.2336181e-07
20535,8,1.0387e-07
20536,8,1.1254455e-07
20537,8,1.207259e-07
20538,8,1.2334366e-07
20539,8,1.017439e-07
20540,8,1.1186792e-07
20541,8,1.2110785e-07
20542,8,1.125683e-07
20543,8,1.0443163e-07
20544,8,1.2373424e-07
20545,8,1.2136681e-07
20546,8,1.1240313e-07
20547,8,1.0369682e-07
20548,8,1.5926957e-07
20549,8,1.4038044e-07
20550,8,6.7045443e-08
20551,8,1.6028399e-07
20552,8,1.3885022e-07
20553,8,6.3042988e-08
20554,8,1.4238573e-07
20555,8,1.5883664e-07
20556,8,6.5896606e-08
20557,8,1.3836161e-07
20558,8,1.1137827e-07
20559,8,6.799112e-08
20560,8,1.1218079e-07
20561,8,6.921007e-08
20562,8,1.2955901e-07
20563,8,1.5508946e-07
20564,8,1.3103405e-07
20565,8,1.2398555e-07
20566,8,1.2976779e-07
20567,8,1.5535496e-07
20568,8,1.3116089e-07
20569,8,1.233738e-07
20570,8,1.3112706e-07
20571,8,1.556306e-07
20572,8,1.2961084e-07
20573,8,1.236823e-07
20574,8,1.315393e-07
20575,8,1.5731884e-07
20576,8,6.8924648e-08
20577,8,1.1120539e-07
20578,8,7.0379139e-08
20579,8,1.3136164e-07
20580,8,7.5741967e-08
20581,8,1.5173728e-07
20582,8,1.2455053e-07
20583,8,1.3074102e-07
20584,8,7.733753e-08
20585,8,1.533383e-07
20586,8,1.2486096e-07
20587,8,1.5157064e-07
20588,8,7.5155337e-08
20589,8,1.3065751e-07
20590,8,1.2416909e-07
20591,8,1.5221362e-07
20592,8,7.7101003e-08
20593,8,1.267672e-07
20594,8,7.3754981e-08
20595,8,1.2760812e-07
20596,8,7.407562e-08
20597,8,7.3132202e-08
20598,8,1.2704438e-07
20599,8,7.3558825e-08
20600,8,1.7492687e-07
20601,8,1.1229997e-07
20602,8,9.2900258e-08
20603,8,1.7609361e-07
20604,8,1.1546111e-07
20605,8,8.9564852e-08
20606,8,1.1750077e-07
20607,8,1.7486233e-07
20608,8,9.3397879e-08
20609,8,1.1361768e-07
20610,8,7.269503e-08
20611,8,7.271151e-08
20612,8,1.230956e-07
20613,8,8.3640446e-08
20614,8,1.3770583e-07
20615,8,1.3809945e-07
20616,8,1.2301726e-07
20617,8,8.3579858e-08
20618,8,1.3842908e-07
20619,8,1.3775836e-07
20620,8,1.3789384e-07
20621,8,8.3601051e-08
20622,8,1.2349452e-07
20623,8,1.3871907e-07
20624,8,1.3832162e-07
20625,8,8.3738004e-08
20626,8,7.3105977e-08
20627,8,7.164004e-08
20628,8,7.2380325e-08
20629,8,1.7501197e-07
20630,8,9.2309706e-08
20631,8,1.1762195e-07
20632,8,1.7277719e-07
20633,8,8.9200764e-08
20634,8,1.2060145e-07
20635,8,8.7912355e-08
20636,8,1.7283388e-07
20637,8,1.2558635e-07
20638,8,8.5555076e-08
20639,8,7.1457784e-08
20640,8,1.2624803e-07
20641,8,7.4731226e-08
20642,8,1.2617551e-07
20643,8,1.2928315e-07
20644,8,7.6773212e-08
20645,8,1.2019952e-07
20646,8,1.5177815e-07
20647,8,1.294427e-07
20648,8,7.6581178e-08
20649,8,1.2129019e-07
20650,8,1.2992607e-07
20651,8,1.5689587e-07
20652,8,1.2429455e-07
20653,8,1.3186445e-07
20654,8,1.3015399e-07
20655,8,1.5808593e-07
20656,8,1.2513914e-07
20657,8,1.3176857e-07
20658,8,1.2402477e-07
20659,8,1.5645747e-07
20660,8,1.3010224e-07
20661,8,1.3224085e-07
20662,8,1.2437229e-07
20663,8,1.5845548e-07
20664,8,1.533295e-07
20665,8,1.2614558e-07
20666,8,7.8078542e-08
20667,8,1.3123476e-07
20668,8,1.5259266e-07
20669,8,1.243747e-07
20670,8,7.8012977e-08
20671,8,7.3629053e-08
20672,8,1.2343512e-07
20673,8,7.4426333e-08
20674,8,1.1335213e-07
20675,8,7.1341481e-08
20676,8,1.1442696e-07
20677,8,1.5911011e-07
20678,8,6.5894492e-08
20679,8,1.3346105e-07
20680,8,1.6177473e-07
20681,8,6.6485674e-08
20682,8,1.2345698e-07
20683,8,1.0455777e-07
20684,8,1.1993947e-07
20685,8,1.1360217e-07
20686,8,1.2356691e-07
20687,8,1.0542358e-07
20688,8,1.2041144e-07
20689,8,1.2921278e-07
20690,8,1.2539097e-07
20691,8,1.2675703e-07
20692,8,1.2797209e-07
20693,8,1.2922674e-07
20694,8,1.2607468e-07
20695,8,1.2717625e-07
20696,8,1.2775854e-07
20697,8,1.2669749e-07
20698,8,1.2534044e-07
20699,8,1.2916049e-07
20700,8,1.2773431e-07
20701,8,1.2710894e-07
20702,8,1.2579368e-07
20703,8,1.1252212e-07
20704,8,1.1936649e-07
20705,8,1.0492438e-07
20706,8,1.2313673e-07
20707,8,1.1245989e-07
20708,8,1.1999715e-07
20709,8,1.0364347e-07
20710,8,1.3510816e-07
20711,8,6.3533365e-08
20712,8,1.5987251e-07
20713,8,1.3831133e-07
20714,8,6.6297625e-08
20715,8,6.8880698e-08
20716,8,1.1161348e-07
20717,8,7.1158928e-08
20718,8,6.9147424e-08
20719,8,1.1514893e-07
20720,8,6.959981e-08
20721,8,1.146644e-07
20722,8,6.6807853e-08
20723,8,1.349077e-07
20724,8,1.606825e-07
20725,8,6.8926861e-08
20726,8,1.3591987e-07
20727,8,1.5709088e-07
20728,8,1.2170202e-07
20729,8,1.1243938e-07
20730,8,1.2257608e-07
20731,8,1.0532077e-07
20732,8,1.2186057e-07
20733,8,1.1007663e-07
20734,8,1.1446146e-07
20735,8,1.2817906e-07
20736,8,1.265982e-07
20737,8,1.2810653e-07
20738,8,1.2692535e-07
20739,8,1.2863265e-07
20740,8,1.1861819e-07
20741,8,1.2038909e-07
20742,8,1.2683213e-07
20743,8,1.2819769e-07
20744,8,1.2676181e-07
20745,8,1.2882684e-07
20746,8,1.2734149e-07
20747,8,1.2047298e-07
20748,8,1.1881147e-07
20749,8,1.0585196e-07
20750,8,1.2275592e-07
20751,8,1.1199982e-07
20752,8,1.2243412e-07
20753,8,1.0449413e-07
20754,8,1.1457876e-07
20755,8,1.0941635e-07
20756,8,1.5900201e-07
20757,8,1.3872555e-07
20758,8,6.9013065e-08
20759,8,1.5467735e-07
20760,8,1.3622417e-07
20761,8,1.1404524e-07
20762,8,6.9130529e-08
20763,8,1.144901e-07
20764,8,7.1201036e-08
20765,8,7.378774e-08
20766,8,1.268617e-07
20767,8,7.5116606e-08
20768,8,1.1929227e-07
20769,8,1.2716272e-07
20770,8,1.5263904e-07
20771,8,1.3076227e-07
20772,8,8.0014082e-08
20773,8,1.2772365e-07
20774,8,1.5307821e-07
20775,8,1.2423695e-07
20776,8,1.2517921e-07
20777,8,1.3049702e-07
20778,8,1.2853853e-07
20779,8,1.58339e-07
20780,8,1.2523995e-07
20781,8,1.2373969e-07
20782,8,1.2136025e-07
20783,8,1.5782764e-07
20784,8,1.285441e-07
20785,8,1.3057641e-07
20786,8,1.2531295e-07
20787,8,1.5867841e-07
20788,8,1.2144212e-07
20789,8,1.2371364e-07
20790,8,7.6414053e-08
20791,8,1.3117602e-07
20792,8,1.5127901e-07
20793,8,1.2477395e-07
20794,8,7.7647253e-08
20795,8,1.2292303e-07
20796,8,1.5153917e-07
20797,8,1.266284e-07
20798,8,7.4027113e-08
20799,8,1.2219336e-07
20800,8,7.5155573e-08
20801,8,7.2413266e-08
20802,8,7.285651e-08
20803,8,9.0703014e-08
20804,8,1.1989333e-07
20805,8,1.7355617e-07
20806,8,9.1675635e-08
20807,8,1.2072556e-07
20808,8,1.6903428e-07
20809,8,1.7763261e-07
20810,8,1.1673482e-07
20811,8,9.2133525e-08
20812,8,1.6880918e-07
20813,8,1.1918034e-07
20814,8,7.3568586e-08
20815,8,7.2680539e-08
20816,8,7.2852649e-08
20817,8,7.2820013e-08
20818,8,1.3980485e-07
20819,8,1.38915e-07
20820,8,1.2294455e-07
20821,8,8.4437688e-08
20822,8,1.388126e-07
20823,8,1.3733821e-07
20824,8,1.1595953e-07
20825,8,8.4849066e-08
20826,8,1.2284103e-07
20827,8,1.3854289e-07
20828,8,1.3903847e-07
20829,8,8.5694545e-08
20830,8,1.1620538e-07
20831,8,1.3806054e-07
20832,8,7.2152237e-08
20833,8,7.2734167e-08
20834,8,1.1887868e-07
20835,8,9.192222e-08
20836,8,1.7476832e-07
20837,8,1.1702759e-07
20838,8,9.4699766e-08
20839,8,1.7026298e-07
20840,8,1.7469114e-07
20841,8,8.9141442e-08
20842,8,1.1971859e-07
20843,8,1.6891061e-07
20844,8,9.1202381e-08
20845,8,7.4171771e-08
20846,8,1.2262243e-07
20847,8,7.4929157e-08
20848,8,1.213623e-07
20849,8,1.2848699e-07
20850,8,7.5929166e-08
20851,8,1.2487461e-07
20852,8,1.5289512e-07
20853,8,1.2268467e-07
20854,8,1.2941234e-07
20855,8,7.8929182e-08
20856,8,1.5217148e-07
20857,8,1.2641132e-07
20858,8,1.2358959e-07
20859,8,7.7802955e-08
20860,8,1.2821332e-07
20861,8,1.2087168e-07
20862,8,1.4999904e-07
20863,8,7.6939148e-08
20864,8,1.2075579e-07
20865,8,1.1937774e-07
20866,8,7.2592608e-08
20867,8,1.1509942e-07
20868,8,7.1777297e-08
20869,8,1.1455153e-07
20870,8,1.3082669e-07
20871,8,1.2557398e-07
20872,8,1.2866984e-07
20873,8,1.5957724e-07
20874,8,1.2381442e-07
20875,8,1.2553228e-07
20876,8,1.215373e-07
20877,8,1.5936272e-07
20878,8,1.290815e-07
20879,8,1.2664013e-07
20880,8,1.2395069e-07
20881,8,1.6113262e-07
20882,8,1.2206861e-07
20883,8,1.2729423e-07
20884,8,1.1705588e-07
20885,8,7.4232776e-08
20886,8,1.1777841e-07
20887,8,1.3539366e-07
20888,8,6.7774151e-08
20889,8,1.6134089e-07
20890,8,1.3795112e-07
20891,8,6.6768293e-08
20892,8,1.5469176e-07
20893,8,1.6196834e-07
20894,8,6.8893216e-08
20895,8,1.3845106e-07
20896,8,1.5609878e-07
20897,8,6.8076944e-08
20898,8,1.1212408e-07
20899,8,1.2187586e-07
20900,8,1.2274767e-07
20901,8,1.0553838e-07
20902,8,1.0986795e-07
20903,8,1.21777e-07
20904,8,1.1455694e-07
20905,8,1.0422381e-07
20906,8,1.2267101e-07
20907,8,1.2172439e-07
20908,8,1.093643e-07
20909,8,1.0382006e-07
20910,8,1.1447135e-07
20911,8,1.2197783e-07
20912,8,1.2690784e-07
20913,8,1.282849e-07
20914,8,1.2829134e-07
20915,8,1.2758828e-07
20916,8,1.1899782e-07
20917,8,1.2893761e-07
20918,8,1.2069072e-07
20919,8,1.2717655e-07
20920,8,1.2839238e-07
20921,8,1.2850718e-07
20922,8,1.1896318e-07
20923,8,1.2747859e-07
20924,8,1.2074333e-07
20925,8,1.2918228e-07
20926,8,1.2830383e-07
20927,8,1.270984e-07
20928,8,1.2684021e-07
20929,8,1.291212e-07
20930,8,1.207097e-07
20931,8,1.2734737e-07
20932,8,1.1887694e-07
20933,8,1.2841931e-07
20934,8,1.2680345e-07
20935,8,1.2692112e-07
20936,8,1.2065833e-07
20937,8,1.2896417e-07
20938,8,1.1883318e-07
20939,8,1.2738451e-07
20940,8,1.2243142e-07
20941,8,1.0312229e-07
20942,8,1.1140555e-07
20943,8,1.2197724e-07
20944,8,1.1443867e-07
20945,8,1.0559421e-07
20946,8,1.0955653e-07
20947,8,1.2180409e-07
20948,8,1.1184976e-07
20949,8,1.050238e-07
20950,8,1.1415976e-07
20951,8,1.2132385e-07
20952,8,1.0897458e-07
20953,8,1.0303791e-07
20954,8,1.6127166e-07
20955,8,1.355944e-07
20956,8,6.5148148e-08
20957,8,1.5423017e-07
20958,8,1.3811839e-07
20959,8,6.6660554e-08
20960,8,1.3962449e-07
20961,8,1.5618042e-07
20962,8,6.7354579e-08
20963,8,1.4298549e-07
20964,8,1.1713637e-07
20965,8,7.3090544e-08
20966,8,1.1869301e-07
20967,8,7.3072365e-08
20968,8,1.2913942e-07
20969,8,1.5988498e-07
20970,8,1.3099049e-07
20971,8,1.2751217e-07
20972,8,1.2219052e-07
20973,8,1.6059377e-07
20974,8,1.2408934e-07
20975,8,1.2414987e-07
20976,8,1.3053034e-07
20977,8,1.5761983e-07
20978,8,1.2191797e-07
20979,8,1.2616846e-07
20980,8,1.2441712e-07
20981,8,1.6155056e-07
20982,8,7.1974389e-08
20983,8,1.1489429e-07
20984,8,7.3115045e-08
20985,8,1.2851988e-07
20986,8,7.7957919e-08
20987,8,1.5239203e-07
20988,8,1.2301428e-07
20989,8,1.2219368e-07
20990,8,7.8386099e-08
20991,8,1.5122069e-07
20992,8,1.2287237e-07
20993,8,1.5394659e-07
20994,8,8.0314007e-08
20995,8,1.237606e-07
20996,8,1.266354e-07
20997,8,1.5283879e-07
20998,8,7.9963547e-08
20999,8,1.2766389e-07
21000,8,7.4155763e-08
21001,8,1.2138324e-07
21002,8,7.4979115e-08
21003,8,7.3942673e-08
21004,8,1.1962472e-07
21005,8,7.4496893e-08
21006,8,1.7626414e-07
21007,8,1.1692138e-07
21008,8,9.4009042e-08
21009,8,1.6696011e-07
21010,8,1.1471426e-07
21011,8,9.3106465e-08
21012,8,1.1482235e-07
21013,8,1.6884098e-07
21014,8,8.94556e-08
21015,8,1.2353241e-07
21016,8,7.3638321e-08
21017,8,7.3030934e-08
21018,8,1.2222414e-07
21019,8,8.365055e-08
21020,8,1.3862088e-07
21021,8,1.3800958e-07
21022,8,1.154166e-07
21023,8,8.4568876e-08
21024,8,1.3733169e-07
21025,8,1.391915e-07
21026,8,1.3961107e-07
21027,8,8.5348948e-08
21028,8,1.1613417e-07
21029,8,1.3821706e-07
21030,8,1.3816055e-07
21031,8,8.4478081e-08
21032,8,7.304728e-08
21033,8,7.3129912e-08
21034,8,7.2035213e-08
21035,8,1.7343408e-07
21036,8,9.0466509e-08
21037,8,1.1512504e-07
21038,8,1.7087875e-07
21039,8,9.5373835e-08
21040,8,1.2456012e-07
21041,8,8.5946335e-08
21042,8,1.6812859e-07
21043,8,1.2815009e-07
21044,8,8.7189008e-08
21045,8,7.21376e-08
21046,8,1.2741991e-07
21047,8,7.6080181e-08
21048,8,1.2424082e-07
21049,8,1.2962319e-07
21050,8,7.7383581e-08
21051,8,1.2408466e-07
21052,8,1.5159117e-07
21053,8,1.2327528e-07
21054,8,7.7272433e-08
21055,8,1.2538599e-07
21056,8,1.2895331e-07
21057,8,1.6001043e-07
21058,8,1.2571791e-07
21059,8,1.2423398e-07
21060,8,1.2183489e-07
21061,8,1.6057528e-07
21062,8,1.2571268e-07
21063,8,1.314895e-07
21064,8,1.2533901e-07
21065,8,1.6027648e-07
21066,8,1.2161318e-07
21067,8,1.2427189e-07
21068,8,1.2557137e-07
21069,8,1.6014417e-07
21070,8,1.5386063e-07
21071,8,1.2624619e-07
21072,8,7.930465e-08
21073,8,1.236037e-07
21074,8,1.5293127e-07
21075,8,1.2554981e-07
21076,8,8.0132597e-08
21077,8,7.557413e-08
21078,8,1.1934036e-07
21079,8,7.6039308e-08
21080,8,1.1491094e-07
21081,8,7.2167046e-08
21082,8,1.146262e-07
21083,8,1.6068317e-07
21084,8,6.7473298e-08
21085,8,1.3521019e-07
21086,8,1.5511398e-07
21087,8,6.822685e-08
21088,8,1.224479e-07
21089,8,1.062094e-07
21090,8,1.2127929e-07
21091,8,1.0957253e-07
21092,8,1.1414526e-07
21093,8,1.0461152e-07
21094,8,1.2130171e-07
21095,8,1.279684e-07
21096,8,1.2679886e-07
21097,8,1.2800457e-07
21098,8,1.1857354e-07
21099,8,1.2036074e-07
21100,8,1.27069e-07
21101,8,1.2875193e-07
21102,8,1.2638985e-07
21103,8,1.2792795e-07
21104,8,1.2631272e-07
21105,8,1.2033803e-07
21106,8,1.1846112e-07
21107,8,1.2865956e-07
21108,8,1.2642883e-07
21109,8,1.1204038e-07
21110,8,1.2148766e-07
21111,8,1.0456574e-07
21112,8,1.1455081e-07
21113,8,1.1080746e-07
21114,8,1.2160503e-07
21115,8,1.0845439e-07
21116,8,1.3549414e-07
21117,8,6.662388e-08
21118,8,1.5434033e-07
21119,8,1.3333452e-07
21120,8,6.6328419e-08
21121,8,7.1521283e-08
21122,8,1.1508907e-07
21123,8,7.1507783e-08
21124,8,1.2506043e-07
21125,8,1.3764414e-07
21126,8,1.3483568e-07
21127,8,1.4446971e-07
21128,8,1.1927336e-07
21129,8,1.2749656e-07
21130,8,1.264487e-07
21131,8,1.2847103e-07
21132,8,1.3474064e-07
21133,8,1.3567473e-07
21134,8,1.2292826e-07
21135,8,1.2554568e-07
21136,8,1.2661635e-07
21137,8,1.266755e-07
21138,8,1.1527514e-07
21139,8,1.2386109e-07
21140,8,1.2460026e-07
21141,8,1.2353487e-07
21142,8,1.2226271e-07
21143,8,1.255154e-07
21144,8,1.2459272e-07
21145,8,1.1722564e-07
21146,8,1.2506074e-07
21147,8,1.2510538e-07
21148,8,1.2244635e-07
21149,8,1.2282647e-07
21150,8,1.2424463e-07
21151,8,1.2422682e-07
21152,8,1.1652455e-07
21153,8,1.2510265e-07
21154,8,1.250301e-07
21155,8,1.2280667e-07
21156,8,1.2231171e-07
21157,8,1.2424278e-07
21158,8,1.2423592e-07
21159,8,1.1570417e-07
21160,8,1.2453706e-07
21161,8,1.2375286e-07
21162,8,1.2205777e-07
21163,8,1.2334227e-07
21164,8,1.2453504e-07
21165,8,1.2542236e-07
21166,8,1.2740722e-07
21167,8,1.3560884e-07
21168,8,1.3480169e-07
21169,8,1.2555885e-07
21170,8,1.2362819e-07
21171,8,1.2655892e-07
21172,8,1.2688365e-07
21173,8,1.5828591e-07
21174,8,1.352047e-07
21175,8,1.3792725e-07
21176,8,1.2029827e-07
21177,8,1.454357e-07
21178,8,1.2717326e-07
21179,8,1.2878076e-07
21180,8,1.2680523e-07
21181,8,1.3330793e-07
21182,8,1.381356e-07
21183,8,1.3388389e-07
21184,8,1.2118782e-07
21185,8,1.2969835e-07
21186,8,1.2871807e-07
21187,8,1.2459224e-07
21188,8,1.2869291e-07
21189,8,1.2942366e-07
21190,8,1.2840507e-07
21191,8,1.2825924e-07
21192,8,1.2891729e-07
21193,8,1.2817262e-07
21194,8,1.2156109e-07
21195,7,3.76262232070893e-08
21195,8,9.142804679291072e-08
21196,7,9.066164376267226e-08
21196,8,3.777233623732774e-08
21197,8,1.2804666e-07
21198,8,1.2726557e-07
21199,7,3.673136268133005e-08
21199,8,9.071979731866994e-08
21200,7,8.712987142032983e-08
21200,8,3.9577368579670176e-08
21201,7,4.443990958741564e-08
21201,8,8.187459041258434e-08
21202,7,1.282636e-07
21203,7,1.2783124e-07
21204,7,9.533027930380022e-09
21204,8,1.1721950206961999e-07
21205,7,4.511895717812963e-08
21205,8,8.115588282187039e-08
21206,7,1.2617066e-07
21207,7,1.2576792e-07
21208,7,9.51691314994974e-08
21208,8,3.1575108500502614e-08
21209,7,1.2740337e-07
21210,7,1.2718188e-07
21211,7,7.384401336317539e-08
21211,8,5.178545663682461e-08
21212,7,9.542055538781662e-08
21212,8,2.967481461218337e-08
21213,7,1.2541023e-07
21214,7,1.2513378e-07
21215,7,1.1695942621723512e-07
21215,8,1.0308783782764872e-08
21216,7,1.2751223e-07
21217,7,1.2784344e-07
21218,7,1.0979130661493891e-07
21218,8,1.503071338506109e-08
21219,7,1.1697203190778933e-07
21219,8,7.764268092210669e-09
21220,7,1.2497644e-07
21221,7,1.2491458e-07
21222,7,1.093327826883463e-07
21222,8,1.7760427311653715e-08
21223,7,1.2784319e-07
21224,7,1.2750593e-07
21225,7,1.1696874553840168e-07
21225,8,7.77138446159833e-09
21226,7,1.0978055613692847e-07
21226,8,1.5036213863071537e-08
21227,7,1.2491528e-07
21228,7,1.2497474e-07
21229,7,7.118503449888171e-08
21229,8,5.0546925501118306e-08
21230,7,1.2717689e-07
21231,7,1.2740686e-07
21232,7,9.540290958144557e-08
21232,8,2.9676590418554412e-08
21233,7,7.381202984866202e-08
21233,8,5.1805020151337986e-08
21234,7,1.2513091e-07
21235,7,1.2541559e-07
21236,7,7.599184607537784e-09
21236,8,1.1383430539246221e-07
21237,7,1.2788054e-07
21238,7,1.2839752e-07
21239,7,4.5063606926281316e-08
21239,8,8.12452130737187e-08
21240,7,9.388097131476364e-09
21240,8,1.1756345286852363e-07
21241,7,1.2580884e-07
21242,7,1.2628886e-07
21243,8,1.2324254e-07
21244,7,9.057604493858702e-08
21244,8,3.811750506141298e-08
21245,7,3.7322041261765035e-08
21245,8,9.212474873823495e-08
21246,8,1.2778623e-07
21247,8,1.2888356e-07
21248,7,8.706364454130271e-08
21248,8,3.9909695458697276e-08
21249,7,3.6441345385775964e-08
21249,8,9.149509461422403e-08
21250,8,1.2514357e-07
21251,8,1.2985039e-07
21252,8,1.2909229e-07
21253,8,1.2963195e-07
21254,8,1.3011794e-07
21255,8,1.2887463e-07
21256,8,1.2971114e-07
21257,8,1.4781405e-07
21258,8,1.386122e-07
21259,8,1.3349196e-07
21260,8,1.2213045e-07
21261,8,1.3375678e-07
21262,8,1.2929268e-07
21263,8,1.2955162e-07
21264,8,1.3340388e-07
21265,8,1.2408574e-07
21266,8,1.3746112e-07
21267,8,1.1961588e-07
21268,8,1.3106214e-07
21269,8,1.262573e-07
21270,8,1.2956444e-07
21271,8,1.2912468e-07
21272,8,1.2882829e-07
21273,7,6.840311925909277e-08
21273,8,6.135145074090723e-08
21274,8,1.3092117e-07
21275,8,1.2936879e-07
21276,8,1.2937738e-07
21277,7,6.465681961528551e-08
21277,8,6.353583038471448e-08
21278,7,9.378208086378216e-08
21278,8,3.578516913621784e-08
21279,7,1.2950187e-07
21280,7,1.2880107e-07
21281,7,2.891615969067014e-08
21281,8,9.938115030932985e-08
21282,7,9.395568692775242e-08
21282,8,3.3280233072247565e-08
21283,7,1.2712037e-07
21284,7,1.2632958e-07
21285,7,1.2921346e-07
21286,7,1.2877109e-07
21287,7,1.2879158e-07
21288,7,1.2652424e-07
21289,7,1.2598868e-07
21290,7,1.2581764e-07
21291,7,1.2548461e-07
21292,7,1.2846359e-07
21293,7,1.2856313e-07
21294,7,1.2836519e-07
21295,7,1.2562925e-07
21296,7,1.2538386e-07
21297,7,1.2528666e-07
21298,7,1.2516287e-07
21299,7,1.2771558e-07
21300,7,1.2821993e-07
21301,7,1.2811402e-07
21302,7,1.2520521e-07
21303,7,1.2507341e-07
21304,7,1.2508436e-07
21305,7,1.2503035e-07
21306,7,1.2797873e-07
21307,7,1.2807375e-07
21308,7,1.2806169e-07
21309,7,1.2499914e-07
21310,7,1.2496728e-07
21311,7,1.2500043e-07
21312,7,1.2498709e-07
21313,7,1.2779893e-07
21314,7,1.2806224e-07
21315,7,1.2807316e-07
21316,7,1.2496748e-07
21317,7,1.2499862e-07
21318,7,1.2498726e-07
21319,7,1.2500047e-07
21320,7,1.2800805e-07
21321,7,1.2811668e-07
21322,7,1.2822759e-07
21323,7,1.2507429e-07
21324,7,1.2521123e-07
21325,7,1.2503135e-07
21326,7,1.2508867e-07
21327,7,1.290113e-07
21328,7,1.2839014e-07
21329,7,1.2861315e-07
21330,7,1.2541008e-07
21331,7,1.257021e-07
21332,7,1.2517706e-07
21333,7,1.2532123e-07
21334,7,1.2968547e-07
21335,7,1.2888325e-07
21336,7,1.2890204e-07
21337,7,1.2613835e-07
21338,7,1.2678255e-07
21339,7,1.2555314e-07
21340,7,1.2593183e-07
21341,7,2.5636473918815635e-08
21341,8,9.957437608118437e-08
21342,7,1.2895783e-07
21343,7,1.296232e-07
21344,7,9.378473624979291e-08
21344,8,3.382075375020707e-08
21345,7,2.849044445933531e-08
21345,8,1.0006517554066469e-07
21346,7,1.2648498e-07
21347,7,1.2725448e-07
21348,8,1.2419022e-07
21349,7,6.82119833492874e-08
21349,8,6.154295665071262e-08
21350,8,1.2867475e-07
21351,8,1.2935193e-07
21352,8,1.3095111e-07
21353,7,6.446026989970625e-08
21353,8,6.369454010029374e-08
21354,8,1.2920947e-07
21355,8,1.178541e-07
21356,8,1.371149e-07
21357,8,1.2357048e-07
21358,8,1.3040614e-07
21359,8,1.1859885e-07
21360,8,1.2933247e-07
21361,8,1.2601782e-07
21362,8,1.2414455e-07
21363,8,1.3336544e-07
21364,8,1.3758296e-07
21365,8,1.2008882e-07
21366,8,1.265445e-07
21367,8,1.3135806e-07
21368,8,1.2972302e-07
21369,7,1.3071033510773434e-09
21369,8,1.2606280664892265e-07
21370,7,1.2877695646383602e-09
21370,8,1.2614515043536163e-07
21371,7,9.79747848785252e-08
21371,8,3.0800535121474814e-08
21372,8,1.2824203e-07
21373,7,2.8917308141920343e-11
21373,8,1.2852893269185806e-07
21374,7,3.0893344952222896e-11
21374,8,1.2857253665504778e-07
21375,7,9.366583179589305e-08
21375,8,3.397344820410696e-08
21376,7,1.2922691e-07
21377,7,1.2894255e-07
21378,7,1.2847152e-07
21379,7,8.637574087304391e-08
21379,8,4.1488549126956084e-08
21380,7,1.2696106e-07
21381,7,1.2677798e-07
21382,7,1.2608416e-07
21383,7,1.2863679e-07
21384,7,1.2852017e-07
21385,7,1.285817e-07
21386,7,1.2621103e-07
21387,7,1.2570007e-07
21388,7,1.2561515e-07
21389,7,1.2532617e-07
21390,7,1.2849162e-07
21391,7,1.2842278e-07
21392,7,1.2829617e-07
21393,7,1.2540059e-07
21394,7,1.2522128e-07
21395,7,1.2517393e-07
21396,7,1.2508847e-07
21397,7,1.2825423e-07
21398,7,1.282325e-07
21399,7,1.2817195e-07
21400,7,1.2512661e-07
21401,7,1.2506693e-07
21402,7,1.250487e-07
21403,7,1.2502376e-07
21404,7,1.2812876e-07
21405,6,2.639143687796908e-08
21405,7,1.0175533312203092e-07
21406,6,5.719035869019603e-08
21406,7,7.092838130980396e-08
21407,7,1.2503515e-07
21408,7,1.2501157e-07
21409,6,2.393264502703637e-08
21409,7,1.0107983497296363e-07
21410,6,5.309382075393811e-08
21410,7,7.19097792460619e-08
21411,7,1.2808808e-07
21412,6,7.656558643005502e-08
21412,7,5.1544133569944966e-08
21413,6,8.708537065538253e-08
21413,7,4.101636934461748e-08
21414,7,1.250002e-07
21415,7,1.2499419e-07
21416,6,7.283329240593549e-08
21416,7,5.216663759406451e-08
21417,6,8.279561316013369e-08
21417,7,4.2201976839866296e-08
21418,7,1.2810626e-07
21419,6,8.708557206145932e-08
21419,7,4.1016507938540664e-08
21420,6,7.656539953306515e-08
21420,7,5.154434046693485e-08
21421,7,1.2499428e-07
21422,7,1.2500023e-07
21423,6,8.279555900452638e-08
21423,7,4.220203099547361e-08
21424,6,7.283311801260574e-08
21424,7,5.216675198739425e-08
21425,7,1.2819907e-07
21426,6,5.71903152549022e-08
21426,7,7.092962474509781e-08
21427,6,2.6390419480375477e-08
21427,7,1.0175872051962452e-07
21428,7,1.2501221e-07
21429,7,1.2503697e-07
21430,6,5.309356179799158e-08
21430,7,7.191025820200843e-08
21431,6,2.3932000145493326e-08
21431,7,1.0108125985450668e-07
21432,7,1.2840128e-07
21433,7,1.2817835e-07
21434,7,1.2824423e-07
21435,7,1.2507293e-07
21436,7,1.2514036e-07
21437,7,1.2502605e-07
21438,7,1.2505372e-07
21439,7,1.2856745e-07
21440,7,1.2831584e-07
21441,7,1.2844925e-07
21442,7,1.2524868e-07
21443,7,1.2544584e-07
21444,7,1.2509827e-07
21445,7,1.251897e-07
21446,7,1.2903311e-07
21447,7,1.2860964e-07
21448,7,1.2853727e-07
21449,7,1.2575691e-07
21450,7,1.262587e-07
21451,7,1.2534553e-07
21452,7,1.2562746e-07
21453,7,8.301218892444546e-08
21453,8,4.1264721075554564e-08
21454,7,1.2845557e-07
21455,7,1.2888719e-07
21456,7,1.2696011e-07
21457,7,8.634727750369211e-08
21457,8,4.1460452496307885e-08
21458,7,1.2607192e-07
21459,7,1.2672712e-07
21460,8,1.1825068e-07
21461,7,9.799992210109771e-08
21461,8,3.066510789890229e-08
21462,7,1.4454143729102177e-09
21462,8,1.258382556270898e-07
21463,7,1.5100340104449897e-10
21463,8,1.282847865989555e-07
21464,8,1.2814987e-07
21465,7,9.372749918655267e-08
21465,8,3.3806650813447324e-08
21466,7,2.5698229268641875e-10
21466,8,1.2816104770731358e-07
21467,8,1.1861291e-07
21468,8,1.3742038e-07
21469,8,1.3321363e-07
21470,8,1.2650892e-07
21471,8,1.2084446e-07
21472,8,1.2942312e-07
21473,8,1.3128228e-07
21474,8,1.3430997e-07
21475,8,1.2801475e-07
21476,8,1.3863187e-07
21477,8,1.352373e-07
21478,8,1.3015337e-07
21479,8,1.2155365e-07
21480,8,1.2874408e-07
21481,8,1.2893307e-07
21482,8,1.2928605e-07
21483,7,6.849733811546404e-08
21483,8,6.131047188453595e-08
21484,8,1.3124507e-07
21485,8,1.2940025e-07
21486,8,1.2933781e-07
21487,7,6.472149204414523e-08
21487,8,6.345630795585476e-08
21488,7,1.289584e-07
21489,7,1.2925627e-07
21490,7,1.2848201e-07
21491,7,8.641400019152464e-08
21491,8,4.150490980847538e-08
21492,7,1.2678801e-07
21493,7,1.2696743e-07
21494,7,1.2608892e-07
21495,7,1.2844767e-07
21496,7,1.2844781e-07
21497,7,1.28502e-07
21498,7,1.2604137e-07
21499,7,1.2556855e-07
21500,7,1.2556918e-07
21501,7,1.2527773e-07
21502,7,1.2839197e-07
21503,7,1.2836217e-07
21504,7,1.2824934e-07
21505,7,1.2530062e-07
21506,7,1.2515031e-07
21507,7,1.2513616e-07
21508,7,1.2506211e-07
21509,7,1.2822888e-07
21510,6,3.505592149422678e-08
21510,7,9.315295850577321e-08
21511,6,1.082260574307102e-07
21511,7,1.9930882569289785e-08
21512,7,1.2508088e-07
21513,7,1.2504073e-07
21514,6,3.3571045413585126e-08
21514,7,9.146217458641488e-08
21515,6,1.028900039349928e-07
21515,7,2.2125536065007214e-08
21516,6,1.0373985333176625e-07
21516,7,2.4416756668233746e-08
21517,6,1.281492e-07
21518,6,1.2812426e-07
21519,6,5.3077895768626876e-08
21519,7,7.194753423137312e-08
21520,6,1.0289796681271328e-07
21520,7,2.211475318728671e-08
21521,6,1.2501068e-07
21522,6,1.2500512e-07
21523,6,1.2812355e-07
21524,6,1.2812459e-07
21525,6,1.2811288e-07
21526,6,1.2500869e-07
21527,6,1.2500348e-07
21528,6,1.2500423e-07
21529,6,1.2500196e-07
21530,6,1.2811318e-07
21531,6,1.2811356e-07
21532,6,1.2811004e-07
21533,6,1.2500222e-07
21534,6,1.250007e-07
21535,6,1.2500181e-07
21536,6,1.2500115e-07
21537,6,1.281216e-07
21538,6,1.2811006e-07
21539,6,1.2811351e-07
21540,6,1.250007e-07
21541,6,1.2500212e-07
21542,6,1.2500118e-07
21543,6,1.2500182e-07
21544,6,1.2815171e-07
21545,6,1.2811301e-07
21546,6,1.2812504e-07
21547,6,1.2500347e-07
21548,6,1.2500884e-07
21549,6,1.2500201e-07
21550,6,1.2500436e-07
21551,6,5.127284260040074e-08
21551,7,7.693787739959927e-08
21552,6,1.2812524e-07
21553,6,1.2815125e-07
21554,6,1.0289783706974865e-07
21554,7,2.211560293025134e-08
21555,6,5.3077126442854117e-08
21555,7,7.19498335571459e-08
21556,6,1.2500539e-07
21557,6,1.2501125e-07
21558,7,1.2832789e-07
21559,6,1.0822577504186525e-07
21559,7,1.9933534958134744e-08
21560,6,3.505406347507114e-08
21560,7,9.315840652492885e-08
21561,7,1.2504372e-07
21562,7,1.250856e-07
21563,6,1.0288969826596273e-07
21563,7,2.2126751734037277e-08
21564,6,3.356993480803271e-08
21564,7,9.146465519196728e-08
21565,7,1.2836075e-07
21566,7,1.2825016e-07
21567,7,1.2835989e-07
21568,7,1.2515463e-07
21569,7,1.252999e-07
21570,7,1.2506266e-07
21571,7,1.2513368e-07
21572,7,1.2865955e-07
21573,7,1.2848606e-07
21574,7,1.2841877e-07
21575,7,1.2555342e-07
21576,7,1.2599932e-07
21577,7,1.2526657e-07
21578,7,1.2554264e-07
21579,7,8.315289108571429e-08
21579,8,4.112711891428571e-08
21580,7,1.2842401e-07
21581,7,1.2917837e-07
21582,7,1.267019e-07
21583,7,8.647090908614719e-08
21583,8,4.128516091385283e-08
21584,7,1.2603453e-07
21585,7,1.2687698e-07
21586,8,1.2422676e-07
21587,7,6.849865290635206e-08
21587,8,6.121637709364794e-08
21588,8,1.292263e-07
21589,8,1.2918174e-07
21590,8,1.3058405e-07
21591,7,6.47378309822628e-08
21591,8,6.332325901773719e-08
21592,8,1.2926784e-07
21593,8,1.4928e-07
21594,8,1.3874706e-07
21595,8,1.2921476e-07
21596,8,1.287972e-07
21597,8,1.3547518e-07
21598,8,1.2856362e-07
21599,8,1.22818e-07
21600,8,1.2872598e-07
21601,8,1.2462181e-07
21602,8,1.2943336e-07
21603,8,1.2852205e-07
21604,8,1.2880702e-07
21605,8,1.2847003e-07
21606,8,1.2815819e-07
21607,7,1.2951082e-07
21608,7,9.385919190180351e-08
21608,8,3.569820809819648e-08
21609,7,1.2879531e-07
21610,7,2.9042885192633653e-08
21610,8,9.913623480736635e-08
21611,7,1.2709101e-07
21612,7,9.401193495757705e-08
21612,8,3.321013504242294e-08
21613,7,1.2630905e-07
21614,7,1.2852776e-07
21615,7,1.2863304e-07
21616,7,1.2858209e-07
21617,7,1.2620308e-07
21618,7,1.2561459e-07
21619,7,1.2569257e-07
21620,7,1.2532395e-07
21621,7,1.2836576e-07
21622,7,1.2839039e-07
21623,7,1.2824974e-07
21624,7,1.2530072e-07
21625,7,1.2513682e-07
21626,7,1.2514965e-07
21627,7,1.2506223e-07
21628,6,5.4168739272531176e-08
21628,7,7.404008072746881e-08
21629,6,5.4168721937371645e-08
21629,7,7.403832806262835e-08
21630,6,1.2815048e-07
21631,7,1.2506848e-07
21632,6,5.30702923730442e-08
21632,7,7.196139762695579e-08
21633,6,5.3070364675819625e-08
21633,7,7.196111532418038e-08
21634,6,1.2501346e-07
21635,6,1.281544e-07
21636,6,1.2814916e-07
21637,6,1.2812301e-07
21638,6,1.2502079e-07
21639,6,1.2501103e-07
21640,6,1.2501011e-07
21641,6,1.250051e-07
21642,6,1.2813231e-07
21643,6,1.2812916e-07
21644,6,1.281157e-07
21645,6,1.2500984e-07
21646,6,1.2500579e-07
21647,6,1.2500545e-07
21648,6,1.2500331e-07
21649,6,1.2812223e-07
21650,6,1.2812036e-07
21651,6,1.2811357e-07
21652,6,1.2500571e-07
21653,6,1.2500363e-07
21654,6,1.2500383e-07
21655,6,1.2500279e-07
21656,6,1.2811953e-07
21657,6,1.2811583e-07
21658,6,1.2811376e-07
21659,6,1.2500362e-07
21660,6,1.2500301e-07
21661,6,1.2500303e-07
21662,6,1.250027e-07
21663,6,1.281241e-07
21664,6,1.2811368e-07
21665,6,1.281158e-07
21666,6,1.2500303e-07
21667,6,1.2500364e-07
21668,6,1.2500269e-07
21669,6,1.2500305e-07
21670,6,1.2813684e-07
21671,6,1.2811357e-07
21672,6,1.2812056e-07
21673,6,1.2500361e-07
21674,6,1.2500563e-07
21675,6,1.2500271e-07
21676,6,1.2500373e-07
21677,6,1.2815908e-07
21678,6,1.2811549e-07
21679,6,1.2812936e-07
21680,6,1.250057e-07
21681,6,1.2500991e-07
21682,6,1.2500326e-07
21683,6,1.2500542e-07
21684,6,1.2819816e-07
21685,6,1.2812267e-07
21686,6,1.2814926e-07
21687,6,1.2501109e-07
21688,6,1.2502088e-07
21689,6,1.2500498e-07
21690,6,1.2501e-07
21691,7,1.2828977e-07
21692,6,1.2814884e-07
21693,6,5.416788229807288e-08
21693,7,7.403713770192712e-08
21694,6,5.306966902589389e-08
21694,7,7.196136097410611e-08
21695,7,1.2506623e-07
21696,6,1.2501293e-07
21697,6,5.307016281798606e-08
21697,7,7.196015718201394e-08
21698,7,1.2834674e-07
21699,7,1.282435e-07
21700,7,1.2838319e-07
21701,7,1.2513017e-07
21702,7,1.2528706e-07
21703,7,1.2505928e-07
21704,7,1.2514464e-07
21705,7,1.289663e-07
21706,7,1.2857122e-07
21707,7,1.2863064e-07
21708,7,1.2559112e-07
21709,7,1.2617307e-07
21710,7,1.2531766e-07
21711,7,1.2569254e-07
21712,7,2.6077899024466935e-08
21712,8,9.896271097553306e-08
21713,7,1.2880831e-07
21714,7,9.378717710062612e-08
21714,8,3.5814572899373855e-08
21715,7,1.2708121e-07
21716,7,2.8938689583624258e-08
21716,8,9.939101041637575e-08
21717,7,1.2633401e-07
21718,7,9.397015592871181e-08
21718,8,3.335124407128819e-08
21719,8,1.2484423e-07
21720,8,1.2943157e-07
21721,8,1.2419373e-07
21722,8,1.2898007e-07
21723,8,1.2902469e-07
21724,8,1.2839548e-07
21725,8,1.2871766e-07
21726,8,1.3748678e-07
21727,8,1.2462159e-07
21728,8,1.3494403e-07
21729,8,1.4512995e-07
21730,8,1.2793623e-07
21731,8,1.2000997e-07
21732,8,1.2685674e-07
21733,7,3.7704177157328215e-08
21733,8,9.140792284267178e-08
21734,8,1.2164121e-07
21735,7,9.069252453237192e-08
21735,8,3.7773195467628086e-08
21736,8,1.2833337e-07
21737,7,3.678705872195219e-08
21737,8,9.070546127804781e-08
21738,8,1.2737317e-07
21739,7,8.715004394193312e-08
21739,8,3.9587246058066876e-08
21740,7,1.2877814e-07
21741,7,1.2922348e-07
21742,7,1.2879563e-07
21743,7,1.2653559e-07
21744,7,1.2581173e-07
21745,7,1.2600026e-07
21746,7,1.2548623e-07
21747,7,1.2842634e-07
21748,7,1.2849163e-07
21749,7,1.2829695e-07
21750,7,1.2539783e-07
21751,7,1.2517309e-07
21752,7,1.252209e-07
21753,7,1.2508823e-07
21754,6,3.5059126355667444e-08
21754,7,9.315217364433257e-08
21755,7,1.2822823e-07
21756,6,1.0822808124353622e-07
21756,7,1.9929198756463787e-08
21757,7,1.250808e-07
21758,6,3.3571730140093854e-08
21758,7,9.146188985990615e-08
21759,7,1.2504052e-07
21760,6,1.0289048639666172e-07
21760,7,2.212514360333827e-08
21761,6,1.2815048e-07
21762,6,1.2815358e-07
21763,6,1.2812314e-07
21764,6,1.2502088e-07
21765,6,1.2501032e-07
21766,6,1.2501099e-07
21767,6,1.2500517e-07
21768,6,1.281324e-07
21769,6,1.2813175e-07
21770,6,1.2811615e-07
21771,6,1.2500984e-07
21772,6,1.2500593e-07
21773,6,1.2500586e-07
21774,6,1.2500355e-07
21775,6,1.2812492e-07
21776,6,1.2812364e-07
21777,6,1.2811482e-07
21778,6,1.2500665e-07
21779,6,1.2500459e-07
21780,6,1.2500451e-07
21781,6,1.2500333e-07
21782,6,1.2812136e-07
21783,6,1.281195e-07
21784,6,1.2811496e-07
21785,6,1.2500514e-07
21786,6,1.2500401e-07
21787,6,1.2500398e-07
21788,6,1.2500332e-07
21789,6,1.2812103e-07
21790,6,1.2811716e-07
21791,6,1.2811582e-07
21792,6,1.2500419e-07
21793,6,1.2500377e-07
21794,6,1.250035e-07
21795,6,1.2500326e-07
21796,6,1.2812385e-07
21797,6,1.2811575e-07
21798,6,1.2811717e-07
21799,6,1.2500377e-07
21800,6,1.250042e-07
21801,6,1.2500325e-07
21802,6,1.2500351e-07
21803,6,1.2813033e-07
21804,6,1.2811482e-07
21805,6,1.2811956e-07
21806,6,1.2500388e-07
21807,6,1.2500498e-07
21808,6,1.2500317e-07
21809,6,1.250038e-07
21810,6,1.281409e-07
21811,6,1.2811456e-07
21812,6,1.2812348e-07
21813,6,1.2500453e-07
21814,6,1.2500656e-07
21815,6,1.2500326e-07
21816,6,1.2500446e-07
21817,6,1.2815875e-07
21818,6,1.2811548e-07
21819,6,1.2813126e-07
21820,6,1.250057e-07
21821,6,1.2500959e-07
21822,6,1.2500346e-07
21823,6,1.2500578e-07
21824,6,1.2819686e-07
21825,6,1.2812207e-07
21826,6,1.2815273e-07
21827,6,1.2500978e-07
21828,6,1.2502019e-07
21829,6,1.2500489e-07
21830,6,1.2501062e-07
21831,7,1.2831794e-07
21832,6,1.0822567515585064e-07
21832,7,1.9929754844149354e-08
21833,7,1.2822706e-07
21834,6,3.3571424064035426e-08
21834,7,9.146080593596456e-08
21835,7,1.2507926e-07
21836,6,1.0288991276581545e-07
21836,7,2.2125167234184564e-08
21837,7,1.2504026e-07
21838,7,1.2851873e-07
21839,7,1.2829672e-07
21840,7,1.2849751e-07
21841,7,1.2517262e-07
21842,7,1.254044e-07
21843,7,1.2508913e-07
21844,7,1.2522652e-07
21845,7,1.2950774e-07
21846,7,1.2881181e-07
21847,7,1.2926096e-07
21848,7,1.2583743e-07
21849,7,1.2659633e-07
21850,7,1.2550265e-07
21851,7,1.2603821e-07
21852,8,1.2285747e-07
21853,7,9.06970758772166e-08
21853,8,3.78318341227834e-08
21854,8,1.2176844e-07
21855,7,3.670824894818319e-08
21855,8,9.086438105181681e-08
21856,8,1.2843613e-07
21857,7,8.715954477281134e-08
21857,8,3.9644835227188675e-08
21858,8,1.274989e-07
21859,8,1.5806785e-07
21860,8,1.3527833e-07
21861,8,1.2552339e-07
21862,8,1.2840972e-07
21863,8,1.450711e-07
21864,8,1.2693271e-07
21865,8,1.2023007e-07
21866,8,1.348408e-07
21867,8,1.2810274e-07
21868,8,1.3553179e-07
21869,8,1.2398713e-07
21870,8,1.2675042e-07
21871,8,1.2602439e-07
21872,8,1.2658858e-07
21873,7,1.2829399e-07
21874,7,4.4418066446993e-08
21874,8,8.187417355300701e-08
21875,7,1.2782793e-07
21876,7,9.489517608992844e-09
21876,8,1.1732205239100716e-07
21877,7,1.2619478e-07
21878,7,4.509295885144147e-08
21878,8,8.120760114855854e-08
21879,7,1.2578208e-07
21880,7,1.2857071e-07
21881,7,1.2846537e-07
21882,7,1.283671e-07
21883,7,1.2564192e-07
21884,7,1.2529111e-07
21885,7,1.2539064e-07
21886,7,1.2516553e-07
21887,7,1.2823486e-07
21888,7,1.2825548e-07
21889,7,1.2817289e-07
21890,7,1.2512768e-07
21891,7,1.2504901e-07
21892,7,1.2506786e-07
21893,7,1.2502399e-07
21894,6,1.281505e-07
21895,6,1.037408055298023e-07
21895,7,2.441598447019771e-08
21896,6,1.2812458e-07
21897,6,5.3078336442709143e-08
21897,7,7.194713355729087e-08
21898,6,1.2501082e-07
21899,6,1.0289817386311578e-07
21899,7,2.2114626136884226e-08
21900,6,1.2500522e-07
21901,6,1.2812998e-07
21902,6,1.281323e-07
21903,6,1.2811581e-07
21904,6,1.2500983e-07
21905,6,1.2500553e-07
21906,6,1.2500572e-07
21907,6,1.2500331e-07
21908,6,1.2812409e-07
21909,6,1.2812475e-07
21910,6,1.2811493e-07
21911,6,1.2500668e-07
21912,6,1.2500456e-07
21913,6,1.2500461e-07
21914,6,1.2500336e-07
21915,6,1.2812156e-07
21916,6,1.2812145e-07
21917,6,1.2811538e-07
21918,6,1.2500541e-07
21919,6,1.2500421e-07
21920,6,1.250042e-07
21921,6,1.2500346e-07
21922,6,1.281204e-07
21923,6,1.2811925e-07
21924,6,1.2811598e-07
21925,6,1.2500481e-07
21926,6,1.2500411e-07
21927,6,1.2500401e-07
21928,6,1.250036e-07
21929,6,1.2812069e-07
21930,6,1.2811777e-07
21931,6,1.2811677e-07
21932,6,1.2500427e-07
21933,6,1.2500401e-07
21934,6,1.2500383e-07
21935,6,1.2500367e-07
21936,6,1.2812255e-07
21937,6,1.2811678e-07
21938,6,1.2811787e-07
21939,6,1.2500401e-07
21940,6,1.2500428e-07
21941,6,1.250036e-07
21942,6,1.2500371e-07
21943,6,1.2812617e-07
21944,6,1.281159e-07
21945,6,1.2811929e-07
21946,6,1.2500398e-07
21947,6,1.2500469e-07
21948,6,1.2500346e-07
21949,6,1.2500389e-07
21950,6,1.2813189e-07
21951,6,1.2811514e-07
21952,6,1.2812119e-07
21953,6,1.2500417e-07
21954,6,1.2500541e-07
21955,6,1.2500336e-07
21956,6,1.2500418e-07
21957,6,1.281408e-07
21958,6,1.2811447e-07
21959,6,1.2812432e-07
21960,6,1.2500451e-07
21961,6,1.2500666e-07
21962,6,1.2500325e-07
21963,6,1.2500449e-07
21964,6,1.2815884e-07
21965,6,1.281151e-07
21966,6,1.2813159e-07
21967,6,1.2500543e-07
21968,6,1.2500965e-07
21969,6,1.2500323e-07
21970,6,1.2500564e-07
21971,6,5.1275170682803094e-08
21971,7,7.69324493171969e-08
21972,6,1.2812367e-07
21973,6,1.0373942855700409e-07
21973,7,2.441649144299591e-08
21974,6,1.2501063e-07
21975,6,5.3078031462805125e-08
21975,7,7.194755853719486e-08
21976,6,1.250051e-07
21977,6,1.0289794481232766e-07
21977,7,2.2114815187672366e-08
21978,7,1.2838664e-07
21979,7,1.2817211e-07
21980,7,1.2825517e-07
21981,7,1.2504974e-07
21982,7,1.2513051e-07
21983,7,1.2502417e-07
21984,7,1.2506827e-07
21985,7,1.2896533e-07
21986,7,1.2836813e-07
21987,7,1.2846695e-07
21988,7,1.2529846e-07
21989,7,1.2565496e-07
21990,7,1.2516638e-07
21991,7,1.253893e-07
21992,7,7.792156720556833e-09
21992,8,1.1361086327944317e-07
21993,7,1.2783252e-07
21994,7,4.446393214440252e-08
21994,8,8.183470785559748e-08
21995,7,1.2621448e-07
21996,7,9.560252174055161e-09
21996,8,1.1728324782594485e-07
21997,7,1.2577235e-07
21998,7,4.5144668412479705e-08
21998,8,8.111749158752028e-08
21999,8,1.2877014e-07
22000,8,1.3555683e-07
22001,8,1.2795548e-07
22002,8,1.2686722e-07
22003,8,1.241476e-07
22004,8,1.2658253e-07
22005,8,1.2573649e-07
22006,8,1.2373541e-07
22007,8,1.1513604e-07
22008,8,1.2448574e-07
22009,8,1.232302e-07
22010,8,1.2536253e-07
22011,8,1.217659e-07
22012,8,1.2440284e-07
22013,7,1.2738561e-07
22014,7,9.517052770118882e-08
22014,8,3.15152422988112e-08
22015,7,1.2715461e-07
22016,7,7.384151506411392e-08
22016,8,5.1751394935886086e-08
22017,7,1.253995e-07
22018,7,9.54306177575497e-08
22018,8,2.9600552242450305e-08
22019,7,1.2511022e-07
22020,7,1.2821978e-07
22021,7,1.2770839e-07
22022,7,1.2811132e-07
22023,7,1.2520398e-07
22024,7,1.2508489e-07
22025,7,1.2506759e-07
22026,7,1.2502937e-07
22027,6,2.639165260909962e-08
22027,7,1.0175614739090039e-07
22028,7,1.2812952e-07
22029,6,5.7189440442239764e-08
22029,7,7.092972955776023e-08
22030,7,1.2503554e-07
22031,6,2.3932494371293538e-08
22031,7,1.0108008562870645e-07
22032,7,1.2501166e-07
22033,6,5.3093551090113186e-08
22033,7,7.191004890988682e-08
22034,6,1.2812512e-07
22035,6,1.2812434e-07
22036,6,1.2811312e-07
22037,6,1.2500879e-07
22038,6,1.2500441e-07
22039,6,1.2500364e-07
22040,6,1.2500208e-07
22041,6,1.281208e-07
22042,6,1.2812265e-07
22043,6,1.2811383e-07
22044,6,1.2500579e-07
22045,6,1.2500393e-07
22046,6,1.2500372e-07
22047,6,1.2500286e-07
22048,6,1.2811972e-07
22049,6,1.2812156e-07
22050,6,1.2811502e-07
22051,6,1.250052e-07
22052,6,1.2500402e-07
22053,6,1.2500408e-07
22054,6,1.2500335e-07
22055,6,1.2811937e-07
22056,6,1.2812048e-07
22057,6,1.2811604e-07
22058,6,1.2500483e-07
22059,6,1.2500403e-07
22060,6,1.2500413e-07
22061,6,1.2500361e-07
22062,6,1.2811936e-07
22063,6,1.2811937e-07
22064,6,1.2811675e-07
22065,6,1.2500443e-07
22066,6,1.2500401e-07
22067,6,1.2500401e-07
22068,6,1.2500368e-07
22069,6,1.2811984e-07
22070,6,1.2811831e-07
22071,6,1.2811751e-07
22072,6,1.2500429e-07
22073,6,1.2500411e-07
22074,6,1.250039e-07
22075,6,1.2500376e-07
22076,6,1.2812117e-07
22077,6,1.2811748e-07
22078,6,1.2811833e-07
22079,6,1.2500404e-07
22080,6,1.2500416e-07
22081,6,1.2500376e-07
22082,6,1.250039e-07
22083,6,1.2812338e-07
22084,6,1.2811661e-07
22085,6,1.2811927e-07
22086,6,1.2500393e-07
22087,6,1.2500438e-07
22088,6,1.2500366e-07
22089,6,1.2500394e-07
22090,6,1.2812639e-07
22091,6,1.2811591e-07
22092,6,1.2812043e-07
22093,6,1.2500388e-07
22094,6,1.2500469e-07
22095,6,1.2500347e-07
22096,6,1.2500399e-07
22097,6,1.2813047e-07
22098,6,1.2811486e-07
22099,6,1.2812119e-07
22100,6,1.2500387e-07
22101,6,1.2500511e-07
22102,6,1.2500325e-07
22103,6,1.2500402e-07
22104,6,1.2813729e-07
22105,6,1.2811341e-07
22106,6,1.2812208e-07
22107,6,1.2500389e-07
22108,6,1.2500579e-07
22109,6,1.2500279e-07
22110,6,1.2500364e-07
22111,6,1.2815216e-07
22112,6,1.2811257e-07
22113,6,1.2812328e-07
22114,6,1.2500438e-07
22115,6,1.2500881e-07
22116,6,1.2500199e-07
22117,6,1.2500346e-07
22118,7,1.2819734e-07
22119,6,5.718928804325616e-08
22119,7,7.092831195674382e-08
22120,7,1.2812621e-07
22121,6,2.3932552204239098e-08
22121,7,1.0108003779576091e-07
22122,7,1.2503511e-07
22123,6,5.309361878250416e-08
22123,7,7.190964121749583e-08
22124,7,1.2501041e-07
22125,7,1.2799665e-07
22126,7,1.2810522e-07
22127,7,1.2769443e-07
22128,7,1.2508306e-07
22129,7,1.2519766e-07
22130,7,1.2502568e-07
22131,7,1.2505801e-07
22132,7,7.124052202948885e-08
22132,8,5.044811797051114e-08
22133,7,1.2712739e-07
22134,7,9.51507886464703e-08
22134,8,3.1476861353529685e-08
22135,7,1.2538519e-07
22136,7,7.384510511124435e-08
22136,8,5.171253488875565e-08
22137,7,1.2508872e-07
22138,7,9.541931461793174e-08
22138,8,2.9565915382068244e-08
22139,8,1.1554851e-07
22140,8,1.2438294e-07
22141,8,1.1498145e-07
22142,8,1.253089e-07
22143,8,1.233962e-07
22144,8,1.2430431e-07
22145,8,1.2170973e-07
22146,8,1.2500653e-07
22147,8,1.1724811e-07
22148,8,1.2509304e-07
22149,8,1.2217768e-07
22150,8,1.2414718e-07
22151,8,1.2263778e-07
22152,8,1.2418853e-07
22153,7,1.2749085e-07
22154,7,1.1695448851357738e-07
22154,8,1.0298541486422626e-08
22155,7,1.2783111e-07
22156,7,1.0979853362141534e-07
22156,8,1.497242637858467e-08
22157,7,1.2495568e-07
22158,7,1.1697276272408141e-07
22158,8,7.734827275918593e-09
22159,7,1.2490215e-07
22160,7,1.2807107e-07
22161,7,1.279773e-07
22162,7,1.2806063e-07
22163,7,1.2499318e-07
22164,7,1.2499916e-07
22165,7,1.2496372e-07
22166,7,1.2498621e-07
22167,6,7.65639443846881e-08
22167,7,5.1545875615311904e-08
22168,7,1.2808991e-07
22169,6,8.708331405405231e-08
22169,7,4.1018805945947694e-08
22170,7,1.2500015e-07
22171,6,7.283296066849597e-08
22171,7,5.2166989331504025e-08
22172,7,1.2499436e-07
22173,6,8.279530124995969e-08
22173,7,4.220249875004032e-08
22174,6,1.2811374e-07
22175,6,1.2811444e-07
22176,6,1.2811039e-07
22177,6,1.2500237e-07
22178,6,1.2500189e-07
22179,6,1.2500094e-07
22180,6,1.2500123e-07
22181,6,1.2811609e-07
22182,6,1.2812028e-07
22183,6,1.2811397e-07
22184,6,1.2500373e-07
22185,6,1.2500307e-07
22186,6,1.2500313e-07
22187,6,1.2500275e-07
22188,6,1.2811733e-07
22189,6,1.2812144e-07
22190,6,1.2811599e-07
22191,6,1.2500424e-07
22192,6,1.2500353e-07
22193,6,1.2500384e-07
22194,6,1.2500329e-07
22195,6,1.2811786e-07
22196,6,1.2812097e-07
22197,6,1.2811684e-07
22198,6,1.2500429e-07
22199,6,1.2500386e-07
22200,6,1.2500404e-07
22201,6,1.2500369e-07
22202,6,1.2811832e-07
22203,6,1.2811994e-07
22204,6,1.281176e-07
22205,6,1.2500429e-07
22206,6,1.2500389e-07
22207,6,1.2500413e-07
22208,6,1.2500377e-07
22209,6,1.2811904e-07
22210,6,1.2811914e-07
22211,6,1.2811832e-07
22212,6,1.2500404e-07
22213,6,1.2500391e-07
22214,6,1.2500392e-07
22215,6,1.2500387e-07
22216,6,1.2811995e-07
22217,6,1.281183e-07
22218,6,1.2811907e-07
22219,6,1.2500391e-07
22220,6,1.2500404e-07
22221,6,1.2500386e-07
22222,6,1.2500392e-07
22223,6,1.2812124e-07
22224,6,1.2811751e-07
22225,6,1.2811994e-07
22226,6,1.2500389e-07
22227,6,1.2500418e-07
22228,6,1.2500377e-07
22229,6,1.2500405e-07
22230,6,1.2812281e-07
22231,6,1.2811683e-07
22232,6,1.2812086e-07
22233,6,1.2500373e-07
22234,6,1.250043e-07
22235,6,1.2500361e-07
22236,6,1.2500403e-07
22237,6,1.2812428e-07
22238,6,1.2811588e-07
22239,6,1.2812125e-07
22240,6,1.2500353e-07
22241,6,1.2500426e-07
22242,6,1.2500326e-07
22243,6,1.2500381e-07
22244,6,1.2812504e-07
22245,6,1.2811385e-07
22246,6,1.2811985e-07
22247,6,1.2500309e-07
22248,6,1.2500372e-07
22249,6,1.2500273e-07
22250,6,1.2500305e-07
22251,6,1.2812282e-07
22252,6,1.281101e-07
22253,6,1.2811348e-07
22254,6,1.2500191e-07
22255,6,1.2500231e-07
22256,6,1.2500116e-07
22257,6,1.2500074e-07
22258,7,1.2810606e-07
22259,6,8.708379597998084e-08
22259,7,4.1016814020019163e-08
22260,7,1.2808617e-07
22261,6,7.283316674248404e-08
22261,7,5.216650325751595e-08
22262,7,1.2499893e-07
22263,6,8.279546292047932e-08
22263,7,4.220185707952067e-08
22264,7,1.2499282e-07
22265,7,1.2778424e-07
22266,7,1.2805276e-07
22267,7,1.2796053e-07
22268,7,1.24995e-07
22269,7,1.2498201e-07
22270,7,1.2498164e-07
22271,7,1.2495121e-07
22272,7,1.0935608256759087e-07
22272,8,1.7659747432409128e-08
22273,7,1.2779736e-07
22274,7,1.1696681372930895e-07
22274,8,1.0226076270691047e-08
22275,7,1.2492812e-07
22276,7,1.0979855460741152e-07
22276,8,1.4911925392588486e-08
22277,7,1.2487206e-07
22278,7,1.1698451379125049e-07
22278,8,7.658596208749508e-09
22279,8,1.1642394e-07
22280,8,1.250119e-07
22281,8,1.1718032e-07
22282,8,1.240209e-07
22283,8,1.2198886e-07
22284,8,1.2407386e-07
22285,8,1.2254843e-07
22286,8,1.2510054e-07
22287,8,1.1652517e-07
22288,8,1.2501117e-07
22289,8,1.22671e-07
22290,8,1.2421475e-07
22291,8,1.2220279e-07
22292,8,1.241687e-07
22293,7,1.2783362e-07
22294,7,1.0930600812984972e-07
22294,8,1.7778561870150285e-08
22295,7,1.2750222e-07
22296,7,1.1696106742027945e-07
22296,8,7.749852579720565e-09
22297,7,1.2490482e-07
22298,7,1.0976486215324272e-07
22298,8,1.5027917846757275e-08
22299,7,1.2496497e-07
22300,7,1.2806099e-07
22301,7,1.2780196e-07
22302,7,1.2807427e-07
22303,7,1.2496471e-07
22304,7,1.2498655e-07
22305,7,1.2499739e-07
22306,7,1.2500028e-07
22307,6,8.708286819749793e-08
22307,7,4.1019181802502056e-08
22308,7,1.2810903e-07
22309,6,7.656308113071238e-08
22309,7,5.154747886928762e-08
22310,7,1.2499445e-07
22311,6,8.27952105110694e-08
22311,7,4.220259948893059e-08
22312,7,1.250006e-07
22313,6,7.283276126302229e-08
22313,7,5.216733873697772e-08
22314,6,1.2811024e-07
22315,6,1.2812322e-07
22316,6,1.2811397e-07
22317,6,1.2500094e-07
22318,6,1.2500122e-07
22319,6,1.2500245e-07
22320,6,1.2500193e-07
22321,6,1.2811385e-07
22322,6,1.2812513e-07
22323,6,1.2811614e-07
22324,6,1.2500312e-07
22325,6,1.2500273e-07
22326,6,1.2500377e-07
22327,6,1.250031e-07
22328,6,1.2811592e-07
22329,6,1.2812438e-07
22330,6,1.2811735e-07
22331,6,1.2500383e-07
22332,6,1.2500329e-07
22333,6,1.2500427e-07
22334,6,1.2500354e-07
22335,6,1.2811679e-07
22336,6,1.2812288e-07
22337,6,1.2811789e-07
22338,6,1.2500403e-07
22339,6,1.2500369e-07
22340,6,1.2500431e-07
22341,6,1.2500387e-07
22342,6,1.2811756e-07
22343,6,1.2812126e-07
22344,6,1.2811835e-07
22345,6,1.2500412e-07
22346,6,1.2500377e-07
22347,6,1.2500431e-07
22348,6,1.250039e-07
22349,6,1.2811829e-07
22350,6,1.2812002e-07
22351,6,1.2811909e-07
22352,6,1.2500391e-07
22353,6,1.2500386e-07
22354,6,1.2500406e-07
22355,6,1.2500399e-07
22356,6,1.2811906e-07
22357,6,1.281191e-07
22358,6,1.2812e-07
22359,6,1.2500386e-07
22360,6,1.2500392e-07
22361,6,1.2500399e-07
22362,6,1.2500406e-07
22363,6,1.281199e-07
22364,6,1.2811837e-07
22365,6,1.2812126e-07
22366,6,1.2500377e-07
22367,6,1.2500412e-07
22368,6,1.2500391e-07
22369,6,1.2500424e-07
22370,6,1.2812097e-07
22371,6,1.2811796e-07
22372,6,1.2812278e-07
22373,6,1.2500369e-07
22374,6,1.2500405e-07
22375,6,1.250038e-07
22376,6,1.250043e-07
22377,6,1.281215e-07
22378,6,1.2811736e-07
22379,6,1.2812419e-07
22380,6,1.2500329e-07
22381,6,1.2500384e-07
22382,6,1.2500354e-07
22383,6,1.2500425e-07
22384,6,1.2812037e-07
22385,6,1.2811611e-07
22386,6,1.281249e-07
22387,6,1.2500277e-07
22388,6,1.2500313e-07
22389,6,1.2500309e-07
22390,6,1.2500372e-07
22391,6,1.2811459e-07
22392,6,1.2811394e-07
22393,6,1.281227e-07
22394,6,1.2500124e-07
22395,6,1.2500088e-07
22396,6,1.2500188e-07
22397,6,1.2500231e-07
22398,7,1.2808796e-07
22399,6,7.656453913138452e-08
22399,7,5.154495086861549e-08
22400,7,1.2810593e-07
22401,6,8.279551865035851e-08
22401,7,4.220198134964148e-08
22402,7,1.2499313e-07
22403,6,7.283308831708638e-08
22403,7,5.216668168291364e-08
22404,7,1.2499922e-07
22405,7,1.2796386e-07
22406,7,1.2806674e-07
22407,7,1.2778617e-07
22408,7,1.2498229e-07
22409,7,1.2495309e-07
22410,7,1.2499582e-07
22411,7,1.2498464e-07
22412,7,1.1695668115017317e-07
22412,8,1.0246118849826822e-08
22413,7,1.2746908e-07
22414,7,1.093345163009793e-07
22414,8,1.7699633699020708e-08
22415,7,1.2487691e-07
22416,7,1.1697521206698886e-07
22416,8,7.682687933011153e-09
22417,7,1.2493671e-07
22418,7,1.0977829327572657e-07
22418,8,1.496203672427343e-08
22419,8,1.1721492e-07
22420,8,1.2494745e-07
22421,8,1.1652266e-07
22422,8,1.2409983e-07
22423,8,1.2266545e-07
22424,8,1.2408454e-07
22425,8,1.2227546e-07
22426,8,1.2450778e-07
22427,8,1.1574577e-07
22428,8,1.2375521e-07
22429,8,1.2193867e-07
22430,8,1.2447148e-07
22431,8,1.2361671e-07
22432,8,1.2542322e-07
22433,7,1.2717595e-07
22434,7,7.115999609877067e-08
22434,8,5.0595963901229335e-08
22435,7,1.2742311e-07
22436,7,9.537902866772603e-08
22436,8,2.9694321332273963e-08
22437,7,1.2512927e-07
22438,7,7.378507025373569e-08
22438,8,5.186899974626432e-08
22439,7,1.2543152e-07
22440,7,1.2811763e-07
22441,7,1.2801931e-07
22442,7,1.2823186e-07
22443,7,1.2507613e-07
22444,7,1.250321e-07
22445,7,1.252172e-07
22446,7,1.2509044e-07
22447,6,5.718780653634659e-08
22447,7,7.093248346365342e-08
22448,7,1.282027e-07
22449,6,2.638886280401999e-08
22449,7,1.0176135719598e-07
22450,7,1.2501268e-07
22451,6,5.30931986166813e-08
22451,7,7.191075138331871e-08
22452,7,1.2503769e-07
22453,6,2.393191417245752e-08
22453,7,1.0108147582754247e-07
22454,6,1.2811322e-07
22455,6,1.2815343e-07
22456,6,1.2812542e-07
22457,6,1.250038e-07
22458,6,1.2500211e-07
22459,6,1.2500917e-07
22460,6,1.2500443e-07
22461,6,1.2811362e-07
22462,6,1.2813782e-07
22463,6,1.2812068e-07
22464,6,1.2500375e-07
22465,6,1.2500284e-07
22466,6,1.2500583e-07
22467,6,1.2500394e-07
22468,6,1.2811489e-07
22469,6,1.2813084e-07
22470,6,1.2811967e-07
22471,6,1.2500408e-07
22472,6,1.2500333e-07
22473,6,1.2500524e-07
22474,6,1.2500403e-07
22475,6,1.2811603e-07
22476,6,1.2812667e-07
22477,6,1.2811944e-07
22478,6,1.2500408e-07
22479,6,1.2500355e-07
22480,6,1.2500479e-07
22481,6,1.2500398e-07
22482,6,1.2811678e-07
22483,6,1.2812354e-07
22484,6,1.2811948e-07
22485,6,1.2500401e-07
22486,6,1.2500367e-07
22487,6,1.2500446e-07
22488,6,1.2500403e-07
22489,6,1.2811749e-07
22490,6,1.2812131e-07
22491,6,1.2811992e-07
22492,6,1.250039e-07
22493,6,1.2500383e-07
22494,6,1.2500431e-07
22495,6,1.2500413e-07
22496,6,1.2811833e-07
22497,6,1.2811995e-07
22498,6,1.2812121e-07
22499,6,1.2500383e-07
22500,6,1.250039e-07
22501,6,1.2500413e-07
22502,6,1.2500431e-07
22503,6,1.2811946e-07
22504,6,1.2811944e-07
22505,6,1.2812349e-07
22506,6,1.2500368e-07
22507,6,1.2500395e-07
22508,6,1.2500402e-07
22509,6,1.2500446e-07
22510,6,1.2812053e-07
22511,6,1.2811945e-07
22512,6,1.281265e-07
22513,6,1.2500355e-07
22514,6,1.2500414e-07
22515,6,1.2500404e-07
22516,6,1.2500485e-07
22517,6,1.2812164e-07
22518,6,1.281198e-07
22519,6,1.2813072e-07
22520,6,1.2500335e-07
22521,6,1.2500408e-07
22522,6,1.2500404e-07
22523,6,1.2500522e-07
22524,6,1.2812295e-07
22525,6,1.281209e-07
22526,6,1.2813758e-07
22527,6,1.2500288e-07
22528,6,1.2500377e-07
22529,6,1.2500397e-07
22530,6,1.2500588e-07
22531,6,1.2812527e-07
22532,6,1.2812567e-07
22533,6,1.2815312e-07
22534,6,1.2500215e-07
22535,6,1.2500384e-07
22536,6,1.2500454e-07
22537,6,1.2500925e-07
22538,7,1.2813059e-07
22539,6,2.6391093207282837e-08
22539,7,1.0175861679271716e-07
22540,7,1.282009e-07
22541,6,5.309374447065307e-08
22541,7,7.191016552934692e-08
22542,7,1.2501157e-07
22543,6,2.3932454063458787e-08
22543,7,1.0108104593654122e-07
22544,7,1.2503688e-07
22545,7,1.277027e-07
22546,7,1.2822575e-07
22547,7,1.2800657e-07
22548,7,1.2502732e-07
22549,7,1.250607e-07
22550,7,1.2508619e-07
22551,7,1.2520275e-07
22552,7,9.514389591283823e-08
22552,8,3.149449408716177e-08
22553,7,1.2739003e-07
22554,7,7.12716729717689e-08
22554,8,5.0429397028231104e-08
22555,7,1.2509135e-07
22556,7,9.540830729960795e-08
22556,8,2.958151270039204e-08
22557,7,1.2538695e-07
22558,7,7.387273965688965e-08
22558,8,5.167343034311036e-08
22559,8,1.1498967e-07
22560,8,1.2369036e-07
22561,8,1.1556641e-07
22562,8,1.2429733e-07
22563,8,1.217665e-07
22564,8,1.252236e-07
22565,8,1.2316072e-07
22566,8,1.356132e-07
22567,8,1.2842222e-07
22568,8,1.3501468e-07
22569,8,1.2624884e-07
22570,8,1.2666703e-07
22571,8,1.2360075e-07
22572,8,1.2681061e-07
22573,7,1.2789487e-07
22574,7,7.665030282880949e-09
22574,8,1.1381476971711904e-07
22575,7,1.2840718e-07
22576,7,4.5043397845520556e-08
22576,8,8.134119215447944e-08
22577,7,1.2583117e-07
22578,7,9.425837191685886e-09
22578,8,1.1752783280831412e-07
22579,7,1.2628104e-07
22580,7,1.2839151e-07
22581,7,1.2901612e-07
22582,7,1.286124e-07
22583,7,1.2541538e-07
22584,7,1.2517754e-07
22585,7,1.2569514e-07
22586,7,1.2531819e-07
22587,7,1.2817825e-07
22588,7,1.2840229e-07
22589,7,1.2824345e-07
22590,7,1.250728e-07
22591,7,1.2502581e-07
22592,7,1.2513881e-07
22593,7,1.2505299e-07
22594,6,1.2812531e-07
22595,6,5.127230915920772e-08
22595,7,7.693929084079226e-08
22596,6,1.2815131e-07
22597,6,1.0289781088548154e-07
22597,7,2.2115649114518466e-08
22598,6,1.2500533e-07
22599,6,5.307731134607848e-08
22599,7,7.194941865392152e-08
22600,6,1.2501109e-07
22601,6,1.2811573e-07
22602,6,1.2816018e-07
22603,6,1.2812972e-07
22604,6,1.2500581e-07
22605,6,1.2500334e-07
22606,6,1.2500994e-07
22607,6,1.250055e-07
22608,6,1.2811479e-07
22609,6,1.2814169e-07
22610,6,1.2812387e-07
22611,6,1.2500466e-07
22612,6,1.2500336e-07
22613,6,1.2500679e-07
22614,6,1.2500457e-07
22615,6,1.2811534e-07
22616,6,1.2813257e-07
22617,6,1.2812158e-07
22618,6,1.2500424e-07
22619,6,1.2500346e-07
22620,6,1.2500549e-07
22621,6,1.2500423e-07
22622,6,1.2811597e-07
22623,6,1.2812657e-07
22624,6,1.2812055e-07
22625,6,1.2500403e-07
22626,6,1.2500361e-07
22627,6,1.2500486e-07
22628,6,1.2500413e-07
22629,6,1.2811676e-07
22630,6,1.2812294e-07
22631,6,1.2812097e-07
22632,6,1.2500386e-07
22633,6,1.2500368e-07
22634,6,1.250043e-07
22635,6,1.2500403e-07
22636,6,1.2811784e-07
22637,6,1.2812094e-07
22638,6,1.2812278e-07
22639,6,1.2500368e-07
22640,6,1.2500386e-07
22641,6,1.2500404e-07
22642,6,1.250043e-07
22643,6,1.2811934e-07
22644,6,1.2812056e-07
22645,6,1.2812651e-07
22646,6,1.2500361e-07
22647,6,1.2500403e-07
22648,6,1.2500414e-07
22649,6,1.2500485e-07
22650,6,1.281215e-07
22651,6,1.2812166e-07
22652,6,1.2813238e-07
22653,6,1.2500346e-07
22654,6,1.2500423e-07
22655,6,1.2500423e-07
22656,6,1.2500547e-07
22657,6,1.2812497e-07
22658,6,1.2812412e-07
22659,6,1.2814148e-07
22660,6,1.2500338e-07
22661,6,1.2500464e-07
22662,6,1.250046e-07
22663,6,1.2500676e-07
22664,6,1.2813303e-07
22665,6,1.2813011e-07
22666,6,1.2816003e-07
22667,6,1.2500338e-07
22668,6,1.2500586e-07
22669,6,1.250056e-07
22670,6,1.2501003e-07
22671,6,1.0374083413458519e-07
22671,7,2.441897586541481e-08
22672,6,1.2815172e-07
22673,6,5.1273644051997e-08
22673,7,7.6937585948003e-08
22674,6,1.2500552e-07
22675,6,1.0289819111326717e-07
22675,7,2.2115508886732835e-08
22676,6,1.2501131e-07
22677,6,5.307757070851309e-08
22677,7,7.194938929148692e-08
22678,7,1.2826802e-07
22679,7,1.2824324e-07
22680,7,1.2840163e-07
22681,7,1.2502629e-07
22682,7,1.2507332e-07
22683,7,1.2505329e-07
22684,7,1.2513982e-07
22685,7,1.2850552e-07
22686,7,1.2861134e-07
22687,7,1.290228e-07
22688,7,1.251769e-07
22689,7,1.2541091e-07
22690,7,1.2532075e-07
22691,7,1.2570521e-07
22692,7,4.4516455226002825e-08
22692,8,8.186644477399718e-08
22693,7,1.2842848e-07
22694,7,7.774564319212979e-09
22694,8,1.1378626568078703e-07
22695,7,1.2581106e-07
22696,7,4.519385665238652e-08
22696,8,8.11284133476135e-08
22697,7,1.2631297e-07
22698,7,9.53511262573086e-09
22698,8,1.1748057737426914e-07
22699,8,1.2869901e-07
22700,8,1.352576e-07
22701,8,1.2899092e-07
22702,8,1.2655451e-07
22703,8,1.2590564e-07
22704,8,1.2695931e-07
22705,8,1.2402745e-07
22706,8,1.3538171e-07
22707,8,1.5797359e-07
22708,8,1.376089e-07
22709,8,1.1949638e-07
22710,8,1.2677962e-07
22711,8,1.4347071e-07
22712,8,1.2786137e-07
22713,7,9.064669887208243e-08
22713,8,3.802982112791757e-08
22714,8,1.2311239e-07
22715,7,3.7426989436927905e-08
22715,8,9.197375056307209e-08
22716,8,1.2762057e-07
22717,7,8.711664519985152e-08
22717,8,3.982991480014848e-08
22718,8,1.2870967e-07
22719,7,3.6536831100647195e-08
22719,8,9.13571988993528e-08
22720,7,1.2887679e-07
22721,7,1.296775e-07
22722,7,1.2889231e-07
22723,7,1.2611663e-07
22724,7,1.2554604e-07
22725,7,1.2677067e-07
22726,7,1.2592414e-07
22727,7,1.283137e-07
22728,7,1.2856413e-07
22729,7,1.2844502e-07
22730,7,1.25245e-07
22731,7,1.2509666e-07
22732,7,1.2544065e-07
22733,7,1.251873e-07
22734,6,1.0822394084409083e-07
22734,7,1.9935169155909183e-08
22735,7,1.2832742e-07
22736,6,3.5051305156445346e-08
22736,7,9.316046484355464e-08
22737,7,1.250431e-07
22738,6,1.02889438311278e-07
22738,7,2.2126741688722007e-08
22739,7,1.2508474e-07
22740,6,3.356964036614253e-08
22740,7,9.146466963385746e-08
22741,6,1.2812305e-07
22742,6,1.2819924e-07
22743,6,1.2814988e-07
22744,6,1.2501114e-07
22745,6,1.2500511e-07
22746,6,1.2502108e-07
22747,6,1.2501024e-07
22748,6,1.2811606e-07
22749,6,1.2815995e-07
22750,6,1.281322e-07
22751,6,1.2500601e-07
22752,6,1.2500359e-07
22753,6,1.2501001e-07
22754,6,1.2500601e-07
22755,6,1.2811493e-07
22756,6,1.2814188e-07
22757,6,1.2812516e-07
22758,6,1.2500461e-07
22759,6,1.2500337e-07
22760,6,1.2500681e-07
22761,6,1.2500467e-07
22762,6,1.2811515e-07
22763,6,1.2813106e-07
22764,6,1.2812185e-07
22765,6,1.2500404e-07
22766,6,1.2500334e-07
22767,6,1.2500526e-07
22768,6,1.2500407e-07
22769,6,1.2811595e-07
22770,6,1.2812449e-07
22771,6,1.2812141e-07
22772,6,1.2500354e-07
22773,6,1.2500327e-07
22774,6,1.2500426e-07
22775,6,1.2500389e-07
22776,6,1.2811729e-07
22777,6,1.2812144e-07
22778,6,1.2812436e-07
22779,6,1.2500327e-07
22780,6,1.2500351e-07
22781,6,1.2500389e-07
22782,6,1.2500425e-07
22783,6,1.2811964e-07
22784,6,1.281218e-07
22785,6,1.2813078e-07
22786,6,1.2500333e-07
22787,6,1.2500401e-07
22788,6,1.2500408e-07
22789,6,1.2500522e-07
22790,6,1.2812379e-07
22791,6,1.2812522e-07
22792,6,1.2814155e-07
22793,6,1.2500337e-07
22794,6,1.2500456e-07
22795,6,1.2500468e-07
22796,6,1.2500678e-07
22797,6,1.2813194e-07
22798,6,1.2813253e-07
22799,6,1.2815965e-07
22800,6,1.250036e-07
22801,6,1.2500596e-07
22802,6,1.2500604e-07
22803,6,1.2500996e-07
22804,6,1.2815464e-07
22805,6,1.2815057e-07
22806,6,1.2819923e-07
22807,6,1.250052e-07
22808,6,1.2501123e-07
22809,6,1.2501035e-07
22810,6,1.2502111e-07
22811,7,1.2823461e-07
22812,6,3.5053984386477303e-08
22812,7,9.31591056135227e-08
22813,7,1.283265e-07
22814,6,1.0288990707386639e-07
22814,7,2.2126432926133613e-08
22815,7,1.2504298e-07
22816,6,3.3570287308786884e-08
22816,7,9.146405269121312e-08
22817,7,1.2508386e-07
22818,7,1.2852728e-07
22819,7,1.284422e-07
22820,7,1.2855076e-07
22821,7,1.2509603e-07
22822,7,1.2524359e-07
22823,7,1.2518382e-07
22824,7,1.2543103e-07
22825,7,1.2936364e-07
22826,7,1.2886394e-07
22827,7,1.2962804e-07
22828,7,1.2554419e-07
22829,7,1.261268e-07
22830,7,1.2590134e-07
22831,7,1.2673836e-07
22832,8,1.2195082e-07
22833,7,3.739904759937594e-08
22833,8,9.195111240062407e-08
22834,8,1.2319912e-07
22835,7,8.711385893516549e-08
22835,8,3.98340610648345e-08
22836,8,1.2777592e-07
22837,7,3.649861038144312e-08
22837,8,9.133214961855689e-08
22838,8,1.288706e-07
22839,8,1.2564814e-07
22840,8,1.3778734e-07
22841,8,1.5816982e-07
22842,8,1.2714077e-07
22843,8,1.1961727e-07
22844,8,1.280849e-07
22845,8,1.4311908e-07
22846,8,1.2984835e-07
22847,8,1.2505194e-07
22848,8,1.2906819e-07
22849,8,1.2947019e-07
22850,8,1.2895498e-07
22851,8,1.3013801e-07
22852,8,1.2970349e-07
22853,7,1.2895422e-07
22854,7,2.573270159315521e-08
22854,8,9.948969840684479e-08
22855,7,1.29613e-07
22856,7,9.385951159619717e-08
22856,8,3.3762868403802834e-08
22857,7,1.2648017e-07
22858,7,2.859222037634159e-08
22858,8,9.99895796236584e-08
22859,7,1.2724143e-07
22860,7,1.2860633e-07
22861,7,1.2902472e-07
22862,7,1.2852811e-07
22863,7,1.2575264e-07
22864,7,1.2534245e-07
22865,7,1.2624761e-07
22866,7,1.2562369e-07
22867,7,1.282505e-07
22868,7,1.2835936e-07
22869,7,1.2836085e-07
22870,7,1.2515382e-07
22871,7,1.2506277e-07
22872,7,1.253004e-07
22873,7,1.2513545e-07
22874,6,1.2815042e-07
22875,7,1.2829297e-07
22876,6,5.416266343876591e-08
22876,7,7.40457465612341e-08
22877,6,5.306868589642294e-08
22877,7,7.196288410357706e-08
22878,6,1.2501338e-07
22879,7,1.2506806e-07
22880,6,5.30687251400089e-08
22880,7,7.196296485999109e-08
22881,6,1.2812356e-07
22882,6,1.2820028e-07
22883,6,1.2815572e-07
22884,6,1.2501031e-07
22885,6,1.2500524e-07
22886,6,1.2502135e-07
22887,6,1.2501148e-07
22888,6,1.2811636e-07
22889,6,1.2816111e-07
22890,6,1.2813372e-07
22891,6,1.2500572e-07
22892,6,1.2500346e-07
22893,6,1.2501036e-07
22894,6,1.250061e-07
22895,6,1.2811416e-07
22896,6,1.2813839e-07
22897,6,1.2812317e-07
22898,6,1.2500399e-07
22899,6,1.2500286e-07
22900,6,1.2500603e-07
22901,6,1.250039e-07
22902,6,1.2811413e-07
22903,6,1.2812529e-07
22904,6,1.281204e-07
22905,6,1.2500309e-07
22906,6,1.2500279e-07
22907,6,1.2500387e-07
22908,6,1.2500322e-07
22909,6,1.2811617e-07
22910,6,1.281204e-07
22911,6,1.2812508e-07
22912,6,1.2500278e-07
22913,6,1.2500305e-07
22914,6,1.2500321e-07
22915,6,1.2500383e-07
22916,6,1.281207e-07
22917,6,1.2812299e-07
22918,6,1.2813781e-07
22919,6,1.2500284e-07
22920,6,1.2500392e-07
22921,6,1.2500387e-07
22922,6,1.2500595e-07
22923,6,1.2812956e-07
22924,6,1.2813344e-07
22925,6,1.2816021e-07
22926,6,1.2500343e-07
22927,6,1.2500564e-07
22928,6,1.2500607e-07
22929,6,1.2501025e-07
22930,6,1.2814988e-07
22931,6,1.2815582e-07
22932,6,1.282e-07
22933,6,1.2500524e-07
22934,6,1.2501021e-07
22935,6,1.2501142e-07
22936,6,1.2502118e-07
22937,6,5.416534924737481e-08
22937,7,7.40429207526252e-08
22938,6,5.41656671534434e-08
22938,7,7.404468284655661e-08
22939,7,1.2829557e-07
22940,6,1.2501349e-07
22941,6,5.306955387131933e-08
22941,7,7.196213612868066e-08
22942,6,5.3069535025128005e-08
22942,7,7.196242497487199e-08
22943,7,1.2506881e-07
22944,7,1.283979e-07
22945,7,1.2836929e-07
22946,7,1.2837014e-07
22947,7,1.2506306e-07
22948,7,1.2515331e-07
22949,7,1.2513777e-07
22950,7,1.2530486e-07
22951,7,1.2867931e-07
22952,7,1.2854499e-07
22953,7,1.2901833e-07
22954,7,1.2533725e-07
22955,7,1.2573257e-07
22956,7,1.25627e-07
22957,7,1.262342e-07
22958,7,9.35725277513441e-08
22958,8,3.6158602248655904e-08
22959,7,1.2955542e-07
22960,7,2.5673858024709615e-08
22960,8,9.935518197529037e-08
22961,7,1.2642071e-07
22962,7,9.377552927014286e-08
22962,8,3.368447072985714e-08
22963,7,1.2717332e-07
22964,7,2.8548868799979374e-08
22964,8,9.978589120002062e-08
22965,8,1.2474248e-07
22966,8,1.2872846e-07
22967,8,1.2453534e-07
22968,8,1.2863526e-07
22969,8,1.2938313e-07
22970,8,1.2927485e-07
22971,8,1.2956444e-07
22972,8,1.3861971e-07
22973,8,1.4850365e-07
22974,8,1.3416511e-07
22975,8,1.2195258e-07
22976,8,1.2907417e-07
22977,8,1.3384699e-07
22978,8,1.2973565e-07
22979,7,6.825665589491113e-08
22979,8,6.153517410508886e-08
22980,8,1.2436728e-07
22981,8,1.2872016e-07
22982,8,1.2950209e-07
22983,7,6.451005110892755e-08
22983,8,6.369408889107246e-08
22984,8,1.3088804e-07
22985,8,1.2926342e-07
22986,7,1.2845012e-07
22987,7,8.293568424554366e-08
22987,8,4.1311765754456337e-08
22988,7,1.288583e-07
22989,7,1.2694505e-07
22990,7,1.2606975e-07
22991,7,8.627636528379012e-08
22991,8,4.15025147162099e-08
22992,7,1.267225e-07
22993,7,1.2849352e-07
22994,7,1.2865712e-07
22995,7,1.2843374e-07
22996,7,1.2555757e-07
22997,7,1.2527312e-07
22998,7,1.2601316e-07
22999,7,1.2556055e-07
23000,7,1.2825215e-07
23001,7,1.2836327e-07
23002,7,1.2840188e-07
23003,7,1.251357e-07
23004,7,1.2506323e-07
23005,7,1.2530199e-07
23006,7,1.2515502e-07
23007,6,1.0822495913589021e-07
23007,7,1.993633086410979e-08
23008,7,1.2833179e-07
23009,7,1.2823927e-07
23010,6,3.356972700901488e-08
23010,7,9.146531299098512e-08
23011,6,1.0288976681591337e-07
23011,7,2.2127243184086628e-08
23012,7,1.2508618e-07
23013,7,1.2504485e-07
23014,6,1.2812724e-07
23015,6,5.127215479583799e-08
23015,7,7.6943285204162e-08
23016,6,1.0374009124631144e-07
23016,7,2.442246875368856e-08
23017,6,1.2501194e-07
23018,6,1.2500599e-07
23019,6,5.30773259804981e-08
23019,7,7.195121401950189e-08
23020,6,1.0289817448596601e-07
23020,7,2.2116655514033996e-08
23021,6,1.2811439e-07
23022,6,1.2815567e-07
23023,6,1.2812658e-07
23024,6,1.2500496e-07
23025,6,1.2500251e-07
23026,6,1.2501009e-07
23027,6,1.2500447e-07
23028,6,1.2811081e-07
23029,6,1.2812386e-07
23030,6,1.2811481e-07
23031,6,1.2500221e-07
23032,6,1.2500146e-07
23033,6,1.2500283e-07
23034,6,1.2500113e-07
23035,6,1.2811407e-07
23036,6,1.2811467e-07
23037,6,1.281231e-07
23038,6,1.2500144e-07
23039,6,1.2500212e-07
23040,6,1.2500107e-07
23041,6,1.2500263e-07
23042,6,1.281256e-07
23043,6,1.2812555e-07
23044,6,1.2815381e-07
23045,6,1.2500238e-07
23046,6,1.2500472e-07
23047,6,1.2500416e-07
23048,6,1.2500956e-07
23049,6,1.2815173e-07
23050,6,1.0373902018570625e-07
23050,7,2.4422279814293756e-08
23051,6,5.127080019387877e-08
23051,7,7.694246980612124e-08
23052,6,1.2500574e-07
23053,6,1.2501153e-07
23054,6,1.0289778662091483e-07
23054,7,2.2116423379085182e-08
23055,6,5.307697245768924e-08
23055,7,7.195080754231075e-08
23056,6,3.5052095336470665e-08
23056,7,9.316106466352935e-08
23057,7,1.2823884e-07
23058,7,1.2833158e-07
23059,6,1.0288972336433086e-07
23059,7,2.2126996635669155e-08
23060,6,3.35700304148412e-08
23060,7,9.14646595851588e-08
23061,7,1.2504446e-07
23062,7,1.2508605e-07
23063,7,1.2836625e-07
23064,7,1.2840544e-07
23065,7,1.2837305e-07
23066,7,1.250636e-07
23067,7,1.2513762e-07
23068,7,1.2515623e-07
23069,7,1.2530639e-07
23070,7,1.2845727e-07
23071,7,1.2846412e-07
23072,7,1.2872894e-07
23073,7,1.2528059e-07
23074,7,1.2557678e-07
23075,7,1.2557704e-07
23076,7,1.2606156e-07
23077,7,1.2926242e-07
23078,7,1.2901053e-07
23079,7,8.301989593621923e-08
23079,8,4.1438354063780764e-08
23080,7,1.2610517e-07
23081,7,1.2698976e-07
23082,7,1.268348e-07
23083,7,8.635017291163858e-08
23083,8,4.162418708836141e-08
23084,8,1.2907262e-07
23085,8,1.2890246e-07
23086,8,1.2426746e-07
23087,7,6.449727373474546e-08
23087,8,6.369519626525453e-08
23088,8,1.2925269e-07
23089,8,1.2946697e-07
23090,8,1.3087688e-07
23091,8,1.2665726e-07
23092,8,1.3335711e-07
23093,8,1.467438e-07
23094,8,1.2861063e-07
23095,8,1.2075131e-07
23096,8,1.2987469e-07
23097,8,1.3397243e-07
23098,8,1.3704859e-07
23099,8,1.1895563e-07
23100,8,1.2347669e-07
23101,8,1.2959319e-07
23102,8,1.2918505e-07
23103,8,1.1923394e-07
23104,8,1.259183e-07
23105,7,9.780055515316535e-08
23105,8,3.080078484683466e-08
23106,8,1.1795449e-07
23107,7,1.1578977350313485e-09
23107,8,1.2594273226496865e-07
23108,8,1.2833404e-07
23109,7,9.356598328068963e-08
23109,8,3.3961656719310364e-08
23110,8,1.2789388e-07
23111,8,1.2834432e-07
23112,7,1.2846089e-07
23113,7,8.2915370041672e-08
23113,8,4.135680995832802e-08
23114,7,1.292464e-07
23115,7,1.2673387e-07
23116,7,1.2607916e-07
23117,7,8.627791989306245e-08
23117,8,4.153348010693754e-08
23118,7,1.2697239e-07
23119,7,1.286124e-07
23120,7,1.2903923e-07
23121,7,1.2871419e-07
23122,7,1.2562655e-07
23123,7,1.2534403e-07
23124,7,1.2625286e-07
23125,7,1.2575515e-07
23126,7,1.2832271e-07
23127,7,1.285815e-07
23128,7,1.2854994e-07
23129,7,1.2519064e-07
23130,7,1.2510102e-07
23131,7,1.2544905e-07
23132,7,1.2525681e-07
23133,7,1.2818571e-07
23134,7,1.2842088e-07
23135,7,1.2828176e-07
23136,7,1.2505711e-07
23137,7,1.2502917e-07
23138,7,1.2515026e-07
23139,7,1.2508147e-07
23140,6,5.7188755947832927e-08
23140,7,7.093539405216708e-08
23141,7,1.2821275e-07
23142,7,1.2813811e-07
23143,6,2.39313134030677e-08
23143,7,1.0108443659693231e-07
23144,6,5.309326456188588e-08
23144,7,7.191220543811414e-08
23145,7,1.2504332e-07
23146,7,1.250158e-07
23147,6,8.708441116903527e-08
23147,7,4.101896883096474e-08
23148,7,1.2811143e-07
23149,7,1.2809048e-07
23150,6,7.283301440905006e-08
23150,7,5.2167895590949943e-08
23151,6,8.27955181836949e-08
23151,7,4.220267181630509e-08
23152,7,1.2500206e-07
23153,7,1.2499499e-07
23154,6,7.656408563322731e-08
23154,7,5.1546534366772686e-08
23155,7,1.2808985e-07
23156,7,1.2810811e-07
23157,6,8.27955599636133e-08
23157,7,4.220246003638669e-08
23158,6,7.283312262504383e-08
23158,7,5.216724737495617e-08
23159,7,1.2499458e-07
23160,7,1.2500071e-07
23161,6,2.638776404487791e-08
23161,7,1.0176345595512209e-07
23162,7,1.281337e-07
23163,7,1.282041e-07
23164,6,5.30934063892274e-08
23164,7,7.191110361077259e-08
23165,6,2.393149045740887e-08
23165,7,1.0108261954259113e-07
23166,7,1.2501325e-07
23167,7,1.25039e-07
23168,7,1.2824737e-07
23169,7,1.2827381e-07
23170,7,1.2841105e-07
23171,7,1.2502737e-07
23172,7,1.2505543e-07
23173,7,1.2507638e-07
23174,7,1.2514562e-07
23175,7,1.2845287e-07
23176,7,1.2854687e-07
23177,7,1.2858316e-07
23178,7,1.2510026e-07
23179,7,1.251913e-07
23180,7,1.2525631e-07
23181,7,1.2545556e-07
23182,7,1.2854693e-07
23183,7,1.287199e-07
23184,7,1.2904742e-07
23185,7,1.2534697e-07
23186,7,1.2563382e-07
23187,7,1.2576596e-07
23188,7,1.2625894e-07
23189,7,1.2898029e-07
23190,7,1.2926055e-07
23191,7,8.297582801811631e-08
23191,8,4.1421621981883676e-08
23192,7,1.2610216e-07
23193,7,1.2681676e-07
23194,7,1.2698219e-07
23195,7,8.630868294464825e-08
23195,8,4.160734705535176e-08
23196,7,1.1627509519034946e-09
23196,8,1.264037090480965e-07
23197,7,1.135515168866577e-09
23197,8,1.2637877483113342e-07
23198,8,1.1873405e-07
23199,7,9.363789243661588e-08
23199,8,3.410284756338411e-08
23200,8,1.2881967e-07
23201,8,1.28709e-07
23202,8,1.2872693e-07
23203,8,1.3332209e-07
23204,8,1.2431652e-07
23205,8,1.1907011e-07
23206,8,1.2993315e-07
23207,8,1.3124839e-07
23208,8,1.2722817e-07
23209,8,1.209695e-07
23210,8,1.3704906e-07
23211,8,1.1703381e-07
23212,8,1.3253876e-07
23213,8,1.2578556e-07
23214,8,1.2931659e-07
23215,8,1.190072e-07
23216,8,1.3074681e-07
23217,7,6.825534358754603e-08
23217,8,6.156528641245396e-08
23218,8,1.2422748e-07
23219,8,1.2929295e-07
23220,8,1.2937582e-07
23221,7,6.45225172798968e-08
23221,8,6.373554272010317e-08
23222,8,1.3095327e-07
23223,8,1.2946534e-07
23224,7,1.2897105e-07
23225,7,2.5801604137343555e-08
23225,8,9.945015586265644e-08
23226,7,9.370715573713699e-08
23226,8,3.618956426286302e-08
23227,7,1.2724219e-07
23228,7,1.2647791e-07
23229,7,2.8658688089873592e-08
23229,8,9.98980119101264e-08
23230,7,9.390279801822886e-08
23230,8,3.371049198177115e-08
23231,7,1.2891936e-07
23232,7,1.2975792e-07
23233,7,1.2945112e-07
23234,7,1.2594595e-07
23235,7,1.2557774e-07
23236,7,1.2683115e-07
23237,7,1.2620092e-07
23238,7,1.2842461e-07
23239,7,1.2909851e-07
23240,7,1.2856859e-07
23241,7,1.253478e-07
23242,7,1.251993e-07
23243,7,1.2577144e-07
23244,7,1.2546951e-07
23245,7,1.2813207e-07
23246,7,1.2806339e-07
23247,7,1.2774169e-07
23248,7,1.2510453e-07
23249,7,1.2503973e-07
23250,7,1.2525095e-07
23251,7,1.2509287e-07
23252,7,1.2806339e-07
23253,7,1.2781008e-07
23254,7,1.2797697e-07
23255,7,1.2500354e-07
23256,7,1.2498723e-07
23257,7,1.2500332e-07
23258,7,1.2496472e-07
23259,7,1.280734e-07
23260,7,1.2797532e-07
23261,7,1.2779791e-07
23262,7,1.2498622e-07
23263,7,1.2500003e-07
23264,7,1.2496241e-07
23265,7,1.2499523e-07
23266,7,1.2823427e-07
23267,7,1.2772329e-07
23268,7,1.2802161e-07
23269,7,1.2503277e-07
23270,7,1.2509249e-07
23271,7,1.2507562e-07
23272,7,1.2522004e-07
23273,7,1.2862976e-07
23274,7,1.2852273e-07
23275,7,1.2904081e-07
23276,7,1.2518419e-07
23277,7,1.2533359e-07
23278,7,1.2542732e-07
23279,7,1.2572875e-07
23280,7,1.2893358e-07
23281,7,1.2942582e-07
23282,7,1.2976465e-07
23283,7,1.2557372e-07
23284,7,1.2596147e-07
23285,7,1.2618496e-07
23286,7,1.268754e-07
23287,7,1.2963746e-07
23288,7,9.359003897824887e-08
23288,8,3.6340301021751124e-08
23289,7,2.5680184634679675e-08
23289,8,9.955553536532031e-08
23290,7,1.2651349e-07
23291,7,1.2727509e-07
23292,7,9.383847898761761e-08
23292,8,3.386199101238238e-08
23293,7,2.858410284581054e-08
23293,8,1.0006642715418946e-07
23294,8,1.2876407e-07
23295,8,1.2913528e-07
23296,8,1.2404551e-07
23297,7,6.453875063309119e-08
23297,8,6.371185936690881e-08
23298,8,1.2922971e-07
23299,8,1.2943193e-07
23300,8,1.3055021e-07
23301,8,1.2455738e-07
23302,8,1.3308379e-07
23303,8,1.1923749e-07
23304,8,1.2957191e-07
23305,8,1.2665177e-07
23306,8,1.3039837e-07
23307,8,1.1917273e-07
23308,8,1.3865439e-07
23309,8,1.4864104e-07
23310,8,1.2826778e-07
23311,8,1.2980257e-07
23312,8,1.2869137e-07
23313,8,1.333233e-07
23314,8,1.2078832e-07
23315,8,1.2993642e-07
23316,8,1.2535283e-07
23317,8,1.2518184e-07
23318,8,1.2955301e-07
23319,8,1.2886573e-07
23320,8,1.2993543e-07
23321,8,1.2985729e-07
23322,7,9.059507020303142e-08
23322,8,3.824685979696858e-08
23323,8,1.234636e-07
23324,8,1.2213771e-07
23325,7,3.65204213617905e-08
23325,8,9.15150986382095e-08
23326,7,8.707541546044217e-08
23326,8,4.0061204539557826e-08
23327,8,1.2921898e-07
23328,8,1.2804122e-07
23329,7,1.2801769e-07
23330,7,7.397483144974366e-09
23330,8,1.1428397685502563e-07
23331,7,4.4190868863172193e-08
23331,8,8.23834911368278e-08
23332,7,1.2645601e-07
23333,7,1.2594703e-07
23334,7,9.127155086254491e-09
23334,8,1.1816091491374551e-07
23335,7,4.4876099350666266e-08
23335,8,8.174764064933373e-08
23336,7,1.2722335e-07
23337,7,7.108056476288301e-08
23337,8,5.082398523711698e-08
23338,7,9.505884869075581e-08
23338,8,3.171594130924419e-08
23339,7,1.2550661e-07
23340,7,1.2516885e-07
23341,7,7.369895244297998e-08
23341,8,5.211671755702e-08
23342,7,9.53357637266647e-08
23342,8,2.9802706273335306e-08
23343,7,1.2783127e-07
23344,7,1.0929486496479325e-07
23344,8,1.7796675035206762e-08
23345,7,1.1693732346130225e-07
23345,8,1.029193653869774e-08
23346,7,1.2497836e-07
23347,7,1.2490265e-07
23348,7,1.0974806735948302e-07
23348,8,1.5056102640516963e-08
23349,7,1.1695871190752404e-07
23349,8,7.740988092475966e-09
23350,7,1.2749754e-07
23351,7,1.1696486079932384e-07
23351,8,1.0267899200676143e-08
23352,7,1.0936617888508937e-07
23352,8,1.7712421114910632e-08
23353,7,1.2489852e-07
23354,7,1.2496177e-07
23355,7,1.1697700707535428e-07
23355,8,7.716842924645727e-09
23356,7,1.098038265068166e-07
23356,8,1.498263349318339e-08
23357,7,1.2742804e-07
23358,7,9.518418516497292e-08
23358,8,3.156701483502709e-08
23359,7,7.121674375782186e-08
23359,8,5.0574896242178136e-08
23360,7,1.2513107e-07
23361,7,1.2543331e-07
23362,7,9.543428843853227e-08
23362,8,2.9659641561467744e-08
23363,7,7.382380398351804e-08
23363,8,5.184253601648195e-08
23364,7,1.2842552e-07
23365,7,4.4331561743823775e-08
23365,8,8.204265825617623e-08
23366,7,7.49906337805219e-09
23366,8,1.1394751662194781e-07
23367,7,1.2583428e-07
23368,7,1.263257e-07
23369,7,4.502162692644604e-08
23369,8,8.134501307355396e-08
23370,7,9.254909242307547e-09
23370,8,1.1772407075769244e-07
23371,7,3.7215847256693164e-08
23371,8,9.233915274330684e-08
23372,8,1.2191616e-07
23373,8,1.2335995e-07
23374,7,8.697819519165803e-08
23374,8,4.007215480834196e-08
23375,7,3.6325572339247515e-08
23375,8,9.178827766075248e-08
23376,8,1.2773171e-07
23377,8,1.2912222e-07
23378,8,1.290465e-07
23379,8,1.2523511e-07
23380,8,1.2522035e-07
23381,8,1.2917777e-07
23382,8,1.295853e-07
23383,8,1.3027443e-07
23384,8,1.301506e-07
23385,8,1.3325782e-07
23386,8,1.2800877e-07
23387,8,1.4790437e-07
23388,8,1.2918037e-07
23389,8,1.2884826e-07
23390,8,1.2231902e-07
23391,8,1.3360318e-07
23392,8,1.3548764e-07
23393,8,1.5673549e-07
23394,8,1.2494099e-07
23395,8,1.2951335e-07
23396,8,1.2774389e-07
23397,8,1.4662046e-07
23398,8,1.211009e-07
23399,8,1.3587347e-07
23400,8,1.2777316e-07
23401,8,1.2830722e-07
23402,8,1.2743645e-07
23403,8,1.2707322e-07
23404,8,1.2500356e-07
23405,8,1.2651226e-07
23406,8,1.2458335e-07
23407,8,1.1593618e-07
23408,8,1.1512894e-07
23409,8,1.2570142e-07
23410,8,1.2460014e-07
23411,8,1.238595e-07
23412,8,1.2201641e-07
23413,8,1.2502377e-07
23414,8,1.1642006e-07
23415,8,1.1708762e-07
23416,8,1.241803e-07
23417,8,1.2412461e-07
23418,8,1.2221453e-07
23419,8,1.226057e-07
23420,8,1.2501224e-07
23421,8,1.1715549e-07
23422,8,1.1654628e-07
23423,8,1.2414475e-07
23424,8,1.2416944e-07
23425,8,1.2269984e-07
23426,8,1.2230866e-07
23427,8,1.2388482e-07
23428,8,1.1534767e-07
23429,8,1.1614616e-07
23430,8,1.2453417e-07
23431,8,1.2550176e-07
23432,8,1.2215091e-07
23433,8,1.2373988e-07
23434,8,1.3478908e-07
23435,8,1.2836623e-07
23436,8,1.2762994e-07
23437,8,1.2657922e-07
23438,8,1.268607e-07
23439,8,1.257996e-07
23440,8,1.2390256e-07
23441,8,1.3776906e-07
23442,8,1.2471174e-07
23443,8,1.5749465e-07
23444,8,1.2688555e-07
23445,8,1.2850918e-07
23446,8,1.1947835e-07
23447,8,1.4376352e-07
23448,2,1.1769539e-07
23449,2,1.2138682e-07
23450,2,1.1125046e-07
23451,2,1.2882711e-07
23452,2,1.1833753e-07
23453,2,1.2787724e-07
23454,2,1.1893925e-07
23455,2,1.2820388e-07
23456,2,1.1115284e-07
23457,2,1.2092847e-07
23458,2,1.1910155e-07
23459,2,1.2827977e-07
23460,2,1.1899316e-07
23461,2,1.2760471e-07
23462,2,1.1576193e-07
23463,2,1.2140936e-07
23464,2,1.1312794e-07
23465,2,1.4798058e-07
23466,2,1.1588451e-07
23467,2,1.2264519e-07
23468,2,1.207916e-07
23469,2,1.5077697e-07
23470,2,1.1396333e-07
23471,2,1.2279645e-07
23472,2,1.1835901e-07
23473,2,1.4896231e-07
23474,2,1.2192064e-07
23475,2,1.2350395e-07
23476,2,1.2123731e-07
23477,2,1.1203501e-07
23478,2,1.1228077e-07
23479,2,1.1807718e-07
23480,2,1.2267563e-07
23481,2,1.1291158e-07
23482,2,1.1974122e-07
23483,2,1.1564137e-07
23484,2,1.1223027e-07
23485,2,1.1178165e-07
23486,2,1.2299753e-07
23487,2,1.1761622e-07
23488,2,1.1976083e-07
23489,2,1.1284755e-07
23490,2,1.1152363e-07
23491,2,1.2162938e-07
23492,2,1.1161788e-07
23493,2,1.1837312e-07
23494,2,1.1312367e-07
23495,2,1.2334656e-07
23496,2,1.1985934e-07
23497,2,1.1796665e-07
23498,2,1.1179802e-07
23499,2,1.2230792e-07
23500,2,1.137055e-07
23501,2,1.1979627e-07
23502,2,1.2015097e-07
23503,2,1.236913e-07
23504,2,1.2279186e-07
23505,2,1.1534604e-07
23506,2,1.1308723e-07
23507,2,1.4872744e-07
23508,2,1.2342822e-07
23509,2,1.1576709e-07
23510,2,1.2093801e-07
23511,2,1.5025259e-07
23512,2,1.1337499e-07
23513,2,1.1660182e-07
23514,2,1.2303238e-07
23515,2,1.477382e-07
23516,2,1.2067209e-07
23517,2,1.1566308e-07
23518,2,1.2137077e-07
23519,2,1.1787321e-07
23520,2,1.1132062e-07
23521,2,1.2826012e-07
23522,2,1.2777539e-07
23523,2,1.1913478e-07
23524,2,1.1906439e-07
23525,2,1.285939e-07
23526,2,1.1134632e-07
23527,2,1.1795952e-07
23528,2,1.277619e-07
23529,2,1.282781e-07
23530,2,1.1903734e-07
23531,2,1.1880056e-07
23532,2,1.1134853e-07
23533,2,1.2915996e-07
23534,2,1.2131255e-07
23535,2,1.1925206e-07
23536,2,1.1919224e-07
23537,2,1.2909194e-07
23538,2,1.2802581e-07
23539,2,1.1833291e-07
23540,2,1.2111285e-07
23541,2,1.2827774e-07
23542,2,1.1912499e-07
23543,2,1.1923501e-07
23544,2,1.2777872e-07
23545,2,1.2840526e-07
23546,2,1.1348169e-07
23547,2,1.4908209e-07
23548,2,1.2279181e-07
23549,2,1.1750811e-07
23550,2,1.2153083e-07
23551,2,1.4830654e-07
23552,2,1.2332238e-07
23553,2,1.1707048e-07
23554,2,1.2270297e-07
23555,2,1.4899087e-07
23556,2,1.2109578e-07
23557,2,1.1683237e-07
23558,2,1.2277417e-07
23559,2,1.469348e-07
23560,2,1.1166339e-07
23561,2,1.1824667e-07
23562,2,1.1139198e-07
23563,2,1.2323685e-07
23564,2,1.1973975e-07
23565,2,1.1878598e-07
23566,2,1.1292756e-07
23567,2,1.2175994e-07
23568,2,1.1153822e-07
23569,2,1.1751689e-07
23570,2,1.2011738e-07
23571,2,1.2357595e-07
23572,2,1.1360142e-07
23573,2,1.2081956e-07
23574,2,1.1218268e-07
23575,2,1.1488743e-07
23576,2,1.2151654e-07
23577,2,1.1243921e-07
23578,2,1.1960932e-07
23579,2,1.1532852e-07
23580,2,1.2262446e-07
23581,2,1.1239293e-07
23582,2,1.2148839e-07
23583,2,1.1693265e-07
23584,2,1.1981374e-07
23585,2,1.1272931e-07
23586,2,1.2295471e-07
23587,2,1.1636184e-07
23588,2,1.1360122e-07
23589,2,1.5053706e-07
23590,2,1.1602033e-07
23591,2,1.2384717e-07
23592,2,1.2176611e-07
23593,2,1.5082392e-07
23594,2,1.1774617e-07
23595,2,1.2141118e-07
23596,2,1.1570814e-07
23597,2,1.4748046e-07
23598,2,1.2105188e-07
23599,2,1.2347204e-07
23600,2,1.1610371e-07
23601,2,1.4926123e-07
23602,2,1.1135916e-07
23603,2,1.292842e-07
23604,2,1.1777212e-07
23605,2,1.2812013e-07
23606,2,1.191399e-07
23607,2,1.2990118e-07
23608,2,1.1905404e-07
23609,2,1.2144469e-07
23610,2,1.1849028e-07
23611,2,1.2946059e-07
23612,2,1.1920824e-07
23613,2,1.2811584e-07
23614,2,1.1928213e-07
23615,2,1.2926925e-07
23616,2,1.1980366e-07
23617,2,1.2949339e-07
23618,2,1.2060281e-07
23619,2,1.277014e-07
23620,2,1.1925218e-07
23621,2,1.2945709e-07
23622,2,1.205312e-07
23623,2,1.2796739e-07
23624,2,1.2039679e-07
23625,2,1.2903379e-07
23626,2,1.1946448e-07
23627,2,1.2739444e-07
23628,2,1.2047429e-07
23629,2,1.2909843e-07
23630,2,1.1656574e-07
23631,2,1.2398718e-07
23632,2,1.2195937e-07
23633,2,1.4598634e-07
23634,2,1.1639181e-07
23635,2,1.2308527e-07
23636,2,1.2169444e-07
23637,2,1.4709168e-07
23638,2,1.2262672e-07
23639,2,1.23742e-07
23640,2,1.164857e-07
23641,2,1.4590721e-07
23642,2,1.2182936e-07
23643,2,1.2349214e-07
23644,2,1.2430129e-07
23645,2,1.1431207e-07
23646,2,1.2123329e-07
23647,2,1.1784256e-07
23648,2,1.2357533e-07
23649,2,1.1447599e-07
23650,2,1.2111925e-07
23651,2,1.1830124e-07
23652,2,1.2117159e-07
23653,2,1.1427107e-07
23654,2,1.242965e-07
23655,2,1.1836105e-07
23656,2,1.2137841e-07
23657,2,1.1474253e-07
23658,2,1.1453402e-07
23659,2,1.2464166e-07
23660,2,1.2143537e-07
23661,2,1.1813534e-07
23662,2,1.1475611e-07
23663,2,1.2461892e-07
23664,2,1.2158794e-07
23665,2,1.2142254e-07
23666,2,1.2188931e-07
23667,2,1.2453059e-07
23668,2,1.1600499e-07
23669,2,1.2168644e-07
23670,2,1.2214569e-07
23671,2,1.2508468e-07
23672,2,1.2416607e-07
23673,2,1.1665722e-07
23674,2,1.2215422e-07
23675,2,1.4715722e-07
23676,2,1.2418911e-07
23677,2,1.1701085e-07
23678,2,1.2221869e-07
23679,2,1.4453184e-07
23680,2,1.2114581e-07
23681,2,1.1531022e-07
23682,2,1.227801e-07
23683,2,1.4370368e-07
23684,2,1.2101045e-07
23685,2,1.1515247e-07
23686,2,1.2892306e-07
23687,2,1.1924054e-07
23688,2,1.2033444e-07
23689,2,1.269355e-07
23690,2,1.2894608e-07
23691,2,1.1904011e-07
23692,2,1.2030023e-07
23693,2,1.2745306e-07
23694,2,1.2047906e-07
23695,2,1.1953703e-07
23696,2,1.2924033e-07
23697,2,1.2744943e-07
23698,2,1.2048472e-07
23699,2,1.1929397e-07
23700,2,1.2061875e-07
23701,2,1.2859565e-07
23702,2,1.2942684e-07
23703,2,1.1965317e-07
23704,2,1.2063006e-07
23705,2,1.2831657e-07
23706,2,1.295039e-07
23707,2,1.1954519e-07
23708,2,1.2937832e-07
23709,2,1.2866051e-07
23710,2,1.2041691e-07
23711,2,1.189939e-07
23712,2,1.2940498e-07
23713,2,1.2788321e-07
23714,2,1.2266274e-07
23715,2,1.4817047e-07
23716,2,1.2454822e-07
23717,2,1.1726744e-07
23718,2,1.2225205e-07
23719,2,1.4697083e-07
23720,2,1.2414038e-07
23721,2,1.1598646e-07
23722,2,1.2344888e-07
23723,2,1.4616024e-07
23724,2,1.2135055e-07
23725,2,1.1553003e-07
23726,2,1.2337705e-07
23727,2,1.4577698e-07
23728,2,1.2140828e-07
23729,2,1.185867e-07
23730,2,1.1446774e-07
23731,2,1.2464281e-07
23732,2,1.2153981e-07
23733,2,1.1828319e-07
23734,2,1.1482684e-07
23735,2,1.247932e-07
23736,2,1.1509273e-07
23737,2,1.209641e-07
23738,2,1.2160422e-07
23739,2,1.2456167e-07
23740,2,1.1492058e-07
23741,2,1.1908525e-07
23742,2,1.213122e-07
23743,2,1.1838165e-07
23744,2,1.2418456e-07
23745,2,1.1531151e-07
23746,2,1.2158043e-07
23747,2,1.2005236e-07
23748,2,1.2414874e-07
23749,2,1.1409386e-07
23750,2,1.2389413e-07
23751,2,1.1646864e-07
23752,2,1.2154661e-07
23753,2,1.1490822e-07
23754,2,1.2452966e-07
23755,2,1.1834835e-07
23756,2,1.2262678e-07
23757,2,1.4730101e-07
23758,2,1.1853448e-07
23759,2,1.2266492e-07
23760,2,1.2154569e-07
23761,2,1.4401128e-07
23762,2,1.1607908e-07
23763,2,1.2418928e-07
23764,2,1.1690288e-07
23765,2,1.484669e-07
23766,2,1.2195237e-07
23767,2,1.2372621e-07
23768,2,1.1686447e-07
23769,2,1.4585561e-07
23770,2,1.2041574e-07
23771,2,1.2825246e-07
23772,2,1.1940427e-07
23773,2,1.288499e-07
23774,2,1.2026966e-07
23775,2,1.2653564e-07
23776,2,1.1901793e-07
23777,2,1.2937039e-07
23778,2,1.1961588e-07
23779,2,1.2835023e-07
23780,2,1.203881e-07
23781,2,1.2932899e-07
23782,2,1.190008e-07
23783,2,1.2771132e-07
23784,2,1.1909992e-07
23785,2,1.2900455e-07
23786,2,1.2024085e-07
23787,2,1.2717551e-07
23788,2,1.1844943e-07
23789,2,1.2894814e-07
23790,2,1.2002783e-07
23791,2,1.2651401e-07
23792,2,1.2025873e-07
23793,2,1.2882798e-07
23794,2,1.1875839e-07
23795,2,1.2714671e-07
23796,2,1.2008338e-07
23797,2,1.2888774e-07
23798,2,1.169959e-07
23799,2,1.2323416e-07
23800,2,1.2172611e-07
23801,2,1.460907e-07
23802,2,1.1698326e-07
23803,2,1.2371316e-07
23804,2,1.2172874e-07
23805,2,1.4470872e-07
23806,2,1.2125045e-07
23807,2,1.228662e-07
23808,2,1.1640244e-07
23809,2,1.4548341e-07
23810,2,1.2141312e-07
23811,2,1.2309796e-07
23812,2,1.2344185e-07
23813,2,1.1404712e-07
23814,2,1.2083509e-07
23815,2,1.1832237e-07
23816,2,1.2465048e-07
23817,2,1.14416e-07
23818,2,1.2107663e-07
23819,2,1.1876548e-07
23820,2,1.2111755e-07
23821,2,1.1466453e-07
23822,2,1.2369616e-07
23823,2,1.1758722e-07
23824,2,1.2069178e-07
23825,2,1.1406039e-07
23826,2,1.1481827e-07
23827,2,1.2450777e-07
23828,2,1.2146488e-07
23829,2,1.1863167e-07
23830,2,1.1494989e-07
23831,2,1.2434019e-07
23832,2,1.213284e-07
23833,2,1.2025517e-07
23834,2,1.2172086e-07
23835,2,1.2467958e-07
23836,2,1.1478323e-07
23837,2,1.1798167e-07
23838,2,1.2123349e-07
23839,2,1.2408721e-07
23840,2,1.2386357e-07
23841,2,1.17322e-07
23842,2,1.2206496e-07
23843,2,1.4614174e-07
23844,2,1.2355972e-07
23845,2,1.1709637e-07
23846,2,1.2176047e-07
23847,2,1.4445554e-07
23848,2,1.2103944e-07
23849,2,1.1552111e-07
23850,2,1.2344755e-07
23851,2,1.4666761e-07
23852,2,1.2134561e-07
23853,2,1.1621039e-07
23854,2,1.2873352e-07
23855,2,1.1888215e-07
23856,2,1.2009941e-07
23857,2,1.27064e-07
23858,2,1.2867242e-07
23859,2,1.1885822e-07
23860,2,1.1999942e-07
23861,2,1.2769051e-07
23862,2,1.2029818e-07
23863,2,1.1929351e-07
23864,2,1.28423e-07
23865,2,1.2578694e-07
23866,2,1.2014005e-07
23867,2,1.1923725e-07
23868,2,1.2024028e-07
23869,2,1.275288e-07
23870,2,1.2904299e-07
23871,2,1.188623e-07
23872,2,1.2009463e-07
23873,2,1.2730472e-07
23874,2,1.288563e-07
23875,2,1.1829421e-07
23876,2,1.2899949e-07
23877,2,1.2674882e-07
23878,2,1.2025479e-07
23879,2,1.1932144e-07
23880,2,1.291936e-07
23881,2,1.2834661e-07
23882,2,1.2152482e-07
23883,2,1.4592918e-07
23884,2,1.2321413e-07
23885,2,1.1636345e-07
23886,2,1.2124914e-07
23887,2,1.4463402e-07
23888,2,1.2273989e-07
23889,2,1.1577713e-07
23890,2,1.2338391e-07
23891,2,1.45998e-07
23892,2,1.2063115e-07
23893,2,1.1449668e-07
23894,2,1.229401e-07
23895,2,1.4497866e-07
23896,2,1.2121088e-07
23897,2,1.1787258e-07
23898,2,1.1460714e-07
23899,2,1.2422683e-07
23900,2,1.2124353e-07
23901,2,1.197588e-07
23902,2,1.1500676e-07
23903,2,1.2446564e-07
23904,2,1.1463017e-07
23905,2,1.1824798e-07
23906,2,1.2120225e-07
23907,2,1.2431741e-07
23908,2,1.1474654e-07
23909,2,1.1896498e-07
23910,2,1.2135183e-07
23911,2,1.1909681e-07
23912,2,1.238695e-07
23913,2,1.1469166e-07
23914,2,1.2101088e-07
23915,2,1.1753858e-07
23916,2,1.2355348e-07
23917,2,1.1486764e-07
23918,2,1.2368881e-07
23919,2,1.1832548e-07
23920,2,1.2103051e-07
23921,2,1.1475918e-07
23922,2,1.2359332e-07
23923,2,1.1841481e-07
23924,2,1.2122009e-07
23925,2,1.4441668e-07
23926,2,1.1604198e-07
23927,2,1.22864e-07
23928,2,1.2138727e-07
23929,2,1.4568475e-07
23930,2,1.1674095e-07
23931,2,1.2248931e-07
23932,2,1.1640471e-07
23933,2,1.4413236e-07
23934,2,1.2145942e-07
23935,2,1.2255578e-07
23936,2,1.1713513e-07
23937,2,1.4472089e-07
23938,2,1.2004149e-07
23939,2,1.2666312e-07
23940,2,1.1889399e-07
23941,2,1.2848293e-07
23942,2,1.1993592e-07
23943,2,1.2676788e-07
23944,2,1.1884767e-07
23945,2,1.2915513e-07
23946,2,1.1868759e-07
23947,2,1.2791655e-07
23948,2,1.2007958e-07
23949,2,1.2904952e-07
23950,2,1.1877789e-07
23951,2,1.2773525e-07
23952,2,1.1881127e-07
23953,2,1.2917531e-07
23954,2,1.2008606e-07
23955,2,1.2797669e-07
23956,2,1.1875677e-07
23957,2,1.2909067e-07
23958,2,1.2002531e-07
23959,2,1.2718878e-07
23960,2,1.2003676e-07
23961,2,1.2884434e-07
23962,2,1.1896115e-07
23963,2,1.2709686e-07
23964,2,1.1999377e-07
23965,2,1.2876174e-07
23966,2,1.1594595e-07
23967,2,1.2295563e-07
23968,2,1.212778e-07
23969,2,1.4515826e-07
23970,2,1.166764e-07
23971,2,1.2291301e-07
23972,2,1.2132505e-07
23973,2,1.4739383e-07
23974,2,1.217593e-07
23975,2,1.2358108e-07
23976,2,1.1657812e-07
23977,2,1.4629549e-07
23978,2,1.2154678e-07
23979,2,1.2364473e-07
23980,2,1.2437421e-07
23981,2,1.1475851e-07
23982,2,1.2113132e-07
23983,2,1.1838164e-07
23984,2,1.2407413e-07
23985,2,1.1454282e-07
23986,2,1.2096133e-07
23987,2,1.1499534e-07
23988,2,1.2036615e-07
23989,2,1.1337389e-07
23990,2,1.2412291e-07
23991,2,1.1706173e-07
23992,2,1.2051208e-07
23993,2,1.1373332e-07
23994,2,1.1478796e-07
23995,2,1.2366504e-07
23996,2,1.2103331e-07
23997,2,1.1828857e-07
23998,2,1.1457194e-07
23999,2,1.2385768e-07
24000,2,1.2090417e-07
24001,2,1.1725938e-07
24002,2,1.2088733e-07
24003,2,1.2361997e-07
24004,2,1.1443919e-07
24005,2,1.1790842e-07
24006,2,1.2084978e-07
24007,2,1.2373545e-07
24008,2,1.227511e-07
24009,2,1.1638856e-07
24010,2,1.2131325e-07
24011,2,1.4549222e-07
24012,2,1.2307486e-07
24013,2,1.1632627e-07
24014,2,1.2129086e-07
24015,2,1.4690774e-07
24016,2,1.2144053e-07
24017,2,1.1645376e-07
24018,2,1.233793e-07
24019,2,1.4666586e-07
24020,2,1.2161977e-07
24021,2,1.1701727e-07
24022,2,1.2860871e-07
24023,2,1.1849951e-07
24024,2,1.1985318e-07
24025,2,1.2774645e-07
24026,2,1.2878774e-07
24027,2,1.1827261e-07
24028,2,1.198142e-07
24029,2,1.2559098e-07
24030,2,1.2003976e-07
24031,2,1.193133e-07
24032,2,1.2847314e-07
24033,2,1.2680408e-07
24034,2,1.1995763e-07
24035,2,1.1895046e-07
24036,2,1.2002385e-07
24037,2,1.2726328e-07
24038,2,1.2882354e-07
24039,2,1.1860657e-07
24040,2,1.1997761e-07
24041,2,1.2733694e-07
24042,2,1.2888048e-07
24043,2,1.1857784e-07
24044,2,1.2888698e-07
24045,2,1.2752439e-07
24046,2,1.1985195e-07
24047,2,1.1847282e-07
24048,2,1.2862144e-07
24049,2,1.2714407e-07
24050,2,1.2113781e-07
24051,2,1.4383722e-07
24052,2,1.2243347e-07
24053,2,1.1632775e-07
24054,2,1.2117913e-07
24055,2,1.4517066e-07
24056,2,1.227315e-07
24057,2,1.144482e-07
24058,2,1.2289245e-07
24059,2,1.4533129e-07
24060,2,1.205318e-07
24061,2,1.1515967e-07
24062,2,1.2243493e-07
24063,2,1.444612e-07
24064,2,1.2112671e-07
24065,2,1.2013562e-07
24066,2,1.1495617e-07
24067,2,1.2366797e-07
24068,2,1.2079553e-07
24069,2,1.1831215e-07
24070,2,1.1439875e-07
24071,2,1.2421751e-07
24072,2,1.146614e-07
24073,2,1.1863696e-07
24074,2,1.2096117e-07
24075,2,1.2394798e-07
24076,2,1.1472344e-07
24077,2,1.1913935e-07
24078,2,1.2084388e-07
24079,2,1.1677553e-07
24080,2,1.235899e-07
24081,2,1.1429253e-07
24082,2,1.2087193e-07
24083,2,1.1737285e-07
24084,2,1.2403197e-07
24085,2,1.1461637e-07
24086,2,1.2393703e-07
24087,2,1.180266e-07
24088,2,1.2091161e-07
24089,2,1.1463492e-07
24090,2,1.234951e-07
24091,2,1.1703992e-07
24092,2,1.2142716e-07
24093,2,1.4623336e-07
24094,2,1.1689623e-07
24095,2,1.2320357e-07
24096,2,1.2095183e-07
24097,2,1.4560008e-07
24098,2,1.1544476e-07
24099,2,1.2303818e-07
24100,2,1.1697189e-07
24101,2,1.4552204e-07
24102,2,1.2108679e-07
24103,2,1.228096e-07
24104,2,1.1622316e-07
24105,2,1.4590225e-07
24106,2,1.1980668e-07
24107,2,1.2620402e-07
24108,2,1.1880906e-07
24109,2,1.2782558e-07
24110,2,1.1975678e-07
24111,2,1.2491969e-07
24112,2,1.1891504e-07
24113,2,1.2886974e-07
24114,2,1.1890202e-07
24115,2,1.2714851e-07
24116,2,1.2004441e-07
24117,2,1.2872906e-07
24118,2,1.190976e-07
24119,2,1.268005e-07
24120,2,1.1834122e-07
24121,2,1.2885853e-07
24122,2,1.1985144e-07
24123,2,1.2679993e-07
24124,2,1.1847786e-07
24125,2,1.2861429e-07
24126,2,1.1982344e-07
24127,2,1.2723463e-07
24128,2,1.199481e-07
24129,2,1.2869861e-07
24130,2,1.1863426e-07
24131,2,1.2679133e-07
24132,2,1.1985624e-07
24133,2,1.2861138e-07
24134,2,1.1689093e-07
24135,2,1.2275884e-07
24136,2,1.2134761e-07
24137,2,1.4547267e-07
24138,2,1.165993e-07
24139,2,1.2288559e-07
24140,2,1.2125714e-07
24141,2,1.4466498e-07
24142,2,1.2112256e-07
24143,2,1.2263501e-07
24144,2,1.1546123e-07
24145,2,1.4780679e-07
24146,2,1.2090939e-07
24147,2,1.2375793e-07
24148,2,1.2388684e-07
24149,2,1.1438628e-07
24150,2,1.2081056e-07
24151,2,1.1764475e-07
24152,2,1.2363777e-07
24153,2,1.1408778e-07
24154,2,1.2065769e-07
24155,2,1.1770127e-07
24156,2,1.2042916e-07
24157,2,1.1385478e-07
24158,2,1.2378847e-07
24159,2,1.1540977e-07
24160,2,1.204256e-07
24161,2,1.1349757e-07
24162,2,1.1414352e-07
24163,2,1.2367321e-07
24164,2,1.2071139e-07
24165,2,1.1546284e-07
24166,2,1.1368738e-07
24167,2,1.2400496e-07
24168,2,1.2066111e-07
24169,2,1.1792182e-07
24170,2,1.2082942e-07
24171,2,1.2378808e-07
24172,2,1.141613e-07
24173,2,1.1737805e-07
24174,2,1.207903e-07
24175,2,1.2397896e-07
24176,2,1.2333044e-07
24177,2,1.1625068e-07
24178,2,1.2140754e-07
24179,2,1.4912032e-07
24180,2,1.2460935e-07
24181,2,1.1656701e-07
24182,2,1.2173429e-07
24183,2,1.4600469e-07
24184,2,1.2158687e-07
24185,2,1.1672611e-07
24186,2,1.2379164e-07
24187,2,1.4706041e-07
24188,2,1.2183233e-07
24189,2,1.1716908e-07
24190,2,1.290218e-07
24191,2,1.18278e-07
24192,2,1.1986522e-07
24193,2,1.2763229e-07
24194,2,1.2879908e-07
24195,2,1.1852697e-07
24196,2,1.1989915e-07
24197,2,1.272164e-07
24198,2,1.1996538e-07
24199,2,1.1887558e-07
24200,2,1.2882573e-07
24201,2,1.2809376e-07
24202,2,1.1991737e-07
24203,2,1.1860007e-07
24204,2,1.1987846e-07
24205,2,1.272954e-07
24206,2,1.2886111e-07
24207,2,1.1843534e-07
24208,2,1.1986255e-07
24209,2,1.2715031e-07
24210,2,1.2877824e-07
24211,2,1.1878921e-07
24212,2,1.2836752e-07
24213,2,1.2636944e-07
24214,2,1.1985585e-07
24215,2,1.1891974e-07
24216,2,1.283278e-07
24217,2,1.2617232e-07
24218,2,1.2139775e-07
24219,2,1.4625144e-07
24220,2,1.2340703e-07
24221,2,1.166331e-07
24222,2,1.2168914e-07
24223,2,1.4778569e-07
24224,2,1.2416025e-07
24225,2,1.153379e-07
24226,2,1.2215668e-07
24227,2,1.4373026e-07
24228,2,1.2087971e-07
24229,2,1.1585894e-07
24230,2,1.229409e-07
24231,2,1.4593183e-07
24232,2,1.2060707e-07
24233,2,1.1715269e-07
24234,2,1.1392542e-07
24235,2,1.2397152e-07
24236,2,1.2048991e-07
24237,2,1.1597015e-07
24238,2,1.1350134e-07
24239,2,1.2377464e-07
24240,2,1.147332e-07
24241,2,1.193375e-07
24242,2,1.208082e-07
24243,2,1.2377193e-07
24244,2,1.1451725e-07
24245,2,1.1759508e-07
24246,2,1.2087653e-07
24247,2,1.1762052e-07
24248,2,1.2427593e-07
24249,2,1.1402853e-07
24250,2,1.2070346e-07
24251,2,1.1650605e-07
24252,2,1.2372557e-07
24253,2,1.152072e-07
24254,2,1.2398942e-07
24255,2,1.1915791e-07
24256,2,1.2124103e-07
24257,2,1.1557462e-07
24258,2,1.2376955e-07
24259,2,1.2062915e-07
24260,2,1.2047555e-07
24261,2,1.454665e-07
24262,2,1.1393082e-07
24263,2,1.2315215e-07
24264,2,1.2047023e-07
24265,2,1.463927e-07
24266,2,1.1461009e-07
24267,2,1.2240841e-07
24268,2,1.1584953e-07
24269,2,1.4406545e-07
24270,2,1.2031397e-07
24271,2,1.2142261e-07
24272,2,1.1517899e-07
24273,2,1.4237097e-07
24274,2,1.1984669e-07
24275,2,1.257145e-07
24276,2,1.1911921e-07
24277,2,1.2856154e-07
24278,2,1.1983857e-07
24279,2,1.2710539e-07
24280,2,1.1866332e-07
24281,2,1.2871419e-07
24282,2,1.1879064e-07
24283,2,1.2694801e-07
24284,2,1.2007023e-07
24285,2,1.2884698e-07
24286,2,1.1916568e-07
24287,2,1.2757657e-07
24288,2,1.188295e-07
24289,2,1.2857983e-07
24290,2,1.1988813e-07
24291,2,1.2727709e-07
24292,2,1.1915842e-07
24293,2,1.2857407e-07
24294,2,1.1996124e-07
24295,2,1.2732466e-07
24296,2,1.1991587e-07
24297,2,1.2883908e-07
24298,2,1.1860076e-07
24299,2,1.2860422e-07
24300,2,1.1996085e-07
24301,2,1.2920398e-07
24302,2,1.1639702e-07
24303,2,1.2325896e-07
24304,2,1.2125211e-07
24305,2,1.4476407e-07
24306,2,1.160052e-07
24307,2,1.2291956e-07
24308,2,1.2103794e-07
24309,2,1.4495591e-07
24310,2,1.2004685e-07
24311,2,1.2273786e-07
24312,2,1.1313326e-07
24313,2,1.417698e-07
24314,2,1.1962457e-07
24315,2,1.214191e-07
24316,2,1.2404453e-07
24317,2,1.1410089e-07
24318,2,1.2074584e-07
24319,2,1.1871999e-07
24320,2,1.2423383e-07
24321,2,1.1452319e-07
24322,2,1.2091879e-07
24323,2,1.1778887e-07
24324,2,1.2066115e-07
24325,2,1.140962e-07
24326,2,1.2382704e-07
24327,2,1.2087108e-07
24328,2,1.2083224e-07
24329,2,1.1479028e-07
24330,2,1.1393096e-07
24331,2,1.2408465e-07
24332,2,1.2080982e-07
24333,2,1.1921778e-07
24334,2,1.1488796e-07
24335,2,1.2410937e-07
24336,2,1.2109857e-07
24337,2,1.1716795e-07
24338,2,1.2069369e-07
24339,2,1.238746e-07
24340,2,1.1396909e-07
24341,2,1.1684084e-07
24342,2,1.2057551e-07
24343,2,1.2356463e-07
24344,2,1.2435889e-07
24345,2,1.1613077e-07
24346,2,1.215225e-07
24347,2,1.4434136e-07
24348,2,1.228171e-07
24349,2,1.1569971e-07
24350,2,1.2099374e-07
24351,2,1.4707846e-07
24352,2,1.2187258e-07
24353,2,1.1753496e-07
24354,2,1.2349585e-07
24355,2,1.4681055e-07
24356,2,1.2135174e-07
24357,2,1.1605069e-07
24358,2,1.286196e-07
24359,2,1.1914777e-07
24360,2,1.1998178e-07
24361,2,1.273105e-07
24362,2,1.2864416e-07
24363,2,1.1873044e-07
24364,2,1.1989719e-07
24365,2,1.2731477e-07
24366,2,1.1983493e-07
24367,2,1.1856476e-07
24368,2,1.2835174e-07
24369,2,1.2611283e-07
24370,2,1.198341e-07
24371,2,1.1881974e-07
24372,2,1.1989166e-07
24373,2,1.2759699e-07
24374,2,1.2882355e-07
24375,2,1.1838328e-07
24376,2,1.1983556e-07
24377,2,1.2766266e-07
24378,2,1.288119e-07
24379,2,1.1900048e-07
24380,2,1.287e-07
24381,2,1.2781659e-07
24382,2,1.1973807e-07
24383,2,1.1794213e-07
24384,2,1.2879705e-07
24385,2,1.2802161e-07
24386,2,1.2174599e-07
24387,2,1.4739728e-07
24388,2,1.2423309e-07
24389,2,1.1715721e-07
24390,2,1.2169036e-07
24391,2,1.4608508e-07
24392,2,1.233987e-07
24393,2,1.1583925e-07
24394,2,1.2269684e-07
24395,2,1.4555578e-07
24396,2,1.2102347e-07
24397,2,1.1625064e-07
24398,2,1.223457e-07
24399,2,1.4468434e-07
24400,2,1.2057317e-07
24401,2,1.1645998e-07
24402,2,1.1364313e-07
24403,2,1.2389576e-07
24404,2,1.2064066e-07
24405,2,1.1782923e-07
24406,2,1.1408528e-07
24407,2,1.2349946e-07
24408,2,1.145754e-07
24409,2,1.1817561e-07
24410,2,1.2061725e-07
24411,2,1.2328819e-07
24412,2,1.1447718e-07
24413,2,1.1868376e-07
24414,2,1.2065836e-07
24415,2,1.172482e-07
24416,2,1.2321199e-07
24417,2,1.1482385e-07
24418,2,1.209376e-07
24419,2,1.1899019e-07
24420,2,1.2384216e-07
24421,2,1.1565715e-07
24422,2,1.241182e-07
24423,2,1.209831e-07
24424,2,1.2116924e-07
24425,2,1.1529356e-07
24426,2,1.2374148e-07
24427,2,1.1936054e-07
24428,2,1.2027704e-07
24429,2,1.447858e-07
24430,2,1.1464497e-07
24431,2,1.2222649e-07
24432,2,1.2029571e-07
24433,2,1.441068e-07
24434,2,1.148187e-07
24435,2,1.2171567e-07
24436,2,1.1581665e-07
24437,2,1.4256679e-07
24438,2,1.2117276e-07
24439,2,1.2215642e-07
24440,2,1.1745961e-07
24441,2,1.440468e-07
24442,2,1.1985814e-07
24443,2,1.2709913e-07
24444,2,1.1855864e-07
24445,2,1.2868682e-07
24446,2,1.1993004e-07
24447,2,1.2701041e-07
24448,2,1.1895335e-07
24449,2,1.2882489e-07
24450,2,1.187633e-07
24451,2,1.2762015e-07
24452,2,1.1987467e-07
24453,2,1.2859319e-07
24454,2,1.1868167e-07
24455,2,1.2688747e-07
24456,2,1.1889471e-07
24457,2,1.2830253e-07
24458,2,1.1984792e-07
24459,2,1.2598853339115431e-07
24459,5,3.1331660884567975e-10
24460,2,1.1854886e-07
24461,2,1.2542359519819429e-07
24461,5,2.9505948018057164e-09
24462,2,1.172743442398823e-07
24462,5,2.5230057601177025e-09
24463,2,1.2877862e-07
24464,2,1.2004293e-07
24465,2,1.2926531e-07
24466,2,1.186440214580204e-07
24466,5,7.648541979610141e-12
24467,2,1.2755720742484617e-07
24467,5,6.450025751538213e-10
24468,2,1.173795928724427e-07
24468,5,2.5871771275572835e-09
24469,2,1.259975129061985e-07
24469,5,3.0923070938014985e-09
24470,2,1.1637132e-07
24471,2,1.2254133e-07
24472,2,1.2092463e-07
24473,2,1.3996613093369307e-07
24473,5,3.294409066306928e-09
24474,2,1.151696e-07
24475,2,1.212787759734731e-07
24475,5,6.306140265268964e-10
24476,2,1.1772165669776914e-07
24476,5,2.693603302230853e-09
24477,2,1.4433626e-07
24478,2,1.2031473e-07
24479,2,1.2217601e-07
24480,2,1.1689914e-07
24481,2,1.4262784256295843e-07
24481,5,3.463617437041579e-09
24482,2,1.1853722331248258e-07
24482,5,2.8105966875174057e-09
24483,2,1.226904180937791e-07
24483,5,4.3327190622089987e-10
24484,2,1.2409208e-07
24485,2,1.1479999e-07
24486,2,1.2098001e-07
24487,2,1.1972827e-07
24488,2,1.2281274860715784e-07
24488,5,1.0427013928421702e-09
24489,2,1.1486413e-07
24490,2,1.1817814075778174e-07
24490,5,2.7623392422182425e-09
24491,2,1.1837192e-07
24492,2,1.2064355e-07
24493,2,1.1426999e-07
24494,2,1.2332838458097942e-07
24494,5,5.024554190205799e-10
24495,2,1.1740459e-07
24496,2,1.1811779175188488e-07
24496,5,2.4690782481151207e-09
24497,2,1.1400978e-07
24498,2,1.1526643e-07
24499,2,1.2432979e-07
24500,2,1.2128837e-07
24501,2,1.1858211e-07
24502,2,1.1501843e-07
24503,2,1.2275802213793092e-07
24503,5,1.37241786206909e-09
24504,2,1.182253927093462e-07
24504,5,2.9278672906537972e-09
24505,2,1.1628391e-07
24506,2,1.2059124e-07
24507,2,1.2363433e-07
24508,2,1.1415926e-07
24509,2,1.1700022e-07
24510,2,1.1788468297744246e-07
24510,5,2.7708270225575353e-09
24511,2,1.225914912169695e-07
24511,5,1.0704687830304904e-09
24512,2,1.2267457e-07
24513,2,1.1536278e-07
24514,2,1.2078863e-07
24515,2,1.4132217724054034e-07
24515,5,3.871712759459647e-09
24516,2,1.2180470085166158e-07
24516,5,1.0970791483384053e-09
24517,2,1.1582964e-07
24518,2,1.1795499226057433e-07
24518,5,2.972717739425647e-09
24519,2,1.4720048e-07
24520,2,1.2099977e-07
24521,2,1.150433e-07
24522,2,1.2238250593493244e-07
24522,5,8.869340650675768e-10
24523,2,1.4278149937487584e-07
24523,5,3.781390625124176e-09
24524,2,1.1807397815951219e-07
24524,5,2.8783718404878246e-09
24525,2,1.154216e-07
24526,2,1.285328e-07
24527,2,1.1839212e-07
24528,2,1.198013e-07
24529,2,1.264868451054611e-07
24529,5,3.7213489453890924e-10
24530,2,1.2551499447549979e-07
24530,5,2.969285524500225e-09
24531,2,1.1862184537659518e-07
24531,5,1.274462340481439e-11
24532,2,1.1725867682789405e-07
24532,5,2.582033172105961e-09
24533,2,1.2688124e-07
24534,2,1.1983734e-07
24535,2,1.1864594e-07
24536,2,1.2568482785758347e-07
24536,5,2.9314321424165346e-09
24537,2,1.269317054342369e-07
24537,5,2.9417456576308916e-10
24538,2,1.1731896099821698e-07
24538,5,2.522879001783026e-09
24539,2,1.1853560677746708e-07
24539,5,2.8683222532908124e-11
24540,2,1.1982447e-07
24541,2,1.2708856e-07
24542,2,1.2867045e-07
24543,2,1.1879905798193455e-07
24543,5,5.0262018065466316e-11
24544,2,1.1729610623474277e-07
24544,5,2.5878437652572103e-09
24545,2,1.2647506268322896e-07
24545,5,3.30097316771033e-10
24546,2,1.2559254672543525e-07
24546,5,3.0111332745647623e-09
24547,2,1.1886432e-07
24548,2,1.28878e-07
24549,2,1.2815138e-07
24550,2,1.1753683065818427e-07
24550,5,2.4065693418157287e-09
24551,2,1.1881342e-07
24552,2,1.259360486066752e-07
24552,5,2.8961013933248075e-09
24553,2,1.275704634635869e-07
24553,5,2.996765364130754e-10
24554,2,1.2160172e-07
24555,2,1.4571374e-07
24556,2,1.2337456e-07
24557,2,1.1676854e-07
24558,2,1.1836312292923536e-07
24558,5,2.994477070764644e-09
24559,2,1.4140192414621414e-07
24559,5,3.7726958537858724e-09
24560,2,1.2182670819407968e-07
24560,5,1.0025218059203214e-09
24561,2,1.1694134e-07
24562,2,1.2340225e-07
24563,2,1.4685631e-07
24564,2,1.189395675592141e-07
24564,5,2.643202440785903e-09
24565,2,1.1707484e-07
24566,2,1.2324675817953196e-07
24566,5,3.261118204680309e-10
24567,2,1.438991976996304e-07
24567,5,3.391822300369594e-09
24568,2,1.2074197e-07
24569,2,1.1813896e-07
24570,2,1.1425394e-07
24571,2,1.2238689705048157e-07
24571,5,1.27579294951844e-09
24572,2,1.1779388869104654e-07
24572,5,2.8988913089534593e-09
24573,2,1.1789553e-07
24574,2,1.14363e-07
24575,2,1.2377664e-07
24576,2,1.1411265e-07
24577,2,1.1713335e-07
24578,2,1.1825929007038293e-07
24578,5,2.3865099296170697e-09
24579,2,1.2341698117596795e-07
24579,5,4.2348882403204084e-10
24580,2,1.1410261e-07
24581,2,1.1712281e-07
24582,2,1.2106967e-07
24583,2,1.1936225e-07
24584,2,1.2388241e-07
24585,2,1.150099e-07
24586,2,1.181479347026991e-07
24586,5,2.8585552973008963e-09
24587,2,1.1969384e-07
24588,2,1.227724182815326e-07
24588,5,1.1547917184673848e-09
24589,2,1.149086e-07
24590,2,1.2386951e-07
24591,2,1.1850213e-07
24592,2,1.1814571512636055e-07
24592,5,2.7957548736394553e-09
24593,2,1.1465207e-07
24594,2,1.2260811226648852e-07
24594,5,1.05065773351147e-09
24595,2,1.1759649e-07
24596,2,1.2032803e-07
24597,2,1.4354738e-07
24598,2,1.1498932e-07
24599,2,1.2150307930694753e-07
24599,5,7.786706930524569e-10
24600,2,1.177463240944164e-07
24600,5,2.7252759055835827e-09
24601,2,1.4059163613670712e-07
24601,5,3.5948438632928867e-09
24602,2,1.1519703e-07
24603,2,1.2263601e-07
24604,2,1.1679239e-07
24605,2,1.4465829e-07
24606,2,1.1836302128246924e-07
24606,5,2.7166087175307673e-09
24607,2,1.2193083735701234e-07
24607,5,7.154626429876482e-10
24608,2,1.1635228e-07
24609,2,1.4166691583663964e-07
24609,5,3.3552941633603776e-09
24610,2,1.1981774e-07
24611,2,1.2643199e-07
24612,2,1.1870502e-07
24613,2,1.2538406612666441e-07
24613,5,2.836683873335565e-09
24614,2,1.1725647929310964e-07
24614,5,2.4583207068903625e-09
24615,2,1.256666538574819e-07
24615,5,6.881614251809454e-11
24616,2,1.1855966e-07
24617,2,1.283612e-07
24618,2,1.1899764e-07
24619,2,1.2631319e-07
24620,2,1.1734181337410419e-07
24620,5,2.4071166258958275e-09
24621,2,1.2540294755860025e-07
24621,5,2.7676424413997607e-09
24622,2,1.1867394e-07
24623,2,1.2579383130317264e-07
24623,5,3.95869682736448e-12
24624,5,1.1921763e-07
24625,2,2.884589943768788e-09
24625,5,1.2567294005623122e-07
24626,2,2.4537422061572146e-09
24626,5,1.1751478779384278e-07
24627,5,1.2627867e-07
24628,5,1.189912e-07
24629,5,1.2841466e-07
24630,5,1.1992716e-07
24631,2,4.5582121075099965e-10
24631,5,1.28039918789249e-07
24632,2,2.4476149952660267e-09
24632,5,1.1750109500473396e-07
24633,2,2.951453904710647e-09
24633,5,1.2615173609528935e-07
24634,5,1.1846648e-07
24635,5,1.2805084e-07
24636,5,1.1989457e-07
24637,5,1.289069e-07
24638,5,1.1442112e-07
24639,2,5.503019387019528e-10
24639,5,1.2171185806129807e-07
24640,2,2.573065499520308e-09
24640,5,1.177137345004797e-07
24641,5,1.4461488e-07
24642,5,1.1556827e-07
24643,5,1.2262255e-07
24644,5,1.2074172e-07
24645,2,3.7763014330035654e-09
24645,5,1.4215100856699643e-07
24646,2,2.9869199296588204e-09
24646,5,1.1892546007034117e-07
24647,2,1.042703773607602e-09
24647,5,1.223188562263924e-07
24648,5,1.1818973e-07
24649,5,1.4589482e-07
24650,5,1.2207203e-07
24651,5,1.2346961e-07
24652,2,1.0175966338927049e-09
24652,5,1.230471733661073e-07
24653,5,1.1472045e-07
24654,2,2.6897579044038225e-09
24654,5,1.1823197209559618e-07
24655,5,1.181836e-07
24656,5,1.2381112e-07
24657,5,1.1423931e-07
24658,5,1.2071937e-07
24659,5,1.1798969e-07
24660,2,2.79899132824166e-09
24660,5,1.1787919867175834e-07
24661,5,1.1415664e-07
24662,5,1.2414023e-07
24663,5,1.179582e-07
24664,5,1.2075493e-07
24665,5,1.1415236e-07
24666,5,1.1463924e-07
24667,2,6.182595778860651e-10
24667,5,1.2316947042211394e-07
24668,2,2.5673882375736247e-09
24668,5,1.1829752176242639e-07
24669,5,1.172678e-07
24670,5,1.1413811e-07
24671,5,1.2316631e-07
24672,5,1.2053111e-07
24673,5,1.1820205e-07
24674,2,2.5872966668659543e-09
24674,5,1.1811103333313404e-07
24675,2,7.169287770858825e-10
24675,5,1.227623512229141e-07
24676,5,1.1413765e-07
24677,5,1.1687624e-07
24678,5,1.2056933e-07
24679,5,1.2332135e-07
24680,2,3.279934785733034e-10
24680,5,1.224677365214267e-07
24681,5,1.1603903e-07
24682,2,2.5765632751024325e-09
24682,5,1.1842900672489756e-07
24683,5,1.4592521e-07
24684,5,1.2274109e-07
24685,5,1.1662167e-07
24686,5,1.2112728e-07
24687,2,3.2046004412831835e-09
24687,5,1.4208124955871682e-07
24688,2,2.5792204348738203e-09
24688,5,1.1834894956512616e-07
24689,5,1.1576564e-07
24690,5,1.2291151e-07
24691,5,1.4584069e-07
24692,5,1.2104519e-07
24693,5,1.1622174e-07
24694,2,2.8157847100241194e-09
24694,5,1.2560532528997589e-07
24695,5,1.1877335e-07
24696,2,2.3868630790067863e-09
24696,5,1.1747416692099321e-07
24697,5,1.2637328e-07
24698,5,1.2830891e-07
24699,5,1.1890615e-07
24700,5,1.1985717e-07
24701,2,3.3330050159390366e-10
24701,5,1.2764047949840608e-07
24702,2,2.524691807094848e-09
24702,5,1.1736830819290515e-07
24703,2,2.1415854456593617e-11
24703,5,1.1866498414554341e-07
24704,5,1.2857147e-07
24705,5,1.2774697e-07
24706,5,1.1986123e-07
24707,5,1.1868453e-07
24708,2,2.3991563483275656e-09
24708,5,1.1745332365167244e-07
24709,2,1.412293668414636e-10
24709,5,1.2710104063315854e-07
24710,2,2.8361427309122942e-09
24710,5,1.258115772690877e-07
24711,5,1.1840409e-07
24712,5,1.1978371e-07
24713,5,1.2676672e-07
24714,5,1.2851263e-07
24715,2,1.0777203830646583e-11
24715,5,1.1859271279616936e-07
24716,2,3.0519733000749285e-09
24716,5,1.2562692669992507e-07
24717,2,5.146847778032592e-10
24717,5,1.2675181522219674e-07
24718,5,1.1988681e-07
24719,5,1.1887952e-07
24720,5,1.2849354e-07
24721,5,1.265608e-07
24722,2,2.7515390570399897e-09
24722,5,1.1852810094296002e-07
24723,2,3.380329833652805e-09
24723,5,1.414480201663472e-07
24724,2,6.028792964043857e-10
24724,5,1.2200318070359562e-07
24725,5,1.1698805e-07
24726,5,1.215253e-07
24727,5,1.467001e-07
24728,5,1.2345799e-07
24729,5,1.1644219e-07
24730,2,9.92165755685683e-10
24730,5,1.221135442443143e-07
24731,2,3.6764390373013254e-09
24731,5,1.4193826096269866e-07
24732,5,1.2062759e-07
24733,5,1.1518885e-07
24734,5,1.2247399e-07
24735,5,1.4487787e-07
24736,2,2.5752483252485583e-09
24736,5,1.1806850167475144e-07
24737,5,1.1829426e-07
24738,5,1.1437217e-07
24739,5,1.2373228e-07
24740,5,1.2061791e-07
24741,5,1.1722695e-07
24742,5,1.1404369e-07
24743,2,1.2661021148430766e-09
24743,5,1.2274362788515692e-07
24744,5,1.1450137e-07
24745,5,1.18774e-07
24746,5,1.2069188e-07
24747,5,1.2361446e-07
24748,5,1.1445011e-07
24749,5,1.183523e-07
24750,2,2.521223275113075e-09
24750,5,1.1831776672488693e-07
24751,5,1.1886919e-07
24752,2,5.798683682569315e-10
24752,5,1.2327741163174307e-07
24753,5,1.1434707e-07
24754,5,1.206028e-07
24755,5,1.1759406e-07
24756,5,1.2317441e-07
24757,5,1.1502277e-07
24758,2,7.939402343720781e-10
24758,5,1.2315136976562792e-07
24759,5,1.1887022e-07
24760,5,1.2118627e-07
24761,5,1.153559e-07
24762,5,1.2398122e-07
24763,5,1.2013964e-07
24764,2,2.606533782892778e-09
24764,5,1.1809687621710723e-07
24765,2,3.2596322368765547e-09
24765,5,1.4155512776312344e-07
24766,5,1.1575589e-07
24767,5,1.2221275e-07
24768,5,1.2062125e-07
24769,5,1.4487449e-07
24770,5,1.1556507e-07
24771,2,6.851213590273232e-10
24771,5,1.2202385864097267e-07
24772,5,1.1624495e-07
24773,2,3.796460952927107e-09
24773,5,1.411262690470729e-07
24774,5,1.2086498e-07
24775,5,1.2226987e-07
24776,5,1.1600518e-07
24777,5,1.4365994e-07
24778,2,2.5295673165818796e-09
24778,5,1.1715820268341812e-07
24779,2,1.6363463764124837e-10
24779,5,1.2560189536235877e-07
24780,2,3.0185102894890804e-11
24780,5,1.1843228489710511e-07
24781,5,1.2833173e-07
24782,5,1.1981365e-07
24783,5,1.2630605e-07
24784,5,1.1882616e-07
24785,2,2.9877755316223323e-09
24785,5,1.2541208446837767e-07
24786,2,5.041673152700491e-11
24786,5,1.18495403268473e-07
24787,2,1.9839027464931855e-10
24787,5,1.2687703972535067e-07
24788,5,1.1983964e-07
24789,5,1.2861329e-07
24790,5,1.1860453e-07
24791,5,1.2771447e-07
24792,5,1.1903187e-07
24793,5,1.2828817e-07
24794,5,1.1992412e-07
24795,5,1.256756e-07
24796,5,1.1965811e-07
24797,5,1.2821622e-07
24798,5,1.2003595e-07
24799,5,1.2725227e-07
24800,5,1.1989637e-07
24801,5,1.2861653e-07
24802,5,1.1909918e-07
24803,5,1.2608098e-07
24804,5,1.198854e-07
24805,5,1.2825808e-07
24806,5,1.1639044e-07
24807,5,1.2322955e-07
24808,5,1.211914e-07
24809,5,1.4644038e-07
24810,5,1.1594335e-07
24811,5,1.2331968e-07
24812,5,1.2120516e-07
24813,5,1.4525253e-07
24814,5,1.2194512e-07
24815,5,1.2320908e-07
24816,5,1.1748929e-07
24817,5,1.4605361e-07
24818,5,1.2174722e-07
24819,5,1.2337994e-07
24820,5,1.2394663e-07
24821,5,1.1392728e-07
24822,5,1.2058956e-07
24823,5,1.166403e-07
24824,5,1.2352174e-07
24825,5,1.136604e-07
24826,5,1.2040652e-07
24827,5,1.1802707e-07
24828,5,1.2071681e-07
24829,5,1.1411401e-07
24830,5,1.2396738e-07
24831,5,1.1751325e-07
24832,5,1.2065865e-07
24833,5,1.1405473e-07
24834,5,1.1409453e-07
24835,5,1.2330851e-07
24836,5,1.205011e-07
24837,5,1.1798397e-07
24838,5,1.1406474e-07
24839,5,1.2377294e-07
24840,5,1.2059784e-07
24841,5,1.1646858e-07
24842,5,1.2056572e-07
24843,5,1.2347265e-07
24844,5,1.1435493e-07
24845,5,1.1779599e-07
24846,5,1.2074016e-07
24847,5,1.2375801e-07
24848,5,1.2288875e-07
24849,5,1.1584613e-07
24850,5,1.2096718e-07
24851,5,1.460026e-07
24852,5,1.2317067e-07
24853,5,1.1563057e-07
24854,5,1.2095732e-07
24855,5,1.4634899e-07
24856,5,1.2094262e-07
24857,5,1.1566416e-07
24858,5,1.2302907e-07
24859,5,1.4570199e-07
24860,5,1.2081909e-07
24861,5,1.1536255e-07
24862,5,1.2811058e-07
24863,5,1.1912445e-07
24864,5,1.1983941e-07
24865,5,1.2619255e-07
24866,5,1.281565e-07
24867,5,1.1890873e-07
24868,5,1.1978826e-07
24869,5,1.258679e-07
24870,5,1.1979858e-07
24871,5,1.1881712e-07
24872,5,1.2816799e-07
24873,5,1.2579887e-07
24874,5,1.1995745e-07
24875,5,1.192739e-07
24876,5,1.1985748e-07
24877,5,1.2669279e-07
24878,5,1.2837349e-07
24879,5,1.1899278e-07
24880,5,1.1981801e-07
24881,5,1.2603857e-07
24882,5,1.2819416e-07
24883,5,1.1881496e-07
24884,5,1.2843541e-07
24885,5,1.2625625e-07
24886,5,1.1998529e-07
24887,5,1.191545e-07
24888,5,1.2856475e-07
24889,5,1.2683022e-07
24890,5,1.2148161e-07
24891,5,1.4695466e-07
24892,5,1.2358675e-07
24893,5,1.1580015e-07
24894,5,1.2113213e-07
24895,5,1.4593378e-07
24896,5,1.2337093e-07
24897,5,1.1510841e-07
24898,5,1.2216198e-07
24899,5,1.4473433e-07
24900,5,1.2068557e-07
24901,5,1.1529012e-07
24902,5,1.2301131e-07
24903,5,1.4582578e-07
24904,5,1.2064238e-07
24905,5,1.1693336e-07
24906,5,1.1396743e-07
24907,5,1.2412351e-07
24908,5,1.207799e-07
24909,5,1.1796209e-07
24910,5,1.142175e-07
24911,5,1.2327431e-07
24912,5,1.1438399e-07
24913,5,1.1823987e-07
24914,5,1.207192e-07
24915,5,1.2396277e-07
24916,5,1.1434963e-07
24917,5,1.1826733e-07
24918,5,1.2068063e-07
24919,5,1.1754352e-07
24920,5,1.2368625e-07
24921,5,1.14527e-07
24922,5,1.2073563e-07
24923,5,1.173071e-07
24924,5,1.2319176e-07
24925,5,1.1504145e-07
24926,5,1.23383e-07
24927,5,1.187327e-07
24928,5,1.2094673e-07
24929,5,1.1472332e-07
24930,5,1.2390303e-07
24931,5,1.1787603e-07
24932,5,1.2062526e-07
24933,5,1.4599289e-07
24934,5,1.1536733e-07
24935,5,1.2221049e-07
24936,5,1.202589e-07
24937,5,1.4508979e-07
24938,5,1.1472558e-07
24939,5,1.2216448e-07
24940,5,1.16674e-07
24941,5,1.4467938e-07
24942,5,1.2113088e-07
24943,5,1.2301015e-07
24944,5,1.1666764e-07
24945,5,1.4588724e-07
24946,5,1.198981e-07
24947,5,1.2630973e-07
24948,5,1.1904148e-07
24949,5,1.2850003e-07
24950,5,1.1996209e-07
24951,5,1.2641871e-07
24952,5,1.1922988e-07
24953,5,1.2863587e-07
24954,5,1.188822e-07
24955,5,1.2730135e-07
24956,5,1.1999225e-07
24957,5,1.2888864e-07
24958,5,1.1890565e-07
24959,5,1.2753393e-07
24960,5,1.1905124e-07
24961,5,1.2832126e-07
24962,5,1.1992055e-07
24963,5,1.2685036e-07
24964,5,1.1861562e-07
24965,5,1.2855144e-07
24966,5,1.1984314e-07
24967,5,1.2560418e-07
24968,5,1.198615e-07
24969,5,1.2811074e-07
24970,5,1.1922962e-07
24971,5,1.2590422e-07
24972,5,1.1989866e-07
24973,5,1.2820684e-07
24974,5,1.1624417e-07
24975,5,1.2357645e-07
24976,5,1.2134041e-07
24977,5,1.472681e-07
24978,5,1.1616079e-07
24979,5,1.2365295e-07
24980,5,1.2126168e-07
24981,5,1.4563568e-07
24982,5,1.2133178e-07
24983,5,1.2303031e-07
24984,5,1.1576766e-07
24985,5,1.4389568e-07
24986,5,1.2080084e-07
24987,5,1.2221312e-07
24988,5,1.2343801e-07
24989,5,1.1340574e-07
24990,5,1.2024641e-07
24991,5,1.1570007e-07
24992,5,1.2346448e-07
24993,5,1.1327117e-07
24994,5,1.2020406e-07
24995,5,1.1803402e-07
24996,5,1.2069494e-07
24997,5,1.142686e-07
24998,5,1.2373664e-07
24999,5,1.1923938e-07
25000,5,1.2077499e-07
25001,5,1.1460815e-07
25002,5,1.1391861e-07
25003,5,1.240833e-07
25004,5,1.2067517e-07
25005,5,1.1688558e-07
25006,5,1.1403534e-07
25007,5,1.2375999e-07
25008,5,1.2067233e-07
25009,5,1.1842551e-07
25010,5,1.2084661e-07
25011,5,1.2345333e-07
25012,5,1.1520938e-07
25013,5,1.203476e-07
25014,5,1.2104274e-07
25015,5,1.2396131e-07
25016,5,1.2353354e-07
25017,5,1.1530123e-07
25018,5,1.2090323e-07
25019,5,1.4629895e-07
25020,5,1.2314885e-07
25021,5,1.1444068e-07
25022,5,1.2051552e-07
25023,5,1.4523411e-07
25024,5,1.2082914e-07
25025,5,1.1568282e-07
25026,5,1.2247796e-07
25027,5,1.441302e-07
25028,5,1.2130302e-07
25029,5,1.1717242e-07
25030,5,1.2803882e-07
25031,5,1.1883733e-07
25032,5,1.1974482e-07
25033,5,1.2585533e-07
25034,5,1.2817838e-07
25035,5,1.1868746e-07
25036,5,1.1970604e-07
25037,5,1.2715391e-07
25038,5,1.2020217e-07
25039,5,1.198196e-07
25040,5,1.2871641e-07
25041,5,1.2705184e-07
25042,5,1.2009007e-07
25043,5,1.1908944e-07
25044,5,1.1975606e-07
25045,5,1.2613073e-07
25046,5,1.2826506e-07
25047,5,1.1825296e-07
25048,5,1.1975402e-07
25049,5,1.2850205e-07
25050,5,1.2890413e-07
25051,5,1.1878009e-07
25052,5,1.286773e-07
25053,5,1.275603e-07
25054,5,1.1991492e-07
25055,5,1.1872572e-07
25056,5,1.2847651e-07
25057,5,1.2692636e-07
25058,5,1.2081504e-07
25059,5,1.4624374e-07
25060,5,1.2334831e-07
25061,5,1.1546141e-07
25062,5,1.2060615e-07
25063,5,1.4477819e-07
25064,5,1.2260624e-07
25065,5,1.1518016e-07
25066,5,1.2273792e-07
25067,5,1.4518815e-07
25068,5,1.2085475e-07
25069,5,1.1587238e-07
25070,5,1.2291249e-07
25071,5,1.4620438e-07
25072,5,1.2095188e-07
25073,5,1.1831281e-07
25074,5,1.1451997e-07
25075,5,1.2414704e-07
25076,5,1.2115946e-07
25077,5,1.1921602e-07
25078,5,1.1509505e-07
25079,5,1.2363628e-07
25080,5,1.1415296e-07
25081,5,1.1753699e-07
25082,5,1.205576e-07
25083,5,1.2349868e-07
25084,5,1.1413913e-07
25085,5,1.1744592e-07
25086,5,1.211474e-07
25087,5,1.1914587e-07
25088,5,1.2416991e-07
25089,5,1.1551307e-07
25090,5,1.2129868e-07
25091,5,1.2059242e-07
25092,5,1.2417611e-07
25093,5,1.147336e-07
25094,5,1.2378925e-07
25095,5,1.1823411e-07
25096,5,1.210813e-07
25097,5,1.1501153e-07
25098,5,1.2389972e-07
25099,5,1.1899404e-07
25100,5,1.2006908e-07
25101,5,1.4440227e-07
25102,5,1.1407148e-07
25103,5,1.2185749e-07
25104,5,1.2008954e-07
25105,5,1.4308836e-07
25106,5,1.14588e-07
25107,5,1.2273554e-07
25108,5,1.1487496e-07
25109,5,1.4554717e-07
25110,5,1.2027168e-07
25111,5,1.2235096e-07
25112,5,1.1470576e-07
25113,5,1.4420679e-07
25114,5,1.1989531e-07
25115,5,1.2665081e-07
25116,5,1.1869995e-07
25117,5,1.2871785e-07
25118,5,1.1994507e-07
25119,5,1.2764065e-07
25120,5,1.1896448e-07
25121,5,1.292138e-07
25122,5,1.1850048e-07
25123,5,1.2817774e-07
25124,5,1.2012088e-07
25125,5,1.2950747e-07
25126,5,1.18704e-07
25127,5,1.2927206e-07
25128,5,1.1864491e-07
25129,5,1.2876956e-07
25130,5,1.1987293e-07
25131,5,1.2809273e-07
25132,5,1.1860262e-07
25133,5,1.2890036e-07
25134,5,1.1988537e-07
25135,5,1.2624767e-07
25136,5,1.1986421e-07
25137,5,1.2831969e-07
25138,5,1.188066e-07
25139,5,1.2628776e-07
25140,5,1.1985064e-07
25141,5,1.2839474e-07
25142,5,1.1480106e-07
25143,5,1.2332121e-07
25144,5,1.2077789e-07
25145,5,1.4473508e-07
25146,5,1.1550728e-07
25147,5,1.2261226e-07
25148,5,1.2068886e-07
25149,5,1.4413281e-07
25150,5,1.2083152e-07
25151,5,1.224163e-07
25152,5,1.1597304e-07
25153,5,1.4408825e-07
25154,5,1.2086759e-07
25155,5,1.2229181e-07
25156,5,1.2349839e-07
25157,5,1.1359793e-07
25158,5,1.2036117e-07
25159,5,1.1837641e-07
25160,5,1.2385518e-07
25161,5,1.1440435e-07
25162,5,1.2072261e-07
25163,5,1.1939948e-07
25164,5,1.2086169e-07
25165,5,1.1468344e-07
25166,5,1.2361956e-07
25167,5,1.1869622e-07
25168,5,1.2067803e-07
25169,5,1.1435575e-07
25170,5,1.1444596e-07
25171,5,1.2380046e-07
25172,5,1.2079111e-07
25173,5,1.1863414e-07
25174,5,1.146218e-07
25175,5,1.2387176e-07
25176,5,1.2086454e-07
25177,5,1.1850814e-07
25178,5,1.2071119e-07
25179,5,1.2343742e-07
25180,5,1.1353893e-07
25181,5,1.1490539e-07
25182,5,1.2045723e-07
25183,5,1.2361922e-07
25184,5,1.2266753e-07
25185,5,1.1416682e-07
25186,5,1.2027455e-07
25187,5,1.4489184e-07
25188,5,1.2260526e-07
25189,5,1.1479429e-07
25190,5,1.2038285e-07
25191,5,1.4501386e-07
25192,5,1.2155122e-07
25193,5,1.1740725e-07
25194,5,1.2438978e-07
25195,5,1.492039e-07
25196,5,1.218505e-07
25197,5,1.1700962e-07
25198,5,1.2836922e-07
25199,5,1.1824785e-07
25200,5,1.1965007e-07
25201,5,1.2569937e-07
25202,5,1.2809534e-07
25203,5,1.1830869e-07
25204,5,1.1962824e-07
25205,5,1.2789436e-07
25206,5,1.2005957e-07
25207,5,1.1886772e-07
25208,5,1.2878357e-07
25209,5,1.2787026e-07
25210,5,1.200182e-07
25211,5,1.1897998e-07
25212,5,1.197474e-07
25213,5,1.2872336e-07
25214,5,1.2909714e-07
25215,5,1.1890404e-07
25216,5,1.1992878e-07
25217,5,1.2784519e-07
25218,5,1.2890198e-07
25219,5,1.197441e-07
25220,5,1.283149e-07
25221,5,1.2610445e-07
25222,5,1.2004022e-07
25223,5,1.1950961e-07
25224,5,1.2837256e-07
25225,5,1.2648276e-07
25226,5,1.2016849e-07
25227,5,1.4284975e-07
25228,5,1.219706e-07
25229,5,1.1409438e-07
25230,5,1.2009643e-07
25231,5,1.4380836e-07
25232,5,1.222869e-07
25233,5,1.1585553e-07
25234,5,1.2244821e-07
25235,5,1.4486389e-07
25236,5,1.206692e-07
25237,5,1.1533585e-07
25238,5,1.2229422e-07
25239,5,1.4346006e-07
25240,5,1.2132967e-07
25241,5,1.206631e-07
25242,5,1.1548647e-07
25243,5,1.2431402e-07
25244,5,1.2121842e-07
25245,5,1.2012588e-07
25246,5,1.1521235e-07
25247,5,1.235032e-07
25248,5,1.1441505e-07
25249,5,1.1829793e-07
25250,5,1.2089166e-07
25251,5,1.240719e-07
25252,5,1.1482988e-07
25253,5,1.2020771e-07
25254,5,1.2133179e-07
25255,5,1.2073761e-07
25256,5,1.2397809e-07
25257,5,1.1575513e-07
25258,5,1.2143304e-07
25259,5,1.2049834e-07
25260,5,1.2413121e-07
25261,5,1.1518881e-07
25262,5,1.2394459e-07
25263,5,1.1921959e-07
25264,5,1.2118653e-07
25265,5,1.1533786e-07
25266,5,1.2391086e-07
25267,5,1.1988038e-07
25268,5,1.2030091e-07
25269,5,1.4288641e-07
25270,5,1.1551282e-07
25271,5,1.2189962e-07
25272,5,1.2035977e-07
25273,5,1.4335811e-07
25274,5,1.1549459e-07
25275,5,1.2216949e-07
25276,5,1.14059e-07
25277,5,1.4392677e-07
25278,5,1.2025909e-07
25279,5,1.2188202e-07
25280,5,1.1476493e-07
25281,5,1.4305526e-07
25282,5,1.1978346e-07
25283,5,1.266237e-07
25284,5,1.1850696e-07
25285,5,1.2844352e-07
25286,5,1.1978828e-07
25287,5,1.2667325e-07
25288,5,1.1863091e-07
25289,5,1.2918759e-07
25290,5,1.1856583e-07
25291,5,1.2816211e-07
25292,5,1.2005327e-07
25293,5,1.2880177e-07
25294,5,1.1910178e-07
25295,5,1.2701883e-07
25296,5,1.1864826e-07
25297,5,1.2864036e-07
25298,5,1.1984402e-07
25299,5,1.2609086e-07
25300,5,1.1910138e-07
25301,5,1.2840041e-07
25302,5,1.1991684e-07
25303,5,1.2676408e-07
25304,5,1.1990574e-07
25305,5,1.2850957e-07
25306,5,1.1901729e-07
25307,5,1.2682971e-07
25308,5,1.1991298e-07
25309,5,1.2844058e-07
25310,5,1.1535914e-07
25311,5,1.2193791e-07
25312,5,1.2052317e-07
25313,5,1.4457376e-07
25314,5,1.1552491e-07
25315,5,1.2260792e-07
25316,5,1.2072976e-07
25317,5,1.4578949e-07
25318,5,1.2122786e-07
25319,5,1.2284277e-07
25320,5,1.1620709e-07
25321,5,1.4567695e-07
25322,5,1.2127802e-07
25323,5,1.2337064e-07
25324,5,1.2380964e-07
25325,5,1.1477298e-07
25326,5,1.2087975e-07
25327,5,1.1829423e-07
25328,5,1.2393247e-07
25329,5,1.1442211e-07
25330,5,1.208606e-07
25331,5,1.1754821e-07
25332,5,1.2052667e-07
25333,5,1.1395918e-07
25334,5,1.2411755e-07
25335,5,1.175809e-07
25336,5,1.2061768e-07
25337,5,1.1395953e-07
25338,5,1.1458358e-07
25339,5,1.2370005e-07
25340,5,1.2083331e-07
25341,5,1.1725331e-07
25342,5,1.1440838e-07
25343,5,1.2370462e-07
25344,5,1.2080619e-07
25345,5,1.1507605e-07
25346,5,1.2046582e-07
25347,5,1.2369984e-07
25348,5,1.1419188e-07
25349,5,1.1742082e-07
25350,5,1.2065989e-07
25351,5,1.2365493e-07
25352,5,1.2264631e-07
25353,5,1.1484961e-07
25354,5,1.2043719e-07
25355,5,1.4550873e-07
25356,5,1.2290017e-07
25357,5,1.1456946e-07
25358,5,1.204729e-07
25359,5,1.4878557e-07
25360,5,1.2171935e-07
25361,5,1.1680319e-07
25362,5,1.231617e-07
25363,5,1.4608214e-07
25364,5,1.2094729e-07
25365,5,1.15266e-07
25366,5,1.2809199e-07
25367,5,1.1885062e-07
25368,5,1.1974255e-07
25369,5,1.2690522e-07
25370,5,1.2836176e-07
25371,5,1.1902132e-07
25372,5,1.198685e-07
25373,5,1.2633844e-07
25374,5,1.1989689e-07
25375,5,1.1885159e-07
25376,5,1.2861053e-07
25377,5,1.2775449e-07
25378,5,1.1994752e-07
25379,5,1.191167e-07
25380,5,1.1975432e-07
25381,5,1.2657753e-07
25382,5,1.2854424e-07
25383,5,1.1850657e-07
25384,5,1.1977073e-07
25385,5,1.2677285e-07
25386,5,1.2858731e-07
25387,5,1.1891001e-07
25388,5,1.2849213e-07
25389,5,1.271781e-07
25390,5,1.1980854e-07
25391,5,1.1852251e-07
25392,5,1.2845034e-07
25393,5,1.2673772e-07
25394,5,1.2042467e-07
25395,5,1.4518613e-07
25396,5,1.2269397e-07
25397,5,1.152479e-07
25398,5,1.2070216e-07
25399,5,1.4563108e-07
25400,5,1.2287145e-07
25401,5,1.1615431e-07
25402,5,1.2274234e-07
25403,5,1.4534096e-07
25404,5,1.2157214e-07
25405,5,1.1715678e-07
25406,5,1.2366812e-07
25407,5,1.4669915e-07
25408,5,1.2095316e-07
25409,5,1.1853824e-07
25410,5,1.1469212e-07
25411,5,1.2385034e-07
25412,5,1.2076334e-07
25413,5,1.1811123e-07
25414,5,1.143913e-07
25415,5,1.2381711e-07
25416,5,1.1445625e-07
25417,5,1.1857258e-07
25418,5,1.2077135e-07
25419,5,1.240905e-07
25420,5,1.1404758e-07
25421,5,1.1697193e-07
25422,5,1.2138933e-07
25423,5,1.2005334e-07
25424,5,1.2410514e-07
25425,5,1.154378e-07
25426,5,1.2132262e-07
25427,5,1.203439e-07
25428,5,1.2433679e-07
25429,5,1.1504764e-07
25430,5,1.2401378e-07
25431,5,1.1945056e-07
25432,5,1.2090996e-07
25433,5,1.1438417e-07
25434,5,1.2429538e-07
25435,5,1.1796258e-07
25436,5,1.2017878e-07
25437,5,1.4353232e-07
25438,5,1.1491193e-07
25439,5,1.2203937e-07
25440,5,1.1986677e-07
25441,5,1.4290086e-07
25442,5,1.1362158e-07
25443,5,1.2240351e-07
25444,5,1.1647946e-07
25445,5,1.4405473e-07
25446,5,1.2159784e-07
25447,5,1.2344332e-07
25448,5,1.1736841e-07
25449,5,1.4574214e-07
25450,5,1.1986801e-07
25451,5,1.2641637e-07
25452,5,1.188656e-07
25453,5,1.2874902e-07
25454,5,1.1994355e-07
25455,5,1.2691952e-07
25456,5,1.1898957e-07
25457,5,1.286067e-07
25458,5,1.1900356e-07
25459,5,1.2669375e-07
25460,5,1.1981171e-07
25461,5,1.2852581e-07
25462,5,1.1864179e-07
25463,5,1.2709155e-07
25464,5,1.18908e-07
25465,5,1.2855044e-07
25466,5,1.1994923e-07
25467,5,1.2795758e-07
25468,5,1.1916379e-07
25469,5,1.2876532e-07
25470,5,1.2005671e-07
25471,5,1.2668555e-07
25472,5,1.1991332e-07
25473,5,1.2832734e-07
25474,5,1.189258e-07
25475,5,1.2582691e-07
25476,5,1.1981434e-07
25477,5,1.2812405e-07
25478,5,1.1570344e-07
25479,5,1.2333542e-07
25480,5,1.2100409e-07
25481,5,1.4464589e-07
25482,5,1.1656477e-07
25483,5,1.2263714e-07
25484,5,1.2114592e-07
25485,5,1.4640735e-07
25486,5,1.2135185e-07
25487,5,1.2346756e-07
25488,5,1.1735076e-07
25489,5,1.4651584e-07
25490,5,1.2167431e-07
25491,5,1.2366859e-07
25492,5,1.2433525e-07
25493,5,1.142619e-07
25494,5,1.2088694e-07
25495,5,1.183769e-07
25496,5,1.2383873e-07
25497,5,1.1454316e-07
25498,5,1.208684e-07
25499,5,1.171752e-07
25500,5,1.2056525e-07
25501,5,1.1387113e-07
25502,5,1.2403062e-07
25503,5,1.1673406e-07
25504,5,1.2055372e-07
25505,5,1.137997e-07
25506,5,1.1447942e-07
25507,5,1.2397912e-07
25508,5,1.209115e-07
25509,5,1.1942041e-07
25510,5,1.149736e-07
25511,5,1.2422708e-07
25512,5,1.2109274e-07
25513,5,1.1869931e-07
25514,5,1.2091812e-07
25515,5,1.2382789e-07
25516,5,1.1465188e-07
25517,5,1.1850843e-07
25518,5,1.2100571e-07
25519,5,1.2423787e-07
25520,5,1.2328171e-07
25521,5,1.1509125e-07
25522,5,1.2068565e-07
25523,5,1.4434274e-07
25524,5,1.2264157e-07
25525,5,1.1520337e-07
25526,5,1.2062392e-07
25527,5,1.4482747e-07
25528,5,1.2060003e-07
25529,5,1.1487522e-07
25530,5,1.2293854e-07
25531,5,1.4472707e-07
25532,5,1.2064352e-07
25533,5,1.1501051e-07
25534,5,1.2837937e-07
25535,5,1.1917741e-07
25536,5,1.1992719e-07
25537,5,1.2645812e-07
25538,5,1.2833904e-07
25539,5,1.1907657e-07
25540,5,1.1989721e-07
25541,5,1.2742368e-07
25542,5,1.198579e-07
25543,5,1.1884825e-07
25544,5,1.2817137e-07
25545,5,1.2656163e-07
25546,5,1.1977155e-07
25547,5,1.1883924e-07
25548,5,1.1973064e-07
25549,5,1.2711632e-07
25550,5,1.2868469e-07
25551,5,1.1817023e-07
25552,5,1.1976001e-07
25553,5,1.2757021e-07
25554,5,1.2878473e-07
25555,5,1.18665e-07
25556,5,1.2863604e-07
25557,5,1.2736485e-07
25558,5,1.1985763e-07
25559,5,1.1873257e-07
25560,5,1.2868704e-07
25561,5,1.2746719e-07
25562,5,1.2110995e-07
25563,5,1.4593112e-07
25564,5,1.2323572e-07
25565,5,1.1537508e-07
25566,5,1.2069089e-07
25567,5,1.4614504e-07
25568,5,1.2287649e-07
25569,5,1.1599489e-07
25570,5,1.2360411e-07
25571,5,1.4596107e-07
25572,5,1.2119501e-07
25573,5,1.1580793e-07
25574,5,1.2353179e-07
25575,5,1.4621741e-07
25576,5,1.2073587e-07
25577,5,1.1842698e-07
25578,5,1.1429401e-07
25579,5,1.2363737e-07
25580,5,1.2057772e-07
25581,5,1.1787932e-07
25582,5,1.1412557e-07
25583,5,1.242881e-07
25584,5,1.1409154e-07
25585,5,1.1786087e-07
25586,5,1.2070196e-07
25587,5,1.2416927e-07
25588,5,1.1401639e-07
25589,5,1.179023e-07
25590,5,1.2094431e-07
25591,5,1.184445e-07
25592,5,1.2360846e-07
25593,5,1.1444205e-07
25594,5,1.2079225e-07
25595,5,1.1721322e-07
25596,5,1.2359025e-07
25597,5,1.1395439e-07
25598,5,1.2383024e-07
25599,5,1.1673584e-07
25600,5,1.2065584e-07
25601,5,1.1390777e-07
25602,5,1.237416e-07
25603,5,1.1619974e-07
25604,5,1.2011398e-07
25605,5,1.4460884e-07
25606,5,1.1443352e-07
25607,5,1.2274252e-07
25608,5,1.2039262e-07
25609,5,1.4590853e-07
25610,5,1.1495843e-07
25611,5,1.2339746e-07
25612,5,1.1711985e-07
25613,5,1.4586978e-07
25614,5,1.2114637e-07
25615,5,1.2350753e-07
25616,5,1.1551783e-07
25617,5,1.4648211e-07
25618,5,1.198945e-07
25619,5,1.2839159e-07
25620,5,1.183516e-07
25621,5,1.2900474e-07
25622,5,1.1991968e-07
25623,5,1.2793954e-07
25624,5,1.1841876e-07
25625,5,1.2825192e-07
25626,5,1.1872838e-07
25627,5,1.2655507e-07
25628,5,1.1970925e-07
25629,5,1.2790693e-07
25630,5,1.188326e-07
25631,5,1.2512427e-07
25632,5,1.1918861e-07
25633,5,1.2857801e-07
25634,5,1.2003578e-07
25635,5,1.2711514e-07
25636,5,1.1931617e-07
25637,5,1.2870893e-07
25638,5,1.2007756e-07
25639,5,1.254834e-07
25640,5,1.1979457e-07
25641,5,1.2806809e-07
25642,5,1.1914311e-07
25643,5,1.2578362e-07
25644,5,1.1986677e-07
25645,5,1.2818204e-07
25646,5,1.1702195e-07
25647,5,1.2261204e-07
25648,5,1.2123412e-07
25649,5,1.4446939e-07
25650,5,1.1643788e-07
25651,5,1.2261195e-07
25652,5,1.2094366e-07
25653,5,1.4577781e-07
25654,5,1.2123776e-07
25655,5,1.2326527e-07
25656,5,1.1534585e-07
25657,5,1.4515568e-07
25658,5,1.2080491e-07
25659,5,1.2268769e-07
25660,5,1.2395526e-07
25661,5,1.1467015e-07
25662,5,1.209392e-07
25663,5,1.1872832e-07
25664,5,1.2409446e-07
25665,5,1.1463762e-07
25666,5,1.2090083e-07
25667,5,1.1759369e-07
25668,5,1.2058507e-07
25669,5,1.1398368e-07
25670,5,1.2346111e-07
25671,5,1.1707705e-07
25672,5,1.20506e-07
25673,5,1.138446e-07
25674,5,1.1496613e-07
25675,5,1.2414538e-07
25676,5,1.210919e-07
25677,5,1.1855699e-07
25678,5,1.1482609e-07
25679,5,1.2428661e-07
25680,5,1.2110116e-07
25681,5,1.1821801e-07
25682,5,1.2077288e-07
25683,5,1.2401361e-07
25684,5,1.1368664e-07
25685,5,1.1563079e-07
25686,5,1.2021705e-07
25687,5,1.2238521e-07
25688,5,1.2256919e-07
25689,5,1.1479763e-07
25690,5,1.2056893e-07
25691,5,1.4604541e-07
25692,5,1.2336769e-07
25693,5,1.1561978e-07
25694,5,1.2104873e-07
25695,5,1.4535915e-07
25696,5,1.2075766e-07
25697,5,1.1521949e-07
25698,5,1.2249319e-07
25699,5,1.4609915e-07
25700,5,1.2090369e-07
25701,5,1.1591456e-07
25702,5,1.2840875e-07
25703,5,1.1864207e-07
25704,5,1.1980703e-07
25705,5,1.2683243e-07
25706,5,1.2842646e-07
25707,5,1.1869358e-07
25708,5,1.1980133e-07
25709,5,1.2543346e-07
25710,5,1.1967024e-07
25711,5,1.1879626e-07
25712,5,1.2760879e-07
25713,5,1.2424532e-07
25714,5,1.1963365e-07
25715,5,1.1883967e-07
25716,5,1.1980172e-07
25717,5,1.2675032e-07
25718,5,1.2858425e-07
25719,5,1.1895732e-07
25720,5,1.1986941e-07
25721,5,1.2626446e-07
25722,5,1.2842534e-07
25723,5,1.1847852e-07
25724,5,1.2834306e-07
25725,5,1.263608e-07
25726,5,1.19657e-07
25727,5,1.1847772e-07
25728,5,1.281004e-07
25729,5,1.256751e-07
25730,5,1.2023277e-07
25731,5,1.4491947e-07
25732,5,1.2241747e-07
25733,5,1.1493091e-07
25734,5,1.2017255e-07
25735,5,1.4352913e-07
25736,5,1.2180591e-07
25737,5,1.1622817e-07
25738,5,1.232986e-07
25739,5,1.4637771e-07
25740,5,1.2085758e-07
25741,5,1.1616845e-07
25742,5,1.2232346e-07
25743,5,1.4483666e-07
25744,5,1.2060716e-07
25745,5,1.1796905e-07
25746,5,1.1424709e-07
25747,5,1.2358781e-07
25748,5,1.2080764e-07
25749,5,1.1941296e-07
25750,5,1.147437e-07
25751,5,1.2384562e-07
25752,5,1.1404096e-07
25753,5,1.1753595e-07
25754,5,1.2065659e-07
25755,5,1.2345027e-07
25756,5,1.1446315e-07
25757,5,1.1875799e-07
25758,5,1.2083368e-07
25759,5,1.1809995e-07
25760,5,1.2384808e-07
25761,5,1.1458345e-07
25762,5,1.2069825e-07
25763,5,1.1732365e-07
25764,5,1.2294008e-07
25765,5,1.1419697e-07
25766,5,1.240064e-07
25767,5,1.1666025e-07
25768,5,1.2101294e-07
25769,5,1.1478855e-07
25770,5,1.2386681e-07
25771,5,1.1799826e-07
25772,5,1.2024206e-07
25773,5,1.4522197e-07
25774,5,1.1418138e-07
25775,5,1.2192442e-07
25776,5,1.2031627e-07
25777,5,1.4456983e-07
25778,5,1.1500658e-07
25779,5,1.2365773e-07
25780,5,1.1593556e-07
25781,5,1.4684635e-07
25782,5,1.2090214e-07
25783,5,1.2276671e-07
25784,5,1.1612693e-07
25785,5,1.4524596e-07
25786,5,1.2007471e-07
25787,5,1.2705222e-07
25788,5,1.1942684e-07
25789,5,1.2865512e-07
25790,5,1.199567e-07
25791,5,1.2668061e-07
25792,5,1.1896401e-07
25793,5,1.2800203e-07
25794,5,1.1888393e-07
25795,5,1.2563922e-07
25796,5,1.197692e-07
25797,5,1.2843416e-07
25798,5,1.1857766e-07
25799,5,1.2731829e-07
25800,5,1.1903625e-07
25801,5,1.28709e-07
25802,5,1.2002776e-07
25803,5,1.2617031281808572e-07
25803,8,4.5541718191429654e-10
25804,5,1.1884385870800287e-07
25804,8,1.7205129199713042e-10
25805,5,1.2564511147983553e-07
25805,8,3.0244585201644705e-09
25806,5,1.1738429045296387e-07
25806,8,2.611729547036137e-09
25807,5,1.2629024e-07
25808,5,1.1988426e-07
25809,5,1.2834225e-07
25810,5,1.1896065e-07
25811,5,1.269834040064999e-07
25811,8,2.791259935001262e-10
25812,5,1.1747265416685401e-07
25812,8,2.489585833145979e-09
25813,5,1.2567498248147932e-07
25813,8,2.9354575185206746e-09
25814,5,1.1552081e-07
25815,5,1.2119695e-07
25816,5,1.2034331e-07
25817,5,1.389684185280371e-07
25817,8,3.115681471962922e-09
25818,5,1.1569398e-07
25819,5,1.2090977612625717e-07
25819,8,6.752038737428222e-10
25820,5,1.1766727007307572e-07
25820,8,2.7351799269242947e-09
25821,5,1.4541687e-07
25822,5,1.2081494e-07
25823,5,1.2318566e-07
25824,5,1.1575535e-07
25825,5,1.412610366835458e-07
25825,8,3.857533316454193e-09
25826,5,1.1811309997500386e-07
25826,8,2.8030100249961294e-09
25827,5,1.219701831340777e-07
25827,8,8.637268659223077e-10
25828,5,1.2304291e-07
25829,5,1.1474448e-07
25830,5,1.207393e-07
25831,5,1.2078997e-07
25832,5,1.2275266169493683e-07
25832,8,1.184278305063188e-09
25833,5,1.151124e-07
25834,5,1.1811519842487331e-07
25834,8,2.8644915751266844e-09
25835,5,1.1822151e-07
25836,5,1.2068786e-07
25837,5,1.1407067e-07
25838,5,1.2283216667007238e-07
25838,8,1.021543329927619e-09
25839,5,1.1863627e-07
25840,5,1.1800297980873952e-07
25840,8,2.6507501912604748e-09
25841,5,1.1427792e-07
25842,5,1.1460094e-07
25843,5,1.2410324e-07
25844,5,1.2097837e-07
25845,5,1.1668089e-07
25846,5,1.142432e-07
25847,5,1.2302947930061046e-07
25847,8,9.163406993895339e-10
25848,5,1.1816866706398038e-07
25848,8,2.628952936019612e-09
25849,5,1.154687e-07
25850,5,1.2040991e-07
25851,5,1.2342708e-07
25852,5,1.1423245e-07
25853,5,1.1786913e-07
25854,5,1.1813229407781282e-07
25854,8,2.564835922187183e-09
25855,5,1.232615063865768e-07
25855,8,7.389736134231765e-10
25856,5,1.236731e-07
25857,5,1.1710888e-07
25858,5,1.2159111e-07
25859,5,1.4273009763384493e-07
25859,8,3.9728323661550646e-09
25860,5,1.227065535600842e-07
25860,8,9.249964399157814e-10
25861,5,1.164841e-07
25862,5,1.1852449739492081e-07
25862,8,2.903452605079189e-09
25863,5,1.4810121e-07
25864,5,1.2136435e-07
25865,5,1.1641786e-07
25866,5,1.228646176361576e-07
25866,8,4.770923638424022e-10
25867,5,1.424992598934191e-07
25867,8,3.2158501065809144e-09
25868,5,1.1875248107234626e-07
25868,8,2.7044489276537445e-09
25869,5,1.1686093e-07
25870,5,1.2834226e-07
25871,5,1.1868495e-07
25872,5,1.1976108e-07
25873,5,1.2680994904217055e-07
25873,8,4.3901095782945884e-10
25874,5,1.255156285921611e-07
25874,8,2.966641407838897e-09
25875,5,1.1845912e-07
25876,5,1.1724781676409225e-07
25876,8,2.473293235907745e-09
25877,5,1.2538169e-07
25878,5,1.1970136e-07
25879,5,1.1882765e-07
25880,5,1.2517510998472152e-07
25880,8,2.905840015278467e-09
25881,5,1.258036659819211e-07
25881,8,2.596540180789223e-10
25882,5,1.1730084830917846e-07
25882,8,2.5003916908215336e-09
25883,5,1.1896720715409698e-07
25883,8,5.4452845903021944e-11
25884,5,1.1984825e-07
25885,5,1.2653554e-07
25886,5,1.2847091e-07
25887,5,1.186976578382564e-07
25887,8,2.6862161743605668e-11
25888,5,1.172873434380817e-07
25888,8,2.5466565619182996e-09
25889,5,1.2657075603789235e-07
25889,8,3.0932396210764926e-10
25890,5,1.256175648962733e-07
25890,8,2.9504051037267064e-09
25891,5,1.1891353e-07
25892,5,1.2818155e-07
25893,5,1.2582981e-07
25894,5,1.1734118856148522e-07
25894,8,2.49089143851478e-09
25895,5,1.1873835e-07
25896,5,1.2558165410024064e-07
25896,8,2.944285899759344e-09
25897,5,1.2657580863306816e-07
25897,8,4.14241366931835e-10
25898,5,1.2025648e-07
25899,5,1.4438496e-07
25900,5,1.2229766e-07
25901,5,1.1436491e-07
25902,5,1.1740768796539523e-07
25902,8,2.5967020346047822e-09
25903,5,1.4004073919968175e-07
25903,8,2.8769908003182667e-09
25904,5,1.2125999351568725e-07
25904,8,3.671964843127466e-10
25905,5,1.1531895e-07
25906,5,1.2233995e-07
25907,5,1.4442706e-07
25908,5,1.1771895300816397e-07
25908,8,2.6790169918360305e-09
25909,5,1.1505736e-07
25910,5,1.216002871944323e-07
25910,8,4.410728055677211e-10
25911,5,1.4066145048163848e-07
25911,8,3.052429518361512e-09
25912,5,1.210789e-07
25913,5,1.2004326e-07
25914,5,1.1508562e-07
25915,5,1.230556647144151e-07
25915,8,8.854552855849027e-10
25916,5,1.1849410002013159e-07
25916,8,2.6573699798684185e-09
25917,5,1.2049439e-07
25918,5,1.1530934e-07
25919,5,1.2393795e-07
25920,5,1.1491733e-07
25921,5,1.1970815e-07
25922,5,1.1833677505264725e-07
25922,8,2.6838049473527322e-09
25923,5,1.2306690904073692e-07
25923,8,8.787809592630869e-10
25924,5,1.1509541e-07
25925,5,1.1995056e-07
25926,5,1.2099277e-07
25927,5,1.1894197e-07
25928,5,1.2403248e-07
25929,5,1.146356e-07
25930,5,1.1859091948827673e-07
25930,8,2.3034605117232764e-09
25931,5,1.1757808e-07
25932,5,1.2334751657145185e-07
25932,8,2.3265342854814173e-10
25933,5,1.1554372e-07
25934,5,1.2406219e-07
25935,5,1.2003953e-07
25936,5,1.1872303541927454e-07
25936,8,2.814834580725451e-09
25937,5,1.1600246e-07
25938,5,1.2339537421033658e-07
25938,8,1.0653957896634321e-09
25939,5,1.2160183e-07
25940,5,1.2061106e-07
25941,5,1.4476461e-07
25942,5,1.153269e-07
25943,5,1.2241841552175112e-07
25943,8,2.19174478248882e-10
25944,5,1.1834387395824006e-07
25944,8,2.5020460417599382e-09
25945,5,1.4142335662093249e-07
25945,8,3.4626833790675305e-09
25946,5,1.1557031e-07
25947,5,1.21791e-07
25948,5,1.1496225e-07
25949,5,1.4237591e-07
25950,5,1.177403725931397e-07
25950,8,2.532847406860307e-09
25951,5,1.212408558552314e-07
25951,8,4.460241447686247e-10
25952,5,1.1521989e-07
25953,5,1.3901902543642194e-07
25953,8,2.8737045635780766e-09
25954,5,1.1985495e-07
25955,5,1.2706718e-07
25956,5,1.1848636e-07
25957,5,1.2601868030001546e-07
25957,8,2.9095996999845353e-09
25958,5,1.1754106422690217e-07
25958,8,2.396925773097814e-09
25959,5,1.275333257814228e-07
25959,8,3.120442185771938e-10
25960,5,1.1869694e-07
25961,5,1.2869121e-07
25962,5,1.188027e-07
25963,5,1.2779378e-07
25964,5,1.1743806627725712e-07
25964,8,2.5864837227428796e-09
25965,5,1.2564839881489096e-07
25965,8,2.952281185109052e-09
25966,5,1.190963237315741e-07
25966,8,1.8683626842588975e-10
25967,5,1.265534329174248e-07
25967,8,2.5483708257522045e-10
25968,8,1.1862567e-07
25969,5,2.9163686491587506e-09
25969,8,1.2585513135084124e-07
25970,5,2.4798642195181478e-09
25970,8,1.1742955578048186e-07
25971,8,1.2698826e-07
25972,8,1.1844748e-07
25973,8,1.2859867e-07
25974,8,1.1982543e-07
25975,5,3.339470053806726e-10
25975,8,1.2688570299461933e-07
25976,5,2.585007792634707e-09
25976,8,1.1742571220736528e-07
25977,5,2.9699467278423575e-09
25977,8,1.2575548327215765e-07
25978,8,1.1905414e-07
25979,8,1.27766e-07
25980,8,1.2007196e-07
25981,8,1.2892055e-07
25982,8,1.1588124e-07
25983,5,3.6697413077210524e-10
25983,8,1.218139058692279e-07
25984,5,2.6803315579726493e-09
25984,8,1.1788317844202734e-07
25985,8,1.4531197e-07
25986,8,1.1473065e-07
25987,8,1.2262832e-07
25988,8,1.2034111e-07
25989,5,3.673913042941424e-09
25989,8,1.4151967695705856e-07
25990,5,2.8334973617759498e-09
25990,8,1.1827113263822406e-07
25991,5,7.300713387782077e-10
25991,8,1.217723486612218e-07
25992,8,1.16541e-07
25993,8,1.4618368e-07
25994,8,1.2136824e-07
25995,8,1.2333884e-07
25996,5,7.636169079836176e-10
25996,8,1.2300240309201638e-07
25997,8,1.147672e-07
25998,5,2.6349481133228403e-09
25998,8,1.1826291188667716e-07
25999,8,1.1785779e-07
26000,8,1.2394802e-07
26001,8,1.1455614e-07
26002,8,1.2089143e-07
26003,8,1.1750655e-07
26004,5,2.688084706614982e-09
26004,8,1.1778506529338503e-07
26005,8,1.1408539e-07
26006,8,1.2374088e-07
26007,8,1.1727617e-07
26008,8,1.2054617e-07
26009,8,1.1395762e-07
26010,8,1.144086e-07
26011,5,1.1927584401371337e-09
26011,8,1.2267797155986287e-07
26012,5,2.809932967167692e-09
26012,8,1.1799491703283229e-07
26013,8,1.1892312e-07
26014,8,1.147338e-07
26015,8,1.2409119e-07
26016,8,1.209807e-07
26017,8,1.1822313e-07
26018,5,2.7916160209106725e-09
26018,8,1.1792339397908931e-07
26019,5,1.1032640627402211e-09
26019,8,1.227931659372598e-07
26020,8,1.1411029e-07
26021,8,1.175687e-07
26022,8,1.2066589e-07
26023,8,1.2383324e-07
26024,5,9.383256394003762e-10
26024,8,1.222090143605996e-07
26025,8,1.1547877e-07
26026,5,2.7486117454016416e-09
26026,8,1.1823382825459835e-07
26027,8,1.4514174e-07
26028,8,1.2287071e-07
26029,8,1.154756e-07
26030,8,1.2079109e-07
26031,5,3.5573568732369233e-09
26031,8,1.4179793312676307e-07
26032,5,2.9247290264522138e-09
26032,8,1.182665909735478e-07
26033,8,1.1617963e-07
26034,8,1.2318367e-07
26035,8,1.4581344e-07
26036,8,1.2105563e-07
26037,8,1.1575166e-07
26038,5,2.9786235654231474e-09
26038,8,1.2567406643457684e-07
26039,5,2.5854224737531374e-11
26039,8,1.1813711577526246e-07
26040,5,2.551914930897281e-09
26040,8,1.1715501506910273e-07
26041,8,1.2765538e-07
26042,8,1.2879817e-07
26043,8,1.1827046e-07
26044,8,1.1976425e-07
26045,5,7.601980978714216e-11
26045,8,1.2610227019021287e-07
26046,5,2.5627129173154485e-09
26046,8,1.1730196708268455e-07
26047,5,1.257749701373867e-10
26047,8,1.189646250298626e-07
26048,8,1.2850412e-07
26049,8,1.2717488e-07
26050,8,1.1995617e-07
26051,8,1.1910703e-07
26052,5,2.5123189627625187e-09
26052,8,1.1731967103723748e-07
26053,5,3.3224844237498024e-10
26053,8,1.2661166155762501e-07
26054,5,2.927573804274583e-09
26054,8,1.2560278619572542e-07
26055,8,1.1875547e-07
26056,8,1.1983276e-07
26057,8,1.2660101e-07
26058,8,1.2841354e-07
26059,8,1.1849161e-07
26060,5,2.969894859140237e-09
26060,8,1.2580987514085976e-07
26061,5,4.2008231788116317e-10
26061,8,1.274410576821188e-07
26062,8,1.1988611e-07
26063,8,1.1855997e-07
26064,8,1.2877043e-07
26065,8,1.2724802e-07
26066,5,2.6635938681388945e-09
26066,8,1.177001361318611e-07
26067,5,2.8683603745915162e-09
26067,8,1.4062594962540848e-07
26068,5,5.789929597007845e-10
26068,8,1.214034670402992e-07
26069,8,1.1607616e-07
26070,8,1.2060273e-07
26071,8,1.4475508e-07
26072,8,1.2213974e-07
26073,8,1.1532852e-07
26074,5,6.498017090243109e-10
26074,8,1.2175492829097567e-07
26075,5,3.102004684438372e-09
26075,8,1.4122576531556164e-07
26076,8,1.2097707e-07
26077,8,1.163775e-07
26078,8,1.228299e-07
26079,8,1.4587329e-07
26080,5,2.9076213083551867e-09
26080,8,1.1825841869164481e-07
26081,8,1.2034608e-07
26082,8,1.1523941e-07
26083,8,1.2386279e-07
26084,8,1.2109145e-07
26085,8,1.1958587e-07
26086,8,1.1505186e-07
26087,5,1.1996269509234907e-09
26087,8,1.229564530490765e-07
26088,8,1.1507373e-07
26089,8,1.1993832e-07
26090,8,1.2088946e-07
26091,8,1.2376724e-07
26092,8,1.1467463e-07
26093,8,1.1833198e-07
26094,5,3.0237358668206504e-09
26094,8,1.1792765413317935e-07
26095,8,1.1724121e-07
26096,5,1.5312842618656718e-09
26096,8,1.2270113573813434e-07
26097,8,1.1450766e-07
26098,8,1.2086058e-07
26099,8,1.1755018e-07
26100,8,1.2376301e-07
26101,8,1.1562432e-07
26102,5,9.215633422124803e-10
26102,8,1.2279812665778754e-07
26103,8,1.2012103e-07
26104,8,1.2115154e-07
26105,8,1.1509231e-07
26106,8,1.2380727e-07
26107,8,1.1796931e-07
26108,5,3.1513645663751834e-09
26108,8,1.1825096543362482e-07
26109,5,4.205738306704322e-09
26109,8,1.424389416932957e-07
26110,5,1.0295658837523059e-10
26110,8,1.1667780341162476e-07
26111,8,1.2309422e-07
26112,8,1.2125128e-07
26113,8,1.4547389e-07
26114,8,1.161659e-07
26115,5,4.4352952717016373e-10
26115,8,1.2111940047282984e-07
26116,5,3.01256838343826e-11
26116,8,1.1589518431616562e-07
26117,5,2.971404015023401e-09
26117,8,1.398769359849766e-07
26118,8,1.2053335e-07
26119,8,1.2252418e-07
26120,8,1.1572278e-07
26121,8,1.4561462e-07
26122,5,2.6458588821943106e-09
26122,8,1.1735561111780569e-07
26123,5,6.91517379419448e-10
26123,8,1.2692307262058054e-07
26124,5,1.8989576124853467e-10
26124,8,1.1855002423875146e-07
26125,8,1.2895453e-07
26126,8,1.2008911e-07
26127,8,1.2766351e-07
26128,8,1.1903646e-07
26129,5,2.8509105597672364e-09
26129,8,1.2567802944023277e-07
26130,8,1.1926663e-07
26131,5,5.6687124495190343e-11
26131,8,1.2609019287550482e-07
26132,8,1.1992009e-07
26133,8,1.2878106e-07
26134,8,1.186965e-07
26135,8,1.2740686e-07
26136,8,1.1878949e-07
26137,8,1.2835604e-07
26138,8,1.1983714e-07
26139,8,1.260432e-07
26140,8,1.19365e-07
26141,8,1.2825619e-07
26142,8,1.1995875e-07
26143,8,1.2790325e-07
26144,8,1.2010491e-07
26145,8,1.2899821e-07
26146,8,1.1880258e-07
26147,8,1.2719626e-07
26148,8,1.200234e-07
26149,8,1.2883207e-07
26150,8,1.1459152e-07
26151,8,1.221123e-07
26152,8,1.200807e-07
26153,8,1.4161108e-07
26154,8,1.1432682e-07
26155,8,1.210711e-07
26156,8,1.1971729e-07
26157,8,1.4660663e-07
26158,8,1.2154057e-07
26159,8,1.2331064e-07
26160,8,1.1648963e-07
26161,8,1.4658194e-07
26162,8,1.2137382e-07
26163,8,1.233896e-07
26164,8,1.2405048e-07
26165,8,1.1497408e-07
26166,8,1.2106205e-07
26167,8,1.2141158e-07
26168,8,1.2403837e-07
26169,8,1.1559196e-07
26170,8,1.2126668e-07
26171,8,1.1631408e-07
26172,8,1.2037874e-07
26173,8,1.1361468e-07
26174,8,1.2363473e-07
26175,8,1.1662317e-07
26176,8,1.2044884e-07
26177,8,1.1364982e-07
26178,8,1.1497802e-07
26179,8,1.2398936e-07
26180,8,1.2107348e-07
26181,8,1.1878711e-07
26182,8,1.1502404e-07
26183,8,1.2377299e-07
26184,8,1.2107676e-07
26185,8,1.1703897e-07
26186,8,1.2069669e-07
26187,8,1.2392053e-07
26188,8,1.1419952e-07
26189,8,1.1779821e-07
26190,8,1.2083976e-07
26191,8,1.2429921e-07
26192,8,1.2259934e-07
26193,8,1.152323e-07
26194,8,1.2060575e-07
26195,8,1.4459785e-07
26196,8,1.2246239e-07
26197,8,1.1491605e-07
26198,8,1.2046846e-07
26199,8,1.4673281e-07
26200,8,1.2096004e-07
26201,8,1.1513394e-07
26202,8,1.2362847e-07
26203,8,1.4636908e-07
26204,8,1.2108734e-07
26205,8,1.1563882e-07
26206,8,1.288689e-07
26207,8,1.1832711e-07
26208,8,1.1981804e-07
26209,8,1.2781834e-07
26210,8,1.2894242e-07
26211,8,1.1861356e-07
26212,8,1.199298e-07
26213,8,1.2775431e-07
26214,8,1.2003922e-07
26215,8,1.1918979e-07
26216,8,1.2869634e-07
26217,8,1.268795e-07
26218,8,1.1996258e-07
26219,8,1.1886407e-07
26220,8,1.1985065e-07
26221,8,1.2701015e-07
26222,8,1.2846197e-07
26223,8,1.1878594e-07
26224,8,1.1984165e-07
26225,8,1.2681293e-07
26226,8,1.2833911e-07
26227,8,1.1860927e-07
26228,8,1.2900691e-07
26229,8,1.2812644e-07
26230,8,1.200059e-07
26231,8,1.1853603e-07
26232,8,1.291451e-07
26233,8,1.2826317e-07
26234,8,1.2040852e-07
26235,8,1.4276899e-07
26236,8,1.2199244e-07
26237,8,1.1488106e-07
26238,8,1.2033252e-07
26239,8,1.4367522e-07
26240,8,1.2206988e-07
26241,8,1.1593659e-07
26242,8,1.2308389e-07
26243,8,1.4648211e-07
26244,8,1.1999696e-07
26245,8,1.1395023e-07
26246,8,1.2193562e-07
26247,8,1.4348018e-07
26248,8,1.2129931e-07
26249,8,1.2149408e-07
26250,8,1.1540769e-07
26251,8,1.2415192e-07
26252,8,1.2120908e-07
26253,8,1.2061429e-07
26254,8,1.1517999e-07
26255,8,1.2395789e-07
26256,8,1.1466382e-07
26257,8,1.1821866e-07
26258,8,1.209841e-07
26259,8,1.2379363e-07
26260,8,1.1497169e-07
26261,8,1.1948236e-07
26262,8,1.2070814e-07
26263,8,1.1660497e-07
26264,8,1.2343663e-07
26265,8,1.1445868e-07
26266,8,1.2087071e-07
26267,8,1.1764839e-07
26268,8,1.2400629e-07
26269,8,1.1558481e-07
26270,8,1.2367481e-07
26271,8,1.1987427e-07
26272,8,1.2167635e-07
26273,8,1.1626299e-07
26274,8,1.2438398e-07
26275,8,1.2233838e-07
26276,8,1.2121925e-07
26277,8,1.4602022e-07
26278,8,1.1633839e-07
26279,8,1.2320474e-07
26280,8,1.2116844e-07
26281,8,1.4557543e-07
26282,8,1.1612153e-07
26283,8,1.21498e-07
26284,8,1.1449913e-07
26285,8,1.4260235e-07
26286,8,1.2024232e-07
26287,8,1.2143388e-07
26288,8,1.1537782e-07
26289,8,1.4155815e-07
26290,8,1.2009714e-07
26291,8,1.2753776e-07
26292,8,1.1916881e-07
26293,8,1.2881013e-07
26294,8,1.2006781e-07
26295,8,1.2736823e-07
26296,8,1.1917666e-07
26297,8,1.2878044e-07
26298,8,1.188144e-07
26299,8,1.2757655e-07
26300,8,1.1990084e-07
26301,8,1.2856248e-07
26302,8,1.1896034e-07
26303,8,1.2694871e-07
26304,8,1.1930381e-07
26305,8,1.2817219e-07
26306,8,1.1994755e-07
26307,8,1.2602834e-07
26308,8,1.1892046e-07
26309,8,1.2826956e-07
26310,8,1.1987888e-07
26311,8,1.2670235e-07
26312,8,1.2000587e-07
26313,8,1.2868533e-07
26314,8,1.1905373e-07
26315,8,1.2663339e-07
26316,8,1.2003747e-07
26317,8,1.2864152e-07
26318,8,1.1419129e-07
26319,8,1.2083866e-07
26320,8,1.1960177e-07
26321,8,1.4285821e-07
26322,8,1.1455662e-07
26323,8,1.2150464e-07
26324,8,1.1994363e-07
26325,8,1.4578376e-07
26326,8,1.2098748e-07
26327,8,1.2325616e-07
26328,8,1.1558419e-07
26329,8,1.4551844e-07
26330,8,1.2103035e-07
26331,8,1.2307174e-07
26332,8,1.2404839e-07
26333,8,1.1584078e-07
26334,8,1.2135078e-07
26335,8,1.2119059e-07
26336,8,1.2411074e-07
26337,8,1.1550547e-07
26338,8,1.212926e-07
26339,8,1.1703238e-07
26340,8,1.2056052e-07
26341,8,1.1378569e-07
26342,8,1.2378879e-07
26343,8,1.1745237e-07
26344,8,1.2059389e-07
26345,8,1.1388512e-07
26346,8,1.1492191e-07
26347,8,1.2377471e-07
26348,8,1.2103672e-07
26349,8,1.1771892e-07
26350,8,1.1480033e-07
26351,8,1.2384744e-07
26352,8,1.2103637e-07
26353,8,1.1801423e-07
26354,8,1.2081684e-07
26355,8,1.2420614e-07
26356,8,1.1405289e-07
26357,8,1.169823e-07
26358,8,1.206707e-07
26359,8,1.2360156e-07
26360,8,1.2274643e-07
26361,8,1.1501965e-07
26362,8,1.2060919e-07
26363,8,1.4567326e-07
26364,8,1.2302553e-07
26365,8,1.157515e-07
26366,8,1.2096872e-07
26367,8,1.4595751e-07
26368,8,1.20925e-07
26369,8,1.1514682e-07
26370,8,1.2319563e-07
26371,8,1.4629775e-07
26372,8,1.2084937e-07
26373,8,1.1499063e-07
26374,8,1.290231e-07
26375,8,1.1879199e-07
26376,8,1.1999198e-07
26377,8,1.2808657e-07
26378,8,1.290199e-07
26379,8,1.184708e-07
26380,8,1.1996679e-07
26381,8,1.2728126e-07
26382,8,1.198431e-07
26383,8,1.1825459e-07
26384,8,1.2884626e-07
26385,8,1.2775014e-07
26386,8,1.1990524e-07
26387,8,1.184685e-07
26388,8,1.1982629e-07
26389,8,1.2558723e-07
26390,8,1.2796661e-07
26391,8,1.1925168e-07
26392,8,1.197643e-07
26393,8,1.2416228e-07
26394,8,1.2753921e-07
26395,8,1.1871871e-07
26396,8,1.2898208e-07
26397,8,1.27376e-07
26398,8,1.2006918e-07
26399,8,1.1896125e-07
26400,8,1.2887959e-07
26401,8,1.2727471e-07
26402,8,1.2064487e-07
26403,8,1.4407574e-07
26404,8,1.2225996e-07
26405,8,1.1613619e-07
26406,8,1.2101673e-07
26407,8,1.452387e-07
26408,8,1.2293685e-07
26409,8,1.134934e-07
26410,8,1.2221434e-07
26411,8,1.4359869e-07
26412,8,1.2039528e-07
26413,8,1.1471714e-07
26414,8,1.2249271e-07
26415,8,1.4441695e-07
26416,8,1.2106264e-07
26417,8,1.2034504e-07
26418,8,1.1499475e-07
26419,8,1.2398427e-07
26420,8,1.2089431e-07
26421,8,1.1872063e-07
26422,8,1.1450875e-07
26423,8,1.2430672e-07
26424,8,1.1497496e-07
26425,8,1.1954315e-07
26426,8,1.2112517e-07
26427,8,1.2430343e-07
26428,8,1.148789e-07
26429,8,1.1943646e-07
26430,8,1.208778e-07
26431,8,1.1797818e-07
26432,8,1.2367083e-07
26433,8,1.1449397e-07
26434,8,1.2089074e-07
26435,8,1.178178e-07
26436,8,1.2387976e-07
26437,8,1.1597911e-07
26438,8,1.2438469e-07
26439,8,1.2128343e-07
26440,8,1.2129251e-07
26441,8,1.1521982e-07
26442,8,1.2380936e-07
26443,8,1.1875758e-07
26444,8,1.2093226e-07
26445,8,1.4500986e-07
26446,8,1.156551e-07
26447,8,1.2295082e-07
26448,8,1.210528e-07
26449,8,1.4529486e-07
26450,8,1.1582963e-07
26451,8,1.2186874e-07
26452,8,1.1610604e-07
26453,8,1.4271125e-07
26454,8,1.206863e-07
26455,8,1.2217231e-07
26456,8,1.1556001e-07
26457,8,1.4382366e-07
26458,8,1.1997489e-07
26459,8,1.274722e-07
26460,8,1.1889215e-07
26461,8,1.2878809e-07
26462,8,1.1990104e-07
26463,8,1.2761075e-07
26464,8,1.1854512e-07
26465,8,1.2848481e-07
26466,8,1.1857134e-07
26467,8,1.2708533e-07
26468,8,1.1989526e-07
26469,8,1.2824247e-07
26470,8,1.1918481e-07
26471,8,1.2608702e-07
26472,8,1.1886561e-07
26473,8,1.2840378e-07
26474,8,1.1989899e-07
26475,8,1.2602883e-07
26476,8,1.1903229e-07
26477,8,1.2839485e-07
26478,8,1.1998694e-07
26479,8,1.2696426e-07
26480,8,1.2006718e-07
26481,8,1.2870568e-07
26482,8,1.1898347e-07
26483,8,1.2764032e-07
26484,8,1.2011192e-07
26485,8,1.2888539e-07
26486,8,1.1574459e-07
26487,8,1.2170832e-07
26488,8,1.2050998e-07
26489,8,1.444455e-07
26490,8,1.1672327e-07
26491,8,1.2252132e-07
26492,8,1.2116241e-07
26493,8,1.4624316e-07
26494,8,1.2127959e-07
26495,8,1.2340215e-07
26496,8,1.1595466e-07
26497,8,1.4567143e-07
26498,8,1.2125809e-07
26499,8,1.2317333e-07
26500,8,1.2399267e-07
26501,8,1.1525827e-07
26502,8,1.2117829e-07
26503,8,1.1949288e-07
26504,8,1.240336e-07
26505,8,1.1480469e-07
26506,8,1.2107622e-07
26507,8,1.1775024e-07
26508,8,1.2069683e-07
26509,8,1.139681e-07
26510,8,1.2397057e-07
26511,8,1.1778499e-07
26512,8,1.2078371e-07
26513,8,1.1404666e-07
26514,8,1.1474668e-07
26515,8,1.2382955e-07
26516,8,1.2101157e-07
26517,8,1.1859152e-07
26518,8,1.1475584e-07
26519,8,1.2363504e-07
26520,8,1.209642e-07
26521,8,1.1658894e-07
26522,8,1.2063094e-07
26523,8,1.2360757e-07
26524,8,1.1405648e-07
26525,8,1.1697897e-07
26526,8,1.2069903e-07
26527,8,1.2352515e-07
26528,8,1.2307808e-07
26529,8,1.1677286e-07
26530,8,1.2127912e-07
26531,8,1.4422841e-07
26532,8,1.2249115e-07
26533,8,1.1555321e-07
26534,8,1.209765e-07
26535,8,1.4681082e-07
26536,8,1.2112189e-07
26537,8,1.1581062e-07
26538,8,1.2321622e-07
26539,8,1.4612989e-07
26540,8,1.2119966e-07
26541,8,1.158398e-07
26542,8,1.2897425e-07
26543,8,1.1895567e-07
26544,8,1.2006767e-07
26545,8,1.2747e-07
26546,8,1.2893663e-07
26547,8,1.1883163e-07
26548,8,1.2005883e-07
26549,8,1.2746626e-07
26550,8,1.1998956e-07
26551,8,1.189977e-07
26552,8,1.2855948e-07
26553,8,1.2672368e-07
26554,8,1.1996862e-07
26555,8,1.1883999e-07
26556,8,1.1969892e-07
26557,8,1.2448906e-07
26558,8,1.2761686e-07
26559,8,1.1837863e-07
26560,8,1.1966211e-07
26561,8,1.2578292e-07
26562,8,1.2805885e-07
26563,8,1.1908347e-07
26564,8,1.2875943e-07
26565,8,1.2708603e-07
26566,8,1.2009414e-07
26567,8,1.1913352e-07
26568,8,1.2873815e-07
26569,8,1.2725314e-07
26570,8,1.2108503e-07
26571,8,1.4734858e-07
26572,8,1.2338191e-07
26573,8,1.1476618e-07
26574,8,1.2077825e-07
26575,8,1.4516852e-07
26576,8,1.2292473e-07
26577,8,1.1599409e-07
26578,8,1.2269221e-07
26579,8,1.4425742e-07
26580,8,1.2138503e-07
26581,8,1.1655373e-07
26582,8,1.232449e-07
26583,8,1.4586328e-07
26584,8,1.207058e-07
26585,8,1.1715753e-07
26586,8,1.1409465e-07
26587,8,1.2388578e-07
26588,8,1.2078713e-07
26589,8,1.1833231e-07
26590,8,1.1425177e-07
26591,8,1.2431248e-07
26592,8,1.1488176e-07
26593,8,1.1972516e-07
26594,8,1.2090211e-07
26595,8,1.2394802e-07
26596,8,1.1423557e-07
26597,8,1.1750353e-07
26598,8,1.2080339e-07
26599,8,1.1725444e-07
26600,8,1.2363974e-07
26601,8,1.1434988e-07
26602,8,1.2090696e-07
26603,8,1.1747331e-07
26604,8,1.2389384e-07
26605,8,1.1488295e-07
26606,8,1.2442483e-07
26607,8,1.1847875e-07
26608,8,1.2107218e-07
26609,8,1.1464484e-07
26610,8,1.2407587e-07
26611,8,1.1870209e-07
26612,8,1.2124838e-07
26613,8,1.4548956e-07
26614,8,1.1634116e-07
26615,8,1.2330447e-07
26616,8,1.2151867e-07
26617,8,1.4605906e-07
26618,8,1.1676031e-07
26619,8,1.2320974e-07
26620,8,1.1615312e-07
26621,8,1.4535084e-07
26622,8,1.2135601e-07
26623,8,1.2297875e-07
26624,8,1.1650562e-07
26625,8,1.4484673e-07
26626,8,1.1996648e-07
26627,8,1.2748627e-07
26628,8,1.1880829e-07
26629,8,1.2878444e-07
26630,8,1.2004182e-07
26631,8,1.2746664e-07
26632,8,1.1894012e-07
26633,8,1.2797875e-07
26634,8,1.1943614e-07
26635,8,1.249186e-07
26636,8,1.1996839e-07
26637,8,1.281417e-07
26638,8,1.1934468e-07
26639,8,1.2530637e-07
26640,8,1.1939434e-07
26641,8,1.285797e-07
26642,8,1.2016318e-07
26643,8,1.269973e-07
26644,8,1.1951149e-07
26645,8,1.2885782e-07
26646,8,1.203084e-07
26647,8,1.2805456e-07
26648,8,1.2023169e-07
26649,8,1.2907283e-07
26650,8,1.192261e-07
26651,8,1.2707873e-07
26652,8,1.2027904e-07
26653,8,1.2897332e-07
26654,8,1.1683031e-07
26655,8,1.2324928e-07
26656,8,1.2155871e-07
26657,8,1.4665263e-07
26658,8,1.1723041e-07
26659,8,1.2381961e-07
26660,8,1.2194802e-07
26661,8,1.4590858e-07
26662,8,1.2135875e-07
26663,8,1.2360246e-07
26664,8,1.1668993e-07
26665,8,1.4639556e-07
26666,8,1.2182119e-07
26667,8,1.2349525e-07
26668,8,1.2405331e-07
26669,8,1.144382e-07
26670,8,1.2101733e-07
26671,8,1.1787768e-07
26672,8,1.2438552e-07
26673,8,1.1432444e-07
26674,8,1.211483e-07
26675,8,1.1814351e-07
26676,8,1.2095127e-07
26677,8,1.1423086e-07
26678,8,1.2388981e-07
26679,8,1.1757838e-07
26680,8,1.2089799e-07
26681,8,1.1411488e-07
26682,8,1.1421337e-07
26683,8,1.2378113e-07
26684,8,1.2082285e-07
26685,8,1.1494536e-07
26686,8,1.1370191e-07
26687,8,1.2383214e-07
26688,8,1.2083245e-07
26689,8,1.1690295e-07
26690,8,1.2087737e-07
26691,8,1.2373052e-07
26692,8,1.1459094e-07
26693,8,1.1771597e-07
26694,8,1.2121528e-07
26695,8,1.2412071e-07
26696,8,1.233103e-07
26697,8,1.1548715e-07
26698,8,1.2126346e-07
26699,8,1.4943047e-07
26700,8,1.2461598e-07
26701,8,1.1692876e-07
26702,8,1.2210462e-07
26703,8,1.4697101e-07
26704,8,1.2145727e-07
26705,8,1.1638697e-07
26706,8,1.234451e-07
26707,8,1.459715e-07
26708,8,1.2160012e-07
26709,8,1.1633384e-07
26710,8,1.2888257e-07
26711,8,1.1874415e-07
26712,8,1.2005698e-07
26713,8,1.267617e-07
26714,8,1.2879437e-07
26715,8,1.1895341e-07
26716,8,1.2014487e-07
26717,8,1.2730373e-07
26718,8,1.2004935e-07
26719,8,1.1890415e-07
26720,8,1.287329e-07
26721,8,1.2738981e-07
26722,8,1.2014745e-07
26723,8,1.1898694e-07
26724,8,1.1981419e-07
26725,8,1.2613017e-07
26726,8,1.2833246e-07
26727,8,1.1841665e-07
26728,8,1.1994064e-07
26729,8,1.2628541e-07
26730,8,1.2859652e-07
26731,8,1.1880605e-07
26732,8,1.2874244e-07
26733,8,1.2692986e-07
26734,8,1.2013414e-07
26735,8,1.1857431e-07
26736,8,1.2912274e-07
26737,8,1.281057e-07
26738,8,1.2106157e-07
26739,8,1.4618371e-07
26740,8,1.2328299e-07
26741,8,1.1658691e-07
26742,8,1.2175645e-07
26743,8,1.4686847e-07
26744,8,1.235536e-07
26745,8,1.165678e-07
26746,8,1.2341157e-07
26747,8,1.4633428e-07
26748,8,1.2195293e-07
26749,8,1.1690801e-07
26750,8,1.2386206e-07
26751,8,1.4618586e-07
26752,8,1.2086046e-07
26753,8,1.1821829e-07
26754,8,1.1424098e-07
26755,8,1.2382231e-07
26756,8,1.208981e-07
26757,8,1.1759184e-07
26758,8,1.141131e-07
26759,8,1.2381246e-07
26760,8,1.1403924e-07
26761,8,1.1713703e-07
26762,8,1.212063e-07
26763,8,1.245059e-07
26764,8,1.144165e-07
26765,8,1.1830002e-07
26766,8,1.2102269e-07
26767,8,1.1808071e-07
26768,8,1.2385636e-07
26769,8,1.1444548e-07
26770,8,1.2110855e-07
26771,8,1.1758205e-07
26772,8,1.2391187e-07
26773,8,1.1417355e-07
26774,8,1.2387405e-07
26775,8,1.169393e-07
26776,8,1.210184e-07
26777,8,1.1405324e-07
26778,8,1.2416162e-07
26779,8,1.1613739e-07
26780,8,1.2152116e-07
26781,8,1.4519196e-07
26782,8,1.1657882e-07
26783,8,1.233799e-07
26784,8,1.2180751e-07
26785,8,1.4595821e-07
26786,8,1.1691151e-07
26787,8,1.2340395e-07
26788,8,1.1677928e-07
26789,8,1.4625549e-07
26790,8,1.2165149e-07
26791,8,1.23942e-07
26792,8,1.1653273e-07
26793,8,1.4753434e-07
26794,8,1.201025e-07
26795,8,1.2758454e-07
26796,8,1.1898588e-07
26797,8,1.2890119e-07
26798,8,1.2014469e-07
26799,8,1.2728247e-07
26800,8,1.1877561e-07
26801,8,1.285515e-07
26802,8,1.1897974e-07
26803,8,1.2654916e-07
26804,8,1.2017364e-07
26805,8,1.2890269e-07
26806,8,1.191833e-07
26807,8,1.2733191e-07
26808,8,1.1941256e-07
26809,8,1.2909797e-07
26810,8,1.2044685e-07
26811,8,1.2753817e-07
26812,8,1.1987046e-07
26813,8,1.2897736e-07
26814,8,1.2046204e-07
26815,8,1.2771195e-07
26816,8,1.2040015e-07
26817,8,1.2921281e-07
26818,8,1.1880751e-07
26819,8,1.2816358e-07
26820,8,1.2017236e-07
26821,8,1.2908325e-07
26822,8,1.1756301e-07
26823,8,1.2360244e-07
26824,8,1.2212143e-07
26825,8,1.4540926e-07
26826,8,1.171063e-07
26827,8,1.2339277e-07
26828,8,1.2200078e-07
26829,8,1.4754014e-07
26830,8,1.2253981e-07
26831,8,1.2410529e-07
26832,8,1.1756071e-07
26833,8,1.4813563e-07
26834,8,1.2260431e-07
26835,8,1.2449706e-07
26836,8,1.2429067e-07
26837,8,1.1455821e-07
26838,8,1.2130623e-07
26839,8,1.2025094e-07
26840,8,1.2468502e-07
26841,8,1.1487137e-07
26842,8,1.2139447e-07
26843,8,1.1696854e-07
26844,8,1.2101645e-07
26845,8,1.1407056e-07
26846,8,1.2433288e-07
26847,8,1.1713559e-07
26848,8,1.2107067e-07
26849,8,1.1404973e-07
26850,8,1.1433296e-07
26851,8,1.2400444e-07
26852,8,1.2121142e-07
26853,8,1.1876841e-07
26854,8,1.1480746e-07
26855,8,1.2438036e-07
26856,8,1.2139808e-07
26857,8,1.1931414e-07
26858,8,1.2155152e-07
26859,8,1.2440139e-07
26860,8,1.1485492e-07
26861,8,1.1907205e-07
26862,8,1.2143536e-07
26863,8,1.2423883e-07
26864,8,1.2446208e-07
26865,8,1.1793999e-07
26866,8,1.2252707e-07
26867,8,1.4703383e-07
26868,8,1.2406898e-07
26869,8,1.1708714e-07
26870,8,1.2226756e-07
26871,8,1.4542792e-07
26872,8,1.2193104e-07
26873,8,1.169026e-07
26874,8,1.2375875e-07
26875,8,1.4722055e-07
26876,8,1.2232971e-07
26877,8,1.1757126e-07
26878,8,1.2899062e-07
26879,8,1.1939553e-07
26880,8,1.2035496e-07
26881,8,1.2725938e-07
26882,8,1.2883214e-07
26883,8,1.1942094e-07
26884,8,1.2028113e-07
26885,8,1.2587408e-07
26886,8,1.20344e-07
26887,8,1.1952567e-07
26888,8,1.2876784e-07
26889,8,1.2667117e-07
26890,8,1.204187e-07
26891,8,1.1990591e-07
26892,8,1.2045977e-07
26893,8,1.2860902e-07
26894,8,1.2935831e-07
26895,8,1.1980703e-07
26896,8,1.205514e-07
26897,8,1.2877396e-07
26898,8,1.2936381e-07
26899,8,1.1913135e-07
26900,8,1.2959738e-07
26901,8,1.2931751e-07
26902,8,1.2045323e-07
26903,8,1.1946876e-07
26904,8,1.2935325e-07
26905,8,1.286378e-07
26906,8,1.2259941e-07
26907,8,1.4849294e-07
26908,8,1.246369e-07
26909,8,1.1832435e-07
26910,8,1.2297508e-07
26911,8,1.4877709e-07
26912,8,1.2490528e-07
26913,8,1.1786223e-07
26914,8,1.2384029e-07
26915,8,1.4640795e-07
26916,8,1.2242776e-07
26917,8,1.1771897e-07
26918,8,1.243564e-07
26919,8,1.484019e-07
26920,8,1.2113553e-07
26921,8,1.170762e-07
26922,8,1.1411839e-07
26923,8,1.2463683e-07
26924,8,1.2113227e-07
26925,8,1.1791298e-07
26926,8,1.1410718e-07
26927,8,1.2424477e-07
26928,8,1.1458705e-07
26929,8,1.1844193e-07
26930,8,1.2112086e-07
26931,8,1.2423931e-07
26932,8,1.1430574e-07
26933,8,1.1773116e-07
26934,8,1.2128711e-07
26935,8,1.1767512e-07
26936,8,1.2437752e-07
26937,8,1.143174e-07
26938,8,1.2104981e-07
26939,8,1.1854277e-07
26940,8,1.2396278e-07
26941,8,1.1504433e-07
26942,8,1.2422751e-07
26943,8,1.193634e-07
26944,8,1.2169863e-07
26945,8,1.1555809e-07
26946,8,1.2451781e-07
26947,8,1.2124142e-07
26948,8,1.221978e-07
26949,8,1.471389e-07
26950,8,1.1723616e-07
26951,8,1.2370986e-07
26952,8,1.2230508e-07
26953,8,1.4706044e-07
26954,8,1.1741146e-07
26955,8,1.2299483e-07
26956,8,1.1568584e-07
26957,8,1.4482883e-07
26958,8,1.2105435e-07
26959,8,1.2262514e-07
26960,8,1.1549549e-07
26961,8,1.4419395e-07
26962,8,1.2038659e-07
26963,8,1.2695834e-07
26964,8,1.193143e-07
26965,8,1.2895627e-07
26966,8,1.2046478e-07
26967,8,1.2722806e-07
26968,8,1.1997526e-07
26969,8,1.2908783e-07
26970,8,1.1867452e-07
26971,8,1.2735988e-07
26972,8,1.2033537e-07
26973,8,1.2914587e-07
26974,8,1.1943581e-07
26975,8,1.2835165e-07
26976,8,1.1929164e-07
26977,8,1.2749205e-07
26978,8,1.1900061e-07
26979,8,1.2819379e-07
26980,8,1.1869547e-07
26981,8,1.2063871e-07
26982,8,1.1110026e-07
26983,8,1.2874927e-07
26984,8,1.1876452e-07
26985,8,1.2763135e-07
26986,8,1.1809783e-07
26987,8,1.2826989e-07
26988,8,1.1091012e-07
26989,8,1.2065613e-07
26990,8,1.166013e-07
26991,8,1.2274709e-07
26992,8,1.2087677e-07
26993,8,1.4815444e-07
26994,8,1.1590343e-07
26995,8,1.2247182e-07
26996,8,1.131012e-07
26997,8,1.4920722e-07
26998,8,1.216284e-07
26999,8,1.2424602e-07
27000,8,1.1712431e-07
27001,8,1.4905513e-07
27002,8,1.136379e-07
27003,8,1.2285834e-07
27004,8,1.2358939e-07
27005,8,1.1373208e-07
27006,8,1.1999025e-07
27007,8,1.1978332e-07
27008,8,1.2248995e-07
27009,8,1.1244665e-07
27010,8,1.120195e-07
27011,8,1.1881702e-07
27012,8,1.1991709e-07
27013,8,1.1330812e-07
27014,8,1.2223365e-07
27015,8,1.189798e-07
27016,8,1.1178288e-07
27017,8,1.1209725e-07
27018,8,1.1378691e-07
27019,8,1.2355637e-07
27020,8,1.2008332e-07
27021,8,1.1804678e-07
27022,8,1.1252628e-07
27023,8,1.2239341e-07
27024,8,1.1210781e-07
27025,8,1.2018395e-07
27026,8,1.2017838e-07
27027,8,1.2377145e-07
27028,8,1.128734e-07
27029,8,1.1913342e-07
27030,8,1.121297e-07
27031,8,1.2232416e-07
27032,8,1.2355494e-07
27033,8,1.1606256e-07
27034,8,1.2108565e-07
27035,8,1.5037867e-07
27036,8,1.2344976e-07
27037,8,1.1701201e-07
27038,8,1.1365704e-07
27039,8,1.4892086e-07
27040,8,1.2171321e-07
27041,8,1.1802117e-07
27042,8,1.232461e-07
27043,8,1.4996799e-07
27044,8,1.1398354e-07
27045,8,1.1830716e-07
27046,8,1.2749179e-07
27047,8,1.1913553e-07
27048,8,1.1888033e-07
27049,8,1.2867574e-07
27050,8,1.206963e-07
27051,8,1.1799812e-07
27052,8,1.1091882e-07
27053,8,1.2815154e-07
27054,8,1.1909106e-07
27055,8,1.194909e-07
27056,8,1.2103079e-07
27057,8,1.2944137e-07
27058,8,1.1112043e-07
27059,8,1.1848826e-07
27060,8,1.1908369e-07
27061,8,1.286356e-07
27062,8,1.279364e-07
27063,8,1.1816115e-07
27064,8,1.1107619e-07
27065,8,1.2935369e-07
27066,8,1.2106145e-07
27067,8,1.1926999e-07
27068,8,1.2799495e-07
27069,8,1.2922517e-07
27070,8,1.1124784e-07
27071,8,1.1871252e-07
27072,8,1.2133191e-07
27073,8,1.3051475e-07
27074,8,1.2185604e-07
27075,8,1.4954181e-07
27076,8,1.2413239e-07
27077,8,1.1709229e-07
27078,8,1.1367095e-07
27079,8,1.5048872e-07
27080,8,1.2287023e-07
27081,8,1.1625611e-07
27082,8,1.2330007e-07
27083,8,1.4846584e-07
27084,8,1.1296704e-07
27085,8,1.1572733e-07
27086,8,1.2236938e-07
27087,8,1.4747902e-07
27088,8,1.1964429e-07
27089,8,1.1825369e-07
27090,8,1.1295113e-07
27091,8,1.2153741e-07
27092,8,1.1144144e-07
27093,8,1.1744571e-07
27094,8,1.1154196e-07
27095,8,1.2314899e-07
27096,8,1.1342005e-07
27097,8,1.1812678e-07
27098,8,1.1210203e-07
27099,8,1.2237408e-07
27100,8,1.1262626e-07
27101,8,1.2003035e-07
27102,8,1.195979e-07
27103,8,1.1850478e-07
27104,8,1.23067e-07
27105,8,1.1188771e-07
27106,8,1.1166376e-07
27107,8,1.1726756e-07
27108,8,1.2216427e-07
27109,8,1.1448572e-07
27110,8,1.2333866e-07
27111,8,1.214045e-07
27112,8,1.1227194e-07
27113,8,1.1334332e-07
27114,8,1.224173e-07
27115,8,1.2157799e-07
27116,8,1.2153651e-07
27117,8,1.485072e-07
27118,8,1.1757966e-07
27119,8,1.2359518e-07
27120,8,1.1399258e-07
27121,8,1.5118958e-07
27122,8,1.1819904e-07
27123,8,1.2182401e-07
27124,8,1.1547778e-07
27125,8,1.4524963e-07
27126,8,1.1281102e-07
27127,8,1.2196689e-07
27128,8,1.1570876e-07
27129,8,1.4695834e-07
27130,8,1.1893552e-07
27131,8,1.2748237e-07
27132,8,1.1908164e-07
27133,8,1.2071932e-07
27134,8,1.1106474e-07
27135,8,1.2791654e-07
27136,8,1.181432e-07
27137,8,1.2757752e-07
27138,8,1.1913785e-07
27139,8,1.2799784e-07
27140,8,1.1090457e-07
27141,8,1.2051366e-07
27142,8,1.180338e-07
27143,8,1.2737722e-07
