/*--------------------------------*- C++ -*----------------------------------*\
| =========                 |                                                 |
| \\      /  F ield         | OpenFOAM: The Open Source CFD Toolbox           |
|  \\    /   O peration     | Version:  2506                                  |
|   \\  /    A nd           | Website:  www.openfoam.com                      |
|    \\/     M anipulation  |                                                 |
\*---------------------------------------------------------------------------*/
FoamFile
{
    version     2.0;
    format      ascii;
    arch        "LSB;label=32;scalar=64";
    class       labelList;
    location    "constant/jellyRoll/polyMesh";
    object      faceRegionAddressing;
}
// * * * * * * * * * * * * * * * * * * * * * * * * * * * * * * * * * * * * * //


90724
(
9131
9132
9133
9134
9137
9138
9139
9140
9143
9144
9145
9146
9149
9150
9151
9152
9155
9157
9158
9263
9264
9265
9267
9268
9269
9270
9271
9273
9274
9275
9276
9277
9279
9280
9281
9282
9283
9285
9286
9287
9288
9289
9291
9292
9293
9294
9295
9297
9298
9299
9300
9301
9303
9304
9305
9306
9307
9309
9310
9311
9312
9313
9316
9317
9318
9319
9411
9412
9413
9414
9415
9417
9418
9419
9420
9421
9423
9424
9425
9426
9427
9429
9430
9431
9432
9433
9435
9436
9437
9438
9439
9441
9442
9443
9444
9445
9447
9448
9449
9450
9451
9453
9454
9455
9456
9457
9459
9460
9461
9462
9463
9465
9466
9467
9468
9469
9471
9472
9473
9474
9475
9477
9478
9479
9480
9481
9484
9486
9487
9560
9561
9562
9564
9565
9566
9567
9568
9570
9571
9572
9573
9574
9576
9577
9578
9579
9580
9582
9583
9584
9585
9586
9588
9589
9590
9591
9592
9594
9595
9596
9597
9598
9600
9601
9602
9603
9604
9606
9607
9608
9609
9610
9612
9613
9614
9615
9616
9618
9619
9620
9621
9622
9624
9625
9626
9627
9628
9630
9631
9632
9633
9634
9636
9637
9638
9639
9640
9642
9643
9644
9645
9646
9648
9649
9650
9651
9652
9721
9722
9723
9724
9725
9727
9728
9729
9730
9731
9733
9734
9735
9736
9737
9739
9740
9741
9742
9743
9745
9746
9747
9748
9749
9751
9752
9753
9754
9755
9757
9758
9759
9760
9761
9763
9764
9765
9766
9767
9769
9770
9771
9772
9773
9775
9776
9777
9778
9779
9781
9782
9783
9784
9785
9787
9788
9789
9790
9791
9793
9794
9795
9796
9797
9799
9800
9801
9802
9803
9805
9806
9807
9808
9809
9811
9812
9813
9814
9815
9817
9818
9820
9821
9881
9882
9883
9884
9885
9887
9888
9889
9890
9891
9893
9894
9895
9896
9897
9899
9900
9901
9902
9903
9905
9906
9907
9908
9909
9911
9912
9913
9914
9915
9917
9918
9919
9920
9921
9923
9924
9925
9926
9927
9929
9930
9931
9932
9933
9935
9936
9937
9938
9939
9941
9942
9943
9944
9945
9947
9948
9949
9950
9951
9953
9954
9955
9956
9957
9959
9960
9961
9962
9963
9965
9966
9967
9968
9969
9971
9972
9973
9974
9975
9977
9978
9979
9980
9981
9983
9984
9985
9986
9987
9990
9992
9993
10046
10047
10048
10050
10051
10052
10053
10054
10056
10057
10058
10059
10060
10062
10063
10064
10065
10066
10068
10069
10070
10071
10072
10074
10075
10076
10077
10078
10080
10081
10082
10083
10084
10086
10087
10088
10089
10090
10092
10093
10094
10095
10096
10098
10099
10100
10101
10102
10104
10105
10106
10107
10108
10110
10111
10112
10113
10114
10116
10117
10118
10119
10120
10122
10123
10124
10125
10126
10128
10129
10130
10131
10132
10134
10135
10136
10137
10138
10140
10141
10142
10143
10144
10146
10147
10148
10149
10150
10152
10153
10154
10155
10156
10158
10159
10160
10161
10162
10216
10217
10218
10219
10220
10222
10223
10224
10225
10226
10228
10229
10230
10231
10232
10234
10235
10236
10237
10238
10240
10241
10242
10243
10244
10246
10247
10248
10249
10250
10252
10253
10254
10255
10256
10258
10259
10260
10261
10262
10264
10265
10266
10267
10268
10270
10271
10272
10273
10274
10276
10277
10278
10279
10280
10282
10283
10284
10285
10286
10288
10289
10290
10291
10292
10294
10295
10296
10297
10298
10300
10301
10302
10303
10304
10306
10307
10308
10309
10310
10312
10313
10314
10315
10316
10318
10319
10320
10321
10322
10324
10325
10326
10327
10328
10330
10331
10332
10333
10334
10337
10339
10340
10388
10389
10390
10391
10392
10394
10395
10396
10397
10398
10400
10401
10402
10403
10404
10406
10407
10408
10409
10410
10412
10413
10414
10415
10416
10418
10419
10420
10421
10422
10424
10425
10426
10427
10428
10430
10431
10432
10433
10434
10436
10437
10438
10439
10440
10442
10443
10444
10445
10446
10448
10449
10450
10451
10452
10454
10455
10456
10457
10458
10460
10461
10462
10463
10464
10466
10467
10468
10469
10470
10472
10473
10474
10475
10476
10478
10479
10480
10481
10482
10484
10485
10486
10487
10488
10490
10491
10492
10493
10494
10496
10497
10498
10499
10500
10502
10503
10504
10505
10506
10508
10509
10511
10512
10555
10557
10558
10559
10561
10562
10563
10564
10565
10567
10568
10569
10570
10571
10573
10574
10575
10576
10577
10579
10580
10581
10582
10583
10585
10586
10587
10588
10589
10591
10592
10593
10594
10595
10597
10598
10599
10600
10601
10603
10604
10605
10606
10607
10609
10610
10611
10612
10613
10615
10616
10617
10618
10619
10621
10622
10623
10624
10625
10627
10628
10629
10630
10631
10633
10634
10635
10636
10637
10639
10640
10641
10642
10643
10645
10646
10647
10648
10649
10651
10652
10653
10654
10655
10657
10658
10659
10660
10661
10663
10664
10665
10666
10667
10669
10670
10671
10672
10673
10675
10676
10677
10678
10679
10681
10682
10683
10684
10685
10728
10730
10731
10732
10734
10735
10736
10737
10738
10740
10741
10742
10743
10744
10746
10747
10748
10749
10750
10752
10753
10754
10755
10756
10758
10759
10760
10761
10762
10764
10765
10766
10767
10768
10770
10771
10772
10773
10774
10776
10777
10778
10779
10780
10782
10783
10784
10785
10786
10788
10789
10790
10791
10792
10794
10795
10796
10797
10798
10800
10801
10802
10803
10804
10806
10807
10808
10809
10810
10812
10813
10814
10815
10816
10818
10819
10820
10821
10822
10824
10825
10826
10827
10828
10830
10831
10832
10833
10834
10836
10837
10838
10839
10840
10842
10843
10844
10845
10846
10848
10849
10850
10851
10852
10854
10855
10856
10857
10858
10901
10903
10904
10905
10907
10908
10909
10910
10911
10913
10914
10915
10916
10917
10919
10920
10921
10922
10923
10925
10926
10927
10928
10929
10931
10932
10933
10934
10935
10937
10938
10939
10940
10941
10943
10944
10945
10946
10947
10949
10950
10951
10952
10953
10955
10956
10957
10958
10959
10961
10962
10963
10964
10965
10967
10968
10969
10970
10971
10973
10974
10975
10976
10977
10979
10980
10981
10982
10983
10985
10986
10987
10988
10989
10991
10992
10993
10994
10995
10997
10998
10999
11000
11001
11003
11004
11005
11006
11007
11009
11010
11011
11012
11013
11015
11016
11017
11018
11019
11021
11022
11023
11024
11025
11027
11028
11029
11030
11031
11074
11076
11077
11078
11080
11081
11082
11083
11084
11086
11087
11088
11089
11090
11092
11093
11094
11095
11096
11098
11099
11100
11101
11102
11104
11105
11106
11107
11108
11110
11111
11112
11113
11114
11116
11117
11118
11119
11120
11122
11123
11124
11125
11126
11128
11129
11130
11131
11132
11134
11135
11136
11137
11138
11140
11141
11142
11143
11144
11146
11147
11148
11149
11150
11152
11153
11154
11155
11156
11158
11159
11160
11161
11162
11164
11165
11166
11167
11168
11170
11171
11172
11173
11174
11176
11177
11178
11179
11180
11182
11183
11184
11185
11186
11188
11189
11190
11191
11192
11194
11195
11196
11197
11198
11200
11201
11202
11203
11204
11247
11249
11251
11253
11254
11255
11256
11257
11259
11260
11261
11262
11263
11265
11266
11267
11268
11269
11271
11272
11273
11274
11275
11277
11278
11279
11280
11281
11283
11284
11285
11286
11287
11289
11290
11291
11292
11293
11295
11296
11297
11298
11299
11301
11302
11303
11304
11305
11307
11308
11309
11310
11311
11313
11314
11315
11316
11317
11319
11320
11321
11322
11323
11325
11326
11327
11328
11329
11331
11332
11333
11334
11335
11337
11338
11339
11340
11341
11343
11344
11345
11346
11347
11349
11350
11351
11352
11353
11355
11356
11357
11358
11359
11361
11362
11363
11364
11365
11367
11368
11369
11370
11371
11373
11374
11375
11376
11377
11426
11427
11428
11429
11430
11432
11433
11434
11435
11436
11438
11439
11440
11441
11442
11444
11445
11446
11447
11448
11450
11451
11452
11453
11454
11456
11457
11458
11459
11460
11462
11463
11464
11465
11466
11468
11469
11470
11471
11472
11474
11475
11476
11477
11478
11480
11481
11482
11483
11484
11486
11487
11488
11489
11490
11492
11493
11494
11495
11496
11498
11499
11500
11501
11502
11504
11505
11506
11507
11508
11510
11511
11512
11513
11514
11516
11517
11518
11519
11520
11522
11523
11524
11525
11526
11528
11529
11530
11531
11532
11534
11535
11536
11537
11538
11540
11541
11542
11543
11544
11546
11547
11549
11550
11600
11602
11603
11604
11606
11607
11608
11609
11610
11612
11613
11614
11615
11616
11618
11619
11620
11621
11622
11624
11625
11626
11627
11628
11630
11631
11632
11633
11634
11636
11637
11638
11639
11640
11642
11643
11644
11645
11646
11648
11649
11650
11651
11652
11654
11655
11656
11657
11658
11660
11661
11662
11663
11664
11666
11667
11668
11669
11670
11672
11673
11674
11675
11676
11678
11679
11680
11681
11682
11684
11685
11686
11687
11688
11690
11691
11692
11693
11694
11696
11697
11698
11699
11700
11702
11703
11704
11705
11706
11708
11709
11710
11711
11712
11714
11715
11716
11717
11718
11777
11778
11779
11780
11781
11783
11784
11785
11786
11787
11789
11790
11791
11792
11793
11795
11796
11797
11798
11799
11801
11802
11803
11804
11805
11807
11808
11809
11810
11811
11813
11814
11815
11816
11817
11819
11820
11821
11822
11823
11825
11826
11827
11828
11829
11831
11832
11833
11834
11835
11837
11838
11839
11840
11841
11843
11844
11845
11846
11847
11849
11850
11851
11852
11853
11855
11856
11857
11858
11859
11861
11862
11863
11864
11865
11867
11868
11869
11870
11871
11873
11874
11875
11876
11877
11879
11880
11881
11882
11883
11885
11886
11888
11889
11945
11947
11949
11951
11952
11953
11954
11955
11957
11958
11959
11960
11961
11963
11964
11965
11966
11967
11969
11970
11971
11972
11973
11975
11976
11977
11978
11979
11981
11982
11983
11984
11985
11987
11988
11989
11990
11991
11993
11994
11995
11996
11997
11999
12000
12001
12002
12003
12005
12006
12007
12008
12009
12011
12012
12013
12014
12015
12017
12018
12019
12020
12021
12023
12024
12025
12026
12027
12029
12030
12031
12032
12033
12035
12036
12037
12038
12039
12041
12042
12043
12044
12045
12047
12048
12049
12050
12051
12116
12117
12118
12119
12120
12122
12123
12124
12125
12126
12128
12129
12130
12131
12132
12134
12135
12136
12137
12138
12140
12141
12142
12143
12144
12146
12147
12148
12149
12150
12152
12153
12154
12155
12156
12158
12159
12160
12161
12162
12164
12165
12166
12167
12168
12170
12171
12172
12173
12174
12176
12177
12178
12179
12180
12182
12183
12184
12185
12186
12188
12189
12190
12191
12192
12194
12195
12196
12197
12198
12200
12201
12202
12203
12204
12206
12207
12208
12209
12210
12212
12213
12216
12284
12285
12286
12288
12290
12291
12292
12293
12294
12296
12297
12298
12299
12300
12302
12303
12304
12305
12306
12308
12309
12310
12311
12312
12314
12315
12316
12317
12318
12320
12321
12322
12323
12324
12326
12327
12328
12329
12330
12332
12333
12334
12335
12336
12338
12339
12340
12341
12342
12344
12345
12346
12347
12348
12350
12351
12352
12353
12354
12356
12357
12358
12359
12360
12362
12363
12364
12365
12366
12368
12369
12372
12450
12452
12454
12456
12457
12458
12459
12460
12462
12463
12464
12465
12466
12468
12469
12470
12471
12472
12474
12475
12476
12477
12478
12480
12481
12482
12483
12484
12486
12487
12488
12489
12490
12492
12493
12494
12495
12496
12498
12499
12500
12501
12502
12504
12505
12506
12507
12508
12510
12511
12512
12513
12514
12516
12517
12518
12520
12616
12618
12620
12622
12623
12624
12626
12628
12629
12630
12631
12632
12634
12635
12636
12637
12638
12640
12641
12642
12643
12644
12646
12647
12648
12649
12650
12652
12653
12654
12655
12656
12658
12659
12660
12662
13701
13703
13704
13705
13706
13707
13709
13710
13711
13712
13713
13715
13716
13717
13718
13719
13721
13722
13723
13724
13725
13727
13729
13730
13832
13835
13836
13837
13838
13839
13840
13841
13842
13843
13844
13845
13846
13847
13848
13849
13850
13851
13852
13853
13854
13855
13856
13857
13858
13859
13860
13861
13862
13863
13864
13865
13866
13867
13868
13869
13870
13871
13872
13873
13874
13875
13876
13877
13878
13879
13880
13881
13882
13883
13884
13885
13886
13887
13888
13889
13890
13891
13892
13893
13894
13895
13896
13897
13898
13899
13900
13901
13902
13903
13904
13905
13906
13907
13908
13909
13910
13911
13912
13914
13915
13916
13917
14008
14009
14010
14011
14012
14013
14014
14015
14016
14017
14018
14019
14020
14021
14022
14023
14024
14025
14026
14027
14028
14029
14030
14031
14032
14033
14034
14035
14036
14037
14038
14039
14040
14041
14042
14043
14044
14045
14046
14047
14048
14049
14050
14051
14052
14053
14054
14055
14056
14057
14058
14059
14060
14061
14062
14063
14064
14065
14066
14067
14068
14069
14070
14071
14072
14073
14074
14075
14076
14077
14078
14079
14080
14081
14082
14083
14084
14085
14086
14087
14088
14089
14090
14091
14092
14093
14094
14095
14096
14097
14098
14099
14100
14101
14102
14103
14104
14105
14106
14107
14108
14109
14110
14111
14112
14113
14114
14115
14116
14117
14118
14119
14120
14123
14124
14125
14195
14198
14199
14200
14201
14202
14203
14204
14205
14206
14207
14208
14209
14210
14211
14212
14213
14214
14215
14216
14217
14218
14219
14220
14221
14222
14223
14224
14225
14226
14227
14228
14229
14230
14231
14232
14233
14234
14235
14236
14237
14238
14239
14240
14241
14242
14243
14244
14245
14246
14247
14248
14249
14250
14251
14252
14253
14254
14255
14256
14257
14258
14259
14260
14261
14262
14263
14264
14265
14266
14267
14268
14269
14270
14271
14272
14273
14274
14275
14276
14277
14278
14279
14280
14281
14282
14283
14284
14285
14286
14287
14288
14289
14290
14291
14292
14293
14294
14295
14296
14297
14298
14299
14300
14301
14302
14303
14304
14305
14306
14307
14308
14309
14310
14311
14312
14313
14314
14315
14316
14384
14385
14386
14387
14388
14389
14390
14391
14392
14393
14394
14395
14396
14397
14398
14399
14400
14401
14402
14403
14404
14405
14406
14407
14408
14409
14410
14411
14412
14413
14414
14415
14416
14417
14418
14419
14420
14421
14422
14423
14424
14425
14426
14427
14428
14429
14430
14431
14432
14433
14434
14435
14436
14437
14438
14439
14440
14441
14442
14443
14444
14445
14446
14447
14448
14449
14450
14451
14452
14453
14454
14455
14456
14457
14458
14459
14460
14461
14462
14463
14464
14465
14466
14467
14468
14469
14470
14471
14472
14473
14474
14475
14476
14477
14478
14479
14480
14481
14482
14483
14484
14485
14486
14487
14488
14489
14490
14491
14492
14493
14494
14495
14496
14497
14498
14499
14500
14501
14502
14503
14504
14505
14506
14507
14508
14509
14511
14512
14513
14572
14573
14574
14575
14576
14577
14578
14579
14580
14581
14582
14583
14584
14585
14586
14587
14588
14589
14590
14591
14592
14593
14594
14595
14596
14597
14598
14599
14600
14601
14602
14603
14604
14605
14606
14607
14608
14609
14610
14611
14612
14613
14614
14615
14616
14617
14618
14619
14620
14621
14622
14623
14624
14625
14626
14627
14628
14629
14630
14631
14632
14633
14634
14635
14636
14637
14638
14639
14640
14641
14642
14643
14644
14645
14646
14647
14648
14649
14650
14651
14652
14653
14654
14655
14656
14657
14658
14659
14660
14661
14662
14663
14664
14665
14666
14667
14668
14669
14670
14671
14672
14673
14674
14675
14676
14677
14678
14679
14680
14681
14682
14683
14684
14685
14686
14687
14688
14689
14690
14691
14692
14693
14694
14695
14696
14697
14698
14699
14700
14701
14702
14703
14704
14705
14706
14707
14708
14709
14710
14713
14714
14715
14765
14768
14769
14770
14771
14772
14773
14774
14775
14776
14777
14778
14779
14780
14781
14782
14783
14784
14785
14786
14787
14788
14789
14790
14791
14792
14793
14794
14795
14796
14797
14798
14799
14800
14801
14802
14803
14804
14805
14806
14807
14808
14809
14810
14811
14812
14813
14814
14815
14816
14817
14818
14819
14820
14821
14822
14823
14824
14825
14826
14827
14828
14829
14830
14831
14832
14833
14834
14835
14836
14837
14838
14839
14840
14841
14842
14843
14844
14845
14846
14847
14848
14849
14850
14851
14852
14853
14854
14855
14856
14857
14858
14859
14860
14861
14862
14863
14864
14865
14866
14867
14868
14869
14870
14871
14872
14873
14874
14875
14876
14877
14878
14879
14880
14881
14882
14883
14884
14885
14886
14887
14888
14889
14890
14891
14892
14893
14894
14895
14896
14897
14898
14899
14900
14901
14902
14903
14904
14905
14906
14907
14908
14909
14910
14911
14912
14913
14914
14915
14916
14969
14970
14971
14972
14973
14974
14975
14976
14977
14978
14979
14980
14981
14982
14983
14984
14985
14986
14987
14988
14989
14990
14991
14992
14993
14994
14995
14996
14997
14998
14999
15000
15001
15002
15003
15004
15005
15006
15007
15008
15009
15010
15011
15012
15013
15014
15015
15016
15017
15018
15019
15020
15021
15022
15023
15024
15025
15026
15027
15028
15029
15030
15031
15032
15033
15034
15035
15036
15037
15038
15039
15040
15041
15042
15043
15044
15045
15046
15047
15048
15049
15050
15051
15052
15053
15054
15055
15056
15057
15058
15059
15060
15061
15062
15063
15064
15065
15066
15067
15068
15069
15070
15071
15072
15073
15074
15075
15076
15077
15078
15079
15080
15081
15082
15083
15084
15085
15086
15087
15088
15089
15090
15091
15092
15093
15094
15095
15096
15097
15098
15099
15100
15101
15102
15103
15104
15105
15106
15107
15108
15109
15110
15111
15112
15113
15115
15117
15118
15165
15166
15167
15168
15169
15170
15171
15172
15173
15174
15175
15176
15177
15178
15179
15180
15181
15182
15183
15184
15185
15186
15187
15188
15189
15190
15191
15192
15193
15194
15195
15196
15197
15198
15199
15200
15201
15202
15203
15204
15205
15206
15207
15208
15209
15210
15211
15212
15213
15214
15215
15216
15217
15218
15219
15220
15221
15222
15223
15224
15225
15226
15227
15228
15229
15230
15231
15232
15233
15234
15235
15236
15237
15238
15239
15240
15241
15242
15243
15244
15245
15246
15247
15248
15249
15250
15251
15252
15253
15254
15255
15256
15257
15258
15259
15260
15261
15262
15263
15264
15265
15266
15267
15268
15269
15270
15271
15272
15273
15274
15275
15276
15277
15278
15279
15280
15281
15282
15283
15284
15285
15286
15287
15288
15289
15290
15291
15292
15293
15294
15295
15296
15297
15298
15299
15300
15301
15302
15303
15304
15305
15306
15307
15308
15309
15310
15312
15313
15314
15356
15357
15359
15360
15361
15362
15363
15364
15365
15366
15367
15368
15369
15370
15371
15372
15373
15374
15375
15376
15377
15378
15379
15380
15381
15382
15383
15384
15385
15386
15387
15388
15389
15390
15391
15392
15393
15394
15395
15396
15397
15398
15399
15400
15401
15402
15403
15404
15405
15406
15407
15408
15409
15410
15411
15412
15413
15414
15415
15416
15417
15418
15419
15420
15421
15422
15423
15424
15425
15426
15427
15428
15429
15430
15431
15432
15433
15434
15435
15436
15437
15438
15439
15440
15441
15442
15443
15444
15445
15446
15447
15448
15449
15450
15451
15452
15453
15454
15455
15456
15457
15458
15459
15460
15461
15462
15463
15464
15465
15466
15467
15468
15469
15470
15471
15472
15473
15474
15475
15476
15477
15478
15479
15480
15481
15482
15483
15484
15485
15486
15487
15488
15489
15490
15491
15492
15493
15494
15495
15496
15497
15498
15499
15500
15501
15502
15503
15504
15505
15506
15507
15508
15509
15510
15511
15512
15513
15514
15515
15516
15517
15518
15519
15520
15521
15563
15564
15566
15567
15568
15569
15570
15571
15572
15573
15574
15575
15576
15577
15578
15579
15580
15581
15582
15583
15584
15585
15586
15587
15588
15589
15590
15591
15592
15593
15594
15595
15596
15597
15598
15599
15600
15601
15602
15603
15604
15605
15606
15607
15608
15609
15610
15611
15612
15613
15614
15615
15616
15617
15618
15619
15620
15621
15622
15623
15624
15625
15626
15627
15628
15629
15630
15631
15632
15633
15634
15635
15636
15637
15638
15639
15640
15641
15642
15643
15644
15645
15646
15647
15648
15649
15650
15651
15652
15653
15654
15655
15656
15657
15658
15659
15660
15661
15662
15663
15664
15665
15666
15667
15668
15669
15670
15671
15672
15673
15674
15675
15676
15677
15678
15679
15680
15681
15682
15683
15684
15685
15686
15687
15688
15689
15690
15691
15692
15693
15694
15695
15696
15697
15698
15699
15700
15701
15702
15703
15704
15705
15706
15707
15708
15709
15710
15711
15712
15713
15714
15715
15716
15717
15718
15719
15720
15762
15763
15765
15766
15767
15768
15769
15770
15771
15772
15773
15774
15775
15776
15777
15778
15779
15780
15781
15782
15783
15784
15785
15786
15787
15788
15789
15790
15791
15792
15793
15794
15795
15796
15797
15798
15799
15800
15801
15802
15803
15804
15805
15806
15807
15808
15809
15810
15811
15812
15813
15814
15815
15816
15817
15818
15819
15820
15821
15822
15823
15824
15825
15826
15827
15828
15829
15830
15831
15832
15833
15834
15835
15836
15837
15838
15839
15840
15841
15842
15843
15844
15845
15846
15847
15848
15849
15850
15851
15852
15853
15854
15855
15856
15857
15858
15859
15860
15861
15862
15863
15864
15865
15866
15867
15868
15869
15870
15871
15872
15873
15874
15875
15876
15877
15878
15879
15880
15881
15882
15883
15884
15885
15886
15887
15888
15889
15890
15891
15892
15893
15894
15895
15896
15897
15898
15899
15900
15901
15902
15903
15904
15905
15906
15907
15908
15909
15910
15911
15912
15913
15914
15915
15916
15917
15918
15919
15961
15962
15964
15965
15966
15967
15968
15969
15970
15971
15972
15973
15974
15975
15976
15977
15978
15979
15980
15981
15982
15983
15984
15985
15986
15987
15988
15989
15990
15991
15992
15993
15994
15995
15996
15997
15998
15999
16000
16001
16002
16003
16004
16005
16006
16007
16008
16009
16010
16011
16012
16013
16014
16015
16016
16017
16018
16019
16020
16021
16022
16023
16024
16025
16026
16027
16028
16029
16030
16031
16032
16033
16034
16035
16036
16037
16038
16039
16040
16041
16042
16043
16044
16045
16046
16047
16048
16049
16050
16051
16052
16053
16054
16055
16056
16057
16058
16059
16060
16061
16062
16063
16064
16065
16066
16067
16068
16069
16070
16071
16072
16073
16074
16075
16076
16077
16078
16079
16080
16081
16082
16083
16084
16085
16086
16087
16088
16089
16090
16091
16092
16093
16094
16095
16096
16097
16098
16099
16100
16101
16102
16103
16104
16105
16106
16107
16108
16109
16110
16111
16112
16113
16114
16115
16116
16117
16118
16119
16120
16121
16122
16123
16124
16166
16167
16169
16171
16172
16173
16174
16175
16176
16177
16178
16179
16180
16181
16182
16183
16184
16185
16186
16187
16188
16189
16190
16191
16192
16193
16194
16195
16196
16197
16198
16199
16200
16201
16202
16203
16204
16205
16206
16207
16208
16209
16210
16211
16212
16213
16214
16215
16216
16217
16218
16219
16220
16221
16222
16223
16224
16225
16226
16227
16228
16229
16230
16231
16232
16233
16234
16235
16236
16237
16238
16239
16240
16241
16242
16243
16244
16245
16246
16247
16248
16249
16250
16251
16252
16253
16254
16255
16256
16257
16258
16259
16260
16261
16262
16263
16264
16265
16266
16267
16268
16269
16270
16271
16272
16273
16274
16275
16276
16277
16278
16279
16280
16281
16282
16283
16284
16285
16286
16287
16288
16289
16290
16291
16292
16293
16294
16295
16296
16297
16298
16299
16300
16301
16302
16303
16304
16305
16306
16307
16308
16309
16310
16311
16312
16313
16314
16315
16316
16317
16318
16319
16367
16368
16369
16370
16371
16372
16373
16374
16375
16376
16377
16378
16379
16380
16381
16382
16383
16384
16385
16386
16387
16388
16389
16390
16391
16392
16393
16394
16395
16396
16397
16398
16399
16400
16401
16402
16403
16404
16405
16406
16407
16408
16409
16410
16411
16412
16413
16414
16415
16416
16417
16418
16419
16420
16421
16422
16423
16424
16425
16426
16427
16428
16429
16430
16431
16432
16433
16434
16435
16436
16437
16438
16439
16440
16441
16442
16443
16444
16445
16446
16447
16448
16449
16450
16451
16452
16453
16454
16455
16456
16457
16458
16459
16460
16461
16462
16463
16464
16465
16466
16467
16468
16469
16470
16471
16472
16473
16474
16475
16476
16477
16478
16479
16480
16481
16482
16483
16484
16485
16486
16487
16488
16489
16490
16491
16492
16493
16494
16495
16496
16497
16498
16499
16500
16501
16502
16503
16504
16505
16506
16507
16508
16509
16510
16511
16512
16513
16515
16516
16565
16566
16568
16569
16570
16571
16572
16573
16574
16575
16576
16577
16578
16579
16580
16581
16582
16583
16584
16585
16586
16587
16588
16589
16590
16591
16592
16593
16594
16595
16596
16597
16598
16599
16600
16601
16602
16603
16604
16605
16606
16607
16608
16609
16610
16611
16612
16613
16614
16615
16616
16617
16618
16619
16620
16621
16622
16623
16624
16625
16626
16627
16628
16629
16630
16631
16632
16633
16634
16635
16636
16637
16638
16639
16640
16641
16642
16643
16644
16645
16646
16647
16648
16649
16650
16651
16652
16653
16654
16655
16656
16657
16658
16659
16660
16661
16662
16663
16664
16665
16666
16667
16668
16669
16670
16671
16672
16673
16674
16675
16676
16677
16678
16679
16680
16681
16682
16683
16684
16685
16686
16687
16688
16689
16690
16691
16692
16693
16694
16695
16696
16697
16698
16699
16700
16701
16702
16703
16704
16705
16706
16707
16708
16709
16710
16711
16712
16713
16714
16772
16773
16774
16775
16776
16777
16778
16779
16780
16781
16782
16783
16784
16785
16786
16787
16788
16789
16790
16791
16792
16793
16794
16795
16796
16797
16798
16799
16800
16801
16802
16803
16804
16805
16806
16807
16808
16809
16810
16811
16812
16813
16814
16815
16816
16817
16818
16819
16820
16821
16822
16823
16824
16825
16826
16827
16828
16829
16830
16831
16832
16833
16834
16835
16836
16837
16838
16839
16840
16841
16842
16843
16844
16845
16846
16847
16848
16849
16850
16851
16852
16853
16854
16855
16856
16857
16858
16859
16860
16861
16862
16863
16864
16865
16866
16867
16868
16869
16870
16871
16872
16873
16874
16875
16876
16877
16878
16879
16880
16881
16882
16883
16884
16885
16886
16887
16888
16889
16890
16891
16892
16893
16894
16895
16896
16897
16898
16899
16900
16901
16902
16903
16904
16905
16906
16907
16909
16910
16911
16966
16968
16970
16971
16972
16973
16974
16975
16976
16977
16978
16979
16980
16981
16982
16983
16984
16985
16986
16987
16988
16989
16990
16991
16992
16993
16994
16995
16996
16997
16998
16999
17000
17001
17002
17003
17004
17005
17006
17007
17008
17009
17010
17011
17012
17013
17014
17015
17016
17017
17018
17019
17020
17021
17022
17023
17024
17025
17026
17027
17028
17029
17030
17031
17032
17033
17034
17035
17036
17037
17038
17039
17040
17041
17042
17043
17044
17045
17046
17047
17048
17049
17050
17051
17052
17053
17054
17055
17056
17057
17058
17059
17060
17061
17062
17063
17064
17065
17066
17067
17068
17069
17070
17071
17072
17073
17074
17075
17076
17077
17078
17079
17080
17081
17082
17083
17084
17085
17086
17087
17088
17089
17090
17091
17092
17093
17094
17095
17096
17097
17161
17162
17163
17164
17165
17166
17167
17168
17169
17170
17171
17172
17173
17174
17175
17176
17177
17178
17179
17180
17181
17182
17183
17184
17185
17186
17187
17188
17189
17190
17191
17192
17193
17194
17195
17196
17197
17198
17199
17200
17201
17202
17203
17204
17205
17206
17207
17208
17209
17210
17211
17212
17213
17214
17215
17216
17217
17218
17219
17220
17221
17222
17223
17224
17225
17226
17227
17228
17229
17230
17231
17232
17233
17234
17235
17236
17237
17238
17239
17240
17241
17242
17243
17244
17245
17246
17247
17248
17249
17250
17251
17252
17253
17254
17255
17256
17257
17258
17259
17260
17261
17262
17263
17264
17265
17266
17267
17268
17269
17270
17271
17272
17273
17274
17275
17276
17277
17278
17279
17280
17281
17284
17351
17352
17353
17355
17356
17357
17358
17359
17360
17361
17362
17363
17364
17365
17366
17367
17368
17369
17370
17371
17372
17373
17374
17375
17376
17377
17378
17379
17380
17381
17382
17383
17384
17385
17386
17387
17388
17389
17390
17391
17392
17393
17394
17395
17396
17397
17398
17399
17400
17401
17402
17403
17404
17405
17406
17407
17408
17409
17410
17411
17412
17413
17414
17415
17416
17417
17418
17419
17420
17421
17422
17423
17424
17425
17426
17427
17428
17429
17430
17431
17432
17433
17434
17435
17436
17437
17438
17439
17440
17441
17442
17443
17444
17445
17446
17447
17448
17449
17450
17451
17452
17453
17454
17455
17456
17457
17458
17459
17460
17461
17462
17463
17464
17465
17466
17467
17468
17469
17472
17549
17551
17553
17554
17555
17556
17557
17558
17559
17560
17561
17562
17563
17564
17565
17566
17567
17568
17569
17570
17571
17572
17573
17574
17575
17576
17577
17578
17579
17580
17581
17582
17583
17584
17585
17586
17587
17588
17589
17590
17591
17592
17593
17594
17595
17596
17597
17598
17599
17600
17601
17602
17603
17604
17605
17606
17607
17608
17609
17610
17611
17612
17613
17614
17615
17616
17617
17618
17619
17620
17621
17622
17623
17624
17625
17626
17627
17628
17629
17630
17631
17632
17633
17635
17636
17731
17732
17734
17736
17737
17738
17739
17741
17742
17743
17744
17745
17746
17747
17748
17749
17750
17751
17752
17753
17754
17755
17756
17757
17758
17759
17760
17761
17762
17763
17764
17765
17766
17767
17768
17769
17770
17771
17772
17774
18813
18815
18816
18817
18818
18819
18821
18822
18823
18824
18825
18827
18828
18829
18830
18831
18833
18834
18835
18836
18837
18839
18841
18842
18944
18947
18948
18949
18950
18951
18952
18953
18954
18955
18956
18957
18958
18959
18960
18961
18962
18963
18964
18965
18966
18967
18968
18969
18970
18971
18972
18973
18974
18975
18976
18977
18978
18979
18980
18981
18982
18983
18984
18985
18986
18987
18988
18989
18990
18991
18992
18993
18994
18995
18996
18997
18998
18999
19000
19001
19002
19003
19004
19005
19006
19007
19008
19010
19011
19012
19013
19104
19105
19106
19107
19108
19109
19110
19111
19112
19113
19114
19115
19116
19117
19118
19119
19120
19121
19122
19123
19124
19125
19126
19127
19128
19129
19130
19131
19132
19133
19134
19135
19136
19137
19138
19139
19140
19141
19142
19143
19144
19145
19146
19147
19148
19149
19150
19151
19152
19153
19154
19155
19156
19157
19158
19159
19160
19161
19162
19163
19164
19165
19166
19167
19168
19169
19170
19171
19172
19173
19174
19175
19176
19179
19180
19181
19251
19254
19255
19256
19257
19258
19259
19260
19261
19262
19263
19264
19265
19266
19267
19268
19269
19270
19271
19272
19273
19274
19275
19276
19277
19278
19279
19280
19281
19282
19283
19284
19285
19286
19287
19288
19289
19290
19291
19292
19293
19294
19295
19296
19297
19298
19299
19300
19301
19302
19303
19304
19305
19306
19307
19308
19309
19310
19311
19312
19313
19314
19315
19316
19317
19318
19319
19320
19321
19322
19323
19324
19392
19393
19394
19395
19396
19397
19398
19399
19400
19401
19402
19403
19404
19405
19406
19407
19408
19409
19410
19411
19412
19413
19414
19415
19416
19417
19418
19419
19420
19421
19422
19423
19424
19425
19426
19427
19428
19429
19430
19431
19432
19433
19434
19435
19436
19437
19438
19439
19440
19441
19442
19443
19444
19445
19446
19447
19448
19449
19450
19451
19452
19453
19454
19455
19456
19457
19458
19459
19460
19461
19463
19464
19465
19524
19525
19526
19527
19528
19529
19530
19531
19532
19533
19534
19535
19536
19537
19538
19539
19540
19541
19542
19543
19544
19545
19546
19547
19548
19549
19550
19551
19552
19553
19554
19555
19556
19557
19558
19559
19560
19561
19562
19563
19564
19565
19566
19567
19568
19569
19570
19571
19572
19573
19574
19575
19576
19577
19578
19579
19580
19581
19582
19583
19584
19585
19586
19587
19588
19589
19590
19591
19592
19593
19594
19595
19596
19597
19598
19601
19602
19603
19653
19656
19657
19658
19659
19660
19661
19662
19663
19664
19665
19666
19667
19668
19669
19670
19671
19672
19673
19674
19675
19676
19677
19678
19679
19680
19681
19682
19683
19684
19685
19686
19687
19688
19689
19690
19691
19692
19693
19694
19695
19696
19697
19698
19699
19700
19701
19702
19703
19704
19705
19706
19707
19708
19709
19710
19711
19712
19713
19714
19715
19716
19717
19718
19719
19720
19721
19722
19723
19724
19725
19726
19727
19728
19729
19730
19731
19732
19785
19786
19787
19788
19789
19790
19791
19792
19793
19794
19795
19796
19797
19798
19799
19800
19801
19802
19803
19804
19805
19806
19807
19808
19809
19810
19811
19812
19813
19814
19815
19816
19817
19818
19819
19820
19821
19822
19823
19824
19825
19826
19827
19828
19829
19830
19831
19832
19833
19834
19835
19836
19837
19838
19839
19840
19841
19842
19843
19844
19845
19846
19847
19848
19849
19850
19851
19852
19853
19854
19855
19856
19857
19859
19861
19862
19909
19910
19911
19912
19913
19914
19915
19916
19917
19918
19919
19920
19921
19922
19923
19924
19925
19926
19927
19928
19929
19930
19931
19932
19933
19934
19935
19936
19937
19938
19939
19940
19941
19942
19943
19944
19945
19946
19947
19948
19949
19950
19951
19952
19953
19954
19955
19956
19957
19958
19959
19960
19961
19962
19963
19964
19965
19966
19967
19968
19969
19970
19971
19972
19973
19974
19975
19976
19977
19978
19979
19980
19981
19982
19984
19985
19986
20028
20029
20031
20032
20033
20034
20035
20036
20037
20038
20039
20040
20041
20042
20043
20044
20045
20046
20047
20048
20049
20050
20051
20052
20053
20054
20055
20056
20057
20058
20059
20060
20061
20062
20063
20064
20065
20066
20067
20068
20069
20070
20071
20072
20073
20074
20075
20076
20077
20078
20079
20080
20081
20082
20083
20084
20085
20086
20087
20088
20089
20090
20091
20092
20093
20094
20095
20096
20097
20098
20099
20100
20101
20102
20103
20104
20105
20106
20107
20108
20109
20110
20111
20112
20113
20155
20156
20158
20159
20160
20161
20162
20163
20164
20165
20166
20167
20168
20169
20170
20171
20172
20173
20174
20175
20176
20177
20178
20179
20180
20181
20182
20183
20184
20185
20186
20187
20188
20189
20190
20191
20192
20193
20194
20195
20196
20197
20198
20199
20200
20201
20202
20203
20204
20205
20206
20207
20208
20209
20210
20211
20212
20213
20214
20215
20216
20217
20218
20219
20220
20221
20222
20223
20224
20225
20226
20227
20228
20229
20230
20231
20232
20274
20275
20277
20278
20279
20280
20281
20282
20283
20284
20285
20286
20287
20288
20289
20290
20291
20292
20293
20294
20295
20296
20297
20298
20299
20300
20301
20302
20303
20304
20305
20306
20307
20308
20309
20310
20311
20312
20313
20314
20315
20316
20317
20318
20319
20320
20321
20322
20323
20324
20325
20326
20327
20328
20329
20330
20331
20332
20333
20334
20335
20336
20337
20338
20339
20340
20341
20342
20343
20344
20345
20346
20347
20348
20349
20350
20351
20393
20394
20396
20397
20398
20399
20400
20401
20402
20403
20404
20405
20406
20407
20408
20409
20410
20411
20412
20413
20414
20415
20416
20417
20418
20419
20420
20421
20422
20423
20424
20425
20426
20427
20428
20429
20430
20431
20432
20433
20434
20435
20436
20437
20438
20439
20440
20441
20442
20443
20444
20445
20446
20447
20448
20449
20450
20451
20452
20453
20454
20455
20456
20457
20458
20459
20460
20461
20462
20463
20464
20465
20466
20467
20468
20469
20470
20471
20472
20473
20474
20475
20476
20518
20519
20521
20523
20524
20525
20526
20527
20528
20529
20530
20531
20532
20533
20534
20535
20536
20537
20538
20539
20540
20541
20542
20543
20544
20545
20546
20547
20548
20549
20550
20551
20552
20553
20554
20555
20556
20557
20558
20559
20560
20561
20562
20563
20564
20565
20566
20567
20568
20569
20570
20571
20572
20573
20574
20575
20576
20577
20578
20579
20580
20581
20582
20583
20584
20585
20586
20587
20588
20589
20590
20591
20592
20593
20594
20595
20596
20597
20598
20599
20647
20648
20649
20650
20651
20652
20653
20654
20655
20656
20657
20658
20659
20660
20661
20662
20663
20664
20665
20666
20667
20668
20669
20670
20671
20672
20673
20674
20675
20676
20677
20678
20679
20680
20681
20682
20683
20684
20685
20686
20687
20688
20689
20690
20691
20692
20693
20694
20695
20696
20697
20698
20699
20700
20701
20702
20703
20704
20705
20706
20707
20708
20709
20710
20711
20712
20713
20714
20715
20716
20717
20718
20719
20720
20721
20723
20724
20773
20774
20776
20777
20778
20779
20780
20781
20782
20783
20784
20785
20786
20787
20788
20789
20790
20791
20792
20793
20794
20795
20796
20797
20798
20799
20800
20801
20802
20803
20804
20805
20806
20807
20808
20809
20810
20811
20812
20813
20814
20815
20816
20817
20818
20819
20820
20821
20822
20823
20824
20825
20826
20827
20828
20829
20830
20831
20832
20833
20834
20835
20836
20837
20838
20839
20840
20841
20842
20843
20844
20845
20846
20847
20848
20849
20850
20908
20909
20910
20911
20912
20913
20914
20915
20916
20917
20918
20919
20920
20921
20922
20923
20924
20925
20926
20927
20928
20929
20930
20931
20932
20933
20934
20935
20936
20937
20938
20939
20940
20941
20942
20943
20944
20945
20946
20947
20948
20949
20950
20951
20952
20953
20954
20955
20956
20957
20958
20959
20960
20961
20962
20963
20964
20965
20966
20967
20968
20969
20970
20971
20972
20973
20974
20975
20976
20977
20978
20979
20981
20982
20983
21038
21040
21042
21043
21044
21045
21046
21047
21048
21049
21050
21051
21052
21053
21054
21055
21056
21057
21058
21059
21060
21061
21062
21063
21064
21065
21066
21067
21068
21069
21070
21071
21072
21073
21074
21075
21076
21077
21078
21079
21080
21081
21082
21083
21084
21085
21086
21087
21088
21089
21090
21091
21092
21093
21094
21095
21096
21097
21098
21099
21100
21101
21102
21103
21104
21105
21106
21107
21108
21109
21110
21111
21112
21113
21177
21178
21179
21180
21181
21182
21183
21184
21185
21186
21187
21188
21189
21190
21191
21192
21193
21194
21195
21196
21197
21198
21199
21200
21201
21202
21203
21204
21205
21206
21207
21208
21209
21210
21211
21212
21213
21214
21215
21216
21217
21218
21219
21220
21221
21222
21223
21224
21225
21226
21227
21228
21229
21230
21231
21232
21233
21234
21235
21236
21237
21238
21239
21240
21241
21242
21243
21244
21245
21246
21247
21248
21249
21252
21319
21320
21321
21323
21324
21325
21326
21327
21328
21329
21330
21331
21332
21333
21334
21335
21336
21337
21338
21339
21340
21341
21342
21343
21344
21345
21346
21347
21348
21349
21350
21351
21352
21353
21354
21355
21356
21357
21358
21359
21360
21361
21362
21363
21364
21365
21366
21367
21368
21369
21370
21371
21372
21373
21374
21375
21376
21377
21378
21379
21380
21381
21382
21383
21384
21385
21386
21387
21388
21389
21390
21391
21392
21393
21394
21395
21396
21397
21400
21477
21479
21481
21482
21483
21484
21485
21486
21487
21488
21489
21490
21491
21492
21493
21494
21495
21496
21497
21498
21499
21500
21501
21502
21503
21504
21505
21506
21507
21508
21509
21510
21511
21512
21513
21514
21515
21516
21517
21518
21519
21520
21521
21522
21523
21524
21525
21526
21527
21528
21529
21530
21531
21532
21533
21534
21535
21536
21537
21538
21539
21540
21541
21542
21543
21544
21545
21547
21548
21643
21644
21646
21648
21649
21650
21651
21653
21654
21655
21656
21657
21658
21659
21660
21661
21662
21663
21664
21665
21666
21667
21668
21669
21670
21671
21672
21673
21674
21675
21676
21677
21678
21679
21680
21681
21682
21683
21684
21686
22725
22727
22728
22729
22730
22731
22733
22734
22735
22736
22737
22739
22740
22741
22742
22743
22745
22746
22747
22748
22749
22751
22753
22754
22856
22859
22860
22861
22862
22863
22864
22865
22866
22867
22868
22869
22870
22871
22872
22873
22874
22875
22876
22877
22878
22879
22880
22881
22882
22883
22884
22885
22886
22887
22888
22889
22890
22891
22892
22893
22894
22895
22896
22897
22898
22899
22900
22901
22902
22903
22904
22905
22906
22907
22908
22909
22910
22911
22912
22913
22914
22915
22916
22917
22918
22919
22920
22922
22923
22924
22925
23016
23017
23018
23019
23020
23021
23022
23023
23024
23025
23026
23027
23028
23029
23030
23031
23032
23033
23034
23035
23036
23037
23038
23039
23040
23041
23042
23043
23044
23045
23046
23047
23048
23049
23050
23051
23052
23053
23054
23055
23056
23057
23058
23059
23060
23061
23062
23063
23064
23065
23066
23067
23068
23069
23070
23071
23072
23073
23074
23075
23076
23077
23078
23079
23080
23081
23082
23083
23084
23085
23086
23087
23088
23091
23092
23093
23163
23166
23167
23168
23169
23170
23171
23172
23173
23174
23175
23176
23177
23178
23179
23180
23181
23182
23183
23184
23185
23186
23187
23188
23189
23190
23191
23192
23193
23194
23195
23196
23197
23198
23199
23200
23201
23202
23203
23204
23205
23206
23207
23208
23209
23210
23211
23212
23213
23214
23215
23216
23217
23218
23219
23220
23221
23222
23223
23224
23225
23226
23227
23228
23229
23230
23231
23232
23233
23234
23235
23236
23304
23305
23306
23307
23308
23309
23310
23311
23312
23313
23314
23315
23316
23317
23318
23319
23320
23321
23322
23323
23324
23325
23326
23327
23328
23329
23330
23331
23332
23333
23334
23335
23336
23337
23338
23339
23340
23341
23342
23343
23344
23345
23346
23347
23348
23349
23350
23351
23352
23353
23354
23355
23356
23357
23358
23359
23360
23361
23362
23363
23364
23365
23366
23367
23368
23369
23370
23371
23372
23373
23375
23376
23377
23436
23437
23438
23439
23440
23441
23442
23443
23444
23445
23446
23447
23448
23449
23450
23451
23452
23453
23454
23455
23456
23457
23458
23459
23460
23461
23462
23463
23464
23465
23466
23467
23468
23469
23470
23471
23472
23473
23474
23475
23476
23477
23478
23479
23480
23481
23482
23483
23484
23485
23486
23487
23488
23489
23490
23491
23492
23493
23494
23495
23496
23497
23498
23499
23500
23501
23502
23503
23504
23505
23506
23507
23508
23509
23510
23513
23514
23515
23565
23568
23569
23570
23571
23572
23573
23574
23575
23576
23577
23578
23579
23580
23581
23582
23583
23584
23585
23586
23587
23588
23589
23590
23591
23592
23593
23594
23595
23596
23597
23598
23599
23600
23601
23602
23603
23604
23605
23606
23607
23608
23609
23610
23611
23612
23613
23614
23615
23616
23617
23618
23619
23620
23621
23622
23623
23624
23625
23626
23627
23628
23629
23630
23631
23632
23633
23634
23635
23636
23637
23638
23639
23640
23641
23642
23643
23644
23697
23698
23699
23700
23701
23702
23703
23704
23705
23706
23707
23708
23709
23710
23711
23712
23713
23714
23715
23716
23717
23718
23719
23720
23721
23722
23723
23724
23725
23726
23727
23728
23729
23730
23731
23732
23733
23734
23735
23736
23737
23738
23739
23740
23741
23742
23743
23744
23745
23746
23747
23748
23749
23750
23751
23752
23753
23754
23755
23756
23757
23758
23759
23760
23761
23762
23763
23764
23765
23766
23767
23768
23769
23771
23773
23774
23821
23822
23823
23824
23825
23826
23827
23828
23829
23830
23831
23832
23833
23834
23835
23836
23837
23838
23839
23840
23841
23842
23843
23844
23845
23846
23847
23848
23849
23850
23851
23852
23853
23854
23855
23856
23857
23858
23859
23860
23861
23862
23863
23864
23865
23866
23867
23868
23869
23870
23871
23872
23873
23874
23875
23876
23877
23878
23879
23880
23881
23882
23883
23884
23885
23886
23887
23888
23889
23890
23891
23892
23893
23894
23896
23897
23898
23940
23941
23943
23944
23945
23946
23947
23948
23949
23950
23951
23952
23953
23954
23955
23956
23957
23958
23959
23960
23961
23962
23963
23964
23965
23966
23967
23968
23969
23970
23971
23972
23973
23974
23975
23976
23977
23978
23979
23980
23981
23982
23983
23984
23985
23986
23987
23988
23989
23990
23991
23992
23993
23994
23995
23996
23997
23998
23999
24000
24001
24002
24003
24004
24005
24006
24007
24008
24009
24010
24011
24012
24013
24014
24015
24016
24017
24018
24019
24020
24021
24022
24023
24024
24025
24067
24068
24070
24071
24072
24073
24074
24075
24076
24077
24078
24079
24080
24081
24082
24083
24084
24085
24086
24087
24088
24089
24090
24091
24092
24093
24094
24095
24096
24097
24098
24099
24100
24101
24102
24103
24104
24105
24106
24107
24108
24109
24110
24111
24112
24113
24114
24115
24116
24117
24118
24119
24120
24121
24122
24123
24124
24125
24126
24127
24128
24129
24130
24131
24132
24133
24134
24135
24136
24137
24138
24139
24140
24141
24142
24143
24144
24186
24187
24189
24190
24191
24192
24193
24194
24195
24196
24197
24198
24199
24200
24201
24202
24203
24204
24205
24206
24207
24208
24209
24210
24211
24212
24213
24214
24215
24216
24217
24218
24219
24220
24221
24222
24223
24224
24225
24226
24227
24228
24229
24230
24231
24232
24233
24234
24235
24236
24237
24238
24239
24240
24241
24242
24243
24244
24245
24246
24247
24248
24249
24250
24251
24252
24253
24254
24255
24256
24257
24258
24259
24260
24261
24262
24263
24305
24306
24308
24309
24310
24311
24312
24313
24314
24315
24316
24317
24318
24319
24320
24321
24322
24323
24324
24325
24326
24327
24328
24329
24330
24331
24332
24333
24334
24335
24336
24337
24338
24339
24340
24341
24342
24343
24344
24345
24346
24347
24348
24349
24350
24351
24352
24353
24354
24355
24356
24357
24358
24359
24360
24361
24362
24363
24364
24365
24366
24367
24368
24369
24370
24371
24372
24373
24374
24375
24376
24377
24378
24379
24380
24381
24382
24383
24384
24385
24386
24387
24388
24430
24431
24433
24435
24436
24437
24438
24439
24440
24441
24442
24443
24444
24445
24446
24447
24448
24449
24450
24451
24452
24453
24454
24455
24456
24457
24458
24459
24460
24461
24462
24463
24464
24465
24466
24467
24468
24469
24470
24471
24472
24473
24474
24475
24476
24477
24478
24479
24480
24481
24482
24483
24484
24485
24486
24487
24488
24489
24490
24491
24492
24493
24494
24495
24496
24497
24498
24499
24500
24501
24502
24503
24504
24505
24506
24507
24508
24509
24510
24511
24559
24560
24561
24562
24563
24564
24565
24566
24567
24568
24569
24570
24571
24572
24573
24574
24575
24576
24577
24578
24579
24580
24581
24582
24583
24584
24585
24586
24587
24588
24589
24590
24591
24592
24593
24594
24595
24596
24597
24598
24599
24600
24601
24602
24603
24604
24605
24606
24607
24608
24609
24610
24611
24612
24613
24614
24615
24616
24617
24618
24619
24620
24621
24622
24623
24624
24625
24626
24627
24628
24629
24630
24631
24632
24633
24635
24636
24685
24686
24688
24689
24690
24691
24692
24693
24694
24695
24696
24697
24698
24699
24700
24701
24702
24703
24704
24705
24706
24707
24708
24709
24710
24711
24712
24713
24714
24715
24716
24717
24718
24719
24720
24721
24722
24723
24724
24725
24726
24727
24728
24729
24730
24731
24732
24733
24734
24735
24736
24737
24738
24739
24740
24741
24742
24743
24744
24745
24746
24747
24748
24749
24750
24751
24752
24753
24754
24755
24756
24757
24758
24759
24760
24761
24762
24820
24821
24822
24823
24824
24825
24826
24827
24828
24829
24830
24831
24832
24833
24834
24835
24836
24837
24838
24839
24840
24841
24842
24843
24844
24845
24846
24847
24848
24849
24850
24851
24852
24853
24854
24855
24856
24857
24858
24859
24860
24861
24862
24863
24864
24865
24866
24867
24868
24869
24870
24871
24872
24873
24874
24875
24876
24877
24878
24879
24880
24881
24882
24883
24884
24885
24886
24887
24888
24889
24890
24891
24893
24894
24895
24950
24952
24954
24955
24956
24957
24958
24959
24960
24961
24962
24963
24964
24965
24966
24967
24968
24969
24970
24971
24972
24973
24974
24975
24976
24977
24978
24979
24980
24981
24982
24983
24984
24985
24986
24987
24988
24989
24990
24991
24992
24993
24994
24995
24996
24997
24998
24999
25000
25001
25002
25003
25004
25005
25006
25007
25008
25009
25010
25011
25012
25013
25014
25015
25016
25017
25018
25019
25020
25021
25022
25023
25024
25025
25089
25090
25091
25092
25093
25094
25095
25096
25097
25098
25099
25100
25101
25102
25103
25104
25105
25106
25107
25108
25109
25110
25111
25112
25113
25114
25115
25116
25117
25118
25119
25120
25121
25122
25123
25124
25125
25126
25127
25128
25129
25130
25131
25132
25133
25134
25135
25136
25137
25138
25139
25140
25141
25142
25143
25144
25145
25146
25147
25148
25149
25150
25151
25152
25153
25154
25155
25156
25157
25158
25159
25160
25161
25164
25231
25232
25233
25235
25236
25237
25238
25239
25240
25241
25242
25243
25244
25245
25246
25247
25248
25249
25250
25251
25252
25253
25254
25255
25256
25257
25258
25259
25260
25261
25262
25263
25264
25265
25266
25267
25268
25269
25270
25271
25272
25273
25274
25275
25276
25277
25278
25279
25280
25281
25282
25283
25284
25285
25286
25287
25288
25289
25290
25291
25292
25293
25294
25295
25296
25297
25298
25299
25300
25301
25302
25303
25304
25305
25306
25307
25308
25309
25312
25389
25391
25393
25394
25395
25396
25397
25398
25399
25400
25401
25402
25403
25404
25405
25406
25407
25408
25409
25410
25411
25412
25413
25414
25415
25416
25417
25418
25419
25420
25421
25422
25423
25424
25425
25426
25427
25428
25429
25430
25431
25432
25433
25434
25435
25436
25437
25438
25439
25440
25441
25442
25443
25444
25445
25446
25447
25448
25449
25450
25451
25452
25453
25454
25455
25456
25457
25459
25460
25555
25556
25558
25560
25561
25562
25563
25565
25566
25567
25568
25569
25570
25571
25572
25573
25574
25575
25576
25577
25578
25579
25580
25581
25582
25583
25584
25585
25586
25587
25588
25589
25590
25591
25592
25593
25594
25595
25596
25598
26637
26639
26640
26641
26642
26643
26645
26646
26647
26648
26649
26651
26652
26653
26654
26655
26657
26658
26659
26660
26661
26663
26665
26666
26768
26771
26772
26773
26774
26775
26776
26777
26778
26779
26780
26781
26782
26783
26784
26785
26786
26787
26788
26789
26790
26791
26792
26793
26794
26795
26796
26797
26798
26799
26800
26801
26802
26803
26804
26805
26806
26807
26808
26809
26810
26811
26812
26813
26814
26815
26816
26817
26818
26819
26820
26821
26822
26823
26824
26825
26826
26827
26828
26829
26830
26831
26832
26834
26835
26836
26837
26928
26929
26930
26931
26932
26933
26934
26935
26936
26937
26938
26939
26940
26941
26942
26943
26944
26945
26946
26947
26948
26949
26950
26951
26952
26953
26954
26955
26956
26957
26958
26959
26960
26961
26962
26963
26964
26965
26966
26967
26968
26969
26970
26971
26972
26973
26974
26975
26976
26977
26978
26979
26980
26981
26982
26983
26984
26985
26986
26987
26988
26989
26990
26991
26992
26993
26994
26995
26996
26997
26998
26999
27000
27003
27004
27005
27075
27078
27079
27080
27081
27082
27083
27084
27085
27086
27087
27088
27089
27090
27091
27092
27093
27094
27095
27096
27097
27098
27099
27100
27101
27102
27103
27104
27105
27106
27107
27108
27109
27110
27111
27112
27113
27114
27115
27116
27117
27118
27119
27120
27121
27122
27123
27124
27125
27126
27127
27128
27129
27130
27131
27132
27133
27134
27135
27136
27137
27138
27139
27140
27141
27142
27143
27144
27145
27146
27147
27148
27216
27217
27218
27219
27220
27221
27222
27223
27224
27225
27226
27227
27228
27229
27230
27231
27232
27233
27234
27235
27236
27237
27238
27239
27240
27241
27242
27243
27244
27245
27246
27247
27248
27249
27250
27251
27252
27253
27254
27255
27256
27257
27258
27259
27260
27261
27262
27263
27264
27265
27266
27267
27268
27269
27270
27271
27272
27273
27274
27275
27276
27277
27278
27279
27280
27281
27282
27283
27284
27285
27287
27288
27289
27348
27349
27350
27351
27352
27353
27354
27355
27356
27357
27358
27359
27360
27361
27362
27363
27364
27365
27366
27367
27368
27369
27370
27371
27372
27373
27374
27375
27376
27377
27378
27379
27380
27381
27382
27383
27384
27385
27386
27387
27388
27389
27390
27391
27392
27393
27394
27395
27396
27397
27398
27399
27400
27401
27402
27403
27404
27405
27406
27407
27408
27409
27410
27411
27412
27413
27414
27415
27416
27417
27418
27419
27420
27421
27422
27425
27426
27427
27477
27480
27481
27482
27483
27484
27485
27486
27487
27488
27489
27490
27491
27492
27493
27494
27495
27496
27497
27498
27499
27500
27501
27502
27503
27504
27505
27506
27507
27508
27509
27510
27511
27512
27513
27514
27515
27516
27517
27518
27519
27520
27521
27522
27523
27524
27525
27526
27527
27528
27529
27530
27531
27532
27533
27534
27535
27536
27537
27538
27539
27540
27541
27542
27543
27544
27545
27546
27547
27548
27549
27550
27551
27552
27553
27554
27555
27556
27609
27610
27611
27612
27613
27614
27615
27616
27617
27618
27619
27620
27621
27622
27623
27624
27625
27626
27627
27628
27629
27630
27631
27632
27633
27634
27635
27636
27637
27638
27639
27640
27641
27642
27643
27644
27645
27646
27647
27648
27649
27650
27651
27652
27653
27654
27655
27656
27657
27658
27659
27660
27661
27662
27663
27664
27665
27666
27667
27668
27669
27670
27671
27672
27673
27674
27675
27676
27677
27678
27679
27680
27681
27683
27685
27686
27733
27734
27735
27736
27737
27738
27739
27740
27741
27742
27743
27744
27745
27746
27747
27748
27749
27750
27751
27752
27753
27754
27755
27756
27757
27758
27759
27760
27761
27762
27763
27764
27765
27766
27767
27768
27769
27770
27771
27772
27773
27774
27775
27776
27777
27778
27779
27780
27781
27782
27783
27784
27785
27786
27787
27788
27789
27790
27791
27792
27793
27794
27795
27796
27797
27798
27799
27800
27801
27802
27803
27804
27805
27806
27808
27809
27810
27852
27853
27855
27856
27857
27858
27859
27860
27861
27862
27863
27864
27865
27866
27867
27868
27869
27870
27871
27872
27873
27874
27875
27876
27877
27878
27879
27880
27881
27882
27883
27884
27885
27886
27887
27888
27889
27890
27891
27892
27893
27894
27895
27896
27897
27898
27899
27900
27901
27902
27903
27904
27905
27906
27907
27908
27909
27910
27911
27912
27913
27914
27915
27916
27917
27918
27919
27920
27921
27922
27923
27924
27925
27926
27927
27928
27929
27930
27931
27932
27933
27934
27935
27936
27937
27979
27980
27982
27983
27984
27985
27986
27987
27988
27989
27990
27991
27992
27993
27994
27995
27996
27997
27998
27999
28000
28001
28002
28003
28004
28005
28006
28007
28008
28009
28010
28011
28012
28013
28014
28015
28016
28017
28018
28019
28020
28021
28022
28023
28024
28025
28026
28027
28028
28029
28030
28031
28032
28033
28034
28035
28036
28037
28038
28039
28040
28041
28042
28043
28044
28045
28046
28047
28048
28049
28050
28051
28052
28053
28054
28055
28056
28098
28099
28101
28102
28103
28104
28105
28106
28107
28108
28109
28110
28111
28112
28113
28114
28115
28116
28117
28118
28119
28120
28121
28122
28123
28124
28125
28126
28127
28128
28129
28130
28131
28132
28133
28134
28135
28136
28137
28138
28139
28140
28141
28142
28143
28144
28145
28146
28147
28148
28149
28150
28151
28152
28153
28154
28155
28156
28157
28158
28159
28160
28161
28162
28163
28164
28165
28166
28167
28168
28169
28170
28171
28172
28173
28174
28175
28217
28218
28220
28221
28222
28223
28224
28225
28226
28227
28228
28229
28230
28231
28232
28233
28234
28235
28236
28237
28238
28239
28240
28241
28242
28243
28244
28245
28246
28247
28248
28249
28250
28251
28252
28253
28254
28255
28256
28257
28258
28259
28260
28261
28262
28263
28264
28265
28266
28267
28268
28269
28270
28271
28272
28273
28274
28275
28276
28277
28278
28279
28280
28281
28282
28283
28284
28285
28286
28287
28288
28289
28290
28291
28292
28293
28294
28295
28296
28297
28298
28299
28300
28342
28343
28345
28347
28348
28349
28350
28351
28352
28353
28354
28355
28356
28357
28358
28359
28360
28361
28362
28363
28364
28365
28366
28367
28368
28369
28370
28371
28372
28373
28374
28375
28376
28377
28378
28379
28380
28381
28382
28383
28384
28385
28386
28387
28388
28389
28390
28391
28392
28393
28394
28395
28396
28397
28398
28399
28400
28401
28402
28403
28404
28405
28406
28407
28408
28409
28410
28411
28412
28413
28414
28415
28416
28417
28418
28419
28420
28421
28422
28423
28471
28472
28473
28474
28475
28476
28477
28478
28479
28480
28481
28482
28483
28484
28485
28486
28487
28488
28489
28490
28491
28492
28493
28494
28495
28496
28497
28498
28499
28500
28501
28502
28503
28504
28505
28506
28507
28508
28509
28510
28511
28512
28513
28514
28515
28516
28517
28518
28519
28520
28521
28522
28523
28524
28525
28526
28527
28528
28529
28530
28531
28532
28533
28534
28535
28536
28537
28538
28539
28540
28541
28542
28543
28544
28545
28547
28548
28597
28598
28600
28601
28602
28603
28604
28605
28606
28607
28608
28609
28610
28611
28612
28613
28614
28615
28616
28617
28618
28619
28620
28621
28622
28623
28624
28625
28626
28627
28628
28629
28630
28631
28632
28633
28634
28635
28636
28637
28638
28639
28640
28641
28642
28643
28644
28645
28646
28647
28648
28649
28650
28651
28652
28653
28654
28655
28656
28657
28658
28659
28660
28661
28662
28663
28664
28665
28666
28667
28668
28669
28670
28671
28672
28673
28674
28732
28733
28734
28735
28736
28737
28738
28739
28740
28741
28742
28743
28744
28745
28746
28747
28748
28749
28750
28751
28752
28753
28754
28755
28756
28757
28758
28759
28760
28761
28762
28763
28764
28765
28766
28767
28768
28769
28770
28771
28772
28773
28774
28775
28776
28777
28778
28779
28780
28781
28782
28783
28784
28785
28786
28787
28788
28789
28790
28791
28792
28793
28794
28795
28796
28797
28798
28799
28800
28801
28802
28803
28805
28806
28807
28862
28864
28866
28867
28868
28869
28870
28871
28872
28873
28874
28875
28876
28877
28878
28879
28880
28881
28882
28883
28884
28885
28886
28887
28888
28889
28890
28891
28892
28893
28894
28895
28896
28897
28898
28899
28900
28901
28902
28903
28904
28905
28906
28907
28908
28909
28910
28911
28912
28913
28914
28915
28916
28917
28918
28919
28920
28921
28922
28923
28924
28925
28926
28927
28928
28929
28930
28931
28932
28933
28934
28935
28936
28937
29001
29002
29003
29004
29005
29006
29007
29008
29009
29010
29011
29012
29013
29014
29015
29016
29017
29018
29019
29020
29021
29022
29023
29024
29025
29026
29027
29028
29029
29030
29031
29032
29033
29034
29035
29036
29037
29038
29039
29040
29041
29042
29043
29044
29045
29046
29047
29048
29049
29050
29051
29052
29053
29054
29055
29056
29057
29058
29059
29060
29061
29062
29063
29064
29065
29066
29067
29068
29069
29070
29071
29072
29073
29076
29143
29144
29145
29147
29148
29149
29150
29151
29152
29153
29154
29155
29156
29157
29158
29159
29160
29161
29162
29163
29164
29165
29166
29167
29168
29169
29170
29171
29172
29173
29174
29175
29176
29177
29178
29179
29180
29181
29182
29183
29184
29185
29186
29187
29188
29189
29190
29191
29192
29193
29194
29195
29196
29197
29198
29199
29200
29201
29202
29203
29204
29205
29206
29207
29208
29209
29210
29211
29212
29213
29214
29215
29216
29217
29218
29219
29220
29221
29224
29301
29303
29305
29306
29307
29308
29309
29310
29311
29312
29313
29314
29315
29316
29317
29318
29319
29320
29321
29322
29323
29324
29325
29326
29327
29328
29329
29330
29331
29332
29333
29334
29335
29336
29337
29338
29339
29340
29341
29342
29343
29344
29345
29346
29347
29348
29349
29350
29351
29352
29353
29354
29355
29356
29357
29358
29359
29360
29361
29362
29363
29364
29365
29366
29367
29368
29369
29371
29372
29467
29468
29470
29472
29473
29474
29475
29477
29478
29479
29480
29481
29482
29483
29484
29485
29486
29487
29488
29489
29490
29491
29492
29493
29494
29495
29496
29497
29498
29499
29500
29501
29502
29503
29504
29505
29506
29507
29508
29510
30549
30551
30552
30553
30554
30555
30557
30558
30559
30560
30561
30563
30564
30565
30566
30567
30569
30570
30571
30572
30573
30575
30577
30578
30680
30683
30684
30685
30686
30687
30688
30689
30690
30691
30692
30693
30694
30695
30696
30697
30698
30699
30700
30701
30702
30703
30704
30705
30706
30707
30708
30709
30710
30711
30712
30713
30714
30715
30716
30717
30718
30719
30720
30721
30722
30723
30724
30725
30726
30727
30728
30729
30730
30731
30732
30733
30734
30735
30736
30737
30738
30739
30740
30741
30742
30743
30744
30746
30747
30748
30749
30840
30841
30842
30843
30844
30845
30846
30847
30848
30849
30850
30851
30852
30853
30854
30855
30856
30857
30858
30859
30860
30861
30862
30863
30864
30865
30866
30867
30868
30869
30870
30871
30872
30873
30874
30875
30876
30877
30878
30879
30880
30881
30882
30883
30884
30885
30886
30887
30888
30889
30890
30891
30892
30893
30894
30895
30896
30897
30898
30899
30900
30901
30902
30903
30904
30905
30906
30907
30908
30909
30910
30911
30912
30915
30916
30917
30987
30990
30991
30992
30993
30994
30995
30996
30997
30998
30999
31000
31001
31002
31003
31004
31005
31006
31007
31008
31009
31010
31011
31012
31013
31014
31015
31016
31017
31018
31019
31020
31021
31022
31023
31024
31025
31026
31027
31028
31029
31030
31031
31032
31033
31034
31035
31036
31037
31038
31039
31040
31041
31042
31043
31044
31045
31046
31047
31048
31049
31050
31051
31052
31053
31054
31055
31056
31057
31058
31059
31060
31128
31129
31130
31131
31132
31133
31134
31135
31136
31137
31138
31139
31140
31141
31142
31143
31144
31145
31146
31147
31148
31149
31150
31151
31152
31153
31154
31155
31156
31157
31158
31159
31160
31161
31162
31163
31164
31165
31166
31167
31168
31169
31170
31171
31172
31173
31174
31175
31176
31177
31178
31179
31180
31181
31182
31183
31184
31185
31186
31187
31188
31189
31190
31191
31192
31193
31194
31195
31196
31197
31199
31200
31201
31260
31261
31262
31263
31264
31265
31266
31267
31268
31269
31270
31271
31272
31273
31274
31275
31276
31277
31278
31279
31280
31281
31282
31283
31284
31285
31286
31287
31288
31289
31290
31291
31292
31293
31294
31295
31296
31297
31298
31299
31300
31301
31302
31303
31304
31305
31306
31307
31308
31309
31310
31311
31312
31313
31314
31315
31316
31317
31318
31319
31320
31321
31322
31323
31324
31325
31326
31327
31328
31329
31330
31331
31332
31333
31334
31337
31338
31339
31389
31392
31393
31394
31395
31396
31397
31398
31399
31400
31401
31402
31403
31404
31405
31406
31407
31408
31409
31410
31411
31412
31413
31414
31415
31416
31417
31418
31419
31420
31421
31422
31423
31424
31425
31426
31427
31428
31429
31430
31431
31432
31433
31434
31435
31436
31437
31438
31439
31440
31441
31442
31443
31444
31445
31446
31447
31448
31449
31450
31451
31452
31453
31454
31455
31456
31457
31458
31459
31460
31461
31462
31463
31464
31465
31466
31467
31468
31521
31522
31523
31524
31525
31526
31527
31528
31529
31530
31531
31532
31533
31534
31535
31536
31537
31538
31539
31540
31541
31542
31543
31544
31545
31546
31547
31548
31549
31550
31551
31552
31553
31554
31555
31556
31557
31558
31559
31560
31561
31562
31563
31564
31565
31566
31567
31568
31569
31570
31571
31572
31573
31574
31575
31576
31577
31578
31579
31580
31581
31582
31583
31584
31585
31586
31587
31588
31589
31590
31591
31592
31593
31595
31597
31598
31645
31646
31647
31648
31649
31650
31651
31652
31653
31654
31655
31656
31657
31658
31659
31660
31661
31662
31663
31664
31665
31666
31667
31668
31669
31670
31671
31672
31673
31674
31675
31676
31677
31678
31679
31680
31681
31682
31683
31684
31685
31686
31687
31688
31689
31690
31691
31692
31693
31694
31695
31696
31697
31698
31699
31700
31701
31702
31703
31704
31705
31706
31707
31708
31709
31710
31711
31712
31713
31714
31715
31716
31717
31718
31720
31721
31722
31764
31765
31767
31768
31769
31770
31771
31772
31773
31774
31775
31776
31777
31778
31779
31780
31781
31782
31783
31784
31785
31786
31787
31788
31789
31790
31791
31792
31793
31794
31795
31796
31797
31798
31799
31800
31801
31802
31803
31804
31805
31806
31807
31808
31809
31810
31811
31812
31813
31814
31815
31816
31817
31818
31819
31820
31821
31822
31823
31824
31825
31826
31827
31828
31829
31830
31831
31832
31833
31834
31835
31836
31837
31838
31839
31840
31841
31842
31843
31844
31845
31846
31847
31848
31849
31891
31892
31894
31895
31896
31897
31898
31899
31900
31901
31902
31903
31904
31905
31906
31907
31908
31909
31910
31911
31912
31913
31914
31915
31916
31917
31918
31919
31920
31921
31922
31923
31924
31925
31926
31927
31928
31929
31930
31931
31932
31933
31934
31935
31936
31937
31938
31939
31940
31941
31942
31943
31944
31945
31946
31947
31948
31949
31950
31951
31952
31953
31954
31955
31956
31957
31958
31959
31960
31961
31962
31963
31964
31965
31966
31967
31968
32010
32011
32013
32014
32015
32016
32017
32018
32019
32020
32021
32022
32023
32024
32025
32026
32027
32028
32029
32030
32031
32032
32033
32034
32035
32036
32037
32038
32039
32040
32041
32042
32043
32044
32045
32046
32047
32048
32049
32050
32051
32052
32053
32054
32055
32056
32057
32058
32059
32060
32061
32062
32063
32064
32065
32066
32067
32068
32069
32070
32071
32072
32073
32074
32075
32076
32077
32078
32079
32080
32081
32082
32083
32084
32085
32086
32087
32129
32130
32132
32133
32134
32135
32136
32137
32138
32139
32140
32141
32142
32143
32144
32145
32146
32147
32148
32149
32150
32151
32152
32153
32154
32155
32156
32157
32158
32159
32160
32161
32162
32163
32164
32165
32166
32167
32168
32169
32170
32171
32172
32173
32174
32175
32176
32177
32178
32179
32180
32181
32182
32183
32184
32185
32186
32187
32188
32189
32190
32191
32192
32193
32194
32195
32196
32197
32198
32199
32200
32201
32202
32203
32204
32205
32206
32207
32208
32209
32210
32211
32212
32254
32255
32257
32259
32260
32261
32262
32263
32264
32265
32266
32267
32268
32269
32270
32271
32272
32273
32274
32275
32276
32277
32278
32279
32280
32281
32282
32283
32284
32285
32286
32287
32288
32289
32290
32291
32292
32293
32294
32295
32296
32297
32298
32299
32300
32301
32302
32303
32304
32305
32306
32307
32308
32309
32310
32311
32312
32313
32314
32315
32316
32317
32318
32319
32320
32321
32322
32323
32324
32325
32326
32327
32328
32329
32330
32331
32332
32333
32334
32335
32383
32384
32385
32386
32387
32388
32389
32390
32391
32392
32393
32394
32395
32396
32397
32398
32399
32400
32401
32402
32403
32404
32405
32406
32407
32408
32409
32410
32411
32412
32413
32414
32415
32416
32417
32418
32419
32420
32421
32422
32423
32424
32425
32426
32427
32428
32429
32430
32431
32432
32433
32434
32435
32436
32437
32438
32439
32440
32441
32442
32443
32444
32445
32446
32447
32448
32449
32450
32451
32452
32453
32454
32455
32456
32457
32459
32460
32509
32510
32512
32513
32514
32515
32516
32517
32518
32519
32520
32521
32522
32523
32524
32525
32526
32527
32528
32529
32530
32531
32532
32533
32534
32535
32536
32537
32538
32539
32540
32541
32542
32543
32544
32545
32546
32547
32548
32549
32550
32551
32552
32553
32554
32555
32556
32557
32558
32559
32560
32561
32562
32563
32564
32565
32566
32567
32568
32569
32570
32571
32572
32573
32574
32575
32576
32577
32578
32579
32580
32581
32582
32583
32584
32585
32586
32644
32645
32646
32647
32648
32649
32650
32651
32652
32653
32654
32655
32656
32657
32658
32659
32660
32661
32662
32663
32664
32665
32666
32667
32668
32669
32670
32671
32672
32673
32674
32675
32676
32677
32678
32679
32680
32681
32682
32683
32684
32685
32686
32687
32688
32689
32690
32691
32692
32693
32694
32695
32696
32697
32698
32699
32700
32701
32702
32703
32704
32705
32706
32707
32708
32709
32710
32711
32712
32713
32714
32715
32717
32718
32719
32774
32776
32778
32779
32780
32781
32782
32783
32784
32785
32786
32787
32788
32789
32790
32791
32792
32793
32794
32795
32796
32797
32798
32799
32800
32801
32802
32803
32804
32805
32806
32807
32808
32809
32810
32811
32812
32813
32814
32815
32816
32817
32818
32819
32820
32821
32822
32823
32824
32825
32826
32827
32828
32829
32830
32831
32832
32833
32834
32835
32836
32837
32838
32839
32840
32841
32842
32843
32844
32845
32846
32847
32848
32849
32913
32914
32915
32916
32917
32918
32919
32920
32921
32922
32923
32924
32925
32926
32927
32928
32929
32930
32931
32932
32933
32934
32935
32936
32937
32938
32939
32940
32941
32942
32943
32944
32945
32946
32947
32948
32949
32950
32951
32952
32953
32954
32955
32956
32957
32958
32959
32960
32961
32962
32963
32964
32965
32966
32967
32968
32969
32970
32971
32972
32973
32974
32975
32976
32977
32978
32979
32980
32981
32982
32983
32984
32985
32988
33055
33056
33057
33059
33060
33061
33062
33063
33064
33065
33066
33067
33068
33069
33070
33071
33072
33073
33074
33075
33076
33077
33078
33079
33080
33081
33082
33083
33084
33085
33086
33087
33088
33089
33090
33091
33092
33093
33094
33095
33096
33097
33098
33099
33100
33101
33102
33103
33104
33105
33106
33107
33108
33109
33110
33111
33112
33113
33114
33115
33116
33117
33118
33119
33120
33121
33122
33123
33124
33125
33126
33127
33128
33129
33130
33131
33132
33133
33136
33213
33215
33217
33218
33219
33220
33221
33222
33223
33224
33225
33226
33227
33228
33229
33230
33231
33232
33233
33234
33235
33236
33237
33238
33239
33240
33241
33242
33243
33244
33245
33246
33247
33248
33249
33250
33251
33252
33253
33254
33255
33256
33257
33258
33259
33260
33261
33262
33263
33264
33265
33266
33267
33268
33269
33270
33271
33272
33273
33274
33275
33276
33277
33278
33279
33280
33281
33283
33284
33379
33380
33382
33384
33385
33386
33387
33389
33390
33391
33392
33393
33394
33395
33396
33397
33398
33399
33400
33401
33402
33403
33404
33405
33406
33407
33408
33409
33410
33411
33412
33413
33414
33415
33416
33417
33418
33419
33420
33422
34461
34463
34464
34465
34466
34467
34469
34470
34471
34472
34473
34475
34476
34477
34478
34479
34481
34482
34483
34484
34485
34487
34489
34490
34592
34595
34596
34597
34598
34599
34600
34601
34602
34603
34604
34605
34606
34607
34608
34609
34610
34611
34612
34613
34614
34615
34616
34617
34618
34619
34620
34621
34622
34623
34624
34625
34626
34627
34628
34629
34630
34631
34632
34633
34634
34635
34636
34637
34638
34639
34640
34641
34642
34643
34644
34645
34646
34647
34648
34649
34650
34651
34652
34653
34654
34655
34656
34658
34659
34660
34661
34752
34753
34754
34755
34756
34757
34758
34759
34760
34761
34762
34763
34764
34765
34766
34767
34768
34769
34770
34771
34772
34773
34774
34775
34776
34777
34778
34779
34780
34781
34782
34783
34784
34785
34786
34787
34788
34789
34790
34791
34792
34793
34794
34795
34796
34797
34798
34799
34800
34801
34802
34803
34804
34805
34806
34807
34808
34809
34810
34811
34812
34813
34814
34815
34816
34817
34818
34819
34820
34821
34822
34823
34824
34827
34828
34829
34899
34902
34903
34904
34905
34906
34907
34908
34909
34910
34911
34912
34913
34914
34915
34916
34917
34918
34919
34920
34921
34922
34923
34924
34925
34926
34927
34928
34929
34930
34931
34932
34933
34934
34935
34936
34937
34938
34939
34940
34941
34942
34943
34944
34945
34946
34947
34948
34949
34950
34951
34952
34953
34954
34955
34956
34957
34958
34959
34960
34961
34962
34963
34964
34965
34966
34967
34968
34969
34970
34971
34972
35040
35041
35042
35043
35044
35045
35046
35047
35048
35049
35050
35051
35052
35053
35054
35055
35056
35057
35058
35059
35060
35061
35062
35063
35064
35065
35066
35067
35068
35069
35070
35071
35072
35073
35074
35075
35076
35077
35078
35079
35080
35081
35082
35083
35084
35085
35086
35087
35088
35089
35090
35091
35092
35093
35094
35095
35096
35097
35098
35099
35100
35101
35102
35103
35104
35105
35106
35107
35108
35109
35111
35112
35113
35172
35173
35174
35175
35176
35177
35178
35179
35180
35181
35182
35183
35184
35185
35186
35187
35188
35189
35190
35191
35192
35193
35194
35195
35196
35197
35198
35199
35200
35201
35202
35203
35204
35205
35206
35207
35208
35209
35210
35211
35212
35213
35214
35215
35216
35217
35218
35219
35220
35221
35222
35223
35224
35225
35226
35227
35228
35229
35230
35231
35232
35233
35234
35235
35236
35237
35238
35239
35240
35241
35242
35243
35244
35245
35246
35249
35250
35251
35301
35304
35305
35306
35307
35308
35309
35310
35311
35312
35313
35314
35315
35316
35317
35318
35319
35320
35321
35322
35323
35324
35325
35326
35327
35328
35329
35330
35331
35332
35333
35334
35335
35336
35337
35338
35339
35340
35341
35342
35343
35344
35345
35346
35347
35348
35349
35350
35351
35352
35353
35354
35355
35356
35357
35358
35359
35360
35361
35362
35363
35364
35365
35366
35367
35368
35369
35370
35371
35372
35373
35374
35375
35376
35377
35378
35379
35380
35433
35434
35435
35436
35437
35438
35439
35440
35441
35442
35443
35444
35445
35446
35447
35448
35449
35450
35451
35452
35453
35454
35455
35456
35457
35458
35459
35460
35461
35462
35463
35464
35465
35466
35467
35468
35469
35470
35471
35472
35473
35474
35475
35476
35477
35478
35479
35480
35481
35482
35483
35484
35485
35486
35487
35488
35489
35490
35491
35492
35493
35494
35495
35496
35497
35498
35499
35500
35501
35502
35503
35504
35505
35507
35509
35510
35557
35558
35559
35560
35561
35562
35563
35564
35565
35566
35567
35568
35569
35570
35571
35572
35573
35574
35575
35576
35577
35578
35579
35580
35581
35582
35583
35584
35585
35586
35587
35588
35589
35590
35591
35592
35593
35594
35595
35596
35597
35598
35599
35600
35601
35602
35603
35604
35605
35606
35607
35608
35609
35610
35611
35612
35613
35614
35615
35616
35617
35618
35619
35620
35621
35622
35623
35624
35625
35626
35627
35628
35629
35630
35632
35633
35634
35676
35677
35679
35680
35681
35682
35683
35684
35685
35686
35687
35688
35689
35690
35691
35692
35693
35694
35695
35696
35697
35698
35699
35700
35701
35702
35703
35704
35705
35706
35707
35708
35709
35710
35711
35712
35713
35714
35715
35716
35717
35718
35719
35720
35721
35722
35723
35724
35725
35726
35727
35728
35729
35730
35731
35732
35733
35734
35735
35736
35737
35738
35739
35740
35741
35742
35743
35744
35745
35746
35747
35748
35749
35750
35751
35752
35753
35754
35755
35756
35757
35758
35759
35760
35761
35803
35804
35806
35807
35808
35809
35810
35811
35812
35813
35814
35815
35816
35817
35818
35819
35820
35821
35822
35823
35824
35825
35826
35827
35828
35829
35830
35831
35832
35833
35834
35835
35836
35837
35838
35839
35840
35841
35842
35843
35844
35845
35846
35847
35848
35849
35850
35851
35852
35853
35854
35855
35856
35857
35858
35859
35860
35861
35862
35863
35864
35865
35866
35867
35868
35869
35870
35871
35872
35873
35874
35875
35876
35877
35878
35879
35880
35922
35923
35925
35926
35927
35928
35929
35930
35931
35932
35933
35934
35935
35936
35937
35938
35939
35940
35941
35942
35943
35944
35945
35946
35947
35948
35949
35950
35951
35952
35953
35954
35955
35956
35957
35958
35959
35960
35961
35962
35963
35964
35965
35966
35967
35968
35969
35970
35971
35972
35973
35974
35975
35976
35977
35978
35979
35980
35981
35982
35983
35984
35985
35986
35987
35988
35989
35990
35991
35992
35993
35994
35995
35996
35997
35998
35999
36041
36042
36044
36045
36046
36047
36048
36049
36050
36051
36052
36053
36054
36055
36056
36057
36058
36059
36060
36061
36062
36063
36064
36065
36066
36067
36068
36069
36070
36071
36072
36073
36074
36075
36076
36077
36078
36079
36080
36081
36082
36083
36084
36085
36086
36087
36088
36089
36090
36091
36092
36093
36094
36095
36096
36097
36098
36099
36100
36101
36102
36103
36104
36105
36106
36107
36108
36109
36110
36111
36112
36113
36114
36115
36116
36117
36118
36119
36120
36121
36122
36123
36124
36166
36167
36169
36171
36172
36173
36174
36175
36176
36177
36178
36179
36180
36181
36182
36183
36184
36185
36186
36187
36188
36189
36190
36191
36192
36193
36194
36195
36196
36197
36198
36199
36200
36201
36202
36203
36204
36205
36206
36207
36208
36209
36210
36211
36212
36213
36214
36215
36216
36217
36218
36219
36220
36221
36222
36223
36224
36225
36226
36227
36228
36229
36230
36231
36232
36233
36234
36235
36236
36237
36238
36239
36240
36241
36242
36243
36244
36245
36246
36247
36295
36296
36297
36298
36299
36300
36301
36302
36303
36304
36305
36306
36307
36308
36309
36310
36311
36312
36313
36314
36315
36316
36317
36318
36319
36320
36321
36322
36323
36324
36325
36326
36327
36328
36329
36330
36331
36332
36333
36334
36335
36336
36337
36338
36339
36340
36341
36342
36343
36344
36345
36346
36347
36348
36349
36350
36351
36352
36353
36354
36355
36356
36357
36358
36359
36360
36361
36362
36363
36364
36365
36366
36367
36368
36369
36371
36372
36421
36422
36424
36425
36426
36427
36428
36429
36430
36431
36432
36433
36434
36435
36436
36437
36438
36439
36440
36441
36442
36443
36444
36445
36446
36447
36448
36449
36450
36451
36452
36453
36454
36455
36456
36457
36458
36459
36460
36461
36462
36463
36464
36465
36466
36467
36468
36469
36470
36471
36472
36473
36474
36475
36476
36477
36478
36479
36480
36481
36482
36483
36484
36485
36486
36487
36488
36489
36490
36491
36492
36493
36494
36495
36496
36497
36498
36556
36557
36558
36559
36560
36561
36562
36563
36564
36565
36566
36567
36568
36569
36570
36571
36572
36573
36574
36575
36576
36577
36578
36579
36580
36581
36582
36583
36584
36585
36586
36587
36588
36589
36590
36591
36592
36593
36594
36595
36596
36597
36598
36599
36600
36601
36602
36603
36604
36605
36606
36607
36608
36609
36610
36611
36612
36613
36614
36615
36616
36617
36618
36619
36620
36621
36622
36623
36624
36625
36626
36627
36629
36630
36631
36686
36688
36690
36691
36692
36693
36694
36695
36696
36697
36698
36699
36700
36701
36702
36703
36704
36705
36706
36707
36708
36709
36710
36711
36712
36713
36714
36715
36716
36717
36718
36719
36720
36721
36722
36723
36724
36725
36726
36727
36728
36729
36730
36731
36732
36733
36734
36735
36736
36737
36738
36739
36740
36741
36742
36743
36744
36745
36746
36747
36748
36749
36750
36751
36752
36753
36754
36755
36756
36757
36758
36759
36760
36761
36825
36826
36827
36828
36829
36830
36831
36832
36833
36834
36835
36836
36837
36838
36839
36840
36841
36842
36843
36844
36845
36846
36847
36848
36849
36850
36851
36852
36853
36854
36855
36856
36857
36858
36859
36860
36861
36862
36863
36864
36865
36866
36867
36868
36869
36870
36871
36872
36873
36874
36875
36876
36877
36878
36879
36880
36881
36882
36883
36884
36885
36886
36887
36888
36889
36890
36891
36892
36893
36894
36895
36896
36897
36900
36967
36968
36969
36971
36972
36973
36974
36975
36976
36977
36978
36979
36980
36981
36982
36983
36984
36985
36986
36987
36988
36989
36990
36991
36992
36993
36994
36995
36996
36997
36998
36999
37000
37001
37002
37003
37004
37005
37006
37007
37008
37009
37010
37011
37012
37013
37014
37015
37016
37017
37018
37019
37020
37021
37022
37023
37024
37025
37026
37027
37028
37029
37030
37031
37032
37033
37034
37035
37036
37037
37038
37039
37040
37041
37042
37043
37044
37045
37048
37125
37127
37129
37130
37131
37132
37133
37134
37135
37136
37137
37138
37139
37140
37141
37142
37143
37144
37145
37146
37147
37148
37149
37150
37151
37152
37153
37154
37155
37156
37157
37158
37159
37160
37161
37162
37163
37164
37165
37166
37167
37168
37169
37170
37171
37172
37173
37174
37175
37176
37177
37178
37179
37180
37181
37182
37183
37184
37185
37186
37187
37188
37189
37190
37191
37192
37193
37195
37196
37291
37292
37294
37296
37297
37298
37299
37301
37302
37303
37304
37305
37306
37307
37308
37309
37310
37311
37312
37313
37314
37315
37316
37317
37318
37319
37320
37321
37322
37323
37324
37325
37326
37327
37328
37329
37330
37331
37332
37334
38373
38375
38376
38377
38378
38379
38381
38382
38383
38384
38385
38387
38388
38389
38390
38391
38393
38394
38395
38396
38397
38399
38401
38402
38504
38507
38508
38509
38510
38511
38512
38513
38514
38515
38516
38517
38518
38519
38520
38521
38522
38523
38524
38525
38526
38527
38528
38529
38530
38531
38532
38533
38534
38535
38536
38537
38538
38539
38540
38541
38542
38543
38544
38545
38546
38547
38548
38549
38550
38551
38552
38553
38554
38555
38556
38557
38558
38559
38560
38561
38562
38563
38564
38565
38566
38567
38568
38570
38571
38572
38573
38664
38665
38666
38667
38668
38669
38670
38671
38672
38673
38674
38675
38676
38677
38678
38679
38680
38681
38682
38683
38684
38685
38686
38687
38688
38689
38690
38691
38692
38693
38694
38695
38696
38697
38698
38699
38700
38701
38702
38703
38704
38705
38706
38707
38708
38709
38710
38711
38712
38713
38714
38715
38716
38717
38718
38719
38720
38721
38722
38723
38724
38725
38726
38727
38728
38729
38730
38731
38732
38733
38734
38735
38736
38739
38740
38741
38811
38814
38815
38816
38817
38818
38819
38820
38821
38822
38823
38824
38825
38826
38827
38828
38829
38830
38831
38832
38833
38834
38835
38836
38837
38838
38839
38840
38841
38842
38843
38844
38845
38846
38847
38848
38849
38850
38851
38852
38853
38854
38855
38856
38857
38858
38859
38860
38861
38862
38863
38864
38865
38866
38867
38868
38869
38870
38871
38872
38873
38874
38875
38876
38877
38878
38879
38880
38881
38882
38883
38884
38952
38953
38954
38955
38956
38957
38958
38959
38960
38961
38962
38963
38964
38965
38966
38967
38968
38969
38970
38971
38972
38973
38974
38975
38976
38977
38978
38979
38980
38981
38982
38983
38984
38985
38986
38987
38988
38989
38990
38991
38992
38993
38994
38995
38996
38997
38998
38999
39000
39001
39002
39003
39004
39005
39006
39007
39008
39009
39010
39011
39012
39013
39014
39015
39016
39017
39018
39019
39020
39021
39023
39024
39025
39084
39085
39086
39087
39088
39089
39090
39091
39092
39093
39094
39095
39096
39097
39098
39099
39100
39101
39102
39103
39104
39105
39106
39107
39108
39109
39110
39111
39112
39113
39114
39115
39116
39117
39118
39119
39120
39121
39122
39123
39124
39125
39126
39127
39128
39129
39130
39131
39132
39133
39134
39135
39136
39137
39138
39139
39140
39141
39142
39143
39144
39145
39146
39147
39148
39149
39150
39151
39152
39153
39154
39155
39156
39157
39158
39161
39162
39163
39213
39216
39217
39218
39219
39220
39221
39222
39223
39224
39225
39226
39227
39228
39229
39230
39231
39232
39233
39234
39235
39236
39237
39238
39239
39240
39241
39242
39243
39244
39245
39246
39247
39248
39249
39250
39251
39252
39253
39254
39255
39256
39257
39258
39259
39260
39261
39262
39263
39264
39265
39266
39267
39268
39269
39270
39271
39272
39273
39274
39275
39276
39277
39278
39279
39280
39281
39282
39283
39284
39285
39286
39287
39288
39289
39290
39291
39292
39345
39346
39347
39348
39349
39350
39351
39352
39353
39354
39355
39356
39357
39358
39359
39360
39361
39362
39363
39364
39365
39366
39367
39368
39369
39370
39371
39372
39373
39374
39375
39376
39377
39378
39379
39380
39381
39382
39383
39384
39385
39386
39387
39388
39389
39390
39391
39392
39393
39394
39395
39396
39397
39398
39399
39400
39401
39402
39403
39404
39405
39406
39407
39408
39409
39410
39411
39412
39413
39414
39415
39416
39417
39419
39421
39422
39469
39470
39471
39472
39473
39474
39475
39476
39477
39478
39479
39480
39481
39482
39483
39484
39485
39486
39487
39488
39489
39490
39491
39492
39493
39494
39495
39496
39497
39498
39499
39500
39501
39502
39503
39504
39505
39506
39507
39508
39509
39510
39511
39512
39513
39514
39515
39516
39517
39518
39519
39520
39521
39522
39523
39524
39525
39526
39527
39528
39529
39530
39531
39532
39533
39534
39535
39536
39537
39538
39539
39540
39541
39542
39544
39545
39546
39588
39589
39591
39592
39593
39594
39595
39596
39597
39598
39599
39600
39601
39602
39603
39604
39605
39606
39607
39608
39609
39610
39611
39612
39613
39614
39615
39616
39617
39618
39619
39620
39621
39622
39623
39624
39625
39626
39627
39628
39629
39630
39631
39632
39633
39634
39635
39636
39637
39638
39639
39640
39641
39642
39643
39644
39645
39646
39647
39648
39649
39650
39651
39652
39653
39654
39655
39656
39657
39658
39659
39660
39661
39662
39663
39664
39665
39666
39667
39668
39669
39670
39671
39672
39673
39715
39716
39718
39719
39720
39721
39722
39723
39724
39725
39726
39727
39728
39729
39730
39731
39732
39733
39734
39735
39736
39737
39738
39739
39740
39741
39742
39743
39744
39745
39746
39747
39748
39749
39750
39751
39752
39753
39754
39755
39756
39757
39758
39759
39760
39761
39762
39763
39764
39765
39766
39767
39768
39769
39770
39771
39772
39773
39774
39775
39776
39777
39778
39779
39780
39781
39782
39783
39784
39785
39786
39787
39788
39789
39790
39791
39792
39834
39835
39837
39838
39839
39840
39841
39842
39843
39844
39845
39846
39847
39848
39849
39850
39851
39852
39853
39854
39855
39856
39857
39858
39859
39860
39861
39862
39863
39864
39865
39866
39867
39868
39869
39870
39871
39872
39873
39874
39875
39876
39877
39878
39879
39880
39881
39882
39883
39884
39885
39886
39887
39888
39889
39890
39891
39892
39893
39894
39895
39896
39897
39898
39899
39900
39901
39902
39903
39904
39905
39906
39907
39908
39909
39910
39911
39953
39954
39956
39957
39958
39959
39960
39961
39962
39963
39964
39965
39966
39967
39968
39969
39970
39971
39972
39973
39974
39975
39976
39977
39978
39979
39980
39981
39982
39983
39984
39985
39986
39987
39988
39989
39990
39991
39992
39993
39994
39995
39996
39997
39998
39999
40000
40001
40002
40003
40004
40005
40006
40007
40008
40009
40010
40011
40012
40013
40014
40015
40016
40017
40018
40019
40020
40021
40022
40023
40024
40025
40026
40027
40028
40029
40030
40031
40032
40033
40034
40035
40036
40078
40079
40081
40083
40084
40085
40086
40087
40088
40089
40090
40091
40092
40093
40094
40095
40096
40097
40098
40099
40100
40101
40102
40103
40104
40105
40106
40107
40108
40109
40110
40111
40112
40113
40114
40115
40116
40117
40118
40119
40120
40121
40122
40123
40124
40125
40126
40127
40128
40129
40130
40131
40132
40133
40134
40135
40136
40137
40138
40139
40140
40141
40142
40143
40144
40145
40146
40147
40148
40149
40150
40151
40152
40153
40154
40155
40156
40157
40158
40159
40207
40208
40209
40210
40211
40212
40213
40214
40215
40216
40217
40218
40219
40220
40221
40222
40223
40224
40225
40226
40227
40228
40229
40230
40231
40232
40233
40234
40235
40236
40237
40238
40239
40240
40241
40242
40243
40244
40245
40246
40247
40248
40249
40250
40251
40252
40253
40254
40255
40256
40257
40258
40259
40260
40261
40262
40263
40264
40265
40266
40267
40268
40269
40270
40271
40272
40273
40274
40275
40276
40277
40278
40279
40280
40281
40283
40284
40333
40334
40336
40337
40338
40339
40340
40341
40342
40343
40344
40345
40346
40347
40348
40349
40350
40351
40352
40353
40354
40355
40356
40357
40358
40359
40360
40361
40362
40363
40364
40365
40366
40367
40368
40369
40370
40371
40372
40373
40374
40375
40376
40377
40378
40379
40380
40381
40382
40383
40384
40385
40386
40387
40388
40389
40390
40391
40392
40393
40394
40395
40396
40397
40398
40399
40400
40401
40402
40403
40404
40405
40406
40407
40408
40409
40410
40468
40469
40470
40471
40472
40473
40474
40475
40476
40477
40478
40479
40480
40481
40482
40483
40484
40485
40486
40487
40488
40489
40490
40491
40492
40493
40494
40495
40496
40497
40498
40499
40500
40501
40502
40503
40504
40505
40506
40507
40508
40509
40510
40511
40512
40513
40514
40515
40516
40517
40518
40519
40520
40521
40522
40523
40524
40525
40526
40527
40528
40529
40530
40531
40532
40533
40534
40535
40536
40537
40538
40539
40541
40542
40543
40598
40600
40602
40603
40604
40605
40606
40607
40608
40609
40610
40611
40612
40613
40614
40615
40616
40617
40618
40619
40620
40621
40622
40623
40624
40625
40626
40627
40628
40629
40630
40631
40632
40633
40634
40635
40636
40637
40638
40639
40640
40641
40642
40643
40644
40645
40646
40647
40648
40649
40650
40651
40652
40653
40654
40655
40656
40657
40658
40659
40660
40661
40662
40663
40664
40665
40666
40667
40668
40669
40670
40671
40672
40673
40737
40738
40739
40740
40741
40742
40743
40744
40745
40746
40747
40748
40749
40750
40751
40752
40753
40754
40755
40756
40757
40758
40759
40760
40761
40762
40763
40764
40765
40766
40767
40768
40769
40770
40771
40772
40773
40774
40775
40776
40777
40778
40779
40780
40781
40782
40783
40784
40785
40786
40787
40788
40789
40790
40791
40792
40793
40794
40795
40796
40797
40798
40799
40800
40801
40802
40803
40804
40805
40806
40807
40808
40809
40812
40879
40880
40881
40883
40884
40885
40886
40887
40888
40889
40890
40891
40892
40893
40894
40895
40896
40897
40898
40899
40900
40901
40902
40903
40904
40905
40906
40907
40908
40909
40910
40911
40912
40913
40914
40915
40916
40917
40918
40919
40920
40921
40922
40923
40924
40925
40926
40927
40928
40929
40930
40931
40932
40933
40934
40935
40936
40937
40938
40939
40940
40941
40942
40943
40944
40945
40946
40947
40948
40949
40950
40951
40952
40953
40954
40955
40956
40957
40960
41037
41039
41041
41042
41043
41044
41045
41046
41047
41048
41049
41050
41051
41052
41053
41054
41055
41056
41057
41058
41059
41060
41061
41062
41063
41064
41065
41066
41067
41068
41069
41070
41071
41072
41073
41074
41075
41076
41077
41078
41079
41080
41081
41082
41083
41084
41085
41086
41087
41088
41089
41090
41091
41092
41093
41094
41095
41096
41097
41098
41099
41100
41101
41102
41103
41104
41105
41107
41108
41203
41204
41206
41208
41209
41210
41211
41213
41214
41215
41216
41217
41218
41219
41220
41221
41222
41223
41224
41225
41226
41227
41228
41229
41230
41231
41232
41233
41234
41235
41236
41237
41238
41239
41240
41241
41242
41243
41244
41246
42285
42287
42288
42289
42290
42291
42293
42294
42295
42296
42297
42299
42300
42301
42302
42303
42305
42306
42307
42308
42309
42311
42313
42314
42416
42419
42420
42421
42422
42423
42424
42425
42426
42427
42428
42429
42430
42431
42432
42433
42434
42435
42436
42437
42438
42439
42440
42441
42442
42443
42444
42445
42446
42447
42448
42449
42450
42451
42452
42453
42454
42455
42456
42457
42458
42459
42460
42461
42462
42463
42464
42465
42466
42467
42468
42469
42470
42471
42472
42473
42474
42475
42476
42477
42478
42479
42480
42482
42483
42484
42485
42576
42577
42578
42579
42580
42581
42582
42583
42584
42585
42586
42587
42588
42589
42590
42591
42592
42593
42594
42595
42596
42597
42598
42599
42600
42601
42602
42603
42604
42605
42606
42607
42608
42609
42610
42611
42612
42613
42614
42615
42616
42617
42618
42619
42620
42621
42622
42623
42624
42625
42626
42627
42628
42629
42630
42631
42632
42633
42634
42635
42636
42637
42638
42639
42640
42641
42642
42643
42644
42645
42646
42647
42648
42651
42652
42653
42723
42726
42727
42728
42729
42730
42731
42732
42733
42734
42735
42736
42737
42738
42739
42740
42741
42742
42743
42744
42745
42746
42747
42748
42749
42750
42751
42752
42753
42754
42755
42756
42757
42758
42759
42760
42761
42762
42763
42764
42765
42766
42767
42768
42769
42770
42771
42772
42773
42774
42775
42776
42777
42778
42779
42780
42781
42782
42783
42784
42785
42786
42787
42788
42789
42790
42791
42792
42793
42794
42795
42796
42864
42865
42866
42867
42868
42869
42870
42871
42872
42873
42874
42875
42876
42877
42878
42879
42880
42881
42882
42883
42884
42885
42886
42887
42888
42889
42890
42891
42892
42893
42894
42895
42896
42897
42898
42899
42900
42901
42902
42903
42904
42905
42906
42907
42908
42909
42910
42911
42912
42913
42914
42915
42916
42917
42918
42919
42920
42921
42922
42923
42924
42925
42926
42927
42928
42929
42930
42931
42932
42933
42935
42936
42937
42996
42997
42998
42999
43000
43001
43002
43003
43004
43005
43006
43007
43008
43009
43010
43011
43012
43013
43014
43015
43016
43017
43018
43019
43020
43021
43022
43023
43024
43025
43026
43027
43028
43029
43030
43031
43032
43033
43034
43035
43036
43037
43038
43039
43040
43041
43042
43043
43044
43045
43046
43047
43048
43049
43050
43051
43052
43053
43054
43055
43056
43057
43058
43059
43060
43061
43062
43063
43064
43065
43066
43067
43068
43069
43070
43073
43074
43075
43125
43128
43129
43130
43131
43132
43133
43134
43135
43136
43137
43138
43139
43140
43141
43142
43143
43144
43145
43146
43147
43148
43149
43150
43151
43152
43153
43154
43155
43156
43157
43158
43159
43160
43161
43162
43163
43164
43165
43166
43167
43168
43169
43170
43171
43172
43173
43174
43175
43176
43177
43178
43179
43180
43181
43182
43183
43184
43185
43186
43187
43188
43189
43190
43191
43192
43193
43194
43195
43196
43197
43198
43199
43200
43201
43202
43203
43204
43257
43258
43259
43260
43261
43262
43263
43264
43265
43266
43267
43268
43269
43270
43271
43272
43273
43274
43275
43276
43277
43278
43279
43280
43281
43282
43283
43284
43285
43286
43287
43288
43289
43290
43291
43292
43293
43294
43295
43296
43297
43298
43299
43300
43301
43302
43303
43304
43305
43306
43307
43308
43309
43310
43311
43312
43313
43314
43315
43316
43317
43318
43319
43320
43321
43322
43323
43324
43325
43326
43327
43328
43329
43331
43333
43334
43381
43382
43383
43384
43385
43386
43387
43388
43389
43390
43391
43392
43393
43394
43395
43396
43397
43398
43399
43400
43401
43402
43403
43404
43405
43406
43407
43408
43409
43410
43411
43412
43413
43414
43415
43416
43417
43418
43419
43420
43421
43422
43423
43424
43425
43426
43427
43428
43429
43430
43431
43432
43433
43434
43435
43436
43437
43438
43439
43440
43441
43442
43443
43444
43445
43446
43447
43448
43449
43450
43451
43452
43453
43454
43456
43457
43458
43500
43501
43503
43504
43505
43506
43507
43508
43509
43510
43511
43512
43513
43514
43515
43516
43517
43518
43519
43520
43521
43522
43523
43524
43525
43526
43527
43528
43529
43530
43531
43532
43533
43534
43535
43536
43537
43538
43539
43540
43541
43542
43543
43544
43545
43546
43547
43548
43549
43550
43551
43552
43553
43554
43555
43556
43557
43558
43559
43560
43561
43562
43563
43564
43565
43566
43567
43568
43569
43570
43571
43572
43573
43574
43575
43576
43577
43578
43579
43580
43581
43582
43583
43584
43585
43627
43628
43630
43631
43632
43633
43634
43635
43636
43637
43638
43639
43640
43641
43642
43643
43644
43645
43646
43647
43648
43649
43650
43651
43652
43653
43654
43655
43656
43657
43658
43659
43660
43661
43662
43663
43664
43665
43666
43667
43668
43669
43670
43671
43672
43673
43674
43675
43676
43677
43678
43679
43680
43681
43682
43683
43684
43685
43686
43687
43688
43689
43690
43691
43692
43693
43694
43695
43696
43697
43698
43699
43700
43701
43702
43703
43704
43746
43747
43749
43750
43751
43752
43753
43754
43755
43756
43757
43758
43759
43760
43761
43762
43763
43764
43765
43766
43767
43768
43769
43770
43771
43772
43773
43774
43775
43776
43777
43778
43779
43780
43781
43782
43783
43784
43785
43786
43787
43788
43789
43790
43791
43792
43793
43794
43795
43796
43797
43798
43799
43800
43801
43802
43803
43804
43805
43806
43807
43808
43809
43810
43811
43812
43813
43814
43815
43816
43817
43818
43819
43820
43821
43822
43823
43865
43866
43868
43869
43870
43871
43872
43873
43874
43875
43876
43877
43878
43879
43880
43881
43882
43883
43884
43885
43886
43887
43888
43889
43890
43891
43892
43893
43894
43895
43896
43897
43898
43899
43900
43901
43902
43903
43904
43905
43906
43907
43908
43909
43910
43911
43912
43913
43914
43915
43916
43917
43918
43919
43920
43921
43922
43923
43924
43925
43926
43927
43928
43929
43930
43931
43932
43933
43934
43935
43936
43937
43938
43939
43940
43941
43942
43943
43944
43945
43946
43947
43948
43990
43991
43993
43995
43996
43997
43998
43999
44000
44001
44002
44003
44004
44005
44006
44007
44008
44009
44010
44011
44012
44013
44014
44015
44016
44017
44018
44019
44020
44021
44022
44023
44024
44025
44026
44027
44028
44029
44030
44031
44032
44033
44034
44035
44036
44037
44038
44039
44040
44041
44042
44043
44044
44045
44046
44047
44048
44049
44050
44051
44052
44053
44054
44055
44056
44057
44058
44059
44060
44061
44062
44063
44064
44065
44066
44067
44068
44069
44070
44071
44119
44120
44121
44122
44123
44124
44125
44126
44127
44128
44129
44130
44131
44132
44133
44134
44135
44136
44137
44138
44139
44140
44141
44142
44143
44144
44145
44146
44147
44148
44149
44150
44151
44152
44153
44154
44155
44156
44157
44158
44159
44160
44161
44162
44163
44164
44165
44166
44167
44168
44169
44170
44171
44172
44173
44174
44175
44176
44177
44178
44179
44180
44181
44182
44183
44184
44185
44186
44187
44188
44189
44190
44191
44192
44193
44195
44196
44245
44246
44248
44249
44250
44251
44252
44253
44254
44255
44256
44257
44258
44259
44260
44261
44262
44263
44264
44265
44266
44267
44268
44269
44270
44271
44272
44273
44274
44275
44276
44277
44278
44279
44280
44281
44282
44283
44284
44285
44286
44287
44288
44289
44290
44291
44292
44293
44294
44295
44296
44297
44298
44299
44300
44301
44302
44303
44304
44305
44306
44307
44308
44309
44310
44311
44312
44313
44314
44315
44316
44317
44318
44319
44320
44321
44322
44380
44381
44382
44383
44384
44385
44386
44387
44388
44389
44390
44391
44392
44393
44394
44395
44396
44397
44398
44399
44400
44401
44402
44403
44404
44405
44406
44407
44408
44409
44410
44411
44412
44413
44414
44415
44416
44417
44418
44419
44420
44421
44422
44423
44424
44425
44426
44427
44428
44429
44430
44431
44432
44433
44434
44435
44436
44437
44438
44439
44440
44441
44442
44443
44444
44445
44446
44447
44448
44449
44450
44451
44453
44454
44455
44510
44512
44514
44515
44516
44517
44518
44519
44520
44521
44522
44523
44524
44525
44526
44527
44528
44529
44530
44531
44532
44533
44534
44535
44536
44537
44538
44539
44540
44541
44542
44543
44544
44545
44546
44547
44548
44549
44550
44551
44552
44553
44554
44555
44556
44557
44558
44559
44560
44561
44562
44563
44564
44565
44566
44567
44568
44569
44570
44571
44572
44573
44574
44575
44576
44577
44578
44579
44580
44581
44582
44583
44584
44585
44649
44650
44651
44652
44653
44654
44655
44656
44657
44658
44659
44660
44661
44662
44663
44664
44665
44666
44667
44668
44669
44670
44671
44672
44673
44674
44675
44676
44677
44678
44679
44680
44681
44682
44683
44684
44685
44686
44687
44688
44689
44690
44691
44692
44693
44694
44695
44696
44697
44698
44699
44700
44701
44702
44703
44704
44705
44706
44707
44708
44709
44710
44711
44712
44713
44714
44715
44716
44717
44718
44719
44720
44721
44724
44791
44792
44793
44795
44796
44797
44798
44799
44800
44801
44802
44803
44804
44805
44806
44807
44808
44809
44810
44811
44812
44813
44814
44815
44816
44817
44818
44819
44820
44821
44822
44823
44824
44825
44826
44827
44828
44829
44830
44831
44832
44833
44834
44835
44836
44837
44838
44839
44840
44841
44842
44843
44844
44845
44846
44847
44848
44849
44850
44851
44852
44853
44854
44855
44856
44857
44858
44859
44860
44861
44862
44863
44864
44865
44866
44867
44868
44869
44872
44949
44951
44953
44954
44955
44956
44957
44958
44959
44960
44961
44962
44963
44964
44965
44966
44967
44968
44969
44970
44971
44972
44973
44974
44975
44976
44977
44978
44979
44980
44981
44982
44983
44984
44985
44986
44987
44988
44989
44990
44991
44992
44993
44994
44995
44996
44997
44998
44999
45000
45001
45002
45003
45004
45005
45006
45007
45008
45009
45010
45011
45012
45013
45014
45015
45016
45017
45019
45020
45115
45116
45118
45120
45121
45122
45123
45125
45126
45127
45128
45129
45130
45131
45132
45133
45134
45135
45136
45137
45138
45139
45140
45141
45142
45143
45144
45145
45146
45147
45148
45149
45150
45151
45152
45153
45154
45155
45156
45158
46197
46199
46200
46201
46202
46203
46205
46206
46207
46208
46209
46211
46212
46213
46214
46215
46217
46218
46219
46220
46221
46223
46225
46226
46328
46331
46332
46333
46334
46335
46336
46337
46338
46339
46340
46341
46342
46343
46344
46345
46346
46347
46348
46349
46350
46351
46352
46353
46354
46355
46356
46357
46358
46359
46360
46361
46362
46363
46364
46365
46366
46367
46368
46369
46370
46371
46372
46373
46374
46375
46376
46377
46378
46379
46380
46381
46382
46383
46384
46385
46386
46387
46388
46389
46390
46391
46392
46394
46395
46396
46397
46488
46489
46490
46491
46492
46493
46494
46495
46496
46497
46498
46499
46500
46501
46502
46503
46504
46505
46506
46507
46508
46509
46510
46511
46512
46513
46514
46515
46516
46517
46518
46519
46520
46521
46522
46523
46524
46525
46526
46527
46528
46529
46530
46531
46532
46533
46534
46535
46536
46537
46538
46539
46540
46541
46542
46543
46544
46545
46546
46547
46548
46549
46550
46551
46552
46553
46554
46555
46556
46557
46558
46559
46560
46563
46564
46565
46635
46638
46639
46640
46641
46642
46643
46644
46645
46646
46647
46648
46649
46650
46651
46652
46653
46654
46655
46656
46657
46658
46659
46660
46661
46662
46663
46664
46665
46666
46667
46668
46669
46670
46671
46672
46673
46674
46675
46676
46677
46678
46679
46680
46681
46682
46683
46684
46685
46686
46687
46688
46689
46690
46691
46692
46693
46694
46695
46696
46697
46698
46699
46700
46701
46702
46703
46704
46705
46706
46707
46708
46776
46777
46778
46779
46780
46781
46782
46783
46784
46785
46786
46787
46788
46789
46790
46791
46792
46793
46794
46795
46796
46797
46798
46799
46800
46801
46802
46803
46804
46805
46806
46807
46808
46809
46810
46811
46812
46813
46814
46815
46816
46817
46818
46819
46820
46821
46822
46823
46824
46825
46826
46827
46828
46829
46830
46831
46832
46833
46834
46835
46836
46837
46838
46839
46840
46841
46842
46843
46844
46845
46847
46848
46849
46908
46909
46910
46911
46912
46913
46914
46915
46916
46917
46918
46919
46920
46921
46922
46923
46924
46925
46926
46927
46928
46929
46930
46931
46932
46933
46934
46935
46936
46937
46938
46939
46940
46941
46942
46943
46944
46945
46946
46947
46948
46949
46950
46951
46952
46953
46954
46955
46956
46957
46958
46959
46960
46961
46962
46963
46964
46965
46966
46967
46968
46969
46970
46971
46972
46973
46974
46975
46976
46977
46978
46979
46980
46981
46982
46985
46986
46987
47037
47040
47041
47042
47043
47044
47045
47046
47047
47048
47049
47050
47051
47052
47053
47054
47055
47056
47057
47058
47059
47060
47061
47062
47063
47064
47065
47066
47067
47068
47069
47070
47071
47072
47073
47074
47075
47076
47077
47078
47079
47080
47081
47082
47083
47084
47085
47086
47087
47088
47089
47090
47091
47092
47093
47094
47095
47096
47097
47098
47099
47100
47101
47102
47103
47104
47105
47106
47107
47108
47109
47110
47111
47112
47113
47114
47115
47116
47169
47170
47171
47172
47173
47174
47175
47176
47177
47178
47179
47180
47181
47182
47183
47184
47185
47186
47187
47188
47189
47190
47191
47192
47193
47194
47195
47196
47197
47198
47199
47200
47201
47202
47203
47204
47205
47206
47207
47208
47209
47210
47211
47212
47213
47214
47215
47216
47217
47218
47219
47220
47221
47222
47223
47224
47225
47226
47227
47228
47229
47230
47231
47232
47233
47234
47235
47236
47237
47238
47239
47240
47241
47243
47245
47246
47293
47294
47295
47296
47297
47298
47299
47300
47301
47302
47303
47304
47305
47306
47307
47308
47309
47310
47311
47312
47313
47314
47315
47316
47317
47318
47319
47320
47321
47322
47323
47324
47325
47326
47327
47328
47329
47330
47331
47332
47333
47334
47335
47336
47337
47338
47339
47340
47341
47342
47343
47344
47345
47346
47347
47348
47349
47350
47351
47352
47353
47354
47355
47356
47357
47358
47359
47360
47361
47362
47363
47364
47365
47366
47368
47369
47370
47412
47413
47415
47416
47417
47418
47419
47420
47421
47422
47423
47424
47425
47426
47427
47428
47429
47430
47431
47432
47433
47434
47435
47436
47437
47438
47439
47440
47441
47442
47443
47444
47445
47446
47447
47448
47449
47450
47451
47452
47453
47454
47455
47456
47457
47458
47459
47460
47461
47462
47463
47464
47465
47466
47467
47468
47469
47470
47471
47472
47473
47474
47475
47476
47477
47478
47479
47480
47481
47482
47483
47484
47485
47486
47487
47488
47489
47490
47491
47492
47493
47494
47495
47496
47497
47539
47540
47542
47543
47544
47545
47546
47547
47548
47549
47550
47551
47552
47553
47554
47555
47556
47557
47558
47559
47560
47561
47562
47563
47564
47565
47566
47567
47568
47569
47570
47571
47572
47573
47574
47575
47576
47577
47578
47579
47580
47581
47582
47583
47584
47585
47586
47587
47588
47589
47590
47591
47592
47593
47594
47595
47596
47597
47598
47599
47600
47601
47602
47603
47604
47605
47606
47607
47608
47609
47610
47611
47612
47613
47614
47615
47616
47658
47659
47661
47662
47663
47664
47665
47666
47667
47668
47669
47670
47671
47672
47673
47674
47675
47676
47677
47678
47679
47680
47681
47682
47683
47684
47685
47686
47687
47688
47689
47690
47691
47692
47693
47694
47695
47696
47697
47698
47699
47700
47701
47702
47703
47704
47705
47706
47707
47708
47709
47710
47711
47712
47713
47714
47715
47716
47717
47718
47719
47720
47721
47722
47723
47724
47725
47726
47727
47728
47729
47730
47731
47732
47733
47734
47735
47777
47778
47780
47781
47782
47783
47784
47785
47786
47787
47788
47789
47790
47791
47792
47793
47794
47795
47796
47797
47798
47799
47800
47801
47802
47803
47804
47805
47806
47807
47808
47809
47810
47811
47812
47813
47814
47815
47816
47817
47818
47819
47820
47821
47822
47823
47824
47825
47826
47827
47828
47829
47830
47831
47832
47833
47834
47835
47836
47837
47838
47839
47840
47841
47842
47843
47844
47845
47846
47847
47848
47849
47850
47851
47852
47853
47854
47855
47856
47857
47858
47859
47860
47902
47903
47905
47907
47908
47909
47910
47911
47912
47913
47914
47915
47916
47917
47918
47919
47920
47921
47922
47923
47924
47925
47926
47927
47928
47929
47930
47931
47932
47933
47934
47935
47936
47937
47938
47939
47940
47941
47942
47943
47944
47945
47946
47947
47948
47949
47950
47951
47952
47953
47954
47955
47956
47957
47958
47959
47960
47961
47962
47963
47964
47965
47966
47967
47968
47969
47970
47971
47972
47973
47974
47975
47976
47977
47978
47979
47980
47981
47982
47983
48031
48032
48033
48034
48035
48036
48037
48038
48039
48040
48041
48042
48043
48044
48045
48046
48047
48048
48049
48050
48051
48052
48053
48054
48055
48056
48057
48058
48059
48060
48061
48062
48063
48064
48065
48066
48067
48068
48069
48070
48071
48072
48073
48074
48075
48076
48077
48078
48079
48080
48081
48082
48083
48084
48085
48086
48087
48088
48089
48090
48091
48092
48093
48094
48095
48096
48097
48098
48099
48100
48101
48102
48103
48104
48105
48107
48108
48157
48158
48160
48161
48162
48163
48164
48165
48166
48167
48168
48169
48170
48171
48172
48173
48174
48175
48176
48177
48178
48179
48180
48181
48182
48183
48184
48185
48186
48187
48188
48189
48190
48191
48192
48193
48194
48195
48196
48197
48198
48199
48200
48201
48202
48203
48204
48205
48206
48207
48208
48209
48210
48211
48212
48213
48214
48215
48216
48217
48218
48219
48220
48221
48222
48223
48224
48225
48226
48227
48228
48229
48230
48231
48232
48233
48234
48292
48293
48294
48295
48296
48297
48298
48299
48300
48301
48302
48303
48304
48305
48306
48307
48308
48309
48310
48311
48312
48313
48314
48315
48316
48317
48318
48319
48320
48321
48322
48323
48324
48325
48326
48327
48328
48329
48330
48331
48332
48333
48334
48335
48336
48337
48338
48339
48340
48341
48342
48343
48344
48345
48346
48347
48348
48349
48350
48351
48352
48353
48354
48355
48356
48357
48358
48359
48360
48361
48362
48363
48365
48366
48367
48422
48424
48426
48427
48428
48429
48430
48431
48432
48433
48434
48435
48436
48437
48438
48439
48440
48441
48442
48443
48444
48445
48446
48447
48448
48449
48450
48451
48452
48453
48454
48455
48456
48457
48458
48459
48460
48461
48462
48463
48464
48465
48466
48467
48468
48469
48470
48471
48472
48473
48474
48475
48476
48477
48478
48479
48480
48481
48482
48483
48484
48485
48486
48487
48488
48489
48490
48491
48492
48493
48494
48495
48496
48497
48561
48562
48563
48564
48565
48566
48567
48568
48569
48570
48571
48572
48573
48574
48575
48576
48577
48578
48579
48580
48581
48582
48583
48584
48585
48586
48587
48588
48589
48590
48591
48592
48593
48594
48595
48596
48597
48598
48599
48600
48601
48602
48603
48604
48605
48606
48607
48608
48609
48610
48611
48612
48613
48614
48615
48616
48617
48618
48619
48620
48621
48622
48623
48624
48625
48626
48627
48628
48629
48630
48631
48632
48633
48636
48703
48704
48705
48707
48708
48709
48710
48711
48712
48713
48714
48715
48716
48717
48718
48719
48720
48721
48722
48723
48724
48725
48726
48727
48728
48729
48730
48731
48732
48733
48734
48735
48736
48737
48738
48739
48740
48741
48742
48743
48744
48745
48746
48747
48748
48749
48750
48751
48752
48753
48754
48755
48756
48757
48758
48759
48760
48761
48762
48763
48764
48765
48766
48767
48768
48769
48770
48771
48772
48773
48774
48775
48776
48777
48778
48779
48780
48781
48784
48861
48863
48865
48866
48867
48868
48869
48870
48871
48872
48873
48874
48875
48876
48877
48878
48879
48880
48881
48882
48883
48884
48885
48886
48887
48888
48889
48890
48891
48892
48893
48894
48895
48896
48897
48898
48899
48900
48901
48902
48903
48904
48905
48906
48907
48908
48909
48910
48911
48912
48913
48914
48915
48916
48917
48918
48919
48920
48921
48922
48923
48924
48925
48926
48927
48928
48929
48931
48932
49027
49028
49030
49032
49033
49034
49035
49037
49038
49039
49040
49041
49042
49043
49044
49045
49046
49047
49048
49049
49050
49051
49052
49053
49054
49055
49056
49057
49058
49059
49060
49061
49062
49063
49064
49065
49066
49067
49068
49070
50109
50111
50112
50113
50114
50115
50117
50118
50119
50120
50121
50123
50124
50125
50126
50127
50129
50130
50131
50132
50133
50135
50137
50138
50240
50243
50244
50245
50246
50247
50248
50249
50250
50251
50252
50253
50254
50255
50256
50257
50258
50259
50260
50261
50262
50263
50264
50265
50266
50267
50268
50269
50270
50271
50272
50273
50274
50275
50276
50277
50278
50279
50280
50281
50282
50283
50284
50285
50286
50287
50288
50289
50290
50291
50292
50293
50294
50295
50296
50297
50298
50299
50300
50301
50302
50303
50304
50306
50307
50308
50309
50400
50401
50402
50403
50404
50405
50406
50407
50408
50409
50410
50411
50412
50413
50414
50415
50416
50417
50418
50419
50420
50421
50422
50423
50424
50425
50426
50427
50428
50429
50430
50431
50432
50433
50434
50435
50436
50437
50438
50439
50440
50441
50442
50443
50444
50445
50446
50447
50448
50449
50450
50451
50452
50453
50454
50455
50456
50457
50458
50459
50460
50461
50462
50463
50464
50465
50466
50467
50468
50469
50470
50471
50472
50475
50476
50477
50547
50550
50551
50552
50553
50554
50555
50556
50557
50558
50559
50560
50561
50562
50563
50564
50565
50566
50567
50568
50569
50570
50571
50572
50573
50574
50575
50576
50577
50578
50579
50580
50581
50582
50583
50584
50585
50586
50587
50588
50589
50590
50591
50592
50593
50594
50595
50596
50597
50598
50599
50600
50601
50602
50603
50604
50605
50606
50607
50608
50609
50610
50611
50612
50613
50614
50615
50616
50617
50618
50619
50620
50688
50689
50690
50691
50692
50693
50694
50695
50696
50697
50698
50699
50700
50701
50702
50703
50704
50705
50706
50707
50708
50709
50710
50711
50712
50713
50714
50715
50716
50717
50718
50719
50720
50721
50722
50723
50724
50725
50726
50727
50728
50729
50730
50731
50732
50733
50734
50735
50736
50737
50738
50739
50740
50741
50742
50743
50744
50745
50746
50747
50748
50749
50750
50751
50752
50753
50754
50755
50756
50757
50759
50760
50761
50820
50821
50822
50823
50824
50825
50826
50827
50828
50829
50830
50831
50832
50833
50834
50835
50836
50837
50838
50839
50840
50841
50842
50843
50844
50845
50846
50847
50848
50849
50850
50851
50852
50853
50854
50855
50856
50857
50858
50859
50860
50861
50862
50863
50864
50865
50866
50867
50868
50869
50870
50871
50872
50873
50874
50875
50876
50877
50878
50879
50880
50881
50882
50883
50884
50885
50886
50887
50888
50889
50890
50891
50892
50893
50894
50897
50898
50899
50949
50952
50953
50954
50955
50956
50957
50958
50959
50960
50961
50962
50963
50964
50965
50966
50967
50968
50969
50970
50971
50972
50973
50974
50975
50976
50977
50978
50979
50980
50981
50982
50983
50984
50985
50986
50987
50988
50989
50990
50991
50992
50993
50994
50995
50996
50997
50998
50999
51000
51001
51002
51003
51004
51005
51006
51007
51008
51009
51010
51011
51012
51013
51014
51015
51016
51017
51018
51019
51020
51021
51022
51023
51024
51025
51026
51027
51028
51081
51082
51083
51084
51085
51086
51087
51088
51089
51090
51091
51092
51093
51094
51095
51096
51097
51098
51099
51100
51101
51102
51103
51104
51105
51106
51107
51108
51109
51110
51111
51112
51113
51114
51115
51116
51117
51118
51119
51120
51121
51122
51123
51124
51125
51126
51127
51128
51129
51130
51131
51132
51133
51134
51135
51136
51137
51138
51139
51140
51141
51142
51143
51144
51145
51146
51147
51148
51149
51150
51151
51152
51153
51155
51157
51158
51205
51206
51207
51208
51209
51210
51211
51212
51213
51214
51215
51216
51217
51218
51219
51220
51221
51222
51223
51224
51225
51226
51227
51228
51229
51230
51231
51232
51233
51234
51235
51236
51237
51238
51239
51240
51241
51242
51243
51244
51245
51246
51247
51248
51249
51250
51251
51252
51253
51254
51255
51256
51257
51258
51259
51260
51261
51262
51263
51264
51265
51266
51267
51268
51269
51270
51271
51272
51273
51274
51275
51276
51277
51278
51280
51281
51282
51324
51325
51327
51328
51329
51330
51331
51332
51333
51334
51335
51336
51337
51338
51339
51340
51341
51342
51343
51344
51345
51346
51347
51348
51349
51350
51351
51352
51353
51354
51355
51356
51357
51358
51359
51360
51361
51362
51363
51364
51365
51366
51367
51368
51369
51370
51371
51372
51373
51374
51375
51376
51377
51378
51379
51380
51381
51382
51383
51384
51385
51386
51387
51388
51389
51390
51391
51392
51393
51394
51395
51396
51397
51398
51399
51400
51401
51402
51403
51404
51405
51406
51407
51408
51409
51451
51452
51454
51455
51456
51457
51458
51459
51460
51461
51462
51463
51464
51465
51466
51467
51468
51469
51470
51471
51472
51473
51474
51475
51476
51477
51478
51479
51480
51481
51482
51483
51484
51485
51486
51487
51488
51489
51490
51491
51492
51493
51494
51495
51496
51497
51498
51499
51500
51501
51502
51503
51504
51505
51506
51507
51508
51509
51510
51511
51512
51513
51514
51515
51516
51517
51518
51519
51520
51521
51522
51523
51524
51525
51526
51527
51528
51570
51571
51573
51574
51575
51576
51577
51578
51579
51580
51581
51582
51583
51584
51585
51586
51587
51588
51589
51590
51591
51592
51593
51594
51595
51596
51597
51598
51599
51600
51601
51602
51603
51604
51605
51606
51607
51608
51609
51610
51611
51612
51613
51614
51615
51616
51617
51618
51619
51620
51621
51622
51623
51624
51625
51626
51627
51628
51629
51630
51631
51632
51633
51634
51635
51636
51637
51638
51639
51640
51641
51642
51643
51644
51645
51646
51647
51689
51690
51692
51693
51694
51695
51696
51697
51698
51699
51700
51701
51702
51703
51704
51705
51706
51707
51708
51709
51710
51711
51712
51713
51714
51715
51716
51717
51718
51719
51720
51721
51722
51723
51724
51725
51726
51727
51728
51729
51730
51731
51732
51733
51734
51735
51736
51737
51738
51739
51740
51741
51742
51743
51744
51745
51746
51747
51748
51749
51750
51751
51752
51753
51754
51755
51756
51757
51758
51759
51760
51761
51762
51763
51764
51765
51766
51767
51768
51769
51770
51771
51772
51814
51815
51817
51819
51820
51821
51822
51823
51824
51825
51826
51827
51828
51829
51830
51831
51832
51833
51834
51835
51836
51837
51838
51839
51840
51841
51842
51843
51844
51845
51846
51847
51848
51849
51850
51851
51852
51853
51854
51855
51856
51857
51858
51859
51860
51861
51862
51863
51864
51865
51866
51867
51868
51869
51870
51871
51872
51873
51874
51875
51876
51877
51878
51879
51880
51881
51882
51883
51884
51885
51886
51887
51888
51889
51890
51891
51892
51893
51894
51895
51943
51944
51945
51946
51947
51948
51949
51950
51951
51952
51953
51954
51955
51956
51957
51958
51959
51960
51961
51962
51963
51964
51965
51966
51967
51968
51969
51970
51971
51972
51973
51974
51975
51976
51977
51978
51979
51980
51981
51982
51983
51984
51985
51986
51987
51988
51989
51990
51991
51992
51993
51994
51995
51996
51997
51998
51999
52000
52001
52002
52003
52004
52005
52006
52007
52008
52009
52010
52011
52012
52013
52014
52015
52016
52017
52019
52020
52069
52070
52072
52073
52074
52075
52076
52077
52078
52079
52080
52081
52082
52083
52084
52085
52086
52087
52088
52089
52090
52091
52092
52093
52094
52095
52096
52097
52098
52099
52100
52101
52102
52103
52104
52105
52106
52107
52108
52109
52110
52111
52112
52113
52114
52115
52116
52117
52118
52119
52120
52121
52122
52123
52124
52125
52126
52127
52128
52129
52130
52131
52132
52133
52134
52135
52136
52137
52138
52139
52140
52141
52142
52143
52144
52145
52146
52204
52205
52206
52207
52208
52209
52210
52211
52212
52213
52214
52215
52216
52217
52218
52219
52220
52221
52222
52223
52224
52225
52226
52227
52228
52229
52230
52231
52232
52233
52234
52235
52236
52237
52238
52239
52240
52241
52242
52243
52244
52245
52246
52247
52248
52249
52250
52251
52252
52253
52254
52255
52256
52257
52258
52259
52260
52261
52262
52263
52264
52265
52266
52267
52268
52269
52270
52271
52272
52273
52274
52275
52277
52278
52279
52334
52336
52338
52339
52340
52341
52342
52343
52344
52345
52346
52347
52348
52349
52350
52351
52352
52353
52354
52355
52356
52357
52358
52359
52360
52361
52362
52363
52364
52365
52366
52367
52368
52369
52370
52371
52372
52373
52374
52375
52376
52377
52378
52379
52380
52381
52382
52383
52384
52385
52386
52387
52388
52389
52390
52391
52392
52393
52394
52395
52396
52397
52398
52399
52400
52401
52402
52403
52404
52405
52406
52407
52408
52409
52473
52474
52475
52476
52477
52478
52479
52480
52481
52482
52483
52484
52485
52486
52487
52488
52489
52490
52491
52492
52493
52494
52495
52496
52497
52498
52499
52500
52501
52502
52503
52504
52505
52506
52507
52508
52509
52510
52511
52512
52513
52514
52515
52516
52517
52518
52519
52520
52521
52522
52523
52524
52525
52526
52527
52528
52529
52530
52531
52532
52533
52534
52535
52536
52537
52538
52539
52540
52541
52542
52543
52544
52545
52548
52615
52616
52617
52619
52620
52621
52622
52623
52624
52625
52626
52627
52628
52629
52630
52631
52632
52633
52634
52635
52636
52637
52638
52639
52640
52641
52642
52643
52644
52645
52646
52647
52648
52649
52650
52651
52652
52653
52654
52655
52656
52657
52658
52659
52660
52661
52662
52663
52664
52665
52666
52667
52668
52669
52670
52671
52672
52673
52674
52675
52676
52677
52678
52679
52680
52681
52682
52683
52684
52685
52686
52687
52688
52689
52690
52691
52692
52693
52696
52773
52775
52777
52778
52779
52780
52781
52782
52783
52784
52785
52786
52787
52788
52789
52790
52791
52792
52793
52794
52795
52796
52797
52798
52799
52800
52801
52802
52803
52804
52805
52806
52807
52808
52809
52810
52811
52812
52813
52814
52815
52816
52817
52818
52819
52820
52821
52822
52823
52824
52825
52826
52827
52828
52829
52830
52831
52832
52833
52834
52835
52836
52837
52838
52839
52840
52841
52843
52844
52939
52940
52942
52944
52945
52946
52947
52949
52950
52951
52952
52953
52954
52955
52956
52957
52958
52959
52960
52961
52962
52963
52964
52965
52966
52967
52968
52969
52970
52971
52972
52973
52974
52975
52976
52977
52978
52979
52980
52982
54021
54023
54024
54025
54026
54027
54029
54030
54031
54032
54033
54035
54036
54037
54038
54039
54041
54042
54043
54044
54045
54047
54049
54050
54152
54155
54156
54157
54158
54159
54160
54161
54162
54163
54164
54165
54166
54167
54168
54169
54170
54171
54172
54173
54174
54175
54176
54177
54178
54179
54180
54181
54182
54183
54184
54185
54186
54187
54188
54189
54190
54191
54192
54193
54194
54195
54196
54197
54198
54199
54200
54201
54202
54203
54204
54205
54206
54207
54208
54209
54210
54211
54212
54213
54214
54215
54216
54218
54219
54220
54221
54312
54313
54314
54315
54316
54317
54318
54319
54320
54321
54322
54323
54324
54325
54326
54327
54328
54329
54330
54331
54332
54333
54334
54335
54336
54337
54338
54339
54340
54341
54342
54343
54344
54345
54346
54347
54348
54349
54350
54351
54352
54353
54354
54355
54356
54357
54358
54359
54360
54361
54362
54363
54364
54365
54366
54367
54368
54369
54370
54371
54372
54373
54374
54375
54376
54377
54378
54379
54380
54381
54382
54383
54384
54387
54388
54389
54459
54462
54463
54464
54465
54466
54467
54468
54469
54470
54471
54472
54473
54474
54475
54476
54477
54478
54479
54480
54481
54482
54483
54484
54485
54486
54487
54488
54489
54490
54491
54492
54493
54494
54495
54496
54497
54498
54499
54500
54501
54502
54503
54504
54505
54506
54507
54508
54509
54510
54511
54512
54513
54514
54515
54516
54517
54518
54519
54520
54521
54522
54523
54524
54525
54526
54527
54528
54529
54530
54531
54532
54600
54601
54602
54603
54604
54605
54606
54607
54608
54609
54610
54611
54612
54613
54614
54615
54616
54617
54618
54619
54620
54621
54622
54623
54624
54625
54626
54627
54628
54629
54630
54631
54632
54633
54634
54635
54636
54637
54638
54639
54640
54641
54642
54643
54644
54645
54646
54647
54648
54649
54650
54651
54652
54653
54654
54655
54656
54657
54658
54659
54660
54661
54662
54663
54664
54665
54666
54667
54668
54669
54671
54672
54673
54732
54733
54734
54735
54736
54737
54738
54739
54740
54741
54742
54743
54744
54745
54746
54747
54748
54749
54750
54751
54752
54753
54754
54755
54756
54757
54758
54759
54760
54761
54762
54763
54764
54765
54766
54767
54768
54769
54770
54771
54772
54773
54774
54775
54776
54777
54778
54779
54780
54781
54782
54783
54784
54785
54786
54787
54788
54789
54790
54791
54792
54793
54794
54795
54796
54797
54798
54799
54800
54801
54802
54803
54804
54805
54806
54809
54810
54811
54861
54864
54865
54866
54867
54868
54869
54870
54871
54872
54873
54874
54875
54876
54877
54878
54879
54880
54881
54882
54883
54884
54885
54886
54887
54888
54889
54890
54891
54892
54893
54894
54895
54896
54897
54898
54899
54900
54901
54902
54903
54904
54905
54906
54907
54908
54909
54910
54911
54912
54913
54914
54915
54916
54917
54918
54919
54920
54921
54922
54923
54924
54925
54926
54927
54928
54929
54930
54931
54932
54933
54934
54935
54936
54937
54938
54939
54940
54993
54994
54995
54996
54997
54998
54999
55000
55001
55002
55003
55004
55005
55006
55007
55008
55009
55010
55011
55012
55013
55014
55015
55016
55017
55018
55019
55020
55021
55022
55023
55024
55025
55026
55027
55028
55029
55030
55031
55032
55033
55034
55035
55036
55037
55038
55039
55040
55041
55042
55043
55044
55045
55046
55047
55048
55049
55050
55051
55052
55053
55054
55055
55056
55057
55058
55059
55060
55061
55062
55063
55064
55065
55067
55069
55070
55117
55118
55119
55120
55121
55122
55123
55124
55125
55126
55127
55128
55129
55130
55131
55132
55133
55134
55135
55136
55137
55138
55139
55140
55141
55142
55143
55144
55145
55146
55147
55148
55149
55150
55151
55152
55153
55154
55155
55156
55157
55158
55159
55160
55161
55162
55163
55164
55165
55166
55167
55168
55169
55170
55171
55172
55173
55174
55175
55176
55177
55178
55179
55180
55181
55182
55183
55184
55185
55186
55187
55188
55189
55190
55192
55193
55194
55236
55237
55239
55240
55241
55242
55243
55244
55245
55246
55247
55248
55249
55250
55251
55252
55253
55254
55255
55256
55257
55258
55259
55260
55261
55262
55263
55264
55265
55266
55267
55268
55269
55270
55271
55272
55273
55274
55275
55276
55277
55278
55279
55280
55281
55282
55283
55284
55285
55286
55287
55288
55289
55290
55291
55292
55293
55294
55295
55296
55297
55298
55299
55300
55301
55302
55303
55304
55305
55306
55307
55308
55309
55310
55311
55312
55313
55314
55315
55316
55317
55318
55319
55320
55321
55363
55364
55366
55367
55368
55369
55370
55371
55372
55373
55374
55375
55376
55377
55378
55379
55380
55381
55382
55383
55384
55385
55386
55387
55388
55389
55390
55391
55392
55393
55394
55395
55396
55397
55398
55399
55400
55401
55402
55403
55404
55405
55406
55407
55408
55409
55410
55411
55412
55413
55414
55415
55416
55417
55418
55419
55420
55421
55422
55423
55424
55425
55426
55427
55428
55429
55430
55431
55432
55433
55434
55435
55436
55437
55438
55439
55440
55482
55483
55485
55486
55487
55488
55489
55490
55491
55492
55493
55494
55495
55496
55497
55498
55499
55500
55501
55502
55503
55504
55505
55506
55507
55508
55509
55510
55511
55512
55513
55514
55515
55516
55517
55518
55519
55520
55521
55522
55523
55524
55525
55526
55527
55528
55529
55530
55531
55532
55533
55534
55535
55536
55537
55538
55539
55540
55541
55542
55543
55544
55545
55546
55547
55548
55549
55550
55551
55552
55553
55554
55555
55556
55557
55558
55559
55601
55602
55604
55605
55606
55607
55608
55609
55610
55611
55612
55613
55614
55615
55616
55617
55618
55619
55620
55621
55622
55623
55624
55625
55626
55627
55628
55629
55630
55631
55632
55633
55634
55635
55636
55637
55638
55639
55640
55641
55642
55643
55644
55645
55646
55647
55648
55649
55650
55651
55652
55653
55654
55655
55656
55657
55658
55659
55660
55661
55662
55663
55664
55665
55666
55667
55668
55669
55670
55671
55672
55673
55674
55675
55676
55677
55678
55679
55680
55681
55682
55683
55684
55726
55727
55729
55731
55732
55733
55734
55735
55736
55737
55738
55739
55740
55741
55742
55743
55744
55745
55746
55747
55748
55749
55750
55751
55752
55753
55754
55755
55756
55757
55758
55759
55760
55761
55762
55763
55764
55765
55766
55767
55768
55769
55770
55771
55772
55773
55774
55775
55776
55777
55778
55779
55780
55781
55782
55783
55784
55785
55786
55787
55788
55789
55790
55791
55792
55793
55794
55795
55796
55797
55798
55799
55800
55801
55802
55803
55804
55805
55806
55807
55855
55856
55857
55858
55859
55860
55861
55862
55863
55864
55865
55866
55867
55868
55869
55870
55871
55872
55873
55874
55875
55876
55877
55878
55879
55880
55881
55882
55883
55884
55885
55886
55887
55888
55889
55890
55891
55892
55893
55894
55895
55896
55897
55898
55899
55900
55901
55902
55903
55904
55905
55906
55907
55908
55909
55910
55911
55912
55913
55914
55915
55916
55917
55918
55919
55920
55921
55922
55923
55924
55925
55926
55927
55928
55929
55931
55932
55981
55982
55984
55985
55986
55987
55988
55989
55990
55991
55992
55993
55994
55995
55996
55997
55998
55999
56000
56001
56002
56003
56004
56005
56006
56007
56008
56009
56010
56011
56012
56013
56014
56015
56016
56017
56018
56019
56020
56021
56022
56023
56024
56025
56026
56027
56028
56029
56030
56031
56032
56033
56034
56035
56036
56037
56038
56039
56040
56041
56042
56043
56044
56045
56046
56047
56048
56049
56050
56051
56052
56053
56054
56055
56056
56057
56058
56116
56117
56118
56119
56120
56121
56122
56123
56124
56125
56126
56127
56128
56129
56130
56131
56132
56133
56134
56135
56136
56137
56138
56139
56140
56141
56142
56143
56144
56145
56146
56147
56148
56149
56150
56151
56152
56153
56154
56155
56156
56157
56158
56159
56160
56161
56162
56163
56164
56165
56166
56167
56168
56169
56170
56171
56172
56173
56174
56175
56176
56177
56178
56179
56180
56181
56182
56183
56184
56185
56186
56187
56189
56190
56191
56246
56248
56250
56251
56252
56253
56254
56255
56256
56257
56258
56259
56260
56261
56262
56263
56264
56265
56266
56267
56268
56269
56270
56271
56272
56273
56274
56275
56276
56277
56278
56279
56280
56281
56282
56283
56284
56285
56286
56287
56288
56289
56290
56291
56292
56293
56294
56295
56296
56297
56298
56299
56300
56301
56302
56303
56304
56305
56306
56307
56308
56309
56310
56311
56312
56313
56314
56315
56316
56317
56318
56319
56320
56321
56385
56386
56387
56388
56389
56390
56391
56392
56393
56394
56395
56396
56397
56398
56399
56400
56401
56402
56403
56404
56405
56406
56407
56408
56409
56410
56411
56412
56413
56414
56415
56416
56417
56418
56419
56420
56421
56422
56423
56424
56425
56426
56427
56428
56429
56430
56431
56432
56433
56434
56435
56436
56437
56438
56439
56440
56441
56442
56443
56444
56445
56446
56447
56448
56449
56450
56451
56452
56453
56454
56455
56456
56457
56460
56527
56528
56529
56531
56532
56533
56534
56535
56536
56537
56538
56539
56540
56541
56542
56543
56544
56545
56546
56547
56548
56549
56550
56551
56552
56553
56554
56555
56556
56557
56558
56559
56560
56561
56562
56563
56564
56565
56566
56567
56568
56569
56570
56571
56572
56573
56574
56575
56576
56577
56578
56579
56580
56581
56582
56583
56584
56585
56586
56587
56588
56589
56590
56591
56592
56593
56594
56595
56596
56597
56598
56599
56600
56601
56602
56603
56604
56605
56608
56685
56687
56689
56690
56691
56692
56693
56694
56695
56696
56697
56698
56699
56700
56701
56702
56703
56704
56705
56706
56707
56708
56709
56710
56711
56712
56713
56714
56715
56716
56717
56718
56719
56720
56721
56722
56723
56724
56725
56726
56727
56728
56729
56730
56731
56732
56733
56734
56735
56736
56737
56738
56739
56740
56741
56742
56743
56744
56745
56746
56747
56748
56749
56750
56751
56752
56753
56755
56756
56851
56852
56854
56856
56857
56858
56859
56861
56862
56863
56864
56865
56866
56867
56868
56869
56870
56871
56872
56873
56874
56875
56876
56877
56878
56879
56880
56881
56882
56883
56884
56885
56886
56887
56888
56889
56890
56891
56892
56894
57933
57935
57936
57937
57938
57939
57941
57942
57943
57944
57945
57947
57948
57949
57950
57951
57953
57954
57955
57956
57957
57959
57961
57962
58064
58067
58068
58069
58070
58071
58072
58073
58074
58075
58076
58077
58078
58079
58080
58081
58082
58083
58084
58085
58086
58087
58088
58089
58090
58091
58092
58093
58094
58095
58096
58097
58098
58099
58100
58101
58102
58103
58104
58105
58106
58107
58108
58109
58110
58111
58112
58113
58114
58115
58116
58117
58118
58119
58120
58121
58122
58123
58124
58125
58126
58127
58128
58130
58131
58132
58133
58224
58225
58226
58227
58228
58229
58230
58231
58232
58233
58234
58235
58236
58237
58238
58239
58240
58241
58242
58243
58244
58245
58246
58247
58248
58249
58250
58251
58252
58253
58254
58255
58256
58257
58258
58259
58260
58261
58262
58263
58264
58265
58266
58267
58268
58269
58270
58271
58272
58273
58274
58275
58276
58277
58278
58279
58280
58281
58282
58283
58284
58285
58286
58287
58288
58289
58290
58291
58292
58293
58294
58295
58296
58299
58300
58301
58371
58374
58375
58376
58377
58378
58379
58380
58381
58382
58383
58384
58385
58386
58387
58388
58389
58390
58391
58392
58393
58394
58395
58396
58397
58398
58399
58400
58401
58402
58403
58404
58405
58406
58407
58408
58409
58410
58411
58412
58413
58414
58415
58416
58417
58418
58419
58420
58421
58422
58423
58424
58425
58426
58427
58428
58429
58430
58431
58432
58433
58434
58435
58436
58437
58438
58439
58440
58441
58442
58443
58444
58512
58513
58514
58515
58516
58517
58518
58519
58520
58521
58522
58523
58524
58525
58526
58527
58528
58529
58530
58531
58532
58533
58534
58535
58536
58537
58538
58539
58540
58541
58542
58543
58544
58545
58546
58547
58548
58549
58550
58551
58552
58553
58554
58555
58556
58557
58558
58559
58560
58561
58562
58563
58564
58565
58566
58567
58568
58569
58570
58571
58572
58573
58574
58575
58576
58577
58578
58579
58580
58581
58583
58584
58585
58644
58645
58646
58647
58648
58649
58650
58651
58652
58653
58654
58655
58656
58657
58658
58659
58660
58661
58662
58663
58664
58665
58666
58667
58668
58669
58670
58671
58672
58673
58674
58675
58676
58677
58678
58679
58680
58681
58682
58683
58684
58685
58686
58687
58688
58689
58690
58691
58692
58693
58694
58695
58696
58697
58698
58699
58700
58701
58702
58703
58704
58705
58706
58707
58708
58709
58710
58711
58712
58713
58714
58715
58716
58717
58718
58721
58722
58723
58773
58776
58777
58778
58779
58780
58781
58782
58783
58784
58785
58786
58787
58788
58789
58790
58791
58792
58793
58794
58795
58796
58797
58798
58799
58800
58801
58802
58803
58804
58805
58806
58807
58808
58809
58810
58811
58812
58813
58814
58815
58816
58817
58818
58819
58820
58821
58822
58823
58824
58825
58826
58827
58828
58829
58830
58831
58832
58833
58834
58835
58836
58837
58838
58839
58840
58841
58842
58843
58844
58845
58846
58847
58848
58849
58850
58851
58852
58905
58906
58907
58908
58909
58910
58911
58912
58913
58914
58915
58916
58917
58918
58919
58920
58921
58922
58923
58924
58925
58926
58927
58928
58929
58930
58931
58932
58933
58934
58935
58936
58937
58938
58939
58940
58941
58942
58943
58944
58945
58946
58947
58948
58949
58950
58951
58952
58953
58954
58955
58956
58957
58958
58959
58960
58961
58962
58963
58964
58965
58966
58967
58968
58969
58970
58971
58972
58973
58974
58975
58976
58977
58979
58981
58982
59029
59030
59031
59032
59033
59034
59035
59036
59037
59038
59039
59040
59041
59042
59043
59044
59045
59046
59047
59048
59049
59050
59051
59052
59053
59054
59055
59056
59057
59058
59059
59060
59061
59062
59063
59064
59065
59066
59067
59068
59069
59070
59071
59072
59073
59074
59075
59076
59077
59078
59079
59080
59081
59082
59083
59084
59085
59086
59087
59088
59089
59090
59091
59092
59093
59094
59095
59096
59097
59098
59099
59100
59101
59102
59104
59105
59106
59148
59149
59151
59152
59153
59154
59155
59156
59157
59158
59159
59160
59161
59162
59163
59164
59165
59166
59167
59168
59169
59170
59171
59172
59173
59174
59175
59176
59177
59178
59179
59180
59181
59182
59183
59184
59185
59186
59187
59188
59189
59190
59191
59192
59193
59194
59195
59196
59197
59198
59199
59200
59201
59202
59203
59204
59205
59206
59207
59208
59209
59210
59211
59212
59213
59214
59215
59216
59217
59218
59219
59220
59221
59222
59223
59224
59225
59226
59227
59228
59229
59230
59231
59232
59233
59275
59276
59278
59279
59280
59281
59282
59283
59284
59285
59286
59287
59288
59289
59290
59291
59292
59293
59294
59295
59296
59297
59298
59299
59300
59301
59302
59303
59304
59305
59306
59307
59308
59309
59310
59311
59312
59313
59314
59315
59316
59317
59318
59319
59320
59321
59322
59323
59324
59325
59326
59327
59328
59329
59330
59331
59332
59333
59334
59335
59336
59337
59338
59339
59340
59341
59342
59343
59344
59345
59346
59347
59348
59349
59350
59351
59352
59394
59395
59397
59398
59399
59400
59401
59402
59403
59404
59405
59406
59407
59408
59409
59410
59411
59412
59413
59414
59415
59416
59417
59418
59419
59420
59421
59422
59423
59424
59425
59426
59427
59428
59429
59430
59431
59432
59433
59434
59435
59436
59437
59438
59439
59440
59441
59442
59443
59444
59445
59446
59447
59448
59449
59450
59451
59452
59453
59454
59455
59456
59457
59458
59459
59460
59461
59462
59463
59464
59465
59466
59467
59468
59469
59470
59471
59513
59514
59516
59517
59518
59519
59520
59521
59522
59523
59524
59525
59526
59527
59528
59529
59530
59531
59532
59533
59534
59535
59536
59537
59538
59539
59540
59541
59542
59543
59544
59545
59546
59547
59548
59549
59550
59551
59552
59553
59554
59555
59556
59557
59558
59559
59560
59561
59562
59563
59564
59565
59566
59567
59568
59569
59570
59571
59572
59573
59574
59575
59576
59577
59578
59579
59580
59581
59582
59583
59584
59585
59586
59587
59588
59589
59590
59591
59592
59593
59594
59595
59596
59638
59639
59641
59643
59644
59645
59646
59647
59648
59649
59650
59651
59652
59653
59654
59655
59656
59657
59658
59659
59660
59661
59662
59663
59664
59665
59666
59667
59668
59669
59670
59671
59672
59673
59674
59675
59676
59677
59678
59679
59680
59681
59682
59683
59684
59685
59686
59687
59688
59689
59690
59691
59692
59693
59694
59695
59696
59697
59698
59699
59700
59701
59702
59703
59704
59705
59706
59707
59708
59709
59710
59711
59712
59713
59714
59715
59716
59717
59718
59719
59767
59768
59769
59770
59771
59772
59773
59774
59775
59776
59777
59778
59779
59780
59781
59782
59783
59784
59785
59786
59787
59788
59789
59790
59791
59792
59793
59794
59795
59796
59797
59798
59799
59800
59801
59802
59803
59804
59805
59806
59807
59808
59809
59810
59811
59812
59813
59814
59815
59816
59817
59818
59819
59820
59821
59822
59823
59824
59825
59826
59827
59828
59829
59830
59831
59832
59833
59834
59835
59836
59837
59838
59839
59840
59841
59843
59844
59893
59894
59896
59897
59898
59899
59900
59901
59902
59903
59904
59905
59906
59907
59908
59909
59910
59911
59912
59913
59914
59915
59916
59917
59918
59919
59920
59921
59922
59923
59924
59925
59926
59927
59928
59929
59930
59931
59932
59933
59934
59935
59936
59937
59938
59939
59940
59941
59942
59943
59944
59945
59946
59947
59948
59949
59950
59951
59952
59953
59954
59955
59956
59957
59958
59959
59960
59961
59962
59963
59964
59965
59966
59967
59968
59969
59970
60028
60029
60030
60031
60032
60033
60034
60035
60036
60037
60038
60039
60040
60041
60042
60043
60044
60045
60046
60047
60048
60049
60050
60051
60052
60053
60054
60055
60056
60057
60058
60059
60060
60061
60062
60063
60064
60065
60066
60067
60068
60069
60070
60071
60072
60073
60074
60075
60076
60077
60078
60079
60080
60081
60082
60083
60084
60085
60086
60087
60088
60089
60090
60091
60092
60093
60094
60095
60096
60097
60098
60099
60101
60102
60103
60158
60160
60162
60163
60164
60165
60166
60167
60168
60169
60170
60171
60172
60173
60174
60175
60176
60177
60178
60179
60180
60181
60182
60183
60184
60185
60186
60187
60188
60189
60190
60191
60192
60193
60194
60195
60196
60197
60198
60199
60200
60201
60202
60203
60204
60205
60206
60207
60208
60209
60210
60211
60212
60213
60214
60215
60216
60217
60218
60219
60220
60221
60222
60223
60224
60225
60226
60227
60228
60229
60230
60231
60232
60233
60297
60298
60299
60300
60301
60302
60303
60304
60305
60306
60307
60308
60309
60310
60311
60312
60313
60314
60315
60316
60317
60318
60319
60320
60321
60322
60323
60324
60325
60326
60327
60328
60329
60330
60331
60332
60333
60334
60335
60336
60337
60338
60339
60340
60341
60342
60343
60344
60345
60346
60347
60348
60349
60350
60351
60352
60353
60354
60355
60356
60357
60358
60359
60360
60361
60362
60363
60364
60365
60366
60367
60368
60369
60372
60439
60440
60441
60443
60444
60445
60446
60447
60448
60449
60450
60451
60452
60453
60454
60455
60456
60457
60458
60459
60460
60461
60462
60463
60464
60465
60466
60467
60468
60469
60470
60471
60472
60473
60474
60475
60476
60477
60478
60479
60480
60481
60482
60483
60484
60485
60486
60487
60488
60489
60490
60491
60492
60493
60494
60495
60496
60497
60498
60499
60500
60501
60502
60503
60504
60505
60506
60507
60508
60509
60510
60511
60512
60513
60514
60515
60516
60517
60520
60597
60599
60601
60602
60603
60604
60605
60606
60607
60608
60609
60610
60611
60612
60613
60614
60615
60616
60617
60618
60619
60620
60621
60622
60623
60624
60625
60626
60627
60628
60629
60630
60631
60632
60633
60634
60635
60636
60637
60638
60639
60640
60641
60642
60643
60644
60645
60646
60647
60648
60649
60650
60651
60652
60653
60654
60655
60656
60657
60658
60659
60660
60661
60662
60663
60664
60665
60667
60668
60763
60764
60766
60768
60769
60770
60771
60773
60774
60775
60776
60777
60778
60779
60780
60781
60782
60783
60784
60785
60786
60787
60788
60789
60790
60791
60792
60793
60794
60795
60796
60797
60798
60799
60800
60801
60802
60803
60804
60806
61845
61847
61848
61849
61850
61851
61853
61854
61855
61856
61857
61859
61860
61861
61862
61863
61865
61866
61867
61868
61869
61871
61873
61874
61976
61979
61980
61981
61982
61983
61984
61985
61986
61987
61988
61989
61990
61991
61992
61993
61994
61995
61996
61997
61998
61999
62000
62001
62002
62003
62004
62005
62006
62007
62008
62009
62010
62011
62012
62013
62014
62015
62016
62017
62018
62019
62020
62021
62022
62023
62024
62025
62026
62027
62028
62029
62030
62031
62032
62033
62034
62035
62036
62037
62038
62039
62040
62042
62043
62044
62045
62136
62137
62138
62139
62140
62141
62142
62143
62144
62145
62146
62147
62148
62149
62150
62151
62152
62153
62154
62155
62156
62157
62158
62159
62160
62161
62162
62163
62164
62165
62166
62167
62168
62169
62170
62171
62172
62173
62174
62175
62176
62177
62178
62179
62180
62181
62182
62183
62184
62185
62186
62187
62188
62189
62190
62191
62192
62193
62194
62195
62196
62197
62198
62199
62200
62201
62202
62203
62204
62205
62206
62207
62208
62211
62212
62213
62283
62286
62287
62288
62289
62290
62291
62292
62293
62294
62295
62296
62297
62298
62299
62300
62301
62302
62303
62304
62305
62306
62307
62308
62309
62310
62311
62312
62313
62314
62315
62316
62317
62318
62319
62320
62321
62322
62323
62324
62325
62326
62327
62328
62329
62330
62331
62332
62333
62334
62335
62336
62337
62338
62339
62340
62341
62342
62343
62344
62345
62346
62347
62348
62349
62350
62351
62352
62353
62354
62355
62356
62424
62425
62426
62427
62428
62429
62430
62431
62432
62433
62434
62435
62436
62437
62438
62439
62440
62441
62442
62443
62444
62445
62446
62447
62448
62449
62450
62451
62452
62453
62454
62455
62456
62457
62458
62459
62460
62461
62462
62463
62464
62465
62466
62467
62468
62469
62470
62471
62472
62473
62474
62475
62476
62477
62478
62479
62480
62481
62482
62483
62484
62485
62486
62487
62488
62489
62490
62491
62492
62493
62495
62496
62497
62556
62557
62558
62559
62560
62561
62562
62563
62564
62565
62566
62567
62568
62569
62570
62571
62572
62573
62574
62575
62576
62577
62578
62579
62580
62581
62582
62583
62584
62585
62586
62587
62588
62589
62590
62591
62592
62593
62594
62595
62596
62597
62598
62599
62600
62601
62602
62603
62604
62605
62606
62607
62608
62609
62610
62611
62612
62613
62614
62615
62616
62617
62618
62619
62620
62621
62622
62623
62624
62625
62626
62627
62628
62629
62630
62633
62634
62635
62685
62688
62689
62690
62691
62692
62693
62694
62695
62696
62697
62698
62699
62700
62701
62702
62703
62704
62705
62706
62707
62708
62709
62710
62711
62712
62713
62714
62715
62716
62717
62718
62719
62720
62721
62722
62723
62724
62725
62726
62727
62728
62729
62730
62731
62732
62733
62734
62735
62736
62737
62738
62739
62740
62741
62742
62743
62744
62745
62746
62747
62748
62749
62750
62751
62752
62753
62754
62755
62756
62757
62758
62759
62760
62761
62762
62763
62764
62817
62818
62819
62820
62821
62822
62823
62824
62825
62826
62827
62828
62829
62830
62831
62832
62833
62834
62835
62836
62837
62838
62839
62840
62841
62842
62843
62844
62845
62846
62847
62848
62849
62850
62851
62852
62853
62854
62855
62856
62857
62858
62859
62860
62861
62862
62863
62864
62865
62866
62867
62868
62869
62870
62871
62872
62873
62874
62875
62876
62877
62878
62879
62880
62881
62882
62883
62884
62885
62886
62887
62888
62889
62891
62893
62894
62941
62942
62943
62944
62945
62946
62947
62948
62949
62950
62951
62952
62953
62954
62955
62956
62957
62958
62959
62960
62961
62962
62963
62964
62965
62966
62967
62968
62969
62970
62971
62972
62973
62974
62975
62976
62977
62978
62979
62980
62981
62982
62983
62984
62985
62986
62987
62988
62989
62990
62991
62992
62993
62994
62995
62996
62997
62998
62999
63000
63001
63002
63003
63004
63005
63006
63007
63008
63009
63010
63011
63012
63013
63014
63016
63017
63018
63060
63061
63063
63064
63065
63066
63067
63068
63069
63070
63071
63072
63073
63074
63075
63076
63077
63078
63079
63080
63081
63082
63083
63084
63085
63086
63087
63088
63089
63090
63091
63092
63093
63094
63095
63096
63097
63098
63099
63100
63101
63102
63103
63104
63105
63106
63107
63108
63109
63110
63111
63112
63113
63114
63115
63116
63117
63118
63119
63120
63121
63122
63123
63124
63125
63126
63127
63128
63129
63130
63131
63132
63133
63134
63135
63136
63137
63138
63139
63140
63141
63142
63143
63144
63145
63187
63188
63190
63191
63192
63193
63194
63195
63196
63197
63198
63199
63200
63201
63202
63203
63204
63205
63206
63207
63208
63209
63210
63211
63212
63213
63214
63215
63216
63217
63218
63219
63220
63221
63222
63223
63224
63225
63226
63227
63228
63229
63230
63231
63232
63233
63234
63235
63236
63237
63238
63239
63240
63241
63242
63243
63244
63245
63246
63247
63248
63249
63250
63251
63252
63253
63254
63255
63256
63257
63258
63259
63260
63261
63262
63263
63264
63306
63307
63309
63310
63311
63312
63313
63314
63315
63316
63317
63318
63319
63320
63321
63322
63323
63324
63325
63326
63327
63328
63329
63330
63331
63332
63333
63334
63335
63336
63337
63338
63339
63340
63341
63342
63343
63344
63345
63346
63347
63348
63349
63350
63351
63352
63353
63354
63355
63356
63357
63358
63359
63360
63361
63362
63363
63364
63365
63366
63367
63368
63369
63370
63371
63372
63373
63374
63375
63376
63377
63378
63379
63380
63381
63382
63383
63425
63426
63428
63429
63430
63431
63432
63433
63434
63435
63436
63437
63438
63439
63440
63441
63442
63443
63444
63445
63446
63447
63448
63449
63450
63451
63452
63453
63454
63455
63456
63457
63458
63459
63460
63461
63462
63463
63464
63465
63466
63467
63468
63469
63470
63471
63472
63473
63474
63475
63476
63477
63478
63479
63480
63481
63482
63483
63484
63485
63486
63487
63488
63489
63490
63491
63492
63493
63494
63495
63496
63497
63498
63499
63500
63501
63502
63503
63504
63505
63506
63507
63508
63550
63551
63553
63555
63556
63557
63558
63559
63560
63561
63562
63563
63564
63565
63566
63567
63568
63569
63570
63571
63572
63573
63574
63575
63576
63577
63578
63579
63580
63581
63582
63583
63584
63585
63586
63587
63588
63589
63590
63591
63592
63593
63594
63595
63596
63597
63598
63599
63600
63601
63602
63603
63604
63605
63606
63607
63608
63609
63610
63611
63612
63613
63614
63615
63616
63617
63618
63619
63620
63621
63622
63623
63624
63625
63626
63627
63628
63629
63630
63631
63679
63680
63681
63682
63683
63684
63685
63686
63687
63688
63689
63690
63691
63692
63693
63694
63695
63696
63697
63698
63699
63700
63701
63702
63703
63704
63705
63706
63707
63708
63709
63710
63711
63712
63713
63714
63715
63716
63717
63718
63719
63720
63721
63722
63723
63724
63725
63726
63727
63728
63729
63730
63731
63732
63733
63734
63735
63736
63737
63738
63739
63740
63741
63742
63743
63744
63745
63746
63747
63748
63749
63750
63751
63752
63753
63755
63756
63805
63806
63808
63809
63810
63811
63812
63813
63814
63815
63816
63817
63818
63819
63820
63821
63822
63823
63824
63825
63826
63827
63828
63829
63830
63831
63832
63833
63834
63835
63836
63837
63838
63839
63840
63841
63842
63843
63844
63845
63846
63847
63848
63849
63850
63851
63852
63853
63854
63855
63856
63857
63858
63859
63860
63861
63862
63863
63864
63865
63866
63867
63868
63869
63870
63871
63872
63873
63874
63875
63876
63877
63878
63879
63880
63881
63882
63940
63941
63942
63943
63944
63945
63946
63947
63948
63949
63950
63951
63952
63953
63954
63955
63956
63957
63958
63959
63960
63961
63962
63963
63964
63965
63966
63967
63968
63969
63970
63971
63972
63973
63974
63975
63976
63977
63978
63979
63980
63981
63982
63983
63984
63985
63986
63987
63988
63989
63990
63991
63992
63993
63994
63995
63996
63997
63998
63999
64000
64001
64002
64003
64004
64005
64006
64007
64008
64009
64010
64011
64013
64014
64015
64070
64072
64074
64075
64076
64077
64078
64079
64080
64081
64082
64083
64084
64085
64086
64087
64088
64089
64090
64091
64092
64093
64094
64095
64096
64097
64098
64099
64100
64101
64102
64103
64104
64105
64106
64107
64108
64109
64110
64111
64112
64113
64114
64115
64116
64117
64118
64119
64120
64121
64122
64123
64124
64125
64126
64127
64128
64129
64130
64131
64132
64133
64134
64135
64136
64137
64138
64139
64140
64141
64142
64143
64144
64145
64209
64210
64211
64212
64213
64214
64215
64216
64217
64218
64219
64220
64221
64222
64223
64224
64225
64226
64227
64228
64229
64230
64231
64232
64233
64234
64235
64236
64237
64238
64239
64240
64241
64242
64243
64244
64245
64246
64247
64248
64249
64250
64251
64252
64253
64254
64255
64256
64257
64258
64259
64260
64261
64262
64263
64264
64265
64266
64267
64268
64269
64270
64271
64272
64273
64274
64275
64276
64277
64278
64279
64280
64281
64284
64351
64352
64353
64355
64356
64357
64358
64359
64360
64361
64362
64363
64364
64365
64366
64367
64368
64369
64370
64371
64372
64373
64374
64375
64376
64377
64378
64379
64380
64381
64382
64383
64384
64385
64386
64387
64388
64389
64390
64391
64392
64393
64394
64395
64396
64397
64398
64399
64400
64401
64402
64403
64404
64405
64406
64407
64408
64409
64410
64411
64412
64413
64414
64415
64416
64417
64418
64419
64420
64421
64422
64423
64424
64425
64426
64427
64428
64429
64432
64509
64511
64513
64514
64515
64516
64517
64518
64519
64520
64521
64522
64523
64524
64525
64526
64527
64528
64529
64530
64531
64532
64533
64534
64535
64536
64537
64538
64539
64540
64541
64542
64543
64544
64545
64546
64547
64548
64549
64550
64551
64552
64553
64554
64555
64556
64557
64558
64559
64560
64561
64562
64563
64564
64565
64566
64567
64568
64569
64570
64571
64572
64573
64574
64575
64576
64577
64579
64580
64675
64676
64678
64680
64681
64682
64683
64685
64686
64687
64688
64689
64690
64691
64692
64693
64694
64695
64696
64697
64698
64699
64700
64701
64702
64703
64704
64705
64706
64707
64708
64709
64710
64711
64712
64713
64714
64715
64716
64718
65757
65759
65760
65761
65762
65763
65765
65766
65767
65768
65769
65771
65772
65773
65774
65775
65777
65778
65779
65780
65781
65783
65785
65786
65888
65891
65892
65893
65894
65895
65896
65897
65898
65899
65900
65901
65902
65903
65904
65905
65906
65907
65908
65909
65910
65911
65912
65913
65914
65915
65916
65917
65918
65919
65920
65921
65922
65923
65924
65925
65926
65927
65928
65929
65930
65931
65932
65933
65934
65935
65936
65937
65938
65939
65940
65941
65942
65943
65944
65945
65946
65947
65948
65949
65950
65951
65952
65954
65955
65956
65957
66048
66049
66050
66051
66052
66053
66054
66055
66056
66057
66058
66059
66060
66061
66062
66063
66064
66065
66066
66067
66068
66069
66070
66071
66072
66073
66074
66075
66076
66077
66078
66079
66080
66081
66082
66083
66084
66085
66086
66087
66088
66089
66090
66091
66092
66093
66094
66095
66096
66097
66098
66099
66100
66101
66102
66103
66104
66105
66106
66107
66108
66109
66110
66111
66112
66113
66114
66115
66116
66117
66118
66119
66120
66123
66124
66125
66195
66198
66199
66200
66201
66202
66203
66204
66205
66206
66207
66208
66209
66210
66211
66212
66213
66214
66215
66216
66217
66218
66219
66220
66221
66222
66223
66224
66225
66226
66227
66228
66229
66230
66231
66232
66233
66234
66235
66236
66237
66238
66239
66240
66241
66242
66243
66244
66245
66246
66247
66248
66249
66250
66251
66252
66253
66254
66255
66256
66257
66258
66259
66260
66261
66262
66263
66264
66265
66266
66267
66268
66336
66337
66338
66339
66340
66341
66342
66343
66344
66345
66346
66347
66348
66349
66350
66351
66352
66353
66354
66355
66356
66357
66358
66359
66360
66361
66362
66363
66364
66365
66366
66367
66368
66369
66370
66371
66372
66373
66374
66375
66376
66377
66378
66379
66380
66381
66382
66383
66384
66385
66386
66387
66388
66389
66390
66391
66392
66393
66394
66395
66396
66397
66398
66399
66400
66401
66402
66403
66404
66405
66407
66408
66409
66468
66469
66470
66471
66472
66473
66474
66475
66476
66477
66478
66479
66480
66481
66482
66483
66484
66485
66486
66487
66488
66489
66490
66491
66492
66493
66494
66495
66496
66497
66498
66499
66500
66501
66502
66503
66504
66505
66506
66507
66508
66509
66510
66511
66512
66513
66514
66515
66516
66517
66518
66519
66520
66521
66522
66523
66524
66525
66526
66527
66528
66529
66530
66531
66532
66533
66534
66535
66536
66537
66538
66539
66540
66541
66542
66545
66546
66547
66597
66600
66601
66602
66603
66604
66605
66606
66607
66608
66609
66610
66611
66612
66613
66614
66615
66616
66617
66618
66619
66620
66621
66622
66623
66624
66625
66626
66627
66628
66629
66630
66631
66632
66633
66634
66635
66636
66637
66638
66639
66640
66641
66642
66643
66644
66645
66646
66647
66648
66649
66650
66651
66652
66653
66654
66655
66656
66657
66658
66659
66660
66661
66662
66663
66664
66665
66666
66667
66668
66669
66670
66671
66672
66673
66674
66675
66676
66729
66730
66731
66732
66733
66734
66735
66736
66737
66738
66739
66740
66741
66742
66743
66744
66745
66746
66747
66748
66749
66750
66751
66752
66753
66754
66755
66756
66757
66758
66759
66760
66761
66762
66763
66764
66765
66766
66767
66768
66769
66770
66771
66772
66773
66774
66775
66776
66777
66778
66779
66780
66781
66782
66783
66784
66785
66786
66787
66788
66789
66790
66791
66792
66793
66794
66795
66796
66797
66798
66799
66800
66801
66803
66805
66806
66853
66854
66855
66856
66857
66858
66859
66860
66861
66862
66863
66864
66865
66866
66867
66868
66869
66870
66871
66872
66873
66874
66875
66876
66877
66878
66879
66880
66881
66882
66883
66884
66885
66886
66887
66888
66889
66890
66891
66892
66893
66894
66895
66896
66897
66898
66899
66900
66901
66902
66903
66904
66905
66906
66907
66908
66909
66910
66911
66912
66913
66914
66915
66916
66917
66918
66919
66920
66921
66922
66923
66924
66925
66926
66928
66929
66930
66972
66973
66975
66976
66977
66978
66979
66980
66981
66982
66983
66984
66985
66986
66987
66988
66989
66990
66991
66992
66993
66994
66995
66996
66997
66998
66999
67000
67001
67002
67003
67004
67005
67006
67007
67008
67009
67010
67011
67012
67013
67014
67015
67016
67017
67018
67019
67020
67021
67022
67023
67024
67025
67026
67027
67028
67029
67030
67031
67032
67033
67034
67035
67036
67037
67038
67039
67040
67041
67042
67043
67044
67045
67046
67047
67048
67049
67050
67051
67052
67053
67054
67055
67056
67057
67099
67100
67102
67103
67104
67105
67106
67107
67108
67109
67110
67111
67112
67113
67114
67115
67116
67117
67118
67119
67120
67121
67122
67123
67124
67125
67126
67127
67128
67129
67130
67131
67132
67133
67134
67135
67136
67137
67138
67139
67140
67141
67142
67143
67144
67145
67146
67147
67148
67149
67150
67151
67152
67153
67154
67155
67156
67157
67158
67159
67160
67161
67162
67163
67164
67165
67166
67167
67168
67169
67170
67171
67172
67173
67174
67175
67176
67218
67219
67221
67222
67223
67224
67225
67226
67227
67228
67229
67230
67231
67232
67233
67234
67235
67236
67237
67238
67239
67240
67241
67242
67243
67244
67245
67246
67247
67248
67249
67250
67251
67252
67253
67254
67255
67256
67257
67258
67259
67260
67261
67262
67263
67264
67265
67266
67267
67268
67269
67270
67271
67272
67273
67274
67275
67276
67277
67278
67279
67280
67281
67282
67283
67284
67285
67286
67287
67288
67289
67290
67291
67292
67293
67294
67295
67337
67338
67340
67341
67342
67343
67344
67345
67346
67347
67348
67349
67350
67351
67352
67353
67354
67355
67356
67357
67358
67359
67360
67361
67362
67363
67364
67365
67366
67367
67368
67369
67370
67371
67372
67373
67374
67375
67376
67377
67378
67379
67380
67381
67382
67383
67384
67385
67386
67387
67388
67389
67390
67391
67392
67393
67394
67395
67396
67397
67398
67399
67400
67401
67402
67403
67404
67405
67406
67407
67408
67409
67410
67411
67412
67413
67414
67415
67416
67417
67418
67419
67420
67462
67463
67465
67467
67468
67469
67470
67471
67472
67473
67474
67475
67476
67477
67478
67479
67480
67481
67482
67483
67484
67485
67486
67487
67488
67489
67490
67491
67492
67493
67494
67495
67496
67497
67498
67499
67500
67501
67502
67503
67504
67505
67506
67507
67508
67509
67510
67511
67512
67513
67514
67515
67516
67517
67518
67519
67520
67521
67522
67523
67524
67525
67526
67527
67528
67529
67530
67531
67532
67533
67534
67535
67536
67537
67538
67539
67540
67541
67542
67543
67591
67592
67593
67594
67595
67596
67597
67598
67599
67600
67601
67602
67603
67604
67605
67606
67607
67608
67609
67610
67611
67612
67613
67614
67615
67616
67617
67618
67619
67620
67621
67622
67623
67624
67625
67626
67627
67628
67629
67630
67631
67632
67633
67634
67635
67636
67637
67638
67639
67640
67641
67642
67643
67644
67645
67646
67647
67648
67649
67650
67651
67652
67653
67654
67655
67656
67657
67658
67659
67660
67661
67662
67663
67664
67665
67667
67668
67717
67718
67720
67721
67722
67723
67724
67725
67726
67727
67728
67729
67730
67731
67732
67733
67734
67735
67736
67737
67738
67739
67740
67741
67742
67743
67744
67745
67746
67747
67748
67749
67750
67751
67752
67753
67754
67755
67756
67757
67758
67759
67760
67761
67762
67763
67764
67765
67766
67767
67768
67769
67770
67771
67772
67773
67774
67775
67776
67777
67778
67779
67780
67781
67782
67783
67784
67785
67786
67787
67788
67789
67790
67791
67792
67793
67794
67852
67853
67854
67855
67856
67857
67858
67859
67860
67861
67862
67863
67864
67865
67866
67867
67868
67869
67870
67871
67872
67873
67874
67875
67876
67877
67878
67879
67880
67881
67882
67883
67884
67885
67886
67887
67888
67889
67890
67891
67892
67893
67894
67895
67896
67897
67898
67899
67900
67901
67902
67903
67904
67905
67906
67907
67908
67909
67910
67911
67912
67913
67914
67915
67916
67917
67918
67919
67920
67921
67922
67923
67925
67926
67927
67982
67984
67986
67987
67988
67989
67990
67991
67992
67993
67994
67995
67996
67997
67998
67999
68000
68001
68002
68003
68004
68005
68006
68007
68008
68009
68010
68011
68012
68013
68014
68015
68016
68017
68018
68019
68020
68021
68022
68023
68024
68025
68026
68027
68028
68029
68030
68031
68032
68033
68034
68035
68036
68037
68038
68039
68040
68041
68042
68043
68044
68045
68046
68047
68048
68049
68050
68051
68052
68053
68054
68055
68056
68057
68121
68122
68123
68124
68125
68126
68127
68128
68129
68130
68131
68132
68133
68134
68135
68136
68137
68138
68139
68140
68141
68142
68143
68144
68145
68146
68147
68148
68149
68150
68151
68152
68153
68154
68155
68156
68157
68158
68159
68160
68161
68162
68163
68164
68165
68166
68167
68168
68169
68170
68171
68172
68173
68174
68175
68176
68177
68178
68179
68180
68181
68182
68183
68184
68185
68186
68187
68188
68189
68190
68191
68192
68193
68196
68263
68264
68265
68267
68268
68269
68270
68271
68272
68273
68274
68275
68276
68277
68278
68279
68280
68281
68282
68283
68284
68285
68286
68287
68288
68289
68290
68291
68292
68293
68294
68295
68296
68297
68298
68299
68300
68301
68302
68303
68304
68305
68306
68307
68308
68309
68310
68311
68312
68313
68314
68315
68316
68317
68318
68319
68320
68321
68322
68323
68324
68325
68326
68327
68328
68329
68330
68331
68332
68333
68334
68335
68336
68337
68338
68339
68340
68341
68344
68421
68423
68425
68426
68427
68428
68429
68430
68431
68432
68433
68434
68435
68436
68437
68438
68439
68440
68441
68442
68443
68444
68445
68446
68447
68448
68449
68450
68451
68452
68453
68454
68455
68456
68457
68458
68459
68460
68461
68462
68463
68464
68465
68466
68467
68468
68469
68470
68471
68472
68473
68474
68475
68476
68477
68478
68479
68480
68481
68482
68483
68484
68485
68486
68487
68488
68489
68491
68492
68587
68588
68590
68592
68593
68594
68595
68597
68598
68599
68600
68601
68602
68603
68604
68605
68606
68607
68608
68609
68610
68611
68612
68613
68614
68615
68616
68617
68618
68619
68620
68621
68622
68623
68624
68625
68626
68627
68628
68630
69669
69671
69672
69673
69674
69675
69677
69678
69679
69680
69681
69683
69684
69685
69686
69687
69689
69690
69691
69692
69693
69695
69697
69698
69800
69803
69804
69805
69806
69807
69808
69809
69810
69811
69812
69813
69814
69815
69816
69817
69818
69819
69820
69821
69822
69823
69824
69825
69826
69827
69828
69829
69830
69831
69832
69833
69834
69835
69836
69837
69838
69839
69840
69841
69842
69843
69844
69845
69846
69847
69848
69849
69850
69851
69852
69853
69854
69855
69856
69857
69858
69859
69860
69861
69862
69863
69864
69866
69867
69868
69869
69960
69961
69962
69963
69964
69965
69966
69967
69968
69969
69970
69971
69972
69973
69974
69975
69976
69977
69978
69979
69980
69981
69982
69983
69984
69985
69986
69987
69988
69989
69990
69991
69992
69993
69994
69995
69996
69997
69998
69999
70000
70001
70002
70003
70004
70005
70006
70007
70008
70009
70010
70011
70012
70013
70014
70015
70016
70017
70018
70019
70020
70021
70022
70023
70024
70025
70026
70027
70028
70029
70030
70031
70032
70035
70036
70037
70107
70110
70111
70112
70113
70114
70115
70116
70117
70118
70119
70120
70121
70122
70123
70124
70125
70126
70127
70128
70129
70130
70131
70132
70133
70134
70135
70136
70137
70138
70139
70140
70141
70142
70143
70144
70145
70146
70147
70148
70149
70150
70151
70152
70153
70154
70155
70156
70157
70158
70159
70160
70161
70162
70163
70164
70165
70166
70167
70168
70169
70170
70171
70172
70173
70174
70175
70176
70177
70178
70179
70180
70248
70249
70250
70251
70252
70253
70254
70255
70256
70257
70258
70259
70260
70261
70262
70263
70264
70265
70266
70267
70268
70269
70270
70271
70272
70273
70274
70275
70276
70277
70278
70279
70280
70281
70282
70283
70284
70285
70286
70287
70288
70289
70290
70291
70292
70293
70294
70295
70296
70297
70298
70299
70300
70301
70302
70303
70304
70305
70306
70307
70308
70309
70310
70311
70312
70313
70314
70315
70316
70317
70319
70320
70321
70380
70381
70382
70383
70384
70385
70386
70387
70388
70389
70390
70391
70392
70393
70394
70395
70396
70397
70398
70399
70400
70401
70402
70403
70404
70405
70406
70407
70408
70409
70410
70411
70412
70413
70414
70415
70416
70417
70418
70419
70420
70421
70422
70423
70424
70425
70426
70427
70428
70429
70430
70431
70432
70433
70434
70435
70436
70437
70438
70439
70440
70441
70442
70443
70444
70445
70446
70447
70448
70449
70450
70451
70452
70453
70454
70457
70458
70459
70509
70512
70513
70514
70515
70516
70517
70518
70519
70520
70521
70522
70523
70524
70525
70526
70527
70528
70529
70530
70531
70532
70533
70534
70535
70536
70537
70538
70539
70540
70541
70542
70543
70544
70545
70546
70547
70548
70549
70550
70551
70552
70553
70554
70555
70556
70557
70558
70559
70560
70561
70562
70563
70564
70565
70566
70567
70568
70569
70570
70571
70572
70573
70574
70575
70576
70577
70578
70579
70580
70581
70582
70583
70584
70585
70586
70587
70588
70641
70642
70643
70644
70645
70646
70647
70648
70649
70650
70651
70652
70653
70654
70655
70656
70657
70658
70659
70660
70661
70662
70663
70664
70665
70666
70667
70668
70669
70670
70671
70672
70673
70674
70675
70676
70677
70678
70679
70680
70681
70682
70683
70684
70685
70686
70687
70688
70689
70690
70691
70692
70693
70694
70695
70696
70697
70698
70699
70700
70701
70702
70703
70704
70705
70706
70707
70708
70709
70710
70711
70712
70713
70715
70717
70718
70765
70766
70767
70768
70769
70770
70771
70772
70773
70774
70775
70776
70777
70778
70779
70780
70781
70782
70783
70784
70785
70786
70787
70788
70789
70790
70791
70792
70793
70794
70795
70796
70797
70798
70799
70800
70801
70802
70803
70804
70805
70806
70807
70808
70809
70810
70811
70812
70813
70814
70815
70816
70817
70818
70819
70820
70821
70822
70823
70824
70825
70826
70827
70828
70829
70830
70831
70832
70833
70834
70835
70836
70837
70838
70840
70841
70842
70884
70885
70887
70888
70889
70890
70891
70892
70893
70894
70895
70896
70897
70898
70899
70900
70901
70902
70903
70904
70905
70906
70907
70908
70909
70910
70911
70912
70913
70914
70915
70916
70917
70918
70919
70920
70921
70922
70923
70924
70925
70926
70927
70928
70929
70930
70931
70932
70933
70934
70935
70936
70937
70938
70939
70940
70941
70942
70943
70944
70945
70946
70947
70948
70949
70950
70951
70952
70953
70954
70955
70956
70957
70958
70959
70960
70961
70962
70963
70964
70965
70966
70967
70968
70969
71011
71012
71014
71015
71016
71017
71018
71019
71020
71021
71022
71023
71024
71025
71026
71027
71028
71029
71030
71031
71032
71033
71034
71035
71036
71037
71038
71039
71040
71041
71042
71043
71044
71045
71046
71047
71048
71049
71050
71051
71052
71053
71054
71055
71056
71057
71058
71059
71060
71061
71062
71063
71064
71065
71066
71067
71068
71069
71070
71071
71072
71073
71074
71075
71076
71077
71078
71079
71080
71081
71082
71083
71084
71085
71086
71087
71088
71130
71131
71133
71134
71135
71136
71137
71138
71139
71140
71141
71142
71143
71144
71145
71146
71147
71148
71149
71150
71151
71152
71153
71154
71155
71156
71157
71158
71159
71160
71161
71162
71163
71164
71165
71166
71167
71168
71169
71170
71171
71172
71173
71174
71175
71176
71177
71178
71179
71180
71181
71182
71183
71184
71185
71186
71187
71188
71189
71190
71191
71192
71193
71194
71195
71196
71197
71198
71199
71200
71201
71202
71203
71204
71205
71206
71207
71249
71250
71252
71253
71254
71255
71256
71257
71258
71259
71260
71261
71262
71263
71264
71265
71266
71267
71268
71269
71270
71271
71272
71273
71274
71275
71276
71277
71278
71279
71280
71281
71282
71283
71284
71285
71286
71287
71288
71289
71290
71291
71292
71293
71294
71295
71296
71297
71298
71299
71300
71301
71302
71303
71304
71305
71306
71307
71308
71309
71310
71311
71312
71313
71314
71315
71316
71317
71318
71319
71320
71321
71322
71323
71324
71325
71326
71327
71328
71329
71330
71331
71332
71374
71375
71377
71379
71380
71381
71382
71383
71384
71385
71386
71387
71388
71389
71390
71391
71392
71393
71394
71395
71396
71397
71398
71399
71400
71401
71402
71403
71404
71405
71406
71407
71408
71409
71410
71411
71412
71413
71414
71415
71416
71417
71418
71419
71420
71421
71422
71423
71424
71425
71426
71427
71428
71429
71430
71431
71432
71433
71434
71435
71436
71437
71438
71439
71440
71441
71442
71443
71444
71445
71446
71447
71448
71449
71450
71451
71452
71453
71454
71455
71503
71504
71505
71506
71507
71508
71509
71510
71511
71512
71513
71514
71515
71516
71517
71518
71519
71520
71521
71522
71523
71524
71525
71526
71527
71528
71529
71530
71531
71532
71533
71534
71535
71536
71537
71538
71539
71540
71541
71542
71543
71544
71545
71546
71547
71548
71549
71550
71551
71552
71553
71554
71555
71556
71557
71558
71559
71560
71561
71562
71563
71564
71565
71566
71567
71568
71569
71570
71571
71572
71573
71574
71575
71576
71577
71579
71580
71629
71630
71632
71633
71634
71635
71636
71637
71638
71639
71640
71641
71642
71643
71644
71645
71646
71647
71648
71649
71650
71651
71652
71653
71654
71655
71656
71657
71658
71659
71660
71661
71662
71663
71664
71665
71666
71667
71668
71669
71670
71671
71672
71673
71674
71675
71676
71677
71678
71679
71680
71681
71682
71683
71684
71685
71686
71687
71688
71689
71690
71691
71692
71693
71694
71695
71696
71697
71698
71699
71700
71701
71702
71703
71704
71705
71706
71764
71765
71766
71767
71768
71769
71770
71771
71772
71773
71774
71775
71776
71777
71778
71779
71780
71781
71782
71783
71784
71785
71786
71787
71788
71789
71790
71791
71792
71793
71794
71795
71796
71797
71798
71799
71800
71801
71802
71803
71804
71805
71806
71807
71808
71809
71810
71811
71812
71813
71814
71815
71816
71817
71818
71819
71820
71821
71822
71823
71824
71825
71826
71827
71828
71829
71830
71831
71832
71833
71834
71835
71837
71838
71839
71894
71896
71898
71899
71900
71901
71902
71903
71904
71905
71906
71907
71908
71909
71910
71911
71912
71913
71914
71915
71916
71917
71918
71919
71920
71921
71922
71923
71924
71925
71926
71927
71928
71929
71930
71931
71932
71933
71934
71935
71936
71937
71938
71939
71940
71941
71942
71943
71944
71945
71946
71947
71948
71949
71950
71951
71952
71953
71954
71955
71956
71957
71958
71959
71960
71961
71962
71963
71964
71965
71966
71967
71968
71969
72033
72034
72035
72036
72037
72038
72039
72040
72041
72042
72043
72044
72045
72046
72047
72048
72049
72050
72051
72052
72053
72054
72055
72056
72057
72058
72059
72060
72061
72062
72063
72064
72065
72066
72067
72068
72069
72070
72071
72072
72073
72074
72075
72076
72077
72078
72079
72080
72081
72082
72083
72084
72085
72086
72087
72088
72089
72090
72091
72092
72093
72094
72095
72096
72097
72098
72099
72100
72101
72102
72103
72104
72105
72108
72175
72176
72177
72179
72180
72181
72182
72183
72184
72185
72186
72187
72188
72189
72190
72191
72192
72193
72194
72195
72196
72197
72198
72199
72200
72201
72202
72203
72204
72205
72206
72207
72208
72209
72210
72211
72212
72213
72214
72215
72216
72217
72218
72219
72220
72221
72222
72223
72224
72225
72226
72227
72228
72229
72230
72231
72232
72233
72234
72235
72236
72237
72238
72239
72240
72241
72242
72243
72244
72245
72246
72247
72248
72249
72250
72251
72252
72253
72256
72333
72335
72337
72338
72339
72340
72341
72342
72343
72344
72345
72346
72347
72348
72349
72350
72351
72352
72353
72354
72355
72356
72357
72358
72359
72360
72361
72362
72363
72364
72365
72366
72367
72368
72369
72370
72371
72372
72373
72374
72375
72376
72377
72378
72379
72380
72381
72382
72383
72384
72385
72386
72387
72388
72389
72390
72391
72392
72393
72394
72395
72396
72397
72398
72399
72400
72401
72403
72404
72499
72500
72502
72504
72505
72506
72507
72509
72510
72511
72512
72513
72514
72515
72516
72517
72518
72519
72520
72521
72522
72523
72524
72525
72526
72527
72528
72529
72530
72531
72532
72533
72534
72535
72536
72537
72538
72539
72540
72542
73581
73583
73584
73585
73586
73587
73589
73590
73591
73592
73593
73595
73596
73597
73598
73599
73601
73602
73603
73604
73605
73607
73609
73610
73712
73715
73716
73717
73718
73719
73720
73721
73722
73723
73724
73725
73726
73727
73728
73729
73730
73731
73732
73733
73734
73735
73736
73737
73738
73739
73740
73741
73742
73743
73744
73745
73746
73747
73748
73749
73750
73751
73752
73753
73754
73755
73756
73757
73758
73759
73760
73761
73762
73763
73764
73765
73766
73767
73768
73769
73770
73771
73772
73773
73774
73775
73776
73778
73779
73780
73781
73872
73873
73874
73875
73876
73877
73878
73879
73880
73881
73882
73883
73884
73885
73886
73887
73888
73889
73890
73891
73892
73893
73894
73895
73896
73897
73898
73899
73900
73901
73902
73903
73904
73905
73906
73907
73908
73909
73910
73911
73912
73913
73914
73915
73916
73917
73918
73919
73920
73921
73922
73923
73924
73925
73926
73927
73928
73929
73930
73931
73932
73933
73934
73935
73936
73937
73938
73939
73940
73941
73942
73943
73944
73947
73948
73949
74019
74022
74023
74024
74025
74026
74027
74028
74029
74030
74031
74032
74033
74034
74035
74036
74037
74038
74039
74040
74041
74042
74043
74044
74045
74046
74047
74048
74049
74050
74051
74052
74053
74054
74055
74056
74057
74058
74059
74060
74061
74062
74063
74064
74065
74066
74067
74068
74069
74070
74071
74072
74073
74074
74075
74076
74077
74078
74079
74080
74081
74082
74083
74084
74085
74086
74087
74088
74089
74090
74091
74092
74160
74161
74162
74163
74164
74165
74166
74167
74168
74169
74170
74171
74172
74173
74174
74175
74176
74177
74178
74179
74180
74181
74182
74183
74184
74185
74186
74187
74188
74189
74190
74191
74192
74193
74194
74195
74196
74197
74198
74199
74200
74201
74202
74203
74204
74205
74206
74207
74208
74209
74210
74211
74212
74213
74214
74215
74216
74217
74218
74219
74220
74221
74222
74223
74224
74225
74226
74227
74228
74229
74231
74232
74233
74292
74293
74294
74295
74296
74297
74298
74299
74300
74301
74302
74303
74304
74305
74306
74307
74308
74309
74310
74311
74312
74313
74314
74315
74316
74317
74318
74319
74320
74321
74322
74323
74324
74325
74326
74327
74328
74329
74330
74331
74332
74333
74334
74335
74336
74337
74338
74339
74340
74341
74342
74343
74344
74345
74346
74347
74348
74349
74350
74351
74352
74353
74354
74355
74356
74357
74358
74359
74360
74361
74362
74363
74364
74365
74366
74369
74370
74371
74421
74424
74425
74426
74427
74428
74429
74430
74431
74432
74433
74434
74435
74436
74437
74438
74439
74440
74441
74442
74443
74444
74445
74446
74447
74448
74449
74450
74451
74452
74453
74454
74455
74456
74457
74458
74459
74460
74461
74462
74463
74464
74465
74466
74467
74468
74469
74470
74471
74472
74473
74474
74475
74476
74477
74478
74479
74480
74481
74482
74483
74484
74485
74486
74487
74488
74489
74490
74491
74492
74493
74494
74495
74496
74497
74498
74499
74500
74553
74554
74555
74556
74557
74558
74559
74560
74561
74562
74563
74564
74565
74566
74567
74568
74569
74570
74571
74572
74573
74574
74575
74576
74577
74578
74579
74580
74581
74582
74583
74584
74585
74586
74587
74588
74589
74590
74591
74592
74593
74594
74595
74596
74597
74598
74599
74600
74601
74602
74603
74604
74605
74606
74607
74608
74609
74610
74611
74612
74613
74614
74615
74616
74617
74618
74619
74620
74621
74622
74623
74624
74625
74627
74629
74630
74677
74678
74679
74680
74681
74682
74683
74684
74685
74686
74687
74688
74689
74690
74691
74692
74693
74694
74695
74696
74697
74698
74699
74700
74701
74702
74703
74704
74705
74706
74707
74708
74709
74710
74711
74712
74713
74714
74715
74716
74717
74718
74719
74720
74721
74722
74723
74724
74725
74726
74727
74728
74729
74730
74731
74732
74733
74734
74735
74736
74737
74738
74739
74740
74741
74742
74743
74744
74745
74746
74747
74748
74749
74750
74752
74753
74754
74796
74797
74799
74800
74801
74802
74803
74804
74805
74806
74807
74808
74809
74810
74811
74812
74813
74814
74815
74816
74817
74818
74819
74820
74821
74822
74823
74824
74825
74826
74827
74828
74829
74830
74831
74832
74833
74834
74835
74836
74837
74838
74839
74840
74841
74842
74843
74844
74845
74846
74847
74848
74849
74850
74851
74852
74853
74854
74855
74856
74857
74858
74859
74860
74861
74862
74863
74864
74865
74866
74867
74868
74869
74870
74871
74872
74873
74874
74875
74876
74877
74878
74879
74880
74881
74923
74924
74926
74927
74928
74929
74930
74931
74932
74933
74934
74935
74936
74937
74938
74939
74940
74941
74942
74943
74944
74945
74946
74947
74948
74949
74950
74951
74952
74953
74954
74955
74956
74957
74958
74959
74960
74961
74962
74963
74964
74965
74966
74967
74968
74969
74970
74971
74972
74973
74974
74975
74976
74977
74978
74979
74980
74981
74982
74983
74984
74985
74986
74987
74988
74989
74990
74991
74992
74993
74994
74995
74996
74997
74998
74999
75000
75042
75043
75045
75046
75047
75048
75049
75050
75051
75052
75053
75054
75055
75056
75057
75058
75059
75060
75061
75062
75063
75064
75065
75066
75067
75068
75069
75070
75071
75072
75073
75074
75075
75076
75077
75078
75079
75080
75081
75082
75083
75084
75085
75086
75087
75088
75089
75090
75091
75092
75093
75094
75095
75096
75097
75098
75099
75100
75101
75102
75103
75104
75105
75106
75107
75108
75109
75110
75111
75112
75113
75114
75115
75116
75117
75118
75119
75161
75162
75164
75165
75166
75167
75168
75169
75170
75171
75172
75173
75174
75175
75176
75177
75178
75179
75180
75181
75182
75183
75184
75185
75186
75187
75188
75189
75190
75191
75192
75193
75194
75195
75196
75197
75198
75199
75200
75201
75202
75203
75204
75205
75206
75207
75208
75209
75210
75211
75212
75213
75214
75215
75216
75217
75218
75219
75220
75221
75222
75223
75224
75225
75226
75227
75228
75229
75230
75231
75232
75233
75234
75235
75236
75237
75238
75239
75240
75241
75242
75243
75244
75286
75287
75289
75291
75292
75293
75294
75295
75296
75297
75298
75299
75300
75301
75302
75303
75304
75305
75306
75307
75308
75309
75310
75311
75312
75313
75314
75315
75316
75317
75318
75319
75320
75321
75322
75323
75324
75325
75326
75327
75328
75329
75330
75331
75332
75333
75334
75335
75336
75337
75338
75339
75340
75341
75342
75343
75344
75345
75346
75347
75348
75349
75350
75351
75352
75353
75354
75355
75356
75357
75358
75359
75360
75361
75362
75363
75364
75365
75366
75367
75415
75416
75417
75418
75419
75420
75421
75422
75423
75424
75425
75426
75427
75428
75429
75430
75431
75432
75433
75434
75435
75436
75437
75438
75439
75440
75441
75442
75443
75444
75445
75446
75447
75448
75449
75450
75451
75452
75453
75454
75455
75456
75457
75458
75459
75460
75461
75462
75463
75464
75465
75466
75467
75468
75469
75470
75471
75472
75473
75474
75475
75476
75477
75478
75479
75480
75481
75482
75483
75484
75485
75486
75487
75488
75489
75491
75492
75541
75542
75544
75545
75546
75547
75548
75549
75550
75551
75552
75553
75554
75555
75556
75557
75558
75559
75560
75561
75562
75563
75564
75565
75566
75567
75568
75569
75570
75571
75572
75573
75574
75575
75576
75577
75578
75579
75580
75581
75582
75583
75584
75585
75586
75587
75588
75589
75590
75591
75592
75593
75594
75595
75596
75597
75598
75599
75600
75601
75602
75603
75604
75605
75606
75607
75608
75609
75610
75611
75612
75613
75614
75615
75616
75617
75618
75676
75677
75678
75679
75680
75681
75682
75683
75684
75685
75686
75687
75688
75689
75690
75691
75692
75693
75694
75695
75696
75697
75698
75699
75700
75701
75702
75703
75704
75705
75706
75707
75708
75709
75710
75711
75712
75713
75714
75715
75716
75717
75718
75719
75720
75721
75722
75723
75724
75725
75726
75727
75728
75729
75730
75731
75732
75733
75734
75735
75736
75737
75738
75739
75740
75741
75742
75743
75744
75745
75746
75747
75749
75750
75751
75806
75808
75810
75811
75812
75813
75814
75815
75816
75817
75818
75819
75820
75821
75822
75823
75824
75825
75826
75827
75828
75829
75830
75831
75832
75833
75834
75835
75836
75837
75838
75839
75840
75841
75842
75843
75844
75845
75846
75847
75848
75849
75850
75851
75852
75853
75854
75855
75856
75857
75858
75859
75860
75861
75862
75863
75864
75865
75866
75867
75868
75869
75870
75871
75872
75873
75874
75875
75876
75877
75878
75879
75880
75881
75945
75946
75947
75948
75949
75950
75951
75952
75953
75954
75955
75956
75957
75958
75959
75960
75961
75962
75963
75964
75965
75966
75967
75968
75969
75970
75971
75972
75973
75974
75975
75976
75977
75978
75979
75980
75981
75982
75983
75984
75985
75986
75987
75988
75989
75990
75991
75992
75993
75994
75995
75996
75997
75998
75999
76000
76001
76002
76003
76004
76005
76006
76007
76008
76009
76010
76011
76012
76013
76014
76015
76016
76017
76020
76087
76088
76089
76091
76092
76093
76094
76095
76096
76097
76098
76099
76100
76101
76102
76103
76104
76105
76106
76107
76108
76109
76110
76111
76112
76113
76114
76115
76116
76117
76118
76119
76120
76121
76122
76123
76124
76125
76126
76127
76128
76129
76130
76131
76132
76133
76134
76135
76136
76137
76138
76139
76140
76141
76142
76143
76144
76145
76146
76147
76148
76149
76150
76151
76152
76153
76154
76155
76156
76157
76158
76159
76160
76161
76162
76163
76164
76165
76168
76245
76247
76249
76250
76251
76252
76253
76254
76255
76256
76257
76258
76259
76260
76261
76262
76263
76264
76265
76266
76267
76268
76269
76270
76271
76272
76273
76274
76275
76276
76277
76278
76279
76280
76281
76282
76283
76284
76285
76286
76287
76288
76289
76290
76291
76292
76293
76294
76295
76296
76297
76298
76299
76300
76301
76302
76303
76304
76305
76306
76307
76308
76309
76310
76311
76312
76313
76315
76316
76411
76412
76414
76416
76417
76418
76419
76421
76422
76423
76424
76425
76426
76427
76428
76429
76430
76431
76432
76433
76434
76435
76436
76437
76438
76439
76440
76441
76442
76443
76444
76445
76446
76447
76448
76449
76450
76451
76452
76454
77493
77495
77496
77497
77498
77499
77501
77502
77503
77504
77505
77507
77508
77509
77510
77511
77513
77514
77515
77516
77517
77519
77521
77522
77624
77627
77628
77629
77630
77631
77632
77633
77634
77635
77636
77637
77638
77639
77640
77641
77642
77643
77644
77645
77646
77647
77648
77649
77650
77651
77652
77653
77654
77655
77656
77657
77658
77659
77660
77661
77662
77663
77664
77665
77666
77667
77668
77669
77670
77671
77672
77673
77674
77675
77676
77677
77678
77679
77680
77681
77682
77683
77684
77685
77686
77687
77688
77690
77691
77692
77693
77784
77785
77786
77787
77788
77789
77790
77791
77792
77793
77794
77795
77796
77797
77798
77799
77800
77801
77802
77803
77804
77805
77806
77807
77808
77809
77810
77811
77812
77813
77814
77815
77816
77817
77818
77819
77820
77821
77822
77823
77824
77825
77826
77827
77828
77829
77830
77831
77832
77833
77834
77835
77836
77837
77838
77839
77840
77841
77842
77843
77844
77845
77846
77847
77848
77849
77850
77851
77852
77853
77854
77855
77856
77859
77860
77861
77931
77934
77935
77936
77937
77938
77939
77940
77941
77942
77943
77944
77945
77946
77947
77948
77949
77950
77951
77952
77953
77954
77955
77956
77957
77958
77959
77960
77961
77962
77963
77964
77965
77966
77967
77968
77969
77970
77971
77972
77973
77974
77975
77976
77977
77978
77979
77980
77981
77982
77983
77984
77985
77986
77987
77988
77989
77990
77991
77992
77993
77994
77995
77996
77997
77998
77999
78000
78001
78002
78003
78004
78072
78073
78074
78075
78076
78077
78078
78079
78080
78081
78082
78083
78084
78085
78086
78087
78088
78089
78090
78091
78092
78093
78094
78095
78096
78097
78098
78099
78100
78101
78102
78103
78104
78105
78106
78107
78108
78109
78110
78111
78112
78113
78114
78115
78116
78117
78118
78119
78120
78121
78122
78123
78124
78125
78126
78127
78128
78129
78130
78131
78132
78133
78134
78135
78136
78137
78138
78139
78140
78141
78143
78144
78145
78204
78205
78206
78207
78208
78209
78210
78211
78212
78213
78214
78215
78216
78217
78218
78219
78220
78221
78222
78223
78224
78225
78226
78227
78228
78229
78230
78231
78232
78233
78234
78235
78236
78237
78238
78239
78240
78241
78242
78243
78244
78245
78246
78247
78248
78249
78250
78251
78252
78253
78254
78255
78256
78257
78258
78259
78260
78261
78262
78263
78264
78265
78266
78267
78268
78269
78270
78271
78272
78273
78274
78275
78276
78277
78278
78281
78282
78283
78333
78336
78337
78338
78339
78340
78341
78342
78343
78344
78345
78346
78347
78348
78349
78350
78351
78352
78353
78354
78355
78356
78357
78358
78359
78360
78361
78362
78363
78364
78365
78366
78367
78368
78369
78370
78371
78372
78373
78374
78375
78376
78377
78378
78379
78380
78381
78382
78383
78384
78385
78386
78387
78388
78389
78390
78391
78392
78393
78394
78395
78396
78397
78398
78399
78400
78401
78402
78403
78404
78405
78406
78407
78408
78409
78410
78411
78412
78465
78466
78467
78468
78469
78470
78471
78472
78473
78474
78475
78476
78477
78478
78479
78480
78481
78482
78483
78484
78485
78486
78487
78488
78489
78490
78491
78492
78493
78494
78495
78496
78497
78498
78499
78500
78501
78502
78503
78504
78505
78506
78507
78508
78509
78510
78511
78512
78513
78514
78515
78516
78517
78518
78519
78520
78521
78522
78523
78524
78525
78526
78527
78528
78529
78530
78531
78532
78533
78534
78535
78536
78537
78539
78541
78542
78589
78590
78591
78592
78593
78594
78595
78596
78597
78598
78599
78600
78601
78602
78603
78604
78605
78606
78607
78608
78609
78610
78611
78612
78613
78614
78615
78616
78617
78618
78619
78620
78621
78622
78623
78624
78625
78626
78627
78628
78629
78630
78631
78632
78633
78634
78635
78636
78637
78638
78639
78640
78641
78642
78643
78644
78645
78646
78647
78648
78649
78650
78651
78652
78653
78654
78655
78656
78657
78658
78659
78660
78661
78662
78664
78665
78666
78708
78709
78711
78712
78713
78714
78715
78716
78717
78718
78719
78720
78721
78722
78723
78724
78725
78726
78727
78728
78729
78730
78731
78732
78733
78734
78735
78736
78737
78738
78739
78740
78741
78742
78743
78744
78745
78746
78747
78748
78749
78750
78751
78752
78753
78754
78755
78756
78757
78758
78759
78760
78761
78762
78763
78764
78765
78766
78767
78768
78769
78770
78771
78772
78773
78774
78775
78776
78777
78778
78779
78780
78781
78782
78783
78784
78785
78786
78787
78788
78789
78790
78791
78792
78793
78835
78836
78838
78839
78840
78841
78842
78843
78844
78845
78846
78847
78848
78849
78850
78851
78852
78853
78854
78855
78856
78857
78858
78859
78860
78861
78862
78863
78864
78865
78866
78867
78868
78869
78870
78871
78872
78873
78874
78875
78876
78877
78878
78879
78880
78881
78882
78883
78884
78885
78886
78887
78888
78889
78890
78891
78892
78893
78894
78895
78896
78897
78898
78899
78900
78901
78902
78903
78904
78905
78906
78907
78908
78909
78910
78911
78912
78954
78955
78957
78958
78959
78960
78961
78962
78963
78964
78965
78966
78967
78968
78969
78970
78971
78972
78973
78974
78975
78976
78977
78978
78979
78980
78981
78982
78983
78984
78985
78986
78987
78988
78989
78990
78991
78992
78993
78994
78995
78996
78997
78998
78999
79000
79001
79002
79003
79004
79005
79006
79007
79008
79009
79010
79011
79012
79013
79014
79015
79016
79017
79018
79019
79020
79021
79022
79023
79024
79025
79026
79027
79028
79029
79030
79031
79073
79074
79076
79077
79078
79079
79080
79081
79082
79083
79084
79085
79086
79087
79088
79089
79090
79091
79092
79093
79094
79095
79096
79097
79098
79099
79100
79101
79102
79103
79104
79105
79106
79107
79108
79109
79110
79111
79112
79113
79114
79115
79116
79117
79118
79119
79120
79121
79122
79123
79124
79125
79126
79127
79128
79129
79130
79131
79132
79133
79134
79135
79136
79137
79138
79139
79140
79141
79142
79143
79144
79145
79146
79147
79148
79149
79150
79151
79152
79153
79154
79155
79156
79198
79199
79201
79203
79204
79205
79206
79207
79208
79209
79210
79211
79212
79213
79214
79215
79216
79217
79218
79219
79220
79221
79222
79223
79224
79225
79226
79227
79228
79229
79230
79231
79232
79233
79234
79235
79236
79237
79238
79239
79240
79241
79242
79243
79244
79245
79246
79247
79248
79249
79250
79251
79252
79253
79254
79255
79256
79257
79258
79259
79260
79261
79262
79263
79264
79265
79266
79267
79268
79269
79270
79271
79272
79273
79274
79275
79276
79277
79278
79279
79327
79328
79329
79330
79331
79332
79333
79334
79335
79336
79337
79338
79339
79340
79341
79342
79343
79344
79345
79346
79347
79348
79349
79350
79351
79352
79353
79354
79355
79356
79357
79358
79359
79360
79361
79362
79363
79364
79365
79366
79367
79368
79369
79370
79371
79372
79373
79374
79375
79376
79377
79378
79379
79380
79381
79382
79383
79384
79385
79386
79387
79388
79389
79390
79391
79392
79393
79394
79395
79396
79397
79398
79399
79400
79401
79403
79404
79453
79454
79456
79457
79458
79459
79460
79461
79462
79463
79464
79465
79466
79467
79468
79469
79470
79471
79472
79473
79474
79475
79476
79477
79478
79479
79480
79481
79482
79483
79484
79485
79486
79487
79488
79489
79490
79491
79492
79493
79494
79495
79496
79497
79498
79499
79500
79501
79502
79503
79504
79505
79506
79507
79508
79509
79510
79511
79512
79513
79514
79515
79516
79517
79518
79519
79520
79521
79522
79523
79524
79525
79526
79527
79528
79529
79530
79588
79589
79590
79591
79592
79593
79594
79595
79596
79597
79598
79599
79600
79601
79602
79603
79604
79605
79606
79607
79608
79609
79610
79611
79612
79613
79614
79615
79616
79617
79618
79619
79620
79621
79622
79623
79624
79625
79626
79627
79628
79629
79630
79631
79632
79633
79634
79635
79636
79637
79638
79639
79640
79641
79642
79643
79644
79645
79646
79647
79648
79649
79650
79651
79652
79653
79654
79655
79656
79657
79658
79659
79661
79662
79663
79718
79720
79722
79723
79724
79725
79726
79727
79728
79729
79730
79731
79732
79733
79734
79735
79736
79737
79738
79739
79740
79741
79742
79743
79744
79745
79746
79747
79748
79749
79750
79751
79752
79753
79754
79755
79756
79757
79758
79759
79760
79761
79762
79763
79764
79765
79766
79767
79768
79769
79770
79771
79772
79773
79774
79775
79776
79777
79778
79779
79780
79781
79782
79783
79784
79785
79786
79787
79788
79789
79790
79791
79792
79793
79857
79858
79859
79860
79861
79862
79863
79864
79865
79866
79867
79868
79869
79870
79871
79872
79873
79874
79875
79876
79877
79878
79879
79880
79881
79882
79883
79884
79885
79886
79887
79888
79889
79890
79891
79892
79893
79894
79895
79896
79897
79898
79899
79900
79901
79902
79903
79904
79905
79906
79907
79908
79909
79910
79911
79912
79913
79914
79915
79916
79917
79918
79919
79920
79921
79922
79923
79924
79925
79926
79927
79928
79929
79932
79999
80000
80001
80003
80004
80005
80006
80007
80008
80009
80010
80011
80012
80013
80014
80015
80016
80017
80018
80019
80020
80021
80022
80023
80024
80025
80026
80027
80028
80029
80030
80031
80032
80033
80034
80035
80036
80037
80038
80039
80040
80041
80042
80043
80044
80045
80046
80047
80048
80049
80050
80051
80052
80053
80054
80055
80056
80057
80058
80059
80060
80061
80062
80063
80064
80065
80066
80067
80068
80069
80070
80071
80072
80073
80074
80075
80076
80077
80080
80157
80159
80161
80162
80163
80164
80165
80166
80167
80168
80169
80170
80171
80172
80173
80174
80175
80176
80177
80178
80179
80180
80181
80182
80183
80184
80185
80186
80187
80188
80189
80190
80191
80192
80193
80194
80195
80196
80197
80198
80199
80200
80201
80202
80203
80204
80205
80206
80207
80208
80209
80210
80211
80212
80213
80214
80215
80216
80217
80218
80219
80220
80221
80222
80223
80224
80225
80227
80228
80323
80324
80326
80328
80329
80330
80331
80333
80334
80335
80336
80337
80338
80339
80340
80341
80342
80343
80344
80345
80346
80347
80348
80349
80350
80351
80352
80353
80354
80355
80356
80357
80358
80359
80360
80361
80362
80363
80364
80366
81405
81407
81408
81409
81410
81411
81413
81414
81415
81416
81417
81419
81420
81421
81422
81423
81425
81426
81427
81428
81429
81431
81433
81434
81536
81539
81540
81541
81542
81543
81544
81545
81546
81547
81548
81549
81550
81551
81552
81553
81554
81555
81556
81557
81558
81559
81560
81561
81562
81563
81564
81565
81566
81567
81568
81569
81570
81571
81572
81573
81574
81575
81576
81577
81578
81579
81580
81581
81582
81583
81584
81585
81586
81587
81588
81589
81590
81591
81592
81593
81594
81595
81596
81597
81598
81599
81600
81602
81603
81604
81605
81696
81697
81698
81699
81700
81701
81702
81703
81704
81705
81706
81707
81708
81709
81710
81711
81712
81713
81714
81715
81716
81717
81718
81719
81720
81721
81722
81723
81724
81725
81726
81727
81728
81729
81730
81731
81732
81733
81734
81735
81736
81737
81738
81739
81740
81741
81742
81743
81744
81745
81746
81747
81748
81749
81750
81751
81752
81753
81754
81755
81756
81757
81758
81759
81760
81761
81762
81763
81764
81765
81766
81767
81768
81771
81772
81773
81843
81846
81847
81848
81849
81850
81851
81852
81853
81854
81855
81856
81857
81858
81859
81860
81861
81862
81863
81864
81865
81866
81867
81868
81869
81870
81871
81872
81873
81874
81875
81876
81877
81878
81879
81880
81881
81882
81883
81884
81885
81886
81887
81888
81889
81890
81891
81892
81893
81894
81895
81896
81897
81898
81899
81900
81901
81902
81903
81904
81905
81906
81907
81908
81909
81910
81911
81912
81913
81914
81915
81916
81984
81985
81986
81987
81988
81989
81990
81991
81992
81993
81994
81995
81996
81997
81998
81999
82000
82001
82002
82003
82004
82005
82006
82007
82008
82009
82010
82011
82012
82013
82014
82015
82016
82017
82018
82019
82020
82021
82022
82023
82024
82025
82026
82027
82028
82029
82030
82031
82032
82033
82034
82035
82036
82037
82038
82039
82040
82041
82042
82043
82044
82045
82046
82047
82048
82049
82050
82051
82052
82053
82055
82056
82057
82116
82117
82118
82119
82120
82121
82122
82123
82124
82125
82126
82127
82128
82129
82130
82131
82132
82133
82134
82135
82136
82137
82138
82139
82140
82141
82142
82143
82144
82145
82146
82147
82148
82149
82150
82151
82152
82153
82154
82155
82156
82157
82158
82159
82160
82161
82162
82163
82164
82165
82166
82167
82168
82169
82170
82171
82172
82173
82174
82175
82176
82177
82178
82179
82180
82181
82182
82183
82184
82185
82186
82187
82188
82189
82190
82193
82194
82195
82245
82248
82249
82250
82251
82252
82253
82254
82255
82256
82257
82258
82259
82260
82261
82262
82263
82264
82265
82266
82267
82268
82269
82270
82271
82272
82273
82274
82275
82276
82277
82278
82279
82280
82281
82282
82283
82284
82285
82286
82287
82288
82289
82290
82291
82292
82293
82294
82295
82296
82297
82298
82299
82300
82301
82302
82303
82304
82305
82306
82307
82308
82309
82310
82311
82312
82313
82314
82315
82316
82317
82318
82319
82320
82321
82322
82323
82324
82377
82378
82379
82380
82381
82382
82383
82384
82385
82386
82387
82388
82389
82390
82391
82392
82393
82394
82395
82396
82397
82398
82399
82400
82401
82402
82403
82404
82405
82406
82407
82408
82409
82410
82411
82412
82413
82414
82415
82416
82417
82418
82419
82420
82421
82422
82423
82424
82425
82426
82427
82428
82429
82430
82431
82432
82433
82434
82435
82436
82437
82438
82439
82440
82441
82442
82443
82444
82445
82446
82447
82448
82449
82451
82453
82454
82501
82502
82503
82504
82505
82506
82507
82508
82509
82510
82511
82512
82513
82514
82515
82516
82517
82518
82519
82520
82521
82522
82523
82524
82525
82526
82527
82528
82529
82530
82531
82532
82533
82534
82535
82536
82537
82538
82539
82540
82541
82542
82543
82544
82545
82546
82547
82548
82549
82550
82551
82552
82553
82554
82555
82556
82557
82558
82559
82560
82561
82562
82563
82564
82565
82566
82567
82568
82569
82570
82571
82572
82573
82574
82576
82577
82578
82620
82621
82623
82624
82625
82626
82627
82628
82629
82630
82631
82632
82633
82634
82635
82636
82637
82638
82639
82640
82641
82642
82643
82644
82645
82646
82647
82648
82649
82650
82651
82652
82653
82654
82655
82656
82657
82658
82659
82660
82661
82662
82663
82664
82665
82666
82667
82668
82669
82670
82671
82672
82673
82674
82675
82676
82677
82678
82679
82680
82681
82682
82683
82684
82685
82686
82687
82688
82689
82690
82691
82692
82693
82694
82695
82696
82697
82698
82699
82700
82701
82702
82703
82704
82705
82747
82748
82750
82751
82752
82753
82754
82755
82756
82757
82758
82759
82760
82761
82762
82763
82764
82765
82766
82767
82768
82769
82770
82771
82772
82773
82774
82775
82776
82777
82778
82779
82780
82781
82782
82783
82784
82785
82786
82787
82788
82789
82790
82791
82792
82793
82794
82795
82796
82797
82798
82799
82800
82801
82802
82803
82804
82805
82806
82807
82808
82809
82810
82811
82812
82813
82814
82815
82816
82817
82818
82819
82820
82821
82822
82823
82824
82866
82867
82869
82870
82871
82872
82873
82874
82875
82876
82877
82878
82879
82880
82881
82882
82883
82884
82885
82886
82887
82888
82889
82890
82891
82892
82893
82894
82895
82896
82897
82898
82899
82900
82901
82902
82903
82904
82905
82906
82907
82908
82909
82910
82911
82912
82913
82914
82915
82916
82917
82918
82919
82920
82921
82922
82923
82924
82925
82926
82927
82928
82929
82930
82931
82932
82933
82934
82935
82936
82937
82938
82939
82940
82941
82942
82943
82985
82986
82988
82989
82990
82991
82992
82993
82994
82995
82996
82997
82998
82999
83000
83001
83002
83003
83004
83005
83006
83007
83008
83009
83010
83011
83012
83013
83014
83015
83016
83017
83018
83019
83020
83021
83022
83023
83024
83025
83026
83027
83028
83029
83030
83031
83032
83033
83034
83035
83036
83037
83038
83039
83040
83041
83042
83043
83044
83045
83046
83047
83048
83049
83050
83051
83052
83053
83054
83055
83056
83057
83058
83059
83060
83061
83062
83063
83064
83065
83066
83067
83068
83110
83111
83113
83115
83116
83117
83118
83119
83120
83121
83122
83123
83124
83125
83126
83127
83128
83129
83130
83131
83132
83133
83134
83135
83136
83137
83138
83139
83140
83141
83142
83143
83144
83145
83146
83147
83148
83149
83150
83151
83152
83153
83154
83155
83156
83157
83158
83159
83160
83161
83162
83163
83164
83165
83166
83167
83168
83169
83170
83171
83172
83173
83174
83175
83176
83177
83178
83179
83180
83181
83182
83183
83184
83185
83186
83187
83188
83189
83190
83191
83239
83240
83241
83242
83243
83244
83245
83246
83247
83248
83249
83250
83251
83252
83253
83254
83255
83256
83257
83258
83259
83260
83261
83262
83263
83264
83265
83266
83267
83268
83269
83270
83271
83272
83273
83274
83275
83276
83277
83278
83279
83280
83281
83282
83283
83284
83285
83286
83287
83288
83289
83290
83291
83292
83293
83294
83295
83296
83297
83298
83299
83300
83301
83302
83303
83304
83305
83306
83307
83308
83309
83310
83311
83312
83313
83315
83316
83365
83366
83368
83369
83370
83371
83372
83373
83374
83375
83376
83377
83378
83379
83380
83381
83382
83383
83384
83385
83386
83387
83388
83389
83390
83391
83392
83393
83394
83395
83396
83397
83398
83399
83400
83401
83402
83403
83404
83405
83406
83407
83408
83409
83410
83411
83412
83413
83414
83415
83416
83417
83418
83419
83420
83421
83422
83423
83424
83425
83426
83427
83428
83429
83430
83431
83432
83433
83434
83435
83436
83437
83438
83439
83440
83441
83442
83500
83501
83502
83503
83504
83505
83506
83507
83508
83509
83510
83511
83512
83513
83514
83515
83516
83517
83518
83519
83520
83521
83522
83523
83524
83525
83526
83527
83528
83529
83530
83531
83532
83533
83534
83535
83536
83537
83538
83539
83540
83541
83542
83543
83544
83545
83546
83547
83548
83549
83550
83551
83552
83553
83554
83555
83556
83557
83558
83559
83560
83561
83562
83563
83564
83565
83566
83567
83568
83569
83570
83571
83573
83574
83575
83630
83632
83634
83635
83636
83637
83638
83639
83640
83641
83642
83643
83644
83645
83646
83647
83648
83649
83650
83651
83652
83653
83654
83655
83656
83657
83658
83659
83660
83661
83662
83663
83664
83665
83666
83667
83668
83669
83670
83671
83672
83673
83674
83675
83676
83677
83678
83679
83680
83681
83682
83683
83684
83685
83686
83687
83688
83689
83690
83691
83692
83693
83694
83695
83696
83697
83698
83699
83700
83701
83702
83703
83704
83705
83769
83770
83771
83772
83773
83774
83775
83776
83777
83778
83779
83780
83781
83782
83783
83784
83785
83786
83787
83788
83789
83790
83791
83792
83793
83794
83795
83796
83797
83798
83799
83800
83801
83802
83803
83804
83805
83806
83807
83808
83809
83810
83811
83812
83813
83814
83815
83816
83817
83818
83819
83820
83821
83822
83823
83824
83825
83826
83827
83828
83829
83830
83831
83832
83833
83834
83835
83836
83837
83838
83839
83840
83841
83844
83911
83912
83913
83915
83916
83917
83918
83919
83920
83921
83922
83923
83924
83925
83926
83927
83928
83929
83930
83931
83932
83933
83934
83935
83936
83937
83938
83939
83940
83941
83942
83943
83944
83945
83946
83947
83948
83949
83950
83951
83952
83953
83954
83955
83956
83957
83958
83959
83960
83961
83962
83963
83964
83965
83966
83967
83968
83969
83970
83971
83972
83973
83974
83975
83976
83977
83978
83979
83980
83981
83982
83983
83984
83985
83986
83987
83988
83989
83992
84069
84071
84073
84074
84075
84076
84077
84078
84079
84080
84081
84082
84083
84084
84085
84086
84087
84088
84089
84090
84091
84092
84093
84094
84095
84096
84097
84098
84099
84100
84101
84102
84103
84104
84105
84106
84107
84108
84109
84110
84111
84112
84113
84114
84115
84116
84117
84118
84119
84120
84121
84122
84123
84124
84125
84126
84127
84128
84129
84130
84131
84132
84133
84134
84135
84136
84137
84139
84140
84235
84236
84238
84240
84241
84242
84243
84245
84246
84247
84248
84249
84250
84251
84252
84253
84254
84255
84256
84257
84258
84259
84260
84261
84262
84263
84264
84265
84266
84267
84268
84269
84270
84271
84272
84273
84274
84275
84276
84278
85317
85319
85320
85321
85322
85323
85325
85326
85327
85328
85329
85331
85332
85333
85334
85335
85337
85338
85339
85340
85341
85343
85345
85346
85448
85451
85452
85453
85454
85455
85456
85457
85458
85459
85460
85461
85462
85463
85464
85465
85466
85467
85468
85469
85470
85471
85472
85473
85474
85475
85476
85477
85478
85479
85480
85481
85482
85483
85484
85485
85486
85487
85488
85489
85490
85491
85492
85493
85494
85495
85496
85497
85498
85499
85500
85501
85502
85503
85504
85505
85506
85507
85508
85509
85510
85511
85512
85514
85515
85516
85517
85608
85609
85610
85611
85612
85613
85614
85615
85616
85617
85618
85619
85620
85621
85622
85623
85624
85625
85626
85627
85628
85629
85630
85631
85632
85633
85634
85635
85636
85637
85638
85639
85640
85641
85642
85643
85644
85645
85646
85647
85648
85649
85650
85651
85652
85653
85654
85655
85656
85657
85658
85659
85660
85661
85662
85663
85664
85665
85666
85667
85668
85669
85670
85671
85672
85673
85674
85675
85676
85677
85678
85679
85680
85683
85684
85685
85755
85758
85759
85760
85761
85762
85763
85764
85765
85766
85767
85768
85769
85770
85771
85772
85773
85774
85775
85776
85777
85778
85779
85780
85781
85782
85783
85784
85785
85786
85787
85788
85789
85790
85791
85792
85793
85794
85795
85796
85797
85798
85799
85800
85801
85802
85803
85804
85805
85806
85807
85808
85809
85810
85811
85812
85813
85814
85815
85816
85817
85818
85819
85820
85821
85822
85823
85824
85825
85826
85827
85828
85896
85897
85898
85899
85900
85901
85902
85903
85904
85905
85906
85907
85908
85909
85910
85911
85912
85913
85914
85915
85916
85917
85918
85919
85920
85921
85922
85923
85924
85925
85926
85927
85928
85929
85930
85931
85932
85933
85934
85935
85936
85937
85938
85939
85940
85941
85942
85943
85944
85945
85946
85947
85948
85949
85950
85951
85952
85953
85954
85955
85956
85957
85958
85959
85960
85961
85962
85963
85964
85965
85967
85968
85969
86028
86029
86030
86031
86032
86033
86034
86035
86036
86037
86038
86039
86040
86041
86042
86043
86044
86045
86046
86047
86048
86049
86050
86051
86052
86053
86054
86055
86056
86057
86058
86059
86060
86061
86062
86063
86064
86065
86066
86067
86068
86069
86070
86071
86072
86073
86074
86075
86076
86077
86078
86079
86080
86081
86082
86083
86084
86085
86086
86087
86088
86089
86090
86091
86092
86093
86094
86095
86096
86097
86098
86099
86100
86101
86102
86105
86106
86107
86157
86160
86161
86162
86163
86164
86165
86166
86167
86168
86169
86170
86171
86172
86173
86174
86175
86176
86177
86178
86179
86180
86181
86182
86183
86184
86185
86186
86187
86188
86189
86190
86191
86192
86193
86194
86195
86196
86197
86198
86199
86200
86201
86202
86203
86204
86205
86206
86207
86208
86209
86210
86211
86212
86213
86214
86215
86216
86217
86218
86219
86220
86221
86222
86223
86224
86225
86226
86227
86228
86229
86230
86231
86232
86233
86234
86235
86236
86289
86290
86291
86292
86293
86294
86295
86296
86297
86298
86299
86300
86301
86302
86303
86304
86305
86306
86307
86308
86309
86310
86311
86312
86313
86314
86315
86316
86317
86318
86319
86320
86321
86322
86323
86324
86325
86326
86327
86328
86329
86330
86331
86332
86333
86334
86335
86336
86337
86338
86339
86340
86341
86342
86343
86344
86345
86346
86347
86348
86349
86350
86351
86352
86353
86354
86355
86356
86357
86358
86359
86360
86361
86363
86365
86366
86413
86414
86415
86416
86417
86418
86419
86420
86421
86422
86423
86424
86425
86426
86427
86428
86429
86430
86431
86432
86433
86434
86435
86436
86437
86438
86439
86440
86441
86442
86443
86444
86445
86446
86447
86448
86449
86450
86451
86452
86453
86454
86455
86456
86457
86458
86459
86460
86461
86462
86463
86464
86465
86466
86467
86468
86469
86470
86471
86472
86473
86474
86475
86476
86477
86478
86479
86480
86481
86482
86483
86484
86485
86486
86488
86489
86490
86532
86533
86535
86536
86537
86538
86539
86540
86541
86542
86543
86544
86545
86546
86547
86548
86549
86550
86551
86552
86553
86554
86555
86556
86557
86558
86559
86560
86561
86562
86563
86564
86565
86566
86567
86568
86569
86570
86571
86572
86573
86574
86575
86576
86577
86578
86579
86580
86581
86582
86583
86584
86585
86586
86587
86588
86589
86590
86591
86592
86593
86594
86595
86596
86597
86598
86599
86600
86601
86602
86603
86604
86605
86606
86607
86608
86609
86610
86611
86612
86613
86614
86615
86616
86617
86659
86660
86662
86663
86664
86665
86666
86667
86668
86669
86670
86671
86672
86673
86674
86675
86676
86677
86678
86679
86680
86681
86682
86683
86684
86685
86686
86687
86688
86689
86690
86691
86692
86693
86694
86695
86696
86697
86698
86699
86700
86701
86702
86703
86704
86705
86706
86707
86708
86709
86710
86711
86712
86713
86714
86715
86716
86717
86718
86719
86720
86721
86722
86723
86724
86725
86726
86727
86728
86729
86730
86731
86732
86733
86734
86735
86736
86778
86779
86781
86782
86783
86784
86785
86786
86787
86788
86789
86790
86791
86792
86793
86794
86795
86796
86797
86798
86799
86800
86801
86802
86803
86804
86805
86806
86807
86808
86809
86810
86811
86812
86813
86814
86815
86816
86817
86818
86819
86820
86821
86822
86823
86824
86825
86826
86827
86828
86829
86830
86831
86832
86833
86834
86835
86836
86837
86838
86839
86840
86841
86842
86843
86844
86845
86846
86847
86848
86849
86850
86851
86852
86853
86854
86855
86897
86898
86900
86901
86902
86903
86904
86905
86906
86907
86908
86909
86910
86911
86912
86913
86914
86915
86916
86917
86918
86919
86920
86921
86922
86923
86924
86925
86926
86927
86928
86929
86930
86931
86932
86933
86934
86935
86936
86937
86938
86939
86940
86941
86942
86943
86944
86945
86946
86947
86948
86949
86950
86951
86952
86953
86954
86955
86956
86957
86958
86959
86960
86961
86962
86963
86964
86965
86966
86967
86968
86969
86970
86971
86972
86973
86974
86975
86976
86977
86978
86979
86980
87022
87023
87025
87027
87028
87029
87030
87031
87032
87033
87034
87035
87036
87037
87038
87039
87040
87041
87042
87043
87044
87045
87046
87047
87048
87049
87050
87051
87052
87053
87054
87055
87056
87057
87058
87059
87060
87061
87062
87063
87064
87065
87066
87067
87068
87069
87070
87071
87072
87073
87074
87075
87076
87077
87078
87079
87080
87081
87082
87083
87084
87085
87086
87087
87088
87089
87090
87091
87092
87093
87094
87095
87096
87097
87098
87099
87100
87101
87102
87103
87151
87152
87153
87154
87155
87156
87157
87158
87159
87160
87161
87162
87163
87164
87165
87166
87167
87168
87169
87170
87171
87172
87173
87174
87175
87176
87177
87178
87179
87180
87181
87182
87183
87184
87185
87186
87187
87188
87189
87190
87191
87192
87193
87194
87195
87196
87197
87198
87199
87200
87201
87202
87203
87204
87205
87206
87207
87208
87209
87210
87211
87212
87213
87214
87215
87216
87217
87218
87219
87220
87221
87222
87223
87224
87225
87227
87228
87277
87278
87280
87281
87282
87283
87284
87285
87286
87287
87288
87289
87290
87291
87292
87293
87294
87295
87296
87297
87298
87299
87300
87301
87302
87303
87304
87305
87306
87307
87308
87309
87310
87311
87312
87313
87314
87315
87316
87317
87318
87319
87320
87321
87322
87323
87324
87325
87326
87327
87328
87329
87330
87331
87332
87333
87334
87335
87336
87337
87338
87339
87340
87341
87342
87343
87344
87345
87346
87347
87348
87349
87350
87351
87352
87353
87354
87412
87413
87414
87415
87416
87417
87418
87419
87420
87421
87422
87423
87424
87425
87426
87427
87428
87429
87430
87431
87432
87433
87434
87435
87436
87437
87438
87439
87440
87441
87442
87443
87444
87445
87446
87447
87448
87449
87450
87451
87452
87453
87454
87455
87456
87457
87458
87459
87460
87461
87462
87463
87464
87465
87466
87467
87468
87469
87470
87471
87472
87473
87474
87475
87476
87477
87478
87479
87480
87481
87482
87483
87485
87486
87487
87542
87544
87546
87547
87548
87549
87550
87551
87552
87553
87554
87555
87556
87557
87558
87559
87560
87561
87562
87563
87564
87565
87566
87567
87568
87569
87570
87571
87572
87573
87574
87575
87576
87577
87578
87579
87580
87581
87582
87583
87584
87585
87586
87587
87588
87589
87590
87591
87592
87593
87594
87595
87596
87597
87598
87599
87600
87601
87602
87603
87604
87605
87606
87607
87608
87609
87610
87611
87612
87613
87614
87615
87616
87617
87681
87682
87683
87684
87685
87686
87687
87688
87689
87690
87691
87692
87693
87694
87695
87696
87697
87698
87699
87700
87701
87702
87703
87704
87705
87706
87707
87708
87709
87710
87711
87712
87713
87714
87715
87716
87717
87718
87719
87720
87721
87722
87723
87724
87725
87726
87727
87728
87729
87730
87731
87732
87733
87734
87735
87736
87737
87738
87739
87740
87741
87742
87743
87744
87745
87746
87747
87748
87749
87750
87751
87752
87753
87756
87823
87824
87825
87827
87828
87829
87830
87831
87832
87833
87834
87835
87836
87837
87838
87839
87840
87841
87842
87843
87844
87845
87846
87847
87848
87849
87850
87851
87852
87853
87854
87855
87856
87857
87858
87859
87860
87861
87862
87863
87864
87865
87866
87867
87868
87869
87870
87871
87872
87873
87874
87875
87876
87877
87878
87879
87880
87881
87882
87883
87884
87885
87886
87887
87888
87889
87890
87891
87892
87893
87894
87895
87896
87897
87898
87899
87900
87901
87904
87981
87983
87985
87986
87987
87988
87989
87990
87991
87992
87993
87994
87995
87996
87997
87998
87999
88000
88001
88002
88003
88004
88005
88006
88007
88008
88009
88010
88011
88012
88013
88014
88015
88016
88017
88018
88019
88020
88021
88022
88023
88024
88025
88026
88027
88028
88029
88030
88031
88032
88033
88034
88035
88036
88037
88038
88039
88040
88041
88042
88043
88044
88045
88046
88047
88048
88049
88051
88052
88147
88148
88150
88152
88153
88154
88155
88157
88158
88159
88160
88161
88162
88163
88164
88165
88166
88167
88168
88169
88170
88171
88172
88173
88174
88175
88176
88177
88178
88179
88180
88181
88182
88183
88184
88185
88186
88187
88188
88190
89229
89231
89232
89233
89234
89235
89237
89238
89239
89240
89241
89243
89244
89245
89246
89247
89249
89250
89251
89252
89253
89255
89257
89258
89360
89363
89364
89365
89366
89367
89368
89369
89370
89371
89372
89373
89374
89375
89376
89377
89378
89379
89380
89381
89382
89383
89384
89385
89386
89387
89388
89389
89390
89391
89392
89393
89394
89395
89396
89397
89398
89399
89400
89401
89402
89403
89404
89405
89406
89407
89408
89409
89410
89411
89412
89413
89414
89415
89416
89417
89418
89419
89420
89421
89422
89423
89424
89426
89427
89428
89429
89520
89521
89522
89523
89524
89525
89526
89527
89528
89529
89530
89531
89532
89533
89534
89535
89536
89537
89538
89539
89540
89541
89542
89543
89544
89545
89546
89547
89548
89549
89550
89551
89552
89553
89554
89555
89556
89557
89558
89559
89560
89561
89562
89563
89564
89565
89566
89567
89568
89569
89570
89571
89572
89573
89574
89575
89576
89577
89578
89579
89580
89581
89582
89583
89584
89585
89586
89587
89588
89589
89590
89591
89592
89595
89596
89597
89667
89670
89671
89672
89673
89674
89675
89676
89677
89678
89679
89680
89681
89682
89683
89684
89685
89686
89687
89688
89689
89690
89691
89692
89693
89694
89695
89696
89697
89698
89699
89700
89701
89702
89703
89704
89705
89706
89707
89708
89709
89710
89711
89712
89713
89714
89715
89716
89717
89718
89719
89720
89721
89722
89723
89724
89725
89726
89727
89728
89729
89730
89731
89732
89733
89734
89735
89736
89737
89738
89739
89740
89808
89809
89810
89811
89812
89813
89814
89815
89816
89817
89818
89819
89820
89821
89822
89823
89824
89825
89826
89827
89828
89829
89830
89831
89832
89833
89834
89835
89836
89837
89838
89839
89840
89841
89842
89843
89844
89845
89846
89847
89848
89849
89850
89851
89852
89853
89854
89855
89856
89857
89858
89859
89860
89861
89862
89863
89864
89865
89866
89867
89868
89869
89870
89871
89872
89873
89874
89875
89876
89877
89879
89880
89881
89940
89941
89942
89943
89944
89945
89946
89947
89948
89949
89950
89951
89952
89953
89954
89955
89956
89957
89958
89959
89960
89961
89962
89963
89964
89965
89966
89967
89968
89969
89970
89971
89972
89973
89974
89975
89976
89977
89978
89979
89980
89981
89982
89983
89984
89985
89986
89987
89988
89989
89990
89991
89992
89993
89994
89995
89996
89997
89998
89999
90000
90001
90002
90003
90004
90005
90006
90007
90008
90009
90010
90011
90012
90013
90014
90017
90018
90019
90069
90072
90073
90074
90075
90076
90077
90078
90079
90080
90081
90082
90083
90084
90085
90086
90087
90088
90089
90090
90091
90092
90093
90094
90095
90096
90097
90098
90099
90100
90101
90102
90103
90104
90105
90106
90107
90108
90109
90110
90111
90112
90113
90114
90115
90116
90117
90118
90119
90120
90121
90122
90123
90124
90125
90126
90127
90128
90129
90130
90131
90132
90133
90134
90135
90136
90137
90138
90139
90140
90141
90142
90143
90144
90145
90146
90147
90148
90201
90202
90203
90204
90205
90206
90207
90208
90209
90210
90211
90212
90213
90214
90215
90216
90217
90218
90219
90220
90221
90222
90223
90224
90225
90226
90227
90228
90229
90230
90231
90232
90233
90234
90235
90236
90237
90238
90239
90240
90241
90242
90243
90244
90245
90246
90247
90248
90249
90250
90251
90252
90253
90254
90255
90256
90257
90258
90259
90260
90261
90262
90263
90264
90265
90266
90267
90268
90269
90270
90271
90272
90273
90275
90277
90278
90325
90326
90327
90328
90329
90330
90331
90332
90333
90334
90335
90336
90337
90338
90339
90340
90341
90342
90343
90344
90345
90346
90347
90348
90349
90350
90351
90352
90353
90354
90355
90356
90357
90358
90359
90360
90361
90362
90363
90364
90365
90366
90367
90368
90369
90370
90371
90372
90373
90374
90375
90376
90377
90378
90379
90380
90381
90382
90383
90384
90385
90386
90387
90388
90389
90390
90391
90392
90393
90394
90395
90396
90397
90398
90400
90401
90402
90444
90445
90447
90448
90449
90450
90451
90452
90453
90454
90455
90456
90457
90458
90459
90460
90461
90462
90463
90464
90465
90466
90467
90468
90469
90470
90471
90472
90473
90474
90475
90476
90477
90478
90479
90480
90481
90482
90483
90484
90485
90486
90487
90488
90489
90490
90491
90492
90493
90494
90495
90496
90497
90498
90499
90500
90501
90502
90503
90504
90505
90506
90507
90508
90509
90510
90511
90512
90513
90514
90515
90516
90517
90518
90519
90520
90521
90522
90523
90524
90525
90526
90527
90528
90529
90571
90572
90574
90575
90576
90577
90578
90579
90580
90581
90582
90583
90584
90585
90586
90587
90588
90589
90590
90591
90592
90593
90594
90595
90596
90597
90598
90599
90600
90601
90602
90603
90604
90605
90606
90607
90608
90609
90610
90611
90612
90613
90614
90615
90616
90617
90618
90619
90620
90621
90622
90623
90624
90625
90626
90627
90628
90629
90630
90631
90632
90633
90634
90635
90636
90637
90638
90639
90640
90641
90642
90643
90644
90645
90646
90647
90648
90690
90691
90693
90694
90695
90696
90697
90698
90699
90700
90701
90702
90703
90704
90705
90706
90707
90708
90709
90710
90711
90712
90713
90714
90715
90716
90717
90718
90719
90720
90721
90722
90723
90724
90725
90726
90727
90728
90729
90730
90731
90732
90733
90734
90735
90736
90737
90738
90739
90740
90741
90742
90743
90744
90745
90746
90747
90748
90749
90750
90751
90752
90753
90754
90755
90756
90757
90758
90759
90760
90761
90762
90763
90764
90765
90766
90767
90809
90810
90812
90813
90814
90815
90816
90817
90818
90819
90820
90821
90822
90823
90824
90825
90826
90827
90828
90829
90830
90831
90832
90833
90834
90835
90836
90837
90838
90839
90840
90841
90842
90843
90844
90845
90846
90847
90848
90849
90850
90851
90852
90853
90854
90855
90856
90857
90858
90859
90860
90861
90862
90863
90864
90865
90866
90867
90868
90869
90870
90871
90872
90873
90874
90875
90876
90877
90878
90879
90880
90881
90882
90883
90884
90885
90886
90887
90888
90889
90890
90891
90892
90934
90935
90937
90939
90940
90941
90942
90943
90944
90945
90946
90947
90948
90949
90950
90951
90952
90953
90954
90955
90956
90957
90958
90959
90960
90961
90962
90963
90964
90965
90966
90967
90968
90969
90970
90971
90972
90973
90974
90975
90976
90977
90978
90979
90980
90981
90982
90983
90984
90985
90986
90987
90988
90989
90990
90991
90992
90993
90994
90995
90996
90997
90998
90999
91000
91001
91002
91003
91004
91005
91006
91007
91008
91009
91010
91011
91012
91013
91014
91015
91063
91064
91065
91066
91067
91068
91069
91070
91071
91072
91073
91074
91075
91076
91077
91078
91079
91080
91081
91082
91083
91084
91085
91086
91087
91088
91089
91090
91091
91092
91093
91094
91095
91096
91097
91098
91099
91100
91101
91102
91103
91104
91105
91106
91107
91108
91109
91110
91111
91112
91113
91114
91115
91116
91117
91118
91119
91120
91121
91122
91123
91124
91125
91126
91127
91128
91129
91130
91131
91132
91133
91134
91135
91136
91137
91139
91140
91189
91190
91192
91193
91194
91195
91196
91197
91198
91199
91200
91201
91202
91203
91204
91205
91206
91207
91208
91209
91210
91211
91212
91213
91214
91215
91216
91217
91218
91219
91220
91221
91222
91223
91224
91225
91226
91227
91228
91229
91230
91231
91232
91233
91234
91235
91236
91237
91238
91239
91240
91241
91242
91243
91244
91245
91246
91247
91248
91249
91250
91251
91252
91253
91254
91255
91256
91257
91258
91259
91260
91261
91262
91263
91264
91265
91266
91324
91325
91326
91327
91328
91329
91330
91331
91332
91333
91334
91335
91336
91337
91338
91339
91340
91341
91342
91343
91344
91345
91346
91347
91348
91349
91350
91351
91352
91353
91354
91355
91356
91357
91358
91359
91360
91361
91362
91363
91364
91365
91366
91367
91368
91369
91370
91371
91372
91373
91374
91375
91376
91377
91378
91379
91380
91381
91382
91383
91384
91385
91386
91387
91388
91389
91390
91391
91392
91393
91394
91395
91397
91398
91399
91454
91456
91458
91459
91460
91461
91462
91463
91464
91465
91466
91467
91468
91469
91470
91471
91472
91473
91474
91475
91476
91477
91478
91479
91480
91481
91482
91483
91484
91485
91486
91487
91488
91489
91490
91491
91492
91493
91494
91495
91496
91497
91498
91499
91500
91501
91502
91503
91504
91505
91506
91507
91508
91509
91510
91511
91512
91513
91514
91515
91516
91517
91518
91519
91520
91521
91522
91523
91524
91525
91526
91527
91528
91529
91593
91594
91595
91596
91597
91598
91599
91600
91601
91602
91603
91604
91605
91606
91607
91608
91609
91610
91611
91612
91613
91614
91615
91616
91617
91618
91619
91620
91621
91622
91623
91624
91625
91626
91627
91628
91629
91630
91631
91632
91633
91634
91635
91636
91637
91638
91639
91640
91641
91642
91643
91644
91645
91646
91647
91648
91649
91650
91651
91652
91653
91654
91655
91656
91657
91658
91659
91660
91661
91662
91663
91664
91665
91668
91735
91736
91737
91739
91740
91741
91742
91743
91744
91745
91746
91747
91748
91749
91750
91751
91752
91753
91754
91755
91756
91757
91758
91759
91760
91761
91762
91763
91764
91765
91766
91767
91768
91769
91770
91771
91772
91773
91774
91775
91776
91777
91778
91779
91780
91781
91782
91783
91784
91785
91786
91787
91788
91789
91790
91791
91792
91793
91794
91795
91796
91797
91798
91799
91800
91801
91802
91803
91804
91805
91806
91807
91808
91809
91810
91811
91812
91813
91816
91893
91895
91897
91898
91899
91900
91901
91902
91903
91904
91905
91906
91907
91908
91909
91910
91911
91912
91913
91914
91915
91916
91917
91918
91919
91920
91921
91922
91923
91924
91925
91926
91927
91928
91929
91930
91931
91932
91933
91934
91935
91936
91937
91938
91939
91940
91941
91942
91943
91944
91945
91946
91947
91948
91949
91950
91951
91952
91953
91954
91955
91956
91957
91958
91959
91960
91961
91963
91964
92059
92060
92062
92064
92065
92066
92067
92069
92070
92071
92072
92073
92074
92075
92076
92077
92078
92079
92080
92081
92082
92083
92084
92085
92086
92087
92088
92089
92090
92091
92092
92093
92094
92095
92096
92097
92098
92099
92100
92102
93141
93143
93144
93145
93146
93147
93149
93150
93151
93152
93153
93155
93156
93157
93158
93159
93161
93162
93163
93164
93165
93167
93169
93170
93272
93275
93276
93277
93278
93279
93280
93281
93282
93283
93284
93285
93286
93287
93288
93289
93290
93291
93292
93293
93294
93295
93296
93297
93298
93299
93300
93301
93302
93303
93304
93305
93306
93307
93308
93309
93310
93311
93312
93313
93314
93315
93316
93317
93318
93319
93320
93321
93322
93323
93324
93325
93326
93327
93328
93329
93330
93331
93332
93333
93334
93335
93336
93338
93339
93340
93341
93432
93433
93434
93435
93436
93437
93438
93439
93440
93441
93442
93443
93444
93445
93446
93447
93448
93449
93450
93451
93452
93453
93454
93455
93456
93457
93458
93459
93460
93461
93462
93463
93464
93465
93466
93467
93468
93469
93470
93471
93472
93473
93474
93475
93476
93477
93478
93479
93480
93481
93482
93483
93484
93485
93486
93487
93488
93489
93490
93491
93492
93493
93494
93495
93496
93497
93498
93499
93500
93501
93502
93503
93504
93507
93508
93509
93579
93582
93583
93584
93585
93586
93587
93588
93589
93590
93591
93592
93593
93594
93595
93596
93597
93598
93599
93600
93601
93602
93603
93604
93605
93606
93607
93608
93609
93610
93611
93612
93613
93614
93615
93616
93617
93618
93619
93620
93621
93622
93623
93624
93625
93626
93627
93628
93629
93630
93631
93632
93633
93634
93635
93636
93637
93638
93639
93640
93641
93642
93643
93644
93645
93646
93647
93648
93649
93650
93651
93652
93720
93721
93722
93723
93724
93725
93726
93727
93728
93729
93730
93731
93732
93733
93734
93735
93736
93737
93738
93739
93740
93741
93742
93743
93744
93745
93746
93747
93748
93749
93750
93751
93752
93753
93754
93755
93756
93757
93758
93759
93760
93761
93762
93763
93764
93765
93766
93767
93768
93769
93770
93771
93772
93773
93774
93775
93776
93777
93778
93779
93780
93781
93782
93783
93784
93785
93786
93787
93788
93789
93791
93792
93793
93852
93853
93854
93855
93856
93857
93858
93859
93860
93861
93862
93863
93864
93865
93866
93867
93868
93869
93870
93871
93872
93873
93874
93875
93876
93877
93878
93879
93880
93881
93882
93883
93884
93885
93886
93887
93888
93889
93890
93891
93892
93893
93894
93895
93896
93897
93898
93899
93900
93901
93902
93903
93904
93905
93906
93907
93908
93909
93910
93911
93912
93913
93914
93915
93916
93917
93918
93919
93920
93921
93922
93923
93924
93925
93926
93929
93930
93931
93981
93984
93985
93986
93987
93988
93989
93990
93991
93992
93993
93994
93995
93996
93997
93998
93999
94000
94001
94002
94003
94004
94005
94006
94007
94008
94009
94010
94011
94012
94013
94014
94015
94016
94017
94018
94019
94020
94021
94022
94023
94024
94025
94026
94027
94028
94029
94030
94031
94032
94033
94034
94035
94036
94037
94038
94039
94040
94041
94042
94043
94044
94045
94046
94047
94048
94049
94050
94051
94052
94053
94054
94055
94056
94057
94058
94059
94060
94113
94114
94115
94116
94117
94118
94119
94120
94121
94122
94123
94124
94125
94126
94127
94128
94129
94130
94131
94132
94133
94134
94135
94136
94137
94138
94139
94140
94141
94142
94143
94144
94145
94146
94147
94148
94149
94150
94151
94152
94153
94154
94155
94156
94157
94158
94159
94160
94161
94162
94163
94164
94165
94166
94167
94168
94169
94170
94171
94172
94173
94174
94175
94176
94177
94178
94179
94180
94181
94182
94183
94184
94185
94187
94189
94190
94237
94238
94239
94240
94241
94242
94243
94244
94245
94246
94247
94248
94249
94250
94251
94252
94253
94254
94255
94256
94257
94258
94259
94260
94261
94262
94263
94264
94265
94266
94267
94268
94269
94270
94271
94272
94273
94274
94275
94276
94277
94278
94279
94280
94281
94282
94283
94284
94285
94286
94287
94288
94289
94290
94291
94292
94293
94294
94295
94296
94297
94298
94299
94300
94301
94302
94303
94304
94305
94306
94307
94308
94309
94310
94312
94313
94314
94356
94357
94359
94360
94361
94362
94363
94364
94365
94366
94367
94368
94369
94370
94371
94372
94373
94374
94375
94376
94377
94378
94379
94380
94381
94382
94383
94384
94385
94386
94387
94388
94389
94390
94391
94392
94393
94394
94395
94396
94397
94398
94399
94400
94401
94402
94403
94404
94405
94406
94407
94408
94409
94410
94411
94412
94413
94414
94415
94416
94417
94418
94419
94420
94421
94422
94423
94424
94425
94426
94427
94428
94429
94430
94431
94432
94433
94434
94435
94436
94437
94438
94439
94440
94441
94483
94484
94486
94487
94488
94489
94490
94491
94492
94493
94494
94495
94496
94497
94498
94499
94500
94501
94502
94503
94504
94505
94506
94507
94508
94509
94510
94511
94512
94513
94514
94515
94516
94517
94518
94519
94520
94521
94522
94523
94524
94525
94526
94527
94528
94529
94530
94531
94532
94533
94534
94535
94536
94537
94538
94539
94540
94541
94542
94543
94544
94545
94546
94547
94548
94549
94550
94551
94552
94553
94554
94555
94556
94557
94558
94559
94560
94602
94603
94605
94606
94607
94608
94609
94610
94611
94612
94613
94614
94615
94616
94617
94618
94619
94620
94621
94622
94623
94624
94625
94626
94627
94628
94629
94630
94631
94632
94633
94634
94635
94636
94637
94638
94639
94640
94641
94642
94643
94644
94645
94646
94647
94648
94649
94650
94651
94652
94653
94654
94655
94656
94657
94658
94659
94660
94661
94662
94663
94664
94665
94666
94667
94668
94669
94670
94671
94672
94673
94674
94675
94676
94677
94678
94679
94721
94722
94724
94725
94726
94727
94728
94729
94730
94731
94732
94733
94734
94735
94736
94737
94738
94739
94740
94741
94742
94743
94744
94745
94746
94747
94748
94749
94750
94751
94752
94753
94754
94755
94756
94757
94758
94759
94760
94761
94762
94763
94764
94765
94766
94767
94768
94769
94770
94771
94772
94773
94774
94775
94776
94777
94778
94779
94780
94781
94782
94783
94784
94785
94786
94787
94788
94789
94790
94791
94792
94793
94794
94795
94796
94797
94798
94799
94800
94801
94802
94803
94804
94846
94847
94849
94851
94852
94853
94854
94855
94856
94857
94858
94859
94860
94861
94862
94863
94864
94865
94866
94867
94868
94869
94870
94871
94872
94873
94874
94875
94876
94877
94878
94879
94880
94881
94882
94883
94884
94885
94886
94887
94888
94889
94890
94891
94892
94893
94894
94895
94896
94897
94898
94899
94900
94901
94902
94903
94904
94905
94906
94907
94908
94909
94910
94911
94912
94913
94914
94915
94916
94917
94918
94919
94920
94921
94922
94923
94924
94925
94926
94927
94975
94976
94977
94978
94979
94980
94981
94982
94983
94984
94985
94986
94987
94988
94989
94990
94991
94992
94993
94994
94995
94996
94997
94998
94999
95000
95001
95002
95003
95004
95005
95006
95007
95008
95009
95010
95011
95012
95013
95014
95015
95016
95017
95018
95019
95020
95021
95022
95023
95024
95025
95026
95027
95028
95029
95030
95031
95032
95033
95034
95035
95036
95037
95038
95039
95040
95041
95042
95043
95044
95045
95046
95047
95048
95049
95051
95052
95101
95102
95104
95105
95106
95107
95108
95109
95110
95111
95112
95113
95114
95115
95116
95117
95118
95119
95120
95121
95122
95123
95124
95125
95126
95127
95128
95129
95130
95131
95132
95133
95134
95135
95136
95137
95138
95139
95140
95141
95142
95143
95144
95145
95146
95147
95148
95149
95150
95151
95152
95153
95154
95155
95156
95157
95158
95159
95160
95161
95162
95163
95164
95165
95166
95167
95168
95169
95170
95171
95172
95173
95174
95175
95176
95177
95178
95236
95237
95238
95239
95240
95241
95242
95243
95244
95245
95246
95247
95248
95249
95250
95251
95252
95253
95254
95255
95256
95257
95258
95259
95260
95261
95262
95263
95264
95265
95266
95267
95268
95269
95270
95271
95272
95273
95274
95275
95276
95277
95278
95279
95280
95281
95282
95283
95284
95285
95286
95287
95288
95289
95290
95291
95292
95293
95294
95295
95296
95297
95298
95299
95300
95301
95302
95303
95304
95305
95306
95307
95309
95310
95311
95366
95368
95370
95371
95372
95373
95374
95375
95376
95377
95378
95379
95380
95381
95382
95383
95384
95385
95386
95387
95388
95389
95390
95391
95392
95393
95394
95395
95396
95397
95398
95399
95400
95401
95402
95403
95404
95405
95406
95407
95408
95409
95410
95411
95412
95413
95414
95415
95416
95417
95418
95419
95420
95421
95422
95423
95424
95425
95426
95427
95428
95429
95430
95431
95432
95433
95434
95435
95436
95437
95438
95439
95440
95441
95505
95506
95507
95508
95509
95510
95511
95512
95513
95514
95515
95516
95517
95518
95519
95520
95521
95522
95523
95524
95525
95526
95527
95528
95529
95530
95531
95532
95533
95534
95535
95536
95537
95538
95539
95540
95541
95542
95543
95544
95545
95546
95547
95548
95549
95550
95551
95552
95553
95554
95555
95556
95557
95558
95559
95560
95561
95562
95563
95564
95565
95566
95567
95568
95569
95570
95571
95572
95573
95574
95575
95576
95577
95580
95647
95648
95649
95651
95652
95653
95654
95655
95656
95657
95658
95659
95660
95661
95662
95663
95664
95665
95666
95667
95668
95669
95670
95671
95672
95673
95674
95675
95676
95677
95678
95679
95680
95681
95682
95683
95684
95685
95686
95687
95688
95689
95690
95691
95692
95693
95694
95695
95696
95697
95698
95699
95700
95701
95702
95703
95704
95705
95706
95707
95708
95709
95710
95711
95712
95713
95714
95715
95716
95717
95718
95719
95720
95721
95722
95723
95724
95725
95728
95805
95807
95809
95810
95811
95812
95813
95814
95815
95816
95817
95818
95819
95820
95821
95822
95823
95824
95825
95826
95827
95828
95829
95830
95831
95832
95833
95834
95835
95836
95837
95838
95839
95840
95841
95842
95843
95844
95845
95846
95847
95848
95849
95850
95851
95852
95853
95854
95855
95856
95857
95858
95859
95860
95861
95862
95863
95864
95865
95866
95867
95868
95869
95870
95871
95872
95873
95875
95876
95971
95972
95974
95976
95977
95978
95979
95981
95982
95983
95984
95985
95986
95987
95988
95989
95990
95991
95992
95993
95994
95995
95996
95997
95998
95999
96000
96001
96002
96003
96004
96005
96006
96007
96008
96009
96010
96011
96012
96014
97053
97055
97056
97057
97058
97059
97061
97062
97063
97064
97065
97067
97068
97069
97070
97071
97073
97074
97075
97076
97077
97079
97081
97082
97184
97187
97188
97189
97190
97191
97192
97193
97194
97195
97196
97197
97198
97199
97200
97201
97202
97203
97204
97205
97206
97207
97208
97209
97210
97211
97212
97213
97214
97215
97216
97217
97218
97219
97220
97221
97222
97223
97224
97225
97226
97227
97228
97229
97230
97231
97232
97233
97234
97235
97236
97237
97238
97239
97240
97241
97242
97243
97244
97245
97246
97247
97248
97249
97250
97251
97252
97253
97254
97255
97256
97257
97258
97259
97260
97262
97263
97264
97265
97356
97357
97358
97359
97360
97361
97362
97363
97364
97365
97366
97367
97368
97369
97370
97371
97372
97373
97374
97375
97376
97377
97378
97379
97380
97381
97382
97383
97384
97385
97386
97387
97388
97389
97390
97391
97392
97393
97394
97395
97396
97397
97398
97399
97400
97401
97402
97403
97404
97405
97406
97407
97408
97409
97410
97411
97412
97413
97414
97415
97416
97417
97418
97419
97420
97421
97422
97423
97424
97425
97426
97427
97428
97429
97430
97431
97432
97433
97434
97435
97436
97437
97438
97439
97440
97441
97442
97443
97444
97445
97446
97447
97448
97449
97450
97451
97452
97453
97454
97455
97456
97457
97458
97461
97462
97463
97533
97536
97537
97538
97539
97540
97541
97542
97543
97544
97545
97546
97547
97548
97549
97550
97551
97552
97553
97554
97555
97556
97557
97558
97559
97560
97561
97562
97563
97564
97565
97566
97567
97568
97569
97570
97571
97572
97573
97574
97575
97576
97577
97578
97579
97580
97581
97582
97583
97584
97585
97586
97587
97588
97589
97590
97591
97592
97593
97594
97595
97596
97597
97598
97599
97600
97601
97602
97603
97604
97605
97606
97607
97608
97609
97610
97611
97612
97613
97614
97615
97616
97617
97618
97619
97620
97621
97622
97623
97624
97625
97626
97627
97628
97629
97630
97631
97632
97633
97634
97635
97636
97637
97638
97639
97640
97641
97642
97710
97711
97712
97713
97714
97715
97716
97717
97718
97719
97720
97721
97722
97723
97724
97725
97726
97727
97728
97729
97730
97731
97732
97733
97734
97735
97736
97737
97738
97739
97740
97741
97742
97743
97744
97745
97746
97747
97748
97749
97750
97751
97752
97753
97754
97755
97756
97757
97758
97759
97760
97761
97762
97763
97764
97765
97766
97767
97768
97769
97770
97771
97772
97773
97774
97775
97776
97777
97778
97779
97780
97781
97782
97783
97784
97785
97786
97787
97788
97789
97790
97791
97792
97793
97794
97795
97796
97797
97798
97799
97800
97801
97802
97803
97804
97805
97806
97807
97808
97809
97810
97811
97812
97813
97814
97815
97816
97817
97818
97819
97820
97821
97823
97824
97825
97884
97885
97886
97887
97888
97889
97890
97891
97892
97893
97894
97895
97896
97897
97898
97899
97900
97901
97902
97903
97904
97905
97906
97907
97908
97909
97910
97911
97912
97913
97914
97915
97916
97917
97918
97919
97920
97921
97922
97923
97924
97925
97926
97927
97928
97929
97930
97931
97932
97933
97934
97935
97936
97937
97938
97939
97940
97941
97942
97943
97944
97945
97946
97947
97948
97949
97950
97951
97952
97953
97954
97955
97956
97957
97958
97959
97960
97961
97962
97963
97964
97965
97966
97967
97968
97969
97970
97971
97972
97973
97974
97975
97976
97977
97978
97979
97980
97981
97982
97983
97984
97985
97986
97987
97988
97989
97990
97991
97992
97993
97994
97995
97996
97997
97998
97999
98000
98001
98002
98003
98004
98005
98006
98009
98010
98011
98061
98064
98065
98066
98067
98068
98069
98070
98071
98072
98073
98074
98075
98076
98077
98078
98079
98080
98081
98082
98083
98084
98085
98086
98087
98088
98089
98090
98091
98092
98093
98094
98095
98096
98097
98098
98099
98100
98101
98102
98103
98104
98105
98106
98107
98108
98109
98110
98111
98112
98113
98114
98115
98116
98117
98118
98119
98120
98121
98122
98123
98124
98125
98126
98127
98128
98129
98130
98131
98132
98133
98134
98135
98136
98137
98138
98139
98140
98141
98142
98143
98144
98145
98146
98147
98148
98149
98150
98151
98152
98153
98154
98155
98156
98157
98158
98159
98160
98161
98162
98163
98164
98165
98166
98167
98168
98169
98170
98171
98172
98173
98174
98175
98176
98177
98178
98179
98180
98181
98182
98183
98184
98185
98186
98187
98188
98189
98190
98191
98192
98193
98194
98247
98248
98249
98250
98251
98252
98253
98254
98255
98256
98257
98258
98259
98260
98261
98262
98263
98264
98265
98266
98267
98268
98269
98270
98271
98272
98273
98274
98275
98276
98277
98278
98279
98280
98281
98282
98283
98284
98285
98286
98287
98288
98289
98290
98291
98292
98293
98294
98295
98296
98297
98298
98299
98300
98301
98302
98303
98304
98305
98306
98307
98308
98309
98310
98311
98312
98313
98314
98315
98316
98317
98318
98319
98320
98321
98322
98323
98324
98325
98326
98327
98328
98329
98330
98331
98332
98333
98334
98335
98336
98337
98338
98339
98340
98341
98342
98343
98344
98345
98346
98347
98348
98349
98350
98351
98352
98353
98354
98355
98356
98357
98358
98359
98360
98361
98362
98363
98364
98365
98366
98367
98368
98369
98370
98371
98372
98373
98375
98377
98378
98425
98426
98427
98428
98429
98430
98431
98432
98433
98434
98435
98436
98437
98438
98439
98440
98441
98442
98443
98444
98445
98446
98447
98448
98449
98450
98451
98452
98453
98454
98455
98456
98457
98458
98459
98460
98461
98462
98463
98464
98465
98466
98467
98468
98469
98470
98471
98472
98473
98474
98475
98476
98477
98478
98479
98480
98481
98482
98483
98484
98485
98486
98487
98488
98489
98490
98491
98492
98493
98494
98495
98496
98497
98498
98499
98500
98501
98502
98503
98504
98505
98506
98507
98508
98509
98510
98511
98512
98513
98514
98515
98516
98517
98518
98519
98520
98521
98522
98523
98524
98525
98526
98527
98528
98529
98530
98531
98532
98533
98534
98535
98536
98537
98538
98539
98540
98541
98542
98543
98544
98545
98546
98547
98548
98549
98550
98551
98552
98554
98555
98556
98598
98599
98601
98602
98603
98604
98605
98606
98607
98608
98609
98610
98611
98612
98613
98614
98615
98616
98617
98618
98619
98620
98621
98622
98623
98624
98625
98626
98627
98628
98629
98630
98631
98632
98633
98634
98635
98636
98637
98638
98639
98640
98641
98642
98643
98644
98645
98646
98647
98648
98649
98650
98651
98652
98653
98654
98655
98656
98657
98658
98659
98660
98661
98662
98663
98664
98665
98666
98667
98668
98669
98670
98671
98672
98673
98674
98675
98676
98677
98678
98679
98680
98681
98682
98683
98684
98685
98686
98687
98688
98689
98690
98691
98692
98693
98694
98695
98696
98697
98698
98699
98700
98701
98702
98703
98704
98705
98706
98707
98708
98709
98710
98711
98712
98713
98714
98715
98716
98717
98718
98719
98720
98721
98722
98723
98724
98725
98726
98727
98728
98729
98730
98731
98732
98733
98734
98735
98736
98737
98738
98739
98740
98741
98742
98743
98785
98786
98788
98789
98790
98791
98792
98793
98794
98795
98796
98797
98798
98799
98800
98801
98802
98803
98804
98805
98806
98807
98808
98809
98810
98811
98812
98813
98814
98815
98816
98817
98818
98819
98820
98821
98822
98823
98824
98825
98826
98827
98828
98829
98830
98831
98832
98833
98834
98835
98836
98837
98838
98839
98840
98841
98842
98843
98844
98845
98846
98847
98848
98849
98850
98851
98852
98853
98854
98855
98856
98857
98858
98859
98860
98861
98862
98863
98864
98865
98866
98867
98868
98869
98870
98871
98872
98873
98874
98875
98876
98877
98878
98879
98880
98881
98882
98883
98884
98885
98886
98887
98888
98889
98890
98891
98892
98893
98894
98895
98896
98897
98898
98899
98900
98901
98902
98903
98904
98905
98906
98907
98908
98909
98910
98911
98912
98913
98914
98915
98916
98917
98918
98919
98920
98921
98922
98964
98965
98967
98968
98969
98970
98971
98972
98973
98974
98975
98976
98977
98978
98979
98980
98981
98982
98983
98984
98985
98986
98987
98988
98989
98990
98991
98992
98993
98994
98995
98996
98997
98998
98999
99000
99001
99002
99003
99004
99005
99006
99007
99008
99009
99010
99011
99012
99013
99014
99015
99016
99017
99018
99019
99020
99021
99022
99023
99024
99025
99026
99027
99028
99029
99030
99031
99032
99033
99034
99035
99036
99037
99038
99039
99040
99041
99042
99043
99044
99045
99046
99047
99048
99049
99050
99051
99052
99053
99054
99055
99056
99057
99058
99059
99060
99061
99062
99063
99064
99065
99066
99067
99068
99069
99070
99071
99072
99073
99074
99075
99076
99077
99078
99079
99080
99081
99082
99083
99084
99085
99086
99087
99088
99089
99090
99091
99092
99093
99094
99095
99096
99097
99098
99099
99100
99101
99143
99144
99146
99147
99148
99149
99150
99151
99152
99153
99154
99155
99156
99157
99158
99159
99160
99161
99162
99163
99164
99165
99166
99167
99168
99169
99170
99171
99172
99173
99174
99175
99176
99177
99178
99179
99180
99181
99182
99183
99184
99185
99186
99187
99188
99189
99190
99191
99192
99193
99194
99195
99196
99197
99198
99199
99200
99201
99202
99203
99204
99205
99206
99207
99208
99209
99210
99211
99212
99213
99214
99215
99216
99217
99218
99219
99220
99221
99222
99223
99224
99225
99226
99227
99228
99229
99230
99231
99232
99233
99234
99235
99236
99237
99238
99239
99240
99241
99242
99243
99244
99245
99246
99247
99248
99249
99250
99251
99252
99253
99254
99255
99256
99257
99258
99259
99260
99261
99262
99263
99264
99265
99266
99267
99268
99269
99270
99271
99272
99273
99274
99275
99276
99277
99278
99279
99280
99281
99282
99283
99284
99285
99286
99328
99329
99331
99333
99334
99335
99336
99337
99338
99339
99340
99341
99342
99343
99344
99345
99346
99347
99348
99349
99350
99351
99352
99353
99354
99355
99356
99357
99358
99359
99360
99361
99362
99363
99364
99365
99366
99367
99368
99369
99370
99371
99372
99373
99374
99375
99376
99377
99378
99379
99380
99381
99382
99383
99384
99385
99386
99387
99388
99389
99390
99391
99392
99393
99394
99395
99396
99397
99398
99399
99400
99401
99402
99403
99404
99405
99406
99407
99408
99409
99410
99411
99412
99413
99414
99415
99416
99417
99418
99419
99420
99421
99422
99423
99424
99425
99426
99427
99428
99429
99430
99431
99432
99433
99434
99435
99436
99437
99438
99439
99440
99441
99442
99443
99444
99445
99446
99447
99448
99449
99450
99451
99452
99453
99454
99455
99456
99457
99458
99459
99460
99461
99462
99463
99511
99512
99513
99514
99515
99516
99517
99518
99519
99520
99521
99522
99523
99524
99525
99526
99527
99528
99529
99530
99531
99532
99533
99534
99535
99536
99537
99538
99539
99540
99541
99542
99543
99544
99545
99546
99547
99548
99549
99550
99551
99552
99553
99554
99555
99556
99557
99558
99559
99560
99561
99562
99563
99564
99565
99566
99567
99568
99569
99570
99571
99572
99573
99574
99575
99576
99577
99578
99579
99580
99581
99582
99583
99584
99585
99586
99587
99588
99589
99590
99591
99592
99593
99594
99595
99596
99597
99598
99599
99600
99601
99602
99603
99604
99605
99606
99607
99608
99609
99610
99611
99612
99613
99614
99615
99616
99617
99618
99619
99620
99621
99622
99623
99624
99625
99626
99627
99628
99629
99630
99631
99632
99633
99634
99635
99636
99637
99638
99639
99641
99642
99691
99692
99694
99695
99696
99697
99698
99699
99700
99701
99702
99703
99704
99705
99706
99707
99708
99709
99710
99711
99712
99713
99714
99715
99716
99717
99718
99719
99720
99721
99722
99723
99724
99725
99726
99727
99728
99729
99730
99731
99732
99733
99734
99735
99736
99737
99738
99739
99740
99741
99742
99743
99744
99745
99746
99747
99748
99749
99750
99751
99752
99753
99754
99755
99756
99757
99758
99759
99760
99761
99762
99763
99764
99765
99766
99767
99768
99769
99770
99771
99772
99773
99774
99775
99776
99777
99778
99779
99780
99781
99782
99783
99784
99785
99786
99787
99788
99789
99790
99791
99792
99793
99794
99795
99796
99797
99798
99799
99800
99801
99802
99803
99804
99805
99806
99807
99808
99809
99810
99811
99812
99813
99814
99815
99816
99817
99818
99819
99820
99821
99822
99880
99881
99882
99883
99884
99885
99886
99887
99888
99889
99890
99891
99892
99893
99894
99895
99896
99897
99898
99899
99900
99901
99902
99903
99904
99905
99906
99907
99908
99909
99910
99911
99912
99913
99914
99915
99916
99917
99918
99919
99920
99921
99922
99923
99924
99925
99926
99927
99928
99929
99930
99931
99932
99933
99934
99935
99936
99937
99938
99939
99940
99941
99942
99943
99944
99945
99946
99947
99948
99949
99950
99951
99952
99953
99954
99955
99956
99957
99958
99959
99960
99961
99962
99963
99964
99965
99966
99967
99968
99969
99970
99971
99972
99973
99974
99975
99976
99977
99978
99979
99980
99981
99982
99983
99984
99985
99986
99987
99988
99989
99990
99991
99992
99993
99994
99995
99996
99997
99998
99999
100001
100002
100003
100058
100060
100062
100063
100064
100065
100066
100067
100068
100069
100070
100071
100072
100073
100074
100075
100076
100077
100078
100079
100080
100081
100082
100083
100084
100085
100086
100087
100088
100089
100090
100091
100092
100093
100094
100095
100096
100097
100098
100099
100100
100101
100102
100103
100104
100105
100106
100107
100108
100109
100110
100111
100112
100113
100114
100115
100116
100117
100118
100119
100120
100121
100122
100123
100124
100125
100126
100127
100128
100129
100130
100131
100132
100133
100134
100135
100136
100137
100138
100139
100140
100141
100142
100143
100144
100145
100146
100147
100148
100149
100150
100151
100152
100153
100154
100155
100156
100157
100158
100159
100160
100161
100162
100163
100164
100165
100166
100167
100168
100169
100170
100171
100172
100173
100174
100175
100239
100240
100241
100242
100243
100244
100245
100246
100247
100248
100249
100250
100251
100252
100253
100254
100255
100256
100257
100258
100259
100260
100261
100262
100263
100264
100265
100266
100267
100268
100269
100270
100271
100272
100273
100274
100275
100276
100277
100278
100279
100280
100281
100282
100283
100284
100285
100286
100287
100288
100289
100290
100291
100292
100293
100294
100295
100296
100297
100298
100299
100300
100301
100302
100303
100304
100305
100306
100307
100308
100309
100310
100311
100312
100313
100314
100315
100316
100317
100318
100319
100320
100321
100322
100323
100324
100325
100326
100327
100328
100329
100330
100331
100332
100333
100334
100335
100336
100337
100338
100339
100340
100341
100342
100343
100344
100345
100346
100347
100350
100417
100418
100419
100421
100422
100423
100424
100425
100426
100427
100428
100429
100430
100431
100432
100433
100434
100435
100436
100437
100438
100439
100440
100441
100442
100443
100444
100445
100446
100447
100448
100449
100450
100451
100452
100453
100454
100455
100456
100457
100458
100459
100460
100461
100462
100463
100464
100465
100466
100467
100468
100469
100470
100471
100472
100473
100474
100475
100476
100477
100478
100479
100480
100481
100482
100483
100484
100485
100486
100487
100488
100489
100490
100491
100492
100493
100494
100495
100496
100497
100498
100499
100500
100501
100502
100503
100504
100505
100506
100507
100508
100509
100510
100511
100512
100513
100514
100515
100516
100517
100518
100519
100520
100521
100522
100523
100524
100525
100528
100605
100607
100609
100610
100611
100612
100613
100614
100615
100616
100617
100618
100619
100620
100621
100622
100623
100624
100625
100626
100627
100628
100629
100630
100631
100632
100633
100634
100635
100636
100637
100638
100639
100640
100641
100642
100643
100644
100645
100646
100647
100648
100649
100650
100651
100652
100653
100654
100655
100656
100657
100658
100659
100660
100661
100662
100663
100664
100665
100666
100667
100668
100669
100670
100671
100672
100673
100674
100675
100676
100677
100678
100679
100680
100681
100682
100683
100684
100685
100687
100688
100783
100784
100786
100788
100789
100790
100791
100793
100794
100795
100796
100797
100798
100799
100800
100801
100802
100803
100804
100805
100806
100807
100808
100809
100810
100811
100812
100813
100814
100815
100816
100817
100818
100819
100820
100821
100822
100823
100824
100826
101866
101867
101868
101869
101870
101871
101872
101873
101874
101876
101877
101878
101879
101880
101882
101884
101885
101886
101887
101888
101890
101892
101893
101894
101998
101999
102000
102001
102002
102003
102004
102005
102006
102007
102008
102009
102010
102011
102012
102013
102014
102015
102016
102017
102018
102019
102020
102021
102022
102023
102024
102025
102026
102027
102028
102029
102030
102031
102032
102033
102034
102035
102036
102037
102038
102039
102040
102041
102042
102043
102044
102045
102046
102047
102048
102050
102051
102142
102143
102144
102145
102146
102147
102148
102149
102150
102151
102152
102153
102154
102155
102156
102157
102158
102159
102160
102161
102162
102163
102164
102165
102166
102167
102168
102169
102170
102171
102172
102173
102174
102175
102176
102177
102178
102179
102180
102181
102182
102183
102184
102185
102186
102187
102188
102189
102190
102191
102192
102193
102194
102195
102196
102197
102198
102199
102200
102201
102202
102203
102206
102207
102208
102209
102281
102282
102283
102284
102285
102286
102287
102288
102289
102290
102291
102292
102293
102294
102295
102296
102297
102298
102299
102300
102301
102302
102303
102304
102305
102306
102307
102308
102309
102310
102311
102312
102313
102314
102315
102316
102317
102318
102319
102320
102321
102322
102323
102324
102325
102326
102327
102328
102329
102330
102331
102332
102333
102334
102335
102336
102337
102338
102339
102340
102341
102342
102343
102344
102345
102346
102347
102348
102349
102350
102351
102352
102353
102354
102355
102356
102357
102358
102359
102360
102361
102362
102430
102431
102432
102433
102434
102435
102436
102437
102438
102439
102440
102441
102442
102443
102444
102445
102446
102447
102448
102449
102450
102451
102452
102453
102454
102455
102456
102457
102458
102459
102460
102461
102462
102463
102464
102465
102466
102467
102468
102469
102470
102471
102472
102473
102474
102475
102476
102477
102478
102479
102480
102481
102482
102483
102484
102485
102486
102487
102488
102489
102490
102491
102492
102493
102494
102495
102496
102497
102498
102499
102500
102501
102502
102503
102504
102505
102506
102507
102508
102509
102510
102511
102512
102514
102515
102516
102517
102576
102577
102578
102579
102580
102581
102582
102583
102584
102585
102586
102587
102588
102589
102590
102591
102592
102593
102594
102595
102596
102597
102598
102599
102600
102601
102602
102603
102604
102605
102606
102607
102608
102609
102610
102611
102612
102613
102614
102615
102616
102617
102618
102619
102620
102621
102622
102623
102624
102625
102626
102627
102628
102629
102630
102631
102632
102633
102634
102635
102636
102637
102638
102639
102640
102641
102642
102643
102644
102645
102646
102647
102648
102649
102650
102651
102652
102653
102654
102655
102656
102657
102658
102659
102660
102661
102662
102663
102664
102665
102666
102667
102670
102671
102672
102673
102725
102726
102727
102728
102729
102730
102731
102732
102733
102734
102735
102736
102737
102738
102739
102740
102741
102742
102743
102744
102745
102746
102747
102748
102749
102750
102751
102752
102753
102754
102755
102756
102757
102758
102759
102760
102761
102762
102763
102764
102765
102766
102767
102768
102769
102770
102771
102772
102773
102774
102775
102776
102777
102778
102779
102780
102781
102782
102783
102784
102785
102786
102787
102788
102789
102790
102791
102792
102793
102794
102795
102796
102797
102798
102799
102800
102801
102802
102803
102804
102805
102806
102807
102808
102809
102810
102811
102812
102813
102814
102815
102816
102817
102818
102819
102820
102821
102822
102823
102824
102877
102878
102879
102880
102881
102882
102883
102884
102885
102886
102887
102888
102889
102890
102891
102892
102893
102894
102895
102896
102897
102898
102899
102900
102901
102902
102903
102904
102905
102906
102907
102908
102909
102910
102911
102912
102913
102914
102915
102916
102917
102918
102919
102920
102921
102922
102923
102924
102925
102926
102927
102928
102929
102930
102931
102932
102933
102934
102935
102936
102937
102938
102939
102940
102941
102942
102943
102944
102945
102946
102947
102948
102949
102950
102951
102952
102953
102954
102955
102956
102957
102958
102959
102960
102961
102962
102963
102964
102965
102966
102967
102968
102969
102970
102971
102972
102973
102974
102975
102976
102977
102978
102981
102982
102983
102984
103031
103032
103033
103034
103035
103036
103037
103038
103039
103040
103041
103042
103043
103044
103045
103046
103047
103048
103049
103050
103051
103052
103053
103054
103055
103056
103057
103058
103059
103060
103061
103062
103063
103064
103065
103066
103067
103068
103069
103070
103071
103072
103073
103074
103075
103076
103077
103078
103079
103080
103081
103082
103083
103084
103085
103086
103087
103088
103089
103090
103091
103092
103093
103094
103095
103096
103097
103098
103099
103100
103101
103102
103103
103104
103105
103106
103107
103108
103109
103110
103111
103112
103113
103114
103115
103116
103117
103118
103119
103120
103121
103122
103123
103124
103125
103126
103127
103128
103129
103130
103131
103132
103133
103135
103136
103137
103138
103180
103182
103183
103184
103185
103186
103187
103188
103189
103190
103191
103192
103193
103194
103195
103196
103197
103198
103199
103200
103201
103202
103203
103204
103205
103206
103207
103208
103209
103210
103211
103212
103213
103214
103215
103216
103217
103218
103219
103220
103221
103222
103223
103224
103225
103226
103227
103228
103229
103230
103231
103232
103233
103234
103235
103236
103237
103238
103239
103240
103241
103242
103243
103244
103245
103246
103247
103248
103249
103250
103251
103252
103253
103254
103255
103256
103257
103258
103259
103260
103261
103262
103263
103264
103265
103266
103267
103268
103269
103270
103271
103272
103273
103274
103275
103276
103277
103278
103279
103280
103281
103282
103283
103284
103285
103286
103287
103288
103289
103290
103291
103333
103334
103335
103336
103338
103339
103340
103341
103342
103343
103344
103345
103346
103347
103348
103349
103350
103351
103352
103353
103354
103355
103356
103357
103358
103359
103360
103361
103362
103363
103364
103365
103366
103367
103368
103369
103370
103371
103372
103373
103374
103375
103376
103377
103378
103379
103380
103381
103382
103383
103384
103385
103386
103387
103388
103389
103390
103391
103392
103393
103394
103395
103396
103397
103398
103399
103400
103401
103402
103403
103404
103405
103406
103407
103408
103409
103410
103411
103412
103413
103414
103415
103416
103417
103418
103419
103420
103421
103422
103423
103424
103425
103426
103427
103428
103429
103430
103431
103432
103433
103434
103435
103436
103437
103438
103439
103440
103441
103442
103443
103444
103486
103488
103489
103490
103491
103492
103493
103494
103495
103496
103497
103498
103499
103500
103501
103502
103503
103504
103505
103506
103507
103508
103509
103510
103511
103512
103513
103514
103515
103516
103517
103518
103519
103520
103521
103522
103523
103524
103525
103526
103527
103528
103529
103530
103531
103532
103533
103534
103535
103536
103537
103538
103539
103540
103541
103542
103543
103544
103545
103546
103547
103548
103549
103550
103551
103552
103553
103554
103555
103556
103557
103558
103559
103560
103561
103562
103563
103564
103565
103566
103567
103568
103569
103570
103571
103572
103573
103574
103575
103576
103577
103578
103579
103580
103581
103582
103583
103584
103585
103586
103587
103588
103589
103590
103591
103592
103593
103594
103595
103596
103597
103639
103640
103641
103642
103644
103645
103646
103647
103648
103649
103650
103651
103652
103653
103654
103655
103656
103657
103658
103659
103660
103661
103662
103663
103664
103665
103666
103667
103668
103669
103670
103671
103672
103673
103674
103675
103676
103677
103678
103679
103680
103681
103682
103683
103684
103685
103686
103687
103688
103689
103690
103691
103692
103693
103694
103695
103696
103697
103698
103699
103700
103701
103702
103703
103704
103705
103706
103707
103708
103709
103710
103711
103712
103713
103714
103715
103716
103717
103718
103719
103720
103721
103722
103723
103724
103725
103726
103727
103728
103729
103730
103731
103732
103733
103734
103735
103736
103737
103738
103739
103740
103741
103742
103743
103744
103745
103746
103747
103748
103749
103750
103792
103793
103795
103797
103798
103799
103800
103801
103802
103803
103804
103805
103806
103807
103808
103809
103810
103811
103812
103813
103814
103815
103816
103817
103818
103819
103820
103821
103822
103823
103824
103825
103826
103827
103828
103829
103830
103831
103832
103833
103834
103835
103836
103837
103838
103839
103840
103841
103842
103843
103844
103845
103846
103847
103848
103849
103850
103851
103852
103853
103854
103855
103856
103857
103858
103859
103860
103861
103862
103863
103864
103865
103866
103867
103868
103869
103870
103871
103872
103873
103874
103875
103876
103877
103878
103879
103880
103881
103882
103883
103884
103885
103886
103887
103888
103889
103890
103891
103892
103893
103894
103895
103896
103897
103898
103899
103900
103901
103902
103903
103904
103905
103953
103954
103955
103956
103957
103958
103959
103960
103961
103962
103963
103964
103965
103966
103967
103968
103969
103970
103971
103972
103973
103974
103975
103976
103977
103978
103979
103980
103981
103982
103983
103984
103985
103986
103987
103988
103989
103990
103991
103992
103993
103994
103995
103996
103997
103998
103999
104000
104001
104002
104003
104004
104005
104006
104007
104008
104009
104010
104011
104012
104013
104014
104015
104016
104017
104018
104019
104020
104021
104022
104023
104024
104025
104026
104027
104028
104029
104030
104031
104032
104033
104034
104035
104036
104037
104038
104039
104040
104041
104042
104043
104044
104045
104046
104047
104048
104049
104050
104051
104052
104053
104054
104055
104057
104058
104059
104060
104110
104111
104112
104113
104114
104115
104116
104117
104118
104119
104120
104121
104122
104123
104124
104125
104126
104127
104128
104129
104130
104131
104132
104133
104134
104135
104136
104137
104138
104139
104140
104141
104142
104143
104144
104145
104146
104147
104148
104149
104150
104151
104152
104153
104154
104155
104156
104157
104158
104159
104160
104161
104162
104163
104164
104165
104166
104167
104168
104169
104170
104171
104172
104173
104174
104175
104176
104177
104178
104179
104180
104181
104182
104183
104184
104185
104186
104187
104188
104189
104190
104191
104192
104193
104194
104195
104196
104197
104198
104199
104200
104201
104202
104203
104204
104205
104206
104207
104208
104209
104210
104268
104269
104270
104271
104272
104273
104274
104275
104276
104277
104278
104279
104280
104281
104282
104283
104284
104285
104286
104287
104288
104289
104290
104291
104292
104293
104294
104295
104296
104297
104298
104299
104300
104301
104302
104303
104304
104305
104306
104307
104308
104309
104310
104311
104312
104313
104314
104315
104316
104317
104318
104319
104320
104321
104322
104323
104324
104325
104326
104327
104328
104329
104330
104331
104332
104333
104334
104335
104336
104337
104338
104339
104340
104341
104342
104343
104344
104345
104346
104347
104348
104349
104350
104351
104352
104353
104354
104355
104356
104357
104358
104359
104360
104362
104363
104364
104365
104421
104423
104424
104425
104426
104427
104428
104429
104430
104431
104432
104433
104434
104435
104436
104437
104438
104439
104440
104441
104442
104443
104444
104445
104446
104447
104448
104449
104450
104451
104452
104453
104454
104455
104456
104457
104458
104459
104460
104461
104462
104463
104464
104465
104466
104467
104468
104469
104470
104471
104472
104473
104474
104475
104476
104477
104478
104479
104480
104481
104482
104483
104484
104485
104486
104487
104488
104489
104490
104491
104492
104493
104494
104495
104496
104497
104498
104499
104500
104501
104502
104503
104504
104505
104506
104507
104508
104509
104510
104511
104512
104513
104577
104578
104579
104580
104581
104582
104583
104584
104585
104586
104587
104588
104589
104590
104591
104592
104593
104594
104595
104596
104597
104598
104599
104600
104601
104602
104603
104604
104605
104606
104607
104608
104609
104610
104611
104612
104613
104614
104615
104616
104617
104618
104619
104620
104621
104622
104623
104624
104625
104626
104627
104628
104629
104630
104631
104632
104633
104634
104635
104636
104637
104638
104639
104640
104641
104642
104643
104644
104645
104646
104647
104648
104649
104650
104651
104652
104653
104654
104655
104656
104657
104658
104659
104660
104661
104662
104665
104666
104733
104734
104736
104737
104738
104739
104740
104741
104742
104743
104744
104745
104746
104747
104748
104749
104750
104751
104752
104753
104754
104755
104756
104757
104758
104759
104760
104761
104762
104763
104764
104765
104766
104767
104768
104769
104770
104771
104772
104773
104774
104775
104776
104777
104778
104779
104780
104781
104782
104783
104784
104785
104786
104787
104788
104789
104790
104791
104792
104793
104794
104795
104796
104797
104798
104799
104800
104801
104802
104803
104804
104805
104806
104807
104808
104811
104812
104890
104892
104893
104894
104895
104896
104897
104898
104899
104900
104901
104902
104903
104904
104905
104906
104907
104908
104909
104910
104911
104912
104913
104914
104915
104916
104917
104918
104919
104920
104921
104922
104923
104924
104925
104926
104927
104928
104929
104930
104931
104932
104933
104934
104935
104936
104937
104938
104939
104940
104941
104942
104943
104944
104945
104946
104947
104948
104949
104950
104951
104952
104954
104955
104956
105052
105054
105055
105056
105057
105058
105060
105061
105062
105063
105064
105065
105066
105067
105068
105069
105070
105071
105072
105073
105074
105075
105076
105077
105078
105079
105080
105081
105082
105083
105084
105085
105086
105087
105088
105089
105090
105091
105092
105093
105094
105096
105097
105098
136337
136338
136339
136340
136341
136342
136343
136351
136353
136354
136356
136357
136358
136359
136360
136361
136362
136363
136364
136365
136366
136369
136370
136372
136374
136375
136377
136378
136379
136380
136381
136382
136383
136384
136385
136386
136387
136388
136389
136390
136391
136393
136395
136396
136398
136399
136400
136402
136403
136404
136405
136406
136407
136408
136409
136410
136411
136413
136414
136417
136419
136420
136422
136423
136424
136426
136427
136428
136429
136430
136431
136432
136433
136434
136435
136437
136438
136441
136443
136444
136446
136447
136448
136449
136450
136451
136452
136453
136454
136455
136456
136457
136458
136459
136460
136462
136464
136465
136467
136471
136472
136473
136474
136475
136476
136477
136479
136483
136485
136486
136488
136492
136493
136494
136495
136497
136498
136504
136506
136509
136565
136566
136567
136568
136569
136570
136571
136579
136581
136582
136584
136585
136586
136587
136588
136589
136590
136591
136592
136593
136594
136595
136596
136597
136599
136600
136602
136604
136605
136606
136607
136609
136610
136611
136612
136613
136614
136615
136616
136617
136618
136619
136621
136622
136626
136628
136629
136630
136632
136637
136638
136639
136640
136642
136643
136651
136653
136656
136714
136715
136716
136717
136726
136727
136729
136730
136731
136732
136733
136734
136735
136736
136737
136738
136741
136743
136744
136746
136748
136749
136753
136754
136755
136756
136757
136758
136759
136760
136762
136763
136767
136769
136770
136771
136773
136779
136780
136793
136831
136832
136833
136834
136843
136844
136846
136847
136848
136849
136850
136851
136852
136853
136854
136855
136856
136857
136858
136860
136861
136863
136865
136866
136867
136868
136869
136870
136871
136872
136873
136874
136875
136876
136877
136878
136879
136880
136881
136884
136886
136887
136888
136890
136896
136897
136910
136960
136961
136962
136963
136964
136965
136966
136967
136968
136969
136972
136974
136975
136977
136979
136980
136984
136985
136986
136987
136988
136990
136991
136993
136994
136998
137000
137001
137004
137053
137054
137055
137059
137060
137061
137062
137065
137067
137071
137073
137078
137079
137080
137086
137087
137092
137094
137167
137168
137169
137170
137171
137172
137173
137174
137175
137176
137177
137178
137179
137181
137182
137184
137186
137187
137188
137189
137190
137191
137192
137193
137194
137195
137197
137198
137199
137200
137201
137202
137205
137207
137208
137211
137278
137279
137280
137284
137285
137286
137287
137290
137292
137296
137298
137303
137304
137305
137311
137312
137317
137319
137368
137369
137370
137371
137372
137373
137374
137375
137376
137377
137380
137382
137383
137384
137386
137388
137392
137393
137394
137395
137396
137398
137399
137401
137402
137406
137408
137409
137412
137458
137459
137460
137461
137462
137463
137464
137465
137466
137467
137468
137469
137470
137472
137473
137474
137476
137478
137479
137480
137481
137482
137483
137485
137486
137487
137488
137489
137490
137491
137493
137495
137496
137497
137500
137502
137503
137504
137505
137506
137507
137508
137509
137510
137511
137513
137514
137515
137516
137517
137518
137519
137521
137523
137525
137526
137529
137557
137558
137559
137560
137561
137562
137563
137564
137565
137566
137567
137568
137569
137571
137572
137573
137575
137577
137578
137579
137580
137581
137582
137584
137585
137586
137587
137588
137589
137590
137592
137594
137595
137596
137599
137601
137602
137603
137604
137605
137606
137607
137608
137609
137610
137611
137613
137614
137615
137616
137617
137618
137620
137622
137623
137625
137626
137629
137630
137631
137636
137637
137638
137639
137640
137643
137644
137650
137651
137654
137655
137657
137658
137659
137664
137665
137666
137672
137673
137701
137702
137703
137708
137710
137711
137715
137716
137723
137773
137774
137775
137776
137777
137778
137779
137780
137781
137782
137783
137784
137785
137786
137787
137789
137790
137791
137795
137796
137797
137798
137799
137800
137801
137802
137803
137804
137805
137808
137809
137810
137811
137812
137813
137816
137817
137818
137820
137852
137853
137854
137860
137861
137868
137942
137943
137944
137946
137947
137948
137953
137954
137955
137956
137960
137962
137964
138031
138032
138033
138034
138035
138036
138038
138039
138040
138041
138042
138043
138044
138045
138046
138047
138049
138050
138051
138055
138057
138058
138059
138060
138061
138062
138063
138064
138065
138066
138069
138070
138071
138072
138073
138074
138075
138077
138078
138079
138081
138128
138129
138142
138151
138152
138153
138154
138158
138160
138161
138162
138164
138165
138167
138168
138174
138176
138177
138178
138180
138181
138182
138187
138188
138189
138190
138192
138194
138198
138268
138269
138270
138271
138272
138273
138274
138275
138276
138279
138280
138281
138282
138283
138284
138285
138287
138288
138291
138296
138297
138298
138306
138308
138312
138389
138390
138391
138399
138401
138403
138405
138412
138413
138414
138415
138419
138420
138422
138423
138425
138426
138427
138429
138433
138436
138437
138438
138439
138440
138441
138442
138443
138444
138446
138447
138448
138449
138450
138451
138453
138454
138457
138460
138461
138462
138463
138464
138465
138466
138467
138468
138470
138471
138472
138473
138474
138475
138477
138478
138481
138484
138485
138486
138487
138488
138489
138490
138491
138492
138494
138495
138496
138497
138498
138499
138501
138502
138505
138508
138509
138510
138511
138512
138513
138514
138515
138516
138518
138519
138520
138521
138522
138523
138525
138526
138529
138533
138534
138535
138537
138538
138543
138544
138545
138547
138549
138557
138558
138559
138567
138569
138573
143077
143078
143079
143080
143081
143082
143083
143084
143086
143087
143088
143089
143090
143092
143093
143146
143147
143148
143149
143150
143151
143152
143153
143155
143156
143157
143158
143159
143161
143162
143255
143256
143257
143261
143262
143265
143296
143297
143298
143303
143304
143305
143309
143310
143313
143314
143315
143316
143317
143321
143322
143323
143324
143325
143327
143328
143329
143330
143333
143334
143336
143337
143369
143370
143371
143379
143381
143383
143384
143389
143390
143391
143392
143393
143394
143395
143396
143397
143398
143399
143400
143401
143402
143403
143404
143405
143406
158871
158872
158873
158874
158875
158881
158882
158883
158884
158885
158886
158887
158888
158889
158890
158891
158892
158893
158896
158897
158898
158899
158900
158901
158902
158903
158904
158905
158906
158907
158908
158909
158910
158911
158912
158913
158914
158915
158916
158917
158918
158919
158920
158921
158922
158923
158924
158925
158926
158927
158928
158929
158930
158931
158932
158933
158934
158935
158936
158937
158938
158939
158940
158941
158942
158943
158944
158945
158946
158947
158948
158949
158950
158951
158952
158953
158954
158955
158956
158957
158958
158959
158960
158961
158962
158963
158964
158965
158966
158967
158968
158969
158970
158971
158972
158973
158974
158975
158976
158979
158980
158981
158982
158983
158985
158989
158990
158991
158992
158993
158994
158997
158998
158999
159001
159007
159008
159009
159011
159012
159111
159112
159113
159114
159115
159121
159122
159123
159124
159125
159126
159127
159128
159129
159130
159131
159132
159133
159134
159135
159136
159137
159138
159139
159140
159141
159142
159143
159144
159145
159146
159147
159148
159149
159150
159151
159152
159153
159154
159155
159156
159157
159158
159159
159160
159161
159162
159163
159164
159165
159166
159167
159168
159169
159170
159171
159172
159173
159174
159175
159176
159177
159178
159179
159180
159181
159182
159183
159184
159185
159186
159187
159188
159189
159190
159191
159192
159193
159194
159195
159196
159197
159198
159199
159200
159201
159202
159203
159204
159205
159206
159207
159208
159209
159210
159211
159212
159213
159214
159215
159216
159217
159218
159219
159220
159221
159222
159223
159224
159225
159226
159227
159228
159229
159230
159231
159232
159233
159234
159235
159236
159237
159238
159239
159240
159241
159242
159243
159244
159245
159246
159247
159248
159249
159250
159251
159252
159253
159254
159255
159256
159257
159258
159259
159260
159261
159262
159263
159264
159265
159266
159267
159268
159269
159270
159271
159272
159273
159274
159275
159276
159277
159278
159279
159280
159281
159282
159283
159284
159285
159286
159288
159289
159290
159291
159292
159293
159294
159297
159298
159299
159301
159307
159308
159309
159311
159312
159380
159381
159382
159391
159392
159393
159394
159395
159396
159397
159398
159399
159400
159403
159404
159405
159406
159407
159408
159409
159410
159411
159412
159413
159414
159415
159416
159417
159418
159419
159420
159421
159422
159423
159424
159425
159426
159427
159428
159429
159430
159431
159432
159433
159434
159435
159436
159437
159438
159439
159440
159441
159442
159443
159444
159445
159446
159447
159448
159449
159450
159451
159452
159453
159454
159455
159456
159457
159458
159459
159460
159461
159462
159463
159464
159465
159466
159467
159468
159469
159470
159471
159472
159473
159474
159475
159476
159477
159478
159479
159480
159481
159482
159483
159484
159485
159486
159487
159488
159489
159490
159491
159492
159493
159494
159495
159496
159497
159498
159499
159500
159501
159502
159503
159504
159505
159506
159507
159508
159509
159510
159511
159512
159513
159514
159515
159516
159517
159518
159519
159520
159521
159522
159523
159524
159525
159526
159527
159528
159529
159530
159531
159532
159533
159534
159535
159536
159537
159538
159539
159540
159541
159542
159543
159544
159545
159546
159547
159548
159549
159550
159551
159552
159553
159554
159555
159556
159557
159558
159559
159560
159561
159562
159563
159564
159565
159566
159567
159568
159569
159570
159571
159572
159573
159574
159575
159576
159577
159578
159579
159580
159581
159582
159583
159584
159585
159586
159587
159588
159589
159590
159591
159592
159593
159594
159595
159596
159597
159600
159601
159602
159603
159604
159606
159610
159611
159612
159613
159614
159615
159619
159629
159630
159683
159684
159685
159694
159695
159696
159697
159698
159699
159700
159701
159702
159703
159704
159705
159706
159707
159708
159709
159710
159711
159712
159713
159714
159715
159716
159717
159718
159719
159720
159721
159722
159723
159724
159725
159726
159727
159728
159729
159730
159731
159732
159733
159734
159735
159736
159737
159738
159739
159740
159741
159742
159743
159744
159745
159746
159747
159748
159749
159750
159751
159752
159753
159754
159755
159756
159757
159758
159759
159760
159761
159762
159763
159764
159765
159766
159767
159768
159769
159770
159771
159772
159773
159774
159775
159776
159777
159778
159779
159780
159781
159782
159783
159784
159785
159786
159787
159788
159789
159790
159791
159792
159793
159794
159795
159796
159797
159798
159799
159800
159801
159802
159803
159804
159805
159806
159807
159808
159809
159810
159811
159812
159813
159814
159815
159816
159817
159818
159819
159820
159821
159822
159823
159824
159825
159826
159827
159828
159829
159830
159831
159832
159833
159834
159835
159836
159837
159838
159839
159840
159841
159842
159843
159844
159845
159846
159847
159848
159849
159850
159851
159852
159853
159854
159855
159856
159857
159858
159859
159860
159861
159862
159863
159864
159865
159866
159867
159868
159869
159870
159871
159872
159873
159874
159875
159876
159877
159878
159879
159880
159881
159882
159883
159884
159885
159886
159887
159888
159889
159890
159891
159892
159893
159894
159895
159896
159897
159898
159899
159900
159901
159902
159903
159904
159905
159906
159907
159908
159909
159910
159911
159912
159913
159914
159915
159916
159917
159918
159919
159920
159921
159922
159923
159924
159925
159926
159927
159928
159929
159930
159931
159932
159933
159934
159935
159936
159937
159938
159939
159940
159942
159943
159944
159945
159946
159947
159948
159952
159962
159963
160027
160028
160029
160030
160031
160032
160033
160036
160037
160038
160039
160040
160041
160042
160043
160044
160045
160046
160047
160048
160049
160050
160051
160052
160053
160054
160055
160056
160057
160058
160059
160060
160061
160062
160063
160064
160065
160066
160067
160068
160069
160070
160071
160072
160073
160074
160075
160076
160077
160078
160079
160080
160081
160082
160083
160084
160085
160086
160087
160088
160089
160090
160091
160092
160093
160094
160095
160096
160097
160098
160099
160100
160101
160102
160103
160104
160105
160106
160107
160108
160109
160110
160111
160112
160113
160114
160115
160116
160117
160118
160119
160120
160121
160122
160123
160124
160125
160126
160127
160128
160129
160130
160131
160132
160133
160134
160135
160136
160137
160138
160139
160140
160141
160142
160143
160144
160145
160146
160147
160148
160149
160150
160151
160152
160153
160154
160155
160156
160157
160158
160159
160160
160161
160162
160163
160164
160165
160166
160167
160168
160169
160170
160171
160172
160173
160174
160175
160176
160177
160178
160179
160180
160181
160182
160183
160184
160185
160186
160187
160188
160189
160190
160191
160192
160193
160194
160195
160196
160197
160198
160199
160200
160201
160202
160203
160204
160205
160206
160207
160208
160209
160210
160211
160212
160213
160214
160215
160216
160217
160218
160219
160220
160221
160222
160223
160224
160225
160226
160227
160228
160229
160230
160231
160232
160233
160234
160235
160236
160237
160238
160239
160240
160241
160242
160243
160244
160245
160246
160247
160248
160249
160250
160251
160252
160253
160254
160255
160256
160257
160258
160259
160260
160261
160262
160263
160264
160265
160266
160267
160268
160269
160270
160271
160272
160273
160274
160275
160276
160277
160278
160279
160280
160281
160282
160283
160284
160285
160286
160287
160288
160289
160290
160293
160294
160295
160297
160299
160303
160304
160305
160307
160308
160381
160382
160385
160386
160387
160390
160391
160392
160396
160397
160398
160399
160400
160401
160402
160403
160404
160405
160406
160407
160408
160409
160410
160411
160412
160413
160414
160415
160416
160417
160418
160419
160420
160421
160422
160423
160424
160425
160426
160427
160428
160429
160430
160431
160432
160433
160434
160435
160436
160437
160438
160439
160440
160441
160442
160443
160444
160445
160446
160447
160448
160449
160450
160451
160452
160453
160454
160455
160456
160457
160458
160459
160460
160461
160462
160463
160464
160465
160466
160467
160468
160469
160470
160471
160472
160473
160474
160475
160476
160477
160478
160479
160480
160481
160482
160483
160484
160485
160486
160487
160488
160489
160490
160491
160492
160493
160494
160495
160496
160497
160498
160499
160500
160501
160502
160503
160504
160505
160506
160507
160508
160509
160510
160511
160512
160513
160514
160515
160516
160517
160518
160519
160520
160521
160522
160523
160524
160525
160526
160527
160528
160529
160530
160531
160532
160533
160534
160535
160536
160537
160538
160539
160540
160541
160542
160543
160544
160545
160546
160547
160548
160549
160550
160551
160552
160553
160554
160555
160556
160557
160558
160559
160560
160561
160562
160563
160564
160565
160566
160567
160568
160569
160570
160571
160572
160573
160574
160575
160576
160577
160578
160579
160580
160581
160582
160583
160584
160585
160586
160587
160588
160589
160590
160591
160592
160593
160594
160595
160596
160597
160598
160599
160600
160601
160602
160603
160604
160605
160606
160607
160608
160609
160610
160611
160612
160613
160614
160615
160616
160617
160618
160619
160620
160621
160622
160623
160624
160625
160626
160627
160628
160629
160630
160631
160632
160633
160634
160635
160636
160637
160638
160639
160640
160641
160642
160643
160644
160645
160646
160647
160648
160649
160650
160651
160652
160653
160654
160655
160656
160657
160658
160659
160660
160661
160662
160663
160664
160665
160666
160667
160668
160669
160670
160671
160672
160673
160674
160678
160683
160688
160689
160762
160763
160764
160765
160766
160767
160768
160769
160770
160771
160772
160773
160774
160775
160776
160777
160778
160779
160780
160781
160782
160783
160784
160785
160786
160787
160788
160789
160790
160791
160792
160793
160794
160795
160796
160797
160798
160799
160800
160801
160802
160803
160804
160805
160806
160807
160808
160809
160810
160811
160812
160813
160814
160815
160816
160817
160818
160819
160820
160821
160822
160823
160824
160825
160826
160827
160828
160829
160830
160831
160832
160833
160834
160835
160836
160837
160838
160839
160840
160841
160842
160843
160844
160845
160846
160847
160848
160849
160850
160851
160852
160853
160854
160855
160856
160857
160858
160859
160860
160861
160862
160863
160864
160865
160866
160867
160868
160869
160870
160871
160872
160873
160874
160875
160876
160877
160878
160879
160880
160881
160882
160883
160884
160885
160886
160887
160888
160889
160890
160891
160892
160893
160894
160895
160896
160897
160898
160899
160900
160901
160902
160903
160904
160905
160906
160907
160908
160909
160910
160911
160912
160913
160914
160915
160916
160917
160918
160919
160920
160921
160922
160923
160924
160925
160926
160927
160928
160929
160930
160931
160932
160933
160934
160935
160936
160937
160938
160939
160940
160941
160942
160943
160944
160945
160946
160947
160948
160949
160950
160951
160952
160953
160954
160955
160956
160957
160958
160959
160960
160961
160962
160963
160964
160965
160966
160967
160968
160969
160970
160971
160972
160973
160974
160975
160976
160977
160978
160979
160980
160981
160982
160983
160984
160985
160986
160987
160988
160989
160990
160991
160992
160993
160994
160995
160996
160997
160998
160999
161000
161001
161002
161003
161004
161005
161006
161007
161008
161009
161010
161011
161012
161013
161014
161015
161016
161017
161018
161019
161020
161021
161022
161023
161024
161025
161026
161027
161028
161029
161030
161031
161032
161033
161034
161035
161036
161037
161038
161039
161040
161041
161042
161043
161044
161045
161046
161047
161048
161049
161050
161051
161052
161053
161054
161056
161057
161058
161059
161061
161062
161063
161064
161066
161067
161122
161123
161126
161127
161128
161131
161132
161133
161137
161138
161139
161140
161141
161142
161143
161144
161145
161146
161147
161148
161149
161150
161151
161152
161153
161154
161155
161156
161157
161158
161159
161160
161161
161162
161163
161164
161165
161166
161167
161168
161169
161170
161171
161172
161173
161174
161175
161176
161177
161178
161179
161180
161181
161182
161183
161184
161185
161186
161187
161188
161189
161190
161191
161192
161193
161194
161195
161196
161197
161198
161199
161200
161201
161202
161203
161204
161205
161206
161207
161208
161209
161210
161211
161212
161213
161214
161215
161216
161217
161218
161219
161220
161221
161222
161223
161224
161225
161226
161227
161228
161229
161230
161231
161232
161233
161234
161235
161236
161237
161238
161239
161240
161241
161242
161243
161244
161245
161246
161247
161248
161249
161250
161251
161252
161253
161254
161255
161256
161257
161258
161259
161260
161261
161262
161263
161264
161265
161266
161267
161268
161269
161270
161271
161272
161273
161274
161275
161276
161277
161278
161279
161280
161281
161282
161283
161284
161285
161286
161287
161288
161289
161290
161291
161292
161293
161294
161295
161296
161297
161298
161299
161300
161301
161302
161303
161304
161305
161306
161307
161308
161309
161310
161311
161312
161313
161314
161315
161316
161317
161318
161319
161320
161321
161322
161323
161324
161325
161326
161327
161328
161329
161330
161331
161332
161333
161334
161335
161336
161337
161338
161339
161340
161341
161342
161343
161344
161345
161346
161347
161348
161349
161350
161351
161352
161353
161354
161355
161356
161357
161358
161359
161360
161361
161362
161363
161364
161365
161366
161367
161368
161369
161370
161371
161372
161373
161374
161375
161376
161377
161378
161379
161380
161381
161382
161383
161384
161385
161386
161387
161388
161389
161390
161391
161392
161393
161394
161395
161396
161397
161398
161399
161400
161401
161402
161403
161404
161405
161406
161407
161408
161409
161410
161411
161412
161413
161414
161415
161416
161417
161418
161419
161420
161421
161422
161423
161424
161425
161426
161427
161428
161429
161430
161431
161432
161433
161434
161435
161436
161437
161438
161439
161440
161441
161442
161443
161444
161445
161449
161454
161459
161460
161521
161522
161523
161524
161525
161526
161527
161530
161531
161532
161533
161534
161535
161536
161537
161538
161539
161540
161541
161542
161543
161544
161545
161546
161547
161548
161549
161550
161551
161552
161553
161554
161555
161556
161557
161558
161559
161560
161561
161562
161563
161564
161565
161566
161567
161568
161569
161570
161571
161572
161573
161574
161575
161576
161577
161578
161579
161580
161581
161582
161583
161584
161585
161586
161587
161588
161589
161590
161591
161592
161593
161594
161595
161596
161597
161598
161599
161600
161601
161602
161603
161604
161605
161606
161607
161608
161609
161610
161611
161612
161613
161614
161615
161616
161617
161618
161619
161620
161621
161622
161623
161624
161625
161626
161627
161628
161629
161630
161631
161632
161633
161634
161635
161636
161637
161638
161639
161640
161641
161642
161643
161644
161645
161646
161647
161648
161649
161650
161651
161652
161653
161654
161655
161656
161657
161658
161659
161660
161661
161662
161663
161664
161665
161666
161667
161668
161669
161670
161671
161672
161673
161674
161675
161676
161677
161678
161679
161680
161681
161682
161683
161684
161685
161686
161687
161688
161689
161690
161691
161692
161693
161694
161695
161696
161697
161698
161699
161700
161701
161702
161703
161704
161705
161706
161707
161708
161709
161710
161711
161712
161713
161714
161715
161716
161717
161718
161719
161720
161721
161722
161723
161724
161725
161726
161727
161728
161729
161730
161731
161732
161733
161734
161735
161736
161737
161738
161739
161740
161741
161742
161743
161744
161745
161746
161747
161748
161749
161750
161751
161752
161753
161754
161755
161756
161757
161758
161759
161760
161761
161762
161763
161764
161765
161766
161767
161768
161769
161770
161771
161772
161773
161774
161775
161776
161777
161778
161779
161780
161781
161782
161783
161784
161785
161786
161787
161788
161789
161790
161791
161792
161793
161794
161795
161796
161797
161798
161799
161800
161801
161802
161803
161804
161805
161806
161807
161808
161809
161810
161811
161812
161813
161814
161815
161816
161817
161818
161819
161820
161821
161822
161823
161824
161825
161826
161827
161828
161829
161830
161831
161832
161833
161834
161835
161836
161837
161838
161839
161840
161841
161842
161843
161844
161847
161848
161849
161851
161853
161857
161858
161859
161861
161862
161935
161936
161937
161938
161939
161940
161941
161942
161943
161944
161945
161946
161947
161948
161949
161950
161951
161952
161953
161954
161955
161956
161957
161958
161959
161960
161961
161962
161963
161964
161965
161966
161967
161968
161969
161970
161971
161972
161973
161974
161975
161976
161977
161978
161979
161980
161981
161982
161983
161984
161985
161986
161987
161988
161989
161990
161991
161992
161993
161994
161995
161996
161997
161998
161999
162000
162001
162002
162003
162004
162005
162006
162007
162008
162009
162010
162011
162012
162013
162014
162015
162016
162017
162018
162019
162020
162021
162022
162023
162024
162025
162026
162027
162028
162029
162030
162031
162032
162033
162034
162035
162036
162037
162038
162039
162040
162041
162042
162043
162044
162045
162046
162047
162048
162049
162050
162051
162052
162053
162054
162055
162056
162057
162058
162059
162060
162061
162062
162063
162064
162065
162066
162067
162068
162069
162070
162071
162072
162073
162074
162075
162076
162077
162078
162079
162080
162081
162082
162083
162084
162085
162086
162087
162088
162089
162090
162091
162092
162093
162094
162095
162096
162097
162098
162099
162100
162101
162102
162103
162104
162105
162106
162107
162108
162109
162110
162111
162112
162113
162114
162115
162116
162117
162118
162119
162120
162121
162122
162123
162124
162125
162126
162127
162128
162129
162130
162131
162132
162133
162134
162135
162136
162137
162138
162139
162140
162141
162142
162143
162144
162145
162146
162147
162148
162149
162150
162151
162152
162153
162154
162155
162156
162157
162158
162159
162160
162161
162162
162163
162164
162165
162166
162167
162168
162169
162170
162171
162172
162173
162174
162175
162176
162177
162178
162179
162180
162181
162182
162183
162184
162185
162186
162187
162188
162189
162190
162191
162192
162193
162194
162195
162196
162197
162198
162199
162200
162201
162202
162203
162204
162205
162206
162207
162208
162209
162210
162211
162212
162213
162214
162215
162216
162217
162218
162219
162220
162221
162222
162223
162224
162225
162226
162227
162228
162229
162230
162231
162232
162233
162234
162235
162236
162237
162238
162239
162240
162241
162242
162243
162244
162245
162246
162247
162248
162249
162250
162251
162252
162253
162254
162255
162256
162257
162259
162260
162261
162262
162264
162265
162266
162267
162269
162270
162340
162341
162342
162343
162344
162345
162346
162347
162348
162349
162350
162351
162352
162353
162354
162355
162356
162357
162358
162359
162360
162361
162362
162363
162364
162365
162366
162367
162368
162369
162370
162371
162372
162373
162374
162375
162376
162377
162378
162379
162380
162381
162382
162383
162384
162385
162386
162387
162388
162389
162390
162391
162392
162393
162394
162395
162396
162397
162398
162399
162400
162401
162402
162403
162404
162405
162406
162407
162408
162409
162410
162411
162412
162413
162414
162415
162416
162417
162418
162419
162420
162421
162422
162423
162424
162425
162426
162427
162428
162429
162430
162431
162432
162433
162434
162435
162436
162437
162438
162439
162440
162441
162442
162443
162444
162445
162446
162447
162448
162449
162450
162451
162452
162453
162454
162455
162456
162457
162458
162459
162460
162461
162462
162463
162464
162465
162466
162467
162468
162469
162470
162471
162472
162473
162474
162475
162476
162477
162478
162479
162480
162481
162482
162483
162484
162485
162486
162487
162488
162489
162490
162491
162492
162493
162494
162495
162496
162497
162498
162499
162500
162501
162502
162503
162504
162505
162506
162507
162508
162509
162510
162511
162512
162513
162514
162515
162516
162517
162518
162519
162520
162521
162522
162523
162524
162525
162526
162527
162528
162529
162530
162531
162532
162533
162534
162535
162536
162537
162538
162539
162540
162541
162542
162543
162544
162545
162546
162547
162548
162549
162550
162551
162552
162553
162554
162555
162556
162557
162558
162559
162560
162561
162562
162563
162564
162565
162566
162567
162568
162569
162570
162571
162572
162573
162574
162575
162576
162577
162578
162579
162580
162581
162582
162583
162584
162585
162586
162587
162588
162589
162590
162591
162592
162593
162594
162595
162596
162597
162598
162599
162600
162601
162602
162603
162604
162605
162606
162607
162608
162609
162610
162611
162612
162613
162614
162615
162616
162617
162618
162619
162620
162621
162622
162623
162624
162625
162626
162627
162628
162629
162630
162631
162632
162633
162634
162635
162636
162637
162638
162639
162640
162641
162642
162643
162644
162645
162646
162647
162648
162649
162650
162651
162652
162653
162654
162655
162656
162657
162658
162659
162660
162661
162662
162664
162665
162666
162667
162669
162670
162671
162672
162674
162675
162745
162746
162747
162748
162749
162750
162751
162752
162753
162754
162755
162756
162757
162758
162759
162760
162761
162762
162763
162764
162765
162766
162767
162768
162769
162770
162771
162772
162773
162774
162775
162776
162777
162778
162779
162780
162781
162782
162783
162784
162785
162786
162787
162788
162789
162790
162791
162792
162793
162794
162795
162796
162797
162798
162799
162800
162801
162802
162803
162804
162805
162806
162807
162808
162809
162810
162811
162812
162813
162814
162815
162816
162817
162818
162819
162820
162821
162822
162823
162824
162825
162826
162827
162828
162829
162830
162831
162832
162833
162834
162835
162836
162837
162838
162839
162840
162841
162842
162843
162844
162845
162846
162847
162848
162849
162850
162851
162852
162853
162854
162855
162856
162857
162858
162859
162860
162861
162862
162863
162864
162865
162866
162867
162868
162869
162870
162871
162872
162873
162874
162875
162876
162877
162878
162879
162880
162881
162882
162883
162884
162885
162886
162887
162888
162889
162890
162891
162892
162893
162894
162895
162896
162897
162898
162899
162900
162901
162902
162903
162904
162905
162906
162907
162908
162909
162910
162911
162912
162913
162914
162915
162916
162917
162918
162919
162920
162921
162922
162923
162924
162925
162926
162927
162928
162929
162930
162931
162932
162933
162934
162935
162936
162937
162938
162939
162940
162941
162942
162943
162944
162945
162946
162947
162948
162949
162950
162951
162952
162953
162954
162955
162956
162957
162958
162959
162960
162961
162962
162963
162964
162965
162966
162967
162968
162969
162970
162971
162972
162973
162974
162975
162976
162977
162978
162979
162980
162981
162982
162983
162984
162985
162986
162987
162988
162989
162990
162991
162992
162993
162994
162995
162996
162997
162998
162999
163000
163001
163002
163003
163004
163005
163006
163007
163008
163009
163010
163011
163012
163013
163014
163015
163016
163017
163018
163019
163020
163021
163022
163023
163024
163025
163026
163027
163028
163029
163030
163031
163032
163033
163034
163035
163036
163037
163038
163039
163040
163041
163042
163043
163044
163045
163046
163047
163048
163049
163050
163051
163052
163053
163054
163055
163056
163057
163058
163059
163060
163061
163062
163063
163064
163065
163066
163067
163069
163070
163071
163072
163074
163075
163076
163077
163079
163080
163150
163151
163152
163153
163154
163155
163156
163157
163158
163159
163160
163161
163162
163163
163164
163165
163166
163167
163168
163169
163170
163171
163172
163173
163174
163175
163176
163177
163178
163179
163180
163181
163182
163183
163184
163185
163186
163187
163188
163189
163190
163191
163192
163193
163194
163195
163196
163197
163198
163199
163200
163201
163202
163203
163204
163205
163206
163207
163208
163209
163210
163211
163212
163213
163214
163215
163216
163217
163218
163219
163220
163221
163222
163223
163224
163225
163226
163227
163228
163229
163230
163231
163232
163233
163234
163235
163236
163237
163238
163239
163240
163241
163242
163243
163244
163245
163246
163247
163248
163249
163250
163251
163252
163253
163254
163255
163256
163257
163258
163259
163260
163261
163262
163263
163264
163265
163266
163267
163268
163269
163270
163271
163272
163273
163274
163275
163276
163277
163278
163279
163280
163281
163282
163283
163284
163285
163286
163287
163288
163289
163290
163291
163292
163293
163294
163295
163296
163297
163298
163299
163300
163301
163302
163303
163304
163305
163306
163307
163308
163309
163310
163311
163312
163313
163314
163315
163316
163317
163318
163319
163320
163321
163322
163323
163324
163325
163326
163327
163328
163329
163330
163331
163332
163333
163334
163335
163336
163337
163338
163339
163340
163341
163342
163343
163344
163345
163346
163347
163348
163349
163350
163351
163352
163353
163354
163355
163356
163357
163358
163359
163360
163361
163362
163363
163364
163365
163366
163367
163368
163369
163370
163371
163372
163373
163374
163375
163376
163377
163378
163379
163380
163381
163382
163383
163384
163385
163386
163387
163388
163389
163390
163391
163392
163393
163394
163395
163396
163397
163398
163399
163400
163401
163402
163403
163404
163405
163406
163407
163408
163409
163410
163411
163412
163413
163414
163415
163416
163417
163418
163419
163420
163421
163422
163423
163424
163425
163426
163427
163428
163429
163430
163431
163432
163433
163434
163435
163436
163437
163438
163439
163440
163441
163442
163443
163444
163445
163446
163447
163448
163449
163450
163451
163452
163453
163454
163455
163456
163457
163458
163459
163460
163461
163462
163463
163464
163465
163466
163467
163468
163469
163470
163471
163472
163474
163475
163476
163477
163479
163480
163481
163482
163484
163485
163555
163556
163559
163560
163561
163562
163564
163565
163566
163570
163571
163572
163573
163574
163575
163576
163577
163578
163579
163580
163581
163582
163583
163584
163585
163586
163587
163588
163589
163590
163591
163592
163593
163594
163595
163596
163597
163598
163599
163600
163601
163602
163603
163604
163605
163606
163607
163608
163609
163610
163611
163612
163613
163614
163615
163616
163617
163618
163619
163620
163621
163622
163623
163624
163625
163626
163627
163628
163629
163630
163631
163632
163633
163634
163635
163636
163637
163638
163639
163640
163641
163642
163643
163644
163645
163646
163647
163648
163649
163650
163651
163652
163653
163654
163655
163656
163657
163658
163659
163660
163661
163662
163663
163664
163665
163666
163667
163668
163669
163670
163671
163672
163673
163674
163675
163676
163677
163678
163679
163680
163681
163682
163683
163684
163685
163686
163687
163688
163689
163690
163691
163692
163693
163694
163695
163696
163697
163698
163699
163700
163701
163702
163703
163704
163705
163706
163707
163708
163709
163710
163711
163712
163713
163714
163715
163716
163717
163718
163719
163720
163721
163722
163723
163724
163725
163726
163727
163728
163729
163730
163731
163732
163733
163734
163735
163736
163737
163738
163739
163740
163741
163742
163743
163744
163745
163746
163747
163748
163749
163750
163751
163752
163753
163754
163755
163756
163757
163758
163759
163760
163761
163762
163763
163764
163765
163766
163767
163768
163769
163770
163771
163772
163773
163774
163775
163776
163777
163778
163779
163780
163781
163782
163783
163784
163785
163786
163787
163788
163789
163790
163791
163792
163793
163794
163795
163796
163797
163798
163799
163800
163801
163802
163803
163804
163805
163806
163807
163808
163809
163810
163811
163812
163813
163814
163815
163816
163817
163818
163819
163820
163821
163822
163823
163824
163825
163826
163827
163828
163829
163830
163831
163832
163833
163834
163835
163836
163837
163838
163839
163840
163841
163842
163843
163844
163845
163846
163847
163848
163849
163850
163851
163852
163853
163854
163855
163856
163857
163858
163859
163860
163861
163862
163863
163864
163865
163866
163867
163868
163869
163870
163871
163872
163873
163874
163875
163876
163877
163878
163880
163882
163886
163887
163890
163892
163893
163951
163952
163955
163956
163960
163961
163962
163966
163968
163969
163970
163971
163972
163973
163974
163975
163976
163977
163978
163979
163980
163981
163982
163983
163984
163985
163986
163987
163988
163989
163990
163991
163992
163993
163994
163995
163996
163997
163998
163999
164000
164001
164002
164003
164004
164005
164006
164007
164008
164009
164010
164011
164012
164013
164014
164015
164016
164017
164018
164019
164020
164021
164022
164023
164024
164025
164026
164027
164028
164029
164030
164031
164032
164033
164034
164035
164036
164037
164038
164039
164040
164041
164042
164043
164044
164045
164046
164047
164048
164049
164050
164051
164052
164053
164054
164055
164056
164057
164058
164059
164060
164061
164062
164063
164064
164065
164066
164067
164068
164069
164070
164071
164072
164073
164074
164075
164076
164077
164078
164079
164080
164081
164082
164083
164084
164085
164086
164087
164088
164089
164090
164091
164092
164093
164094
164095
164096
164097
164098
164099
164100
164101
164102
164103
164104
164105
164106
164107
164108
164109
164110
164111
164112
164113
164114
164115
164116
164117
164118
164119
164120
164121
164122
164123
164124
164125
164126
164127
164128
164129
164130
164131
164132
164133
164134
164135
164136
164137
164138
164139
164140
164141
164142
164143
164144
164145
164146
164147
164148
164149
164150
164151
164152
164153
164154
164155
164156
164157
164158
164159
164160
164161
164162
164163
164164
164165
164166
164167
164168
164169
164170
164171
164172
164173
164174
164175
164176
164177
164178
164179
164180
164181
164182
164183
164184
164185
164186
164187
164188
164189
164190
164191
164192
164193
164194
164195
164196
164197
164198
164199
164200
164201
164202
164203
164204
164205
164206
164207
164208
164209
164210
164211
164212
164213
164214
164215
164216
164217
164218
164219
164220
164221
164222
164223
164224
164225
164226
164227
164228
164229
164230
164231
164232
164233
164234
164235
164236
164237
164238
164239
164240
164241
164242
164243
164244
164245
164246
164247
164248
164249
164250
164251
164252
164253
164254
164255
164256
164257
164258
164259
164260
164261
164262
164263
164264
164265
164266
164267
164268
164269
164270
164271
164272
164273
164274
164278
164283
164289
164347
164348
164349
164350
164351
164352
164353
164354
164355
164356
164357
164358
164359
164361
164362
164363
164364
164365
164366
164367
164368
164369
164370
164371
164372
164373
164374
164375
164376
164377
164378
164379
164380
164381
164382
164383
164384
164385
164386
164387
164388
164389
164390
164391
164392
164393
164394
164395
164396
164397
164398
164399
164400
164401
164402
164403
164404
164405
164406
164407
164408
164409
164410
164411
164412
164413
164414
164415
164416
164417
164418
164419
164420
164421
164422
164423
164424
164425
164426
164427
164428
164429
164430
164431
164432
164433
164434
164435
164436
164437
164438
164439
164440
164441
164442
164443
164444
164445
164446
164447
164448
164449
164450
164451
164452
164453
164454
164455
164456
164457
164458
164459
164460
164461
164462
164463
164464
164465
164466
164467
164468
164469
164470
164471
164472
164473
164474
164475
164476
164477
164478
164479
164480
164481
164482
164483
164484
164485
164486
164487
164488
164489
164490
164491
164492
164493
164494
164495
164496
164497
164498
164499
164500
164501
164502
164503
164504
164505
164506
164507
164508
164509
164510
164511
164512
164513
164514
164515
164516
164517
164518
164519
164520
164521
164522
164523
164524
164525
164526
164527
164528
164529
164530
164531
164532
164533
164534
164535
164536
164537
164538
164539
164540
164541
164542
164543
164544
164545
164546
164547
164548
164549
164550
164551
164552
164553
164554
164555
164556
164557
164558
164559
164560
164561
164562
164563
164564
164565
164566
164567
164568
164569
164570
164571
164572
164573
164574
164575
164576
164577
164578
164579
164580
164581
164582
164583
164584
164585
164586
164587
164588
164589
164590
164591
164592
164593
164594
164595
164596
164597
164598
164599
164600
164601
164602
164603
164604
164605
164606
164607
164608
164609
164610
164611
164612
164613
164614
164615
164616
164617
164618
164619
164620
164621
164622
164623
164624
164625
164626
164627
164628
164629
164630
164631
164632
164633
164634
164635
164636
164637
164638
164639
164642
164643
164644
164646
164647
164648
164649
164652
164719
164720
164723
164724
164728
164729
164730
164734
164736
164737
164738
164739
164740
164741
164742
164743
164744
164745
164746
164747
164748
164749
164750
164751
164752
164753
164754
164755
164756
164757
164758
164759
164760
164761
164762
164763
164764
164765
164766
164767
164768
164769
164770
164771
164772
164773
164774
164775
164776
164777
164778
164779
164780
164781
164782
164783
164784
164785
164786
164787
164788
164789
164790
164791
164792
164793
164794
164795
164796
164797
164798
164799
164800
164801
164802
164803
164804
164805
164806
164807
164808
164809
164810
164811
164812
164813
164814
164815
164816
164817
164818
164819
164820
164821
164822
164823
164824
164825
164826
164827
164828
164829
164830
164831
164832
164833
164834
164835
164836
164837
164838
164839
164840
164841
164842
164843
164844
164845
164846
164847
164848
164849
164850
164851
164852
164853
164854
164855
164856
164857
164858
164859
164860
164861
164862
164863
164864
164865
164866
164867
164868
164869
164870
164871
164872
164873
164874
164875
164876
164877
164878
164879
164880
164881
164882
164883
164884
164885
164886
164887
164888
164889
164890
164891
164892
164893
164894
164895
164896
164897
164898
164899
164900
164901
164902
164903
164904
164905
164906
164907
164908
164909
164910
164911
164912
164913
164914
164915
164916
164917
164918
164919
164920
164921
164922
164923
164924
164925
164926
164927
164928
164929
164930
164931
164932
164933
164934
164935
164936
164937
164938
164939
164940
164941
164942
164943
164944
164945
164946
164947
164948
164949
164950
164951
164952
164953
164954
164955
164956
164957
164958
164959
164960
164961
164962
164963
164964
164965
164966
164967
164968
164969
164970
164971
164972
164973
164974
164975
164976
164977
164978
164979
164980
164981
164982
164983
164984
164985
164986
164987
164988
164989
164990
164991
164992
164993
164994
164995
164996
164997
164998
164999
165000
165001
165002
165003
165004
165005
165006
165007
165008
165009
165010
165011
165012
165016
165021
165027
165097
165098
165101
165102
165103
165104
165106
165107
165108
165112
165113
165114
165115
165116
165117
165118
165119
165120
165121
165122
165123
165124
165125
165126
165127
165128
165129
165130
165131
165132
165133
165134
165135
165136
165137
165138
165139
165140
165141
165142
165143
165144
165145
165146
165147
165148
165149
165150
165151
165152
165153
165154
165155
165156
165157
165158
165159
165160
165161
165162
165163
165164
165165
165166
165167
165168
165169
165170
165171
165172
165173
165174
165175
165176
165177
165178
165179
165180
165181
165182
165183
165184
165185
165186
165187
165188
165189
165190
165191
165192
165193
165194
165195
165196
165197
165198
165199
165200
165201
165202
165203
165204
165205
165206
165207
165208
165209
165210
165211
165212
165213
165214
165215
165216
165217
165218
165219
165220
165221
165222
165223
165224
165225
165226
165227
165228
165229
165230
165231
165232
165233
165234
165235
165236
165237
165238
165239
165240
165241
165242
165243
165244
165245
165246
165247
165248
165249
165250
165251
165252
165253
165254
165255
165256
165257
165258
165259
165260
165261
165262
165263
165264
165265
165266
165267
165268
165269
165270
165271
165272
165273
165274
165275
165276
165277
165278
165279
165280
165281
165282
165283
165284
165285
165286
165287
165288
165289
165290
165291
165292
165293
165294
165295
165296
165297
165298
165299
165300
165301
165302
165303
165304
165305
165306
165307
165308
165309
165310
165311
165312
165313
165314
165315
165316
165317
165318
165319
165320
165321
165322
165323
165324
165325
165326
165327
165328
165329
165330
165331
165332
165333
165334
165335
165336
165337
165338
165339
165340
165341
165342
165343
165344
165345
165346
165347
165348
165349
165350
165351
165352
165353
165354
165355
165356
165357
165358
165359
165360
165362
165364
165368
165369
165372
165374
165375
165434
165443
165444
165451
165452
165453
165454
165455
165456
165457
165458
165459
165460
165461
165462
165463
165465
165466
165467
165468
165469
165470
165471
165472
165473
165474
165475
165476
165477
165478
165479
165480
165481
165482
165483
165484
165485
165486
165487
165488
165489
165490
165491
165492
165493
165494
165495
165496
165497
165498
165499
165500
165501
165502
165503
165504
165505
165506
165507
165508
165509
165510
165511
165512
165513
165514
165515
165516
165517
165518
165519
165520
165521
165522
165523
165524
165525
165526
165527
165528
165529
165530
165531
165532
165533
165534
165535
165536
165537
165538
165539
165540
165541
165542
165543
165544
165545
165546
165547
165548
165549
165550
165551
165552
165553
165554
165555
165556
165557
165558
165559
165560
165561
165562
165563
165564
165565
165566
165567
165568
165569
165570
165571
165572
165573
165574
165575
165576
165577
165578
165579
165580
165581
165582
165583
165584
165585
165586
165587
165588
165589
165590
165591
165592
165593
165594
165595
165596
165597
165598
165599
165600
165601
165602
165603
165604
165605
165606
165607
165608
165609
165610
165611
165612
165613
165614
165615
165616
165617
165618
165619
165620
165621
165622
165623
165624
165625
165626
165627
165628
165629
165630
165631
165632
165633
165634
165635
165636
165637
165638
165639
165640
165641
165642
165643
165644
165645
165646
165647
165648
165649
165650
165651
165652
165653
165654
165655
165656
165657
165658
165659
165660
165661
165662
165663
165664
165665
165666
165667
165668
165669
165670
165671
165672
165673
165674
165675
165676
165677
165678
165679
165680
165681
165682
165683
165684
165685
165686
165687
165688
165689
165692
165693
165694
165695
165696
165697
165698
165699
165702
165761
165770
165771
165778
165779
165782
165783
165785
165787
165788
165789
165793
165795
165796
165797
165798
165799
165800
165801
165802
165803
165804
165805
165806
165807
165808
165809
165810
165811
165812
165813
165814
165815
165816
165817
165818
165819
165820
165821
165822
165823
165824
165825
165826
165827
165828
165829
165830
165831
165832
165833
165834
165835
165836
165837
165838
165839
165840
165841
165842
165843
165844
165845
165846
165847
165848
165849
165850
165851
165852
165853
165854
165855
165856
165857
165858
165859
165860
165861
165862
165863
165864
165865
165866
165867
165868
165869
165870
165871
165872
165873
165874
165875
165876
165877
165878
165879
165880
165881
165882
165883
165884
165885
165886
165887
165888
165889
165890
165891
165892
165893
165894
165895
165896
165897
165898
165899
165900
165901
165902
165903
165904
165905
165906
165907
165908
165909
165910
165911
165912
165913
165914
165915
165916
165917
165918
165919
165920
165921
165922
165923
165924
165925
165926
165927
165928
165929
165930
165931
165932
165933
165934
165935
165936
165937
165938
165939
165940
165941
165942
165943
165944
165945
165946
165947
165948
165949
165950
165951
165952
165953
165954
165955
165956
165957
165958
165959
165960
165961
165962
165963
165964
165965
165966
165967
165968
165969
165970
165971
165972
165973
165974
165975
165976
165977
165978
165979
165980
165981
165983
165985
165989
165990
165992
165993
165996
166076
166082
166085
166086
166093
166094
166095
166096
166097
166098
166100
166101
166102
166103
166104
166105
166107
166108
166110
166111
166112
166113
166114
166115
166116
166117
166118
166119
166120
166121
166122
166123
166124
166125
166126
166127
166128
166129
166130
166131
166132
166133
166134
166135
166136
166137
166138
166139
166140
166141
166142
166143
166144
166145
166146
166147
166148
166149
166150
166151
166152
166153
166154
166155
166156
166157
166158
166159
166160
166161
166162
166163
166164
166165
166166
166167
166168
166169
166170
166171
166172
166173
166174
166175
166176
166177
166178
166179
166180
166181
166182
166183
166184
166185
166186
166187
166188
166189
166190
166191
166192
166193
166194
166195
166196
166197
166198
166199
166200
166201
166202
166203
166204
166205
166206
166207
166208
166209
166210
166211
166212
166213
166214
166215
166216
166217
166218
166219
166220
166221
166222
166223
166224
166225
166226
166227
166228
166229
166230
166231
166232
166233
166234
166235
166236
166237
166238
166239
166240
166241
166242
166243
166244
166245
166246
166247
166250
166251
166252
166253
166254
166255
166257
166260
166262
166268
166272
166370
166376
166379
166380
166387
166388
166391
166392
166394
166396
166397
166398
166402
166404
166405
166406
166407
166408
166409
166410
166412
166413
166414
166415
166416
166417
166419
166420
166422
166423
166424
166425
166426
166427
166428
166430
166431
166432
166433
166434
166435
166437
166438
166440
166441
166442
166443
166444
166445
166446
166448
166449
166450
166451
166452
166453
166455
166456
166458
166459
166460
166461
166462
166463
166464
166466
166467
166468
166469
166470
166471
166473
166474
166476
166478
166480
166484
166485
166487
166488
166491
166496
166502
166506
167247
167248
167249
167250
167251
167257
167258
167259
167260
167261
167262
167263
167264
167265
167266
167267
167268
167269
167272
167273
167274
167275
167276
167277
167278
167279
167280
167281
167282
167283
167284
167285
167286
167287
167288
167289
167290
167291
167292
167293
167294
167295
167296
167297
167298
167299
167300
167301
167302
167303
167304
167305
167306
167307
167308
167309
167310
167311
167312
167313
167314
167315
167316
167317
167318
167319
167320
167321
167322
167323
167324
167325
167326
167327
167328
167329
167330
167331
167332
167333
167334
167335
167336
167337
167338
167339
167340
167343
167344
167345
167346
167347
167349
167353
167354
167355
167356
167357
167358
167361
167362
167363
167365
167371
167372
167373
167375
167376
167475
167476
167477
167478
167479
167485
167486
167487
167488
167489
167490
167491
167492
167493
167494
167495
167496
167497
167498
167499
167500
167501
167502
167503
167504
167505
167506
167507
167508
167509
167510
167511
167512
167513
167514
167515
167516
167517
167518
167519
167520
167521
167522
167523
167524
167525
167526
167527
167528
167529
167530
167531
167532
167533
167534
167535
167536
167537
167538
167539
167540
167541
167542
167543
167544
167545
167546
167547
167549
167550
167551
167552
167553
167556
167557
167558
167560
167566
167567
167568
167570
167571
167639
167640
167641
167650
167651
167652
167653
167654
167655
167656
167657
167658
167659
167662
167663
167664
167665
167666
167667
167668
167669
167670
167673
167674
167675
167676
167677
167678
167680
167681
167685
167686
167687
167688
167689
167690
167691
167695
167705
167706
167759
167760
167761
167770
167771
167772
167773
167774
167775
167776
167777
167778
167779
167780
167781
167782
167783
167784
167785
167786
167787
167788
167789
167790
167791
167792
167793
167794
167795
167796
167797
167798
167799
167800
167801
167802
167804
167805
167806
167807
167808
167809
167810
167811
167815
167825
167826
167890
167891
167892
167893
167894
167895
167896
167899
167900
167901
167902
167903
167904
167905
167906
167907
167910
167911
167912
167913
167915
167917
167918
167922
167923
167924
167925
167927
167928
168001
168002
168005
168006
168007
168010
168011
168012
168016
168017
168018
168022
168023
168028
168029
168034
168035
168036
168109
168110
168111
168112
168113
168114
168115
168116
168117
168118
168119
168120
168121
168122
168123
168124
168125
168126
168127
168128
168130
168131
168132
168133
168135
168136
168137
168138
168140
168141
168196
168197
168200
168201
168202
168205
168206
168207
168211
168212
168213
168214
168215
168216
168217
168218
168219
168220
168221
168222
168223
168224
168225
168226
168227
168228
168229
168230
168231
168232
168233
168234
168235
168236
168237
168238
168239
168240
168241
168242
168243
168244
168245
168246
168250
168255
168260
168261
168322
168323
168324
168325
168326
168327
168328
168331
168332
168333
168334
168335
168336
168337
168338
168339
168342
168343
168344
168345
168347
168349
168350
168354
168355
168356
168357
168359
168360
168433
168434
168435
168436
168437
168438
168439
168440
168441
168442
168443
168444
168445
168446
168447
168448
168449
168450
168451
168452
168454
168455
168456
168457
168459
168460
168461
168462
168464
168465
168535
168536
168537
168538
168539
168540
168541
168542
168543
168544
168545
168546
168547
168548
168549
168550
168551
168552
168553
168554
168556
168557
168558
168559
168561
168562
168563
168564
168566
168567
168637
168638
168639
168640
168641
168642
168643
168644
168645
168646
168647
168648
168649
168650
168651
168652
168653
168654
168655
168656
168658
168659
168660
168661
168663
168664
168665
168666
168668
168669
168739
168740
168741
168742
168743
168744
168745
168746
168747
168748
168749
168750
168751
168752
168753
168754
168755
168756
168757
168758
168760
168761
168762
168763
168765
168766
168767
168768
168770
168771
168841
168842
168845
168846
168847
168848
168850
168851
168852
168856
168857
168858
168860
168862
168863
168867
168868
168869
168872
168874
168875
168876
168934
168935
168938
168939
168943
168944
168945
168949
168951
168952
168953
168954
168955
168956
168957
168958
168959
168960
168961
168962
168963
168964
168965
168966
168967
168968
168969
168970
168971
168972
168973
168974
168975
168976
168977
168978
168979
168980
168981
168982
168983
168984
168985
168986
168987
168988
168989
168990
168994
168999
169005
169063
169064
169065
169066
169067
169068
169069
169070
169071
169072
169073
169075
169076
169077
169078
169079
169080
169081
169082
169085
169086
169087
169089
169090
169091
169092
169095
169162
169163
169166
169168
169171
169172
169173
169178
169179
169183
169184
169189
169190
169196
169197
169267
169268
169269
169272
169273
169274
169275
169277
169278
169279
169280
169281
169285
169286
169287
169289
169290
169292
169293
169297
169298
169299
169300
169303
169304
169306
169307
169308
169367
169376
169377
169384
169385
169386
169387
169388
169389
169390
169391
169392
169393
169394
169395
169396
169397
169398
169399
169401
169402
169403
169404
169405
169406
169407
169408
169409
169410
169411
169414
169415
169416
169417
169418
169419
169420
169421
169422
169423
169424
169425
169428
169487
169496
169497
169504
169505
169506
169509
169511
169512
169514
169515
169516
169517
169518
169523
169524
169526
169527
169529
169530
169534
169535
169536
169537
169539
169540
169541
169544
169545
169625
169626
169632
169634
169636
169637
169638
169645
169646
169647
169648
169649
169650
169652
169653
169654
169655
169656
169657
169659
169660
169662
169663
169664
169665
169666
169667
169668
169669
169670
169671
169672
169673
169674
169675
169676
169677
169678
169679
169680
169681
169682
169683
169684
169685
169686
169687
169688
169689
169690
169691
169692
169693
169694
169695
169696
169697
169698
169699
169700
169701
169702
169703
169704
169705
169706
169709
169710
169711
169712
169713
169714
169716
169719
169721
169722
169728
169730
169733
169734
169832
169838
169841
169842
169849
169850
169851
169854
169855
169857
169859
169860
169861
169862
169863
169867
169869
169870
169871
169872
169873
169874
169875
169877
169878
169879
169880
169881
169882
169884
169885
169887
169888
169889
169890
169891
169892
169893
169895
169896
169897
169898
169899
169900
169902
169903
169905
169906
169907
169908
169909
169910
169911
169913
169914
169915
169916
169917
169918
169920
169921
169923
169924
169925
169926
169927
169928
169929
169931
169932
169933
169934
169935
169936
169938
169939
169941
169943
169944
169946
169950
169951
169952
169954
169955
169956
169959
169964
169970
169974
170715
170716
170717
170718
170719
170725
170726
170727
170728
170729
170730
170731
170732
170733
170734
170735
170736
170737
170740
170741
170742
170743
170744
170745
170746
170747
170748
170749
170750
170751
170752
170753
170754
170755
170756
170757
170758
170759
170760
170761
170762
170763
170764
170765
170766
170767
170768
170769
170770
170771
170772
170773
170774
170775
170776
170777
170778
170779
170780
170781
170782
170783
170784
170785
170786
170787
170788
170789
170790
170791
170792
170793
170794
170795
170796
170797
170798
170799
170800
170801
170802
170803
170804
170805
170806
170807
170808
170811
170812
170813
170814
170815
170817
170821
170822
170823
170824
170825
170826
170829
170830
170831
170833
170839
170840
170841
170843
170844
170943
170944
170945
170946
170947
170953
170954
170955
170956
170957
170958
170959
170960
170961
170962
170963
170964
170965
170966
170967
170968
170969
170970
170971
170972
170973
170974
170975
170976
170977
170978
170979
170980
170981
170982
170983
170984
170985
170986
170987
170988
170989
170990
170991
170992
170993
170994
170995
170996
170997
170998
170999
171000
171001
171002
171003
171004
171005
171006
171007
171008
171009
171010
171011
171012
171013
171014
171015
171017
171018
171019
171020
171021
171024
171025
171026
171028
171034
171035
171036
171038
171039
171107
171108
171109
171118
171119
171120
171121
171122
171123
171124
171125
171126
171127
171130
171131
171132
171133
171134
171135
171136
171137
171138
171141
171142
171143
171144
171145
171146
171148
171149
171153
171154
171155
171156
171157
171158
171159
171163
171173
171174
171227
171228
171229
171238
171239
171240
171241
171242
171243
171244
171245
171246
171247
171248
171249
171250
171251
171252
171253
171254
171255
171256
171257
171258
171259
171260
171261
171262
171263
171264
171265
171266
171267
171268
171269
171270
171272
171273
171274
171275
171276
171277
171278
171279
171283
171293
171294
171358
171359
171360
171361
171362
171363
171364
171367
171368
171369
171370
171371
171372
171373
171374
171375
171378
171379
171380
171381
171383
171385
171386
171390
171391
171392
171393
171395
171396
171469
171470
171473
171474
171475
171478
171479
171480
171484
171485
171486
171490
171491
171496
171497
171502
171503
171504
171577
171578
171579
171580
171581
171582
171583
171584
171585
171586
171587
171588
171589
171590
171591
171592
171593
171594
171595
171596
171598
171599
171600
171601
171603
171604
171605
171606
171608
171609
171664
171665
171668
171669
171670
171673
171674
171675
171679
171680
171681
171682
171683
171684
171685
171686
171687
171688
171689
171690
171691
171692
171693
171694
171695
171696
171697
171698
171699
171700
171701
171702
171703
171704
171705
171706
171707
171708
171709
171710
171711
171712
171713
171714
171718
171723
171728
171729
171790
171791
171792
171793
171794
171795
171796
171799
171800
171801
171802
171803
171804
171805
171806
171807
171810
171811
171812
171813
171815
171817
171818
171822
171823
171824
171825
171827
171828
171901
171902
171903
171904
171905
171906
171907
171908
171909
171910
171911
171912
171913
171914
171915
171916
171917
171918
171919
171920
171922
171923
171924
171925
171927
171928
171929
171930
171932
171933
172003
172004
172005
172006
172007
172008
172009
172010
172011
172012
172013
172014
172015
172016
172017
172018
172019
172020
172021
172022
172024
172025
172026
172027
172029
172030
172031
172032
172034
172035
172105
172106
172107
172108
172109
172110
172111
172112
172113
172114
172115
172116
172117
172118
172119
172120
172121
172122
172123
172124
172126
172127
172128
172129
172131
172132
172133
172134
172136
172137
172207
172208
172209
172210
172211
172212
172213
172214
172215
172216
172217
172218
172219
172220
172221
172222
172223
172224
172225
172226
172228
172229
172230
172231
172233
172234
172235
172236
172238
172239
172309
172310
172313
172314
172315
172316
172318
172319
172320
172324
172325
172326
172328
172330
172331
172335
172336
172337
172340
172342
172343
172344
172402
172403
172406
172407
172411
172412
172413
172417
172419
172420
172421
172422
172423
172424
172425
172426
172427
172428
172429
172430
172431
172432
172433
172434
172435
172436
172437
172438
172439
172440
172441
172442
172443
172444
172445
172446
172447
172448
172449
172450
172451
172452
172453
172454
172455
172456
172457
172458
172462
172467
172473
172531
172532
172533
172534
172535
172536
172537
172538
172539
172540
172541
172543
172544
172545
172546
172547
172548
172549
172550
172553
172554
172555
172557
172558
172559
172560
172563
172630
172631
172634
172636
172639
172640
172641
172646
172647
172651
172652
172657
172658
172664
172665
172735
172736
172737
172740
172741
172742
172743
172745
172746
172747
172748
172749
172753
172754
172755
172757
172758
172760
172761
172765
172766
172767
172768
172771
172772
172774
172775
172776
172835
172844
172845
172852
172853
172854
172855
172856
172857
172858
172859
172860
172861
172862
172863
172864
172865
172866
172867
172869
172870
172871
172872
172873
172874
172875
172876
172877
172878
172879
172882
172883
172884
172885
172886
172887
172888
172889
172890
172891
172892
172893
172896
172955
172964
172965
172972
172973
172974
172977
172979
172980
172982
172983
172984
172985
172986
172991
172992
172994
172995
172997
172998
173002
173003
173004
173005
173007
173008
173009
173012
173013
173093
173094
173100
173102
173104
173105
173106
173113
173114
173115
173116
173117
173118
173120
173121
173122
173123
173124
173125
173127
173128
173130
173131
173132
173133
173134
173135
173136
173137
173138
173139
173140
173141
173142
173143
173144
173145
173146
173147
173148
173149
173150
173151
173152
173153
173154
173155
173156
173157
173158
173159
173160
173161
173162
173163
173164
173165
173166
173167
173168
173169
173170
173171
173172
173173
173174
173177
173178
173179
173180
173181
173182
173184
173187
173189
173190
173196
173198
173201
173202
173300
173306
173309
173310
173317
173318
173319
173322
173323
173325
173327
173328
173329
173330
173331
173335
173337
173338
173339
173340
173341
173342
173343
173345
173346
173347
173348
173349
173350
173352
173353
173355
173356
173357
173358
173359
173360
173361
173363
173364
173365
173366
173367
173368
173370
173371
173373
173374
173375
173376
173377
173378
173379
173381
173382
173383
173384
173385
173386
173388
173389
173391
173392
173393
173394
173395
173396
173397
173399
173400
173401
173402
173403
173404
173406
173407
173409
173411
173412
173414
173418
173419
173420
173422
173423
173424
173427
173432
173438
173442
174183
174184
174185
174186
174187
174193
174194
174195
174196
174197
174198
174199
174200
174201
174202
174203
174204
174205
174208
174209
174210
174211
174212
174213
174214
174215
174216
174217
174218
174219
174220
174221
174222
174223
174224
174225
174226
174227
174228
174229
174230
174231
174232
174233
174234
174235
174236
174237
174238
174239
174240
174241
174242
174243
174244
174245
174246
174247
174248
174249
174250
174251
174252
174253
174254
174255
174256
174257
174258
174259
174260
174261
174262
174263
174264
174265
174266
174267
174268
174269
174270
174271
174272
174273
174274
174275
174276
174279
174280
174281
174282
174283
174285
174289
174290
174291
174292
174293
174294
174297
174298
174299
174301
174307
174308
174309
174311
174312
174411
174412
174413
174414
174415
174421
174422
174423
174424
174425
174426
174427
174428
174429
174430
174431
174432
174433
174434
174435
174436
174437
174438
174439
174440
174441
174442
174443
174444
174445
174446
174447
174448
174449
174450
174451
174452
174453
174454
174455
174456
174457
174458
174459
174460
174461
174462
174463
174464
174465
174466
174467
174468
174469
174470
174471
174472
174473
174474
174475
174476
174477
174478
174479
174480
174481
174482
174483
174485
174486
174487
174488
174489
174492
174493
174494
174496
174502
174503
174504
174506
174507
174575
174576
174577
174586
174587
174588
174589
174590
174591
174592
174593
174594
174595
174598
174599
174600
174601
174602
174603
174604
174605
174606
174609
174610
174611
174612
174613
174614
174616
174617
174621
174622
174623
174624
174625
174626
174627
174631
174641
174642
174695
174696
174697
174706
174707
174708
174709
174710
174711
174712
174713
174714
174715
174716
174717
174718
174719
174720
174721
174722
174723
174724
174725
174726
174727
174728
174729
174730
174731
174732
174733
174734
174735
174736
174737
174738
174740
174741
174742
174743
174744
174745
174746
174747
174751
174761
174762
174826
174827
174828
174829
174830
174831
174832
174835
174836
174837
174838
174839
174840
174841
174842
174843
174846
174847
174848
174849
174851
174853
174854
174858
174859
174860
174861
174863
174864
174937
174938
174941
174942
174943
174946
174947
174948
174952
174953
174954
174958
174959
174964
174965
174970
174971
174972
175045
175046
175047
175048
175049
175050
175051
175052
175053
175054
175055
175056
175057
175058
175059
175060
175061
175062
175063
175064
175066
175067
175068
175069
175071
175072
175073
175074
175076
175077
175132
175133
175136
175137
175138
175141
175142
175143
175147
175148
175149
175150
175151
175152
175153
175154
175155
175156
175157
175158
175159
175160
175161
175162
175163
175164
175165
175166
175167
175168
175169
175170
175171
175172
175173
175174
175175
175176
175177
175178
175179
175180
175181
175182
175186
175191
175196
175197
175258
175259
175260
175261
175262
175263
175264
175267
175268
175269
175270
175271
175272
175273
175274
175275
175278
175279
175280
175281
175283
175285
175286
175290
175291
175292
175293
175295
175296
175369
175370
175371
175372
175373
175374
175375
175376
175377
175378
175379
175380
175381
175382
175383
175384
175385
175386
175387
175388
175390
175391
175392
175393
175395
175396
175397
175398
175400
175401
175471
175472
175473
175474
175475
175476
175477
175478
175479
175480
175481
175482
175483
175484
175485
175486
175487
175488
175489
175490
175492
175493
175494
175495
175497
175498
175499
175500
175502
175503
175573
175574
175575
175576
175577
175578
175579
175580
175581
175582
175583
175584
175585
175586
175587
175588
175589
175590
175591
175592
175594
175595
175596
175597
175599
175600
175601
175602
175604
175605
175675
175676
175677
175678
175679
175680
175681
175682
175683
175684
175685
175686
175687
175688
175689
175690
175691
175692
175693
175694
175696
175697
175698
175699
175701
175702
175703
175704
175706
175707
175777
175778
175781
175782
175783
175784
175786
175787
175788
175792
175793
175794
175796
175798
175799
175803
175804
175805
175808
175810
175811
175812
175870
175871
175874
175875
175879
175880
175881
175885
175887
175888
175889
175890
175891
175892
175893
175894
175895
175896
175897
175898
175899
175900
175901
175902
175903
175904
175905
175906
175907
175908
175909
175910
175911
175912
175913
175914
175915
175916
175917
175918
175919
175920
175921
175922
175923
175924
175925
175926
175930
175935
175941
175999
176000
176001
176002
176003
176004
176005
176006
176007
176008
176009
176011
176012
176013
176014
176015
176016
176017
176018
176021
176022
176023
176025
176026
176027
176028
176031
176098
176099
176102
176104
176107
176108
176109
176114
176115
176119
176120
176125
176126
176132
176133
176203
176204
176205
176208
176209
176210
176211
176213
176214
176215
176216
176217
176221
176222
176223
176225
176226
176228
176229
176233
176234
176235
176236
176239
176240
176242
176243
176244
176303
176312
176313
176320
176321
176322
176323
176324
176325
176326
176327
176328
176329
176330
176331
176332
176333
176334
176335
176337
176338
176339
176340
176341
176342
176343
176344
176345
176346
176347
176350
176351
176352
176353
176354
176355
176356
176357
176358
176359
176360
176361
176364
176423
176432
176433
176440
176441
176442
176445
176447
176448
176450
176451
176452
176453
176454
176459
176460
176462
176463
176465
176466
176470
176471
176472
176473
176475
176476
176477
176480
176481
176561
176562
176568
176570
176572
176573
176574
176581
176582
176583
176584
176585
176586
176588
176589
176590
176591
176592
176593
176595
176596
176598
176599
176600
176601
176602
176603
176604
176605
176606
176607
176608
176609
176610
176611
176612
176613
176614
176615
176616
176617
176618
176619
176620
176621
176622
176623
176624
176625
176626
176627
176628
176629
176630
176631
176632
176633
176634
176635
176636
176637
176638
176639
176640
176641
176642
176645
176646
176647
176648
176649
176650
176652
176655
176657
176658
176664
176666
176669
176670
176768
176774
176777
176778
176785
176786
176787
176790
176791
176793
176795
176796
176797
176798
176799
176803
176805
176806
176807
176808
176809
176810
176811
176813
176814
176815
176816
176817
176818
176820
176821
176823
176824
176825
176826
176827
176828
176829
176831
176832
176833
176834
176835
176836
176838
176839
176841
176842
176843
176844
176845
176846
176847
176849
176850
176851
176852
176853
176854
176856
176857
176859
176860
176861
176862
176863
176864
176865
176867
176868
176869
176870
176871
176872
176874
176875
176877
176879
176880
176882
176886
176887
176888
176890
176891
176892
176895
176900
176906
176910
177651
177652
177653
177654
177655
177661
177662
177663
177664
177665
177666
177667
177668
177669
177670
177671
177672
177673
177676
177677
177678
177679
177680
177681
177682
177683
177684
177685
177686
177687
177688
177689
177690
177691
177692
177693
177694
177695
177696
177697
177698
177699
177700
177701
177702
177703
177704
177705
177706
177707
177708
177709
177710
177711
177712
177713
177714
177715
177716
177717
177718
177719
177720
177721
177722
177723
177724
177725
177726
177727
177728
177729
177730
177731
177732
177733
177734
177735
177736
177737
177738
177739
177740
177741
177742
177743
177744
177747
177748
177749
177750
177751
177753
177757
177758
177759
177760
177761
177762
177765
177766
177767
177769
177775
177776
177777
177779
177780
177879
177880
177881
177882
177883
177889
177890
177891
177892
177893
177894
177895
177896
177897
177898
177899
177900
177901
177902
177903
177904
177905
177906
177907
177908
177909
177910
177911
177912
177913
177914
177915
177916
177917
177918
177919
177920
177921
177922
177923
177924
177925
177926
177927
177928
177929
177930
177931
177932
177933
177934
177935
177936
177937
177938
177939
177940
177941
177942
177943
177944
177945
177946
177947
177948
177949
177950
177951
177953
177954
177955
177956
177957
177960
177961
177962
177964
177970
177971
177972
177974
177975
178043
178044
178045
178054
178055
178056
178057
178058
178059
178060
178061
178062
178063
178066
178067
178068
178069
178070
178071
178072
178073
178074
178077
178078
178079
178080
178081
178082
178084
178085
178089
178090
178091
178092
178093
178094
178095
178099
178109
178110
178163
178164
178165
178174
178175
178176
178177
178178
178179
178180
178181
178182
178183
178184
178185
178186
178187
178188
178189
178190
178191
178192
178193
178194
178195
178196
178197
178198
178199
178200
178201
178202
178203
178204
178205
178206
178208
178209
178210
178211
178212
178213
178214
178215
178219
178229
178230
178294
178295
178296
178297
178298
178299
178300
178303
178304
178305
178306
178307
178308
178309
178310
178311
178314
178315
178316
178317
178319
178321
178322
178326
178327
178328
178329
178331
178332
178405
178406
178409
178410
178411
178414
178415
178416
178420
178421
178422
178426
178427
178432
178433
178438
178439
178440
178513
178514
178515
178516
178517
178518
178519
178520
178521
178522
178523
178524
178525
178526
178527
178528
178529
178530
178531
178532
178534
178535
178536
178537
178539
178540
178541
178542
178544
178545
178600
178601
178604
178605
178606
178609
178610
178611
178615
178616
178617
178618
178619
178620
178621
178622
178623
178624
178625
178626
178627
178628
178629
178630
178631
178632
178633
178634
178635
178636
178637
178638
178639
178640
178641
178642
178643
178644
178645
178646
178647
178648
178649
178650
178654
178659
178664
178665
178726
178727
178728
178729
178730
178731
178732
178735
178736
178737
178738
178739
178740
178741
178742
178743
178746
178747
178748
178749
178751
178753
178754
178758
178759
178760
178761
178763
178764
178837
178838
178839
178840
178841
178842
178843
178844
178845
178846
178847
178848
178849
178850
178851
178852
178853
178854
178855
178856
178858
178859
178860
178861
178863
178864
178865
178866
178868
178869
178939
178940
178941
178942
178943
178944
178945
178946
178947
178948
178949
178950
178951
178952
178953
178954
178955
178956
178957
178958
178960
178961
178962
178963
178965
178966
178967
178968
178970
178971
179041
179042
179043
179044
179045
179046
179047
179048
179049
179050
179051
179052
179053
179054
179055
179056
179057
179058
179059
179060
179062
179063
179064
179065
179067
179068
179069
179070
179072
179073
179143
179144
179145
179146
179147
179148
179149
179150
179151
179152
179153
179154
179155
179156
179157
179158
179159
179160
179161
179162
179164
179165
179166
179167
179169
179170
179171
179172
179174
179175
179245
179246
179249
179250
179251
179252
179254
179255
179256
179260
179261
179262
179264
179266
179267
179271
179272
179273
179276
179278
179279
179280
179338
179339
179342
179343
179347
179348
179349
179353
179355
179356
179357
179358
179359
179360
179361
179362
179363
179364
179365
179366
179367
179368
179369
179370
179371
179372
179373
179374
179375
179376
179377
179378
179379
179380
179381
179382
179383
179384
179385
179386
179387
179388
179389
179390
179391
179392
179393
179394
179398
179403
179409
179467
179468
179469
179470
179471
179472
179473
179474
179475
179476
179477
179479
179480
179481
179482
179483
179484
179485
179486
179489
179490
179491
179493
179494
179495
179496
179499
179566
179567
179570
179572
179575
179576
179577
179582
179583
179587
179588
179593
179594
179600
179601
179671
179672
179673
179676
179677
179678
179679
179681
179682
179683
179684
179685
179689
179690
179691
179693
179694
179696
179697
179701
179702
179703
179704
179707
179708
179710
179711
179712
179771
179780
179781
179788
179789
179790
179791
179792
179793
179794
179795
179796
179797
179798
179799
179800
179801
179802
179803
179805
179806
179807
179808
179809
179810
179811
179812
179813
179814
179815
179818
179819
179820
179821
179822
179823
179824
179825
179826
179827
179828
179829
179832
179891
179900
179901
179908
179909
179910
179913
179915
179916
179918
179919
179920
179921
179922
179927
179928
179930
179931
179933
179934
179938
179939
179940
179941
179943
179944
179945
179948
179949
180029
180030
180036
180038
180040
180041
180042
180049
180050
180051
180052
180053
180054
180056
180057
180058
180059
180060
180061
180063
180064
180066
180067
180068
180069
180070
180071
180072
180073
180074
180075
180076
180077
180078
180079
180080
180081
180082
180083
180084
180085
180086
180087
180088
180089
180090
180091
180092
180093
180094
180095
180096
180097
180098
180099
180100
180101
180102
180103
180104
180105
180106
180107
180108
180109
180110
180113
180114
180115
180116
180117
180118
180120
180123
180125
180126
180132
180134
180137
180138
180236
180242
180245
180246
180253
180254
180255
180258
180259
180261
180263
180264
180265
180266
180267
180271
180273
180274
180275
180276
180277
180278
180279
180281
180282
180283
180284
180285
180286
180288
180289
180291
180292
180293
180294
180295
180296
180297
180299
180300
180301
180302
180303
180304
180306
180307
180309
180310
180311
180312
180313
180314
180315
180317
180318
180319
180320
180321
180322
180324
180325
180327
180328
180329
180330
180331
180332
180333
180335
180336
180337
180338
180339
180340
180342
180343
180345
180347
180348
180350
180354
180355
180356
180358
180359
180360
180363
180368
180374
180378
181119
181120
181121
181122
181123
181129
181130
181131
181132
181133
181134
181135
181136
181137
181138
181139
181140
181141
181144
181145
181146
181147
181148
181149
181150
181151
181152
181153
181154
181155
181156
181157
181158
181159
181160
181161
181162
181163
181164
181165
181166
181167
181168
181169
181170
181171
181172
181173
181174
181175
181176
181177
181178
181179
181180
181181
181182
181183
181184
181185
181186
181187
181188
181189
181190
181191
181192
181193
181194
181195
181196
181197
181198
181199
181200
181201
181202
181203
181204
181205
181206
181207
181208
181209
181210
181211
181212
181215
181216
181217
181218
181219
181221
181225
181226
181227
181228
181229
181230
181233
181234
181235
181237
181243
181244
181245
181247
181248
181347
181348
181349
181350
181351
181357
181358
181359
181360
181361
181362
181363
181364
181365
181366
181367
181368
181369
181370
181371
181372
181373
181374
181375
181376
181377
181378
181379
181380
181381
181382
181383
181384
181385
181386
181387
181388
181389
181390
181391
181392
181393
181394
181395
181396
181397
181398
181399
181400
181401
181402
181403
181404
181405
181406
181407
181408
181409
181410
181411
181412
181413
181414
181415
181416
181417
181418
181419
181421
181422
181423
181424
181425
181428
181429
181430
181432
181438
181439
181440
181442
181443
181511
181512
181513
181522
181523
181524
181525
181526
181527
181528
181529
181530
181531
181534
181535
181536
181537
181538
181539
181540
181541
181542
181545
181546
181547
181548
181549
181550
181552
181553
181557
181558
181559
181560
181561
181562
181563
181567
181577
181578
181631
181632
181633
181642
181643
181644
181645
181646
181647
181648
181649
181650
181651
181652
181653
181654
181655
181656
181657
181658
181659
181660
181661
181662
181663
181664
181665
181666
181667
181668
181669
181670
181671
181672
181673
181674
181676
181677
181678
181679
181680
181681
181682
181683
181687
181697
181698
181762
181763
181764
181765
181766
181767
181768
181771
181772
181773
181774
181775
181776
181777
181778
181779
181782
181783
181784
181785
181787
181789
181790
181794
181795
181796
181797
181799
181800
181873
181874
181877
181878
181879
181882
181883
181884
181888
181889
181890
181894
181895
181900
181901
181906
181907
181908
181981
181982
181983
181984
181985
181986
181987
181988
181989
181990
181991
181992
181993
181994
181995
181996
181997
181998
181999
182000
182002
182003
182004
182005
182007
182008
182009
182010
182012
182013
182068
182069
182072
182073
182074
182077
182078
182079
182083
182084
182085
182086
182087
182088
182089
182090
182091
182092
182093
182094
182095
182096
182097
182098
182099
182100
182101
182102
182103
182104
182105
182106
182107
182108
182109
182110
182111
182112
182113
182114
182115
182116
182117
182118
182122
182127
182132
182133
182194
182195
182196
182197
182198
182199
182200
182203
182204
182205
182206
182207
182208
182209
182210
182211
182214
182215
182216
182217
182219
182221
182222
182226
182227
182228
182229
182231
182232
182305
182306
182307
182308
182309
182310
182311
182312
182313
182314
182315
182316
182317
182318
182319
182320
182321
182322
182323
182324
182326
182327
182328
182329
182331
182332
182333
182334
182336
182337
182407
182408
182409
182410
182411
182412
182413
182414
182415
182416
182417
182418
182419
182420
182421
182422
182423
182424
182425
182426
182428
182429
182430
182431
182433
182434
182435
182436
182438
182439
182509
182510
182511
182512
182513
182514
182515
182516
182517
182518
182519
182520
182521
182522
182523
182524
182525
182526
182527
182528
182530
182531
182532
182533
182535
182536
182537
182538
182540
182541
182611
182612
182613
182614
182615
182616
182617
182618
182619
182620
182621
182622
182623
182624
182625
182626
182627
182628
182629
182630
182632
182633
182634
182635
182637
182638
182639
182640
182642
182643
182713
182714
182717
182718
182719
182720
182722
182723
182724
182728
182729
182730
182732
182734
182735
182739
182740
182741
182744
182746
182747
182748
182806
182807
182810
182811
182815
182816
182817
182821
182823
182824
182825
182826
182827
182828
182829
182830
182831
182832
182833
182834
182835
182836
182837
182838
182839
182840
182841
182842
182843
182844
182845
182846
182847
182848
182849
182850
182851
182852
182853
182854
182855
182856
182857
182858
182859
182860
182861
182862
182866
182871
182877
182935
182936
182937
182938
182939
182940
182941
182942
182943
182944
182945
182947
182948
182949
182950
182951
182952
182953
182954
182957
182958
182959
182961
182962
182963
182964
182967
183034
183035
183038
183040
183043
183044
183045
183050
183051
183055
183056
183061
183062
183068
183069
183139
183140
183141
183144
183145
183146
183147
183149
183150
183151
183152
183153
183157
183158
183159
183161
183162
183164
183165
183169
183170
183171
183172
183175
183176
183178
183179
183180
183239
183248
183249
183256
183257
183258
183259
183260
183261
183262
183263
183264
183265
183266
183267
183268
183269
183270
183271
183273
183274
183275
183276
183277
183278
183279
183280
183281
183282
183283
183286
183287
183288
183289
183290
183291
183292
183293
183294
183295
183296
183297
183300
183359
183368
183369
183376
183377
183378
183381
183383
183384
183386
183387
183388
183389
183390
183395
183396
183398
183399
183401
183402
183406
183407
183408
183409
183411
183412
183413
183416
183417
183497
183498
183504
183506
183508
183509
183510
183517
183518
183519
183520
183521
183522
183524
183525
183526
183527
183528
183529
183531
183532
183534
183535
183536
183537
183538
183539
183540
183541
183542
183543
183544
183545
183546
183547
183548
183549
183550
183551
183552
183553
183554
183555
183556
183557
183558
183559
183560
183561
183562
183563
183564
183565
183566
183567
183568
183569
183570
183571
183572
183573
183574
183575
183576
183577
183578
183581
183582
183583
183584
183585
183586
183588
183591
183593
183594
183600
183602
183605
183606
183704
183710
183713
183714
183721
183722
183723
183726
183727
183729
183731
183732
183733
183734
183735
183739
183741
183742
183743
183744
183745
183746
183747
183749
183750
183751
183752
183753
183754
183756
183757
183759
183760
183761
183762
183763
183764
183765
183767
183768
183769
183770
183771
183772
183774
183775
183777
183778
183779
183780
183781
183782
183783
183785
183786
183787
183788
183789
183790
183792
183793
183795
183796
183797
183798
183799
183800
183801
183803
183804
183805
183806
183807
183808
183810
183811
183813
183815
183816
183818
183822
183823
183824
183826
183827
183828
183831
183836
183842
183846
184587
184588
184589
184590
184591
184597
184598
184599
184600
184601
184602
184603
184604
184605
184606
184607
184608
184609
184612
184613
184614
184615
184616
184617
184618
184619
184620
184621
184622
184623
184624
184625
184626
184627
184628
184629
184630
184631
184632
184633
184634
184635
184636
184637
184638
184639
184640
184641
184642
184643
184644
184645
184646
184647
184648
184649
184650
184651
184652
184653
184654
184655
184656
184657
184658
184659
184660
184661
184662
184663
184664
184665
184666
184667
184668
184669
184670
184671
184672
184673
184674
184675
184676
184677
184678
184679
184680
184683
184684
184685
184686
184687
184689
184693
184694
184695
184696
184697
184698
184701
184702
184703
184705
184711
184712
184713
184715
184716
184815
184816
184817
184818
184819
184825
184826
184827
184828
184829
184830
184831
184832
184833
184834
184835
184836
184837
184838
184839
184840
184841
184842
184843
184844
184845
184846
184847
184848
184849
184850
184851
184852
184853
184854
184855
184856
184857
184858
184859
184860
184861
184862
184863
184864
184865
184866
184867
184868
184869
184870
184871
184872
184873
184874
184875
184876
184877
184878
184879
184880
184881
184882
184883
184884
184885
184886
184887
184889
184890
184891
184892
184893
184896
184897
184898
184900
184906
184907
184908
184910
184911
184979
184980
184981
184990
184991
184992
184993
184994
184995
184996
184997
184998
184999
185002
185003
185004
185005
185006
185007
185008
185009
185010
185013
185014
185015
185016
185017
185018
185020
185021
185025
185026
185027
185028
185029
185030
185031
185035
185045
185046
185099
185100
185101
185110
185111
185112
185113
185114
185115
185116
185117
185118
185119
185120
185121
185122
185123
185124
185125
185126
185127
185128
185129
185130
185131
185132
185133
185134
185135
185136
185137
185138
185139
185140
185141
185142
185144
185145
185146
185147
185148
185149
185150
185151
185155
185165
185166
185230
185231
185232
185233
185234
185235
185236
185239
185240
185241
185242
185243
185244
185245
185246
185247
185250
185251
185252
185253
185255
185257
185258
185262
185263
185264
185265
185267
185268
185341
185342
185345
185346
185347
185350
185351
185352
185356
185357
185358
185362
185363
185368
185369
185374
185375
185376
185449
185450
185451
185452
185453
185454
185455
185456
185457
185458
185459
185460
185461
185462
185463
185464
185465
185466
185467
185468
185470
185471
185472
185473
185475
185476
185477
185478
185480
185481
185536
185537
185540
185541
185542
185545
185546
185547
185551
185552
185553
185554
185555
185556
185557
185558
185559
185560
185561
185562
185563
185564
185565
185566
185567
185568
185569
185570
185571
185572
185573
185574
185575
185576
185577
185578
185579
185580
185581
185582
185583
185584
185585
185586
185590
185595
185600
185601
185662
185663
185664
185665
185666
185667
185668
185671
185672
185673
185674
185675
185676
185677
185678
185679
185682
185683
185684
185685
185687
185689
185690
185694
185695
185696
185697
185699
185700
185773
185774
185775
185776
185777
185778
185779
185780
185781
185782
185783
185784
185785
185786
185787
185788
185789
185790
185791
185792
185794
185795
185796
185797
185799
185800
185801
185802
185804
185805
185875
185876
185877
185878
185879
185880
185881
185882
185883
185884
185885
185886
185887
185888
185889
185890
185891
185892
185893
185894
185896
185897
185898
185899
185901
185902
185903
185904
185906
185907
185977
185978
185979
185980
185981
185982
185983
185984
185985
185986
185987
185988
185989
185990
185991
185992
185993
185994
185995
185996
185998
185999
186000
186001
186003
186004
186005
186006
186008
186009
186079
186080
186081
186082
186083
186084
186085
186086
186087
186088
186089
186090
186091
186092
186093
186094
186095
186096
186097
186098
186100
186101
186102
186103
186105
186106
186107
186108
186110
186111
186181
186182
186185
186186
186187
186188
186190
186191
186192
186196
186197
186198
186200
186202
186203
186207
186208
186209
186212
186214
186215
186216
186274
186275
186278
186279
186283
186284
186285
186289
186291
186292
186293
186294
186295
186296
186297
186298
186299
186300
186301
186302
186303
186304
186305
186306
186307
186308
186309
186310
186311
186312
186313
186314
186315
186316
186317
186318
186319
186320
186321
186322
186323
186324
186325
186326
186327
186328
186329
186330
186334
186339
186345
186403
186404
186405
186406
186407
186408
186409
186410
186411
186412
186413
186415
186416
186417
186418
186419
186420
186421
186422
186425
186426
186427
186429
186430
186431
186432
186435
186502
186503
186506
186508
186511
186512
186513
186518
186519
186523
186524
186529
186530
186536
186537
186607
186608
186609
186612
186613
186614
186615
186617
186618
186619
186620
186621
186625
186626
186627
186629
186630
186632
186633
186637
186638
186639
186640
186643
186644
186646
186647
186648
186707
186716
186717
186724
186725
186726
186727
186728
186729
186730
186731
186732
186733
186734
186735
186736
186737
186738
186739
186741
186742
186743
186744
186745
186746
186747
186748
186749
186750
186751
186754
186755
186756
186757
186758
186759
186760
186761
186762
186763
186764
186765
186768
186827
186836
186837
186844
186845
186846
186849
186851
186852
186854
186855
186856
186857
186858
186863
186864
186866
186867
186869
186870
186874
186875
186876
186877
186879
186880
186881
186884
186885
186965
186966
186972
186974
186976
186977
186978
186985
186986
186987
186988
186989
186990
186992
186993
186994
186995
186996
186997
186999
187000
187002
187003
187004
187005
187006
187007
187008
187009
187010
187011
187012
187013
187014
187015
187016
187017
187018
187019
187020
187021
187022
187023
187024
187025
187026
187027
187028
187029
187030
187031
187032
187033
187034
187035
187036
187037
187038
187039
187040
187041
187042
187043
187044
187045
187046
187049
187050
187051
187052
187053
187054
187056
187059
187061
187062
187068
187070
187073
187074
187172
187178
187181
187182
187189
187190
187191
187194
187195
187197
187199
187200
187201
187202
187203
187207
187209
187210
187211
187212
187213
187214
187215
187217
187218
187219
187220
187221
187222
187224
187225
187227
187228
187229
187230
187231
187232
187233
187235
187236
187237
187238
187239
187240
187242
187243
187245
187246
187247
187248
187249
187250
187251
187253
187254
187255
187256
187257
187258
187260
187261
187263
187264
187265
187266
187267
187268
187269
187271
187272
187273
187274
187275
187276
187278
187279
187281
187283
187284
187286
187290
187291
187292
187294
187295
187296
187299
187304
187310
187314
188055
188056
188057
188058
188059
188065
188066
188067
188068
188069
188070
188071
188072
188073
188074
188075
188076
188077
188080
188081
188082
188083
188084
188085
188086
188087
188088
188089
188090
188091
188092
188093
188094
188095
188096
188097
188098
188099
188100
188101
188102
188103
188104
188105
188106
188107
188108
188109
188110
188111
188112
188113
188114
188115
188116
188117
188118
188119
188120
188121
188122
188123
188124
188125
188126
188127
188128
188129
188130
188131
188132
188133
188134
188135
188136
188137
188138
188139
188140
188141
188142
188143
188144
188145
188146
188147
188148
188151
188152
188153
188154
188155
188157
188161
188162
188163
188164
188165
188166
188169
188170
188171
188173
188179
188180
188181
188183
188184
188283
188284
188285
188286
188287
188293
188294
188295
188296
188297
188298
188299
188300
188301
188302
188303
188304
188305
188306
188307
188308
188309
188310
188311
188312
188313
188314
188315
188316
188317
188318
188319
188320
188321
188322
188323
188324
188325
188326
188327
188328
188329
188330
188331
188332
188333
188334
188335
188336
188337
188338
188339
188340
188341
188342
188343
188344
188345
188346
188347
188348
188349
188350
188351
188352
188353
188354
188355
188357
188358
188359
188360
188361
188364
188365
188366
188368
188374
188375
188376
188378
188379
188447
188448
188449
188458
188459
188460
188461
188462
188463
188464
188465
188466
188467
188470
188471
188472
188473
188474
188475
188476
188477
188478
188481
188482
188483
188484
188485
188486
188488
188489
188493
188494
188495
188496
188497
188498
188499
188503
188513
188514
188567
188568
188569
188578
188579
188580
188581
188582
188583
188584
188585
188586
188587
188588
188589
188590
188591
188592
188593
188594
188595
188596
188597
188598
188599
188600
188601
188602
188603
188604
188605
188606
188607
188608
188609
188610
188612
188613
188614
188615
188616
188617
188618
188619
188623
188633
188634
188698
188699
188700
188701
188702
188703
188704
188707
188708
188709
188710
188711
188712
188713
188714
188715
188718
188719
188720
188721
188723
188725
188726
188730
188731
188732
188733
188735
188736
188809
188810
188813
188814
188815
188818
188819
188820
188824
188825
188826
188830
188831
188836
188837
188842
188843
188844
188917
188918
188919
188920
188921
188922
188923
188924
188925
188926
188927
188928
188929
188930
188931
188932
188933
188934
188935
188936
188938
188939
188940
188941
188943
188944
188945
188946
188948
188949
189004
189005
189008
189009
189010
189013
189014
189015
189019
189020
189021
189022
189023
189024
189025
189026
189027
189028
189029
189030
189031
189032
189033
189034
189035
189036
189037
189038
189039
189040
189041
189042
189043
189044
189045
189046
189047
189048
189049
189050
189051
189052
189053
189054
189058
189063
189068
189069
189130
189131
189132
189133
189134
189135
189136
189139
189140
189141
189142
189143
189144
189145
189146
189147
189150
189151
189152
189153
189155
189157
189158
189162
189163
189164
189165
189167
189168
189241
189242
189243
189244
189245
189246
189247
189248
189249
189250
189251
189252
189253
189254
189255
189256
189257
189258
189259
189260
189262
189263
189264
189265
189267
189268
189269
189270
189272
189273
189343
189344
189345
189346
189347
189348
189349
189350
189351
189352
189353
189354
189355
189356
189357
189358
189359
189360
189361
189362
189364
189365
189366
189367
189369
189370
189371
189372
189374
189375
189445
189446
189447
189448
189449
189450
189451
189452
189453
189454
189455
189456
189457
189458
189459
189460
189461
189462
189463
189464
189466
189467
189468
189469
189471
189472
189473
189474
189476
189477
189547
189548
189549
189550
189551
189552
189553
189554
189555
189556
189557
189558
189559
189560
189561
189562
189563
189564
189565
189566
189568
189569
189570
189571
189573
189574
189575
189576
189578
189579
189649
189650
189653
189654
189655
189656
189658
189659
189660
189664
189665
189666
189668
189670
189671
189675
189676
189677
189680
189682
189683
189684
189742
189743
189746
189747
189751
189752
189753
189757
189759
189760
189761
189762
189763
189764
189765
189766
189767
189768
189769
189770
189771
189772
189773
189774
189775
189776
189777
189778
189779
189780
189781
189782
189783
189784
189785
189786
189787
189788
189789
189790
189791
189792
189793
189794
189795
189796
189797
189798
189802
189807
189813
189871
189872
189873
189874
189875
189876
189877
189878
189879
189880
189881
189883
189884
189885
189886
189887
189888
189889
189890
189893
189894
189895
189897
189898
189899
189900
189903
189970
189971
189974
189976
189979
189980
189981
189986
189987
189991
189992
189997
189998
190004
190005
190075
190076
190077
190080
190081
190082
190083
190085
190086
190087
190088
190089
190093
190094
190095
190097
190098
190100
190101
190105
190106
190107
190108
190111
190112
190114
190115
190116
190175
190184
190185
190192
190193
190194
190195
190196
190197
190198
190199
190200
190201
190202
190203
190204
190205
190206
190207
190209
190210
190211
190212
190213
190214
190215
190216
190217
190218
190219
190222
190223
190224
190225
190226
190227
190228
190229
190230
190231
190232
190233
190236
190295
190304
190305
190312
190313
190314
190317
190319
190320
190322
190323
190324
190325
190326
190331
190332
190334
190335
190337
190338
190342
190343
190344
190345
190347
190348
190349
190352
190353
190433
190434
190440
190442
190444
190445
190446
190453
190454
190455
190456
190457
190458
190460
190461
190462
190463
190464
190465
190467
190468
190470
190471
190472
190473
190474
190475
190476
190477
190478
190479
190480
190481
190482
190483
190484
190485
190486
190487
190488
190489
190490
190491
190492
190493
190494
190495
190496
190497
190498
190499
190500
190501
190502
190503
190504
190505
190506
190507
190508
190509
190510
190511
190512
190513
190514
190517
190518
190519
190520
190521
190522
190524
190527
190529
190530
190536
190538
190541
190542
190640
190646
190649
190650
190657
190658
190659
190662
190663
190665
190667
190668
190669
190670
190671
190675
190677
190678
190679
190680
190681
190682
190683
190685
190686
190687
190688
190689
190690
190692
190693
190695
190696
190697
190698
190699
190700
190701
190703
190704
190705
190706
190707
190708
190710
190711
190713
190714
190715
190716
190717
190718
190719
190721
190722
190723
190724
190725
190726
190728
190729
190731
190732
190733
190734
190735
190736
190737
190739
190740
190741
190742
190743
190744
190746
190747
190749
190751
190752
190754
190758
190759
190760
190762
190763
190764
190767
190772
190778
190782
191523
191524
191525
191526
191527
191533
191534
191535
191536
191537
191538
191539
191540
191541
191542
191543
191544
191545
191548
191549
191550
191551
191552
191553
191554
191555
191556
191557
191558
191559
191560
191561
191562
191563
191564
191565
191566
191567
191568
191569
191570
191571
191572
191573
191574
191575
191576
191577
191578
191579
191580
191581
191582
191583
191584
191585
191586
191587
191588
191589
191590
191591
191592
191593
191594
191595
191596
191597
191598
191599
191600
191601
191602
191603
191604
191605
191606
191607
191608
191609
191610
191611
191612
191613
191614
191615
191616
191619
191620
191621
191622
191623
191625
191629
191630
191631
191632
191633
191634
191637
191638
191639
191641
191647
191648
191649
191651
191652
191751
191752
191753
191754
191755
191761
191762
191763
191764
191765
191766
191767
191768
191769
191770
191771
191772
191773
191774
191775
191776
191777
191778
191779
191780
191781
191782
191783
191784
191785
191786
191787
191788
191789
191790
191791
191792
191793
191794
191795
191796
191797
191798
191799
191800
191801
191802
191803
191804
191805
191806
191807
191808
191809
191810
191811
191812
191813
191814
191815
191816
191817
191818
191819
191820
191821
191822
191823
191825
191826
191827
191828
191829
191832
191833
191834
191836
191842
191843
191844
191846
191847
191915
191916
191917
191926
191927
191928
191929
191930
191931
191932
191933
191934
191935
191938
191939
191940
191941
191942
191943
191944
191945
191946
191949
191950
191951
191952
191953
191954
191956
191957
191961
191962
191963
191964
191965
191966
191967
191971
191981
191982
192035
192036
192037
192046
192047
192048
192049
192050
192051
192052
192053
192054
192055
192056
192057
192058
192059
192060
192061
192062
192063
192064
192065
192066
192067
192068
192069
192070
192071
192072
192073
192074
192075
192076
192077
192078
192080
192081
192082
192083
192084
192085
192086
192087
192091
192101
192102
192166
192167
192168
192169
192170
192171
192172
192175
192176
192177
192178
192179
192180
192181
192182
192183
192186
192187
192188
192189
192191
192193
192194
192198
192199
192200
192201
192203
192204
192277
192278
192281
192282
192283
192286
192287
192288
192292
192293
192294
192298
192299
192304
192305
192310
192311
192312
192385
192386
192387
192388
192389
192390
192391
192392
192393
192394
192395
192396
192397
192398
192399
192400
192401
192402
192403
192404
192406
192407
192408
192409
192411
192412
192413
192414
192416
192417
192472
192473
192476
192477
192478
192481
192482
192483
192487
192488
192489
192490
192491
192492
192493
192494
192495
192496
192497
192498
192499
192500
192501
192502
192503
192504
192505
192506
192507
192508
192509
192510
192511
192512
192513
192514
192515
192516
192517
192518
192519
192520
192521
192522
192526
192531
192536
192537
192598
192599
192600
192601
192602
192603
192604
192607
192608
192609
192610
192611
192612
192613
192614
192615
192618
192619
192620
192621
192623
192625
192626
192630
192631
192632
192633
192635
192636
192709
192710
192711
192712
192713
192714
192715
192716
192717
192718
192719
192720
192721
192722
192723
192724
192725
192726
192727
192728
192730
192731
192732
192733
192735
192736
192737
192738
192740
192741
192811
192812
192813
192814
192815
192816
192817
192818
192819
192820
192821
192822
192823
192824
192825
192826
192827
192828
192829
192830
192832
192833
192834
192835
192837
192838
192839
192840
192842
192843
192913
192914
192915
192916
192917
192918
192919
192920
192921
192922
192923
192924
192925
192926
192927
192928
192929
192930
192931
192932
192934
192935
192936
192937
192939
192940
192941
192942
192944
192945
193015
193016
193017
193018
193019
193020
193021
193022
193023
193024
193025
193026
193027
193028
193029
193030
193031
193032
193033
193034
193036
193037
193038
193039
193041
193042
193043
193044
193046
193047
193117
193118
193121
193122
193123
193124
193126
193127
193128
193132
193133
193134
193136
193138
193139
193143
193144
193145
193148
193150
193151
193152
193210
193211
193214
193215
193219
193220
193221
193225
193227
193228
193229
193230
193231
193232
193233
193234
193235
193236
193237
193238
193239
193240
193241
193242
193243
193244
193245
193246
193247
193248
193249
193250
193251
193252
193253
193254
193255
193256
193257
193258
193259
193260
193261
193262
193263
193264
193265
193266
193270
193275
193281
193339
193340
193341
193342
193343
193344
193345
193346
193347
193348
193349
193351
193352
193353
193354
193355
193356
193357
193358
193361
193362
193363
193365
193366
193367
193368
193371
193438
193439
193442
193444
193447
193448
193449
193454
193455
193459
193460
193465
193466
193472
193473
193543
193544
193545
193548
193549
193550
193551
193553
193554
193555
193556
193557
193561
193562
193563
193565
193566
193568
193569
193573
193574
193575
193576
193579
193580
193582
193583
193584
193643
193652
193653
193660
193661
193662
193663
193664
193665
193666
193667
193668
193669
193670
193671
193672
193673
193674
193675
193677
193678
193679
193680
193681
193682
193683
193684
193685
193686
193687
193690
193691
193692
193693
193694
193695
193696
193697
193698
193699
193700
193701
193704
193763
193772
193773
193780
193781
193782
193785
193787
193788
193790
193791
193792
193793
193794
193799
193800
193802
193803
193805
193806
193810
193811
193812
193813
193815
193816
193817
193820
193821
193901
193902
193908
193910
193912
193913
193914
193921
193922
193923
193924
193925
193926
193928
193929
193930
193931
193932
193933
193935
193936
193938
193939
193940
193941
193942
193943
193944
193945
193946
193947
193948
193949
193950
193951
193952
193953
193954
193955
193956
193957
193958
193959
193960
193961
193962
193963
193964
193965
193966
193967
193968
193969
193970
193971
193972
193973
193974
193975
193976
193977
193978
193979
193980
193981
193982
193985
193986
193987
193988
193989
193990
193992
193995
193997
193998
194004
194006
194009
194010
194108
194114
194117
194118
194125
194126
194127
194130
194131
194133
194135
194136
194137
194138
194139
194143
194145
194146
194147
194148
194149
194150
194151
194153
194154
194155
194156
194157
194158
194160
194161
194163
194164
194165
194166
194167
194168
194169
194171
194172
194173
194174
194175
194176
194178
194179
194181
194182
194183
194184
194185
194186
194187
194189
194190
194191
194192
194193
194194
194196
194197
194199
194200
194201
194202
194203
194204
194205
194207
194208
194209
194210
194211
194212
194214
194215
194217
194219
194220
194222
194226
194227
194228
194230
194231
194232
194235
194240
194246
194250
194991
194992
194993
194994
194995
195001
195002
195003
195004
195005
195006
195007
195008
195009
195010
195011
195012
195013
195016
195017
195018
195019
195020
195021
195022
195023
195024
195025
195026
195027
195028
195029
195030
195031
195032
195033
195034
195035
195036
195037
195038
195039
195040
195041
195042
195043
195044
195045
195046
195047
195048
195049
195050
195051
195052
195053
195054
195055
195056
195057
195058
195059
195060
195061
195062
195063
195064
195065
195066
195067
195068
195069
195070
195071
195072
195073
195074
195075
195076
195077
195078
195079
195080
195081
195082
195083
195084
195087
195088
195089
195090
195091
195093
195097
195098
195099
195100
195101
195102
195105
195106
195107
195109
195115
195116
195117
195119
195120
195219
195220
195221
195222
195223
195229
195230
195231
195232
195233
195234
195235
195236
195237
195238
195239
195240
195241
195242
195243
195244
195245
195246
195247
195248
195249
195250
195251
195252
195253
195254
195255
195256
195257
195258
195259
195260
195261
195262
195263
195264
195265
195266
195267
195268
195269
195270
195271
195272
195273
195274
195275
195276
195277
195278
195279
195280
195281
195282
195283
195284
195285
195286
195287
195288
195289
195290
195291
195293
195294
195295
195296
195297
195300
195301
195302
195304
195310
195311
195312
195314
195315
195383
195384
195385
195394
195395
195396
195397
195398
195399
195400
195401
195402
195403
195406
195407
195408
195409
195410
195411
195412
195413
195414
195417
195418
195419
195420
195421
195422
195424
195425
195429
195430
195431
195432
195433
195434
195435
195439
195449
195450
195503
195504
195505
195514
195515
195516
195517
195518
195519
195520
195521
195522
195523
195524
195525
195526
195527
195528
195529
195530
195531
195532
195533
195534
195535
195536
195537
195538
195539
195540
195541
195542
195543
195544
195545
195546
195548
195549
195550
195551
195552
195553
195554
195555
195559
195569
195570
195634
195635
195636
195637
195638
195639
195640
195643
195644
195645
195646
195647
195648
195649
195650
195651
195654
195655
195656
195657
195659
195661
195662
195666
195667
195668
195669
195671
195672
195745
195746
195749
195750
195751
195754
195755
195756
195760
195761
195762
195766
195767
195772
195773
195778
195779
195780
195853
195854
195855
195856
195857
195858
195859
195860
195861
195862
195863
195864
195865
195866
195867
195868
195869
195870
195871
195872
195874
195875
195876
195877
195879
195880
195881
195882
195884
195885
195940
195941
195944
195945
195946
195949
195950
195951
195955
195956
195957
195958
195959
195960
195961
195962
195963
195964
195965
195966
195967
195968
195969
195970
195971
195972
195973
195974
195975
195976
195977
195978
195979
195980
195981
195982
195983
195984
195985
195986
195987
195988
195989
195990
195994
195999
196004
196005
196066
196067
196068
196069
196070
196071
196072
196075
196076
196077
196078
196079
196080
196081
196082
196083
196086
196087
196088
196089
196091
196093
196094
196098
196099
196100
196101
196103
196104
196177
196178
196179
196180
196181
196182
196183
196184
196185
196186
196187
196188
196189
196190
196191
196192
196193
196194
196195
196196
196198
196199
196200
196201
196203
196204
196205
196206
196208
196209
196279
196280
196281
196282
196283
196284
196285
196286
196287
196288
196289
196290
196291
196292
196293
196294
196295
196296
196297
196298
196300
196301
196302
196303
196305
196306
196307
196308
196310
196311
196381
196382
196383
196384
196385
196386
196387
196388
196389
196390
196391
196392
196393
196394
196395
196396
196397
196398
196399
196400
196402
196403
196404
196405
196407
196408
196409
196410
196412
196413
196483
196484
196485
196486
196487
196488
196489
196490
196491
196492
196493
196494
196495
196496
196497
196498
196499
196500
196501
196502
196504
196505
196506
196507
196509
196510
196511
196512
196514
196515
196585
196586
196589
196590
196591
196592
196594
196595
196596
196600
196601
196602
196604
196606
196607
196611
196612
196613
196616
196618
196619
196620
196678
196679
196682
196683
196687
196688
196689
196693
196695
196696
196697
196698
196699
196700
196701
196702
196703
196704
196705
196706
196707
196708
196709
196710
196711
196712
196713
196714
196715
196716
196717
196718
196719
196720
196721
196722
196723
196724
196725
196726
196727
196728
196729
196730
196731
196732
196733
196734
196738
196743
196749
196807
196808
196809
196810
196811
196812
196813
196814
196815
196816
196817
196819
196820
196821
196822
196823
196824
196825
196826
196829
196830
196831
196833
196834
196835
196836
196839
196906
196907
196910
196912
196915
196916
196917
196922
196923
196927
196928
196933
196934
196940
196941
197011
197012
197013
197016
197017
197018
197019
197021
197022
197023
197024
197025
197029
197030
197031
197033
197034
197036
197037
197041
197042
197043
197044
197047
197048
197050
197051
197052
197111
197120
197121
197128
197129
197130
197131
197132
197133
197134
197135
197136
197137
197138
197139
197140
197141
197142
197143
197145
197146
197147
197148
197149
197150
197151
197152
197153
197154
197155
197158
197159
197160
197161
197162
197163
197164
197165
197166
197167
197168
197169
197172
197231
197240
197241
197248
197249
197250
197253
197255
197256
197258
197259
197260
197261
197262
197267
197268
197270
197271
197273
197274
197278
197279
197280
197281
197283
197284
197285
197288
197289
197369
197370
197376
197378
197380
197381
197382
197389
197390
197391
197392
197393
197394
197396
197397
197398
197399
197400
197401
197403
197404
197406
197407
197408
197409
197410
197411
197412
197413
197414
197415
197416
197417
197418
197419
197420
197421
197422
197423
197424
197425
197426
197427
197428
197429
197430
197431
197432
197433
197434
197435
197436
197437
197438
197439
197440
197441
197442
197443
197444
197445
197446
197447
197448
197449
197450
197453
197454
197455
197456
197457
197458
197460
197463
197465
197466
197472
197474
197477
197478
197576
197582
197585
197586
197593
197594
197595
197598
197599
197601
197603
197604
197605
197606
197607
197611
197613
197614
197615
197616
197617
197618
197619
197621
197622
197623
197624
197625
197626
197628
197629
197631
197632
197633
197634
197635
197636
197637
197639
197640
197641
197642
197643
197644
197646
197647
197649
197650
197651
197652
197653
197654
197655
197657
197658
197659
197660
197661
197662
197664
197665
197667
197668
197669
197670
197671
197672
197673
197675
197676
197677
197678
197679
197680
197682
197683
197685
197687
197688
197690
197694
197695
197696
197698
197699
197700
197703
197708
197714
197718
198459
198460
198461
198462
198463
198469
198470
198471
198472
198473
198474
198475
198476
198477
198478
198479
198480
198481
198484
198485
198486
198487
198488
198489
198490
198491
198492
198493
198494
198495
198496
198497
198498
198499
198500
198501
198502
198503
198504
198505
198506
198507
198508
198509
198510
198511
198512
198513
198514
198515
198516
198517
198518
198519
198520
198521
198522
198523
198524
198525
198526
198527
198528
198529
198530
198531
198532
198533
198534
198535
198536
198537
198538
198539
198540
198541
198542
198543
198544
198545
198546
198547
198548
198549
198550
198551
198552
198555
198556
198557
198558
198559
198561
198565
198566
198567
198568
198569
198570
198573
198574
198575
198577
198583
198584
198585
198587
198588
198687
198688
198689
198690
198691
198697
198698
198699
198700
198701
198702
198703
198704
198705
198706
198707
198708
198709
198710
198711
198712
198713
198714
198715
198716
198717
198718
198719
198720
198721
198722
198723
198724
198725
198726
198727
198728
198729
198730
198731
198732
198733
198734
198735
198736
198737
198738
198739
198740
198741
198742
198743
198744
198745
198746
198747
198748
198749
198750
198751
198752
198753
198754
198755
198756
198757
198758
198759
198761
198762
198763
198764
198765
198768
198769
198770
198772
198778
198779
198780
198782
198783
198851
198852
198853
198862
198863
198864
198865
198866
198867
198868
198869
198870
198871
198874
198875
198876
198877
198878
198879
198880
198881
198882
198885
198886
198887
198888
198889
198890
198892
198893
198897
198898
198899
198900
198901
198902
198903
198907
198917
198918
198971
198972
198973
198982
198983
198984
198985
198986
198987
198988
198989
198990
198991
198992
198993
198994
198995
198996
198997
198998
198999
199000
199001
199002
199003
199004
199005
199006
199007
199008
199009
199010
199011
199012
199013
199014
199016
199017
199018
199019
199020
199021
199022
199023
199027
199037
199038
199102
199103
199104
199105
199106
199107
199108
199111
199112
199113
199114
199115
199116
199117
199118
199119
199122
199123
199124
199125
199127
199129
199130
199134
199135
199136
199137
199139
199140
199213
199214
199217
199218
199219
199222
199223
199224
199228
199229
199230
199234
199235
199240
199241
199246
199247
199248
199321
199322
199323
199324
199325
199326
199327
199328
199329
199330
199331
199332
199333
199334
199335
199336
199337
199338
199339
199340
199342
199343
199344
199345
199347
199348
199349
199350
199352
199353
199408
199409
199412
199413
199414
199417
199418
199419
199423
199424
199425
199426
199427
199428
199429
199430
199431
199432
199433
199434
199435
199436
199437
199438
199439
199440
199441
199442
199443
199444
199445
199446
199447
199448
199449
199450
199451
199452
199453
199454
199455
199456
199457
199458
199462
199467
199472
199473
199534
199535
199536
199537
199538
199539
199540
199543
199544
199545
199546
199547
199548
199549
199550
199551
199554
199555
199556
199557
199559
199561
199562
199566
199567
199568
199569
199571
199572
199645
199646
199647
199648
199649
199650
199651
199652
199653
199654
199655
199656
199657
199658
199659
199660
199661
199662
199663
199664
199666
199667
199668
199669
199671
199672
199673
199674
199676
199677
199747
199748
199749
199750
199751
199752
199753
199754
199755
199756
199757
199758
199759
199760
199761
199762
199763
199764
199765
199766
199768
199769
199770
199771
199773
199774
199775
199776
199778
199779
199849
199850
199851
199852
199853
199854
199855
199856
199857
199858
199859
199860
199861
199862
199863
199864
199865
199866
199867
199868
199870
199871
199872
199873
199875
199876
199877
199878
199880
199881
199951
199952
199953
199954
199955
199956
199957
199958
199959
199960
199961
199962
199963
199964
199965
199966
199967
199968
199969
199970
199972
199973
199974
199975
199977
199978
199979
199980
199982
199983
200053
200054
200057
200058
200059
200060
200062
200063
200064
200068
200069
200070
200072
200074
200075
200079
200080
200081
200084
200086
200087
200088
200146
200147
200150
200151
200155
200156
200157
200161
200163
200164
200165
200166
200167
200168
200169
200170
200171
200172
200173
200174
200175
200176
200177
200178
200179
200180
200181
200182
200183
200184
200185
200186
200187
200188
200189
200190
200191
200192
200193
200194
200195
200196
200197
200198
200199
200200
200201
200202
200206
200211
200217
200275
200276
200277
200278
200279
200280
200281
200282
200283
200284
200285
200287
200288
200289
200290
200291
200292
200293
200294
200297
200298
200299
200301
200302
200303
200304
200307
200374
200375
200378
200380
200383
200384
200385
200390
200391
200395
200396
200401
200402
200408
200409
200479
200480
200481
200484
200485
200486
200487
200489
200490
200491
200492
200493
200497
200498
200499
200501
200502
200504
200505
200509
200510
200511
200512
200515
200516
200518
200519
200520
200579
200588
200589
200596
200597
200598
200599
200600
200601
200602
200603
200604
200605
200606
200607
200608
200609
200610
200611
200613
200614
200615
200616
200617
200618
200619
200620
200621
200622
200623
200626
200627
200628
200629
200630
200631
200632
200633
200634
200635
200636
200637
200640
200699
200708
200709
200716
200717
200718
200721
200723
200724
200726
200727
200728
200729
200730
200735
200736
200738
200739
200741
200742
200746
200747
200748
200749
200751
200752
200753
200756
200757
200837
200838
200844
200846
200848
200849
200850
200857
200858
200859
200860
200861
200862
200864
200865
200866
200867
200868
200869
200871
200872
200874
200875
200876
200877
200878
200879
200880
200881
200882
200883
200884
200885
200886
200887
200888
200889
200890
200891
200892
200893
200894
200895
200896
200897
200898
200899
200900
200901
200902
200903
200904
200905
200906
200907
200908
200909
200910
200911
200912
200913
200914
200915
200916
200917
200918
200921
200922
200923
200924
200925
200926
200928
200931
200933
200934
200940
200942
200945
200946
201044
201050
201053
201054
201061
201062
201063
201066
201067
201069
201071
201072
201073
201074
201075
201079
201081
201082
201083
201084
201085
201086
201087
201089
201090
201091
201092
201093
201094
201096
201097
201099
201100
201101
201102
201103
201104
201105
201107
201108
201109
201110
201111
201112
201114
201115
201117
201118
201119
201120
201121
201122
201123
201125
201126
201127
201128
201129
201130
201132
201133
201135
201136
201137
201138
201139
201140
201141
201143
201144
201145
201146
201147
201148
201150
201151
201153
201155
201156
201158
201162
201163
201164
201166
201167
201168
201171
201176
201182
201186
201927
201928
201929
201930
201931
201937
201938
201939
201940
201941
201942
201943
201944
201945
201946
201947
201948
201949
201952
201953
201954
201955
201956
201957
201958
201959
201960
201961
201962
201963
201964
201965
201966
201967
201968
201969
201970
201971
201972
201973
201974
201975
201976
201977
201978
201979
201980
201981
201982
201983
201984
201985
201986
201987
201988
201989
201990
201991
201992
201993
201994
201995
201996
201997
201998
201999
202000
202001
202002
202003
202004
202005
202006
202007
202008
202009
202010
202011
202012
202013
202014
202015
202016
202017
202018
202019
202020
202023
202024
202025
202026
202027
202029
202033
202034
202035
202036
202037
202038
202041
202042
202043
202045
202051
202052
202053
202055
202056
202155
202156
202157
202158
202159
202165
202166
202167
202168
202169
202170
202171
202172
202173
202174
202175
202176
202177
202178
202179
202180
202181
202182
202183
202184
202185
202186
202187
202188
202189
202190
202191
202192
202193
202194
202195
202196
202197
202198
202199
202200
202201
202202
202203
202204
202205
202206
202207
202208
202209
202210
202211
202212
202213
202214
202215
202216
202217
202218
202219
202220
202221
202222
202223
202224
202225
202226
202227
202229
202230
202231
202232
202233
202236
202237
202238
202240
202246
202247
202248
202250
202251
202319
202320
202321
202330
202331
202332
202333
202334
202335
202336
202337
202338
202339
202342
202343
202344
202345
202346
202347
202348
202349
202350
202353
202354
202355
202356
202357
202358
202360
202361
202365
202366
202367
202368
202369
202370
202371
202375
202385
202386
202439
202440
202441
202450
202451
202452
202453
202454
202455
202456
202457
202458
202459
202460
202461
202462
202463
202464
202465
202466
202467
202468
202469
202470
202471
202472
202473
202474
202475
202476
202477
202478
202479
202480
202481
202482
202484
202485
202486
202487
202488
202489
202490
202491
202495
202505
202506
202570
202571
202572
202573
202574
202575
202576
202579
202580
202581
202582
202583
202584
202585
202586
202587
202590
202591
202592
202593
202595
202597
202598
202602
202603
202604
202605
202607
202608
202681
202682
202685
202686
202687
202690
202691
202692
202696
202697
202698
202702
202703
202708
202709
202714
202715
202716
202789
202790
202791
202792
202793
202794
202795
202796
202797
202798
202799
202800
202801
202802
202803
202804
202805
202806
202807
202808
202810
202811
202812
202813
202815
202816
202817
202818
202820
202821
202876
202877
202880
202881
202882
202885
202886
202887
202891
202892
202893
202894
202895
202896
202897
202898
202899
202900
202901
202902
202903
202904
202905
202906
202907
202908
202909
202910
202911
202912
202913
202914
202915
202916
202917
202918
202919
202920
202921
202922
202923
202924
202925
202926
202930
202935
202940
202941
203002
203003
203004
203005
203006
203007
203008
203011
203012
203013
203014
203015
203016
203017
203018
203019
203022
203023
203024
203025
203027
203029
203030
203034
203035
203036
203037
203039
203040
203113
203114
203115
203116
203117
203118
203119
203120
203121
203122
203123
203124
203125
203126
203127
203128
203129
203130
203131
203132
203134
203135
203136
203137
203139
203140
203141
203142
203144
203145
203215
203216
203217
203218
203219
203220
203221
203222
203223
203224
203225
203226
203227
203228
203229
203230
203231
203232
203233
203234
203236
203237
203238
203239
203241
203242
203243
203244
203246
203247
203317
203318
203319
203320
203321
203322
203323
203324
203325
203326
203327
203328
203329
203330
203331
203332
203333
203334
203335
203336
203338
203339
203340
203341
203343
203344
203345
203346
203348
203349
203419
203420
203421
203422
203423
203424
203425
203426
203427
203428
203429
203430
203431
203432
203433
203434
203435
203436
203437
203438
203440
203441
203442
203443
203445
203446
203447
203448
203450
203451
203521
203522
203525
203526
203527
203528
203530
203531
203532
203536
203537
203538
203540
203542
203543
203547
203548
203549
203552
203554
203555
203556
203614
203615
203618
203619
203623
203624
203625
203629
203631
203632
203633
203634
203635
203636
203637
203638
203639
203640
203641
203642
203643
203644
203645
203646
203647
203648
203649
203650
203651
203652
203653
203654
203655
203656
203657
203658
203659
203660
203661
203662
203663
203664
203665
203666
203667
203668
203669
203670
203674
203679
203685
203743
203744
203745
203746
203747
203748
203749
203750
203751
203752
203753
203755
203756
203757
203758
203759
203760
203761
203762
203765
203766
203767
203769
203770
203771
203772
203775
203842
203843
203846
203848
203851
203852
203853
203858
203859
203863
203864
203869
203870
203876
203877
203947
203948
203949
203952
203953
203954
203955
203957
203958
203959
203960
203961
203965
203966
203967
203969
203970
203972
203973
203977
203978
203979
203980
203983
203984
203986
203987
203988
204047
204056
204057
204064
204065
204066
204067
204068
204069
204070
204071
204072
204073
204074
204075
204076
204077
204078
204079
204081
204082
204083
204084
204085
204086
204087
204088
204089
204090
204091
204094
204095
204096
204097
204098
204099
204100
204101
204102
204103
204104
204105
204108
204167
204176
204177
204184
204185
204186
204189
204191
204192
204194
204195
204196
204197
204198
204203
204204
204206
204207
204209
204210
204214
204215
204216
204217
204219
204220
204221
204224
204225
204305
204306
204312
204314
204316
204317
204318
204325
204326
204327
204328
204329
204330
204332
204333
204334
204335
204336
204337
204339
204340
204342
204343
204344
204345
204346
204347
204348
204349
204350
204351
204352
204353
204354
204355
204356
204357
204358
204359
204360
204361
204362
204363
204364
204365
204366
204367
204368
204369
204370
204371
204372
204373
204374
204375
204376
204377
204378
204379
204380
204381
204382
204383
204384
204385
204386
204389
204390
204391
204392
204393
204394
204396
204399
204401
204402
204408
204410
204413
204414
204512
204518
204521
204522
204529
204530
204531
204534
204535
204537
204539
204540
204541
204542
204543
204547
204549
204550
204551
204552
204553
204554
204555
204557
204558
204559
204560
204561
204562
204564
204565
204567
204568
204569
204570
204571
204572
204573
204575
204576
204577
204578
204579
204580
204582
204583
204585
204586
204587
204588
204589
204590
204591
204593
204594
204595
204596
204597
204598
204600
204601
204603
204604
204605
204606
204607
204608
204609
204611
204612
204613
204614
204615
204616
204618
204619
204621
204623
204624
204626
204630
204631
204632
204634
204635
204636
204639
204644
204650
204654
205395
205396
205397
205398
205399
205405
205406
205407
205408
205409
205410
205411
205412
205413
205414
205415
205416
205417
205420
205421
205422
205423
205424
205425
205426
205427
205428
205429
205430
205431
205432
205433
205434
205435
205436
205437
205438
205439
205440
205441
205442
205443
205444
205445
205446
205447
205448
205449
205450
205451
205452
205453
205454
205455
205456
205457
205458
205459
205460
205461
205462
205463
205464
205465
205466
205467
205468
205469
205470
205471
205472
205473
205474
205475
205476
205477
205478
205479
205480
205481
205482
205483
205484
205485
205486
205487
205488
205491
205492
205493
205494
205495
205497
205501
205502
205503
205504
205505
205506
205509
205510
205511
205513
205519
205520
205521
205523
205524
205623
205624
205625
205626
205627
205633
205634
205635
205636
205637
205638
205639
205640
205641
205642
205643
205644
205645
205646
205647
205648
205649
205650
205651
205652
205653
205654
205655
205656
205657
205658
205659
205660
205661
205662
205663
205664
205665
205666
205667
205668
205669
205670
205671
205672
205673
205674
205675
205676
205677
205678
205679
205680
205681
205682
205683
205684
205685
205686
205687
205688
205689
205690
205691
205692
205693
205694
205695
205697
205698
205699
205700
205701
205704
205705
205706
205708
205714
205715
205716
205718
205719
205787
205788
205789
205798
205799
205800
205801
205802
205803
205804
205805
205806
205807
205810
205811
205812
205813
205814
205815
205816
205817
205818
205821
205822
205823
205824
205825
205826
205828
205829
205833
205834
205835
205836
205837
205838
205839
205843
205853
205854
205907
205908
205909
205918
205919
205920
205921
205922
205923
205924
205925
205926
205927
205928
205929
205930
205931
205932
205933
205934
205935
205936
205937
205938
205939
205940
205941
205942
205943
205944
205945
205946
205947
205948
205949
205950
205952
205953
205954
205955
205956
205957
205958
205959
205963
205973
205974
206038
206039
206040
206041
206042
206043
206044
206047
206048
206049
206050
206051
206052
206053
206054
206055
206058
206059
206060
206061
206063
206065
206066
206070
206071
206072
206073
206075
206076
206149
206150
206153
206154
206155
206158
206159
206160
206164
206165
206166
206170
206171
206176
206177
206182
206183
206184
206257
206258
206259
206260
206261
206262
206263
206264
206265
206266
206267
206268
206269
206270
206271
206272
206273
206274
206275
206276
206278
206279
206280
206281
206283
206284
206285
206286
206288
206289
206344
206345
206348
206349
206350
206353
206354
206355
206359
206360
206361
206362
206363
206364
206365
206366
206367
206368
206369
206370
206371
206372
206373
206374
206375
206376
206377
206378
206379
206380
206381
206382
206383
206384
206385
206386
206387
206388
206389
206390
206391
206392
206393
206394
206398
206403
206408
206409
206470
206471
206472
206473
206474
206475
206476
206479
206480
206481
206482
206483
206484
206485
206486
206487
206490
206491
206492
206493
206495
206497
206498
206502
206503
206504
206505
206507
206508
206581
206582
206583
206584
206585
206586
206587
206588
206589
206590
206591
206592
206593
206594
206595
206596
206597
206598
206599
206600
206602
206603
206604
206605
206607
206608
206609
206610
206612
206613
206683
206684
206685
206686
206687
206688
206689
206690
206691
206692
206693
206694
206695
206696
206697
206698
206699
206700
206701
206702
206704
206705
206706
206707
206709
206710
206711
206712
206714
206715
206785
206786
206787
206788
206789
206790
206791
206792
206793
206794
206795
206796
206797
206798
206799
206800
206801
206802
206803
206804
206806
206807
206808
206809
206811
206812
206813
206814
206816
206817
206887
206888
206889
206890
206891
206892
206893
206894
206895
206896
206897
206898
206899
206900
206901
206902
206903
206904
206905
206906
206908
206909
206910
206911
206913
206914
206915
206916
206918
206919
206989
206990
206993
206994
206995
206996
206998
206999
207000
207004
207005
207006
207008
207010
207011
207015
207016
207017
207020
207022
207023
207024
207082
207083
207086
207087
207091
207092
207093
207097
207099
207100
207101
207102
207103
207104
207105
207106
207107
207108
207109
207110
207111
207112
207113
207114
207115
207116
207117
207118
207119
207120
207121
207122
207123
207124
207125
207126
207127
207128
207129
207130
207131
207132
207133
207134
207135
207136
207137
207138
207142
207147
207153
207211
207212
207213
207214
207215
207216
207217
207218
207219
207220
207221
207223
207224
207225
207226
207227
207228
207229
207230
207233
207234
207235
207237
207238
207239
207240
207243
207310
207311
207314
207316
207319
207320
207321
207326
207327
207331
207332
207337
207338
207344
207345
207415
207416
207417
207420
207421
207422
207423
207425
207426
207427
207428
207429
207433
207434
207435
207437
207438
207440
207441
207445
207446
207447
207448
207451
207452
207454
207455
207456
207515
207524
207525
207532
207533
207534
207535
207536
207537
207538
207539
207540
207541
207542
207543
207544
207545
207546
207547
207549
207550
207551
207552
207553
207554
207555
207556
207557
207558
207559
207562
207563
207564
207565
207566
207567
207568
207569
207570
207571
207572
207573
207576
207635
207644
207645
207652
207653
207654
207657
207659
207660
207662
207663
207664
207665
207666
207671
207672
207674
207675
207677
207678
207682
207683
207684
207685
207687
207688
207689
207692
207693
207773
207774
207780
207782
207784
207785
207786
207793
207794
207795
207796
207797
207798
207800
207801
207802
207803
207804
207805
207807
207808
207810
207811
207812
207813
207814
207815
207816
207817
207818
207819
207820
207821
207822
207823
207824
207825
207826
207827
207828
207829
207830
207831
207832
207833
207834
207835
207836
207837
207838
207839
207840
207841
207842
207843
207844
207845
207846
207847
207848
207849
207850
207851
207852
207853
207854
207857
207858
207859
207860
207861
207862
207864
207867
207869
207870
207876
207878
207881
207882
207980
207986
207989
207990
207997
207998
207999
208002
208003
208005
208007
208008
208009
208010
208011
208015
208017
208018
208019
208020
208021
208022
208023
208025
208026
208027
208028
208029
208030
208032
208033
208035
208036
208037
208038
208039
208040
208041
208043
208044
208045
208046
208047
208048
208050
208051
208053
208054
208055
208056
208057
208058
208059
208061
208062
208063
208064
208065
208066
208068
208069
208071
208072
208073
208074
208075
208076
208077
208079
208080
208081
208082
208083
208084
208086
208087
208089
208091
208092
208094
208098
208099
208100
208102
208103
208104
208107
208112
208118
208122
208863
208864
208865
208866
208867
208873
208874
208875
208876
208877
208878
208879
208880
208881
208882
208883
208884
208885
208888
208889
208890
208891
208892
208893
208894
208895
208896
208897
208898
208899
208900
208901
208902
208903
208904
208905
208906
208907
208908
208909
208910
208911
208912
208913
208914
208915
208916
208917
208918
208919
208920
208921
208922
208923
208924
208925
208926
208927
208928
208929
208930
208931
208932
208933
208934
208935
208936
208937
208938
208939
208940
208941
208942
208943
208944
208945
208946
208947
208948
208949
208950
208951
208952
208953
208954
208955
208956
208959
208960
208961
208962
208963
208965
208969
208970
208971
208972
208973
208974
208977
208978
208979
208981
208987
208988
208989
208991
208992
209091
209092
209093
209094
209095
209101
209102
209103
209104
209105
209106
209107
209108
209109
209110
209111
209112
209113
209114
209115
209116
209117
209118
209119
209120
209121
209122
209123
209124
209125
209126
209127
209128
209129
209130
209131
209132
209133
209134
209135
209136
209137
209138
209139
209140
209141
209142
209143
209144
209145
209146
209147
209148
209149
209150
209151
209152
209153
209154
209155
209156
209157
209158
209159
209160
209161
209162
209163
209165
209166
209167
209168
209169
209172
209173
209174
209176
209182
209183
209184
209186
209187
209255
209256
209257
209266
209267
209268
209269
209270
209271
209272
209273
209274
209275
209278
209279
209280
209281
209282
209283
209284
209285
209286
209289
209290
209291
209292
209293
209294
209296
209297
209301
209302
209303
209304
209305
209306
209307
209311
209321
209322
209375
209376
209377
209386
209387
209388
209389
209390
209391
209392
209393
209394
209395
209396
209397
209398
209399
209400
209401
209402
209403
209404
209405
209406
209407
209408
209409
209410
209411
209412
209413
209414
209415
209416
209417
209418
209420
209421
209422
209423
209424
209425
209426
209427
209431
209441
209442
209506
209507
209508
209509
209510
209511
209512
209515
209516
209517
209518
209519
209520
209521
209522
209523
209526
209527
209528
209529
209531
209533
209534
209538
209539
209540
209541
209543
209544
209617
209618
209621
209622
209623
209626
209627
209628
209632
209633
209634
209638
209639
209644
209645
209650
209651
209652
209725
209726
209727
209728
209729
209730
209731
209732
209733
209734
209735
209736
209737
209738
209739
209740
209741
209742
209743
209744
209746
209747
209748
209749
209751
209752
209753
209754
209756
209757
209812
209813
209816
209817
209818
209821
209822
209823
209827
209828
209829
209830
209831
209832
209833
209834
209835
209836
209837
209838
209839
209840
209841
209842
209843
209844
209845
209846
209847
209848
209849
209850
209851
209852
209853
209854
209855
209856
209857
209858
209859
209860
209861
209862
209866
209871
209876
209877
209938
209939
209940
209941
209942
209943
209944
209947
209948
209949
209950
209951
209952
209953
209954
209955
209958
209959
209960
209961
209963
209965
209966
209970
209971
209972
209973
209975
209976
210049
210050
210051
210052
210053
210054
210055
210056
210057
210058
210059
210060
210061
210062
210063
210064
210065
210066
210067
210068
210070
210071
210072
210073
210075
210076
210077
210078
210080
210081
210151
210152
210153
210154
210155
210156
210157
210158
210159
210160
210161
210162
210163
210164
210165
210166
210167
210168
210169
210170
210172
210173
210174
210175
210177
210178
210179
210180
210182
210183
210253
210254
210255
210256
210257
210258
210259
210260
210261
210262
210263
210264
210265
210266
210267
210268
210269
210270
210271
210272
210274
210275
210276
210277
210279
210280
210281
210282
210284
210285
210355
210356
210357
210358
210359
210360
210361
210362
210363
210364
210365
210366
210367
210368
210369
210370
210371
210372
210373
210374
210376
210377
210378
210379
210381
210382
210383
210384
210386
210387
210457
210458
210461
210462
210463
210464
210466
210467
210468
210472
210473
210474
210476
210478
210479
210483
210484
210485
210488
210490
210491
210492
210550
210551
210554
210555
210559
210560
210561
210565
210567
210568
210569
210570
210571
210572
210573
210574
210575
210576
210577
210578
210579
210580
210581
210582
210583
210584
210585
210586
210587
210588
210589
210590
210591
210592
210593
210594
210595
210596
210597
210598
210599
210600
210601
210602
210603
210604
210605
210606
210610
210615
210621
210679
210680
210681
210682
210683
210684
210685
210686
210687
210688
210689
210691
210692
210693
210694
210695
210696
210697
210698
210701
210702
210703
210705
210706
210707
210708
210711
210778
210779
210782
210784
210787
210788
210789
210794
210795
210799
210800
210805
210806
210812
210813
210883
210884
210885
210888
210889
210890
210891
210893
210894
210895
210896
210897
210901
210902
210903
210905
210906
210908
210909
210913
210914
210915
210916
210919
210920
210922
210923
210924
210983
210992
210993
211000
211001
211002
211003
211004
211005
211006
211007
211008
211009
211010
211011
211012
211013
211014
211015
211017
211018
211019
211020
211021
211022
211023
211024
211025
211026
211027
211030
211031
211032
211033
211034
211035
211036
211037
211038
211039
211040
211041
211044
211103
211112
211113
211120
211121
211122
211125
211127
211128
211130
211131
211132
211133
211134
211139
211140
211142
211143
211145
211146
211150
211151
211152
211153
211155
211156
211157
211160
211161
211241
211242
211248
211250
211252
211253
211254
211261
211262
211263
211264
211265
211266
211268
211269
211270
211271
211272
211273
211275
211276
211278
211279
211280
211281
211282
211283
211284
211285
211286
211287
211288
211289
211290
211291
211292
211293
211294
211295
211296
211297
211298
211299
211300
211301
211302
211303
211304
211305
211306
211307
211308
211309
211310
211311
211312
211313
211314
211315
211316
211317
211318
211319
211320
211321
211322
211325
211326
211327
211328
211329
211330
211332
211335
211337
211338
211344
211346
211349
211350
211448
211454
211457
211458
211465
211466
211467
211470
211471
211473
211475
211476
211477
211478
211479
211483
211485
211486
211487
211488
211489
211490
211491
211493
211494
211495
211496
211497
211498
211500
211501
211503
211504
211505
211506
211507
211508
211509
211511
211512
211513
211514
211515
211516
211518
211519
211521
211522
211523
211524
211525
211526
211527
211529
211530
211531
211532
211533
211534
211536
211537
211539
211540
211541
211542
211543
211544
211545
211547
211548
211549
211550
211551
211552
211554
211555
211557
211559
211560
211562
211566
211567
211568
211570
211571
211572
211575
211580
211586
211590
212331
212332
212333
212334
212335
212341
212342
212343
212344
212345
212346
212347
212348
212349
212350
212351
212352
212353
212356
212357
212358
212359
212360
212361
212362
212363
212364
212365
212366
212367
212368
212369
212370
212371
212372
212373
212374
212375
212376
212377
212378
212379
212380
212381
212382
212383
212384
212385
212386
212387
212388
212389
212390
212391
212392
212393
212394
212395
212396
212397
212398
212399
212400
212401
212402
212403
212404
212405
212406
212407
212408
212409
212410
212411
212412
212413
212414
212415
212416
212417
212418
212419
212420
212421
212422
212423
212424
212427
212428
212429
212430
212431
212433
212437
212438
212439
212440
212441
212442
212445
212446
212447
212449
212455
212456
212457
212459
212460
212559
212560
212561
212562
212563
212569
212570
212571
212572
212573
212574
212575
212576
212577
212578
212579
212580
212581
212582
212583
212584
212585
212586
212587
212588
212589
212590
212591
212592
212593
212594
212595
212596
212597
212598
212599
212600
212601
212602
212603
212604
212605
212606
212607
212608
212609
212610
212611
212612
212613
212614
212615
212616
212617
212618
212619
212620
212621
212622
212623
212624
212625
212626
212627
212628
212629
212630
212631
212633
212634
212635
212636
212637
212640
212641
212642
212644
212650
212651
212652
212654
212655
212723
212724
212725
212734
212735
212736
212737
212738
212739
212740
212741
212742
212743
212746
212747
212748
212749
212750
212751
212752
212753
212754
212757
212758
212759
212760
212761
212762
212764
212765
212769
212770
212771
212772
212773
212774
212775
212779
212789
212790
212843
212844
212845
212854
212855
212856
212857
212858
212859
212860
212861
212862
212863
212864
212865
212866
212867
212868
212869
212870
212871
212872
212873
212874
212875
212876
212877
212878
212879
212880
212881
212882
212883
212884
212885
212886
212888
212889
212890
212891
212892
212893
212894
212895
212899
212909
212910
212974
212975
212976
212977
212978
212979
212980
212983
212984
212985
212986
212987
212988
212989
212990
212991
212994
212995
212996
212997
212999
213001
213002
213006
213007
213008
213009
213011
213012
213085
213086
213089
213090
213091
213094
213095
213096
213100
213101
213102
213106
213107
213112
213113
213118
213119
213120
213193
213194
213195
213196
213197
213198
213199
213200
213201
213202
213203
213204
213205
213206
213207
213208
213209
213210
213211
213212
213214
213215
213216
213217
213219
213220
213221
213222
213224
213225
213280
213281
213284
213285
213286
213289
213290
213291
213295
213296
213297
213298
213299
213300
213301
213302
213303
213304
213305
213306
213307
213308
213309
213310
213311
213312
213313
213314
213315
213316
213317
213318
213319
213320
213321
213322
213323
213324
213325
213326
213327
213328
213329
213330
213334
213339
213344
213345
213406
213407
213408
213409
213410
213411
213412
213415
213416
213417
213418
213419
213420
213421
213422
213423
213426
213427
213428
213429
213431
213433
213434
213438
213439
213440
213441
213443
213444
213517
213518
213519
213520
213521
213522
213523
213524
213525
213526
213527
213528
213529
213530
213531
213532
213533
213534
213535
213536
213538
213539
213540
213541
213543
213544
213545
213546
213548
213549
213619
213620
213621
213622
213623
213624
213625
213626
213627
213628
213629
213630
213631
213632
213633
213634
213635
213636
213637
213638
213640
213641
213642
213643
213645
213646
213647
213648
213650
213651
213721
213722
213723
213724
213725
213726
213727
213728
213729
213730
213731
213732
213733
213734
213735
213736
213737
213738
213739
213740
213742
213743
213744
213745
213747
213748
213749
213750
213752
213753
213823
213824
213825
213826
213827
213828
213829
213830
213831
213832
213833
213834
213835
213836
213837
213838
213839
213840
213841
213842
213844
213845
213846
213847
213849
213850
213851
213852
213854
213855
213925
213926
213929
213930
213931
213932
213934
213935
213936
213940
213941
213942
213944
213946
213947
213951
213952
213953
213956
213958
213959
213960
214018
214019
214022
214023
214027
214028
214029
214033
214035
214036
214037
214038
214039
214040
214041
214042
214043
214044
214045
214046
214047
214048
214049
214050
214051
214052
214053
214054
214055
214056
214057
214058
214059
214060
214061
214062
214063
214064
214065
214066
214067
214068
214069
214070
214071
214072
214073
214074
214078
214083
214089
214147
214148
214149
214150
214151
214152
214153
214154
214155
214156
214157
214159
214160
214161
214162
214163
214164
214165
214166
214169
214170
214171
214173
214174
214175
214176
214179
214246
214247
214250
214252
214255
214256
214257
214262
214263
214267
214268
214273
214274
214280
214281
214351
214352
214353
214356
214357
214358
214359
214361
214362
214363
214364
214365
214369
214370
214371
214373
214374
214376
214377
214381
214382
214383
214384
214387
214388
214390
214391
214392
214451
214460
214461
214468
214469
214470
214471
214472
214473
214474
214475
214476
214477
214478
214479
214480
214481
214482
214483
214485
214486
214487
214488
214489
214490
214491
214492
214493
214494
214495
214498
214499
214500
214501
214502
214503
214504
214505
214506
214507
214508
214509
214512
214571
214580
214581
214588
214589
214590
214593
214595
214596
214598
214599
214600
214601
214602
214607
214608
214610
214611
214613
214614
214618
214619
214620
214621
214623
214624
214625
214628
214629
214709
214710
214716
214718
214720
214721
214722
214729
214730
214731
214732
214733
214734
214736
214737
214738
214739
214740
214741
214743
214744
214746
214747
214748
214749
214750
214751
214752
214753
214754
214755
214756
214757
214758
214759
214760
214761
214762
214763
214764
214765
214766
214767
214768
214769
214770
214771
214772
214773
214774
214775
214776
214777
214778
214779
214780
214781
214782
214783
214784
214785
214786
214787
214788
214789
214790
214793
214794
214795
214796
214797
214798
214800
214803
214805
214806
214812
214814
214817
214818
214916
214922
214925
214926
214933
214934
214935
214938
214939
214941
214943
214944
214945
214946
214947
214951
214953
214954
214955
214956
214957
214958
214959
214961
214962
214963
214964
214965
214966
214968
214969
214971
214972
214973
214974
214975
214976
214977
214979
214980
214981
214982
214983
214984
214986
214987
214989
214990
214991
214992
214993
214994
214995
214997
214998
214999
215000
215001
215002
215004
215005
215007
215008
215009
215010
215011
215012
215013
215015
215016
215017
215018
215019
215020
215022
215023
215025
215027
215028
215030
215034
215035
215036
215038
215039
215040
215043
215048
215054
215058
215799
215800
215801
215802
215803
215809
215810
215811
215812
215813
215814
215815
215816
215817
215818
215819
215820
215821
215824
215825
215826
215827
215828
215829
215830
215831
215832
215833
215834
215835
215836
215837
215838
215839
215840
215841
215842
215843
215844
215845
215846
215847
215848
215849
215850
215851
215852
215853
215854
215855
215856
215857
215858
215859
215860
215861
215862
215863
215864
215865
215866
215867
215868
215869
215870
215871
215872
215873
215874
215875
215876
215877
215878
215879
215880
215881
215882
215883
215884
215885
215886
215887
215888
215889
215890
215891
215892
215895
215896
215897
215898
215899
215901
215905
215906
215907
215908
215909
215910
215913
215914
215915
215917
215923
215924
215925
215927
215928
216027
216028
216029
216030
216031
216037
216038
216039
216040
216041
216042
216043
216044
216045
216046
216047
216048
216049
216050
216051
216052
216053
216054
216055
216056
216057
216058
216059
216060
216061
216062
216063
216064
216065
216066
216067
216068
216069
216070
216071
216072
216073
216074
216075
216076
216077
216078
216079
216080
216081
216082
216083
216084
216085
216086
216087
216088
216089
216090
216091
216092
216093
216094
216095
216096
216097
216098
216099
216101
216102
216103
216104
216105
216108
216109
216110
216112
216118
216119
216120
216122
216123
216191
216192
216193
216202
216203
216204
216205
216206
216207
216208
216209
216210
216211
216214
216215
216216
216217
216218
216219
216220
216221
216222
216225
216226
216227
216228
216229
216230
216232
216233
216237
216238
216239
216240
216241
216242
216243
216247
216257
216258
216311
216312
216313
216322
216323
216324
216325
216326
216327
216328
216329
216330
216331
216332
216333
216334
216335
216336
216337
216338
216339
216340
216341
216342
216343
216344
216345
216346
216347
216348
216349
216350
216351
216352
216353
216354
216356
216357
216358
216359
216360
216361
216362
216363
216367
216377
216378
216442
216443
216444
216445
216446
216447
216448
216451
216452
216453
216454
216455
216456
216457
216458
216459
216462
216463
216464
216465
216467
216469
216470
216474
216475
216476
216477
216479
216480
216553
216554
216557
216558
216559
216562
216563
216564
216568
216569
216570
216574
216575
216580
216581
216586
216587
216588
216661
216662
216663
216664
216665
216666
216667
216668
216669
216670
216671
216672
216673
216674
216675
216676
216677
216678
216679
216680
216682
216683
216684
216685
216687
216688
216689
216690
216692
216693
216748
216749
216752
216753
216754
216757
216758
216759
216763
216764
216765
216766
216767
216768
216769
216770
216771
216772
216773
216774
216775
216776
216777
216778
216779
216780
216781
216782
216783
216784
216785
216786
216787
216788
216789
216790
216791
216792
216793
216794
216795
216796
216797
216798
216802
216807
216812
216813
216874
216875
216876
216877
216878
216879
216880
216883
216884
216885
216886
216887
216888
216889
216890
216891
216894
216895
216896
216897
216899
216901
216902
216906
216907
216908
216909
216911
216912
216985
216986
216987
216988
216989
216990
216991
216992
216993
216994
216995
216996
216997
216998
216999
217000
217001
217002
217003
217004
217006
217007
217008
217009
217011
217012
217013
217014
217016
217017
217087
217088
217089
217090
217091
217092
217093
217094
217095
217096
217097
217098
217099
217100
217101
217102
217103
217104
217105
217106
217108
217109
217110
217111
217113
217114
217115
217116
217118
217119
217189
217190
217191
217192
217193
217194
217195
217196
217197
217198
217199
217200
217201
217202
217203
217204
217205
217206
217207
217208
217210
217211
217212
217213
217215
217216
217217
217218
217220
217221
217291
217292
217293
217294
217295
217296
217297
217298
217299
217300
217301
217302
217303
217304
217305
217306
217307
217308
217309
217310
217312
217313
217314
217315
217317
217318
217319
217320
217322
217323
217393
217394
217397
217398
217399
217400
217402
217403
217404
217408
217409
217410
217412
217414
217415
217419
217420
217421
217424
217426
217427
217428
217486
217487
217490
217491
217495
217496
217497
217501
217503
217504
217505
217506
217507
217508
217509
217510
217511
217512
217513
217514
217515
217516
217517
217518
217519
217520
217521
217522
217523
217524
217525
217526
217527
217528
217529
217530
217531
217532
217533
217534
217535
217536
217537
217538
217539
217540
217541
217542
217546
217551
217557
217615
217616
217617
217618
217619
217620
217621
217622
217623
217624
217625
217627
217628
217629
217630
217631
217632
217633
217634
217637
217638
217639
217641
217642
217643
217644
217647
217714
217715
217718
217720
217723
217724
217725
217730
217731
217735
217736
217741
217742
217748
217749
217819
217820
217821
217824
217825
217826
217827
217829
217830
217831
217832
217833
217837
217838
217839
217841
217842
217844
217845
217849
217850
217851
217852
217855
217856
217858
217859
217860
217919
217928
217929
217936
217937
217938
217939
217940
217941
217942
217943
217944
217945
217946
217947
217948
217949
217950
217951
217953
217954
217955
217956
217957
217958
217959
217960
217961
217962
217963
217966
217967
217968
217969
217970
217971
217972
217973
217974
217975
217976
217977
217980
218039
218048
218049
218056
218057
218058
218061
218063
218064
218066
218067
218068
218069
218070
218075
218076
218078
218079
218081
218082
218086
218087
218088
218089
218091
218092
218093
218096
218097
218177
218178
218184
218186
218188
218189
218190
218197
218198
218199
218200
218201
218202
218204
218205
218206
218207
218208
218209
218211
218212
218214
218215
218216
218217
218218
218219
218220
218221
218222
218223
218224
218225
218226
218227
218228
218229
218230
218231
218232
218233
218234
218235
218236
218237
218238
218239
218240
218241
218242
218243
218244
218245
218246
218247
218248
218249
218250
218251
218252
218253
218254
218255
218256
218257
218258
218261
218262
218263
218264
218265
218266
218268
218271
218273
218274
218280
218282
218285
218286
218384
218390
218393
218394
218401
218402
218403
218406
218407
218409
218411
218412
218413
218414
218415
218419
218421
218422
218423
218424
218425
218426
218427
218429
218430
218431
218432
218433
218434
218436
218437
218439
218440
218441
218442
218443
218444
218445
218447
218448
218449
218450
218451
218452
218454
218455
218457
218458
218459
218460
218461
218462
218463
218465
218466
218467
218468
218469
218470
218472
218473
218475
218476
218477
218478
218479
218480
218481
218483
218484
218485
218486
218487
218488
218490
218491
218493
218495
218496
218498
218502
218503
218504
218506
218507
218508
218511
218516
218522
218526
219267
219268
219269
219270
219271
219277
219278
219279
219280
219281
219282
219283
219284
219285
219286
219287
219288
219289
219292
219293
219294
219295
219296
219297
219298
219299
219300
219301
219302
219303
219304
219305
219306
219307
219308
219309
219310
219311
219312
219313
219314
219315
219316
219317
219318
219319
219320
219321
219322
219323
219324
219325
219326
219327
219328
219329
219330
219331
219332
219333
219334
219335
219336
219337
219338
219339
219340
219341
219342
219343
219344
219345
219346
219347
219348
219349
219350
219351
219352
219353
219354
219355
219356
219357
219358
219359
219360
219363
219364
219365
219366
219367
219369
219373
219374
219375
219376
219377
219378
219381
219382
219383
219385
219391
219392
219393
219395
219396
219495
219496
219497
219498
219499
219505
219506
219507
219508
219509
219510
219511
219512
219513
219514
219515
219516
219517
219518
219519
219520
219521
219522
219523
219524
219525
219526
219527
219528
219529
219530
219531
219532
219533
219534
219535
219536
219537
219538
219539
219540
219541
219542
219543
219544
219545
219546
219547
219548
219549
219550
219551
219552
219553
219554
219555
219556
219557
219558
219559
219560
219561
219562
219563
219564
219565
219566
219567
219569
219570
219571
219572
219573
219576
219577
219578
219580
219586
219587
219588
219590
219591
219659
219660
219661
219670
219671
219672
219673
219674
219675
219676
219677
219678
219679
219682
219683
219684
219685
219686
219687
219688
219689
219690
219693
219694
219695
219696
219697
219698
219700
219701
219705
219706
219707
219708
219709
219710
219711
219715
219725
219726
219779
219780
219781
219790
219791
219792
219793
219794
219795
219796
219797
219798
219799
219800
219801
219802
219803
219804
219805
219806
219807
219808
219809
219810
219811
219812
219813
219814
219815
219816
219817
219818
219819
219820
219821
219822
219824
219825
219826
219827
219828
219829
219830
219831
219835
219845
219846
219910
219911
219912
219913
219914
219915
219916
219919
219920
219921
219922
219923
219924
219925
219926
219927
219930
219931
219932
219933
219935
219937
219938
219942
219943
219944
219945
219947
219948
220021
220022
220025
220026
220027
220030
220031
220032
220036
220037
220038
220042
220043
220048
220049
220054
220055
220056
220129
220130
220131
220132
220133
220134
220135
220136
220137
220138
220139
220140
220141
220142
220143
220144
220145
220146
220147
220148
220150
220151
220152
220153
220155
220156
220157
220158
220160
220161
220216
220217
220220
220221
220222
220225
220226
220227
220231
220232
220233
220234
220235
220236
220237
220238
220239
220240
220241
220242
220243
220244
220245
220246
220247
220248
220249
220250
220251
220252
220253
220254
220255
220256
220257
220258
220259
220260
220261
220262
220263
220264
220265
220266
220270
220275
220280
220281
220342
220343
220344
220345
220346
220347
220348
220351
220352
220353
220354
220355
220356
220357
220358
220359
220362
220363
220364
220365
220367
220369
220370
220374
220375
220376
220377
220379
220380
220453
220454
220455
220456
220457
220458
220459
220460
220461
220462
220463
220464
220465
220466
220467
220468
220469
220470
220471
220472
220474
220475
220476
220477
220479
220480
220481
220482
220484
220485
220555
220556
220557
220558
220559
220560
220561
220562
220563
220564
220565
220566
220567
220568
220569
220570
220571
220572
220573
220574
220576
220577
220578
220579
220581
220582
220583
220584
220586
220587
220657
220658
220659
220660
220661
220662
220663
220664
220665
220666
220667
220668
220669
220670
220671
220672
220673
220674
220675
220676
220678
220679
220680
220681
220683
220684
220685
220686
220688
220689
220759
220760
220761
220762
220763
220764
220765
220766
220767
220768
220769
220770
220771
220772
220773
220774
220775
220776
220777
220778
220780
220781
220782
220783
220785
220786
220787
220788
220790
220791
220861
220862
220865
220866
220867
220868
220870
220871
220872
220876
220877
220878
220880
220882
220883
220887
220888
220889
220892
220894
220895
220896
220954
220955
220958
220959
220963
220964
220965
220969
220971
220972
220973
220974
220975
220976
220977
220978
220979
220980
220981
220982
220983
220984
220985
220986
220987
220988
220989
220990
220991
220992
220993
220994
220995
220996
220997
220998
220999
221000
221001
221002
221003
221004
221005
221006
221007
221008
221009
221010
221014
221019
221025
221083
221084
221085
221086
221087
221088
221089
221090
221091
221092
221093
221095
221096
221097
221098
221099
221100
221101
221102
221105
221106
221107
221109
221110
221111
221112
221115
221182
221183
221186
221188
221191
221192
221193
221198
221199
221203
221204
221209
221210
221216
221217
221287
221288
221289
221292
221293
221294
221295
221297
221298
221299
221300
221301
221305
221306
221307
221309
221310
221312
221313
221317
221318
221319
221320
221323
221324
221326
221327
221328
221387
221396
221397
221404
221405
221406
221407
221408
221409
221410
221411
221412
221413
221414
221415
221416
221417
221418
221419
221421
221422
221423
221424
221425
221426
221427
221428
221429
221430
221431
221434
221435
221436
221437
221438
221439
221440
221441
221442
221443
221444
221445
221448
221507
221516
221517
221524
221525
221526
221529
221531
221532
221534
221535
221536
221537
221538
221543
221544
221546
221547
221549
221550
221554
221555
221556
221557
221559
221560
221561
221564
221565
221645
221646
221652
221654
221656
221657
221658
221665
221666
221667
221668
221669
221670
221672
221673
221674
221675
221676
221677
221679
221680
221682
221683
221684
221685
221686
221687
221688
221689
221690
221691
221692
221693
221694
221695
221696
221697
221698
221699
221700
221701
221702
221703
221704
221705
221706
221707
221708
221709
221710
221711
221712
221713
221714
221715
221716
221717
221718
221719
221720
221721
221722
221723
221724
221725
221726
221729
221730
221731
221732
221733
221734
221736
221739
221741
221742
221748
221750
221753
221754
221852
221858
221861
221862
221869
221870
221871
221874
221875
221877
221879
221880
221881
221882
221883
221887
221889
221890
221891
221892
221893
221894
221895
221897
221898
221899
221900
221901
221902
221904
221905
221907
221908
221909
221910
221911
221912
221913
221915
221916
221917
221918
221919
221920
221922
221923
221925
221926
221927
221928
221929
221930
221931
221933
221934
221935
221936
221937
221938
221940
221941
221943
221944
221945
221946
221947
221948
221949
221951
221952
221953
221954
221955
221956
221958
221959
221961
221963
221964
221966
221970
221971
221972
221974
221975
221976
221979
221984
221990
221994
222735
222736
222737
222738
222739
222745
222746
222747
222748
222749
222750
222751
222752
222753
222754
222755
222756
222757
222760
222761
222762
222763
222764
222765
222766
222767
222768
222769
222770
222771
222772
222773
222774
222775
222776
222777
222778
222779
222780
222781
222782
222783
222784
222785
222786
222787
222788
222789
222790
222791
222792
222793
222794
222795
222796
222797
222798
222799
222800
222801
222802
222803
222804
222805
222806
222807
222808
222809
222810
222811
222812
222813
222814
222815
222816
222817
222818
222819
222820
222821
222822
222823
222824
222825
222826
222827
222828
222831
222832
222833
222834
222835
222837
222841
222842
222843
222844
222845
222846
222849
222850
222851
222853
222859
222860
222861
222863
222864
222963
222964
222965
222966
222967
222973
222974
222975
222976
222977
222978
222979
222980
222981
222982
222983
222984
222985
222986
222987
222988
222989
222990
222991
222992
222993
222994
222995
222996
222997
222998
222999
223000
223001
223002
223003
223004
223005
223006
223007
223008
223009
223010
223011
223012
223013
223014
223015
223016
223017
223018
223019
223020
223021
223022
223023
223024
223025
223026
223027
223028
223029
223030
223031
223032
223033
223034
223035
223037
223038
223039
223040
223041
223044
223045
223046
223048
223054
223055
223056
223058
223059
223127
223128
223129
223138
223139
223140
223141
223142
223143
223144
223145
223146
223147
223150
223151
223152
223153
223154
223155
223156
223157
223158
223161
223162
223163
223164
223165
223166
223168
223169
223173
223174
223175
223176
223177
223178
223179
223183
223193
223194
223247
223248
223249
223258
223259
223260
223261
223262
223263
223264
223265
223266
223267
223268
223269
223270
223271
223272
223273
223274
223275
223276
223277
223278
223279
223280
223281
223282
223283
223284
223285
223286
223287
223288
223289
223290
223292
223293
223294
223295
223296
223297
223298
223299
223303
223313
223314
223378
223379
223380
223381
223382
223383
223384
223387
223388
223389
223390
223391
223392
223393
223394
223395
223398
223399
223400
223401
223403
223405
223406
223410
223411
223412
223413
223415
223416
223489
223490
223493
223494
223495
223498
223499
223500
223504
223505
223506
223510
223511
223516
223517
223522
223523
223524
223597
223598
223599
223600
223601
223602
223603
223604
223605
223606
223607
223608
223609
223610
223611
223612
223613
223614
223615
223616
223618
223619
223620
223621
223623
223624
223625
223626
223628
223629
223684
223685
223688
223689
223690
223693
223694
223695
223699
223700
223701
223702
223703
223704
223705
223706
223707
223708
223709
223710
223711
223712
223713
223714
223715
223716
223717
223718
223719
223720
223721
223722
223723
223724
223725
223726
223727
223728
223729
223730
223731
223732
223733
223734
223738
223743
223748
223749
223810
223811
223812
223813
223814
223815
223816
223819
223820
223821
223822
223823
223824
223825
223826
223827
223830
223831
223832
223833
223835
223837
223838
223842
223843
223844
223845
223847
223848
223921
223922
223923
223924
223925
223926
223927
223928
223929
223930
223931
223932
223933
223934
223935
223936
223937
223938
223939
223940
223942
223943
223944
223945
223947
223948
223949
223950
223952
223953
224023
224024
224025
224026
224027
224028
224029
224030
224031
224032
224033
224034
224035
224036
224037
224038
224039
224040
224041
224042
224044
224045
224046
224047
224049
224050
224051
224052
224054
224055
224125
224126
224127
224128
224129
224130
224131
224132
224133
224134
224135
224136
224137
224138
224139
224140
224141
224142
224143
224144
224146
224147
224148
224149
224151
224152
224153
224154
224156
224157
224227
224228
224229
224230
224231
224232
224233
224234
224235
224236
224237
224238
224239
224240
224241
224242
224243
224244
224245
224246
224248
224249
224250
224251
224253
224254
224255
224256
224258
224259
224329
224330
224333
224334
224335
224336
224338
224339
224340
224344
224345
224346
224348
224350
224351
224355
224356
224357
224360
224362
224363
224364
224422
224423
224426
224427
224431
224432
224433
224437
224439
224440
224441
224442
224443
224444
224445
224446
224447
224448
224449
224450
224451
224452
224453
224454
224455
224456
224457
224458
224459
224460
224461
224462
224463
224464
224465
224466
224467
224468
224469
224470
224471
224472
224473
224474
224475
224476
224477
224478
224482
224487
224493
224551
224552
224553
224554
224555
224556
224557
224558
224559
224560
224561
224563
224564
224565
224566
224567
224568
224569
224570
224573
224574
224575
224577
224578
224579
224580
224583
224650
224651
224654
224656
224659
224660
224661
224666
224667
224671
224672
224677
224678
224684
224685
224755
224756
224757
224760
224761
224762
224763
224765
224766
224767
224768
224769
224773
224774
224775
224777
224778
224780
224781
224785
224786
224787
224788
224791
224792
224794
224795
224796
224855
224864
224865
224872
224873
224874
224875
224876
224877
224878
224879
224880
224881
224882
224883
224884
224885
224886
224887
224889
224890
224891
224892
224893
224894
224895
224896
224897
224898
224899
224902
224903
224904
224905
224906
224907
224908
224909
224910
224911
224912
224913
224916
224975
224984
224985
224992
224993
224994
224997
224999
225000
225002
225003
225004
225005
225006
225011
225012
225014
225015
225017
225018
225022
225023
225024
225025
225027
225028
225029
225032
225033
225113
225114
225120
225122
225124
225125
225126
225133
225134
225135
225136
225137
225138
225140
225141
225142
225143
225144
225145
225147
225148
225150
225151
225152
225153
225154
225155
225156
225157
225158
225159
225160
225161
225162
225163
225164
225165
225166
225167
225168
225169
225170
225171
225172
225173
225174
225175
225176
225177
225178
225179
225180
225181
225182
225183
225184
225185
225186
225187
225188
225189
225190
225191
225192
225193
225194
225197
225198
225199
225200
225201
225202
225204
225207
225209
225210
225216
225218
225221
225222
225320
225326
225329
225330
225337
225338
225339
225342
225343
225345
225347
225348
225349
225350
225351
225355
225357
225358
225359
225360
225361
225362
225363
225365
225366
225367
225368
225369
225370
225372
225373
225375
225376
225377
225378
225379
225380
225381
225383
225384
225385
225386
225387
225388
225390
225391
225393
225394
225395
225396
225397
225398
225399
225401
225402
225403
225404
225405
225406
225408
225409
225411
225412
225413
225414
225415
225416
225417
225419
225420
225421
225422
225423
225424
225426
225427
225429
225431
225432
225434
225438
225439
225440
225442
225443
225444
225447
225452
225458
225462
226203
226204
226205
226206
226207
226213
226214
226215
226216
226217
226218
226219
226220
226221
226222
226223
226224
226225
226228
226229
226230
226231
226232
226233
226234
226235
226236
226237
226238
226239
226240
226241
226242
226243
226244
226245
226246
226247
226248
226249
226250
226251
226252
226253
226254
226255
226256
226257
226258
226259
226260
226261
226262
226263
226264
226265
226266
226267
226268
226269
226270
226271
226272
226273
226274
226275
226276
226277
226278
226279
226280
226281
226282
226283
226284
226285
226286
226287
226288
226289
226290
226291
226292
226293
226294
226295
226296
226299
226300
226301
226302
226303
226305
226309
226310
226311
226312
226313
226314
226317
226318
226319
226321
226327
226328
226329
226331
226332
226431
226432
226433
226434
226435
226441
226442
226443
226444
226445
226446
226447
226448
226449
226450
226451
226452
226453
226454
226455
226456
226457
226458
226459
226460
226461
226462
226463
226464
226465
226466
226467
226468
226469
226470
226471
226472
226473
226474
226475
226476
226477
226478
226479
226480
226481
226482
226483
226484
226485
226486
226487
226488
226489
226490
226491
226492
226493
226494
226495
226496
226497
226498
226499
226500
226501
226502
226503
226505
226506
226507
226508
226509
226512
226513
226514
226516
226522
226523
226524
226526
226527
226595
226596
226597
226606
226607
226608
226609
226610
226611
226612
226613
226614
226615
226618
226619
226620
226621
226622
226623
226624
226625
226626
226629
226630
226631
226632
226633
226634
226636
226637
226641
226642
226643
226644
226645
226646
226647
226651
226661
226662
226715
226716
226717
226726
226727
226728
226729
226730
226731
226732
226733
226734
226735
226736
226737
226738
226739
226740
226741
226742
226743
226744
226745
226746
226747
226748
226749
226750
226751
226752
226753
226754
226755
226756
226757
226758
226760
226761
226762
226763
226764
226765
226766
226767
226771
226781
226782
226846
226847
226848
226849
226850
226851
226852
226855
226856
226857
226858
226859
226860
226861
226862
226863
226866
226867
226868
226869
226871
226873
226874
226878
226879
226880
226881
226883
226884
226957
226958
226961
226962
226963
226966
226967
226968
226972
226973
226974
226978
226979
226984
226985
226990
226991
226992
227065
227066
227067
227068
227069
227070
227071
227072
227073
227074
227075
227076
227077
227078
227079
227080
227081
227082
227083
227084
227086
227087
227088
227089
227091
227092
227093
227094
227096
227097
227152
227153
227156
227157
227158
227161
227162
227163
227167
227168
227169
227170
227171
227172
227173
227174
227175
227176
227177
227178
227179
227180
227181
227182
227183
227184
227185
227186
227187
227188
227189
227190
227191
227192
227193
227194
227195
227196
227197
227198
227199
227200
227201
227202
227206
227211
227216
227217
227278
227279
227280
227281
227282
227283
227284
227287
227288
227289
227290
227291
227292
227293
227294
227295
227298
227299
227300
227301
227303
227305
227306
227310
227311
227312
227313
227315
227316
227389
227390
227391
227392
227393
227394
227395
227396
227397
227398
227399
227400
227401
227402
227403
227404
227405
227406
227407
227408
227410
227411
227412
227413
227415
227416
227417
227418
227420
227421
227491
227492
227493
227494
227495
227496
227497
227498
227499
227500
227501
227502
227503
227504
227505
227506
227507
227508
227509
227510
227512
227513
227514
227515
227517
227518
227519
227520
227522
227523
227593
227594
227595
227596
227597
227598
227599
227600
227601
227602
227603
227604
227605
227606
227607
227608
227609
227610
227611
227612
227614
227615
227616
227617
227619
227620
227621
227622
227624
227625
227695
227696
227697
227698
227699
227700
227701
227702
227703
227704
227705
227706
227707
227708
227709
227710
227711
227712
227713
227714
227716
227717
227718
227719
227721
227722
227723
227724
227726
227727
227797
227798
227801
227802
227803
227804
227806
227807
227808
227812
227813
227814
227816
227818
227819
227823
227824
227825
227828
227830
227831
227832
227890
227891
227894
227895
227899
227900
227901
227905
227907
227908
227909
227910
227911
227912
227913
227914
227915
227916
227917
227918
227919
227920
227921
227922
227923
227924
227925
227926
227927
227928
227929
227930
227931
227932
227933
227934
227935
227936
227937
227938
227939
227940
227941
227942
227943
227944
227945
227946
227950
227955
227961
228019
228020
228021
228022
228023
228024
228025
228026
228027
228028
228029
228031
228032
228033
228034
228035
228036
228037
228038
228041
228042
228043
228045
228046
228047
228048
228051
228118
228119
228122
228124
228127
228128
228129
228134
228135
228139
228140
228145
228146
228152
228153
228223
228224
228225
228228
228229
228230
228231
228233
228234
228235
228236
228237
228241
228242
228243
228245
228246
228248
228249
228253
228254
228255
228256
228259
228260
228262
228263
228264
228323
228332
228333
228340
228341
228342
228343
228344
228345
228346
228347
228348
228349
228350
228351
228352
228353
228354
228355
228357
228358
228359
228360
228361
228362
228363
228364
228365
228366
228367
228370
228371
228372
228373
228374
228375
228376
228377
228378
228379
228380
228381
228384
228443
228452
228453
228460
228461
228462
228465
228467
228468
228470
228471
228472
228473
228474
228479
228480
228482
228483
228485
228486
228490
228491
228492
228493
228495
228496
228497
228500
228501
228581
228582
228588
228590
228592
228593
228594
228601
228602
228603
228604
228605
228606
228608
228609
228610
228611
228612
228613
228615
228616
228618
228619
228620
228621
228622
228623
228624
228625
228626
228627
228628
228629
228630
228631
228632
228633
228634
228635
228636
228637
228638
228639
228640
228641
228642
228643
228644
228645
228646
228647
228648
228649
228650
228651
228652
228653
228654
228655
228656
228657
228658
228659
228660
228661
228662
228665
228666
228667
228668
228669
228670
228672
228675
228677
228678
228684
228686
228689
228690
228788
228794
228797
228798
228805
228806
228807
228810
228811
228813
228815
228816
228817
228818
228819
228823
228825
228826
228827
228828
228829
228830
228831
228833
228834
228835
228836
228837
228838
228840
228841
228843
228844
228845
228846
228847
228848
228849
228851
228852
228853
228854
228855
228856
228858
228859
228861
228862
228863
228864
228865
228866
228867
228869
228870
228871
228872
228873
228874
228876
228877
228879
228880
228881
228882
228883
228884
228885
228887
228888
228889
228890
228891
228892
228894
228895
228897
228899
228900
228902
228906
228907
228908
228910
228911
228912
228915
228920
228926
228930
229671
229672
229673
229674
229675
229681
229682
229683
229684
229685
229686
229687
229688
229689
229690
229691
229692
229693
229696
229697
229698
229699
229700
229701
229702
229703
229704
229705
229706
229707
229708
229709
229710
229711
229712
229713
229714
229715
229716
229717
229718
229719
229720
229721
229722
229723
229724
229725
229726
229727
229728
229729
229730
229731
229732
229733
229734
229735
229736
229737
229738
229739
229740
229741
229742
229743
229744
229745
229746
229747
229748
229749
229750
229751
229752
229753
229754
229755
229756
229757
229758
229759
229760
229761
229762
229763
229764
229767
229768
229769
229770
229771
229773
229777
229778
229779
229780
229781
229782
229785
229786
229787
229789
229795
229796
229797
229799
229800
229899
229900
229901
229902
229903
229909
229910
229911
229912
229913
229914
229915
229916
229917
229918
229919
229920
229921
229922
229923
229924
229925
229926
229927
229928
229929
229930
229931
229932
229933
229934
229935
229936
229937
229938
229939
229940
229941
229942
229943
229944
229945
229946
229947
229948
229949
229950
229951
229952
229953
229954
229955
229956
229957
229958
229959
229960
229961
229962
229963
229964
229965
229966
229967
229968
229969
229970
229971
229973
229974
229975
229976
229977
229980
229981
229982
229984
229990
229991
229992
229994
229995
230063
230064
230065
230074
230075
230076
230077
230078
230079
230080
230081
230082
230083
230086
230087
230088
230089
230090
230091
230092
230093
230094
230097
230098
230099
230100
230101
230102
230104
230105
230109
230110
230111
230112
230113
230114
230115
230119
230129
230130
230183
230184
230185
230194
230195
230196
230197
230198
230199
230200
230201
230202
230203
230204
230205
230206
230207
230208
230209
230210
230211
230212
230213
230214
230215
230216
230217
230218
230219
230220
230221
230222
230223
230224
230225
230226
230228
230229
230230
230231
230232
230233
230234
230235
230239
230249
230250
230314
230315
230316
230317
230318
230319
230320
230323
230324
230325
230326
230327
230328
230329
230330
230331
230334
230335
230336
230337
230339
230341
230342
230346
230347
230348
230349
230351
230352
230425
230426
230429
230430
230431
230434
230435
230436
230440
230441
230442
230446
230447
230452
230453
230458
230459
230460
230533
230534
230535
230536
230537
230538
230539
230540
230541
230542
230543
230544
230545
230546
230547
230548
230549
230550
230551
230552
230554
230555
230556
230557
230559
230560
230561
230562
230564
230565
230620
230621
230624
230625
230626
230629
230630
230631
230635
230636
230637
230638
230639
230640
230641
230642
230643
230644
230645
230646
230647
230648
230649
230650
230651
230652
230653
230654
230655
230656
230657
230658
230659
230660
230661
230662
230663
230664
230665
230666
230667
230668
230669
230670
230674
230679
230684
230685
230746
230747
230748
230749
230750
230751
230752
230755
230756
230757
230758
230759
230760
230761
230762
230763
230766
230767
230768
230769
230771
230773
230774
230778
230779
230780
230781
230783
230784
230857
230858
230859
230860
230861
230862
230863
230864
230865
230866
230867
230868
230869
230870
230871
230872
230873
230874
230875
230876
230878
230879
230880
230881
230883
230884
230885
230886
230888
230889
230959
230960
230961
230962
230963
230964
230965
230966
230967
230968
230969
230970
230971
230972
230973
230974
230975
230976
230977
230978
230980
230981
230982
230983
230985
230986
230987
230988
230990
230991
231061
231062
231063
231064
231065
231066
231067
231068
231069
231070
231071
231072
231073
231074
231075
231076
231077
231078
231079
231080
231082
231083
231084
231085
231087
231088
231089
231090
231092
231093
231163
231164
231165
231166
231167
231168
231169
231170
231171
231172
231173
231174
231175
231176
231177
231178
231179
231180
231181
231182
231184
231185
231186
231187
231189
231190
231191
231192
231194
231195
231265
231266
231269
231270
231271
231272
231274
231275
231276
231280
231281
231282
231284
231286
231287
231291
231292
231293
231296
231298
231299
231300
231358
231359
231362
231363
231367
231368
231369
231373
231375
231376
231377
231378
231379
231380
231381
231382
231383
231384
231385
231386
231387
231388
231389
231390
231391
231392
231393
231394
231395
231396
231397
231398
231399
231400
231401
231402
231403
231404
231405
231406
231407
231408
231409
231410
231411
231412
231413
231414
231418
231423
231429
231487
231488
231489
231490
231491
231492
231493
231494
231495
231496
231497
231499
231500
231501
231502
231503
231504
231505
231506
231509
231510
231511
231513
231514
231515
231516
231519
231586
231587
231590
231592
231595
231596
231597
231602
231603
231607
231608
231613
231614
231620
231621
231691
231692
231693
231696
231697
231698
231699
231701
231702
231703
231704
231705
231709
231710
231711
231713
231714
231716
231717
231721
231722
231723
231724
231727
231728
231730
231731
231732
231791
231800
231801
231808
231809
231810
231811
231812
231813
231814
231815
231816
231817
231818
231819
231820
231821
231822
231823
231825
231826
231827
231828
231829
231830
231831
231832
231833
231834
231835
231838
231839
231840
231841
231842
231843
231844
231845
231846
231847
231848
231849
231852
231911
231920
231921
231928
231929
231930
231933
231935
231936
231938
231939
231940
231941
231942
231947
231948
231950
231951
231953
231954
231958
231959
231960
231961
231963
231964
231965
231968
231969
232049
232050
232056
232058
232060
232061
232062
232069
232070
232071
232072
232073
232074
232076
232077
232078
232079
232080
232081
232083
232084
232086
232087
232088
232089
232090
232091
232092
232093
232094
232095
232096
232097
232098
232099
232100
232101
232102
232103
232104
232105
232106
232107
232108
232109
232110
232111
232112
232113
232114
232115
232116
232117
232118
232119
232120
232121
232122
232123
232124
232125
232126
232127
232128
232129
232130
232133
232134
232135
232136
232137
232138
232140
232143
232145
232146
232152
232154
232157
232158
232256
232262
232265
232266
232273
232274
232275
232278
232279
232281
232283
232284
232285
232286
232287
232291
232293
232294
232295
232296
232297
232298
232299
232301
232302
232303
232304
232305
232306
232308
232309
232311
232312
232313
232314
232315
232316
232317
232319
232320
232321
232322
232323
232324
232326
232327
232329
232330
232331
232332
232333
232334
232335
232337
232338
232339
232340
232341
232342
232344
232345
232347
232348
232349
232350
232351
232352
232353
232355
232356
232357
232358
232359
232360
232362
232363
232365
232367
232368
232370
232374
232375
232376
232378
232379
232380
232383
232388
232394
232398
233139
233140
233141
233142
233143
233149
233150
233151
233152
233153
233154
233155
233156
233157
233158
233159
233160
233161
233164
233165
233166
233167
233168
233169
233170
233171
233172
233173
233174
233175
233176
233177
233178
233179
233180
233181
233182
233183
233184
233185
233186
233187
233188
233189
233190
233191
233192
233193
233194
233195
233196
233197
233198
233199
233200
233201
233202
233203
233204
233205
233206
233207
233208
233209
233210
233211
233212
233213
233214
233215
233216
233217
233218
233219
233220
233221
233222
233223
233224
233225
233226
233227
233228
233229
233230
233231
233232
233235
233236
233237
233238
233239
233241
233245
233246
233247
233248
233249
233250
233253
233254
233255
233257
233263
233264
233265
233267
233268
233367
233368
233369
233370
233371
233377
233378
233379
233380
233381
233382
233383
233384
233385
233386
233387
233388
233389
233390
233391
233392
233393
233394
233395
233396
233397
233398
233399
233400
233401
233402
233403
233404
233405
233406
233407
233408
233409
233410
233411
233412
233413
233414
233415
233416
233417
233418
233419
233420
233421
233422
233423
233424
233425
233426
233427
233428
233429
233430
233431
233432
233433
233434
233435
233436
233437
233438
233439
233441
233442
233443
233444
233445
233448
233449
233450
233452
233458
233459
233460
233462
233463
233531
233532
233533
233542
233543
233544
233545
233546
233547
233548
233549
233550
233551
233554
233555
233556
233557
233558
233559
233560
233561
233562
233565
233566
233567
233568
233569
233570
233572
233573
233577
233578
233579
233580
233581
233582
233583
233587
233597
233598
233651
233652
233653
233662
233663
233664
233665
233666
233667
233668
233669
233670
233671
233672
233673
233674
233675
233676
233677
233678
233679
233680
233681
233682
233683
233684
233685
233686
233687
233688
233689
233690
233691
233692
233693
233694
233696
233697
233698
233699
233700
233701
233702
233703
233707
233717
233718
233782
233783
233784
233785
233786
233787
233788
233791
233792
233793
233794
233795
233796
233797
233798
233799
233802
233803
233804
233805
233807
233809
233810
233814
233815
233816
233817
233819
233820
233893
233894
233897
233898
233899
233902
233903
233904
233908
233909
233910
233914
233915
233920
233921
233926
233927
233928
234001
234002
234003
234004
234005
234006
234007
234008
234009
234010
234011
234012
234013
234014
234015
234016
234017
234018
234019
234020
234022
234023
234024
234025
234027
234028
234029
234030
234032
234033
234088
234089
234092
234093
234094
234097
234098
234099
234103
234104
234105
234106
234107
234108
234109
234110
234111
234112
234113
234114
234115
234116
234117
234118
234119
234120
234121
234122
234123
234124
234125
234126
234127
234128
234129
234130
234131
234132
234133
234134
234135
234136
234137
234138
234142
234147
234152
234153
234214
234215
234216
234217
234218
234219
234220
234223
234224
234225
234226
234227
234228
234229
234230
234231
234234
234235
234236
234237
234239
234241
234242
234246
234247
234248
234249
234251
234252
234325
234326
234327
234328
234329
234330
234331
234332
234333
234334
234335
234336
234337
234338
234339
234340
234341
234342
234343
234344
234346
234347
234348
234349
234351
234352
234353
234354
234356
234357
234427
234428
234429
234430
234431
234432
234433
234434
234435
234436
234437
234438
234439
234440
234441
234442
234443
234444
234445
234446
234448
234449
234450
234451
234453
234454
234455
234456
234458
234459
234529
234530
234531
234532
234533
234534
234535
234536
234537
234538
234539
234540
234541
234542
234543
234544
234545
234546
234547
234548
234550
234551
234552
234553
234555
234556
234557
234558
234560
234561
234631
234632
234633
234634
234635
234636
234637
234638
234639
234640
234641
234642
234643
234644
234645
234646
234647
234648
234649
234650
234652
234653
234654
234655
234657
234658
234659
234660
234662
234663
234733
234734
234737
234738
234739
234740
234742
234743
234744
234748
234749
234750
234752
234754
234755
234759
234760
234761
234764
234766
234767
234768
234826
234827
234830
234831
234835
234836
234837
234841
234843
234844
234845
234846
234847
234848
234849
234850
234851
234852
234853
234854
234855
234856
234857
234858
234859
234860
234861
234862
234863
234864
234865
234866
234867
234868
234869
234870
234871
234872
234873
234874
234875
234876
234877
234878
234879
234880
234881
234882
234886
234891
234897
234955
234956
234957
234958
234959
234960
234961
234962
234963
234964
234965
234967
234968
234969
234970
234971
234972
234973
234974
234977
234978
234979
234981
234982
234983
234984
234987
235054
235055
235058
235060
235063
235064
235065
235070
235071
235075
235076
235081
235082
235088
235089
235159
235160
235161
235164
235165
235166
235167
235169
235170
235171
235172
235173
235177
235178
235179
235181
235182
235184
235185
235189
235190
235191
235192
235195
235196
235198
235199
235200
235259
235268
235269
235276
235277
235278
235279
235280
235281
235282
235283
235284
235285
235286
235287
235288
235289
235290
235291
235293
235294
235295
235296
235297
235298
235299
235300
235301
235302
235303
235306
235307
235308
235309
235310
235311
235312
235313
235314
235315
235316
235317
235320
235379
235388
235389
235396
235397
235398
235401
235403
235404
235406
235407
235408
235409
235410
235415
235416
235418
235419
235421
235422
235426
235427
235428
235429
235431
235432
235433
235436
235437
235517
235518
235524
235526
235528
235529
235530
235537
235538
235539
235540
235541
235542
235544
235545
235546
235547
235548
235549
235551
235552
235554
235555
235556
235557
235558
235559
235560
235561
235562
235563
235564
235565
235566
235567
235568
235569
235570
235571
235572
235573
235574
235575
235576
235577
235578
235579
235580
235581
235582
235583
235584
235585
235586
235587
235588
235589
235590
235591
235592
235593
235594
235595
235596
235597
235598
235601
235602
235603
235604
235605
235606
235608
235611
235613
235614
235620
235622
235625
235626
235724
235730
235733
235734
235741
235742
235743
235746
235747
235749
235751
235752
235753
235754
235755
235759
235761
235762
235763
235764
235765
235766
235767
235769
235770
235771
235772
235773
235774
235776
235777
235779
235780
235781
235782
235783
235784
235785
235787
235788
235789
235790
235791
235792
235794
235795
235797
235798
235799
235800
235801
235802
235803
235805
235806
235807
235808
235809
235810
235812
235813
235815
235816
235817
235818
235819
235820
235821
235823
235824
235825
235826
235827
235828
235830
235831
235833
235835
235836
235838
235842
235843
235844
235846
235847
235848
235851
235856
235862
235866
236607
236608
236609
236610
236611
236617
236618
236619
236620
236621
236622
236623
236624
236625
236626
236627
236628
236629
236632
236633
236634
236635
236636
236637
236638
236639
236640
236641
236642
236643
236644
236645
236646
236647
236648
236649
236650
236651
236652
236653
236654
236655
236656
236657
236658
236659
236660
236661
236662
236663
236664
236665
236666
236667
236668
236669
236670
236671
236672
236673
236674
236675
236676
236677
236678
236679
236680
236681
236682
236683
236684
236685
236686
236687
236688
236689
236690
236691
236692
236693
236694
236695
236696
236697
236698
236699
236700
236703
236704
236705
236706
236707
236709
236713
236714
236715
236716
236717
236718
236721
236722
236723
236725
236731
236732
236733
236735
236736
236835
236836
236837
236838
236839
236845
236846
236847
236848
236849
236850
236851
236852
236853
236854
236855
236856
236857
236858
236859
236860
236861
236862
236863
236864
236865
236866
236867
236868
236869
236870
236871
236872
236873
236874
236875
236876
236877
236878
236879
236880
236881
236882
236883
236884
236885
236886
236887
236888
236889
236890
236891
236892
236893
236894
236895
236896
236897
236898
236899
236900
236901
236902
236903
236904
236905
236906
236907
236909
236910
236911
236912
236913
236916
236917
236918
236920
236926
236927
236928
236930
236931
236999
237000
237001
237010
237011
237012
237013
237014
237015
237016
237017
237018
237019
237022
237023
237024
237025
237026
237027
237028
237029
237030
237033
237034
237035
237036
237037
237038
237040
237041
237045
237046
237047
237048
237049
237050
237051
237055
237065
237066
237119
237120
237121
237130
237131
237132
237133
237134
237135
237136
237137
237138
237139
237140
237141
237142
237143
237144
237145
237146
237147
237148
237149
237150
237151
237152
237153
237154
237155
237156
237157
237158
237159
237160
237161
237162
237164
237165
237166
237167
237168
237169
237170
237171
237175
237185
237186
237250
237251
237252
237253
237254
237255
237256
237259
237260
237261
237262
237263
237264
237265
237266
237267
237270
237271
237272
237273
237275
237277
237278
237282
237283
237284
237285
237287
237288
237361
237362
237365
237366
237367
237370
237371
237372
237376
237377
237378
237382
237383
237388
237389
237394
237395
237396
237469
237470
237471
237472
237473
237474
237475
237476
237477
237478
237479
237480
237481
237482
237483
237484
237485
237486
237487
237488
237490
237491
237492
237493
237495
237496
237497
237498
237500
237501
237556
237557
237560
237561
237562
237565
237566
237567
237571
237572
237573
237574
237575
237576
237577
237578
237579
237580
237581
237582
237583
237584
237585
237586
237587
237588
237589
237590
237591
237592
237593
237594
237595
237596
237597
237598
237599
237600
237601
237602
237603
237604
237605
237606
237610
237615
237620
237621
237682
237683
237684
237685
237686
237687
237688
237691
237692
237693
237694
237695
237696
237697
237698
237699
237702
237703
237704
237705
237707
237709
237710
237714
237715
237716
237717
237719
237720
237793
237794
237795
237796
237797
237798
237799
237800
237801
237802
237803
237804
237805
237806
237807
237808
237809
237810
237811
237812
237814
237815
237816
237817
237819
237820
237821
237822
237824
237825
237895
237896
237897
237898
237899
237900
237901
237902
237903
237904
237905
237906
237907
237908
237909
237910
237911
237912
237913
237914
237916
237917
237918
237919
237921
237922
237923
237924
237926
237927
237997
237998
237999
238000
238001
238002
238003
238004
238005
238006
238007
238008
238009
238010
238011
238012
238013
238014
238015
238016
238018
238019
238020
238021
238023
238024
238025
238026
238028
238029
238099
238100
238101
238102
238103
238104
238105
238106
238107
238108
238109
238110
238111
238112
238113
238114
238115
238116
238117
238118
238120
238121
238122
238123
238125
238126
238127
238128
238130
238131
238201
238202
238205
238206
238207
238208
238210
238211
238212
238216
238217
238218
238220
238222
238223
238227
238228
238229
238232
238234
238235
238236
238294
238295
238298
238299
238303
238304
238305
238309
238311
238312
238313
238314
238315
238316
238317
238318
238319
238320
238321
238322
238323
238324
238325
238326
238327
238328
238329
238330
238331
238332
238333
238334
238335
238336
238337
238338
238339
238340
238341
238342
238343
238344
238345
238346
238347
238348
238349
238350
238354
238359
238365
238423
238424
238425
238426
238427
238428
238429
238430
238431
238432
238433
238435
238436
238437
238438
238439
238440
238441
238442
238445
238446
238447
238449
238450
238451
238452
238455
238522
238523
238526
238528
238531
238532
238533
238538
238539
238543
238544
238549
238550
238556
238557
238627
238628
238629
238632
238633
238634
238635
238637
238638
238639
238640
238641
238645
238646
238647
238649
238650
238652
238653
238657
238658
238659
238660
238663
238664
238666
238667
238668
238727
238736
238737
238744
238745
238746
238747
238748
238749
238750
238751
238752
238753
238754
238755
238756
238757
238758
238759
238761
238762
238763
238764
238765
238766
238767
238768
238769
238770
238771
238774
238775
238776
238777
238778
238779
238780
238781
238782
238783
238784
238785
238788
238847
238856
238857
238864
238865
238866
238869
238871
238872
238874
238875
238876
238877
238878
238883
238884
238886
238887
238889
238890
238894
238895
238896
238897
238899
238900
238901
238904
238905
238985
238986
238992
238994
238996
238997
238998
239005
239006
239007
239008
239009
239010
239012
239013
239014
239015
239016
239017
239019
239020
239022
239023
239024
239025
239026
239027
239028
239029
239030
239031
239032
239033
239034
239035
239036
239037
239038
239039
239040
239041
239042
239043
239044
239045
239046
239047
239048
239049
239050
239051
239052
239053
239054
239055
239056
239057
239058
239059
239060
239061
239062
239063
239064
239065
239066
239069
239070
239071
239072
239073
239074
239076
239079
239081
239082
239088
239090
239093
239094
239192
239198
239201
239202
239209
239210
239211
239214
239215
239217
239219
239220
239221
239222
239223
239227
239229
239230
239231
239232
239233
239234
239235
239237
239238
239239
239240
239241
239242
239244
239245
239247
239248
239249
239250
239251
239252
239253
239255
239256
239257
239258
239259
239260
239262
239263
239265
239266
239267
239268
239269
239270
239271
239273
239274
239275
239276
239277
239278
239280
239281
239283
239284
239285
239286
239287
239288
239289
239291
239292
239293
239294
239295
239296
239298
239299
239301
239303
239304
239306
239310
239311
239312
239314
239315
239316
239319
239324
239330
239334
240036
240037
240038
240039
240040
240045
240046
240047
240048
240049
240050
240051
240052
240053
240054
240055
240058
240059
240060
240061
240062
240063
240064
240065
240066
240067
240068
240069
240070
240071
240072
240073
240074
240075
240076
240077
240078
240079
240080
240081
240082
240083
240084
240085
240086
240087
240088
240089
240090
240091
240092
240093
240094
240095
240096
240097
240098
240099
240100
240101
240102
240103
240104
240105
240106
240107
240108
240109
240110
240111
240114
240115
240116
240117
240118
240120
240123
240124
240125
240126
240129
240130
240131
240133
240138
240139
240141
240225
240226
240227
240228
240229
240234
240235
240236
240237
240238
240239
240240
240241
240242
240243
240244
240245
240246
240247
240248
240249
240250
240251
240252
240253
240254
240255
240256
240257
240258
240259
240260
240261
240262
240263
240264
240265
240266
240267
240268
240269
240270
240271
240272
240273
240274
240275
240276
240277
240278
240279
240280
240281
240282
240283
240284
240285
240286
240287
240288
240289
240290
240291
240293
240294
240297
240298
240299
240301
240306
240307
240309
240368
240369
240370
240377
240378
240379
240380
240381
240382
240383
240384
240385
240388
240389
240390
240391
240392
240393
240396
240397
240398
240399
240400
240401
240403
240404
240407
240408
240409
240410
240411
240415
240424
240473
240474
240475
240482
240483
240484
240485
240486
240487
240488
240489
240490
240491
240492
240493
240494
240495
240496
240497
240498
240499
240500
240501
240502
240503
240504
240505
240506
240507
240508
240509
240510
240512
240513
240514
240515
240516
240520
240529
240583
240584
240585
240586
240587
240588
240589
240592
240593
240594
240595
240596
240597
240600
240601
240602
240603
240605
240607
240608
240611
240612
240613
240615
240682
240683
240686
240687
240688
240691
240692
240695
240696
240700
240701
240706
240707
240711
240712
240775
240776
240777
240778
240779
240780
240781
240782
240783
240784
240785
240786
240787
240788
240789
240790
240791
240793
240794
240795
240796
240798
240799
240801
240847
240848
240851
240852
240853
240856
240857
240860
240861
240862
240863
240864
240865
240866
240867
240868
240869
240870
240871
240872
240873
240874
240875
240876
240877
240878
240879
240880
240881
240882
240883
240884
240885
240886
240887
240888
240889
240890
240891
240892
240893
240894
240898
240903
240907
240961
240962
240963
240964
240965
240966
240967
240970
240971
240972
240973
240974
240975
240978
240979
240980
240981
240983
240985
240986
240989
240990
240991
240993
241060
241061
241062
241063
241064
241065
241066
241067
241068
241069
241070
241071
241072
241073
241074
241075
241076
241078
241079
241080
241081
241083
241084
241086
241150
241151
241152
241153
241154
241155
241156
241157
241158
241159
241160
241161
241162
241163
241164
241165
241166
241168
241169
241170
241171
241173
241174
241176
241240
241241
241242
241243
241244
241245
241246
241247
241248
241249
241250
241251
241252
241253
241254
241255
241256
241258
241259
241260
241261
241263
241264
241266
241330
241331
241332
241333
241334
241335
241336
241337
241338
241339
241340
241341
241342
241343
241344
241345
241346
241348
241349
241350
241351
241353
241354
241356
241420
241421
241424
241425
241426
241427
241429
241430
241433
241434
241436
241438
241439
241443
241444
241445
241449
241450
241501
241502
241505
241506
241510
241511
241514
241516
241517
241518
241519
241520
241521
241522
241523
241524
241525
241526
241527
241528
241529
241530
241531
241532
241533
241534
241535
241536
241537
241538
241539
241540
241541
241542
241543
241544
241545
241546
241547
241548
241549
241550
241551
241552
241553
241554
241558
241563
241615
241616
241617
241618
241619
241620
241621
241622
241623
241624
241626
241627
241628
241629
241630
241631
241634
241635
241636
241638
241639
241699
241700
241703
241705
241708
241709
241713
241717
241718
241723
241724
241729
241789
241790
241791
241794
241795
241796
241797
241799
241800
241801
241802
241805
241806
241808
241809
241811
241812
241816
241817
241818
241819
241822
241824
241825
241874
241883
241888
241889
241890
241891
241892
241893
241894
241895
241896
241897
241898
241899
241900
241901
241902
241904
241905
241906
241907
241908
241909
241910
241911
241912
241915
241916
241917
241918
241919
241920
241921
241922
241923
241924
241976
241985
241990
241991
241992
241995
241997
241998
242000
242001
242002
242003
242007
242009
242010
242012
242013
242017
242018
242019
242020
242022
242023
242026
242093
242094
242100
242102
242104
242105
242110
242111
242112
242113
242114
242115
242117
242118
242119
242120
242121
242123
242125
242126
242127
242128
242129
242130
242131
242132
242133
242134
242135
242136
242137
242138
242139
242140
242141
242142
242143
242144
242145
242146
242147
242148
242149
242150
242151
242152
242153
242154
242155
242156
242157
242158
242159
242160
242161
242162
242163
242164
242165
242166
242167
242168
242171
242172
242173
242174
242175
242180
242181
242187
242189
242192
242273
242279
242282
242287
242288
242289
242292
242293
242295
242297
242298
242299
242300
242303
242305
242306
242307
242308
242309
242310
242312
242313
242314
242315
242316
242318
242320
242321
242322
242323
242324
242325
242327
242328
242329
242330
242331
242333
242335
242336
242337
242338
242339
242340
242342
242343
242344
242345
242346
242348
242350
242351
242352
242353
242354
242355
242357
242358
242359
242360
242361
242363
242366
242367
242369
242373
242374
242375
242377
242378
242384
242390
242821
242822
242823
242824
242825
242826
242827
242828
242829
242830
242831
242833
242834
242836
242837
242839
242840
242841
242842
242843
242844
242845
242846
242847
242848
242849
242850
242851
242852
242854
242855
242857
242858
242860
242861
242862
242863
242864
242865
242866
242867
242868
242869
242870
242872
242873
242875
242876
242878
242879
242880
242881
242882
242883
242884
242885
242886
242887
242888
242890
242891
242893
242894
242896
242897
242898
242899
242900
242901
242902
242903
242904
242905
242906
242908
242909
242911
242912
242914
242915
242916
242917
242918
242919
242920
242921
242922
242923
242924
242926
242927
242929
242930
242932
242933
242934
242935
242936
242937
242938
242939
242940
242941
242942
242943
242944
242945
242947
242948
242950
242951
242953
242954
242955
242956
242957
242958
242959
242960
242961
242963
242964
242966
242968
242969
242970
242971
242972
242973
242974
242975
242976
242977
242978
242979
242980
242981
242983
242984
242986
242987
242989
242990
242991
242992
242993
242994
242995
242996
242997
242998
242999
243001
243002
243004
243005
243007
243008
243009
243010
243011
243012
243013
243014
243015
243016
243017
243019
243020
243022
243023
243025
243026
243027
243028
243029
243030
243031
243032
243033
243034
243035
243037
243038
243040
243041
243043
243044
243045
243046
243047
243048
243049
243050
243051
243052
243053
243055
243056
243058
243059
243061
243062
243063
243064
243065
243066
243067
243068
243069
243070
243071
243073
243074
243076
243077
243079
243080
243081
243082
243083
243084
243085
243086
243087
243088
243089
243091
243092
243094
243095
243097
243098
243099
243100
243101
243102
243103
243104
243105
243106
243107
243109
243110
243112
243113
243115
243116
243117
243118
243119
243120
243121
243122
243123
243124
243125
243127
243128
243130
243131
243133
243134
243135
243136
243137
243138
243139
243140
243141
243142
243143
243145
243146
243148
243149
243151
243152
243153
243154
243155
243156
243157
243158
243159
243160
243161
243163
243164
243166
243167
243169
243170
243171
243172
243173
243174
243175
243176
243177
243178
243179
243180
243182
243183
243185
243202
243203
243204
243205
243206
243207
243208
243209
243210
243211
243212
243213
243214
243215
243217
243218
243220
243221
243223
243224
243225
243226
243227
243228
243229
243230
243231
243232
243233
243235
243236
243238
243239
243241
243242
243243
243244
243245
243246
243247
243248
243249
243250
243251
243253
243254
243256
243257
243259
243260
243261
243262
243263
243264
243265
243266
243267
243268
243269
243271
243272
243274
243275
243277
243278
243279
243280
243281
243282
243283
243284
243285
243286
243287
243289
243290
243292
243293
243295
243296
243297
243298
243299
243300
243301
243302
243303
243304
243305
243307
243308
243310
243311
243313
243314
243315
243316
243317
243318
243319
243320
243321
243322
243323
243325
243326
243328
243329
243331
243332
243333
243334
243335
243336
243337
243338
243339
243340
243341
243343
243344
243346
243347
243349
243350
243351
243352
243353
243354
243355
243356
243357
243358
243359
243361
243362
243364
243365
243367
243368
243369
243370
243371
243372
243373
243374
243375
243376
243377
243379
243380
243382
243383
243385
243386
243387
243388
243389
243390
243391
243392
243393
243394
243395
243397
243398
243400
243401
243403
243404
243405
243406
243407
243408
243409
243410
243411
243412
243413
243415
243416
243418
243419
243421
243422
243423
243424
243425
243426
243427
243428
243429
243430
243431
243433
243434
243436
243437
243439
243440
243441
243442
243443
243444
243445
243446
243447
243448
243449
243450
243452
243453
243455
243457
243458
243459
243460
243461
243462
243463
243464
243465
243466
243467
243468
243469
243470
243472
243473
243475
243476
243478
243479
243480
243481
243482
243483
243484
243485
243486
243487
243488
243490
243491
243493
243494
243496
243497
243498
243499
243500
243501
243502
243503
243504
243505
243506
243508
243509
243511
243512
243514
243515
243516
243517
243518
243519
243520
243521
243522
243523
243524
243526
243527
243529
243530
243532
243533
243534
243535
243536
243537
243538
243539
243540
243541
243542
243544
243545
243547
243548
243550
243551
243552
243553
243554
243555
243556
243557
243558
243559
243560
243562
243563
243565
243566
243568
243569
243570
243571
243572
243573
243574
243575
243576
243577
243578
243580
243581
243583
243584
243586
243587
243588
243589
243590
243591
243592
243593
243594
243595
243596
243598
243599
243601
243602
243604
243605
243606
243607
243608
243609
243610
243611
243612
243613
243614
243616
243617
243619
243620
243622
243623
243624
243625
243626
243627
243628
243629
243630
243631
243632
243634
243635
243637
243638
243640
243641
243642
243643
243644
243645
243646
243647
243648
243649
243650
243652
243653
243655
243656
243658
243659
243660
243661
243662
243663
243664
243665
243666
243667
243668
243670
243671
243673
243674
243676
243677
243678
243679
243680
243681
243682
243683
243684
243685
243686
243688
243689
243691
243692
243694
243695
243696
243697
243698
243699
243700
243701
243702
243703
243704
243706
243707
243709
243710
243712
243713
243714
243715
243716
243717
243718
243719
243720
243721
243722
243724
243725
243727
243728
243730
243731
243732
243733
243734
243735
243736
243737
243738
243739
243740
243741
243743
243744
243746
243772
243773
243774
243775
243776
243777
243778
243779
243780
243781
243782
243783
243784
243785
243787
243788
243790
243791
243793
243794
243795
243796
243797
243798
243799
243800
243801
243802
243803
243805
243806
243808
243809
243811
243812
243813
243814
243815
243816
243817
243818
243819
243820
243821
243823
243824
243826
243827
243829
243830
243831
243832
243833
243834
243835
243836
243837
243838
243839
243841
243842
243844
243845
243847
243848
243849
243850
243851
243852
243853
243854
243855
243856
243857
243859
243860
243862
243863
243865
243866
243867
243868
243869
243870
243871
243872
243873
243874
243875
243877
243878
243880
243881
243883
243884
243885
243886
243887
243888
243889
243890
243891
243892
243893
243895
243896
243898
243899
243901
243902
243903
243904
243905
243906
243907
243908
243909
243910
243911
243913
243914
243916
243917
243919
243920
243921
243922
243923
243924
243925
243926
243927
243928
243929
243931
243932
243934
243935
243937
243938
243939
243940
243941
243942
243943
243944
243945
243946
243947
243949
243950
243952
243953
243955
243956
243957
243958
243959
243960
243961
243962
243963
243964
243965
243967
243968
243970
243971
243973
243974
243975
243976
243977
243978
243979
243980
243981
243982
243983
243985
243986
243988
243989
243991
243992
243993
243994
243995
243996
243997
243998
243999
244000
244001
244003
244004
244006
244007
244009
244010
244011
244012
244013
244014
244015
244016
244017
244018
244019
244021
244022
244024
244025
244027
244028
244029
244030
244031
244032
244033
244034
244035
244036
244037
244039
244040
244042
244043
244045
244046
244047
244048
244049
244050
244051
244052
244053
244054
244055
244057
244058
244060
244061
244063
244064
244065
244066
244067
244068
244069
244070
244071
244072
244073
244075
244076
244078
244079
244081
244082
244083
244084
244085
244086
244087
244088
244089
244090
244091
244092
244094
244095
244097
244111
244112
244113
244114
244115
244116
244117
244118
244119
244120
244121
244123
244124
244126
244127
244129
244130
244131
244132
244133
244134
244135
244136
244137
244138
244139
244141
244142
244144
244145
244147
244148
244149
244150
244151
244152
244153
244154
244155
244156
244157
244159
244160
244162
244163
244165
244166
244167
244168
244169
244170
244171
244172
244173
244174
244175
244177
244178
244180
244181
244183
244184
244185
244186
244187
244188
244189
244190
244191
244192
244193
244195
244196
244198
244199
244201
244202
244203
244204
244205
244206
244207
244208
244209
244210
244211
244213
244214
244216
244217
244219
244220
244221
244222
244223
244224
244225
244226
244227
244228
244229
244231
244232
244234
244235
244237
244238
244239
244240
244241
244242
244243
244244
244245
244246
244247
244249
244250
244252
244253
244255
244256
244257
244258
244259
244260
244261
244262
244263
244264
244265
244267
244268
244270
244271
244273
244274
244275
244276
244277
244278
244279
244280
244281
244282
244283
244285
244286
244288
244289
244291
244292
244293
244294
244295
244296
244297
244298
244299
244300
244301
244303
244304
244306
244307
244309
244310
244311
244312
244313
244314
244315
244316
244317
244318
244319
244321
244322
244324
244325
244327
244328
244329
244330
244331
244332
244333
244334
244335
244336
244337
244339
244340
244342
244343
244345
244346
244347
244348
244349
244350
244351
244352
244353
244354
244355
244357
244358
244360
244361
244363
244364
244365
244366
244367
244368
244369
244370
244371
244372
244373
244375
244376
244378
244379
244381
244382
244383
244384
244385
244386
244387
244388
244389
244390
244391
244393
244394
244396
244397
244399
244400
244401
244402
244403
244404
244405
244406
244407
244408
244409
244411
244412
244414
244415
244417
244418
244419
244420
244421
244422
244423
244424
244425
244427
244428
244430
244432
244433
244434
244435
244436
244437
244438
244439
244440
244441
244442
244444
244445
244447
244448
244450
244451
244452
244453
244454
244455
244456
244457
244458
244459
244460
244462
244463
244465
244466
244468
244469
244470
244471
244472
244473
244474
244475
244476
244477
244478
244480
244481
244483
244484
244486
244487
244488
244489
244490
244491
244492
244493
244494
244495
244496
244498
244499
244501
244502
244504
244505
244506
244507
244508
244509
244510
244511
244512
244513
244514
244516
244517
244519
244520
244522
244523
244524
244525
244526
244527
244528
244529
244530
244531
244532
244534
244535
244537
244538
244540
244541
244542
244543
244544
244545
244546
244547
244548
244549
244550
244552
244553
244555
244556
244558
244559
244560
244561
244562
244563
244564
244565
244566
244567
244568
244570
244571
244573
244574
244576
244577
244578
244579
244580
244581
244582
244583
244584
244585
244586
244588
244589
244591
244592
244594
244595
244596
244597
244598
244599
244600
244601
244602
244603
244604
244606
244607
244609
244610
244612
244613
244614
244615
244616
244617
244618
244619
244620
244621
244622
244624
244625
244627
244628
244630
244631
244632
244633
244634
244635
244636
244637
244638
244639
244640
244642
244643
244645
244646
244648
244649
244650
244651
244652
244653
244654
244655
244656
244657
244658
244660
244661
244663
244664
244666
244667
244668
244669
244670
244671
244672
244673
244674
244675
244676
244678
244679
244681
244682
244684
244685
244686
244687
244688
244689
244690
244691
244692
244693
244694
244696
244697
244699
244700
244702
244703
244704
244705
244706
244707
244708
244709
244710
244711
244712
244714
244715
244717
244718
244720
244721
244722
244723
244724
244725
244726
244727
244728
244729
244730
244732
244733
244735
244736
244738
244739
244740
244741
244742
244743
244744
244745
244746
244747
244748
244750
244751
244753
244754
244756
244757
244758
244759
244760
244761
244762
244763
244764
244765
244766
244768
244769
244771
244772
244774
244775
244776
244777
244778
244779
244780
244781
244782
244784
244785
244787
244807
244808
244809
244810
244811
244812
244813
244814
244815
244816
244817
244818
244819
244820
244822
244823
244825
244826
244828
244829
244830
244831
244832
244833
244834
244835
244836
244837
244838
244840
244841
244843
244844
244846
244847
244848
244849
244850
244851
244852
244853
244854
244855
244856
244858
244859
244861
244862
244864
244865
244866
244867
244868
244869
244870
244871
244872
244873
244874
244876
244877
244879
244880
244882
244883
244884
244885
244886
244887
244888
244889
244890
244891
244892
244894
244895
244897
244898
244900
244901
244902
244903
244904
244905
244906
244907
244908
244909
244910
244912
244913
244915
244916
244918
244919
244920
244921
244922
244923
244924
244925
244926
244927
244928
244930
244931
244933
244934
244936
244937
244938
244939
244940
244941
244942
244943
244944
244945
244946
244948
244949
244951
244952
244954
244955
244956
244957
244958
244959
244960
244961
244962
244963
244964
244966
244967
244969
244970
244972
244973
244974
244975
244976
244977
244978
244979
244980
244981
244982
244984
244985
244987
244988
244990
244991
244992
244993
244994
244995
244996
244997
244998
244999
245000
245002
245003
245005
245006
245008
245009
245010
245011
245012
245013
245014
245015
245016
245017
245018
245020
245021
245023
245024
245026
245027
245028
245029
245030
245031
245032
245033
245034
245035
245036
245038
245039
245041
245042
245044
245045
245046
245047
245048
245049
245050
245051
245052
245053
245054
245056
245057
245059
245060
245062
245063
245064
245065
245066
245067
245068
245069
245070
245071
245072
245074
245075
245077
245078
245080
245081
245082
245083
245084
245085
245086
245087
245088
245089
245090
245092
245093
245095
245096
245098
245099
245100
245101
245102
245103
245104
245105
245106
245107
245108
245110
245111
245113
245114
245116
245117
245118
245119
245120
245121
245122
245123
245124
245125
245126
245128
245129
245131
245132
245134
245135
245136
245137
245138
245139
245140
245141
245142
245143
245144
245146
245147
245149
245150
245152
245153
245154
245155
245156
245157
245158
245159
245160
245161
245162
245163
245165
245166
245168
245203
245204
245205
245206
245207
245208
245209
245210
245211
245212
245213
245215
245216
245218
245219
245221
245222
245223
245224
245225
245226
245227
245228
245229
245230
245231
245233
245234
245236
245237
245239
245240
245241
245242
245243
245244
245245
245246
245247
245248
245249
245251
245252
245254
245255
245257
245258
245259
245260
245261
245262
245263
245264
245265
245266
245267
245269
245270
245272
245273
245275
245276
245277
245278
245279
245280
245281
245282
245283
245284
245285
245287
245288
245290
245291
245293
245294
245295
245296
245297
245298
245299
245300
245301
245302
245303
245305
245306
245308
245309
245311
245312
245313
245314
245315
245316
245317
245318
245319
245320
245321
245323
245324
245326
245327
245329
245330
245331
245332
245333
245334
245335
245336
245337
245338
245339
245341
245342
245344
245345
245347
245348
245349
245350
245351
245352
245353
245354
245355
245356
245357
245359
245360
245362
245363
245365
245366
245367
245368
245369
245370
245371
245372
245373
245374
245375
245377
245378
245380
245381
245383
245384
245385
245386
245387
245388
245389
245390
245391
245392
245393
245395
245396
245398
245399
245401
245402
245403
245404
245405
245406
245407
245408
245409
245410
245411
245413
245414
245416
245417
245419
245420
245421
245422
245423
245424
245425
245426
245427
245428
245429
245431
245432
245434
245435
245437
245438
245439
245440
245441
245442
245443
245444
245445
245446
245447
245449
245450
245452
245453
245455
245456
245457
245458
245459
245460
245461
245462
245463
245464
245465
245467
245468
245470
245471
245473
245474
245475
245476
245477
245478
245479
245480
245481
245482
245483
245485
245486
245488
245489
245491
245492
245493
245494
245495
245496
245497
245498
245499
245500
245501
245503
245504
245506
245507
245509
245510
245511
245512
245513
245514
245515
245516
245517
245518
245519
245521
245522
245524
245525
245527
245528
245529
245530
245531
245532
245533
245534
245535
245536
245537
245539
245540
245542
245543
245545
245546
245547
245548
245549
245550
245551
245552
245553
245555
245556
245558
245590
245591
245592
245593
245594
245595
245596
245597
245598
245599
245600
245602
245603
245605
245606
245608
245609
245610
245611
245612
245613
245614
245615
245616
245617
245618
245620
245621
245623
245624
245626
245627
245628
245629
245630
245631
245632
245633
245634
245635
245636
245638
245639
245641
245642
245644
245645
245646
245647
245648
245649
245650
245651
245652
245653
245654
245656
245657
245659
245660
245662
245663
245664
245665
245666
245667
245668
245669
245670
245671
245672
245674
245675
245677
245678
245680
245681
245682
245683
245684
245685
245686
245687
245688
245689
245690
245692
245693
245695
245696
245698
245699
245700
245701
245702
245703
245704
245705
245706
245707
245708
245710
245711
245713
245714
245716
245717
245718
245719
245720
245721
245722
245723
245724
245725
245726
245728
245729
245731
245732
245734
245735
245736
245737
245738
245739
245740
245741
245742
245743
245744
245746
245747
245749
245750
245752
245753
245754
245755
245756
245757
245758
245759
245760
245761
245762
245764
245765
245767
245768
245770
245771
245772
245773
245774
245775
245776
245777
245778
245779
245780
245782
245783
245785
245786
245788
245789
245790
245791
245792
245793
245794
245795
245796
245797
245798
245800
245801
245803
245804
245806
245807
245808
245809
245810
245811
245812
245813
245814
245815
245816
245818
245819
245821
245822
245824
245825
245826
245827
245828
245829
245830
245831
245832
245833
245834
245836
245837
245839
245840
245842
245843
245844
245845
245846
245847
245848
245849
245850
245851
245852
245854
245855
245857
245858
245860
245861
245862
245863
245864
245865
245866
245867
245868
245869
245870
245872
245873
245875
245876
245878
245879
245880
245881
245882
245883
245884
245885
245886
245887
245888
245890
245891
245893
245894
245896
245897
245898
245899
245900
245901
245902
245903
245904
245905
245906
245908
245909
245911
245912
245914
245915
245916
245917
245918
245919
245920
245921
245922
245923
245924
245926
245927
245929
245930
245932
245933
245934
245935
245936
245937
245938
245939
245940
245942
245943
245945
245974
245975
245976
245977
245978
245979
245980
245981
245982
245983
245984
245986
245987
245989
245990
245992
245993
245994
245995
245996
245997
245998
245999
246000
246001
246002
246004
246005
246007
246008
246010
246011
246012
246013
246014
246015
246016
246017
246018
246019
246020
246022
246023
246025
246026
246028
246029
246030
246031
246032
246033
246034
246035
246036
246037
246038
246040
246041
246043
246044
246046
246047
246048
246049
246050
246051
246052
246053
246054
246055
246056
246058
246059
246061
246062
246064
246065
246066
246067
246068
246069
246070
246071
246072
246073
246074
246076
246077
246079
246080
246082
246083
246084
246085
246086
246087
246088
246089
246090
246091
246092
246094
246095
246097
246098
246100
246101
246102
246103
246104
246105
246106
246107
246108
246109
246110
246112
246113
246115
246116
246118
246119
246120
246121
246122
246123
246124
246125
246126
246127
246128
246130
246131
246133
246134
246136
246137
246138
246139
246140
246141
246142
246143
246144
246145
246146
246148
246149
246151
246152
246154
246155
246156
246157
246158
246159
246160
246161
246162
246163
246164
246166
246167
246169
246170
246172
246173
246174
246175
246176
246177
246178
246179
246180
246181
246182
246184
246185
246187
246188
246190
246191
246192
246193
246194
246195
246196
246197
246198
246199
246200
246202
246203
246205
246206
246208
246209
246210
246211
246212
246213
246214
246215
246216
246217
246218
246220
246221
246223
246224
246226
246227
246228
246229
246230
246231
246232
246233
246234
246235
246236
246238
246239
246241
246242
246244
246245
246246
246247
246248
246249
246250
246251
246252
246253
246254
246256
246257
246259
246260
246262
246263
246264
246265
246266
246267
246268
246269
246270
246271
246272
246274
246275
246277
246278
246280
246281
246282
246283
246284
246285
246286
246287
246288
246289
246290
246292
246293
246295
246296
246298
246299
246300
246301
246302
246303
246304
246305
246306
246307
246308
246310
246311
246313
246314
246316
246317
246318
246319
246320
246321
246322
246323
246324
246326
246327
246329
246358
246359
246360
246361
246362
246363
246364
246365
246366
246367
246368
246370
246371
246373
246374
246376
246377
246378
246379
246380
246381
246382
246383
246384
246385
246386
246388
246389
246391
246392
246394
246395
246396
246397
246398
246399
246400
246401
246402
246403
246404
246406
246407
246409
246410
246412
246413
246414
246415
246416
246417
246418
246419
246420
246421
246422
246424
246425
246427
246428
246430
246431
246432
246433
246434
246435
246436
246437
246438
246439
246440
246442
246443
246445
246446
246448
246449
246450
246451
246452
246453
246454
246455
246456
246457
246458
246460
246461
246463
246464
246466
246467
246468
246469
246470
246471
246472
246473
246474
246475
246476
246478
246479
246481
246482
246484
246485
246486
246487
246488
246489
246490
246491
246492
246493
246494
246496
246497
246499
246500
246502
246503
246504
246505
246506
246507
246508
246509
246510
246511
246512
246514
246515
246517
246518
246520
246521
246522
246523
246524
246525
246526
246527
246528
246529
246530
246532
246533
246535
246536
246538
246539
246540
246541
246542
246543
246544
246545
246546
246547
246548
246550
246551
246553
246554
246556
246557
246558
246559
246560
246561
246562
246563
246564
246565
246566
246568
246569
246571
246572
246574
246575
246576
246577
246578
246579
246580
246581
246582
246583
246584
246586
246587
246589
246590
246592
246593
246594
246595
246596
246597
246598
246599
246600
246601
246602
246604
246605
246607
246608
246610
246611
246612
246613
246614
246615
246616
246617
246618
246619
246620
246622
246623
246625
246626
246628
246629
246630
246631
246632
246633
246634
246635
246636
246637
246638
246640
246641
246643
246644
246646
246647
246648
246649
246650
246651
246652
246653
246654
246655
246656
246658
246659
246661
246662
246664
246665
246666
246667
246668
246669
246670
246671
246672
246673
246674
246676
246677
246679
246680
246682
246683
246684
246685
246686
246687
246688
246689
246690
246691
246692
246694
246695
246697
246698
246700
246701
246702
246703
246704
246705
246706
246707
246708
246710
246711
246713
246745
246746
246747
246748
246749
246750
246751
246752
246753
246754
246755
246756
246757
246758
246760
246761
246763
246764
246766
246767
246768
246769
246770
246771
246772
246773
246774
246775
246776
246778
246779
246781
246782
246784
246785
246786
246787
246788
246789
246790
246791
246792
246793
246794
246796
246797
246799
246800
246802
246803
246804
246805
246806
246807
246808
246809
246810
246811
246812
246814
246815
246817
246818
246820
246821
246822
246823
246824
246825
246826
246827
246828
246829
246830
246832
246833
246835
246836
246838
246839
246840
246841
246842
246843
246844
246845
246846
246847
246848
246850
246851
246853
246854
246856
246857
246858
246859
246860
246861
246862
246863
246864
246865
246866
246868
246869
246871
246872
246874
246875
246876
246877
246878
246879
246880
246881
246882
246883
246884
246886
246887
246889
246890
246892
246893
246894
246895
246896
246897
246898
246899
246900
246901
246902
246904
246905
246907
246908
246910
246911
246912
246913
246914
246915
246916
246917
246918
246919
246920
246922
246923
246925
246926
246928
246929
246930
246931
246932
246933
246934
246935
246936
246937
246938
246940
246941
246943
246944
246946
246947
246948
246949
246950
246951
246952
246953
246954
246955
246956
246958
246959
246961
246962
246964
246965
246966
246967
246968
246969
246970
246971
246972
246973
246974
246976
246977
246979
246980
246982
246983
246984
246985
246986
246987
246988
246989
246990
246991
246992
246994
246995
246997
246998
247000
247001
247002
247003
247004
247005
247006
247007
247008
247009
247010
247012
247013
247015
247016
247018
247019
247020
247021
247022
247023
247024
247025
247026
247027
247028
247030
247031
247033
247034
247036
247037
247038
247039
247040
247041
247042
247043
247044
247045
247046
247048
247049
247051
247052
247054
247055
247056
247057
247058
247059
247060
247061
247062
247063
247064
247066
247067
247069
247070
247072
247073
247074
247075
247076
247077
247078
247079
247080
247081
247082
247084
247085
247087
247088
247090
247091
247092
247093
247094
247095
247096
247097
247098
247099
247100
247101
247103
247104
247106
247123
247124
247125
247126
247127
247128
247129
247130
247131
247132
247134
247136
247138
247139
247140
247141
247142
247143
247144
247145
247146
247147
247148
247150
247151
247153
247154
247156
247157
247158
247159
247160
247161
247162
247163
247164
247165
247166
247168
247169
247171
247172
247174
247175
247176
247177
247178
247179
247180
247181
247182
247183
247184
247186
247187
247189
247190
247192
247193
247194
247195
247196
247197
247198
247199
247200
247201
247202
247204
247205
247207
247208
247210
247211
247212
247213
247214
247215
247216
247217
247218
247219
247220
247222
247223
247225
247226
247228
247229
247230
247231
247232
247233
247234
247235
247236
247237
247238
247240
247241
247243
247244
247246
247247
247248
247249
247250
247251
247252
247253
247254
247255
247256
247258
247259
247261
247262
247264
247265
247266
247267
247268
247269
247270
247271
247272
247273
247274
247276
247277
247279
247280
247282
247283
247284
247285
247286
247287
247288
247289
247290
247291
247292
247294
247295
247297
247298
247300
247301
247302
247303
247304
247305
247306
247307
247308
247309
247310
247312
247313
247315
247316
247318
247319
247320
247321
247322
247323
247324
247325
247326
247327
247328
247330
247331
247333
247334
247336
247337
247338
247339
247340
247341
247342
247343
247344
247345
247346
247348
247349
247351
247352
247354
247355
247356
247357
247358
247359
247360
247361
247362
247363
247364
247366
247367
247369
247370
247372
247373
247374
247375
247376
247377
247378
247379
247380
247381
247382
247384
247385
247387
247388
247390
247391
247392
247393
247394
247395
247396
247397
247398
247399
247400
247402
247403
247405
247406
247408
247409
247410
247411
247412
247413
247414
247415
247416
247417
247418
247420
247421
247423
247424
247426
247427
247428
247429
247430
247431
247432
247433
247434
247435
247436
247438
247439
247441
247442
247444
247445
247446
247447
247448
247449
247450
247451
247452
247453
247454
247456
247457
247459
247460
247462
247463
247464
247465
247466
247467
247468
247469
247471
247474
247475
247476
247477
247478
247479
247480
247481
247482
247483
247484
247486
247487
247489
247490
247492
247493
247494
247495
247496
247497
247498
247499
247500
247501
247502
247504
247505
247507
247508
247510
247511
247512
247513
247514
247515
247516
247517
247518
247519
247520
247522
247523
247525
247526
247528
247529
247530
247531
247532
247533
247534
247535
247536
247537
247538
247540
247541
247543
247544
247546
247547
247548
247549
247550
247551
247552
247553
247554
247555
247556
247558
247559
247561
247562
247564
247565
247566
247567
247568
247569
247570
247571
247572
247573
247574
247576
247577
247579
247580
247582
247583
247584
247585
247586
247587
247588
247589
247590
247591
247592
247594
247595
247597
247598
247600
247601
247602
247603
247604
247605
247606
247607
247608
247609
247610
247612
247613
247615
247616
247618
247619
247620
247621
247622
247623
247624
247625
247626
247627
247628
247630
247631
247633
247634
247636
247637
247638
247639
247640
247641
247642
247643
247644
247645
247646
247648
247649
247651
247652
247654
247655
247656
247657
247658
247659
247660
247661
247662
247663
247664
247666
247667
247669
247670
247672
247673
247674
247675
247676
247677
247678
247679
247680
247681
247682
247684
247685
247687
247688
247690
247691
247692
247693
247694
247695
247696
247697
247698
247699
247700
247702
247703
247705
247706
247708
247709
247710
247711
247712
247713
247714
247715
247716
247717
247718
247720
247721
247723
247724
247726
247727
247728
247729
247730
247731
247732
247733
247734
247735
247736
247738
247739
247741
247742
247744
247745
247746
247747
247748
247749
247750
247751
247752
247753
247754
247756
247757
247759
247760
247762
247763
247764
247765
247766
247767
247768
247769
247770
247771
247772
247774
247775
247777
247778
247780
247781
247782
247783
247784
247785
247786
247787
247788
247790
247791
247793
247807
247808
247809
247810
247811
247812
247813
247814
247815
247816
247817
247818
247819
247821
247823
247825
247826
247827
247828
247829
247830
247831
247832
247833
247834
247835
247837
247838
247840
247841
247843
247844
247845
247846
247847
247848
247849
247850
247851
247852
247853
247855
247856
247858
247859
247861
247862
247863
247864
247865
247866
247867
247868
247869
247870
247871
247873
247874
247876
247877
247879
247880
247881
247882
247883
247884
247885
247886
247887
247888
247889
247891
247892
247894
247895
247897
247898
247899
247900
247901
247902
247903
247904
247905
247906
247907
247909
247910
247912
247913
247915
247916
247917
247918
247919
247920
247921
247922
247923
247924
247925
247927
247928
247930
247931
247933
247934
247935
247936
247937
247938
247939
247940
247941
247942
247943
247945
247946
247948
247949
247951
247952
247953
247954
247955
247956
247957
247958
247959
247960
247961
247963
247964
247966
247967
247969
247970
247971
247972
247973
247974
247975
247976
247977
247978
247979
247981
247982
247984
247985
247987
247988
247989
247990
247991
247992
247993
247994
247995
247996
247997
247999
248000
248002
248003
248005
248006
248007
248008
248009
248010
248011
248012
248013
248014
248015
248017
248018
248020
248021
248023
248024
248025
248026
248027
248028
248029
248030
248031
248032
248033
248035
248036
248038
248039
248041
248042
248043
248044
248045
248046
248047
248048
248049
248050
248051
248053
248054
248056
248057
248059
248060
248061
248062
248063
248064
248065
248066
248067
248068
248069
248071
248072
248074
248075
248077
248078
248079
248080
248081
248082
248083
248084
248085
248086
248087
248089
248090
248092
248093
248095
248096
248097
248098
248099
248100
248101
248102
248103
248104
248105
248107
248108
248110
248111
248113
248114
248115
248116
248117
248118
248119
248120
248121
248122
248123
248125
248140
248141
248142
248143
248144
248145
248146
248147
248148
248149
248150
248151
248152
248154
248156
248158
248159
248160
248161
248162
248163
248164
248165
248166
248167
248168
248170
248171
248173
248174
248176
248177
248178
248179
248180
248181
248182
248183
248184
248185
248186
248188
248189
248191
248192
248194
248195
248196
248197
248198
248199
248200
248201
248202
248203
248204
248206
248207
248209
248210
248212
248213
248214
248215
248216
248217
248218
248219
248220
248221
248222
248224
248225
248227
248228
248230
248231
248232
248233
248234
248235
248236
248237
248238
248239
248240
248242
248243
248245
248246
248248
248249
248250
248251
248252
248253
248254
248255
248256
248257
248258
248260
248261
248263
248264
248266
248267
248268
248269
248270
248271
248272
248273
248274
248275
248276
248278
248279
248281
248282
248284
248285
248286
248287
248288
248289
248290
248291
248292
248293
248294
248296
248297
248299
248300
248302
248303
248304
248305
248306
248307
248308
248309
248310
248311
248312
248314
248315
248317
248318
248320
248321
248322
248323
248324
248325
248326
248327
248328
248329
248330
248332
248333
248335
248336
248338
248339
248340
248341
248342
248343
248344
248345
248346
248347
248348
248350
248351
248353
248354
248356
248357
248358
248359
248360
248361
248362
248363
248364
248365
248366
248368
248369
248371
248372
248374
248375
248376
248377
248378
248379
248380
248381
248382
248383
248384
248386
248387
248389
248390
248392
248393
248394
248395
248396
248397
248398
248399
248400
248401
248402
248404
248405
248407
248408
248410
248411
248412
248413
248414
248415
248416
248417
248418
248419
248420
248422
248425
248426
248427
248428
248429
248430
248431
248432
248433
248434
248435
248436
248437
248439
248441
248443
248444
248445
248446
248447
248448
248449
248450
248451
248452
248453
248455
248456
248458
248459
248461
248462
248463
248464
248465
248466
248467
248468
248469
248470
248471
248473
248474
248476
248477
248479
248480
248481
248482
248483
248484
248485
248486
248487
248488
248489
248491
248492
248494
248495
248497
248498
248499
248500
248501
248502
248503
248504
248505
248506
248507
248509
248510
248512
248513
248515
248516
248517
248518
248519
248520
248521
248522
248523
248524
248525
248527
248528
248530
248531
248533
248534
248535
248536
248537
248538
248539
248540
248541
248542
248543
248545
248546
248548
248549
248551
248552
248553
248554
248555
248556
248557
248558
248559
248560
248561
248563
248564
248566
248567
248569
248570
248571
248572
248573
248574
248575
248576
248577
248578
248579
248581
248582
248584
248585
248587
248588
248589
248590
248591
248592
248593
248594
248595
248596
248597
248599
248600
248602
248603
248605
248606
248607
248608
248609
248610
248611
248612
248613
248614
248615
248617
248618
248620
248621
248623
248624
248625
248626
248627
248628
248629
248630
248631
248632
248633
248635
248636
248638
248639
248641
248642
248643
248644
248645
248646
248647
248648
248649
248650
248651
248653
248654
248656
248657
248659
248660
248661
248662
248663
248664
248665
248666
248667
248668
248669
248671
248674
248675
248676
248677
248678
248679
248680
248681
248682
248683
248684
248685
248686
248688
248690
248692
248693
248694
248695
248696
248697
248698
248699
248700
248701
248703
248705
248707
248708
248709
248710
248711
248712
248713
248714
248715
248716
248717
248719
248720
248722
248723
248725
248726
248727
248728
248729
248730
248731
248732
248733
248734
248735
248737
248738
248740
248741
248743
248744
248745
248746
248747
248748
248749
248750
248751
248752
248753
248755
248756
248758
248759
248761
248762
248763
248764
248765
248766
248767
248768
248769
248770
248771
248773
248774
248776
248777
248779
248780
248781
248782
248783
248784
248785
248786
248787
248788
248789
248791
248792
248794
248795
248797
248798
248799
248800
248801
248802
248803
248804
248805
248806
248807
248809
248810
248812
248813
248815
248816
248817
248818
248819
248820
248821
248822
248823
248824
248825
248827
248828
248830
248831
248833
248834
248835
248836
248837
248838
248839
248840
248841
248842
248843
248845
248846
248848
248849
248851
248852
248853
248854
248855
248856
248857
248858
248859
248860
248862
248864
248866
248867
248868
248869
248870
248871
248872
248873
248874
248875
248876
248878
248881
248882
248883
248884
248885
248886
248887
248888
248889
248890
248892
248894
248896
248897
248898
248899
248900
248901
248902
248903
248904
248905
248906
248907
248908
248910
248912
248914
248915
248916
248917
248918
248919
248920
248921
248922
248923
248925
248927
248929
248930
248931
248932
248933
248934
248935
248936
248937
248938
248940
248942
248944
248945
248946
248947
248948
248949
248950
248951
248952
248953
248955
248957
248959
248960
248961
248962
248963
248964
248965
248966
248967
248968
248970
248972
248974
248975
248976
248977
248978
248979
248980
248981
248982
248983
248984
248985
248986
248988
248990
248992
248993
248994
248995
248996
248997
248998
248999
249001
277180
277181
277182
277183
277184
277185
277186
277187
277188
277189
277190
277191
277192
277193
277194
277195
277196
277197
277198
277199
277200
277201
277202
277203
277228
277229
277230
277231
277232
277233
277234
277235
277236
277237
277238
277239
277240
277241
277242
277243
277244
277245
277246
277247
277248
277249
277250
277251
277276
277277
277278
277279
277280
277281
277282
277283
277284
277285
277286
277287
277288
277289
277290
277291
277292
277293
277294
277295
277296
277297
277298
277299
277312
277313
277314
277315
277316
277317
277318
277319
277320
277321
277322
277323
277324
277325
277326
277327
277328
277329
277330
277331
277332
277333
277334
277335
277336
277337
277338
277339
277340
277341
277342
277343
277344
277345
277346
277347
277348
277349
277350
277351
277352
277353
277354
277355
277356
277357
277358
277359
277384
277385
277386
277387
277388
277389
277390
277391
277392
277393
277394
277395
277396
277397
277398
277399
277400
277401
277402
277403
277404
277405
277406
277407
277408
277409
277410
277411
277412
277413
277414
277415
277416
277417
277418
277419
277420
277421
277422
277423
277424
277425
277426
277427
277428
277429
277430
277431
277456
277457
277458
277459
277460
277461
277462
277463
277464
277465
277466
277467
277468
277469
277470
277471
277472
277473
277474
277475
277476
277477
277478
277479
277480
277481
277482
277483
277484
277485
277486
277487
277488
277489
277490
277491
277492
277493
277494
277495
277496
277497
277498
277499
277500
277501
277502
277503
277516
277517
277518
277519
277520
277521
277522
277523
277524
277525
277526
277527
277528
277529
277530
277531
277532
277533
277534
277535
277536
277537
277538
277539
277564
277565
277566
277567
277568
277569
277570
277571
277572
277573
277574
277575
277576
277577
277578
277579
277580
277581
277582
277583
277584
277585
277586
277587
277612
277613
277614
277615
277616
277617
277618
277619
277620
277621
277622
277623
277624
277625
277626
277627
277628
277629
277630
277631
277632
277633
277634
277635
277756
277757
277758
277759
277760
277761
277762
277763
277764
277765
277766
277767
277768
277769
277770
277771
277772
277773
277774
277775
277776
277777
277778
277779
277804
277805
277806
277807
277808
277809
277810
277811
277812
277813
277814
277815
277816
277817
277818
277819
277820
277821
277822
277823
277824
277825
277826
277827
277852
277853
277854
277855
277856
277857
277858
277859
277860
277861
277862
277863
277864
277865
277866
277867
277868
277869
277870
277871
277872
277873
277874
277875
277888
277889
277890
277891
277892
277893
277894
277895
277896
277897
277898
277899
277900
277901
277902
277903
277904
277905
277906
277907
277908
277909
277910
277911
277912
277913
277914
277915
277916
277917
277918
277919
277920
277921
277922
277923
277924
277925
277926
277927
277928
277929
277930
277931
277932
277933
277934
277935
277960
277961
277962
277963
277964
277965
277966
277967
277968
277969
277970
277971
277972
277973
277974
277975
277976
277977
277978
277979
277980
277981
277982
277983
277984
277985
277986
277987
277988
277989
277990
277991
277992
277993
277994
277995
277996
277997
277998
277999
278000
278001
278002
278003
278004
278005
278006
278007
278032
278033
278034
278035
278036
278037
278038
278039
278040
278041
278042
278043
278044
278045
278046
278047
278048
278049
278050
278051
278052
278053
278054
278055
278056
278057
278058
278059
278060
278061
278062
278063
278064
278065
278066
278067
278068
278069
278070
278071
278072
278073
278074
278075
278076
278077
278078
278079
278092
278093
278094
278095
278096
278097
278098
278099
278100
278101
278102
278103
278104
278105
278106
278107
278108
278109
278110
278111
278112
278113
278114
278115
278140
278141
278142
278143
278144
278145
278146
278147
278148
278149
278150
278151
278152
278153
278154
278155
278156
278157
278158
278159
278160
278161
278162
278163
278188
278189
278190
278191
278192
278193
278194
278195
278196
278197
278198
278199
278200
278201
278202
278203
278204
278205
278206
278207
278208
278209
278210
278211
278332
278333
278334
278335
278336
278337
278338
278339
278340
278341
278342
278343
278344
278345
278346
278347
278348
278349
278350
278351
278352
278353
278354
278355
278380
278381
278382
278383
278384
278385
278386
278387
278388
278389
278390
278391
278392
278393
278394
278395
278396
278397
278398
278399
278400
278401
278402
278403
278428
278429
278430
278431
278432
278433
278434
278435
278436
278437
278438
278439
278440
278441
278442
278443
278444
278445
278446
278447
278448
278449
278450
278451
278464
278465
278466
278467
278468
278469
278470
278471
278472
278473
278474
278475
278476
278477
278478
278479
278480
278481
278482
278483
278484
278485
278486
278487
278488
278489
278490
278491
278492
278493
278494
278495
278496
278497
278498
278499
278500
278501
278502
278503
278504
278505
278506
278507
278508
278509
278510
278511
278536
278537
278538
278539
278540
278541
278542
278543
278544
278545
278546
278547
278548
278549
278550
278551
278552
278553
278554
278555
278556
278557
278558
278559
278560
278561
278562
278563
278564
278565
278566
278567
278568
278569
278570
278571
278572
278573
278574
278575
278576
278577
278578
278579
278580
278581
278582
278583
278608
278609
278610
278611
278612
278613
278614
278615
278616
278617
278618
278619
278620
278621
278622
278623
278624
278625
278626
278627
278628
278629
278630
278631
278632
278633
278634
278635
278636
278637
278638
278639
278640
278641
278642
278643
278644
278645
278646
278647
278648
278649
278650
278651
278652
278653
278654
278655
278668
278669
278670
278671
278672
278673
278674
278675
278676
278677
278678
278679
278680
278681
278682
278683
278684
278685
278686
278687
278688
278689
278690
278691
278716
278717
278718
278719
278720
278721
278722
278723
278724
278725
278726
278727
278728
278729
278730
278731
278732
278733
278734
278735
278736
278737
278738
278739
278764
278765
278766
278767
278768
278769
278770
278771
278772
278773
278774
278775
278776
278777
278778
278779
278780
278781
278782
278783
278784
278785
278786
278787
278908
278909
278910
278911
278912
278913
278914
278915
278916
278917
278918
278919
278920
278921
278922
278923
278924
278925
278926
278927
278928
278929
278930
278931
278956
278957
278958
278959
278960
278961
278962
278963
278964
278965
278966
278967
278968
278969
278970
278971
278972
278973
278974
278975
278976
278977
278978
278979
279004
279005
279006
279007
279008
279009
279010
279011
279012
279013
279014
279015
279016
279017
279018
279019
279020
279021
279022
279023
279024
279025
279026
279027
279040
279041
279042
279043
279044
279045
279046
279047
279048
279049
279050
279051
279052
279053
279054
279055
279056
279057
279058
279059
279060
279061
279062
279063
279064
279065
279066
279067
279068
279069
279070
279071
279072
279073
279074
279075
279076
279077
279078
279079
279080
279081
279082
279083
279084
279085
279086
279087
279112
279113
279114
279115
279116
279117
279118
279119
279120
279121
279122
279123
279124
279125
279126
279127
279128
279129
279130
279131
279132
279133
279134
279135
279136
279137
279138
279139
279140
279141
279142
279143
279144
279145
279146
279147
279148
279149
279150
279151
279152
279153
279154
279155
279156
279157
279158
279159
279184
279185
279186
279187
279188
279189
279190
279191
279192
279193
279194
279195
279196
279197
279198
279199
279200
279201
279202
279203
279204
279205
279206
279207
279208
279209
279210
279211
279212
279213
279214
279215
279216
279217
279218
279219
279220
279221
279222
279223
279224
279225
279226
279227
279228
279229
279230
279231
279244
279245
279246
279247
279248
279249
279250
279251
279252
279253
279254
279255
279256
279257
279258
279259
279260
279261
279262
279263
279264
279265
279266
279267
279292
279293
279294
279295
279296
279297
279298
279299
279300
279301
279302
279303
279304
279305
279306
279307
279308
279309
279310
279311
279312
279313
279314
279315
279340
279341
279342
279343
279344
279345
279346
279347
279348
279349
279350
279351
279352
279353
279354
279355
279356
279357
279358
279359
279360
279361
279362
279363
279484
279485
279486
279487
279488
279489
279490
279491
279492
279493
279494
279495
279496
279497
279498
279499
279500
279501
279502
279503
279504
279505
279506
279507
279532
279533
279534
279535
279536
279537
279538
279539
279540
279541
279542
279543
279544
279545
279546
279547
279548
279549
279550
279551
279552
279553
279554
279555
279580
279581
279582
279583
279584
279585
279586
279587
279588
279589
279590
279591
279592
279593
279594
279595
279596
279597
279598
279599
279600
279601
279602
279603
279616
279617
279618
279619
279620
279621
279622
279623
279624
279625
279626
279627
279628
279629
279630
279631
279632
279633
279634
279635
279636
279637
279638
279639
279640
279641
279642
279643
279644
279645
279646
279647
279648
279649
279650
279651
279652
279653
279654
279655
279656
279657
279658
279659
279660
279661
279662
279663
279688
279689
279690
279691
279692
279693
279694
279695
279696
279697
279698
279699
279700
279701
279702
279703
279704
279705
279706
279707
279708
279709
279710
279711
279712
279713
279714
279715
279716
279717
279718
279719
279720
279721
279722
279723
279724
279725
279726
279727
279728
279729
279730
279731
279732
279733
279734
279735
279760
279761
279762
279763
279764
279765
279766
279767
279768
279769
279770
279771
279772
279773
279774
279775
279776
279777
279778
279779
279780
279781
279782
279783
279784
279785
279786
279787
279788
279789
279790
279791
279792
279793
279794
279795
279796
279797
279798
279799
279800
279801
279802
279803
279804
279805
279806
279807
279820
279821
279822
279823
279824
279825
279826
279827
279828
279829
279830
279831
279832
279833
279834
279835
279836
279837
279838
279839
279840
279841
279842
279843
279868
279869
279870
279871
279872
279873
279874
279875
279876
279877
279878
279879
279880
279881
279882
279883
279884
279885
279886
279887
279888
279889
279890
279891
279916
279917
279918
279919
279920
279921
279922
279923
279924
279925
279926
279927
279928
279929
279930
279931
279932
279933
279934
279935
279936
279937
279938
279939
280060
280061
280062
280063
280064
280065
280066
280067
280068
280069
280070
280071
280072
280073
280074
280075
280076
280077
280078
280079
280080
280081
280082
280083
280108
280109
280110
280111
280112
280113
280114
280115
280116
280117
280118
280119
280120
280121
280122
280123
280124
280125
280126
280127
280128
280129
280130
280131
280156
280157
280158
280159
280160
280161
280162
280163
280164
280165
280166
280167
280168
280169
280170
280171
280172
280173
280174
280175
280176
280177
280178
280179
280192
280193
280194
280195
280196
280197
280198
280199
280200
280201
280202
280203
280204
280205
280206
280207
280208
280209
280210
280211
280212
280213
280214
280215
280216
280217
280218
280219
280220
280221
280222
280223
280224
280225
280226
280227
280228
280229
280230
280231
280232
280233
280234
280235
280236
280237
280238
280239
280264
280265
280266
280267
280268
280269
280270
280271
280272
280273
280274
280275
280276
280277
280278
280279
280280
280281
280282
280283
280284
280285
280286
280287
280288
280289
280290
280291
280292
280293
280294
280295
280296
280297
280298
280299
280300
280301
280302
280303
280304
280305
280306
280307
280308
280309
280310
280311
280336
280337
280338
280339
280340
280341
280342
280343
280344
280345
280346
280347
280348
280349
280350
280351
280352
280353
280354
280355
280356
280357
280358
280359
280360
280361
280362
280363
280364
280365
280366
280367
280368
280369
280370
280371
280372
280373
280374
280375
280376
280377
280378
280379
280380
280381
280382
280383
280396
280397
280398
280399
280400
280401
280402
280403
280404
280405
280406
280407
280408
280409
280410
280411
280412
280413
280414
280415
280416
280417
280418
280419
280444
280445
280446
280447
280448
280449
280450
280451
280452
280453
280454
280455
280456
280457
280458
280459
280460
280461
280462
280463
280464
280465
280466
280467
280492
280493
280494
280495
280496
280497
280498
280499
280500
280501
280502
280503
280504
280505
280506
280507
280508
280509
280510
280511
280512
280513
280514
280515
280636
280637
280638
280639
280640
280641
280642
280643
280644
280645
280646
280647
280648
280649
280650
280651
280652
280653
280654
280655
280656
280657
280658
280659
280684
280685
280686
280687
280688
280689
280690
280691
280692
280693
280694
280695
280696
280697
280698
280699
280700
280701
280702
280703
280704
280705
280706
280707
280732
280733
280734
280735
280736
280737
280738
280739
280740
280741
280742
280743
280744
280745
280746
280747
280748
280749
280750
280751
280752
280753
280754
280755
280768
280769
280770
280771
280772
280773
280774
280775
280776
280777
280778
280779
280780
280781
280782
280783
280784
280785
280786
280787
280788
280789
280790
280791
280792
280793
280794
280795
280796
280797
280798
280799
280800
280801
280802
280803
280804
280805
280806
280807
280808
280809
280810
280811
280812
280813
280814
280815
280840
280841
280842
280843
280844
280845
280846
280847
280848
280849
280850
280851
280852
280853
280854
280855
280856
280857
280858
280859
280860
280861
280862
280863
280864
280865
280866
280867
280868
280869
280870
280871
280872
280873
280874
280875
280876
280877
280878
280879
280880
280881
280882
280883
280884
280885
280886
280887
280912
280913
280914
280915
280916
280917
280918
280919
280920
280921
280922
280923
280924
280925
280926
280927
280928
280929
280930
280931
280932
280933
280934
280935
280936
280937
280938
280939
280940
280941
280942
280943
280944
280945
280946
280947
280948
280949
280950
280951
280952
280953
280954
280955
280956
280957
280958
280959
280972
280973
280974
280975
280976
280977
280978
280979
280980
280981
280982
280983
280984
280985
280986
280987
280988
280989
280990
280991
280992
280993
280994
280995
281020
281021
281022
281023
281024
281025
281026
281027
281028
281029
281030
281031
281032
281033
281034
281035
281036
281037
281038
281039
281040
281041
281042
281043
281068
281069
281070
281071
281072
281073
281074
281075
281076
281077
281078
281079
281080
281081
281082
281083
281084
281085
281086
281087
281088
281089
281090
281091
281212
281213
281214
281215
281216
281217
281218
281219
281220
281221
281222
281223
281224
281225
281226
281227
281228
281229
281230
281231
281232
281233
281234
281235
281260
281261
281262
281263
281264
281265
281266
281267
281268
281269
281270
281271
281272
281273
281274
281275
281276
281277
281278
281279
281280
281281
281282
281283
281308
281309
281310
281311
281312
281313
281314
281315
281316
281317
281318
281319
281320
281321
281322
281323
281324
281325
281326
281327
281328
281329
281330
281331
281344
281345
281346
281347
281348
281349
281350
281351
281352
281353
281354
281355
281356
281357
281358
281359
281360
281361
281362
281363
281364
281365
281366
281367
281368
281369
281370
281371
281372
281373
281374
281375
281376
281377
281378
281379
281380
281381
281382
281383
281384
281385
281386
281387
281388
281389
281390
281391
281416
281417
281418
281419
281420
281421
281422
281423
281424
281425
281426
281427
281428
281429
281430
281431
281432
281433
281434
281435
281436
281437
281438
281439
281440
281441
281442
281443
281444
281445
281446
281447
281448
281449
281450
281451
281452
281453
281454
281455
281456
281457
281458
281459
281460
281461
281462
281463
281488
281489
281490
281491
281492
281493
281494
281495
281496
281497
281498
281499
281500
281501
281502
281503
281504
281505
281506
281507
281508
281509
281510
281511
281512
281513
281514
281515
281516
281517
281518
281519
281520
281521
281522
281523
281524
281525
281526
281527
281528
281529
281530
281531
281532
281533
281534
281535
281548
281549
281550
281551
281552
281553
281554
281555
281556
281557
281558
281559
281560
281561
281562
281563
281564
281565
281566
281567
281568
281569
281570
281571
281596
281597
281598
281599
281600
281601
281602
281603
281604
281605
281606
281607
281608
281609
281610
281611
281612
281613
281614
281615
281616
281617
281618
281619
281644
281645
281646
281647
281648
281649
281650
281651
281652
281653
281654
281655
281656
281657
281658
281659
281660
281661
281662
281663
281664
281665
281666
281667
281788
281789
281790
281791
281792
281793
281794
281795
281796
281797
281798
281799
281800
281801
281802
281803
281804
281805
281806
281807
281808
281809
281810
281811
281836
281837
281838
281839
281840
281841
281842
281843
281844
281845
281846
281847
281848
281849
281850
281851
281852
281853
281854
281855
281856
281857
281858
281859
281884
281885
281886
281887
281888
281889
281890
281891
281892
281893
281894
281895
281896
281897
281898
281899
281900
281901
281902
281903
281904
281905
281906
281907
281920
281921
281922
281923
281924
281925
281926
281927
281928
281929
281930
281931
281932
281933
281934
281935
281936
281937
281938
281939
281940
281941
281942
281943
281944
281945
281946
281947
281948
281949
281950
281951
281952
281953
281954
281955
281956
281957
281958
281959
281960
281961
281962
281963
281964
281965
281966
281967
281992
281993
281994
281995
281996
281997
281998
281999
282000
282001
282002
282003
282004
282005
282006
282007
282008
282009
282010
282011
282012
282013
282014
282015
282016
282017
282018
282019
282020
282021
282022
282023
282024
282025
282026
282027
282028
282029
282030
282031
282032
282033
282034
282035
282036
282037
282038
282039
282064
282065
282066
282067
282068
282069
282070
282071
282072
282073
282074
282075
282076
282077
282078
282079
282080
282081
282082
282083
282084
282085
282086
282087
282088
282089
282090
282091
282092
282093
282094
282095
282096
282097
282098
282099
282100
282101
282102
282103
282104
282105
282106
282107
282108
282109
282110
282111
282124
282125
282126
282127
282128
282129
282130
282131
282132
282133
282134
282135
282136
282137
282138
282139
282140
282141
282142
282143
282144
282145
282146
282147
282172
282173
282174
282175
282176
282177
282178
282179
282180
282181
282182
282183
282184
282185
282186
282187
282188
282189
282190
282191
282192
282193
282194
282195
282220
282221
282222
282223
282224
282225
282226
282227
282228
282229
282230
282231
282232
282233
282234
282235
282236
282237
282238
282239
282240
282241
282242
282243
282364
282365
282366
282367
282368
282369
282370
282371
282372
282373
282374
282375
282376
282377
282378
282379
282380
282381
282382
282383
282384
282385
282386
282387
282412
282413
282414
282415
282416
282417
282418
282419
282420
282421
282422
282423
282424
282425
282426
282427
282428
282429
282430
282431
282432
282433
282434
282435
282460
282461
282462
282463
282464
282465
282466
282467
282468
282469
282470
282471
282472
282473
282474
282475
282476
282477
282478
282479
282480
282481
282482
282483
282496
282497
282498
282499
282500
282501
282502
282503
282504
282505
282506
282507
282508
282509
282510
282511
282512
282513
282514
282515
282516
282517
282518
282519
282520
282521
282522
282523
282524
282525
282526
282527
282528
282529
282530
282531
282532
282533
282534
282535
282536
282537
282538
282539
282540
282541
282542
282543
282568
282569
282570
282571
282572
282573
282574
282575
282576
282577
282578
282579
282580
282581
282582
282583
282584
282585
282586
282587
282588
282589
282590
282591
282592
282593
282594
282595
282596
282597
282598
282599
282600
282601
282602
282603
282604
282605
282606
282607
282608
282609
282610
282611
282612
282613
282614
282615
282640
282641
282642
282643
282644
282645
282646
282647
282648
282649
282650
282651
282652
282653
282654
282655
282656
282657
282658
282659
282660
282661
282662
282663
282664
282665
282666
282667
282668
282669
282670
282671
282672
282673
282674
282675
282676
282677
282678
282679
282680
282681
282682
282683
282684
282685
282686
282687
282700
282701
282702
282703
282704
282705
282706
282707
282708
282709
282710
282711
282712
282713
282714
282715
282716
282717
282718
282719
282720
282721
282722
282723
282748
282749
282750
282751
282752
282753
282754
282755
282756
282757
282758
282759
282760
282761
282762
282763
282764
282765
282766
282767
282768
282769
282770
282771
282796
282797
282798
282799
282800
282801
282802
282803
282804
282805
282806
282807
282808
282809
282810
282811
282812
282813
282814
282815
282816
282817
282818
282819
282940
282941
282942
282943
282944
282945
282946
282947
282948
282949
282950
282951
282952
282953
282954
282955
282956
282957
282958
282959
282960
282961
282962
282963
282988
282989
282990
282991
282992
282993
282994
282995
282996
282997
282998
282999
283000
283001
283002
283003
283004
283005
283006
283007
283008
283009
283010
283011
283036
283037
283038
283039
283040
283041
283042
283043
283044
283045
283046
283047
283048
283049
283050
283051
283052
283053
283054
283055
283056
283057
283058
283059
283072
283073
283074
283075
283076
283077
283078
283079
283080
283081
283082
283083
283084
283085
283086
283087
283088
283089
283090
283091
283092
283093
283094
283095
283096
283097
283098
283099
283100
283101
283102
283103
283104
283105
283106
283107
283108
283109
283110
283111
283112
283113
283114
283115
283116
283117
283118
283119
283144
283145
283146
283147
283148
283149
283150
283151
283152
283153
283154
283155
283156
283157
283158
283159
283160
283161
283162
283163
283164
283165
283166
283167
283168
283169
283170
283171
283172
283173
283174
283175
283176
283177
283178
283179
283180
283181
283182
283183
283184
283185
283186
283187
283188
283189
283190
283191
283216
283217
283218
283219
283220
283221
283222
283223
283224
283225
283226
283227
283228
283229
283230
283231
283232
283233
283234
283235
283236
283237
283238
283239
283240
283241
283242
283243
283244
283245
283246
283247
283248
283249
283250
283251
283252
283253
283254
283255
283256
283257
283258
283259
283260
283261
283262
283263
283276
283277
283278
283279
283280
283281
283282
283283
283284
283285
283286
283287
283288
283289
283290
283291
283292
283293
283294
283295
283296
283297
283298
283299
283324
283325
283326
283327
283328
283329
283330
283331
283332
283333
283334
283335
283336
283337
283338
283339
283340
283341
283342
283343
283344
283345
283346
283347
283372
283373
283374
283375
283376
283377
283378
283379
283380
283381
283382
283383
283384
283385
283386
283387
283388
283389
283390
283391
283392
283393
283394
283395
283516
283517
283518
283519
283520
283521
283522
283523
283524
283525
283526
283527
283528
283529
283530
283531
283532
283533
283534
283535
283536
283537
283538
283539
283564
283565
283566
283567
283568
283569
283570
283571
283572
283573
283574
283575
283576
283577
283578
283579
283580
283581
283582
283583
283584
283585
283586
283587
283612
283613
283614
283615
283616
283617
283618
283619
283620
283621
283622
283623
283624
283625
283626
283627
283628
283629
283630
283631
283632
283633
283634
283635
283648
283649
283650
283651
283652
283653
283654
283655
283656
283657
283658
283659
283660
283661
283662
283663
283664
283665
283666
283667
283668
283669
283670
283671
283672
283673
283674
283675
283676
283677
283678
283679
283680
283681
283682
283683
283684
283685
283686
283687
283688
283689
283690
283691
283692
283693
283694
283695
283720
283721
283722
283723
283724
283725
283726
283727
283728
283729
283730
283731
283732
283733
283734
283735
283736
283737
283738
283739
283740
283741
283742
283743
283744
283745
283746
283747
283748
283749
283750
283751
283752
283753
283754
283755
283756
283757
283758
283759
283760
283761
283762
283763
283764
283765
283766
283767
283792
283793
283794
283795
283796
283797
283798
283799
283800
283801
283802
283803
283804
283805
283806
283807
283808
283809
283810
283811
283812
283813
283814
283815
283816
283817
283818
283819
283820
283821
283822
283823
283824
283825
283826
283827
283828
283829
283830
283831
283832
283833
283834
283835
283836
283837
283838
283839
283852
283853
283854
283855
283856
283857
283858
283859
283860
283861
283862
283863
283864
283865
283866
283867
283868
283869
283870
283871
283872
283873
283874
283875
283900
283901
283902
283903
283904
283905
283906
283907
283908
283909
283910
283911
283912
283913
283914
283915
283916
283917
283918
283919
283920
283921
283922
283923
283948
283949
283950
283951
283952
283953
283954
283955
283956
283957
283958
283959
283960
283961
283962
283963
283964
283965
283966
283967
283968
283969
283970
283971
284092
284093
284094
284095
284096
284097
284098
284099
284100
284101
284102
284103
284104
284105
284106
284107
284108
284109
284110
284111
284112
284113
284114
284115
284140
284141
284142
284143
284144
284145
284146
284147
284148
284149
284150
284151
284152
284153
284154
284155
284156
284157
284158
284159
284160
284161
284162
284163
284188
284189
284190
284191
284192
284193
284194
284195
284196
284197
284198
284199
284200
284201
284202
284203
284204
284205
284206
284207
284208
284209
284210
284211
284224
284225
284226
284227
284228
284229
284230
284231
284232
284233
284234
284235
284236
284237
284238
284239
284240
284241
284242
284243
284244
284245
284246
284247
284248
284249
284250
284251
284252
284253
284254
284255
284256
284257
284258
284259
284260
284261
284262
284263
284264
284265
284266
284267
284268
284269
284270
284271
284296
284297
284298
284299
284300
284301
284302
284303
284304
284305
284306
284307
284308
284309
284310
284311
284312
284313
284314
284315
284316
284317
284318
284319
284320
284321
284322
284323
284324
284325
284326
284327
284328
284329
284330
284331
284332
284333
284334
284335
284336
284337
284338
284339
284340
284341
284342
284343
284368
284369
284370
284371
284372
284373
284374
284375
284376
284377
284378
284379
284380
284381
284382
284383
284384
284385
284386
284387
284388
284389
284390
284391
284392
284393
284394
284395
284396
284397
284398
284399
284400
284401
284402
284403
284404
284405
284406
284407
284408
284409
284410
284411
284412
284413
284414
284415
284428
284429
284430
284431
284432
284433
284434
284435
284436
284437
284438
284439
284440
284441
284442
284443
284444
284445
284446
284447
284448
284449
284450
284451
284476
284477
284478
284479
284480
284481
284482
284483
284484
284485
284486
284487
284488
284489
284490
284491
284492
284493
284494
284495
284496
284497
284498
284499
284524
284525
284526
284527
284528
284529
284530
284531
284532
284533
284534
284535
284536
284537
284538
284539
284540
284541
284542
284543
284544
284545
284546
284547
284668
284669
284670
284671
284672
284673
284674
284675
284676
284677
284678
284679
284680
284681
284682
284683
284684
284685
284686
284687
284688
284689
284690
284691
284716
284717
284718
284719
284720
284721
284722
284723
284724
284725
284726
284727
284728
284729
284730
284731
284732
284733
284734
284735
284736
284737
284738
284739
284764
284765
284766
284767
284768
284769
284770
284771
284772
284773
284774
284775
284776
284777
284778
284779
284780
284781
284782
284783
284784
284785
284786
284787
284800
284801
284802
284803
284804
284805
284806
284807
284808
284809
284810
284811
284812
284813
284814
284815
284816
284817
284818
284819
284820
284821
284822
284823
284824
284825
284826
284827
284828
284829
284830
284831
284832
284833
284834
284835
284836
284837
284838
284839
284840
284841
284842
284843
284844
284845
284846
284847
284872
284873
284874
284875
284876
284877
284878
284879
284880
284881
284882
284883
284884
284885
284886
284887
284888
284889
284890
284891
284892
284893
284894
284895
284896
284897
284898
284899
284900
284901
284902
284903
284904
284905
284906
284907
284908
284909
284910
284911
284912
284913
284914
284915
284916
284917
284918
284919
284944
284945
284946
284947
284948
284949
284950
284951
284952
284953
284954
284955
284956
284957
284958
284959
284960
284961
284962
284963
284964
284965
284966
284967
284968
284969
284970
284971
284972
284973
284974
284975
284976
284977
284978
284979
284980
284981
284982
284983
284984
284985
284986
284987
284988
284989
284990
284991
285004
285005
285006
285007
285008
285009
285010
285011
285012
285013
285014
285015
285016
285017
285018
285019
285020
285021
285022
285023
285024
285025
285026
285027
285052
285053
285054
285055
285056
285057
285058
285059
285060
285061
285062
285063
285064
285065
285066
285067
285068
285069
285070
285071
285072
285073
285074
285075
285100
285101
285102
285103
285104
285105
285106
285107
285108
285109
285110
285111
285112
285113
285114
285115
285116
285117
285118
285119
285120
285121
285122
285123
285244
285245
285246
285247
285248
285249
285250
285251
285252
285253
285254
285255
285256
285257
285258
285259
285260
285261
285262
285263
285264
285265
285266
285267
285292
285293
285294
285295
285296
285297
285298
285299
285300
285301
285302
285303
285304
285305
285306
285307
285308
285309
285310
285311
285312
285313
285314
285315
285340
285341
285342
285343
285344
285345
285346
285347
285348
285349
285350
285351
285352
285353
285354
285355
285356
285357
285358
285359
285360
285361
285362
285363
285376
285377
285378
285379
285380
285381
285382
285383
285384
285385
285386
285387
285388
285389
285390
285391
285392
285393
285394
285395
285396
285397
285398
285399
285400
285401
285402
285403
285404
285405
285406
285407
285408
285409
285410
285411
285412
285413
285414
285415
285416
285417
285418
285419
285420
285421
285422
285423
285448
285449
285450
285451
285452
285453
285454
285455
285456
285457
285458
285459
285460
285461
285462
285463
285464
285465
285466
285467
285468
285469
285470
285471
285472
285473
285474
285475
285476
285477
285478
285479
285480
285481
285482
285483
285484
285485
285486
285487
285488
285489
285490
285491
285492
285493
285494
285495
285520
285521
285522
285523
285524
285525
285526
285527
285528
285529
285530
285531
285532
285533
285534
285535
285536
285537
285538
285539
285540
285541
285542
285543
285544
285545
285546
285547
285548
285549
285550
285551
285552
285553
285554
285555
285556
285557
285558
285559
285560
285561
285562
285563
285564
285565
285566
285567
285580
285581
285582
285583
285584
285585
285586
285587
285588
285589
285590
285591
285592
285593
285594
285595
285596
285597
285598
285599
285600
285601
285602
285603
285628
285629
285630
285631
285632
285633
285634
285635
285636
285637
285638
285639
285640
285641
285642
285643
285644
285645
285646
285647
285648
285649
285650
285651
285676
285677
285678
285679
285680
285681
285682
285683
285684
285685
285686
285687
285688
285689
285690
285691
285692
285693
285694
285695
285696
285697
285698
285699
285820
285821
285822
285823
285824
285825
285826
285827
285828
285829
285830
285831
285832
285833
285834
285835
285836
285837
285838
285839
285840
285841
285842
285843
285868
285869
285870
285871
285872
285873
285874
285875
285876
285877
285878
285879
285880
285881
285882
285883
285884
285885
285886
285887
285888
285889
285890
285891
285916
285917
285918
285919
285920
285921
285922
285923
285924
285925
285926
285927
285928
285929
285930
285931
285932
285933
285934
285935
285936
285937
285938
285939
285952
285953
285954
285955
285956
285957
285958
285959
285960
285961
285962
285963
285964
285965
285966
285967
285968
285969
285970
285971
285972
285973
285974
285975
285976
285977
285978
285979
285980
285981
285982
285983
285984
285985
285986
285987
285988
285989
285990
285991
285992
285993
285994
285995
285996
285997
285998
285999
286024
286025
286026
286027
286028
286029
286030
286031
286032
286033
286034
286035
286036
286037
286038
286039
286040
286041
286042
286043
286044
286045
286046
286047
286048
286049
286050
286051
286052
286053
286054
286055
286056
286057
286058
286059
286060
286061
286062
286063
286064
286065
286066
286067
286068
286069
286070
286071
286096
286097
286098
286099
286100
286101
286102
286103
286104
286105
286106
286107
286108
286109
286110
286111
286112
286113
286114
286115
286116
286117
286118
286119
286120
286121
286122
286123
286124
286125
286126
286127
286128
286129
286130
286131
286132
286133
286134
286135
286136
286137
286138
286139
286140
286141
286142
286143
286156
286157
286158
286159
286160
286161
286162
286163
286164
286165
286166
286167
286168
286169
286170
286171
286172
286173
286174
286175
286176
286177
286178
286179
286204
286205
286206
286207
286208
286209
286210
286211
286212
286213
286214
286215
286216
286217
286218
286219
286220
286221
286222
286223
286224
286225
286226
286227
286252
286253
286254
286255
286256
286257
286258
286259
286260
286261
286262
286263
286264
286265
286266
286267
286268
286269
286270
286271
286272
286273
286274
286275
286396
286397
286398
286399
286400
286401
286402
286403
286404
286405
286406
286407
286408
286409
286410
286411
286412
286413
286414
286415
286416
286417
286418
286419
286444
286445
286446
286447
286448
286449
286450
286451
286452
286453
286454
286455
286456
286457
286458
286459
286460
286461
286462
286463
286464
286465
286466
286467
286492
286493
286494
286495
286496
286497
286498
286499
286500
286501
286502
286503
286504
286505
286506
286507
286508
286509
286510
286511
286512
286513
286514
286515
286528
286529
286530
286531
286532
286533
286534
286535
286536
286537
286538
286539
286540
286541
286542
286543
286544
286545
286546
286547
286548
286549
286550
286551
286552
286553
286554
286555
286556
286557
286558
286559
286560
286561
286562
286563
286564
286565
286566
286567
286568
286569
286570
286571
286572
286573
286574
286575
286600
286601
286602
286603
286604
286605
286606
286607
286608
286609
286610
286611
286612
286613
286614
286615
286616
286617
286618
286619
286620
286621
286622
286623
286624
286625
286626
286627
286628
286629
286630
286631
286632
286633
286634
286635
286636
286637
286638
286639
286640
286641
286642
286643
286644
286645
286646
286647
286672
286673
286674
286675
286676
286677
286678
286679
286680
286681
286682
286683
286684
286685
286686
286687
286688
286689
286690
286691
286692
286693
286694
286695
286696
286697
286698
286699
286700
286701
286702
286703
286704
286705
286706
286707
286708
286709
286710
286711
286712
286713
286714
286715
286716
286717
286718
286719
286732
286733
286734
286735
286736
286737
286738
286739
286740
286741
286742
286743
286744
286745
286746
286747
286748
286749
286750
286751
286752
286753
286754
286755
286780
286781
286782
286783
286784
286785
286786
286787
286788
286789
286790
286791
286792
286793
286794
286795
286796
286797
286798
286799
286800
286801
286802
286803
286828
286829
286830
286831
286832
286833
286834
286835
286836
286837
286838
286839
286840
286841
286842
286843
286844
286845
286846
286847
286848
286849
286850
286851
286972
286973
286974
286975
286976
286977
286978
286979
286980
286981
286982
286983
286984
286985
286986
286987
286988
286989
286990
286991
286992
286993
286994
286995
287020
287021
287022
287023
287024
287025
287026
287027
287028
287029
287030
287031
287032
287033
287034
287035
287036
287037
287038
287039
287040
287041
287042
287043
287068
287069
287070
287071
287072
287073
287074
287075
287076
287077
287078
287079
287080
287081
287082
287083
287084
287085
287086
287087
287088
287089
287090
287091
287104
287105
287106
287107
287108
287109
287110
287111
287112
287113
287114
287115
287116
287117
287118
287119
287120
287121
287122
287123
287124
287125
287126
287127
287128
287129
287130
287131
287132
287133
287134
287135
287136
287137
287138
287139
287140
287141
287142
287143
287144
287145
287146
287147
287148
287149
287150
287151
287176
287177
287178
287179
287180
287181
287182
287183
287184
287185
287186
287187
287188
287189
287190
287191
287192
287193
287194
287195
287196
287197
287198
287199
287200
287201
287202
287203
287204
287205
287206
287207
287208
287209
287210
287211
287212
287213
287214
287215
287216
287217
287218
287219
287220
287221
287222
287223
287248
287249
287250
287251
287252
287253
287254
287255
287256
287257
287258
287259
287260
287261
287262
287263
287264
287265
287266
287267
287268
287269
287270
287271
287272
287273
287274
287275
287276
287277
287278
287279
287280
287281
287282
287283
287284
287285
287286
287287
287288
287289
287290
287291
287292
287293
287294
287295
287308
287309
287310
287311
287312
287313
287314
287315
287316
287317
287318
287319
287320
287321
287322
287323
287324
287325
287326
287327
287328
287329
287330
287331
287356
287357
287358
287359
287360
287361
287362
287363
287364
287365
287366
287367
287368
287369
287370
287371
287372
287373
287374
287375
287376
287377
287378
287379
287404
287405
287406
287407
287408
287409
287410
287411
287412
287413
287414
287415
287416
287417
287418
287419
287420
287421
287422
287423
287424
287425
287426
287427
287548
287549
287550
287551
287552
287553
287554
287555
287556
287557
287558
287559
287560
287561
287562
287563
287564
287565
287566
287567
287568
287569
287570
287571
287596
287597
287598
287599
287600
287601
287602
287603
287604
287605
287606
287607
287608
287609
287610
287611
287612
287613
287614
287615
287616
287617
287618
287619
287644
287645
287646
287647
287648
287649
287650
287651
287652
287653
287654
287655
287656
287657
287658
287659
287660
287661
287662
287663
287664
287665
287666
287667
287680
287681
287682
287683
287684
287685
287686
287687
287688
287689
287690
287691
287692
287693
287694
287695
287696
287697
287698
287699
287700
287701
287702
287703
287704
287705
287706
287707
287708
287709
287710
287711
287712
287713
287714
287715
287716
287717
287718
287719
287720
287721
287722
287723
287724
287725
287726
287727
287752
287753
287754
287755
287756
287757
287758
287759
287760
287761
287762
287763
287764
287765
287766
287767
287768
287769
287770
287771
287772
287773
287774
287775
287776
287777
287778
287779
287780
287781
287782
287783
287784
287785
287786
287787
287788
287789
287790
287791
287792
287793
287794
287795
287796
287797
287798
287799
287824
287825
287826
287827
287828
287829
287830
287831
287832
287833
287834
287835
287836
287837
287838
287839
287840
287841
287842
287843
287844
287845
287846
287847
287848
287849
287850
287851
287852
287853
287854
287855
287856
287857
287858
287859
287860
287861
287862
287863
287864
287865
287866
287867
287868
287869
287870
287871
287884
287885
287886
287887
287888
287889
287890
287891
287892
287893
287894
287895
287896
287897
287898
287899
287900
287901
287902
287903
287904
287905
287906
287907
287932
287933
287934
287935
287936
287937
287938
287939
287940
287941
287942
287943
287944
287945
287946
287947
287948
287949
287950
287951
287952
287953
287954
287955
287980
287981
287982
287983
287984
287985
287986
287987
287988
287989
287990
287991
287992
287993
287994
287995
287996
287997
287998
287999
288000
288001
288002
288003
288124
288125
288126
288127
288128
288129
288130
288131
288132
288133
288134
288135
288136
288137
288138
288139
288140
288141
288142
288143
288144
288145
288146
288147
288172
288173
288174
288175
288176
288177
288178
288179
288180
288181
288182
288183
288184
288185
288186
288187
288188
288189
288190
288191
288192
288193
288194
288195
288220
288221
288222
288223
288224
288225
288226
288227
288228
288229
288230
288231
288232
288233
288234
288235
288236
288237
288238
288239
288240
288241
288242
288243
288256
288257
288258
288259
288260
288261
288262
288263
288264
288265
288266
288267
288268
288269
288270
288271
288272
288273
288274
288275
288276
288277
288278
288279
288280
288281
288282
288283
288284
288285
288286
288287
288288
288289
288290
288291
288292
288293
288294
288295
288296
288297
288298
288299
288300
288301
288302
288303
288328
288329
288330
288331
288332
288333
288334
288335
288336
288337
288338
288339
288340
288341
288342
288343
288344
288345
288346
288347
288348
288349
288350
288351
288352
288353
288354
288355
288356
288357
288358
288359
288360
288361
288362
288363
288364
288365
288366
288367
288368
288369
288370
288371
288372
288373
288374
288375
288400
288401
288402
288403
288404
288405
288406
288407
288408
288409
288410
288411
288412
288413
288414
288415
288416
288417
288418
288419
288420
288421
288422
288423
288424
288425
288426
288427
288428
288429
288430
288431
288432
288433
288434
288435
288436
288437
288438
288439
288440
288441
288442
288443
288444
288445
288446
288447
288460
288461
288462
288463
288464
288465
288466
288467
288468
288469
288470
288471
288472
288473
288474
288475
288476
288477
288478
288479
288480
288481
288482
288483
288508
288509
288510
288511
288512
288513
288514
288515
288516
288517
288518
288519
288520
288521
288522
288523
288524
288525
288526
288527
288528
288529
288530
288531
288556
288557
288558
288559
288560
288561
288562
288563
288564
288565
288566
288567
288568
288569
288570
288571
288572
288573
288574
288575
288576
288577
288578
288579
288700
288701
288702
288703
288704
288705
288706
288707
288708
288709
288710
288711
288712
288713
288714
288715
288716
288717
288718
288719
288720
288721
288722
288723
288748
288749
288750
288751
288752
288753
288754
288755
288756
288757
288758
288759
288760
288761
288762
288763
288764
288765
288766
288767
288768
288769
288770
288771
288796
288797
288798
288799
288800
288801
288802
288803
288804
288805
288806
288807
288808
288809
288810
288811
288812
288813
288814
288815
288816
288817
288818
288819
288832
288833
288834
288835
288836
288837
288838
288839
288840
288841
288842
288843
288844
288845
288846
288847
288848
288849
288850
288851
288852
288853
288854
288855
288856
288857
288858
288859
288860
288861
288862
288863
288864
288865
288866
288867
288868
288869
288870
288871
288872
288873
288874
288875
288876
288877
288878
288879
288904
288905
288906
288907
288908
288909
288910
288911
288912
288913
288914
288915
288916
288917
288918
288919
288920
288921
288922
288923
288924
288925
288926
288927
288928
288929
288930
288931
288932
288933
288934
288935
288936
288937
288938
288939
288940
288941
288942
288943
288944
288945
288946
288947
288948
288949
288950
288951
288976
288977
288978
288979
288980
288981
288982
288983
288984
288985
288986
288987
288988
288989
288990
288991
288992
288993
288994
288995
288996
288997
288998
288999
289000
289001
289002
289003
289004
289005
289006
289007
289008
289009
289010
289011
289012
289013
289014
289015
289016
289017
289018
289019
289020
289021
289022
289023
289036
289037
289038
289039
289040
289041
289042
289043
289044
289045
289046
289047
289048
289049
289050
289051
289052
289053
289054
289055
289056
289057
289058
289059
289084
289085
289086
289087
289088
289089
289090
289091
289092
289093
289094
289095
289096
289097
289098
289099
289100
289101
289102
289103
289104
289105
289106
289107
289132
289133
289134
289135
289136
289137
289138
289139
289140
289141
289142
289143
289144
289145
289146
289147
289148
289149
289150
289151
289152
289153
289154
289155
289276
289277
289278
289279
289280
289281
289282
289283
289284
289285
289286
289287
289288
289289
289290
289291
289292
289293
289318
289319
289320
289321
289322
289323
289324
289325
289326
289327
289328
289329
289330
289331
289332
289333
289334
289335
289360
289361
289362
289363
289364
289365
289366
289367
289368
289369
289370
289371
289372
289373
289374
289375
289376
289377
289390
289391
289392
289393
289394
289395
289396
289397
289398
289399
289400
289401
289402
289403
289404
289405
289406
289407
289408
289409
289410
289411
289412
289413
289414
289415
289416
289417
289418
289419
289420
289421
289422
289423
289424
289425
289450
289451
289452
289453
289454
289455
289456
289457
289458
289459
289460
289461
289462
289463
289464
289465
289466
289467
289468
289469
289470
289471
289472
289473
289474
289475
289476
289477
289478
289479
289480
289481
289482
289483
289484
289485
289510
289511
289512
289513
289514
289515
289516
289517
289518
289519
289520
289521
289522
289523
289524
289525
289526
289527
289528
289529
289530
289531
289532
289533
289534
289535
289536
289537
289538
289539
289540
289541
289542
289543
289544
289545
289558
289559
289560
289561
289562
289563
289564
289565
289566
289567
289568
289569
289570
289571
289572
289573
289574
289575
289600
289601
289602
289603
289604
289605
289606
289607
289608
289609
289610
289611
289612
289613
289614
289615
289616
289617
289642
289643
289644
289645
289646
289647
289648
289649
289650
289651
289652
289653
289654
289655
289656
289657
289658
289659
-106137
-106143
-106149
-106155
-106161
-106268
-106276
-106281
-106287
-106293
-106299
-106305
-106311
-106317
-106322
-106420
-106425
-106430
-106436
-106442
-106448
-106454
-106460
-106466
-106472
-106479
-106485
-106490
-106565
-106573
-106577
-106583
-106589
-106595
-106601
-106607
-106613
-106619
-106625
-106631
-106637
-106643
-106650
-106655
-106730
-106734
-106740
-106746
-106752
-106758
-106764
-106770
-106776
-106782
-106788
-106794
-106800
-106806
-106812
-106819
-106824
-106890
-106894
-106900
-106906
-106912
-106918
-106924
-106930
-106936
-106942
-106948
-106954
-106960
-106966
-106972
-106978
-106984
-106991
-106996
-107051
-107058
-107063
-107069
-107075
-107081
-107087
-107093
-107099
-107105
-107111
-107117
-107123
-107129
-107135
-107141
-107147
-107153
-107159
-107165
-107225
-107229
-107235
-107241
-107247
-107253
-107259
-107265
-107271
-107277
-107283
-107289
-107295
-107301
-107307
-107313
-107319
-107325
-107331
-107338
-107343
-107396
-107401
-107407
-107413
-107419
-107425
-107431
-107437
-107443
-107449
-107455
-107461
-107467
-107473
-107479
-107485
-107491
-107497
-107503
-107509
-107515
-107562
-107569
-107574
-107580
-107586
-107592
-107598
-107604
-107610
-107616
-107622
-107628
-107634
-107640
-107646
-107652
-107658
-107664
-107670
-107676
-107682
-107692
-107735
-107742
-107747
-107753
-107759
-107765
-107771
-107777
-107783
-107789
-107795
-107801
-107807
-107813
-107819
-107825
-107831
-107837
-107843
-107849
-107855
-107861
-107908
-107915
-107920
-107926
-107932
-107938
-107944
-107950
-107956
-107962
-107968
-107974
-107980
-107986
-107992
-107998
-108004
-108010
-108016
-108022
-108028
-108038
-108081
-108088
-108093
-108099
-108105
-108111
-108117
-108123
-108129
-108135
-108141
-108147
-108153
-108159
-108165
-108171
-108177
-108183
-108189
-108195
-108201
-108207
-108254
-108260
-108266
-108272
-108278
-108284
-108290
-108296
-108302
-108308
-108314
-108320
-108326
-108332
-108338
-108344
-108350
-108356
-108362
-108368
-108374
-108380
-108433
-108439
-108445
-108451
-108457
-108463
-108469
-108475
-108481
-108487
-108493
-108499
-108505
-108511
-108517
-108523
-108529
-108535
-108541
-108547
-108557
-108607
-108614
-108619
-108625
-108631
-108637
-108643
-108649
-108655
-108661
-108667
-108673
-108679
-108685
-108691
-108697
-108703
-108709
-108715
-108721
-108785
-108790
-108796
-108802
-108808
-108814
-108820
-108826
-108832
-108838
-108844
-108850
-108856
-108862
-108868
-108874
-108880
-108886
-108892
-108956
-108959
-108964
-108970
-108976
-108982
-108988
-108994
-109000
-109006
-109012
-109018
-109024
-109030
-109036
-109042
-109048
-109054
-109123
-109130
-109135
-109141
-109147
-109153
-109159
-109165
-109171
-109177
-109183
-109189
-109195
-109201
-109207
-109213
-109219
-109291
-109298
-109303
-109309
-109315
-109321
-109327
-109333
-109339
-109345
-109351
-109357
-109363
-109369
-109375
-109461
-109467
-109470
-109475
-109481
-109487
-109493
-109499
-109505
-109511
-109517
-109523
-109623
-109629
-109635
-109641
-109647
-109653
-109659
-109665
136352
136355
136371
136373
136376
136392
136394
136397
136416
136418
136421
136440
136442
136445
136461
136463
136466
136484
136487
136505
136507
136580
136583
136598
136601
136603
136624
136627
136631
136652
136655
136728
136742
136745
136747
136768
136772
136794
136845
136859
136862
136864
136883
136885
136889
136911
136973
136976
136978
136999
137003
137066
137072
137093
137180
137183
137185
137204
137206
137210
137291
137297
137318
137381
137385
137387
137407
137411
137471
137475
137477
137494
137498
137501
137520
137524
137527
137570
137574
137576
137593
137598
137600
137619
137624
137627
137645
137652
137669
137671
137717
137724
137788
137792
137794
137815
137819
137823
137867
137959
137963
138048
138053
138056
138076
138080
138084
138143
138166
138173
138193
138197
138286
138290
138294
138311
138404
138428
138435
138452
138456
138459
138476
138479
138482
138500
138503
138506
138524
138528
138531
138548
138552
138572
-139737
-139740
-139745
-139914
-139917
-139922
-140127
-140307
-140313
-140403
-140410
-140445
-140658
-140682
-140686
-140689
242832
242835
242838
242853
242856
242859
242871
242874
242877
242889
242892
242895
242907
242910
242913
242925
242928
242931
242946
242949
242952
242962
242965
242967
242982
242985
242988
243000
243003
243006
243018
243021
243024
243036
243039
243042
243054
243057
243060
243072
243075
243078
243090
243093
243096
243108
243111
243114
243126
243129
243132
243144
243147
243150
243162
243165
243168
243181
243184
243186
243216
243219
243222
243234
243237
243240
243252
243255
243258
243270
243273
243276
243288
243291
243294
243306
243309
243312
243324
243327
243330
243342
243345
243348
243360
243363
243366
243378
243381
243384
243396
243399
243402
243414
243417
243420
243432
243435
243438
243451
243454
243456
243471
243474
243477
243489
243492
243495
243507
243510
243513
243525
243528
243531
243543
243546
243549
243561
243564
243567
243579
243582
243585
243597
243600
243603
243615
243618
243621
243633
243636
243639
243651
243654
243657
243669
243672
243675
243687
243690
243693
243705
243708
243711
243723
243726
243729
243742
243745
243747
243786
243789
243792
243804
243807
243810
243822
243825
243828
243840
243843
243846
243858
243861
243864
243876
243879
243882
243894
243897
243900
243912
243915
243918
243930
243933
243936
243948
243951
243954
243966
243969
243972
243984
243987
243990
244002
244005
244008
244020
244023
244026
244038
244041
244044
244056
244059
244062
244074
244077
244080
244093
244096
244098
244122
244125
244128
244140
244143
244146
244158
244161
244164
244176
244179
244182
244194
244197
244200
244212
244215
244218
244230
244233
244236
244248
244251
244254
244266
244269
244272
244284
244287
244290
244302
244305
244308
244320
244323
244326
244338
244341
244344
244356
244359
244362
244374
244377
244380
244392
244395
244398
244410
244413
244416
244426
244429
244431
244443
244446
244449
244461
244464
244467
244479
244482
244485
244497
244500
244503
244515
244518
244521
244533
244536
244539
244551
244554
244557
244569
244572
244575
244587
244590
244593
244605
244608
244611
244623
244626
244629
244641
244644
244647
244659
244662
244665
244677
244680
244683
244695
244698
244701
244713
244716
244719
244731
244734
244737
244749
244752
244755
244767
244770
244773
244783
244786
244788
244821
244824
244827
244839
244842
244845
244857
244860
244863
244875
244878
244881
244893
244896
244899
244911
244914
244917
244929
244932
244935
244947
244950
244953
244965
244968
244971
244983
244986
244989
245001
245004
245007
245019
245022
245025
245037
245040
245043
245055
245058
245061
245073
245076
245079
245091
245094
245097
245109
245112
245115
245127
245130
245133
245145
245148
245151
245164
245167
245169
245214
245217
245220
245232
245235
245238
245250
245253
245256
245268
245271
245274
245286
245289
245292
245304
245307
245310
245322
245325
245328
245340
245343
245346
245358
245361
245364
245376
245379
245382
245394
245397
245400
245412
245415
245418
245430
245433
245436
245448
245451
245454
245466
245469
245472
245484
245487
245490
245502
245505
245508
245520
245523
245526
245538
245541
245544
245554
245557
245559
245601
245604
245607
245619
245622
245625
245637
245640
245643
245655
245658
245661
245673
245676
245679
245691
245694
245697
245709
245712
245715
245727
245730
245733
245745
245748
245751
245763
245766
245769
245781
245784
245787
245799
245802
245805
245817
245820
245823
245835
245838
245841
245853
245856
245859
245871
245874
245877
245889
245892
245895
245907
245910
245913
245925
245928
245931
245941
245944
245946
245985
245988
245991
246003
246006
246009
246021
246024
246027
246039
246042
246045
246057
246060
246063
246075
246078
246081
246093
246096
246099
246111
246114
246117
246129
246132
246135
246147
246150
246153
246165
246168
246171
246183
246186
246189
246201
246204
246207
246219
246222
246225
246237
246240
246243
246255
246258
246261
246273
246276
246279
246291
246294
246297
246309
246312
246315
246325
246328
246330
246369
246372
246375
246387
246390
246393
246405
246408
246411
246423
246426
246429
246441
246444
246447
246459
246462
246465
246477
246480
246483
246495
246498
246501
246513
246516
246519
246531
246534
246537
246549
246552
246555
246567
246570
246573
246585
246588
246591
246603
246606
246609
246621
246624
246627
246639
246642
246645
246657
246660
246663
246675
246678
246681
246693
246696
246699
246709
246712
246714
246759
246762
246765
246777
246780
246783
246795
246798
246801
246813
246816
246819
246831
246834
246837
246849
246852
246855
246867
246870
246873
246885
246888
246891
246903
246906
246909
246921
246924
246927
246939
246942
246945
246957
246960
246963
246975
246978
246981
246993
246996
246999
247011
247014
247017
247029
247032
247035
247047
247050
247053
247065
247068
247071
247083
247086
247089
247102
247105
247107
247133
247135
247137
247149
247152
247155
247167
247170
247173
247185
247188
247191
247203
247206
247209
247221
247224
247227
247239
247242
247245
247257
247260
247263
247275
247278
247281
247293
247296
247299
247311
247314
247317
247329
247332
247335
247347
247350
247353
247365
247368
247371
247383
247386
247389
247401
247404
247407
247419
247422
247425
247437
247440
247443
247455
247458
247461
247470
247472
247473
247485
247488
247491
247503
247506
247509
247521
247524
247527
247539
247542
247545
247557
247560
247563
247575
247578
247581
247593
247596
247599
247611
247614
247617
247629
247632
247635
247647
247650
247653
247665
247668
247671
247683
247686
247689
247701
247704
247707
247719
247722
247725
247737
247740
247743
247755
247758
247761
247773
247776
247779
247789
247792
247794
247820
247822
247824
247836
247839
247842
247854
247857
247860
247872
247875
247878
247890
247893
247896
247908
247911
247914
247926
247929
247932
247944
247947
247950
247962
247965
247968
247980
247983
247986
247998
248001
248004
248016
248019
248022
248034
248037
248040
248052
248055
248058
248070
248073
248076
248088
248091
248094
248106
248109
248112
248124
248126
248127
248153
248155
248157
248169
248172
248175
248187
248190
248193
248205
248208
248211
248223
248226
248229
248241
248244
248247
248259
248262
248265
248277
248280
248283
248295
248298
248301
248313
248316
248319
248331
248334
248337
248349
248352
248355
248367
248370
248373
248385
248388
248391
248403
248406
248409
248421
248423
248424
248438
248440
248442
248454
248457
248460
248472
248475
248478
248490
248493
248496
248508
248511
248514
248526
248529
248532
248544
248547
248550
248562
248565
248568
248580
248583
248586
248598
248601
248604
248616
248619
248622
248634
248637
248640
248652
248655
248658
248670
248672
248673
248687
248689
248691
248702
248704
248706
248718
248721
248724
248736
248739
248742
248754
248757
248760
248772
248775
248778
248790
248793
248796
248808
248811
248814
248826
248829
248832
248844
248847
248850
248861
248863
248865
248877
248879
248880
248891
248893
248895
248909
248911
248913
248924
248926
248928
248939
248941
248943
248954
248956
248958
248969
248971
248973
248987
248989
248991
249000
249002
249003
-9121
-9126
-9127
9129
9130
9135
9136
9141
9142
9147
9148
9153
9154
9156
-9163
-9258
9260
9261
9262
9266
9272
9278
9284
9290
9296
9302
9308
9314
9315
-9322
-9324
-9407
-9408
9410
9416
9422
9428
9434
9440
9446
9452
9458
9464
9470
9476
9482
9483
9485
-9492
9557
9558
9559
9563
9569
9575
9581
9587
9593
9599
9605
9611
9617
9623
9629
9635
9641
9647
-9655
-9657
-9717
-9718
9720
9726
9732
9738
9744
9750
9756
9762
9768
9774
9780
9786
9792
9798
9804
9810
9816
9819
-9877
9880
9886
9892
9898
9904
9910
9916
9922
9928
9934
9940
9946
9952
9958
9964
9970
9976
9982
9988
9989
9991
10043
10044
10045
10049
10055
10061
10067
10073
10079
10085
10091
10097
10103
10109
10115
10121
10127
10133
10139
10145
10151
10157
-10165
-10212
10215
10221
10227
10233
10239
10245
10251
10257
10263
10269
10275
10281
10287
10293
10299
10305
10311
10317
10323
10329
10335
10336
10338
-10384
-10385
10387
10393
10399
10405
10411
10417
10423
10429
10435
10441
10447
10453
10459
10465
10471
10477
10483
10489
10495
10501
10507
10510
10554
10556
10560
10566
10572
10578
10584
10590
10596
10602
10608
10614
10620
10626
10632
10638
10644
10650
10656
10662
10668
10674
10680
-10688
10727
10729
10733
10739
10745
10751
10757
10763
10769
10775
10781
10787
10793
10799
10805
10811
10817
10823
10829
10835
10841
10847
10853
-10861
10900
10902
10906
10912
10918
10924
10930
10936
10942
10948
10954
10960
10966
10972
10978
10984
10990
10996
11002
11008
11014
11020
11026
-11034
11073
11075
11079
11085
11091
11097
11103
11109
11115
11121
11127
11133
11139
11145
11151
11157
11163
11169
11175
11181
11187
11193
11199
-11207
11246
11248
11250
11252
11258
11264
11270
11276
11282
11288
11294
11300
11306
11312
11318
11324
11330
11336
11342
11348
11354
11360
11366
11372
-11380
-11422
11425
11431
11437
11443
11449
11455
11461
11467
11473
11479
11485
11491
11497
11503
11509
11515
11521
11527
11533
11539
11545
11548
11599
11601
11605
11611
11617
11623
11629
11635
11641
11647
11653
11659
11665
11671
11677
11683
11689
11695
11701
11707
11713
-11720
-11721
-11771
-11773
11776
11782
11788
11794
11800
11806
11812
11818
11824
11830
11836
11842
11848
11854
11860
11866
11872
11878
11884
11887
11944
11946
11948
11950
11956
11962
11968
11974
11980
11986
11992
11998
12004
12010
12016
12022
12028
12034
12040
12046
-12053
-12054
-12112
12115
12121
12127
12133
12139
12145
12151
12157
12163
12169
12175
12181
12187
12193
12199
12205
12211
12214
12215
-12278
-12280
12283
12287
12289
12295
12301
12307
12313
12319
12325
12331
12337
12343
12349
12355
12361
12367
12370
12371
12449
12451
12453
12455
12461
12467
12473
12479
12485
12491
12497
12503
12509
12515
12519
-12522
-12523
-12610
12615
12617
12619
12621
12625
12627
12633
12639
12645
12651
12657
12661
-12664
-12665
-12777
-12783
-12789
-12795
-12801
-13693
-13698
-13699
13702
13708
13714
13720
13726
13728
-13735
-13830
13833
13834
13913
-13920
-13922
-14005
-14006
14121
14122
-14130
14196
14197
-14319
-14321
-14381
-14382
14510
-14569
14711
14712
14766
14767
-14919
-14966
15114
15116
-15162
-15163
15311
15358
-15524
15565
-15723
15764
-15922
15963
-16127
16168
16170
-16322
-16364
16514
16567
-16716
-16717
-16767
-16769
16908
16967
16969
-17099
-17100
-17158
17282
17283
-17346
-17348
17354
17470
17471
17550
17552
17634
-17638
-17639
-17726
17733
17735
17740
17773
-17776
-17777
-17889
-17895
-17901
-17907
-17913
-18805
-18810
-18811
18814
18820
18826
18832
18838
18840
-18847
-18942
18945
18946
19009
-19016
-19018
-19101
-19102
19177
19178
-19186
19252
19253
-19327
-19329
-19389
-19390
19462
-19521
19599
19600
19654
19655
-19735
-19782
19858
19860
-19906
-19907
19983
20030
-20116
20157
-20235
20276
-20354
20395
-20479
20520
20522
-20602
-20644
20722
20775
-20852
-20853
-20903
-20905
20980
21039
21041
-21115
-21116
-21174
21250
21251
-21314
-21316
21322
21398
21399
21478
21480
21546
-21550
-21551
-21638
21645
21647
21652
21685
-21688
-21689
-21801
-21807
-21813
-21819
-21825
-22717
-22722
-22723
22726
22732
22738
22744
22750
22752
-22759
-22854
22857
22858
22921
-22928
-22930
-23013
-23014
23089
23090
-23098
23164
23165
-23239
-23241
-23301
-23302
23374
-23433
23511
23512
23566
23567
-23647
-23694
23770
23772
-23818
-23819
23895
23942
-24028
24069
-24147
24188
-24266
24307
-24391
24432
24434
-24514
-24556
24634
24687
-24764
-24765
-24815
-24817
24892
24951
24953
-25027
-25028
-25086
25162
25163
-25226
-25228
25234
25310
25311
25390
25392
25458
-25462
-25463
-25550
25557
25559
25564
25597
-25600
-25601
-25713
-25719
-25725
-25731
-25737
-26629
-26634
-26635
26638
26644
26650
26656
26662
26664
-26671
-26766
26769
26770
26833
-26840
-26842
-26925
-26926
27001
27002
-27010
27076
27077
-27151
-27153
-27213
-27214
27286
-27345
27423
27424
27478
27479
-27559
-27606
27682
27684
-27730
-27731
27807
27854
-27940
27981
-28059
28100
-28178
28219
-28303
28344
28346
-28426
-28468
28546
28599
-28676
-28677
-28727
-28729
28804
28863
28865
-28939
-28940
-28998
29074
29075
-29138
-29140
29146
29222
29223
29302
29304
29370
-29374
-29375
-29462
29469
29471
29476
29509
-29512
-29513
-29625
-29631
-29637
-29643
-29649
-30541
-30546
-30547
30550
30556
30562
30568
30574
30576
-30583
-30678
30681
30682
30745
-30752
-30754
-30837
-30838
30913
30914
-30922
30988
30989
-31063
-31065
-31125
-31126
31198
-31257
31335
31336
31390
31391
-31471
-31518
31594
31596
-31642
-31643
31719
31766
-31852
31893
-31971
32012
-32090
32131
-32215
32256
32258
-32338
-32380
32458
32511
-32588
-32589
-32639
-32641
32716
32775
32777
-32851
-32852
-32910
32986
32987
-33050
-33052
33058
33134
33135
33214
33216
33282
-33286
-33287
-33374
33381
33383
33388
33421
-33424
-33425
-33537
-33543
-33549
-33555
-33561
-34453
-34458
-34459
34462
34468
34474
34480
34486
34488
-34495
-34590
34593
34594
34657
-34664
-34666
-34749
-34750
34825
34826
-34834
34900
34901
-34975
-34977
-35037
-35038
35110
-35169
35247
35248
35302
35303
-35383
-35430
35506
35508
-35554
-35555
35631
35678
-35764
35805
-35883
35924
-36002
36043
-36127
36168
36170
-36250
-36292
36370
36423
-36500
-36501
-36551
-36553
36628
36687
36689
-36763
-36764
-36822
36898
36899
-36962
-36964
36970
37046
37047
37126
37128
37194
-37198
-37199
-37286
37293
37295
37300
37333
-37336
-37337
-37449
-37455
-37461
-37467
-37473
-38365
-38370
-38371
38374
38380
38386
38392
38398
38400
-38407
-38502
38505
38506
38569
-38576
-38578
-38661
-38662
38737
38738
-38746
38812
38813
-38887
-38889
-38949
-38950
39022
-39081
39159
39160
39214
39215
-39295
-39342
39418
39420
-39466
-39467
39543
39590
-39676
39717
-39795
39836
-39914
39955
-40039
40080
40082
-40162
-40204
40282
40335
-40412
-40413
-40463
-40465
40540
40599
40601
-40675
-40676
-40734
40810
40811
-40874
-40876
40882
40958
40959
41038
41040
41106
-41110
-41111
-41198
41205
41207
41212
41245
-41248
-41249
-41361
-41367
-41373
-41379
-41385
-42277
-42282
-42283
42286
42292
42298
42304
42310
42312
-42319
-42414
42417
42418
42481
-42488
-42490
-42573
-42574
42649
42650
-42658
42724
42725
-42799
-42801
-42861
-42862
42934
-42993
43071
43072
43126
43127
-43207
-43254
43330
43332
-43378
-43379
43455
43502
-43588
43629
-43707
43748
-43826
43867
-43951
43992
43994
-44074
-44116
44194
44247
-44324
-44325
-44375
-44377
44452
44511
44513
-44587
-44588
-44646
44722
44723
-44786
-44788
44794
44870
44871
44950
44952
45018
-45022
-45023
-45110
45117
45119
45124
45157
-45160
-45161
-45273
-45279
-45285
-45291
-45297
-46189
-46194
-46195
46198
46204
46210
46216
46222
46224
-46231
-46326
46329
46330
46393
-46400
-46402
-46485
-46486
46561
46562
-46570
46636
46637
-46711
-46713
-46773
-46774
46846
-46905
46983
46984
47038
47039
-47119
-47166
47242
47244
-47290
-47291
47367
47414
-47500
47541
-47619
47660
-47738
47779
-47863
47904
47906
-47986
-48028
48106
48159
-48236
-48237
-48287
-48289
48364
48423
48425
-48499
-48500
-48558
48634
48635
-48698
-48700
48706
48782
48783
48862
48864
48930
-48934
-48935
-49022
49029
49031
49036
49069
-49072
-49073
-49185
-49191
-49197
-49203
-49209
-50101
-50106
-50107
50110
50116
50122
50128
50134
50136
-50143
-50238
50241
50242
50305
-50312
-50314
-50397
-50398
50473
50474
-50482
50548
50549
-50623
-50625
-50685
-50686
50758
-50817
50895
50896
50950
50951
-51031
-51078
51154
51156
-51202
-51203
51279
51326
-51412
51453
-51531
51572
-51650
51691
-51775
51816
51818
-51898
-51940
52018
52071
-52148
-52149
-52199
-52201
52276
52335
52337
-52411
-52412
-52470
52546
52547
-52610
-52612
52618
52694
52695
52774
52776
52842
-52846
-52847
-52934
52941
52943
52948
52981
-52984
-52985
-53097
-53103
-53109
-53115
-53121
-54013
-54018
-54019
54022
54028
54034
54040
54046
54048
-54055
-54150
54153
54154
54217
-54224
-54226
-54309
-54310
54385
54386
-54394
54460
54461
-54535
-54537
-54597
-54598
54670
-54729
54807
54808
54862
54863
-54943
-54990
55066
55068
-55114
-55115
55191
55238
-55324
55365
-55443
55484
-55562
55603
-55687
55728
55730
-55810
-55852
55930
55983
-56060
-56061
-56111
-56113
56188
56247
56249
-56323
-56324
-56382
56458
56459
-56522
-56524
56530
56606
56607
56686
56688
56754
-56758
-56759
-56846
56853
56855
56860
56893
-56896
-56897
-57009
-57015
-57021
-57027
-57033
-57925
-57930
-57931
57934
57940
57946
57952
57958
57960
-57967
-58062
58065
58066
58129
-58136
-58138
-58221
-58222
58297
58298
-58306
58372
58373
-58447
-58449
-58509
-58510
58582
-58641
58719
58720
58774
58775
-58855
-58902
58978
58980
-59026
-59027
59103
59150
-59236
59277
-59355
59396
-59474
59515
-59599
59640
59642
-59722
-59764
59842
59895
-59972
-59973
-60023
-60025
60100
60159
60161
-60235
-60236
-60294
60370
60371
-60434
-60436
60442
60518
60519
60598
60600
60666
-60670
-60671
-60758
60765
60767
60772
60805
-60808
-60809
-60921
-60927
-60933
-60939
-60945
-61837
-61842
-61843
61846
61852
61858
61864
61870
61872
-61879
-61974
61977
61978
62041
-62048
-62050
-62133
-62134
62209
62210
-62218
62284
62285
-62359
-62361
-62421
-62422
62494
-62553
62631
62632
62686
62687
-62767
-62814
62890
62892
-62938
-62939
63015
63062
-63148
63189
-63267
63308
-63386
63427
-63511
63552
63554
-63634
-63676
63754
63807
-63884
-63885
-63935
-63937
64012
64071
64073
-64147
-64148
-64206
64282
64283
-64346
-64348
64354
64430
64431
64510
64512
64578
-64582
-64583
-64670
64677
64679
64684
64717
-64720
-64721
-64833
-64839
-64845
-64851
-64857
-65749
-65754
-65755
65758
65764
65770
65776
65782
65784
-65791
-65886
65889
65890
65953
-65960
-65962
-66045
-66046
66121
66122
-66130
66196
66197
-66271
-66273
-66333
-66334
66406
-66465
66543
66544
66598
66599
-66679
-66726
66802
66804
-66850
-66851
66927
66974
-67060
67101
-67179
67220
-67298
67339
-67423
67464
67466
-67546
-67588
67666
67719
-67796
-67797
-67847
-67849
67924
67983
67985
-68059
-68060
-68118
68194
68195
-68258
-68260
68266
68342
68343
68422
68424
68490
-68494
-68495
-68582
68589
68591
68596
68629
-68632
-68633
-68745
-68751
-68757
-68763
-68769
-69661
-69666
-69667
69670
69676
69682
69688
69694
69696
-69703
-69798
69801
69802
69865
-69872
-69874
-69957
-69958
70033
70034
-70042
70108
70109
-70183
-70185
-70245
-70246
70318
-70377
70455
70456
70510
70511
-70591
-70638
70714
70716
-70762
-70763
70839
70886
-70972
71013
-71091
71132
-71210
71251
-71335
71376
71378
-71458
-71500
71578
71631
-71708
-71709
-71759
-71761
71836
71895
71897
-71971
-71972
-72030
72106
72107
-72170
-72172
72178
72254
72255
72334
72336
72402
-72406
-72407
-72494
72501
72503
72508
72541
-72544
-72545
-72657
-72663
-72669
-72675
-72681
-73573
-73578
-73579
73582
73588
73594
73600
73606
73608
-73615
-73710
73713
73714
73777
-73784
-73786
-73869
-73870
73945
73946
-73954
74020
74021
-74095
-74097
-74157
-74158
74230
-74289
74367
74368
74422
74423
-74503
-74550
74626
74628
-74674
-74675
74751
74798
-74884
74925
-75003
75044
-75122
75163
-75247
75288
75290
-75370
-75412
75490
75543
-75620
-75621
-75671
-75673
75748
75807
75809
-75883
-75884
-75942
76018
76019
-76082
-76084
76090
76166
76167
76246
76248
76314
-76318
-76319
-76406
76413
76415
76420
76453
-76456
-76457
-76569
-76575
-76581
-76587
-76593
-77485
-77490
-77491
77494
77500
77506
77512
77518
77520
-77527
-77622
77625
77626
77689
-77696
-77698
-77781
-77782
77857
77858
-77866
77932
77933
-78007
-78009
-78069
-78070
78142
-78201
78279
78280
78334
78335
-78415
-78462
78538
78540
-78586
-78587
78663
78710
-78796
78837
-78915
78956
-79034
79075
-79159
79200
79202
-79282
-79324
79402
79455
-79532
-79533
-79583
-79585
79660
79719
79721
-79795
-79796
-79854
79930
79931
-79994
-79996
80002
80078
80079
80158
80160
80226
-80230
-80231
-80318
80325
80327
80332
80365
-80368
-80369
-80481
-80487
-80493
-80499
-80505
-81397
-81402
-81403
81406
81412
81418
81424
81430
81432
-81439
-81534
81537
81538
81601
-81608
-81610
-81693
-81694
81769
81770
-81778
81844
81845
-81919
-81921
-81981
-81982
82054
-82113
82191
82192
82246
82247
-82327
-82374
82450
82452
-82498
-82499
82575
82622
-82708
82749
-82827
82868
-82946
82987
-83071
83112
83114
-83194
-83236
83314
83367
-83444
-83445
-83495
-83497
83572
83631
83633
-83707
-83708
-83766
83842
83843
-83906
-83908
83914
83990
83991
84070
84072
84138
-84142
-84143
-84230
84237
84239
84244
84277
-84280
-84281
-84393
-84399
-84405
-84411
-84417
-85309
-85314
-85315
85318
85324
85330
85336
85342
85344
-85351
-85446
85449
85450
85513
-85520
-85522
-85605
-85606
85681
85682
-85690
85756
85757
-85831
-85833
-85893
-85894
85966
-86025
86103
86104
86158
86159
-86239
-86286
86362
86364
-86410
-86411
86487
86534
-86620
86661
-86739
86780
-86858
86899
-86983
87024
87026
-87106
-87148
87226
87279
-87356
-87357
-87407
-87409
87484
87543
87545
-87619
-87620
-87678
87754
87755
-87818
-87820
87826
87902
87903
87982
87984
88050
-88054
-88055
-88142
88149
88151
88156
88189
-88192
-88193
-88305
-88311
-88317
-88323
-88329
-89221
-89226
-89227
89230
89236
89242
89248
89254
89256
-89263
-89358
89361
89362
89425
-89432
-89434
-89517
-89518
89593
89594
-89602
89668
89669
-89743
-89745
-89805
-89806
89878
-89937
90015
90016
90070
90071
-90151
-90198
90274
90276
-90322
-90323
90399
90446
-90532
90573
-90651
90692
-90770
90811
-90895
90936
90938
-91018
-91060
91138
91191
-91268
-91269
-91319
-91321
91396
91455
91457
-91531
-91532
-91590
91666
91667
-91730
-91732
91738
91814
91815
91894
91896
91962
-91966
-91967
-92054
92061
92063
92068
92101
-92104
-92105
-92217
-92223
-92229
-92235
-92241
-93133
-93138
-93139
93142
93148
93154
93160
93166
93168
-93175
-93270
93273
93274
93337
-93344
-93346
-93429
-93430
93505
93506
-93514
93580
93581
-93655
-93657
-93717
-93718
93790
-93849
93927
93928
93982
93983
-94063
-94110
94186
94188
-94234
-94235
94311
94358
-94444
94485
-94563
94604
-94682
94723
-94807
94848
94850
-94930
-94972
95050
95103
-95180
-95181
-95231
-95233
95308
95367
95369
-95443
-95444
-95502
95578
95579
-95642
-95644
95650
95726
95727
95806
95808
95874
-95878
-95879
-95966
95973
95975
95980
96013
-96016
-96017
-96129
-96135
-96141
-96147
-96153
-97045
-97050
-97051
97054
97060
97066
97072
97078
97080
-97087
-97182
97185
97186
97261
-97268
-97270
-97353
-97354
97459
97460
-97468
97534
97535
-97645
-97647
-97707
-97708
97822
-97881
98007
98008
98062
98063
-98197
-98244
98374
98376
-98422
-98423
98553
98600
-98746
98787
-98925
98966
-99104
99145
-99289
99330
99332
-99466
-99508
99640
99693
-99824
-99825
-99875
-99877
100000
100059
100061
-100177
-100178
-100236
100348
100349
-100412
-100414
100420
100526
100527
100606
100608
100686
-100690
-100691
-100778
100785
100787
100792
100825
-100828
-100829
-100941
-100947
-100953
-100959
-100965
-101855
-101861
-101862
101865
101875
101881
101883
101889
101891
-101898
-101992
101996
101997
102049
-102052
-102054
-102138
-102139
102204
102205
-102212
102279
102280
-102363
-102365
-102426
-102427
102513
-102572
102668
102669
102723
102724
-102826
-102873
102979
102980
-103027
-103028
103134
103181
-103293
103337
-103445
103487
-103599
103643
-103751
103794
103796
-103906
-103948
104056
104109
-104211
-104215
-104262
-104263
104361
104420
104422
-104514
-104515
-104573
104663
104664
-104727
-104728
104735
104809
104810
104889
104891
104953
-104957
-104958
-105048
105051
105053
105059
105095
-105099
-105100
-105212
-105218
-105224
-105230
-105236
-134181
-134184
-134202
-134205
-134208
-134226
-134229
-134232
-134250
-134253
-134256
-134274
-134277
-134280
-134298
-134301
-134304
-134325
-134328
-134349
-134352
-134418
-134421
-134436
-134439
-134442
-134459
-134463
-134466
-134487
-134490
-134535
-134550
-134553
-134556
-134577
-134580
-134598
-134625
-134640
-134643
-134646
-134663
-134667
-134670
-134688
-134730
-134733
-134736
-134757
-134760
-134798
-134805
-134826
-134868
-134871
-134874
-134891
-134895
-134898
-134936
-134943
-134964
-134984
-134988
-134991
-135012
-135015
-135032
-135036
-135039
-135056
-135060
-135063
-135102
-135105
-135108
-135125
-135129
-135132
-135189
-135192
-135195
-135212
-135216
-135219
-135254
-135258
-135261
-135278
-135282
-135285
-135302
-135309
-135326
-135330
-135350
-135357
-135378
-135420
-135423
-135426
-135446
-135450
-135453
-135488
-135495
-135516
-135558
-135564
-135584
-135588
-135623
-135648
-135651
-135654
-135674
-135678
-135681
-135713
-135738
-135744
-135764
-135768
-135828
-135852
-135855
-135858
-135878
-135882
-135885
-135903
-135966
-135990
-135996
-136014
-136017
-136020
-136038
-136041
-136044
-136062
-136065
-136068
-136086
-136089
-136092
-136110
-136113
-136134
-136169
-136184
-136194
-136205
-136207
-136220
-136231
-136235
-136256
-136315
-136316
-136327
-136330
-136331
-136333
-136345
-136347
-136367
-136368
136401
136412
136415
136425
136436
136439
-136468
136478
-136480
-136489
136496
-136500
-136501
136508
-136545
-136546
-136558
-136559
-136561
-136573
-136575
-136576
136608
136620
136623
136625
-136633
136641
-136645
-136647
136654
-136676
-136708
-136711
-136720
-136723
-136724
-136739
-136740
-136750
136761
-136764
136778
-136782
-136786
136792
-136795
-136825
-136828
-136837
-136838
-136840
136882
136895
-136903
136909
-136946
-136947
-136957
-136958
-136970
-136971
-136981
136989
136992
-136995
137002
-137024
-137056
-137063
-137068
-137069
137077
-137083
137085
137091
-137096
-137153
-137154
-137159
-137164
-137165
137196
137203
137209
-137228
-137281
-137288
-137293
137302
137310
137316
-137352
-137365
-137378
-137379
-137389
137397
137400
-137403
137410
-137442
-137449
-137455
137484
137492
137499
137512
137522
137528
-137539
-137547
-137554
137583
137591
137597
137612
137621
137628
-137632
137641
137642
-137646
137653
137656
137667
137668
137670
-137704
137709
-137712
-137718
137722
-137757
-137764
-137770
137793
137806
137807
137814
137821
137822
-137837
137851
137859
137865
137866
-137919
-137933
-137934
137941
137945
137957
137958
137961
138037
138052
138054
138067
138068
138082
138083
138095
138096
138127
-138138
138141
-138155
138159
138163
-138169
138172
138175
138179
138191
138195
138196
138212
138213
-138261
138277
138278
138289
138292
138293
138295
138307
138309
138310
-138363
-138375
-138378
-138380
138388
138400
138402
-138416
138421
138424
-138430
138434
138445
138455
138458
138469
138480
138483
138493
138504
138507
138517
138527
138530
138532
138536
138546
138550
138551
138556
138568
138570
138571
143085
143091
143094
143154
143160
143163
143254
143260
143264
-143299
-143306
-143311
-143318
143326
-143331
143335
-143344
143346
143368
-143376
143380
143382
-143387
-151371
-151374
-151377
-151389
-151392
-151395
-151407
-151410
-151413
-151425
-151428
-151431
-151443
-151446
-151449
-151461
-151464
-151467
-151479
-151482
-151485
-151495
-151498
-151500
-151548
-151551
-151554
-151566
-151569
-151572
-151584
-151587
-151590
-151602
-151605
-151608
-151620
-151623
-151626
-151638
-151641
-151644
-151656
-151659
-151662
-151674
-151677
-151680
-151692
-151695
-151698
-151710
-151713
-151716
-151728
-151731
-151734
-151744
-151747
-151749
-151797
-151800
-151803
-151815
-151818
-151821
-151833
-151836
-151839
-151851
-151854
-151857
-151869
-151872
-151875
-151887
-151890
-151893
-151905
-151908
-151911
-151923
-151926
-151929
-151941
-151944
-151947
-151959
-151962
-151965
-151977
-151980
-151983
-151995
-151998
-152001
-152013
-152016
-152019
-152029
-152032
-152034
-152082
-152085
-152088
-152100
-152103
-152106
-152118
-152121
-152124
-152136
-152139
-152142
-152154
-152157
-152160
-152172
-152175
-152178
-152190
-152193
-152196
-152208
-152211
-152214
-152226
-152229
-152232
-152244
-152247
-152250
-152262
-152265
-152268
-152280
-152283
-152286
-152298
-152301
-152304
-152316
-152319
-152322
-152334
-152337
-152340
-152350
-152353
-152355
-152418
-152421
-152424
-152436
-152439
-152442
-152454
-152457
-152460
-152472
-152475
-152478
-152490
-152493
-152496
-152508
-152511
-152514
-152526
-152529
-152532
-152544
-152547
-152550
-152562
-152565
-152568
-152580
-152583
-152586
-152598
-152601
-152604
-152616
-152619
-152622
-152634
-152637
-152640
-152652
-152655
-152658
-152670
-152673
-152676
-152688
-152691
-152694
-152706
-152709
-152712
-152722
-152725
-152727
-152787
-152790
-152793
-152805
-152808
-152811
-152823
-152826
-152829
-152841
-152844
-152847
-152859
-152862
-152865
-152877
-152880
-152883
-152895
-152898
-152901
-152913
-152916
-152919
-152931
-152934
-152937
-152949
-152952
-152955
-152967
-152970
-152973
-152985
-152988
-152991
-153003
-153006
-153009
-153021
-153024
-153027
-153039
-153042
-153045
-153057
-153060
-153063
-153075
-153078
-153081
-153091
-153094
-153096
-153141
-153144
-153147
-153159
-153162
-153165
-153177
-153180
-153183
-153195
-153198
-153201
-153213
-153216
-153219
-153231
-153234
-153237
-153249
-153252
-153255
-153267
-153270
-153273
-153285
-153288
-153291
-153303
-153306
-153309
-153321
-153324
-153327
-153339
-153342
-153345
-153357
-153360
-153363
-153375
-153378
-153381
-153393
-153396
-153399
-153411
-153414
-153417
-153429
-153432
-153435
-153447
-153450
-153453
-153465
-153468
-153471
-153481
-153484
-153486
-153555
-153558
-153561
-153573
-153576
-153579
-153591
-153594
-153597
-153609
-153612
-153615
-153627
-153630
-153633
-153645
-153648
-153651
-153663
-153666
-153669
-153681
-153684
-153687
-153699
-153702
-153705
-153717
-153720
-153723
-153735
-153738
-153741
-153753
-153756
-153759
-153771
-153774
-153777
-153789
-153792
-153795
-153807
-153810
-153813
-153825
-153828
-153831
-153843
-153846
-153849
-153861
-153864
-153867
-153879
-153882
-153885
-153895
-153898
-153900
-153984
-153987
-153990
-154002
-154005
-154008
-154020
-154023
-154026
-154038
-154041
-154044
-154056
-154059
-154062
-154074
-154077
-154080
-154092
-154095
-154098
-154110
-154113
-154116
-154128
-154131
-154134
-154146
-154149
-154152
-154164
-154167
-154170
-154182
-154185
-154188
-154200
-154203
-154206
-154218
-154221
-154224
-154236
-154239
-154242
-154254
-154257
-154260
-154272
-154275
-154278
-154290
-154293
-154296
-154308
-154311
-154314
-154324
-154327
-154329
-154392
-154395
-154398
-154410
-154413
-154416
-154428
-154431
-154434
-154446
-154449
-154452
-154464
-154467
-154470
-154482
-154485
-154488
-154500
-154503
-154506
-154518
-154521
-154524
-154536
-154539
-154542
-154554
-154557
-154560
-154572
-154575
-154578
-154590
-154593
-154596
-154608
-154611
-154614
-154626
-154629
-154632
-154644
-154647
-154650
-154662
-154665
-154668
-154680
-154683
-154686
-154698
-154701
-154704
-154716
-154719
-154722
-154732
-154735
-154737
-154782
-154785
-154788
-154800
-154803
-154806
-154818
-154821
-154824
-154836
-154839
-154842
-154854
-154857
-154860
-154872
-154875
-154878
-154890
-154893
-154896
-154908
-154911
-154914
-154926
-154929
-154932
-154944
-154947
-154950
-154962
-154965
-154968
-154980
-154983
-154986
-154998
-155001
-155004
-155016
-155019
-155022
-155034
-155037
-155040
-155052
-155055
-155058
-155070
-155073
-155076
-155088
-155091
-155094
-155106
-155109
-155112
-155122
-155125
-155127
-155190
-155193
-155196
-155208
-155211
-155214
-155226
-155229
-155232
-155244
-155247
-155250
-155262
-155265
-155268
-155280
-155283
-155286
-155298
-155301
-155304
-155316
-155319
-155322
-155334
-155337
-155340
-155352
-155355
-155358
-155370
-155373
-155376
-155388
-155391
-155394
-155406
-155409
-155412
-155424
-155427
-155430
-155442
-155445
-155448
-155460
-155463
-155466
-155478
-155481
-155484
-155496
-155499
-155502
-155514
-155517
-155520
-155530
-155533
-155535
-155619
-155622
-155625
-155637
-155640
-155643
-155655
-155658
-155661
-155673
-155676
-155679
-155691
-155694
-155697
-155709
-155712
-155715
-155727
-155730
-155733
-155745
-155748
-155751
-155763
-155766
-155769
-155781
-155784
-155787
-155799
-155802
-155805
-155817
-155820
-155823
-155835
-155838
-155841
-155853
-155856
-155859
-155871
-155874
-155877
-155889
-155892
-155895
-155907
-155910
-155913
-155925
-155928
-155931
-155943
-155946
-155949
-155959
-155962
-155964
-156029
-156031
-156033
-156045
-156048
-156051
-156063
-156066
-156069
-156081
-156084
-156087
-156099
-156102
-156105
-156117
-156120
-156123
-156135
-156138
-156141
-156153
-156156
-156159
-156171
-156174
-156177
-156189
-156192
-156195
-156207
-156210
-156213
-156225
-156228
-156231
-156243
-156246
-156249
-156261
-156264
-156267
-156279
-156282
-156285
-156297
-156300
-156303
-156315
-156318
-156321
-156333
-156336
-156339
-156351
-156354
-156357
-156366
-156368
-156369
-156414
-156417
-156420
-156432
-156435
-156438
-156450
-156453
-156456
-156468
-156471
-156474
-156486
-156489
-156492
-156504
-156507
-156510
-156522
-156525
-156528
-156540
-156543
-156546
-156558
-156561
-156564
-156576
-156579
-156582
-156594
-156597
-156600
-156612
-156615
-156618
-156630
-156633
-156636
-156648
-156651
-156654
-156666
-156669
-156672
-156684
-156687
-156690
-156702
-156705
-156708
-156718
-156721
-156723
-156782
-156784
-156786
-156798
-156801
-156804
-156816
-156819
-156822
-156834
-156837
-156840
-156852
-156855
-156858
-156870
-156873
-156876
-156888
-156891
-156894
-156906
-156909
-156912
-156924
-156927
-156930
-156942
-156945
-156948
-156960
-156963
-156966
-156978
-156981
-156984
-156996
-156999
-157002
-157014
-157017
-157020
-157032
-157035
-157038
-157050
-157053
-157056
-157068
-157071
-157074
-157083
-157085
-157086
-157145
-157147
-157149
-157161
-157164
-157167
-157179
-157182
-157185
-157197
-157200
-157203
-157215
-157218
-157221
-157233
-157236
-157239
-157251
-157254
-157257
-157269
-157272
-157275
-157287
-157290
-157293
-157305
-157308
-157311
-157323
-157326
-157329
-157341
-157344
-157347
-157359
-157362
-157365
-157377
-157380
-157383
-157395
-157398
-157401
-157410
-157412
-157413
-157457
-157459
-157461
-157473
-157476
-157479
-157491
-157494
-157497
-157509
-157512
-157515
-157527
-157530
-157533
-157545
-157548
-157551
-157563
-157566
-157569
-157581
-157584
-157587
-157599
-157602
-157605
-157617
-157620
-157623
-157635
-157638
-157641
-157653
-157656
-157659
-157671
-157674
-157677
-157686
-157688
-157689
-157736
-157738
-157740
-157751
-157753
-157755
-157767
-157770
-157773
-157785
-157788
-157791
-157803
-157806
-157809
-157821
-157824
-157827
-157839
-157842
-157845
-157857
-157860
-157863
-157875
-157878
-157881
-157893
-157896
-157899
-157910
-157912
-157914
-157923
-157925
-157926
-157973
-157975
-157977
-157988
-157990
-157992
-158003
-158005
-158007
-158018
-158020
-158022
-158033
-158035
-158037
-158048
-158050
-158052
-158063
-158065
-158067
-158076
-158078
-158079
-158656
-158666
-158674
-158681
-158684
-158692
-158699
-158702
-158710
-158717
-158720
-158728
-158735
-158738
-158753
-158856
-158857
-158864
-158866
-158867
-158869
-158877
-158878
-158894
-158895
-158977
158984
-158986
-158995
159000
-159003
-159004
159010
-159019
-159026
-159029
-159096
-159097
-159106
-159107
-159109
-159117
-159118
-159119
159287
-159295
159300
-159303
-159304
159310
-159326
-159376
-159378
-159385
-159388
-159389
-159401
-159402
-159598
159605
-159607
159618
-159622
-159624
159628
-159632
-159679
-159681
-159688
-159689
-159691
159941
159951
-159957
159961
-160014
-160015
-160024
-160025
-160034
-160035
-160291
160296
160298
-160300
160306
-160322
-160383
-160388
-160393
-160394
160677
-160681
160682
160687
-160691
-160749
-160750
-160754
-160759
-160760
161055
161060
161065
-161081
-161124
-161129
-161134
161448
161453
161458
-161508
-161518
-161528
-161529
-161845
161850
161852
-161854
161860
-161922
-161927
-161932
162258
162263
162268
-162327
-162332
-162337
162663
162668
162673
-162732
-162737
-162742
163068
163073
163078
-163137
-163142
-163147
163473
163478
163483
-163547
-163557
163563
-163567
163879
163881
163888
163889
163891
-163953
163957
-163958
-163963
163967
164277
164282
164287
164288
-164334
-164339
-164344
164360
164640
164641
164645
164650
164651
-164721
164725
-164726
-164731
164735
165015
165020
165025
165026
-165089
-165099
165105
-165109
165361
165363
165370
165371
165373
165433
-165438
-165440
165442
-165448
165464
165690
165691
165700
165701
165710
165711
165760
-165767
165769
-165780
165784
165786
-165790
165794
165982
165984
165991
165994
165995
166007
166008
-166067
166075
-166080
166083
166084
-166090
166099
166106
166109
166248
166249
166256
166258
166259
166261
166269
166270
166271
-166361
166369
166377
166378
-166389
166393
166395
-166399
166403
166411
166418
166421
166429
166436
166439
166447
166454
166457
166465
166472
166475
166477
166479
166486
166489
166490
166495
166503
166504
166505
-167032
-167042
-167050
-167057
-167060
-167068
-167075
-167078
-167086
-167093
-167096
-167104
-167111
-167114
-167129
-167232
-167233
-167240
-167242
-167243
-167245
-167253
-167254
-167270
-167271
-167341
167348
-167350
-167359
167364
-167367
-167368
167374
-167383
-167390
-167393
-167460
-167461
-167470
-167471
-167473
-167481
-167482
-167483
167548
-167554
167559
-167562
-167563
167569
-167585
-167635
-167637
-167644
-167647
-167648
-167660
-167661
-167671
167679
-167682
167694
-167698
-167700
167704
-167708
-167755
-167757
-167764
-167765
-167767
167803
167814
-167820
167824
-167877
-167878
-167887
-167888
-167897
-167898
-167908
167914
167916
-167919
167926
-167942
-168003
-168008
-168013
-168014
168021
-168026
168027
168033
-168038
-168096
-168097
-168101
-168106
-168107
168129
168134
168139
-168155
-168198
-168203
-168208
168249
168254
168259
-168309
-168319
-168329
-168330
-168340
168346
168348
-168351
168358
-168420
-168425
-168430
168453
168458
168463
-168522
-168527
-168532
168555
168560
168565
-168624
-168629
-168634
168657
168662
168667
-168726
-168731
-168736
168759
168764
168769
-168833
-168843
168849
-168853
168859
168861
168870
168871
168873
-168936
168940
-168941
-168946
168950
168993
168998
169003
169004
-169050
-169055
-169060
169074
169083
169084
169088
169093
169094
-169164
169167
-169169
-169174
169177
169182
169188
169194
169195
-169259
-169270
169276
-169282
169288
169291
169301
169302
169305
169366
-169371
-169373
169375
-169381
169400
169412
169413
169426
169427
169436
169437
169486
-169493
169495
-169507
169510
169513
-169519
169522
169525
169528
169538
169542
169543
169556
169557
-169616
169624
-169630
169633
169635
-169642
169651
169658
169661
169707
169708
169715
169717
169718
169720
169729
169731
169732
-169823
169831
169839
169840
-169852
169856
169858
-169864
169868
169876
169883
169886
169894
169901
169904
169912
169919
169922
169930
169937
169940
169942
169945
169953
169957
169958
169963
169971
169972
169973
-170500
-170510
-170518
-170525
-170528
-170536
-170543
-170546
-170554
-170561
-170564
-170572
-170579
-170582
-170597
-170700
-170701
-170708
-170710
-170711
-170713
-170721
-170722
-170738
-170739
-170809
170816
-170818
-170827
170832
-170835
-170836
170842
-170851
-170858
-170861
-170928
-170929
-170938
-170939
-170941
-170949
-170950
-170951
171016
-171022
171027
-171030
-171031
171037
-171053
-171103
-171105
-171112
-171115
-171116
-171128
-171129
-171139
171147
-171150
171162
-171166
-171168
171172
-171176
-171223
-171225
-171232
-171233
-171235
171271
171282
-171288
171292
-171345
-171346
-171355
-171356
-171365
-171366
-171376
171382
171384
-171387
171394
-171410
-171471
-171476
-171481
-171482
171489
-171494
171495
171501
-171506
-171564
-171565
-171569
-171574
-171575
171597
171602
171607
-171623
-171666
-171671
-171676
171717
171722
171727
-171777
-171787
-171797
-171798
-171808
171814
171816
-171819
171826
-171888
-171893
-171898
171921
171926
171931
-171990
-171995
-172000
172023
172028
172033
-172092
-172097
-172102
172125
172130
172135
-172194
-172199
-172204
172227
172232
172237
-172301
-172311
172317
-172321
172327
172329
172338
172339
172341
-172404
172408
-172409
-172414
172418
172461
172466
172471
172472
-172518
-172523
-172528
172542
172551
172552
172556
172561
172562
-172632
172635
-172637
-172642
172645
172650
172656
172662
172663
-172727
-172738
172744
-172750
172756
172759
172769
172770
172773
172834
-172839
-172841
172843
-172849
172868
172880
172881
172894
172895
172904
172905
172954
-172961
172963
-172975
172978
172981
-172987
172990
172993
172996
173006
173010
173011
173024
173025
-173084
173092
-173098
173101
173103
-173110
173119
173126
173129
173175
173176
173183
173185
173186
173188
173197
173199
173200
-173291
173299
173307
173308
-173320
173324
173326
-173332
173336
173344
173351
173354
173362
173369
173372
173380
173387
173390
173398
173405
173408
173410
173413
173421
173425
173426
173431
173439
173440
173441
-173968
-173978
-173986
-173993
-173996
-174004
-174011
-174014
-174022
-174029
-174032
-174040
-174047
-174050
-174065
-174168
-174169
-174176
-174178
-174179
-174181
-174189
-174190
-174206
-174207
-174277
174284
-174286
-174295
174300
-174303
-174304
174310
-174319
-174326
-174329
-174396
-174397
-174406
-174407
-174409
-174417
-174418
-174419
174484
-174490
174495
-174498
-174499
174505
-174521
-174571
-174573
-174580
-174583
-174584
-174596
-174597
-174607
174615
-174618
174630
-174634
-174636
174640
-174644
-174691
-174693
-174700
-174701
-174703
174739
174750
-174756
174760
-174813
-174814
-174823
-174824
-174833
-174834
-174844
174850
174852
-174855
174862
-174878
-174939
-174944
-174949
-174950
174957
-174962
174963
174969
-174974
-175032
-175033
-175037
-175042
-175043
175065
175070
175075
-175091
-175134
-175139
-175144
175185
175190
175195
-175245
-175255
-175265
-175266
-175276
175282
175284
-175287
175294
-175356
-175361
-175366
175389
175394
175399
-175458
-175463
-175468
175491
175496
175501
-175560
-175565
-175570
175593
175598
175603
-175662
-175667
-175672
175695
175700
175705
-175769
-175779
175785
-175789
175795
175797
175806
175807
175809
-175872
175876
-175877
-175882
175886
175929
175934
175939
175940
-175986
-175991
-175996
176010
176019
176020
176024
176029
176030
-176100
176103
-176105
-176110
176113
176118
176124
176130
176131
-176195
-176206
176212
-176218
176224
176227
176237
176238
176241
176302
-176307
-176309
176311
-176317
176336
176348
176349
176362
176363
176372
176373
176422
-176429
176431
-176443
176446
176449
-176455
176458
176461
176464
176474
176478
176479
176492
176493
-176552
176560
-176566
176569
176571
-176578
176587
176594
176597
176643
176644
176651
176653
176654
176656
176665
176667
176668
-176759
176767
176775
176776
-176788
176792
176794
-176800
176804
176812
176819
176822
176830
176837
176840
176848
176855
176858
176866
176873
176876
176878
176881
176889
176893
176894
176899
176907
176908
176909
-177436
-177446
-177454
-177461
-177464
-177472
-177479
-177482
-177490
-177497
-177500
-177508
-177515
-177518
-177533
-177636
-177637
-177644
-177646
-177647
-177649
-177657
-177658
-177674
-177675
-177745
177752
-177754
-177763
177768
-177771
-177772
177778
-177787
-177794
-177797
-177864
-177865
-177874
-177875
-177877
-177885
-177886
-177887
177952
-177958
177963
-177966
-177967
177973
-177989
-178039
-178041
-178048
-178051
-178052
-178064
-178065
-178075
178083
-178086
178098
-178102
-178104
178108
-178112
-178159
-178161
-178168
-178169
-178171
178207
178218
-178224
178228
-178281
-178282
-178291
-178292
-178301
-178302
-178312
178318
178320
-178323
178330
-178346
-178407
-178412
-178417
-178418
178425
-178430
178431
178437
-178442
-178500
-178501
-178505
-178510
-178511
178533
178538
178543
-178559
-178602
-178607
-178612
178653
178658
178663
-178713
-178723
-178733
-178734
-178744
178750
178752
-178755
178762
-178824
-178829
-178834
178857
178862
178867
-178926
-178931
-178936
178959
178964
178969
-179028
-179033
-179038
179061
179066
179071
-179130
-179135
-179140
179163
179168
179173
-179237
-179247
179253
-179257
179263
179265
179274
179275
179277
-179340
179344
-179345
-179350
179354
179397
179402
179407
179408
-179454
-179459
-179464
179478
179487
179488
179492
179497
179498
-179568
179571
-179573
-179578
179581
179586
179592
179598
179599
-179663
-179674
179680
-179686
179692
179695
179705
179706
179709
179770
-179775
-179777
179779
-179785
179804
179816
179817
179830
179831
179840
179841
179890
-179897
179899
-179911
179914
179917
-179923
179926
179929
179932
179942
179946
179947
179960
179961
-180020
180028
-180034
180037
180039
-180046
180055
180062
180065
180111
180112
180119
180121
180122
180124
180133
180135
180136
-180227
180235
180243
180244
-180256
180260
180262
-180268
180272
180280
180287
180290
180298
180305
180308
180316
180323
180326
180334
180341
180344
180346
180349
180357
180361
180362
180367
180375
180376
180377
-180904
-180914
-180922
-180929
-180932
-180940
-180947
-180950
-180958
-180965
-180968
-180976
-180983
-180986
-181001
-181104
-181105
-181112
-181114
-181115
-181117
-181125
-181126
-181142
-181143
-181213
181220
-181222
-181231
181236
-181239
-181240
181246
-181255
-181262
-181265
-181332
-181333
-181342
-181343
-181345
-181353
-181354
-181355
181420
-181426
181431
-181434
-181435
181441
-181457
-181507
-181509
-181516
-181519
-181520
-181532
-181533
-181543
181551
-181554
181566
-181570
-181572
181576
-181580
-181627
-181629
-181636
-181637
-181639
181675
181686
-181692
181696
-181749
-181750
-181759
-181760
-181769
-181770
-181780
181786
181788
-181791
181798
-181814
-181875
-181880
-181885
-181886
181893
-181898
181899
181905
-181910
-181968
-181969
-181973
-181978
-181979
182001
182006
182011
-182027
-182070
-182075
-182080
182121
182126
182131
-182181
-182191
-182201
-182202
-182212
182218
182220
-182223
182230
-182292
-182297
-182302
182325
182330
182335
-182394
-182399
-182404
182427
182432
182437
-182496
-182501
-182506
182529
182534
182539
-182598
-182603
-182608
182631
182636
182641
-182705
-182715
182721
-182725
182731
182733
182742
182743
182745
-182808
182812
-182813
-182818
182822
182865
182870
182875
182876
-182922
-182927
-182932
182946
182955
182956
182960
182965
182966
-183036
183039
-183041
-183046
183049
183054
183060
183066
183067
-183131
-183142
183148
-183154
183160
183163
183173
183174
183177
183238
-183243
-183245
183247
-183253
183272
183284
183285
183298
183299
183308
183309
183358
-183365
183367
-183379
183382
183385
-183391
183394
183397
183400
183410
183414
183415
183428
183429
-183488
183496
-183502
183505
183507
-183514
183523
183530
183533
183579
183580
183587
183589
183590
183592
183601
183603
183604
-183695
183703
183711
183712
-183724
183728
183730
-183736
183740
183748
183755
183758
183766
183773
183776
183784
183791
183794
183802
183809
183812
183814
183817
183825
183829
183830
183835
183843
183844
183845
-184372
-184382
-184390
-184397
-184400
-184408
-184415
-184418
-184426
-184433
-184436
-184444
-184451
-184454
-184469
-184572
-184573
-184580
-184582
-184583
-184585
-184593
-184594
-184610
-184611
-184681
184688
-184690
-184699
184704
-184707
-184708
184714
-184723
-184730
-184733
-184800
-184801
-184810
-184811
-184813
-184821
-184822
-184823
184888
-184894
184899
-184902
-184903
184909
-184925
-184975
-184977
-184984
-184987
-184988
-185000
-185001
-185011
185019
-185022
185034
-185038
-185040
185044
-185048
-185095
-185097
-185104
-185105
-185107
185143
185154
-185160
185164
-185217
-185218
-185227
-185228
-185237
-185238
-185248
185254
185256
-185259
185266
-185282
-185343
-185348
-185353
-185354
185361
-185366
185367
185373
-185378
-185436
-185437
-185441
-185446
-185447
185469
185474
185479
-185495
-185538
-185543
-185548
185589
185594
185599
-185649
-185659
-185669
-185670
-185680
185686
185688
-185691
185698
-185760
-185765
-185770
185793
185798
185803
-185862
-185867
-185872
185895
185900
185905
-185964
-185969
-185974
185997
186002
186007
-186066
-186071
-186076
186099
186104
186109
-186173
-186183
186189
-186193
186199
186201
186210
186211
186213
-186276
186280
-186281
-186286
186290
186333
186338
186343
186344
-186390
-186395
-186400
186414
186423
186424
186428
186433
186434
-186504
186507
-186509
-186514
186517
186522
186528
186534
186535
-186599
-186610
186616
-186622
186628
186631
186641
186642
186645
186706
-186711
-186713
186715
-186721
186740
186752
186753
186766
186767
186776
186777
186826
-186833
186835
-186847
186850
186853
-186859
186862
186865
186868
186878
186882
186883
186896
186897
-186956
186964
-186970
186973
186975
-186982
186991
186998
187001
187047
187048
187055
187057
187058
187060
187069
187071
187072
-187163
187171
187179
187180
-187192
187196
187198
-187204
187208
187216
187223
187226
187234
187241
187244
187252
187259
187262
187270
187277
187280
187282
187285
187293
187297
187298
187303
187311
187312
187313
-187840
-187850
-187858
-187865
-187868
-187876
-187883
-187886
-187894
-187901
-187904
-187912
-187919
-187922
-187937
-188040
-188041
-188048
-188050
-188051
-188053
-188061
-188062
-188078
-188079
-188149
188156
-188158
-188167
188172
-188175
-188176
188182
-188191
-188198
-188201
-188268
-188269
-188278
-188279
-188281
-188289
-188290
-188291
188356
-188362
188367
-188370
-188371
188377
-188393
-188443
-188445
-188452
-188455
-188456
-188468
-188469
-188479
188487
-188490
188502
-188506
-188508
188512
-188516
-188563
-188565
-188572
-188573
-188575
188611
188622
-188628
188632
-188685
-188686
-188695
-188696
-188705
-188706
-188716
188722
188724
-188727
188734
-188750
-188811
-188816
-188821
-188822
188829
-188834
188835
188841
-188846
-188904
-188905
-188909
-188914
-188915
188937
188942
188947
-188963
-189006
-189011
-189016
189057
189062
189067
-189117
-189127
-189137
-189138
-189148
189154
189156
-189159
189166
-189228
-189233
-189238
189261
189266
189271
-189330
-189335
-189340
189363
189368
189373
-189432
-189437
-189442
189465
189470
189475
-189534
-189539
-189544
189567
189572
189577
-189641
-189651
189657
-189661
189667
189669
189678
189679
189681
-189744
189748
-189749
-189754
189758
189801
189806
189811
189812
-189858
-189863
-189868
189882
189891
189892
189896
189901
189902
-189972
189975
-189977
-189982
189985
189990
189996
190002
190003
-190067
-190078
190084
-190090
190096
190099
190109
190110
190113
190174
-190179
-190181
190183
-190189
190208
190220
190221
190234
190235
190244
190245
190294
-190301
190303
-190315
190318
190321
-190327
190330
190333
190336
190346
190350
190351
190364
190365
-190424
190432
-190438
190441
190443
-190450
190459
190466
190469
190515
190516
190523
190525
190526
190528
190537
190539
190540
-190631
190639
190647
190648
-190660
190664
190666
-190672
190676
190684
190691
190694
190702
190709
190712
190720
190727
190730
190738
190745
190748
190750
190753
190761
190765
190766
190771
190779
190780
190781
-191308
-191318
-191326
-191333
-191336
-191344
-191351
-191354
-191362
-191369
-191372
-191380
-191387
-191390
-191405
-191508
-191509
-191516
-191518
-191519
-191521
-191529
-191530
-191546
-191547
-191617
191624
-191626
-191635
191640
-191643
-191644
191650
-191659
-191666
-191669
-191736
-191737
-191746
-191747
-191749
-191757
-191758
-191759
191824
-191830
191835
-191838
-191839
191845
-191861
-191911
-191913
-191920
-191923
-191924
-191936
-191937
-191947
191955
-191958
191970
-191974
-191976
191980
-191984
-192031
-192033
-192040
-192041
-192043
192079
192090
-192096
192100
-192153
-192154
-192163
-192164
-192173
-192174
-192184
192190
192192
-192195
192202
-192218
-192279
-192284
-192289
-192290
192297
-192302
192303
192309
-192314
-192372
-192373
-192377
-192382
-192383
192405
192410
192415
-192431
-192474
-192479
-192484
192525
192530
192535
-192585
-192595
-192605
-192606
-192616
192622
192624
-192627
192634
-192696
-192701
-192706
192729
192734
192739
-192798
-192803
-192808
192831
192836
192841
-192900
-192905
-192910
192933
192938
192943
-193002
-193007
-193012
193035
193040
193045
-193109
-193119
193125
-193129
193135
193137
193146
193147
193149
-193212
193216
-193217
-193222
193226
193269
193274
193279
193280
-193326
-193331
-193336
193350
193359
193360
193364
193369
193370
-193440
193443
-193445
-193450
193453
193458
193464
193470
193471
-193535
-193546
193552
-193558
193564
193567
193577
193578
193581
193642
-193647
-193649
193651
-193657
193676
193688
193689
193702
193703
193712
193713
193762
-193769
193771
-193783
193786
193789
-193795
193798
193801
193804
193814
193818
193819
193832
193833
-193892
193900
-193906
193909
193911
-193918
193927
193934
193937
193983
193984
193991
193993
193994
193996
194005
194007
194008
-194099
194107
194115
194116
-194128
194132
194134
-194140
194144
194152
194159
194162
194170
194177
194180
194188
194195
194198
194206
194213
194216
194218
194221
194229
194233
194234
194239
194247
194248
194249
-194776
-194786
-194794
-194801
-194804
-194812
-194819
-194822
-194830
-194837
-194840
-194848
-194855
-194858
-194873
-194976
-194977
-194984
-194986
-194987
-194989
-194997
-194998
-195014
-195015
-195085
195092
-195094
-195103
195108
-195111
-195112
195118
-195127
-195134
-195137
-195204
-195205
-195214
-195215
-195217
-195225
-195226
-195227
195292
-195298
195303
-195306
-195307
195313
-195329
-195379
-195381
-195388
-195391
-195392
-195404
-195405
-195415
195423
-195426
195438
-195442
-195444
195448
-195452
-195499
-195501
-195508
-195509
-195511
195547
195558
-195564
195568
-195621
-195622
-195631
-195632
-195641
-195642
-195652
195658
195660
-195663
195670
-195686
-195747
-195752
-195757
-195758
195765
-195770
195771
195777
-195782
-195840
-195841
-195845
-195850
-195851
195873
195878
195883
-195899
-195942
-195947
-195952
195993
195998
196003
-196053
-196063
-196073
-196074
-196084
196090
196092
-196095
196102
-196164
-196169
-196174
196197
196202
196207
-196266
-196271
-196276
196299
196304
196309
-196368
-196373
-196378
196401
196406
196411
-196470
-196475
-196480
196503
196508
196513
-196577
-196587
196593
-196597
196603
196605
196614
196615
196617
-196680
196684
-196685
-196690
196694
196737
196742
196747
196748
-196794
-196799
-196804
196818
196827
196828
196832
196837
196838
-196908
196911
-196913
-196918
196921
196926
196932
196938
196939
-197003
-197014
197020
-197026
197032
197035
197045
197046
197049
197110
-197115
-197117
197119
-197125
197144
197156
197157
197170
197171
197180
197181
197230
-197237
197239
-197251
197254
197257
-197263
197266
197269
197272
197282
197286
197287
197300
197301
-197360
197368
-197374
197377
197379
-197386
197395
197402
197405
197451
197452
197459
197461
197462
197464
197473
197475
197476
-197567
197575
197583
197584
-197596
197600
197602
-197608
197612
197620
197627
197630
197638
197645
197648
197656
197663
197666
197674
197681
197684
197686
197689
197697
197701
197702
197707
197715
197716
197717
-198244
-198254
-198262
-198269
-198272
-198280
-198287
-198290
-198298
-198305
-198308
-198316
-198323
-198326
-198341
-198444
-198445
-198452
-198454
-198455
-198457
-198465
-198466
-198482
-198483
-198553
198560
-198562
-198571
198576
-198579
-198580
198586
-198595
-198602
-198605
-198672
-198673
-198682
-198683
-198685
-198693
-198694
-198695
198760
-198766
198771
-198774
-198775
198781
-198797
-198847
-198849
-198856
-198859
-198860
-198872
-198873
-198883
198891
-198894
198906
-198910
-198912
198916
-198920
-198967
-198969
-198976
-198977
-198979
199015
199026
-199032
199036
-199089
-199090
-199099
-199100
-199109
-199110
-199120
199126
199128
-199131
199138
-199154
-199215
-199220
-199225
-199226
199233
-199238
199239
199245
-199250
-199308
-199309
-199313
-199318
-199319
199341
199346
199351
-199367
-199410
-199415
-199420
199461
199466
199471
-199521
-199531
-199541
-199542
-199552
199558
199560
-199563
199570
-199632
-199637
-199642
199665
199670
199675
-199734
-199739
-199744
199767
199772
199777
-199836
-199841
-199846
199869
199874
199879
-199938
-199943
-199948
199971
199976
199981
-200045
-200055
200061
-200065
200071
200073
200082
200083
200085
-200148
200152
-200153
-200158
200162
200205
200210
200215
200216
-200262
-200267
-200272
200286
200295
200296
200300
200305
200306
-200376
200379
-200381
-200386
200389
200394
200400
200406
200407
-200471
-200482
200488
-200494
200500
200503
200513
200514
200517
200578
-200583
-200585
200587
-200593
200612
200624
200625
200638
200639
200648
200649
200698
-200705
200707
-200719
200722
200725
-200731
200734
200737
200740
200750
200754
200755
200768
200769
-200828
200836
-200842
200845
200847
-200854
200863
200870
200873
200919
200920
200927
200929
200930
200932
200941
200943
200944
-201035
201043
201051
201052
-201064
201068
201070
-201076
201080
201088
201095
201098
201106
201113
201116
201124
201131
201134
201142
201149
201152
201154
201157
201165
201169
201170
201175
201183
201184
201185
-201712
-201722
-201730
-201737
-201740
-201748
-201755
-201758
-201766
-201773
-201776
-201784
-201791
-201794
-201809
-201912
-201913
-201920
-201922
-201923
-201925
-201933
-201934
-201950
-201951
-202021
202028
-202030
-202039
202044
-202047
-202048
202054
-202063
-202070
-202073
-202140
-202141
-202150
-202151
-202153
-202161
-202162
-202163
202228
-202234
202239
-202242
-202243
202249
-202265
-202315
-202317
-202324
-202327
-202328
-202340
-202341
-202351
202359
-202362
202374
-202378
-202380
202384
-202388
-202435
-202437
-202444
-202445
-202447
202483
202494
-202500
202504
-202557
-202558
-202567
-202568
-202577
-202578
-202588
202594
202596
-202599
202606
-202622
-202683
-202688
-202693
-202694
202701
-202706
202707
202713
-202718
-202776
-202777
-202781
-202786
-202787
202809
202814
202819
-202835
-202878
-202883
-202888
202929
202934
202939
-202989
-202999
-203009
-203010
-203020
203026
203028
-203031
203038
-203100
-203105
-203110
203133
203138
203143
-203202
-203207
-203212
203235
203240
203245
-203304
-203309
-203314
203337
203342
203347
-203406
-203411
-203416
203439
203444
203449
-203513
-203523
203529
-203533
203539
203541
203550
203551
203553
-203616
203620
-203621
-203626
203630
203673
203678
203683
203684
-203730
-203735
-203740
203754
203763
203764
203768
203773
203774
-203844
203847
-203849
-203854
203857
203862
203868
203874
203875
-203939
-203950
203956
-203962
203968
203971
203981
203982
203985
204046
-204051
-204053
204055
-204061
204080
204092
204093
204106
204107
204116
204117
204166
-204173
204175
-204187
204190
204193
-204199
204202
204205
204208
204218
204222
204223
204236
204237
-204296
204304
-204310
204313
204315
-204322
204331
204338
204341
204387
204388
204395
204397
204398
204400
204409
204411
204412
-204503
204511
204519
204520
-204532
204536
204538
-204544
204548
204556
204563
204566
204574
204581
204584
204592
204599
204602
204610
204617
204620
204622
204625
204633
204637
204638
204643
204651
204652
204653
-205180
-205190
-205198
-205205
-205208
-205216
-205223
-205226
-205234
-205241
-205244
-205252
-205259
-205262
-205277
-205380
-205381
-205388
-205390
-205391
-205393
-205401
-205402
-205418
-205419
-205489
205496
-205498
-205507
205512
-205515
-205516
205522
-205531
-205538
-205541
-205608
-205609
-205618
-205619
-205621
-205629
-205630
-205631
205696
-205702
205707
-205710
-205711
205717
-205733
-205783
-205785
-205792
-205795
-205796
-205808
-205809
-205819
205827
-205830
205842
-205846
-205848
205852
-205856
-205903
-205905
-205912
-205913
-205915
205951
205962
-205968
205972
-206025
-206026
-206035
-206036
-206045
-206046
-206056
206062
206064
-206067
206074
-206090
-206151
-206156
-206161
-206162
206169
-206174
206175
206181
-206186
-206244
-206245
-206249
-206254
-206255
206277
206282
206287
-206303
-206346
-206351
-206356
206397
206402
206407
-206457
-206467
-206477
-206478
-206488
206494
206496
-206499
206506
-206568
-206573
-206578
206601
206606
206611
-206670
-206675
-206680
206703
206708
206713
-206772
-206777
-206782
206805
206810
206815
-206874
-206879
-206884
206907
206912
206917
-206981
-206991
206997
-207001
207007
207009
207018
207019
207021
-207084
207088
-207089
-207094
207098
207141
207146
207151
207152
-207198
-207203
-207208
207222
207231
207232
207236
207241
207242
-207312
207315
-207317
-207322
207325
207330
207336
207342
207343
-207407
-207418
207424
-207430
207436
207439
207449
207450
207453
207514
-207519
-207521
207523
-207529
207548
207560
207561
207574
207575
207584
207585
207634
-207641
207643
-207655
207658
207661
-207667
207670
207673
207676
207686
207690
207691
207704
207705
-207764
207772
-207778
207781
207783
-207790
207799
207806
207809
207855
207856
207863
207865
207866
207868
207877
207879
207880
-207971
207979
207987
207988
-208000
208004
208006
-208012
208016
208024
208031
208034
208042
208049
208052
208060
208067
208070
208078
208085
208088
208090
208093
208101
208105
208106
208111
208119
208120
208121
-208648
-208658
-208666
-208673
-208676
-208684
-208691
-208694
-208702
-208709
-208712
-208720
-208727
-208730
-208745
-208848
-208849
-208856
-208858
-208859
-208861
-208869
-208870
-208886
-208887
-208957
208964
-208966
-208975
208980
-208983
-208984
208990
-208999
-209006
-209009
-209076
-209077
-209086
-209087
-209089
-209097
-209098
-209099
209164
-209170
209175
-209178
-209179
209185
-209201
-209251
-209253
-209260
-209263
-209264
-209276
-209277
-209287
209295
-209298
209310
-209314
-209316
209320
-209324
-209371
-209373
-209380
-209381
-209383
209419
209430
-209436
209440
-209493
-209494
-209503
-209504
-209513
-209514
-209524
209530
209532
-209535
209542
-209558
-209619
-209624
-209629
-209630
209637
-209642
209643
209649
-209654
-209712
-209713
-209717
-209722
-209723
209745
209750
209755
-209771
-209814
-209819
-209824
209865
209870
209875
-209925
-209935
-209945
-209946
-209956
209962
209964
-209967
209974
-210036
-210041
-210046
210069
210074
210079
-210138
-210143
-210148
210171
210176
210181
-210240
-210245
-210250
210273
210278
210283
-210342
-210347
-210352
210375
210380
210385
-210449
-210459
210465
-210469
210475
210477
210486
210487
210489
-210552
210556
-210557
-210562
210566
210609
210614
210619
210620
-210666
-210671
-210676
210690
210699
210700
210704
210709
210710
-210780
210783
-210785
-210790
210793
210798
210804
210810
210811
-210875
-210886
210892
-210898
210904
210907
210917
210918
210921
210982
-210987
-210989
210991
-210997
211016
211028
211029
211042
211043
211052
211053
211102
-211109
211111
-211123
211126
211129
-211135
211138
211141
211144
211154
211158
211159
211172
211173
-211232
211240
-211246
211249
211251
-211258
211267
211274
211277
211323
211324
211331
211333
211334
211336
211345
211347
211348
-211439
211447
211455
211456
-211468
211472
211474
-211480
211484
211492
211499
211502
211510
211517
211520
211528
211535
211538
211546
211553
211556
211558
211561
211569
211573
211574
211579
211587
211588
211589
-212116
-212126
-212134
-212141
-212144
-212152
-212159
-212162
-212170
-212177
-212180
-212188
-212195
-212198
-212213
-212316
-212317
-212324
-212326
-212327
-212329
-212337
-212338
-212354
-212355
-212425
212432
-212434
-212443
212448
-212451
-212452
212458
-212467
-212474
-212477
-212544
-212545
-212554
-212555
-212557
-212565
-212566
-212567
212632
-212638
212643
-212646
-212647
212653
-212669
-212719
-212721
-212728
-212731
-212732
-212744
-212745
-212755
212763
-212766
212778
-212782
-212784
212788
-212792
-212839
-212841
-212848
-212849
-212851
212887
212898
-212904
212908
-212961
-212962
-212971
-212972
-212981
-212982
-212992
212998
213000
-213003
213010
-213026
-213087
-213092
-213097
-213098
213105
-213110
213111
213117
-213122
-213180
-213181
-213185
-213190
-213191
213213
213218
213223
-213239
-213282
-213287
-213292
213333
213338
213343
-213393
-213403
-213413
-213414
-213424
213430
213432
-213435
213442
-213504
-213509
-213514
213537
213542
213547
-213606
-213611
-213616
213639
213644
213649
-213708
-213713
-213718
213741
213746
213751
-213810
-213815
-213820
213843
213848
213853
-213917
-213927
213933
-213937
213943
213945
213954
213955
213957
-214020
214024
-214025
-214030
214034
214077
214082
214087
214088
-214134
-214139
-214144
214158
214167
214168
214172
214177
214178
-214248
214251
-214253
-214258
214261
214266
214272
214278
214279
-214343
-214354
214360
-214366
214372
214375
214385
214386
214389
214450
-214455
-214457
214459
-214465
214484
214496
214497
214510
214511
214520
214521
214570
-214577
214579
-214591
214594
214597
-214603
214606
214609
214612
214622
214626
214627
214640
214641
-214700
214708
-214714
214717
214719
-214726
214735
214742
214745
214791
214792
214799
214801
214802
214804
214813
214815
214816
-214907
214915
214923
214924
-214936
214940
214942
-214948
214952
214960
214967
214970
214978
214985
214988
214996
215003
215006
215014
215021
215024
215026
215029
215037
215041
215042
215047
215055
215056
215057
-215584
-215594
-215602
-215609
-215612
-215620
-215627
-215630
-215638
-215645
-215648
-215656
-215663
-215666
-215681
-215784
-215785
-215792
-215794
-215795
-215797
-215805
-215806
-215822
-215823
-215893
215900
-215902
-215911
215916
-215919
-215920
215926
-215935
-215942
-215945
-216012
-216013
-216022
-216023
-216025
-216033
-216034
-216035
216100
-216106
216111
-216114
-216115
216121
-216137
-216187
-216189
-216196
-216199
-216200
-216212
-216213
-216223
216231
-216234
216246
-216250
-216252
216256
-216260
-216307
-216309
-216316
-216317
-216319
216355
216366
-216372
216376
-216429
-216430
-216439
-216440
-216449
-216450
-216460
216466
216468
-216471
216478
-216494
-216555
-216560
-216565
-216566
216573
-216578
216579
216585
-216590
-216648
-216649
-216653
-216658
-216659
216681
216686
216691
-216707
-216750
-216755
-216760
216801
216806
216811
-216861
-216871
-216881
-216882
-216892
216898
216900
-216903
216910
-216972
-216977
-216982
217005
217010
217015
-217074
-217079
-217084
217107
217112
217117
-217176
-217181
-217186
217209
217214
217219
-217278
-217283
-217288
217311
217316
217321
-217385
-217395
217401
-217405
217411
217413
217422
217423
217425
-217488
217492
-217493
-217498
217502
217545
217550
217555
217556
-217602
-217607
-217612
217626
217635
217636
217640
217645
217646
-217716
217719
-217721
-217726
217729
217734
217740
217746
217747
-217811
-217822
217828
-217834
217840
217843
217853
217854
217857
217918
-217923
-217925
217927
-217933
217952
217964
217965
217978
217979
217988
217989
218038
-218045
218047
-218059
218062
218065
-218071
218074
218077
218080
218090
218094
218095
218108
218109
-218168
218176
-218182
218185
218187
-218194
218203
218210
218213
218259
218260
218267
218269
218270
218272
218281
218283
218284
-218375
218383
218391
218392
-218404
218408
218410
-218416
218420
218428
218435
218438
218446
218453
218456
218464
218471
218474
218482
218489
218492
218494
218497
218505
218509
218510
218515
218523
218524
218525
-219052
-219062
-219070
-219077
-219080
-219088
-219095
-219098
-219106
-219113
-219116
-219124
-219131
-219134
-219149
-219252
-219253
-219260
-219262
-219263
-219265
-219273
-219274
-219290
-219291
-219361
219368
-219370
-219379
219384
-219387
-219388
219394
-219403
-219410
-219413
-219480
-219481
-219490
-219491
-219493
-219501
-219502
-219503
219568
-219574
219579
-219582
-219583
219589
-219605
-219655
-219657
-219664
-219667
-219668
-219680
-219681
-219691
219699
-219702
219714
-219718
-219720
219724
-219728
-219775
-219777
-219784
-219785
-219787
219823
219834
-219840
219844
-219897
-219898
-219907
-219908
-219917
-219918
-219928
219934
219936
-219939
219946
-219962
-220023
-220028
-220033
-220034
220041
-220046
220047
220053
-220058
-220116
-220117
-220121
-220126
-220127
220149
220154
220159
-220175
-220218
-220223
-220228
220269
220274
220279
-220329
-220339
-220349
-220350
-220360
220366
220368
-220371
220378
-220440
-220445
-220450
220473
220478
220483
-220542
-220547
-220552
220575
220580
220585
-220644
-220649
-220654
220677
220682
220687
-220746
-220751
-220756
220779
220784
220789
-220853
-220863
220869
-220873
220879
220881
220890
220891
220893
-220956
220960
-220961
-220966
220970
221013
221018
221023
221024
-221070
-221075
-221080
221094
221103
221104
221108
221113
221114
-221184
221187
-221189
-221194
221197
221202
221208
221214
221215
-221279
-221290
221296
-221302
221308
221311
221321
221322
221325
221386
-221391
-221393
221395
-221401
221420
221432
221433
221446
221447
221456
221457
221506
-221513
221515
-221527
221530
221533
-221539
221542
221545
221548
221558
221562
221563
221576
221577
-221636
221644
-221650
221653
221655
-221662
221671
221678
221681
221727
221728
221735
221737
221738
221740
221749
221751
221752
-221843
221851
221859
221860
-221872
221876
221878
-221884
221888
221896
221903
221906
221914
221921
221924
221932
221939
221942
221950
221957
221960
221962
221965
221973
221977
221978
221983
221991
221992
221993
-222520
-222530
-222538
-222545
-222548
-222556
-222563
-222566
-222574
-222581
-222584
-222592
-222599
-222602
-222617
-222720
-222721
-222728
-222730
-222731
-222733
-222741
-222742
-222758
-222759
-222829
222836
-222838
-222847
222852
-222855
-222856
222862
-222871
-222878
-222881
-222948
-222949
-222958
-222959
-222961
-222969
-222970
-222971
223036
-223042
223047
-223050
-223051
223057
-223073
-223123
-223125
-223132
-223135
-223136
-223148
-223149
-223159
223167
-223170
223182
-223186
-223188
223192
-223196
-223243
-223245
-223252
-223253
-223255
223291
223302
-223308
223312
-223365
-223366
-223375
-223376
-223385
-223386
-223396
223402
223404
-223407
223414
-223430
-223491
-223496
-223501
-223502
223509
-223514
223515
223521
-223526
-223584
-223585
-223589
-223594
-223595
223617
223622
223627
-223643
-223686
-223691
-223696
223737
223742
223747
-223797
-223807
-223817
-223818
-223828
223834
223836
-223839
223846
-223908
-223913
-223918
223941
223946
223951
-224010
-224015
-224020
224043
224048
224053
-224112
-224117
-224122
224145
224150
224155
-224214
-224219
-224224
224247
224252
224257
-224321
-224331
224337
-224341
224347
224349
224358
224359
224361
-224424
224428
-224429
-224434
224438
224481
224486
224491
224492
-224538
-224543
-224548
224562
224571
224572
224576
224581
224582
-224652
224655
-224657
-224662
224665
224670
224676
224682
224683
-224747
-224758
224764
-224770
224776
224779
224789
224790
224793
224854
-224859
-224861
224863
-224869
224888
224900
224901
224914
224915
224924
224925
224974
-224981
224983
-224995
224998
225001
-225007
225010
225013
225016
225026
225030
225031
225044
225045
-225104
225112
-225118
225121
225123
-225130
225139
225146
225149
225195
225196
225203
225205
225206
225208
225217
225219
225220
-225311
225319
225327
225328
-225340
225344
225346
-225352
225356
225364
225371
225374
225382
225389
225392
225400
225407
225410
225418
225425
225428
225430
225433
225441
225445
225446
225451
225459
225460
225461
-225988
-225998
-226006
-226013
-226016
-226024
-226031
-226034
-226042
-226049
-226052
-226060
-226067
-226070
-226085
-226188
-226189
-226196
-226198
-226199
-226201
-226209
-226210
-226226
-226227
-226297
226304
-226306
-226315
226320
-226323
-226324
226330
-226339
-226346
-226349
-226416
-226417
-226426
-226427
-226429
-226437
-226438
-226439
226504
-226510
226515
-226518
-226519
226525
-226541
-226591
-226593
-226600
-226603
-226604
-226616
-226617
-226627
226635
-226638
226650
-226654
-226656
226660
-226664
-226711
-226713
-226720
-226721
-226723
226759
226770
-226776
226780
-226833
-226834
-226843
-226844
-226853
-226854
-226864
226870
226872
-226875
226882
-226898
-226959
-226964
-226969
-226970
226977
-226982
226983
226989
-226994
-227052
-227053
-227057
-227062
-227063
227085
227090
227095
-227111
-227154
-227159
-227164
227205
227210
227215
-227265
-227275
-227285
-227286
-227296
227302
227304
-227307
227314
-227376
-227381
-227386
227409
227414
227419
-227478
-227483
-227488
227511
227516
227521
-227580
-227585
-227590
227613
227618
227623
-227682
-227687
-227692
227715
227720
227725
-227789
-227799
227805
-227809
227815
227817
227826
227827
227829
-227892
227896
-227897
-227902
227906
227949
227954
227959
227960
-228006
-228011
-228016
228030
228039
228040
228044
228049
228050
-228120
228123
-228125
-228130
228133
228138
228144
228150
228151
-228215
-228226
228232
-228238
228244
228247
228257
228258
228261
228322
-228327
-228329
228331
-228337
228356
228368
228369
228382
228383
228392
228393
228442
-228449
228451
-228463
228466
228469
-228475
228478
228481
228484
228494
228498
228499
228512
228513
-228572
228580
-228586
228589
228591
-228598
228607
228614
228617
228663
228664
228671
228673
228674
228676
228685
228687
228688
-228779
228787
228795
228796
-228808
228812
228814
-228820
228824
228832
228839
228842
228850
228857
228860
228868
228875
228878
228886
228893
228896
228898
228901
228909
228913
228914
228919
228927
228928
228929
-229456
-229466
-229474
-229481
-229484
-229492
-229499
-229502
-229510
-229517
-229520
-229528
-229535
-229538
-229553
-229656
-229657
-229664
-229666
-229667
-229669
-229677
-229678
-229694
-229695
-229765
229772
-229774
-229783
229788
-229791
-229792
229798
-229807
-229814
-229817
-229884
-229885
-229894
-229895
-229897
-229905
-229906
-229907
229972
-229978
229983
-229986
-229987
229993
-230009
-230059
-230061
-230068
-230071
-230072
-230084
-230085
-230095
230103
-230106
230118
-230122
-230124
230128
-230132
-230179
-230181
-230188
-230189
-230191
230227
230238
-230244
230248
-230301
-230302
-230311
-230312
-230321
-230322
-230332
230338
230340
-230343
230350
-230366
-230427
-230432
-230437
-230438
230445
-230450
230451
230457
-230462
-230520
-230521
-230525
-230530
-230531
230553
230558
230563
-230579
-230622
-230627
-230632
230673
230678
230683
-230733
-230743
-230753
-230754
-230764
230770
230772
-230775
230782
-230844
-230849
-230854
230877
230882
230887
-230946
-230951
-230956
230979
230984
230989
-231048
-231053
-231058
231081
231086
231091
-231150
-231155
-231160
231183
231188
231193
-231257
-231267
231273
-231277
231283
231285
231294
231295
231297
-231360
231364
-231365
-231370
231374
231417
231422
231427
231428
-231474
-231479
-231484
231498
231507
231508
231512
231517
231518
-231588
231591
-231593
-231598
231601
231606
231612
231618
231619
-231683
-231694
231700
-231706
231712
231715
231725
231726
231729
231790
-231795
-231797
231799
-231805
231824
231836
231837
231850
231851
231860
231861
231910
-231917
231919
-231931
231934
231937
-231943
231946
231949
231952
231962
231966
231967
231980
231981
-232040
232048
-232054
232057
232059
-232066
232075
232082
232085
232131
232132
232139
232141
232142
232144
232153
232155
232156
-232247
232255
232263
232264
-232276
232280
232282
-232288
232292
232300
232307
232310
232318
232325
232328
232336
232343
232346
232354
232361
232364
232366
232369
232377
232381
232382
232387
232395
232396
232397
-232924
-232934
-232942
-232949
-232952
-232960
-232967
-232970
-232978
-232985
-232988
-232996
-233003
-233006
-233021
-233124
-233125
-233132
-233134
-233135
-233137
-233145
-233146
-233162
-233163
-233233
233240
-233242
-233251
233256
-233259
-233260
233266
-233275
-233282
-233285
-233352
-233353
-233362
-233363
-233365
-233373
-233374
-233375
233440
-233446
233451
-233454
-233455
233461
-233477
-233527
-233529
-233536
-233539
-233540
-233552
-233553
-233563
233571
-233574
233586
-233590
-233592
233596
-233600
-233647
-233649
-233656
-233657
-233659
233695
233706
-233712
233716
-233769
-233770
-233779
-233780
-233789
-233790
-233800
233806
233808
-233811
233818
-233834
-233895
-233900
-233905
-233906
233913
-233918
233919
233925
-233930
-233988
-233989
-233993
-233998
-233999
234021
234026
234031
-234047
-234090
-234095
-234100
234141
234146
234151
-234201
-234211
-234221
-234222
-234232
234238
234240
-234243
234250
-234312
-234317
-234322
234345
234350
234355
-234414
-234419
-234424
234447
234452
234457
-234516
-234521
-234526
234549
234554
234559
-234618
-234623
-234628
234651
234656
234661
-234725
-234735
234741
-234745
234751
234753
234762
234763
234765
-234828
234832
-234833
-234838
234842
234885
234890
234895
234896
-234942
-234947
-234952
234966
234975
234976
234980
234985
234986
-235056
235059
-235061
-235066
235069
235074
235080
235086
235087
-235151
-235162
235168
-235174
235180
235183
235193
235194
235197
235258
-235263
-235265
235267
-235273
235292
235304
235305
235318
235319
235328
235329
235378
-235385
235387
-235399
235402
235405
-235411
235414
235417
235420
235430
235434
235435
235448
235449
-235508
235516
-235522
235525
235527
-235534
235543
235550
235553
235599
235600
235607
235609
235610
235612
235621
235623
235624
-235715
235723
235731
235732
-235744
235748
235750
-235756
235760
235768
235775
235778
235786
235793
235796
235804
235811
235814
235822
235829
235832
235834
235837
235845
235849
235850
235855
235863
235864
235865
-236392
-236402
-236410
-236417
-236420
-236428
-236435
-236438
-236446
-236453
-236456
-236464
-236471
-236474
-236489
-236592
-236593
-236600
-236602
-236603
-236605
-236613
-236614
-236630
-236631
-236701
236708
-236710
-236719
236724
-236727
-236728
236734
-236743
-236750
-236753
-236820
-236821
-236830
-236831
-236833
-236841
-236842
-236843
236908
-236914
236919
-236922
-236923
236929
-236945
-236995
-236997
-237004
-237007
-237008
-237020
-237021
-237031
237039
-237042
237054
-237058
-237060
237064
-237068
-237115
-237117
-237124
-237125
-237127
237163
237174
-237180
237184
-237237
-237238
-237247
-237248
-237257
-237258
-237268
237274
237276
-237279
237286
-237302
-237363
-237368
-237373
-237374
237381
-237386
237387
237393
-237398
-237456
-237457
-237461
-237466
-237467
237489
237494
237499
-237515
-237558
-237563
-237568
237609
237614
237619
-237669
-237679
-237689
-237690
-237700
237706
237708
-237711
237718
-237780
-237785
-237790
237813
237818
237823
-237882
-237887
-237892
237915
237920
237925
-237984
-237989
-237994
238017
238022
238027
-238086
-238091
-238096
238119
238124
238129
-238193
-238203
238209
-238213
238219
238221
238230
238231
238233
-238296
238300
-238301
-238306
238310
238353
238358
238363
238364
-238410
-238415
-238420
238434
238443
238444
238448
238453
238454
-238524
238527
-238529
-238534
238537
238542
238548
238554
238555
-238619
-238630
238636
-238642
238648
238651
238661
238662
238665
238726
-238731
-238733
238735
-238741
238760
238772
238773
238786
238787
238796
238797
238846
-238853
238855
-238867
238870
238873
-238879
238882
238885
238888
238898
238902
238903
238916
238917
-238976
238984
-238990
238993
238995
-239002
239011
239018
239021
239067
239068
239075
239077
239078
239080
239089
239091
239092
-239183
239191
239199
239200
-239212
239216
239218
-239224
239228
239236
239243
239246
239254
239261
239264
239272
239279
239282
239290
239297
239300
239302
239305
239313
239317
239318
239323
239331
239332
239333
-239854
-239862
-239869
-239875
-239877
-239884
-239890
-239892
-239899
-239905
-239907
-239914
-239920
-239922
-239935
-240024
-240025
-240031
-240032
-240033
-240034
-240042
-240043
-240056
-240057
-240112
240119
-240121
-240127
240132
-240135
-240136
240140
-240148
-240154
-240156
-240213
-240214
-240221
-240222
-240223
-240231
-240232
-240233
240292
-240295
240300
-240303
-240304
240308
-240322
-240364
-240366
-240373
-240375
-240376
-240386
-240387
-240394
240402
-240405
240414
-240418
-240420
240423
-240426
-240469
-240471
-240478
-240479
-240480
240511
240519
-240525
240528
-240573
-240574
-240581
-240582
-240590
-240591
-240598
240604
240606
-240609
240614
-240628
-240684
-240689
-240693
-240694
240699
-240704
240705
240710
-240714
-240765
-240766
-240770
-240773
-240774
240792
240797
240800
-240814
-240849
-240854
-240858
240897
240902
240906
-240951
-240959
-240968
-240969
-240976
240982
240984
-240987
240992
-241050
-241055
-241058
241077
241082
241085
-241140
-241145
-241148
241167
241172
241175
-241230
-241235
-241238
241257
241262
241265
-241320
-241325
-241328
241347
241352
241355
-241415
-241422
241428
-241431
241435
241437
241446
241447
241448
-241503
241507
-241508
-241512
241515
241557
241562
241566
241567
-241605
-241610
-241613
241625
241632
241633
241637
241640
241641
-241701
241704
-241706
-241710
241712
241716
241722
241727
241728
-241784
-241792
241798
-241803
241807
241810
241820
241821
241823
241873
-241878
-241880
241882
-241886
241903
241913
241914
241925
241926
241934
241935
241975
-241982
241984
-241993
241996
241999
-242004
242006
242008
242011
242021
242024
242025
242036
242037
-242087
242092
-242098
242101
242103
-242108
242116
242122
242124
242169
242170
242176
242177
242178
242179
242188
242190
242191
-242267
242272
242280
242281
-242290
242294
242296
-242301
242304
242311
242317
242319
242326
242332
242334
242341
242347
242349
242356
242362
242364
242365
242368
242376
242379
242380
242383
242391
242392
242393
)


// ************************************************************************* //
