time_s,delta_t_s,step_id,t_eff_k,alpha,q_raw_w,q_target_w,q_applied_w,source_sum_openfoam_w
0.10000000000000001,0.10000000000000001,1,298.15000000000055,1,19.362792871646803,19.362792871646803,19.362792871646803,19.362792871646803
0.20000000000000001,0.10000000000000001,2,298.18292401511576,1,19.604556354426098,19.604556354426098,19.604556354426098,19.604556354426098
0.30000000000000004,0.10000000000000001,3,298.21547392345502,1,19.83751248557364,19.83751248557364,19.83751248557364,19.83751248557364
0.40000000000000002,0.10000000000000001,4,298.24781003249615,1,20.058800573748073,20.058800573748073,20.058800573748073,20.058800573748073
0.5,0.10000000000000001,5,298.28000453736797,1,20.269118228171138,20.269118228171138,20.269118228171138,20.269118228171138
0.59999999999999998,0.10000000000000001,6,298.31209701951411,1,20.469100308677675,20.469100308677675,20.469100308677675,20.469100308677675
0.69999999999999996,0.10000000000000001,7,298.34411049936676,1,20.659251448697777,20.659251448697777,20.659251448697777,20.659251448697777
0.79999999999999993,0.10000000000000001,8,298.37605820348409,1,20.840341155170979,20.840341155170979,20.840341155170979,20.840341155170979
0.89999999999999991,0.10000000000000001,9,298.40794822985401,1,21.013068383269637,21.013068383269637,21.013068383269637,21.013068383269637
0.99999999999999989,0.10000000000000001,10,298.43978513793542,1,21.177712338965822,21.177712338965822,21.177712338965822,21.177712338965822
1.0999999999999999,0.10000000000000001,11,298.47157083434007,1,21.33490749591444,21.33490749591444,21.33490749591444,21.33490749591444
1.2,0.10000000000000001,12,298.50330592540735,1,21.484685406278167,21.484685406278167,21.484685406278167,21.484685406278167
1.3,0.10000000000000001,13,298.53498934254071,1,21.627488418977507,21.627488418977507,21.627488418977507,21.627488418977507
1.4000000000000001,0.10000000000000001,14,298.56661941479842,1,21.763828398508259,21.763828398508259,21.763828398508259,21.763828398508259
1.5000000000000002,0.10000000000000001,15,298.59819427967966,1,21.894047520127909,21.894047520127909,21.894047520127909,21.894047520127909
1.6000000000000003,0.10000000000000001,16,298.62971169932518,1,22.018294617276499,22.018294617276499,22.018294617276499,22.018294617276499
1.7000000000000004,0.10000000000000001,17,298.66116890910519,1,22.137020590467596,22.137020590467596,22.137020590467596,22.137020590467596
1.8000000000000005,0.10000000000000001,18,298.69256342817602,1,22.251584723877077,22.251584723877077,22.251584723877077,22.251584723877077
1.9000000000000006,0.10000000000000001,19,298.72389450539259,1,22.363651823637408,22.363651823637408,22.363651823637408,22.363651823637408
2.0000000000000004,0.10000000000000001,20,298.75516375193683,1,22.47245438438155,22.47245438438155,22.47245438438155,22.47245438438155
2.1000000000000005,0.10000000000000001,21,298.78637108294566,1,22.576923081187168,22.576923081187168,22.576923081187168,22.576923081187168
2.2000000000000006,0.10000000000000001,22,298.81751426914389,1,22.677312487545613,22.677312487545613,22.677312487545613,22.677312487545613
2.3000000000000007,0.10000000000000001,23,298.84859117916386,1,22.773829638022676,22.773829638022676,22.773829638022676,22.773829638022676
2.4000000000000008,0.10000000000000001,24,298.87959978452483,1,22.86677482520242,22.86677482520242,22.86677482520242,22.86677482520242
2.5000000000000009,0.10000000000000001,25,298.9105383565738,1,22.956399758713037,22.956399758713037,22.956399758713037,22.956399758713037
2.600000000000001,0.10000000000000001,26,298.9414053452993,1,23.042868090439587,23.042868090439587,23.042868090439587,23.042868090439587
2.7000000000000011,0.10000000000000001,27,298.9721992007722,1,23.126395346044553,23.126395346044553,23.126395346044553,23.126395346044553
2.8000000000000012,0.10000000000000001,28,299.00291844029852,1,23.20706507630004,23.20706507630004,23.20706507630004,23.20706507630004
2.9000000000000012,0.10000000000000001,29,299.03356159270277,1,23.285273068647797,23.285273068647797,23.285273068647797,23.285273068647797
3.0000000000000013,0.10000000000000001,30,299.06412767912639,1,23.360923880331079,23.360923880331079,23.360923880331079,23.360923880331079
3.1000000000000014,0.10000000000000001,31,299.09461546592138,1,23.434146518919256,23.434146518919256,23.434146518919256,23.434146518919256
3.2000000000000015,0.10000000000000001,32,299.12502382157669,1,23.505070344847272,23.505070344847272,23.505070344847272,23.505070344847272
3.3000000000000016,0.10000000000000001,33,299.15535178020588,1,23.573820738044923,23.573820738044923,23.573820738044923,23.573820738044923
3.4000000000000017,0.10000000000000001,34,299.18559831123127,1,23.640513924616709,23.640513924616709,23.640513924616709,23.640513924616709
3.5000000000000018,0.10000000000000001,35,299.21576268922325,1,23.705268921270246,23.705268921270246,23.705268921270246,23.705268921270246
3.6000000000000019,0.10000000000000001,36,299.24584422560974,1,23.768298667655539,23.768298667655539,23.768298667655539,23.768298667655539
3.700000000000002,0.10000000000000001,37,299.27584249440326,1,23.831581398326282,23.831581398326282,23.831581398326282,23.831581398326282
3.800000000000002,0.10000000000000001,38,299.3057603770834,1,23.893052406692952,23.893052406692952,23.893052406692952,23.893052406692952
3.9000000000000021,0.10000000000000001,39,299.33559715207059,1,23.952943845131884,23.952943845131884,23.952943845131884,23.952943845131884
4.0000000000000018,0.10000000000000001,40,299.36535247561574,1,24.011331319705931,24.011331319705931,24.011331319705931,24.011331319705931
4.1000000000000014,0.10000000000000001,41,299.39502602847352,1,24.068250658009607,24.068250658009607,24.068250658009607,24.068250658009607
4.2000000000000011,0.10000000000000001,42,299.42461749455572,1,24.123816578881343,24.123816578881343,24.123816578881343,24.123816578881343
4.3000000000000007,0.10000000000000001,43,299.45412671353228,1,24.178142122303168,24.178142122303168,24.178142122303168,24.178142122303168
4.4000000000000004,0.10000000000000001,44,299.48355364026463,1,24.231372639089233,24.231372639089233,24.231372639089233,24.231372639089233
4.5,0.10000000000000001,45,299.51289835915259,1,24.283582590069695,24.283582590069695,24.283582590069695,24.283582590069695
4.5999999999999996,0.10000000000000001,46,299.54216093698619,1,24.33469397478499,24.33469397478499,24.33469397478499,24.33469397478499
4.6999999999999993,0.10000000000000001,47,299.57134127624698,1,24.384946076727559,24.384946076727559,24.384946076727559,24.384946076727559
4.7999999999999989,0.10000000000000001,48,299.60043961743924,1,24.434220351408129,24.434220351408129,24.434220351408129,24.434220351408129
4.8999999999999986,0.10000000000000001,49,299.62945597115123,1,24.482555790924405,24.482555790924405,24.482555790924405,24.482555790924405
4.9999999999999982,0.10000000000000001,50,299.65839038734879,1,24.52999614288462,24.52999614288462,24.52999614288462,24.52999614288462
5.0999999999999979,0.10000000000000001,51,299.68724295585338,1,24.576585128938856,24.576585128938856,24.576585128938856,24.576585128938856
5.1999999999999975,0.10000000000000001,52,299.71601380193215,1,24.621963959138039,24.621963959138039,24.621963959138039,24.621963959138039
5.2999999999999972,0.10000000000000001,53,299.74470238600185,1,24.665205205255649,24.665205205255649,24.665205205255649,24.665205205255649
5.3999999999999968,0.10000000000000001,54,299.77330656653072,1,24.706624500370889,24.706624500370889,24.706624500370889,24.706624500370889
5.4999999999999964,0.10000000000000001,55,299.80182482040146,1,24.749942623389,24.749942623389,24.749942623389,24.749942623389
5.5999999999999961,0.10000000000000001,56,299.83026191435272,1,24.792506512604312,24.792506512604312,24.792506512604312,24.792506512604312
5.6999999999999957,0.10000000000000001,57,299.85861800308908,1,24.834352039282106,24.834352039282106,24.834352039282106,24.834352039282106
5.7999999999999954,0.10000000000000001,58,299.88689330216835,1,24.875618303489254,24.875618303489254,24.875618303489254,24.875618303489254
5.899999999999995,0.10000000000000001,59,299.91508821469995,1,24.916253122616578,24.916253122616578,24.916253122616578,24.916253122616578
5.9999999999999947,0.10000000000000001,60,299.94320302034873,1,24.95625379483748,24.95625379483748,24.95625379483748,24.95625379483748
6.0999999999999943,0.10000000000000001,61,299.971237993741,1,24.995760622413563,24.995760622413563,24.995760622413563,24.995760622413563
6.199999999999994,0.10000000000000001,62,299.99919360708617,1,25.034850837913009,25.034850837913009,25.034850837913009,25.034850837913009
6.2999999999999936,0.10000000000000001,63,300.02707029854594,1,25.073545793679855,25.073545793679855,25.073545793679855,25.073545793679855
6.3999999999999932,0.10000000000000001,64,300.05486862577391,1,25.11167220618535,25.11167220618535,25.11167220618535,25.11167220618535
6.4999999999999929,0.10000000000000001,65,300.08258882154809,1,25.149304789076076,25.149304789076076,25.149304789076076,25.149304789076076
6.5999999999999925,0.10000000000000001,66,300.11023130546789,1,25.186417742983306,25.186417742983306,25.186417742983306,25.186417742983306
6.6999999999999922,0.10000000000000001,67,300.13779651846511,1,25.22306108860775,25.22306108860775,25.22306108860775,25.22306108860775
6.7999999999999918,0.10000000000000001,68,300.16528501589556,1,25.259296859538388,25.259296859538388,25.259296859538388,25.259296859538388
6.8999999999999915,0.10000000000000001,69,300.19269735632957,1,25.294988262438874,25.294988262438874,25.294988262438874,25.294988262438874
6.9999999999999911,0.10000000000000001,70,300.2200338598455,1,25.329684951042822,25.329684951042822,25.329684951042822,25.329684951042822
7.0999999999999908,0.10000000000000001,71,300.24729400585011,1,25.363226850876913,25.363226850876913,25.363226850876913,25.363226850876913
7.1999999999999904,0.10000000000000001,72,300.27447695800748,1,25.396532284932857,25.396532284932857,25.396532284932857,25.396532284932857
7.2999999999999901,0.10000000000000001,73,300.30158318726239,1,25.431118424900919,25.431118424900919,25.431118424900919,25.431118424900919
7.3999999999999897,0.10000000000000001,74,300.32861562573584,1,25.465648895526805,25.465648895526805,25.465648895526805,25.465648895526805
7.4999999999999893,0.10000000000000001,75,300.3555748324718,1,25.499957637458031,25.499957637458031,25.499957637458031,25.499957637458031
7.599999999999989,0.10000000000000001,76,300.38246110917663,1,25.533845212487492,25.533845212487492,25.533845212487492,25.533845212487492
7.6999999999999886,0.10000000000000001,77,300.40927449687183,1,25.567341685614707,25.567341685614707,25.567341685614707,25.567341685614707
7.7999999999999883,0.10000000000000001,78,300.43601513733341,1,25.600506532811202,25.600506532811202,25.600506532811202,25.600506532811202
7.8999999999999879,0.10000000000000001,79,300.46268333155518,1,25.633281273286748,25.633281273286748,25.633281273286748,25.633281273286748
7.9999999999999876,0.10000000000000001,80,300.48927930525798,1,25.665231788456254,25.665231788456254,25.665231788456254,25.665231788456254
8.0999999999999872,0.10000000000000001,81,300.51580258429613,1,25.696310402720769,25.696310402720769,25.696310402720769,25.696310402720769
8.1999999999999869,0.10000000000000001,82,300.5422527180238,1,25.724715170825981,25.724715170825981,25.724715170825981,25.724715170825981
8.2999999999999865,0.10000000000000001,83,300.56862620542586,1,25.748756269222621,25.748756269222621,25.748756269222621,25.748756269222621
8.3999999999999861,0.10000000000000001,84,300.59491651543595,1,25.771640706381429,25.771640706381429,25.771640706381429,25.771640706381429
8.4999999999999858,0.10000000000000001,85,300.62112268415501,1,25.793640096705737,25.793640096705737,25.793640096705737,25.793640096705737
8.5999999999999854,0.10000000000000001,86,300.64724414725066,1,25.814640391110849,25.814640391110849,25.814640391110849,25.814640391110849
8.6999999999999851,0.10000000000000001,87,300.67328015654175,1,25.834618194371977,25.834618194371977,25.834618194371977,25.834618194371977
8.7999999999999847,0.10000000000000001,88,300.69922992359938,1,25.853674743886948,25.853674743886948,25.853674743886948,25.853674743886948
8.8999999999999844,0.10000000000000001,89,300.72509283554973,1,25.87184658380918,25.87184658380918,25.87184658380918,25.87184658380918
8.999999999999984,0.10000000000000001,90,300.75086833251896,1,25.890901684870943,25.890901684870943,25.890901684870943,25.890901684870943
9.0999999999999837,0.10000000000000001,91,300.77655887205719,1,25.910436038881322,25.910436038881322,25.910436038881322,25.910436038881322
9.1999999999999833,0.10000000000000001,92,300.80216609362753,1,25.929607053271965,25.929607053271965,25.929607053271965,25.929607053271965
9.2999999999999829,0.10000000000000001,93,300.82769015166707,1,25.946664771670015,25.946664771670015,25.946664771670015,25.946664771670015
9.3999999999999826,0.10000000000000001,94,300.85312830978023,1,25.962934542275498,25.962934542275498,25.962934542275498,25.962934542275498
9.4999999999999822,0.10000000000000001,95,300.87848011357926,1,25.977964769149107,25.977964769149107,25.977964769149107,25.977964769149107
9.5999999999999819,0.10000000000000001,96,300.90374429500127,1,25.991806734264625,25.991806734264625,25.991806734264625,25.991806734264625
9.6999999999999815,0.10000000000000001,97,300.92891971488109,1,26.004829889532772,26.004829889532772,26.004829889532772,26.004829889532772
9.7999999999999812,0.10000000000000001,98,300.95400592073526,1,26.017084032328736,26.017084032328736,26.017084032328736,26.017084032328736
9.8999999999999808,0.10000000000000001,99,300.9790025802132,1,26.028660124630356,26.028660124630356,26.028660124630356,26.028660124630356
9.9999999999999805,0.10000000000000001,100,301.00390952253383,1,26.039744134815294,26.039744134815294,26.039744134815294,26.039744134815294
10.09999999999998,0.10000000000000001,101,301.02872684181693,1,26.050455357502305,26.050455357502305,26.050455357502305,26.050455357502305
10.19999999999998,0.10000000000000001,102,301.05345475534733,1,26.060763256140582,26.060763256140582,26.060763256140582,26.060763256140582
10.299999999999979,0.10000000000000001,103,301.07809337462572,1,26.070871522891892,26.070871522891892,26.070871522891892,26.070871522891892
10.399999999999979,0.10000000000000001,104,301.10264313388689,1,26.080606314701665,26.080606314701665,26.080606314701665,26.080606314701665
10.499999999999979,0.10000000000000001,105,301.1271041625069,1,26.089934877749872,26.089934877749872,26.089934877749872,26.089934877749872
10.599999999999978,0.10000000000000001,106,301.15147648568649,1,26.098889848018466,26.098889848018466,26.098889848018466,26.098889848018466
10.699999999999978,0.10000000000000001,107,301.17576026344705,1,26.107487689699727,26.107487689699727,26.107487689699727,26.107487689699727
10.799999999999978,0.10000000000000001,108,301.19995564879287,1,26.115620863390575,26.115620863390575,26.115620863390575,26.115620863390575
10.899999999999977,0.10000000000000001,109,301.22406260340756,1,26.126679273302766,26.126679273302766,26.126679273302766,26.126679273302766
10.999999999999977,0.10000000000000001,110,301.24808679116961,1,26.137964731277506,26.137964731277506,26.137964731277506,26.137964731277506
11.099999999999977,0.10000000000000001,111,301.27202915119204,1,26.147934618198018,26.147934618198018,26.147934618198018,26.147934618198018
11.199999999999976,0.10000000000000001,112,301.29588805723796,1,26.156969502583085,26.156969502583085,26.156969502583085,26.156969502583085
11.299999999999976,0.10000000000000001,113,301.31966260725824,1,26.165770349430911,26.165770349430911,26.165770349430911,26.165770349430911
11.399999999999975,0.10000000000000001,114,301.34335307023747,1,26.173502550097631,26.173502550097631,26.173502550097631,26.173502550097631
11.499999999999975,0.10000000000000001,115,301.36695825543831,1,26.18043061216412,26.18043061216412,26.18043061216412,26.18043061216412
11.599999999999975,0.10000000000000001,116,301.39047747957159,1,26.186908483391466,26.186908483391466,26.186908483391466,26.186908483391466
11.699999999999974,0.10000000000000001,117,301.41391076311481,1,26.192874294062175,26.192874294062175,26.192874294062175,26.192874294062175
11.799999999999974,0.10000000000000001,118,301.43725806286318,1,26.198567440422,26.198567440422,26.198567440422,26.198567440422
11.899999999999974,0.10000000000000001,119,301.46051969617986,1,26.204135043596107,26.204135043596107,26.204135043596107,26.204135043596107
11.999999999999973,0.10000000000000001,120,301.48369614648254,1,26.209690927412154,26.209690927412154,26.209690927412154,26.209690927412154
12.099999999999973,0.10000000000000001,121,301.50678802628926,1,26.215014998256951,26.215014998256951,26.215014998256951,26.215014998256951
12.199999999999973,0.10000000000000001,122,301.52979556176837,1,26.220181488294969,26.220181488294969,26.220181488294969,26.220181488294969
12.299999999999972,0.10000000000000001,123,301.55271908513714,1,26.225119739496819,26.225119739496819,26.225119739496819,26.225119739496819
12.399999999999972,0.10000000000000001,124,301.57555881671925,1,26.229838703411982,26.229838703411982,26.229838703411982,26.229838703411982
12.499999999999972,0.10000000000000001,125,301.59831500028923,1,26.234343081147809,26.234343081147809,26.234343081147809,26.234343081147809
12.599999999999971,0.10000000000000001,126,301.62098787498292,1,26.238640663740654,26.238640663740654,26.238640663740654,26.238640663740654
12.699999999999971,0.10000000000000001,127,301.64357770190401,1,26.246240807201733,26.246240807201733,26.246240807201733,26.246240807201733
12.799999999999971,0.10000000000000001,128,301.66609065837531,1,26.254078761172291,26.254078761172291,26.254078761172291,26.254078761172291
12.89999999999997,0.10000000000000001,129,301.68852763748095,1,26.261291948663605,26.261291948663605,26.261291948663605,26.261291948663605
12.99999999999997,0.10000000000000001,130,301.71088813118575,1,26.267206877551509,26.267206877551509,26.267206877551509,26.267206877551509
13.099999999999969,0.10000000000000001,131,301.73317056456864,1,26.273147829402255,26.273147829402255,26.273147829402255,26.273147829402255
13.199999999999969,0.10000000000000001,132,301.75537559236187,1,26.278950356672365,26.278950356672365,26.278950356672365,26.278950356672365
13.299999999999969,0.10000000000000001,133,301.77750356458921,1,26.283702839313282,26.283702839313282,26.283702839313282,26.283702839313282
13.399999999999968,0.10000000000000001,134,301.7995532298533,1,26.28803134255525,26.28803134255525,26.28803134255525,26.28803134255525
13.499999999999968,0.10000000000000001,135,301.82152438770476,1,26.292281461943812,26.292281461943812,26.292281461943812,26.292281461943812
13.599999999999968,0.10000000000000001,136,301.84341740820406,1,26.296391105619534,26.296391105619534,26.296391105619534,26.296391105619534
13.699999999999967,0.10000000000000001,137,301.86523255183033,1,26.300487322858451,26.300487322858451,26.300487322858451,26.300487322858451
13.799999999999967,0.10000000000000001,138,301.8869702831862,1,26.304440636908726,26.304440636908726,26.304440636908726,26.304440636908726
13.899999999999967,0.10000000000000001,139,301.90863083225759,1,26.308285012237761,26.308285012237761,26.308285012237761,26.308285012237761
13.999999999999966,0.10000000000000001,140,301.93021444530513,1,26.312091842633507,26.312091842633507,26.312091842633507,26.312091842633507
14.099999999999966,0.10000000000000001,141,301.95172143181895,1,26.315789824606902,26.315789824606902,26.315789824606902,26.315789824606902
14.199999999999966,0.10000000000000001,142,301.97315196679693,1,26.319409984118739,26.319409984118739,26.319409984118739,26.319409984118739
14.299999999999965,0.10000000000000001,143,301.99450630861458,1,26.322867204847466,26.322867204847466,26.322867204847466,26.322867204847466
14.399999999999965,0.10000000000000001,144,302.01578453189865,1,26.326244015482956,26.326244015482956,26.326244015482956,26.326244015482956
14.499999999999964,0.10000000000000001,145,302.0369868816482,1,26.329008977940916,26.329008977940916,26.329008977940916,26.329008977940916
14.599999999999964,0.10000000000000001,146,302.05811276917467,1,26.331656727412369,26.331656727412369,26.331656727412369,26.331656727412369
14.699999999999964,0.10000000000000001,147,302.07916253298225,1,26.334200352145665,26.334200352145665,26.334200352145665,26.334200352145665
14.799999999999963,0.10000000000000001,148,302.10013658535786,1,26.336686206732345,26.336686206732345,26.336686206732345,26.336686206732345
14.899999999999963,0.10000000000000001,149,302.12103536107526,1,26.339042903878287,26.339042903878287,26.339042903878287,26.339042903878287
14.999999999999963,0.10000000000000001,150,302.14185921419647,1,26.341129022518292,26.341129022518292,26.341129022518292,26.341129022518292
15.099999999999962,0.10000000000000001,151,302.16260837985641,1,26.343023125537982,26.343023125537982,26.343023125537982,26.343023125537982
15.199999999999962,0.10000000000000001,152,302.18328320207905,1,26.344782548409647,26.344782548409647,26.344782548409647,26.344782548409647
15.299999999999962,0.10000000000000001,153,302.20388403698615,1,26.346795327964255,26.346795327964255,26.346795327964255,26.346795327964255
15.399999999999961,0.10000000000000001,154,302.22441173400125,1,26.348800835036847,26.348800835036847,26.348800835036847,26.348800835036847
15.499999999999961,0.10000000000000001,155,302.24486670059656,1,26.35143586690722,26.35143586690722,26.35143586690722,26.35143586690722
15.599999999999961,0.10000000000000001,156,302.26525037068745,1,26.355079341235562,26.355079341235562,26.355079341235562,26.355079341235562
15.69999999999996,0.10000000000000001,157,302.28556485280654,1,26.359030819302387,26.359030819302387,26.359030819302387,26.359030819302387
15.79999999999996,0.10000000000000001,158,302.30581092209218,1,26.36312788874967,26.36312788874967,26.36312788874967,26.36312788874967
15.899999999999959,0.10000000000000001,159,302.32598911138876,1,26.367296864279481,26.367296864279481,26.367296864279481,26.367296864279481
15.999999999999959,0.10000000000000001,160,302.34609982139972,1,26.373544195488883,26.373544195488883,26.373544195488883,26.373544195488883
16.099999999999959,0.10000000000000001,161,302.36614672681435,1,26.380157764783313,26.380157764783313,26.380157764783313,26.380157764783313
16.19999999999996,0.10000000000000001,162,302.38613058890598,1,26.386973468854588,26.386973468854588,26.386973468854588,26.386973468854588
16.299999999999962,0.10000000000000001,163,302.40605191570131,1,26.389863201523223,26.389863201523223,26.389863201523223,26.389863201523223
16.399999999999963,0.10000000000000001,164,302.42590431815347,1,26.392673565088309,26.392673565088309,26.392673565088309,26.392673565088309
16.499999999999964,0.10000000000000001,165,302.44568805895324,1,26.395498551554411,26.395498551554411,26.395498551554411,26.395498551554411
16.599999999999966,0.10000000000000001,166,302.46540354289073,1,26.39834054472578,26.39834054472578,26.39834054472578,26.39834054472578
16.699999999999967,0.10000000000000001,167,302.48505116006186,1,26.401024996992952,26.401024996992952,26.401024996992952,26.401024996992952
16.799999999999969,0.10000000000000001,168,302.504631047332,1,26.403438397968326,26.403438397968326,26.403438397968326,26.403438397968326
16.89999999999997,0.10000000000000001,169,302.52414324889759,1,26.405834112034874,26.405834112034874,26.405834112034874,26.405834112034874
16.999999999999972,0.10000000000000001,170,302.54358820858442,1,26.40804167548022,26.40804167548022,26.40804167548022,26.40804167548022
17.099999999999973,0.10000000000000001,171,302.56296608482182,1,26.41014615819099,26.41014615819099,26.41014615819099,26.41014615819099
17.199999999999974,0.10000000000000001,172,302.58227716917622,1,26.41234904273789,26.41234904273789,26.41234904273789,26.41234904273789
17.299999999999976,0.10000000000000001,173,302.60152211224613,1,26.41576750819387,26.41576750819387,26.41576750819387,26.41576750819387
17.399999999999977,0.10000000000000001,174,302.62070346205763,1,26.419671207813355,26.419671207813355,26.419671207813355,26.419671207813355
17.499999999999979,0.10000000000000001,175,302.63982239055696,1,26.423812299909343,26.423812299909343,26.423812299909343,26.423812299909343
17.59999999999998,0.10000000000000001,176,302.65887961131637,1,26.428167572335479,26.428167572335479,26.428167572335479,26.428167572335479
17.699999999999982,0.10000000000000001,177,302.67787580513789,1,26.433132229172678,26.433132229172678,26.433132229172678,26.433132229172678
17.799999999999983,0.10000000000000001,178,302.69681227593298,1,26.439927707751618,26.439927707751618,26.439927707751618,26.439927707751618
17.899999999999984,0.10000000000000001,179,302.71569230230608,1,26.446973700604307,26.446973700604307,26.446973700604307,26.446973700604307
17.999999999999986,0.10000000000000001,180,302.73451647638086,1,26.454245095022028,26.454245095022028,26.454245095022028,26.454245095022028
18.099999999999987,0.10000000000000001,181,302.75328537241609,1,26.461321719948888,26.461321719948888,26.461321719948888,26.461321719948888
18.199999999999989,0.10000000000000001,182,302.77199886526586,1,26.468594512779955,26.468594512779955,26.468594512779955,26.468594512779955
18.29999999999999,0.10000000000000001,183,302.79065752830996,1,26.4760122723164,26.4760122723164,26.4760122723164,26.4760122723164
18.399999999999991,0.10000000000000001,184,302.80926184545871,1,26.482250869843533,26.482250869843533,26.482250869843533,26.482250869843533
18.499999999999993,0.10000000000000001,185,302.82781013158524,1,26.487982855383589,26.487982855383589,26.487982855383589,26.487982855383589
18.599999999999994,0.10000000000000001,186,302.84630187965507,1,26.493776852271452,26.493776852271452,26.493776852271452,26.493776852271452
18.699999999999996,0.10000000000000001,187,302.86473752699527,1,26.499615437377663,26.499615437377663,26.499615437377663,26.499615437377663
18.799999999999997,0.10000000000000001,188,302.88311746459709,1,26.505368534718713,26.505368534718713,26.505368534718713,26.505368534718713
18.899999999999999,0.10000000000000001,189,302.90144183376577,1,26.510707537635962,26.510707537635962,26.510707537635962,26.510707537635962
19,0.10000000000000001,190,302.91971017738462,1,26.515341969968134,26.515341969968134,26.515341969968134,26.515341969968134
19.100000000000001,0.10000000000000001,191,302.93792153335238,1,26.519964935832853,26.519964935832853,26.519964935832853,26.519964935832853
19.200000000000003,0.10000000000000001,192,302.95607609507437,1,26.524542569448748,26.524542569448748,26.524542569448748,26.524542569448748
19.300000000000004,0.10000000000000001,193,302.9741739813677,1,26.529076056046865,26.529076056046865,26.529076056046865,26.529076056046865
19.400000000000006,0.10000000000000001,194,302.99221528230379,1,26.533585604152673,26.533585604152673,26.533585604152673,26.533585604152673
19.500000000000007,0.10000000000000001,195,303.01020015341595,1,26.538041750353933,26.538041750353933,26.538041750353933,26.538041750353933
19.600000000000009,0.10000000000000001,196,303.02812867526626,1,26.542478689470975,26.542478689470975,26.542478689470975,26.542478689470975
19.70000000000001,0.10000000000000001,197,303.04600101056627,1,26.546872499715459,26.546872499715459,26.546872499715459,26.546872499715459
19.800000000000011,0.10000000000000001,198,303.06381728609983,1,26.551178622939965,26.551178622939965,26.551178622939965,26.551178622939965
19.900000000000013,0.10000000000000001,199,303.08157757175047,1,26.554936546337149,26.554936546337149,26.554936546337149,26.554936546337149
20.000000000000014,0.10000000000000001,200,303.09928116364131,1,26.558724783539077,26.558724783539077,26.558724783539077,26.558724783539077
20.100000000000016,0.10000000000000001,201,303.11692837479507,1,26.562548718669071,26.562548718669071,26.562548718669071,26.562548718669071
20.200000000000017,0.10000000000000001,202,303.13451951935929,1,26.566382343664227,26.566382343664227,26.566382343664227,26.566382343664227
20.300000000000018,0.10000000000000001,203,303.1520548697481,1,26.570104387724111,26.570104387724111,26.570104387724111,26.570104387724111
20.40000000000002,0.10000000000000001,204,303.16953455409532,1,26.573684048081667,26.573684048081667,26.573684048081667,26.573684048081667
20.500000000000021,0.10000000000000001,205,303.18695870051135,1,26.577201317617995,26.577201317617995,26.577201317617995,26.577201317617995
20.600000000000023,0.10000000000000001,206,303.20432757005824,1,26.580797908998058,26.580797908998058,26.580797908998058,26.580797908998058
20.700000000000024,0.10000000000000001,207,303.22164162902737,1,26.58493309000297,26.58493309000297,26.58493309000297,26.58493309000297
20.800000000000026,0.10000000000000001,208,303.23890211605584,1,26.589828645342347,26.589828645342347,26.589828645342347,26.589828645342347
20.900000000000027,0.10000000000000001,209,303.25611066846506,1,26.595005827536966,26.595005827536966,26.595005827536966,26.595005827536966
21.000000000000028,0.10000000000000001,210,303.27326806970751,1,26.600434905558444,26.600434905558444,26.600434905558444,26.600434905558444
21.10000000000003,0.10000000000000001,211,303.29037502733468,1,26.606028991403608,26.606028991403608,26.606028991403608,26.606028991403608
21.200000000000031,0.10000000000000001,212,303.30743202818633,1,26.611724261021113,26.611724261021113,26.611724261021113,26.611724261021113
21.300000000000033,0.10000000000000001,213,303.32443944778936,1,26.618719688064623,26.618719688064623,26.618719688064623,26.618719688064623
21.400000000000034,0.10000000000000001,214,303.34139964152519,1,26.626862263350315,26.626862263350315,26.626862263350315,26.626862263350315
21.500000000000036,0.10000000000000001,215,303.35831464498096,1,26.635108306058243,26.635108306058243,26.635108306058243,26.635108306058243
21.600000000000037,0.10000000000000001,216,303.37518473304664,1,26.643374050649371,26.643374050649371,26.643374050649371,26.643374050649371
21.700000000000038,0.10000000000000001,217,303.392010075467,1,26.65179137937476,26.65179137937476,26.65179137937476,26.65179137937476
21.80000000000004,0.10000000000000001,218,303.40879104002215,1,26.660428263710202,26.660428263710202,26.660428263710202,26.660428263710202
21.900000000000041,0.10000000000000001,219,303.4255280753336,1,26.66925795906813,26.66925795906813,26.66925795906813,26.66925795906813
22.000000000000043,0.10000000000000001,220,303.44222155484078,1,26.677495978127403,26.677495978127403,26.677495978127403,26.677495978127403
22.100000000000044,0.10000000000000001,221,303.45887059807455,1,26.68453343874798,26.68453343874798,26.68453343874798,26.68453343874798
22.200000000000045,0.10000000000000001,222,303.47547334042264,1,26.691657258621564,26.691657258621564,26.691657258621564,26.691657258621564
22.300000000000047,0.10000000000000001,223,303.49203013804373,1,26.698900241853003,26.698900241853003,26.698900241853003,26.698900241853003
22.400000000000048,0.10000000000000001,224,303.50854136512038,1,26.706122358223372,26.706122358223372,26.706122358223372,26.706122358223372
22.50000000000005,0.10000000000000001,225,303.52500718782591,1,26.713081242240126,26.713081242240126,26.713081242240126,26.713081242240126
22.600000000000051,0.10000000000000001,226,303.5414274228454,1,26.719892981035368,26.719892981035368,26.719892981035368,26.719892981035368
22.700000000000053,0.10000000000000001,227,303.5578020955553,1,26.725673105095954,26.725673105095954,26.725673105095954,26.725673105095954
22.800000000000054,0.10000000000000001,228,303.57412972448242,1,26.731389960803106,26.731389960803106,26.731389960803106,26.731389960803106
22.900000000000055,0.10000000000000001,229,303.59041045877478,1,26.737288095044057,26.737288095044057,26.737288095044057,26.737288095044057
23.000000000000057,0.10000000000000001,230,303.60664481807737,1,26.743249430359356,26.743249430359356,26.743249430359356,26.743249430359356
23.100000000000058,0.10000000000000001,231,303.62283310613412,1,26.749391858518244,26.749391858518244,26.749391858518244,26.749391858518244
23.20000000000006,0.10000000000000001,232,303.63897580001753,1,26.755545898995909,26.755545898995909,26.755545898995909,26.755545898995909
23.300000000000061,0.10000000000000001,233,303.65507312376684,1,26.761672491243313,26.761672491243313,26.761672491243313,26.761672491243313
23.400000000000063,0.10000000000000001,234,303.67112523094346,1,26.767776717293774,26.767776717293774,26.767776717293774,26.767776717293774
23.500000000000064,0.10000000000000001,235,303.68713229141946,1,26.776987910420111,26.776987910420111,26.776987910420111,26.776987910420111
23.600000000000065,0.10000000000000001,236,303.70309971733752,1,26.786418765884157,26.786418765884157,26.786418765884157,26.786418765884157
23.700000000000067,0.10000000000000001,237,303.71902796596072,1,26.7959681481905,26.7959681481905,26.7959681481905,26.7959681481905
23.800000000000068,0.10000000000000001,238,303.73491734412892,1,26.805231974163238,26.805231974163238,26.805231974163238,26.805231974163238
23.90000000000007,0.10000000000000001,239,303.75076751157718,1,26.813028376322222,26.813028376322222,26.813028376322222,26.813028376322222
24.000000000000071,0.10000000000000001,240,303.76657621958651,1,26.821034121247298,26.821034121247298,26.821034121247298,26.821034121247298
24.100000000000072,0.10000000000000001,241,303.78234405758798,1,26.829105676449164,26.829105676449164,26.829105676449164,26.829105676449164
24.200000000000074,0.10000000000000001,242,303.7980713525651,1,26.837259264888505,26.837259264888505,26.837259264888505,26.837259264888505
24.300000000000075,0.10000000000000001,243,303.81375842681183,1,26.845463177947863,26.845463177947863,26.845463177947863,26.845463177947863
24.400000000000077,0.10000000000000001,244,303.82940550029923,1,26.853646447285684,26.853646447285684,26.853646447285684,26.853646447285684
24.500000000000078,0.10000000000000001,245,303.84501265299849,1,26.861485764752945,26.861485764752945,26.861485764752945,26.861485764752945
24.60000000000008,0.10000000000000001,246,303.86057937227753,1,26.868786632550023,26.868786632550023,26.868786632550023,26.868786632550023
24.700000000000081,0.10000000000000001,247,303.87610481758765,1,26.876071556462396,26.876071556462396,26.876071556462396,26.876071556462396
24.800000000000082,0.10000000000000001,248,303.89158903052146,1,26.883400725816408,26.883400725816408,26.883400725816408,26.883400725816408
24.900000000000084,0.10000000000000001,249,303.90703218098776,1,26.890769335242105,26.890769335242105,26.890769335242105,26.890769335242105
25.000000000000085,0.10000000000000001,250,303.92243443307365,1,26.898154759518203,26.898154759518203,26.898154759518203,26.898154759518203
25.100000000000087,0.10000000000000001,251,303.93779592631108,1,26.905552977468489,26.905552977468489,26.905552977468489,26.905552977468489
25.200000000000088,0.10000000000000001,252,303.95311679683925,1,26.912923996615351,26.912923996615351,26.912923996615351,26.912923996615351
25.30000000000009,0.10000000000000001,253,303.96839711618361,1,26.920831957874398,26.920831957874398,26.920831957874398,26.920831957874398
25.400000000000091,0.10000000000000001,254,303.98363791134773,1,26.928903382009285,26.928903382009285,26.928903382009285,26.928903382009285
25.500000000000092,0.10000000000000001,255,303.99883955810446,1,26.937119736888516,26.937119736888516,26.937119736888516,26.937119736888516
25.600000000000094,0.10000000000000001,256,304.01400240535804,1,26.945392536349146,26.945392536349146,26.945392536349146,26.945392536349146
25.700000000000095,0.10000000000000001,257,304.02912668527512,1,26.953670456700298,26.953670456700298,26.953670456700298,26.953670456700298
25.800000000000097,0.10000000000000001,258,304.0442125878082,1,26.96208997163918,26.96208997163918,26.96208997163918,26.96208997163918
25.900000000000098,0.10000000000000001,259,304.05926054749938,1,26.970738137488748,26.970738137488748,26.970738137488748,26.970738137488748
26.000000000000099,0.10000000000000001,260,304.07427116542505,1,26.98013269038276,26.98013269038276,26.98013269038276,26.98013269038276
26.100000000000101,0.10000000000000001,261,304.08924590372339,1,26.989746556716064,26.989746556716064,26.989746556716064,26.989746556716064
26.200000000000102,0.10000000000000001,262,304.104185309944,1,26.9995896562612,26.9995896562612,26.9995896562612,26.9995896562612
26.300000000000104,0.10000000000000001,263,304.11908993341223,1,27.00951373851326,27.00951373851326,27.00951373851326,27.00951373851326
26.400000000000105,0.10000000000000001,264,304.13396008585516,1,27.01959600478218,27.01959600478218,27.01959600478218,27.01959600478218
26.500000000000107,0.10000000000000001,265,304.14879616338089,1,27.02984345128872,27.02984345128872,27.02984345128872,27.02984345128872
26.600000000000108,0.10000000000000001,266,304.16359854250845,1,27.040261282459372,27.040261282459372,27.040261282459372,27.040261282459372
26.700000000000109,0.10000000000000001,267,304.17836764266571,1,27.052156367045523,27.052156367045523,27.052156367045523,27.052156367045523
26.800000000000111,0.10000000000000001,268,304.19310599707279,1,27.064281755743473,27.064281755743473,27.064281755743473,27.064281755743473
26.900000000000112,0.10000000000000001,269,304.20781399829684,1,27.076485163305055,27.076485163305055,27.076485163305055,27.076485163305055
27.000000000000114,0.10000000000000001,270,304.22249183754604,1,27.08875148291996,27.08875148291996,27.08875148291996,27.08875148291996
27.100000000000115,0.10000000000000001,271,304.23713968554324,1,27.101246628645807,27.101246628645807,27.101246628645807,27.101246628645807
27.200000000000117,0.10000000000000001,272,304.25175800666386,1,27.113745422681632,27.113745422681632,27.113745422681632,27.113745422681632
27.300000000000118,0.10000000000000001,273,304.26634689391534,1,27.126360103863451,27.126360103863451,27.126360103863451,27.126360103863451
27.400000000000119,0.10000000000000001,274,304.28090663051108,1,27.138987681798657,27.138987681798657,27.138987681798657,27.138987681798657
27.500000000000121,0.10000000000000001,275,304.29543733402335,1,27.150541335233857,27.150541335233857,27.150541335233857,27.150541335233857
27.600000000000122,0.10000000000000001,276,304.30993734022462,1,27.161902979753531,27.161902979753531,27.161902979753531,27.161902979753531
27.700000000000124,0.10000000000000001,277,304.32440650945159,1,27.173423558255752,27.173423558255752,27.173423558255752,27.173423558255752
27.800000000000125,0.10000000000000001,278,304.33884525672067,1,27.185074090428806,27.185074090428806,27.185074090428806,27.185074090428806
27.900000000000126,0.10000000000000001,279,304.35325389525599,1,27.196846161300705,27.196846161300705,27.196846161300705,27.196846161300705
28.000000000000128,0.10000000000000001,280,304.36763269629392,1,27.208613164098423,27.208613164098423,27.208613164098423,27.208613164098423
28.100000000000129,0.10000000000000001,281,304.38198168800898,1,27.220482195838091,27.220482195838091,27.220482195838091,27.220482195838091
28.200000000000131,0.10000000000000001,282,304.39630105639969,1,27.232218882699442,27.232218882699442,27.232218882699442,27.232218882699442
28.300000000000132,0.10000000000000001,283,304.4105905871686,1,27.243407712453941,27.243407712453941,27.243407712453941,27.243407712453941
28.400000000000134,0.10000000000000001,284,304.42484936085549,1,27.254556618420899,27.254556618420899,27.254556618420899,27.254556618420899
28.500000000000135,0.10000000000000001,285,304.43907734743266,1,27.265715617994161,27.265715617994161,27.265715617994161,27.265715617994161
28.600000000000136,0.10000000000000001,286,304.45327461863064,1,27.276932345885026,27.276932345885026,27.276932345885026,27.276932345885026
28.700000000000138,0.10000000000000001,287,304.46744132099326,1,27.288195064529617,27.288195064529617,27.288195064529617,27.288195064529617
28.800000000000139,0.10000000000000001,288,304.48157758967653,1,27.299466521416495,27.299466521416495,27.299466521416495,27.299466521416495
28.900000000000141,0.10000000000000001,289,304.49568350500715,1,27.311188255688247,27.311188255688247,27.311188255688247,27.311188255688247
29.000000000000142,0.10000000000000001,290,304.5097598957783,1,27.322971300633373,27.322971300633373,27.322971300633373,27.322971300633373
29.100000000000144,0.10000000000000001,291,304.52380698629628,1,27.334769810676068,27.334769810676068,27.334769810676068,27.334769810676068
29.200000000000145,0.10000000000000001,292,304.53782490841746,1,27.346630548582926,27.346630548582926,27.346630548582926,27.346630548582926
29.300000000000146,0.10000000000000001,293,304.55181390817557,1,27.358497520303892,27.358497520303892,27.358497520303892,27.358497520303892
29.400000000000148,0.10000000000000001,294,304.56577421574491,1,27.370733371840512,27.370733371840512,27.370733371840512,27.370733371840512
29.500000000000149,0.10000000000000001,295,304.57970667319114,1,27.383449546056411,27.383449546056411,27.383449546056411,27.383449546056411
29.600000000000151,0.10000000000000001,296,304.59361229038501,1,27.396375885349794,27.396375885349794,27.396375885349794,27.396375885349794
29.700000000000152,0.10000000000000001,297,304.60749155891625,1,27.409595717565058,27.409595717565058,27.409595717565058,27.409595717565058
29.800000000000153,0.10000000000000001,298,304.6213450326191,1,27.422970712500991,27.422970712500991,27.422970712500991,27.422970712500991
29.900000000000155,0.10000000000000001,299,304.63517300623329,1,27.436586937218248,27.436586937218248,27.436586937218248,27.436586937218248
30.000000000000156,0.10000000000000001,300,304.64897588650928,1,27.450263711234339,27.450263711234339,27.450263711234339,27.450263711234339
30.100000000000158,0.10000000000000001,301,304.66275378675743,1,27.464009239343632,27.464009239343632,27.464009239343632,27.464009239343632
30.200000000000159,0.10000000000000001,302,304.67650685227608,1,27.478289111548463,27.478289111548463,27.478289111548463,27.478289111548463
30.300000000000161,0.10000000000000001,303,304.69023599839511,1,27.493640566225185,27.493640566225185,27.493640566225185,27.493640566225185
30.400000000000162,0.10000000000000001,304,304.70394299228656,1,27.509121325574494,27.509121325574494,27.509121325574494,27.509121325574494
30.500000000000163,0.10000000000000001,305,304.7176280075571,1,27.524611524915606,27.524611524915606,27.524611524915606,27.524611524915606
30.600000000000165,0.10000000000000001,306,304.73129103749403,1,27.539982899669223,27.539982899669223,27.539982899669223,27.539982899669223
30.700000000000166,0.10000000000000001,307,304.74493187298151,1,27.552427356992297,27.552427356992297,27.552427356992297,27.552427356992297
30.800000000000168,0.10000000000000001,308,304.75854563325652,1,27.564872621655759,27.564872621655759,27.564872621655759,27.564872621655759
30.900000000000169,0.10000000000000001,309,304.77213244400565,1,27.577407133655196,27.577407133655196,27.577407133655196,27.577407133655196
31.000000000000171,0.10000000000000001,310,304.78569255741684,1,27.590050233375958,27.590050233375958,27.590050233375958,27.590050233375958
31.100000000000172,0.10000000000000001,311,304.79922627413652,1,27.602693940102377,27.602693940102377,27.602693940102377,27.602693940102377
31.200000000000173,0.10000000000000001,312,304.81273374064557,1,27.616111163404817,27.616111163404817,27.616111163404817,27.616111163404817
31.300000000000175,0.10000000000000001,313,304.82621642427222,1,27.629769902213102,27.629769902213102,27.629769902213102,27.629769902213102
31.400000000000176,0.10000000000000001,314,304.8396748795285,1,27.643504968628946,27.643504968628946,27.643504968628946,27.643504968628946
31.500000000000178,0.10000000000000001,315,304.85310936526605,1,27.657441290544579,27.657441290544579,27.657441290544579,27.657441290544579
31.600000000000179,0.10000000000000001,316,304.86652034567118,1,27.671402131445827,27.671402131445827,27.671402131445827,27.671402131445827
31.70000000000018,0.10000000000000001,317,304.87990797688178,1,27.685381363955617,27.685381363955617,27.685381363955617,27.685381363955617
31.800000000000182,0.10000000000000001,318,304.89327240198202,1,27.699400311555088,27.699400311555088,27.699400311555088,27.699400311555088
31.900000000000183,0.10000000000000001,319,304.90661379429247,1,27.713566690596291,27.713566690596291,27.713566690596291,27.713566690596291
32.000000000000185,0.10000000000000001,320,304.91993245345515,1,27.728610977333982,27.728610977333982,27.728610977333982,27.728610977333982
32.100000000000186,0.10000000000000001,321,304.93322985750029,1,27.744583911473008,27.744583911473008,27.744583911473008,27.744583911473008
32.200000000000188,0.10000000000000001,322,304.94650756154869,1,27.760707892923804,27.760707892923804,27.760707892923804,27.760707892923804
32.300000000000189,0.10000000000000001,323,304.95976580583022,1,27.776841406778335,27.776841406778335,27.776841406778335,27.776841406778335
32.40000000000019,0.10000000000000001,324,304.97300460744657,1,27.792982160532237,27.792982160532237,27.792982160532237,27.792982160532237
32.500000000000192,0.10000000000000001,325,304.98622398885004,1,27.809175973216323,27.809175973216323,27.809175973216323,27.809175973216323
32.600000000000193,0.10000000000000001,326,304.99942408471708,1,27.825409934673182,27.825409934673182,27.825409934673182,27.825409934673182
32.700000000000195,0.10000000000000001,327,305.01260500615507,1,27.841712260263741,27.841712260263741,27.841712260263741,27.841712260263741
32.800000000000196,0.10000000000000001,328,305.02576690469039,1,27.857940861163449,27.857940861163449,27.857940861163449,27.857940861163449
32.900000000000198,0.10000000000000001,329,305.03890970124036,1,27.873548664060348,27.873548664060348,27.873548664060348,27.873548664060348
33.000000000000199,0.10000000000000001,330,305.05203241942633,1,27.888357904000465,27.888357904000465,27.888357904000465,27.888357904000465
33.1000000000002,0.10000000000000001,331,305.0651338137755,1,27.903291076151142,27.903291076151142,27.903291076151142,27.903291076151142
33.200000000000202,0.10000000000000001,332,305.07821417984582,1,27.918316175843174,27.918316175843174,27.918316175843174,27.918316175843174
33.300000000000203,0.10000000000000001,333,305.0912737303027,1,27.933381806390621,27.933381806390621,27.933381806390621,27.933381806390621
33.400000000000205,0.10000000000000001,334,305.10431256281498,1,27.948456210298385,27.948456210298385,27.948456210298385,27.948456210298385
33.500000000000206,0.10000000000000001,335,305.11733070157834,1,27.963454243901396,27.963454243901396,27.963454243901396,27.963454243901396
33.600000000000207,0.10000000000000001,336,305.13032803206426,1,27.978422322553438,27.978422322553438,27.978422322553438,27.978422322553438
33.700000000000209,0.10000000000000001,337,305.14330453467636,1,27.993279049715625,27.993279049715625,27.993279049715625,27.993279049715625
33.80000000000021,0.10000000000000001,338,305.15626005206855,1,28.007812151328007,28.007812151328007,28.007812151328007,28.007812151328007
33.900000000000212,0.10000000000000001,339,305.16919406681802,1,28.021943628508787,28.021943628508787,28.021943628508787,28.021943628508787
34.000000000000213,0.10000000000000001,340,305.1821059353552,1,28.035943749219214,28.035943749219214,28.035943749219214,28.035943749219214
34.100000000000215,0.10000000000000001,341,305.19499548420612,1,28.0499069776303,28.0499069776303,28.0499069776303,28.0499069776303
34.200000000000216,0.10000000000000001,342,305.20786270268741,1,28.063964078068832,28.063964078068832,28.063964078068832,28.063964078068832
34.300000000000217,0.10000000000000001,343,305.22070779669986,1,28.078013880697259,28.078013880697259,28.078013880697259,28.078013880697259
34.400000000000219,0.10000000000000001,344,305.2335308207696,1,28.092138066853447,28.092138066853447,28.092138066853447,28.092138066853447
34.50000000000022,0.10000000000000001,345,305.24633200165891,1,28.10630853658725,28.10630853658725,28.10630853658725,28.10630853658725
34.600000000000222,0.10000000000000001,346,305.25911155964161,1,28.1204397126454,28.1204397126454,28.1204397126454,28.1204397126454
34.700000000000223,0.10000000000000001,347,305.27186957096768,1,28.135111322634099,28.135111322634099,28.135111322634099,28.135111322634099
34.800000000000225,0.10000000000000001,348,305.28460714295869,1,28.149913545436693,28.149913545436693,28.149913545436693,28.149913545436693
34.900000000000226,0.10000000000000001,349,305.29732467441306,1,28.16478590722685,28.16478590722685,28.16478590722685,28.16478590722685
35.000000000000227,0.10000000000000001,350,305.3100224285476,1,28.179852273227819,28.179852273227819,28.179852273227819,28.179852273227819
35.100000000000229,0.10000000000000001,351,305.32270081760504,1,28.195197417428361,28.195197417428361,28.195197417428361,28.195197417428361
35.20000000000023,0.10000000000000001,352,305.33536030193,1,28.21060783647043,28.21060783647043,28.21060783647043,28.21060783647043
35.300000000000232,0.10000000000000001,353,305.34800096599247,1,28.226192651786533,28.226192651786533,28.226192651786533,28.226192651786533
35.400000000000233,0.10000000000000001,354,305.36062307448265,1,28.241785138679436,28.241785138679436,28.241785138679436,28.241785138679436
35.500000000000234,0.10000000000000001,355,305.37322662980984,1,28.257380196906983,28.257380196906983,28.257380196906983,28.257380196906983
35.600000000000236,0.10000000000000001,356,305.38581164246284,1,28.273944404665738,28.273944404665738,28.273944404665738,28.273944404665738
35.700000000000237,0.10000000000000001,357,305.39837971280713,1,28.291005500652982,28.291005500652982,28.291005500652982,28.291005500652982
35.800000000000239,0.10000000000000001,358,305.41093161493222,1,28.308084488039469,28.308084488039469,28.308084488039469,28.308084488039469
35.90000000000024,0.10000000000000001,359,305.42346732645035,1,28.325088256757535,28.325088256757535,28.325088256757535,28.325088256757535
36.000000000000242,0.10000000000000001,360,305.43598668959498,1,28.341964907362037,28.341964907362037,28.341964907362037,28.341964907362037
36.100000000000243,0.10000000000000001,361,305.44848947263694,1,28.35604508169288,28.35604508169288,28.35604508169288,28.35604508169288
36.200000000000244,0.10000000000000001,362,305.46097100726979,1,28.370161923119792,28.370161923119792,28.370161923119792,28.370161923119792
36.300000000000246,0.10000000000000001,363,305.47343146226046,1,28.384237142963745,28.384237142963745,28.384237142963745,28.384237142963745
36.400000000000247,0.10000000000000001,364,305.48587087886381,1,28.398549181080259,28.398549181080259,28.398549181080259,28.398549181080259
36.500000000000249,0.10000000000000001,365,305.49828979622765,1,28.413158437819401,28.413158437819401,28.413158437819401,28.413158437819401
36.60000000000025,0.10000000000000001,366,305.51068888175718,1,28.427820943902535,28.427820943902535,28.427820943902535,28.427820943902535
36.700000000000252,0.10000000000000001,367,305.52306839741925,1,28.442423593881283,28.442423593881283,28.442423593881283,28.442423593881283
36.800000000000253,0.10000000000000001,368,305.53542839428462,1,28.457159260987432,28.457159260987432,28.457159260987432,28.457159260987432
36.900000000000254,0.10000000000000001,369,305.54776923451374,1,28.471982425111353,28.471982425111353,28.471982425111353,28.471982425111353
37.000000000000256,0.10000000000000001,370,305.56009117736556,1,28.486843766665771,28.486843766665771,28.486843766665771,28.486843766665771
37.100000000000257,0.10000000000000001,371,305.57239438837894,1,28.501742842049524,28.501742842049524,28.501742842049524,28.501742842049524
37.200000000000259,0.10000000000000001,372,305.58467902469675,1,28.516653039831368,28.516653039831368,28.516653039831368,28.516653039831368
37.30000000000026,0.10000000000000001,373,305.5969451912656,1,28.531621121963596,28.531621121963596,28.531621121963596,28.531621121963596
37.400000000000261,0.10000000000000001,374,305.60919305665544,1,28.547732070681796,28.547732070681796,28.547732070681796,28.547732070681796
37.500000000000263,0.10000000000000001,375,305.62142451607548,1,28.564163382798647,28.564163382798647,28.564163382798647,28.564163382798647
37.600000000000264,0.10000000000000001,376,305.63364005973,1,28.580681345670971,28.580681345670971,28.580681345670971,28.580681345670971
37.700000000000266,0.10000000000000001,377,305.64583981297466,1,28.59717670215916,28.59717670215916,28.59717670215916,28.59717670215916
37.800000000000267,0.10000000000000001,378,305.65802376131722,1,28.613622956646097,28.613622956646097,28.613622956646097,28.613622956646097
37.900000000000269,0.10000000000000001,379,305.67019185588646,1,28.630262904203683,28.630262904203683,28.630262904203683,28.630262904203683
38.00000000000027,0.10000000000000001,380,305.68234443050358,1,28.646924538787736,28.646924538787736,28.646924538787736,28.646924538787736
38.100000000000271,0.10000000000000001,381,305.69448149579989,1,28.663600665026646,28.663600665026646,28.663600665026646,28.663600665026646
38.200000000000273,0.10000000000000001,382,305.70660303790152,1,28.680258017179145,28.680258017179145,28.680258017179145,28.680258017179145
38.300000000000274,0.10000000000000001,383,305.71870900501278,1,28.696623694775866,28.696623694775866,28.696623694775866,28.696623694775866
38.400000000000276,0.10000000000000001,384,305.73079890314216,1,28.711948772307906,28.711948772307906,28.711948772307906,28.711948772307906
38.500000000000277,0.10000000000000001,385,305.74287102429452,1,28.727158626270235,28.727158626270235,28.727158626270235,28.727158626270235
38.600000000000279,0.10000000000000001,386,305.75492524306077,1,28.742283761763169,28.742283761763169,28.742283761763169,28.742283761763169
38.70000000000028,0.10000000000000001,387,305.76696150998345,1,28.757238468777153,28.757238468777153,28.757238468777153,28.757238468777153
38.800000000000281,0.10000000000000001,388,305.77897968545454,1,28.772150950545058,28.772150950545058,28.772150950545058,28.772150950545058
38.900000000000283,0.10000000000000001,389,305.79097984424624,1,28.786927191179966,28.786927191179966,28.786927191179966,28.786927191179966
39.000000000000284,0.10000000000000001,390,305.80296191273629,1,28.801614454295894,28.801614454295894,28.801614454295894,28.801614454295894
39.100000000000286,0.10000000000000001,391,305.81492587414061,1,28.816310456197051,28.816310456197051,28.816310456197051,28.816310456197051
39.200000000000287,0.10000000000000001,392,305.82687184829217,1,28.831044545913556,28.831044545913556,28.831044545913556,28.831044545913556
39.300000000000288,0.10000000000000001,393,305.83879995112267,1,28.845661025295691,28.845661025295691,28.845661025295691,28.845661025295691
39.40000000000029,0.10000000000000001,394,305.85071002973979,1,28.859870504490111,28.859870504490111,28.859870504490111,28.859870504490111
39.500000000000291,0.10000000000000001,395,305.86260144227646,1,28.873989709488363,28.873989709488363,28.873989709488363,28.873989709488363
39.600000000000293,0.10000000000000001,396,305.87447411902747,1,28.888207241941593,28.888207241941593,28.888207241941593,28.888207241941593
39.700000000000294,0.10000000000000001,397,305.8863283175607,1,28.903094547623798,28.903094547623798,28.903094547623798,28.903094547623798
39.800000000000296,0.10000000000000001,398,305.89816523606504,1,28.918079112531675,28.918079112531675,28.918079112531675,28.918079112531675
39.900000000000297,0.10000000000000001,399,305.90998508674295,1,28.933058947379568,28.933058947379568,28.933058947379568,28.933058947379568
40.000000000000298,0.10000000000000001,400,305.92178792422038,1,28.948095593441558,28.948095593441558,28.948095593441558,28.948095593441558
40.1000000000003,0.10000000000000001,401,305.93357388546457,1,28.962965938073168,28.962965938073168,28.962965938073168,28.962965938073168
40.200000000000301,0.10000000000000001,402,305.94534273395215,1,28.976959503539135,28.976959503539135,28.976959503539135,28.976959503539135
40.300000000000303,0.10000000000000001,403,305.95709307181426,1,28.990776132971494,28.990776132971494,28.990776132971494,28.990776132971494
40.400000000000304,0.10000000000000001,404,305.96882468787754,1,29.004594074922387,29.004594074922387,29.004594074922387,29.004594074922387
40.500000000000306,0.10000000000000001,405,305.98053763364982,1,29.018386723259578,29.018386723259578,29.018386723259578,29.018386723259578
40.600000000000307,0.10000000000000001,406,305.99223191395851,1,29.032155238998083,29.032155238998083,29.032155238998083,29.032155238998083
40.700000000000308,0.10000000000000001,407,306.00390754327123,1,29.045898484617229,29.045898484617229,29.045898484617229,29.045898484617229
40.80000000000031,0.10000000000000001,408,306.01556453847229,1,29.059578079125657,29.059578079125657,29.059578079125657,29.059578079125657
40.900000000000311,0.10000000000000001,409,306.0272028523176,1,29.073166016617879,29.073166016617879,29.073166016617879,29.073166016617879
41.000000000000313,0.10000000000000001,410,306.03882239062443,1,29.086718619050803,29.086718619050803,29.086718619050803,29.086718619050803
41.100000000000314,0.10000000000000001,411,306.05042315673268,1,29.100126294139471,29.100126294139471,29.100126294139471,29.100126294139471
41.200000000000315,0.10000000000000001,412,306.06200496669487,1,29.113271472634928,29.113271472634928,29.113271472634928,29.113271472634928
41.300000000000317,0.10000000000000001,413,306.07356743678122,1,29.126105607911338,29.126105607911338,29.126105607911338,29.126105607911338
41.400000000000318,0.10000000000000001,414,306.08511009909677,1,29.138936144371307,29.138936144371307,29.138936144371307,29.138936144371307
41.50000000000032,0.10000000000000001,415,306.09663300872586,1,29.15173499615933,29.15173499615933,29.15173499615933,29.15173499615933
41.600000000000321,0.10000000000000001,416,306.10813618798431,1,29.16453547935448,29.16453547935448,29.16453547935448,29.16453547935448
41.700000000000323,0.10000000000000001,417,306.11961974175421,1,29.177631903896096,29.177631903896096,29.177631903896096,29.177631903896096
41.800000000000324,0.10000000000000001,418,306.13108430999955,1,29.190762861456996,29.190762861456996,29.190762861456996,29.190762861456996
41.900000000000325,0.10000000000000001,419,306.14253009183989,1,29.203950093908695,29.203950093908695,29.203950093908695,29.203950093908695
42.000000000000327,0.10000000000000001,420,306.15395733192082,1,29.217019039676671,29.217019039676671,29.217019039676671,29.217019039676671
42.100000000000328,0.10000000000000001,421,306.16536598376393,1,29.230147607624108,29.230147607624108,29.230147607624108,29.230147607624108
42.20000000000033,0.10000000000000001,422,306.17675627003075,1,29.243339316266557,29.243339316266557,29.243339316266557,29.243339316266557
42.300000000000331,0.10000000000000001,423,306.188128360485,1,29.256624140329315,29.256624140329315,29.256624140329315,29.256624140329315
42.400000000000333,0.10000000000000001,424,306.19948244003928,1,29.269898177535545,29.269898177535545,29.269898177535545,29.269898177535545
42.500000000000334,0.10000000000000001,425,306.21081852006682,1,29.283218693926877,29.283218693926877,29.283218693926877,29.283218693926877
42.600000000000335,0.10000000000000001,426,306.22213670250085,1,29.296508824093674,29.296508824093674,29.296508824093674,29.296508824093674
42.700000000000337,0.10000000000000001,427,306.23343696939753,1,29.309995904428806,29.309995904428806,29.309995904428806,29.309995904428806
42.800000000000338,0.10000000000000001,428,306.24471968265357,1,29.324103033132236,29.324103033132236,29.324103033132236,29.324103033132236
42.90000000000034,0.10000000000000001,429,306.25598588599678,1,29.338330233297345,29.338330233297345,29.338330233297345,29.338330233297345
43.000000000000341,0.10000000000000001,430,306.26723577310588,1,29.352519187365381,29.352519187365381,29.352519187365381,29.352519187365381
43.100000000000342,0.10000000000000001,431,306.27846928295969,1,29.36672008231006,29.36672008231006,29.36672008231006,29.36672008231006
43.200000000000344,0.10000000000000001,432,306.28968644771589,1,29.38089179434693,29.38089179434693,29.38089179434693,29.38089179434693
43.300000000000345,0.10000000000000001,433,306.30088723186958,1,29.392844340261284,29.392844340261284,29.392844340261284,29.392844340261284
43.400000000000347,0.10000000000000001,434,306.31206796673945,1,29.404830207130711,29.404830207130711,29.404830207130711,29.404830207130711
43.500000000000348,0.10000000000000001,435,306.32322882741067,1,29.41704672761864,29.41704672761864,29.41704672761864,29.41704672761864
43.60000000000035,0.10000000000000001,436,306.33437033271292,1,29.429210647089164,29.429210647089164,29.429210647089164,29.429210647089164
43.700000000000351,0.10000000000000001,437,306.34549254320899,1,29.441313351176763,29.441313351176763,29.441313351176763,29.441313351176763
43.800000000000352,0.10000000000000001,438,306.35659551490795,1,29.453325607968996,29.453325607968996,29.453325607968996,29.453325607968996
43.900000000000354,0.10000000000000001,439,306.3676792509375,1,29.465393918890371,29.465393918890371,29.465393918890371,29.465393918890371
44.000000000000355,0.10000000000000001,440,306.37874398817701,1,29.477419878849926,29.477419878849926,29.477419878849926,29.477419878849926
44.100000000000357,0.10000000000000001,441,306.38978978456134,1,29.489401728280185,29.489401728280185,29.489401728280185,29.489401728280185
44.200000000000358,0.10000000000000001,442,306.40081669052182,1,29.501335283434884,29.501335283434884,29.501335283434884,29.501335283434884
44.30000000000036,0.10000000000000001,443,306.41182474461249,1,29.513218989707834,29.513218989707834,29.513218989707834,29.513218989707834
44.400000000000361,0.10000000000000001,444,306.42281397974733,1,29.525060349850008,29.525060349850008,29.525060349850008,29.525060349850008
44.500000000000362,0.10000000000000001,445,306.43378443769933,1,29.537237695195266,29.537237695195266,29.537237695195266,29.537237695195266
44.600000000000364,0.10000000000000001,446,306.44473676284775,1,29.550096843094714,29.550096843094714,29.550096843094714,29.550096843094714
44.700000000000365,0.10000000000000001,447,306.45567212564498,1,29.56309209911532,29.56309209911532,29.56309209911532,29.56309209911532
44.800000000000367,0.10000000000000001,448,306.46659075790592,1,29.576095512102906,29.576095512102906,29.576095512102906,29.576095512102906
44.900000000000368,0.10000000000000001,449,306.47749268403021,1,29.589153848011687,29.589153848011687,29.589153848011687,29.589153848011687
45.000000000000369,0.10000000000000001,450,306.48837801510336,1,29.602102955322088,29.602102955322088,29.602102955322088,29.602102955322088
45.100000000000371,0.10000000000000001,451,306.49924661381959,1,29.614305497921123,29.614305497921123,29.614305497921123,29.614305497921123
45.200000000000372,0.10000000000000001,452,306.51009729129873,1,29.626444065530624,29.626444065530624,29.626444065530624,29.626444065530624
45.300000000000374,0.10000000000000001,453,306.52092999052576,1,29.638483511648175,29.638483511648175,29.638483511648175,29.638483511648175
45.400000000000375,0.10000000000000001,454,306.53174457100687,1,29.650484793455476,29.650484793455476,29.650484793455476,29.650484793455476
45.500000000000377,0.10000000000000001,455,306.54254100936714,1,29.662335434479708,29.662335434479708,29.662335434479708,29.662335434479708
45.600000000000378,0.10000000000000001,456,306.55331910572261,1,29.673754788368036,29.673754788368036,29.673754788368036,29.673754788368036
45.700000000000379,0.10000000000000001,457,306.56407820029358,1,29.684666937546645,29.684666937546645,29.684666937546645,29.684666937546645
45.800000000000381,0.10000000000000001,458,306.57481753388771,1,29.695474331431086,29.695474331431086,29.695474331431086,29.695474331431086
45.900000000000382,0.10000000000000001,459,306.58553704903915,1,29.706092067041457,29.706092067041457,29.706092067041457,29.706092067041457
46.000000000000384,0.10000000000000001,460,306.59623658073451,1,29.716618080455365,29.716618080455365,29.716618080455365,29.716618080455365
46.100000000000385,0.10000000000000001,461,306.60691612837854,1,29.726986392312188,29.726986392312188,29.726986392312188,29.726986392312188
46.200000000000387,0.10000000000000001,462,306.61757558667097,1,29.7372925462094,29.7372925462094,29.7372925462094,29.7372925462094
46.300000000000388,0.10000000000000001,463,306.62821499925434,1,29.747532444559155,29.747532444559155,29.747532444559155,29.747532444559155
46.400000000000389,0.10000000000000001,464,306.63883437559019,1,29.75775161537814,29.75775161537814,29.75775161537814,29.75775161537814
46.500000000000391,0.10000000000000001,465,306.64943377161455,1,29.767967442835939,29.767967442835939,29.767967442835939,29.767967442835939
46.600000000000392,0.10000000000000001,466,306.66001325748755,1,29.778140993727561,29.778140993727561,29.778140993727561,29.778140993727561
46.700000000000394,0.10000000000000001,467,306.67057282874691,1,29.788367046013182,29.788367046013182,29.788367046013182,29.788367046013182
46.800000000000395,0.10000000000000001,468,306.68111262688967,1,29.798197954073558,29.798197954073558,29.798197954073558,29.798197954073558
46.900000000000396,0.10000000000000001,469,306.6916320650123,1,29.808655748725311,29.808655748725311,29.808655748725311,29.808655748725311
47.000000000000398,0.10000000000000001,470,306.70213228020936,1,29.819053419276756,29.819053419276756,29.819053419276756,29.819053419276756
47.100000000000399,0.10000000000000001,471,306.71261321895747,1,29.829419160801041,29.829419160801041,29.829419160801041,29.829419160801041
47.200000000000401,0.10000000000000001,472,306.72307486242681,1,29.839706623649889,29.839706623649889,29.839706623649889,29.839706623649889
47.300000000000402,0.10000000000000001,473,306.73351711825694,1,29.849877457342718,29.849877457342718,29.849877457342718,29.849877457342718
47.400000000000404,0.10000000000000001,474,306.74393984925337,1,29.859891145876762,29.859891145876762,29.859891145876762,29.859891145876762
47.500000000000405,0.10000000000000001,475,306.75434284272438,1,29.869757787949968,29.869757787949968,29.869757787949968,29.869757787949968
47.600000000000406,0.10000000000000001,476,306.76472590293542,1,29.879434168200429,29.879434168200429,29.879434168200429,29.879434168200429
47.700000000000408,0.10000000000000001,477,306.77508878255151,1,29.8889340339359,29.8889340339359,29.8889340339359,29.8889340339359
47.800000000000409,0.10000000000000001,478,306.78543128922121,1,29.89834041828226,29.89834041828226,29.89834041828226,29.89834041828226
47.900000000000411,0.10000000000000001,479,306.79575337394238,1,29.90761430182814,29.90761430182814,29.90761430182814,29.90761430182814
48.000000000000412,0.10000000000000001,480,306.80605492783366,1,29.916816531219208,29.916816531219208,29.916816531219208,29.916816531219208
48.100000000000414,0.10000000000000001,481,306.81633593880957,1,29.925943284689723,29.925943284689723,29.925943284689723,29.925943284689723
48.200000000000415,0.10000000000000001,482,306.82659638200568,1,29.93497676624385,29.93497676624385,29.93497676624385,29.93497676624385
48.300000000000416,0.10000000000000001,483,306.83683619843021,1,29.943945516637974,29.943945516637974,29.943945516637974,29.943945516637974
48.400000000000418,0.10000000000000001,484,306.84705537587178,1,29.952900278942401,29.952900278942401,29.952900278942401,29.952900278942401
48.500000000000419,0.10000000000000001,485,306.85725398188265,1,29.961830823090889,29.961830823090889,29.961830823090889,29.961830823090889
48.600000000000421,0.10000000000000001,486,306.86743206366333,1,29.970639634826853,29.970639634826853,29.970639634826853,29.970639634826853
48.700000000000422,0.10000000000000001,487,306.8775895011342,1,29.978890246161153,29.978890246161153,29.978890246161153,29.978890246161153
48.800000000000423,0.10000000000000001,488,306.88772545782882,1,29.987020707077146,29.987020707077146,29.987020707077146,29.987020707077146
48.900000000000425,0.10000000000000001,489,306.89783985357144,1,29.994968532772393,29.994968532772393,29.994968532772393,29.994968532772393
49.000000000000426,0.10000000000000001,490,306.90793251629617,1,30.002830557284661,30.002830557284661,30.002830557284661,30.002830557284661
49.100000000000428,0.10000000000000001,491,306.91800344086352,1,30.010565318283845,30.010565318283845,30.010565318283845,30.010565318283845
49.200000000000429,0.10000000000000001,492,306.92805255342097,1,30.01826795083127,30.01826795083127,30.01826795083127,30.01826795083127
49.300000000000431,0.10000000000000001,493,306.93807992972256,1,30.025973461886743,30.025973461886743,30.025973461886743,30.025973461886743
49.400000000000432,0.10000000000000001,494,306.94808568694492,1,30.03365952747998,30.03365952747998,30.03365952747998,30.03365952747998
49.500000000000433,0.10000000000000001,495,306.95806989585407,1,30.041305285618659,30.041305285618659,30.041305285618659,30.041305285618659
49.600000000000435,0.10000000000000001,496,306.96803258287292,1,30.048897731711453,30.048897731711453,30.048897731711453,30.048897731711453
49.700000000000436,0.10000000000000001,497,306.97797375092676,1,30.056451228600178,30.056451228600178,30.056451228600178,30.056451228600178
49.800000000000438,0.10000000000000001,498,306.98789342441461,1,30.063951453312658,30.063951453312658,30.063951453312658,30.063951453312658
49.900000000000439,0.10000000000000001,499,306.99779160427363,1,30.071731258072283,30.071731258072283,30.071731258072283,30.071731258072283
50.000000000000441,0.10000000000000001,500,307.00766883401087,1,30.079858084929217,30.079858084929217,30.079858084929217,30.079858084929217
50.100000000000442,0.10000000000000001,501,307.01752574232586,1,30.088183701328035,30.088183701328035,30.088183701328035,30.088183701328035
50.200000000000443,0.10000000000000001,502,307.02736269293791,1,30.096537418002299,30.096537418002299,30.096537418002299,30.096537418002299
50.300000000000445,0.10000000000000001,503,307.03717976872304,1,30.104870174954364,30.104870174954364,30.104870174954364,30.104870174954364
50.400000000000446,0.10000000000000001,504,307.04697698070771,1,30.11321545287128,30.11321545287128,30.11321545287128,30.11321545287128
50.500000000000448,0.10000000000000001,505,307.05675440147098,1,30.120912739905563,30.120912739905563,30.120912739905563,30.120912739905563
50.600000000000449,0.10000000000000001,506,307.06651100181119,1,30.128469361083869,30.128469361083869,30.128469361083869,30.128469361083869
50.70000000000045,0.10000000000000001,507,307.07624661094053,1,30.135881244004228,30.135881244004228,30.135881244004228,30.135881244004228
50.800000000000452,0.10000000000000001,508,307.08596104807066,1,30.14318030891668,30.14318030891668,30.14318030891668,30.14318030891668
50.900000000000453,0.10000000000000001,509,307.09565420315829,1,30.150414553541928,30.150414553541928,30.150414553541928,30.150414553541928
51.000000000000455,0.10000000000000001,510,307.10532604780525,1,30.157588341928577,30.157588341928577,30.157588341928577,30.157588341928577
51.100000000000456,0.10000000000000001,511,307.11497655534038,1,30.164690234567733,30.164690234567733,30.164690234567733,30.164690234567733
51.200000000000458,0.10000000000000001,512,307.12460567843453,1,30.171781073505677,30.171781073505677,30.171781073505677,30.171781073505677
51.300000000000459,0.10000000000000001,513,307.13421347785862,1,30.178723878969677,30.178723878969677,30.178723878969677,30.178723878969677
51.40000000000046,0.10000000000000001,514,307.14379981228876,1,30.185585081305714,30.185585081305714,30.185585081305714,30.185585081305714
51.500000000000462,0.10000000000000001,515,307.15336465811151,1,30.192322086479898,30.192322086479898,30.192322086479898,30.192322086479898
51.600000000000463,0.10000000000000001,516,307.16290792744593,1,30.199000916033231,30.199000916033231,30.199000916033231,30.199000916033231
51.700000000000465,0.10000000000000001,517,307.17242963768859,1,30.205748750013868,30.205748750013868,30.205748750013868,30.205748750013868
51.800000000000466,0.10000000000000001,518,307.18193000099285,1,30.212572277425341,30.212572277425341,30.212572277425341,30.212572277425341
51.900000000000468,0.10000000000000001,519,307.19140921639996,1,30.219590655493164,30.219590655493164,30.219590655493164,30.219590655493164
52.000000000000469,0.10000000000000001,520,307.20086766219214,1,30.226737012362012,30.226737012362012,30.226737012362012,30.226737012362012
52.10000000000047,0.10000000000000001,521,307.21030560384497,1,30.233971854082281,30.233971854082281,30.233971854082281,30.233971854082281
52.200000000000472,0.10000000000000001,522,307.21972323372557,1,30.241399711730061,30.241399711730061,30.241399711730061,30.241399711730061
52.300000000000473,0.10000000000000001,523,307.22912092827818,1,30.248404130151517,30.248404130151517,30.248404130151517,30.248404130151517
52.400000000000475,0.10000000000000001,524,307.23849802710112,1,30.255362125412944,30.255362125412944,30.255362125412944,30.255362125412944
52.500000000000476,0.10000000000000001,525,307.24785451747204,1,30.262265882018703,30.262265882018703,30.262265882018703,30.262265882018703
52.600000000000477,0.10000000000000001,526,307.25719037489785,1,30.269203866995856,30.269203866995856,30.269203866995856,30.269203866995856
52.700000000000479,0.10000000000000001,527,307.26650572281045,1,30.276159886310733,30.276159886310733,30.276159886310733,30.276159886310733
52.80000000000048,0.10000000000000001,528,307.27580063277469,1,30.283121518343616,30.283121518343616,30.283121518343616,30.283121518343616
52.900000000000482,0.10000000000000001,529,307.28507516886862,1,30.290037420984326,30.290037420984326,30.290037420984326,30.290037420984326
53.000000000000483,0.10000000000000001,530,307.29432931976623,1,30.296810738889917,30.296810738889917,30.296810738889917,30.296810738889917
53.100000000000485,0.10000000000000001,531,307.30356292542888,1,30.303454455575888,30.303454455575888,30.303454455575888,30.303454455575888
53.200000000000486,0.10000000000000001,532,307.31277586903838,1,30.31001896703415,30.31001896703415,30.31001896703415,30.31001896703415
53.300000000000487,0.10000000000000001,533,307.32196812024512,1,30.316472928806046,30.316472928806046,30.316472928806046,30.316472928806046
53.400000000000489,0.10000000000000001,534,307.33113960001572,1,30.322866943541207,30.322866943541207,30.322866943541207,30.322866943541207
53.50000000000049,0.10000000000000001,535,307.34029030934647,1,30.329204217671872,30.329204217671872,30.329204217671872,30.329204217671872
53.600000000000492,0.10000000000000001,536,307.34942024914437,1,30.335492652317349,30.335492652317349,30.335492652317349,30.335492652317349
53.700000000000493,0.10000000000000001,537,307.35852942978056,1,30.341897224055142,30.341897224055142,30.341897224055142,30.341897224055142
53.800000000000495,0.10000000000000001,538,307.36761813052124,1,30.348316868293047,30.348316868293047,30.348316868293047,30.348316868293047
53.900000000000496,0.10000000000000001,539,307.3766864558645,1,30.35471831201404,30.35471831201404,30.35471831201404,30.35471831201404
54.000000000000497,0.10000000000000001,540,307.38573445516175,1,30.361578781272396,30.361578781272396,30.361578781272396,30.361578781272396
54.100000000000499,0.10000000000000001,541,307.39476298660077,1,30.367852836032771,30.367852836032771,30.367852836032771,30.367852836032771
54.2000000000005,0.10000000000000001,542,307.40377115053877,1,30.373672120888269,30.373672120888269,30.373672120888269,30.373672120888269
54.300000000000502,0.10000000000000001,543,307.41275826145693,1,30.379420245266122,30.379420245266122,30.379420245266122,30.379420245266122
54.400000000000503,0.10000000000000001,544,307.42172427006392,1,30.385065130689039,30.385065130689039,30.385065130689039,30.385065130689039
54.500000000000504,0.10000000000000001,545,307.43066907930762,1,30.390681316480581,30.390681316480581,30.390681316480581,30.390681316480581
54.600000000000506,0.10000000000000001,546,307.43959271645548,1,30.396272796816739,30.396272796816739,30.396272796816739,30.396272796816739
54.700000000000507,0.10000000000000001,547,307.44849520120954,1,30.401887479720077,30.401887479720077,30.401887479720077,30.401887479720077
54.800000000000509,0.10000000000000001,548,307.45737663145314,1,30.407568940983076,30.407568940983076,30.407568940983076,30.407568940983076
54.90000000000051,0.10000000000000001,549,307.46623718075853,1,30.413124809351814,30.413124809351814,30.413124809351814,30.413124809351814
55.000000000000512,0.10000000000000001,550,307.47507672304602,1,30.418606907248762,30.418606907248762,30.418606907248762,30.418606907248762
55.100000000000513,0.10000000000000001,551,307.48389522858309,1,30.42400491366022,30.42400491366022,30.42400491366022,30.42400491366022
55.200000000000514,0.10000000000000001,552,307.49269265770982,1,30.429391948279701,30.429391948279701,30.429391948279701,30.429391948279701
55.300000000000516,0.10000000000000001,553,307.50146908862712,1,30.435004764090234,30.435004764090234,30.435004764090234,30.435004764090234
55.400000000000517,0.10000000000000001,554,307.51022497917472,1,30.440720714602229,30.440720714602229,30.440720714602229,30.440720714602229
55.500000000000519,0.10000000000000001,555,307.5189605724363,1,30.446512784062165,30.446512784062165,30.446512784062165,30.446512784062165
55.60000000000052,0.10000000000000001,556,307.52767606442495,1,30.452318271468165,30.452318271468165,30.452318271468165,30.452318271468165
55.700000000000522,0.10000000000000001,557,307.53637154712231,1,30.458140926903923,30.458140926903923,30.458140926903923,30.458140926903923
55.800000000000523,0.10000000000000001,558,307.54504712109281,1,30.464021428458761,30.464021428458761,30.464021428458761,30.464021428458761
55.900000000000524,0.10000000000000001,559,307.5537029423914,1,30.469485741439982,30.469485741439982,30.469485741439982,30.469485741439982
56.000000000000526,0.10000000000000001,560,307.56233837886953,1,30.474890198983886,30.474890198983886,30.474890198983886,30.474890198983886
56.100000000000527,0.10000000000000001,561,307.57095342200199,1,30.480270610086343,30.480270610086343,30.480270610086343,30.480270610086343
56.200000000000529,0.10000000000000001,562,307.57954812663996,1,30.48554986211478,30.48554986211478,30.48554986211478,30.48554986211478
56.30000000000053,0.10000000000000001,563,307.58812241697956,1,30.490778162112584,30.490778162112584,30.490778162112584,30.490778162112584
56.400000000000531,0.10000000000000001,564,307.59667629805659,1,30.496000645063035,30.496000645063035,30.496000645063035,30.496000645063035
56.500000000000533,0.10000000000000001,565,307.60520985785604,1,30.501233026299609,30.501233026299609,30.501233026299609,30.501233026299609
56.600000000000534,0.10000000000000001,566,307.61372320801365,1,30.50645070453546,30.50645070453546,30.50645070453546,30.50645070453546
56.700000000000536,0.10000000000000001,567,307.62221641645186,1,30.511617321760259,30.511617321760259,30.511617321760259,30.511617321760259
56.800000000000537,0.10000000000000001,568,307.63068949532692,1,30.516752896595598,30.516752896595598,30.516752896595598,30.516752896595598
56.900000000000539,0.10000000000000001,569,307.63914249017785,1,30.521843609275717,30.521843609275717,30.521843609275717,30.521843609275717
57.00000000000054,0.10000000000000001,570,307.64757542380545,1,30.526943095707054,30.526943095707054,30.526943095707054,30.526943095707054
57.100000000000541,0.10000000000000001,571,307.65598840447524,1,30.532225404487562,30.532225404487562,30.532225404487562,30.532225404487562
57.200000000000543,0.10000000000000001,572,307.66438181676796,1,30.537594604251428,30.537594604251428,30.537594604251428,30.537594604251428
57.300000000000544,0.10000000000000001,573,307.67275587203932,1,30.54310090485065,30.54310090485065,30.54310090485065,30.54310090485065
57.400000000000546,0.10000000000000001,574,307.6811108509612,1,30.548641699121575,30.548641699121575,30.548641699121575,30.548641699121575
57.500000000000547,0.10000000000000001,575,307.68944686893468,1,30.554373300495389,30.554373300495389,30.554373300495389,30.554373300495389
57.600000000000549,0.10000000000000001,576,307.69776430405011,1,30.560663072107513,30.560663072107513,30.560663072107513,30.560663072107513
57.70000000000055,0.10000000000000001,577,307.70606412951543,1,30.566505099684171,30.566505099684171,30.566505099684171,30.566505099684171
57.800000000000551,0.10000000000000001,578,307.71434561166774,1,30.572356207330959,30.572356207330959,30.572356207330959,30.572356207330959
57.900000000000553,0.10000000000000001,579,307.72260878931041,1,30.578211024908875,30.578211024908875,30.578211024908875,30.578211024908875
58.000000000000554,0.10000000000000001,580,307.73085369311843,1,30.584070068145571,30.584070068145571,30.584070068145571,30.584070068145571
58.100000000000556,0.10000000000000001,581,307.73908034578159,1,30.589941839978977,30.589941839978977,30.589941839978977,30.589941839978977
58.200000000000557,0.10000000000000001,582,307.74728878362794,1,30.595861781211731,30.595861781211731,30.595861781211731,30.595861781211731
58.300000000000558,0.10000000000000001,583,307.7554791191094,1,30.601841066266591,30.601841066266591,30.601841066266591,30.601841066266591
58.40000000000056,0.10000000000000001,584,307.76365148699387,1,30.60778350270763,30.60778350270763,30.60778350270763,30.60778350270763
58.500000000000561,0.10000000000000001,585,307.7718058787363,1,30.613581619839707,30.613581619839707,30.613581619839707,30.613581619839707
58.600000000000563,0.10000000000000001,586,307.7799421453725,1,30.619309048359522,30.619309048359522,30.619309048359522,30.619309048359522
58.700000000000564,0.10000000000000001,587,307.78806027059034,1,30.624921174220507,30.624921174220507,30.624921174220507,30.624921174220507
58.800000000000566,0.10000000000000001,588,307.79616017297025,1,30.630509879746569,30.630509879746569,30.630509879746569,30.630509879746569
58.900000000000567,0.10000000000000001,589,307.80424191768566,1,30.636083588891221,30.636083588891221,30.636083588891221,30.636083588891221
59.000000000000568,0.10000000000000001,590,307.81230557365905,1,30.641677541163876,30.641677541163876,30.641677541163876,30.641677541163876
59.10000000000057,0.10000000000000001,591,307.82035125995162,1,30.647333850563715,30.647333850563715,30.647333850563715,30.647333850563715
59.200000000000571,0.10000000000000001,592,307.8283791551969,1,30.65298306875944,30.65298306875944,30.65298306875944,30.65298306875944
59.300000000000573,0.10000000000000001,593,307.83638932132573,1,30.658916900239511,30.658916900239511,30.658916900239511,30.658916900239511
59.400000000000574,0.10000000000000001,594,307.84438230896541,1,30.665251424920442,30.665251424920442,30.665251424920442,30.665251424920442
59.500000000000576,0.10000000000000001,595,307.85235884373293,1,30.671285149223319,30.671285149223319,30.671285149223319,30.671285149223319
59.600000000000577,0.10000000000000001,596,307.86031844311646,1,30.677350736144572,30.677350736144572,30.677350736144572,30.677350736144572
59.700000000000578,0.10000000000000001,597,307.86826117348772,1,30.683434027199883,30.683434027199883,30.683434027199883,30.683434027199883
59.80000000000058,0.10000000000000001,598,307.8761870840126,1,30.689474655960826,30.689474655960826,30.689474655960826,30.689474655960826
59.900000000000581,0.10000000000000001,599,307.88409611945633,1,30.695525217511204,30.695525217511204,30.695525217511204,30.695525217511204
60.000000000000583,0.10000000000000001,600,307.89198830987067,1,30.701459780821072,30.701459780821072,30.701459780821072,30.701459780821072
60.100000000000584,0.10000000000000001,601,307.89986347646601,1,30.707084890287646,30.707084890287646,30.707084890287646,30.707084890287646
60.200000000000585,0.10000000000000001,602,307.90772115013164,1,30.712513026993605,30.712513026993605,30.712513026993605,30.712513026993605
60.300000000000587,0.10000000000000001,603,307.91556107776483,1,30.717902736785952,30.717902736785952,30.717902736785952,30.717902736785952
60.400000000000588,0.10000000000000001,604,307.9233832834646,1,30.723281533299108,30.723281533299108,30.723281533299108,30.723281533299108
60.50000000000059,0.10000000000000001,605,307.93118783483953,1,30.728627237479394,30.728627237479394,30.728627237479394,30.728627237479394
60.600000000000591,0.10000000000000001,606,307.93897476256825,1,30.733969618671484,30.733969618671484,30.733969618671484,30.733969618671484
60.700000000000593,0.10000000000000001,607,307.94674414297094,1,30.739309283255437,30.739309283255437,30.739309283255437,30.739309283255437
60.800000000000594,0.10000000000000001,608,307.95449604901063,1,30.744668774846428,30.744668774846428,30.744668774846428,30.744668774846428
60.900000000000595,0.10000000000000001,609,307.96223058845669,1,30.750011855028518,30.750011855028518,30.750011855028518,30.750011855028518
61.000000000000597,0.10000000000000001,610,307.96994780522965,1,30.755336160965143,30.755336160965143,30.755336160965143,30.755336160965143
61.100000000000598,0.10000000000000001,611,307.97764773860695,1,30.760958410523891,30.760958410523891,30.760958410523891,30.760958410523891
61.2000000000006,0.10000000000000001,612,307.98533096098851,1,30.766770787338817,30.766770787338817,30.766770787338817,30.766770787338817
61.300000000000601,0.10000000000000001,613,307.99299786057247,1,30.77328410901708,30.77328410901708,30.77328410901708,30.77328410901708
61.400000000000603,0.10000000000000001,614,308.00064964350014,1,30.779734016481264,30.779734016481264,30.779734016481264,30.779734016481264
61.500000000000604,0.10000000000000001,615,308.0082862157808,1,30.786052357264182,30.786052357264182,30.786052357264182,30.786052357264182
61.600000000000605,0.10000000000000001,616,308.01590737834232,1,30.792346957258275,30.792346957258275,30.792346957258275,30.792346957258275
61.700000000000607,0.10000000000000001,617,308.0235131416718,1,30.7986271637727,30.7986271637727,30.7986271637727,30.7986271637727
61.800000000000608,0.10000000000000001,618,308.0311035422294,1,30.804898913427596,30.804898913427596,30.804898913427596,30.804898913427596
61.90000000000061,0.10000000000000001,619,308.03867861809869,1,30.811192262538643,30.811192262538643,30.811192262538643,30.811192262538643
62.000000000000611,0.10000000000000001,620,308.04623845552811,1,30.817467397510459,30.817467397510459,30.817467397510459,30.817467397510459
62.100000000000612,0.10000000000000001,621,308.05378308634329,1,30.823681192429341,30.823681192429341,30.823681192429341,30.823681192429341
62.200000000000614,0.10000000000000001,622,308.06131249378677,1,30.829887435960828,30.829887435960828,30.829887435960828,30.829887435960828
62.300000000000615,0.10000000000000001,623,308.06882675565549,1,30.836043661778767,30.836043661778767,30.836043661778767,30.836043661778767
62.400000000000617,0.10000000000000001,624,308.07632588352425,1,30.842282010812287,30.842282010812287,30.842282010812287,30.842282010812287
62.500000000000618,0.10000000000000001,625,308.08381010148844,1,30.848676303839643,30.848676303839643,30.848676303839643,30.848676303839643
62.60000000000062,0.10000000000000001,626,308.0912797386888,1,30.85513001231142,30.85513001231142,30.85513001231142,30.85513001231142
62.700000000000621,0.10000000000000001,627,308.0987349433139,1,30.86166927752453,30.86166927752453,30.86166927752453,30.86166927752453
62.800000000000622,0.10000000000000001,628,308.10617587388663,1,30.868216353528517,30.868216353528517,30.868216353528517,30.868216353528517
62.900000000000624,0.10000000000000001,629,308.11360255673713,1,30.874765279622416,30.874765279622416,30.874765279622416,30.874765279622416
63.000000000000625,0.10000000000000001,630,308.12101501355323,1,30.881379214378704,30.881379214378704,30.881379214378704,30.881379214378704
63.100000000000627,0.10000000000000001,631,308.12841336072108,1,30.888433915863338,30.888433915863338,30.888433915863338,30.888433915863338
63.200000000000628,0.10000000000000001,632,308.13579833207348,1,30.895497303118233,30.895497303118233,30.895497303118233,30.895497303118233
63.30000000000063,0.10000000000000001,633,308.14316992505707,1,30.902524839366041,30.902524839366041,30.902524839366041,30.902524839366041
63.400000000000631,0.10000000000000001,634,308.15052806594309,1,30.909544511761297,30.909544511761297,30.909544511761297,30.909544511761297
63.500000000000632,0.10000000000000001,635,308.15787273934859,1,30.916566489758232,30.916566489758232,30.916566489758232,30.916566489758232
63.600000000000634,0.10000000000000001,636,308.16520394571893,1,30.923471652085333,30.923471652085333,30.923471652085333,30.923471652085333
63.700000000000635,0.10000000000000001,637,308.17252149049551,1,30.930125111403562,30.930125111403562,30.930125111403562,30.930125111403562
63.800000000000637,0.10000000000000001,638,308.17982497396599,1,30.936521934211221,30.936521934211221,30.936521934211221,30.936521934211221
63.900000000000638,0.10000000000000001,639,308.1871140252577,1,30.942857699961618,30.942857699961618,30.942857699961618,30.942857699961618
64.000000000000639,0.10000000000000001,640,308.19438863195512,1,30.9491982381297,30.9491982381297,30.9491982381297,30.9491982381297
64.100000000000634,0.10000000000000001,641,308.20164889309746,1,30.955493813473833,30.955493813473833,30.955493813473833,30.955493813473833
64.200000000000628,0.10000000000000001,642,308.20889482821769,1,30.961805789777763,30.961805789777763,30.961805789777763,30.961805789777763
64.300000000000622,0.10000000000000001,643,308.21612655279199,1,30.968139448214036,30.968139448214036,30.968139448214036,30.968139448214036
64.400000000000617,0.10000000000000001,644,308.2233441831645,1,30.974498858977249,30.974498858977249,30.974498858977249,30.974498858977249
64.500000000000611,0.10000000000000001,645,308.23054783728458,1,30.980866688897162,30.980866688897162,30.980866688897162,30.980866688897162
64.600000000000605,0.10000000000000001,646,308.23773760001637,1,30.98723577139657,30.98723577139657,30.98723577139657,30.98723577139657
64.7000000000006,0.10000000000000001,647,308.24491354068988,1,30.993723640580136,30.993723640580136,30.993723640580136,30.993723640580136
64.800000000000594,0.10000000000000001,648,308.25207592415285,1,31.000266189692503,31.000266189692503,31.000266189692503,31.000266189692503
64.900000000000588,0.10000000000000001,649,308.25922490244375,1,31.00663387615975,31.00663387615975,31.00663387615975,31.00663387615975
65.000000000000583,0.10000000000000001,650,308.26636024658734,1,31.012997146665427,31.012997146665427,31.012997146665427,31.012997146665427
65.100000000000577,0.10000000000000001,651,308.27348202573808,1,31.019345329574136,31.019345329574136,31.019345329574136,31.019345329574136
65.200000000000571,0.10000000000000001,652,308.28059028669782,1,31.025723091294296,31.025723091294296,31.025723091294296,31.025723091294296
65.300000000000566,0.10000000000000001,653,308.28768516337135,1,31.032108480861698,31.032108480861698,31.032108480861698,31.032108480861698
65.40000000000056,0.10000000000000001,654,308.29476674168518,1,31.038478661584342,31.038478661584342,31.038478661584342,31.038478661584342
65.500000000000554,0.10000000000000001,655,308.30183506401397,1,31.044843830001156,31.044843830001156,31.044843830001156,31.044843830001156
65.600000000000549,0.10000000000000001,656,308.30889018855424,1,31.051218334817822,31.051218334817822,31.051218334817822,31.051218334817822
65.700000000000543,0.10000000000000001,657,308.31593219026598,1,31.057616278028295,31.057616278028295,31.057616278028295,31.057616278028295
65.800000000000537,0.10000000000000001,658,308.32296115435577,1,31.064003293245541,31.064003293245541,31.064003293245541,31.064003293245541
65.900000000000531,0.10000000000000001,659,308.32997710452179,1,31.070422449265997,31.070422449265997,31.070422449265997,31.070422449265997
66.000000000000526,0.10000000000000001,660,308.33698013287454,1,31.077230068624338,31.077230068624338,31.077230068624338,31.077230068624338
66.10000000000052,0.10000000000000001,661,308.34397090715174,1,31.084365170969402,31.084365170969402,31.084365170969402,31.084365170969402
66.200000000000514,0.10000000000000001,662,308.35094997444753,1,31.091575598178249,31.091575598178249,31.091575598178249,31.091575598178249
66.300000000000509,0.10000000000000001,663,308.35791745651227,1,31.098719540117603,31.098719540117603,31.098719540117603,31.098719540117603
66.400000000000503,0.10000000000000001,664,308.3648732447457,1,31.105793304975784,31.105793304975784,31.105793304975784,31.105793304975784
66.500000000000497,0.10000000000000001,665,308.37181723245141,1,31.112800528628419,31.112800528628419,31.112800528628419,31.112800528628419
66.600000000000492,0.10000000000000001,666,308.37874932490394,1,31.119754534162627,31.119754534162627,31.119754534162627,31.119754534162627
66.700000000000486,0.10000000000000001,667,308.38566945348504,1,31.126204357071671,31.126204357071671,31.126204357071671,31.126204357071671
66.80000000000048,0.10000000000000001,668,308.392576821776,1,31.132565826422141,31.132565826422141,31.132565826422141,31.132565826422141
66.900000000000475,0.10000000000000001,669,308.39947135402451,1,31.138862610344002,31.138862610344002,31.138862610344002,31.138862610344002
67.000000000000469,0.10000000000000001,670,308.40635302361284,1,31.145133437423915,31.145133437423915,31.145133437423915,31.145133437423915
67.100000000000463,0.10000000000000001,671,308.41322188779714,1,31.151378863419726,31.151378863419726,31.151378863419726,31.151378863419726
67.200000000000458,0.10000000000000001,672,308.4200780021506,1,31.157611490784181,31.157611490784181,31.157611490784181,31.157611490784181
67.300000000000452,0.10000000000000001,673,308.42692143261002,1,31.163819978264623,31.163819978264623,31.163819978264623,31.163819978264623
67.400000000000446,0.10000000000000001,674,308.43375222040112,1,31.170015238130961,31.170015238130961,31.170015238130961,31.170015238130961
67.500000000000441,0.10000000000000001,675,308.44057042395707,1,31.176190173056128,31.176190173056128,31.176190173056128,31.176190173056128
67.600000000000435,0.10000000000000001,676,308.44737609098354,1,31.18235878364894,31.18235878364894,31.18235878364894,31.18235878364894
67.700000000000429,0.10000000000000001,677,308.45416929084223,1,31.188524530694007,31.188524530694007,31.188524530694007,31.188524530694007
67.800000000000423,0.10000000000000001,678,308.46095009687497,1,31.194930285796755,31.194930285796755,31.194930285796755,31.194930285796755
67.900000000000418,0.10000000000000001,679,308.46771897370894,1,31.201527671283799,31.201527671283799,31.201527671283799,31.201527671283799
68.000000000000412,0.10000000000000001,680,308.47447628630238,1,31.208185291992937,31.208185291992937,31.208185291992937,31.208185291992937
68.100000000000406,0.10000000000000001,681,308.48122216570704,1,31.214857916320309,31.214857916320309,31.214857916320309,31.214857916320309
68.200000000000401,0.10000000000000001,682,308.48795664705943,1,31.221542192291832,31.221542192291832,31.221542192291832,31.221542192291832
68.300000000000395,0.10000000000000001,683,308.4946797496774,1,31.228209295124625,31.228209295124625,31.228209295124625,31.228209295124625
68.400000000000389,0.10000000000000001,684,308.5013914572632,1,31.23492763127328,31.23492763127328,31.23492763127328,31.23492763127328
68.500000000000384,0.10000000000000001,685,308.50809185803541,1,31.242091603778778,31.242091603778778,31.242091603778778,31.242091603778778
68.600000000000378,0.10000000000000001,686,308.51478168736116,1,31.249235926152384,31.249235926152384,31.249235926152384,31.249235926152384
68.700000000000372,0.10000000000000001,687,308.52146089509165,1,31.25631597157221,31.25631597157221,31.25631597157221,31.25631597157221
68.800000000000367,0.10000000000000001,688,308.52812936204907,1,31.263323291634968,31.263323291634968,31.263323291634968,31.263323291634968
68.900000000000361,0.10000000000000001,689,308.53478695990981,1,31.270272011470787,31.270272011470787,31.270272011470787,31.270272011470787
69.000000000000355,0.10000000000000001,690,308.54143358253276,1,31.277073133538778,31.277073133538778,31.277073133538778,31.277073133538778
69.10000000000035,0.10000000000000001,691,308.54806898645927,1,31.283569773702517,31.283569773702517,31.283569773702517,31.283569773702517
69.200000000000344,0.10000000000000001,692,308.55469268487701,1,31.289528299174002,31.289528299174002,31.289528299174002,31.289528299174002
69.300000000000338,0.10000000000000001,693,308.56130383575714,1,31.295465517291387,31.295465517291387,31.295465517291387,31.295465517291387
69.400000000000333,0.10000000000000001,694,308.56790247650542,1,31.301403157717015,31.301403157717015,31.301403157717015,31.301403157717015
69.500000000000327,0.10000000000000001,695,308.57448867622179,1,31.307321002119124,31.307321002119124,31.307321002119124,31.307321002119124
69.600000000000321,0.10000000000000001,696,308.58106246918845,1,31.313238777592471,31.313238777592471,31.313238777592471,31.313238777592471
69.700000000000315,0.10000000000000001,697,308.58762391964802,1,31.319158246567678,31.319158246567678,31.319158246567678,31.319158246567678
69.80000000000031,0.10000000000000001,698,308.59417309155657,1,31.325092076239798,31.325092076239798,31.325092076239798,31.325092076239798
69.900000000000304,0.10000000000000001,699,308.6007100674446,1,31.331045833675308,31.331045833675308,31.331045833675308,31.331045833675308
70.000000000000298,0.10000000000000001,700,308.60723493683446,1,31.336913599931151,31.336913599931151,31.336913599931151,31.336913599931151
70.100000000000293,0.10000000000000001,701,308.61374760824265,1,31.342793375211173,31.342793375211173,31.342793375211173,31.342793375211173
70.200000000000287,0.10000000000000001,702,308.62024815181258,1,31.348726786843681,31.348726786843681,31.348726786843681,31.348726786843681
70.300000000000281,0.10000000000000001,703,308.62673670279622,1,31.354833603227917,31.354833603227917,31.354833603227917,31.354833603227917
70.400000000000276,0.10000000000000001,704,308.63321359336595,1,31.360968060694614,31.360968060694614,31.360968060694614,31.360968060694614
70.50000000000027,0.10000000000000001,705,308.63967891982566,1,31.367153450011518,31.367153450011518,31.367153450011518,31.367153450011518
70.600000000000264,0.10000000000000001,706,308.64613282206483,1,31.373364071546884,31.373364071546884,31.373364071546884,31.373364071546884
70.700000000000259,0.10000000000000001,707,308.65257541156194,1,31.379564597152292,31.379564597152292,31.379564597152292,31.379564597152292
70.800000000000253,0.10000000000000001,708,308.65900673539591,1,31.385751645408511,31.385751645408511,31.385751645408511,31.385751645408511
70.900000000000247,0.10000000000000001,709,308.66542683028104,1,31.391934318335782,31.391934318335782,31.391934318335782,31.391934318335782
71.000000000000242,0.10000000000000001,710,308.67183574617883,1,31.398114818484846,31.398114818484846,31.398114818484846,31.398114818484846
71.100000000000236,0.10000000000000001,711,308.67823353066262,1,31.404306309074478,31.404306309074478,31.404306309074478,31.404306309074478
71.20000000000023,0.10000000000000001,712,308.68462024191984,1,31.41048302850481,31.41048302850481,31.41048302850481,31.41048302850481
71.300000000000225,0.10000000000000001,713,308.6909958926845,1,31.416664880523356,31.416664880523356,31.416664880523356,31.416664880523356
71.400000000000219,0.10000000000000001,714,308.69736052657788,1,31.423211963087812,31.423211963087812,31.423211963087812,31.423211963087812
71.500000000000213,0.10000000000000001,715,308.70371477280685,1,31.429946356355526,31.429946356355526,31.429946356355526,31.429946356355526
71.600000000000207,0.10000000000000001,716,308.71005894883427,1,31.436710746795651,31.436710746795651,31.436710746795651,31.436710746795651
71.700000000000202,0.10000000000000001,717,308.71639310710736,1,31.443393399400158,31.443393399400158,31.443393399400158,31.443393399400158
71.800000000000196,0.10000000000000001,718,308.72271711824095,1,31.450002544854851,31.450002544854851,31.450002544854851,31.450002544854851
71.90000000000019,0.10000000000000001,719,308.7290308734884,1,31.456541184939823,31.456541184939823,31.456541184939823,31.456541184939823
72.000000000000185,0.10000000000000001,720,308.73533427483056,1,31.463009260377081,31.463009260377081,31.463009260377081,31.463009260377081
72.100000000000179,0.10000000000000001,721,308.74162722662248,1,31.468606138233095,31.468606138233095,31.468606138233095,31.468606138233095
72.200000000000173,0.10000000000000001,722,308.74790833508166,1,31.474120847428992,31.474120847428992,31.474120847428992,31.474120847428992
72.300000000000168,0.10000000000000001,723,308.75417755767103,1,31.479636349646608,31.479636349646608,31.479636349646608,31.479636349646608
72.400000000000162,0.10000000000000001,724,308.76043499830166,1,31.485112263655154,31.485112263655154,31.485112263655154,31.485112263655154
72.500000000000156,0.10000000000000001,725,308.76668069537243,1,31.490588135424627,31.490588135424627,31.490588135424627,31.490588135424627
72.600000000000151,0.10000000000000001,726,308.7729147385445,1,31.496068801192379,31.496068801192379,31.496068801192379,31.496068801192379
72.700000000000145,0.10000000000000001,727,308.77913721751651,1,31.501550140281658,31.501550140281658,31.501550140281658,31.501550140281658
72.800000000000139,0.10000000000000001,728,308.78534821118944,1,31.507027424693003,31.507027424693003,31.507027424693003,31.507027424693003
72.900000000000134,0.10000000000000001,729,308.79154778661984,1,31.512491181373594,31.512491181373594,31.512491181373594,31.512491181373594
73.000000000000128,0.10000000000000001,730,308.79773598946247,1,31.517950912193545,31.517950912193545,31.517950912193545,31.517950912193545
73.100000000000122,0.10000000000000001,731,308.80391287856969,1,31.523400792495224,31.523400792495224,31.523400792495224,31.523400792495224
73.200000000000117,0.10000000000000001,732,308.81007850278507,1,31.529166735769714,31.529166735769714,31.529166735769714,31.529166735769714
73.300000000000111,0.10000000000000001,733,308.81623343879085,1,31.53506506733309,31.53506506733309,31.53506506733309,31.53506506733309
73.400000000000105,0.10000000000000001,734,308.82237794109886,1,31.541015062496719,31.541015062496719,31.541015062496719,31.541015062496719
73.500000000000099,0.10000000000000001,735,308.82851211811339,1,31.546961879629158,31.546961879629158,31.546961879629158,31.546961879629158
73.600000000000094,0.10000000000000001,736,308.83463596975793,1,31.552909203764671,31.552909203764671,31.552909203764671,31.552909203764671
73.700000000000088,0.10000000000000001,737,308.84074948509306,1,31.558833159454164,31.558833159454164,31.558833159454164,31.558833159454164
73.800000000000082,0.10000000000000001,738,308.84685262084838,1,31.564817338551407,31.564817338551407,31.564817338551407,31.564817338551407
73.900000000000077,0.10000000000000001,739,308.85294547058817,1,31.570979654906193,31.570979654906193,31.570979654906193,31.570979654906193
74.000000000000071,0.10000000000000001,740,308.85902832380424,1,31.577140250250199,31.577140250250199,31.577140250250199,31.577140250250199
74.100000000000065,0.10000000000000001,741,308.8651011713863,1,31.583279810626436,31.583279810626436,31.583279810626436,31.583279810626436
74.20000000000006,0.10000000000000001,742,308.87116398038739,1,31.589364632132604,31.589364632132604,31.589364632132604,31.589364632132604
74.300000000000054,0.10000000000000001,743,308.87721666232807,1,31.595412616335025,31.595412616335025,31.595412616335025,31.595412616335025
74.400000000000048,0.10000000000000001,744,308.88325916410923,1,31.601358199871424,31.601358199871424,31.601358199871424,31.601358199871424
74.500000000000043,0.10000000000000001,745,308.889291331604,1,31.60715015074593,31.60715015074593,31.60715015074593,31.60715015074593
74.600000000000037,0.10000000000000001,746,308.89531293457321,1,31.612535183674765,31.612535183674765,31.612535183674765,31.612535183674765
74.700000000000031,0.10000000000000001,747,308.90132334228008,1,31.617870564402732,31.617870564402732,31.617870564402732,31.617870564402732
74.800000000000026,0.10000000000000001,748,308.90732253387739,1,31.623200553062123,31.623200553062123,31.623200553062123,31.623200553062123
74.90000000000002,0.10000000000000001,749,308.91331056004691,1,31.628509393320822,31.628509393320822,31.628509393320822,31.628509393320822
75.000000000000014,0.10000000000000001,750,308.91928744355903,1,31.633801612943543,31.633801612943543,31.633801612943543,31.633801612943543
75.100000000000009,0.10000000000000001,751,308.9252532132441,1,31.639088937570751,31.639088937570751,31.639088937570751,31.639088937570751
75.200000000000003,0.10000000000000001,752,308.93120791587285,1,31.644374405831798,31.644374405831798,31.644374405831798,31.644374405831798
75.299999999999997,0.10000000000000001,753,308.93715160170865,1,31.649658251348853,31.649658251348853,31.649658251348853,31.649658251348853
75.399999999999991,0.10000000000000001,754,308.94308432015532,1,31.654920675469132,31.654920675469132,31.654920675469132,31.654920675469132
75.499999999999986,0.10000000000000001,755,308.94900608613057,1,31.660137756865467,31.660137756865467,31.660137756865467,31.660137756865467
75.59999999999998,0.10000000000000001,756,308.9549168731416,1,31.665341630100571,31.665341630100571,31.665341630100571,31.665341630100571
75.699999999999974,0.10000000000000001,757,308.96081670848719,1,31.670307620007751,31.670307620007751,31.670307620007751,31.670307620007751
75.799999999999969,0.10000000000000001,758,308.96670525118725,1,31.675332891812559,31.675332891812559,31.675332891812559,31.675332891812559
75.899999999999963,0.10000000000000001,759,308.97258266376076,1,31.680488022984086,31.680488022984086,31.680488022984086,31.680488022984086
75.999999999999957,0.10000000000000001,760,308.97844922330887,1,31.685766791332568,31.685766791332568,31.685766791332568,31.685766791332568
76.099999999999952,0.10000000000000001,761,308.98430519222808,1,31.691090659983708,31.691090659983708,31.691090659983708,31.691090659983708
76.199999999999946,0.10000000000000001,762,308.99015069874719,1,31.696419839600093,31.696419839600093,31.696419839600093,31.696419839600093
76.29999999999994,0.10000000000000001,763,308.99598580135802,1,31.701745269074632,31.701745269074632,31.701745269074632,31.701745269074632
76.399999999999935,0.10000000000000001,764,309.00181054243126,1,31.707087600179094,31.707087600179094,31.707087600179094,31.707087600179094
76.499999999999929,0.10000000000000001,765,309.00762499388065,1,31.712448579999023,31.712448579999023,31.712448579999023,31.712448579999023
76.599999999999923,0.10000000000000001,766,309.01342922035474,1,31.71780447851641,31.71780447851641,31.71780447851641,31.71780447851641
76.699999999999918,0.10000000000000001,767,309.01922324421525,1,31.723198803827835,31.723198803827835,31.723198803827835,31.723198803827835
76.799999999999912,0.10000000000000001,768,309.02500715684988,1,31.729124802704067,31.729124802704067,31.729124802704067,31.729124802704067
76.899999999999906,0.10000000000000001,769,309.03078184900636,1,31.735206969697188,31.735206969697188,31.735206969697188,31.735206969697188
76.999999999999901,0.10000000000000001,770,309.03654756992876,1,31.741347937586539,31.741347937586539,31.741347937586539,31.741347937586539
77.099999999999895,0.10000000000000001,771,309.0423044072765,1,31.747439479817842,31.747439479817842,31.747439479817842,31.747439479817842
77.199999999999889,0.10000000000000001,772,309.04805227363624,1,31.753481353611644,31.753481353611644,31.753481353611644,31.753481353611644
77.299999999999883,0.10000000000000001,773,309.05379109007646,1,31.759476281171569,31.759476281171569,31.759476281171569,31.759476281171569
77.399999999999878,0.10000000000000001,774,309.05952078740222,1,31.765407512063444,31.765407512063444,31.765407512063444,31.765407512063444
77.499999999999872,0.10000000000000001,775,309.06524127183934,1,31.770356128751882,31.770356128751882,31.770356128751882,31.770356128751882
77.599999999999866,0.10000000000000001,776,309.07095095625391,1,31.775237698762059,31.775237698762059,31.775237698762059,31.775237698762059
77.699999999999861,0.10000000000000001,777,309.07664981347796,1,31.780155069393047,31.780155069393047,31.780155069393047,31.780155069393047
77.799999999999855,0.10000000000000001,778,309.08233798823784,1,31.785037403917244,31.785037403917244,31.785037403917244,31.785037403917244
77.899999999999849,0.10000000000000001,779,309.0880155070659,1,31.789927376733086,31.789927376733086,31.789927376733086,31.789927376733086
77.999999999999844,0.10000000000000001,780,309.09368245988475,1,31.794821931042325,31.794821931042325,31.794821931042325,31.794821931042325
78.099999999999838,0.10000000000000001,781,309.09933892298477,1,31.799718961059412,31.799718961059412,31.799718961059412,31.799718961059412
78.199999999999832,0.10000000000000001,782,309.10498496385594,1,31.804624103864306,31.804624103864306,31.804624103864306,31.804624103864306
78.299999999999827,0.10000000000000001,783,309.11062065367997,1,31.809542188575865,31.809542188575865,31.809542188575865,31.809542188575865
78.399999999999821,0.10000000000000001,784,309.11624606470951,1,31.814462222630059,31.814462222630059,31.814462222630059,31.814462222630059
78.499999999999815,0.10000000000000001,785,309.12186124755715,1,31.819423202179699,31.819423202179699,31.819423202179699,31.819423202179699
78.59999999999981,0.10000000000000001,786,309.12746631368321,1,31.824765520427349,31.824765520427349,31.824765520427349,31.824765520427349
78.699999999999804,0.10000000000000001,787,309.13306192351922,1,31.830218883778358,31.830218883778358,31.830218883778358,31.830218883778358
78.799999999999798,0.10000000000000001,788,309.13864827453699,1,31.835739888843907,31.835739888843907,31.835739888843907,31.835739888843907
78.899999999999793,0.10000000000000001,789,309.14422548712224,1,31.841218660177692,31.841218660177692,31.841218660177692,31.841218660177692
78.999999999999787,0.10000000000000001,790,309.14979349357196,1,31.846707713324189,31.846707713324189,31.846707713324189,31.846707713324189
79.099999999999781,0.10000000000000001,791,309.15535230757246,1,31.852182257097905,31.852182257097905,31.852182257097905,31.852182257097905
79.199999999999775,0.10000000000000001,792,309.1609019037133,1,31.857652855062042,31.857652855062042,31.857652855062042,31.857652855062042
79.29999999999977,0.10000000000000001,793,309.16644228048682,1,31.862975936511784,31.862975936511784,31.862975936511784,31.862975936511784
79.399999999999764,0.10000000000000001,794,309.17197320164962,1,31.868292311942231,31.868292311942231,31.868292311942231,31.868292311942231
79.499999999999758,0.10000000000000001,795,309.17749467642892,1,31.873616430089569,31.873616430089569,31.873616430089569,31.873616430089569
79.599999999999753,0.10000000000000001,796,309.18300673894208,1,31.878940900990187,31.878940900990187,31.878940900990187,31.878940900990187
79.699999999999747,0.10000000000000001,797,309.18850941347563,1,31.88425949429924,31.88425949429924,31.88425949429924,31.88425949429924
79.799999999999741,0.10000000000000001,798,309.19400271759417,1,31.889513196218342,31.889513196218342,31.889513196218342,31.889513196218342
79.899999999999736,0.10000000000000001,799,309.19948657581261,1,31.894644345168139,31.894644345168139,31.894644345168139,31.894644345168139
79.99999999999973,0.10000000000000001,800,309.20496082215607,1,31.899378443046498,31.899378443046498,31.899378443046498,31.899378443046498
80.099999999999724,0.10000000000000001,801,309.2104248500055,1,31.904009975562946,31.904009975562946,31.904009975562946,31.904009975562946
80.199999999999719,0.10000000000000001,802,309.2158785520993,1,31.908641198176916,31.908641198176916,31.908641198176916,31.908641198176916
80.299999999999713,0.10000000000000001,803,309.22132198752035,1,31.91327320367159,31.91327320367159,31.91327320367159,31.91327320367159
80.399999999999707,0.10000000000000001,804,309.2267552112624,1,31.917893892066658,31.917893892066658,31.917893892066658,31.917893892066658
80.499999999999702,0.10000000000000001,805,309.23217825423689,1,31.922502838865249,31.922502838865249,31.922502838865249,31.922502838865249
80.599999999999696,0.10000000000000001,806,309.23759114454703,1,31.927102651783432,31.927102651783432,31.927102651783432,31.927102651783432
80.69999999999969,0.10000000000000001,807,309.24299391299058,1,31.931659938047915,31.931659938047915,31.931659938047915,31.931659938047915
80.799999999999685,0.10000000000000001,808,309.24838653306898,1,31.936196619505971,31.936196619505971,31.936196619505971,31.936196619505971
80.899999999999679,0.10000000000000001,809,309.25376901361409,1,31.940658894401949,31.940658894401949,31.940658894401949,31.940658894401949
80.999999999999673,0.10000000000000001,810,309.25914127081523,1,31.945073049637536,31.945073049637536,31.945073049637536,31.945073049637536
81.099999999999667,0.10000000000000001,811,309.26450326507842,1,31.949120776447426,31.949120776447426,31.949120776447426,31.949120776447426
81.199999999999662,0.10000000000000001,812,309.26985442936467,1,31.953193427549554,31.953193427549554,31.953193427549554,31.953193427549554
81.299999999999656,0.10000000000000001,813,309.27519485412762,1,31.957325917760386,31.957325917760386,31.957325917760386,31.957325917760386
81.39999999999965,0.10000000000000001,814,309.28052468506456,1,31.961487645951824,31.961487645951824,31.961487645951824,31.961487645951824
81.499999999999645,0.10000000000000001,815,309.28584401271866,1,31.96571261608894,31.96571261608894,31.96571261608894,31.96571261608894
81.599999999999639,0.10000000000000001,816,309.29115298373262,1,31.969904269132268,31.969904269132268,31.969904269132268,31.969904269132268
81.699999999999633,0.10000000000000001,817,309.2964515833213,1,31.974066779308355,31.974066779308355,31.974066779308355,31.974066779308355
81.799999999999628,0.10000000000000001,818,309.30173980397882,1,31.978196361328457,31.978196361328457,31.978196361328457,31.978196361328457
81.899999999999622,0.10000000000000001,819,309.30701763270599,1,31.982285848355755,31.982285848355755,31.982285848355755,31.982285848355755
81.999999999999616,0.10000000000000001,820,309.3122850463057,1,31.986341779933429,31.986341779933429,31.986341779933429,31.986341779933429
82.099999999999611,0.10000000000000001,821,309.31754203307037,1,31.990459906097186,31.990459906097186,31.990459906097186,31.990459906097186
82.199999999999605,0.10000000000000001,822,309.32278873667377,1,31.994961207082536,31.994961207082536,31.994961207082536,31.994961207082536
82.299999999999599,0.10000000000000001,823,309.32802581482025,1,31.999582762617372,31.999582762617372,31.999582762617372,31.999582762617372
82.399999999999594,0.10000000000000001,824,309.33325347521446,1,32.004251528499957,32.004251528499957,32.004251528499957,32.004251528499957
82.499999999999588,0.10000000000000001,825,309.33847180140282,1,32.008887711174118,32.008887711174118,32.008887711174118,32.008887711174118
82.599999999999582,0.10000000000000001,826,309.34368074468239,1,32.013514119563943,32.013514119563943,32.013514119563943,32.013514119563943
82.699999999999577,0.10000000000000001,827,309.34888029140257,1,32.018098810085625,32.018098810085625,32.018098810085625,32.018098810085625
82.799999999999571,0.10000000000000001,828,309.35407037780925,1,32.022645241534434,32.022645241534434,32.022645241534434,32.022645241534434
82.899999999999565,0.10000000000000001,829,309.35925095243135,1,32.02664389326884,32.02664389326884,32.02664389326884,32.02664389326884
82.999999999999559,0.10000000000000001,830,309.36442112609728,1,32.030564640231034,32.030564640231034,32.030564640231034,32.030564640231034
83.099999999999554,0.10000000000000001,831,309.36958080221109,1,32.034472460772555,32.034472460772555,32.034472460772555,32.034472460772555
83.199999999999548,0.10000000000000001,832,309.37472999268033,1,32.038331844389667,32.038331844389667,32.038331844389667,32.038331844389667
83.299999999999542,0.10000000000000001,833,309.37986864948806,1,32.042090046612692,32.042090046612692,32.042090046612692,32.042090046612692
83.399999999999537,0.10000000000000001,834,309.38499663953189,1,32.045740225067988,32.045740225067988,32.045740225067988,32.045740225067988
83.499999999999531,0.10000000000000001,835,309.39011382239295,1,32.049240350108171,32.049240350108171,32.049240350108171,32.049240350108171
83.599999999999525,0.10000000000000001,836,309.39521999272438,1,32.052415732947487,32.052415732947487,32.052415732947487,32.052415732947487
83.69999999999952,0.10000000000000001,837,309.40031467241647,1,32.055374687267431,32.055374687267431,32.055374687267431,32.055374687267431
83.799999999999514,0.10000000000000001,838,309.40539758379816,1,32.05825514051223,32.05825514051223,32.05825514051223,32.05825514051223
83.899999999999508,0.10000000000000001,839,309.41046868049324,1,32.061003616052858,32.061003616052858,32.061003616052858,32.061003616052858
83.999999999999503,0.10000000000000001,840,309.41552782618123,1,32.063643978144533,32.063643978144533,32.063643978144533,32.063643978144533
84.099999999999497,0.10000000000000001,841,309.42057492175286,1,32.066178325645453,32.066178325645453,32.066178325645453,32.066178325645453
84.199999999999491,0.10000000000000001,842,309.42560986883836,1,32.068579600140595,32.068579600140595,32.068579600140595,32.068579600140595
84.299999999999486,0.10000000000000001,843,309.4306325218808,1,32.070799761933479,32.070799761933479,32.070799761933479,32.070799761933479
84.39999999999948,0.10000000000000001,844,309.43564265139281,1,32.072915805813643,32.072915805813643,32.072915805813643,32.072915805813643
84.499999999999474,0.10000000000000001,845,309.44064015242839,1,32.074924163622669,32.074924163622669,32.074924163622669,32.074924163622669
84.599999999999469,0.10000000000000001,846,309.44562491024345,1,32.076856924828817,32.076856924828817,32.076856924828817,32.076856924828817
84.699999999999463,0.10000000000000001,847,309.45059685994079,1,32.077997134027548,32.077997134027548,32.077997134027548,32.077997134027548
84.799999999999457,0.10000000000000001,848,309.45555476020837,1,32.079012733603278,32.079012733603278,32.079012733603278,32.079012733603278
84.899999999999451,0.10000000000000001,849,309.46049849774073,1,32.079982619551508,32.079982619551508,32.079982619551508,32.079982619551508
84.999999999999446,0.10000000000000001,850,309.46542808214218,1,32.08086963708562,32.08086963708562,32.08086963708562,32.08086963708562
85.09999999999944,0.10000000000000001,851,309.4703434542281,1,32.081646640300718,32.081646640300718,32.081646640300718,32.081646640300718
85.199999999999434,0.10000000000000001,852,309.47524451052931,1,32.082312547848701,32.082312547848701,32.082312547848701,32.082312547848701
85.299999999999429,0.10000000000000001,853,309.48013114799738,1,32.082900693738893,32.082900693738893,32.082900693738893,32.082900693738893
85.399999999999423,0.10000000000000001,854,309.48500331885708,1,32.083368948452708,32.083368948452708,32.083368948452708,32.083368948452708
85.499999999999417,0.10000000000000001,855,309.48986090620889,1,32.083699740455629,32.083699740455629,32.083699740455629,32.083699740455629
85.599999999999412,0.10000000000000001,856,309.49470376992798,1,32.083929676603233,32.083929676603233,32.083929676603233,32.083929676603233
85.699999999999406,0.10000000000000001,857,309.49953183367597,1,32.084129614348704,32.084129614348704,32.084129614348704,32.084129614348704
85.7999999999994,0.10000000000000001,858,309.5043451357073,1,32.084543964428612,32.084543964428612,32.084543964428612,32.084543964428612
85.899999999999395,0.10000000000000001,859,309.50914410492965,1,32.084974847085277,32.084974847085277,32.084974847085277,32.084974847085277
85.999999999999389,0.10000000000000001,860,309.513928831165,1,32.085292404382734,32.085292404382734,32.085292404382734,32.085292404382734
86.099999999999383,0.10000000000000001,861,309.51869918748417,1,32.085413660546692,32.085413660546692,32.085413660546692,32.085413660546692
86.199999999999378,0.10000000000000001,862,309.52345491054251,1,32.085430115913226,32.085430115913226,32.085430115913226,32.085430115913226
86.299999999999372,0.10000000000000001,863,309.52819589144485,1,32.085353265075604,32.085353265075604,32.085353265075604,32.085353265075604
86.399999999999366,0.10000000000000001,864,309.53292204009699,1,32.085192372360488,32.085192372360488,32.085192372360488,32.085192372360488
86.499999999999361,0.10000000000000001,865,309.53763327937139,1,32.083650565464851,32.083650565464851,32.083650565464851,32.083650565464851
86.599999999999355,0.10000000000000001,866,309.5423273968205,1,32.082066367133081,32.082066367133081,32.082066367133081,32.082066367133081
86.699999999999349,0.10000000000000001,867,309.54700443391522,1,32.080524935420883,32.080524935420883,32.080524935420883,32.080524935420883
86.799999999999343,0.10000000000000001,868,309.5516645589866,1,32.079016754238673,32.079016754238673,32.079016754238673,32.079016754238673
86.899999999999338,0.10000000000000001,869,309.55630791451529,1,32.077617513252598,32.077617513252598,32.077617513252598,32.077617513252598
86.999999999999332,0.10000000000000001,870,309.56093476815539,1,32.076187085108323,32.076187085108323,32.076187085108323,32.076187085108323
87.099999999999326,0.10000000000000001,871,309.56554515443111,1,32.07465817649674,32.07465817649674,32.07465817649674,32.07465817649674
87.199999999999321,0.10000000000000001,872,309.5701389963649,1,32.073017695528137,32.073017695528137,32.073017695528137,32.073017695528137
87.299999999999315,0.10000000000000001,873,309.57471619662243,1,32.071275508557136,32.071275508557136,32.071275508557136,32.071275508557136
87.399999999999309,0.10000000000000001,874,309.57927667722794,1,32.069419347103391,32.069419347103391,32.069419347103391,32.069419347103391
87.499999999999304,0.10000000000000001,875,309.58382034179726,1,32.067481885858001,32.067481885858001,32.067481885858001,32.067481885858001
87.599999999999298,0.10000000000000001,876,309.58834714655063,1,32.065633773244471,32.065633773244471,32.065633773244471,32.065633773244471
87.699999999999292,0.10000000000000001,877,309.59285732354419,1,32.063707172910163,32.063707172910163,32.063707172910163,32.063707172910163
87.799999999999287,0.10000000000000001,878,309.59735082199228,1,32.06168137674689,32.06168137674689,32.06168137674689,32.06168137674689
87.899999999999281,0.10000000000000001,879,309.6018275597616,1,32.059540344734629,32.059540344734629,32.059540344734629,32.059540344734629
87.999999999999275,0.10000000000000001,880,309.60628742115853,1,32.057283195659316,32.057283195659316,32.057283195659316,32.057283195659316
88.09999999999927,0.10000000000000001,881,309.61073028691538,1,32.054913333918016,32.054913333918016,32.054913333918016,32.054913333918016
88.199999999999264,0.10000000000000001,882,309.61515604484111,1,32.052326853858474,32.052326853858474,32.052326853858474,32.052326853858474
88.299999999999258,0.10000000000000001,883,309.61956440665642,1,32.046696735068537,32.046696735068537,32.046696735068537,32.046696735068537
88.399999999999253,0.10000000000000001,884,309.62395042024139,1,32.040815561207296,32.040815561207296,32.040815561207296,32.040815561207296
88.499999999999247,0.10000000000000001,885,309.6283138269543,1,32.034842352487871,32.034842352487871,32.034842352487871,32.034842352487871
88.599999999999241,0.10000000000000001,886,309.63265461454506,1,32.02877350274224,32.02877350274224,32.02877350274224,32.02877350274224
88.699999999999235,0.10000000000000001,887,309.6369727581199,1,32.022580353532817,32.022580353532817,32.022580353532817,32.022580353532817
88.79999999999923,0.10000000000000001,888,309.64126819112596,1,32.016248767520935,32.016248767520935,32.016248767520935,32.016248767520935
88.899999999999224,0.10000000000000001,889,309.64554083065718,1,32.009802642013831,32.009802642013831,32.009802642013831,32.009802642013831
88.999999999999218,0.10000000000000001,890,309.64979063550959,1,32.003126576418708,32.003126576418708,32.003126576418708,32.003126576418708
89.099999999999213,0.10000000000000001,891,309.65401737954073,1,31.996175571679323,31.996175571679323,31.996175571679323,31.996175571679323
89.199999999999207,0.10000000000000001,892,309.65822077912833,1,31.989041743308661,31.989041743308661,31.989041743308661,31.989041743308661
89.299999999999201,0.10000000000000001,893,309.66240071210285,1,31.981723100580332,31.981723100580332,31.981723100580332,31.981723100580332
89.399999999999196,0.10000000000000001,894,309.66655705745814,1,31.974252883877046,31.974252883877046,31.974252883877046,31.974252883877046
89.49999999999919,0.10000000000000001,895,309.67068974285684,1,31.966660257148032,31.966660257148032,31.966660257148032,31.966660257148032
89.599999999999184,0.10000000000000001,896,309.67479873590037,1,31.958692438823277,31.958692438823277,31.958692438823277,31.958692438823277
89.699999999999179,0.10000000000000001,897,309.67888357564078,1,31.950484139330186,31.950484139330186,31.950484139330186,31.950484139330186
89.799999999999173,0.10000000000000001,898,309.68294401904689,1,31.942142625489456,31.942142625489456,31.942142625489456,31.942142625489456
89.899999999999167,0.10000000000000001,899,309.68697999554058,1,31.933621217040557,31.933621217040557,31.933621217040557,31.933621217040557
89.999999999999162,0.10000000000000001,900,309.69099134943002,1,31.924853770237988,31.924853770237988,31.924853770237988,31.924853770237988
90.099999999999156,0.10000000000000001,901,309.69497781051393,1,31.913608906930559,31.913608906930559,31.913608906930559,31.913608906930559
90.19999999999915,0.10000000000000001,902,309.69893543303078,1,31.902203883573012,31.902203883573012,31.902203883573012,31.902203883573012
90.299999999999145,0.10000000000000001,903,309.70286415613214,1,31.890773749225506,31.890773749225506,31.890773749225506,31.890773749225506
90.399999999999139,0.10000000000000001,904,309.70676411415701,1,31.87932305586023,31.87932305586023,31.87932305586023,31.87932305586023
90.499999999999133,0.10000000000000001,905,309.71063543756071,1,31.867995661206752,31.867995661206752,31.867995661206752,31.867995661206752
90.599999999999127,0.10000000000000001,906,309.71447848969956,1,31.856768403186962,31.856768403186962,31.856768403186962,31.856768403186962
90.699999999999122,0.10000000000000001,907,309.71829358653457,1,31.845399585261095,31.845399585261095,31.845399585261095,31.845399585261095
90.799999999999116,0.10000000000000001,908,309.72208064014052,1,31.833915289416723,31.833915289416723,31.833915289416723,31.833915289416723
90.89999999999911,0.10000000000000001,909,309.72583961915007,1,31.822245621250044,31.822245621250044,31.822245621250044,31.822245621250044
90.999999999999105,0.10000000000000001,910,309.72957039758836,1,31.810426713921778,31.810426713921778,31.810426713921778,31.810426713921778
91.099999999999099,0.10000000000000001,911,309.73327291887142,1,31.798499087596657,31.798499087596657,31.798499087596657,31.798499087596657
91.199999999999093,0.10000000000000001,912,309.73694719685767,1,31.786561304096839,31.786561304096839,31.786561304096839,31.786561304096839
91.299999999999088,0.10000000000000001,913,309.740593398795,1,31.774577794161807,31.774577794161807,31.774577794161807,31.774577794161807
91.399999999999082,0.10000000000000001,914,309.74421162274712,1,31.762549663202055,31.762549663202055,31.762549663202055,31.762549663202055
91.499999999999076,0.10000000000000001,915,309.74780196224128,1,31.750419284177596,31.750419284177596,31.750419284177596,31.750419284177596
91.599999999999071,0.10000000000000001,916,309.75136440592428,1,31.738183414754985,31.738183414754985,31.738183414754985,31.738183414754985
91.699999999999065,0.10000000000000001,917,309.75489893513304,1,31.725830625615153,31.725830625615153,31.725830625615153,31.725830625615153
91.799999999999059,0.10000000000000001,918,309.758405511376,1,31.713222860699378,31.713222860699378,31.713222860699378,31.713222860699378
91.899999999999054,0.10000000000000001,919,309.76188386643065,1,31.699500655759145,31.699500655759145,31.699500655759145,31.699500655759145
91.999999999999048,0.10000000000000001,920,309.76533231366602,1,31.685603160110407,31.685603160110407,31.685603160110407,31.685603160110407
92.099999999999042,0.10000000000000001,921,309.76875073592817,1,31.671525042436269,31.671525042436269,31.671525042436269,31.671525042436269
92.199999999999037,0.10000000000000001,922,309.77213899129009,1,31.657260652567253,31.657260652567253,31.657260652567253,31.657260652567253
92.299999999999031,0.10000000000000001,923,309.77549693230719,1,31.642905155661246,31.642905155661246,31.642905155661246,31.642905155661246
92.399999999999025,0.10000000000000001,924,309.77882457735808,1,31.628468286801667,31.628468286801667,31.628468286801667,31.628468286801667
92.499999999999019,0.10000000000000001,925,309.78212196117624,1,31.613799378181341,31.613799378181341,31.613799378181341,31.613799378181341
92.599999999999014,0.10000000000000001,926,309.78538887469369,1,31.598993612206822,31.598993612206822,31.598993612206822,31.598993612206822
92.699999999999008,0.10000000000000001,927,309.78862527802318,1,31.584099207322264,31.584099207322264,31.584099207322264,31.584099207322264
92.799999999999002,0.10000000000000001,928,309.79183121672889,1,31.569079747490115,31.569079747490115,31.569079747490115,31.569079747490115
92.899999999998997,0.10000000000000001,929,309.79500667584182,1,31.554009399879,31.554009399879,31.554009399879,31.554009399879
92.999999999998991,0.10000000000000001,930,309.79815176597793,1,31.53894891876557,31.53894891876557,31.53894891876557,31.53894891876557
93.099999999998985,0.10000000000000001,931,309.80126669019717,1,31.523879256630362,31.523879256630362,31.523879256630362,31.523879256630362
93.19999999999898,0.10000000000000001,932,309.80435160828773,1,31.508577006442696,31.508577006442696,31.508577006442696,31.508577006442696
93.299999999998974,0.10000000000000001,933,309.80740630115315,1,31.493150614143044,31.493150614143044,31.493150614143044,31.493150614143044
93.399999999998968,0.10000000000000001,934,309.81043072665409,1,31.477648439251752,31.477648439251752,31.477648439251752,31.477648439251752
93.499999999998963,0.10000000000000001,935,309.81342492458805,1,31.462013752584397,31.462013752584397,31.462013752584397,31.462013752584397
93.599999999998957,0.10000000000000001,936,309.81638883739959,1,31.446219530847298,31.446219530847298,31.446219530847298,31.446219530847298
93.699999999998951,0.10000000000000001,937,309.8193223626904,1,31.429937243751713,31.429937243751713,31.429937243751713,31.429937243751713
93.799999999998946,0.10000000000000001,938,309.82222486126807,1,31.413602828227891,31.413602828227891,31.413602828227891,31.413602828227891
93.89999999999894,0.10000000000000001,939,309.82509641450412,1,31.39726092893487,31.39726092893487,31.39726092893487,31.39726092893487
93.999999999998934,0.10000000000000001,940,309.82793715818582,1,31.38087743646393,31.38087743646393,31.38087743646393,31.38087743646393
94.099999999998929,0.10000000000000001,941,309.83074717119342,1,31.364519342409022,31.364519342409022,31.364519342409022,31.364519342409022
94.199999999998923,0.10000000000000001,942,309.83352664332278,1,31.348232039182506,31.348232039182506,31.348232039182506,31.348232039182506
94.299999999998917,0.10000000000000001,943,309.83627583492233,1,31.331807547148671,31.331807547148671,31.331807547148671,31.331807547148671
94.399999999998911,0.10000000000000001,944,309.83899466167514,1,31.315214747735443,31.315214747735443,31.315214747735443,31.315214747735443
94.499999999998906,0.10000000000000001,945,309.84168300136315,1,31.298493770288719,31.298493770288719,31.298493770288719,31.298493770288719
94.5999999999989,0.10000000000000001,946,309.84434081367891,1,31.281674278579001,31.281674278579001,31.281674278579001,31.281674278579001
94.699999999998894,0.10000000000000001,947,309.84696810924908,1,31.264723071288451,31.264723071288451,31.264723071288451,31.264723071288451
94.799999999998889,0.10000000000000001,948,309.84956484533438,1,31.247623801193139,31.247623801193139,31.247623801193139,31.247623801193139
94.899999999998883,0.10000000000000001,949,309.85213095052563,1,31.230436264357412,31.230436264357412,31.230436264357412,31.230436264357412
94.999999999998877,0.10000000000000001,950,309.85466645073535,1,31.213160602283192,31.213160602283192,31.213160602283192,31.213160602283192
95.099999999998872,0.10000000000000001,951,309.85717137156303,1,31.195799614881103,31.195799614881103,31.195799614881103,31.195799614881103
95.199999999998866,0.10000000000000001,952,309.85964574865835,1,31.178354355163869,31.178354355163869,31.178354355163869,31.178354355163869
95.29999999999886,0.10000000000000001,953,309.86208961903674,1,31.160808274094091,31.160808274094091,31.160808274094091,31.160808274094091
95.399999999998855,0.10000000000000001,954,309.86450299344483,1,31.143127716349838,31.143127716349838,31.143127716349838,31.143127716349838
95.499999999998849,0.10000000000000001,955,309.8668858308036,1,31.125745154368317,31.125745154368317,31.125745154368317,31.125745154368317
95.599999999998843,0.10000000000000001,956,309.86923881687926,1,31.108241606367862,31.108241606367862,31.108241606367862,31.108241606367862
95.699999999998838,0.10000000000000001,957,309.87156194079654,1,31.090669163143829,31.090669163143829,31.090669163143829,31.090669163143829
95.799999999998832,0.10000000000000001,958,309.87385528821716,1,31.073076687103992,31.073076687103992,31.073076687103992,31.073076687103992
95.899999999998826,0.10000000000000001,959,309.87611901923333,1,31.055449564877133,31.055449564877133,31.055449564877133,31.055449564877133
95.99999999999882,0.10000000000000001,960,309.87835324633721,1,31.037790361687755,31.037790361687755,31.037790361687755,31.037790361687755
96.099999999998815,0.10000000000000001,961,309.88055807342641,1,31.02013298512983,31.02013298512983,31.02013298512983,31.02013298512983
96.199999999998809,0.10000000000000001,962,309.88273364395297,1,31.002471035033469,31.002471035033469,31.002471035033469,31.002471035033469
96.299999999998803,0.10000000000000001,963,309.88488008023614,1,30.984688430623088,30.984688430623088,30.984688430623088,30.984688430623088
96.399999999998798,0.10000000000000001,964,309.88699730853995,1,30.966837534142019,30.966837534142019,30.966837534142019,30.966837534142019
96.499999999998792,0.10000000000000001,965,309.88908534535142,1,30.948900288948057,30.948900288948057,30.948900288948057,30.948900288948057
96.599999999998786,0.10000000000000001,966,309.89114416841272,1,30.930839014470376,30.930839014470376,30.930839014470376,30.930839014470376
96.699999999998781,0.10000000000000001,967,309.8931736934174,1,30.912752956123498,30.912752956123498,30.912752956123498,30.912752956123498
96.799999999998775,0.10000000000000001,968,309.89517400889349,1,30.894665328632687,30.894665328632687,30.894665328632687,30.894665328632687
96.899999999998769,0.10000000000000001,969,309.89714524329605,1,30.876582106026188,30.876582106026188,30.876582106026188,30.876582106026188
96.999999999998764,0.10000000000000001,970,309.89908753474475,1,30.858500582478655,30.858500582478655,30.858500582478655,30.858500582478655
97.099999999998758,0.10000000000000001,971,309.90100101555583,1,30.840396495721642,30.840396495721642,30.840396495721642,30.840396495721642
97.199999999998752,0.10000000000000001,972,309.90288577727847,1,30.822412666118939,30.822412666118939,30.822412666118939,30.822412666118939
97.299999999998747,0.10000000000000001,973,309.90474215054547,1,30.806439034949641,30.806439034949641,30.806439034949641,30.806439034949641
97.399999999998741,0.10000000000000001,974,309.90657359819829,1,30.790394374130106,30.790394374130106,30.790394374130106,30.790394374130106
97.499999999998735,0.10000000000000001,975,309.90838012373558,1,30.77416550337707,30.77416550337707,30.77416550337707,30.77416550337707
97.59999999999873,0.10000000000000001,976,309.91016160103817,1,30.757876443168207,30.757876443168207,30.757876443168207,30.757876443168207
97.699999999998724,0.10000000000000001,977,309.91191811042182,1,30.741511522999605,30.741511522999605,30.741511522999605,30.741511522999605
97.799999999998718,0.10000000000000001,978,309.91364967525232,1,30.724946446892368,30.724946446892368,30.724946446892368,30.724946446892368
97.899999999998712,0.10000000000000001,979,309.91535610134048,1,30.708344969590144,30.708344969590144,30.708344969590144,30.708344969590144
97.999999999998707,0.10000000000000001,980,309.91703744627057,1,30.691771188557126,30.691771188557126,30.691771188557126,30.691771188557126
98.099999999998701,0.10000000000000001,981,309.91869385508596,1,30.675188713449039,30.675188713449039,30.675188713449039,30.675188713449039
98.199999999998695,0.10000000000000001,982,309.92032539629378,1,30.6585963827375,30.6585963827375,30.6585963827375,30.6585963827375
98.29999999999869,0.10000000000000001,983,309.92193213296565,1,30.641973710798361,30.641973710798361,30.641973710798361,30.641973710798361
98.399999999998684,0.10000000000000001,984,309.92351407720884,1,30.625314605449049,30.625314605449049,30.625314605449049,30.625314605449049
98.499999999998678,0.10000000000000001,985,309.92507123016901,1,30.608677475493934,30.608677475493934,30.608677475493934,30.608677475493934
98.599999999998673,0.10000000000000001,986,309.92660369989682,1,30.59205841382024,30.59205841382024,30.59205841382024,30.59205841382024
98.699999999998667,0.10000000000000001,987,309.92811159486166,1,30.57546902825538,30.57546902825538,30.57546902825538,30.57546902825538
98.799999999998661,0.10000000000000001,988,309.92959504898153,1,30.55885642125811,30.55885642125811,30.55885642125811,30.55885642125811
98.899999999998656,0.10000000000000001,989,309.93105412131843,1,30.542247558423941,30.542247558423941,30.542247558423941,30.542247558423941
98.99999999999865,0.10000000000000001,990,309.93248892241081,1,30.525874455122317,30.525874455122317,30.525874455122317,30.525874455122317
99.099999999998644,0.10000000000000001,991,309.93389994994152,1,30.513262136129168,30.513262136129168,30.513262136129168,30.513262136129168
99.199999999998639,0.10000000000000001,992,309.93529351914941,1,30.500813841434478,30.500813841434478,30.500813841434478,30.500813841434478
99.299999999998633,0.10000000000000001,993,309.93666991324341,1,30.488216325692512,30.488216325692512,30.488216325692512,30.488216325692512
99.399999999998627,0.10000000000000001,994,309.93802893896873,1,30.475575247615822,30.475575247615822,30.475575247615822,30.475575247615822
99.499999999998622,0.10000000000000001,995,309.93937059117883,1,30.4628413660296,30.4628413660296,30.4628413660296,30.4628413660296
99.599999999998616,0.10000000000000001,996,309.94069478453002,1,30.449845308350604,30.449845308350604,30.449845308350604,30.449845308350604
99.69999999999861,0.10000000000000001,997,309.94200115837037,1,30.436807862206443,30.436807862206443,30.436807862206443,30.436807862206443
99.799999999998604,0.10000000000000001,998,309.94328972226828,1,30.423846379764775,30.423846379764775,30.423846379764775,30.423846379764775
99.899999999998599,0.10000000000000001,999,309.94456066107745,1,30.411029610926903,30.411029610926903,30.411029610926903,30.411029610926903
99.999999999998593,0.10000000000000001,1000,309.94581423335137,1,30.398249299920352,30.398249299920352,30.398249299920352,30.398249299920352
100.09999999999859,0.10000000000000001,1001,309.94705050160854,1,30.385577177085302,30.385577177085302,30.385577177085302,30.385577177085302
100.19999999999858,0.10000000000000001,1002,309.94826963705947,1,30.372923130949822,30.372923130949822,30.372923130949822,30.372923130949822
100.29999999999858,0.10000000000000001,1003,309.94947166699689,1,30.360296956300328,30.360296956300328,30.360296956300328,30.360296956300328
100.39999999999857,0.10000000000000001,1004,309.95065664529869,1,30.347699187108891,30.347699187108891,30.347699187108891,30.347699187108891
100.49999999999856,0.10000000000000001,1005,309.9518246436761,1,30.335128913050443,30.335128913050443,30.335128913050443,30.335128913050443
100.59999999999856,0.10000000000000001,1006,309.9529757502828,1,30.322587113727955,30.322587113727955,30.322587113727955,30.322587113727955
100.69999999999855,0.10000000000000001,1007,309.95411005805471,1,30.310055377217999,30.310055377217999,30.310055377217999,30.310055377217999
100.79999999999855,0.10000000000000001,1008,309.9552276398436,1,30.297595042115031,30.297595042115031,30.297595042115031,30.297595042115031
100.89999999999854,0.10000000000000001,1009,309.95632868370291,1,30.2861553423324,30.2861553423324,30.2861553423324,30.2861553423324
100.99999999999854,0.10000000000000001,1010,309.9574149450043,1,30.274752514840202,30.274752514840202,30.274752514840202,30.274752514840202
101.09999999999853,0.10000000000000001,1011,309.95848651398046,1,30.263406887227223,30.263406887227223,30.263406887227223,30.263406887227223
101.19999999999852,0.10000000000000001,1012,309.95954349116465,1,30.252105465757875,30.252105465757875,30.252105465757875,30.252105465757875
101.29999999999852,0.10000000000000001,1013,309.9605859545988,1,30.240833226408732,30.240833226408732,30.240833226408732,30.240833226408732
101.39999999999851,0.10000000000000001,1014,309.96161396114468,1,30.229587924822184,30.229587924822184,30.229587924822184,30.229587924822184
101.49999999999851,0.10000000000000001,1015,309.96262756193232,1,30.218378545952941,30.218378545952941,30.218378545952941,30.218378545952941
101.5999999999985,0.10000000000000001,1016,309.9636268236261,1,30.207227281792619,30.207227281792619,30.207227281792619,30.207227281792619
101.6999999999985,0.10000000000000001,1017,309.9646118442131,1,30.196175995605405,30.196175995605405,30.196175995605405,30.196175995605405
101.79999999999849,0.10000000000000001,1018,309.96558277392006,1,30.185201543565029,30.185201543565029,30.185201543565029,30.185201543565029
101.89999999999849,0.10000000000000001,1019,309.96653971992998,1,30.174262492501562,30.174262492501562,30.174262492501562,30.174262492501562
101.99999999999848,0.10000000000000001,1020,309.96748272050684,1,30.163279889511518,30.163279889511518,30.163279889511518,30.163279889511518
102.09999999999847,0.10000000000000001,1021,309.96841169228952,1,30.152508574017762,30.152508574017762,30.152508574017762,30.152508574017762
102.19999999999847,0.10000000000000001,1022,309.96932698546374,1,30.142060125620791,30.142060125620791,30.142060125620791,30.142060125620791
102.29999999999846,0.10000000000000001,1023,309.97022915732356,1,30.131794551196542,30.131794551196542,30.131794551196542,30.131794551196542
102.39999999999846,0.10000000000000001,1024,309.97111855524651,1,30.121546893764389,30.121546893764389,30.121546893764389,30.121546893764389
102.49999999999845,0.10000000000000001,1025,309.9719952676146,1,30.111436065465735,30.111436065465735,30.111436065465735,30.111436065465735
102.59999999999845,0.10000000000000001,1026,309.97285959928791,1,30.101303897342301,30.101303897342301,30.101303897342301,30.101303897342301
102.69999999999844,0.10000000000000001,1027,309.97371160187095,1,30.091400076008366,30.091400076008366,30.091400076008366,30.091400076008366
102.79999999999843,0.10000000000000001,1028,309.97455173679322,1,30.081608796150093,30.081608796150093,30.081608796150093,30.081608796150093
102.89999999999843,0.10000000000000001,1029,309.97538026932335,1,30.071873428145278,30.071873428145278,30.071873428145278,30.071873428145278
102.99999999999842,0.10000000000000001,1030,309.97619736790551,1,30.062197020229345,30.062197020229345,30.062197020229345,30.062197020229345
103.09999999999842,0.10000000000000001,1031,309.9770031979869,1,30.052590593980664,30.052590593980664,30.052590593980664,30.052590593980664
103.19999999999841,0.10000000000000001,1032,309.97779792855999,1,30.043053538956052,30.043053538956052,30.043053538956052,30.043053538956052
103.29999999999841,0.10000000000000001,1033,309.97858171675438,1,30.033566321403711,30.033566321403711,30.033566321403711,30.033566321403711
103.3999999999984,0.10000000000000001,1034,309.97935467446968,1,30.024195302000823,30.024195302000823,30.024195302000823,30.024195302000823
103.49999999999839,0.10000000000000001,1035,309.98011700034078,1,30.015026285607487,30.015026285607487,30.015026285607487,30.015026285607487
103.59999999999839,0.10000000000000001,1036,309.98086899492716,1,30.00594528950533,30.00594528950533,30.00594528950533,30.00594528950533
103.69999999999838,0.10000000000000001,1037,309.98161075493203,1,29.99698483337745,29.99698483337745,29.99698483337745,29.99698483337745
103.79999999999838,0.10000000000000001,1038,309.9823424183337,1,29.988042762904243,29.988042762904243,29.988042762904243,29.988042762904243
103.89999999999837,0.10000000000000001,1039,309.98306395724677,1,29.979362478420029,29.979362478420029,29.979362478420029,29.979362478420029
103.99999999999837,0.10000000000000001,1040,309.98377576312708,1,29.971032511313069,29.971032511313069,29.971032511313069,29.971032511313069
104.09999999999836,0.10000000000000001,1041,309.98447838528125,1,29.962873894638772,29.962873894638772,29.962873894638772,29.962873894638772
104.19999999999835,0.10000000000000001,1042,309.98517208333084,1,29.95475926725841,29.95475926725841,29.95475926725841,29.95475926725841
104.29999999999835,0.10000000000000001,1043,309.98585691051835,1,29.946778324864546,29.946778324864546,29.946778324864546,29.946778324864546
104.39999999999834,0.10000000000000001,1044,309.98653307629559,1,29.938818707715772,29.938818707715772,29.938818707715772,29.938818707715772
104.49999999999834,0.10000000000000001,1045,309.98720060489364,1,29.931924678163504,29.931924678163504,29.931924678163504,29.931924678163504
104.59999999999833,0.10000000000000001,1046,309.98786123474997,1,29.925080547262844,29.925080547262844,29.925080547262844,29.925080547262844
104.69999999999833,0.10000000000000001,1047,309.98851500405067,1,29.918105315714637,29.918105315714637,29.918105315714637,29.918105315714637
104.79999999999832,0.10000000000000001,1048,309.98916167286234,1,29.911104734636609,29.911104734636609,29.911104734636609,29.911104734636609
104.89999999999831,0.10000000000000001,1049,309.98980118077532,1,29.903982958898204,29.903982958898204,29.903982958898204,29.903982958898204
104.99999999999831,0.10000000000000001,1050,309.99043330984125,1,29.896568979933576,29.896568979933576,29.896568979933576,29.896568979933576
105.0999999999983,0.10000000000000001,1051,309.99105756441531,1,29.88907001982005,29.88907001982005,29.88907001982005,29.88907001982005
105.1999999999983,0.10000000000000001,1052,309.99167379663328,1,29.881609662963903,29.881609662963903,29.881609662963903,29.881609662963903
105.29999999999829,0.10000000000000001,1053,309.99228205804872,1,29.874216650521735,29.874216650521735,29.874216650521735,29.874216650521735
105.39999999999829,0.10000000000000001,1054,309.99288243630662,1,29.866842188688103,29.866842188688103,29.866842188688103,29.866842188688103
105.49999999999828,0.10000000000000001,1055,309.99347493314951,1,29.859469116303455,29.859469116303455,29.859469116303455,29.859469116303455
105.59999999999827,0.10000000000000001,1056,309.99405952144446,1,29.852059435733718,29.852059435733718,29.852059435733718,29.852059435733718
105.69999999999827,0.10000000000000001,1057,309.99463611696876,1,29.84468681021621,29.84468681021621,29.84468681021621,29.84468681021621
105.79999999999826,0.10000000000000001,1058,309.9952047633073,1,29.837364676737902,29.837364676737902,29.837364676737902,29.837364676737902
105.89999999999826,0.10000000000000001,1059,309.99576553414585,1,29.830113645552771,29.830113645552771,29.830113645552771,29.830113645552771
105.99999999999825,0.10000000000000001,1060,309.99631854353095,1,29.822929989911906,29.822929989911906,29.822929989911906,29.822929989911906
106.09999999999825,0.10000000000000001,1061,309.9968638991237,1,29.815817724212874,29.815817724212874,29.815817724212874,29.815817724212874
106.19999999999824,0.10000000000000001,1062,309.99740171851499,1,29.808819351719929,29.808819351719929,29.808819351719929,29.808819351719929
106.29999999999824,0.10000000000000001,1063,309.99793219450288,1,29.802857333340015,29.802857333340015,29.802857333340015,29.802857333340015
106.39999999999823,0.10000000000000001,1064,309.99845703329663,1,29.796999884235628,29.796999884235628,29.796999884235628,29.796999884235628
106.49999999999822,0.10000000000000001,1065,309.99897636783726,1,29.791210170882966,29.791210170882966,29.791210170882966,29.791210170882966
106.59999999999822,0.10000000000000001,1066,309.99949026221498,1,29.785454520550648,29.785454520550648,29.785454520550648,29.785454520550648
106.69999999999821,0.10000000000000001,1067,309.99999872387093,1,29.779730441906608,29.779730441906608,29.779730441906608,29.779730441906608
106.79999999999821,0.10000000000000001,1068,310.00050176066696,1,29.774052194103202,29.774052194103202,29.774052194103202,29.774052194103202
106.8999999999982,0.10000000000000001,1069,310.00099940696958,1,29.768388753289244,29.768388753289244,29.768388753289244,29.768388753289244
106.9999999999982,0.10000000000000001,1070,310.0014916476581,1,29.762781215606303,29.762781215606303,29.762781215606303,29.762781215606303
107.09999999999819,0.10000000000000001,1071,310.00197853136467,1,29.757308837213248,29.757308837213248,29.757308837213248,29.757308837213248
107.19999999999818,0.10000000000000001,1072,310.00246022294812,1,29.751892005250482,29.751892005250482,29.751892005250482,29.751892005250482
107.29999999999818,0.10000000000000001,1073,310.00293675051091,1,29.74649756915634,29.74649756915634,29.74649756915634,29.74649756915634
107.39999999999817,0.10000000000000001,1074,310.00340808806124,1,29.741058584760438,29.741058584760438,29.741058584760438,29.741058584760438
107.49999999999817,0.10000000000000001,1075,310.00387410748107,1,29.735897227151998,29.735897227151998,29.735897227151998,29.735897227151998
107.59999999999816,0.10000000000000001,1076,310.00433522533882,1,29.7310103861236,29.7310103861236,29.7310103861236,29.7310103861236
107.69999999999816,0.10000000000000001,1077,310.00479186193934,1,29.726290355097944,29.726290355097944,29.726290355097944,29.726290355097944
107.79999999999815,0.10000000000000001,1078,310.00524426840161,1,29.72158261922166,29.72158261922166,29.72158261922166,29.72158261922166
107.89999999999814,0.10000000000000001,1079,310.00569245716883,1,29.716994407674605,29.716994407674605,29.716994407674605,29.716994407674605
107.99999999999814,0.10000000000000001,1080,310.0061366310365,1,29.712406795962632,29.712406795962632,29.712406795962632,29.712406795962632
108.09999999999813,0.10000000000000001,1081,310.00657679369698,1,29.708188966917117,29.708188966917117,29.708188966917117,29.708188966917117
108.19999999999813,0.10000000000000001,1082,310.00701355509602,1,29.704007443872559,29.704007443872559,29.704007443872559,29.704007443872559
108.29999999999812,0.10000000000000001,1083,310.00744697363308,1,29.699693373782203,29.699693373782203,29.699693373782203,29.699693373782203
108.39999999999812,0.10000000000000001,1084,310.00787683073258,1,29.695358744785956,29.695358744785956,29.695358744785956,29.695358744785956
108.49999999999811,0.10000000000000001,1085,310.00830309546529,1,29.690916214282346,29.690916214282346,29.690916214282346,29.690916214282346
108.5999999999981,0.10000000000000001,1086,310.0087255889004,1,29.686210642705209,29.686210642705209,29.686210642705209,29.686210642705209
108.6999999999981,0.10000000000000001,1087,310.00914387367544,1,29.681401058500615,29.681401058500615,29.681401058500615,29.681401058500615
108.79999999999809,0.10000000000000001,1088,310.00955777631293,1,29.67665651342319,29.67665651342319,29.67665651342319,29.67665651342319
108.89999999999809,0.10000000000000001,1089,310.00996739444264,1,29.672000303560075,29.672000303560075,29.672000303560075,29.672000303560075
108.99999999999808,0.10000000000000001,1090,310.0103728441934,1,29.667372481703708,29.667372481703708,29.667372481703708,29.667372481703708
109.09999999999808,0.10000000000000001,1091,310.01077413315465,1,29.66280255316947,29.66280255316947,29.66280255316947,29.66280255316947
109.19999999999807,0.10000000000000001,1092,310.01117131183776,1,29.658269206602718,29.658269206602718,29.658269206602718,29.658269206602718
109.29999999999806,0.10000000000000001,1093,310.01156439674747,1,29.653768315147353,29.653768315147353,29.653768315147353,29.653768315147353
109.39999999999806,0.10000000000000001,1094,310.01195340175468,1,29.649301758161741,29.649301758161741,29.649301758161741,29.649301758161741
109.49999999999805,0.10000000000000001,1095,310.0123383482578,1,29.644866664328003,29.644866664328003,29.644866664328003,29.644866664328003
109.59999999999805,0.10000000000000001,1096,310.01271925605192,1,29.64046454625478,29.64046454625478,29.64046454625478,29.64046454625478
109.69999999999804,0.10000000000000001,1097,310.01309614866585,1,29.636095084580134,29.636095084580134,29.636095084580134,29.636095084580134
109.79999999999804,0.10000000000000001,1098,310.01346905098222,1,29.631778257446719,29.631778257446719,29.631778257446719,29.631778257446719
109.89999999999803,0.10000000000000001,1099,310.0138380230041,1,29.627717300004864,29.627717300004864,29.627717300004864,29.627717300004864
109.99999999999802,0.10000000000000001,1100,310.01420345950652,1,29.623695787816171,29.623695787816171,29.623695787816171,29.623695787816171
110.09999999999802,0.10000000000000001,1101,310.01456539576151,1,29.619733288449851,29.619733288449851,29.619733288449851,29.619733288449851
110.19999999999801,0.10000000000000001,1102,310.0149238989012,1,29.615813860510205,29.615813860510205,29.615813860510205,29.615813860510205
110.29999999999801,0.10000000000000001,1103,310.01527900606339,1,29.61192470078592,29.61192470078592,29.61192470078592,29.61192470078592
110.399999999998,0.10000000000000001,1104,310.01563073472573,1,29.608069965664448,29.608069965664448,29.608069965664448,29.608069965664448
110.499999999998,0.10000000000000001,1105,310.01597911259631,1,29.604255264699738,29.604255264699738,29.604255264699738,29.604255264699738
110.59999999999799,0.10000000000000001,1106,310.01632417805945,1,29.600497166204462,29.600497166204462,29.600497166204462,29.600497166204462
110.69999999999798,0.10000000000000001,1107,310.01666599033598,1,29.596843716703543,29.596843716703543,29.596843716703543,29.596843716703543
110.79999999999798,0.10000000000000001,1108,310.01700467490423,1,29.593234575670746,29.593234575670746,29.593234575670746,29.593234575670746
110.89999999999797,0.10000000000000001,1109,310.01734025329972,1,29.589676102667273,29.589676102667273,29.589676102667273,29.589676102667273
110.99999999999797,0.10000000000000001,1110,310.01767275689701,1,29.586118106172233,29.586118106172233,29.586118106172233,29.586118106172233
111.09999999999796,0.10000000000000001,1111,310.01800213881518,1,29.582843276431198,29.582843276431198,29.582843276431198,29.582843276431198
111.19999999999796,0.10000000000000001,1112,310.0183288286654,1,29.579799418397997,29.579799418397997,29.579799418397997,29.579799418397997
111.29999999999795,0.10000000000000001,1113,310.01865317163856,1,29.576899283810665,29.576899283810665,29.576899283810665,29.576899283810665
111.39999999999795,0.10000000000000001,1114,310.01897537104071,1,29.574047762085137,29.574047762085137,29.574047762085137,29.574047762085137
111.49999999999794,0.10000000000000001,1115,310.01929547909384,1,29.571316079498942,29.571316079498942,29.571316079498942,29.571316079498942
111.59999999999793,0.10000000000000001,1116,310.01961367097834,1,29.568513092200607,29.568513092200607,29.568513092200607,29.568513092200607
111.69999999999793,0.10000000000000001,1117,310.0199298005337,1,29.56537296866534,29.56537296866534,29.56537296866534,29.56537296866534
111.79999999999792,0.10000000000000001,1118,310.02024326858475,1,29.562301796200952,29.562301796200952,29.562301796200952,29.562301796200952
111.89999999999792,0.10000000000000001,1119,310.02055415235588,1,29.559272271743488,29.559272271743488,29.559272271743488,29.559272271743488
111.99999999999791,0.10000000000000001,1120,310.0208624928793,1,29.556285488248822,29.556285488248822,29.556285488248822,29.556285488248822
112.09999999999791,0.10000000000000001,1121,310.02116833421292,1,29.553344119961583,29.553344119961583,29.553344119961583,29.553344119961583
112.1999999999979,0.10000000000000001,1122,310.02147172147943,1,29.550451912729766,29.550451912729766,29.550451912729766,29.550451912729766
112.29999999999789,0.10000000000000001,1123,310.02177270422624,1,29.547614216533088,29.547614216533088,29.547614216533088,29.547614216533088
112.39999999999789,0.10000000000000001,1124,310.02207133610221,1,29.544838968957752,29.544838968957752,29.544838968957752,29.544838968957752
112.49999999999788,0.10000000000000001,1125,310.02236768319523,1,29.542144762954941,29.542144762954941,29.542144762954941,29.542144762954941
112.59999999999788,0.10000000000000001,1126,310.02266184664694,1,29.539476487486937,29.539476487486937,29.539476487486937,29.539476487486937
112.69999999999787,0.10000000000000001,1127,310.02295384007061,1,29.536807395566822,29.536807395566822,29.536807395566822,29.536807395566822
112.79999999999787,0.10000000000000001,1128,310.02324363401254,1,29.534147453282412,29.534147453282412,29.534147453282412,29.534147453282412
112.89999999999786,0.10000000000000001,1129,310.02353121460703,1,29.531759548069083,29.531759548069083,29.531759548069083,29.531759548069083
112.99999999999785,0.10000000000000001,1130,310.02381700538325,1,29.529575563964009,29.529575563964009,29.529575563964009,29.529575563964009
113.09999999999785,0.10000000000000001,1131,310.02410131762809,1,29.527510901020456,29.527510901020456,29.527510901020456,29.527510901020456
113.19999999999784,0.10000000000000001,1132,310.02438432319923,1,29.525496882451836,29.525496882451836,29.525496882451836,29.525496882451836
113.29999999999784,0.10000000000000001,1133,310.02466607938317,1,29.523577202769957,29.523577202769957,29.523577202769957,29.523577202769957
113.39999999999783,0.10000000000000001,1134,310.02494671819198,1,29.521664034354131,29.521664034354131,29.521664034354131,29.521664034354131
113.49999999999783,0.10000000000000001,1135,310.0252262262124,1,29.519564145798718,29.519564145798718,29.519564145798718,29.519564145798718
113.59999999999782,0.10000000000000001,1136,310.02550427902673,1,29.517445002361786,29.517445002361786,29.517445002361786,29.517445002361786
113.69999999999781,0.10000000000000001,1137,310.02578084430138,1,29.515205748515363,29.515205748515363,29.515205748515363,29.515205748515363
113.79999999999781,0.10000000000000001,1138,310.02605572825729,1,29.512954214638437,29.512954214638437,29.512954214638437,29.512954214638437
113.8999999999978,0.10000000000000001,1139,310.02632891519852,1,29.510600459429188,29.510600459429188,29.510600459429188,29.510600459429188
113.9999999999978,0.10000000000000001,1140,310.02660023592796,1,29.508019494091627,29.508019494091627,29.508019494091627,29.508019494091627
114.09999999999779,0.10000000000000001,1141,310.026869313227,1,29.505276386737258,29.505276386737258,29.505276386737258,29.505276386737258
114.19999999999779,0.10000000000000001,1142,310.02713587917589,1,29.502474232054038,29.502474232054038,29.502474232054038,29.502474232054038
114.29999999999778,0.10000000000000001,1143,310.02739983689713,1,29.499627875094891,29.499627875094891,29.499627875094891,29.499627875094891
114.39999999999777,0.10000000000000001,1144,310.02766111168251,1,29.496788880679492,29.496788880679492,29.496788880679492,29.496788880679492
114.49999999999777,0.10000000000000001,1145,310.02791971782023,1,29.493969783200402,29.493969783200402,29.493969783200402,29.493969783200402
114.59999999999776,0.10000000000000001,1146,310.0281756699224,1,29.491196673897608,29.491196673897608,29.491196673897608,29.491196673897608
114.69999999999776,0.10000000000000001,1147,310.02842903112952,1,29.488480632288319,29.488480632288319,29.488480632288319,29.488480632288319
114.79999999999775,0.10000000000000001,1148,310.02867988162262,1,29.485808821500083,29.485808821500083,29.485808821500083,29.485808821500083
114.89999999999775,0.10000000000000001,1149,310.02892827860444,1,29.483191872818235,29.483191872818235,29.483191872818235,29.483191872818235
114.99999999999774,0.10000000000000001,1150,310.02917429604355,1,29.48060285355281,29.48060285355281,29.48060285355281,29.48060285355281
115.09999999999773,0.10000000000000001,1151,310.02941796229237,1,29.478041652299499,29.478041652299499,29.478041652299499,29.478041652299499
115.19999999999773,0.10000000000000001,1152,310.02965930601272,1,29.475522523334064,29.475522523334064,29.475522523334064,29.475522523334064
115.29999999999772,0.10000000000000001,1153,310.0298983788926,1,29.472915191082144,29.472915191082144,29.472915191082144,29.472915191082144
115.39999999999772,0.10000000000000001,1154,310.03013502852701,1,29.470320794325236,29.470320794325236,29.470320794325236,29.470320794325236
115.49999999999771,0.10000000000000001,1155,310.03036927406868,1,29.467680774550914,29.467680774550914,29.467680774550914,29.467680774550914
115.59999999999771,0.10000000000000001,1156,310.03060102350747,1,29.465034867184809,29.465034867184809,29.465034867184809,29.465034867184809
115.6999999999977,0.10000000000000001,1157,310.03083024946534,1,29.462330503943516,29.462330503943516,29.462330503943516,29.462330503943516
115.79999999999769,0.10000000000000001,1158,310.03105683769724,1,29.459496748697553,29.459496748697553,29.459496748697553,29.459496748697553
115.89999999999769,0.10000000000000001,1159,310.03128055537934,1,29.456589039312561,29.456589039312561,29.456589039312561,29.456589039312561
115.99999999999768,0.10000000000000001,1160,310.03150126174211,1,29.453682800720543,29.453682800720543,29.453682800720543,29.453682800720543
116.09999999999768,0.10000000000000001,1161,310.03171894679917,1,29.450763296927395,29.450763296927395,29.450763296927395,29.450763296927395
116.19999999999767,0.10000000000000001,1162,310.03193358538118,1,29.447874033369956,29.447874033369956,29.447874033369956,29.447874033369956
116.29999999999767,0.10000000000000001,1163,310.03214522804285,1,29.445136855064419,29.445136855064419,29.445136855064419,29.445136855064419
116.39999999999766,0.10000000000000001,1164,310.03235412124729,1,29.442664987346408,29.442664987346408,29.442664987346408,29.442664987346408
116.49999999999766,0.10000000000000001,1165,310.03256068501042,1,29.440299000466464,29.440299000466464,29.440299000466464,29.440299000466464
116.59999999999765,0.10000000000000001,1166,310.03276506671318,1,29.438016817921635,29.438016817921635,29.438016817921635,29.438016817921635
116.69999999999764,0.10000000000000001,1167,310.03296737631024,1,29.43576454178946,29.43576454178946,29.43576454178946,29.43576454178946
116.79999999999764,0.10000000000000001,1168,310.03316763510679,1,29.433546380942744,29.433546380942744,29.433546380942744,29.433546380942744
116.89999999999763,0.10000000000000001,1169,310.03336587264198,1,29.431350920448601,29.431350920448601,29.431350920448601,29.431350920448601
116.99999999999763,0.10000000000000001,1170,310.03356210067875,1,29.42914323234746,29.42914323234746,29.42914323234746,29.42914323234746
117.09999999999762,0.10000000000000001,1171,310.03375627456148,1,29.42627378341459,29.42627378341459,29.42627378341459,29.42627378341459
117.19999999999762,0.10000000000000001,1172,310.03394728771542,1,29.423343354382499,29.423343354382499,29.423343354382499,29.423343354382499
117.29999999999761,0.10000000000000001,1173,310.03413505144806,1,29.420406306696727,29.420406306696727,29.420406306696727,29.420406306696727
117.3999999999976,0.10000000000000001,1174,310.03431955548638,1,29.417472810053564,29.417472810053564,29.417472810053564,29.417472810053564
117.4999999999976,0.10000000000000001,1175,310.03450080467098,1,29.414530581029908,29.414530581029908,29.414530581029908,29.414530581029908
117.59999999999759,0.10000000000000001,1176,310.03467878211694,1,29.411507584698128,29.411507584698128,29.411507584698128,29.411507584698128
117.69999999999759,0.10000000000000001,1177,310.03485335224019,1,29.408341536601231,29.408341536601231,29.408341536601231,29.408341536601231
117.79999999999758,0.10000000000000001,1178,310.03502428206144,1,29.404866081720449,29.404866081720449,29.404866081720449,29.404866081720449
117.89999999999758,0.10000000000000001,1179,310.03519107190482,1,29.401040782571961,29.401040782571961,29.401040782571961,29.401040782571961
117.99999999999757,0.10000000000000001,1180,310.03535316366487,1,29.397241560492496,29.397241560492496,29.397241560492496,29.397241560492496
118.09999999999756,0.10000000000000001,1181,310.03551062015623,1,29.393493295449694,29.393493295449694,29.393493295449694,29.393493295449694
118.19999999999756,0.10000000000000001,1182,310.03566353306064,1,29.389768091170374,29.389768091170374,29.389768091170374,29.389768091170374
118.29999999999755,0.10000000000000001,1183,310.035811944329,1,29.386065966233378,29.386065966233378,29.386065966233378,29.386065966233378
118.39999999999755,0.10000000000000001,1184,310.03595589611388,1,29.382386593332967,29.382386593332967,29.382386593332967,29.382386593332967
118.49999999999754,0.10000000000000001,1185,310.03609543255004,1,29.3787322697261,29.3787322697261,29.3787322697261,29.3787322697261
118.59999999999754,0.10000000000000001,1186,310.03623060309292,1,29.375097552260105,29.375097552260105,29.375097552260105,29.375097552260105
118.69999999999753,0.10000000000000001,1187,310.03636144746008,1,29.371484779880262,29.371484779880262,29.371484779880262,29.371484779880262
118.79999999999752,0.10000000000000001,1188,310.03648801039276,1,29.36768699879558,29.36768699879558,29.36768699879558,29.36768699879558
118.89999999999752,0.10000000000000001,1189,310.03660999331851,1,29.362322568312003,29.362322568312003,29.362322568312003,29.362322568312003
118.99999999999751,0.10000000000000001,1190,310.03672483915705,1,29.356897840021691,29.356897840021691,29.356897840021691,29.356897840021691
119.09999999999751,0.10000000000000001,1191,310.03683252718128,1,29.351413314880205,29.351413314880205,29.351413314880205,29.351413314880205
119.1999999999975,0.10000000000000001,1192,310.03693304456465,1,29.345916086467785,29.345916086467785,29.345916086467785,29.345916086467785
119.2999999999975,0.10000000000000001,1193,310.03702645619398,1,29.34042100978159,29.34042100978159,29.34042100978159,29.34042100978159
119.39999999999749,0.10000000000000001,1194,310.03711283636289,1,29.334932314507537,29.334932314507537,29.334932314507537,29.334932314507537
119.49999999999748,0.10000000000000001,1195,310.03719225386067,1,29.329458544582749,29.329458544582749,29.329458544582749,29.329458544582749
119.59999999999748,0.10000000000000001,1196,310.03726477797329,1,29.323986657616626,29.323986657616626,29.323986657616626,29.323986657616626
119.69999999999747,0.10000000000000001,1197,310.03733045322758,1,29.318500758713217,29.318500758713217,29.318500758713217,29.318500758713217
119.79999999999747,0.10000000000000001,1198,310.03738930499924,1,29.313034772264334,29.313034772264334,29.313034772264334,29.313034772264334
119.89999999999746,0.10000000000000001,1199,310.03744141822,1,29.307701691477142,29.307701691477142,29.307701691477142,29.307701691477142
119.99999999999746,0.10000000000000001,1200,310.03748705706676,1,29.302588348187761,29.302588348187761,29.302588348187761,29.302588348187761
120.09999999999745,0.10000000000000001,1201,310.037526611685,1,29.29755010541119,29.29755010541119,29.29755010541119,29.29755010541119
120.19999999999744,0.10000000000000001,1202,310.03756022223808,1,29.292583332228762,29.292583332228762,29.292583332228762,29.292583332228762
120.29999999999744,0.10000000000000001,1203,310.03758801668914,1,29.287640946811017,29.287640946811017,29.287640946811017,29.287640946811017
120.39999999999743,0.10000000000000001,1204,310.03761003639659,1,29.282777934736469,29.282777934736469,29.282777934736469,29.282777934736469
120.49999999999743,0.10000000000000001,1205,310.0376263955701,1,29.27794743674341,29.27794743674341,29.27794743674341,29.27794743674341
120.59999999999742,0.10000000000000001,1206,310.03763712140903,1,29.273133460653511,29.273133460653511,29.273133460653511,29.273133460653511
120.69999999999742,0.10000000000000001,1207,310.03764221683343,1,29.268333677024472,29.268333677024472,29.268333677024472,29.268333677024472
120.79999999999741,0.10000000000000001,1208,310.03764168071984,1,29.263531310622927,29.263531310622927,29.263531310622927,29.263531310622927
120.89999999999741,0.10000000000000001,1209,310.03763547819716,1,29.258756201189225,29.258756201189225,29.258756201189225,29.258756201189225
120.9999999999974,0.10000000000000001,1210,310.03762363191271,1,29.253974005424627,29.253974005424627,29.253974005424627,29.253974005424627
121.09999999999739,0.10000000000000001,1211,310.03760611111471,1,29.249216578480031,29.249216578480031,29.249216578480031,29.249216578480031
121.19999999999739,0.10000000000000001,1212,310.03758294096258,1,29.244503645833309,29.244503645833309,29.244503645833309,29.244503645833309
121.29999999999738,0.10000000000000001,1213,310.0375541828854,1,29.23974081340284,29.23974081340284,29.23974081340284,29.23974081340284
121.39999999999738,0.10000000000000001,1214,310.03751974811718,1,29.234747180975379,29.234747180975379,29.234747180975379,29.234747180975379
121.49999999999737,0.10000000000000001,1215,310.03747926555263,1,29.229523675628911,29.229523675628911,29.229523675628911,29.229523675628911
121.59999999999737,0.10000000000000001,1216,310.0374323936461,1,29.224349343058655,29.224349343058655,29.224349343058655,29.224349343058655
121.69999999999736,0.10000000000000001,1217,310.03737926281661,1,29.219198602141375,29.219198602141375,29.219198602141375,29.219198602141375
121.79999999999735,0.10000000000000001,1218,310.03731996064801,1,29.21409569314272,29.21409569314272,29.21409569314272,29.21409569314272
121.89999999999735,0.10000000000000001,1219,310.03725461210126,1,29.209059711737897,29.209059711737897,29.209059711737897,29.209059711737897
121.99999999999734,0.10000000000000001,1220,310.03718336897327,1,29.204079222648645,29.204079222648645,29.204079222648645,29.204079222648645
122.09999999999734,0.10000000000000001,1221,310.03710636236065,1,29.199167921522896,29.199167921522896,29.199167921522896,29.199167921522896
122.19999999999733,0.10000000000000001,1222,310.03702374500966,1,29.194304907883819,29.194304907883819,29.194304907883819,29.194304907883819
122.29999999999733,0.10000000000000001,1223,310.0369356325869,1,29.189491951454933,29.189491951454933,29.189491951454933,29.189491951454933
122.39999999999732,0.10000000000000001,1224,310.0368421438427,1,29.184688810449583,29.184688810449583,29.184688810449583,29.184688810449583
122.49999999999731,0.10000000000000001,1225,310.0367433303764,1,29.18007859935318,29.18007859935318,29.18007859935318,29.18007859935318
122.59999999999731,0.10000000000000001,1226,310.0366395511025,1,29.175563326680464,29.175563326680464,29.175563326680464,29.175563326680464
122.6999999999973,0.10000000000000001,1227,310.03653100418393,1,29.17106679144668,29.17106679144668,29.17106679144668,29.17106679144668
122.7999999999973,0.10000000000000001,1228,310.03641775936575,1,29.166600809540103,29.166600809540103,29.166600809540103,29.166600809540103
122.89999999999729,0.10000000000000001,1229,310.03629990893126,1,29.162174990924033,29.162174990924033,29.162174990924033,29.162174990924033
122.99999999999729,0.10000000000000001,1230,310.03617755911858,1,29.157792759906116,29.157792759906116,29.157792759906116,29.157792759906116
123.09999999999728,0.10000000000000001,1231,310.03605081918852,1,29.15345440209472,29.15345440209472,29.15345440209472,29.15345440209472
123.19999999999727,0.10000000000000001,1232,310.03591979609678,1,29.14916322487484,29.14916322487484,29.14916322487484,29.14916322487484
123.29999999999727,0.10000000000000001,1233,310.03578459683149,1,29.144912694332682,29.144912694332682,29.144912694332682,29.144912694332682
123.39999999999726,0.10000000000000001,1234,310.0356453085779,1,29.140740299772908,29.140740299772908,29.140740299772908,29.140740299772908
123.49999999999726,0.10000000000000001,1235,310.03550207579775,1,29.136829081094813,29.136829081094813,29.136829081094813,29.136829081094813
123.59999999999725,0.10000000000000001,1236,310.03535533413969,1,29.133240143479998,29.133240143479998,29.133240143479998,29.133240143479998
123.69999999999725,0.10000000000000001,1237,310.03520560417587,1,29.1294704805129,29.1294704805129,29.1294704805129,29.1294704805129
123.79999999999724,0.10000000000000001,1238,310.03505256217346,1,29.125634499722398,29.125634499722398,29.125634499722398,29.125634499722398
123.89999999999723,0.10000000000000001,1239,310.0348960728665,1,29.121718323456278,29.121718323456278,29.121718323456278,29.121718323456278
123.99999999999723,0.10000000000000001,1240,310.03473597559628,1,29.117798014331441,29.117798014331441,29.117798014331441,29.117798014331441
124.09999999999722,0.10000000000000001,1241,310.0345722352983,1,29.113811126376643,29.113811126376643,29.113811126376643,29.113811126376643
124.19999999999722,0.10000000000000001,1242,310.0344047104108,1,29.10994885390307,29.10994885390307,29.10994885390307,29.10994885390307
124.29999999999721,0.10000000000000001,1243,310.034233577588,1,29.106750677401209,29.106750677401209,29.106750677401209,29.106750677401209
124.39999999999721,0.10000000000000001,1244,310.03405990103897,1,29.103750507444509,29.103750507444509,29.103750507444509,29.103750507444509
124.4999999999972,0.10000000000000001,1245,310.03388396036235,1,29.101031337686489,29.101031337686489,29.101031337686489,29.101031337686489
124.59999999999719,0.10000000000000001,1246,310.03370618163774,1,29.098482054856539,29.098482054856539,29.098482054856539,29.098482054856539
124.69999999999719,0.10000000000000001,1247,310.03352680961592,1,29.096184617500747,29.096184617500747,29.096184617500747,29.096184617500747
124.79999999999718,0.10000000000000001,1248,310.0333462285185,1,29.094239175332739,29.094239175332739,29.094239175332739,29.094239175332739
124.89999999999718,0.10000000000000001,1249,310.03316499045138,1,29.09259851652763,29.09259851652763,29.09259851652763,29.09259851652763
124.99999999999717,0.10000000000000001,1250,310.03298357045367,1,29.091016773928047,29.091016773928047,29.091016773928047,29.091016773928047
125.09999999999717,0.10000000000000001,1251,310.03280203993552,1,29.089483172101481,29.089483172101481,29.089483172101481,29.089483172101481
125.19999999999716,0.10000000000000001,1252,310.0326204628667,1,29.088022812962205,29.088022812962205,29.088022812962205,29.088022812962205
125.29999999999715,0.10000000000000001,1253,310.03243895062047,1,29.08675412851882,29.08675412851882,29.08675412851882,29.08675412851882
125.39999999999715,0.10000000000000001,1254,310.03225780944155,1,29.085675611329872,29.085675611329872,29.085675611329872,29.085675611329872
125.49999999999714,0.10000000000000001,1255,310.03207733409022,1,29.084601125891073,29.084601125891073,29.084601125891073,29.084601125891073
125.59999999999714,0.10000000000000001,1256,310.03189750450832,1,29.083519420381368,29.083519420381368,29.083519420381368,29.083519420381368
125.69999999999713,0.10000000000000001,1257,310.03171828131457,1,29.082376331325982,29.082376331325982,29.082376331325982,29.082376331325982
125.79999999999713,0.10000000000000001,1258,310.03153953354735,1,29.081216519653346,29.081216519653346,29.081216519653346,29.081216519653346
125.89999999999712,0.10000000000000001,1259,310.03136119787973,1,29.080029064757586,29.080029064757586,29.080029064757586,29.080029064757586
125.99999999999712,0.10000000000000001,1260,310.0311831901858,1,29.07888114094332,29.07888114094332,29.07888114094332,29.07888114094332
126.09999999999711,0.10000000000000001,1261,310.03100554023848,1,29.078100066653057,29.078100066653057,29.078100066653057,29.078100066653057
126.1999999999971,0.10000000000000001,1262,310.03082881764976,1,29.077317674089013,29.077317674089013,29.077317674089013,29.077317674089013
126.2999999999971,0.10000000000000001,1263,310.03065297245109,1,29.076533437918396,29.076533437918396,29.076533437918396,29.076533437918396
126.39999999999709,0.10000000000000001,1264,310.03047794787784,1,29.075745149002731,29.075745149002731,29.075745149002731,29.075745149002731
126.49999999999709,0.10000000000000001,1265,310.03030368897652,1,29.074949260336076,29.074949260336076,29.074949260336076,29.074949260336076
126.59999999999708,0.10000000000000001,1266,310.03013013366473,1,29.074159624253578,29.074159624253578,29.074159624253578,29.074159624253578
126.69999999999708,0.10000000000000001,1267,310.02995724064687,1,29.073417157091935,29.073417157091935,29.073417157091935,29.073417157091935
126.79999999999707,0.10000000000000001,1268,310.02978503049047,1,29.072756103978339,29.072756103978339,29.072756103978339,29.072756103978339
126.89999999999706,0.10000000000000001,1269,310.02961357537021,1,29.072204811687207,29.072204811687207,29.072204811687207,29.072204811687207
126.99999999999706,0.10000000000000001,1270,310.0294429917538,1,29.071783268766119,29.071783268766119,29.071783268766119,29.071783268766119
127.09999999999705,0.10000000000000001,1271,310.02927343264003,1,29.07148165315354,29.07148165315354,29.07148165315354,29.07148165315354
127.19999999999705,0.10000000000000001,1272,310.02910503662019,1,29.071324476389471,29.071324476389471,29.071324476389471,29.071324476389471
127.29999999999704,0.10000000000000001,1273,310.02893798392182,1,29.07097373881993,29.07097373881993,29.07097373881993,29.07097373881993
127.39999999999704,0.10000000000000001,1274,310.02877189468217,1,29.070619087128769,29.070619087128769,29.070619087128769,29.070619087128769
127.49999999999703,0.10000000000000001,1275,310.02860670544305,1,29.070317215919157,29.070317215919157,29.070317215919157,29.070317215919157
127.59999999999702,0.10000000000000001,1276,310.02844244516484,1,29.070155759978135,29.070155759978135,29.070155759978135,29.070155759978135
127.69999999999702,0.10000000000000001,1277,310.0282792866692,1,29.070043490976598,29.070043490976598,29.070043490976598,29.070043490976598
127.79999999999701,0.10000000000000001,1278,310.02811724787415,1,29.070298944107645,29.070298944107645,29.070298944107645,29.070298944107645
127.89999999999701,0.10000000000000001,1279,310.0279568799063,1,29.07303282266313,29.07303282266313,29.07303282266313,29.07303282266313
127.999999999997,0.10000000000000001,1280,310.02780220648208,1,29.075998072222358,29.075998072222358,29.075998072222358,29.075998072222358
128.09999999999701,0.10000000000000001,1281,310.02765348014202,1,29.079142912785155,29.079142912785155,29.079142912785155,29.079142912785155
128.199999999997,0.10000000000000001,1282,310.02751090793851,1,29.08243175902675,29.08243175902675,29.08243175902675,29.08243175902675
128.299999999997,0.10000000000000001,1283,310.0273746570312,1,29.085943955519021,29.085943955519021,29.085943955519021,29.085943955519021
128.39999999999699,0.10000000000000001,1284,310.02724502777522,1,29.089757020489433,29.089757020489433,29.089757020489433,29.089757020489433
128.49999999999699,0.10000000000000001,1285,310.02712244874169,1,29.093824721273812,29.093824721273812,29.093824721273812,29.093824721273812
128.59999999999698,0.10000000000000001,1286,310.02700727241017,1,29.09796125433779,29.09796125433779,29.09796125433779,29.09796125433779
128.69999999999698,0.10000000000000001,1287,310.02689954343299,1,29.102175081477355,29.102175081477355,29.102175081477355,29.102175081477355
128.79999999999697,0.10000000000000001,1288,310.02679932346717,1,29.106467897268605,29.106467897268605,29.106467897268605,29.106467897268605
128.89999999999696,0.10000000000000001,1289,310.02670667927242,1,29.110678106274349,29.110678106274349,29.110678106274349,29.110678106274349
128.99999999999696,0.10000000000000001,1290,310.0266214179149,1,29.114650039620251,29.114650039620251,29.114650039620251,29.114650039620251
129.09999999999695,0.10000000000000001,1291,310.0265431034889,1,29.118507280659511,29.118507280659511,29.118507280659511,29.118507280659511
129.19999999999695,0.10000000000000001,1292,310.02647151177342,1,29.12226647699779,29.12226647699779,29.12226647699779,29.12226647699779
129.29999999999694,0.10000000000000001,1293,310.02640644901732,1,29.125981344988535,29.125981344988535,29.125981344988535,29.125981344988535
129.39999999999694,0.10000000000000001,1294,310.02634780914292,1,29.129674696884983,29.129674696884983,29.129674696884983,29.129674696884983
129.49999999999693,0.10000000000000001,1295,310.02629551393119,1,29.133337876023319,29.133337876023319,29.133337876023319,29.133337876023319
129.59999999999692,0.10000000000000001,1296,310.02624946852563,1,29.137055602360618,29.137055602360618,29.137055602360618,29.137055602360618
129.69999999999692,0.10000000000000001,1297,310.02620972226163,1,29.141489150048336,29.141489150048336,29.141489150048336,29.141489150048336
129.79999999999691,0.10000000000000001,1298,310.02617740877542,1,29.145971893146079,29.145971893146079,29.145971893146079,29.145971893146079
129.89999999999691,0.10000000000000001,1299,310.02615252718937,1,29.1504735700594,29.1504735700594,29.1504735700594,29.1504735700594
129.9999999999969,0.10000000000000001,1300,310.02613501296838,1,29.154990890638281,29.154990890638281,29.154990890638281,29.154990890638281
130.0999999999969,0.10000000000000001,1301,310.02612480181347,1,29.159522753068963,29.159522753068963,29.159522753068963,29.159522753068963
130.19999999999689,0.10000000000000001,1302,310.02612183561058,1,29.16408080171983,29.16408080171983,29.16408080171983,29.16408080171983
130.29999999999688,0.10000000000000001,1303,310.02612607698768,1,29.16870440894342,29.16870440894342,29.16870440894342,29.16870440894342
130.39999999999688,0.10000000000000001,1304,310.0261375576045,1,29.173445027937394,29.173445027937394,29.173445027937394,29.173445027937394
130.49999999999687,0.10000000000000001,1305,310.02615639611042,1,29.178336408725933,29.178336408725933,29.178336408725933,29.178336408725933
130.59999999999687,0.10000000000000001,1306,310.02618276536555,1,29.183355743669097,29.183355743669097,29.183355743669097,29.183355743669097
130.69999999999686,0.10000000000000001,1307,310.02621680170017,1,29.188503093533701,29.188503093533701,29.188503093533701,29.188503093533701
130.79999999999686,0.10000000000000001,1308,310.02625864614862,1,29.193789030440836,29.193789030440836,29.193789030440836,29.193789030440836
130.89999999999685,0.10000000000000001,1309,310.0263084611683,1,29.198905723584907,29.198905723584907,29.198905723584907,29.198905723584907
130.99999999999685,0.10000000000000001,1310,310.02636589820679,1,29.204014263987091,29.204014263987091,29.204014263987091,29.204014263987091
131.09999999999684,0.10000000000000001,1311,310.02643087542191,1,29.209159191986572,29.209159191986572,29.209159191986572,29.209159191986572
131.19999999999683,0.10000000000000001,1312,310.02650338251567,1,29.214414475489235,29.214414475489235,29.214414475489235,29.214414475489235
131.29999999999683,0.10000000000000001,1313,310.02658353031097,1,29.219714532074846,29.219714532074846,29.219714532074846,29.219714532074846
131.39999999999682,0.10000000000000001,1314,310.02667131722268,1,29.225212717427464,29.225212717427464,29.225212717427464,29.225212717427464
131.49999999999682,0.10000000000000001,1315,310.02676699748412,1,29.231105658495789,29.231105658495789,29.231105658495789,29.231105658495789
131.59999999999681,0.10000000000000001,1316,310.02687114734783,1,29.237139027305801,29.237139027305801,29.237139027305801,29.237139027305801
131.69999999999681,0.10000000000000001,1317,310.02698394045888,1,29.243426515454431,29.243426515454431,29.243426515454431,29.243426515454431
131.7999999999968,0.10000000000000001,1318,310.02710567797249,1,29.249846369694069,29.249846369694069,29.249846369694069,29.249846369694069
131.89999999999679,0.10000000000000001,1319,310.02723648849928,1,29.256485402616196,29.256485402616196,29.256485402616196,29.256485402616196
131.99999999999679,0.10000000000000001,1320,310.02737664759127,1,29.263455577687974,29.263455577687974,29.263455577687974,29.263455577687974
132.09999999999678,0.10000000000000001,1321,310.02752661695718,1,29.270706470524743,29.270706470524743,29.270706470524743,29.270706470524743
132.19999999999678,0.10000000000000001,1322,310.02768677637323,1,29.278044102786119,29.278044102786119,29.278044102786119,29.278044102786119
132.29999999999677,0.10000000000000001,1323,310.02785718090632,1,29.285480669131182,29.285480669131182,29.285480669131182,29.285480669131182
132.39999999999677,0.10000000000000001,1324,310.02803789568861,1,29.292994106886088,29.292994106886088,29.292994106886088,29.292994106886088
132.49999999999676,0.10000000000000001,1325,310.02822897496259,1,29.300623352297283,29.300623352297283,29.300623352297283,29.300623352297283
132.59999999999675,0.10000000000000001,1326,310.02843048355965,1,29.308295802085741,29.308295802085741,29.308295802085741,29.308295802085741
132.69999999999675,0.10000000000000001,1327,310.02864239164376,1,29.315965456309744,29.315965456309744,29.315965456309744,29.315965456309744
132.79999999999674,0.10000000000000001,1328,310.02886459689773,1,29.323625275301563,29.323625275301563,29.323625275301563,29.323625275301563
132.89999999999674,0.10000000000000001,1329,310.02909699369496,1,29.331265266828272,29.331265266828272,29.331265266828272,29.331265266828272
132.99999999999673,0.10000000000000001,1330,310.02933946563184,1,29.338891575420195,29.338891575420195,29.338891575420195,29.338891575420195
133.09999999999673,0.10000000000000001,1331,310.02959190769815,1,29.346497523344325,29.346497523344325,29.346497523344325,29.346497523344325
133.19999999999672,0.10000000000000001,1332,310.02985420848279,1,29.354100864566139,29.354100864566139,29.354100864566139,29.354100864566139
133.29999999999671,0.10000000000000001,1333,310.03012629378895,1,29.361489420212642,29.361489420212642,29.361489420212642,29.361489420212642
133.39999999999671,0.10000000000000001,1334,310.03040774783835,1,29.368902348341869,29.368902348341869,29.368902348341869,29.368902348341869
133.4999999999967,0.10000000000000001,1335,310.03069855793251,1,29.376350353871327,29.376350353871327,29.376350353871327,29.376350353871327
133.5999999999967,0.10000000000000001,1336,310.03099872342807,1,29.383878503641036,29.383878503641036,29.383878503641036,29.383878503641036
133.69999999999669,0.10000000000000001,1337,310.03130832718756,1,29.391483141940501,29.391483141940501,29.391483141940501,29.391483141940501
133.79999999999669,0.10000000000000001,1338,310.03162744117725,1,29.399144858736332,29.399144858736332,29.399144858736332,29.399144858736332
133.89999999999668,0.10000000000000001,1339,310.03195609726492,1,29.406906724692224,29.406906724692224,29.406906724692224,29.406906724692224
133.99999999999667,0.10000000000000001,1340,310.03229439414537,1,29.414757282842825,29.414757282842825,29.414757282842825,29.414757282842825
134.09999999999667,0.10000000000000001,1341,310.03264240219528,1,29.422693232838977,29.422693232838977,29.422693232838977,29.422693232838977
134.19999999999666,0.10000000000000001,1342,310.03300017109996,1,29.430694618729653,29.430694618729653,29.430694618729653,29.430694618729653
134.29999999999666,0.10000000000000001,1343,310.03336771137549,1,29.438678150414788,29.438678150414788,29.438678150414788,29.438678150414788
134.39999999999665,0.10000000000000001,1344,310.03374489622189,1,29.446539324595946,29.446539324595946,29.446539324595946,29.446539324595946
134.49999999999665,0.10000000000000001,1345,310.03413143632446,1,29.454192334077629,29.454192334077629,29.454192334077629,29.454192334077629
134.59999999999664,0.10000000000000001,1346,310.03452690798713,1,29.461739105310659,29.461739105310659,29.461739105310659,29.461739105310659
134.69999999999663,0.10000000000000001,1347,310.03493106071335,1,29.469229244698834,29.469229244698834,29.469229244698834,29.469229244698834
134.79999999999663,0.10000000000000001,1348,310.03534372774391,1,29.476712334565619,29.476712334565619,29.476712334565619,29.476712334565619
134.89999999999662,0.10000000000000001,1349,310.03576482467287,1,29.48415237127082,29.48415237127082,29.48415237127082,29.48415237127082
134.99999999999662,0.10000000000000001,1350,310.0361942070092,1,29.491681089613227,29.491681089613227,29.491681089613227,29.491681089613227
135.09999999999661,0.10000000000000001,1351,310.03663195365112,1,29.499533282125117,29.499533282125117,29.499533282125117,29.499533282125117
135.19999999999661,0.10000000000000001,1352,310.03707854876058,1,29.507428785826999,29.507428785826999,29.507428785826999,29.507428785826999
135.2999999999966,0.10000000000000001,1353,310.03753402042025,1,29.515315247024034,29.515315247024034,29.515315247024034,29.515315247024034
135.3999999999966,0.10000000000000001,1354,310.03799832031757,1,29.523238250846333,29.523238250846333,29.523238250846333,29.523238250846333
135.49999999999659,0.10000000000000001,1355,310.03847148232859,1,29.531213355370099,29.531213355370099,29.531213355370099,29.531213355370099
135.59999999999658,0.10000000000000001,1356,310.03895356009923,1,29.539238895571692,29.539238895571692,29.539238895571692,29.539238895571692
135.69999999999658,0.10000000000000001,1357,310.03944460226194,1,29.547310178550429,29.547310178550429,29.547310178550429,29.547310178550429
135.79999999999657,0.10000000000000001,1358,310.03994463946208,1,29.555433314995202,29.555433314995202,29.555433314995202,29.555433314995202
135.89999999999657,0.10000000000000001,1359,310.04045370975405,1,29.563602177658943,29.563602177658943,29.563602177658943,29.563602177658943
135.99999999999656,0.10000000000000001,1360,310.04097183169711,1,29.57179870734776,29.57179870734776,29.57179870734776,29.57179870734776
136.09999999999656,0.10000000000000001,1361,310.04149898942012,1,29.580053702184937,29.580053702184937,29.580053702184937,29.580053702184937
136.19999999999655,0.10000000000000001,1362,310.04203521538352,1,29.588353940521262,29.588353940521262,29.588353940521262,29.588353940521262
136.29999999999654,0.10000000000000001,1363,310.04258051941969,1,29.596484493732788,29.596484493732788,29.596484493732788,29.596484493732788
136.39999999999654,0.10000000000000001,1364,310.04313455487937,1,29.604531286809991,29.604531286809991,29.604531286809991,29.604531286809991
136.49999999999653,0.10000000000000001,1365,310.04369711954428,1,29.612504839917161,29.612504839917161,29.612504839917161,29.612504839917161
136.59999999999653,0.10000000000000001,1366,310.04426803049881,1,29.6204460358049,29.6204460358049,29.6204460358049,29.6204460358049
136.69999999999652,0.10000000000000001,1367,310.04484717518557,1,29.628323312641292,29.628323312641292,29.628323312641292,29.628323312641292
136.79999999999652,0.10000000000000001,1368,310.04543438969353,1,29.636208395132257,29.636208395132257,29.636208395132257,29.636208395132257
136.89999999999651,0.10000000000000001,1369,310.04602963273277,1,29.644120734661204,29.644120734661204,29.644120734661204,29.644120734661204
136.9999999999965,0.10000000000000001,1370,310.04663289892829,1,29.652075583073117,29.652075583073117,29.652075583073117,29.652075583073117
137.0999999999965,0.10000000000000001,1371,310.04724420542368,1,29.660120210032119,29.660120210032119,29.660120210032119,29.660120210032119
137.19999999999649,0.10000000000000001,1372,310.04786364668945,1,29.668187452343332,29.668187452343332,29.668187452343332,29.668187452343332
137.29999999999649,0.10000000000000001,1373,310.04849120808035,1,29.676347151219694,29.676347151219694,29.676347151219694,29.676347151219694
137.39999999999648,0.10000000000000001,1374,310.04912699363825,1,29.684681159906557,29.684681159906557,29.684681159906557,29.684681159906557
137.49999999999648,0.10000000000000001,1375,310.04977124222415,1,29.693183604866849,29.693183604866849,29.693183604866849,29.693183604866849
137.59999999999647,0.10000000000000001,1376,310.05042418194574,1,29.701698901395314,29.701698901395314,29.701698901395314,29.701698901395314
137.69999999999646,0.10000000000000001,1377,310.05108578730909,1,29.710203238345667,29.710203238345667,29.710203238345667,29.710203238345667
137.79999999999646,0.10000000000000001,1378,310.05175600420375,1,29.71872724630629,29.71872724630629,29.71872724630629,29.71872724630629
137.89999999999645,0.10000000000000001,1379,310.05243483411272,1,29.72739518985053,29.72739518985053,29.72739518985053,29.72739518985053
137.99999999999645,0.10000000000000001,1380,310.05312248153467,1,29.73626412350178,29.73626412350178,29.73626412350178,29.73626412350178
138.09999999999644,0.10000000000000001,1381,310.05381923404087,1,29.745200193400478,29.745200193400478,29.745200193400478,29.745200193400478
138.19999999999644,0.10000000000000001,1382,310.05452514886406,1,29.754206083288388,29.754206083288388,29.754206083288388,29.754206083288388
138.29999999999643,0.10000000000000001,1383,310.05524028384013,1,29.76323491957778,29.76323491957778,29.76323491957778,29.76323491957778
138.39999999999642,0.10000000000000001,1384,310.05596461195427,1,29.772362671840405,29.772362671840405,29.772362671840405,29.772362671840405
138.49999999999642,0.10000000000000001,1385,310.05669820882451,1,29.781531676024898,29.781531676024898,29.781531676024898,29.781531676024898
138.59999999999641,0.10000000000000001,1386,310.05744104545403,1,29.790744614573267,29.790744614573267,29.790744614573267,29.790744614573267
138.69999999999641,0.10000000000000001,1387,310.05819310539135,1,29.799666399547064,29.799666399547064,29.799666399547064,29.799666399547064
138.7999999999964,0.10000000000000001,1388,310.05895382700584,1,29.808600227554486,29.808600227554486,29.808600227554486,29.808600227554486
138.8999999999964,0.10000000000000001,1389,310.05972314059943,1,29.817581064921203,29.817581064921203,29.817581064921203,29.817581064921203
138.99999999999639,0.10000000000000001,1390,310.060501028055,1,29.826607277968019,29.826607277968019,29.826607277968019,29.826607277968019
139.09999999999638,0.10000000000000001,1391,310.06128747122909,1,29.835646536042955,29.835646536042955,29.835646536042955,29.835646536042955
139.19999999999638,0.10000000000000001,1392,310.06208240510711,1,29.844697288764515,29.844697288764515,29.844697288764515,29.844697288764515
139.29999999999637,0.10000000000000001,1393,310.06288576500822,1,29.853845667920861,29.853845667920861,29.853845667920861,29.853845667920861
139.39999999999637,0.10000000000000001,1394,310.06369763143471,1,29.863079465307642,29.863079465307642,29.863079465307642,29.863079465307642
139.49999999999636,0.10000000000000001,1395,310.06451807590116,1,29.872336592439467,29.872336592439467,29.872336592439467,29.872336592439467
139.59999999999636,0.10000000000000001,1396,310.06534709121456,1,29.88158550104842,29.88158550104842,29.88158550104842,29.88158550104842
139.69999999999635,0.10000000000000001,1397,310.06618463075949,1,29.890772245259427,29.890772245259427,29.890772245259427,29.890772245259427
139.79999999999634,0.10000000000000001,1398,310.06703056969428,1,29.899966169859553,29.899966169859553,29.899966169859553,29.899966169859553
139.89999999999634,0.10000000000000001,1399,310.06788489811731,1,29.90900101625688,29.90900101625688,29.90900101625688,29.90900101625688
139.99999999999633,0.10000000000000001,1400,310.06874732424933,1,29.917956980927823,29.917956980927823,29.917956980927823,29.917956980927823
140.09999999999633,0.10000000000000001,1401,310.06961768721959,1,29.926833934494695,29.926833934494695,29.926833934494695,29.926833934494695
140.19999999999632,0.10000000000000001,1402,310.07049582532892,1,29.93567475736489,29.93567475736489,29.93567475736489,29.93567475736489
140.29999999999632,0.10000000000000001,1403,310.07138164884759,1,29.944448118922065,29.944448118922065,29.944448118922065,29.944448118922065
140.39999999999631,0.10000000000000001,1404,310.07227501568514,1,29.953228650640384,29.953228650640384,29.953228650640384,29.953228650640384
140.49999999999631,0.10000000000000001,1405,310.07317590987503,1,29.961860146583081,29.961860146583081,29.961860146583081,29.961860146583081
140.5999999999963,0.10000000000000001,1406,310.07408406119401,1,29.970438220324336,29.970438220324336,29.970438220324336,29.970438220324336
140.69999999999629,0.10000000000000001,1407,310.0749993616306,1,29.979039191577112,29.979039191577112,29.979039191577112,29.979039191577112
140.79999999999629,0.10000000000000001,1408,310.07592183137535,1,29.987616042591135,29.987616042591135,29.987616042591135,29.987616042591135
140.89999999999628,0.10000000000000001,1409,310.07685141168434,1,29.996242323246147,29.996242323246147,29.996242323246147,29.996242323246147
140.99999999999628,0.10000000000000001,1410,310.07778816598483,1,30.00495131822132,30.00495131822132,30.00495131822132,30.00495131822132
141.09999999999627,0.10000000000000001,1411,310.07873221298541,1,30.013680380650371,30.013680380650371,30.013680380650371,30.013680380650371
141.19999999999627,0.10000000000000001,1412,310.0796835698971,1,30.022259184340463,30.022259184340463,30.022259184340463,30.022259184340463
141.29999999999626,0.10000000000000001,1413,310.08064197782574,1,30.030654901489342,30.030654901489342,30.030654901489342,30.030654901489342
141.39999999999625,0.10000000000000001,1414,310.08160713235065,1,30.039077410280701,30.039077410280701,30.039077410280701,30.039077410280701
141.49999999999625,0.10000000000000001,1415,310.08257907643883,1,30.047564651991923,30.047564651991923,30.047564651991923,30.047564651991923
141.59999999999624,0.10000000000000001,1416,310.08355790932518,1,30.056075622945766,30.056075622945766,30.056075622945766,30.056075622945766
141.69999999999624,0.10000000000000001,1417,310.08454365728312,1,30.064609751290146,30.064609751290146,30.064609751290146,30.064609751290146
141.79999999999623,0.10000000000000001,1418,310.08553634289393,1,30.073173752429074,30.073173752429074,30.073173752429074,30.073173752429074
141.89999999999623,0.10000000000000001,1419,310.08653599289892,1,30.081764589139382,30.081764589139382,30.081764589139382,30.081764589139382
141.99999999999622,0.10000000000000001,1420,310.08754262142378,1,30.090423423051607,30.090423423051607,30.090423423051607,30.090423423051607
142.09999999999621,0.10000000000000001,1421,310.08855629646797,1,30.099165149565383,30.099165149565383,30.099165149565383,30.099165149565383
142.19999999999621,0.10000000000000001,1422,310.08957710054659,1,30.107938191845715,30.107938191845715,30.107938191845715,30.107938191845715
142.2999999999962,0.10000000000000001,1423,310.09060502790635,1,30.118049563713832,30.118049563713832,30.118049563713832,30.118049563713832
142.3999999999962,0.10000000000000001,1424,310.09164221460412,1,30.128363742361859,30.128363742361859,30.128363742361859,30.128363742361859
142.49999999999619,0.10000000000000001,1425,310.09268886966453,1,30.138722016030297,30.138722016030297,30.138722016030297,30.138722016030297
142.59999999999619,0.10000000000000001,1426,310.09374494441857,1,30.149118437985798,30.149118437985798,30.149118437985798,30.149118437985798
142.69999999999618,0.10000000000000001,1427,310.09481039286328,1,30.159521751625046,30.159521751625046,30.159521751625046,30.159521751625046
142.79999999999617,0.10000000000000001,1428,310.09588512765674,1,30.169871263402648,30.169871263402648,30.169871263402648,30.169871263402648
142.89999999999617,0.10000000000000001,1429,310.09696897040982,1,30.180234156017811,30.180234156017811,30.180234156017811,30.180234156017811
142.99999999999616,0.10000000000000001,1430,310.09806186207317,1,30.190562669060078,30.190562669060078,30.190562669060078,30.190562669060078
143.09999999999616,0.10000000000000001,1431,310.09916367602176,1,30.200660043552347,30.200660043552347,30.200660043552347,30.200660043552347
143.19999999999615,0.10000000000000001,1432,310.10027398033435,1,30.210738364614357,30.210738364614357,30.210738364614357,30.210738364614357
143.29999999999615,0.10000000000000001,1433,310.10139270722868,1,30.220777643616778,30.220777643616778,30.220777643616778,30.220777643616778
143.39999999999614,0.10000000000000001,1434,310.10251975859433,1,30.230795070415684,30.230795070415684,30.230795070415684,30.230795070415684
143.49999999999613,0.10000000000000001,1435,310.10365506385517,1,30.240554180266145,30.240554180266145,30.240554180266145,30.240554180266145
143.59999999999613,0.10000000000000001,1436,310.10479815814045,1,30.250183945265061,30.250183945265061,30.250183945265061,30.250183945265061
143.69999999999612,0.10000000000000001,1437,310.10594879293052,1,30.259676409551506,30.259676409551506,30.259676409551506,30.259676409551506
143.79999999999612,0.10000000000000001,1438,310.10710670828621,1,30.269106148573833,30.269106148573833,30.269106148573833,30.269106148573833
143.89999999999611,0.10000000000000001,1439,310.10827177074793,1,30.278444211343068,30.278444211343068,30.278444211343068,30.278444211343068
143.99999999999611,0.10000000000000001,1440,310.10944379868164,1,30.28785628287379,30.28785628287379,30.28785628287379,30.28785628287379
144.0999999999961,0.10000000000000001,1441,310.1106228888994,1,30.298920871400732,30.298920871400732,30.298920871400732,30.298920871400732
144.19999999999609,0.10000000000000001,1442,310.1118117347105,1,30.31006671669083,30.31006671669083,30.31006671669083,30.31006671669083
144.29999999999609,0.10000000000000001,1443,310.11301038168915,1,30.321189059456906,30.321189059456906,30.321189059456906,30.321189059456906
144.39999999999608,0.10000000000000001,1444,310.11421870610587,1,30.332282192883941,30.332282192883941,30.332282192883941,30.332282192883941
144.49999999999608,0.10000000000000001,1445,310.11543658917856,1,30.343393252550936,30.343393252550936,30.343393252550936,30.343393252550936
144.59999999999607,0.10000000000000001,1446,310.11666400044527,1,30.354557491054805,30.354557491054805,30.354557491054805,30.354557491054805
144.69999999999607,0.10000000000000001,1447,310.1179009700657,1,30.365795506523579,30.365795506523579,30.365795506523579,30.365795506523579
144.79999999999606,0.10000000000000001,1448,310.11914756833499,1,30.377058445702612,30.377058445702612,30.377058445702612,30.377058445702612
144.89999999999606,0.10000000000000001,1449,310.12040379320183,1,30.388346771917966,30.388346771917966,30.388346771917966,30.388346771917966
144.99999999999605,0.10000000000000001,1450,310.12166965069537,1,30.399634551665855,30.399634551665855,30.399634551665855,30.399634551665855
145.09999999999604,0.10000000000000001,1451,310.1229451051463,1,30.411129225653884,30.411129225653884,30.411129225653884,30.411129225653884
145.19999999999604,0.10000000000000001,1452,310.12423046140663,1,30.422824304538299,30.422824304538299,30.422824304538299,30.422824304538299
145.29999999999603,0.10000000000000001,1453,310.12552600210955,1,30.434587667568838,30.434587667568838,30.434587667568838,30.434587667568838
145.39999999999603,0.10000000000000001,1454,310.12683178488356,1,30.44641223440917,30.44641223440917,30.44641223440917,30.44641223440917
145.49999999999602,0.10000000000000001,1455,310.1281478493454,1,30.458250271118661,30.458250271118661,30.458250271118661,30.458250271118661
145.59999999999602,0.10000000000000001,1456,310.12947414970273,1,30.470172310678869,30.470172310678869,30.470172310678869,30.470172310678869
145.69999999999601,0.10000000000000001,1457,310.13081074002173,1,30.482215025856082,30.482215025856082,30.482215025856082,30.482215025856082
145.799999999996,0.10000000000000001,1458,310.1321577233785,1,30.494196493632391,30.494196493632391,30.494196493632391,30.494196493632391
145.899999999996,0.10000000000000001,1459,310.13351490528885,1,30.507242144574505,30.507242144574505,30.507242144574505,30.507242144574505
145.99999999999599,0.10000000000000001,1460,310.13488394636784,1,30.520490041777446,30.520490041777446,30.520490041777446,30.520490041777446
146.09999999999599,0.10000000000000001,1461,310.13626504725283,1,30.53367076432194,30.53367076432194,30.53367076432194,30.53367076432194
146.19999999999598,0.10000000000000001,1462,310.13765798973964,1,30.546752521403516,30.546752521403516,30.546752521403516,30.546752521403516
146.29999999999598,0.10000000000000001,1463,310.13906252399153,1,30.559885465306017,30.559885465306017,30.559885465306017,30.559885465306017
146.39999999999597,0.10000000000000001,1464,310.14047865828076,1,30.573117343153957,30.573117343153957,30.573117343153957,30.573117343153957
146.49999999999596,0.10000000000000001,1465,310.1419064861438,1,30.586347493343389,30.586347493343389,30.586347493343389,30.586347493343389
146.59999999999596,0.10000000000000001,1466,310.1433459408845,1,30.599670190491871,30.599670190491871,30.599670190491871,30.599670190491871
146.69999999999595,0.10000000000000001,1467,310.14479712225818,1,30.613038321601046,30.613038321601046,30.613038321601046,30.613038321601046
146.79999999999595,0.10000000000000001,1468,310.14626005486491,1,30.626448286069266,30.626448286069266,30.626448286069266,30.626448286069266
146.89999999999594,0.10000000000000001,1469,310.14773475993576,1,30.639942483447822,30.639942483447822,30.639942483447822,30.639942483447822
146.99999999999594,0.10000000000000001,1470,310.14922133004666,1,30.653441360971659,30.653441360971659,30.653441360971659,30.653441360971659
147.09999999999593,0.10000000000000001,1471,310.15071972140134,1,30.66694406504082,30.66694406504082,30.66694406504082,30.66694406504082
147.19999999999592,0.10000000000000001,1472,310.15222988688708,1,30.680449398064162,30.680449398064162,30.680449398064162,30.680449398064162
147.29999999999592,0.10000000000000001,1473,310.15375176221033,1,30.693955003706634,30.693955003706634,30.693955003706634,30.693955003706634
147.39999999999591,0.10000000000000001,1474,310.1552852713387,1,30.707476334868524,30.707476334868524,30.707476334868524,30.707476334868524
147.49999999999591,0.10000000000000001,1475,310.15683036529407,1,30.721101268782046,30.721101268782046,30.721101268782046,30.721101268782046
147.5999999999959,0.10000000000000001,1476,310.15838712965632,1,30.734713301803964,30.734713301803964,30.734713301803964,30.734713301803964
147.6999999999959,0.10000000000000001,1477,310.1599554461859,1,30.751840917650593,30.751840917650593,30.751840917650593,30.751840917650593
147.79999999999589,0.10000000000000001,1478,310.16154099420294,1,30.769388650687461,30.769388650687461,30.769388650687461,30.769388650687461
147.89999999999588,0.10000000000000001,1479,310.16314422406776,1,30.786830794143992,30.786830794143992,30.786830794143992,30.786830794143992
147.99999999999588,0.10000000000000001,1480,310.16476472186412,1,30.804155997035998,30.804155997035998,30.804155997035998,30.804155997035998
148.09999999999587,0.10000000000000001,1481,310.16640209317228,1,30.82146253719921,30.82146253719921,30.82146253719921,30.82146253719921
148.19999999999587,0.10000000000000001,1482,310.16805613798931,1,30.838742152037025,30.838742152037025,30.838742152037025,30.838742152037025
148.29999999999586,0.10000000000000001,1483,310.16972665935776,1,30.855857967513582,30.855857967513582,30.855857967513582,30.855857967513582
148.39999999999586,0.10000000000000001,1484,310.17141326130866,1,30.87306903098883,30.87306903098883,30.87306903098883,30.87306903098883
148.49999999999585,0.10000000000000001,1485,310.17311601112652,1,30.890266451652558,30.890266451652558,30.890266451652558,30.890266451652558
148.59999999999584,0.10000000000000001,1486,310.17483481218977,1,30.907496019125944,30.907496019125944,30.907496019125944,30.907496019125944
148.69999999999584,0.10000000000000001,1487,310.17656965020154,1,30.924991451652211,30.924991451652211,30.924991451652211,30.924991451652211
148.79999999999583,0.10000000000000001,1488,310.17832089656162,1,30.942659253612362,30.942659253612362,30.942659253612362,30.942659253612362
148.89999999999583,0.10000000000000001,1489,310.18008875666703,1,30.960147278522456,30.960147278522456,30.960147278522456,30.960147278522456
148.99999999999582,0.10000000000000001,1490,310.18187284759216,1,30.977579599347639,30.977579599347639,30.977579599347639,30.977579599347639
149.09999999999582,0.10000000000000001,1491,310.18367298473231,1,30.994923139642953,30.994923139642953,30.994923139642953,30.994923139642953
149.19999999999581,0.10000000000000001,1492,310.18548892250891,1,31.012314695409078,31.012314695409078,31.012314695409078,31.012314695409078
149.2999999999958,0.10000000000000001,1493,310.18732062099178,1,31.029846387799868,31.029846387799868,31.029846387799868,31.029846387799868
149.3999999999958,0.10000000000000001,1494,310.18916817507244,1,31.047227485889159,31.047227485889159,31.047227485889159,31.047227485889159
149.49999999999579,0.10000000000000001,1495,310.1910312024051,1,31.064826321923082,31.064826321923082,31.064826321923082,31.064826321923082
149.59999999999579,0.10000000000000001,1496,310.19290994482481,1,31.082758081914506,31.082758081914506,31.082758081914506,31.082758081914506
149.69999999999578,0.10000000000000001,1497,310.1948048157538,1,31.100737816754425,31.100737816754425,31.100737816754425,31.100737816754425
149.79999999999578,0.10000000000000001,1498,310.19671576287067,1,31.118723112430473,31.118723112430473,31.118723112430473,31.118723112430473
149.89999999999577,0.10000000000000001,1499,310.19864267483678,1,31.136765692730929,31.136765692730929,31.136765692730929,31.136765692730929
149.99999999999577,0.10000000000000001,1500,310.20058553474246,1,31.15474659621292,31.15474659621292,31.15474659621292,31.15474659621292
150.09999999999576,0.10000000000000001,1501,310.20254414220375,1,31.172911672324791,31.172911672324791,31.172911672324791,31.172911672324791
150.19999999999575,0.10000000000000001,1502,310.20451871300395,1,31.191226526680889,31.191226526680889,31.191226526680889,31.191226526680889
150.29999999999575,0.10000000000000001,1503,310.2065094123696,1,31.209267960279295,31.209267960279295,31.209267960279295,31.209267960279295
150.39999999999574,0.10000000000000001,1504,310.20851572277792,1,31.227219969379526,31.227219969379526,31.227219969379526,31.227219969379526
150.49999999999574,0.10000000000000001,1505,310.21053745469612,1,31.245106862456861,31.245106862456861,31.245106862456861,31.245106862456861
150.59999999999573,0.10000000000000001,1506,310.21257446677583,1,31.262950841639846,31.262950841639846,31.262950841639846,31.262950841639846
150.69999999999573,0.10000000000000001,1507,310.21462665145492,1,31.280539634857472,31.280539634857472,31.280539634857472,31.280539634857472
150.79999999999572,0.10000000000000001,1508,310.21669354503706,1,31.297991891933233,31.297991891933233,31.297991891933233,31.297991891933233
150.89999999999571,0.10000000000000001,1509,310.21877485427615,1,31.315268769148322,31.315268769148322,31.315268769148322,31.315268769148322
150.99999999999571,0.10000000000000001,1510,310.22087020421952,1,31.3325350072266,31.3325350072266,31.3325350072266,31.3325350072266
151.0999999999957,0.10000000000000001,1511,310.22297948813241,1,31.34977659359323,31.34977659359323,31.34977659359323,31.34977659359323
151.1999999999957,0.10000000000000001,1512,310.22510254618021,1,31.367012979260469,31.367012979260469,31.367012979260469,31.367012979260469
151.29999999999569,0.10000000000000001,1513,310.22723922225634,1,31.384877153787883,31.384877153787883,31.384877153787883,31.384877153787883
151.39999999999569,0.10000000000000001,1514,310.22939040113789,1,31.402769374350111,31.402769374350111,31.402769374350111,31.402769374350111
151.49999999999568,0.10000000000000001,1515,310.23155600089029,1,31.420653959922401,31.420653959922401,31.420653959922401,31.420653959922401
151.59999999999567,0.10000000000000001,1516,310.2337359516842,1,31.438546131141411,31.438546131141411,31.438546131141411,31.438546131141411
151.69999999999567,0.10000000000000001,1517,310.23593021310711,1,31.456439298110087,31.456439298110087,31.456439298110087,31.456439298110087
151.79999999999566,0.10000000000000001,1518,310.23813873252368,1,31.474351076564389,31.474351076564389,31.474351076564389,31.474351076564389
151.89999999999566,0.10000000000000001,1519,310.24036150267204,1,31.492267671150707,31.492267671150707,31.492267671150707,31.492267671150707
151.99999999999565,0.10000000000000001,1520,310.24259849907133,1,31.510211645273834,31.510211645273834,31.510211645273834,31.510211645273834
152.09999999999565,0.10000000000000001,1521,310.24484972743983,1,31.52808478144733,31.52808478144733,31.52808478144733,31.52808478144733
152.19999999999564,0.10000000000000001,1522,310.24711502945706,1,31.545895146633221,31.545895146633221,31.545895146633221,31.545895146633221
152.29999999999563,0.10000000000000001,1523,310.24939426016374,1,31.563559773361426,31.563559773361426,31.563559773361426,31.563559773361426
152.39999999999563,0.10000000000000001,1524,310.25168714008316,1,31.581136227627461,31.581136227627461,31.581136227627461,31.581136227627461
152.49999999999562,0.10000000000000001,1525,310.25399348920945,1,31.59831957680511,31.59831957680511,31.59831957680511,31.59831957680511
152.59999999999562,0.10000000000000001,1526,310.25631261306853,1,31.615342020286395,31.615342020286395,31.615342020286395,31.615342020286395
152.69999999999561,0.10000000000000001,1527,310.25864415320524,1,31.632233793157095,31.632233793157095,31.632233793157095,31.632233793157095
152.79999999999561,0.10000000000000001,1528,310.26098778649225,1,31.649044238017197,31.649044238017197,31.649044238017197,31.649044238017197
152.8999999999956,0.10000000000000001,1529,310.26334327261213,1,31.665800696436385,31.665800696436385,31.665800696436385,31.665800696436385
152.99999999999559,0.10000000000000001,1530,310.26571038874926,1,31.682450066176468,31.682450066176468,31.682450066176468,31.682450066176468
153.09999999999559,0.10000000000000001,1531,310.26808879040379,1,31.697909719601022,31.697909719601022,31.697909719601022,31.697909719601022
153.19999999999558,0.10000000000000001,1532,310.27047638797103,1,31.713356298360868,31.713356298360868,31.713356298360868,31.713356298360868
153.29999999999558,0.10000000000000001,1533,310.27287313361967,1,31.728636906516851,31.728636906516851,31.728636906516851,31.728636906516851
153.39999999999557,0.10000000000000001,1534,310.27527881010843,1,31.743828234477942,31.743828234477942,31.743828234477942,31.743828234477942
153.49999999999557,0.10000000000000001,1535,310.2776933279842,1,31.758988000175144,31.758988000175144,31.758988000175144,31.758988000175144
153.59999999999556,0.10000000000000001,1536,310.28011667935499,1,31.774088715204254,31.774088715204254,31.774088715204254,31.774088715204254
153.69999999999555,0.10000000000000001,1537,310.28254882351155,1,31.789123151695104,31.789123151695104,31.789123151695104,31.789123151695104
153.79999999999555,0.10000000000000001,1538,310.28498971076067,1,31.804165726997518,31.804165726997518,31.804165726997518,31.804165726997518
153.89999999999554,0.10000000000000001,1539,310.28743940135524,1,31.819062427971055,31.819062427971055,31.819062427971055,31.819062427971055
153.99999999999554,0.10000000000000001,1540,310.28989769196522,1,31.833855093106621,31.833855093106621,31.833855093106621,31.833855093106621
154.09999999999553,0.10000000000000001,1541,310.29236444880377,1,31.848527042708284,31.848527042708284,31.848527042708284,31.848527042708284
154.19999999999553,0.10000000000000001,1542,310.29483951038333,1,31.863042853858556,31.863042853858556,31.863042853858556,31.863042853858556
154.29999999999552,0.10000000000000001,1543,310.29732265384371,1,31.877093032196068,31.877093032196068,31.877093032196068,31.877093032196068
154.39999999999552,0.10000000000000001,1544,310.29981312546641,1,31.890925984360184,31.890925984360184,31.890925984360184,31.890925984360184
154.49999999999551,0.10000000000000001,1545,310.30231051825632,1,31.904575001850262,31.904575001850262,31.904575001850262,31.904575001850262
154.5999999999955,0.10000000000000001,1546,310.30481444920599,1,31.918123727496017,31.918123727496017,31.918123727496017,31.918123727496017
154.6999999999955,0.10000000000000001,1547,310.3073246614278,1,31.931510551475892,31.931510551475892,31.931510551475892,31.931510551475892
154.79999999999549,0.10000000000000001,1548,310.30984074576088,1,31.944764704109765,31.944764704109765,31.944764704109765,31.944764704109765
154.89999999999549,0.10000000000000001,1549,310.31236228547652,1,31.956752814726133,31.956752814726133,31.956752814726133,31.956752814726133
154.99999999999548,0.10000000000000001,1550,310.31488700073481,1,31.968555051611634,31.968555051611634,31.968555051611634,31.968555051611634
155.09999999999548,0.10000000000000001,1551,310.31741445919221,1,31.980275692789558,31.980275692789558,31.980275692789558,31.980275692789558
155.19999999999547,0.10000000000000001,1552,310.31994441410802,1,31.991906550470858,31.991906550470858,31.991906550470858,31.991906550470858
155.29999999999546,0.10000000000000001,1553,310.32247661896974,1,32.003417556542686,32.003417556542686,32.003417556542686,32.003417556542686
155.39999999999546,0.10000000000000001,1554,310.32501081737632,1,32.014821422703555,32.014821422703555,32.014821422703555,32.014821422703555
155.49999999999545,0.10000000000000001,1555,310.32754682228324,1,32.026200665897179,32.026200665897179,32.026200665897179,32.026200665897179
155.59999999999545,0.10000000000000001,1556,310.33008464109764,1,32.037573811840758,32.037573811840758,32.037573811840758,32.037573811840758
155.69999999999544,0.10000000000000001,1557,310.33262435500887,1,32.049056345456108,32.049056345456108,32.049056345456108,32.049056345456108
155.79999999999544,0.10000000000000001,1558,310.33516623956973,1,32.060436868111886,32.060436868111886,32.060436868111886,32.060436868111886
155.89999999999543,0.10000000000000001,1559,310.33771020277919,1,32.071622067772125,32.071622067772125,32.071622067772125,32.071622067772125
155.99999999999542,0.10000000000000001,1560,310.34025600192774,1,32.082714107764566,32.082714107764566,32.082714107764566,32.082714107764566
156.09999999999542,0.10000000000000001,1561,310.34280359395166,1,32.093297607583914,32.093297607583914,32.093297607583914,32.093297607583914
156.19999999999541,0.10000000000000001,1562,310.3453522567944,1,32.103648434053291,32.103648434053291,32.103648434053291,32.103648434053291
156.29999999999541,0.10000000000000001,1563,310.34790170575059,1,32.11383727353482,32.11383727353482,32.11383727353482,32.11383727353482
156.3999999999954,0.10000000000000001,1564,310.35045176118541,1,32.123850571413755,32.123850571413755,32.123850571413755,32.123850571413755
156.4999999999954,0.10000000000000001,1565,310.35300221072055,1,32.133733574648808,32.133733574648808,32.133733574648808,32.133733574648808
156.59999999999539,0.10000000000000001,1566,310.35555291076577,1,32.143438958994018,32.143438958994018,32.143438958994018,32.143438958994018
156.69999999999538,0.10000000000000001,1567,310.35810364369564,1,32.150104675197831,32.150104675197831,32.150104675197831,32.150104675197831
156.79999999999538,0.10000000000000001,1568,310.36064950334566,1,32.156486430605376,32.156486430605376,32.156486430605376,32.156486430605376
156.89999999999537,0.10000000000000001,1569,310.36319020743741,1,32.162719309975017,32.162719309975017,32.162719309975017,32.162719309975017
156.99999999999537,0.10000000000000001,1570,310.36572568641367,1,32.168906396685877,32.168906396685877,32.168906396685877,32.168906396685877
157.09999999999536,0.10000000000000001,1571,310.36825603399137,1,32.175073203512426,32.175073203512426,32.175073203512426,32.175073203512426
157.19999999999536,0.10000000000000001,1572,310.37078136798539,1,32.181225266635188,32.181225266635188,32.181225266635188,32.181225266635188
157.29999999999535,0.10000000000000001,1573,310.37330179889858,1,32.187476616032235,32.187476616032235,32.187476616032235,32.187476616032235
157.39999999999534,0.10000000000000001,1574,310.37581761746014,1,32.19361059565891,32.19361059565891,32.19361059565891,32.19361059565891
157.49999999999534,0.10000000000000001,1575,310.37832876353292,1,32.199568761125057,32.199568761125057,32.199568761125057,32.199568761125057
157.59999999999533,0.10000000000000001,1576,310.38083510178944,1,32.205412101823939,32.205412101823939,32.205412101823939,32.205412101823939
157.69999999999533,0.10000000000000001,1577,310.38333660627529,1,32.210600160833877,32.210600160833877,32.210600160833877,32.210600160833877
157.79999999999532,0.10000000000000001,1578,310.38583237832171,1,32.21539218182091,32.21539218182091,32.21539218182091,32.21539218182091
157.89999999999532,0.10000000000000001,1579,310.38832196412471,1,32.219914792575366,32.219914792575366,32.219914792575366,32.219914792575366
157.99999999999531,0.10000000000000001,1580,310.39080510146817,1,32.224265567079364,32.224265567079364,32.224265567079364,32.224265567079364
158.0999999999953,0.10000000000000001,1581,310.39328164067211,1,32.228491311696011,32.228491311696011,32.228491311696011,32.228491311696011
158.1999999999953,0.10000000000000001,1582,310.39575147991189,1,32.232703732228202,32.232703732228202,32.232703732228202,32.232703732228202
158.29999999999529,0.10000000000000001,1583,310.39821466068582,1,32.236809991658802,32.236809991658802,32.236809991658802,32.236809991658802
158.39999999999529,0.10000000000000001,1584,310.40067101650027,1,32.240586474915254,32.240586474915254,32.240586474915254,32.240586474915254
158.49999999999528,0.10000000000000001,1585,310.40311997659262,1,32.241540126337149,32.241540126337149,32.241540126337149,32.241540126337149
158.59999999999528,0.10000000000000001,1586,310.40555688632026,1,32.242216395237186,32.242216395237186,32.242216395237186,32.242216395237186
158.69999999999527,0.10000000000000001,1587,310.40798138466323,1,32.242721778370367,32.242721778370367,32.242721778370367,32.242721778370367
158.79999999999526,0.10000000000000001,1588,310.41039329875008,1,32.243057741679216,32.243057741679216,32.243057741679216,32.243057741679216
158.89999999999526,0.10000000000000001,1589,310.41279246019946,1,32.243247173354348,32.243247173354348,32.243247173354348,32.243247173354348
158.99999999999525,0.10000000000000001,1590,310.41517874618489,1,32.24333400470136,32.24333400470136,32.24333400470136,32.24333400470136
159.09999999999525,0.10000000000000001,1591,310.41755212518189,1,32.243404029657796,32.243404029657796,32.243404029657796,32.243404029657796
159.19999999999524,0.10000000000000001,1592,310.4199127218663,1,32.243625616350919,32.243625616350919,32.243625616350919,32.243625616350919
159.29999999999524,0.10000000000000001,1593,310.42226094551307,1,32.244387330637899,32.244387330637899,32.244387330637899,32.244387330637899
159.39999999999523,0.10000000000000001,1594,310.42459782479023,1,32.245130218176008,32.245130218176008,32.245130218176008,32.245130218176008
159.49999999999523,0.10000000000000001,1595,310.42692344286593,1,32.245758195143445,32.245758195143445,32.245758195143445,32.245758195143445
159.59999999999522,0.10000000000000001,1596,310.42923773057294,1,32.246356167349894,32.246356167349894,32.246356167349894,32.246356167349894
159.69999999999521,0.10000000000000001,1597,310.43154077572541,1,32.246909617438568,32.246909617438568,32.246909617438568,32.246909617438568
159.79999999999521,0.10000000000000001,1598,310.43383265102773,1,32.2474099135381,32.2474099135381,32.2474099135381,32.2474099135381
159.8999999999952,0.10000000000000001,1599,310.43611340692064,1,32.24785573189974,32.24785573189974,32.24785573189974,32.24785573189974
159.9999999999952,0.10000000000000001,1600,310.43838308570849,1,32.24826738391625,32.24826738391625,32.24826738391625,32.24826738391625
160.09999999999519,0.10000000000000001,1601,310.44064175853526,1,32.248646049447679,32.248646049447679,32.248646049447679,32.248646049447679
160.19999999999519,0.10000000000000001,1602,310.44288949336277,1,32.248916211403454,32.248916211403454,32.248916211403454,32.248916211403454
160.29999999999518,0.10000000000000001,1603,310.44512624729219,1,32.248630288323795,32.248630288323795,32.248630288323795,32.248630288323795
160.39999999999517,0.10000000000000001,1604,310.44735126648538,1,32.248158166659955,32.248158166659955,32.248158166659955,32.248158166659955
160.49999999999517,0.10000000000000001,1605,310.44956442553291,1,32.247348859586133,32.247348859586133,32.247348859586133,32.247348859586133
160.59999999999516,0.10000000000000001,1606,310.4517653729294,1,32.24639295731324,32.24639295731324,32.24639295731324,32.24639295731324
160.69999999999516,0.10000000000000001,1607,310.45395407948979,1,32.245308899038385,32.245308899038385,32.245308899038385,32.245308899038385
160.79999999999515,0.10000000000000001,1608,310.45613052644984,1,32.244057276156092,32.244057276156092,32.244057276156092,32.244057276156092
160.89999999999515,0.10000000000000001,1609,310.45829461377843,1,32.2424529585006,32.2424529585006,32.2424529585006,32.2424529585006
160.99999999999514,0.10000000000000001,1610,310.46044592602249,1,32.240720365529363,32.240720365529363,32.240720365529363,32.240720365529363
161.09999999999513,0.10000000000000001,1611,310.46258442548714,1,32.238832140785725,32.238832140785725,32.238832140785725,32.238832140785725
161.19999999999513,0.10000000000000001,1612,310.46471004058606,1,32.236843836985116,32.236843836985116,32.236843836985116,32.236843836985116
161.29999999999512,0.10000000000000001,1613,310.46682279649434,1,32.234003721448254,32.234003721448254,32.234003721448254,32.234003721448254
161.39999999999512,0.10000000000000001,1614,310.46892150075041,1,32.230677741348764,32.230677741348764,32.230677741348764,32.230677741348764
161.49999999999511,0.10000000000000001,1615,310.47100558977644,1,32.227029968077488,32.227029968077488,32.227029968077488,32.227029968077488
161.59999999999511,0.10000000000000001,1616,310.47307476875949,1,32.223184001560767,32.223184001560767,32.223184001560767,32.223184001560767
161.6999999999951,0.10000000000000001,1617,310.47512892374255,1,32.219201819974188,32.219201819974188,32.219201819974188,32.219201819974188
161.79999999999509,0.10000000000000001,1618,310.47716802174892,1,32.215229750656526,32.215229750656526,32.215229750656526,32.215229750656526
161.89999999999509,0.10000000000000001,1619,310.47919222554918,1,32.21122222566472,32.21122222566472,32.21122222566472,32.21122222566472
161.99999999999508,0.10000000000000001,1620,310.48120157583401,1,32.206961797808951,32.206961797808951,32.206961797808951,32.206961797808951
162.09999999999508,0.10000000000000001,1621,310.48319574753225,1,32.201970567595581,32.201970567595581,32.201970567595581,32.201970567595581
162.19999999999507,0.10000000000000001,1622,310.48517364051872,1,32.196847355924483,32.196847355924483,32.196847355924483,32.196847355924483
162.29999999999507,0.10000000000000001,1623,310.48713516122825,1,32.191542771035962,32.191542771035962,32.191542771035962,32.191542771035962
162.39999999999506,0.10000000000000001,1624,310.48908014780562,1,32.186063866496745,32.186063866496745,32.186063866496745,32.186063866496745
162.49999999999505,0.10000000000000001,1625,310.49100845598298,1,32.180436457952787,32.180436457952787,32.180436457952787,32.180436457952787
162.59999999999505,0.10000000000000001,1626,310.49291998598386,1,32.174711094189583,32.174711094189583,32.174711094189583,32.174711094189583
162.69999999999504,0.10000000000000001,1627,310.49481472495347,1,32.169059037340737,32.169059037340737,32.169059037340737,32.169059037340737
162.79999999999504,0.10000000000000001,1628,310.49669293839059,1,32.16365579454768,32.16365579454768,32.16365579454768,32.16365579454768
162.89999999999503,0.10000000000000001,1629,310.49855517315967,1,32.158989160326549,32.158989160326549,32.158989160326549,32.158989160326549
162.99999999999503,0.10000000000000001,1630,310.5004027640835,1,32.154345216664701,32.154345216664701,32.154345216664701,32.154345216664701
163.09999999999502,0.10000000000000001,1631,310.50223585409236,1,32.149566697922857,32.149566697922857,32.149566697922857,32.149566697922857
163.19999999999501,0.10000000000000001,1632,310.50405434456337,1,32.144926830141003,32.144926830141003,32.144926830141003,32.144926830141003
163.29999999999501,0.10000000000000001,1633,310.50585859928816,1,32.140592187373315,32.140592187373315,32.140592187373315,32.140592187373315
163.399999999995,0.10000000000000001,1634,310.50764925974789,1,32.136381198635114,32.136381198635114,32.136381198635114,32.136381198635114
163.499999999995,0.10000000000000001,1635,310.50942666358895,1,32.132190077772982,32.132190077772982,32.132190077772982,32.132190077772982
163.59999999999499,0.10000000000000001,1636,310.51119097171363,1,32.128115990743467,32.128115990743467,32.128115990743467,32.128115990743467
163.69999999999499,0.10000000000000001,1637,310.5129425057396,1,32.124053524721695,32.124053524721695,32.124053524721695,32.124053524721695
163.79999999999498,0.10000000000000001,1638,310.51468140697926,1,32.119961747712708,32.119961747712708,32.119961747712708,32.119961747712708
163.89999999999498,0.10000000000000001,1639,310.51640775466842,1,32.115216730641862,32.115216730641862,32.115216730641862,32.115216730641862
163.99999999999497,0.10000000000000001,1640,310.51812062604557,1,32.110325963129277,32.110325963129277,32.110325963129277,32.110325963129277
164.09999999999496,0.10000000000000001,1641,310.51981997534796,1,32.105258848091523,32.105258848091523,32.105258848091523,32.105258848091523
164.19999999999496,0.10000000000000001,1642,310.5215057233209,1,32.100054648694673,32.100054648694673,32.100054648694673,32.100054648694673
164.29999999999495,0.10000000000000001,1643,310.5231778456764,1,32.094730439862381,32.094730439862381,32.094730439862381,32.094730439862381
164.39999999999495,0.10000000000000001,1644,310.52483633060967,1,32.089217504496375,32.089217504496375,32.089217504496375,32.089217504496375
164.49999999999494,0.10000000000000001,1645,310.52648104504436,1,32.083276242056286,32.083276242056286,32.083276242056286,32.083276242056286
164.59999999999494,0.10000000000000001,1646,310.52811145258249,1,32.077198581029542,32.077198581029542,32.077198581029542,32.077198581029542
164.69999999999493,0.10000000000000001,1647,310.52972748680668,1,32.071088467410348,32.071088467410348,32.071088467410348,32.071088467410348
164.79999999999492,0.10000000000000001,1648,310.53132923213934,1,32.064879296761291,32.064879296761291,32.064879296761291,32.064879296761291
164.89999999999492,0.10000000000000001,1649,310.53291665375627,1,32.058125883787397,32.058125883787397,32.058125883787397,32.058125883787397
164.99999999999491,0.10000000000000001,1650,310.53448899327941,1,32.051011520039815,32.051011520039815,32.051011520039815,32.051011520039815
165.09999999999491,0.10000000000000001,1651,310.53604581492294,1,32.043643301778538,32.043643301778538,32.043643301778538,32.043643301778538
165.1999999999949,0.10000000000000001,1652,310.53758686039635,1,32.0360838877764,32.0360838877764,32.0360838877764,32.0360838877764
165.2999999999949,0.10000000000000001,1653,310.53911196779336,1,32.028375821961738,32.028375821961738,32.028375821961738,32.028375821961738
165.39999999999489,0.10000000000000001,1654,310.540621042998,1,32.020510752552191,32.020510752552191,32.020510752552191,32.020510752552191
165.49999999999488,0.10000000000000001,1655,310.54211397598692,1,32.012472600406461,32.012472600406461,32.012472600406461,32.012472600406461
165.59999999999488,0.10000000000000001,1656,310.54359062550196,1,32.004320849287041,32.004320849287041,32.004320849287041,32.004320849287041
165.69999999999487,0.10000000000000001,1657,310.54505093547368,1,31.996166884855239,31.996166884855239,31.996166884855239,31.996166884855239
165.79999999999487,0.10000000000000001,1658,310.54649503815398,1,31.987890947616265,31.987890947616265,31.987890947616265,31.987890947616265
165.89999999999486,0.10000000000000001,1659,310.54792287993411,1,31.979486976799866,31.979486976799866,31.979486976799866,31.979486976799866
165.99999999999486,0.10000000000000001,1660,310.54933441701309,1,31.970965681304772,31.970965681304772,31.970965681304772,31.970965681304772
166.09999999999485,0.10000000000000001,1661,310.55072962003129,1,31.962332742856706,31.962332742856706,31.962332742856706,31.962332742856706
166.19999999999484,0.10000000000000001,1662,310.55210846444839,1,31.953603773328364,31.953603773328364,31.953603773328364,31.953603773328364
166.29999999999484,0.10000000000000001,1663,310.55347095364073,1,31.944821827089264,31.944821827089264,31.944821827089264,31.944821827089264
166.39999999999483,0.10000000000000001,1664,310.5548171595471,1,31.936050331630163,31.936050331630163,31.936050331630163,31.936050331630163
166.49999999999483,0.10000000000000001,1665,310.5561472450633,1,31.927453147181893,31.927453147181893,31.927453147181893,31.927453147181893
166.59999999999482,0.10000000000000001,1666,310.55746162412379,1,31.91882600202516,31.91882600202516,31.91882600202516,31.91882600202516
166.69999999999482,0.10000000000000001,1667,310.5587603625109,1,31.910167544467708,31.910167544467708,31.910167544467708,31.910167544467708
166.79999999999481,0.10000000000000001,1668,310.56004352464697,1,31.901615415299837,31.901615415299837,31.901615415299837,31.901615415299837
166.8999999999948,0.10000000000000001,1669,310.56131140583057,1,31.893235452724827,31.893235452724827,31.893235452724827,31.893235452724827
166.9999999999948,0.10000000000000001,1670,310.56256440460845,1,31.884939653384784,31.884939653384784,31.884939653384784,31.884939653384784
167.09999999999479,0.10000000000000001,1671,310.56380276189077,1,31.876655795546554,31.876655795546554,31.876655795546554,31.876655795546554
167.19999999999479,0.10000000000000001,1672,310.56502659453719,1,31.868456153730055,31.868456153730055,31.868456153730055,31.868456153730055
167.29999999999478,0.10000000000000001,1673,310.5662361345037,1,31.8602378764053,31.8602378764053,31.8602378764053,31.8602378764053
167.39999999999478,0.10000000000000001,1674,310.56743143036573,1,31.851945304001365,31.851945304001365,31.851945304001365,31.851945304001365
167.49999999999477,0.10000000000000001,1675,310.56861242120658,1,31.84292649368453,31.84292649368453,31.84292649368453,31.84292649368453
167.59999999999476,0.10000000000000001,1676,310.56977797180406,1,31.83381034313426,31.83381034313426,31.83381034313426,31.83381034313426
167.69999999999476,0.10000000000000001,1677,310.57092800558593,1,31.824607954084215,31.824607954084215,31.824607954084215,31.824607954084215
167.79999999999475,0.10000000000000001,1678,310.57206248491639,1,31.81532110293162,31.81532110293162,31.81532110293162,31.81532110293162
167.89999999999475,0.10000000000000001,1679,310.5731813784833,1,31.805969615866118,31.805969615866118,31.805969615866118,31.805969615866118
167.99999999999474,0.10000000000000001,1680,310.57428468823605,1,31.796571212194376,31.796571212194376,31.796571212194376,31.796571212194376
168.09999999999474,0.10000000000000001,1681,310.5753724475536,1,31.787079745001396,31.787079745001396,31.787079745001396,31.787079745001396
168.19999999999473,0.10000000000000001,1682,310.57644461386332,1,31.777491941207053,31.777491941207053,31.777491941207053,31.777491941207053
168.29999999999472,0.10000000000000001,1683,310.57750114501653,1,31.767809032429398,31.767809032429398,31.767809032429398,31.767809032429398
168.39999999999472,0.10000000000000001,1684,310.5785420154653,1,31.758085161988383,31.758085161988383,31.758085161988383,31.758085161988383
168.49999999999471,0.10000000000000001,1685,310.5795672944422,1,31.748141597514365,31.748141597514365,31.748141597514365,31.748141597514365
168.59999999999471,0.10000000000000001,1686,310.58057676174042,1,31.738172143666382,31.738172143666382,31.738172143666382,31.738172143666382
168.6999999999947,0.10000000000000001,1687,310.58157051896103,1,31.728243684072982,31.728243684072982,31.728243684072982,31.728243684072982
168.7999999999947,0.10000000000000001,1688,310.5825487712799,1,31.71835257599442,31.71835257599442,31.71835257599442,31.71835257599442
168.89999999999469,0.10000000000000001,1689,310.58351170978665,1,31.708451868979839,31.708451868979839,31.708451868979839,31.708451868979839
168.99999999999469,0.10000000000000001,1690,310.58445943950136,1,31.698583830117958,31.698583830117958,31.698583830117958,31.698583830117958
169.09999999999468,0.10000000000000001,1691,310.58539213335928,1,31.688692832017381,31.688692832017381,31.688692832017381,31.688692832017381
169.19999999999467,0.10000000000000001,1692,310.58630986871248,1,31.678757443220064,31.678757443220064,31.678757443220064,31.678757443220064
169.29999999999467,0.10000000000000001,1693,310.58721268187776,1,31.668612442215693,31.668612442215693,31.668612442215693,31.668612442215693
169.39999999999466,0.10000000000000001,1694,310.58810033191833,1,31.65846292891101,31.65846292891101,31.65846292891101,31.65846292891101
169.49999999999466,0.10000000000000001,1695,310.58897291124612,1,31.648306957609552,31.648306957609552,31.648306957609552,31.648306957609552
169.59999999999465,0.10000000000000001,1696,310.58983049745427,1,31.638109829579655,31.638109829579655,31.638109829579655,31.638109829579655
169.69999999999465,0.10000000000000001,1697,310.59067310600852,1,31.627879090773057,31.627879090773057,31.627879090773057,31.627879090773057
169.79999999999464,0.10000000000000001,1698,310.59150076354092,1,31.617577384203035,31.617577384203035,31.617577384203035,31.617577384203035
169.89999999999463,0.10000000000000001,1699,310.59231343147457,1,31.607103007703728,31.607103007703728,31.607103007703728,31.607103007703728
169.99999999999463,0.10000000000000001,1700,310.59311090243887,1,31.596443123022446,31.596443123022446,31.596443123022446,31.596443123022446
170.09999999999462,0.10000000000000001,1701,310.59389295662754,1,31.58557313229533,31.58557313229533,31.58557313229533,31.58557313229533
170.19999999999462,0.10000000000000001,1702,310.59465935102094,1,31.574600852551978,31.574600852551978,31.574600852551978,31.574600852551978
170.29999999999461,0.10000000000000001,1703,310.59541002946787,1,31.563582859297327,31.563582859297327,31.563582859297327,31.563582859297327
170.39999999999461,0.10000000000000001,1704,310.59614503141552,1,31.552517653950378,31.552517653950378,31.552517653950378,31.552517653950378
170.4999999999946,0.10000000000000001,1705,310.59686438990639,1,31.541404412444344,31.541404412444344,31.541404412444344,31.541404412444344
170.59999999999459,0.10000000000000001,1706,310.59756813271065,1,31.530243235311666,31.530243235311666,31.530243235311666,31.530243235311666
170.69999999999459,0.10000000000000001,1707,310.59825628546162,1,31.51903679414821,31.51903679414821,31.51903679414821,31.51903679414821
170.79999999999458,0.10000000000000001,1708,310.59892887704444,1,31.507760423564662,31.507760423564662,31.507760423564662,31.507760423564662
170.89999999999458,0.10000000000000001,1709,310.59958589464696,1,31.496429889461702,31.496429889461702,31.496429889461702,31.496429889461702
170.99999999999457,0.10000000000000001,1710,310.60022735128359,1,31.485068576814481,31.485068576814481,31.485068576814481,31.485068576814481
171.09999999999457,0.10000000000000001,1711,310.60085329367678,1,31.473290954718394,31.473290954718394,31.473290954718394,31.473290954718394
171.19999999999456,0.10000000000000001,1712,310.60146313544976,1,31.461477808147521,31.461477808147521,31.461477808147521,31.461477808147521
171.29999999999455,0.10000000000000001,1713,310.60205692313986,1,31.449693356974937,31.449693356974937,31.449693356974937,31.449693356974937
171.39999999999455,0.10000000000000001,1714,310.60263479556886,1,31.437910857278027,31.437910857278027,31.437910857278027,31.437910857278027
171.49999999999454,0.10000000000000001,1715,310.60319684064928,1,31.426113613466072,31.426113613466072,31.426113613466072,31.426113613466072
171.59999999999454,0.10000000000000001,1716,310.60374311842253,1,31.414300787782654,31.414300787782654,31.414300787782654,31.414300787782654
171.69999999999453,0.10000000000000001,1717,310.60427368629837,1,31.402464059351008,31.402464059351008,31.402464059351008,31.402464059351008
171.79999999999453,0.10000000000000001,1718,310.60478858668841,1,31.390609430453665,31.390609430453665,31.390609430453665,31.390609430453665
171.89999999999452,0.10000000000000001,1719,310.60528787484463,1,31.378731707749147,31.378731707749147,31.378731707749147,31.378731707749147
171.99999999999451,0.10000000000000001,1720,310.60577160276961,1,31.366852643303233,31.366852643303233,31.366852643303233,31.366852643303233
172.09999999999451,0.10000000000000001,1721,310.60623985941891,1,31.355183491922201,31.355183491922201,31.355183491922201,31.355183491922201
172.1999999999945,0.10000000000000001,1722,310.60669307491708,1,31.343643921047462,31.343643921047462,31.343643921047462,31.343643921047462
172.2999999999945,0.10000000000000001,1723,310.60713153528451,1,31.332196909778371,31.332196909778371,31.332196909778371,31.332196909778371
172.39999999999449,0.10000000000000001,1724,310.60755546415436,1,31.320813097536305,31.320813097536305,31.320813097536305,31.320813097536305
172.49999999999449,0.10000000000000001,1725,310.60796503681513,1,31.309465002926924,31.309465002926924,31.309465002926924,31.309465002926924
172.59999999999448,0.10000000000000001,1726,310.6083603792128,1,31.298164682365293,31.298164682365293,31.298164682365293,31.298164682365293
172.69999999999447,0.10000000000000001,1727,310.60874163555343,1,31.286923587546699,31.286923587546699,31.286923587546699,31.286923587546699
172.79999999999447,0.10000000000000001,1728,310.60910896716439,1,31.275690205576097,31.275690205576097,31.275690205576097,31.275690205576097
172.89999999999446,0.10000000000000001,1729,310.60946245271685,1,31.263782352825629,31.263782352825629,31.263782352825629,31.263782352825629
172.99999999999446,0.10000000000000001,1730,310.60980104872471,1,31.251852635302281,31.251852635302281,31.251852635302281,31.251852635302281
173.09999999999445,0.10000000000000001,1731,310.6101248127755,1,31.239945510271671,31.239945510271671,31.239945510271671,31.239945510271671
173.19999999999445,0.10000000000000001,1732,310.61043387857529,1,31.228062032542013,31.228062032542013,31.228062032542013,31.228062032542013
173.29999999999444,0.10000000000000001,1733,310.61072837541576,1,31.216198879744688,31.216198879744688,31.216198879744688,31.216198879744688
173.39999999999444,0.10000000000000001,1734,310.61100842130435,1,31.204351283707563,31.204351283707563,31.204351283707563,31.204351283707563
173.49999999999443,0.10000000000000001,1735,310.61127411979402,1,31.192461972278974,31.192461972278974,31.192461972278974,31.192461972278974
173.59999999999442,0.10000000000000001,1736,310.61152547486267,1,31.180509086365362,31.180509086365362,31.180509086365362,31.180509086365362
173.69999999999442,0.10000000000000001,1737,310.61176244849162,1,31.168362669912639,31.168362669912639,31.168362669912639,31.168362669912639
173.79999999999441,0.10000000000000001,1738,310.61198479166126,1,31.156180589920389,31.156180589920389,31.156180589920389,31.156180589920389
173.89999999999441,0.10000000000000001,1739,310.612192520436,1,31.144004761376049,31.144004761376049,31.144004761376049,31.144004761376049
173.9999999999944,0.10000000000000001,1740,310.61238571663438,1,31.131855777779396,31.131855777779396,31.131855777779396,31.131855777779396
174.0999999999944,0.10000000000000001,1741,310.61256449029042,1,31.11974172983119,31.11974172983119,31.11974172983119,31.11974172983119
174.19999999999439,0.10000000000000001,1742,310.61272895893757,1,31.107657086607233,31.107657086607233,31.107657086607233,31.107657086607233
174.29999999999438,0.10000000000000001,1743,310.61287922837272,1,31.095595696961436,31.095595696961436,31.095595696961436,31.095595696961436
174.39999999999438,0.10000000000000001,1744,310.61301539231334,1,31.083574086358915,31.083574086358915,31.083574086358915,31.083574086358915
174.49999999999437,0.10000000000000001,1745,310.61313757019172,1,31.071583723067167,31.071583723067167,31.071583723067167,31.071583723067167
174.59999999999437,0.10000000000000001,1746,310.61324586451963,1,31.059659769395708,31.059659769395708,31.059659769395708,31.059659769395708
174.69999999999436,0.10000000000000001,1747,310.61334043153278,1,31.048028170008251,31.048028170008251,31.048028170008251,31.048028170008251
174.79999999999436,0.10000000000000001,1748,310.61342179677496,1,31.036454436764156,31.036454436764156,31.036454436764156,31.036454436764156
174.89999999999435,0.10000000000000001,1749,310.61349008815046,1,31.02493568269098,31.02493568269098,31.02493568269098,31.02493568269098
174.99999999999434,0.10000000000000001,1750,310.6135454229991,1,31.013440900621795,31.013440900621795,31.013440900621795,31.013440900621795
175.09999999999434,0.10000000000000001,1751,310.61358786485556,1,31.001966678883917,31.001966678883917,31.001966678883917,31.001966678883917
175.19999999999433,0.10000000000000001,1752,310.613617473018,1,30.99050247445431,30.99050247445431,30.99050247445431,30.99050247445431
175.29999999999433,0.10000000000000001,1753,310.61363428980729,1,30.979035320187084,30.979035320187084,30.979035320187084,30.979035320187084
175.39999999999432,0.10000000000000001,1754,310.6136383361229,1,30.967582783645017,30.967582783645017,30.967582783645017,30.967582783645017
175.49999999999432,0.10000000000000001,1755,310.61362966007061,1,30.956155604580967,30.956155604580967,30.956155604580967,30.956155604580967
175.59999999999431,0.10000000000000001,1756,310.61360832418319,1,30.944758576021123,30.944758576021123,30.944758576021123,30.944758576021123
175.6999999999943,0.10000000000000001,1757,310.61357439771149,1,30.933691586975485,30.933691586975485,30.933691586975485,30.933691586975485
175.7999999999943,0.10000000000000001,1758,310.61352843374465,1,30.922784407158922,30.922784407158922,30.922784407158922,30.922784407158922
175.89999999999429,0.10000000000000001,1759,310.61347069386989,1,30.911979897283292,30.911979897283292,30.911979897283292,30.911979897283292
175.99999999999429,0.10000000000000001,1760,310.61340135343914,1,30.901239549537532,30.901239549537532,30.901239549537532,30.901239549537532
176.09999999999428,0.10000000000000001,1761,310.6133205344936,1,30.890529842675985,30.890529842675985,30.890529842675985,30.890529842675985
176.19999999999428,0.10000000000000001,1762,310.61322830708417,1,30.87985605320306,30.87985605320306,30.87985605320306,30.87985605320306
176.29999999999427,0.10000000000000001,1763,310.61312475818733,1,30.869234349239118,30.869234349239118,30.869234349239118,30.869234349239118
176.39999999999426,0.10000000000000001,1764,310.61301001013135,1,30.85863748072093,30.85863748072093,30.85863748072093,30.85863748072093
176.49999999999426,0.10000000000000001,1765,310.6128841534582,1,30.847581261399284,30.847581261399284,30.847581261399284,30.847581261399284
176.59999999999425,0.10000000000000001,1766,310.61274648664289,1,30.83648243755006,30.83648243755006,30.83648243755006,30.83648243755006
176.69999999999425,0.10000000000000001,1767,310.61259700707967,1,30.825385117660911,30.825385117660911,30.825385117660911,30.825385117660911
176.79999999999424,0.10000000000000001,1768,310.61243576861176,1,30.814304411335332,30.814304411335332,30.814304411335332,30.814304411335332
176.89999999999424,0.10000000000000001,1769,310.6122628434635,1,30.803220577885462,30.803220577885462,30.803220577885462,30.803220577885462
176.99999999999423,0.10000000000000001,1770,310.61207826676196,1,30.792126089090956,30.792126089090956,30.792126089090956,30.792126089090956
177.09999999999422,0.10000000000000001,1771,310.61188205621409,1,30.781058152273367,30.781058152273367,30.781058152273367,30.781058152273367
177.19999999999422,0.10000000000000001,1772,310.61167428787581,1,30.770028696591023,30.770028696591023,30.770028696591023,30.770028696591023
177.29999999999421,0.10000000000000001,1773,310.61145505078258,1,30.759038797348744,30.759038797348744,30.759038797348744,30.759038797348744
177.39999999999421,0.10000000000000001,1774,310.61122442479581,1,30.748059808882076,30.748059808882076,30.748059808882076,30.748059808882076
177.4999999999942,0.10000000000000001,1775,310.61098243765076,1,30.737308072693132,30.737308072693132,30.737308072693132,30.737308072693132
177.5999999999942,0.10000000000000001,1776,310.61072946599728,1,30.726717862521916,30.726717862521916,30.726717862521916,30.726717862521916
177.69999999999419,0.10000000000000001,1777,310.61046577258088,1,30.716246086748466,30.716246086748466,30.716246086748466,30.716246086748466
177.79999999999418,0.10000000000000001,1778,310.61019155364471,1,30.705852278652031,30.705852278652031,30.705852278652031,30.705852278652031
177.89999999999418,0.10000000000000001,1779,310.60990694385293,1,30.695509104267156,30.695509104267156,30.695509104267156,30.695509104267156
177.99999999999417,0.10000000000000001,1780,310.60961203554479,1,30.685235822623657,30.685235822623657,30.685235822623657,30.685235822623657
178.09999999999417,0.10000000000000001,1781,310.60930695675137,1,30.675026276437762,30.675026276437762,30.675026276437762,30.675026276437762
178.19999999999416,0.10000000000000001,1782,310.60899182729867,1,30.664899065136588,30.664899065136588,30.664899065136588,30.664899065136588
178.29999999999416,0.10000000000000001,1783,310.60866680049918,1,30.654964314911396,30.654964314911396,30.654964314911396,30.654964314911396
178.39999999999415,0.10000000000000001,1784,310.60833220239783,1,30.645095084545495,30.645095084545495,30.645095084545495,30.645095084545495
178.49999999999415,0.10000000000000001,1785,310.60798814732436,1,30.635290008242595,30.635290008242595,30.635290008242595,30.635290008242595
178.59999999999414,0.10000000000000001,1786,310.60763474465034,1,30.625544502421281,30.625544502421281,30.625544502421281,30.625544502421281
178.69999999999413,0.10000000000000001,1787,310.60727209619631,1,30.615835616649299,30.615835616649299,30.615835616649299,30.615835616649299
178.79999999999413,0.10000000000000001,1788,310.60690026784471,1,30.606148328482909,30.606148328482909,30.606148328482909,30.606148328482909
178.89999999999412,0.10000000000000001,1789,310.60651930359165,1,30.596458642289466,30.596458642289466,30.596458642289466,30.596458642289466
178.99999999999412,0.10000000000000001,1790,310.60612921165,1,30.586713531079273,30.586713531079273,30.586713531079273,30.586713531079273
179.09999999999411,0.10000000000000001,1791,310.60572991470946,1,30.57674468704591,30.57674468704591,30.57674468704591,30.57674468704591
179.19999999999411,0.10000000000000001,1792,310.60532106011533,1,30.566719998339302,30.566719998339302,30.566719998339302,30.566719998339302
179.2999999999941,0.10000000000000001,1793,310.60490257406036,1,30.556694430835517,30.556694430835517,30.556694430835517,30.556694430835517
179.39999999999409,0.10000000000000001,1794,310.60447446727807,1,30.546650982804586,30.546650982804586,30.546650982804586,30.546650982804586
179.49999999999409,0.10000000000000001,1795,310.60403672121117,1,30.536598104403083,30.536598104403083,30.536598104403083,30.536598104403083
179.59999999999408,0.10000000000000001,1796,310.6035893327263,1,30.526536021493012,30.526536021493012,30.526536021493012,30.526536021493012
179.69999999999408,0.10000000000000001,1797,310.60313229830444,1,30.516465849239847,30.516465849239847,30.516465849239847,30.516465849239847
179.79999999999407,0.10000000000000001,1798,310.60266561464141,1,30.506389558314073,30.506389558314073,30.506389558314073,30.506389558314073
179.89999999999407,0.10000000000000001,1799,310.60218928042389,1,30.496309746820678,30.496309746820678,30.496309746820678,30.496309746820678
179.99999999999406,0.10000000000000001,1800,310.60170329792436,1,30.486218259136024,30.486218259136024,30.486218259136024,30.486218259136024
180.09999999999405,0.10000000000000001,1801,310.60120765599976,1,30.476126386251945,30.476126386251945,30.476126386251945,30.476126386251945
180.19999999999405,0.10000000000000001,1802,310.60070235455788,1,30.46605562278641,30.46605562278641,30.46605562278641,30.46605562278641
180.29999999999404,0.10000000000000001,1803,310.60018742224366,1,30.455993361286023,30.455993361286023,30.455993361286023,30.455993361286023
180.39999999999404,0.10000000000000001,1804,310.59966286836129,1,30.445981725782559,30.445981725782559,30.445981725782559,30.445981725782559
180.49999999999403,0.10000000000000001,1805,310.59912877498107,1,30.435988082967025,30.435988082967025,30.435988082967025,30.435988082967025
180.59999999999403,0.10000000000000001,1806,310.59858517018768,1,30.426038496216666,30.426038496216666,30.426038496216666,30.426038496216666
180.69999999999402,0.10000000000000001,1807,310.59803212522905,1,30.416194056898547,30.416194056898547,30.416194056898547,30.416194056898547
180.79999999999401,0.10000000000000001,1808,310.59746981248537,1,30.406407378660269,30.406407378660269,30.406407378660269,30.406407378660269
180.89999999999401,0.10000000000000001,1809,310.59689832733341,1,30.396608274591944,30.396608274591944,30.396608274591944,30.396608274591944
180.999999999994,0.10000000000000001,1810,310.59631765774412,1,30.38682647684907,30.38682647684907,30.38682647684907,30.38682647684907
181.099999999994,0.10000000000000001,1811,310.5957278432515,1,30.377269336979015,30.377269336979015,30.377269336979015,30.377269336979015
181.19999999999399,0.10000000000000001,1812,310.5951292589541,1,30.367859989148748,30.367859989148748,30.367859989148748,30.367859989148748
181.29999999999399,0.10000000000000001,1813,310.59452214456417,1,30.358548827882785,30.358548827882785,30.358548827882785,30.358548827882785
181.39999999999398,0.10000000000000001,1814,310.59390665480191,1,30.349310164158759,30.349310164158759,30.349310164158759,30.349310164158759
181.49999999999397,0.10000000000000001,1815,310.59328290155486,1,30.340121249536722,30.340121249536722,30.340121249536722,30.340121249536722
181.59999999999397,0.10000000000000001,1816,310.59265096226545,1,30.330982692073032,30.330982692073032,30.330982692073032,30.330982692073032
181.69999999999396,0.10000000000000001,1817,310.59201091812071,1,30.321883315233961,30.321883315233961,30.321883315233961,30.321883315233961
181.79999999999396,0.10000000000000001,1818,310.59136283305446,1,30.312845477829161,30.312845477829161,30.312845477829161,30.312845477829161
181.89999999999395,0.10000000000000001,1819,310.5907068061407,1,30.303691955554989,30.303691955554989,30.303691955554989,30.303691955554989
181.99999999999395,0.10000000000000001,1820,310.59004264269907,1,30.294571714798799,30.294571714798799,30.294571714798799,30.294571714798799
182.09999999999394,0.10000000000000001,1821,310.58937039241999,1,30.285504174238504,30.285504174238504,30.285504174238504,30.285504174238504
182.19999999999393,0.10000000000000001,1822,310.58869013014225,1,30.276484890750417,30.276484890750417,30.276484890750417,30.276484890750417
182.29999999999393,0.10000000000000001,1823,310.58800192406267,1,30.267484815603996,30.267484815603996,30.267484815603996,30.267484815603996
182.39999999999392,0.10000000000000001,1824,310.58730579775408,1,30.258487469050888,30.258487469050888,30.258487469050888,30.258487469050888
182.49999999999392,0.10000000000000001,1825,310.58660175135526,1,30.249476104712894,30.249476104712894,30.249476104712894,30.249476104712894
182.59999999999391,0.10000000000000001,1826,310.58588976267322,1,30.24032379536332,30.24032379536332,30.24032379536332,30.24032379536332
182.69999999999391,0.10000000000000001,1827,310.58516961576066,1,30.230859634655339,30.230859634655339,30.230859634655339,30.230859634655339
182.7999999999939,0.10000000000000001,1828,310.58444084088364,1,30.221269085461852,30.221269085461852,30.221269085461852,30.221269085461852
182.8999999999939,0.10000000000000001,1829,310.58370328659419,1,30.211614565949777,30.211614565949777,30.211614565949777,30.211614565949777
182.99999999999389,0.10000000000000001,1830,310.58295690454742,1,30.201909993895967,30.201909993895967,30.201909993895967,30.201909993895967
183.09999999999388,0.10000000000000001,1831,310.58220166338401,1,30.192164747873591,30.192164747873591,30.192164747873591,30.192164747873591
183.19999999999388,0.10000000000000001,1832,310.58143754139485,1,30.182390171623187,30.182390171623187,30.182390171623187,30.182390171623187
183.29999999999387,0.10000000000000001,1833,310.58066453032558,1,30.172605255928573,30.172605255928573,30.172605255928573,30.172605255928573
183.39999999999387,0.10000000000000001,1834,310.57988264890395,1,30.162744433073211,30.162744433073211,30.162744433073211,30.162744433073211
183.49999999999386,0.10000000000000001,1835,310.57909180454919,1,30.152871344757802,30.152871344757802,30.152871344757802,30.152871344757802
183.59999999999386,0.10000000000000001,1836,310.57829200999669,1,30.142969830183464,30.142969830183464,30.142969830183464,30.142969830183464
183.69999999999385,0.10000000000000001,1837,310.57748324500523,1,30.132194226738228,30.132194226738228,30.132194226738228,30.132194226738228
183.79999999999384,0.10000000000000001,1838,310.57666409305472,1,30.121368029961317,30.121368029961317,30.121368029961317,30.121368029961317
183.89999999999384,0.10000000000000001,1839,310.57583450506581,1,30.110594893318758,30.110594893318758,30.110594893318758,30.110594893318758
183.99999999999383,0.10000000000000001,1840,310.57499458221713,1,30.099871878046127,30.099871878046127,30.099871878046127,30.099871878046127
184.09999999999383,0.10000000000000001,1841,310.57414441612917,1,30.089160952598998,30.089160952598998,30.089160952598998,30.089160952598998
184.19999999999382,0.10000000000000001,1842,310.57328403687131,1,30.078479794157012,30.078479794157012,30.078479794157012,30.078479794157012
184.29999999999382,0.10000000000000001,1843,310.57241350219232,1,30.067837376235698,30.067837376235698,30.067837376235698,30.067837376235698
184.39999999999381,0.10000000000000001,1844,310.57153288472131,1,30.057197142180371,30.057197142180371,30.057197142180371,30.057197142180371
184.4999999999938,0.10000000000000001,1845,310.57064220962349,1,30.046495773177831,30.046495773177831,30.046495773177831,30.046495773177831
184.5999999999938,0.10000000000000001,1846,310.56974141543907,1,30.035757331800692,30.035757331800692,30.035757331800692,30.035757331800692
184.69999999999379,0.10000000000000001,1847,310.56883048878228,1,30.025297074921504,30.025297074921504,30.025297074921504,30.025297074921504
184.79999999999379,0.10000000000000001,1848,310.56790993088487,1,30.015018799723791,30.015018799723791,30.015018799723791,30.015018799723791
184.89999999999378,0.10000000000000001,1849,310.56698006874745,1,30.004845012096819,30.004845012096819,30.004845012096819,30.004845012096819
184.99999999999378,0.10000000000000001,1850,310.56604109593866,1,29.994743781003688,29.994743781003688,29.994743781003688,29.994743781003688
185.09999999999377,0.10000000000000001,1851,310.56509315185053,1,29.984676142093591,29.984676142093591,29.984676142093591,29.984676142093591
185.19999999999376,0.10000000000000001,1852,310.56413631104874,1,29.974631554950314,29.974631554950314,29.974631554950314,29.974631554950314
185.29999999999376,0.10000000000000001,1853,310.56317062928395,1,29.964626665219068,29.964626665219068,29.964626665219068,29.964626665219068
185.39999999999375,0.10000000000000001,1854,310.56219618876145,1,29.954655798126751,29.954655798126751,29.954655798126751,29.954655798126751
185.49999999999375,0.10000000000000001,1855,310.56121306428747,1,29.944342521592542,29.944342521592542,29.944342521592542,29.944342521592542
185.59999999999374,0.10000000000000001,1856,310.56022071088904,1,29.933998946433952,29.933998946433952,29.933998946433952,29.933998946433952
185.69999999999374,0.10000000000000001,1857,310.55921910717274,1,29.923668128655944,29.923668128655944,29.923668128655944,29.923668128655944
185.79999999999373,0.10000000000000001,1858,310.5582082997359,1,29.913348282553276,29.913348282553276,29.913348282553276,29.913348282553276
185.89999999999372,0.10000000000000001,1859,310.55718833106124,1,29.903021260618658,29.903021260618658,29.903021260618658,29.903021260618658
185.99999999999372,0.10000000000000001,1860,310.55615921437004,1,29.892675986912565,29.892675986912565,29.892675986912565,29.892675986912565
186.09999999999371,0.10000000000000001,1861,310.5551209448812,1,29.88226235414005,29.88226235414005,29.88226235414005,29.88226235414005
186.19999999999371,0.10000000000000001,1862,310.55407343700108,1,29.871713594603555,29.871713594603555,29.871713594603555,29.871713594603555
186.2999999999937,0.10000000000000001,1863,310.5530165098711,1,29.860887764542369,29.860887764542369,29.860887764542369,29.860887764542369
186.3999999999937,0.10000000000000001,1864,310.55194977731736,1,29.849966442453482,29.849966442453482,29.849966442453482,29.849966442453482
186.49999999999369,0.10000000000000001,1865,310.55087316592846,1,29.83896921826209,29.83896921826209,29.83896921826209,29.83896921826209
186.59999999999368,0.10000000000000001,1866,310.54978663596484,1,29.827988262742473,29.827988262742473,29.827988262742473,29.827988262742473
186.69999999999368,0.10000000000000001,1867,310.54869029334901,1,29.81703129782835,29.81703129782835,29.81703129782835,29.81703129782835
186.79999999999367,0.10000000000000001,1868,310.54758424557383,1,29.806092737764075,29.806092737764075,29.806092737764075,29.806092737764075
186.89999999999367,0.10000000000000001,1869,310.54646858159776,1,29.795161153437217,29.795161153437217,29.795161153437217,29.795161153437217
186.99999999999366,0.10000000000000001,1870,310.54534336569719,1,29.784226943218535,29.784226943218535,29.784226943218535,29.784226943218535
187.09999999999366,0.10000000000000001,1871,310.54420864167463,1,29.773288815966605,29.773288815966605,29.773288815966605,29.773288815966605
187.19999999999365,0.10000000000000001,1872,310.5430644462723,1,29.762429905453022,29.762429905453022,29.762429905453022,29.762429905453022
187.29999999999364,0.10000000000000001,1873,310.54191094348312,1,29.752201866794781,29.752201866794781,29.752201866794781,29.752201866794781
187.39999999999364,0.10000000000000001,1874,310.5407491955059,1,29.74197583358815,29.74197583358815,29.74197583358815,29.74197583358815
187.49999999999363,0.10000000000000001,1875,310.53957919223177,1,29.731748691943324,29.731748691943324,29.731748691943324,29.731748691943324
187.59999999999363,0.10000000000000001,1876,310.53840090537381,1,29.72147210774359,29.72147210774359,29.72147210774359,29.72147210774359
187.69999999999362,0.10000000000000001,1877,310.5372142333423,1,29.711154621002837,29.711154621002837,29.711154621002837,29.711154621002837
187.79999999999362,0.10000000000000001,1878,310.53601910020967,1,29.700806706694042,29.700806706694042,29.700806706694042,29.700806706694042
187.89999999999361,0.10000000000000001,1879,310.53481545017985,1,29.690389171136648,29.690389171136648,29.690389171136648,29.690389171136648
187.99999999999361,0.10000000000000001,1880,310.53360316578755,1,29.679884989124883,29.679884989124883,29.679884989124883,29.679884989124883
188.0999999999936,0.10000000000000001,1881,310.5323821224523,1,29.669279504950183,29.669279504950183,29.669279504950183,29.669279504950183
188.19999999999359,0.10000000000000001,1882,310.53115220173402,1,29.658677501044561,29.658677501044561,29.658677501044561,29.658677501044561
188.29999999999359,0.10000000000000001,1883,310.52991347145701,1,29.648412342266987,29.648412342266987,29.648412342266987,29.648412342266987
188.39999999999358,0.10000000000000001,1884,310.52866654042759,1,29.638362471394455,29.638362471394455,29.638362471394455,29.638362471394455
188.49999999999358,0.10000000000000001,1885,310.52741179624087,1,29.628452609774673,29.628452609774673,29.628452609774673,29.628452609774673
188.59999999999357,0.10000000000000001,1886,310.52614950235892,1,29.618688057051074,29.618688057051074,29.618688057051074,29.618688057051074
188.69999999999357,0.10000000000000001,1887,310.52487993586942,1,29.608977609320327,29.608977609320327,29.608977609320327,29.608977609320327
188.79999999999356,0.10000000000000001,1888,310.52360321646881,1,29.599355642670481,29.599355642670481,29.599355642670481,29.599355642670481
188.89999999999355,0.10000000000000001,1889,310.52231952031838,1,29.589825602425808,29.589825602425808,29.589825602425808,29.589825602425808
188.99999999999355,0.10000000000000001,1890,310.52102903310794,1,29.580342289794249,29.580342289794249,29.580342289794249,29.580342289794249
189.09999999999354,0.10000000000000001,1891,310.51973188420874,1,29.571410969083235,29.571410969083235,29.571410969083235,29.571410969083235
189.19999999999354,0.10000000000000001,1892,310.51842902635872,1,29.562447485233708,29.562447485233708,29.562447485233708,29.562447485233708
189.29999999999353,0.10000000000000001,1893,310.51712043519996,1,29.553418901215526,29.553418901215526,29.553418901215526,29.553418901215526
189.39999999999353,0.10000000000000001,1894,310.51580602544061,1,29.54432639401676,29.54432639401676,29.54432639401676,29.54432639401676
189.49999999999352,0.10000000000000001,1895,310.51448571733442,1,29.535183457622392,29.535183457622392,29.535183457622392,29.535183457622392
189.59999999999351,0.10000000000000001,1896,310.51315945617756,1,29.525985541491444,29.525985541491444,29.525985541491444,29.525985541491444
189.69999999999351,0.10000000000000001,1897,310.51182717939724,1,29.516710537382657,29.516710537382657,29.516710537382657,29.516710537382657
189.7999999999935,0.10000000000000001,1898,310.51048878918505,1,29.507395948444309,29.507395948444309,29.507395948444309,29.507395948444309
189.8999999999935,0.10000000000000001,1899,310.50914424458682,1,29.498073224543635,29.498073224543635,29.498073224543635,29.498073224543635
189.99999999999349,0.10000000000000001,1900,310.50779354023234,1,29.488723090727017,29.488723090727017,29.488723090727017,29.488723090727017
190.09999999999349,0.10000000000000001,1901,310.50643663071457,1,29.479450181992725,29.479450181992725,29.479450181992725,29.479450181992725
190.19999999999348,0.10000000000000001,1902,310.50507363937697,1,29.47033944588437,29.47033944588437,29.47033944588437,29.47033944588437
190.29999999999347,0.10000000000000001,1903,310.50370483095708,1,29.461390964157228,29.461390964157228,29.461390964157228,29.461390964157228
190.39999999999347,0.10000000000000001,1904,310.5023304807404,1,29.452537456392999,29.452537456392999,29.452537456392999,29.452537456392999
190.49999999999346,0.10000000000000001,1905,310.50095076359958,1,29.443720781823433,29.443720781823433,29.443720781823433,29.443720781823433
190.59999999999346,0.10000000000000001,1906,310.49956576087681,1,29.434957772183534,29.434957772183534,29.434957772183534,29.434957772183534
190.69999999999345,0.10000000000000001,1907,310.49817559739614,1,29.426233878881149,29.426233878881149,29.426233878881149,29.426233878881149
190.79999999999345,0.10000000000000001,1908,310.49678038663308,1,29.417581218402027,29.417581218402027,29.417581218402027,29.417581218402027
190.89999999999344,0.10000000000000001,1909,310.49538029850839,1,29.410123642622839,29.410123642622839,29.410123642622839,29.410123642622839
190.99999999999343,0.10000000000000001,1910,310.49397732654768,1,29.402712623200173,29.402712623200173,29.402712623200173,29.402712623200173
191.09999999999343,0.10000000000000001,1911,310.49257152488229,1,29.395273518019355,29.395273518019355,29.395273518019355,29.395273518019355
191.19999999999342,0.10000000000000001,1912,310.49116282356761,1,29.387804098897817,29.387804098897817,29.387804098897817,29.387804098897817
191.29999999999342,0.10000000000000001,1913,310.48975115616622,1,29.380278857994725,29.380278857994725,29.380278857994725,29.380278857994725
191.39999999999341,0.10000000000000001,1914,310.48833642116853,1,29.372674559054815,29.372674559054815,29.372674559054815,29.372674559054815
191.49999999999341,0.10000000000000001,1915,310.48691848222575,1,29.364962551752907,29.364962551752907,29.364962551752907,29.364962551752907
191.5999999999934,0.10000000000000001,1916,310.48549716087808,1,29.357132880509102,29.357132880509102,29.357132880509102,29.357132880509102
191.69999999999339,0.10000000000000001,1917,310.4840722634703,1,29.349060299947737,29.349060299947737,29.349060299947737,29.349060299947737
191.79999999999339,0.10000000000000001,1918,310.48264338617469,1,29.340941221226295,29.340941221226295,29.340941221226295,29.340941221226295
191.89999999999338,0.10000000000000001,1919,310.48121044966734,1,29.332863855119687,29.332863855119687,29.332863855119687,29.332863855119687
191.99999999999338,0.10000000000000001,1920,310.47977351454728,1,29.32491133527801,29.32491133527801,29.32491133527801,29.32491133527801
192.09999999999337,0.10000000000000001,1921,310.47833277997233,1,29.317111564805703,29.317111564805703,29.317111564805703,29.317111564805703
192.19999999999337,0.10000000000000001,1922,310.47688850232004,1,29.309409999856268,29.309409999856268,29.309409999856268,29.309409999856268
192.29999999999336,0.10000000000000001,1923,310.47544085713776,1,29.301754884496866,29.301754884496866,29.301754884496866,29.301754884496866
192.39999999999336,0.10000000000000001,1924,310.47398993291824,1,29.294190239324855,29.294190239324855,29.294190239324855,29.294190239324855
192.49999999999335,0.10000000000000001,1925,310.47253589508227,1,29.286699812292682,29.286699812292682,29.286699812292682,29.286699812292682
192.59999999999334,0.10000000000000001,1926,310.47107888667978,1,29.27931450243916,29.27931450243916,29.27931450243916,29.27931450243916
192.69999999999334,0.10000000000000001,1927,310.46961910902456,1,29.273474913914193,29.273474913914193,29.273474913914193,29.273474913914193
192.79999999999333,0.10000000000000001,1928,310.46815910397936,1,29.267720131219566,29.267720131219566,29.267720131219566,29.267720131219566
192.89999999999333,0.10000000000000001,1929,310.46669895387737,1,29.261927534064142,29.261927534064142,29.261927534064142,29.261927534064142
192.99999999999332,0.10000000000000001,1930,310.46523856026164,1,29.256098978469318,29.256098978469318,29.256098978469318,29.256098978469318
193.09999999999332,0.10000000000000001,1931,310.46377783804797,1,29.25021930000192,29.25021930000192,29.25021930000192,29.25021930000192
193.19999999999331,0.10000000000000001,1932,310.46231668099369,1,29.244281486682183,29.244281486682183,29.244281486682183,29.244281486682183
193.2999999999933,0.10000000000000001,1933,310.46085497026564,1,29.238252145368566,29.238252145368566,29.238252145368566,29.238252145368566
193.3999999999933,0.10000000000000001,1934,310.45939252909238,1,29.232095032460041,29.232095032460041,29.232095032460041,29.232095032460041
193.49999999999329,0.10000000000000001,1935,310.45792911376503,1,29.225772498971718,29.225772498971718,29.225772498971718,29.225772498971718
193.59999999999329,0.10000000000000001,1936,310.45646442108023,1,29.219369439308174,29.219369439308174,29.219369439308174,29.219369439308174
193.69999999999328,0.10000000000000001,1937,310.45499829473715,1,29.212976203652666,29.212976203652666,29.212976203652666,29.212976203652666
193.79999999999328,0.10000000000000001,1938,310.45353073114785,1,29.206646894125274,29.206646894125274,29.206646894125274,29.206646894125274
193.89999999999327,0.10000000000000001,1939,310.45206181299642,1,29.200428502221374,29.200428502221374,29.200428502221374,29.200428502221374
193.99999999999326,0.10000000000000001,1940,310.45059169785844,1,29.194290476569162,29.194290476569162,29.194290476569162,29.194290476569162
194.09999999999326,0.10000000000000001,1941,310.44912049402342,1,29.188198741729767,29.188198741729767,29.188198741729767,29.188198741729767
194.19999999999325,0.10000000000000001,1942,310.44764825342634,1,29.182153497607771,29.182153497607771,29.182153497607771,29.182153497607771
194.29999999999325,0.10000000000000001,1943,310.44617503025739,1,29.176141186543532,29.176141186543532,29.176141186543532,29.176141186543532
194.39999999999324,0.10000000000000001,1944,310.44470085659214,1,29.170194584265328,29.170194584265328,29.170194584265328,29.170194584265328
194.49999999999324,0.10000000000000001,1945,310.44322581750839,1,29.164623627189869,29.164623627189869,29.164623627189869,29.164623627189869
194.59999999999323,0.10000000000000001,1946,310.44175050881438,1,29.159071356681174,29.159071356681174,29.159071356681174,29.159071356681174
194.69999999999322,0.10000000000000001,1947,310.44027493625049,1,29.153498509703809,29.153498509703809,29.153498509703809,29.153498509703809
194.79999999999322,0.10000000000000001,1948,310.43879905038995,1,29.147888785575713,29.147888785575713,29.147888785575713,29.147888785575713
194.89999999999321,0.10000000000000001,1949,310.43732277470775,1,29.142261565998542,29.142261565998542,29.142261565998542,29.142261565998542
194.99999999999321,0.10000000000000001,1950,310.43584606396831,1,29.136622910616751,29.136622910616751,29.136622910616751,29.136622910616751
195.0999999999932,0.10000000000000001,1951,310.43436888287971,1,29.130763235776055,29.130763235776055,29.130763235776055,29.130763235776055
195.1999999999932,0.10000000000000001,1952,310.43289084956785,1,29.12480445324757,29.12480445324757,29.12480445324757,29.12480445324757
195.29999999999319,0.10000000000000001,1953,310.431411790227,1,29.118825582271544,29.118825582271544,29.118825582271544,29.118825582271544
195.39999999999318,0.10000000000000001,1954,310.42993166392199,1,29.11286579472219,29.11286579472219,29.11286579472219,29.11286579472219
195.49999999999318,0.10000000000000001,1955,310.42845049417576,1,29.106982592743922,29.106982592743922,29.106982592743922,29.106982592743922
195.59999999999317,0.10000000000000001,1956,310.42696839419784,1,29.101122867688183,29.101122867688183,29.101122867688183,29.101122867688183
195.69999999999317,0.10000000000000001,1957,310.42548538610555,1,29.09527797846102,29.09527797846102,29.09527797846102,29.09527797846102
195.79999999999316,0.10000000000000001,1958,310.42400148246213,1,29.089487429124599,29.089487429124599,29.089487429124599,29.089487429124599
195.89999999999316,0.10000000000000001,1959,310.42251676664432,1,29.083667363766263,29.083667363766263,29.083667363766263,29.083667363766263
195.99999999999315,0.10000000000000001,1960,310.42103118313383,1,29.077837697017891,29.077837697017891,29.077837697017891,29.077837697017891
196.09999999999314,0.10000000000000001,1961,310.41954471385804,1,29.071962519050956,29.071962519050956,29.071962519050956,29.071962519050956
196.19999999999314,0.10000000000000001,1962,310.41805728841979,1,29.065992199408292,29.065992199408292,29.065992199408292,29.065992199408292
196.29999999999313,0.10000000000000001,1963,310.4165687650538,1,29.060158687406496,29.060158687406496,29.060158687406496,29.060158687406496
196.39999999999313,0.10000000000000001,1964,310.41507938890987,1,29.054282500821593,29.054282500821593,29.054282500821593,29.054282500821593
196.49999999999312,0.10000000000000001,1965,310.41358909342057,1,29.048331488643058,29.048331488643058,29.048331488643058,29.048331488643058
196.59999999999312,0.10000000000000001,1966,310.41209773513822,1,29.042273124237802,29.042273124237802,29.042273124237802,29.042273124237802
196.69999999999311,0.10000000000000001,1967,310.41060512194417,1,29.036176135983304,29.036176135983304,29.036176135983304,29.036176135983304
196.7999999999931,0.10000000000000001,1968,310.40911118184198,1,29.030067085809005,29.030067085809005,29.030067085809005,29.030067085809005
196.8999999999931,0.10000000000000001,1969,310.40761588343616,1,29.023838393499052,29.023838393499052,29.023838393499052,29.023838393499052
196.99999999999309,0.10000000000000001,1970,310.40611901823615,1,29.01751624337075,29.01751624337075,29.01751624337075,29.01751624337075
197.09999999999309,0.10000000000000001,1971,310.40462043257929,1,29.011187779533657,29.011187779533657,29.011187779533657,29.011187779533657
197.19999999999308,0.10000000000000001,1972,310.4031201224459,1,29.004906266496416,29.004906266496416,29.004906266496416,29.004906266496416
197.29999999999308,0.10000000000000001,1973,310.4016181708007,1,28.99891303279686,28.99891303279686,28.99891303279686,28.99891303279686
197.39999999999307,0.10000000000000001,1974,310.40011504821689,1,28.99315575140939,28.99315575140939,28.99315575140939,28.99315575140939
197.49999999999307,0.10000000000000001,1975,310.39861112365929,1,28.987587050471749,28.987587050471749,28.987587050471749,28.987587050471749
197.59999999999306,0.10000000000000001,1976,310.39710668704089,1,28.982206464717169,28.982206464717169,28.982206464717169,28.982206464717169
197.69999999999305,0.10000000000000001,1977,310.39560203114996,1,28.976888592340927,28.976888592340927,28.976888592340927,28.976888592340927
197.79999999999305,0.10000000000000001,1978,310.39409724058623,1,28.971638881870756,28.971638881870756,28.971638881870756,28.971638881870756
197.89999999999304,0.10000000000000001,1979,310.39259242150905,1,28.966430476663874,28.966430476663874,28.966430476663874,28.966430476663874
197.99999999999304,0.10000000000000001,1980,310.39108764651104,1,28.961061549400512,28.961061549400512,28.961061549400512,28.961061549400512
198.09999999999303,0.10000000000000001,1981,310.38958265932871,1,28.954879688717742,28.954879688717742,28.954879688717742,28.954879688717742
198.19999999999303,0.10000000000000001,1982,310.38807613153733,1,28.948601260980961,28.948601260980961,28.948601260980961,28.948601260980961
198.29999999999302,0.10000000000000001,1983,310.38656792995153,1,28.942240919876003,28.942240919876003,28.942240919876003,28.942240919876003
198.39999999999301,0.10000000000000001,1984,310.38505792952634,1,28.935802920871264,28.935802920871264,28.935802920871264,28.935802920871264
198.49999999999301,0.10000000000000001,1985,310.38354601314182,1,28.929321820379016,28.929321820379016,28.929321820379016,28.929321820379016
198.599999999993,0.10000000000000001,1986,310.38203212134579,1,28.922770581948267,28.922770581948267,28.922770581948267,28.922770581948267
198.699999999993,0.10000000000000001,1987,310.38051614621361,1,28.916062442155347,28.916062442155347,28.916062442155347,28.916062442155347
198.79999999999299,0.10000000000000001,1988,310.37899783860269,1,28.909151748530867,28.909151748530867,28.909151748530867,28.909151748530867
198.89999999999299,0.10000000000000001,1989,310.37747688423627,1,28.901994885053124,28.901994885053124,28.901994885053124,28.901994885053124
198.99999999999298,0.10000000000000001,1990,310.37595290838647,1,28.894798482375879,28.894798482375879,28.894798482375879,28.894798482375879
199.09999999999297,0.10000000000000001,1991,310.37442588054341,1,28.887676609335063,28.887676609335063,28.887676609335063,28.887676609335063
199.19999999999297,0.10000000000000001,1992,310.37289595391638,1,28.880625783936505,28.880625783936505,28.880625783936505,28.880625783936505
199.29999999999296,0.10000000000000001,1993,310.37136326860724,1,28.873675016499,28.873675016499,28.873675016499,28.873675016499
199.39999999999296,0.10000000000000001,1994,310.36982801919322,1,28.866800899556868,28.866800899556868,28.866800899556868,28.866800899556868
199.49999999999295,0.10000000000000001,1995,310.36829037377549,1,28.859985657274684,28.859985657274684,28.859985657274684,28.859985657274684
199.59999999999295,0.10000000000000001,1996,310.36675046972823,1,28.853227521976368,28.853227521976368,28.853227521976368,28.853227521976368
199.69999999999294,0.10000000000000001,1997,310.36520844191568,1,28.846552647159093,28.846552647159093,28.846552647159093,28.846552647159093
199.79999999999293,0.10000000000000001,1998,310.36366447689738,1,28.839835019967513,28.839835019967513,28.839835019967513,28.839835019967513
199.89999999999293,0.10000000000000001,1999,310.36211856209883,1,28.832873446165117,28.832873446165117,28.832873446165117,28.832873446165117
199.99999999999292,0.10000000000000001,2000,310.36057035387387,1,28.825874699492136,28.825874699492136,28.825874699492136,28.825874699492136
200.09999999999292,0.10000000000000001,2001,310.35901985693869,1,28.818878207676828,28.818878207676828,28.818878207676828,28.818878207676828
200.19999999999291,0.10000000000000001,2002,310.35746713662115,1,28.811850407775136,28.811850407775136,28.811850407775136,28.811850407775136
200.29999999999291,0.10000000000000001,2003,310.35591219426072,1,28.804807000277407,28.804807000277407,28.804807000277407,28.804807000277407
200.3999999999929,0.10000000000000001,2004,310.35435504782492,1,28.797761725966687,28.797761725966687,28.797761725966687,28.797761725966687
200.49999999999289,0.10000000000000001,2005,310.35279572562365,1,28.790643773790872,28.790643773790872,28.790643773790872,28.790643773790872
200.59999999999289,0.10000000000000001,2006,310.35123412357848,1,28.783506562919065,28.783506562919065,28.783506562919065,28.783506562919065
200.69999999999288,0.10000000000000001,2007,310.34967020537761,1,28.776409737026501,28.776409737026501,28.776409737026501,28.776409737026501
200.79999999999288,0.10000000000000001,2008,310.34810401744107,1,28.769332048489943,28.769332048489943,28.769332048489943,28.769332048489943
200.89999999999287,0.10000000000000001,2009,310.34653557054645,1,28.762533370156667,28.762533370156667,28.762533370156667,28.762533370156667
200.99999999999287,0.10000000000000001,2010,310.34496529665671,1,28.755938606607529,28.755938606607529,28.755938606607529,28.755938606607529
201.09999999999286,0.10000000000000001,2011,310.34339348477079,1,28.749508860778413,28.749508860778413,28.749508860778413,28.749508860778413
201.19999999999285,0.10000000000000001,2012,310.34182035151645,1,28.743197668826078,28.743197668826078,28.743197668826078,28.743197668826078
201.29999999999285,0.10000000000000001,2013,310.34024604523489,1,28.736932883228747,28.736932883228747,28.736932883228747,28.736932883228747
201.39999999999284,0.10000000000000001,2014,310.33867060335274,1,28.730685089303474,28.730685089303474,28.730685089303474,28.730685089303474
201.49999999999284,0.10000000000000001,2015,310.33709403447131,1,28.72447077063865,28.72447077063865,28.72447077063865,28.72447077063865
201.59999999999283,0.10000000000000001,2016,310.33551638652119,1,28.718325697387762,28.718325697387762,28.718325697387762,28.718325697387762
201.69999999999283,0.10000000000000001,2017,310.33393776376249,1,28.712710147040433,28.712710147040433,28.712710147040433,28.712710147040433
201.79999999999282,0.10000000000000001,2018,310.3323590469443,1,28.707169958540614,28.707169958540614,28.707169958540614,28.707169958540614
201.89999999999281,0.10000000000000001,2019,310.33078038835646,1,28.701616527572948,28.701616527572948,28.701616527572948,28.701616527572948
201.99999999999281,0.10000000000000001,2020,310.32920183301246,1,28.696055002001579,28.696055002001579,28.696055002001579,28.696055002001579
202.0999999999928,0.10000000000000001,2021,310.32762342588109,1,28.690506926462437,28.690506926462437,28.690506926462437,28.690506926462437
202.1999999999928,0.10000000000000001,2022,310.32604522759158,1,28.684931707799464,28.684931707799464,28.684931707799464,28.684931707799464
202.29999999999279,0.10000000000000001,2023,310.32446722365648,1,28.679053428075189,28.679053428075189,28.679053428075189,28.679053428075189
202.39999999999279,0.10000000000000001,2024,310.32288893140202,1,28.672969619711914,28.672969619711914,28.672969619711914,28.672969619711914
202.49999999999278,0.10000000000000001,2025,310.32131000514744,1,28.666554111639474,28.666554111639474,28.666554111639474,28.666554111639474
202.59999999999278,0.10000000000000001,2026,310.31972987613204,1,28.660152251252676,28.660152251252676,28.660152251252676,28.660152251252676
202.69999999999277,0.10000000000000001,2027,310.31814854751849,1,28.653824324991877,28.653824324991877,28.653824324991877,28.653824324991877
202.79999999999276,0.10000000000000001,2028,310.31656611127619,1,28.64743215259551,28.64743215259551,28.64743215259551,28.64743215259551
202.89999999999276,0.10000000000000001,2029,310.31498242122575,1,28.641020736022618,28.641020736022618,28.641020736022618,28.641020736022618
202.99999999999275,0.10000000000000001,2030,310.3133974047692,1,28.634593473608707,28.634593473608707,28.634593473608707,28.634593473608707
203.09999999999275,0.10000000000000001,2031,310.31181100506956,1,28.628150656532281,28.628150656532281,28.628150656532281,28.628150656532281
203.19999999999274,0.10000000000000001,2032,310.31022317243969,1,28.621694644664913,28.621694644664913,28.621694644664913,28.621694644664913
203.29999999999274,0.10000000000000001,2033,310.30863386569973,1,28.61522776016016,28.61522776016016,28.61522776016016,28.61522776016016
203.39999999999273,0.10000000000000001,2034,310.30704305078825,1,28.608821765256604,28.608821765256604,28.608821765256604,28.608821765256604
203.49999999999272,0.10000000000000001,2035,310.30545081359156,1,28.604012659862345,28.604012659862345,28.604012659862345,28.604012659862345
203.59999999999272,0.10000000000000001,2036,310.30385977461805,1,28.599392363615699,28.599392363615699,28.599392363615699,28.599392363615699
203.69999999999271,0.10000000000000001,2037,310.30227020832706,1,28.594802851181356,28.594802851181356,28.594802851181356,28.594802851181356
203.79999999999271,0.10000000000000001,2038,310.30068214213566,1,28.590231601463206,28.590231601463206,28.590231601463206,28.590231601463206
203.8999999999927,0.10000000000000001,2039,310.29909558012349,1,28.585650790363044,28.585650790363044,28.585650790363044,28.585650790363044
203.9999999999927,0.10000000000000001,2040,310.29751047933246,1,28.581026468589133,28.581026468589133,28.581026468589133,28.581026468589133
204.09999999999269,0.10000000000000001,2041,310.29592674794822,1,28.576181191770207,28.576181191770207,28.576181191770207,28.576181191770207
204.19999999999268,0.10000000000000001,2042,310.29434400338079,1,28.571379711710225,28.571379711710225,28.571379711710225,28.571379711710225
204.29999999999268,0.10000000000000001,2043,310.2927622844856,1,28.566674837469453,28.566674837469453,28.566674837469453,28.566674837469453
204.39999999999267,0.10000000000000001,2044,310.29118168278774,1,28.56197401544016,28.56197401544016,28.56197401544016,28.56197401544016
204.49999999999267,0.10000000000000001,2045,310.28960212307294,1,28.557440729833061,28.557440729833061,28.557440729833061,28.557440729833061
204.59999999999266,0.10000000000000001,2046,310.28802379230609,1,28.552982883887466,28.552982883887466,28.552982883887466,28.552982883887466
204.69999999999266,0.10000000000000001,2047,310.28644672597648,1,28.548527333639324,28.548527333639324,28.548527333639324,28.548527333639324
204.79999999999265,0.10000000000000001,2048,310.28487085284826,1,28.54405711136495,28.54405711136495,28.54405711136495,28.54405711136495
204.89999999999264,0.10000000000000001,2049,310.28329609479431,1,28.539568159119227,28.539568159119227,28.539568159119227,28.539568159119227
204.99999999999264,0.10000000000000001,2050,310.28172237833905,1,28.535063128769799,28.535063128769799,28.535063128769799,28.535063128769799
205.09999999999263,0.10000000000000001,2051,310.28014964143847,1,28.530576914437145,28.530576914437145,28.530576914437145,28.530576914437145
205.19999999999263,0.10000000000000001,2052,310.2785778915561,1,28.526179545416216,28.526179545416216,28.526179545416216,28.526179545416216
205.29999999999262,0.10000000000000001,2053,310.27700726601796,1,28.522717321236534,28.522717321236534,28.522717321236534,28.522717321236534
205.39999999999262,0.10000000000000001,2054,310.27543930199204,1,28.519336606724327,28.519336606724327,28.519336606724327,28.519336606724327
205.49999999999261,0.10000000000000001,2055,310.27387411510733,1,28.515970367616919,28.515970367616919,28.515970367616919,28.515970367616919
205.5999999999926,0.10000000000000001,2056,310.27231171631246,1,28.512626933327287,28.512626933327287,28.512626933327287,28.512626933327287
205.6999999999926,0.10000000000000001,2057,310.27075212972562,1,28.509312513416408,28.509312513416408,28.509312513416408,28.509312513416408
205.79999999999259,0.10000000000000001,2058,310.26919538551817,1,28.506031376776416,28.506031376776416,28.506031376776416,28.506031376776416
205.89999999999259,0.10000000000000001,2059,310.26764151921003,1,28.502770263203995,28.502770263203995,28.502770263203995,28.502770263203995
205.99999999999258,0.10000000000000001,2060,310.26609054126124,1,28.499629782813631,28.499629782813631,28.499629782813631,28.499629782813631
206.09999999999258,0.10000000000000001,2061,310.26454260939153,1,28.496625111207312,28.496625111207312,28.496625111207312,28.496625111207312
206.19999999999257,0.10000000000000001,2062,310.26299787229601,1,28.493711752241342,28.493711752241342,28.493711752241342,28.493711752241342
206.29999999999256,0.10000000000000001,2063,310.26145639206413,1,28.490954211931086,28.490954211931086,28.490954211931086,28.490954211931086
206.39999999999256,0.10000000000000001,2064,310.25991832789754,1,28.488368178419503,28.488368178419503,28.488368178419503,28.488368178419503
206.49999999999255,0.10000000000000001,2065,310.25838386723728,1,28.48603037897178,28.48603037897178,28.48603037897178,28.48603037897178
206.59999999999255,0.10000000000000001,2066,310.25685333242387,1,28.483846987430347,28.483846987430347,28.483846987430347,28.483846987430347
206.69999999999254,0.10000000000000001,2067,310.25532689523999,1,28.481773442931047,28.481773442931047,28.481773442931047,28.481773442931047
206.79999999999254,0.10000000000000001,2068,310.25380465515411,1,28.479859264498515,28.479859264498515,28.479859264498515,28.479859264498515
206.89999999999253,0.10000000000000001,2069,310.25228679179008,1,28.478078317608677,28.478078317608677,28.478078317608677,28.478078317608677
206.99999999999253,0.10000000000000001,2070,310.25077343846112,1,28.476433495528969,28.476433495528969,28.476433495528969,28.476433495528969
207.09999999999252,0.10000000000000001,2071,310.24926473545213,1,28.475993642263514,28.475993642263514,28.475993642263514,28.475993642263514
207.19999999999251,0.10000000000000001,2072,310.24776258542101,1,28.475789766212266,28.475789766212266,28.475789766212266,28.475789766212266
207.29999999999251,0.10000000000000001,2073,310.24626727003454,1,28.475621871931054,28.475621871931054,28.475621871931054,28.475621871931054
207.3999999999925,0.10000000000000001,2074,310.24477875566822,1,28.475518619548136,28.475518619548136,28.475518619548136,28.475518619548136
207.4999999999925,0.10000000000000001,2075,310.24329706310527,1,28.475457463601646,28.475457463601646,28.475457463601646,28.475457463601646
207.59999999999249,0.10000000000000001,2076,310.24182217713769,1,28.475417590986325,28.475417590986325,28.475417590986325,28.475417590986325
207.69999999999249,0.10000000000000001,2077,310.24035405279403,1,28.475227584580374,28.475227584580374,28.475227584580374,28.475227584580374
207.79999999999248,0.10000000000000001,2078,310.23889236384838,1,28.475158640117154,28.475158640117154,28.475158640117154,28.475158640117154
207.89999999999247,0.10000000000000001,2079,310.23743722950439,1,28.475175660201977,28.475175660201977,28.475175660201977,28.475175660201977
207.99999999999247,0.10000000000000001,2080,310.23598869868539,1,28.475272985792376,28.475272985792376,28.475272985792376,28.475272985792376
208.09999999999246,0.10000000000000001,2081,310.23454680675411,1,28.475432359909092,28.475432359909092,28.475432359909092,28.475432359909092
208.19999999999246,0.10000000000000001,2082,310.23311155596048,1,28.475619852664124,28.475619852664124,28.475619852664124,28.475619852664124
208.29999999999245,0.10000000000000001,2083,310.23168289482635,1,28.475843143657492,28.475843143657492,28.475843143657492,28.475843143657492
208.39999999999245,0.10000000000000001,2084,310.23026078911141,1,28.476102397488834,28.476102397488834,28.476102397488834,28.476102397488834
208.49999999999244,0.10000000000000001,2085,310.2288452071748,1,28.476397041137552,28.476397041137552,28.476397041137552,28.476397041137552
208.59999999999243,0.10000000000000001,2086,310.22743611809744,1,28.476753635686112,28.476753635686112,28.476753635686112,28.476753635686112
208.69999999999243,0.10000000000000001,2087,310.22603353455082,1,28.477175544441423,28.477175544441423,28.477175544441423,28.477175544441423
208.79999999999242,0.10000000000000001,2088,310.2246374734122,1,28.477613347013062,28.477613347013062,28.477613347013062,28.477613347013062
208.89999999999242,0.10000000000000001,2089,310.22324787025144,1,28.478056836455195,28.478056836455195,28.478056836455195,28.478056836455195
208.99999999999241,0.10000000000000001,2090,310.22186464583206,1,28.47878553066473,28.47878553066473,28.47878553066473,28.47878553066473
209.09999999999241,0.10000000000000001,2091,310.22048818633755,1,28.479769555776649,28.479769555776649,28.479769555776649,28.479769555776649
209.1999999999924,0.10000000000000001,2092,310.21911881918669,1,28.48099519085325,28.48099519085325,28.48099519085325,28.48099519085325
209.29999999999239,0.10000000000000001,2093,310.21775684534953,1,28.48243331288359,28.48243331288359,28.48243331288359,28.48243331288359
209.39999999999239,0.10000000000000001,2094,310.21640252095096,1,28.484006626513665,28.484006626513665,28.484006626513665,28.484006626513665
209.49999999999238,0.10000000000000001,2095,310.2150559813403,1,28.485747399303303,28.485747399303303,28.485747399303303,28.485747399303303
209.59999999999238,0.10000000000000001,2096,310.21371742655532,1,28.487603501319743,28.487603501319743,28.487603501319743,28.487603501319743
209.69999999999237,0.10000000000000001,2097,310.21238697087472,1,28.489386569062489,28.489386569062489,28.489386569062489,28.489386569062489
209.79999999999237,0.10000000000000001,2098,310.21106441053371,1,28.491226205669779,28.491226205669779,28.491226205669779,28.491226205669779
209.89999999999236,0.10000000000000001,2099,310.20974975013462,1,28.493177003089592,28.493177003089592,28.493177003089592,28.493177003089592
209.99999999999235,0.10000000000000001,2100,310.2084430759694,1,28.495285818349839,28.495285818349839,28.495285818349839,28.495285818349839
210.09999999999235,0.10000000000000001,2101,310.20714455448552,1,28.497624568860569,28.497624568860569,28.497624568860569,28.497624568860569
210.19999999999234,0.10000000000000001,2102,310.20585447780627,1,28.500048019043277,28.500048019043277,28.500048019043277,28.500048019043277
210.29999999999234,0.10000000000000001,2103,310.2045728987664,1,28.50254268840126,28.50254268840126,28.50254268840126,28.50254268840126
210.39999999999233,0.10000000000000001,2104,310.20329984739612,1,28.505140669539987,28.505140669539987,28.505140669539987,28.505140669539987
210.49999999999233,0.10000000000000001,2105,310.20203540204921,1,28.507843431925359,28.507843431925359,28.507843431925359,28.507843431925359
210.59999999999232,0.10000000000000001,2106,310.2007796399281,1,28.510620874517006,28.510620874517006,28.510620874517006,28.510620874517006
210.69999999999231,0.10000000000000001,2107,310.19953258686274,1,28.514208395964683,28.514208395964683,28.514208395964683,28.514208395964683
210.79999999999231,0.10000000000000001,2108,310.19829547031594,1,28.518096995124441,28.518096995124441,28.518096995124441,28.518096995124441
210.8999999999923,0.10000000000000001,2109,310.19706865395614,1,28.522157178570442,28.522157178570442,28.522157178570442,28.522157178570442
210.9999999999923,0.10000000000000001,2110,310.1958522938292,1,28.526430968034706,28.526430968034706,28.526430968034706,28.526430968034706
211.09999999999229,0.10000000000000001,2111,310.19464662172248,1,28.530827495559919,28.530827495559919,28.530827495559919,28.530827495559919
211.19999999999229,0.10000000000000001,2112,310.19345172230453,1,28.535300619405668,28.535300619405668,28.535300619405668,28.535300619405668
211.29999999999228,0.10000000000000001,2113,310.19226760826621,1,28.539716294884332,28.539716294884332,28.539716294884332,28.539716294884332
211.39999999999227,0.10000000000000001,2114,310.19109407272185,1,28.544279826438338,28.544279826438338,28.544279826438338,28.544279826438338
211.49999999999227,0.10000000000000001,2115,310.18993125308435,1,28.54879646616352,28.54879646616352,28.54879646616352,28.54879646616352
211.59999999999226,0.10000000000000001,2116,310.1887789710683,1,28.553409448796959,28.553409448796959,28.553409448796959,28.553409448796959
211.69999999999226,0.10000000000000001,2117,310.187637285817,1,28.558015752599381,28.558015752599381,28.558015752599381,28.558015752599381
211.79999999999225,0.10000000000000001,2118,310.18650608024444,1,28.562684250077609,28.562684250077609,28.562684250077609,28.562684250077609
211.89999999999225,0.10000000000000001,2119,310.18538535044047,1,28.567425625061833,28.567425625061833,28.567425625061833,28.567425625061833
211.99999999999224,0.10000000000000001,2120,310.18427510386556,1,28.57223327717692,28.57223327717692,28.57223327717692,28.57223327717692
212.09999999999224,0.10000000000000001,2121,310.18317532388147,1,28.577108796983783,28.577108796983783,28.577108796983783,28.577108796983783
212.19999999999223,0.10000000000000001,2122,310.18208599039536,1,28.582074406673954,28.582074406673954,28.582074406673954,28.582074406673954
212.29999999999222,0.10000000000000001,2123,310.18100711937768,1,28.587136101117906,28.587136101117906,28.587136101117906,28.587136101117906
212.39999999999222,0.10000000000000001,2124,310.17993872757739,1,28.592149476004625,28.592149476004625,28.592149476004625,28.592149476004625
212.49999999999221,0.10000000000000001,2125,310.17888058069769,1,28.596057446189768,28.596057446189768,28.596057446189768,28.596057446189768
212.59999999999221,0.10000000000000001,2126,310.17783071639616,1,28.600105023881692,28.600105023881692,28.600105023881692,28.600105023881692
212.6999999999922,0.10000000000000001,2127,310.17678927071478,1,28.604243873895626,28.604243873895626,28.604243873895626,28.604243873895626
212.7999999999922,0.10000000000000001,2128,310.17575630375848,1,28.608477922699301,28.608477922699301,28.608477922699301,28.608477922699301
212.89999999999219,0.10000000000000001,2129,310.1747318777866,1,28.612826280610072,28.612826280610072,28.612826280610072,28.612826280610072
212.99999999999218,0.10000000000000001,2130,310.17371608068822,1,28.617291743262509,28.617291743262509,28.617291743262509,28.617291743262509
213.09999999999218,0.10000000000000001,2131,310.17270900398421,1,28.621864905943063,28.621864905943063,28.621864905943063,28.621864905943063
213.19999999999217,0.10000000000000001,2132,310.17171072223175,1,28.62663770629073,28.62663770629073,28.62663770629073,28.62663770629073
213.29999999999217,0.10000000000000001,2133,310.17072146055085,1,28.631499636824405,28.631499636824405,28.631499636824405,28.631499636824405
213.39999999999216,0.10000000000000001,2134,310.16974126262602,1,28.636484456214543,28.636484456214543,28.636484456214543,28.636484456214543
213.49999999999216,0.10000000000000001,2135,310.16877023131303,1,28.641738772648221,28.641738772648221,28.641738772648221,28.641738772648221
213.59999999999215,0.10000000000000001,2136,310.16780870518335,1,28.647388764146001,28.647388764146001,28.647388764146001,28.647388764146001
213.69999999999214,0.10000000000000001,2137,310.16685722012846,1,28.653531092382789,28.653531092382789,28.653531092382789,28.653531092382789
213.79999999999214,0.10000000000000001,2138,310.16591646838384,1,28.659978216483172,28.659978216483172,28.659978216483172,28.659978216483172
213.89999999999213,0.10000000000000001,2139,310.16498682064173,1,28.666654800542378,28.666654800542378,28.666654800542378,28.666654800542378
213.99999999999213,0.10000000000000001,2140,310.16406852210815,1,28.673575816166156,28.673575816166156,28.673575816166156,28.673575816166156
214.09999999999212,0.10000000000000001,2141,310.16316184666351,1,28.680746934040069,28.680746934040069,28.680746934040069,28.680746934040069
214.19999999999212,0.10000000000000001,2142,310.1622670710218,1,28.68794583973165,28.68794583973165,28.68794583973165,28.68794583973165
214.29999999999211,0.10000000000000001,2143,310.16138409502742,1,28.694426198927498,28.694426198927498,28.694426198927498,28.694426198927498
214.3999999999921,0.10000000000000001,2144,310.16051157759688,1,28.701263673354546,28.701263673354546,28.701263673354546,28.701263673354546
214.4999999999921,0.10000000000000001,2145,310.15964996476271,1,28.708403437781328,28.708403437781328,28.708403437781328,28.708403437781328
214.59999999999209,0.10000000000000001,2146,310.15879959876986,1,28.715827993305599,28.715827993305599,28.715827993305599,28.715827993305599
214.69999999999209,0.10000000000000001,2147,310.15796079270348,1,28.723458550712376,28.723458550712376,28.723458550712376,28.723458550712376
214.79999999999208,0.10000000000000001,2148,310.15713374470988,1,28.731205576076263,28.731205576076263,28.731205576076263,28.731205576076263
214.89999999999208,0.10000000000000001,2149,310.15631852061091,1,28.739234379733574,28.739234379733574,28.739234379733574,28.739234379733574
214.99999999999207,0.10000000000000001,2150,310.15551548086705,1,28.74748252130118,28.74748252130118,28.74748252130118,28.74748252130118
215.09999999999206,0.10000000000000001,2151,310.15472489304483,1,28.755656732698029,28.755656732698029,28.755656732698029,28.755656732698029
215.19999999999206,0.10000000000000001,2152,310.1539465491195,1,28.763765036152691,28.763765036152691,28.763765036152691,28.763765036152691
215.29999999999205,0.10000000000000001,2153,310.15318025742596,1,28.771825601846619,28.771825601846619,28.771825601846619,28.771825601846619
215.39999999999205,0.10000000000000001,2154,310.15242585848011,1,28.779926541942306,28.779926541942306,28.779926541942306,28.779926541942306
215.49999999999204,0.10000000000000001,2155,310.15168334388028,1,28.788078383314716,28.788078383314716,28.788078383314716,28.788078383314716
215.59999999999204,0.10000000000000001,2156,310.15095272560029,1,28.796174701984089,28.796174701984089,28.796174701984089,28.796174701984089
215.69999999999203,0.10000000000000001,2157,310.15023383990194,1,28.804191609941029,28.804191609941029,28.804191609941029,28.804191609941029
215.79999999999202,0.10000000000000001,2158,310.14952648398292,1,28.812165885500722,28.812165885500722,28.812165885500722,28.812165885500722
215.89999999999202,0.10000000000000001,2159,310.14883051539999,1,28.820131577137083,28.820131577137083,28.820131577137083,28.820131577137083
215.99999999999201,0.10000000000000001,2160,310.14814584718886,1,28.828304371355557,28.828304371355557,28.828304371355557,28.828304371355557
216.09999999999201,0.10000000000000001,2161,310.14747274863441,1,28.838933580306904,28.838933580306904,28.838933580306904,28.838933580306904
216.199999999992,0.10000000000000001,2162,310.14681516385963,1,28.849883409321187,28.849883409321187,28.849883409321187,28.849883409321187
216.299999999992,0.10000000000000001,2163,310.14617342198807,1,28.861003714706463,28.861003714706463,28.861003714706463,28.861003714706463
216.39999999999199,0.10000000000000001,2164,310.14554761038772,1,28.872326807189864,28.872326807189864,28.872326807189864,28.872326807189864
216.49999999999199,0.10000000000000001,2165,310.14493788757903,1,28.883722205040701,28.883722205040701,28.883722205040701,28.883722205040701
216.59999999999198,0.10000000000000001,2166,310.14434421184933,1,28.895148060962097,28.895148060962097,28.895148060962097,28.895148060962097
216.69999999999197,0.10000000000000001,2167,310.14376648126989,1,28.906656050118045,28.906656050118045,28.906656050118045,28.906656050118045
216.79999999999197,0.10000000000000001,2168,310.14320468557361,1,28.918178830780946,28.918178830780946,28.918178830780946,28.918178830780946
216.89999999999196,0.10000000000000001,2169,310.14265872054028,1,28.929466994652,28.929466994652,28.929466994652,28.929466994652
216.99999999999196,0.10000000000000001,2170,310.14212810589123,1,28.940697617090059,28.940697617090059,28.940697617090059,28.940697617090059
217.09999999999195,0.10000000000000001,2171,310.14161266840972,1,28.951752224255017,28.951752224255017,28.951752224255017,28.951752224255017
217.19999999999195,0.10000000000000001,2172,310.14111204237616,1,28.962806267418358,28.962806267418358,28.962806267418358,28.962806267418358
217.29999999999194,0.10000000000000001,2173,310.1406261509087,1,28.973881055555005,28.973881055555005,28.973881055555005,28.973881055555005
217.39999999999193,0.10000000000000001,2174,310.14015493884546,1,28.984966330507934,28.984966330507934,28.984966330507934,28.984966330507934
217.49999999999193,0.10000000000000001,2175,310.1396983046069,1,28.99606912127328,28.99606912127328,28.99606912127328,28.99606912127328
217.59999999999192,0.10000000000000001,2176,310.13925614305344,1,29.007184015401403,29.007184015401403,29.007184015401403,29.007184015401403
217.69999999999192,0.10000000000000001,2177,310.13882833997792,1,29.018292365077365,29.018292365077365,29.018292365077365,29.018292365077365
217.79999999999191,0.10000000000000001,2178,310.13841473577816,1,29.029620168288307,29.029620168288307,29.029620168288307,29.029620168288307
217.89999999999191,0.10000000000000001,2179,310.13801552678711,1,29.043349570309957,29.043349570309957,29.043349570309957,29.043349570309957
217.9999999999919,0.10000000000000001,2180,310.13763448088474,1,29.05725812001663,29.05725812001663,29.05725812001663,29.05725812001663
218.09999999999189,0.10000000000000001,2181,310.13727163464711,1,29.071184330827307,29.071184330827307,29.071184330827307,29.071184330827307
218.19999999999189,0.10000000000000001,2182,310.13692679920143,1,29.085134889778001,29.085134889778001,29.085134889778001,29.085134889778001
218.29999999999188,0.10000000000000001,2183,310.13659981580128,1,29.099086989041105,29.099086989041105,29.099086989041105,29.099086989041105
218.39999999999188,0.10000000000000001,2184,310.13629049999656,1,29.113047525020701,29.113047525020701,29.113047525020701,29.113047525020701
218.49999999999187,0.10000000000000001,2185,310.13599869162829,1,29.127051411972104,29.127051411972104,29.127051411972104,29.127051411972104
218.59999999999187,0.10000000000000001,2186,310.13572429607444,1,29.140970046768352,29.140970046768352,29.140970046768352,29.140970046768352
218.69999999999186,0.10000000000000001,2187,310.13546702495586,1,29.154740522525849,29.154740522525849,29.154740522525849,29.154740522525849
218.79999999999185,0.10000000000000001,2188,310.13522652880749,1,29.168430278884834,29.168430278884834,29.168430278884834,29.168430278884834
218.89999999999185,0.10000000000000001,2189,310.1350025911326,1,29.18213873581551,29.18213873581551,29.18213873581551,29.18213873581551
218.99999999999184,0.10000000000000001,2190,310.13479516723055,1,29.196103306942735,29.196103306942735,29.196103306942735,29.196103306942735
219.09999999999184,0.10000000000000001,2191,310.13460459545973,1,29.210294428611213,29.210294428611213,29.210294428611213,29.210294428611213
219.19999999999183,0.10000000000000001,2192,310.13443115251914,1,29.224650061544001,29.224650061544001,29.224650061544001,29.224650061544001
219.29999999999183,0.10000000000000001,2193,310.13427498566136,1,29.239124899380215,29.239124899380215,29.239124899380215,29.239124899380215
219.39999999999182,0.10000000000000001,2194,310.13413615801193,1,29.253686128389226,29.253686128389226,29.253686128389226,29.253686128389226
219.49999999999181,0.10000000000000001,2195,310.1340146873672,1,29.268236960173621,29.268236960173621,29.268236960173621,29.268236960173621
219.59999999999181,0.10000000000000001,2196,310.13391042361366,1,29.282939269189868,29.282939269189868,29.282939269189868,29.282939269189868
219.6999999999918,0.10000000000000001,2197,310.13382347394128,1,29.298732556752434,29.298732556752434,29.298732556752434,29.298732556752434
219.7999999999918,0.10000000000000001,2198,310.13375545845963,1,29.314533939519297,29.314533939519297,29.314533939519297,29.314533939519297
219.89999999999179,0.10000000000000001,2199,310.13370615258657,1,29.33043003503488,29.33043003503488,29.33043003503488,29.33043003503488
219.99999999999179,0.10000000000000001,2200,310.13367547356586,1,29.346415665968053,29.346415665968053,29.346415665968053,29.346415665968053
220.09999999999178,0.10000000000000001,2201,310.13366334882573,1,29.362441967099617,29.362441967099617,29.362441967099617,29.362441967099617
220.19999999999177,0.10000000000000001,2202,310.13366966151926,1,29.37844987090822,29.37844987090822,29.37844987090822,29.37844987090822
220.29999999999177,0.10000000000000001,2203,310.13369421812462,1,29.394416829231094,29.394416829231094,29.394416829231094,29.394416829231094
220.39999999999176,0.10000000000000001,2204,310.13373682735613,1,29.409969174797933,29.409969174797933,29.409969174797933,29.409969174797933
220.49999999999176,0.10000000000000001,2205,310.13379674561804,1,29.424941640512579,29.424941640512579,29.424941640512579,29.424941640512579
220.59999999999175,0.10000000000000001,2206,310.13387304695942,1,29.439748894858589,29.439748894858589,29.439748894858589,29.439748894858589
220.69999999999175,0.10000000000000001,2207,310.13396551630393,1,29.454263060071145,29.454263060071145,29.454263060071145,29.454263060071145
220.79999999999174,0.10000000000000001,2208,310.13407373615405,1,29.468730080248903,29.468730080248903,29.468730080248903,29.468730080248903
220.89999999999173,0.10000000000000001,2209,310.13419769591655,1,29.482996359190992,29.482996359190992,29.482996359190992,29.482996359190992
220.99999999999173,0.10000000000000001,2210,310.13433711045786,1,29.497135480144241,29.497135480144241,29.497135480144241,29.497135480144241
221.09999999999172,0.10000000000000001,2211,310.13449179498167,1,29.511157632247073,29.511157632247073,29.511157632247073,29.511157632247073
221.19999999999172,0.10000000000000001,2212,310.13466156845305,1,29.525069578757726,29.525069578757726,29.525069578757726,29.525069578757726
221.29999999999171,0.10000000000000001,2213,310.13484625251692,1,29.538799071314681,29.538799071314681,29.538799071314681,29.538799071314681
221.39999999999171,0.10000000000000001,2214,310.13504554452732,1,29.552449467724163,29.552449467724163,29.552449467724163,29.552449467724163
221.4999999999917,0.10000000000000001,2215,310.13525930784277,1,29.566631230776114,29.566631230776114,29.566631230776114,29.566631230776114
221.5999999999917,0.10000000000000001,2216,310.13548837501895,1,29.580738842048529,29.580738842048529,29.580738842048529,29.580738842048529
221.69999999999169,0.10000000000000001,2217,310.13573249837589,1,29.594924923486769,29.594924923486769,29.594924923486769,29.594924923486769
221.79999999999168,0.10000000000000001,2218,310.13599164143267,1,29.609065314866815,29.609065314866815,29.609065314866815,29.609065314866815
221.89999999999168,0.10000000000000001,2219,310.13626557007956,1,29.623208243827495,29.623208243827495,29.623208243827495,29.623208243827495
221.99999999999167,0.10000000000000001,2220,310.136554150189,1,29.637397008846445,29.637397008846445,29.637397008846445,29.637397008846445
222.09999999999167,0.10000000000000001,2221,310.13685731700684,1,29.651700908532465,29.651700908532465,29.651700908532465,29.651700908532465
222.19999999999166,0.10000000000000001,2222,310.13717512336132,1,29.665723023832129,29.665723023832129,29.665723023832129,29.665723023832129
222.29999999999166,0.10000000000000001,2223,310.13750702135792,1,29.679439227785814,29.679439227785814,29.679439227785814,29.679439227785814
222.39999999999165,0.10000000000000001,2224,310.13785252650416,1,29.693051467566264,29.693051467566264,29.693051467566264,29.693051467566264
222.49999999999164,0.10000000000000001,2225,310.13821153063634,1,29.706667377643157,29.706667377643157,29.706667377643157,29.706667377643157
222.59999999999164,0.10000000000000001,2226,310.13858411591343,1,29.720572204353633,29.720572204353633,29.720572204353633,29.720572204353633
222.69999999999163,0.10000000000000001,2227,310.13897080925784,1,29.734647920601081,29.734647920601081,29.734647920601081,29.734647920601081
222.79999999999163,0.10000000000000001,2228,310.13937191065355,1,29.748855224424304,29.748855224424304,29.748855224424304,29.748855224424304
222.89999999999162,0.10000000000000001,2229,310.13978764025893,1,29.763135421393169,29.763135421393169,29.763135421393169,29.763135421393169
222.99999999999162,0.10000000000000001,2230,310.1402181144897,1,29.777464160992778,29.777464160992778,29.777464160992778,29.777464160992778
223.09999999999161,0.10000000000000001,2231,310.1406634070816,1,29.791833644901377,29.791833644901377,29.791833644901377,29.791833644901377
223.1999999999916,0.10000000000000001,2232,310.14112357769102,1,29.80609268245253,29.80609268245253,29.80609268245253,29.80609268245253
223.2999999999916,0.10000000000000001,2233,310.14159843137759,1,29.817368241063118,29.817368241063118,29.817368241063118,29.817368241063118
223.39999999999159,0.10000000000000001,2234,310.14208305800128,1,29.828440246714194,29.828440246714194,29.828440246714194,29.828440246714194
223.49999999999159,0.10000000000000001,2235,310.14257720639608,1,29.83945935769674,29.83945935769674,29.83945935769674,29.83945935769674
223.59999999999158,0.10000000000000001,2236,310.14308083274199,1,29.850390534951966,29.850390534951966,29.850390534951966,29.850390534951966
223.69999999999158,0.10000000000000001,2237,310.14359380643845,1,29.861236702599989,29.861236702599989,29.861236702599989,29.861236702599989
223.79999999999157,0.10000000000000001,2238,310.14411600262372,1,29.871987098122297,29.871987098122297,29.871987098122297,29.871987098122297
223.89999999999156,0.10000000000000001,2239,310.14464727030509,1,29.882616704207795,29.882616704207795,29.882616704207795,29.882616704207795
223.99999999999156,0.10000000000000001,2240,310.14518741391652,1,29.893095366851988,29.893095366851988,29.893095366851988,29.893095366851988
224.09999999999155,0.10000000000000001,2241,310.14573620679943,1,29.903397198402523,29.903397198402523,29.903397198402523,29.903397198402523
224.19999999999155,0.10000000000000001,2242,310.14629341404969,1,29.913612774165518,29.913612774165518,29.913612774165518,29.913612774165518
224.29999999999154,0.10000000000000001,2243,310.14685896628271,1,29.923945688147324,29.923945688147324,29.923945688147324,29.923945688147324
224.39999999999154,0.10000000000000001,2244,310.14743314173529,1,29.934492862951569,29.934492862951569,29.934492862951569,29.934492862951569
224.49999999999153,0.10000000000000001,2245,310.14801632971228,1,29.945106304603517,29.945106304603517,29.945106304603517,29.945106304603517
224.59999999999152,0.10000000000000001,2246,310.14860867146621,1,29.955764570086711,29.955764570086711,29.955764570086711,29.955764570086711
224.69999999999152,0.10000000000000001,2247,310.14921029867213,1,29.966410561733618,29.966410561733618,29.966410561733618,29.966410561733618
224.79999999999151,0.10000000000000001,2248,310.14982126266551,1,29.977043975478953,29.977043975478953,29.977043975478953,29.977043975478953
224.89999999999151,0.10000000000000001,2249,310.15044161081272,1,29.987692027460096,29.987692027460096,29.987692027460096,29.987692027460096
224.9999999999915,0.10000000000000001,2250,310.15107145281962,1,29.998277258849694,29.998277258849694,29.998277258849694,29.998277258849694
225.0999999999915,0.10000000000000001,2251,310.15171079022576,1,30.006948852952146,30.006948852952146,30.006948852952146,30.006948852952146
225.19999999999149,0.10000000000000001,2252,310.15235660509217,1,30.015460101266225,30.015460101266225,30.015460101266225,30.015460101266225
225.29999999999148,0.10000000000000001,2253,310.15300883032279,1,30.023946493712309,30.023946493712309,30.023946493712309,30.023946493712309
225.39999999999148,0.10000000000000001,2254,310.15366756298374,1,30.032384173322413,30.032384173322413,30.032384173322413,30.032384173322413
225.49999999999147,0.10000000000000001,2255,310.15433283577983,1,30.040760098434028,30.040760098434028,30.040760098434028,30.040760098434028
225.59999999999147,0.10000000000000001,2256,310.1550046487481,1,30.049074119393914,30.049074119393914,30.049074119393914,30.049074119393914
225.69999999999146,0.10000000000000001,2257,310.15568298962796,1,30.057347377587519,30.057347377587519,30.057347377587519,30.057347377587519
225.79999999999146,0.10000000000000001,2258,310.1563678729193,1,30.065685476945426,30.065685476945426,30.065685476945426,30.065685476945426
225.89999999999145,0.10000000000000001,2259,310.15705945649887,1,30.074192981481623,30.074192981481623,30.074192981481623,30.074192981481623
225.99999999999145,0.10000000000000001,2260,310.1577580091751,1,30.08271840241995,30.08271840241995,30.08271840241995,30.08271840241995
226.09999999999144,0.10000000000000001,2261,310.15846352191045,1,30.091573364419922,30.091573364419922,30.091573364419922,30.091573364419922
226.19999999999143,0.10000000000000001,2262,310.15917647946247,1,30.100642236223614,30.100642236223614,30.100642236223614,30.100642236223614
226.29999999999143,0.10000000000000001,2263,310.15989717095033,1,30.11010947497661,30.11010947497661,30.11010947497661,30.11010947497661
226.39999999999142,0.10000000000000001,2264,310.16062620643231,1,30.119763041128447,30.119763041128447,30.119763041128447,30.119763041128447
226.49999999999142,0.10000000000000001,2265,310.16136387670923,1,30.129538656894354,30.129538656894354,30.129538656894354,30.129538656894354
226.59999999999141,0.10000000000000001,2266,310.16211038447341,1,30.139395949127348,30.139395949127348,30.139395949127348,30.139395949127348
226.69999999999141,0.10000000000000001,2267,310.16286586762715,1,30.149387654293292,30.149387654293292,30.149387654293292,30.149387654293292
226.7999999999914,0.10000000000000001,2268,310.16363056862923,1,30.159207150801084,30.159207150801084,30.159207150801084,30.159207150801084
226.89999999999139,0.10000000000000001,2269,310.16440423718177,1,30.165685096438761,30.165685096438761,30.165685096438761,30.165685096438761
226.99999999999139,0.10000000000000001,2270,310.16518142348821,1,30.171961792221907,30.171961792221907,30.171961792221907,30.171961792221907
227.09999999999138,0.10000000000000001,2271,310.16596196141944,1,30.178179749004901,30.178179749004901,30.178179749004901,30.178179749004901
227.19999999999138,0.10000000000000001,2272,310.16674589749329,1,30.184360166631514,30.184360166631514,30.184360166631514,30.184360166631514
227.29999999999137,0.10000000000000001,2273,310.16753329368652,1,30.190504339371454,30.190504339371454,30.190504339371454,30.190504339371454
227.39999999999137,0.10000000000000001,2274,310.16832419322401,1,30.196614703976245,30.196614703976245,30.196614703976245,30.196614703976245
227.49999999999136,0.10000000000000001,2275,310.16911862780546,1,30.202701037299367,30.202701037299367,30.202701037299367,30.202701037299367
227.59999999999135,0.10000000000000001,2276,310.16991662798057,1,30.208835915744054,30.208835915744054,30.208835915744054,30.208835915744054
227.69999999999135,0.10000000000000001,2277,310.17071831609263,1,30.215085034745435,30.215085034745435,30.215085034745435,30.215085034745435
227.79999999999134,0.10000000000000001,2278,310.17152388218057,1,30.221353186006681,30.221353186006681,30.221353186006681,30.221353186006681
227.89999999999134,0.10000000000000001,2279,310.17233334252745,1,30.227767086233463,30.227767086233463,30.227767086233463,30.227767086233463
227.99999999999133,0.10000000000000001,2280,310.17314691027013,1,30.234232005086302,30.234232005086302,30.234232005086302,30.234232005086302
228.09999999999133,0.10000000000000001,2281,310.17396463817852,1,30.240962910788795,30.240962910788795,30.240962910788795,30.240962910788795
228.19999999999132,0.10000000000000001,2282,310.17478694372045,1,30.24781019644265,30.24781019644265,30.24781019644265,30.24781019644265
228.29999999999131,0.10000000000000001,2283,310.17561400265453,1,30.254745525365099,30.254745525365099,30.254745525365099,30.254745525365099
228.39999999999131,0.10000000000000001,2284,310.17644594659919,1,30.261750031545382,30.261750031545382,30.261750031545382,30.261750031545382
228.4999999999913,0.10000000000000001,2285,310.17728287621708,1,30.268853766418339,30.268853766418339,30.268853766418339,30.268853766418339
228.5999999999913,0.10000000000000001,2286,310.17812494196772,1,30.275870856656457,30.275870856656457,30.275870856656457,30.275870856656457
228.69999999999129,0.10000000000000001,2287,310.17897198307963,1,30.281412936851396,30.281412936851396,30.281412936851396,30.281412936851396
228.79999999999129,0.10000000000000001,2288,310.17982155370998,1,30.286919568822015,30.286919568822015,30.286919568822015,30.286919568822015
228.89999999999128,0.10000000000000001,2289,310.1806736319391,1,30.292413659418528,30.292413659418528,30.292413659418528,30.292413659418528
228.99999999999127,0.10000000000000001,2290,310.1815282418147,1,30.297904854089289,30.297904854089289,30.297904854089289,30.297904854089289
229.09999999999127,0.10000000000000001,2291,310.18238541455685,1,30.30337806673046,30.30337806673046,30.30337806673046,30.30337806673046
229.19999999999126,0.10000000000000001,2292,310.1832451498783,1,30.308800300117205,30.308800300117205,30.308800300117205,30.308800300117205
229.29999999999126,0.10000000000000001,2293,310.18410739374207,1,30.314117579327984,30.314117579327984,30.314117579327984,30.314117579327984
229.39999999999125,0.10000000000000001,2294,310.18497200435513,1,30.319318880707776,30.319318880707776,30.319318880707776,30.319318880707776
229.49999999999125,0.10000000000000001,2295,310.18583882325083,1,30.324319956238909,30.324319956238909,30.324319956238909,30.324319956238909
229.59999999999124,0.10000000000000001,2296,310.18670755827128,1,30.32930703907105,30.32930703907105,30.32930703907105,30.32930703907105
229.69999999999123,0.10000000000000001,2297,310.18757822784175,1,30.334280393013735,30.334280393013735,30.334280393013735,30.334280393013735
229.79999999999123,0.10000000000000001,2298,310.18845084677486,1,30.339229675072271,30.339229675072271,30.339229675072271,30.339229675072271
229.89999999999122,0.10000000000000001,2299,310.18932541098314,1,30.344150986967335,30.344150986967335,30.344150986967335,30.344150986967335
229.99999999999122,0.10000000000000001,2300,310.19020190952114,1,30.349047986314691,30.349047986314691,30.349047986314691,30.349047986314691
230.09999999999121,0.10000000000000001,2301,310.19108033731334,1,30.353920456120747,30.353920456120747,30.353920456120747,30.353920456120747
230.19999999999121,0.10000000000000001,2302,310.19196068840694,1,30.358772619832077,30.358772619832077,30.358772619832077,30.358772619832077
230.2999999999912,0.10000000000000001,2303,310.19284296325748,1,30.363607709796113,30.363607709796113,30.363607709796113,30.363607709796113
230.39999999999119,0.10000000000000001,2304,310.19372716688616,1,30.368332554847537,30.368332554847537,30.368332554847537,30.368332554847537
230.49999999999119,0.10000000000000001,2305,310.19461314389252,1,30.371481035421848,30.371481035421848,30.371481035421848,30.371481035421848
230.59999999999118,0.10000000000000001,2306,310.1954983228967,1,30.374584278732456,30.374584278732456,30.374584278732456,30.374584278732456
230.69999999999118,0.10000000000000001,2307,310.19638269586869,1,30.377747212656566,30.377747212656566,30.377747212656566,30.377747212656566
230.79999999999117,0.10000000000000001,2308,310.19726640245307,1,30.38091725298862,30.38091725298862,30.38091725298862,30.38091725298862
230.89999999999117,0.10000000000000001,2309,310.19814948337705,1,30.384073289533891,30.384073289533891,30.384073289533891,30.384073289533891
230.99999999999116,0.10000000000000001,2310,310.19903194521112,1,30.387213406479354,30.387213406479354,30.387213406479354,30.387213406479354
231.09999999999116,0.10000000000000001,2311,310.19991379128828,1,30.390359645607365,30.390359645607365,30.390359645607365,30.390359645607365
231.19999999999115,0.10000000000000001,2312,310.20079506026559,1,30.393497511699966,30.393497511699966,30.393497511699966,30.393497511699966
231.29999999999114,0.10000000000000001,2313,310.20167576886774,1,30.396610438330853,30.396610438330853,30.396610438330853,30.396610438330853
231.39999999999114,0.10000000000000001,2314,310.20255591325378,1,30.399716815029837,30.399716815029837,30.399716815029837,30.399716815029837
231.49999999999113,0.10000000000000001,2315,310.20343552304053,1,30.402913956154489,30.402913956154489,30.402913956154489,30.402913956154489
231.59999999999113,0.10000000000000001,2316,310.20431478575637,1,30.406204134145678,30.406204134145678,30.406204134145678,30.406204134145678
231.69999999999112,0.10000000000000001,2317,310.20519388369132,1,30.409569758920753,30.409569758920753,30.409569758920753,30.409569758920753
231.79999999999112,0.10000000000000001,2318,310.20607296394297,1,30.41297528181703,30.41297528181703,30.41297528181703,30.41297528181703
231.89999999999111,0.10000000000000001,2319,310.20695211064719,1,30.416393634795487,30.416393634795487,30.416393634795487,30.416393634795487
231.9999999999911,0.10000000000000001,2320,310.20783135900501,1,30.419833269223574,30.419833269223574,30.419833269223574,30.419833269223574
232.0999999999911,0.10000000000000001,2321,310.20871075395138,1,30.423295527265225,30.423295527265225,30.423295527265225,30.423295527265225
232.19999999999109,0.10000000000000001,2322,310.2095903388896,1,30.426729700655834,30.426729700655834,30.426729700655834,30.426729700655834
232.29999999999109,0.10000000000000001,2323,310.21047006981456,1,30.429077743982223,30.429077743982223,30.429077743982223,30.429077743982223
232.39999999999108,0.10000000000000001,2324,310.21134816355419,1,30.431372042000316,30.431372042000316,30.431372042000316,30.431372042000316
232.49999999999108,0.10000000000000001,2325,310.21222456721722,1,30.433646193504298,30.433646193504298,30.433646193504298,30.433646193504298
232.59999999999107,0.10000000000000001,2326,310.21309927081927,1,30.4359090731257,30.4359090731257,30.4359090731257,30.4359090731257
232.69999999999106,0.10000000000000001,2327,310.21397227421511,1,30.438133837569541,30.438133837569541,30.438133837569541,30.438133837569541
232.79999999999106,0.10000000000000001,2328,310.21484352994662,1,30.440304502776648,30.440304502776648,30.440304502776648,30.440304502776648
232.89999999999105,0.10000000000000001,2329,310.21571296150665,1,30.44238374713753,30.44238374713753,30.44238374713753,30.44238374713753
232.99999999999105,0.10000000000000001,2330,310.2165804295721,1,30.44444449195958,30.44444449195958,30.44444449195958,30.44444449195958
233.09999999999104,0.10000000000000001,2331,310.21744592102829,1,30.44650427561729,30.44650427561729,30.44650427561729,30.44650427561729
233.19999999999104,0.10000000000000001,2332,310.21830946058532,1,30.448574009857118,30.448574009857118,30.448574009857118,30.448574009857118
233.29999999999103,0.10000000000000001,2333,310.21917109647222,1,30.450631368700648,30.450631368700648,30.450631368700648,30.450631368700648
233.39999999999102,0.10000000000000001,2334,310.22003084409545,1,30.452686812336641,30.452686812336641,30.452686812336641,30.452686812336641
233.49999999999102,0.10000000000000001,2335,310.22088873649022,1,30.454742809874379,30.454742809874379,30.454742809874379,30.454742809874379
233.59999999999101,0.10000000000000001,2336,310.22174480978032,1,30.456791764800769,30.456791764800769,30.456791764800769,30.456791764800769
233.69999999999101,0.10000000000000001,2337,310.22259908597118,1,30.458835175333967,30.458835175333967,30.458835175333967,30.458835175333967
233.799999999991,0.10000000000000001,2338,310.22345159058813,1,30.460849919618621,30.460849919618621,30.460849919618621,30.460849919618621
233.899999999991,0.10000000000000001,2339,310.22430231864178,1,30.462856311743948,30.462856311743948,30.462856311743948,30.462856311743948
233.99999999999099,0.10000000000000001,2340,310.22515130162492,1,30.464837136013436,30.464837136013436,30.464837136013436,30.464837136013436
234.09999999999098,0.10000000000000001,2341,310.22599853711017,1,30.466298314741493,30.466298314741493,30.466298314741493,30.466298314741493
234.19999999999098,0.10000000000000001,2342,310.22684320821003,1,30.46769649606971,30.46769649606971,30.46769649606971,30.46769649606971
234.29999999999097,0.10000000000000001,2343,310.22768526179698,1,30.469044994639493,30.469044994639493,30.469044994639493,30.469044994639493
234.39999999999097,0.10000000000000001,2344,310.2285246601158,1,30.470347020411509,30.470347020411509,30.470347020411509,30.470347020411509
234.49999999999096,0.10000000000000001,2345,310.22936136647365,1,30.471602182598268,30.471602182598268,30.471602182598268,30.471602182598268
234.59999999999096,0.10000000000000001,2346,310.23019534182475,1,30.472809689965089,30.472809689965089,30.472809689965089,30.472809689965089
234.69999999999095,0.10000000000000001,2347,310.23102654404227,1,30.473967770035685,30.473967770035685,30.473967770035685,30.473967770035685
234.79999999999094,0.10000000000000001,2348,310.23185492830606,1,30.475059756431332,30.475059756431332,30.475059756431332,30.475059756431332
234.89999999999094,0.10000000000000001,2349,310.23268042728228,1,30.476053246624019,30.476053246624019,30.476053246624019,30.476053246624019
234.99999999999093,0.10000000000000001,2350,310.23350293013323,1,30.477080919451634,30.477080919451634,30.477080919451634,30.477080919451634
235.09999999999093,0.10000000000000001,2351,310.23432255008095,1,30.478126499282517,30.478126499282517,30.478126499282517,30.478126499282517
235.19999999999092,0.10000000000000001,2352,310.23513937304295,1,30.479205716098427,30.479205716098427,30.479205716098427,30.479205716098427
235.29999999999092,0.10000000000000001,2353,310.23595350874098,1,30.480265898006074,30.480265898006074,30.480265898006074,30.480265898006074
235.39999999999091,0.10000000000000001,2354,310.23676497546995,1,30.481364623200481,30.481364623200481,30.481364623200481,30.481364623200481
235.49999999999091,0.10000000000000001,2355,310.23757388226363,1,30.482513462523563,30.482513462523563,30.482513462523563,30.482513462523563
235.5999999999909,0.10000000000000001,2356,310.23838035222713,1,30.483711810872396,30.483711810872396,30.483711810872396,30.483711810872396
235.69999999999089,0.10000000000000001,2357,310.23918450273209,1,30.484960851924914,30.484960851924914,30.484960851924914,30.484960851924914
235.79999999999089,0.10000000000000001,2358,310.23998644901422,1,30.486300057232135,30.486300057232135,30.486300057232135,30.486300057232135
235.89999999999088,0.10000000000000001,2359,310.24078636557806,1,30.487556676795457,30.487556676795457,30.487556676795457,30.487556676795457
235.99999999999088,0.10000000000000001,2360,310.24158413707875,1,30.488901079539431,30.488901079539431,30.488901079539431,30.488901079539431
236.09999999999087,0.10000000000000001,2361,310.24237992270452,1,30.490351548301003,30.490351548301003,30.490351548301003,30.490351548301003
236.19999999999087,0.10000000000000001,2362,310.24317389299034,1,30.491868682357428,30.491868682357428,30.491868682357428,30.491868682357428
236.29999999999086,0.10000000000000001,2363,310.24396614912945,1,30.493415438786268,30.493415438786268,30.493415438786268,30.493415438786268
236.39999999999085,0.10000000000000001,2364,310.2447567344031,1,30.494975294028567,30.494975294028567,30.494975294028567,30.494975294028567
236.49999999999085,0.10000000000000001,2365,310.24554566578479,1,30.49654927957959,30.49654927957959,30.49654927957959,30.49654927957959
236.59999999999084,0.10000000000000001,2366,310.24633296328591,1,30.498121775013903,30.498121775013903,30.498121775013903,30.498121775013903
236.69999999999084,0.10000000000000001,2367,310.24711862921043,1,30.499658620321597,30.499658620321597,30.499658620321597,30.499658620321597
236.79999999999083,0.10000000000000001,2368,310.24790262384272,1,30.5011847556577,30.5011847556577,30.5011847556577,30.5011847556577
236.89999999999083,0.10000000000000001,2369,310.24868495624827,1,30.502740679720102,30.502740679720102,30.502740679720102,30.502740679720102
236.99999999999082,0.10000000000000001,2370,310.24946570449328,1,30.504301763840942,30.504301763840942,30.504301763840942,30.504301763840942
237.09999999999081,0.10000000000000001,2371,310.25024490104829,1,30.505816136927571,30.505816136927571,30.505816136927571,30.505816136927571
237.19999999999081,0.10000000000000001,2372,310.25102248841205,1,30.507266663375848,30.507266663375848,30.507266663375848,30.507266663375848
237.2999999999908,0.10000000000000001,2373,310.25179837948809,1,30.508639718013978,30.508639718013978,30.508639718013978,30.508639718013978
237.3999999999908,0.10000000000000001,2374,310.25257246422746,1,30.509938680520769,30.509938680520769,30.509938680520769,30.509938680520769
237.49999999999079,0.10000000000000001,2375,310.25334463853812,1,30.51117090887001,30.51117090887001,30.51117090887001,30.51117090887001
237.59999999999079,0.10000000000000001,2376,310.25411481091788,1,30.512325653117436,30.512325653117436,30.512325653117436,30.512325653117436
237.69999999999078,0.10000000000000001,2377,310.25488287122442,1,30.512642050826525,30.512642050826525,30.512642050826525,30.512642050826525
237.79999999999077,0.10000000000000001,2378,310.25564745957593,1,30.512882137249026,30.512882137249026,30.512882137249026,30.512882137249026
237.89999999999077,0.10000000000000001,2379,310.25640849623738,1,30.513095844044212,30.513095844044212,30.513095844044212,30.513095844044212
237.99999999999076,0.10000000000000001,2380,310.25716597951686,1,30.513287024041745,30.513287024041745,30.513287024041745,30.513287024041745
238.09999999999076,0.10000000000000001,2381,310.25791990810012,1,30.513446066269882,30.513446066269882,30.513446066269882,30.513446066269882
238.19999999999075,0.10000000000000001,2382,310.25867026145335,1,30.513600820578592,30.513600820578592,30.513600820578592,30.513600820578592
238.29999999999075,0.10000000000000001,2383,310.25941706229565,1,30.513758766187493,30.513758766187493,30.513758766187493,30.513758766187493
238.39999999999074,0.10000000000000001,2384,310.26016034301608,1,30.513923568359232,30.513923568359232,30.513923568359232,30.513923568359232
238.49999999999073,0.10000000000000001,2385,310.26090014159325,1,30.514139825955152,30.514139825955152,30.514139825955152,30.514139825955152
238.59999999999073,0.10000000000000001,2386,310.26163657220928,1,30.514420933327951,30.514420933327951,30.514420933327951,30.514420933327951
238.69999999999072,0.10000000000000001,2387,310.26236977278177,1,30.514749402243687,30.514749402243687,30.514749402243687,30.514749402243687
238.79999999999072,0.10000000000000001,2388,310.26309985366601,1,30.515144727915516,30.515144727915516,30.515144727915516,30.515144727915516
238.89999999999071,0.10000000000000001,2389,310.26382695720105,1,30.515686330193812,30.515686330193812,30.515686330193812,30.515686330193812
238.99999999999071,0.10000000000000001,2390,310.2645513549021,1,30.516339251807697,30.516339251807697,30.516339251807697,30.516339251807697
239.0999999999907,0.10000000000000001,2391,310.26527325308939,1,30.517102261901293,30.517102261901293,30.517102261901293,30.517102261901293
239.19999999999069,0.10000000000000001,2392,310.26599285090339,1,30.517956804740066,30.517956804740066,30.517956804740066,30.517956804740066
239.29999999999069,0.10000000000000001,2393,310.2667103133175,1,30.518894985617518,30.518894985617518,30.518894985617518,30.518894985617518
239.39999999999068,0.10000000000000001,2394,310.26742578809683,1,30.519902594586089,30.519902594586089,30.519902594586089,30.519902594586089
239.49999999999068,0.10000000000000001,2395,310.26813939255896,1,30.5204318548505,30.5204318548505,30.5204318548505,30.5204318548505
239.59999999999067,0.10000000000000001,2396,310.26885033850681,1,30.520985259358127,30.520985259358127,30.520985259358127,30.520985259358127
239.69999999999067,0.10000000000000001,2397,310.26955867793333,1,30.521594582760873,30.521594582760873,30.521594582760873,30.521594582760873
239.79999999999066,0.10000000000000001,2398,310.27026451008476,1,30.52223279310029,30.52223279310029,30.52223279310029,30.52223279310029
239.89999999999065,0.10000000000000001,2399,310.27096788753749,1,30.522888526314169,30.522888526314169,30.522888526314169,30.522888526314169
239.99999999999065,0.10000000000000001,2400,310.27166884595744,1,30.523559991140662,30.523559991140662,30.523559991140662,30.523559991140662
240.09999999999064,0.10000000000000001,2401,310.27236741873128,1,30.524258893105461,30.524258893105461,30.524258893105461,30.524258893105461
240.19999999999064,0.10000000000000001,2402,310.27306365803872,1,30.52494685414683,30.52494685414683,30.52494685414683,30.52494685414683
240.29999999999063,0.10000000000000001,2403,310.27375755860771,1,30.525604275236805,30.525604275236805,30.525604275236805,30.525604275236805
240.39999999999063,0.10000000000000001,2404,310.27444909802671,1,30.526275309393498,30.526275309393498,30.526275309393498,30.526275309393498
240.49999999999062,0.10000000000000001,2405,310.27513833387786,1,30.527046446012609,30.527046446012609,30.527046446012609,30.527046446012609
240.59999999999062,0.10000000000000001,2406,310.27582546561496,1,30.527890836582824,30.527890836582824,30.527890836582824,30.527890836582824
240.69999999999061,0.10000000000000001,2407,310.2765106377791,1,30.528785612100403,30.528785612100403,30.528785612100403,30.528785612100403
240.7999999999906,0.10000000000000001,2408,310.27719394944069,1,30.529696978722672,30.529696978722672,30.529696978722672,30.529696978722672
240.8999999999906,0.10000000000000001,2409,310.27787543914457,1,30.530601989807558,30.530601989807558,30.530601989807558,30.530601989807558
240.99999999999059,0.10000000000000001,2410,310.27855510338617,1,30.531502278541687,30.531502278541687,30.531502278541687,30.531502278541687
241.09999999999059,0.10000000000000001,2411,310.2792329386304,1,30.532392729958296,30.532392729958296,30.532392729958296,30.532392729958296
241.19999999999058,0.10000000000000001,2412,310.27990893047524,1,30.533279267672569,30.533279267672569,30.533279267672569,30.533279267672569
241.29999999999058,0.10000000000000001,2413,310.28058307085485,1,30.533621387690285,30.533621387690285,30.533621387690285,30.533621387690285
241.39999999999057,0.10000000000000001,2414,310.28125445958761,1,30.534010514739293,30.534010514739293,30.534010514739293,30.534010514739293
241.49999999999056,0.10000000000000001,2415,310.28192318039089,1,30.534482419960771,30.534482419960771,30.534482419960771,30.534482419960771
241.59999999999056,0.10000000000000001,2416,310.28258936186643,1,30.535022635891064,30.535022635891064,30.535022635891064,30.535022635891064
241.69999999999055,0.10000000000000001,2417,310.28325310627093,1,30.535601299997019,30.535601299997019,30.535601299997019,30.535601299997019
241.79999999999055,0.10000000000000001,2418,310.28391446751772,1,30.536219399427356,30.536219399427356,30.536219399427356,30.536219399427356
241.89999999999054,0.10000000000000001,2419,310.28457349895149,1,30.536823036097509,30.536823036097509,30.536823036097509,30.536823036097509
241.99999999999054,0.10000000000000001,2420,310.28523016418899,1,30.537423317050123,30.537423317050123,30.537423317050123,30.537423317050123
242.09999999999053,0.10000000000000001,2421,310.28588445419138,1,30.538032122584262,30.538032122584262,30.538032122584262,30.538032122584262
242.19999999999052,0.10000000000000001,2422,310.28653639404291,1,30.538663841089903,30.538663841089903,30.538663841089903,30.538663841089903
242.29999999999052,0.10000000000000001,2423,310.28718603788963,1,30.539310127349967,30.539310127349967,30.539310127349967,30.539310127349967
242.39999999999051,0.10000000000000001,2424,310.28783342841427,1,30.539963080854392,30.539963080854392,30.539963080854392,30.539963080854392
242.49999999999051,0.10000000000000001,2425,310.28847859217859,1,30.540627986205106,30.540627986205106,30.540627986205106,30.540627986205106
242.5999999999905,0.10000000000000001,2426,310.28912155991566,1,30.541271190971962,30.541271190971962,30.541271190971962,30.541271190971962
242.6999999999905,0.10000000000000001,2427,310.28976230340197,1,30.541886809839227,30.541886809839227,30.541886809839227,30.541886809839227
242.79999999999049,0.10000000000000001,2428,310.29040078472775,1,30.542440956063977,30.542440956063977,30.542440956063977,30.542440956063977
242.89999999999048,0.10000000000000001,2429,310.29103691461944,1,30.542937154179793,30.542937154179793,30.542937154179793,30.542937154179793
242.99999999999048,0.10000000000000001,2430,310.29167061396026,1,30.543399114800874,30.543399114800874,30.543399114800874,30.543399114800874
243.09999999999047,0.10000000000000001,2431,310.29230184229954,1,30.544161025688588,30.544161025688588,30.544161025688588,30.544161025688588
243.19999999999047,0.10000000000000001,2432,310.29293110581409,1,30.544961072911001,30.544961072911001,30.544961072911001,30.544961072911001
243.29999999999046,0.10000000000000001,2433,310.29355845740668,1,30.545768272762064,30.545768272762064,30.545768272762064,30.545768272762064
243.39999999999046,0.10000000000000001,2434,310.29418389252896,1,30.546582232098487,30.546582232098487,30.546582232098487,30.546582232098487
243.49999999999045,0.10000000000000001,2435,310.29480741000458,1,30.547412627245755,30.547412627245755,30.547412627245755,30.547412627245755
243.59999999999044,0.10000000000000001,2436,310.295429022576,1,30.548272777532862,30.548272777532862,30.548272777532862,30.548272777532862
243.69999999999044,0.10000000000000001,2437,310.29604875743325,1,30.549090141613203,30.549090141613203,30.549090141613203,30.549090141613203
243.79999999999043,0.10000000000000001,2438,310.29666651524457,1,30.549817055546832,30.549817055546832,30.549817055546832,30.549817055546832
243.89999999999043,0.10000000000000001,2439,310.29728212446747,1,30.550410780162888,30.550410780162888,30.550410780162888,30.550410780162888
243.99999999999042,0.10000000000000001,2440,310.29789536232204,1,30.55110480754869,30.55110480754869,30.55110480754869,30.55110480754869
244.09999999999042,0.10000000000000001,2441,310.29850640307507,1,30.551884705545376,30.551884705545376,30.551884705545376,30.551884705545376
244.19999999999041,0.10000000000000001,2442,310.29911539666267,1,30.552710233427621,30.552710233427621,30.552710233427621,30.552710233427621
244.2999999999904,0.10000000000000001,2443,310.29972241906222,1,30.553597822223875,30.553597822223875,30.553597822223875,30.553597822223875
244.3999999999904,0.10000000000000001,2444,310.30032756755872,1,30.55457735862722,30.55457735862722,30.55457735862722,30.55457735862722
244.49999999999039,0.10000000000000001,2445,310.30093098573167,1,30.555660533938177,30.555660533938177,30.555660533938177,30.555660533938177
244.59999999999039,0.10000000000000001,2446,310.30153283414722,1,30.556818804641829,30.556818804641829,30.556818804641829,30.556818804641829
244.69999999999038,0.10000000000000001,2447,310.30213322364989,1,30.558049707420956,30.558049707420956,30.558049707420956,30.558049707420956
244.79999999999038,0.10000000000000001,2448,310.30273226011121,1,30.559338952116477,30.559338952116477,30.559338952116477,30.559338952116477
244.89999999999037,0.10000000000000001,2449,310.3033300274866,1,30.561168592212855,30.561168592212855,30.561168592212855,30.561168592212855
244.99999999999037,0.10000000000000001,2450,310.30392739830722,1,30.563181125490548,30.563181125490548,30.563181125490548,30.563181125490548
245.09999999999036,0.10000000000000001,2451,310.30452463689386,1,30.565335169175519,30.565335169175519,30.565335169175519,30.565335169175519
245.19999999999035,0.10000000000000001,2452,310.30512194715084,1,30.567649156037699,30.567649156037699,30.567649156037699,30.567649156037699
245.29999999999035,0.10000000000000001,2453,310.30571956737265,1,30.570106550602972,30.570106550602972,30.570106550602972,30.570106550602972
245.39999999999034,0.10000000000000001,2454,310.30631770676479,1,30.572704703911864,30.572704703911864,30.572704703911864,30.572704703911864
245.49999999999034,0.10000000000000001,2455,310.3069165685601,1,30.57553044085903,30.57553044085903,30.57553044085903,30.57553044085903
245.59999999999033,0.10000000000000001,2456,310.3075164994296,1,30.578402171985871,30.578402171985871,30.578402171985871,30.578402171985871
245.69999999999033,0.10000000000000001,2457,310.30811754786851,1,30.581298983582695,30.581298983582695,30.581298983582695,30.581298983582695
245.79999999999032,0.10000000000000001,2458,310.30871973686982,1,30.584232132378659,30.584232132378659,30.584232132378659,30.584232132378659
245.89999999999031,0.10000000000000001,2459,310.30932311325773,1,30.587238819419593,30.587238819419593,30.587238819419593,30.587238819419593
245.99999999999031,0.10000000000000001,2460,310.30992778741194,1,30.590254401039189,30.590254401039189,30.590254401039189,30.590254401039189
246.0999999999903,0.10000000000000001,2461,310.31053375987727,1,30.593239820805518,30.593239820805518,30.593239820805518,30.593239820805518
246.1999999999903,0.10000000000000001,2462,310.31114096642295,1,30.596180612992583,30.596180612992583,30.596180612992583,30.596180612992583
246.29999999999029,0.10000000000000001,2463,310.3117493234638,1,30.599069076777162,30.599069076777162,30.599069076777162,30.599069076777162
246.39999999999029,0.10000000000000001,2464,310.31235873650127,1,30.601896561746951,30.601896561746951,30.601896561746951,30.601896561746951
246.49999999999028,0.10000000000000001,2465,310.31296909721607,1,30.604647484010894,30.604647484010894,30.604647484010894,30.604647484010894
246.59999999999027,0.10000000000000001,2466,310.31358027612379,1,30.607416952404545,30.607416952404545,30.607416952404545,30.607416952404545
246.69999999999027,0.10000000000000001,2467,310.31419230737896,1,30.610347712293429,30.610347712293429,30.610347712293429,30.610347712293429
246.79999999999026,0.10000000000000001,2468,310.3148054645153,1,30.613337424124989,30.613337424124989,30.613337424124989,30.613337424124989
246.89999999999026,0.10000000000000001,2469,310.31541984452934,1,30.616417777804187,30.616417777804187,30.616417777804187,30.616417777804187
246.99999999999025,0.10000000000000001,2470,310.31603559380528,1,30.619581795540196,30.619581795540196,30.619581795540196,30.619581795540196
247.09999999999025,0.10000000000000001,2471,310.31665284697715,1,30.622817993082148,30.622817993082148,30.622817993082148,30.622817993082148
247.19999999999024,0.10000000000000001,2472,310.31727171566882,1,30.626144986600305,30.626144986600305,30.626144986600305,30.626144986600305
247.29999999999023,0.10000000000000001,2473,310.31789233363236,1,30.629531216519347,30.629531216519347,30.629531216519347,30.629531216519347
247.39999999999023,0.10000000000000001,2474,310.31851477224836,1,30.632902312178857,30.632902312178857,30.632902312178857,30.632902312178857
247.49999999999022,0.10000000000000001,2475,310.3191389815197,1,30.636294167056157,30.636294167056157,30.636294167056157,30.636294167056157
247.59999999999022,0.10000000000000001,2476,310.31976498654745,1,30.639741770547609,30.639741770547609,30.639741770547609,30.639741770547609
247.69999999999021,0.10000000000000001,2477,310.32039287787057,1,30.643401642799287,30.643401642799287,30.643401642799287,30.643401642799287
247.79999999999021,0.10000000000000001,2478,310.32102300118066,1,30.647126804797143,30.647126804797143,30.647126804797143,30.647126804797143
247.8999999999902,0.10000000000000001,2479,310.32165544098348,1,30.650698326668014,30.650698326668014,30.650698326668014,30.650698326668014
247.99999999999019,0.10000000000000001,2480,310.32228990624753,1,30.654227385715874,30.654227385715874,30.654227385715874,30.654227385715874
248.09999999999019,0.10000000000000001,2481,310.32292628634235,1,30.657720902970372,30.657720902970372,30.657720902970372,30.657720902970372
248.19999999999018,0.10000000000000001,2482,310.3235644801016,1,30.661152082970048,30.661152082970048,30.661152082970048,30.661152082970048
248.29999999999018,0.10000000000000001,2483,310.32420433989648,1,30.664537238365487,30.664537238365487,30.664537238365487,30.664537238365487
248.39999999999017,0.10000000000000001,2484,310.32484574501194,1,30.667892685720638,30.667892685720638,30.667892685720638,30.667892685720638
248.49999999999017,0.10000000000000001,2485,310.32548860311647,1,30.670955310106368,30.670955310106368,30.670955310106368,30.670955310106368
248.59999999999016,0.10000000000000001,2486,310.32613239518372,1,30.674155077977552,30.674155077977552,30.674155077977552,30.674155077977552
248.69999999999015,0.10000000000000001,2487,310.32677732248533,1,30.677548685745283,30.677548685745283,30.677548685745283,30.677548685745283
248.79999999999015,0.10000000000000001,2488,310.32742369635702,1,30.681117306188384,30.681117306188384,30.681117306188384,30.681117306188384
248.89999999999014,0.10000000000000001,2489,310.32807179724944,1,30.684911454225361,30.684911454225361,30.684911454225361,30.684911454225361
248.99999999999014,0.10000000000000001,2490,310.32872198115587,1,30.689004168776918,30.689004168776918,30.689004168776918,30.689004168776918
249.09999999999013,0.10000000000000001,2491,310.32937471565367,1,30.693544264334264,30.693544264334264,30.693544264334264,30.693544264334264
249.19999999999013,0.10000000000000001,2492,310.3300307036622,1,30.698110512873626,30.698110512873626,30.698110512873626,30.698110512873626
249.29999999999012,0.10000000000000001,2493,310.33068995031567,1,30.702705262222409,30.702705262222409,30.702705262222409,30.702705262222409
249.39999999999011,0.10000000000000001,2494,310.33135248691411,1,30.707370565824053,30.707370565824053,30.707370565824053,30.707370565824053
249.49999999999011,0.10000000000000001,2495,310.3320184273947,1,30.712266979589863,30.712266979589863,30.712266979589863,30.712266979589863
249.5999999999901,0.10000000000000001,2496,310.33268815028765,1,30.717240855421426,30.717240855421426,30.717240855421426,30.717240855421426
249.6999999999901,0.10000000000000001,2497,310.33336176053757,1,30.722275684529361,30.722275684529361,30.722275684529361,30.722275684529361
249.79999999999009,0.10000000000000001,2498,310.3340393235348,1,30.727306244804673,30.727306244804673,30.727306244804673,30.727306244804673
249.89999999999009,0.10000000000000001,2499,310.3347207937706,1,30.732298198535677,30.732298198535677,30.732298198535677,30.732298198535677
249.99999999999008,0.10000000000000001,2500,310.33540606946286,1,30.737229655545033,30.737229655545033,30.737229655545033,30.737229655545033
250.09999999999008,0.10000000000000001,2501,310.33609501411644,1,30.742081132791764,30.742081132791764,30.742081132791764,30.742081132791764
250.19999999999007,0.10000000000000001,2502,310.33678746157216,1,30.746658339472855,30.746658339472855,30.746658339472855,30.746658339472855
250.29999999999006,0.10000000000000001,2503,310.33748292563604,1,30.749751797989575,30.749751797989575,30.749751797989575,30.749751797989575
250.39999999999006,0.10000000000000001,2504,310.33817891635812,1,30.752947584326986,30.752947584326986,30.752947584326986,30.752947584326986
250.49999999999005,0.10000000000000001,2505,310.33887557833009,1,30.756349461487027,30.756349461487027,30.756349461487027,30.756349461487027
250.59999999999005,0.10000000000000001,2506,310.33957321209232,1,30.759908343817166,30.759908343817166,30.759908343817166,30.759908343817166
250.69999999999004,0.10000000000000001,2507,310.34027203941514,1,30.763692115315447,30.763692115315447,30.763692115315447,30.763692115315447
250.79999999999004,0.10000000000000001,2508,310.34097239806755,1,30.767761553932626,30.767761553932626,30.767761553932626,30.767761553932626
250.89999999999003,0.10000000000000001,2509,310.34167472371007,1,30.772306475779402,30.772306475779402,30.772306475779402,30.772306475779402
250.99999999999002,0.10000000000000001,2510,310.34237976892285,1,30.776861311710981,30.776861311710981,30.776861311710981,30.776861311710981
251.09999999999002,0.10000000000000001,2511,310.34308752819021,1,30.781448111143508,30.781448111143508,30.781448111143508,30.781448111143508
251.19999999999001,0.10000000000000001,2512,310.3437980519538,1,30.786104673072114,30.786104673072114,30.786104673072114,30.786104673072114
251.29999999999001,0.10000000000000001,2513,310.34451146001612,1,30.790929558710197,30.790929558710197,30.790929558710197,30.790929558710197
251.39999999999,0.10000000000000001,2514,310.34522803473209,1,30.795787529191973,30.795787529191973,30.795787529191973,30.795787529191973
251.49999999999,0.10000000000000001,2515,310.34594782574698,1,30.800644259673096,30.800644259673096,30.800644259673096,30.800644259673096
251.59999999998999,0.10000000000000001,2516,310.34667082418406,1,30.805456200398066,30.805456200398066,30.805456200398066,30.805456200398066
251.69999999998998,0.10000000000000001,2517,310.34739695612632,1,30.81020469738473,30.81020469738473,30.81020469738473,30.81020469738473
251.79999999998998,0.10000000000000001,2518,310.34812611915288,1,30.814876275255099,30.814876275255099,30.814876275255099,30.814876275255099
251.89999999998997,0.10000000000000001,2519,310.34885818841633,1,30.819483216565303,30.819483216565303,30.819483216565303,30.819483216565303
251.99999999998997,0.10000000000000001,2520,310.34959306741348,1,30.823971652665502,30.823971652665502,30.823971652665502,30.823971652665502
252.09999999998996,0.10000000000000001,2521,310.35033058360193,1,30.828038980518727,30.828038980518727,30.828038980518727,30.828038980518727
252.19999999998996,0.10000000000000001,2522,310.35107007397045,1,30.832150017952255,30.832150017952255,30.832150017952255,30.832150017952255
252.29999999998995,0.10000000000000001,2523,310.35181165022937,1,30.836322139939483,30.836322139939483,30.836322139939483,30.836322139939483
252.39999999998994,0.10000000000000001,2524,310.35255544986495,1,30.840564352599817,30.840564352599817,30.840564352599817,30.840564352599817
252.49999999998994,0.10000000000000001,2525,310.35330162130651,1,30.84485076420556,30.84485076420556,30.84485076420556,30.84485076420556
252.59999999998993,0.10000000000000001,2526,310.35405026263697,1,30.849179732981163,30.849179732981163,30.849179732981163,30.849179732981163
252.69999999998993,0.10000000000000001,2527,310.35480145872924,1,30.853578622742692,30.853578622742692,30.853578622742692,30.853578622742692
252.79999999998992,0.10000000000000001,2528,310.35555532719854,1,30.857946986949294,30.857946986949294,30.857946986949294,30.857946986949294
252.89999999998992,0.10000000000000001,2529,310.35631181417881,1,30.862265309557728,30.862265309557728,30.862265309557728,30.862265309557728
252.99999999998991,0.10000000000000001,2530,310.35707084439736,1,30.866573146425345,30.866573146425345,30.866573146425345,30.866573146425345
253.0999999999899,0.10000000000000001,2531,310.35783241694952,1,30.870897633256991,30.870897633256991,30.870897633256991,30.870897633256991
253.1999999999899,0.10000000000000001,2532,310.35859657949908,1,30.875026207735154,30.875026207735154,30.875026207735154,30.875026207735154
253.29999999998989,0.10000000000000001,2533,310.35936301531882,1,30.878594249091812,30.878594249091812,30.878594249091812,30.878594249091812
253.39999999998989,0.10000000000000001,2534,310.3601307917736,1,30.881899102941613,30.881899102941613,30.881899102941613,30.881899102941613
253.49999999998988,0.10000000000000001,2535,310.36089946831106,1,30.885032477321342,30.885032477321342,30.885032477321342,30.885032477321342
253.59999999998988,0.10000000000000001,2536,310.36166875436976,1,30.887935557833178,30.887935557833178,30.887935557833178,30.887935557833178
253.69999999998987,0.10000000000000001,2537,310.36243825757066,1,30.89066976753104,30.89066976753104,30.89066976753104,30.89066976753104
253.79999999998986,0.10000000000000001,2538,310.3632076879598,1,30.893406959939856,30.893406959939856,30.893406959939856,30.893406959939856
253.89999999998986,0.10000000000000001,2539,310.36397703672776,1,30.895541240099956,30.895541240099956,30.895541240099956,30.895541240099956
253.99999999998985,0.10000000000000001,2540,310.36474529203338,1,30.89770174853037,30.89770174853037,30.89770174853037,30.89770174853037
254.09999999998985,0.10000000000000001,2541,310.365512495313,1,30.900159240825587,30.900159240825587,30.900159240825587,30.900159240825587
254.19999999998984,0.10000000000000001,2542,310.36627914376282,1,30.902851165505062,30.902851165505062,30.902851165505062,30.902851165505062
254.29999999998984,0.10000000000000001,2543,310.36704562501581,1,30.905776898194702,30.905776898194702,30.905776898194702,30.905776898194702
254.39999999998983,0.10000000000000001,2544,310.36781232171421,1,30.909004652156355,30.909004652156355,30.909004652156355,30.909004652156355
254.49999999998983,0.10000000000000001,2545,310.36857972357365,1,30.912922392503297,30.912922392503297,30.912922392503297,30.912922392503297
254.59999999998982,0.10000000000000001,2546,310.36934895158163,1,30.916859033713965,30.916859033713965,30.916859033713965,30.916859033713965
254.69999999998981,0.10000000000000001,2547,310.37012000794743,1,30.920778714873205,30.920778714873205,30.920778714873205,30.920778714873205
254.79999999998981,0.10000000000000001,2548,310.37089285914777,1,30.924709868514963,30.924709868514963,30.924709868514963,30.924709868514963
254.8999999999898,0.10000000000000001,2549,310.37166753558796,1,30.928657955081448,30.928657955081448,30.928657955081448,30.928657955081448
254.9999999999898,0.10000000000000001,2550,310.37244408522145,1,30.932550851984878,30.932550851984878,30.932550851984878,30.932550851984878
255.09999999998979,0.10000000000000001,2551,310.37322242497316,1,30.936358381671443,30.936358381671443,30.936358381671443,30.936358381671443
255.19999999998979,0.10000000000000001,2552,310.37400240928383,1,30.940062392998883,30.940062392998883,30.940062392998883,30.940062392998883
255.29999999998978,0.10000000000000001,2553,310.37478386289297,1,30.94365641298662,30.94365641298662,30.94365641298662,30.94365641298662
255.39999999998977,0.10000000000000001,2554,310.37556659948785,1,30.947131509986548,30.947131509986548,30.947131509986548,30.947131509986548
255.49999999998977,0.10000000000000001,2555,310.37635041798887,1,30.950482017080564,30.950482017080564,30.950482017080564,30.950482017080564
255.59999999998976,0.10000000000000001,2556,310.3771351089627,1,30.953595853526124,30.953595853526124,30.953595853526124,30.953595853526124
255.69999999998976,0.10000000000000001,2557,310.37792027771258,1,30.954710515425393,30.954710515425393,30.954710515425393,30.954710515425393
255.79999999998975,0.10000000000000001,2558,310.37870261769729,1,30.955779022445181,30.955779022445181,30.955779022445181,30.955779022445181
255.89999999998975,0.10000000000000001,2559,310.37948211038326,1,30.95697656939889,30.95697656939889,30.95697656939889,30.95697656939889
255.99999999998974,0.10000000000000001,2560,310.3802590609838,1,30.958330030196048,30.958330030196048,30.958330030196048,30.958330030196048
256.09999999998973,0.10000000000000001,2561,310.38103381405563,1,30.959874912366192,30.959874912366192,30.959874912366192,30.959874912366192
256.19999999998976,0.10000000000000001,2562,310.38180675907967,1,30.961702085390847,30.961702085390847,30.961702085390847,30.961702085390847
256.29999999998978,0.10000000000000001,2563,310.38257842851164,1,30.964067509442341,30.964067509442341,30.964067509442341,30.964067509442341
256.3999999999898,0.10000000000000001,2564,310.38334976765964,1,30.966502364943864,30.966502364943864,30.966502364943864,30.966502364943864
256.49999999998983,0.10000000000000001,2565,310.38412092371294,1,30.969041095786523,30.969041095786523,30.969041095786523,30.969041095786523
256.59999999998985,0.10000000000000001,2566,310.38489208739514,1,30.971649379851844,30.971649379851844,30.971649379851844,30.971649379851844
256.69999999998987,0.10000000000000001,2567,310.38566338864467,1,30.974144132937536,30.974144132937536,30.974144132937536,30.974144132937536
256.79999999998989,0.10000000000000001,2568,310.38643465924963,1,30.976463861032823,30.976463861032823,30.976463861032823,30.976463861032823
256.89999999998992,0.10000000000000001,2569,310.3872056309749,1,30.978676723364813,30.978676723364813,30.978676723364813,30.978676723364813
256.99999999998994,0.10000000000000001,2570,310.38797614549964,1,30.980773150662372,30.980773150662372,30.980773150662372,30.980773150662372
257.09999999998996,0.10000000000000001,2571,310.38874603023572,1,30.98276951904683,30.98276951904683,30.98276951904683,30.98276951904683
257.19999999998998,0.10000000000000001,2572,310.38951514181565,1,30.98461239249275,30.98461239249275,30.98461239249275,30.98461239249275
257.29999999999001,0.10000000000000001,2573,310.39028326013459,1,30.986313730195835,30.986313730195835,30.986313730195835,30.986313730195835
257.39999999999003,0.10000000000000001,2574,310.39105019557906,1,30.987763926597033,30.987763926597033,30.987763926597033,30.987763926597033
257.49999999999005,0.10000000000000001,2575,310.39181557226084,1,30.987671832587349,30.987671832587349,30.987671832587349,30.987671832587349
257.59999999999008,0.10000000000000001,2576,310.39257686635693,1,30.987408157140241,30.987408157140241,30.987408157140241,30.987408157140241
257.6999999999901,0.10000000000000001,2577,310.39333383366392,1,30.987104392891137,30.987104392891137,30.987104392891137,30.987104392891137
257.79999999999012,0.10000000000000001,2578,310.39408643610676,1,30.986774934200771,30.986774934200771,30.986774934200771,30.986774934200771
257.89999999999014,0.10000000000000001,2579,310.39483465985165,1,30.986447143456168,30.986447143456168,30.986447143456168,30.986447143456168
257.99999999999017,0.10000000000000001,2580,310.39557853691275,1,30.986193624343116,30.986193624343116,30.986193624343116,30.986193624343116
258.09999999999019,0.10000000000000001,2581,310.39631821662545,1,30.986373515824283,30.986373515824283,30.986373515824283,30.986373515824283
258.19999999999021,0.10000000000000001,2582,310.39705444212177,1,30.986581892395584,30.986581892395584,30.986581892395584,30.986581892395584
258.29999999999023,0.10000000000000001,2583,310.39778728278509,1,30.986919462845457,30.986919462845457,30.986919462845457,30.986919462845457
258.39999999999026,0.10000000000000001,2584,310.39851697154444,1,30.987359448605233,30.987359448605233,30.987359448605233,30.987359448605233
258.49999999999028,0.10000000000000001,2585,310.39924369972937,1,30.987957298813576,30.987957298813576,30.987957298813576,30.987957298813576
258.5999999999903,0.10000000000000001,2586,310.39996775487384,1,30.988658325008846,30.988658325008846,30.988658325008846,30.988658325008846
258.69999999999033,0.10000000000000001,2587,310.40068933559911,1,30.989438710267766,30.989438710267766,30.989438710267766,30.989438710267766
258.79999999999035,0.10000000000000001,2588,310.40140860994347,1,30.990290100273288,30.990290100273288,30.990290100273288,30.990290100273288
258.89999999999037,0.10000000000000001,2589,310.40212575024384,1,30.991211737666404,30.991211737666404,30.991211737666404,30.991211737666404
258.99999999999039,0.10000000000000001,2590,310.40284093489413,1,30.992165168434592,30.992165168434592,30.992165168434592,30.992165168434592
259.09999999999042,0.10000000000000001,2591,310.40355428809767,1,30.993180629271901,30.993180629271901,30.993180629271901,30.993180629271901
259.19999999999044,0.10000000000000001,2592,310.40426600065581,1,30.994268367121194,30.994268367121194,30.994268367121194,30.994268367121194
259.29999999999046,0.10000000000000001,2593,310.40497629402608,1,30.994526522180347,30.994526522180347,30.994526522180347,30.994526522180347
259.39999999999048,0.10000000000000001,2594,310.40568390228844,1,30.99456073960355,30.99456073960355,30.99456073960355,30.99456073960355
259.49999999999051,0.10000000000000001,2595,310.40638856131216,1,30.994461809059697,30.994461809059697,30.994461809059697,30.994461809059697
259.59999999999053,0.10000000000000001,2596,310.40709011706741,1,30.994231764620562,30.994231764620562,30.994231764620562,30.994231764620562
259.69999999999055,0.10000000000000001,2597,310.40778840675091,1,30.993843442169819,30.993843442169819,30.993843442169819,30.993843442169819
259.79999999999058,0.10000000000000001,2598,310.40848321883175,1,30.993317321812984,30.993317321812984,30.993317321812984,30.993317321812984
259.8999999999906,0.10000000000000001,2599,310.40917436561926,1,30.992792030073954,30.992792030073954,30.992792030073954,30.992792030073954
259.99999999999062,0.10000000000000001,2600,310.40986187990444,1,30.992298818815971,30.992298818815971,30.992298818815971,30.992298818815971
260.09999999999064,0.10000000000000001,2601,310.41054584214135,1,30.992097399484081,30.992097399484081,30.992097399484081,30.992097399484081
260.19999999999067,0.10000000000000001,2602,310.41122675510638,1,30.991941324140861,30.991941324140861,30.991941324140861,30.991941324140861
260.29999999999069,0.10000000000000001,2603,310.41190471510117,1,30.991802656691746,30.991802656691746,30.991802656691746,30.991802656691746
260.39999999999071,0.10000000000000001,2604,310.41257978519167,1,30.9915891562305,30.9915891562305,30.9915891562305,30.9915891562305
260.49999999999073,0.10000000000000001,2605,310.41325188139763,1,30.991100449299296,30.991100449299296,30.991100449299296,30.991100449299296
260.59999999999076,0.10000000000000001,2606,310.41392059319526,1,30.990500947993031,30.990500947993031,30.990500947993031,30.990500947993031
260.69999999999078,0.10000000000000001,2607,310.4145857954249,1,30.989858822954439,30.989858822954439,30.989858822954439,30.989858822954439
260.7999999999908,0.10000000000000001,2608,310.41524748264811,1,30.989104513925064,30.989104513925064,30.989104513925064,30.989104513925064
260.89999999999083,0.10000000000000001,2609,310.41590553678498,1,30.988309380184031,30.988309380184031,30.988309380184031,30.988309380184031
260.99999999999085,0.10000000000000001,2610,310.41655996919172,1,30.987797760496484,30.987797760496484,30.987797760496484,30.987797760496484
261.09999999999087,0.10000000000000001,2611,310.41721133800201,1,30.989852158566407,30.989852158566407,30.989852158566407,30.989852158566407
261.19999999999089,0.10000000000000001,2612,310.41786394772839,1,30.992007331302691,30.992007331302691,30.992007331302691,30.992007331302691
261.29999999999092,0.10000000000000001,2613,310.41851795729565,1,30.994275615454686,30.994275615454686,30.994275615454686,30.994275615454686
261.39999999999094,0.10000000000000001,2614,310.4191735377089,1,30.996571294908016,30.996571294908016,30.996571294908016,30.996571294908016
261.49999999999096,0.10000000000000001,2615,310.41983072082206,1,30.998889850619403,30.998889850619403,30.998889850619403,30.998889850619403
261.59999999999098,0.10000000000000001,2616,310.4204895388628,1,31.001251333791682,31.001251333791682,31.001251333791682,31.001251333791682
261.69999999999101,0.10000000000000001,2617,310.4211500538579,1,31.003638060926345,31.003638060926345,31.003638060926345,31.003638060926345
261.79999999999103,0.10000000000000001,2618,310.42181229259631,1,31.006003008901626,31.006003008901626,31.006003008901626,31.006003008901626
261.89999999999105,0.10000000000000001,2619,310.42247620185123,1,31.008363503727271,31.008363503727271,31.008363503727271,31.008363503727271
261.99999999999108,0.10000000000000001,2620,310.42314176527844,1,31.010731653039546,31.010731653039546,31.010731653039546,31.010731653039546
262.0999999999911,0.10000000000000001,2621,310.42380899493457,1,31.012721777734008,31.012721777734008,31.012721777734008,31.012721777734008
262.19999999999112,0.10000000000000001,2622,310.4244772835147,1,31.014295823929949,31.014295823929949,31.014295823929949,31.014295823929949
262.29999999999114,0.10000000000000001,2623,310.42514596774993,1,31.015408258596455,31.015408258596455,31.015408258596455,31.015408258596455
262.39999999999117,0.10000000000000001,2624,310.42581430336236,1,31.016178221268113,31.016178221268113,31.016178221268113,31.016178221268113
262.49999999999119,0.10000000000000001,2625,310.42648174901205,1,31.016685765511028,31.016685765511028,31.016685765511028,31.016685765511028
262.59999999999121,0.10000000000000001,2626,310.42714790479755,1,31.016795583914664,31.016795583914664,31.016795583914664,31.016795583914664
262.69999999999123,0.10000000000000001,2627,310.42781217257203,1,31.016589453211424,31.016589453211424,31.016589453211424,31.016589453211424
262.79999999999126,0.10000000000000001,2628,310.42847411627253,1,31.016271778508067,31.016271778508067,31.016271778508067,31.016271778508067
262.89999999999128,0.10000000000000001,2629,310.42913363651246,1,31.017189234557538,31.017189234557538,31.017189234557538,31.017189234557538
262.9999999999913,0.10000000000000001,2630,310.42979284549256,1,31.017955902803713,31.017955902803713,31.017955902803713,31.017955902803713
263.09999999999133,0.10000000000000001,2631,310.43045153636319,1,31.018560811185804,31.018560811185804,31.018560811185804,31.018560811185804
263.19999999999135,0.10000000000000001,2632,310.43110949660115,1,31.019043741950611,31.019043741950611,31.019043741950611,31.019043741950611
263.29999999999137,0.10000000000000001,2633,310.43176657858902,1,31.019427895130207,31.019427895130207,31.019427895130207,31.019427895130207
263.39999999999139,0.10000000000000001,2634,310.4324226701483,1,31.019785288910942,31.019785288910942,31.019785288910942,31.019785288910942
263.49999999999142,0.10000000000000001,2635,310.43307777567333,1,31.020345349480237,31.020345349480237,31.020345349480237,31.020345349480237
263.59999999999144,0.10000000000000001,2636,310.43373227201965,1,31.021087049967434,31.021087049967434,31.021087049967434,31.021087049967434
263.69999999999146,0.10000000000000001,2637,310.43438649128194,1,31.022336526036902,31.022336526036902,31.022336526036902,31.022336526036902
263.79999999999148,0.10000000000000001,2638,310.43504129260702,1,31.023755942203756,31.023755942203756,31.023755942203756,31.023755942203756
263.89999999999151,0.10000000000000001,2639,310.43569697269629,1,31.02533256745474,31.02533256745474,31.02533256745474,31.02533256745474
263.99999999999153,0.10000000000000001,2640,310.43635381857445,1,31.02707574810287,31.02707574810287,31.02707574810287,31.02707574810287
264.09999999999155,0.10000000000000001,2641,310.43701213346924,1,31.02897985772325,31.02897985772325,31.02897985772325,31.02897985772325
264.19999999999158,0.10000000000000001,2642,310.43767221164279,1,31.03103815590363,31.03103815590363,31.03103815590363,31.03103815590363
264.2999999999916,0.10000000000000001,2643,310.43833433924351,1,31.033245582888849,31.033245582888849,31.033245582888849,31.033245582888849
264.39999999999162,0.10000000000000001,2644,310.43899879322998,1,31.035582572994322,31.035582572994322,31.035582572994322,31.035582572994322
264.49999999999164,0.10000000000000001,2645,310.43966581745673,1,31.038053959970011,31.038053959970011,31.038053959970011,31.038053959970011
264.59999999999167,0.10000000000000001,2646,310.44033566629605,1,31.040810595511921,31.040810595511921,31.040810595511921,31.040810595511921
264.69999999999169,0.10000000000000001,2647,310.44100883189816,1,31.044217471764391,31.044217471764391,31.044217471764391,31.044217471764391
264.79999999999171,0.10000000000000001,2648,310.44168637016469,1,31.047821363037713,31.047821363037713,31.047821363037713,31.047821363037713
264.89999999999173,0.10000000000000001,2649,310.44236854116775,1,31.051798858956008,31.051798858956008,31.051798858956008,31.051798858956008
264.99999999999176,0.10000000000000001,2650,310.44305583573004,1,31.055906731688367,31.055906731688367,31.055906731688367,31.055906731688367
265.09999999999178,0.10000000000000001,2651,310.44374833441395,1,31.060110333247824,31.060110333247824,31.060110333247824,31.060110333247824
265.1999999999918,0.10000000000000001,2652,310.44444608713042,1,31.064401332251858,31.064401332251858,31.064401332251858,31.064401332251858
265.29999999999183,0.10000000000000001,2653,310.44514914183645,1,31.068808819813796,31.068808819813796,31.068808819813796,31.068808819813796
265.39999999999185,0.10000000000000001,2654,310.44585760300021,1,31.073279333278673,31.073279333278673,31.073279333278673,31.073279333278673
265.49999999999187,0.10000000000000001,2655,310.44657149926655,1,31.077798313289328,31.077798313289328,31.077798313289328,31.077798313289328
265.59999999999189,0.10000000000000001,2656,310.44729085101426,1,31.082368511664924,31.082368511664924,31.082368511664924,31.082368511664924
265.69999999999192,0.10000000000000001,2657,310.44801569208033,1,31.086569308532969,31.086569308532969,31.086569308532969,31.086569308532969
265.79999999999194,0.10000000000000001,2658,310.44874538189481,1,31.090486229051521,31.090486229051521,31.090486229051521,31.090486229051521
265.89999999999196,0.10000000000000001,2659,310.44947943641137,1,31.09411916598787,31.09411916598787,31.09411916598787,31.09411916598787
265.99999999999199,0.10000000000000001,2660,310.45021737489145,1,31.097505533965837,31.097505533965837,31.097505533965837,31.097505533965837
266.09999999999201,0.10000000000000001,2661,310.45095879137114,1,31.100708677061156,31.100708677061156,31.100708677061156,31.100708677061156
266.19999999999203,0.10000000000000001,2662,310.45170339476118,1,31.103593980789853,31.103593980789853,31.103593980789853,31.103593980789853
266.29999999999205,0.10000000000000001,2663,310.4524507036565,1,31.106246960732676,31.106246960732676,31.106246960732676,31.106246960732676
266.39999999999208,0.10000000000000001,2664,310.45320041414607,1,31.108846638338076,31.108846638338076,31.108846638338076,31.108846638338076
266.4999999999921,0.10000000000000001,2665,310.45395252180595,1,31.111915187277052,31.111915187277052,31.111915187277052,31.111915187277052
266.59999999999212,0.10000000000000001,2666,310.45470787508816,1,31.114945637521046,31.114945637521046,31.114945637521046,31.114945637521046
266.69999999999214,0.10000000000000001,2667,310.45546646308185,1,31.117949213256715,31.117949213256715,31.117949213256715,31.117949213256715
266.79999999999217,0.10000000000000001,2668,310.45622828080542,1,31.120934450299576,31.120934450299576,31.120934450299576,31.120934450299576
266.89999999999219,0.10000000000000001,2669,310.45699332351393,1,31.123902644550899,31.123902644550899,31.123902644550899,31.123902644550899
266.99999999999221,0.10000000000000001,2670,310.45776157651227,1,31.126903758987559,31.126903758987559,31.126903758987559,31.126903758987559
267.09999999999224,0.10000000000000001,2671,310.45853309080326,1,31.13006442974671,31.13006442974671,31.13006442974671,31.13006442974671
267.19999999999226,0.10000000000000001,2672,310.45930810688867,1,31.133510425403458,31.133510425403458,31.133510425403458,31.133510425403458
267.29999999999228,0.10000000000000001,2673,310.46008705790786,1,31.137655379629841,31.137655379629841,31.137655379629841,31.137655379629841
267.3999999999923,0.10000000000000001,2674,310.46087105095859,1,31.14202784373132,31.14202784373132,31.14202784373132,31.14202784373132
267.49999999999233,0.10000000000000001,2675,310.46166041554392,1,31.146515938182898,31.146515938182898,31.146515938182898,31.146515938182898
267.59999999999235,0.10000000000000001,2676,310.46245531653926,1,31.151167546897177,31.151167546897177,31.151167546897177,31.151167546897177
267.69999999999237,0.10000000000000001,2677,310.46325600051932,1,31.156022966925146,31.156022966925146,31.156022966925146,31.156022966925146
267.79999999999239,0.10000000000000001,2678,310.46406277694973,1,31.161043071575335,31.161043071575335,31.161043071575335,31.161043071575335
267.89999999999242,0.10000000000000001,2679,310.46487589311954,1,31.166196368727082,31.166196368727082,31.166196368727082,31.166196368727082
267.99999999999244,0.10000000000000001,2680,310.46569554745224,1,31.171490706562377,31.171490706562377,31.171490706562377,31.171490706562377
268.09999999999246,0.10000000000000001,2681,310.46652195454266,1,31.17689759076778,31.17689759076778,31.17689759076778,31.17689759076778
268.19999999999249,0.10000000000000001,2682,310.46735528389752,1,31.182584131459883,31.182584131459883,31.182584131459883,31.182584131459883
268.29999999999251,0.10000000000000001,2683,310.46819596474137,1,31.188483026836138,31.188483026836138,31.188483026836138,31.188483026836138
268.39999999999253,0.10000000000000001,2684,310.46904429451024,1,31.194554637222424,31.194554637222424,31.194554637222424,31.194554637222424
268.49999999999255,0.10000000000000001,2685,310.46990048877387,1,31.20097456751035,31.20097456751035,31.20097456751035,31.20097456751035
268.59999999999258,0.10000000000000001,2686,310.47076499918376,1,31.207460016600969,31.207460016600969,31.207460016600969,31.207460016600969
268.6999999999926,0.10000000000000001,2687,310.47163779549373,1,31.214005462312123,31.214005462312123,31.214005462312123,31.214005462312123
268.79999999999262,0.10000000000000001,2688,310.47251886363267,1,31.220580723715877,31.220580723715877,31.220580723715877,31.220580723715877
268.89999999999264,0.10000000000000001,2689,310.4734081539238,1,31.227096058241393,31.227096058241393,31.227096058241393,31.227096058241393
268.99999999999267,0.10000000000000001,2690,310.47430547562038,1,31.233684224748149,31.233684224748149,31.233684224748149,31.233684224748149
269.09999999999269,0.10000000000000001,2691,310.47521086104427,1,31.240393929350102,31.240393929350102,31.240393929350102,31.240393929350102
269.19999999999271,0.10000000000000001,2692,310.47612442501577,1,31.247187603751062,31.247187603751062,31.247187603751062,31.247187603751062
269.29999999999274,0.10000000000000001,2693,310.47704622187763,1,31.2535197666481,31.2535197666481,31.2535197666481,31.2535197666481
269.39999999999276,0.10000000000000001,2694,310.47797542713852,1,31.25958021789047,31.25958021789047,31.25958021789047,31.25958021789047
269.49999999999278,0.10000000000000001,2695,310.47891155064968,1,31.265477574283487,31.265477574283487,31.265477574283487,31.265477574283487
269.5999999999928,0.10000000000000001,2696,310.47985428656307,1,31.271233058776875,31.271233058776875,31.271233058776875,31.271233058776875
269.69999999999283,0.10000000000000001,2697,310.48080337480064,1,31.276912371441391,31.276912371441391,31.276912371441391,31.276912371441391
269.79999999999285,0.10000000000000001,2698,310.48175867195397,1,31.282347268492938,31.282347268492938,31.282347268492938,31.282347268492938
269.89999999999287,0.10000000000000001,2699,310.48271979813501,1,31.287613023173972,31.287613023173972,31.287613023173972,31.287613023173972
269.99999999999289,0.10000000000000001,2700,310.48368654149846,1,31.292834454802701,31.292834454802701,31.292834454802701,31.292834454802701
270.09999999999292,0.10000000000000001,2701,310.48465889086015,1,31.297187170231716,31.297187170231716,31.297187170231716,31.297187170231716
270.19999999999294,0.10000000000000001,2702,310.4856354718122,1,31.301417193994705,31.301417193994705,31.301417193994705,31.301417193994705
270.29999999999296,0.10000000000000001,2703,310.48661615629578,1,31.305629200697467,31.305629200697467,31.305629200697467,31.305629200697467
270.39999999999299,0.10000000000000001,2704,310.48760095227175,1,31.309825842620352,31.309825842620352,31.309825842620352,31.309825842620352
270.49999999999301,0.10000000000000001,2705,310.48858985430252,1,31.314005249394345,31.314005249394345,31.314005249394345,31.314005249394345
270.59999999999303,0.10000000000000001,2706,310.48958284322208,1,31.318225215865436,31.318225215865436,31.318225215865436,31.318225215865436
270.69999999999305,0.10000000000000001,2707,310.4905799819694,1,31.322645028709847,31.322645028709847,31.322645028709847,31.322645028709847
270.79999999999308,0.10000000000000001,2708,310.49158158080144,1,31.32758159883322,31.32758159883322,31.32758159883322,31.32758159883322
270.8999999999931,0.10000000000000001,2709,310.49258842575034,1,31.333716182595239,31.333716182595239,31.333716182595239,31.333716182595239
270.99999999999312,0.10000000000000001,2710,310.49360232881162,1,31.340193515976239,31.340193515976239,31.340193515976239,31.340193515976239
271.09999999999314,0.10000000000000001,2711,310.49462364547054,1,31.347024548404221,31.347024548404221,31.347024548404221,31.347024548404221
271.19999999999317,0.10000000000000001,2712,310.49565275390125,1,31.354211730154127,31.354211730154127,31.354211730154127,31.354211730154127
271.29999999999319,0.10000000000000001,2713,310.49669006026431,1,31.361867624362635,31.361867624362635,31.361867624362635,31.361867624362635
271.39999999999321,0.10000000000000001,2714,310.49773618870728,1,31.369808632422014,31.369808632422014,31.369808632422014,31.369808632422014
271.49999999999324,0.10000000000000001,2715,310.49879149002533,1,31.377914310525501,31.377914310525501,31.377914310525501,31.377914310525501
271.59999999999326,0.10000000000000001,2716,310.49985614181071,1,31.3861353704647,31.3861353704647,31.3861353704647,31.3861353704647
271.69999999999328,0.10000000000000001,2717,310.5009303015043,1,31.394391448930961,31.394391448930961,31.394391448930961,31.394391448930961
271.7999999999933,0.10000000000000001,2718,310.50201404530492,1,31.402669042084565,31.402669042084565,31.402669042084565,31.402669042084565
271.89999999999333,0.10000000000000001,2719,310.50310742978098,1,31.40806999567279,31.40806999567279,31.40806999567279,31.40806999567279
271.99999999999335,0.10000000000000001,2720,310.50420576584486,1,31.413247770308264,31.413247770308264,31.413247770308264,31.413247770308264
272.09999999999337,0.10000000000000001,2721,310.50530882400909,1,31.418395891578403,31.418395891578403,31.418395891578403,31.418395891578403
272.19999999999339,0.10000000000000001,2722,310.50641665314396,1,31.42352100377482,31.42352100377482,31.42352100377482,31.42352100377482
272.29999999999342,0.10000000000000001,2723,310.50752927867973,1,31.428618294792155,31.428618294792155,31.428618294792155,31.428618294792155
272.39999999999344,0.10000000000000001,2724,310.50864669567267,1,31.433725144052456,31.433725144052456,31.433725144052456,31.433725144052456
272.49999999999346,0.10000000000000001,2725,310.50976894121209,1,31.438980098703315,31.438980098703315,31.438980098703315,31.438980098703315
272.59999999999349,0.10000000000000001,2726,310.51089626108609,1,31.444520866010972,31.444520866010972,31.444520866010972,31.444520866010972
272.69999999999351,0.10000000000000001,2727,310.51202910768205,1,31.450767829969262,31.450767829969262,31.450767829969262,31.450767829969262
272.79999999999353,0.10000000000000001,2728,310.51316860598513,1,31.457228466291401,31.457228466291401,31.457228466291401,31.457228466291401
272.89999999999355,0.10000000000000001,2729,310.51431505924018,1,31.463859215904705,31.463859215904705,31.463859215904705,31.463859215904705
272.99999999999358,0.10000000000000001,2730,310.51546871370113,1,31.470855166132957,31.470855166132957,31.470855166132957,31.470855166132957
273.0999999999936,0.10000000000000001,2731,310.51663014238835,1,31.478306290264257,31.478306290264257,31.478306290264257,31.478306290264257
273.19999999999362,0.10000000000000001,2732,310.51780006839061,1,31.486038630379497,31.486038630379497,31.486038630379497,31.486038630379497
273.29999999999364,0.10000000000000001,2733,310.51897892957254,1,31.493929308989543,31.493929308989543,31.493929308989543,31.493929308989543
273.39999999999367,0.10000000000000001,2734,310.52016696179697,1,31.502080437512788,31.502080437512788,31.502080437512788,31.502080437512788
273.49999999999369,0.10000000000000001,2735,310.52136457567622,1,31.510346492157993,31.510346492157993,31.510346492157993,31.510346492157993
273.59999999999371,0.10000000000000001,2736,310.52257194008934,1,31.518868405437431,31.518868405437431,31.518868405437431,31.518868405437431
273.69999999999374,0.10000000000000001,2737,310.52378943300789,1,31.527791637724253,31.527791637724253,31.527791637724253,31.527791637724253
273.79999999999376,0.10000000000000001,2738,310.52501762252837,1,31.536931721525075,31.536931721525075,31.536931721525075,31.536931721525075
273.89999999999378,0.10000000000000001,2739,310.5262567257555,1,31.546434275225732,31.546434275225732,31.546434275225732,31.546434275225732
273.9999999999938,0.10000000000000001,2740,310.52750713351213,1,31.555931094453399,31.555931094453399,31.555931094453399,31.555931094453399
274.09999999999383,0.10000000000000001,2741,310.52876861948516,1,31.565450175482411,31.565450175482411,31.565450175482411,31.565450175482411
274.19999999999385,0.10000000000000001,2742,310.53004104263397,1,31.574936078407507,31.574936078407507,31.574936078407507,31.574936078407507
274.29999999999387,0.10000000000000001,2743,310.53132418733259,1,31.584223881026652,31.584223881026652,31.584223881026652,31.584223881026652
274.3999999999939,0.10000000000000001,2744,310.53261757632305,1,31.593410218876695,31.593410218876695,31.593410218876695,31.593410218876695
274.49999999999392,0.10000000000000001,2745,310.53392093894388,1,31.602479503671805,31.602479503671805,31.602479503671805,31.602479503671805
274.59999999999394,0.10000000000000001,2746,310.53523406021873,1,31.611604011992661,31.611604011992661,31.611604011992661,31.611604011992661
274.69999999999396,0.10000000000000001,2747,310.5365570459922,1,31.619978476670074,31.619978476670074,31.619978476670074,31.619978476670074
274.79999999999399,0.10000000000000001,2748,310.53788871126892,1,31.628038827989624,31.628038827989624,31.628038827989624,31.628038827989624
274.89999999999401,0.10000000000000001,2749,310.5392286049381,1,31.635941032608304,31.635941032608304,31.635941032608304,31.635941032608304
274.99999999999403,0.10000000000000001,2750,310.54057651853935,1,31.643756844437949,31.643756844437949,31.643756844437949,31.643756844437949
275.09999999999405,0.10000000000000001,2751,310.54193235015805,1,31.651519629943127,31.651519629943127,31.651519629943127,31.651519629943127
275.19999999999408,0.10000000000000001,2752,310.54329603477015,1,31.659237597659232,31.659237597659232,31.659237597659232,31.659237597659232
275.2999999999941,0.10000000000000001,2753,310.54466750976133,1,31.666920870561828,31.666920870561828,31.666920870561828,31.666920870561828
275.39999999999412,0.10000000000000001,2754,310.54604672569064,1,31.674693211683635,31.674693211683635,31.674693211683635,31.674693211683635
275.49999999999415,0.10000000000000001,2755,310.54743382283021,1,31.68441323951394,31.68441323951394,31.68441323951394,31.68441323951394
275.59999999999417,0.10000000000000001,2756,310.54883192426962,1,31.694522742876124,31.694522742876124,31.694522742876124,31.694522742876124
275.69999999999419,0.10000000000000001,2757,310.55024149997791,1,31.705010476029205,31.705010476029205,31.705010476029205,31.705010476029205
275.79999999999421,0.10000000000000001,2758,310.55166297170206,1,31.715640895501881,31.715640895501881,31.715640895501881,31.715640895501881
275.89999999999424,0.10000000000000001,2759,310.55309637611606,1,31.726404972715603,31.726404972715603,31.726404972715603,31.726404972715603
275.99999999999426,0.10000000000000001,2760,310.55454176609339,1,31.73729957214935,31.73729957214935,31.73729957214935,31.73729957214935
276.09999999999428,0.10000000000000001,2761,310.55599920135074,1,31.748321116357573,31.748321116357573,31.748321116357573,31.748321116357573
276.1999999999943,0.10000000000000001,2762,310.55746874233921,1,31.759379188239802,31.759379188239802,31.759379188239802,31.759379188239802
276.29999999999433,0.10000000000000001,2763,310.55895032778619,1,31.770371275872744,31.770371275872744,31.770371275872744,31.770371275872744
276.39999999999435,0.10000000000000001,2764,310.56044379110062,1,31.781391728799974,31.781391728799974,31.781391728799974,31.781391728799974
276.49999999999437,0.10000000000000001,2765,310.56194915661257,1,31.791632855806625,31.791632855806625,31.791632855806625,31.791632855806625
276.5999999999944,0.10000000000000001,2766,310.56346515977236,1,31.801622469327995,31.801622469327995,31.801622469327995,31.801622469327995
276.69999999999442,0.10000000000000001,2767,310.56499142641457,1,31.811496586086907,31.811496586086907,31.811496586086907,31.811496586086907
276.79999999999444,0.10000000000000001,2768,310.56652779095515,1,31.821247793710974,31.821247793710974,31.821247793710974,31.821247793710974
276.89999999999446,0.10000000000000001,2769,310.56807406486456,1,31.830869905116618,31.830869905116618,31.830869905116618,31.830869905116618
276.99999999999449,0.10000000000000001,2770,310.56963003916553,1,31.840439215375547,31.840439215375547,31.840439215375547,31.840439215375547
277.09999999999451,0.10000000000000001,2771,310.57119562479119,1,31.849867298160547,31.849867298160547,31.849867298160547,31.849867298160547
277.19999999999453,0.10000000000000001,2772,310.57277057982134,1,31.859269783038837,31.859269783038837,31.859269783038837,31.859269783038837
277.29999999999455,0.10000000000000001,2773,310.57435482681012,1,31.870591472211547,31.870591472211547,31.870591472211547,31.870591472211547
277.39999999999458,0.10000000000000001,2774,310.5759514075736,1,31.882267070685831,31.882267070685831,31.882267070685831,31.882267070685831
277.4999999999946,0.10000000000000001,2775,310.57756068866064,1,31.894262737082958,31.894262737082958,31.894262737082958,31.894262737082958
277.59999999999462,0.10000000000000001,2776,310.57918295085801,1,31.906298760863027,31.906298760863027,31.906298760863027,31.906298760863027
277.69999999999465,0.10000000000000001,2777,310.5808180258112,1,31.918401293269405,31.918401293269405,31.918401293269405,31.918401293269405
277.79999999999467,0.10000000000000001,2778,310.58246583172485,1,31.930566445894279,31.930566445894279,31.930566445894279,31.930566445894279
277.89999999999469,0.10000000000000001,2779,310.58412630450272,1,31.942767823754302,31.942767823754302,31.942767823754302,31.942767823754302
277.99999999999471,0.10000000000000001,2780,310.58579935243841,1,31.955044893195311,31.955044893195311,31.955044893195311,31.955044893195311
278.09999999999474,0.10000000000000001,2781,310.58748496340695,1,31.967431604663588,31.967431604663588,31.967431604663588,31.967431604663588
278.19999999999476,0.10000000000000001,2782,310.58918319264399,1,31.979927013074096,31.979927013074096,31.979927013074096,31.979927013074096
278.29999999999478,0.10000000000000001,2783,310.59089410092014,1,31.991693628322164,31.991693628322164,31.991693628322164,31.991693628322164
278.3999999999948,0.10000000000000001,2784,310.5926163985032,1,32.003094174072046,32.003094174072046,32.003094174072046,32.003094174072046
278.49999999999483,0.10000000000000001,2785,310.5943494273227,1,32.014289292307382,32.014289292307382,32.014289292307382,32.014289292307382
278.59999999999485,0.10000000000000001,2786,310.59609280315391,1,32.025353253496874,32.025353253496874,32.025353253496874,32.025353253496874
278.69999999999487,0.10000000000000001,2787,310.59784627396505,1,32.036338423449351,32.036338423449351,32.036338423449351,32.036338423449351
278.7999999999949,0.10000000000000001,2788,310.59960967918931,1,32.047110332510641,32.047110332510641,32.047110332510641,32.047110332510641
278.89999999999492,0.10000000000000001,2789,310.60138267768116,1,32.057696826511425,32.057696826511425,32.057696826511425,32.057696826511425
278.99999999999494,0.10000000000000001,2790,310.60316502492537,1,32.068280577966583,32.068280577966583,32.068280577966583,32.068280577966583
279.09999999999496,0.10000000000000001,2791,310.60495677911825,1,32.079237058309808,32.079237058309808,32.079237058309808,32.079237058309808
279.19999999999499,0.10000000000000001,2792,310.60675860232277,1,32.090173797804795,32.090173797804795,32.090173797804795,32.090173797804795
279.29999999999501,0.10000000000000001,2793,310.60857047832945,1,32.101118819779025,32.101118819779025,32.101118819779025,32.101118819779025
279.39999999999503,0.10000000000000001,2794,310.61039241068107,1,32.112067555573041,32.112067555573041,32.112067555573041,32.112067555573041
279.49999999999505,0.10000000000000001,2795,310.61222438162514,1,32.122991368205128,32.122991368205128,32.122991368205128,32.122991368205128
279.59999999999508,0.10000000000000001,2796,310.61406631838707,1,32.133909924133945,32.133909924133945,32.133909924133945,32.133909924133945
279.6999999999951,0.10000000000000001,2797,310.61591816440279,1,32.144999061778712,32.144999061778712,32.144999061778712,32.144999061778712
279.79999999999512,0.10000000000000001,2798,310.61778013613701,1,32.156346946190268,32.156346946190268,32.156346946190268,32.156346946190268
279.89999999999515,0.10000000000000001,2799,310.61965257448884,1,32.168382992053473,32.168382992053473,32.168382992053473,32.168382992053473
279.99999999999517,0.10000000000000001,2800,310.62153650771484,1,32.180606841763975,32.180606841763975,32.180606841763975,32.180606841763975
280.09999999999519,0.10000000000000001,2801,310.62343213301932,1,32.192976775573648,32.192976775573648,32.192976775573648,32.192976775573648
280.19999999999521,0.10000000000000001,2802,310.62533959871229,1,32.205455545181465,32.205455545181465,32.205455545181465,32.205455545181465
280.29999999999524,0.10000000000000001,2803,310.62725899774682,1,32.217999921673595,32.217999921673595,32.217999921673595,32.217999921673595
280.39999999999526,0.10000000000000001,2804,310.62919035553352,1,32.230591755149511,32.230591755149511,32.230591755149511,32.230591755149511
280.49999999999528,0.10000000000000001,2805,310.63113367761798,1,32.243223865723984,32.243223865723984,32.243223865723984,32.243223865723984
280.5999999999953,0.10000000000000001,2806,310.63308896939952,1,32.255852516431709,32.255852516431709,32.255852516431709,32.255852516431709
280.69999999999533,0.10000000000000001,2807,310.63505617364126,1,32.268487686150657,32.268487686150657,32.268487686150657,32.268487686150657
280.79999999999535,0.10000000000000001,2808,310.63703525474006,1,32.281256083099876,32.281256083099876,32.281256083099876,32.281256083099876
280.89999999999537,0.10000000000000001,2809,310.63902637869194,1,32.294226580831825,32.294226580831825,32.294226580831825,32.294226580831825
280.9999999999954,0.10000000000000001,2810,310.641029795093,1,32.307335077042012,32.307335077042012,32.307335077042012,32.307335077042012
281.09999999999542,0.10000000000000001,2811,310.64304562227267,1,32.320692985230352,32.320692985230352,32.320692985230352,32.320692985230352
281.19999999999544,0.10000000000000001,2812,310.64507411687646,1,32.334071751974776,32.334071751974776,32.334071751974776,32.334071751974776
281.29999999999546,0.10000000000000001,2813,310.64711515528313,1,32.347493203742864,32.347493203742864,32.347493203742864,32.347493203742864
281.39999999999549,0.10000000000000001,2814,310.64916867897972,1,32.360976791943585,32.360976791943585,32.360976791943585,32.360976791943585
281.49999999999551,0.10000000000000001,2815,310.65123467720781,1,32.374519716395852,32.374519716395852,32.374519716395852,32.374519716395852
281.59999999999553,0.10000000000000001,2816,310.65331314368012,1,32.388066115850194,32.388066115850194,32.388066115850194,32.388066115850194
281.69999999999555,0.10000000000000001,2817,310.65540401590579,1,32.401539096176265,32.401539096176265,32.401539096176265,32.401539096176265
281.79999999999558,0.10000000000000001,2818,310.65750716835691,1,32.415084608827598,32.415084608827598,32.415084608827598,32.415084608827598
281.8999999999956,0.10000000000000001,2819,310.65962274450379,1,32.427803384848289,32.427803384848289,32.427803384848289,32.427803384848289
281.99999999999562,0.10000000000000001,2820,310.66174943998061,1,32.440220359273873,32.440220359273873,32.440220359273873,32.440220359273873
282.09999999999565,0.10000000000000001,2821,310.66388683438504,1,32.452498105102819,32.452498105102819,32.452498105102819,32.452498105102819
282.19999999999567,0.10000000000000001,2822,310.66603475747644,1,32.464751565340983,32.464751565340983,32.464751565340983,32.464751565340983
282.29999999999569,0.10000000000000001,2823,310.66819320892864,1,32.477003881997369,32.477003881997369,32.477003881997369,32.477003881997369
282.39999999999571,0.10000000000000001,2824,310.67036220421255,1,32.489273873511067,32.489273873511067,32.489273873511067,32.489273873511067
282.49999999999574,0.10000000000000001,2825,310.67254177481726,1,32.501524682153828,32.501524682153828,32.501524682153828,32.501524682153828
282.59999999999576,0.10000000000000001,2826,310.67473188100877,1,32.513865649970207,32.513865649970207,32.513865649970207,32.513865649970207
282.69999999999578,0.10000000000000001,2827,310.67693263432398,1,32.528193987108459,32.528193987108459,32.528193987108459,32.528193987108459
282.7999999999958,0.10000000000000001,2828,310.67914719505325,1,32.542985102864833,32.542985102864833,32.542985102864833,32.542985102864833
282.89999999999583,0.10000000000000001,2829,310.68137611216406,1,32.558167418736929,32.558167418736929,32.558167418736929,32.558167418736929
282.99999999999585,0.10000000000000001,2830,310.68361978704394,1,32.573503366911162,32.573503366911162,32.573503366911162,32.573503366911162
283.09999999999587,0.10000000000000001,2831,310.68587823716189,1,32.588994574236061,32.588994574236061,32.588994574236061,32.588994574236061
283.1999999999959,0.10000000000000001,2832,310.68815151801789,1,32.604645498027672,32.604645498027672,32.604645498027672,32.604645498027672
283.29999999999592,0.10000000000000001,2833,310.69043970598108,1,32.620438512791942,32.620438512791942,32.620438512791942,32.620438512791942
283.39999999999594,0.10000000000000001,2834,310.69274285662789,1,32.636322276016067,32.636322276016067,32.636322276016067,32.636322276016067
283.49999999999596,0.10000000000000001,2835,310.69506094758617,1,32.652271741729287,32.652271741729287,32.652271741729287,32.652271741729287
283.59999999999599,0.10000000000000001,2836,310.69739393056568,1,32.668261816663254,32.668261816663254,32.668261816663254,32.668261816663254
283.69999999999601,0.10000000000000001,2837,310.69974173259391,1,32.683519363395774,32.683519363395774,32.683519363395774,32.683519363395774
283.79999999999603,0.10000000000000001,2838,310.7021030432897,1,32.698250111743342,32.698250111743342,32.698250111743342,32.698250111743342
283.89999999999606,0.10000000000000001,2839,310.70447692194233,1,32.712592495074674,32.712592495074674,32.712592495074674,32.712592495074674
283.99999999999608,0.10000000000000001,2840,310.70686265893369,1,32.726651106584825,32.726651106584825,32.726651106584825,32.726651106584825
284.0999999999961,0.10000000000000001,2841,310.70925972860886,1,32.740502958526157,32.740502958526157,32.740502958526157,32.740502958526157
284.19999999999612,0.10000000000000001,2842,310.7116677506915,1,32.753995506496253,32.753995506496253,32.753995506496253,32.753995506496253
284.29999999999615,0.10000000000000001,2843,310.71408613448892,1,32.767123006316226,32.767123006316226,32.767123006316226,32.767123006316226
284.39999999999617,0.10000000000000001,2844,310.71651433855385,1,32.78009455923798,32.78009455923798,32.78009455923798,32.78009455923798
284.49999999999619,0.10000000000000001,2845,310.71895217152945,1,32.793117111351201,32.793117111351201,32.793117111351201,32.793117111351201
284.59999999999621,0.10000000000000001,2846,310.72139978469875,1,32.805945535903,32.805945535903,32.805945535903,32.805945535903
284.69999999999624,0.10000000000000001,2847,310.72385690795591,1,32.818642388673815,32.818642388673815,32.818642388673815,32.818642388673815
284.79999999999626,0.10000000000000001,2848,310.72632335281963,1,32.83125017078104,32.83125017078104,32.83125017078104,32.83125017078104
284.89999999999628,0.10000000000000001,2849,310.72879899479767,1,32.843761417650022,32.843761417650022,32.843761417650022,32.843761417650022
284.99999999999631,0.10000000000000001,2850,310.7312836918731,1,32.85622071320747,32.85622071320747,32.85622071320747,32.85622071320747
285.09999999999633,0.10000000000000001,2851,310.73377736722472,1,32.868906665238548,32.868906665238548,32.868906665238548,32.868906665238548
285.19999999999635,0.10000000000000001,2852,310.73628039085889,1,32.88204619997186,32.88204619997186,32.88204619997186,32.88204619997186
285.29999999999637,0.10000000000000001,2853,310.73879346457124,1,32.896226237714977,32.896226237714977,32.896226237714977,32.896226237714977
285.3999999999964,0.10000000000000001,2854,310.74131817235599,1,32.910776866985415,32.910776866985415,32.910776866985415,32.910776866985415
285.49999999999642,0.10000000000000001,2855,310.74385494432073,1,32.925665555383723,32.925665555383723,32.925665555383723,32.925665555383723
285.59999999999644,0.10000000000000001,2856,310.74640415590011,1,32.940780370831789,32.940780370831789,32.940780370831789,32.940780370831789
285.69999999999646,0.10000000000000001,2857,310.74896601090444,1,32.956107069567857,32.956107069567857,32.956107069567857,32.956107069567857
285.79999999999649,0.10000000000000001,2858,310.75154071756066,1,32.971617877218215,32.971617877218215,32.971617877218215,32.971617877218215
285.89999999999651,0.10000000000000001,2859,310.75412846294853,1,32.987301645279139,32.987301645279139,32.987301645279139,32.987301645279139
285.99999999999653,0.10000000000000001,2860,310.75672943381761,1,33.003036803516032,33.003036803516032,33.003036803516032,33.003036803516032
286.09999999999656,0.10000000000000001,2861,310.75934366049154,1,33.018826347424159,33.018826347424159,33.018826347424159,33.018826347424159
286.19999999999658,0.10000000000000001,2862,310.76197123714849,1,33.034808442379379,33.034808442379379,33.034808442379379,33.034808442379379
286.2999999999966,0.10000000000000001,2863,310.76461249802264,1,33.049566204955902,33.049566204955902,33.049566204955902,33.049566204955902
286.39999999999662,0.10000000000000001,2864,310.76726548032883,1,33.064207705365845,33.064207705365845,33.064207705365845,33.064207705365845
286.49999999999665,0.10000000000000001,2865,310.76993008432635,1,33.078903214537291,33.078903214537291,33.078903214537291,33.078903214537291
286.59999999999667,0.10000000000000001,2866,310.77260645629008,1,33.093646087816659,33.093646087816659,33.093646087816659,33.093646087816659
286.69999999999669,0.10000000000000001,2867,310.77529470299663,1,33.108437979992495,33.108437979992495,33.108437979992495,33.108437979992495
286.79999999999671,0.10000000000000001,2868,310.77799491507898,1,33.123292630588111,33.123292630588111,33.123292630588111,33.123292630588111
286.89999999999674,0.10000000000000001,2869,310.78070718143539,1,33.138432921778453,33.138432921778453,33.138432921778453,33.138432921778453
286.99999999999676,0.10000000000000001,2870,310.78343193236174,1,33.153914186300597,33.153914186300597,33.153914186300597,33.153914186300597
287.09999999999678,0.10000000000000001,2871,310.78616965987624,1,33.170282231828693,33.170282231828693,33.170282231828693,33.170282231828693
287.19999999999681,0.10000000000000001,2872,310.78892172961423,1,33.187028377397461,33.187028377397461,33.187028377397461,33.187028377397461
287.29999999999683,0.10000000000000001,2873,310.79168865270549,1,33.203833514842856,33.203833514842856,33.203833514842856,33.203833514842856
287.39999999999685,0.10000000000000001,2874,310.79447043217749,1,33.220638151062609,33.220638151062609,33.220638151062609,33.220638151062609
287.49999999999687,0.10000000000000001,2875,310.79726698492249,1,33.237417773307328,33.237417773307328,33.237417773307328,33.237417773307328
287.5999999999969,0.10000000000000001,2876,310.80007819046079,1,33.254233678456117,33.254233678456117,33.254233678456117,33.254233678456117
287.69999999999692,0.10000000000000001,2877,310.80290403882333,1,33.271032865875192,33.271032865875192,33.271032865875192,33.271032865875192
287.79999999999694,0.10000000000000001,2878,310.80574444472137,1,33.28781901446542,33.28781901446542,33.28781901446542,33.28781901446542
287.89999999999696,0.10000000000000001,2879,310.80859934142808,1,33.30453583583045,33.30453583583045,33.30453583583045,33.30453583583045
287.99999999999699,0.10000000000000001,2880,310.81146858113033,1,33.321304686346267,33.321304686346267,33.321304686346267,33.321304686346267
288.09999999999701,0.10000000000000001,2881,310.81435219551713,1,33.338466039237517,33.338466039237517,33.338466039237517,33.338466039237517
288.19999999999703,0.10000000000000001,2882,310.81725075468131,1,33.35579107559186,33.35579107559186,33.35579107559186,33.35579107559186
288.29999999999706,0.10000000000000001,2883,310.82016441364232,1,33.373315938652048,33.373315938652048,33.373315938652048,33.373315938652048
288.39999999999708,0.10000000000000001,2884,310.82309335126928,1,33.390877501374554,33.390877501374554,33.390877501374554,33.390877501374554
288.4999999999971,0.10000000000000001,2885,310.82603748338016,1,33.408461515068041,33.408461515068041,33.408461515068041,33.408461515068041
288.59999999999712,0.10000000000000001,2886,310.82899673332429,1,33.426139438441986,33.426139438441986,33.426139438441986,33.426139438441986
288.69999999999715,0.10000000000000001,2887,310.83197115663199,1,33.443957038118086,33.443957038118086,33.443957038118086,33.443957038118086
288.79999999999717,0.10000000000000001,2888,310.83496089035913,1,33.461861796577168,33.461861796577168,33.461861796577168,33.461861796577168
288.89999999999719,0.10000000000000001,2889,310.83796601730302,1,33.479645206592373,33.479645206592373,33.479645206592373,33.479645206592373
288.99999999999721,0.10000000000000001,2890,310.84098635390535,1,33.497378528965676,33.497378528965676,33.497378528965676,33.497378528965676
289.09999999999724,0.10000000000000001,2891,310.84402187516332,1,33.514170129923286,33.514170129923286,33.514170129923286,33.514170129923286
289.19999999999726,0.10000000000000001,2892,310.84707113518363,1,33.530749186757845,33.530749186757845,33.530749186757845,33.530749186757845
289.29999999999728,0.10000000000000001,2893,310.85013390380709,1,33.547214669218562,33.547214669218562,33.547214669218562,33.547214669218562
289.39999999999731,0.10000000000000001,2894,310.85321007609929,1,33.563702042490057,33.563702042490057,33.563702042490057,33.563702042490057
289.49999999999733,0.10000000000000001,2895,310.85629974122674,1,33.580253644226218,33.580253644226218,33.580253644226218,33.580253644226218
289.59999999999735,0.10000000000000001,2896,310.85940303501275,1,33.596833322442713,33.596833322442713,33.596833322442713,33.596833322442713
289.69999999999737,0.10000000000000001,2897,310.86252001514123,1,33.613476110365504,33.613476110365504,33.613476110365504,33.613476110365504
289.7999999999974,0.10000000000000001,2898,310.86565078418278,1,33.630287714878079,33.630287714878079,33.630287714878079,33.630287714878079
289.89999999999742,0.10000000000000001,2899,310.86879557131078,1,33.648970413487064,33.648970413487064,33.648970413487064,33.648970413487064
289.99999999999744,0.10000000000000001,2900,310.87195731303734,1,33.66797297890075,33.66797297890075,33.66797297890075,33.66797297890075
290.09999999999746,0.10000000000000001,2901,310.87513629033697,1,33.687155329403296,33.687155329403296,33.687155329403296,33.687155329403296
290.19999999999749,0.10000000000000001,2902,310.87833253537343,1,33.706349052409514,33.706349052409514,33.706349052409514,33.706349052409514
290.29999999999751,0.10000000000000001,2903,310.8815458340901,1,33.725542684275474,33.725542684275474,33.725542684275474,33.725542684275474
290.39999999999753,0.10000000000000001,2904,310.88477600301519,1,33.744774430669182,33.744774430669182,33.744774430669182,33.744774430669182
290.49999999999756,0.10000000000000001,2905,310.88802295133911,1,33.764164961196478,33.764164961196478,33.764164961196478,33.764164961196478
290.59999999999758,0.10000000000000001,2906,310.89128680492854,1,33.783661859645989,33.783661859645989,33.783661859645989,33.783661859645989
290.6999999999976,0.10000000000000001,2907,310.89456765317539,1,33.80305802485195,33.80305802485195,33.80305802485195,33.80305802485195
290.79999999999762,0.10000000000000001,2908,310.89786532985011,1,33.822425420751443,33.822425420751443,33.822425420751443,33.822425420751443
290.89999999999765,0.10000000000000001,2909,310.9011798299133,1,33.840748309387287,33.840748309387287,33.840748309387287,33.840748309387287
290.99999999999767,0.10000000000000001,2910,310.90450952336482,1,33.858769280753101,33.858769280753101,33.858769280753101,33.858769280753101
291.09999999999769,0.10000000000000001,2911,310.90785402612079,1,33.876671280121982,33.876671280121982,33.876671280121982,33.876671280121982
291.19999999999771,0.10000000000000001,2912,310.91121323556598,1,33.89468295897673,33.89468295897673,33.89468295897673,33.89468295897673
291.29999999999774,0.10000000000000001,2913,310.9145874021973,1,33.912812320283351,33.912812320283351,33.912812320283351,33.912812320283351
291.39999999999776,0.10000000000000001,2914,310.91797675656261,1,33.93106546676146,33.93106546676146,33.93106546676146,33.93106546676146
291.49999999999778,0.10000000000000001,2915,310.92138152133123,1,33.949410575372582,33.949410575372582,33.949410575372582,33.949410575372582
291.59999999999781,0.10000000000000001,2916,310.92480185605001,1,33.968025145545006,33.968025145545006,33.968025145545006,33.968025145545006
291.69999999999783,0.10000000000000001,2917,310.92823816670136,1,33.989342388123646,33.989342388123646,33.989342388123646,33.989342388123646
291.79999999999785,0.10000000000000001,2918,310.93169476535218,1,34.011335170147767,34.011335170147767,34.011335170147767,34.011335170147767
291.89999999999787,0.10000000000000001,2919,310.93517248701147,1,34.033793317839311,34.033793317839311,34.033793317839311,34.033793317839311
291.9999999999979,0.10000000000000001,2920,310.93867178945294,1,34.056481913962223,34.056481913962223,34.056481913962223,34.056481913962223
292.09999999999792,0.10000000000000001,2921,310.94219276181889,1,34.079373431976535,34.079373431976535,34.079373431976535,34.079373431976535
292.19999999999794,0.10000000000000001,2922,310.94573548993077,1,34.102462398487312,34.102462398487312,34.102462398487312,34.102462398487312
292.29999999999797,0.10000000000000001,2923,310.94930006715532,1,34.125705279355586,34.125705279355586,34.125705279355586,34.125705279355586
292.39999999999799,0.10000000000000001,2924,310.95288652292817,1,34.14905346955301,34.14905346955301,34.14905346955301,34.14905346955301
292.49999999999801,0.10000000000000001,2925,310.95649481186797,1,34.172405893412687,34.172405893412687,34.172405893412687,34.172405893412687
292.59999999999803,0.10000000000000001,2926,310.96012474198307,1,34.195573917556338,34.195573917556338,34.195573917556338,34.195573917556338
292.69999999999806,0.10000000000000001,2927,310.96377584236967,1,34.217588436214641,34.217588436214641,34.217588436214641,34.217588436214641
292.79999999999808,0.10000000000000001,2928,310.96744610745412,1,34.238962693335019,34.238962693335019,34.238962693335019,34.238962693335019
292.8999999999981,0.10000000000000001,2929,310.97113442321182,1,34.259795145151351,34.259795145151351,34.259795145151351,34.259795145151351
292.99999999999812,0.10000000000000001,2930,310.97483983488922,1,34.280276529232658,34.280276529232658,34.280276529232658,34.280276529232658
293.09999999999815,0.10000000000000001,2931,310.97856171228023,1,34.300408798447798,34.300408798447798,34.300408798447798,34.300408798447798
293.19999999999817,0.10000000000000001,2932,310.98229945570205,1,34.320081509719621,34.320081509719621,34.320081509719621,34.320081509719621
293.29999999999819,0.10000000000000001,2933,310.98605233250555,1,34.339215090591047,34.339215090591047,34.339215090591047,34.339215090591047
293.39999999999822,0.10000000000000001,2934,310.98981956958943,1,34.358066343667701,34.358066343667701,34.358066343667701,34.358066343667701
293.49999999999824,0.10000000000000001,2935,310.99360083604125,1,34.376506205863485,34.376506205863485,34.376506205863485,34.376506205863485
293.59999999999826,0.10000000000000001,2936,310.99739558661776,1,34.39463020688504,34.39463020688504,34.39463020688504,34.39463020688504
293.69999999999828,0.10000000000000001,2937,311.00120344369031,1,34.412572179956157,34.412572179956157,34.412572179956157,34.412572179956157
293.79999999999831,0.10000000000000001,2938,311.00502423263657,1,34.430403862466108,34.430403862466108,34.430403862466108,34.430403862466108
293.89999999999833,0.10000000000000001,2939,311.00885788063476,1,34.448121959002805,34.448121959002805,34.448121959002805,34.448121959002805
293.99999999999835,0.10000000000000001,2940,311.01270429622281,1,34.465741480186246,34.465741480186246,34.465741480186246,34.465741480186246
294.09999999999837,0.10000000000000001,2941,311.01656340125606,1,34.483698098666018,34.483698098666018,34.483698098666018,34.483698098666018
294.1999999999984,0.10000000000000001,2942,311.0204358173591,1,34.502207486844242,34.502207486844242,34.502207486844242,34.502207486844242
294.29999999999842,0.10000000000000001,2943,311.02432249382332,1,34.521857959141585,34.521857959141585,34.521857959141585,34.521857959141585
294.39999999999844,0.10000000000000001,2944,311.02822530294429,1,34.542223974763282,34.542223974763282,34.542223974763282,34.542223974763282
294.49999999999847,0.10000000000000001,2945,311.03214536523882,1,34.562861813407444,34.562861813407444,34.562861813407444,34.562861813407444
294.59999999999849,0.10000000000000001,2946,311.03608306568333,1,34.583762514816939,34.583762514816939,34.583762514816939,34.583762514816939
294.69999999999851,0.10000000000000001,2947,311.04003878464943,1,34.604951365914076,34.604951365914076,34.604951365914076,34.604951365914076
294.79999999999853,0.10000000000000001,2948,311.04401295588588,1,34.626493119280909,34.626493119280909,34.626493119280909,34.626493119280909
294.89999999999856,0.10000000000000001,2949,311.04800612073763,1,34.648398344120807,34.648398344120807,34.648398344120807,34.648398344120807
294.99999999999858,0.10000000000000001,2950,311.05201882954879,1,34.670624745612145,34.670624745612145,34.670624745612145,34.670624745612145
295.0999999999986,0.10000000000000001,2951,311.05605156354636,1,34.693156627734631,34.693156627734631,34.693156627734631,34.693156627734631
295.19999999999862,0.10000000000000001,2952,311.06010478447553,1,34.716183267106501,34.716183267106501,34.716183267106501,34.716183267106501
295.29999999999865,0.10000000000000001,2953,311.06417921367409,1,34.740327987037325,34.740327987037325,34.740327987037325,34.740327987037325
295.39999999999867,0.10000000000000001,2954,311.06827654230045,1,34.765088524879289,34.765088524879289,34.765088524879289,34.765088524879289
295.49999999999869,0.10000000000000001,2955,311.07239754005786,1,34.790369100931116,34.790369100931116,34.790369100931116,34.790369100931116
295.59999999999872,0.10000000000000001,2956,311.07654274982417,1,34.815921157153049,34.815921157153049,34.815921157153049,34.815921157153049
295.69999999999874,0.10000000000000001,2957,311.08071231512224,1,34.841699199551442,34.841699199551442,34.841699199551442,34.841699199551442
295.79999999999876,0.10000000000000001,2958,311.08490634564816,1,34.8676888464963,34.8676888464963,34.8676888464963,34.8676888464963
295.89999999999878,0.10000000000000001,2959,311.0891249431516,1,34.893825750201152,34.893825750201152,34.893825750201152,34.893825750201152
295.99999999999881,0.10000000000000001,2960,311.09336810752166,1,34.920092141580341,34.920092141580341,34.920092141580341,34.920092141580341
296.09999999999883,0.10000000000000001,2961,311.09763582105296,1,34.9463104939339,34.9463104939339,34.9463104939339,34.9463104939339
296.19999999999885,0.10000000000000001,2962,311.10192779586259,1,34.972203436079489,34.972203436079489,34.972203436079489,34.972203436079489
296.29999999999887,0.10000000000000001,2963,311.10624332760534,1,34.996672730865541,34.996672730865541,34.996672730865541,34.996672730865541
296.3999999999989,0.10000000000000001,2964,311.11057997526495,1,35.020413391719138,35.020413391719138,35.020413391719138,35.020413391719138
296.49999999999892,0.10000000000000001,2965,311.11493649495912,1,35.04350698865386,35.04350698865386,35.04350698865386,35.04350698865386
296.59999999999894,0.10000000000000001,2966,311.11931177316029,1,35.066224560277504,35.066224560277504,35.066224560277504,35.066224560277504
296.69999999999897,0.10000000000000001,2967,311.12370514808333,1,35.08847804689124,35.08847804689124,35.08847804689124,35.08847804689124
296.79999999999899,0.10000000000000001,2968,311.12811583689256,1,35.110252645273313,35.110252645273313,35.110252645273313,35.110252645273313
296.89999999999901,0.10000000000000001,2969,311.13254308534113,1,35.131428605770765,35.131428605770765,35.131428605770765,35.131428605770765
296.99999999999903,0.10000000000000001,2970,311.13698603755557,1,35.152270860330276,35.152270860330276,35.152270860330276,35.152270860330276
297.09999999999906,0.10000000000000001,2971,311.14144430093273,1,35.172356396235195,35.172356396235195,35.172356396235195,35.172356396235195
297.19999999999908,0.10000000000000001,2972,311.14591677869453,1,35.192126644303499,35.192126644303499,35.192126644303499,35.192126644303499
297.2999999999991,0.10000000000000001,2973,311.15040311454743,1,35.21182716722074,35.21182716722074,35.21182716722074,35.21182716722074
297.39999999999912,0.10000000000000001,2974,311.15490332491697,1,35.23150675049456,35.23150675049456,35.23150675049456,35.23150675049456
297.49999999999915,0.10000000000000001,2975,311.15941747715721,1,35.251109269411891,35.251109269411891,35.251109269411891,35.251109269411891
297.59999999999917,0.10000000000000001,2976,311.16394553163371,1,35.270556102374641,35.270556102374641,35.270556102374641,35.270556102374641
297.69999999999919,0.10000000000000001,2977,311.16848730483372,1,35.290397524675797,35.290397524675797,35.290397524675797,35.290397524675797
297.79999999999922,0.10000000000000001,2978,311.17304350409165,1,35.311061154403639,35.311061154403639,35.311061154403639,35.311061154403639
297.89999999999924,0.10000000000000001,2979,311.17761546901943,1,35.333279194444266,35.333279194444266,35.333279194444266,35.333279194444266
297.99999999999926,0.10000000000000001,2980,311.18220560309817,1,35.356552061755465,35.356552061755465,35.356552061755465,35.356552061755465
298.09999999999928,0.10000000000000001,2981,311.1868153868345,1,35.380362533400515,35.380362533400515,35.380362533400515,35.380362533400515
298.19999999999931,0.10000000000000001,2982,311.19144542338739,1,35.40450027864,35.40450027864,35.40450027864,35.40450027864
298.29999999999933,0.10000000000000001,2983,311.19609600637853,1,35.428977827706532,35.428977827706532,35.428977827706532,35.428977827706532
298.39999999999935,0.10000000000000001,2984,311.20076749832668,1,35.453774541400882,35.453774541400882,35.453774541400882,35.453774541400882
298.49999999999937,0.10000000000000001,2985,311.20546025493132,1,35.478750502005894,35.478750502005894,35.478750502005894,35.478750502005894
298.5999999999994,0.10000000000000001,2986,311.21017444399985,1,35.503941392712157,35.503941392712157,35.503941392712157,35.503941392712157
298.69999999999942,0.10000000000000001,2987,311.21491036392854,1,35.529071839129585,35.529071839129585,35.529071839129585,35.529071839129585
298.79999999999944,0.10000000000000001,2988,311.21966798089039,1,35.554463114484484,35.554463114484484,35.554463114484484,35.554463114484484
298.89999999999947,0.10000000000000001,2989,311.22444782361123,1,35.577651513776608,35.577651513776608,35.577651513776608,35.577651513776608
298.99999999999949,0.10000000000000001,2990,311.22924641497843,1,35.600558133321563,35.600558133321563,35.600558133321563,35.600558133321563
299.09999999999951,0.10000000000000001,2991,311.23406350613891,1,35.623671361012526,35.623671361012526,35.623671361012526,35.623671361012526
299.19999999999953,0.10000000000000001,2992,311.23889957403333,1,35.646973246375396,35.646973246375396,35.646973246375396,35.646973246375396
299.29999999999956,0.10000000000000001,2993,311.24375500905046,1,35.670434530663783,35.670434530663783,35.670434530663783,35.670434530663783
299.39999999999958,0.10000000000000001,2994,311.24863011773556,1,35.693901464772253,35.693901464772253,35.693901464772253,35.693901464772253
299.4999999999996,0.10000000000000001,2995,311.25352492081595,1,35.717891145852946,35.717891145852946,35.717891145852946,35.717891145852946
299.59999999999962,0.10000000000000001,2996,311.25844025018216,1,35.742369984455138,35.742369984455138,35.742369984455138,35.742369984455138
299.69999999999965,0.10000000000000001,2997,311.26337683781861,1,35.768091794985551,35.768091794985551,35.768091794985551,35.768091794985551
299.79999999999967,0.10000000000000001,2998,311.26833661522829,1,35.794923537349192,35.794923537349192,35.794923537349192,35.794923537349192
299.89999999999969,0.10000000000000001,2999,311.27332124602714,1,35.821769996875126,35.821769996875126,35.821769996875126,35.821769996875126
299.99999999999972,0.10000000000000001,3000,311.2783305998347,1,35.848609246216753,35.848609246216753,35.848609246216753,35.848609246216753
