time_s,delta_t_s,step_id,current_a,t_eff_k,cell_id,v_common_v,v_branch_min_v,v_branch_max_v,q_total_w,n_partitions
0.10000000000000001,0.10000000000000001,1,50,298.15000000000265,,3.7073559209238951,4.6117698028254797,4.6563255996194686,19.179020072911825,18
0.20000000000000001,0.10000000000000001,2,49.999999999999993,298.18183258835319,,3.7015885987159649,4.6159508954353461,4.6600555080837367,19.42246183055277,18
0.30000000000000004,0.10000000000000001,3,50,298.21298386368585,,3.6960860731360268,4.6200030176482381,4.6636642242075323,19.657253901853274,18
0.40000000000000002,0.10000000000000001,4,50,298.24374613973538,,3.6908158995109215,4.6238341015982964,4.6670404472093319,19.880483047694458,18
0.5,0.10000000000000001,5,50,298.27425523292465,,3.6857696899630401,4.6274413976012152,4.6701926083868601,20.092778328611118,18
0.59999999999999998,0.10000000000000001,6,50,298.30458746918299,,3.6809381406155177,4.6308342050581706,4.6731300380822436,20.294758474900839,18
0.69999999999999996,0.10000000000000001,7,50,298.33478947941052,,3.6763024812489133,4.634031270642093,4.6758715051316058,20.487000915869221,18
0.79999999999999993,0.10000000000000001,8,50,298.3648909396565,,3.6718792825781774,4.6370849654518622,4.678400504967172,20.670082089630789,18
0.89999999999999991,0.10000000000000001,9,50,298.39491157531046,,3.6676791962850324,4.6400549680433558,4.6807064352130787,20.844547221688707,18
0.99999999999999989,0.10000000000000001,10,50,298.42486435970551,,3.6636520668923636,4.642852432144414,4.6828502817651083,21.010868354262982,18
1.0999999999999999,0.10000000000000001,11,50,298.45475804409296,,3.6597995990710226,4.6454756617971613,4.6849936118185802,21.169518809240223,18
1.2,0.10000000000000001,12,50,298.48459839857918,,3.6560948438785021,4.6479515813342944,4.6869904583940079,21.320906738025553,18
1.3,0.10000000000000001,13,50,298.51438919040254,,3.6525289711414164,4.6502890251926638,4.6888483655680657,21.465450294320824,18
1.4000000000000001,0.10000000000000001,14,50,298.54413276557369,,3.6490920275906999,4.6524979509829008,4.6905772852092582,21.60355499496626,18
1.5000000000000002,0.10000000000000001,15,50,298.57383045690517,,3.6457771039608344,4.6545852733624224,4.6921841301525573,21.735584830730151,18
1.6000000000000003,0.10000000000000001,16,50,298.60348277531847,,3.6425806902859552,4.6565545040786631,4.6936724197043445,21.861868018574615,18
1.7000000000000004,0.10000000000000001,17,50,298.63308964110416,,3.6394941614811533,4.6583946684813586,4.6950507763205875,21.982742873463696,18
1.8000000000000005,0.10000000000000001,18,50,298.66265069750335,,3.6365102005683019,4.6601501500241067,4.6963524614610739,22.09951274466,18
1.9000000000000006,0.10000000000000001,19,50,298.69216690533193,,3.6336314925846676,4.6620203901495474,4.6977182013432408,22.213841940286834,18
2.0000000000000004,0.10000000000000001,20,50,298.72164129285125,,3.6308578921369667,4.6637819005242083,4.69897005154494,22.32499261421837,18
2.1000000000000005,0.10000000000000001,21,50,298.75107510713428,,3.628183777915309,4.6654441449729642,4.7001223773618905,22.431867572573555,18
2.2000000000000006,0.10000000000000001,22,50,298.78046726589866,,3.6255909353646398,4.6670253787312808,4.7011933718201959,22.534706196205036,18
2.3000000000000007,0.10000000000000001,23,50,298.80981660070194,,3.6230785427365495,4.6685264231156438,4.7021838642475853,22.633730918624352,18
2.4000000000000008,0.10000000000000001,24,50,298.83912195601363,,3.6206441051696991,4.6699497739165841,4.703096353619256,22.729164626447318,18
2.5000000000000009,0.10000000000000001,25,50,298.86838223310917,,3.6182761878579157,4.6713069006443897,4.7039422633630092,22.821212090873608,18
2.600000000000001,0.10000000000000001,26,50,298.8975963111709,,3.6159907575533965,4.6725817617139098,4.7047056609310749,22.910058030489601,18
2.7000000000000011,0.10000000000000001,27,50,298.92676298574264,,3.6138040162358913,4.6737580540832724,4.7053703773787223,22.995884659236051,18
2.8000000000000012,0.10000000000000001,28,50,298.95588093008786,,3.6116836213813714,4.6748682379863542,4.7059687060595294,23.078852456140606,18
2.9000000000000012,0.10000000000000001,29,50,298.98494892816808,,3.6096313759394714,4.6759104835234391,4.7066241108977254,23.159131216863543,18
3.0000000000000013,0.10000000000000001,30,50,299.01396579969287,,3.6076310322798868,4.6769011081115046,4.7072338349494318,23.236854944329359,18
3.1000000000000014,0.10000000000000001,31,50,299.04293048941412,,3.605679077111966,4.6778436359091407,4.7077951238567044,23.312164515669515,18
3.2000000000000015,0.10000000000000001,32,50,299.07184203363477,,3.603772902870868,4.6787406810661265,4.7083105858639156,23.385189065387234,18
3.3000000000000016,0.10000000000000001,33,50,299.10069958504573,,3.6019100195070575,4.6795947400812192,4.7087827117374719,23.456053756765666,18
3.4000000000000017,0.10000000000000001,34,50,299.12950223921314,,3.6000881001405669,4.6804081457906168,4.709213829059637,23.524874625484795,18
3.5000000000000018,0.10000000000000001,35,50,299.15824931117606,,3.5983046577955777,4.6811790142822396,4.7096064250624945,23.591762835171522,18
3.6000000000000019,0.10000000000000001,36,50,299.18694012619829,,3.5965554344119526,4.681885976582965,4.7099654759677012,23.656833628643415,18
3.700000000000002,0.10000000000000001,37,50,299.21557406647736,,3.5948467644565918,4.6827280178184774,4.7104149367784593,23.722239440228403,18
3.800000000000002,0.10000000000000001,38,50,299.24415404649261,,3.5931827674041852,4.6835638232970389,4.7108196997767378,23.785999160491603,18
3.9000000000000021,0.10000000000000001,39,50,299.27267958558457,,3.5915591373518509,4.6843594099623305,4.7111840672762293,23.848204034067635,18
4.0000000000000018,0.10000000000000001,40,50,299.30115031055823,,3.5899648998801186,4.6851258370919089,4.711519000918492,23.908933194388784,18
4.1000000000000014,0.10000000000000001,41,50,299.32956584557542,,3.5884019417606239,4.6858611956505349,4.7118226193569965,23.968259220748163,18
4.2000000000000011,0.10000000000000001,42,49.999999999999993,299.35792587345736,,3.5868703743541772,4.6865653652866159,4.712094813894101,24.026257709377909,18
4.3000000000000007,0.10000000000000001,43,49.999999999999993,299.3862301531924,,3.5853624347047317,4.6872461760742983,4.7123433390441303,24.082999212848542,18
4.4000000000000004,0.10000000000000001,44,50,299.41447845608297,,3.5838878904972953,4.6878937571033381,4.7125584432021776,24.138552306834605,18
4.5,0.10000000000000001,45,50,299.44267050688507,,3.582460627150295,4.6884940641163508,4.7127253069843862,24.192977410379552,18
4.5999999999999996,0.10000000000000001,46,50,299.47080594007286,,3.5810607039182738,4.6890672274542817,4.7128594559693049,24.246324428960289,18
4.6999999999999993,0.10000000000000001,47,50,299.49888446848792,,3.5796908509245804,4.6896104767304942,4.7130488355454636,24.298653886551261,18
4.7999999999999989,0.10000000000000001,48,50,299.52690581695532,,3.5783410374127498,4.6901339444884202,4.7132224128007367,24.350008877884541,18
4.8999999999999986,0.10000000000000001,49,50,299.55486978100078,,3.5770098361823521,4.6906390694046518,4.7133773454623995,24.400436827118725,18
4.9999999999999982,0.10000000000000001,50,50,299.58277621167747,,3.5756963636056369,4.6911267409952968,4.7135145175680035,24.449981388333956,18
5.0999999999999979,0.10000000000000001,51,50,299.61062499778279,,3.5743997630864843,4.6915978218530698,4.7136347861420251,24.498686192330958,18
5.1999999999999975,0.10000000000000001,52,50,299.63841606130774,,3.5731193633409086,4.6920511324953003,4.7137388230609449,24.546147550448186,18
5.2999999999999972,0.10000000000000001,53,50,299.66614857959866,,3.5718548046897451,4.6924778474272788,4.7138246591358062,24.591413931324553,18
5.3999999999999968,0.10000000000000001,54,50,299.69382012566427,,3.5706046134470473,4.6928466901512946,4.7138922230485472,24.634917788143685,18
5.4999999999999964,0.10000000000000001,55,50,299.7214291319595,,3.5693715026597919,4.6932863836601015,4.7140322855024133,24.680329367383887,18
5.5999999999999961,0.10000000000000001,56,50,299.74898009205754,,3.5681580232799415,4.6937637636101428,4.7141526953526407,24.725079899104383,18
5.6999999999999957,0.10000000000000001,57,50,299.77647309421519,,3.5669638094399851,4.69425469828919,4.7142538187995955,24.769194546077077,18
5.7999999999999954,0.10000000000000001,58,50,299.80390827261897,,3.5657811831894817,4.6947342885478198,4.714343325293731,24.812704443054255,18
5.899999999999995,0.10000000000000001,59,50,299.83128574230062,,3.5646120765974425,4.6952005733085453,4.7144192862394281,24.85563306907471,18
5.9999999999999947,0.10000000000000001,60,50,299.85860563320733,,3.5634579107754458,4.6956521076650128,4.7144802831702144,24.89800466496596,18
6.0999999999999943,0.10000000000000001,61,50,299.88586811879827,,3.5623154716662446,4.6960921502002639,4.7145295270594296,24.939846557114144,18
6.199999999999994,0.10000000000000001,62,50,299.91307334583473,,3.5611909666749479,4.6965143958236535,4.7145608189120329,24.981183262412216,18
6.2999999999999936,0.10000000000000001,63,50,299.94022135646696,,3.5600926822756129,4.6969104210742474,4.7145693571467646,25.022036542531765,18
6.3999999999999932,0.10000000000000001,64,50,299.96731225818695,,3.5590148327420694,4.697286091596852,4.7145606115284,25.062417606863871,18
6.4999999999999929,0.10000000000000001,65,50,299.9943462071011,,3.5579696019776694,4.6976290156406435,4.7145644531954547,25.102345529267229,18
6.5999999999999925,0.10000000000000001,66,50,300.02132350004013,,3.5569527214192989,4.6979435150211506,4.7145422039089286,25.141839576786467,18
6.6999999999999922,0.10000000000000001,67,50,300.04824456847376,,3.5559609479310188,4.698232873005006,4.7144948407110627,25.180917264048013,18
6.7999999999999918,0.10000000000000001,68,50,300.07510988772992,,3.5549773135026701,4.6985143376508978,4.7144393110041092,25.219596384323268,18
6.8999999999999915,0.10000000000000001,69,50,300.10191982188144,,3.5540085057873183,4.698782497756862,4.7143689360395991,25.257686907997233,18
6.9999999999999911,0.10000000000000001,70,50,300.12867441084649,,3.5530581600452198,4.6990377328954276,4.7142800853859343,25.294608317940366,18
7.0999999999999908,0.10000000000000001,71,50,300.15537261658409,,3.5521330381825562,4.6992721059197855,4.7141707796657188,25.330304316672667,18
7.1999999999999904,0.10000000000000001,72,50,300.18201325883842,,3.5512646835524442,4.6994792946078467,4.714008522371846,25.365294951041211,18
7.2999999999999901,0.10000000000000001,73,50,300.20859565073943,,3.5504191817736963,4.6997107464397292,4.7139028936120209,25.401241010954326,18
7.3999999999999897,0.10000000000000001,74,50,300.23512172739134,,3.5495828255144537,4.6999335278718997,4.7139032374501069,25.436873175369378,18
7.4999999999999893,0.10000000000000001,75,50,300.26159124499236,,3.5487586783282077,4.7001441837930322,4.7139607784800308,25.472192758383706,18
7.599999999999989,0.10000000000000001,76,50,300.28800405497469,,3.5479440555485358,4.7003454482396645,4.7140087360772931,25.507206221103072,18
7.6999999999999886,0.10000000000000001,77,50,300.31436016240752,,3.5471416540220515,4.7005345682037705,4.7140444114982198,25.541924345379925,18
7.7999999999999883,0.10000000000000001,78,50,300.34065968708092,,3.546354555844518,4.7007083948846082,4.7140647165665728,25.576356728836036,18
7.8999999999999879,0.10000000000000001,79,50,300.36690283208128,,3.5455797852725297,4.7008726046683584,4.7140726218557649,25.61048690231118,18
7.9999999999999876,0.10000000000000001,80,50,300.39308980979354,,3.5447945620761079,4.7010799402275447,4.7140966811770388,25.64394401378819,18
8.0999999999999872,0.10000000000000001,81,49.999999999999993,300.41922027067528,,3.5439987571733251,4.701298412375686,4.7141596985251812,25.676751843913088,18
8.1999999999999869,0.10000000000000001,82,49.999999999999993,300.44529407187468,,3.5432267396548109,4.701492919038226,4.7140900652622797,25.706991457985438,18
8.2999999999999865,0.10000000000000001,83,49.999999999999993,300.47130785338072,,3.5424868627051964,4.7015277612415369,4.7138801388045906,25.732473409000381,18
8.3999999999999861,0.10000000000000001,84,50,300.49725430353442,,3.5417761825734679,4.7015293379780232,4.713641140522113,25.756744871469284,18
8.4999999999999858,0.10000000000000001,85,50,300.5231322453763,,3.5410999415643909,4.7014742541232479,4.7134778925395295,25.779892870363902,18
8.5999999999999854,0.10000000000000001,86,50,300.54894055479906,,3.5404442295664156,4.7013154745124215,4.7132965966947591,25.801975688894931,18
8.6999999999999851,0.10000000000000001,87,50,300.57467823886117,,3.5398088017877773,4.7011364569672027,4.7130950034447281,25.823045662917586,18
8.7999999999999847,0.10000000000000001,88,50,300.60034440679442,,3.5391918672986913,4.7009389973134708,4.7128749055576158,25.843157116237688,18
8.8999999999999844,0.10000000000000001,89,50,300.62593825875081,,3.5385926392041647,4.7007399750775258,4.7126370907779078,25.862358619580565,18
8.999999999999984,0.10000000000000001,90,50,300.65145906845169,,3.5380113748791606,4.7007288603687254,4.7124256080440938,25.882582549628285,18
9.0999999999999837,0.10000000000000001,91,50,300.67690936018454,,3.5374393283019714,4.700734387773398,4.7122805371394092,25.903194749913087,18
9.1999999999999833,0.10000000000000001,92,50,300.70229038745828,,3.5368697412422163,4.7007377029971495,4.7121330119756166,25.923422418331143,18
9.2999999999999829,0.10000000000000001,93,50,300.72760206087713,,3.5363024002531427,4.7007390194024623,4.7119120698694239,25.941682480732585,18
9.3999999999999826,0.10000000000000001,94,50,300.75284180343971,,3.5357464729013328,4.7007289732679105,4.7116697257498448,25.959216917498168,18
9.4999999999999822,0.10000000000000001,95,50,300.77800914469805,,3.5352022381363764,4.7006769592484945,4.7114156901109885,25.975404715905871,18
9.5999999999999819,0.10000000000000001,96,50,300.80310248763936,,3.5346778405493695,4.7005562463256929,4.7111418040831765,25.990365156081321,18
9.6999999999999815,0.10000000000000001,97,50,300.82812052400283,,3.5341759193362492,4.700412932604503,4.7108454226005358,26.00468665930525,18
9.7999999999999812,0.10000000000000001,98,50,300.85306302025447,,3.5336879158091801,4.7002557423758606,4.7105351157380273,26.018401060806344,18
9.8999999999999808,0.10000000000000001,99,50,300.8779298306419,,3.5332020210577708,4.7000967136205434,4.7102227090479882,26.031537805662648,18
9.9999999999999805,0.10000000000000001,100,50,300.90272085536753,,3.5327356091798969,4.6999180994693486,4.7098908008078624,26.04412733571117,18
10.09999999999998,0.10000000000000001,101,50,300.9274359659251,,3.5323003876206336,4.6997079448221353,4.709492531108614,26.056198221811208,18
10.19999999999998,0.10000000000000001,102,50,300.95207493603579,,3.5318837980170201,4.6994654611259552,4.7090739020692993,26.06777278283267,18
10.299999999999979,0.10000000000000001,103,50,300.97663752179233,,3.5314805615367684,4.6991298939893733,4.7086998144372778,26.078876037179235,18
10.399999999999979,0.10000000000000001,104,50,301.00112349381055,,3.5310891151090926,4.6987824924594168,4.7083424380619459,26.089527279967513,18
10.499999999999979,0.10000000000000001,105,50,301.02553267430091,,3.5307058179940247,4.6984269558726988,4.7079769057403205,26.099744448671757,18
10.599999999999978,0.10000000000000001,106,50,301.04986490327974,,3.5303300882766,4.6980638627031324,4.7076038001921825,26.109547309656655,18
10.699999999999978,0.10000000000000001,107,50,301.07412010729723,,3.5299615247931277,4.6976966846318264,4.7072235231822921,26.118953923901998,18
10.799999999999978,0.10000000000000001,108,50,301.09829822290436,,3.5296021742886987,4.6973428215255826,4.7068340261644455,26.12800326656161,18
10.899999999999977,0.10000000000000001,109,50,301.12239925820461,,3.5292467760829416,4.6971495532569838,4.706602866363653,26.139984593420778,18
10.999999999999977,0.10000000000000001,110,50,301.14642861161684,,3.5288821472564269,4.6969656736840317,4.7063828308196696,26.15207729102509,18
11.099999999999977,0.10000000000000001,111,50,301.1703867723204,,3.5285097801501299,4.6967896617751315,4.7061117657209888,26.162951079974878,18
11.199999999999976,0.10000000000000001,112,50,301.19427214315323,,3.5281388706849621,4.6966121499892131,4.7057965440978151,26.172985057196527,18
11.299999999999976,0.10000000000000001,113,50,301.21808387329185,,3.5277699708924928,4.6964712143827141,4.7054793129091435,26.182796087789487,18
11.399999999999975,0.10000000000000001,114,50,301.24182209849789,,3.5274061003404835,4.6963249019811801,4.7051570473636932,26.191476090378945,18
11.499999999999975,0.10000000000000001,115,50,301.2654853785441,,3.527056365654254,4.6960995902852938,4.7048206257742367,26.199311075974123,18
11.599999999999975,0.10000000000000001,116,50,301.28907286025139,,3.5267158672749899,4.6958650341419084,4.704474954916722,26.206860281997209,18
11.699999999999974,0.10000000000000001,117,50,301.31258477135651,,3.526373317359468,4.695632722262145,4.7041313402299547,26.214131518996908,18
11.799999999999974,0.10000000000000001,118,50,301.33602141194746,,3.5260358641991218,4.6953953672587332,4.7037826218399905,26.221140320924082,18
11.899999999999974,0.10000000000000001,119,50,301.35938300891041,,3.5257245264444723,4.695131565383444,4.7033600552453176,26.22789822517057,18
11.999999999999973,0.10000000000000001,120,50,301.38266967399392,,3.5254342205652929,4.6948464954900242,4.7029140847934894,26.234414423241798,18
12.099999999999973,0.10000000000000001,121,50,301.40588142741194,,3.5251535934571891,4.6945517154350824,4.7024940920317535,26.240693604758142,18
12.199999999999973,0.10000000000000001,122,50,301.42901832929414,,3.5248842911973286,4.6942455467166901,4.7021181265312322,26.246745963783358,18
12.299999999999972,0.10000000000000001,123,50,301.45208043395604,,3.5246194327809217,4.6939349900003178,4.7017377168937093,26.252577297620835,18
12.399999999999972,0.10000000000000001,124,50,301.47506783200083,,3.5243588609559682,4.6936202003432514,4.7013530203735652,26.258196252943517,18
12.499999999999972,0.10000000000000001,125,50,301.49798064283607,,3.5241024692642116,4.693302703166256,4.7009641433852449,26.263608491769936,18
12.599999999999971,0.10000000000000001,126,50,301.52081898460222,,3.523850581860045,4.6929930354996028,4.7005707613314334,26.268853049851309,18
12.699999999999971,0.10000000000000001,127,50,301.54358305528348,,3.5236048068247445,4.6928229871142122,4.7003144956360021,26.277433812260153,18
12.799999999999971,0.10000000000000001,128,50,301.56627883457799,,3.523358424282431,4.6926536004225348,4.7000609616109825,26.286276727357158,18
12.89999999999997,0.10000000000000001,129,50,301.58890707562256,,3.5231116222787788,4.6924846870801469,4.6997799179558353,26.294598731938997,18
12.99999999999997,0.10000000000000001,130,50,301.61146733017875,,3.5228623577345912,4.6923183306178631,4.6994389557913037,26.301767600116932,18
13.099999999999969,0.10000000000000001,131,50,301.63395821275901,,3.522613928541471,4.6921511755721879,4.6990971553151537,26.308939960366995,18
13.199999999999969,0.10000000000000001,132,50,301.6563802175059,,3.5223674953460646,4.6919820422439384,4.6988683069815673,26.31594313786929,18
13.299999999999969,0.10000000000000001,133,50,301.67873350814534,,3.5221228704503087,4.6917815799173583,4.6985894127599455,26.321862760534522,18
13.399999999999968,0.10000000000000001,134,50,301.70101664894304,,3.521885165930402,4.6915140950348571,4.6982796171697778,26.327220348927604,18
13.499999999999968,0.10000000000000001,135,50,301.72322906583418,,3.5216595771342378,4.6912343919840005,4.6979576695423244,26.332418719392464,18
13.599999999999968,0.10000000000000001,136,50,301.74537083925179,,3.5214391799077713,4.6909495197906459,4.6976305175697819,26.337463045198639,18
13.699999999999967,0.10000000000000001,137,50,301.7674420707246,,3.5212243341816531,4.6905774584715125,4.6972977992402685,26.342358253780915,18
13.799999999999967,0.10000000000000001,138,50,301.78944285315021,,3.5210098038776207,4.6902048416920437,4.6969647681940687,26.347105881041063,18
13.899999999999967,0.10000000000000001,139,50,301.81137328088852,,3.5207904789811582,4.6898371444858666,4.6966365515439534,26.351709154680137,18
13.999999999999966,0.10000000000000001,140,50,301.83323339923891,,3.520560592218692,4.6894802179488879,4.696318935767434,26.356171082624044,18
14.099999999999966,0.10000000000000001,141,50,301.85502316944496,,3.5203262852313668,4.6891277980431196,4.6960057570479243,26.360495409592975,18
14.199999999999966,0.10000000000000001,142,50,301.87674256016362,,3.5200931759697442,4.6887741620630896,4.6956854315557592,26.364686630265656,18
14.299999999999965,0.10000000000000001,143,50,301.89839159908098,,3.5198554470577736,4.688427182269832,4.6952705371609547,26.368745196156095,18
14.399999999999965,0.10000000000000001,144,50,301.91997027174671,,3.5196193548265109,4.6880930781009047,4.6948552809369977,26.372669924360537,18
14.499999999999964,0.10000000000000001,145,50,301.94147860868702,,3.5193928047105834,4.6877958392957693,4.6944768750809303,26.375955395869756,18
14.599999999999964,0.10000000000000001,146,50,301.96291590471901,,3.5191814718008443,4.6874830941424221,4.6941174604332829,26.379199712181798,18
14.699999999999964,0.10000000000000001,147,50,301.98428260649746,,3.5189849206065018,4.6871552988039626,4.6938061889185336,26.382408652412579,18
14.799999999999963,0.10000000000000001,148,50,302.00557920986085,,3.5187893820549947,4.6868264386667962,4.6934938970135747,26.385577002929509,18
14.899999999999963,0.10000000000000001,149,50,302.02680611425484,,3.5185886292587725,4.6865028293454669,4.6931868224662194,26.388702966192479,18
14.999999999999963,0.10000000000000001,150,50,302.04796378611633,,3.5183699172960359,4.6861973884350343,4.6928977320055099,26.391782487126584,18
15.099999999999962,0.10000000000000001,151,50,302.06905286280693,,3.5181441052600682,4.6859347278699479,4.6926157492560341,26.394814911308437,18
15.199999999999962,0.10000000000000001,152,50,302.09007391301304,,3.5179254641928122,4.6857013072844333,4.692235964446736,26.397797305899132,18
15.299999999999962,0.10000000000000001,153,50,302.11102735674837,,3.517738523521845,4.6854357707071292,4.6918423147443695,26.400732412622407,18
15.399999999999961,0.10000000000000001,154,50,302.13191334281152,,3.5175604592053329,4.6851612674608631,4.6915425316371486,26.403614721287624,18
15.499999999999961,0.10000000000000001,155,50,302.1527320518536,,3.5173951416752587,4.6849485991664466,4.6912566902348063,26.407023733044735,18
15.599999999999961,0.10000000000000001,156,50,302.17348458292167,,3.5172241603438454,4.6847548113605146,4.6910371104059232,26.411479013856628,18
15.69999999999996,0.10000000000000001,157,50,302.19417295334165,,3.5170448652169393,4.6845694752205933,4.6908259019899718,26.416226560614415,18
15.79999999999996,0.10000000000000001,158,50,302.21479776588774,,3.5168522846924324,4.6843976372225713,4.6906280519751151,26.421052026002709,18
15.899999999999959,0.10000000000000001,159,50,302.23535925922204,,3.516660011297974,4.6842255138352318,4.6904299327287511,26.426032385405197,18
15.999999999999959,0.10000000000000001,160,50,302.2558578386533,,3.5164614391457398,4.6840598087392999,4.6901630918911135,26.432934674473998,18
16.099999999999959,0.10000000000000001,161,50,302.27629664576079,,3.5162570882203141,4.6838908836844606,4.6898836672815261,26.440199089597293,18
16.19999999999996,0.10000000000000001,162,50,302.29667625375475,,3.5160478105221094,4.6836634115444005,4.6896078246464201,26.447624811445753,18
16.299999999999962,0.10000000000000001,163,50,302.31699695192316,,3.51583617750493,4.6833966234270319,4.6892926700478252,26.451121071510325,18
16.399999999999963,0.10000000000000001,164,50,302.33725237787303,,3.515627480377387,4.6831268256233169,4.6889745391295579,26.454545460609996,18
16.499999999999964,0.10000000000000001,165,50,302.35744277762399,,3.5154210814609819,4.6828546649162961,4.6886540715187621,26.457942988106122,18
16.599999999999966,0.10000000000000001,166,50,302.37756843277896,,3.5152143304124968,4.6825828266952758,4.6883572946657877,26.461309958015207,18
16.699999999999967,0.10000000000000001,167,50,302.39762958444254,,3.5149977401873911,4.6823209184783749,4.6881334445899849,26.464641945410452,18
16.799999999999969,0.10000000000000001,168,50,302.41762655627889,,3.5147598205338539,4.6820805641863998,4.6879309561631253,26.467935834698018,18
16.89999999999997,0.10000000000000001,169,50,302.4375598056497,,3.514516572167488,4.6818455411110449,4.6877217221548548,26.471192758525952,18
16.999999999999972,0.10000000000000001,170,50,302.4574297095175,,3.5142712522032493,4.6816477117570168,4.6874401347863968,26.474408642987832,18
17.099999999999973,0.10000000000000001,171,50,302.47723665211009,,3.5140406380029523,4.6814676255791605,4.6871438317940965,26.477582420666828,18
17.199999999999974,0.10000000000000001,172,50,302.49698098569019,,3.513819149824327,4.6813459131257371,4.6868384072567499,26.480986523228538,18
17.299999999999976,0.10000000000000001,173,50,302.51666353595147,,3.5136161330863658,4.681230127103599,4.68653745518957,26.485688641352862,18
17.399999999999977,0.10000000000000001,174,50,302.53628690864656,,3.513430646170502,4.6810966109618501,4.6862624099810866,26.490748684859238,18
17.499999999999979,0.10000000000000001,175,50,302.55585191505196,,3.5132518626553888,4.6809563259810343,4.6860456184730523,26.495956281571978,18
17.59999999999998,0.10000000000000001,176,50,302.5753589840715,,3.5130816332281065,4.6808073975631146,4.6858796210699261,26.501231444598005,18
17.699999999999982,0.10000000000000001,177,50,302.59480843559976,,3.5129128725911531,4.6806570020343008,4.685712192636081,26.507011056964615,18
17.799999999999983,0.10000000000000001,178,50,302.61420125895705,,3.5127442262132118,4.6805065125667698,4.6855446851952456,26.514546885715628,18
17.899999999999984,0.10000000000000001,179,50,302.63354040395814,,3.5125721383899955,4.6803605008463736,4.6853806569638232,26.522354753968532,18
17.999999999999986,0.10000000000000001,180,50,302.65282636731882,,3.5123955321510358,4.6802268441950758,4.6852222426610286,26.530338015120417,18
18.099999999999987,0.10000000000000001,181,50,302.67205952704614,,3.5122159847605228,4.6801260390292061,4.6850967622129813,26.538116951243339,18
18.199999999999989,0.10000000000000001,182,50,302.69123966167894,,3.5120334750669588,4.6800282326948537,4.6849742772711176,26.546108876730322,18
18.29999999999999,0.10000000000000001,183,50,302.71036729862465,,3.5118482705592649,4.6799331571153342,4.6848545190426307,26.554267477688356,18
18.399999999999991,0.10000000000000001,184,50,302.72944288784123,,3.5116594314919221,4.6798417678545636,4.6847384292802223,26.5613866575465,18
18.499999999999993,0.10000000000000001,185,50,302.7484649892848,,3.5114690110050573,4.679751986332735,4.6846278845157991,26.568054707385748,18
18.599999999999994,0.10000000000000001,186,50,302.76743318485467,,3.5112782000093192,4.6796626075553807,4.6845255754785384,26.574772129488771,18
18.699999999999996,0.10000000000000001,187,50,302.78634784821099,,3.5110866850128728,4.679573951651161,4.6844240007871116,26.581534162141804,18
18.799999999999997,0.10000000000000001,188,50,302.8052093175711,,3.5108954026348904,4.6794415244447212,4.6843222189530449,26.588132091545276,18
18.899999999999999,0.10000000000000001,189,50,302.82401752965058,,3.5107068007696682,4.6792806097463018,4.6841862663443887,26.594249211091057,18
19,0.10000000000000001,190,50,302.84277184890806,,3.5105170625955795,4.6790834469066152,4.6839959101738469,26.599599490594549,18
19.100000000000001,0.10000000000000001,191,50,302.86147114656808,,3.5103230801338086,4.6788414488266987,4.6838098099938064,26.604775114119434,18
19.200000000000003,0.10000000000000001,192,50,302.88011526496012,,3.5101232129745528,4.6786054291717729,4.6836296106298994,26.609876548203211,18
19.300000000000004,0.10000000000000001,193,50,302.89870420149759,,3.509917592647688,4.6783752434058252,4.683455179218182,26.614906510618969,18
19.400000000000006,0.10000000000000001,194,50,302.91723791518228,,3.5097111548907618,4.6781458837866836,4.683264162434007,26.619867098585019,18
19.500000000000007,0.10000000000000001,195,50,302.93571641740851,,3.5095006922173022,4.6779205911052566,4.6830123554655065,26.624756830791252,18
19.600000000000009,0.10000000000000001,196,50,302.95413969036679,,3.509290726849374,4.6776947812813567,4.6827600209210019,26.629578439575539,18
19.70000000000001,0.10000000000000001,197,50,302.97250776024259,,3.5090816237719409,4.6774681487120073,4.6825067907491693,26.634331626482592,18
19.800000000000011,0.10000000000000001,198,50,302.9908206675783,,3.5088739847603483,4.677241654405071,4.6822531140734762,26.639009471648279,18
19.900000000000013,0.10000000000000001,199,50,303.0090784689022,,3.5086686491970691,4.6770395811091339,4.6820239839313498,26.643149066981984,18
20.000000000000014,0.10000000000000001,200,50,303.02728046350205,,3.5084640258632507,4.6768367349842404,4.6817940944439638,26.647333698284122,18
20.100000000000016,0.10000000000000001,201,50,303.04542697138623,,3.5082601308702044,4.67663310174368,4.6815634310139078,26.651566312896094,18
20.200000000000017,0.10000000000000001,202,50,303.06351830331732,,3.5080528801344313,4.6764328088614224,4.6813360852150012,26.655841883343307,18
20.300000000000018,0.10000000000000001,203,50,303.08155476665291,,3.5078317573395479,4.6762464745497185,4.6811277491207379,26.66015329142197,18
20.40000000000002,0.10000000000000001,204,50,303.09953675650007,,3.5075940496637918,4.6760768256121743,4.6809462186189847,26.664495486554795,18
20.500000000000021,0.10000000000000001,205,50,303.11746473005911,,3.5073514416498068,4.6759120538813796,4.6807695311073658,26.66886487297532,18
20.600000000000023,0.10000000000000001,206,50,303.13533909932664,,3.5071052143407382,4.6757875667565889,4.6805964022959179,26.673346807354335,18
20.700000000000024,0.10000000000000001,207,50,303.15316036052911,,3.5068646045828409,4.6757078012622273,4.6804527054418301,26.67846209791173,18
20.800000000000026,0.10000000000000001,208,50,303.17092987639774,,3.5066284774154939,4.6756680531228412,4.6803553157573932,26.684413403164616,18
20.900000000000027,0.10000000000000001,209,50,303.18864937424945,,3.5064009919340768,4.6756416907889049,4.6802492580680006,26.690644700140915,18
21.000000000000028,0.10000000000000001,210,50,303.20631959433587,,3.5061971739617102,4.6755914429811805,4.6801194964931776,26.697033240682181,18
21.10000000000003,0.10000000000000001,211,50,303.22394101543665,,3.5060069519755714,4.6755274744561897,4.6799761082533813,26.703498021668672,18
21.200000000000031,0.10000000000000001,212,50,303.24151387476343,,3.5058180761108786,4.6754621523155278,4.6798313505386462,26.710032048298224,18
21.300000000000033,0.10000000000000001,213,50,303.25903841976253,,3.5056374769444525,4.6753884788504712,4.6797344249150532,26.717616604178779,18
21.400000000000034,0.10000000000000001,214,50,303.27651644813346,,3.5054561116670877,4.6753155856276774,4.6796567446358663,26.726249775580392,18
21.500000000000036,0.10000000000000001,215,50,303.2939496990943,,3.5052723897738094,4.6752463283689156,4.6795814521540011,26.7350288209086,18
21.600000000000037,0.10000000000000001,216,50,303.31133844440069,,3.5050876581368788,4.6751877625298359,4.6795081623826933,26.743943713118298,18
21.700000000000038,0.10000000000000001,217,50,303.32868300102007,,3.5048957915222303,4.6751589499410171,4.6794647531019278,26.753001910222633,18
21.80000000000004,0.10000000000000001,218,50,303.34598365504092,,3.5046919190700665,4.6751422573982504,4.6794333955901859,26.762251868033736,18
21.900000000000041,0.10000000000000001,219,50,303.36324071567475,,3.5044766582744096,4.6751370647208175,4.6794134754772676,26.771680882365462,18
22.000000000000043,0.10000000000000001,220,50,303.3804544477947,,3.5042581333158624,4.6751351662528347,4.6793968554242333,26.780597368596062,18
22.100000000000044,0.10000000000000001,221,50,303.39762408228165,,3.5040351878246883,4.6751377326410415,4.6793605216773644,26.78845699113274,18
22.200000000000045,0.10000000000000001,222,50,303.41474803749395,,3.5038068560786044,4.6751268564862611,4.6792815682359148,26.796399474478292,18
22.300000000000047,0.10000000000000001,223,50,303.43182663457702,,3.5035764322178915,4.6750631171141945,4.67920468996462,26.804417428896372,18
22.400000000000048,0.10000000000000001,224,50,303.44886013574148,,3.5033364928247472,4.6750089775006662,4.6791373272331001,26.812506297892099,18
22.50000000000005,0.10000000000000001,225,50,303.46584885445429,,3.5030780036015212,4.6749735641104282,4.6790885344652384,26.820454208418774,18
22.600000000000051,0.10000000000000001,226,50,303.48279283397579,,3.5028177542841799,4.6749399097606466,4.679041485318443,26.828252657220418,18
22.700000000000053,0.10000000000000001,227,50,303.49969211649153,,3.5025541941519793,4.6749095819835276,4.6789277929388264,26.835175009110511,18
22.800000000000054,0.10000000000000001,228,50,303.5165455142776,,3.5023114808934084,4.6748089608742029,4.6787896588195412,26.841841055039492,18
22.900000000000055,0.10000000000000001,229,50,303.53335282410882,,3.5020879253813413,4.6746647492691515,4.678632301115206,26.848441971001517,18
23.000000000000057,0.10000000000000001,230,50,303.55011407925974,,3.5018649680835692,4.6745199188972304,4.6784743115271867,26.855033281482704,18
23.100000000000058,0.10000000000000001,231,50,303.56682942118789,,3.5016478908594104,4.6743691390845985,4.6783151365347395,26.861611550082142,18
23.20000000000006,0.10000000000000001,232,50,303.58349895087838,,3.501435718624315,4.6742133968962056,4.6782158215654484,26.868175997449974,18
23.300000000000061,0.10000000000000001,233,50,303.60012284129368,,3.5012239706563646,4.6740641502740559,4.6781160716531929,26.874724619046631,18
23.400000000000063,0.10000000000000001,234,50,303.61670125856079,,3.5010133940801555,4.673965966180007,4.6780191254999917,26.881319333895043,18
23.500000000000064,0.10000000000000001,235,50,303.63323448442895,,3.5008036284620809,4.673953515127458,4.6780081168803509,26.891056551766802,18
23.600000000000065,0.10000000000000001,236,50,303.64972786926478,,3.5005912878493155,4.6739436511437082,4.6779997092451184,26.90103065871844,18
23.700000000000067,0.10000000000000001,237,50,303.666181834621,,3.5003769754053824,4.673935767352333,4.6779932974724456,26.911177456298585,18
23.800000000000068,0.10000000000000001,238,50,303.68259673793017,,3.5001601114092269,4.6739304501333434,4.6779894612807418,26.921117902651044,18
23.90000000000007,0.10000000000000001,239,50,303.6989723616411,,3.4999405146926827,4.6739264231243851,4.6779907759262143,26.929752111466961,18
24.000000000000071,0.10000000000000001,240,50.000000000000007,303.71530680094094,,3.4997176470014542,4.673877812067083,4.6780001409910588,26.93849296261093,18
24.100000000000072,0.10000000000000001,241,50,303.73160047341423,,3.4994933397274521,4.6738306390090676,4.6780109650883901,26.947331772054156,18
24.200000000000074,0.10000000000000001,242,50,303.74785375201793,,3.4992663143938101,4.6737861946685229,4.6780245295007434,26.956261183724511,18
24.300000000000075,0.10000000000000001,243,50,303.76406695095784,,3.4990340463874312,4.6737470262414398,4.6780433658459932,26.965163809871378,18
24.400000000000077,0.10000000000000001,244,50,303.78024010847878,,3.4987974384104428,4.6737122229493657,4.678066570520155,26.974008475281604,18
24.500000000000078,0.10000000000000001,245,50,303.79637319655876,,3.4985529622268654,4.6736853432588434,4.6780770494894801,26.982436884612575,18
24.60000000000008,0.10000000000000001,246,50,303.81246552533059,,3.4983047675881882,4.6736622008816608,4.678032634208817,26.990258470640576,18
24.700000000000081,0.10000000000000001,247,50,303.82851609582349,,3.4980505718033164,4.6735858511340957,4.6779347749140419,26.997903330971447,18
24.800000000000082,0.10000000000000001,248,50,303.84452462737909,,3.497795361914128,4.6734992303097034,4.6778378979761195,27.005553403106315,18
24.900000000000084,0.10000000000000001,249,50,303.86049120161897,,3.4975393644278574,4.67341336034427,4.6777417762374736,27.013226121073345,18
25.000000000000085,0.10000000000000001,250,50,303.87641593762874,,3.4972829549315261,4.6733278624432764,4.6776460333032395,27.020919357376503,18
25.100000000000087,0.10000000000000001,251,50,303.89229897294666,,3.4970262034605755,4.6732423581148677,4.6775505990532347,27.028628569229184,18
25.200000000000088,0.10000000000000001,252,50,303.90814044052968,,3.496769915021591,4.6731557854308532,4.6774559211636415,27.036364434457461,18
25.30000000000009,0.10000000000000001,253,50,303.92394049925906,,3.4965136247078785,4.6730940337806732,4.6773862743674357,27.044658661358365,18
25.400000000000091,0.10000000000000001,254,50,303.93970018752282,,3.4962543055179931,4.6730352711978984,4.6773196228890619,27.05311794262639,18
25.500000000000092,0.10000000000000001,255,50,303.95541986279329,,3.4959920908086857,4.6729793644361637,4.6772558338134731,27.061723503975678,18
25.600000000000094,0.10000000000000001,256,50,303.97109985584927,,3.4957201628052061,4.6729331725707874,4.6772017308309746,27.070465155802189,18
25.700000000000095,0.10000000000000001,257,50,303.98674054280542,,3.4954320816279933,4.6729031677319499,4.6771639583192473,27.079335416554247,18
25.800000000000097,0.10000000000000001,258,50,304.00234235433084,,3.4951345201691817,4.6729380432087391,4.6771360344808954,27.088462946388379,18
25.900000000000098,0.10000000000000001,259,50,304.01790593579045,,3.4948283667096893,4.6729998072925465,4.6771371455772481,27.098009663700552,18
26.000000000000099,0.10000000000000001,260,50,304.03343222226749,,3.4945202398472235,4.6730635286082656,4.6771920650408871,27.108316122737737,18
26.100000000000101,0.10000000000000001,261,50,304.04892267382678,,3.4942104234222855,4.6731289222741417,4.6772486589057607,27.118868409467602,18
26.200000000000102,0.10000000000000001,262,50,304.06437785789268,,3.493899560384361,4.6731953422952621,4.6773062839304815,27.129663835057844,18
26.300000000000104,0.10000000000000001,263,50,304.07979832500376,,3.4935901755065744,4.6732602505438061,4.6773624142431087,27.140559631531154,18
26.400000000000105,0.10000000000000001,264,50,304.09518441604183,,3.4932906813032814,4.6733245574694333,4.677408633740014,27.151532368088986,18
26.500000000000107,0.10000000000000001,265,50,304.11053635540128,,3.493011229328653,4.6734186003156921,4.6774347864571642,27.162576750539248,18
26.600000000000108,0.10000000000000001,266,50,304.12585430240853,,3.4927423046668054,4.6735020662296289,4.6774503906311073,27.173813788522018,18
26.700000000000109,0.10000000000000001,267,50,304.14113868301592,,3.4924780348302926,4.6735808593572576,4.6774613208322213,27.186296762552423,18
26.800000000000111,0.10000000000000001,268,50,304.15639151948301,,3.4922147941610193,4.6736586257377173,4.6774712040827628,27.199021720144142,18
26.900000000000112,0.10000000000000001,269,50,304.17161316276685,,3.4919542358155833,4.6737335638976756,4.6775309523689677,27.211805551168531,18
27.000000000000114,0.10000000000000001,270,50,304.18680374865892,,3.4916936476133973,4.6738082781303021,4.6776058917068823,27.224645983210266,18
27.100000000000115,0.10000000000000001,271,50,304.20196341806746,,3.4914326953494292,4.6738933227138624,4.6776912628498772,27.23772265160213,18
27.200000000000117,0.10000000000000001,272,50,304.21709262925475,,3.4911721506067779,4.6739779564571888,4.6777762398092406,27.250929474562934,18
27.300000000000118,0.10000000000000001,273,50,304.23219168821839,,3.4909102519842401,4.6740639523406449,4.6778625847812583,27.264257165234163,18
27.400000000000119,0.10000000000000001,274,50,304.24726087407265,,3.4906456383562299,4.6741213323395936,4.6779516604333704,27.277577043503548,18
27.500000000000121,0.10000000000000001,275,50,304.26230025744871,,3.4903786824063485,4.6741494664905101,4.6780463017964147,27.28990898597101,18
27.600000000000122,0.10000000000000001,276,50,304.27730837852778,,3.4901101051052521,4.6741792231278074,4.6781489497602244,27.302080013281525,18
27.700000000000124,0.10000000000000001,277,50,304.29228518373867,,3.4898354064342358,4.6742151304551252,4.6782577404660044,27.314349936906041,18
27.800000000000125,0.10000000000000001,278,50,304.30723098289292,,3.4895551192072944,4.674256651782513,4.6783721424006419,27.326711027287573,18
27.900000000000126,0.10000000000000001,279,50,304.32214599568562,,3.4892721213954969,4.6743008911854762,4.6784892738617909,27.339157040706091,18
28.000000000000128,0.10000000000000001,280,50,304.33703040286014,,3.4889817515619361,4.6743525381772972,4.6786138070162222,27.351559365698698,18
28.100000000000129,0.10000000000000001,281,50,304.35188412453044,,3.4886856825978869,4.6744099089059965,4.6787226461439531,27.363961021969711,18
28.200000000000131,0.10000000000000001,282,50,304.36670711651209,,3.4883836449060368,4.6744732739001913,4.6787836803969221,27.376171875504589,18
28.300000000000132,0.10000000000000001,283,50,304.38149902419491,,3.4880795586554569,4.6745386893726071,4.6787907982986807,27.387772016654651,18
28.400000000000134,0.10000000000000001,284,50,304.39625880737208,,3.4877750147636868,4.6745878346822867,4.6787983463108587,27.399337257105209,18
28.500000000000135,0.10000000000000001,285,50,304.4109864391213,,3.4874692169905566,4.6745956244732607,4.6788071225150052,27.410843086109537,18
28.600000000000136,0.10000000000000001,286,50,304.42568187227096,,3.4871622485028348,4.6746045492176984,4.6788170437555072,27.422406896236151,18
28.700000000000138,0.10000000000000001,287,50,304.44034525191057,,3.4868543059020864,4.6746219169621801,4.6788279133006228,27.434024299715421,18
28.800000000000139,0.10000000000000001,288,50,304.45497672879168,,3.4865460830313264,4.6746921732157665,4.678840148245345,27.445701599983948,18
28.900000000000141,0.10000000000000001,289,50,304.46957647715999,,3.4862403529508086,4.6747790236426283,4.6788692156069356,27.457843110958457,18
29.000000000000142,0.10000000000000001,290,50,304.48414534353395,,3.4859391124114625,4.674861330927464,4.6788937673806021,27.470088061139919,18
29.100000000000144,0.10000000000000001,291,50,304.49868365304667,,3.4856414458867908,4.6749276666007127,4.6789147225283463,27.482422094110383,18
29.200000000000145,0.10000000000000001,292,50,304.51319169111235,,3.4853325777637849,4.6749658264512481,4.6789468648103751,27.494868106365654,18
29.300000000000146,0.10000000000000001,293,50,304.52766982564333,,3.4850076584126457,4.6750710262724962,4.6790130045718961,27.507568042615596,18
29.400000000000148,0.10000000000000001,294,50,304.54211877480731,,3.4846776193797968,4.6751813586907645,4.6791459775854758,27.520701655756692,18
29.500000000000149,0.10000000000000001,295,50,304.55653952494652,,3.4843388902778756,4.6753004099954678,4.6793222821652218,27.534453879892503,18
29.600000000000151,0.10000000000000001,296,50,304.57093332463074,,3.4840038665244442,4.6754157276779145,4.6794949002143005,27.54842080412169,18
29.700000000000152,0.10000000000000001,297,50,304.58530064661193,,3.4836769475238221,4.6755228934535165,4.6796594260252045,27.562545264877759,18
29.800000000000153,0.10000000000000001,298,50,304.59964174990569,,3.4833482605596,4.6756318254600151,4.6798257385005533,27.576769843051743,18
29.900000000000155,0.10000000000000001,299,50,304.61395677553122,,3.4830183758185109,4.6757419509891536,4.6799521702044036,27.591030760670115,18
30.000000000000156,0.10000000000000001,300,50,304.62824571097633,,3.4826871440550211,4.6758534199985577,4.6800728798520534,27.605326829620722,18
30.100000000000158,0.10000000000000001,301,50,304.64250858924788,,3.482354683361025,4.6759661139043631,4.6801948085351208,27.619654377126764,18
30.200000000000159,0.10000000000000001,302,50,304.65674547222494,,3.4820216364409329,4.6760793872710895,4.680317312977694,27.634466208638738,18
30.300000000000161,0.10000000000000001,303,50,304.67095714989574,,3.4816881290618413,4.6761931139006769,4.6804402673660173,27.65025199522784,18
30.400000000000162,0.10000000000000001,304,50,304.68514514228406,,3.4813543235772801,4.67630713086879,4.68056350926883,27.666159778002001,18
30.500000000000163,0.10000000000000001,305,50,304.69930957697142,,3.4810202955346186,4.6764221775589441,4.6806869631328123,27.682078163361329,18
30.600000000000165,0.10000000000000001,306,50,304.71345043439374,,3.4806869915190806,4.6765371744061586,4.6808059057103399,27.697928076246097,18
30.700000000000166,0.10000000000000001,307,50,304.72756758466039,,3.4803535628071236,4.6765908764504678,4.6808633149379011,27.710837935400473,18
30.800000000000168,0.10000000000000001,308,50,304.74165623153596,,3.4800184237418073,4.6766462561552631,4.6809224086484837,27.723755073742378,18
30.900000000000169,0.10000000000000001,309,50,304.7557165572544,,3.4796799068615405,4.676704986719427,4.6809848547233086,27.736739827529171,18
31.000000000000171,0.10000000000000001,310,50,304.76974880204807,,3.4793335418294813,4.6768430106576648,4.6810551233805358,27.749973178970379,18
31.100000000000172,0.10000000000000001,311,50,304.78375354327119,,3.4789762706819971,4.6770037579516242,4.6811354677929158,27.763360750401851,18
31.200000000000173,0.10000000000000001,312,50,304.79773123357313,,3.4786147309375393,4.6771687759017295,4.6812983326508899,27.777600202497304,18
31.300000000000175,0.10000000000000001,313,50,304.81168348591524,,3.4782502692367103,4.6773367130868895,4.6814659386316748,27.792159238328058,18
31.400000000000176,0.10000000000000001,314,50,304.82561099604249,,3.477884945605036,4.6775055023200736,4.6816343946943171,27.806821375266519,18
31.500000000000178,0.10000000000000001,315,50,304.83951407096504,,3.4775184582756737,4.6776754465480881,4.6818040026960501,27.821703876992952,18
31.600000000000179,0.10000000000000001,316,50,304.85339320496149,,3.4771513153296385,4.6778460360466729,4.6819742545055707,27.836614119046622,18
31.70000000000018,0.10000000000000001,317,50,304.86724855810581,,3.4767836077083345,4.6780171796886858,4.682145059190848,27.85155012560972,18
31.800000000000182,0.10000000000000001,318,50,304.88108028375984,,3.4764224496219471,4.6781811154159083,4.6823093012820536,27.866508976106346,18
31.900000000000183,0.10000000000000001,319,50,304.89488853282762,,3.476072362595604,4.678333744000672,4.6824624581546299,27.881486337172689,18
32.000000000000185,0.10000000000000001,320,50,304.9086733490081,,3.4757329772424268,4.6784756154098996,4.6826048987387132,27.897174249051137,18
32.100000000000186,0.10000000000000001,321,50,304.92243584157842,,3.4754047286406253,4.6786323151981648,4.6827361873980289,27.913759645769943,18
32.200000000000188,0.10000000000000001,322,50,304.93617744486704,,3.4750837968302251,4.6788059534279611,4.6828601443258506,27.930440806879957,18
32.300000000000189,0.10000000000000001,323,50,304.94989827550228,,3.4747627313432679,4.6789797315099362,4.6829842209453254,27.947122719495603,18
32.40000000000019,0.10000000000000001,324,50,304.96359832405784,,3.474441674301266,4.6791104028056543,4.6831096691412899,27.963806337984437,18
32.500000000000192,0.10000000000000001,325,50,304.97727759485235,,3.4741249511617496,4.6792181891567139,4.6832910652245179,27.980528748400204,18
32.600000000000193,0.10000000000000001,326,50,304.99093621300881,,3.473807443681177,4.6793267580667175,4.6834732612732299,27.997272596274094,18
32.700000000000195,0.10000000000000001,327,50,305.00457426504261,,3.4734887486734571,4.6794365142427585,4.6836566608303318,28.01403727442964,18
32.800000000000196,0.10000000000000001,328,50,305.01819182245151,,3.4731702554874366,4.679546063433615,4.6838398738629961,28.030772138848167,18
32.900000000000198,0.10000000000000001,329,50,305.03178889426647,,3.4728502117962892,4.6796571642906937,4.6840242932928335,28.04694385631446,18
33.000000000000199,0.10000000000000001,330,50,305.04536463992639,,3.4725248887847444,4.6797735586744462,4.6842132950442723,28.062390169548767,18
33.1000000000002,0.10000000000000001,331,50,305.05891799708206,,3.4721954683133145,4.6798940603207608,4.6844064136504411,28.07786906120662,18
33.200000000000202,0.10000000000000001,332,50,305.07244911678993,,3.4718609663110573,4.6800196564902707,4.6846046360596771,28.093378024821895,18
33.300000000000203,0.10000000000000001,333,50,305.08595811165395,,3.4715215594774391,4.6801501696134276,4.6848077874089222,28.108913400411463,18
33.400000000000205,0.10000000000000001,334,50,305.09944504577527,,3.4711754944702258,4.6802873587990792,4.6849607651643197,28.124472955778945,18
33.500000000000206,0.10000000000000001,335,50,305.11290995039127,,3.4708285019450456,4.6804254734089623,4.6851098081120801,28.139956627975277,18
33.600000000000207,0.10000000000000001,336,50,305.1263527012311,,3.4704810177358389,4.6805640761497855,4.6852593356523382,28.155408426059847,18
33.700000000000209,0.10000000000000001,337,50,305.13977328037839,,3.47013305756664,4.6807031512990047,4.6854093321116395,28.170726007196667,18
33.80000000000021,0.10000000000000001,338,50,305.15317149486111,,3.4697846036973234,4.6808427167060609,4.6855395537833253,28.185715244516626,18
33.900000000000212,0.10000000000000001,339,50,305.16654682876361,,3.4694357982725252,4.6809944542656092,4.6856310017253495,28.20029948811467,18
34.000000000000213,0.10000000000000001,340,50,305.17989865132091,,3.4690883936375601,4.6811606920186009,4.6857210224720349,28.214860905369022,18
34.100000000000215,0.10000000000000001,341,50,305.19322699101747,,3.4687404754548954,4.6812899756705182,4.685811532692961,28.229312139549027,18
34.200000000000216,0.10000000000000001,342,50,305.20653172334158,,3.4683910038362322,4.6814210405993499,4.6859039782966034,28.243795209759643,18
34.300000000000217,0.10000000000000001,343,50,305.21981295526876,,3.4680448725631132,4.6815543919208586,4.6859989527491166,28.258299095760293,18
34.400000000000219,0.10000000000000001,344,50,305.23307081160738,,3.4677039076506642,4.6816370560755702,4.6860887375220548,28.272876506711032,18
34.50000000000022,0.10000000000000001,345,50,305.24630555945868,,3.4673648470612761,4.6817691172643974,4.6861765974461562,28.287653345615787,18
34.600000000000222,0.10000000000000001,346,50,305.25951773192031,,3.4670171089191362,4.6819098811062112,4.6862749869629399,28.302534041617896,18
34.700000000000223,0.10000000000000001,347,50,305.27270768786695,,3.4666555730658777,4.6820644839234289,4.6864643686125378,28.31810570992824,18
34.800000000000225,0.10000000000000001,348,50,305.28587684290574,,3.4662886653399489,4.6822244727673059,4.6866978513164144,28.333895562077451,18
34.900000000000226,0.10000000000000001,349,50,305.29902576899923,,3.4659173549266553,4.6823888752763958,4.6869357636328148,28.349789978986095,18
35.000000000000227,0.10000000000000001,350,50,305.31215479022813,,3.46554888848978,4.6825504217052067,4.6871708565054204,28.365798539895113,18
35.100000000000229,0.10000000000000001,351,50,305.32526415365072,,3.4651866081970297,4.6827057593930039,4.6873729251373568,28.381860200048443,18
35.20000000000023,0.10000000000000001,352,50,305.33835384826574,,3.4648233186555757,4.6828621067243059,4.687541141644898,28.397925763660663,18
35.300000000000232,0.10000000000000001,353,50,305.35142379163,,3.4644644810847218,4.6830139851769124,4.6877048945620805,28.413995098072302,18
35.400000000000233,0.10000000000000001,354,50,305.36447391270588,,3.4641058213673945,4.6831656825221106,4.68786846066339,28.430068918190941,18
35.500000000000234,0.10000000000000001,355,50,305.37750419255281,,3.4637470710045863,4.68331746813306,4.6880321086838066,28.446147860387772,18
35.600000000000236,0.10000000000000001,356,50,305.3905146410458,,3.4633882436322789,4.6834693283455744,4.6881958250384601,28.46309953809816,18
35.700000000000237,0.10000000000000001,357,50,305.4035066366539,,3.4630296048850191,4.6836209967047724,4.6883593439943008,28.480505404221457,18
35.800000000000239,0.10000000000000001,358,50,305.41648083627013,,3.4626714180861269,4.6837722090841503,4.6885224021227563,28.49793581528435,18
35.90000000000024,0.10000000000000001,359,50,305.42943721312832,,3.4623144273944062,4.683927702490732,4.688684254850787,28.515351170124362,18
36.000000000000242,0.10000000000000001,360,50,305.442375709923,,3.4619582297170099,4.6841150716698738,4.6888416873987584,28.532660038427444,18
36.100000000000243,0.10000000000000001,361,50,305.45529613458876,,3.4616016073534834,4.6842149323293052,4.6889495413741438,28.547065872251739,18
36.200000000000244,0.10000000000000001,362,50,305.46819374620577,,3.4612445834348087,4.6843479969466255,4.6890577747435982,28.561556417296327,18
36.300000000000246,0.10000000000000001,363,50,305.48106884950261,,3.4608832661703341,4.6844974147645164,4.6891702795793346,28.576133449111111,18
36.400000000000247,0.10000000000000001,364,50,305.49392175773283,,3.4605126958542849,4.6846561142398535,4.6893210375636505,28.591061720405836,18
36.500000000000249,0.10000000000000001,365,50,305.50675326289127,,3.460132152659142,4.6848248176341913,4.6895086931860366,28.606402982652661,18
36.60000000000025,0.10000000000000001,366,50,305.51956427916605,,3.4597463660306627,4.6849987807327427,4.689705801154517,28.621935028581419,18
36.700000000000252,0.10000000000000001,367,50,305.53235534055273,,3.4593608842394525,4.6851724377713833,4.6899025965058874,28.637483004381714,18
36.800000000000253,0.10000000000000001,368,50,305.54512664842963,,3.4589762958286272,4.6853451983782097,4.6900984905823542,28.653176642659691,18
36.900000000000254,0.10000000000000001,369,50,305.55787859562781,,3.4585922570791285,4.6855174073999395,4.6902938270670189,28.668872665294138,18
37.000000000000256,0.10000000000000001,370,50,305.57061128783164,,3.4582080810141944,4.6856897540335813,4.6904892929693034,28.684569605156788,18
37.100000000000257,0.10000000000000001,371,50,305.58332482059893,,3.4578241913187906,4.6858618132611198,4.6906844645563881,28.700266592702683,18
37.200000000000259,0.10000000000000001,372,50,305.59601928129655,,3.4574417651356248,4.6860324041690271,4.690878164523725,28.715963053183614,18
37.30000000000026,0.10000000000000001,373,50,305.60869475334408,,3.457069134259898,4.6861931680262154,4.691062059925784,28.731657355083495,18
37.400000000000261,0.10000000000000001,374,50,305.62135130373105,,3.4567075158170861,4.6863428836277325,4.6912349328019269,28.748259071704194,18
37.500000000000263,0.10000000000000001,375,50,305.63399032472381,,3.4563475283660718,4.686490962769537,4.6914061650747589,28.765148128712951,18
37.600000000000264,0.10000000000000001,376,50,305.64661220000374,,3.4559980512710422,4.6866284970967138,4.6915668761203886,28.782038665304505,18
37.700000000000266,0.10000000000000001,377,50,305.65921689260648,,3.4556549825180349,4.6867593616472929,4.6917211678648165,28.798913176418477,18
37.800000000000267,0.10000000000000001,378,50,305.67180441108223,,3.45531323924315,4.686887679922326,4.6918744498278082,28.815775685496273,18
37.900000000000269,0.10000000000000001,379,50,305.68437478190089,,3.4549669311682636,4.6870247621783445,4.6920365759878511,28.832773261706446,18
38.00000000000027,0.10000000000000001,380,50,305.69692822921303,,3.4546151449479012,4.6871673441879853,4.692225264855197,28.849747892734761,18
38.100000000000271,0.10000000000000001,381,50,305.70946466153219,,3.4542588113014929,4.6873144923979062,4.6924489527330433,28.866695528751197,18
38.200000000000273,0.10000000000000001,382,50,305.72198398158059,,3.4539028753202348,4.6874612450279329,4.6926722638919864,28.883622301144246,18
38.300000000000274,0.10000000000000001,383,50,305.73448613393731,,3.4535457354519181,4.6876092091331616,4.6928748792872996,28.900285745204403,18
38.400000000000276,0.10000000000000001,384,50,305.74697068564336,,3.4531856971463801,4.6877600852625578,4.6930368555448325,28.916028463535611,18
38.500000000000277,0.10000000000000001,385,50,305.75943619399186,,3.4528256694376918,4.6879109543301745,4.6931988134556129,28.931668251373438,18
38.600000000000279,0.10000000000000001,386,50,305.77188259083118,,3.4524583694458508,4.6880691250877664,4.6933680399420323,28.947309721165411,18
38.70000000000028,0.10000000000000001,387,50,305.78431001952526,,3.4520762270605481,4.6882421952783631,4.6935521096748518,28.962956112808673,18
38.800000000000281,0.10000000000000001,388,50,305.79671871027267,,3.4516906405473873,4.6884187265299575,4.693739619003571,28.978604241571063,18
38.900000000000283,0.10000000000000001,389,50,305.80910885774364,,3.4512989851259945,4.6886013534374174,4.6939331943629901,28.994252820222936,18
39.000000000000284,0.10000000000000001,390,50,305.82148066118373,,3.4509080171348243,4.6887832953158686,4.6941260760384118,29.009804954119019,18
39.100000000000286,0.10000000000000001,391,50,305.833834106111,,3.4505250857473477,4.6889571757754434,4.6943109107920931,29.025308996901284,18
39.200000000000287,0.10000000000000001,392,50,305.84616922212689,,3.4501537932966784,4.6891193785035288,4.694484093898593,29.040704829779333,18
39.300000000000288,0.10000000000000001,393,50,305.85848584394012,,3.4497840377836742,4.689280042679127,4.6946557323376856,29.055955457414512,18
39.40000000000029,0.10000000000000001,394,50,305.87078375903468,,3.4494211339583174,4.689415520011476,4.6947806742063261,29.070719242629508,18
39.500000000000291,0.10000000000000001,395,50,305.88306218990061,,3.4490651291175212,4.6895352318833536,4.6948868761223164,29.085375044686106,18
39.600000000000293,0.10000000000000001,396,50,305.89532105636255,,3.4487103804020531,4.6896609594327527,4.694994524330661,29.100062447207019,18
39.700000000000294,0.10000000000000001,397,50,305.90756051805914,,3.4483548654528646,4.6898213222564369,4.6951370553234435,29.115351932021554,18
39.800000000000296,0.10000000000000001,398,50,305.91978164801776,,3.4479986007860948,4.6899424814598447,4.6952803256047746,29.130676560928091,18
39.900000000000297,0.10000000000000001,399,50,305.9319845525124,,3.4476452954623049,4.6900576213830822,4.6954655758133974,29.145960718995358,18
40.000000000000298,0.10000000000000001,400,50,305.94416924198424,,3.4472878443691801,4.6901746482482585,4.6956600057109323,29.161226738778591,18
40.1000000000003,0.10000000000000001,401,50,305.95633572301648,,3.4469292596935048,4.6902898346169462,4.6958548826752562,29.176312022808123,18
40.200000000000301,0.10000000000000001,402,50,305.96848374693792,,3.4465690370890512,4.690406683189031,4.6960500175809985,29.190641245322446,18
40.300000000000303,0.10000000000000001,403,50,305.98061217921435,,3.4462060639652181,4.6905263111971012,4.6962479219203033,29.204764360431209,18
40.400000000000304,0.10000000000000001,404,50,305.99272079128383,,3.4458367168728765,4.6906523578639101,4.6964047582635509,29.2188638757391,18
40.500000000000306,0.10000000000000001,405,50,306.00480958650337,,3.4454659967751788,4.6907798008206729,4.6965580080105278,29.232944270307236,18
40.600000000000307,0.10000000000000001,406,50,306.01687858388493,,3.4450955372883767,4.6909069990753087,4.6967109916074206,29.247005999497613,18
40.700000000000308,0.10000000000000001,407,50,306.02892781809737,,3.4447252329154114,4.6910340583119465,4.696863814670345,29.261050652933086,18
40.80000000000031,0.10000000000000001,408,50,306.04095733271976,,3.4443552625324334,4.6911607985595323,4.6970162982149652,29.275032741556274,18
40.900000000000311,0.10000000000000001,409,50,306.05296709410959,,3.4439855966937474,4.6912872491170869,4.6971684717308761,29.288921769695133,18
41.000000000000313,0.10000000000000001,410,50,306.06495701616672,,3.4436162124811918,4.6914134327311032,4.6973203581664507,29.30277076639819,18
41.100000000000314,0.10000000000000001,411,49.999999999999993,306.07692710541721,,3.4432470811758806,4.6915393779964543,4.6974719862816912,29.316462255723142,18
41.200000000000315,0.10000000000000001,412,50,306.08887716946504,,3.4428781558391508,4.6916651318225062,4.6976107315237394,29.329888486979662,18
41.300000000000317,0.10000000000000001,413,50,306.10080683507158,,3.4425090054658147,4.6917625755707162,4.6977162062347393,29.3429671093472,18
41.400000000000318,0.10000000000000001,414,50,306.11271558791037,,3.4421399125860921,4.6918640107244585,4.6978216379822131,29.356050385868695,18
41.50000000000032,0.10000000000000001,415,50,306.12460351136843,,3.4417739893170003,4.691966469780767,4.6979243096548116,29.369127210952783,18
41.600000000000321,0.10000000000000001,416,50,306.13647069266716,,3.4414123348644177,4.6920638164375532,4.6980226910448044,29.382184589891665,18
41.700000000000323,0.10000000000000001,417,50,306.14831724006092,,3.4410479938113419,4.6921638855442609,4.6981637841228512,29.395647027630748,18
41.800000000000324,0.10000000000000001,418,50,306.16014402417682,,3.4406721532239377,4.6922755362857407,4.69831663582484,29.409219201738289,18
41.900000000000325,0.10000000000000001,419,50,306.1719514098786,,3.4402900403284473,4.6923935150785763,4.6984899425073383,29.422913153474507,18
42.000000000000327,0.10000000000000001,420,50,306.18373978646741,,3.4399058149598027,4.692513640346295,4.6986935568366182,29.436570414148974,18
42.100000000000328,0.10000000000000001,421,50,306.19550927745269,,3.4395186511308156,4.6926367427113762,4.6988824169831265,29.450286770793255,18
42.20000000000033,0.10000000000000001,422,50,306.20726010948607,,3.4391315308346515,4.6927598238760675,4.699041428686991,29.4639705899551,18
42.300000000000331,0.10000000000000001,423,50,306.21899225103522,,3.4387539112850543,4.6928733733026968,4.6991909300528105,29.477612572551848,18
42.400000000000333,0.10000000000000001,424,50,306.23070561585257,,3.4383791489457187,4.6929840709289126,4.6993375673092137,29.491217341292035,18
42.500000000000334,0.10000000000000001,425,50,306.24240014967069,,3.4380088833872762,4.6930902671519981,4.6994796999071555,29.504784803259493,18
42.600000000000335,0.10000000000000001,426,50,306.25407579557333,,3.4376394728135167,4.6931956243012243,4.6996209712611448,29.518319468369235,18
42.700000000000337,0.10000000000000001,427,50,306.26573252940676,,3.4372707083899501,4.6933003521468724,4.6997615903095769,29.532028188790626,18
42.800000000000338,0.10000000000000001,428,50,306.27737066418808,,3.4369026088757884,4.6934044315506407,4.6999015382979392,29.546294417447694,18
42.90000000000034,0.10000000000000001,429,50,306.28899109959025,,3.4365352628285382,4.6935077731508663,4.700040726637881,29.560669663899755,18
43.000000000000341,0.10000000000000001,430,50,306.3005939949245,,3.4361686747117117,4.6936103721765017,4.7001791508654014,29.575006447959112,18
43.100000000000342,0.10000000000000001,431,49.999999999999993,306.31217928684475,,3.4358021176230085,4.6937119776834253,4.7003175382880107,29.589307289309353,18
43.200000000000344,0.10000000000000001,432,50,306.32374692885679,,3.435435272617088,4.6938064807897248,4.7004524448516767,29.603507841622001,18
43.300000000000345,0.10000000000000001,433,50,306.33529677113972,,3.4350700774391374,4.6938913758544309,4.7005426757790332,29.615625880251073,18
43.400000000000347,0.10000000000000001,434,50,306.34682546670012,,3.4347051385220873,4.6939727207994109,4.7006488559468753,29.627816749099246,18
43.500000000000348,0.10000000000000001,435,50,306.35833330498355,,3.4343355292867095,4.6940587907928117,4.7007790978803197,29.640306003143014,18
43.60000000000035,0.10000000000000001,436,50,306.36982096519404,,3.4339590024739217,4.694151848446638,4.7009162521824912,29.65285609790903,18
43.700000000000351,0.10000000000000001,437,50,306.38128875354499,,3.4335784511821599,4.6942489818512643,4.7010567732576076,29.665440752170593,18
43.800000000000352,0.10000000000000001,438,50,306.39273692853624,,3.433196405435218,4.6943476440396292,4.7011974897979778,29.67799265310336,18
43.900000000000354,0.10000000000000001,439,50,306.40416561948638,,3.4328152366793265,4.6944454471698069,4.701337325574408,29.69059333912319,18
44.000000000000355,0.10000000000000001,440,50,306.41557506656733,,3.4324345705972763,4.6945427678531475,4.701476655021529,29.703143820775903,18
44.100000000000357,0.10000000000000001,441,50,306.42696532392597,,3.4320539864714985,4.6946400295209907,4.7016158990468506,29.715646061691139,18
44.200000000000358,0.10000000000000001,442,50,306.43833644320216,,3.4316741801339044,4.694736531162885,4.7017543615490007,29.728101333101566,18
44.30000000000036,0.10000000000000001,443,50,306.44968847151011,,3.4312949794481642,4.6948324458760302,4.7018922147190008,29.74051268587607,18
44.400000000000361,0.10000000000000001,444,50,306.46102145696489,,3.4309166520450045,4.6949275038067331,4.7020291907735796,29.752881065122683,18
44.500000000000362,0.10000000000000001,445,50,306.47233544359659,,3.4305421919167411,4.6950186885000305,4.7021622940977856,29.765515530566152,18
44.600000000000364,0.10000000000000001,446,50,306.4836309347765,,3.4301757422900661,4.6951018250128262,4.7022873788053632,29.778704427993809,18
44.700000000000365,0.10000000000000001,447,50,306.4949088261186,,3.4298134768749029,4.6951807673377921,4.7024082724807297,29.791982422475165,18
44.800000000000367,0.10000000000000001,448,50,306.50616923373718,,3.4294528758848184,4.6952363823170904,4.7025274959736132,29.805218181427747,18
44.900000000000368,0.10000000000000001,449,50,306.51741207869895,,3.429095209865451,4.6952368697312101,4.7026437778503896,29.818414464880384,18
45.000000000000369,0.10000000000000001,450,50,306.52863730179394,,3.4287421966949267,4.6952739865811202,4.7027538345336435,29.831546408932944,18
45.100000000000371,0.10000000000000001,451,50,306.53984485500985,,3.4283891036964498,4.6952943327904944,4.7028469144487071,29.8438634640932,18
45.200000000000372,0.10000000000000001,452,50,306.55103346844925,,3.4280319933068815,4.6953187556228144,4.7029440060977992,29.85607569339389,18
45.300000000000374,0.10000000000000001,453,50,306.56220301371155,,3.4276717993623294,4.6953463138346407,4.7030441753137264,29.868209076038731,18
45.400000000000375,0.10000000000000001,454,50,306.5733533835002,,3.4273137088852677,4.6953717795991423,4.7031563891924959,29.880271596073648,18
45.500000000000377,0.10000000000000001,455,50,306.58448450750353,,3.4269571257981744,4.695395753125104,4.7032690217574906,29.892188299987339,18
45.600000000000378,0.10000000000000001,456,50,306.59559620973386,,3.4265985713109153,4.6954217402871192,4.7033532003444209,29.903651649521002,18
45.700000000000379,0.10000000000000001,457,50,306.60668782030831,,3.4262418365488765,4.6954459193912559,4.7034355549626135,29.914681311464395,18
45.800000000000381,0.10000000000000001,458,50,306.61775875143269,,3.4258809536146595,4.6954743059806443,4.7035220580112478,29.925642856484831,18
45.900000000000382,0.10000000000000001,459,50,306.62880904980159,,3.4255107691915025,4.6955120951055918,4.7036178675942217,29.93654153638731,18
46.000000000000384,0.10000000000000001,460,50,306.63983882579623,,3.4251393964005064,4.6955511074038219,4.7037148652154697,29.947377634384043,18
46.100000000000385,0.10000000000000001,461,50,306.65084816862236,,3.4247648892609952,4.6955933046670681,4.703814998775024,29.958153985756887,18
46.200000000000387,0.10000000000000001,462,50,306.66183717536251,,3.4243913639935908,4.6956345363455121,4.703914148888984,29.96887054691825,18
46.300000000000388,0.10000000000000001,463,50,306.67280591272032,,3.4240223547002344,4.6956712384284902,4.7040087781691335,29.979479722312071,18
46.400000000000389,0.10000000000000001,464,50,306.68375432710235,,3.423662537354855,4.6956986949959241,4.7040942057147968,29.98998325446329,18
46.500000000000391,0.10000000000000001,465,50,306.69468231826733,,3.423309639405796,4.6957191971661212,4.7041727051535647,30.000421760909386,18
46.600000000000392,0.10000000000000001,466,50,306.70558983904283,,3.4229574741968491,4.6956982051135281,4.704250468497583,30.010684661095649,18
46.700000000000394,0.10000000000000001,467,50,306.71647665383625,,3.422607930883856,4.6956657132152975,4.7043256046093411,30.020892579154562,18
46.800000000000395,0.10000000000000001,468,50,306.72734271528259,,3.4222640178829091,4.6956071235484487,4.7043654440152238,30.0307711274776,18
46.900000000000396,0.10000000000000001,469,50,306.73818757007143,,3.4219238052302141,4.6955324871305093,4.704393770409089,30.041177489222914,18
47.000000000000398,0.10000000000000001,470,50,306.74901218536218,,3.4215812936915819,4.6954988986757398,4.7044243891393336,30.051539913356123,18
47.100000000000399,0.10000000000000001,471,50,306.75981652654616,,3.421236054895255,4.6954680903108574,4.7044577290852674,30.061834698218469,18
47.200000000000401,0.10000000000000001,472,50,306.7706005091672,,3.4208912679944872,4.6954368562940569,4.7044906084223195,30.072066159366962,18
47.300000000000402,0.10000000000000001,473,50,306.78136406845573,,3.420549613011282,4.695402494253841,4.7045493385565456,30.082211034695209,18
47.400000000000404,0.10000000000000001,474,50,306.79210713417359,,3.4202046086818276,4.695371538864733,4.7045772562127919,30.092163307334097,18
47.500000000000405,0.10000000000000001,475,50,306.80282943876557,,3.4198579739756259,4.6953422562589049,4.7045996982157279,30.101900157468393,18
47.600000000000406,0.10000000000000001,476,50,306.81353067645728,,3.4195106562739497,4.6953136907556621,4.7046228210824763,30.111549542957913,18
47.700000000000408,0.10000000000000001,477,50,306.82421079848319,,3.419158882808548,4.6952896460668327,4.7046504016637556,30.121117929685447,18
47.800000000000409,0.10000000000000001,478,50,306.83486981247131,,3.4188072136692371,4.6952655232413445,4.7046778755046601,30.130607346144618,18
47.900000000000411,0.10000000000000001,479,50,306.84550772006145,,3.4184544439115898,4.6952425369232769,4.7047064489023365,30.1400207028937,18
48.000000000000412,0.10000000000000001,480,50,306.85612453214395,,3.4181030071798078,4.69521823261148,4.7047336856775477,30.149361032813516,18
48.100000000000414,0.10000000000000001,481,50,306.86672024843261,,3.4177529748180846,4.6951925381540427,4.7047595143211689,30.15862112639082,18
48.200000000000415,0.10000000000000001,482,50,306.87729484593126,,3.4174042950345154,4.6951655055957353,4.7047839865961985,30.167782193883507,18
48.300000000000416,0.10000000000000001,483,50,306.88784826337167,,3.4170569737533203,4.6951371287789101,4.7048070964813871,30.176875120040474,18
48.400000000000418,0.10000000000000001,484,50,306.89838048991567,,3.4167099043140006,4.6951100814890516,4.70482995186204,30.185882437720746,18
48.500000000000419,0.10000000000000001,485,50,306.90889147678035,,3.4163639378906767,4.6951166316245629,4.7048517005338164,30.194920286687761,18
48.600000000000421,0.10000000000000001,486,50,306.91938136896408,,3.4160185435532533,4.6950882302839609,4.7048667453713771,30.203795092844324,18
48.700000000000422,0.10000000000000001,487,50,306.9298499818758,,3.4156748751923707,4.6950347377124455,4.704855982464478,30.2121291123585,18
48.800000000000423,0.10000000000000001,488,50,306.94029653681952,,3.4153326330098075,4.6949766287164616,4.7048456755806578,30.220399589310407,18
48.900000000000425,0.10000000000000001,489,50,306.95072107342554,,3.4149908232534645,4.6948793769636152,4.7048349295966965,30.228459385740052,18
49.000000000000426,0.10000000000000001,490,50,306.96112340231718,,3.4146452707654271,4.6947859283402718,4.7048279242490656,30.236457233466123,18
49.100000000000428,0.10000000000000001,491,50,306.97150358470424,,3.4142983966366369,4.6946938388937243,4.7048231867291985,30.2443700096726,18
49.200000000000429,0.10000000000000001,492,50,306.98186163938277,,3.4139514053319564,4.694601892639561,4.7048095280736897,30.252256663640335,18
49.300000000000431,0.10000000000000001,493,50,306.99219766229794,,3.4136040945758017,4.6945102930913301,4.7047961859825005,30.260072550951946,18
49.400000000000432,0.10000000000000001,494,50,307.00251164187551,,3.4132586269672758,4.6944168579524925,4.7047809954175008,30.267820211003837,18
49.500000000000433,0.10000000000000001,495,50,307.01280356381693,,3.4129163658357369,4.6943202116942366,4.7047625913435009,30.275499974503912,18
49.600000000000435,0.10000000000000001,496,50,307.02307340488386,,3.4125758059777622,4.6942218729932579,4.7047424805375062,30.283116581233831,18
49.700000000000436,0.10000000000000001,497,50,307.03332115208497,,3.4122372335040216,4.6941215530901603,4.7047203764483303,30.290672307598147,18
49.800000000000438,0.10000000000000001,498,50,307.04354679392276,,3.4118998579670308,4.6940200493601285,4.7046970703625028,30.298170257578612,18
49.900000000000439,0.10000000000000001,499,50,307.05375032771474,,3.4115632182901723,4.6939178267647703,4.704673023861158,30.305911207984231,18
50.000000000000441,0.10000000000000001,500,50,307.0639322199662,,3.4112232117851589,4.6938190239185742,4.7046510431134987,30.313985120734149,18
50.100000000000442,0.10000000000000001,501,50,307.07409304773108,,3.4108797371497799,4.6936971994356425,4.7046280824130982,30.32224608894461,18
50.200000000000443,0.10000000000000001,502,50,307.08423313117112,,3.41053586346588,4.6935381910640874,4.7046055295513769,30.33050009151934,18
50.300000000000445,0.10000000000000001,503,50,307.09435248528598,,3.4101922467832737,4.6933858064100447,4.704582727502082,30.338746397365892,18
50.400000000000446,0.10000000000000001,504,50,307.10445114323255,,3.4098481369424647,4.6932787323876486,4.7045586947072398,30.346959228798703,18
50.500000000000448,0.10000000000000001,505,50,307.11452910263523,,3.4095015495516412,4.6931574380679537,4.7045203411120964,30.354500834922884,18
50.600000000000449,0.10000000000000001,506,50,307.12458531775843,,3.4091531440450247,4.6930380033290922,4.7044838147533552,30.361919881568621,18
50.70000000000045,0.10000000000000001,507,50,307.13461965648992,,3.4088022825164197,4.6929210703615647,4.7044497540838561,30.369249950099153,18
50.800000000000452,0.10000000000000001,508,50,307.1446320441471,,3.4084499399101613,4.6928056551246122,4.7044171826986334,30.376493959134692,18
50.900000000000453,0.10000000000000001,509,50,307.15462243449736,,3.4080949751889462,4.6926929069452212,4.7043653028361732,30.383652837281808,18
51.000000000000455,0.10000000000000001,510,50,307.16459077227103,,3.407740736714282,4.6925794495077753,4.7043045621561328,30.390743670174256,18
51.100000000000456,0.10000000000000001,511,50,307.17453702453486,,3.4073879362208777,4.6924645653121422,4.7042423921786352,30.397771746064489,18
51.200000000000458,0.10000000000000001,512,50,307.18446116620225,,3.4070307557457755,4.692354118389586,4.7041846177813742,30.40485783092792,18
51.300000000000459,0.10000000000000001,513,50,307.19436338483121,,3.406667805080867,4.6922495083405815,4.7041326304642856,30.411878530677416,18
51.40000000000046,0.10000000000000001,514,50,307.20424370790226,,3.4063045142132635,4.6921452607840592,4.7040809931848209,30.418833740000917,18
51.500000000000462,0.10000000000000001,515,50,307.21410215750939,,3.4059395453626626,4.6920427235327278,4.7040310451805407,30.425728024627986,18
51.600000000000463,0.10000000000000001,516,50,307.2239387702262,,3.4055756334501552,4.6919391398229173,4.7039800479687921,30.432562412622133,18
51.700000000000465,0.10000000000000001,517,50,307.23375356738541,,3.4052145684609814,4.6918327060306373,4.7039262092952034,30.439432457386168,18
51.800000000000466,0.10000000000000001,518,50,307.24354669999985,,3.4048579133206265,4.6917218479435787,4.7038679643333259,30.446326794728982,18
51.900000000000468,0.10000000000000001,519,50,307.25331826238909,,3.4045068777325378,4.6915486568369165,4.7038041019768384,30.453232614011185,18
52.000000000000469,0.10000000000000001,520,50,307.26306829680038,,3.404155478746854,4.6914004455012188,4.7037406126908623,30.460328991310824,18
52.10000000000047,0.10000000000000001,521,50,307.27279716450357,,3.4038067307479327,4.6912687416067502,4.7036744782401492,30.467488875856013,18
52.200000000000472,0.10000000000000001,522,50,307.28250500348247,,3.4034583930316957,4.6911690598639622,4.7036250399028958,30.474891317421609,18
52.300000000000473,0.10000000000000001,523,50,307.29219226829883,,3.403108938675822,4.6909929009467755,4.7035280860345843,30.481750359266535,18
52.400000000000475,0.10000000000000001,524,50,307.30185809643945,,3.4027616274017887,4.690814610130654,4.7034289932012738,30.488593970607425,18
52.500000000000476,0.10000000000000001,525,50,307.31150253357691,,3.4024141072447991,4.6906365564299781,4.7033301161714283,30.495419533164622,18
52.600000000000477,0.10000000000000001,526,50,307.32112562147103,,3.4020659112259928,4.6904592094379662,4.7032319223494037,30.502230407833139,18
52.700000000000479,0.10000000000000001,527,50,307.3307274000631,,3.4017123963483691,4.6902872435541045,4.703083460143846,30.509018302388508,18
52.80000000000048,0.10000000000000001,528,50,307.34030785550209,,3.4013618547448585,4.6901123073719813,4.7029724236760835,30.515784325637604,18
52.900000000000482,0.10000000000000001,529,50,307.34986701324846,,3.4010123728053787,4.6899363283064517,4.7028705502272796,30.52249649913195,18
53.000000000000483,0.10000000000000001,530,50,307.35940485691964,,3.4006623954278208,4.6897608718674704,4.7027691833407523,30.529132816862912,18
53.100000000000485,0.10000000000000001,531,50,307.368921359007,,3.4003086522612165,4.6895892293476829,4.7026715964657901,30.535696967307992,18
53.200000000000486,0.10000000000000001,532,50,307.37841652788489,,3.3999551146038662,4.6894174017474484,4.7025738138702105,30.542190379845799,18
53.300000000000487,0.10000000000000001,533,50,307.38789036649854,,3.3996007778534878,4.6892463998478808,4.7024768410433992,30.548616871333167,18
53.400000000000489,0.10000000000000001,534,50,307.39734288729846,,3.3992476306913666,4.6890742217297134,4.7023786871924385,30.554979123534345,18
53.50000000000049,0.10000000000000001,535,50,307.40677409370591,,3.3988957364456605,4.6889008038192497,4.7022792889447738,30.561278202429904,18
53.600000000000492,0.10000000000000001,536,50,307.41618398235823,,3.3985449501069329,4.6887212075315379,4.7021787914882323,30.567516671738829,18
53.700000000000493,0.10000000000000001,537,50,307.42557254853796,,3.3981933284995787,4.6885098150459399,4.7020791398362842,30.57374873389254,18
53.800000000000495,0.10000000000000001,538,50,307.43493986400659,,3.3978429513394399,4.6883690343859428,4.7019782522010187,30.580094089007012,18
53.900000000000496,0.10000000000000001,539,50,307.44428620147494,,3.3974934226375746,4.6882247266398842,4.7018765249704613,30.586412954433943,18
54.000000000000497,0.10000000000000001,540,50,307.45361159922811,,3.3971453642022809,4.688058208800828,4.7018310379678994,30.593227482755545,18
54.100000000000499,0.10000000000000001,541,50,307.46291697537146,,3.3967968197092828,4.6878709306682804,4.7017621508756307,30.599476157163707,18
54.2000000000005,0.10000000000000001,542,50,307.47220147817421,,3.3964453164652273,4.6876875578385331,4.7016653316275283,30.605246941032174,18
54.300000000000502,0.10000000000000001,543,50,307.48146438476942,,3.3960908505714644,4.6875364503529253,4.701571484169091,30.610947766099116,18
54.400000000000503,0.10000000000000001,544,50,307.49070564867253,,3.3957346625874716,4.6873352080089177,4.7014793663636265,30.61643444681625,18
54.500000000000504,0.10000000000000001,545,50,307.49992499191967,,3.3953766638509562,4.6871347503953666,4.7013769413239492,30.621863062436102,18
54.600000000000506,0.10000000000000001,546,50,307.50912239577013,,3.3950169267629109,4.6869360625236993,4.7012521774301028,30.627259028278317,18
54.700000000000507,0.10000000000000001,547,50,307.518297858697,,3.3946569795952213,4.6867376066662683,4.7011276301500029,30.632616701628127,18
54.800000000000509,0.10000000000000001,548,50,307.52745137137282,,3.3942925292068029,4.6865436988115672,4.70100759720835,30.63804987659778,18
54.90000000000051,0.10000000000000001,549,50,307.53658312505371,,3.3939235974323307,4.6863543146948565,4.7008920562625676,30.643469720651318,18
55.000000000000512,0.10000000000000001,550,50,307.54569320782866,,3.3935544612779713,4.6861651529886288,4.7007767252295416,30.648850670912552,18
55.100000000000513,0.10000000000000001,551,50,307.55478166609805,,3.3931838188418082,4.6859775218776161,4.7006629438523415,30.654197279747176,18
55.200000000000514,0.10000000000000001,552,50,307.56384855966326,,3.3928137763780253,4.6857893038646781,4.7005666512604369,30.659529901981443,18
55.300000000000516,0.10000000000000001,553,50,307.57289396745392,,3.392444349777092,4.6856004831033342,4.7004686744952924,30.665060629838976,18
55.400000000000517,0.10000000000000001,554,50,307.58191828892552,,3.3920744181409344,4.6854121858554629,4.7003712048811179,30.670671811083928,18
55.500000000000519,0.10000000000000001,555,50,307.59092172165873,,3.3917035069940775,4.6852248883436731,4.7002747165999281,30.676323169239677,18
55.60000000000052,0.10000000000000001,556,50,307.59990439739585,,3.3913321651581017,4.6850380387028387,4.7001786602173592,30.681995815225942,18
55.700000000000522,0.10000000000000001,557,50,307.60886642116537,,3.3909603687219221,4.6848483073131097,4.7000830592763663,30.687689323964371,18
55.800000000000523,0.10000000000000001,558,50,307.61780790055099,,3.3905850040515979,4.6846368052667513,4.6999910283706434,30.693390849546901,18
55.900000000000524,0.10000000000000001,559,50,307.62672889921328,,3.3902076619126258,4.6844042995490494,4.6998807477862199,30.698692599307051,18
56.000000000000526,0.10000000000000001,560,50,307.63562882570687,,3.3898310981543034,4.6841710346656829,4.6997684197311651,30.703956922098918,18
56.100000000000527,0.10000000000000001,561,50,307.64450772882287,,3.3894531467005304,4.6839391844521696,4.6996574799837294,30.709193127396091,18
56.200000000000529,0.10000000000000001,562,50,307.65336567103856,,3.3890718770730759,4.6837106849558028,4.6995469958117946,30.714390067870944,18
56.30000000000053,0.10000000000000001,563,50,307.66220268959393,,3.3886884671022424,4.6834843522532692,4.6994280921539353,30.719573679366576,18
56.400000000000531,0.10000000000000001,564,50,307.67101885675254,,3.3883083412194273,4.6832547430631344,4.6993059012864897,30.724731986679767,18
56.500000000000533,0.10000000000000001,565,50,307.67981423965517,,3.3879283152699289,4.6830250527093265,4.6991836081936862,30.729859660867874,18
56.600000000000534,0.10000000000000001,566,50,307.68858888445919,,3.3875475942352065,4.682796078313614,4.6990620078713876,30.734959352651032,18
56.700000000000536,0.10000000000000001,567,50,307.69734284147683,,3.3871654915559057,4.6825685077031327,4.6989417867715702,30.740030562205732,18
56.800000000000537,0.10000000000000001,568,50,307.70607617154286,,3.3867834866028659,4.6823408566559293,4.6988214649235385,30.745074841121841,18
56.900000000000539,0.10000000000000001,569,50,307.71478893453485,,3.3864012194873494,4.6821134857590341,4.6986937576421752,30.750091621508151,18
57.00000000000054,0.10000000000000001,570,50,307.72348118947508,,3.3860194414126576,4.6818856416921362,4.6985639990172157,30.755112451792321,18
57.100000000000541,0.10000000000000001,571,50,307.73215303843375,,3.3856387601235531,4.68165671540571,4.6984294975381182,30.760288776474827,18
57.200000000000543,0.10000000000000001,572,50,307.7408048093468,,3.3852591839213275,4.6814181833307966,4.6982938913210246,30.76552886399212,18
57.300000000000544,0.10000000000000001,573,50,307.74943666503259,,3.3848832853474446,4.6812213691728344,4.6981546077221124,30.770941596969031,18
57.400000000000546,0.10000000000000001,574,50,307.75804892407524,,3.3845082689591943,4.6810403492741219,4.698014442497275,30.776427633385396,18
57.500000000000547,0.10000000000000001,575,50,307.76664176246607,,3.3841338371975183,4.6808563831845111,4.6978831798694944,30.782092743990088,18
57.600000000000549,0.10000000000000001,576,50,307.77521552926777,,3.383754102103651,4.6806562221998567,4.6977629302566006,30.788249594516714,18
57.70000000000055,0.10000000000000001,577,50,307.78377105516773,,3.3833736279312152,4.6804070510212776,4.6976502689128479,30.793827295139305,18
57.800000000000551,0.10000000000000001,578,50,307.79230737202812,,3.3829924713570061,4.680158586454187,4.6975387273348232,30.799421309899721,18
57.900000000000553,0.10000000000000001,579,50,307.80082451871311,,3.3826091792443931,4.6799178304329656,4.6974293228244965,30.80502011946577,18
58.000000000000554,0.10000000000000001,580,50,307.80932252089684,,3.3822220533178156,4.6796903174558144,4.697323753852376,30.810620491742554,18
58.100000000000556,0.10000000000000001,581,50,307.81780137987613,,3.3818336044067703,4.6794641450510799,4.6972195091425224,30.816226261060848,18
58.200000000000557,0.10000000000000001,582,50,307.82626111028333,,3.3814472114424885,4.6792359295499741,4.6971132088125147,30.821853526468942,18
58.300000000000558,0.10000000000000001,583,50,307.83470178474448,,3.3810606687329772,4.6790078798236854,4.6970085306040934,30.827524625750737,18
58.40000000000056,0.10000000000000001,584,50,307.84312351216676,,3.3806696030171515,4.6787843729928493,4.6969094859428289,30.833198570105054,18
58.500000000000561,0.10000000000000001,585,50,307.85152636769868,,3.3802696148303686,4.6785698098186828,4.6968193661311286,30.83885441329577,18
58.600000000000563,0.10000000000000001,586,50,307.85991045682607,,3.3798681630693475,4.678356722248135,4.696730710447202,30.84448947384805,18
58.700000000000564,0.10000000000000001,587,50,307.8682758752438,,3.3794632839663441,4.6781470743139559,4.696608664399033,30.850103215801838,18
58.800000000000566,0.10000000000000001,588,50,307.87662272514382,,3.3790586348323215,4.6779372055902204,4.6964845468601109,30.855695813958654,18
58.900000000000567,0.10000000000000001,589,50,307.88495108560994,,3.3786546527218912,4.6777266789230714,4.6963597628780436,30.861268153027126,18
59.000000000000568,0.10000000000000001,590,50,307.89326102078365,,3.3782514196487186,4.6775170653234284,4.6962342303485638,30.866859047455169,18
59.10000000000057,0.10000000000000001,591,50.000000000000007,307.90155264597189,,3.3778502919405708,4.6773402495197445,4.696106592923039,30.872562712920175,18
59.200000000000571,0.10000000000000001,592,50,307.90982621479912,,3.3774502904760269,4.6771623160128337,4.6959778297919401,30.878274867890365,18
59.300000000000573,0.10000000000000001,593,50.000000000000007,307.91808181151413,,3.3770508646378232,4.6769819219501061,4.6958520124776726,30.884282215695567,18
59.400000000000574,0.10000000000000001,594,50,307.92631999516516,,3.3766478800199318,4.6767886873237838,4.6957328613870093,30.890634822541365,18
59.500000000000576,0.10000000000000001,595,50,307.93454137145358,,3.3762429699267211,4.6765648239380777,4.6956113860994053,30.896557438837473,18
59.600000000000577,0.10000000000000001,596,50,307.94274521628324,,3.3758351794186598,4.6763438531223525,4.695492519144822,30.902497424074173,18
59.700000000000578,0.10000000000000001,597,50,307.95093154975854,,3.375426883980662,4.6761233986253199,4.6953741588340758,30.908445560021953,18
59.80000000000058,0.10000000000000001,598,50,307.95910039576609,,3.3750159327212046,4.6759056104615517,4.6952584558051278,30.914396368220984,18
59.900000000000581,0.10000000000000001,599,50,307.96725176214579,,3.3746030195788252,4.6756897938372317,4.6951447161450535,30.920342784516254,18
60.000000000000583,0.10000000000000001,600,50,307.97538563713363,,3.3741879602843019,4.6754761321396332,4.6950331241301244,30.926183831100623,18
60.100000000000584,0.10000000000000001,601,50,307.98350184659222,,3.3737742621264237,4.6752611192319415,4.6949136979732442,30.931718457814721,18
60.200000000000585,0.10000000000000001,602,50,307.99159994678178,,3.3733592441493139,4.6750474346797803,4.6947885187704586,30.93708333569888,18
60.300000000000587,0.10000000000000001,603,50,307.99967975496617,,3.3729408853921035,4.6748370973184157,4.6946666796070842,30.942453213928168,18
60.400000000000588,0.10000000000000001,604,50,308.00774138942876,,3.3725217352523722,4.674627558755275,4.6945456310200697,30.947824266585602,18
60.50000000000059,0.10000000000000001,605,50,308.01578495028906,,3.3721012204476697,4.6744193913722301,4.6944132241451415,30.95319617522842,18
60.600000000000591,0.10000000000000001,606,50,308.02381053519309,,3.371680642779622,4.6742112942669083,4.6942802432335418,30.958567887573583,18
60.700000000000593,0.10000000000000001,607,50,308.03181822939769,,3.3712600930496937,4.6740036961069045,4.6941472341416839,30.963938814589905,18
60.800000000000594,0.10000000000000001,608,50,308.03980811020062,,3.3708396039930184,4.6738095096488417,4.6940141642015476,30.969365734444246,18
60.900000000000595,0.10000000000000001,609,50,308.04778034469967,,3.3704191543922293,4.6736398558773384,4.6938810547007943,30.974811849656366,18
61.000000000000597,0.10000000000000001,610,50,308.05573503258501,,3.3699987671414435,4.6734701477857525,4.6937478827936205,30.980248286832683,18
61.100000000000598,0.10000000000000001,611,50,308.06367222352219,,3.3695784281705787,4.6732995760406615,4.6936146625967883,30.985997124100351,18
61.2000000000006,0.10000000000000001,612,50,308.07159250573375,,3.369157791411288,4.6731214071262963,4.6934817401734419,30.991906882214384,18
61.300000000000601,0.10000000000000001,613,50,308.07949620742329,,3.3687347653554243,4.6729244290036629,4.6933541246472847,30.998460162001603,18
61.400000000000603,0.10000000000000001,614,50,308.08738439173106,,3.3683040561039892,4.6727351365373648,4.6932343803772589,31.004978564143961,18
61.500000000000604,0.10000000000000001,615,50,308.0952569877665,,3.3678657148545792,4.6725534780835538,4.693122266558535,31.011390091181102,18
61.600000000000605,0.10000000000000001,616,50,308.1031138300018,,3.367421973218045,4.6723772243685646,4.6930027808620025,31.017844110663116,18
61.700000000000607,0.10000000000000001,617,50,308.11095504305791,,3.3669755749243184,4.6721924666018122,4.6928725090885184,31.024303903610342,18
61.800000000000608,0.10000000000000001,618,50,308.11878069532588,,3.3665274550393338,4.6720050656192118,4.6927439600398628,31.030751842479969,18
61.90000000000061,0.10000000000000001,619,50,308.12659080985236,,3.3660788488468842,4.6718181532234633,4.6926158989803959,31.037217514185443,18
62.000000000000611,0.10000000000000001,620,50,308.13438545864818,,3.3656269601392985,4.6716345210809296,4.6924911213972713,31.043700732309517,18
62.100000000000612,0.10000000000000001,621,50,308.14216473623452,,3.3651688987602655,4.6714570538245779,4.6923725161316083,31.050200874656003,18
62.200000000000614,0.10000000000000001,622,50,308.14992877415108,,3.3647092046611151,4.6712812178320107,4.6922555447965646,31.056715402977495,18
62.300000000000615,0.10000000000000001,623,50,308.15767769433381,,3.3642468663101139,4.6711080224305546,4.6921183999473284,31.063241198548187,18
62.400000000000617,0.10000000000000001,624,50,308.16541161784772,,3.3637842209510973,4.6709351340719714,4.691983198515616,31.069846349671394,18
62.500000000000618,0.10000000000000001,625,50,308.17313075683745,,3.363322671939097,4.6707593730832198,4.6918495516315559,31.076581877350868,18
62.60000000000062,0.10000000000000001,626,50,308.18083537978032,,3.3628642766797059,4.6705794380896259,4.6917127539768533,31.08333860840682,18
62.700000000000621,0.10000000000000001,627,50,308.18852555120043,,3.3624143964768933,4.6703910055848059,4.6915674481702112,31.090071385287413,18
62.800000000000622,0.10000000000000001,628,50,308.19620119980101,,3.3619689239994939,4.6701981760246634,4.6914177392433274,31.096775947983243,18
62.900000000000624,0.10000000000000001,629,50,308.20386226686662,,3.3615259030217475,4.6700023927828713,4.6912778862563149,31.103453822144459,18
63.000000000000625,0.10000000000000001,630,50.000000000000007,308.21150871483684,,3.3610847460317403,4.6698016102587019,4.6911585233290065,31.110126869914659,18
63.100000000000627,0.10000000000000001,631,50,308.21914052422159,,3.3606426628989174,4.6696048112293669,4.6910412232299468,31.117240193285749,18
63.200000000000628,0.10000000000000001,632,50.000000000000007,308.22675839895004,,3.3601987642027691,4.6694098287405623,4.6909258097395812,31.124344598112401,18
63.30000000000063,0.10000000000000001,633,50,308.23436227914465,,3.3597539277309316,4.6692157868780342,4.6908113304767562,31.1314226260392,18
63.400000000000631,0.10000000000000001,634,50,308.2419520928288,,3.3593098325029884,4.6690196893420746,4.6906961075182823,31.13847984186997,18
63.500000000000632,0.10000000000000001,635,50,308.24952779414309,,3.3588645057135924,4.6688233892783453,4.690582112912514,31.14551414659034,18
63.600000000000634,0.10000000000000001,636,50,308.25708932592579,,3.358418339954869,4.6686279321692057,4.6904689545810792,31.152438676500136,18
63.700000000000635,0.10000000000000001,637,50,308.26463649807539,,3.3579726322970025,4.668432023936461,4.6903525741544554,31.159125936742125,18
63.800000000000637,0.10000000000000001,638,50,308.27216894839057,,3.3575239531535956,4.6682390859086755,4.6902328053726192,31.165618529165343,18
63.900000000000638,0.10000000000000001,639,50,308.27968644350079,,3.3570675226732885,4.6680538858529683,4.6901207860605343,31.172147744972435,18
64.000000000000639,0.10000000000000001,640,50,308.28718917250842,,3.3566087919085392,4.6678709853681966,4.6900110667671102,31.178708622841349,18
64.100000000000634,0.10000000000000001,641,49.999999999999993,308.29467730135622,,3.3561465451088233,4.6676915968573507,4.6898774914351113,31.185297333817363,18
64.200000000000628,0.10000000000000001,642,50,308.30215099046711,,3.355683637441476,4.6675128720320425,4.6897432077600989,31.191912236334197,18
64.300000000000622,0.10000000000000001,643,50,308.30961037821174,,3.3552202273444518,4.6673346527621451,4.6896094268974018,31.19855354569269,18
64.400000000000617,0.10000000000000001,644,50,308.31705559019395,,3.3547563825549092,4.6671612833415042,4.6894760811291905,31.205236755985865,18
64.500000000000611,0.10000000000000001,645,50,308.32448676989918,,3.354292080603412,4.6669888965968553,4.6893431928996483,31.211932634635385,18
64.600000000000605,0.10000000000000001,646,50,308.33190400564615,,3.3538273070067515,4.6668169931254999,4.689210776667796,31.218628798503815,18
64.7000000000006,0.10000000000000001,647,50,308.33930735922769,,3.3533619148070715,4.6666443447395451,4.6890789793229635,31.22544340301382,18
64.800000000000594,0.10000000000000001,648,50,308.34669708706923,,3.3528954824541493,4.6664615728981378,4.6889482222412795,31.23229069004271,18
64.900000000000588,0.10000000000000001,649,50,308.35407329472315,,3.3524265953396708,4.6662652970997298,4.688798740033449,31.238975936338186,18
65.000000000000583,0.10000000000000001,650,50,308.36143577602303,,3.3519541381323226,4.6660725934726699,4.6886514055098223,31.245696848655399,18
65.100000000000577,0.10000000000000001,651,50,308.36878467778683,,3.3514765871589658,4.6658849811175607,4.6885091626544764,31.252424599474345,18
65.200000000000571,0.10000000000000001,652,50,308.37612008931075,,3.3509952749369947,4.6657011306176175,4.6883576982313171,31.259235909968979,18
65.300000000000566,0.10000000000000001,653,50,308.38344224326664,,3.3505111659986055,4.6655214257882802,4.6882021745881506,31.266052747587317,18
65.40000000000056,0.10000000000000001,654,50,308.39075120937872,,3.3500263113885089,4.6653495500470736,4.6880474048260767,31.272855009957443,18
65.500000000000554,0.10000000000000001,655,50,308.39804702032148,,3.3495415394425563,4.6651775911490416,4.6878925611719628,31.27964166966709,18
65.600000000000549,0.10000000000000001,656,50,308.4053297087649,,3.3490587665851721,4.66500363820193,4.6877357287939763,31.28641099013868,18
65.700000000000543,0.10000000000000001,657,50,308.41259929259348,,3.3485799977442898,4.6648256922328706,4.6875749049314051,31.293163080167435,18
65.800000000000537,0.10000000000000001,658,50,308.41985577041817,,3.3481024092861729,4.6646465695482826,4.687412911636466,31.299898418618344,18
65.900000000000531,0.10000000000000001,659,50,308.42709914259757,,3.3476263280854877,4.6644659444030614,4.6872638585206614,31.306633463463708,18
66.000000000000526,0.10000000000000001,660,50,308.43432943366986,,3.3471490798499266,4.6642875750689221,4.6871347282082718,31.313722158260944,18
66.10000000000052,0.10000000000000001,661,50,308.44154722150097,,3.3466727733679305,4.6641134834487676,4.6870133809263903,31.321107732055793,18
66.200000000000514,0.10000000000000001,662,50,308.44875296554056,,3.3461978758616286,4.6639379872654807,4.6868906160084105,31.328552247436427,18
66.300000000000509,0.10000000000000001,663,50,308.45594673771649,,3.3457246188110434,4.6637608559488424,4.6867662026769521,31.335926837411034,18
66.400000000000503,0.10000000000000001,664,50,308.4631284123559,,3.3452529041538765,4.6635821875296237,4.6866402394163957,31.343225994873741,18
66.500000000000497,0.10000000000000001,665,50,308.47029786776488,,3.3447827811844739,4.6634029488055155,4.686512677390315,31.350452916224949,18
66.600000000000492,0.10000000000000001,666,50,308.47745499680178,,3.3443140175085855,4.6632285009307051,4.6863837492823546,31.357616335096381,18
66.700000000000486,0.10000000000000001,667,50,308.48459971237583,,3.3438447422349284,4.6630477161634056,4.6862307051182786,31.364330967321166,18
66.80000000000048,0.10000000000000001,668,50,308.49173133866168,,3.3433710455886239,4.6628713413832052,4.6860803943473996,31.371021279748977,18
66.900000000000475,0.10000000000000001,669,50,308.49884993202852,,3.3428924101147657,4.6626998928211725,4.6859350202649157,31.377719098797471,18
67.000000000000469,0.10000000000000001,670,50,308.50595561229653,,3.3424086491470777,4.6625335568382518,4.6857730873072887,31.384486667603007,18
67.100000000000463,0.10000000000000001,671,50,308.51304862082299,,3.3419239153468006,4.6623539740073268,4.6856042558128053,31.39124693246054,18
67.200000000000458,0.10000000000000001,672,50,308.52012905289627,,3.3414389773461943,4.662173571988351,4.6854356383380784,31.3980004585293,18
67.300000000000452,0.10000000000000001,673,50.000000000000007,308.52719698547816,,3.3409543493801768,4.6619928620107371,4.6852667211974888,31.404746249779471,18
67.400000000000446,0.10000000000000001,674,50,308.53425248652155,,3.3404692665406897,4.6618126068695416,4.68509826894811,31.411485166677114,18
67.500000000000441,0.10000000000000001,675,50,308.54129562392671,,3.339983147893455,4.6616333858857502,4.6849308620935748,31.418215610223697,18
67.600000000000435,0.10000000000000001,676,50,308.548326465201,,3.3394968316480753,4.6614543633651051,4.6847636631863869,31.424939307151789,18
67.700000000000429,0.10000000000000001,677,50,308.55534507598549,,3.3390099627342429,4.6612758934086393,4.6845926374597164,31.431654079363266,18
67.800000000000423,0.10000000000000001,678,50,308.56235151519741,,3.3385231947259526,4.6610973244375824,4.6844349545103139,31.438581052353186,18
67.900000000000418,0.10000000000000001,679,50,308.56934618092669,,3.3380378055034052,4.6609178934040374,4.6842804274631948,31.445676261373016,18
68.000000000000412,0.10000000000000001,680,50,308.57632937356993,,3.3375555726098565,4.660736018872786,4.6841227442330524,31.452792643368745,18
68.100000000000406,0.10000000000000001,681,50,308.58330113820062,,3.3370797541472168,4.6605477626484628,4.6839586502354935,31.459839827074617,18
68.200000000000401,0.10000000000000001,682,50,308.59026133559337,,3.3366087546926693,4.6603547150939439,4.6837897394356807,31.466835805577066,18
68.300000000000395,0.10000000000000001,683,50,308.59720984916083,,3.3361403312761606,4.6601600578918783,4.6836211597880908,31.473801488105224,18
68.400000000000389,0.10000000000000001,684,50,308.60414663517867,,3.3356751382059544,4.659968517897676,4.6834722143995222,31.480762415947893,18
68.500000000000384,0.10000000000000001,685,50,308.61107167315305,,3.3352101522638087,4.6597756881658432,4.6833226566120612,31.48815529976914,18
68.600000000000378,0.10000000000000001,686,50,308.61798564848721,,3.3347456077896709,4.6595824181712882,4.6831726210935614,31.495506509395305,18
68.700000000000372,0.10000000000000001,687,50,308.62488845700767,,3.3342814831583549,4.6593887298768184,4.6830221579444107,31.50279008455637,18
68.800000000000367,0.10000000000000001,688,50,308.63177996471256,,3.3338181921656971,4.6591942110343849,4.6828708542816431,31.510004040379261,18
68.900000000000361,0.10000000000000001,689,50,308.63866004296568,,3.3333547409071036,4.6590026467834491,4.6827197038984947,31.51714990488162,18
69.000000000000355,0.10000000000000001,690,50,308.64552855832443,,3.3328921059873,4.658811636386579,4.6825677313896135,31.524135509378198,18
69.10000000000035,0.10000000000000001,691,50,308.65238524692728,,3.332430568248963,4.6586195329785358,4.6824133204899319,31.530843885274987,18
69.200000000000344,0.10000000000000001,692,50,308.65922968546744,,3.331968478302179,4.6584279814672245,4.682238806017236,31.537090809445147,18
69.300000000000338,0.10000000000000001,693,50,308.66606120163516,,3.3315038103788068,4.6582390020690925,4.6820668689665759,31.543358477662387,18
69.400000000000333,0.10000000000000001,694,50,308.67287992836663,,3.3310382940273522,4.6580508703702277,4.6818957806386035,31.549644686428199,18
69.500000000000327,0.10000000000000001,695,50,308.67968598025237,,3.3305716478849448,4.6578638671099597,4.6817175993979525,31.555947390028038,18
69.600000000000321,0.10000000000000001,696,50,308.68647946411204,,3.3301047171329134,4.6576771496755986,4.6815392918556524,31.562263189035466,18
69.700000000000315,0.10000000000000001,697,50,308.69326047230243,,3.329637514137755,4.6574850239827956,4.681361257048068,31.568582764451246,18
69.80000000000031,0.10000000000000001,698,50,308.70002907545154,,3.3291699545417806,4.6572905485181693,4.6811835792391943,31.57491577671065,18
69.900000000000304,0.10000000000000001,699,50,308.70678535557215,,3.3287020173651758,4.6570964637943852,4.6810062793564873,31.581266998168594,18
70.000000000000298,0.10000000000000001,700,50,308.71352939893114,,3.3282337398843227,4.656902732036178,4.6808293200951887,31.587524741078255,18
70.100000000000293,0.10000000000000001,701,50,308.72026109943141,,3.3277645126459814,4.6567092816270677,4.6806533105543471,31.593788527348632,18
70.200000000000287,0.10000000000000001,702,50,308.72698051240127,,3.327294177215335,4.6565117836142473,4.6804784090347624,31.600105302492349,18
70.300000000000281,0.10000000000000001,703,50,308.73368776515548,,3.326820200204609,4.6563135864087233,4.6803011985888414,31.606613256111942,18
70.400000000000276,0.10000000000000001,704,50,308.7403832115744,,3.3263420991536261,4.6561195133186617,4.6801276873239592,31.613187844316109,18
70.50000000000027,0.10000000000000001,705,50,308.74706702028277,,3.3258576866824709,4.6559317450069333,4.6799604841610263,31.619854730142428,18
70.600000000000264,0.10000000000000001,706,50,308.75373940837699,,3.3253676313902201,4.6557496143350576,4.6797753066618437,31.626622729206261,18
70.700000000000259,0.10000000000000001,707,50,308.7604006205604,,3.3248762554860658,4.6555688110101894,4.6795883703272789,31.633383001314321,18
70.800000000000253,0.10000000000000001,708,50,308.7670507000621,,3.3243845590485148,4.6553907611861991,4.6794017640184524,31.640137645595477,18
70.900000000000247,0.10000000000000001,709,50,308.77368968907729,,3.323893026565429,4.6552164102324314,4.6792150037479381,31.646887910843674,18
71.000000000000242,0.10000000000000001,710,50,308.78031763085653,,3.3234032802975344,4.6550402766637129,4.6790264689275674,31.653618987609619,18
71.100000000000236,0.10000000000000001,711,50,308.78693453364815,,3.3229169247495847,4.6548607608481714,4.6788345571493171,31.660329235671849,18
71.20000000000023,0.10000000000000001,712,50,308.79354038532671,,3.3224316299313177,4.6546801866518503,4.6786415967661412,31.66702156257622,18
71.300000000000225,0.10000000000000001,713,50,308.80013518158268,,3.3219479674223042,4.6544979844322718,4.6784589084395067,31.67369418978209,18
71.400000000000219,0.10000000000000001,714,50,308.80671891321884,,3.3214648049677327,4.6543211712244972,4.6782956041654575,31.680700493423807,18
71.500000000000213,0.10000000000000001,715,50,308.8132921273093,,3.3209827940847667,4.6541436792445179,4.6781333463970478,31.687869429006255,18
71.600000000000207,0.10000000000000001,716,50,308.8198550717363,,3.320502411886014,4.6539645651328474,4.6779694496429141,31.695056654138384,18
71.700000000000202,0.10000000000000001,717,50,308.82640776132666,,3.320023818458985,4.6537836694932402,4.6778037546468347,31.70215671271173,18
71.800000000000196,0.10000000000000001,718,50,308.83295004790745,,3.3195471281253228,4.6536008785532301,4.6776361477853765,31.709175121107616,18
71.90000000000019,0.10000000000000001,719,50,308.83948180385823,,3.3190724840649817,4.6534159223996694,4.6774664864840414,31.716115886164758,18
72.000000000000185,0.10000000000000001,720,50.000000000000007,308.84600291730226,,3.3185992834797631,4.6532275092853199,4.6772953736584668,31.72296986761393,18
72.100000000000179,0.10000000000000001,721,50,308.8525132639524,,3.3181263559518221,4.6530297361692963,4.6770918619273392,31.729017708606676,18
72.200000000000173,0.10000000000000001,722,50,308.85901160528334,,3.3176515150102786,4.6528338758618117,4.6768879370955734,31.735035570214528,18
72.300000000000168,0.10000000000000001,723,50,308.8654980189736,,3.3171733643332644,4.6526413213938227,4.676687320452368,31.741110457414361,18
72.400000000000162,0.10000000000000001,724,50,308.87197273226866,,3.3166896692091665,4.6524543021888647,4.676469972101982,31.747230425393482,18
72.500000000000156,0.10000000000000001,725,50,308.87843594433974,,3.3162043836732997,4.6522688745167757,4.6762532042416849,31.753353741750537,18
72.600000000000151,0.10000000000000001,726,50,308.88488775239534,,3.315719400650619,4.6520831503474813,4.6760361433502808,31.759483275252723,18
72.700000000000145,0.10000000000000001,727,50,308.89132824880562,,3.3152343379791471,4.651897511005278,4.6758191715263031,31.765615673302104,18
72.800000000000139,0.10000000000000001,728,50,308.89775751334946,,3.3147488576312707,4.6517122938233193,4.6756026266638147,31.771749923058021,18
72.900000000000134,0.10000000000000001,729,50,308.90417561847124,,3.3142620440616879,4.6515284122927625,4.6753874234598189,31.777884516160345,18
73.000000000000128,0.10000000000000001,730,50,308.91058262535603,,3.3137751562701734,4.6513446105242187,4.6751723041684485,31.784018756819407,18
73.100000000000122,0.10000000000000001,731,50,308.91697859247637,,3.3132881972048929,4.6511621231717708,4.6749559234290796,31.790153061411683,18
73.200000000000117,0.10000000000000001,732,50,308.92336357896011,,3.312801461781727,4.6509848919443204,4.6747626881928745,31.796580494466152,18
73.300000000000111,0.10000000000000001,733,50,308.92973809671167,,3.3123157552011007,4.6508025213084689,4.6745692233443368,31.803109879365209,18
73.400000000000105,0.10000000000000001,734,50,308.93610232408815,,3.3118332077537032,4.6506170142982199,4.6743725980726651,31.809652264822187,18
73.500000000000099,0.10000000000000001,735,50,308.94245628452518,,3.3113559796862235,4.6504262147881663,4.6741706546948762,31.816119497410998,18
73.600000000000094,0.10000000000000001,736,50,308.9487998276731,,3.3108849543935892,4.650229240594471,4.6739625109199219,31.82249824863819,18
73.700000000000088,0.10000000000000001,737,50,308.95513275633442,,3.3104152890186098,4.6500311319235426,4.6737530044193054,31.828841683934435,18
73.800000000000082,0.10000000000000001,738,50,308.96145499464075,,3.3099494550230917,4.6498313378051908,4.6735639211920761,31.835174203122598,18
73.900000000000077,0.10000000000000001,739,50,308.96776650427927,,3.3094846160684659,4.6496358577532746,4.6733740831071904,31.841684095974593,18
74.000000000000071,0.10000000000000001,740,50,308.97406756177418,,3.3090202394603736,4.6494399302005771,4.6731835819510428,31.848184156502295,18
74.100000000000065,0.10000000000000001,741,50,308.98035813688472,,3.3085570748050683,4.6492428064777105,4.6729918645778232,31.854660143023064,18
74.20000000000006,0.10000000000000001,742,50,308.9866381895913,,3.3080943531154792,4.6490452534231927,4.6727996995932877,31.861084455454318,18
74.300000000000054,0.10000000000000001,743,50,308.99290763331447,,3.3076329182759467,4.6488464282994801,4.6726062440114768,31.867465654380212,18
74.400000000000048,0.10000000000000001,744,50,308.99916640497952,,3.3071728429088489,4.6486552067250857,4.6724114253733315,31.873746223588004,18
74.500000000000043,0.10000000000000001,745,50,309.00541435945178,,3.3067134924276491,4.6484602914032305,4.672215878007191,31.87987647972383,18
74.600000000000037,0.10000000000000001,746,50,309.01165128327193,,3.3062541558067311,4.6482649922743189,4.6720045481720227,31.885643804153574,18
74.700000000000031,0.10000000000000001,747,50,309.01787665008442,,3.3057939444909858,4.6480705712608001,4.6717911238378429,31.891394729553745,18
74.800000000000026,0.10000000000000001,748,50,309.02409051585198,,3.3053332880549,4.6478765999989848,4.6715781451525888,31.897158896771248,18
74.90000000000002,0.10000000000000001,749,50,309.03029297509522,,3.304872147304124,4.6476831179902893,4.6713617362203408,31.9029354777031,18
75.000000000000014,0.10000000000000001,750,50,309.03648411639239,,3.304411001735398,4.6474896469009996,4.6711451367963877,31.908721930964049,18
75.100000000000009,0.10000000000000001,751,50,309.04266401898553,,3.3039497464287324,4.6472962917505454,4.670928647561202,31.914516784931859,18
75.200000000000003,0.10000000000000001,752,50,309.04883275516414,,3.3034883573059375,4.6471030768379276,4.6707122925150424,31.920317632019863,18
75.299999999999997,0.10000000000000001,753,50,309.05499038971573,,3.3030268562770631,4.6469099805441401,4.6704960497138046,31.92612410148104,18
75.399999999999991,0.10000000000000001,754,50,309.0611369843902,,3.3025652701702151,4.6467169763066716,4.6702798922872129,31.931914600112147,18
75.499999999999986,0.10000000000000001,755,50,309.0672725622299,,3.3021035877828511,4.646524075008629,4.67006383137445,31.937662906079602,18
75.59999999999998,0.10000000000000001,756,50,309.07339709955215,,3.3016417616668718,4.6463305410820173,4.6698479143561009,31.943402682808628,18
75.699999999999974,0.10000000000000001,757,50,309.0795106287693,,3.301178203825736,4.6461329855723879,4.6696284158643966,31.948918117523412,18
75.799999999999969,0.10000000000000001,758,50,309.08561284028508,,3.3007128131497701,4.6459372766974267,4.669410350988402,31.954510791421047,18
75.899999999999963,0.10000000000000001,759,50,309.09170393332988,,3.300243965536052,4.6457450361166064,4.6691946408910141,31.960258373461063,18
75.999999999999957,0.10000000000000001,760,50,309.09778423032066,,3.2997718414484694,4.6455560835180796,4.6689714812146246,31.966156225148232,18
76.099999999999952,0.10000000000000001,761,50,309.10385403118846,,3.2992992861716957,4.6453675771062306,4.6687487579712537,31.972098027469961,18
76.199999999999946,0.10000000000000001,762,50,309.10991345391193,,3.2988264510392753,4.6451793654308702,4.6685263199673628,31.97804706806112,18
76.29999999999994,0.10000000000000001,763,50,309.11596255244888,,3.2983538013325413,4.6450005442321087,4.668303702322123,31.98401013881832,18
76.399999999999935,0.10000000000000001,764,50,309.12200139227264,,3.2978826080966317,4.6448248391411342,4.6680796352579925,31.989987683074464,18
76.499999999999929,0.10000000000000001,765,50,309.12803003006638,,3.2974142746917345,4.6446462887675537,4.667852717123596,31.995952597255577,18
76.599999999999923,0.10000000000000001,766,50,309.13404846133824,,3.2969467698715711,4.6444669222498023,4.6676249775827934,32.001906859758122,18
76.699999999999918,0.10000000000000001,767,50,309.14005668699087,,3.2964806399765214,4.6442881067075765,4.6674096302665626,32.007873469103288,18
76.799999999999912,0.10000000000000001,768,50,309.14605474174027,,3.2960148523831792,4.6441101208537336,4.6672239015877484,32.014316887403716,18
76.899999999999906,0.10000000000000001,769,50,309.15204338441828,,3.2955499429205375,4.6439312695691113,4.6670372883658233,32.020896409925442,18
76.999999999999901,0.10000000000000001,770,50,309.15802280118896,,3.2950861395706452,4.6437513250838203,4.6668495632289639,32.027524001631164,18
77.099999999999895,0.10000000000000001,771,50,309.16399304256026,,3.2946235153266166,4.6435702144615156,4.6666606535958763,32.034095354821417,18
77.199999999999889,0.10000000000000001,772,50,309.16995399921109,,3.2941625864758892,4.6433874216415587,4.6664700437882933,32.040612341572235,18
77.299999999999883,0.10000000000000001,773,50,309.17590557979361,,3.2937028333281608,4.6432036006715043,4.666278253366654,32.047076703113767,18
77.399999999999878,0.10000000000000001,774,50,309.18184770266572,,3.2932443593824683,4.6430180172710767,4.6660851791152353,32.053471211686173,18
77.499999999999872,0.10000000000000001,775,50,309.18778026275464,,3.2927850527311162,4.6428232012280342,4.6658593594577642,32.058953323048776,18
77.599999999999866,0.10000000000000001,776,50,309.19370183990588,,3.2923249204524478,4.6426292272903389,4.6656318075399836,32.064397007089056,18
77.699999999999861,0.10000000000000001,777,50,309.19961248655102,,3.2918613493864828,4.6424387081697098,4.6654050194343633,32.069926949396198,18
77.799999999999855,0.10000000000000001,778,50,309.20551245621152,,3.2913953665305016,4.6422506175068579,4.6651664090996841,32.075472411818033,18
77.899999999999849,0.10000000000000001,779,50,309.21140187579397,,3.2909292136578827,4.6420627140802546,4.6649279728555229,32.081025584435096,18
77.999999999999844,0.10000000000000001,780,50,309.21728083995288,,3.2904629131094136,4.6418749755856155,4.6646896883930893,32.086583503064929,18
78.099999999999838,0.10000000000000001,781,50,309.22314942545563,,3.2899965681357877,4.641687298820953,4.6644514525644958,32.092145249631812,18
78.199999999999832,0.10000000000000001,782,50,309.22900770016992,,3.2895307568768697,4.6414991056314623,4.6642126877550059,32.097708633782979,18
78.299999999999827,0.10000000000000001,783,50,309.23485571942103,,3.289066081898528,4.6413097933256138,4.6639727920684102,32.10327015588296,18
78.399999999999821,0.10000000000000001,784,50,309.24069352227843,,3.2886017090605635,4.6411201961106903,4.6637325990061953,32.108829903279165,18
78.499999999999815,0.10000000000000001,785,50,309.24652114613787,,3.2881378863008077,4.640926692782136,4.663500337808248,32.114413444797563,18
78.59999999999981,0.10000000000000001,786,50,309.25233866473337,,3.2876741878649387,4.6407318279413934,4.6632893110826235,32.120330598726994,18
78.699999999999804,0.10000000000000001,787,50,309.25814662962887,,3.2872109362834987,4.6405364223509116,4.6630778350639366,32.126336095087801,18
78.799999999999798,0.10000000000000001,788,50,309.26394517918203,,3.2867494332344696,4.640339280581653,4.6628646094310406,32.132378723827038,18
78.899999999999793,0.10000000000000001,789,50,309.26973436737836,,3.2862902181039084,4.6401398622323242,4.6626490953547188,32.138347631624548,18
78.999999999999787,0.10000000000000001,790,50,309.2755140599229,,3.2858355944608659,4.639935861314914,4.6624289914298478,32.14427221748489,18
79.099999999999781,0.10000000000000001,791,50,309.28128415947765,,3.2853815588482771,4.6397312257980268,4.662208297296317,32.150171941869857,18
79.199999999999775,0.10000000000000001,792,50,309.28704461441441,,3.2849302370070022,4.6395231803139021,4.6619953596251733,32.156038415725362,18
79.29999999999977,0.10000000000000001,793,50,309.29279537384798,,3.2844799836290006,4.6393119341065994,4.6617836841473634,32.161742351650624,18
79.399999999999764,0.10000000000000001,794,50,309.29853618237155,,3.2840308434493641,4.6390995830224018,4.6615707202468837,32.167436988372877,18
79.499999999999758,0.10000000000000001,795,50,309.30426705276165,,3.2835817904482001,4.6388871541026173,4.6613576671252988,32.173130692487739,18
79.599999999999753,0.10000000000000001,796,50,309.30998800884976,,3.2831335188690645,4.6386739522219553,4.6611438309915822,32.178821756207391,18
79.699999999999747,0.10000000000000001,797,50,309.31569907547009,,3.2826862665396064,4.6384597390923537,4.6609289740529851,32.184510409239067,18
79.799999999999741,0.10000000000000001,798,50,309.32140028357628,,3.2822398936824344,4.6382452720586311,4.6607132358485508,32.190138681905438,18
79.899999999999736,0.10000000000000001,799,50,309.32709157533674,,3.2817936859126617,4.6380325202315422,4.6604973303004051,32.195653238399622,18
79.99999999999973,0.10000000000000001,800,50,309.33277281241459,,3.28134782643227,4.6378194375068711,4.6602656861240304,32.200805327972319,18
80.099999999999724,0.10000000000000001,801,50,309.33844347661579,,3.2809027801592943,4.6376055582560731,4.6600246988421699,32.205859244412373,18
80.199999999999719,0.10000000000000001,802,50,309.34410348787952,,3.2804583615695333,4.6373910683839146,4.6597830838716146,32.21090995874723,18
80.299999999999713,0.10000000000000001,803,50,309.34975291282251,,3.2800141911764804,4.6371766989936569,4.6595429885247794,32.215950891255268,18
80.399999999999707,0.10000000000000001,804,50,309.3553917963888,,3.2795702000696281,4.6369668800269039,4.6593028020581864,32.220979524752572,18
80.499999999999702,0.10000000000000001,805,50,309.36102017420194,,3.2791264059448952,4.6367568811650255,4.6590624182948375,32.225997050518174,18
80.599999999999696,0.10000000000000001,806,50,309.36663808072683,,3.2786827818768414,4.6365467295198233,4.6588218641440928,32.231003992252646,18
80.69999999999969,0.10000000000000001,807,50,309.3722455487266,,3.2782393514720893,4.6363364015577293,4.6585811159917112,32.235965999526876,18
80.799999999999685,0.10000000000000001,808,50,309.37784255191718,,3.2777960715487895,4.6361259406868705,4.6583402169847004,32.240905717202054,18
80.899999999999679,0.10000000000000001,809,50,309.38342909996828,,3.2773529397651791,4.6359152195695215,4.6580991694606988,32.245765414512249,18
80.999999999999673,0.10000000000000001,810,50,309.38900510151467,,3.276909931925994,4.6357013318168772,4.6578579976041077,32.250567434840839,18
81.099999999999667,0.10000000000000001,811,50,309.39457050346141,,3.2764671549353253,4.63547262949709,4.6576124749628995,32.25497853261966,18
81.199999999999662,0.10000000000000001,812,50,309.40012471077807,,3.2760247760442769,4.6352435461192814,4.6573662310416077,32.259416107128729,18
81.299999999999656,0.10000000000000001,813,50,309.40566782353324,,3.2755830146010236,4.6350138620735697,4.6571195788233917,32.263909811689302,18
81.39999999999965,0.10000000000000001,814,50,309.41119998660639,,3.275141839759498,4.6347836084977505,4.6568728738322509,32.268427323834672,18
81.499999999999645,0.10000000000000001,815,50,309.41672128488119,,3.2747012592780895,4.6345527778324307,4.656625575156947,32.273008532277736,18
81.599999999999639,0.10000000000000001,816,50,309.42223186874259,,3.274261412906021,4.634321230190964,4.6563775430947754,32.277554247216706,18
81.699999999999633,0.10000000000000001,817,50,309.42773172376411,,3.2738223020854194,4.6340894075932315,4.6561287761943353,32.282072120380725,18
81.799999999999628,0.10000000000000001,818,50,309.43322084877832,,3.2733838503944765,4.6338735665331274,4.6558793507952894,32.286570102257471,18
81.899999999999622,0.10000000000000001,819,50,309.4386992570976,,3.2729459069528604,4.6336572368861297,4.655629417624743,32.291037000026613,18
81.999999999999616,0.10000000000000001,820,50,309.44416694585948,,3.2725086275074724,4.6334325761326385,4.6553788210135147,32.295462185277863,18
82.099999999999611,0.10000000000000001,821,50,309.44962389423466,,3.2720717887671849,4.6331860695002414,4.6551365872828994,32.299917747709877,18
82.199999999999605,0.10000000000000001,822,50,309.45507019178297,,3.2716358150643776,4.6329387021936919,4.654918721504667,32.304713795644417,18
82.299999999999599,0.10000000000000001,823,50,309.46050640221353,,3.271200290103172,4.6326908918648888,4.6547004048730614,32.309588989748981,18
82.399999999999594,0.10000000000000001,824,50,309.46593265106384,,3.2707663667803506,4.6324414823132853,4.6544804853103896,32.314493683223972,18
82.499999999999588,0.10000000000000001,825,50,309.47134898618594,,3.2703343149847002,4.6321902028359414,4.6542586930429524,32.319355439646749,18
82.599999999999582,0.10000000000000001,826,50,309.47675533956351,,3.2699060737299637,4.6319351080404036,4.6540330902677436,32.324171800158737,18
82.699999999999577,0.10000000000000001,827,50,309.48215163025583,,3.2694789042636043,4.6316775520480133,4.6538064137173842,32.328943301604781,18
82.799999999999571,0.10000000000000001,828,50,309.48753779023036,,3.2690537708541951,4.6314066238190996,4.6535840644659849,32.333639508919006,18
82.899999999999565,0.10000000000000001,829,50,309.49291371328832,,3.2686300626878397,4.6311222083959507,4.6533533822648492,32.337742003195721,18
82.999999999999559,0.10000000000000001,830,50,309.49827846041433,,3.2682071671152393,4.6308369837673302,4.6531209682880341,32.341754543688459,18
83.099999999999554,0.10000000000000001,831,50,309.50363193005302,,3.267785067135426,4.6305509673686496,4.6528877592230398,32.345698831270909,18
83.199999999999548,0.10000000000000001,832,50,309.50897405401338,,3.2673641541181784,4.6302637667504376,4.6526533639193239,32.349574158324074,18
83.299999999999542,0.10000000000000001,833,50,309.51430476491902,,3.2669450614966138,4.6299747463567478,4.6524171491937638,32.353377207476925,18
83.399999999999537,0.10000000000000001,834,50,309.51962399816313,,3.2665274808331626,4.6296842160697578,4.6521794232506872,32.357077538381766,18
83.499999999999531,0.10000000000000001,835,50,309.52493164153969,,3.2661114628941146,4.6294129278156069,4.6519401352802667,32.360642289736774,18
83.599999999999525,0.10000000000000001,836,50,309.53022753511743,,3.2656953662388979,4.6291460408810057,4.6516916808322799,32.363921463419878,18
83.69999999999952,0.10000000000000001,837,50,309.53551130322813,,3.2652777717086172,4.6288806824568169,4.6514362750949099,32.367036328207078,18
83.799999999999514,0.10000000000000001,838,50,309.54078279515994,,3.2648609221975819,4.6286146008160651,4.6511801234097794,32.370065324414227,18
83.899999999999508,0.10000000000000001,839,50,309.54604197988368,,3.26444451501985,4.6283414748875167,4.6509114314522044,32.372979265441465,18
83.999999999999503,0.10000000000000001,840,50,309.55128877489392,,3.2640299798451187,4.6280592836022203,4.6506402617456981,32.375799008104821,18
84.099999999999497,0.10000000000000001,841,50,309.55652312445699,,3.2636174048038802,4.6277751474011897,4.6503671314843809,32.378531111691878,18
84.199999999999491,0.10000000000000001,842,50,309.56174497787862,,3.2632065838141244,4.6274892737756304,4.6500922466959915,32.381134162055872,18
84.299999999999486,0.10000000000000001,843,50,309.56695421076159,,3.2627970017032935,4.6272021805121417,4.6498161223625809,32.383546346558234,18
84.39999999999948,0.10000000000000001,844,50,309.5721505894615,,3.2623885118918192,4.6269140152665278,4.6495389050291047,32.38584704512872,18
84.499999999999474,0.10000000000000001,845,50,309.57733400658344,,3.2619811627227957,4.6266220342898636,4.6492605464117647,32.388027187655034,18
84.599999999999469,0.10000000000000001,846,50,309.58250433378129,,3.2615744117656673,4.6263119328467743,4.6489815887767412,32.390083415376843,18
84.699999999999463,0.10000000000000001,847,50,309.58766143110063,,3.2611691329888188,4.6260059798412563,4.6486857892612878,32.391370438585817,18
84.799999999999457,0.10000000000000001,848,50,309.59280413418463,,3.2607659657883996,4.6256979334610957,4.6483866522097532,32.39252801761895,18
84.899999999999451,0.10000000000000001,849,50,309.59793234346535,,3.2603656607492399,4.625387039887717,4.6480864962136419,32.393606560905255,18
84.999999999999446,0.10000000000000001,850,50,309.6030460271748,,3.2599677886328635,4.6250737302337841,4.6477866975281605,32.394575661387897,18
85.09999999999944,0.10000000000000001,851,50,309.60814509362478,,3.2595723019042646,4.6247580522922496,4.6474845100906714,32.395437858166162,18
85.199999999999434,0.10000000000000001,852,50,309.61322945931698,,3.2591792281067389,4.624439978418228,4.6471799064144772,32.396192218210984,18
85.299999999999429,0.10000000000000001,853,50,309.61829904178876,,3.2587879161029014,4.6241201626433224,4.6468735373488128,32.396838700087464,18
85.399999999999423,0.10000000000000001,854,50,309.62335375546411,,3.2583982348757869,4.6237987366193236,4.6465655338563883,32.397379305834207,18
85.499999999999417,0.10000000000000001,855,50,309.62839352146125,,3.2580097011306219,4.623476185835627,4.6462563789434279,32.3978132681858,18
85.599999999999412,0.10000000000000001,856,50,309.6334182695187,,3.2576230342081307,4.6231404092073358,4.6459453537124453,32.398133178923395,18
85.699999999999406,0.10000000000000001,857,50,309.63842791741115,,3.2572379517114936,4.6227787239056894,4.6456395342604608,32.398396662179366,18
85.7999999999994,0.10000000000000001,858,50,309.64342246977407,,3.2568547540551465,4.6224061710643376,4.6453487330264807,32.398827047531235,18
85.899999999999395,0.10000000000000001,859,50,309.64840226904624,,3.2564731442706547,4.6220320393467009,4.6450563456765943,32.399246888572158,18
85.999999999999389,0.10000000000000001,860,50,309.65336735966383,,3.2560932540442939,4.621656196751494,4.6447622405216062,32.399542453683459,18
86.099999999999383,0.10000000000000001,861,50,309.65831760213547,,3.2557148744036613,4.6212788534772438,4.64446662635702,32.399635695909254,18
86.199999999999378,0.10000000000000001,862,50,309.66325273322008,,3.2553377576816507,4.6209002586257677,4.6441697507058004,32.399620121699456,18
86.299999999999372,0.10000000000000001,863,50,309.6681726474514,,3.2549618018195021,4.6205180885756336,4.6438717155856741,32.399501433059683,18
86.399999999999366,0.10000000000000001,864,50,309.67307724795808,,3.2545862833695023,4.6201172251659735,4.6435732442184046,32.399222624765386,18
86.499999999999361,0.10000000000000001,865,50,309.67796633858808,,3.2542118684688264,4.6197041348573684,4.6432456324198803,32.397531739359096,18
86.599999999999355,0.10000000000000001,866,50,309.68283771356482,,3.2538388726803422,4.6192896421902692,4.6429143466126881,32.395789680748678,18
86.699999999999349,0.10000000000000001,867,50,309.6876914310248,,3.2534672523469714,4.6188737911685873,4.6425825378999743,32.394033706091726,18
86.799999999999343,0.10000000000000001,868,50,309.69252758247819,,3.2530973241900805,4.6184562638028126,4.6422500703437546,32.392286224320422,18
86.899999999999338,0.10000000000000001,869,50,309.69734628341575,,3.2527295830670568,4.6180365631511728,4.6419154101602134,32.390667821990093,18
86.999999999999332,0.10000000000000001,870,50,309.70214785150984,,3.2523642333222345,4.6176144840934397,4.6415783531510195,32.38902917460571,18
87.099999999999326,0.10000000000000001,871,50,309.70693235677322,,3.2520011358935466,4.6172000239602928,4.6412390383792879,32.387278088686216,18
87.199999999999321,0.10000000000000001,872,50,309.71169971541968,,3.2516402841600547,4.6168083881019761,4.6408974725103933,32.38542706632559,18
87.299999999999315,0.10000000000000001,873,50,309.71644986719525,,3.2512815096445733,4.6164309442264235,4.6405538239868278,32.383512958902699,18
87.399999999999309,0.10000000000000001,874,50,309.72118281645163,,3.250924970288529,4.6160512868429535,4.6402079349985526,32.381474247370214,18
87.499999999999304,0.10000000000000001,875,50,309.72589846641335,,3.2505711871443483,4.6156688922761218,4.639866988670649,32.379380458651056,18
87.599999999999298,0.10000000000000001,876,50,309.73059683027492,,3.25022005162689,4.6152838694291081,4.6395346956067369,32.377372698201178,18
87.699999999999292,0.10000000000000001,877,50,309.73527813596809,,3.2498714573189629,4.6148963250029027,4.639199859326582,32.375312097622619,18
87.799999999999287,0.10000000000000001,878,50,309.73994238279397,,3.249525235838219,4.6145064279493671,4.6388626480606865,32.373179243180537,18
87.899999999999281,0.10000000000000001,879,50,309.74458954311723,,3.2491783897203108,4.6141171895885655,4.6385260577837277,32.370931381930113,18
87.999999999999275,0.10000000000000001,880,50,309.74921950275359,,3.2488330723242012,4.6137264461067309,4.6381879362919261,32.368575058212642,18
88.09999999999927,0.10000000000000001,881,50,309.75383216064012,,3.2484890828165964,4.6133314318446317,4.6378484843110543,32.36610759785794,18
88.199999999999264,0.10000000000000001,882,50,309.75842741280115,,3.248145644432805,4.6129146943786834,4.6375083675010638,32.363357232927228,18
88.299999999999258,0.10000000000000001,883,50,309.76300486622358,,3.2478001420345262,4.6124939006026198,4.6371641237350865,32.357536314760644,18
88.399999999999253,0.10000000000000001,884,50,309.76755962714071,,3.2474545109482804,4.6120732654872656,4.6368195235357019,32.351466678068327,18
88.499999999999247,0.10000000000000001,885,50,309.77209148607176,,3.2471096896433629,4.6116518455218989,4.6364741167057781,32.345283966390646,18
88.599999999999241,0.10000000000000001,886,50,309.77660042412424,,3.2467673119738567,4.6112279986977436,4.6361262700769235,32.338992471831986,18
88.699999999999235,0.10000000000000001,887,50,309.78108641706422,,3.2464290246369636,4.6108000703215204,4.6357743374688853,32.33259291594532,18
88.79999999999923,0.10000000000000001,888,50,309.78554945132964,,3.2460949129541783,4.6103679745784794,4.6354182333393528,32.326074341908431,18
88.899999999999224,0.10000000000000001,889,50,309.78998950288707,,3.2457635112679268,4.6099331839219655,4.6350594225463944,32.319416733276633,18
88.999999999999218,0.10000000000000001,890,50,309.79440651186758,,3.245432079870914,4.6094984507308228,4.6346955158923935,32.312558609459543,18
89.099999999999213,0.10000000000000001,891,50,309.79880033122049,,3.24509903862171,4.6090655871167066,4.6343241791716006,32.305519242739301,18
89.199999999999207,0.10000000000000001,892,50,309.80317087323436,,3.244769096023961,4.6086528990454267,4.6339497416834758,32.29830907209012,18
89.299999999999201,0.10000000000000001,893,50,309.80751806834763,,3.2444406868498321,4.6081835153118895,4.6335564538369987,32.290921195326142,18
89.399999999999196,0.10000000000000001,894,50,309.81184183599601,,3.2441149182682176,4.6077114974061955,4.6331596559678578,32.283380134490258,18
89.49999999999919,0.10000000000000001,895,50,309.81614211792106,,3.2437917006708723,4.6072369363210219,4.6327603040147283,32.275717869877276,18
89.599999999999184,0.10000000000000001,896,50,309.82041889525857,,3.2434708879413172,4.6067599796957346,4.6323585440906525,32.267657500254039,18
89.699999999999179,0.10000000000000001,897,50,309.82467168008617,,3.2431520207398563,4.6062810897134057,4.63195483539557,32.259343106303419,18
89.799999999999173,0.10000000000000001,898,50,309.82890021541579,,3.2428348719305955,4.6058004951725682,4.631549405011631,32.250884318123283,18
89.899999999999167,0.10000000000000001,899,50,309.83310441716515,,3.2425193874091418,4.6053207656835946,4.6311423070907027,32.242227137101601,18
89.999999999999162,0.10000000000000001,900,50,309.83728410215326,,3.2422057498387478,4.6048547016862145,4.6307333590832283,32.233307408469749,18
90.099999999999156,0.10000000000000001,901,50,309.8414389766487,,3.2418926732181905,4.6043773271364117,4.6303086331301255,32.221855440596983,18
90.19999999999915,0.10000000000000001,902,50,309.84556508793406,,3.2415792613225212,4.6039003083233396,4.6298829972683997,32.210266958366333,18
90.299999999999145,0.10000000000000001,903,50,309.84966244222909,,3.241266643396802,4.6034225115254541,4.6294586218494729,32.198687066397994,18
90.399999999999139,0.10000000000000001,904,50,309.8537312401931,,3.2409562344303007,4.6029425164361069,4.629033732065766,32.187097113230891,18
90.499999999999133,0.10000000000000001,905,50,309.8577716361159,,3.2406467802275163,4.6024615827923263,4.6286078791506711,32.175610928739069,18
90.599999999999127,0.10000000000000001,906,50,309.86178395669322,,3.2403380792183967,4.6019799130653318,4.6281812646891947,32.164217706039302,18
90.699999999999122,0.10000000000000001,907,50,309.86576849780261,,3.2400321215687518,4.6014914672614671,4.6277518995943234,32.152706889857853,18
90.799999999999116,0.10000000000000001,908,50,309.86972521194139,,3.2397253192095166,4.6009740749016279,4.6273233702271668,32.141109327408742,18
90.89999999999911,0.10000000000000001,909,50,309.87365412523945,,3.2394151227716081,4.6005051622672912,4.6268982247584116,32.129452672787686,18
90.999999999999105,0.10000000000000001,910,50,309.87755534525996,,3.2391062384451006,4.6000349586062939,4.6264717595959199,32.117705088045909,18
91.099999999999099,0.10000000000000001,911,50,309.88142892518096,,3.2387969550045881,4.5995651807766507,4.6260295484710685,32.105876072089544,18
91.199999999999093,0.10000000000000001,912,50,309.88527493199098,,3.238489575630692,4.5990935157948609,4.6255903977072652,32.094013162827288,18
91.299999999999088,0.10000000000000001,913,50,309.88909348687508,,3.238183726533256,4.5986203382874926,4.6251497173145975,32.082073579403179,18
91.399999999999082,0.10000000000000001,914,50,309.8928846275258,,3.2378789546328166,4.598146102435714,4.624707960119351,32.070050350037846,18
91.499999999999076,0.10000000000000001,915,50,309.89664837295834,,3.2375744006081302,4.5976716702433587,4.6242659850223804,32.057927430583575,18
91.599999999999071,0.10000000000000001,916,50,309.90038470468727,,3.2372717139069564,4.5971953855466339,4.6238221433652429,32.04570808083453,18
91.699999999999065,0.10000000000000001,917,50,309.90409361195708,,3.236970402015579,4.5967278832062775,4.6233769273590113,32.033389676993536,18
91.799999999999059,0.10000000000000001,918,50,309.90777507848009,,3.2366716787486034,4.5963240612977962,4.6229291237123782,32.020919398578002,18
91.899999999999054,0.10000000000000001,919,50,309.91142900273388,,3.2363723637418209,4.5959020329862916,4.622453871726619,32.00734100746638,18
91.999999999999048,0.10000000000000001,920,50,309.91505372790039,,3.2360739176576412,4.5954791369721866,4.6219754395568406,31.993605495323688,18
92.099999999999042,0.10000000000000001,921,50,309.9186491610896,,3.2357773709966757,4.5950543393894083,4.6214971037787178,31.979752183795828,18
92.199999999999037,0.10000000000000001,922,50,309.92221525256446,,3.2354844854497991,4.5946258727396305,4.6210165088152806,31.965786113708528,18
92.299999999999031,0.10000000000000001,923,50,309.92575197352716,,3.2351947933618241,4.5941942069074599,4.6205327135986369,31.951712680528637,18
92.399999999999025,0.10000000000000001,924,50,309.92925930337566,,3.2349076908749614,4.5937599482237932,4.6200463217235352,31.937535253544276,18
92.499999999999019,0.10000000000000001,925,50,309.93273722417973,,3.2346257607099576,4.5933205054463109,4.6195547519394351,31.923251791312129,18
92.599999999999014,0.10000000000000001,926,50,309.93618573478869,,3.2343445286618886,4.5928268320701688,4.6190624759677297,31.908864548851028,18
92.699999999999008,0.10000000000000001,927,50,309.93960484572784,,3.2340613616483482,4.5923325005416178,4.6185721255655974,31.894375359287967,18
92.799999999999002,0.10000000000000001,928,50,309.94299457651675,,3.2337799530647549,4.5918237965355457,4.6180800096238173,31.879729778582444,18
92.899999999998997,0.10000000000000001,929,50,309.94635485388199,,3.2334997859118211,4.5912886857698991,4.6175788300047209,31.864998194377442,18
92.999999999998991,0.10000000000000001,930,50,309.94968572322387,,3.2332207988246697,4.5907524053444551,4.6170795118838424,31.850219135024727,18
93.099999999998985,0.10000000000000001,931,50,309.95298727482043,,3.2329423842427532,4.5902155649446579,4.6165796175800988,31.835361827125066,18
93.19999999999898,0.10000000000000001,932,50,309.9562595335799,,3.23266416448892,4.5896785434763752,4.6160795245753645,31.820204764705537,18
93.299999999998974,0.10000000000000001,933,50,309.95950215377167,,3.2323863275704023,4.5891411525550465,4.6155790450010743,31.80490936163968,18
93.399999999998968,0.10000000000000001,934,50,309.96271505809915,,3.2321078459703179,4.5886044228394134,4.6150792058330694,31.789552290752102,18
93.499999999998963,0.10000000000000001,935,50,309.9658983032931,,3.2318297864265206,4.5880718546417505,4.6145789409547247,31.774057210377411,18
93.599999999998957,0.10000000000000001,936,50,309.96905181412683,,3.2315537018743417,4.5875671470246209,4.614075149002522,31.758524421687301,18
93.699999999998951,0.10000000000000001,937,50,309.97217568157021,,3.2312764350296606,4.5870552734321919,4.6135576132725937,31.7425539224777,18
93.799999999998946,0.10000000000000001,938,50,309.97526935056322,,3.2309975819690653,4.5865450012300872,4.6130407314608792,31.726534769836274,18
93.89999999999894,0.10000000000000001,939,50,309.97833288769829,,3.2307169509491791,4.5860365226239086,4.6125256243274189,31.710537172328387,18
93.999999999998934,0.10000000000000001,940,50,309.98136644968412,,3.2304374861316245,4.5855268857321594,4.6120093495801751,31.694530914690205,18
94.099999999998929,0.10000000000000001,941,50,309.98437015012593,,3.2301582072689916,4.5850170736770375,4.6114928868602405,31.678553838427938,18
94.199999999998923,0.10000000000000001,942,50,309.98734415968698,,3.2298787044601278,4.5845074974926403,4.6109766458372548,31.662660128899365,18
94.299999999998917,0.10000000000000001,943,50,309.99028873135069,,3.2296011839404279,4.5839959455420702,4.6104584216417148,31.646684196415368,18
94.399999999998911,0.10000000000000001,944,50,309.99320385347647,,3.2293238645176041,4.583484203709026,4.609938394841218,31.630603723369411,18
94.499999999998906,0.10000000000000001,945,50,309.99608950011338,,3.2290444095364554,4.5830270610903687,4.6094156276381817,31.614415350924414,18
94.5999999999989,0.10000000000000001,946,50,309.99894566065228,,3.2287661971819936,4.5826035515788295,4.6088916132808695,31.59816207773018,18
94.699999999998894,0.10000000000000001,947,50,310.00177238989744,,3.2284886174996448,4.5821794042391124,4.6083543333529224,31.58181614863593,18
94.799999999998889,0.10000000000000001,948,50,310.00456969703441,,3.2282135150474498,4.58175277029473,4.6078139399355216,31.565378260385987,18
94.899999999998883,0.10000000000000001,949,50,310.00733758652387,,3.2279402187812796,4.5813243227566085,4.6072717355235664,31.548850415587175,18
94.999999999998877,0.10000000000000001,950,50,310.0100760600734,,3.2276696095830975,4.5808931789475098,4.6067268398851127,31.532235712154527,18
95.099999999998872,0.10000000000000001,951,50,310.01278512544644,,3.2274026770966353,4.5804583473329279,4.606178264092069,31.515540127758399,18
95.199999999998866,0.10000000000000001,952,50,310.01546480979073,,3.2271374585562684,4.5800217953816311,4.6056279695591256,31.498758926167795,18
95.29999999999886,0.10000000000000001,953,50,310.01811512737021,,3.2268753988877732,4.5795784897739464,4.6050745124273655,31.481895480730721,18
95.399999999998855,0.10000000000000001,954,50,310.02073610260703,,3.2266168776825097,4.5791044507038743,4.6045175133982763,31.46495080681758,18
95.499999999998849,0.10000000000000001,955,50,310.0233277684635,,3.2263633079864156,4.5786097413385587,4.6039501184642315,31.448310767118347,18
95.599999999998843,0.10000000000000001,956,50,310.02589079832251,,3.2261132488699058,4.5781115287659349,4.6033787469593221,31.431633322695937,18
95.699999999998838,0.10000000000000001,957,50,310.02842531201873,,3.2258655308622126,4.5776109848774214,4.6028025236173589,31.414910992001701,18
95.799999999998832,0.10000000000000001,958,50,310.03093142189175,,3.2256181840460618,4.5771100836698677,4.6022245400179935,31.398142632933599,18
95.899999999998826,0.10000000000000001,959,50,310.03340921964917,,3.2253691651001439,4.5766108724858174,4.6016482207274088,31.381322280117157,18
95.99999999999882,0.10000000000000001,960,50,310.03585875640971,,3.2251192063306253,4.5761126171620727,4.601072834251327,31.364451543412386,18
96.099999999998815,0.10000000000000001,961,50,310.03828007103863,,3.2248661968763237,4.5756174328175927,4.6005004902291784,31.347527117347795,18
96.199999999998809,0.10000000000000001,962,50,310.04067317110912,,3.2246149305233081,4.5751205155095818,4.5999263984962422,31.330554897391988,18
96.299999999998803,0.10000000000000001,963,50,310.0430380688934,,3.2243683765421656,4.5746504565495796,4.5993475918082982,31.313537290203737,18
96.399999999998798,0.10000000000000001,964,50,310.04537478039026,,3.2241233384883259,4.5742155045176762,4.5987672642777166,31.296480433752372,18
96.499999999998792,0.10000000000000001,965,50,310.04768333781328,,3.2238777479998091,4.5737896635460382,4.5981925850339191,31.279348535939814,18
96.599999999998786,0.10000000000000001,966,50,310.04996369758283,,3.2236334800865825,4.5733624880450146,4.5976145118737302,31.262144571432174,18
96.699999999998781,0.10000000000000001,967,50,310.05221583401993,,3.2233895753740001,4.5729349398966859,4.5970360734217692,31.24491668877296,18
96.799999999998775,0.10000000000000001,968,50,310.05443980944324,,3.2231459297150313,4.5725071238119552,4.59645737374281,31.22768820899136,18
96.899999999998769,0.10000000000000001,969,50,310.05663572605039,,3.2229023815344231,4.5720792019773153,4.595878574300305,31.210463883471995,18
96.999999999998764,0.10000000000000001,970,50,310.0588036931656,,3.222658884200003,4.5716512213735223,4.5952997217074429,31.193240479774506,18
97.099999999998758,0.10000000000000001,971,50,310.06094381343689,,3.2224158282780948,4.571224280234417,4.5947204257123211,31.17602392934182,18
97.199999999998752,0.10000000000000001,972,50,310.06305620079098,,3.2221729542331543,4.5708133783679052,4.5941409456383289,31.158974642745036,18
97.299999999998747,0.10000000000000001,973,50,310.06514123661191,,3.2219344185395213,4.5704311003187907,4.5935770151323574,31.144032119231188,18
97.399999999998741,0.10000000000000001,974,50,310.06720246772312,,3.2217037834730058,4.5700409065999628,4.5930069224196943,31.129137696643205,18
97.499999999998735,0.10000000000000001,975,50,310.06924007882839,,3.2214822022063756,4.5696416429879871,4.5924252000967281,31.114128949614482,18
97.59999999999873,0.10000000000000001,976,50,310.07125405820597,,3.2212608796770299,4.5692421204611202,4.5918418994564947,31.099070025012473,18
97.699999999998724,0.10000000000000001,977,50,310.07324448289899,,3.2210376173012545,4.5688445410887573,4.5912605317538011,31.083892142576094,18
97.799999999998718,0.10000000000000001,978,50,310.07521127317926,,3.2208141367795808,4.5684471800212387,4.5906793768601357,31.068435821974013,18
97.899999999998712,0.10000000000000001,979,50,310.07715407425917,,3.2205855829411476,4.5680549003354969,4.590103286545661,31.052937205532842,18
97.999999999998707,0.10000000000000001,980,50,310.07907288710248,,3.2203598645181861,4.5676445311518803,4.5895243583061509,31.03741279220781,18
98.099999999998701,0.10000000000000001,981,50,310.08096772143585,,3.2201407944602183,4.5671875712141565,4.588938781785421,31.021853172420844,18
98.199999999998695,0.10000000000000001,982,50,310.08283854639495,,3.2199229516604326,4.5667106420144856,4.5883519738936256,31.006226583587676,18
98.29999999999869,0.10000000000000001,983,50,310.08468528618465,,3.2197033535230593,4.5662354819292981,4.5877824162928134,30.990535345604052,18
98.399999999998684,0.10000000000000001,984,50,310.0865078419319,,3.2194833999598136,4.5657606888345583,4.5872105296318786,30.9747821646673,18
98.499999999998678,0.10000000000000001,985,50,310.08830614029176,,3.2192627356759846,4.5652866185138814,4.5866393510805361,30.959025227806428,18
98.599999999998673,0.10000000000000001,986,50,310.09008021823212,,3.219040474657787,4.5648141582475139,4.5860697659410024,30.943275533533306,18
98.699999999998667,0.10000000000000001,987,50,310.09183014209782,,3.2188168704921929,4.5643430540260219,4.5855015208354031,30.927548890917588,18
98.799999999998661,0.10000000000000001,988,50,310.09355601387688,,3.2185892062946149,4.5638760267548673,4.584937330587886,30.911848559167659,18
98.899999999998656,0.10000000000000001,989,50,310.09525797012532,,3.2183601885370101,4.5634138114837457,4.5843744908428556,30.896169605288868,18
98.99999999999865,0.10000000000000001,990,50,310.09693614058318,,3.2181309658014632,4.5629912755395683,4.5838083792267943,30.880825958243399,18
99.099999999998644,0.10000000000000001,991,50,310.09859117144407,,3.2179017589610384,4.5626504008437045,4.5832542721494649,30.869424217521519,18
99.199999999998639,0.10000000000000001,992,50,310.10022954064198,,3.2176770436249202,4.5623050410878117,4.5826977885821671,30.858203083132487,18
99.299999999998633,0.10000000000000001,993,50,310.1018515017085,,3.2174567730929033,4.5619552426105585,4.5821368631266184,30.846863309381526,18
99.399999999998627,0.10000000000000001,994,50,310.1034568819789,,3.217236422888103,4.5616055383698084,4.581576016813421,30.835506048170181,18
99.499999999998622,0.10000000000000001,995,50,310.10504568987176,,3.2170164854918823,4.5612554348354895,4.5810147575696973,30.824046665821125,18
99.599999999998616,0.10000000000000001,996,50,310.10661779799273,,3.2167977586376981,4.5609041326210162,4.5804522882976189,30.812300653563298,18
99.69999999999861,0.10000000000000001,997,50,310.10817278583386,,3.2165787939186705,4.5605530830014498,4.5798900562922329,30.800548851942089,18
99.799999999998604,0.10000000000000001,998,50,310.10971069931344,,3.2163646391985221,4.5601972278154204,4.5793219533852758,30.788816826812791,18
99.899999999998599,0.10000000000000001,999,50,310.11123158757493,,3.2161606419179609,4.5598120797017891,4.5787392290606137,30.777077597306505,18
99.999999999998593,0.10000000000000001,1000,50,310.11273538855664,,3.2159585645033326,4.5593954564780423,4.5781545827102947,30.765271541729216,18
100.09999999999859,0.10000000000000001,1001,50,310.11422194451717,,3.2157606498242295,4.5589746544015401,4.5776066442071714,30.753467396092617,18
100.19999999999858,0.10000000000000001,1002,50,310.11569120428038,,3.2155627646506715,4.5585538146145774,4.5770607197962949,30.74168211374587,18
100.29999999999858,0.10000000000000001,1003,50,310.11714316892551,,3.2153644969297956,4.5581333501158454,4.5765151762071277,30.729916748953585,18
100.39999999999857,0.10000000000000001,1004,50,310.11857785847099,,3.2151690367375521,4.5577100658103022,4.5759668260016593,30.718181603481288,18
100.49999999999856,0.10000000000000001,1005,50,310.11999534129831,,3.2149759598297201,4.5572843871330182,4.5754160929299772,30.706474614366275,18
100.59999999999856,0.10000000000000001,1006,50,310.12139570557025,,3.2147824681767934,4.5568591169181225,4.5748657725948805,30.69478910909751,18
100.69999999999855,0.10000000000000001,1007,50,310.12277902586249,,3.2145919798468396,4.556430828168275,4.5743124498431671,30.683134049020079,18
100.79999999999855,0.10000000000000001,1008,50,310.12414541091357,,3.2144051459741849,4.5560042201977105,4.5737554739826249,30.671574706154054,18
100.89999999999854,0.10000000000000001,1009,50,310.12549509609556,,3.2142212439557687,4.5556006463808814,4.5732373596033984,30.66102398902181,18
100.99999999999854,0.10000000000000001,1010,50,310.12682977872561,,3.2140375216884252,4.555196884888236,4.5727229360248574,30.650532310554688,18
101.09999999999853,0.10000000000000001,1011,50,310.12814956723605,,3.2138516140527984,4.5547953046083522,4.5722156536127283,30.64006188886,18
101.19999999999852,0.10000000000000001,1012,50,310.12945447360522,,3.2136654596128515,4.5543939640579714,4.5717109380381258,30.6296219971263,18
101.29999999999852,0.10000000000000001,1013,50,310.13074453334747,,3.2134780037988842,4.5539939194279562,4.5712075199129636,30.619209301874694,18
101.39999999999851,0.10000000000000001,1014,50,310.13201978245871,,3.2132884958220038,4.5535959225083928,4.5707061496995305,30.608823295739207,18
101.49999999999851,0.10000000000000001,1015,50,310.13328025282294,,3.2130983966383995,4.5531985102663874,4.570205367564677,30.598467371008553,18
101.5999999999985,0.10000000000000001,1016,50,310.13452598833794,,3.212910616691325,4.5527976606866494,4.5697022648627152,30.58813507389403,18
101.6999999999985,0.10000000000000001,1017,50,310.13575700992533,,3.21272827381314,4.5523896287728771,4.5691937252994945,30.577878399502275,18
101.79999999999849,0.10000000000000001,1018,50,310.13697339472031,,3.2125467184530212,4.5520490570179994,4.5686843952065219,30.567720148967073,18
101.89999999999849,0.10000000000000001,1019,50,310.13817526215826,,3.2123670260757127,4.5517125403785412,4.5681899921217646,30.557567144011777,18
101.99999999999848,0.10000000000000001,1020,50,310.13936258161198,,3.2121867438997773,4.551376623542021,4.5676943329849298,30.547380463905043,18
102.09999999999847,0.10000000000000001,1021,50,310.14053527964671,,3.2120054804535831,4.5510416985731714,4.5671996543011604,30.537421422488556,18
102.19999999999847,0.10000000000000001,1022,50,310.1416937264371,,3.2118260188675878,4.5507049777426483,4.5667031744092847,30.52782346031908,18
102.29999999999846,0.10000000000000001,1023,50,310.14283854664887,,3.2116476499077047,4.5503671711836704,4.5662056019216557,30.51843469065107,18
102.39999999999846,0.10000000000000001,1024,50,310.14397013809412,,3.2114647460127794,4.5500339157657592,4.565712561124581,30.509127103638303,18
102.49999999999845,0.10000000000000001,1025,50,310.14508871179606,,3.2112834093021601,4.5497000515866093,4.5652179534121435,30.500011749345141,18
102.59999999999845,0.10000000000000001,1026,50,310.14619468217882,,3.2111051151376961,4.5493602525656067,4.5647166409980189,30.490864133110918,18
102.69999999999844,0.10000000000000001,1027,50,310.1472881042435,,3.2109285072842777,4.5489752236328327,4.5642199952466918,30.481863247499952,18
102.79999999999843,0.10000000000000001,1028,50,310.14836929687664,,3.2107539487048973,4.5485881411544336,4.5637231340644124,30.47298803092508,18
102.89999999999843,0.10000000000000001,1029,50,310.14943856247675,,3.210580001518033,4.5482004454717613,4.5632256634798551,30.464181089059625,18
102.99999999999842,0.10000000000000001,1030,50,310.15049610035408,,3.2104049132149868,4.547813891936098,4.5627293350655727,30.455437098055178,18
103.09999999999842,0.10000000000000001,1031,50,310.15154208554486,,3.2102273510153818,4.5474298153910837,4.5622354808084982,30.44675207599213,18
103.19999999999841,0.10000000000000001,1032,50,310.15257666465163,,3.2100471274085596,4.5470484035654071,4.5617442880936814,30.438122560049852,18
103.29999999999841,0.10000000000000001,1033,50,310.15359996344517,,3.209863478819925,4.5466704211479092,4.5612565199550534,30.429543029104497,18
103.3999999999984,0.10000000000000001,1034,50,310.15461208120075,,3.2096844513226586,4.5462878098739381,4.5607647119892238,30.421007079167413,18
103.49999999999839,0.10000000000000001,1035,50,310.15561306824611,,3.2095165896862108,4.5458999231289807,4.5602643916986709,30.412564807852924,18
103.59999999999839,0.10000000000000001,1036,50,310.15660299076814,,3.2093511089274278,4.545592210329934,4.5597616895348985,30.404210107283589,18
103.69999999999838,0.10000000000000001,1037,50,310.15758191006239,,3.2091885588386386,4.5452815593670666,4.5593014664309708,30.395896587930348,18
103.79999999999838,0.10000000000000001,1038,50,310.15854979430031,,3.2090257071444519,4.544971207983326,4.5588438166416037,30.387602160790628,18
103.89999999999837,0.10000000000000001,1039,50,310.1595066004781,,3.2088625634576582,4.5446611464537767,4.5583864584259537,30.379582808448145,18
103.99999999999837,0.10000000000000001,1040,50,310.16045273227763,,3.2086992688162947,4.5443512334053038,4.5579773940288471,30.371924976214874,18
104.09999999999836,0.10000000000000001,1041,50,310.16138874933574,,3.2085360045748668,4.5440412870971221,4.5576076035955282,30.364443507312338,18
104.19999999999835,0.10000000000000001,1042,50,310.16231491450617,,3.2083728300089205,4.5437312480899674,4.5572377269733515,30.357009307011182,18
104.29999999999835,0.10000000000000001,1043,50,310.16323128585839,,3.2082098176178206,4.5434222468313248,4.5568676917323554,30.349739550913753,18
104.39999999999834,0.10000000000000001,1044,50,310.16413812524388,,3.208047471092085,4.5431232952149685,4.5564989777796763,30.342515012426659,18
104.49999999999834,0.10000000000000001,1045,50,310.16503549882935,,3.2078882029607367,4.5428324654498793,4.5561388611741167,30.336317621448131,18
104.59999999999833,0.10000000000000001,1046,50,310.16592503998817,,3.2077326004828493,4.542537967770282,4.5557750832192596,30.330173928360143,18
104.69999999999833,0.10000000000000001,1047,50,310.16680678437302,,3.2075827450185774,4.5422377168767012,4.5554055623556469,30.323871927827618,18
104.79999999999832,0.10000000000000001,1048,50,310.16768045394514,,3.2074332028846735,4.5419371558128532,4.5550357312935725,30.317540390660952,18
104.89999999999831,0.10000000000000001,1049,50,310.16854598677929,,3.207284040683219,4.5416362177521696,4.5546745427140767,30.311075638278325,18
104.99999999999831,0.10000000000000001,1050,50,310.16940315476654,,3.2071357936688361,4.5413343663615438,4.5542954124238975,30.304293628449475,18
105.0999999999983,0.10000000000000001,1051,50,310.17025143599199,,3.2069870254934951,4.5410330405323602,4.5538955438514774,30.297429697493975,18
105.1999999999983,0.10000000000000001,1052,50,310.17109069843548,,3.2068391001629717,4.5407306584863516,4.5534948330997125,30.290584357263906,18
105.29999999999829,0.10000000000000001,1053,50,310.1719209638124,,3.206693305523201,4.5403994645087371,4.5530919925321101,30.283737880722615,18
105.39999999999829,0.10000000000000001,1054,50,310.17274220067605,,3.2065474206845197,4.5400280582977945,4.5526892426065908,30.276849913430485,18
105.49999999999828,0.10000000000000001,1055,50,310.17355431218186,,3.2064018056764496,4.5396563717956759,4.5522862233301735,30.269905880024613,18
105.59999999999827,0.10000000000000001,1056,50,310.17435718162824,,3.2062551634240952,4.5392857044658568,4.5518842315175148,30.26292471286024,18
105.69999999999827,0.10000000000000001,1057,50,310.17515073813905,,3.2061071997780122,4.5389163510759394,4.5514835612401319,30.255981373749513,18
105.79999999999826,0.10000000000000001,1058,50,310.17593504018441,,3.2059596275804485,4.5385465964154577,4.5510824999531208,30.249094029920478,18
105.89999999999826,0.10000000000000001,1059,50,310.17671018913688,,3.2058115157008737,4.5381773732757615,4.5506819785979085,30.242279795703617,18
105.99999999999825,0.10000000000000001,1060,50,310.17747631898794,,3.2056622005265076,4.53780934636311,4.5502826606358679,30.235532970023865,18
106.09999999999825,0.10000000000000001,1061,50,310.17823355123744,,3.205512781850552,4.5374427844176966,4.5498834464628093,30.228853172301918,18
106.19999999999824,0.10000000000000001,1062,50,310.17898201160068,,3.2053646063566408,4.5370895305875862,4.5495070747773632,30.222299194516804,18
106.29999999999824,0.10000000000000001,1063,50,310.17972192974867,,3.2052186941806253,4.5367567500153401,4.5491547944596995,30.216753254119666,18
106.39999999999823,0.10000000000000001,1064,50,310.18045493651175,,3.2050745643395233,4.5364221765146331,4.5488007276021527,30.211269948687573,18
106.49999999999822,0.10000000000000001,1065,50,310.18118108725969,,3.2049332428042074,4.5360847833146964,4.5484438488469952,30.205805322884597,18
106.59999999999822,0.10000000000000001,1066,50,310.18190035745573,,3.2047923185013767,4.5357469848951482,4.5480865689643526,30.200364180941236,18
106.69999999999821,0.10000000000000001,1067,50,310.18261273997518,,3.2046506786549571,4.535409895531787,4.5477299974538559,30.194947584130475,18
106.79999999999821,0.10000000000000001,1068,50,310.18331823768267,,3.2045080427927592,4.5350737960881053,4.5473744115517309,30.189556478123254,18
106.8999999999982,0.10000000000000001,1069,50,310.18401685791139,,3.2043647955640502,4.5347383015423413,4.5470194327475033,30.18419053897216,18
106.9999999999982,0.10000000000000001,1070,50,310.18470861308577,,3.2042233236910684,4.5343987512381894,4.5466626754990722,30.178844615959601,18
107.09999999999819,0.10000000000000001,1071,50,310.18539349628378,,3.2040858868000672,4.5340521025717608,4.5463018816700176,30.173597390756051,18
107.19999999999818,0.10000000000000001,1072,50,310.18607160273797,,3.2039491094537862,4.5337506062152366,4.5459404253672293,30.16841675213503,18
107.29999999999818,0.10000000000000001,1073,50,310.18674297888367,,3.2038136975718761,4.5334477422586632,4.5455751848414652,30.163242787342757,18
107.39999999999817,0.10000000000000001,1074,50,310.18740757644554,,3.2036775783768956,4.5331455858318561,4.5452098722983303,30.158023759305337,18
107.49999999999817,0.10000000000000001,1075,50,310.18806528088817,,3.2035403539401388,4.5328445353602698,4.5448844263064254,30.153091633083026,18
107.59999999999816,0.10000000000000001,1076,50,310.18871653633357,,3.2034008694930578,4.5325457470346437,4.5445755175232678,30.148456732691525,18
107.69999999999816,0.10000000000000001,1077,50,310.18936181271152,,3.2032595752143029,4.5322487702469756,4.5442684192991702,30.143999921912087,18
107.79999999999815,0.10000000000000001,1078,50,310.19000139384815,,3.2031127412760219,4.5319573394903188,4.5439668607545451,30.13963353729709,18
107.89999999999814,0.10000000000000001,1079,50,310.19063545683662,,3.2029639993544095,4.5316696100962099,4.5436672119412194,30.135434035454949,18
107.99999999999814,0.10000000000000001,1080,50,310.19126430976507,,3.2028146608272348,4.5313949320397668,4.5433683376313612,30.131283027057741,18
108.09999999999813,0.10000000000000001,1081,49.999999999999993,310.19188805729237,,3.2026625466117196,4.5311240148326135,4.5430732500155822,30.127542585775959,18
108.19999999999813,0.10000000000000001,1082,50,310.19250737688571,,3.2025116183312488,4.5308519075579028,4.5427769797754909,30.1238536408543,18
108.29999999999812,0.10000000000000001,1083,50,310.19312236761851,,3.2023616634044947,4.5305788230319974,4.5424797393215561,30.120033723235444,18
108.39999999999812,0.10000000000000001,1084,50,310.19373283203066,,3.2022112832162848,4.5303061615804827,4.5421829270611287,30.116207778653788,18
108.49999999999811,0.10000000000000001,1085,50,310.19433877826896,,3.2020604493284104,4.5300339516666686,4.5418890826732055,30.112269365396404,18
108.5999999999981,0.10000000000000001,1086,50,310.19494003377702,,3.2019092484881497,4.5297517750592409,4.5415832170887214,30.108054932384878,18
108.6999999999981,0.10000000000000001,1087,50,310.19553615486439,,3.2017574078983806,4.5294499531763659,4.5412633200650561,30.103748890617521,18
108.79999999999809,0.10000000000000001,1088,50,310.19612700141846,,3.2016072717092703,4.5291464197017435,4.540941717643082,30.099480343132925,18
108.89999999999809,0.10000000000000001,1089,50,310.19671262672631,,3.2014614566328561,4.5288385540835323,4.5406157933727069,30.095213833561122,18
108.99999999999808,0.10000000000000001,1090,50,310.1972929911571,,3.2013161443969613,4.5285301810297671,4.5402893650064584,30.090893627985512,18
109.09999999999808,0.10000000000000001,1091,50,310.19786796262593,,3.2011724045700749,4.5282202295295342,4.5399613630869258,30.086546699587092,18
109.19999999999807,0.10000000000000001,1092,50,310.198437449702,,3.2010282726208561,4.527910667275453,4.5396337518623779,30.082225082202811,18
109.29999999999806,0.10000000000000001,1093,50,310.19900145661296,,3.2008836563368597,4.5276015866821835,4.5393066235212496,30.077927942815677,18
109.39999999999806,0.10000000000000001,1094,50,310.1995599937232,,3.2007390644571236,4.5272924783670385,4.5389794693998722,30.073658902012266,18
109.49999999999805,0.10000000000000001,1095,50,310.20011308502467,,3.2005941728134246,4.5269836670349584,4.5386526136021219,30.069414961743973,18
109.59999999999805,0.10000000000000001,1096,50,310.20066075323405,,3.2004488246481868,4.526675309731135,4.5383262128694035,30.065196999891302,18
109.69999999999804,0.10000000000000001,1097,50,310.20120302371669,,3.20030330152965,4.5263671245736941,4.5379999856748876,30.061004808570264,18
109.79999999999804,0.10000000000000001,1098,50,310.20173992431592,,3.2001581415095357,4.5260595360298943,4.5376810703501462,30.056862604912851,18
109.89999999999803,0.10000000000000001,1099,50,310.2022715252495,,3.2000146833545955,4.52576123971025,4.5373709566019205,30.052964817155605,18
109.99999999999802,0.10000000000000001,1100,50,310.20279820731395,,3.1998729747996206,4.5254611891497953,4.537059089389972,30.049093911179558,18
110.09999999999802,0.10000000000000001,1101,50,310.20331999975798,,3.1997334238220292,4.5251579603541661,4.5367450610431401,30.045243601184737,18
110.19999999999801,0.10000000000000001,1102,50,310.20383691720019,,3.1995937024564514,4.5248469902683262,4.5364311990603534,30.04141610393615,18
110.29999999999801,0.10000000000000001,1103,50,310.20434897535284,,3.1994537261864284,4.524536252550214,4.5361206368548688,30.037613889532906,18
110.399999999998,0.10000000000000001,1104,50,310.20485619893503,,3.1993136895649812,4.5242236134238283,4.5358161886907675,30.033837699669313,18
110.499999999998,0.10000000000000001,1105,50,310.20535861878551,,3.1991729877535793,4.5239116388401763,4.535512404221012,30.030085096872014,18
110.59999999999799,0.10000000000000001,1106,50,310.20585626168656,,3.1990335927831026,4.5235983548065528,4.5352073121129814,30.02635597674011,18
110.69999999999798,0.10000000000000001,1107,50,310.2063491413877,,3.1988975786266116,4.523281685598092,4.534898839137055,30.022725171488919,18
110.79999999999798,0.10000000000000001,1108,50,310.20683737227728,,3.1987620458111357,4.5229645337675297,4.5345898836849319,30.019147764103909,18
110.89999999999797,0.10000000000000001,1109,50,310.2073209971345,,3.1986276962818319,4.5226461968791503,4.5342797440760023,30.015607032525796,18
110.99999999999797,0.10000000000000001,1110,50,310.2078000315712,,3.1984928345086838,4.5223283720537779,4.5339701151972864,30.012070038463506,18
111.09999999999796,0.10000000000000001,1111,50,310.20827444826932,,3.1983571241585462,4.5220113958958166,4.5336864535125097,30.008834842333229,18
111.19999999999796,0.10000000000000001,1112,50,310.20874472046359,,3.1982194395998493,4.5216963948392452,4.5334109087326642,30.005845356216767,18
111.29999999999795,0.10000000000000001,1113,50,310.20921122726247,,3.198080565996102,4.5213825830444581,4.5331365535116701,30.003010737121951,18
111.39999999999795,0.10000000000000001,1114,50,310.20967420165897,,3.1979397208981011,4.5210765568995468,4.5328641703558077,30.000253566578998,18
111.49999999999794,0.10000000000000001,1115,50,310.210133762515,,3.1977974555461675,4.5207965709041513,4.5325932083996037,29.997642874196025,18
111.59999999999793,0.10000000000000001,1116,50,310.21059014481318,,3.1976535714466001,4.5205174814965563,4.5323123229897133,29.994944385368346,18
111.69999999999793,0.10000000000000001,1117,50,310.21104318891139,,3.1975084536645451,4.5202313222460369,4.5320244482645204,29.991808283656031,18
111.79999999999792,0.10000000000000001,1118,50,310.21149214082459,,3.1973628248988435,4.5199456729151857,4.5317370806538149,29.988737440120381,18
111.89999999999792,0.10000000000000001,1119,50,310.21193708435726,,3.1972175668304601,4.5196595029256486,4.5314493387462171,29.985709783238931,18
111.99999999999791,0.10000000000000001,1120,50,310.21237808091502,,3.1970714818465682,4.519373003682345,4.53116241986557,29.982722664715055,18
112.09999999999791,0.10000000000000001,1121,50,310.21281518724481,,3.196924181327045,4.5190877195050012,4.530880296635476,29.979775679400035,18
112.1999999999979,0.10000000000000001,1122,50,310.21324845470184,,3.1967756387414994,4.5188036768762236,4.5306065303962564,29.976869693109698,18
112.29999999999789,0.10000000000000001,1123,50,310.21367793298532,,3.1966250721838656,4.5185216579894618,4.5303347837483781,29.97401006814108,18
112.39999999999789,0.10000000000000001,1124,50,310.21410367200474,,3.196472826771366,4.5182413174694283,4.5300647116342443,29.971222123221452,18
112.49999999999788,0.10000000000000001,1125,50,310.21452576522142,,3.1963186194371245,4.5179629383953879,4.5297965969481213,29.968582562951156,18
112.59999999999788,0.10000000000000001,1126,50,310.21494443963024,,3.1961637535482117,4.5176852169219055,4.5295291368748449,29.965985445045966,18
112.69999999999787,0.10000000000000001,1127,50,310.21535975001154,,3.1960074415593489,4.5174089408040414,4.5292543352496581,29.963434949504087,18
112.79999999999787,0.10000000000000001,1128,50,310.21577175751179,,3.1958504987982961,4.5171332944818161,4.5289755358983967,29.960895775152039,18
112.89999999999786,0.10000000000000001,1129,50,310.21618046115469,,3.1956932816443544,4.5168579215372704,4.5287045259562122,29.958641286806838,18
112.99999999999785,0.10000000000000001,1130,50,310.21658631211193,,3.1955360713844527,4.5165825407097504,4.5284350085048857,29.956594971047334,18
113.09999999999785,0.10000000000000001,1131,50,310.21698963417117,,3.1953789082557464,4.5163071118351237,4.5281654446762341,29.954669717237632,18
113.19999999999784,0.10000000000000001,1132,50,310.2173906077719,,3.1952222567361086,4.516032842085373,4.5278953702518789,29.952791715615181,18
113.29999999999784,0.10000000000000001,1133,50,310.2177892900981,,3.1950658421370379,4.5157650476450577,4.5276250598272778,29.951033156284041,18
113.39999999999783,0.10000000000000001,1134,50,310.21818586227545,,3.1949094907236284,4.5154980431002922,4.5273562948683264,29.949283622323073,18
113.49999999999783,0.10000000000000001,1135,50,310.21858032396955,,3.194754341068629,4.5152415684283751,4.5270953555489948,29.947356593900174,18
113.59999999999782,0.10000000000000001,1136,50,310.21897238784862,,3.1946004629937228,4.5149901897083469,4.5268331456753081,29.945438185258535,18
113.69999999999781,0.10000000000000001,1137,50,310.21936209112965,,3.1944481618596487,4.5147148682519775,4.5265693598896215,29.943393715105522,18
113.79999999999781,0.10000000000000001,1138,50,310.21974925306387,,3.1942954238763615,4.5144434650788572,4.5263060113238707,29.941340897419469,18
113.8999999999978,0.10000000000000001,1139,50,310.22013388114721,,3.1941425475609897,4.514172196343238,4.5260475593600784,29.939179544565217,18
113.9999999999978,0.10000000000000001,1140,50,310.22051581217698,,3.1939895125359703,4.5138784128349467,4.525787761406832,29.93675237857649,18
114.09999999999779,0.10000000000000001,1141,50,310.22089462081919,,3.1938359651156558,4.5135849542845667,4.5255151655888177,29.93416387994429,18
114.19999999999779,0.10000000000000001,1142,50,310.22127005732608,,3.1936827885502916,4.513291124031646,4.5252421959596552,29.931522366211674,18
114.29999999999778,0.10000000000000001,1143,50,310.22164205068697,,3.1935304496740002,4.5129964555052613,4.5249683858611185,29.928783283892102,18
114.39999999999777,0.10000000000000001,1144,50,310.22201044900578,,3.193378039531761,4.5127018576472091,4.524694643870026,29.92600820995164,18
114.49999999999777,0.10000000000000001,1145,50,310.22237518059876,,3.1932258903074464,4.5124069980219224,4.5244211117377331,29.923200036791869,18
114.59999999999776,0.10000000000000001,1146,50,310.2227362084372,,3.193073098218191,4.5121127808079935,4.5241485010385905,29.920417408444045,18
114.69999999999776,0.10000000000000001,1147,50,310.22309357294625,,3.1929194253964766,4.5118194438907793,4.5238767692917774,29.917658661335871,18
114.79999999999775,0.10000000000000001,1148,50,310.22344731011174,,3.1927650378843375,4.511526821369138,4.5236057505305691,29.914924970370173,18
114.89999999999775,0.10000000000000001,1149,50,310.2237974570175,,3.1926097847659793,4.5112350641713697,4.5233355955973611,29.912215212418083,18
114.99999999999774,0.10000000000000001,1150,50,310.22414404813537,,3.1924540293874886,4.5109438091791425,4.5230659413252914,29.909530432237165,18
115.09999999999773,0.10000000000000001,1151,50,310.22448712065511,,3.1922977754197959,4.5106530528140079,4.5227967840478236,29.906871582138375,18
115.19999999999773,0.10000000000000001,1152,50,310.22482671431158,,3.1921413745012899,4.5103643727422549,4.5225315069820624,29.904268912915413,18
115.29999999999772,0.10000000000000001,1153,50,310.22516291679858,,3.1919848783928639,4.5100980887965028,4.5222871851830879,29.901646230732467,18
115.39999999999772,0.10000000000000001,1154,50,310.22549571382876,,3.1918277664632395,4.5098324214633232,4.5220434791106676,29.899032968821125,18
115.49999999999771,0.10000000000000001,1155,50,310.22582513118874,,3.1916710130642745,4.5095674503702492,4.5217994148880214,29.89634297554251,18
115.59999999999771,0.10000000000000001,1156,50,310.22615103270556,,3.1915144597281291,4.5093072215738772,4.5215551509225733,29.893645770903248,18
115.6999999999977,0.10000000000000001,1157,50,310.22647340041698,,3.1913572965510815,4.5090476015519654,4.5213085001083799,29.890889877273832,18
115.79999999999769,0.10000000000000001,1158,50,310.22679213203691,,3.1911991874433556,4.508788926384951,4.5210570066883813,29.88800226186002,18
115.89999999999769,0.10000000000000001,1159,50,310.22710700283073,,3.1910405716329597,4.5085307572709077,4.5208062382211605,29.885043715998368,18
115.99999999999768,0.10000000000000001,1160,50,310.22741788979005,,3.1908803273729061,4.5082742154595463,4.5205570943914122,29.882107233059354,18
116.09999999999768,0.10000000000000001,1161,50,310.22772483322149,,3.1907172145449971,4.5080205404454654,4.5203108148458595,29.879185580889278,18
116.19999999999767,0.10000000000000001,1162,50,310.22802787558652,,3.1905527000318097,4.507768266445999,4.520065933422531,29.876258021280599,18
116.29999999999767,0.10000000000000001,1163,50,310.2283270240614,,3.1903865412091106,4.507517636085586,4.5198213171827728,29.87347005806355,18
116.39999999999766,0.10000000000000001,1164,50,310.22862251183619,,3.1902197255939333,4.5072676626951615,4.5195764536101599,29.870925270915414,18
116.49999999999766,0.10000000000000001,1165,50,310.2289147167449,,3.1900523259321552,4.507018273759436,4.5193321723140221,29.868479833624786,18
116.59999999999765,0.10000000000000001,1166,50,310.22920377541476,,3.1898844483199902,4.5067693634366881,4.519088367261503,29.866113044774583,18
116.69999999999764,0.10000000000000001,1167,50,310.22948979248497,,3.1897160731225376,4.5065209515193478,4.5188450580873081,29.863774801637234,18
116.79999999999764,0.10000000000000001,1168,50,310.22977279329672,,3.1895475641797324,4.5062726746406572,4.5186018811519668,29.861464517252742,18
116.89999999999763,0.10000000000000001,1169,50,310.23005280313618,,3.1893787155643416,4.5060247387372776,4.5183590422853523,29.859183133252497,18
116.99999999999763,0.10000000000000001,1170,50,310.23032985186819,,3.1892094387945127,4.5057764762220636,4.5181151816689376,29.856887005223495,18
117.09999999999762,0.10000000000000001,1171,50,310.23060389952212,,3.1890400164719823,4.5055210212977244,4.5178633963285364,29.853934707709531,18
117.19999999999762,0.10000000000000001,1172,50,310.23087388674912,,3.1888711996756003,4.5052694588957909,4.5176110053038423,29.850941843445288,18
117.29999999999761,0.10000000000000001,1173,50,310.23113978824068,,3.1887012213965056,4.5050275408689702,4.5173597745890017,29.847931699255344,18
117.3999999999976,0.10000000000000001,1174,50,310.23140158779421,,3.188531117686634,4.5047855205954015,4.517108668827067,29.84492340236946,18
117.4999999999976,0.10000000000000001,1175,50,310.2316593001654,,3.188360832409022,4.5045436779545227,4.5168572497040351,29.841905219971594,18
117.59999999999759,0.10000000000000001,1176,50,310.23191291866618,,3.1881902650688199,4.5042991097260465,4.5166089182671865,29.83880530432894,18
117.69999999999759,0.10000000000000001,1177,50,310.23216231963011,,3.1880194799617065,4.5040547108750575,4.5163663562390788,29.835569084142147,18
117.79999999999758,0.10000000000000001,1178,50,310.23240729991159,,3.1878505450573864,4.5038084636322138,4.5161219436828199,29.832035495519023,18
117.89999999999758,0.10000000000000001,1179,50,310.23264740786101,,3.1876852938735052,4.5035585363589483,4.5158738482055316,29.828141047363538,18
117.99999999999757,0.10000000000000001,1180,50,310.23288209478142,,3.1875205858321101,4.503308067105479,4.5156252083156891,29.824257181209536,18
118.09999999999756,0.10000000000000001,1181,50,310.23311141167778,,3.1873571391844462,4.503056338567454,4.5153753062237154,29.820382007909963,18
118.19999999999756,0.10000000000000001,1182,50,310.23333538790945,,3.1871933410448863,4.5028049624606252,4.5151257537696745,29.816527052360993,18
118.29999999999755,0.10000000000000001,1183,50,310.23355407122233,,3.187029072509227,4.5025540578937449,4.5148766698111285,29.812691397352928,18
118.39999999999755,0.10000000000000001,1184,50,310.23376750810831,,3.1868652025353761,4.5023027570381897,4.5146271860014853,29.808879948952303,18
118.49999999999754,0.10000000000000001,1185,50,310.23397575822321,,3.1867010040135324,4.5020517866089085,4.5143780289856075,29.805090497262697,18
118.59999999999754,0.10000000000000001,1186,50,310.2341788774462,,3.1865364731841028,4.5018011506638977,4.5141292025554716,29.801322388258377,18
118.69999999999753,0.10000000000000001,1187,50,310.23437691923772,,3.186371991666384,4.5015504682593974,4.5138811516418311,29.797577628415073,18
118.79999999999752,0.10000000000000001,1188,50,310.23456994210034,,3.1862071025244791,4.5013004314903835,4.5136419899411253,29.793614385543222,18
118.89999999999752,0.10000000000000001,1189,50,310.23475760644817,,3.1860399051626507,4.5010554435697383,4.5134078028008364,29.788057781225017,18
118.99999999999751,0.10000000000000001,1190,50,310.23493738647841,,3.1858706602133697,4.5008125020013336,4.5131756564193575,29.782480490211793,18
119.09999999999751,0.10000000000000001,1191,50,310.23510937628384,,3.185697672271349,4.5005725383384263,4.5129472456142716,29.776916065340163,18
119.1999999999975,0.10000000000000001,1192,50,310.23527372924946,,3.1855234417792331,4.5003278777977922,4.5127200719099188,29.771360818414102,18
119.2999999999975,0.10000000000000001,1193,50,310.23543057646032,,3.1853480308306397,4.5000843961747341,4.5124957638523977,29.765811038720638,18
119.39999999999749,0.10000000000000001,1194,50,310.23558001629016,,3.1851709987372394,4.4998425343273372,4.512276429328713,29.760268617225496,18
119.49999999999748,0.10000000000000001,1195,50,310.23572213014165,,3.1849913708672046,4.4996032664855301,4.5120596853014767,29.7547315406051,18
119.59999999999748,0.10000000000000001,1196,50,310.23585697503569,,3.1848096356268476,4.4993661053455716,4.5118450439172051,29.749211821576829,18
119.69999999999747,0.10000000000000001,1197,50,310.23598462926628,,3.1846252781192499,4.4991315658151514,4.5116330200694135,29.743717813139043,18
119.79999999999747,0.10000000000000001,1198,50,310.23610519891793,,3.1844398583641005,4.4988980900436291,4.5114220547229964,29.738250121190973,18
119.89999999999746,0.10000000000000001,1199,50,310.23621879002184,,3.1842520193589472,4.4986670340698067,4.511200232411654,29.732933965507847,18
119.99999999999746,0.10000000000000001,1200,50,310.23632569533959,,3.1840631175128964,4.4984370434100676,4.5109692710712679,29.727820489746154,18
120.09999999999745,0.10000000000000001,1201,50,310.23642626151866,,3.1838744287029637,4.49820684395445,4.5107300337520311,29.722769246266694,18
120.19999999999744,0.10000000000000001,1202,50,310.23652059824428,,3.1836875586972537,4.4979748320217858,4.5104883116882499,29.717758694928172,18
120.29999999999744,0.10000000000000001,1203,50,310.23660877438562,,3.1835019353546463,4.4977415794352478,4.5102453442137778,29.712747700238637,18
120.39999999999743,0.10000000000000001,1204,50,310.23669078202568,,3.1833222455246286,4.4975006947772211,4.5099964471538074,29.707727366839688,18
120.49999999999743,0.10000000000000001,1205,50,310.23676655989743,,3.1831441305554926,4.4972517715837839,4.5097459768716863,29.702715409079094,18
120.59999999999742,0.10000000000000001,1206,50,310.23683607858459,,3.1829662025903094,4.4970029938386658,4.5094959386929387,29.697685979072233,18
120.69999999999742,0.10000000000000001,1207,50,310.23689927602754,,3.1827918275976379,4.4967552226072378,4.5092457790260196,29.692586054659916,18
120.79999999999741,0.10000000000000001,1208,50,310.23695600886691,,3.182617611560127,4.4965097962316998,4.5089954615139476,29.687474494849681,18
120.89999999999741,0.10000000000000001,1209,50,310.23700622507721,,3.182444127234433,4.4962606340198823,4.5087444139182002,29.682385232095449,18
120.9999999999974,0.10000000000000001,1210,50,310.23704994067941,,3.1822711384171249,4.4960113220787932,4.508492872437559,29.677280931509188,18
121.09999999999739,0.10000000000000001,1211,50,310.23708711661988,,3.1820987234079103,4.4957614317242953,4.5082425914631878,29.672193369986445,18
121.19999999999739,0.10000000000000001,1212,50,310.23711777105211,,3.1819268062002619,4.4954935524344055,4.5079944939809664,29.66712772081603,18
121.29999999999738,0.10000000000000001,1213,50,310.23714193490048,,3.1817554729486872,4.4952248291137957,4.5077441957797522,29.662015828984831,18
121.39999999999738,0.10000000000000001,1214,50,310.23715953871522,,3.1815829392551596,4.494957306665321,4.5074950932381856,29.656717679792358,18
121.49999999999737,0.10000000000000001,1215,50,310.23717031522949,,3.181406313659692,4.4946938738942954,4.5072500760990231,29.651249639072525,18
121.59999999999737,0.10000000000000001,1216,50,310.23717406526168,,3.1812275573453115,4.4944325726082974,4.5070071851026841,29.645863367393734,18
121.69999999999736,0.10000000000000001,1217,50,310.23717100001824,,3.181046134037099,4.4941739390666502,4.506766956502128,29.640562752708213,18
121.79999999999735,0.10000000000000001,1218,50,310.23716133215913,,3.1808633237663653,4.4939166953086449,4.5065281115714031,29.635322060879133,18
121.89999999999735,0.10000000000000001,1219,50,310.23714522096316,,3.180678967591418,4.4936610005813513,4.5062908094106939,29.630141532432404,18
121.99999999999734,0.10000000000000001,1220,50,310.23712281640979,,3.1804938833333534,4.4934060384752854,4.5060542330601852,29.62502399968999,18
122.09999999999734,0.10000000000000001,1221,50,310.23709427155291,,3.1803073508529125,4.4931525286843312,4.5058191023511629,29.619968826661207,18
122.19999999999733,0.10000000000000001,1222,50,310.23705973440138,,3.1801196261232407,4.4929002159349452,4.5055851617303242,29.614977091298609,18
122.29999999999733,0.10000000000000001,1223,50,310.23701935215956,,3.1799310151854296,4.4926487949186402,4.5053529192106661,29.610050151035164,18
122.39999999999732,0.10000000000000001,1224,50,310.23697327435389,,3.1797415134759417,4.4923988510912007,4.5051285831353898,29.605146564765981,18
122.49999999999731,0.10000000000000001,1225,50,310.23692158080098,,3.1795500915490451,4.4921575795760473,4.5049124418943052,29.600466587718305,18
122.59999999999731,0.10000000000000001,1226,50,310.23686468375598,,3.1793574520803425,4.4919175305507233,4.5046975121971986,29.595911166006399,18
122.6999999999973,0.10000000000000001,1227,50,310.23680283934925,,3.1791621009131923,4.4916803921165016,4.5044852874215957,29.591408063582183,18
122.7999999999973,0.10000000000000001,1228,50,310.23673617790507,,3.1789654429649445,4.4914460859486418,4.5042743637976166,29.586957337294216,18
122.89999999999729,0.10000000000000001,1229,50,310.23666483178704,,3.1787675270064129,4.491213041843201,4.5040644396402065,29.582559869646033,18
122.99999999999729,0.10000000000000001,1230,50,310.23658893036145,,3.1785681993096473,4.4909814137056694,4.5038554194799705,29.578217996424652,18
123.09999999999728,0.10000000000000001,1231,50,310.23650860234449,,3.1783674086537701,4.4907512530304414,4.5036478574781036,29.573933139030235,18
123.19999999999727,0.10000000000000001,1232,50,310.23642397483695,,3.178166735725954,4.4905209813276521,4.5034401738494569,29.569687671993922,18
123.29999999999727,0.10000000000000001,1233,50,310.23633513634792,,3.1779676041070708,4.4902891769284974,4.503230945587906,29.565428569988232,18
123.39999999999726,0.10000000000000001,1234,50,310.23624207377804,,3.1777674881352111,4.4900583625941124,4.5030226969509117,29.561213092997384,18
123.49999999999726,0.10000000000000001,1235,50,310.23614486680736,,3.1775669229507502,4.4898280040683236,4.5028128069767188,29.557203403488206,18
123.59999999999725,0.10000000000000001,1236,50,310.23604384067573,,3.1773655320518781,4.4895984775787872,4.5026019818056238,29.553479193862636,18
123.69999999999725,0.10000000000000001,1237,50,310.23593942987054,,3.1771644986709857,4.489368601518791,4.5023750450811537,29.549533165602213,18
123.79999999999724,0.10000000000000001,1238,50,310.23583122934264,,3.1769636031728918,4.4891385953581864,4.502147084322071,29.545486573748626,18
123.89999999999723,0.10000000000000001,1239,50,310.23571903832953,,3.1767627667752962,4.4889085378925264,4.5019190684850399,29.54133138599018,18
123.99999999999723,0.10000000000000001,1240,50,310.23560264462856,,3.1765617273324409,4.4886755141782118,4.5016912596166438,29.537144243334392,18
124.09999999999722,0.10000000000000001,1241,50,310.23548196306587,,3.176360547586575,4.488429955919913,4.5014635950791542,29.532867208559999,18
124.19999999999722,0.10000000000000001,1242,50,310.23535681155556,,3.1761582536864643,4.488185453621341,4.5012369091688509,29.528684009275562,18
124.29999999999721,0.10000000000000001,1243,50,310.23522731191878,,3.1759537973818901,4.4879455084339046,4.5010116231607888,29.525192878606102,18
124.39999999999721,0.10000000000000001,1244,50,310.23509455544479,,3.1757448575136942,4.4877206037997182,4.5007908217160031,29.521930525912595,18
124.4999999999972,0.10000000000000001,1245,50,310.23495886309246,,3.1755299186407364,4.4875184072117067,4.5005760191907607,29.518982047809505,18
124.59999999999719,0.10000000000000001,1246,50,310.2348207104701,,3.1753114844656731,4.4872989790595392,4.5003647137071532,29.516201085202717,18
124.69999999999719,0.10000000000000001,1247,50,310.23468033206819,,3.1750903152648542,4.4870822805686679,4.5001539068160721,29.513687416365837,18
124.79999999999718,0.10000000000000001,1248,50,310.23453813173603,,3.1748667296942337,4.4868806261835301,4.4999485825732455,29.511562329978897,18
124.89999999999718,0.10000000000000001,1249,50,310.23439471707059,,3.174640890737813,4.4866812797342455,4.4997590706249202,29.50972525759822,18
124.99999999999717,0.10000000000000001,1250,50,310.23425052974846,,3.1744128103487226,4.4864841781451466,4.4995717977283514,29.507969586653811,18
125.09999999999717,0.10000000000000001,1251,50,310.23410568004812,,3.1741818498926655,4.4862899594612138,4.4993874024728102,29.506323973416318,18
125.19999999999716,0.10000000000000001,1252,50,310.23396034327891,,3.1739491299008651,4.4860975047356737,4.4992047655496146,29.504797711279188,18
125.29999999999715,0.10000000000000001,1253,50,310.23381471286842,,3.1737143963386023,4.4859070678397019,4.4990241411493379,29.503521299368114,18
125.39999999999715,0.10000000000000001,1254,50,310.23366918797666,,3.1734792924875892,4.4857170076606776,4.4988438875168617,29.502432047249805,18
125.49999999999714,0.10000000000000001,1255,50,310.23352404579731,,3.1732452588200157,4.4855258855460765,4.4986625654575478,29.501352666940615,18
125.59999999999714,0.10000000000000001,1256,50,310.23337926723576,,3.1730136403355225,4.4853323581352882,4.4984788311118606,29.500254572871597,18
125.69999999999713,0.10000000000000001,1257,50,310.23323478784818,,3.1727841050597045,4.4851367568942848,4.4982930162886099,29.499091794769377,18
125.79999999999713,0.10000000000000001,1258,50,310.23309046667447,,3.1725584199567782,4.4849373169527871,4.4981033553944068,29.497866591139484,18
125.89999999999712,0.10000000000000001,1259,50,310.23294615094409,,3.1723346115407098,4.4847360091811481,4.4979123862714827,29.496593388583147,18
125.99999999999712,0.10000000000000001,1260,50,310.23280171524874,,3.1721116451931359,4.4845334056159309,4.4977233070378695,29.495309264720316,18
126.09999999999711,0.10000000000000001,1261,50,310.23265710176099,,3.1718911847839397,4.4843230596029384,4.4975269247410061,29.494365689060473,18
126.1999999999971,0.10000000000000001,1262,50,310.23251282580185,,3.1716714411131335,4.4841120038835296,4.4973298216716051,29.493407574645804,18
126.2999999999971,0.10000000000000001,1263,50,310.23236881209209,,3.1714505958216277,4.4839007583444719,4.4971338146728002,29.492418338871516,18
126.39999999999709,0.10000000000000001,1264,50,310.23222494338165,,3.1712300336941301,4.4836791425745517,4.4969375197080899,29.491407323468813,18
126.49999999999709,0.10000000000000001,1265,50,310.23208113212394,,3.1710088791877293,4.4834581217473124,4.4967420020720326,29.490378628969786,18
126.59999999999708,0.10000000000000001,1266,50,310.23193729836976,,3.1707866703940866,4.4832381571841253,4.4965479120385385,29.489345134182273,18
126.69999999999708,0.10000000000000001,1267,50,310.2317933803098,,3.1705623915322558,4.4830202634091725,4.4963558867356079,29.488330854606623,18
126.79999999999707,0.10000000000000001,1268,50,310.23164934659599,,3.1703377008118414,4.4828027843566813,4.4961642688535655,29.487365735825552,18
126.89999999999706,0.10000000000000001,1269,50,310.23150520947985,,3.1701129317353134,4.4825853869188981,4.4959727249027326,29.486454473079025,18
126.99999999999706,0.10000000000000001,1270,50,310.23136098766531,,3.169885392582847,4.4823707593900846,4.4957839451477808,29.485681194707904,18
127.09999999999705,0.10000000000000001,1271,50,310.23121684898456,,3.1696548320547366,4.4821591528550044,4.4955883477489955,29.485034406839194,18
127.19999999999705,0.10000000000000001,1272,50,310.23107294289713,,3.1694204271218869,4.4819513894159178,4.4953879166459521,29.484545954797674,18
127.29999999999704,0.10000000000000001,1273,50,310.23092947411686,,3.1691828827764326,4.4817467651172214,4.4951700936203709,29.48385742643773,18
127.39999999999704,0.10000000000000001,1274,50,310.23078605942828,,3.1689417314937414,4.4815457469882958,4.4949549919155913,29.483164774146424,18
127.49999999999703,0.10000000000000001,1275,50,310.23064264165481,,3.1686968234416328,4.48134848478366,4.4947436525876858,29.482527070346713,18
127.59999999999702,0.10000000000000001,1276,50,310.23049925852968,,3.1684480893359073,4.4811511797188626,4.4945361444807688,29.482030609485772,18
127.69999999999702,0.10000000000000001,1277,50,310.23035608632938,,3.168195838472406,4.4809407382524089,4.4943321581409608,29.481585959475318,18
127.79999999999701,0.10000000000000001,1278,50,310.23021314942116,,3.1679384460157456,4.4807355438387066,4.4941335096756134,29.481519869853116,18
127.89999999999701,0.10000000000000001,1279,50,310.23007101628144,,3.1676727947129475,4.4805432510545264,4.4939441762660053,29.484023269143439,18
127.999999999997,0.10000000000000001,1280,50,310.22993378780694,,3.1674012950607193,4.4803692068788861,4.4937606932747123,29.486806279776125,18
128.09999999999701,0.10000000000000001,1281,50,310.22980176808335,,3.1671195888163153,4.4802089514958778,4.4935874154350861,29.489879583864642,18
128.199999999997,0.10000000000000001,1282,50,310.22967534694226,,3.166833054694421,4.4800360579129892,4.4934189677742298,29.493116429783054,18
128.299999999997,0.10000000000000001,1283,50,310.22955471542093,,3.1665439677024185,4.4798657183277921,4.4932536941951771,29.496583751462616,18
128.39999999999699,0.10000000000000001,1284,50,310.22944017469769,,3.1662526812244884,4.4796975799138687,4.4930942410986754,29.500364028078156,18
128.49999999999699,0.10000000000000001,1285,50,310.22933216250397,,3.1659591728659722,4.4795316651074284,4.4929414852757157,29.504379854118316,18
128.59999999999698,0.10000000000000001,1286,50,310.22923098938588,,3.1656644858050256,4.4793669322055445,4.4927899104332711,29.508476140091897,18
128.69999999999698,0.10000000000000001,1287,50,310.2291367128733,,3.1653688598392415,4.4792031417279317,4.4926392770851642,29.512666601990443,18
128.79999999999697,0.10000000000000001,1288,50,310.22904941843882,,3.1650719297771879,4.4790406583788043,4.4924899502503681,29.516962450018724,18
128.89999999999696,0.10000000000000001,1289,50,310.22896921379674,,3.1647738921852255,4.4788792858590067,4.4923417336197673,29.521234151002911,18
128.99999999999696,0.10000000000000001,1290,50,310.22889600938453,,3.164475453209934,4.4787183189752957,4.4921939217063471,29.525295813480827,18
129.09999999999695,0.10000000000000001,1291,50,310.22882943354887,,3.1641778551294375,4.4785565170753081,4.4920452732652087,29.529240130594772,18
129.19999999999695,0.10000000000000001,1292,50,310.228769267769,,3.1638833756292222,4.4783916054218942,4.4918935124061301,29.533076326080621,18
129.29999999999694,0.10000000000000001,1293,50,310.22871531205647,,3.1635907879607865,4.4782248089004488,4.4917398648068358,29.536849988484217,18
129.39999999999694,0.10000000000000001,1294,50,310.22866743452585,,3.163301409351774,4.4780548118776853,4.4915830142202395,29.540563821011805,18
129.49999999999693,0.10000000000000001,1295,50,310.22862548923985,,3.1630144123703499,4.4778824404648878,4.4914258725576852,29.544233635268576,18
129.59999999999692,0.10000000000000001,1296,50,310.22858935957237,,3.1627291868892531,4.477708460740379,4.4912797333313117,29.547922818541039,18
129.69999999999692,0.10000000000000001,1297,50,310.228559040981,,3.1624449803557493,4.4775356856392561,4.4911341871619275,29.552306651388601,18
129.79999999999691,0.10000000000000001,1298,50,310.22853560870095,,3.1621591599843226,4.477366187531775,4.4909902529086141,29.556725059453246,18
129.89999999999691,0.10000000000000001,1299,50,310.22851902234311,,3.1618701030372858,4.4772000526765554,4.4908495521530947,29.561142101121828,18
129.9999999999969,0.10000000000000001,1300,50,310.22850916750104,,3.1615808875644369,4.4770350945451929,4.4907090090286363,29.565566949536745,18
130.0999999999969,0.10000000000000001,1301,50,310.22850596057896,,3.1612914517598747,4.476870370766421,4.4905605456631799,29.570004601292169,18
130.19999999999689,0.10000000000000001,1302,50,310.2285093376945,,3.1610013400463837,4.4767073843230198,4.4903965890247992,29.574471641085037,18
130.29999999999688,0.10000000000000001,1303,50,310.22851926441143,,3.1607118175902196,4.4765438139920528,4.4902320412413594,29.579000703767363,18
130.39999999999688,0.10000000000000001,1304,50,310.22853576847831,,3.160421667182455,4.4763808753608494,4.4900681186276072,29.583632418877453,18
130.49999999999687,0.10000000000000001,1305,50,310.2285589437123,,3.1601295018665709,4.4762199536097622,4.4899062073093585,29.588368026561589,18
130.59999999999687,0.10000000000000001,1306,50,310.22858888387822,,3.1598343032601806,4.476062065878744,4.4897473252203808,29.593229670585789,18
130.69999999999686,0.10000000000000001,1307,50,310.22862572526873,,3.1595366156310805,4.4759066686326392,4.4895972526380303,29.598209309849512,18
130.79999999999686,0.10000000000000001,1308,50,310.22866959855833,,3.1592365234898327,4.4757536774928992,4.4894553455260073,29.603332046739901,18
130.89999999999685,0.10000000000000001,1309,50,310.22872068103743,,3.1589337033068876,4.475603415627071,4.4893067350661902,29.608279155055413,18
130.99999999999685,0.10000000000000001,1310,50,310.22877862307848,,3.1586278859691026,4.4754561518452869,4.4891608043678275,29.613217014421338,18
131.09999999999684,0.10000000000000001,1311,50,310.22884334939613,,3.1583190018540011,4.4753119557376193,4.4890179467913045,29.618192512699025,18
131.19999999999683,0.10000000000000001,1312,50,310.22891485888925,,3.1580070516617513,4.4751692153734872,4.488878161007376,29.62327838174058,18
131.29999999999683,0.10000000000000001,1313,50,310.22899326696165,,3.1576921027689004,4.4750222064298972,4.4887413791143471,29.628393601515754,18
131.39999999999682,0.10000000000000001,1314,50,310.22907855005417,,3.1573738650063996,4.4748766230215935,4.4886043603881669,29.633705281858184,18
131.49999999999682,0.10000000000000001,1315,50,310.22917096198728,,3.1570511217689052,4.4747145775335531,4.4884525686132761,29.639443476848477,18
131.59999999999681,0.10000000000000001,1316,50,310.22927112665002,,3.156725214945042,4.4745557000046814,4.4883039429426725,29.645326427401702,18
131.69999999999681,0.10000000000000001,1317,50,310.22937927128112,,3.1563929987701083,4.4744346093075427,4.4881616261462804,29.651478350198008,18
131.7999999999968,0.10000000000000001,1318,50,310.22949565461454,,3.1560583263656898,4.4743046731171807,4.4880217678427075,29.657758552082122,18
131.89999999999679,0.10000000000000001,1319,50,310.22962039140145,,3.1557215444475082,4.4741768480197797,4.4878802472401107,29.664265918212259,18
131.99999999999679,0.10000000000000001,1320,50,310.22975376394493,,3.1553825719890911,4.4740512149202392,4.4877450650830344,29.671121694491799,18
132.09999999999678,0.10000000000000001,1321,50,310.22989625673728,,3.1550419484467627,4.4739272350883876,4.4876342546865198,29.678249111342073,18
132.19999999999678,0.10000000000000001,1322,50,310.2300482332966,,3.1547019784697552,4.473802606922221,4.4875227946824809,29.685437574880456,18
132.29999999999677,0.10000000000000001,1323,50,310.23020970462591,,3.1543649206113686,4.4736750747869811,4.4874084281960345,29.692704319741303,18
132.39999999999677,0.10000000000000001,1324,50,310.23038069259042,,3.1540277287300813,4.4735476806100287,4.4872941988615587,29.700067528005288,18
132.49999999999676,0.10000000000000001,1325,50,310.23056129124251,,3.1536913153214239,4.4734195134287456,4.4871791948397002,29.707565757913962,18
132.59999999999675,0.10000000000000001,1326,50,310.2307515800224,,3.1533545429208658,4.4732917087519537,4.4870645526607369,29.715103106638889,18
132.69999999999675,0.10000000000000001,1327,50,310.23095152081385,,3.1530181007066655,4.4731635782641037,4.4869495836597713,29.72262892196245,18
132.79999999999674,0.10000000000000001,1328,50,310.23116099796022,,3.1526838038630585,4.4730333091093177,4.4868324740058787,29.730139314104441,18
132.89999999999674,0.10000000000000001,1329,50,310.23137990472532,,3.1523503690672907,4.4729021827440869,4.4867145059241267,29.737619833262205,18
132.99999999999673,0.10000000000000001,1330,50,310.23160811552037,,3.1520175937751045,4.4727704013536433,4.4865958817563376,29.74507722120595,18
133.09999999999673,0.10000000000000001,1331,49.999999999999993,310.23184551731151,,3.1516864092803156,4.4726370347815774,4.4864782345233305,29.752518065956306,18
133.19999999999672,0.10000000000000001,1332,50,310.23209201637911,,3.15135553763082,4.472502366234969,4.4863722954251886,29.759911241159077,18
133.29999999999671,0.10000000000000001,1333,50.000000000000007,310.23234747964943,,3.1510206932685909,4.4723628734381533,4.4862599480186871,29.767092527504357,18
133.39999999999671,0.10000000000000001,1334,50,310.23261152260432,,3.1506813489266579,4.472236753772866,4.486152098033565,29.77434580682614,18
133.4999999999967,0.10000000000000001,1335,50,310.23288423919627,,3.1503303791544432,4.4721200678349584,4.4860558661487815,29.781696607692396,18
133.5999999999967,0.10000000000000001,1336,50,310.23316574865186,,3.1499758975520837,4.4719899291153329,4.485963145536096,29.789136676992094,18
133.69999999999669,0.10000000000000001,1337,50,310.23345615838281,,3.1496192955557105,4.4718620166714498,4.4858657156385195,29.796655699673252,18
133.79999999999669,0.10000000000000001,1338,50,310.2337555486522,,3.1492602907830283,4.4717445627993211,4.4857571228544169,29.804245928838434,18
133.89999999999668,0.10000000000000001,1339,50,310.23406397600104,,3.1488994906390149,4.4716289067842956,4.4856503272778561,29.811905727438784,18
133.99999999999667,0.10000000000000001,1340,50,310.2343814887281,,3.1485396527858942,4.4715122944004584,4.4855425731494183,29.819616340496712,18
134.09999999999667,0.10000000000000001,1341,50,310.23470808843609,,3.1481833726366801,4.4713921333412996,4.4854312667316689,29.827335573881978,18
134.19999999999666,0.10000000000000001,1342,50,310.2350436838654,,3.1478270295231408,4.4712720393334759,4.485320025997475,29.835097387955244,18
134.29999999999666,0.10000000000000001,1343,50,310.23538824178206,,3.1474715534299778,4.4711510834323684,4.4852079215327496,29.842796282064633,18
134.39999999999665,0.10000000000000001,1344,50,310.23574156205268,,3.1471154349226618,4.4710307729570893,4.4850964616380615,29.850385199417918,18
134.49999999999665,0.10000000000000001,1345,50,310.23610339129328,,3.146759081401477,4.4709107009243452,4.4849821101321963,29.857765733628778,18
134.59999999999664,0.10000000000000001,1346,50,310.23647332131674,,3.146402806095391,4.470790554393079,4.4848676267630827,29.865036594144339,18
134.69999999999663,0.10000000000000001,1347,50,310.2368511116631,,3.1460465438917424,4.4706703982625671,4.4847531338406545,29.872250413169315,18
134.79999999999663,0.10000000000000001,1348,50,310.2372366088531,,3.1456901532158987,4.4705499189292892,4.4846387726166252,29.879448371708531,18
134.89999999999662,0.10000000000000001,1349,50,310.23762972591152,,3.1453337675202597,4.470427414668916,4.4845248477999453,29.886588273838179,18
134.99999999999662,0.10000000000000001,1350,50,310.23803030557968,,3.1449764445028028,4.4703057392210415,4.4844139592894221,29.893810325542692,18
135.09999999999661,0.10000000000000001,1351,50,310.23843842940153,,3.1446159281433346,4.4701859743945223,4.4843056680143318,29.901454267680105,18
135.19999999999661,0.10000000000000001,1352,50,310.23885476585554,,3.1442527557122655,4.4700688654874572,4.4842000317826969,29.909172502522861,18
135.2999999999966,0.10000000000000001,1353,50,310.2392794192258,,3.143883083178256,4.469958247401304,4.4841008920178123,29.916961822172699,18
135.3999999999966,0.10000000000000001,1354,50,310.23971250013858,,3.1435110398969739,4.4698499700614125,4.4840041229276855,29.924809427687862,18
135.49999999999659,0.10000000000000001,1355,50,310.24015409337301,,3.1431380664221047,4.4697426254191654,4.4839086710966578,29.932707492194073,18
135.59999999999658,0.10000000000000001,1356,50,310.24060425822023,,3.1427642483716998,4.4696361278892338,4.4838148318421052,29.940653895538677,18
135.69999999999658,0.10000000000000001,1357,50,310.24106304380661,,3.1423896166546141,4.4695304466442796,4.4837218077924517,29.948644168403167,18
135.79999999999657,0.10000000000000001,1358,50,310.24153048438836,,3.1420152563144281,4.4694244978954902,4.4836285146182355,29.956660623589414,18
135.89999999999657,0.10000000000000001,1359,50,310.24200657546623,,3.1416423570683953,4.4693083009053831,4.4835337632334786,29.964663902804674,18
135.99999999999656,0.10000000000000001,1360,50,310.24249123361392,,3.1412693914498129,4.4691793135368707,4.4834390800038548,29.972684272367392,18
136.09999999999656,0.10000000000000001,1361,50,310.24298442501458,,3.1408968134283057,4.469049940180911,4.4833442816589129,29.980728785984681,18
136.19999999999655,0.10000000000000001,1362,50,310.24348612434596,,3.1405239083809064,4.4689208949735724,4.4832500873070824,29.988814630652541,18
136.29999999999654,0.10000000000000001,1363,50,310.24399633728279,,3.1401508141988739,4.4687920401411771,4.4831389018988812,29.996719718221641,18
136.39999999999654,0.10000000000000001,1364,50,310.24451470521393,,3.1397777595861838,4.468663147131136,4.4830275599446718,30.004534408482034,18
136.49999999999653,0.10000000000000001,1365,50,310.24504102357491,,3.1394048525551295,4.4685341079913101,4.4829160721002133,30.012271836642711,18
136.59999999999653,0.10000000000000001,1366,50,310.24557511301327,,3.1390321312724412,4.4684048845720961,4.4828044001231468,30.019973034039538,18
136.69999999999652,0.10000000000000001,1367,50,310.24611686487788,,3.1386595167615408,4.4682747562220912,4.482692622835625,30.027593324727903,18
136.79999999999652,0.10000000000000001,1368,50,310.24666609765018,,3.1382869061364129,4.4681393134544294,4.4825809699480734,30.03522087809451,18
136.89999999999651,0.10000000000000001,1369,50,310.24722278037615,,3.1379129589278825,4.468005888476223,4.4824713586146059,30.042904393105395,18
136.9999999999965,0.10000000000000001,1370,50,310.24778696761695,,3.137536753294091,4.4678747212382008,4.4823640047115978,30.05062638343836,18
137.0999999999965,0.10000000000000001,1371,50,310.24835867526042,,3.1371578439608108,4.467746256762152,4.4822593530048369,30.058465371504376,18
137.19999999999649,0.10000000000000001,1372,50,310.2489380500686,,3.1367784895851196,4.4676182380374163,4.4821551465806841,30.066331395359043,18
137.29999999999649,0.10000000000000001,1373,50,310.24952509214381,,3.1363987119158407,4.4674906433428294,4.4820468722851459,30.074299671564908,18
137.39999999999648,0.10000000000000001,1374,50,310.25011992708698,,3.1360181815223749,4.467363801891004,4.4819368837413265,30.082462590943933,18
137.49999999999648,0.10000000000000001,1375,50,310.25072283024849,,3.1356372599489895,4.4672373524427851,4.4818421545186968,30.090794248803505,18
137.59999999999647,0.10000000000000001,1376,50,310.25133403276647,,3.1352541952782089,4.4671130456986186,4.4817495685273254,30.099152856991481,18
137.69999999999646,0.10000000000000001,1377,50,310.2519535408735,,3.1348675158029806,4.4669944709046332,4.4816605962905429,30.10755970465938,18
137.79999999999646,0.10000000000000001,1378,50,310.25258141530503,,3.1344797430261151,4.4668970692832328,4.4815727184496721,30.116014893917153,18
137.89999999999645,0.10000000000000001,1379,50,310.25321771578996,,3.1340902838470139,4.4668032477222974,4.4814865276223115,30.12466267320206,18
137.99999999999645,0.10000000000000001,1380,50,310.25386272839455,,3.1337005159808622,4.4667097377167595,4.4814006472502985,30.133491450455114,18
138.09999999999644,0.10000000000000001,1381,50,310.25451669677739,,3.133310706846399,4.4666162719891584,4.4813148101135365,30.142379532149807,18
138.19999999999644,0.10000000000000001,1382,50,310.25517965787151,,3.1329244486368757,4.4665192606782904,4.4812254269470415,30.151307737969915,18
138.29999999999643,0.10000000000000001,1383,50,310.25585161744959,,3.1325399256777953,4.4664205181369967,4.481134311808737,30.160235726869242,18
138.39999999999642,0.10000000000000001,1384,50,310.25653250468258,,3.1321635735053999,4.4663136129747718,4.4810350343824679,30.169149289082,18
138.49999999999642,0.10000000000000001,1385,50,310.25722217344855,,3.1317901117774101,4.4662004641388364,4.4809351861518589,30.178065547842163,18
138.59999999999641,0.10000000000000001,1386,50,310.2579205139952,,3.1314175940958986,4.4660611253247957,4.4808419492657752,30.186964048620741,18
138.69999999999641,0.10000000000000001,1387,50,310.25862740322549,,3.1310490964629221,4.465906838043459,4.4807334454842787,30.195501957592395,18
138.7999999999964,0.10000000000000001,1388,50,310.25934218183187,,3.1306771175789367,4.4657560288729092,4.480628421391871,30.204026549809189,18
138.8999999999964,0.10000000000000001,1389,50,310.26006473364367,,3.130302320035808,4.4656080358920889,4.4805262152053924,30.212560617739879,18
138.99999999999639,0.10000000000000001,1390,50,310.26079497739602,,3.1299268346786091,4.4654607297398954,4.4804246979030289,30.221112164047469,18
139.09999999999638,0.10000000000000001,1391,50,310.26153285192464,,3.1295509402502706,4.4653138318529431,4.4803171755096187,30.229679662845175,18
139.19999999999638,0.10000000000000001,1392,50,310.26227830536658,,3.1291744770355665,4.4651675018612371,4.4801974793829897,30.238279504062973,18
139.29999999999637,0.10000000000000001,1393,50,310.26303131771579,,3.1287978338992222,4.465021351131166,4.4800779631986973,30.24693504353311,18
139.39999999999637,0.10000000000000001,1394,50,310.26379190882409,,3.1284166093908548,4.4648797787606176,4.4799630255103704,30.255688712160666,18
139.49999999999636,0.10000000000000001,1395,50,310.2645601903198,,3.12802678456725,4.46475442363763,4.4798566831390199,30.264552735482074,18
139.59999999999636,0.10000000000000001,1396,50,310.26533633747863,,3.1276345621546051,4.4646284101723293,4.4797527379985533,30.27343576035743,18
139.69999999999635,0.10000000000000001,1397,50,310.26612037894796,,3.1272387360769924,4.4645059995959926,4.4796559152549467,30.282334678080218,18
139.79999999999634,0.10000000000000001,1398,50,310.26691235110877,,3.1268427166511712,4.4643837835524751,4.4795631570228283,30.29125288851175,18
139.89999999999634,0.10000000000000001,1399,50,310.26771228390874,,3.1264466109033493,4.4642616550386833,4.4794616620953018,30.300029474965797,18
139.99999999999633,0.10000000000000001,1400,50,310.26851993098813,,3.126050546772968,4.4641394861594215,4.4793601258026978,30.308737527217424,18
140.09999999999633,0.10000000000000001,1401,50,310.26933516334236,,3.1256548051968158,4.4640169961239806,4.4792582673823755,30.31738611592484,18
140.19999999999632,0.10000000000000001,1402,50,310.27015786568586,,3.1252592720608021,4.4638942989477197,4.4791562008582941,30.326000766854563,18
140.29999999999632,0.10000000000000001,1403,50,310.27098796368489,,3.1248640495195525,4.4637732652370037,4.4790538241317135,30.334546138916465,18
140.39999999999631,0.10000000000000001,1404,50,310.27182532331591,,3.124469021239884,4.4636622419778833,4.4789484333661713,30.343090341334921,18
140.49999999999631,0.10000000000000001,1405,50,310.27266992596986,,3.1240743942754055,4.4635352968152171,4.4788266756173156,30.351495607431055,18
140.5999999999963,0.10000000000000001,1406,50,310.27352153697535,,3.1236803347041033,4.4634077855691991,4.4787043509818734,30.359855141252442,18
140.69999999999629,0.10000000000000001,1407,50,310.27438007427241,,3.1232870780268893,4.4632794729133431,4.478581224159246,30.368267117457069,18
140.79999999999629,0.10000000000000001,1408,50,310.27524561829699,,3.1228944785992718,4.4631505043336839,4.478457440642007,30.376671781860765,18
140.89999999999628,0.10000000000000001,1409,50,310.2761181489729,,3.1225022718597946,4.4630211441392822,4.4783332634977704,30.385129690781621,18
140.99999999999628,0.10000000000000001,1410,50,310.27699774304295,,3.1221103259111702,4.4628915240758786,4.4782161321281153,30.393679977330024,18
141.09999999999627,0.10000000000000001,1411,50,310.27788454141501,,3.1217187019438968,4.4627615829933411,4.4781192511845687,30.402285457129928,18
141.19999999999627,0.10000000000000001,1412,50,310.27877862812937,,3.1213267886362761,4.4626146729788916,4.4780226611188718,30.410752590618806,18
141.29999999999626,0.10000000000000001,1413,50,310.27967977856071,,3.1209342581053217,4.4624446588358753,4.477926689489399,30.419046298418799,18
141.39999999999625,0.10000000000000001,1414,50,310.28058772267434,,3.1205413510492965,4.4622997823632069,4.477831095783122,30.427379612187099,18
141.49999999999625,0.10000000000000001,1415,50,310.28150253220508,,3.1201477007196203,4.4621590733510965,4.4777362464056099,30.435773011814589,18
141.59999999999624,0.10000000000000001,1416,50,310.28242430090791,,3.1197536544907361,4.4620187595033833,4.4776417942606024,30.44418727875486,18
141.69999999999624,0.10000000000000001,1417,50,310.28335305182361,,3.1193592274995945,4.4618788257065223,4.4775477242049719,30.452620744647888,18
141.79999999999623,0.10000000000000001,1418,50,310.28428880179632,,3.118965233166898,4.461738459152814,4.4774532234790581,30.461065438562613,18
141.89999999999623,0.10000000000000001,1419,50,310.28523154466097,,3.1185717191976545,4.461597612132354,4.4773582443786708,30.469522497998856,18
141.99999999999622,0.10000000000000001,1420,50,310.28618126758545,,3.1181822275106943,4.4614527452728163,4.4772592479667903,30.477983168058099,18
142.09999999999621,0.10000000000000001,1421,50,310.28713791283315,,3.117792817976655,4.4613039404907182,4.4771591101516259,30.486451080166379,18
142.19999999999621,0.10000000000000001,1422,50,310.28810142249233,,3.117403010836008,4.4611291059759779,4.4770558585032143,30.494934470318235,18
142.2999999999962,0.10000000000000001,1423,50,310.28907175605457,,3.1170150099265923,4.4609519338283965,4.4769502680028106,30.504681011553927,18
142.3999999999962,0.10000000000000001,1424,50,310.29005086830432,,3.1166243796444109,4.4607773875161882,4.476847305583143,30.514516876627084,18
142.49999999999619,0.10000000000000001,1425,50,310.29103873995194,,3.1162319817966138,4.4606046059241242,4.4767461103072224,30.524354628676413,18
142.59999999999619,0.10000000000000001,1426,50,310.29203523276226,,3.11583908595194,4.4604323203811092,4.4766454136851914,30.534198092292264,18
142.69999999999618,0.10000000000000001,1427,50,310.29304023901182,,3.1154460778620381,4.4602601453966111,4.4765427423917137,30.54404677967074,18
142.79999999999617,0.10000000000000001,1428,50,310.29405367038692,,3.1150533990875147,4.4600876396915039,4.476435595591429,30.553884676606003,18
142.89999999999617,0.10000000000000001,1429,50,310.29507543132985,,3.114660226997982,4.4599156253584988,4.4763289422045816,30.563690427855242,18
142.99999999999616,0.10000000000000001,1430,50,310.29610539698189,,3.1142639828698622,4.4597466795883811,4.4762253592524033,30.57339657735557,18
143.09999999999616,0.10000000000000001,1431,50,310.2971433543139,,3.1138642629712172,4.4596024319680394,4.4761252504374527,30.58294820867264,18
143.19999999999615,0.10000000000000001,1432,50,310.29818903995277,,3.113463607981954,4.4594544472919182,4.4760260769392657,30.592495217703291,18
143.29999999999615,0.10000000000000001,1433,50,310.29924243894374,,3.1130613788800554,4.4593080351980721,4.4759296473226859,30.602032982860042,18
143.39999999999614,0.10000000000000001,1434,50,310.30030352917163,,3.1126592966338782,4.4591614758799709,4.4758331037771315,30.61156737498888,18
143.49999999999613,0.10000000000000001,1435,50,310.30137229098233,,3.1122579375402708,4.4590141934653973,4.4757140293348954,30.62089574600067,18
143.59999999999613,0.10000000000000001,1436,50,310.30244836740889,,3.1118572280627959,4.4588662614583265,4.4755943051460783,30.630121497276864,18
143.69999999999612,0.10000000000000001,1437,50,310.30353157403459,,3.1114575704296565,4.458717277956052,4.4754735293177834,30.63925840104713,18
143.79999999999612,0.10000000000000001,1438,50,310.3046217504999,,3.1110584860961463,4.4585677211677321,4.4753521800818437,30.648335232677837,18
143.89999999999611,0.10000000000000001,1439,50,310.30571878262333,,3.1106599981579794,4.4584182777706669,4.4752302343850694,30.657314420712449,18
143.99999999999611,0.10000000000000001,1440,50,310.30682249224429,,3.1102613658043654,4.458272950608694,4.4751076725679049,30.666370145314716,18
144.0999999999961,0.10000000000000001,1441,50,310.30793299206391,,3.109860193917096,4.4581258951145291,4.4749832597192301,30.677144567698615,18
144.19999999999609,0.10000000000000001,1442,50,310.30905303887653,,3.1094561676152606,4.4579816911700068,4.4748616987240517,30.688004340861397,18
144.29999999999609,0.10000000000000001,1443,50,310.31018266151818,,3.1090473610367031,4.4578422629614334,4.4747449135995545,30.698887254075224,18
144.39999999999608,0.10000000000000001,1444,50,310.31132180391438,,3.1086386895365345,4.4577026991054431,4.4746279931480188,30.709756709233524,18
144.49999999999608,0.10000000000000001,1445,50,310.31247036957387,,3.1082305702022461,4.4575625828329493,4.4745016116113154,30.720653849330258,18
144.59999999999607,0.10000000000000001,1446,50,310.31362834072166,,3.1078224766586739,4.4574224400649651,4.4743615870257294,30.731621057659769,18
144.69999999999607,0.10000000000000001,1447,50,310.31479577138612,,3.1074161465395482,4.4572805346288655,4.4742353076254808,30.742678851503449,18
144.79999999999606,0.10000000000000001,1448,50,310.3159727617151,,3.1070083032714022,4.4570966390017723,4.4741105399657037,30.753736998938646,18
144.89999999999606,0.10000000000000001,1449,50,310.31715927336433,,3.1065967289489835,4.4568664165085723,4.4739895002799246,30.764809405615246,18
144.99999999999605,0.10000000000000001,1450,50,310.31835530352032,,3.1061845010918194,4.456653293840116,4.4738691136691582,30.775893144376056,18
145.09999999999604,0.10000000000000001,1451,50,310.31956084307058,,3.1057708881384323,4.45644492944467,4.4737556176138726,30.787156675622636,18
145.19999999999604,0.10000000000000001,1452,50,310.32077614909946,,3.1053579169746532,4.4562359213934988,4.4736501725051703,30.798594662518642,18
145.29999999999603,0.10000000000000001,1453,50,310.32200145212744,,3.1049450230921956,4.4560268336619053,4.473544651038357,30.810089223347813,18
145.39999999999603,0.10000000000000001,1454,50,310.32323678480958,,3.104533889858847,4.4558159841142748,4.4734373711068756,30.821617568794373,18
145.49999999999602,0.10000000000000001,1455,50,310.32448213743157,,3.1041238924763555,4.4556039970026697,4.4733289569734795,30.833140427748145,18
145.59999999999602,0.10000000000000001,1456,50,310.32573743035658,,3.1037200288995024,4.4553858780807261,4.473214414449779,30.844649975117981,18
145.69999999999601,0.10000000000000001,1457,50,310.32700253160561,,3.103316988157951,4.455178595332149,4.4730990503700596,30.856154328784566,18
145.799999999996,0.10000000000000001,1458,50,310.32827731689139,,3.1029155180438281,4.4550422907692493,4.4729759762006358,30.867690295123911,18
145.899999999996,0.10000000000000001,1459,50,310.3295617475822,,3.1025184137868438,4.4548664867960772,4.4728127122955508,30.88016574291348,18
145.99999999999599,0.10000000000000001,1460,50,310.33085723942668,,3.1021202298926642,4.4546917596813049,4.4726505267956362,30.89269043722442,18
146.09999999999599,0.10000000000000001,1461,50,310.33216371362425,,3.1017255934616466,4.4545134860853128,4.4724847968179837,30.905265636046735,18
146.19999999999598,0.10000000000000001,1462,50,310.33348115890271,,3.1013325710698787,4.4543335979948919,4.4723174540587634,30.917833919901579,18
146.29999999999598,0.10000000000000001,1463,50,310.33480950123521,,3.1009403095497521,4.4541529480064463,4.472154505252834,30.930457053030359,18
146.39999999999597,0.10000000000000001,1464,50,310.33614877025411,,3.1005490857807665,4.4539712594895011,4.472027430261849,30.943182661754939,18
146.49999999999596,0.10000000000000001,1465,50,310.33749908076709,,3.1001596055147149,4.4537878271983926,4.4719110542969371,30.956039875359441,18
146.59999999999596,0.10000000000000001,1466,50,310.33886060725433,,3.0997668313635982,4.4535488511724495,4.471797919809708,30.968906017467937,18
146.69999999999595,0.10000000000000001,1467,50,310.34023332900802,,3.0993693744536719,4.4532539092107433,4.4716886535014639,30.981807383898641,18
146.79999999999595,0.10000000000000001,1468,50,310.34161727418751,,3.0989704443517505,4.4529830323357631,4.4715808612883752,30.994728481661557,18
146.89999999999594,0.10000000000000001,1469,50,310.34301244409022,,3.0985686687262453,4.4527206938996917,4.4714614830773955,31.007692208741997,18
146.99999999999594,0.10000000000000001,1470,50,310.3444188778048,,3.0981667664219392,4.4524584796186586,4.4713415104953507,31.020662295217534,18
147.09999999999593,0.10000000000000001,1471,50,310.34583654830539,,3.097764574394128,4.452196552171972,4.4712218286026735,31.033632885980403,18
147.19999999999592,0.10000000000000001,1472,50,310.34726541585127,,3.0973580819626796,4.4519389196200949,4.4711064462548089,31.046590747163158,18
147.29999999999592,0.10000000000000001,1473,50,310.34870538958228,,3.096951431914726,4.4516814414555146,4.4709912227002206,31.059545730992145,18
147.39999999999591,0.10000000000000001,1474,50,310.35015639540654,,3.0965438720331879,4.4514248694161243,4.4708769098017438,31.072495996246207,18
147.49999999999591,0.10000000000000001,1475,50,310.35161835732413,,3.0961320950537194,4.451187308015804,4.4707668133263185,31.085431564125507,18
147.5999999999959,0.10000000000000001,1476,50,310.35309115947717,,3.0957205924802151,4.4510527098238786,4.4706564439664849,31.098626608207304,18
147.6999999999959,0.10000000000000001,1477,50,310.35457513592496,,3.0953057120362395,4.4509328389138476,4.4705354882883093,31.115390994159988,18
147.79999999999589,0.10000000000000001,1478,50,310.35607591891687,,3.0948853144245341,4.4508184781299445,4.4704187740328729,31.132349755015898,18
147.89999999999588,0.10000000000000001,1479,50,310.35759348339121,,3.0944641868506233,4.4507048429109375,4.4703061639911468,31.14929205953656,18
147.99999999999588,0.10000000000000001,1480,50,310.35912751707502,,3.0940449401158214,4.4505893235256337,4.4701924129692507,31.166220664715297,18
148.09999999999587,0.10000000000000001,1481,50,310.36067778682605,,3.0936269098812641,4.4504725842479971,4.4700774440175639,31.183139295833676,18
148.19999999999587,0.10000000000000001,1482,50,310.36224409867401,,3.0932100147076529,4.450354706581698,4.4699613384891936,31.200046198652114,18
148.29999999999586,0.10000000000000001,1483,50,310.36382627830636,,3.0927993882567435,4.4502305572158312,4.469838966166547,31.216951147095752,18
148.39999999999586,0.10000000000000001,1484,50,310.36542422019028,,3.0923847366585395,4.450010941011981,4.4697206139042907,31.233822656688311,18
148.49999999999585,0.10000000000000001,1485,50,310.3670378035668,,3.0919613842566815,4.44968061602696,4.4696109534602968,31.25064560595569,18
148.59999999999584,0.10000000000000001,1486,50,310.36866690748559,,3.0915356286912976,4.4493299976792979,4.4695036914287485,31.267434555898546,18
148.69999999999584,0.10000000000000001,1487,50,310.37031143225198,,3.0911061446876764,4.4489831103999684,4.4693943847632083,31.28437148778718,18
148.79999999999583,0.10000000000000001,1488,50,310.371971570178,,3.0906789751764503,4.4486339109645705,4.4692873861945763,31.301455061290063,18
148.89999999999583,0.10000000000000001,1489,50,310.37364749670883,,3.0902521961176177,4.44828432229433,4.4691799996751449,31.318342735203888,18
148.99999999999582,0.10000000000000001,1490,50,310.37533881718588,,3.0898280604904516,4.4479320913853719,4.469069973849515,31.335149127345968,18
149.09999999999582,0.10000000000000001,1491,50,310.37704532096416,,3.0894057802762873,4.447578005804889,4.4689580960659967,31.351853098160628,18
149.19999999999581,0.10000000000000001,1492,50,310.37876675771827,,3.0889916780353968,4.4472157447508414,4.4688380481449759,31.368464452593766,18
149.2999999999958,0.10000000000000001,1493,50,310.38050284016441,,3.0885784714357953,4.4468518507377759,4.46871710690783,31.384964660438541,18
149.3999999999958,0.10000000000000001,1494,50,310.38225323478207,,3.088167887087117,4.4464758719825115,4.4685955997197038,31.401446639738804,18
149.49999999999579,0.10000000000000001,1495,50,310.3840177955006,,3.0877623516328807,4.4460712814566632,4.4684702169691874,31.418036650550523,18
149.59999999999579,0.10000000000000001,1496,50,310.38579659360289,,3.08735180834057,4.4456716962363263,4.4683471522968752,31.434614877638634,18
149.69999999999578,0.10000000000000001,1497,50,310.38758945675784,,3.0869422172164835,4.445271158262055,4.4682231423625485,31.451255668370408,18
149.79999999999578,0.10000000000000001,1498,50,310.38939638340548,,3.0865329297260042,4.4448703157593972,4.4680988350829862,31.467905455132204,18
149.89999999999577,0.10000000000000001,1499,50,310.39121730172343,,3.0861241558146935,4.4444689587756914,4.4679740205392209,31.484620315124904,18
149.99999999999577,0.10000000000000001,1500,50,310.3930522446625,,3.0857180443902719,4.4440649394863438,4.4678465509379048,31.501432311861674,18
150.09999999999576,0.10000000000000001,1501,50,310.3949013317071,,3.0853117228119866,4.4436611290969088,4.4677192969512571,31.518402532753093,18
150.19999999999575,0.10000000000000001,1502,50,310.3967647759888,,3.0848990333352067,4.4432636814942938,4.4675985511642526,31.535332933300424,18
150.29999999999575,0.10000000000000001,1503,50,310.39864247500242,,3.084481224045363,4.4429815903249272,4.467491915541558,31.552234184021927,18
150.39999999999574,0.10000000000000001,1504,50,310.40053439128695,,3.0840628560590084,4.4427819356086271,4.4673858403350533,31.56913715925122,18
150.49999999999574,0.10000000000000001,1505,50,310.40244054500522,,3.0836419535906687,4.4425978742365366,4.4672551143244634,31.586076654784218,18
150.59999999999573,0.10000000000000001,1506,50,310.40436101430305,,3.0832215847354103,4.4424132585250282,4.4671224937727869,31.603006256529429,18
150.69999999999573,0.10000000000000001,1507,50,310.4062957837358,,3.0828035758767398,4.442226263543839,4.4669875135418087,31.619913675641591,18
150.79999999999572,0.10000000000000001,1508,50,310.40824481226798,,3.0823787079469716,4.4420461088812342,4.466859387317661,31.636769692915902,18
150.89999999999571,0.10000000000000001,1509,50,310.41020794711693,,3.0819568818671916,4.4418628954873025,4.4667282199967895,31.653605188531561,18
150.99999999999571,0.10000000000000001,1510,50,310.41218508370616,,3.0815371126189355,4.4416776091061001,4.4665949960392402,31.670407637377174,18
151.0999999999957,0.10000000000000001,1511,50,310.41417606549828,,3.081112613694363,4.4414935769778907,4.4664664973955253,31.687167089678127,18
151.1999999999957,0.10000000000000001,1512,50,310.41618067213409,,3.0806817810229514,4.4412923029986979,4.466344776992945,31.703907055492852,18
151.29999999999569,0.10000000000000001,1513,50,310.41819868932129,,3.0802556188552974,4.441086688452283,4.4662249650551793,31.721238244365843,18
151.39999999999569,0.10000000000000001,1514,50,310.42023091230561,,3.0798353544463346,4.4408751581327905,4.4660986155453433,31.738600591374293,18
151.49999999999568,0.10000000000000001,1515,50,310.42227726734802,,3.0794248772285613,4.4406538193764789,4.4659624897806136,31.755962437966346,18
151.59999999999567,0.10000000000000001,1516,50,310.42433772241998,,3.0790144532046373,4.4404324110375892,4.465826314530462,31.773305206253799,18
151.69999999999567,0.10000000000000001,1517,50,310.4264122044824,,3.0786067583834198,4.440208255189086,4.4656874153531376,31.7906332761691,18
151.79999999999566,0.10000000000000001,1518,50,310.42850065481679,,3.0782040598960192,4.4399790828311021,4.4655435260699141,31.807948995014101,18
151.89999999999566,0.10000000000000001,1519,50,310.43060304565188,,3.077801306136557,4.43974994955353,4.4653996950392782,31.825229344126562,18
151.99999999999565,0.10000000000000001,1520,50,310.43271930237967,,3.0773971827280207,4.4394571416378916,4.4652572360402107,31.842420959912346,18
152.09999999999565,0.10000000000000001,1521,50,310.43484925312799,,3.0769918159789666,4.4390645855125301,4.4651101070863639,31.859474832196785,18
152.19999999999564,0.10000000000000001,1522,50,310.43699265183227,,3.0765870829557684,4.4386371423801592,4.4649622544469745,31.876471548700479,18
152.29999999999563,0.10000000000000001,1523,50,310.43914938482544,,3.0761837734892494,4.4382082708784862,4.4648083898164916,31.893409933098713,18
152.39999999999563,0.10000000000000001,1524,50,310.44131934073783,,3.0757811242175159,4.4377787339564208,4.4646536364839173,31.910262338890075,18
152.49999999999562,0.10000000000000001,1525,50,310.44350236390801,,3.0753772289899821,4.4373504379253736,4.4645001292652058,31.926694575148186,18
152.59999999999562,0.10000000000000001,1526,50,310.44569774044606,,3.0749622583846685,4.4369332158324832,4.4643576925763711,31.942925584164165,18
152.69999999999561,0.10000000000000001,1527,50,310.44790501377486,,3.0745480557422202,4.4365152181675471,4.4642144896005771,31.959023437866193,18
152.79999999999561,0.10000000000000001,1528,50,310.45012386159391,,3.0741310958661536,4.4360999725544819,4.464074043678937,31.974991025309503,18
152.8999999999956,0.10000000000000001,1529,50,310.45235396227076,,3.0737052344357254,4.4356966453271287,4.4639424960323151,31.990800810468134,18
152.99999999999559,0.10000000000000001,1530,50,310.45459489662477,,3.073271163447866,4.4353323656928314,4.4638191553244537,32.00652797345743,18
153.09999999999559,0.10000000000000001,1531,50,310.4568463394703,,3.0728381865109271,4.4350256789689082,4.4636901494050969,32.021095153563891,18
153.19999999999558,0.10000000000000001,1532,50,310.45910632069047,,3.0724097930652392,4.4347143914982832,4.4635561766746177,32.035541107409045,18
153.29999999999558,0.10000000000000001,1533,50,310.46137467013631,,3.0719924328023449,4.4343920510287278,4.463398185440675,32.049960378743137,18
153.39999999999557,0.10000000000000001,1534,50,310.46365149137608,,3.0715762171162773,4.4340685537575748,4.4632377929524694,32.064324368207792,18
153.49999999999557,0.10000000000000001,1535,50,310.46593680825737,,3.071164000442911,4.4337410440727059,4.4630734033654411,32.07864235148547,18
153.59999999999556,0.10000000000000001,1536,50,310.46823064035397,,3.0707593665458033,4.4334059379708597,4.4629014348541691,32.092919401226226,18
153.69999999999555,0.10000000000000001,1537,50,310.47053304165092,,3.070355904261266,4.4330696508065968,4.4627282949360367,32.107139810144041,18
153.79999999999555,0.10000000000000001,1538,50,310.47284402036837,,3.0699516230770731,4.4327341734736594,4.462555973016924,32.121262116901875,18
153.89999999999554,0.10000000000000001,1539,50,310.47516349498591,,3.0695476259842658,4.4323748660883915,4.4623833667874795,32.135275911917333,18
153.99999999999554,0.10000000000000001,1540,50,310.47749136061935,,3.0691447894030697,4.4320087992491928,4.4622096003535114,32.149210511493209,18
154.09999999999553,0.10000000000000001,1541,50,310.4798275561576,,3.0687424913312142,4.4316421772091088,4.4620212242817656,32.163034769066698,18
154.19999999999553,0.10000000000000001,1542,50,310.48217196752324,,3.0683414094737316,4.4312743230173099,4.4618303773508359,32.176711577835057,18
154.29999999999552,0.10000000000000001,1543,50,310.48452441321746,,3.0679384948155253,4.430908287617302,4.4616413627266764,32.189989242214622,18
154.39999999999552,0.10000000000000001,1544,50,310.48688426494761,,3.0675208469003228,4.4305569792333541,4.4614670745321181,32.203037564566117,18
154.49999999999551,0.10000000000000001,1545,50,310.48925105626807,,3.0671057140593661,4.4302031446512125,4.4612902744840621,32.215950944018559,18
154.5999999999955,0.10000000000000001,1546,50,310.49162448047593,,3.0666898964021074,4.4298499881248086,4.4611141607981386,32.228707158714471,18
154.6999999999955,0.10000000000000001,1547,50,310.49400415668322,,3.0662635133651519,4.4295051188052579,4.4609486097568052,32.241291453578469,18
154.79999999999549,0.10000000000000001,1548,50,310.49638959740605,,3.0658258763956843,4.4291659921703825,4.4607943107153591,32.253774169830912,18
154.89999999999549,0.10000000000000001,1549,50,310.49878037266183,,3.0653853817549921,4.4288888957726575,4.4606387370554508,32.265018912855567,18
154.99999999999548,0.10000000000000001,1550,50,310.50117426266144,,3.0649448381402813,4.4286118434486532,4.4604822429573758,32.276070131274174,18
155.09999999999548,0.10000000000000001,1551,50,310.50357081509657,,3.0645047394079201,4.4283343413734979,4.4603253017429436,32.287017043705077,18
155.19999999999547,0.10000000000000001,1552,50,310.50596973673129,,3.0640665079210336,4.4280549662200146,4.4601664917428492,32.297861210821296,18
155.29999999999546,0.10000000000000001,1553,50,310.50837075724382,,3.0636352321994105,4.4277686242961618,4.4600007272593958,32.308611640271799,18
155.39999999999546,0.10000000000000001,1554,50,310.51077368014364,,3.063214932630733,4.4274712919662509,4.4598239902801069,32.319293938811526,18
155.49999999999545,0.10000000000000001,1555,50,310.51317842117714,,3.0628101342629268,4.4271584396658259,4.4596317586269727,32.329972315871444,18
155.59999999999545,0.10000000000000001,1556,50,310.51558508134337,,3.0624137121640618,4.4268227999444107,4.4594311531589534,32.340633236171861,18
155.69999999999544,0.10000000000000001,1557,50,310.51799378739753,,3.0620133882369611,4.4263854622331067,4.4592584301130715,32.351397168261677,18
155.79999999999544,0.10000000000000001,1558,50,310.52040484300107,,3.0616132425459641,4.4259092132198692,4.4590877128493602,32.362067844889033,18
155.89999999999543,0.10000000000000001,1559,50,310.52281820251693,,3.0612143377448175,4.4254317162911772,4.4588943110968682,32.372646257965599,18
155.99999999999542,0.10000000000000001,1560,50,310.52523383028563,,3.0608272196745894,4.4249424169487828,4.4586880556127575,32.383065261886941,18
156.09999999999542,0.10000000000000001,1561,50,310.52765163594546,,3.060441428534777,4.424451785903595,4.4584804733058725,32.392954757272506,18
156.19999999999541,0.10000000000000001,1562,50,310.5300708983317,,3.0600568078671269,4.4239599798552467,4.4582717205723377,32.402610920905573,18
156.29999999999541,0.10000000000000001,1563,50,310.53249135726486,,3.0596733066738504,4.4234670499469173,4.458061848395781,32.41210644877949,18
156.3999999999954,0.10000000000000001,1564,50,310.53491285479259,,3.0592908034470794,4.4229731177642151,4.4578509782246485,32.421408536208084,18
156.4999999999954,0.10000000000000001,1565,50,310.53733516404725,,3.0589091758484286,4.4224804164227409,4.4576392323430429,32.430552160360982,18
156.59999999999539,0.10000000000000001,1566,50,310.53975810636064,,3.0585262681043748,4.422003112949163,4.4574287653676956,32.439529430494808,18
156.69999999999538,0.10000000000000001,1567,50,310.54218150528084,,3.058139154390731,4.4215282985954358,4.4572015926213258,32.445496487298314,18
156.79999999999538,0.10000000000000001,1568,50,310.54460063793385,,3.0577462407799239,4.4210592853724497,4.456978540047194,32.451208330101863,18
156.89999999999537,0.10000000000000001,1569,50,310.54701533195208,,3.0573443425914784,4.4205992589644039,4.4567343125150174,32.456921941283618,18
156.99999999999537,0.10000000000000001,1570,50,310.5494258170441,,3.0569437230098582,4.4201379464188086,4.4564883814274507,32.462619892569698,18
157.09999999999536,0.10000000000000001,1571,50,310.55183226408758,,3.0565437339639203,4.4196759967014421,4.4562418197064178,32.468310596444937,18
157.19999999999536,0.10000000000000001,1572,50,310.55423482463846,,3.0561438350663384,4.4192139507604011,4.4559951675191503,32.474009044877192,18
157.29999999999535,0.10000000000000001,1573,50,310.55663364926761,,3.0557456052044012,4.4187502284824678,4.455746846774912,32.4798387426098,18
157.39999999999534,0.10000000000000001,1574,50,310.55902908452174,,3.0553456463532878,4.4182882303985647,4.455500254039559,32.485598043601151,18
157.49999999999534,0.10000000000000001,1575,50,310.56142116238169,,3.0549405327077146,4.4178355927555444,4.4552588141391922,32.491294320235994,18
157.59999999999533,0.10000000000000001,1576,50,310.56380996377123,,3.0545356079959372,4.4174325139852648,4.4550171858190595,32.496918754895738,18
157.69999999999533,0.10000000000000001,1577,50,310.56619555019068,,3.0541295885461559,4.417074342512854,4.4546987118273282,32.502045813072762,18
157.79999999999532,0.10000000000000001,1578,50,310.56857732772733,,3.0537256663114176,4.4167140688983988,4.4543755540902383,32.50681746481375,18
157.89999999999532,0.10000000000000001,1579,50,310.57095493847453,,3.0533205615500867,4.4163549767457377,4.4540535770075973,32.511331861055126,18
157.99999999999531,0.10000000000000001,1580,50,310.57332814049096,,3.0529117903652461,4.4159995529570653,4.4537352635305272,32.51563673803993,18
158.0999999999953,0.10000000000000001,1581,50,310.5756966882517,,3.0525072606726749,4.4156398819798461,4.453412709301924,32.519807508995342,18
158.1999999999953,0.10000000000000001,1582,50,310.57806044432903,,3.0521104098686194,4.4152725248340232,4.4530824783084233,32.523832163353731,18
158.29999999999529,0.10000000000000001,1583,50,310.58041916367836,,3.0517139603732613,4.4149074027067545,4.4527518450610382,32.527704686598923,18
158.39999999999529,0.10000000000000001,1584,50,310.58277251978325,,3.0513137515794266,4.4145587894907399,4.4524249686153343,32.531269972342919,18
158.49999999999528,0.10000000000000001,1585,50,310.58511991895358,,3.0509202061621385,4.4141722925155271,4.4520963586534199,32.531887768003877,18
158.59999999999528,0.10000000000000001,1586,50,310.58745656091168,,3.050530337903202,4.4137821156395836,4.4517662788153576,32.532233873807677,18
158.69999999999527,0.10000000000000001,1587,50,310.58978211084445,,3.0501453425672382,4.4133870630363656,4.4514313251896125,32.532438123072076,18
158.79999999999526,0.10000000000000001,1588,50,310.59209645137946,,3.0497635193633501,4.4129888386373413,4.451093197809433,32.532497289303009,18
158.89999999999526,0.10000000000000001,1589,50,310.59439945945047,,3.0493866938061709,4.4125856161987711,4.450750072548125,32.532415636992489,18
158.99999999999525,0.10000000000000001,1590,50,310.59669102783482,,3.0490174551367621,4.4121748057806691,4.4503993624688647,32.532237806457289,18
159.09999999999525,0.10000000000000001,1591,50,310.59897114928486,,3.0486563798497217,4.4117558324566764,4.4500404922294088,32.532085120109073,18
159.19999999999524,0.10000000000000001,1592,50,310.60124003072093,,3.0483009564328341,4.4113060698918849,4.4496759720647212,32.532093588878162,18
159.29999999999524,0.10000000000000001,1593,50,310.60349810010774,,3.0479447254218757,4.4108296495882984,4.449372947211546,32.532611577804509,18
159.39999999999523,0.10000000000000001,1594,50,310.60574630208987,,3.0475891558405888,4.4103481719451976,4.4490803113357371,32.533099419136647,18
159.49999999999523,0.10000000000000001,1595,50,310.60798468410877,,3.047233923512116,4.4098663677117749,4.4487757337736173,32.533511637885809,18
159.59999999999522,0.10000000000000001,1596,50,310.61021323356113,,3.0468848469254066,4.4093784136665102,4.4484644251326912,32.533869991272944,18
159.69999999999521,0.10000000000000001,1597,50,310.61243200618657,,3.0465372556297643,4.4088889850147748,4.4481516336761953,32.534192386060653,18
159.79999999999521,0.10000000000000001,1598,50,310.61464108416516,,3.0461908652665257,4.4083983662117374,4.4478376435364915,32.534467946733493,18
159.8999999999952,0.10000000000000001,1599,50,310.6168405193377,,3.0458455753300742,4.4079066577214903,4.4475225551261524,32.534694905518002,18
159.9999999999952,0.10000000000000001,1600,50,310.61903035251703,,3.0455011455731125,4.4074140998608708,4.4472066085005819,32.534877724776173,18
160.09999999999519,0.10000000000000001,1601,50,310.62121062488592,,3.0451574811738689,4.406925007831509,4.4468898983853524,32.535015547210065,18
160.19999999999519,0.10000000000000001,1602,50,310.62338136994595,,3.0448110966018986,4.4064710790839836,4.4465759080162091,32.535173498118048,18
160.29999999999518,0.10000000000000001,1603,50.000000000000007,310.62554276480518,,3.0444590491025711,4.4060441987267325,4.4462563457982256,32.534879262696407,18
160.39999999999517,0.10000000000000001,1604,50,310.62769425947346,,3.0440994416883482,4.4056249038117805,4.4459406721437045,32.534455822714222,18
160.49999999999517,0.10000000000000001,1605,50,310.62983583821142,,3.0437271838172286,4.4052182901449504,4.4455885443753287,32.533932263473616,18
160.59999999999516,0.10000000000000001,1606,50,310.63196756807162,,3.0433564402224409,4.4048101759283416,4.4452349032832101,32.533288381561185,18
160.69999999999516,0.10000000000000001,1607,50,310.63408946161752,,3.0429864766838568,4.4044012969452062,4.4448804824763535,32.532521448865133,18
160.79999999999515,0.10000000000000001,1608,50,310.63620149291893,,3.0426169475372271,4.4039919998222627,4.4445256273753699,32.531594457568971,18
160.89999999999515,0.10000000000000001,1609,50,310.63830355210951,,3.0422492056051631,4.403580930524468,4.444168985724434,32.530332036116533,18
160.99999999999514,0.10000000000000001,1610,50,310.64039523481404,,3.0418807308102758,4.4031374811807913,4.4438130764898824,32.528942692639525,18
161.09999999999513,0.10000000000000001,1611,50,310.64247649298198,,3.0415096515283526,4.4026915815484973,4.4434597708160855,32.527444903636024,18
161.19999999999513,0.10000000000000001,1612,50,310.64454732983842,,3.0411390158457405,4.4022355124068362,4.4431025911022237,32.525824726678621,18
161.29999999999512,0.10000000000000001,1613,50,310.64660772307434,,3.0407682948359502,4.4017648669060803,4.4426473065800325,32.523437213857683,18
161.39999999999512,0.10000000000000001,1614,50,310.64865665212659,,3.0404000847519081,4.4012916974068013,4.4421886688506245,32.520581984021213,18
161.49999999999511,0.10000000000000001,1615,50,310.6506936041298,,3.0400338693329054,4.4008165197540423,4.4417280414329987,32.517416850011699,18
161.59999999999511,0.10000000000000001,1616,50,310.65271829489461,,3.0396719468293405,4.4003370340723418,4.4412631270920286,32.514026855118622,18
161.6999999999951,0.10000000000000001,1617,50,310.6547305641717,,3.0393151409711519,4.3998524158549142,4.440793102516702,32.510479012157319,18
161.79999999999509,0.10000000000000001,1618,50,310.65673032446603,,3.0389709049243483,4.3993552084933523,4.4403105184136482,32.50676881954471,18
161.89999999999509,0.10000000000000001,1619,50,310.65871738433475,,3.0386360523787448,4.39885146996098,4.4398185599813953,32.502897314201881,18
161.99999999999508,0.10000000000000001,1620,50,310.66069149907912,,3.0383038482776881,4.3983620736376823,4.4393239590842146,32.498830924946674,18
162.09999999999508,0.10000000000000001,1621,50,310.66265239871763,,3.0379807297190267,4.3978488394845572,4.4388493237486593,32.49388571648786,18
162.19999999999507,0.10000000000000001,1622,50,310.66459872632862,,3.0376617725895452,4.3973314344163974,4.4383787199235023,32.488755640315141,18
162.29999999999507,0.10000000000000001,1623,50,310.6665302835807,,3.0373476948376283,4.3968091413895971,4.4379032439319834,32.483476405579708,18
162.39999999999506,0.10000000000000001,1624,50,310.66844695489237,,3.037036890201172,4.3962835681513024,4.4374245014139069,32.478047698580866,18
162.49999999999505,0.10000000000000001,1625,50,310.67034863154186,,3.0367295771759428,4.3957544966500537,4.4369422741953057,32.472470844132708,18
162.59999999999505,0.10000000000000001,1626,50,310.67223520773848,,3.0364263315755426,4.3952213517540208,4.4364592928104774,32.466788211892329,18
162.69999999999504,0.10000000000000001,1627,50,310.67410665119593,,3.0361265099034256,4.3946847776822011,4.436056542345673,32.461168131466252,18
162.79999999999504,0.10000000000000001,1628,50,310.67596319475126,,3.0358268317141412,4.3941480541431766,4.4356463427454358,32.455861854599007,18
162.89999999999503,0.10000000000000001,1629,50,310.67780546729193,,3.0355231578970008,4.3936778688998848,4.4352219312975159,32.451320265316539,18
162.99999999999503,0.10000000000000001,1630,50,310.6796347994229,,3.035219554102591,4.3932082742790728,4.4347974565397781,32.446831209579614,18
163.09999999999502,0.10000000000000001,1631,50,310.68145135441165,,3.034914812114506,4.3927398348562914,4.4343741257128464,32.442288857292482,18
163.19999999999501,0.10000000000000001,1632,50,310.6832551535295,,3.0346119291894205,4.392269553133918,4.4339489431599954,32.437894519184688,18
163.29999999999501,0.10000000000000001,1633,50,310.6850465566269,,3.0343103211206941,4.3917980136442605,4.4335224927247934,32.433827619809648,18
163.399999999995,0.10000000000000001,1634,50,310.68682621659605,,3.0340095451865654,4.3913256588877116,4.4330952167756354,32.429885964961983,18
163.499999999995,0.10000000000000001,1635,50,310.68859444552652,,3.0337095178158222,4.3908525722855103,4.4326671987432187,32.425966618257533,18
163.59999999999499,0.10000000000000001,1636,50,310.69035138119563,,3.0334102098638125,4.3903787829388863,4.4322384676423816,32.422183247511619,18
163.69999999999499,0.10000000000000001,1637,50,310.69209734899209,,3.0331115049553263,4.3899031227397405,4.4318091396788359,32.418422569949122,18
163.79999999999498,0.10000000000000001,1638,50,310.69383248191315,,3.0328113598486071,4.3894224714064913,4.4313812566679509,32.414683506672461,18
163.89999999999498,0.10000000000000001,1639,50,310.69555692739374,,3.0325109725733301,4.3889551869662586,4.430930873969678,32.410387943226233,18
163.99999999999497,0.10000000000000001,1640,50,310.69726994748015,,3.0322105179400887,4.3884879827872991,4.4304770582752653,32.406003463136329,18
164.09999999999496,0.10000000000000001,1641,50,310.6989716114291,,3.0319075307128021,4.3880233240877615,4.4300021643323113,32.401523367360866,18
164.19999999999496,0.10000000000000001,1642,50,310.70066198782683,,3.0316051045189947,4.387558115160398,4.4295267109290588,32.396882812587492,18
164.29999999999495,0.10000000000000001,1643,50,310.70234100415132,,3.0313040322673928,4.38709156262275,4.4290499053831498,32.392117212474027,18
164.39999999999495,0.10000000000000001,1644,50,310.70400862685744,,3.0310049354883954,4.3866230447756802,4.4285711262935434,32.387152437288357,18
164.49999999999494,0.10000000000000001,1645,50,310.70566469278555,,3.0307067511287955,4.3861536254399658,4.4280914360173949,32.381724619018158,18
164.59999999999494,0.10000000000000001,1646,50,310.70730859297771,,3.0304125657764409,4.3856772233646311,4.4276139873577076,32.376115209317049,18
164.69999999999493,0.10000000000000001,1647,50,310.70894016125646,,3.0301253853615462,4.3851937575272393,4.4271450773812697,32.370391845770207,18
164.79999999999492,0.10000000000000001,1648,50,310.71055930957948,,3.0298410718890771,4.3846860784189898,4.426673302958136,32.364538606605805,18
164.89999999999492,0.10000000000000001,1649,50,310.71216592487156,,3.0295605797692788,4.3841232796230649,4.4261977099806735,32.358093499108683,18
164.99999999999491,0.10000000000000001,1650,50,310.71375917316789,,3.0292825872218101,4.3835579814249135,4.4257196197719404,32.35127384731107,18
165.09999999999491,0.10000000000000001,1651,50,310.71533860516433,,3.029005525836217,4.3829917513226428,4.4252067569808133,32.34420675520628,18
165.1999999999949,0.10000000000000001,1652,50,310.71690397015863,,3.0287292995549091,4.3824246843873293,4.4246712451731494,32.336952294906382,18
165.2999999999949,0.10000000000000001,1653,50,310.71845510284322,,3.0284556574377599,4.3818550312208204,4.4241296590378649,32.329554440772718,18
165.39999999999489,0.10000000000000001,1654,50,310.71999190896696,,3.0281820010556437,4.3812853893525059,4.4235881013216503,32.322012825783681,18
165.49999999999488,0.10000000000000001,1655,50,310.72151429243502,,3.027907575512752,4.3807159227216861,4.423047325586217,32.314326720285997,18
165.59999999999488,0.10000000000000001,1656,50,310.72302214613075,,3.0276339364990381,4.3801464029951829,4.4225057761580988,32.306510007370171,18
165.69999999999487,0.10000000000000001,1657,50,310.72451536753692,,3.0273637489595906,4.3795997683631933,4.4219874972768576,32.298708148319378,18
165.79999999999487,0.10000000000000001,1658,50,310.72599410377074,,3.0270982048897386,4.3790484902109164,4.4214677188959133,32.29079364277252,18
165.89999999999486,0.10000000000000001,1659,50,310.72745831184346,,3.0268386465377599,4.3784912274940897,4.4209419698390828,32.282761532424665,18
165.99999999999486,0.10000000000000001,1660,50,310.72890796506914,,3.0265814493716894,4.3779316036052887,4.4204138726807631,32.274608364707746,18
166.09999999999485,0.10000000000000001,1661,50,310.73034301976099,,3.0263274587244759,4.3773687735088203,4.4198825825712804,32.266338596077553,18
166.19999999999484,0.10000000000000001,1662,50,310.73176343582804,,3.026077466672028,4.3768019459261698,4.4193488554849294,32.257961644761643,18
166.29999999999484,0.10000000000000001,1663,49.999999999999993,310.73316919337543,,3.0258296810143888,4.3762333847570494,4.418823253664665,32.24952110306441,18
166.39999999999483,0.10000000000000001,1664,50,310.73456033414897,,3.0255853116636864,4.3756790719826615,4.4182968845580941,32.24111868210899,18
166.49999999999483,0.10000000000000001,1665,50,310.73593704329011,,3.02534502884019,4.3751566508875763,4.4177730132322859,32.232857043370394,18
166.59999999999482,0.10000000000000001,1666,50,310.73729963977121,,3.0251066829701845,4.3746323067403505,4.4172472131451608,32.224587026845612,18
166.69999999999482,0.10000000000000001,1667,50,310.73864819712952,,3.0248703765404259,4.3741059379429581,4.4167193819513857,32.216270991204937,18
166.79999999999481,0.10000000000000001,1668,50,310.739982730539,,3.0246351893831553,4.3735784645606968,4.4161904391838567,32.208065603998122,18
166.8999999999948,0.10000000000000001,1669,50,310.74130352067539,,3.024398366364303,4.3730526399018599,4.4156631378895366,32.200037781825301,18
166.9999999999948,0.10000000000000001,1670,50,310.7426109438785,,3.0241600687721188,4.372528302765069,4.4151373165365788,32.192091083585098,18
167.09999999999479,0.10000000000000001,1671,50,310.74390520229821,,3.0239220599243835,4.3720036913796108,4.4146112127936981,32.184156525907625,18
167.19999999999479,0.10000000000000001,1672,50,310.74518638554525,,3.0236825592429803,4.3714805854644538,4.4140866058211117,32.176323826937498,18
167.29999999999478,0.10000000000000001,1673,50,310.7464547234926,,3.0234403810131667,4.3709619714928003,4.4135646801324437,32.168500965749182,18
167.39999999999478,0.10000000000000001,1674,50,310.7477102741064,,3.0231964263529081,4.3704542427993394,4.4130445348618492,32.160586959259447,18
167.49999999999477,0.10000000000000001,1675,50,310.74895291256769,,3.0229540630351002,4.3699276267793792,4.4125313281921779,32.151883494642099,18
167.59999999999476,0.10000000000000001,1676,50,310.75018138915658,,3.0227139327366501,4.3693987788901261,4.4120170407079495,32.14310395343913,18
167.69999999999476,0.10000000000000001,1677,50,310.75139564600636,,3.0224782265526402,4.3688655100930243,4.4115003433467974,32.134263906304156,18
167.79999999999475,0.10000000000000001,1678,50,310.75259567968203,,3.0222439247835702,4.3683308384166635,4.4109822456329804,32.125361893183701,18
167.89999999999475,0.10000000000000001,1679,50,310.75378148604216,,3.0220113327822196,4.3677944587463626,4.4104624424248842,32.116399525467379,18
167.99999999999474,0.10000000000000001,1680,50,310.75495306325234,,3.0217806124781368,4.3672562094291614,4.4099407719424928,32.107379565959135,18
168.09999999999474,0.10000000000000001,1681,50,310.75611041601798,,3.021551050663394,4.3667168031372512,4.4094179469799863,32.098303532831224,18
168.19999999999473,0.10000000000000001,1682,50,310.75725354899816,,3.0213203955870629,4.3661798278467305,4.4088912150895547,32.089206198672031,18
168.29999999999472,0.10000000000000001,1683,50,310.75838253573914,,3.0210863271568056,4.3656537092655796,4.4083554385054686,32.080078893335894,18
168.39999999999472,0.10000000000000001,1684,50,310.7594974585183,,3.0208519816988191,4.3651121927110177,4.4078199464805357,32.07091380515449,18
168.49999999999471,0.10000000000000001,1685,50,310.76059838321896,,3.0206167795523973,4.364571544225142,4.4072853180406142,32.061586786838156,18
168.59999999999471,0.10000000000000001,1686,50,310.76168518414755,,3.0203825750189943,4.3640299111487,4.4067496998214004,32.052236759670485,18
168.6999999999947,0.10000000000000001,1687,50,310.76275795556535,,3.0201493721870403,4.3634872896130465,4.4062093574877093,32.042912116346244,18
168.7999999999947,0.10000000000000001,1688,50,310.76381685732514,,3.019916486523611,4.3629443636374816,4.40566333594996,32.033588384916712,18
168.89999999999469,0.10000000000000001,1689,50,310.76486199520428,,3.0196840683461232,4.3624009831675146,4.4051136310822576,32.024235146274883,18
168.99999999999469,0.10000000000000001,1690,50,310.76589341587862,,3.0194511343364567,4.3618581307566231,4.4045644501834591,32.014909178604078,18
169.09999999999468,0.10000000000000001,1691,50,310.76691126158545,,3.0192177274892895,4.3613156929096473,4.4040157497924755,32.005564236747595,18
169.19999999999467,0.10000000000000001,1692,50,310.76791559649519,,3.018985162044586,4.3607747188172317,4.4034662162222311,31.99617454892255,18
169.29999999999467,0.10000000000000001,1693,50,310.7689064330163,,3.0187520089630793,4.360248890730853,4.4029155515154788,31.986570797478304,18
169.39999999999466,0.10000000000000001,1694,50,310.76988350317959,,3.0185178322246076,4.3597240980131797,4.4023656986728756,31.976948751767885,18
169.49999999999466,0.10000000000000001,1695,50,310.77084684793289,,3.018282786836938,4.3592001859759328,4.4018167176587752,31.967299846317395,18
169.59999999999465,0.10000000000000001,1696,50,310.77179648126872,,3.0180480060772954,4.358676022654751,4.4012674758301689,31.957592545417874,18
169.69999999999465,0.10000000000000001,1697,50,310.77273236324271,,3.0178134124479907,4.3581516858815696,4.4007180505158141,31.947842934923351,18
169.79999999999464,0.10000000000000001,1698,50,310.77365448035658,,3.0175788302363813,4.3576273515509119,4.4001669492558335,31.938015171200341,18
169.89999999999463,0.10000000000000001,1699,50,310.77456275716833,,3.0173449463936528,4.3571057828134929,4.3996027478606266,31.928005258377183,18
169.99999999999463,0.10000000000000001,1700,50,310.77545695067403,,3.0171113134907395,4.3566085065468121,4.3990357414434582,31.917849276382668,18
170.09999999999462,0.10000000000000001,1701,50,310.77633689661565,,3.0168764774699985,4.3561124464751311,4.3984635674992747,31.907516945519518,18
170.19999999999462,0.10000000000000001,1702,50,310.77720240935651,,3.0166422840926082,4.3556111888835671,4.3978907570114085,31.897118063324744,18
170.29999999999461,0.10000000000000001,1703,50,310.77805348651867,,3.0164076275291531,4.355086349299361,4.39731841487224,31.88666316865098,18
170.39999999999461,0.10000000000000001,1704,50,310.77889014182165,,3.0161736168572233,4.3545608720807314,4.3967454326814543,31.876146164368123,18
170.4999999999946,0.10000000000000001,1705,50,310.77971237123535,,3.0159402226769103,4.3540347867092724,4.3961718397795986,31.865587423316317,18
170.59999999999459,0.10000000000000001,1706,50,310.78052019829249,,3.0157075221464971,4.3535080162704975,4.3955975590106995,31.85498698287071,18
170.69999999999459,0.10000000000000001,1707,50,310.7813136435505,,3.0154756078979048,4.3529804684409541,4.3950224977869521,31.844347587607967,18
170.79999999999458,0.10000000000000001,1708,50,310.78209273068421,,3.0152446335193481,4.3524519899989418,4.3944465025996289,31.83366875976089,18
170.89999999999458,0.10000000000000001,1709,50,310.78285748241109,,3.0150142986529103,4.3519208714552038,4.393869873557759,31.822950397567531,18
170.99999999999457,0.10000000000000001,1710,50,310.7836079191851,,3.0147850652685761,4.3513759871037889,4.3932921490262276,31.812177073576951,18
171.09999999999457,0.10000000000000001,1711,50,310.78434402622781,,3.014557428315281,4.350834844694587,4.3927053567069265,31.801041685298024,18
171.19999999999456,0.10000000000000001,1712,50,310.78506530463466,,3.0143305409704375,4.3502929649906434,4.3921172713065531,31.789867577430083,18
171.29999999999455,0.10000000000000001,1713,50,310.7857717752222,,3.014104815147459,4.3497499365822012,4.3915352434774588,31.778674926683951,18
171.39999999999455,0.10000000000000001,1714,50,310.78646347154631,,3.013879190810508,4.3492068183042578,4.3909531220800488,31.767468709847421,18
171.49999999999454,0.10000000000000001,1715,50,310.78714043139888,,3.0136537475223557,4.3486635305792873,4.3903708275516076,31.756247833194909,18
171.59999999999454,0.10000000000000001,1716,50,310.78780269289774,,3.0134283616716715,4.3481201967860263,4.3897884833342617,31.745012298111444,18
171.69999999999453,0.10000000000000001,1717,50,310.78845029321337,,3.0132034199188698,4.3475776935817123,4.389205703050914,31.73376440805805,18
171.79999999999453,0.10000000000000001,1718,50,310.78908327224946,,3.0129778824082747,4.3470423889849181,4.388621470726453,31.722515408129031,18
171.89999999999452,0.10000000000000001,1719,50,310.78970169463167,,3.0127507578742829,4.346509309344615,4.3880337136445773,31.711263413856813,18
171.99999999999451,0.10000000000000001,1720,50,310.79030563214218,,3.0125234831430019,4.3459764003991648,4.3874461153929136,31.700019483598908,18
172.09999999999451,0.10000000000000001,1721,50,310.79089517243631,,3.0122955970524168,4.3454441230108296,4.386859136474917,31.688971882587172,18
172.1999999999945,0.10000000000000001,1722,50,310.79147069286194,,3.0120677952616131,4.3449117825842372,4.3862720817645018,31.678038915814952,18
172.2999999999945,0.10000000000000001,1723,50,310.79203242354311,,3.0118411192383157,4.344378339232394,4.3857012500599746,31.667191609272841,18
172.39999999999449,0.10000000000000001,1724,50,310.79258055181668,,3.0116149248907504,4.3438444364152184,4.3851414066794678,31.656397340128066,18
172.49999999999449,0.10000000000000001,1725,50,310.79311521226742,,3.0113884648411382,4.3433108206466473,4.3845837254338456,31.645627810312696,18
172.59999999999448,0.10000000000000001,1726,50,310.79363648834652,,3.0111633345490398,4.3427758984936817,4.3840247155869205,31.634899572375115,18
172.69999999999447,0.10000000000000001,1727,50,310.79414448950479,,3.010939651490649,4.342239019647236,4.3834642597956774,31.624204814068516,18
172.79999999999447,0.10000000000000001,1728,50,310.79463931227048,,3.0107160709576268,4.3416976416187882,4.3829037015264714,31.613479040631582,18
172.89999999999446,0.10000000000000001,1729,50,310.79512095144548,,3.0104935372850887,4.3411513988126371,4.3823382637531534,31.602050810376806,18
172.99999999999446,0.10000000000000001,1730,50,310.79558832529852,,3.0102722242950191,4.3406039616732031,4.3817710998913633,31.590611925790189,18
173.09999999999445,0.10000000000000001,1731,50,310.7960415130716,,3.0100520256834074,4.3400554362795143,4.3812028231514786,31.579198005766614,18
173.19999999999445,0.10000000000000001,1732,50,310.79648064985815,,3.0098313918850739,4.3395073703783327,4.3806349817289671,31.567803957328117,18
173.29999999999444,0.10000000000000001,1733,50,310.79690584992863,,3.0096106383279064,4.3389594486665004,4.3800672603316642,31.556427319259271,18
173.39999999999444,0.10000000000000001,1734,50,310.79731721669111,,3.0093892262411752,4.3384122091678297,4.3794980624975119,31.545059941448731,18
173.49999999999443,0.10000000000000001,1735,50,310.79771483169895,,3.0091661987576614,4.3378666074669781,4.3789151509403696,31.533657313968938,18
173.59999999999442,0.10000000000000001,1736,50,310.79809869437781,,3.0089416893538665,4.33732598230129,4.3783342549142024,31.52219337216205,18
173.69999999999442,0.10000000000000001,1737,50,310.79846875560207,,3.0087172530063091,4.3367963092873882,4.3777546126853792,31.510547947660314,18
173.79999999999441,0.10000000000000001,1738,50,310.7988247814875,,3.0084931761097771,4.3362709652329574,4.3771746143770356,31.4988692329459,18
173.89999999999441,0.10000000000000001,1739,50,310.79916678250044,,3.0082694884923704,4.3357452483005918,4.3765942301643559,31.487182087546319,18
173.9999999999944,0.10000000000000001,1740,50,310.79949480298376,,3.0080450436684458,4.3352203043923776,4.3760146055976463,31.475519565769076,18
174.0999999999944,0.10000000000000001,1741,50,310.79980893179805,,3.007820166794958,4.3346958089689114,4.3754354156658781,31.463890391017909,18
174.19999999999439,0.10000000000000001,1742,50,310.80010926581235,,3.007595231412159,4.334171389188489,4.3748562870596475,31.452289586989526,18
174.29999999999438,0.10000000000000001,1743,50,310.80039589225981,,3.0073700783292461,4.3336472044305294,4.3742773788020273,31.440705278909583,18
174.39999999999438,0.10000000000000001,1744,50,310.80066887683546,,3.0071447290917108,4.3331232334824668,4.3736986693123967,31.429159289528926,18
174.49999999999437,0.10000000000000001,1745,50,310.80092831981523,,3.0069189974620603,4.332598810309972,4.3731203446337865,31.417634352155353,18
174.59999999999437,0.10000000000000001,1746,50,310.80117428972102,,3.006693254114718,4.3320707434356116,4.3725420343396273,31.406151708232159,18
174.69999999999436,0.10000000000000001,1747,50,310.80140688293829,,3.0064675938721899,4.331552948374302,4.3719655859449684,31.394965152735988,18
174.79999999999436,0.10000000000000001,1748,50,310.80162660605009,,3.0062420272660941,4.3310350800671227,4.3713895294169873,31.383812601297642,18
174.89999999999435,0.10000000000000001,1749,50,310.80183352305806,,3.0060170145566563,4.3305166791317351,4.3708182791183479,31.3726768732894,18
174.99999999999434,0.10000000000000001,1750,50,310.80202766473502,,3.0057914710799887,4.3299988293150253,4.3702475643213816,31.361547111170687,18
175.09999999999434,0.10000000000000001,1751,50,310.80220904557348,,3.0055655549866778,4.3294813727834027,4.3696772268798858,31.350429428026377,18
175.19999999999433,0.10000000000000001,1752,50,310.8023776947386,,3.0053392659430855,4.3289643100579074,4.369107267049583,31.339313451865809,18
175.29999999999433,0.10000000000000001,1753,50,310.80253362641145,,3.0051125418417821,4.3284461173249831,4.3685377467666395,31.328172858125729,18
175.39999999999432,0.10000000000000001,1754,50,310.80267681225257,,3.0048860949610301,4.3279223721649789,4.3679692486909909,31.317019574628517,18
175.49999999999432,0.10000000000000001,1755,50,310.80280724136725,,3.0046607219282055,4.3273975821718471,4.3674029047239182,31.305868823530268,18
175.59999999999431,0.10000000000000001,1756,50,310.80292492399542,,3.0044354642948052,4.3268718626001057,4.3668364469739336,31.294727404043808,18
175.6999999999943,0.10000000000000001,1757,50,310.8030298827876,,3.0042106816365615,4.3263337565098965,4.3662695162859668,31.28386654346961,18
175.7999999999943,0.10000000000000001,1758,50,310.80312255977429,,3.0039854153362331,4.3257961611909419,4.3657030703718922,31.273153267220643,18
175.89999999999429,0.10000000000000001,1759,50,310.80320317367341,,3.003761696319533,4.3252570481358514,4.3651530193801005,31.262550194394322,18
175.99999999999429,0.10000000000000001,1760,50,310.80327190441614,,3.0035381775053933,4.3247177624524973,4.3646134820575329,31.252018468417099,18
176.09999999999428,0.10000000000000001,1761,49.999999999999993,310.80332888143005,,3.0033139038177472,4.3241792575881863,4.3640746984073413,31.241523547977977,18
176.19999999999428,0.10000000000000001,1762,50,310.80337418053449,,3.0030905130378729,4.3236398973102723,4.3635350319445312,31.231068860348401,18
176.29999999999427,0.10000000000000001,1763,50,310.80340789625285,,3.0028685556832269,4.3230972685945366,4.362993932504013,31.220653567744364,18
176.39999999999426,0.10000000000000001,1764,50,310.80343013583052,,3.0026467891241078,4.3225420036826003,4.3624526417217968,31.210256455020311,18
176.49999999999426,0.10000000000000001,1765,50,310.80344098540894,,3.002423018127593,4.3219899378058795,4.3618972671310967,31.199421572253648,18
176.59999999999425,0.10000000000000001,1766,50,310.80343980479222,,3.0021981931784851,4.3214389545856395,4.3613405886115544,31.188543165115444,18
176.69999999999425,0.10000000000000001,1767,50,310.80342660443017,,3.0019705069180196,4.3208908591578634,4.3607821119148253,31.177655180476481,18
176.79999999999424,0.10000000000000001,1768,50,310.80340142207541,,3.0017427738164835,4.3203428393235717,4.360223687153221,31.166762075526261,18
176.89999999999424,0.10000000000000001,1769,50,310.80336429206835,,3.0015147893029228,4.3197950992604062,4.3596655185859072,31.155861510153397,18
176.99999999999423,0.10000000000000001,1770,50,310.80331523953004,,3.0012862054121632,4.3192479864011482,4.3591079537203905,31.144953494627227,18
177.09999999999422,0.10000000000000001,1771,50,310.80325428295333,,3.0010574273343398,4.3187010956719902,4.3585505875474215,31.134043143165009,18
177.19999999999422,0.10000000000000001,1772,50,310.80318144688829,,3.0008300519002624,4.3181582940931635,4.357995368089802,31.123138669451972,18
177.29999999999421,0.10000000000000001,1773,50,310.80309675773265,,3.0006058001020079,4.3176251022014256,4.3574458588062965,31.112230390429726,18
177.39999999999421,0.10000000000000001,1774,50,310.80300020951876,,3.0003824517045716,4.3171008498632482,4.3568954508999944,31.101331387920297,18
177.4999999999942,0.10000000000000001,1775,50,310.80289181893028,,3.0001603794387623,4.3165753488961904,4.3563437721861549,31.090602507236643,18
177.5999999999942,0.10000000000000001,1776,50,310.8027718486278,,2.9999377183371276,4.3160504611543944,4.3557926857588116,31.080029997158213,18
177.69999999999419,0.10000000000000001,1777,50,310.80264054034683,,2.999714773459059,4.3155258819392319,4.3552537931856925,31.069586198024094,18
177.79999999999418,0.10000000000000001,1778,50,310.80249810236916,,2.9994911872024472,4.3150019684995922,4.3547234692579755,31.059241226251402,18
177.89999999999418,0.10000000000000001,1779,50,310.80234470205426,,2.9992665220285781,4.3144791578060895,4.3541945460546927,31.048956597838941,18
177.99999999999417,0.10000000000000001,1780,50,310.80218044670141,,2.9990415116053093,4.3139567166885469,4.3536659672793494,31.038758585735518,18
178.09999999999417,0.10000000000000001,1781,50,310.80200549176806,,2.9988161014837997,4.3134321518128482,4.3531377872484924,31.0286189807304,18
178.19999999999416,0.10000000000000001,1782,50,310.80181994857878,,2.9985895879635578,4.3128904907500898,4.3526107089335424,31.018528371422374,18
178.29999999999416,0.10000000000000001,1783,50,310.80162391487238,,2.9983619838999864,4.3123460045014665,4.3520962955729221,31.008608340757764,18
178.39999999999415,0.10000000000000001,1784,50,310.80141766546393,,2.9981334738849945,4.3118024527347707,4.351584409078499,30.998751709551694,18
178.49999999999415,0.10000000000000001,1785,50,310.80120131710299,,2.9979032873482403,4.3112606050113937,4.3510741964836397,30.988940858990475,18
178.59999999999414,0.10000000000000001,1786,50,310.80097494628927,,2.9976719594025729,4.3107199261595133,4.3505651230947775,30.979174267333633,18
178.69999999999413,0.10000000000000001,1787,50,310.80073862711129,,2.9974397405300399,4.3101801655053924,4.3500569386171888,30.969448814678959,18
178.79999999999413,0.10000000000000001,1788,50,310.80049243364243,,2.9972068563599419,4.3096410972666792,4.3495457986367363,30.959751652059978,18
178.89999999999412,0.10000000000000001,1789,50,310.80023642339745,,2.9969733005946564,4.3091037938599284,4.3490147288519809,30.950031346631096,18
178.99999999999412,0.10000000000000001,1790,50,310.79997057518557,,2.9967408662901756,4.3085667622206767,4.3484858063224827,30.940234264425797,18
179.09999999999411,0.10000000000000001,1791,50,310.79969478366814,,2.996511211112149,4.3080236619450236,4.3479622467019299,30.930203045312414,18
179.19999999999411,0.10000000000000001,1792,50,310.79940869186385,,2.9962828719796013,4.307479273283354,4.3474373714955759,30.920106408499876,18
179.2999999999941,0.10000000000000001,1793,50,310.79911221815303,,2.9960564568841184,4.306932989146719,4.3469105733368707,30.909977941406211,18
179.39999999999409,0.10000000000000001,1794,50,310.79880532551681,,2.9958310202211256,4.3063857546619069,4.3463827972738978,30.899823442139457,18
179.49999999999409,0.10000000000000001,1795,50,310.79848798906841,,2.9956062254220428,4.3058379062967091,4.3458543797284088,30.889648535215674,18
179.59999999999408,0.10000000000000001,1796,50,310.79816019489084,,2.9953818631930549,4.3052896532497211,4.3453255298916211,30.879454758363735,18
179.69999999999408,0.10000000000000001,1797,50,310.79782192990757,,2.9951578673931283,4.3047410616741937,4.3447963139188914,30.869243689412414,18
179.79999999999407,0.10000000000000001,1798,50,310.79747318098799,,2.9949342306863702,4.304192138959813,4.3442667392032828,30.859022218902915,18
179.89999999999407,0.10000000000000001,1799,50,310.79711394450976,,2.9947108469537929,4.3036421761642671,4.3437369118136511,30.848788679839096,18
179.99999999999406,0.10000000000000001,1800,50,310.79674421293697,,2.9944869098524043,4.3030862408582609,4.3432076375324993,30.838505445062776,18
180.09999999999405,0.10000000000000001,1801,50,310.79636391792002,,2.9942623638628048,4.302526249468162,4.3426889489083402,30.828173780362373,18
180.19999999999405,0.10000000000000001,1802,50,310.79597297989415,,2.9940366635987461,4.3019674423299499,4.3421728163195823,30.81785664984125,18
180.29999999999404,0.10000000000000001,1803,50,310.7955714181706,,2.9938093582497332,4.3014102694917558,4.3416547485960324,30.807548240391988,18
180.39999999999404,0.10000000000000001,1804,50,310.79515924730293,,2.9935820218035074,4.3008531581383931,4.3411367147917321,30.797283253286999,18
180.49999999999403,0.10000000000000001,1805,50,310.79473654208192,,2.9933545691418892,4.3002961933067443,4.3406187999086541,30.787031663202491,18
180.59999999999403,0.10000000000000001,1806,50,310.79430332835841,,2.9931268078798423,4.2997395671858714,4.3401011961290479,30.776821902114285,18
180.69999999999402,0.10000000000000001,1807,50,310.79385967832013,,2.9928989908672978,4.2991805616334862,4.3395836507452019,30.766709984985749,18
180.79999999999401,0.10000000000000001,1808,50,310.79340575688639,,2.9926702365661688,4.298616071724247,4.339065108987656,30.75665016659952,18
180.89999999999401,0.10000000000000001,1809,50,310.7929416577004,,2.9924398567075134,4.2980532360749635,4.3385433730716008,30.74659550352559,18
180.999999999994,0.10000000000000001,1810,50,310.79246741167429,,2.992209015570082,4.2974913634897449,4.338022101402899,30.736553374709342,18
181.099999999994,0.10000000000000001,1811,50,310.79198306191421,,2.9919775086160612,4.2969490601836844,4.3375085375774116,30.726733324589659,18
181.19999999999399,0.10000000000000001,1812,50,310.79148897704476,,2.9917452378428031,4.2964075472866723,4.337010203724633,30.717071541895194,18
181.29999999999399,0.10000000000000001,1813,50,310.79098541119163,,2.9915113467422678,4.2958676803053573,4.3365134912518615,30.707510807654366,18
181.39999999999398,0.10000000000000001,1814,50,310.79047252277695,,2.9912759384224459,4.2953293559384713,4.3360182970153733,30.698030885072047,18
181.49999999999397,0.10000000000000001,1815,50,310.78995043927716,,2.9910392514377069,4.2947923355584585,4.335524382590318,30.688611121878175,18
181.59999999999397,0.10000000000000001,1816,50,310.78941925962459,,2.9908004885772383,4.2942574154606961,4.335032544241094,30.67924536194111,18
181.69999999999396,0.10000000000000001,1817,50,310.78887907604337,,2.9905597729181808,4.2937215433512508,4.3345426588669493,30.669929464857685,18
181.79999999999396,0.10000000000000001,1818,50,310.78832997479032,,2.9903172741033739,4.2931662288607813,4.3340545568674944,30.660648708361464,18
181.89999999999395,0.10000000000000001,1819,50,310.78777201447474,,2.9900724321929779,4.2926072806783848,4.3335606196679262,30.651239548102353,18
181.99999999999395,0.10000000000000001,1820,50,310.7872049861287,,2.989825105663277,4.2920508442020004,4.3330681123678039,30.641853664916553,18
182.09999999999394,0.10000000000000001,1821,50,310.78662892256932,,2.9895751646619102,4.2914970485413013,4.3325782172786518,30.63249706656914,18
182.19999999999393,0.10000000000000001,1822,50,310.78604385937564,,2.9893242834739508,4.2909442198772405,4.3320892617069466,30.623173272447151,18
182.29999999999393,0.10000000000000001,1823,50,310.78544984083567,,2.9890725246810819,4.290392295338167,4.3316011831298757,30.613877230801922,18
182.39999999999392,0.10000000000000001,1824,50,310.78484690936261,,2.9888200562903293,4.2898411067284652,4.3311138137059819,30.604597327238931,18
182.49999999999392,0.10000000000000001,1825,50,310.78423509338688,,2.9885674702495511,4.2893037750158785,4.3306265619653788,30.595282521785826,18
182.59999999999391,0.10000000000000001,1826,50,310.78361434715015,,2.988313584485728,4.2887966480363149,4.3301406090747294,30.58588111623062,18
182.69999999999391,0.10000000000000001,1827,50,310.78298457120087,,2.988055833383644,4.2882783255905057,4.3296372386103084,30.576252100074814,18
182.7999999999939,0.10000000000000001,1828,50,310.78234548078797,,2.9877985054282719,4.2877595969235331,4.3291270274269289,30.56655561958571,18
182.8999999999939,0.10000000000000001,1829,50,310.78169705058411,,2.9875402180568384,4.2872418443767302,4.3286017618836752,30.556825311999841,18
182.99999999999389,0.10000000000000001,1830,50,310.78103930300097,,2.9872830087942592,4.2867230318362832,4.3280746184948145,30.547031987840846,18
183.09999999999388,0.10000000000000001,1831,50,310.78037219829611,,2.9870266473191993,4.2862033900427399,4.3275466286568047,30.537184470019486,18
183.19999999999388,0.10000000000000001,1832,50,310.77969570133467,,2.986770778890782,4.2856832740309452,4.3270181468341455,30.527297308205135,18
183.29999999999387,0.10000000000000001,1833,50,310.77900979273386,,2.9865153104621283,4.2851627771889467,4.3264892660289274,30.517390476814693,18
183.39999999999387,0.10000000000000001,1834,50,310.77831447993191,,2.9862608683215877,4.2846412738812401,4.3259593604804838,30.507447234684054,18
183.49999999999386,0.10000000000000001,1835,50,310.77760974205722,,2.9860068133462958,4.2841178468547181,4.3254290688499744,30.497491109391859,18
183.59999999999386,0.10000000000000001,1836,50,310.77689559392041,,2.9857531332473957,4.2835806717574769,4.3248984034283549,30.487439739647549,18
183.69999999999385,0.10000000000000001,1837,50,310.77617190342994,,2.985500130565911,4.2830296113474144,4.3243515349137294,30.476551663192364,18
183.79999999999384,0.10000000000000001,1838,50,310.77543734689095,,2.985246099450134,4.2824796035800077,4.3238047031700759,30.465608073780153,18
183.89999999999384,0.10000000000000001,1839,50,310.77469186730605,,2.9849914430196329,4.281930245501937,4.3232649647504235,30.454663969635316,18
183.99999999999383,0.10000000000000001,1840,50,310.77393546799669,,2.9847367694805174,4.2813809292297389,4.3227252453213634,30.443757314261632,18
184.09999999999383,0.10000000000000001,1841,50,310.77316821585435,,2.9844817235569057,4.2808320099410286,4.3221858998282707,30.432861305317953,18
184.19999999999382,0.10000000000000001,1842,50,310.77239013624961,,2.9842258156424419,4.2802839769472403,4.3216474173083972,30.421998085347173,18
184.29999999999382,0.10000000000000001,1843,50,310.771601287956,,2.9839708042669466,4.2797414165349066,4.3211080409775624,30.411230765157452,18
184.39999999999381,0.10000000000000001,1844,50,310.7708018368773,,2.9837137394161108,4.2792182150349456,4.3205707178039807,30.40050775890273,18
184.4999999999938,0.10000000000000001,1845,50,310.76999188557033,,2.983451952331289,4.2786997534143358,4.3200381132501846,30.389787794627775,18
184.5999999999938,0.10000000000000001,1846,50,310.76917149831678,,2.9831895542647651,4.2781827957313014,4.3195071551854909,30.379071728415948,18
184.69999999999379,0.10000000000000001,1847,50,310.76834074122206,,2.9829252969446367,4.2776920439599833,4.3189896447914951,30.36865355683392,18
184.79999999999379,0.10000000000000001,1848,50,310.76750013910504,,2.9826605474175407,4.2772018041177891,4.3184716649521189,30.358423210500924,18
184.89999999999378,0.10000000000000001,1849,50,310.76665001320976,,2.9823954501303138,4.2767119319981886,4.3179540348549281,30.348299353025588,18
184.99999999999378,0.10000000000000001,1850,50,310.76579054937292,,2.9821300846091665,4.2762223481825092,4.3174366749786177,30.338249598884559,18
185.09999999999377,0.10000000000000001,1851,50,310.7649218808005,,2.9818641546870008,4.2757333488825688,4.3169198811200902,30.328238567062549,18
185.19999999999376,0.10000000000000001,1852,50,310.76404408378943,,2.981599465788574,4.2752431288896071,4.3164018496786154,30.318262347284932,18
185.29999999999376,0.10000000000000001,1853,50,310.76315722378189,,2.9813354646258112,4.2747501595282031,4.3158831333703276,30.308319492564856,18
185.39999999999375,0.10000000000000001,1854,50,310.76226136263995,,2.9810706054546263,4.2742399870336669,4.3153652763026518,30.298383467931448,18
185.49999999999375,0.10000000000000001,1855,50,310.76135652319277,,2.9808059864667946,4.2737112343469565,4.3148334069809158,30.288125743329864,18
185.59999999999374,0.10000000000000001,1856,50,310.76044220298365,,2.9805409415915722,4.273182930109404,4.3143011534560358,30.277846868418699,18
185.69999999999374,0.10000000000000001,1857,50,310.75951839592557,,2.9802750301812058,4.272655514792171,4.3137697661573187,30.267566798460948,18
185.79999999999373,0.10000000000000001,1858,50,310.75858512258475,,2.9800089049911733,4.2721283353658226,4.3132385929721142,30.257287465463328,18
185.89999999999372,0.10000000000000001,1859,50,310.75764240485148,,2.9797426267309235,4.2716013310090322,4.3127075732304805,30.24700641340176,18
185.99999999999372,0.10000000000000001,1860,50,310.7566902627749,,2.9794760286229565,4.271074668458188,4.3121768735574122,30.236714052709488,18
186.09999999999371,0.10000000000000001,1861,50,310.75572870092532,,2.9792096808508766,4.2705559809896556,4.3116459242653473,30.226378852193307,18
186.19999999999371,0.10000000000000001,1862,50.000000000000007,310.7547576758447,,2.978940782800549,4.2700606807991859,4.3111175235296919,30.215976455839858,18
186.2999999999937,0.10000000000000001,1863,49.999999999999993,310.75377713310132,,2.9786663178118431,4.2695636723499319,4.3105818719781919,30.205395775301287,18
186.3999999999937,0.10000000000000001,1864,50,310.75278688502652,,2.9783915988567671,4.2690669338488334,4.3100431858051582,30.194771113922958,18
186.49999999999369,0.10000000000000001,1865,50,310.75178696115165,,2.9781151148545328,4.2685719773047479,4.3094836447884663,30.184118694100157,18
186.59999999999368,0.10000000000000001,1866,50,310.75077741321923,,2.9778391040067573,4.2680765637873614,4.3089225005896417,30.173477035250357,18
186.69999999999368,0.10000000000000001,1867,50,310.74975833779138,,2.9775628226555724,4.2675814375740933,4.3083616279550059,30.162849838595303,18
186.79999999999367,0.10000000000000001,1868,50,310.74872981877911,,2.9772864377738291,4.2670864319073099,4.3078008600130673,30.152231182668864,18
186.89999999999367,0.10000000000000001,1869,50,310.74769191842165,,2.9770101874996766,4.2665913088320977,4.3072399588042654,30.141610395474139,18
186.99999999999366,0.10000000000000001,1870,50,310.7466446753354,,2.9767339437680063,4.2660961967514579,4.3066790522638616,30.131010609566463,18
187.09999999999366,0.10000000000000001,1871,50,310.74558816177853,,2.9764570986431007,4.2656032578838401,4.3061187477763712,30.120412358706464,18
187.19999999999365,0.10000000000000001,1872,50,310.74452240960932,,2.9761807718410309,4.2651212960776643,4.3055579266019697,30.109870061248742,18
187.29999999999364,0.10000000000000001,1873,50.000000000000007,310.74344752442835,,2.9759048562580199,4.2646430128110779,4.3049746420017545,30.100010423880025,18
187.39999999999364,0.10000000000000001,1874,50,310.74236461466518,,2.9756284504438399,4.2641652411622735,4.3043902957151872,30.090136665954898,18
187.49999999999363,0.10000000000000001,1875,50,310.74127359769994,,2.9753535631326402,4.263685971163814,4.3038172809311819,30.080212594268467,18
187.59999999999363,0.10000000000000001,1876,50,310.74017432426405,,2.9750796182115371,4.263205779869307,4.3032433254204143,30.070251602244216,18
187.69999999999362,0.10000000000000001,1877,50,310.73906669284133,,2.9748057646742048,4.2627255194763451,4.3026692794929788,30.060255650075696,18
187.79999999999362,0.10000000000000001,1878,50,310.7379506200574,,2.974531189409034,4.2622460042186674,4.3020959554250275,30.050223923649288,18
187.89999999999361,0.10000000000000001,1879,50,310.73682602276455,,2.9742577331935021,4.2617653913182645,4.3015215144054917,30.040165168941485,18
187.99999999999361,0.10000000000000001,1880,50,310.7356928413198,,2.9739811186022704,4.2612818216292014,4.300950229207845,30.030086172722381,18
188.0999999999936,0.10000000000000001,1881,50,310.73455106463683,,2.9736968990242434,4.2607898009006737,4.3003865409504414,30.020003512728358,18
188.19999999999359,0.10000000000000001,1882,50,310.73340075719335,,2.9734107011685271,4.2602662164290095,4.299824828638088,30.009906521923462,18
188.29999999999359,0.10000000000000001,1883,50,310.73224196434376,,2.9731215300779907,4.2597456255855493,4.2992703696998644,30.000173290986755,18
188.39999999999358,0.10000000000000001,1884,50,310.73107532264822,,2.9728322980947777,4.2592251112872761,4.2987144488550282,29.990637089546805,18
188.49999999999358,0.10000000000000001,1885,50,310.72990116298786,,2.9725462897477781,4.2587013844954047,4.2981553088423201,29.981222482922675,18
188.59999999999357,0.10000000000000001,1886,50,310.72871970663647,,2.9722616592747908,4.2581762932602363,4.29759479348286,29.971891188029936,18
188.69999999999357,0.10000000000000001,1887,50,310.72753111585621,,2.9719765153444824,4.2576517310217827,4.2970347920912468,29.962590533136389,18
188.79999999999356,0.10000000000000001,1888,50,310.72633545867626,,2.9716951447483768,4.2571234047851725,4.2964710223314206,29.953324231433307,18
188.89999999999355,0.10000000000000001,1889,50,310.72513280774308,,2.9714184122453529,4.2565922041689994,4.2959026204145534,29.944106828443878,18
188.99999999999355,0.10000000000000001,1890,50,310.72392327589461,,2.9711439728980578,4.2560679355203535,4.2953319288611729,29.934974864634338,18
189.09999999999354,0.10000000000000001,1891,50,310.72270705857528,,2.9708701582475117,4.2555303637290258,4.2947364932177132,29.92638534290737,18
189.19999999999354,0.10000000000000001,1892,50,310.72148506989572,,2.9705985072530625,4.2549906456421658,4.2941368265407878,29.917776933010984,18
189.29999999999353,0.10000000000000001,1893,50,310.7202573090085,,2.9703266208765156,4.2544511840121038,4.2935373942261439,29.909116828486276,18
189.39999999999353,0.10000000000000001,1894,50,310.71902370906145,,2.970055837712132,4.2539106380174205,4.2929368591187647,29.900409591250039,18
189.49999999999352,0.10000000000000001,1895,50,310.71778421788161,,2.9697856150906627,4.2533695510826561,4.2923357633443588,29.891657830774502,18
189.59999999999351,0.10000000000000001,1896,50,310.71653878867755,,2.9695156082475003,4.2528282683269918,4.2917344513268247,29.88285900388129,18
189.69999999999351,0.10000000000000001,1897,50,310.71528736901803,,2.9692467368241822,4.2522912266168129,4.2911320043507928,29.874019566437418,18
189.7999999999935,0.10000000000000001,1898,50,310.71402992191724,,2.9689822353480495,4.2517792406269441,4.2905251909818585,29.865169949604176,18
189.8999999999935,0.10000000000000001,1899,50,310.71276644581656,,2.9687248683383785,4.2512872401877289,4.2899047488798114,29.856245515097438,18
189.99999999999349,0.10000000000000001,1900,50,310.71149680101786,,2.9684698798768707,4.2507928669668553,4.289280593531009,29.847313895508332,18
190.09999999999349,0.10000000000000001,1901,50,310.71022095972137,,2.9682175410409348,4.2502958499655268,4.2886788883191143,29.83835814676894,18
190.19999999999348,0.10000000000000001,1902,50,310.70893885951671,,2.9679655002298526,4.2497985459351071,4.2880781417614129,29.829545233831755,18
190.29999999999347,0.10000000000000001,1903,50,310.70765072359006,,2.9677152295976135,4.2492994798886912,4.287475627518833,29.820904539611789,18
190.39999999999347,0.10000000000000001,1904,50,310.70635684162761,,2.9674648429070061,4.2488005417926695,4.2868732300662709,29.81236972578613,18
190.49999999999346,0.10000000000000001,1905,50,310.7050574057634,,2.9672135486388909,4.2483025245372144,4.2862717401042536,29.803872849094144,18
190.59999999999346,0.10000000000000001,1906,50,310.70375249667694,,2.9669596498479223,4.2478071285689767,4.2856728527309738,29.795513241260778,18
190.69999999999345,0.10000000000000001,1907,50,310.70244239321329,,2.9667049256085027,4.2473091580744473,4.2850747905910564,29.787211843298184,18
190.79999999999345,0.10000000000000001,1908,50,310.70112725770292,,2.9664507599328234,4.2467859436333599,4.2844761711217378,29.778970954733982,18
190.89999999999344,0.10000000000000001,1909,50,310.69980724720801,,2.9661942588251118,4.2462587537648275,4.2838986995352313,29.771928596358279,18
190.99999999999343,0.10000000000000001,1910,50,310.69848430681247,,2.9659382803962737,4.2457310605366274,4.2833223318327542,29.764940191622681,18
191.09999999999343,0.10000000000000001,1911,50,310.69715847940648,,2.9656811845164119,4.2452045072168687,4.2827470797504139,29.757893771040806,18
191.19999999999342,0.10000000000000001,1912,50,310.69582962761899,,2.9654247619944782,4.2446772979195879,4.2821711541682603,29.750796809994338,18
191.29999999999342,0.10000000000000001,1913,50,310.69449764006094,,2.9651688891935302,4.2441495560641114,4.2815946786431285,29.743650502611423,18
191.39999999999341,0.10000000000000001,1914,50,310.69316241998501,,2.9649131336808976,4.2436217146144424,4.2810180852266857,29.736435428165393,18
191.49999999999341,0.10000000000000001,1915,50,310.69182384393395,,2.9646582086064264,4.2430975781213771,4.2804406614542208,29.729122865919049,18
191.5999999999934,0.10000000000000001,1916,50,310.69048175053376,,2.9644070265518252,4.2425901268544681,4.2798594973110919,29.721699852128811,18
191.69999999999339,0.10000000000000001,1917,50,310.68913595586235,,2.964162430714433,4.2420790788120062,4.2792471575745434,29.713997512694419,18
191.79999999999339,0.10000000000000001,1918,50,310.68778599312589,,2.9639200322986783,4.24156583141521,4.2786282189319449,29.706271706449783,18
191.89999999999338,0.10000000000000001,1919,50,310.68643181766419,,2.9636804502785665,4.241049764963261,4.2780294056164809,29.698526579085684,18
191.99999999999338,0.10000000000000001,1920,50,310.68507338046498,,2.963441350883544,4.240533220201538,4.2774312579378559,29.690903961719464,18
192.09999999999337,0.10000000000000001,1921,50,310.68371087403341,,2.9632044624001255,4.2400144645800095,4.2768309015548835,29.683445000339795,18
192.19999999999337,0.10000000000000001,1922,50,310.68234457704563,,2.9629688493582336,4.2394944361456028,4.2762292711379732,29.67608598895389,18
192.29999999999336,0.10000000000000001,1923,50,310.68097467215631,,2.9627328148910594,4.2389748363205593,4.2756280619567022,29.668768470540787,18
192.39999999999336,0.10000000000000001,1924,50,310.67960124005617,,2.9624982359275673,4.2384537828330444,4.2750253989134803,29.661573056784704,18
192.49999999999335,0.10000000000000001,1925,50,310.67822450256483,,2.9622656753848897,4.2379276687403769,4.2744207197098714,29.654439318848766,18
192.59999999999334,0.10000000000000001,1926,50,310.67684459049013,,2.9620334686940293,4.2373797273105485,4.2738156873328847,29.647357126172128,18
192.69999999999334,0.10000000000000001,1927,50,310.6754616205568,,2.9618024819045674,4.2368273918139137,4.2732366013732568,29.641748028444312,18
192.79999999999333,0.10000000000000001,1928,50,310.67407794753024,,2.961574072832807,4.236272491437072,4.2726578263088459,29.636229697963973,18
192.89999999999333,0.10000000000000001,1929,50,310.67269364250336,,2.9613478082963725,4.2357154597565021,4.2720769078543608,29.630658599112284,18
192.99999999999332,0.10000000000000001,1930,50,310.6713085779661,,2.9611223104783044,4.2351576778830742,4.2714952226702128,29.625034421116368,18
193.09999999999332,0.10000000000000001,1931,50,310.66992263931257,,2.9608975720724455,4.2345991523131561,4.2709127780926792,29.619358951871384,18
193.19999999999331,0.10000000000000001,1932,50,310.668535724131,,2.9606725587439833,4.2340409196583133,4.2703306075640786,29.613619056920427,18
193.2999999999933,0.10000000000000001,1933,50,310.66714770728993,,2.9604458442990795,4.2334930047372916,4.2697501360457224,29.607792886187887,18
193.3999999999933,0.10000000000000001,1934,50,310.66575841979073,,2.9602190081115998,4.2329922766985479,4.2691697855222523,29.601881449810403,18
193.49999999999329,0.10000000000000001,1935,50,310.66436768604865,,2.9599949509563608,4.232494743968271,4.2685817708458806,29.595796246574142,18
193.59999999999329,0.10000000000000001,1936,50,310.66297519293613,,2.959772717171941,4.231995376227994,4.2679911892343529,29.589696500411318,18
193.69999999999328,0.10000000000000001,1937,50,310.66158089844896,,2.9595518657944888,4.2314946172690515,4.267408852430826,29.583579611251348,18
193.79999999999328,0.10000000000000001,1938,50,310.66018475580239,,2.9593293995235457,4.2309954747686183,4.2668286106391529,29.577538312375392,18
193.89999999999327,0.10000000000000001,1939,50,310.65878686268837,,2.9591064136198595,4.2304968504518214,4.2662488878734148,29.571614124066059,18
193.99999999999326,0.10000000000000001,1940,50,310.65738738381816,,2.9588831108922173,4.2299985413146173,4.265669481512905,29.565766629635853,18
194.09999999999326,0.10000000000000001,1941,50,310.65598641917353,,2.9586593374205563,4.2295007022296156,4.2650905453355348,29.559960138163071,18
194.19999999999325,0.10000000000000001,1942,50,310.65458401024296,,2.9584356674865191,4.2290027575564126,4.2645115055680458,29.55424755116627,18
194.29999999999325,0.10000000000000001,1943,50,310.6531802903981,,2.9582116301455441,4.228507577776071,4.2639328327506494,29.548586686208502,18
194.39999999999324,0.10000000000000001,1944,50,310.65177532182184,,2.9579867175070262,4.2280303386206972,4.2633550343146709,29.542979731135073,18
194.49999999999324,0.10000000000000001,1945,50,310.65036916682868,,2.9577628430869245,4.227555153369341,4.262785002743307,29.537816587177836,18
194.59999999999323,0.10000000000000001,1946,50,310.64896252551011,,2.9575404913835444,4.2270784346959118,4.2622143942774482,29.532718719016049,18
194.69999999999322,0.10000000000000001,1947,50,310.6475554828051,,2.9573193716321282,4.2266004750906063,4.2616417858849172,29.527615245530953,18
194.79999999999322,0.10000000000000001,1948,50,310.64614801589073,,2.9570980812258432,4.2261226822715603,4.261069327097565,29.522479239683786,18
194.89999999999321,0.10000000000000001,1949,50,310.6447400548837,,2.9568768968995971,4.2256447789701337,4.2604967615218321,29.517316381073702,18
194.99999999999321,0.10000000000000001,1950,50,310.64333153750005,,2.9566558246643995,4.2251667595876645,4.2599240831848686,29.512099674808642,18
195.0999999999932,0.10000000000000001,1951,50,310.64192235491612,,2.9564356476197773,4.2246878390214357,4.2593505096438271,29.506711820194564,18
195.1999999999932,0.10000000000000001,1952,50,310.64051220720143,,2.9562166658556066,4.2242077169054832,4.2587757410951825,29.501250821521548,18
195.29999999999319,0.10000000000000001,1953,50,310.63910096562876,,2.9559986436370718,4.2237194050775244,4.2582000131104261,29.495747097570824,18
195.39999999999318,0.10000000000000001,1954,50,310.63768855136669,,2.9557806699319422,4.2231818906932377,4.2576242359719689,29.490196990923202,18
195.49999999999318,0.10000000000000001,1955,50,310.63627487805394,,2.9555635520400201,4.2226376730390056,4.2570498962851051,29.484689394983548,18
195.59999999999317,0.10000000000000001,1956,50,310.63485999758825,,2.9553473293669166,4.2220925787359196,4.2564748045008098,29.479183130849787,18
195.69999999999317,0.10000000000000001,1957,50,310.63344389273777,,2.9551331635833136,4.2215454411380096,4.2558976571971829,29.473660824725599,18
195.79999999999316,0.10000000000000001,1958,50,310.63202652968141,,2.9549202395324787,4.2209970768371381,4.2553192689200596,29.468110230078196,18
195.89999999999316,0.10000000000000001,1959,50,310.63060785975267,,2.954707988726395,4.2204480549673757,4.2547402077208849,29.462506386914182,18
195.99999999999315,0.10000000000000001,1960,50,310.62918779564154,,2.9544972676476231,4.2198975154274834,4.2541596178891075,29.456856221222079,18
196.09999999999314,0.10000000000000001,1961,50,310.62776626947073,,2.9542896177062428,4.21935415602203,4.253575959375052,29.451166459826034,18
196.19999999999314,0.10000000000000001,1962,50,310.6263432403922,,2.9540863063437186,4.2188780341870284,4.2529879659093277,29.445485116843045,18
196.29999999999313,0.10000000000000001,1963,50,310.62491875736879,,2.9538839936629402,4.2184081698699094,4.2523985061180003,29.439983730910946,18
196.39999999999313,0.10000000000000001,1964,50,310.62349314495998,,2.9536819960696512,4.2179379935503416,4.2518086809836912,29.434450478240205,18
196.49999999999312,0.10000000000000001,1965,50,310.6220663530259,,2.953481328711014,4.2174664875115448,4.2512284264202549,29.428873638481644,18
196.59999999999312,0.10000000000000001,1966,50,310.62063828138059,,2.9532824745424446,4.2169931677474146,4.2506468840565743,29.423266736511714,18
196.69999999999311,0.10000000000000001,1967,50,310.61920887414226,,2.9530834895574771,4.2165199850687163,4.250065471725148,29.417630567094516,18
196.7999999999931,0.10000000000000001,1968,50,310.61777807455292,,2.9528832341163893,4.2160480828335158,4.2494853281057807,29.41196190175766,18
196.8999999999931,0.10000000000000001,1969,50,310.61634580923328,,2.9526847143545281,4.2155744447605761,4.248903449535895,29.406271346063185,18
196.99999999999309,0.10000000000000001,1970,50,310.61491203396821,,2.9524874409620421,4.2150993097858498,4.2483203249449257,29.400578648664531,18
197.09999999999309,0.10000000000000001,1971,50,310.61347675114547,,2.9522898991360407,4.2146134578773546,4.2477374679147966,29.394878162979037,18
197.19999999999308,0.10000000000000001,1972,50,310.61203995297376,,2.952091842008806,4.2140793563837295,4.2471551251187671,29.389171028922483,18
197.29999999999308,0.10000000000000001,1973,50,310.61060162797071,,2.9518930175051512,4.2135460245652885,4.2465805339875606,29.383662261359284,18
197.39999999999307,0.10000000000000001,1974,50,310.60916207918029,,2.9516943550764143,4.213012529633807,4.2460067352095923,29.3783497415223,18
197.49999999999307,0.10000000000000001,1975,50,310.60772158986674,,2.9514967320829886,4.2124779914763648,4.2454318969323577,29.373178182713897,18
197.59999999999306,0.10000000000000001,1976,50,310.6062803596825,,2.9512981752805145,4.211944389712091,4.2448579909654542,29.368102337013298,18
197.69999999999305,0.10000000000000001,1977,50,310.60483851827706,,2.9510984321580889,4.2114119773036904,4.2442852696494704,29.363056106414753,18
197.79999999999305,0.10000000000000001,1978,50,310.60339609014221,,2.9508951482268859,4.2108831158411517,4.2437160857254232,29.358080118034199,18
197.89999999999304,0.10000000000000001,1979,50,310.60195319736829,,2.9506916407717032,4.2103597658401055,4.243147124375211,29.353156663361581,18
197.99999999999304,0.10000000000000001,1980,50,310.60050994856243,,2.9504905909539252,4.2098693899153181,4.2425757064721799,29.348178982701995,18
198.09999999999303,0.10000000000000001,1981,50,310.59906627768339,,2.9502865147320678,4.209379179521874,4.2419874837927232,29.34239514100781,18
198.19999999999303,0.10000000000000001,1982,50,310.597620895869,,2.9500819827397127,4.2088894336118052,4.2413987456561157,29.336532854647466,18
198.29999999999302,0.10000000000000001,1983,50,310.59617371450514,,2.9498763464612505,4.2084008026364952,4.2408111115097658,29.330626064103807,18
198.39999999999301,0.10000000000000001,1984,50,310.59472467695952,,2.9496719690931719,4.2079109158726782,4.2402222199473085,29.324683178735704,18
198.49999999999301,0.10000000000000001,1985,50,310.59327374483934,,2.9494676751124014,4.2074209524339103,4.2396332455926657,29.318703951219639,18
198.599999999993,0.10000000000000001,1986,50,310.59182087233745,,2.94926285297195,4.2069315254841584,4.2390447994825182,29.312666743764851,18
198.699999999993,0.10000000000000001,1987,50,310.59036597066665,,2.9490594936430634,4.2064427468146457,4.2384548922392833,29.306544940768376,18
198.79999999999299,0.10000000000000001,1988,50,310.58890891753236,,2.9488580797732014,4.2059845892660208,4.2378630416718162,29.300314018246684,18
198.89999999999299,0.10000000000000001,1989,50,310.58744956423038,,2.9486578457869372,4.2055254534353157,4.2372581069205646,29.293856152787718,18
198.99999999999298,0.10000000000000001,1990,50,310.58598758012636,,2.9484583940996365,4.2050655142942182,4.2366514508509026,29.287396388941179,18
199.09999999999297,0.10000000000000001,1991,50,310.58452299882816,,2.9482584725908429,4.2046060291971372,4.2360485918031276,29.280933808242388,18
199.19999999999297,0.10000000000000001,1992,50,310.58305584060827,,2.9480584168195927,4.2041466626430948,4.235446033626344,29.274522140568894,18
199.29999999999296,0.10000000000000001,1993,50.000000000000007,310.5815862066828,,2.947860939749436,4.203684695131602,4.2348408991728155,29.268217755438101,18
199.39999999999296,0.10000000000000001,1994,50,310.58011430541143,,2.947666336053929,4.2032198325971182,4.2342328940087324,29.261994163270892,18
199.49999999999295,0.10000000000000001,1995,50,310.57864031725188,,2.9474710160441822,4.2027556756542452,4.2336256047816985,29.255823009871641,18
199.59999999999295,0.10000000000000001,1996,50,310.57716436517615,,2.9472775012535757,4.202289696358215,4.2330165120583461,29.249739259068484,18
199.69999999999294,0.10000000000000001,1997,50,310.57568663468669,,2.9470875719919292,4.2018219421070091,4.2324038370160464,29.243734523236103,18
199.79999999999293,0.10000000000000001,1998,50,310.57420731384678,,2.9469012616440491,4.2013626228264247,4.2317875463157693,29.237721891524618,18
199.89999999999293,0.10000000000000001,1999,50,310.57272645100295,,2.9467188176314432,4.2008976053401259,4.2311692979811983,29.231479770011557,18
199.99999999999292,0.10000000000000001,2000,50,310.57124373518513,,2.946540829231008,4.2004281249193589,4.2305468083517139,29.225238649326407,18
200.09999999999292,0.10000000000000001,2001,50,310.56975924509413,,2.9463683997982075,4.1999530760625552,4.2299301632462409,29.218977744468766,18
200.19999999999291,0.10000000000000001,2002,50,310.56827300911681,,2.9461968333797808,4.1994771669744839,4.2293137425691523,29.212698580376468,18
200.29999999999291,0.10000000000000001,2003,50,310.56678505044039,,2.9460247261697732,4.1990018043675352,4.2286978616850508,29.206399010245615,18
200.3999999999929,0.10000000000000001,2004,50,310.56529537503201,,2.9458507903735667,4.1985282782748499,4.2280838073620721,29.20007750127494,18
200.49999999999289,0.10000000000000001,2005,50,310.5638039676856,,2.9456735468951631,4.1980580702429435,4.2274730575182726,29.193725957130169,18
200.59999999999289,0.10000000000000001,2006,50,310.56231077633737,,2.9454949420748138,4.1975923791741359,4.2268636673812443,29.187358476835353,18
200.69999999999288,0.10000000000000001,2007,50,310.56081573906812,,2.9453208264262094,4.197152627793673,4.2262497909387893,29.180977190455138,18
200.79999999999288,0.10000000000000001,2008,50,310.55931877973859,,2.9451477941621298,4.1967048506041298,4.2256348313272616,29.174593594033187,18
200.89999999999287,0.10000000000000001,2009,50,310.55781985044246,,2.9449766947305318,4.1962551282638065,4.22504258103125,29.16841492065851,18
200.99999999999287,0.10000000000000001,2010,50,310.55631922547741,,2.944802114425991,4.1958088879176332,4.224455994640361,29.162440050056983,18
201.09999999999286,0.10000000000000001,2011,50,310.55481714953567,,2.9446271594791371,4.195363016174098,4.2238697820111675,29.156615647292107,18
201.19999999999285,0.10000000000000001,2012,50,310.55331378607286,,2.9444501807171855,4.1949191663649588,4.2232855911651068,29.150898894922726,18
201.29999999999285,0.10000000000000001,2013,50,310.5518092436696,,2.9442719042004448,4.1944766109332434,4.2227026965828838,29.145223820296831,18
201.39999999999284,0.10000000000000001,2014,50,310.55030353700494,,2.9440874686703671,4.194040221898983,4.2221259560112427,29.139627426850062,18
201.49999999999284,0.10000000000000001,2015,50,310.5487967853303,,2.9439001972145049,4.1936095008587646,4.2215520487545346,29.134089026976341,18
201.59999999999283,0.10000000000000001,2016,50,310.54728908060946,,2.9437126427092668,4.1932033809423483,4.2209781656248264,29.128658247958221,18
201.69999999999283,0.10000000000000001,2017,50,310.54578058487652,,2.9435261828028052,4.1928170409670233,4.2203952681510923,29.123853799215262,18
201.79999999999282,0.10000000000000001,2018,50,310.54427233284201,,2.94334577461925,4.1924246120400301,4.2198080327679994,29.119145194479323,18
201.89999999999281,0.10000000000000001,2019,50,310.54276452597793,,2.9431739224515203,4.192023585638764,4.2192122480896606,29.114461531705942,18
201.99999999999281,0.10000000000000001,2020,50,310.54125729540596,,2.9430015498728417,4.191623059531004,4.218616984340831,29.109776738477624,18
202.0999999999928,0.10000000000000001,2021,50,310.53975070330659,,2.9428289126820131,4.1912227773158044,4.2180219858626655,29.105076771155865,18
202.1999999999928,0.10000000000000001,2022,50,310.53824476325713,,2.9426564996769589,4.1908222491970086,4.217426764212636,29.100305266413809,18
202.29999999999279,0.10000000000000001,2023,50,310.53673938913698,,2.9424794905917118,4.1904263059472173,4.2168361360885553,29.095240583851318,18
202.39999999999279,0.10000000000000001,2024,50,310.53523410566766,,2.9423028120405528,4.1900271483716445,4.2162451783890926,29.08993084870205,18
202.49999999999278,0.10000000000000001,2025,50,310.53372848121018,,2.9421354397804462,4.1896186395072208,4.2156247985435211,29.084207712279287,18
202.59999999999278,0.10000000000000001,2026,50,310.53222179513875,,2.9419701989481553,4.1891929935287857,4.2150016117628635,29.07845902458152,18
202.69999999999277,0.10000000000000001,2027,50,310.53071396882729,,2.941808661545724,4.1887339125819762,4.2144104150824786,29.072664048988567,18
202.79999999999276,0.10000000000000001,2028,50,310.52920487595475,,2.9416432664197085,4.1882787080203796,4.2138248588606837,29.066819102683301,18
202.89999999999276,0.10000000000000001,2029,50,310.52769437420443,,2.9414778706589004,4.1878235144935081,4.2132393032465938,29.06096326483312,18
202.99999999999275,0.10000000000000001,2030,50,310.52618239817826,,2.9413126596329522,4.1873681457681737,4.2126535630079083,29.055098086315077,18
203.09999999999275,0.10000000000000001,2031,50,310.5246688999606,,2.9411476310892284,4.1869126036328836,4.2120676403776445,29.04922339858501,18
203.19999999999274,0.10000000000000001,2032,50,310.52315384005323,,2.9409827571462905,4.18645691558471,4.2114815632047415,29.043339481823658,18
203.29999999999274,0.10000000000000001,2033,50,310.52163718482927,,2.9408180182358841,4.1860007143356599,4.2108953510313594,29.037447991997162,18
203.39999999999273,0.10000000000000001,2034,50,310.52011890702107,,2.9406541729798317,4.1855567847820456,4.210308245790241,29.031661447747506,18
203.49999999999272,0.10000000000000001,2035,50,310.51859916266119,,2.9404939559172947,4.1851743736439211,4.2097493873383813,29.027526899790512,18
203.59999999999272,0.10000000000000001,2036,50,310.51708061232051,,2.9403382613829683,4.184787435728321,4.2091896009750851,29.02357134365618,18
203.69999999999271,0.10000000000000001,2037,50,310.51556350360613,,2.9401877051375829,4.1843953556882676,4.2086316028410975,29.019609421178277,18
203.79999999999271,0.10000000000000001,2038,50,310.51404779588159,,2.940036321681649,4.1840041099843317,4.2080754734282841,29.015645114233383,18
203.8999999999927,0.10000000000000001,2039,50,310.51253345115089,,2.93988504465278,4.1836127635137288,4.2075192375133934,29.011655176750093,18
203.9999999999927,0.10000000000000001,2040,50,310.5110203977685,,2.9397352914537649,4.1832198970453778,4.2069614786170222,29.007615850767674,18
204.09999999999269,0.10000000000000001,2041,50,310.50950854073437,,2.9395849646373793,4.1828276117401897,4.2064042927741534,29.003336924471014,18
204.19999999999268,0.10000000000000001,2042,50,310.50799747003896,,2.939439722921418,4.1824302413189782,4.2058420249797654,28.999026489828147,18
204.29999999999268,0.10000000000000001,2043,50,310.50648708506537,,2.9393053519637959,4.1820301370221484,4.2052688932862283,28.99467081566176,18
204.39999999999267,0.10000000000000001,2044,50,310.50497720439159,,2.93917368164231,4.1816242498772001,4.2046930624009144,28.990294623121343,18
204.49999999999267,0.10000000000000001,2045,50,310.50346769266855,,2.9390464098611853,4.1811769176769529,4.2041608252547915,28.985942194071701,18
204.59999999999266,0.10000000000000001,2046,50,310.50195847578732,,2.9389193370561868,4.1807293538832075,4.2036319301304328,28.981637788798785,18
204.69999999999266,0.10000000000000001,2047,50,310.5004495368762,,2.9387939448347788,4.1802800734019607,4.2031013554872816,28.977368620595591,18
204.79999999999265,0.10000000000000001,2048,50,310.49894086632867,,2.9386717074737421,4.1798275985016575,4.2025676279938926,28.973133167597037,18
204.89999999999264,0.10000000000000001,2049,50,310.49743248505433,,2.9385496470646437,4.1793749088987644,4.202033723707431,28.968899928474201,18
204.99999999999264,0.10000000000000001,2050,50,310.49592436832279,,2.9384289470915999,4.1789208176757731,4.2014984598987049,28.96467502241854,18
205.09999999999263,0.10000000000000001,2051,50,310.49441651070242,,2.9383108476440447,4.1784643904533114,4.2009605972586499,28.96046430844374,18
205.19999999999263,0.10000000000000001,2052,50,310.4929089332083,,2.9381945031685506,4.1780166517276172,4.2004209808306001,28.956359823162547,18
205.29999999999262,0.10000000000000001,2053,50,310.49140182214211,,2.9380797863117998,4.1776016488032539,4.1999178278356348,28.953232735770868,18
205.39999999999262,0.10000000000000001,2054,50,310.48989677530886,,2.9379673189986772,4.1771843415279477,4.1994167411741117,28.950203885732545,18
205.49999999999261,0.10000000000000001,2055,50,310.48839395365923,,2.9378554187918517,4.176766412549628,4.1989128379822631,28.947208134216975,18
205.5999999999926,0.10000000000000001,2056,50,310.48689341391093,,2.9377429316571524,4.176349015233761,4.1984091163284525,28.944239379052501,18
205.6999999999926,0.10000000000000001,2057,50,310.48539519664291,,2.9376299882697472,4.1759320163123395,4.1979058506767579,28.941296199013692,18
205.79999999999259,0.10000000000000001,2058,50,310.4838993339481,,2.9375167279582515,4.1755152738758285,4.1974029017619179,28.938379645458895,18
205.89999999999259,0.10000000000000001,2059,50,310.48240585749602,,2.9374022249529617,4.1750997126231635,4.1969011948512813,28.935484822716521,18
205.99999999999258,0.10000000000000001,2060,50,310.48091478439392,,2.9372909537571599,4.1746500946872871,4.196396257783487,28.932641118649567,18
206.09999999999258,0.10000000000000001,2061,50,310.47942614204402,,2.937188876705529,4.1742366979346635,4.1958821313829437,28.92982151325673,18
206.19999999999257,0.10000000000000001,2062,50,310.47793986004075,,2.9370881093988688,4.1738226482675538,4.1953666959383531,28.927037429390918,18
206.29999999999256,0.10000000000000001,2063,50,310.47645588978281,,2.9369911501964943,4.1734047998879795,4.1948853099147083,28.924336517240697,18
206.39999999999256,0.10000000000000001,2064,50,310.47497425063591,,2.9368930746025965,4.1729880848147944,4.194406959496181,28.921801181111999,18
206.49999999999255,0.10000000000000001,2065,50,310.47349511155835,,2.936794156876207,4.1725722279877955,4.1939294514104173,28.919519809641223,18
206.59999999999255,0.10000000000000001,2066,50,310.47201880281267,,2.9366945969576026,4.1721570287790257,4.1934525858349581,28.917385497498948,18
206.69999999999254,0.10000000000000001,2067,50,310.47054548506725,,2.936594077932341,4.1717428041489342,4.1929766795154455,28.915355882275275,18
206.79999999999254,0.10000000000000001,2068,50,310.46907525244717,,2.9364938180023019,4.1713283340047269,4.1925005148920969,28.913448646783358,18
206.89999999999253,0.10000000000000001,2069,50,310.46760822027272,,2.936392576640305,4.1709176782078945,4.1920253318330731,28.911651083143845,18
206.99999999999253,0.10000000000000001,2070,50,310.46614448309828,,2.9362903271427161,4.1705326622253089,4.1915517374616398,28.910025321949867,18
207.09999999999252,0.10000000000000001,2071,50,310.46468424520128,,2.9361887294236104,4.1701693817147172,4.1911189885539137,28.909582644350369,18
207.19999999999251,0.10000000000000001,2072,50,310.46322934201936,,2.9360863254048377,4.1698068420385992,4.1906909533673042,28.909345029712942,18
207.29999999999251,0.10000000000000001,2073,50,310.4617799986089,,2.9359840885895823,4.1694440666941626,4.1902627514974871,28.909164105976107,18
207.3999999999925,0.10000000000000001,2074,50,310.46033622392912,,2.9358796697009688,4.1690834068919722,4.1898367313596667,28.909062941253335,18
207.4999999999925,0.10000000000000001,2075,50,310.45889807297561,,2.9357734812095337,4.1687244478322816,4.1894124806661939,28.908998799288472,18
207.59999999999249,0.10000000000000001,2076,50,310.45746553255663,,2.9356662099011031,4.1683664999328629,4.1889893128958464,28.908946176387005,18
207.69999999999249,0.10000000000000001,2077,50,310.45603855528663,,2.9355570309543886,4.1680103876718988,4.1885680526040527,28.908736936118203,18
207.79999999999248,0.10000000000000001,2078,50,310.45461681914344,,2.9354472447993993,4.1676183388585795,4.1881473666252553,28.908585591989155,18
207.89999999999247,0.10000000000000001,2079,50,310.45320034591941,,2.9353393559335332,4.1672195387733986,4.1877237154231244,28.90846162426725,18
207.99999999999247,0.10000000000000001,2080,50,310.45178908784249,,2.9352309665810501,4.1668040801056918,4.187300564334449,28.908355938928629,18
208.09999999999246,0.10000000000000001,2081,50,310.45038298288711,,2.9351229802397434,4.1663667039392598,4.1868895375502566,28.908233761570092,18
208.19999999999246,0.10000000000000001,2082,50,310.44898191147536,,2.9350143488871039,4.1659299944588133,4.1864797866403247,28.908121026784251,18
208.29999999999245,0.10000000000000001,2083,50,310.44758580656838,,2.9349049641892653,4.1654940594826453,4.1860707929761061,28.908042399582669,18
208.39999999999245,0.10000000000000001,2084,50,310.44619464875132,,2.9347949403074738,4.1650587840884485,4.1856624422161275,28.907995317076434,18
208.49999999999244,0.10000000000000001,2085,50,310.44480841727324,,2.9346843963226705,4.1646240485273855,4.1852546151064995,28.90798050554838,18
208.59999999999243,0.10000000000000001,2086,50,310.44342709502848,,2.9345736878836046,4.164189496275009,4.1848469559027608,28.907994620497519,18
208.69999999999243,0.10000000000000001,2087,50,310.44205065508521,,2.9344620185936616,4.1637535442724634,4.1844402605266833,28.90803798084454,18
208.79999999999242,0.10000000000000001,2088,50,310.44067907011004,,2.9343497294810215,4.1633045358745244,4.1840345226534934,28.908100803654214,18
208.89999999999242,0.10000000000000001,2089,50,310.43931230018256,,2.9342366149806018,4.1628671850181922,4.1836470134432098,28.908124209816275,18
208.99999999999241,0.10000000000000001,2090,50,310.43795021002387,,2.9341185990236847,4.1624347771453669,4.1832660018650998,28.90838450292663,18
209.09999999999241,0.10000000000000001,2091,50,310.43659312211997,,2.9339951280577687,4.1620078641890119,4.1828904407738481,28.908887877392491,18
209.1999999999924,0.10000000000000001,2092,50,310.43524135716871,,2.9338667755218411,4.1615858700211685,4.1825197575473663,28.909622853387663,18
209.29999999999239,0.10000000000000001,2093,50,310.43389521105468,,2.9337348496693636,4.1611674834269712,4.1821526448143151,28.910581151556915,18
209.39999999999239,0.10000000000000001,2094,50,310.43255497308382,,2.9336005596449022,4.1607514928979157,4.1817878941591546,28.911727745674373,18
209.49999999999238,0.10000000000000001,2095,50,310.43122089020488,,2.933464167320047,4.1603376351735024,4.1814252441742044,28.913014153530359,18
209.59999999999238,0.10000000000000001,2096,50,310.42989314245239,,2.933327406843429,4.1599241739664148,4.1810624092283151,28.914390854894407,18
209.69999999999237,0.10000000000000001,2097,50,310.42857182555144,,2.9331927214708204,4.1595668466522131,4.180686673162012,28.91571016883314,18
209.79999999999237,0.10000000000000001,2098,50,310.42725678054484,,2.9330583163348609,4.1592434346579177,4.1803106565334556,28.917103618617432,18
209.89999999999236,0.10000000000000001,2099,50,310.42594805479035,,2.932924750563525,4.1589191128513718,4.1799498211774111,28.918560176711448,18
209.99999999999235,0.10000000000000001,2100,50,310.42464566401156,,2.9327919869870627,4.1585939179141818,4.1795889945965019,28.920149865140878,18
210.09999999999235,0.10000000000000001,2101,50,310.4233497515732,,2.9326590554308969,4.158268820132613,4.1792283449854262,28.922034766422076,18
210.19999999999234,0.10000000000000001,2102,50,310.42206073318897,,2.9325268113418761,4.1579429622531618,4.178867016606393,28.924049412586172,18
210.29999999999234,0.10000000000000001,2103,50,310.42077875286247,,2.9323947562469597,4.157616842081624,4.1785055073704145,28.926160562493511,18
210.39999999999233,0.10000000000000001,2104,50,310.41950389621843,,2.9322646945858351,4.1572886521994841,4.1781420127617581,28.928366739971406,18
210.49999999999233,0.10000000000000001,2105,50,310.4182362320239,,2.9321346889727846,4.1569565929233088,4.1777784692412476,28.930663805936682,18
210.59999999999232,0.10000000000000001,2106,50,310.4169758204942,,2.9320035372144013,4.1566003930376869,4.1774171942386928,28.932976981852569,18
210.69999999999231,0.10000000000000001,2107,50,310.4157225979788,,2.9318734090191221,4.1562443698934555,4.1770892449760142,28.936032843839868,18
210.79999999999231,0.10000000000000001,2108,50,310.41447765923738,,2.9317383782433,4.1558932036080529,4.1767690120985881,28.939392401619408,18
210.8999999999923,0.10000000000000001,2109,50,310.41324136661632,,2.9315981627278989,4.1555471757627318,4.1764539533377452,28.942903589761112,18
210.9999999999923,0.10000000000000001,2110,50,310.41201384630693,,2.9314527668952017,4.1552062811087636,4.1761440661432134,28.946616362860631,18
211.09999999999229,0.10000000000000001,2111,50,310.41079531477487,,2.9313028268014572,4.1548698820308587,4.175838716205555,28.950466481905945,18
211.19999999999229,0.10000000000000001,2112,50,310.40958589182964,,2.931148493954737,4.1545378260554076,4.1755377535491665,28.954405662084572,18
211.29999999999228,0.10000000000000001,2113,50,310.40838562439058,,2.930989357033007,4.1542105243169685,4.1752415908772349,28.958249421874015,18
211.39999999999227,0.10000000000000001,2114,50,310.40719425700047,,2.9308245756742837,4.1538381256328165,4.1749504428542012,28.96218297347675,18
211.49999999999227,0.10000000000000001,2115,50,310.40601184820287,,2.9306556728311355,4.1534572027435948,4.1746543327704941,28.966075601011195,18
211.59999999999226,0.10000000000000001,2116,50,310.40483825811646,,2.9304850445523947,4.1530645023190216,4.1743599476021824,28.96999318509539,18
211.69999999999226,0.10000000000000001,2117,50,310.40367344621666,,2.9303135674365999,4.1526599961780857,4.1740613859667688,28.97390540134182,18
211.79999999999225,0.10000000000000001,2118,50,310.40251731737374,,2.9301411010120066,4.1522565249199506,4.1737635621561289,28.9778435681621,18
211.89999999999225,0.10000000000000001,2119,50,310.40136982532607,,2.9299669516582059,4.1518547817380229,4.1734674212846627,28.981828580681942,18
211.99999999999224,0.10000000000000001,2120,50,310.40023094903427,,2.9297887612529001,4.1514571255936854,4.1731753215653553,28.985848853291877,18
212.09999999999224,0.10000000000000001,2121,50,310.39910062676051,,2.9296096422589426,4.1510604400914159,4.1728841505606749,28.989916021974036,18
212.19999999999223,0.10000000000000001,2122,50,310.39797881691544,,2.9294284264014516,4.1506658936960541,4.1725950766250781,28.99402502592832,18
212.29999999999222,0.10000000000000001,2123,50,310.39686546739756,,2.9292432380647382,4.1502777994283981,4.1723099755026753,28.998168831322754,18
212.39999999999222,0.10000000000000001,2124,50,310.39576049927678,,2.9290548917811376,4.1499097008189541,4.1720280326974475,29.002225248423137,18
212.49999999999221,0.10000000000000001,2125,50,310.39466362371979,,2.9288648221751172,4.149544151600197,4.1717387316859735,29.005106828666577,18
212.59999999999221,0.10000000000000001,2126,50,310.3935728272748,,2.9286724676496987,4.1491809028829127,4.1714507243104695,29.008036110160617,18
212.6999999999922,0.10000000000000001,2127,50,310.39248813084765,,2.9284801645019565,4.1488176169577899,4.1711604332626155,29.011074555758412,18
212.7999999999922,0.10000000000000001,2128,50,310.39140966496257,,2.9282860966105355,4.14845611115586,4.1708712912407098,29.014208628892284,18
212.89999999999219,0.10000000000000001,2129,50,310.39033752662959,,2.928090777386307,4.1480958716872083,4.1705834140312827,29.017435615981359,18
212.99999999999218,0.10000000000000001,2130,50,310.38927179856978,,2.9278948023590967,4.1477363027347485,4.1702962051439663,29.020755835660275,18
213.09999999999218,0.10000000000000001,2131,50,310.38821256334353,,2.9276970207808244,4.1473785555100031,4.1700108141990402,29.024157668075993,18
213.19999999999217,0.10000000000000001,2132,50,310.38715988037416,,2.9274949488792323,4.1469687587019308,4.1697297235160757,29.027687220656663,18
213.29999999999217,0.10000000000000001,2133,50,310.38611388235927,,2.9272884200629079,4.1465643018736396,4.1694530982874518,29.03133505131548,18
213.39999999999216,0.10000000000000001,2134,50,310.38507469536376,,2.9270792668843866,4.1461671349402032,4.1691791049601967,29.035068421201302,18
213.49999999999216,0.10000000000000001,2135,50,310.38404239085901,,2.926867293792963,4.1457727983155994,4.1689126425591327,29.039047076308282,18
213.59999999999215,0.10000000000000001,2136,50,310.38301728778737,,2.926652724113552,4.1453810672760554,4.1686540110988348,29.043418246375094,18
213.69999999999214,0.10000000000000001,2137,50,310.3819999277307,,2.9264333319368241,4.1449941672662591,4.1684002031924061,29.048320363986825,18
213.79999999999214,0.10000000000000001,2138,50,310.38099108045566,,2.926206605692772,4.1446146090747131,4.168153729511447,29.053546270286787,18
213.89999999999213,0.10000000000000001,2139,50,310.37999115526804,,2.9259762597189836,4.1442386757712324,4.167910875799743,29.059038151505803,18
213.99999999999213,0.10000000000000001,2140,50,310.37900047635242,,2.9257430355459011,4.1438656246392815,4.1676709002094041,29.064760452948718,18
214.09999999999212,0.10000000000000001,2141,50,310.37801930527172,,2.9255031326476786,4.143490974122396,4.1674376023008559,29.070702420151189,18
214.19999999999212,0.10000000000000001,2142,50,310.37704787421666,,2.9252572647838098,4.1430602755672075,4.1672114637788837,29.076649607328001,18
214.29999999999211,0.10000000000000001,2143,50,310.3760860578476,,2.9250061844424899,4.1426078056499653,4.166990035147446,29.081743516051802,18
214.3999999999921,0.10000000000000001,2144,50,310.37513232389045,,2.9247459106319806,4.1421645910836666,4.1667769043425071,29.087068917578083,18
214.4999999999921,0.10000000000000001,2145,50,310.3741869168507,,2.924477658855178,4.141729412965157,4.1665717394310446,29.092639313960849,18
214.59999999999209,0.10000000000000001,2146,50,310.37325009784132,,2.9242037833595846,4.1412999143820342,4.16637218961369,29.098448748458587,18
214.69999999999209,0.10000000000000001,2147,50,310.37232211929114,,2.9239270004786309,4.1408733774423894,4.1661755415203494,29.104489791337858,18
214.79999999999208,0.10000000000000001,2148,50,310.37140325054446,,2.9236487953463235,4.1404483162871868,4.1659803124380144,29.110743952724995,18
214.89999999999208,0.10000000000000001,2149,50,310.37049376046366,,2.923370096594522,4.1400238016990265,4.16578557578916,29.117185138525034,18
214.99999999999207,0.10000000000000001,2150,50,310.36959389602373,,2.9230871574654289,4.13960357854672,4.1655935559631239,29.123778761035897,18
215.09999999999206,0.10000000000000001,2151,50,310.36870386246363,,2.9227995043735948,4.1392419794178217,4.1653905242444687,29.130420589196408,18
215.19999999999206,0.10000000000000001,2152,50,310.3678237140391,,2.9225123631755148,4.1389189648259705,4.1651869799531021,29.137034588056991,18
215.29999999999205,0.10000000000000001,2153,50,310.3669533701061,,2.922225248420558,4.138595909518159,4.1649673676828396,29.143623619978246,18
215.39999999999205,0.10000000000000001,2154,50,310.36609275515991,,2.9219419794008483,4.1382689959294545,4.1647431129272858,29.150217568917419,18
215.49999999999204,0.10000000000000001,2155,50,310.36524184881301,,2.9216611271448691,4.1379396534776847,4.1645164486521491,29.156974677918051,18
215.59999999999204,0.10000000000000001,2156,50,310.36440088803874,,2.921382998913872,4.1376075753061539,4.1642870686687221,29.163730386010002,18
215.69999999999203,0.10000000000000001,2157,50,310.36356983666991,,2.9211075858968165,4.137272770438857,4.164054982666145,29.170462820163287,18
215.79999999999202,0.10000000000000001,2158,50,310.36274861954479,,2.9208352953543679,4.1369348317731998,4.1638197841946001,29.177155807698185,18
215.89999999999202,0.10000000000000001,2159,50,310.3619371264262,,2.920564838487032,4.1365838743646544,4.1635827623669401,29.183821659303177,18
215.99999999999201,0.10000000000000001,2160,50,310.36113526540089,,2.9202940532410335,4.1361543899791258,4.1633467746264294,29.190550991197043,18
216.09999999999201,0.10000000000000001,2161,50,310.36034308909859,,2.9200238540488286,4.135710565237483,4.163127911472035,29.199696910679826,18
216.199999999992,0.10000000000000001,2162,50,310.3595644026995,,2.9197467502212957,4.1352736432181132,4.1629172835700468,29.209137217752513,18
216.299999999992,0.10000000000000001,2163,50,310.35879945424631,,2.919461796532433,4.1348445666279234,4.1627144882589935,29.218677566170356,18
216.39999999999199,0.10000000000000001,2164,50,310.35804820171819,,2.9191723767210247,4.134419950961659,4.1625161459511162,29.228370739192759,18
216.49999999999199,0.10000000000000001,2165,50,310.35731072004739,,2.918879022223166,4.1339992636182483,4.1623217284440139,29.238170715988804,18
216.59999999999198,0.10000000000000001,2166,50,310.35658704010888,,2.9185808514679854,4.1335833846272294,4.162132120151794,29.248032879863494,18
216.69999999999197,0.10000000000000001,2167,50,310.35587713059431,,2.9182778391188466,4.1331723380792251,4.1619473491263133,29.257870422840522,18
216.79999999999197,0.10000000000000001,2168,50,310.35518082388847,,2.9179670690309187,4.1327690380584565,4.1617681531126838,29.267722407605699,18
216.89999999999196,0.10000000000000001,2169,50,310.35449805657225,,2.9176471308526573,4.1323709063014729,4.1615771635344867,29.277453368742069,18
216.99999999999196,0.10000000000000001,2170,50,310.35382860890485,,2.9173264179754037,4.131970180011753,4.1613869478385137,29.287143417067753,18
217.09999999999195,0.10000000000000001,2171,50,310.35317238579034,,2.9170043147576825,4.131570485289747,4.1611676877909893,29.296782598114977,18
217.19999999999195,0.10000000000000001,2172,50,310.35252927771643,,2.9166825264952543,4.1311705146284492,4.1609465877597263,29.306391589631261,18
217.29999999999194,0.10000000000000001,2173,50,310.35189919179254,,2.9163603071228161,4.1307710142166298,4.160725916508583,29.31598048536738,18
217.39999999999193,0.10000000000000001,2174,50,310.35128202971322,,2.9160317357035979,4.1303779012297177,4.1605115943786988,29.325528343875135,18
217.49999999999193,0.10000000000000001,2175,50,310.35067760660644,,2.9157033924315243,4.1299845996401601,4.1602970416993532,29.335062904763557,18
217.59999999999192,0.10000000000000001,2176,50,310.35008578143743,,2.9153739780275716,4.1295924085884916,4.1600835575855779,29.34458026142606,18
217.69999999999192,0.10000000000000001,2177,50,310.34950640691238,,2.9150401628517919,4.1292007908042629,4.159874471230963,29.354070142899896,18
217.79999999999191,0.10000000000000001,2178,50,310.34893929414875,,2.9147007476693467,4.1287855454967568,4.1596709815916135,29.363669548377661,18
217.89999999999191,0.10000000000000001,2179,50,310.34838445496752,,2.9143597439361493,4.128355046685015,4.1594461255748998,29.375664225317983,18
217.9999999999919,0.10000000000000001,2180,50,310.34784557327743,,2.9140181915885752,4.1279251235635543,4.1592195805821532,29.38779718011542,18
218.09999999999189,0.10000000000000001,2181,50,310.34732258612814,,2.9136783055661097,4.1274935632789997,4.1589897642426923,29.399921249848962,18
218.19999999999189,0.10000000000000001,2182,50,310.34681526575105,,2.9133382478077214,4.1270622021368393,4.1587596451466213,29.412032634608725,18
218.29999999999188,0.10000000000000001,2183,50,310.34632340351538,,2.9129989705303805,4.1266300889880778,4.1585287575044516,29.424132920252475,18
218.39999999999188,0.10000000000000001,2184,50,310.34584681640058,,2.9126609095623048,4.1261967887787776,4.1582966656935474,29.436226531305504,18
218.49999999999187,0.10000000000000001,2185,50,310.34538534825799,,2.9123224756047517,4.1257638890241068,4.1580649584850811,29.448310818554216,18
218.59999999999187,0.10000000000000001,2186,50,310.34493884383409,,2.911979436118679,4.125389415981159,4.1578378666411737,29.460405499345054,18
218.69999999999186,0.10000000000000001,2187,50,310.3445072213687,,2.9116264515561987,4.1250455661354293,4.1576207269013556,29.472523258925584,18
218.79999999999185,0.10000000000000001,2188,50,310.34409048989272,,2.9112718160866633,4.1246959967679127,4.1574052476123722,29.484637660129859,18
218.89999999999185,0.10000000000000001,2189,50,310.34368861833246,,2.9109136893758931,4.1243498914289098,4.1571725681815925,29.49690687786488,18
218.99999999999184,0.10000000000000001,2190,50,310.34330183271015,,2.9105542198259107,4.1240051047821034,4.1569466601937632,29.509434043280041,18
219.09999999999184,0.10000000000000001,2191,50,310.34293049384615,,2.9101912950229103,4.1236637463890942,4.1567241925154237,29.522214726772809,18
219.19999999999183,0.10000000000000001,2192,50,310.3425749397548,,2.9098178784408679,4.1233328426658531,4.1565121995023722,29.53516882776379,18
219.29999999999183,0.10000000000000001,2193,50,310.3422353265675,,2.9094415939033405,4.1230047804558545,4.1563030613594254,29.548279506055486,18
219.39999999999182,0.10000000000000001,2194,50,310.34191179085684,,2.9090619062161385,4.1226800945392466,4.1560973137944046,29.561519915660906,18
219.49999999999181,0.10000000000000001,2195,50,310.3416044339283,,2.9086757248543433,4.1223587839233744,4.1558980465218553,29.574871564234471,18
219.59999999999181,0.10000000000000001,2196,50,310.34131331091271,,2.9082818943867292,4.1220225072600796,4.1557066728406422,29.588375128959441,18
219.6999999999918,0.10000000000000001,2197,50,310.34103852222069,,2.9078793588730925,4.1216853627390853,4.1554962182625177,29.603004798771103,18
219.7999999999918,0.10000000000000001,2198,50,310.34078169271027,,2.9074688027258784,4.1213562189068726,4.1552910593419572,29.617756958720648,18
219.89999999999179,0.10000000000000001,2199,50,310.34054273566136,,2.907049704969709,4.1210355947881245,4.1550944425418201,29.632570710442121,18
219.99999999999179,0.10000000000000001,2200,50,310.34032147513778,,2.906628731164393,4.120716833806493,4.1548997072529685,29.647464826472643,18
220.09999999999178,0.10000000000000001,2201,50,310.34011780231543,,2.9062080665170353,4.1203977542792796,4.1547046702879911,29.662436989955694,18
220.19999999999177,0.10000000000000001,2202,50,310.3399316566464,,2.9057871836826457,4.1200788832289481,4.1545098595508021,29.677442794952061,18
220.29999999999177,0.10000000000000001,2203,50,310.33976293344432,,2.9053727251014365,4.119753589062257,4.1543086358419021,29.692445115529367,18
220.39999999999176,0.10000000000000001,2204,50,310.33961153282621,,2.9049523178567198,4.1194722957449734,4.1541107915661879,29.707299548042897,18
220.49999999999176,0.10000000000000001,2205,50,310.33947722673116,,2.9045124535184206,4.119212746856781,4.1539072330775388,29.721875080962079,18
220.59999999999175,0.10000000000000001,2206,50,310.33935970497924,,2.9040702344979179,4.1189372371279607,4.1537060268913173,29.736352439664525,18
220.69999999999175,0.10000000000000001,2207,50,310.33925892639957,,2.9036237108617722,4.1186659929208247,4.1534307658565535,29.750745728837448,18
220.79999999999174,0.10000000000000001,2208,50,310.33917487953289,,2.9031827064136912,4.1183892078161568,4.1531460632662593,29.765054696473953,18
220.89999999999173,0.10000000000000001,2209,50,310.33910752564248,,2.902743373398974,4.118110723691168,4.1528596858548052,29.779136839929443,18
220.99999999999173,0.10000000000000001,2210,50,310.3390565465341,,2.902305883735794,4.1178303694646541,4.1525714619210259,29.793073469965819,18
221.09999999999172,0.10000000000000001,2211,50,310.33902172908398,,2.901870215878728,4.1175481671898275,4.1522814131330845,29.80687655900644,18
221.19999999999172,0.10000000000000001,2212,50.000000000000007,310.33900286304475,,2.9014364802868213,4.1172640070681368,4.1519894292034492,29.820563303598952,18
221.29999999999171,0.10000000000000001,2213,49.999999999999993,310.33899975661444,,2.9010053980274568,4.1169775933977073,4.1516947895906195,29.834117002840593,18
221.39999999999171,0.10000000000000001,2214,50,310.33901218837315,,2.9005764893270412,4.1166832126640625,4.1513979739229754,29.847545606762917,18
221.4999999999917,0.10000000000000001,2215,50,310.33903993544749,,2.9001464902427196,4.1163338674994527,4.151040103765661,29.861452531348721,18
221.5999999999917,0.10000000000000001,2216,50,310.33908368423067,,2.8997110933375447,4.1159898818814709,4.1506820917370595,29.875319238757982,18
221.69999999999169,0.10000000000000001,2217,50,310.33914316150492,,2.8992726031639222,4.1156489559693519,4.1503425826070721,29.889166905559414,18
221.79999999999168,0.10000000000000001,2218,50,310.3392180922487,,2.8988367431155115,4.1153053771804791,4.1500046820471761,29.902953203381351,18
221.89999999999168,0.10000000000000001,2219,50,310.33930817570905,,2.898400001063294,4.1149626519108198,4.1496676592258366,29.916753924330557,18
221.99999999999167,0.10000000000000001,2220,50,310.33941326223027,,2.897959691790196,4.1146234607999475,4.1493341973608091,29.930606681016574,18
222.09999999999167,0.10000000000000001,2221,50,310.33953325520281,,2.8975205123030339,4.114283115159969,4.1489996039739774,29.944598857735361,18
222.19999999999166,0.10000000000000001,2222,50,310.3396682227937,,2.8970706259081553,4.1139534309270083,4.1486757048053402,29.958546802012847,18
222.29999999999166,0.10000000000000001,2223,50,310.3398180377539,,2.8965953642301949,4.1136316444072243,4.1483771532312357,29.97251111300924,18
222.39999999999165,0.10000000000000001,2224,50,310.33998283830226,,2.8961150313672066,4.1133535488905402,4.148083664457193,29.986447814413612,18
222.49999999999164,0.10000000000000001,2225,50,310.3401626892653,,2.8956248157848119,4.113103395418058,4.1477361161330615,30.000643538711106,18
222.59999999999164,0.10000000000000001,2226,50,310.34035812311777,,2.8951338989969848,4.112853909996705,4.1473961662182157,30.015116980733364,18
222.69999999999163,0.10000000000000001,2227,50,310.34056962408624,,2.8946417859193794,4.1126055869771134,4.1470574099096806,30.029725547534529,18
222.79999999999163,0.10000000000000001,2228,50,310.34079740290719,,2.8941484046144295,4.1123584982224441,4.1467199199530347,30.044455479752884,18
222.89999999999162,0.10000000000000001,2229,50,310.34104163238572,,2.8936534661986815,4.1121129321651742,4.1463839857384004,30.059245198826044,18
222.99999999999162,0.10000000000000001,2230,50,310.34130237862632,,2.8931573194358728,4.1118685406688948,4.1460492595369081,30.074092233897662,18
223.09999999999161,0.10000000000000001,2231,49.999999999999993,310.34157970333592,,2.8926600973701144,4.1116279997358012,4.1457156090654754,30.088994808885865,18
223.1999999999916,0.10000000000000001,2232,50,310.34187366513601,,2.8921626998415695,4.1113967716476374,4.1453821358244731,30.103795483069696,18
223.2999999999916,0.10000000000000001,2233,50,310.34218405843723,,2.8916639718334407,4.1111023954281727,4.1449405182197685,30.115632879045386,18
223.39999999999159,0.10000000000000001,2234,50,310.34250609375869,,2.8911644823600988,4.1108087496226435,4.1444902190205992,30.127251945651341,18
223.49999999999159,0.10000000000000001,2235,50,310.34283950324544,,2.8906667777639883,4.1105132932170774,4.1440487232448113,30.138769034842294,18
223.59999999999158,0.10000000000000001,2236,50,310.3431841548217,,2.8901715630283142,4.1102153235117607,4.1436074171056054,30.150201859943483,18
223.69999999999158,0.10000000000000001,2237,50,310.34353989958265,,2.8896771519842148,4.1099165240477733,4.1431653017653236,30.161547987136228,18
223.79999999999157,0.10000000000000001,2238,50,310.34390659243616,,2.8891828056144857,4.1096176329405987,4.1427231158883524,30.172801941711409,18
223.89999999999156,0.10000000000000001,2239,50,310.34428406581713,,2.8886905188713548,4.1093166592536576,4.142278867571842,30.183961933321683,18
223.99999999999156,0.10000000000000001,2240,50,310.34467215164426,,2.8881956466600247,4.1090183967667269,4.141837196402304,30.195044783961798,18
224.09999999999155,0.10000000000000001,2241,50,310.3450707450296,,2.8876930171592536,4.1087279895218254,4.1414032677558437,30.206063549765531,18
224.19999999999155,0.10000000000000001,2242,50,310.34547981871617,,2.8871895959222553,4.1084326401393874,4.140970125613789,30.217007034962663,18
224.29999999999154,0.10000000000000001,2243,50,310.34589932914815,,2.8866835017483163,4.1081378743019572,4.1405313728641353,30.228103046436821,18
224.39999999999154,0.10000000000000001,2244,50,310.34632961998852,,2.8861782052858969,4.1078422812576232,4.1400981265691881,30.239396389126025,18
224.49999999999153,0.10000000000000001,2245,50,310.34677100784978,,2.8856740012834816,4.1075455674059285,4.1396637896777682,30.250759287362023,18
224.59999999999152,0.10000000000000001,2246,50,310.34722361129036,,2.8851791109853431,4.1072395261277626,4.1392201507509458,30.262200611993059,18
224.69999999999152,0.10000000000000001,2247,50,310.34768762131739,,2.8846845018941325,4.1069331743574988,4.1387762308371867,30.273640192075295,18
224.79999999999151,0.10000000000000001,2248,50,310.34816309492089,,2.88419157018836,4.1066251179705677,4.1383306354688116,30.285082488814236,18
224.89999999999151,0.10000000000000001,2249,50,310.34865009297329,,2.8837047870649104,4.1063101472829224,4.1378788985363695,30.29654445009615,18
224.9999999999915,0.10000000000000001,2250,50,310.3491487360302,,2.8832243145654868,4.1059794695854821,4.1374208576698868,30.307932625328206,18
225.0999999999915,0.10000000000000001,2251,50,310.34965901549759,,2.8827473922037385,4.105618253402346,4.1369093443375986,30.317449062293214,18
225.19999999999149,0.10000000000000001,2252,50,310.35017805857353,,2.8822744110918839,4.1052530763958988,4.1363896381262126,30.326830558105719,18
225.29999999999148,0.10000000000000001,2253,50,310.35070588863698,,2.8818012347810411,4.1048880687239944,4.1358760263497434,30.336141683874231,18
225.39999999999148,0.10000000000000001,2254,50,310.35124252491647,,2.8813294262592333,4.1045216701845746,4.1353624083496072,30.34539435652297,18
225.49999999999147,0.10000000000000001,2255,50,310.35178797708994,,2.8808581124064672,4.1041547527728053,4.1348482935182043,30.354590141957662,18
225.59999999999147,0.10000000000000001,2256,50,310.35234224127009,,2.8803866114723218,4.1037879973200848,4.1343343630175662,30.363730266772649,18
225.69999999999146,0.10000000000000001,2257,50,310.3529052977662,,2.8799159832827876,4.1034203458036327,4.1338195587239364,30.372820832406632,18
225.79999999999146,0.10000000000000001,2258,50,310.35347712972106,,2.8794546300824138,4.103043409611697,4.1332954899252412,30.381882954166116,18
225.89999999999145,0.10000000000000001,2259,50,310.35405769456617,,2.8790113076752757,4.1026939209705642,4.1327534126970669,30.390930035292605,18
225.99999999999145,0.10000000000000001,2260,50,310.35464686919642,,2.878572777706558,4.1023802525995983,4.132206547236736,30.399952978168347,18
226.09999999999144,0.10000000000000001,2261,50,310.35524451704708,,2.8781420666199047,4.1020587572148726,4.1317361638641508,30.409126218233951,18
226.19999999999143,0.10000000000000001,2262,50,310.35585075820563,,2.8777121668214769,4.1017364344953675,4.1312731957279842,30.418485218779097,18
226.29999999999143,0.10000000000000001,2263,50,310.35646579013223,,2.877282898306337,4.1014134644869422,4.1308095966626883,30.428256145048273,18
226.39999999999142,0.10000000000000001,2264,50,310.35709021481506,,2.8768602808354009,4.1010838354879073,4.1303393543529054,30.438237993299783,18
226.49999999999142,0.10000000000000001,2265,50,310.35772436258867,,2.8764373815457209,4.1007544712228379,4.1298693922449665,30.448345770774271,18
226.59999999999141,0.10000000000000001,2266,50,310.35836843252173,,2.8760152725326709,4.1004243005683811,4.1293986395599731,30.458548594345217,18
226.69999999999141,0.10000000000000001,2267,50,310.35902257760023,,2.8755972878416047,4.1000891265885038,4.1289237662726821,30.468900649185493,18
226.7999999999914,0.10000000000000001,2268,50,310.35968707006901,,2.875182599025532,4.0997411032377489,4.1284455994189111,30.479015603390025,18
226.89999999999139,0.10000000000000001,2269,50,310.3603615668556,,2.8747697980088338,4.0993685034532907,4.1280172933934862,30.485665898308266,18
226.99999999999139,0.10000000000000001,2270,50,310.36104053929949,,2.8743595243247686,4.0989933691242761,4.127590885288936,30.49216426480946,18
227.09999999999138,0.10000000000000001,2271,50,310.36172398789193,,2.8739487357669242,4.0986187380897867,4.1271595430068615,30.498632343456716,18
227.19999999999138,0.10000000000000001,2272,50,310.36241205479172,,2.873538262004133,4.0982437814788186,4.1267267392042273,30.505068772850628,18
227.29999999999137,0.10000000000000001,2273,50,310.36310483997596,,2.8731274471130681,4.0978691540392731,4.1262942768258419,30.511471642277904,18
227.39999999999137,0.10000000000000001,2274,50,310.36380240700754,,2.8727159747371793,4.0974951713729331,4.125862471900021,30.51784143110212,18
227.49999999999136,0.10000000000000001,2275,50,310.36450479593179,,2.8723025397797866,4.0971231365266467,4.1254326280930345,30.524174743496722,18
227.59999999999135,0.10000000000000001,2276,50,310.36521201437796,,2.8718939814889382,4.0967419499943007,4.1249979138840844,30.530493984885393,18
227.69999999999135,0.10000000000000001,2277,50,310.36592405878355,,2.8714969678140161,4.0963817157224849,4.1245516685945782,30.536814892805626,18
227.79999999999134,0.10000000000000001,2278,50,310.36664088629828,,2.8711029089360363,4.0960498807645189,4.1241024719224022,30.543128468567772,18
227.89999999999134,0.10000000000000001,2279,50,310.36736244143719,,2.8707132026526034,4.0957136875656692,4.1236965142797102,30.549479492248864,18
227.99999999999133,0.10000000000000001,2280,50,310.36808872529235,,2.8703227905439301,4.0953781891912255,4.1232946333401719,30.555879381320587,18
228.09999999999133,0.10000000000000001,2281,50,310.36881976693348,,2.8699327120734641,4.095042347366781,4.1228924200017456,30.562558748682918,18
228.19999999999132,0.10000000000000001,2282,50,310.36955599431371,,2.8695427267835711,4.0947064022719273,4.1224901143856805,30.569355700522664,18
228.29999999999131,0.10000000000000001,2283,49.999999999999993,310.37029757606336,,2.8691526626385278,4.0943705256790146,4.1220878882848861,30.576241503309845,18
228.39999999999131,0.10000000000000001,2284,50,310.3710446376308,,2.868762814038365,4.0940344235143353,4.1216854476063558,30.583193344015047,18
228.4999999999913,0.10000000000000001,2285,50,310.37179726638658,,2.8683726949684774,4.0936979377045946,4.1212832778055324,30.59024412705746,18
228.5999999999913,0.10000000000000001,2286,50,310.37255560482726,,2.8679820070133344,4.0933580189626833,4.1208818185741851,30.597172293077517,18
228.69999999999129,0.10000000000000001,2287,50,310.37331942798232,,2.8675925357619452,4.0930194353612537,4.1205221882198346,30.602523812650908,18
228.79999999999129,0.10000000000000001,2288,50,310.37408616726805,,2.8672046617582545,4.09267925059841,4.1201644607077839,30.607834771942827,18
228.89999999999128,0.10000000000000001,2289,50,310.37485582168006,,2.8668196959284451,4.0923361552271,4.1198038234153183,30.613137239737764,18
228.99999999999127,0.10000000000000001,2290,50,310.37562844948565,,2.8664346895291239,4.0919930949139784,4.119443221895458,30.618431494768473,18
229.09999999999127,0.10000000000000001,2291,50,310.37640408825598,,2.866050276935729,4.0916494359143281,4.1190820222685671,30.623703852815989,18
229.19999999999126,0.10000000000000001,2292,50,310.37718274435639,,2.8656671747281304,4.0913044624534596,4.1187195084743484,30.628921697796464,18
229.29999999999126,0.10000000000000001,2293,50,310.3779643728102,,2.8652842556570999,4.0909593006565528,4.1183568064725007,30.634028817017104,18
229.39999999999125,0.10000000000000001,2294,50,310.37874883468447,,2.8649019846167088,4.0906134861398904,4.1179932034992639,30.639013564876297,18
229.49999999999125,0.10000000000000001,2295,50,310.37953597622851,,2.8645207272442863,4.090268931350642,4.1176208168408532,30.643813638994931,18
229.59999999999124,0.10000000000000001,2296,50,310.38032555068759,,2.8641396983941645,4.0899060991367779,4.117248202251198,30.648605897376889,18
229.69999999999123,0.10000000000000001,2297,50,310.38111759860294,,2.8637590332815073,4.089535742966862,4.1168777804800003,30.653380757741161,18
229.79999999999123,0.10000000000000001,2298,50,310.3819121374367,,2.8633785713333628,4.089165178900144,4.1165072830127709,30.658144011937232,18
229.89999999999122,0.10000000000000001,2299,50,310.38270919156378,,2.8629983676569681,4.0887943516955803,4.1161365267049783,30.662896932649382,18
229.99999999999122,0.10000000000000001,2300,50,310.38350878598698,,2.8626184067630409,4.088423276645937,4.1157655268521616,30.667639828456657,18
230.09999999999121,0.10000000000000001,2301,50,310.3843109447061,,2.8622386867026961,4.0880519555289565,4.1153942852327372,30.672372498765267,18
230.19999999999121,0.10000000000000001,2302,50,310.38511568957659,,2.8618591701322673,4.087680425485587,4.1150228389984678,30.677095385856006,18
230.2999999999912,0.10000000000000001,2303,50,310.38592304122449,,2.8614798344201962,4.0873070661804363,4.1146512106096322,30.681808471699181,18
230.39999999999119,0.10000000000000001,2304,50,310.38673301826884,,2.8611013511654404,4.0869245577329369,4.1142787290074159,30.686372286882211,18
230.49999999999119,0.10000000000000001,2305,50,310.3875453978406,,2.8607245965915147,4.0865593788917112,4.1139092393730143,30.689308289010555,18
230.59999999999118,0.10000000000000001,2306,50,310.38835757093915,,2.8603488407347806,4.0861932003495678,4.1135391501611132,30.692185624126786,18
230.69999999999118,0.10000000000000001,2307,50,310.38916951969395,,2.8599762172171359,4.0858238909160924,4.113180641559123,30.695051358156782,18
230.79999999999117,0.10000000000000001,2308,50,310.38998126198862,,2.8596040239727696,4.0854541496536427,4.1128242647926267,30.697913381243328,18
230.89999999999117,0.10000000000000001,2309,50,310.39079282218722,,2.85923164026861,4.0850845964149496,4.1124680829563083,30.700772471484719,18
230.99999999999116,0.10000000000000001,2310,50,310.39160422887392,,2.8588588946135349,4.0847154022584125,4.1121122670336163,30.70362677045345,18
231.09999999999116,0.10000000000000001,2311,50,310.39241550647984,,2.8584857488802826,4.0843466050528887,4.1117568548288101,30.706475652972557,18
231.19999999999115,0.10000000000000001,2312,50,310.39322667576721,,2.8581114600457136,4.0839795755592423,4.1114025883926004,30.709329203883087,18
231.29999999999114,0.10000000000000001,2313,50,310.39403777932233,,2.8577352382453061,4.0836159870757305,4.1110502566209091,30.71219642365228,18
231.39999999999114,0.10000000000000001,2314,50,310.39484888662076,,2.8573585717851167,4.0832536481797117,4.1106983725387627,30.715069700115841,18
231.49999999999113,0.10000000000000001,2315,50,310.39566005356011,,2.8569810732950431,4.0828921376352678,4.1103602461433955,30.718048508541827,18
231.59999999999113,0.10000000000000001,2316,50,310.39647148978895,,2.8566037703094844,4.0825304291611815,4.1100258259799558,30.721106358678103,18
231.69999999999112,0.10000000000000001,2317,50,310.39728334513575,,2.8562271524260385,4.0821680338721862,4.1096907201180874,30.724230760191723,18
231.79999999999112,0.10000000000000001,2318,50,310.39809574328598,,2.8558510650592313,4.0818051063126957,4.1093550831135293,30.727381396656313,18
231.89999999999111,0.10000000000000001,2319,50,310.3989087364119,,2.8554753839118847,4.0814417707375847,4.109019039245096,30.730533001899129,18
231.9999999999911,0.10000000000000001,2320,50,310.39972233130015,,2.8551004375671147,4.0810776991028854,4.10868226034657,30.733689246251231,18
232.0999999999911,0.10000000000000001,2321,50,310.40053653446853,,2.8547257952118428,4.080713395472074,4.108345176898613,30.736859048213464,18
232.19999999999109,0.10000000000000001,2322,50,310.40135136433912,,2.8543509282838846,4.0803490669983997,4.1080084174522318,30.739966700434167,18
232.29999999999109,0.10000000000000001,2323,50,310.40216671178382,,2.8539758600946645,4.0799799320752985,4.107667043734871,30.741963006496526,18
232.39999999999108,0.10000000000000001,2324,50,310.40298078501513,,2.8535998904569464,4.0796116974392396,4.1073259680471521,30.74389976182767,18
232.49999999999108,0.10000000000000001,2325,50,310.40379352955097,,2.8532231357939288,4.0792442468422996,4.1069856692013849,30.745800753453523,18
232.59999999999107,0.10000000000000001,2326,50,310.4046049100545,,2.8528464973074579,4.0788766803118355,4.1066452466667815,30.747684068013474,18
232.69999999999106,0.10000000000000001,2327,50,310.40541491556399,,2.8524698348477706,4.0785091379507667,4.1063048402196927,30.749524345307663,18
232.79999999999106,0.10000000000000001,2328,50,310.40622348936841,,2.8520930992101565,4.0781416690079713,4.1059644987968884,30.751306070743262,18
232.89999999999105,0.10000000000000001,2329,50,310.40703054567473,,2.8517167547893516,4.077773809863908,4.1056237582183206,30.752991145068385,18
232.99999999999105,0.10000000000000001,2330,50,310.40783593619312,,2.8513397876049247,4.077402481288054,4.1052836086149123,30.754667933113886,18
233.09999999999104,0.10000000000000001,2331,50,310.40863966828152,,2.8509606168406449,4.0770301247276963,4.1049425921393112,30.75636357387986,18
233.19999999999104,0.10000000000000001,2332,50,310.40944180754991,,2.8505803068268927,4.0766563165568321,4.1046027151863731,30.758082196397936,18
233.29999999999103,0.10000000000000001,2333,50,310.41024243029068,,2.8501984940636831,4.0762828784262304,4.1042556953001643,30.759807135388417,18
233.39999999999102,0.10000000000000001,2334,50,310.41104158980738,,2.8498162700792324,4.0759098501844422,4.1039086613089086,30.76154615820581,18
233.49999999999102,0.10000000000000001,2335,50,310.41183934906445,,2.8494336144046892,4.0755372523642688,4.1035620658614649,30.763301656635932,18
233.59999999999101,0.10000000000000001,2336,50,310.41263577175653,,2.8490491442114063,4.0751664659020959,4.1032172899303454,30.765069851472614,18
233.69999999999101,0.10000000000000001,2337,50,310.41343091040414,,2.8486640219393626,4.0747963300257091,4.1028731718468778,30.766851068500841,18
233.799999999991,0.10000000000000001,2338,50,310.41422482019527,,2.8482758581440395,4.0744292309152366,4.1025320983663409,30.768649099448776,18
233.899999999991,0.10000000000000001,2339,50,310.41501757935384,,2.8478857996835165,4.0740637749385735,4.1021929235090404,30.770456579459612,18
233.99999999999099,0.10000000000000001,2340,50,310.41580925067501,,2.8474949531940967,4.0736966330299689,4.1018542147798227,30.772246471275039,18
234.09999999999098,0.10000000000000001,2341,50,310.416599841383,,2.8471015559173543,4.0733267103709769,4.101504586694567,30.773542680655567,18
234.19999999999098,0.10000000000000001,2342,50,310.41738858977476,,2.8467083307937671,4.0729566167288143,4.1011545407383601,30.774757170424021,18
234.29999999999097,0.10000000000000001,2343,50,310.4181754081601,,2.8463159351204745,4.0725856958228466,4.1008036581795535,30.775915346088727,18
234.39999999999097,0.10000000000000001,2344,50,310.4189602443231,,2.8459245590482234,4.0722137579056454,4.1004517487813317,30.77702102238403,18
234.49999999999096,0.10000000000000001,2345,50,310.41974304630355,,2.8455341581148534,4.0718408475458672,4.1000988566908907,30.778077476998032,18
234.59999999999096,0.10000000000000001,2346,50,310.42052376529051,,2.845144551057849,4.0714671459156273,4.0997451627205788,30.7790819521861,18
234.69999999999095,0.10000000000000001,2347,50,310.42130234539599,,2.8447559373975384,4.071092453864984,4.0993904672794619,30.780031178771974,18
234.79999999999094,0.10000000000000001,2348,50,310.42207872733007,,2.8443667567512425,4.0707183298186393,4.099036328897709,30.780917074553034,18
234.89999999999094,0.10000000000000001,2349,50,310.42285284884861,,2.843975318051851,4.0703392845687825,4.0986700170224841,30.781731639703569,18
234.99999999999093,0.10000000000000001,2350,50,310.42362465235777,,2.8435823896144381,4.069957222458215,4.0983051406647872,30.78259075982891,18
235.09999999999093,0.10000000000000001,2351,50,310.42439426967087,,2.8431877032915596,4.069576912874961,4.0979336956704717,30.783492193606659,18
235.19999999999092,0.10000000000000001,2352,50,310.42516182722437,,2.8427922663786154,4.0691973500567054,4.097562584535865,30.784430570832775,18
235.29999999999092,0.10000000000000001,2353,50.000000000000007,310.42592743641836,,2.8423958758670755,4.0688187369430873,4.0971924263321577,30.785342971868925,18
235.39999999999091,0.10000000000000001,2354,50,310.42669109806542,,2.8419982271254334,4.0684413779007942,4.0968235251400378,30.786291367923791,18
235.49999999999091,0.10000000000000001,2355,50,310.42745290812564,,2.8415992437166233,4.0680653493668961,4.0964559571279962,30.787286041616085,18
235.5999999999909,0.10000000000000001,2356,50,310.42821297271797,,2.8411989645040161,4.0676906126062198,4.0960896832900247,30.788328513686121,18
235.69999999999089,0.10000000000000001,2357,50,310.42897139473098,,2.8407973737274994,4.0673152778600095,4.0957247192140125,30.789416601248966,18
235.79999999999089,0.10000000000000001,2358,50,310.42972826838366,,2.8403948167420232,4.0669273323851547,4.09536071977932,30.790569388097357,18
235.89999999999088,0.10000000000000001,2359,50,310.43048370923094,,2.8399911612988569,4.0665365420763537,4.0949919362897962,30.791651148285133,18
235.99999999999088,0.10000000000000001,2360,50,310.43123760943712,,2.8395854956533242,4.066147759942389,4.0946246760679799,30.792795703154496,18
236.09999999999087,0.10000000000000001,2361,50,310.43199006122148,,2.8391791514080067,4.0657596565517489,4.0942668702583145,30.793984936100919,18
236.19999999999087,0.10000000000000001,2362,50,310.43274110494679,,2.8387717705586963,4.0653725893120329,4.093911222873289,30.795224679658762,18
236.29999999999086,0.10000000000000001,2363,49.999999999999993,310.4334907954825,,2.8383631192150509,4.0649867915658611,4.0935568499995396,30.796498404068334,18
236.39999999999085,0.10000000000000001,2364,50,310.43423916868397,,2.8379530830498512,4.0646023772609308,4.093203865620044,30.797791321333204,18
236.49999999999085,0.10000000000000001,2365,50,310.43498623829669,,2.8375422506112544,4.0642187589056356,4.0928516816060032,30.79907742590909,18
236.59999999999084,0.10000000000000001,2366,50,310.43573197904823,,2.8371296004185806,4.0638370072089698,4.0925013181400951,30.80037210972413,18
236.69999999999084,0.10000000000000001,2367,50,310.4364764079553,,2.8367137269758973,4.063458511642601,4.0921541791465623,30.801672944154362,18
236.79999999999083,0.10000000000000001,2368,50,310.43721956263374,,2.8362970767526328,4.0630826428085411,4.0918078207081541,30.802973937751336,18
236.89999999999083,0.10000000000000001,2369,50,310.43796147408636,,2.8358790979089274,4.0627090350371571,4.0914607973292334,30.804325559171517,18
236.99999999999082,0.10000000000000001,2370,50,310.43870225538967,,2.835461948720654,4.0623345993757134,4.0911139386241855,30.805678051654468,18
237.09999999999081,0.10000000000000001,2371,50,310.43944192657017,,2.8350462921805168,4.0619586745455702,4.0907655859627585,30.806976732984978,18
237.19999999999081,0.10000000000000001,2372,50,310.44018041250479,,2.8346323426621671,4.061581046941396,4.0904155253847909,30.80820436558588,18
237.2999999999908,0.10000000000000001,2373,50,310.4409176090756,,2.8342200618714761,4.0612017551074953,4.0900637953257908,30.809347188715279,18
237.3999999999908,0.10000000000000001,2374,50,310.44165338973971,,2.8338092302286162,4.0608210184691016,4.0897106153023044,30.810411218197778,18
237.49999999999079,0.10000000000000001,2375,50,310.44238763942985,,2.8333998644523977,4.0604375615865074,4.0893559687601702,30.811401478353645,18
237.59999999999079,0.10000000000000001,2376,50,310.44312025209399,,2.8329915947419559,4.0600430020558278,4.0890002193748618,30.812274714069424,18
237.69999999999078,0.10000000000000001,2377,50,310.44385104915125,,2.8325844832840796,4.0596372248355106,4.0886319259489188,30.812291445322987,18
237.79999999999077,0.10000000000000001,2378,50,310.44457866773962,,2.8321781611131263,4.059230667738106,4.0882619607738908,30.812226892766603,18
237.89999999999077,0.10000000000000001,2379,50,310.44530303110668,,2.8317727862564546,4.0588231731281628,4.0878910417177341,30.812123782123546,18
237.99999999999076,0.10000000000000001,2380,50,310.44602412403765,,2.8313680004052064,4.058415098622036,4.0875195264898156,30.811985493241583,18
238.09999999999076,0.10000000000000001,2381,50,310.44674192624404,,2.830963914911016,4.0580063331377225,4.0871473036400747,30.811812018830771,18
238.19999999999075,0.10000000000000001,2382,50,310.44745641360197,,2.8305602022945551,4.0575972035211798,4.086774700096619,30.811611222990738,18
238.29999999999075,0.10000000000000001,2383,50,310.44816756878953,,2.8301567214901953,4.0571878505222934,4.0864018565500899,30.811392606209019,18
238.39999999999074,0.10000000000000001,2384,50,310.44887538723009,,2.8297527696518747,4.0567789754641677,4.0860294748607089,30.811182883621328,18
238.49999999999073,0.10000000000000001,2385,50,310.44957990976957,,2.8293470906005638,4.0563565408050604,4.0856575405696338,30.811027713275042,18
238.59999999999073,0.10000000000000001,2386,50,310.45028125689043,,2.8289396665980915,4.055927840596814,4.0852873198876365,30.810945064810372,18
238.69999999999072,0.10000000000000001,2387,50,310.45097958043192,,2.8285304693899112,4.055500917058092,4.0849145344910163,30.810932929903089,18
238.79999999999072,0.10000000000000001,2388,50,310.4516750306986,,2.8281199731911424,4.0550752968348434,4.0845428316736312,30.810992595699563,18
238.89999999999071,0.10000000000000001,2389,50,310.45236775753972,,2.8277076696018559,4.0546514868244445,4.0841729359620116,30.811172747589904,18
238.99999999999071,0.10000000000000001,2390,50,310.45305798546445,,2.8272928761359264,4.054230167276291,4.0838055288182566,30.8114476768354,18
239.0999999999907,0.10000000000000001,2391,50,310.45374588476045,,2.8268762440988562,4.0538106881423293,4.0834399594940969,30.811814242946145,18
239.19999999999069,0.10000000000000001,2392,50,310.45443161629316,,2.8264578071672828,4.0533930155176714,4.0830761941366074,30.812270979853189,18
239.29999999999069,0.10000000000000001,2393,50,310.45511533557936,,2.8260373143748234,4.0529764086030502,4.08271448323692,30.812816539728157,18
239.39999999999068,0.10000000000000001,2394,50,310.45579719068991,,2.8256150161991433,4.0525551514125064,4.0823545764373694,30.813405134195527,18
239.49999999999068,0.10000000000000001,2395,50,310.45647724437214,,2.8251915625087198,4.0521372703641889,4.0819937895658889,30.813501414192825,18
239.59999999999067,0.10000000000000001,2396,50,310.4571546945507,,2.8247671610845662,4.0517203407969147,4.081633783731756,30.81361741186813,18
239.69999999999067,0.10000000000000001,2397,50,310.45782958052399,,2.8243435204972007,4.0513026592742039,4.0812795508974116,30.813763349761512,18
239.79999999999066,0.10000000000000001,2398,50,310.45850195254548,,2.8239193411367252,4.0508855206197341,4.0809265364362695,30.813939130750224,18
239.89999999999065,0.10000000000000001,2399,50,310.45917186249545,,2.8234944172597993,4.0504691291974941,4.0805742702680998,30.814141790533995,18
239.99999999999065,0.10000000000000001,2400,50,310.4598393608432,,2.8230686377522929,4.0500535950161716,4.0802228631634749,30.814368754480242,18
240.09999999999064,0.10000000000000001,2401,50,310.46050449418016,,2.8226418529761359,4.0496390664309025,4.0798724644081448,30.814618310482214,18
240.19999999999064,0.10000000000000001,2402,50,310.46116730458959,,2.8222125000681135,4.0492366235523667,4.0795246350054191,30.814896515933633,18
240.29999999999063,0.10000000000000001,2403,50,310.46182785762102,,2.8217787786005593,4.0488394736205828,4.0791811734919943,30.815212739958017,18
240.39999999999063,0.10000000000000001,2404,50,310.46248625981764,,2.8213436456591445,4.0484404715695179,4.0788391261757546,30.815556472710881,18
240.49999999999062,0.10000000000000001,2405,50,310.46314259987327,,2.8209061611557367,4.048043825424779,4.0784898943492598,30.816016134302444,18
240.59999999999062,0.10000000000000001,2406,50,310.46379710439976,,2.8204686962642684,4.0476471730010868,4.078140650994186,30.816534937869122,18
240.69999999999061,0.10000000000000001,2407,50,310.4644498863974,,2.8200321281776004,4.0472496403500546,4.0777905053424908,30.817088798257249,18
240.7999999999906,0.10000000000000001,2408,50,310.46510101095754,,2.8195963100778458,4.0468513734397238,4.0774396040027217,30.817640594443635,18
240.8999999999906,0.10000000000000001,2409,50,310.46575047658894,,2.8191612142820248,4.0464523995891959,4.077087974556175,30.818168509041016,18
240.99999999999059,0.10000000000000001,2410,50,310.46639824239787,,2.8187267580220001,4.0460528010047794,4.0767356995959343,30.81868046681263,18
241.09999999999059,0.10000000000000001,2411,50,310.46704427860163,,2.8182929299420527,4.0456518475691681,4.0763827903675303,30.819182307840503,18
241.19999999999058,0.10000000000000001,2412,50,310.46768856360734,,2.8178594155373018,4.0452454487473979,4.0760295608936641,30.819643756586842,18
241.29999999999058,0.10000000000000001,2413,50,310.46833102063198,,2.8174256174077592,4.0448386820912487,4.0756642760867905,30.819553756728318,18
241.39999999999057,0.10000000000000001,2414,50,310.46897074955405,,2.8169888774991074,4.0444348635882852,4.0753009365830142,30.819523466215536,18
241.49999999999056,0.10000000000000001,2415,50,310.46960784858658,,2.8165493235628878,4.0440338651533168,4.0749430704640588,30.81955196121493,18
241.59999999999056,0.10000000000000001,2416,50,310.47024239449559,,2.8161081923789375,4.0436344545150353,4.0745870328899612,30.819645325525155,18
241.69999999999055,0.10000000000000001,2417,50,310.47087447570181,,2.8156652849927237,4.0432368290915779,4.0742327747281166,30.819783492682252,18
241.79999999999055,0.10000000000000001,2418,50,310.47150414966444,,2.8152201272542494,4.0428414602595417,4.0738807694104233,30.819947165232456,18
241.89999999999054,0.10000000000000001,2419,50,310.47213143644808,,2.8147738644960487,4.0424472070390021,4.0735298728398197,30.820089504379357,18
241.99999999999054,0.10000000000000001,2420,50,310.47275628274622,,2.8143255885142402,4.0420549730749471,4.0731809919711957,30.820265466720397,18
242.09999999999053,0.10000000000000001,2421,50,310.47337874361887,,2.8138733415512363,4.041648872435287,4.0728360822553711,30.820469833483102,18
242.19999999999052,0.10000000000000001,2422,50,310.47399888726807,,2.8134197014818989,4.0412329112196224,4.0724925688650915,30.820696576157392,18
242.29999999999052,0.10000000000000001,2423,50,310.4746167727597,,2.8129643254947712,4.0408182690575369,4.0721411413368509,30.820962127880868,18
242.39999999999051,0.10000000000000001,2424,50,310.47523248788309,,2.8125092398732665,4.0404033443973173,4.0717891165106126,30.821228446779024,18
242.49999999999051,0.10000000000000001,2425,50,310.47584604895087,,2.8120545438364601,4.0399880380243882,4.0714366990952158,30.821459402733808,18
242.5999999999905,0.10000000000000001,2426,50,310.47645740504458,,2.8116001076204649,4.0395724786746658,4.0710840188599615,30.821643370302066,18
242.6999999999905,0.10000000000000001,2427,50,310.47706648305251,,2.8111461779179976,4.039156420614944,4.0707308295605653,30.821770621985674,18
242.79999999999049,0.10000000000000001,2428,50,310.47767319549484,,2.8106913012882715,4.0387413091758182,4.0703785829176615,30.82184812661627,18
242.89999999999048,0.10000000000000001,2429,50,310.478277480656,,2.8102365652281893,4.0383283892537643,4.0700261929613717,30.821877102295684,18
242.99999999999048,0.10000000000000001,2430,50,310.47887928271905,,2.8097828914610643,4.0379313977206994,4.0696727392729786,30.821881683578393,18
243.09999999999047,0.10000000000000001,2431,50,310.47947858204185,,2.8093281708768516,4.0375438810751394,4.0693191239408337,30.822204004507828,18
243.19999999999047,0.10000000000000001,2432,50,310.4800759026424,,2.8088713379711314,4.0371584854384022,4.0689680220404432,30.822553898532064,18
243.29999999999046,0.10000000000000001,2433,50,310.48067126102029,,2.8084128745221371,4.0367747309323594,4.0686185439378724,30.82291893503497,18
243.39999999999046,0.10000000000000001,2434,50,310.48126465065013,,2.8079542538236222,4.036391151494402,4.0682692181973605,30.823302036457829,18
243.49999999999045,0.10000000000000001,2435,50,310.48185608135884,,2.8074943214969919,4.0360088944080168,4.0679211974525833,30.823697397564608,18
243.59999999999044,0.10000000000000001,2436,50,310.48244554891801,,2.8070317817599042,4.0356292477147839,4.0675757757002398,30.824090271469515,18
243.69999999999044,0.10000000000000001,2437,50,310.48303301066647,,2.8065670030685088,4.0352518443027572,4.0672325849572726,30.82445337670924,18
243.79999999999043,0.10000000000000001,2438,50,310.48361837649878,,2.8060993240103409,4.0348773414417245,4.0668922857120506,30.824754921584521,18
243.89999999999043,0.10000000000000001,2439,50,310.48420152060964,,2.8056279264102097,4.0344694547079651,4.0665408031033046,30.824941286836623,18
243.99999999999042,0.10000000000000001,2440,50,310.48478226307992,,2.8051537258955812,4.034041564753406,4.0661913949858244,30.825215342092456,18
244.09999999999042,0.10000000000000001,2441,50,310.48536076101124,,2.8046760575156782,4.0336171424419964,4.065836234892652,30.82557514182345,18
244.19999999999041,0.10000000000000001,2442,50,310.48593716604137,,2.8041950882245548,4.0331960203401698,4.0654839127421436,30.825997280590283,18
244.2999999999904,0.10000000000000001,2443,50,310.48651157542122,,2.803711788089136,4.0327772330115064,4.0651339205122285,30.82642926967366,18
244.3999999999904,0.10000000000000001,2444,50,310.48708399445525,,2.8032262473457554,4.0323606899860671,4.0647861675203965,30.826925021383396,18
244.49999999999039,0.10000000000000001,2445,50,310.48765451360822,,2.8027384630273104,4.0319463934668027,4.0644406561963811,30.827494330953463,18
244.59999999999039,0.10000000000000001,2446,50,310.48822323764864,,2.8022487979583497,4.0315339823061223,4.0640970237390528,30.828129769467466,18
244.69999999999038,0.10000000000000001,2447,50,310.48879025823692,,2.801757380738592,4.0311205717232834,4.0637551412613009,30.828835615995818,18
244.79999999999038,0.10000000000000001,2448,50,310.48935567388918,,2.8012634441080637,4.0306905854458108,4.0634157743476642,30.829613541198182,18
244.89999999999037,0.10000000000000001,2449,50,310.48991959020526,,2.8007658935822244,4.0302619508650643,4.0630874612072123,30.830927059167884,18
244.99999999999037,0.10000000000000001,2450,50,310.49048284878319,,2.8002628265850618,4.0298388246091372,4.0627652391678124,30.832431031053758,18
245.09999999999036,0.10000000000000001,2451,50,310.49104571198978,,2.7997526334434419,4.0294228019964988,4.0624374832047243,30.834112207649579,18
245.19999999999035,0.10000000000000001,2452,50,310.4916084365525,,2.7992394082843375,4.0290098169830424,4.0621118236103744,30.835942144944834,18
245.29999999999035,0.10000000000000001,2453,50,310.49217123105876,,2.7987237124724462,4.028599311470435,4.0617886359829347,30.837921521736313,18
245.39999999999034,0.10000000000000001,2454,50,310.4927343047238,,2.7982056264542541,4.0281912047715274,4.061467840024612,30.84004968999573,18
245.49999999999034,0.10000000000000001,2455,50,310.49329786420157,,2.7976854051015065,4.027785243171909,4.0611491812836622,30.842381190728833,18
245.59999999999033,0.10000000000000001,2456,50,310.49386220581118,,2.797163328363875,4.0274057227531292,4.0608323802482165,30.844780076195146,18
245.69999999999033,0.10000000000000001,2457,50,310.49442741088814,,2.7966388695267725,4.0270418120925582,4.0605179627741217,30.847247126641072,18
245.79999999999032,0.10000000000000001,2458,50,310.49499357766655,,2.7961131719483219,4.0266897031707725,4.0602047873445786,30.849771732251458,18
245.89999999999031,0.10000000000000001,2459,50,310.49556079021312,,2.7955857413522329,4.0263467799493471,4.0598864815714908,30.852383245269127,18
245.99999999999031,0.10000000000000001,2460,50,310.49612918131902,,2.7950584817180486,4.0260036972759812,4.0595675977208296,30.855004328573596,18
246.0999999999903,0.10000000000000001,2461,50,310.49669875051092,,2.7945324834843275,4.0256593727560315,4.0592474493848592,30.857588480609323,18
246.1999999999903,0.10000000000000001,2462,50,310.49726942118241,,2.7940089673069117,4.0253125945183204,4.0589248177980011,30.860123033166992,18
246.29999999999029,0.10000000000000001,2463,50,310.49784110470279,,2.793486682974522,4.0249646019248262,4.0586009508936858,30.862595766484688,18
246.39999999999029,0.10000000000000001,2464,50,310.49841369199959,,2.7929661766138052,4.0246148523325029,4.05827530329399,30.865012441892596,18
246.49999999999028,0.10000000000000001,2465,50,310.49898708595254,,2.7924482971758247,4.0242620508831539,4.0579470272055955,30.867375754651761,18
246.59999999999027,0.10000000000000001,2466,50,310.49956120298663,,2.7919320905703904,4.0239060754161518,4.0576170748040967,30.869725006084707,18
246.69999999999027,0.10000000000000001,2467,50,310.50013602864595,,2.7914170892675769,4.0235616939003185,4.0572835689547144,30.872294620923746,18
246.79999999999026,0.10000000000000001,2468,50,310.50071193900175,,2.7908994268093963,4.0232199682980312,4.0569525382187424,30.874983650207763,18
246.89999999999026,0.10000000000000001,2469,50,310.50128912855087,,2.7903789213170147,4.0228810783753524,4.0566242954380343,30.877772231157696,18
246.99999999999025,0.10000000000000001,2470,50,310.50186775236989,,2.7898564803894166,4.022544122446563,4.0562979857162755,30.880655837258931,18
247.09999999999025,0.10000000000000001,2471,50,310.5024479588443,,2.7893313514951443,4.0222098468435874,4.0559743638080015,30.883623107823745,18
247.19999999999024,0.10000000000000001,2472,50,310.50302987143874,,2.7888023672035294,4.021879410205921,4.0556545953100063,30.886665776977786,18
247.29999999999023,0.10000000000000001,2473,50,310.50361358382736,,2.7882695558912793,4.0215527842032568,4.0553386521442549,30.889775084511598,18
247.39999999999023,0.10000000000000001,2474,50,310.50419916348142,,2.7877324871573879,4.0212303962310258,4.055026964164508,30.892915385375545,18
247.49999999999022,0.10000000000000001,2475,50,310.50478662910683,,2.7871903718601621,4.0208658149352692,4.0547203193255612,30.89607946531957,18
247.59999999999022,0.10000000000000001,2476,50,310.50537601575815,,2.7866460298595577,4.0204746127098927,4.0544159031281231,30.899287466482853,18
247.69999999999021,0.10000000000000001,2477,50,310.50596739528117,,2.7860988722720608,4.0200862217427931,4.0541148242075931,30.90271437862949,18
247.79999999999021,0.10000000000000001,2478,50,310.50656111433324,,2.7855497699928629,4.0196997767378582,4.053816230196631,30.906195998749254,18
247.8999999999902,0.10000000000000001,2479,50,310.50715721807279,,2.7850007439201807,4.019313271811539,4.0535175560952652,30.909438742186758,18
247.99999999999019,0.10000000000000001,2480,50,310.50775526008943,,2.7844519348774446,4.0189265678231623,4.0532186614979313,30.91258384406455,18
248.09999999999019,0.10000000000000001,2481,50,310.50835502694457,,2.7839033549360277,4.0185396534027911,4.0529195344319868,30.915641786918858,18
248.19999999999018,0.10000000000000001,2482,50,310.50895632419082,,2.7833551289258853,4.0181524053238746,4.0526200503072278,30.918599987729003,18
248.29999999999018,0.10000000000000001,2483,50,310.50955893764461,,2.7828072821578775,4.0177671022422707,4.0523201838152483,30.921487222183458,18
248.39999999999017,0.10000000000000001,2484,50,310.51016270256798,,2.7822596504736206,4.0173971935393542,4.0520200987104751,30.924340669419472,18
248.49999999999017,0.10000000000000001,2485,50,310.51076751979866,,2.7817128021850475,4.0170253920696464,4.0517045797353726,30.926883428563457,18
248.59999999999016,0.10000000000000001,2486,50,310.51137285579739,,2.7811628456719717,4.0166566950085496,4.0513910441997893,30.929579724583864,18
248.69999999999015,0.10000000000000001,2487,50,310.51197894206712,,2.7806115318679199,4.0162893646689319,4.0510758612208102,30.932535024434333,18
248.79999999999015,0.10000000000000001,2488,50,310.5125862079891,,2.7800578353009495,4.0159244167610746,4.0507628964314559,30.935697830411762,18
248.89999999999014,0.10000000000000001,2489,50,310.51319499248615,,2.779501272207364,4.0155623298077989,4.0504527970101574,30.939092555484677,18
248.99999999999014,0.10000000000000001,2490,50,310.51380566033407,,2.7789409454071183,4.0152039923253424,4.0501464587925478,30.942752833070237,18
249.09999999999013,0.10000000000000001,2491,50,310.5144186135218,,2.778375916954908,4.0148503332853034,4.0498448183035984,30.946891771211085,18
249.19999999999013,0.10000000000000001,2492,50,310.51503458965726,,2.7778047601353566,4.0145027662957631,4.0495492998719742,30.951108218609964,18
249.29999999999012,0.10000000000000001,2493,50,310.51565367490065,,2.7772264522499279,4.0141353051166959,4.0492609245946243,30.95542198962902,18
249.39999999999011,0.10000000000000001,2494,50,310.51627602952613,,2.776645432060064,4.0137750413565092,4.048975262949452,30.959815344017958,18
249.49999999999011,0.10000000000000001,2495,50,310.51690179059767,,2.776060441832128,4.0134374964682724,4.0486838428156737,30.964496297424869,18
249.5999999999901,0.10000000000000001,2496,50,310.51753142672459,,2.7754733459868275,4.0131020274526845,4.0483943431999228,30.969274802122779,18
249.6999999999901,0.10000000000000001,2497,50,310.51816505562681,,2.7748867857862383,4.0127660153418176,4.048104304589355,30.974034002137394,18
249.79999999999009,0.10000000000000001,2498,50,310.51880259450411,,2.7743013709682316,4.0124288556861991,4.0478131188906366,30.97873415512748,18
249.89999999999009,0.10000000000000001,2499,50,310.51944389563249,,2.773717248200398,4.0120904032608529,4.0475206400391857,30.983344578795176,18
249.99999999999008,0.10000000000000001,2500,50,310.52008876654634,,2.7731346496291334,4.0117504281597984,4.0472266365369309,30.98786870945089,18
250.09999999999008,0.10000000000000001,2501,50,310.52073702663557,,2.7725537850968731,4.011414419443522,4.0469308990458908,30.992310797376327,18
250.19999999999007,0.10000000000000001,2502,50,310.52138850880198,,2.771975663254711,4.0111094470454161,4.0466324208390887,30.996513364307198,18
250.29999999999006,0.10000000000000001,2503,50.000000000000007,310.52204279170775,,2.7713980285836763,4.0107595547085708,4.0463077915062957,30.99906679702957,18
250.39999999999006,0.10000000000000001,2504,50,310.52269714367725,,2.7708158536030112,4.0104141743251658,4.0459857583113266,31.001730190430518,18
250.49999999999005,0.10000000000000001,2505,50,310.52335172374273,,2.770230100083781,4.0100723520464454,4.045671358036719,31.004648140252453,18
250.59999999999005,0.10000000000000001,2506,50,310.52400690859344,,2.7696425900264288,4.0097322810575369,4.0453588934412936,31.007783507196528,18
250.69999999999004,0.10000000000000001,2507,50,310.52466302421249,,2.7690524320023187,4.009394844570954,4.0450490760243394,31.011163645320831,18
250.79999999999004,0.10000000000000001,2508,50,310.52532043824772,,2.768459025727712,4.0090606371475026,4.0447425052563384,31.014832728395536,18
250.89999999999003,0.10000000000000001,2509,50,310.52597958173925,,2.7678648024410446,4.0087272478587614,4.0444367553899268,31.019069559634641,18
250.99999999999002,0.10000000000000001,2510,50,310.52664135560815,,2.7672678145493927,4.0083966066639336,4.044133770166324,31.023392297427982,18
251.09999999999002,0.10000000000000001,2511,50,310.52730588732516,,2.7666650994285766,4.0080537574924158,4.0438365062521253,31.027814242637234,18
251.19999999999001,0.10000000000000001,2512,50,310.52797335290438,,2.7660600528014889,4.0077227514710749,4.0435415756540207,31.032317780585942,18
251.29999999999001,0.10000000000000001,2513,50,310.52864389788255,,2.7654516619987941,4.0074142405778854,4.0432511064096346,31.037036255806505,18
251.39999999999,0.10000000000000001,2514,50,310.52931788077279,,2.7648439225415631,4.007105069152578,4.0429602752232947,31.041798576054703,18
251.49999999999,0.10000000000000001,2515,50,310.52999536129124,,2.7642384048088617,4.0067936804148898,4.0426672206918193,31.04650442289396,18
251.59999999998999,0.10000000000000001,2516,50,310.53067623327479,,2.7636376667168792,4.0064775384211986,4.0423693908502853,31.051132738828773,18
251.69999999998998,0.10000000000000001,2517,50,310.53136037192098,,2.7630386842528143,4.006159640921334,4.0420698036970126,31.055656998147445,18
251.79999999998998,0.10000000000000001,2518,50,310.53204760655211,,2.7624428251152011,4.0058386319701818,4.0417670948678497,31.060085261511894,18
251.89999999998997,0.10000000000000001,2519,50,310.53273778416485,,2.761851509365953,4.0055105138969971,4.0414598474300529,31.064427222549671,18
251.99999999998997,0.10000000000000001,2520,50,310.53343078399701,,2.7612646450399172,4.0051587824929911,4.0411481531354738,31.068671000237558,18
252.09999999998996,0.10000000000000001,2521,50,310.53412648252424,,2.7606800071372044,4.0047915392144011,4.04081233274115,31.072508145525294,18
252.19999999998996,0.10000000000000001,2522,50,310.53482426518144,,2.7600930039766269,4.0044266226811471,4.0404772410155791,31.07640893042668,18
252.29999999998995,0.10000000000000001,2523,50,310.53552429004316,,2.7595032037261649,4.0040644616364185,4.040141569414863,31.080386966313792,18
252.39999999998994,0.10000000000000001,2524,50,310.53622673279671,,2.7589116810785956,4.0037039910748957,4.0398075093279973,31.084437251437649,18
252.49999999998994,0.10000000000000001,2525,50,310.53693175052399,,2.7583179249095315,4.0033457182785623,4.0394756814645358,31.088548659123685,18
252.59999999998993,0.10000000000000001,2526,50,310.53763947181386,,2.7577208656004633,4.0029907044277921,4.0391471537180434,31.092714929044572,18
252.69999999998993,0.10000000000000001,2527,50,310.53834999816024,,2.7571195708638196,4.0026398746880405,4.0388228569040159,31.096927611584519,18
252.79999999998992,0.10000000000000001,2528,50,310.53906339739541,,2.756514127711863,4.002326912791637,4.038502704818276,31.101112956119948,18
252.89999999998992,0.10000000000000001,2529,50,310.53977961682466,,2.7559055159431551,4.0020002872971858,4.0381857203641705,31.105254950209574,18
252.99999999998991,0.10000000000000001,2530,50,310.54049860199177,,2.7552956946766258,4.0016594078333165,4.0378699492153034,31.109401151274248,18
253.0999999999899,0.10000000000000001,2531,50,310.54122038338312,,2.754683712606091,4.0013206660801588,4.0375548923476972,31.113566677308082,18
253.1999999999899,0.10000000000000001,2532,50,310.54194501862372,,2.7540701553314886,4.0009834813435594,4.0372413323327336,31.117540281711836,18
253.29999999998989,0.10000000000000001,2533,50,310.54267219169304,,2.7534582669133636,4.000644636491141,4.0369260985020157,31.120902813770464,18
253.39999999998989,0.10000000000000001,2534,50,310.5434008885519,,2.7528481348106411,4.0003040449373177,4.0366091047053212,31.123971713252846,18
253.49999999998988,0.10000000000000001,2535,50,310.54413062118726,,2.7522397672156651,3.9999616987123039,4.0362903437505135,31.126841562159974,18
253.59999999998988,0.10000000000000001,2536,50,310.54486105559897,,2.75163323330059,3.9996175292887814,4.035969747445467,31.129459816275308,18
253.69999999998987,0.10000000000000001,2537,50,310.54559176742134,,2.7510285526698564,3.9992661839424506,4.0356472969125088,31.131903624706275,18
253.79999999998986,0.10000000000000001,2538,50,310.54632246052358,,2.750425072138122,3.9988769165565161,4.0353236445470619,31.13424895866191,18
253.89999999998986,0.10000000000000001,2539,50,310.54705295307519,,2.7498253529363925,3.9984810199166017,4.0349828966584225,31.135973583025049,18
253.99999999998985,0.10000000000000001,2540,50,310.54778222311336,,2.7492253983586927,3.9980853431750973,4.0346413937319685,31.137771968537372,18
254.09999999998985,0.10000000000000001,2541,50,310.5485103945133,,2.7486273137908181,3.9976877995432969,4.0343089168739281,31.139828489024428,18
254.19999999998984,0.10000000000000001,2542,50,310.54923789852478,,2.7480270558646143,3.9972923982670161,4.0339788461235084,31.142115356703901,18
254.29999999998984,0.10000000000000001,2543,50,310.54996511356029,,2.7474244950794393,3.9968992678462416,4.0336510776285044,31.144652532055115,18
254.39999999998983,0.10000000000000001,2544,50,310.55069244847726,,2.7468186831103392,3.9965093482978022,4.0333265580905904,31.147500639270508,18
254.49999999998983,0.10000000000000001,2545,50,310.55142040163247,,2.7462072969363307,3.9961249417659217,4.0330076058988817,31.151036206406033,18
254.59999999998982,0.10000000000000001,2546,50,310.55215006749415,,2.7455895630173188,3.9957683322478879,4.0326949935758858,31.15466223255606,18
254.69999999998981,0.10000000000000001,2547,50,310.55288155675254,,2.7449657039582225,3.9954264838459355,4.0323884997594455,31.158391157457622,18
254.79999999998981,0.10000000000000001,2548,50,310.55361504907523,,2.7443400243980491,3.9951139926352246,4.0320838302377293,31.162206307658256,18
254.8999999999898,0.10000000000000001,2549,50,310.55435070704965,,2.7437114214530376,3.9948305076599575,4.0317785712566101,31.166193030491691,18
254.9999999999898,0.10000000000000001,2550,50,310.55508883921084,,2.7430804983540904,3.9945493140067758,4.0314752491886079,31.170166204158086,18
255.09999999998979,0.10000000000000001,2551,50,310.55582941305806,,2.7424517022871067,3.9942660026178167,4.0311697947646277,31.174036180408113,18
255.19999999998979,0.10000000000000001,2552,50,310.55657223926147,,2.7418254189873652,3.9939801902187138,4.0308618245296541,31.177782413570693,18
255.29999999998978,0.10000000000000001,2553,50,310.55731709614946,,2.7412017629314525,3.9936917624090835,4.0305512254561311,31.181398286869992,18
255.39999999998977,0.10000000000000001,2554,50,310.55806375225302,,2.7405807688709727,3.9934006838295959,4.0302379638848702,31.184888320912755,18
255.49999999998977,0.10000000000000001,2555,50,310.55881198568699,,2.7399624574425507,3.9931065414745261,4.0299220201335464,31.188260750572844,18
255.59999999998976,0.10000000000000001,2556,50,310.55956159109564,,2.739345158608137,3.9928017178527537,4.0296050613614796,31.191310276211595,18
255.69999999998976,0.10000000000000001,2557,50,310.56031202700859,,2.7387321413535117,3.9924294822503157,4.0292626603976824,31.19215350438288,18
255.79999999998975,0.10000000000000001,2558,50,310.56105969382293,,2.7381209318120865,3.9920554248123152,4.0289168979606274,31.193037681189256,18
255.89999999998975,0.10000000000000001,2559,50,310.56180476299158,,2.7375112541971882,3.9916798200008961,4.0285623096786054,31.194140636821157,18
255.99999999998974,0.10000000000000001,2560,50,310.56254772861882,,2.7369001050758945,3.9913056486209562,4.0282091161746978,31.195432925022452,18
256.09999999998973,0.10000000000000001,2561,50,310.56328900950967,,2.7362880313086873,3.9909323688878597,4.0278568475470014,31.196930786447723,18
256.19999999998976,0.10000000000000001,2562,50,310.56402902949111,,2.7356748284982597,3.9905601843244787,4.0275057081459549,31.198690321316551,18
256.29999999998978,0.10000000000000001,2563,50,310.56476828977952,,2.7350579803775226,3.9901915920988671,4.0271582090079807,31.201026161536088,18
256.3999999999898,0.10000000000000001,2564,50,310.56550778609562,,2.7344397795601552,3.9898243181407649,4.0268120633793583,31.203446059150281,18
256.49999999998983,0.10000000000000001,2565,50,310.56624767089977,,2.7338235143735794,3.9894384650527344,4.0264639907830837,31.205949140778589,18
256.59999999998985,0.10000000000000001,2566,50,310.56698807877473,,2.7332068903203695,3.9890572715417467,4.0261162805169821,31.208530964239316,18
256.69999999998987,0.10000000000000001,2567,50,310.56772913883697,,2.7325906533924647,3.9886951615385464,4.0257720561455992,31.211064456555444,18
256.79999999998989,0.10000000000000001,2568,50,310.56847078623611,,2.7319734001417828,3.9883340551946076,4.0254292113877268,31.213459699185034,18
256.89999999998992,0.10000000000000001,2569,50,310.569212803852,,2.7313578996071244,3.9879712048191922,4.0250846056882237,31.215689301652656,18
256.99999999998994,0.10000000000000001,2570,50,310.56995492713412,,2.7307435575203334,3.9876072000525782,4.0247388329695415,31.217761062256827,18
257.09999999998996,0.10000000000000001,2571,50,310.57069690613497,,2.7301309771939639,3.9872414420385036,4.024391292268044,31.219693464599057,18
257.19999999998998,0.10000000000000001,2572,50,310.5714385255161,,2.7295163490088603,3.9868777121737797,4.024045785535237,31.221499241391157,18
257.29999999999001,0.10000000000000001,2573,50,310.57217962303088,,2.7289015954257554,3.9865148072206416,4.0237003958866637,31.223180811933872,18
257.39999999999003,0.10000000000000001,2574,50,310.57292005139288,,2.7282892681418227,3.9861500325358747,4.0233525781719495,31.224574200846781,18
257.49999999999005,0.10000000000000001,2575,50,310.57365937911902,,2.7276753679051797,3.9857479578405708,4.0229925632791854,31.224266719986403,18
257.59999999999008,0.10000000000000001,2576,50,310.57439484776268,,2.7270625988640651,3.985344749876556,4.0226298063851651,31.223776188890817,18
257.6999999999901,0.10000000000000001,2577,50,310.57512620305249,,2.7264506813401503,3.9849406873465352,4.0222661942811095,31.223250149653989,18
257.79999999999012,0.10000000000000001,2578,50,310.57585341747927,,2.7258417296563406,3.9845336729997927,4.0218996185668132,31.222707369235568,18
257.89999999999014,0.10000000000000001,2579,50,310.57657649707352,,2.7252349788143944,3.9841244672636709,4.0215308433775352,31.22216505798556,18
257.99999999999017,0.10000000000000001,2580,50,310.57729547314227,,2.7246297310116629,3.9837137636535109,4.0211605657654417,31.221700878352753,18
258.09999999999019,0.10000000000000001,2581,50,310.5780104981867,,2.7240267482752492,3.98330080691469,4.020788026180111,31.221696981516587,18
258.19999999999021,0.10000000000000001,2582,50,310.5787223542975,,2.7234252322032813,3.9828993159317871,4.0204140218294917,31.221732816590041,18
258.29999999999023,0.10000000000000001,2583,50,310.57943112310755,,2.7228237715954435,3.9825021754581038,4.0200307483847535,31.221919858401566,18
258.39999999999026,0.10000000000000001,2584,50,310.58013706341649,,2.7222199873086335,3.9821306528167373,4.0196485467585985,31.22226751477913,18
258.49999999999028,0.10000000000000001,2585,50,310.58084045821431,,2.7216134116572075,3.9817871937598364,4.0192689735946248,31.222833882701387,18
258.5999999999903,0.10000000000000001,2586,50,310.58154168939359,,2.7210045652415014,3.9814459790876766,4.0188916600041544,31.223555729172393,18
258.69999999999033,0.10000000000000001,2587,50,310.58224103510378,,2.7203954496481924,3.9811050215910595,4.0185146170729249,31.224388518593109,18
258.79999999999035,0.10000000000000001,2588,50,310.58293871469783,,2.7197875162264395,3.9807628792795189,4.0181363964866037,31.225333868895138,18
258.89999999999037,0.10000000000000001,2589,50,310.58363497683746,,2.7191773045365588,3.9804229856784743,4.0177604506999147,31.226375251468351,18
258.99999999999039,0.10000000000000001,2590,50,310.5843300405113,,2.7185650404172019,3.9800851156825909,4.0173865546275849,31.227513371427776,18
259.09999999999042,0.10000000000000001,2591,50,310.58502414683585,,2.7179533652617698,3.9797432940929158,4.0170120727108376,31.228748085315921,18
259.19999999999044,0.10000000000000001,2592,50,310.58571755947747,,2.7173430089507233,3.9793739761560483,4.0166362762798657,31.230048533498191,18
259.29999999999046,0.10000000000000001,2593,50,310.58641049800485,,2.7167283743546538,3.978978839595626,4.0162348648840176,31.230585430424874,18
259.39999999999048,0.10000000000000001,2594,50,310.58710183571611,,2.716115037122516,3.9785824237947955,4.0158295433286275,31.230887939867511,18
259.49999999999051,0.10000000000000001,2595,50,310.58779129524095,,2.7155009703774091,3.9781867418188526,4.0154249378405087,31.230988039148261,18
259.59999999999053,0.10000000000000001,2596,50,310.58847859399702,,2.7148902018253671,3.9777877939597723,4.0150170318585827,31.2309080637378,18
259.69999999999055,0.10000000000000001,2597,50,310.58916347520858,,2.7142817998116473,3.9773865053648283,4.014606756523273,31.230654577580037,18
259.79999999999058,0.10000000000000001,2598,50,310.58984568950655,,2.7136745311820842,3.9769841007444389,4.0141953436308926,31.230254992990496,18
259.8999999999906,0.10000000000000001,2599,50,310.59052501803785,,2.7130697482255108,3.9765792369515918,4.0137814454265897,31.229802320083909,18
259.99999999999062,0.10000000000000001,2600,50,310.59120138717668,,2.7124664029077925,3.9761931970512654,4.0133661086262205,31.22935071529098,18
260.09999999999064,0.10000000000000001,2601,50,310.59187480841541,,2.7118623218451776,3.9757974433759022,4.012962025252361,31.229145512628712,18
260.19999999999067,0.10000000000000001,2602,50,310.59254568461307,,2.711256281559046,3.9753975294449946,4.0125614554315456,31.229024119736881,18
260.29999999999069,0.10000000000000001,2603,50,310.59321416686032,,2.7106478855623002,3.9749999097713169,4.012156943192883,31.228973326176909,18
260.39999999999071,0.10000000000000001,2604,50,310.5938804036731,,2.710037721511406,3.9746039996971114,4.0117538849680239,31.228880476241162,18
260.49999999999073,0.10000000000000001,2605,50,310.59454436297142,,2.7094272610419097,3.9742083367382417,4.0113511270617996,31.228528513368992,18
260.59999999999076,0.10000000000000001,2606,50,310.59520566535656,,2.7088179687801879,3.9738114655144283,4.0109472074868853,31.228098653204849,18
260.69999999999078,0.10000000000000001,2607,50,310.595864250815,,2.708207719826687,3.9734154950340232,4.0105442453792106,31.227652057714398,18
260.7999999999908,0.10000000000000001,2608,50,310.59652016078417,,2.7075979791915961,3.9730189692270672,4.0101407786260514,31.227123387946897,18
260.89999999999083,0.10000000000000001,2609,50,310.59717333304326,,2.7069899946733562,3.9726201792244731,4.0097355616651225,31.226579932648075,18
260.99999999999085,0.10000000000000001,2610,50,310.59782383177907,,2.7063846708589381,3.9722169438363979,4.0093276912983224,31.226313837456601,18
261.09999999999087,0.10000000000000001,2611,50,310.59847220306818,,2.7057813485477591,3.9718246064494536,4.0089139829625147,31.228775948510997,18
261.19999999999089,0.10000000000000001,2612,49.999999999999993,310.59912293194401,,2.7051795566515384,3.971430730528752,4.0084988567100854,31.231336930720495,18
261.29999999999092,0.10000000000000001,2613,50,310.59977611426473,,2.7045819696223607,3.9710326587619935,4.0081017111022064,31.233927527398517,18
261.39999999999094,0.10000000000000001,2614,50,310.60043173031846,,2.703983683665852,3.9706352589486085,4.0077052608721564,31.236554255962659,18
261.49999999999096,0.10000000000000001,2615,50,310.60108979466924,,2.7033839135460642,3.9702393093553949,4.0073102893670098,31.239213473623874,18
261.59999999999098,0.10000000000000001,2616,50,310.60175032976053,,2.7027810799582905,3.9698463768541989,4.0069183725864823,31.241901643267884,18
261.69999999999101,0.10000000000000001,2617,50,310.60241334560385,,2.7021750379793512,3.9694566039610488,4.0065296556971441,31.244617274797079,18
261.79999999999103,0.10000000000000001,2618,50,310.60307884340557,,2.7015654948878183,3.9690702800056594,4.0061444313801324,31.247317021385172,18
261.89999999999105,0.10000000000000001,2619,50,310.60374675490084,,2.7009539536295684,3.9686512064825576,4.0057612004133825,31.250001323045879,18
261.99999999999108,0.10000000000000001,2620,50,310.60441703207914,,2.7003414786881583,3.9682117812474931,4.0053789006922429,31.252686174542429,18
262.0999999999911,0.10000000000000001,2621,50,310.60508966321129,,2.6997280927947118,3.9677732457550414,4.0049776700195308,31.255054799149082,18
262.19999999999112,0.10000000000000001,2622,50,310.60576415578208,,2.6991145568930719,3.9673348445481058,4.0045763010923272,31.257026621902234,18
262.29999999999114,0.10000000000000001,2623,49.999999999999993,310.60643987947282,,2.6985043204936137,3.9668931532980634,4.004171623638606,31.258472677727369,18
262.39999999999117,0.10000000000000001,2624,50,310.60711598423194,,2.6978962853120496,3.9664492634939643,4.0037647350072323,31.25954135466862,18
262.49999999999119,0.10000000000000001,2625,50,310.60779187226541,,2.6972915662841936,3.9660020692859148,4.0033545237842851,31.260316821338602,18
262.59999999999121,0.10000000000000001,2626,50,310.60846709495559,,2.696682674922152,3.9655590049588829,4.0029484645606344,31.260765119649559,18
262.69999999999123,0.10000000000000001,2627,50,310.60914121012883,,2.6960729599223709,3.965117072171477,4.0025432172987587,31.260943339301544,18
262.79999999999126,0.10000000000000001,2628,50,310.60981389642961,,2.6954677782288536,3.9646734546756432,4.0021334369535992,31.261002001152193,18
262.89999999999128,0.10000000000000001,2629,50,310.61048505659261,,2.6948620342285707,3.9642356758210773,4.0016765479677501,31.262420073107474,18
262.9999999999913,0.10000000000000001,2630,50,310.611156970884,,2.6942610066860588,3.9637932068750175,4.0012091187112961,31.26368419765479,18
263.09999999999133,0.10000000000000001,2631,50,310.6118294149133,,2.6936656371354584,3.9633451149179395,4.0007360467958932,31.264789418962859,18
263.19999999999135,0.10000000000000001,2632,50,310.61250218044404,,2.6930739459187381,3.9628933659594425,4.000259309006589,31.265764366008749,18
263.29999999999137,0.10000000000000001,2633,50,310.61317510060343,,2.6924856123034298,3.9624382794539543,3.9997792266908272,31.26662432903893,18
263.39999999999139,0.10000000000000001,2634,50,310.61384802916274,,2.6919003915907203,3.9619800993595673,3.9992960452326707,31.267439871160597,18
263.49999999999142,0.10000000000000001,2635,50,310.61452093210511,,2.6913174397742381,3.9615196641504609,3.9988106077130947,31.268448562529038,18
263.59999999999144,0.10000000000000001,2636,50,310.61519415346589,,2.6907333967998719,3.9610769242665711,3.9983262666436663,31.269656839321108,18
263.69999999999146,0.10000000000000001,2637,50,310.61586803148498,,2.690144532838743,3.9606430854958763,3.9978614652658804,31.2713839663997,18
263.79999999999148,0.10000000000000001,2638,50,310.61654340815153,,2.6895512577150074,3.9602186286735073,3.9974035762360765,31.273337200199485,18
263.89999999999151,0.10000000000000001,2639,50,310.61722065229168,,2.6889522167286906,3.959806599019092,3.9969354611303611,31.275510911471972,18
263.99999999999153,0.10000000000000001,2640,50,310.61790014050138,,2.6883494486696806,3.9593982590626062,3.9964702760727704,31.277883028257751,18
264.09999999999155,0.10000000000000001,2641,50,310.6185822091378,,2.6877439322504029,3.9589926358030514,3.9960078443516958,31.280434701491657,18
264.19999999999158,0.10000000000000001,2642,50,310.61926716502222,,2.68713628306373,3.9585891163799385,3.9955475514128915,31.28315938782417,18
264.2999999999916,0.10000000000000001,2643,50,310.61995530917113,,2.686525389138958,3.9581888018865432,3.995090505736242,31.286046790386262,18
264.39999999999162,0.10000000000000001,2644,50,310.62064692133106,,2.6859122934077684,3.9577906554738269,3.9946356666944793,31.2890897399155,18
264.49999999999164,0.10000000000000001,2645,50,310.62134227044186,,2.6852976749848669,3.9573913090039481,3.9941823565202532,31.292285073372025,18
264.59999999999167,0.10000000000000001,2646,50,310.62204162546703,,2.684686324270277,3.9569704944002164,3.9937257971969666,31.295696342527588,18
264.69999999999169,0.10000000000000001,2647,50,310.62274532679555,,2.684077378917304,3.9565486051059287,3.993266695464242,31.29972221075888,18
264.79999999999171,0.10000000000000001,2648,50,310.62345430000164,,2.6834709447171763,3.9561242233170586,3.9928147748020564,31.303860086232149,18
264.89999999999173,0.10000000000000001,2649,50,310.62416858317164,,2.682873688216171,3.9556907345839694,3.992400354434158,31.308090607733746,18
264.99999999999176,0.10000000000000001,2650,50,310.62488810777489,,2.6822739168311829,3.9552597402817327,3.9919961869092142,31.312442753977532,18
265.09999999999178,0.10000000000000001,2651,50,310.62561289395114,,2.6816711621716687,3.9548317050208026,3.9915949961475241,31.31690669896868,18
265.1999999999918,0.10000000000000001,2652,50,310.62634298854488,,2.681064837193821,3.9544072111656994,3.9911973677561798,31.321477562186416,18
265.29999999999183,0.10000000000000001,2653,50,310.62707844740567,,2.680456123051715,3.9539850866595208,3.9908021234420126,31.326156870467639,18
265.39999999999185,0.10000000000000001,2654,50,310.62781934374993,,2.6798443542953185,3.9535788153682434,3.9904099270710391,31.330925246609691,18
265.49999999999187,0.10000000000000001,2655,50,310.62856574060066,,2.6792283957484004,3.9531703452608387,3.9900219117106959,31.335776725840727,18
265.59999999999189,0.10000000000000001,2656,50,310.62931771575086,,2.6786102680941744,3.9527617888859741,3.9896359482569625,31.340708342498363,18
265.69999999999192,0.10000000000000001,2657,50,310.63007534899702,,2.6779895973078114,3.9523557341537456,3.989229034767436,31.345356492718363,18
265.79999999999194,0.10000000000000001,2658,50,310.63083816470294,,2.6773698576345968,3.9519487356430356,3.9888207386976644,31.349722787004694,18
265.89999999999196,0.10000000000000001,2659,50,310.63160569768036,,2.6767538421589401,3.9515380241401759,3.9884087168326752,31.353784381019807,18
265.99999999999199,0.10000000000000001,2660,50,310.63237744405194,,2.6761404965853535,3.9511246471328203,3.9879940222355637,31.35760529041394,18
266.09999999999201,0.10000000000000001,2661,50,310.63315302114364,,2.6755290686686477,3.9507093521861925,3.987577406541762,31.361232145591185,18
266.19999999999203,0.10000000000000001,2662,50,310.63393212689789,,2.6749117209441122,3.9502999144814281,3.9871666928973539,31.364664976172079,18
266.29999999999205,0.10000000000000001,2663,50,310.63471453672884,,2.6742928791101335,3.949891682385303,3.9867574661637621,31.367933158646547,18
266.39999999999208,0.10000000000000001,2664,50,310.63550011344739,,2.6736786769418748,3.9494770593715782,3.986343605420799,31.37110728790169,18
266.4999999999921,0.10000000000000001,2665,50,310.63628880986465,,2.6730614653098757,3.9490654858299616,3.9858773076178462,31.374889066773854,18
266.59999999999212,0.10000000000000001,2666,50,310.63708170164949,,2.6724450600886871,3.9486531020711517,3.9854025479365327,31.378628697028098,18
266.69999999999214,0.10000000000000001,2667,50,310.6378787646039,,2.671830276453067,3.9482390992310163,3.9849261818185342,31.38231002765033,18
266.79999999999217,0.10000000000000001,2668,50,310.63867993444626,,2.6712165245132953,3.9478240620338627,3.9844487991124016,31.385939611241099,18
266.89999999999219,0.10000000000000001,2669,50,310.63948513798397,,2.6706031200837828,3.9474086687189223,3.9839964010028619,31.389521251672861,18
266.99999999999221,0.10000000000000001,2670,50,310.64029429335454,,2.6699885800821832,3.946994389840174,3.9835683894413574,31.393093380533813,18
267.09999999999224,0.10000000000000001,2671,50,310.64110735807304,,2.6693725567620747,3.9465815699991684,3.983141861871331,31.396785035627122,18
267.19999999999226,0.10000000000000001,2672,50,310.64192447435676,,2.6687511433239259,3.9461740835180565,3.9827207136985567,31.400766511882399,18
267.29999999999228,0.10000000000000001,2673,50,310.64274604513571,,2.668121909043625,3.9457778485594797,3.9823073694782467,31.405450444276738,18
267.3999999999923,0.10000000000000001,2674,50,310.64357314001325,,2.6674869925047222,3.9453817373494808,3.9818996985708148,31.410397690197353,18
267.49999999999233,0.10000000000000001,2675,50,310.64440612543581,,2.6668453393932956,3.9449923158535736,3.9814987531980148,31.415556914206697,18
267.59999999999235,0.10000000000000001,2676,50,310.64524531612932,,2.666197744081817,3.944608798043777,3.9811037425938265,31.420926107500954,18
267.69999999999237,0.10000000000000001,2677,50,310.64609101386611,,2.665546211388687,3.9442291977797637,3.9807126689483381,31.426517711898267,18
267.79999999999239,0.10000000000000001,2678,50,310.64694353944577,,2.6648913252710607,3.9438529380593201,3.9803249505801825,31.432285454891069,18
267.89999999999242,0.10000000000000001,2679,50,310.64780314137619,,2.6642334578176405,3.9434796521014333,3.9799402169266909,31.438204136554489,18
267.99999999999244,0.10000000000000001,2680,50,310.64867003186299,,2.663572747023732,3.9431092053527061,3.9795583307389668,31.444282341044378,18
268.09999999999246,0.10000000000000001,2681,50,310.64954444114073,,2.6629094723537738,3.9427385016031429,3.9791790136641132,31.450493651198613,18
268.19999999999249,0.10000000000000001,2682,50,310.65042655899043,,2.6622494782427131,3.9423457781173492,3.9788120978818231,31.456909235905265,18
268.29999999999251,0.10000000000000001,2683,50,310.65131665198533,,2.6615941940174634,3.9419521599723617,3.9784284784578086,31.463527563204792,18
268.39999999999253,0.10000000000000001,2684,50,310.65221495910725,,2.6609448372659048,3.94155267620904,3.9780333842274009,31.470217586363727,18
268.49999999999255,0.10000000000000001,2685,50,310.65312147005028,,2.6603098211342378,3.941138989332007,3.9776239966339282,31.476956783457595,18
268.59999999999258,0.10000000000000001,2686,50,310.65403606704012,,2.6596722356739178,3.9407278657313007,3.977217173718314,31.483750185117863,18
268.6999999999926,0.10000000000000001,2687,50,310.65495867077374,,2.6590322614160788,3.94031912845375,3.9768127360878669,31.490617827605572,18
268.79999999999262,0.10000000000000001,2688,50,310.65588927672979,,2.6583899546728746,3.9399127237416258,3.9764106281664358,31.497526381703732,18
268.89999999999264,0.10000000000000001,2689,50,310.65682784690398,,2.6577446903145381,3.939509273345343,3.9760114737873389,31.504343483792191,18
268.99999999999267,0.10000000000000001,2690,50,310.6577741334637,,2.6570971853767209,3.9391371024089734,3.9756145586007579,31.511252401919847,18
269.09999999999269,0.10000000000000001,2691,50,310.6587281958457,,2.6564477106012481,3.9387707536604291,3.9752196131217357,31.518280469257594,18
269.19999999999271,0.10000000000000001,2692,50,310.6596901394509,,2.6557961336693729,3.9383998123091786,3.974826769644995,31.525417058485679,18
269.29999999999274,0.10000000000000001,2693,50,310.66066005572526,,2.6551422274007317,3.9380188223976846,3.9744362550783241,31.532125182985787,18
269.39999999999276,0.10000000000000001,2694,50,310.66163720529187,,2.6544883914871726,3.937637769055752,3.9740456771890051,31.538544070374748,18
269.49999999999278,0.10000000000000001,2695,50,310.66262109504095,,2.6538369481499178,3.9372543501396744,3.9736527204762746,31.54477426495481,18
269.5999999999928,0.10000000000000001,2696,50,310.66361139443319,,2.653185054764819,3.9368713820530745,3.973260218670295,31.550867043276025,18
269.69999999999283,0.10000000000000001,2697,50,310.66460786656438,,2.6525326624747665,3.9364889124579299,3.9728682204152599,31.556868226797633,18
269.79999999999285,0.10000000000000001,2698,50,310.66561035049642,,2.6518682904028106,3.9361183182695654,3.9724881727339927,31.562810490514046,18
269.89999999999287,0.10000000000000001,2699,50,310.66661884283667,,2.651197127093031,3.9357545332717248,3.9721149044523449,31.568694458101689,18
269.99999999999289,0.10000000000000001,2700,50,310.6676333865571,,2.650528432404907,3.9353893515615788,3.9717395171594712,31.574468412181041,18
270.09999999999292,0.10000000000000001,2701,50,310.66865389002783,,2.6498527329275725,3.935035236622435,3.9713570274794794,31.579519320465842,18
270.19999999999294,0.10000000000000001,2702,50,310.66967927103667,,2.6491771102937349,3.9346810462838158,3.9709925774430928,31.584479598738806,18
270.29999999999296,0.10000000000000001,2703,50,310.67070948082727,,2.6485002016015811,3.9343281307145239,3.9706294182215034,31.5893809475917,18
270.39999999999299,0.10000000000000001,2704,50,310.67174445827362,,2.647824225585973,3.9339742908782069,3.9702653376644803,31.594237857299397,18
270.49999999999301,0.10000000000000001,2705,50,310.67278414475038,,2.6471485308135714,3.9336201719199653,3.9699009848261695,31.599053273979717,18
270.59999999999303,0.10000000000000001,2706,50,310.67382847158501,,2.6464722975005084,3.9332665858357929,3.9695371767947414,31.603873760035881,18
270.69999999999305,0.10000000000000001,2707,50,310.67487742635234,,2.6457967248138181,3.9329123440473364,3.9691727179379668,31.608872345345734,18
270.79999999999308,0.10000000000000001,2708,50,310.67593126118095,,2.6451300018809483,3.9325493317553297,3.9687994433909872,31.614286852369272,18
270.8999999999931,0.10000000000000001,2709,50,310.6769905244924,,2.6444796897332941,3.9321778831211183,3.9684098128735692,31.620595316193441,18
270.99999999999312,0.10000000000000001,2710,50,310.67805637702111,,2.643829182023071,3.9317919868852753,3.9680203794272817,31.627209783572685,18
271.09999999999314,0.10000000000000001,2711,50,310.67912903241631,,2.6431819735234927,3.9314028323096251,3.9676276589826962,31.634039309872698,18
271.19999999999317,0.10000000000000001,2712,50,310.68020857668921,,2.6425311017423487,3.9310173201427334,3.9672385924531635,31.641256014080465,18
271.29999999999319,0.10000000000000001,2713,50,310.68129543949442,,2.6418770673897711,3.9306349559995346,3.9668526815207192,31.648971715949898,18
271.39999999999321,0.10000000000000001,2714,50,310.682390281697,,2.6412165668961638,3.9302590143010803,3.9664732204894473,31.657014706215641,18
271.49999999999324,0.10000000000000001,2715,50,310.68349352037291,,2.6405502206073894,3.9298888817363045,3.9660995921958633,31.665264616890891,18
271.59999999999326,0.10000000000000001,2716,50,310.68460540426702,,2.6398664627670838,3.929536017028981,3.9657433284152805,31.673859996029517,18
271.69999999999328,0.10000000000000001,2717,50,310.68572653574,,2.639170521352745,3.9291944575905675,3.9653992206659145,31.682654804556527,18
271.7999999999933,0.10000000000000001,2718,50,310.68685733375901,,2.6384726902435052,3.9288478377046645,3.9650676355019114,31.691469508182042,18
271.89999999999333,0.10000000000000001,2719,50,310.68799788407517,,2.6377638723456172,3.9284997248823581,3.9647155606038091,31.697575609954967,18
271.99999999999335,0.10000000000000001,2720,50,310.68914391817384,,2.6370557217679185,3.9281509587360679,3.9643789843882686,31.703471876564333,18
272.09999999999337,0.10000000000000001,2721,50,310.6902952975658,,2.6363493317368123,3.9278004561253015,3.9640506473817392,31.709295767457366,18
272.19999999999339,0.10000000000000001,2722,50,310.69145203125555,,2.6356442175068491,3.9274486967968389,3.9637210509602667,31.715054226543096,18
272.29999999999342,0.10000000000000001,2723,50,310.69261408610623,,2.6349401413582862,3.9270959158200163,3.9633904313994841,31.720749975152877,18
272.39999999999344,0.10000000000000001,2724,50,310.69378140259477,,2.6342363526514476,3.9267428561837749,3.9630595364348671,31.726418750479208,18
272.49999999999346,0.10000000000000001,2725,50,310.69495395272742,,2.6335324144491778,3.9263899501376587,3.9627288011609325,31.732183620636114,18
272.59999999999349,0.10000000000000001,2726,50,310.69613188145075,,2.6328265255615779,3.926064144438814,3.9624000209264083,31.738272402374271,18
272.69999999999351,0.10000000000000001,2727,50,310.69731567739785,,2.6321166816740549,3.9257560149178508,3.9620751940019425,31.745060657020218,18
272.79999999999353,0.10000000000000001,2728,50,310.69850640946061,,2.6314027462615526,3.9254526086326034,3.9617544571340932,31.752130801909736,18
272.89999999999355,0.10000000000000001,2729,50,310.69970447174887,,2.6306834239145269,3.9251545381398101,3.9614391023438871,31.759407911414939,18
272.99999999999358,0.10000000000000001,2730,50,310.70091015924561,,2.6299595827942381,3.9248609452004586,3.9611282651924937,31.767086911662663,18
273.0999999999936,0.10000000000000001,2731,50,310.70212408795624,,2.6292322122267398,3.9245708515135225,3.9608209602158078,31.775265152494732,18
273.19999999999362,0.10000000000000001,2732,50,310.70334703545223,,2.6285018351772198,3.9242837403170596,3.9605166665807241,31.783753374774623,18
273.29999999999364,0.10000000000000001,2733,50,310.70457947023084,,2.6277686473174104,3.9239994189110412,3.96021518962305,31.792422988629745,18
273.39999999999367,0.10000000000000001,2734,50,310.7058216519365,,2.6270330208203152,3.9237175198247876,3.9599161586496501,31.801412284727135,18
273.49999999999369,0.10000000000000001,2735,50,310.70707407560815,,2.6262950437487445,3.9234358215532374,3.959619486283648,31.81055406497676,18
273.59999999999371,0.10000000000000001,2736,50,310.7083369601238,,2.6255619808965203,3.9231348703284668,3.9593321878424144,31.819844695822017,18
273.69999999999374,0.10000000000000001,2737,50,310.70961046282719,,2.6248334476766857,3.9228307803637401,3.9590290485810051,31.829446683996238,18
273.79999999999376,0.10000000000000001,2738,50,310.7108949269325,,2.624110593624855,3.92252106393122,3.9586975972430936,31.839139903529635,18
273.89999999999378,0.10000000000000001,2739,50,310.71219026987876,,2.6234029746396321,3.922196263428448,3.9583562791733442,31.848840017896322,18
273.9999999999938,0.10000000000000001,2740,50,310.71349619575108,,2.6226930430415458,3.9218737486423318,3.958017267356325,31.858524633321856,18
274.09999999999383,0.10000000000000001,2741,50,310.71481242535322,,2.6219803789465654,3.9215539358341718,3.9576809810282172,31.868251171723347,18
274.19999999999385,0.10000000000000001,2742,50,310.716138833191,,2.6212642550360901,3.9212375454671666,3.9573481459895765,31.877952043743413,18
274.29999999999387,0.10000000000000001,2743,50.000000000000007,310.7174752056323,,2.6205457203324003,3.920923539897851,3.9570177174621053,31.887439606732187,18
274.3999999999939,0.10000000000000001,2744,50,310.71882103807087,,2.6198140617858141,3.920622522059277,3.9567003748658403,31.896972263830875,18
274.49999999999392,0.10000000000000001,2745,50,310.72017633909843,,2.6190581747552435,3.9203393286120032,3.9564071901795139,31.906658090106443,18
274.59999999999394,0.10000000000000001,2746,50,310.72154142842658,,2.6182945790281096,3.9200431646532086,3.9561217019891157,31.916437965933099,18
274.69999999999396,0.10000000000000001,2747,50,310.72291652737152,,2.6175196721433682,3.9197526201569346,3.9558475025107982,31.925726280745945,18
274.79999999999399,0.10000000000000001,2748,50,310.72430096705324,,2.6167447101243964,3.9194621464960639,3.9555733743578987,31.93467631002769,18
274.89999999999401,0.10000000000000001,2749,50,310.72569430275632,,2.6159732415456518,3.919168231732276,3.9552957800650761,31.943419522172814,18
274.99999999999403,0.10000000000000001,2750,50,310.72709627186862,,2.6152051239576526,3.9188710159958666,3.955014860410885,31.952002385204615,18
275.09999999999405,0.10000000000000001,2751,50,310.72850666250793,,2.6144391293656657,3.9185717132901465,3.9547318382333021,31.960471078998541,18
275.19999999999408,0.10000000000000001,2752,50,310.72992531013705,,2.6136768071614846,3.918268790339428,3.9544451684092383,31.968838494561602,18
275.2999999999941,0.10000000000000001,2753,50,310.73135206115444,,2.6129190272217562,3.9179610389062685,3.9541539828024064,31.977116120138984,18
275.39999999999412,0.10000000000000001,2754,50,310.73278678309816,,2.6121709519794978,3.9176397190461287,3.9538577069064496,31.985353412569815,18
275.49999999999415,0.10000000000000001,2755,50,310.73422938513039,,2.6114308109278346,3.9172986416168953,3.9535310737432163,31.995301286858517,18
275.59999999999417,0.10000000000000001,2756,50,310.73568246647403,,2.6106964036927032,3.9169519097373446,3.9532095658463242,32.005528890634643,18
275.69999999999419,0.10000000000000001,2757,50,310.73714623359001,,2.6099738311748242,3.9165934911497744,3.9528789366038306,32.015894109378394,18
275.79999999999421,0.10000000000000001,2758,50,310.73862063957478,,2.6092479994417523,3.9162383098147679,3.9525515598152197,32.026420877930896,18
275.89999999999424,0.10000000000000001,2759,50,310.7401057310214,,2.608518885986546,3.9158863869473981,3.9522274587429038,32.037099972010324,18
275.99999999999426,0.10000000000000001,2760,50,310.74160158679831,,2.6077853765353289,3.915538823049709,3.951907744664986,32.047921946251961,18
276.09999999999428,0.10000000000000001,2761,50,310.7431082866255,,2.6070471495664522,3.9151965090760128,3.9515927388140994,32.058879509639823,18
276.1999999999943,0.10000000000000001,2762,50,310.74462590551627,,2.6062961309942865,3.9148776571436454,3.9512904886002427,32.07002325075139,18
276.29999999999433,0.10000000000000001,2763,50,310.74615465775486,,2.6055256796657535,3.9145989773526622,3.9510076150745612,32.081348389693431,18
276.39999999999435,0.10000000000000001,2764,50,310.74769485819991,,2.6047492076799532,3.9143262238856451,3.9507307564071965,32.092797070341028,18
276.49999999999437,0.10000000000000001,2765,50,310.74924673641624,,2.6039632511311881,3.9140628213753721,3.950463365436264,32.103707112228896,18
276.5999999999944,0.10000000000000001,2766,50,310.75080951556907,,2.6031761831006373,3.9138004950918059,3.9501970998389142,32.114395364790262,18
276.69999999999442,0.10000000000000001,2767,50,310.75238291780158,,2.6023909122211402,3.9135363713382709,3.9499290608747857,32.124966876400592,18
276.79999999999444,0.10000000000000001,2768,50,310.75396679928127,,2.6016087737468245,3.9132691314869259,3.9496579170963582,32.135395107995699,18
276.89999999999446,0.10000000000000001,2769,50,310.75556095115496,,2.6008300680132885,3.9129984796816784,3.9493833680532018,32.14566624740052,18
276.99999999999449,0.10000000000000001,2770,50,310.75716512598916,,2.6000547467836226,3.9127244645314456,3.9491054606424241,32.155878025131081,18
277.09999999999451,0.10000000000000001,2771,50,310.75877922894779,,2.5992827845762472,3.912447490941664,3.9488242192376442,32.165932354414778,18
277.19999999999453,0.10000000000000001,2772,50,310.76040299645229,,2.5985212242648843,3.9121630944796482,3.9485386981981039,32.175842665372627,18
277.29999999999455,0.10000000000000001,2773,50,310.76203613116513,,2.5977697614817399,3.9118708144085002,3.948256020761062,32.187393925833923,18
277.39999999999458,0.10000000000000001,2774,50,310.76368106902697,,2.5970255976569998,3.9115713007156145,3.9479608104575932,32.199179069649809,18
277.4999999999946,0.10000000000000001,2775,50,310.76533787782239,,2.5962960420927281,3.9112573336962688,3.9476510490236252,32.211020827021862,18
277.59999999999462,0.10000000000000001,2776,50,310.76700632010619,,2.595564496495566,3.9109453118310746,3.9473432734427281,32.222939452598517,18
277.69999999999465,0.10000000000000001,2777,50,310.76868626687087,,2.594830613844568,3.9106355785854157,3.9470378301144056,32.23495749230927,18
277.79999999999467,0.10000000000000001,2778,50,310.77037768823101,,2.5940941134305868,3.9103284117949819,3.9467349993613321,32.247059651865307,18
277.89999999999469,0.10000000000000001,2779,50,310.77208056055906,,2.5933553268870932,3.9100234844153063,3.9464344513824683,32.259224830015931,18
277.99999999999471,0.10000000000000001,2780,50,310.77379484621389,,2.5926133561238505,3.9097216839055711,3.9461370815529948,32.271503610920348,18
278.09999999999474,0.10000000000000001,2781,50,310.77552060913496,,2.5918673699452235,3.9094204893166107,3.9458437187617008,32.283923807645358,18
278.19999999999476,0.10000000000000001,2782,50,310.77725797205039,,2.591118104650425,3.9091011346567348,3.9455536301694782,32.296453074104825,18
278.29999999999478,0.10000000000000001,2783,50,310.77900700956008,,2.590365812378097,3.9087809976123498,3.945266565201452,32.308363990831182,18
278.3999999999948,0.10000000000000001,2784,50,310.78076667694927,,2.589613710336919,3.9084607065980399,3.9449793189780245,32.319913798989575,18
278.49999999999483,0.10000000000000001,2785,50,310.78253637494544,,2.5888647877745647,3.9081373085681279,3.944688913144704,32.33122461652983,18
278.59999999999485,0.10000000000000001,2786,50,310.78431570326205,,2.5881149059822879,3.9078148876995398,3.9443994704009921,32.342376211833269,18
278.69999999999487,0.10000000000000001,2787,50,310.78610439333295,,2.587364091589718,3.9074934158482213,3.9441109642032206,32.353427565354473,18
278.7999999999949,0.10000000000000001,2788,50,310.78790227065673,,2.5866020449962628,3.9071830575354602,3.943833655661015,32.364409319073872,18
278.89999999999492,0.10000000000000001,2789,50,310.78970931262626,,2.5858312521366376,3.9068782778360074,3.9435650701865583,32.375325145699314,18
278.99999999999494,0.10000000000000001,2790,50,310.79152556916284,,2.5850636989994324,3.9065502613553065,3.9432938281195131,32.386192423249646,18
279.09999999999496,0.10000000000000001,2791,50,310.7933510680744,,2.5842899286206986,3.9062353755577321,3.9430296827438291,32.397569322715434,18
279.19999999999499,0.10000000000000001,2792,50,310.79518672062551,,2.5835136637104057,3.9059229847363972,3.9427590902785128,32.40891958181642,18
279.29999999999501,0.10000000000000001,2793,50,310.79703250573368,,2.5827362220699026,3.9056117864739006,3.9424896866054868,32.42021315969469,18
279.39999999999503,0.10000000000000001,2794,50,310.79888831613647,,2.5819594872171336,3.9052999204925376,3.9422195952077437,32.431457676065108,18
279.49999999999505,0.10000000000000001,2795,50,310.80075404323355,,2.5811832071127867,3.9049876337865723,3.941949066589677,32.442651857741254,18
279.59999999999508,0.10000000000000001,2796,50,310.80262957027651,,2.5804055216745012,3.9046767597281327,3.9416799531988342,32.453812734760149,18
279.6999999999951,0.10000000000000001,2797,50,310.80451478641356,,2.5796263472616521,3.9043727177301664,3.9414123381442892,32.465072061689654,18
279.79999999999512,0.10000000000000001,2798,50,310.8064097724166,,2.5788444411967024,3.9040976798366938,3.9411474592758169,32.476560313617391,18
279.89999999999515,0.10000000000000001,2799,50,310.80831479419453,,2.5780594442053104,3.9038273642975452,3.9408856748016516,32.488691820231985,18
279.99999999999517,0.10000000000000001,2800,50,310.81023076381399,,2.5772712026854556,3.9035602029717653,3.9406271381383955,32.501077166782196,18
280.09999999999519,0.10000000000000001,2801,50,310.81215797333778,,2.5764781595120652,3.9032977335876939,3.9403719368358847,32.51364260748165,18
280.19999999999521,0.10000000000000001,2802,50,310.81409662489273,,2.5756801566997201,3.9030401137317754,3.9401199292660132,32.526354619307583,18
280.29999999999524,0.10000000000000001,2803,50,310.81604686850943,,2.5748788992414373,3.9027856635965108,3.9398711613447381,32.539174845455946,18
280.39999999999526,0.10000000000000001,2804,50,310.81800880044887,,2.5740757176605982,3.9025330726001362,3.9396243073943866,32.552080540869831,18
280.49999999999528,0.10000000000000001,2805,50,310.81998249563139,,2.5732709918516026,3.9022819675382232,3.939378988743786,32.565063153410883,18
280.5999999999953,0.10000000000000001,2806,50,310.82196802923289,,2.5724652401915158,3.9020318385351129,3.9391346888034255,32.578106692402507,18
280.69999999999533,0.10000000000000001,2807,50,310.82396546248651,,2.5716585860987839,3.9017826077052549,3.9388912844131241,32.591200046835276,18
280.79999999999535,0.10000000000000001,2808,50,310.82597485234027,,2.5708578815297116,3.9015271981153923,3.9386418890333932,32.604334488977685,18
280.89999999999537,0.10000000000000001,2809,50,310.82799618362372,,2.570063423551904,3.901261431911089,3.9383849393664851,32.617655473951295,18
280.9999999999954,0.10000000000000001,2810,50,310.83002965068869,,2.5692772847121521,3.9009874329288645,3.9381175048416073,32.63101655753136,18
281.09999999999542,0.10000000000000001,2811,50,310.83207516347335,,2.5685053512332292,3.9006993996856596,3.9378359247290353,32.644390064711565,18
281.19999999999544,0.10000000000000001,2812,50,310.83413253380729,,2.5677324480173276,3.9004122917008224,3.9375553125199891,32.65781642513334,18
281.29999999999546,0.10000000000000001,2813,50,310.83620168224178,,2.566958113449441,3.9001265651304688,3.9372761275215451,32.671311796920619,18
281.39999999999549,0.10000000000000001,2814,50,310.83828259611306,,2.5661820508968818,3.8998425134206842,3.9369986647302264,32.684883110070814,18
281.49999999999551,0.10000000000000001,2815,50,310.84037529296984,,2.5654044564418337,3.8995599442963669,3.936722728461429,32.698553558731213,18
281.59999999999553,0.10000000000000001,2816,50,310.84247983799941,,2.5646153057994838,3.8992887381453514,3.9364583007943881,32.71237255781211,18
281.69999999999555,0.10000000000000001,2817,50,310.84459644503812,,2.5638046571621786,3.8990382628452007,3.9362152808256847,32.726374582073355,18
281.79999999999558,0.10000000000000001,2818,50,310.84672548946628,,2.5629864099620825,3.8987597937333449,3.9359798258632317,32.740484731503024,18
281.8999999999956,0.10000000000000001,2819,50,310.84886721770516,,2.5621578020534517,3.8984934192419973,3.9357546856433556,32.754048054189852,18
281.99999999999562,0.10000000000000001,2820,50,310.85102087557357,,2.561328583009665,3.898227714179022,3.9355301509969918,32.767319250185245,18
282.09999999999565,0.10000000000000001,2821,50,310.8531861036173,,2.5605007041749199,3.8979607517212007,3.9353042786415378,32.780399898983333,18
282.19999999999567,0.10000000000000001,2822,50,310.85536266690127,,2.5596736305367362,3.8976930549281046,3.9350776012121957,32.793358807607902,18
282.29999999999569,0.10000000000000001,2823,50,310.85755040631182,,2.5588477270398187,3.8974242605511509,3.9348497552301862,32.806249807665154,18
282.39999999999571,0.10000000000000001,2824,50,310.85974922201262,,2.558023373225712,3.8971539912327486,3.9346203627006906,32.819077463516379,18
282.49999999999574,0.10000000000000001,2825,50,310.86195900511939,,2.5572011409466171,3.8968830133447474,3.9343888541852765,32.831841572517931,18
282.59999999999576,0.10000000000000001,2826,50,310.86417963959644,,2.556388685137672,3.896612972781631,3.9341484639572903,32.844570702512144,18
282.69999999999578,0.10000000000000001,2827,50,310.86641099635369,,2.5555843285319657,3.8963452437439052,3.9339115471108319,32.859043607642271,18
282.7999999999958,0.10000000000000001,2828,50,310.86865569259811,,2.5547861294215291,3.8960714966044541,3.9336566449731287,32.873817068587378,18
282.89999999999583,0.10000000000000001,2829,50,310.87091390087897,,2.5540001134619148,3.8957857909847364,3.933389614373402,32.88873765540388,18
282.99999999999585,0.10000000000000001,2830,50,310.87318553563875,,2.5532107439760932,3.8955034252594567,3.9331259246780323,32.903832536314781,18
283.09999999999587,0.10000000000000001,2831,49.999999999999993,310.87547062036424,,2.552418126586117,3.8952242926993836,3.9328654701749666,32.919093896531088,18
283.1999999999959,0.10000000000000001,2832,50,310.87776921939962,,2.5516209109386603,3.894949720943536,3.9326095947993753,32.934512429003142,18
283.29999999999592,0.10000000000000001,2833,50.000000000000007,310.88008140027216,,2.5508188322078054,3.894679968705411,3.9323585616990182,32.950068995170348,18
283.39999999999594,0.10000000000000001,2834,50,310.88240720866384,,2.5500107287329232,3.8944099336443094,3.9321135268992111,32.965722686685183,18
283.49999999999596,0.10000000000000001,2835,50,310.88474663768432,,2.5491971322567482,3.8941310141901173,3.931894363156557,32.981489398378841,18
283.59999999999599,0.10000000000000001,2836,50,310.88709973347994,,2.5483802747832245,3.8938298180464952,3.9316819610733247,32.997300082016181,18
283.69999999999601,0.10000000000000001,2837,50,310.88946644784647,,2.5475600182841776,3.8935302830472693,3.9314729421357275,33.012485602613069,18
283.79999999999603,0.10000000000000001,2838,50,310.89184571646314,,2.546738649861259,3.8932317860376018,3.9312321869439644,33.027157666100734,18
283.89999999999606,0.10000000000000001,2839,50,310.89423667446698,,2.5459184677424083,3.8929320667058391,3.9309775895438377,33.041441042379418,18
283.99999999999608,0.10000000000000001,2840,50,310.89663865317345,,2.5450979229333583,3.8926326525431532,3.9307233361600908,33.055431709204356,18
284.0999999999961,0.10000000000000001,2841,50,310.89905115080455,,2.5442777667194973,3.8923328062431737,3.9304741518252051,33.06923151374869,18
284.19999999999612,0.10000000000000001,2842,50,310.90147384986057,,2.5434486588535155,3.8920417230484166,3.9302500153311,33.082792153791139,18
284.29999999999615,0.10000000000000001,2843,50,310.90390644191478,,2.542609394308605,3.8917589565912967,3.9300359865403522,33.096178702118586,18
284.39999999999617,0.10000000000000001,2844,50,310.90634881122554,,2.5417739890291022,3.8914627299462903,3.9298155452425663,33.10941356722909,18
284.49999999999619,0.10000000000000001,2845,50,310.90880083092509,,2.5409349065023981,3.8911811184006697,3.9296011930851322,33.122882953430953,18
284.59999999999621,0.10000000000000001,2846,50,310.91126300361009,,2.5400936043000528,3.8909016522974853,3.9293673632250736,33.136199728013821,18
284.69999999999624,0.10000000000000001,2847,50,310.9137351499258,,2.5392523383384358,3.890622113574485,3.9291334984704624,33.1493620157541,18
284.79999999999626,0.10000000000000001,2848,50,310.91621705358546,,2.5384137313352939,3.8903399237554197,3.9288969879326201,33.162428289314036,18
284.89999999999628,0.10000000000000001,2849,50,310.91870858857811,,2.5375765676077222,3.8900562801806458,3.9286590414828639,33.175396814074752,18
284.99999999999631,0.10000000000000001,2850,50,310.9212096167081,,2.5367400859425686,3.88977193284305,3.9284204165430392,33.188316405100466,18
285.09999999999633,0.10000000000000001,2851,50,310.92372006617842,,2.5359047625326507,3.8894948523904205,3.928180638920038,33.201435855032784,18
285.19999999999635,0.10000000000000001,2852,50,310.92624025371236,,2.5350757310875549,3.889225220188179,3.9279345987582741,33.214898428162904,18
285.29999999999637,0.10000000000000001,2853,50,310.9287706479268,,2.534258184507002,3.8889442613348755,3.9276771276557536,33.229154994911475,18
285.3999999999964,0.10000000000000001,2854,50,310.93131230556065,,2.5334402820126325,3.8886636192718487,3.9274200109198261,33.243767262239466,18
285.49999999999642,0.10000000000000001,2855,50,310.93386556020829,,2.5326235195175859,3.8883906911573942,3.9271617594782948,33.258587875519105,18
285.59999999999644,0.10000000000000001,2856,50,310.93643051814837,,2.5318026230831459,3.8881234387357462,3.9269076220630748,33.2736354320092,18
285.69999999999646,0.10000000000000001,2857,50,310.93900735797973,,2.5309807807461531,3.8878572113692469,3.9266544253780058,33.288909423995761,18
285.79999999999649,0.10000000000000001,2858,50,310.94159630811873,,2.5301527704446221,3.8875971374068068,3.9264073663030068,33.304398080242386,18
285.89999999999651,0.10000000000000001,2859,50,310.94419760494878,,2.5293183593496966,3.8873434404683813,3.9261666760520777,33.32009409646178,18
285.99999999999653,0.10000000000000001,2860,50,310.94681149347929,,2.5284730148211825,3.8871005731982025,3.9259368649777429,33.336006654458146,18
286.09999999999656,0.10000000000000001,2861,50,310.94943832606702,,2.5276135721769828,3.886872118356167,3.9257210817740131,33.352136561522407,18
286.19999999999658,0.10000000000000001,2862,50,310.95207854284502,,2.5267521727178632,3.8866475144527799,3.9255137053912197,33.368457909123713,18
286.2999999999966,0.10000000000000001,2863,50,310.95473250683204,,2.525883581856422,3.88642022036721,3.9253270519003469,33.383857162392225,18
286.39999999999662,0.10000000000000001,2864,50,310.95739886771361,,2.5250115217917015,3.8861964156574791,3.9251438608951297,33.399172196542452,18
286.49999999999665,0.10000000000000001,2865,50,310.96007762241044,,2.5241390455047021,3.8859730922567355,3.92496109042286,33.414507007314029,18
286.59999999999667,0.10000000000000001,2866,50,310.96276887137782,,2.5232663159113988,3.8857500840930164,3.9247785768318231,33.429857881709481,18
286.69999999999669,0.10000000000000001,2867,50,310.9654726692811,,2.5223933167101453,3.8855274017325212,3.9245964178740116,33.445224863235836,18
286.79999999999671,0.10000000000000001,2868,50,310.96818904603811,,2.5215181411319492,3.885306915572178,3.9244165930207608,33.460611299238167,18
286.89999999999674,0.10000000000000001,2869,50,310.97091800338228,,2.5206403674698574,3.8850890361437789,3.9242393568871883,33.47622070199278,18
286.99999999999676,0.10000000000000001,2870,50,310.97365983394184,,2.519756094162469,3.8848737490469674,3.9240685958572388,33.492142320006323,18
287.09999999999678,0.10000000000000001,2871,50,310.97641494088703,,2.5188643962527122,3.884661304185864,3.9239052313131744,33.508926307626453,18
287.19999999999681,0.10000000000000001,2872,50,310.97918458780896,,2.5179682746698253,3.884415291921131,3.9237462731739678,33.526056995668903,18
287.29999999999683,0.10000000000000001,2873,50,310.9819691949246,,2.5170669013787199,3.8841636373463819,3.9235916950632519,33.543330588687851,18
287.39999999999685,0.10000000000000001,2874,50,310.98476889125652,,2.5161616401575726,3.8839157250052416,3.9234190961375184,33.560649755505111,18
287.49999999999687,0.10000000000000001,2875,50,310.98758365618386,,2.5152533811300701,3.8836706828437917,3.9232267890832957,33.577983458536167,18
287.5999999999969,0.10000000000000001,2876,50,310.99041342499424,,2.5143436631328715,3.8834270009656744,3.9230359079425647,33.595316577261002,18
287.69999999999692,0.10000000000000001,2877,50,310.99325812440787,,2.5134335325616535,3.8831836536824209,3.9228454098808561,33.612642202509768,18
287.79999999999694,0.10000000000000001,2878,50,310.99611768863139,,2.5125228262903425,3.8829408041860782,3.9226554571833492,33.629934874606953,18
287.89999999999696,0.10000000000000001,2879,50,310.99899202530287,,2.511612677652109,3.8826964785848403,3.9224649207953677,33.647196558873596,18
287.99999999999699,0.10000000000000001,2880,50,311.00188106439555,,2.5107129409389346,3.8824368806331773,3.9222651018547383,33.664416212947522,18
288.09999999999701,0.10000000000000001,2881,50,311.0047846582101,,2.5098213915552905,3.8821755716985225,3.9220633694101519,33.681968484860384,18
288.19999999999703,0.10000000000000001,2882,50,311.00770323983352,,2.5089420852802693,3.8819021788013046,3.9218494195590363,33.699528870821894,18
288.29999999999706,0.10000000000000001,2883,50,311.01063664968069,,2.5080786968101147,3.8816130954966201,3.9216195951749353,33.717065388256472,18
288.39999999999708,0.10000000000000001,2884,50,311.01358465029108,,2.507215035737044,3.8813242300642261,3.9213900209417378,33.734687890135717,18
288.4999999999971,0.10000000000000001,2885,50,311.01654723698897,,2.5063507219501826,3.8810359581427205,3.9211647462917458,33.752366595072502,18
288.59999999999712,0.10000000000000001,2886,50,311.01952439948769,,2.5054846097202663,3.8807494070990671,3.9209485308088974,33.770165914938197,18
288.69999999999715,0.10000000000000001,2887,50,311.02251624961434,,2.5046153868663854,3.8804844787928721,3.9207366888125263,33.788146656634623,18
288.79999999999717,0.10000000000000001,2888,50,311.02552300068976,,2.5037287322407176,3.8802516747836857,3.9205501275664294,33.80641053946924,18
288.89999999999719,0.10000000000000001,2889,50,311.02854509915886,,2.5028124561447167,3.8800479220259718,3.9203930853789566,33.824914523132463,18
288.99999999999721,0.10000000000000001,2890,50,311.03158305308676,,2.5018870410402125,3.8798531131466989,3.9202451655207455,33.843517633671297,18
289.09999999999724,0.10000000000000001,2891,50,311.03463714358026,,2.5009474590380538,3.8796781862215513,3.9201113743380072,33.861518441347954,18
289.19999999999726,0.10000000000000001,2892,50,311.0377065886791,,2.5000045287246762,3.8795094613457768,3.9199725260180069,33.879299280789169,18
289.29999999999728,0.10000000000000001,2893,50,311.04079118722359,,2.4990591243839164,3.8793433144478775,3.9198165818210891,33.896946216242135,18
289.39999999999731,0.10000000000000001,2894,50,311.0438908044913,,2.4981131816474855,3.8791778344658963,3.9196611864120299,33.914566368091158,18
289.49999999999733,0.10000000000000001,2895,50,311.04700543867222,,2.4971669808010359,3.8790127362058571,3.9195060595739575,33.932207564709046,18
289.59999999999735,0.10000000000000001,2896,50,311.05013513543082,,2.4962209463261127,3.8788475933301907,3.9193507775342007,33.949864306858956,18
289.69999999999737,0.10000000000000001,2897,50,311.05327991116252,,2.4952746333523632,3.8786812717995747,3.9191957824507684,33.967537149975833,18
289.7999999999974,0.10000000000000001,2898,50,311.05643976673923,,2.4943386918199626,3.8784904537458211,3.9190259015531881,33.985175691026448,18
289.89999999999742,0.10000000000000001,2899,50,311.05961452854012,,2.4934099779248813,3.8782671750851101,3.918823864771428,34.004411623810526,18
289.99999999999744,0.10000000000000001,2900,50,311.06280650874652,,2.4924936039957637,3.8780316878201466,3.9186095100911205,34.023780594712868,18
290.09999999999746,0.10000000000000001,2901,50,311.06601555201121,,2.4915905691447056,3.8777830134556379,3.9183818452627226,34.043106116567806,18
290.19999999999749,0.10000000000000001,2902,50,311.06924123582075,,2.4906874181118108,3.8775343703836889,3.9181542684574473,34.062496923487494,18
290.29999999999751,0.10000000000000001,2903,50,311.07248341096044,,2.4897832005505522,3.8772866965216761,3.9179233342195565,34.081936179542204,18
290.39999999999753,0.10000000000000001,2904,50,311.07574196931756,,2.4888776556985617,3.8770402523266076,3.9176849726901604,34.101478716931304,18
290.49999999999756,0.10000000000000001,2905,50,311.07901693025906,,2.4879700480139357,3.8767957643495561,3.9174499742781448,34.121187161653211,18
290.59999999999758,0.10000000000000001,2906,50,311.08230843018924,,2.4870477768061061,3.8765656120533758,3.917252702889344,34.141191478580737,18
290.6999999999976,0.10000000000000001,2907,50,311.08561691519094,,2.4860969835035061,3.8763634117436774,3.9170838429270733,34.161446661816932,18
290.79999999999762,0.10000000000000001,2908,50,311.08894289703625,,2.4851362528066772,3.8761398130483364,3.9169248930457683,34.181768907978274,18
290.89999999999765,0.10000000000000001,2909,50,311.09228658946961,,2.4841614274382882,3.8759220445697942,3.9167799894236008,34.201397218908255,18
290.99999999999767,0.10000000000000001,2910,50,311.09564705161932,,2.4831849874646057,3.875715932949046,3.9166367081418021,34.220770923586791,18
291.09999999999769,0.10000000000000001,2911,50,311.09902402956777,,2.48220991420092,3.8755086127733014,3.9164920804598573,34.240009202650967,18
291.19999999999771,0.10000000000000001,2912,50,311.10241741605716,,2.4812332143816862,3.875303014663348,3.9163490844231665,34.25922269166994,18
291.29999999999774,0.10000000000000001,2913,50,311.10582723345453,,2.4802561163292367,3.8750979249946189,3.916206496273742,34.278461064739247,18
291.39999999999776,0.10000000000000001,2914,50,311.10925354300326,,2.4792797889199112,3.8748921889261694,3.9160743309050425,34.297726108060658,18
291.49999999999778,0.10000000000000001,2915,50,311.11269639260104,,2.4783043367820099,3.8746831907545665,3.9159533719180231,34.317013695081599,18
291.59999999999781,0.10000000000000001,2916,50,311.11615581484,,2.4773406666925579,3.8744454114800271,3.9158204642383478,34.336345466813036,18
291.69999999999783,0.10000000000000001,2917,50,311.11963178304569,,2.4763841995187899,3.8741992721599807,3.9156791581135213,34.358080389935274,18
291.79999999999785,0.10000000000000001,2918,50,311.12312792675374,,2.4754364910522972,3.873944635505759,3.9155291399404506,34.380230400111209,18
291.89999999999787,0.10000000000000001,2919,50,311.12664449808653,,2.4744980388022442,3.8736810072996639,3.9153699105723456,34.402579380412362,18
291.9999999999979,0.10000000000000001,2920,50,311.13018140866541,,2.4735548262800009,3.8734221381497078,3.9152154232585583,34.425155436196405,18
292.09999999999792,0.10000000000000001,2921,50,311.13373869877029,,2.4726073792009231,3.8731675076059981,3.9150663948517157,34.447948738130769,18
292.19999999999794,0.10000000000000001,2922,50,311.1373164612466,,2.471654033994076,3.872918743792491,3.9149257057065912,34.470944978277338,18
292.29999999999797,0.10000000000000001,2923,50,311.14091478998569,,2.4706941832500493,3.8727144669642386,3.9147914961733874,34.494092160796839,18
292.39999999999799,0.10000000000000001,2924,50,311.14453370371217,,2.4697235171107916,3.8725048442088474,3.9146680591182323,34.517367583119501,18
292.49999999999801,0.10000000000000001,2925,50,311.14817319520978,,2.4687418902694755,3.8722974954276577,3.9145555403457082,34.540781530921045,18
292.59999999999803,0.10000000000000001,2926,50,311.1518333139731,,2.4677564289944263,3.8720937786825163,3.9144468419768903,34.564120618929323,18
292.69999999999806,0.10000000000000001,2927,50,311.15551380495157,,2.4667663672883098,3.8718944531209107,3.9143287065760823,34.58651159687988,18
292.79999999999808,0.10000000000000001,2928,50,311.1592130977304,,2.4657751515385273,3.8716961448169691,3.9141832921541013,34.608230783789175,18
292.8999999999981,0.10000000000000001,2929,50,311.16293009786483,,2.4647835568772418,3.8714980996320985,3.9139934903854416,34.62946086231247,18
292.99999999999812,0.10000000000000001,2930,50,311.16666398202284,,2.4637930698014889,3.8712988650718789,3.9138025506240948,34.650385013461339,18
293.09999999999815,0.10000000000000001,2931,50,311.17041423875463,,2.4628020681522624,3.8711000376416447,3.9136120882160159,34.671046708887921,18
293.19999999999817,0.10000000000000001,2932,50,311.17418045539273,,2.4618056269514388,3.8709064535553295,3.9134270068561827,34.691436517596934,18
293.29999999999819,0.10000000000000001,2933,50,311.17796229386801,,2.4607903547288332,3.8707292258574437,3.913260638646519,34.711629320065462,18
293.39999999999822,0.10000000000000001,2934,50,311.18175969743612,,2.4597794274563167,3.8705347185809953,3.9130909995740875,34.731548566073485,18
293.49999999999824,0.10000000000000001,2935,50,311.18557242309254,,2.4587681372172465,3.8703463767545427,3.9129274257790638,34.751286611123881,18
293.59999999999826,0.10000000000000001,2936,50,311.18940037777821,,2.4577551246737008,3.8701596470496957,3.9127655277986846,34.770841009446031,18
293.69999999999828,0.10000000000000001,2937,50,311.19324345228296,,2.4567450730714246,3.869969939928926,3.9126006436441889,34.790198990642445,18
293.79999999999831,0.10000000000000001,2938,50,311.19710146806551,,2.4557386159594854,3.8697766369064843,3.912432143444033,34.80944775012712,18
293.89999999999833,0.10000000000000001,2939,50,311.2009743627695,,2.4547349854181788,3.8695804936931006,3.9122584376213565,34.828584865549203,18
293.99999999999835,0.10000000000000001,2940,50,311.20486204919621,,2.4537341469760223,3.8693815466936483,3.9120772398533017,34.847667452111587,18
294.09999999999837,0.10000000000000001,2941,50,311.20876451635417,,2.452734587245383,3.8691812823684018,3.9118947342387091,34.867021608778444,18
294.1999999999984,0.10000000000000001,2942,50,311.21268224660901,,2.4517338148125356,3.8689821461020673,3.9117282230310715,34.886904318003474,18
294.29999999999842,0.10000000000000001,2943,50,311.2166161060091,,2.4507280814087231,3.8687878156499491,3.9115691734490823,34.90785961942634,18
294.39999999999844,0.10000000000000001,2944,50,311.22056776266436,,2.4497169452756129,3.8685771057970673,3.9114155267689377,34.929487295756132,18
294.49999999999847,0.10000000000000001,2945,50,311.22453818439766,,2.4486986713183767,3.8683395587571905,3.9112690074757008,34.951404644861569,18
294.59999999999849,0.10000000000000001,2946,50,311.2285277339659,,2.4476764139939964,3.8681167061309036,3.9111264748359442,34.973634813326591,18
294.69999999999851,0.10000000000000001,2947,50,311.23253683424485,,2.446651435751245,3.8678966992614052,3.9109866708851664,34.996179976130037,18
294.79999999999853,0.10000000000000001,2948,50,311.23656593233574,,2.4456201751070075,3.8676830186180866,3.9108531375532394,35.019001947820996,18
294.89999999999856,0.10000000000000001,2949,50,311.24061540661558,,2.444583824088892,3.8674744865418855,3.9107246870939507,35.042095866538801,18
294.99999999999858,0.10000000000000001,2950,50,311.2446856199391,,2.4435447270550954,3.8672687966846282,3.9106235825585149,35.06545598321194,18
295.0999999999986,0.10000000000000001,2951,50,311.24877693982654,,2.4425023966922415,3.8670626811702964,3.9105365826539287,35.089067894664971,18
295.19999999999862,0.10000000000000001,2952,50,311.25288971858265,,2.4414709491465123,3.8668210017252824,3.9104393499273966,35.112917362032412,18
295.29999999999865,0.10000000000000001,2953,50,311.25702417090389,,2.4404427358177005,3.8665791648450916,3.9103418068547486,35.137750661549582,18
295.39999999999867,0.10000000000000001,2954,50,311.26118166294742,,2.4394251012017438,3.8663271011344005,3.9102337540915495,35.162867415473514,18
295.49999999999869,0.10000000000000001,2955,50,311.26536227597433,,2.4384142451071815,3.8660685259719823,3.9101189691812683,35.188202686502926,18
295.59999999999872,0.10000000000000001,2956,50,311.26956594615979,,2.4373978839056445,3.8658154639726092,3.9100096773567428,35.21379674896621,18
295.69999999999874,0.10000000000000001,2957,50,311.27379275175497,,2.4363762979502628,3.8655676345155023,3.9099013989765043,35.23963431767676,18
295.79999999999876,0.10000000000000001,2958,50,311.27804281315133,,2.4353478840109908,3.8653271803140896,3.909791586812176,35.265695367122596,18
295.89999999999878,0.10000000000000001,2959,50,311.282316240753,,2.4343125005561994,3.8651591145725726,3.9096887236675344,35.291907300672406,18
295.99999999999881,0.10000000000000001,2960,50,311.28661303436934,,2.4332647577679869,3.8649635133509355,3.909598177500897,35.318269923469721,18
296.09999999999883,0.10000000000000001,2961,50,311.29093321364553,,2.4322025826704428,3.8647818855582985,3.9095220144914977,35.344781042406055,18
296.19999999999885,0.10000000000000001,2962,50,311.29527683952568,,2.4311354356839221,3.8646049787428214,3.9094508134962771,35.371094980342939,18
296.29999999999887,0.10000000000000001,2963,50,311.29964346571575,,2.4300628928227712,3.8644332156332166,3.9093593697685352,35.396229562472307,18
296.3999999999989,0.10000000000000001,2964,50,311.30403116689899,,2.4289904940168787,3.8642611804060065,3.9092517094774513,35.420595823947345,18
296.49999999999892,0.10000000000000001,2965,50,311.30843871623279,,2.4279180986030613,3.8640890169119464,3.9090956461196487,35.444346824960512,18
296.59999999999894,0.10000000000000001,2966,50,311.31286510207269,,2.4268476635184162,3.8639148154971661,3.9089307181520532,35.467759481615104,18
296.69999999999897,0.10000000000000001,2967,50,311.3173097684583,,2.4257768136303564,3.8637409059640744,3.9087661618577303,35.49082626120024,18
296.79999999999899,0.10000000000000001,2968,50,311.3217721744889,,2.4247021581174693,3.8635706120201587,3.90860535218403,35.513582639070918,18
296.89999999999901,0.10000000000000001,2969,50,311.3262519264299,,2.4236064699933273,3.8634087493550169,3.908465435918516,35.536108484222325,18
296.99999999999903,0.10000000000000001,2970,50,311.33074893895946,,2.4225137550844833,3.8631611941893604,3.9083219802302382,35.558270585541159,18
297.09999999999906,0.10000000000000001,2971,50,311.33526285369129,,2.421421106622283,3.8629107048634159,3.9081758074514537,35.579874258358252,18
297.19999999999908,0.10000000000000001,2972,50,311.33979298428056,,2.4203229031221722,3.8626655956981377,3.9080351225710719,35.601301428065362,18
297.2999999999991,0.10000000000000001,2973,50,311.34433925587228,,2.4192247889388065,3.8624203475234373,3.9078943077070973,35.622544187839701,18
297.39999999999912,0.10000000000000001,2974,50,311.34890150655423,,2.4181289941311395,3.8621727815472222,3.9077511440757791,35.643685505984671,18
297.49999999999915,0.10000000000000001,2975,50,311.35347966646077,,2.4170355709008549,3.8619228486967603,3.9075987344979604,35.664753859746902,18
297.59999999999917,0.10000000000000001,2976,50,311.35807369953017,,2.4159447190836589,3.8616827152934978,3.9074301328149565,35.685771581147918,18
297.69999999999919,0.10000000000000001,2977,50,311.36268358702517,,2.4148549918576787,3.8615113085202473,3.9072603781229689,35.707107492873085,18
297.79999999999922,0.10000000000000001,2978,50,311.36730987856532,,2.4137759371379044,3.8613294324766967,3.9070973113568415,35.72899844132219,18
297.89999999999924,0.10000000000000001,2979,50,311.37195337853211,,2.4127192105697794,3.861125697625281,3.906922811340749,35.752118739364299,18
297.99999999999926,0.10000000000000001,2980,50,311.37661574659825,,2.4116625339297162,3.8609218690038958,3.9067483001750216,35.776164036591737,18
298.09999999999928,0.10000000000000001,2981,50,311.38129808795048,,2.4106089393239998,3.8607171758314589,3.9065707603018831,35.800549127987068,18
298.19999999999931,0.10000000000000001,2982,50,311.38600056241444,,2.4095527368891032,3.860539984429443,3.9063958486479695,35.825318403631982,18
298.29999999999933,0.10000000000000001,2983,50,311.39072350691816,,2.408492428964804,3.8603670414380313,3.9062250526212887,35.850486859759464,18
298.39999999999935,0.10000000000000001,2984,50,311.39546735214185,,2.4074225987770133,3.8602036270166327,3.9060637569954397,35.876005184944255,18
298.49999999999937,0.10000000000000001,2985,50,311.40023247960801,,2.4063420498398234,3.8600509004101253,3.9059131493376626,35.901884727574192,18
298.5999999999994,0.10000000000000001,2986,50,311.40501935379388,,2.4052493023583774,3.8599102990159921,3.9058247181989971,35.92812707370917,18
298.69999999999942,0.10000000000000001,2987,50,311.40982856430492,,2.4041219847257156,3.8598019299743522,3.905773430574603,35.954753039368526,18
298.79999999999944,0.10000000000000001,2988,50,311.41466095469451,,2.4029860572846853,3.8596909124657928,3.9057316192884874,35.981675487168481,18
298.89999999999947,0.10000000000000001,2989,50,311.41951717542622,,2.40184063806023,3.8595932876501857,3.9057033988204597,36.006797207051207,18
298.99999999999949,0.10000000000000001,2990,50,311.42439459717508,,2.4006807073073517,3.8595100716624158,3.905689667195579,36.03181142073516,18
299.09999999999951,0.10000000000000001,2991,50,311.42929332988268,,2.3995144718412216,3.8594332353180731,3.9056822594474263,36.056929615825169,18
299.19999999999953,0.10000000000000001,2992,50,311.43421366094822,,2.3983459204233224,3.8593588691880374,3.9056772045771151,36.082162541463489,18
299.29999999999956,0.10000000000000001,2993,50,311.43915582667171,,2.3971749008148713,3.8592871107535482,3.9056691757213384,36.107501175628485,18
299.39999999999958,0.10000000000000001,2994,50,311.44412000537346,,2.396001897323774,3.8592174759985429,3.9056522839569401,36.132917075028054,18
299.4999999999996,0.10000000000000001,2995,50,311.44910629069994,,2.3948227914702578,3.8591400716598918,3.9056415000959075,36.158659386316387,18
299.59999999999962,0.10000000000000001,2996,50,311.4541151154952,,2.3936309134833031,3.8590479520161556,3.9056434629247017,36.184823715848317,18
299.69999999999965,0.10000000000000001,2997,50,311.45914701937164,,2.3924215582269763,3.8589727956001179,3.9056628579340673,36.212212041767671,18
299.79999999999967,0.10000000000000001,2998,50,311.46420379110145,,2.3912037563484652,3.8589057837846634,3.9056906964036235,36.240671620849874,18
299.89999999999969,0.10000000000000001,2999,50,311.46928691749667,,2.3899738788247671,3.8587653088932514,3.9056926354830939,36.269201373289377,18
299.99999999999972,0.10000000000000001,3000,50,311.47439630684863,,2.3887389295186781,3.8586211865834374,3.9056952259785023,36.297766987599289,18
